# opt_chain XSP | epoch 1785183659 | 2026-07-27 16:20:59 | spot 741.32 | exps 20260727 20260728 20260729 20260730 20260731 20260803 20260804 20260805 20260806 20260807 20260810 20260811 20260812 20260813 20260814 20260817 20260818 20260819 20260820 20260821
# fuente cboe_delayed | greeks cboe_delayed | iv cboe_delayed | oi cboe_delayed | vol day.volume(-1 si no cotizo) | bid/ask NO_ENTITLED(-1) | spot_src cboe_delayed_quote spot_edad_s 912 | band 0.1800 vencimientos 20 exp_hasta 2026-08-21
# strike right exp bid ask vol oi iv delta gamma
653.00 C 20260727 -1.00 -1.00 1 0 -1.0000 1.0000 0.000000
653.00 P 20260727 -1.00 -1.00 0 0 -1.0000 0.0000 0.000000
654.00 C 20260727 -1.00 -1.00 0 0 -1.0000 1.0000 0.000000
654.00 P 20260727 -1.00 -1.00 0 0 -1.0000 0.0000 0.000000
655.00 C 20260727 -1.00 -1.00 0 0 -1.0000 1.0000 0.000000
655.00 P 20260727 -1.00 -1.00 0 1 -1.0000 0.0000 0.000000
656.00 C 20260727 -1.00 -1.00 0 0 -1.0000 1.0000 0.000000
656.00 P 20260727 -1.00 -1.00 0 0 -1.0000 0.0000 0.000000
657.00 C 20260727 -1.00 -1.00 1 0 -1.0000 1.0000 0.000000
657.00 P 20260727 -1.00 -1.00 0 0 -1.0000 0.0000 0.000000
658.00 C 20260727 -1.00 -1.00 1 0 -1.0000 1.0000 0.000000
658.00 P 20260727 -1.00 -1.00 0 0 -1.0000 0.0000 0.000000
659.00 C 20260727 -1.00 -1.00 0 0 -1.0000 1.0000 0.000000
659.00 P 20260727 -1.00 -1.00 0 0 -1.0000 0.0000 0.000000
660.00 C 20260727 -1.00 -1.00 0 0 -1.0000 1.0000 0.000000
660.00 P 20260727 -1.00 -1.00 0 21 -1.0000 0.0000 0.000000
661.00 C 20260727 -1.00 -1.00 0 0 -1.0000 1.0000 0.000000
661.00 P 20260727 -1.00 -1.00 0 0 -1.0000 0.0000 0.000000
662.00 C 20260727 -1.00 -1.00 0 0 -1.0000 1.0000 0.000000
662.00 P 20260727 -1.00 -1.00 0 0 -1.0000 0.0000 0.000000
663.00 C 20260727 -1.00 -1.00 0 0 -1.0000 1.0000 0.000000
663.00 P 20260727 -1.00 -1.00 0 0 -1.0000 0.0000 0.000000
664.00 C 20260727 -1.00 -1.00 0 0 -1.0000 1.0000 0.000000
664.00 P 20260727 -1.00 -1.00 0 0 -1.0000 0.0000 0.000000
665.00 C 20260727 -1.00 -1.00 0 0 -1.0000 1.0000 0.000000
665.00 P 20260727 -1.00 -1.00 0 5 -1.0000 0.0000 0.000000
666.00 C 20260727 -1.00 -1.00 0 0 -1.0000 1.0000 0.000000
666.00 P 20260727 -1.00 -1.00 0 0 -1.0000 0.0000 0.000000
667.00 C 20260727 -1.00 -1.00 0 0 -1.0000 1.0000 0.000000
667.00 P 20260727 -1.00 -1.00 0 0 -1.0000 0.0000 0.000000
668.00 C 20260727 -1.00 -1.00 0 0 -1.0000 1.0000 0.000000
668.00 P 20260727 -1.00 -1.00 0 0 -1.0000 0.0000 0.000000
669.00 C 20260727 -1.00 -1.00 0 0 -1.0000 1.0000 0.000000
669.00 P 20260727 -1.00 -1.00 0 0 -1.0000 0.0000 0.000000
670.00 C 20260727 -1.00 -1.00 0 0 -1.0000 1.0000 0.000000
670.00 P 20260727 -1.00 -1.00 0 19 -1.0000 0.0000 0.000000
671.00 C 20260727 -1.00 -1.00 0 0 -1.0000 1.0000 0.000000
671.00 P 20260727 -1.00 -1.00 0 0 -1.0000 0.0000 0.000000
672.00 C 20260727 -1.00 -1.00 0 0 -1.0000 1.0000 0.000000
672.00 P 20260727 -1.00 -1.00 0 0 -1.0000 0.0000 0.000000
673.00 C 20260727 -1.00 -1.00 0 0 -1.0000 1.0000 0.000000
673.00 P 20260727 -1.00 -1.00 0 0 -1.0000 0.0000 0.000000
674.00 C 20260727 -1.00 -1.00 0 0 -1.0000 1.0000 0.000000
674.00 P 20260727 -1.00 -1.00 0 0 -1.0000 0.0000 0.000000
675.00 C 20260727 -1.00 -1.00 0 0 -1.0000 1.0000 0.000000
675.00 P 20260727 -1.00 -1.00 0 10 -1.0000 0.0000 0.000000
676.00 C 20260727 -1.00 -1.00 0 0 -1.0000 1.0000 0.000000
676.00 P 20260727 -1.00 -1.00 0 2 -1.0000 0.0000 0.000000
677.00 C 20260727 -1.00 -1.00 0 0 -1.0000 1.0000 0.000000
677.00 P 20260727 -1.00 -1.00 0 1 -1.0000 0.0000 0.000000
678.00 C 20260727 -1.00 -1.00 0 0 -1.0000 1.0000 0.000000
678.00 P 20260727 -1.00 -1.00 0 0 -1.0000 0.0000 0.000000
679.00 C 20260727 -1.00 -1.00 0 0 -1.0000 1.0000 0.000000
679.00 P 20260727 -1.00 -1.00 0 0 -1.0000 0.0000 0.000000
680.00 C 20260727 -1.00 -1.00 0 0 -1.0000 1.0000 0.000000
680.00 P 20260727 -1.00 -1.00 12 640 -1.0000 0.0000 0.000000
681.00 C 20260727 -1.00 -1.00 0 1 -1.0000 1.0000 0.000000
681.00 P 20260727 -1.00 -1.00 0 0 -1.0000 0.0000 0.000000
682.00 C 20260727 -1.00 -1.00 0 0 -1.0000 1.0000 0.000000
682.00 P 20260727 -1.00 -1.00 0 7 -1.0000 0.0000 0.000000
683.00 C 20260727 -1.00 -1.00 0 0 -1.0000 1.0000 0.000000
683.00 P 20260727 -1.00 -1.00 0 3 -1.0000 0.0000 0.000000
684.00 C 20260727 -1.00 -1.00 0 0 -1.0000 1.0000 0.000000
684.00 P 20260727 -1.00 -1.00 0 1 -1.0000 0.0000 0.000000
685.00 C 20260727 -1.00 -1.00 32 32 -1.0000 1.0000 0.000000
685.00 P 20260727 -1.00 -1.00 0 27 -1.0000 0.0000 0.000000
686.00 C 20260727 -1.00 -1.00 0 0 -1.0000 1.0000 0.000000
686.00 P 20260727 -1.00 -1.00 0 0 -1.0000 0.0000 0.000000
687.00 C 20260727 -1.00 -1.00 0 0 -1.0000 1.0000 0.000000
687.00 P 20260727 -1.00 -1.00 0 1 -1.0000 0.0000 0.000000
688.00 C 20260727 -1.00 -1.00 0 0 -1.0000 1.0000 0.000000
688.00 P 20260727 -1.00 -1.00 0 2 -1.0000 0.0000 0.000000
689.00 C 20260727 -1.00 -1.00 0 0 -1.0000 1.0000 0.000000
689.00 P 20260727 -1.00 -1.00 0 1 -1.0000 0.0000 0.000000
690.00 C 20260727 -1.00 -1.00 0 0 -1.0000 1.0000 0.000000
690.00 P 20260727 -1.00 -1.00 0 48 -1.0000 0.0000 0.000000
691.00 C 20260727 -1.00 -1.00 0 0 -1.0000 1.0000 0.000000
691.00 P 20260727 -1.00 -1.00 0 4 -1.0000 0.0000 0.000000
692.00 C 20260727 -1.00 -1.00 0 0 -1.0000 1.0000 0.000000
692.00 P 20260727 -1.00 -1.00 0 10 -1.0000 0.0000 0.000000
693.00 C 20260727 -1.00 -1.00 0 0 -1.0000 1.0000 0.000000
693.00 P 20260727 -1.00 -1.00 0 1 -1.0000 0.0000 0.000000
694.00 C 20260727 -1.00 -1.00 0 0 -1.0000 1.0000 0.000000
694.00 P 20260727 -1.00 -1.00 0 6 -1.0000 0.0000 0.000000
695.00 C 20260727 -1.00 -1.00 32 32 -1.0000 1.0000 0.000000
695.00 P 20260727 -1.00 -1.00 0 33 -1.0000 0.0000 0.000000
696.00 C 20260727 -1.00 -1.00 1 5 -1.0000 1.0000 0.000000
696.00 P 20260727 -1.00 -1.00 0 1 -1.0000 0.0000 0.000000
697.00 C 20260727 -1.00 -1.00 1 1 -1.0000 1.0000 0.000000
697.00 P 20260727 -1.00 -1.00 1 5 -1.0000 0.0000 0.000000
698.00 C 20260727 -1.00 -1.00 0 0 -1.0000 1.0000 0.000000
698.00 P 20260727 -1.00 -1.00 0 0 -1.0000 0.0000 0.000000
699.00 C 20260727 -1.00 -1.00 0 0 -1.0000 1.0000 0.000000
699.00 P 20260727 -1.00 -1.00 0 21 -1.0000 0.0000 0.000000
700.00 C 20260727 -1.00 -1.00 8 11 -1.0000 1.0000 0.000000
700.00 P 20260727 -1.00 -1.00 8 276 -1.0000 0.0000 0.000000
701.00 C 20260727 -1.00 -1.00 0 0 -1.0000 1.0000 0.000000
701.00 P 20260727 -1.00 -1.00 0 1 -1.0000 0.0000 0.000000
702.00 C 20260727 -1.00 -1.00 0 0 -1.0000 1.0000 0.000000
702.00 P 20260727 -1.00 -1.00 0 6 -1.0000 0.0000 0.000000
703.00 C 20260727 -1.00 -1.00 0 0 -1.0000 1.0000 0.000000
703.00 P 20260727 -1.00 -1.00 0 0 -1.0000 0.0000 0.000000
704.00 C 20260727 -1.00 -1.00 3 1 -1.0000 1.0000 0.000000
704.00 P 20260727 -1.00 -1.00 0 1 -1.0000 0.0000 0.000000
705.00 C 20260727 -1.00 -1.00 2 0 -1.0000 1.0000 0.000000
705.00 P 20260727 -1.00 -1.00 1 70 -1.0000 0.0000 0.000000
706.00 C 20260727 -1.00 -1.00 0 35 -1.0000 1.0000 0.000000
706.00 P 20260727 -1.00 -1.00 0 18 -1.0000 0.0000 0.000000
707.00 C 20260727 -1.00 -1.00 0 15 -1.0000 1.0000 0.000000
707.00 P 20260727 -1.00 -1.00 0 1 -1.0000 0.0000 0.000000
708.00 C 20260727 -1.00 -1.00 1 40 -1.0000 1.0000 0.000000
708.00 P 20260727 -1.00 -1.00 0 11 -1.0000 0.0000 0.000000
709.00 C 20260727 -1.00 -1.00 0 33 -1.0000 1.0000 0.000000
709.00 P 20260727 -1.00 -1.00 0 9 -1.0000 0.0000 0.000000
710.00 C 20260727 -1.00 -1.00 0 148 -1.0000 1.0000 0.000000
710.00 P 20260727 -1.00 -1.00 22 603 -1.0000 0.0000 0.000000
711.00 C 20260727 -1.00 -1.00 0 43 -1.0000 1.0000 0.000000
711.00 P 20260727 -1.00 -1.00 10 12 -1.0000 0.0000 0.000000
712.00 C 20260727 -1.00 -1.00 0 130 -1.0000 1.0000 0.000000
712.00 P 20260727 -1.00 -1.00 1 28 -1.0000 0.0000 0.000000
713.00 C 20260727 -1.00 -1.00 0 1 -1.0000 1.0000 0.000000
713.00 P 20260727 -1.00 -1.00 32 43 -1.0000 0.0000 0.000000
714.00 C 20260727 -1.00 -1.00 0 4 -1.0000 1.0000 0.000000
714.00 P 20260727 -1.00 -1.00 16 39 -1.0000 0.0000 0.000000
715.00 C 20260727 -1.00 -1.00 2 5 -1.0000 1.0000 0.000000
715.00 P 20260727 -1.00 -1.00 5 73 -1.0000 0.0000 0.000000
716.00 C 20260727 -1.00 -1.00 0 4 -1.0000 1.0000 0.000000
716.00 P 20260727 -1.00 -1.00 39 14 -1.0000 0.0000 0.000000
717.00 C 20260727 -1.00 -1.00 1 1 -1.0000 1.0000 0.000000
717.00 P 20260727 -1.00 -1.00 19 44 -1.0000 0.0000 0.000000
718.00 C 20260727 -1.00 -1.00 0 0 -1.0000 1.0000 0.000000
718.00 P 20260727 -1.00 -1.00 35 73 -1.0000 0.0000 0.000000
719.00 C 20260727 -1.00 -1.00 0 14 -1.0000 1.0000 0.000000
719.00 P 20260727 -1.00 -1.00 137 69 -1.0000 0.0000 0.000000
720.00 C 20260727 -1.00 -1.00 6 8 -1.0000 1.0000 0.000000
720.00 P 20260727 -1.00 -1.00 72 124 -1.0000 0.0000 0.000000
721.00 C 20260727 -1.00 -1.00 0 20 -1.0000 1.0000 0.000000
721.00 P 20260727 -1.00 -1.00 29 52 -1.0000 0.0000 0.000000
722.00 C 20260727 -1.00 -1.00 0 0 -1.0000 1.0000 0.000000
722.00 P 20260727 -1.00 -1.00 20 158 -1.0000 0.0000 0.000000
723.00 C 20260727 -1.00 -1.00 0 9 -1.0000 1.0000 0.000000
723.00 P 20260727 -1.00 -1.00 126 295 -1.0000 0.0000 0.000000
724.00 C 20260727 -1.00 -1.00 0 0 -1.0000 1.0000 0.000000
724.00 P 20260727 -1.00 -1.00 19 54 -1.0000 0.0000 0.000000
725.00 C 20260727 -1.00 -1.00 14 6 -1.0000 1.0000 0.000000
725.00 P 20260727 -1.00 -1.00 90 438 -1.0000 0.0000 0.000000
726.00 C 20260727 -1.00 -1.00 2 5 -1.0000 1.0000 0.000000
726.00 P 20260727 -1.00 -1.00 91 178 -1.0000 0.0000 0.000000
727.00 C 20260727 -1.00 -1.00 12 3 -1.0000 1.0000 0.000000
727.00 P 20260727 -1.00 -1.00 78 129 -1.0000 0.0000 0.000000
728.00 C 20260727 -1.00 -1.00 5 0 -1.0000 1.0000 0.000000
728.00 P 20260727 -1.00 -1.00 125 216 -1.0000 0.0000 0.000000
729.00 C 20260727 -1.00 -1.00 39 8 -1.0000 1.0000 0.000000
729.00 P 20260727 -1.00 -1.00 607 180 -1.0000 0.0000 0.000000
730.00 C 20260727 -1.00 -1.00 25 21 -1.0000 1.0000 0.000000
730.00 P 20260727 -1.00 -1.00 444 351 -1.0000 0.0000 0.000000
731.00 C 20260727 -1.00 -1.00 38 10 -1.0000 1.0000 0.000000
731.00 P 20260727 -1.00 -1.00 379 242 -1.0000 0.0000 0.000000
732.00 C 20260727 -1.00 -1.00 20 7 -1.0000 1.0000 0.000000
732.00 P 20260727 -1.00 -1.00 739 271 -1.0000 0.0000 0.000000
733.00 C 20260727 -1.00 -1.00 27 16 -1.0000 1.0000 0.000000
733.00 P 20260727 -1.00 -1.00 997 594 -1.0000 0.0000 0.000000
734.00 C 20260727 -1.00 -1.00 20 13 -1.0000 1.0000 0.000000
734.00 P 20260727 -1.00 -1.00 1557 204 -1.0000 0.0000 0.000000
735.00 C 20260727 -1.00 -1.00 111 21 -1.0000 1.0000 0.000000
735.00 P 20260727 -1.00 -1.00 1901 425 -1.0000 0.0000 0.000000
736.00 C 20260727 -1.00 -1.00 94 29 -1.0000 1.0000 0.000000
736.00 P 20260727 -1.00 -1.00 2308 364 -1.0000 0.0000 0.000000
737.00 C 20260727 -1.00 -1.00 908 467 -1.0000 1.0000 0.000000
737.00 P 20260727 -1.00 -1.00 2670 286 -1.0000 0.0000 0.000000
738.00 C 20260727 -1.00 -1.00 1236 28 -1.0000 1.0000 0.000000
738.00 P 20260727 -1.00 -1.00 5188 425 8.0170 0.0000 0.000000
739.00 C 20260727 -1.00 -1.00 2345 94 7.3127 1.0000 0.000000
739.00 P 20260727 -1.00 -1.00 6426 353 5.7557 0.0000 0.000000
740.00 C 20260727 -1.00 -1.00 8229 597 -1.0000 0.9997 0.003600
740.00 P 20260727 -1.00 -1.00 6651 367 3.3771 -0.0003 0.003600
741.00 C 20260727 -1.00 -1.00 8262 421 1.0913 0.9970 0.163300
741.00 P 20260727 -1.00 -1.00 7610 260 1.7727 -0.2667 1.336200
742.00 C 20260727 -1.00 -1.00 10090 369 2.6043 0.0000 0.000000
742.00 P 20260727 -1.00 -1.00 4355 304 -1.0000 -1.0000 0.000000
743.00 C 20260727 -1.00 -1.00 5663 237 5.0308 0.0000 0.000000
743.00 P 20260727 -1.00 -1.00 2622 424 -1.0000 -1.0000 0.000000
744.00 C 20260727 -1.00 -1.00 3623 252 7.3051 0.0000 0.000000
744.00 P 20260727 -1.00 -1.00 2083 269 -1.0000 -1.0000 0.000000
745.00 C 20260727 -1.00 -1.00 4329 2514 -1.0000 0.0000 0.000000
745.00 P 20260727 -1.00 -1.00 3739 203 -1.0000 -1.0000 0.000000
746.00 C 20260727 -1.00 -1.00 2863 298 -1.0000 0.0000 0.000000
746.00 P 20260727 -1.00 -1.00 3168 134 -1.0000 -1.0000 0.000000
747.00 C 20260727 -1.00 -1.00 4808 1085 -1.0000 0.0000 0.000000
747.00 P 20260727 -1.00 -1.00 1330 117 -1.0000 -1.0000 0.000000
748.00 C 20260727 -1.00 -1.00 2367 954 -1.0000 0.0000 0.000000
748.00 P 20260727 -1.00 -1.00 412 66 -1.0000 -1.0000 0.000000
749.00 C 20260727 -1.00 -1.00 2914 937 -1.0000 0.0000 0.000000
749.00 P 20260727 -1.00 -1.00 235 132 -1.0000 -1.0000 0.000000
750.00 C 20260727 -1.00 -1.00 1741 1005 -1.0000 0.0000 0.000000
750.00 P 20260727 -1.00 -1.00 160 168 -1.0000 -1.0000 0.000000
751.00 C 20260727 -1.00 -1.00 1142 287 -1.0000 0.0000 0.000000
751.00 P 20260727 -1.00 -1.00 76 50 -1.0000 -1.0000 0.000000
752.00 C 20260727 -1.00 -1.00 637 353 -1.0000 0.0000 0.000000
752.00 P 20260727 -1.00 -1.00 541 685 -1.0000 -1.0000 0.000000
753.00 C 20260727 -1.00 -1.00 176 139 -1.0000 0.0000 0.000000
753.00 P 20260727 -1.00 -1.00 503 606 -1.0000 -1.0000 0.000000
754.00 C 20260727 -1.00 -1.00 180 146 -1.0000 0.0000 0.000000
754.00 P 20260727 -1.00 -1.00 32 67 -1.0000 -1.0000 0.000000
755.00 C 20260727 -1.00 -1.00 145 126 -1.0000 0.0000 0.000000
755.00 P 20260727 -1.00 -1.00 78 86 -1.0000 -1.0000 0.000000
756.00 C 20260727 -1.00 -1.00 30 73 -1.0000 0.0000 0.000000
756.00 P 20260727 -1.00 -1.00 165 171 -1.0000 -1.0000 0.000000
757.00 C 20260727 -1.00 -1.00 40 102 -1.0000 0.0000 0.000000
757.00 P 20260727 -1.00 -1.00 92 99 -1.0000 -1.0000 0.000000
758.00 C 20260727 -1.00 -1.00 8 54 -1.0000 0.0000 0.000000
758.00 P 20260727 -1.00 -1.00 18 35 -1.0000 -1.0000 0.000000
759.00 C 20260727 -1.00 -1.00 12 46 -1.0000 0.0000 0.000000
759.00 P 20260727 -1.00 -1.00 5 9 -1.0000 -1.0000 0.000000
760.00 C 20260727 -1.00 -1.00 26 113 -1.0000 0.0000 0.000000
760.00 P 20260727 -1.00 -1.00 38 48 -1.0000 -1.0000 0.000000
761.00 C 20260727 -1.00 -1.00 2 38 -1.0000 0.0000 0.000000
761.00 P 20260727 -1.00 -1.00 0 2 -1.0000 -1.0000 0.000000
762.00 C 20260727 -1.00 -1.00 0 103 -1.0000 0.0000 0.000000
762.00 P 20260727 -1.00 -1.00 5 15 -1.0000 -1.0000 0.000000
763.00 C 20260727 -1.00 -1.00 13 20 -1.0000 0.0000 0.000000
763.00 P 20260727 -1.00 -1.00 3 10 -1.0000 -1.0000 0.000000
764.00 C 20260727 -1.00 -1.00 10 26 -1.0000 0.0000 0.000000
764.00 P 20260727 -1.00 -1.00 4 14 -1.0000 -1.0000 0.000000
765.00 C 20260727 -1.00 -1.00 7 99 -1.0000 0.0000 0.000000
765.00 P 20260727 -1.00 -1.00 1 2 -1.0000 -1.0000 0.000000
766.00 C 20260727 -1.00 -1.00 2 28 -1.0000 0.0000 0.000000
766.00 P 20260727 -1.00 -1.00 0 0 -1.0000 -1.0000 0.000000
767.00 C 20260727 -1.00 -1.00 0 30 -1.0000 0.0000 0.000000
767.00 P 20260727 -1.00 -1.00 1 1 -1.0000 -1.0000 0.000000
768.00 C 20260727 -1.00 -1.00 4 44 -1.0000 0.0000 0.000000
768.00 P 20260727 -1.00 -1.00 2 2 -1.0000 -1.0000 0.000000
769.00 C 20260727 -1.00 -1.00 8 21 -1.0000 0.0000 0.000000
769.00 P 20260727 -1.00 -1.00 0 0 -1.0000 -1.0000 0.000000
770.00 C 20260727 -1.00 -1.00 7 56 -1.0000 0.0000 0.000000
770.00 P 20260727 -1.00 -1.00 6 5 -1.0000 -1.0000 0.000000
771.00 C 20260727 -1.00 -1.00 10 11 -1.0000 0.0000 0.000000
771.00 P 20260727 -1.00 -1.00 0 0 -1.0000 -1.0000 0.000000
772.00 C 20260727 -1.00 -1.00 0 7 -1.0000 0.0000 0.000000
772.00 P 20260727 -1.00 -1.00 0 0 -1.0000 -1.0000 0.000000
773.00 C 20260727 -1.00 -1.00 0 11 -1.0000 0.0000 0.000000
773.00 P 20260727 -1.00 -1.00 0 0 -1.0000 -1.0000 0.000000
774.00 C 20260727 -1.00 -1.00 5 21 -1.0000 0.0000 0.000000
774.00 P 20260727 -1.00 -1.00 0 0 -1.0000 -1.0000 0.000000
775.00 C 20260727 -1.00 -1.00 21 35 -1.0000 0.0000 0.000000
775.00 P 20260727 -1.00 -1.00 0 0 -1.0000 -1.0000 0.000000
776.00 C 20260727 -1.00 -1.00 0 6 -1.0000 0.0000 0.000000
776.00 P 20260727 -1.00 -1.00 1 0 -1.0000 -1.0000 0.000000
777.00 C 20260727 -1.00 -1.00 3 0 -1.0000 0.0000 0.000000
777.00 P 20260727 -1.00 -1.00 0 0 -1.0000 -1.0000 0.000000
778.00 C 20260727 -1.00 -1.00 5 28 -1.0000 0.0000 0.000000
778.00 P 20260727 -1.00 -1.00 0 0 -1.0000 -1.0000 0.000000
779.00 C 20260727 -1.00 -1.00 0 0 -1.0000 0.0000 0.000000
779.00 P 20260727 -1.00 -1.00 0 0 -1.0000 -1.0000 0.000000
780.00 C 20260727 -1.00 -1.00 0 35 -1.0000 0.0000 0.000000
780.00 P 20260727 -1.00 -1.00 0 0 -1.0000 -1.0000 0.000000
781.00 C 20260727 -1.00 -1.00 0 0 -1.0000 0.0000 0.000000
781.00 P 20260727 -1.00 -1.00 0 0 -1.0000 -1.0000 0.000000
782.00 C 20260727 -1.00 -1.00 0 1 -1.0000 0.0000 0.000000
782.00 P 20260727 -1.00 -1.00 0 0 -1.0000 -1.0000 0.000000
783.00 C 20260727 -1.00 -1.00 0 0 -1.0000 0.0000 0.000000
783.00 P 20260727 -1.00 -1.00 0 0 -1.0000 -1.0000 0.000000
784.00 C 20260727 -1.00 -1.00 0 1 -1.0000 0.0000 0.000000
784.00 P 20260727 -1.00 -1.00 0 0 -1.0000 -1.0000 0.000000
785.00 C 20260727 -1.00 -1.00 12 13 -1.0000 0.0000 0.000000
785.00 P 20260727 -1.00 -1.00 0 1 -1.0000 -1.0000 0.000000
786.00 C 20260727 -1.00 -1.00 0 0 -1.0000 0.0000 0.000000
786.00 P 20260727 -1.00 -1.00 0 0 -1.0000 -1.0000 0.000000
787.00 C 20260727 -1.00 -1.00 0 0 -1.0000 0.0000 0.000000
787.00 P 20260727 -1.00 -1.00 0 0 -1.0000 -1.0000 0.000000
788.00 C 20260727 -1.00 -1.00 0 0 -1.0000 0.0000 0.000000
788.00 P 20260727 -1.00 -1.00 0 0 -1.0000 -1.0000 0.000000
789.00 C 20260727 -1.00 -1.00 0 0 -1.0000 0.0000 0.000000
789.00 P 20260727 -1.00 -1.00 0 0 -1.0000 -1.0000 0.000000
790.00 C 20260727 -1.00 -1.00 0 10 -1.0000 0.0000 0.000000
790.00 P 20260727 -1.00 -1.00 0 0 -1.0000 -1.0000 0.000000
791.00 C 20260727 -1.00 -1.00 0 0 -1.0000 0.0000 0.000000
791.00 P 20260727 -1.00 -1.00 0 0 -1.0000 -1.0000 0.000000
792.00 C 20260727 -1.00 -1.00 0 0 -1.0000 0.0000 0.000000
792.00 P 20260727 -1.00 -1.00 0 0 -1.0000 -1.0000 0.000000
793.00 C 20260727 -1.00 -1.00 0 0 -1.0000 0.0000 0.000000
793.00 P 20260727 -1.00 -1.00 0 0 -1.0000 -1.0000 0.000000
794.00 C 20260727 -1.00 -1.00 0 0 -1.0000 0.0000 0.000000
794.00 P 20260727 -1.00 -1.00 0 0 -1.0000 -1.0000 0.000000
795.00 C 20260727 -1.00 -1.00 0 0 -1.0000 0.0000 0.000000
795.00 P 20260727 -1.00 -1.00 0 0 -1.0000 -1.0000 0.000000
796.00 C 20260727 -1.00 -1.00 0 0 -1.0000 0.0000 0.000000
796.00 P 20260727 -1.00 -1.00 0 0 -1.0000 -1.0000 0.000000
797.00 C 20260727 -1.00 -1.00 0 0 -1.0000 0.0000 0.000000
797.00 P 20260727 -1.00 -1.00 0 0 -1.0000 -1.0000 0.000000
798.00 C 20260727 -1.00 -1.00 0 0 -1.0000 0.0000 0.000000
798.00 P 20260727 -1.00 -1.00 0 0 -1.0000 -1.0000 0.000000
799.00 C 20260727 -1.00 -1.00 0 0 -1.0000 0.0000 0.000000
799.00 P 20260727 -1.00 -1.00 0 0 -1.0000 -1.0000 0.000000
800.00 C 20260727 -1.00 -1.00 0 4 -1.0000 0.0000 0.000000
800.00 P 20260727 -1.00 -1.00 0 1 -1.0000 -1.0000 0.000000
801.00 C 20260727 -1.00 -1.00 0 0 -1.0000 0.0000 0.000000
801.00 P 20260727 -1.00 -1.00 0 0 -1.0000 -1.0000 0.000000
802.00 C 20260727 -1.00 -1.00 0 0 -1.0000 0.0000 0.000000
802.00 P 20260727 -1.00 -1.00 0 0 -1.0000 -1.0000 0.000000
803.00 C 20260727 -1.00 -1.00 0 0 -1.0000 0.0000 0.000000
803.00 P 20260727 -1.00 -1.00 0 0 -1.0000 -1.0000 0.000000
804.00 C 20260727 -1.00 -1.00 0 0 -1.0000 0.0000 0.000000
804.00 P 20260727 -1.00 -1.00 0 0 -1.0000 -1.0000 0.000000
805.00 C 20260727 -1.00 -1.00 0 1 -1.0000 0.0000 0.000000
805.00 P 20260727 -1.00 -1.00 0 0 -1.0000 -1.0000 0.000000
806.00 C 20260727 -1.00 -1.00 0 0 -1.0000 0.0000 0.000000
806.00 P 20260727 -1.00 -1.00 0 0 -1.0000 -1.0000 0.000000
807.00 C 20260727 -1.00 -1.00 0 0 -1.0000 0.0000 0.000000
807.00 P 20260727 -1.00 -1.00 0 0 -1.0000 -1.0000 0.000000
808.00 C 20260727 -1.00 -1.00 0 0 -1.0000 0.0000 0.000000
808.00 P 20260727 -1.00 -1.00 0 0 -1.0000 -1.0000 0.000000
809.00 C 20260727 -1.00 -1.00 0 0 -1.0000 0.0000 0.000000
809.00 P 20260727 -1.00 -1.00 0 0 -1.0000 -1.0000 0.000000
810.00 C 20260727 -1.00 -1.00 0 3 -1.0000 0.0000 0.000000
810.00 P 20260727 -1.00 -1.00 0 0 -1.0000 -1.0000 0.000000
811.00 C 20260727 -1.00 -1.00 0 0 -1.0000 0.0000 0.000000
811.00 P 20260727 -1.00 -1.00 0 0 -1.0000 -1.0000 0.000000
812.00 C 20260727 -1.00 -1.00 0 0 -1.0000 0.0000 0.000000
812.00 P 20260727 -1.00 -1.00 0 0 -1.0000 -1.0000 0.000000
813.00 C 20260727 -1.00 -1.00 0 0 -1.0000 0.0000 0.000000
813.00 P 20260727 -1.00 -1.00 0 0 -1.0000 -1.0000 0.000000
814.00 C 20260727 -1.00 -1.00 0 0 -1.0000 0.0000 0.000000
814.00 P 20260727 -1.00 -1.00 0 0 -1.0000 -1.0000 0.000000
815.00 C 20260727 -1.00 -1.00 0 1 -1.0000 0.0000 0.000000
815.00 P 20260727 -1.00 -1.00 0 0 -1.0000 -1.0000 0.000000
820.00 C 20260727 -1.00 -1.00 0 0 -1.0000 0.0000 0.000000
820.00 P 20260727 -1.00 -1.00 0 0 -1.0000 -1.0000 0.000000
825.00 C 20260727 -1.00 -1.00 0 0 -1.0000 0.0000 0.000000
825.00 P 20260727 -1.00 -1.00 0 0 -1.0000 -1.0000 0.000000
830.00 C 20260727 -1.00 -1.00 0 0 -1.0000 0.0000 0.000000
830.00 P 20260727 -1.00 -1.00 0 0 -1.0000 -1.0000 0.000000
653.00 C 20260728 -1.00 -1.00 0 0 0.9742 0.9995 0.000100
653.00 P 20260728 -1.00 -1.00 0 0 0.7637 -0.0006 0.000100
654.00 C 20260728 -1.00 -1.00 0 0 0.9712 0.9995 0.000100
654.00 P 20260728 -1.00 -1.00 0 0 0.7552 -0.0006 0.000100
655.00 C 20260728 -1.00 -1.00 0 0 0.9528 0.9995 0.000100
655.00 P 20260728 -1.00 -1.00 0 1 0.7467 -0.0006 0.000100
656.00 C 20260728 -1.00 -1.00 0 0 0.9422 0.9994 0.000100
656.00 P 20260728 -1.00 -1.00 0 0 0.7381 -0.0007 0.000100
657.00 C 20260728 -1.00 -1.00 0 0 0.9315 0.9994 0.000100
657.00 P 20260728 -1.00 -1.00 0 0 0.7296 -0.0007 0.000100
658.00 C 20260728 -1.00 -1.00 0 0 0.9208 0.9994 0.000100
658.00 P 20260728 -1.00 -1.00 0 0 0.7211 -0.0007 0.000100
659.00 C 20260728 -1.00 -1.00 0 0 0.9102 0.9994 0.000100
659.00 P 20260728 -1.00 -1.00 0 0 0.7126 -0.0007 0.000100
660.00 C 20260728 -1.00 -1.00 0 0 0.8996 0.9994 0.000100
660.00 P 20260728 -1.00 -1.00 0 1 0.7447 -0.0007 0.000100
661.00 C 20260728 -1.00 -1.00 0 0 0.8890 0.9994 0.000100
661.00 P 20260728 -1.00 -1.00 0 0 0.7358 -0.0008 0.000100
662.00 C 20260728 -1.00 -1.00 0 0 0.8783 0.9993 0.000100
662.00 P 20260728 -1.00 -1.00 0 0 0.7269 -0.0008 0.000100
663.00 C 20260728 -1.00 -1.00 0 0 0.8677 0.9993 0.000100
663.00 P 20260728 -1.00 -1.00 0 0 0.7180 -0.0008 0.000100
664.00 C 20260728 -1.00 -1.00 0 0 0.8571 0.9993 0.000100
664.00 P 20260728 -1.00 -1.00 0 0 0.7091 -0.0008 0.000100
665.00 C 20260728 -1.00 -1.00 0 0 0.8465 0.9993 0.000100
665.00 P 20260728 -1.00 -1.00 3 4 0.7002 -0.0008 0.000100
666.00 C 20260728 -1.00 -1.00 0 0 0.8360 0.9992 0.000100
666.00 P 20260728 -1.00 -1.00 0 0 0.6913 -0.0009 0.000100
667.00 C 20260728 -1.00 -1.00 0 0 0.8254 0.9992 0.000100
667.00 P 20260728 -1.00 -1.00 0 0 0.6824 -0.0009 0.000100
668.00 C 20260728 -1.00 -1.00 0 0 0.8148 0.9992 0.000100
668.00 P 20260728 -1.00 -1.00 0 0 0.6735 -0.0009 0.000100
669.00 C 20260728 -1.00 -1.00 0 0 0.8042 0.9992 0.000100
669.00 P 20260728 -1.00 -1.00 0 0 0.6647 -0.0009 0.000100
670.00 C 20260728 -1.00 -1.00 0 0 0.8004 0.9992 0.000100
670.00 P 20260728 -1.00 -1.00 0 13 0.6558 -0.0010 0.000100
671.00 C 20260728 -1.00 -1.00 0 0 0.7831 0.9991 0.000100
671.00 P 20260728 -1.00 -1.00 0 0 0.6469 -0.0010 0.000100
672.00 C 20260728 -1.00 -1.00 0 0 0.7726 0.9991 0.000100
672.00 P 20260728 -1.00 -1.00 0 0 0.6381 -0.0010 0.000100
673.00 C 20260728 -1.00 -1.00 0 0 0.7686 0.9991 0.000100
673.00 P 20260728 -1.00 -1.00 0 0 0.6292 -0.0010 0.000100
674.00 C 20260728 -1.00 -1.00 0 0 0.7580 0.9990 0.000100
674.00 P 20260728 -1.00 -1.00 0 0 0.6204 -0.0011 0.000100
675.00 C 20260728 -1.00 -1.00 0 0 0.7474 0.9990 0.000200
675.00 P 20260728 -1.00 -1.00 0 5 0.6115 -0.0011 0.000200
676.00 C 20260728 -1.00 -1.00 0 0 0.7368 0.9990 0.000200
676.00 P 20260728 -1.00 -1.00 0 0 0.6027 -0.0011 0.000200
677.00 C 20260728 -1.00 -1.00 0 0 0.7262 0.9989 0.000200
677.00 P 20260728 -1.00 -1.00 0 0 0.5939 -0.0012 0.000200
678.00 C 20260728 -1.00 -1.00 0 0 0.7156 0.9989 0.000200
678.00 P 20260728 -1.00 -1.00 0 0 0.5850 -0.0012 0.000200
679.00 C 20260728 -1.00 -1.00 0 0 0.7050 0.9989 0.000200
679.00 P 20260728 -1.00 -1.00 0 0 0.5762 -0.0012 0.000200
680.00 C 20260728 -1.00 -1.00 0 0 0.6945 0.9988 0.000200
680.00 P 20260728 -1.00 -1.00 10 49 0.5674 -0.0013 0.000200
681.00 C 20260728 -1.00 -1.00 0 0 0.6839 0.9988 0.000200
681.00 P 20260728 -1.00 -1.00 0 0 0.5586 -0.0013 0.000200
682.00 C 20260728 -1.00 -1.00 0 0 0.6790 0.9988 0.000200
682.00 P 20260728 -1.00 -1.00 0 3 0.5497 -0.0014 0.000200
683.00 C 20260728 -1.00 -1.00 0 0 0.6628 0.9987 0.000200
683.00 P 20260728 -1.00 -1.00 0 0 0.5409 -0.0014 0.000200
684.00 C 20260728 -1.00 -1.00 0 0 0.6522 0.9987 0.000200
684.00 P 20260728 -1.00 -1.00 1 0 0.5321 -0.0014 0.000200
685.00 C 20260728 -1.00 -1.00 0 0 0.6416 0.9986 0.000200
685.00 P 20260728 -1.00 -1.00 0 14 0.5233 -0.0015 0.000200
686.00 C 20260728 -1.00 -1.00 0 0 0.6311 0.9986 0.000200
686.00 P 20260728 -1.00 -1.00 0 0 0.5145 -0.0015 0.000200
687.00 C 20260728 -1.00 -1.00 0 0 0.6205 0.9986 0.000300
687.00 P 20260728 -1.00 -1.00 0 9 0.5057 -0.0016 0.000300
688.00 C 20260728 -1.00 -1.00 0 0 0.6100 0.9985 0.000300
688.00 P 20260728 -1.00 -1.00 0 1 0.4968 -0.0016 0.000300
689.00 C 20260728 -1.00 -1.00 0 0 0.6046 0.9984 0.000300
689.00 P 20260728 -1.00 -1.00 0 1 0.4880 -0.0017 0.000300
690.00 C 20260728 -1.00 -1.00 0 0 0.5940 0.9984 0.000300
690.00 P 20260728 -1.00 -1.00 0 26 0.4792 -0.0017 0.000300
691.00 C 20260728 -1.00 -1.00 0 0 0.5833 0.9983 0.000300
691.00 P 20260728 -1.00 -1.00 0 98 0.4704 -0.0018 0.000300
692.00 C 20260728 -1.00 -1.00 0 0 0.5727 0.9983 0.000300
692.00 P 20260728 -1.00 -1.00 0 8 0.4616 -0.0018 0.000300
693.00 C 20260728 -1.00 -1.00 0 0 0.5621 0.9982 0.000300
693.00 P 20260728 -1.00 -1.00 0 11 0.4528 -0.0019 0.000300
694.00 C 20260728 -1.00 -1.00 0 0 0.5514 0.9982 0.000400
694.00 P 20260728 -1.00 -1.00 9 3 0.4440 -0.0020 0.000400
695.00 C 20260728 -1.00 -1.00 0 0 0.5408 0.9981 0.000400
695.00 P 20260728 -1.00 -1.00 0 35 0.4352 -0.0020 0.000400
696.00 C 20260728 -1.00 -1.00 0 0 0.5302 0.9980 0.000400
696.00 P 20260728 -1.00 -1.00 10 0 0.4264 -0.0021 0.000400
697.00 C 20260728 -1.00 -1.00 0 0 0.5195 0.9980 0.000400
697.00 P 20260728 -1.00 -1.00 6 4 0.4174 -0.0022 0.000400
698.00 C 20260728 -1.00 -1.00 0 0 0.5089 0.9979 0.000400
698.00 P 20260728 -1.00 -1.00 2 0 0.4086 -0.0023 0.000400
699.00 C 20260728 -1.00 -1.00 0 0 0.4982 0.9978 0.000500
699.00 P 20260728 -1.00 -1.00 3 1 0.3998 -0.0024 0.000500
700.00 C 20260728 -1.00 -1.00 9 4 0.4876 0.9977 0.000500
700.00 P 20260728 -1.00 -1.00 98 42 0.3910 -0.0024 0.000500
701.00 C 20260728 -1.00 -1.00 0 0 0.4769 0.9976 0.000500
701.00 P 20260728 -1.00 -1.00 6 6 0.3821 -0.0025 0.000500
702.00 C 20260728 -1.00 -1.00 0 0 0.4662 0.9975 0.000600
702.00 P 20260728 -1.00 -1.00 0 6 0.3733 -0.0026 0.000600
703.00 C 20260728 -1.00 -1.00 0 0 0.4556 0.9974 0.000600
703.00 P 20260728 -1.00 -1.00 0 0 0.3645 -0.0027 0.000600
704.00 C 20260728 -1.00 -1.00 0 0 0.4449 0.9973 0.000600
704.00 P 20260728 -1.00 -1.00 20 0 0.3556 -0.0028 0.000600
705.00 C 20260728 -1.00 -1.00 1 0 0.4381 0.9972 0.000600
705.00 P 20260728 -1.00 -1.00 9 70 0.3468 -0.0030 0.000700
706.00 C 20260728 -1.00 -1.00 0 0 0.4235 0.9971 0.000700
706.00 P 20260728 -1.00 -1.00 0 1 0.3379 -0.0031 0.000700
707.00 C 20260728 -1.00 -1.00 0 0 0.4128 0.9970 0.000700
707.00 P 20260728 -1.00 -1.00 0 5 0.3291 -0.0032 0.000700
708.00 C 20260728 -1.00 -1.00 0 0 0.4020 0.9968 0.000800
708.00 P 20260728 -1.00 -1.00 4 7 0.3202 -0.0033 0.000800
709.00 C 20260728 -1.00 -1.00 0 0 0.3949 0.9967 0.000800
709.00 P 20260728 -1.00 -1.00 2 2 0.3114 -0.0035 0.000800
710.00 C 20260728 -1.00 -1.00 0 0 0.3841 0.9965 0.000900
710.00 P 20260728 -1.00 -1.00 51 50 0.3025 -0.0037 0.000900
711.00 C 20260728 -1.00 -1.00 0 10 0.3732 0.9963 0.001000
711.00 P 20260728 -1.00 -1.00 15 11 0.2936 -0.0038 0.001000
712.00 C 20260728 -1.00 -1.00 0 670 0.3391 0.9961 0.001000
712.00 P 20260728 -1.00 -1.00 33 34 0.2847 -0.0040 0.001000
713.00 C 20260728 -1.00 -1.00 2 681 0.3287 0.9959 0.001100
713.00 P 20260728 -1.00 -1.00 3 16 0.2758 -0.0043 0.001100
714.00 C 20260728 -1.00 -1.00 0 0 0.3405 0.9956 0.001200
714.00 P 20260728 -1.00 -1.00 11 20 0.2668 -0.0045 0.001200
715.00 C 20260728 -1.00 -1.00 8 2 0.3296 0.9954 0.001300
715.00 P 20260728 -1.00 -1.00 11 83 0.2579 -0.0048 0.001300
716.00 C 20260728 -1.00 -1.00 0 0 0.3186 0.9951 0.001400
716.00 P 20260728 -1.00 -1.00 9 9 0.2490 -0.0051 0.001400
717.00 C 20260728 -1.00 -1.00 14 0 0.3076 0.9947 0.001600
717.00 P 20260728 -1.00 -1.00 18 46 0.2400 -0.0055 0.001600
718.00 C 20260728 -1.00 -1.00 0 0 0.2966 0.9942 0.001800
718.00 P 20260728 -1.00 -1.00 12 24 0.2160 -0.0059 0.001800
719.00 C 20260728 -1.00 -1.00 0 0 0.2856 0.9937 0.002000
719.00 P 20260728 -1.00 -1.00 16 44 0.2318 -0.0065 0.002000
720.00 C 20260728 -1.00 -1.00 4 13 0.2688 0.9929 0.002200
720.00 P 20260728 -1.00 -1.00 94 114 0.2224 -0.0072 0.002200
721.00 C 20260728 -1.00 -1.00 26 0 0.2684 0.9920 0.002600
721.00 P 20260728 -1.00 -1.00 76 54 0.2130 -0.0082 0.002600
722.00 C 20260728 -1.00 -1.00 2 0 0.2616 0.9907 0.003000
722.00 P 20260728 -1.00 -1.00 111 55 0.2163 -0.0095 0.003000
723.00 C 20260728 -1.00 -1.00 2 2 0.2480 0.9889 0.003600
723.00 P 20260728 -1.00 -1.00 43 37 0.2065 -0.0112 0.003600
724.00 C 20260728 -1.00 -1.00 46 0 0.2566 0.9865 0.004300
724.00 P 20260728 -1.00 -1.00 64 83 0.2052 -0.0138 0.004400
725.00 C 20260728 -1.00 -1.00 0 4 0.2474 0.9832 0.005300
725.00 P 20260728 -1.00 -1.00 96 59 0.2020 -0.0169 0.005300
726.00 C 20260728 -1.00 -1.00 0 4 0.2364 0.9788 0.006600
726.00 P 20260728 -1.00 -1.00 96 32 0.1970 -0.0213 0.006600
727.00 C 20260728 -1.00 -1.00 0 2 0.2291 0.9730 0.008200
727.00 P 20260728 -1.00 -1.00 129 63 0.1954 -0.0271 0.008200
728.00 C 20260728 -1.00 -1.00 22 1 0.2210 0.9655 0.010200
728.00 P 20260728 -1.00 -1.00 124 71 0.1915 -0.0346 0.010200
729.00 C 20260728 -1.00 -1.00 15 1 0.2152 0.9558 0.012600
729.00 P 20260728 -1.00 -1.00 478 92 0.1904 -0.0443 0.012600
730.00 C 20260728 -1.00 -1.00 22 20 0.2092 0.9438 0.015500
730.00 P 20260728 -1.00 -1.00 361 100 0.1878 -0.0564 0.015500
731.00 C 20260728 -1.00 -1.00 34 2 0.2034 0.9288 0.018800
731.00 P 20260728 -1.00 -1.00 531 60 0.1850 -0.0713 0.018800
732.00 C 20260728 -1.00 -1.00 13 3 0.1975 0.9107 0.022700
732.00 P 20260728 -1.00 -1.00 833 126 0.1816 -0.0894 0.022700
733.00 C 20260728 -1.00 -1.00 11 3 0.1926 0.8889 0.027000
733.00 P 20260728 -1.00 -1.00 609 57 0.1788 -0.1112 0.027000
734.00 C 20260728 -1.00 -1.00 10 7 0.1879 0.8630 0.031800
734.00 P 20260728 -1.00 -1.00 614 82 0.1759 -0.1371 0.031800
735.00 C 20260728 -1.00 -1.00 19 8 0.1841 0.8325 0.036900
735.00 P 20260728 -1.00 -1.00 843 130 0.1735 -0.1676 0.036900
736.00 C 20260728 -1.00 -1.00 48 13 0.1796 0.7970 0.042400
736.00 P 20260728 -1.00 -1.00 577 115 0.1697 -0.2031 0.042400
737.00 C 20260728 -1.00 -1.00 114 30 0.1749 0.7561 0.048100
737.00 P 20260728 -1.00 -1.00 759 41 0.1664 -0.2440 0.048100
738.00 C 20260728 -1.00 -1.00 86 20 0.1709 0.7093 0.053700
738.00 P 20260728 -1.00 -1.00 1302 73 0.1631 -0.2908 0.053700
739.00 C 20260728 -1.00 -1.00 504 51 0.1662 0.6565 0.058900
739.00 P 20260728 -1.00 -1.00 1333 65 0.1592 -0.3436 0.058900
740.00 C 20260728 -1.00 -1.00 1452 148 0.1622 0.5979 0.063300
740.00 P 20260728 -1.00 -1.00 1188 233 0.1556 -0.4022 0.063300
741.00 C 20260728 -1.00 -1.00 1573 48 0.1577 0.5344 0.066500
741.00 P 20260728 -1.00 -1.00 765 68 0.1516 -0.4657 0.066500
742.00 C 20260728 -1.00 -1.00 1905 60 0.1533 0.4670 0.068100
742.00 P 20260728 -1.00 -1.00 934 136 0.1472 -0.5331 0.068100
743.00 C 20260728 -1.00 -1.00 1650 46 0.1487 0.3976 0.067600
743.00 P 20260728 -1.00 -1.00 336 34 0.1424 -0.6025 0.067600
744.00 C 20260728 -1.00 -1.00 1255 383 0.1439 0.3280 0.065000
744.00 P 20260728 -1.00 -1.00 307 58 0.1365 -0.6721 0.065000
745.00 C 20260728 -1.00 -1.00 1830 97 0.1395 0.2601 0.060100
745.00 P 20260728 -1.00 -1.00 358 88 0.1312 -0.7400 0.060100
746.00 C 20260728 -1.00 -1.00 3582 151 0.1353 0.1964 0.053000
746.00 P 20260728 -1.00 -1.00 450 35 0.1249 -0.8037 0.053000
747.00 C 20260728 -1.00 -1.00 1162 80 0.1302 0.1400 0.044000
747.00 P 20260728 -1.00 -1.00 92 43 0.1180 -0.8601 0.044000
748.00 C 20260728 -1.00 -1.00 1941 140 0.1260 0.0941 0.034200
748.00 P 20260728 -1.00 -1.00 67 53 0.1086 -0.9060 0.034200
749.00 C 20260728 -1.00 -1.00 517 64 0.1242 0.0603 0.024900
749.00 P 20260728 -1.00 -1.00 23 236 0.0915 -0.9398 0.024900
750.00 C 20260728 -1.00 -1.00 3606 240 0.1241 0.0382 0.017400
750.00 P 20260728 -1.00 -1.00 75 188 -1.0000 -0.9620 0.017400
751.00 C 20260728 -1.00 -1.00 398 142 0.1242 0.0251 0.012200
751.00 P 20260728 -1.00 -1.00 13 37 -1.0000 -0.9750 0.012200
752.00 C 20260728 -1.00 -1.00 346 82 0.1238 0.0177 0.008800
752.00 P 20260728 -1.00 -1.00 25 54 -1.0000 -0.9825 0.008800
753.00 C 20260728 -1.00 -1.00 197 88 0.1302 0.0133 0.006600
753.00 P 20260728 -1.00 -1.00 18 37 -1.0000 -0.9868 0.006600
754.00 C 20260728 -1.00 -1.00 213 160 0.1346 0.0107 0.005200
754.00 P 20260728 -1.00 -1.00 4 15 -1.0000 -0.9894 0.005200
755.00 C 20260728 -1.00 -1.00 79 285 0.1281 0.0088 0.004200
755.00 P 20260728 -1.00 -1.00 22 170 -1.0000 -0.9913 0.004200
756.00 C 20260728 -1.00 -1.00 113 110 0.1365 0.0075 0.003500
756.00 P 20260728 -1.00 -1.00 164 32 -1.0000 -0.9926 0.003500
757.00 C 20260728 -1.00 -1.00 101 61 0.1551 0.0065 0.002900
757.00 P 20260728 -1.00 -1.00 85 11 -1.0000 -0.9936 0.002900
758.00 C 20260728 -1.00 -1.00 33 52 0.1639 0.0057 0.002500
758.00 P 20260728 -1.00 -1.00 9 17 -1.0000 -0.9944 0.002500
759.00 C 20260728 -1.00 -1.00 8 65 0.1726 0.0050 0.002200
759.00 P 20260728 -1.00 -1.00 0 5 -1.0000 -0.9951 0.002200
760.00 C 20260728 -1.00 -1.00 84 211 0.1813 0.0045 0.001900
760.00 P 20260728 -1.00 -1.00 24 1334 0.1875 -0.9956 0.001900
761.00 C 20260728 -1.00 -1.00 45 47 0.1899 0.0041 0.001600
761.00 P 20260728 -1.00 -1.00 0 7 -1.0000 -0.9960 0.001600
762.00 C 20260728 -1.00 -1.00 36 68 0.1985 0.0037 0.001500
762.00 P 20260728 -1.00 -1.00 1 4 -1.0000 -0.9964 0.001500
763.00 C 20260728 -1.00 -1.00 27 59 0.2070 0.0034 0.001300
763.00 P 20260728 -1.00 -1.00 0 0 -1.0000 -0.9967 0.001300
764.00 C 20260728 -1.00 -1.00 23 27 0.2160 0.0032 0.001200
764.00 P 20260728 -1.00 -1.00 4 0 -1.0000 -0.9970 0.001200
765.00 C 20260728 -1.00 -1.00 18 76 0.2244 0.0029 0.001100
765.00 P 20260728 -1.00 -1.00 0 13 -1.0000 -0.9972 0.001100
766.00 C 20260728 -1.00 -1.00 9 23 0.2323 0.0027 0.001000
766.00 P 20260728 -1.00 -1.00 0 2 -1.0000 -0.9974 0.001000
767.00 C 20260728 -1.00 -1.00 48 44 0.2407 0.0026 0.000900
767.00 P 20260728 -1.00 -1.00 0 0 -1.0000 -0.9976 0.000900
768.00 C 20260728 -1.00 -1.00 6 10 0.2492 0.0024 0.000800
768.00 P 20260728 -1.00 -1.00 0 0 -1.0000 -0.9977 0.000800
769.00 C 20260728 -1.00 -1.00 0 80 0.2575 0.0023 0.000700
769.00 P 20260728 -1.00 -1.00 0 0 -1.0000 -0.9978 0.000700
770.00 C 20260728 -1.00 -1.00 6 66 0.2488 0.0021 0.000700
770.00 P 20260728 -1.00 -1.00 5 13 -1.0000 -0.9980 0.000700
771.00 C 20260728 -1.00 -1.00 4 7 0.2740 0.0020 0.000600
771.00 P 20260728 -1.00 -1.00 2 2 -1.0000 -0.9981 0.000600
772.00 C 20260728 -1.00 -1.00 20 28 0.2646 0.0019 0.000600
772.00 P 20260728 -1.00 -1.00 0 0 -1.0000 -0.9982 0.000600
773.00 C 20260728 -1.00 -1.00 0 1 0.2723 0.0018 0.000600
773.00 P 20260728 -1.00 -1.00 0 0 -1.0000 -0.9983 0.000600
774.00 C 20260728 -1.00 -1.00 0 7 0.2799 0.0018 0.000500
774.00 P 20260728 -1.00 -1.00 0 0 -1.0000 -0.9984 0.000500
775.00 C 20260728 -1.00 -1.00 1 20 0.2876 0.0017 0.000500
775.00 P 20260728 -1.00 -1.00 0 0 -1.0000 -0.9984 0.000500
776.00 C 20260728 -1.00 -1.00 0 2 0.2952 0.0016 0.000400
776.00 P 20260728 -1.00 -1.00 0 0 -1.0000 -0.9985 0.000400
777.00 C 20260728 -1.00 -1.00 0 3 0.3028 0.0015 0.000400
777.00 P 20260728 -1.00 -1.00 0 0 -1.0000 -0.9986 0.000400
778.00 C 20260728 -1.00 -1.00 0 1 0.3104 0.0015 0.000400
778.00 P 20260728 -1.00 -1.00 0 0 -1.0000 -0.9986 0.000400
779.00 C 20260728 -1.00 -1.00 8 11 0.3180 0.0014 0.000400
779.00 P 20260728 -1.00 -1.00 0 0 -1.0000 -0.9987 0.000400
780.00 C 20260728 -1.00 -1.00 12 22 0.3255 0.0014 0.000400
780.00 P 20260728 -1.00 -1.00 0 0 -1.0000 -0.9988 0.000400
781.00 C 20260728 -1.00 -1.00 0 1 0.3328 0.0013 0.000300
781.00 P 20260728 -1.00 -1.00 0 0 -1.0000 -0.9988 0.000300
782.00 C 20260728 -1.00 -1.00 0 0 0.3402 0.0013 0.000300
782.00 P 20260728 -1.00 -1.00 0 0 -1.0000 -0.9988 0.000300
783.00 C 20260728 -1.00 -1.00 0 83 0.3477 0.0012 0.000300
783.00 P 20260728 -1.00 -1.00 0 0 -1.0000 -0.9989 0.000300
784.00 C 20260728 -1.00 -1.00 0 0 0.3551 0.0012 0.000300
784.00 P 20260728 -1.00 -1.00 0 0 -1.0000 -0.9989 0.000300
785.00 C 20260728 -1.00 -1.00 0 3 0.3626 0.0011 0.000300
785.00 P 20260728 -1.00 -1.00 0 0 -1.0000 -0.9990 0.000300
786.00 C 20260728 -1.00 -1.00 2 0 0.3699 0.0011 0.000300
786.00 P 20260728 -1.00 -1.00 0 0 -1.0000 -0.9990 0.000300
787.00 C 20260728 -1.00 -1.00 0 0 0.3773 0.0011 0.000200
787.00 P 20260728 -1.00 -1.00 0 0 -1.0000 -0.9990 0.000200
788.00 C 20260728 -1.00 -1.00 0 0 0.3847 0.0010 0.000200
788.00 P 20260728 -1.00 -1.00 0 0 -1.0000 -0.9991 0.000200
789.00 C 20260728 -1.00 -1.00 0 0 0.3920 0.0010 0.000200
789.00 P 20260728 -1.00 -1.00 0 0 -1.0000 -0.9991 0.000200
790.00 C 20260728 -1.00 -1.00 0 4 0.3993 0.0010 0.000200
790.00 P 20260728 -1.00 -1.00 0 1 -1.0000 -0.9992 0.000200
791.00 C 20260728 -1.00 -1.00 0 0 0.4066 0.0009 0.000200
791.00 P 20260728 -1.00 -1.00 0 0 -1.0000 -0.9992 0.000200
792.00 C 20260728 -1.00 -1.00 0 0 0.4139 0.0009 0.000200
792.00 P 20260728 -1.00 -1.00 0 0 -1.0000 -0.9992 0.000200
793.00 C 20260728 -1.00 -1.00 0 0 0.4211 0.0009 0.000200
793.00 P 20260728 -1.00 -1.00 0 0 -1.0000 -0.9992 0.000200
794.00 C 20260728 -1.00 -1.00 0 0 0.4283 0.0008 0.000200
794.00 P 20260728 -1.00 -1.00 0 0 -1.0000 -0.9993 0.000200
795.00 C 20260728 -1.00 -1.00 0 0 0.4355 0.0008 0.000200
795.00 P 20260728 -1.00 -1.00 0 0 -1.0000 -0.9993 0.000200
796.00 C 20260728 -1.00 -1.00 0 0 0.4427 0.0008 0.000200
796.00 P 20260728 -1.00 -1.00 0 0 -1.0000 -0.9993 0.000200
797.00 C 20260728 -1.00 -1.00 0 0 0.4499 0.0008 0.000200
797.00 P 20260728 -1.00 -1.00 0 0 -1.0000 -0.9993 0.000200
798.00 C 20260728 -1.00 -1.00 0 0 0.4571 0.0008 0.000100
798.00 P 20260728 -1.00 -1.00 0 0 -1.0000 -0.9994 0.000100
799.00 C 20260728 -1.00 -1.00 0 0 0.4642 0.0007 0.000100
799.00 P 20260728 -1.00 -1.00 0 0 -1.0000 -0.9994 0.000100
800.00 C 20260728 -1.00 -1.00 0 27 0.4713 0.0007 0.000100
800.00 P 20260728 -1.00 -1.00 0 1 -1.0000 -0.9994 0.000100
801.00 C 20260728 -1.00 -1.00 0 0 0.4784 0.0007 0.000100
801.00 P 20260728 -1.00 -1.00 0 0 -1.0000 -0.9994 0.000100
802.00 C 20260728 -1.00 -1.00 0 0 0.4855 0.0007 0.000100
802.00 P 20260728 -1.00 -1.00 0 0 -1.0000 -0.9994 0.000100
803.00 C 20260728 -1.00 -1.00 0 0 0.4926 0.0006 0.000100
803.00 P 20260728 -1.00 -1.00 0 0 -1.0000 -0.9995 0.000100
804.00 C 20260728 -1.00 -1.00 0 0 0.4996 0.0006 0.000100
804.00 P 20260728 -1.00 -1.00 0 0 -1.0000 -0.9995 0.000100
805.00 C 20260728 -1.00 -1.00 0 0 0.5066 0.0006 0.000100
805.00 P 20260728 -1.00 -1.00 0 0 -1.0000 -0.9995 0.000100
806.00 C 20260728 -1.00 -1.00 0 0 0.5137 0.0006 0.000100
806.00 P 20260728 -1.00 -1.00 0 0 -1.0000 -0.9995 0.000100
807.00 C 20260728 -1.00 -1.00 0 0 0.5207 0.0006 0.000100
807.00 P 20260728 -1.00 -1.00 0 0 -1.0000 -0.9995 0.000100
808.00 C 20260728 -1.00 -1.00 0 0 0.5276 0.0006 0.000100
808.00 P 20260728 -1.00 -1.00 0 0 -1.0000 -0.9995 0.000100
809.00 C 20260728 -1.00 -1.00 0 0 0.5346 0.0006 0.000100
809.00 P 20260728 -1.00 -1.00 0 0 -1.0000 -0.9996 0.000100
810.00 C 20260728 -1.00 -1.00 0 27 0.5416 0.0005 0.000100
810.00 P 20260728 -1.00 -1.00 0 0 -1.0000 -0.9996 0.000100
811.00 C 20260728 -1.00 -1.00 0 0 0.5485 0.0005 0.000100
811.00 P 20260728 -1.00 -1.00 0 0 -1.0000 -0.9996 0.000100
812.00 C 20260728 -1.00 -1.00 0 0 0.5554 0.0005 0.000100
812.00 P 20260728 -1.00 -1.00 0 0 -1.0000 -0.9996 0.000100
813.00 C 20260728 -1.00 -1.00 0 0 0.5623 0.0005 0.000100
813.00 P 20260728 -1.00 -1.00 0 0 -1.0000 -0.9996 0.000100
814.00 C 20260728 -1.00 -1.00 0 0 0.5692 0.0005 0.000100
814.00 P 20260728 -1.00 -1.00 0 0 -1.0000 -0.9996 0.000100
815.00 C 20260728 -1.00 -1.00 0 1 0.5761 0.0005 0.000100
815.00 P 20260728 -1.00 -1.00 0 0 -1.0000 -0.9996 0.000100
820.00 C 20260728 -1.00 -1.00 0 0 0.6102 0.0004 0.000100
820.00 P 20260728 -1.00 -1.00 0 0 -1.0000 -0.9997 0.000100
825.00 C 20260728 -1.00 -1.00 0 0 0.6440 0.0004 0.000100
825.00 P 20260728 -1.00 -1.00 0 0 -1.0000 -0.9997 0.000100
830.00 C 20260728 -1.00 -1.00 0 0 0.6775 0.0003 0.000000
830.00 P 20260728 -1.00 -1.00 0 0 -1.0000 -0.9998 0.000000
655.00 C 20260729 -1.00 -1.00 0 0 0.6278 0.9994 0.000100
655.00 P 20260729 -1.00 -1.00 0 1 0.5581 -0.0008 0.000100
660.00 C 20260729 -1.00 -1.00 0 0 0.5909 0.9993 0.000100
660.00 P 20260729 -1.00 -1.00 0 4 0.5265 -0.0009 0.000100
665.00 C 20260729 -1.00 -1.00 0 0 0.5542 0.9991 0.000100
665.00 P 20260729 -1.00 -1.00 3 2 0.4951 -0.0011 0.000100
666.00 C 20260729 -1.00 -1.00 0 0 0.5469 0.9990 0.000100
666.00 P 20260729 -1.00 -1.00 0 0 0.4892 -0.0011 0.000100
667.00 C 20260729 -1.00 -1.00 0 0 0.5396 0.9990 0.000100
667.00 P 20260729 -1.00 -1.00 0 0 0.4829 -0.0012 0.000100
668.00 C 20260729 -1.00 -1.00 0 0 0.5323 0.9989 0.000200
668.00 P 20260729 -1.00 -1.00 0 0 0.4766 -0.0012 0.000200
669.00 C 20260729 -1.00 -1.00 0 0 0.5330 0.9989 0.000200
669.00 P 20260729 -1.00 -1.00 0 0 0.4704 -0.0013 0.000200
670.00 C 20260729 -1.00 -1.00 0 0 0.5328 0.9988 0.000200
670.00 P 20260729 -1.00 -1.00 0 15 0.4641 -0.0013 0.000200
671.00 C 20260729 -1.00 -1.00 0 0 0.5254 0.9988 0.000200
671.00 P 20260729 -1.00 -1.00 0 0 0.4578 -0.0014 0.000200
672.00 C 20260729 -1.00 -1.00 0 0 0.5181 0.9987 0.000200
672.00 P 20260729 -1.00 -1.00 0 0 0.4516 -0.0014 0.000200
673.00 C 20260729 -1.00 -1.00 0 0 0.5108 0.9987 0.000200
673.00 P 20260729 -1.00 -1.00 0 0 0.4453 -0.0015 0.000200
674.00 C 20260729 -1.00 -1.00 0 0 0.5034 0.9986 0.000200
674.00 P 20260729 -1.00 -1.00 0 0 0.4391 -0.0016 0.000200
675.00 C 20260729 -1.00 -1.00 0 0 0.4961 0.9985 0.000200
675.00 P 20260729 -1.00 -1.00 0 13 0.4328 -0.0016 0.000200
676.00 C 20260729 -1.00 -1.00 2 0 0.4888 0.9985 0.000200
676.00 P 20260729 -1.00 -1.00 0 0 0.4266 -0.0017 0.000200
677.00 C 20260729 -1.00 -1.00 0 0 0.4815 0.9984 0.000200
677.00 P 20260729 -1.00 -1.00 0 0 0.4204 -0.0018 0.000200
678.00 C 20260729 -1.00 -1.00 0 0 0.4742 0.9983 0.000200
678.00 P 20260729 -1.00 -1.00 0 0 0.4141 -0.0019 0.000300
679.00 C 20260729 -1.00 -1.00 0 0 0.4669 0.9982 0.000300
679.00 P 20260729 -1.00 -1.00 0 0 0.4079 -0.0019 0.000300
680.00 C 20260729 -1.00 -1.00 0 0 0.4596 0.9982 0.000300
680.00 P 20260729 -1.00 -1.00 0 114 0.4016 -0.0020 0.000300
681.00 C 20260729 -1.00 -1.00 0 0 0.4584 0.9981 0.000300
681.00 P 20260729 -1.00 -1.00 0 0 0.4103 -0.0021 0.000300
682.00 C 20260729 -1.00 -1.00 0 0 0.4510 0.9980 0.000300
682.00 P 20260729 -1.00 -1.00 0 0 0.4038 -0.0022 0.000300
683.00 C 20260729 -1.00 -1.00 0 0 0.4378 0.9979 0.000300
683.00 P 20260729 -1.00 -1.00 0 0 0.3974 -0.0023 0.000300
684.00 C 20260729 -1.00 -1.00 0 0 0.4306 0.9978 0.000400
684.00 P 20260729 -1.00 -1.00 0 0 0.3910 -0.0024 0.000400
685.00 C 20260729 -1.00 -1.00 0 0 0.4233 0.9977 0.000400
685.00 P 20260729 -1.00 -1.00 0 613 0.3845 -0.0025 0.000400
686.00 C 20260729 -1.00 -1.00 0 0 0.4218 0.9976 0.000400
686.00 P 20260729 -1.00 -1.00 0 0 0.3888 -0.0026 0.000400
687.00 C 20260729 -1.00 -1.00 0 0 0.4198 0.9974 0.000400
687.00 P 20260729 -1.00 -1.00 0 0 0.3822 -0.0027 0.000400
688.00 C 20260729 -1.00 -1.00 0 0 0.4124 0.9973 0.000400
688.00 P 20260729 -1.00 -1.00 0 0 0.3757 -0.0029 0.000400
689.00 C 20260729 -1.00 -1.00 0 0 0.4051 0.9972 0.000400
689.00 P 20260729 -1.00 -1.00 0 0 0.3691 -0.0030 0.000400
690.00 C 20260729 -1.00 -1.00 0 0 0.3978 0.9970 0.000500
690.00 P 20260729 -1.00 -1.00 101 49 0.3625 -0.0031 0.000500
691.00 C 20260729 -1.00 -1.00 0 0 0.3904 0.9969 0.000500
691.00 P 20260729 -1.00 -1.00 0 0 0.3559 -0.0033 0.000500
692.00 C 20260729 -1.00 -1.00 0 0 0.3831 0.9967 0.000500
692.00 P 20260729 -1.00 -1.00 0 0 0.3494 -0.0035 0.000500
693.00 C 20260729 -1.00 -1.00 0 0 0.3758 0.9965 0.000600
693.00 P 20260729 -1.00 -1.00 0 1 0.3428 -0.0036 0.000600
694.00 C 20260729 -1.00 -1.00 0 0 0.3730 0.9964 0.000600
694.00 P 20260729 -1.00 -1.00 0 15 0.3362 -0.0038 0.000600
695.00 C 20260729 -1.00 -1.00 0 0 0.3612 0.9961 0.000600
695.00 P 20260729 -1.00 -1.00 1 15 0.3296 -0.0040 0.000600
696.00 C 20260729 -1.00 -1.00 0 0 0.3582 0.9959 0.000700
696.00 P 20260729 -1.00 -1.00 0 0 0.3230 -0.0042 0.000700
697.00 C 20260729 -1.00 -1.00 0 0 0.3465 0.9957 0.000700
697.00 P 20260729 -1.00 -1.00 0 0 0.3239 -0.0045 0.000700
698.00 C 20260729 -1.00 -1.00 0 0 0.3475 0.9954 0.000800
698.00 P 20260729 -1.00 -1.00 0 122 0.3172 -0.0048 0.000800
699.00 C 20260729 -1.00 -1.00 0 0 0.3401 0.9951 0.000800
699.00 P 20260729 -1.00 -1.00 4 0 0.3105 -0.0050 0.000800
700.00 C 20260729 -1.00 -1.00 0 0 0.3327 0.9948 0.000900
700.00 P 20260729 -1.00 -1.00 6 1011 0.3099 -0.0053 0.000900
701.00 C 20260729 -1.00 -1.00 0 0 0.3253 0.9945 0.001000
701.00 P 20260729 -1.00 -1.00 7 8 0.3031 -0.0057 0.001000
702.00 C 20260729 -1.00 -1.00 0 0 0.3214 0.9941 0.001000
702.00 P 20260729 -1.00 -1.00 0 1 0.2962 -0.0061 0.001000
703.00 C 20260729 -1.00 -1.00 0 0 0.3139 0.9937 0.001100
703.00 P 20260729 -1.00 -1.00 21 11 0.2894 -0.0065 0.001100
704.00 C 20260729 -1.00 -1.00 0 0 0.3097 0.9932 0.001200
704.00 P 20260729 -1.00 -1.00 2 0 0.2876 -0.0070 0.001200
705.00 C 20260729 -1.00 -1.00 0 0 0.3021 0.9926 0.001300
705.00 P 20260729 -1.00 -1.00 2 16 0.2806 -0.0075 0.001300
706.00 C 20260729 -1.00 -1.00 0 0 0.2976 0.9920 0.001400
706.00 P 20260729 -1.00 -1.00 0 21 0.2780 -0.0081 0.001400
707.00 C 20260729 -1.00 -1.00 0 0 0.2927 0.9913 0.001600
707.00 P 20260729 -1.00 -1.00 25 19 0.2749 -0.0088 0.001600
708.00 C 20260729 -1.00 -1.00 0 0 0.2851 0.9905 0.001700
708.00 P 20260729 -1.00 -1.00 1 22 0.2677 -0.0097 0.001700
709.00 C 20260729 -1.00 -1.00 0 0 0.2800 0.9896 0.001900
709.00 P 20260729 -1.00 -1.00 6 79 0.2640 -0.0106 0.001900
710.00 C 20260729 -1.00 -1.00 0 1 0.2747 0.9885 0.002100
710.00 P 20260729 -1.00 -1.00 4 62 0.2600 -0.0117 0.002100
711.00 C 20260729 -1.00 -1.00 0 0 0.2714 0.9872 0.002400
711.00 P 20260729 -1.00 -1.00 2 38 0.2556 -0.0130 0.002400
712.00 C 20260729 -1.00 -1.00 146 0 0.2635 0.9857 0.002600
712.00 P 20260729 -1.00 -1.00 0 9 0.2509 -0.0144 0.002600
713.00 C 20260729 -1.00 -1.00 76 0 0.2596 0.9840 0.002900
713.00 P 20260729 -1.00 -1.00 2 7 0.2483 -0.0162 0.002900
714.00 C 20260729 -1.00 -1.00 196 0 0.2570 0.9820 0.003300
714.00 P 20260729 -1.00 -1.00 4 49 0.2450 -0.0182 0.003300
715.00 C 20260729 -1.00 -1.00 26 0 0.2537 0.9796 0.003700
715.00 P 20260729 -1.00 -1.00 4 53 0.2412 -0.0205 0.003700
716.00 C 20260729 -1.00 -1.00 0 0 0.2485 0.9769 0.004200
716.00 P 20260729 -1.00 -1.00 10 23 0.2387 -0.0233 0.004200
717.00 C 20260729 -1.00 -1.00 0 0 0.2443 0.9737 0.004700
717.00 P 20260729 -1.00 -1.00 12 13 0.2355 -0.0265 0.004700
718.00 C 20260729 -1.00 -1.00 0 0 0.2408 0.9700 0.005300
718.00 P 20260729 -1.00 -1.00 5 21 0.2330 -0.0302 0.005300
719.00 C 20260729 -1.00 -1.00 0 0 0.2368 0.9656 0.006000
719.00 P 20260729 -1.00 -1.00 8 29 0.2309 -0.0345 0.006000
720.00 C 20260729 -1.00 -1.00 0 4 0.2362 0.9607 0.006800
720.00 P 20260729 -1.00 -1.00 46 700 0.2280 -0.0395 0.006800
721.00 C 20260729 -1.00 -1.00 1 1 0.2336 0.9549 0.007700
721.00 P 20260729 -1.00 -1.00 27 33 0.2253 -0.0453 0.007700
722.00 C 20260729 -1.00 -1.00 0 0 0.2302 0.9483 0.008600
722.00 P 20260729 -1.00 -1.00 55 28 0.2227 -0.0518 0.008600
723.00 C 20260729 -1.00 -1.00 0 0 0.2275 0.9408 0.009700
723.00 P 20260729 -1.00 -1.00 118 108 0.2200 -0.0594 0.009700
724.00 C 20260729 -1.00 -1.00 1 1 0.2246 0.9322 0.010900
724.00 P 20260729 -1.00 -1.00 31 64 0.2179 -0.0680 0.010900
725.00 C 20260729 -1.00 -1.00 1 13 0.2140 0.9225 0.012200
725.00 P 20260729 -1.00 -1.00 70 138 0.2160 -0.0777 0.012200
726.00 C 20260729 -1.00 -1.00 0 0 0.2202 0.9115 0.013600
726.00 P 20260729 -1.00 -1.00 52 31 0.2131 -0.0886 0.013600
727.00 C 20260729 -1.00 -1.00 0 0 0.2173 0.8992 0.015200
727.00 P 20260729 -1.00 -1.00 28 81 0.2113 -0.1010 0.015200
728.00 C 20260729 -1.00 -1.00 2 1 0.2143 0.8854 0.016800
728.00 P 20260729 -1.00 -1.00 120 76 0.2084 -0.1148 0.016800
729.00 C 20260729 -1.00 -1.00 1 1 0.2116 0.8699 0.018600
729.00 P 20260729 -1.00 -1.00 28 32 0.2062 -0.1302 0.018600
730.00 C 20260729 -1.00 -1.00 3 10 0.2087 0.8528 0.020500
730.00 P 20260729 -1.00 -1.00 310 102 0.2037 -0.1474 0.020500
731.00 C 20260729 -1.00 -1.00 7 13 0.2061 0.8338 0.022500
731.00 P 20260729 -1.00 -1.00 187 75 0.2015 -0.1664 0.022500
732.00 C 20260729 -1.00 -1.00 10 11 0.2030 0.8129 0.024500
732.00 P 20260729 -1.00 -1.00 119 49 0.1988 -0.1873 0.024500
733.00 C 20260729 -1.00 -1.00 3 8 0.2003 0.7899 0.026600
733.00 P 20260729 -1.00 -1.00 218 98 0.1968 -0.2103 0.026600
734.00 C 20260729 -1.00 -1.00 10 1 0.1976 0.7648 0.028700
734.00 P 20260729 -1.00 -1.00 132 51 0.1940 -0.2353 0.028700
735.00 C 20260729 -1.00 -1.00 11 16 0.1947 0.7376 0.030900
735.00 P 20260729 -1.00 -1.00 240 503 0.1916 -0.2626 0.030900
736.00 C 20260729 -1.00 -1.00 45 15 0.1920 0.7081 0.033000
736.00 P 20260729 -1.00 -1.00 304 239 0.1888 -0.2921 0.033000
737.00 C 20260729 -1.00 -1.00 50 12 0.1887 0.6764 0.035000
737.00 P 20260729 -1.00 -1.00 219 193 0.1859 -0.3238 0.035000
738.00 C 20260729 -1.00 -1.00 18 18 0.1859 0.6425 0.036900
738.00 P 20260729 -1.00 -1.00 225 87 0.1830 -0.3577 0.036900
739.00 C 20260729 -1.00 -1.00 84 4 0.1830 0.6065 0.038600
739.00 P 20260729 -1.00 -1.00 298 367 0.1798 -0.3937 0.038600
740.00 C 20260729 -1.00 -1.00 175 9 0.1798 0.5684 0.040100
740.00 P 20260729 -1.00 -1.00 386 313 0.1770 -0.4318 0.040100
741.00 C 20260729 -1.00 -1.00 307 13 0.1767 0.5285 0.041300
741.00 P 20260729 -1.00 -1.00 207 46 0.1739 -0.4717 0.041300
742.00 C 20260729 -1.00 -1.00 384 88 0.1731 0.4869 0.042100
742.00 P 20260729 -1.00 -1.00 126 37 0.1704 -0.5133 0.042100
743.00 C 20260729 -1.00 -1.00 462 14 0.1697 0.4439 0.042600
743.00 P 20260729 -1.00 -1.00 53 58 0.1669 -0.5563 0.042600
744.00 C 20260729 -1.00 -1.00 559 19 0.1658 0.3998 0.042500
744.00 P 20260729 -1.00 -1.00 35 59 0.1630 -0.6003 0.042500
745.00 C 20260729 -1.00 -1.00 447 44 0.1621 0.3550 0.041900
745.00 P 20260729 -1.00 -1.00 62 68 0.1590 -0.6451 0.041900
746.00 C 20260729 -1.00 -1.00 303 16 0.1580 0.3100 0.040700
746.00 P 20260729 -1.00 -1.00 20 61 0.1549 -0.6902 0.040700
747.00 C 20260729 -1.00 -1.00 1442 19 0.1536 0.2654 0.038800
747.00 P 20260729 -1.00 -1.00 89 36 0.1506 -0.7348 0.038800
748.00 C 20260729 -1.00 -1.00 194 59 0.1492 0.2219 0.036200
748.00 P 20260729 -1.00 -1.00 27 22 0.1456 -0.7783 0.036200
749.00 C 20260729 -1.00 -1.00 780 19 0.1444 0.1804 0.033000
749.00 P 20260729 -1.00 -1.00 16 75 0.1406 -0.8198 0.033000
750.00 C 20260729 -1.00 -1.00 822 81 0.1404 0.1421 0.029100
750.00 P 20260729 -1.00 -1.00 8 81 0.1351 -0.8581 0.029100
751.00 C 20260729 -1.00 -1.00 176 165 0.1360 0.1081 0.024800
751.00 P 20260729 -1.00 -1.00 0 29 0.1296 -0.8921 0.024800
752.00 C 20260729 -1.00 -1.00 68 75 0.1323 0.0793 0.020300
752.00 P 20260729 -1.00 -1.00 8 48 0.1247 -0.9209 0.020300
753.00 C 20260729 -1.00 -1.00 124 54 0.1288 0.0562 0.016000
753.00 P 20260729 -1.00 -1.00 2 85 0.1194 -0.9439 0.016000
754.00 C 20260729 -1.00 -1.00 160 124 0.1261 0.0389 0.012100
754.00 P 20260729 -1.00 -1.00 1 35 0.1106 -0.9613 0.012100
755.00 C 20260729 -1.00 -1.00 37 67 0.1241 0.0263 0.008900
755.00 P 20260729 -1.00 -1.00 11 170 0.0995 -0.9737 0.009000
756.00 C 20260729 -1.00 -1.00 129 260 0.1242 0.0182 0.006600
756.00 P 20260729 -1.00 -1.00 5 68 -1.0000 -0.9820 0.006600
757.00 C 20260729 -1.00 -1.00 61 43 0.1217 0.0128 0.004800
757.00 P 20260729 -1.00 -1.00 13 743 0.1236 -0.9873 0.004900
758.00 C 20260729 -1.00 -1.00 112 99 0.1285 0.0094 0.003600
758.00 P 20260729 -1.00 -1.00 6 544 0.1274 -0.9906 0.003700
759.00 C 20260729 -1.00 -1.00 24 40 0.1270 0.0072 0.002800
759.00 P 20260729 -1.00 -1.00 4 8 -1.0000 -0.9928 0.002900
760.00 C 20260729 -1.00 -1.00 27 57 0.1277 0.0059 0.002300
760.00 P 20260729 -1.00 -1.00 9 29 -1.0000 -0.9942 0.002400
761.00 C 20260729 -1.00 -1.00 21 39 0.1335 0.0050 0.001900
761.00 P 20260729 -1.00 -1.00 0 0 -1.0000 -0.9951 0.002000
762.00 C 20260729 -1.00 -1.00 18 25 0.1395 0.0044 0.001700
762.00 P 20260729 -1.00 -1.00 0 4 -1.0000 -0.9958 0.001700
763.00 C 20260729 -1.00 -1.00 15 39 0.1454 0.0038 0.001400
763.00 P 20260729 -1.00 -1.00 0 3 -1.0000 -0.9963 0.001400
764.00 C 20260729 -1.00 -1.00 2 22 0.1514 0.0035 0.001300
764.00 P 20260729 -1.00 -1.00 0 0 -1.0000 -0.9967 0.001300
765.00 C 20260729 -1.00 -1.00 43 72 0.1574 0.0032 0.001100
765.00 P 20260729 -1.00 -1.00 0 2 -1.0000 -0.9970 0.001100
766.00 C 20260729 -1.00 -1.00 4 48 0.1636 0.0028 0.001000
766.00 P 20260729 -1.00 -1.00 0 1 -1.0000 -0.9972 0.001000
767.00 C 20260729 -1.00 -1.00 10 25 0.1695 0.0026 0.000900
767.00 P 20260729 -1.00 -1.00 0 1 -1.0000 -0.9974 0.000900
768.00 C 20260729 -1.00 -1.00 2 90 0.1754 0.0025 0.000800
768.00 P 20260729 -1.00 -1.00 0 1 -1.0000 -0.9976 0.000800
769.00 C 20260729 -1.00 -1.00 1 27 0.1812 0.0023 0.000800
769.00 P 20260729 -1.00 -1.00 0 0 -1.0000 -0.9978 0.000800
770.00 C 20260729 -1.00 -1.00 0 40 0.1871 0.0022 0.000700
770.00 P 20260729 -1.00 -1.00 0 1 -1.0000 -0.9979 0.000700
771.00 C 20260729 -1.00 -1.00 0 5 0.1929 0.0021 0.000600
771.00 P 20260729 -1.00 -1.00 0 1 -1.0000 -0.9980 0.000700
772.00 C 20260729 -1.00 -1.00 0 17 0.1986 0.0020 0.000600
772.00 P 20260729 -1.00 -1.00 0 0 -1.0000 -0.9982 0.000600
773.00 C 20260729 -1.00 -1.00 22 25 0.2044 0.0019 0.000600
773.00 P 20260729 -1.00 -1.00 0 0 -1.0000 -0.9983 0.000600
774.00 C 20260729 -1.00 -1.00 0 17 0.1971 0.0018 0.000500
774.00 P 20260729 -1.00 -1.00 0 0 -1.0000 -0.9984 0.000500
775.00 C 20260729 -1.00 -1.00 1 22 0.2158 0.0017 0.000500
775.00 P 20260729 -1.00 -1.00 0 0 -1.0000 -0.9984 0.000500
776.00 C 20260729 -1.00 -1.00 8 11 0.2215 0.0016 0.000400
776.00 P 20260729 -1.00 -1.00 0 0 -1.0000 -0.9985 0.000500
777.00 C 20260729 -1.00 -1.00 0 7 0.2272 0.0015 0.000400
777.00 P 20260729 -1.00 -1.00 0 0 -1.0000 -0.9986 0.000400
778.00 C 20260729 -1.00 -1.00 0 2 0.2328 0.0015 0.000400
778.00 P 20260729 -1.00 -1.00 0 0 -1.0000 -0.9987 0.000400
779.00 C 20260729 -1.00 -1.00 0 2 0.2384 0.0014 0.000400
779.00 P 20260729 -1.00 -1.00 0 0 -1.0000 -0.9987 0.000400
780.00 C 20260729 -1.00 -1.00 0 72 0.2440 0.0013 0.000400
780.00 P 20260729 -1.00 -1.00 0 4 -1.0000 -0.9988 0.000400
781.00 C 20260729 -1.00 -1.00 0 0 0.2496 0.0013 0.000300
781.00 P 20260729 -1.00 -1.00 0 0 -1.0000 -0.9989 0.000300
782.00 C 20260729 -1.00 -1.00 2 24 0.2552 0.0012 0.000300
782.00 P 20260729 -1.00 -1.00 0 0 -1.0000 -0.9989 0.000300
783.00 C 20260729 -1.00 -1.00 0 0 0.2607 0.0012 0.000300
783.00 P 20260729 -1.00 -1.00 0 0 -1.0000 -0.9990 0.000300
784.00 C 20260729 -1.00 -1.00 0 0 0.2663 0.0011 0.000300
784.00 P 20260729 -1.00 -1.00 0 0 -1.0000 -0.9990 0.000300
785.00 C 20260729 -1.00 -1.00 0 95 0.2718 0.0011 0.000300
785.00 P 20260729 -1.00 -1.00 0 0 -1.0000 -0.9991 0.000300
786.00 C 20260729 -1.00 -1.00 8 8 0.2773 0.0010 0.000200
786.00 P 20260729 -1.00 -1.00 0 0 -1.0000 -0.9991 0.000200
787.00 C 20260729 -1.00 -1.00 0 0 0.2828 0.0010 0.000200
787.00 P 20260729 -1.00 -1.00 0 0 -1.0000 -0.9992 0.000200
788.00 C 20260729 -1.00 -1.00 0 0 0.2712 0.0010 0.000200
788.00 P 20260729 -1.00 -1.00 0 0 -1.0000 -0.9992 0.000200
789.00 C 20260729 -1.00 -1.00 0 0 0.2763 0.0010 0.000200
789.00 P 20260729 -1.00 -1.00 0 0 -1.0000 -0.9992 0.000200
790.00 C 20260729 -1.00 -1.00 0 6 0.2815 0.0009 0.000200
790.00 P 20260729 -1.00 -1.00 0 0 -1.0000 -0.9993 0.000200
791.00 C 20260729 -1.00 -1.00 0 0 0.2866 0.0009 0.000200
791.00 P 20260729 -1.00 -1.00 0 0 -1.0000 -0.9993 0.000200
792.00 C 20260729 -1.00 -1.00 0 0 0.2917 0.0008 0.000200
792.00 P 20260729 -1.00 -1.00 0 0 -1.0000 -0.9993 0.000200
793.00 C 20260729 -1.00 -1.00 0 0 0.2969 0.0008 0.000200
793.00 P 20260729 -1.00 -1.00 0 0 -1.0000 -0.9994 0.000200
794.00 C 20260729 -1.00 -1.00 0 0 0.3020 0.0008 0.000200
794.00 P 20260729 -1.00 -1.00 0 0 -1.0000 -0.9994 0.000200
795.00 C 20260729 -1.00 -1.00 0 0 0.3071 0.0008 0.000200
795.00 P 20260729 -1.00 -1.00 0 0 -1.0000 -0.9994 0.000200
800.00 C 20260729 -1.00 -1.00 0 0 0.3324 0.0006 0.000100
800.00 P 20260729 -1.00 -1.00 0 3 -1.0000 -0.9996 0.000100
805.00 C 20260729 -1.00 -1.00 0 0 0.3575 0.0005 0.000100
805.00 P 20260729 -1.00 -1.00 0 0 -1.0000 -0.9996 0.000100
810.00 C 20260729 -1.00 -1.00 0 1 0.3822 0.0004 0.000100
810.00 P 20260729 -1.00 -1.00 0 0 -1.0000 -0.9997 0.000100
815.00 C 20260729 -1.00 -1.00 0 1 0.4066 0.0004 0.000100
815.00 P 20260729 -1.00 -1.00 0 0 -1.0000 -0.9998 0.000100
820.00 C 20260729 -1.00 -1.00 0 0 0.4307 0.0003 0.000000
820.00 P 20260729 -1.00 -1.00 0 0 -1.0000 -0.9999 0.000000
825.00 C 20260729 -1.00 -1.00 0 0 0.4546 0.0002 0.000000
825.00 P 20260729 -1.00 -1.00 0 0 -1.0000 -0.9999 0.000000
830.00 C 20260729 -1.00 -1.00 0 0 0.4782 0.0002 0.000000
830.00 P 20260729 -1.00 -1.00 0 0 -1.0000 -1.0000 0.000000
655.00 C 20260730 -1.00 -1.00 0 0 0.5062 0.9984 0.000200
655.00 P 20260730 -1.00 -1.00 0 1 0.4726 -0.0018 0.000200
660.00 C 20260730 -1.00 -1.00 0 0 0.4896 0.9981 0.000200
660.00 P 20260730 -1.00 -1.00 0 3 0.4579 -0.0021 0.000200
665.00 C 20260730 -1.00 -1.00 0 0 0.4587 0.9976 0.000300
665.00 P 20260730 -1.00 -1.00 0 0 0.4309 -0.0026 0.000300
666.00 C 20260730 -1.00 -1.00 0 0 0.4526 0.9975 0.000300
666.00 P 20260730 -1.00 -1.00 0 0 0.4255 -0.0026 0.000300
667.00 C 20260730 -1.00 -1.00 0 0 0.4464 0.9974 0.000300
667.00 P 20260730 -1.00 -1.00 0 0 0.4292 -0.0028 0.000300
668.00 C 20260730 -1.00 -1.00 0 0 0.4463 0.9973 0.000300
668.00 P 20260730 -1.00 -1.00 0 0 0.4237 -0.0029 0.000300
669.00 C 20260730 -1.00 -1.00 0 0 0.4402 0.9972 0.000300
669.00 P 20260730 -1.00 -1.00 0 0 0.4182 -0.0030 0.000300
670.00 C 20260730 -1.00 -1.00 0 0 0.4395 0.9971 0.000300
670.00 P 20260730 -1.00 -1.00 0 21 0.4128 -0.0031 0.000300
671.00 C 20260730 -1.00 -1.00 0 0 0.4333 0.9970 0.000400
671.00 P 20260730 -1.00 -1.00 0 0 0.4071 -0.0032 0.000400
672.00 C 20260730 -1.00 -1.00 0 0 0.4272 0.9969 0.000400
672.00 P 20260730 -1.00 -1.00 1 0 0.4016 -0.0034 0.000400
673.00 C 20260730 -1.00 -1.00 0 0 0.4211 0.9967 0.000400
673.00 P 20260730 -1.00 -1.00 0 0 0.3961 -0.0035 0.000400
674.00 C 20260730 -1.00 -1.00 0 0 0.4149 0.9966 0.000400
674.00 P 20260730 -1.00 -1.00 0 0 0.3979 -0.0037 0.000400
675.00 C 20260730 -1.00 -1.00 0 0 0.4088 0.9964 0.000400
675.00 P 20260730 -1.00 -1.00 0 3 0.3923 -0.0038 0.000400
676.00 C 20260730 -1.00 -1.00 0 0 0.4076 0.9963 0.000400
676.00 P 20260730 -1.00 -1.00 0 0 0.3870 -0.0039 0.000400
677.00 C 20260730 -1.00 -1.00 0 0 0.4059 0.9961 0.000500
677.00 P 20260730 -1.00 -1.00 20 0 0.3814 -0.0041 0.000500
678.00 C 20260730 -1.00 -1.00 0 0 0.3998 0.9959 0.000500
678.00 P 20260730 -1.00 -1.00 0 0 0.3820 -0.0043 0.000500
679.00 C 20260730 -1.00 -1.00 0 0 0.3936 0.9957 0.000500
679.00 P 20260730 -1.00 -1.00 0 0 0.3763 -0.0045 0.000500
680.00 C 20260730 -1.00 -1.00 0 1 0.3874 0.9955 0.000500
680.00 P 20260730 -1.00 -1.00 1 6 0.3707 -0.0047 0.000500
681.00 C 20260730 -1.00 -1.00 0 0 0.3813 0.9953 0.000600
681.00 P 20260730 -1.00 -1.00 0 0 0.3650 -0.0049 0.000600
682.00 C 20260730 -1.00 -1.00 0 0 0.3792 0.9951 0.000600
682.00 P 20260730 -1.00 -1.00 10 0 0.3644 -0.0052 0.000600
683.00 C 20260730 -1.00 -1.00 0 0 0.3768 0.9948 0.000600
683.00 P 20260730 -1.00 -1.00 0 0 0.3589 -0.0054 0.000600
684.00 C 20260730 -1.00 -1.00 0 0 0.3706 0.9946 0.000700
684.00 P 20260730 -1.00 -1.00 0 0 0.3532 -0.0056 0.000700
685.00 C 20260730 -1.00 -1.00 0 0 0.3680 0.9943 0.000700
685.00 P 20260730 -1.00 -1.00 0 30 0.3476 -0.0059 0.000700
686.00 C 20260730 -1.00 -1.00 0 0 0.3618 0.9940 0.000800
686.00 P 20260730 -1.00 -1.00 1 0 0.3465 -0.0062 0.000800
687.00 C 20260730 -1.00 -1.00 0 0 0.3588 0.9937 0.000800
687.00 P 20260730 -1.00 -1.00 0 0 0.3407 -0.0065 0.000800
688.00 C 20260730 -1.00 -1.00 0 0 0.3526 0.9933 0.000800
688.00 P 20260730 -1.00 -1.00 0 3 0.3349 -0.0069 0.000800
689.00 C 20260730 -1.00 -1.00 0 0 0.3494 0.9929 0.000900
689.00 P 20260730 -1.00 -1.00 0 0 0.3331 -0.0073 0.000900
690.00 C 20260730 -1.00 -1.00 0 0 0.3431 0.9925 0.001000
690.00 P 20260730 -1.00 -1.00 0 14 0.3311 -0.0077 0.001000
691.00 C 20260730 -1.00 -1.00 0 0 0.3424 0.9921 0.001000
691.00 P 20260730 -1.00 -1.00 0 0 0.3252 -0.0081 0.001000
692.00 C 20260730 -1.00 -1.00 0 0 0.3361 0.9916 0.001100
692.00 P 20260730 -1.00 -1.00 1 0 0.3226 -0.0087 0.001100
693.00 C 20260730 -1.00 -1.00 0 0 0.3298 0.9910 0.001100
693.00 P 20260730 -1.00 -1.00 0 0 0.3198 -0.0092 0.001200
694.00 C 20260730 -1.00 -1.00 0 0 0.3284 0.9904 0.001200
694.00 P 20260730 -1.00 -1.00 0 0 0.3140 -0.0098 0.001200
695.00 C 20260730 -1.00 -1.00 0 0 0.3220 0.9898 0.001300
695.00 P 20260730 -1.00 -1.00 1 71 0.3109 -0.0104 0.001300
696.00 C 20260730 -1.00 -1.00 0 0 0.3179 0.9891 0.001400
696.00 P 20260730 -1.00 -1.00 0 2 0.3075 -0.0111 0.001400
697.00 C 20260730 -1.00 -1.00 0 0 0.3137 0.9884 0.001500
697.00 P 20260730 -1.00 -1.00 0 0 0.3040 -0.0118 0.001500
698.00 C 20260730 -1.00 -1.00 0 0 0.3094 0.9875 0.001600
698.00 P 20260730 -1.00 -1.00 1 0 0.3003 -0.0127 0.001600
699.00 C 20260730 -1.00 -1.00 0 0 0.3068 0.9866 0.001700
699.00 P 20260730 -1.00 -1.00 0 2 0.2964 -0.0136 0.001700
700.00 C 20260730 -1.00 -1.00 0 6 0.3021 0.9856 0.001900
700.00 P 20260730 -1.00 -1.00 13 17 0.2944 -0.0146 0.001900
701.00 C 20260730 -1.00 -1.00 0 0 0.2973 0.9845 0.002000
701.00 P 20260730 -1.00 -1.00 20 23 0.2901 -0.0157 0.002000
702.00 C 20260730 -1.00 -1.00 0 0 0.2941 0.9832 0.002200
702.00 P 20260730 -1.00 -1.00 0 30 0.2875 -0.0170 0.002200
703.00 C 20260730 -1.00 -1.00 0 0 0.2906 0.9819 0.002300
703.00 P 20260730 -1.00 -1.00 0 38 0.2846 -0.0183 0.002300
704.00 C 20260730 -1.00 -1.00 0 0 0.2869 0.9804 0.002500
704.00 P 20260730 -1.00 -1.00 0 78 0.2813 -0.0198 0.002500
705.00 C 20260730 -1.00 -1.00 0 0 0.2830 0.9788 0.002700
705.00 P 20260730 -1.00 -1.00 7 41 0.2778 -0.0214 0.002700
706.00 C 20260730 -1.00 -1.00 0 0 0.2801 0.9770 0.003000
706.00 P 20260730 -1.00 -1.00 0 60 0.2740 -0.0232 0.003000
707.00 C 20260730 -1.00 -1.00 0 0 0.2769 0.9750 0.003200
707.00 P 20260730 -1.00 -1.00 0 24 0.2713 -0.0253 0.003200
708.00 C 20260730 -1.00 -1.00 0 0 0.2734 0.9727 0.003500
708.00 P 20260730 -1.00 -1.00 3 82 0.2683 -0.0275 0.003500
709.00 C 20260730 -1.00 -1.00 0 0 0.2686 0.9703 0.003800
709.00 P 20260730 -1.00 -1.00 10 11 0.2649 -0.0299 0.003800
710.00 C 20260730 -1.00 -1.00 0 7 0.2656 0.9676 0.004100
710.00 P 20260730 -1.00 -1.00 23 43 0.2623 -0.0326 0.004100
711.00 C 20260730 -1.00 -1.00 0 0 0.2632 0.9645 0.004500
711.00 P 20260730 -1.00 -1.00 0 37 0.2592 -0.0357 0.004500
712.00 C 20260730 -1.00 -1.00 0 0 0.2604 0.9612 0.004900
712.00 P 20260730 -1.00 -1.00 2 33 0.2567 -0.0390 0.004900
713.00 C 20260730 -1.00 -1.00 0 0 0.2626 0.9575 0.005300
713.00 P 20260730 -1.00 -1.00 4 47 0.2538 -0.0427 0.005300
714.00 C 20260730 -1.00 -1.00 0 1 0.2542 0.9534 0.005800
714.00 P 20260730 -1.00 -1.00 0 3 0.2512 -0.0468 0.005800
715.00 C 20260730 -1.00 -1.00 0 2 0.2564 0.9488 0.006300
715.00 P 20260730 -1.00 -1.00 3 35 0.2489 -0.0514 0.006300
716.00 C 20260730 -1.00 -1.00 0 0 0.2531 0.9438 0.006800
716.00 P 20260730 -1.00 -1.00 3 42 0.2461 -0.0564 0.006800
717.00 C 20260730 -1.00 -1.00 0 0 0.2505 0.9382 0.007400
717.00 P 20260730 -1.00 -1.00 5 27 0.2434 -0.0620 0.007400
718.00 C 20260730 -1.00 -1.00 0 0 0.2474 0.9320 0.008100
718.00 P 20260730 -1.00 -1.00 2 33 0.2414 -0.0682 0.008100
719.00 C 20260730 -1.00 -1.00 0 1 0.2454 0.9253 0.008800
719.00 P 20260730 -1.00 -1.00 3 19 0.2389 -0.0749 0.008800
720.00 C 20260730 -1.00 -1.00 0 5 0.2395 0.9178 0.009500
720.00 P 20260730 -1.00 -1.00 9 56 0.2367 -0.0824 0.009500
721.00 C 20260730 -1.00 -1.00 0 0 0.2401 0.9096 0.010300
721.00 P 20260730 -1.00 -1.00 7 15 0.2345 -0.0906 0.010300
722.00 C 20260730 -1.00 -1.00 0 0 0.2348 0.9007 0.011200
722.00 P 20260730 -1.00 -1.00 10 130 0.2321 -0.0995 0.011200
723.00 C 20260730 -1.00 -1.00 0 0 0.2296 0.8909 0.012000
723.00 P 20260730 -1.00 -1.00 20 51 0.2298 -0.1093 0.012000
724.00 C 20260730 -1.00 -1.00 2 0 0.2274 0.8803 0.013000
724.00 P 20260730 -1.00 -1.00 195 43 0.2277 -0.1199 0.013000
725.00 C 20260730 -1.00 -1.00 0 2 0.2257 0.8687 0.014000
725.00 P 20260730 -1.00 -1.00 42 1175 0.2256 -0.1315 0.014000
726.00 C 20260730 -1.00 -1.00 1 0 0.2233 0.8561 0.015000
726.00 P 20260730 -1.00 -1.00 25 65 0.2236 -0.1441 0.015000
727.00 C 20260730 -1.00 -1.00 0 0 0.2244 0.8425 0.016100
727.00 P 20260730 -1.00 -1.00 62 47 0.2214 -0.1577 0.016100
728.00 C 20260730 -1.00 -1.00 2 1 0.2222 0.8279 0.017300
728.00 P 20260730 -1.00 -1.00 50 49 0.2190 -0.1723 0.017300
729.00 C 20260730 -1.00 -1.00 1 2 0.2198 0.8121 0.018400
729.00 P 20260730 -1.00 -1.00 11 15 0.2165 -0.1881 0.018400
730.00 C 20260730 -1.00 -1.00 4 6 0.2175 0.7952 0.019600
730.00 P 20260730 -1.00 -1.00 223 115 0.2144 -0.2050 0.019600
731.00 C 20260730 -1.00 -1.00 4 0 0.2148 0.7771 0.020800
731.00 P 20260730 -1.00 -1.00 81 34 0.2122 -0.2231 0.020800
732.00 C 20260730 -1.00 -1.00 0 0 0.2124 0.7578 0.022000
732.00 P 20260730 -1.00 -1.00 36 34 0.2099 -0.2424 0.022000
733.00 C 20260730 -1.00 -1.00 4 2 0.2101 0.7372 0.023300
733.00 P 20260730 -1.00 -1.00 47 25 0.2074 -0.2630 0.023300
734.00 C 20260730 -1.00 -1.00 5 2 0.2073 0.7154 0.024500
734.00 P 20260730 -1.00 -1.00 47 33 0.2048 -0.2848 0.024500
735.00 C 20260730 -1.00 -1.00 6 9 0.2048 0.6922 0.025700
735.00 P 20260730 -1.00 -1.00 42 86 0.2024 -0.3080 0.025700
736.00 C 20260730 -1.00 -1.00 19 9 0.2022 0.6678 0.026900
736.00 P 20260730 -1.00 -1.00 173 36 0.1999 -0.3324 0.026900
737.00 C 20260730 -1.00 -1.00 7 11 0.1993 0.6421 0.028000
737.00 P 20260730 -1.00 -1.00 162 149 0.1974 -0.3581 0.028000
738.00 C 20260730 -1.00 -1.00 9 11 0.1966 0.6150 0.029000
738.00 P 20260730 -1.00 -1.00 206 86 0.1944 -0.3852 0.029000
739.00 C 20260730 -1.00 -1.00 1 14 0.1936 0.5868 0.030000
739.00 P 20260730 -1.00 -1.00 84 74 0.1915 -0.4134 0.030000
740.00 C 20260730 -1.00 -1.00 47 37 0.1908 0.5572 0.030900
740.00 P 20260730 -1.00 -1.00 251 47 0.1885 -0.4430 0.030900
741.00 C 20260730 -1.00 -1.00 13 41 0.1878 0.5266 0.031600
741.00 P 20260730 -1.00 -1.00 150 190 0.1857 -0.4736 0.031600
742.00 C 20260730 -1.00 -1.00 63 5 0.1848 0.4948 0.032200
742.00 P 20260730 -1.00 -1.00 94 83 0.1827 -0.5054 0.032200
743.00 C 20260730 -1.00 -1.00 20 36 0.1816 0.4621 0.032600
743.00 P 20260730 -1.00 -1.00 18 66 0.1796 -0.5381 0.032600
744.00 C 20260730 -1.00 -1.00 49 15 0.1782 0.4285 0.032800
744.00 P 20260730 -1.00 -1.00 15 39 0.1765 -0.5717 0.032800
745.00 C 20260730 -1.00 -1.00 109 33 0.1751 0.3943 0.032700
745.00 P 20260730 -1.00 -1.00 45 1205 0.1730 -0.6059 0.032700
746.00 C 20260730 -1.00 -1.00 55 10 0.1718 0.3597 0.032400
746.00 P 20260730 -1.00 -1.00 12 46 0.1693 -0.6405 0.032400
747.00 C 20260730 -1.00 -1.00 16 8 0.1684 0.3249 0.031800
747.00 P 20260730 -1.00 -1.00 10 29 0.1658 -0.6753 0.031800
748.00 C 20260730 -1.00 -1.00 65 57 0.1649 0.2902 0.030800
748.00 P 20260730 -1.00 -1.00 1 23 0.1623 -0.7100 0.030800
749.00 C 20260730 -1.00 -1.00 52 59 0.1611 0.2559 0.029600
749.00 P 20260730 -1.00 -1.00 4 19 0.1585 -0.7443 0.029600
750.00 C 20260730 -1.00 -1.00 78 54 0.1574 0.2223 0.028000
750.00 P 20260730 -1.00 -1.00 6 117 0.1546 -0.7779 0.028000
751.00 C 20260730 -1.00 -1.00 85 25 0.1535 0.1896 0.026100
751.00 P 20260730 -1.00 -1.00 5 14 0.1506 -0.8106 0.026100
752.00 C 20260730 -1.00 -1.00 37 27 0.1500 0.1586 0.023900
752.00 P 20260730 -1.00 -1.00 4 23 0.1468 -0.8416 0.023900
753.00 C 20260730 -1.00 -1.00 12 170 0.1460 0.1296 0.021400
753.00 P 20260730 -1.00 -1.00 4 25 0.1427 -0.8706 0.021400
754.00 C 20260730 -1.00 -1.00 34 34 0.1420 0.1032 0.018800
754.00 P 20260730 -1.00 -1.00 2 62 0.1381 -0.8970 0.018800
755.00 C 20260730 -1.00 -1.00 16 29 0.1382 0.0802 0.016000
755.00 P 20260730 -1.00 -1.00 20 1352 0.1335 -0.9200 0.016000
756.00 C 20260730 -1.00 -1.00 52 35 0.1347 0.0604 0.013200
756.00 P 20260730 -1.00 -1.00 5 93 0.1279 -0.9396 0.013200
757.00 C 20260730 -1.00 -1.00 80 74 0.1320 0.0448 0.010600
757.00 P 20260730 -1.00 -1.00 0 26 0.1211 -0.9554 0.010600
758.00 C 20260730 -1.00 -1.00 5 83 0.1288 0.0323 0.008300
758.00 P 20260730 -1.00 -1.00 0 6 0.1231 -0.9677 0.008400
759.00 C 20260730 -1.00 -1.00 43 120 0.1265 0.0232 0.006400
759.00 P 20260730 -1.00 -1.00 0 5 0.1352 -0.9769 0.006400
760.00 C 20260730 -1.00 -1.00 15 90 0.1244 0.0166 0.004900
760.00 P 20260730 -1.00 -1.00 2 21 0.1128 -0.9835 0.004900
761.00 C 20260730 -1.00 -1.00 13 40 0.1233 0.0122 0.003700
761.00 P 20260730 -1.00 -1.00 0 0 0.0928 -0.9881 0.003700
762.00 C 20260730 -1.00 -1.00 19 68 0.1257 0.0089 0.002800
762.00 P 20260730 -1.00 -1.00 0 8 -1.0000 -0.9912 0.002900
763.00 C 20260730 -1.00 -1.00 4 68 0.1237 0.0067 0.002200
763.00 P 20260730 -1.00 -1.00 0 1 -1.0000 -0.9934 0.002200
764.00 C 20260730 -1.00 -1.00 0 28 0.1288 0.0052 0.001700
764.00 P 20260730 -1.00 -1.00 0 2 -1.0000 -0.9949 0.001800
765.00 C 20260730 -1.00 -1.00 31 34 0.1282 0.0041 0.001400
765.00 P 20260730 -1.00 -1.00 0 10 -1.0000 -0.9960 0.001400
766.00 C 20260730 -1.00 -1.00 10 8 0.1330 0.0034 0.001100
766.00 P 20260730 -1.00 -1.00 0 0 -1.0000 -0.9968 0.001200
767.00 C 20260730 -1.00 -1.00 0 36 0.1379 0.0028 0.001000
767.00 P 20260730 -1.00 -1.00 0 0 -1.0000 -0.9974 0.001000
768.00 C 20260730 -1.00 -1.00 1 15 0.1427 0.0023 0.000800
768.00 P 20260730 -1.00 -1.00 0 0 -1.0000 -0.9979 0.000800
769.00 C 20260730 -1.00 -1.00 10 5 0.1474 0.0020 0.000700
769.00 P 20260730 -1.00 -1.00 0 0 -1.0000 -0.9982 0.000700
770.00 C 20260730 -1.00 -1.00 11 36 0.1522 0.0017 0.000600
770.00 P 20260730 -1.00 -1.00 0 0 -1.0000 -0.9985 0.000600
771.00 C 20260730 -1.00 -1.00 2 30 0.1569 0.0014 0.000500
771.00 P 20260730 -1.00 -1.00 0 1 -1.0000 -0.9987 0.000500
772.00 C 20260730 -1.00 -1.00 0 16 0.1616 0.0013 0.000400
772.00 P 20260730 -1.00 -1.00 0 0 -1.0000 -0.9989 0.000400
773.00 C 20260730 -1.00 -1.00 0 7 0.1663 0.0011 0.000400
773.00 P 20260730 -1.00 -1.00 0 0 -1.0000 -0.9991 0.000400
774.00 C 20260730 -1.00 -1.00 0 10 0.1710 0.0010 0.000300
774.00 P 20260730 -1.00 -1.00 0 0 -1.0000 -0.9992 0.000300
775.00 C 20260730 -1.00 -1.00 0 51 0.1757 0.0009 0.000300
775.00 P 20260730 -1.00 -1.00 0 0 -1.0000 -0.9993 0.000300
776.00 C 20260730 -1.00 -1.00 0 15 0.1803 0.0008 0.000200
776.00 P 20260730 -1.00 -1.00 0 0 -1.0000 -0.9994 0.000300
777.00 C 20260730 -1.00 -1.00 0 2 0.1849 0.0007 0.000200
777.00 P 20260730 -1.00 -1.00 0 0 -1.0000 -0.9995 0.000200
778.00 C 20260730 -1.00 -1.00 0 8 0.1895 0.0006 0.000200
778.00 P 20260730 -1.00 -1.00 0 1 -1.0000 -0.9996 0.000200
779.00 C 20260730 -1.00 -1.00 0 0 0.1941 0.0006 0.000200
779.00 P 20260730 -1.00 -1.00 0 0 -1.0000 -0.9996 0.000200
780.00 C 20260730 -1.00 -1.00 0 15 0.1987 0.0005 0.000200
780.00 P 20260730 -1.00 -1.00 0 0 -1.0000 -0.9997 0.000200
781.00 C 20260730 -1.00 -1.00 0 0 0.2033 0.0005 0.000100
781.00 P 20260730 -1.00 -1.00 0 0 -1.0000 -0.9997 0.000100
782.00 C 20260730 -1.00 -1.00 0 0 0.2078 0.0004 0.000100
782.00 P 20260730 -1.00 -1.00 0 0 -1.0000 -0.9998 0.000100
783.00 C 20260730 -1.00 -1.00 0 0 0.2124 0.0004 0.000100
783.00 P 20260730 -1.00 -1.00 0 0 -1.0000 -0.9998 0.000100
784.00 C 20260730 -1.00 -1.00 0 0 0.2167 0.0004 0.000100
784.00 P 20260730 -1.00 -1.00 0 0 -1.0000 -0.9998 0.000100
785.00 C 20260730 -1.00 -1.00 2 14 0.2212 0.0003 0.000100
785.00 P 20260730 -1.00 -1.00 0 0 -1.0000 -0.9999 0.000100
786.00 C 20260730 -1.00 -1.00 0 0 0.2258 0.0003 0.000100
786.00 P 20260730 -1.00 -1.00 0 0 -1.0000 -0.9999 0.000100
787.00 C 20260730 -1.00 -1.00 0 0 0.2302 0.0003 0.000100
787.00 P 20260730 -1.00 -1.00 0 0 -1.0000 -0.9999 0.000100
788.00 C 20260730 -1.00 -1.00 0 0 0.2347 0.0003 0.000100
788.00 P 20260730 -1.00 -1.00 0 0 -1.0000 -0.9999 0.000100
789.00 C 20260730 -1.00 -1.00 0 0 0.2391 0.0002 0.000100
789.00 P 20260730 -1.00 -1.00 0 0 -1.0000 -1.0000 0.000100
790.00 C 20260730 -1.00 -1.00 0 4 0.2436 0.0002 0.000100
790.00 P 20260730 -1.00 -1.00 0 0 -1.0000 -1.0000 0.000100
791.00 C 20260730 -1.00 -1.00 0 0 0.2480 0.0002 0.000100
791.00 P 20260730 -1.00 -1.00 0 0 -1.0000 -1.0000 0.000100
792.00 C 20260730 -1.00 -1.00 0 0 0.2524 0.0002 0.000000
792.00 P 20260730 -1.00 -1.00 0 0 -1.0000 -1.0000 0.000000
793.00 C 20260730 -1.00 -1.00 0 0 0.2568 0.0002 0.000000
793.00 P 20260730 -1.00 -1.00 0 0 -1.0000 -1.0000 0.000000
794.00 C 20260730 -1.00 -1.00 0 0 0.2612 0.0002 0.000000
794.00 P 20260730 -1.00 -1.00 0 0 -1.0000 -1.0000 0.000000
795.00 C 20260730 -1.00 -1.00 0 0 0.2656 0.0001 0.000000
795.00 P 20260730 -1.00 -1.00 0 0 -1.0000 -1.0000 0.000000
800.00 C 20260730 -1.00 -1.00 0 5 0.2872 0.0001 0.000000
800.00 P 20260730 -1.00 -1.00 0 0 -1.0000 -1.0000 0.000000
805.00 C 20260730 -1.00 -1.00 0 0 0.3086 0.0001 0.000000
805.00 P 20260730 -1.00 -1.00 0 0 -1.0000 -1.0000 0.000000
810.00 C 20260730 -1.00 -1.00 0 2 0.3297 0.0001 0.000000
810.00 P 20260730 -1.00 -1.00 0 0 -1.0000 -1.0000 0.000000
815.00 C 20260730 -1.00 -1.00 0 1 0.3506 0.0000 0.000000
815.00 P 20260730 -1.00 -1.00 0 0 -1.0000 -1.0000 0.000000
820.00 C 20260730 -1.00 -1.00 0 0 0.3713 0.0000 0.000000
820.00 P 20260730 -1.00 -1.00 0 0 -1.0000 -1.0000 0.000000
825.00 C 20260730 -1.00 -1.00 0 1 0.3917 0.0000 0.000000
825.00 P 20260730 -1.00 -1.00 0 0 -1.0000 -1.0000 0.000000
830.00 C 20260730 -1.00 -1.00 0 0 0.4120 0.0000 0.000000
830.00 P 20260730 -1.00 -1.00 0 0 -1.0000 -1.0000 0.000000
653.00 C 20260731 -1.00 -1.00 0 0 0.4678 0.9972 0.000300
653.00 P 20260731 -1.00 -1.00 0 5 0.4469 -0.0030 0.000300
654.00 C 20260731 -1.00 -1.00 0 0 -1.0000 0.9971 0.000300
654.00 P 20260731 -1.00 -1.00 0 12 0.4421 -0.0031 0.000300
655.00 C 20260731 -1.00 -1.00 0 2 0.4613 0.9970 0.000300
655.00 P 20260731 -1.00 -1.00 4 167 0.4372 -0.0032 0.000300
656.00 C 20260731 -1.00 -1.00 0 2 0.4603 0.9969 0.000300
656.00 P 20260731 -1.00 -1.00 0 12 0.4324 -0.0033 0.000300
657.00 C 20260731 -1.00 -1.00 0 2 0.4545 0.9968 0.000300
657.00 P 20260731 -1.00 -1.00 0 8 0.4344 -0.0034 0.000300
658.00 C 20260731 -1.00 -1.00 0 1 0.4488 0.9967 0.000300
658.00 P 20260731 -1.00 -1.00 0 71 0.4295 -0.0035 0.000300
659.00 C 20260731 -1.00 -1.00 0 4 -1.0000 0.9966 0.000300
659.00 P 20260731 -1.00 -1.00 0 7 0.4243 -0.0036 0.000300
660.00 C 20260731 -1.00 -1.00 0 39 0.4372 0.9965 0.000300
660.00 P 20260731 -1.00 -1.00 0 1310 0.4194 -0.0038 0.000300
661.00 C 20260731 -1.00 -1.00 0 0 0.4360 0.9964 0.000400
661.00 P 20260731 -1.00 -1.00 0 10 0.4145 -0.0039 0.000400
662.00 C 20260731 -1.00 -1.00 0 0 0.4344 0.9962 0.000400
662.00 P 20260731 -1.00 -1.00 0 5 0.4154 -0.0040 0.000400
663.00 C 20260731 -1.00 -1.00 0 1 0.4287 0.9961 0.000400
663.00 P 20260731 -1.00 -1.00 0 12 0.4103 -0.0042 0.000400
664.00 C 20260731 -1.00 -1.00 0 0 0.4230 0.9959 0.000400
664.00 P 20260731 -1.00 -1.00 0 15 0.4054 -0.0043 0.000400
665.00 C 20260731 -1.00 -1.00 0 45 0.4173 0.9958 0.000400
665.00 P 20260731 -1.00 -1.00 2 39 0.4004 -0.0044 0.000400
666.00 C 20260731 -1.00 -1.00 0 0 0.4116 0.9956 0.000400
666.00 P 20260731 -1.00 -1.00 0 27 0.3955 -0.0046 0.000400
667.00 C 20260731 -1.00 -1.00 0 1 0.4098 0.9955 0.000400
667.00 P 20260731 -1.00 -1.00 0 17 0.3955 -0.0048 0.000400
668.00 C 20260731 -1.00 -1.00 0 0 0.4078 0.9953 0.000500
668.00 P 20260731 -1.00 -1.00 0 13 0.3904 -0.0050 0.000500
669.00 C 20260731 -1.00 -1.00 0 0 0.4021 0.9951 0.000500
669.00 P 20260731 -1.00 -1.00 0 15 0.3854 -0.0052 0.000500
670.00 C 20260731 -1.00 -1.00 1 26 0.3964 0.9949 0.000500
670.00 P 20260731 -1.00 -1.00 6 781 0.3852 -0.0053 0.000500
671.00 C 20260731 -1.00 -1.00 0 0 0.3907 0.9947 0.000500
671.00 P 20260731 -1.00 -1.00 1 15 0.3798 -0.0056 0.000500
672.00 C 20260731 -1.00 -1.00 0 0 0.3885 0.9945 0.000600
672.00 P 20260731 -1.00 -1.00 0 19 0.3751 -0.0058 0.000600
673.00 C 20260731 -1.00 -1.00 0 0 0.3861 0.9942 0.000600
673.00 P 20260731 -1.00 -1.00 0 3 0.3737 -0.0060 0.000600
674.00 C 20260731 -1.00 -1.00 0 7 -1.0000 0.9940 0.000600
674.00 P 20260731 -1.00 -1.00 0 123 0.3686 -0.0062 0.000600
675.00 C 20260731 -1.00 -1.00 0 44 0.3778 0.9938 0.000600
675.00 P 20260731 -1.00 -1.00 4 62 0.3636 -0.0065 0.000600
676.00 C 20260731 -1.00 -1.00 0 0 0.3722 0.9935 0.000700
676.00 P 20260731 -1.00 -1.00 0 32 0.3621 -0.0068 0.000700
677.00 C 20260731 -1.00 -1.00 0 0 0.3694 0.9932 0.000700
677.00 P 20260731 -1.00 -1.00 0 12 0.3572 -0.0071 0.000700
678.00 C 20260731 -1.00 -1.00 0 4 0.3665 0.9929 0.000700
678.00 P 20260731 -1.00 -1.00 0 22 0.3552 -0.0074 0.000700
679.00 C 20260731 -1.00 -1.00 0 58 0.3608 0.9925 0.000800
679.00 P 20260731 -1.00 -1.00 0 23 0.3500 -0.0077 0.000800
680.00 C 20260731 -1.00 -1.00 0 34 0.3603 0.9922 0.000800
680.00 P 20260731 -1.00 -1.00 19 16859 0.3452 -0.0080 0.000800
681.00 C 20260731 -1.00 -1.00 0 0 0.3546 0.9918 0.000800
681.00 P 20260731 -1.00 -1.00 0 36 0.3430 -0.0084 0.000800
682.00 C 20260731 -1.00 -1.00 4 8 0.3489 0.9914 0.000900
682.00 P 20260731 -1.00 -1.00 0 24 0.3408 -0.0088 0.000900
683.00 C 20260731 -1.00 -1.00 0 0 0.3479 0.9910 0.000900
683.00 P 20260731 -1.00 -1.00 0 19 0.3355 -0.0092 0.000900
684.00 C 20260731 -1.00 -1.00 0 59 0.3903 0.9905 0.001000
684.00 P 20260731 -1.00 -1.00 0 397 0.3329 -0.0097 0.001000
685.00 C 20260731 -1.00 -1.00 32 13 0.3387 0.9900 0.001000
685.00 P 20260731 -1.00 -1.00 10 1096 0.3303 -0.0102 0.001000
686.00 C 20260731 -1.00 -1.00 0 27 0.3351 0.9895 0.001100
686.00 P 20260731 -1.00 -1.00 10 36 0.3273 -0.0107 0.001100
687.00 C 20260731 -1.00 -1.00 4 13 0.3314 0.9889 0.001200
687.00 P 20260731 -1.00 -1.00 0 13 0.3220 -0.0113 0.001200
688.00 C 20260731 -1.00 -1.00 0 2 0.3295 0.9883 0.001200
688.00 P 20260731 -1.00 -1.00 2 27 0.3188 -0.0119 0.001200
689.00 C 20260731 -1.00 -1.00 0 0 0.3664 0.9876 0.001300
689.00 P 20260731 -1.00 -1.00 2 42 0.3156 -0.0126 0.001300
690.00 C 20260731 -1.00 -1.00 0 60 0.3215 0.9869 0.001400
690.00 P 20260731 -1.00 -1.00 49 394 0.3123 -0.0133 0.001400
691.00 C 20260731 -1.00 -1.00 0 26 0.3157 0.9862 0.001500
691.00 P 20260731 -1.00 -1.00 0 77 0.3107 -0.0141 0.001500
692.00 C 20260731 -1.00 -1.00 0 5 0.3148 0.9853 0.001600
692.00 P 20260731 -1.00 -1.00 0 11 0.3069 -0.0149 0.001600
693.00 C 20260731 -1.00 -1.00 0 0 0.3105 0.9844 0.001700
693.00 P 20260731 -1.00 -1.00 0 975 0.3032 -0.0158 0.001700
694.00 C 20260731 -1.00 -1.00 0 80 0.3076 0.9834 0.001800
694.00 P 20260731 -1.00 -1.00 1 42 0.3010 -0.0168 0.001800
695.00 C 20260731 -1.00 -1.00 32 41 0.3045 0.9824 0.001900
695.00 P 20260731 -1.00 -1.00 9 121 0.2969 -0.0178 0.001900
696.00 C 20260731 -1.00 -1.00 0 81 0.3013 0.9812 0.002000
696.00 P 20260731 -1.00 -1.00 27 67 0.2942 -0.0190 0.002000
697.00 C 20260731 -1.00 -1.00 0 1 0.2966 0.9800 0.002100
697.00 P 20260731 -1.00 -1.00 1 34 0.2914 -0.0202 0.002100
698.00 C 20260731 -1.00 -1.00 0 0 0.2194 0.9786 0.002300
698.00 P 20260731 -1.00 -1.00 0 11 0.2883 -0.0216 0.002300
699.00 C 20260731 -1.00 -1.00 0 9 0.2906 0.9771 0.002400
699.00 P 20260731 -1.00 -1.00 7 201 0.2863 -0.0231 0.002400
700.00 C 20260731 -1.00 -1.00 0 31 0.2879 0.9755 0.002600
700.00 P 20260731 -1.00 -1.00 82 770 0.2837 -0.0248 0.002600
701.00 C 20260731 -1.00 -1.00 0 20 0.2849 0.9737 0.002800
701.00 P 20260731 -1.00 -1.00 17 65 0.2803 -0.0265 0.002800
702.00 C 20260731 -1.00 -1.00 0 2 0.2817 0.9718 0.003000
702.00 P 20260731 -1.00 -1.00 1 40 0.2784 -0.0284 0.003000
703.00 C 20260731 -1.00 -1.00 0 7 0.2784 0.9697 0.003200
703.00 P 20260731 -1.00 -1.00 32 2182 0.2754 -0.0305 0.003200
704.00 C 20260731 -1.00 -1.00 0 40 0.2766 0.9674 0.003400
704.00 P 20260731 -1.00 -1.00 1 42 0.2731 -0.0328 0.003400
705.00 C 20260731 -1.00 -1.00 0 32 0.2361 0.9649 0.003700
705.00 P 20260731 -1.00 -1.00 83 1421 0.2704 -0.0353 0.003700
706.00 C 20260731 -1.00 -1.00 0 17 0.2704 0.9622 0.004000
706.00 P 20260731 -1.00 -1.00 130 567 0.2683 -0.0380 0.003900
707.00 C 20260731 -1.00 -1.00 0 42 0.2684 0.9592 0.004200
707.00 P 20260731 -1.00 -1.00 10 625 0.2650 -0.0410 0.004200
708.00 C 20260731 -1.00 -1.00 0 3 0.2654 0.9560 0.004500
708.00 P 20260731 -1.00 -1.00 15 115 0.2630 -0.0442 0.004500
709.00 C 20260731 -1.00 -1.00 0 4 0.2634 0.9525 0.004900
709.00 P 20260731 -1.00 -1.00 54 209 0.2606 -0.0477 0.004900
710.00 C 20260731 -1.00 -1.00 0 40 0.2617 0.9486 0.005200
710.00 P 20260731 -1.00 -1.00 137 1472 0.2591 -0.0516 0.005200
711.00 C 20260731 -1.00 -1.00 0 8 0.2590 0.9445 0.005600
711.00 P 20260731 -1.00 -1.00 100 178 0.2561 -0.0557 0.005600
712.00 C 20260731 -1.00 -1.00 0 11 0.2565 0.9400 0.006000
712.00 P 20260731 -1.00 -1.00 168 103 0.2539 -0.0602 0.006000
713.00 C 20260731 -1.00 -1.00 0 12 0.2537 0.9350 0.006500
713.00 P 20260731 -1.00 -1.00 4 80 0.2524 -0.0651 0.006400
714.00 C 20260731 -1.00 -1.00 0 4 0.2515 0.9297 0.006900
714.00 P 20260731 -1.00 -1.00 21 471 0.2493 -0.0705 0.006900
715.00 C 20260731 -1.00 -1.00 0 42 0.2494 0.9240 0.007400
715.00 P 20260731 -1.00 -1.00 107 1692 0.2478 -0.0763 0.007400
716.00 C 20260731 -1.00 -1.00 0 19 0.2469 0.9177 0.007900
716.00 P 20260731 -1.00 -1.00 61 208 0.2455 -0.0824 0.007900
717.00 C 20260731 -1.00 -1.00 3 74 0.2452 0.9110 0.008500
717.00 P 20260731 -1.00 -1.00 34 260 0.2435 -0.0892 0.008500
718.00 C 20260731 -1.00 -1.00 2 23 0.2430 0.9038 0.009100
718.00 P 20260731 -1.00 -1.00 59 116 0.2415 -0.0964 0.009100
719.00 C 20260731 -1.00 -1.00 1 2 0.2386 0.8960 0.009700
719.00 P 20260731 -1.00 -1.00 64 70 0.2394 -0.1042 0.009700
720.00 C 20260731 -1.00 -1.00 8 45 0.2378 0.8876 0.010300
720.00 P 20260731 -1.00 -1.00 330 632 0.2372 -0.1126 0.010300
721.00 C 20260731 -1.00 -1.00 4 5 0.2351 0.8786 0.011000
721.00 P 20260731 -1.00 -1.00 77 147 0.2352 -0.1216 0.011000
722.00 C 20260731 -1.00 -1.00 0 15 0.2335 0.8689 0.011700
722.00 P 20260731 -1.00 -1.00 38 659 0.2334 -0.1313 0.011700
723.00 C 20260731 -1.00 -1.00 0 11 0.2316 0.8586 0.012400
723.00 P 20260731 -1.00 -1.00 282 256 0.2313 -0.1416 0.012400
724.00 C 20260731 -1.00 -1.00 0 0 0.2295 0.8476 0.013200
724.00 P 20260731 -1.00 -1.00 233 190 0.2292 -0.1526 0.013200
725.00 C 20260731 -1.00 -1.00 12 43 0.2269 0.8358 0.014000
725.00 P 20260731 -1.00 -1.00 291 3426 0.2270 -0.1644 0.014000
726.00 C 20260731 -1.00 -1.00 1 14 0.2256 0.8232 0.014800
726.00 P 20260731 -1.00 -1.00 503 1964 0.2252 -0.1770 0.014800
727.00 C 20260731 -1.00 -1.00 0 6 0.2235 0.8099 0.015600
727.00 P 20260731 -1.00 -1.00 37 581 0.2231 -0.1903 0.015600
728.00 C 20260731 -1.00 -1.00 3 8 0.2233 0.7957 0.016400
728.00 P 20260731 -1.00 -1.00 19 488 0.2209 -0.2045 0.016400
729.00 C 20260731 -1.00 -1.00 5 6 0.2210 0.7807 0.017300
729.00 P 20260731 -1.00 -1.00 142 572 0.2188 -0.2195 0.017300
730.00 C 20260731 -1.00 -1.00 16 87 0.2187 0.7648 0.018200
730.00 P 20260731 -1.00 -1.00 829 894 0.2168 -0.2354 0.018200
731.00 C 20260731 -1.00 -1.00 7 10 0.2166 0.7480 0.019100
731.00 P 20260731 -1.00 -1.00 103 236 0.2145 -0.2521 0.019100
732.00 C 20260731 -1.00 -1.00 13 9 0.2142 0.7304 0.019900
732.00 P 20260731 -1.00 -1.00 137 215 0.2125 -0.2698 0.019900
733.00 C 20260731 -1.00 -1.00 4 16 0.2122 0.7118 0.020800
733.00 P 20260731 -1.00 -1.00 126 91 0.2102 -0.2884 0.020800
734.00 C 20260731 -1.00 -1.00 14 53 0.2097 0.6922 0.021700
734.00 P 20260731 -1.00 -1.00 135 279 0.2078 -0.3080 0.021700
736.00 C 20260731 -1.00 -1.00 24 37 0.2049 0.6504 0.023300
736.00 P 20260731 -1.00 -1.00 251 170 0.2030 -0.3498 0.023300
737.00 C 20260731 -1.00 -1.00 4 58 0.2022 0.6280 0.024100
737.00 P 20260731 -1.00 -1.00 63 257 0.2008 -0.3722 0.024100
738.00 C 20260731 -1.00 -1.00 10 24 0.1998 0.6047 0.024900
738.00 P 20260731 -1.00 -1.00 192 91 0.1979 -0.3955 0.024900
739.00 C 20260731 -1.00 -1.00 9 101 0.1972 0.5805 0.025600
739.00 P 20260731 -1.00 -1.00 90 245 0.1956 -0.4197 0.025600
740.00 C 20260731 -1.00 -1.00 96 160 0.1946 0.5554 0.026200
740.00 P 20260731 -1.00 -1.00 889 418 0.1925 -0.4448 0.026200
741.00 C 20260731 -1.00 -1.00 54 80 0.1916 0.5291 0.026800
741.00 P 20260731 -1.00 -1.00 181 108 0.1899 -0.4707 0.026700
742.00 C 20260731 -1.00 -1.00 129 69 0.1888 0.5023 0.027200
742.00 P 20260731 -1.00 -1.00 89 117 0.1873 -0.4975 0.027200
743.00 C 20260731 -1.00 -1.00 188 61 0.1860 0.4747 0.027600
743.00 P 20260731 -1.00 -1.00 117 544 0.1844 -0.5251 0.027600
744.00 C 20260731 -1.00 -1.00 197 500 0.1833 0.4468 0.027800
744.00 P 20260731 -1.00 -1.00 88 615 0.1814 -0.5534 0.027800
746.00 C 20260731 -1.00 -1.00 177 265 0.1772 0.3886 0.027800
746.00 P 20260731 -1.00 -1.00 370 391 0.1752 -0.6116 0.027800
747.00 C 20260731 -1.00 -1.00 225 241 0.1741 0.3589 0.027600
747.00 P 20260731 -1.00 -1.00 66 172 0.1721 -0.6413 0.027600
748.00 C 20260731 -1.00 -1.00 174 113 0.1708 0.3290 0.027200
748.00 P 20260731 -1.00 -1.00 42 102 0.1691 -0.6712 0.027200
749.00 C 20260731 -1.00 -1.00 106 110 0.1676 0.2992 0.026600
749.00 P 20260731 -1.00 -1.00 25 225 0.1659 -0.7010 0.026600
750.00 C 20260731 -1.00 -1.00 301 173 0.1645 0.2695 0.025800
750.00 P 20260731 -1.00 -1.00 61 616 0.1626 -0.7307 0.025800
751.00 C 20260731 -1.00 -1.00 191 92 0.1610 0.2403 0.024800
751.00 P 20260731 -1.00 -1.00 0 116 0.1588 -0.7599 0.024800
752.00 C 20260731 -1.00 -1.00 263 217 0.1575 0.2117 0.023500
752.00 P 20260731 -1.00 -1.00 10 189 0.1554 -0.7885 0.023500
753.00 C 20260731 -1.00 -1.00 305 172 0.1543 0.1840 0.022100
753.00 P 20260731 -1.00 -1.00 17 255 0.1519 -0.8162 0.022100
754.00 C 20260731 -1.00 -1.00 211 174 0.1509 0.1576 0.020400
754.00 P 20260731 -1.00 -1.00 17 432 0.1483 -0.8426 0.020400
756.00 C 20260731 -1.00 -1.00 482 255 0.1444 0.1098 0.016700
756.00 P 20260731 -1.00 -1.00 21 150 0.1403 -0.8904 0.016700
757.00 C 20260731 -1.00 -1.00 130 123 0.1410 0.0891 0.014700
757.00 P 20260731 -1.00 -1.00 1 57 0.1359 -0.9110 0.014700
758.00 C 20260731 -1.00 -1.00 207 131 0.1381 0.0710 0.012600
758.00 P 20260731 -1.00 -1.00 5 166 0.1293 -0.9292 0.012600
759.00 C 20260731 -1.00 -1.00 36 89 0.1350 0.0555 0.010600
759.00 P 20260731 -1.00 -1.00 0 36 0.1232 -0.9447 0.010600
760.00 C 20260731 -1.00 -1.00 205 226 0.1321 0.0425 0.008800
760.00 P 20260731 -1.00 -1.00 47 1119 0.1011 -0.9576 0.008800
761.00 C 20260731 -1.00 -1.00 91 158 0.1296 0.0322 0.007100
761.00 P 20260731 -1.00 -1.00 0 39 0.1012 -0.9679 0.007100
762.00 C 20260731 -1.00 -1.00 110 127 0.1278 0.0241 0.005700
762.00 P 20260731 -1.00 -1.00 0 13 0.1203 -0.9760 0.005700
763.00 C 20260731 -1.00 -1.00 319 337 0.1264 0.0181 0.004500
763.00 P 20260731 -1.00 -1.00 0 5 0.1163 -0.9821 0.004500
764.00 C 20260731 -1.00 -1.00 16 397 0.1262 0.0136 0.003500
764.00 P 20260731 -1.00 -1.00 4 131 -1.0000 -0.9866 0.003500
766.00 C 20260731 -1.00 -1.00 28 249 0.1265 0.0077 0.002200
766.00 P 20260731 -1.00 -1.00 2 6 0.1141 -0.9924 0.002200
767.00 C 20260731 -1.00 -1.00 59 67 0.1273 0.0060 0.001700
767.00 P 20260731 -1.00 -1.00 4 5 0.1121 -0.9942 0.001700
768.00 C 20260731 -1.00 -1.00 3 2978 0.1319 0.0047 0.001400
768.00 P 20260731 -1.00 -1.00 12 13 0.1173 -0.9955 0.001400
769.00 C 20260731 -1.00 -1.00 4 79 0.1321 0.0037 0.001100
769.00 P 20260731 -1.00 -1.00 0 15 0.1104 -0.9964 0.001100
770.00 C 20260731 -1.00 -1.00 21 741 0.1308 0.0029 0.000900
770.00 P 20260731 -1.00 -1.00 11 21 -1.0000 -0.9972 0.000900
771.00 C 20260731 -1.00 -1.00 22 43 0.1406 0.0024 0.000700
771.00 P 20260731 -1.00 -1.00 0 4 -1.0000 -0.9977 0.000800
772.00 C 20260731 -1.00 -1.00 0 35 0.1448 0.0020 0.000600
772.00 P 20260731 -1.00 -1.00 1 2 -1.0000 -0.9982 0.000600
773.00 C 20260731 -1.00 -1.00 0 79 0.1431 0.0016 0.000500
773.00 P 20260731 -1.00 -1.00 0 0 -1.0000 -0.9985 0.000500
774.00 C 20260731 -1.00 -1.00 61 455 0.1471 0.0014 0.000400
774.00 P 20260731 -1.00 -1.00 0 121 -1.0000 -0.9988 0.000400
776.00 C 20260731 -1.00 -1.00 11 76 0.1552 0.0010 0.000300
776.00 P 20260731 -1.00 -1.00 0 3 -1.0000 -0.9992 0.000300
777.00 C 20260731 -1.00 -1.00 1 44 0.1657 0.0009 0.000300
777.00 P 20260731 -1.00 -1.00 0 3 -1.0000 -0.9993 0.000300
778.00 C 20260731 -1.00 -1.00 0 42 0.1632 0.0008 0.000200
778.00 P 20260731 -1.00 -1.00 0 1 -1.0000 -0.9994 0.000200
779.00 C 20260731 -1.00 -1.00 1 91 0.1672 0.0007 0.000200
779.00 P 20260731 -1.00 -1.00 0 1 -1.0000 -0.9995 0.000200
780.00 C 20260731 -1.00 -1.00 30 881 0.1711 0.0006 0.000200
780.00 P 20260731 -1.00 -1.00 1 11 0.2404 -0.9996 0.000200
781.00 C 20260731 -1.00 -1.00 0 399 0.1751 0.0005 0.000200
781.00 P 20260731 -1.00 -1.00 1 3 0.2469 -0.9997 0.000200
782.00 C 20260731 -1.00 -1.00 0 46 0.1790 0.0005 0.000100
782.00 P 20260731 -1.00 -1.00 0 1 -1.0000 -0.9997 0.000100
783.00 C 20260731 -1.00 -1.00 0 10 0.1830 0.0004 0.000100
783.00 P 20260731 -1.00 -1.00 0 8 -1.0000 -0.9998 0.000100
784.00 C 20260731 -1.00 -1.00 0 390 0.1869 0.0004 0.000100
784.00 P 20260731 -1.00 -1.00 0 1 -1.0000 -0.9998 0.000100
786.00 C 20260731 -1.00 -1.00 2 74 0.1946 0.0003 0.000100
786.00 P 20260731 -1.00 -1.00 0 3 -1.0000 -0.9999 0.000100
787.00 C 20260731 -1.00 -1.00 0 8 0.1985 0.0003 0.000100
787.00 P 20260731 -1.00 -1.00 0 1 -1.0000 -0.9999 0.000100
788.00 C 20260731 -1.00 -1.00 0 18 0.2024 0.0003 0.000100
788.00 P 20260731 -1.00 -1.00 0 0 -1.0000 -0.9999 0.000100
789.00 C 20260731 -1.00 -1.00 0 28 0.2062 0.0002 0.000100
789.00 P 20260731 -1.00 -1.00 0 0 -1.0000 -1.0000 0.000100
790.00 C 20260731 -1.00 -1.00 0 2166 0.2101 0.0002 0.000100
790.00 P 20260731 -1.00 -1.00 0 0 0.2929 -1.0000 0.000100
791.00 C 20260731 -1.00 -1.00 6 511 0.2139 0.0002 0.000100
791.00 P 20260731 -1.00 -1.00 0 0 -1.0000 -1.0000 0.000100
792.00 C 20260731 -1.00 -1.00 0 21 0.2177 0.0002 0.000000
792.00 P 20260731 -1.00 -1.00 0 1 -1.0000 -1.0000 0.000000
793.00 C 20260731 -1.00 -1.00 0 11 0.2215 0.0002 0.000000
793.00 P 20260731 -1.00 -1.00 0 0 -1.0000 -1.0000 0.000000
794.00 C 20260731 -1.00 -1.00 0 823 0.2253 0.0002 0.000000
794.00 P 20260731 -1.00 -1.00 0 0 -1.0000 -1.0000 0.000000
796.00 C 20260731 -1.00 -1.00 0 527 0.2329 0.0001 0.000000
796.00 P 20260731 -1.00 -1.00 0 0 -1.0000 -1.0000 0.000000
797.00 C 20260731 -1.00 -1.00 0 7 0.2367 0.0001 0.000000
797.00 P 20260731 -1.00 -1.00 0 1 -1.0000 -1.0000 0.000000
798.00 C 20260731 -1.00 -1.00 0 5 0.2404 0.0001 0.000000
798.00 P 20260731 -1.00 -1.00 0 0 -1.0000 -1.0000 0.000000
799.00 C 20260731 -1.00 -1.00 0 16 0.2442 0.0001 0.000000
799.00 P 20260731 -1.00 -1.00 0 0 -1.0000 -1.0000 0.000000
800.00 C 20260731 -1.00 -1.00 3 149 0.2479 0.0001 0.000000
800.00 P 20260731 -1.00 -1.00 0 1 -1.0000 -1.0000 0.000000
810.00 C 20260731 -1.00 -1.00 7 683 0.2845 0.0000 0.000000
810.00 P 20260731 -1.00 -1.00 0 0 -1.0000 -1.0000 0.000000
820.00 C 20260731 -1.00 -1.00 3 609 0.3029 0.0000 0.000000
820.00 P 20260731 -1.00 -1.00 0 0 -1.0000 -1.0000 0.000000
655.00 C 20260803 -1.00 -1.00 0 0 0.3757 0.9950 0.000400
655.00 P 20260803 -1.00 -1.00 2 0 0.3521 -0.0052 0.000400
660.00 C 20260803 -1.00 -1.00 0 0 0.3579 0.9942 0.000500
660.00 P 20260803 -1.00 -1.00 0 16 0.3391 -0.0060 0.000500
665.00 C 20260803 -1.00 -1.00 0 0 0.3398 0.9931 0.000600
665.00 P 20260803 -1.00 -1.00 0 0 0.3248 -0.0071 0.000600
670.00 C 20260803 -1.00 -1.00 0 0 0.3231 0.9918 0.000700
670.00 P 20260803 -1.00 -1.00 0 41 0.3096 -0.0084 0.000700
675.00 C 20260803 -1.00 -1.00 0 0 0.3074 0.9901 0.000900
675.00 P 20260803 -1.00 -1.00 5 1 0.2936 -0.0101 0.000900
680.00 C 20260803 -1.00 -1.00 0 1 0.2909 0.9879 0.001100
680.00 P 20260803 -1.00 -1.00 2 30 0.2802 -0.0123 0.001100
681.00 C 20260803 -1.00 -1.00 0 0 0.2890 0.9874 0.001200
681.00 P 20260803 -1.00 -1.00 0 0 0.2778 -0.0128 0.001200
682.00 C 20260803 -1.00 -1.00 0 0 0.2845 0.9868 0.001200
682.00 P 20260803 -1.00 -1.00 0 0 0.2750 -0.0133 0.001200
683.00 C 20260803 -1.00 -1.00 0 0 0.2837 0.9862 0.001300
683.00 P 20260803 -1.00 -1.00 0 0 0.2710 -0.0140 0.001300
684.00 C 20260803 -1.00 -1.00 0 0 0.2792 0.9856 0.001300
684.00 P 20260803 -1.00 -1.00 0 0 0.2695 -0.0146 0.001300
685.00 C 20260803 -1.00 -1.00 0 0 0.2770 0.9849 0.001400
685.00 P 20260803 -1.00 -1.00 21 3 0.2680 -0.0152 0.001400
686.00 C 20260803 -1.00 -1.00 0 0 0.2735 0.9842 0.001500
686.00 P 20260803 -1.00 -1.00 0 2 0.2638 -0.0160 0.001500
687.00 C 20260803 -1.00 -1.00 0 0 0.2711 0.9834 0.001500
687.00 P 20260803 -1.00 -1.00 0 0 0.2620 -0.0167 0.001500
688.00 C 20260803 -1.00 -1.00 0 0 0.2686 0.9826 0.001600
688.00 P 20260803 -1.00 -1.00 0 26 0.2601 -0.0176 0.001600
689.00 C 20260803 -1.00 -1.00 0 0 0.2660 0.9817 0.001700
689.00 P 20260803 -1.00 -1.00 0 0 0.2581 -0.0186 0.001700
690.00 C 20260803 -1.00 -1.00 0 0 0.2633 0.9807 0.001800
690.00 P 20260803 -1.00 -1.00 2 604 0.2559 -0.0195 0.001800
691.00 C 20260803 -1.00 -1.00 0 0 0.2605 0.9797 0.001900
691.00 P 20260803 -1.00 -1.00 1 1 0.2536 -0.0206 0.001900
692.00 C 20260803 -1.00 -1.00 0 0 0.2576 0.9786 0.002000
692.00 P 20260803 -1.00 -1.00 0 0 0.2511 -0.0217 0.002000
693.00 C 20260803 -1.00 -1.00 0 0 0.2546 0.9774 0.002100
693.00 P 20260803 -1.00 -1.00 0 26 0.2485 -0.0230 0.002100
694.00 C 20260803 -1.00 -1.00 0 0 0.2524 0.9760 0.002200
694.00 P 20260803 -1.00 -1.00 0 199 0.2458 -0.0243 0.002200
695.00 C 20260803 -1.00 -1.00 0 1 0.2500 0.9746 0.002400
695.00 P 20260803 -1.00 -1.00 2 37 0.2439 -0.0257 0.002400
696.00 C 20260803 -1.00 -1.00 1 0 0.2475 0.9731 0.002500
696.00 P 20260803 -1.00 -1.00 2 196 0.2419 -0.0271 0.002500
697.00 C 20260803 -1.00 -1.00 0 0 0.2448 0.9714 0.002700
697.00 P 20260803 -1.00 -1.00 0 42 0.2397 -0.0288 0.002700
698.00 C 20260803 -1.00 -1.00 0 0 0.2427 0.9696 0.002800
698.00 P 20260803 -1.00 -1.00 3 29 0.2372 -0.0306 0.002800
699.00 C 20260803 -1.00 -1.00 0 0 0.2405 0.9676 0.003000
699.00 P 20260803 -1.00 -1.00 0 37 0.2354 -0.0326 0.003000
700.00 C 20260803 -1.00 -1.00 0 0 0.2380 0.9655 0.003200
700.00 P 20260803 -1.00 -1.00 5 66 0.2332 -0.0348 0.003200
701.00 C 20260803 -1.00 -1.00 0 0 0.2355 0.9632 0.003400
701.00 P 20260803 -1.00 -1.00 0 1 0.2316 -0.0371 0.003400
702.00 C 20260803 -1.00 -1.00 0 0 0.2339 0.9608 0.003600
702.00 P 20260803 -1.00 -1.00 0 42 0.2291 -0.0396 0.003600
703.00 C 20260803 -1.00 -1.00 0 2 0.2315 0.9581 0.003800
703.00 P 20260803 -1.00 -1.00 2 46 0.2276 -0.0423 0.003800
704.00 C 20260803 -1.00 -1.00 0 0 0.2290 0.9552 0.004100
704.00 P 20260803 -1.00 -1.00 0 1 0.2250 -0.0450 0.004100
705.00 C 20260803 -1.00 -1.00 0 2 0.2273 0.9520 0.004400
705.00 P 20260803 -1.00 -1.00 5 18 0.2230 -0.0482 0.004400
706.00 C 20260803 -1.00 -1.00 0 0 0.2249 0.9487 0.004600
706.00 P 20260803 -1.00 -1.00 2 45 0.2219 -0.0515 0.004600
707.00 C 20260803 -1.00 -1.00 0 0 0.2228 0.9450 0.004900
707.00 P 20260803 -1.00 -1.00 0 70 0.2195 -0.0552 0.004900
708.00 C 20260803 -1.00 -1.00 0 0 0.2208 0.9411 0.005200
708.00 P 20260803 -1.00 -1.00 5 21 0.2178 -0.0591 0.005200
709.00 C 20260803 -1.00 -1.00 0 0 0.2191 0.9369 0.005600
709.00 P 20260803 -1.00 -1.00 3 11 0.2159 -0.0633 0.005600
710.00 C 20260803 -1.00 -1.00 0 5 0.2171 0.9324 0.005900
710.00 P 20260803 -1.00 -1.00 14 66 0.2145 -0.0678 0.005900
711.00 C 20260803 -1.00 -1.00 0 0 0.2155 0.9275 0.006300
711.00 P 20260803 -1.00 -1.00 1 54 0.2128 -0.0727 0.006300
712.00 C 20260803 -1.00 -1.00 0 0 0.2137 0.9223 0.006700
712.00 P 20260803 -1.00 -1.00 5 53 0.2108 -0.0779 0.006700
713.00 C 20260803 -1.00 -1.00 0 0 0.2116 0.9168 0.007100
713.00 P 20260803 -1.00 -1.00 14 3 0.2092 -0.0834 0.007100
714.00 C 20260803 -1.00 -1.00 0 0 0.2099 0.9108 0.007500
714.00 P 20260803 -1.00 -1.00 12 779 0.2077 -0.0894 0.007500
715.00 C 20260803 -1.00 -1.00 0 0 0.2085 0.9044 0.008000
715.00 P 20260803 -1.00 -1.00 26 56 0.2058 -0.0958 0.008000
716.00 C 20260803 -1.00 -1.00 0 0 0.2057 0.8976 0.008500
716.00 P 20260803 -1.00 -1.00 12 48 0.2043 -0.1026 0.008500
717.00 C 20260803 -1.00 -1.00 0 0 0.2052 0.8904 0.009000
717.00 P 20260803 -1.00 -1.00 8 8 0.2027 -0.1098 0.009000
718.00 C 20260803 -1.00 -1.00 0 0 0.2024 0.8826 0.009500
718.00 P 20260803 -1.00 -1.00 26 29 0.2008 -0.1176 0.009500
719.00 C 20260803 -1.00 -1.00 0 1 0.2003 0.8744 0.010000
719.00 P 20260803 -1.00 -1.00 32 28 0.1993 -0.1258 0.010000
720.00 C 20260803 -1.00 -1.00 4 7 0.1982 0.8657 0.010600
720.00 P 20260803 -1.00 -1.00 57 2376 0.1975 -0.1345 0.010600
721.00 C 20260803 -1.00 -1.00 0 1 0.1969 0.8565 0.011200
721.00 P 20260803 -1.00 -1.00 21 187 0.1960 -0.1437 0.011200
722.00 C 20260803 -1.00 -1.00 0 0 0.1956 0.8466 0.011800
722.00 P 20260803 -1.00 -1.00 62 15 0.1946 -0.1536 0.011800
723.00 C 20260803 -1.00 -1.00 0 7 0.1938 0.8362 0.012400
723.00 P 20260803 -1.00 -1.00 6 27 0.1928 -0.1640 0.012400
724.00 C 20260803 -1.00 -1.00 8 7 0.1921 0.8252 0.013100
724.00 P 20260803 -1.00 -1.00 26 82 0.1911 -0.1750 0.013100
725.00 C 20260803 -1.00 -1.00 0 1 0.1914 0.8136 0.013700
725.00 P 20260803 -1.00 -1.00 241 207 0.1894 -0.1866 0.013700
726.00 C 20260803 -1.00 -1.00 2 0 0.1896 0.8013 0.014400
726.00 P 20260803 -1.00 -1.00 50 29 0.1876 -0.1989 0.014400
727.00 C 20260803 -1.00 -1.00 8 1 0.1869 0.7884 0.015100
727.00 P 20260803 -1.00 -1.00 40 30 0.1860 -0.2118 0.015100
728.00 C 20260803 -1.00 -1.00 0 0 0.1852 0.7747 0.015800
728.00 P 20260803 -1.00 -1.00 25 59 0.1842 -0.2255 0.015800
729.00 C 20260803 -1.00 -1.00 0 0 0.1834 0.7604 0.016500
729.00 P 20260803 -1.00 -1.00 45 112 0.1825 -0.2398 0.016500
730.00 C 20260803 -1.00 -1.00 0 21 0.1826 0.7453 0.017200
730.00 P 20260803 -1.00 -1.00 52 108 0.1807 -0.2549 0.017200
731.00 C 20260803 -1.00 -1.00 1 1 0.1808 0.7295 0.017900
731.00 P 20260803 -1.00 -1.00 75 77 0.1789 -0.2707 0.017900
732.00 C 20260803 -1.00 -1.00 1 1 0.1789 0.7129 0.018600
732.00 P 20260803 -1.00 -1.00 20 39 0.1770 -0.2873 0.018600
733.00 C 20260803 -1.00 -1.00 1 3 0.1769 0.6956 0.019400
733.00 P 20260803 -1.00 -1.00 90 14 0.1752 -0.3046 0.019400
734.00 C 20260803 -1.00 -1.00 0 1 0.1750 0.6775 0.020100
734.00 P 20260803 -1.00 -1.00 12 22 0.1733 -0.3227 0.020100
735.00 C 20260803 -1.00 -1.00 1 14 0.1730 0.6586 0.020700
735.00 P 20260803 -1.00 -1.00 47 392 0.1712 -0.3416 0.020700
736.00 C 20260803 -1.00 -1.00 2 12 0.1710 0.6389 0.021400
736.00 P 20260803 -1.00 -1.00 30 32 0.1694 -0.3613 0.021400
737.00 C 20260803 -1.00 -1.00 1 9 0.1689 0.6184 0.022000
737.00 P 20260803 -1.00 -1.00 34 20 0.1672 -0.3818 0.022000
738.00 C 20260803 -1.00 -1.00 4 2 0.1668 0.5972 0.022700
738.00 P 20260803 -1.00 -1.00 11 88 0.1650 -0.4030 0.022700
739.00 C 20260803 -1.00 -1.00 3 6 0.1648 0.5751 0.023200
739.00 P 20260803 -1.00 -1.00 35 17 0.1631 -0.4251 0.023200
740.00 C 20260803 -1.00 -1.00 11 6 0.1625 0.5524 0.023800
740.00 P 20260803 -1.00 -1.00 34 66 0.1608 -0.4479 0.023800
741.00 C 20260803 -1.00 -1.00 29 2 0.1602 0.5288 0.024200
741.00 P 20260803 -1.00 -1.00 26 9 0.1586 -0.4714 0.024200
742.00 C 20260803 -1.00 -1.00 13 17 0.1580 0.5046 0.024600
742.00 P 20260803 -1.00 -1.00 21 71 0.1563 -0.4956 0.024600
743.00 C 20260803 -1.00 -1.00 10 10 0.1556 0.4796 0.025000
743.00 P 20260803 -1.00 -1.00 31 15 0.1539 -0.5206 0.025000
744.00 C 20260803 -1.00 -1.00 13 10 0.1533 0.4540 0.025200
744.00 P 20260803 -1.00 -1.00 32 9 0.1516 -0.5462 0.025200
745.00 C 20260803 -1.00 -1.00 47 171 0.1508 0.4279 0.025400
745.00 P 20260803 -1.00 -1.00 48 97 0.1491 -0.5723 0.025400
746.00 C 20260803 -1.00 -1.00 31 6 0.1483 0.4013 0.025400
746.00 P 20260803 -1.00 -1.00 4 56 0.1466 -0.5990 0.025400
747.00 C 20260803 -1.00 -1.00 18 3 0.1460 0.3742 0.025300
747.00 P 20260803 -1.00 -1.00 22 16 0.1442 -0.6260 0.025300
748.00 C 20260803 -1.00 -1.00 33 30 0.1436 0.3469 0.025000
748.00 P 20260803 -1.00 -1.00 21 14 0.1416 -0.6533 0.025000
749.00 C 20260803 -1.00 -1.00 36 8 0.1409 0.3196 0.024700
749.00 P 20260803 -1.00 -1.00 9 19 0.1406 -0.6807 0.024700
750.00 C 20260803 -1.00 -1.00 31 30 0.1384 0.2922 0.024100
750.00 P 20260803 -1.00 -1.00 34 48 0.1376 -0.7080 0.024100
751.00 C 20260803 -1.00 -1.00 6 29 0.1359 0.2650 0.023400
751.00 P 20260803 -1.00 -1.00 11 8 0.1356 -0.7352 0.023400
752.00 C 20260803 -1.00 -1.00 26 68 0.1331 0.2383 0.022600
752.00 P 20260803 -1.00 -1.00 100 28 0.1332 -0.7619 0.022600
753.00 C 20260803 -1.00 -1.00 18 30 0.1305 0.2120 0.021500
753.00 P 20260803 -1.00 -1.00 75 35 0.1303 -0.7882 0.021500
754.00 C 20260803 -1.00 -1.00 15 18 0.1279 0.1866 0.020300
754.00 P 20260803 -1.00 -1.00 4 8 0.1278 -0.8137 0.020300
755.00 C 20260803 -1.00 -1.00 21 54 0.1252 0.1621 0.019000
755.00 P 20260803 -1.00 -1.00 905 32 0.1235 -0.8382 0.019000
756.00 C 20260803 -1.00 -1.00 31 13 0.1227 0.1388 0.017500
756.00 P 20260803 -1.00 -1.00 18 24 0.1226 -0.8614 0.017500
757.00 C 20260803 -1.00 -1.00 60 30 0.1202 0.1172 0.015900
757.00 P 20260803 -1.00 -1.00 3 6 0.1202 -0.8830 0.015900
758.00 C 20260803 -1.00 -1.00 58 38 0.1175 0.0973 0.014200
758.00 P 20260803 -1.00 -1.00 2 8 0.1152 -0.9029 0.014200
759.00 C 20260803 -1.00 -1.00 14 14 0.1154 0.0796 0.012500
759.00 P 20260803 -1.00 -1.00 3 7 0.1120 -0.9206 0.012500
760.00 C 20260803 -1.00 -1.00 37 57 0.1128 0.0641 0.010800
760.00 P 20260803 -1.00 -1.00 2 18 0.1084 -0.9361 0.010800
761.00 C 20260803 -1.00 -1.00 11 249 0.1106 0.0509 0.009200
761.00 P 20260803 -1.00 -1.00 0 0 0.1059 -0.9493 0.009200
762.00 C 20260803 -1.00 -1.00 16 38 0.1084 0.0402 0.007700
762.00 P 20260803 -1.00 -1.00 0 2 0.1024 -0.9602 0.007700
763.00 C 20260803 -1.00 -1.00 16 46 0.1067 0.0312 0.006300
763.00 P 20260803 -1.00 -1.00 0 0 0.0993 -0.9691 0.006300
764.00 C 20260803 -1.00 -1.00 24 63 0.1054 0.0243 0.005200
764.00 P 20260803 -1.00 -1.00 1 0 0.0922 -0.9760 0.005200
765.00 C 20260803 -1.00 -1.00 6 77 0.1041 0.0189 0.004200
765.00 P 20260803 -1.00 -1.00 0 3 0.0943 -0.9814 0.004200
766.00 C 20260803 -1.00 -1.00 0 28 0.1025 0.0148 0.003400
766.00 P 20260803 -1.00 -1.00 0 20 0.0878 -0.9854 0.003400
767.00 C 20260803 -1.00 -1.00 5 19 0.1027 0.0117 0.002800
767.00 P 20260803 -1.00 -1.00 0 0 -1.0000 -0.9885 0.002800
768.00 C 20260803 -1.00 -1.00 12 27 0.1022 0.0095 0.002300
768.00 P 20260803 -1.00 -1.00 0 0 -1.0000 -0.9908 0.002300
769.00 C 20260803 -1.00 -1.00 2 8 0.1028 0.0078 0.002000
769.00 P 20260803 -1.00 -1.00 0 0 -1.0000 -0.9925 0.001900
770.00 C 20260803 -1.00 -1.00 4 60 0.1031 0.0064 0.001600
770.00 P 20260803 -1.00 -1.00 0 0 -1.0000 -0.9938 0.001600
771.00 C 20260803 -1.00 -1.00 2 19 0.1095 0.0054 0.001400
771.00 P 20260803 -1.00 -1.00 0 1 -1.0000 -0.9949 0.001400
772.00 C 20260803 -1.00 -1.00 1 14 0.1092 0.0046 0.001200
772.00 P 20260803 -1.00 -1.00 0 1 -1.0000 -0.9957 0.001200
773.00 C 20260803 -1.00 -1.00 0 0 0.1080 0.0040 0.001000
773.00 P 20260803 -1.00 -1.00 0 0 -1.0000 -0.9963 0.001000
774.00 C 20260803 -1.00 -1.00 1 16 0.1109 0.0035 0.000900
774.00 P 20260803 -1.00 -1.00 0 0 -1.0000 -0.9968 0.000900
775.00 C 20260803 -1.00 -1.00 3 24 0.1140 0.0030 0.000800
775.00 P 20260803 -1.00 -1.00 0 0 -1.0000 -0.9972 0.000800
776.00 C 20260803 -1.00 -1.00 0 0 0.1170 0.0026 0.000700
776.00 P 20260803 -1.00 -1.00 0 0 -1.0000 -0.9976 0.000700
777.00 C 20260803 -1.00 -1.00 0 8 0.1201 0.0024 0.000600
777.00 P 20260803 -1.00 -1.00 0 0 -1.0000 -0.9979 0.000600
778.00 C 20260803 -1.00 -1.00 0 0 0.1231 0.0021 0.000500
778.00 P 20260803 -1.00 -1.00 0 0 -1.0000 -0.9981 0.000500
779.00 C 20260803 -1.00 -1.00 0 8 0.1261 0.0019 0.000500
779.00 P 20260803 -1.00 -1.00 0 0 -1.0000 -0.9983 0.000500
780.00 C 20260803 -1.00 -1.00 0 20 0.1292 0.0017 0.000400
780.00 P 20260803 -1.00 -1.00 0 0 -1.0000 -0.9985 0.000400
781.00 C 20260803 -1.00 -1.00 0 0 0.1321 0.0015 0.000400
781.00 P 20260803 -1.00 -1.00 0 0 -1.0000 -0.9987 0.000400
782.00 C 20260803 -1.00 -1.00 0 0 0.1350 0.0014 0.000400
782.00 P 20260803 -1.00 -1.00 0 0 -1.0000 -0.9988 0.000400
783.00 C 20260803 -1.00 -1.00 0 0 0.1380 0.0013 0.000300
783.00 P 20260803 -1.00 -1.00 0 0 -1.0000 -0.9989 0.000300
784.00 C 20260803 -1.00 -1.00 0 0 0.1409 0.0012 0.000300
784.00 P 20260803 -1.00 -1.00 0 0 -1.0000 -0.9990 0.000300
785.00 C 20260803 -1.00 -1.00 1 9 0.1440 0.0011 0.000300
785.00 P 20260803 -1.00 -1.00 0 0 -1.0000 -0.9991 0.000300
786.00 C 20260803 -1.00 -1.00 0 0 0.1469 0.0010 0.000200
786.00 P 20260803 -1.00 -1.00 0 0 -1.0000 -0.9992 0.000200
787.00 C 20260803 -1.00 -1.00 0 0 0.1498 0.0010 0.000200
787.00 P 20260803 -1.00 -1.00 0 0 -1.0000 -0.9993 0.000200
788.00 C 20260803 -1.00 -1.00 0 0 0.1528 0.0009 0.000200
788.00 P 20260803 -1.00 -1.00 0 0 -1.0000 -0.9993 0.000200
789.00 C 20260803 -1.00 -1.00 0 0 0.1557 0.0008 0.000200
789.00 P 20260803 -1.00 -1.00 0 0 -1.0000 -0.9994 0.000200
790.00 C 20260803 -1.00 -1.00 0 27 0.1586 0.0008 0.000200
790.00 P 20260803 -1.00 -1.00 0 0 -1.0000 -0.9994 0.000200
791.00 C 20260803 -1.00 -1.00 0 0 0.1615 0.0007 0.000200
791.00 P 20260803 -1.00 -1.00 0 0 -1.0000 -0.9995 0.000200
792.00 C 20260803 -1.00 -1.00 0 0 0.1644 0.0007 0.000100
792.00 P 20260803 -1.00 -1.00 0 0 -1.0000 -0.9996 0.000100
793.00 C 20260803 -1.00 -1.00 0 0 0.1672 0.0006 0.000100
793.00 P 20260803 -1.00 -1.00 0 0 -1.0000 -0.9996 0.000100
794.00 C 20260803 -1.00 -1.00 0 0 0.1701 0.0006 0.000100
794.00 P 20260803 -1.00 -1.00 0 0 -1.0000 -0.9996 0.000100
795.00 C 20260803 -1.00 -1.00 0 2 0.1730 0.0006 0.000100
795.00 P 20260803 -1.00 -1.00 0 0 -1.0000 -0.9997 0.000100
800.00 C 20260803 -1.00 -1.00 1 16 0.1872 0.0004 0.000100
800.00 P 20260803 -1.00 -1.00 0 2 -1.0000 -0.9998 0.000100
805.00 C 20260803 -1.00 -1.00 0 2 0.2011 0.0003 0.000100
805.00 P 20260803 -1.00 -1.00 0 0 -1.0000 -0.9999 0.000100
810.00 C 20260803 -1.00 -1.00 2 3 0.2150 0.0002 0.000000
810.00 P 20260803 -1.00 -1.00 0 0 -1.0000 -1.0000 0.000000
815.00 C 20260803 -1.00 -1.00 0 0 0.2286 0.0001 0.000000
815.00 P 20260803 -1.00 -1.00 0 0 -1.0000 -1.0000 0.000000
820.00 C 20260803 -1.00 -1.00 0 0 0.2422 0.0001 0.000000
820.00 P 20260803 -1.00 -1.00 0 0 -1.0000 -1.0000 0.000000
825.00 C 20260803 -1.00 -1.00 0 0 0.2556 0.0001 0.000000
825.00 P 20260803 -1.00 -1.00 0 0 -1.0000 -1.0000 0.000000
830.00 C 20260803 -1.00 -1.00 0 0 0.2688 0.0001 0.000000
830.00 P 20260803 -1.00 -1.00 0 0 -1.0000 -1.0000 0.000000
655.00 C 20260804 -1.00 -1.00 0 0 0.3687 0.9930 0.000500
655.00 P 20260804 -1.00 -1.00 0 0 0.3464 -0.0071 0.000500
660.00 C 20260804 -1.00 -1.00 0 0 0.3521 0.9918 0.000600
660.00 P 20260804 -1.00 -1.00 0 61 0.3320 -0.0083 0.000600
665.00 C 20260804 -1.00 -1.00 0 0 0.3365 0.9904 0.000700
665.00 P 20260804 -1.00 -1.00 0 6 0.3168 -0.0097 0.000700
670.00 C 20260804 -1.00 -1.00 0 0 0.3203 0.9887 0.000900
670.00 P 20260804 -1.00 -1.00 0 26 0.3044 -0.0114 0.000900
675.00 C 20260804 -1.00 -1.00 0 0 0.3057 0.9864 0.001100
675.00 P 20260804 -1.00 -1.00 5 0 0.2906 -0.0138 0.001100
680.00 C 20260804 -1.00 -1.00 0 0 0.2910 0.9835 0.001300
680.00 P 20260804 -1.00 -1.00 10 30 0.2780 -0.0167 0.001400
681.00 C 20260804 -1.00 -1.00 0 0 0.2866 0.9828 0.001400
681.00 P 20260804 -1.00 -1.00 0 0 0.2762 -0.0174 0.001400
682.00 C 20260804 -1.00 -1.00 0 0 0.2859 0.9821 0.001500
682.00 P 20260804 -1.00 -1.00 0 0 0.2732 -0.0181 0.001500
683.00 C 20260804 -1.00 -1.00 0 0 0.2815 0.9813 0.001500
683.00 P 20260804 -1.00 -1.00 0 0 0.2712 -0.0189 0.001500
684.00 C 20260804 -1.00 -1.00 0 0 0.2788 0.9805 0.001600
684.00 P 20260804 -1.00 -1.00 0 0 0.2681 -0.0197 0.001600
685.00 C 20260804 -1.00 -1.00 0 0 0.2760 0.9796 0.001700
685.00 P 20260804 -1.00 -1.00 0 2 0.2659 -0.0206 0.001700
686.00 C 20260804 -1.00 -1.00 0 0 0.2740 0.9787 0.001800
686.00 P 20260804 -1.00 -1.00 0 0 0.2636 -0.0215 0.001800
687.00 C 20260804 -1.00 -1.00 0 0 0.2711 0.9777 0.001800
687.00 P 20260804 -1.00 -1.00 0 0 0.2612 -0.0226 0.001900
688.00 C 20260804 -1.00 -1.00 0 0 0.2681 0.9766 0.002000
688.00 P 20260804 -1.00 -1.00 0 0 0.2587 -0.0236 0.002000
689.00 C 20260804 -1.00 -1.00 0 0 0.2651 0.9754 0.002000
689.00 P 20260804 -1.00 -1.00 0 0 0.2569 -0.0248 0.002000
690.00 C 20260804 -1.00 -1.00 0 0 0.2627 0.9742 0.002200
690.00 P 20260804 -1.00 -1.00 0 19 0.2542 -0.0260 0.002200
691.00 C 20260804 -1.00 -1.00 0 0 0.2602 0.9729 0.002300
691.00 P 20260804 -1.00 -1.00 0 0 0.2522 -0.0273 0.002300
692.00 C 20260804 -1.00 -1.00 0 1 0.2576 0.9715 0.002400
692.00 P 20260804 -1.00 -1.00 0 0 0.2500 -0.0288 0.002400
693.00 C 20260804 -1.00 -1.00 0 0 0.2549 0.9700 0.002500
693.00 P 20260804 -1.00 -1.00 0 0 0.2477 -0.0303 0.002500
694.00 C 20260804 -1.00 -1.00 0 0 0.2527 0.9683 0.002600
694.00 P 20260804 -1.00 -1.00 0 0 0.2453 -0.0319 0.002600
695.00 C 20260804 -1.00 -1.00 0 0 0.2510 0.9666 0.002800
695.00 P 20260804 -1.00 -1.00 0 79 0.2434 -0.0337 0.002800
696.00 C 20260804 -1.00 -1.00 0 0 0.2485 0.9647 0.002900
696.00 P 20260804 -1.00 -1.00 0 0 0.2414 -0.0355 0.002900
697.00 C 20260804 -1.00 -1.00 0 0 0.2449 0.9627 0.003100
697.00 P 20260804 -1.00 -1.00 0 0 0.2392 -0.0376 0.003100
698.00 C 20260804 -1.00 -1.00 0 0 0.2428 0.9605 0.003300
698.00 P 20260804 -1.00 -1.00 2 0 0.2369 -0.0397 0.003300
699.00 C 20260804 -1.00 -1.00 0 0 0.2410 0.9582 0.003400
699.00 P 20260804 -1.00 -1.00 0 1 0.2355 -0.0420 0.003500
700.00 C 20260804 -1.00 -1.00 0 0 0.2386 0.9558 0.003600
700.00 P 20260804 -1.00 -1.00 4 20 0.2329 -0.0445 0.003700
701.00 C 20260804 -1.00 -1.00 0 0 0.2365 0.9531 0.003900
701.00 P 20260804 -1.00 -1.00 0 0 0.2311 -0.0472 0.003900
702.00 C 20260804 -1.00 -1.00 0 0 0.2338 0.9502 0.004100
702.00 P 20260804 -1.00 -1.00 2 0 0.2292 -0.0500 0.004100
703.00 C 20260804 -1.00 -1.00 0 0 0.2318 0.9472 0.004300
703.00 P 20260804 -1.00 -1.00 2 0 0.2270 -0.0531 0.004300
704.00 C 20260804 -1.00 -1.00 0 6 0.2300 0.9439 0.004600
704.00 P 20260804 -1.00 -1.00 1 2 0.2253 -0.0563 0.004600
705.00 C 20260804 -1.00 -1.00 0 0 0.2277 0.9404 0.004800
705.00 P 20260804 -1.00 -1.00 2 24 0.2235 -0.0599 0.004800
706.00 C 20260804 -1.00 -1.00 0 0 0.2256 0.9367 0.005100
706.00 P 20260804 -1.00 -1.00 0 0 0.2216 -0.0636 0.005100
707.00 C 20260804 -1.00 -1.00 0 0 0.2236 0.9327 0.005400
707.00 P 20260804 -1.00 -1.00 0 5 0.2197 -0.0675 0.005400
708.00 C 20260804 -1.00 -1.00 0 0 0.2218 0.9284 0.005700
708.00 P 20260804 -1.00 -1.00 2 0 0.2180 -0.0719 0.005700
709.00 C 20260804 -1.00 -1.00 0 0 0.2198 0.9239 0.006000
709.00 P 20260804 -1.00 -1.00 0 0 0.2162 -0.0764 0.006000
710.00 C 20260804 -1.00 -1.00 0 0 0.2179 0.9191 0.006300
710.00 P 20260804 -1.00 -1.00 5 21 0.2144 -0.0811 0.006300
711.00 C 20260804 -1.00 -1.00 0 0 0.2160 0.9139 0.006700
711.00 P 20260804 -1.00 -1.00 0 1 0.2127 -0.0863 0.006700
712.00 C 20260804 -1.00 -1.00 0 0 0.2143 0.9084 0.007100
712.00 P 20260804 -1.00 -1.00 0 3 0.2111 -0.0918 0.007100
713.00 C 20260804 -1.00 -1.00 0 0 0.2125 0.9026 0.007400
713.00 P 20260804 -1.00 -1.00 0 8 0.2093 -0.0976 0.007400
714.00 C 20260804 -1.00 -1.00 0 0 0.2098 0.8964 0.007900
714.00 P 20260804 -1.00 -1.00 6 5 0.2079 -0.1037 0.007800
715.00 C 20260804 -1.00 -1.00 0 0 0.2083 0.8898 0.008300
715.00 P 20260804 -1.00 -1.00 20 26 0.2060 -0.1103 0.008300
716.00 C 20260804 -1.00 -1.00 0 0 0.2116 0.8829 0.008700
716.00 P 20260804 -1.00 -1.00 0 10 0.2043 -0.1174 0.008700
717.00 C 20260804 -1.00 -1.00 0 0 0.2050 0.8755 0.009200
717.00 P 20260804 -1.00 -1.00 2 6 0.2027 -0.1248 0.009200
718.00 C 20260804 -1.00 -1.00 0 1 0.2026 0.8677 0.009700
718.00 P 20260804 -1.00 -1.00 1 2 0.2011 -0.1325 0.009700
719.00 C 20260804 -1.00 -1.00 0 0 0.2006 0.8594 0.010200
719.00 P 20260804 -1.00 -1.00 7 7 0.1996 -0.1406 0.010100
720.00 C 20260804 -1.00 -1.00 2 3 0.1985 0.8507 0.010700
720.00 P 20260804 -1.00 -1.00 17 145 0.1980 -0.1494 0.010600
721.00 C 20260804 -1.00 -1.00 0 0 0.1976 0.8414 0.011200
721.00 P 20260804 -1.00 -1.00 2 33 0.1960 -0.1587 0.011200
722.00 C 20260804 -1.00 -1.00 1 0 0.1957 0.8317 0.011700
722.00 P 20260804 -1.00 -1.00 0 30 0.1946 -0.1683 0.011700
723.00 C 20260804 -1.00 -1.00 0 0 0.1940 0.8214 0.012300
723.00 P 20260804 -1.00 -1.00 1 94 0.1928 -0.1787 0.012300
724.00 C 20260804 -1.00 -1.00 0 0 0.1922 0.8106 0.012900
724.00 P 20260804 -1.00 -1.00 1 61 0.1911 -0.1897 0.012900
725.00 C 20260804 -1.00 -1.00 1 3 0.1903 0.7992 0.013400
725.00 P 20260804 -1.00 -1.00 3 235 0.1892 -0.2009 0.013400
726.00 C 20260804 -1.00 -1.00 0 0 0.1888 0.7873 0.014000
726.00 P 20260804 -1.00 -1.00 13 134 0.1875 -0.2129 0.014000
727.00 C 20260804 -1.00 -1.00 0 1 0.1875 0.7747 0.014600
727.00 P 20260804 -1.00 -1.00 17 41 0.1859 -0.2255 0.014600
728.00 C 20260804 -1.00 -1.00 0 3 0.1861 0.7615 0.015300
728.00 P 20260804 -1.00 -1.00 21 127 0.1840 -0.2386 0.015300
729.00 C 20260804 -1.00 -1.00 0 0 0.1842 0.7477 0.015900
729.00 P 20260804 -1.00 -1.00 21 13 0.1823 -0.2525 0.015900
730.00 C 20260804 -1.00 -1.00 0 9 0.1818 0.7332 0.016500
730.00 P 20260804 -1.00 -1.00 14 59 0.1804 -0.2670 0.016500
731.00 C 20260804 -1.00 -1.00 0 0 0.1802 0.7181 0.017100
731.00 P 20260804 -1.00 -1.00 4 4 0.1786 -0.2821 0.017100
732.00 C 20260804 -1.00 -1.00 0 1 0.1786 0.7023 0.017800
732.00 P 20260804 -1.00 -1.00 0 26 0.1767 -0.2979 0.017800
733.00 C 20260804 -1.00 -1.00 0 0 0.1768 0.6858 0.018400
733.00 P 20260804 -1.00 -1.00 2 32 0.1748 -0.3144 0.018400
734.00 C 20260804 -1.00 -1.00 0 0 0.1747 0.6686 0.019000
734.00 P 20260804 -1.00 -1.00 3 24 0.1727 -0.3316 0.019000
735.00 C 20260804 -1.00 -1.00 15 11 0.1726 0.6507 0.019600
735.00 P 20260804 -1.00 -1.00 18 30 0.1709 -0.3497 0.019600
736.00 C 20260804 -1.00 -1.00 0 7 0.1708 0.6322 0.020200
736.00 P 20260804 -1.00 -1.00 5 4 0.1689 -0.3683 0.020200
737.00 C 20260804 -1.00 -1.00 0 0 0.1687 0.6129 0.020700
737.00 P 20260804 -1.00 -1.00 1 12 0.1668 -0.3876 0.020700
738.00 C 20260804 -1.00 -1.00 0 3 0.1665 0.5929 0.021300
738.00 P 20260804 -1.00 -1.00 0 27 0.1648 -0.4076 0.021300
739.00 C 20260804 -1.00 -1.00 3 6 0.1644 0.5723 0.021800
739.00 P 20260804 -1.00 -1.00 20 18 0.1622 -0.4279 0.021800
740.00 C 20260804 -1.00 -1.00 0 9 0.1620 0.5506 0.022200
740.00 P 20260804 -1.00 -1.00 11 55 0.1604 -0.4492 0.022200
741.00 C 20260804 -1.00 -1.00 4 9 0.1600 0.5289 0.022600
741.00 P 20260804 -1.00 -1.00 1 12 0.1581 -0.4713 0.022600
742.00 C 20260804 -1.00 -1.00 6 3 0.1576 0.5059 0.023000
742.00 P 20260804 -1.00 -1.00 2 4 0.1562 -0.4943 0.023000
743.00 C 20260804 -1.00 -1.00 1 5 0.1556 0.4830 0.023300
743.00 P 20260804 -1.00 -1.00 3 5 0.1536 -0.5172 0.023300
744.00 C 20260804 -1.00 -1.00 5 5 0.1533 0.4591 0.023600
744.00 P 20260804 -1.00 -1.00 0 6 0.1514 -0.5411 0.023600
745.00 C 20260804 -1.00 -1.00 2 6 0.1510 0.4347 0.023700
745.00 P 20260804 -1.00 -1.00 2 13 0.1494 -0.5655 0.023700
746.00 C 20260804 -1.00 -1.00 7 4 0.1487 0.4098 0.023800
746.00 P 20260804 -1.00 -1.00 1 14 0.1470 -0.5904 0.023800
747.00 C 20260804 -1.00 -1.00 3 0 0.1462 0.3842 0.023800
747.00 P 20260804 -1.00 -1.00 0 5 0.1454 -0.6156 0.023800
748.00 C 20260804 -1.00 -1.00 4 22 0.1438 0.3590 0.023600
748.00 P 20260804 -1.00 -1.00 0 10 0.1430 -0.6412 0.023600
749.00 C 20260804 -1.00 -1.00 3 13 0.1414 0.3329 0.023300
749.00 P 20260804 -1.00 -1.00 0 10 0.1405 -0.6669 0.023300
750.00 C 20260804 -1.00 -1.00 9 13 0.1390 0.3075 0.023000
750.00 P 20260804 -1.00 -1.00 0 6 0.1372 -0.6927 0.023000
751.00 C 20260804 -1.00 -1.00 44 150 0.1364 0.2815 0.022400
751.00 P 20260804 -1.00 -1.00 3 6 0.1355 -0.7183 0.022400
752.00 C 20260804 -1.00 -1.00 8 15 0.1339 0.2560 0.021700
752.00 P 20260804 -1.00 -1.00 16 9 0.1335 -0.7437 0.021700
753.00 C 20260804 -1.00 -1.00 6 47 0.1316 0.2310 0.020900
753.00 P 20260804 -1.00 -1.00 7 15 0.1302 -0.7688 0.021000
754.00 C 20260804 -1.00 -1.00 2 9 0.1290 0.2065 0.020000
754.00 P 20260804 -1.00 -1.00 1 20 0.1274 -0.7933 0.020000
755.00 C 20260804 -1.00 -1.00 29 40 0.1264 0.1827 0.018900
755.00 P 20260804 -1.00 -1.00 22 26 0.1229 -0.8171 0.018900
756.00 C 20260804 -1.00 -1.00 10 6 0.1240 0.1598 0.017700
756.00 P 20260804 -1.00 -1.00 1 3 0.1214 -0.8400 0.017700
757.00 C 20260804 -1.00 -1.00 3 15 0.1215 0.1381 0.016400
757.00 P 20260804 -1.00 -1.00 0 0 0.1185 -0.8618 0.016400
758.00 C 20260804 -1.00 -1.00 2 14 0.1191 0.1177 0.015000
758.00 P 20260804 -1.00 -1.00 5 0 0.1156 -0.8822 0.015000
759.00 C 20260804 -1.00 -1.00 8 21 0.1168 0.0990 0.013500
759.00 P 20260804 -1.00 -1.00 0 4 0.1120 -0.9009 0.013500
760.00 C 20260804 -1.00 -1.00 21 17 0.1143 0.0820 0.012000
760.00 P 20260804 -1.00 -1.00 5 3 0.1045 -0.9179 0.012000
761.00 C 20260804 -1.00 -1.00 14 73 0.1123 0.0671 0.010500
761.00 P 20260804 -1.00 -1.00 0 8 0.1046 -0.9328 0.010500
762.00 C 20260804 -1.00 -1.00 2 36 0.1102 0.0542 0.009000
762.00 P 20260804 -1.00 -1.00 0 0 0.1002 -0.9458 0.009000
763.00 C 20260804 -1.00 -1.00 13 75 0.1084 0.0434 0.007700
763.00 P 20260804 -1.00 -1.00 0 0 0.0941 -0.9566 0.007700
764.00 C 20260804 -1.00 -1.00 8 24 0.1068 0.0344 0.006400
764.00 P 20260804 -1.00 -1.00 2 0 0.0885 -0.9656 0.006400
765.00 C 20260804 -1.00 -1.00 4 16 0.1052 0.0272 0.005400
765.00 P 20260804 -1.00 -1.00 0 0 0.0948 -0.9728 0.005400
766.00 C 20260804 -1.00 -1.00 6 27 0.1046 0.0217 0.004500
766.00 P 20260804 -1.00 -1.00 0 0 0.0892 -0.9785 0.004400
767.00 C 20260804 -1.00 -1.00 1 14 0.1040 0.0173 0.003700
767.00 P 20260804 -1.00 -1.00 0 0 0.0803 -0.9830 0.003700
768.00 C 20260804 -1.00 -1.00 0 17 0.1040 0.0137 0.003000
768.00 P 20260804 -1.00 -1.00 0 0 -1.0000 -0.9863 0.003100
769.00 C 20260804 -1.00 -1.00 0 4 0.1026 0.0112 0.002500
769.00 P 20260804 -1.00 -1.00 0 0 -1.0000 -0.9889 0.002600
770.00 C 20260804 -1.00 -1.00 5 21 0.1039 0.0092 0.002100
770.00 P 20260804 -1.00 -1.00 0 0 -1.0000 -0.9909 0.002100
771.00 C 20260804 -1.00 -1.00 6 11 0.1048 0.0077 0.001800
771.00 P 20260804 -1.00 -1.00 0 0 -1.0000 -0.9924 0.001800
772.00 C 20260804 -1.00 -1.00 2 12 0.1053 0.0065 0.001500
772.00 P 20260804 -1.00 -1.00 0 0 -1.0000 -0.9936 0.001600
773.00 C 20260804 -1.00 -1.00 0 13 0.1049 0.0055 0.001300
773.00 P 20260804 -1.00 -1.00 0 0 -1.0000 -0.9945 0.001300
774.00 C 20260804 -1.00 -1.00 0 0 0.1079 0.0048 0.001200
774.00 P 20260804 -1.00 -1.00 0 0 -1.0000 -0.9953 0.001200
775.00 C 20260804 -1.00 -1.00 5 8 0.1108 0.0043 0.001000
775.00 P 20260804 -1.00 -1.00 0 0 -1.0000 -0.9959 0.001000
776.00 C 20260804 -1.00 -1.00 0 0 0.1092 0.0039 0.000900
776.00 P 20260804 -1.00 -1.00 0 0 -1.0000 -0.9964 0.000900
777.00 C 20260804 -1.00 -1.00 0 5 0.1122 0.0034 0.000800
777.00 P 20260804 -1.00 -1.00 0 0 -1.0000 -0.9968 0.000800
778.00 C 20260804 -1.00 -1.00 0 5 0.1151 0.0030 0.000700
778.00 P 20260804 -1.00 -1.00 0 0 -1.0000 -0.9972 0.000700
779.00 C 20260804 -1.00 -1.00 0 0 0.1179 0.0027 0.000600
779.00 P 20260804 -1.00 -1.00 0 0 -1.0000 -0.9974 0.000600
780.00 C 20260804 -1.00 -1.00 1 63 0.1207 0.0025 0.000600
780.00 P 20260804 -1.00 -1.00 0 0 -1.0000 -0.9977 0.000600
781.00 C 20260804 -1.00 -1.00 0 0 0.1235 0.0022 0.000500
781.00 P 20260804 -1.00 -1.00 0 0 -1.0000 -0.9979 0.000500
782.00 C 20260804 -1.00 -1.00 0 3 0.1262 0.0021 0.000500
782.00 P 20260804 -1.00 -1.00 0 0 -1.0000 -0.9981 0.000500
783.00 C 20260804 -1.00 -1.00 0 0 0.1290 0.0019 0.000400
783.00 P 20260804 -1.00 -1.00 0 0 -1.0000 -0.9983 0.000400
784.00 C 20260804 -1.00 -1.00 0 0 0.1318 0.0018 0.000400
784.00 P 20260804 -1.00 -1.00 0 0 -1.0000 -0.9984 0.000400
785.00 C 20260804 -1.00 -1.00 0 7 0.1346 0.0016 0.000400
785.00 P 20260804 -1.00 -1.00 0 0 -1.0000 -0.9985 0.000400
786.00 C 20260804 -1.00 -1.00 0 0 0.1373 0.0015 0.000300
786.00 P 20260804 -1.00 -1.00 0 0 -1.0000 -0.9986 0.000300
787.00 C 20260804 -1.00 -1.00 0 0 0.1400 0.0014 0.000300
787.00 P 20260804 -1.00 -1.00 0 0 -1.0000 -0.9987 0.000300
788.00 C 20260804 -1.00 -1.00 0 0 0.1428 0.0013 0.000300
788.00 P 20260804 -1.00 -1.00 0 0 -1.0000 -0.9988 0.000300
789.00 C 20260804 -1.00 -1.00 0 0 0.1455 0.0012 0.000300
789.00 P 20260804 -1.00 -1.00 0 0 -1.0000 -0.9989 0.000300
790.00 C 20260804 -1.00 -1.00 0 3 0.1482 0.0012 0.000200
790.00 P 20260804 -1.00 -1.00 0 0 -1.0000 -0.9990 0.000300
791.00 C 20260804 -1.00 -1.00 0 0 0.1509 0.0011 0.000200
791.00 P 20260804 -1.00 -1.00 0 0 -1.0000 -0.9991 0.000200
792.00 C 20260804 -1.00 -1.00 0 0 0.1536 0.0010 0.000200
792.00 P 20260804 -1.00 -1.00 0 0 -1.0000 -0.9991 0.000200
793.00 C 20260804 -1.00 -1.00 0 0 0.1563 0.0010 0.000200
793.00 P 20260804 -1.00 -1.00 0 0 -1.0000 -0.9992 0.000200
794.00 C 20260804 -1.00 -1.00 0 0 0.1590 0.0009 0.000200
794.00 P 20260804 -1.00 -1.00 0 0 -1.0000 -0.9992 0.000200
795.00 C 20260804 -1.00 -1.00 0 0 0.1617 0.0009 0.000200
795.00 P 20260804 -1.00 -1.00 0 0 -1.0000 -0.9993 0.000200
800.00 C 20260804 -1.00 -1.00 0 8 0.1750 0.0007 0.000100
800.00 P 20260804 -1.00 -1.00 0 1 -1.0000 -0.9995 0.000100
805.00 C 20260804 -1.00 -1.00 0 0 0.1881 0.0005 0.000100
805.00 P 20260804 -1.00 -1.00 0 0 -1.0000 -0.9997 0.000100
810.00 C 20260804 -1.00 -1.00 0 63 0.2010 0.0004 0.000100
810.00 P 20260804 -1.00 -1.00 0 0 -1.0000 -0.9998 0.000100
815.00 C 20260804 -1.00 -1.00 0 0 0.2138 0.0003 0.000000
815.00 P 20260804 -1.00 -1.00 0 0 -1.0000 -0.9999 0.000000
820.00 C 20260804 -1.00 -1.00 0 0 0.2265 0.0002 0.000000
820.00 P 20260804 -1.00 -1.00 0 0 -1.0000 -1.0000 0.000000
825.00 C 20260804 -1.00 -1.00 0 0 0.2390 0.0002 0.000000
825.00 P 20260804 -1.00 -1.00 0 0 -1.0000 -1.0000 0.000000
830.00 C 20260804 -1.00 -1.00 0 0 0.2514 0.0001 0.000000
830.00 P 20260804 -1.00 -1.00 0 0 -1.0000 -1.0000 0.000000
655.00 C 20260805 -1.00 -1.00 0 0 0.3646 0.9905 0.000600
655.00 P 20260805 -1.00 -1.00 0 0 0.3406 -0.0096 0.000600
660.00 C 20260805 -1.00 -1.00 0 0 0.3487 0.9890 0.000800
660.00 P 20260805 -1.00 -1.00 0 22 0.3271 -0.0111 0.000800
665.00 C 20260805 -1.00 -1.00 0 0 0.3343 0.9872 0.000900
665.00 P 20260805 -1.00 -1.00 0 1 0.3143 -0.0130 0.000900
670.00 C 20260805 -1.00 -1.00 0 0 0.3183 0.9849 0.001100
670.00 P 20260805 -1.00 -1.00 0 59 0.3016 -0.0152 0.001100
675.00 C 20260805 -1.00 -1.00 0 0 0.3043 0.9821 0.001300
675.00 P 20260805 -1.00 -1.00 0 26 0.2899 -0.0181 0.001300
680.00 C 20260805 -1.00 -1.00 0 0 0.2899 0.9784 0.001600
680.00 P 20260805 -1.00 -1.00 34 741 0.2775 -0.0218 0.001600
681.00 C 20260805 -1.00 -1.00 0 0 0.2871 0.9775 0.001700
681.00 P 20260805 -1.00 -1.00 0 0 0.2752 -0.0226 0.001700
682.00 C 20260805 -1.00 -1.00 0 0 0.2848 0.9766 0.001700
682.00 P 20260805 -1.00 -1.00 0 0 0.2728 -0.0236 0.001700
683.00 C 20260805 -1.00 -1.00 0 0 0.2819 0.9756 0.001800
683.00 P 20260805 -1.00 -1.00 0 0 0.2703 -0.0245 0.001800
684.00 C 20260805 -1.00 -1.00 0 0 0.2789 0.9746 0.001900
684.00 P 20260805 -1.00 -1.00 0 0 0.2678 -0.0256 0.001900
685.00 C 20260805 -1.00 -1.00 0 0 0.2758 0.9735 0.002000
685.00 P 20260805 -1.00 -1.00 0 84 0.2659 -0.0267 0.002000
686.00 C 20260805 -1.00 -1.00 1 0 0.2733 0.9724 0.002100
686.00 P 20260805 -1.00 -1.00 0 0 0.2632 -0.0278 0.002100
687.00 C 20260805 -1.00 -1.00 0 0 0.2707 0.9711 0.002200
687.00 P 20260805 -1.00 -1.00 0 0 0.2611 -0.0291 0.002200
688.00 C 20260805 -1.00 -1.00 0 0 0.2681 0.9698 0.002300
688.00 P 20260805 -1.00 -1.00 0 0 0.2589 -0.0304 0.002300
689.00 C 20260805 -1.00 -1.00 0 0 0.2659 0.9684 0.002400
689.00 P 20260805 -1.00 -1.00 0 0 0.2566 -0.0318 0.002400
690.00 C 20260805 -1.00 -1.00 0 0 0.2631 0.9669 0.002500
690.00 P 20260805 -1.00 -1.00 21 18 0.2542 -0.0333 0.002500
691.00 C 20260805 -1.00 -1.00 0 0 0.2608 0.9653 0.002600
691.00 P 20260805 -1.00 -1.00 0 0 0.2523 -0.0349 0.002600
692.00 C 20260805 -1.00 -1.00 0 0 0.2583 0.9636 0.002700
692.00 P 20260805 -1.00 -1.00 0 0 0.2503 -0.0366 0.002700
693.00 C 20260805 -1.00 -1.00 0 0 0.2558 0.9619 0.002900
693.00 P 20260805 -1.00 -1.00 0 0 0.2482 -0.0384 0.002900
694.00 C 20260805 -1.00 -1.00 0 0 0.2536 0.9600 0.003000
694.00 P 20260805 -1.00 -1.00 0 0 0.2459 -0.0403 0.003000
695.00 C 20260805 -1.00 -1.00 0 0 0.2514 0.9579 0.003200
695.00 P 20260805 -1.00 -1.00 0 94 0.2435 -0.0423 0.003200
696.00 C 20260805 -1.00 -1.00 0 0 0.2486 0.9558 0.003300
696.00 P 20260805 -1.00 -1.00 1 0 0.2420 -0.0445 0.003300
697.00 C 20260805 -1.00 -1.00 0 0 0.2465 0.9534 0.003500
697.00 P 20260805 -1.00 -1.00 0 0 0.2398 -0.0468 0.003500
698.00 C 20260805 -1.00 -1.00 0 0 0.2439 0.9510 0.003700
698.00 P 20260805 -1.00 -1.00 20 0 0.2376 -0.0492 0.003700
699.00 C 20260805 -1.00 -1.00 0 0 0.2420 0.9484 0.003800
699.00 P 20260805 -1.00 -1.00 0 0 0.2356 -0.0519 0.003800
700.00 C 20260805 -1.00 -1.00 0 0 0.2396 0.9456 0.004000
700.00 P 20260805 -1.00 -1.00 55 175 0.2339 -0.0547 0.004000
701.00 C 20260805 -1.00 -1.00 0 0 0.2374 0.9426 0.004200
701.00 P 20260805 -1.00 -1.00 0 11 0.2317 -0.0576 0.004200
702.00 C 20260805 -1.00 -1.00 0 0 0.2358 0.9395 0.004500
702.00 P 20260805 -1.00 -1.00 0 2 0.2300 -0.0608 0.004500
703.00 C 20260805 -1.00 -1.00 0 0 0.2333 0.9361 0.004700
703.00 P 20260805 -1.00 -1.00 0 1 0.2281 -0.0641 0.004700
704.00 C 20260805 -1.00 -1.00 0 0 0.2310 0.9326 0.004900
704.00 P 20260805 -1.00 -1.00 0 0 0.2261 -0.0677 0.004900
705.00 C 20260805 -1.00 -1.00 0 0 0.2293 0.9288 0.005200
705.00 P 20260805 -1.00 -1.00 0 22 0.2246 -0.0715 0.005200
706.00 C 20260805 -1.00 -1.00 0 0 0.2273 0.9248 0.005400
706.00 P 20260805 -1.00 -1.00 0 0 0.2225 -0.0753 0.005400
707.00 C 20260805 -1.00 -1.00 0 0 0.2252 0.9205 0.005700
707.00 P 20260805 -1.00 -1.00 0 21 0.2206 -0.0796 0.005700
708.00 C 20260805 -1.00 -1.00 0 0 0.2232 0.9160 0.006000
708.00 P 20260805 -1.00 -1.00 2 36 0.2189 -0.0843 0.006000
709.00 C 20260805 -1.00 -1.00 0 0 0.2212 0.9112 0.006300
709.00 P 20260805 -1.00 -1.00 8 7 0.2172 -0.0891 0.006300
710.00 C 20260805 -1.00 -1.00 0 0 0.2192 0.9062 0.006600
710.00 P 20260805 -1.00 -1.00 4 673 0.2154 -0.0940 0.006600
711.00 C 20260805 -1.00 -1.00 0 0 0.2176 0.9008 0.007000
711.00 P 20260805 -1.00 -1.00 1 6 0.2137 -0.0996 0.007000
712.00 C 20260805 -1.00 -1.00 0 0 0.2152 0.8951 0.007300
712.00 P 20260805 -1.00 -1.00 39 26 0.2121 -0.1051 0.007300
713.00 C 20260805 -1.00 -1.00 1 0 0.2132 0.8891 0.007700
713.00 P 20260805 -1.00 -1.00 32 1 0.2102 -0.1112 0.007700
714.00 C 20260805 -1.00 -1.00 0 0 0.2115 0.8828 0.008100
714.00 P 20260805 -1.00 -1.00 0 17 0.2087 -0.1173 0.008100
715.00 C 20260805 -1.00 -1.00 1 1 0.2088 0.8761 0.008500
715.00 P 20260805 -1.00 -1.00 15 34 0.2068 -0.1240 0.008500
716.00 C 20260805 -1.00 -1.00 0 0 0.2081 0.8690 0.008900
716.00 P 20260805 -1.00 -1.00 4 33 0.2051 -0.1314 0.008900
717.00 C 20260805 -1.00 -1.00 0 0 0.2056 0.8616 0.009300
717.00 P 20260805 -1.00 -1.00 5 4 0.2034 -0.1388 0.009300
718.00 C 20260805 -1.00 -1.00 0 0 0.2038 0.8537 0.009700
718.00 P 20260805 -1.00 -1.00 69 37 0.2019 -0.1463 0.009700
719.00 C 20260805 -1.00 -1.00 0 0 0.2021 0.8455 0.010200
719.00 P 20260805 -1.00 -1.00 1 34 0.2001 -0.1547 0.010200
720.00 C 20260805 -1.00 -1.00 1 0 0.2002 0.8368 0.010600
720.00 P 20260805 -1.00 -1.00 83 1274 0.1986 -0.1632 0.010600
721.00 C 20260805 -1.00 -1.00 0 0 0.1986 0.8276 0.011100
721.00 P 20260805 -1.00 -1.00 0 21 0.1969 -0.1724 0.011100
722.00 C 20260805 -1.00 -1.00 0 0 0.1969 0.8180 0.011600
722.00 P 20260805 -1.00 -1.00 0 7 0.1952 -0.1820 0.011600
723.00 C 20260805 -1.00 -1.00 1 0 0.1952 0.8079 0.012100
723.00 P 20260805 -1.00 -1.00 0 28 0.1934 -0.1922 0.012100
724.00 C 20260805 -1.00 -1.00 0 0 0.1934 0.7973 0.012600
724.00 P 20260805 -1.00 -1.00 0 19 0.1916 -0.2028 0.012600
725.00 C 20260805 -1.00 -1.00 0 9 0.1917 0.7862 0.013100
725.00 P 20260805 -1.00 -1.00 4 35 0.1898 -0.2140 0.013100
726.00 C 20260805 -1.00 -1.00 0 0 0.1902 0.7745 0.013600
726.00 P 20260805 -1.00 -1.00 41 171 0.1881 -0.2258 0.013700
727.00 C 20260805 -1.00 -1.00 0 1 0.1884 0.7623 0.014200
727.00 P 20260805 -1.00 -1.00 2 19 0.1862 -0.2378 0.014200
728.00 C 20260805 -1.00 -1.00 0 0 0.1867 0.7496 0.014700
728.00 P 20260805 -1.00 -1.00 2 32 0.1846 -0.2506 0.014700
729.00 C 20260805 -1.00 -1.00 0 3 0.1848 0.7363 0.015300
729.00 P 20260805 -1.00 -1.00 1 21 0.1827 -0.2639 0.015300
730.00 C 20260805 -1.00 -1.00 0 6 0.1827 0.7221 0.015800
730.00 P 20260805 -1.00 -1.00 28 1574 0.1809 -0.2778 0.015800
731.00 C 20260805 -1.00 -1.00 0 0 0.1813 0.7078 0.016400
731.00 P 20260805 -1.00 -1.00 11 46 0.1792 -0.2921 0.016400
732.00 C 20260805 -1.00 -1.00 0 1 0.1794 0.6927 0.016900
732.00 P 20260805 -1.00 -1.00 8 33 0.1773 -0.3074 0.016900
733.00 C 20260805 -1.00 -1.00 0 6 0.1774 0.6770 0.017500
733.00 P 20260805 -1.00 -1.00 14 50 0.1754 -0.3234 0.017500
734.00 C 20260805 -1.00 -1.00 0 0 0.1755 0.6607 0.018000
734.00 P 20260805 -1.00 -1.00 2 17 0.1732 -0.3394 0.018000
735.00 C 20260805 -1.00 -1.00 2 3 0.1733 0.6435 0.018500
735.00 P 20260805 -1.00 -1.00 53 63 0.1715 -0.3567 0.018500
736.00 C 20260805 -1.00 -1.00 0 0 0.1714 0.6262 0.019000
736.00 P 20260805 -1.00 -1.00 5 42 0.1693 -0.3740 0.019000
737.00 C 20260805 -1.00 -1.00 2 7 0.1693 0.6080 0.019500
737.00 P 20260805 -1.00 -1.00 8 10 0.1673 -0.3922 0.019500
738.00 C 20260805 -1.00 -1.00 1 8 0.1674 0.5888 0.020000
738.00 P 20260805 -1.00 -1.00 2 23 0.1653 -0.4110 0.020000
739.00 C 20260805 -1.00 -1.00 4 7 0.1652 0.5694 0.020500
739.00 P 20260805 -1.00 -1.00 4 9 0.1630 -0.4304 0.020400
740.00 C 20260805 -1.00 -1.00 16 5 0.1633 0.5496 0.020900
740.00 P 20260805 -1.00 -1.00 13 9 0.1609 -0.4505 0.020900
741.00 C 20260805 -1.00 -1.00 2 3 0.1612 0.5290 0.021200
741.00 P 20260805 -1.00 -1.00 11 6 0.1589 -0.4715 0.021200
742.00 C 20260805 -1.00 -1.00 3 5 0.1590 0.5078 0.021600
742.00 P 20260805 -1.00 -1.00 11 45 0.1565 -0.4924 0.021600
743.00 C 20260805 -1.00 -1.00 11 0 0.1565 0.4856 0.021900
743.00 P 20260805 -1.00 -1.00 16 9 0.1543 -0.5142 0.021800
744.00 C 20260805 -1.00 -1.00 18 10 0.1545 0.4636 0.022100
744.00 P 20260805 -1.00 -1.00 22 67 0.1522 -0.5369 0.022100
745.00 C 20260805 -1.00 -1.00 5 11 0.1519 0.4404 0.022200
745.00 P 20260805 -1.00 -1.00 10 14 0.1505 -0.5594 0.022200
746.00 C 20260805 -1.00 -1.00 1 2 0.1499 0.4175 0.022300
746.00 P 20260805 -1.00 -1.00 11 16 0.1478 -0.5826 0.022300
747.00 C 20260805 -1.00 -1.00 3 1 0.1475 0.3938 0.022300
747.00 P 20260805 -1.00 -1.00 6 13 0.1455 -0.6063 0.022300
748.00 C 20260805 -1.00 -1.00 12 10 0.1453 0.3698 0.022300
748.00 P 20260805 -1.00 -1.00 12 19 0.1438 -0.6303 0.022300
749.00 C 20260805 -1.00 -1.00 11 13 0.1430 0.3456 0.022100
749.00 P 20260805 -1.00 -1.00 7 25 0.1416 -0.6545 0.022100
750.00 C 20260805 -1.00 -1.00 1 164 0.1403 0.3210 0.021800
750.00 P 20260805 -1.00 -1.00 3 27 0.1378 -0.6788 0.021800
751.00 C 20260805 -1.00 -1.00 50 22 0.1381 0.2968 0.021400
751.00 P 20260805 -1.00 -1.00 0 8 0.1368 -0.7030 0.021400
752.00 C 20260805 -1.00 -1.00 13 19 0.1356 0.2727 0.020900
752.00 P 20260805 -1.00 -1.00 0 7 0.1342 -0.7271 0.020900
753.00 C 20260805 -1.00 -1.00 11 15 0.1332 0.2488 0.020300
753.00 P 20260805 -1.00 -1.00 4 6 0.1315 -0.7509 0.020300
754.00 C 20260805 -1.00 -1.00 6 6 0.1310 0.2254 0.019500
754.00 P 20260805 -1.00 -1.00 1 1 0.1290 -0.7744 0.019500
755.00 C 20260805 -1.00 -1.00 36 59 0.1286 0.2025 0.018700
755.00 P 20260805 -1.00 -1.00 7 11 0.1247 -0.7973 0.018700
756.00 C 20260805 -1.00 -1.00 14 14 0.1261 0.1802 0.017700
756.00 P 20260805 -1.00 -1.00 0 2 0.1235 -0.8196 0.017700
757.00 C 20260805 -1.00 -1.00 0 23 0.1240 0.1591 0.016600
757.00 P 20260805 -1.00 -1.00 1 3 0.1211 -0.8411 0.016600
758.00 C 20260805 -1.00 -1.00 39 32 0.1218 0.1383 0.015400
758.00 P 20260805 -1.00 -1.00 0 0 0.1187 -0.8615 0.015500
759.00 C 20260805 -1.00 -1.00 13 32 0.1194 0.1192 0.014200
759.00 P 20260805 -1.00 -1.00 0 0 0.1158 -0.8807 0.014200
760.00 C 20260805 -1.00 -1.00 10 76 0.1170 0.1014 0.012900
760.00 P 20260805 -1.00 -1.00 0 6 0.1093 -0.8985 0.012900
761.00 C 20260805 -1.00 -1.00 4 38 0.1154 0.0853 0.011600
761.00 P 20260805 -1.00 -1.00 0 0 0.1084 -0.9146 0.011600
762.00 C 20260805 -1.00 -1.00 8 25 0.1135 0.0708 0.010200
762.00 P 20260805 -1.00 -1.00 0 0 0.1047 -0.9291 0.010200
763.00 C 20260805 -1.00 -1.00 0 78 0.1116 0.0582 0.008900
763.00 P 20260805 -1.00 -1.00 0 0 0.1015 -0.9418 0.008900
764.00 C 20260805 -1.00 -1.00 8 18 0.1095 0.0475 0.007700
764.00 P 20260805 -1.00 -1.00 0 0 0.0963 -0.9526 0.007700
765.00 C 20260805 -1.00 -1.00 2 30 0.1086 0.0383 0.006600
765.00 P 20260805 -1.00 -1.00 0 3 0.0986 -0.9617 0.006600
766.00 C 20260805 -1.00 -1.00 6 23 0.1071 0.0310 0.005600
766.00 P 20260805 -1.00 -1.00 0 0 0.0945 -0.9692 0.005600
767.00 C 20260805 -1.00 -1.00 0 28 0.1066 0.0250 0.004700
767.00 P 20260805 -1.00 -1.00 0 0 0.0887 -0.9753 0.004700
768.00 C 20260805 -1.00 -1.00 0 9 0.1052 0.0201 0.003900
768.00 P 20260805 -1.00 -1.00 0 0 0.0779 -0.9801 0.003900
769.00 C 20260805 -1.00 -1.00 1 47 0.1045 0.0164 0.003300
769.00 P 20260805 -1.00 -1.00 0 0 -1.0000 -0.9838 0.003300
770.00 C 20260805 -1.00 -1.00 8 20 0.1055 0.0133 0.002800
770.00 P 20260805 -1.00 -1.00 0 0 -1.0000 -0.9868 0.002800
771.00 C 20260805 -1.00 -1.00 0 5 0.1059 0.0110 0.002300
771.00 P 20260805 -1.00 -1.00 0 0 -1.0000 -0.9890 0.002400
772.00 C 20260805 -1.00 -1.00 7 25 0.1057 0.0093 0.002000
772.00 P 20260805 -1.00 -1.00 0 0 -1.0000 -0.9908 0.002000
773.00 C 20260805 -1.00 -1.00 0 7 0.1045 0.0079 0.001700
773.00 P 20260805 -1.00 -1.00 0 0 -1.0000 -0.9922 0.001700
774.00 C 20260805 -1.00 -1.00 0 0 0.1074 0.0068 0.001500
774.00 P 20260805 -1.00 -1.00 0 0 -1.0000 -0.9933 0.001500
775.00 C 20260805 -1.00 -1.00 1 11 0.1077 0.0060 0.001300
775.00 P 20260805 -1.00 -1.00 0 0 -1.0000 -0.9942 0.001300
776.00 C 20260805 -1.00 -1.00 0 2 0.1072 0.0052 0.001200
776.00 P 20260805 -1.00 -1.00 0 0 -1.0000 -0.9949 0.001200
777.00 C 20260805 -1.00 -1.00 0 7 0.1100 0.0047 0.001000
777.00 P 20260805 -1.00 -1.00 0 0 -1.0000 -0.9955 0.001000
778.00 C 20260805 -1.00 -1.00 0 6 0.1127 0.0042 0.000900
778.00 P 20260805 -1.00 -1.00 0 0 -1.0000 -0.9959 0.000900
779.00 C 20260805 -1.00 -1.00 0 8 0.1109 0.0038 0.000800
779.00 P 20260805 -1.00 -1.00 0 0 -1.0000 -0.9964 0.000800
780.00 C 20260805 -1.00 -1.00 9 79 0.1135 0.0034 0.000800
780.00 P 20260805 -1.00 -1.00 0 0 -1.0000 -0.9967 0.000800
781.00 C 20260805 -1.00 -1.00 0 0 0.1162 0.0031 0.000700
781.00 P 20260805 -1.00 -1.00 0 0 -1.0000 -0.9970 0.000700
782.00 C 20260805 -1.00 -1.00 0 0 0.1188 0.0029 0.000600
782.00 P 20260805 -1.00 -1.00 0 0 -1.0000 -0.9972 0.000600
783.00 C 20260805 -1.00 -1.00 0 0 0.1214 0.0027 0.000600
783.00 P 20260805 -1.00 -1.00 0 0 -1.0000 -0.9975 0.000600
784.00 C 20260805 -1.00 -1.00 0 0 0.1240 0.0025 0.000500
784.00 P 20260805 -1.00 -1.00 0 0 -1.0000 -0.9977 0.000500
785.00 C 20260805 -1.00 -1.00 1 52 0.1266 0.0023 0.000500
785.00 P 20260805 -1.00 -1.00 0 0 -1.0000 -0.9978 0.000500
786.00 C 20260805 -1.00 -1.00 0 0 0.1292 0.0022 0.000400
786.00 P 20260805 -1.00 -1.00 0 0 -1.0000 -0.9980 0.000400
787.00 C 20260805 -1.00 -1.00 0 0 0.1319 0.0020 0.000400
787.00 P 20260805 -1.00 -1.00 0 0 -1.0000 -0.9981 0.000400
788.00 C 20260805 -1.00 -1.00 0 0 0.1344 0.0019 0.000400
788.00 P 20260805 -1.00 -1.00 0 0 -1.0000 -0.9982 0.000400
789.00 C 20260805 -1.00 -1.00 0 0 0.1370 0.0018 0.000400
789.00 P 20260805 -1.00 -1.00 0 0 -1.0000 -0.9984 0.000400
790.00 C 20260805 -1.00 -1.00 0 2 0.1396 0.0017 0.000300
790.00 P 20260805 -1.00 -1.00 0 0 -1.0000 -0.9984 0.000300
791.00 C 20260805 -1.00 -1.00 0 0 0.1421 0.0016 0.000300
791.00 P 20260805 -1.00 -1.00 0 0 -1.0000 -0.9985 0.000300
792.00 C 20260805 -1.00 -1.00 0 0 0.1447 0.0015 0.000300
792.00 P 20260805 -1.00 -1.00 0 0 -1.0000 -0.9986 0.000300
793.00 C 20260805 -1.00 -1.00 0 0 0.1472 0.0014 0.000300
793.00 P 20260805 -1.00 -1.00 0 0 -1.0000 -0.9987 0.000300
794.00 C 20260805 -1.00 -1.00 0 0 0.1497 0.0014 0.000300
794.00 P 20260805 -1.00 -1.00 0 0 -1.0000 -0.9988 0.000300
795.00 C 20260805 -1.00 -1.00 0 0 0.1523 0.0013 0.000200
795.00 P 20260805 -1.00 -1.00 0 0 -1.0000 -0.9988 0.000200
800.00 C 20260805 -1.00 -1.00 0 4 0.1648 0.0010 0.000200
800.00 P 20260805 -1.00 -1.00 3 5 -1.0000 -0.9991 0.000200
805.00 C 20260805 -1.00 -1.00 0 0 0.1772 0.0008 0.000100
805.00 P 20260805 -1.00 -1.00 0 0 -1.0000 -0.9994 0.000100
810.00 C 20260805 -1.00 -1.00 0 3 0.1894 0.0006 0.000100
810.00 P 20260805 -1.00 -1.00 0 0 -1.0000 -0.9995 0.000100
815.00 C 20260805 -1.00 -1.00 0 0 0.2014 0.0005 0.000100
815.00 P 20260805 -1.00 -1.00 0 0 -1.0000 -0.9996 0.000100
820.00 C 20260805 -1.00 -1.00 0 0 0.2134 0.0004 0.000100
820.00 P 20260805 -1.00 -1.00 0 0 -1.0000 -0.9997 0.000100
825.00 C 20260805 -1.00 -1.00 0 0 0.2252 0.0003 0.000000
825.00 P 20260805 -1.00 -1.00 0 0 -1.0000 -0.9998 0.000000
830.00 C 20260805 -1.00 -1.00 0 0 0.2368 0.0002 0.000000
830.00 P 20260805 -1.00 -1.00 0 0 -1.0000 -0.9999 0.000000
655.00 C 20260806 -1.00 -1.00 0 0 0.3555 0.9880 0.000800
655.00 P 20260806 -1.00 -1.00 0 0 0.3369 -0.0121 0.000800
660.00 C 20260806 -1.00 -1.00 0 0 0.3424 0.9862 0.000900
660.00 P 20260806 -1.00 -1.00 0 7 0.3238 -0.0139 0.000900
665.00 C 20260806 -1.00 -1.00 0 0 0.3275 0.9840 0.001000
665.00 P 20260806 -1.00 -1.00 0 15 0.3123 -0.0161 0.001000
670.00 C 20260806 -1.00 -1.00 0 0 0.3129 0.9812 0.001200
670.00 P 20260806 -1.00 -1.00 0 8 0.3006 -0.0188 0.001200
675.00 C 20260806 -1.00 -1.00 0 0 0.2997 0.9778 0.001500
675.00 P 20260806 -1.00 -1.00 2 3 0.2880 -0.0223 0.001500
680.00 C 20260806 -1.00 -1.00 0 0 0.2872 0.9733 0.001800
680.00 P 20260806 -1.00 -1.00 1 24 0.2760 -0.0267 0.001800
681.00 C 20260806 -1.00 -1.00 0 0 0.2836 0.9723 0.001900
681.00 P 20260806 -1.00 -1.00 0 0 0.2742 -0.0279 0.001900
682.00 C 20260806 -1.00 -1.00 0 0 0.2805 0.9712 0.002000
682.00 P 20260806 -1.00 -1.00 0 0 0.2721 -0.0290 0.002000
683.00 C 20260806 -1.00 -1.00 0 0 0.2786 0.9700 0.002000
683.00 P 20260806 -1.00 -1.00 0 0 0.2694 -0.0301 0.002000
684.00 C 20260806 -1.00 -1.00 0 0 0.2765 0.9688 0.002100
684.00 P 20260806 -1.00 -1.00 0 0 0.2678 -0.0313 0.002100
685.00 C 20260806 -1.00 -1.00 0 0 0.2733 0.9675 0.002200
685.00 P 20260806 -1.00 -1.00 0 1 0.2650 -0.0326 0.002200
686.00 C 20260806 -1.00 -1.00 0 0 0.2706 0.9662 0.002300
686.00 P 20260806 -1.00 -1.00 0 1 0.2632 -0.0340 0.002300
687.00 C 20260806 -1.00 -1.00 0 0 0.2688 0.9647 0.002400
687.00 P 20260806 -1.00 -1.00 0 0 0.2607 -0.0354 0.002400
688.00 C 20260806 -1.00 -1.00 0 0 0.2664 0.9632 0.002500
688.00 P 20260806 -1.00 -1.00 0 0 0.2582 -0.0369 0.002500
689.00 C 20260806 -1.00 -1.00 0 0 0.2640 0.9616 0.002600
689.00 P 20260806 -1.00 -1.00 0 0 0.2562 -0.0386 0.002600
690.00 C 20260806 -1.00 -1.00 0 0 0.2610 0.9599 0.002800
690.00 P 20260806 -1.00 -1.00 0 24 0.2540 -0.0403 0.002800
691.00 C 20260806 -1.00 -1.00 0 0 0.2589 0.9581 0.002900
691.00 P 20260806 -1.00 -1.00 0 0 0.2522 -0.0421 0.002900
692.00 C 20260806 -1.00 -1.00 0 0 0.2566 0.9562 0.003000
692.00 P 20260806 -1.00 -1.00 0 0 0.2503 -0.0440 0.003000
693.00 C 20260806 -1.00 -1.00 0 0 0.2542 0.9541 0.003200
693.00 P 20260806 -1.00 -1.00 0 0 0.2478 -0.0460 0.003200
694.00 C 20260806 -1.00 -1.00 0 0 0.2518 0.9520 0.003300
694.00 P 20260806 -1.00 -1.00 4 0 0.2461 -0.0482 0.003300
695.00 C 20260806 -1.00 -1.00 0 0 0.2497 0.9497 0.003400
695.00 P 20260806 -1.00 -1.00 15 28 0.2438 -0.0505 0.003400
696.00 C 20260806 -1.00 -1.00 0 0 0.2474 0.9473 0.003600
696.00 P 20260806 -1.00 -1.00 3 0 0.2419 -0.0529 0.003600
697.00 C 20260806 -1.00 -1.00 0 0 0.2454 0.9447 0.003800
697.00 P 20260806 -1.00 -1.00 0 0 0.2398 -0.0554 0.003800
698.00 C 20260806 -1.00 -1.00 0 0 0.2433 0.9420 0.004000
698.00 P 20260806 -1.00 -1.00 0 0 0.2380 -0.0581 0.004000
699.00 C 20260806 -1.00 -1.00 0 0 0.2410 0.9392 0.004100
699.00 P 20260806 -1.00 -1.00 0 0 0.2360 -0.0610 0.004100
700.00 C 20260806 -1.00 -1.00 0 0 0.2387 0.9362 0.004300
700.00 P 20260806 -1.00 -1.00 0 32 0.2342 -0.0640 0.004300
701.00 C 20260806 -1.00 -1.00 0 0 0.2369 0.9330 0.004500
701.00 P 20260806 -1.00 -1.00 0 7 0.2323 -0.0672 0.004500
702.00 C 20260806 -1.00 -1.00 0 0 0.2349 0.9296 0.004800
702.00 P 20260806 -1.00 -1.00 0 0 0.2306 -0.0706 0.004800
703.00 C 20260806 -1.00 -1.00 0 0 0.2328 0.9260 0.005000
703.00 P 20260806 -1.00 -1.00 0 0 0.2287 -0.0742 0.005000
704.00 C 20260806 -1.00 -1.00 0 0 0.2311 0.9222 0.005200
704.00 P 20260806 -1.00 -1.00 0 0 0.2266 -0.0780 0.005200
705.00 C 20260806 -1.00 -1.00 0 0 0.2290 0.9182 0.005400
705.00 P 20260806 -1.00 -1.00 0 103 0.2247 -0.0820 0.005500
706.00 C 20260806 -1.00 -1.00 0 0 0.2267 0.9140 0.005700
706.00 P 20260806 -1.00 -1.00 0 1 0.2232 -0.0862 0.005700
707.00 C 20260806 -1.00 -1.00 0 0 0.2250 0.9096 0.006000
707.00 P 20260806 -1.00 -1.00 4 1 0.2215 -0.0906 0.006000
708.00 C 20260806 -1.00 -1.00 0 0 0.2230 0.9048 0.006200
708.00 P 20260806 -1.00 -1.00 0 8 0.2196 -0.0953 0.006300
709.00 C 20260806 -1.00 -1.00 0 0 0.2212 0.8999 0.006500
709.00 P 20260806 -1.00 -1.00 1 0 0.2176 -0.1003 0.006600
710.00 C 20260806 -1.00 -1.00 0 0 0.2237 0.8947 0.006800
710.00 P 20260806 -1.00 -1.00 42 22 0.2158 -0.1055 0.006800
711.00 C 20260806 -1.00 -1.00 0 0 0.2170 0.8892 0.007200
711.00 P 20260806 -1.00 -1.00 10 6 0.2141 -0.1110 0.007200
712.00 C 20260806 -1.00 -1.00 0 0 0.2150 0.8834 0.007500
712.00 P 20260806 -1.00 -1.00 2 4 0.2124 -0.1168 0.007500
713.00 C 20260806 -1.00 -1.00 0 0 0.2128 0.8773 0.007800
713.00 P 20260806 -1.00 -1.00 0 17 0.2106 -0.1229 0.007800
714.00 C 20260806 -1.00 -1.00 0 0 0.2116 0.8709 0.008200
714.00 P 20260806 -1.00 -1.00 0 2 0.2089 -0.1293 0.008200
715.00 C 20260806 -1.00 -1.00 0 1 0.2111 0.8642 0.008500
715.00 P 20260806 -1.00 -1.00 15 39 0.2074 -0.1361 0.008500
716.00 C 20260806 -1.00 -1.00 0 0 0.2083 0.8571 0.008900
716.00 P 20260806 -1.00 -1.00 14 20 0.2056 -0.1432 0.008900
717.00 C 20260806 -1.00 -1.00 0 0 0.2063 0.8496 0.009300
717.00 P 20260806 -1.00 -1.00 3 1 0.2038 -0.1506 0.009300
718.00 C 20260806 -1.00 -1.00 1 0 0.2049 0.8418 0.009700
718.00 P 20260806 -1.00 -1.00 3 6 0.2020 -0.1584 0.009700
719.00 C 20260806 -1.00 -1.00 0 0 0.2027 0.8336 0.010100
719.00 P 20260806 -1.00 -1.00 14 1 0.2004 -0.1667 0.010100
720.00 C 20260806 -1.00 -1.00 0 4 0.2016 0.8250 0.010500
720.00 P 20260806 -1.00 -1.00 9 30 0.1987 -0.1753 0.010500
721.00 C 20260806 -1.00 -1.00 1 0 0.1991 0.8159 0.011000
721.00 P 20260806 -1.00 -1.00 2 2 0.1971 -0.1843 0.011000
722.00 C 20260806 -1.00 -1.00 0 0 0.1973 0.8065 0.011400
722.00 P 20260806 -1.00 -1.00 4 17 0.1953 -0.1936 0.011400
723.00 C 20260806 -1.00 -1.00 0 0 0.1956 0.7966 0.011900
723.00 P 20260806 -1.00 -1.00 1 9 0.1936 -0.2037 0.011900
724.00 C 20260806 -1.00 -1.00 0 0 0.1942 0.7862 0.012300
724.00 P 20260806 -1.00 -1.00 0 23 0.1918 -0.2139 0.012300
725.00 C 20260806 -1.00 -1.00 0 3 0.1925 0.7754 0.012800
725.00 P 20260806 -1.00 -1.00 28 65 0.1901 -0.2249 0.012800
726.00 C 20260806 -1.00 -1.00 0 0 0.1903 0.7641 0.013300
726.00 P 20260806 -1.00 -1.00 6 16 0.1884 -0.2361 0.013300
727.00 C 20260806 -1.00 -1.00 0 2 0.1890 0.7522 0.013800
727.00 P 20260806 -1.00 -1.00 2 27 0.1867 -0.2479 0.013800
728.00 C 20260806 -1.00 -1.00 0 0 0.1871 0.7399 0.014200
728.00 P 20260806 -1.00 -1.00 1 24 0.1848 -0.2602 0.014200
729.00 C 20260806 -1.00 -1.00 0 0 0.1854 0.7271 0.014700
729.00 P 20260806 -1.00 -1.00 1 11 0.1830 -0.2731 0.014700
730.00 C 20260806 -1.00 -1.00 0 3 0.1835 0.7137 0.015200
730.00 P 20260806 -1.00 -1.00 20 85 0.1813 -0.2864 0.015200
731.00 C 20260806 -1.00 -1.00 0 2 0.1815 0.6998 0.015700
731.00 P 20260806 -1.00 -1.00 3 16 0.1793 -0.3004 0.015700
732.00 C 20260806 -1.00 -1.00 0 4 0.1797 0.6853 0.016200
732.00 P 20260806 -1.00 -1.00 0 14 0.1776 -0.3151 0.016200
733.00 C 20260806 -1.00 -1.00 0 5 0.1777 0.6703 0.016700
733.00 P 20260806 -1.00 -1.00 0 13 0.1757 -0.3301 0.016700
734.00 C 20260806 -1.00 -1.00 0 4 0.1760 0.6547 0.017200
734.00 P 20260806 -1.00 -1.00 10 28 0.1738 -0.3457 0.017200
735.00 C 20260806 -1.00 -1.00 0 14 0.1736 0.6385 0.017600
735.00 P 20260806 -1.00 -1.00 55 42 0.1717 -0.3618 0.017700
736.00 C 20260806 -1.00 -1.00 0 14 0.1720 0.6218 0.018100
736.00 P 20260806 -1.00 -1.00 3 9 0.1698 -0.3786 0.018100
737.00 C 20260806 -1.00 -1.00 0 5 0.1701 0.6045 0.018600
737.00 P 20260806 -1.00 -1.00 2 25 0.1678 -0.3959 0.018600
738.00 C 20260806 -1.00 -1.00 0 4 0.1677 0.5864 0.019000
738.00 P 20260806 -1.00 -1.00 27 30 0.1658 -0.4138 0.019000
739.00 C 20260806 -1.00 -1.00 0 10 0.1658 0.5682 0.019400
739.00 P 20260806 -1.00 -1.00 19 23 0.1637 -0.4322 0.019400
740.00 C 20260806 -1.00 -1.00 40 167 0.1637 0.5492 0.019800
740.00 P 20260806 -1.00 -1.00 10 10 0.1616 -0.4512 0.019800
741.00 C 20260806 -1.00 -1.00 1 4 0.1616 0.5297 0.020100
741.00 P 20260806 -1.00 -1.00 3 13 0.1596 -0.4707 0.020100
742.00 C 20260806 -1.00 -1.00 0 9 0.1592 0.5093 0.020400
742.00 P 20260806 -1.00 -1.00 2 12 0.1573 -0.4908 0.020400
743.00 C 20260806 -1.00 -1.00 4 30 0.1572 0.4890 0.020700
743.00 P 20260806 -1.00 -1.00 2 23 0.1552 -0.5115 0.020700
744.00 C 20260806 -1.00 -1.00 1 26 0.1548 0.4675 0.020900
744.00 P 20260806 -1.00 -1.00 7 3 0.1526 -0.5323 0.020900
745.00 C 20260806 -1.00 -1.00 3 6 0.1528 0.4462 0.021100
745.00 P 20260806 -1.00 -1.00 16 9 0.1510 -0.5542 0.021100
746.00 C 20260806 -1.00 -1.00 2 3 0.1505 0.4242 0.021200
746.00 P 20260806 -1.00 -1.00 3 6 0.1485 -0.5760 0.021200
747.00 C 20260806 -1.00 -1.00 5 4 0.1481 0.4014 0.021300
747.00 P 20260806 -1.00 -1.00 6 4 0.1465 -0.5984 0.021300
748.00 C 20260806 -1.00 -1.00 0 10 0.1459 0.3786 0.021200
748.00 P 20260806 -1.00 -1.00 0 14 0.1446 -0.6212 0.021200
749.00 C 20260806 -1.00 -1.00 4 7 0.1437 0.3556 0.021100
749.00 P 20260806 -1.00 -1.00 2 6 0.1425 -0.6442 0.021100
750.00 C 20260806 -1.00 -1.00 3 9 0.1412 0.3324 0.020900
750.00 P 20260806 -1.00 -1.00 8 9 0.1392 -0.6674 0.020900
751.00 C 20260806 -1.00 -1.00 0 6 0.1390 0.3092 0.020600
751.00 P 20260806 -1.00 -1.00 4 12 0.1378 -0.6906 0.020600
752.00 C 20260806 -1.00 -1.00 0 4 0.1367 0.2861 0.020200
752.00 P 20260806 -1.00 -1.00 3 5 0.1354 -0.7137 0.020200
753.00 C 20260806 -1.00 -1.00 6 40 0.1345 0.2632 0.019700
753.00 P 20260806 -1.00 -1.00 5 7 0.1334 -0.7366 0.019700
754.00 C 20260806 -1.00 -1.00 4 15 0.1323 0.2406 0.019100
754.00 P 20260806 -1.00 -1.00 0 8 0.1310 -0.7592 0.019100
755.00 C 20260806 -1.00 -1.00 2 32 0.1302 0.2184 0.018400
755.00 P 20260806 -1.00 -1.00 3 8 0.1280 -0.7813 0.018400
756.00 C 20260806 -1.00 -1.00 3 22 0.1279 0.1969 0.017600
756.00 P 20260806 -1.00 -1.00 0 1 0.1264 -0.8029 0.017600
757.00 C 20260806 -1.00 -1.00 1 7 0.1257 0.1760 0.016700
757.00 P 20260806 -1.00 -1.00 0 0 0.1232 -0.8238 0.016700
758.00 C 20260806 -1.00 -1.00 10 9 0.1237 0.1560 0.015700
758.00 P 20260806 -1.00 -1.00 2 8 0.1203 -0.8439 0.015700
759.00 C 20260806 -1.00 -1.00 49 15 0.1217 0.1369 0.014600
759.00 P 20260806 -1.00 -1.00 0 0 0.1200 -0.8629 0.014600
760.00 C 20260806 -1.00 -1.00 2 41 0.1196 0.1191 0.013500
760.00 P 20260806 -1.00 -1.00 0 16 0.1172 -0.8808 0.013500
761.00 C 20260806 -1.00 -1.00 0 18 0.1177 0.1026 0.012300
761.00 P 20260806 -1.00 -1.00 0 1 0.1155 -0.8973 0.012300
762.00 C 20260806 -1.00 -1.00 0 24 0.1160 0.0875 0.011100
762.00 P 20260806 -1.00 -1.00 0 0 0.1094 -0.9124 0.011200
763.00 C 20260806 -1.00 -1.00 17 6 0.1142 0.0739 0.010000
763.00 P 20260806 -1.00 -1.00 0 0 0.1087 -0.9260 0.010000
764.00 C 20260806 -1.00 -1.00 3 27 0.1124 0.0620 0.008800
764.00 P 20260806 -1.00 -1.00 0 0 0.1062 -0.9381 0.008800
765.00 C 20260806 -1.00 -1.00 0 22 0.1113 0.0514 0.007700
765.00 P 20260806 -1.00 -1.00 0 2 0.1046 -0.9486 0.007700
766.00 C 20260806 -1.00 -1.00 0 25 0.1101 0.0426 0.006700
766.00 P 20260806 -1.00 -1.00 0 2 0.1021 -0.9575 0.006700
767.00 C 20260806 -1.00 -1.00 22 29 0.1089 0.0350 0.005800
767.00 P 20260806 -1.00 -1.00 0 0 0.0983 -0.9650 0.005800
768.00 C 20260806 -1.00 -1.00 3 6 0.1083 0.0288 0.004900
768.00 P 20260806 -1.00 -1.00 0 0 0.0954 -0.9713 0.005000
769.00 C 20260806 -1.00 -1.00 0 1 0.1076 0.0236 0.004200
769.00 P 20260806 -1.00 -1.00 0 0 0.0910 -0.9764 0.004200
770.00 C 20260806 -1.00 -1.00 0 74 0.1060 0.0195 0.003600
770.00 P 20260806 -1.00 -1.00 0 2 0.0826 -0.9805 0.003600
771.00 C 20260806 -1.00 -1.00 0 3 0.1073 0.0162 0.003100
771.00 P 20260806 -1.00 -1.00 0 0 -1.0000 -0.9839 0.003100
772.00 C 20260806 -1.00 -1.00 5 8 0.1058 0.0136 0.002600
772.00 P 20260806 -1.00 -1.00 0 0 -1.0000 -0.9865 0.002600
773.00 C 20260806 -1.00 -1.00 0 6 0.1060 0.0115 0.002300
773.00 P 20260806 -1.00 -1.00 0 0 -1.0000 -0.9886 0.002300
774.00 C 20260806 -1.00 -1.00 0 9 0.1074 0.0098 0.002000
774.00 P 20260806 -1.00 -1.00 0 0 -1.0000 -0.9903 0.002000
775.00 C 20260806 -1.00 -1.00 0 65 0.1085 0.0084 0.001700
775.00 P 20260806 -1.00 -1.00 0 0 -1.0000 -0.9917 0.001700
776.00 C 20260806 -1.00 -1.00 0 0 0.1071 0.0073 0.001500
776.00 P 20260806 -1.00 -1.00 0 0 -1.0000 -0.9928 0.001500
777.00 C 20260806 -1.00 -1.00 1 8 0.1099 0.0064 0.001300
777.00 P 20260806 -1.00 -1.00 0 0 -1.0000 -0.9937 0.001300
778.00 C 20260806 -1.00 -1.00 0 0 0.1126 0.0057 0.001200
778.00 P 20260806 -1.00 -1.00 0 0 -1.0000 -0.9944 0.001200
779.00 C 20260806 -1.00 -1.00 0 0 0.1092 0.0051 0.001000
779.00 P 20260806 -1.00 -1.00 0 0 -1.0000 -0.9951 0.001000
780.00 C 20260806 -1.00 -1.00 0 12 0.1118 0.0045 0.000900
780.00 P 20260806 -1.00 -1.00 0 0 -1.0000 -0.9956 0.000900
781.00 C 20260806 -1.00 -1.00 0 0 0.1144 0.0041 0.000800
781.00 P 20260806 -1.00 -1.00 0 0 -1.0000 -0.9960 0.000800
782.00 C 20260806 -1.00 -1.00 0 0 0.1170 0.0037 0.000800
782.00 P 20260806 -1.00 -1.00 0 0 -1.0000 -0.9964 0.000800
783.00 C 20260806 -1.00 -1.00 0 0 0.1150 0.0034 0.000700
783.00 P 20260806 -1.00 -1.00 0 0 -1.0000 -0.9967 0.000700
784.00 C 20260806 -1.00 -1.00 0 0 0.1174 0.0031 0.000600
784.00 P 20260806 -1.00 -1.00 0 0 -1.0000 -0.9970 0.000600
785.00 C 20260806 -1.00 -1.00 0 1 0.1199 0.0029 0.000600
785.00 P 20260806 -1.00 -1.00 0 0 -1.0000 -0.9973 0.000600
786.00 C 20260806 -1.00 -1.00 0 0 0.1224 0.0026 0.000500
786.00 P 20260806 -1.00 -1.00 0 0 -1.0000 -0.9975 0.000500
787.00 C 20260806 -1.00 -1.00 0 0 0.1248 0.0025 0.000500
787.00 P 20260806 -1.00 -1.00 0 0 -1.0000 -0.9977 0.000500
788.00 C 20260806 -1.00 -1.00 0 0 0.1273 0.0023 0.000500
788.00 P 20260806 -1.00 -1.00 0 0 -1.0000 -0.9978 0.000500
789.00 C 20260806 -1.00 -1.00 0 0 0.1297 0.0022 0.000400
789.00 P 20260806 -1.00 -1.00 0 0 -1.0000 -0.9980 0.000400
790.00 C 20260806 -1.00 -1.00 0 6 0.1320 0.0020 0.000400
790.00 P 20260806 -1.00 -1.00 0 0 -1.0000 -0.9981 0.000400
791.00 C 20260806 -1.00 -1.00 0 0 0.1344 0.0019 0.000400
791.00 P 20260806 -1.00 -1.00 0 0 -1.0000 -0.9982 0.000400
792.00 C 20260806 -1.00 -1.00 0 0 0.1369 0.0018 0.000300
792.00 P 20260806 -1.00 -1.00 0 0 -1.0000 -0.9983 0.000400
793.00 C 20260806 -1.00 -1.00 0 0 0.1393 0.0017 0.000300
793.00 P 20260806 -1.00 -1.00 0 0 -1.0000 -0.9984 0.000300
794.00 C 20260806 -1.00 -1.00 0 0 0.1417 0.0016 0.000300
794.00 P 20260806 -1.00 -1.00 0 0 -1.0000 -0.9985 0.000300
795.00 C 20260806 -1.00 -1.00 0 0 0.1441 0.0015 0.000300
795.00 P 20260806 -1.00 -1.00 0 0 -1.0000 -0.9986 0.000300
800.00 C 20260806 -1.00 -1.00 0 30 0.1560 0.0012 0.000200
800.00 P 20260806 -1.00 -1.00 0 1 -1.0000 -0.9989 0.000200
805.00 C 20260806 -1.00 -1.00 0 0 0.1677 0.0010 0.000200
805.00 P 20260806 -1.00 -1.00 0 0 -1.0000 -0.9992 0.000200
810.00 C 20260806 -1.00 -1.00 0 6 0.1793 0.0008 0.000100
810.00 P 20260806 -1.00 -1.00 0 1 -1.0000 -0.9994 0.000100
815.00 C 20260806 -1.00 -1.00 0 0 0.1907 0.0006 0.000100
815.00 P 20260806 -1.00 -1.00 0 0 -1.0000 -0.9995 0.000100
820.00 C 20260806 -1.00 -1.00 0 0 0.2020 0.0005 0.000100
820.00 P 20260806 -1.00 -1.00 0 0 -1.0000 -0.9996 0.000100
825.00 C 20260806 -1.00 -1.00 0 0 0.2132 0.0004 0.000100
825.00 P 20260806 -1.00 -1.00 0 0 -1.0000 -0.9997 0.000100
830.00 C 20260806 -1.00 -1.00 0 0 0.2243 0.0003 0.000000
830.00 P 20260806 -1.00 -1.00 0 0 -1.0000 -0.9998 0.000000
653.00 C 20260807 -1.00 -1.00 0 0 0.3559 0.9862 0.000800
653.00 P 20260807 -1.00 -1.00 0 0 0.3397 -0.0139 0.000800
654.00 C 20260807 -1.00 -1.00 0 0 0.3537 0.9859 0.000800
654.00 P 20260807 -1.00 -1.00 0 0 0.3373 -0.0143 0.000800
655.00 C 20260807 -1.00 -1.00 0 0 0.3506 0.9855 0.000900
655.00 P 20260807 -1.00 -1.00 0 23 0.3348 -0.0147 0.000900
656.00 C 20260807 -1.00 -1.00 0 0 0.3476 0.9851 0.000900
656.00 P 20260807 -1.00 -1.00 0 1 0.3324 -0.0150 0.000900
657.00 C 20260807 -1.00 -1.00 0 0 0.3453 0.9847 0.000900
657.00 P 20260807 -1.00 -1.00 0 0 0.3300 -0.0155 0.000900
658.00 C 20260807 -1.00 -1.00 0 0 0.3430 0.9842 0.000900
658.00 P 20260807 -1.00 -1.00 0 0 0.3273 -0.0159 0.000900
659.00 C 20260807 -1.00 -1.00 0 0 0.3399 0.9838 0.001000
659.00 P 20260807 -1.00 -1.00 0 0 0.3249 -0.0163 0.001000
660.00 C 20260807 -1.00 -1.00 0 0 0.3359 0.9833 0.001000
660.00 P 20260807 -1.00 -1.00 2 1333 0.3230 -0.0168 0.001000
661.00 C 20260807 -1.00 -1.00 0 0 0.3343 0.9828 0.001000
661.00 P 20260807 -1.00 -1.00 0 0 0.3204 -0.0173 0.001000
662.00 C 20260807 -1.00 -1.00 0 0 0.3319 0.9823 0.001100
662.00 P 20260807 -1.00 -1.00 0 0 0.3179 -0.0178 0.001100
663.00 C 20260807 -1.00 -1.00 0 0 0.3294 0.9818 0.001100
663.00 P 20260807 -1.00 -1.00 0 0 0.3158 -0.0184 0.001100
664.00 C 20260807 -1.00 -1.00 0 0 0.3262 0.9813 0.001100
664.00 P 20260807 -1.00 -1.00 0 0 0.3132 -0.0189 0.001100
665.00 C 20260807 -1.00 -1.00 0 0 0.3236 0.9807 0.001200
665.00 P 20260807 -1.00 -1.00 0 36 0.3106 -0.0194 0.001200
666.00 C 20260807 -1.00 -1.00 0 0 0.3204 0.9801 0.001200
666.00 P 20260807 -1.00 -1.00 0 0 0.3086 -0.0200 0.001200
667.00 C 20260807 -1.00 -1.00 0 0 0.3184 0.9795 0.001300
667.00 P 20260807 -1.00 -1.00 0 0 0.3064 -0.0206 0.001300
668.00 C 20260807 -1.00 -1.00 0 0 0.3158 0.9788 0.001300
668.00 P 20260807 -1.00 -1.00 0 0 0.3034 -0.0213 0.001300
669.00 C 20260807 -1.00 -1.00 0 0 0.3131 0.9782 0.001400
669.00 P 20260807 -1.00 -1.00 0 0 0.3012 -0.0220 0.001400
670.00 C 20260807 -1.00 -1.00 1 3 0.3098 0.9775 0.001400
670.00 P 20260807 -1.00 -1.00 121 198 0.2985 -0.0226 0.001400
671.00 C 20260807 -1.00 -1.00 0 0 0.3070 0.9767 0.001400
671.00 P 20260807 -1.00 -1.00 0 1 0.2963 -0.0234 0.001400
672.00 C 20260807 -1.00 -1.00 0 0 0.3042 0.9760 0.001500
672.00 P 20260807 -1.00 -1.00 0 0 0.2940 -0.0242 0.001500
673.00 C 20260807 -1.00 -1.00 0 0 0.3020 0.9751 0.001600
673.00 P 20260807 -1.00 -1.00 0 12 0.2916 -0.0250 0.001600
674.00 C 20260807 -1.00 -1.00 0 0 0.2998 0.9743 0.001600
674.00 P 20260807 -1.00 -1.00 0 1 0.2896 -0.0259 0.001600
675.00 C 20260807 -1.00 -1.00 0 0 0.2975 0.9734 0.001700
675.00 P 20260807 -1.00 -1.00 1 27 0.2876 -0.0268 0.001700
676.00 C 20260807 -1.00 -1.00 0 0 0.2945 0.9725 0.001700
676.00 P 20260807 -1.00 -1.00 0 3 0.2853 -0.0277 0.001700
677.00 C 20260807 -1.00 -1.00 0 0 0.2916 0.9715 0.001800
677.00 P 20260807 -1.00 -1.00 0 14 0.2830 -0.0286 0.001800
678.00 C 20260807 -1.00 -1.00 0 0 0.2891 0.9705 0.001900
678.00 P 20260807 -1.00 -1.00 0 1 0.2804 -0.0296 0.001900
679.00 C 20260807 -1.00 -1.00 0 0 0.2866 0.9694 0.001900
679.00 P 20260807 -1.00 -1.00 0 6 0.2786 -0.0308 0.001900
680.00 C 20260807 -1.00 -1.00 0 2 0.2846 0.9683 0.002000
680.00 P 20260807 -1.00 -1.00 5 224 0.2761 -0.0318 0.002000
681.00 C 20260807 -1.00 -1.00 0 0 0.2824 0.9671 0.002100
681.00 P 20260807 -1.00 -1.00 0 0 0.2742 -0.0331 0.002100
682.00 C 20260807 -1.00 -1.00 0 0 0.2797 0.9658 0.002200
682.00 P 20260807 -1.00 -1.00 0 13 0.2716 -0.0343 0.002200
683.00 C 20260807 -1.00 -1.00 0 0 0.2774 0.9645 0.002200
683.00 P 20260807 -1.00 -1.00 0 3 0.2697 -0.0356 0.002200
684.00 C 20260807 -1.00 -1.00 0 0 0.2742 0.9631 0.002400
684.00 P 20260807 -1.00 -1.00 0 17 0.2675 -0.0371 0.002400
685.00 C 20260807 -1.00 -1.00 0 0 0.2723 0.9616 0.002400
685.00 P 20260807 -1.00 -1.00 6 85 0.2655 -0.0385 0.002400
686.00 C 20260807 -1.00 -1.00 0 0 0.2702 0.9601 0.002500
686.00 P 20260807 -1.00 -1.00 1 15 0.2634 -0.0401 0.002500
687.00 C 20260807 -1.00 -1.00 0 0 0.2677 0.9584 0.002600
687.00 P 20260807 -1.00 -1.00 0 796 0.2612 -0.0417 0.002600
688.00 C 20260807 -1.00 -1.00 0 1 0.2651 0.9567 0.002800
688.00 P 20260807 -1.00 -1.00 0 20 0.2588 -0.0435 0.002800
689.00 C 20260807 -1.00 -1.00 0 0 0.2629 0.9549 0.002900
689.00 P 20260807 -1.00 -1.00 0 0 0.2571 -0.0452 0.002900
690.00 C 20260807 -1.00 -1.00 1 4 0.2613 0.9530 0.003000
690.00 P 20260807 -1.00 -1.00 12 164 0.2548 -0.0472 0.003000
691.00 C 20260807 -1.00 -1.00 0 0 0.2585 0.9510 0.003100
691.00 P 20260807 -1.00 -1.00 0 5 0.2531 -0.0492 0.003100
692.00 C 20260807 -1.00 -1.00 0 0 0.2567 0.9489 0.003200
692.00 P 20260807 -1.00 -1.00 0 16 0.2509 -0.0513 0.003200
693.00 C 20260807 -1.00 -1.00 0 0 0.2541 0.9466 0.003400
693.00 P 20260807 -1.00 -1.00 1 12 0.2489 -0.0536 0.003400
694.00 C 20260807 -1.00 -1.00 0 0 0.2521 0.9443 0.003500
694.00 P 20260807 -1.00 -1.00 0 39 0.2469 -0.0560 0.003500
695.00 C 20260807 -1.00 -1.00 0 5 0.2500 0.9418 0.003700
695.00 P 20260807 -1.00 -1.00 1 205 0.2451 -0.0584 0.003700
696.00 C 20260807 -1.00 -1.00 0 1 0.2482 0.9392 0.003800
696.00 P 20260807 -1.00 -1.00 1 12 0.2431 -0.0611 0.003800
697.00 C 20260807 -1.00 -1.00 0 1 0.2462 0.9364 0.004000
697.00 P 20260807 -1.00 -1.00 0 11 0.2415 -0.0638 0.004000
698.00 C 20260807 -1.00 -1.00 0 0 0.2438 0.9335 0.004200
698.00 P 20260807 -1.00 -1.00 1 15 0.2395 -0.0668 0.004200
699.00 C 20260807 -1.00 -1.00 0 0 0.2416 0.9304 0.004400
699.00 P 20260807 -1.00 -1.00 17 45 0.2377 -0.0698 0.004400
700.00 C 20260807 -1.00 -1.00 0 18 0.2398 0.9272 0.004600
700.00 P 20260807 -1.00 -1.00 50 861 0.2355 -0.0731 0.004600
701.00 C 20260807 -1.00 -1.00 0 0 0.2380 0.9238 0.004800
701.00 P 20260807 -1.00 -1.00 0 26 0.2339 -0.0764 0.004800
702.00 C 20260807 -1.00 -1.00 0 1 0.2360 0.9202 0.005000
702.00 P 20260807 -1.00 -1.00 6 16 0.2319 -0.0800 0.005000
703.00 C 20260807 -1.00 -1.00 0 0 0.2338 0.9164 0.005200
703.00 P 20260807 -1.00 -1.00 0 21 0.2302 -0.0838 0.005200
704.00 C 20260807 -1.00 -1.00 0 0 0.2321 0.9124 0.005400
704.00 P 20260807 -1.00 -1.00 5 10 0.2283 -0.0878 0.005400
705.00 C 20260807 -1.00 -1.00 0 1 0.2302 0.9083 0.005600
705.00 P 20260807 -1.00 -1.00 24 3467 0.2266 -0.0920 0.005600
706.00 C 20260807 -1.00 -1.00 0 0 0.2284 0.9039 0.005900
706.00 P 20260807 -1.00 -1.00 6 60 0.2247 -0.0964 0.005900
707.00 C 20260807 -1.00 -1.00 0 0 0.2264 0.8993 0.006100
707.00 P 20260807 -1.00 -1.00 17 92 0.2230 -0.1008 0.006100
708.00 C 20260807 -1.00 -1.00 0 1 0.2239 0.8944 0.006400
708.00 P 20260807 -1.00 -1.00 0 24 0.2212 -0.1056 0.006400
709.00 C 20260807 -1.00 -1.00 0 0 0.2225 0.8894 0.006700
709.00 P 20260807 -1.00 -1.00 27 38 0.2195 -0.1108 0.006700
710.00 C 20260807 -1.00 -1.00 0 5 0.2205 0.8840 0.007000
710.00 P 20260807 -1.00 -1.00 72 888 0.2179 -0.1163 0.007000
711.00 C 20260807 -1.00 -1.00 0 0 0.2197 0.8784 0.007200
711.00 P 20260807 -1.00 -1.00 0 66 0.2161 -0.1219 0.007200
712.00 C 20260807 -1.00 -1.00 0 0 0.2183 0.8725 0.007500
712.00 P 20260807 -1.00 -1.00 7 281 0.2144 -0.1278 0.007600
713.00 C 20260807 -1.00 -1.00 0 0 0.2166 0.8664 0.007800
713.00 P 20260807 -1.00 -1.00 96 26 0.2126 -0.1340 0.007900
714.00 C 20260807 -1.00 -1.00 0 1 0.2145 0.8599 0.008200
714.00 P 20260807 -1.00 -1.00 7 41 0.2112 -0.1403 0.008200
715.00 C 20260807 -1.00 -1.00 0 11 0.2128 0.8532 0.008500
715.00 P 20260807 -1.00 -1.00 11 16354 0.2093 -0.1472 0.008500
716.00 C 20260807 -1.00 -1.00 0 0 0.2112 0.8461 0.008800
716.00 P 20260807 -1.00 -1.00 3 20 0.2076 -0.1540 0.008800
717.00 C 20260807 -1.00 -1.00 1 0 0.2094 0.8387 0.009200
717.00 P 20260807 -1.00 -1.00 73 182 0.2059 -0.1618 0.009200
718.00 C 20260807 -1.00 -1.00 0 0 0.2077 0.8309 0.009600
718.00 P 20260807 -1.00 -1.00 2 41 0.2042 -0.1695 0.009600
719.00 C 20260807 -1.00 -1.00 0 0 0.2060 0.8228 0.009900
719.00 P 20260807 -1.00 -1.00 11 102 0.2026 -0.1772 0.009900
720.00 C 20260807 -1.00 -1.00 1 3 0.2029 0.8143 0.010300
720.00 P 20260807 -1.00 -1.00 21 240 0.2006 -0.1858 0.010300
721.00 C 20260807 -1.00 -1.00 0 1 0.2023 0.8054 0.010700
721.00 P 20260807 -1.00 -1.00 7 116 0.1990 -0.1947 0.010700
722.00 C 20260807 -1.00 -1.00 0 1 0.2003 0.7962 0.011100
722.00 P 20260807 -1.00 -1.00 13 511 0.1976 -0.2038 0.011100
723.00 C 20260807 -1.00 -1.00 0 1 0.1988 0.7865 0.011500
723.00 P 20260807 -1.00 -1.00 5 62 0.1958 -0.2138 0.011500
724.00 C 20260807 -1.00 -1.00 0 4 0.1967 0.7765 0.011900
724.00 P 20260807 -1.00 -1.00 46 863 0.1940 -0.2238 0.011900
725.00 C 20260807 -1.00 -1.00 0 16 0.1950 0.7660 0.012400
725.00 P 20260807 -1.00 -1.00 15 256 0.1925 -0.2340 0.012400
726.00 C 20260807 -1.00 -1.00 0 3 0.1933 0.7552 0.012800
726.00 P 20260807 -1.00 -1.00 1 38 0.1905 -0.2451 0.012800
727.00 C 20260807 -1.00 -1.00 0 5 0.1913 0.7436 0.013200
727.00 P 20260807 -1.00 -1.00 3 79 0.1885 -0.2565 0.013200
728.00 C 20260807 -1.00 -1.00 0 16 0.1899 0.7318 0.013600
728.00 P 20260807 -1.00 -1.00 3 81 0.1872 -0.2682 0.013600
729.00 C 20260807 -1.00 -1.00 0 14 0.1879 0.7194 0.014100
729.00 P 20260807 -1.00 -1.00 8 369 0.1855 -0.2805 0.014100
730.00 C 20260807 -1.00 -1.00 0 13 0.1850 0.7065 0.014500
730.00 P 20260807 -1.00 -1.00 40 362 0.1831 -0.2935 0.014500
731.00 C 20260807 -1.00 -1.00 0 10 0.1842 0.6934 0.015000
731.00 P 20260807 -1.00 -1.00 8 712 0.1815 -0.3068 0.015000
732.00 C 20260807 -1.00 -1.00 0 5 0.1809 0.6796 0.015400
732.00 P 20260807 -1.00 -1.00 2 185 0.1797 -0.3205 0.015400
733.00 C 20260807 -1.00 -1.00 0 43 0.1801 0.6653 0.015800
733.00 P 20260807 -1.00 -1.00 10 290 0.1780 -0.3348 0.015800
734.00 C 20260807 -1.00 -1.00 0 26 0.1783 0.6506 0.016200
734.00 P 20260807 -1.00 -1.00 1 231 0.1762 -0.3493 0.016200
735.00 C 20260807 -1.00 -1.00 1 17 0.1762 0.6351 0.016700
735.00 P 20260807 -1.00 -1.00 13 199 0.1739 -0.3648 0.016700
736.00 C 20260807 -1.00 -1.00 0 8 0.1740 0.6195 0.017100
736.00 P 20260807 -1.00 -1.00 25 133 0.1720 -0.3806 0.017100
737.00 C 20260807 -1.00 -1.00 1 3 0.1721 0.6032 0.017500
737.00 P 20260807 -1.00 -1.00 2 56 0.1702 -0.3967 0.017500
738.00 C 20260807 -1.00 -1.00 2 28 0.1700 0.5861 0.017900
738.00 P 20260807 -1.00 -1.00 51 390 0.1682 -0.4140 0.017900
739.00 C 20260807 -1.00 -1.00 0 33 0.1682 0.5691 0.018200
739.00 P 20260807 -1.00 -1.00 24 41 0.1662 -0.4313 0.018200
740.00 C 20260807 -1.00 -1.00 45 192 0.1659 0.5510 0.018600
740.00 P 20260807 -1.00 -1.00 102 163 0.1641 -0.4491 0.018600
741.00 C 20260807 -1.00 -1.00 4 37 0.1640 0.5330 0.018900
741.00 P 20260807 -1.00 -1.00 22 48 0.1620 -0.4674 0.018900
742.00 C 20260807 -1.00 -1.00 10 26 0.1619 0.5141 0.019200
742.00 P 20260807 -1.00 -1.00 15 76 0.1599 -0.4863 0.019200
743.00 C 20260807 -1.00 -1.00 9 26 0.1597 0.4946 0.019400
743.00 P 20260807 -1.00 -1.00 13 67 0.1579 -0.5056 0.019400
744.00 C 20260807 -1.00 -1.00 2 35 0.1574 0.4748 0.019600
744.00 P 20260807 -1.00 -1.00 4 91 0.1555 -0.5250 0.019600
745.00 C 20260807 -1.00 -1.00 189 24 0.1552 0.4546 0.019800
745.00 P 20260807 -1.00 -1.00 25 81 0.1536 -0.5455 0.019800
746.00 C 20260807 -1.00 -1.00 8 22 0.1530 0.4340 0.019900
746.00 P 20260807 -1.00 -1.00 1 84 0.1517 -0.5662 0.019900
747.00 C 20260807 -1.00 -1.00 8 70 0.1511 0.4133 0.020000
747.00 P 20260807 -1.00 -1.00 8 27 0.1497 -0.5868 0.020000
748.00 C 20260807 -1.00 -1.00 18 32 0.1488 0.3917 0.020000
748.00 P 20260807 -1.00 -1.00 6 30 0.1477 -0.6081 0.020000
749.00 C 20260807 -1.00 -1.00 3 28 0.1468 0.3705 0.020000
749.00 P 20260807 -1.00 -1.00 0 18 0.1441 -0.6297 0.020000
750.00 C 20260807 -1.00 -1.00 27 108 0.1444 0.3484 0.019800
750.00 P 20260807 -1.00 -1.00 2 44 0.1430 -0.6514 0.019800
751.00 C 20260807 -1.00 -1.00 11 24 0.1423 0.3266 0.019600
751.00 P 20260807 -1.00 -1.00 3 30 0.1411 -0.6732 0.019600
752.00 C 20260807 -1.00 -1.00 4 108 0.1402 0.3048 0.019300
752.00 P 20260807 -1.00 -1.00 0 38 0.1389 -0.6950 0.019300
753.00 C 20260807 -1.00 -1.00 19 52 0.1381 0.2831 0.019000
753.00 P 20260807 -1.00 -1.00 9 35 0.1367 -0.7167 0.019000
754.00 C 20260807 -1.00 -1.00 6 29 0.1359 0.2616 0.018500
754.00 P 20260807 -1.00 -1.00 1 11 0.1345 -0.7382 0.018500
755.00 C 20260807 -1.00 -1.00 7 63 0.1338 0.2405 0.018000
755.00 P 20260807 -1.00 -1.00 6 116 0.1322 -0.7594 0.018000
756.00 C 20260807 -1.00 -1.00 6 27 0.1318 0.2197 0.017300
756.00 P 20260807 -1.00 -1.00 1 23 0.1279 -0.7801 0.017300
757.00 C 20260807 -1.00 -1.00 9 3012 0.1296 0.1995 0.016600
757.00 P 20260807 -1.00 -1.00 0 8 0.1287 -0.8004 0.016600
758.00 C 20260807 -1.00 -1.00 11 48 0.1276 0.1798 0.015800
758.00 P 20260807 -1.00 -1.00 0 3 0.1264 -0.8200 0.015800
759.00 C 20260807 -1.00 -1.00 1 27 0.1258 0.1610 0.015000
759.00 P 20260807 -1.00 -1.00 3 8 0.1239 -0.8389 0.015000
760.00 C 20260807 -1.00 -1.00 24 100 0.1238 0.1430 0.014000
760.00 P 20260807 -1.00 -1.00 4 20 0.1207 -0.8569 0.014100
761.00 C 20260807 -1.00 -1.00 28 36 0.1221 0.1260 0.013100
761.00 P 20260807 -1.00 -1.00 0 1 0.1211 -0.8739 0.013100
762.00 C 20260807 -1.00 -1.00 4 75 0.1204 0.1100 0.012100
762.00 P 20260807 -1.00 -1.00 0 5 0.1174 -0.8899 0.012100
763.00 C 20260807 -1.00 -1.00 4 59 0.1188 0.0953 0.011000
763.00 P 20260807 -1.00 -1.00 0 2 0.1160 -0.9046 0.011100
764.00 C 20260807 -1.00 -1.00 3 96 0.1170 0.0819 0.010000
764.00 P 20260807 -1.00 -1.00 0 2 0.1143 -0.9180 0.010000
765.00 C 20260807 -1.00 -1.00 38 303 0.1154 0.0698 0.009000
765.00 P 20260807 -1.00 -1.00 1 4 0.1109 -0.9301 0.009000
766.00 C 20260807 -1.00 -1.00 10 92 0.1143 0.0591 0.008000
766.00 P 20260807 -1.00 -1.00 0 0 0.1088 -0.9408 0.008000
767.00 C 20260807 -1.00 -1.00 6 116 0.1130 0.0497 0.007000
767.00 P 20260807 -1.00 -1.00 0 2 0.1067 -0.9503 0.007100
768.00 C 20260807 -1.00 -1.00 4 77 0.1125 0.0416 0.006200
768.00 P 20260807 -1.00 -1.00 10 1 0.1042 -0.9584 0.006200
769.00 C 20260807 -1.00 -1.00 8 64 0.1116 0.0349 0.005400
769.00 P 20260807 -1.00 -1.00 0 1 0.1015 -0.9653 0.005400
770.00 C 20260807 -1.00 -1.00 20 326 0.1107 0.0291 0.004700
770.00 P 20260807 -1.00 -1.00 12 12 0.0992 -0.9711 0.004700
771.00 C 20260807 -1.00 -1.00 0 24 0.1102 0.0243 0.004000
771.00 P 20260807 -1.00 -1.00 0 0 0.0949 -0.9759 0.004000
772.00 C 20260807 -1.00 -1.00 0 70 0.1097 0.0203 0.003500
772.00 P 20260807 -1.00 -1.00 0 3 0.0896 -0.9799 0.003500
773.00 C 20260807 -1.00 -1.00 9 226 0.1094 0.0169 0.003000
773.00 P 20260807 -1.00 -1.00 0 0 0.0838 -0.9832 0.003000
774.00 C 20260807 -1.00 -1.00 6 20 0.1105 0.0143 0.002600
774.00 P 20260807 -1.00 -1.00 0 1 -1.0000 -0.9858 0.002600
775.00 C 20260807 -1.00 -1.00 12 100 0.1099 0.0122 0.002200
775.00 P 20260807 -1.00 -1.00 0 7 -1.0000 -0.9879 0.002200
776.00 C 20260807 -1.00 -1.00 2 25 0.1104 0.0104 0.001900
776.00 P 20260807 -1.00 -1.00 0 1 -1.0000 -0.9897 0.002000
777.00 C 20260807 -1.00 -1.00 7 61 0.1117 0.0090 0.001700
777.00 P 20260807 -1.00 -1.00 0 0 -1.0000 -0.9911 0.001700
778.00 C 20260807 -1.00 -1.00 2 13 0.1110 0.0078 0.001500
778.00 P 20260807 -1.00 -1.00 0 2 -1.0000 -0.9922 0.001500
779.00 C 20260807 -1.00 -1.00 2 254 0.1134 0.0070 0.001300
779.00 P 20260807 -1.00 -1.00 0 0 -1.0000 -0.9932 0.001300
780.00 C 20260807 -1.00 -1.00 1 543 0.1120 0.0061 0.001200
780.00 P 20260807 -1.00 -1.00 0 1 -1.0000 -0.9940 0.001200
781.00 C 20260807 -1.00 -1.00 0 30 0.1143 0.0055 0.001100
781.00 P 20260807 -1.00 -1.00 0 0 -1.0000 -0.9946 0.001100
782.00 C 20260807 -1.00 -1.00 0 7 0.1168 0.0050 0.001000
782.00 P 20260807 -1.00 -1.00 0 0 -1.0000 -0.9952 0.001000
783.00 C 20260807 -1.00 -1.00 1 21 0.1194 0.0045 0.000900
783.00 P 20260807 -1.00 -1.00 0 0 -1.0000 -0.9957 0.000900
784.00 C 20260807 -1.00 -1.00 0 17 0.1160 0.0040 0.000800
784.00 P 20260807 -1.00 -1.00 0 0 -1.0000 -0.9961 0.000800
785.00 C 20260807 -1.00 -1.00 2 61 0.1181 0.0037 0.000700
785.00 P 20260807 -1.00 -1.00 0 2 -1.0000 -0.9964 0.000700
786.00 C 20260807 -1.00 -1.00 0 22 0.1205 0.0034 0.000600
786.00 P 20260807 -1.00 -1.00 0 0 -1.0000 -0.9968 0.000600
787.00 C 20260807 -1.00 -1.00 0 1 0.1229 0.0031 0.000600
787.00 P 20260807 -1.00 -1.00 0 0 -1.0000 -0.9970 0.000600
788.00 C 20260807 -1.00 -1.00 0 6 0.1253 0.0029 0.000600
788.00 P 20260807 -1.00 -1.00 0 0 -1.0000 -0.9972 0.000600
789.00 C 20260807 -1.00 -1.00 0 2 0.1277 0.0027 0.000500
789.00 P 20260807 -1.00 -1.00 0 0 -1.0000 -0.9974 0.000500
790.00 C 20260807 -1.00 -1.00 0 557 0.1301 0.0025 0.000500
790.00 P 20260807 -1.00 -1.00 0 2 -1.0000 -0.9976 0.000500
791.00 C 20260807 -1.00 -1.00 0 0 0.1325 0.0024 0.000400
791.00 P 20260807 -1.00 -1.00 0 0 -1.0000 -0.9978 0.000400
792.00 C 20260807 -1.00 -1.00 0 0 0.1300 0.0022 0.000400
792.00 P 20260807 -1.00 -1.00 0 0 -1.0000 -0.9979 0.000400
793.00 C 20260807 -1.00 -1.00 0 0 0.1323 0.0021 0.000400
793.00 P 20260807 -1.00 -1.00 0 0 -1.0000 -0.9981 0.000400
794.00 C 20260807 -1.00 -1.00 0 0 0.1346 0.0020 0.000400
794.00 P 20260807 -1.00 -1.00 0 0 -1.0000 -0.9982 0.000400
795.00 C 20260807 -1.00 -1.00 0 509 0.1367 0.0019 0.000300
795.00 P 20260807 -1.00 -1.00 0 1 -1.0000 -0.9983 0.000300
796.00 C 20260807 -1.00 -1.00 0 0 0.1390 0.0018 0.000300
796.00 P 20260807 -1.00 -1.00 0 0 -1.0000 -0.9984 0.000300
797.00 C 20260807 -1.00 -1.00 0 7 0.1413 0.0017 0.000300
797.00 P 20260807 -1.00 -1.00 0 0 -1.0000 -0.9985 0.000300
798.00 C 20260807 -1.00 -1.00 0 17 0.1435 0.0016 0.000300
798.00 P 20260807 -1.00 -1.00 0 0 -1.0000 -0.9986 0.000300
799.00 C 20260807 -1.00 -1.00 0 1 0.1458 0.0015 0.000300
799.00 P 20260807 -1.00 -1.00 0 0 -1.0000 -0.9986 0.000300
800.00 C 20260807 -1.00 -1.00 0 56 0.1481 0.0014 0.000200
800.00 P 20260807 -1.00 -1.00 0 10 -1.0000 -0.9987 0.000200
801.00 C 20260807 -1.00 -1.00 0 2 0.1503 0.0014 0.000200
801.00 P 20260807 -1.00 -1.00 0 0 -1.0000 -0.9988 0.000200
802.00 C 20260807 -1.00 -1.00 0 0 0.1526 0.0013 0.000200
802.00 P 20260807 -1.00 -1.00 0 1 -1.0000 -0.9988 0.000200
803.00 C 20260807 -1.00 -1.00 0 0 0.1548 0.0012 0.000200
803.00 P 20260807 -1.00 -1.00 0 0 -1.0000 -0.9989 0.000200
805.00 C 20260807 -1.00 -1.00 0 7 0.1592 0.0011 0.000200
805.00 P 20260807 -1.00 -1.00 0 0 -1.0000 -0.9990 0.000200
810.00 C 20260807 -1.00 -1.00 1 102 0.1703 0.0009 0.000100
810.00 P 20260807 -1.00 -1.00 0 2 -1.0000 -0.9992 0.000100
815.00 C 20260807 -1.00 -1.00 0 19 0.1812 0.0007 0.000100
815.00 P 20260807 -1.00 -1.00 0 0 -1.0000 -0.9994 0.000100
820.00 C 20260807 -1.00 -1.00 0 100 0.1920 0.0006 0.000100
820.00 P 20260807 -1.00 -1.00 0 0 -1.0000 -0.9995 0.000100
825.00 C 20260807 -1.00 -1.00 0 3 0.2027 0.0005 0.000100
825.00 P 20260807 -1.00 -1.00 0 0 -1.0000 -0.9996 0.000100
830.00 C 20260807 -1.00 -1.00 0 15 0.2132 0.0004 0.000100
830.00 P 20260807 -1.00 -1.00 0 1 -1.0000 -0.9997 0.000100
655.00 C 20260810 -1.00 -1.00 0 0 0.3200 0.9818 0.001000
655.00 P 20260810 -1.00 -1.00 0 0 0.3089 -0.0183 0.001000
660.00 C 20260810 -1.00 -1.00 0 0 0.3074 0.9792 0.001200
660.00 P 20260810 -1.00 -1.00 0 4 0.2986 -0.0209 0.001200
665.00 C 20260810 -1.00 -1.00 0 0 0.2954 0.9761 0.001400
665.00 P 20260810 -1.00 -1.00 1 0 0.2873 -0.0240 0.001400
670.00 C 20260810 -1.00 -1.00 0 1 0.2838 0.9723 0.001600
670.00 P 20260810 -1.00 -1.00 0 16 0.2769 -0.0278 0.001600
675.00 C 20260810 -1.00 -1.00 0 0 0.2727 0.9676 0.001900
675.00 P 20260810 -1.00 -1.00 0 0 0.2665 -0.0326 0.001900
680.00 C 20260810 -1.00 -1.00 0 0 0.2618 0.9617 0.002200
680.00 P 20260810 -1.00 -1.00 18 9 0.2566 -0.0385 0.002200
685.00 C 20260810 -1.00 -1.00 0 0 0.2515 0.9541 0.002700
685.00 P 20260810 -1.00 -1.00 1 3 0.2465 -0.0461 0.002700
690.00 C 20260810 -1.00 -1.00 0 0 0.2413 0.9445 0.003200
690.00 P 20260810 -1.00 -1.00 4 674 0.2373 -0.0557 0.003200
695.00 C 20260810 -1.00 -1.00 0 0 0.2321 0.9322 0.003900
695.00 P 20260810 -1.00 -1.00 29 39 0.2286 -0.0680 0.003900
696.00 C 20260810 -1.00 -1.00 0 0 0.2301 0.9293 0.004100
696.00 P 20260810 -1.00 -1.00 0 1 0.2268 -0.0708 0.004100
697.00 C 20260810 -1.00 -1.00 0 0 0.2283 0.9264 0.004300
697.00 P 20260810 -1.00 -1.00 3 2 0.2248 -0.0739 0.004300
698.00 C 20260810 -1.00 -1.00 0 0 0.2264 0.9232 0.004400
698.00 P 20260810 -1.00 -1.00 0 0 0.2230 -0.0769 0.004400
699.00 C 20260810 -1.00 -1.00 0 0 0.2246 0.9200 0.004600
699.00 P 20260810 -1.00 -1.00 2 1 0.2213 -0.0802 0.004600
700.00 C 20260810 -1.00 -1.00 0 0 0.2227 0.9165 0.004800
700.00 P 20260810 -1.00 -1.00 6 8 0.2199 -0.0836 0.004800
701.00 C 20260810 -1.00 -1.00 0 0 0.2209 0.9129 0.005000
701.00 P 20260810 -1.00 -1.00 1 2 0.2181 -0.0874 0.005000
702.00 C 20260810 -1.00 -1.00 0 0 0.2191 0.9091 0.005200
702.00 P 20260810 -1.00 -1.00 6 0 0.2163 -0.0911 0.005200
703.00 C 20260810 -1.00 -1.00 0 0 0.2175 0.9052 0.005400
703.00 P 20260810 -1.00 -1.00 0 10 0.2148 -0.0949 0.005400
704.00 C 20260810 -1.00 -1.00 0 0 0.2156 0.9010 0.005600
704.00 P 20260810 -1.00 -1.00 1 1 0.2132 -0.0990 0.005600
705.00 C 20260810 -1.00 -1.00 0 0 0.2176 0.8967 0.005800
705.00 P 20260810 -1.00 -1.00 8 23 0.2113 -0.1035 0.005800
706.00 C 20260810 -1.00 -1.00 0 0 0.2159 0.8922 0.006000
706.00 P 20260810 -1.00 -1.00 1 0 0.2097 -0.1081 0.006100
707.00 C 20260810 -1.00 -1.00 0 0 0.2142 0.8874 0.006300
707.00 P 20260810 -1.00 -1.00 13 1 0.2082 -0.1129 0.006300
708.00 C 20260810 -1.00 -1.00 0 0 0.2122 0.8824 0.006500
708.00 P 20260810 -1.00 -1.00 0 0 0.2065 -0.1178 0.006500
709.00 C 20260810 -1.00 -1.00 0 15 0.2067 0.8772 0.006800
709.00 P 20260810 -1.00 -1.00 3 1 0.2049 -0.1230 0.006800
710.00 C 20260810 -1.00 -1.00 0 15 0.2052 0.8718 0.007100
710.00 P 20260810 -1.00 -1.00 21 73 0.2035 -0.1286 0.007100
711.00 C 20260810 -1.00 -1.00 0 0 0.2037 0.8661 0.007300
711.00 P 20260810 -1.00 -1.00 1 2 0.2018 -0.1343 0.007300
712.00 C 20260810 -1.00 -1.00 0 0 0.2019 0.8602 0.007600
712.00 P 20260810 -1.00 -1.00 30 6 0.2002 -0.1401 0.007600
713.00 C 20260810 -1.00 -1.00 0 0 0.2005 0.8539 0.007900
713.00 P 20260810 -1.00 -1.00 5 0 0.1985 -0.1463 0.007900
714.00 C 20260810 -1.00 -1.00 2 0 0.1986 0.8474 0.008200
714.00 P 20260810 -1.00 -1.00 163 0 0.1971 -0.1530 0.008200
715.00 C 20260810 -1.00 -1.00 2 0 0.1965 0.8407 0.008500
715.00 P 20260810 -1.00 -1.00 6 117 0.1955 -0.1598 0.008500
716.00 C 20260810 -1.00 -1.00 0 0 0.1958 0.8336 0.008800
716.00 P 20260810 -1.00 -1.00 1 31 0.1938 -0.1666 0.008800
717.00 C 20260810 -1.00 -1.00 0 0 0.1941 0.8262 0.009200
717.00 P 20260810 -1.00 -1.00 8 9 0.1922 -0.1740 0.009200
718.00 C 20260810 -1.00 -1.00 0 0 0.1928 0.8185 0.009500
718.00 P 20260810 -1.00 -1.00 1 1 0.1910 -0.1815 0.009500
719.00 C 20260810 -1.00 -1.00 0 0 0.1912 0.8105 0.009800
719.00 P 20260810 -1.00 -1.00 0 3 0.1890 -0.1896 0.009800
720.00 C 20260810 -1.00 -1.00 0 0 0.1889 0.8022 0.010200
720.00 P 20260810 -1.00 -1.00 9 684 0.1876 -0.1981 0.010200
721.00 C 20260810 -1.00 -1.00 0 0 0.1880 0.7934 0.010500
721.00 P 20260810 -1.00 -1.00 2 2 0.1861 -0.2066 0.010500
722.00 C 20260810 -1.00 -1.00 0 0 0.1864 0.7844 0.010900
722.00 P 20260810 -1.00 -1.00 6 13 0.1846 -0.2156 0.010900
723.00 C 20260810 -1.00 -1.00 0 0 0.1839 0.7749 0.011200
723.00 P 20260810 -1.00 -1.00 4 23 0.1830 -0.2251 0.011200
724.00 C 20260810 -1.00 -1.00 0 0 0.1832 0.7651 0.011600
724.00 P 20260810 -1.00 -1.00 10 4 0.1814 -0.2349 0.011600
725.00 C 20260810 -1.00 -1.00 5 33 0.1809 0.7548 0.012000
725.00 P 20260810 -1.00 -1.00 18 313 0.1798 -0.2451 0.012000
726.00 C 20260810 -1.00 -1.00 0 0 0.1798 0.7443 0.012400
726.00 P 20260810 -1.00 -1.00 24 22 0.1779 -0.2559 0.012400
727.00 C 20260810 -1.00 -1.00 0 0 0.1781 0.7333 0.012800
727.00 P 20260810 -1.00 -1.00 15 8 0.1766 -0.2667 0.012800
728.00 C 20260810 -1.00 -1.00 0 10 0.1764 0.7218 0.013200
728.00 P 20260810 -1.00 -1.00 0 27 0.1749 -0.2782 0.013200
729.00 C 20260810 -1.00 -1.00 1 11 0.1748 0.7100 0.013600
729.00 P 20260810 -1.00 -1.00 7 5 0.1730 -0.2902 0.013600
730.00 C 20260810 -1.00 -1.00 3 6 0.1727 0.6975 0.014000
730.00 P 20260810 -1.00 -1.00 35 58 0.1716 -0.3023 0.014000
731.00 C 20260810 -1.00 -1.00 1 0 0.1713 0.6849 0.014400
731.00 P 20260810 -1.00 -1.00 5 12 0.1699 -0.3150 0.014300
732.00 C 20260810 -1.00 -1.00 0 20 0.1695 0.6717 0.014700
732.00 P 20260810 -1.00 -1.00 4 32 0.1679 -0.3284 0.014700
733.00 C 20260810 -1.00 -1.00 0 19 0.1678 0.6579 0.015100
733.00 P 20260810 -1.00 -1.00 0 2 0.1664 -0.3419 0.015100
734.00 C 20260810 -1.00 -1.00 1 0 0.1661 0.6438 0.015500
734.00 P 20260810 -1.00 -1.00 0 11 0.1644 -0.3562 0.015500
735.00 C 20260810 -1.00 -1.00 6 0 0.1640 0.6292 0.015900
735.00 P 20260810 -1.00 -1.00 13 352 0.1627 -0.3710 0.015900
736.00 C 20260810 -1.00 -1.00 0 0 0.1625 0.6142 0.016300
736.00 P 20260810 -1.00 -1.00 1 10 0.1609 -0.3860 0.016300
737.00 C 20260810 -1.00 -1.00 0 4 0.1607 0.5991 0.016600
737.00 P 20260810 -1.00 -1.00 6 11 0.1591 -0.4013 0.016600
738.00 C 20260810 -1.00 -1.00 0 4 0.1588 0.5831 0.017000
738.00 P 20260810 -1.00 -1.00 11 5 0.1574 -0.4170 0.017000
739.00 C 20260810 -1.00 -1.00 12 5 0.1570 0.5667 0.017300
739.00 P 20260810 -1.00 -1.00 3 3 0.1555 -0.4334 0.017300
740.00 C 20260810 -1.00 -1.00 14 41 0.1550 0.5493 0.017600
740.00 P 20260810 -1.00 -1.00 2 37 0.1536 -0.4508 0.017600
741.00 C 20260810 -1.00 -1.00 5 8 0.1530 0.5319 0.017900
741.00 P 20260810 -1.00 -1.00 2 1 0.1516 -0.4682 0.017900
742.00 C 20260810 -1.00 -1.00 196 6 0.1511 0.5141 0.018200
742.00 P 20260810 -1.00 -1.00 1 5 0.1497 -0.4861 0.018200
743.00 C 20260810 -1.00 -1.00 2 5 0.1491 0.4958 0.018400
743.00 P 20260810 -1.00 -1.00 9 3 0.1476 -0.5044 0.018400
744.00 C 20260810 -1.00 -1.00 0 4 0.1472 0.4771 0.018600
744.00 P 20260810 -1.00 -1.00 0 3 0.1459 -0.5231 0.018600
745.00 C 20260810 -1.00 -1.00 4 20 0.1453 0.4579 0.018800
745.00 P 20260810 -1.00 -1.00 2 16 0.1440 -0.5422 0.018800
746.00 C 20260810 -1.00 -1.00 0 4 0.1432 0.4384 0.018900
746.00 P 20260810 -1.00 -1.00 0 6 0.1418 -0.5618 0.018900
747.00 C 20260810 -1.00 -1.00 1 0 0.1412 0.4185 0.019000
747.00 P 20260810 -1.00 -1.00 0 1 0.1398 -0.5816 0.019000
748.00 C 20260810 -1.00 -1.00 0 2 0.1395 0.3983 0.019000
748.00 P 20260810 -1.00 -1.00 0 7 0.1378 -0.6018 0.019000
749.00 C 20260810 -1.00 -1.00 3 33 0.1373 0.3779 0.019000
749.00 P 20260810 -1.00 -1.00 0 7 0.1359 -0.6223 0.019000
750.00 C 20260810 -1.00 -1.00 16 15 0.1354 0.3572 0.018900
750.00 P 20260810 -1.00 -1.00 0 7 0.1341 -0.6426 0.018900
751.00 C 20260810 -1.00 -1.00 4 6 0.1334 0.3365 0.018800
751.00 P 20260810 -1.00 -1.00 1 7 0.1328 -0.6634 0.018800
752.00 C 20260810 -1.00 -1.00 0 8 0.1315 0.3157 0.018500
752.00 P 20260810 -1.00 -1.00 0 4 0.1309 -0.6842 0.018500
753.00 C 20260810 -1.00 -1.00 0 5 0.1296 0.2950 0.018200
753.00 P 20260810 -1.00 -1.00 0 2 0.1290 -0.7049 0.018200
754.00 C 20260810 -1.00 -1.00 4 5 0.1279 0.2744 0.017900
754.00 P 20260810 -1.00 -1.00 0 3 0.1270 -0.7254 0.017900
755.00 C 20260810 -1.00 -1.00 2 22 0.1260 0.2541 0.017400
755.00 P 20260810 -1.00 -1.00 0 2 0.1246 -0.7458 0.017400
756.00 C 20260810 -1.00 -1.00 1 23 0.1242 0.2341 0.016900
756.00 P 20260810 -1.00 -1.00 0 5 0.1230 -0.7658 0.016900
757.00 C 20260810 -1.00 -1.00 0 30 0.1224 0.2145 0.016300
757.00 P 20260810 -1.00 -1.00 1 5 0.1212 -0.7853 0.016300
758.00 C 20260810 -1.00 -1.00 28 22 0.1206 0.1955 0.015700
758.00 P 20260810 -1.00 -1.00 0 0 0.1192 -0.8044 0.015700
759.00 C 20260810 -1.00 -1.00 0 16 0.1189 0.1771 0.014900
759.00 P 20260810 -1.00 -1.00 0 8 0.1174 -0.8228 0.015000
760.00 C 20260810 -1.00 -1.00 114 224 0.1173 0.1594 0.014200
760.00 P 20260810 -1.00 -1.00 1 0 0.1151 -0.8404 0.014200
761.00 C 20260810 -1.00 -1.00 8 31 0.1157 0.1426 0.013300
761.00 P 20260810 -1.00 -1.00 0 0 0.1141 -0.8573 0.013300
762.00 C 20260810 -1.00 -1.00 6 13 0.1142 0.1267 0.012400
762.00 P 20260810 -1.00 -1.00 0 0 0.1120 -0.8732 0.012500
763.00 C 20260810 -1.00 -1.00 3 7 0.1127 0.1118 0.011600
763.00 P 20260810 -1.00 -1.00 0 0 0.1096 -0.8881 0.011600
764.00 C 20260810 -1.00 -1.00 16 9 0.1112 0.0980 0.010600
764.00 P 20260810 -1.00 -1.00 0 0 0.1078 -0.9019 0.010600
765.00 C 20260810 -1.00 -1.00 12 27 0.1100 0.0854 0.009700
765.00 P 20260810 -1.00 -1.00 1 1 0.1072 -0.9146 0.009700
766.00 C 20260810 -1.00 -1.00 13 5 0.1087 0.0741 0.008800
766.00 P 20260810 -1.00 -1.00 0 3 0.1058 -0.9261 0.008800
767.00 C 20260810 -1.00 -1.00 1 22 0.1074 0.0638 0.008000
767.00 P 20260810 -1.00 -1.00 0 1 0.1039 -0.9364 0.008000
768.00 C 20260810 -1.00 -1.00 0 19 0.1065 0.0546 0.007100
768.00 P 20260810 -1.00 -1.00 0 0 0.1026 -0.9455 0.007100
769.00 C 20260810 -1.00 -1.00 2 16 0.1060 0.0467 0.006300
769.00 P 20260810 -1.00 -1.00 0 0 0.1010 -0.9535 0.006300
770.00 C 20260810 -1.00 -1.00 3 48 0.1054 0.0398 0.005600
770.00 P 20260810 -1.00 -1.00 0 0 0.0996 -0.9604 0.005600
771.00 C 20260810 -1.00 -1.00 1 2 0.1049 0.0338 0.004900
771.00 P 20260810 -1.00 -1.00 0 0 0.0979 -0.9663 0.004900
772.00 C 20260810 -1.00 -1.00 0 4 0.1044 0.0289 0.004300
772.00 P 20260810 -1.00 -1.00 0 0 0.0963 -0.9713 0.004300
773.00 C 20260810 -1.00 -1.00 2 3 0.1039 0.0246 0.003800
773.00 P 20260810 -1.00 -1.00 0 0 0.0952 -0.9756 0.003800
775.00 C 20260810 -1.00 -1.00 0 55 0.1038 0.0181 0.002900
775.00 P 20260810 -1.00 -1.00 0 3 0.0906 -0.9820 0.002900
780.00 C 20260810 -1.00 -1.00 1 68 0.1062 0.0093 0.001600
780.00 P 20260810 -1.00 -1.00 0 2 -1.0000 -0.9908 0.001600
785.00 C 20260810 -1.00 -1.00 1 11 0.1104 0.0056 0.001000
785.00 P 20260810 -1.00 -1.00 0 0 -1.0000 -0.9945 0.001000
790.00 C 20260810 -1.00 -1.00 0 3 0.1154 0.0037 0.000600
790.00 P 20260810 -1.00 -1.00 0 0 -1.0000 -0.9963 0.000700
795.00 C 20260810 -1.00 -1.00 0 0 0.1259 0.0028 0.000500
795.00 P 20260810 -1.00 -1.00 0 0 -1.0000 -0.9973 0.000500
800.00 C 20260810 -1.00 -1.00 3 0 0.1363 0.0022 0.000400
800.00 P 20260810 -1.00 -1.00 0 1 -1.0000 -0.9979 0.000400
805.00 C 20260810 -1.00 -1.00 0 0 0.1412 0.0018 0.000300
805.00 P 20260810 -1.00 -1.00 0 0 -1.0000 -0.9984 0.000300
810.00 C 20260810 -1.00 -1.00 0 1 0.1510 0.0015 0.000200
810.00 P 20260810 -1.00 -1.00 0 1 -1.0000 -0.9987 0.000200
820.00 C 20260810 -1.00 -1.00 0 80 0.1702 0.0010 0.000100
820.00 P 20260810 -1.00 -1.00 0 0 -1.0000 -0.9991 0.000100
830.00 C 20260810 -1.00 -1.00 0 0 0.1890 0.0007 0.000100
830.00 P 20260810 -1.00 -1.00 0 0 -1.0000 -0.9994 0.000100
655.00 C 20260811 -1.00 -1.00 0 0 0.3286 0.9791 0.001100
655.00 P 20260811 -1.00 -1.00 0 4 0.3072 -0.0211 0.001100
660.00 C 20260811 -1.00 -1.00 0 0 0.3164 0.9762 0.001300
660.00 P 20260811 -1.00 -1.00 1 6 0.2969 -0.0240 0.001300
665.00 C 20260811 -1.00 -1.00 0 0 0.3035 0.9727 0.001500
665.00 P 20260811 -1.00 -1.00 0 0 0.2868 -0.0275 0.001500
670.00 C 20260811 -1.00 -1.00 0 0 0.2917 0.9684 0.001700
670.00 P 20260811 -1.00 -1.00 4 48 0.2767 -0.0317 0.001700
675.00 C 20260811 -1.00 -1.00 0 0 0.2799 0.9632 0.002000
675.00 P 20260811 -1.00 -1.00 0 0 0.2660 -0.0370 0.002000
680.00 C 20260811 -1.00 -1.00 0 0 0.2686 0.9567 0.002400
680.00 P 20260811 -1.00 -1.00 1 4 0.2566 -0.0435 0.002400
685.00 C 20260811 -1.00 -1.00 0 0 0.2571 0.9485 0.002800
685.00 P 20260811 -1.00 -1.00 0 0 0.2470 -0.0517 0.002800
690.00 C 20260811 -1.00 -1.00 0 0 0.2469 0.9382 0.003400
690.00 P 20260811 -1.00 -1.00 0 16 0.2380 -0.0620 0.003400
695.00 C 20260811 -1.00 -1.00 0 0 0.2365 0.9253 0.004100
695.00 P 20260811 -1.00 -1.00 5 13 0.2288 -0.0750 0.004100
696.00 C 20260811 -1.00 -1.00 0 0 0.2347 0.9223 0.004200
696.00 P 20260811 -1.00 -1.00 1 0 0.2271 -0.0778 0.004200
697.00 C 20260811 -1.00 -1.00 0 0 0.2328 0.9192 0.004400
697.00 P 20260811 -1.00 -1.00 0 0 0.2255 -0.0810 0.004400
698.00 C 20260811 -1.00 -1.00 0 0 0.2308 0.9160 0.004600
698.00 P 20260811 -1.00 -1.00 0 0 0.2238 -0.0841 0.004600
699.00 C 20260811 -1.00 -1.00 0 0 0.2288 0.9126 0.004700
699.00 P 20260811 -1.00 -1.00 0 0 0.2222 -0.0877 0.004800
700.00 C 20260811 -1.00 -1.00 2 2 0.2268 0.9090 0.004900
700.00 P 20260811 -1.00 -1.00 2 7 0.2203 -0.0912 0.004900
701.00 C 20260811 -1.00 -1.00 0 0 0.2252 0.9053 0.005100
701.00 P 20260811 -1.00 -1.00 1 0 0.2188 -0.0950 0.005100
702.00 C 20260811 -1.00 -1.00 0 0 0.2232 0.9015 0.005300
702.00 P 20260811 -1.00 -1.00 0 0 0.2171 -0.0986 0.005300
703.00 C 20260811 -1.00 -1.00 0 0 0.2214 0.8974 0.005500
703.00 P 20260811 -1.00 -1.00 0 0 0.2154 -0.1029 0.005500
704.00 C 20260811 -1.00 -1.00 0 0 0.2194 0.8932 0.005700
704.00 P 20260811 -1.00 -1.00 0 0 0.2137 -0.1071 0.005700
705.00 C 20260811 -1.00 -1.00 0 0 0.2178 0.8888 0.005900
705.00 P 20260811 -1.00 -1.00 0 19 0.2121 -0.1116 0.005900
706.00 C 20260811 -1.00 -1.00 0 0 0.2160 0.8841 0.006100
706.00 P 20260811 -1.00 -1.00 0 0 0.2105 -0.1162 0.006200
707.00 C 20260811 -1.00 -1.00 0 0 0.2142 0.8793 0.006400
707.00 P 20260811 -1.00 -1.00 0 0 0.2089 -0.1210 0.006400
708.00 C 20260811 -1.00 -1.00 0 0 0.2096 0.8743 0.006600
708.00 P 20260811 -1.00 -1.00 0 0 0.2073 -0.1261 0.006600
709.00 C 20260811 -1.00 -1.00 0 0 0.2077 0.8690 0.006800
709.00 P 20260811 -1.00 -1.00 10 1 0.2056 -0.1313 0.006900
710.00 C 20260811 -1.00 -1.00 0 0 0.2072 0.8636 0.007100
710.00 P 20260811 -1.00 -1.00 4 19 0.2040 -0.1368 0.007100
711.00 C 20260811 -1.00 -1.00 0 0 0.2051 0.8578 0.007400
711.00 P 20260811 -1.00 -1.00 9 15 0.2025 -0.1425 0.007400
712.00 C 20260811 -1.00 -1.00 0 0 0.2031 0.8519 0.007600
712.00 P 20260811 -1.00 -1.00 3 43 0.2009 -0.1485 0.007600
713.00 C 20260811 -1.00 -1.00 0 0 0.2005 0.8456 0.007900
713.00 P 20260811 -1.00 -1.00 3 0 0.1993 -0.1547 0.007900
714.00 C 20260811 -1.00 -1.00 0 0 0.1990 0.8392 0.008200
714.00 P 20260811 -1.00 -1.00 0 1 0.1978 -0.1609 0.008200
715.00 C 20260811 -1.00 -1.00 1 1 0.1991 0.8324 0.008500
715.00 P 20260811 -1.00 -1.00 0 154 0.1963 -0.1676 0.008500
716.00 C 20260811 -1.00 -1.00 0 0 0.1965 0.8254 0.008800
716.00 P 20260811 -1.00 -1.00 9 0 0.1948 -0.1746 0.008800
717.00 C 20260811 -1.00 -1.00 0 0 0.1949 0.8181 0.009100
717.00 P 20260811 -1.00 -1.00 1 29 0.1930 -0.1822 0.009100
718.00 C 20260811 -1.00 -1.00 0 0 0.1934 0.8104 0.009400
718.00 P 20260811 -1.00 -1.00 0 0 0.1917 -0.1896 0.009400
719.00 C 20260811 -1.00 -1.00 0 0 0.1915 0.8025 0.009700
719.00 P 20260811 -1.00 -1.00 0 0 0.1900 -0.1975 0.009700
720.00 C 20260811 -1.00 -1.00 1 3 0.1908 0.7942 0.010000
720.00 P 20260811 -1.00 -1.00 0 156 0.1883 -0.2058 0.010000
721.00 C 20260811 -1.00 -1.00 0 0 0.1881 0.7857 0.010400
721.00 P 20260811 -1.00 -1.00 2 1 0.1867 -0.2144 0.010400
722.00 C 20260811 -1.00 -1.00 0 0 0.1877 0.7767 0.010700
722.00 P 20260811 -1.00 -1.00 2 14 0.1852 -0.2233 0.010700
723.00 C 20260811 -1.00 -1.00 0 0 0.1859 0.7675 0.011000
723.00 P 20260811 -1.00 -1.00 1 10 0.1837 -0.2325 0.011000
724.00 C 20260811 -1.00 -1.00 0 0 0.1842 0.7578 0.011400
724.00 P 20260811 -1.00 -1.00 0 16 0.1820 -0.2422 0.011400
725.00 C 20260811 -1.00 -1.00 1 3 0.1826 0.7477 0.011700
725.00 P 20260811 -1.00 -1.00 1 34 0.1805 -0.2522 0.011700
726.00 C 20260811 -1.00 -1.00 0 0 0.1803 0.7375 0.012100
726.00 P 20260811 -1.00 -1.00 0 0 0.1789 -0.2625 0.012100
727.00 C 20260811 -1.00 -1.00 0 2 0.1786 0.7267 0.012400
727.00 P 20260811 -1.00 -1.00 0 29 0.1772 -0.2733 0.012400
728.00 C 20260811 -1.00 -1.00 0 10 0.1769 0.7156 0.012800
728.00 P 20260811 -1.00 -1.00 0 47 0.1755 -0.2844 0.012800
729.00 C 20260811 -1.00 -1.00 2 10 0.1753 0.7040 0.013200
729.00 P 20260811 -1.00 -1.00 0 11 0.1739 -0.2960 0.013200
730.00 C 20260811 -1.00 -1.00 0 2 0.1737 0.6921 0.013500
730.00 P 20260811 -1.00 -1.00 4 40 0.1722 -0.3079 0.013500
731.00 C 20260811 -1.00 -1.00 0 1 0.1722 0.6795 0.013900
731.00 P 20260811 -1.00 -1.00 0 23 0.1706 -0.3202 0.013900
732.00 C 20260811 -1.00 -1.00 0 2 0.1705 0.6667 0.014300
732.00 P 20260811 -1.00 -1.00 0 18 0.1686 -0.3332 0.014300
733.00 C 20260811 -1.00 -1.00 0 0 0.1687 0.6535 0.014600
733.00 P 20260811 -1.00 -1.00 14 13 0.1671 -0.3462 0.014600
734.00 C 20260811 -1.00 -1.00 0 19 0.1669 0.6399 0.015000
734.00 P 20260811 -1.00 -1.00 0 29 0.1653 -0.3598 0.015000
735.00 C 20260811 -1.00 -1.00 1 21 0.1649 0.6258 0.015300
735.00 P 20260811 -1.00 -1.00 14 19 0.1636 -0.3739 0.015300
736.00 C 20260811 -1.00 -1.00 0 0 0.1631 0.6113 0.015700
736.00 P 20260811 -1.00 -1.00 5 15 0.1618 -0.3884 0.015700
737.00 C 20260811 -1.00 -1.00 0 7 0.1614 0.5968 0.016000
737.00 P 20260811 -1.00 -1.00 2 7 0.1598 -0.4036 0.016000
738.00 C 20260811 -1.00 -1.00 0 16 0.1595 0.5814 0.016300
738.00 P 20260811 -1.00 -1.00 2 22 0.1581 -0.4187 0.016300
739.00 C 20260811 -1.00 -1.00 0 18 0.1578 0.5656 0.016600
739.00 P 20260811 -1.00 -1.00 0 2 0.1563 -0.4345 0.016600
740.00 C 20260811 -1.00 -1.00 2 1 0.1559 0.5494 0.016900
740.00 P 20260811 -1.00 -1.00 3 8 0.1546 -0.4508 0.016900
741.00 C 20260811 -1.00 -1.00 1 3 0.1538 0.5322 0.017200
741.00 P 20260811 -1.00 -1.00 10 2 0.1526 -0.4680 0.017200
742.00 C 20260811 -1.00 -1.00 6 6 0.1520 0.5150 0.017400
742.00 P 20260811 -1.00 -1.00 6 3 0.1507 -0.4851 0.017400
743.00 C 20260811 -1.00 -1.00 0 0 0.1500 0.4975 0.017700
743.00 P 20260811 -1.00 -1.00 2 2 0.1488 -0.5026 0.017700
744.00 C 20260811 -1.00 -1.00 1 0 0.1481 0.4796 0.017900
744.00 P 20260811 -1.00 -1.00 0 1 0.1468 -0.5206 0.017900
745.00 C 20260811 -1.00 -1.00 0 2 0.1464 0.4612 0.018000
745.00 P 20260811 -1.00 -1.00 2 3 0.1448 -0.5389 0.018000
746.00 C 20260811 -1.00 -1.00 55 6 0.1443 0.4425 0.018200
746.00 P 20260811 -1.00 -1.00 0 1 0.1431 -0.5577 0.018200
747.00 C 20260811 -1.00 -1.00 2 0 0.1423 0.4234 0.018200
747.00 P 20260811 -1.00 -1.00 0 2 0.1409 -0.5767 0.018200
748.00 C 20260811 -1.00 -1.00 8 6 0.1404 0.4040 0.018300
748.00 P 20260811 -1.00 -1.00 2 5 0.1391 -0.5961 0.018300
749.00 C 20260811 -1.00 -1.00 0 1 0.1386 0.3844 0.018300
749.00 P 20260811 -1.00 -1.00 0 6 0.1376 -0.6157 0.018300
750.00 C 20260811 -1.00 -1.00 25 45 0.1366 0.3646 0.018200
750.00 P 20260811 -1.00 -1.00 4 17 0.1355 -0.6356 0.018200
751.00 C 20260811 -1.00 -1.00 0 3 0.1347 0.3446 0.018100
751.00 P 20260811 -1.00 -1.00 0 3 0.1334 -0.6555 0.018100
752.00 C 20260811 -1.00 -1.00 0 5 0.1328 0.3246 0.018000
752.00 P 20260811 -1.00 -1.00 9 11 0.1320 -0.6752 0.018000
753.00 C 20260811 -1.00 -1.00 3 3 0.1310 0.3046 0.017700
753.00 P 20260811 -1.00 -1.00 3 10 0.1302 -0.6953 0.017700
754.00 C 20260811 -1.00 -1.00 0 3 0.1292 0.2847 0.017400
754.00 P 20260811 -1.00 -1.00 0 6 0.1284 -0.7151 0.017400
755.00 C 20260811 -1.00 -1.00 2 8 0.1274 0.2650 0.017000
755.00 P 20260811 -1.00 -1.00 0 5 0.1263 -0.7352 0.017000
756.00 C 20260811 -1.00 -1.00 1 10 0.1258 0.2455 0.016600
756.00 P 20260811 -1.00 -1.00 0 5 0.1250 -0.7543 0.016600
757.00 C 20260811 -1.00 -1.00 0 8 0.1240 0.2265 0.016100
757.00 P 20260811 -1.00 -1.00 1 0 0.1231 -0.7734 0.016100
758.00 C 20260811 -1.00 -1.00 3 11 0.1223 0.2079 0.015500
758.00 P 20260811 -1.00 -1.00 1 1 0.1216 -0.7920 0.015500
759.00 C 20260811 -1.00 -1.00 2 6 0.1205 0.1898 0.014900
759.00 P 20260811 -1.00 -1.00 0 0 0.1200 -0.8101 0.014900
760.00 C 20260811 -1.00 -1.00 14 1 0.1190 0.1723 0.014200
760.00 P 20260811 -1.00 -1.00 1 2 0.1172 -0.8276 0.014200
761.00 C 20260811 -1.00 -1.00 1 21 0.1173 0.1556 0.013400
761.00 P 20260811 -1.00 -1.00 0 0 0.1149 -0.8443 0.013500
762.00 C 20260811 -1.00 -1.00 23 63 0.1159 0.1396 0.012700
762.00 P 20260811 -1.00 -1.00 0 0 0.1150 -0.8602 0.012700
763.00 C 20260811 -1.00 -1.00 2 0 0.1145 0.1246 0.011900
763.00 P 20260811 -1.00 -1.00 0 2 0.1125 -0.8753 0.011900
764.00 C 20260811 -1.00 -1.00 5 1 0.1131 0.1105 0.011000
764.00 P 20260811 -1.00 -1.00 0 2 0.1130 -0.8894 0.011000
765.00 C 20260811 -1.00 -1.00 10 1 0.1120 0.0974 0.010200
765.00 P 20260811 -1.00 -1.00 0 0 0.1051 -0.9025 0.010200
766.00 C 20260811 -1.00 -1.00 8 18 0.1106 0.0854 0.009300
766.00 P 20260811 -1.00 -1.00 0 0 0.1030 -0.9145 0.009400
767.00 C 20260811 -1.00 -1.00 1 66 0.1092 0.0745 0.008500
767.00 P 20260811 -1.00 -1.00 0 0 0.1007 -0.9255 0.008500
768.00 C 20260811 -1.00 -1.00 1 0 0.1085 0.0647 0.007700
768.00 P 20260811 -1.00 -1.00 0 0 0.0985 -0.9353 0.007700
769.00 C 20260811 -1.00 -1.00 0 0 0.1074 0.0559 0.006900
769.00 P 20260811 -1.00 -1.00 0 0 0.0956 -0.9441 0.007000
770.00 C 20260811 -1.00 -1.00 5 18 0.1067 0.0482 0.006200
770.00 P 20260811 -1.00 -1.00 0 0 0.0924 -0.9518 0.006200
771.00 C 20260811 -1.00 -1.00 0 3 0.1061 0.0415 0.005500
771.00 P 20260811 -1.00 -1.00 0 0 0.0884 -0.9586 0.005600
772.00 C 20260811 -1.00 -1.00 0 1 0.1057 0.0358 0.004900
772.00 P 20260811 -1.00 -1.00 0 0 0.0828 -0.9644 0.004900
773.00 C 20260811 -1.00 -1.00 0 0 0.1049 0.0308 0.004400
773.00 P 20260811 -1.00 -1.00 0 0 0.0721 -0.9694 0.004400
775.00 C 20260811 -1.00 -1.00 1 10 0.1049 0.0229 0.003400
775.00 P 20260811 -1.00 -1.00 0 0 -1.0000 -0.9773 0.003400
780.00 C 20260811 -1.00 -1.00 2 5 0.1062 0.0116 0.001900
780.00 P 20260811 -1.00 -1.00 0 0 -1.0000 -0.9885 0.001900
785.00 C 20260811 -1.00 -1.00 7 3 0.1107 0.0068 0.001100
785.00 P 20260811 -1.00 -1.00 0 0 -1.0000 -0.9933 0.001100
790.00 C 20260811 -1.00 -1.00 0 6 0.1174 0.0045 0.000800
790.00 P 20260811 -1.00 -1.00 0 0 -1.0000 -0.9956 0.000800
795.00 C 20260811 -1.00 -1.00 0 0 0.1215 0.0032 0.000500
795.00 P 20260811 -1.00 -1.00 0 0 -1.0000 -0.9969 0.000500
800.00 C 20260811 -1.00 -1.00 0 1 0.1315 0.0025 0.000400
800.00 P 20260811 -1.00 -1.00 3 1 -1.0000 -0.9976 0.000400
810.00 C 20260811 -1.00 -1.00 1 14 0.1511 0.0017 0.000200
810.00 P 20260811 -1.00 -1.00 0 0 -1.0000 -0.9985 0.000200
820.00 C 20260811 -1.00 -1.00 0 0 0.1643 0.0012 0.000200
820.00 P 20260811 -1.00 -1.00 0 0 -1.0000 -0.9990 0.000200
830.00 C 20260811 -1.00 -1.00 0 0 0.1825 0.0008 0.000100
830.00 P 20260811 -1.00 -1.00 0 0 -1.0000 -0.9993 0.000100
655.00 C 20260812 -1.00 -1.00 0 0 0.3154 0.9758 0.001200
655.00 P 20260812 -1.00 -1.00 0 0 0.3075 -0.0243 0.001200
660.00 C 20260812 -1.00 -1.00 0 0 0.3046 0.9726 0.001400
660.00 P 20260812 -1.00 -1.00 0 4 0.2980 -0.0276 0.001400
665.00 C 20260812 -1.00 -1.00 0 0 0.2932 0.9687 0.001600
665.00 P 20260812 -1.00 -1.00 0 0 0.2872 -0.0315 0.001600
670.00 C 20260812 -1.00 -1.00 0 0 0.2826 0.9640 0.001800
670.00 P 20260812 -1.00 -1.00 0 52 0.2772 -0.0362 0.001800
675.00 C 20260812 -1.00 -1.00 0 0 0.2718 0.9582 0.002200
675.00 P 20260812 -1.00 -1.00 0 1 0.2674 -0.0420 0.002200
680.00 C 20260812 -1.00 -1.00 0 0 0.2620 0.9510 0.002500
680.00 P 20260812 -1.00 -1.00 0 30 0.2580 -0.0492 0.002500
685.00 C 20260812 -1.00 -1.00 0 0 0.2520 0.9422 0.003000
685.00 P 20260812 -1.00 -1.00 0 8 0.2483 -0.0580 0.003000
690.00 C 20260812 -1.00 -1.00 0 0 0.2427 0.9312 0.003600
690.00 P 20260812 -1.00 -1.00 0 636 0.2394 -0.0690 0.003600
695.00 C 20260812 -1.00 -1.00 0 0 0.2335 0.9176 0.004200
695.00 P 20260812 -1.00 -1.00 2 10 0.2307 -0.0827 0.004200
696.00 C 20260812 -1.00 -1.00 0 0 0.2316 0.9145 0.004400
696.00 P 20260812 -1.00 -1.00 0 0 0.2290 -0.0858 0.004400
697.00 C 20260812 -1.00 -1.00 0 0 0.2299 0.9112 0.004500
697.00 P 20260812 -1.00 -1.00 0 0 0.2272 -0.0890 0.004600
698.00 C 20260812 -1.00 -1.00 0 0 0.2280 0.9079 0.004700
698.00 P 20260812 -1.00 -1.00 10 0 0.2257 -0.0924 0.004700
699.00 C 20260812 -1.00 -1.00 0 0 0.2263 0.9043 0.004900
699.00 P 20260812 -1.00 -1.00 0 0 0.2241 -0.0957 0.004900
700.00 C 20260812 -1.00 -1.00 0 0 0.2247 0.9007 0.005000
700.00 P 20260812 -1.00 -1.00 4 9 0.2222 -0.0996 0.005000
701.00 C 20260812 -1.00 -1.00 0 0 0.2226 0.8968 0.005200
701.00 P 20260812 -1.00 -1.00 0 0 0.2206 -0.1034 0.005200
702.00 C 20260812 -1.00 -1.00 0 0 0.2213 0.8929 0.005400
702.00 P 20260812 -1.00 -1.00 0 0 0.2189 -0.1074 0.005400
703.00 C 20260812 -1.00 -1.00 0 0 0.2196 0.8887 0.005600
703.00 P 20260812 -1.00 -1.00 0 0 0.2175 -0.1116 0.005600
704.00 C 20260812 -1.00 -1.00 0 0 0.2212 0.8844 0.005800
704.00 P 20260812 -1.00 -1.00 0 0 0.2156 -0.1158 0.005800
705.00 C 20260812 -1.00 -1.00 0 0 0.2160 0.8798 0.006000
705.00 P 20260812 -1.00 -1.00 1 6 0.2141 -0.1204 0.006000
706.00 C 20260812 -1.00 -1.00 0 0 0.2138 0.8752 0.006200
706.00 P 20260812 -1.00 -1.00 0 0 0.2125 -0.1251 0.006200
707.00 C 20260812 -1.00 -1.00 0 0 0.2132 0.8702 0.006400
707.00 P 20260812 -1.00 -1.00 0 0 0.2109 -0.1301 0.006400
708.00 C 20260812 -1.00 -1.00 0 0 0.2111 0.8652 0.006600
708.00 P 20260812 -1.00 -1.00 0 2 0.2092 -0.1352 0.006700
709.00 C 20260812 -1.00 -1.00 0 0 0.2093 0.8598 0.006900
709.00 P 20260812 -1.00 -1.00 0 1 0.2078 -0.1402 0.006900
710.00 C 20260812 -1.00 -1.00 0 1 0.2083 0.8543 0.007100
710.00 P 20260812 -1.00 -1.00 0 16 0.2062 -0.1459 0.007100
711.00 C 20260812 -1.00 -1.00 0 0 0.2062 0.8485 0.007400
711.00 P 20260812 -1.00 -1.00 0 1 0.2046 -0.1518 0.007400
712.00 C 20260812 -1.00 -1.00 0 0 0.2047 0.8426 0.007600
712.00 P 20260812 -1.00 -1.00 0 0 0.2030 -0.1578 0.007600
713.00 C 20260812 -1.00 -1.00 0 0 0.2032 0.8363 0.007900
713.00 P 20260812 -1.00 -1.00 0 5 0.2014 -0.1640 0.007900
714.00 C 20260812 -1.00 -1.00 0 0 0.2012 0.8298 0.008100
714.00 P 20260812 -1.00 -1.00 0 0 0.1999 -0.1704 0.008100
715.00 C 20260812 -1.00 -1.00 0 0 0.2000 0.8230 0.008400
715.00 P 20260812 -1.00 -1.00 1 25 0.1982 -0.1773 0.008400
716.00 C 20260812 -1.00 -1.00 0 0 0.1980 0.8161 0.008700
716.00 P 20260812 -1.00 -1.00 0 0 0.1966 -0.1840 0.008700
717.00 C 20260812 -1.00 -1.00 0 0 0.1969 0.8088 0.009000
717.00 P 20260812 -1.00 -1.00 0 0 0.1951 -0.1916 0.009000
718.00 C 20260812 -1.00 -1.00 0 0 0.1949 0.8013 0.009200
718.00 P 20260812 -1.00 -1.00 0 90 0.1936 -0.1987 0.009200
719.00 C 20260812 -1.00 -1.00 0 1 0.1933 0.7934 0.009500
719.00 P 20260812 -1.00 -1.00 4 4 0.1922 -0.2066 0.009500
720.00 C 20260812 -1.00 -1.00 0 3 0.1919 0.7852 0.009800
720.00 P 20260812 -1.00 -1.00 2 22 0.1905 -0.2147 0.009800
721.00 C 20260812 -1.00 -1.00 0 0 0.1906 0.7768 0.010200
721.00 P 20260812 -1.00 -1.00 0 14 0.1890 -0.2232 0.010100
722.00 C 20260812 -1.00 -1.00 0 0 0.1887 0.7681 0.010500
722.00 P 20260812 -1.00 -1.00 0 3 0.1873 -0.2319 0.010400
723.00 C 20260812 -1.00 -1.00 0 0 0.1871 0.7590 0.010800
723.00 P 20260812 -1.00 -1.00 0 75 0.1858 -0.2410 0.010800
724.00 C 20260812 -1.00 -1.00 0 0 0.1856 0.7495 0.011100
724.00 P 20260812 -1.00 -1.00 0 5 0.1841 -0.2504 0.011100
725.00 C 20260812 -1.00 -1.00 0 2 0.1838 0.7396 0.011400
725.00 P 20260812 -1.00 -1.00 1 656 0.1824 -0.2605 0.011400
726.00 C 20260812 -1.00 -1.00 0 0 0.1823 0.7297 0.011700
726.00 P 20260812 -1.00 -1.00 0 22 0.1810 -0.2703 0.011700
727.00 C 20260812 -1.00 -1.00 0 11 0.1805 0.7192 0.012100
727.00 P 20260812 -1.00 -1.00 0 4 0.1793 -0.2808 0.012100
728.00 C 20260812 -1.00 -1.00 0 10 0.1788 0.7084 0.012400
728.00 P 20260812 -1.00 -1.00 0 0 0.1776 -0.2916 0.012400
729.00 C 20260812 -1.00 -1.00 0 3 0.1777 0.6970 0.012700
729.00 P 20260812 -1.00 -1.00 0 34 0.1760 -0.3028 0.012700
730.00 C 20260812 -1.00 -1.00 0 2 0.1754 0.6854 0.013100
730.00 P 20260812 -1.00 -1.00 4 41 0.1742 -0.3147 0.013100
731.00 C 20260812 -1.00 -1.00 0 0 0.1743 0.6735 0.013400
731.00 P 20260812 -1.00 -1.00 0 6 0.1726 -0.3266 0.013400
732.00 C 20260812 -1.00 -1.00 0 1 0.1726 0.6611 0.013700
732.00 P 20260812 -1.00 -1.00 1 1 0.1708 -0.3390 0.013700
733.00 C 20260812 -1.00 -1.00 0 0 0.1707 0.6484 0.014000
733.00 P 20260812 -1.00 -1.00 0 3 0.1692 -0.3517 0.014000
734.00 C 20260812 -1.00 -1.00 2 0 0.1688 0.6353 0.014400
734.00 P 20260812 -1.00 -1.00 0 0 0.1675 -0.3644 0.014400
735.00 C 20260812 -1.00 -1.00 0 26 0.1668 0.6220 0.014700
735.00 P 20260812 -1.00 -1.00 3 35 0.1657 -0.3780 0.014700
736.00 C 20260812 -1.00 -1.00 0 21 0.1653 0.6078 0.015000
736.00 P 20260812 -1.00 -1.00 1 13 0.1640 -0.3919 0.015000
737.00 C 20260812 -1.00 -1.00 0 6 0.1638 0.5935 0.015300
737.00 P 20260812 -1.00 -1.00 0 6 0.1622 -0.4062 0.015300
738.00 C 20260812 -1.00 -1.00 0 20 0.1619 0.5792 0.015600
738.00 P 20260812 -1.00 -1.00 16 15 0.1605 -0.4209 0.015600
739.00 C 20260812 -1.00 -1.00 0 21 0.1601 0.5641 0.015800
739.00 P 20260812 -1.00 -1.00 0 2 0.1587 -0.4360 0.015800
740.00 C 20260812 -1.00 -1.00 16 53 0.1582 0.5486 0.016100
740.00 P 20260812 -1.00 -1.00 0 336 0.1567 -0.4520 0.016100
741.00 C 20260812 -1.00 -1.00 0 8 0.1563 0.5322 0.016400
741.00 P 20260812 -1.00 -1.00 0 0 0.1549 -0.4674 0.016400
742.00 C 20260812 -1.00 -1.00 4 7 0.1544 0.5164 0.016600
742.00 P 20260812 -1.00 -1.00 5 2 0.1532 -0.4842 0.016600
743.00 C 20260812 -1.00 -1.00 0 2 0.1525 0.4992 0.016800
743.00 P 20260812 -1.00 -1.00 0 0 0.1513 -0.5009 0.016800
744.00 C 20260812 -1.00 -1.00 0 4 0.1507 0.4822 0.017000
744.00 P 20260812 -1.00 -1.00 0 0 0.1489 -0.5177 0.017000
745.00 C 20260812 -1.00 -1.00 0 56 0.1488 0.4647 0.017200
745.00 P 20260812 -1.00 -1.00 5 9 0.1473 -0.5354 0.017200
746.00 C 20260812 -1.00 -1.00 0 6 0.1470 0.4469 0.017300
746.00 P 20260812 -1.00 -1.00 0 2 0.1452 -0.5532 0.017300
747.00 C 20260812 -1.00 -1.00 1 6 0.1451 0.4288 0.017400
747.00 P 20260812 -1.00 -1.00 0 2 0.1434 -0.5713 0.017400
748.00 C 20260812 -1.00 -1.00 0 0 0.1433 0.4105 0.017400
748.00 P 20260812 -1.00 -1.00 1 11 0.1420 -0.5897 0.017400
749.00 C 20260812 -1.00 -1.00 0 0 0.1413 0.3918 0.017400
749.00 P 20260812 -1.00 -1.00 0 0 0.1401 -0.6083 0.017400
750.00 C 20260812 -1.00 -1.00 25 12 0.1394 0.3730 0.017400
750.00 P 20260812 -1.00 -1.00 16 16 0.1380 -0.6271 0.017400
751.00 C 20260812 -1.00 -1.00 0 3 0.1377 0.3540 0.017300
751.00 P 20260812 -1.00 -1.00 0 5 0.1364 -0.6461 0.017300
752.00 C 20260812 -1.00 -1.00 0 3 0.1359 0.3350 0.017200
752.00 P 20260812 -1.00 -1.00 0 5 0.1346 -0.6651 0.017200
753.00 C 20260812 -1.00 -1.00 0 0 0.1340 0.3159 0.017000
753.00 P 20260812 -1.00 -1.00 1 7 0.1328 -0.6839 0.017000
754.00 C 20260812 -1.00 -1.00 0 14 0.1323 0.2969 0.016800
754.00 P 20260812 -1.00 -1.00 0 12 0.1310 -0.7029 0.016800
755.00 C 20260812 -1.00 -1.00 1 40 0.1306 0.2781 0.016500
755.00 P 20260812 -1.00 -1.00 0 7 0.1290 -0.7218 0.016500
756.00 C 20260812 -1.00 -1.00 1 6 0.1289 0.2594 0.016100
756.00 P 20260812 -1.00 -1.00 1 6 0.1273 -0.7404 0.016100
757.00 C 20260812 -1.00 -1.00 63 15 0.1274 0.2410 0.015700
757.00 P 20260812 -1.00 -1.00 0 5 0.1254 -0.7588 0.015700
758.00 C 20260812 -1.00 -1.00 66 20 0.1256 0.2230 0.015200
758.00 P 20260812 -1.00 -1.00 0 0 0.1238 -0.7769 0.015200
759.00 C 20260812 -1.00 -1.00 0 11 0.1240 0.2054 0.014700
759.00 P 20260812 -1.00 -1.00 0 0 0.1220 -0.7945 0.014700
760.00 C 20260812 -1.00 -1.00 3 29 0.1222 0.1883 0.014100
760.00 P 20260812 -1.00 -1.00 0 1 0.1201 -0.8116 0.014100
761.00 C 20260812 -1.00 -1.00 26 23 0.1207 0.1717 0.013500
761.00 P 20260812 -1.00 -1.00 0 0 0.1188 -0.8281 0.013500
762.00 C 20260812 -1.00 -1.00 16 10 0.1193 0.1559 0.012800
762.00 P 20260812 -1.00 -1.00 0 0 0.1173 -0.8440 0.012800
763.00 C 20260812 -1.00 -1.00 1 2 0.1180 0.1407 0.012100
763.00 P 20260812 -1.00 -1.00 0 0 0.1150 -0.8592 0.012100
764.00 C 20260812 -1.00 -1.00 9 18 0.1166 0.1264 0.011400
764.00 P 20260812 -1.00 -1.00 0 2 0.1156 -0.8736 0.011400
765.00 C 20260812 -1.00 -1.00 3 16 0.1153 0.1128 0.010600
765.00 P 20260812 -1.00 -1.00 0 2 0.1131 -0.8871 0.010600
766.00 C 20260812 -1.00 -1.00 2 0 0.1143 0.1003 0.009900
766.00 P 20260812 -1.00 -1.00 0 0 0.1118 -0.8997 0.009900
767.00 C 20260812 -1.00 -1.00 0 10 0.1129 0.0886 0.009100
767.00 P 20260812 -1.00 -1.00 0 0 0.1104 -0.9113 0.009100
768.00 C 20260812 -1.00 -1.00 0 3 0.1120 0.0779 0.008400
768.00 P 20260812 -1.00 -1.00 0 1 0.1091 -0.9220 0.008400
769.00 C 20260812 -1.00 -1.00 1 6 0.1110 0.0682 0.007600
769.00 P 20260812 -1.00 -1.00 0 0 0.1076 -0.9317 0.007600
770.00 C 20260812 -1.00 -1.00 5 15 0.1099 0.0597 0.006900
770.00 P 20260812 -1.00 -1.00 0 0 0.1063 -0.9405 0.006900
771.00 C 20260812 -1.00 -1.00 0 30 0.1093 0.0518 0.006200
771.00 P 20260812 -1.00 -1.00 0 0 0.1053 -0.9482 0.006200
772.00 C 20260812 -1.00 -1.00 0 2 0.1083 0.0449 0.005600
772.00 P 20260812 -1.00 -1.00 0 0 0.1039 -0.9551 0.005600
775.00 C 20260812 -1.00 -1.00 2 297 0.1069 0.0292 0.004000
775.00 P 20260812 -1.00 -1.00 0 0 0.1004 -0.9709 0.004000
780.00 C 20260812 -1.00 -1.00 1 12 0.1083 0.0148 0.002200
780.00 P 20260812 -1.00 -1.00 0 0 0.0929 -0.9853 0.002200
785.00 C 20260812 -1.00 -1.00 1 26 0.1100 0.0084 0.001300
785.00 P 20260812 -1.00 -1.00 0 0 -1.0000 -0.9917 0.001300
790.00 C 20260812 -1.00 -1.00 0 14 0.1158 0.0054 0.000900
790.00 P 20260812 -1.00 -1.00 0 0 -1.0000 -0.9947 0.000900
795.00 C 20260812 -1.00 -1.00 0 0 0.1236 0.0038 0.000600
795.00 P 20260812 -1.00 -1.00 0 0 -1.0000 -0.9963 0.000600
800.00 C 20260812 -1.00 -1.00 0 14 0.1272 0.0029 0.000400
800.00 P 20260812 -1.00 -1.00 0 1 -1.0000 -0.9972 0.000400
810.00 C 20260812 -1.00 -1.00 0 1 0.1462 0.0019 0.000300
810.00 P 20260812 -1.00 -1.00 0 1 -1.0000 -0.9982 0.000300
820.00 C 20260812 -1.00 -1.00 0 0 0.1591 0.0013 0.000200
820.00 P 20260812 -1.00 -1.00 0 0 -1.0000 -0.9988 0.000200
830.00 C 20260812 -1.00 -1.00 0 0 0.1766 0.0010 0.000100
830.00 P 20260812 -1.00 -1.00 0 0 -1.0000 -0.9992 0.000100
655.00 C 20260813 -1.00 -1.00 0 0 0.3138 0.9729 0.001300
655.00 P 20260813 -1.00 -1.00 0 0 0.3064 -0.0271 0.001300
660.00 C 20260813 -1.00 -1.00 0 0 0.3026 0.9694 0.001500
660.00 P 20260813 -1.00 -1.00 0 6 0.2963 -0.0308 0.001500
665.00 C 20260813 -1.00 -1.00 0 0 0.2920 0.9652 0.001700
665.00 P 20260813 -1.00 -1.00 3 0 0.2863 -0.0350 0.001700
670.00 C 20260813 -1.00 -1.00 0 0 0.2816 0.9601 0.001900
670.00 P 20260813 -1.00 -1.00 3 13 0.2762 -0.0401 0.002000
675.00 C 20260813 -1.00 -1.00 0 0 0.2714 0.9539 0.002300
675.00 P 20260813 -1.00 -1.00 0 0 0.2665 -0.0463 0.002300
680.00 C 20260813 -1.00 -1.00 0 0 0.2613 0.9463 0.002600
680.00 P 20260813 -1.00 -1.00 0 7 0.2574 -0.0538 0.002600
685.00 C 20260813 -1.00 -1.00 0 0 0.2518 0.9370 0.003100
685.00 P 20260813 -1.00 -1.00 0 0 0.2481 -0.0632 0.003100
690.00 C 20260813 -1.00 -1.00 0 0 0.2423 0.9255 0.003700
690.00 P 20260813 -1.00 -1.00 0 7 0.2393 -0.0747 0.003700
695.00 C 20260813 -1.00 -1.00 0 0 0.2335 0.9114 0.004300
695.00 P 20260813 -1.00 -1.00 1 17 0.2310 -0.0887 0.004300
696.00 C 20260813 -1.00 -1.00 0 0 0.2318 0.9082 0.004500
696.00 P 20260813 -1.00 -1.00 1 0 0.2292 -0.0920 0.004500
697.00 C 20260813 -1.00 -1.00 0 0 0.2299 0.9048 0.004600
697.00 P 20260813 -1.00 -1.00 0 0 0.2278 -0.0952 0.004600
698.00 C 20260813 -1.00 -1.00 0 0 0.2281 0.9014 0.004800
698.00 P 20260813 -1.00 -1.00 0 0 0.2260 -0.0987 0.004800
699.00 C 20260813 -1.00 -1.00 0 0 0.2263 0.8978 0.005000
699.00 P 20260813 -1.00 -1.00 0 0 0.2245 -0.1022 0.005000
700.00 C 20260813 -1.00 -1.00 0 0 0.2247 0.8940 0.005100
700.00 P 20260813 -1.00 -1.00 4 75 0.2226 -0.1060 0.005100
701.00 C 20260813 -1.00 -1.00 0 0 0.2230 0.8901 0.005300
701.00 P 20260813 -1.00 -1.00 1 0 0.2211 -0.1099 0.005300
702.00 C 20260813 -1.00 -1.00 0 0 0.2212 0.8861 0.005500
702.00 P 20260813 -1.00 -1.00 0 0 0.2193 -0.1140 0.005500
703.00 C 20260813 -1.00 -1.00 0 0 0.2199 0.8819 0.005700
703.00 P 20260813 -1.00 -1.00 0 0 0.2176 -0.1184 0.005700
704.00 C 20260813 -1.00 -1.00 0 0 0.2181 0.8775 0.005800
704.00 P 20260813 -1.00 -1.00 0 0 0.2160 -0.1228 0.005900
705.00 C 20260813 -1.00 -1.00 0 0 0.2172 0.8729 0.006000
705.00 P 20260813 -1.00 -1.00 0 72 0.2144 -0.1274 0.006000
706.00 C 20260813 -1.00 -1.00 0 0 0.2149 0.8682 0.006200
706.00 P 20260813 -1.00 -1.00 0 0 0.2131 -0.1319 0.006200
707.00 C 20260813 -1.00 -1.00 0 0 0.2133 0.8632 0.006400
707.00 P 20260813 -1.00 -1.00 0 2 0.2114 -0.1368 0.006400
708.00 C 20260813 -1.00 -1.00 0 0 0.2117 0.8581 0.006700
708.00 P 20260813 -1.00 -1.00 0 1 0.2097 -0.1422 0.006700
709.00 C 20260813 -1.00 -1.00 0 0 0.2101 0.8527 0.006900
709.00 P 20260813 -1.00 -1.00 0 2 0.2083 -0.1473 0.006900
710.00 C 20260813 -1.00 -1.00 0 0 0.2089 0.8472 0.007100
710.00 P 20260813 -1.00 -1.00 0 13 0.2065 -0.1531 0.007100
711.00 C 20260813 -1.00 -1.00 0 0 0.2070 0.8414 0.007400
711.00 P 20260813 -1.00 -1.00 0 0 0.2049 -0.1589 0.007400
712.00 C 20260813 -1.00 -1.00 0 0 0.2053 0.8354 0.007600
712.00 P 20260813 -1.00 -1.00 0 2 0.2033 -0.1648 0.007600
713.00 C 20260813 -1.00 -1.00 0 0 0.2038 0.8292 0.007800
713.00 P 20260813 -1.00 -1.00 0 1 0.2019 -0.1710 0.007800
714.00 C 20260813 -1.00 -1.00 0 0 0.2021 0.8228 0.008100
714.00 P 20260813 -1.00 -1.00 0 0 0.2002 -0.1776 0.008100
715.00 C 20260813 -1.00 -1.00 0 0 0.2002 0.8161 0.008300
715.00 P 20260813 -1.00 -1.00 0 12 0.1989 -0.1841 0.008300
716.00 C 20260813 -1.00 -1.00 0 0 0.1989 0.8091 0.008600
716.00 P 20260813 -1.00 -1.00 0 3 0.1972 -0.1911 0.008600
717.00 C 20260813 -1.00 -1.00 0 0 0.1974 0.8019 0.008900
717.00 P 20260813 -1.00 -1.00 0 3 0.1956 -0.1983 0.008900
718.00 C 20260813 -1.00 -1.00 0 0 0.1959 0.7944 0.009100
718.00 P 20260813 -1.00 -1.00 0 1 0.1940 -0.2058 0.009100
719.00 C 20260813 -1.00 -1.00 0 0 0.1944 0.7866 0.009400
719.00 P 20260813 -1.00 -1.00 1 23 0.1926 -0.2133 0.009400
720.00 C 20260813 -1.00 -1.00 0 0 0.1926 0.7785 0.009700
720.00 P 20260813 -1.00 -1.00 0 20 0.1912 -0.2216 0.009700
721.00 C 20260813 -1.00 -1.00 0 0 0.1910 0.7703 0.010000
721.00 P 20260813 -1.00 -1.00 0 0 0.1896 -0.2300 0.010000
722.00 C 20260813 -1.00 -1.00 0 0 0.1894 0.7616 0.010300
722.00 P 20260813 -1.00 -1.00 0 1 0.1877 -0.2386 0.010300
723.00 C 20260813 -1.00 -1.00 4 4 0.1879 0.7527 0.010600
723.00 P 20260813 -1.00 -1.00 0 3 0.1862 -0.2475 0.010600
724.00 C 20260813 -1.00 -1.00 0 2 0.1863 0.7434 0.010900
724.00 P 20260813 -1.00 -1.00 0 7 0.1846 -0.2568 0.010900
725.00 C 20260813 -1.00 -1.00 5 26 0.1845 0.7340 0.011200
725.00 P 20260813 -1.00 -1.00 41 48 0.1832 -0.2661 0.011200
726.00 C 20260813 -1.00 -1.00 1 18 0.1830 0.7240 0.011500
726.00 P 20260813 -1.00 -1.00 0 0 0.1815 -0.2760 0.011500
727.00 C 20260813 -1.00 -1.00 0 0 0.1816 0.7136 0.011800
727.00 P 20260813 -1.00 -1.00 0 1 0.1799 -0.2862 0.011800
728.00 C 20260813 -1.00 -1.00 0 12 0.1796 0.7030 0.012100
728.00 P 20260813 -1.00 -1.00 0 1 0.1783 -0.2968 0.012100
729.00 C 20260813 -1.00 -1.00 0 10 0.1779 0.6921 0.012400
729.00 P 20260813 -1.00 -1.00 0 4 0.1766 -0.3077 0.012400
730.00 C 20260813 -1.00 -1.00 0 4 0.1762 0.6808 0.012700
730.00 P 20260813 -1.00 -1.00 0 22 0.1750 -0.3190 0.012700
731.00 C 20260813 -1.00 -1.00 0 0 0.1745 0.6692 0.013000
731.00 P 20260813 -1.00 -1.00 0 2 0.1732 -0.3309 0.013000
732.00 C 20260813 -1.00 -1.00 0 0 0.1728 0.6572 0.013300
732.00 P 20260813 -1.00 -1.00 0 0 0.1716 -0.3426 0.013300
733.00 C 20260813 -1.00 -1.00 0 0 0.1713 0.6448 0.013600
733.00 P 20260813 -1.00 -1.00 0 2 0.1700 -0.3549 0.013600
734.00 C 20260813 -1.00 -1.00 0 1 0.1696 0.6321 0.013900
734.00 P 20260813 -1.00 -1.00 0 0 0.1682 -0.3676 0.013900
735.00 C 20260813 -1.00 -1.00 8 3 0.1678 0.6190 0.014200
735.00 P 20260813 -1.00 -1.00 0 16 0.1665 -0.3807 0.014200
736.00 C 20260813 -1.00 -1.00 0 0 0.1662 0.6055 0.014500
736.00 P 20260813 -1.00 -1.00 0 3 0.1647 -0.3942 0.014500
737.00 C 20260813 -1.00 -1.00 0 0 0.1644 0.5920 0.014800
737.00 P 20260813 -1.00 -1.00 0 1 0.1628 -0.4085 0.014800
738.00 C 20260813 -1.00 -1.00 0 6 0.1626 0.5778 0.015000
738.00 P 20260813 -1.00 -1.00 0 3 0.1611 -0.4227 0.015100
739.00 C 20260813 -1.00 -1.00 0 5 0.1608 0.5632 0.015300
739.00 P 20260813 -1.00 -1.00 8 8 0.1594 -0.4369 0.015300
740.00 C 20260813 -1.00 -1.00 0 1 0.1590 0.5482 0.015600
740.00 P 20260813 -1.00 -1.00 8 11 0.1575 -0.4519 0.015600
741.00 C 20260813 -1.00 -1.00 0 0 0.1570 0.5329 0.015800
741.00 P 20260813 -1.00 -1.00 0 1 0.1558 -0.4672 0.015800
742.00 C 20260813 -1.00 -1.00 0 0 0.1552 0.5171 0.016000
742.00 P 20260813 -1.00 -1.00 0 12 0.1539 -0.4830 0.016000
743.00 C 20260813 -1.00 -1.00 0 0 0.1534 0.5010 0.016200
743.00 P 20260813 -1.00 -1.00 0 1 0.1522 -0.4990 0.016200
744.00 C 20260813 -1.00 -1.00 8 8 0.1515 0.4841 0.016400
744.00 P 20260813 -1.00 -1.00 0 5 0.1501 -0.5160 0.016400
745.00 C 20260813 -1.00 -1.00 3 51 0.1497 0.4673 0.016600
745.00 P 20260813 -1.00 -1.00 0 13 0.1482 -0.5328 0.016600
746.00 C 20260813 -1.00 -1.00 0 1 0.1479 0.4501 0.016700
746.00 P 20260813 -1.00 -1.00 0 11 0.1463 -0.5500 0.016700
747.00 C 20260813 -1.00 -1.00 0 0 0.1460 0.4327 0.016800
747.00 P 20260813 -1.00 -1.00 2 5 0.1443 -0.5674 0.016800
748.00 C 20260813 -1.00 -1.00 0 0 0.1442 0.4149 0.016800
748.00 P 20260813 -1.00 -1.00 0 13 0.1424 -0.5852 0.016800
749.00 C 20260813 -1.00 -1.00 0 16 0.1424 0.3970 0.016900
749.00 P 20260813 -1.00 -1.00 0 0 0.1408 -0.6031 0.016900
750.00 C 20260813 -1.00 -1.00 0 51 0.1405 0.3788 0.016900
750.00 P 20260813 -1.00 -1.00 0 6 0.1390 -0.6213 0.016900
751.00 C 20260813 -1.00 -1.00 0 11 0.1388 0.3604 0.016800
751.00 P 20260813 -1.00 -1.00 0 4 0.1372 -0.6397 0.016800
752.00 C 20260813 -1.00 -1.00 0 11 0.1369 0.3420 0.016700
752.00 P 20260813 -1.00 -1.00 0 5 0.1357 -0.6581 0.016700
753.00 C 20260813 -1.00 -1.00 3 5 0.1352 0.3236 0.016500
753.00 P 20260813 -1.00 -1.00 0 0 0.1339 -0.6766 0.016500
754.00 C 20260813 -1.00 -1.00 0 20 0.1334 0.3051 0.016300
754.00 P 20260813 -1.00 -1.00 0 0 0.1321 -0.6947 0.016300
755.00 C 20260813 -1.00 -1.00 10 19 0.1317 0.2868 0.016100
755.00 P 20260813 -1.00 -1.00 0 4 0.1294 -0.7130 0.016100
756.00 C 20260813 -1.00 -1.00 0 11 0.1301 0.2686 0.015800
756.00 P 20260813 -1.00 -1.00 0 2 0.1286 -0.7312 0.015800
757.00 C 20260813 -1.00 -1.00 0 1 0.1284 0.2507 0.015400
757.00 P 20260813 -1.00 -1.00 0 0 0.1272 -0.7491 0.015400
758.00 C 20260813 -1.00 -1.00 0 5 0.1268 0.2331 0.015000
758.00 P 20260813 -1.00 -1.00 0 0 0.1256 -0.7667 0.015000
759.00 C 20260813 -1.00 -1.00 0 5 0.1252 0.2159 0.014500
759.00 P 20260813 -1.00 -1.00 0 0 0.1234 -0.7839 0.014500
760.00 C 20260813 -1.00 -1.00 1 9 0.1237 0.1991 0.014000
760.00 P 20260813 -1.00 -1.00 1 1 0.1216 -0.8007 0.014000
761.00 C 20260813 -1.00 -1.00 0 2 0.1221 0.1828 0.013400
761.00 P 20260813 -1.00 -1.00 0 0 0.1206 -0.8170 0.013400
762.00 C 20260813 -1.00 -1.00 0 2 0.1207 0.1671 0.012800
762.00 P 20260813 -1.00 -1.00 0 0 0.1186 -0.8327 0.012900
763.00 C 20260813 -1.00 -1.00 36 36 0.1194 0.1520 0.012200
763.00 P 20260813 -1.00 -1.00 0 0 0.1174 -0.8478 0.012200
764.00 C 20260813 -1.00 -1.00 36 37 0.1180 0.1377 0.011600
764.00 P 20260813 -1.00 -1.00 0 0 0.1149 -0.8622 0.011600
765.00 C 20260813 -1.00 -1.00 1 1 0.1168 0.1241 0.010900
765.00 P 20260813 -1.00 -1.00 0 1 0.1134 -0.8758 0.010900
766.00 C 20260813 -1.00 -1.00 0 1 0.1157 0.1113 0.010200
766.00 P 20260813 -1.00 -1.00 0 0 0.1134 -0.8886 0.010200
767.00 C 20260813 -1.00 -1.00 1 0 0.1145 0.0994 0.009500
767.00 P 20260813 -1.00 -1.00 0 0 0.1122 -0.9006 0.009500
768.00 C 20260813 -1.00 -1.00 0 4 0.1136 0.0883 0.008800
768.00 P 20260813 -1.00 -1.00 0 0 0.1109 -0.9116 0.008800
770.00 C 20260813 -1.00 -1.00 0 7 0.1115 0.0691 0.007400
770.00 P 20260813 -1.00 -1.00 0 2 0.1085 -0.9310 0.007400
775.00 C 20260813 -1.00 -1.00 0 1 0.1087 0.0356 0.004500
775.00 P 20260813 -1.00 -1.00 0 1 0.1024 -0.9646 0.004500
780.00 C 20260813 -1.00 -1.00 0 3 0.1079 0.0185 0.002600
780.00 P 20260813 -1.00 -1.00 0 0 0.0979 -0.9816 0.002600
785.00 C 20260813 -1.00 -1.00 0 0 0.1104 0.0105 0.001600
785.00 P 20260813 -1.00 -1.00 0 0 -1.0000 -0.9895 0.001600
790.00 C 20260813 -1.00 -1.00 1 1 0.1159 0.0067 0.001000
790.00 P 20260813 -1.00 -1.00 0 1 -1.0000 -0.9933 0.001000
800.00 C 20260813 -1.00 -1.00 0 1 0.1268 0.0036 0.000500
800.00 P 20260813 -1.00 -1.00 0 2 -1.0000 -0.9965 0.000500
810.00 C 20260813 -1.00 -1.00 0 0 0.1417 0.0023 0.000300
810.00 P 20260813 -1.00 -1.00 0 0 -1.0000 -0.9978 0.000300
820.00 C 20260813 -1.00 -1.00 0 1 0.1597 0.0016 0.000200
820.00 P 20260813 -1.00 -1.00 0 0 -1.0000 -0.9984 0.000200
830.00 C 20260813 -1.00 -1.00 0 0 0.1773 0.0012 0.000100
830.00 P 20260813 -1.00 -1.00 0 0 -1.0000 -0.9989 0.000100
653.00 C 20260814 -1.00 -1.00 0 0 0.3154 0.9716 0.001300
653.00 P 20260814 -1.00 -1.00 0 0 0.3091 -0.0286 0.001300
654.00 C 20260814 -1.00 -1.00 0 0 0.3134 0.9709 0.001300
654.00 P 20260814 -1.00 -1.00 0 0 0.3070 -0.0292 0.001300
655.00 C 20260814 -1.00 -1.00 0 0 0.3109 0.9702 0.001300
655.00 P 20260814 -1.00 -1.00 0 9 0.3053 -0.0299 0.001400
656.00 C 20260814 -1.00 -1.00 0 0 0.3084 0.9695 0.001400
656.00 P 20260814 -1.00 -1.00 0 0 0.3031 -0.0306 0.001400
657.00 C 20260814 -1.00 -1.00 0 0 0.3067 0.9688 0.001400
657.00 P 20260814 -1.00 -1.00 0 0 0.3013 -0.0314 0.001400
658.00 C 20260814 -1.00 -1.00 0 0 0.3042 0.9680 0.001500
658.00 P 20260814 -1.00 -1.00 0 0 0.2989 -0.0322 0.001500
659.00 C 20260814 -1.00 -1.00 0 0 0.3024 0.9672 0.001500
659.00 P 20260814 -1.00 -1.00 0 0 0.2972 -0.0329 0.001500
660.00 C 20260814 -1.00 -1.00 0 0 0.3002 0.9664 0.001500
660.00 P 20260814 -1.00 -1.00 0 1548 0.2953 -0.0337 0.001500
661.00 C 20260814 -1.00 -1.00 0 0 0.2984 0.9655 0.001600
661.00 P 20260814 -1.00 -1.00 0 0 0.2933 -0.0346 0.001600
662.00 C 20260814 -1.00 -1.00 0 0 0.2961 0.9646 0.001600
662.00 P 20260814 -1.00 -1.00 0 0 0.2914 -0.0355 0.001600
663.00 C 20260814 -1.00 -1.00 0 0 0.2938 0.9637 0.001700
663.00 P 20260814 -1.00 -1.00 0 0 0.2894 -0.0364 0.001700
664.00 C 20260814 -1.00 -1.00 0 0 0.2919 0.9628 0.001700
664.00 P 20260814 -1.00 -1.00 0 0 0.2873 -0.0373 0.001700
665.00 C 20260814 -1.00 -1.00 0 1 0.2899 0.9618 0.001800
665.00 P 20260814 -1.00 -1.00 0 33 0.2853 -0.0383 0.001800
666.00 C 20260814 -1.00 -1.00 0 0 0.2876 0.9608 0.001800
666.00 P 20260814 -1.00 -1.00 0 0 0.2832 -0.0393 0.001800
667.00 C 20260814 -1.00 -1.00 0 0 0.2855 0.9598 0.001900
667.00 P 20260814 -1.00 -1.00 0 5 0.2814 -0.0404 0.001900
668.00 C 20260814 -1.00 -1.00 0 0 0.2835 0.9586 0.001900
668.00 P 20260814 -1.00 -1.00 0 0 0.2794 -0.0415 0.001900
669.00 C 20260814 -1.00 -1.00 0 0 0.2817 0.9575 0.002000
669.00 P 20260814 -1.00 -1.00 1 0 0.2777 -0.0426 0.002000
670.00 C 20260814 -1.00 -1.00 0 0 0.2796 0.9563 0.002000
670.00 P 20260814 -1.00 -1.00 0 178 0.2758 -0.0438 0.002000
671.00 C 20260814 -1.00 -1.00 0 2 0.2777 0.9551 0.002100
671.00 P 20260814 -1.00 -1.00 0 0 0.2738 -0.0450 0.002100
672.00 C 20260814 -1.00 -1.00 0 0 0.2758 0.9538 0.002200
672.00 P 20260814 -1.00 -1.00 0 0 0.2719 -0.0463 0.002200
673.00 C 20260814 -1.00 -1.00 0 0 0.2738 0.9525 0.002200
673.00 P 20260814 -1.00 -1.00 0 0 0.2702 -0.0476 0.002200
674.00 C 20260814 -1.00 -1.00 0 0 0.2715 0.9512 0.002300
674.00 P 20260814 -1.00 -1.00 0 0 0.2681 -0.0490 0.002300
675.00 C 20260814 -1.00 -1.00 0 2 0.2698 0.9497 0.002400
675.00 P 20260814 -1.00 -1.00 0 707 0.2663 -0.0504 0.002400
676.00 C 20260814 -1.00 -1.00 0 0 0.2677 0.9482 0.002400
676.00 P 20260814 -1.00 -1.00 0 0 0.2642 -0.0519 0.002400
677.00 C 20260814 -1.00 -1.00 0 0 0.2659 0.9467 0.002500
677.00 P 20260814 -1.00 -1.00 0 15 0.2628 -0.0534 0.002500
678.00 C 20260814 -1.00 -1.00 0 2 0.2640 0.9451 0.002600
678.00 P 20260814 -1.00 -1.00 0 4 0.2609 -0.0551 0.002600
679.00 C 20260814 -1.00 -1.00 0 0 0.2621 0.9434 0.002700
679.00 P 20260814 -1.00 -1.00 1 0 0.2586 -0.0567 0.002700
680.00 C 20260814 -1.00 -1.00 0 16 0.2603 0.9417 0.002800
680.00 P 20260814 -1.00 -1.00 15 282 0.2568 -0.0585 0.002800
681.00 C 20260814 -1.00 -1.00 0 0 0.2583 0.9399 0.002800
681.00 P 20260814 -1.00 -1.00 0 0 0.2552 -0.0603 0.002800
682.00 C 20260814 -1.00 -1.00 4 0 0.2565 0.9380 0.002900
682.00 P 20260814 -1.00 -1.00 0 0 0.2536 -0.0622 0.002900
683.00 C 20260814 -1.00 -1.00 0 0 0.2546 0.9360 0.003000
683.00 P 20260814 -1.00 -1.00 0 21 0.2519 -0.0641 0.003000
684.00 C 20260814 -1.00 -1.00 0 0 0.2526 0.9340 0.003100
684.00 P 20260814 -1.00 -1.00 0 12 0.2499 -0.0662 0.003100
685.00 C 20260814 -1.00 -1.00 0 1 0.2509 0.9319 0.003200
685.00 P 20260814 -1.00 -1.00 1 205 0.2480 -0.0683 0.003200
686.00 C 20260814 -1.00 -1.00 0 0 0.2491 0.9297 0.003300
686.00 P 20260814 -1.00 -1.00 0 1 0.2464 -0.0705 0.003300
687.00 C 20260814 -1.00 -1.00 4 0 0.2472 0.9274 0.003400
687.00 P 20260814 -1.00 -1.00 0 1 0.2447 -0.0728 0.003400
688.00 C 20260814 -1.00 -1.00 0 0 0.2454 0.9250 0.003500
688.00 P 20260814 -1.00 -1.00 0 19 0.2431 -0.0752 0.003500
689.00 C 20260814 -1.00 -1.00 0 0 0.2437 0.9225 0.003600
689.00 P 20260814 -1.00 -1.00 1 0 0.2411 -0.0778 0.003600
690.00 C 20260814 -1.00 -1.00 0 16 0.2418 0.9199 0.003800
690.00 P 20260814 -1.00 -1.00 4 201 0.2396 -0.0802 0.003800
691.00 C 20260814 -1.00 -1.00 0 0 0.2403 0.9172 0.003900
691.00 P 20260814 -1.00 -1.00 0 4 0.2378 -0.0829 0.003900
692.00 C 20260814 -1.00 -1.00 0 0 0.2385 0.9144 0.004000
692.00 P 20260814 -1.00 -1.00 0 10 0.2362 -0.0857 0.004000
693.00 C 20260814 -1.00 -1.00 0 0 0.2366 0.9115 0.004100
693.00 P 20260814 -1.00 -1.00 0 1 0.2344 -0.0886 0.004100
694.00 C 20260814 -1.00 -1.00 0 0 0.2349 0.9085 0.004300
694.00 P 20260814 -1.00 -1.00 0 4 0.2328 -0.0916 0.004300
695.00 C 20260814 -1.00 -1.00 0 15 0.2331 0.9054 0.004400
695.00 P 20260814 -1.00 -1.00 5 822 0.2312 -0.0948 0.004400
696.00 C 20260814 -1.00 -1.00 0 0 0.2316 0.9021 0.004600
696.00 P 20260814 -1.00 -1.00 1 58 0.2294 -0.0980 0.004600
697.00 C 20260814 -1.00 -1.00 0 0 0.2298 0.8987 0.004700
697.00 P 20260814 -1.00 -1.00 0 7 0.2278 -0.1014 0.004700
698.00 C 20260814 -1.00 -1.00 0 0 0.2297 0.8952 0.004800
698.00 P 20260814 -1.00 -1.00 5 5 0.2262 -0.1050 0.004900
699.00 C 20260814 -1.00 -1.00 0 0 0.2297 0.8916 0.005000
699.00 P 20260814 -1.00 -1.00 0 3 0.2245 -0.1086 0.005000
700.00 C 20260814 -1.00 -1.00 0 5 0.2262 0.8878 0.005200
700.00 P 20260814 -1.00 -1.00 30 889 0.2230 -0.1124 0.005200
701.00 C 20260814 -1.00 -1.00 0 0 0.2262 0.8838 0.005300
701.00 P 20260814 -1.00 -1.00 0 58 0.2215 -0.1164 0.005300
702.00 C 20260814 -1.00 -1.00 0 0 0.2214 0.8797 0.005500
702.00 P 20260814 -1.00 -1.00 0 15 0.2199 -0.1205 0.005500
703.00 C 20260814 -1.00 -1.00 0 0 0.2201 0.8754 0.005700
703.00 P 20260814 -1.00 -1.00 0 14 0.2180 -0.1248 0.005700
704.00 C 20260814 -1.00 -1.00 0 0 0.2186 0.8710 0.005900
704.00 P 20260814 -1.00 -1.00 0 13 0.2165 -0.1292 0.005900
705.00 C 20260814 -1.00 -1.00 0 16 0.2173 0.8664 0.006100
705.00 P 20260814 -1.00 -1.00 10 15060 0.2150 -0.1338 0.006100
706.00 C 20260814 -1.00 -1.00 0 0 0.2150 0.8616 0.006200
706.00 P 20260814 -1.00 -1.00 1 18 0.2134 -0.1386 0.006300
707.00 C 20260814 -1.00 -1.00 0 0 0.2138 0.8567 0.006400
707.00 P 20260814 -1.00 -1.00 0 30 0.2118 -0.1435 0.006500
708.00 C 20260814 -1.00 -1.00 0 0 0.2123 0.8515 0.006700
708.00 P 20260814 -1.00 -1.00 0 15 0.2104 -0.1487 0.006700
709.00 C 20260814 -1.00 -1.00 0 5 0.2108 0.8462 0.006900
709.00 P 20260814 -1.00 -1.00 28 229 0.2086 -0.1540 0.006900
710.00 C 20260814 -1.00 -1.00 0 2 0.2094 0.8406 0.007100
710.00 P 20260814 -1.00 -1.00 26 582 0.2073 -0.1596 0.007100
711.00 C 20260814 -1.00 -1.00 0 0 0.2073 0.8349 0.007300
711.00 P 20260814 -1.00 -1.00 1 71 0.2055 -0.1654 0.007300
712.00 C 20260814 -1.00 -1.00 0 0 0.2056 0.8290 0.007500
712.00 P 20260814 -1.00 -1.00 3 735 0.2041 -0.1713 0.007500
713.00 C 20260814 -1.00 -1.00 0 0 0.2040 0.8228 0.007800
713.00 P 20260814 -1.00 -1.00 0 176 0.2026 -0.1772 0.007800
714.00 C 20260814 -1.00 -1.00 0 1 0.2025 0.8164 0.008000
714.00 P 20260814 -1.00 -1.00 2 57 0.2010 -0.1840 0.008000
715.00 C 20260814 -1.00 -1.00 0 1 0.2004 0.8098 0.008200
715.00 P 20260814 -1.00 -1.00 20 3405 0.1995 -0.1904 0.008200
716.00 C 20260814 -1.00 -1.00 0 1 0.1993 0.8029 0.008500
716.00 P 20260814 -1.00 -1.00 6 272 0.1979 -0.1971 0.008500
717.00 C 20260814 -1.00 -1.00 0 0 0.1976 0.7958 0.008700
717.00 P 20260814 -1.00 -1.00 13 23 0.1963 -0.2042 0.008700
718.00 C 20260814 -1.00 -1.00 0 0 0.1962 0.7884 0.009000
718.00 P 20260814 -1.00 -1.00 0 53 0.1947 -0.2120 0.009000
719.00 C 20260814 -1.00 -1.00 0 2 0.1947 0.7808 0.009200
719.00 P 20260814 -1.00 -1.00 20 178 0.1932 -0.2194 0.009300
720.00 C 20260814 -1.00 -1.00 0 26 0.1927 0.7729 0.009500
720.00 P 20260814 -1.00 -1.00 16 457 0.1916 -0.2274 0.009500
721.00 C 20260814 -1.00 -1.00 0 0 0.1916 0.7647 0.009800
721.00 P 20260814 -1.00 -1.00 1 36 0.1900 -0.2357 0.009800
722.00 C 20260814 -1.00 -1.00 0 1 0.1899 0.7562 0.010100
722.00 P 20260814 -1.00 -1.00 4 33 0.1886 -0.2440 0.010100
723.00 C 20260814 -1.00 -1.00 0 1 0.1884 0.7475 0.010300
723.00 P 20260814 -1.00 -1.00 4 41 0.1869 -0.2528 0.010400
724.00 C 20260814 -1.00 -1.00 0 9 0.1867 0.7384 0.010600
724.00 P 20260814 -1.00 -1.00 12 65 0.1856 -0.2619 0.010600
725.00 C 20260814 -1.00 -1.00 0 47 0.1856 0.7292 0.010900
725.00 P 20260814 -1.00 -1.00 31 218 0.1840 -0.2709 0.010900
726.00 C 20260814 -1.00 -1.00 0 19 0.1839 0.7193 0.011200
726.00 P 20260814 -1.00 -1.00 6 82 0.1822 -0.2808 0.011200
727.00 C 20260814 -1.00 -1.00 0 0 0.1823 0.7093 0.011500
727.00 P 20260814 -1.00 -1.00 97 472 0.1808 -0.2905 0.011500
728.00 C 20260814 -1.00 -1.00 0 14 0.1806 0.6990 0.011800
728.00 P 20260814 -1.00 -1.00 2 95 0.1790 -0.3008 0.011800
729.00 C 20260814 -1.00 -1.00 0 12 0.1789 0.6884 0.012100
729.00 P 20260814 -1.00 -1.00 2 51 0.1775 -0.3114 0.012000
730.00 C 20260814 -1.00 -1.00 0 24 0.1774 0.6776 0.012400
730.00 P 20260814 -1.00 -1.00 68 552 0.1756 -0.3227 0.012400
731.00 C 20260814 -1.00 -1.00 0 16 0.1754 0.6661 0.012600
731.00 P 20260814 -1.00 -1.00 9 833 0.1741 -0.3337 0.012600
732.00 C 20260814 -1.00 -1.00 1 3 0.1738 0.6545 0.012900
732.00 P 20260814 -1.00 -1.00 9 460 0.1724 -0.3453 0.012900
733.00 C 20260814 -1.00 -1.00 0 3 0.1721 0.6425 0.013200
733.00 P 20260814 -1.00 -1.00 7 242 0.1708 -0.3573 0.013200
734.00 C 20260814 -1.00 -1.00 0 2 0.1703 0.6302 0.013500
734.00 P 20260814 -1.00 -1.00 9 488 0.1690 -0.3696 0.013500
735.00 C 20260814 -1.00 -1.00 0 15 0.1683 0.6177 0.013800
735.00 P 20260814 -1.00 -1.00 4 211 0.1673 -0.3823 0.013800
736.00 C 20260814 -1.00 -1.00 0 19 0.1668 0.6044 0.014000
736.00 P 20260814 -1.00 -1.00 17 33 0.1655 -0.3957 0.014000
737.00 C 20260814 -1.00 -1.00 0 1 0.1651 0.5914 0.014300
737.00 P 20260814 -1.00 -1.00 3 35 0.1639 -0.4087 0.014300
738.00 C 20260814 -1.00 -1.00 0 11 0.1632 0.5777 0.014600
738.00 P 20260814 -1.00 -1.00 2 237 0.1620 -0.4224 0.014600
739.00 C 20260814 -1.00 -1.00 5 11 0.1614 0.5636 0.014800
739.00 P 20260814 -1.00 -1.00 9 71 0.1603 -0.4365 0.014800
740.00 C 20260814 -1.00 -1.00 11 80 0.1597 0.5491 0.015000
740.00 P 20260814 -1.00 -1.00 40 305 0.1585 -0.4510 0.015000
741.00 C 20260814 -1.00 -1.00 21 18 0.1577 0.5343 0.015300
741.00 P 20260814 -1.00 -1.00 6 92 0.1567 -0.4658 0.015300
742.00 C 20260814 -1.00 -1.00 3 33 0.1559 0.5191 0.015500
742.00 P 20260814 -1.00 -1.00 18 46 0.1549 -0.4815 0.015500
743.00 C 20260814 -1.00 -1.00 3 16 0.1541 0.5036 0.015700
743.00 P 20260814 -1.00 -1.00 0 50 0.1530 -0.4970 0.015700
744.00 C 20260814 -1.00 -1.00 4 6 0.1524 0.4877 0.015800
744.00 P 20260814 -1.00 -1.00 0 22 0.1512 -0.5129 0.015900
745.00 C 20260814 -1.00 -1.00 2 60 0.1506 0.4715 0.016000
745.00 P 20260814 -1.00 -1.00 50 152 0.1493 -0.5286 0.016000
746.00 C 20260814 -1.00 -1.00 3 9 0.1487 0.4544 0.016100
746.00 P 20260814 -1.00 -1.00 42 63 0.1475 -0.5457 0.016100
747.00 C 20260814 -1.00 -1.00 3 11 0.1469 0.4376 0.016200
747.00 P 20260814 -1.00 -1.00 0 13 0.1458 -0.5625 0.016200
748.00 C 20260814 -1.00 -1.00 10 20 0.1451 0.4204 0.016300
748.00 P 20260814 -1.00 -1.00 0 20 0.1436 -0.5796 0.016300
749.00 C 20260814 -1.00 -1.00 8 21 0.1434 0.4031 0.016400
749.00 P 20260814 -1.00 -1.00 0 17 0.1420 -0.5970 0.016400
750.00 C 20260814 -1.00 -1.00 10 42 0.1416 0.3855 0.016400
750.00 P 20260814 -1.00 -1.00 6 92 0.1404 -0.6146 0.016400
751.00 C 20260814 -1.00 -1.00 3 11 0.1399 0.3678 0.016300
751.00 P 20260814 -1.00 -1.00 1 19 0.1389 -0.6323 0.016300
752.00 C 20260814 -1.00 -1.00 5 55 0.1382 0.3499 0.016200
752.00 P 20260814 -1.00 -1.00 0 35 0.1372 -0.6502 0.016200
753.00 C 20260814 -1.00 -1.00 1 223 0.1365 0.3320 0.016100
753.00 P 20260814 -1.00 -1.00 0 19 0.1356 -0.6681 0.016100
754.00 C 20260814 -1.00 -1.00 3 23 0.1348 0.3141 0.016000
754.00 P 20260814 -1.00 -1.00 0 13 0.1335 -0.6860 0.016000
755.00 C 20260814 -1.00 -1.00 17 52 0.1330 0.2963 0.015700
755.00 P 20260814 -1.00 -1.00 0 62 0.1320 -0.7035 0.015700
756.00 C 20260814 -1.00 -1.00 29 37 0.1313 0.2786 0.015500
756.00 P 20260814 -1.00 -1.00 0 6 0.1308 -0.7212 0.015500
757.00 C 20260814 -1.00 -1.00 7 24 0.1298 0.2611 0.015200
757.00 P 20260814 -1.00 -1.00 8 9 0.1292 -0.7387 0.015200
758.00 C 20260814 -1.00 -1.00 3 19 0.1283 0.2439 0.014800
758.00 P 20260814 -1.00 -1.00 0 2 0.1276 -0.7560 0.014800
759.00 C 20260814 -1.00 -1.00 0 29 0.1268 0.2269 0.014400
759.00 P 20260814 -1.00 -1.00 0 1 0.1256 -0.7729 0.014400
760.00 C 20260814 -1.00 -1.00 27 87 0.1253 0.2104 0.013900
760.00 P 20260814 -1.00 -1.00 0 27 0.1244 -0.7894 0.013900
761.00 C 20260814 -1.00 -1.00 8 36 0.1238 0.1943 0.013400
761.00 P 20260814 -1.00 -1.00 0 0 0.1233 -0.8056 0.013400
762.00 C 20260814 -1.00 -1.00 3 38 0.1225 0.1787 0.012900
762.00 P 20260814 -1.00 -1.00 0 1 0.1215 -0.8212 0.012900
763.00 C 20260814 -1.00 -1.00 1 41 0.1211 0.1637 0.012300
763.00 P 20260814 -1.00 -1.00 0 0 0.1206 -0.8362 0.012300
764.00 C 20260814 -1.00 -1.00 18 55 0.1198 0.1493 0.011700
764.00 P 20260814 -1.00 -1.00 0 2 0.1188 -0.8506 0.011700
765.00 C 20260814 -1.00 -1.00 32 188 0.1184 0.1356 0.011100
765.00 P 20260814 -1.00 -1.00 0 5 0.1176 -0.8643 0.011100
766.00 C 20260814 -1.00 -1.00 31 46 0.1173 0.1226 0.010500
766.00 P 20260814 -1.00 -1.00 0 6 0.1164 -0.8773 0.010500
767.00 C 20260814 -1.00 -1.00 76 74 0.1162 0.1104 0.009800
767.00 P 20260814 -1.00 -1.00 0 0 0.1150 -0.8896 0.009800
768.00 C 20260814 -1.00 -1.00 1 132 0.1151 0.0990 0.009200
768.00 P 20260814 -1.00 -1.00 0 0 0.1135 -0.9010 0.009200
769.00 C 20260814 -1.00 -1.00 3 59 0.1143 0.0884 0.008500
769.00 P 20260814 -1.00 -1.00 0 0 0.1121 -0.9116 0.008500
770.00 C 20260814 -1.00 -1.00 12 112 0.1133 0.0786 0.007800
770.00 P 20260814 -1.00 -1.00 0 7 0.1112 -0.9213 0.007800
771.00 C 20260814 -1.00 -1.00 27 89 0.1124 0.0698 0.007200
771.00 P 20260814 -1.00 -1.00 0 0 0.1100 -0.9302 0.007200
772.00 C 20260814 -1.00 -1.00 4 289 0.1115 0.0617 0.006600
772.00 P 20260814 -1.00 -1.00 0 3 0.1092 -0.9383 0.006600
773.00 C 20260814 -1.00 -1.00 2 257 0.1112 0.0544 0.006000
773.00 P 20260814 -1.00 -1.00 0 2 0.1080 -0.9456 0.006000
774.00 C 20260814 -1.00 -1.00 2 16 0.1106 0.0480 0.005500
774.00 P 20260814 -1.00 -1.00 0 0 0.1074 -0.9520 0.005500
775.00 C 20260814 -1.00 -1.00 19 127 0.1101 0.0422 0.005000
775.00 P 20260814 -1.00 -1.00 0 2 0.1064 -0.9578 0.005000
776.00 C 20260814 -1.00 -1.00 7 289 0.1095 0.0373 0.004500
776.00 P 20260814 -1.00 -1.00 0 0 0.1051 -0.9629 0.004500
777.00 C 20260814 -1.00 -1.00 8 40 0.1098 0.0327 0.004000
777.00 P 20260814 -1.00 -1.00 0 0 0.1046 -0.9673 0.004100
778.00 C 20260814 -1.00 -1.00 9 14 0.1092 0.0288 0.003600
778.00 P 20260814 -1.00 -1.00 0 0 0.1036 -0.9712 0.003700
779.00 C 20260814 -1.00 -1.00 1 46 0.1092 0.0256 0.003300
779.00 P 20260814 -1.00 -1.00 0 0 0.1039 -0.9746 0.003300
780.00 C 20260814 -1.00 -1.00 13 77 0.1096 0.0225 0.003000
780.00 P 20260814 -1.00 -1.00 0 1 0.1025 -0.9775 0.003000
781.00 C 20260814 -1.00 -1.00 0 10 0.1096 0.0200 0.002700
781.00 P 20260814 -1.00 -1.00 0 0 0.1027 -0.9800 0.002700
782.00 C 20260814 -1.00 -1.00 5 10 0.1092 0.0179 0.002400
782.00 P 20260814 -1.00 -1.00 0 0 0.1007 -0.9822 0.002400
783.00 C 20260814 -1.00 -1.00 0 495 0.1101 0.0160 0.002200
783.00 P 20260814 -1.00 -1.00 0 0 0.0999 -0.9841 0.002200
784.00 C 20260814 -1.00 -1.00 11 21 0.1107 0.0143 0.002000
784.00 P 20260814 -1.00 -1.00 0 8 0.0999 -0.9857 0.002000
785.00 C 20260814 -1.00 -1.00 1 40 0.1112 0.0129 0.001800
785.00 P 20260814 -1.00 -1.00 0 9 0.0996 -0.9872 0.001800
786.00 C 20260814 -1.00 -1.00 0 5 0.1115 0.0117 0.001600
786.00 P 20260814 -1.00 -1.00 0 0 0.0987 -0.9884 0.001700
787.00 C 20260814 -1.00 -1.00 1 6 0.1126 0.0106 0.001500
787.00 P 20260814 -1.00 -1.00 0 0 0.0969 -0.9894 0.001500
788.00 C 20260814 -1.00 -1.00 0 435 0.1136 0.0097 0.001400
788.00 P 20260814 -1.00 -1.00 0 0 0.0973 -0.9904 0.001400
789.00 C 20260814 -1.00 -1.00 0 12 0.1145 0.0089 0.001300
789.00 P 20260814 -1.00 -1.00 0 0 0.0928 -0.9912 0.001300
790.00 C 20260814 -1.00 -1.00 0 546 0.1152 0.0082 0.001200
790.00 P 20260814 -1.00 -1.00 0 0 0.0911 -0.9919 0.001200
791.00 C 20260814 -1.00 -1.00 0 2 0.1159 0.0075 0.001100
791.00 P 20260814 -1.00 -1.00 0 0 0.0870 -0.9926 0.001100
792.00 C 20260814 -1.00 -1.00 0 11 0.1164 0.0070 0.001000
792.00 P 20260814 -1.00 -1.00 0 0 -1.0000 -0.9931 0.001000
793.00 C 20260814 -1.00 -1.00 0 1 0.1183 0.0065 0.000900
793.00 P 20260814 -1.00 -1.00 0 0 -1.0000 -0.9936 0.000900
794.00 C 20260814 -1.00 -1.00 0 0 0.1186 0.0060 0.000900
794.00 P 20260814 -1.00 -1.00 0 0 -1.0000 -0.9941 0.000900
795.00 C 20260814 -1.00 -1.00 0 513 0.1206 0.0056 0.000800
795.00 P 20260814 -1.00 -1.00 0 0 -1.0000 -0.9945 0.000800
800.00 C 20260814 -1.00 -1.00 3 96 0.1258 0.0041 0.000600
800.00 P 20260814 -1.00 -1.00 0 1 -1.0000 -0.9959 0.000600
805.00 C 20260814 -1.00 -1.00 0 2 0.1323 0.0033 0.000400
805.00 P 20260814 -1.00 -1.00 0 1 -1.0000 -0.9968 0.000400
810.00 C 20260814 -1.00 -1.00 0 105 0.1375 0.0026 0.000400
810.00 P 20260814 -1.00 -1.00 0 0 -1.0000 -0.9974 0.000400
815.00 C 20260814 -1.00 -1.00 0 6 0.1463 0.0022 0.000300
815.00 P 20260814 -1.00 -1.00 0 0 -1.0000 -0.9979 0.000300
820.00 C 20260814 -1.00 -1.00 0 532 0.1550 0.0019 0.000200
820.00 P 20260814 -1.00 -1.00 0 0 -1.0000 -0.9982 0.000200
825.00 C 20260814 -1.00 -1.00 0 1 0.1636 0.0016 0.000200
825.00 P 20260814 -1.00 -1.00 0 0 -1.0000 -0.9985 0.000200
830.00 C 20260814 -1.00 -1.00 0 4 0.1721 0.0014 0.000200
830.00 P 20260814 -1.00 -1.00 0 0 -1.0000 -0.9987 0.000200
660.00 C 20260817 -1.00 -1.00 0 0 0.2856 0.9627 0.001600
660.00 P 20260817 -1.00 -1.00 0 15 0.2807 -0.0374 0.001600
670.00 C 20260817 -1.00 -1.00 0 0 0.2665 0.9519 0.002100
670.00 P 20260817 -1.00 -1.00 12 35 0.2628 -0.0482 0.002100
680.00 C 20260817 -1.00 -1.00 0 0 0.2483 0.9362 0.002900
680.00 P 20260817 -1.00 -1.00 0 629 0.2455 -0.0640 0.002900
685.00 C 20260817 -1.00 -1.00 0 0 0.2398 0.9258 0.003300
685.00 P 20260817 -1.00 -1.00 0 0 0.2370 -0.0743 0.003300
690.00 C 20260817 -1.00 -1.00 0 0 0.2315 0.9134 0.003900
690.00 P 20260817 -1.00 -1.00 0 36 0.2290 -0.0868 0.003900
695.00 C 20260817 -1.00 -1.00 0 0 0.2251 0.8984 0.004500
695.00 P 20260817 -1.00 -1.00 1 72 0.2211 -0.1018 0.004500
700.00 C 20260817 -1.00 -1.00 0 0 0.2224 0.8803 0.005200
700.00 P 20260817 -1.00 -1.00 5 23 0.2134 -0.1199 0.005200
705.00 C 20260817 -1.00 -1.00 0 0 0.2077 0.8587 0.006100
705.00 P 20260817 -1.00 -1.00 12 18 0.2060 -0.1416 0.006100
710.00 C 20260817 -1.00 -1.00 0 2 0.2000 0.8328 0.007100
710.00 P 20260817 -1.00 -1.00 7 101 0.1986 -0.1674 0.007100
711.00 C 20260817 -1.00 -1.00 0 0 0.1982 0.8271 0.007300
711.00 P 20260817 -1.00 -1.00 0 0 0.1972 -0.1732 0.007300
712.00 C 20260817 -1.00 -1.00 0 0 0.1966 0.8212 0.007500
712.00 P 20260817 -1.00 -1.00 1 0 0.1957 -0.1791 0.007500
713.00 C 20260817 -1.00 -1.00 0 0 0.1948 0.8151 0.007700
713.00 P 20260817 -1.00 -1.00 6 0 0.1941 -0.1853 0.007700
714.00 C 20260817 -1.00 -1.00 0 0 0.1934 0.8087 0.007900
714.00 P 20260817 -1.00 -1.00 5 0 0.1926 -0.1916 0.007900
715.00 C 20260817 -1.00 -1.00 2 0 0.1925 0.8020 0.008100
715.00 P 20260817 -1.00 -1.00 4 691 0.1912 -0.1981 0.008100
716.00 C 20260817 -1.00 -1.00 0 0 0.1918 0.7953 0.008400
716.00 P 20260817 -1.00 -1.00 0 0 0.1898 -0.2047 0.008400
717.00 C 20260817 -1.00 -1.00 0 0 0.1890 0.7882 0.008600
717.00 P 20260817 -1.00 -1.00 1 3 0.1884 -0.2117 0.008600
718.00 C 20260817 -1.00 -1.00 0 0 0.1875 0.7810 0.008900
718.00 P 20260817 -1.00 -1.00 0 0 0.1870 -0.2190 0.008800
719.00 C 20260817 -1.00 -1.00 0 0 0.1860 0.7734 0.009100
719.00 P 20260817 -1.00 -1.00 28 0 0.1855 -0.2265 0.009100
720.00 C 20260817 -1.00 -1.00 2 0 0.1851 0.7658 0.009400
720.00 P 20260817 -1.00 -1.00 4 138 0.1840 -0.2343 0.009400
721.00 C 20260817 -1.00 -1.00 0 0 0.1830 0.7576 0.009600
721.00 P 20260817 -1.00 -1.00 1 1 0.1823 -0.2428 0.009600
722.00 C 20260817 -1.00 -1.00 0 0 0.1816 0.7493 0.009900
722.00 P 20260817 -1.00 -1.00 5 0 0.1810 -0.2507 0.009900
723.00 C 20260817 -1.00 -1.00 0 0 0.1806 0.7406 0.010100
723.00 P 20260817 -1.00 -1.00 5 0 0.1795 -0.2597 0.010100
724.00 C 20260817 -1.00 -1.00 0 0 0.1784 0.7318 0.010400
724.00 P 20260817 -1.00 -1.00 0 2 0.1780 -0.2681 0.010400
725.00 C 20260817 -1.00 -1.00 28 1 0.1775 0.7228 0.010600
725.00 P 20260817 -1.00 -1.00 30 27 0.1765 -0.2772 0.010600
726.00 C 20260817 -1.00 -1.00 28 0 0.1763 0.7131 0.010900
726.00 P 20260817 -1.00 -1.00 0 0 0.1750 -0.2867 0.010900
727.00 C 20260817 -1.00 -1.00 0 0 0.1738 0.7035 0.011200
727.00 P 20260817 -1.00 -1.00 1 1 0.1735 -0.2964 0.011200
728.00 C 20260817 -1.00 -1.00 0 1 0.1728 0.6933 0.011400
728.00 P 20260817 -1.00 -1.00 2 1 0.1719 -0.3064 0.011400
729.00 C 20260817 -1.00 -1.00 0 1 0.1710 0.6830 0.011700
729.00 P 20260817 -1.00 -1.00 2 1 0.1704 -0.3168 0.011700
730.00 C 20260817 -1.00 -1.00 0 1 0.1696 0.6723 0.012000
730.00 P 20260817 -1.00 -1.00 3 335 0.1688 -0.3274 0.012000
731.00 C 20260817 -1.00 -1.00 0 0 0.1676 0.6614 0.012300
731.00 P 20260817 -1.00 -1.00 0 0 0.1672 -0.3384 0.012200
732.00 C 20260817 -1.00 -1.00 0 0 0.1661 0.6501 0.012500
732.00 P 20260817 -1.00 -1.00 2 1 0.1656 -0.3497 0.012500
733.00 C 20260817 -1.00 -1.00 4 1 0.1654 0.6384 0.012800
733.00 P 20260817 -1.00 -1.00 2 0 0.1639 -0.3613 0.012800
734.00 C 20260817 -1.00 -1.00 25 0 0.1634 0.6267 0.013000
734.00 P 20260817 -1.00 -1.00 10 0 0.1623 -0.3732 0.013000
735.00 C 20260817 -1.00 -1.00 10 0 0.1615 0.6146 0.013300
735.00 P 20260817 -1.00 -1.00 11 14 0.1608 -0.3855 0.013300
736.00 C 20260817 -1.00 -1.00 0 0 0.1597 0.6016 0.013600
736.00 P 20260817 -1.00 -1.00 1 4 0.1591 -0.3981 0.013600
737.00 C 20260817 -1.00 -1.00 0 16 0.1586 0.5886 0.013800
737.00 P 20260817 -1.00 -1.00 0 7 0.1574 -0.4114 0.013800
738.00 C 20260817 -1.00 -1.00 0 17 0.1570 0.5754 0.014000
738.00 P 20260817 -1.00 -1.00 0 4 0.1557 -0.4243 0.014000
739.00 C 20260817 -1.00 -1.00 0 6 0.1553 0.5622 0.014300
739.00 P 20260817 -1.00 -1.00 0 0 0.1541 -0.4379 0.014300
740.00 C 20260817 -1.00 -1.00 0 0 0.1536 0.5482 0.014500
740.00 P 20260817 -1.00 -1.00 3 11 0.1524 -0.4519 0.014500
741.00 C 20260817 -1.00 -1.00 1 0 0.1517 0.5339 0.014700
741.00 P 20260817 -1.00 -1.00 1 5 0.1507 -0.4662 0.014700
742.00 C 20260817 -1.00 -1.00 2 1 0.1500 0.5193 0.014900
742.00 P 20260817 -1.00 -1.00 2 2 0.1490 -0.4808 0.014900
743.00 C 20260817 -1.00 -1.00 10 0 0.1483 0.5043 0.015100
743.00 P 20260817 -1.00 -1.00 12 2 0.1473 -0.4958 0.015100
744.00 C 20260817 -1.00 -1.00 1 1 0.1468 0.4886 0.015300
744.00 P 20260817 -1.00 -1.00 1 8 0.1454 -0.5110 0.015300
745.00 C 20260817 -1.00 -1.00 1 26 0.1449 0.4734 0.015400
745.00 P 20260817 -1.00 -1.00 4 8 0.1436 -0.5266 0.015400
746.00 C 20260817 -1.00 -1.00 0 0 0.1434 0.4571 0.015500
746.00 P 20260817 -1.00 -1.00 0 0 0.1421 -0.5425 0.015500
747.00 C 20260817 -1.00 -1.00 0 5 0.1415 0.4414 0.015600
747.00 P 20260817 -1.00 -1.00 0 7 0.1399 -0.5592 0.015600
748.00 C 20260817 -1.00 -1.00 0 5 0.1398 0.4244 0.015700
748.00 P 20260817 -1.00 -1.00 2 13 0.1386 -0.5757 0.015700
749.00 C 20260817 -1.00 -1.00 2 5 0.1383 0.4077 0.015800
749.00 P 20260817 -1.00 -1.00 0 5 0.1366 -0.5924 0.015800
750.00 C 20260817 -1.00 -1.00 68 6 0.1364 0.3908 0.015800
750.00 P 20260817 -1.00 -1.00 5 13 0.1352 -0.6092 0.015800
751.00 C 20260817 -1.00 -1.00 6 8 0.1348 0.3738 0.015800
751.00 P 20260817 -1.00 -1.00 1 7 0.1338 -0.6263 0.015800
752.00 C 20260817 -1.00 -1.00 0 5 0.1332 0.3566 0.015700
752.00 P 20260817 -1.00 -1.00 0 0 0.1315 -0.6435 0.015700
753.00 C 20260817 -1.00 -1.00 0 10 0.1316 0.3394 0.015600
753.00 P 20260817 -1.00 -1.00 0 3 0.1303 -0.6605 0.015600
754.00 C 20260817 -1.00 -1.00 0 25 0.1300 0.3221 0.015400
754.00 P 20260817 -1.00 -1.00 0 0 0.1284 -0.6777 0.015500
755.00 C 20260817 -1.00 -1.00 1 4 0.1284 0.3048 0.015300
755.00 P 20260817 -1.00 -1.00 0 1 0.1268 -0.6952 0.015300
756.00 C 20260817 -1.00 -1.00 0 5 0.1269 0.2877 0.015000
756.00 P 20260817 -1.00 -1.00 0 0 0.1264 -0.7121 0.015000
757.00 C 20260817 -1.00 -1.00 1 22 0.1253 0.2707 0.014800
757.00 P 20260817 -1.00 -1.00 0 0 0.1237 -0.7291 0.014800
758.00 C 20260817 -1.00 -1.00 1 9 0.1240 0.2540 0.014500
758.00 P 20260817 -1.00 -1.00 0 0 0.1234 -0.7458 0.014500
759.00 C 20260817 -1.00 -1.00 0 12 0.1225 0.2375 0.014100
759.00 P 20260817 -1.00 -1.00 0 0 0.1207 -0.7624 0.014100
760.00 C 20260817 -1.00 -1.00 3 27 0.1212 0.2213 0.013700
760.00 P 20260817 -1.00 -1.00 0 0 0.1195 -0.7785 0.013700
761.00 C 20260817 -1.00 -1.00 3 0 0.1199 0.2055 0.013300
761.00 P 20260817 -1.00 -1.00 0 0 0.1194 -0.7943 0.013300
762.00 C 20260817 -1.00 -1.00 1 1 0.1185 0.1902 0.012800
762.00 P 20260817 -1.00 -1.00 0 0 0.1164 -0.8097 0.012800
763.00 C 20260817 -1.00 -1.00 3 0 0.1173 0.1753 0.012300
763.00 P 20260817 -1.00 -1.00 0 0 0.1151 -0.8246 0.012300
764.00 C 20260817 -1.00 -1.00 4 11 0.1160 0.1610 0.011800
764.00 P 20260817 -1.00 -1.00 0 0 0.1084 -0.8389 0.011800
765.00 C 20260817 -1.00 -1.00 24 46 0.1149 0.1473 0.011200
765.00 P 20260817 -1.00 -1.00 0 0 0.1072 -0.8526 0.011200
770.00 C 20260817 -1.00 -1.00 2 48 0.1098 0.0893 0.008200
770.00 P 20260817 -1.00 -1.00 1 0 0.1081 -0.9106 0.008200
775.00 C 20260817 -1.00 -1.00 2 11 0.1066 0.0503 0.005400
775.00 P 20260817 -1.00 -1.00 0 0 0.1038 -0.9497 0.005400
780.00 C 20260817 -1.00 -1.00 13 89 0.1056 0.0280 0.003400
780.00 P 20260817 -1.00 -1.00 0 0 0.1008 -0.9721 0.003400
785.00 C 20260817 -1.00 -1.00 2 11 0.1068 0.0162 0.002100
785.00 P 20260817 -1.00 -1.00 0 0 0.0986 -0.9838 0.002100
790.00 C 20260817 -1.00 -1.00 20 25 0.1101 0.0103 0.001400
790.00 P 20260817 -1.00 -1.00 0 0 0.0937 -0.9898 0.001400
800.00 C 20260817 -1.00 -1.00 0 3 0.1206 0.0051 0.000700
800.00 P 20260817 -1.00 -1.00 0 1 -1.0000 -0.9949 0.000700
810.00 C 20260817 -1.00 -1.00 0 0 0.1338 0.0032 0.000400
810.00 P 20260817 -1.00 -1.00 0 0 -1.0000 -0.9968 0.000400
820.00 C 20260817 -1.00 -1.00 0 0 0.1436 0.0023 0.000300
820.00 P 20260817 -1.00 -1.00 0 0 -1.0000 -0.9978 0.000300
830.00 C 20260817 -1.00 -1.00 0 0 0.1594 0.0017 0.000200
830.00 P 20260817 -1.00 -1.00 0 0 -1.0000 -0.9984 0.000200
660.00 C 20260818 -1.00 -1.00 0 0 0.2914 0.9597 0.001700
660.00 P 20260818 -1.00 -1.00 0 66 0.2804 -0.0403 0.001700
670.00 C 20260818 -1.00 -1.00 0 0 0.2714 0.9483 0.002200
670.00 P 20260818 -1.00 -1.00 0 21 0.2631 -0.0518 0.002200
680.00 C 20260818 -1.00 -1.00 0 0 0.2527 0.9320 0.002900
680.00 P 20260818 -1.00 -1.00 0 0 0.2459 -0.0682 0.002900
685.00 C 20260818 -1.00 -1.00 0 0 0.2435 0.9213 0.003400
685.00 P 20260818 -1.00 -1.00 0 0 0.2373 -0.0789 0.003400
690.00 C 20260818 -1.00 -1.00 0 0 0.2349 0.9085 0.003900
690.00 P 20260818 -1.00 -1.00 0 7 0.2293 -0.0917 0.003900
695.00 C 20260818 -1.00 -1.00 0 0 0.2307 0.8932 0.004500
695.00 P 20260818 -1.00 -1.00 2 5 0.2214 -0.1070 0.004600
700.00 C 20260818 -1.00 -1.00 0 0 0.2156 0.8750 0.005300
700.00 P 20260818 -1.00 -1.00 0 6 0.2138 -0.1252 0.005300
705.00 C 20260818 -1.00 -1.00 0 0 0.2089 0.8532 0.006100
705.00 P 20260818 -1.00 -1.00 1 21 0.2065 -0.1470 0.006100
710.00 C 20260818 -1.00 -1.00 0 0 0.2006 0.8274 0.007000
710.00 P 20260818 -1.00 -1.00 2 79 0.1991 -0.1728 0.007000
711.00 C 20260818 -1.00 -1.00 0 0 0.1983 0.8218 0.007200
711.00 P 20260818 -1.00 -1.00 0 0 0.1974 -0.1784 0.007200
712.00 C 20260818 -1.00 -1.00 10 0 0.1977 0.8158 0.007400
712.00 P 20260818 -1.00 -1.00 0 0 0.1961 -0.1844 0.007400
713.00 C 20260818 -1.00 -1.00 10 0 0.1957 0.8097 0.007600
713.00 P 20260818 -1.00 -1.00 0 3 0.1945 -0.1906 0.007600
714.00 C 20260818 -1.00 -1.00 0 0 0.1938 0.8034 0.007800
714.00 P 20260818 -1.00 -1.00 0 0 0.1933 -0.1969 0.007900
715.00 C 20260818 -1.00 -1.00 0 0 0.1930 0.7968 0.008100
715.00 P 20260818 -1.00 -1.00 5 8 0.1918 -0.2031 0.008100
716.00 C 20260818 -1.00 -1.00 0 0 0.1912 0.7902 0.008300
716.00 P 20260818 -1.00 -1.00 0 125 0.1903 -0.2098 0.008300
717.00 C 20260818 -1.00 -1.00 0 0 0.1905 0.7832 0.008500
717.00 P 20260818 -1.00 -1.00 0 125 0.1889 -0.2168 0.008500
718.00 C 20260818 -1.00 -1.00 0 1 0.1879 0.7760 0.008700
718.00 P 20260818 -1.00 -1.00 0 3 0.1872 -0.2242 0.008800
719.00 C 20260818 -1.00 -1.00 0 0 0.1865 0.7686 0.009000
719.00 P 20260818 -1.00 -1.00 0 0 0.1859 -0.2314 0.009000
720.00 C 20260818 -1.00 -1.00 2 0 0.1855 0.7609 0.009200
720.00 P 20260818 -1.00 -1.00 4 4 0.1845 -0.2391 0.009200
721.00 C 20260818 -1.00 -1.00 0 0 0.1846 0.7529 0.009400
721.00 P 20260818 -1.00 -1.00 0 0 0.1829 -0.2474 0.009500
722.00 C 20260818 -1.00 -1.00 0 0 0.1825 0.7448 0.009700
722.00 P 20260818 -1.00 -1.00 0 9 0.1814 -0.2556 0.009700
723.00 C 20260818 -1.00 -1.00 0 1 0.1807 0.7362 0.010000
723.00 P 20260818 -1.00 -1.00 0 0 0.1799 -0.2636 0.009900
724.00 C 20260818 -1.00 -1.00 0 0 0.1789 0.7276 0.010200
724.00 P 20260818 -1.00 -1.00 0 0 0.1783 -0.2728 0.010200
725.00 C 20260818 -1.00 -1.00 2 0 0.1780 0.7188 0.010400
725.00 P 20260818 -1.00 -1.00 0 12 0.1769 -0.2813 0.010400
726.00 C 20260818 -1.00 -1.00 0 0 0.1759 0.7094 0.010700
726.00 P 20260818 -1.00 -1.00 0 0 0.1754 -0.2906 0.010700
727.00 C 20260818 -1.00 -1.00 0 0 0.1746 0.6997 0.011000
727.00 P 20260818 -1.00 -1.00 0 0 0.1738 -0.3001 0.011000
728.00 C 20260818 -1.00 -1.00 0 0 0.1731 0.6898 0.011200
728.00 P 20260818 -1.00 -1.00 0 0 0.1723 -0.3099 0.011200
729.00 C 20260818 -1.00 -1.00 0 0 0.1715 0.6797 0.011500
729.00 P 20260818 -1.00 -1.00 0 0 0.1708 -0.3201 0.011500
730.00 C 20260818 -1.00 -1.00 0 2 0.1701 0.6693 0.011700
730.00 P 20260818 -1.00 -1.00 1 15 0.1693 -0.3305 0.011700
731.00 C 20260818 -1.00 -1.00 0 0 0.1683 0.6585 0.012000
731.00 P 20260818 -1.00 -1.00 0 1 0.1676 -0.3412 0.012000
732.00 C 20260818 -1.00 -1.00 0 0 0.1667 0.6475 0.012200
732.00 P 20260818 -1.00 -1.00 0 0 0.1660 -0.3522 0.012200
733.00 C 20260818 -1.00 -1.00 0 1 0.1652 0.6362 0.012500
733.00 P 20260818 -1.00 -1.00 1 4 0.1645 -0.3636 0.012500
734.00 C 20260818 -1.00 -1.00 0 0 0.1635 0.6245 0.012700
734.00 P 20260818 -1.00 -1.00 0 0 0.1629 -0.3752 0.012700
735.00 C 20260818 -1.00 -1.00 0 3 0.1620 0.6129 0.013000
735.00 P 20260818 -1.00 -1.00 0 17 0.1612 -0.3872 0.013000
736.00 C 20260818 -1.00 -1.00 0 3 0.1608 0.6002 0.013200
736.00 P 20260818 -1.00 -1.00 0 1 0.1596 -0.3995 0.013200
737.00 C 20260818 -1.00 -1.00 0 13 0.1590 0.5880 0.013400
737.00 P 20260818 -1.00 -1.00 0 5 0.1580 -0.4121 0.013400
738.00 C 20260818 -1.00 -1.00 0 14 0.1574 0.5747 0.013700
738.00 P 20260818 -1.00 -1.00 0 0 0.1563 -0.4250 0.013700
739.00 C 20260818 -1.00 -1.00 0 0 0.1558 0.5614 0.013900
739.00 P 20260818 -1.00 -1.00 0 0 0.1547 -0.4383 0.013900
740.00 C 20260818 -1.00 -1.00 1 51 0.1541 0.5478 0.014100
740.00 P 20260818 -1.00 -1.00 0 7 0.1529 -0.4522 0.014100
741.00 C 20260818 -1.00 -1.00 3 4 0.1523 0.5343 0.014300
741.00 P 20260818 -1.00 -1.00 0 4 0.1514 -0.4658 0.014300
742.00 C 20260818 -1.00 -1.00 0 5 0.1506 0.5201 0.014500
742.00 P 20260818 -1.00 -1.00 0 0 0.1497 -0.4800 0.014500
743.00 C 20260818 -1.00 -1.00 0 4 0.1489 0.5055 0.014700
743.00 P 20260818 -1.00 -1.00 0 4 0.1480 -0.4950 0.014700
744.00 C 20260818 -1.00 -1.00 0 0 0.1473 0.4907 0.014800
744.00 P 20260818 -1.00 -1.00 0 3 0.1464 -0.5094 0.014800
745.00 C 20260818 -1.00 -1.00 0 61 0.1455 0.4755 0.015000
745.00 P 20260818 -1.00 -1.00 1 14 0.1444 -0.5250 0.015000
746.00 C 20260818 -1.00 -1.00 0 9 0.1439 0.4600 0.015100
746.00 P 20260818 -1.00 -1.00 0 1 0.1428 -0.5400 0.015100
747.00 C 20260818 -1.00 -1.00 0 4 0.1423 0.4443 0.015200
747.00 P 20260818 -1.00 -1.00 0 3 0.1410 -0.5557 0.015200
748.00 C 20260818 -1.00 -1.00 0 0 0.1407 0.4278 0.015300
748.00 P 20260818 -1.00 -1.00 0 7 0.1393 -0.5717 0.015300
749.00 C 20260818 -1.00 -1.00 0 0 0.1390 0.4116 0.015400
749.00 P 20260818 -1.00 -1.00 0 4 0.1373 -0.5884 0.015400
750.00 C 20260818 -1.00 -1.00 0 11 0.1373 0.3952 0.015400
750.00 P 20260818 -1.00 -1.00 1 10 0.1361 -0.6046 0.015400
751.00 C 20260818 -1.00 -1.00 0 6 0.1357 0.3786 0.015400
751.00 P 20260818 -1.00 -1.00 0 4 0.1339 -0.6215 0.015400
752.00 C 20260818 -1.00 -1.00 0 7 0.1341 0.3619 0.015300
752.00 P 20260818 -1.00 -1.00 0 2 0.1323 -0.6382 0.015300
753.00 C 20260818 -1.00 -1.00 1 1 0.1325 0.3451 0.015200
753.00 P 20260818 -1.00 -1.00 0 2 0.1311 -0.6547 0.015200
754.00 C 20260818 -1.00 -1.00 0 3 0.1309 0.3282 0.015100
754.00 P 20260818 -1.00 -1.00 0 0 0.1290 -0.6718 0.015100
755.00 C 20260818 -1.00 -1.00 0 8 0.1294 0.3114 0.015000
755.00 P 20260818 -1.00 -1.00 0 1 0.1282 -0.6886 0.015000
756.00 C 20260818 -1.00 -1.00 0 7 0.1279 0.2947 0.014800
756.00 P 20260818 -1.00 -1.00 8 0 0.1268 -0.7054 0.014800
757.00 C 20260818 -1.00 -1.00 0 3 0.1264 0.2781 0.014500
757.00 P 20260818 -1.00 -1.00 0 0 0.1246 -0.7217 0.014500
758.00 C 20260818 -1.00 -1.00 1 3 0.1251 0.2617 0.014200
758.00 P 20260818 -1.00 -1.00 0 0 0.1233 -0.7381 0.014200
759.00 C 20260818 -1.00 -1.00 0 135 0.1236 0.2455 0.013900
759.00 P 20260818 -1.00 -1.00 5 0 0.1230 -0.7543 0.013900
760.00 C 20260818 -1.00 -1.00 0 141 0.1222 0.2296 0.013600
760.00 P 20260818 -1.00 -1.00 0 0 0.1200 -0.7702 0.013600
761.00 C 20260818 -1.00 -1.00 0 3 0.1209 0.2141 0.013200
761.00 P 20260818 -1.00 -1.00 0 0 0.1191 -0.7857 0.013200
762.00 C 20260818 -1.00 -1.00 0 0 0.1196 0.1990 0.012700
762.00 P 20260818 -1.00 -1.00 0 0 0.1173 -0.8008 0.012700
763.00 C 20260818 -1.00 -1.00 0 0 0.1183 0.1843 0.012300
763.00 P 20260818 -1.00 -1.00 0 0 0.1167 -0.8155 0.012300
764.00 C 20260818 -1.00 -1.00 0 0 0.1172 0.1702 0.011800
764.00 P 20260818 -1.00 -1.00 0 0 0.1139 -0.8297 0.011800
765.00 C 20260818 -1.00 -1.00 0 11 0.1160 0.1565 0.011300
765.00 P 20260818 -1.00 -1.00 0 0 0.1124 -0.8433 0.011300
770.00 C 20260818 -1.00 -1.00 0 6 0.1111 0.0980 0.008500
770.00 P 20260818 -1.00 -1.00 0 0 0.1059 -0.9018 0.008500
775.00 C 20260818 -1.00 -1.00 0 6 0.1082 0.0573 0.005800
775.00 P 20260818 -1.00 -1.00 0 0 0.0994 -0.9427 0.005800
780.00 C 20260818 -1.00 -1.00 0 16 0.1071 0.0328 0.003800
780.00 P 20260818 -1.00 -1.00 0 1 0.0901 -0.9673 0.003800
790.00 C 20260818 -1.00 -1.00 0 1 0.1104 0.0122 0.001600
790.00 P 20260818 -1.00 -1.00 0 3 -1.0000 -0.9878 0.001600
800.00 C 20260818 -1.00 -1.00 0 3 0.1195 0.0061 0.000800
800.00 P 20260818 -1.00 -1.00 0 0 -1.0000 -0.9940 0.000800
810.00 C 20260818 -1.00 -1.00 0 10 0.1330 0.0038 0.000500
810.00 P 20260818 -1.00 -1.00 0 0 -1.0000 -0.9963 0.000500
820.00 C 20260818 -1.00 -1.00 0 0 0.1438 0.0027 0.000300
820.00 P 20260818 -1.00 -1.00 0 0 -1.0000 -0.9974 0.000300
830.00 C 20260818 -1.00 -1.00 0 0 0.1555 0.0020 0.000200
830.00 P 20260818 -1.00 -1.00 0 0 -1.0000 -0.9981 0.000200
660.00 C 20260819 -1.00 -1.00 0 0 0.2868 0.9569 0.001800
660.00 P 20260819 -1.00 -1.00 0 14 0.2798 -0.0432 0.001800
670.00 C 20260819 -1.00 -1.00 0 0 0.2682 0.9448 0.002300
670.00 P 20260819 -1.00 -1.00 0 39 0.2623 -0.0553 0.002300
680.00 C 20260819 -1.00 -1.00 0 0 0.2496 0.9278 0.003000
680.00 P 20260819 -1.00 -1.00 0 661 0.2454 -0.0723 0.003000
685.00 C 20260819 -1.00 -1.00 0 0 0.2412 0.9168 0.003400
685.00 P 20260819 -1.00 -1.00 1 0 0.2372 -0.0833 0.003500
690.00 C 20260819 -1.00 -1.00 0 0 0.2332 0.9037 0.004000
690.00 P 20260819 -1.00 -1.00 16 38 0.2296 -0.0962 0.004000
695.00 C 20260819 -1.00 -1.00 0 0 0.2305 0.8882 0.004600
695.00 P 20260819 -1.00 -1.00 0 4 0.2218 -0.1118 0.004600
700.00 C 20260819 -1.00 -1.00 1 0 0.2161 0.8697 0.005300
700.00 P 20260819 -1.00 -1.00 0 12 0.2144 -0.1302 0.005300
705.00 C 20260819 -1.00 -1.00 0 0 0.2086 0.8478 0.006100
705.00 P 20260819 -1.00 -1.00 0 15 0.2068 -0.1522 0.006100
710.00 C 20260819 -1.00 -1.00 0 0 0.2011 0.8221 0.007000
710.00 P 20260819 -1.00 -1.00 0 16 0.1992 -0.1781 0.007000
711.00 C 20260819 -1.00 -1.00 0 0 0.1995 0.8164 0.007200
711.00 P 20260819 -1.00 -1.00 0 2 0.1978 -0.1838 0.007200
712.00 C 20260819 -1.00 -1.00 0 0 0.1980 0.8105 0.007400
712.00 P 20260819 -1.00 -1.00 0 0 0.1964 -0.1896 0.007400
713.00 C 20260819 -1.00 -1.00 0 0 0.1964 0.8044 0.007600
713.00 P 20260819 -1.00 -1.00 0 0 0.1949 -0.1957 0.007600
714.00 C 20260819 -1.00 -1.00 0 0 0.1944 0.7982 0.007800
714.00 P 20260819 -1.00 -1.00 0 0 0.1936 -0.2020 0.007800
715.00 C 20260819 -1.00 -1.00 1 0 0.1936 0.7917 0.008000
715.00 P 20260819 -1.00 -1.00 0 660 0.1924 -0.2084 0.008000
716.00 C 20260819 -1.00 -1.00 0 0 0.1915 0.7850 0.008200
716.00 P 20260819 -1.00 -1.00 0 0 0.1907 -0.2152 0.008200
717.00 C 20260819 -1.00 -1.00 0 0 0.1900 0.7781 0.008400
717.00 P 20260819 -1.00 -1.00 3 0 0.1894 -0.2220 0.008400
718.00 C 20260819 -1.00 -1.00 0 0 0.1897 0.7710 0.008600
718.00 P 20260819 -1.00 -1.00 15 0 0.1878 -0.2291 0.008600
719.00 C 20260819 -1.00 -1.00 0 0 0.1871 0.7636 0.008900
719.00 P 20260819 -1.00 -1.00 0 0 0.1863 -0.2366 0.008900
720.00 C 20260819 -1.00 -1.00 0 1 0.1862 0.7560 0.009100
720.00 P 20260819 -1.00 -1.00 19 286 0.1849 -0.2442 0.009100
721.00 C 20260819 -1.00 -1.00 0 0 0.1840 0.7482 0.009300
721.00 P 20260819 -1.00 -1.00 0 0 0.1834 -0.2520 0.009300
722.00 C 20260819 -1.00 -1.00 2 0 0.1833 0.7401 0.009600
722.00 P 20260819 -1.00 -1.00 3 0 0.1819 -0.2601 0.009600
723.00 C 20260819 -1.00 -1.00 0 0 0.1811 0.7318 0.009800
723.00 P 20260819 -1.00 -1.00 0 0 0.1803 -0.2684 0.009800
724.00 C 20260819 -1.00 -1.00 0 0 0.1800 0.7232 0.010000
724.00 P 20260819 -1.00 -1.00 0 0 0.1789 -0.2770 0.010000
725.00 C 20260819 -1.00 -1.00 2 1 0.1786 0.7145 0.010300
725.00 P 20260819 -1.00 -1.00 4 20 0.1774 -0.2858 0.010300
726.00 C 20260819 -1.00 -1.00 0 0 0.1768 0.7051 0.010500
726.00 P 20260819 -1.00 -1.00 0 0 0.1758 -0.2949 0.010500
727.00 C 20260819 -1.00 -1.00 2 0 0.1760 0.6957 0.010700
727.00 P 20260819 -1.00 -1.00 0 26 0.1743 -0.3043 0.010700
728.00 C 20260819 -1.00 -1.00 0 1 0.1742 0.6861 0.011000
728.00 P 20260819 -1.00 -1.00 0 1 0.1728 -0.3140 0.011000
729.00 C 20260819 -1.00 -1.00 0 0 0.1721 0.6761 0.011200
729.00 P 20260819 -1.00 -1.00 0 0 0.1711 -0.3239 0.011200
730.00 C 20260819 -1.00 -1.00 2 0 0.1707 0.6662 0.011500
730.00 P 20260819 -1.00 -1.00 2 302 0.1697 -0.3342 0.011500
731.00 C 20260819 -1.00 -1.00 0 0 0.1689 0.6554 0.011700
731.00 P 20260819 -1.00 -1.00 1 0 0.1681 -0.3447 0.011700
732.00 C 20260819 -1.00 -1.00 0 0 0.1678 0.6446 0.012000
732.00 P 20260819 -1.00 -1.00 1 0 0.1666 -0.3555 0.012000
733.00 C 20260819 -1.00 -1.00 0 2 0.1658 0.6334 0.012200
733.00 P 20260819 -1.00 -1.00 0 0 0.1648 -0.3666 0.012200
734.00 C 20260819 -1.00 -1.00 14 2 0.1651 0.6222 0.012400
734.00 P 20260819 -1.00 -1.00 0 0 0.1632 -0.3780 0.012400
735.00 C 20260819 -1.00 -1.00 0 10 0.1627 0.6107 0.012700
735.00 P 20260819 -1.00 -1.00 0 13 0.1616 -0.3897 0.012700
736.00 C 20260819 -1.00 -1.00 0 0 0.1608 0.5987 0.012900
736.00 P 20260819 -1.00 -1.00 0 0 0.1601 -0.4017 0.012900
737.00 C 20260819 -1.00 -1.00 0 13 0.1596 0.5864 0.013100
737.00 P 20260819 -1.00 -1.00 0 8 0.1584 -0.4141 0.013100
738.00 C 20260819 -1.00 -1.00 0 14 0.1578 0.5733 0.013400
738.00 P 20260819 -1.00 -1.00 0 0 0.1568 -0.4267 0.013400
739.00 C 20260819 -1.00 -1.00 0 0 0.1561 0.5604 0.013600
739.00 P 20260819 -1.00 -1.00 0 5 0.1550 -0.4396 0.013600
740.00 C 20260819 -1.00 -1.00 0 11 0.1545 0.5475 0.013800
740.00 P 20260819 -1.00 -1.00 1 3 0.1536 -0.4529 0.013800
741.00 C 20260819 -1.00 -1.00 0 0 0.1530 0.5336 0.014000
741.00 P 20260819 -1.00 -1.00 0 0 0.1518 -0.4665 0.014000
742.00 C 20260819 -1.00 -1.00 0 0 0.1513 0.5197 0.014200
742.00 P 20260819 -1.00 -1.00 0 1 0.1501 -0.4804 0.014200
743.00 C 20260819 -1.00 -1.00 0 0 0.1496 0.5055 0.014300
743.00 P 20260819 -1.00 -1.00 0 0 0.1484 -0.4946 0.014300
744.00 C 20260819 -1.00 -1.00 0 4 0.1480 0.4910 0.014500
744.00 P 20260819 -1.00 -1.00 0 4 0.1468 -0.5090 0.014500
745.00 C 20260819 -1.00 -1.00 1 1 0.1465 0.4762 0.014600
745.00 P 20260819 -1.00 -1.00 0 1 0.1451 -0.5238 0.014600
746.00 C 20260819 -1.00 -1.00 0 3 0.1447 0.4611 0.014700
746.00 P 20260819 -1.00 -1.00 0 0 0.1434 -0.5389 0.014700
747.00 C 20260819 -1.00 -1.00 0 5 0.1431 0.4458 0.014800
747.00 P 20260819 -1.00 -1.00 0 0 0.1415 -0.5538 0.014800
748.00 C 20260819 -1.00 -1.00 0 5 0.1414 0.4302 0.014900
748.00 P 20260819 -1.00 -1.00 0 1 0.1398 -0.5698 0.014900
749.00 C 20260819 -1.00 -1.00 0 3 0.1396 0.4144 0.015000
749.00 P 20260819 -1.00 -1.00 0 0 0.1381 -0.5856 0.015000
750.00 C 20260819 -1.00 -1.00 3 9 0.1382 0.3984 0.015000
750.00 P 20260819 -1.00 -1.00 1 5 0.1368 -0.6011 0.015000
751.00 C 20260819 -1.00 -1.00 0 0 0.1365 0.3822 0.015000
751.00 P 20260819 -1.00 -1.00 0 0 0.1346 -0.6178 0.015000
752.00 C 20260819 -1.00 -1.00 0 4 0.1350 0.3659 0.015000
752.00 P 20260819 -1.00 -1.00 0 1 0.1333 -0.6341 0.015000
753.00 C 20260819 -1.00 -1.00 0 0 0.1334 0.3496 0.014900
753.00 P 20260819 -1.00 -1.00 0 0 0.1316 -0.6501 0.014900
754.00 C 20260819 -1.00 -1.00 0 3 0.1319 0.3332 0.014800
754.00 P 20260819 -1.00 -1.00 5 1 0.1307 -0.6666 0.014800
755.00 C 20260819 -1.00 -1.00 1 6 0.1304 0.3170 0.014700
755.00 P 20260819 -1.00 -1.00 0 0 0.1288 -0.6830 0.014700
756.00 C 20260819 -1.00 -1.00 1 0 0.1288 0.3004 0.014500
756.00 P 20260819 -1.00 -1.00 0 0 0.1270 -0.6993 0.014500
757.00 C 20260819 -1.00 -1.00 0 2 0.1273 0.2842 0.014300
757.00 P 20260819 -1.00 -1.00 0 0 0.1256 -0.7155 0.014300
758.00 C 20260819 -1.00 -1.00 0 0 0.1258 0.2681 0.014000
758.00 P 20260819 -1.00 -1.00 0 0 0.1242 -0.7316 0.014000
759.00 C 20260819 -1.00 -1.00 0 28 0.1246 0.2523 0.013700
759.00 P 20260819 -1.00 -1.00 0 0 0.1227 -0.7474 0.013700
760.00 C 20260819 -1.00 -1.00 0 24 0.1232 0.2367 0.013400
760.00 P 20260819 -1.00 -1.00 0 0 0.1210 -0.7631 0.013400
761.00 C 20260819 -1.00 -1.00 0 0 0.1218 0.2215 0.013000
761.00 P 20260819 -1.00 -1.00 0 0 0.1196 -0.7783 0.013000
762.00 C 20260819 -1.00 -1.00 0 0 0.1205 0.2066 0.012600
762.00 P 20260819 -1.00 -1.00 0 0 0.1182 -0.7932 0.012600
763.00 C 20260819 -1.00 -1.00 0 0 0.1194 0.1921 0.012200
763.00 P 20260819 -1.00 -1.00 0 0 0.1182 -0.8077 0.012200
764.00 C 20260819 -1.00 -1.00 0 2 0.1181 0.1781 0.011800
764.00 P 20260819 -1.00 -1.00 0 0 0.1167 -0.8216 0.011800
765.00 C 20260819 -1.00 -1.00 0 30 0.1172 0.1648 0.011300
765.00 P 20260819 -1.00 -1.00 0 0 0.1155 -0.8351 0.011300
770.00 C 20260819 -1.00 -1.00 0 317 0.1124 0.1059 0.008700
770.00 P 20260819 -1.00 -1.00 0 0 0.1100 -0.8940 0.008700
775.00 C 20260819 -1.00 -1.00 0 12 0.1092 0.0638 0.006100
775.00 P 20260819 -1.00 -1.00 0 0 0.1056 -0.9361 0.006100
780.00 C 20260819 -1.00 -1.00 0 3 0.1076 0.0373 0.004000
780.00 P 20260819 -1.00 -1.00 0 0 0.1007 -0.9627 0.004000
790.00 C 20260819 -1.00 -1.00 0 7 0.1110 0.0142 0.001800
790.00 P 20260819 -1.00 -1.00 0 0 0.0828 -0.9859 0.001700
800.00 C 20260819 -1.00 -1.00 0 1 0.1197 0.0069 0.000900
800.00 P 20260819 -1.00 -1.00 0 0 -1.0000 -0.9930 0.000900
810.00 C 20260819 -1.00 -1.00 0 0 0.1340 0.0043 0.000500
810.00 P 20260819 -1.00 -1.00 0 0 -1.0000 -0.9957 0.000500
820.00 C 20260819 -1.00 -1.00 0 0 0.1487 0.0030 0.000400
820.00 P 20260819 -1.00 -1.00 0 0 -1.0000 -0.9970 0.000400
830.00 C 20260819 -1.00 -1.00 0 0 0.1624 0.0023 0.000200
830.00 P 20260819 -1.00 -1.00 0 0 -1.0000 -0.9977 0.000200
660.00 C 20260820 -1.00 -1.00 0 0 0.2867 0.9538 0.001800
660.00 P 20260820 -1.00 -1.00 0 3 0.2792 -0.0463 0.001800
670.00 C 20260820 -1.00 -1.00 0 0 0.2675 0.9412 0.002400
670.00 P 20260820 -1.00 -1.00 1 10 0.2619 -0.0589 0.002400
680.00 C 20260820 -1.00 -1.00 0 0 0.2498 0.9235 0.003100
680.00 P 20260820 -1.00 -1.00 15 3 0.2456 -0.0765 0.003100
685.00 C 20260820 -1.00 -1.00 0 0 0.2414 0.9122 0.003500
685.00 P 20260820 -1.00 -1.00 0 4 0.2372 -0.0879 0.003500
690.00 C 20260820 -1.00 -1.00 0 0 0.2334 0.8988 0.004000
690.00 P 20260820 -1.00 -1.00 0 9 0.2298 -0.1011 0.004000
695.00 C 20260820 -1.00 -1.00 0 0 0.2305 0.8830 0.004600
695.00 P 20260820 -1.00 -1.00 3 5 0.2222 -0.1169 0.004600
700.00 C 20260820 -1.00 -1.00 0 0 0.2175 0.8644 0.005300
700.00 P 20260820 -1.00 -1.00 0 9 0.2146 -0.1354 0.005300
705.00 C 20260820 -1.00 -1.00 0 0 0.2099 0.8425 0.006100
705.00 P 20260820 -1.00 -1.00 3 16 0.2075 -0.1574 0.006100
710.00 C 20260820 -1.00 -1.00 0 0 0.2014 0.8167 0.007000
710.00 P 20260820 -1.00 -1.00 0 12 0.1998 -0.1834 0.007000
711.00 C 20260820 -1.00 -1.00 0 0 0.1996 0.8110 0.007100
711.00 P 20260820 -1.00 -1.00 0 0 0.1985 -0.1888 0.007100
712.00 C 20260820 -1.00 -1.00 0 0 0.1994 0.8052 0.007300
712.00 P 20260820 -1.00 -1.00 0 0 0.1970 -0.1950 0.007300
713.00 C 20260820 -1.00 -1.00 0 0 0.1967 0.7991 0.007500
713.00 P 20260820 -1.00 -1.00 0 2 0.1954 -0.2010 0.007500
714.00 C 20260820 -1.00 -1.00 0 0 0.1961 0.7929 0.007700
714.00 P 20260820 -1.00 -1.00 0 0 0.1940 -0.2072 0.007700
715.00 C 20260820 -1.00 -1.00 0 0 0.1940 0.7864 0.007900
715.00 P 20260820 -1.00 -1.00 15 7 0.1930 -0.2137 0.007900
716.00 C 20260820 -1.00 -1.00 0 0 0.1930 0.7798 0.008100
716.00 P 20260820 -1.00 -1.00 0 0 0.1911 -0.2203 0.008100
717.00 C 20260820 -1.00 -1.00 0 0 0.1908 0.7730 0.008300
717.00 P 20260820 -1.00 -1.00 0 0 0.1898 -0.2272 0.008300
718.00 C 20260820 -1.00 -1.00 0 0 0.1903 0.7660 0.008500
718.00 P 20260820 -1.00 -1.00 0 0 0.1882 -0.2342 0.008600
719.00 C 20260820 -1.00 -1.00 0 0 0.1876 0.7586 0.008800
719.00 P 20260820 -1.00 -1.00 0 0 0.1869 -0.2415 0.008800
720.00 C 20260820 -1.00 -1.00 0 0 0.1872 0.7511 0.009000
720.00 P 20260820 -1.00 -1.00 0 10 0.1854 -0.2490 0.009000
721.00 C 20260820 -1.00 -1.00 0 0 0.1858 0.7434 0.009200
721.00 P 20260820 -1.00 -1.00 0 0 0.1840 -0.2563 0.009200
722.00 C 20260820 -1.00 -1.00 0 1 0.1829 0.7354 0.009400
722.00 P 20260820 -1.00 -1.00 0 1 0.1825 -0.2643 0.009400
723.00 C 20260820 -1.00 -1.00 0 0 0.1827 0.7273 0.009600
723.00 P 20260820 -1.00 -1.00 0 0 0.1810 -0.2725 0.009600
724.00 C 20260820 -1.00 -1.00 0 0 0.1809 0.7188 0.009900
724.00 P 20260820 -1.00 -1.00 0 1 0.1794 -0.2814 0.009900
725.00 C 20260820 -1.00 -1.00 0 0 0.1796 0.7101 0.010100
725.00 P 20260820 -1.00 -1.00 0 9 0.1779 -0.2902 0.010100
726.00 C 20260820 -1.00 -1.00 0 0 0.1771 0.7012 0.010300
726.00 P 20260820 -1.00 -1.00 0 0 0.1764 -0.2991 0.010300
727.00 C 20260820 -1.00 -1.00 0 0 0.1763 0.6919 0.010600
727.00 P 20260820 -1.00 -1.00 0 0 0.1749 -0.3084 0.010600
728.00 C 20260820 -1.00 -1.00 0 0 0.1748 0.6825 0.010800
728.00 P 20260820 -1.00 -1.00 0 0 0.1733 -0.3178 0.010800
729.00 C 20260820 -1.00 -1.00 0 0 0.1733 0.6727 0.011000
729.00 P 20260820 -1.00 -1.00 0 0 0.1717 -0.3276 0.011000
730.00 C 20260820 -1.00 -1.00 0 0 0.1712 0.6627 0.011200
730.00 P 20260820 -1.00 -1.00 0 0 0.1702 -0.3376 0.011200
731.00 C 20260820 -1.00 -1.00 0 0 0.1703 0.6521 0.011500
731.00 P 20260820 -1.00 -1.00 0 0 0.1686 -0.3480 0.011500
732.00 C 20260820 -1.00 -1.00 0 1 0.1686 0.6415 0.011700
732.00 P 20260820 -1.00 -1.00 2 0 0.1672 -0.3585 0.011700
733.00 C 20260820 -1.00 -1.00 0 0 0.1671 0.6306 0.011900
733.00 P 20260820 -1.00 -1.00 0 1 0.1654 -0.3694 0.011900
734.00 C 20260820 -1.00 -1.00 0 0 0.1645 0.6198 0.012200
734.00 P 20260820 -1.00 -1.00 0 7 0.1638 -0.3806 0.012200
735.00 C 20260820 -1.00 -1.00 0 0 0.1638 0.6083 0.012400
735.00 P 20260820 -1.00 -1.00 0 6 0.1623 -0.3920 0.012400
736.00 C 20260820 -1.00 -1.00 0 13 0.1620 0.5966 0.012600
736.00 P 20260820 -1.00 -1.00 0 7 0.1606 -0.4038 0.012600
737.00 C 20260820 -1.00 -1.00 0 13 0.1604 0.5846 0.012800
737.00 P 20260820 -1.00 -1.00 0 0 0.1590 -0.4158 0.012800
738.00 C 20260820 -1.00 -1.00 0 0 0.1587 0.5722 0.013000
738.00 P 20260820 -1.00 -1.00 2 3 0.1573 -0.4282 0.013000
739.00 C 20260820 -1.00 -1.00 1 0 0.1572 0.5594 0.013200
739.00 P 20260820 -1.00 -1.00 0 3 0.1558 -0.4408 0.013200
740.00 C 20260820 -1.00 -1.00 0 0 0.1556 0.5467 0.013400
740.00 P 20260820 -1.00 -1.00 0 1 0.1541 -0.4537 0.013400
741.00 C 20260820 -1.00 -1.00 0 0 0.1537 0.5330 0.013600
741.00 P 20260820 -1.00 -1.00 0 3 0.1524 -0.4670 0.013600
742.00 C 20260820 -1.00 -1.00 0 3 0.1521 0.5195 0.013800
742.00 P 20260820 -1.00 -1.00 0 0 0.1508 -0.4805 0.013800
743.00 C 20260820 -1.00 -1.00 0 2 0.1504 0.5057 0.013900
743.00 P 20260820 -1.00 -1.00 0 0 0.1493 -0.4943 0.013900
744.00 C 20260820 -1.00 -1.00 0 0 0.1487 0.4916 0.014100
744.00 P 20260820 -1.00 -1.00 2 4 0.1473 -0.5084 0.014100
745.00 C 20260820 -1.00 -1.00 0 56 0.1472 0.4772 0.014200
745.00 P 20260820 -1.00 -1.00 0 1 0.1458 -0.5228 0.014200
746.00 C 20260820 -1.00 -1.00 0 0 0.1455 0.4625 0.014400
746.00 P 20260820 -1.00 -1.00 0 0 0.1442 -0.5371 0.014400
747.00 C 20260820 -1.00 -1.00 0 0 0.1438 0.4476 0.014400
747.00 P 20260820 -1.00 -1.00 0 0 0.1422 -0.5520 0.014400
748.00 C 20260820 -1.00 -1.00 0 3 0.1422 0.4324 0.014500
748.00 P 20260820 -1.00 -1.00 0 0 0.1415 -0.5671 0.014500
749.00 C 20260820 -1.00 -1.00 0 3 0.1405 0.4170 0.014600
749.00 P 20260820 -1.00 -1.00 0 0 0.1398 -0.5825 0.014600
750.00 C 20260820 -1.00 -1.00 0 56 0.1390 0.4015 0.014600
750.00 P 20260820 -1.00 -1.00 0 0 0.1379 -0.5981 0.014600
751.00 C 20260820 -1.00 -1.00 0 0 0.1374 0.3857 0.014600
751.00 P 20260820 -1.00 -1.00 0 0 0.1369 -0.6141 0.014600
752.00 C 20260820 -1.00 -1.00 0 3 0.1358 0.3698 0.014600
752.00 P 20260820 -1.00 -1.00 0 0 0.1350 -0.6297 0.014600
753.00 C 20260820 -1.00 -1.00 0 0 0.1343 0.3539 0.014600
753.00 P 20260820 -1.00 -1.00 0 0 0.1336 -0.6458 0.014600
754.00 C 20260820 -1.00 -1.00 0 0 0.1327 0.3379 0.014500
754.00 P 20260820 -1.00 -1.00 0 0 0.1321 -0.6618 0.014500
755.00 C 20260820 -1.00 -1.00 2 2 0.1314 0.3219 0.014300
755.00 P 20260820 -1.00 -1.00 0 0 0.1300 -0.6777 0.014300
760.00 C 20260820 -1.00 -1.00 0 9 0.1242 0.2436 0.013200
760.00 P 20260820 -1.00 -1.00 0 0 0.1229 -0.7565 0.013200
765.00 C 20260820 -1.00 -1.00 2 7 0.1184 0.1725 0.011300
765.00 P 20260820 -1.00 -1.00 0 0 0.1118 -0.8272 0.011300
770.00 C 20260820 -1.00 -1.00 0 2 0.1136 0.1139 0.008900
770.00 P 20260820 -1.00 -1.00 0 0 0.1033 -0.8860 0.008900
780.00 C 20260820 -1.00 -1.00 0 1 0.1088 0.0424 0.004300
780.00 P 20260820 -1.00 -1.00 0 0 0.1026 -0.9575 0.004300
790.00 C 20260820 -1.00 -1.00 0 1 0.1114 0.0165 0.001900
790.00 P 20260820 -1.00 -1.00 0 0 0.0920 -0.9836 0.001900
800.00 C 20260820 -1.00 -1.00 0 0 0.1186 0.0080 0.001000
800.00 P 20260820 -1.00 -1.00 0 0 -1.0000 -0.9920 0.001000
810.00 C 20260820 -1.00 -1.00 0 0 0.1330 0.0048 0.000600
810.00 P 20260820 -1.00 -1.00 0 0 -1.0000 -0.9952 0.000600
820.00 C 20260820 -1.00 -1.00 0 0 0.1477 0.0034 0.000400
820.00 P 20260820 -1.00 -1.00 0 0 -1.0000 -0.9966 0.000400
830.00 C 20260820 -1.00 -1.00 0 0 0.1590 0.0026 0.000300
830.00 P 20260820 -1.00 -1.00 0 0 -1.0000 -0.9974 0.000300
653.00 C 20260821 -1.00 -1.00 0 1 0.2986 0.9583 0.001600
653.00 P 20260821 -1.00 -1.00 0 31 0.2909 -0.0418 0.001600
654.00 C 20260821 -1.00 -1.00 0 2 0.2964 0.9574 0.001600
654.00 P 20260821 -1.00 -1.00 1 12 0.2887 -0.0427 0.001600
655.00 C 20260821 -1.00 -1.00 0 8 0.2944 0.9564 0.001600
655.00 P 20260821 -1.00 -1.00 1 169 0.2870 -0.0436 0.001600
656.00 C 20260821 -1.00 -1.00 0 1 0.2926 0.9554 0.001700
656.00 P 20260821 -1.00 -1.00 0 18 0.2853 -0.0446 0.001700
657.00 C 20260821 -1.00 -1.00 0 0 0.2908 0.9544 0.001700
657.00 P 20260821 -1.00 -1.00 0 6 0.2836 -0.0456 0.001700
658.00 C 20260821 -1.00 -1.00 0 0 0.2888 0.9534 0.001800
658.00 P 20260821 -1.00 -1.00 0 25 0.2818 -0.0466 0.001800
659.00 C 20260821 -1.00 -1.00 0 0 0.2872 0.9523 0.001800
659.00 P 20260821 -1.00 -1.00 0 2 0.2802 -0.0477 0.001800
660.00 C 20260821 -1.00 -1.00 0 16 0.2853 0.9512 0.001900
660.00 P 20260821 -1.00 -1.00 5 254 0.2787 -0.0488 0.001900
661.00 C 20260821 -1.00 -1.00 0 0 0.2832 0.9501 0.001900
661.00 P 20260821 -1.00 -1.00 0 6 0.2768 -0.0499 0.001900
662.00 C 20260821 -1.00 -1.00 0 0 0.2813 0.9489 0.002000
662.00 P 20260821 -1.00 -1.00 0 5 0.2749 -0.0511 0.002000
663.00 C 20260821 -1.00 -1.00 0 0 0.2796 0.9477 0.002000
663.00 P 20260821 -1.00 -1.00 0 9 0.2735 -0.0523 0.002000
664.00 C 20260821 -1.00 -1.00 0 0 0.2776 0.9465 0.002100
664.00 P 20260821 -1.00 -1.00 0 2 0.2716 -0.0536 0.002100
665.00 C 20260821 -1.00 -1.00 0 5 0.2759 0.9452 0.002100
665.00 P 20260821 -1.00 -1.00 0 66 0.2700 -0.0548 0.002100
666.00 C 20260821 -1.00 -1.00 0 0 0.2741 0.9439 0.002200
666.00 P 20260821 -1.00 -1.00 4 5 0.2681 -0.0562 0.002200
667.00 C 20260821 -1.00 -1.00 0 3 0.2723 0.9425 0.002200
667.00 P 20260821 -1.00 -1.00 0 8 0.2665 -0.0576 0.002200
668.00 C 20260821 -1.00 -1.00 0 0 0.2702 0.9411 0.002300
668.00 P 20260821 -1.00 -1.00 0 819 0.2649 -0.0590 0.002300
669.00 C 20260821 -1.00 -1.00 0 0 0.2690 0.9396 0.002300
669.00 P 20260821 -1.00 -1.00 0 8 0.2633 -0.0604 0.002300
670.00 C 20260821 -1.00 -1.00 0 50 0.2669 0.9381 0.002400
670.00 P 20260821 -1.00 -1.00 5 367 0.2616 -0.0619 0.002400
671.00 C 20260821 -1.00 -1.00 0 0 0.2651 0.9366 0.002500
671.00 P 20260821 -1.00 -1.00 0 8 0.2599 -0.0635 0.002500
672.00 C 20260821 -1.00 -1.00 0 0 0.2634 0.9350 0.002500
672.00 P 20260821 -1.00 -1.00 0 25 0.2585 -0.0650 0.002500
673.00 C 20260821 -1.00 -1.00 0 0 0.2618 0.9333 0.002600
673.00 P 20260821 -1.00 -1.00 0 14 0.2567 -0.0667 0.002600
674.00 C 20260821 -1.00 -1.00 0 0 0.2599 0.9316 0.002600
674.00 P 20260821 -1.00 -1.00 0 4 0.2550 -0.0685 0.002700
675.00 C 20260821 -1.00 -1.00 0 8 0.2580 0.9298 0.002700
675.00 P 20260821 -1.00 -1.00 2 159 0.2535 -0.0701 0.002700
676.00 C 20260821 -1.00 -1.00 0 0 0.2563 0.9280 0.002800
676.00 P 20260821 -1.00 -1.00 0 13 0.2518 -0.0721 0.002800
677.00 C 20260821 -1.00 -1.00 0 0 0.2547 0.9261 0.002900
677.00 P 20260821 -1.00 -1.00 0 11 0.2502 -0.0740 0.002900
678.00 C 20260821 -1.00 -1.00 0 1 0.2528 0.9242 0.003000
678.00 P 20260821 -1.00 -1.00 5 22 0.2486 -0.0759 0.003000
679.00 C 20260821 -1.00 -1.00 0 0 0.2513 0.9221 0.003000
679.00 P 20260821 -1.00 -1.00 0 13 0.2470 -0.0779 0.003000
680.00 C 20260821 -1.00 -1.00 0 38 0.2498 0.9200 0.003100
680.00 P 20260821 -1.00 -1.00 6 1022 0.2453 -0.0800 0.003100
681.00 C 20260821 -1.00 -1.00 0 0 0.2478 0.9179 0.003200
681.00 P 20260821 -1.00 -1.00 0 11 0.2438 -0.0820 0.003200
682.00 C 20260821 -1.00 -1.00 0 0 0.2462 0.9157 0.003300
682.00 P 20260821 -1.00 -1.00 0 33 0.2422 -0.0844 0.003300
683.00 C 20260821 -1.00 -1.00 0 0 0.2446 0.9134 0.003400
683.00 P 20260821 -1.00 -1.00 0 15 0.2407 -0.0865 0.003400
684.00 C 20260821 -1.00 -1.00 0 0 0.2429 0.9110 0.003400
684.00 P 20260821 -1.00 -1.00 0 19 0.2390 -0.0889 0.003400
685.00 C 20260821 -1.00 -1.00 0 22 0.2413 0.9086 0.003600
685.00 P 20260821 -1.00 -1.00 1 1055 0.2376 -0.0914 0.003500
686.00 C 20260821 -1.00 -1.00 0 0 0.2396 0.9060 0.003600
686.00 P 20260821 -1.00 -1.00 1 14 0.2360 -0.0939 0.003600
687.00 C 20260821 -1.00 -1.00 0 0 0.2381 0.9034 0.003700
687.00 P 20260821 -1.00 -1.00 0 13 0.2343 -0.0966 0.003700
688.00 C 20260821 -1.00 -1.00 0 0 0.2366 0.9007 0.003800
688.00 P 20260821 -1.00 -1.00 0 102 0.2329 -0.0992 0.003800
689.00 C 20260821 -1.00 -1.00 0 0 0.2347 0.8980 0.004000
689.00 P 20260821 -1.00 -1.00 4 8 0.2312 -0.1020 0.004000
690.00 C 20260821 -1.00 -1.00 0 78 0.2332 0.8951 0.004000
690.00 P 20260821 -1.00 -1.00 22 2085 0.2297 -0.1049 0.004000
691.00 C 20260821 -1.00 -1.00 0 1 0.2318 0.8921 0.004200
691.00 P 20260821 -1.00 -1.00 0 41 0.2280 -0.1079 0.004200
692.00 C 20260821 -1.00 -1.00 0 0 0.2299 0.8890 0.004300
692.00 P 20260821 -1.00 -1.00 0 177 0.2268 -0.1110 0.004300
693.00 C 20260821 -1.00 -1.00 0 1 0.2283 0.8859 0.004400
693.00 P 20260821 -1.00 -1.00 2 24 0.2252 -0.1142 0.004400
694.00 C 20260821 -1.00 -1.00 0 0 0.2268 0.8826 0.004500
694.00 P 20260821 -1.00 -1.00 2 28 0.2236 -0.1174 0.004500
695.00 C 20260821 -1.00 -1.00 0 57 0.2252 0.8792 0.004600
695.00 P 20260821 -1.00 -1.00 154 623 0.2220 -0.1208 0.004600
696.00 C 20260821 -1.00 -1.00 0 10 0.2241 0.8757 0.004800
696.00 P 20260821 -1.00 -1.00 3 97 0.2208 -0.1244 0.004800
697.00 C 20260821 -1.00 -1.00 0 5 0.2229 0.8721 0.004900
697.00 P 20260821 -1.00 -1.00 1 28 0.2191 -0.1279 0.004900
698.00 C 20260821 -1.00 -1.00 0 0 0.2213 0.8684 0.005000
698.00 P 20260821 -1.00 -1.00 3 45 0.2176 -0.1317 0.005000
699.00 C 20260821 -1.00 -1.00 0 0 0.2198 0.8646 0.005200
699.00 P 20260821 -1.00 -1.00 27 45 0.2162 -0.1355 0.005200
700.00 C 20260821 -1.00 -1.00 0 345 0.2180 0.8606 0.005300
700.00 P 20260821 -1.00 -1.00 80 16816 0.2148 -0.1394 0.005300
701.00 C 20260821 -1.00 -1.00 0 1 0.2167 0.8565 0.005400
701.00 P 20260821 -1.00 -1.00 3 97 0.2132 -0.1436 0.005400
702.00 C 20260821 -1.00 -1.00 0 0 0.2133 0.8523 0.005600
702.00 P 20260821 -1.00 -1.00 9 46 0.2120 -0.1475 0.005600
703.00 C 20260821 -1.00 -1.00 0 0 0.2137 0.8479 0.005700
703.00 P 20260821 -1.00 -1.00 9 156 0.2103 -0.1522 0.005700
704.00 C 20260821 -1.00 -1.00 0 0 0.2122 0.8434 0.005900
704.00 P 20260821 -1.00 -1.00 447 2220 0.2089 -0.1567 0.005900
705.00 C 20260821 -1.00 -1.00 0 35 0.2094 0.8387 0.006000
705.00 P 20260821 -1.00 -1.00 38 5486 0.2077 -0.1610 0.006000
706.00 C 20260821 -1.00 -1.00 0 3 0.2092 0.8340 0.006200
706.00 P 20260821 -1.00 -1.00 6 70 0.2062 -0.1658 0.006200
707.00 C 20260821 -1.00 -1.00 0 0 0.2076 0.8290 0.006400
707.00 P 20260821 -1.00 -1.00 20 169 0.2048 -0.1708 0.006400
708.00 C 20260821 -1.00 -1.00 0 2 0.2062 0.8239 0.006500
708.00 P 20260821 -1.00 -1.00 24 213 0.2033 -0.1759 0.006500
709.00 C 20260821 -1.00 -1.00 0 2 0.2046 0.8186 0.006700
709.00 P 20260821 -1.00 -1.00 387 670 0.2019 -0.1812 0.006700
710.00 C 20260821 -1.00 -1.00 0 61 0.2022 0.8132 0.006900
710.00 P 20260821 -1.00 -1.00 50 1288 0.2002 -0.1869 0.006900
711.00 C 20260821 -1.00 -1.00 0 0 0.2001 0.8076 0.007100
711.00 P 20260821 -1.00 -1.00 5 91 0.1988 -0.1925 0.007100
712.00 C 20260821 -1.00 -1.00 0 2 0.2002 0.8018 0.007200
712.00 P 20260821 -1.00 -1.00 14 82 0.1976 -0.1980 0.007200
713.00 C 20260821 -1.00 -1.00 0 1 0.1972 0.7958 0.007400
713.00 P 20260821 -1.00 -1.00 3 75 0.1959 -0.2043 0.007400
714.00 C 20260821 -1.00 -1.00 0 1 0.1972 0.7896 0.007600
714.00 P 20260821 -1.00 -1.00 1 62 0.1946 -0.2105 0.007600
715.00 C 20260821 -1.00 -1.00 0 11 0.1952 0.7834 0.007800
715.00 P 20260821 -1.00 -1.00 37 1896 0.1930 -0.2168 0.007800
716.00 C 20260821 -1.00 -1.00 0 0 0.1930 0.7767 0.008000
716.00 P 20260821 -1.00 -1.00 11 130 0.1916 -0.2234 0.008000
717.00 C 20260821 -1.00 -1.00 0 19 0.1915 0.7699 0.008200
717.00 P 20260821 -1.00 -1.00 4 105 0.1902 -0.2301 0.008200
718.00 C 20260821 -1.00 -1.00 0 1 0.1912 0.7629 0.008400
718.00 P 20260821 -1.00 -1.00 5 142 0.1887 -0.2371 0.008400
719.00 C 20260821 -1.00 -1.00 0 4 0.1897 0.7558 0.008600
719.00 P 20260821 -1.00 -1.00 4 59 0.1873 -0.2442 0.008600
720.00 C 20260821 -1.00 -1.00 5 59 0.1877 0.7486 0.008800
720.00 P 20260821 -1.00 -1.00 38 1256 0.1860 -0.2512 0.008800
721.00 C 20260821 -1.00 -1.00 0 1 0.1866 0.7408 0.009000
721.00 P 20260821 -1.00 -1.00 0 442 0.1843 -0.2592 0.009000
722.00 C 20260821 -1.00 -1.00 6 10 0.1852 0.7329 0.009200
722.00 P 20260821 -1.00 -1.00 0 62 0.1828 -0.2670 0.009200
723.00 C 20260821 -1.00 -1.00 0 3 0.1826 0.7249 0.009500
723.00 P 20260821 -1.00 -1.00 2 42 0.1814 -0.2751 0.009500
724.00 C 20260821 -1.00 -1.00 0 7 0.1822 0.7166 0.009700
724.00 P 20260821 -1.00 -1.00 9 195 0.1799 -0.2834 0.009700
725.00 C 20260821 -1.00 -1.00 1 27 0.1804 0.7081 0.009900
725.00 P 20260821 -1.00 -1.00 24 340 0.1784 -0.2920 0.009900
726.00 C 20260821 -1.00 -1.00 1 6 0.1781 0.6992 0.010100
726.00 P 20260821 -1.00 -1.00 0 366 0.1769 -0.3008 0.010100
727.00 C 20260821 -1.00 -1.00 5 12 0.1765 0.6902 0.010300
727.00 P 20260821 -1.00 -1.00 1 77 0.1754 -0.3098 0.010300
728.00 C 20260821 -1.00 -1.00 0 2 0.1759 0.6809 0.010600
728.00 P 20260821 -1.00 -1.00 11 214 0.1739 -0.3191 0.010600
729.00 C 20260821 -1.00 -1.00 16 12 0.1735 0.6714 0.010800
729.00 P 20260821 -1.00 -1.00 13 383 0.1724 -0.3287 0.010800
730.00 C 20260821 -1.00 -1.00 8 56 0.1726 0.6617 0.011000
730.00 P 20260821 -1.00 -1.00 44 819 0.1705 -0.3385 0.011000
731.00 C 20260821 -1.00 -1.00 13 10 0.1712 0.6515 0.011200
731.00 P 20260821 -1.00 -1.00 18 269 0.1692 -0.3485 0.011200
732.00 C 20260821 -1.00 -1.00 6 9 0.1694 0.6415 0.011400
732.00 P 20260821 -1.00 -1.00 9 279 0.1677 -0.3589 0.011400
733.00 C 20260821 -1.00 -1.00 0 19 0.1680 0.6305 0.011600
733.00 P 20260821 -1.00 -1.00 5 52 0.1661 -0.3695 0.011600
734.00 C 20260821 -1.00 -1.00 1 18 0.1653 0.6200 0.011900
734.00 P 20260821 -1.00 -1.00 4 373 0.1646 -0.3804 0.011900
735.00 C 20260821 -1.00 -1.00 12 49 0.1644 0.6088 0.012100
735.00 P 20260821 -1.00 -1.00 15 309 0.1629 -0.3915 0.012100
736.00 C 20260821 -1.00 -1.00 0 9 0.1625 0.5970 0.012300
736.00 P 20260821 -1.00 -1.00 16 53 0.1613 -0.4030 0.012300
737.00 C 20260821 -1.00 -1.00 0 17 0.1609 0.5853 0.012500
737.00 P 20260821 -1.00 -1.00 4 54 0.1598 -0.4147 0.012500
738.00 C 20260821 -1.00 -1.00 0 23 0.1592 0.5733 0.012700
738.00 P 20260821 -1.00 -1.00 1 44 0.1582 -0.4267 0.012700
739.00 C 20260821 -1.00 -1.00 5 35 0.1576 0.5610 0.012900
739.00 P 20260821 -1.00 -1.00 1 54 0.1565 -0.4390 0.012900
740.00 C 20260821 -1.00 -1.00 124 227 0.1560 0.5484 0.013100
740.00 P 20260821 -1.00 -1.00 193 386 0.1549 -0.4516 0.013100
741.00 C 20260821 -1.00 -1.00 18 32 0.1544 0.5356 0.013200
741.00 P 20260821 -1.00 -1.00 9 27 0.1533 -0.4645 0.013200
742.00 C 20260821 -1.00 -1.00 40 27 0.1527 0.5224 0.013400
742.00 P 20260821 -1.00 -1.00 12 45 0.1517 -0.4776 0.013400
743.00 C 20260821 -1.00 -1.00 16 31 0.1512 0.5090 0.013600
743.00 P 20260821 -1.00 -1.00 13 38 0.1500 -0.4911 0.013600
744.00 C 20260821 -1.00 -1.00 7 21 0.1495 0.4952 0.013700
744.00 P 20260821 -1.00 -1.00 9 40 0.1484 -0.5048 0.013700
745.00 C 20260821 -1.00 -1.00 5 150 0.1479 0.4813 0.013900
745.00 P 20260821 -1.00 -1.00 66 1586 0.1467 -0.5183 0.013900
746.00 C 20260821 -1.00 -1.00 7 44 0.1463 0.4670 0.014000
746.00 P 20260821 -1.00 -1.00 18 79 0.1452 -0.5330 0.014000
747.00 C 20260821 -1.00 -1.00 3 30 0.1448 0.4525 0.014100
747.00 P 20260821 -1.00 -1.00 2 55 0.1436 -0.5475 0.014100
748.00 C 20260821 -1.00 -1.00 6 475 0.1431 0.4378 0.014200
748.00 P 20260821 -1.00 -1.00 2 123 0.1421 -0.5622 0.014200
749.00 C 20260821 -1.00 -1.00 11 61 0.1414 0.4228 0.014200
749.00 P 20260821 -1.00 -1.00 5 76 0.1405 -0.5772 0.014200
750.00 C 20260821 -1.00 -1.00 28 386 0.1398 0.4077 0.014300
750.00 P 20260821 -1.00 -1.00 45 1582 0.1388 -0.5924 0.014300
751.00 C 20260821 -1.00 -1.00 5 33 0.1384 0.3923 0.014300
751.00 P 20260821 -1.00 -1.00 0 80 0.1374 -0.6077 0.014300
752.00 C 20260821 -1.00 -1.00 2 23 0.1368 0.3769 0.014300
752.00 P 20260821 -1.00 -1.00 0 195 0.1358 -0.6232 0.014300
753.00 C 20260821 -1.00 -1.00 9 37 0.1352 0.3613 0.014200
753.00 P 20260821 -1.00 -1.00 6 72 0.1343 -0.6387 0.014200
754.00 C 20260821 -1.00 -1.00 1 28 0.1338 0.3457 0.014200
754.00 P 20260821 -1.00 -1.00 4 54 0.1328 -0.6541 0.014200
755.00 C 20260821 -1.00 -1.00 5 373 0.1323 0.3300 0.014100
755.00 P 20260821 -1.00 -1.00 4 152 0.1304 -0.6698 0.014100
756.00 C 20260821 -1.00 -1.00 14 42 0.1309 0.3144 0.014000
756.00 P 20260821 -1.00 -1.00 0 41 0.1297 -0.6854 0.014000
757.00 C 20260821 -1.00 -1.00 20 42 0.1295 0.2988 0.013800
757.00 P 20260821 -1.00 -1.00 8 32 0.1283 -0.7012 0.013800
758.00 C 20260821 -1.00 -1.00 7 48 0.1281 0.2834 0.013600
758.00 P 20260821 -1.00 -1.00 1 128 0.1270 -0.7164 0.013600
759.00 C 20260821 -1.00 -1.00 2 18 0.1269 0.2681 0.013400
759.00 P 20260821 -1.00 -1.00 0 9 0.1257 -0.7316 0.013400
760.00 C 20260821 -1.00 -1.00 23 338 0.1256 0.2531 0.013100
760.00 P 20260821 -1.00 -1.00 0 142 0.1242 -0.7467 0.013100
761.00 C 20260821 -1.00 -1.00 4 65 0.1243 0.2383 0.012800
761.00 P 20260821 -1.00 -1.00 0 9 0.1231 -0.7615 0.012800
762.00 C 20260821 -1.00 -1.00 3 81 0.1230 0.2238 0.012500
762.00 P 20260821 -1.00 -1.00 1 9 0.1216 -0.7760 0.012500
763.00 C 20260821 -1.00 -1.00 4 22 0.1219 0.2097 0.012100
763.00 P 20260821 -1.00 -1.00 0 4 0.1205 -0.7901 0.012100
764.00 C 20260821 -1.00 -1.00 2 28 0.1208 0.1960 0.011700
764.00 P 20260821 -1.00 -1.00 0 8 0.1194 -0.8038 0.011800
765.00 C 20260821 -1.00 -1.00 19 690 0.1197 0.1827 0.011300
765.00 P 20260821 -1.00 -1.00 0 17 0.1174 -0.8172 0.011400
766.00 C 20260821 -1.00 -1.00 4 142 0.1187 0.1698 0.010900
766.00 P 20260821 -1.00 -1.00 0 5 0.1164 -0.8300 0.010900
767.00 C 20260821 -1.00 -1.00 10 161 0.1177 0.1575 0.010500
767.00 P 20260821 -1.00 -1.00 0 15 0.1153 -0.8424 0.010500
768.00 C 20260821 -1.00 -1.00 6 310 0.1169 0.1456 0.010000
768.00 P 20260821 -1.00 -1.00 0 2 0.1142 -0.8542 0.010000
769.00 C 20260821 -1.00 -1.00 8 146 0.1160 0.1344 0.009600
769.00 P 20260821 -1.00 -1.00 0 6 0.1132 -0.8655 0.009600
770.00 C 20260821 -1.00 -1.00 19 388 0.1151 0.1236 0.009100
770.00 P 20260821 -1.00 -1.00 0 16 0.1120 -0.8762 0.009100
771.00 C 20260821 -1.00 -1.00 233 277 0.1144 0.1135 0.008600
771.00 P 20260821 -1.00 -1.00 0 0 0.1113 -0.8864 0.008600
772.00 C 20260821 -1.00 -1.00 9 99 0.1137 0.1040 0.008100
772.00 P 20260821 -1.00 -1.00 0 0 0.1102 -0.8959 0.008100
773.00 C 20260821 -1.00 -1.00 6 22 0.1130 0.0950 0.007700
773.00 P 20260821 -1.00 -1.00 0 4 0.1094 -0.9048 0.007700
774.00 C 20260821 -1.00 -1.00 2 32 0.1125 0.0867 0.007200
774.00 P 20260821 -1.00 -1.00 0 1 0.1086 -0.9132 0.007200
775.00 C 20260821 -1.00 -1.00 43 301 0.1121 0.0790 0.006700
775.00 P 20260821 -1.00 -1.00 0 754 0.1078 -0.9209 0.006800
776.00 C 20260821 -1.00 -1.00 2 32 0.1115 0.0718 0.006300
776.00 P 20260821 -1.00 -1.00 0 0 0.1072 -0.9281 0.006300
777.00 C 20260821 -1.00 -1.00 5 697 0.1113 0.0653 0.005900
777.00 P 20260821 -1.00 -1.00 0 4 0.1063 -0.9346 0.005900
778.00 C 20260821 -1.00 -1.00 6 132 0.1107 0.0592 0.005500
778.00 P 20260821 -1.00 -1.00 0 3 0.1055 -0.9407 0.005500
779.00 C 20260821 -1.00 -1.00 26 57 0.1108 0.0537 0.005100
779.00 P 20260821 -1.00 -1.00 0 1 0.1048 -0.9462 0.005100
780.00 C 20260821 -1.00 -1.00 42 327 0.1102 0.0487 0.004700
780.00 P 20260821 -1.00 -1.00 0 6 0.1040 -0.9512 0.004700
781.00 C 20260821 -1.00 -1.00 1 49 0.1104 0.0442 0.004400
781.00 P 20260821 -1.00 -1.00 0 0 0.1035 -0.9557 0.004400
782.00 C 20260821 -1.00 -1.00 15 37 0.1103 0.0401 0.004000
782.00 P 20260821 -1.00 -1.00 0 1 0.1030 -0.9598 0.004000
783.00 C 20260821 -1.00 -1.00 0 38 0.1103 0.0364 0.003700
783.00 P 20260821 -1.00 -1.00 0 0 0.1022 -0.9635 0.003700
784.00 C 20260821 -1.00 -1.00 1 123 0.1105 0.0331 0.003400
784.00 P 20260821 -1.00 -1.00 0 0 0.1008 -0.9668 0.003400
785.00 C 20260821 -1.00 -1.00 14 263 0.1104 0.0301 0.003200
785.00 P 20260821 -1.00 -1.00 2 5 0.1000 -0.9698 0.003200
786.00 C 20260821 -1.00 -1.00 2 23 0.1105 0.0275 0.002900
786.00 P 20260821 -1.00 -1.00 0 2 0.0993 -0.9725 0.002900
787.00 C 20260821 -1.00 -1.00 5 20 0.1108 0.0251 0.002700
787.00 P 20260821 -1.00 -1.00 0 0 0.0973 -0.9749 0.002700
788.00 C 20260821 -1.00 -1.00 2 20 0.1115 0.0230 0.002500
788.00 P 20260821 -1.00 -1.00 0 0 0.0971 -0.9771 0.002500
789.00 C 20260821 -1.00 -1.00 1 24 0.1115 0.0210 0.002300
789.00 P 20260821 -1.00 -1.00 0 4 0.0955 -0.9790 0.002300
790.00 C 20260821 -1.00 -1.00 21 244 0.1117 0.0194 0.002200
790.00 P 20260821 -1.00 -1.00 3 7 0.0929 -0.9807 0.002200
791.00 C 20260821 -1.00 -1.00 2 37 0.1120 0.0178 0.002000
791.00 P 20260821 -1.00 -1.00 0 0 0.0956 -0.9822 0.002000
792.00 C 20260821 -1.00 -1.00 2 27 0.1127 0.0164 0.001800
792.00 P 20260821 -1.00 -1.00 0 2 0.0888 -0.9836 0.001900
793.00 C 20260821 -1.00 -1.00 0 26 0.1132 0.0152 0.001700
793.00 P 20260821 -1.00 -1.00 0 0 0.0798 -0.9848 0.001700
794.00 C 20260821 -1.00 -1.00 2 24 0.1136 0.0140 0.001600
794.00 P 20260821 -1.00 -1.00 0 0 -1.0000 -0.9860 0.001600
795.00 C 20260821 -1.00 -1.00 5 74 0.1147 0.0130 0.001500
795.00 P 20260821 -1.00 -1.00 0 1 -1.0000 -0.9870 0.001500
796.00 C 20260821 -1.00 -1.00 0 31 0.1157 0.0121 0.001400
796.00 P 20260821 -1.00 -1.00 0 0 -1.0000 -0.9879 0.001400
797.00 C 20260821 -1.00 -1.00 0 6 0.1167 0.0113 0.001300
797.00 P 20260821 -1.00 -1.00 0 1 -1.0000 -0.9887 0.001300
798.00 C 20260821 -1.00 -1.00 2 10 0.1176 0.0106 0.001200
798.00 P 20260821 -1.00 -1.00 0 11 -1.0000 -0.9894 0.001200
799.00 C 20260821 -1.00 -1.00 4 22 0.1183 0.0099 0.001100
799.00 P 20260821 -1.00 -1.00 0 0 -1.0000 -0.9901 0.001200
800.00 C 20260821 -1.00 -1.00 0 1085 0.1191 0.0093 0.001100
800.00 P 20260821 -1.00 -1.00 0 26 -1.0000 -0.9907 0.001100
805.00 C 20260821 -1.00 -1.00 7 1583 0.1242 0.0070 0.000800
805.00 P 20260821 -1.00 -1.00 0 6 -1.0000 -0.9930 0.000800
810.00 C 20260821 -1.00 -1.00 0 958 0.1297 0.0055 0.000600
810.00 P 20260821 -1.00 -1.00 0 8 -1.0000 -0.9945 0.000600
815.00 C 20260821 -1.00 -1.00 0 84 0.1343 0.0045 0.000500
815.00 P 20260821 -1.00 -1.00 0 6 -1.0000 -0.9955 0.000500
820.00 C 20260821 -1.00 -1.00 0 645 0.1375 0.0038 0.000400
820.00 P 20260821 -1.00 -1.00 0 2 -1.0000 -0.9962 0.000400
825.00 C 20260821 -1.00 -1.00 0 14 0.1450 0.0033 0.000400
825.00 P 20260821 -1.00 -1.00 0 0 -1.0000 -0.9967 0.000400
830.00 C 20260821 -1.00 -1.00 0 51 0.1525 0.0029 0.000300
830.00 P 20260821 -1.00 -1.00 0 1 -1.0000 -0.9971 0.000300
608.00 C 20260727 -1.00 -1.00 0 0 -1.0000 1.0000 0.000000
608.00 P 20260727 -1.00 -1.00 0 0 -1.0000 0.0000 0.000000
609.00 C 20260727 -1.00 -1.00 0 0 -1.0000 1.0000 0.000000
609.00 P 20260727 -1.00 -1.00 0 0 -1.0000 0.0000 0.000000
610.00 C 20260727 -1.00 -1.00 0 0 -1.0000 1.0000 0.000000
610.00 P 20260727 -1.00 -1.00 0 0 -1.0000 0.0000 0.000000
611.00 C 20260727 -1.00 -1.00 0 0 -1.0000 1.0000 0.000000
611.00 P 20260727 -1.00 -1.00 0 0 -1.0000 0.0000 0.000000
612.00 C 20260727 -1.00 -1.00 0 0 -1.0000 1.0000 0.000000
612.00 P 20260727 -1.00 -1.00 0 0 -1.0000 0.0000 0.000000
613.00 C 20260727 -1.00 -1.00 0 0 -1.0000 1.0000 0.000000
613.00 P 20260727 -1.00 -1.00 0 0 -1.0000 0.0000 0.000000
614.00 C 20260727 -1.00 -1.00 0 0 -1.0000 1.0000 0.000000
614.00 P 20260727 -1.00 -1.00 0 0 -1.0000 0.0000 0.000000
615.00 C 20260727 -1.00 -1.00 0 0 -1.0000 1.0000 0.000000
615.00 P 20260727 -1.00 -1.00 0 0 -1.0000 0.0000 0.000000
616.00 C 20260727 -1.00 -1.00 0 0 -1.0000 1.0000 0.000000
616.00 P 20260727 -1.00 -1.00 0 0 -1.0000 0.0000 0.000000
617.00 C 20260727 -1.00 -1.00 0 0 -1.0000 1.0000 0.000000
617.00 P 20260727 -1.00 -1.00 0 0 -1.0000 0.0000 0.000000
618.00 C 20260727 -1.00 -1.00 0 0 -1.0000 1.0000 0.000000
618.00 P 20260727 -1.00 -1.00 0 0 -1.0000 0.0000 0.000000
619.00 C 20260727 -1.00 -1.00 0 0 -1.0000 1.0000 0.000000
619.00 P 20260727 -1.00 -1.00 0 0 -1.0000 0.0000 0.000000
620.00 C 20260727 -1.00 -1.00 0 0 -1.0000 1.0000 0.000000
620.00 P 20260727 -1.00 -1.00 0 0 -1.0000 0.0000 0.000000
621.00 C 20260727 -1.00 -1.00 0 0 -1.0000 1.0000 0.000000
621.00 P 20260727 -1.00 -1.00 0 0 -1.0000 0.0000 0.000000
622.00 C 20260727 -1.00 -1.00 0 0 -1.0000 1.0000 0.000000
622.00 P 20260727 -1.00 -1.00 0 0 -1.0000 0.0000 0.000000
623.00 C 20260727 -1.00 -1.00 0 0 -1.0000 1.0000 0.000000
623.00 P 20260727 -1.00 -1.00 0 0 -1.0000 0.0000 0.000000
624.00 C 20260727 -1.00 -1.00 0 0 -1.0000 1.0000 0.000000
624.00 P 20260727 -1.00 -1.00 0 0 -1.0000 0.0000 0.000000
625.00 C 20260727 -1.00 -1.00 0 0 -1.0000 1.0000 0.000000
625.00 P 20260727 -1.00 -1.00 0 0 -1.0000 0.0000 0.000000
626.00 C 20260727 -1.00 -1.00 0 0 -1.0000 1.0000 0.000000
626.00 P 20260727 -1.00 -1.00 0 0 -1.0000 0.0000 0.000000
627.00 C 20260727 -1.00 -1.00 0 0 -1.0000 1.0000 0.000000
627.00 P 20260727 -1.00 -1.00 0 0 -1.0000 0.0000 0.000000
628.00 C 20260727 -1.00 -1.00 0 0 -1.0000 1.0000 0.000000
628.00 P 20260727 -1.00 -1.00 0 0 -1.0000 0.0000 0.000000
629.00 C 20260727 -1.00 -1.00 0 0 -1.0000 1.0000 0.000000
629.00 P 20260727 -1.00 -1.00 0 0 -1.0000 0.0000 0.000000
630.00 C 20260727 -1.00 -1.00 0 0 -1.0000 1.0000 0.000000
630.00 P 20260727 -1.00 -1.00 0 4 -1.0000 0.0000 0.000000
631.00 C 20260727 -1.00 -1.00 0 0 -1.0000 1.0000 0.000000
631.00 P 20260727 -1.00 -1.00 0 0 -1.0000 0.0000 0.000000
632.00 C 20260727 -1.00 -1.00 0 0 -1.0000 1.0000 0.000000
632.00 P 20260727 -1.00 -1.00 0 0 -1.0000 0.0000 0.000000
633.00 C 20260727 -1.00 -1.00 0 0 -1.0000 1.0000 0.000000
633.00 P 20260727 -1.00 -1.00 0 0 -1.0000 0.0000 0.000000
634.00 C 20260727 -1.00 -1.00 0 0 -1.0000 1.0000 0.000000
634.00 P 20260727 -1.00 -1.00 0 0 -1.0000 0.0000 0.000000
635.00 C 20260727 -1.00 -1.00 0 0 -1.0000 1.0000 0.000000
635.00 P 20260727 -1.00 -1.00 0 0 -1.0000 0.0000 0.000000
636.00 C 20260727 -1.00 -1.00 0 0 -1.0000 1.0000 0.000000
636.00 P 20260727 -1.00 -1.00 0 0 -1.0000 0.0000 0.000000
637.00 C 20260727 -1.00 -1.00 0 0 -1.0000 1.0000 0.000000
637.00 P 20260727 -1.00 -1.00 0 0 -1.0000 0.0000 0.000000
638.00 C 20260727 -1.00 -1.00 0 0 -1.0000 1.0000 0.000000
638.00 P 20260727 -1.00 -1.00 0 0 -1.0000 0.0000 0.000000
639.00 C 20260727 -1.00 -1.00 0 0 -1.0000 1.0000 0.000000
639.00 P 20260727 -1.00 -1.00 0 0 -1.0000 0.0000 0.000000
640.00 C 20260727 -1.00 -1.00 1 0 -1.0000 1.0000 0.000000
640.00 P 20260727 -1.00 -1.00 0 2 -1.0000 0.0000 0.000000
641.00 C 20260727 -1.00 -1.00 0 0 -1.0000 1.0000 0.000000
641.00 P 20260727 -1.00 -1.00 0 0 -1.0000 0.0000 0.000000
642.00 C 20260727 -1.00 -1.00 0 0 -1.0000 1.0000 0.000000
642.00 P 20260727 -1.00 -1.00 0 0 -1.0000 0.0000 0.000000
643.00 C 20260727 -1.00 -1.00 0 0 -1.0000 1.0000 0.000000
643.00 P 20260727 -1.00 -1.00 0 0 -1.0000 0.0000 0.000000
644.00 C 20260727 -1.00 -1.00 0 0 -1.0000 1.0000 0.000000
644.00 P 20260727 -1.00 -1.00 0 0 -1.0000 0.0000 0.000000
645.00 C 20260727 -1.00 -1.00 0 0 -1.0000 1.0000 0.000000
645.00 P 20260727 -1.00 -1.00 0 0 -1.0000 0.0000 0.000000
646.00 C 20260727 -1.00 -1.00 0 0 -1.0000 1.0000 0.000000
646.00 P 20260727 -1.00 -1.00 0 0 -1.0000 0.0000 0.000000
647.00 C 20260727 -1.00 -1.00 0 0 -1.0000 1.0000 0.000000
647.00 P 20260727 -1.00 -1.00 0 0 -1.0000 0.0000 0.000000
648.00 C 20260727 -1.00 -1.00 0 0 -1.0000 1.0000 0.000000
648.00 P 20260727 -1.00 -1.00 0 0 -1.0000 0.0000 0.000000
649.00 C 20260727 -1.00 -1.00 0 0 -1.0000 1.0000 0.000000
649.00 P 20260727 -1.00 -1.00 0 0 -1.0000 0.0000 0.000000
650.00 C 20260727 -1.00 -1.00 0 1 -1.0000 1.0000 0.000000
650.00 P 20260727 -1.00 -1.00 1 7 -1.0000 0.0000 0.000000
651.00 C 20260727 -1.00 -1.00 0 0 -1.0000 1.0000 0.000000
651.00 P 20260727 -1.00 -1.00 0 0 -1.0000 0.0000 0.000000
652.00 C 20260727 -1.00 -1.00 1 0 -1.0000 1.0000 0.000000
652.00 P 20260727 -1.00 -1.00 0 0 -1.0000 0.0000 0.000000
608.00 C 20260728 -1.00 -1.00 0 0 1.5600 0.9999 0.000000
608.00 P 20260728 -1.00 -1.00 0 0 1.1570 -0.0002 0.000000
609.00 C 20260728 -1.00 -1.00 0 0 1.5482 0.9999 0.000000
609.00 P 20260728 -1.00 -1.00 0 0 1.1480 -0.0002 0.000000
610.00 C 20260728 -1.00 -1.00 0 0 1.5365 0.9999 0.000000
610.00 P 20260728 -1.00 -1.00 0 4 1.1391 -0.0002 0.000000
611.00 C 20260728 -1.00 -1.00 0 0 1.5248 0.9999 0.000000
611.00 P 20260728 -1.00 -1.00 0 0 1.1302 -0.0002 0.000000
612.00 C 20260728 -1.00 -1.00 0 0 1.5132 0.9999 0.000000
612.00 P 20260728 -1.00 -1.00 0 0 1.1212 -0.0002 0.000000
613.00 C 20260728 -1.00 -1.00 0 0 1.5015 0.9999 0.000000
613.00 P 20260728 -1.00 -1.00 0 0 1.1123 -0.0002 0.000000
614.00 C 20260728 -1.00 -1.00 0 0 1.4898 0.9999 0.000000
614.00 P 20260728 -1.00 -1.00 0 0 1.1034 -0.0002 0.000000
615.00 C 20260728 -1.00 -1.00 0 0 1.4782 0.9999 0.000000
615.00 P 20260728 -1.00 -1.00 0 0 1.0945 -0.0002 0.000000
616.00 C 20260728 -1.00 -1.00 0 0 1.4666 0.9999 0.000000
616.00 P 20260728 -1.00 -1.00 0 0 1.0857 -0.0002 0.000000
617.00 C 20260728 -1.00 -1.00 0 0 1.4550 0.9999 0.000000
617.00 P 20260728 -1.00 -1.00 0 0 1.0768 -0.0002 0.000000
618.00 C 20260728 -1.00 -1.00 0 0 1.4433 0.9999 0.000000
618.00 P 20260728 -1.00 -1.00 0 0 1.0679 -0.0002 0.000000
619.00 C 20260728 -1.00 -1.00 0 0 1.4318 0.9999 0.000000
619.00 P 20260728 -1.00 -1.00 0 0 1.0591 -0.0002 0.000000
620.00 C 20260728 -1.00 -1.00 0 0 1.4202 0.9999 0.000000
620.00 P 20260728 -1.00 -1.00 0 1 1.0502 -0.0002 0.000000
621.00 C 20260728 -1.00 -1.00 0 0 1.4086 0.9998 0.000000
621.00 P 20260728 -1.00 -1.00 0 0 1.0414 -0.0003 0.000000
622.00 C 20260728 -1.00 -1.00 0 0 1.3971 0.9998 0.000000
622.00 P 20260728 -1.00 -1.00 0 0 1.0326 -0.0003 0.000000
623.00 C 20260728 -1.00 -1.00 0 0 1.3855 0.9998 0.000000
623.00 P 20260728 -1.00 -1.00 0 0 1.0238 -0.0003 0.000000
624.00 C 20260728 -1.00 -1.00 0 0 1.3804 0.9998 0.000000
624.00 P 20260728 -1.00 -1.00 0 0 1.0150 -0.0003 0.000000
625.00 C 20260728 -1.00 -1.00 0 0 1.3688 0.9998 0.000000
625.00 P 20260728 -1.00 -1.00 0 0 1.0062 -0.0003 0.000000
626.00 C 20260728 -1.00 -1.00 0 0 1.3572 0.9998 0.000000
626.00 P 20260728 -1.00 -1.00 0 0 0.9974 -0.0003 0.000000
627.00 C 20260728 -1.00 -1.00 0 0 1.3457 0.9998 0.000000
627.00 P 20260728 -1.00 -1.00 0 0 0.9886 -0.0003 0.000000
628.00 C 20260728 -1.00 -1.00 0 0 1.3342 0.9998 0.000000
628.00 P 20260728 -1.00 -1.00 0 0 0.9799 -0.0003 0.000000
629.00 C 20260728 -1.00 -1.00 0 0 1.3227 0.9998 0.000000
629.00 P 20260728 -1.00 -1.00 0 0 0.9711 -0.0003 0.000000
630.00 C 20260728 -1.00 -1.00 0 0 1.3112 0.9998 0.000000
630.00 P 20260728 -1.00 -1.00 0 3 0.9624 -0.0003 0.000000
631.00 C 20260728 -1.00 -1.00 0 0 1.2997 0.9998 0.000000
631.00 P 20260728 -1.00 -1.00 0 0 0.9537 -0.0003 0.000000
632.00 C 20260728 -1.00 -1.00 0 0 1.2882 0.9998 0.000000
632.00 P 20260728 -1.00 -1.00 0 0 0.9449 -0.0004 0.000000
633.00 C 20260728 -1.00 -1.00 0 0 1.2826 0.9998 0.000000
633.00 P 20260728 -1.00 -1.00 0 0 0.9362 -0.0004 0.000000
634.00 C 20260728 -1.00 -1.00 0 0 1.2711 0.9997 0.000000
634.00 P 20260728 -1.00 -1.00 0 0 0.9275 -0.0004 0.000000
635.00 C 20260728 -1.00 -1.00 0 0 1.2596 0.9997 0.000000
635.00 P 20260728 -1.00 -1.00 0 0 0.9188 -0.0004 0.000000
636.00 C 20260728 -1.00 -1.00 0 0 1.2482 0.9997 0.000000
636.00 P 20260728 -1.00 -1.00 0 0 0.9101 -0.0004 0.000000
637.00 C 20260728 -1.00 -1.00 0 0 1.2367 0.9997 0.000000
637.00 P 20260728 -1.00 -1.00 0 0 0.9015 -0.0004 0.000000
638.00 C 20260728 -1.00 -1.00 0 0 1.2253 0.9997 0.000000
638.00 P 20260728 -1.00 -1.00 0 0 0.8928 -0.0004 0.000000
639.00 C 20260728 -1.00 -1.00 0 0 1.2138 0.9997 0.000000
639.00 P 20260728 -1.00 -1.00 0 0 0.8841 -0.0004 0.000000
640.00 C 20260728 -1.00 -1.00 0 0 1.2024 0.9997 0.000000
640.00 P 20260728 -1.00 -1.00 0 0 0.8755 -0.0004 0.000000
641.00 C 20260728 -1.00 -1.00 0 0 1.1910 0.9997 0.000000
641.00 P 20260728 -1.00 -1.00 0 0 0.8668 -0.0004 0.000000
642.00 C 20260728 -1.00 -1.00 0 0 1.0835 0.9997 0.000000
642.00 P 20260728 -1.00 -1.00 0 0 0.8582 -0.0005 0.000000
643.00 C 20260728 -1.00 -1.00 0 0 1.0816 0.9996 0.000000
643.00 P 20260728 -1.00 -1.00 0 0 0.8496 -0.0005 0.000000
644.00 C 20260728 -1.00 -1.00 0 0 1.0708 0.9996 0.000000
644.00 P 20260728 -1.00 -1.00 0 0 0.8410 -0.0005 0.000000
645.00 C 20260728 -1.00 -1.00 0 0 1.0514 0.9996 0.000000
645.00 P 20260728 -1.00 -1.00 0 0 0.8323 -0.0005 0.000000
646.00 C 20260728 -1.00 -1.00 0 0 1.0492 0.9996 0.000100
646.00 P 20260728 -1.00 -1.00 0 0 0.8237 -0.0005 0.000100
647.00 C 20260728 -1.00 -1.00 0 0 1.0385 0.9996 0.000100
647.00 P 20260728 -1.00 -1.00 0 0 0.8151 -0.0005 0.000100
648.00 C 20260728 -1.00 -1.00 0 0 1.0277 0.9996 0.000100
648.00 P 20260728 -1.00 -1.00 0 0 0.8066 -0.0005 0.000100
649.00 C 20260728 -1.00 -1.00 0 0 1.0170 0.9996 0.000100
649.00 P 20260728 -1.00 -1.00 0 0 0.7980 -0.0006 0.000100
650.00 C 20260728 -1.00 -1.00 1 0 1.0063 0.9996 0.000100
650.00 P 20260728 -1.00 -1.00 0 4 0.7894 -0.0006 0.000100
651.00 C 20260728 -1.00 -1.00 0 0 0.9956 0.9995 0.000100
651.00 P 20260728 -1.00 -1.00 0 0 0.7808 -0.0006 0.000100
652.00 C 20260728 -1.00 -1.00 0 0 0.9849 0.9995 0.000100
652.00 P 20260728 -1.00 -1.00 0 0 0.7723 -0.0006 0.000100
610.00 C 20260729 -1.00 -1.00 0 0 1.0503 1.0000 0.000000
610.00 P 20260729 -1.00 -1.00 0 1 0.8051 -0.0001 0.000000
615.00 C 20260729 -1.00 -1.00 0 0 1.0094 1.0000 0.000000
615.00 P 20260729 -1.00 -1.00 0 0 0.7736 -0.0001 0.000000
620.00 C 20260729 -1.00 -1.00 0 0 0.9687 1.0000 0.000000
620.00 P 20260729 -1.00 -1.00 0 1 0.7423 -0.0002 0.000000
625.00 C 20260729 -1.00 -1.00 0 0 0.9339 0.9999 0.000000
625.00 P 20260729 -1.00 -1.00 0 0 0.7503 -0.0002 0.000000
630.00 C 20260729 -1.00 -1.00 0 0 0.8936 0.9999 0.000000
630.00 P 20260729 -1.00 -1.00 0 1 0.7179 -0.0003 0.000000
635.00 C 20260729 -1.00 -1.00 0 0 0.8535 0.9998 0.000000
635.00 P 20260729 -1.00 -1.00 0 0 0.6856 -0.0004 0.000000
640.00 C 20260729 -1.00 -1.00 0 2 0.8137 0.9998 0.000000
640.00 P 20260729 -1.00 -1.00 0 10 0.6535 -0.0004 0.000000
645.00 C 20260729 -1.00 -1.00 0 2 0.7024 0.9997 0.000100
645.00 P 20260729 -1.00 -1.00 0 0 0.6215 -0.0005 0.000100
650.00 C 20260729 -1.00 -1.00 0 0 0.6650 0.9996 0.000100
650.00 P 20260729 -1.00 -1.00 0 5 0.5898 -0.0006 0.000100
610.00 C 20260730 -1.00 -1.00 0 0 0.8538 0.9997 0.000000
610.00 P 20260730 -1.00 -1.00 0 0 0.6934 -0.0005 0.000000
615.00 C 20260730 -1.00 -1.00 0 0 0.8199 0.9996 0.000000
615.00 P 20260730 -1.00 -1.00 0 0 0.6665 -0.0006 0.000000
620.00 C 20260730 -1.00 -1.00 0 0 0.7862 0.9996 0.000000
620.00 P 20260730 -1.00 -1.00 0 3 0.6398 -0.0006 0.000000
625.00 C 20260730 -1.00 -1.00 0 0 0.7528 0.9995 0.000100
625.00 P 20260730 -1.00 -1.00 0 0 0.6132 -0.0007 0.000100
630.00 C 20260730 -1.00 -1.00 0 0 0.7287 0.9994 0.000100
630.00 P 20260730 -1.00 -1.00 0 15 0.5867 -0.0008 0.000100
635.00 C 20260730 -1.00 -1.00 0 0 0.6955 0.9992 0.000100
635.00 P 20260730 -1.00 -1.00 0 0 0.5604 -0.0010 0.000100
640.00 C 20260730 -1.00 -1.00 0 0 0.6626 0.9991 0.000100
640.00 P 20260730 -1.00 -1.00 0 2 0.5342 -0.0011 0.000100
645.00 C 20260730 -1.00 -1.00 0 0 0.5688 0.9989 0.000100
645.00 P 20260730 -1.00 -1.00 0 1 0.5081 -0.0013 0.000100
650.00 C 20260730 -1.00 -1.00 0 0 0.5374 0.9987 0.000100
650.00 P 20260730 -1.00 -1.00 0 3 0.4992 -0.0015 0.000100
610.00 C 20260731 -1.00 -1.00 0 2 0.7491 0.9992 0.000100
610.00 P 20260731 -1.00 -1.00 0 535 0.6012 -0.0010 0.000100
615.00 C 20260731 -1.00 -1.00 0 1 0.7221 0.9991 0.000100
615.00 P 20260731 -1.00 -1.00 0 127 0.5779 -0.0011 0.000100
620.00 C 20260731 -1.00 -1.00 0 6 0.6913 0.9990 0.000100
620.00 P 20260731 -1.00 -1.00 0 121 0.5736 -0.0012 0.000100
621.00 C 20260731 -1.00 -1.00 0 0 -1.0000 0.9990 0.000100
621.00 P 20260731 -1.00 -1.00 0 4 0.5501 -0.0012 0.000100
622.00 C 20260731 -1.00 -1.00 0 0 0.6829 0.9989 0.000100
622.00 P 20260731 -1.00 -1.00 0 2 0.5641 -0.0013 0.000100
623.00 C 20260731 -1.00 -1.00 0 0 -1.0000 0.9989 0.000100
623.00 P 20260731 -1.00 -1.00 0 2 0.5593 -0.0013 0.000100
624.00 C 20260731 -1.00 -1.00 0 0 0.6744 0.9988 0.000100
624.00 P 20260731 -1.00 -1.00 0 11 0.5546 -0.0013 0.000100
625.00 C 20260731 -1.00 -1.00 0 0 0.6683 0.9988 0.000100
625.00 P 20260731 -1.00 -1.00 0 17 0.5499 -0.0014 0.000100
626.00 C 20260731 -1.00 -1.00 0 0 0.6622 0.9988 0.000100
626.00 P 20260731 -1.00 -1.00 0 3 0.5452 -0.0014 0.000100
627.00 C 20260731 -1.00 -1.00 0 0 0.6561 0.9987 0.000100
627.00 P 20260731 -1.00 -1.00 0 4 0.5404 -0.0014 0.000100
628.00 C 20260731 -1.00 -1.00 0 0 0.6501 0.9987 0.000100
628.00 P 20260731 -1.00 -1.00 0 1 0.5357 -0.0015 0.000100
629.00 C 20260731 -1.00 -1.00 0 0 0.6440 0.9987 0.000100
629.00 P 20260731 -1.00 -1.00 0 2 0.5310 -0.0015 0.000100
630.00 C 20260731 -1.00 -1.00 0 3 0.6415 0.9986 0.000100
630.00 P 20260731 -1.00 -1.00 7 148 0.5398 -0.0016 0.000100
631.00 C 20260731 -1.00 -1.00 0 2 0.6354 0.9986 0.000100
631.00 P 20260731 -1.00 -1.00 0 0 0.5349 -0.0016 0.000100
632.00 C 20260731 -1.00 -1.00 0 0 0.6294 0.9986 0.000100
632.00 P 20260731 -1.00 -1.00 0 21 0.5301 -0.0016 0.000100
633.00 C 20260731 -1.00 -1.00 0 0 0.6267 0.9985 0.000100
633.00 P 20260731 -1.00 -1.00 0 2 0.5252 -0.0017 0.000100
634.00 C 20260731 -1.00 -1.00 0 0 -1.0000 0.9985 0.000100
634.00 P 20260731 -1.00 -1.00 0 80 0.5204 -0.0018 0.000100
635.00 C 20260731 -1.00 -1.00 0 1 -1.0000 0.9984 0.000100
635.00 P 20260731 -1.00 -1.00 0 101 0.5156 -0.0018 0.000100
636.00 C 20260731 -1.00 -1.00 0 1 -1.0000 0.9984 0.000100
636.00 P 20260731 -1.00 -1.00 0 142 0.5108 -0.0018 0.000100
637.00 C 20260731 -1.00 -1.00 0 0 0.6027 0.9983 0.000100
637.00 P 20260731 -1.00 -1.00 0 3 0.5060 -0.0019 0.000100
638.00 C 20260731 -1.00 -1.00 0 0 0.5967 0.9983 0.000200
638.00 P 20260731 -1.00 -1.00 0 7 0.5012 -0.0020 0.000200
639.00 C 20260731 -1.00 -1.00 0 0 0.5939 0.9982 0.000200
639.00 P 20260731 -1.00 -1.00 0 7 0.4965 -0.0020 0.000200
640.00 C 20260731 -1.00 -1.00 0 1 -1.0000 0.9982 0.000200
640.00 P 20260731 -1.00 -1.00 0 106 0.4917 -0.0021 0.000200
641.00 C 20260731 -1.00 -1.00 0 1 -1.0000 0.9981 0.000200
641.00 P 20260731 -1.00 -1.00 0 0 0.4870 -0.0021 0.000200
642.00 C 20260731 -1.00 -1.00 0 0 0.5791 0.9980 0.000200
642.00 P 20260731 -1.00 -1.00 0 52 0.4822 -0.0022 0.000200
643.00 C 20260731 -1.00 -1.00 0 1 0.5153 0.9980 0.000200
643.00 P 20260731 -1.00 -1.00 0 62 0.4774 -0.0022 0.000200
644.00 C 20260731 -1.00 -1.00 0 0 0.5093 0.9979 0.000200
644.00 P 20260731 -1.00 -1.00 0 12 0.4826 -0.0023 0.000200
645.00 C 20260731 -1.00 -1.00 0 4 0.5034 0.9978 0.000200
645.00 P 20260731 -1.00 -1.00 0 179 0.4777 -0.0024 0.000200
646.00 C 20260731 -1.00 -1.00 0 0 0.4975 0.9978 0.000200
646.00 P 20260731 -1.00 -1.00 0 16 0.4729 -0.0024 0.000200
647.00 C 20260731 -1.00 -1.00 0 0 0.4975 0.9977 0.000200
647.00 P 20260731 -1.00 -1.00 0 15 0.4681 -0.0025 0.000200
648.00 C 20260731 -1.00 -1.00 0 0 0.4916 0.9976 0.000200
648.00 P 20260731 -1.00 -1.00 0 68 0.4633 -0.0026 0.000200
649.00 C 20260731 -1.00 -1.00 0 1 0.4912 0.9976 0.000200
649.00 P 20260731 -1.00 -1.00 0 22 0.4586 -0.0026 0.000200
650.00 C 20260731 -1.00 -1.00 0 47 0.4798 0.9975 0.000200
650.00 P 20260731 -1.00 -1.00 10 61 0.4619 -0.0027 0.000200
651.00 C 20260731 -1.00 -1.00 0 1 0.4795 0.9974 0.000200
651.00 P 20260731 -1.00 -1.00 0 4 0.4567 -0.0028 0.000200
652.00 C 20260731 -1.00 -1.00 0 0 0.4736 0.9973 0.000200
652.00 P 20260731 -1.00 -1.00 0 64 0.4518 -0.0029 0.000200
610.00 C 20260803 -1.00 -1.00 0 0 0.5817 0.9986 0.000100
610.00 P 20260803 -1.00 -1.00 0 0 0.4815 -0.0016 0.000100
615.00 C 20260803 -1.00 -1.00 0 0 0.5604 0.9984 0.000100
615.00 P 20260803 -1.00 -1.00 0 0 0.4723 -0.0018 0.000100
620.00 C 20260803 -1.00 -1.00 0 0 0.5392 0.9981 0.000100
620.00 P 20260803 -1.00 -1.00 0 4 0.4536 -0.0021 0.000100
625.00 C 20260803 -1.00 -1.00 0 0 0.5180 0.9979 0.000200
625.00 P 20260803 -1.00 -1.00 0 0 0.4424 -0.0023 0.000200
630.00 C 20260803 -1.00 -1.00 0 3 0.4992 0.9976 0.000200
630.00 P 20260803 -1.00 -1.00 0 0 0.4239 -0.0026 0.000200
635.00 C 20260803 -1.00 -1.00 0 0 0.4781 0.9972 0.000200
635.00 P 20260803 -1.00 -1.00 0 0 0.4108 -0.0030 0.000200
640.00 C 20260803 -1.00 -1.00 0 0 0.4570 0.9968 0.000200
640.00 P 20260803 -1.00 -1.00 0 3 0.3973 -0.0034 0.000200
645.00 C 20260803 -1.00 -1.00 0 1 0.4105 0.9963 0.000300
645.00 P 20260803 -1.00 -1.00 1 0 0.3830 -0.0039 0.000300
650.00 C 20260803 -1.00 -1.00 0 28 0.3907 0.9957 0.000300
650.00 P 20260803 -1.00 -1.00 0 5 0.3639 -0.0045 0.000300
610.00 C 20260804 -1.00 -1.00 0 0 0.5582 0.9979 0.000100
610.00 P 20260804 -1.00 -1.00 0 0 0.4741 -0.0023 0.000100
615.00 C 20260804 -1.00 -1.00 0 0 0.5354 0.9976 0.000100
615.00 P 20260804 -1.00 -1.00 0 0 0.4560 -0.0025 0.000200
620.00 C 20260804 -1.00 -1.00 0 0 0.5170 0.9973 0.000200
620.00 P 20260804 -1.00 -1.00 0 0 0.4437 -0.0028 0.000200
625.00 C 20260804 -1.00 -1.00 0 0 0.4984 0.9970 0.000200
625.00 P 20260804 -1.00 -1.00 0 0 0.4306 -0.0032 0.000200
630.00 C 20260804 -1.00 -1.00 0 0 0.4798 0.9966 0.000200
630.00 P 20260804 -1.00 -1.00 0 0 0.4124 -0.0036 0.000200
635.00 C 20260804 -1.00 -1.00 0 0 0.4593 0.9961 0.000300
635.00 P 20260804 -1.00 -1.00 0 0 0.4026 -0.0041 0.000300
640.00 C 20260804 -1.00 -1.00 0 0 0.4406 0.9955 0.000300
640.00 P 20260804 -1.00 -1.00 0 6 0.3844 -0.0047 0.000300
645.00 C 20260804 -1.00 -1.00 0 0 0.4027 0.9948 0.000400
645.00 P 20260804 -1.00 -1.00 0 0 0.3728 -0.0053 0.000400
650.00 C 20260804 -1.00 -1.00 0 0 0.3868 0.9940 0.000400
650.00 P 20260804 -1.00 -1.00 0 7 0.3600 -0.0062 0.000400
610.00 C 20260805 -1.00 -1.00 0 0 0.5397 0.9971 0.000200
610.00 P 20260805 -1.00 -1.00 0 0 0.4629 -0.0031 0.000200
615.00 C 20260805 -1.00 -1.00 0 0 0.5213 0.9967 0.000200
615.00 P 20260805 -1.00 -1.00 0 0 0.4498 -0.0034 0.000200
620.00 C 20260805 -1.00 -1.00 0 0 0.5013 0.9963 0.000200
620.00 P 20260805 -1.00 -1.00 0 0 0.4322 -0.0038 0.000200
625.00 C 20260805 -1.00 -1.00 0 0 0.4844 0.9958 0.000300
625.00 P 20260805 -1.00 -1.00 0 0 0.4221 -0.0043 0.000300
630.00 C 20260805 -1.00 -1.00 0 0 0.4674 0.9952 0.000300
630.00 P 20260805 -1.00 -1.00 0 0 0.4106 -0.0050 0.000300
635.00 C 20260805 -1.00 -1.00 0 0 0.4488 0.9945 0.000400
635.00 P 20260805 -1.00 -1.00 0 0 0.3928 -0.0056 0.000300
640.00 C 20260805 -1.00 -1.00 0 0 0.4302 0.9937 0.000400
640.00 P 20260805 -1.00 -1.00 0 0 0.3804 -0.0064 0.000400
645.00 C 20260805 -1.00 -1.00 0 0 0.3967 0.9928 0.000500
645.00 P 20260805 -1.00 -1.00 0 0 0.3672 -0.0073 0.000500
650.00 C 20260805 -1.00 -1.00 0 0 0.3802 0.9918 0.000600
650.00 P 20260805 -1.00 -1.00 2 19 0.3532 -0.0084 0.000600
610.00 C 20260806 -1.00 -1.00 0 0 0.5163 0.9962 0.000200
610.00 P 20260806 -1.00 -1.00 0 0 0.4512 -0.0039 0.000200
615.00 C 20260806 -1.00 -1.00 0 0 0.5000 0.9957 0.000200
615.00 P 20260806 -1.00 -1.00 0 0 0.4379 -0.0044 0.000200
620.00 C 20260806 -1.00 -1.00 0 0 0.4835 0.9952 0.000300
620.00 P 20260806 -1.00 -1.00 0 0 0.4240 -0.0050 0.000300
625.00 C 20260806 -1.00 -1.00 0 0 0.4656 0.9945 0.000300
625.00 P 20260806 -1.00 -1.00 0 0 0.4125 -0.0056 0.000300
630.00 C 20260806 -1.00 -1.00 0 0 0.4489 0.9938 0.000400
630.00 P 20260806 -1.00 -1.00 1 7 0.4003 -0.0063 0.000400
635.00 C 20260806 -1.00 -1.00 0 0 0.4321 0.9930 0.000400
635.00 P 20260806 -1.00 -1.00 2 0 0.3875 -0.0071 0.000400
640.00 C 20260806 -1.00 -1.00 0 0 0.4163 0.9920 0.000500
640.00 P 20260806 -1.00 -1.00 0 1 0.3742 -0.0081 0.000500
645.00 C 20260806 -1.00 -1.00 0 0 0.3854 0.9909 0.000600
645.00 P 20260806 -1.00 -1.00 0 0 0.3621 -0.0092 0.000600
650.00 C 20260806 -1.00 -1.00 0 0 0.3701 0.9896 0.000600
650.00 P 20260806 -1.00 -1.00 0 6 0.3490 -0.0105 0.000600
610.00 C 20260807 -1.00 -1.00 0 0 0.5030 0.9952 0.000200
610.00 P 20260807 -1.00 -1.00 0 7 0.4437 -0.0049 0.000200
615.00 C 20260807 -1.00 -1.00 0 0 0.4865 0.9946 0.000300
615.00 P 20260807 -1.00 -1.00 0 2 0.4323 -0.0055 0.000300
620.00 C 20260807 -1.00 -1.00 0 0 0.4711 0.9940 0.000300
620.00 P 20260807 -1.00 -1.00 1 18 0.4204 -0.0062 0.000300
623.00 C 20260807 -1.00 -1.00 0 0 0.4613 0.9935 0.000400
623.00 P 20260807 -1.00 -1.00 0 0 0.4125 -0.0066 0.000400
624.00 C 20260807 -1.00 -1.00 0 0 0.4572 0.9934 0.000400
624.00 P 20260807 -1.00 -1.00 0 0 0.4110 -0.0068 0.000400
625.00 C 20260807 -1.00 -1.00 0 0 0.4555 0.9932 0.000400
625.00 P 20260807 -1.00 -1.00 0 20 0.4078 -0.0069 0.000400
626.00 C 20260807 -1.00 -1.00 0 0 0.4514 0.9930 0.000400
626.00 P 20260807 -1.00 -1.00 0 0 0.4045 -0.0071 0.000400
627.00 C 20260807 -1.00 -1.00 0 0 0.4485 0.9929 0.000400
627.00 P 20260807 -1.00 -1.00 0 0 0.4030 -0.0073 0.000400
628.00 C 20260807 -1.00 -1.00 0 0 0.4456 0.9927 0.000400
628.00 P 20260807 -1.00 -1.00 0 0 0.4016 -0.0074 0.000400
629.00 C 20260807 -1.00 -1.00 0 0 0.4415 0.9925 0.000400
629.00 P 20260807 -1.00 -1.00 0 0 0.3981 -0.0076 0.000400
630.00 C 20260807 -1.00 -1.00 0 0 0.4397 0.9923 0.000400
630.00 P 20260807 -1.00 -1.00 0 22 0.3949 -0.0078 0.000400
631.00 C 20260807 -1.00 -1.00 0 0 0.4356 0.9921 0.000400
631.00 P 20260807 -1.00 -1.00 0 0 0.3933 -0.0080 0.000400
632.00 C 20260807 -1.00 -1.00 0 0 0.4327 0.9920 0.000400
632.00 P 20260807 -1.00 -1.00 0 0 0.3916 -0.0082 0.000400
633.00 C 20260807 -1.00 -1.00 0 0 0.4297 0.9918 0.000400
633.00 P 20260807 -1.00 -1.00 0 0 0.3882 -0.0084 0.000400
634.00 C 20260807 -1.00 -1.00 0 0 0.4267 0.9915 0.000500
634.00 P 20260807 -1.00 -1.00 0 0 0.3849 -0.0086 0.000500
635.00 C 20260807 -1.00 -1.00 0 0 0.4237 0.9913 0.000500
635.00 P 20260807 -1.00 -1.00 0 30 0.3832 -0.0088 0.000500
636.00 C 20260807 -1.00 -1.00 0 0 0.4207 0.9911 0.000500
636.00 P 20260807 -1.00 -1.00 0 0 0.3812 -0.0090 0.000500
637.00 C 20260807 -1.00 -1.00 0 0 0.4167 0.9909 0.000500
637.00 P 20260807 -1.00 -1.00 0 0 0.3780 -0.0092 0.000500
638.00 C 20260807 -1.00 -1.00 0 0 0.4136 0.9907 0.000500
638.00 P 20260807 -1.00 -1.00 0 0 0.3761 -0.0095 0.000500
639.00 C 20260807 -1.00 -1.00 0 0 0.4106 0.9904 0.000500
639.00 P 20260807 -1.00 -1.00 0 0 0.3742 -0.0097 0.000500
640.00 C 20260807 -1.00 -1.00 0 0 0.4085 0.9902 0.000600
640.00 P 20260807 -1.00 -1.00 0 22 0.3707 -0.0100 0.000600
641.00 C 20260807 -1.00 -1.00 0 0 0.4045 0.9899 0.000600
641.00 P 20260807 -1.00 -1.00 0 0 0.3688 -0.0102 0.000600
642.00 C 20260807 -1.00 -1.00 0 0 0.4024 0.9897 0.000600
642.00 P 20260807 -1.00 -1.00 0 0 0.3668 -0.0105 0.000600
643.00 C 20260807 -1.00 -1.00 0 0 0.3855 0.9894 0.000600
643.00 P 20260807 -1.00 -1.00 0 0 0.3633 -0.0107 0.000600
644.00 C 20260807 -1.00 -1.00 0 0 0.3816 0.9891 0.000600
644.00 P 20260807 -1.00 -1.00 0 0 0.3614 -0.0110 0.000600
645.00 C 20260807 -1.00 -1.00 0 0 0.3797 0.9888 0.000600
645.00 P 20260807 -1.00 -1.00 0 9 0.3592 -0.0113 0.000600
646.00 C 20260807 -1.00 -1.00 0 0 0.3758 0.9886 0.000600
646.00 P 20260807 -1.00 -1.00 0 0 0.3556 -0.0116 0.000700
647.00 C 20260807 -1.00 -1.00 0 0 0.3738 0.9883 0.000700
647.00 P 20260807 -1.00 -1.00 0 0 0.3537 -0.0119 0.000700
648.00 C 20260807 -1.00 -1.00 0 0 0.3699 0.9880 0.000700
648.00 P 20260807 -1.00 -1.00 0 0 0.3513 -0.0122 0.000700
649.00 C 20260807 -1.00 -1.00 0 0 0.3679 0.9876 0.000700
649.00 P 20260807 -1.00 -1.00 0 0 0.3492 -0.0125 0.000700
650.00 C 20260807 -1.00 -1.00 0 0 0.3649 0.9873 0.000700
650.00 P 20260807 -1.00 -1.00 3 86 0.3468 -0.0128 0.000700
651.00 C 20260807 -1.00 -1.00 0 0 0.3619 0.9870 0.000800
651.00 P 20260807 -1.00 -1.00 0 0 0.3445 -0.0132 0.000800
652.00 C 20260807 -1.00 -1.00 0 0 0.3589 0.9866 0.000800
652.00 P 20260807 -1.00 -1.00 0 0 0.3422 -0.0135 0.000800
610.00 C 20260810 -1.00 -1.00 0 0 0.4491 0.9936 0.000300
610.00 P 20260810 -1.00 -1.00 0 1 0.4088 -0.0066 0.000300
620.00 C 20260810 -1.00 -1.00 0 0 0.4222 0.9920 0.000400
620.00 P 20260810 -1.00 -1.00 0 0 0.3870 -0.0082 0.000400
630.00 C 20260810 -1.00 -1.00 0 0 0.3937 0.9900 0.000500
630.00 P 20260810 -1.00 -1.00 0 1 0.3649 -0.0101 0.000500
640.00 C 20260810 -1.00 -1.00 0 0 0.3678 0.9874 0.000700
640.00 P 20260810 -1.00 -1.00 0 7 0.3421 -0.0127 0.000600
650.00 C 20260810 -1.00 -1.00 0 0 0.3320 0.9840 0.000900
650.00 P 20260810 -1.00 -1.00 0 3 0.3200 -0.0161 0.000900
610.00 C 20260811 -1.00 -1.00 0 0 0.4506 0.9924 0.000400
610.00 P 20260811 -1.00 -1.00 0 0 0.4039 -0.0077 0.000400
620.00 C 20260811 -1.00 -1.00 0 0 0.4226 0.9906 0.000400
620.00 P 20260811 -1.00 -1.00 0 2 0.3828 -0.0096 0.000400
630.00 C 20260811 -1.00 -1.00 0 0 0.3948 0.9883 0.000600
630.00 P 20260811 -1.00 -1.00 0 0 0.3611 -0.0118 0.000600
640.00 C 20260811 -1.00 -1.00 0 0 0.3684 0.9854 0.000700
640.00 P 20260811 -1.00 -1.00 0 0 0.3404 -0.0148 0.000700
650.00 C 20260811 -1.00 -1.00 0 0 0.3421 0.9815 0.001000
650.00 P 20260811 -1.00 -1.00 10 4 0.3181 -0.0187 0.001000
610.00 C 20260812 -1.00 -1.00 0 0 0.4446 0.9909 0.000400
610.00 P 20260812 -1.00 -1.00 0 1 0.4031 -0.0092 0.000400
620.00 C 20260812 -1.00 -1.00 0 0 0.4173 0.9888 0.000500
620.00 P 20260812 -1.00 -1.00 0 0 0.3820 -0.0112 0.000500
630.00 C 20260812 -1.00 -1.00 0 0 0.3914 0.9862 0.000600
630.00 P 20260812 -1.00 -1.00 0 0 0.3610 -0.0139 0.000600
640.00 C 20260812 -1.00 -1.00 0 0 0.3646 0.9829 0.000800
640.00 P 20260812 -1.00 -1.00 0 6 0.3397 -0.0172 0.000800
650.00 C 20260812 -1.00 -1.00 0 0 0.3271 0.9786 0.001000
650.00 P 20260812 -1.00 -1.00 1 2 0.3184 -0.0216 0.001000
610.00 C 20260813 -1.00 -1.00 0 0 0.4376 0.9894 0.000400
610.00 P 20260813 -1.00 -1.00 0 2 0.4000 -0.0106 0.000400
620.00 C 20260813 -1.00 -1.00 0 0 0.4116 0.9872 0.000500
620.00 P 20260813 -1.00 -1.00 0 4 0.3791 -0.0129 0.000500
630.00 C 20260813 -1.00 -1.00 0 0 0.3862 0.9843 0.000700
630.00 P 20260813 -1.00 -1.00 0 1 0.3583 -0.0158 0.000700
640.00 C 20260813 -1.00 -1.00 0 0 0.3604 0.9807 0.000900
640.00 P 20260813 -1.00 -1.00 0 6 0.3378 -0.0194 0.000900
650.00 C 20260813 -1.00 -1.00 0 0 0.3248 0.9759 0.001100
650.00 P 20260813 -1.00 -1.00 0 5 0.3169 -0.0241 0.001100
610.00 C 20260814 -1.00 -1.00 0 1 0.4300 0.9881 0.000500
610.00 P 20260814 -1.00 -1.00 0 133 0.3976 -0.0120 0.000500
615.00 C 20260814 -1.00 -1.00 0 0 0.4176 0.9870 0.000500
615.00 P 20260814 -1.00 -1.00 0 3 0.3870 -0.0132 0.000500
620.00 C 20260814 -1.00 -1.00 0 0 0.4044 0.9856 0.000600
620.00 P 20260814 -1.00 -1.00 0 8 0.3777 -0.0145 0.000600
625.00 C 20260814 -1.00 -1.00 0 0 0.3923 0.9842 0.000600
625.00 P 20260814 -1.00 -1.00 4 6 0.3663 -0.0159 0.000600
630.00 C 20260814 -1.00 -1.00 0 0 0.3800 0.9826 0.000700
630.00 P 20260814 -1.00 -1.00 0 21 0.3561 -0.0176 0.000700
635.00 C 20260814 -1.00 -1.00 0 0 0.3679 0.9807 0.000800
635.00 P 20260814 -1.00 -1.00 0 4 0.3467 -0.0194 0.000800
640.00 C 20260814 -1.00 -1.00 0 0 0.3555 0.9786 0.000900
640.00 P 20260814 -1.00 -1.00 5 53 0.3355 -0.0215 0.000900
645.00 C 20260814 -1.00 -1.00 0 0 0.3327 0.9762 0.001000
645.00 P 20260814 -1.00 -1.00 0 35 0.3254 -0.0239 0.001000
650.00 C 20260814 -1.00 -1.00 0 0 0.3219 0.9734 0.001200
650.00 P 20260814 -1.00 -1.00 0 142 0.3150 -0.0267 0.001200
652.00 C 20260814 -1.00 -1.00 0 0 0.3174 0.9722 0.001200
652.00 P 20260814 -1.00 -1.00 0 0 0.3109 -0.0279 0.001200
610.00 C 20260817 -1.00 -1.00 0 0 0.4047 0.9865 0.000500
610.00 P 20260817 -1.00 -1.00 0 0 0.3780 -0.0135 0.000500
620.00 C 20260817 -1.00 -1.00 0 0 0.3813 0.9838 0.000600
620.00 P 20260817 -1.00 -1.00 1 1 0.3574 -0.0163 0.000600
630.00 C 20260817 -1.00 -1.00 0 0 0.3587 0.9804 0.000800
630.00 P 20260817 -1.00 -1.00 0 4 0.3380 -0.0197 0.000800
640.00 C 20260817 -1.00 -1.00 0 0 0.3360 0.9761 0.001000
640.00 P 20260817 -1.00 -1.00 0 4 0.3186 -0.0240 0.001000
650.00 C 20260817 -1.00 -1.00 0 0 0.3052 0.9704 0.001300
650.00 P 20260817 -1.00 -1.00 0 3 0.2997 -0.0297 0.001300
610.00 C 20260818 -1.00 -1.00 0 0 0.4004 0.9851 0.000600
610.00 P 20260818 -1.00 -1.00 0 4 0.3749 -0.0150 0.000600
620.00 C 20260818 -1.00 -1.00 0 0 0.3779 0.9822 0.000700
620.00 P 20260818 -1.00 -1.00 0 0 0.3566 -0.0179 0.000700
630.00 C 20260818 -1.00 -1.00 0 0 0.3551 0.9786 0.000800
630.00 P 20260818 -1.00 -1.00 0 5 0.3372 -0.0215 0.000800
640.00 C 20260818 -1.00 -1.00 0 0 0.3335 0.9740 0.001000
640.00 P 20260818 -1.00 -1.00 0 3 0.3177 -0.0261 0.001000
650.00 C 20260818 -1.00 -1.00 0 0 0.3122 0.9679 0.001300
650.00 P 20260818 -1.00 -1.00 0 33 0.2993 -0.0321 0.001300
610.00 C 20260819 -1.00 -1.00 0 0 0.3906 0.9838 0.000600
610.00 P 20260819 -1.00 -1.00 0 0 0.3739 -0.0161 0.000600
620.00 C 20260819 -1.00 -1.00 0 0 0.3697 0.9807 0.000700
620.00 P 20260819 -1.00 -1.00 0 4 0.3554 -0.0193 0.000700
630.00 C 20260819 -1.00 -1.00 0 0 0.3481 0.9769 0.000900
630.00 P 20260819 -1.00 -1.00 0 1 0.3360 -0.0232 0.000900
640.00 C 20260819 -1.00 -1.00 0 0 0.3256 0.9720 0.001100
640.00 P 20260819 -1.00 -1.00 0 0 0.3169 -0.0281 0.001100
650.00 C 20260819 -1.00 -1.00 0 0 0.3061 0.9656 0.001400
650.00 P 20260819 -1.00 -1.00 0 9 0.2983 -0.0345 0.001400
610.00 C 20260820 -1.00 -1.00 0 0 0.3882 0.9825 0.000600
610.00 P 20260820 -1.00 -1.00 2 2 0.3718 -0.0176 0.000600
620.00 C 20260820 -1.00 -1.00 0 0 0.3673 0.9792 0.000700
620.00 P 20260820 -1.00 -1.00 2 6 0.3535 -0.0208 0.000700
630.00 C 20260820 -1.00 -1.00 0 0 0.3463 0.9751 0.000900
630.00 P 20260820 -1.00 -1.00 2 2 0.3343 -0.0249 0.000900
640.00 C 20260820 -1.00 -1.00 0 0 0.3253 0.9699 0.001100
640.00 P 20260820 -1.00 -1.00 0 0 0.3155 -0.0302 0.001100
650.00 C 20260820 -1.00 -1.00 0 0 0.3049 0.9630 0.001400
650.00 P 20260820 -1.00 -1.00 1 0 0.2972 -0.0370 0.001400
608.00 C 20260821 -1.00 -1.00 0 1 0.3728 0.9820 0.000600
608.00 P 20260821 -1.00 -1.00 0 0 0.3730 -0.0180 0.000600
609.00 C 20260821 -1.00 -1.00 0 2 0.3703 0.9817 0.000600
609.00 P 20260821 -1.00 -1.00 0 0 0.3715 -0.0184 0.000600
610.00 C 20260821 -1.00 -1.00 0 10 0.3679 0.9814 0.000600
610.00 P 20260821 -1.00 -1.00 0 130 0.3689 -0.0187 0.000600
611.00 C 20260821 -1.00 -1.00 0 0 0.3655 0.9810 0.000600
611.00 P 20260821 -1.00 -1.00 0 86 0.3674 -0.0190 0.000600
612.00 C 20260821 -1.00 -1.00 0 0 0.3630 0.9807 0.000700
612.00 P 20260821 -1.00 -1.00 0 0 0.3658 -0.0193 0.000700
613.00 C 20260821 -1.00 -1.00 0 0 0.3606 0.9804 0.000700
613.00 P 20260821 -1.00 -1.00 0 4 0.3632 -0.0196 0.000700
614.00 C 20260821 -1.00 -1.00 0 0 0.3581 0.9801 0.000700
614.00 P 20260821 -1.00 -1.00 0 7 0.3617 -0.0200 0.000700
615.00 C 20260821 -1.00 -1.00 0 1 0.3557 0.9797 0.000700
615.00 P 20260821 -1.00 -1.00 0 42 0.3601 -0.0203 0.000700
616.00 C 20260821 -1.00 -1.00 0 0 0.3533 0.9794 0.000700
616.00 P 20260821 -1.00 -1.00 0 2 0.3580 -0.0207 0.000700
617.00 C 20260821 -1.00 -1.00 0 0 0.3508 0.9790 0.000700
617.00 P 20260821 -1.00 -1.00 0 8 0.3558 -0.0210 0.000700
618.00 C 20260821 -1.00 -1.00 0 0 0.3484 0.9786 0.000700
618.00 P 20260821 -1.00 -1.00 0 1 0.3542 -0.0214 0.000700
619.00 C 20260821 -1.00 -1.00 0 0 0.3459 0.9783 0.000800
619.00 P 20260821 -1.00 -1.00 0 2 0.3525 -0.0217 0.000800
620.00 C 20260821 -1.00 -1.00 0 7 0.3435 0.9779 0.000800
620.00 P 20260821 -1.00 -1.00 2 59 0.3509 -0.0221 0.000800
621.00 C 20260821 -1.00 -1.00 0 0 0.3416 0.9775 0.000800
621.00 P 20260821 -1.00 -1.00 0 4 0.3487 -0.0225 0.000800
622.00 C 20260821 -1.00 -1.00 0 1 0.3391 0.9771 0.000800
622.00 P 20260821 -1.00 -1.00 0 2 0.3465 -0.0229 0.000800
623.00 C 20260821 -1.00 -1.00 0 1 0.3367 0.9767 0.000800
623.00 P 20260821 -1.00 -1.00 0 3 0.3448 -0.0233 0.000800
624.00 C 20260821 -1.00 -1.00 0 0 0.3342 0.9763 0.000800
624.00 P 20260821 -1.00 -1.00 0 10 0.3431 -0.0238 0.000800
625.00 C 20260821 -1.00 -1.00 0 26 0.3318 0.9758 0.000800
625.00 P 20260821 -1.00 -1.00 0 817 0.3413 -0.0242 0.000800
626.00 C 20260821 -1.00 -1.00 0 15 0.3293 0.9754 0.000900
626.00 P 20260821 -1.00 -1.00 0 9 0.3395 -0.0246 0.000900
627.00 C 20260821 -1.00 -1.00 0 0 0.3274 0.9750 0.000900
627.00 P 20260821 -1.00 -1.00 0 4 0.3378 -0.0251 0.000900
628.00 C 20260821 -1.00 -1.00 0 0 0.3249 0.9745 0.000900
628.00 P 20260821 -1.00 -1.00 0 2 0.3359 -0.0255 0.000900
629.00 C 20260821 -1.00 -1.00 0 2 0.3225 0.9740 0.000900
629.00 P 20260821 -1.00 -1.00 0 2 0.3341 -0.0260 0.000900
630.00 C 20260821 -1.00 -1.00 0 27 0.3205 0.9736 0.001000
630.00 P 20260821 -1.00 -1.00 2 209 0.3323 -0.0265 0.001000
631.00 C 20260821 -1.00 -1.00 0 11 0.3180 0.9731 0.001000
631.00 P 20260821 -1.00 -1.00 0 22 0.3304 -0.0270 0.001000
632.00 C 20260821 -1.00 -1.00 0 7 0.3156 0.9726 0.001000
632.00 P 20260821 -1.00 -1.00 0 20 0.3285 -0.0275 0.001000
633.00 C 20260821 -1.00 -1.00 0 0 0.3519 0.9721 0.001000
633.00 P 20260821 -1.00 -1.00 0 244 0.3266 -0.0280 0.001000
634.00 C 20260821 -1.00 -1.00 0 24 0.3492 0.9715 0.001000
634.00 P 20260821 -1.00 -1.00 0 7 0.3248 -0.0285 0.001000
635.00 C 20260821 -1.00 -1.00 0 12 0.3464 0.9710 0.001000
635.00 P 20260821 -1.00 -1.00 0 51 0.3228 -0.0290 0.001000
636.00 C 20260821 -1.00 -1.00 0 5 0.3851 0.9704 0.001100
636.00 P 20260821 -1.00 -1.00 0 2 0.3213 -0.0296 0.001100
637.00 C 20260821 -1.00 -1.00 0 5 0.4227 0.9699 0.001100
637.00 P 20260821 -1.00 -1.00 0 7 0.3193 -0.0302 0.001100
638.00 C 20260821 -1.00 -1.00 0 10 0.4534 0.9693 0.001100
638.00 P 20260821 -1.00 -1.00 0 10 0.3174 -0.0308 0.001100
639.00 C 20260821 -1.00 -1.00 0 17 0.3360 0.9687 0.001200
639.00 P 20260821 -1.00 -1.00 0 8 0.3157 -0.0314 0.001200
640.00 C 20260821 -1.00 -1.00 0 11 0.3335 0.9681 0.001200
640.00 P 20260821 -1.00 -1.00 8 100 0.3137 -0.0320 0.001200
641.00 C 20260821 -1.00 -1.00 0 2 0.3307 0.9674 0.001200
641.00 P 20260821 -1.00 -1.00 0 1 0.3121 -0.0326 0.001200
642.00 C 20260821 -1.00 -1.00 0 6 0.3283 0.9668 0.001200
642.00 P 20260821 -1.00 -1.00 0 10 0.3100 -0.0332 0.001200
643.00 C 20260821 -1.00 -1.00 0 5 0.3258 0.9661 0.001200
643.00 P 20260821 -1.00 -1.00 0 65 0.3087 -0.0339 0.001200
644.00 C 20260821 -1.00 -1.00 0 7 0.3155 0.9654 0.001300
644.00 P 20260821 -1.00 -1.00 0 6 0.3066 -0.0346 0.001300
645.00 C 20260821 -1.00 -1.00 0 10 0.3134 0.9647 0.001300
645.00 P 20260821 -1.00 -1.00 0 401 0.3048 -0.0353 0.001300
646.00 C 20260821 -1.00 -1.00 0 9 0.3116 0.9640 0.001300
646.00 P 20260821 -1.00 -1.00 0 7 0.3031 -0.0360 0.001300
647.00 C 20260821 -1.00 -1.00 0 10 0.3100 0.9632 0.001400
647.00 P 20260821 -1.00 -1.00 0 19 0.3013 -0.0368 0.001400
648.00 C 20260821 -1.00 -1.00 0 4 0.3076 0.9625 0.001400
648.00 P 20260821 -1.00 -1.00 0 10 0.2994 -0.0376 0.001400
649.00 C 20260821 -1.00 -1.00 0 2 0.3057 0.9617 0.001400
649.00 P 20260821 -1.00 -1.00 0 27 0.2979 -0.0384 0.001400
650.00 C 20260821 -1.00 -1.00 0 21 0.3041 0.9609 0.001500
650.00 P 20260821 -1.00 -1.00 0 391 0.2960 -0.0392 0.001500
651.00 C 20260821 -1.00 -1.00 0 0 0.3019 0.9600 0.001500
651.00 P 20260821 -1.00 -1.00 0 5 0.2942 -0.0400 0.001500
652.00 C 20260821 -1.00 -1.00 0 0 0.3003 0.9592 0.001500
652.00 P 20260821 -1.00 -1.00 1 26 0.2926 -0.0409 0.001500
835.00 C 20260727 -1.00 -1.00 0 0 -1.0000 0.0000 0.000000
835.00 P 20260727 -1.00 -1.00 0 0 -1.0000 -1.0000 0.000000
840.00 C 20260727 -1.00 -1.00 0 0 -1.0000 0.0000 0.000000
840.00 P 20260727 -1.00 -1.00 0 0 -1.0000 -1.0000 0.000000
845.00 C 20260727 -1.00 -1.00 0 0 -1.0000 0.0000 0.000000
845.00 P 20260727 -1.00 -1.00 0 0 -1.0000 -1.0000 0.000000
850.00 C 20260727 -1.00 -1.00 0 0 -1.0000 0.0000 0.000000
850.00 P 20260727 -1.00 -1.00 0 0 -1.0000 -1.0000 0.000000
855.00 C 20260727 -1.00 -1.00 0 0 -1.0000 0.0000 0.000000
855.00 P 20260727 -1.00 -1.00 0 0 -1.0000 -1.0000 0.000000
860.00 C 20260727 -1.00 -1.00 0 0 -1.0000 0.0000 0.000000
860.00 P 20260727 -1.00 -1.00 0 0 -1.0000 -1.0000 0.000000
865.00 C 20260727 -1.00 -1.00 0 0 -1.0000 0.0000 0.000000
865.00 P 20260727 -1.00 -1.00 0 0 -1.0000 -1.0000 0.000000
870.00 C 20260727 -1.00 -1.00 0 0 -1.0000 0.0000 0.000000
870.00 P 20260727 -1.00 -1.00 0 0 -1.0000 -1.0000 0.000000
835.00 C 20260728 -1.00 -1.00 0 0 0.7106 0.0003 0.000000
835.00 P 20260728 -1.00 -1.00 0 0 -1.0000 -0.9998 0.000000
840.00 C 20260728 -1.00 -1.00 0 0 0.7434 0.0003 0.000000
840.00 P 20260728 -1.00 -1.00 0 0 -1.0000 -0.9998 0.000000
845.00 C 20260728 -1.00 -1.00 0 0 0.7760 0.0002 0.000000
845.00 P 20260728 -1.00 -1.00 0 0 -1.0000 -0.9999 0.000000
850.00 C 20260728 -1.00 -1.00 0 0 0.8082 0.0002 0.000000
850.00 P 20260728 -1.00 -1.00 0 0 -1.0000 -0.9999 0.000000
855.00 C 20260728 -1.00 -1.00 0 0 0.8402 0.0002 0.000000
855.00 P 20260728 -1.00 -1.00 0 0 -1.0000 -0.9999 0.000000
860.00 C 20260728 -1.00 -1.00 0 0 0.8718 0.0002 0.000000
860.00 P 20260728 -1.00 -1.00 0 0 -1.0000 -0.9999 0.000000
865.00 C 20260728 -1.00 -1.00 0 0 0.9032 0.0001 0.000000
865.00 P 20260728 -1.00 -1.00 0 0 -1.0000 -1.0000 0.000000
870.00 C 20260728 -1.00 -1.00 0 0 0.9343 0.0001 0.000000
870.00 P 20260728 -1.00 -1.00 0 0 -1.0000 -1.0000 0.000000
835.00 C 20260729 -1.00 -1.00 0 0 0.5016 0.0002 0.000000
835.00 P 20260729 -1.00 -1.00 0 0 -1.0000 -1.0000 0.000000
840.00 C 20260729 -1.00 -1.00 0 50 0.5246 0.0001 0.000000
840.00 P 20260729 -1.00 -1.00 0 0 -1.0000 -1.0000 0.000000
845.00 C 20260729 -1.00 -1.00 0 0 0.5476 0.0001 0.000000
845.00 P 20260729 -1.00 -1.00 0 0 -1.0000 -1.0000 0.000000
850.00 C 20260729 -1.00 -1.00 0 48 0.5703 0.0001 0.000000
850.00 P 20260729 -1.00 -1.00 0 0 -1.0000 -1.0000 0.000000
855.00 C 20260729 -1.00 -1.00 0 0 0.5928 0.0001 0.000000
855.00 P 20260729 -1.00 -1.00 0 0 -1.0000 -1.0000 0.000000
860.00 C 20260729 -1.00 -1.00 0 0 0.6152 0.0001 0.000000
860.00 P 20260729 -1.00 -1.00 0 0 -1.0000 -1.0000 0.000000
865.00 C 20260729 -1.00 -1.00 0 0 0.6373 0.0001 0.000000
865.00 P 20260729 -1.00 -1.00 0 0 -1.0000 -1.0000 0.000000
870.00 C 20260729 -1.00 -1.00 0 0 0.6593 0.0000 0.000000
870.00 P 20260729 -1.00 -1.00 0 0 -1.0000 -1.0000 0.000000
835.00 C 20260730 -1.00 -1.00 0 0 0.4089 0.0000 0.000000
835.00 P 20260730 -1.00 -1.00 0 0 -1.0000 -1.0000 0.000000
840.00 C 20260730 -1.00 -1.00 0 0 0.4278 0.0000 0.000000
840.00 P 20260730 -1.00 -1.00 0 0 -1.0000 -1.0000 0.000000
845.00 C 20260730 -1.00 -1.00 0 0 0.4466 0.0000 0.000000
845.00 P 20260730 -1.00 -1.00 0 0 -1.0000 -1.0000 0.000000
850.00 C 20260730 -1.00 -1.00 0 0 0.4651 0.0000 0.000000
850.00 P 20260730 -1.00 -1.00 0 0 -1.0000 -1.0000 0.000000
855.00 C 20260730 -1.00 -1.00 0 0 0.4835 0.0000 0.000000
855.00 P 20260730 -1.00 -1.00 0 0 -1.0000 -1.0000 0.000000
860.00 C 20260730 -1.00 -1.00 0 0 0.5017 0.0000 0.000000
860.00 P 20260730 -1.00 -1.00 0 0 -1.0000 -1.0000 0.000000
865.00 C 20260730 -1.00 -1.00 0 0 0.5198 0.0000 0.000000
865.00 P 20260730 -1.00 -1.00 0 0 -1.0000 -1.0000 0.000000
870.00 C 20260730 -1.00 -1.00 0 0 0.5377 0.0000 0.000000
870.00 P 20260730 -1.00 -1.00 0 0 -1.0000 -1.0000 0.000000
835.00 C 20260731 -1.00 -1.00 0 10 0.3530 0.0000 0.000000
835.00 P 20260731 -1.00 -1.00 0 0 -1.0000 -1.0000 0.000000
840.00 C 20260731 -1.00 -1.00 0 14 0.3694 0.0000 0.000000
840.00 P 20260731 -1.00 -1.00 0 0 -1.0000 -1.0000 0.000000
845.00 C 20260731 -1.00 -1.00 0 2 0.3857 0.0000 0.000000
845.00 P 20260731 -1.00 -1.00 0 0 -1.0000 -1.0000 0.000000
850.00 C 20260731 -1.00 -1.00 0 0 0.4017 0.0000 0.000000
850.00 P 20260731 -1.00 -1.00 0 0 -1.0000 -1.0000 0.000000
855.00 C 20260731 -1.00 -1.00 0 0 0.4177 0.0000 0.000000
855.00 P 20260731 -1.00 -1.00 0 0 -1.0000 -1.0000 0.000000
860.00 C 20260731 -1.00 -1.00 0 1 0.4338 0.0000 0.000000
860.00 P 20260731 -1.00 -1.00 0 1 -1.0000 -1.0000 0.000000
865.00 C 20260731 -1.00 -1.00 0 0 0.4495 0.0000 0.000000
865.00 P 20260731 -1.00 -1.00 0 0 -1.0000 -1.0000 0.000000
870.00 C 20260731 -1.00 -1.00 0 0 0.4650 0.0000 0.000000
870.00 P 20260731 -1.00 -1.00 0 0 -1.0000 -1.0000 0.000000
835.00 C 20260803 -1.00 -1.00 0 0 0.2668 0.0000 0.000000
835.00 P 20260803 -1.00 -1.00 0 0 -1.0000 -1.0000 0.000000
840.00 C 20260803 -1.00 -1.00 0 0 0.2792 0.0000 0.000000
840.00 P 20260803 -1.00 -1.00 0 0 -1.0000 -1.0000 0.000000
845.00 C 20260803 -1.00 -1.00 0 0 0.2914 0.0000 0.000000
845.00 P 20260803 -1.00 -1.00 0 0 -1.0000 -1.0000 0.000000
850.00 C 20260803 -1.00 -1.00 0 0 0.3036 0.0000 0.000000
850.00 P 20260803 -1.00 -1.00 0 0 -1.0000 -1.0000 0.000000
855.00 C 20260803 -1.00 -1.00 0 0 0.3156 0.0000 0.000000
855.00 P 20260803 -1.00 -1.00 0 0 -1.0000 -1.0000 0.000000
860.00 C 20260803 -1.00 -1.00 0 0 0.3276 0.0000 0.000000
860.00 P 20260803 -1.00 -1.00 0 0 -1.0000 -1.0000 0.000000
865.00 C 20260803 -1.00 -1.00 0 0 0.3394 0.0000 0.000000
865.00 P 20260803 -1.00 -1.00 0 0 -1.0000 -1.0000 0.000000
870.00 C 20260803 -1.00 -1.00 0 0 0.3512 0.0000 0.000000
870.00 P 20260803 -1.00 -1.00 0 0 -1.0000 -1.0000 0.000000
835.00 C 20260804 -1.00 -1.00 0 0 0.2636 0.0001 0.000000
835.00 P 20260804 -1.00 -1.00 0 0 -1.0000 -1.0000 0.000000
840.00 C 20260804 -1.00 -1.00 0 0 0.2758 0.0001 0.000000
840.00 P 20260804 -1.00 -1.00 0 0 -1.0000 -1.0000 0.000000
845.00 C 20260804 -1.00 -1.00 0 0 0.2878 0.0001 0.000000
845.00 P 20260804 -1.00 -1.00 0 0 -1.0000 -1.0000 0.000000
850.00 C 20260804 -1.00 -1.00 0 0 0.2997 0.0000 0.000000
850.00 P 20260804 -1.00 -1.00 0 0 -1.0000 -1.0000 0.000000
855.00 C 20260804 -1.00 -1.00 0 0 0.3115 0.0000 0.000000
855.00 P 20260804 -1.00 -1.00 0 0 -1.0000 -1.0000 0.000000
860.00 C 20260804 -1.00 -1.00 0 0 0.3232 0.0000 0.000000
860.00 P 20260804 -1.00 -1.00 0 0 -1.0000 -1.0000 0.000000
865.00 C 20260804 -1.00 -1.00 0 0 0.3347 0.0000 0.000000
865.00 P 20260804 -1.00 -1.00 0 0 -1.0000 -1.0000 0.000000
870.00 C 20260804 -1.00 -1.00 0 0 0.3284 0.0000 0.000000
870.00 P 20260804 -1.00 -1.00 0 0 -1.0000 -1.0000 0.000000
835.00 C 20260805 -1.00 -1.00 0 24 0.2484 0.0002 0.000000
835.00 P 20260805 -1.00 -1.00 0 0 -1.0000 -0.9999 0.000000
840.00 C 20260805 -1.00 -1.00 0 58 0.2598 0.0002 0.000000
840.00 P 20260805 -1.00 -1.00 0 0 -1.0000 -1.0000 0.000000
845.00 C 20260805 -1.00 -1.00 0 0 0.2712 0.0001 0.000000
845.00 P 20260805 -1.00 -1.00 0 0 -1.0000 -1.0000 0.000000
850.00 C 20260805 -1.00 -1.00 0 26 0.2824 0.0001 0.000000
850.00 P 20260805 -1.00 -1.00 0 0 -1.0000 -1.0000 0.000000
855.00 C 20260805 -1.00 -1.00 0 0 0.2935 0.0001 0.000000
855.00 P 20260805 -1.00 -1.00 0 0 -1.0000 -1.0000 0.000000
860.00 C 20260805 -1.00 -1.00 0 0 0.3045 0.0001 0.000000
860.00 P 20260805 -1.00 -1.00 0 0 -1.0000 -1.0000 0.000000
865.00 C 20260805 -1.00 -1.00 0 0 0.3154 0.0000 0.000000
865.00 P 20260805 -1.00 -1.00 0 0 -1.0000 -1.0000 0.000000
870.00 C 20260805 -1.00 -1.00 0 0 0.3262 0.0000 0.000000
870.00 P 20260805 -1.00 -1.00 0 0 -1.0000 -1.0000 0.000000
835.00 C 20260806 -1.00 -1.00 0 0 0.2353 0.0003 0.000000
835.00 P 20260806 -1.00 -1.00 0 0 -1.0000 -0.9999 0.000000
840.00 C 20260806 -1.00 -1.00 0 0 0.2461 0.0002 0.000000
840.00 P 20260806 -1.00 -1.00 0 0 -1.0000 -0.9999 0.000000
845.00 C 20260806 -1.00 -1.00 0 0 0.2569 0.0002 0.000000
845.00 P 20260806 -1.00 -1.00 0 0 -1.0000 -1.0000 0.000000
850.00 C 20260806 -1.00 -1.00 0 0 0.2675 0.0001 0.000000
850.00 P 20260806 -1.00 -1.00 0 0 -1.0000 -1.0000 0.000000
855.00 C 20260806 -1.00 -1.00 0 0 0.2781 0.0001 0.000000
855.00 P 20260806 -1.00 -1.00 0 0 -1.0000 -1.0000 0.000000
860.00 C 20260806 -1.00 -1.00 0 0 0.2885 0.0001 0.000000
860.00 P 20260806 -1.00 -1.00 0 0 -1.0000 -1.0000 0.000000
865.00 C 20260806 -1.00 -1.00 0 0 0.2989 0.0001 0.000000
865.00 P 20260806 -1.00 -1.00 0 0 -1.0000 -1.0000 0.000000
870.00 C 20260806 -1.00 -1.00 0 0 0.3092 0.0001 0.000000
870.00 P 20260806 -1.00 -1.00 0 0 -1.0000 -1.0000 0.000000
835.00 C 20260807 -1.00 -1.00 0 0 0.2237 0.0003 0.000000
835.00 P 20260807 -1.00 -1.00 0 0 -1.0000 -0.9998 0.000000
840.00 C 20260807 -1.00 -1.00 0 0 0.2340 0.0003 0.000000
840.00 P 20260807 -1.00 -1.00 0 1 -1.0000 -0.9999 0.000000
845.00 C 20260807 -1.00 -1.00 0 0 0.2443 0.0002 0.000000
845.00 P 20260807 -1.00 -1.00 0 0 -1.0000 -0.9999 0.000000
850.00 C 20260807 -1.00 -1.00 0 0 0.2544 0.0002 0.000000
850.00 P 20260807 -1.00 -1.00 0 0 -1.0000 -1.0000 0.000000
855.00 C 20260807 -1.00 -1.00 0 0 0.2645 0.0001 0.000000
855.00 P 20260807 -1.00 -1.00 0 0 -1.0000 -1.0000 0.000000
860.00 C 20260807 -1.00 -1.00 0 8 0.2745 0.0001 0.000000
860.00 P 20260807 -1.00 -1.00 0 0 -1.0000 -1.0000 0.000000
865.00 C 20260807 -1.00 -1.00 0 0 0.2844 0.0001 0.000000
865.00 P 20260807 -1.00 -1.00 0 0 -1.0000 -1.0000 0.000000
870.00 C 20260807 -1.00 -1.00 0 0 0.2941 0.0001 0.000000
870.00 P 20260807 -1.00 -1.00 1 1 -1.0000 -1.0000 0.000000
840.00 C 20260810 -1.00 -1.00 0 0 0.2075 0.0005 0.000100
840.00 P 20260810 -1.00 -1.00 0 0 -1.0000 -0.9996 0.000100
850.00 C 20260810 -1.00 -1.00 0 0 0.2256 0.0004 0.000000
850.00 P 20260810 -1.00 -1.00 0 0 -1.0000 -0.9998 0.000000
860.00 C 20260810 -1.00 -1.00 0 0 0.2433 0.0003 0.000000
860.00 P 20260810 -1.00 -1.00 0 0 -1.0000 -0.9999 0.000000
870.00 C 20260810 -1.00 -1.00 0 0 0.2608 0.0002 0.000000
870.00 P 20260810 -1.00 -1.00 0 0 -1.0000 -1.0000 0.000000
840.00 C 20260811 -1.00 -1.00 0 0 0.2003 0.0006 0.000100
840.00 P 20260811 -1.00 -1.00 0 0 -1.0000 -0.9995 0.000100
850.00 C 20260811 -1.00 -1.00 0 0 0.2178 0.0004 0.000000
850.00 P 20260811 -1.00 -1.00 0 0 -1.0000 -0.9997 0.000000
860.00 C 20260811 -1.00 -1.00 0 0 0.2350 0.0003 0.000000
860.00 P 20260811 -1.00 -1.00 0 0 -1.0000 -0.9998 0.000000
870.00 C 20260811 -1.00 -1.00 0 0 0.2518 0.0002 0.000000
870.00 P 20260811 -1.00 -1.00 0 0 -1.0000 -0.9999 0.000000
840.00 C 20260812 -1.00 -1.00 0 29 0.1938 0.0007 0.000100
840.00 P 20260812 -1.00 -1.00 0 0 -1.0000 -0.9994 0.000100
850.00 C 20260812 -1.00 -1.00 0 23 0.2108 0.0005 0.000100
850.00 P 20260812 -1.00 -1.00 0 0 -1.0000 -0.9996 0.000100
860.00 C 20260812 -1.00 -1.00 0 0 0.2275 0.0004 0.000000
860.00 P 20260812 -1.00 -1.00 0 0 -1.0000 -0.9998 0.000000
870.00 C 20260812 -1.00 -1.00 0 0 0.2438 0.0003 0.000000
870.00 P 20260812 -1.00 -1.00 0 0 -1.0000 -0.9998 0.000000
840.00 C 20260813 -1.00 -1.00 0 0 0.1881 0.0009 0.000100
840.00 P 20260813 -1.00 -1.00 0 0 -1.0000 -0.9992 0.000100
850.00 C 20260813 -1.00 -1.00 0 0 0.2044 0.0007 0.000100
850.00 P 20260813 -1.00 -1.00 0 0 -1.0000 -0.9994 0.000100
860.00 C 20260813 -1.00 -1.00 0 0 0.2205 0.0005 0.000000
860.00 P 20260813 -1.00 -1.00 0 0 -1.0000 -0.9996 0.000000
870.00 C 20260813 -1.00 -1.00 0 0 0.2363 0.0004 0.000000
870.00 P 20260813 -1.00 -1.00 0 0 -1.0000 -0.9997 0.000000
835.00 C 20260814 -1.00 -1.00 0 1 0.1805 0.0012 0.000100
835.00 P 20260814 -1.00 -1.00 0 0 -1.0000 -0.9989 0.000100
840.00 C 20260814 -1.00 -1.00 0 1 0.1824 0.0010 0.000100
840.00 P 20260814 -1.00 -1.00 0 0 -1.0000 -0.9991 0.000100
845.00 C 20260814 -1.00 -1.00 0 0 0.1905 0.0009 0.000100
845.00 P 20260814 -1.00 -1.00 0 0 -1.0000 -0.9992 0.000100
850.00 C 20260814 -1.00 -1.00 0 2 0.1984 0.0008 0.000100
850.00 P 20260814 -1.00 -1.00 0 0 -1.0000 -0.9993 0.000100
855.00 C 20260814 -1.00 -1.00 0 0 0.2063 0.0007 0.000100
855.00 P 20260814 -1.00 -1.00 0 0 -1.0000 -0.9994 0.000100
860.00 C 20260814 -1.00 -1.00 0 0 0.2141 0.0006 0.000100
860.00 P 20260814 -1.00 -1.00 0 1 -1.0000 -0.9995 0.000100
865.00 C 20260814 -1.00 -1.00 0 0 0.2218 0.0005 0.000000
865.00 P 20260814 -1.00 -1.00 0 0 -1.0000 -0.9996 0.000000
870.00 C 20260814 -1.00 -1.00 0 0 0.2294 0.0004 0.000000
870.00 P 20260814 -1.00 -1.00 0 0 -1.0000 -0.9997 0.000000
840.00 C 20260817 -1.00 -1.00 0 0 0.1749 0.0013 0.000100
840.00 P 20260817 -1.00 -1.00 0 0 -1.0000 -0.9988 0.000100
850.00 C 20260817 -1.00 -1.00 0 0 0.1901 0.0010 0.000100
850.00 P 20260817 -1.00 -1.00 0 0 -1.0000 -0.9991 0.000100
860.00 C 20260817 -1.00 -1.00 0 0 0.1982 0.0008 0.000100
860.00 P 20260817 -1.00 -1.00 0 0 -1.0000 -0.9993 0.000100
870.00 C 20260817 -1.00 -1.00 0 0 0.2124 0.0006 0.000100
870.00 P 20260817 -1.00 -1.00 0 0 -1.0000 -0.9995 0.000100
840.00 C 20260818 -1.00 -1.00 0 0 0.1706 0.0016 0.000200
840.00 P 20260818 -1.00 -1.00 0 0 -1.0000 -0.9985 0.000200
850.00 C 20260818 -1.00 -1.00 0 0 0.1856 0.0012 0.000100
850.00 P 20260818 -1.00 -1.00 0 0 -1.0000 -0.9989 0.000100
860.00 C 20260818 -1.00 -1.00 0 0 0.2002 0.0009 0.000100
860.00 P 20260818 -1.00 -1.00 0 0 -1.0000 -0.9991 0.000100
870.00 C 20260818 -1.00 -1.00 0 0 0.2144 0.0007 0.000100
870.00 P 20260818 -1.00 -1.00 0 0 -1.0000 -0.9993 0.000100
840.00 C 20260819 -1.00 -1.00 0 21 0.1780 0.0018 0.000200
840.00 P 20260819 -1.00 -1.00 0 0 -1.0000 -0.9983 0.000200
850.00 C 20260819 -1.00 -1.00 0 0 0.1933 0.0014 0.000100
850.00 P 20260819 -1.00 -1.00 0 0 -1.0000 -0.9986 0.000100
860.00 C 20260819 -1.00 -1.00 0 0 0.2048 0.0011 0.000100
860.00 P 20260819 -1.00 -1.00 0 0 -1.0000 -0.9989 0.000100
870.00 C 20260819 -1.00 -1.00 0 0 0.2193 0.0009 0.000100
870.00 P 20260819 -1.00 -1.00 0 0 -1.0000 -0.9992 0.000100
840.00 C 20260820 -1.00 -1.00 0 0 0.1743 0.0020 0.000200
840.00 P 20260820 -1.00 -1.00 0 0 -1.0000 -0.9980 0.000200
850.00 C 20260820 -1.00 -1.00 0 0 0.1893 0.0016 0.000100
850.00 P 20260820 -1.00 -1.00 0 0 -1.0000 -0.9984 0.000100
860.00 C 20260820 -1.00 -1.00 0 0 0.2040 0.0013 0.000100
860.00 P 20260820 -1.00 -1.00 0 0 -1.0000 -0.9988 0.000100
870.00 C 20260820 -1.00 -1.00 0 0 0.2148 0.0010 0.000100
870.00 P 20260820 -1.00 -1.00 0 0 -1.0000 -0.9990 0.000100
835.00 C 20260821 -1.00 -1.00 1 7 0.1567 0.0026 0.000300
835.00 P 20260821 -1.00 -1.00 0 0 -1.0000 -0.9975 0.000300
840.00 C 20260821 -1.00 -1.00 0 35 0.1597 0.0023 0.000200
840.00 P 20260821 -1.00 -1.00 0 0 -1.0000 -0.9978 0.000200
845.00 C 20260821 -1.00 -1.00 0 7 0.1667 0.0020 0.000200
845.00 P 20260821 -1.00 -1.00 0 1 0.2187 -0.9980 0.000200
850.00 C 20260821 -1.00 -1.00 0 290 0.1736 0.0018 0.000200
850.00 P 20260821 -1.00 -1.00 0 1 0.3393 -0.9982 0.000200
855.00 C 20260821 -1.00 -1.00 0 2 0.1805 0.0016 0.000100
855.00 P 20260821 -1.00 -1.00 0 0 0.2386 -0.9984 0.000100
860.00 C 20260821 -1.00 -1.00 0 107 0.1873 0.0015 0.000100
860.00 P 20260821 -1.00 -1.00 0 0 0.2481 -0.9986 0.000100
870.00 C 20260821 -1.00 -1.00 0 1 0.1943 0.0012 0.000100
870.00 P 20260821 -1.00 -1.00 0 0 -1.0000 -0.9988 0.000100
