# opt_chain AMD | epoch 1785674728 | 2026-08-02 08:45:28 | spot 479.85 | exps 20260803 20260805 20260807 20260810 20260812 20260814 20260821
# fuente polygon_snapshot_v3 | greeks polygon_directo | iv polygon_directo | oi polygon_directo | vol day.volume(-1 si no cotizo) | bid/ask NO_ENTITLED(-1) | spot_src ibkr_bridge spot_edad_s 144025 | band 0.6000 vencimientos 7 exp_hasta 2026-08-21
# strike right exp bid ask vol oi iv delta gamma
422.50 C 20260803 -1.00 -1.00 6 2 1.8773 0.8397 0.004358
425.00 C 20260803 -1.00 -1.00 2 63 1.7783 0.8389 0.004616
427.50 C 20260803 -1.00 -1.00 2 35 1.7864 0.8249 0.004858
430.00 C 20260803 -1.00 -1.00 34 140 1.7513 0.8158 0.005128
432.50 C 20260803 -1.00 -1.00 4 96 1.6932 0.8089 0.005438
435.00 C 20260803 -1.00 -1.00 20 86 1.6718 0.7976 0.005734
437.50 C 20260803 -1.00 -1.00 1 1364 1.5257 0.8001 0.006225
440.00 C 20260803 -1.00 -1.00 31 140 1.5287 0.7844 0.006544
442.50 C 20260803 -1.00 -1.00 7 20 1.5065 0.7681 0.006864
445.00 C 20260803 -1.00 -1.00 47 43 1.4023 0.7628 0.007454
447.50 C 20260803 -1.00 -1.00 24 80 1.4029 0.7416 0.007760
450.00 C 20260803 -1.00 -1.00 43 77 1.3615 0.7257 0.008235
452.50 C 20260803 -1.00 -1.00 16 58 1.3079 0.7102 0.008813
455.00 C 20260803 -1.00 -1.00 27 1800 1.2301 0.6964 0.009597
457.50 C 20260803 -1.00 -1.00 422 113 1.2435 0.6711 0.009907
460.00 C 20260803 -1.00 -1.00 160 254 1.1865 0.6514 0.010636
462.50 C 20260803 -1.00 -1.00 598 105 1.1519 0.6262 0.011124
465.00 C 20260803 -1.00 -1.00 360 59 1.1367 0.5983 0.011459
467.50 C 20260803 -1.00 -1.00 8 79 1.1194 0.5697 0.011829
470.00 C 20260803 -1.00 -1.00 342 225 1.0832 0.5404 0.012427
472.50 C 20260803 -1.00 -1.00 93 176 1.1038 0.5101 0.012352
475.00 C 20260803 -1.00 -1.00 236 126 1.0669 0.4788 0.012632
477.50 C 20260803 -1.00 -1.00 92 459 1.0323 0.4454 0.012890
480.00 C 20260803 -1.00 -1.00 369 486 1.0293 0.4133 0.012767
482.50 C 20260803 -1.00 -1.00 193 170 1.0263 0.3810 0.012642
485.00 C 20260803 -1.00 -1.00 985 185 0.9893 0.3458 0.012645
487.50 C 20260803 -1.00 -1.00 673 137 0.9874 0.3167 0.012144
490.00 C 20260803 -1.00 -1.00 2138 597 0.9643 0.2826 0.011807
492.50 C 20260803 -1.00 -1.00 1354 135 0.9909 0.2600 0.011084
495.00 C 20260803 -1.00 -1.00 1591 1708 0.9698 0.2286 0.010611
497.50 C 20260803 -1.00 -1.00 427 185 0.9672 0.2058 0.009921
500.00 C 20260803 -1.00 -1.00 3350 998 0.9578 0.1810 0.009230
502.50 C 20260803 -1.00 -1.00 359 98 0.9595 0.1590 0.008516
505.00 C 20260803 -1.00 -1.00 830 2216 0.9672 0.1392 0.007822
507.50 C 20260803 -1.00 -1.00 304 83 0.9551 0.1217 0.007133
510.00 C 20260803 -1.00 -1.00 1439 741 0.9403 0.1031 0.006392
512.50 C 20260803 -1.00 -1.00 331 53 0.9618 0.0938 0.005831
515.00 C 20260803 -1.00 -1.00 1678 648 0.9561 0.0774 0.005129
517.50 C 20260803 -1.00 -1.00 427 123 0.9818 0.0711 0.004699
520.00 C 20260803 -1.00 -1.00 2104 595 0.9450 0.0562 0.004005
522.50 C 20260803 -1.00 -1.00 311 60 0.9516 0.0488 0.003549
525.00 C 20260803 -1.00 -1.00 1670 394 0.9691 0.0437 0.003193
527.50 C 20260803 -1.00 -1.00 119 70 0.9710 0.0357 0.002728
530.00 C 20260803 -1.00 -1.00 1964 473 0.9841 0.0316 0.002440
532.50 C 20260803 -1.00 -1.00 214 209 1.0178 0.0311 0.002321
535.00 C 20260803 -1.00 -1.00 1484 185 0.9932 0.0245 0.001925
422.50 P 20260803 -1.00 -1.00 43 312 1.0283 -0.0402 0.002811
425.00 P 20260803 -1.00 -1.00 6716 315 1.0365 -0.0501 0.003343
427.50 P 20260803 -1.00 -1.00 58 388 1.0239 -0.0570 0.003774
430.00 P 20260803 -1.00 -1.00 367 360 1.0028 -0.0629 0.004192
432.50 P 20260803 -1.00 -1.00 144 305 0.9836 -0.0731 0.004757
435.00 P 20260803 -1.00 -1.00 1040 445 0.9532 -0.0818 0.005318
437.50 P 20260803 -1.00 -1.00 91 160 0.9250 -0.0914 0.005952
440.00 P 20260803 -1.00 -1.00 640 473 0.9166 -0.1061 0.006729
442.50 P 20260803 -1.00 -1.00 377 166 0.9103 -0.1214 0.007537
445.00 P 20260803 -1.00 -1.00 1353 868 0.8877 -0.1375 0.008387
447.50 P 20260803 -1.00 -1.00 711 124 0.8702 -0.1582 0.009330
450.00 P 20260803 -1.00 -1.00 5328 1180 0.8607 -0.1818 0.010324
452.50 P 20260803 -1.00 -1.00 1015 102 0.8467 -0.2048 0.011380
455.00 P 20260803 -1.00 -1.00 538 329 0.8372 -0.2323 0.012398
457.50 P 20260803 -1.00 -1.00 1038 80 0.8002 -0.2583 0.013618
460.00 P 20260803 -1.00 -1.00 1051 502 0.7977 -0.2943 0.014558
462.50 P 20260803 -1.00 -1.00 334 146 0.7928 -0.3302 0.015547
465.00 P 20260803 -1.00 -1.00 3762 192 0.7735 -0.3673 0.016533
467.50 P 20260803 -1.00 -1.00 561 93 0.7403 -0.4070 0.017662
470.00 P 20260803 -1.00 -1.00 2088 444 0.7391 -0.4517 0.018127
472.50 P 20260803 -1.00 -1.00 223 311 0.7141 -0.4971 0.019094
475.00 P 20260803 -1.00 -1.00 844 370 0.6973 -0.5447 0.019184
477.50 P 20260803 -1.00 -1.00 492 290 0.6931 -0.5925 0.018923
480.00 P 20260803 -1.00 -1.00 1257 280 0.6588 -0.6467 0.019250
482.50 P 20260803 -1.00 -1.00 713 132 0.6365 -0.6968 0.018505
485.00 P 20260803 -1.00 -1.00 1360 275 0.6191 -0.7486 0.017517
487.50 P 20260803 -1.00 -1.00 1217 65 0.5643 -0.8095 0.016265
490.00 P 20260803 -1.00 -1.00 1884 99 0.4889 -0.8830 0.013693
492.50 P 20260803 -1.00 -1.00 490 51 0.3279 -0.9821 0.005308
495.00 P 20260803 -1.00 -1.00 1316 95 -1.0000 -1.0000 -1.000000
497.50 P 20260803 -1.00 -1.00 232 70 -1.0000 -1.0000 -1.000000
500.00 P 20260803 -1.00 -1.00 386 161 -1.0000 -1.0000 -1.000000
502.50 P 20260803 -1.00 -1.00 114 12 -1.0000 -1.0000 -1.000000
505.00 P 20260803 -1.00 -1.00 178 53 -1.0000 -1.0000 -1.000000
507.50 P 20260803 -1.00 -1.00 113 35 -1.0000 -1.0000 -1.000000
510.00 P 20260803 -1.00 -1.00 279 169 -1.0000 -1.0000 -1.000000
512.50 P 20260803 -1.00 -1.00 82 40 -1.0000 -1.0000 -1.000000
515.00 P 20260803 -1.00 -1.00 216 41 -1.0000 -1.0000 -1.000000
517.50 P 20260803 -1.00 -1.00 15 20 -1.0000 -1.0000 -1.000000
520.00 P 20260803 -1.00 -1.00 156 87 -1.0000 -1.0000 -1.000000
522.50 P 20260803 -1.00 -1.00 3 11 -1.0000 -1.0000 -1.000000
525.00 P 20260803 -1.00 -1.00 9 84 -1.0000 -1.0000 -1.000000
527.50 P 20260803 -1.00 -1.00 1 66 -1.0000 -1.0000 -1.000000
530.00 P 20260803 -1.00 -1.00 3 55 -1.0000 -1.0000 -1.000000
532.50 P 20260803 -1.00 -1.00 1 24 -1.0000 -1.0000 -1.000000
535.00 P 20260803 -1.00 -1.00 10 27 -1.0000 -1.0000 -1.000000
422.50 C 20260805 -1.00 -1.00 1 11 1.6749 0.7791 0.003909
425.00 C 20260805 -1.00 -1.00 5 14 1.6232 0.7733 0.004085
427.50 C 20260805 -1.00 -1.00 1 2 1.5520 0.7696 0.004307
430.00 C 20260805 -1.00 -1.00 1 31 1.5952 0.7522 0.004343
432.50 C 20260805 -1.00 -1.00 1 5 1.5147 0.7486 0.004608
435.00 C 20260805 -1.00 -1.00 31 12 1.5117 0.7360 0.004733
437.50 C 20260805 -1.00 -1.00 6 17 1.5187 0.7225 0.004836
440.00 C 20260805 -1.00 -1.00 3 50 1.5582 0.7062 0.004860
442.50 C 20260805 -1.00 -1.00 18 23 1.5031 0.6980 0.005113
445.00 C 20260805 -1.00 -1.00 25 38 1.5392 0.6825 0.005135
447.50 C 20260805 -1.00 -1.00 4 15 1.4747 0.6740 0.005437
450.00 C 20260805 -1.00 -1.00 592 533 1.4636 0.6604 0.005547
452.50 C 20260805 -1.00 -1.00 10 8 1.4642 0.6455 0.005602
455.00 C 20260805 -1.00 -1.00 8 63 1.4508 0.6313 0.005710
457.50 C 20260805 -1.00 -1.00 1 41 1.4333 0.6171 0.005836
460.00 C 20260805 -1.00 -1.00 60 139 1.4354 0.6019 0.005888
462.50 C 20260805 -1.00 -1.00 138 92 1.3819 0.5880 0.006172
465.00 C 20260805 -1.00 -1.00 39 26 1.4161 0.5719 0.006088
467.50 C 20260805 -1.00 -1.00 2 49 1.4182 0.5566 0.006140
470.00 C 20260805 -1.00 -1.00 34 45 1.4162 0.5413 0.006210
472.50 C 20260805 -1.00 -1.00 87 106 1.4140 0.5260 0.006268
475.00 C 20260805 -1.00 -1.00 55 549 1.3579 0.5092 0.006497
477.50 C 20260805 -1.00 -1.00 19 55 1.3980 0.4953 0.006284
480.00 C 20260805 -1.00 -1.00 78 165 1.3764 0.4790 0.006352
482.50 C 20260805 -1.00 -1.00 123 89 1.3658 0.4629 0.006371
485.00 C 20260805 -1.00 -1.00 153 196 1.3716 0.4479 0.006316
487.50 C 20260805 -1.00 -1.00 251 98 1.3638 0.4317 0.006321
490.00 C 20260805 -1.00 -1.00 173 188 1.3736 0.4172 0.006249
492.50 C 20260805 -1.00 -1.00 110 58 1.3564 0.3998 0.006294
495.00 C 20260805 -1.00 -1.00 378 228 1.3661 0.3854 0.006222
497.50 C 20260805 -1.00 -1.00 203 50 1.3622 0.3711 0.006151
500.00 C 20260805 -1.00 -1.00 1987 862 1.3486 0.3560 0.006093
502.50 C 20260805 -1.00 -1.00 50 148 1.3518 0.3430 0.005974
505.00 C 20260805 -1.00 -1.00 146 79 1.3245 0.3254 0.005954
507.50 C 20260805 -1.00 -1.00 104 110 1.3262 0.3120 0.005836
510.00 C 20260805 -1.00 -1.00 162 100 1.3234 0.2978 0.005733
512.50 C 20260805 -1.00 -1.00 117 50 1.3266 0.2847 0.005612
515.00 C 20260805 -1.00 -1.00 209 95 1.3313 0.2720 0.005488
517.50 C 20260805 -1.00 -1.00 19 118 1.3539 0.2630 0.005326
520.00 C 20260805 -1.00 -1.00 217 358 1.3630 0.2516 0.005200
522.50 C 20260805 -1.00 -1.00 195 68 1.3657 0.2418 0.005060
525.00 C 20260805 -1.00 -1.00 82 72 1.3412 0.2275 0.004951
527.50 C 20260805 -1.00 -1.00 44 36 1.3091 0.2112 0.004835
530.00 C 20260805 -1.00 -1.00 135 215 1.3179 0.2026 0.004679
532.50 C 20260805 -1.00 -1.00 56 21 1.3497 0.1989 0.004517
535.00 C 20260805 -1.00 -1.00 76 97 1.3197 0.1824 0.004381
422.50 P 20260805 -1.00 -1.00 35 53 1.2276 -0.1610 0.004351
425.00 P 20260805 -1.00 -1.00 180 156 1.2393 -0.1753 0.004561
427.50 P 20260805 -1.00 -1.00 50 213 1.2162 -0.1838 0.004802
430.00 P 20260805 -1.00 -1.00 622 354 1.2365 -0.1993 0.004997
432.50 P 20260805 -1.00 -1.00 16 23 1.2341 -0.2113 0.005217
435.00 P 20260805 -1.00 -1.00 38 117 1.2190 -0.2245 0.005429
437.50 P 20260805 -1.00 -1.00 5 61 1.2121 -0.2392 0.005627
440.00 P 20260805 -1.00 -1.00 138 147 1.2101 -0.2549 0.005813
442.50 P 20260805 -1.00 -1.00 21 51 1.1887 -0.2679 0.006068
445.00 P 20260805 -1.00 -1.00 61 207 1.1835 -0.2836 0.006274
447.50 P 20260805 -1.00 -1.00 25 18 1.1962 -0.3014 0.006410
450.00 P 20260805 -1.00 -1.00 374 314 1.1960 -0.3175 0.006596
452.50 P 20260805 -1.00 -1.00 141 31 1.2035 -0.3345 0.006739
455.00 P 20260805 -1.00 -1.00 33 80 1.1938 -0.3517 0.006873
457.50 P 20260805 -1.00 -1.00 49 59 1.1631 -0.3677 0.007130
460.00 P 20260805 -1.00 -1.00 854 601 1.1590 -0.3861 0.007241
462.50 P 20260805 -1.00 -1.00 10 44 1.1592 -0.4048 0.007327
465.00 P 20260805 -1.00 -1.00 158 407 1.1579 -0.4234 0.007422
467.50 P 20260805 -1.00 -1.00 341 80 1.1470 -0.4420 0.007580
470.00 P 20260805 -1.00 -1.00 435 148 1.1569 -0.4609 0.007604
472.50 P 20260805 -1.00 -1.00 124 89 1.1593 -0.4795 0.007655
475.00 P 20260805 -1.00 -1.00 160 142 1.1383 -0.4987 0.007750
477.50 P 20260805 -1.00 -1.00 49 26 1.1502 -0.5167 0.007625
480.00 P 20260805 -1.00 -1.00 80 81 1.1239 -0.5370 0.007753
482.50 P 20260805 -1.00 -1.00 117 132 1.1467 -0.5539 0.007558
485.00 P 20260805 -1.00 -1.00 220 169 1.1219 -0.5751 0.007672
487.50 P 20260805 -1.00 -1.00 80 16 1.1391 -0.5919 0.007514
490.00 P 20260805 -1.00 -1.00 327 258 1.1320 -0.6116 0.007513
492.50 P 20260805 -1.00 -1.00 188 22 1.1433 -0.6279 0.007362
495.00 P 20260805 -1.00 -1.00 81 184 1.1272 -0.6462 0.007289
497.50 P 20260805 -1.00 -1.00 23 22 1.0897 -0.6689 0.007312
500.00 P 20260805 -1.00 -1.00 138 433 1.0905 -0.6855 0.007138
502.50 P 20260805 -1.00 -1.00 35 6 1.0989 -0.7005 0.006933
505.00 P 20260805 -1.00 -1.00 38 129 1.0739 -0.7229 0.006865
507.50 P 20260805 -1.00 -1.00 5 116 1.0702 -0.7408 0.006703
510.00 P 20260805 -1.00 -1.00 43 182 1.0874 -0.7535 0.006469
512.50 P 20260805 -1.00 -1.00 12 17 1.0622 -0.7717 0.006298
515.00 P 20260805 -1.00 -1.00 17 38 1.0521 -0.7870 0.006079
517.50 P 20260805 -1.00 -1.00 6 22 1.0596 -0.7982 0.005832
520.00 P 20260805 -1.00 -1.00 58 102 0.9987 -0.8279 0.005616
522.50 P 20260805 -1.00 -1.00 1 8 1.0667 -0.8223 0.005359
525.00 P 20260805 -1.00 -1.00 30 39 1.0312 -0.8455 0.005111
527.50 P 20260805 -1.00 -1.00 80 93 0.9536 -0.8757 0.004757
530.00 P 20260805 -1.00 -1.00 18 136 0.9370 -0.8895 0.004436
532.50 P 20260805 -1.00 -1.00 10 14 0.8971 -0.9108 0.003988
535.00 P 20260805 -1.00 -1.00 9 41 0.8947 -0.9217 0.003662
422.50 C 20260807 -1.00 -1.00 4 3 1.3891 0.7717 0.003812
425.00 C 20260807 -1.00 -1.00 1 30 1.3663 0.7634 0.003944
427.50 C 20260807 -1.00 -1.00 21 522 1.3622 0.7525 0.004047
430.00 C 20260807 -1.00 -1.00 128 162 1.3344 0.7444 0.004200
432.50 C 20260807 -1.00 -1.00 3 29 1.3580 0.7301 0.004246
435.00 C 20260807 -1.00 -1.00 10 69 1.3461 0.7198 0.004369
437.50 C 20260807 -1.00 -1.00 2 2485 1.3238 0.7104 0.004523
440.00 C 20260807 -1.00 -1.00 12 198 1.3577 0.6957 0.004533
442.50 C 20260807 -1.00 -1.00 2 537 1.3472 0.6850 0.004658
445.00 C 20260807 -1.00 -1.00 8 551 1.3385 0.6739 0.004774
447.50 C 20260807 -1.00 -1.00 2 95 1.3216 0.6622 0.004877
450.00 C 20260807 -1.00 -1.00 53 916 1.3139 0.6496 0.004952
452.50 C 20260807 -1.00 -1.00 3 1726 1.2826 0.6382 0.005115
455.00 C 20260807 -1.00 -1.00 18 827 1.2963 0.6241 0.005112
457.50 C 20260807 -1.00 -1.00 45 1020 1.2719 0.6116 0.005256
460.00 C 20260807 -1.00 -1.00 61 1219 1.2800 0.5978 0.005273
462.50 C 20260807 -1.00 -1.00 11 538 1.2702 0.5845 0.005363
465.00 C 20260807 -1.00 -1.00 27 199 1.2793 0.5708 0.005375
467.50 C 20260807 -1.00 -1.00 16 564 1.2774 0.5573 0.005433
470.00 C 20260807 -1.00 -1.00 52 195 1.2721 0.5437 0.005505
472.50 C 20260807 -1.00 -1.00 8 333 1.2809 0.5304 0.005506
475.00 C 20260807 -1.00 -1.00 23 1370 1.2599 0.5165 0.005578
477.50 C 20260807 -1.00 -1.00 35 799 1.2598 0.5031 0.005559
480.00 C 20260807 -1.00 -1.00 382 416 1.2336 0.4882 0.005656
482.50 C 20260807 -1.00 -1.00 140 291 1.2291 0.4743 0.005654
485.00 C 20260807 -1.00 -1.00 315 411 1.2431 0.4617 0.005571
487.50 C 20260807 -1.00 -1.00 233 101 1.2301 0.4470 0.005608
490.00 C 20260807 -1.00 -1.00 893 1320 1.2268 0.4329 0.005601
492.50 C 20260807 -1.00 -1.00 151 123 1.2203 0.4184 0.005608
495.00 C 20260807 -1.00 -1.00 285 547 1.2139 0.4038 0.005614
497.50 C 20260807 -1.00 -1.00 588 270 1.2288 0.3920 0.005529
500.00 C 20260807 -1.00 -1.00 1332 2291 1.2257 0.3789 0.005489
502.50 C 20260807 -1.00 -1.00 133 128 1.2121 0.3652 0.005457
505.00 C 20260807 -1.00 -1.00 1652 411 1.2325 0.3565 0.005306
507.50 C 20260807 -1.00 -1.00 500 1105 1.2226 0.3433 0.005258
510.00 C 20260807 -1.00 -1.00 1382 655 1.2103 0.3294 0.005214
512.50 C 20260807 -1.00 -1.00 98 182 1.2101 0.3175 0.005132
515.00 C 20260807 -1.00 -1.00 520 1911 1.2099 0.3056 0.005049
517.50 C 20260807 -1.00 -1.00 32 59 1.2049 0.2926 0.004980
520.00 C 20260807 -1.00 -1.00 581 1745 1.2155 0.2830 0.004870
522.50 C 20260807 -1.00 -1.00 26 178 1.2188 0.2719 0.004780
525.00 C 20260807 -1.00 -1.00 379 650 1.2257 0.2618 0.004683
527.50 C 20260807 -1.00 -1.00 171 112 1.2331 0.2523 0.004583
530.00 C 20260807 -1.00 -1.00 1229 2481 1.2211 0.2413 0.004494
532.50 C 20260807 -1.00 -1.00 16 75 1.2030 0.2288 0.004407
535.00 C 20260807 -1.00 -1.00 233 1179 1.1958 0.2184 0.004303
422.50 P 20260807 -1.00 -1.00 28 10 1.1508 -0.1929 0.004186
425.00 P 20260807 -1.00 -1.00 1137 858 1.1510 -0.2035 0.004347
427.50 P 20260807 -1.00 -1.00 42 24 1.1415 -0.2142 0.004511
430.00 P 20260807 -1.00 -1.00 678 600 1.1342 -0.2264 0.004660
432.50 P 20260807 -1.00 -1.00 10 35 1.1151 -0.2369 0.004844
435.00 P 20260807 -1.00 -1.00 103 423 1.1132 -0.2505 0.004987
437.50 P 20260807 -1.00 -1.00 23 83 1.1099 -0.2639 0.005136
440.00 P 20260807 -1.00 -1.00 258 911 1.1132 -0.2783 0.005263
442.50 P 20260807 -1.00 -1.00 28 65 1.0997 -0.2905 0.005451
445.00 P 20260807 -1.00 -1.00 117 284 1.0862 -0.3030 0.005645
447.50 P 20260807 -1.00 -1.00 21 50 1.0959 -0.3182 0.005749
450.00 P 20260807 -1.00 -1.00 567 1491 1.1037 -0.3335 0.005839
452.50 P 20260807 -1.00 -1.00 40 53 1.0764 -0.3467 0.006043
455.00 P 20260807 -1.00 -1.00 77 304 1.0684 -0.3621 0.006154
457.50 P 20260807 -1.00 -1.00 39 162 1.0615 -0.3778 0.006261
460.00 P 20260807 -1.00 -1.00 210 1274 1.0591 -0.3940 0.006343
462.50 P 20260807 -1.00 -1.00 38 41 1.0755 -0.4109 0.006316
465.00 P 20260807 -1.00 -1.00 96 368 1.0631 -0.4267 0.006457
467.50 P 20260807 -1.00 -1.00 68 151 1.0508 -0.4429 0.006601
470.00 P 20260807 -1.00 -1.00 268 699 1.0748 -0.4591 0.006522
472.50 P 20260807 -1.00 -1.00 67 84 1.0916 -0.4747 0.006473
475.00 P 20260807 -1.00 -1.00 224 358 1.0657 -0.4912 0.006600
477.50 P 20260807 -1.00 -1.00 102 88 1.0781 -0.5064 0.006494
480.00 P 20260807 -1.00 -1.00 328 502 1.0546 -0.5237 0.006606
482.50 P 20260807 -1.00 -1.00 296 172 1.0529 -0.5399 0.006585
485.00 P 20260807 -1.00 -1.00 344 446 1.0458 -0.5567 0.006597
487.50 P 20260807 -1.00 -1.00 99 136 1.0388 -0.5737 0.006608
490.00 P 20260807 -1.00 -1.00 252 625 1.0274 -0.5916 0.006645
492.50 P 20260807 -1.00 -1.00 34 63 1.0429 -0.6056 0.006519
495.00 P 20260807 -1.00 -1.00 117 886 1.0176 -0.6254 0.006605
497.50 P 20260807 -1.00 -1.00 22 174 1.0118 -0.6406 0.006514
500.00 P 20260807 -1.00 -1.00 278 613 1.0098 -0.6553 0.006401
502.50 P 20260807 -1.00 -1.00 55 41 1.0053 -0.6705 0.006299
505.00 P 20260807 -1.00 -1.00 53 227 0.9972 -0.6867 0.006211
507.50 P 20260807 -1.00 -1.00 2 10 1.0084 -0.6987 0.006039
510.00 P 20260807 -1.00 -1.00 224 489 0.9919 -0.7172 0.005979
512.50 P 20260807 -1.00 -1.00 24 19 0.9923 -0.7317 0.005851
515.00 P 20260807 -1.00 -1.00 138 191 0.9961 -0.7453 0.005712
517.50 P 20260807 -1.00 -1.00 3 80 0.9883 -0.7596 0.005578
520.00 P 20260807 -1.00 -1.00 170 525 0.9473 -0.7809 0.005481
522.50 P 20260807 -1.00 -1.00 3 0 0.9592 -0.7892 0.005281
525.00 P 20260807 -1.00 -1.00 5 141 0.9572 -0.8011 0.005104
527.50 P 20260807 -1.00 -1.00 25 27 0.9799 -0.8060 0.004910
530.00 P 20260807 -1.00 -1.00 62 275 0.9299 -0.8326 0.004742
532.50 P 20260807 -1.00 -1.00 2 0 0.9170 -0.8489 0.004541
535.00 P 20260807 -1.00 -1.00 20 440 0.8848 -0.8670 0.004311
422.50 C 20260810 -1.00 -1.00 -1 0 1.1861 0.7614 0.003665
425.00 C 20260810 -1.00 -1.00 3 3 1.1698 0.7530 0.003782
427.50 C 20260810 -1.00 -1.00 9 3 1.1716 0.7421 0.003862
430.00 C 20260810 -1.00 -1.00 15 44 1.1576 0.7331 0.003979
432.50 C 20260810 -1.00 -1.00 62 11 1.1499 0.7232 0.004085
435.00 C 20260810 -1.00 -1.00 1 1 1.1497 0.7123 0.004172
437.50 C 20260810 -1.00 -1.00 11 13 1.1369 0.7027 0.004296
440.00 C 20260810 -1.00 -1.00 6 21 1.1461 0.6908 0.004357
442.50 C 20260810 -1.00 -1.00 1 68 1.1354 0.6808 0.004478
445.00 C 20260810 -1.00 -1.00 9 19 1.1272 0.6696 0.004565
447.50 C 20260810 -1.00 -1.00 6 54 1.1208 0.6578 0.004632
450.00 C 20260810 -1.00 -1.00 18 84 1.1199 0.6455 0.004679
452.50 C 20260810 -1.00 -1.00 1 7 1.1127 0.6335 0.004751
455.00 C 20260810 -1.00 -1.00 7 87 1.0920 0.6220 0.004882
457.50 C 20260810 -1.00 -1.00 14 23 1.1010 0.6089 0.004888
460.00 C 20260810 -1.00 -1.00 2 55 1.0921 0.5966 0.004972
462.50 C 20260810 -1.00 -1.00 16 7 1.0984 0.5837 0.004988
465.00 C 20260810 -1.00 -1.00 4 10 1.0949 0.5711 0.005049
467.50 C 20260810 -1.00 -1.00 4 85 1.0994 0.5584 0.005073
470.00 C 20260810 -1.00 -1.00 15 30 1.0994 0.5458 0.005117
472.50 C 20260810 -1.00 -1.00 7 43 1.0984 0.5332 0.005157
475.00 C 20260810 -1.00 -1.00 6 58 1.0726 0.5198 0.005265
477.50 C 20260810 -1.00 -1.00 11 10 1.0846 0.5079 0.005190
480.00 C 20260810 -1.00 -1.00 292 69 1.0415 0.4925 0.005386
482.50 C 20260810 -1.00 -1.00 123 28 1.0745 0.4822 0.005206
485.00 C 20260810 -1.00 -1.00 14 56 1.0526 0.4676 0.005295
487.50 C 20260810 -1.00 -1.00 15 56 1.0654 0.4561 0.005216
490.00 C 20260810 -1.00 -1.00 40 47 1.0609 0.4429 0.005220
492.50 C 20260810 -1.00 -1.00 40 15 1.0702 0.4313 0.005160
495.00 C 20260810 -1.00 -1.00 49 105 1.0356 0.4138 0.005307
497.50 C 20260810 -1.00 -1.00 54 128 1.0732 0.4065 0.005113
500.00 C 20260810 -1.00 -1.00 116 161 1.0747 0.3942 0.005089
502.50 C 20260810 -1.00 -1.00 11 25 1.0736 0.3824 0.005051
505.00 C 20260810 -1.00 -1.00 39 14 1.0489 0.3676 0.005077
507.50 C 20260810 -1.00 -1.00 6 2 1.0573 0.3581 0.004976
510.00 C 20260810 -1.00 -1.00 34 50 1.0580 0.3474 0.004905
512.50 C 20260810 -1.00 -1.00 9 3 1.0509 0.3351 0.004860
515.00 C 20260810 -1.00 -1.00 23 39 1.0525 0.3245 0.004785
517.50 C 20260810 -1.00 -1.00 4 4 1.0512 0.3133 0.004720
520.00 C 20260810 -1.00 -1.00 27 60 1.0251 0.2960 0.004727
522.50 C 20260810 -1.00 -1.00 7 1 1.0124 0.2815 0.004690
525.00 C 20260810 -1.00 -1.00 31 51 1.0560 0.2816 0.004498
527.50 C 20260810 -1.00 -1.00 150 1 1.0547 0.2704 0.004432
530.00 C 20260810 -1.00 -1.00 95 108 1.0649 0.2623 0.004340
532.50 C 20260810 -1.00 -1.00 -1 0 1.0641 0.2524 0.004264
535.00 C 20260810 -1.00 -1.00 4 10 1.0581 0.2430 0.004183
422.50 P 20260810 -1.00 -1.00 47 50 0.9473 -0.1967 0.004145
425.00 P 20260810 -1.00 -1.00 8 23 0.9553 -0.2090 0.004280
427.50 P 20260810 -1.00 -1.00 3 10 0.9334 -0.2173 0.004461
430.00 P 20260810 -1.00 -1.00 19 10 0.9371 -0.2314 0.004578
432.50 P 20260810 -1.00 -1.00 4 3 0.9239 -0.2420 0.004748
435.00 P 20260810 -1.00 -1.00 27 25 0.9360 -0.2577 0.004836
437.50 P 20260810 -1.00 -1.00 76 44 0.9386 -0.2714 0.004953
440.00 P 20260810 -1.00 -1.00 1134 59 0.8983 -0.2783 0.005243
442.50 P 20260810 -1.00 -1.00 19 1 0.8802 -0.2893 0.005463
445.00 P 20260810 -1.00 -1.00 11 59 0.8985 -0.3060 0.005517
447.50 P 20260810 -1.00 -1.00 14 54 0.8991 -0.3199 0.005652
450.00 P 20260810 -1.00 -1.00 26 58 0.8985 -0.3343 0.005766
452.50 P 20260810 -1.00 -1.00 8 8 0.8920 -0.3491 0.005870
455.00 P 20260810 -1.00 -1.00 2 11 0.8918 -0.3646 0.005935
457.50 P 20260810 -1.00 -1.00 3 3 0.8808 -0.3794 0.006070
460.00 P 20260810 -1.00 -1.00 5 104 0.8798 -0.3950 0.006142
462.50 P 20260810 -1.00 -1.00 4 28 0.8788 -0.4108 0.006215
465.00 P 20260810 -1.00 -1.00 4 39 0.8973 -0.4270 0.006154
467.50 P 20260810 -1.00 -1.00 4 52 0.9121 -0.4425 0.006117
470.00 P 20260810 -1.00 -1.00 16 526 0.9216 -0.4576 0.006116
472.50 P 20260810 -1.00 -1.00 3 24 0.9155 -0.4729 0.006203
475.00 P 20260810 -1.00 -1.00 22 37 0.9167 -0.4877 0.006170
477.50 P 20260810 -1.00 -1.00 4 9 0.9055 -0.5032 0.006220
480.00 P 20260810 -1.00 -1.00 17 35 0.8613 -0.5219 0.006508
482.50 P 20260810 -1.00 -1.00 4 4 0.8643 -0.5373 0.006456
485.00 P 20260810 -1.00 -1.00 15 69 0.9012 -0.5486 0.006171
487.50 P 20260810 -1.00 -1.00 5 8 0.8556 -0.5700 0.006461
490.00 P 20260810 -1.00 -1.00 21 23 0.8897 -0.5805 0.006196
492.50 P 20260810 -1.00 -1.00 6 5 0.8573 -0.6015 0.006391
495.00 P 20260810 -1.00 -1.00 31 11 0.8626 -0.6164 0.006324
497.50 P 20260810 -1.00 -1.00 5 0 0.8633 -0.6301 0.006222
500.00 P 20260810 -1.00 -1.00 13 13 0.8655 -0.6431 0.006103
502.50 P 20260810 -1.00 -1.00 -1 0 0.8677 -0.6561 0.005985
505.00 P 20260810 -1.00 -1.00 21 6 0.8329 -0.6780 0.006057
507.50 P 20260810 -1.00 -1.00 -1 0 0.8449 -0.6888 0.005883
510.00 P 20260810 -1.00 -1.00 7 9 0.8306 -0.7067 0.005838
512.50 P 20260810 -1.00 -1.00 1 1 0.8348 -0.7195 0.005704
515.00 P 20260810 -1.00 -1.00 5 9 0.8350 -0.7334 0.005589
517.50 P 20260810 -1.00 -1.00 -1 0 0.8272 -0.7501 0.005502
520.00 P 20260810 -1.00 -1.00 6 7 0.8159 -0.7640 0.005376
522.50 P 20260810 -1.00 -1.00 1 1 0.8330 -0.7697 0.005182
525.00 P 20260810 -1.00 -1.00 9 6 0.8126 -0.7866 0.005064
527.50 P 20260810 -1.00 -1.00 -1 0 0.7911 -0.8047 0.004927
530.00 P 20260810 -1.00 -1.00 30 1 0.7820 -0.8192 0.004762
532.50 P 20260810 -1.00 -1.00 -1 0 0.7828 -0.8301 0.004589
535.00 P 20260810 -1.00 -1.00 -1 0 0.8206 -0.8268 0.004424
422.50 C 20260812 -1.00 -1.00 -1 0 1.1281 0.7524 0.003531
425.00 C 20260812 -1.00 -1.00 2 1 1.1228 0.7431 0.003616
427.50 C 20260812 -1.00 -1.00 2 0 1.1300 0.7322 0.003674
430.00 C 20260812 -1.00 -1.00 2 1 1.1257 0.7226 0.003759
432.50 C 20260812 -1.00 -1.00 15 10 1.1081 0.7145 0.003879
435.00 C 20260812 -1.00 -1.00 7 8 1.1172 0.7034 0.003931
437.50 C 20260812 -1.00 -1.00 10 0 1.1187 0.6931 0.004002
440.00 C 20260812 -1.00 -1.00 4 7 1.1098 0.6838 0.004104
442.50 C 20260812 -1.00 -1.00 4 2 1.1140 0.6725 0.004139
445.00 C 20260812 -1.00 -1.00 1 104 1.0965 0.6626 0.004238
447.50 C 20260812 -1.00 -1.00 -1 0 1.0889 0.6518 0.004304
450.00 C 20260812 -1.00 -1.00 1 292 1.0846 0.6406 0.004358
452.50 C 20260812 -1.00 -1.00 -1 0 1.0722 0.6297 0.004445
455.00 C 20260812 -1.00 -1.00 13 40 1.0663 0.6183 0.004508
457.50 C 20260812 -1.00 -1.00 -1 0 1.0686 0.6065 0.004538
460.00 C 20260812 -1.00 -1.00 6 10 1.0636 0.5949 0.004598
462.50 C 20260812 -1.00 -1.00 2 1 1.0594 0.5832 0.004655
465.00 C 20260812 -1.00 -1.00 6 101 1.0705 0.5714 0.004647
467.50 C 20260812 -1.00 -1.00 2 1 1.0647 0.5596 0.004711
470.00 C 20260812 -1.00 -1.00 4 25 1.0646 0.5479 0.004751
472.50 C 20260812 -1.00 -1.00 -1 0 1.0587 0.5360 0.004809
475.00 C 20260812 -1.00 -1.00 6 287 1.0512 0.5242 0.004831
477.50 C 20260812 -1.00 -1.00 3 6 1.0539 0.5128 0.004806
480.00 C 20260812 -1.00 -1.00 20 39 1.0417 0.5005 0.004849
482.50 C 20260812 -1.00 -1.00 1 5 1.0389 0.4886 0.004848
485.00 C 20260812 -1.00 -1.00 15 110 1.0370 0.4768 0.004844
487.50 C 20260812 -1.00 -1.00 11 5 1.0343 0.4648 0.004842
490.00 C 20260812 -1.00 -1.00 33 64 1.0160 0.4509 0.004913
492.50 C 20260812 -1.00 -1.00 28 58 1.0266 0.4403 0.004850
495.00 C 20260812 -1.00 -1.00 25 29 1.0324 0.4293 0.004810
497.50 C 20260812 -1.00 -1.00 1 1 1.0313 0.4174 0.004802
500.00 C 20260812 -1.00 -1.00 10 39 1.0379 0.4067 0.004759
502.50 C 20260812 -1.00 -1.00 2 76 1.0360 0.3947 0.004754
505.00 C 20260812 -1.00 -1.00 4 67 1.0368 0.3843 0.004709
507.50 C 20260812 -1.00 -1.00 2 50 1.0363 0.3742 0.004654
510.00 C 20260812 -1.00 -1.00 4 33 1.0132 0.3600 0.004679
512.50 C 20260812 -1.00 -1.00 2 0 1.0284 0.3528 0.004567
515.00 C 20260812 -1.00 -1.00 19 64 1.0201 0.3411 0.004536
517.50 C 20260812 -1.00 -1.00 -1 0 1.0136 0.3296 0.004498
520.00 C 20260812 -1.00 -1.00 13 8 1.0209 0.3211 0.004416
522.50 C 20260812 -1.00 -1.00 4 3 1.0188 0.3105 0.004364
525.00 C 20260812 -1.00 -1.00 23 37 1.0184 0.3002 0.004306
527.50 C 20260812 -1.00 -1.00 13 6 1.0154 0.2893 0.004255
530.00 C 20260812 -1.00 -1.00 15 54 1.0192 0.2802 0.004186
532.50 C 20260812 -1.00 -1.00 2 1 1.0358 0.2747 0.004088
535.00 C 20260812 -1.00 -1.00 1 0 1.0294 0.2629 0.004046
422.50 P 20260812 -1.00 -1.00 -1 0 0.9172 -0.2098 0.004013
425.00 P 20260812 -1.00 -1.00 4 69 0.9472 -0.2283 0.004044
427.50 P 20260812 -1.00 -1.00 5 21 0.9350 -0.2378 0.004180
430.00 P 20260812 -1.00 -1.00 3 17 0.9285 -0.2486 0.004304
432.50 P 20260812 -1.00 -1.00 22 1 0.9278 -0.2606 0.004413
435.00 P 20260812 -1.00 -1.00 17 28 0.8921 -0.2667 0.004646
437.50 P 20260812 -1.00 -1.00 8 5 0.8905 -0.2790 0.004766
440.00 P 20260812 -1.00 -1.00 17 22 0.8928 -0.2919 0.004872
442.50 P 20260812 -1.00 -1.00 4 7 0.8903 -0.3042 0.004997
445.00 P 20260812 -1.00 -1.00 5 26 0.8962 -0.3175 0.005085
447.50 P 20260812 -1.00 -1.00 2 2 0.8941 -0.3303 0.005190
450.00 P 20260812 -1.00 -1.00 6 19 0.8897 -0.3438 0.005268
452.50 P 20260812 -1.00 -1.00 2 1 0.8828 -0.3572 0.005361
455.00 P 20260812 -1.00 -1.00 5 3 0.8784 -0.3710 0.005441
457.50 P 20260812 -1.00 -1.00 -1 0 0.8732 -0.3849 0.005528
460.00 P 20260812 -1.00 -1.00 37 5 0.8769 -0.3994 0.005560
462.50 P 20260812 -1.00 -1.00 -1 0 0.8734 -0.4135 0.005638
465.00 P 20260812 -1.00 -1.00 22 7 0.9026 -0.4282 0.005511
467.50 P 20260812 -1.00 -1.00 6 3 0.9062 -0.4421 0.005542
470.00 P 20260812 -1.00 -1.00 44 1 0.9081 -0.4559 0.005583
472.50 P 20260812 -1.00 -1.00 2 0 0.9064 -0.4697 0.005634
475.00 P 20260812 -1.00 -1.00 93 5 0.8993 -0.4835 0.005659
477.50 P 20260812 -1.00 -1.00 3 2 0.9041 -0.4967 0.005609
480.00 P 20260812 -1.00 -1.00 19 3 0.8610 -0.5137 0.005867
482.50 P 20260812 -1.00 -1.00 7 10 0.8541 -0.5286 0.005891
485.00 P 20260812 -1.00 -1.00 1 2 0.8473 -0.5437 0.005915
487.50 P 20260812 -1.00 -1.00 12 3 0.8498 -0.5578 0.005875
490.00 P 20260812 -1.00 -1.00 13 16 0.8461 -0.5727 0.005877
492.50 P 20260812 -1.00 -1.00 12 3 0.8548 -0.5857 0.005798
495.00 P 20260812 -1.00 -1.00 -1 0 0.8480 -0.6013 0.005820
497.50 P 20260812 -1.00 -1.00 2 1 0.8588 -0.6135 0.005728
500.00 P 20260812 -1.00 -1.00 1 6 0.8436 -0.6290 0.005732
502.50 P 20260812 -1.00 -1.00 -1 0 0.8366 -0.6428 0.005680
505.00 P 20260812 -1.00 -1.00 10 10 0.8306 -0.6567 0.005620
507.50 P 20260812 -1.00 -1.00 2 1 0.8203 -0.6719 0.005579
510.00 P 20260812 -1.00 -1.00 2 1 0.8447 -0.6781 0.005372
512.50 P 20260812 -1.00 -1.00 -1 0 0.8197 -0.6976 0.005394
515.00 P 20260812 -1.00 -1.00 16 16 0.8440 -0.7031 0.005199
517.50 P 20260812 -1.00 -1.00 -1 0 0.8147 -0.7248 0.005226
520.00 P 20260812 -1.00 -1.00 5 5 0.8362 -0.7305 0.005051
522.50 P 20260812 -1.00 -1.00 -1 0 0.8103 -0.7514 0.005039
525.00 P 20260812 -1.00 -1.00 1 1 0.8332 -0.7545 0.004857
527.50 P 20260812 -1.00 -1.00 -1 0 0.8103 -0.7707 0.004782
530.00 P 20260812 -1.00 -1.00 10 0 0.8310 -0.7740 0.004619
532.50 P 20260812 -1.00 -1.00 -1 0 0.7671 -0.8051 0.004574
535.00 P 20260812 -1.00 -1.00 -1 0 0.7843 -0.8089 0.004419
422.50 C 20260814 -1.00 -1.00 -1 0 1.0572 0.7492 0.003475
425.00 C 20260814 -1.00 -1.00 3 26 1.0664 0.7382 0.003525
427.50 C 20260814 -1.00 -1.00 -1 0 1.0457 0.7311 0.003646
430.00 C 20260814 -1.00 -1.00 2 101 1.0514 0.7205 0.003704
432.50 C 20260814 -1.00 -1.00 -1 0 1.0597 0.7097 0.003754
435.00 C 20260814 -1.00 -1.00 1 309 1.0566 0.7003 0.003833
437.50 C 20260814 -1.00 -1.00 2 102 1.0595 0.6902 0.003896
440.00 C 20260814 -1.00 -1.00 17 409 1.0511 0.6810 0.003990
442.50 C 20260814 -1.00 -1.00 -1 0 1.0508 0.6701 0.004026
445.00 C 20260814 -1.00 -1.00 49 53 1.0309 0.6608 0.004135
447.50 C 20260814 -1.00 -1.00 1 0 1.0246 0.6501 0.004195
450.00 C 20260814 -1.00 -1.00 7 195 1.0311 0.6386 0.004206
452.50 C 20260814 -1.00 -1.00 -1 0 1.0256 0.6277 0.004264
455.00 C 20260814 -1.00 -1.00 6 71 1.0120 0.6171 0.004356
457.50 C 20260814 -1.00 -1.00 -1 0 1.0125 0.6058 0.004391
460.00 C 20260814 -1.00 -1.00 4 109 1.0100 0.5945 0.004438
462.50 C 20260814 -1.00 -1.00 3 3 1.0054 0.5832 0.004496
465.00 C 20260814 -1.00 -1.00 1 28 1.0023 0.5718 0.004547
467.50 C 20260814 -1.00 -1.00 2 2 1.0050 0.5604 0.004573
470.00 C 20260814 -1.00 -1.00 12 540 1.0106 0.5491 0.004584
472.50 C 20260814 -1.00 -1.00 100 1 1.0117 0.5379 0.004609
475.00 C 20260814 -1.00 -1.00 224 121 0.9989 0.5263 0.004657
477.50 C 20260814 -1.00 -1.00 10 2 0.9992 0.5152 0.004645
480.00 C 20260814 -1.00 -1.00 242 333 0.9908 0.5035 0.004672
482.50 C 20260814 -1.00 -1.00 32 11 0.9882 0.4921 0.004672
485.00 C 20260814 -1.00 -1.00 115 117 0.9806 0.4801 0.004696
487.50 C 20260814 -1.00 -1.00 127 11 0.9809 0.4688 0.004683
490.00 C 20260814 -1.00 -1.00 456 338 0.9848 0.4580 0.004653
492.50 C 20260814 -1.00 -1.00 22 9 0.9816 0.4463 0.004655
495.00 C 20260814 -1.00 -1.00 76 75 0.9783 0.4345 0.004658
497.50 C 20260814 -1.00 -1.00 42 2 0.9786 0.4232 0.004645
500.00 C 20260814 -1.00 -1.00 478 536 0.9853 0.4129 0.004603
502.50 C 20260814 -1.00 -1.00 10 7 0.9898 0.4025 0.004571
505.00 C 20260814 -1.00 -1.00 39 67 0.9882 0.3912 0.004561
507.50 C 20260814 -1.00 -1.00 1 19 0.9869 0.3814 0.004514
510.00 C 20260814 -1.00 -1.00 66 329 0.9776 0.3701 0.004495
512.50 C 20260814 -1.00 -1.00 8 126 0.9779 0.3605 0.004441
515.00 C 20260814 -1.00 -1.00 184 270 0.9766 0.3506 0.004393
517.50 C 20260814 -1.00 -1.00 206 0 0.9722 0.3400 0.004354
520.00 C 20260814 -1.00 -1.00 266 460 0.9701 0.3298 0.004307
522.50 C 20260814 -1.00 -1.00 68 2 0.9697 0.3200 0.004254
525.00 C 20260814 -1.00 -1.00 45 352 0.9692 0.3101 0.004201
527.50 C 20260814 -1.00 -1.00 97 1 0.9711 0.3009 0.004142
530.00 C 20260814 -1.00 -1.00 232 435 0.9714 0.2912 0.004087
532.50 C 20260814 -1.00 -1.00 151 0 0.9780 0.2834 0.004017
535.00 C 20260814 -1.00 -1.00 1 190 0.9775 0.2736 0.003965
422.50 P 20260814 -1.00 -1.00 3 2 0.8906 -0.2212 0.003880
425.00 P 20260814 -1.00 -1.00 54 986 0.8863 -0.2319 0.003990
427.50 P 20260814 -1.00 -1.00 3 2 0.8856 -0.2433 0.004091
430.00 P 20260814 -1.00 -1.00 186 340 0.8805 -0.2540 0.004206
432.50 P 20260814 -1.00 -1.00 3 1 0.8789 -0.2654 0.004311
435.00 P 20260814 -1.00 -1.00 22 151 0.8782 -0.2770 0.004413
437.50 P 20260814 -1.00 -1.00 3 1 0.8749 -0.2883 0.004526
440.00 P 20260814 -1.00 -1.00 48 212 0.8760 -0.3002 0.004623
442.50 P 20260814 -1.00 -1.00 53 0 0.8822 -0.3127 0.004698
445.00 P 20260814 -1.00 -1.00 18 118 0.8851 -0.3249 0.004780
447.50 P 20260814 -1.00 -1.00 51 0 0.8733 -0.3366 0.004888
450.00 P 20260814 -1.00 -1.00 134 1123 0.8721 -0.3496 0.004942
452.50 P 20260814 -1.00 -1.00 52 6 0.8642 -0.3620 0.005033
455.00 P 20260814 -1.00 -1.00 26 211 0.8652 -0.3753 0.005076
457.50 P 20260814 -1.00 -1.00 1 3 0.8574 -0.3881 0.005170
460.00 P 20260814 -1.00 -1.00 38 384 0.8629 -0.4017 0.005188
462.50 P 20260814 -1.00 -1.00 3 2 0.8587 -0.4149 0.005261
465.00 P 20260814 -1.00 -1.00 56 63 0.8634 -0.4283 0.005282
467.50 P 20260814 -1.00 -1.00 8 12 0.8637 -0.4415 0.005330
470.00 P 20260814 -1.00 -1.00 89 968 0.8581 -0.4550 0.005415
472.50 P 20260814 -1.00 -1.00 4 10 0.8593 -0.4683 0.005445
475.00 P 20260814 -1.00 -1.00 29 138 0.8601 -0.4813 0.005423
477.50 P 20260814 -1.00 -1.00 2 24 0.8543 -0.4946 0.005442
480.00 P 20260814 -1.00 -1.00 90 254 0.8543 -0.5077 0.005424
482.50 P 20260814 -1.00 -1.00 43 39 0.8443 -0.5217 0.005470
485.00 P 20260814 -1.00 -1.00 70 210 0.8379 -0.5357 0.005493
487.50 P 20260814 -1.00 -1.00 16 2 0.8451 -0.5481 0.005429
490.00 P 20260814 -1.00 -1.00 89 220 0.8487 -0.5608 0.005389
492.50 P 20260814 -1.00 -1.00 10 3 0.8445 -0.5746 0.005398
495.00 P 20260814 -1.00 -1.00 33 173 0.8459 -0.5876 0.005372
497.50 P 20260814 -1.00 -1.00 -1 0 0.8430 -0.6015 0.005372
500.00 P 20260814 -1.00 -1.00 36 416 0.8431 -0.6146 0.005346
502.50 P 20260814 -1.00 -1.00 -1 0 0.8366 -0.6272 0.005305
505.00 P 20260814 -1.00 -1.00 12 177 0.8310 -0.6398 0.005259
507.50 P 20260814 -1.00 -1.00 10 6 0.8365 -0.6500 0.005157
510.00 P 20260814 -1.00 -1.00 1 447 0.8221 -0.6650 0.005149
512.50 P 20260814 -1.00 -1.00 1 2 0.8229 -0.6764 0.005068
515.00 P 20260814 -1.00 -1.00 2 57 0.8236 -0.6878 0.004988
517.50 P 20260814 -1.00 -1.00 1 1 0.8275 -0.6983 0.004896
520.00 P 20260814 -1.00 -1.00 7 301 0.8124 -0.7146 0.004878
522.50 P 20260814 -1.00 -1.00 -1 0 0.8297 -0.7207 0.004736
525.00 P 20260814 -1.00 -1.00 6 162 0.8209 -0.7353 0.004691
527.50 P 20260814 -1.00 -1.00 5 0 0.8156 -0.7483 0.004622
530.00 P 20260814 -1.00 -1.00 297 1163 0.8160 -0.7570 0.004517
532.50 P 20260814 -1.00 -1.00 -1 0 0.8093 -0.7678 0.004425
535.00 P 20260814 -1.00 -1.00 1 309 0.7904 -0.7828 0.004347
425.00 C 20260821 -1.00 -1.00 60 34 0.9551 0.7243 0.003242
430.00 C 20260821 -1.00 -1.00 13 760 0.9489 0.7076 0.003374
435.00 C 20260821 -1.00 -1.00 22 165 0.9545 0.6895 0.003473
440.00 C 20260821 -1.00 -1.00 5 669 0.9427 0.6715 0.003579
445.00 C 20260821 -1.00 -1.00 11 147 0.9332 0.6527 0.003672
450.00 C 20260821 -1.00 -1.00 58 4486 0.9125 0.6342 0.003813
455.00 C 20260821 -1.00 -1.00 12 183 0.9140 0.6140 0.003868
460.00 C 20260821 -1.00 -1.00 139 1386 0.9155 0.5939 0.003923
465.00 C 20260821 -1.00 -1.00 5 318 0.9182 0.5739 0.003972
467.50 C 20260821 -1.00 -1.00 36 79 0.9201 0.5640 0.003994
470.00 C 20260821 -1.00 -1.00 114 1185 0.9203 0.5540 0.004024
472.50 C 20260821 -1.00 -1.00 5 83 0.9191 0.5441 0.004053
475.00 C 20260821 -1.00 -1.00 33 161 0.9139 0.5341 0.004070
477.50 C 20260821 -1.00 -1.00 4 27 0.9121 0.5243 0.004071
480.00 C 20260821 -1.00 -1.00 1226 1233 0.9063 0.5142 0.004089
482.50 C 20260821 -1.00 -1.00 18 62 0.9034 0.5042 0.004095
485.00 C 20260821 -1.00 -1.00 90 137 0.9016 0.4942 0.004095
487.50 C 20260821 -1.00 -1.00 53 64 0.9016 0.4843 0.004088
490.00 C 20260821 -1.00 -1.00 144 2153 0.8976 0.4740 0.004098
492.50 C 20260821 -1.00 -1.00 30 137 0.8993 0.4644 0.004083
495.00 C 20260821 -1.00 -1.00 124 282 0.8959 0.4540 0.004090
497.50 C 20260821 -1.00 -1.00 42 223 0.8988 0.4446 0.004070
500.00 C 20260821 -1.00 -1.00 541 12370 0.8954 0.4342 0.004077
502.50 C 20260821 -1.00 -1.00 31 90 0.8993 0.4250 0.004053
505.00 C 20260821 -1.00 -1.00 127 149 0.9016 0.4156 0.004035
507.50 C 20260821 -1.00 -1.00 97 94 0.9038 0.4062 0.004018
510.00 C 20260821 -1.00 -1.00 172 1356 0.9041 0.3967 0.004004
512.50 C 20260821 -1.00 -1.00 16 157 0.8990 0.3875 0.003984
515.00 C 20260821 -1.00 -1.00 75 260 0.8933 0.3779 0.003966
520.00 C 20260821 -1.00 -1.00 244 3176 0.8857 0.3594 0.003913
525.00 C 20260821 -1.00 -1.00 92 273 0.8845 0.3422 0.003837
530.00 C 20260821 -1.00 -1.00 1444 4774 0.8846 0.3253 0.003757
535.00 C 20260821 -1.00 -1.00 146 462 0.8853 0.3085 0.003675
425.00 P 20260821 -1.00 -1.00 77 289 0.8138 -0.2541 0.003642
430.00 P 20260821 -1.00 -1.00 151 1970 0.8136 -0.2744 0.003797
435.00 P 20260821 -1.00 -1.00 75 655 0.8148 -0.2949 0.003947
440.00 P 20260821 -1.00 -1.00 110 2284 0.8234 -0.3163 0.004067
445.00 P 20260821 -1.00 -1.00 71 570 0.8107 -0.3371 0.004208
450.00 P 20260821 -1.00 -1.00 571 6434 0.8083 -0.3595 0.004296
455.00 P 20260821 -1.00 -1.00 36 333 0.7958 -0.3815 0.004438
460.00 P 20260821 -1.00 -1.00 147 3394 0.7941 -0.4045 0.004526
465.00 P 20260821 -1.00 -1.00 79 148 0.7953 -0.4276 0.004597
467.50 P 20260821 -1.00 -1.00 57 65 0.7965 -0.4392 0.004630
470.00 P 20260821 -1.00 -1.00 129 2666 0.7988 -0.4507 0.004656
472.50 P 20260821 -1.00 -1.00 37 168 0.7970 -0.4623 0.004696
475.00 P 20260821 -1.00 -1.00 192 271 0.7945 -0.4736 0.004700
477.50 P 20260821 -1.00 -1.00 23 56 0.7909 -0.4851 0.004711
480.00 P 20260821 -1.00 -1.00 209 1719 0.7832 -0.4971 0.004747
482.50 P 20260821 -1.00 -1.00 37 287 0.7888 -0.5079 0.004702
485.00 P 20260821 -1.00 -1.00 48 168 0.7829 -0.5199 0.004726
487.50 P 20260821 -1.00 -1.00 13 141 0.7884 -0.5305 0.004682
490.00 P 20260821 -1.00 -1.00 181 1721 0.7831 -0.5426 0.004702
492.50 P 20260821 -1.00 -1.00 17 59 0.7892 -0.5530 0.004656
495.00 P 20260821 -1.00 -1.00 2 100 0.7793 -0.5661 0.004703
497.50 P 20260821 -1.00 -1.00 1 123 0.7882 -0.5758 0.004641
500.00 P 20260821 -1.00 -1.00 320 2652 0.7908 -0.5867 0.004616
502.50 P 20260821 -1.00 -1.00 15 62 0.7905 -0.5981 0.004607
505.00 P 20260821 -1.00 -1.00 22 115 0.7885 -0.6096 0.004598
507.50 P 20260821 -1.00 -1.00 9 95 0.7831 -0.6204 0.004572
510.00 P 20260821 -1.00 -1.00 25 1486 0.7759 -0.6318 0.004553
512.50 P 20260821 -1.00 -1.00 8 81 0.7718 -0.6426 0.004519
515.00 P 20260821 -1.00 -1.00 6 110 0.7716 -0.6525 0.004466
520.00 P 20260821 -1.00 -1.00 32 1539 0.7610 -0.6754 0.004402
525.00 P 20260821 -1.00 -1.00 2 197 0.7618 -0.6951 0.004289
530.00 P 20260821 -1.00 -1.00 42 1118 0.7563 -0.7172 0.004199
535.00 P 20260821 -1.00 -1.00 2 407 0.7568 -0.7373 0.004085
395.00 C 20260803 -1.00 -1.00 4 5 2.6090 0.8802 0.002604
397.50 C 20260803 -1.00 -1.00 2 0 2.6113 0.8709 0.002724
400.00 C 20260803 -1.00 -1.00 8 8 2.4862 0.8731 0.002833
402.50 C 20260803 -1.00 -1.00 2 0 2.3208 0.8799 0.002937
405.00 C 20260803 -1.00 -1.00 2 2 2.3411 0.8677 0.003089
407.50 C 20260803 -1.00 -1.00 5 5 2.2760 0.8641 0.003232
410.00 C 20260803 -1.00 -1.00 20 21 2.2249 0.8589 0.003386
412.50 C 20260803 -1.00 -1.00 2 1 2.1606 0.8548 0.003550
415.00 C 20260803 -1.00 -1.00 2 18 2.0799 0.8524 0.003728
417.50 C 20260803 -1.00 -1.00 1 4 2.0030 0.8494 0.003922
420.00 C 20260803 -1.00 -1.00 87 43 1.9634 0.8421 0.004127
395.00 P 20260803 -1.00 -1.00 160 332 1.3890 -0.0184 0.001082
397.50 P 20260803 -1.00 -1.00 10 33 1.3252 -0.0175 0.001082
400.00 P 20260803 -1.00 -1.00 1445 1568 1.2761 -0.0175 0.001124
402.50 P 20260803 -1.00 -1.00 71 72 1.2665 -0.0204 0.001296
405.00 P 20260803 -1.00 -1.00 78 396 1.2285 -0.0213 0.001388
407.50 P 20260803 -1.00 -1.00 287 61 1.1484 -0.0189 0.001339
410.00 P 20260803 -1.00 -1.00 567 162 1.1885 -0.0259 0.001711
412.50 P 20260803 -1.00 -1.00 33 97 1.2076 -0.0341 0.002097
415.00 P 20260803 -1.00 -1.00 166 231 1.1190 -0.0291 0.002007
417.50 P 20260803 -1.00 -1.00 117 56 1.1130 -0.0363 0.002391
420.00 P 20260803 -1.00 -1.00 946 218 1.0740 -0.0387 0.002609
395.00 C 20260805 -1.00 -1.00 4 18 1.8563 0.8601 0.002622
397.50 C 20260805 -1.00 -1.00 -1 0 1.8394 0.8537 0.002725
400.00 C 20260805 -1.00 -1.00 11 19 1.8158 0.8479 0.002833
402.50 C 20260805 -1.00 -1.00 10 1 1.7655 0.8450 0.002950
405.00 C 20260805 -1.00 -1.00 -1 0 1.7512 0.8378 0.003065
407.50 C 20260805 -1.00 -1.00 2 2 1.7703 0.8270 0.003170
410.00 C 20260805 -1.00 -1.00 1 2 1.7361 0.8218 0.003299
412.50 C 20260805 -1.00 -1.00 -1 0 1.7287 0.8136 0.003419
415.00 C 20260805 -1.00 -1.00 2 1 1.7587 0.8018 0.003511
417.50 C 20260805 -1.00 -1.00 -1 0 1.7139 0.7971 0.003663
420.00 C 20260805 -1.00 -1.00 1 7 1.7000 0.7877 0.003779
395.00 P 20260805 -1.00 -1.00 45 1254 1.3327 -0.0736 0.002289
397.50 P 20260805 -1.00 -1.00 14 481 1.3186 -0.0793 0.002442
400.00 P 20260805 -1.00 -1.00 224 209 1.3026 -0.0847 0.002597
402.50 P 20260805 -1.00 -1.00 918 23 1.3062 -0.0931 0.002786
405.00 P 20260805 -1.00 -1.00 134 1056 1.2904 -0.0988 0.002951
407.50 P 20260805 -1.00 -1.00 10 52 1.2960 -0.1076 0.003143
410.00 P 20260805 -1.00 -1.00 94 66 1.2842 -0.1139 0.003322
412.50 P 20260805 -1.00 -1.00 27 41 1.2772 -0.1220 0.003511
415.00 P 20260805 -1.00 -1.00 38 149 1.2625 -0.1310 0.003710
417.50 P 20260805 -1.00 -1.00 41 97 1.2610 -0.1427 0.003918
420.00 P 20260805 -1.00 -1.00 163 110 1.2377 -0.1506 0.004130
395.00 C 20260807 -1.00 -1.00 8 22 1.6052 0.8434 0.002602
397.50 C 20260807 -1.00 -1.00 22 10 1.5518 0.8422 0.002705
400.00 C 20260807 -1.00 -1.00 24 212 1.5112 0.8393 0.002812
402.50 C 20260807 -1.00 -1.00 4 0 1.5066 0.8317 0.002912
405.00 C 20260807 -1.00 -1.00 2 18 1.5091 0.8232 0.003008
407.50 C 20260807 -1.00 -1.00 25 25 1.4621 0.8206 0.003137
410.00 C 20260807 -1.00 -1.00 18 280 1.4735 0.8108 0.003231
412.50 C 20260807 -1.00 -1.00 1 0 1.4462 0.8055 0.003357
415.00 C 20260807 -1.00 -1.00 10 28 1.4296 0.7988 0.003480
417.50 C 20260807 -1.00 -1.00 4 16 1.4336 0.7878 0.003565
420.00 C 20260807 -1.00 -1.00 263 171 1.4093 0.7801 0.003689
395.00 P 20260807 -1.00 -1.00 180 528 1.1642 -0.0919 0.002465
397.50 P 20260807 -1.00 -1.00 109 128 1.1624 -0.0988 0.002612
400.00 P 20260807 -1.00 -1.00 826 9442 1.1698 -0.1070 0.002766
402.50 P 20260807 -1.00 -1.00 199 51 1.1691 -0.1140 0.002912
405.00 P 20260807 -1.00 -1.00 238 396 1.1707 -0.1233 0.003066
407.50 P 20260807 -1.00 -1.00 97 105 1.1619 -0.1319 0.003220
410.00 P 20260807 -1.00 -1.00 375 936 1.1551 -0.1410 0.003378
412.50 P 20260807 -1.00 -1.00 19 11 1.1464 -0.1499 0.003540
415.00 P 20260807 -1.00 -1.00 220 275 1.1449 -0.1602 0.003704
417.50 P 20260807 -1.00 -1.00 50 56 1.1241 -0.1671 0.003880
420.00 P 20260807 -1.00 -1.00 879 727 1.1401 -0.1806 0.004034
395.00 C 20260810 -1.00 -1.00 -1 0 1.2917 0.8435 0.002597
397.50 C 20260810 -1.00 -1.00 -1 0 1.2892 0.8362 0.002685
400.00 C 20260810 -1.00 -1.00 -1 0 1.3097 0.8256 0.002761
402.50 C 20260810 -1.00 -1.00 1 1 1.2713 0.8232 0.002872
405.00 C 20260810 -1.00 -1.00 17 17 1.2631 0.8164 0.002968
407.50 C 20260810 -1.00 -1.00 -1 0 1.2550 0.8096 0.003065
410.00 C 20260810 -1.00 -1.00 -1 0 1.2626 0.8007 0.003149
412.50 C 20260810 -1.00 -1.00 -1 0 1.2374 0.7950 0.003261
415.00 C 20260810 -1.00 -1.00 2 1 1.2315 0.7857 0.003346
417.50 C 20260810 -1.00 -1.00 2 0 1.1965 0.7809 0.003483
420.00 C 20260810 -1.00 -1.00 -1 0 1.1961 0.7704 0.003564
395.00 P 20260810 -1.00 -1.00 2 11 0.9589 -0.0962 0.002493
397.50 P 20260810 -1.00 -1.00 3 35 0.9579 -0.1030 0.002634
400.00 P 20260810 -1.00 -1.00 7 28 0.9599 -0.1103 0.002777
402.50 P 20260810 -1.00 -1.00 1 33 1.0004 -0.1276 0.002943
405.00 P 20260810 -1.00 -1.00 3 3 0.9961 -0.1364 0.003081
407.50 P 20260810 -1.00 -1.00 2 5 0.9790 -0.1424 0.003223
410.00 P 20260810 -1.00 -1.00 12 50 0.9663 -0.1496 0.003371
412.50 P 20260810 -1.00 -1.00 6 6 0.9381 -0.1534 0.003530
415.00 P 20260810 -1.00 -1.00 3 25 0.9453 -0.1654 0.003683
417.50 P 20260810 -1.00 -1.00 4 4 0.9286 -0.1722 0.003853
420.00 P 20260810 -1.00 -1.00 72 14 0.9443 -0.1858 0.003994
395.00 C 20260812 -1.00 -1.00 -1 0 1.2303 0.8330 0.002566
397.50 C 20260812 -1.00 -1.00 -1 0 1.2330 0.8253 0.002643
400.00 C 20260812 -1.00 -1.00 -1 0 1.2253 0.8190 0.002726
402.50 C 20260812 -1.00 -1.00 -1 0 1.2087 0.8139 0.002819
405.00 C 20260812 -1.00 -1.00 -1 0 1.1960 0.8082 0.002912
407.50 C 20260812 -1.00 -1.00 -1 0 1.1885 0.8016 0.003002
410.00 C 20260812 -1.00 -1.00 -1 0 1.1706 0.7951 0.003096
412.50 C 20260812 -1.00 -1.00 -1 0 1.1720 0.7852 0.003164
415.00 C 20260812 -1.00 -1.00 -1 0 1.1577 0.7777 0.003257
417.50 C 20260812 -1.00 -1.00 -1 0 1.1543 0.7685 0.003334
420.00 C 20260812 -1.00 -1.00 -1 0 1.1469 0.7597 0.003420
395.00 P 20260812 -1.00 -1.00 2 33 0.9493 -0.1128 0.002574
397.50 P 20260812 -1.00 -1.00 1 0 0.9679 -0.1257 0.002707
400.00 P 20260812 -1.00 -1.00 48 49 0.9664 -0.1345 0.002829
402.50 P 20260812 -1.00 -1.00 5 5 0.9572 -0.1415 0.002951
405.00 P 20260812 -1.00 -1.00 38 20 0.9468 -0.1484 0.003078
407.50 P 20260812 -1.00 -1.00 1 0 0.9493 -0.1583 0.003204
410.00 P 20260812 -1.00 -1.00 2 12 0.9517 -0.1681 0.003328
412.50 P 20260812 -1.00 -1.00 4 1 0.9363 -0.1742 0.003468
415.00 P 20260812 -1.00 -1.00 42 24 0.9362 -0.1836 0.003598
417.50 P 20260812 -1.00 -1.00 2 0 0.9425 -0.1942 0.003719
420.00 P 20260812 -1.00 -1.00 14 2 0.9546 -0.2062 0.003823
395.00 C 20260814 -1.00 -1.00 4 12 1.1507 0.8295 0.002550
397.50 C 20260814 -1.00 -1.00 -1 0 1.1603 0.8210 0.002619
400.00 C 20260814 -1.00 -1.00 3 25 1.1472 0.8157 0.002704
402.50 C 20260814 -1.00 -1.00 -1 0 1.1473 0.8085 0.002780
405.00 C 20260814 -1.00 -1.00 4 10 1.1096 0.8064 0.002895
407.50 C 20260814 -1.00 -1.00 -1 0 1.1142 0.7974 0.002963
410.00 C 20260814 -1.00 -1.00 1 18 1.1028 0.7900 0.003046
412.50 C 20260814 -1.00 -1.00 -1 0 1.0932 0.7822 0.003128
415.00 C 20260814 -1.00 -1.00 35 23 1.0810 0.7747 0.003217
417.50 C 20260814 -1.00 -1.00 -1 0 1.0866 0.7642 0.003275
420.00 C 20260814 -1.00 -1.00 1 40 1.0737 0.7565 0.003369
395.00 P 20260814 -1.00 -1.00 26 107 0.9163 -0.1241 0.002599
397.50 P 20260814 -1.00 -1.00 5 39 0.9113 -0.1317 0.002713
400.00 P 20260814 -1.00 -1.00 115 383 0.9064 -0.1394 0.002828
402.50 P 20260814 -1.00 -1.00 5 2 0.9015 -0.1472 0.002946
405.00 P 20260814 -1.00 -1.00 33 156 0.8989 -0.1556 0.003065
407.50 P 20260814 -1.00 -1.00 3 1 0.8964 -0.1641 0.003186
410.00 P 20260814 -1.00 -1.00 29 264 0.9022 -0.1743 0.003300
412.50 P 20260814 -1.00 -1.00 13 3 0.8973 -0.1823 0.003424
415.00 P 20260814 -1.00 -1.00 24 138 0.8960 -0.1911 0.003545
417.50 P 20260814 -1.00 -1.00 2 1 0.9039 -0.2016 0.003652
420.00 P 20260814 -1.00 -1.00 77 1026 0.8975 -0.2112 0.003766
400.00 C 20260821 -1.00 -1.00 30 4721 1.0169 0.7993 0.002579
410.00 C 20260821 -1.00 -1.00 2 828 0.9773 0.7728 0.002856
415.00 C 20260821 -1.00 -1.00 2 33 0.9715 0.7566 0.002978
420.00 C 20260821 -1.00 -1.00 3 900 0.9522 0.7422 0.003134
400.00 P 20260821 -1.00 -1.00 882 5567 0.8389 -0.1679 0.002772
410.00 P 20260821 -1.00 -1.00 219 1531 0.8396 -0.1996 0.003129
415.00 P 20260821 -1.00 -1.00 23 432 0.8292 -0.2170 0.003299
420.00 P 20260821 -1.00 -1.00 199 2835 0.8169 -0.2344 0.003480
537.50 C 20260803 -1.00 -1.00 223 167 1.0480 0.0264 0.001950
540.00 C 20260803 -1.00 -1.00 1112 330 1.0082 0.0181 0.001468
542.50 C 20260803 -1.00 -1.00 205 65 1.0141 0.0149 0.001239
545.00 C 20260803 -1.00 -1.00 223 172 1.0776 0.0182 0.001381
547.50 C 20260803 -1.00 -1.00 21 35 1.1045 0.0175 0.001301
550.00 C 20260803 -1.00 -1.00 3417 1905 1.1072 0.0142 0.001094
552.50 C 20260803 -1.00 -1.00 232 100 1.0880 0.0112 0.000901
555.00 C 20260803 -1.00 -1.00 271 56 1.0859 0.0095 0.000778
557.50 C 20260803 -1.00 -1.00 112 98 1.2259 0.0163 0.001109
560.00 C 20260803 -1.00 -1.00 199 260 1.1303 0.0087 0.000694
562.50 C 20260803 -1.00 -1.00 22 98 1.2753 0.0149 0.000987
565.00 C 20260803 -1.00 -1.00 250 111 1.2786 0.0129 0.000872
537.50 P 20260803 -1.00 -1.00 13 5 -1.0000 -1.0000 -1.000000
540.00 P 20260803 -1.00 -1.00 7 17 -1.0000 -1.0000 -1.000000
542.50 P 20260803 -1.00 -1.00 2 7 -1.0000 -1.0000 -1.000000
545.00 P 20260803 -1.00 -1.00 4 12 -1.0000 -1.0000 -1.000000
547.50 P 20260803 -1.00 -1.00 20 27 -1.0000 -1.0000 -1.000000
550.00 P 20260803 -1.00 -1.00 2 8 -1.0000 -1.0000 -1.000000
552.50 P 20260803 -1.00 -1.00 1 1 -1.0000 -1.0000 -1.000000
555.00 P 20260803 -1.00 -1.00 1 1 -1.0000 -1.0000 -1.000000
557.50 P 20260803 -1.00 -1.00 20 22 -1.0000 -1.0000 -1.000000
560.00 P 20260803 -1.00 -1.00 1 2 -1.0000 -1.0000 -1.000000
562.50 P 20260803 -1.00 -1.00 1 0 -1.0000 -1.0000 -1.000000
565.00 P 20260803 -1.00 -1.00 41 42 -1.0000 -1.0000 -1.000000
537.50 C 20260805 -1.00 -1.00 79 75 1.3880 0.1870 0.004229
540.00 C 20260805 -1.00 -1.00 157 276 1.3331 0.1650 0.004088
542.50 C 20260805 -1.00 -1.00 64 48 1.3302 0.1541 0.003942
545.00 C 20260805 -1.00 -1.00 44 144 1.3597 0.1512 0.003815
547.50 C 20260805 -1.00 -1.00 23 18 1.3416 0.1404 0.003671
550.00 C 20260805 -1.00 -1.00 1954 1020 1.3414 0.1338 0.003537
552.50 C 20260805 -1.00 -1.00 31 22 1.3669 0.1317 0.003429
555.00 C 20260805 -1.00 -1.00 45 60 1.4320 0.1364 0.003361
557.50 C 20260805 -1.00 -1.00 17 61 1.3666 0.1188 0.003172
560.00 C 20260805 -1.00 -1.00 196 177 1.3455 0.1083 0.003010
562.50 C 20260805 -1.00 -1.00 24 53 1.3718 0.1069 0.002924
565.00 C 20260805 -1.00 -1.00 1013 24 1.3632 0.0988 0.002780
537.50 P 20260805 -1.00 -1.00 1 19 0.7930 -0.9515 0.002859
540.00 P 20260805 -1.00 -1.00 13 23 0.8710 -0.9404 0.003048
542.50 P 20260805 -1.00 -1.00 2 15 0.7870 -0.9665 0.002208
545.00 P 20260805 -1.00 -1.00 1 25 -1.0000 -1.0000 -1.000000
547.50 P 20260805 -1.00 -1.00 4 11 -1.0000 -1.0000 -1.000000
550.00 P 20260805 -1.00 -1.00 1 20 -1.0000 -1.0000 -1.000000
552.50 P 20260805 -1.00 -1.00 2 1 -1.0000 -1.0000 -1.000000
555.00 P 20260805 -1.00 -1.00 8 6 -1.0000 -1.0000 -1.000000
557.50 P 20260805 -1.00 -1.00 1 4 -1.0000 -1.0000 -1.000000
560.00 P 20260805 -1.00 -1.00 2 22 -1.0000 -1.0000 -1.000000
562.50 P 20260805 -1.00 -1.00 4 2 -1.0000 -1.0000 -1.000000
565.00 P 20260805 -1.00 -1.00 1 9 -1.0000 -1.0000 -1.000000
537.50 C 20260807 -1.00 -1.00 43 22 1.2054 0.2116 0.004184
540.00 C 20260807 -1.00 -1.00 525 2218 1.2058 0.2028 0.004073
542.50 C 20260807 -1.00 -1.00 105 54 1.2078 0.1943 0.003962
545.00 C 20260807 -1.00 -1.00 125 493 1.2128 0.1867 0.003851
547.50 C 20260807 -1.00 -1.00 43 126 1.2162 0.1787 0.003742
550.00 C 20260807 -1.00 -1.00 2021 3238 1.2166 0.1700 0.003633
552.50 C 20260807 -1.00 -1.00 196 93 1.2230 0.1629 0.003528
555.00 C 20260807 -1.00 -1.00 572 338 1.2264 0.1551 0.003422
557.50 C 20260807 -1.00 -1.00 24 198 1.2338 0.1489 0.003322
560.00 C 20260807 -1.00 -1.00 405 1779 1.2198 0.1407 0.003215
562.50 C 20260807 -1.00 -1.00 82 124 1.2307 0.1371 0.003123
565.00 C 20260807 -1.00 -1.00 257 922 1.2146 0.1282 0.003008
537.50 P 20260807 -1.00 -1.00 13 27 0.9380 -0.8616 0.004187
540.00 P 20260807 -1.00 -1.00 31 193 0.8810 -0.8843 0.003904
542.50 P 20260807 -1.00 -1.00 26 21 0.8974 -0.8878 0.003747
545.00 P 20260807 -1.00 -1.00 25 189 0.8863 -0.8991 0.003520
547.50 P 20260807 -1.00 -1.00 45 47 0.7964 -0.9331 0.002944
550.00 P 20260807 -1.00 -1.00 24 282 0.8061 -0.9361 0.002802
552.50 P 20260807 -1.00 -1.00 2 8 0.7398 -0.9581 0.002237
555.00 P 20260807 -1.00 -1.00 11 120 0.6480 -0.9813 0.001457
557.50 P 20260807 -1.00 -1.00 12 6 0.6974 -0.9756 0.001621
560.00 P 20260807 -1.00 -1.00 4 81 -1.0000 -1.0000 -1.000000
562.50 P 20260807 -1.00 -1.00 -1 0 -1.0000 -1.0000 -1.000000
565.00 P 20260807 -1.00 -1.00 1 71 -1.0000 -1.0000 -1.000000
537.50 C 20260810 -1.00 -1.00 -1 0 1.0546 0.2341 0.004096
540.00 C 20260810 -1.00 -1.00 98 62 1.0216 0.2177 0.004037
542.50 C 20260810 -1.00 -1.00 1 1 1.0500 0.2167 0.003916
545.00 C 20260810 -1.00 -1.00 8 9 1.0490 0.2083 0.003824
547.50 C 20260810 -1.00 -1.00 3 4 1.0529 0.2012 0.003729
550.00 C 20260810 -1.00 -1.00 51 140 1.0579 0.1944 0.003635
552.50 C 20260810 -1.00 -1.00 3 2 1.0520 0.1847 0.003545
555.00 C 20260810 -1.00 -1.00 3 6 1.0546 0.1773 0.003452
557.50 C 20260810 -1.00 -1.00 6 4 1.0524 0.1685 0.003360
560.00 C 20260810 -1.00 -1.00 16 8 1.0622 0.1634 0.003272
562.50 C 20260810 -1.00 -1.00 7 3 1.0672 0.1569 0.003184
565.00 C 20260810 -1.00 -1.00 7 39 1.0718 0.1508 0.003099
537.50 P 20260810 -1.00 -1.00 5 5 0.7719 -0.8565 0.004229
540.00 P 20260810 -1.00 -1.00 1 1 0.7391 -0.8742 0.004009
542.50 P 20260810 -1.00 -1.00 -1 0 0.7541 -0.8771 0.003861
545.00 P 20260810 -1.00 -1.00 2 3 0.7818 -0.8758 0.003749
547.50 P 20260810 -1.00 -1.00 2 2 0.7342 -0.8995 0.003442
550.00 P 20260810 -1.00 -1.00 3 6 0.7157 -0.9147 0.003170
552.50 P 20260810 -1.00 -1.00 -1 0 0.7048 -0.9270 0.002913
555.00 P 20260810 -1.00 -1.00 -1 0 0.6775 -0.9390 0.002643
557.50 P 20260810 -1.00 -1.00 -1 0 0.6161 -0.9634 0.002052
560.00 P 20260810 -1.00 -1.00 22 11 0.6034 -0.9716 0.001786
562.50 P 20260810 -1.00 -1.00 -1 0 -1.0000 -1.0000 -1.000000
565.00 P 20260810 -1.00 -1.00 10 3 -1.0000 -1.0000 -1.000000
537.50 C 20260812 -1.00 -1.00 8 1 1.0239 0.2530 0.003987
540.00 C 20260812 -1.00 -1.00 32 14 1.0272 0.2463 0.003904
542.50 C 20260812 -1.00 -1.00 2 0 1.0217 0.2375 0.003834
545.00 C 20260812 -1.00 -1.00 53 29 1.0185 0.2291 0.003759
547.50 C 20260812 -1.00 -1.00 2 1 1.0119 0.2199 0.003686
550.00 C 20260812 -1.00 -1.00 7 40 1.0141 0.2129 0.003605
552.50 C 20260812 -1.00 -1.00 1 1 1.0142 0.2054 0.003526
555.00 C 20260812 -1.00 -1.00 3 4 1.0272 0.2016 0.003441
557.50 C 20260812 -1.00 -1.00 1 1 1.0153 0.1906 0.003367
560.00 C 20260812 -1.00 -1.00 2 4 1.0002 0.1784 0.003287
562.50 C 20260812 -1.00 -1.00 -1 0 1.0186 0.1765 0.003209
565.00 C 20260812 -1.00 -1.00 1 0 1.0219 0.1701 0.003131
537.50 P 20260812 -1.00 -1.00 -1 0 0.8159 -0.8074 0.004266
540.00 P 20260812 -1.00 -1.00 1 1 0.7777 -0.8317 0.004144
542.50 P 20260812 -1.00 -1.00 -1 0 0.7692 -0.8455 0.003999
545.00 P 20260812 -1.00 -1.00 -1 0 0.8095 -0.8389 0.003885
547.50 P 20260812 -1.00 -1.00 -1 0 0.7701 -0.8614 0.003721
550.00 P 20260812 -1.00 -1.00 1 2 0.7915 -0.8616 0.003614
552.50 P 20260812 -1.00 -1.00 -1 0 0.7258 -0.8899 0.003351
555.00 P 20260812 -1.00 -1.00 -1 0 0.7817 -0.8777 0.003344
557.50 P 20260812 -1.00 -1.00 -1 0 0.7025 -0.9136 0.002951
560.00 P 20260812 -1.00 -1.00 2 2 0.7038 -0.9205 0.002793
562.50 P 20260812 -1.00 -1.00 -1 0 0.6620 -0.9383 0.002482
565.00 P 20260812 -1.00 -1.00 -1 0 0.6774 -0.9385 0.002417
537.50 C 20260814 -1.00 -1.00 64 2 0.9832 0.2657 0.003899
540.00 C 20260814 -1.00 -1.00 42 493 0.9910 0.2588 0.003828
542.50 C 20260814 -1.00 -1.00 9 8 0.9737 0.2475 0.003784
545.00 C 20260814 -1.00 -1.00 118 245 0.9797 0.2419 0.003705
547.50 C 20260814 -1.00 -1.00 3 5 0.9837 0.2358 0.003630
550.00 C 20260814 -1.00 -1.00 187 606 0.9726 0.2256 0.003570
552.50 C 20260814 -1.00 -1.00 4 6 0.9775 0.2198 0.003495
555.00 C 20260814 -1.00 -1.00 30 609 0.9734 0.2115 0.003426
557.50 C 20260814 -1.00 -1.00 2 0 0.9774 0.2055 0.003352
560.00 C 20260814 -1.00 -1.00 106 215 0.9654 0.1946 0.003285
562.50 C 20260814 -1.00 -1.00 3 1 0.9782 0.1914 0.003210
565.00 C 20260814 -1.00 -1.00 14 132 0.9811 0.1852 0.003139
537.50 P 20260814 -1.00 -1.00 -1 0 0.7939 -0.7906 0.004231
540.00 P 20260814 -1.00 -1.00 3 116 0.7761 -0.8062 0.004135
542.50 P 20260814 -1.00 -1.00 1 1 0.7906 -0.8099 0.004012
545.00 P 20260814 -1.00 -1.00 1 45 0.7890 -0.8197 0.003901
547.50 P 20260814 -1.00 -1.00 1 1 0.7862 -0.8299 0.003788
550.00 P 20260814 -1.00 -1.00 3 308 0.7733 -0.8445 0.003668
552.50 P 20260814 -1.00 -1.00 -1 0 0.7844 -0.8490 0.003559
555.00 P 20260814 -1.00 -1.00 1 44 0.7801 -0.8573 0.003445
557.50 P 20260814 -1.00 -1.00 -1 0 0.7531 -0.8719 0.003302
560.00 P 20260814 -1.00 -1.00 2 77 0.7590 -0.8762 0.003196
562.50 P 20260814 -1.00 -1.00 -1 0 0.7304 -0.8926 0.003012
565.00 P 20260814 -1.00 -1.00 6 31 0.7182 -0.9039 0.002847
540.00 C 20260821 -1.00 -1.00 163 2095 0.8909 0.2934 0.003581
542.50 C 20260821 -1.00 -1.00 40 103 0.8891 0.2844 0.003546
545.00 C 20260821 -1.00 -1.00 31 141 0.8953 0.2780 0.003492
547.50 C 20260821 -1.00 -1.00 16 65 0.8990 0.2708 0.003445
550.00 C 20260821 -1.00 -1.00 702 4010 0.8995 0.2631 0.003402
552.50 C 20260821 -1.00 -1.00 10 27 0.8944 0.2556 0.003358
555.00 C 20260821 -1.00 -1.00 28 410 0.8925 0.2489 0.003308
560.00 C 20260821 -1.00 -1.00 146 2106 0.8896 0.2356 0.003205
565.00 C 20260821 -1.00 -1.00 125 937 0.8836 0.2213 0.003103
540.00 P 20260821 -1.00 -1.00 4 856 0.7473 -0.7568 0.003961
542.50 P 20260821 -1.00 -1.00 -1 0 0.7313 -0.7699 0.003913
545.00 P 20260821 -1.00 -1.00 1 106 0.7275 -0.7791 0.003837
547.50 P 20260821 -1.00 -1.00 2 3 0.7317 -0.7854 0.003750
550.00 P 20260821 -1.00 -1.00 4 1763 0.7423 -0.7891 0.003657
552.50 P 20260821 -1.00 -1.00 2 25 0.7336 -0.8002 0.003586
555.00 P 20260821 -1.00 -1.00 6 235 0.7337 -0.8080 0.003505
560.00 P 20260821 -1.00 -1.00 8 791 0.7274 -0.8264 0.003345
565.00 P 20260821 -1.00 -1.00 58 70 0.7352 -0.8386 0.003183
352.50 C 20260803 -1.00 -1.00 -1 0 3.6531 0.9162 0.001413
355.00 C 20260803 -1.00 -1.00 2 1 3.6628 0.9111 0.001476
357.50 C 20260803 -1.00 -1.00 2 1 3.5849 0.9101 0.001522
360.00 C 20260803 -1.00 -1.00 2 0 3.5293 0.9080 0.001574
362.50 C 20260803 -1.00 -1.00 -1 0 3.6047 0.8998 0.001651
365.00 C 20260803 -1.00 -1.00 2 1 3.3978 0.9046 0.001682
367.50 C 20260803 -1.00 -1.00 2 1 3.3435 0.9024 0.001741
370.00 C 20260803 -1.00 -1.00 12 8 3.2519 0.9019 0.001796
372.50 C 20260803 -1.00 -1.00 2 1 3.1824 0.9004 0.001859
375.00 C 20260803 -1.00 -1.00 1 1 3.1348 0.8976 0.001928
377.50 C 20260803 -1.00 -1.00 1 2 3.0290 0.8979 0.001989
380.00 C 20260803 -1.00 -1.00 8 17 2.9610 0.8962 0.002062
382.50 C 20260803 -1.00 -1.00 6 1 2.8987 0.8941 0.002140
385.00 C 20260803 -1.00 -1.00 -1 0 2.8369 0.8920 0.002222
387.50 C 20260803 -1.00 -1.00 -1 0 2.7860 0.8891 0.002310
390.00 C 20260803 -1.00 -1.00 1 1 2.7787 0.8828 0.002411
392.50 C 20260803 -1.00 -1.00 2 0 2.6936 0.8815 0.002504
352.50 P 20260803 -1.00 -1.00 49 3 1.8205 -0.0039 0.000212
355.00 P 20260803 -1.00 -1.00 28 20 1.7176 -0.0030 0.000180
357.50 P 20260803 -1.00 -1.00 92 5 1.6320 -0.0026 0.000162
360.00 P 20260803 -1.00 -1.00 471 93 1.6436 -0.0032 0.000195
362.50 P 20260803 -1.00 -1.00 143 5 1.6389 -0.0038 0.000228
365.00 P 20260803 -1.00 -1.00 88 36 1.7904 -0.0089 0.000452
367.50 P 20260803 -1.00 -1.00 67 19 1.7497 -0.0091 0.000472
370.00 P 20260803 -1.00 -1.00 501 44 1.7756 -0.0116 0.000573
372.50 P 20260803 -1.00 -1.00 87 12 1.5658 -0.0068 0.000400
375.00 P 20260803 -1.00 -1.00 119 433 1.4747 -0.0053 0.000344
377.50 P 20260803 -1.00 -1.00 447 8 1.5128 -0.0079 0.000475
380.00 P 20260803 -1.00 -1.00 266 382 1.5644 -0.0107 0.000612
382.50 P 20260803 -1.00 -1.00 97 54 1.5682 -0.0140 0.000756
385.00 P 20260803 -1.00 -1.00 105 531 1.4645 -0.0106 0.000644
387.50 P 20260803 -1.00 -1.00 77 41 1.5175 -0.0170 0.000922
390.00 P 20260803 -1.00 -1.00 304 153 1.3841 -0.0114 0.000725
392.50 P 20260803 -1.00 -1.00 8 19 1.4244 -0.0174 0.001006
352.50 C 20260805 -1.00 -1.00 -1 0 2.4723 0.9097 0.001442
355.00 C 20260805 -1.00 -1.00 1 1 2.3960 0.9104 0.001479
357.50 C 20260805 -1.00 -1.00 -1 0 2.4129 0.9046 0.001543
360.00 C 20260805 -1.00 -1.00 1 1 2.3302 0.9057 0.001583
362.50 C 20260805 -1.00 -1.00 2 2 2.3402 0.9003 0.001648
365.00 C 20260805 -1.00 -1.00 1 0 2.2902 0.8990 0.001701
367.50 C 20260805 -1.00 -1.00 -1 0 2.2475 0.8972 0.001758
370.00 C 20260805 -1.00 -1.00 6 0 2.2612 0.8914 0.001827
372.50 C 20260805 -1.00 -1.00 -1 0 2.2307 0.8882 0.001891
375.00 C 20260805 -1.00 -1.00 3 2 2.1841 0.8859 0.001957
377.50 C 20260805 -1.00 -1.00 1 2 2.1031 0.8873 0.002018
380.00 C 20260805 -1.00 -1.00 -1 0 2.1080 0.8793 0.002100
382.50 C 20260805 -1.00 -1.00 1 1 2.0324 0.8801 0.002171
385.00 C 20260805 -1.00 -1.00 -1 0 1.9963 0.8764 0.002253
387.50 C 20260805 -1.00 -1.00 -1 0 1.9627 0.8723 0.002339
390.00 C 20260805 -1.00 -1.00 1 1 1.9338 0.8676 0.002429
392.50 C 20260805 -1.00 -1.00 40 41 1.8961 0.8638 0.002523
352.50 P 20260805 -1.00 -1.00 61 0 1.6046 -0.0238 0.000766
355.00 P 20260805 -1.00 -1.00 18 32 1.5434 -0.0227 0.000765
357.50 P 20260805 -1.00 -1.00 2 0 1.5656 -0.0261 0.000852
360.00 P 20260805 -1.00 -1.00 64 27 1.4100 -0.0196 0.000733
362.50 P 20260805 -1.00 -1.00 36 5 1.5358 -0.0312 0.000998
365.00 P 20260805 -1.00 -1.00 7 94 1.4730 -0.0290 0.000983
367.50 P 20260805 -1.00 -1.00 14 1 1.4324 -0.0289 0.001010
370.00 P 20260805 -1.00 -1.00 29 77 1.4163 -0.0315 0.001092
372.50 P 20260805 -1.00 -1.00 3 142 1.4232 -0.0366 0.001224
375.00 P 20260805 -1.00 -1.00 6 124 1.3352 -0.0314 0.001156
377.50 P 20260805 -1.00 -1.00 5 154 1.3770 -0.0406 0.001376
380.00 P 20260805 -1.00 -1.00 92 1701 1.3339 -0.0405 0.001418
382.50 P 20260805 -1.00 -1.00 8 156 1.2982 -0.0412 0.001477
385.00 P 20260805 -1.00 -1.00 35 280 1.3801 -0.0543 0.001755
387.50 P 20260805 -1.00 -1.00 2 122 1.3114 -0.0520 0.001778
390.00 P 20260805 -1.00 -1.00 23 104 1.3679 -0.0639 0.002014
392.50 P 20260805 -1.00 -1.00 19 199 1.3366 -0.0665 0.002121
352.50 C 20260807 -1.00 -1.00 -1 0 2.0251 0.9053 0.001457
355.00 C 20260807 -1.00 -1.00 5 9 2.0040 0.9026 0.001506
357.50 C 20260807 -1.00 -1.00 -1 0 1.9802 0.9000 0.001557
360.00 C 20260807 -1.00 -1.00 28 25 1.8119 0.9099 0.001564
362.50 C 20260807 -1.00 -1.00 8 0 1.9020 0.8972 0.001656
365.00 C 20260807 -1.00 -1.00 10 19 1.8141 0.9000 0.001696
367.50 C 20260807 -1.00 -1.00 -1 0 1.8446 0.8926 0.001768
370.00 C 20260807 -1.00 -1.00 5 25 1.8502 0.8861 0.001835
372.50 C 20260807 -1.00 -1.00 2 2 1.8164 0.8834 0.001898
375.00 C 20260807 -1.00 -1.00 1 12 1.7958 0.8789 0.001965
377.50 C 20260807 -1.00 -1.00 -1 0 1.7329 0.8797 0.002029
380.00 C 20260807 -1.00 -1.00 11 66 1.6448 0.8842 0.002090
382.50 C 20260807 -1.00 -1.00 1 38 1.6817 0.8717 0.002178
385.00 C 20260807 -1.00 -1.00 8 17 1.6563 0.8675 0.002258
387.50 C 20260807 -1.00 -1.00 8 8 1.6330 0.8630 0.002341
390.00 C 20260807 -1.00 -1.00 2 28 1.6079 0.8586 0.002427
392.50 C 20260807 -1.00 -1.00 5 5 1.6084 0.8508 0.002514
352.50 P 20260807 -1.00 -1.00 7 2 1.2927 -0.0246 0.000782
355.00 P 20260807 -1.00 -1.00 79 138 1.2982 -0.0282 0.000870
357.50 P 20260807 -1.00 -1.00 9 159 1.2778 -0.0297 0.000919
360.00 P 20260807 -1.00 -1.00 144 184 1.2663 -0.0323 0.000990
362.50 P 20260807 -1.00 -1.00 7 25 1.2491 -0.0342 0.001052
365.00 P 20260807 -1.00 -1.00 61 331 1.2407 -0.0372 0.001133
367.50 P 20260807 -1.00 -1.00 13 135 1.2546 -0.0428 0.001257
370.00 P 20260807 -1.00 -1.00 325 232 1.2231 -0.0432 0.001301
372.50 P 20260807 -1.00 -1.00 10 34 1.2111 -0.0459 0.001383
375.00 P 20260807 -1.00 -1.00 390 384 1.2106 -0.0500 0.001486
377.50 P 20260807 -1.00 -1.00 23 65 1.2035 -0.0533 0.001579
380.00 P 20260807 -1.00 -1.00 2174 4146 1.2159 -0.0589 0.001702
382.50 P 20260807 -1.00 -1.00 5 66 1.1864 -0.0604 0.001777
385.00 P 20260807 -1.00 -1.00 90 3140 1.1950 -0.0690 0.001937
387.50 P 20260807 -1.00 -1.00 17 23 1.1767 -0.0728 0.002045
390.00 P 20260807 -1.00 -1.00 621 316 1.1667 -0.0781 0.002174
392.50 P 20260807 -1.00 -1.00 7 23 1.1638 -0.0847 0.002317
352.50 C 20260810 -1.00 -1.00 -1 0 1.6190 0.9063 0.001452
355.00 C 20260810 -1.00 -1.00 1 1 1.6066 0.9031 0.001503
357.50 C 20260810 -1.00 -1.00 -1 0 1.5897 0.9004 0.001554
360.00 C 20260810 -1.00 -1.00 -1 0 1.5684 0.8980 0.001605
362.50 C 20260810 -1.00 -1.00 3 3 1.5450 0.8958 0.001657
365.00 C 20260810 -1.00 -1.00 -1 0 1.5308 0.8926 0.001714
367.50 C 20260810 -1.00 -1.00 2 1 1.5146 0.8889 0.001773
370.00 C 20260810 -1.00 -1.00 -1 0 1.4947 0.8852 0.001834
372.50 C 20260810 -1.00 -1.00 -1 0 1.4735 0.8815 0.001898
375.00 C 20260810 -1.00 -1.00 -1 0 1.4360 0.8803 0.001961
377.50 C 20260810 -1.00 -1.00 1 0 1.4152 0.8765 0.002030
380.00 C 20260810 -1.00 -1.00 32 0 1.3929 0.8728 0.002102
382.50 C 20260810 -1.00 -1.00 -1 0 1.3856 0.8667 0.002177
385.00 C 20260810 -1.00 -1.00 1 0 1.3519 0.8645 0.002255
387.50 C 20260810 -1.00 -1.00 -1 0 1.3374 0.8593 0.002336
390.00 C 20260810 -1.00 -1.00 -1 0 1.3187 0.8547 0.002421
392.50 C 20260810 -1.00 -1.00 -1 0 1.2972 0.8504 0.002509
352.50 P 20260810 -1.00 -1.00 -1 0 1.0628 -0.0271 0.000827
355.00 P 20260810 -1.00 -1.00 32 44 1.0765 -0.0327 0.000947
357.50 P 20260810 -1.00 -1.00 1 0 1.0639 -0.0348 0.001006
360.00 P 20260810 -1.00 -1.00 20 2 1.0467 -0.0363 0.001057
362.50 P 20260810 -1.00 -1.00 2 1 1.0328 -0.0382 0.001118
365.00 P 20260810 -1.00 -1.00 1 15 0.9633 -0.0320 0.001040
367.50 P 20260810 -1.00 -1.00 -1 0 1.0029 -0.0419 0.001242
370.00 P 20260810 -1.00 -1.00 8 55 1.0127 -0.0472 0.001359
372.50 P 20260810 -1.00 -1.00 1 1 1.0122 -0.0510 0.001455
375.00 P 20260810 -1.00 -1.00 15 10 1.0103 -0.0547 0.001548
377.50 P 20260810 -1.00 -1.00 2 3 1.0208 -0.0614 0.001676
380.00 P 20260810 -1.00 -1.00 19 2 1.0431 -0.0724 0.001846
382.50 P 20260810 -1.00 -1.00 1 1 0.9603 -0.0618 0.001791
385.00 P 20260810 -1.00 -1.00 1 1 0.9452 -0.0654 0.001894
387.50 P 20260810 -1.00 -1.00 1 23 0.9729 -0.0783 0.002098
390.00 P 20260810 -1.00 -1.00 21 2 0.9214 -0.0743 0.002132
392.50 P 20260810 -1.00 -1.00 1 1 0.9629 -0.0901 0.002359
352.50 C 20260812 -1.00 -1.00 -1 0 1.4947 0.9023 0.001464
355.00 C 20260812 -1.00 -1.00 -1 0 1.4752 0.9000 0.001511
357.50 C 20260812 -1.00 -1.00 -1 0 1.4702 0.8962 0.001563
360.00 C 20260812 -1.00 -1.00 -1 0 1.4365 0.8953 0.001610
362.50 C 20260812 -1.00 -1.00 -1 0 1.4264 0.8918 0.001664
365.00 C 20260812 -1.00 -1.00 -1 0 1.4109 0.8878 0.001721
367.50 C 20260812 -1.00 -1.00 -1 0 1.3820 0.8859 0.001776
370.00 C 20260812 -1.00 -1.00 -1 0 1.3667 0.8817 0.001837
372.50 C 20260812 -1.00 -1.00 -1 0 1.3570 0.8766 0.001901
375.00 C 20260812 -1.00 -1.00 -1 0 1.3406 0.8724 0.001966
377.50 C 20260812 -1.00 -1.00 -1 0 1.3176 0.8692 0.002032
380.00 C 20260812 -1.00 -1.00 -1 0 1.3054 0.8643 0.002102
382.50 C 20260812 -1.00 -1.00 -1 0 1.2841 0.8606 0.002174
385.00 C 20260812 -1.00 -1.00 -1 0 1.2695 0.8559 0.002249
387.50 C 20260812 -1.00 -1.00 -1 0 1.2589 0.8504 0.002326
390.00 C 20260812 -1.00 -1.00 -1 0 1.2602 0.8430 0.002400
392.50 C 20260812 -1.00 -1.00 -1 0 1.2341 0.8397 0.002486
352.50 P 20260812 -1.00 -1.00 2 1 1.0289 -0.0377 0.000998
355.00 P 20260812 -1.00 -1.00 1 40 1.0095 -0.0386 0.001038
357.50 P 20260812 -1.00 -1.00 2 0 0.9995 -0.0408 0.001098
360.00 P 20260812 -1.00 -1.00 1 1 1.0301 -0.0484 0.001231
362.50 P 20260812 -1.00 -1.00 -1 0 0.9890 -0.0467 0.001242
365.00 P 20260812 -1.00 -1.00 2 2 0.9714 -0.0480 0.001295
367.50 P 20260812 -1.00 -1.00 2 0 0.9673 -0.0512 0.001373
370.00 P 20260812 -1.00 -1.00 4 64 1.0025 -0.0609 0.001524
372.50 P 20260812 -1.00 -1.00 2 0 0.9850 -0.0633 0.001596
375.00 P 20260812 -1.00 -1.00 1 1 0.9631 -0.0649 0.001661
377.50 P 20260812 -1.00 -1.00 -1 0 0.9679 -0.0722 0.001785
380.00 P 20260812 -1.00 -1.00 11 2 0.9719 -0.0792 0.001906
382.50 P 20260812 -1.00 -1.00 -1 0 0.9547 -0.0820 0.001992
385.00 P 20260812 -1.00 -1.00 -1 0 0.9504 -0.0875 0.002103
387.50 P 20260812 -1.00 -1.00 1 0 0.9484 -0.0935 0.002219
390.00 P 20260812 -1.00 -1.00 6 9 0.9469 -0.0996 0.002335
392.50 P 20260812 -1.00 -1.00 -1 0 0.9462 -0.1058 0.002453
352.50 C 20260814 -1.00 -1.00 -1 0 1.4184 0.8971 0.001475
355.00 C 20260814 -1.00 -1.00 1 22 1.4143 0.8931 0.001524
357.50 C 20260814 -1.00 -1.00 -1 0 1.3920 0.8905 0.001572
360.00 C 20260814 -1.00 -1.00 1 12 1.3711 0.8877 0.001621
362.50 C 20260814 -1.00 -1.00 -1 0 1.3441 0.8859 0.001672
365.00 C 20260814 -1.00 -1.00 20 12 1.3260 0.8825 0.001726
367.50 C 20260814 -1.00 -1.00 -1 0 1.3204 0.8770 0.001784
370.00 C 20260814 -1.00 -1.00 2 35 1.3013 0.8737 0.001842
372.50 C 20260814 -1.00 -1.00 -1 0 1.2885 0.8693 0.001903
375.00 C 20260814 -1.00 -1.00 1 3 1.2696 0.8658 0.001965
377.50 C 20260814 -1.00 -1.00 -1 0 1.2558 0.8614 0.002029
380.00 C 20260814 -1.00 -1.00 33 4 1.2054 0.8629 0.002100
382.50 C 20260814 -1.00 -1.00 -1 0 1.2308 0.8519 0.002164
385.00 C 20260814 -1.00 -1.00 1 1 1.2015 0.8497 0.002239
387.50 C 20260814 -1.00 -1.00 -1 0 1.1844 0.8455 0.002315
390.00 C 20260814 -1.00 -1.00 2 16 1.1723 0.8404 0.002391
392.50 C 20260814 -1.00 -1.00 -1 0 1.1627 0.8348 0.002469
352.50 P 20260814 -1.00 -1.00 -1 0 0.9676 -0.0411 0.001046
355.00 P 20260814 -1.00 -1.00 6 95 0.9656 -0.0443 0.001116
357.50 P 20260814 -1.00 -1.00 -1 0 0.9772 -0.0493 0.001208
360.00 P 20260814 -1.00 -1.00 7 116 0.9764 -0.0526 0.001279
362.50 P 20260814 -1.00 -1.00 13 4 0.9763 -0.0560 0.001351
365.00 P 20260814 -1.00 -1.00 7 73 0.9683 -0.0599 0.001429
367.50 P 20260814 -1.00 -1.00 8 6 0.9471 -0.0611 0.001482
370.00 P 20260814 -1.00 -1.00 52 100 0.9517 -0.0680 0.001592
372.50 P 20260814 -1.00 -1.00 2 1 0.9330 -0.0699 0.001658
375.00 P 20260814 -1.00 -1.00 6 136 0.9377 -0.0769 0.001770
377.50 P 20260814 -1.00 -1.00 2 0 0.9334 -0.0820 0.001866
380.00 P 20260814 -1.00 -1.00 32 278 0.9208 -0.0854 0.001953
382.50 P 20260814 -1.00 -1.00 -1 0 0.9259 -0.0924 0.002065
385.00 P 20260814 -1.00 -1.00 8 126 0.9195 -0.0972 0.002164
387.50 P 20260814 -1.00 -1.00 2 0 0.9260 -0.1045 0.002276
390.00 P 20260814 -1.00 -1.00 51 178 0.9215 -0.1097 0.002378
392.50 P 20260814 -1.00 -1.00 1 0 0.9237 -0.1172 0.002489
360.00 C 20260821 -1.00 -1.00 5 839 1.1140 0.8850 0.001620
370.00 C 20260821 -1.00 -1.00 22 2280 1.0887 0.8653 0.001837
380.00 C 20260821 -1.00 -1.00 13 964 1.0690 0.8439 0.002068
390.00 C 20260821 -1.00 -1.00 1 402 1.0431 0.8228 0.002319
360.00 P 20260821 -1.00 -1.00 314 2243 0.8801 -0.0737 0.001461
370.00 P 20260821 -1.00 -1.00 158 3524 0.8608 -0.0904 0.001750
380.00 P 20260821 -1.00 -1.00 509 3043 0.8717 -0.1147 0.002077
390.00 P 20260821 -1.00 -1.00 2840 2866 0.8444 -0.1382 0.002414
567.50 C 20260803 -1.00 -1.00 221 37 1.2760 0.0114 0.000785
570.00 C 20260803 -1.00 -1.00 188 108 1.1628 0.0046 0.000385
572.50 C 20260803 -1.00 -1.00 15 27 1.3744 0.0130 0.000821
575.00 C 20260803 -1.00 -1.00 91 146 1.2752 0.0075 0.000535
577.50 C 20260803 -1.00 -1.00 74 86 1.4308 0.0129 0.000780
580.00 C 20260803 -1.00 -1.00 246 190 1.3181 0.0069 0.000483
582.50 C 20260803 -1.00 -1.00 73 33 1.3017 0.0049 0.000363
585.00 C 20260803 -1.00 -1.00 120 74 1.4699 0.0110 0.000656
587.50 C 20260803 -1.00 -1.00 34 24 1.4737 0.0100 0.000602
590.00 C 20260803 -1.00 -1.00 104 188 1.3020 0.0033 0.000255
592.50 C 20260803 -1.00 -1.00 2 83 1.5493 0.0108 0.000611
595.00 C 20260803 -1.00 -1.00 108 41 1.5461 0.0096 0.000551
597.50 C 20260803 -1.00 -1.00 7 8 1.5701 0.0095 0.000536
600.00 C 20260803 -1.00 -1.00 1063 509 1.3321 0.0021 0.000163
602.50 C 20260803 -1.00 -1.00 3 36 1.6648 0.0109 0.000575
605.00 C 20260803 -1.00 -1.00 9 13 1.5472 0.0054 0.000334
607.50 C 20260803 -1.00 -1.00 5 37 1.7051 0.0104 0.000538
567.50 P 20260803 -1.00 -1.00 2 0 -1.0000 -1.0000 -1.000000
570.00 P 20260803 -1.00 -1.00 2 1 -1.0000 -1.0000 -1.000000
572.50 P 20260803 -1.00 -1.00 1 0 -1.0000 -1.0000 -1.000000
575.00 P 20260803 -1.00 -1.00 1 1 -1.0000 -1.0000 -1.000000
577.50 P 20260803 -1.00 -1.00 1 1 -1.0000 -1.0000 -1.000000
580.00 P 20260803 -1.00 -1.00 2 0 -1.0000 -1.0000 -1.000000
582.50 P 20260803 -1.00 -1.00 -1 0 -1.0000 -1.0000 -1.000000
585.00 P 20260803 -1.00 -1.00 5 0 -1.0000 -1.0000 -1.000000
587.50 P 20260803 -1.00 -1.00 -1 0 -1.0000 -1.0000 -1.000000
590.00 P 20260803 -1.00 -1.00 1 1 -1.0000 -1.0000 -1.000000
592.50 P 20260803 -1.00 -1.00 -1 0 -1.0000 -1.0000 -1.000000
595.00 P 20260803 -1.00 -1.00 25 0 -1.0000 -1.0000 -1.000000
597.50 P 20260803 -1.00 -1.00 -1 0 -1.0000 -1.0000 -1.000000
600.00 P 20260803 -1.00 -1.00 5 0 -1.0000 -1.0000 -1.000000
602.50 P 20260803 -1.00 -1.00 -1 0 -1.0000 -1.0000 -1.000000
605.00 P 20260803 -1.00 -1.00 3 0 -1.0000 -1.0000 -1.000000
607.50 P 20260803 -1.00 -1.00 -1 0 -1.0000 -1.0000 -1.000000
567.50 C 20260805 -1.00 -1.00 156 21 1.3973 0.0991 0.002720
570.00 C 20260805 -1.00 -1.00 66 223 1.3774 0.0888 0.002555
572.50 C 20260805 -1.00 -1.00 16 28 1.3851 0.0840 0.002447
575.00 C 20260805 -1.00 -1.00 46 84 1.3932 0.0794 0.002343
577.50 C 20260805 -1.00 -1.00 7 10 1.3913 0.0748 0.002240
580.00 C 20260805 -1.00 -1.00 246 204 1.3832 0.0702 0.002135
582.50 C 20260805 -1.00 -1.00 10 52 1.3961 0.0683 0.002067
585.00 C 20260805 -1.00 -1.00 32 35 1.3889 0.0638 0.001962
587.50 C 20260805 -1.00 -1.00 10 8 1.3980 0.0614 0.001890
590.00 C 20260805 -1.00 -1.00 96 199 1.3937 0.0573 0.001791
592.50 C 20260805 -1.00 -1.00 34 14 1.3990 0.0545 0.001713
595.00 C 20260805 -1.00 -1.00 23 62 1.4070 0.0521 0.001643
597.50 C 20260805 -1.00 -1.00 37 80 1.4254 0.0512 0.001600
600.00 C 20260805 -1.00 -1.00 1952 2927 1.4230 0.0474 0.001507
602.50 C 20260805 -1.00 -1.00 5 39 1.4751 0.0513 0.001549
605.00 C 20260805 -1.00 -1.00 31 14 1.4848 0.0493 0.001492
607.50 C 20260805 -1.00 -1.00 8 34 1.4963 0.0476 0.001440
567.50 P 20260805 -1.00 -1.00 2 1 -1.0000 -1.0000 -1.000000
570.00 P 20260805 -1.00 -1.00 26 13 -1.0000 -1.0000 -1.000000
572.50 P 20260805 -1.00 -1.00 2 1 -1.0000 -1.0000 -1.000000
575.00 P 20260805 -1.00 -1.00 -1 0 -1.0000 -1.0000 -1.000000
577.50 P 20260805 -1.00 -1.00 2 1 -1.0000 -1.0000 -1.000000
580.00 P 20260805 -1.00 -1.00 2 3 -1.0000 -1.0000 -1.000000
582.50 P 20260805 -1.00 -1.00 4 2 -1.0000 -1.0000 -1.000000
585.00 P 20260805 -1.00 -1.00 30 30 -1.0000 -1.0000 -1.000000
587.50 P 20260805 -1.00 -1.00 -1 0 -1.0000 -1.0000 -1.000000
590.00 P 20260805 -1.00 -1.00 3 1 -1.0000 -1.0000 -1.000000
592.50 P 20260805 -1.00 -1.00 -1 0 -1.0000 -1.0000 -1.000000
595.00 P 20260805 -1.00 -1.00 -1 0 -1.0000 -1.0000 -1.000000
597.50 P 20260805 -1.00 -1.00 5 2 -1.0000 -1.0000 -1.000000
600.00 P 20260805 -1.00 -1.00 20 20 -1.0000 -1.0000 -1.000000
602.50 P 20260805 -1.00 -1.00 -1 0 -1.0000 -1.0000 -1.000000
605.00 P 20260805 -1.00 -1.00 1 1 -1.0000 -1.0000 -1.000000
607.50 P 20260805 -1.00 -1.00 20 20 -1.0000 -1.0000 -1.000000
567.50 C 20260807 -1.00 -1.00 30 58 1.2254 0.1247 0.002920
570.00 C 20260807 -1.00 -1.00 589 1515 1.2116 0.1161 0.002801
572.50 C 20260807 -1.00 -1.00 163 16 1.2290 0.1142 0.002726
575.00 C 20260807 -1.00 -1.00 567 1490 1.2131 0.1050 0.002599
577.50 C 20260807 -1.00 -1.00 367 41 1.2268 0.1024 0.002525
580.00 C 20260807 -1.00 -1.00 921 860 1.2322 0.0979 0.002436
582.50 C 20260807 -1.00 -1.00 239 58 1.2370 0.0934 0.002348
585.00 C 20260807 -1.00 -1.00 278 342 1.2432 0.0893 0.002265
587.50 C 20260807 -1.00 -1.00 276 10 1.2537 0.0862 0.002193
590.00 C 20260807 -1.00 -1.00 312 1011 1.2541 0.0808 0.002099
592.50 C 20260807 -1.00 -1.00 279 17 1.2596 0.0777 0.002030
595.00 C 20260807 -1.00 -1.00 108 602 1.2492 0.0731 0.001944
597.50 C 20260807 -1.00 -1.00 121 20 1.2531 0.0705 0.001881
600.00 C 20260807 -1.00 -1.00 1604 3117 1.2524 0.0673 0.001810
602.50 C 20260807 -1.00 -1.00 32 13 1.2847 0.0690 0.001802
605.00 C 20260807 -1.00 -1.00 77 773 1.2460 0.0600 0.001656
607.50 C 20260807 -1.00 -1.00 9 2 1.2804 0.0623 0.001661
567.50 P 20260807 -1.00 -1.00 -1 0 -1.0000 -1.0000 -1.000000
570.00 P 20260807 -1.00 -1.00 3 38 -1.0000 -1.0000 -1.000000
572.50 P 20260807 -1.00 -1.00 1 0 -1.0000 -1.0000 -1.000000
575.00 P 20260807 -1.00 -1.00 1 58 -1.0000 -1.0000 -1.000000
577.50 P 20260807 -1.00 -1.00 -1 0 -1.0000 -1.0000 -1.000000
580.00 P 20260807 -1.00 -1.00 3 59 -1.0000 -1.0000 -1.000000
582.50 P 20260807 -1.00 -1.00 -1 0 -1.0000 -1.0000 -1.000000
585.00 P 20260807 -1.00 -1.00 1 16 -1.0000 -1.0000 -1.000000
587.50 P 20260807 -1.00 -1.00 1 1 -1.0000 -1.0000 -1.000000
590.00 P 20260807 -1.00 -1.00 10 7 -1.0000 -1.0000 -1.000000
592.50 P 20260807 -1.00 -1.00 -1 0 -1.0000 -1.0000 -1.000000
595.00 P 20260807 -1.00 -1.00 5 7 -1.0000 -1.0000 -1.000000
597.50 P 20260807 -1.00 -1.00 -1 0 -1.0000 -1.0000 -1.000000
600.00 P 20260807 -1.00 -1.00 11 54 -1.0000 -1.0000 -1.000000
602.50 P 20260807 -1.00 -1.00 -1 0 -1.0000 -1.0000 -1.000000
605.00 P 20260807 -1.00 -1.00 1 3 -1.0000 -1.0000 -1.000000
607.50 P 20260807 -1.00 -1.00 -1 0 -1.0000 -1.0000 -1.000000
567.50 C 20260810 -1.00 -1.00 2 0 1.0444 0.1396 0.002996
570.00 C 20260810 -1.00 -1.00 4 37 1.0483 0.1351 0.002912
572.50 C 20260810 -1.00 -1.00 1 1 1.0739 0.1358 0.002852
575.00 C 20260810 -1.00 -1.00 13 36 1.0841 0.1330 0.002781
577.50 C 20260810 -1.00 -1.00 1 3 1.0783 0.1265 0.002693
580.00 C 20260810 -1.00 -1.00 9 24 1.0760 0.1208 0.002608
582.50 C 20260810 -1.00 -1.00 2 1 1.0784 0.1163 0.002530
585.00 C 20260810 -1.00 -1.00 3 2 1.0447 0.1024 0.002383
587.50 C 20260810 -1.00 -1.00 2 0 1.0647 0.1024 0.002339
590.00 C 20260810 -1.00 -1.00 4 3 1.0674 0.0980 0.002261
592.50 C 20260810 -1.00 -1.00 -1 0 1.0877 0.0982 0.002223
595.00 C 20260810 -1.00 -1.00 9 8 1.0546 0.0840 0.002060
597.50 C 20260810 -1.00 -1.00 6 0 1.1048 0.0927 0.002103
600.00 C 20260810 -1.00 -1.00 37 16 1.0949 0.0849 0.002001
602.50 C 20260810 -1.00 -1.00 2 3 1.0193 0.0668 0.001777
605.00 C 20260810 -1.00 -1.00 2 19 1.0840 0.0754 0.001846
607.50 C 20260810 -1.00 -1.00 2 0 1.0858 0.0728 0.001790
567.50 P 20260810 -1.00 -1.00 -1 0 -1.0000 -1.0000 -1.000000
570.00 P 20260810 -1.00 -1.00 2 1 -1.0000 -1.0000 -1.000000
572.50 P 20260810 -1.00 -1.00 -1 0 -1.0000 -1.0000 -1.000000
575.00 P 20260810 -1.00 -1.00 2 16 -1.0000 -1.0000 -1.000000
577.50 P 20260810 -1.00 -1.00 -1 0 -1.0000 -1.0000 -1.000000
580.00 P 20260810 -1.00 -1.00 2 1 -1.0000 -1.0000 -1.000000
582.50 P 20260810 -1.00 -1.00 -1 0 -1.0000 -1.0000 -1.000000
585.00 P 20260810 -1.00 -1.00 -1 0 -1.0000 -1.0000 -1.000000
587.50 P 20260810 -1.00 -1.00 -1 0 -1.0000 -1.0000 -1.000000
590.00 P 20260810 -1.00 -1.00 2 1 -1.0000 -1.0000 -1.000000
592.50 P 20260810 -1.00 -1.00 -1 0 -1.0000 -1.0000 -1.000000
595.00 P 20260810 -1.00 -1.00 -1 0 -1.0000 -1.0000 -1.000000
597.50 P 20260810 -1.00 -1.00 -1 0 -1.0000 -1.0000 -1.000000
600.00 P 20260810 -1.00 -1.00 -1 0 -1.0000 -1.0000 -1.000000
602.50 P 20260810 -1.00 -1.00 -1 0 -1.0000 -1.0000 -1.000000
605.00 P 20260810 -1.00 -1.00 -1 0 -1.0000 -1.0000 -1.000000
607.50 P 20260810 -1.00 -1.00 -1 0 -1.0000 -1.0000 -1.000000
567.50 C 20260812 -1.00 -1.00 1 0 1.0251 0.1636 0.003054
570.00 C 20260812 -1.00 -1.00 2 2 1.0294 0.1576 0.002979
572.50 C 20260812 -1.00 -1.00 2 1 1.0325 0.1519 0.002906
575.00 C 20260812 -1.00 -1.00 1 1 1.0400 0.1488 0.002839
580.00 C 20260812 -1.00 -1.00 4 2 1.0229 0.1352 0.002682
585.00 C 20260812 -1.00 -1.00 5 1 1.0218 0.1252 0.002535
590.00 C 20260812 -1.00 -1.00 14 7 1.0312 0.1180 0.002404
595.00 C 20260812 -1.00 -1.00 1 6 1.0392 0.1106 0.002276
600.00 C 20260812 -1.00 -1.00 28 7 1.0657 0.1082 0.002185
605.00 C 20260812 -1.00 -1.00 4 5 1.0398 0.0917 0.001996
567.50 P 20260812 -1.00 -1.00 -1 0 0.6374 -0.9553 0.002059
570.00 P 20260812 -1.00 -1.00 -1 0 0.5276 -0.9884 0.001149
572.50 P 20260812 -1.00 -1.00 -1 0 -1.0000 -1.0000 -1.000000
575.00 P 20260812 -1.00 -1.00 -1 0 -1.0000 -1.0000 -1.000000
580.00 P 20260812 -1.00 -1.00 -1 0 -1.0000 -1.0000 -1.000000
585.00 P 20260812 -1.00 -1.00 -1 0 -1.0000 -1.0000 -1.000000
590.00 P 20260812 -1.00 -1.00 -1 0 -1.0000 -1.0000 -1.000000
595.00 P 20260812 -1.00 -1.00 -1 0 -1.0000 -1.0000 -1.000000
600.00 P 20260812 -1.00 -1.00 -1 0 -1.0000 -1.0000 -1.000000
605.00 P 20260812 -1.00 -1.00 -1 0 -1.0000 -1.0000 -1.000000
567.50 C 20260814 -1.00 -1.00 13 3 0.9880 0.1803 0.003069
570.00 C 20260814 -1.00 -1.00 20 265 0.9830 0.1716 0.002999
572.50 C 20260814 -1.00 -1.00 12 43 0.9917 0.1674 0.002932
575.00 C 20260814 -1.00 -1.00 20 268 0.9985 0.1627 0.002866
580.00 C 20260814 -1.00 -1.00 23 351 1.0037 0.1520 0.002737
585.00 C 20260814 -1.00 -1.00 3 107 0.9996 0.1420 0.002608
590.00 C 20260814 -1.00 -1.00 70 290 0.9984 0.1327 0.002481
595.00 C 20260814 -1.00 -1.00 10 163 0.9986 0.1237 0.002354
600.00 C 20260814 -1.00 -1.00 255 947 0.9860 0.1111 0.002206
605.00 C 20260814 -1.00 -1.00 151 52 1.0063 0.1078 0.002115
567.50 P 20260814 -1.00 -1.00 -1 0 0.7285 -0.9064 0.002757
570.00 P 20260814 -1.00 -1.00 6 61 0.6935 -0.9269 0.002478
572.50 P 20260814 -1.00 -1.00 6 0 0.6787 -0.9349 0.002327
575.00 P 20260814 -1.00 -1.00 5 7 0.6794 -0.9387 0.002223
580.00 P 20260814 -1.00 -1.00 6 33 0.6318 -0.9624 0.001739
585.00 P 20260814 -1.00 -1.00 2 18 -1.0000 -1.0000 -1.000000
590.00 P 20260814 -1.00 -1.00 6 17 -1.0000 -1.0000 -1.000000
595.00 P 20260814 -1.00 -1.00 5 2 -1.0000 -1.0000 -1.000000
600.00 P 20260814 -1.00 -1.00 6 3 -1.0000 -1.0000 -1.000000
605.00 P 20260814 -1.00 -1.00 15 30 -1.0000 -1.0000 -1.000000
570.00 C 20260821 -1.00 -1.00 246 6668 0.8871 0.2099 0.002993
575.00 C 20260821 -1.00 -1.00 895 603 0.8850 0.1967 0.002886
580.00 C 20260821 -1.00 -1.00 270 2169 0.8900 0.1859 0.002778
585.00 C 20260821 -1.00 -1.00 7 180 0.8934 0.1748 0.002672
590.00 C 20260821 -1.00 -1.00 73 1298 0.8991 0.1646 0.002569
595.00 C 20260821 -1.00 -1.00 88 245 0.9045 0.1557 0.002470
600.00 C 20260821 -1.00 -1.00 2132 7952 0.8882 0.1433 0.002361
605.00 C 20260821 -1.00 -1.00 46 82 0.8973 0.1379 0.002270
570.00 P 20260821 -1.00 -1.00 12 442 0.7139 -0.8596 0.003007
575.00 P 20260821 -1.00 -1.00 20 20 0.7063 -0.8729 0.002835
580.00 P 20260821 -1.00 -1.00 29 768 0.6975 -0.8870 0.002654
585.00 P 20260821 -1.00 -1.00 -1 0 0.6654 -0.9118 0.002380
590.00 P 20260821 -1.00 -1.00 10 203 0.6760 -0.9183 0.002237
595.00 P 20260821 -1.00 -1.00 -1 0 0.6426 -0.9375 0.001973
600.00 P 20260821 -1.00 -1.00 7 811 0.6515 -0.9415 0.001857
605.00 P 20260821 -1.00 -1.00 -1 0 0.5123 -0.9918 0.000889
290.00 C 20260803 -1.00 -1.00 -1 0 5.3200 0.9491 0.000666
300.00 C 20260803 -1.00 -1.00 3 11 5.2336 0.9383 0.000780
310.00 C 20260803 -1.00 -1.00 -1 0 4.8956 0.9354 0.000864
320.00 C 20260803 -1.00 -1.00 34 8 4.3945 0.9391 0.000922
330.00 C 20260803 -1.00 -1.00 9 20 4.3154 0.9264 0.001083
340.00 C 20260803 -1.00 -1.00 9 9 4.0473 0.9208 0.001222
345.00 C 20260803 -1.00 -1.00 1 1 3.8577 0.9204 0.001287
350.00 C 20260803 -1.00 -1.00 10 27 3.7817 0.9149 0.001383
290.00 P 20260803 -1.00 -1.00 77 111 2.8972 -0.0025 0.000089
300.00 P 20260803 -1.00 -1.00 33 21 2.5037 -0.0013 0.000056
310.00 P 20260803 -1.00 -1.00 22 845 2.4096 -0.0020 0.000085
320.00 P 20260803 -1.00 -1.00 2 51 2.2673 -0.0023 0.000105
330.00 P 20260803 -1.00 -1.00 1 10 2.0286 -0.0018 0.000095
340.00 P 20260803 -1.00 -1.00 24 16 2.1678 -0.0064 0.000275
345.00 P 20260803 -1.00 -1.00 25 106 2.1260 -0.0076 0.000326
350.00 P 20260803 -1.00 -1.00 531 798 1.7192 -0.0022 0.000130
290.00 C 20260805 -1.00 -1.00 2 1 3.6089 0.9421 0.000701
300.00 C 20260805 -1.00 -1.00 1 0 3.3735 0.9399 0.000772
310.00 C 20260805 -1.00 -1.00 1 1 3.2039 0.9345 0.000868
320.00 C 20260805 -1.00 -1.00 2 1 3.0248 0.9294 0.000973
325.00 C 20260805 -1.00 -1.00 2 1 2.9055 0.9286 0.001023
327.50 C 20260805 -1.00 -1.00 -1 0 2.9176 0.9240 0.001069
330.00 C 20260805 -1.00 -1.00 144 30 2.8402 0.9245 0.001092
332.50 C 20260805 -1.00 -1.00 144 29 2.8228 0.9216 0.001132
335.00 C 20260805 -1.00 -1.00 2 0 2.7353 0.9228 0.001153
337.50 C 20260805 -1.00 -1.00 2 0 2.7479 0.9179 0.001204
340.00 C 20260805 -1.00 -1.00 1 1 2.6687 0.9187 0.001231
342.50 C 20260805 -1.00 -1.00 -1 0 2.5974 0.9190 0.001261
345.00 C 20260805 -1.00 -1.00 -1 0 2.5667 0.9167 0.001304
347.50 C 20260805 -1.00 -1.00 -1 0 2.5398 0.9141 0.001350
350.00 C 20260805 -1.00 -1.00 -1 0 2.5204 0.9110 0.001399
290.00 P 20260805 -1.00 -1.00 26 64 2.1414 -0.0067 0.000189
300.00 P 20260805 -1.00 -1.00 26 68 1.8449 -0.0037 0.000130
310.00 P 20260805 -1.00 -1.00 13 27 1.9972 -0.0106 0.000305
320.00 P 20260805 -1.00 -1.00 222 9 1.8994 -0.0132 0.000386
325.00 P 20260805 -1.00 -1.00 86 1 1.8311 -0.0136 0.000412
327.50 P 20260805 -1.00 -1.00 17 7 1.8153 -0.0147 0.000444
330.00 P 20260805 -1.00 -1.00 119 102 1.6583 -0.0093 0.000330
332.50 P 20260805 -1.00 -1.00 5 14 1.7177 -0.0137 0.000442
335.00 P 20260805 -1.00 -1.00 9 7 1.6288 -0.0110 0.000389
337.50 P 20260805 -1.00 -1.00 13 4 1.6850 -0.0159 0.000512
340.00 P 20260805 -1.00 -1.00 33 35 1.6853 -0.0179 0.000566
342.50 P 20260805 -1.00 -1.00 6 0 1.7358 -0.0221 0.000666
345.00 P 20260805 -1.00 -1.00 7 24 1.6055 -0.0178 0.000591
347.50 P 20260805 -1.00 -1.00 4 0 1.6510 -0.0220 0.000696
350.00 P 20260805 -1.00 -1.00 13 952 1.5991 -0.0215 0.000702
290.00 C 20260807 -1.00 -1.00 1 19 2.8708 0.9424 0.000700
295.00 C 20260807 -1.00 -1.00 4 8 2.8077 0.9395 0.000743
300.00 C 20260807 -1.00 -1.00 2 13 2.7300 0.9373 0.000784
305.00 C 20260807 -1.00 -1.00 4 8 2.7064 0.9319 0.000843
310.00 C 20260807 -1.00 -1.00 1 27 2.5603 0.9340 0.000870
315.00 C 20260807 -1.00 -1.00 4 9 2.5049 0.9304 0.000926
317.50 C 20260807 -1.00 -1.00 -1 0 2.5231 0.9256 0.000968
320.00 C 20260807 -1.00 -1.00 5 27 2.2603 0.9407 0.000912
322.50 C 20260807 -1.00 -1.00 -1 0 2.4146 0.9254 0.001014
325.00 C 20260807 -1.00 -1.00 13 17 2.3969 0.9228 0.001049
327.50 C 20260807 -1.00 -1.00 -1 0 2.3406 0.9228 0.001073
330.00 C 20260807 -1.00 -1.00 3 22 2.2878 0.9227 0.001099
332.50 C 20260807 -1.00 -1.00 -1 0 2.2619 0.9206 0.001135
335.00 C 20260807 -1.00 -1.00 5 16 2.2304 0.9190 0.001170
337.50 C 20260807 -1.00 -1.00 -1 0 2.2168 0.9159 0.001212
340.00 C 20260807 -1.00 -1.00 1 13 2.1740 0.9150 0.001246
342.50 C 20260807 -1.00 -1.00 -1 0 2.1519 0.9125 0.001288
345.00 C 20260807 -1.00 -1.00 1 24 2.1155 0.9111 0.001326
347.50 C 20260807 -1.00 -1.00 -1 0 2.0562 0.9115 0.001360
350.00 C 20260807 -1.00 -1.00 3 35 2.0464 0.9080 0.001410
290.00 P 20260807 -1.00 -1.00 15 104 1.7010 -0.0066 0.000186
295.00 P 20260807 -1.00 -1.00 804 81 1.6830 -0.0076 0.000215
300.00 P 20260807 -1.00 -1.00 678 356 1.6201 -0.0076 0.000224
305.00 P 20260807 -1.00 -1.00 158 68 1.6393 -0.0098 0.000278
310.00 P 20260807 -1.00 -1.00 2374 49 1.5741 -0.0096 0.000286
315.00 P 20260807 -1.00 -1.00 64 90 1.5644 -0.0125 0.000357
317.50 P 20260807 -1.00 -1.00 2 0 1.5617 -0.0141 0.000395
320.00 P 20260807 -1.00 -1.00 9 276 1.5549 -0.0154 0.000429
322.50 P 20260807 -1.00 -1.00 -1 0 1.5004 -0.0142 0.000415
325.00 P 20260807 -1.00 -1.00 513 202 1.4980 -0.0158 0.000456
327.50 P 20260807 -1.00 -1.00 2 0 1.4586 -0.0154 0.000458
330.00 P 20260807 -1.00 -1.00 34 313 1.4400 -0.0161 0.000483
332.50 P 20260807 -1.00 -1.00 2 0 1.4236 -0.0170 0.000512
335.00 P 20260807 -1.00 -1.00 311 238 1.3809 -0.0164 0.000510
337.50 P 20260807 -1.00 -1.00 15 0 1.3790 -0.0181 0.000558
340.00 P 20260807 -1.00 -1.00 142 156 1.3065 -0.0156 0.000516
342.50 P 20260807 -1.00 -1.00 142 5 1.3632 -0.0210 0.000643
345.00 P 20260807 -1.00 -1.00 309 265 1.3334 -0.0211 0.000662
347.50 P 20260807 -1.00 -1.00 -1 0 1.2639 -0.0188 0.000628
350.00 P 20260807 -1.00 -1.00 768 873 1.3141 -0.0239 0.000749
290.00 C 20260810 -1.00 -1.00 -1 0 2.3169 0.9418 0.000702
300.00 C 20260810 -1.00 -1.00 -1 0 2.2235 0.9352 0.000793
310.00 C 20260810 -1.00 -1.00 -1 0 2.0715 0.9330 0.000874
312.50 C 20260810 -1.00 -1.00 -1 0 2.0515 0.9310 0.000902
315.00 C 20260810 -1.00 -1.00 -1 0 2.0195 0.9300 0.000927
317.50 C 20260810 -1.00 -1.00 -1 0 1.9852 0.9292 0.000952
320.00 C 20260810 -1.00 -1.00 -1 0 1.9683 0.9269 0.000984
322.50 C 20260810 -1.00 -1.00 -1 0 1.9491 0.9248 0.001016
325.00 C 20260810 -1.00 -1.00 -1 0 1.9035 0.9249 0.001039
327.50 C 20260810 -1.00 -1.00 -1 0 1.8847 0.9227 0.001073
330.00 C 20260810 -1.00 -1.00 -1 0 1.8421 0.9225 0.001099
332.50 C 20260810 -1.00 -1.00 -1 0 1.8308 0.9196 0.001138
335.00 C 20260810 -1.00 -1.00 -1 0 1.8101 0.9175 0.001175
337.50 C 20260810 -1.00 -1.00 -1 0 1.7967 0.9147 0.001215
340.00 C 20260810 -1.00 -1.00 -1 0 1.7504 0.9149 0.001245
342.50 C 20260810 -1.00 -1.00 -1 0 1.7326 0.9124 0.001287
345.00 C 20260810 -1.00 -1.00 -1 0 1.6963 0.9117 0.001323
347.50 C 20260810 -1.00 -1.00 -1 0 1.6905 0.9080 0.001371
350.00 C 20260810 -1.00 -1.00 1 0 1.6685 0.9058 0.001415
290.00 P 20260810 -1.00 -1.00 1 10 1.4999 -0.0111 0.000271
300.00 P 20260810 -1.00 -1.00 3 6 1.4214 -0.0128 0.000322
310.00 P 20260810 -1.00 -1.00 -1 0 1.4119 -0.0184 0.000446
312.50 P 20260810 -1.00 -1.00 -1 0 1.3854 -0.0186 0.000457
315.00 P 20260810 -1.00 -1.00 -1 0 1.3642 -0.0190 0.000473
317.50 P 20260810 -1.00 -1.00 -1 0 1.3448 -0.0195 0.000491
320.00 P 20260810 -1.00 -1.00 12 7 1.3340 -0.0205 0.000517
322.50 P 20260810 -1.00 -1.00 -1 0 1.3049 -0.0204 0.000528
325.00 P 20260810 -1.00 -1.00 -1 0 1.2860 -0.0210 0.000548
327.50 P 20260810 -1.00 -1.00 2 1 1.2723 -0.0218 0.000574
330.00 P 20260810 -1.00 -1.00 209 102 1.2157 -0.0200 0.000556
332.50 P 20260810 -1.00 -1.00 -1 0 1.2418 -0.0234 0.000626
335.00 P 20260810 -1.00 -1.00 4 2 1.1825 -0.0214 0.000607
337.50 P 20260810 -1.00 -1.00 -1 0 1.2020 -0.0244 0.000673
340.00 P 20260810 -1.00 -1.00 1 3 1.1401 -0.0222 0.000650
342.50 P 20260810 -1.00 -1.00 -1 0 1.1608 -0.0258 0.000728
345.00 P 20260810 -1.00 -1.00 3 29 1.1526 -0.0283 0.000787
347.50 P 20260810 -1.00 -1.00 -1 0 1.1307 -0.0290 0.000818
350.00 P 20260810 -1.00 -1.00 1 7 1.1291 -0.0323 0.000894
290.00 C 20260812 -1.00 -1.00 -1 0 2.1322 0.9381 0.000718
300.00 C 20260812 -1.00 -1.00 -1 0 1.9928 0.9359 0.000790
305.00 C 20260812 -1.00 -1.00 -1 0 1.9418 0.9333 0.000836
307.50 C 20260812 -1.00 -1.00 -1 0 1.9211 0.9316 0.000861
310.00 C 20260812 -1.00 -1.00 -1 0 1.9006 0.9298 0.000888
312.50 C 20260812 -1.00 -1.00 -1 0 1.8802 0.9280 0.000915
315.00 C 20260812 -1.00 -1.00 -1 0 1.8335 0.9285 0.000933
317.50 C 20260812 -1.00 -1.00 -1 0 1.8004 0.9279 0.000957
320.00 C 20260812 -1.00 -1.00 -1 0 1.8289 0.9217 0.001004
322.50 C 20260812 -1.00 -1.00 -1 0 1.7503 0.9251 0.001014
325.00 C 20260812 -1.00 -1.00 -1 0 1.7331 0.9229 0.001047
327.50 C 20260812 -1.00 -1.00 -1 0 1.7226 0.9201 0.001083
330.00 C 20260812 -1.00 -1.00 -1 0 1.6777 0.9206 0.001107
332.50 C 20260812 -1.00 -1.00 -1 0 1.6524 0.9191 0.001140
335.00 C 20260812 -1.00 -1.00 -1 0 1.6402 0.9164 0.001179
337.50 C 20260812 -1.00 -1.00 -1 0 1.6110 0.9153 0.001212
340.00 C 20260812 -1.00 -1.00 -1 0 1.5906 0.9133 0.001251
342.50 C 20260812 -1.00 -1.00 -1 0 1.5745 0.9109 0.001292
345.00 C 20260812 -1.00 -1.00 -1 0 1.5270 0.9116 0.001322
347.50 C 20260812 -1.00 -1.00 -1 0 1.5259 0.9075 0.001372
350.00 C 20260812 -1.00 -1.00 -1 0 1.5165 0.9043 0.001419
290.00 P 20260812 -1.00 -1.00 10 24 1.3828 -0.0130 0.000302
300.00 P 20260812 -1.00 -1.00 -1 0 1.3662 -0.0179 0.000404
305.00 P 20260812 -1.00 -1.00 -1 0 1.3280 -0.0187 0.000432
307.50 P 20260812 -1.00 -1.00 -1 0 1.3099 -0.0192 0.000448
310.00 P 20260812 -1.00 -1.00 -1 0 1.2919 -0.0197 0.000465
312.50 P 20260812 -1.00 -1.00 -1 0 1.2741 -0.0202 0.000482
315.00 P 20260812 -1.00 -1.00 18 17 1.2565 -0.0207 0.000500
317.50 P 20260812 -1.00 -1.00 -1 0 1.2405 -0.0213 0.000519
320.00 P 20260812 -1.00 -1.00 2 1 1.2231 -0.0218 0.000539
322.50 P 20260812 -1.00 -1.00 -1 0 1.2074 -0.0225 0.000560
325.00 P 20260812 -1.00 -1.00 -1 0 1.1903 -0.0230 0.000581
327.50 P 20260812 -1.00 -1.00 -1 0 1.1748 -0.0237 0.000604
330.00 P 20260812 -1.00 -1.00 -1 0 1.1803 -0.0271 0.000667
332.50 P 20260812 -1.00 -1.00 -1 0 1.1405 -0.0253 0.000656
335.00 P 20260812 -1.00 -1.00 -1 0 1.1230 -0.0263 0.000686
337.50 P 20260812 -1.00 -1.00 -1 0 1.1064 -0.0274 0.000720
340.00 P 20260812 -1.00 -1.00 6 2 1.0855 -0.0280 0.000746
342.50 P 20260812 -1.00 -1.00 -1 0 1.0751 -0.0300 0.000795
345.00 P 20260812 -1.00 -1.00 58 39 1.0479 -0.0298 0.000811
347.50 P 20260812 -1.00 -1.00 -1 0 1.0478 -0.0332 0.000885
350.00 P 20260812 -1.00 -1.00 1 35 1.0325 -0.0346 0.000929
290.00 C 20260814 -1.00 -1.00 6 6 1.9537 0.9382 0.000717
295.00 C 20260814 -1.00 -1.00 -1 0 1.8818 0.9377 0.000749
297.50 C 20260814 -1.00 -1.00 -1 0 1.8725 0.9352 0.000776
300.00 C 20260814 -1.00 -1.00 1 4 1.8216 0.9364 0.000787
302.50 C 20260814 -1.00 -1.00 -1 0 1.8147 0.9336 0.000816
305.00 C 20260814 -1.00 -1.00 1 2 1.7707 0.9342 0.000831
307.50 C 20260814 -1.00 -1.00 1 0 1.7641 0.9313 0.000862
310.00 C 20260814 -1.00 -1.00 10 10 1.7534 0.9288 0.000892
312.50 C 20260814 -1.00 -1.00 -1 0 1.7103 0.9293 0.000909
315.00 C 20260814 -1.00 -1.00 10 10 1.7100 0.9258 0.000944
317.50 C 20260814 -1.00 -1.00 -1 0 1.6694 0.9260 0.000964
320.00 C 20260814 -1.00 -1.00 1 30 1.6392 0.9253 0.000989
322.50 C 20260814 -1.00 -1.00 -1 0 1.6553 0.9201 0.001033
325.00 C 20260814 -1.00 -1.00 42 47 1.6015 0.9217 0.001051
327.50 C 20260814 -1.00 -1.00 -1 0 1.6076 0.9173 0.001093
330.00 C 20260814 -1.00 -1.00 10 8 1.5544 0.9189 0.001113
332.50 C 20260814 -1.00 -1.00 -1 0 1.5332 0.9172 0.001147
335.00 C 20260814 -1.00 -1.00 -1 0 1.5277 0.9139 0.001187
337.50 C 20260814 -1.00 -1.00 -1 0 1.5067 0.9122 0.001223
340.00 C 20260814 -1.00 -1.00 2 3 1.4859 0.9104 0.001260
342.50 C 20260814 -1.00 -1.00 -1 0 1.4768 0.9073 0.001302
345.00 C 20260814 -1.00 -1.00 1 1 1.4659 0.9044 0.001345
347.50 C 20260814 -1.00 -1.00 -1 0 1.4244 0.9048 0.001380
350.00 C 20260814 -1.00 -1.00 1 30 1.4233 0.9007 0.001428
290.00 P 20260814 -1.00 -1.00 6 26 1.2251 -0.0104 0.000258
295.00 P 20260814 -1.00 -1.00 10 48 1.2229 -0.0132 0.000316
297.50 P 20260814 -1.00 -1.00 5 5 1.1873 -0.0123 0.000308
300.00 P 20260814 -1.00 -1.00 26 260 1.1750 -0.0130 0.000325
302.50 P 20260814 -1.00 -1.00 1 0 1.1327 -0.0116 0.000307
305.00 P 20260814 -1.00 -1.00 5 32 1.1420 -0.0138 0.000353
307.50 P 20260814 -1.00 -1.00 -1 0 1.1258 -0.0143 0.000367
310.00 P 20260814 -1.00 -1.00 10 129 1.1139 -0.0150 0.000388
312.50 P 20260814 -1.00 -1.00 -1 0 1.0627 -0.0128 0.000356
315.00 P 20260814 -1.00 -1.00 4 87 1.0932 -0.0167 0.000435
317.50 P 20260814 -1.00 -1.00 -1 0 1.0871 -0.0179 0.000464
320.00 P 20260814 -1.00 -1.00 17 101 1.0950 -0.0201 0.000510
322.50 P 20260814 -1.00 -1.00 1 1 1.0738 -0.0202 0.000524
325.00 P 20260814 -1.00 -1.00 3 76 1.0486 -0.0200 0.000533
327.50 P 20260814 -1.00 -1.00 5 0 1.0648 -0.0229 0.000590
330.00 P 20260814 -1.00 -1.00 12 279 1.0689 -0.0253 0.000641
332.50 P 20260814 -1.00 -1.00 1 1 1.0494 -0.0258 0.000664
335.00 P 20260814 -1.00 -1.00 24 44 1.0463 -0.0286 0.000721
337.50 P 20260814 -1.00 -1.00 1 11 1.0351 -0.0303 0.000763
340.00 P 20260814 -1.00 -1.00 4 139 1.0206 -0.0316 0.000800
342.50 P 20260814 -1.00 -1.00 -1 0 1.0089 -0.0333 0.000844
345.00 P 20260814 -1.00 -1.00 2 22 1.0186 -0.0380 0.000930
347.50 P 20260814 -1.00 -1.00 10 10 0.9951 -0.0381 0.000955
350.00 P 20260814 -1.00 -1.00 58 306 1.0074 -0.0431 0.001046
290.00 C 20260821 -1.00 -1.00 1 1102 1.5513 0.9397 0.000710
300.00 C 20260821 -1.00 -1.00 4 5425 1.5022 0.9318 0.000805
310.00 C 20260821 -1.00 -1.00 12 2128 1.4105 0.9283 0.000892
320.00 C 20260821 -1.00 -1.00 1 2554 1.3524 0.9208 0.001005
330.00 C 20260821 -1.00 -1.00 9 1731 1.2694 0.9160 0.001122
340.00 C 20260821 -1.00 -1.00 1 854 1.2310 0.9055 0.001272
350.00 C 20260821 -1.00 -1.00 7 561 1.1841 0.8954 0.001435
290.00 P 20260821 -1.00 -1.00 9 1117 1.0552 -0.0159 0.000346
300.00 P 20260821 -1.00 -1.00 125 4272 1.0244 -0.0194 0.000424
310.00 P 20260821 -1.00 -1.00 130 685 1.0040 -0.0241 0.000525
320.00 P 20260821 -1.00 -1.00 93 2541 0.9524 -0.0281 0.000624
330.00 P 20260821 -1.00 -1.00 65 1924 0.9283 -0.0364 0.000788
340.00 P 20260821 -1.00 -1.00 46 2499 0.9017 -0.0446 0.000962
350.00 P 20260821 -1.00 -1.00 5076 4248 0.9003 -0.0577 0.001195
610.00 C 20260803 -1.00 -1.00 32 454 1.7285 0.0103 0.000524
612.50 C 20260803 -1.00 -1.00 3 1253 1.7518 0.0102 0.000512
615.00 C 20260803 -1.00 -1.00 5 7 1.7749 0.0100 0.000500
617.50 C 20260803 -1.00 -1.00 4 6 1.7714 0.0090 0.000454
620.00 C 20260803 -1.00 -1.00 1 31 1.6097 0.0037 0.000227
622.50 C 20260803 -1.00 -1.00 2 22 1.8373 0.0095 0.000458
625.00 C 20260803 -1.00 -1.00 4 69 1.8733 0.0098 0.000463
627.50 C 20260803 -1.00 -1.00 17 23 1.8961 0.0097 0.000453
630.00 C 20260803 -1.00 -1.00 7 32 1.8725 0.0081 0.000390
632.50 C 20260803 -1.00 -1.00 9 172 1.8820 0.0076 0.000365
635.00 C 20260803 -1.00 -1.00 29 54 1.6950 0.0029 0.000173
637.50 C 20260803 -1.00 -1.00 30 40 1.6970 0.0026 0.000156
640.00 C 20260803 -1.00 -1.00 11 34 1.9624 0.0078 0.000359
642.50 C 20260803 -1.00 -1.00 3 178 1.8984 0.0048 0.000247
645.00 C 20260803 -1.00 -1.00 11 7 1.7925 0.0031 0.000171
647.50 C 20260803 -1.00 -1.00 1 4 1.9373 0.0047 0.000237
650.00 C 20260803 -1.00 -1.00 1 159 1.8496 0.0033 0.000175
652.50 C 20260803 -1.00 -1.00 1 2 1.8335 0.0027 0.000150
655.00 C 20260803 -1.00 -1.00 1 27 1.9774 0.0044 0.000216
657.50 C 20260803 -1.00 -1.00 2 3 2.0144 0.0046 0.000220
660.00 C 20260803 -1.00 -1.00 1 99 2.0157 0.0043 0.000208
662.50 C 20260803 -1.00 -1.00 4 3 2.0347 0.0043 0.000205
665.00 C 20260803 -1.00 -1.00 9 18 2.0361 0.0040 0.000193
667.50 C 20260803 -1.00 -1.00 17 11 2.0550 0.0040 0.000190
670.00 C 20260803 -1.00 -1.00 2 17 2.0738 0.0039 0.000186
672.50 C 20260803 -1.00 -1.00 -1 0 2.2710 0.0076 0.000306
610.00 P 20260803 -1.00 -1.00 3 0 -1.0000 -1.0000 -1.000000
612.50 P 20260803 -1.00 -1.00 -1 0 -1.0000 -1.0000 -1.000000
615.00 P 20260803 -1.00 -1.00 -1 0 -1.0000 -1.0000 -1.000000
617.50 P 20260803 -1.00 -1.00 -1 0 -1.0000 -1.0000 -1.000000
620.00 P 20260803 -1.00 -1.00 -1 0 -1.0000 -1.0000 -1.000000
622.50 P 20260803 -1.00 -1.00 -1 0 -1.0000 -1.0000 -1.000000
625.00 P 20260803 -1.00 -1.00 -1 0 -1.0000 -1.0000 -1.000000
627.50 P 20260803 -1.00 -1.00 -1 0 -1.0000 -1.0000 -1.000000
630.00 P 20260803 -1.00 -1.00 -1 0 -1.0000 -1.0000 -1.000000
632.50 P 20260803 -1.00 -1.00 -1 0 -1.0000 -1.0000 -1.000000
635.00 P 20260803 -1.00 -1.00 -1 0 -1.0000 -1.0000 -1.000000
637.50 P 20260803 -1.00 -1.00 -1 0 -1.0000 -1.0000 -1.000000
640.00 P 20260803 -1.00 -1.00 -1 0 -1.0000 -1.0000 -1.000000
642.50 P 20260803 -1.00 -1.00 -1 0 -1.0000 -1.0000 -1.000000
645.00 P 20260803 -1.00 -1.00 -1 0 -1.0000 -1.0000 -1.000000
647.50 P 20260803 -1.00 -1.00 -1 0 -1.0000 -1.0000 -1.000000
650.00 P 20260803 -1.00 -1.00 -1 0 -1.0000 -1.0000 -1.000000
652.50 P 20260803 -1.00 -1.00 -1 0 -1.0000 -1.0000 -1.000000
655.00 P 20260803 -1.00 -1.00 -1 0 -1.0000 -1.0000 -1.000000
657.50 P 20260803 -1.00 -1.00 -1 0 -1.0000 -1.0000 -1.000000
660.00 P 20260803 -1.00 -1.00 -1 0 -1.0000 -1.0000 -1.000000
662.50 P 20260803 -1.00 -1.00 -1 0 -1.0000 -1.0000 -1.000000
665.00 P 20260803 -1.00 -1.00 -1 0 -1.0000 -1.0000 -1.000000
667.50 P 20260803 -1.00 -1.00 -1 0 -1.0000 -1.0000 -1.000000
670.00 P 20260803 -1.00 -1.00 -1 0 -1.0000 -1.0000 -1.000000
672.50 P 20260803 -1.00 -1.00 -1 0 -1.0000 -1.0000 -1.000000
610.00 C 20260805 -1.00 -1.00 50 63 1.4788 0.0418 0.001318
612.50 C 20260805 -1.00 -1.00 1 58 1.5210 0.0446 0.001346
615.00 C 20260805 -1.00 -1.00 4 26 1.5250 0.0419 0.001280
617.50 C 20260805 -1.00 -1.00 1 30 1.5679 0.0447 0.001308
620.00 C 20260805 -1.00 -1.00 55 49 1.4604 0.0310 0.001043
622.50 C 20260805 -1.00 -1.00 11 12 1.5653 0.0381 0.001162
625.00 C 20260805 -1.00 -1.00 41 68 1.6042 0.0404 0.001185
627.50 C 20260805 -1.00 -1.00 10 1 1.5730 0.0348 0.001073
630.00 C 20260805 -1.00 -1.00 40 54 1.5857 0.0342 0.001048
632.50 C 20260805 -1.00 -1.00 6 11 1.4957 0.0257 0.000865
635.00 C 20260805 -1.00 -1.00 3 8 1.5543 0.0288 0.000919
637.50 C 20260805 -1.00 -1.00 2 5 1.5871 0.0298 0.000927
640.00 C 20260805 -1.00 -1.00 15 9 1.4848 0.0199 0.000702
642.50 C 20260805 -1.00 -1.00 8 6 1.5540 0.0242 0.000789
645.00 C 20260805 -1.00 -1.00 6 35 1.5684 0.0238 0.000772
647.50 C 20260805 -1.00 -1.00 7 5 1.6010 0.0249 0.000786
650.00 C 20260805 -1.00 -1.00 32 148 1.6497 0.0272 0.000823
652.50 C 20260805 -1.00 -1.00 6 21 1.6711 0.0273 0.000817
655.00 C 20260805 -1.00 -1.00 3 3 1.6473 0.0241 0.000744
657.50 C 20260805 -1.00 -1.00 1 0 1.6524 0.0231 0.000714
660.00 C 20260805 -1.00 -1.00 3 10 1.5288 0.0132 0.000482
662.50 C 20260805 -1.00 -1.00 1 6 1.6823 0.0226 0.000688
665.00 C 20260805 -1.00 -1.00 1 1 1.7035 0.0228 0.000686
667.50 C 20260805 -1.00 -1.00 1 3 1.6673 0.0186 0.000591
670.00 C 20260805 -1.00 -1.00 4 4 1.7188 0.0212 0.000640
672.50 C 20260805 -1.00 -1.00 5 1 1.6863 0.0173 0.000551
610.00 P 20260805 -1.00 -1.00 -1 0 -1.0000 -1.0000 -1.000000
612.50 P 20260805 -1.00 -1.00 -1 0 -1.0000 -1.0000 -1.000000
615.00 P 20260805 -1.00 -1.00 30 30 -1.0000 -1.0000 -1.000000
617.50 P 20260805 -1.00 -1.00 1 1 -1.0000 -1.0000 -1.000000
620.00 P 20260805 -1.00 -1.00 25 0 -1.0000 -1.0000 -1.000000
622.50 P 20260805 -1.00 -1.00 -1 0 -1.0000 -1.0000 -1.000000
625.00 P 20260805 -1.00 -1.00 -1 0 -1.0000 -1.0000 -1.000000
627.50 P 20260805 -1.00 -1.00 -1 0 -1.0000 -1.0000 -1.000000
630.00 P 20260805 -1.00 -1.00 -1 0 -1.0000 -1.0000 -1.000000
632.50 P 20260805 -1.00 -1.00 25 0 -1.0000 -1.0000 -1.000000
635.00 P 20260805 -1.00 -1.00 1 1 -1.0000 -1.0000 -1.000000
637.50 P 20260805 -1.00 -1.00 -1 0 -1.0000 -1.0000 -1.000000
640.00 P 20260805 -1.00 -1.00 -1 0 -1.0000 -1.0000 -1.000000
642.50 P 20260805 -1.00 -1.00 -1 0 -1.0000 -1.0000 -1.000000
645.00 P 20260805 -1.00 -1.00 -1 0 -1.0000 -1.0000 -1.000000
647.50 P 20260805 -1.00 -1.00 -1 0 -1.0000 -1.0000 -1.000000
650.00 P 20260805 -1.00 -1.00 -1 0 -1.0000 -1.0000 -1.000000
652.50 P 20260805 -1.00 -1.00 -1 0 -1.0000 -1.0000 -1.000000
655.00 P 20260805 -1.00 -1.00 -1 0 -1.0000 -1.0000 -1.000000
657.50 P 20260805 -1.00 -1.00 -1 0 -1.0000 -1.0000 -1.000000
660.00 P 20260805 -1.00 -1.00 -1 0 -1.0000 -1.0000 -1.000000
662.50 P 20260805 -1.00 -1.00 -1 0 -1.0000 -1.0000 -1.000000
665.00 P 20260805 -1.00 -1.00 -1 0 -1.0000 -1.0000 -1.000000
667.50 P 20260805 -1.00 -1.00 -1 0 -1.0000 -1.0000 -1.000000
670.00 P 20260805 -1.00 -1.00 -1 0 -1.0000 -1.0000 -1.000000
672.50 P 20260805 -1.00 -1.00 -1 0 -1.0000 -1.0000 -1.000000
610.00 C 20260807 -1.00 -1.00 337 1169 1.2655 0.0569 0.001562
612.50 C 20260807 -1.00 -1.00 14 5 1.2916 0.0580 0.001553
615.00 C 20260807 -1.00 -1.00 45 741 1.2731 0.0520 0.001444
617.50 C 20260807 -1.00 -1.00 13 6 1.2466 0.0445 0.001305
620.00 C 20260807 -1.00 -1.00 92 550 1.2902 0.0487 0.001353
622.50 C 20260807 -1.00 -1.00 4 3 1.2991 0.0472 0.001311
625.00 C 20260807 -1.00 -1.00 117 300 1.3145 0.0467 0.001286
627.50 C 20260807 -1.00 -1.00 20 16 1.3152 0.0439 0.001225
630.00 C 20260807 -1.00 -1.00 212 444 1.3042 0.0391 0.001132
632.50 C 20260807 -1.00 -1.00 6 4 1.3283 0.0402 0.001136
635.00 C 20260807 -1.00 -1.00 29 38 1.3472 0.0404 0.001125
637.50 C 20260807 -1.00 -1.00 1 7 1.3486 0.0378 0.001069
640.00 C 20260807 -1.00 -1.00 291 252 1.2863 0.0305 0.000929
642.50 C 20260807 -1.00 -1.00 1 16 1.3383 0.0337 0.000976
645.00 C 20260807 -1.00 -1.00 10 15 1.3424 0.0327 0.000947
647.50 C 20260807 -1.00 -1.00 3 1 1.3493 0.0319 0.000922
650.00 C 20260807 -1.00 -1.00 299 1099 1.3462 0.0302 0.000881
652.50 C 20260807 -1.00 -1.00 60 18 1.3517 0.0293 0.000855
655.00 C 20260807 -1.00 -1.00 11 0 1.3643 0.0291 0.000841
657.50 C 20260807 -1.00 -1.00 3 26 1.3397 0.0254 0.000762
660.00 C 20260807 -1.00 -1.00 64 490 1.3252 0.0226 0.000697
662.50 C 20260807 -1.00 -1.00 243 5 1.3549 0.0241 0.000719
665.00 C 20260807 -1.00 -1.00 4 3 1.3547 0.0227 0.000683
667.50 C 20260807 -1.00 -1.00 1 11 1.3686 0.0226 0.000675
670.00 C 20260807 -1.00 -1.00 6 279 1.3740 0.0218 0.000652
672.50 C 20260807 -1.00 -1.00 4 7 1.3737 0.0204 0.000617
610.00 P 20260807 -1.00 -1.00 1 27 -1.0000 -1.0000 -1.000000
612.50 P 20260807 -1.00 -1.00 -1 0 -1.0000 -1.0000 -1.000000
615.00 P 20260807 -1.00 -1.00 1 2 -1.0000 -1.0000 -1.000000
617.50 P 20260807 -1.00 -1.00 -1 0 -1.0000 -1.0000 -1.000000
620.00 P 20260807 -1.00 -1.00 4 10 -1.0000 -1.0000 -1.000000
622.50 P 20260807 -1.00 -1.00 -1 0 -1.0000 -1.0000 -1.000000
625.00 P 20260807 -1.00 -1.00 -1 0 -1.0000 -1.0000 -1.000000
627.50 P 20260807 -1.00 -1.00 1 0 -1.0000 -1.0000 -1.000000
630.00 P 20260807 -1.00 -1.00 40 69 -1.0000 -1.0000 -1.000000
632.50 P 20260807 -1.00 -1.00 -1 0 -1.0000 -1.0000 -1.000000
635.00 P 20260807 -1.00 -1.00 -1 0 -1.0000 -1.0000 -1.000000
637.50 P 20260807 -1.00 -1.00 -1 0 -1.0000 -1.0000 -1.000000
640.00 P 20260807 -1.00 -1.00 20 11 -1.0000 -1.0000 -1.000000
642.50 P 20260807 -1.00 -1.00 -1 0 -1.0000 -1.0000 -1.000000
645.00 P 20260807 -1.00 -1.00 -1 0 -1.0000 -1.0000 -1.000000
647.50 P 20260807 -1.00 -1.00 -1 0 -1.0000 -1.0000 -1.000000
650.00 P 20260807 -1.00 -1.00 4 0 -1.0000 -1.0000 -1.000000
652.50 P 20260807 -1.00 -1.00 -1 0 -1.0000 -1.0000 -1.000000
655.00 P 20260807 -1.00 -1.00 -1 0 -1.0000 -1.0000 -1.000000
657.50 P 20260807 -1.00 -1.00 -1 0 -1.0000 -1.0000 -1.000000
660.00 P 20260807 -1.00 -1.00 20 0 -1.0000 -1.0000 -1.000000
662.50 P 20260807 -1.00 -1.00 -1 0 -1.0000 -1.0000 -1.000000
665.00 P 20260807 -1.00 -1.00 -1 0 -1.0000 -1.0000 -1.000000
667.50 P 20260807 -1.00 -1.00 -1 0 -1.0000 -1.0000 -1.000000
670.00 P 20260807 -1.00 -1.00 5 0 -1.0000 -1.0000 -1.000000
672.50 P 20260807 -1.00 -1.00 -1 0 -1.0000 -1.0000 -1.000000
610.00 C 20260810 -1.00 -1.00 2 2 1.0816 0.0692 0.001722
612.50 C 20260810 -1.00 -1.00 -1 0 1.0798 0.0660 0.001659
615.00 C 20260810 -1.00 -1.00 1 0 1.0917 0.0653 0.001625
617.50 C 20260810 -1.00 -1.00 1 0 1.0827 0.0608 0.001546
620.00 C 20260810 -1.00 -1.00 4 0 1.0916 0.0595 0.001508
622.50 C 20260810 -1.00 -1.00 4 0 1.0974 0.0578 0.001464
625.00 C 20260810 -1.00 -1.00 11 0 1.0868 0.0529 0.001378
627.50 C 20260810 -1.00 -1.00 4 0 1.1173 0.0559 0.001400
630.00 C 20260810 -1.00 -1.00 2 0 1.1184 0.0533 0.001347
632.50 C 20260810 -1.00 -1.00 24 0 1.1423 0.0550 0.001352
635.00 C 20260810 -1.00 -1.00 -1 0 1.1100 0.0461 0.001212
637.50 C 20260810 -1.00 -1.00 3 1 1.1332 0.0479 0.001222
640.00 C 20260810 -1.00 -1.00 6 3 1.1465 0.0477 0.001204
642.50 C 20260810 -1.00 -1.00 3 0 1.1551 0.0466 0.001175
645.00 C 20260810 -1.00 -1.00 -1 0 1.1433 0.0417 0.001090
647.50 C 20260810 -1.00 -1.00 1 0 1.1605 0.0423 0.001087
650.00 C 20260810 -1.00 -1.00 22 18 1.1724 0.0420 0.001070
652.50 C 20260810 -1.00 -1.00 2 0 1.1774 0.0404 0.001034
655.00 C 20260810 -1.00 -1.00 1 2 1.1853 0.0393 0.001007
657.50 C 20260810 -1.00 -1.00 2 1 1.1687 0.0356 0.000941
660.00 C 20260810 -1.00 -1.00 1 0 1.1947 0.0369 0.000951
662.50 C 20260810 -1.00 -1.00 2 0 1.1692 0.0331 0.000882
665.00 C 20260810 -1.00 -1.00 1 0 1.1985 0.0348 0.000899
667.50 C 20260810 -1.00 -1.00 -1 0 1.2027 0.0340 0.000877
670.00 C 20260810 -1.00 -1.00 -1 0 1.1943 0.0319 0.000836
672.50 C 20260810 -1.00 -1.00 -1 0 1.1837 0.0295 0.000788
610.00 P 20260810 -1.00 -1.00 -1 0 -1.0000 -1.0000 -1.000000
612.50 P 20260810 -1.00 -1.00 -1 0 -1.0000 -1.0000 -1.000000
615.00 P 20260810 -1.00 -1.00 -1 0 -1.0000 -1.0000 -1.000000
617.50 P 20260810 -1.00 -1.00 -1 0 -1.0000 -1.0000 -1.000000
620.00 P 20260810 -1.00 -1.00 -1 0 -1.0000 -1.0000 -1.000000
622.50 P 20260810 -1.00 -1.00 -1 0 -1.0000 -1.0000 -1.000000
625.00 P 20260810 -1.00 -1.00 -1 0 -1.0000 -1.0000 -1.000000
627.50 P 20260810 -1.00 -1.00 -1 0 -1.0000 -1.0000 -1.000000
630.00 P 20260810 -1.00 -1.00 -1 0 -1.0000 -1.0000 -1.000000
632.50 P 20260810 -1.00 -1.00 -1 0 -1.0000 -1.0000 -1.000000
635.00 P 20260810 -1.00 -1.00 -1 0 -1.0000 -1.0000 -1.000000
637.50 P 20260810 -1.00 -1.00 -1 0 -1.0000 -1.0000 -1.000000
640.00 P 20260810 -1.00 -1.00 -1 0 -1.0000 -1.0000 -1.000000
642.50 P 20260810 -1.00 -1.00 -1 0 -1.0000 -1.0000 -1.000000
645.00 P 20260810 -1.00 -1.00 -1 0 -1.0000 -1.0000 -1.000000
647.50 P 20260810 -1.00 -1.00 -1 0 -1.0000 -1.0000 -1.000000
650.00 P 20260810 -1.00 -1.00 -1 0 -1.0000 -1.0000 -1.000000
652.50 P 20260810 -1.00 -1.00 -1 0 -1.0000 -1.0000 -1.000000
655.00 P 20260810 -1.00 -1.00 -1 0 -1.0000 -1.0000 -1.000000
657.50 P 20260810 -1.00 -1.00 -1 0 -1.0000 -1.0000 -1.000000
660.00 P 20260810 -1.00 -1.00 -1 0 -1.0000 -1.0000 -1.000000
662.50 P 20260810 -1.00 -1.00 -1 0 -1.0000 -1.0000 -1.000000
665.00 P 20260810 -1.00 -1.00 -1 0 -1.0000 -1.0000 -1.000000
667.50 P 20260810 -1.00 -1.00 -1 0 -1.0000 -1.0000 -1.000000
670.00 P 20260810 -1.00 -1.00 -1 0 -1.0000 -1.0000 -1.000000
672.50 P 20260810 -1.00 -1.00 -1 0 -1.0000 -1.0000 -1.000000
610.00 C 20260812 -1.00 -1.00 1 8 1.0486 0.0848 0.001878
615.00 C 20260812 -1.00 -1.00 1 0 1.0538 0.0788 0.001771
620.00 C 20260812 -1.00 -1.00 8 4 1.0870 0.0793 0.001726
625.00 C 20260812 -1.00 -1.00 3 0 1.0600 0.0694 0.001583
630.00 C 20260812 -1.00 -1.00 1 1 1.0665 0.0654 0.001498
635.00 C 20260812 -1.00 -1.00 -1 0 1.0746 0.0618 0.001418
640.00 C 20260812 -1.00 -1.00 2 0 1.0783 0.0574 0.001332
645.00 C 20260812 -1.00 -1.00 -1 0 1.0868 0.0539 0.001258
650.00 C 20260812 -1.00 -1.00 1 0 1.0744 0.0463 0.001130
655.00 C 20260812 -1.00 -1.00 -1 0 1.1008 0.0466 0.001109
660.00 C 20260812 -1.00 -1.00 -1 0 1.1199 0.0455 0.001071
665.00 C 20260812 -1.00 -1.00 2 0 1.1290 0.0425 0.001009
670.00 C 20260812 -1.00 -1.00 6 0 1.1412 0.0401 0.000957
610.00 P 20260812 -1.00 -1.00 -1 0 -1.0000 -1.0000 -1.000000
615.00 P 20260812 -1.00 -1.00 -1 0 -1.0000 -1.0000 -1.000000
620.00 P 20260812 -1.00 -1.00 -1 0 -1.0000 -1.0000 -1.000000
625.00 P 20260812 -1.00 -1.00 -1 0 -1.0000 -1.0000 -1.000000
630.00 P 20260812 -1.00 -1.00 -1 0 -1.0000 -1.0000 -1.000000
635.00 P 20260812 -1.00 -1.00 -1 0 -1.0000 -1.0000 -1.000000
640.00 P 20260812 -1.00 -1.00 -1 0 -1.0000 -1.0000 -1.000000
645.00 P 20260812 -1.00 -1.00 -1 0 -1.0000 -1.0000 -1.000000
650.00 P 20260812 -1.00 -1.00 -1 0 -1.0000 -1.0000 -1.000000
655.00 P 20260812 -1.00 -1.00 -1 0 -1.0000 -1.0000 -1.000000
660.00 P 20260812 -1.00 -1.00 -1 0 -1.0000 -1.0000 -1.000000
665.00 P 20260812 -1.00 -1.00 -1 0 -1.0000 -1.0000 -1.000000
670.00 P 20260812 -1.00 -1.00 -1 0 -1.0000 -1.0000 -1.000000
610.00 C 20260814 -1.00 -1.00 34 94 1.0107 0.1002 0.002000
615.00 C 20260814 -1.00 -1.00 2 106 1.0197 0.0939 0.001897
620.00 C 20260814 -1.00 -1.00 28 317 1.0295 0.0881 0.001799
625.00 C 20260814 -1.00 -1.00 37 130 1.0391 0.0823 0.001705
630.00 C 20260814 -1.00 -1.00 33 165 1.0385 0.0774 0.001619
640.00 C 20260814 -1.00 -1.00 46 209 1.0527 0.0704 0.001476
650.00 C 20260814 -1.00 -1.00 23 339 1.0410 0.0585 0.001284
660.00 C 20260814 -1.00 -1.00 13 139 1.0748 0.0559 0.001198
670.00 C 20260814 -1.00 -1.00 469 841 1.0617 0.0438 0.001005
610.00 P 20260814 -1.00 -1.00 4 3 -1.0000 -1.0000 -1.000000
615.00 P 20260814 -1.00 -1.00 30 30 -1.0000 -1.0000 -1.000000
620.00 P 20260814 -1.00 -1.00 2 5 -1.0000 -1.0000 -1.000000
625.00 P 20260814 -1.00 -1.00 15 15 -1.0000 -1.0000 -1.000000
630.00 P 20260814 -1.00 -1.00 1 1 -1.0000 -1.0000 -1.000000
640.00 P 20260814 -1.00 -1.00 1 1 -1.0000 -1.0000 -1.000000
650.00 P 20260814 -1.00 -1.00 1 5 -1.0000 -1.0000 -1.000000
660.00 P 20260814 -1.00 -1.00 1 25 -1.0000 -1.0000 -1.000000
670.00 P 20260814 -1.00 -1.00 2 7 -1.0000 -1.0000 -1.000000
610.00 C 20260821 -1.00 -1.00 57 926 0.8926 0.1286 0.002166
620.00 C 20260821 -1.00 -1.00 230 4272 0.8958 0.1136 0.001973
630.00 C 20260821 -1.00 -1.00 126 1547 0.9045 0.1006 0.001795
640.00 C 20260821 -1.00 -1.00 97 3522 0.9142 0.0883 0.001627
650.00 C 20260821 -1.00 -1.00 1183 3603 0.9250 0.0801 0.001494
660.00 C 20260821 -1.00 -1.00 26 1709 0.9281 0.0722 0.001365
670.00 C 20260821 -1.00 -1.00 87 726 0.9244 0.0628 0.001223
610.00 P 20260821 -1.00 -1.00 7 189 -1.0000 -1.0000 -1.000000
620.00 P 20260821 -1.00 -1.00 13 106 -1.0000 -1.0000 -1.000000
630.00 P 20260821 -1.00 -1.00 15 76 -1.0000 -1.0000 -1.000000
640.00 P 20260821 -1.00 -1.00 1 36 -1.0000 -1.0000 -1.000000
650.00 P 20260821 -1.00 -1.00 4 35 -1.0000 -1.0000 -1.000000
660.00 P 20260821 -1.00 -1.00 2 21 -1.0000 -1.0000 -1.000000
670.00 P 20260821 -1.00 -1.00 33 48 -1.0000 -1.0000 -1.000000
195.00 C 20260807 -1.00 -1.00 -1 0 4.7718 0.9660 0.000276
200.00 C 20260807 -1.00 -1.00 1 14 4.7346 0.9637 0.000295
205.00 C 20260807 -1.00 -1.00 1 1 4.6111 0.9628 0.000309
210.00 C 20260807 -1.00 -1.00 2 4 4.5241 0.9614 0.000326
215.00 C 20260807 -1.00 -1.00 1 15 4.3871 0.9608 0.000340
220.00 C 20260807 -1.00 -1.00 1 20 4.1765 0.9617 0.000349
225.00 C 20260807 -1.00 -1.00 2 1 4.1695 0.9584 0.000375
230.00 C 20260807 -1.00 -1.00 2 13 4.0474 0.9577 0.000391
235.00 C 20260807 -1.00 -1.00 1 2 3.9317 0.9568 0.000409
240.00 C 20260807 -1.00 -1.00 7 9 3.8115 0.9562 0.000427
245.00 C 20260807 -1.00 -1.00 1 5 3.7534 0.9533 0.000455
250.00 C 20260807 -1.00 -1.00 3 11 3.6411 0.9524 0.000476
255.00 C 20260807 -1.00 -1.00 3 6 3.5551 0.9506 0.000502
260.00 C 20260807 -1.00 -1.00 19 5 3.4099 0.9514 0.000518
265.00 C 20260807 -1.00 -1.00 3 6 3.3279 0.9494 0.000546
270.00 C 20260807 -1.00 -1.00 22 8 3.2641 0.9466 0.000580
275.00 C 20260807 -1.00 -1.00 2 5 3.1294 0.9473 0.000600
280.00 C 20260807 -1.00 -1.00 11 5 3.0459 0.9455 0.000632
285.00 C 20260807 -1.00 -1.00 2 10 2.9865 0.9424 0.000672
195.00 P 20260807 -1.00 -1.00 4 26 2.6448 -0.0016 0.000033
200.00 P 20260807 -1.00 -1.00 47 602 2.5563 -0.0016 0.000034
205.00 P 20260807 -1.00 -1.00 4 42 2.4198 -0.0012 0.000029
210.00 P 20260807 -1.00 -1.00 5 55 2.3530 -0.0013 0.000030
215.00 P 20260807 -1.00 -1.00 5 38 2.2877 -0.0013 0.000032
220.00 P 20260807 -1.00 -1.00 16 66 2.2240 -0.0013 0.000034
225.00 P 20260807 -1.00 -1.00 10 24 2.3216 -0.0024 0.000055
230.00 P 20260807 -1.00 -1.00 1 27 2.1009 -0.0014 0.000038
235.00 P 20260807 -1.00 -1.00 3 37 2.0414 -0.0015 0.000040
240.00 P 20260807 -1.00 -1.00 28 85 2.1704 -0.0029 0.000070
245.00 P 20260807 -1.00 -1.00 50 24 2.0179 -0.0022 0.000060
250.00 P 20260807 -1.00 -1.00 107 197 1.9308 -0.0021 0.000058
255.00 P 20260807 -1.00 -1.00 826 822 1.8904 -0.0023 0.000064
260.00 P 20260807 -1.00 -1.00 40 155 1.8361 -0.0023 0.000068
265.00 P 20260807 -1.00 -1.00 59 65 1.8268 -0.0028 0.000080
270.00 P 20260807 -1.00 -1.00 9793 141 1.7596 -0.0027 0.000082
275.00 P 20260807 -1.00 -1.00 9 74 1.7675 -0.0039 0.000112
280.00 P 20260807 -1.00 -1.00 23 46 1.7120 -0.0040 0.000119
285.00 P 20260807 -1.00 -1.00 21 38 1.8896 -0.0092 0.000229
195.00 C 20260814 -1.00 -1.00 -1 0 3.1516 0.9663 0.000275
200.00 C 20260814 -1.00 -1.00 3 3 3.0905 0.9649 0.000290
205.00 C 20260814 -1.00 -1.00 1 1 3.0889 0.9620 0.000311
210.00 C 20260814 -1.00 -1.00 3 4 2.9513 0.9627 0.000321
215.00 C 20260814 -1.00 -1.00 -1 0 2.9231 0.9602 0.000342
220.00 C 20260814 -1.00 -1.00 2 4 2.8149 0.9604 0.000354
225.00 C 20260814 -1.00 -1.00 2 1 2.7574 0.9587 0.000373
230.00 C 20260814 -1.00 -1.00 1 8 2.7028 0.9566 0.000395
235.00 C 20260814 -1.00 -1.00 1 1 2.6303 0.9555 0.000414
240.00 C 20260814 -1.00 -1.00 2 3 2.5712 0.9537 0.000437
245.00 C 20260814 -1.00 -1.00 1 4 2.5041 0.9523 0.000459
250.00 C 20260814 -1.00 -1.00 3 26 2.4292 0.9515 0.000479
255.00 C 20260814 -1.00 -1.00 2 1 2.3718 0.9496 0.000505
260.00 C 20260814 -1.00 -1.00 1 2 2.2706 0.9507 0.000520
265.00 C 20260814 -1.00 -1.00 1 3 2.2181 0.9486 0.000549
270.00 C 20260814 -1.00 -1.00 3 11 2.1711 0.9461 0.000581
275.00 C 20260814 -1.00 -1.00 1 1 2.1011 0.9453 0.000608
280.00 C 20260814 -1.00 -1.00 16 17 2.0755 0.9412 0.000650
285.00 C 20260814 -1.00 -1.00 -1 0 2.0204 0.9392 0.000685
195.00 P 20260814 -1.00 -1.00 11 32 1.7413 -0.0015 0.000032
200.00 P 20260814 -1.00 -1.00 4 114 1.6942 -0.0016 0.000034
205.00 P 20260814 -1.00 -1.00 4 21 1.6930 -0.0020 0.000042
210.00 P 20260814 -1.00 -1.00 1 15 1.6697 -0.0022 0.000047
215.00 P 20260814 -1.00 -1.00 3 17 1.6034 -0.0021 0.000046
220.00 P 20260814 -1.00 -1.00 18 17 1.6822 -0.0040 0.000079
225.00 P 20260814 -1.00 -1.00 2063 51 1.4433 -0.0015 0.000038
230.00 P 20260814 -1.00 -1.00 11 26 1.6820 -0.0061 0.000117
235.00 P 20260814 -1.00 -1.00 10 121 1.6250 -0.0060 0.000120
240.00 P 20260814 -1.00 -1.00 3 123 1.5168 -0.0048 0.000104
245.00 P 20260814 -1.00 -1.00 4 37 1.5705 -0.0071 0.000144
250.00 P 20260814 -1.00 -1.00 4 112 1.5128 -0.0070 0.000147
255.00 P 20260814 -1.00 -1.00 6 34 1.4964 -0.0077 0.000164
260.00 P 20260814 -1.00 -1.00 2 50 1.3615 -0.0057 0.000135
265.00 P 20260814 -1.00 -1.00 21 78 1.3540 -0.0067 0.000158
270.00 P 20260814 -1.00 -1.00 9 32 1.3043 -0.0066 0.000162
275.00 P 20260814 -1.00 -1.00 4 48 1.3471 -0.0094 0.000216
280.00 P 20260814 -1.00 -1.00 4 65 1.3097 -0.0099 0.000233
285.00 P 20260814 -1.00 -1.00 17 33 1.2479 -0.0089 0.000224
195.00 C 20260821 -1.00 -1.00 6 365 2.5887 0.9644 0.000281
200.00 C 20260821 -1.00 -1.00 3 1105 2.5837 0.9609 0.000303
210.00 C 20260821 -1.00 -1.00 4 2628 2.4351 0.9596 0.000331
220.00 C 20260821 -1.00 -1.00 1 2057 2.2940 0.9583 0.000361
230.00 C 20260821 -1.00 -1.00 5 2081 2.1674 0.9565 0.000395
240.00 C 20260821 -1.00 -1.00 4 1468 2.0332 0.9556 0.000429
250.00 C 20260821 -1.00 -1.00 2 2631 1.9418 0.9518 0.000477
260.00 C 20260821 -1.00 -1.00 1 1678 1.8234 0.9503 0.000521
270.00 C 20260821 -1.00 -1.00 3 2651 1.7575 0.9445 0.000587
280.00 C 20260821 -1.00 -1.00 2 2660 1.6663 0.9409 0.000650
195.00 P 20260821 -1.00 -1.00 1 2044 1.4777 -0.0022 0.000044
200.00 P 20260821 -1.00 -1.00 78 14103 1.4822 -0.0030 0.000057
210.00 P 20260821 -1.00 -1.00 1 4103 1.5052 -0.0055 0.000095
220.00 P 20260821 -1.00 -1.00 253 3420 1.4165 -0.0056 0.000103
230.00 P 20260821 -1.00 -1.00 4 1858 1.3351 -0.0058 0.000112
240.00 P 20260821 -1.00 -1.00 1 1157 1.3442 -0.0083 0.000156
250.00 P 20260821 -1.00 -1.00 15 7403 1.2417 -0.0077 0.000159
260.00 P 20260821 -1.00 -1.00 3 1514 1.1883 -0.0089 0.000187
270.00 P 20260821 -1.00 -1.00 80 2506 1.1240 -0.0099 0.000215
280.00 P 20260821 -1.00 -1.00 145 4382 1.0991 -0.0135 0.000287
675.00 C 20260803 -1.00 -1.00 1 26 2.2921 0.0076 0.000301
677.50 C 20260803 -1.00 -1.00 -1 0 2.3132 0.0075 0.000296
680.00 C 20260803 -1.00 -1.00 1 3 2.3278 0.0073 0.000286
682.50 C 20260803 -1.00 -1.00 1 3 2.3488 0.0072 0.000282
685.00 C 20260803 -1.00 -1.00 2 33 2.3696 0.0072 0.000278
687.50 C 20260803 -1.00 -1.00 1 3 2.3841 0.0069 0.000268
690.00 C 20260803 -1.00 -1.00 1 4 2.4048 0.0069 0.000264
692.50 C 20260803 -1.00 -1.00 -1 0 2.4255 0.0068 0.000260
695.00 C 20260803 -1.00 -1.00 1 2 3.2381 0.0350 0.000802
697.50 C 20260803 -1.00 -1.00 2 2 2.4665 0.0067 0.000253
700.00 C 20260803 -1.00 -1.00 1 374 2.2087 0.0025 0.000116
702.50 C 20260803 -1.00 -1.00 1 18 2.2613 0.0029 0.000130
705.00 C 20260803 -1.00 -1.00 58 57 2.5588 0.0074 0.000266
710.00 C 20260803 -1.00 -1.00 1 89 2.5928 0.0072 0.000254
715.00 C 20260803 -1.00 -1.00 56 69 2.6328 0.0071 0.000247
720.00 C 20260803 -1.00 -1.00 30 30 2.4540 0.0036 0.000144
725.00 C 20260803 -1.00 -1.00 21 21 2.4889 0.0035 0.000140
730.00 C 20260803 -1.00 -1.00 1 69 2.4729 0.0029 0.000118
735.00 C 20260803 -1.00 -1.00 12 12 2.5748 0.0036 0.000139
740.00 C 20260803 -1.00 -1.00 2 3 2.5754 0.0032 0.000124
750.00 C 20260803 -1.00 -1.00 3 3 3.1722 0.0126 0.000341
760.00 C 20260803 -1.00 -1.00 4 56 3.0530 0.0081 0.000240
675.00 P 20260803 -1.00 -1.00 -1 0 -1.0000 -1.0000 -1.000000
677.50 P 20260803 -1.00 -1.00 1 0 -1.0000 -1.0000 -1.000000
680.00 P 20260803 -1.00 -1.00 -1 0 -1.0000 -1.0000 -1.000000
682.50 P 20260803 -1.00 -1.00 -1 0 -1.0000 -1.0000 -1.000000
685.00 P 20260803 -1.00 -1.00 -1 0 -1.0000 -1.0000 -1.000000
687.50 P 20260803 -1.00 -1.00 -1 0 -1.0000 -1.0000 -1.000000
690.00 P 20260803 -1.00 -1.00 -1 0 -1.0000 -1.0000 -1.000000
692.50 P 20260803 -1.00 -1.00 -1 0 -1.0000 -1.0000 -1.000000
695.00 P 20260803 -1.00 -1.00 -1 0 -1.0000 -1.0000 -1.000000
697.50 P 20260803 -1.00 -1.00 -1 0 -1.0000 -1.0000 -1.000000
700.00 P 20260803 -1.00 -1.00 -1 0 -1.0000 -1.0000 -1.000000
702.50 P 20260803 -1.00 -1.00 -1 0 -1.0000 -1.0000 -1.000000
705.00 P 20260803 -1.00 -1.00 -1 0 -1.0000 -1.0000 -1.000000
710.00 P 20260803 -1.00 -1.00 -1 0 -1.0000 -1.0000 -1.000000
715.00 P 20260803 -1.00 -1.00 -1 0 -1.0000 -1.0000 -1.000000
720.00 P 20260803 -1.00 -1.00 -1 0 -1.0000 -1.0000 -1.000000
725.00 P 20260803 -1.00 -1.00 -1 0 -1.0000 -1.0000 -1.000000
730.00 P 20260803 -1.00 -1.00 -1 0 -1.0000 -1.0000 -1.000000
735.00 P 20260803 -1.00 -1.00 -1 0 -1.0000 -1.0000 -1.000000
740.00 P 20260803 -1.00 -1.00 -1 0 -1.0000 -1.0000 -1.000000
750.00 P 20260803 -1.00 -1.00 -1 0 -1.0000 -1.0000 -1.000000
760.00 P 20260803 -1.00 -1.00 -1 0 -1.0000 -1.0000 -1.000000
675.00 C 20260805 -1.00 -1.00 3 67 1.7090 0.0177 0.000555
677.50 C 20260805 -1.00 -1.00 2 14 1.7299 0.0180 0.000556
680.00 C 20260805 -1.00 -1.00 8 7 1.7561 0.0187 0.000565
682.50 C 20260805 -1.00 -1.00 11 17 1.6266 0.0113 0.000395
685.00 C 20260805 -1.00 -1.00 11 15 1.7869 0.0185 0.000548
687.50 C 20260805 -1.00 -1.00 14 15 1.7722 0.0160 0.000493
690.00 C 20260805 -1.00 -1.00 44 43 1.8263 0.0189 0.000546
692.50 C 20260805 -1.00 -1.00 4 23 1.8028 0.0158 0.000480
695.00 C 20260805 -1.00 -1.00 3 4 1.8548 0.0185 0.000529
697.50 C 20260805 -1.00 -1.00 1 2 1.8246 0.0151 0.000456
700.00 C 20260805 -1.00 -1.00 356 132 1.8553 0.0160 0.000472
702.50 C 20260805 -1.00 -1.00 1 1 1.8341 0.0143 0.000433
705.00 C 20260805 -1.00 -1.00 40 4 1.7820 0.0120 0.000379
710.00 C 20260805 -1.00 -1.00 32 32 1.9533 0.0184 0.000501
715.00 C 20260805 -1.00 -1.00 3 1 1.9810 0.0181 0.000487
720.00 C 20260805 -1.00 -1.00 1 1 1.9071 0.0132 0.000386
725.00 C 20260805 -1.00 -1.00 -1 0 2.0376 0.0175 0.000462
730.00 C 20260805 -1.00 -1.00 -1 0 2.0648 0.0172 0.000450
735.00 C 20260805 -1.00 -1.00 1 1 2.0918 0.0169 0.000438
740.00 C 20260805 -1.00 -1.00 1 0 2.1203 0.0167 0.000428
750.00 C 20260805 -1.00 -1.00 1 13 2.1818 0.0167 0.000416
760.00 C 20260805 -1.00 -1.00 1 2 2.2307 0.0160 0.000393
675.00 P 20260805 -1.00 -1.00 -1 0 -1.0000 -1.0000 -1.000000
677.50 P 20260805 -1.00 -1.00 -1 0 -1.0000 -1.0000 -1.000000
680.00 P 20260805 -1.00 -1.00 -1 0 -1.0000 -1.0000 -1.000000
682.50 P 20260805 -1.00 -1.00 -1 0 -1.0000 -1.0000 -1.000000
685.00 P 20260805 -1.00 -1.00 -1 0 -1.0000 -1.0000 -1.000000
687.50 P 20260805 -1.00 -1.00 -1 0 -1.0000 -1.0000 -1.000000
690.00 P 20260805 -1.00 -1.00 -1 0 -1.0000 -1.0000 -1.000000
692.50 P 20260805 -1.00 -1.00 -1 0 -1.0000 -1.0000 -1.000000
695.00 P 20260805 -1.00 -1.00 -1 0 -1.0000 -1.0000 -1.000000
697.50 P 20260805 -1.00 -1.00 -1 0 -1.0000 -1.0000 -1.000000
700.00 P 20260805 -1.00 -1.00 -1 0 -1.0000 -1.0000 -1.000000
702.50 P 20260805 -1.00 -1.00 -1 0 -1.0000 -1.0000 -1.000000
705.00 P 20260805 -1.00 -1.00 1 0 -1.0000 -1.0000 -1.000000
710.00 P 20260805 -1.00 -1.00 1 0 -1.0000 -1.0000 -1.000000
715.00 P 20260805 -1.00 -1.00 -1 0 -1.0000 -1.0000 -1.000000
720.00 P 20260805 -1.00 -1.00 -1 0 -1.0000 -1.0000 -1.000000
725.00 P 20260805 -1.00 -1.00 -1 0 -1.0000 -1.0000 -1.000000
730.00 P 20260805 -1.00 -1.00 -1 0 -1.0000 -1.0000 -1.000000
735.00 P 20260805 -1.00 -1.00 -1 0 -1.0000 -1.0000 -1.000000
740.00 P 20260805 -1.00 -1.00 -1 0 -1.0000 -1.0000 -1.000000
750.00 P 20260805 -1.00 -1.00 -1 0 -1.0000 -1.0000 -1.000000
760.00 P 20260805 -1.00 -1.00 -1 0 -1.0000 -1.0000 -1.000000
675.00 C 20260807 -1.00 -1.00 38 16 1.4058 0.0221 0.000645
677.50 C 20260807 -1.00 -1.00 173 10 1.4027 0.0205 0.000607
680.00 C 20260807 -1.00 -1.00 9 241 1.3713 0.0161 0.000509
690.00 C 20260807 -1.00 -1.00 47 172 1.3918 0.0141 0.000448
700.00 C 20260807 -1.00 -1.00 202 1670 1.3881 0.0117 0.000379
710.00 C 20260807 -1.00 -1.00 42 225 1.4552 0.0125 0.000385
720.00 C 20260807 -1.00 -1.00 110 265 1.5373 0.0140 0.000402
730.00 C 20260807 -1.00 -1.00 47 561 1.5358 0.0119 0.000349
740.00 C 20260807 -1.00 -1.00 33 214 1.5784 0.0118 0.000336
750.00 C 20260807 -1.00 -1.00 19 458 1.5704 0.0095 0.000279
760.00 C 20260807 -1.00 -1.00 10 56 1.5532 0.0068 0.000210
675.00 P 20260807 -1.00 -1.00 -1 0 -1.0000 -1.0000 -1.000000
677.50 P 20260807 -1.00 -1.00 -1 0 -1.0000 -1.0000 -1.000000
680.00 P 20260807 -1.00 -1.00 6 0 -1.0000 -1.0000 -1.000000
690.00 P 20260807 -1.00 -1.00 2 0 -1.0000 -1.0000 -1.000000
700.00 P 20260807 -1.00 -1.00 5 0 -1.0000 -1.0000 -1.000000
710.00 P 20260807 -1.00 -1.00 2 0 -1.0000 -1.0000 -1.000000
720.00 P 20260807 -1.00 -1.00 1 1 -1.0000 -1.0000 -1.000000
730.00 P 20260807 -1.00 -1.00 4 0 -1.0000 -1.0000 -1.000000
740.00 P 20260807 -1.00 -1.00 2 0 -1.0000 -1.0000 -1.000000
750.00 P 20260807 -1.00 -1.00 1 0 -1.0000 -1.0000 -1.000000
760.00 P 20260807 -1.00 -1.00 -1 0 -1.0000 -1.0000 -1.000000
675.00 C 20260810 -1.00 -1.00 -1 0 1.1868 0.0286 0.000764
677.50 C 20260810 -1.00 -1.00 3 1 1.2102 0.0298 0.000777
680.00 C 20260810 -1.00 -1.00 2 1 1.2211 0.0297 0.000768
685.00 C 20260810 -1.00 -1.00 4 2 1.2292 0.0282 0.000728
690.00 C 20260810 -1.00 -1.00 2 0 1.2070 0.0234 0.000632
695.00 C 20260810 -1.00 -1.00 -1 0 1.2442 0.0250 0.000649
700.00 C 20260810 -1.00 -1.00 4 2 1.1794 0.0152 0.000457
705.00 C 20260810 -1.00 -1.00 2 1 1.2834 0.0245 0.000618
710.00 C 20260810 -1.00 -1.00 -1 0 1.2889 0.0228 0.000579
715.00 C 20260810 -1.00 -1.00 -1 0 1.3044 0.0222 0.000559
720.00 C 20260810 -1.00 -1.00 -1 0 1.3208 0.0217 0.000542
725.00 C 20260810 -1.00 -1.00 -1 0 1.3371 0.0212 0.000526
730.00 C 20260810 -1.00 -1.00 60 60 1.2460 0.0126 0.000363
735.00 C 20260810 -1.00 -1.00 -1 0 1.3694 0.0203 0.000495
740.00 C 20260810 -1.00 -1.00 1 0 1.3854 0.0198 0.000481
750.00 C 20260810 -1.00 -1.00 -1 0 1.4192 0.0192 0.000457
760.00 C 20260810 -1.00 -1.00 -1 0 1.4515 0.0185 0.000434
675.00 P 20260810 -1.00 -1.00 -1 0 -1.0000 -1.0000 -1.000000
677.50 P 20260810 -1.00 -1.00 -1 0 -1.0000 -1.0000 -1.000000
680.00 P 20260810 -1.00 -1.00 -1 0 -1.0000 -1.0000 -1.000000
685.00 P 20260810 -1.00 -1.00 -1 0 -1.0000 -1.0000 -1.000000
690.00 P 20260810 -1.00 -1.00 -1 0 -1.0000 -1.0000 -1.000000
695.00 P 20260810 -1.00 -1.00 -1 0 -1.0000 -1.0000 -1.000000
700.00 P 20260810 -1.00 -1.00 -1 0 -1.0000 -1.0000 -1.000000
705.00 P 20260810 -1.00 -1.00 -1 0 -1.0000 -1.0000 -1.000000
710.00 P 20260810 -1.00 -1.00 -1 0 -1.0000 -1.0000 -1.000000
715.00 P 20260810 -1.00 -1.00 -1 0 -1.0000 -1.0000 -1.000000
720.00 P 20260810 -1.00 -1.00 -1 0 -1.0000 -1.0000 -1.000000
725.00 P 20260810 -1.00 -1.00 -1 0 -1.0000 -1.0000 -1.000000
730.00 P 20260810 -1.00 -1.00 -1 0 -1.0000 -1.0000 -1.000000
735.00 P 20260810 -1.00 -1.00 -1 0 -1.0000 -1.0000 -1.000000
740.00 P 20260810 -1.00 -1.00 -1 0 -1.0000 -1.0000 -1.000000
750.00 P 20260810 -1.00 -1.00 -1 0 -1.0000 -1.0000 -1.000000
760.00 P 20260810 -1.00 -1.00 -1 0 -1.0000 -1.0000 -1.000000
675.00 C 20260812 -1.00 -1.00 2 0 1.1630 0.0398 0.000933
680.00 C 20260812 -1.00 -1.00 2 1 1.1596 0.0365 0.000871
685.00 C 20260812 -1.00 -1.00 -1 0 1.1617 0.0345 0.000826
690.00 C 20260812 -1.00 -1.00 -1 0 1.1587 0.0319 0.000773
695.00 C 20260812 -1.00 -1.00 7 7 1.1607 0.0298 0.000728
700.00 C 20260812 -1.00 -1.00 -1 0 1.1748 0.0291 0.000705
705.00 C 20260812 -1.00 -1.00 -1 0 1.1728 0.0267 0.000654
710.00 C 20260812 -1.00 -1.00 -1 0 1.1837 0.0257 0.000627
715.00 C 20260812 -1.00 -1.00 -1 0 1.1965 0.0249 0.000605
720.00 C 20260812 -1.00 -1.00 -1 0 1.2103 0.0243 0.000585
725.00 C 20260812 -1.00 -1.00 -1 0 1.2249 0.0238 0.000568
730.00 C 20260812 -1.00 -1.00 -1 0 1.2384 0.0232 0.000550
735.00 C 20260812 -1.00 -1.00 -1 0 1.2518 0.0226 0.000533
740.00 C 20260812 -1.00 -1.00 -1 0 1.2662 0.0222 0.000518
750.00 C 20260812 -1.00 -1.00 19 19 1.2935 0.0212 0.000489
760.00 C 20260812 -1.00 -1.00 -1 0 1.3446 0.0228 0.000500
675.00 P 20260812 -1.00 -1.00 -1 0 -1.0000 -1.0000 -1.000000
680.00 P 20260812 -1.00 -1.00 -1 0 -1.0000 -1.0000 -1.000000
685.00 P 20260812 -1.00 -1.00 -1 0 -1.0000 -1.0000 -1.000000
690.00 P 20260812 -1.00 -1.00 -1 0 -1.0000 -1.0000 -1.000000
695.00 P 20260812 -1.00 -1.00 -1 0 -1.0000 -1.0000 -1.000000
700.00 P 20260812 -1.00 -1.00 -1 0 -1.0000 -1.0000 -1.000000
705.00 P 20260812 -1.00 -1.00 -1 0 -1.0000 -1.0000 -1.000000
710.00 P 20260812 -1.00 -1.00 -1 0 -1.0000 -1.0000 -1.000000
715.00 P 20260812 -1.00 -1.00 -1 0 -1.0000 -1.0000 -1.000000
720.00 P 20260812 -1.00 -1.00 -1 0 -1.0000 -1.0000 -1.000000
725.00 P 20260812 -1.00 -1.00 -1 0 -1.0000 -1.0000 -1.000000
730.00 P 20260812 -1.00 -1.00 -1 0 -1.0000 -1.0000 -1.000000
735.00 P 20260812 -1.00 -1.00 -1 0 -1.0000 -1.0000 -1.000000
740.00 P 20260812 -1.00 -1.00 -1 0 -1.0000 -1.0000 -1.000000
750.00 P 20260812 -1.00 -1.00 -1 0 -1.0000 -1.0000 -1.000000
760.00 P 20260812 -1.00 -1.00 -1 0 -1.0000 -1.0000 -1.000000
680.00 C 20260814 -1.00 -1.00 4 60 1.1185 0.0466 0.001000
690.00 C 20260814 -1.00 -1.00 1 96 1.0971 0.0360 0.000833
700.00 C 20260814 -1.00 -1.00 36 423 1.1062 0.0327 0.000758
710.00 C 20260814 -1.00 -1.00 1 49 1.1051 0.0282 0.000667
720.00 C 20260814 -1.00 -1.00 1 89 1.1194 0.0256 0.000607
730.00 C 20260814 -1.00 -1.00 2 52 1.1308 0.0228 0.000544
740.00 C 20260814 -1.00 -1.00 4 94 1.1509 0.0211 0.000501
750.00 C 20260814 -1.00 -1.00 123 198 1.1513 0.0170 0.000421
760.00 C 20260814 -1.00 -1.00 1 50 1.1895 0.0178 0.000422
680.00 P 20260814 -1.00 -1.00 -1 0 -1.0000 -1.0000 -1.000000
690.00 P 20260814 -1.00 -1.00 -1 0 -1.0000 -1.0000 -1.000000
700.00 P 20260814 -1.00 -1.00 -1 0 -1.0000 -1.0000 -1.000000
710.00 P 20260814 -1.00 -1.00 2 0 -1.0000 -1.0000 -1.000000
720.00 P 20260814 -1.00 -1.00 2 1 -1.0000 -1.0000 -1.000000
730.00 P 20260814 -1.00 -1.00 -1 0 -1.0000 -1.0000 -1.000000
740.00 P 20260814 -1.00 -1.00 -1 0 -1.0000 -1.0000 -1.000000
750.00 P 20260814 -1.00 -1.00 -1 0 -1.0000 -1.0000 -1.000000
760.00 P 20260814 -1.00 -1.00 -1 0 -1.0000 -1.0000 -1.000000
680.00 C 20260821 -1.00 -1.00 29 1211 0.9248 0.0543 0.001090
690.00 C 20260821 -1.00 -1.00 7 535 0.9315 0.0474 0.000975
700.00 C 20260821 -1.00 -1.00 998 4609 0.9480 0.0431 0.000892
710.00 C 20260821 -1.00 -1.00 102 373 0.9657 0.0396 0.000823
720.00 C 20260821 -1.00 -1.00 28 1580 0.9536 0.0341 0.000729
730.00 C 20260821 -1.00 -1.00 47 387 0.9818 0.0339 0.000705
740.00 C 20260821 -1.00 -1.00 2 1853 0.9634 0.0275 0.000600
750.00 C 20260821 -1.00 -1.00 30 3110 0.9727 0.0250 0.000547
760.00 C 20260821 -1.00 -1.00 9 675 0.9924 0.0240 0.000518
680.00 P 20260821 -1.00 -1.00 32 48 -1.0000 -1.0000 -1.000000
690.00 P 20260821 -1.00 -1.00 40 41 -1.0000 -1.0000 -1.000000
700.00 P 20260821 -1.00 -1.00 136 173 -1.0000 -1.0000 -1.000000
710.00 P 20260821 -1.00 -1.00 6 4 -1.0000 -1.0000 -1.000000
720.00 P 20260821 -1.00 -1.00 2 5 -1.0000 -1.0000 -1.000000
730.00 P 20260821 -1.00 -1.00 10 12 -1.0000 -1.0000 -1.000000
740.00 P 20260821 -1.00 -1.00 15 4 -1.0000 -1.0000 -1.000000
750.00 P 20260821 -1.00 -1.00 4 5 -1.0000 -1.0000 -1.000000
760.00 P 20260821 -1.00 -1.00 4 0 -1.0000 -1.0000 -1.000000
