# opt_chain SNDK | epoch 1785937756 | 2026-08-05 09:49:16 | spot 1401.48 | exps 20260807 20260814 20260821
# fuente polygon_snapshot_v3 | greeks polygon_directo | iv polygon_directo | oi polygon_directo | vol day.volume(-1 si no cotizo) | bid/ask NO_ENTITLED(-1) | spot_src ibkr_bridge spot_edad_s 134 | band 0.6000 vencimientos 3 exp_hasta 2026-08-21
# strike right exp bid ask vol oi iv delta gamma
845.00 C 20260807 -1.00 -1.00 1 3 2.6924 0.9932 0.000061
850.00 C 20260807 -1.00 -1.00 8 23 -1.0000 -1.0000 -1.000000
855.00 C 20260807 -1.00 -1.00 2 1 3.2324 0.9799 0.000132
860.00 C 20260807 -1.00 -1.00 11 12 -1.0000 -1.0000 -1.000000
865.00 C 20260807 -1.00 -1.00 1 1 3.2010 0.9788 0.000140
870.00 C 20260807 -1.00 -1.00 1 3 3.3920 0.9709 0.000171
875.00 C 20260807 -1.00 -1.00 -1 0 -1.0000 -1.0000 -1.000000
880.00 C 20260807 -1.00 -1.00 -1 0 3.1571 0.9770 0.000153
885.00 C 20260807 -1.00 -1.00 -1 0 3.2854 0.9700 0.000181
890.00 C 20260807 -1.00 -1.00 1 1 -1.0000 -1.0000 -1.000000
895.00 C 20260807 -1.00 -1.00 3 3 -1.0000 -1.0000 -1.000000
900.00 C 20260807 -1.00 -1.00 6 41 2.9165 0.9788 0.000153
905.00 C 20260807 -1.00 -1.00 1 1 2.9397 0.9773 0.000162
910.00 C 20260807 -1.00 -1.00 1 1 2.3602 0.9920 0.000082
915.00 C 20260807 -1.00 -1.00 -1 0 1.7057 0.9994 0.000010
920.00 C 20260807 -1.00 -1.00 1 9 2.8840 0.9751 0.000178
925.00 C 20260807 -1.00 -1.00 37 41 -1.0000 -1.0000 -1.000000
930.00 C 20260807 -1.00 -1.00 2 5 -1.0000 -1.0000 -1.000000
935.00 C 20260807 -1.00 -1.00 -1 0 2.6538 0.9787 0.000169
940.00 C 20260807 -1.00 -1.00 25 27 2.6983 0.9765 0.000182
945.00 C 20260807 -1.00 -1.00 57 1243 2.6271 0.9774 0.000181
950.00 C 20260807 -1.00 -1.00 30 1252 2.8284 0.9665 0.000230
955.00 C 20260807 -1.00 -1.00 -1 0 2.8846 0.9620 0.000250
960.00 C 20260807 -1.00 -1.00 2 5 2.7894 0.9645 0.000244
965.00 C 20260807 -1.00 -1.00 -1 0 2.6272 0.9706 0.000223
970.00 C 20260807 -1.00 -1.00 3 4 2.7508 0.9625 0.000259
975.00 C 20260807 -1.00 -1.00 4 2 2.7756 0.9594 0.000275
980.00 C 20260807 -1.00 -1.00 2 2 -1.0000 -1.0000 -1.000000
985.00 C 20260807 -1.00 -1.00 -1 0 2.5215 0.9682 0.000247
990.00 C 20260807 -1.00 -1.00 49 150 2.6339 0.9603 0.000284
995.00 C 20260807 -1.00 -1.00 1 7 2.6792 0.9561 0.000304
1000.00 C 20260807 -1.00 -1.00 12 172 2.6375 0.9561 0.000309
1005.00 C 20260807 -1.00 -1.00 1 10 -1.0000 -1.0000 -1.000000
1010.00 C 20260807 -1.00 -1.00 30 184 1.7629 0.9922 0.000106
1015.00 C 20260807 -1.00 -1.00 1 5 -1.0000 -1.0000 -1.000000
1020.00 C 20260807 -1.00 -1.00 1 18 -1.0000 -1.0000 -1.000000
1025.00 C 20260807 -1.00 -1.00 2 59 -1.0000 -1.0000 -1.000000
1030.00 C 20260807 -1.00 -1.00 1 38 2.4975 0.9507 0.000360
1035.00 C 20260807 -1.00 -1.00 1 9 -1.0000 -1.0000 -1.000000
1040.00 C 20260807 -1.00 -1.00 1 10 2.0320 0.9745 0.000259
1045.00 C 20260807 -1.00 -1.00 6 21 -1.0000 -1.0000 -1.000000
1050.00 C 20260807 -1.00 -1.00 5 71 0.0006 1.0000 0.000000
1055.00 C 20260807 -1.00 -1.00 4 11 2.5380 0.9343 0.000443
1060.00 C 20260807 -1.00 -1.00 9 139 2.5151 0.9326 0.000455
1062.50 C 20260807 -1.00 -1.00 6 3 1.8671 0.9751 0.000276
1065.00 C 20260807 -1.00 -1.00 1 125 2.6269 0.9210 0.000490
1067.50 C 20260807 -1.00 -1.00 3 3 2.3954 0.9370 0.000455
1070.00 C 20260807 -1.00 -1.00 1 36 1.8592 0.9726 0.000300
1072.50 C 20260807 -1.00 -1.00 72 3 2.0418 0.9577 0.000386
1075.00 C 20260807 -1.00 -1.00 34 29 -1.0000 -1.0000 -1.000000
1077.50 C 20260807 -1.00 -1.00 104 6 0.0006 1.0000 -0.000000
1080.00 C 20260807 -1.00 -1.00 1 24 2.4447 0.9240 0.000512
1082.50 C 20260807 -1.00 -1.00 108 5 2.5782 0.9126 0.000540
1085.00 C 20260807 -1.00 -1.00 1 16 2.3685 0.9265 0.000515
1090.00 C 20260807 -1.00 -1.00 36 37 2.5443 0.9098 0.000561
1095.00 C 20260807 -1.00 -1.00 1 14 2.5330 0.9071 0.000577
1100.00 C 20260807 -1.00 -1.00 1 380 1.7302 0.9668 0.000374
1105.00 C 20260807 -1.00 -1.00 5 13 2.3227 0.9154 0.000584
1110.00 C 20260807 -1.00 -1.00 12 123 1.9553 0.9444 0.000509
1115.00 C 20260807 -1.00 -1.00 48 41 2.4021 0.9021 0.000634
1120.00 C 20260807 -1.00 -1.00 6 539 2.3997 0.8987 0.000652
1125.00 C 20260807 -1.00 -1.00 30 27 2.3973 0.8952 0.000671
1130.00 C 20260807 -1.00 -1.00 2 35 2.4310 0.8894 0.000691
1135.00 C 20260807 -1.00 -1.00 3 28 2.3123 0.8938 0.000702
1140.00 C 20260807 -1.00 -1.00 4 42 2.3866 0.8841 0.000727
1145.00 C 20260807 -1.00 -1.00 1 6 2.3723 0.8803 0.000746
1150.00 C 20260807 -1.00 -1.00 29 264 2.3618 0.8760 0.000766
1155.00 C 20260807 -1.00 -1.00 1 15 2.3020 0.8764 0.000784
1160.00 C 20260807 -1.00 -1.00 8 89 2.3884 0.8630 0.000807
1165.00 C 20260807 -1.00 -1.00 4 17 2.3670 0.8596 0.000827
1170.00 C 20260807 -1.00 -1.00 9 41 2.3275 0.8578 0.000848
1175.00 C 20260807 -1.00 -1.00 4 59 2.2465 0.8599 0.000871
1180.00 C 20260807 -1.00 -1.00 4 89 2.1459 0.8642 0.000893
1185.00 C 20260807 -1.00 -1.00 2 50 2.2570 0.8478 0.000915
1190.00 C 20260807 -1.00 -1.00 2 716 2.3298 0.8361 0.000932
1195.00 C 20260807 -1.00 -1.00 1 34 2.3609 0.8283 0.000950
1200.00 C 20260807 -1.00 -1.00 14 2114 2.3345 0.8250 0.000973
1205.00 C 20260807 -1.00 -1.00 20 35 2.2724 0.8245 0.001002
1210.00 C 20260807 -1.00 -1.00 8 172 2.0731 0.8361 0.001047
1215.00 C 20260807 -1.00 -1.00 2 155 1.9994 0.8373 0.001080
1220.00 C 20260807 -1.00 -1.00 11 125 2.3794 0.8005 0.001048
1225.00 C 20260807 -1.00 -1.00 2 104 2.3309 0.7984 0.001078
1230.00 C 20260807 -1.00 -1.00 28 81 2.2840 0.7957 0.001107
1235.00 C 20260807 -1.00 -1.00 20 48 2.3009 0.7873 0.001120
1240.00 C 20260807 -1.00 -1.00 46 378 2.2935 0.7810 0.001139
1245.00 C 20260807 -1.00 -1.00 8 94 2.3534 0.7695 0.001138
1250.00 C 20260807 -1.00 -1.00 513 1018 2.1188 0.7819 0.001232
1255.00 C 20260807 -1.00 -1.00 20 84 2.0957 0.7766 0.001260
1260.00 C 20260807 -1.00 -1.00 1 497 2.1435 0.7650 0.001263
1265.00 C 20260807 -1.00 -1.00 51 66 2.0938 0.7617 0.001302
1270.00 C 20260807 -1.00 -1.00 19 129 2.1681 0.7484 0.001292
1275.00 C 20260807 -1.00 -1.00 41 71 2.2262 0.7371 0.001287
1280.00 C 20260807 -1.00 -1.00 1 79 2.3265 0.7240 0.001265
1285.00 C 20260807 -1.00 -1.00 47 71 2.0012 0.7385 0.001428
1290.00 C 20260807 -1.00 -1.00 39 142 2.3131 0.7111 0.001304
1295.00 C 20260807 -1.00 -1.00 45 96 2.1633 0.7123 0.001390
1300.00 C 20260807 -1.00 -1.00 15 1146 2.2524 0.7003 0.001366
1305.00 C 20260807 -1.00 -1.00 36 64 2.1756 0.6971 0.001423
1310.00 C 20260807 -1.00 -1.00 65 110 2.2066 0.6884 0.001425
1315.00 C 20260807 -1.00 -1.00 18 114 2.2598 0.6790 0.001416
1320.00 C 20260807 -1.00 -1.00 2 181 2.2048 0.6738 0.001459
1325.00 C 20260807 -1.00 -1.00 52 68 2.2022 0.6660 0.001469
1330.00 C 20260807 -1.00 -1.00 18 84 2.2007 0.6581 0.001479
1335.00 C 20260807 -1.00 -1.00 16 51 2.2663 0.6480 0.001447
1340.00 C 20260807 -1.00 -1.00 55 52 2.2068 0.6421 0.001493
1345.00 C 20260807 -1.00 -1.00 41 110 2.2155 0.6339 0.001496
1350.00 C 20260807 -1.00 -1.00 6 562 2.0343 0.6311 0.001633
1355.00 C 20260807 -1.00 -1.00 2 75 2.1550 0.6195 0.001554
1360.00 C 20260807 -1.00 -1.00 339 113 2.2099 0.6104 0.001526
1365.00 C 20260807 -1.00 -1.00 128 75 2.2882 0.6015 0.001483
1370.00 C 20260807 -1.00 -1.00 688 3315 2.1957 0.5947 0.001553
1375.00 C 20260807 -1.00 -1.00 340 86 2.2088 0.5867 0.001553
1380.00 C 20260807 -1.00 -1.00 19 94 2.1079 0.5792 0.001635
1385.00 C 20260807 -1.00 -1.00 604 157 2.0954 0.5709 0.001654
1390.00 C 20260807 -1.00 -1.00 821 195 2.3347 0.5635 0.001494
1395.00 C 20260807 -1.00 -1.00 14 170 2.2118 0.5551 0.001585
1400.00 C 20260807 -1.00 -1.00 146 1684 2.0972 0.5460 0.001682
1405.00 C 20260807 -1.00 -1.00 196 255 2.2122 0.5393 0.001603
1410.00 C 20260807 -1.00 -1.00 34 166 2.1780 0.5309 0.001630
1415.00 C 20260807 -1.00 -1.00 236 76 2.1254 0.5220 0.001667
1420.00 C 20260807 -1.00 -1.00 24 245 2.1765 0.5154 0.001625
1425.00 C 20260807 -1.00 -1.00 6 342 2.2077 0.5085 0.001599
1430.00 C 20260807 -1.00 -1.00 11 402 2.2025 0.5007 0.001599
1435.00 C 20260807 -1.00 -1.00 3 127 2.1733 0.4919 0.001618
1440.00 C 20260807 -1.00 -1.00 11 266 2.0227 0.4779 0.001733
1445.00 C 20260807 -1.00 -1.00 2 73 2.2701 0.4805 0.001544
1450.00 C 20260807 -1.00 -1.00 22 1215 2.0404 0.4620 0.001711
1455.00 C 20260807 -1.00 -1.00 88 42 2.1400 0.4591 0.001630
1460.00 C 20260807 -1.00 -1.00 433 497 2.2338 0.4563 0.001560
1465.00 C 20260807 -1.00 -1.00 93 131 2.1766 0.4455 0.001597
1470.00 C 20260807 -1.00 -1.00 151 387 2.1413 0.4355 0.001619
1475.00 C 20260807 -1.00 -1.00 1 152 2.1677 0.4293 0.001597
1480.00 C 20260807 -1.00 -1.00 140 156 2.1659 0.4214 0.001595
1485.00 C 20260807 -1.00 -1.00 1 121 2.2126 0.4170 0.001560
1490.00 C 20260807 -1.00 -1.00 4 289 2.2462 0.4118 0.001535
1495.00 C 20260807 -1.00 -1.00 149 118 2.1381 0.3957 0.001605
1500.00 C 20260807 -1.00 -1.00 81 2063 2.1404 0.3881 0.001599
1505.00 C 20260807 -1.00 -1.00 2 246 2.2716 0.3913 0.001511
1510.00 C 20260807 -1.00 -1.00 8 145 2.2657 0.3845 0.001503
1515.00 C 20260807 -1.00 -1.00 83 61 2.2622 0.3779 0.001493
1520.00 C 20260807 -1.00 -1.00 5 180 2.2502 0.3706 0.001488
1525.00 C 20260807 -1.00 -1.00 9 86 2.0975 0.3506 0.001558
1530.00 C 20260807 -1.00 -1.00 208 103 2.0919 0.3432 0.001547
1535.00 C 20260807 -1.00 -1.00 104 58 2.1480 0.3419 0.001504
1540.00 C 20260807 -1.00 -1.00 3 130 2.0916 0.3294 0.001520
1545.00 C 20260807 -1.00 -1.00 91 125 2.0957 0.3230 0.001504
1550.00 C 20260807 -1.00 -1.00 17 537 2.2178 0.3292 0.001433
1555.00 C 20260807 -1.00 -1.00 117 116 2.0774 0.3072 0.001485
1560.00 C 20260807 -1.00 -1.00 2 159 2.2039 0.3148 0.001415
1565.00 C 20260807 -1.00 -1.00 118 76 2.0820 0.2939 0.001456
1570.00 C 20260807 -1.00 -1.00 1 153 2.1291 0.2929 0.001422
1575.00 C 20260807 -1.00 -1.00 1 110 2.1284 0.2861 0.001409
1580.00 C 20260807 -1.00 -1.00 1 617 2.1240 0.2788 0.001397
1582.50 C 20260807 -1.00 -1.00 1 528 2.1969 0.2847 0.001362
1585.00 C 20260807 -1.00 -1.00 1 48 2.1030 0.2692 0.001392
1587.50 C 20260807 -1.00 -1.00 20 17 2.1258 0.2689 0.001377
1590.00 C 20260807 -1.00 -1.00 151 85 2.2116 0.2768 0.001339
1592.50 C 20260807 -1.00 -1.00 70 51 2.1464 0.2649 0.001356
1595.00 C 20260807 -1.00 -1.00 120 37 2.1763 0.2657 0.001339
1597.50 C 20260807 -1.00 -1.00 116 45 2.1361 0.2568 0.001346
1600.00 C 20260807 -1.00 -1.00 40 1247 2.2264 0.2658 0.001309
1602.50 C 20260807 -1.00 -1.00 68 31 2.0965 0.2473 0.001339
1605.00 C 20260807 -1.00 -1.00 98 110 2.1243 0.2480 0.001323
1607.50 C 20260807 -1.00 -1.00 83 40 2.1397 0.2472 0.001311
1610.00 C 20260807 -1.00 -1.00 105 310 2.2168 0.2532 0.001285
1615.00 C 20260807 -1.00 -1.00 108 76 2.2011 0.2467 0.001272
1620.00 C 20260807 -1.00 -1.00 98 113 2.1932 0.2410 0.001258
1625.00 C 20260807 -1.00 -1.00 106 118 2.0976 0.2246 0.001257
1630.00 C 20260807 -1.00 -1.00 153 122 2.0791 0.2171 0.001242
1635.00 C 20260807 -1.00 -1.00 130 95 2.1771 0.2245 0.001211
1640.00 C 20260807 -1.00 -1.00 4 145 2.1708 0.2188 0.001195
1645.00 C 20260807 -1.00 -1.00 84 28 2.1782 0.2149 0.001177
1650.00 C 20260807 -1.00 -1.00 1123 993 2.0621 0.1942 0.001169
1655.00 C 20260807 -1.00 -1.00 111 92 2.1062 0.1954 0.001148
1660.00 C 20260807 -1.00 -1.00 400 333 2.0817 0.1868 0.001131
1665.00 C 20260807 -1.00 -1.00 1 57 2.1105 0.1859 0.001112
1670.00 C 20260807 -1.00 -1.00 2 421 2.1013 0.1795 0.001095
1675.00 C 20260807 -1.00 -1.00 1 86 2.1193 0.1771 0.001077
1680.00 C 20260807 -1.00 -1.00 2 94 2.1736 0.1801 0.001060
1685.00 C 20260807 -1.00 -1.00 38 32 2.1070 0.1652 0.001041
1690.00 C 20260807 -1.00 -1.00 49 64 2.1928 0.1732 0.001028
1695.00 C 20260807 -1.00 -1.00 66 90 2.1850 0.1672 0.001011
1700.00 C 20260807 -1.00 -1.00 45 1576 2.1073 0.1507 0.000988
1705.00 C 20260807 -1.00 -1.00 1 110 2.1966 0.1593 0.000979
1710.00 C 20260807 -1.00 -1.00 84 68 2.1347 0.1472 0.000957
1715.00 C 20260807 -1.00 -1.00 115 133 2.1877 0.1497 0.000946
1720.00 C 20260807 -1.00 -1.00 81 78 2.1240 0.1395 0.000923
1725.00 C 20260807 -1.00 -1.00 1 286 2.0918 0.1325 0.000901
1730.00 C 20260807 -1.00 -1.00 2 96 2.1646 0.1378 0.000897
1735.00 C 20260807 -1.00 -1.00 90 83 2.0945 0.1263 0.000868
1740.00 C 20260807 -1.00 -1.00 74 71 2.1538 0.1301 0.000863
1750.00 C 20260807 -1.00 -1.00 596 529 2.0565 0.1115 0.000807
1760.00 C 20260807 -1.00 -1.00 1 194 2.0682 0.1063 0.000775
1765.00 C 20260807 -1.00 -1.00 1 66 2.1691 0.1161 0.000788
1770.00 C 20260807 -1.00 -1.00 33 41 2.1196 0.1066 0.000758
1775.00 C 20260807 -1.00 -1.00 52 38 2.0812 0.0981 0.000728
1780.00 C 20260807 -1.00 -1.00 82 65 2.1354 0.1022 0.000730
1785.00 C 20260807 -1.00 -1.00 22 37 2.1345 0.0989 0.000714
1790.00 C 20260807 -1.00 -1.00 145 114 2.1731 0.1009 0.000711
1795.00 C 20260807 -1.00 -1.00 49 34 2.1305 0.0919 0.000680
1800.00 C 20260807 -1.00 -1.00 52 1902 2.1384 0.0898 0.000667
1805.00 C 20260807 -1.00 -1.00 158 66 2.1944 0.0943 0.000672
1810.00 C 20260807 -1.00 -1.00 66 185 2.1388 0.0834 0.000635
1815.00 C 20260807 -1.00 -1.00 84 96 2.1924 0.0878 0.000641
1820.00 C 20260807 -1.00 -1.00 39 114 2.2176 0.0881 0.000635
1825.00 C 20260807 -1.00 -1.00 2 55 2.1454 0.0772 0.000597
1830.00 C 20260807 -1.00 -1.00 28 25 2.2112 0.0811 0.000603
1835.00 C 20260807 -1.00 -1.00 25 38 2.2212 0.0800 0.000594
1840.00 C 20260807 -1.00 -1.00 100 231 2.1355 0.0709 0.000558
1845.00 C 20260807 -1.00 -1.00 51 30 2.2219 0.0766 0.000572
1850.00 C 20260807 -1.00 -1.00 27 326 2.1961 0.0727 0.000554
1855.00 C 20260807 -1.00 -1.00 24 63 2.1294 0.0649 0.000520
1860.00 C 20260807 -1.00 -1.00 60 60 2.1336 0.0635 0.000510
1865.00 C 20260807 -1.00 -1.00 21 33 2.1192 0.0603 0.000492
1870.00 C 20260807 -1.00 -1.00 14 19 2.1938 0.0655 0.000508
1875.00 C 20260807 -1.00 -1.00 34 69 2.1312 0.0579 0.000473
1880.00 C 20260807 -1.00 -1.00 148 143 2.1872 0.0613 0.000484
1885.00 C 20260807 -1.00 -1.00 32 85 2.1913 0.0600 0.000474
1890.00 C 20260807 -1.00 -1.00 35 92 2.1363 0.0529 0.000440
1895.00 C 20260807 -1.00 -1.00 29 78 2.1331 0.0508 0.000426
1900.00 C 20260807 -1.00 -1.00 30 990 2.1298 0.0487 0.000413
1905.00 C 20260807 -1.00 -1.00 2 77 2.1597 0.0499 0.000415
1910.00 C 20260807 -1.00 -1.00 17 35 2.1344 0.0455 0.000391
1915.00 C 20260807 -1.00 -1.00 13 25 2.1971 0.0500 0.000409
1920.00 C 20260807 -1.00 -1.00 41 68 2.1828 0.0469 0.000391
1925.00 C 20260807 -1.00 -1.00 29 56 2.1796 0.0448 0.000379
1930.00 C 20260807 -1.00 -1.00 34 57 2.1873 0.0438 0.000371
1935.00 C 20260807 -1.00 -1.00 1 38 2.1676 0.0400 0.000350
1940.00 C 20260807 -1.00 -1.00 30 42 2.1807 0.0396 0.000345
1945.00 C 20260807 -1.00 -1.00 10 28 2.1920 0.0390 0.000340
1950.00 C 20260807 -1.00 -1.00 14 353 2.2033 0.0384 0.000334
1955.00 C 20260807 -1.00 -1.00 12 31 2.2399 0.0405 0.000342
1960.00 C 20260807 -1.00 -1.00 23 29 2.2420 0.0390 0.000332
845.00 P 20260807 -1.00 -1.00 54 346 2.8691 -0.0093 0.000077
850.00 P 20260807 -1.00 -1.00 4 1528 2.8658 -0.0102 0.000082
855.00 P 20260807 -1.00 -1.00 57 70 2.8514 -0.0107 0.000087
860.00 P 20260807 -1.00 -1.00 1 820 2.8481 -0.0116 0.000093
865.00 P 20260807 -1.00 -1.00 1 862 2.8119 -0.0116 0.000094
870.00 P 20260807 -1.00 -1.00 40 224 2.7923 -0.0120 0.000097
875.00 P 20260807 -1.00 -1.00 575 165 2.7674 -0.0123 0.000100
880.00 P 20260807 -1.00 -1.00 65 169 2.7589 -0.0131 0.000106
885.00 P 20260807 -1.00 -1.00 14 25 2.7288 -0.0132 0.000108
890.00 P 20260807 -1.00 -1.00 70 163 2.7151 -0.0138 0.000113
895.00 P 20260807 -1.00 -1.00 93 309 2.7176 -0.0149 0.000120
900.00 P 20260807 -1.00 -1.00 11 2231 2.7579 -0.0170 0.000133
905.00 P 20260807 -1.00 -1.00 1 76 2.7066 -0.0166 0.000133
910.00 P 20260807 -1.00 -1.00 2 615 2.6824 -0.0169 0.000136
915.00 P 20260807 -1.00 -1.00 65 142 2.7331 -0.0194 0.000151
920.00 P 20260807 -1.00 -1.00 34 218 2.7143 -0.0199 0.000156
925.00 P 20260807 -1.00 -1.00 147 507 2.6956 -0.0204 0.000160
930.00 P 20260807 -1.00 -1.00 114 411 2.6963 -0.0213 0.000166
935.00 P 20260807 -1.00 -1.00 40 75 2.6830 -0.0220 0.000172
940.00 P 20260807 -1.00 -1.00 1 108 2.6698 -0.0226 0.000178
945.00 P 20260807 -1.00 -1.00 1 151 2.6724 -0.0237 0.000185
950.00 P 20260807 -1.00 -1.00 2 907 2.6518 -0.0244 0.000191
955.00 P 20260807 -1.00 -1.00 32 101 2.6433 -0.0259 0.000201
960.00 P 20260807 -1.00 -1.00 114 198 2.6245 -0.0269 0.000208
965.00 P 20260807 -1.00 -1.00 11 41 2.6239 -0.0289 0.000220
970.00 P 20260807 -1.00 -1.00 7 169 2.5974 -0.0295 0.000226
975.00 P 20260807 -1.00 -1.00 165 231 2.5762 -0.0304 0.000233
980.00 P 20260807 -1.00 -1.00 2 136 2.5552 -0.0313 0.000241
985.00 P 20260807 -1.00 -1.00 64 86 2.5393 -0.0325 0.000250
990.00 P 20260807 -1.00 -1.00 2 234 2.5338 -0.0343 0.000261
995.00 P 20260807 -1.00 -1.00 1 212 2.5233 -0.0358 0.000272
1000.00 P 20260807 -1.00 -1.00 29 3183 2.5382 -0.0386 0.000288
1005.00 P 20260807 -1.00 -1.00 1 119 2.5226 -0.0399 0.000297
1010.00 P 20260807 -1.00 -1.00 1 262 2.5071 -0.0412 0.000307
1015.00 P 20260807 -1.00 -1.00 45 67 2.4866 -0.0422 0.000316
1020.00 P 20260807 -1.00 -1.00 1 113 2.4762 -0.0437 0.000327
1025.00 P 20260807 -1.00 -1.00 1 116 2.4760 -0.0458 0.000341
1030.00 P 20260807 -1.00 -1.00 10 154 2.5009 -0.0492 0.000358
1035.00 P 20260807 -1.00 -1.00 48 87 2.4706 -0.0498 0.000366
1040.00 P 20260807 -1.00 -1.00 5 272 2.4854 -0.0526 0.000382
1045.00 P 20260807 -1.00 -1.00 18 65 2.4802 -0.0545 0.000395
1050.00 P 20260807 -1.00 -1.00 8 618 2.4402 -0.0546 0.000402
1055.00 P 20260807 -1.00 -1.00 39 152 2.4623 -0.0592 0.000423
1060.00 P 20260807 -1.00 -1.00 40 266 2.4283 -0.0599 0.000433
1062.50 P 20260807 -1.00 -1.00 6 15 2.4342 -0.0622 0.000443
1065.00 P 20260807 -1.00 -1.00 1 188 2.4144 -0.0623 0.000448
1067.50 P 20260807 -1.00 -1.00 26 27 2.4460 -0.0667 0.000464
1070.00 P 20260807 -1.00 -1.00 78 209 2.4263 -0.0669 0.000469
1072.50 P 20260807 -1.00 -1.00 56 76 2.3951 -0.0661 0.000471
1075.00 P 20260807 -1.00 -1.00 76 114 2.3840 -0.0670 0.000478
1077.50 P 20260807 -1.00 -1.00 12 44 2.3672 -0.0674 0.000483
1080.00 P 20260807 -1.00 -1.00 168 418 2.3675 -0.0692 0.000493
1082.50 P 20260807 -1.00 -1.00 6 79 2.4046 -0.0741 0.000510
1085.00 P 20260807 -1.00 -1.00 216 283 2.3680 -0.0729 0.000512
1090.00 P 20260807 -1.00 -1.00 1 219 2.4081 -0.0798 0.000539
1095.00 P 20260807 -1.00 -1.00 2 113 2.3550 -0.0792 0.000548
1100.00 P 20260807 -1.00 -1.00 22 1874 2.3472 -0.0823 0.000566
1105.00 P 20260807 -1.00 -1.00 1 147 2.3814 -0.0886 0.000590
1110.00 P 20260807 -1.00 -1.00 4 347 2.3232 -0.0878 0.000601
1115.00 P 20260807 -1.00 -1.00 63 74 2.3797 -0.0957 0.000628
1120.00 P 20260807 -1.00 -1.00 149 171 2.3217 -0.0951 0.000640
1125.00 P 20260807 -1.00 -1.00 193 614 2.3473 -0.1007 0.000663
1130.00 P 20260807 -1.00 -1.00 51 341 2.3479 -0.1044 0.000682
1135.00 P 20260807 -1.00 -1.00 2 116 2.3623 -0.1091 0.000702
1140.00 P 20260807 -1.00 -1.00 124 86 2.3546 -0.1122 0.000721
1145.00 P 20260807 -1.00 -1.00 78 79 2.3586 -0.1176 0.000742
1150.00 P 20260807 -1.00 -1.00 53 1183 2.3536 -0.1224 0.000762
1155.00 P 20260807 -1.00 -1.00 87 97 2.3487 -0.1272 0.000782
1160.00 P 20260807 -1.00 -1.00 133 126 2.3037 -0.1283 0.000802
1165.00 P 20260807 -1.00 -1.00 45 41 2.3153 -0.1348 0.000823
1170.00 P 20260807 -1.00 -1.00 2 142 2.2942 -0.1382 0.000844
1175.00 P 20260807 -1.00 -1.00 3 165 2.3311 -0.1470 0.000865
1180.00 P 20260807 -1.00 -1.00 173 170 2.3426 -0.1534 0.000885
1185.00 P 20260807 -1.00 -1.00 46 55 2.3450 -0.1589 0.000906
1190.00 P 20260807 -1.00 -1.00 18 227 2.2447 -0.1557 0.000933
1195.00 P 20260807 -1.00 -1.00 76 96 2.2545 -0.1621 0.000955
1200.00 P 20260807 -1.00 -1.00 64 1049 2.2248 -0.1651 0.000980
1205.00 P 20260807 -1.00 -1.00 37 46 2.2220 -0.1705 0.001003
1210.00 P 20260807 -1.00 -1.00 2 114 2.2228 -0.1762 0.001026
1215.00 P 20260807 -1.00 -1.00 4 251 2.2308 -0.1824 0.001047
1220.00 P 20260807 -1.00 -1.00 84 93 2.2832 -0.1919 0.001061
1225.00 P 20260807 -1.00 -1.00 23 209 2.2484 -0.1949 0.001089
1230.00 P 20260807 -1.00 -1.00 70 195 2.2867 -0.2034 0.001103
1235.00 P 20260807 -1.00 -1.00 78 58 2.2752 -0.2093 0.001123
1240.00 P 20260807 -1.00 -1.00 135 383 2.2719 -0.2160 0.001142
1245.00 P 20260807 -1.00 -1.00 3 123 2.2659 -0.2225 0.001161
1250.00 P 20260807 -1.00 -1.00 10 1033 2.2022 -0.2242 0.001200
1255.00 P 20260807 -1.00 -1.00 101 297 2.2003 -0.2312 0.001219
1260.00 P 20260807 -1.00 -1.00 5 237 2.2547 -0.2425 0.001218
1265.00 P 20260807 -1.00 -1.00 3 152 2.2581 -0.2498 0.001235
1270.00 P 20260807 -1.00 -1.00 1 174 2.2562 -0.2566 0.001254
1275.00 P 20260807 -1.00 -1.00 1 74 2.1785 -0.2583 0.001303
1280.00 P 20260807 -1.00 -1.00 3 657 2.2378 -0.2695 0.001297
1285.00 P 20260807 -1.00 -1.00 2 112 2.2320 -0.2762 0.001317
1290.00 P 20260807 -1.00 -1.00 5 193 2.3253 -0.2884 0.001295
1295.00 P 20260807 -1.00 -1.00 97 68 2.2507 -0.2913 0.001345
1300.00 P 20260807 -1.00 -1.00 9 1395 2.3331 -0.3023 0.001325
1305.00 P 20260807 -1.00 -1.00 1 81 2.3586 -0.3102 0.001330
1310.00 P 20260807 -1.00 -1.00 1 93 2.3460 -0.3164 0.001353
1315.00 P 20260807 -1.00 -1.00 94 50 2.2000 -0.3172 0.001443
1320.00 P 20260807 -1.00 -1.00 5 126 2.3224 -0.3299 0.001387
1325.00 P 20260807 -1.00 -1.00 196 75 2.3196 -0.3373 0.001397
1330.00 P 20260807 -1.00 -1.00 180 85 2.2575 -0.3426 0.001441
1335.00 P 20260807 -1.00 -1.00 74 68 2.2469 -0.3500 0.001456
1340.00 P 20260807 -1.00 -1.00 14 137 2.1818 -0.3557 0.001507
1345.00 P 20260807 -1.00 -1.00 1 49 2.2789 -0.3664 0.001454
1350.00 P 20260807 -1.00 -1.00 5 602 2.3338 -0.3753 0.001429
1355.00 P 20260807 -1.00 -1.00 102 62 2.3050 -0.3822 0.001454
1360.00 P 20260807 -1.00 -1.00 1 280 2.3316 -0.3902 0.001446
1365.00 P 20260807 -1.00 -1.00 87 51 2.1860 -0.3957 0.001548
1370.00 P 20260807 -1.00 -1.00 266 3308 2.2104 -0.4040 0.001540
1375.00 P 20260807 -1.00 -1.00 331 155 2.2325 -0.4120 0.001534
1380.00 P 20260807 -1.00 -1.00 539 306 2.2768 -0.4200 0.001513
1385.00 P 20260807 -1.00 -1.00 4 86 2.2964 -0.4277 0.001508
1390.00 P 20260807 -1.00 -1.00 7 247 2.2569 -0.4354 0.001543
1395.00 P 20260807 -1.00 -1.00 18 315 2.2287 -0.4433 0.001571
1400.00 P 20260807 -1.00 -1.00 62 578 2.2261 -0.4512 0.001581
1405.00 P 20260807 -1.00 -1.00 29 155 2.1959 -0.4595 0.001612
1410.00 P 20260807 -1.00 -1.00 357 114 2.2476 -0.4664 0.001579
1415.00 P 20260807 -1.00 -1.00 111 34 2.2622 -0.4736 0.001566
1420.00 P 20260807 -1.00 -1.00 13 81 2.2426 -0.4816 0.001577
1425.00 P 20260807 -1.00 -1.00 7 132 2.2066 -0.4901 0.001599
1430.00 P 20260807 -1.00 -1.00 491 179 2.3420 -0.4936 0.001505
1435.00 P 20260807 -1.00 -1.00 473 212 2.2303 -0.5046 0.001577
1440.00 P 20260807 -1.00 -1.00 210 181 2.3170 -0.5089 0.001516
1445.00 P 20260807 -1.00 -1.00 9 50 2.1534 -0.5230 0.001626
1450.00 P 20260807 -1.00 -1.00 182 164 2.3304 -0.5229 0.001502
1455.00 P 20260807 -1.00 -1.00 166 92 2.2772 -0.5326 0.001534
1460.00 P 20260807 -1.00 -1.00 82 52 2.3144 -0.5382 0.001507
1465.00 P 20260807 -1.00 -1.00 17 34 2.2278 -0.5502 0.001561
1470.00 P 20260807 -1.00 -1.00 37 53 2.2140 -0.5586 0.001568
1475.00 P 20260807 -1.00 -1.00 16 51 2.2122 -0.5663 0.001566
1480.00 P 20260807 -1.00 -1.00 3 218 2.3215 -0.5669 0.001493
1485.00 P 20260807 -1.00 -1.00 9 61 2.2226 -0.5809 0.001553
1490.00 P 20260807 -1.00 -1.00 1 74 2.1788 -0.5917 0.001580
1495.00 P 20260807 -1.00 -1.00 1 173 2.2221 -0.5961 0.001548
1500.00 P 20260807 -1.00 -1.00 2 1145 2.1860 -0.6067 0.001569
1505.00 P 20260807 -1.00 -1.00 3 55 2.1908 -0.6135 0.001559
1510.00 P 20260807 -1.00 -1.00 25 39 2.3302 -0.6096 0.001471
1515.00 P 20260807 -1.00 -1.00 1 23 2.1781 -0.6276 0.001541
1520.00 P 20260807 -1.00 -1.00 11 60 2.1894 -0.6332 0.001523
1525.00 P 20260807 -1.00 -1.00 23 30 2.3038 -0.6301 0.001451
1530.00 P 20260807 -1.00 -1.00 4 57 2.1743 -0.6477 0.001506
1535.00 P 20260807 -1.00 -1.00 3 25 2.2908 -0.6436 0.001436
1540.00 P 20260807 -1.00 -1.00 5 41 2.1303 -0.6653 0.001503
1545.00 P 20260807 -1.00 -1.00 6 29 2.1247 -0.6726 0.001492
1550.00 P 20260807 -1.00 -1.00 23 124 2.1468 -0.6769 0.001468
1555.00 P 20260807 -1.00 -1.00 1 29 2.1797 -0.6800 0.001440
1560.00 P 20260807 -1.00 -1.00 1 47 2.2953 -0.6744 0.001378
1565.00 P 20260807 -1.00 -1.00 12 18 2.1121 -0.7011 0.001445
1570.00 P 20260807 -1.00 -1.00 7 34 2.1473 -0.7036 0.001417
1575.00 P 20260807 -1.00 -1.00 2 87 2.2958 -0.6930 0.001344
1580.00 P 20260807 -1.00 -1.00 20 38 2.1612 -0.7152 0.001385
1582.50 P 20260807 -1.00 -1.00 10 14 2.2734 -0.7049 0.001336
1585.00 P 20260807 -1.00 -1.00 9 26 2.1139 -0.7280 0.001391
1587.50 P 20260807 -1.00 -1.00 1 1 2.1391 -0.7281 0.001374
1590.00 P 20260807 -1.00 -1.00 6 22 2.1785 -0.7262 0.001353
1592.50 P 20260807 -1.00 -1.00 3 1 2.1561 -0.7325 0.001355
1595.00 P 20260807 -1.00 -1.00 3 12 2.1812 -0.7324 0.001340
1597.50 P 20260807 -1.00 -1.00 1 1 2.2217 -0.7303 0.001320
1600.00 P 20260807 -1.00 -1.00 1 216 2.3748 -0.7145 0.001263
1602.50 P 20260807 -1.00 -1.00 1 1 2.3843 -0.7164 0.001254
1605.00 P 20260807 -1.00 -1.00 3 20 2.1371 -0.7497 0.001324
1607.50 P 20260807 -1.00 -1.00 -1 0 2.1108 -0.7552 0.001322
1610.00 P 20260807 -1.00 -1.00 3 45 2.2080 -0.7469 0.001290
1615.00 P 20260807 -1.00 -1.00 2 12 2.3441 -0.7364 0.001241
1620.00 P 20260807 -1.00 -1.00 1 8 2.1321 -0.7652 0.001273
1625.00 P 20260807 -1.00 -1.00 2 8 2.1228 -0.7714 0.001257
1630.00 P 20260807 -1.00 -1.00 3 6 2.1196 -0.7768 0.001240
1635.00 P 20260807 -1.00 -1.00 4 7 2.1072 -0.7834 0.001224
1640.00 P 20260807 -1.00 -1.00 1 36 2.1591 -0.7817 0.001200
1645.00 P 20260807 -1.00 -1.00 1 32 2.1636 -0.7861 0.001183
1650.00 P 20260807 -1.00 -1.00 25 83 2.2534 -0.7797 0.001156
1655.00 P 20260807 -1.00 -1.00 1 21 2.1038 -0.8041 0.001153
1660.00 P 20260807 -1.00 -1.00 1 65 2.2558 -0.7888 0.001125
1665.00 P 20260807 -1.00 -1.00 1 33 2.3573 -0.7810 0.001101
1670.00 P 20260807 -1.00 -1.00 3 54 2.3598 -0.7852 0.001086
1675.00 P 20260807 -1.00 -1.00 8 46 2.3124 -0.7956 0.001076
1680.00 P 20260807 -1.00 -1.00 8 22 2.1578 -0.8213 0.001065
1685.00 P 20260807 -1.00 -1.00 2 8 2.1093 -0.8336 0.001046
1690.00 P 20260807 -1.00 -1.00 3 17 2.1287 -0.8356 0.001029
1695.00 P 20260807 -1.00 -1.00 1 19 2.1165 -0.8426 0.001011
1700.00 P 20260807 -1.00 -1.00 5 82 2.1131 -0.8481 0.000992
1705.00 P 20260807 -1.00 -1.00 1 5 2.1108 -0.8517 0.000976
1710.00 P 20260807 -1.00 -1.00 1 13 2.1661 -0.8490 0.000964
1715.00 P 20260807 -1.00 -1.00 2 28 2.1697 -0.8517 0.000949
1720.00 P 20260807 -1.00 -1.00 2 46 2.2547 -0.8453 0.000940
1725.00 P 20260807 -1.00 -1.00 1 22 2.1790 -0.8570 0.000918
1730.00 P 20260807 -1.00 -1.00 5 87 2.3054 -0.8468 0.000915
1735.00 P 20260807 -1.00 -1.00 1 32 2.1414 -0.8677 0.000882
1740.00 P 20260807 -1.00 -1.00 2 10 2.0915 -0.8769 0.000855
1750.00 P 20260807 -1.00 -1.00 4 46 2.1654 -0.8744 0.000838
1760.00 P 20260807 -1.00 -1.00 1 55 2.1591 -0.8815 0.000806
1765.00 P 20260807 -1.00 -1.00 2 15 2.2246 -0.8767 0.000805
1770.00 P 20260807 -1.00 -1.00 4 34 2.1771 -0.8856 0.000779
1775.00 P 20260807 -1.00 -1.00 9 26 2.1586 -0.8911 0.000758
1780.00 P 20260807 -1.00 -1.00 4 41 2.4662 -0.8589 0.000802
1785.00 P 20260807 -1.00 -1.00 5 23 2.1633 -0.8969 0.000728
1790.00 P 20260807 -1.00 -1.00 9 27 2.1338 -0.9040 0.000702
1795.00 P 20260807 -1.00 -1.00 1 12 1.9904 -0.9252 0.000631
1800.00 P 20260807 -1.00 -1.00 18 140 2.0790 -0.9184 0.000647
1805.00 P 20260807 -1.00 -1.00 1 23 2.4618 -0.8730 0.000742
1810.00 P 20260807 -1.00 -1.00 6 14 2.1914 -0.9089 0.000660
1815.00 P 20260807 -1.00 -1.00 2 13 2.2078 -0.9097 0.000651
1820.00 P 20260807 -1.00 -1.00 1 16 2.5429 -0.8724 0.000721
1825.00 P 20260807 -1.00 -1.00 2 16 2.0508 -0.9312 0.000571
1830.00 P 20260807 -1.00 -1.00 1 13 2.5901 -0.8727 0.000706
1835.00 P 20260807 -1.00 -1.00 1 31 2.5538 -0.8792 0.000690
1840.00 P 20260807 -1.00 -1.00 5 31 2.1387 -0.9288 0.000563
1845.00 P 20260807 -1.00 -1.00 1 13 2.5661 -0.8831 0.000670
1850.00 P 20260807 -1.00 -1.00 1 44 2.2106 -0.9261 0.000562
1855.00 P 20260807 -1.00 -1.00 2 27 2.5999 -0.8846 0.000656
1860.00 P 20260807 -1.00 -1.00 2 24 2.0734 -0.9422 0.000490
1865.00 P 20260807 -1.00 -1.00 1 17 2.6249 -0.8869 0.000640
1870.00 P 20260807 -1.00 -1.00 1 35 2.6040 -0.8918 0.000625
1875.00 P 20260807 -1.00 -1.00 8 25 2.0638 -0.9488 0.000448
1880.00 P 20260807 -1.00 -1.00 10 48 2.5515 -0.9031 0.000591
1885.00 P 20260807 -1.00 -1.00 6 17 2.0088 -0.9585 0.000393
1890.00 P 20260807 -1.00 -1.00 1 17 2.5550 -0.9080 0.000570
1895.00 P 20260807 -1.00 -1.00 1 72 2.0132 -0.9619 0.000368
1900.00 P 20260807 -1.00 -1.00 7 61 2.0920 -0.9553 0.000399
1905.00 P 20260807 -1.00 -1.00 6 16 2.2218 -0.9441 0.000445
1910.00 P 20260807 -1.00 -1.00 1 17 2.1150 -0.9565 0.000386
1915.00 P 20260807 -1.00 -1.00 1 6 2.2114 -0.9486 0.000419
1920.00 P 20260807 -1.00 -1.00 1 7 2.2889 -0.9430 0.000439
1925.00 P 20260807 -1.00 -1.00 1 14 2.2341 -0.9499 0.000407
1930.00 P 20260807 -1.00 -1.00 1 4 2.1827 -0.9567 0.000373
1935.00 P 20260807 -1.00 -1.00 5 17 2.3995 -0.9380 0.000447
1940.00 P 20260807 -1.00 -1.00 1 39 2.1831 -0.9602 0.000351
1945.00 P 20260807 -1.00 -1.00 1 18 2.3119 -0.9492 0.000398
1950.00 P 20260807 -1.00 -1.00 1 26 2.1110 -0.9674 0.000309
1955.00 P 20260807 -1.00 -1.00 2 7 2.3159 -0.9521 0.000379
1960.00 P 20260807 -1.00 -1.00 2 7 2.6545 -0.9251 0.000471
845.00 C 20260814 -1.00 -1.00 2 1 -1.0000 -1.0000 -1.000000
850.00 C 20260814 -1.00 -1.00 2 3 1.9621 0.9617 0.000188
855.00 C 20260814 -1.00 -1.00 1 1 1.8750 0.9654 0.000180
860.00 C 20260814 -1.00 -1.00 1 1 1.9518 0.9593 0.000199
865.00 C 20260814 -1.00 -1.00 -1 0 1.8569 0.9635 0.000190
870.00 C 20260814 -1.00 -1.00 -1 0 -1.0000 -1.0000 -1.000000
875.00 C 20260814 -1.00 -1.00 -1 0 1.8028 0.9639 0.000194
880.00 C 20260814 -1.00 -1.00 -1 0 1.8399 0.9600 0.000208
885.00 C 20260814 -1.00 -1.00 1 1 1.7687 0.9631 0.000202
890.00 C 20260814 -1.00 -1.00 -1 0 1.2997 0.9910 0.000084
895.00 C 20260814 -1.00 -1.00 1 1 1.8921 0.9523 0.000235
900.00 C 20260814 -1.00 -1.00 2 13 1.8268 0.9546 0.000233
905.00 C 20260814 -1.00 -1.00 -1 0 1.6934 0.9618 0.000217
910.00 C 20260814 -1.00 -1.00 6 6 1.8845 0.9472 0.000256
915.00 C 20260814 -1.00 -1.00 1 1 1.8159 0.9506 0.000253
920.00 C 20260814 -1.00 -1.00 1 1 1.1364 0.9931 0.000075
925.00 C 20260814 -1.00 -1.00 1 1 0.9825 0.9975 0.000035
930.00 C 20260814 -1.00 -1.00 1 3 1.8142 0.9440 0.000278
935.00 C 20260814 -1.00 -1.00 -1 0 1.6983 0.9516 0.000265
940.00 C 20260814 -1.00 -1.00 4 4 1.7773 0.9426 0.000289
945.00 C 20260814 -1.00 -1.00 -1 0 1.7838 0.9394 0.000300
950.00 C 20260814 -1.00 -1.00 3 7 1.7082 0.9446 0.000293
955.00 C 20260814 -1.00 -1.00 1 1 1.1985 0.9836 0.000150
960.00 C 20260814 -1.00 -1.00 1 7 1.7308 0.9369 0.000318
965.00 C 20260814 -1.00 -1.00 1 1 1.7389 0.9334 0.000330
970.00 C 20260814 -1.00 -1.00 -1 0 1.4134 0.9613 0.000263
975.00 C 20260814 -1.00 -1.00 -1 0 1.7275 0.9292 0.000347
980.00 C 20260814 -1.00 -1.00 1 1 1.7417 0.9252 0.000360
985.00 C 20260814 -1.00 -1.00 -1 0 1.5705 0.9409 0.000335
990.00 C 20260814 -1.00 -1.00 1 2 1.7137 0.9226 0.000375
995.00 C 20260814 -1.00 -1.00 1 31 1.7475 0.9168 0.000390
1000.00 C 20260814 -1.00 -1.00 2 27 1.6725 0.9213 0.000390
1005.00 C 20260814 -1.00 -1.00 2 1 1.7573 0.9106 0.000410
1010.00 C 20260814 -1.00 -1.00 6 11 1.4638 0.9394 0.000366
1015.00 C 20260814 -1.00 -1.00 2 2 1.7813 0.9031 0.000432
1020.00 C 20260814 -1.00 -1.00 1 8 1.7711 0.9014 0.000441
1025.00 C 20260814 -1.00 -1.00 2 2 1.7104 0.9040 0.000447
1030.00 C 20260814 -1.00 -1.00 1 2 1.7154 0.9008 0.000457
1035.00 C 20260814 -1.00 -1.00 -1 0 1.6373 0.9052 0.000461
1040.00 C 20260814 -1.00 -1.00 3 10 1.5582 0.9102 0.000464
1045.00 C 20260814 -1.00 -1.00 -1 0 1.7467 0.8880 0.000489
1050.00 C 20260814 -1.00 -1.00 3 46 1.4865 0.9121 0.000478
1055.00 C 20260814 -1.00 -1.00 36 12 1.6518 0.8922 0.000506
1060.00 C 20260814 -1.00 -1.00 70 4 1.5836 0.8962 0.000513
1062.50 C 20260814 -1.00 -1.00 179 0 1.6473 0.8868 0.000523
1065.00 C 20260814 -1.00 -1.00 141 10 1.6454 0.8851 0.000529
1067.50 C 20260814 -1.00 -1.00 251 0 1.6436 0.8833 0.000534
1070.00 C 20260814 -1.00 -1.00 141 4 1.7146 0.8728 0.000541
1072.50 C 20260814 -1.00 -1.00 178 0 1.4729 0.8999 0.000535
1075.00 C 20260814 -1.00 -1.00 73 9 1.5520 0.8895 0.000548
1077.50 C 20260814 -1.00 -1.00 72 0 1.7108 0.8675 0.000557
1080.00 C 20260814 -1.00 -1.00 107 16 1.6317 0.8749 0.000563
1082.50 C 20260814 -1.00 -1.00 176 1 1.7032 0.8645 0.000568
1085.00 C 20260814 -1.00 -1.00 34 7 1.4272 0.8972 0.000564
1090.00 C 20260814 -1.00 -1.00 36 8 1.4583 0.8904 0.000580
1095.00 C 20260814 -1.00 -1.00 1 6 1.6555 0.8601 0.000597
1100.00 C 20260814 -1.00 -1.00 5 64 1.6279 0.8593 0.000610
1105.00 C 20260814 -1.00 -1.00 7 21 1.6187 0.8564 0.000622
1110.00 C 20260814 -1.00 -1.00 1 25 1.5971 0.8548 0.000635
1115.00 C 20260814 -1.00 -1.00 3 13 1.5784 0.8529 0.000648
1120.00 C 20260814 -1.00 -1.00 1 21 1.6034 0.8460 0.000659
1125.00 C 20260814 -1.00 -1.00 28 20 1.6416 0.8379 0.000667
1130.00 C 20260814 -1.00 -1.00 3 5 1.6362 0.8345 0.000679
1135.00 C 20260814 -1.00 -1.00 1 8 1.6025 0.8339 0.000695
1140.00 C 20260814 -1.00 -1.00 9 13 1.5963 0.8305 0.000708
1145.00 C 20260814 -1.00 -1.00 2 0 1.5292 0.8335 0.000729
1150.00 C 20260814 -1.00 -1.00 8 28 1.6072 0.8213 0.000730
1155.00 C 20260814 -1.00 -1.00 7 4 1.6253 0.8156 0.000739
1160.00 C 20260814 -1.00 -1.00 3 4 1.6386 0.8104 0.000748
1165.00 C 20260814 -1.00 -1.00 1 14 1.5516 0.8144 0.000777
1170.00 C 20260814 -1.00 -1.00 6 24 1.6579 0.7986 0.000762
1175.00 C 20260814 -1.00 -1.00 3 20 1.6318 0.7964 0.000779
1180.00 C 20260814 -1.00 -1.00 2 8 1.6283 0.7918 0.000789
1185.00 C 20260814 -1.00 -1.00 1 7 1.6031 0.7895 0.000807
1190.00 C 20260814 -1.00 -1.00 9 28 1.6089 0.7838 0.000815
1195.00 C 20260814 -1.00 -1.00 4 5 1.6357 0.7761 0.000816
1200.00 C 20260814 -1.00 -1.00 61 78 1.5197 0.7829 0.000865
1205.00 C 20260814 -1.00 -1.00 1 9 1.5193 0.7777 0.000876
1210.00 C 20260814 -1.00 -1.00 13 41 1.5559 0.7686 0.000873
1215.00 C 20260814 -1.00 -1.00 1 8 1.5381 0.7651 0.000890
1220.00 C 20260814 -1.00 -1.00 6 22 1.5273 0.7609 0.000905
1225.00 C 20260814 -1.00 -1.00 3 53 1.5919 0.7498 0.000889
1230.00 C 20260814 -1.00 -1.00 1 39 1.4996 0.7528 0.000938
1235.00 C 20260814 -1.00 -1.00 15 30 1.5365 0.7442 0.000933
1240.00 C 20260814 -1.00 -1.00 7 40 1.6324 0.7316 0.000902
1245.00 C 20260814 -1.00 -1.00 2 31 1.5035 0.7363 0.000969
1250.00 C 20260814 -1.00 -1.00 2 139 1.5935 0.7242 0.000938
1255.00 C 20260814 -1.00 -1.00 2 33 1.6272 0.7170 0.000932
1260.00 C 20260814 -1.00 -1.00 4 46 1.5728 0.7154 0.000967
1265.00 C 20260814 -1.00 -1.00 5 17 1.5682 0.7105 0.000980
1270.00 C 20260814 -1.00 -1.00 7 25 1.5175 0.7085 0.001016
1275.00 C 20260814 -1.00 -1.00 90 274 1.4860 0.7051 0.001044
1280.00 C 20260814 -1.00 -1.00 28 36 1.6020 0.6932 0.000993
1285.00 C 20260814 -1.00 -1.00 6 5 1.5232 0.6921 0.001045
1290.00 C 20260814 -1.00 -1.00 1 38 1.6384 0.6805 0.000982
1295.00 C 20260814 -1.00 -1.00 7 4 1.5284 0.6804 0.001055
1300.00 C 20260814 -1.00 -1.00 396 158 1.5844 0.6720 0.001024
1305.00 C 20260814 -1.00 -1.00 1 19 1.6139 0.6652 0.001011
1310.00 C 20260814 -1.00 -1.00 6 24 1.6157 0.6596 0.001015
1315.00 C 20260814 -1.00 -1.00 1 8 1.5475 0.6565 0.001063
1320.00 C 20260814 -1.00 -1.00 6 22 1.6130 0.6487 0.001026
1325.00 C 20260814 -1.00 -1.00 1 22 1.5479 0.6450 0.001073
1330.00 C 20260814 -1.00 -1.00 5 13 1.5655 0.6388 0.001067
1335.00 C 20260814 -1.00 -1.00 3 6 1.5547 0.6334 0.001079
1340.00 C 20260814 -1.00 -1.00 2 9 1.5693 0.6274 0.001074
1345.00 C 20260814 -1.00 -1.00 4 5 1.6307 0.6210 0.001039
1350.00 C 20260814 -1.00 -1.00 1 180 1.5495 0.6163 0.001098
1355.00 C 20260814 -1.00 -1.00 8 15 1.6009 0.6103 0.001068
1360.00 C 20260814 -1.00 -1.00 144 81 1.5631 0.6048 0.001099
1365.00 C 20260814 -1.00 -1.00 30 7 1.5198 0.5992 0.001135
1370.00 C 20260814 -1.00 -1.00 1 22 1.5589 0.5935 0.001112
1375.00 C 20260814 -1.00 -1.00 29 26 1.6127 0.5882 0.001080
1380.00 C 20260814 -1.00 -1.00 39 19 1.5456 0.5820 0.001132
1385.00 C 20260814 -1.00 -1.00 63 33 1.6061 0.5771 0.001094
1390.00 C 20260814 -1.00 -1.00 1 47 1.5426 0.5704 0.001144
1395.00 C 20260814 -1.00 -1.00 1 26 1.5536 0.5649 0.001141
1400.00 C 20260814 -1.00 -1.00 10 527 1.5753 0.5598 0.001131
1405.00 C 20260814 -1.00 -1.00 1 41 1.6144 0.5553 0.001108
1410.00 C 20260814 -1.00 -1.00 25 32 1.5742 0.5486 0.001138
1415.00 C 20260814 -1.00 -1.00 16 31 1.6023 0.5442 0.001117
1420.00 C 20260814 -1.00 -1.00 1 109 1.5697 0.5376 0.001140
1425.00 C 20260814 -1.00 -1.00 1 284 1.5960 0.5334 0.001120
1430.00 C 20260814 -1.00 -1.00 1 125 1.5618 0.5265 0.001144
1435.00 C 20260814 -1.00 -1.00 25 57 1.6020 0.5230 0.001114
1440.00 C 20260814 -1.00 -1.00 5 56 1.5997 0.5176 0.001115
1445.00 C 20260814 -1.00 -1.00 30 32 1.5496 0.5095 0.001150
1450.00 C 20260814 -1.00 -1.00 41 281 1.5901 0.5065 0.001120
1455.00 C 20260814 -1.00 -1.00 33 27 1.5485 0.4984 0.001149
1460.00 C 20260814 -1.00 -1.00 4 38 1.5878 0.4956 0.001120
1465.00 C 20260814 -1.00 -1.00 14 48 1.5221 0.4855 0.001167
1470.00 C 20260814 -1.00 -1.00 58 48 1.5646 0.4832 0.001135
1475.00 C 20260814 -1.00 -1.00 13 12 1.5381 0.4757 0.001153
1480.00 C 20260814 -1.00 -1.00 1 48 1.5459 0.4708 0.001146
1485.00 C 20260814 -1.00 -1.00 6 83 1.5305 0.4640 0.001157
1490.00 C 20260814 -1.00 -1.00 22 27 1.5317 0.4585 0.001155
1495.00 C 20260814 -1.00 -1.00 8 23 1.5306 0.4529 0.001155
1500.00 C 20260814 -1.00 -1.00 9 334 1.5760 0.4518 0.001121
1505.00 C 20260814 -1.00 -1.00 3 76 1.5776 0.4466 0.001119
1510.00 C 20260814 -1.00 -1.00 37 48 1.5444 0.4377 0.001142
1515.00 C 20260814 -1.00 -1.00 20 65 1.5043 0.4277 0.001170
1520.00 C 20260814 -1.00 -1.00 12 19 1.5244 0.4244 0.001154
1525.00 C 20260814 -1.00 -1.00 14 88 1.5288 0.4194 0.001150
1530.00 C 20260814 -1.00 -1.00 4 18 1.5769 0.4196 0.001115
1535.00 C 20260814 -1.00 -1.00 1 5 1.5192 0.4071 0.001155
1540.00 C 20260814 -1.00 -1.00 9 99 1.5402 0.4042 0.001139
1545.00 C 20260814 -1.00 -1.00 3 10 1.5117 0.3961 0.001151
1550.00 C 20260814 -1.00 -1.00 12 324 1.4966 0.3896 0.001154
1555.00 C 20260814 -1.00 -1.00 1 25 1.5060 0.3860 0.001142
1560.00 C 20260814 -1.00 -1.00 10 26 1.4890 0.3790 0.001146
1565.00 C 20260814 -1.00 -1.00 4 15 1.5063 0.3766 0.001130
1570.00 C 20260814 -1.00 -1.00 6 16 1.5412 0.3766 0.001104
1575.00 C 20260814 -1.00 -1.00 3 67 1.5030 0.3667 0.001120
1580.00 C 20260814 -1.00 -1.00 243 65 1.5590 0.3698 0.001083
1585.00 C 20260814 -1.00 -1.00 5 22 1.4943 0.3559 0.001112
1590.00 C 20260814 -1.00 -1.00 2 12 1.5592 0.3607 0.001071
1595.00 C 20260814 -1.00 -1.00 4 11 1.5623 0.3566 0.001064
1600.00 C 20260814 -1.00 -1.00 6 279 1.5594 0.3516 0.001060
1605.00 C 20260814 -1.00 -1.00 19 25 1.5324 0.3429 0.001068
1610.00 C 20260814 -1.00 -1.00 4 41 1.5511 0.3412 0.001053
1615.00 C 20260814 -1.00 -1.00 3 33 1.5513 0.3367 0.001047
1620.00 C 20260814 -1.00 -1.00 1 14 1.5166 0.3263 0.001058
1625.00 C 20260814 -1.00 -1.00 54 64 1.5090 0.3203 0.001055
1630.00 C 20260814 -1.00 -1.00 14 19 1.5211 0.3177 0.001043
1635.00 C 20260814 -1.00 -1.00 4 15 1.5201 0.3129 0.001038
1640.00 C 20260814 -1.00 -1.00 4 25 1.5464 0.3129 0.001020
1645.00 C 20260814 -1.00 -1.00 88 53 1.5323 0.3057 0.001021
1650.00 C 20260814 -1.00 -1.00 3 148 1.5312 0.3009 0.001015
1655.00 C 20260814 -1.00 -1.00 1 110 1.5236 0.2948 0.001012
1660.00 C 20260814 -1.00 -1.00 15 133 1.5321 0.2918 0.001003
1665.00 C 20260814 -1.00 -1.00 1 4 1.5676 0.2940 0.000983
1670.00 C 20260814 -1.00 -1.00 55 66 1.5323 0.2826 0.000991
1675.00 C 20260814 -1.00 -1.00 2 81 1.5383 0.2791 0.000983
1680.00 C 20260814 -1.00 -1.00 280 66 1.5414 0.2751 0.000976
1685.00 C 20260814 -1.00 -1.00 2 10 1.5409 0.2704 0.000971
1690.00 C 20260814 -1.00 -1.00 23 28 1.5703 0.2719 0.000954
1695.00 C 20260814 -1.00 -1.00 1 8 1.5386 0.2629 0.000956
1700.00 C 20260814 -1.00 -1.00 5 321 1.5715 0.2649 0.000940
1705.00 C 20260814 -1.00 -1.00 1 7 1.5425 0.2568 0.000939
1710.00 C 20260814 -1.00 -1.00 13 41 1.5288 0.2511 0.000934
1715.00 C 20260814 -1.00 -1.00 7 10 1.5114 0.2446 0.000930
1720.00 C 20260814 -1.00 -1.00 6 35 1.5517 0.2483 0.000914
1725.00 C 20260814 -1.00 -1.00 20 22 1.5601 0.2465 0.000904
1730.00 C 20260814 -1.00 -1.00 8 29 1.5367 0.2389 0.000901
1735.00 C 20260814 -1.00 -1.00 16 16 1.5587 0.2395 0.000889
1740.00 C 20260814 -1.00 -1.00 6 139 1.5557 0.2357 0.000882
1750.00 C 20260814 -1.00 -1.00 1 136 1.5000 0.2182 0.000873
1760.00 C 20260814 -1.00 -1.00 3 44 1.5415 0.2195 0.000852
1765.00 C 20260814 -1.00 -1.00 3 236 1.5483 0.2175 0.000844
1770.00 C 20260814 -1.00 -1.00 2 288 1.5012 0.2045 0.000839
1775.00 C 20260814 -1.00 -1.00 3 21 1.5110 0.2031 0.000830
1780.00 C 20260814 -1.00 -1.00 18 48 1.5074 0.1989 0.000822
1785.00 C 20260814 -1.00 -1.00 11 24 1.5209 0.1983 0.000814
1790.00 C 20260814 -1.00 -1.00 5 9 1.5135 0.1933 0.000806
1795.00 C 20260814 -1.00 -1.00 3 4 1.5218 0.1917 0.000797
1800.00 C 20260814 -1.00 -1.00 10 282 1.4996 0.1833 0.000789
1805.00 C 20260814 -1.00 -1.00 4 7 1.5478 0.1906 0.000781
1810.00 C 20260814 -1.00 -1.00 4 11 1.5176 0.1805 0.000773
1815.00 C 20260814 -1.00 -1.00 9 16 1.5221 0.1780 0.000765
1820.00 C 20260814 -1.00 -1.00 5 28 1.5244 0.1751 0.000757
1825.00 C 20260814 -1.00 -1.00 4 10 1.5266 0.1723 0.000749
1830.00 C 20260814 -1.00 -1.00 8 60 1.5355 0.1709 0.000741
1835.00 C 20260814 -1.00 -1.00 11 19 1.5393 0.1684 0.000734
1840.00 C 20260814 -1.00 -1.00 9 24 1.5606 0.1700 0.000728
1845.00 C 20260814 -1.00 -1.00 1 10 1.5356 0.1610 0.000718
1850.00 C 20260814 -1.00 -1.00 39 68 1.5635 0.1640 0.000712
1855.00 C 20260814 -1.00 -1.00 1 4 1.5303 0.1558 0.000702
1860.00 C 20260814 -1.00 -1.00 2 46 1.5599 0.1584 0.000698
1865.00 C 20260814 -1.00 -1.00 9 6 1.5228 0.1502 0.000686
1870.00 C 20260814 -1.00 -1.00 4 25 1.5240 0.1482 0.000679
1875.00 C 20260814 -1.00 -1.00 48 47 1.5197 0.1453 0.000671
1880.00 C 20260814 -1.00 -1.00 4 14 1.5198 0.1431 0.000663
1885.00 C 20260814 -1.00 -1.00 2 5 1.5221 0.1413 0.000656
1890.00 C 20260814 -1.00 -1.00 1 16 1.5146 0.1378 0.000647
1895.00 C 20260814 -1.00 -1.00 2 2 1.5613 0.1438 0.000648
1900.00 C 20260814 -1.00 -1.00 12 196 1.5169 0.1338 0.000632
1905.00 C 20260814 -1.00 -1.00 1 3 1.5008 0.1286 0.000621
1910.00 C 20260814 -1.00 -1.00 3 68 1.5506 0.1355 0.000624
1915.00 C 20260814 -1.00 -1.00 1 3 1.5442 0.1322 0.000615
1920.00 C 20260814 -1.00 -1.00 1 24 1.5464 0.1305 0.000609
1925.00 C 20260814 -1.00 -1.00 1 186 1.5497 0.1289 0.000602
1930.00 C 20260814 -1.00 -1.00 2 72 1.5272 0.1226 0.000589
1935.00 C 20260814 -1.00 -1.00 1 9 1.5423 0.1233 0.000585
1940.00 C 20260814 -1.00 -1.00 1 5 1.5091 0.1147 0.000568
1945.00 C 20260814 -1.00 -1.00 1 2 1.5071 0.1121 0.000560
1950.00 C 20260814 -1.00 -1.00 1 69 1.5510 0.1185 0.000566
1955.00 C 20260814 -1.00 -1.00 10 6 1.5212 0.1105 0.000549
1960.00 C 20260814 -1.00 -1.00 2 4 1.5127 0.1066 0.000539
845.00 P 20260814 -1.00 -1.00 8 12 1.8378 -0.0292 0.000160
850.00 P 20260814 -1.00 -1.00 101 187 1.8248 -0.0299 0.000164
855.00 P 20260814 -1.00 -1.00 5 37 1.8232 -0.0313 0.000171
860.00 P 20260814 -1.00 -1.00 17 80 1.8103 -0.0320 0.000175
865.00 P 20260814 -1.00 -1.00 2 3 1.8059 -0.0333 0.000182
870.00 P 20260814 -1.00 -1.00 2 63 1.8128 -0.0353 0.000190
875.00 P 20260814 -1.00 -1.00 4 6 1.8112 -0.0368 0.000197
880.00 P 20260814 -1.00 -1.00 18 50 1.8096 -0.0382 0.000203
885.00 P 20260814 -1.00 -1.00 15 22 1.7997 -0.0391 0.000209
890.00 P 20260814 -1.00 -1.00 68 114 1.7761 -0.0392 0.000212
895.00 P 20260814 -1.00 -1.00 4 3 1.7719 -0.0405 0.000218
900.00 P 20260814 -1.00 -1.00 2 259 1.7705 -0.0420 0.000225
905.00 P 20260814 -1.00 -1.00 2 4 1.7827 -0.0443 0.000234
910.00 P 20260814 -1.00 -1.00 44 60 1.7868 -0.0462 0.000242
915.00 P 20260814 -1.00 -1.00 10 18 1.7826 -0.0475 0.000249
920.00 P 20260814 -1.00 -1.00 6 29 1.7893 -0.0495 0.000257
925.00 P 20260814 -1.00 -1.00 11 25 1.7824 -0.0506 0.000263
930.00 P 20260814 -1.00 -1.00 38 54 1.7646 -0.0511 0.000268
935.00 P 20260814 -1.00 -1.00 3 2 1.7623 -0.0535 0.000277
940.00 P 20260814 -1.00 -1.00 10 30 1.7628 -0.0561 0.000287
945.00 P 20260814 -1.00 -1.00 10 14 1.7400 -0.0564 0.000292
950.00 P 20260814 -1.00 -1.00 1 284 1.7499 -0.0600 0.000304
955.00 P 20260814 -1.00 -1.00 2 1 1.7242 -0.0600 0.000308
960.00 P 20260814 -1.00 -1.00 18 27 1.7340 -0.0637 0.000320
965.00 P 20260814 -1.00 -1.00 32 33 1.7269 -0.0656 0.000329
970.00 P 20260814 -1.00 -1.00 9 28 1.7214 -0.0677 0.000337
975.00 P 20260814 -1.00 -1.00 10 24 1.6991 -0.0681 0.000343
980.00 P 20260814 -1.00 -1.00 20 92 1.6906 -0.0699 0.000352
985.00 P 20260814 -1.00 -1.00 30 31 1.7110 -0.0747 0.000366
990.00 P 20260814 -1.00 -1.00 20 78 1.6980 -0.0761 0.000374
995.00 P 20260814 -1.00 -1.00 35 88 1.6760 -0.0766 0.000381
1000.00 P 20260814 -1.00 -1.00 41 491 1.6948 -0.0812 0.000394
1005.00 P 20260814 -1.00 -1.00 2 12 1.6684 -0.0813 0.000401
1010.00 P 20260814 -1.00 -1.00 4 67 1.6901 -0.0861 0.000414
1015.00 P 20260814 -1.00 -1.00 2 1 1.6908 -0.0889 0.000425
1020.00 P 20260814 -1.00 -1.00 25 192 1.6900 -0.0915 0.000435
1025.00 P 20260814 -1.00 -1.00 1 29 1.6624 -0.0917 0.000443
1030.00 P 20260814 -1.00 -1.00 18 262 1.6646 -0.0946 0.000453
1035.00 P 20260814 -1.00 -1.00 9 24 1.7009 -0.1006 0.000467
1040.00 P 20260814 -1.00 -1.00 23 55 1.6631 -0.1000 0.000475
1045.00 P 20260814 -1.00 -1.00 28 29 1.6697 -0.1033 0.000486
1050.00 P 20260814 -1.00 -1.00 46 152 1.6673 -0.1060 0.000496
1055.00 P 20260814 -1.00 -1.00 40 41 1.6881 -0.1126 0.000508
1060.00 P 20260814 -1.00 -1.00 2 89 1.6522 -0.1119 0.000518
1062.50 P 20260814 -1.00 -1.00 3 1 1.6573 -0.1145 0.000524
1065.00 P 20260814 -1.00 -1.00 11 25 1.6496 -0.1155 0.000529
1067.50 P 20260814 -1.00 -1.00 9 5 1.6449 -0.1169 0.000535
1070.00 P 20260814 -1.00 -1.00 1 51 1.6432 -0.1187 0.000540
1072.50 P 20260814 -1.00 -1.00 1 1 1.6424 -0.1206 0.000546
1075.00 P 20260814 -1.00 -1.00 4 30 1.6638 -0.1252 0.000552
1077.50 P 20260814 -1.00 -1.00 2 2 1.6572 -0.1263 0.000558
1080.00 P 20260814 -1.00 -1.00 5 49 1.6583 -0.1284 0.000564
1082.50 P 20260814 -1.00 -1.00 10 10 1.6314 -0.1272 0.000569
1085.00 P 20260814 -1.00 -1.00 2 34 1.6297 -0.1290 0.000575
1090.00 P 20260814 -1.00 -1.00 5 69 1.6233 -0.1322 0.000587
1095.00 P 20260814 -1.00 -1.00 4 43 1.6247 -0.1364 0.000599
1100.00 P 20260814 -1.00 -1.00 76 209 1.6394 -0.1421 0.000610
1105.00 P 20260814 -1.00 -1.00 6 36 1.6389 -0.1464 0.000623
1110.00 P 20260814 -1.00 -1.00 5 99 1.6106 -0.1472 0.000636
1115.00 P 20260814 -1.00 -1.00 20 37 1.6424 -0.1547 0.000646
1120.00 P 20260814 -1.00 -1.00 58 72 1.6532 -0.1598 0.000656
1125.00 P 20260814 -1.00 -1.00 1 370 1.6516 -0.1636 0.000668
1130.00 P 20260814 -1.00 -1.00 5 28 1.6047 -0.1628 0.000685
1135.00 P 20260814 -1.00 -1.00 2 29 1.6635 -0.1726 0.000689
1140.00 P 20260814 -1.00 -1.00 2 40 1.6083 -0.1712 0.000708
1145.00 P 20260814 -1.00 -1.00 25 24 1.6068 -0.1751 0.000720
1150.00 P 20260814 -1.00 -1.00 43 207 1.6615 -0.1843 0.000723
1155.00 P 20260814 -1.00 -1.00 5 7 1.6543 -0.1876 0.000736
1160.00 P 20260814 -1.00 -1.00 5 31 1.6127 -0.1878 0.000755
1165.00 P 20260814 -1.00 -1.00 8 13 1.6569 -0.1970 0.000755
1170.00 P 20260814 -1.00 -1.00 14 62 1.6315 -0.1992 0.000772
1175.00 P 20260814 -1.00 -1.00 2 7 1.6296 -0.2040 0.000782
1180.00 P 20260814 -1.00 -1.00 1 49 1.6227 -0.2083 0.000793
1185.00 P 20260814 -1.00 -1.00 2 5 1.6046 -0.2114 0.000808
1190.00 P 20260814 -1.00 -1.00 2 75 1.6146 -0.2175 0.000815
1195.00 P 20260814 -1.00 -1.00 8 12 1.5805 -0.2191 0.000836
1200.00 P 20260814 -1.00 -1.00 2 378 1.6143 -0.2275 0.000834
1205.00 P 20260814 -1.00 -1.00 16 8 1.5775 -0.2291 0.000857
1210.00 P 20260814 -1.00 -1.00 5 48 1.5792 -0.2344 0.000866
1215.00 P 20260814 -1.00 -1.00 14 18 1.5836 -0.2399 0.000875
1220.00 P 20260814 -1.00 -1.00 16 87 1.6033 -0.2468 0.000877
1225.00 P 20260814 -1.00 -1.00 6 19 1.6132 -0.2526 0.000883
1230.00 P 20260814 -1.00 -1.00 14 67 1.5761 -0.2547 0.000908
1235.00 P 20260814 -1.00 -1.00 7 11 1.6033 -0.2620 0.000906
1240.00 P 20260814 -1.00 -1.00 18 99 1.6028 -0.2670 0.000916
1245.00 P 20260814 -1.00 -1.00 6 27 1.5708 -0.2698 0.000940
1250.00 P 20260814 -1.00 -1.00 5 172 1.5731 -0.2751 0.000949
1255.00 P 20260814 -1.00 -1.00 2 7 1.6172 -0.2831 0.000939
1260.00 P 20260814 -1.00 -1.00 4 80 1.5935 -0.2867 0.000960
1265.00 P 20260814 -1.00 -1.00 1 8 1.6319 -0.2940 0.000952
1270.00 P 20260814 -1.00 -1.00 5 35 1.5770 -0.2960 0.000988
1275.00 P 20260814 -1.00 -1.00 4 13 1.5766 -0.3011 0.000998
1280.00 P 20260814 -1.00 -1.00 1 39 1.6428 -0.3098 0.000972
1285.00 P 20260814 -1.00 -1.00 2 4 1.6116 -0.3136 0.000995
1290.00 P 20260814 -1.00 -1.00 22 90 1.5687 -0.3169 0.001026
1295.00 P 20260814 -1.00 -1.00 2 5 1.5677 -0.3225 0.001032
1300.00 P 20260814 -1.00 -1.00 1 173 1.5844 -0.3290 0.001026
1305.00 P 20260814 -1.00 -1.00 65 65 1.5975 -0.3351 0.001023
1310.00 P 20260814 -1.00 -1.00 2 40 1.5772 -0.3399 0.001041
1315.00 P 20260814 -1.00 -1.00 71 75 1.5768 -0.3455 0.001046
1320.00 P 20260814 -1.00 -1.00 5 51 1.5823 -0.3513 0.001048
1325.00 P 20260814 -1.00 -1.00 6 34 1.5836 -0.3569 0.001052
1330.00 P 20260814 -1.00 -1.00 8 41 1.5734 -0.3623 0.001063
1335.00 P 20260814 -1.00 -1.00 15 26 1.5417 -0.3673 0.001090
1340.00 P 20260814 -1.00 -1.00 10 44 1.5853 -0.3738 0.001066
1345.00 P 20260814 -1.00 -1.00 6 17 1.5953 -0.3795 0.001064
1350.00 P 20260814 -1.00 -1.00 1 142 1.5679 -0.3848 0.001087
1355.00 P 20260814 -1.00 -1.00 9 12 1.5963 -0.3906 0.001073
1360.00 P 20260814 -1.00 -1.00 24 29 1.5522 -0.3961 0.001109
1365.00 P 20260814 -1.00 -1.00 10 24 1.5685 -0.4018 0.001102
1370.00 P 20260814 -1.00 -1.00 15 33 1.5722 -0.4075 0.001105
1375.00 P 20260814 -1.00 -1.00 19 55 1.5598 -0.4132 0.001119
1380.00 P 20260814 -1.00 -1.00 29 126 1.5777 -0.4187 0.001111
1385.00 P 20260814 -1.00 -1.00 5 14 1.6097 -0.4238 0.001094
1390.00 P 20260814 -1.00 -1.00 135 132 1.5577 -0.4303 0.001136
1395.00 P 20260814 -1.00 -1.00 2 50 1.5624 -0.4359 0.001137
1400.00 P 20260814 -1.00 -1.00 2 201 1.5728 -0.4413 0.001135
1405.00 P 20260814 -1.00 -1.00 4 74 1.5921 -0.4464 0.001126
1410.00 P 20260814 -1.00 -1.00 6 179 1.5688 -0.4527 0.001144
1415.00 P 20260814 -1.00 -1.00 2 12 1.6059 -0.4567 0.001116
1420.00 P 20260814 -1.00 -1.00 1 24 1.5778 -0.4631 0.001136
1425.00 P 20260814 -1.00 -1.00 38 31 1.5711 -0.4688 0.001140
1430.00 P 20260814 -1.00 -1.00 5 38 1.5527 -0.4751 0.001152
1435.00 P 20260814 -1.00 -1.00 19 18 1.5561 -0.4804 0.001149
1440.00 P 20260814 -1.00 -1.00 8 27 1.5517 -0.4861 0.001151
1445.00 P 20260814 -1.00 -1.00 10 21 1.5667 -0.4907 0.001139
1450.00 P 20260814 -1.00 -1.00 19 139 1.5990 -0.4941 0.001116
1455.00 P 20260814 -1.00 -1.00 3 18 1.5685 -0.5014 0.001136
1460.00 P 20260814 -1.00 -1.00 1 17 1.5519 -0.5079 0.001147
1465.00 P 20260814 -1.00 -1.00 8 18 1.5917 -0.5105 0.001118
1470.00 P 20260814 -1.00 -1.00 3 38 1.5377 -0.5200 0.001156
1475.00 P 20260814 -1.00 -1.00 2 24 1.5779 -0.5223 0.001126
1480.00 P 20260814 -1.00 -1.00 1 72 1.5505 -0.5300 0.001145
1485.00 P 20260814 -1.00 -1.00 22 68 1.5385 -0.5365 0.001153
1490.00 P 20260814 -1.00 -1.00 6 325 1.5544 -0.5406 0.001140
1495.00 P 20260814 -1.00 -1.00 13 103 1.6190 -0.5400 0.001095
1500.00 P 20260814 -1.00 -1.00 21 192 1.5169 -0.5553 0.001166
1505.00 P 20260814 -1.00 -1.00 5 12 1.5513 -0.5573 0.001140
1510.00 P 20260814 -1.00 -1.00 2 54 1.5426 -0.5637 0.001145
1515.00 P 20260814 -1.00 -1.00 2 4 1.5356 -0.5700 0.001149
1520.00 P 20260814 -1.00 -1.00 2 15 1.5698 -0.5716 0.001124
1525.00 P 20260814 -1.00 -1.00 10 14 1.5460 -0.5798 0.001140
1530.00 P 20260814 -1.00 -1.00 2 51 1.5493 -0.5849 0.001137
1535.00 P 20260814 -1.00 -1.00 2 13 1.5450 -0.5910 0.001139
1540.00 P 20260814 -1.00 -1.00 9 102 1.5622 -0.5943 0.001126
1545.00 P 20260814 -1.00 -1.00 1 25 1.5464 -0.6010 0.001131
1550.00 P 20260814 -1.00 -1.00 2 206 1.5625 -0.6037 0.001116
1555.00 P 20260814 -1.00 -1.00 1 22 1.5375 -0.6113 0.001125
1560.00 P 20260814 -1.00 -1.00 1 45 1.5304 -0.6168 0.001123
1565.00 P 20260814 -1.00 -1.00 1 5 1.6276 -0.6093 0.001064
1570.00 P 20260814 -1.00 -1.00 1 27 1.5174 -0.6279 0.001119
1575.00 P 20260814 -1.00 -1.00 1 12 1.5285 -0.6311 0.001107
1580.00 P 20260814 -1.00 -1.00 1 50 1.5687 -0.6301 0.001079
1585.00 P 20260814 -1.00 -1.00 1 28 1.4998 -0.6446 0.001111
1590.00 P 20260814 -1.00 -1.00 1 35 1.5012 -0.6491 0.001104
1595.00 P 20260814 -1.00 -1.00 1 25 1.5057 -0.6532 0.001095
1600.00 P 20260814 -1.00 -1.00 4 272 1.5041 -0.6582 0.001090
1605.00 P 20260814 -1.00 -1.00 1 25 1.5320 -0.6585 0.001069
1610.00 P 20260814 -1.00 -1.00 1 22 1.6404 -0.6466 0.001012
1615.00 P 20260814 -1.00 -1.00 1 6 1.5954 -0.6577 0.001028
1620.00 P 20260814 -1.00 -1.00 2 13 1.5169 -0.6750 0.001059
1625.00 P 20260814 -1.00 -1.00 1 5 1.6189 -0.6629 0.001006
1630.00 P 20260814 -1.00 -1.00 1 22 1.5884 -0.6722 0.001015
1635.00 P 20260814 -1.00 -1.00 1 0 1.5927 -0.6760 0.001007
1640.00 P 20260814 -1.00 -1.00 2 9 1.5076 -0.6955 0.001039
1645.00 P 20260814 -1.00 -1.00 1 15 1.5756 -0.6879 0.001004
1650.00 P 20260814 -1.00 -1.00 58 77 1.6173 -0.6851 0.000981
1655.00 P 20260814 -1.00 -1.00 7 16 1.5882 -0.6946 0.000988
1660.00 P 20260814 -1.00 -1.00 2 164 1.5912 -0.6985 0.000981
1665.00 P 20260814 -1.00 -1.00 3 16 1.6067 -0.7002 0.000970
1670.00 P 20260814 -1.00 -1.00 2 12 1.5210 -0.7212 0.000998
1675.00 P 20260814 -1.00 -1.00 5 8 1.5116 -0.7279 0.000995
1680.00 P 20260814 -1.00 -1.00 1 24 1.5867 -0.7173 0.000962
1685.00 P 20260814 -1.00 -1.00 -1 0 1.6280 -0.7138 0.000942
1690.00 P 20260814 -1.00 -1.00 1 10 1.5542 -0.7325 0.000961
1695.00 P 20260814 -1.00 -1.00 5 2 1.5918 -0.7297 0.000943
1700.00 P 20260814 -1.00 -1.00 1 91 1.5376 -0.7420 0.000950
1705.00 P 20260814 -1.00 -1.00 1 3 1.5110 -0.7499 0.000948
1710.00 P 20260814 -1.00 -1.00 12 12 1.5332 -0.7495 0.000935
1715.00 P 20260814 -1.00 -1.00 4 4 1.6071 -0.7404 0.000911
1720.00 P 20260814 -1.00 -1.00 1 4 1.4939 -0.7635 0.000926
1725.00 P 20260814 -1.00 -1.00 2 19 1.5259 -0.7610 0.000912
1730.00 P 20260814 -1.00 -1.00 1 48 1.5154 -0.7664 0.000906
1735.00 P 20260814 -1.00 -1.00 2 2 1.5027 -0.7723 0.000899
1740.00 P 20260814 -1.00 -1.00 1 44 1.6283 -0.7529 0.000871
1750.00 P 20260814 -1.00 -1.00 2 56 1.4926 -0.7848 0.000875
1760.00 P 20260814 -1.00 -1.00 1 19 1.5507 -0.7801 0.000853
1765.00 P 20260814 -1.00 -1.00 1 14 1.5193 -0.7898 0.000848
1770.00 P 20260814 -1.00 -1.00 5 60 1.5201 -0.7931 0.000840
1775.00 P 20260814 -1.00 -1.00 5 12 1.4993 -0.8009 0.000833
1780.00 P 20260814 -1.00 -1.00 1 3 1.6497 -0.7744 0.000814
1785.00 P 20260814 -1.00 -1.00 7 8 1.4951 -0.8088 0.000816
1790.00 P 20260814 -1.00 -1.00 9 17 1.5295 -0.8048 0.000807
1795.00 P 20260814 -1.00 -1.00 2 2 1.5251 -0.8092 0.000799
1800.00 P 20260814 -1.00 -1.00 2 186 1.6412 -0.7886 0.000787
1805.00 P 20260814 -1.00 -1.00 14 14 1.6099 -0.7980 0.000782
1810.00 P 20260814 -1.00 -1.00 6 1 1.4948 -0.8265 0.000774
1815.00 P 20260814 -1.00 -1.00 -1 0 1.5988 -0.8067 0.000768
1820.00 P 20260814 -1.00 -1.00 1 8 1.5076 -0.8305 0.000758
1825.00 P 20260814 -1.00 -1.00 1 0 1.6283 -0.8070 0.000753
1830.00 P 20260814 -1.00 -1.00 1 1 1.5060 -0.8378 0.000741
1835.00 P 20260814 -1.00 -1.00 1 1 1.6407 -0.8108 0.000740
1840.00 P 20260814 -1.00 -1.00 5 6 1.6148 -0.8195 0.000732
1845.00 P 20260814 -1.00 -1.00 5 4 1.6493 -0.8153 0.000726
1850.00 P 20260814 -1.00 -1.00 1 12 1.4952 -0.8494 0.000708
1855.00 P 20260814 -1.00 -1.00 1 1 1.6241 -0.8271 0.000711
1860.00 P 20260814 -1.00 -1.00 7 13 1.4945 -0.8541 0.000692
1865.00 P 20260814 -1.00 -1.00 1 1 1.5176 -0.8523 0.000688
1870.00 P 20260814 -1.00 -1.00 1 13 1.7146 -0.8169 0.000695
1875.00 P 20260814 -1.00 -1.00 38 42 1.6304 -0.8382 0.000684
1880.00 P 20260814 -1.00 -1.00 1 10 1.5159 -0.8592 0.000665
1885.00 P 20260814 -1.00 -1.00 1 1 1.6891 -0.8315 0.000675
1890.00 P 20260814 -1.00 -1.00 15 28 1.4944 -0.8675 0.000645
1895.00 P 20260814 -1.00 -1.00 1 1 1.5130 -0.8663 0.000641
1900.00 P 20260814 -1.00 -1.00 1 6 1.4838 -0.8740 0.000627
1905.00 P 20260814 -1.00 -1.00 -1 0 1.5078 -0.8717 0.000625
1910.00 P 20260814 -1.00 -1.00 7 3 1.4798 -0.8794 0.000610
1915.00 P 20260814 -1.00 -1.00 1 1 1.4962 -0.8784 0.000606
1920.00 P 20260814 -1.00 -1.00 4 6 1.5147 -0.8771 0.000603
1925.00 P 20260814 -1.00 -1.00 1 35 1.6509 -0.8551 0.000622
1930.00 P 20260814 -1.00 -1.00 10 6 1.5030 -0.8838 0.000585
1935.00 P 20260814 -1.00 -1.00 1 2 1.5053 -0.8856 0.000578
1940.00 P 20260814 -1.00 -1.00 1 6 1.5205 -0.8848 0.000574
1945.00 P 20260814 -1.00 -1.00 1 1 1.5217 -0.8868 0.000567
1950.00 P 20260814 -1.00 -1.00 16 72 1.5217 -0.8890 0.000560
1955.00 P 20260814 -1.00 -1.00 1 1 1.4971 -0.8962 0.000544
1960.00 P 20260814 -1.00 -1.00 1 0 1.5262 -0.8925 0.000546
850.00 C 20260821 -1.00 -1.00 2 55 1.6780 0.9468 0.000219
860.00 C 20260821 -1.00 -1.00 1 37 1.5971 0.9508 0.000217
870.00 C 20260821 -1.00 -1.00 5 17 1.6579 0.9400 0.000242
880.00 C 20260821 -1.00 -1.00 3 196 1.6148 0.9399 0.000249
890.00 C 20260821 -1.00 -1.00 1 3 1.5528 0.9419 0.000252
900.00 C 20260821 -1.00 -1.00 15 58 1.6322 0.9293 0.000278
910.00 C 20260821 -1.00 -1.00 52 32 1.6202 0.9260 0.000291
920.00 C 20260821 -1.00 -1.00 1 17 1.3998 0.9456 0.000267
930.00 C 20260821 -1.00 -1.00 6 27 1.5215 0.9267 0.000307
940.00 C 20260821 -1.00 -1.00 14 118 1.6100 0.9136 0.000331
950.00 C 20260821 -1.00 -1.00 1 55 1.6007 0.9099 0.000345
960.00 C 20260821 -1.00 -1.00 2 13 1.5599 0.9090 0.000356
970.00 C 20260821 -1.00 -1.00 6 68 1.5546 0.9049 0.000371
980.00 C 20260821 -1.00 -1.00 2 52 1.3939 0.9162 0.000373
990.00 C 20260821 -1.00 -1.00 2 18 1.4010 0.9104 0.000391
1000.00 C 20260821 -1.00 -1.00 7 173 1.5094 0.8931 0.000415
1010.00 C 20260821 -1.00 -1.00 3 60 1.4948 0.8884 0.000431
1020.00 C 20260821 -1.00 -1.00 5 187 1.3198 0.9040 0.000439
1030.00 C 20260821 -1.00 -1.00 6 165 1.4750 0.8774 0.000465
1040.00 C 20260821 -1.00 -1.00 6 26 1.4728 0.8708 0.000482
1050.00 C 20260821 -1.00 -1.00 4 224 1.4445 0.8675 0.000500
1060.00 C 20260821 -1.00 -1.00 4 38 1.4736 0.8571 0.000516
1070.00 C 20260821 -1.00 -1.00 131 77 1.5106 0.8463 0.000530
1080.00 C 20260821 -1.00 -1.00 7 112 1.4590 0.8450 0.000552
1090.00 C 20260821 -1.00 -1.00 1 65 1.4708 0.8369 0.000568
1100.00 C 20260821 -1.00 -1.00 6 293 1.5226 0.8251 0.000578
1110.00 C 20260821 -1.00 -1.00 3 168 1.3861 0.8320 0.000615
1120.00 C 20260821 -1.00 -1.00 3 120 1.3772 0.8257 0.000636
1130.00 C 20260821 -1.00 -1.00 3 43 1.4587 0.8094 0.000636
1140.00 C 20260821 -1.00 -1.00 2 89 1.4979 0.7967 0.000640
1150.00 C 20260821 -1.00 -1.00 4 255 1.4790 0.7902 0.000659
1160.00 C 20260821 -1.00 -1.00 5 115 1.3952 0.7906 0.000699
1170.00 C 20260821 -1.00 -1.00 1 63 1.3931 0.7819 0.000715
1180.00 C 20260821 -1.00 -1.00 16 63 1.3578 0.7768 0.000743
1190.00 C 20260821 -1.00 -1.00 1 22 1.4483 0.7592 0.000725
1200.00 C 20260821 -1.00 -1.00 11 476 1.4247 0.7525 0.000749
1210.00 C 20260821 -1.00 -1.00 63 57 1.4723 0.7402 0.000745
1220.00 C 20260821 -1.00 -1.00 8 54 1.4251 0.7351 0.000778
1230.00 C 20260821 -1.00 -1.00 3 39 1.3788 0.7296 0.000814
1240.00 C 20260821 -1.00 -1.00 1 86 1.4658 0.7153 0.000790
1250.00 C 20260821 -1.00 -1.00 1 296 1.4770 0.7062 0.000799
1260.00 C 20260821 -1.00 -1.00 72 71 1.4400 0.6994 0.000829
1270.00 C 20260821 -1.00 -1.00 1 134 1.4289 0.6906 0.000843
1280.00 C 20260821 -1.00 -1.00 16 342 1.4328 0.6810 0.000848
1290.00 C 20260821 -1.00 -1.00 5 236 1.4205 0.6721 0.000863
1300.00 C 20260821 -1.00 -1.00 1 630 1.4163 0.6627 0.000873
1310.00 C 20260821 -1.00 -1.00 1 35 1.4406 0.6527 0.000866
1320.00 C 20260821 -1.00 -1.00 14 74 1.3695 0.6447 0.000918
1330.00 C 20260821 -1.00 -1.00 18 108 1.4362 0.6340 0.000884
1340.00 C 20260821 -1.00 -1.00 2 80 1.4101 0.6248 0.000908
1350.00 C 20260821 -1.00 -1.00 42 254 1.4047 0.6152 0.000919
1360.00 C 20260821 -1.00 -1.00 120 63 1.4339 0.6059 0.000908
1365.00 C 20260821 -1.00 -1.00 6 38 1.4497 0.6015 0.000902
1370.00 C 20260821 -1.00 -1.00 2 115 1.3720 0.5956 0.000957
1375.00 C 20260821 -1.00 -1.00 1 13 1.4394 0.5920 0.000916
1380.00 C 20260821 -1.00 -1.00 100 43 1.4400 0.5873 0.000919
1385.00 C 20260821 -1.00 -1.00 1 2 1.3684 0.5808 0.000972
1390.00 C 20260821 -1.00 -1.00 34 110 1.3828 0.5763 0.000966
1395.00 C 20260821 -1.00 -1.00 22 23 1.4158 0.5725 0.000947
1400.00 C 20260821 -1.00 -1.00 2 810 1.3648 0.5660 0.000987
1405.00 C 20260821 -1.00 -1.00 2 14 1.4144 0.5630 0.000956
1410.00 C 20260821 -1.00 -1.00 3 127 1.4213 0.5587 0.000952
1415.00 C 20260821 -1.00 -1.00 19 20 1.3820 0.5524 0.000979
1420.00 C 20260821 -1.00 -1.00 1 76 1.4201 0.5496 0.000952
1425.00 C 20260821 -1.00 -1.00 1 66 1.3750 0.5428 0.000983
1430.00 C 20260821 -1.00 -1.00 1 208 1.4082 0.5400 0.000959
1435.00 C 20260821 -1.00 -1.00 21 70 1.4235 0.5364 0.000949
1440.00 C 20260821 -1.00 -1.00 28 162 1.3694 0.5285 0.000986
1445.00 C 20260821 -1.00 -1.00 11 25 1.3661 0.5236 0.000988
1450.00 C 20260821 -1.00 -1.00 2 730 1.3907 0.5207 0.000970
1455.00 C 20260821 -1.00 -1.00 6 19 1.3807 0.5153 0.000977
1460.00 C 20260821 -1.00 -1.00 74 180 1.3766 0.5104 0.000979
1465.00 C 20260821 -1.00 -1.00 3 17 1.4186 0.5091 0.000950
1470.00 C 20260821 -1.00 -1.00 13 139 1.3919 0.5024 0.000968
1475.00 C 20260821 -1.00 -1.00 10 22 1.4162 0.4999 0.000951
1480.00 C 20260821 -1.00 -1.00 11 127 1.3645 0.4907 0.000986
1485.00 C 20260821 -1.00 -1.00 125 75 1.3671 0.4863 0.000984
1490.00 C 20260821 -1.00 -1.00 4 186 1.4134 0.4861 0.000952
1495.00 C 20260821 -1.00 -1.00 1 38 1.3806 0.4783 0.000974
1500.00 C 20260821 -1.00 -1.00 3 1050 1.4118 0.4769 0.000952
1505.00 C 20260821 -1.00 -1.00 4 29 1.4157 0.4720 0.000949
1510.00 C 20260821 -1.00 -1.00 5 298 1.4174 0.4677 0.000948
1515.00 C 20260821 -1.00 -1.00 2 7 1.3816 0.4591 0.000972
1520.00 C 20260821 -1.00 -1.00 1 171 1.3961 0.4562 0.000961
1525.00 C 20260821 -1.00 -1.00 5 7 1.4254 0.4551 0.000942
1530.00 C 20260821 -1.00 -1.00 5 136 1.4180 0.4498 0.000946
1535.00 C 20260821 -1.00 -1.00 11 7 1.3856 0.4411 0.000967
1540.00 C 20260821 -1.00 -1.00 16 78 1.4221 0.4413 0.000943
1545.00 C 20260821 -1.00 -1.00 9 6 1.3952 0.4332 0.000960
1550.00 C 20260821 -1.00 -1.00 1 321 1.4279 0.4331 0.000939
1555.00 C 20260821 -1.00 -1.00 5 5 1.4238 0.4281 0.000941
1560.00 C 20260821 -1.00 -1.00 1 201 1.4023 0.4205 0.000954
1565.00 C 20260821 -1.00 -1.00 16 10 1.4198 0.4185 0.000943
1570.00 C 20260821 -1.00 -1.00 11 177 1.4304 0.4156 0.000936
1580.00 C 20260821 -1.00 -1.00 272 153 1.4015 0.4041 0.000945
1590.00 C 20260821 -1.00 -1.00 5 184 1.3991 0.3962 0.000939
1600.00 C 20260821 -1.00 -1.00 3 4067 1.4197 0.3917 0.000920
1610.00 C 20260821 -1.00 -1.00 14 123 1.3830 0.3785 0.000932
1620.00 C 20260821 -1.00 -1.00 9 76 1.3749 0.3695 0.000928
1630.00 C 20260821 -1.00 -1.00 17 114 1.3776 0.3622 0.000919
1640.00 C 20260821 -1.00 -1.00 9 125 1.3745 0.3539 0.000913
1650.00 C 20260821 -1.00 -1.00 53 1161 1.3583 0.3432 0.000913
1660.00 C 20260821 -1.00 -1.00 5 156 1.3579 0.3353 0.000905
1670.00 C 20260821 -1.00 -1.00 2 63 1.3710 0.3301 0.000891
1680.00 C 20260821 -1.00 -1.00 120 212 1.3813 0.3244 0.000879
1690.00 C 20260821 -1.00 -1.00 8 64 1.3804 0.3165 0.000871
1700.00 C 20260821 -1.00 -1.00 1 2671 1.3782 0.3084 0.000865
1710.00 C 20260821 -1.00 -1.00 10 75 1.3955 0.3045 0.000850
1720.00 C 20260821 -1.00 -1.00 1 125 1.3858 0.2947 0.000846
1730.00 C 20260821 -1.00 -1.00 1 355 1.3867 0.2872 0.000838
1740.00 C 20260821 -1.00 -1.00 5 206 1.4183 0.2870 0.000820
1750.00 C 20260821 -1.00 -1.00 1 677 1.3968 0.2753 0.000818
1760.00 C 20260821 -1.00 -1.00 2 385 1.4140 0.2730 0.000804
1770.00 C 20260821 -1.00 -1.00 3 155 1.3832 0.2616 0.000800
1780.00 C 20260821 -1.00 -1.00 6 369 1.3850 0.2564 0.000789
1790.00 C 20260821 -1.00 -1.00 9 61 1.3817 0.2501 0.000779
1800.00 C 20260821 -1.00 -1.00 205 821 1.3998 0.2483 0.000765
1810.00 C 20260821 -1.00 -1.00 57 143 1.3942 0.2417 0.000756
1820.00 C 20260821 -1.00 -1.00 11 138 1.3544 0.2273 0.000750
1830.00 C 20260821 -1.00 -1.00 4 27 1.3641 0.2238 0.000738
1840.00 C 20260821 -1.00 -1.00 29 99 1.3887 0.2238 0.000725
1850.00 C 20260821 -1.00 -1.00 29 552 1.3882 0.2182 0.000714
1860.00 C 20260821 -1.00 -1.00 10 76 1.3645 0.2069 0.000705
1870.00 C 20260821 -1.00 -1.00 1 80 1.3723 0.2032 0.000694
1880.00 C 20260821 -1.00 -1.00 4 84 1.3636 0.1953 0.000683
1890.00 C 20260821 -1.00 -1.00 1 200 1.3967 0.1981 0.000672
1900.00 C 20260821 -1.00 -1.00 98 1045 1.4044 0.1945 0.000661
1910.00 C 20260821 -1.00 -1.00 7 116 1.3651 0.1787 0.000650
1920.00 C 20260821 -1.00 -1.00 11 96 1.3842 0.1782 0.000640
1930.00 C 20260821 -1.00 -1.00 24 121 1.3859 0.1731 0.000629
1940.00 C 20260821 -1.00 -1.00 2 79 1.3882 0.1682 0.000619
1950.00 C 20260821 -1.00 -1.00 10 193 1.4147 0.1699 0.000611
1960.00 C 20260821 -1.00 -1.00 2 48 1.3894 0.1611 0.000599
850.00 P 20260821 -1.00 -1.00 254 3798 1.5927 -0.0460 0.000206
860.00 P 20260821 -1.00 -1.00 30 132 1.5953 -0.0493 0.000218
870.00 P 20260821 -1.00 -1.00 23 117 1.5824 -0.0525 0.000230
880.00 P 20260821 -1.00 -1.00 1 159 1.5709 -0.0558 0.000242
890.00 P 20260821 -1.00 -1.00 4 271 1.5510 -0.0582 0.000253
900.00 P 20260821 -1.00 -1.00 2 1094 1.5519 -0.0629 0.000268
910.00 P 20260821 -1.00 -1.00 30 185 1.5203 -0.0641 0.000278
920.00 P 20260821 -1.00 -1.00 8 95 1.5358 -0.0705 0.000296
930.00 P 20260821 -1.00 -1.00 5 79 1.5046 -0.0719 0.000306
940.00 P 20260821 -1.00 -1.00 36 122 1.5295 -0.0791 0.000325
950.00 P 20260821 -1.00 -1.00 34 1203 1.5294 -0.0838 0.000340
960.00 P 20260821 -1.00 -1.00 1 126 1.4940 -0.0850 0.000352
970.00 P 20260821 -1.00 -1.00 3 62 1.5162 -0.0919 0.000370
980.00 P 20260821 -1.00 -1.00 10 542 1.4964 -0.0947 0.000384
990.00 P 20260821 -1.00 -1.00 87 326 1.4999 -0.0998 0.000400
1000.00 P 20260821 -1.00 -1.00 43 1907 1.4946 -0.1054 0.000416
1010.00 P 20260821 -1.00 -1.00 3 173 1.4940 -0.1121 0.000433
1020.00 P 20260821 -1.00 -1.00 3 425 1.4745 -0.1163 0.000449
1030.00 P 20260821 -1.00 -1.00 31 193 1.4793 -0.1237 0.000467
1040.00 P 20260821 -1.00 -1.00 7 250 1.4750 -0.1300 0.000484
1050.00 P 20260821 -1.00 -1.00 5 987 1.4679 -0.1360 0.000501
1060.00 P 20260821 -1.00 -1.00 3 85 1.4659 -0.1426 0.000519
1070.00 P 20260821 -1.00 -1.00 1 72 1.4884 -0.1519 0.000534
1080.00 P 20260821 -1.00 -1.00 33 335 1.4621 -0.1559 0.000554
1090.00 P 20260821 -1.00 -1.00 6 122 1.4808 -0.1647 0.000569
1100.00 P 20260821 -1.00 -1.00 1 848 1.4730 -0.1707 0.000587
1110.00 P 20260821 -1.00 -1.00 55 267 1.4515 -0.1755 0.000607
1120.00 P 20260821 -1.00 -1.00 71 300 1.4741 -0.1847 0.000621
1130.00 P 20260821 -1.00 -1.00 2 105 1.4657 -0.1922 0.000637
1140.00 P 20260821 -1.00 -1.00 29 116 1.4574 -0.1998 0.000653
1150.00 P 20260821 -1.00 -1.00 76 274 1.4508 -0.2076 0.000669
1160.00 P 20260821 -1.00 -1.00 22 77 1.4465 -0.2158 0.000685
1170.00 P 20260821 -1.00 -1.00 73 121 1.4427 -0.2240 0.000701
1180.00 P 20260821 -1.00 -1.00 15 355 1.4202 -0.2305 0.000723
1190.00 P 20260821 -1.00 -1.00 8 159 1.4187 -0.2391 0.000739
1200.00 P 20260821 -1.00 -1.00 3 909 1.4449 -0.2500 0.000743
1210.00 P 20260821 -1.00 -1.00 1 80 1.4571 -0.2595 0.000753
1220.00 P 20260821 -1.00 -1.00 1 160 1.4591 -0.2682 0.000767
1230.00 P 20260821 -1.00 -1.00 2 128 1.4296 -0.2748 0.000794
1240.00 P 20260821 -1.00 -1.00 67 84 1.4323 -0.2837 0.000807
1250.00 P 20260821 -1.00 -1.00 38 476 1.4245 -0.2920 0.000826
1260.00 P 20260821 -1.00 -1.00 8 248 1.4412 -0.3018 0.000830
1270.00 P 20260821 -1.00 -1.00 1 155 1.4293 -0.3105 0.000845
1280.00 P 20260821 -1.00 -1.00 41 166 1.4324 -0.3201 0.000851
1290.00 P 20260821 -1.00 -1.00 43 142 1.4517 -0.3301 0.000847
1300.00 P 20260821 -1.00 -1.00 66 646 1.4176 -0.3384 0.000875
1310.00 P 20260821 -1.00 -1.00 1 226 1.4011 -0.3475 0.000893
1320.00 P 20260821 -1.00 -1.00 1 100 1.3959 -0.3570 0.000904
1330.00 P 20260821 -1.00 -1.00 1 309 1.4074 -0.3668 0.000904
1340.00 P 20260821 -1.00 -1.00 3 196 1.4084 -0.3764 0.000912
1350.00 P 20260821 -1.00 -1.00 2 615 1.4110 -0.3860 0.000918
1360.00 P 20260821 -1.00 -1.00 1 234 1.4014 -0.3956 0.000932
1365.00 P 20260821 -1.00 -1.00 1 42 1.4026 -0.4004 0.000935
1370.00 P 20260821 -1.00 -1.00 5 122 1.3832 -0.4055 0.000952
1375.00 P 20260821 -1.00 -1.00 14 15 1.4004 -0.4100 0.000944
1380.00 P 20260821 -1.00 -1.00 1 207 1.3937 -0.4150 0.000953
1385.00 P 20260821 -1.00 -1.00 7 16 1.4441 -0.4185 0.000923
1390.00 P 20260821 -1.00 -1.00 3 220 1.4011 -0.4244 0.000956
1395.00 P 20260821 -1.00 -1.00 24 29 1.4074 -0.4291 0.000956
1400.00 P 20260821 -1.00 -1.00 157 1004 1.3938 -0.4344 0.000969
1405.00 P 20260821 -1.00 -1.00 3 91 1.4076 -0.4387 0.000963
1410.00 P 20260821 -1.00 -1.00 28 311 1.4227 -0.4426 0.000953
1415.00 P 20260821 -1.00 -1.00 7 14 1.4497 -0.4459 0.000935
1420.00 P 20260821 -1.00 -1.00 17 299 1.4045 -0.4525 0.000965
1425.00 P 20260821 -1.00 -1.00 12 15 1.3987 -0.4574 0.000969
1430.00 P 20260821 -1.00 -1.00 30 121 1.4052 -0.4616 0.000964
1435.00 P 20260821 -1.00 -1.00 31 27 1.3977 -0.4666 0.000969
1440.00 P 20260821 -1.00 -1.00 16 135 1.3995 -0.4710 0.000967
1445.00 P 20260821 -1.00 -1.00 17 7 1.4339 -0.4733 0.000943
1450.00 P 20260821 -1.00 -1.00 28 465 1.3993 -0.4802 0.000966
1455.00 P 20260821 -1.00 -1.00 12 19 1.3771 -0.4864 0.000982
1460.00 P 20260821 -1.00 -1.00 4 64 1.3773 -0.4910 0.000981
1465.00 P 20260821 -1.00 -1.00 2 14 1.3741 -0.4959 0.000983
1470.00 P 20260821 -1.00 -1.00 1 189 1.3860 -0.4996 0.000974
1475.00 P 20260821 -1.00 -1.00 16 18 1.4050 -0.5025 0.000961
1480.00 P 20260821 -1.00 -1.00 1 242 1.3796 -0.5094 0.000978
1485.00 P 20260821 -1.00 -1.00 1 18 1.3881 -0.5132 0.000972
1490.00 P 20260821 -1.00 -1.00 12 570 1.3866 -0.5180 0.000972
1495.00 P 20260821 -1.00 -1.00 7 13 1.4279 -0.5184 0.000944
1500.00 P 20260821 -1.00 -1.00 7 962 1.3819 -0.5277 0.000975
1505.00 P 20260821 -1.00 -1.00 10 20 1.4089 -0.5294 0.000956
1510.00 P 20260821 -1.00 -1.00 5 133 1.3785 -0.5374 0.000977
1515.00 P 20260821 -1.00 -1.00 2 8 1.4087 -0.5385 0.000956
1520.00 P 20260821 -1.00 -1.00 1 316 1.3771 -0.5468 0.000977
1525.00 P 20260821 -1.00 -1.00 2 4 1.4365 -0.5443 0.000937
1530.00 P 20260821 -1.00 -1.00 1 357 1.3897 -0.5545 0.000967
1535.00 P 20260821 -1.00 -1.00 1 1 1.3997 -0.5578 0.000960
1540.00 P 20260821 -1.00 -1.00 1 108 1.3818 -0.5648 0.000972
1545.00 P 20260821 -1.00 -1.00 1 0 1.3860 -0.5689 0.000969
1550.00 P 20260821 -1.00 -1.00 12 472 1.3820 -0.5741 0.000971
1555.00 P 20260821 -1.00 -1.00 -1 0 1.4285 -0.5721 0.000940
1560.00 P 20260821 -1.00 -1.00 4 101 1.3809 -0.5835 0.000971
1565.00 P 20260821 -1.00 -1.00 -1 0 1.3914 -0.5866 0.000964
1570.00 P 20260821 -1.00 -1.00 2 325 1.4336 -0.5848 0.000936
1580.00 P 20260821 -1.00 -1.00 2 115 1.4396 -0.5915 0.000926
1590.00 P 20260821 -1.00 -1.00 1 153 1.4179 -0.6020 0.000931
1600.00 P 20260821 -1.00 -1.00 21 929 1.3698 -0.6168 0.000949
1610.00 P 20260821 -1.00 -1.00 4 231 1.3659 -0.6252 0.000944
1620.00 P 20260821 -1.00 -1.00 4 172 1.3920 -0.6287 0.000922
1630.00 P 20260821 -1.00 -1.00 1 177 1.3776 -0.6388 0.000922
1640.00 P 20260821 -1.00 -1.00 15 93 1.3691 -0.6481 0.000918
1650.00 P 20260821 -1.00 -1.00 60 174 1.3526 -0.6590 0.000919
1660.00 P 20260821 -1.00 -1.00 6 131 1.3595 -0.6655 0.000907
1670.00 P 20260821 -1.00 -1.00 1 223 1.3745 -0.6703 0.000893
1680.00 P 20260821 -1.00 -1.00 7 74 1.4426 -0.6646 0.000856
1690.00 P 20260821 -1.00 -1.00 3 198 1.3640 -0.6881 0.000881
1700.00 P 20260821 -1.00 -1.00 1 1820 1.3614 -0.6965 0.000875
1710.00 P 20260821 -1.00 -1.00 4 52 1.4534 -0.6844 0.000831
1720.00 P 20260821 -1.00 -1.00 5 154 1.4360 -0.6954 0.000831
1730.00 P 20260821 -1.00 -1.00 1 175 1.3704 -0.7179 0.000848
1740.00 P 20260821 -1.00 -1.00 10 249 1.3685 -0.7257 0.000839
1750.00 P 20260821 -1.00 -1.00 1 1248 1.3625 -0.7325 0.000830
1760.00 P 20260821 -1.00 -1.00 1 79 1.4358 -0.7243 0.000801
1770.00 P 20260821 -1.00 -1.00 2 113 1.3567 -0.7451 0.000809
1780.00 P 20260821 -1.00 -1.00 2 67 1.3535 -0.7515 0.000799
1790.00 P 20260821 -1.00 -1.00 1 68 1.4319 -0.7411 0.000773
1800.00 P 20260821 -1.00 -1.00 4 757 1.3355 -0.7670 0.000779
1810.00 P 20260821 -1.00 -1.00 1 87 1.3313 -0.7739 0.000768
1820.00 P 20260821 -1.00 -1.00 20 106 1.3568 -0.7737 0.000754
1830.00 P 20260821 -1.00 -1.00 1 122 1.3615 -0.7784 0.000742
1840.00 P 20260821 -1.00 -1.00 13 91 1.3377 -0.7899 0.000733
1850.00 P 20260821 -1.00 -1.00 5 317 1.3385 -0.7955 0.000721
1860.00 P 20260821 -1.00 -1.00 2 46 1.3521 -0.7979 0.000709
1870.00 P 20260821 -1.00 -1.00 1 52 1.3595 -0.8017 0.000698
1880.00 P 20260821 -1.00 -1.00 5 49 1.3613 -0.8070 0.000687
1890.00 P 20260821 -1.00 -1.00 4 35 1.3730 -0.8097 0.000676
1900.00 P 20260821 -1.00 -1.00 9 1670 1.4707 -0.7910 0.000664
1910.00 P 20260821 -1.00 -1.00 1 47 1.3631 -0.8237 0.000654
1920.00 P 20260821 -1.00 -1.00 2 31 1.4858 -0.7979 0.000645
1930.00 P 20260821 -1.00 -1.00 3 45 1.4390 -0.8147 0.000636
1940.00 P 20260821 -1.00 -1.00 1 49 1.3405 -0.8431 0.000620
1950.00 P 20260821 -1.00 -1.00 3 112 1.3557 -0.8437 0.000611
1960.00 P 20260821 -1.00 -1.00 8 71 1.3311 -0.8524 0.000597
565.00 C 20260807 -1.00 -1.00 -1 0 5.3506 0.9902 0.000042
570.00 C 20260807 -1.00 -1.00 4 1 5.1644 0.9917 0.000038
575.00 C 20260807 -1.00 -1.00 2 1 5.2262 0.9904 0.000043
580.00 C 20260807 -1.00 -1.00 1 1 4.8965 0.9933 0.000034
585.00 C 20260807 -1.00 -1.00 -1 0 5.3483 0.9877 0.000052
590.00 C 20260807 -1.00 -1.00 -1 0 -1.0000 -1.0000 -1.000000
595.00 C 20260807 -1.00 -1.00 1 1 4.6417 0.9939 0.000033
600.00 C 20260807 -1.00 -1.00 20 1 5.3399 0.9859 0.000059
605.00 C 20260807 -1.00 -1.00 -1 0 -1.0000 -1.0000 -1.000000
610.00 C 20260807 -1.00 -1.00 -1 0 -1.0000 -1.0000 -1.000000
615.00 C 20260807 -1.00 -1.00 -1 0 -1.0000 -1.0000 -1.000000
620.00 C 20260807 -1.00 -1.00 -1 0 -1.0000 -1.0000 -1.000000
625.00 C 20260807 -1.00 -1.00 -1 0 -1.0000 -1.0000 -1.000000
630.00 C 20260807 -1.00 -1.00 1 1 5.1537 0.9841 0.000068
635.00 C 20260807 -1.00 -1.00 -1 0 -1.0000 -1.0000 -1.000000
640.00 C 20260807 -1.00 -1.00 -1 0 4.9341 0.9853 0.000066
645.00 C 20260807 -1.00 -1.00 -1 0 -1.0000 -1.0000 -1.000000
650.00 C 20260807 -1.00 -1.00 1 1 4.9106 0.9843 0.000070
655.00 C 20260807 -1.00 -1.00 -1 0 -1.0000 -1.0000 -1.000000
657.50 C 20260807 -1.00 -1.00 -1 0 -1.0000 -1.0000 -1.000000
660.00 C 20260807 -1.00 -1.00 1 1 4.8493 0.9837 0.000073
662.50 C 20260807 -1.00 -1.00 -1 0 -1.0000 -1.0000 -1.000000
665.00 C 20260807 -1.00 -1.00 -1 0 -1.0000 -1.0000 -1.000000
667.50 C 20260807 -1.00 -1.00 -1 0 -1.0000 -1.0000 -1.000000
670.00 C 20260807 -1.00 -1.00 1 1 4.6880 0.9844 0.000073
672.50 C 20260807 -1.00 -1.00 -1 0 -1.0000 -1.0000 -1.000000
675.00 C 20260807 -1.00 -1.00 -1 0 -1.0000 -1.0000 -1.000000
677.50 C 20260807 -1.00 -1.00 -1 0 -1.0000 -1.0000 -1.000000
680.00 C 20260807 -1.00 -1.00 1 1 4.2666 0.9890 0.000059
682.50 C 20260807 -1.00 -1.00 -1 0 -1.0000 -1.0000 -1.000000
685.00 C 20260807 -1.00 -1.00 -1 0 4.0255 0.9922 0.000047
687.50 C 20260807 -1.00 -1.00 6 5 -1.0000 -1.0000 -1.000000
690.00 C 20260807 -1.00 -1.00 -1 0 4.1374 0.9896 0.000058
692.50 C 20260807 -1.00 -1.00 1 1 -1.0000 -1.0000 -1.000000
695.00 C 20260807 -1.00 -1.00 -1 0 4.6298 0.9817 0.000086
697.50 C 20260807 -1.00 -1.00 -1 0 4.1033 0.9890 0.000061
700.00 C 20260807 -1.00 -1.00 1 3 4.1453 0.9880 0.000066
702.50 C 20260807 -1.00 -1.00 -1 0 3.4417 0.9961 0.000029
705.00 C 20260807 -1.00 -1.00 4 2 3.8859 0.9917 0.000051
707.50 C 20260807 -1.00 -1.00 1 1 -1.0000 -1.0000 -1.000000
710.00 C 20260807 -1.00 -1.00 -1 0 3.3058 0.9970 0.000024
712.50 C 20260807 -1.00 -1.00 1 1 4.3290 0.9833 0.000084
715.00 C 20260807 -1.00 -1.00 -1 0 3.8227 0.9913 0.000054
717.50 C 20260807 -1.00 -1.00 -1 0 4.1681 0.9850 0.000079
720.00 C 20260807 -1.00 -1.00 3 3 3.2063 0.9973 0.000023
722.50 C 20260807 -1.00 -1.00 -1 0 3.9601 0.9877 0.000070
725.00 C 20260807 -1.00 -1.00 37 38 -1.0000 -1.0000 -1.000000
727.50 C 20260807 -1.00 -1.00 -1 0 3.3589 0.9950 0.000037
730.00 C 20260807 -1.00 -1.00 3 8 -1.0000 -1.0000 -1.000000
732.50 C 20260807 -1.00 -1.00 4 4 -1.0000 -1.0000 -1.000000
735.00 C 20260807 -1.00 -1.00 2 1 4.4262 0.9779 0.000105
737.50 C 20260807 -1.00 -1.00 -1 1 4.4050 0.9778 0.000106
740.00 C 20260807 -1.00 -1.00 2 2 -1.0000 -1.0000 -1.000000
742.50 C 20260807 -1.00 -1.00 -1 0 -1.0000 -1.0000 -1.000000
745.00 C 20260807 -1.00 -1.00 -1 0 4.0546 0.9827 0.000093
747.50 C 20260807 -1.00 -1.00 -1 0 3.6913 0.9887 0.000070
750.00 C 20260807 -1.00 -1.00 1 9 3.6021 0.9900 0.000064
755.00 C 20260807 -1.00 -1.00 -1 0 3.2903 0.9936 0.000048
760.00 C 20260807 -1.00 -1.00 1 1 3.7899 0.9848 0.000088
765.00 C 20260807 -1.00 -1.00 -1 0 3.4371 0.9910 0.000062
770.00 C 20260807 -1.00 -1.00 -1 0 3.4841 0.9892 0.000071
775.00 C 20260807 -1.00 -1.00 -1 0 3.4609 0.9888 0.000074
780.00 C 20260807 -1.00 -1.00 -1 0 2.9966 0.9949 0.000042
785.00 C 20260807 -1.00 -1.00 1 1 2.9660 0.9949 0.000043
790.00 C 20260807 -1.00 -1.00 1 1 2.3971 0.9992 0.000010
795.00 C 20260807 -1.00 -1.00 -1 0 3.2317 0.9905 0.000069
800.00 C 20260807 -1.00 -1.00 4 2052 2.9553 0.9937 0.000052
805.00 C 20260807 -1.00 -1.00 1 1 3.5989 0.9811 0.000113
810.00 C 20260807 -1.00 -1.00 1 2 -1.0000 -1.0000 -1.000000
815.00 C 20260807 -1.00 -1.00 1 16 3.2578 0.9864 0.000093
820.00 C 20260807 -1.00 -1.00 1 4 -1.0000 -1.0000 -1.000000
825.00 C 20260807 -1.00 -1.00 2 3 -1.0000 -1.0000 -1.000000
830.00 C 20260807 -1.00 -1.00 8 10 3.6612 0.9738 0.000145
835.00 C 20260807 -1.00 -1.00 48 24 3.1713 0.9848 0.000105
840.00 C 20260807 -1.00 -1.00 1 2 2.8934 0.9910 0.000074
565.00 P 20260807 -1.00 -1.00 13 14 3.8460 -0.0007 0.000006
570.00 P 20260807 -1.00 -1.00 1 58 3.7022 -0.0006 0.000005
575.00 P 20260807 -1.00 -1.00 45 164 3.9477 -0.0014 0.000010
580.00 P 20260807 -1.00 -1.00 40 69 3.6353 -0.0006 0.000005
585.00 P 20260807 -1.00 -1.00 88 118 3.6023 -0.0006 0.000005
590.00 P 20260807 -1.00 -1.00 1 99 3.8824 -0.0016 0.000011
595.00 P 20260807 -1.00 -1.00 33 216 3.6331 -0.0008 0.000006
600.00 P 20260807 -1.00 -1.00 18 1030 4.3607 -0.0046 0.000026
605.00 P 20260807 -1.00 -1.00 244 324 3.6069 -0.0010 0.000008
610.00 P 20260807 -1.00 -1.00 241 371 3.5307 -0.0008 0.000007
615.00 P 20260807 -1.00 -1.00 248 201 5.1977 -0.0144 0.000062
620.00 P 20260807 -1.00 -1.00 99 149 6.1792 -0.0296 0.000095
625.00 P 20260807 -1.00 -1.00 40 87 3.9983 -0.0034 0.000022
630.00 P 20260807 -1.00 -1.00 187 1090 4.9507 -0.0135 0.000061
635.00 P 20260807 -1.00 -1.00 145 230 4.5434 -0.0088 0.000046
640.00 P 20260807 -1.00 -1.00 280 383 4.3373 -0.0070 0.000040
645.00 P 20260807 -1.00 -1.00 51 182 3.8505 -0.0036 0.000024
650.00 P 20260807 -1.00 -1.00 455 1259 3.4328 -0.0016 0.000013
655.00 P 20260807 -1.00 -1.00 63 116 4.5806 -0.0121 0.000060
657.50 P 20260807 -1.00 -1.00 2 21 3.3847 -0.0016 0.000013
660.00 P 20260807 -1.00 -1.00 62 74 3.4903 -0.0021 0.000016
662.50 P 20260807 -1.00 -1.00 17 10 3.8575 -0.0049 0.000032
665.00 P 20260807 -1.00 -1.00 49 119 3.4985 -0.0023 0.000018
667.50 P 20260807 -1.00 -1.00 6 5 3.6165 -0.0030 0.000022
670.00 P 20260807 -1.00 -1.00 50 93 3.5991 -0.0030 0.000022
672.50 P 20260807 -1.00 -1.00 9 13 3.5818 -0.0031 0.000023
675.00 P 20260807 -1.00 -1.00 48 152 4.4597 -0.0132 0.000066
677.50 P 20260807 -1.00 -1.00 6 19 4.1202 -0.0083 0.000048
680.00 P 20260807 -1.00 -1.00 147 214 3.3234 -0.0020 0.000017
682.50 P 20260807 -1.00 -1.00 1 112 4.3489 -0.0127 0.000065
685.00 P 20260807 -1.00 -1.00 95 253 3.2527 -0.0019 0.000016
687.50 P 20260807 -1.00 -1.00 6 9 3.9560 -0.0074 0.000046
690.00 P 20260807 -1.00 -1.00 127 203 3.4336 -0.0029 0.000022
692.50 P 20260807 -1.00 -1.00 102 53 3.2069 -0.0019 0.000016
695.00 P 20260807 -1.00 -1.00 84 443 3.3494 -0.0026 0.000021
697.50 P 20260807 -1.00 -1.00 47 128 3.6702 -0.0057 0.000039
700.00 P 20260807 -1.00 -1.00 934 1254 3.7676 -0.0068 0.000044
702.50 P 20260807 -1.00 -1.00 77 141 3.2642 -0.0024 0.000020
705.00 P 20260807 -1.00 -1.00 150 794 3.3198 -0.0028 0.000023
707.50 P 20260807 -1.00 -1.00 21 17 3.1949 -0.0023 0.000020
710.00 P 20260807 -1.00 -1.00 1 362 3.3723 -0.0037 0.000029
712.50 P 20260807 -1.00 -1.00 5 12 3.2428 -0.0027 0.000022
715.00 P 20260807 -1.00 -1.00 90 179 3.1112 -0.0022 0.000019
717.50 P 20260807 -1.00 -1.00 4 4 3.7782 -0.0082 0.000052
720.00 P 20260807 -1.00 -1.00 19 202 3.2648 -0.0033 0.000027
722.50 P 20260807 -1.00 -1.00 41 30 3.6709 -0.0076 0.000050
725.00 P 20260807 -1.00 -1.00 86 168 3.2467 -0.0035 0.000028
727.50 P 20260807 -1.00 -1.00 5 29 3.2027 -0.0032 0.000027
730.00 P 20260807 -1.00 -1.00 14 293 3.2427 -0.0039 0.000031
732.50 P 20260807 -1.00 -1.00 60 31 4.1488 -0.0169 0.000089
735.00 P 20260807 -1.00 -1.00 22 63 3.2806 -0.0047 0.000036
737.50 P 20260807 -1.00 -1.00 21 9 3.8356 -0.0125 0.000073
740.00 P 20260807 -1.00 -1.00 53 155 3.6502 -0.0093 0.000060
742.50 P 20260807 -1.00 -1.00 12 8 3.8229 -0.0130 0.000076
745.00 P 20260807 -1.00 -1.00 46 60 3.6322 -0.0098 0.000063
747.50 P 20260807 -1.00 -1.00 38 34 3.1599 -0.0043 0.000035
750.00 P 20260807 -1.00 -1.00 2 2781 3.1167 -0.0040 0.000033
755.00 P 20260807 -1.00 -1.00 39 36 3.0995 -0.0042 0.000035
760.00 P 20260807 -1.00 -1.00 68 111 3.3427 -0.0073 0.000053
765.00 P 20260807 -1.00 -1.00 23 15 3.1200 -0.0053 0.000042
770.00 P 20260807 -1.00 -1.00 159 737 3.0349 -0.0047 0.000039
775.00 P 20260807 -1.00 -1.00 25 44 3.0588 -0.0054 0.000044
780.00 P 20260807 -1.00 -1.00 1 264 3.0286 -0.0055 0.000045
785.00 P 20260807 -1.00 -1.00 16 18 2.9042 -0.0043 0.000038
790.00 P 20260807 -1.00 -1.00 85 156 3.0223 -0.0062 0.000050
795.00 P 20260807 -1.00 -1.00 1 262 2.8854 -0.0049 0.000043
800.00 P 20260807 -1.00 -1.00 72 8425 2.8961 -0.0055 0.000047
805.00 P 20260807 -1.00 -1.00 1 148 2.8801 -0.0057 0.000049
810.00 P 20260807 -1.00 -1.00 198 235 2.9703 -0.0073 0.000059
815.00 P 20260807 -1.00 -1.00 1 70 2.8617 -0.0064 0.000054
820.00 P 20260807 -1.00 -1.00 195 170 2.8592 -0.0068 0.000058
825.00 P 20260807 -1.00 -1.00 1 118 2.8829 -0.0075 0.000063
830.00 P 20260807 -1.00 -1.00 4 445 2.8410 -0.0074 0.000063
835.00 P 20260807 -1.00 -1.00 6 81 2.8255 -0.0077 0.000065
840.00 P 20260807 -1.00 -1.00 16 423 2.8930 -0.0090 0.000074
565.00 C 20260814 -1.00 -1.00 1 1 2.6314 0.9921 0.000037
570.00 C 20260814 -1.00 -1.00 -1 0 2.6136 0.9919 0.000038
575.00 C 20260814 -1.00 -1.00 -1 1 2.2154 0.9970 0.000018
580.00 C 20260814 -1.00 -1.00 -1 0 2.1772 0.9973 0.000017
585.00 C 20260814 -1.00 -1.00 1 1 -1.0000 -1.0000 -1.000000
590.00 C 20260814 -1.00 -1.00 6 6 -1.0000 -1.0000 -1.000000
595.00 C 20260814 -1.00 -1.00 3 3 2.5132 0.9911 0.000042
600.00 C 20260814 -1.00 -1.00 -1 0 2.4963 0.9908 0.000044
605.00 C 20260814 -1.00 -1.00 -1 1 -1.0000 -1.0000 -1.000000
610.00 C 20260814 -1.00 -1.00 -1 0 2.2687 0.9940 0.000033
615.00 C 20260814 -1.00 -1.00 3 2 2.2157 0.9944 0.000032
620.00 C 20260814 -1.00 -1.00 1 0 2.4705 0.9888 0.000052
625.00 C 20260814 -1.00 -1.00 2 2 2.2041 0.9939 0.000034
630.00 C 20260814 -1.00 -1.00 1 1 -1.0000 -1.0000 -1.000000
635.00 C 20260814 -1.00 -1.00 1 1 2.5410 0.9852 0.000065
640.00 C 20260814 -1.00 -1.00 1 1 -1.0000 -1.0000 -1.000000
645.00 C 20260814 -1.00 -1.00 -1 0 -1.0000 -1.0000 -1.000000
650.00 C 20260814 -1.00 -1.00 1 1 -1.0000 -1.0000 -1.000000
655.00 C 20260814 -1.00 -1.00 -1 0 -1.0000 -1.0000 -1.000000
657.50 C 20260814 -1.00 -1.00 1 1 -1.0000 -1.0000 -1.000000
660.00 C 20260814 -1.00 -1.00 2 2 2.6169 0.9795 0.000084
662.50 C 20260814 -1.00 -1.00 -1 0 2.1584 0.9917 0.000047
665.00 C 20260814 -1.00 -1.00 -1 0 -1.0000 -1.0000 -1.000000
667.50 C 20260814 -1.00 -1.00 1 1 -1.0000 -1.0000 -1.000000
670.00 C 20260814 -1.00 -1.00 1 1 -1.0000 -1.0000 -1.000000
672.50 C 20260814 -1.00 -1.00 1 0 2.2639 0.9871 0.000065
675.00 C 20260814 -1.00 -1.00 -1 0 -1.0000 -1.0000 -1.000000
677.50 C 20260814 -1.00 -1.00 1 0 -1.0000 -1.0000 -1.000000
680.00 C 20260814 -1.00 -1.00 -1 0 -1.0000 -1.0000 -1.000000
682.50 C 20260814 -1.00 -1.00 -1 0 -1.0000 -1.0000 -1.000000
685.00 C 20260814 -1.00 -1.00 -1 0 2.2746 0.9851 0.000073
687.50 C 20260814 -1.00 -1.00 1 1 2.4225 0.9810 0.000086
690.00 C 20260814 -1.00 -1.00 -1 0 2.3864 0.9815 0.000085
692.50 C 20260814 -1.00 -1.00 1 1 -1.0000 -1.0000 -1.000000
695.00 C 20260814 -1.00 -1.00 -1 0 2.4786 0.9769 0.000098
697.50 C 20260814 -1.00 -1.00 -1 0 -1.0000 -1.0000 -1.000000
700.00 C 20260814 -1.00 -1.00 1 6 2.5750 0.9716 0.000112
702.50 C 20260814 -1.00 -1.00 -1 0 -1.0000 -1.0000 -1.000000
705.00 C 20260814 -1.00 -1.00 -1 0 2.1850 0.9848 0.000078
707.50 C 20260814 -1.00 -1.00 -1 0 2.0376 0.9890 0.000063
710.00 C 20260814 -1.00 -1.00 -1 0 2.2393 0.9825 0.000086
712.50 C 20260814 -1.00 -1.00 -1 0 2.2352 0.9823 0.000087
715.00 C 20260814 -1.00 -1.00 1 1 -1.0000 -1.0000 -1.000000
717.50 C 20260814 -1.00 -1.00 -1 0 -1.0000 -1.0000 -1.000000
720.00 C 20260814 -1.00 -1.00 -1 0 2.1489 0.9837 0.000084
722.50 C 20260814 -1.00 -1.00 -1 0 2.1450 0.9834 0.000085
725.00 C 20260814 -1.00 -1.00 -1 0 2.1411 0.9832 0.000087
727.50 C 20260814 -1.00 -1.00 -1 0 2.2753 0.9784 0.000102
730.00 C 20260814 -1.00 -1.00 -1 0 2.2550 0.9788 0.000101
732.50 C 20260814 -1.00 -1.00 -1 0 1.9949 0.9867 0.000076
735.00 C 20260814 -1.00 -1.00 -1 0 1.6044 0.9967 0.000028
737.50 C 20260814 -1.00 -1.00 1 1 2.1708 0.9805 0.000098
740.00 C 20260814 -1.00 -1.00 1 3 2.1365 0.9811 0.000097
742.50 C 20260814 -1.00 -1.00 -1 0 2.2586 0.9753 0.000114
745.00 C 20260814 -1.00 -1.00 1 2 2.2143 0.9769 0.000110
747.50 C 20260814 -1.00 -1.00 -1 0 2.1008 0.9810 0.000098
750.00 C 20260814 -1.00 -1.00 1 3 2.0911 0.9810 0.000099
755.00 C 20260814 -1.00 -1.00 -1 0 -1.0000 -1.0000 -1.000000
760.00 C 20260814 -1.00 -1.00 1 100 2.0883 0.9796 0.000106
765.00 C 20260814 -1.00 -1.00 -1 1 2.1623 0.9743 0.000123
770.00 C 20260814 -1.00 -1.00 1 1 2.1652 0.9728 0.000128
775.00 C 20260814 -1.00 -1.00 -1 0 2.1264 0.9735 0.000128
780.00 C 20260814 -1.00 -1.00 1 2 0.0011 1.0000 -0.000000
785.00 C 20260814 -1.00 -1.00 -1 0 2.0998 0.9722 0.000135
790.00 C 20260814 -1.00 -1.00 6 37 1.8921 0.9812 0.000108
795.00 C 20260814 -1.00 -1.00 -1 0 2.0912 0.9699 0.000144
800.00 C 20260814 -1.00 -1.00 6 36 -1.0000 -1.0000 -1.000000
805.00 C 20260814 -1.00 -1.00 -1 0 -1.0000 -1.0000 -1.000000
810.00 C 20260814 -1.00 -1.00 2 1 -1.0000 -1.0000 -1.000000
815.00 C 20260814 -1.00 -1.00 1 1 1.9149 0.9747 0.000137
820.00 C 20260814 -1.00 -1.00 1 1 1.8983 0.9742 0.000140
825.00 C 20260814 -1.00 -1.00 -1 0 -1.0000 -1.0000 -1.000000
830.00 C 20260814 -1.00 -1.00 1 3 2.0002 0.9651 0.000171
835.00 C 20260814 -1.00 -1.00 1 1 1.6233 0.9842 0.000108
840.00 C 20260814 -1.00 -1.00 -1 0 -1.0000 -1.0000 -1.000000
565.00 P 20260814 -1.00 -1.00 -1 0 2.8958 -0.0134 0.000053
570.00 P 20260814 -1.00 -1.00 -1 0 2.8915 -0.0139 0.000054
575.00 P 20260814 -1.00 -1.00 3 1 2.5941 -0.0083 0.000039
580.00 P 20260814 -1.00 -1.00 86 84 2.4246 -0.0060 0.000031
585.00 P 20260814 -1.00 -1.00 -1 0 2.5434 -0.0084 0.000040
590.00 P 20260814 -1.00 -1.00 5 8 2.5303 -0.0087 0.000041
595.00 P 20260814 -1.00 -1.00 16 19 2.3449 -0.0060 0.000032
600.00 P 20260814 -1.00 -1.00 35 167 2.2211 -0.0047 0.000027
605.00 P 20260814 -1.00 -1.00 16 16 2.4208 -0.0079 0.000040
610.00 P 20260814 -1.00 -1.00 -1 0 2.4691 -0.0098 0.000047
615.00 P 20260814 -1.00 -1.00 -1 0 2.3694 -0.0078 0.000040
620.00 P 20260814 -1.00 -1.00 13 151 2.1648 -0.0052 0.000030
625.00 P 20260814 -1.00 -1.00 10 26 2.3256 -0.0080 0.000042
630.00 P 20260814 -1.00 -1.00 1 11 2.3039 -0.0081 0.000043
635.00 P 20260814 -1.00 -1.00 1 1 2.2825 -0.0081 0.000043
640.00 P 20260814 -1.00 -1.00 10 62 2.1409 -0.0062 0.000036
645.00 P 20260814 -1.00 -1.00 -1 0 2.2531 -0.0087 0.000046
650.00 P 20260814 -1.00 -1.00 5 114 2.1178 -0.0065 0.000038
655.00 P 20260814 -1.00 -1.00 4 3 2.2113 -0.0088 0.000048
657.50 P 20260814 -1.00 -1.00 1 1 2.2009 -0.0089 0.000048
660.00 P 20260814 -1.00 -1.00 5 12 2.1906 -0.0089 0.000049
662.50 P 20260814 -1.00 -1.00 -1 0 2.1932 -0.0094 0.000051
665.00 P 20260814 -1.00 -1.00 1 3 2.1829 -0.0094 0.000051
667.50 P 20260814 -1.00 -1.00 -1 0 2.1727 -0.0095 0.000052
670.00 P 20260814 -1.00 -1.00 2 6 2.1497 -0.0091 0.000051
672.50 P 20260814 -1.00 -1.00 3 3 2.1080 -0.0081 0.000047
675.00 P 20260814 -1.00 -1.00 13 14 1.9580 -0.0057 0.000037
677.50 P 20260814 -1.00 -1.00 1 1 2.0944 -0.0084 0.000049
680.00 P 20260814 -1.00 -1.00 29 31 2.1131 -0.0094 0.000053
682.50 P 20260814 -1.00 -1.00 -1 0 2.0936 -0.0091 0.000052
685.00 P 20260814 -1.00 -1.00 3 9 2.0773 -0.0089 0.000052
687.50 P 20260814 -1.00 -1.00 -1 0 2.0737 -0.0092 0.000053
690.00 P 20260814 -1.00 -1.00 40 44 2.0702 -0.0094 0.000054
692.50 P 20260814 -1.00 -1.00 -1 0 2.0509 -0.0092 0.000053
695.00 P 20260814 -1.00 -1.00 23 22 2.0412 -0.0092 0.000054
697.50 P 20260814 -1.00 -1.00 2 7 2.0502 -0.0099 0.000057
700.00 P 20260814 -1.00 -1.00 7 225 2.0436 -0.0100 0.000058
702.50 P 20260814 -1.00 -1.00 1 44 2.0433 -0.0104 0.000060
705.00 P 20260814 -1.00 -1.00 -1 0 2.0336 -0.0105 0.000060
707.50 P 20260814 -1.00 -1.00 1 55 2.0177 -0.0103 0.000060
710.00 P 20260814 -1.00 -1.00 1 18 2.0268 -0.0110 0.000063
712.50 P 20260814 -1.00 -1.00 -1 0 2.0203 -0.0111 0.000064
715.00 P 20260814 -1.00 -1.00 1 15 2.0169 -0.0114 0.000065
717.50 P 20260814 -1.00 -1.00 1 1 2.0074 -0.0115 0.000066
720.00 P 20260814 -1.00 -1.00 5 13 2.0009 -0.0116 0.000067
722.50 P 20260814 -1.00 -1.00 -1 0 2.0407 -0.0133 0.000074
725.00 P 20260814 -1.00 -1.00 4 59 1.9974 -0.0123 0.000070
727.50 P 20260814 -1.00 -1.00 -1 0 1.9940 -0.0125 0.000072
730.00 P 20260814 -1.00 -1.00 39 40 1.9877 -0.0127 0.000073
732.50 P 20260814 -1.00 -1.00 3 2 1.9875 -0.0131 0.000075
735.00 P 20260814 -1.00 -1.00 6 2 1.9872 -0.0134 0.000076
737.50 P 20260814 -1.00 -1.00 -1 0 1.9809 -0.0136 0.000077
740.00 P 20260814 -1.00 -1.00 7 244 1.9746 -0.0138 0.000079
742.50 P 20260814 -1.00 -1.00 -1 0 1.9653 -0.0138 0.000079
745.00 P 20260814 -1.00 -1.00 156 4168 1.9682 -0.0143 0.000082
747.50 P 20260814 -1.00 -1.00 4 4 1.9680 -0.0147 0.000084
750.00 P 20260814 -1.00 -1.00 4 259 2.0131 -0.0166 0.000091
755.00 P 20260814 -1.00 -1.00 1 1 1.9554 -0.0154 0.000088
760.00 P 20260814 -1.00 -1.00 7 88 1.9580 -0.0163 0.000092
765.00 P 20260814 -1.00 -1.00 4 8 1.9487 -0.0168 0.000095
770.00 P 20260814 -1.00 -1.00 11 54 1.9574 -0.0178 0.000100
775.00 P 20260814 -1.00 -1.00 8 12 1.9422 -0.0181 0.000102
780.00 P 20260814 -1.00 -1.00 10 34 1.9330 -0.0186 0.000105
785.00 P 20260814 -1.00 -1.00 1 4 1.9269 -0.0192 0.000108
790.00 P 20260814 -1.00 -1.00 17 46 1.8266 -0.0164 0.000099
795.00 P 20260814 -1.00 -1.00 20 7 1.8883 -0.0194 0.000112
800.00 P 20260814 -1.00 -1.00 11 579 1.9203 -0.0213 0.000119
805.00 P 20260814 -1.00 -1.00 10 34 1.9201 -0.0227 0.000125
810.00 P 20260814 -1.00 -1.00 5 31 1.9007 -0.0229 0.000128
815.00 P 20260814 -1.00 -1.00 13 50 1.8814 -0.0231 0.000130
820.00 P 20260814 -1.00 -1.00 19 34 1.8738 -0.0241 0.000135
825.00 P 20260814 -1.00 -1.00 16 124 1.8634 -0.0249 0.000139
830.00 P 20260814 -1.00 -1.00 1 16 1.8702 -0.0269 0.000147
835.00 P 20260814 -1.00 -1.00 36 41 1.8398 -0.0264 0.000148
840.00 P 20260814 -1.00 -1.00 47 69 1.8410 -0.0280 0.000155
570.00 C 20260821 -1.00 -1.00 1 10 -1.0000 -1.0000 -1.000000
580.00 C 20260821 -1.00 -1.00 1 9 1.8781 0.9934 0.000033
590.00 C 20260821 -1.00 -1.00 1 60 2.0299 0.9879 0.000052
600.00 C 20260821 -1.00 -1.00 1 68 -1.0000 -1.0000 -1.000000
610.00 C 20260821 -1.00 -1.00 2 20 1.7939 0.9928 0.000038
620.00 C 20260821 -1.00 -1.00 8 32 2.0361 0.9840 0.000066
630.00 C 20260821 -1.00 -1.00 1 85 1.8478 0.9883 0.000055
640.00 C 20260821 -1.00 -1.00 1 160 1.9231 0.9846 0.000068
650.00 C 20260821 -1.00 -1.00 1 8 1.8381 0.9860 0.000065
660.00 C 20260821 -1.00 -1.00 1 28 1.7694 0.9870 0.000063
670.00 C 20260821 -1.00 -1.00 1 55 1.8826 0.9819 0.000080
680.00 C 20260821 -1.00 -1.00 1 45 1.8194 0.9826 0.000080
690.00 C 20260821 -1.00 -1.00 1 45 -1.0000 -1.0000 -1.000000
700.00 C 20260821 -1.00 -1.00 1 37 -1.0000 -1.0000 -1.000000
710.00 C 20260821 -1.00 -1.00 1 128 -1.0000 -1.0000 -1.000000
720.00 C 20260821 -1.00 -1.00 1 40 1.7422 0.9792 0.000097
730.00 C 20260821 -1.00 -1.00 1 124 -1.0000 -1.0000 -1.000000
740.00 C 20260821 -1.00 -1.00 1 23 -1.0000 -1.0000 -1.000000
750.00 C 20260821 -1.00 -1.00 5 25 -1.0000 -1.0000 -1.000000
760.00 C 20260821 -1.00 -1.00 1 16 -1.0000 -1.0000 -1.000000
770.00 C 20260821 -1.00 -1.00 1 8 1.8054 0.9625 0.000153
780.00 C 20260821 -1.00 -1.00 2 51 1.7339 0.9641 0.000153
790.00 C 20260821 -1.00 -1.00 25 143 1.7218 0.9623 0.000161
800.00 C 20260821 -1.00 -1.00 1 172 1.6117 0.9667 0.000154
810.00 C 20260821 -1.00 -1.00 1 18 1.7312 0.9565 0.000181
820.00 C 20260821 -1.00 -1.00 2 35 1.7171 0.9547 0.000189
830.00 C 20260821 -1.00 -1.00 2 42 1.5960 0.9595 0.000184
840.00 C 20260821 -1.00 -1.00 1 23 1.2791 0.9807 0.000124
570.00 P 20260821 -1.00 -1.00 14 171 1.9579 -0.0074 0.000035
580.00 P 20260821 -1.00 -1.00 8 601 1.8324 -0.0059 0.000031
590.00 P 20260821 -1.00 -1.00 4 125 1.9337 -0.0092 0.000043
600.00 P 20260821 -1.00 -1.00 5 759 1.8546 -0.0079 0.000039
610.00 P 20260821 -1.00 -1.00 14 250 1.8154 -0.0079 0.000040
620.00 P 20260821 -1.00 -1.00 19 318 1.8251 -0.0095 0.000047
630.00 P 20260821 -1.00 -1.00 7 79 1.8069 -0.0103 0.000050
640.00 P 20260821 -1.00 -1.00 4 54 1.7640 -0.0101 0.000051
650.00 P 20260821 -1.00 -1.00 2 343 1.7516 -0.0110 0.000055
660.00 P 20260821 -1.00 -1.00 2 210 1.7615 -0.0128 0.000062
670.00 P 20260821 -1.00 -1.00 4 183 1.7566 -0.0140 0.000068
680.00 P 20260821 -1.00 -1.00 3 223 1.7154 -0.0139 0.000069
690.00 P 20260821 -1.00 -1.00 12 550 1.7085 -0.0150 0.000074
700.00 P 20260821 -1.00 -1.00 13 3101 1.7542 -0.0180 0.000085
710.00 P 20260821 -1.00 -1.00 1 223 1.7045 -0.0177 0.000086
720.00 P 20260821 -1.00 -1.00 2 114 1.7026 -0.0190 0.000092
730.00 P 20260821 -1.00 -1.00 15 301 1.6820 -0.0197 0.000097
740.00 P 20260821 -1.00 -1.00 20 98 1.6717 -0.0212 0.000103
750.00 P 20260821 -1.00 -1.00 167 816 1.6719 -0.0239 0.000113
760.00 P 20260821 -1.00 -1.00 3 198 1.6538 -0.0253 0.000120
770.00 P 20260821 -1.00 -1.00 78 246 1.6268 -0.0261 0.000125
780.00 P 20260821 -1.00 -1.00 27 179 1.6115 -0.0278 0.000133
790.00 P 20260821 -1.00 -1.00 15 115 1.5964 -0.0295 0.000141
800.00 P 20260821 -1.00 -1.00 2 4558 1.6149 -0.0335 0.000155
810.00 P 20260821 -1.00 -1.00 3 154 1.6089 -0.0359 0.000165
820.00 P 20260821 -1.00 -1.00 41 122 1.6029 -0.0382 0.000174
830.00 P 20260821 -1.00 -1.00 6 190 1.5860 -0.0398 0.000183
840.00 P 20260821 -1.00 -1.00 1 92 1.5694 -0.0415 0.000191
1965.00 C 20260807 -1.00 -1.00 24 53 2.1825 0.0333 0.000299
1970.00 C 20260807 -1.00 -1.00 26 44 2.2457 0.0359 0.000310
1975.00 C 20260807 -1.00 -1.00 37 37 2.2183 0.0336 0.000296
1980.00 C 20260807 -1.00 -1.00 26 52 2.2344 0.0336 0.000294
1985.00 C 20260807 -1.00 -1.00 16 32 2.2035 0.0311 0.000279
1990.00 C 20260807 -1.00 -1.00 2 69 2.2015 0.0301 0.000271
1995.00 C 20260807 -1.00 -1.00 59 126 2.1744 0.0277 0.000256
2000.00 C 20260807 -1.00 -1.00 191 2744 2.1688 0.0266 0.000247
2005.00 C 20260807 -1.00 -1.00 99 144 2.1633 0.0254 0.000238
2010.00 C 20260807 -1.00 -1.00 46 72 2.1793 0.0255 0.000237
2015.00 C 20260807 -1.00 -1.00 212 661 2.1810 0.0247 0.000231
2020.00 C 20260807 -1.00 -1.00 26 71 2.1933 0.0246 0.000228
2025.00 C 20260807 -1.00 -1.00 41 101 2.1985 0.0240 0.000224
2030.00 C 20260807 -1.00 -1.00 39 74 2.1965 0.0231 0.000216
2035.00 C 20260807 -1.00 -1.00 1 106 2.1875 0.0217 0.000206
2040.00 C 20260807 -1.00 -1.00 61 74 2.1998 0.0216 0.000204
2045.00 C 20260807 -1.00 -1.00 65 71 2.2156 0.0217 0.000203
2050.00 C 20260807 -1.00 -1.00 154 179 2.2491 0.0229 0.000209
2055.00 C 20260807 -1.00 -1.00 26 35 2.2258 0.0206 0.000194
2060.00 C 20260807 -1.00 -1.00 28 42 2.2238 0.0197 0.000187
2065.00 C 20260807 -1.00 -1.00 3 38 2.2996 0.0234 0.000209
2070.00 C 20260807 -1.00 -1.00 63 62 2.2516 0.0197 0.000185
2075.00 C 20260807 -1.00 -1.00 40 126 2.2708 0.0201 0.000186
2080.00 C 20260807 -1.00 -1.00 51 56 2.2301 0.0167 0.000163
2085.00 C 20260807 -1.00 -1.00 16 63 2.2351 0.0162 0.000159
2090.00 C 20260807 -1.00 -1.00 163 175 2.2648 0.0172 0.000165
2095.00 C 20260807 -1.00 -1.00 27 35 2.2557 0.0159 0.000155
2100.00 C 20260807 -1.00 -1.00 63 438 2.2550 0.0151 0.000149
2105.00 C 20260807 -1.00 -1.00 46 65 2.2762 0.0155 0.000151
2110.00 C 20260807 -1.00 -1.00 80 107 2.3197 0.0174 0.000162
2120.00 C 20260807 -1.00 -1.00 12 25 2.3470 0.0174 0.000161
2130.00 C 20260807 -1.00 -1.00 34 162 2.2593 0.0132 0.000131
2140.00 C 20260807 -1.00 -1.00 1 148 2.1825 0.0103 0.000108
2150.00 C 20260807 -1.00 -1.00 49 217 2.2272 0.0109 0.000112
2160.00 C 20260807 -1.00 -1.00 12 37 2.4928 0.0199 0.000168
2170.00 C 20260807 -1.00 -1.00 100 75 2.2757 0.0110 0.000110
2180.00 C 20260807 -1.00 -1.00 1 82 2.1916 0.0077 0.000084
2190.00 C 20260807 -1.00 -1.00 18 70 2.4040 0.0133 0.000124
2200.00 C 20260807 -1.00 -1.00 1 988 2.2479 0.0081 0.000085
2210.00 C 20260807 -1.00 -1.00 2 155 2.2839 0.0085 0.000088
2220.00 C 20260807 -1.00 -1.00 48 100 2.3356 0.0094 0.000093
2230.00 C 20260807 -1.00 -1.00 218 282 2.2522 0.0062 0.000067
2240.00 C 20260807 -1.00 -1.00 1 40 2.4304 0.0108 0.000102
1965.00 P 20260807 -1.00 -1.00 2 0 -1.0000 -1.0000 -1.000000
1970.00 P 20260807 -1.00 -1.00 4 16 -1.0000 -1.0000 -1.000000
1975.00 P 20260807 -1.00 -1.00 5 11 -1.0000 -1.0000 -1.000000
1980.00 P 20260807 -1.00 -1.00 1 4 2.4547 -0.9494 0.000374
1985.00 P 20260807 -1.00 -1.00 6 6 -1.0000 -1.0000 -1.000000
1990.00 P 20260807 -1.00 -1.00 2 20 -1.0000 -1.0000 -1.000000
1995.00 P 20260807 -1.00 -1.00 1 0 -1.0000 -1.0000 -1.000000
2000.00 P 20260807 -1.00 -1.00 6 7 -1.0000 -1.0000 -1.000000
2005.00 P 20260807 -1.00 -1.00 2 0 -1.0000 -1.0000 -1.000000
2010.00 P 20260807 -1.00 -1.00 2 2 -1.0000 -1.0000 -1.000000
2015.00 P 20260807 -1.00 -1.00 1 1 2.4539 -0.9603 0.000313
2020.00 P 20260807 -1.00 -1.00 2 2 -1.0000 -1.0000 -1.000000
2025.00 P 20260807 -1.00 -1.00 7 0 -1.0000 -1.0000 -1.000000
2030.00 P 20260807 -1.00 -1.00 1 2 -1.0000 -1.0000 -1.000000
2035.00 P 20260807 -1.00 -1.00 1 3 -1.0000 -1.0000 -1.000000
2040.00 P 20260807 -1.00 -1.00 1 0 -1.0000 -1.0000 -1.000000
2045.00 P 20260807 -1.00 -1.00 1 0 2.4953 -0.9637 0.000286
2050.00 P 20260807 -1.00 -1.00 11 7 2.6473 -0.9530 0.000328
2055.00 P 20260807 -1.00 -1.00 1 1 2.1433 -0.9853 0.000161
2060.00 P 20260807 -1.00 -1.00 2 6 2.6681 -0.9540 0.000320
2065.00 P 20260807 -1.00 -1.00 1 2 2.4147 -0.9708 0.000246
2070.00 P 20260807 -1.00 -1.00 1 0 -1.0000 -1.0000 -1.000000
2075.00 P 20260807 -1.00 -1.00 1 1 -1.0000 -1.0000 -1.000000
2080.00 P 20260807 -1.00 -1.00 1 2 2.5075 -0.9682 0.000254
2085.00 P 20260807 -1.00 -1.00 2 1 -1.0000 -1.0000 -1.000000
2090.00 P 20260807 -1.00 -1.00 1 0 -1.0000 -1.0000 -1.000000
2095.00 P 20260807 -1.00 -1.00 1 1 3.0199 -0.9352 0.000368
2100.00 P 20260807 -1.00 -1.00 8 33 -1.0000 -1.0000 -1.000000
2105.00 P 20260807 -1.00 -1.00 1 0 -1.0000 -1.0000 -1.000000
2110.00 P 20260807 -1.00 -1.00 1 1 2.3215 -0.9832 0.000164
2120.00 P 20260807 -1.00 -1.00 1 2 2.6157 -0.9685 0.000241
2130.00 P 20260807 -1.00 -1.00 1 0 -1.0000 -1.0000 -1.000000
2140.00 P 20260807 -1.00 -1.00 2 0 -1.0000 -1.0000 -1.000000
2150.00 P 20260807 -1.00 -1.00 1 0 -1.0000 -1.0000 -1.000000
2160.00 P 20260807 -1.00 -1.00 2 0 -1.0000 -1.0000 -1.000000
2170.00 P 20260807 -1.00 -1.00 1 0 -1.0000 -1.0000 -1.000000
2180.00 P 20260807 -1.00 -1.00 1 5 -1.0000 -1.0000 -1.000000
2190.00 P 20260807 -1.00 -1.00 1 0 -1.0000 -1.0000 -1.000000
2200.00 P 20260807 -1.00 -1.00 1 4 3.0396 -0.9589 0.000259
2210.00 P 20260807 -1.00 -1.00 1 0 3.2424 -0.9456 0.000299
2220.00 P 20260807 -1.00 -1.00 2 2 -1.0000 -1.0000 -1.000000
2230.00 P 20260807 -1.00 -1.00 1 1 -1.0000 -1.0000 -1.000000
2240.00 P 20260807 -1.00 -1.00 -1 0 -1.0000 -1.0000 -1.000000
1965.00 C 20260814 -1.00 -1.00 2 9 1.5650 0.1122 0.000541
1970.00 C 20260814 -1.00 -1.00 2 7 1.5629 0.1096 0.000533
1975.00 C 20260814 -1.00 -1.00 13 111 1.5428 0.1035 0.000519
1980.00 C 20260814 -1.00 -1.00 3 17 1.5365 0.1000 0.000509
1985.00 C 20260814 -1.00 -1.00 2 7 1.5365 0.0979 0.000502
1990.00 C 20260814 -1.00 -1.00 6 25 1.5694 0.1025 0.000507
1995.00 C 20260814 -1.00 -1.00 6 6 1.5578 0.0980 0.000496
2000.00 C 20260814 -1.00 -1.00 9 498 1.5547 0.0952 0.000487
2005.00 C 20260814 -1.00 -1.00 1 57 1.5758 0.0974 0.000488
2010.00 C 20260814 -1.00 -1.00 14 134 1.5811 0.0964 0.000483
2015.00 C 20260814 -1.00 -1.00 7 17 1.5832 0.0947 0.000477
2020.00 C 20260814 -1.00 -1.00 18 144 1.5538 0.0864 0.000458
2025.00 C 20260814 -1.00 -1.00 11 22 1.5432 0.0838 0.000449
2030.00 C 20260814 -1.00 -1.00 7 12 1.5906 0.0900 0.000459
2035.00 C 20260814 -1.00 -1.00 1 7 1.5552 0.0830 0.000442
2040.00 C 20260814 -1.00 -1.00 3 6 1.5567 0.0820 0.000437
2045.00 C 20260814 -1.00 -1.00 11 14 1.5401 0.0787 0.000427
2050.00 C 20260814 -1.00 -1.00 25 31 1.5470 0.0784 0.000423
2055.00 C 20260814 -1.00 -1.00 6 6 1.5970 0.0836 0.000433
2060.00 C 20260814 -1.00 -1.00 12 11 1.5391 0.0749 0.000410
2065.00 C 20260814 -1.00 -1.00 11 24 1.5944 0.0810 0.000422
2070.00 C 20260814 -1.00 -1.00 1 24 1.6012 0.0807 0.000419
2075.00 C 20260814 -1.00 -1.00 1 6 1.5364 0.0710 0.000393
2080.00 C 20260814 -1.00 -1.00 4 6 1.5361 0.0697 0.000387
2085.00 C 20260814 -1.00 -1.00 1 8 1.5394 0.0690 0.000383
2090.00 C 20260814 -1.00 -1.00 25 15 1.5818 0.0736 0.000393
2095.00 C 20260814 -1.00 -1.00 2 37 1.5886 0.0733 0.000390
2100.00 C 20260814 -1.00 -1.00 4 193 1.5864 0.0719 0.000384
2105.00 C 20260814 -1.00 -1.00 4 7 1.5861 0.0707 0.000379
2110.00 C 20260814 -1.00 -1.00 3 7 1.5360 0.0625 0.000354
2120.00 C 20260814 -1.00 -1.00 1 16 1.5885 0.0675 0.000365
2130.00 C 20260814 -1.00 -1.00 2 10 1.5630 0.0616 0.000344
2140.00 C 20260814 -1.00 -1.00 6 62 1.5835 0.0622 0.000343
2150.00 C 20260814 -1.00 -1.00 2 66 1.5529 0.0554 0.000319
2160.00 C 20260814 -1.00 -1.00 1 23 1.5821 0.0574 0.000322
2170.00 C 20260814 -1.00 -1.00 3 3 1.5954 0.0570 0.000317
2180.00 C 20260814 -1.00 -1.00 1 93 1.5981 0.0551 0.000308
2190.00 C 20260814 -1.00 -1.00 2 14 1.5695 0.0485 0.000285
2200.00 C 20260814 -1.00 -1.00 4 198 1.5775 0.0474 0.000278
2210.00 C 20260814 -1.00 -1.00 13 15 1.5976 0.0481 0.000278
2220.00 C 20260814 -1.00 -1.00 1 16 1.6055 0.0471 0.000272
2230.00 C 20260814 -1.00 -1.00 1 80 1.5944 0.0431 0.000257
2240.00 C 20260814 -1.00 -1.00 4 11 1.6108 0.0433 0.000255
1965.00 P 20260814 -1.00 -1.00 1 11 1.3980 -0.9219 0.000481
1970.00 P 20260814 -1.00 -1.00 1 73 1.3979 -0.9233 0.000474
1975.00 P 20260814 -1.00 -1.00 45 20 1.5913 -0.8883 0.000539
1980.00 P 20260814 -1.00 -1.00 1 7 1.4691 -0.9161 0.000484
1985.00 P 20260814 -1.00 -1.00 1 5 1.4473 -0.9204 0.000471
1990.00 P 20260814 -1.00 -1.00 1 5 1.4435 -0.9222 0.000464
1995.00 P 20260814 -1.00 -1.00 1 4 1.4157 -0.9275 0.000448
2000.00 P 20260814 -1.00 -1.00 1 56 1.6039 -0.8963 0.000509
2005.00 P 20260814 -1.00 -1.00 1 2 1.4337 -0.9276 0.000442
2010.00 P 20260814 -1.00 -1.00 1 2 1.7112 -0.8801 0.000525
2015.00 P 20260814 -1.00 -1.00 -1 0 1.4279 -0.9311 0.000427
2020.00 P 20260814 -1.00 -1.00 -1 0 1.3372 -0.9467 0.000376
2025.00 P 20260814 -1.00 -1.00 -1 0 1.7171 -0.8848 0.000510
2030.00 P 20260814 -1.00 -1.00 1 1 1.7042 -0.8890 0.000500
2035.00 P 20260814 -1.00 -1.00 -1 0 1.6116 -0.9092 0.000464
2040.00 P 20260814 -1.00 -1.00 1 2 1.6870 -0.8962 0.000484
2045.00 P 20260814 -1.00 -1.00 -1 0 1.6815 -0.8992 0.000476
2050.00 P 20260814 -1.00 -1.00 1 5 1.7404 -0.8900 0.000487
2055.00 P 20260814 -1.00 -1.00 -1 1 1.6025 -0.9172 0.000438
2060.00 P 20260814 -1.00 -1.00 1 2 1.3853 -0.9500 0.000346
2065.00 P 20260814 -1.00 -1.00 -1 0 1.4053 -0.9480 0.000351
2070.00 P 20260814 -1.00 -1.00 1 3 1.3061 -0.9651 0.000285
2075.00 P 20260814 -1.00 -1.00 1 1 1.4009 -0.9515 0.000335
2080.00 P 20260814 -1.00 -1.00 5 5 1.6224 -0.9205 0.000418
2085.00 P 20260814 -1.00 -1.00 1 1 1.6833 -0.9141 0.000429
2090.00 P 20260814 -1.00 -1.00 -1 0 1.6576 -0.9183 0.000418
2095.00 P 20260814 -1.00 -1.00 1 1 1.3622 -0.9633 0.000284
2100.00 P 20260814 -1.00 -1.00 1 10 1.2829 -0.9719 0.000247
2105.00 P 20260814 -1.00 -1.00 1 1 1.3484 -0.9660 0.000270
2110.00 P 20260814 -1.00 -1.00 -1 0 1.3764 -0.9641 0.000276
2120.00 P 20260814 -1.00 -1.00 5 6 1.2615 -0.9772 0.000216
2130.00 P 20260814 -1.00 -1.00 1 1 1.3489 -0.9695 0.000248
2140.00 P 20260814 -1.00 -1.00 2 9 1.2582 -0.9807 0.000194
2150.00 P 20260814 -1.00 -1.00 20 11 1.3278 -0.9745 0.000222
2160.00 P 20260814 -1.00 -1.00 1 2 1.3170 -0.9771 0.000208
2170.00 P 20260814 -1.00 -1.00 1 2 1.3096 -0.9793 0.000194
2180.00 P 20260814 -1.00 -1.00 1 2 1.4077 -0.9705 0.000231
2190.00 P 20260814 -1.00 -1.00 1 2 1.3174 -0.9813 0.000180
2200.00 P 20260814 -1.00 -1.00 1 4 1.7273 -0.9331 0.000343
2210.00 P 20260814 -1.00 -1.00 8 16 1.2507 -0.9896 0.000134
2220.00 P 20260814 -1.00 -1.00 -1 0 1.7162 -0.9388 0.000322
2230.00 P 20260814 -1.00 -1.00 -1 0 1.7749 -0.9331 0.000333
2240.00 P 20260814 -1.00 -1.00 1 2 1.4983 -0.9695 0.000222
1970.00 C 20260821 -1.00 -1.00 3 69 1.3846 0.1553 0.000586
1980.00 C 20260821 -1.00 -1.00 9 347 1.3882 0.1524 0.000576
1990.00 C 20260821 -1.00 -1.00 6 115 1.3837 0.1480 0.000566
2000.00 C 20260821 -1.00 -1.00 15 2674 1.3817 0.1441 0.000555
2010.00 C 20260821 -1.00 -1.00 9 148 1.3837 0.1409 0.000545
2020.00 C 20260821 -1.00 -1.00 20 107 1.3992 0.1406 0.000539
2030.00 C 20260821 -1.00 -1.00 6 176 1.3996 0.1372 0.000529
2040.00 C 20260821 -1.00 -1.00 4 172 1.3682 0.1269 0.000512
2050.00 C 20260821 -1.00 -1.00 27 194 1.3647 0.1226 0.000500
2060.00 C 20260821 -1.00 -1.00 3 62 1.3809 0.1226 0.000495
2070.00 C 20260821 -1.00 -1.00 1 135 1.3789 0.1186 0.000484
2080.00 C 20260821 -1.00 -1.00 2 102 1.3989 0.1196 0.000480
2090.00 C 20260821 -1.00 -1.00 5 99 1.4024 0.1169 0.000471
2100.00 C 20260821 -1.00 -1.00 64 1064 1.3800 0.1083 0.000454
2110.00 C 20260821 -1.00 -1.00 5 54 1.3999 0.1094 0.000451
2120.00 C 20260821 -1.00 -1.00 1 194 1.4057 0.1073 0.000443
2130.00 C 20260821 -1.00 -1.00 3 75 1.3959 0.1015 0.000430
2140.00 C 20260821 -1.00 -1.00 5 191 1.3878 0.0960 0.000417
2150.00 C 20260821 -1.00 -1.00 4 152 1.4159 0.0994 0.000418
2160.00 C 20260821 -1.00 -1.00 2 43 1.4062 0.0935 0.000405
2170.00 C 20260821 -1.00 -1.00 14 58 1.4031 0.0898 0.000394
2180.00 C 20260821 -1.00 -1.00 2 66 1.4034 0.0879 0.000387
2190.00 C 20260821 -1.00 -1.00 3 62 1.3971 0.0850 0.000379
2200.00 C 20260821 -1.00 -1.00 1 921 1.4094 0.0850 0.000375
2210.00 C 20260821 -1.00 -1.00 1 35 1.3992 0.0815 0.000365
2220.00 C 20260821 -1.00 -1.00 28 108 1.4061 0.0807 0.000360
2230.00 C 20260821 -1.00 -1.00 4 116 1.3868 0.0757 0.000347
2240.00 C 20260821 -1.00 -1.00 1 65 1.4159 0.0784 0.000349
1970.00 P 20260821 -1.00 -1.00 1 60 1.4820 -0.8268 0.000598
1980.00 P 20260821 -1.00 -1.00 1 70 1.2829 -0.8722 0.000562
1990.00 P 20260821 -1.00 -1.00 5 74 1.3022 -0.8716 0.000555
2000.00 P 20260821 -1.00 -1.00 4 260 1.3230 -0.8707 0.000548
2010.00 P 20260821 -1.00 -1.00 4 90 1.3195 -0.8753 0.000536
2020.00 P 20260821 -1.00 -1.00 9 53 1.2838 -0.8876 0.000514
2030.00 P 20260821 -1.00 -1.00 2 255 1.2948 -0.8888 0.000506
2040.00 P 20260821 -1.00 -1.00 5 62 1.2833 -0.8956 0.000490
2050.00 P 20260821 -1.00 -1.00 4 57 1.3103 -0.8927 0.000489
2060.00 P 20260821 -1.00 -1.00 1 8 1.2987 -0.8995 0.000473
2070.00 P 20260821 -1.00 -1.00 1 20 1.3273 -0.8961 0.000473
2080.00 P 20260821 -1.00 -1.00 2 57 1.3114 -0.9039 0.000455
2090.00 P 20260821 -1.00 -1.00 1 50 1.3157 -0.9067 0.000446
2100.00 P 20260821 -1.00 -1.00 4 76 1.4571 -0.8766 0.000481
2110.00 P 20260821 -1.00 -1.00 3 75 1.2745 -0.9206 0.000411
2120.00 P 20260821 -1.00 -1.00 1 17 1.2629 -0.9248 0.000399
2130.00 P 20260821 -1.00 -1.00 1 80 1.5127 -0.8745 0.000469
2140.00 P 20260821 -1.00 -1.00 1 39 1.2657 -0.9287 0.000382
2150.00 P 20260821 -1.00 -1.00 1 72 1.4507 -0.8949 0.000435
2160.00 P 20260821 -1.00 -1.00 10 46 1.5026 -0.8864 0.000442
2170.00 P 20260821 -1.00 -1.00 1 74 1.4547 -0.9007 0.000419
2180.00 P 20260821 -1.00 -1.00 2 18 1.2898 -0.9333 0.000356
2190.00 P 20260821 -1.00 -1.00 1 82 1.2712 -0.9389 0.000340
2200.00 P 20260821 -1.00 -1.00 1 232 1.2332 -0.9484 0.000312
2210.00 P 20260821 -1.00 -1.00 3 67 1.4043 -0.9204 0.000372
2220.00 P 20260821 -1.00 -1.00 5 21 1.2752 -0.9448 0.000316
2230.00 P 20260821 -1.00 -1.00 1 41 1.2797 -0.9461 0.000309
2240.00 P 20260821 -1.00 -1.00 5 46 1.2786 -0.9485 0.000300
