# opt_chain SMH | epoch 1785941567 | 2026-08-05 10:52:47 | spot 571.22 | exps 20260805 20260807 20260810 20260812 20260814 20260817 20260819 20260821
# fuente polygon_snapshot_v3 | greeks polygon_directo | iv polygon_directo | oi polygon_directo | vol day.volume(-1 si no cotizo) | bid/ask NO_ENTITLED(-1) | spot_src ibkr_bridge spot_edad_s 104 | band 0.4050 vencimientos 8 exp_hasta 2026-08-21
# strike right exp bid ask vol oi iv delta gamma
425.00 C 20260805 -1.00 -1.00 -1 0 3.4555 0.9973 0.000132
427.50 C 20260805 -1.00 -1.00 -1 0 -1.0000 -1.0000 -1.000000
430.00 C 20260805 -1.00 -1.00 -1 0 6.6867 0.9239 0.001164
432.50 C 20260805 -1.00 -1.00 -1 0 3.4846 0.9951 0.000218
435.00 C 20260805 -1.00 -1.00 -1 0 2.6405 0.9996 0.000029
437.50 C 20260805 -1.00 -1.00 -1 0 3.4221 0.9940 0.000267
440.00 C 20260805 -1.00 -1.00 -1 0 3.2143 0.9959 0.000204
442.50 C 20260805 -1.00 -1.00 -1 0 4.1147 0.9782 0.000688
445.00 C 20260805 -1.00 -1.00 -1 0 2.7787 0.9981 0.000116
447.50 C 20260805 -1.00 -1.00 -1 0 5.8364 0.9189 0.001400
450.00 C 20260805 -1.00 -1.00 25 25 3.0940 0.9934 0.000320
452.50 C 20260805 -1.00 -1.00 -1 0 2.6047 0.9980 0.000129
455.00 C 20260805 -1.00 -1.00 -1 0 2.5473 0.9980 0.000135
457.50 C 20260805 -1.00 -1.00 2 1 -1.0000 -1.0000 -1.000000
460.00 C 20260805 -1.00 -1.00 -1 0 -1.0000 -1.0000 -1.000000
462.50 C 20260805 -1.00 -1.00 -1 0 2.5667 0.9964 0.000228
465.00 C 20260805 -1.00 -1.00 -1 0 2.5060 0.9963 0.000238
467.50 C 20260805 -1.00 -1.00 -1 0 -1.0000 -1.0000 -1.000000
470.00 C 20260805 -1.00 -1.00 -1 0 2.2096 0.9977 0.000173
472.50 C 20260805 -1.00 -1.00 2 1 3.1779 0.9741 0.001038
475.00 C 20260805 -1.00 -1.00 1 1 4.9596 0.8939 0.002031
477.50 C 20260805 -1.00 -1.00 -1 0 2.4715 0.9904 0.000564
480.00 C 20260805 -1.00 -1.00 20 17 5.6778 0.8524 0.002215
482.50 C 20260805 -1.00 -1.00 2 1 2.1474 0.9941 0.000415
485.00 C 20260805 -1.00 -1.00 1 1 2.1549 0.9925 0.000518
487.50 C 20260805 -1.00 -1.00 2 1 -1.0000 -1.0000 -1.000000
490.00 C 20260805 -1.00 -1.00 8 14 2.1029 0.9906 0.000652
492.50 C 20260805 -1.00 -1.00 2 1 -1.0000 -1.0000 -1.000000
495.00 C 20260805 -1.00 -1.00 30 21 1.6703 0.9971 0.000286
497.50 C 20260805 -1.00 -1.00 34 16 1.6179 0.9970 0.000303
500.00 C 20260805 -1.00 -1.00 6 54 1.6690 0.9948 0.000479
502.50 C 20260805 -1.00 -1.00 1 10 1.6115 0.9947 0.000510
505.00 C 20260805 -1.00 -1.00 44 43 1.6862 0.9906 0.000814
507.50 C 20260805 -1.00 -1.00 2 1 -1.0000 -1.0000 -1.000000
510.00 C 20260805 -1.00 -1.00 40 33 3.9256 0.8326 0.003483
512.50 C 20260805 -1.00 -1.00 2 2 3.2440 0.8655 0.003665
515.00 C 20260805 -1.00 -1.00 50 42 1.4968 0.9872 0.001197
517.50 C 20260805 -1.00 -1.00 1 16 1.3375 0.9910 0.000982
520.00 C 20260805 -1.00 -1.00 3 34 1.3985 0.9842 0.001531
522.50 C 20260805 -1.00 -1.00 2 8 1.1615 0.9929 0.000914
525.00 C 20260805 -1.00 -1.00 11 49 1.2733 0.9828 0.001805
527.50 C 20260805 -1.00 -1.00 4 88 1.1558 0.9868 0.001595
530.00 C 20260805 -1.00 -1.00 7 202 -1.0000 -1.0000 -1.000000
532.50 C 20260805 -1.00 -1.00 3 57 1.1705 0.9732 0.002894
535.00 C 20260805 -1.00 -1.00 1 513 2.1713 0.8369 0.006188
537.50 C 20260805 -1.00 -1.00 88 92 1.4658 0.9082 0.006116
540.00 C 20260805 -1.00 -1.00 6 73 0.9597 0.9711 0.003780
542.50 C 20260805 -1.00 -1.00 2 23 1.2694 0.9035 0.007333
545.00 C 20260805 -1.00 -1.00 1 60 1.1956 0.8963 0.008219
547.50 C 20260805 -1.00 -1.00 10 311 0.9256 0.9314 0.007861
550.00 C 20260805 -1.00 -1.00 15 306 0.8372 0.9285 0.008947
552.50 C 20260805 -1.00 -1.00 14 67 0.7805 0.9152 0.010831
555.00 C 20260805 -1.00 -1.00 32 245 0.7162 0.9023 0.013113
557.50 C 20260805 -1.00 -1.00 35 56 0.9309 0.8030 0.016331
560.00 C 20260805 -1.00 -1.00 113 278 0.6644 0.8350 0.020379
562.50 C 20260805 -1.00 -1.00 6 155 0.7510 0.7530 0.023101
565.00 C 20260805 -1.00 -1.00 75 391 0.6934 0.7037 0.027255
567.50 C 20260805 -1.00 -1.00 2 187 0.7922 0.6183 0.026437
570.00 C 20260805 -1.00 -1.00 41 335 0.6439 0.5600 0.033522
572.50 C 20260805 -1.00 -1.00 17 209 1.2190 0.4933 0.018086
575.00 C 20260805 -1.00 -1.00 48 289 0.6419 0.3932 0.032895
577.50 C 20260805 -1.00 -1.00 119 1434 0.6486 0.3180 0.030121
580.00 C 20260805 -1.00 -1.00 184 931 0.6351 0.2408 0.027106
582.50 C 20260805 -1.00 -1.00 146 80 0.6182 0.1761 0.022820
585.00 C 20260805 -1.00 -1.00 237 640 0.6408 0.1313 0.018371
587.50 C 20260805 -1.00 -1.00 23 61 0.6459 0.0963 0.014374
590.00 C 20260805 -1.00 -1.00 138 302 0.6705 0.0698 0.011035
592.50 C 20260805 -1.00 -1.00 733 77 0.6817 0.0522 0.008503
595.00 C 20260805 -1.00 -1.00 174 93 0.7030 0.0380 0.006397
597.50 C 20260805 -1.00 -1.00 405 75 0.7578 0.0335 0.005388
600.00 C 20260805 -1.00 -1.00 205 556 0.8305 0.0338 0.004954
602.50 C 20260805 -1.00 -1.00 12 23 0.8879 0.0313 0.004370
605.00 C 20260805 -1.00 -1.00 9 102 0.9001 0.0252 0.003543
607.50 C 20260805 -1.00 -1.00 17 21 1.0750 0.0397 0.004324
610.00 C 20260805 -1.00 -1.00 32 396 0.9081 0.0120 0.001878
612.50 C 20260805 -1.00 -1.00 3 60 0.9664 0.0121 0.001776
615.00 C 20260805 -1.00 -1.00 6 174 1.0007 0.0110 0.001566
617.50 C 20260805 -1.00 -1.00 38 58 1.0704 0.0117 0.001552
620.00 C 20260805 -1.00 -1.00 169 423 0.9857 0.0044 0.000705
622.50 C 20260805 -1.00 -1.00 13 103 1.1025 0.0080 0.001066
625.00 C 20260805 -1.00 -1.00 141 398 1.0367 0.0034 0.000525
627.50 C 20260805 -1.00 -1.00 68 121 1.1698 0.0063 0.000814
630.00 C 20260805 -1.00 -1.00 221 520 1.2856 0.0093 0.001044
632.50 C 20260805 -1.00 -1.00 2 33 1.3422 0.0094 0.001019
635.00 C 20260805 -1.00 -1.00 24 109 1.3165 0.0062 0.000717
637.50 C 20260805 -1.00 -1.00 82 48 1.3845 0.0070 0.000758
640.00 C 20260805 -1.00 -1.00 3 20 1.4056 0.0059 0.000639
642.50 C 20260805 -1.00 -1.00 2 11 1.6607 0.0135 0.001138
645.00 C 20260805 -1.00 -1.00 16 34 1.3870 0.0032 0.000370
647.50 C 20260805 -1.00 -1.00 36 6 1.4579 0.0036 0.000396
650.00 C 20260805 -1.00 -1.00 50 60 1.7092 0.0097 0.000822
652.50 C 20260805 -1.00 -1.00 7 3 1.6599 0.0064 0.000584
655.00 C 20260805 -1.00 -1.00 23 21 1.8650 0.0114 0.000869
657.50 C 20260805 -1.00 -1.00 10 10 1.6757 0.0041 0.000395
660.00 C 20260805 -1.00 -1.00 26 26 1.6822 0.0036 0.000347
662.50 C 20260805 -1.00 -1.00 3 5 2.0047 0.0110 0.000784
665.00 C 20260805 -1.00 -1.00 5 2 1.7581 0.0035 0.000319
667.50 C 20260805 -1.00 -1.00 8 3 2.0665 0.0100 0.000696
670.00 C 20260805 -1.00 -1.00 8 8 2.1086 0.0098 0.000670
672.50 C 20260805 -1.00 -1.00 5 5 2.1734 0.0102 0.000675
675.00 C 20260805 -1.00 -1.00 2 1 1.9708 0.0040 0.000323
677.50 C 20260805 -1.00 -1.00 6 0 1.8829 0.0024 0.000209
680.00 C 20260805 -1.00 -1.00 23 21 1.9513 0.0027 0.000229
682.50 C 20260805 -1.00 -1.00 2 1 2.1697 0.0051 0.000366
685.00 C 20260805 -1.00 -1.00 -1 0 2.8653 0.0268 0.001172
687.50 C 20260805 -1.00 -1.00 -1 0 2.3314 0.0070 0.000450
690.00 C 20260805 -1.00 -1.00 -1 0 2.9579 0.0260 0.001107
692.50 C 20260805 -1.00 -1.00 2 1 3.2574 0.0346 0.001293
695.00 C 20260805 -1.00 -1.00 -1 0 3.2568 0.0326 0.001227
697.50 C 20260805 -1.00 -1.00 2 1 3.3878 0.0353 0.001261
700.00 C 20260805 -1.00 -1.00 60 60 3.3617 0.0323 0.001178
702.50 C 20260805 -1.00 -1.00 -1 0 3.5413 0.0374 0.001259
705.00 C 20260805 -1.00 -1.00 -1 0 3.4562 0.0317 0.001126
710.00 C 20260805 -1.00 -1.00 -1 0 3.6979 0.0361 0.001176
715.00 C 20260805 -1.00 -1.00 -1 0 3.7099 0.0326 0.001075
720.00 C 20260805 -1.00 -1.00 2 1 3.8355 0.0330 0.001051
725.00 C 20260805 -1.00 -1.00 -1 0 3.8800 0.0311 0.000986
425.00 P 20260805 -1.00 -1.00 521 1072 3.1027 -0.0009 0.000053
427.50 P 20260805 -1.00 -1.00 728 733 3.0479 -0.0009 0.000055
430.00 P 20260805 -1.00 -1.00 17 8259 3.2093 -0.0021 0.000113
432.50 P 20260805 -1.00 -1.00 6 68 3.1102 -0.0020 0.000106
435.00 P 20260805 -1.00 -1.00 18 16 3.0899 -0.0022 0.000121
437.50 P 20260805 -1.00 -1.00 1220 979 2.9917 -0.0020 0.000115
440.00 P 20260805 -1.00 -1.00 10 1757 2.7775 -0.0010 0.000066
442.50 P 20260805 -1.00 -1.00 2 170 2.9522 -0.0026 0.000147
445.00 P 20260805 -1.00 -1.00 40 150 2.7780 -0.0019 0.000115
447.50 P 20260805 -1.00 -1.00 2 31 2.9132 -0.0032 0.000180
450.00 P 20260805 -1.00 -1.00 39 1026 2.9824 -0.0049 0.000255
452.50 P 20260805 -1.00 -1.00 4 169 3.3135 -0.0107 0.000468
455.00 P 20260805 -1.00 -1.00 42 125 2.4730 -0.0014 0.000102
457.50 P 20260805 -1.00 -1.00 10 109 2.7778 -0.0049 0.000277
460.00 P 20260805 -1.00 -1.00 41 96 2.4372 -0.0021 0.000147
462.50 P 20260805 -1.00 -1.00 60 43 2.5836 -0.0039 0.000242
465.00 P 20260805 -1.00 -1.00 14 133 2.5353 -0.0042 0.000266
467.50 P 20260805 -1.00 -1.00 49 69 2.1955 -0.0016 0.000127
470.00 P 20260805 -1.00 -1.00 88 278 2.1409 -0.0017 0.000133
472.50 P 20260805 -1.00 -1.00 69 105 2.3513 -0.0045 0.000304
475.00 P 20260805 -1.00 -1.00 77 1730 2.3179 -0.0052 0.000348
477.50 P 20260805 -1.00 -1.00 122 137 2.3931 -0.0081 0.000500
480.00 P 20260805 -1.00 -1.00 112 531 1.8880 -0.0014 0.000132
482.50 P 20260805 -1.00 -1.00 60 195 2.0835 -0.0044 0.000332
485.00 P 20260805 -1.00 -1.00 83 579 1.8192 -0.0019 0.000180
487.50 P 20260805 -1.00 -1.00 40 304 1.9382 -0.0039 0.000325
490.00 P 20260805 -1.00 -1.00 228 576 1.7142 -0.0020 0.000201
492.50 P 20260805 -1.00 -1.00 67 467 1.8211 -0.0041 0.000362
495.00 P 20260805 -1.00 -1.00 2 536 1.5736 -0.0017 0.000185
497.50 P 20260805 -1.00 -1.00 19 313 1.5953 -0.0027 0.000280
500.00 P 20260805 -1.00 -1.00 32 659 1.5803 -0.0032 0.000336
502.50 P 20260805 -1.00 -1.00 13 78 1.4563 -0.0024 0.000273
505.00 P 20260805 -1.00 -1.00 9 333 1.4781 -0.0035 0.000382
507.50 P 20260805 -1.00 -1.00 36 391 1.5033 -0.0059 0.000596
510.00 P 20260805 -1.00 -1.00 117 1194 1.3408 -0.0032 0.000390
512.50 P 20260805 -1.00 -1.00 8 160 1.2546 -0.0028 0.000362
515.00 P 20260805 -1.00 -1.00 23 208 1.3218 -0.0061 0.000697
517.50 P 20260805 -1.00 -1.00 56 252 1.1911 -0.0036 0.000489
520.00 P 20260805 -1.00 -1.00 109 455 1.1849 -0.0055 0.000711
522.50 P 20260805 -1.00 -1.00 9 47 1.1429 -0.0063 0.000834
525.00 P 20260805 -1.00 -1.00 160 1218 1.1011 -0.0072 0.000973
527.50 P 20260805 -1.00 -1.00 15 345 1.0596 -0.0081 0.001132
530.00 P 20260805 -1.00 -1.00 199 1273 0.9924 -0.0079 0.001179
532.50 P 20260805 -1.00 -1.00 3 1308 1.0027 -0.0115 0.001645
535.00 P 20260805 -1.00 -1.00 550 1843 0.9478 -0.0127 0.001891
537.50 P 20260805 -1.00 -1.00 107 420 0.8981 -0.0148 0.002254
540.00 P 20260805 -1.00 -1.00 108 569 0.8650 -0.0190 0.002894
542.50 P 20260805 -1.00 -1.00 68 132 0.9095 -0.0338 0.004506
545.00 P 20260805 -1.00 -1.00 135 1286 0.8159 -0.0309 0.004696
547.50 P 20260805 -1.00 -1.00 36 77 0.7988 -0.0448 0.006405
550.00 P 20260805 -1.00 -1.00 377 1108 0.7384 -0.0503 0.007621
552.50 P 20260805 -1.00 -1.00 57 239 0.7378 -0.0714 0.010142
555.00 P 20260805 -1.00 -1.00 35 160 0.7081 -0.0952 0.013008
557.50 P 20260805 -1.00 -1.00 87 47 0.7050 -0.1286 0.016492
560.00 P 20260805 -1.00 -1.00 142 1433 0.6777 -0.1699 0.020358
562.50 P 20260805 -1.00 -1.00 247 1421 0.6770 -0.2231 0.024455
565.00 P 20260805 -1.00 -1.00 160 328 0.6578 -0.2868 0.028282
567.50 P 20260805 -1.00 -1.00 113 186 0.6372 -0.3553 0.032433
570.00 P 20260805 -1.00 -1.00 518 1271 0.6231 -0.4384 0.034620
572.50 P 20260805 -1.00 -1.00 786 53 0.5854 -0.5266 0.037403
575.00 P 20260805 -1.00 -1.00 167 224 0.6212 -0.6108 0.033948
577.50 P 20260805 -1.00 -1.00 28 1421 0.6038 -0.6950 0.031735
580.00 P 20260805 -1.00 -1.00 352 175 0.5543 -0.7893 0.028669
582.50 P 20260805 -1.00 -1.00 12 4 0.5188 -0.8706 0.022518
585.00 P 20260805 -1.00 -1.00 4 136 0.5560 -0.8997 0.017285
587.50 P 20260805 -1.00 -1.00 10 0 0.5755 -0.9322 0.012652
590.00 P 20260805 -1.00 -1.00 44 6 0.5047 -0.9752 0.006440
592.50 P 20260805 -1.00 -1.00 11 11 0.5858 -0.9727 0.006000
595.00 P 20260805 -1.00 -1.00 4 3 0.6402 -0.9748 0.005104
597.50 P 20260805 -1.00 -1.00 2 4 -1.0000 -1.0000 -1.000000
600.00 P 20260805 -1.00 -1.00 3 3 -1.0000 -1.0000 -1.000000
602.50 P 20260805 -1.00 -1.00 1 2 0.7758 -0.9832 0.002999
605.00 P 20260805 -1.00 -1.00 6 5 -1.0000 -1.0000 -1.000000
607.50 P 20260805 -1.00 -1.00 1 3 -1.0000 -1.0000 -1.000000
610.00 P 20260805 -1.00 -1.00 3 0 -1.0000 -1.0000 -1.000000
612.50 P 20260805 -1.00 -1.00 1 0 -1.0000 -1.0000 -1.000000
615.00 P 20260805 -1.00 -1.00 2 3 0.8130 -0.9983 0.000490
617.50 P 20260805 -1.00 -1.00 1 0 -1.0000 -1.0000 -1.000000
620.00 P 20260805 -1.00 -1.00 5 5 -1.0000 -1.0000 -1.000000
622.50 P 20260805 -1.00 -1.00 -1 0 -1.0000 -1.0000 -1.000000
625.00 P 20260805 -1.00 -1.00 1 0 -1.0000 -1.0000 -1.000000
627.50 P 20260805 -1.00 -1.00 1 0 -1.0000 -1.0000 -1.000000
630.00 P 20260805 -1.00 -1.00 1 0 -1.0000 -1.0000 -1.000000
632.50 P 20260805 -1.00 -1.00 -1 0 -1.0000 -1.0000 -1.000000
635.00 P 20260805 -1.00 -1.00 -1 0 -1.0000 -1.0000 -1.000000
637.50 P 20260805 -1.00 -1.00 1 0 -1.0000 -1.0000 -1.000000
640.00 P 20260805 -1.00 -1.00 1 0 -1.0000 -1.0000 -1.000000
642.50 P 20260805 -1.00 -1.00 -1 0 -1.0000 -1.0000 -1.000000
645.00 P 20260805 -1.00 -1.00 1 0 1.4676 -0.9958 0.000496
647.50 P 20260805 -1.00 -1.00 1 0 -1.0000 -1.0000 -1.000000
650.00 P 20260805 -1.00 -1.00 1 0 -1.0000 -1.0000 -1.000000
652.50 P 20260805 -1.00 -1.00 -1 0 -1.0000 -1.0000 -1.000000
655.00 P 20260805 -1.00 -1.00 1 0 -1.0000 -1.0000 -1.000000
657.50 P 20260805 -1.00 -1.00 1 0 -1.0000 -1.0000 -1.000000
660.00 P 20260805 -1.00 -1.00 -1 0 -1.0000 -1.0000 -1.000000
662.50 P 20260805 -1.00 -1.00 -1 0 -1.0000 -1.0000 -1.000000
665.00 P 20260805 -1.00 -1.00 -1 0 -1.0000 -1.0000 -1.000000
667.50 P 20260805 -1.00 -1.00 -1 0 -1.0000 -1.0000 -1.000000
670.00 P 20260805 -1.00 -1.00 1 0 -1.0000 -1.0000 -1.000000
672.50 P 20260805 -1.00 -1.00 -1 0 -1.0000 -1.0000 -1.000000
675.00 P 20260805 -1.00 -1.00 -1 0 -1.0000 -1.0000 -1.000000
677.50 P 20260805 -1.00 -1.00 -1 0 -1.0000 -1.0000 -1.000000
680.00 P 20260805 -1.00 -1.00 1 0 -1.0000 -1.0000 -1.000000
682.50 P 20260805 -1.00 -1.00 -1 0 -1.0000 -1.0000 -1.000000
685.00 P 20260805 -1.00 -1.00 -1 0 -1.0000 -1.0000 -1.000000
687.50 P 20260805 -1.00 -1.00 1 0 -1.0000 -1.0000 -1.000000
690.00 P 20260805 -1.00 -1.00 1 0 -1.0000 -1.0000 -1.000000
692.50 P 20260805 -1.00 -1.00 -1 0 -1.0000 -1.0000 -1.000000
695.00 P 20260805 -1.00 -1.00 1 0 -1.0000 -1.0000 -1.000000
697.50 P 20260805 -1.00 -1.00 -1 0 -1.0000 -1.0000 -1.000000
700.00 P 20260805 -1.00 -1.00 -1 0 -1.0000 -1.0000 -1.000000
702.50 P 20260805 -1.00 -1.00 -1 0 -1.0000 -1.0000 -1.000000
705.00 P 20260805 -1.00 -1.00 -1 0 -1.0000 -1.0000 -1.000000
710.00 P 20260805 -1.00 -1.00 1 0 -1.0000 -1.0000 -1.000000
715.00 P 20260805 -1.00 -1.00 1 0 -1.0000 -1.0000 -1.000000
720.00 P 20260805 -1.00 -1.00 -1 0 -1.0000 -1.0000 -1.000000
725.00 P 20260805 -1.00 -1.00 -1 0 -1.0000 -1.0000 -1.000000
417.50 C 20260807 -1.00 -1.00 -1 0 2.7533 0.9384 0.000966
420.00 C 20260807 -1.00 -1.00 4 4 3.1609 0.9101 0.001121
422.50 C 20260807 -1.00 -1.00 -1 0 1.6421 0.9916 0.000303
425.00 C 20260807 -1.00 -1.00 1 6 1.2891 0.9985 0.000079
427.50 C 20260807 -1.00 -1.00 -1 0 2.0412 0.9691 0.000742
430.00 C 20260807 -1.00 -1.00 5 5 1.5289 0.9920 0.000311
432.50 C 20260807 -1.00 -1.00 -1 0 1.4438 0.9935 0.000271
435.00 C 20260807 -1.00 -1.00 1 1 1.9646 0.9653 0.000846
437.50 C 20260807 -1.00 -1.00 -1 0 0.0005 1.0000 -0.000000
440.00 C 20260807 -1.00 -1.00 2 3 1.3620 0.9932 0.000299
442.50 C 20260807 -1.00 -1.00 -1 0 1.3633 0.9922 0.000339
445.00 C 20260807 -1.00 -1.00 -1 0 1.3364 0.9921 0.000351
447.50 C 20260807 -1.00 -1.00 2 2 1.4004 0.9885 0.000468
450.00 C 20260807 -1.00 -1.00 3 6 1.3588 0.9891 0.000461
452.50 C 20260807 -1.00 -1.00 -1 0 1.3535 0.9872 0.000527
455.00 C 20260807 -1.00 -1.00 -1 0 1.3242 0.9870 0.000547
457.50 C 20260807 -1.00 -1.00 -1 0 1.2594 0.9894 0.000486
460.00 C 20260807 -1.00 -1.00 1 4 1.5246 0.9679 0.001027
462.50 C 20260807 -1.00 -1.00 -1 0 2.1206 0.9078 0.001699
465.00 C 20260807 -1.00 -1.00 1 2 1.1853 0.9879 0.000577
467.50 C 20260807 -1.00 -1.00 7 7 1.4610 0.9622 0.001220
470.00 C 20260807 -1.00 -1.00 8 9 2.0089 0.9022 0.001877
472.50 C 20260807 -1.00 -1.00 6 6 1.2062 0.9786 0.000920
475.00 C 20260807 -1.00 -1.00 1 10 1.1780 0.9782 0.000960
477.50 C 20260807 -1.00 -1.00 21 20 1.4185 0.9497 0.001593
480.00 C 20260807 -1.00 -1.00 3 33 1.3921 0.9480 0.001668
482.50 C 20260807 -1.00 -1.00 -1 0 1.9454 0.8799 0.002271
485.00 C 20260807 -1.00 -1.00 21 11 1.0551 0.9771 0.001118
487.50 C 20260807 -1.00 -1.00 8 8 0.9931 0.9796 0.001070
490.00 C 20260807 -1.00 -1.00 10 27 0.9774 0.9781 0.001162
492.50 C 20260807 -1.00 -1.00 2 1 1.2726 0.9370 0.002143
495.00 C 20260807 -1.00 -1.00 2 25 0.9844 0.9707 0.001485
497.50 C 20260807 -1.00 -1.00 6 3 0.9080 0.9752 0.001396
500.00 C 20260807 -1.00 -1.00 4 46 1.0317 0.9516 0.002117
502.50 C 20260807 -1.00 -1.00 1 5 0.9045 0.9662 0.001807
505.00 C 20260807 -1.00 -1.00 1 370 0.8857 0.9631 0.001976
507.50 C 20260807 -1.00 -1.00 6 54 0.8727 0.9588 0.002189
510.00 C 20260807 -1.00 -1.00 22 121 0.9049 0.9467 0.002615
512.50 C 20260807 -1.00 -1.00 12 44 0.8074 0.9573 0.002438
515.00 C 20260807 -1.00 -1.00 13 59 0.7834 0.9547 0.002635
517.50 C 20260807 -1.00 -1.00 18 10 0.7932 0.9455 0.003040
520.00 C 20260807 -1.00 -1.00 8 56 1.2950 0.8314 0.004237
522.50 C 20260807 -1.00 -1.00 1 30 0.7753 0.9323 0.003708
525.00 C 20260807 -1.00 -1.00 71 660 1.2266 0.8191 0.004690
527.50 C 20260807 -1.00 -1.00 65 80 1.1703 0.8162 0.004967
530.00 C 20260807 -1.00 -1.00 8 260 0.8309 0.8806 0.005288
532.50 C 20260807 -1.00 -1.00 8 339 0.7556 0.8861 0.005600
535.00 C 20260807 -1.00 -1.00 1 364 1.0537 0.7967 0.005913
537.50 C 20260807 -1.00 -1.00 13 285 0.7040 0.8713 0.006593
540.00 C 20260807 -1.00 -1.00 9 1302 0.6791 0.8596 0.007197
542.50 C 20260807 -1.00 -1.00 3 720 0.6755 0.8394 0.007870
545.00 C 20260807 -1.00 -1.00 1 1045 0.6950 0.8115 0.008496
547.50 C 20260807 -1.00 -1.00 13 125 0.6767 0.7957 0.009221
550.00 C 20260807 -1.00 -1.00 22 1495 0.6560 0.7796 0.010025
552.50 C 20260807 -1.00 -1.00 304 326 0.8921 0.6957 0.008594
555.00 C 20260807 -1.00 -1.00 16 464 0.6479 0.7240 0.011260
557.50 C 20260807 -1.00 -1.00 5 75 0.8594 0.6569 0.009498
560.00 C 20260807 -1.00 -1.00 38 1023 0.6257 0.6700 0.012775
562.50 C 20260807 -1.00 -1.00 3 341 0.6630 0.6310 0.012513
565.00 C 20260807 -1.00 -1.00 85 1082 0.7903 0.5865 0.010766
567.50 C 20260807 -1.00 -1.00 58 619 0.6171 0.5695 0.013917
570.00 C 20260807 -1.00 -1.00 54 2002 0.6218 0.5346 0.014079
572.50 C 20260807 -1.00 -1.00 13 1231 0.6266 0.5002 0.014080
575.00 C 20260807 -1.00 -1.00 46 3416 0.6128 0.4650 0.014198
577.50 C 20260807 -1.00 -1.00 31 624 0.6073 0.4294 0.014123
580.00 C 20260807 -1.00 -1.00 278 1725 0.6128 0.3953 0.013807
582.50 C 20260807 -1.00 -1.00 35 138 0.6293 0.3650 0.013257
585.00 C 20260807 -1.00 -1.00 94 1106 0.6193 0.3328 0.012869
587.50 C 20260807 -1.00 -1.00 21 134 0.6139 0.3012 0.012381
590.00 C 20260807 -1.00 -1.00 36 1038 0.8023 0.3260 0.009829
592.50 C 20260807 -1.00 -1.00 22 217 0.6339 0.2491 0.011035
595.00 C 20260807 -1.00 -1.00 83 1257 0.6928 0.2441 0.010017
597.50 C 20260807 -1.00 -1.00 4 256 0.6366 0.2031 0.009698
600.00 C 20260807 -1.00 -1.00 351 1269 0.6229 0.1753 0.009026
602.50 C 20260807 -1.00 -1.00 1 135 0.6331 0.1574 0.008321
605.00 C 20260807 -1.00 -1.00 12 914 0.6319 0.1361 0.007631
607.50 C 20260807 -1.00 -1.00 55 136 0.6457 0.1261 0.007035
610.00 C 20260807 -1.00 -1.00 19 1452 0.6340 0.1074 0.006341
612.50 C 20260807 -1.00 -1.00 16 159 0.6500 0.0990 0.005821
615.00 C 20260807 -1.00 -1.00 34 924 0.6396 0.0804 0.005104
617.50 C 20260807 -1.00 -1.00 33 153 0.6661 0.0770 0.004759
620.00 C 20260807 -1.00 -1.00 33 664 0.6532 0.0637 0.004177
622.50 C 20260807 -1.00 -1.00 36 112 0.6750 0.0612 0.003909
625.00 C 20260807 -1.00 -1.00 17 278 0.6886 0.0568 0.003602
627.50 C 20260807 -1.00 -1.00 17 53 0.6991 0.0519 0.003292
630.00 C 20260807 -1.00 -1.00 125 508 0.7066 0.0463 0.002970
632.50 C 20260807 -1.00 -1.00 32 104 0.7051 0.0383 0.002570
635.00 C 20260807 -1.00 -1.00 50 182 0.6842 0.0288 0.002096
637.50 C 20260807 -1.00 -1.00 4 125 0.7123 0.0292 0.002040
640.00 C 20260807 -1.00 -1.00 9 226 0.6906 0.0221 0.001649
642.50 C 20260807 -1.00 -1.00 4 43 0.7404 0.0261 0.001775
645.00 C 20260807 -1.00 -1.00 33 116 0.7187 0.0192 0.001402
647.50 C 20260807 -1.00 -1.00 26 195 0.7426 0.0194 0.001367
650.00 C 20260807 -1.00 -1.00 29 263 0.7565 0.0180 0.001263
652.50 C 20260807 -1.00 -1.00 5 21 0.8216 0.0241 0.001491
655.00 C 20260807 -1.00 -1.00 7 133 0.7396 0.0111 0.000852
657.50 C 20260807 -1.00 -1.00 37 504 0.8273 0.0186 0.001185
660.00 C 20260807 -1.00 -1.00 5 1200 0.7647 0.0099 0.000748
662.50 C 20260807 -1.00 -1.00 1 2 0.8877 0.0207 0.001212
665.00 C 20260807 -1.00 -1.00 52 168 0.8973 0.0191 0.001117
667.50 C 20260807 -1.00 -1.00 2 6 0.9165 0.0187 0.001077
670.00 C 20260807 -1.00 -1.00 1 240 0.8099 0.0076 0.000554
672.50 C 20260807 -1.00 -1.00 1 4 0.9471 0.0171 0.000967
675.00 C 20260807 -1.00 -1.00 4 725 0.9642 0.0166 0.000925
677.50 C 20260807 -1.00 -1.00 18 365 0.8693 0.0078 0.000529
680.00 C 20260807 -1.00 -1.00 1 582 0.8814 0.0074 0.000496
685.00 C 20260807 -1.00 -1.00 4 36 0.9010 0.0062 0.000420
690.00 C 20260807 -1.00 -1.00 1 214 0.9474 0.0069 0.000436
695.00 C 20260807 -1.00 -1.00 2 549 0.9281 0.0041 0.000283
700.00 C 20260807 -1.00 -1.00 98 1678 0.9446 0.0037 0.000251
705.00 C 20260807 -1.00 -1.00 8 1120 1.0268 0.0053 0.000319
710.00 C 20260807 -1.00 -1.00 8 90 1.0136 0.0038 0.000240
715.00 C 20260807 -1.00 -1.00 2 78 0.9812 0.0022 0.000150
720.00 C 20260807 -1.00 -1.00 3 559 1.0454 0.0030 0.000189
725.00 C 20260807 -1.00 -1.00 4 298 1.1535 0.0048 0.000262
417.50 P 20260807 -1.00 -1.00 8 83 1.3727 -0.0015 0.000078
420.00 P 20260807 -1.00 -1.00 27 2407 1.3482 -0.0016 0.000080
422.50 P 20260807 -1.00 -1.00 5 12 1.3238 -0.0016 0.000083
425.00 P 20260807 -1.00 -1.00 50 5297 1.3473 -0.0023 0.000114
427.50 P 20260807 -1.00 -1.00 4 26 1.2913 -0.0019 0.000099
430.00 P 20260807 -1.00 -1.00 71 21508 1.2832 -0.0021 0.000113
432.50 P 20260807 -1.00 -1.00 64 107 1.2908 -0.0026 0.000136
435.00 P 20260807 -1.00 -1.00 104 221 1.2826 -0.0029 0.000150
437.50 P 20260807 -1.00 -1.00 1 13 1.2589 -0.0030 0.000155
440.00 P 20260807 -1.00 -1.00 13 3617 1.2196 -0.0028 0.000151
442.50 P 20260807 -1.00 -1.00 11 27 1.2642 -0.0044 0.000219
445.00 P 20260807 -1.00 -1.00 2 269 1.2495 -0.0049 0.000244
447.50 P 20260807 -1.00 -1.00 3 537 1.1807 -0.0034 0.000190
450.00 P 20260807 -1.00 -1.00 91 2734 1.1811 -0.0044 0.000236
452.50 P 20260807 -1.00 -1.00 7 232 1.1948 -0.0061 0.000308
455.00 P 20260807 -1.00 -1.00 6 1108 1.1526 -0.0055 0.000294
457.50 P 20260807 -1.00 -1.00 4 161 1.1663 -0.0072 0.000369
460.00 P 20260807 -1.00 -1.00 11 2543 1.0855 -0.0050 0.000288
462.50 P 20260807 -1.00 -1.00 1 100 1.0993 -0.0068 0.000373
465.00 P 20260807 -1.00 -1.00 25 496 1.0578 -0.0063 0.000358
467.50 P 20260807 -1.00 -1.00 12 73 1.0551 -0.0074 0.000416
470.00 P 20260807 -1.00 -1.00 41 5481 1.0470 -0.0083 0.000465
472.50 P 20260807 -1.00 -1.00 2 152 1.0059 -0.0077 0.000455
475.00 P 20260807 -1.00 -1.00 62 1680 1.0307 -0.0101 0.000568
477.50 P 20260807 -1.00 -1.00 15 42 0.9736 -0.0089 0.000534
480.00 P 20260807 -1.00 -1.00 35 1536 0.9875 -0.0108 0.000632
482.50 P 20260807 -1.00 -1.00 9 45 0.9308 -0.0096 0.000599
485.00 P 20260807 -1.00 -1.00 11 789 0.9544 -0.0135 0.000786
487.50 P 20260807 -1.00 -1.00 14 152 0.8992 -0.0109 0.000698
490.00 P 20260807 -1.00 -1.00 55 884 0.9099 -0.0152 0.000911
492.50 P 20260807 -1.00 -1.00 40 241 0.9132 -0.0188 0.001088
495.00 P 20260807 -1.00 -1.00 30 729 0.8774 -0.0184 0.001108
497.50 P 20260807 -1.00 -1.00 1 332 0.9014 -0.0242 0.001373
500.00 P 20260807 -1.00 -1.00 91 6690 0.8499 -0.0222 0.001352
502.50 P 20260807 -1.00 -1.00 11 209 0.8578 -0.0265 0.001568
505.00 P 20260807 -1.00 -1.00 18 1017 0.8419 -0.0285 0.001703
507.50 P 20260807 -1.00 -1.00 1 156 0.7875 -0.0262 0.001688
510.00 P 20260807 -1.00 -1.00 14 2304 0.7961 -0.0332 0.002024
512.50 P 20260807 -1.00 -1.00 9 1364 0.7970 -0.0407 0.002374
515.00 P 20260807 -1.00 -1.00 65 1004 0.7586 -0.0402 0.002469
517.50 P 20260807 -1.00 -1.00 96 476 0.7641 -0.0489 0.002880
520.00 P 20260807 -1.00 -1.00 87 1875 0.7494 -0.0536 0.003173
522.50 P 20260807 -1.00 -1.00 63 131 0.7237 -0.0563 0.003424
525.00 P 20260807 -1.00 -1.00 59 786 0.7280 -0.0659 0.003879
527.50 P 20260807 -1.00 -1.00 25 621 0.7098 -0.0737 0.004299
530.00 P 20260807 -1.00 -1.00 356 10008 0.6762 -0.0767 0.004645
532.50 P 20260807 -1.00 -1.00 12 69 0.6806 -0.0926 0.005301
535.00 P 20260807 -1.00 -1.00 94 12622 0.6894 -0.1097 0.005958
537.50 P 20260807 -1.00 -1.00 13 102 0.6886 -0.1237 0.006565
540.00 P 20260807 -1.00 -1.00 204 1354 0.6647 -0.1348 0.007180
542.50 P 20260807 -1.00 -1.00 78 331 0.6544 -0.1530 0.007880
545.00 P 20260807 -1.00 -1.00 173 1824 0.6370 -0.1691 0.008630
547.50 P 20260807 -1.00 -1.00 3 128 0.6385 -0.1926 0.009385
550.00 P 20260807 -1.00 -1.00 193 4243 0.6522 -0.2194 0.010059
552.50 P 20260807 -1.00 -1.00 18 317 0.6320 -0.2415 0.010844
555.00 P 20260807 -1.00 -1.00 108 293 0.6225 -0.2686 0.011572
557.50 P 20260807 -1.00 -1.00 39 61 0.6131 -0.2966 0.012339
560.00 P 20260807 -1.00 -1.00 242 654 0.6290 -0.3309 0.012733
562.50 P 20260807 -1.00 -1.00 49 284 0.6105 -0.3598 0.013532
565.00 P 20260807 -1.00 -1.00 41 328 0.5876 -0.3917 0.014316
567.50 P 20260807 -1.00 -1.00 9 103 0.5924 -0.4287 0.014495
570.00 P 20260807 -1.00 -1.00 114 2290 0.6026 -0.4653 0.014536
572.50 P 20260807 -1.00 -1.00 8 54 0.6046 -0.5009 0.014605
575.00 P 20260807 -1.00 -1.00 266 683 0.5718 -0.5394 0.015212
577.50 P 20260807 -1.00 -1.00 11 57 0.5842 -0.5747 0.014681
580.00 P 20260807 -1.00 -1.00 56 563 0.6005 -0.6077 0.014094
582.50 P 20260807 -1.00 -1.00 3 45 0.5717 -0.6494 0.014339
585.00 P 20260807 -1.00 -1.00 5 95 0.5634 -0.6846 0.013825
587.50 P 20260807 -1.00 -1.00 51 127 0.5644 -0.7172 0.013131
590.00 P 20260807 -1.00 -1.00 1 39 0.3565 -0.8651 0.013698
592.50 P 20260807 -1.00 -1.00 14 34 0.5732 -0.7750 0.011587
595.00 P 20260807 -1.00 -1.00 3 213 0.6064 -0.7864 0.010576
597.50 P 20260807 -1.00 -1.00 2 30 0.5875 -0.8178 0.009865
600.00 P 20260807 -1.00 -1.00 4 267 0.5845 -0.8433 0.009055
602.50 P 20260807 -1.00 -1.00 1 18 0.5897 -0.8640 0.008259
605.00 P 20260807 -1.00 -1.00 1 60 -1.0000 -1.0000 -1.000000
607.50 P 20260807 -1.00 -1.00 1 13 -1.0000 -1.0000 -1.000000
610.00 P 20260807 -1.00 -1.00 2 48 0.5716 -0.9198 0.005810
612.50 P 20260807 -1.00 -1.00 1 7 0.4156 -0.9831 0.002603
615.00 P 20260807 -1.00 -1.00 1 136 0.5983 -0.9351 0.004753
617.50 P 20260807 -1.00 -1.00 1 18 0.6224 -0.9374 0.004436
620.00 P 20260807 -1.00 -1.00 2 85 -1.0000 -1.0000 -1.000000
622.50 P 20260807 -1.00 -1.00 26 15 0.6240 -0.9542 0.003460
625.00 P 20260807 -1.00 -1.00 1 24 -1.0000 -1.0000 -1.000000
627.50 P 20260807 -1.00 -1.00 5 13 0.6054 -0.9734 0.002380
630.00 P 20260807 -1.00 -1.00 1 18 -1.0000 -1.0000 -1.000000
632.50 P 20260807 -1.00 -1.00 2 2 -1.0000 -1.0000 -1.000000
635.00 P 20260807 -1.00 -1.00 2 11 -1.0000 -1.0000 -1.000000
637.50 P 20260807 -1.00 -1.00 4 0 0.6442 -0.9838 0.001538
640.00 P 20260807 -1.00 -1.00 1 5 -1.0000 -1.0000 -1.000000
642.50 P 20260807 -1.00 -1.00 2 1 -1.0000 -1.0000 -1.000000
645.00 P 20260807 -1.00 -1.00 4 3 0.6794 -0.9891 0.001095
647.50 P 20260807 -1.00 -1.00 2 0 -1.0000 -1.0000 -1.000000
650.00 P 20260807 -1.00 -1.00 2 0 -1.0000 -1.0000 -1.000000
652.50 P 20260807 -1.00 -1.00 -1 0 0.7053 -0.9920 0.000854
655.00 P 20260807 -1.00 -1.00 124 0 0.7226 -0.9922 0.000817
657.50 P 20260807 -1.00 -1.00 -1 0 -1.0000 -1.0000 -1.000000
660.00 P 20260807 -1.00 -1.00 1 0 -1.0000 -1.0000 -1.000000
662.50 P 20260807 -1.00 -1.00 -1 0 -1.0000 -1.0000 -1.000000
665.00 P 20260807 -1.00 -1.00 2 0 -1.0000 -1.0000 -1.000000
667.50 P 20260807 -1.00 -1.00 -1 0 0.7287 -0.9985 0.000310
670.00 P 20260807 -1.00 -1.00 1 0 -1.0000 -1.0000 -1.000000
672.50 P 20260807 -1.00 -1.00 2 0 -1.0000 -1.0000 -1.000000
675.00 P 20260807 -1.00 -1.00 2 0 -1.0000 -1.0000 -1.000000
677.50 P 20260807 -1.00 -1.00 -1 0 -1.0000 -1.0000 -1.000000
680.00 P 20260807 -1.00 -1.00 1 0 -1.0000 -1.0000 -1.000000
685.00 P 20260807 -1.00 -1.00 2 0 -1.0000 -1.0000 -1.000000
690.00 P 20260807 -1.00 -1.00 -1 0 -1.0000 -1.0000 -1.000000
695.00 P 20260807 -1.00 -1.00 2 0 -1.0000 -1.0000 -1.000000
700.00 P 20260807 -1.00 -1.00 1 0 -1.0000 -1.0000 -1.000000
705.00 P 20260807 -1.00 -1.00 2 0 -1.0000 -1.0000 -1.000000
710.00 P 20260807 -1.00 -1.00 -1 0 -1.0000 -1.0000 -1.000000
715.00 P 20260807 -1.00 -1.00 -1 0 -1.0000 -1.0000 -1.000000
720.00 P 20260807 -1.00 -1.00 -1 0 -1.0000 -1.0000 -1.000000
725.00 P 20260807 -1.00 -1.00 1 0 -1.0000 -1.0000 -1.000000
417.50 C 20260810 -1.00 -1.00 -1 0 1.3795 0.9769 0.000575
420.00 C 20260810 -1.00 -1.00 1 1 1.0018 0.9962 0.000161
422.50 C 20260810 -1.00 -1.00 -1 0 1.1453 0.9893 0.000358
425.00 C 20260810 -1.00 -1.00 -1 0 1.0021 0.9944 0.000227
427.50 C 20260810 -1.00 -1.00 -1 0 1.0215 0.9927 0.000284
430.00 C 20260810 -1.00 -1.00 -1 0 0.9832 0.9934 0.000267
432.50 C 20260810 -1.00 -1.00 -1 0 0.9642 0.9934 0.000275
435.00 C 20260810 -1.00 -1.00 -1 0 0.8881 0.9961 0.000185
437.50 C 20260810 -1.00 -1.00 -1 0 1.3293 0.9598 0.000937
440.00 C 20260810 -1.00 -1.00 -1 0 0.8511 0.9961 0.000195
442.50 C 20260810 -1.00 -1.00 -1 0 1.2417 0.9631 0.000936
445.00 C 20260810 -1.00 -1.00 -1 0 0.9761 0.9863 0.000514
447.50 C 20260810 -1.00 -1.00 -1 0 0.9561 0.9861 0.000532
450.00 C 20260810 -1.00 -1.00 2 1 0.9361 0.9859 0.000551
452.50 C 20260810 -1.00 -1.00 -1 0 0.9644 0.9811 0.000689
455.00 C 20260810 -1.00 -1.00 -1 0 0.8806 0.9871 0.000543
457.50 C 20260810 -1.00 -1.00 -1 0 0.7994 0.9915 0.000415
460.00 C 20260810 -1.00 -1.00 12 7 0.8655 0.9841 0.000660
462.50 C 20260810 -1.00 -1.00 -1 0 1.4984 0.8975 0.001741
465.00 C 20260810 -1.00 -1.00 -1 0 0.8030 0.9862 0.000630
467.50 C 20260810 -1.00 -1.00 -1 0 0.9953 0.9588 0.001277
470.00 C 20260810 -1.00 -1.00 -1 0 0.7885 0.9829 0.000772
472.50 C 20260810 -1.00 -1.00 198 99 0.7852 0.9807 0.000860
475.00 C 20260810 -1.00 -1.00 2 1 0.7741 0.9794 0.000923
477.50 C 20260810 -1.00 -1.00 -1 0 0.7084 0.9848 0.000773
480.00 C 20260810 -1.00 -1.00 -1 5 1.2270 0.8959 0.002147
482.50 C 20260810 -1.00 -1.00 -1 0 0.7334 0.9762 0.001108
485.00 C 20260810 -1.00 -1.00 -1 0 0.7381 0.9730 0.001236
487.50 C 20260810 -1.00 -1.00 2 1 0.8848 0.9413 0.001939
490.00 C 20260810 -1.00 -1.00 10 72 1.2937 0.8567 0.002536
492.50 C 20260810 -1.00 -1.00 -1 0 1.2876 0.8498 0.002627
495.00 C 20260810 -1.00 -1.00 24 14 0.6954 0.9612 0.001742
497.50 C 20260810 -1.00 -1.00 3 1 1.0141 0.8864 0.002782
500.00 C 20260810 -1.00 -1.00 3 2 0.6506 0.9600 0.001906
502.50 C 20260810 -1.00 -1.00 -1 0 0.6570 0.9526 0.002172
505.00 C 20260810 -1.00 -1.00 201 101 0.6405 0.9504 0.002314
507.50 C 20260810 -1.00 -1.00 201 100 0.6274 0.9475 0.002480
510.00 C 20260810 -1.00 -1.00 12 6 0.9498 0.8544 0.003492
512.50 C 20260810 -1.00 -1.00 -1 0 0.6258 0.9340 0.002996
515.00 C 20260810 -1.00 -1.00 92 46 0.7308 0.8916 0.003711
517.50 C 20260810 -1.00 -1.00 -1 0 0.5905 0.9256 0.003455
520.00 C 20260810 -1.00 -1.00 2 1 0.8231 0.8423 0.004242
522.50 C 20260810 -1.00 -1.00 1 1 1.0726 0.7783 0.004062
525.00 C 20260810 -1.00 -1.00 26 5 0.6764 0.8629 0.004729
527.50 C 20260810 -1.00 -1.00 2 6 0.5598 0.8911 0.004857
530.00 C 20260810 -1.00 -1.00 22 38 0.7303 0.8173 0.005273
532.50 C 20260810 -1.00 -1.00 8 5 0.7258 0.8050 0.005549
535.00 C 20260810 -1.00 -1.00 7 496 0.5457 0.8523 0.006142
537.50 C 20260810 -1.00 -1.00 12 19 0.5375 0.8380 0.006614
540.00 C 20260810 -1.00 -1.00 3 5 0.8856 0.7218 0.005502
542.50 C 20260810 -1.00 -1.00 2 17 0.5240 0.8068 0.007627
545.00 C 20260810 -1.00 -1.00 8 10 0.5440 0.7809 0.008003
547.50 C 20260810 -1.00 -1.00 2 55 0.5214 0.7669 0.008586
550.00 C 20260810 -1.00 -1.00 3 92 0.5256 0.7411 0.008946
552.50 C 20260810 -1.00 -1.00 2 166 0.4946 0.7280 0.009739
555.00 C 20260810 -1.00 -1.00 5 129 0.4999 0.7008 0.010110
557.50 C 20260810 -1.00 -1.00 2 404 0.5009 0.6753 0.010533
560.00 C 20260810 -1.00 -1.00 2 45 0.5077 0.6474 0.010751
562.50 C 20260810 -1.00 -1.00 1 6 0.4979 0.6211 0.011138
565.00 C 20260810 -1.00 -1.00 5 80 0.5000 0.5921 0.011280
567.50 C 20260810 -1.00 -1.00 19 12 0.5177 0.5621 0.011085
570.00 C 20260810 -1.00 -1.00 1 48 0.6795 0.5332 0.008595
572.50 C 20260810 -1.00 -1.00 1 130 0.5167 0.5069 0.011365
575.00 C 20260810 -1.00 -1.00 2 11 0.5102 0.4789 0.011392
577.50 C 20260810 -1.00 -1.00 1 36 0.5101 0.4511 0.011277
580.00 C 20260810 -1.00 -1.00 15 214 0.5136 0.4240 0.011087
582.50 C 20260810 -1.00 -1.00 1 27 0.5198 0.3979 0.010848
585.00 C 20260810 -1.00 -1.00 12 76 0.5295 0.3735 0.010550
587.50 C 20260810 -1.00 -1.00 1 26 0.5212 0.3474 0.010370
590.00 C 20260810 -1.00 -1.00 16 78 0.5206 0.3236 0.010035
592.50 C 20260810 -1.00 -1.00 1 34 0.5231 0.3009 0.009659
595.00 C 20260810 -1.00 -1.00 1 24 0.5215 0.2767 0.009337
597.50 C 20260810 -1.00 -1.00 26 18 0.5695 0.2748 0.008525
600.00 C 20260810 -1.00 -1.00 12 28 0.5326 0.2368 0.008528
602.50 C 20260810 -1.00 -1.00 1 12 0.5503 0.2267 0.008013
605.00 C 20260810 -1.00 -1.00 4 82 0.5387 0.2047 0.007653
607.50 C 20260810 -1.00 -1.00 40 38 0.5484 0.1920 0.007217
610.00 C 20260810 -1.00 -1.00 2 18 0.5571 0.1793 0.006808
612.50 C 20260810 -1.00 -1.00 25 12 0.5612 0.1648 0.006420
615.00 C 20260810 -1.00 -1.00 76 72 0.5739 0.1549 0.006056
617.50 C 20260810 -1.00 -1.00 27 19 0.5766 0.1407 0.005698
620.00 C 20260810 -1.00 -1.00 1 26 0.5707 0.1278 0.005340
622.50 C 20260810 -1.00 -1.00 81 67 0.5647 0.1146 0.004965
625.00 C 20260810 -1.00 -1.00 6 34 0.5546 0.0992 0.004544
627.50 C 20260810 -1.00 -1.00 34 28 0.5812 0.1001 0.004367
630.00 C 20260810 -1.00 -1.00 42 37 0.5799 0.0890 0.004023
632.50 C 20260810 -1.00 -1.00 51 30 0.5771 0.0771 0.003662
635.00 C 20260810 -1.00 -1.00 2 2 0.5772 0.0696 0.003383
637.50 C 20260810 -1.00 -1.00 2 4 0.5880 0.0667 0.003202
640.00 C 20260810 -1.00 -1.00 3 1 0.5868 0.0604 0.002951
642.50 C 20260810 -1.00 -1.00 3 2 0.5909 0.0556 0.002741
645.00 C 20260810 -1.00 -1.00 2 3 0.6147 0.0570 0.002686
647.50 C 20260810 -1.00 -1.00 2 1 0.6043 0.0481 0.002381
650.00 C 20260810 -1.00 -1.00 15 14 0.6260 0.0491 0.002337
652.50 C 20260810 -1.00 -1.00 7 6 0.6477 0.0500 0.002294
655.00 C 20260810 -1.00 -1.00 4 3 0.6549 0.0468 0.002151
657.50 C 20260810 -1.00 -1.00 2 3 0.6705 0.0461 0.002076
660.00 C 20260810 -1.00 -1.00 12 12 0.6822 0.0443 0.001979
662.50 C 20260810 -1.00 -1.00 4 1 0.6932 0.0425 0.001883
665.00 C 20260810 -1.00 -1.00 -1 0 0.7054 0.0410 0.001801
667.50 C 20260810 -1.00 -1.00 -1 0 0.7169 0.0394 0.001719
670.00 C 20260810 -1.00 -1.00 14 13 0.7284 0.0379 0.001642
672.50 C 20260810 -1.00 -1.00 5 4 0.7405 0.0365 0.001573
675.00 C 20260810 -1.00 -1.00 1 1 0.7513 0.0349 0.001499
680.00 C 20260810 -1.00 -1.00 1 1 0.7906 0.0366 0.001476
685.00 C 20260810 -1.00 -1.00 1 1 0.8162 0.0348 0.001377
690.00 C 20260810 -1.00 -1.00 -1 0 0.8500 0.0351 0.001333
695.00 C 20260810 -1.00 -1.00 -1 0 0.8745 0.0341 0.001263
700.00 C 20260810 -1.00 -1.00 -1 0 0.8948 0.0328 0.001192
705.00 C 20260810 -1.00 -1.00 -1 0 0.9187 0.0320 0.001136
710.00 C 20260810 -1.00 -1.00 -1 0 0.9412 0.0312 0.001082
715.00 C 20260810 -1.00 -1.00 3 2 0.9597 0.0299 0.001022
720.00 C 20260810 -1.00 -1.00 2 1 0.9570 0.0261 0.000911
725.00 C 20260810 -1.00 -1.00 -1 0 0.9803 0.0256 0.000873
417.50 P 20260810 -1.00 -1.00 2 1 1.0822 -0.0063 0.000235
420.00 P 20260810 -1.00 -1.00 2 1 1.0870 -0.0073 0.000268
422.50 P 20260810 -1.00 -1.00 4 3 1.0066 -0.0049 0.000200
425.00 P 20260810 -1.00 -1.00 3 11 0.9846 -0.0048 0.000201
427.50 P 20260810 -1.00 -1.00 -1 0 1.2611 -0.0224 0.000614
430.00 P 20260810 -1.00 -1.00 3 24 0.9448 -0.0048 0.000209
432.50 P 20260810 -1.00 -1.00 2 67 0.9385 -0.0054 0.000235
435.00 P 20260810 -1.00 -1.00 5 6 1.0585 -0.0129 0.000453
437.50 P 20260810 -1.00 -1.00 7 5 0.9565 -0.0081 0.000334
440.00 P 20260810 -1.00 -1.00 4 5 0.9909 -0.0108 0.000419
442.50 P 20260810 -1.00 -1.00 6 19 0.9326 -0.0089 0.000374
445.00 P 20260810 -1.00 -1.00 5 21 0.8811 -0.0075 0.000336
447.50 P 20260810 -1.00 -1.00 1 23 0.8374 -0.0062 0.000300
450.00 P 20260810 -1.00 -1.00 9 54 0.8616 -0.0085 0.000388
452.50 P 20260810 -1.00 -1.00 2 32 0.9300 -0.0157 0.000606
455.00 P 20260810 -1.00 -1.00 20 22 0.9139 -0.0163 0.000638
457.50 P 20260810 -1.00 -1.00 13 15 0.9600 -0.0227 0.000815
460.00 P 20260810 -1.00 -1.00 3 49 0.9772 -0.0263 0.000914
462.50 P 20260810 -1.00 -1.00 22 42 0.9200 -0.0235 0.000876
465.00 P 20260810 -1.00 -1.00 1 15 0.9293 -0.0266 0.000968
467.50 P 20260810 -1.00 -1.00 9 13 0.8173 -0.0179 0.000772
470.00 P 20260810 -1.00 -1.00 48 76 0.7387 -0.0109 0.000566
472.50 P 20260810 -1.00 -1.00 15 11 0.7957 -0.0204 0.000893
475.00 P 20260810 -1.00 -1.00 24 30 0.7881 -0.0221 0.000967
477.50 P 20260810 -1.00 -1.00 14 9 0.7478 -0.0201 0.000935
480.00 P 20260810 -1.00 -1.00 31 48 0.7825 -0.0266 0.001150
482.50 P 20260810 -1.00 -1.00 19 145 0.7825 -0.0310 0.001296
485.00 P 20260810 -1.00 -1.00 6 10 0.6808 -0.0199 0.001021
487.50 P 20260810 -1.00 -1.00 3 25 0.7595 -0.0364 0.001517
490.00 P 20260810 -1.00 -1.00 9 416 0.6681 -0.0241 0.001231
492.50 P 20260810 -1.00 -1.00 7 278 0.7161 -0.0378 0.001656
495.00 P 20260810 -1.00 -1.00 13 90 0.6604 -0.0304 0.001514
497.50 P 20260810 -1.00 -1.00 1 596 0.6899 -0.0431 0.001914
500.00 P 20260810 -1.00 -1.00 29 447 0.6108 -0.0296 0.001606
502.50 P 20260810 -1.00 -1.00 9 287 0.6624 -0.0485 0.002198
505.00 P 20260810 -1.00 -1.00 12 17 0.6575 -0.0533 0.002398
507.50 P 20260810 -1.00 -1.00 4 79 0.6640 -0.0606 0.002650
510.00 P 20260810 -1.00 -1.00 5 226 0.6444 -0.0625 0.002804
512.50 P 20260810 -1.00 -1.00 1 155 0.6016 -0.0591 0.002862
515.00 P 20260810 -1.00 -1.00 138 240 0.5918 -0.0638 0.003098
517.50 P 20260810 -1.00 -1.00 41 58 0.5924 -0.0752 0.003472
520.00 P 20260810 -1.00 -1.00 2 108 0.5869 -0.0843 0.003810
522.50 P 20260810 -1.00 -1.00 154 19 0.5607 -0.0859 0.004044
525.00 P 20260810 -1.00 -1.00 105 119 0.5386 -0.0891 0.004330
527.50 P 20260810 -1.00 -1.00 4 91 0.5959 -0.1207 0.004957
530.00 P 20260810 -1.00 -1.00 156 134 0.5284 -0.1098 0.005181
532.50 P 20260810 -1.00 -1.00 53 52 0.5538 -0.1339 0.005701
535.00 P 20260810 -1.00 -1.00 159 179 0.5385 -0.1446 0.006145
537.50 P 20260810 -1.00 -1.00 5 196 0.5092 -0.1492 0.006629
540.00 P 20260810 -1.00 -1.00 311 149 0.5240 -0.1748 0.007133
542.50 P 20260810 -1.00 -1.00 20 4 0.5104 -0.1879 0.007688
545.00 P 20260810 -1.00 -1.00 137 16 0.5248 -0.2122 0.008136
547.50 P 20260810 -1.00 -1.00 36 69 0.4982 -0.2230 0.008821
550.00 P 20260810 -1.00 -1.00 8 240 0.4961 -0.2474 0.009288
552.50 P 20260810 -1.00 -1.00 1 4 0.4684 -0.2620 0.010108
555.00 P 20260810 -1.00 -1.00 1 53 0.4706 -0.2897 0.010573
557.50 P 20260810 -1.00 -1.00 1 2 0.4792 -0.3190 0.010918
560.00 P 20260810 -1.00 -1.00 4 8 0.4858 -0.3477 0.011221
562.50 P 20260810 -1.00 -1.00 14 7 0.4752 -0.3749 0.011662
565.00 P 20260810 -1.00 -1.00 188 178 0.4590 -0.4024 0.012269
567.50 P 20260810 -1.00 -1.00 3 100 0.4632 -0.4340 0.012383
570.00 P 20260810 -1.00 -1.00 203 9 0.4818 -0.4654 0.012119
572.50 P 20260810 -1.00 -1.00 1 6 0.4823 -0.4951 0.012201
575.00 P 20260810 -1.00 -1.00 44 103 0.4923 -0.5236 0.011829
577.50 P 20260810 -1.00 -1.00 2 1 0.4217 -0.5650 0.013609
580.00 P 20260810 -1.00 -1.00 2 2 0.4786 -0.5843 0.011897
582.50 P 20260810 -1.00 -1.00 1 1 0.4840 -0.6125 0.011644
585.00 P 20260810 -1.00 -1.00 2 1 0.4520 -0.6510 0.012056
587.50 P 20260810 -1.00 -1.00 -1 0 0.4874 -0.6649 0.010956
590.00 P 20260810 -1.00 -1.00 1 2 0.4563 -0.7037 0.011068
592.50 P 20260810 -1.00 -1.00 2 1 0.4660 -0.7259 0.010478
595.00 P 20260810 -1.00 -1.00 1 1 0.4623 -0.7547 0.010095
597.50 P 20260810 -1.00 -1.00 -1 0 0.4530 -0.7811 0.009620
600.00 P 20260810 -1.00 -1.00 4 3 0.4961 -0.7803 0.008795
602.50 P 20260810 -1.00 -1.00 -1 0 0.5034 -0.7956 0.008273
605.00 P 20260810 -1.00 -1.00 -1 0 0.3377 -0.9171 0.006947
607.50 P 20260810 -1.00 -1.00 -1 0 0.2751 -0.9738 0.004222
610.00 P 20260810 -1.00 -1.00 -1 0 -1.0000 -1.0000 -1.000000
612.50 P 20260810 -1.00 -1.00 -1 0 0.4271 -0.9059 0.005899
615.00 P 20260810 -1.00 -1.00 -1 0 -1.0000 -1.0000 -1.000000
617.50 P 20260810 -1.00 -1.00 -1 0 0.5103 -0.8887 0.005517
620.00 P 20260810 -1.00 -1.00 -1 0 0.5074 -0.9024 0.005059
622.50 P 20260810 -1.00 -1.00 1 1 0.5102 -0.9133 0.004645
625.00 P 20260810 -1.00 -1.00 -1 0 0.5308 -0.9147 0.004410
627.50 P 20260810 -1.00 -1.00 1 1 -1.0000 -1.0000 -1.000000
630.00 P 20260810 -1.00 -1.00 -1 0 -1.0000 -1.0000 -1.000000
632.50 P 20260810 -1.00 -1.00 -1 0 0.5220 -0.9442 0.003308
635.00 P 20260810 -1.00 -1.00 -1 0 -1.0000 -1.0000 -1.000000
637.50 P 20260810 -1.00 -1.00 -1 0 0.5184 -0.9595 0.002651
640.00 P 20260810 -1.00 -1.00 -1 0 0.5231 -0.9646 0.002392
642.50 P 20260810 -1.00 -1.00 -1 0 0.5201 -0.9714 0.002096
645.00 P 20260810 -1.00 -1.00 -1 0 0.5405 -0.9706 0.002048
647.50 P 20260810 -1.00 -1.00 -1 0 -1.0000 -1.0000 -1.000000
650.00 P 20260810 -1.00 -1.00 -1 0 0.5158 -0.9830 0.001480
652.50 P 20260810 -1.00 -1.00 -1 0 0.4625 -0.9964 0.000762
655.00 P 20260810 -1.00 -1.00 -1 0 0.5647 -0.9787 0.001547
657.50 P 20260810 -1.00 -1.00 -1 0 -1.0000 -1.0000 -1.000000
660.00 P 20260810 -1.00 -1.00 -1 0 -1.0000 -1.0000 -1.000000
662.50 P 20260810 -1.00 -1.00 -1 0 0.6036 -0.9799 0.001375
665.00 P 20260810 -1.00 -1.00 1 0 0.5199 -0.9967 0.000616
667.50 P 20260810 -1.00 -1.00 -1 0 0.6066 -0.9853 0.001119
670.00 P 20260810 -1.00 -1.00 -1 0 -1.0000 -1.0000 -1.000000
672.50 P 20260810 -1.00 -1.00 -1 0 -1.0000 -1.0000 -1.000000
675.00 P 20260810 -1.00 -1.00 -1 0 -1.0000 -1.0000 -1.000000
680.00 P 20260810 -1.00 -1.00 -1 0 -1.0000 -1.0000 -1.000000
685.00 P 20260810 -1.00 -1.00 -1 0 -1.0000 -1.0000 -1.000000
690.00 P 20260810 -1.00 -1.00 -1 0 -1.0000 -1.0000 -1.000000
695.00 P 20260810 -1.00 -1.00 1 0 -1.0000 -1.0000 -1.000000
700.00 P 20260810 -1.00 -1.00 -1 0 -1.0000 -1.0000 -1.000000
705.00 P 20260810 -1.00 -1.00 -1 0 -1.0000 -1.0000 -1.000000
710.00 P 20260810 -1.00 -1.00 -1 0 -1.0000 -1.0000 -1.000000
715.00 P 20260810 -1.00 -1.00 -1 0 -1.0000 -1.0000 -1.000000
720.00 P 20260810 -1.00 -1.00 -1 0 -1.0000 -1.0000 -1.000000
725.00 P 20260810 -1.00 -1.00 -1 0 -1.0000 -1.0000 -1.000000
417.50 C 20260812 -1.00 -1.00 -1 0 0.8667 0.9965 0.000147
420.00 C 20260812 -1.00 -1.00 1 2 0.8998 0.9940 0.000230
422.50 C 20260812 -1.00 -1.00 1 1 0.7433 0.9986 0.000072
425.00 C 20260812 -1.00 -1.00 1 1 0.8496 0.9947 0.000215
427.50 C 20260812 -1.00 -1.00 -1 0 0.8825 0.9922 0.000296
430.00 C 20260812 -1.00 -1.00 1 1 0.8494 0.9930 0.000281
432.50 C 20260812 -1.00 -1.00 1 1 0.7661 0.9966 0.000164
435.00 C 20260812 -1.00 -1.00 -1 0 0.8164 0.9928 0.000297
437.50 C 20260812 -1.00 -1.00 1 1 0.8686 0.9887 0.000419
440.00 C 20260812 -1.00 -1.00 -1 0 1.3464 0.9299 0.001234
442.50 C 20260812 -1.00 -1.00 -1 0 1.3287 0.9279 0.001276
445.00 C 20260812 -1.00 -1.00 -1 0 0.7517 0.9926 0.000333
447.50 C 20260812 -1.00 -1.00 -1 0 0.7680 0.9907 0.000403
450.00 C 20260812 -1.00 -1.00 -1 0 0.8028 0.9856 0.000558
452.50 C 20260812 -1.00 -1.00 -1 0 1.3008 0.9135 0.001497
455.00 C 20260812 -1.00 -1.00 -1 0 0.7687 0.9851 0.000598
457.50 C 20260812 -1.00 -1.00 -1 0 1.2094 0.9175 0.001553
460.00 C 20260812 -1.00 -1.00 -1 0 1.5204 0.8689 0.001735
462.50 C 20260812 -1.00 -1.00 -1 0 0.7999 0.9750 0.000906
465.00 C 20260812 -1.00 -1.00 -1 0 1.3052 0.8897 0.001810
467.50 C 20260812 -1.00 -1.00 -1 0 0.9627 0.9418 0.001512
470.00 C 20260812 -1.00 -1.00 1 1 0.7228 0.9767 0.000942
472.50 C 20260812 -1.00 -1.00 -1 0 0.7265 0.9739 0.001038
475.00 C 20260812 -1.00 -1.00 1 1 0.6766 0.9775 0.000976
477.50 C 20260812 -1.00 -1.00 -1 0 0.6937 0.9729 0.001126
480.00 C 20260812 -1.00 -1.00 -1 0 0.6922 0.9684 0.001269
482.50 C 20260812 -1.00 -1.00 -1 0 0.6608 0.9709 0.001246
485.00 C 20260812 -1.00 -1.00 2 1 0.6693 0.9638 0.001459
487.50 C 20260812 -1.00 -1.00 -1 0 0.6547 0.9622 0.001544
490.00 C 20260812 -1.00 -1.00 10 3 0.6434 0.9598 0.001654
492.50 C 20260812 -1.00 -1.00 -1 0 0.6289 0.9580 0.001752
495.00 C 20260812 -1.00 -1.00 -1 0 0.9798 0.8679 0.002716
497.50 C 20260812 -1.00 -1.00 -1 0 0.9573 0.8645 0.002825
500.00 C 20260812 -1.00 -1.00 6 3 0.6250 0.9430 0.002282
502.50 C 20260812 -1.00 -1.00 -1 0 0.6140 0.9400 0.002426
505.00 C 20260812 -1.00 -1.00 6 3 0.6626 0.9154 0.002889
507.50 C 20260812 -1.00 -1.00 -1 0 0.6742 0.9033 0.003142
510.00 C 20260812 -1.00 -1.00 17 45 0.5849 0.9239 0.003025
512.50 C 20260812 -1.00 -1.00 2 1 0.5762 0.9175 0.003260
515.00 C 20260812 -1.00 -1.00 6 3 0.5675 0.9108 0.003508
517.50 C 20260812 -1.00 -1.00 2 1 0.5755 0.8981 0.003833
520.00 C 20260812 -1.00 -1.00 4 4 0.5854 0.8851 0.004142
522.50 C 20260812 -1.00 -1.00 1 0 0.5783 0.8775 0.004412
525.00 C 20260812 -1.00 -1.00 7 18 0.5734 0.8652 0.004713
527.50 C 20260812 -1.00 -1.00 19 14 0.5942 0.8422 0.005021
530.00 C 20260812 -1.00 -1.00 30 64 0.5637 0.8399 0.005343
532.50 C 20260812 -1.00 -1.00 416 135 0.5552 0.8284 0.005678
535.00 C 20260812 -1.00 -1.00 3 28 0.5419 0.8183 0.006043
537.50 C 20260812 -1.00 -1.00 1 200 0.5504 0.7999 0.006359
540.00 C 20260812 -1.00 -1.00 5 79 0.5595 0.7808 0.006636
542.50 C 20260812 -1.00 -1.00 27 14 0.5435 0.7677 0.007015
545.00 C 20260812 -1.00 -1.00 20 45 0.5396 0.7493 0.007324
547.50 C 20260812 -1.00 -1.00 34 17 0.5466 0.7269 0.007539
550.00 C 20260812 -1.00 -1.00 4 8 0.6956 0.6740 0.006507
552.50 C 20260812 -1.00 -1.00 8 24 0.5369 0.6899 0.008196
555.00 C 20260812 -1.00 -1.00 9 164 0.5759 0.6614 0.008009
557.50 C 20260812 -1.00 -1.00 1 36 0.5623 0.6428 0.008299
560.00 C 20260812 -1.00 -1.00 1 77 0.5308 0.6264 0.008885
562.50 C 20260812 -1.00 -1.00 1 12 0.5379 0.6024 0.008896
565.00 C 20260812 -1.00 -1.00 28 25 0.5450 0.5791 0.008905
567.50 C 20260812 -1.00 -1.00 5 31 0.5364 0.5571 0.009167
570.00 C 20260812 -1.00 -1.00 23 11 0.6354 0.5341 0.007849
572.50 C 20260812 -1.00 -1.00 4 6 0.6417 0.5151 0.007817
575.00 C 20260812 -1.00 -1.00 83 65 0.5372 0.4891 0.009264
577.50 C 20260812 -1.00 -1.00 10 14 0.5431 0.4673 0.009094
580.00 C 20260812 -1.00 -1.00 17 61 0.5412 0.4447 0.009053
582.50 C 20260812 -1.00 -1.00 5 13 0.5394 0.4220 0.009011
585.00 C 20260812 -1.00 -1.00 9 41 0.5337 0.3982 0.009029
587.50 C 20260812 -1.00 -1.00 3 11 0.5472 0.3794 0.008747
590.00 C 20260812 -1.00 -1.00 19 25 0.5401 0.3575 0.008656
592.50 C 20260812 -1.00 -1.00 319 207 0.5263 0.3335 0.008592
595.00 C 20260812 -1.00 -1.00 98 69 0.5578 0.3249 0.008008
597.50 C 20260812 -1.00 -1.00 59 32 0.5666 0.3094 0.007709
600.00 C 20260812 -1.00 -1.00 24 136 0.5209 0.2714 0.007918
602.50 C 20260812 -1.00 -1.00 108 48 0.5401 0.2606 0.007510
605.00 C 20260812 -1.00 -1.00 95 52 0.5454 0.2439 0.007242
607.50 C 20260812 -1.00 -1.00 81 34 0.5970 0.2500 0.006684
610.00 C 20260812 -1.00 -1.00 22 25 0.5697 0.2250 0.006568
612.50 C 20260812 -1.00 -1.00 47 16 0.5387 0.1972 0.006377
615.00 C 20260812 -1.00 -1.00 22 51 0.5491 0.1876 0.006065
617.50 C 20260812 -1.00 -1.00 48 22 0.5516 0.1745 0.005775
620.00 C 20260812 -1.00 -1.00 107 54 0.5707 0.1701 0.005496
622.50 C 20260812 -1.00 -1.00 29 9 0.5518 0.1459 0.005202
625.00 C 20260812 -1.00 -1.00 32 32 0.5500 0.1347 0.004926
627.50 C 20260812 -1.00 -1.00 5 37 0.5525 0.1263 0.004664
630.00 C 20260812 -1.00 -1.00 107 95 0.5839 0.1296 0.004501
632.50 C 20260812 -1.00 -1.00 19 12 0.5524 0.1074 0.004128
635.00 C 20260812 -1.00 -1.00 27 12 0.5545 0.0989 0.003873
637.50 C 20260812 -1.00 -1.00 24 12 0.5589 0.0916 0.003638
640.00 C 20260812 -1.00 -1.00 54 24 0.5646 0.0850 0.003419
642.50 C 20260812 -1.00 -1.00 20 11 0.5729 0.0799 0.003229
645.00 C 20260812 -1.00 -1.00 20 10 0.5645 0.0700 0.002964
647.50 C 20260812 -1.00 -1.00 6 3 0.5673 0.0656 0.002791
650.00 C 20260812 -1.00 -1.00 25 19 0.5674 0.0603 0.002604
652.50 C 20260812 -1.00 -1.00 -1 0 0.5741 0.0572 0.002464
655.00 C 20260812 -1.00 -1.00 24 11 0.5758 0.0526 0.002293
657.50 C 20260812 -1.00 -1.00 -1 0 0.5792 0.0486 0.002138
660.00 C 20260812 -1.00 -1.00 15 13 0.5947 0.0486 0.002083
665.00 C 20260812 -1.00 -1.00 2 2 0.5902 0.0371 0.001703
670.00 C 20260812 -1.00 -1.00 4 2 0.6089 0.0340 0.001546
675.00 C 20260812 -1.00 -1.00 2 0 0.6227 0.0316 0.001417
680.00 C 20260812 -1.00 -1.00 21 2 0.6429 0.0305 0.001328
685.00 C 20260812 -1.00 -1.00 1 1 0.6489 0.0270 0.001183
690.00 C 20260812 -1.00 -1.00 -1 0 0.6634 0.0252 0.001086
695.00 C 20260812 -1.00 -1.00 -1 0 0.7059 0.0281 0.001123
700.00 C 20260812 -1.00 -1.00 1 1 0.6965 0.0224 0.000936
705.00 C 20260812 -1.00 -1.00 1 1 0.7333 0.0245 0.000959
710.00 C 20260812 -1.00 -1.00 1 1 0.7548 0.0241 0.000918
715.00 C 20260812 -1.00 -1.00 1 1 0.7975 0.0269 0.000956
720.00 C 20260812 -1.00 -1.00 1 1 0.8207 0.0267 0.000925
725.00 C 20260812 -1.00 -1.00 2 1 0.8417 0.0263 0.000890
417.50 P 20260812 -1.00 -1.00 1 2 0.9011 -0.0052 0.000202
420.00 P 20260812 -1.00 -1.00 1 2 0.9020 -0.0061 0.000233
422.50 P 20260812 -1.00 -1.00 1 19 0.8797 -0.0059 0.000231
425.00 P 20260812 -1.00 -1.00 2 26 0.8741 -0.0065 0.000254
427.50 P 20260812 -1.00 -1.00 1 0 0.8487 -0.0061 0.000247
430.00 P 20260812 -1.00 -1.00 12 19 0.9472 -0.0133 0.000442
432.50 P 20260812 -1.00 -1.00 14 7 0.9383 -0.0143 0.000476
435.00 P 20260812 -1.00 -1.00 1 22 0.8291 -0.0078 0.000317
437.50 P 20260812 -1.00 -1.00 3 12 0.8270 -0.0086 0.000348
440.00 P 20260812 -1.00 -1.00 11 31 0.8519 -0.0115 0.000435
442.50 P 20260812 -1.00 -1.00 -1 0 0.8066 -0.0094 0.000389
445.00 P 20260812 -1.00 -1.00 1 32 0.7852 -0.0093 0.000393
447.50 P 20260812 -1.00 -1.00 7 15 0.7736 -0.0096 0.000412
450.00 P 20260812 -1.00 -1.00 48 32 0.7891 -0.0128 0.000515
452.50 P 20260812 -1.00 -1.00 2 1 0.8330 -0.0198 0.000709
455.00 P 20260812 -1.00 -1.00 2 2 0.8287 -0.0215 0.000766
457.50 P 20260812 -1.00 -1.00 -1 0 0.8176 -0.0225 0.000808
460.00 P 20260812 -1.00 -1.00 25 21 0.7331 -0.0151 0.000636
462.50 P 20260812 -1.00 -1.00 2 0 0.7631 -0.0210 0.000814
465.00 P 20260812 -1.00 -1.00 3 53 0.7659 -0.0235 0.000899
467.50 P 20260812 -1.00 -1.00 2 2 0.7659 -0.0258 0.000976
470.00 P 20260812 -1.00 -1.00 23 49 0.7363 -0.0248 0.000981
472.50 P 20260812 -1.00 -1.00 2 2 0.7386 -0.0279 0.001082
475.00 P 20260812 -1.00 -1.00 5 5 0.7231 -0.0291 0.001141
477.50 P 20260812 -1.00 -1.00 2 1 0.7077 -0.0304 0.001204
480.00 P 20260812 -1.00 -1.00 1 67 0.7051 -0.0345 0.001337
482.50 P 20260812 -1.00 -1.00 1 8 0.6852 -0.0349 0.001386
485.00 P 20260812 -1.00 -1.00 40 48 0.6826 -0.0392 0.001529
487.50 P 20260812 -1.00 -1.00 2 2 0.6649 -0.0402 0.001600
490.00 P 20260812 -1.00 -1.00 29 47 0.6782 -0.0481 0.001822
492.50 P 20260812 -1.00 -1.00 2 1 0.6580 -0.0487 0.001898
495.00 P 20260812 -1.00 -1.00 22 63 0.6555 -0.0533 0.002055
497.50 P 20260812 -1.00 -1.00 1 6 0.6524 -0.0577 0.002212
500.00 P 20260812 -1.00 -1.00 21 345 0.6102 -0.0537 0.002221
502.50 P 20260812 -1.00 -1.00 2 103 0.6338 -0.0662 0.002530
505.00 P 20260812 -1.00 -1.00 8 276 0.6250 -0.0721 0.002725
507.50 P 20260812 -1.00 -1.00 341 342 0.6016 -0.0729 0.002853
510.00 P 20260812 -1.00 -1.00 20 29 0.5750 -0.0724 0.002971
512.50 P 20260812 -1.00 -1.00 66 106 0.5929 -0.0887 0.003345
515.00 P 20260812 -1.00 -1.00 10 21 0.5877 -0.0964 0.003598
517.50 P 20260812 -1.00 -1.00 937 382 0.5732 -0.1012 0.003829
520.00 P 20260812 -1.00 -1.00 336 513 0.5651 -0.1083 0.004097
522.50 P 20260812 -1.00 -1.00 372 368 0.5610 -0.1170 0.004388
525.00 P 20260812 -1.00 -1.00 1 53 0.5575 -0.1277 0.004697
527.50 P 20260812 -1.00 -1.00 68 85 0.5459 -0.1375 0.005015
530.00 P 20260812 -1.00 -1.00 19 41 0.5410 -0.1506 0.005357
532.50 P 20260812 -1.00 -1.00 31 12 0.5344 -0.1632 0.005712
535.00 P 20260812 -1.00 -1.00 1 15 0.5287 -0.1766 0.006081
537.50 P 20260812 -1.00 -1.00 25 14 0.5277 -0.1920 0.006449
540.00 P 20260812 -1.00 -1.00 12 187 0.5279 -0.2079 0.006814
542.50 P 20260812 -1.00 -1.00 3 8 0.5152 -0.2207 0.007241
545.00 P 20260812 -1.00 -1.00 3 6 0.5215 -0.2442 0.007493
547.50 P 20260812 -1.00 -1.00 4 3 0.5186 -0.2638 0.007821
550.00 P 20260812 -1.00 -1.00 15 16 0.5166 -0.2840 0.008146
552.50 P 20260812 -1.00 -1.00 1 2 0.5110 -0.3033 0.008520
555.00 P 20260812 -1.00 -1.00 2 2 0.5144 -0.3253 0.008787
557.50 P 20260812 -1.00 -1.00 7 4 0.5088 -0.3461 0.009129
560.00 P 20260812 -1.00 -1.00 429 204 0.5082 -0.3700 0.009277
562.50 P 20260812 -1.00 -1.00 84 67 0.5123 -0.3946 0.009342
565.00 P 20260812 -1.00 -1.00 5 12 0.5061 -0.4179 0.009589
567.50 P 20260812 -1.00 -1.00 1 36 0.4969 -0.4415 0.009906
570.00 P 20260812 -1.00 -1.00 3 87 0.4994 -0.4661 0.010001
572.50 P 20260812 -1.00 -1.00 3 3 0.5043 -0.4905 0.009973
575.00 P 20260812 -1.00 -1.00 9 9 0.5118 -0.5139 0.009745
577.50 P 20260812 -1.00 -1.00 27 0 0.4954 -0.5398 0.009980
580.00 P 20260812 -1.00 -1.00 2 1 0.4659 -0.5701 0.010501
582.50 P 20260812 -1.00 -1.00 11 11 0.5112 -0.5851 0.009518
585.00 P 20260812 -1.00 -1.00 -1 0 0.4979 -0.6126 0.009680
587.50 P 20260812 -1.00 -1.00 -1 0 0.5118 -0.6320 0.009318
590.00 P 20260812 -1.00 -1.00 -1 0 0.5182 -0.6505 0.008975
592.50 P 20260812 -1.00 -1.00 -1 0 0.5141 -0.6722 0.008779
595.00 P 20260812 -1.00 -1.00 7 4 0.5005 -0.6982 0.008691
597.50 P 20260812 -1.00 -1.00 -1 0 0.4955 -0.7216 0.008481
600.00 P 20260812 -1.00 -1.00 3 2 0.5052 -0.7380 0.008113
602.50 P 20260812 -1.00 -1.00 1 1 0.5304 -0.7458 0.007633
605.00 P 20260812 -1.00 -1.00 -1 0 0.5324 -0.7631 0.007353
607.50 P 20260812 -1.00 -1.00 -1 0 0.5114 -0.7875 0.007138
610.00 P 20260812 -1.00 -1.00 -1 0 0.4883 -0.8153 0.006862
612.50 P 20260812 -1.00 -1.00 -1 0 0.4897 -0.8309 0.006495
615.00 P 20260812 -1.00 -1.00 12 6 -1.0000 -1.0000 -1.000000
617.50 P 20260812 -1.00 -1.00 -1 0 0.5204 -0.8448 0.005816
620.00 P 20260812 -1.00 -1.00 -1 0 0.5294 -0.8548 0.005509
622.50 P 20260812 -1.00 -1.00 -1 0 0.4839 -0.8872 0.005054
625.00 P 20260812 -1.00 -1.00 -1 0 0.5331 -0.8748 0.004930
627.50 P 20260812 -1.00 -1.00 2 2 0.5389 -0.8821 0.004665
630.00 P 20260812 -1.00 -1.00 -1 0 0.5362 -0.8932 0.004372
632.50 P 20260812 -1.00 -1.00 -1 0 0.5352 -0.9036 0.004083
635.00 P 20260812 -1.00 -1.00 -1 0 0.5440 -0.9091 0.003861
637.50 P 20260812 -1.00 -1.00 -1 0 0.5495 -0.9161 0.003626
640.00 P 20260812 -1.00 -1.00 -1 0 0.4624 -0.9588 0.002644
642.50 P 20260812 -1.00 -1.00 3 3 0.5576 -0.9300 0.003172
645.00 P 20260812 -1.00 -1.00 -1 0 0.5534 -0.9367 0.002954
647.50 P 20260812 -1.00 -1.00 -1 0 0.5462 -0.9447 0.002711
650.00 P 20260812 -1.00 -1.00 -1 0 0.5268 -0.9576 0.002339
652.50 P 20260812 -1.00 -1.00 -1 0 0.5336 -0.9607 0.002187
655.00 P 20260812 -1.00 -1.00 -1 0 0.5615 -0.9559 0.002239
657.50 P 20260812 -1.00 -1.00 -1 0 0.5623 -0.9611 0.002052
660.00 P 20260812 -1.00 -1.00 -1 0 0.5781 -0.9608 0.002004
665.00 P 20260812 -1.00 -1.00 -1 0 0.5685 -0.9724 0.001623
670.00 P 20260812 -1.00 -1.00 -1 0 0.6130 -0.9688 0.001625
675.00 P 20260812 -1.00 -1.00 -1 0 0.5381 -0.9906 0.000905
680.00 P 20260812 -1.00 -1.00 -1 0 0.5415 -0.9936 0.000738
685.00 P 20260812 -1.00 -1.00 -1 0 -1.0000 -1.0000 -1.000000
690.00 P 20260812 -1.00 -1.00 -1 0 0.6251 -0.9865 0.000933
695.00 P 20260812 -1.00 -1.00 -1 0 0.6312 -0.9900 0.000776
700.00 P 20260812 -1.00 -1.00 -1 0 0.6519 -0.9902 0.000734
705.00 P 20260812 -1.00 -1.00 -1 0 0.6553 -0.9921 0.000637
710.00 P 20260812 -1.00 -1.00 -1 0 0.6735 -0.9923 0.000606
715.00 P 20260812 -1.00 -1.00 -1 0 0.7084 -0.9909 0.000633
720.00 P 20260812 -1.00 -1.00 -1 0 0.7265 -0.9911 0.000605
725.00 P 20260812 -1.00 -1.00 -1 0 0.7073 -0.9950 0.000457
417.50 C 20260814 -1.00 -1.00 -1 0 0.8976 0.9898 0.000331
420.00 C 20260814 -1.00 -1.00 -1 0 0.8876 0.9891 0.000354
422.50 C 20260814 -1.00 -1.00 -1 0 0.8839 0.9877 0.000394
425.00 C 20260814 -1.00 -1.00 1 1 0.8676 0.9875 0.000405
427.50 C 20260814 -1.00 -1.00 -1 0 1.0883 0.9613 0.000840
430.00 C 20260814 -1.00 -1.00 1 1 1.0012 0.9702 0.000739
432.50 C 20260814 -1.00 -1.00 -1 0 1.0794 0.9566 0.000933
435.00 C 20260814 -1.00 -1.00 1 7 0.8782 0.9792 0.000621
437.50 C 20260814 -1.00 -1.00 -1 0 1.3638 0.9100 0.001308
440.00 C 20260814 -1.00 -1.00 1 1 1.0463 0.9518 0.001052
442.50 C 20260814 -1.00 -1.00 -1 0 0.9637 0.9598 0.000979
445.00 C 20260814 -1.00 -1.00 2 5 0.7841 0.9812 0.000636
447.50 C 20260814 -1.00 -1.00 -1 0 1.3102 0.9004 0.001475
450.00 C 20260814 -1.00 -1.00 3 6 0.7531 0.9807 0.000680
452.50 C 20260814 -1.00 -1.00 -1 0 0.9813 0.9445 0.001264
455.00 C 20260814 -1.00 -1.00 3 24 0.9546 0.9448 0.001293
457.50 C 20260814 -1.00 -1.00 -1 0 0.7617 0.9736 0.000890
460.00 C 20260814 -1.00 -1.00 1 4 0.7406 0.9738 0.000909
462.50 C 20260814 -1.00 -1.00 1 0 0.7400 0.9701 0.001008
465.00 C 20260814 -1.00 -1.00 1 1 0.8163 0.9517 0.001348
467.50 C 20260814 -1.00 -1.00 -1 0 0.7994 0.9508 0.001398
470.00 C 20260814 -1.00 -1.00 2 2 0.7109 0.9638 0.001220
472.50 C 20260814 -1.00 -1.00 -1 0 0.8134 0.9409 0.001610
475.00 C 20260814 -1.00 -1.00 1 1 0.6808 0.9617 0.001333
477.50 C 20260814 -1.00 -1.00 -1 0 0.6852 0.9563 0.001474
480.00 C 20260814 -1.00 -1.00 1 2 0.6659 0.9561 0.001524
482.50 C 20260814 -1.00 -1.00 3 0 0.7273 0.9392 0.001838
485.00 C 20260814 -1.00 -1.00 1 12 0.7289 0.9316 0.001990
487.50 C 20260814 -1.00 -1.00 4 4 0.6615 0.9435 0.001900
490.00 C 20260814 -1.00 -1.00 1 1 0.6645 0.9375 0.002052
492.50 C 20260814 -1.00 -1.00 -1 0 0.6495 0.9349 0.002159
495.00 C 20260814 -1.00 -1.00 8 9 0.6867 0.9154 0.002472
497.50 C 20260814 -1.00 -1.00 11 11 0.8747 0.8579 0.002825
500.00 C 20260814 -1.00 -1.00 2 26 0.7219 0.8912 0.002858
502.50 C 20260814 -1.00 -1.00 9 10 0.7152 0.8857 0.003000
505.00 C 20260814 -1.00 -1.00 5 62 0.7854 0.8549 0.003189
507.50 C 20260814 -1.00 -1.00 1 5 0.6173 0.8974 0.003187
510.00 C 20260814 -1.00 -1.00 2 56 0.5894 0.8979 0.003325
512.50 C 20260814 -1.00 -1.00 16 31 0.8490 0.8110 0.003525
515.00 C 20260814 -1.00 -1.00 15 47 0.6049 0.8749 0.003784
517.50 C 20260814 -1.00 -1.00 18 22 0.7708 0.8102 0.003892
520.00 C 20260814 -1.00 -1.00 24 105 0.5880 0.8569 0.004227
522.50 C 20260814 -1.00 -1.00 -1 0 0.6422 0.8249 0.004415
525.00 C 20260814 -1.00 -1.00 3 153 0.7113 0.7942 0.004463
527.50 C 20260814 -1.00 -1.00 1 10 0.5853 0.8198 0.004939
530.00 C 20260814 -1.00 -1.00 2 125 0.5829 0.8078 0.005183
532.50 C 20260814 -1.00 -1.00 2 12 0.7127 0.7542 0.004865
535.00 C 20260814 -1.00 -1.00 20 106 0.5986 0.7749 0.005561
537.50 C 20260814 -1.00 -1.00 5 10 0.6922 0.7319 0.005232
540.00 C 20260814 -1.00 -1.00 10 30 0.5592 0.7559 0.006186
542.50 C 20260814 -1.00 -1.00 15 30 0.5677 0.7359 0.006331
545.00 C 20260814 -1.00 -1.00 19 15 0.5738 0.7173 0.006485
547.50 C 20260814 -1.00 -1.00 42 43 0.5571 0.7049 0.006830
550.00 C 20260814 -1.00 -1.00 3 1673 0.5551 0.6881 0.007059
552.50 C 20260814 -1.00 -1.00 2 38 0.5635 0.6690 0.007183
555.00 C 20260814 -1.00 -1.00 1 320 0.5532 0.6525 0.007430
557.50 C 20260814 -1.00 -1.00 2 6 0.5482 0.6338 0.007590
560.00 C 20260814 -1.00 -1.00 5 224 0.6299 0.6041 0.006729
562.50 C 20260814 -1.00 -1.00 2 182 0.5389 0.5952 0.007910
565.00 C 20260814 -1.00 -1.00 10 66 0.5471 0.5745 0.007891
567.50 C 20260814 -1.00 -1.00 6 510 0.5997 0.5531 0.007296
570.00 C 20260814 -1.00 -1.00 16 244 0.6168 0.5351 0.007174
572.50 C 20260814 -1.00 -1.00 23 55 0.5533 0.5154 0.008042
575.00 C 20260814 -1.00 -1.00 9 230 0.5398 0.4950 0.008188
577.50 C 20260814 -1.00 -1.00 12 54 0.5381 0.4750 0.008160
580.00 C 20260814 -1.00 -1.00 11 1426 0.5343 0.4545 0.008162
582.50 C 20260814 -1.00 -1.00 1 40 0.5537 0.4380 0.007831
585.00 C 20260814 -1.00 -1.00 11 538 0.5465 0.4171 0.007879
587.50 C 20260814 -1.00 -1.00 82 142 0.5882 0.4074 0.007297
590.00 C 20260814 -1.00 -1.00 11 763 0.5531 0.3798 0.007685
592.50 C 20260814 -1.00 -1.00 77 99 0.5491 0.3614 0.007584
595.00 C 20260814 -1.00 -1.00 1 102 0.5291 0.3381 0.007625
597.50 C 20260814 -1.00 -1.00 812 770 0.5254 0.3192 0.007478
600.00 C 20260814 -1.00 -1.00 64 3675 0.5270 0.3022 0.007274
602.50 C 20260814 -1.00 -1.00 176 1510 0.5286 0.2853 0.007073
605.00 C 20260814 -1.00 -1.00 491 527 0.5348 0.2707 0.006838
607.50 C 20260814 -1.00 -1.00 1 93 0.5691 0.2694 0.006415
610.00 C 20260814 -1.00 -1.00 38 261 0.5331 0.2377 0.006453
612.50 C 20260814 -1.00 -1.00 11 58 0.5403 0.2276 0.006186
615.00 C 20260814 -1.00 -1.00 2 321 0.5385 0.2138 0.005958
617.50 C 20260814 -1.00 -1.00 14 108 0.5279 0.1957 0.005744
620.00 C 20260814 -1.00 -1.00 188 149 0.5350 0.1861 0.005493
622.50 C 20260814 -1.00 -1.00 16 95 0.5577 0.1846 0.005244
625.00 C 20260814 -1.00 -1.00 25 2782 0.5403 0.1628 0.005021
627.50 C 20260814 -1.00 -1.00 44 91 0.5551 0.1582 0.004806
630.00 C 20260814 -1.00 -1.00 8 247 0.5883 0.1635 0.004622
632.50 C 20260814 -1.00 -1.00 5 54 0.5425 0.1318 0.004350
635.00 C 20260814 -1.00 -1.00 38 198 0.5405 0.1225 0.004127
637.50 C 20260814 -1.00 -1.00 15 19 0.5449 0.1159 0.003927
640.00 C 20260814 -1.00 -1.00 12 813 0.5488 0.1092 0.003730
642.50 C 20260814 -1.00 -1.00 15 19 0.5433 0.0982 0.003489
645.00 C 20260814 -1.00 -1.00 1 56 0.5491 0.0926 0.003310
647.50 C 20260814 -1.00 -1.00 31 5 0.5532 0.0862 0.003127
650.00 C 20260814 -1.00 -1.00 73 137 0.5816 0.0917 0.003105
652.50 C 20260814 -1.00 -1.00 -1 0 0.5643 0.0754 0.002799
655.00 C 20260814 -1.00 -1.00 14 32 0.5559 0.0681 0.002608
657.50 C 20260814 -1.00 -1.00 -1 0 0.5544 0.0629 0.002446
660.00 C 20260814 -1.00 -1.00 22 76 0.5764 0.0652 0.002424
662.50 C 20260814 -1.00 -1.00 -1 0 0.5656 0.0572 0.002216
665.00 C 20260814 -1.00 -1.00 2 16 0.5665 0.0529 0.002075
667.50 C 20260814 -1.00 -1.00 -1 0 0.5743 0.0509 0.001984
670.00 C 20260814 -1.00 -1.00 5 186 0.5698 0.0448 0.001808
672.50 C 20260814 -1.00 -1.00 -1 0 0.5829 0.0447 0.001766
675.00 C 20260814 -1.00 -1.00 3 4162 0.5847 0.0409 0.001643
677.50 C 20260814 -1.00 -1.00 1 0 0.5933 0.0394 0.001575
680.00 C 20260814 -1.00 -1.00 201 188 0.5639 0.0294 0.001300
685.00 C 20260814 -1.00 -1.00 1 94 0.6237 0.0370 0.001428
690.00 C 20260814 -1.00 -1.00 1 61 0.5975 0.0270 0.001139
695.00 C 20260814 -1.00 -1.00 1 35 0.6065 0.0245 0.001029
700.00 C 20260814 -1.00 -1.00 1 143 0.6127 0.0215 0.000911
705.00 C 20260814 -1.00 -1.00 2 29 0.6234 0.0195 0.000823
710.00 C 20260814 -1.00 -1.00 6 19 0.6379 0.0182 0.000763
715.00 C 20260814 -1.00 -1.00 3 132 0.6006 0.0107 0.000510
720.00 C 20260814 -1.00 -1.00 3 16 0.6684 0.0164 0.000666
725.00 C 20260814 -1.00 -1.00 85 133 0.6147 0.0085 0.000405
417.50 P 20260814 -1.00 -1.00 43 41 0.9113 -0.0115 0.000361
420.00 P 20260814 -1.00 -1.00 114 372 0.8656 -0.0093 0.000319
422.50 P 20260814 -1.00 -1.00 1 1 0.8860 -0.0125 0.000399
425.00 P 20260814 -1.00 -1.00 1 244 0.8527 -0.0109 0.000369
427.50 P 20260814 -1.00 -1.00 20 22 0.8585 -0.0133 0.000434
430.00 P 20260814 -1.00 -1.00 8 11117 0.8418 -0.0134 0.000445
432.50 P 20260814 -1.00 -1.00 51 43 0.8326 -0.0143 0.000475
435.00 P 20260814 -1.00 -1.00 3 229 0.8223 -0.0151 0.000504
437.50 P 20260814 -1.00 -1.00 8 6 0.8058 -0.0152 0.000518
440.00 P 20260814 -1.00 -1.00 1 88 0.7857 -0.0150 0.000523
442.50 P 20260814 -1.00 -1.00 2 4 0.7941 -0.0179 0.000603
445.00 P 20260814 -1.00 -1.00 304 357 0.7926 -0.0197 0.000657
447.50 P 20260814 -1.00 -1.00 4 7 0.7555 -0.0175 0.000623
450.00 P 20260814 -1.00 -1.00 47 368 0.7750 -0.0217 0.000735
452.50 P 20260814 -1.00 -1.00 3 41 0.7381 -0.0197 0.000705
455.00 P 20260814 -1.00 -1.00 21 67 0.7527 -0.0234 0.000807
457.50 P 20260814 -1.00 -1.00 2 8 0.7416 -0.0242 0.000846
460.00 P 20260814 -1.00 -1.00 11 1140 0.7451 -0.0270 0.000925
462.50 P 20260814 -1.00 -1.00 4 13 0.7304 -0.0279 0.000968
465.00 P 20260814 -1.00 -1.00 14 287 0.7199 -0.0298 0.001033
467.50 P 20260814 -1.00 -1.00 5 8 0.7149 -0.0329 0.001124
470.00 P 20260814 -1.00 -1.00 17 284 0.6998 -0.0338 0.001174
472.50 P 20260814 -1.00 -1.00 108 104 0.6847 -0.0348 0.001228
475.00 P 20260814 -1.00 -1.00 2 218 0.6763 -0.0373 0.001314
477.50 P 20260814 -1.00 -1.00 115 193 0.6590 -0.0379 0.001365
480.00 P 20260814 -1.00 -1.00 11 189 0.6561 -0.0417 0.001484
482.50 P 20260814 -1.00 -1.00 14 22 0.6602 -0.0472 0.001634
485.00 P 20260814 -1.00 -1.00 6 233 0.6496 -0.0494 0.001727
487.50 P 20260814 -1.00 -1.00 15 99 0.6438 -0.0528 0.001843
490.00 P 20260814 -1.00 -1.00 13 8688 0.6397 -0.0566 0.001968
492.50 P 20260814 -1.00 -1.00 2 16 0.6327 -0.0598 0.002087
495.00 P 20260814 -1.00 -1.00 3 147 0.6257 -0.0647 0.002235
497.50 P 20260814 -1.00 -1.00 1 39 0.6177 -0.0700 0.002393
500.00 P 20260814 -1.00 -1.00 36 1318 0.6134 -0.0767 0.002574
502.50 P 20260814 -1.00 -1.00 18 202 0.6015 -0.0808 0.002729
505.00 P 20260814 -1.00 -1.00 8 209 0.5946 -0.0868 0.002913
507.50 P 20260814 -1.00 -1.00 3 153 0.6001 -0.0971 0.003145
510.00 P 20260814 -1.00 -1.00 626 635 0.5846 -0.1006 0.003316
512.50 P 20260814 -1.00 -1.00 6 291 0.5845 -0.1091 0.003538
515.00 P 20260814 -1.00 -1.00 14 98 0.5843 -0.1177 0.003760
517.50 P 20260814 -1.00 -1.00 15 6 0.5887 -0.1309 0.003999
520.00 P 20260814 -1.00 -1.00 22 3127 0.5777 -0.1390 0.004229
522.50 P 20260814 -1.00 -1.00 1 3 0.5667 -0.1474 0.004472
525.00 P 20260814 -1.00 -1.00 16 308 0.5656 -0.1601 0.004726
527.50 P 20260814 -1.00 -1.00 296 298 0.5634 -0.1724 0.004983
530.00 P 20260814 -1.00 -1.00 17 348 0.5623 -0.1852 0.005242
532.50 P 20260814 -1.00 -1.00 9 104 0.5440 -0.1920 0.005555
535.00 P 20260814 -1.00 -1.00 6 1234 0.5612 -0.2114 0.005762
537.50 P 20260814 -1.00 -1.00 3 123 0.5546 -0.2255 0.006017
540.00 P 20260814 -1.00 -1.00 19 8745 0.5502 -0.2412 0.006259
542.50 P 20260814 -1.00 -1.00 2 20 0.5458 -0.2572 0.006508
545.00 P 20260814 -1.00 -1.00 1 74 0.5423 -0.2737 0.006757
547.50 P 20260814 -1.00 -1.00 10 46 0.5403 -0.2908 0.006996
550.00 P 20260814 -1.00 -1.00 4 1500 0.5449 -0.3098 0.007174
552.50 P 20260814 -1.00 -1.00 19 31 0.5453 -0.3276 0.007390
555.00 P 20260814 -1.00 -1.00 17 456 0.5456 -0.3465 0.007544
557.50 P 20260814 -1.00 -1.00 2 102 0.5372 -0.3649 0.007755
560.00 P 20260814 -1.00 -1.00 26 366 0.5350 -0.3848 0.007884
562.50 P 20260814 -1.00 -1.00 16 161 0.5343 -0.4049 0.007996
565.00 P 20260814 -1.00 -1.00 5 80 0.5190 -0.4241 0.008330
567.50 P 20260814 -1.00 -1.00 7 87 0.4899 -0.4436 0.008932
570.00 P 20260814 -1.00 -1.00 204 452 0.5335 -0.4660 0.008315
572.50 P 20260814 -1.00 -1.00 9 36 0.5293 -0.4866 0.008431
575.00 P 20260814 -1.00 -1.00 7 70 0.5262 -0.5071 0.008424
577.50 P 20260814 -1.00 -1.00 1 75 0.5074 -0.5297 0.008673
580.00 P 20260814 -1.00 -1.00 4 479 0.5153 -0.5496 0.008482
582.50 P 20260814 -1.00 -1.00 5 142 0.5267 -0.5682 0.008249
585.00 P 20260814 -1.00 -1.00 3 64 0.5168 -0.5909 0.008344
587.50 P 20260814 -1.00 -1.00 1 28 0.5225 -0.6102 0.008200
590.00 P 20260814 -1.00 -1.00 15 375 0.5164 -0.6320 0.008189
592.50 P 20260814 -1.00 -1.00 3 8 0.5004 -0.6553 0.008196
595.00 P 20260814 -1.00 -1.00 4 20 0.5059 -0.6718 0.007923
597.50 P 20260814 -1.00 -1.00 2 5 0.5199 -0.6846 0.007571
600.00 P 20260814 -1.00 -1.00 5 63 0.5139 -0.7051 0.007440
602.50 P 20260814 -1.00 -1.00 6 2 0.3235 -0.8398 0.008594
605.00 P 20260814 -1.00 -1.00 1 21 0.4987 -0.7495 0.007180
607.50 P 20260814 -1.00 -1.00 2 4 0.3916 -0.8257 0.007395
610.00 P 20260814 -1.00 -1.00 3 15 0.5193 -0.7704 0.006560
612.50 P 20260814 -1.00 -1.00 1 3 0.5116 -0.7876 0.006338
615.00 P 20260814 -1.00 -1.00 1 4 0.5069 -0.8038 0.006091
617.50 P 20260814 -1.00 -1.00 2 9 0.5051 -0.8188 0.005830
620.00 P 20260814 -1.00 -1.00 1 5 0.4027 -0.8919 0.005307
622.50 P 20260814 -1.00 -1.00 2 2 0.5232 -0.8363 0.005307
625.00 P 20260814 -1.00 -1.00 2 73 0.5291 -0.8464 0.005065
627.50 P 20260814 -1.00 -1.00 2 1 -1.0000 -1.0000 -1.000000
630.00 P 20260814 -1.00 -1.00 9 5 -1.0000 -1.0000 -1.000000
632.50 P 20260814 -1.00 -1.00 16 18 0.5201 -0.8811 0.004338
635.00 P 20260814 -1.00 -1.00 1 1 0.5103 -0.8950 0.004059
637.50 P 20260814 -1.00 -1.00 2 1 0.5315 -0.8936 0.003924
640.00 P 20260814 -1.00 -1.00 1 19 -1.0000 -1.0000 -1.000000
642.50 P 20260814 -1.00 -1.00 2 1 -1.0000 -1.0000 -1.000000
645.00 P 20260814 -1.00 -1.00 2 1 -1.0000 -1.0000 -1.000000
647.50 P 20260814 -1.00 -1.00 -1 0 0.5381 -0.9254 0.003076
650.00 P 20260814 -1.00 -1.00 1 5 0.5176 -0.9387 0.002783
652.50 P 20260814 -1.00 -1.00 -1 0 0.5419 -0.9355 0.002751
655.00 P 20260814 -1.00 -1.00 -1 0 -1.0000 -1.0000 -1.000000
657.50 P 20260814 -1.00 -1.00 -1 0 -1.0000 -1.0000 -1.000000
660.00 P 20260814 -1.00 -1.00 1 1 0.5159 -0.9606 0.002064
662.50 P 20260814 -1.00 -1.00 -1 0 0.4822 -0.9762 0.001621
665.00 P 20260814 -1.00 -1.00 2 0 -1.0000 -1.0000 -1.000000
667.50 P 20260814 -1.00 -1.00 -1 0 -1.0000 -1.0000 -1.000000
670.00 P 20260814 -1.00 -1.00 -1 0 -1.0000 -1.0000 -1.000000
672.50 P 20260814 -1.00 -1.00 -1 0 0.5719 -0.9639 0.001744
675.00 P 20260814 -1.00 -1.00 -1 0 -1.0000 -1.0000 -1.000000
677.50 P 20260814 -1.00 -1.00 -1 0 0.5572 -0.9747 0.001420
680.00 P 20260814 -1.00 -1.00 -1 0 0.5613 -0.9763 0.001347
685.00 P 20260814 -1.00 -1.00 -1 0 0.4918 -0.9963 0.000599
690.00 P 20260814 -1.00 -1.00 -1 0 -1.0000 -1.0000 -1.000000
695.00 P 20260814 -1.00 -1.00 -1 0 -1.0000 -1.0000 -1.000000
700.00 P 20260814 -1.00 -1.00 5 0 0.6133 -0.9837 0.000983
705.00 P 20260814 -1.00 -1.00 3 0 -1.0000 -1.0000 -1.000000
710.00 P 20260814 -1.00 -1.00 -1 0 0.6136 -0.9920 0.000656
715.00 P 20260814 -1.00 -1.00 -1 0 -1.0000 -1.0000 -1.000000
720.00 P 20260814 -1.00 -1.00 -1 0 -1.0000 -1.0000 -1.000000
725.00 P 20260814 -1.00 -1.00 1 0 -1.0000 -1.0000 -1.000000
420.00 C 20260817 -1.00 -1.00 -1 0 0.8245 0.9834 0.000472
425.00 C 20260817 -1.00 -1.00 -1 0 0.8341 0.9791 0.000572
430.00 C 20260817 -1.00 -1.00 -1 0 1.3806 0.8972 0.001254
435.00 C 20260817 -1.00 -1.00 -1 0 1.1118 0.9261 0.001200
440.00 C 20260817 -1.00 -1.00 -1 0 1.1244 0.9156 0.001313
445.00 C 20260817 -1.00 -1.00 -1 0 0.7626 0.9706 0.000838
447.50 C 20260817 -1.00 -1.00 -1 0 0.7767 0.9643 0.000958
450.00 C 20260817 -1.00 -1.00 -1 0 0.6934 0.9761 0.000778
452.50 C 20260817 -1.00 -1.00 -1 0 0.6956 0.9738 0.000840
455.00 C 20260817 -1.00 -1.00 -1 0 0.6913 0.9710 0.000914
457.50 C 20260817 -1.00 -1.00 -1 0 0.6737 0.9712 0.000935
460.00 C 20260817 -1.00 -1.00 -1 0 0.6800 0.9658 0.001058
462.50 C 20260817 -1.00 -1.00 -1 0 0.6547 0.9677 0.001052
465.00 C 20260817 -1.00 -1.00 -1 0 0.6452 0.9659 0.001115
467.50 C 20260817 -1.00 -1.00 -1 0 0.7039 0.9494 0.001415
470.00 C 20260817 -1.00 -1.00 -1 0 0.7313 0.9403 0.001568
472.50 C 20260817 -1.00 -1.00 -1 0 0.6277 0.9576 0.001366
475.00 C 20260817 -1.00 -1.00 14 7 0.6340 0.9520 0.001501
477.50 C 20260817 -1.00 -1.00 -1 0 0.6118 0.9529 0.001532
480.00 C 20260817 -1.00 -1.00 4 2 0.6719 0.9332 0.001848
482.50 C 20260817 -1.00 -1.00 -1 0 0.6896 0.9211 0.002032
485.00 C 20260817 -1.00 -1.00 -1 0 0.6627 0.9227 0.002083
487.50 C 20260817 -1.00 -1.00 -1 0 0.6951 0.9066 0.002292
490.00 C 20260817 -1.00 -1.00 -1 0 0.6197 0.9228 0.002225
492.50 C 20260817 -1.00 -1.00 -1 0 0.5873 0.9269 0.002257
495.00 C 20260817 -1.00 -1.00 -1 0 0.6080 0.9123 0.002497
497.50 C 20260817 -1.00 -1.00 -1 0 0.6124 0.9036 0.002666
500.00 C 20260817 -1.00 -1.00 -1 0 0.5760 0.9081 0.002730
502.50 C 20260817 -1.00 -1.00 -1 0 0.5674 0.9034 0.002882
505.00 C 20260817 -1.00 -1.00 -1 0 0.5952 0.8869 0.003113
507.50 C 20260817 -1.00 -1.00 -1 0 0.5648 0.8887 0.003238
510.00 C 20260817 -1.00 -1.00 -1 0 0.5741 0.8769 0.003433
512.50 C 20260817 -1.00 -1.00 22 1 0.5526 0.8750 0.003599
515.00 C 20260817 -1.00 -1.00 -1 0 0.7159 0.8083 0.003676
517.50 C 20260817 -1.00 -1.00 -1 0 0.7047 0.8018 0.003822
520.00 C 20260817 -1.00 -1.00 -1 0 0.7108 0.7906 0.003933
522.50 C 20260817 -1.00 -1.00 -1 0 0.6903 0.7848 0.004101
525.00 C 20260817 -1.00 -1.00 1 0 0.5307 0.8245 0.004658
527.50 C 20260817 -1.00 -1.00 2 0 0.5239 0.8149 0.004894
530.00 C 20260817 -1.00 -1.00 1 1 0.5303 0.8002 0.005099
532.50 C 20260817 -1.00 -1.00 206 105 0.6588 0.7439 0.004674
535.00 C 20260817 -1.00 -1.00 -1 0 0.6416 0.7356 0.004879
537.50 C 20260817 -1.00 -1.00 -1 0 0.5046 0.7663 0.005842
540.00 C 20260817 -1.00 -1.00 2 1 0.5263 0.7418 0.005878
542.50 C 20260817 -1.00 -1.00 -1 0 0.5188 0.7283 0.006117
545.00 C 20260817 -1.00 -1.00 3 3 0.6068 0.6900 0.005610
547.50 C 20260817 -1.00 -1.00 32 16 0.5243 0.6946 0.006435
550.00 C 20260817 -1.00 -1.00 4 2 0.5141 0.6811 0.006720
552.50 C 20260817 -1.00 -1.00 -1 0 0.6057 0.6461 0.005922
555.00 C 20260817 -1.00 -1.00 2 2 0.5190 0.6453 0.006921
557.50 C 20260817 -1.00 -1.00 2 1 0.5940 0.6163 0.006161
560.00 C 20260817 -1.00 -1.00 20 11 0.5205 0.6087 0.007067
562.50 C 20260817 -1.00 -1.00 10 5 0.5744 0.5859 0.006499
565.00 C 20260817 -1.00 -1.00 2 1 0.5087 0.5732 0.007396
567.50 C 20260817 -1.00 -1.00 2 1 0.5170 0.5544 0.007363
570.00 C 20260817 -1.00 -1.00 4 4 0.5127 0.5361 0.007510
572.50 C 20260817 -1.00 -1.00 2 1 0.5194 0.5181 0.007456
575.00 C 20260817 -1.00 -1.00 -1 0 0.5112 0.4995 0.007532
577.50 C 20260817 -1.00 -1.00 -1 0 0.5108 0.4813 0.007493
580.00 C 20260817 -1.00 -1.00 -1 0 0.5116 0.4631 0.007438
582.50 C 20260817 -1.00 -1.00 -1 0 0.5879 0.4574 0.006460
585.00 C 20260817 -1.00 -1.00 5 18 0.5109 0.4266 0.007361
587.50 C 20260817 -1.00 -1.00 -1 0 0.5152 0.4094 0.007258
590.00 C 20260817 -1.00 -1.00 1 1 0.5078 0.3892 0.007315
592.50 C 20260817 -1.00 -1.00 -1 0 0.5503 0.3839 0.006741
595.00 C 20260817 -1.00 -1.00 555 553 0.5134 0.3577 0.007020
597.50 C 20260817 -1.00 -1.00 -1 0 0.5181 0.3436 0.006825
600.00 C 20260817 -1.00 -1.00 20 22 0.5154 0.3271 0.006706
602.50 C 20260817 -1.00 -1.00 -1 0 0.5108 0.3096 0.006602
605.00 C 20260817 -1.00 -1.00 1 2 0.5095 0.2932 0.006465
607.50 C 20260817 -1.00 -1.00 -1 0 0.5121 0.2787 0.006295
610.00 C 20260817 -1.00 -1.00 6 4 0.5207 0.2672 0.006086
612.50 C 20260817 -1.00 -1.00 -1 0 0.5207 0.2518 0.005943
615.00 C 20260817 -1.00 -1.00 19 8 0.5156 0.2369 0.005789
617.50 C 20260817 -1.00 -1.00 -1 0 0.5166 0.2256 0.005594
620.00 C 20260817 -1.00 -1.00 48 25 0.5176 0.2143 0.005400
622.50 C 20260817 -1.00 -1.00 -1 0 0.5160 0.2017 0.005213
625.00 C 20260817 -1.00 -1.00 46 24 0.5152 0.1896 0.005022
627.50 C 20260817 -1.00 -1.00 -1 0 0.5137 0.1769 0.004830
630.00 C 20260817 -1.00 -1.00 32 16 0.5307 0.1747 0.004640
632.50 C 20260817 -1.00 -1.00 -1 0 0.5350 0.1657 0.004461
635.00 C 20260817 -1.00 -1.00 45 21 0.5275 0.1499 0.004274
637.50 C 20260817 -1.00 -1.00 -1 0 0.5378 0.1451 0.004112
640.00 C 20260817 -1.00 -1.00 101 79 0.5370 0.1374 0.003945
642.50 C 20260817 -1.00 -1.00 -1 0 0.5392 0.1309 0.003785
645.00 C 20260817 -1.00 -1.00 54 32 0.5412 0.1244 0.003627
647.50 C 20260817 -1.00 -1.00 -1 0 0.5471 0.1197 0.003485
650.00 C 20260817 -1.00 -1.00 85 74 0.5570 0.1168 0.003362
652.50 C 20260817 -1.00 -1.00 -1 0 0.5599 0.1110 0.003220
655.00 C 20260817 -1.00 -1.00 17 12 0.5606 0.1042 0.003072
657.50 C 20260817 -1.00 -1.00 -1 0 0.5578 0.0958 0.002906
660.00 C 20260817 -1.00 -1.00 17 13 0.5606 0.0901 0.002770
662.50 C 20260817 -1.00 -1.00 -1 0 0.5566 0.0809 0.002593
665.00 C 20260817 -1.00 -1.00 4 2 0.5581 0.0754 0.002461
667.50 C 20260817 -1.00 -1.00 -1 0 0.5732 0.0759 0.002410
670.00 C 20260817 -1.00 -1.00 6 3 0.6022 0.0828 0.002436
672.50 C 20260817 -1.00 -1.00 -1 0 0.5750 0.0686 0.002204
675.00 C 20260817 -1.00 -1.00 4 2 0.6056 0.0738 0.002226
680.00 C 20260817 -1.00 -1.00 8 4 0.5904 0.0618 0.001967
685.00 C 20260817 -1.00 -1.00 6 3 0.5833 0.0518 0.001725
690.00 C 20260817 -1.00 -1.00 4 2 0.5809 0.0432 0.001502
695.00 C 20260817 -1.00 -1.00 2 1 0.5971 0.0412 0.001410
700.00 C 20260817 -1.00 -1.00 2 1 0.6090 0.0379 0.001299
705.00 C 20260817 -1.00 -1.00 2 1 0.6320 0.0386 0.001269
710.00 C 20260817 -1.00 -1.00 -1 0 0.6704 0.0442 0.001326
715.00 C 20260817 -1.00 -1.00 -1 0 0.6489 0.0331 0.001091
720.00 C 20260817 -1.00 -1.00 2 1 0.7163 0.0450 0.001259
725.00 C 20260817 -1.00 -1.00 -1 0 0.7309 0.0432 0.001195
420.00 P 20260817 -1.00 -1.00 -1 0 0.8975 -0.0234 0.000593
425.00 P 20260817 -1.00 -1.00 -1 0 0.8695 -0.0242 0.000629
430.00 P 20260817 -1.00 -1.00 -1 0 0.8484 -0.0257 0.000681
435.00 P 20260817 -1.00 -1.00 -1 0 0.8186 -0.0268 0.000728
440.00 P 20260817 -1.00 -1.00 -1 0 0.7660 -0.0245 0.000721
445.00 P 20260817 -1.00 -1.00 2 1 0.7552 -0.0281 0.000819
447.50 P 20260817 -1.00 -1.00 -1 0 0.7708 -0.0347 0.000947
450.00 P 20260817 -1.00 -1.00 -1 0 0.7569 -0.0355 0.000982
452.50 P 20260817 -1.00 -1.00 -1 0 0.7436 -0.0365 0.001022
455.00 P 20260817 -1.00 -1.00 -1 0 0.7569 -0.0426 0.001140
457.50 P 20260817 -1.00 -1.00 -1 0 0.7189 -0.0388 0.001112
460.00 P 20260817 -1.00 -1.00 -1 0 0.7001 -0.0387 0.001138
462.50 P 20260817 -1.00 -1.00 -1 0 0.6824 -0.0388 0.001170
465.00 P 20260817 -1.00 -1.00 -1 0 0.6884 -0.0439 0.001285
467.50 P 20260817 -1.00 -1.00 -1 0 0.6960 -0.0492 0.001401
470.00 P 20260817 -1.00 -1.00 -1 0 0.6946 -0.0528 0.001489
472.50 P 20260817 -1.00 -1.00 -1 0 0.6621 -0.0502 0.001495
475.00 P 20260817 -1.00 -1.00 2 13 0.6416 -0.0499 0.001535
477.50 P 20260817 -1.00 -1.00 -1 0 0.6177 -0.0487 0.001563
480.00 P 20260817 -1.00 -1.00 2 1 0.6779 -0.0691 0.001880
482.50 P 20260817 -1.00 -1.00 -1 0 0.6473 -0.0659 0.001902
485.00 P 20260817 -1.00 -1.00 2 1 0.6483 -0.0731 0.002047
487.50 P 20260817 -1.00 -1.00 -1 0 0.6330 -0.0750 0.002136
490.00 P 20260817 -1.00 -1.00 4 4 0.6219 -0.0784 0.002246
492.50 P 20260817 -1.00 -1.00 -1 0 0.6042 -0.0796 0.002338
495.00 P 20260817 -1.00 -1.00 4 2 0.6006 -0.0857 0.002487
497.50 P 20260817 -1.00 -1.00 -1 0 0.6035 -0.0940 0.002657
500.00 P 20260817 -1.00 -1.00 5 6 0.5833 -0.0948 0.002767
502.50 P 20260817 -1.00 -1.00 86 3 0.5766 -0.1002 0.002922
505.00 P 20260817 -1.00 -1.00 3 3 0.5708 -0.1060 0.003086
507.50 P 20260817 -1.00 -1.00 -1 0 0.5665 -0.1124 0.003257
510.00 P 20260817 -1.00 -1.00 -1 0 0.5223 -0.1055 0.003358
512.50 P 20260817 -1.00 -1.00 -1 0 0.5528 -0.1259 0.003620
515.00 P 20260817 -1.00 -1.00 4 2 0.5433 -0.1334 0.003816
517.50 P 20260817 -1.00 -1.00 2 1 0.5357 -0.1420 0.004024
520.00 P 20260817 -1.00 -1.00 1 12 0.5380 -0.1551 0.004239
522.50 P 20260817 -1.00 -1.00 2 1 0.5274 -0.1629 0.004464
525.00 P 20260817 -1.00 -1.00 1 1 0.5141 -0.1697 0.004707
527.50 P 20260817 -1.00 -1.00 2 1 0.5132 -0.1820 0.004944
530.00 P 20260817 -1.00 -1.00 2 7 0.5245 -0.1987 0.005143
532.50 P 20260817 -1.00 -1.00 -1 0 0.5094 -0.2059 0.005430
535.00 P 20260817 -1.00 -1.00 7 6 0.5042 -0.2185 0.005677
537.50 P 20260817 -1.00 -1.00 -1 0 0.4947 -0.2310 0.005939
540.00 P 20260817 -1.00 -1.00 9 7 0.5101 -0.2538 0.006025
542.50 P 20260817 -1.00 -1.00 10 8 0.4850 -0.2612 0.006428
545.00 P 20260817 -1.00 -1.00 26 20 0.4840 -0.2781 0.006649
547.50 P 20260817 -1.00 -1.00 39 23 0.4895 -0.2971 0.006805
550.00 P 20260817 -1.00 -1.00 1 37 0.4589 -0.3053 0.007364
552.50 P 20260817 -1.00 -1.00 43 32 0.4868 -0.3307 0.007255
555.00 P 20260817 -1.00 -1.00 19 15 0.4875 -0.3499 0.007368
557.50 P 20260817 -1.00 -1.00 189 169 0.4808 -0.3679 0.007560
560.00 P 20260817 -1.00 -1.00 34 19 0.4796 -0.3873 0.007675
562.50 P 20260817 -1.00 -1.00 39 28 0.4808 -0.4072 0.007753
565.00 P 20260817 -1.00 -1.00 433 128 0.4808 -0.4269 0.007850
567.50 P 20260817 -1.00 -1.00 10 5 0.4923 -0.4469 0.007764
570.00 P 20260817 -1.00 -1.00 405 113 0.4458 -0.4663 0.008677
572.50 P 20260817 -1.00 -1.00 10 5 0.4765 -0.4862 0.008158
575.00 P 20260817 -1.00 -1.00 4 3 0.4859 -0.5050 0.007952
577.50 P 20260817 -1.00 -1.00 2 1 0.4737 -0.5258 0.008105
580.00 P 20260817 -1.00 -1.00 30 13 0.4770 -0.5450 0.008000
582.50 P 20260817 -1.00 -1.00 8 4 0.4774 -0.5645 0.007945
585.00 P 20260817 -1.00 -1.00 8 4 0.4676 -0.5867 0.008056
587.50 P 20260817 -1.00 -1.00 -1 0 0.4797 -0.6031 0.007812
590.00 P 20260817 -1.00 -1.00 2 0 0.4294 -0.6394 0.008514
592.50 P 20260817 -1.00 -1.00 -1 0 0.4834 -0.6388 0.007557
595.00 P 20260817 -1.00 -1.00 2 1 0.4942 -0.6517 0.007264
597.50 P 20260817 -1.00 -1.00 -1 0 0.4883 -0.6704 0.007172
600.00 P 20260817 -1.00 -1.00 13 5 0.4564 -0.7015 0.007357
602.50 P 20260817 -1.00 -1.00 -1 0 0.4771 -0.7089 0.006960
605.00 P 20260817 -1.00 -1.00 -1 0 0.4845 -0.7222 0.006724
607.50 P 20260817 -1.00 -1.00 -1 0 0.4831 -0.7398 0.006572
610.00 P 20260817 -1.00 -1.00 3 2 0.3923 -0.8060 0.006875
612.50 P 20260817 -1.00 -1.00 -1 0 0.4884 -0.7667 0.006155
615.00 P 20260817 -1.00 -1.00 -1 0 0.4774 -0.7848 0.005986
617.50 P 20260817 -1.00 -1.00 -1 0 0.3368 -0.8915 0.005663
620.00 P 20260817 -1.00 -1.00 -1 0 0.4924 -0.8023 0.005507
622.50 P 20260817 -1.00 -1.00 -1 0 0.4882 -0.8173 0.005304
625.00 P 20260817 -1.00 -1.00 -1 0 0.4787 -0.8358 0.005095
627.50 P 20260817 -1.00 -1.00 -1 0 0.4950 -0.8383 0.004880
630.00 P 20260817 -1.00 -1.00 -1 0 0.4320 -0.8846 0.004530
632.50 P 20260817 -1.00 -1.00 -1 0 -1.0000 -1.0000 -1.000000
635.00 P 20260817 -1.00 -1.00 -1 0 0.4895 -0.8725 0.004258
637.50 P 20260817 -1.00 -1.00 -1 0 0.4938 -0.8787 0.004072
640.00 P 20260817 -1.00 -1.00 -1 0 0.4993 -0.8842 0.003898
642.50 P 20260817 -1.00 -1.00 -1 0 0.4958 -0.8942 0.003692
645.00 P 20260817 -1.00 -1.00 -1 0 0.5179 -0.8910 0.003599
647.50 P 20260817 -1.00 -1.00 -1 0 0.5014 -0.9077 0.003337
650.00 P 20260817 -1.00 -1.00 -1 0 0.4855 -0.9253 0.003033
652.50 P 20260817 -1.00 -1.00 -1 0 0.4943 -0.9283 0.002902
655.00 P 20260817 -1.00 -1.00 -1 0 0.5028 -0.9304 0.002792
657.50 P 20260817 -1.00 -1.00 -1 0 0.5127 -0.9316 0.002699
660.00 P 20260817 -1.00 -1.00 -1 0 0.5159 -0.9350 0.002580
662.50 P 20260817 -1.00 -1.00 -1 0 0.4636 -0.9613 0.002072
665.00 P 20260817 -1.00 -1.00 -1 0 0.4995 -0.9506 0.002203
667.50 P 20260817 -1.00 -1.00 -1 0 0.5161 -0.9487 0.002181
670.00 P 20260817 -1.00 -1.00 -1 0 -1.0000 -1.0000 -1.000000
672.50 P 20260817 -1.00 -1.00 -1 0 0.4843 -0.9718 0.001622
675.00 P 20260817 -1.00 -1.00 -1 0 -1.0000 -1.0000 -1.000000
680.00 P 20260817 -1.00 -1.00 -1 0 -1.0000 -1.0000 -1.000000
685.00 P 20260817 -1.00 -1.00 -1 0 -1.0000 -1.0000 -1.000000
690.00 P 20260817 -1.00 -1.00 -1 0 -1.0000 -1.0000 -1.000000
695.00 P 20260817 -1.00 -1.00 2 1 -1.0000 -1.0000 -1.000000
700.00 P 20260817 -1.00 -1.00 -1 0 -1.0000 -1.0000 -1.000000
705.00 P 20260817 -1.00 -1.00 -1 0 -1.0000 -1.0000 -1.000000
710.00 P 20260817 -1.00 -1.00 -1 0 -1.0000 -1.0000 -1.000000
715.00 P 20260817 -1.00 -1.00 -1 0 -1.0000 -1.0000 -1.000000
720.00 P 20260817 -1.00 -1.00 -1 0 -1.0000 -1.0000 -1.000000
725.00 P 20260817 -1.00 -1.00 -1 0 -1.0000 -1.0000 -1.000000
420.00 C 20260819 -1.00 -1.00 -1 0 0.7560 0.9844 0.000453
425.00 C 20260819 -1.00 -1.00 -1 0 1.2063 0.9140 0.001154
430.00 C 20260819 -1.00 -1.00 -1 0 0.8427 0.9643 0.000820
435.00 C 20260819 -1.00 -1.00 -1 0 0.8785 0.9527 0.000995
440.00 C 20260819 -1.00 -1.00 -1 0 0.8013 0.9590 0.000966
445.00 C 20260819 -1.00 -1.00 -1 0 0.6949 0.9732 0.000794
447.50 C 20260819 -1.00 -1.00 -1 0 0.8248 0.9459 0.001190
450.00 C 20260819 -1.00 -1.00 -1 0 0.7534 0.9546 0.001120
452.50 C 20260819 -1.00 -1.00 -1 0 0.7119 0.9591 0.001086
455.00 C 20260819 -1.00 -1.00 -1 0 0.6633 0.9658 0.001007
457.50 C 20260819 -1.00 -1.00 -1 0 0.7816 0.9384 0.001389
460.00 C 20260819 -1.00 -1.00 -1 0 0.7853 0.9320 0.001483
462.50 C 20260819 -1.00 -1.00 -1 0 0.6462 0.9584 0.001213
465.00 C 20260819 -1.00 -1.00 -1 0 0.6422 0.9555 0.001292
467.50 C 20260819 -1.00 -1.00 -1 0 0.9517 0.8804 0.001876
470.00 C 20260819 -1.00 -1.00 2 1 0.6835 0.9385 0.001588
472.50 C 20260819 -1.00 -1.00 -1 0 0.7265 0.9199 0.001811
475.00 C 20260819 -1.00 -1.00 4 2 0.6383 0.9410 0.001655
477.50 C 20260819 -1.00 -1.00 -1 0 0.6257 0.9389 0.001730
480.00 C 20260819 -1.00 -1.00 2 1 0.6422 0.9267 0.001918
482.50 C 20260819 -1.00 -1.00 -1 0 0.6088 0.9314 0.001929
485.00 C 20260819 -1.00 -1.00 -1 0 0.6074 0.9251 0.002060
487.50 C 20260819 -1.00 -1.00 -1 0 0.6156 0.9156 0.002223
490.00 C 20260819 -1.00 -1.00 -1 0 0.5935 0.9161 0.002294
492.50 C 20260819 -1.00 -1.00 -1 0 0.7485 0.8619 0.002617
495.00 C 20260819 -1.00 -1.00 -1 0 0.5812 0.9063 0.002551
497.50 C 20260819 -1.00 -1.00 -1 0 0.5812 0.8992 0.002701
500.00 C 20260819 -1.00 -1.00 -1 0 0.6124 0.8829 0.002890
502.50 C 20260819 -1.00 -1.00 -1 0 0.5610 0.8913 0.002969
505.00 C 20260819 -1.00 -1.00 -1 0 0.5872 0.8736 0.003161
507.50 C 20260819 -1.00 -1.00 -1 0 0.7201 0.8197 0.003251
510.00 C 20260819 -1.00 -1.00 -1 0 0.5730 0.8587 0.003474
512.50 C 20260819 -1.00 -1.00 -1 0 0.5584 0.8540 0.003639
515.00 C 20260819 -1.00 -1.00 -1 0 0.6708 0.8063 0.003668
517.50 C 20260819 -1.00 -1.00 -1 0 0.5586 0.8322 0.003985
520.00 C 20260819 -1.00 -1.00 -1 0 0.5574 0.8218 0.004160
522.50 C 20260819 -1.00 -1.00 -1 0 0.6975 0.7672 0.003907
525.00 C 20260819 -1.00 -1.00 -1 0 0.5330 0.8084 0.004574
527.50 C 20260819 -1.00 -1.00 -1 0 0.7578 0.7312 0.003867
530.00 C 20260819 -1.00 -1.00 -1 0 0.5699 0.7703 0.004757
532.50 C 20260819 -1.00 -1.00 -1 0 0.5286 0.7717 0.005115
535.00 C 20260819 -1.00 -1.00 -1 0 0.5434 0.7516 0.005181
537.50 C 20260819 -1.00 -1.00 -1 0 0.5336 0.7405 0.005392
540.00 C 20260819 -1.00 -1.00 4 2 0.5325 0.7263 0.005553
542.50 C 20260819 -1.00 -1.00 1 0 0.6413 0.6866 0.004961
545.00 C 20260819 -1.00 -1.00 166 83 0.5342 0.6967 0.005845
547.50 C 20260819 -1.00 -1.00 1 0 0.6225 0.6644 0.005276
550.00 C 20260819 -1.00 -1.00 11 10 0.5293 0.6685 0.006195
552.50 C 20260819 -1.00 -1.00 -1 0 0.5440 0.6491 0.006108
555.00 C 20260819 -1.00 -1.00 -1 0 0.5824 0.6272 0.005789
557.50 C 20260819 -1.00 -1.00 -1 0 0.5156 0.6209 0.006567
560.00 C 20260819 -1.00 -1.00 18 6 0.5906 0.5963 0.005827
562.50 C 20260819 -1.00 -1.00 -1 0 0.5135 0.5872 0.006741
565.00 C 20260819 -1.00 -1.00 2 1 0.5679 0.5675 0.006175
567.50 C 20260819 -1.00 -1.00 -1 0 0.5266 0.5527 0.006720
570.00 C 20260819 -1.00 -1.00 43 23 0.5314 0.5362 0.006730
572.50 C 20260819 -1.00 -1.00 2 0 0.5275 0.5196 0.006810
575.00 C 20260819 -1.00 -1.00 2 7 0.5182 0.5025 0.006898
577.50 C 20260819 -1.00 -1.00 2 0 0.5189 0.4859 0.006854
580.00 C 20260819 -1.00 -1.00 39 19 0.5195 0.4694 0.006810
582.50 C 20260819 -1.00 -1.00 -1 0 0.5125 0.4515 0.006866
585.00 C 20260819 -1.00 -1.00 32 25 0.5220 0.4366 0.006710
587.50 C 20260819 -1.00 -1.00 -1 0 0.5649 0.4295 0.006187
590.00 C 20260819 -1.00 -1.00 24 9 0.5101 0.4003 0.006787
592.50 C 20260819 -1.00 -1.00 -1 0 0.5157 0.3851 0.006681
595.00 C 20260819 -1.00 -1.00 16 6 0.5643 0.3835 0.006107
597.50 C 20260819 -1.00 -1.00 -1 0 0.5282 0.3594 0.006342
600.00 C 20260819 -1.00 -1.00 23 14 0.5281 0.3453 0.006224
602.50 C 20260819 -1.00 -1.00 -1 0 0.5243 0.3298 0.006139
605.00 C 20260819 -1.00 -1.00 20 1 0.5156 0.3120 0.006091
607.50 C 20260819 -1.00 -1.00 -1 0 0.5242 0.3013 0.005901
610.00 C 20260819 -1.00 -1.00 -1 0 0.5241 0.2870 0.005782
612.50 C 20260819 -1.00 -1.00 -1 0 0.5656 0.2915 0.005393
615.00 C 20260819 -1.00 -1.00 54 42 0.5312 0.2622 0.005498
617.50 C 20260819 -1.00 -1.00 -1 0 0.5360 0.2507 0.005354
620.00 C 20260819 -1.00 -1.00 -1 0 0.5336 0.2389 0.005215
622.50 C 20260819 -1.00 -1.00 -1 0 0.5281 0.2259 0.005080
625.00 C 20260819 -1.00 -1.00 -1 0 0.5336 0.2179 0.004910
627.50 C 20260819 -1.00 -1.00 -1 0 0.5368 0.2089 0.004751
630.00 C 20260819 -1.00 -1.00 -1 0 0.5289 0.1944 0.004611
632.50 C 20260819 -1.00 -1.00 -1 0 0.5313 0.1851 0.004454
635.00 C 20260819 -1.00 -1.00 -1 0 0.5399 0.1792 0.004298
637.50 C 20260819 -1.00 -1.00 -1 0 0.5430 0.1705 0.004150
640.00 C 20260819 -1.00 -1.00 -1 0 0.5485 0.1633 0.004007
642.50 C 20260819 -1.00 -1.00 -1 0 0.5492 0.1535 0.003864
645.00 C 20260819 -1.00 -1.00 -1 0 0.5528 0.1460 0.003727
647.50 C 20260819 -1.00 -1.00 -1 0 0.5496 0.1381 0.003589
650.00 C 20260819 -1.00 -1.00 -1 0 0.5539 0.1332 0.003464
652.50 C 20260819 -1.00 -1.00 -1 0 0.5549 0.1270 0.003334
655.00 C 20260819 -1.00 -1.00 -1 0 0.5564 0.1210 0.003206
657.50 C 20260819 -1.00 -1.00 -1 0 0.5617 0.1168 0.003093
660.00 C 20260819 -1.00 -1.00 -1 0 0.5712 0.1145 0.002997
662.50 C 20260819 -1.00 -1.00 -1 0 0.5587 0.1023 0.002823
665.00 C 20260819 -1.00 -1.00 -1 0 0.5830 0.1071 0.002796
667.50 C 20260819 -1.00 -1.00 -1 0 0.5855 0.1020 0.002687
670.00 C 20260819 -1.00 -1.00 -1 0 0.5942 0.0997 0.002606
672.50 C 20260819 -1.00 -1.00 -1 0 0.5942 0.0936 0.002492
675.00 C 20260819 -1.00 -1.00 -1 0 0.6030 0.0916 0.002419
680.00 C 20260819 -1.00 -1.00 -1 0 0.6158 0.0856 0.002262
685.00 C 20260819 -1.00 -1.00 -1 0 0.6093 0.0737 0.002048
690.00 C 20260819 -1.00 -1.00 -1 0 0.6177 0.0694 0.001920
695.00 C 20260819 -1.00 -1.00 -1 0 0.6309 0.0666 0.001817
700.00 C 20260819 -1.00 -1.00 -1 0 0.5930 0.0478 0.001479
705.00 C 20260819 -1.00 -1.00 -1 0 0.6571 0.0615 0.001632
710.00 C 20260819 -1.00 -1.00 -1 0 0.6110 0.0403 0.001258
715.00 C 20260819 -1.00 -1.00 -1 0 0.6210 0.0371 0.001164
720.00 C 20260819 -1.00 -1.00 -1 0 0.6127 0.0317 0.001032
725.00 C 20260819 -1.00 -1.00 -1 0 0.6315 0.0319 0.001006
420.00 P 20260819 -1.00 -1.00 -1 0 0.8374 -0.0238 0.000598
425.00 P 20260819 -1.00 -1.00 -1 0 0.8155 -0.0249 0.000640
430.00 P 20260819 -1.00 -1.00 -1 0 0.7945 -0.0271 0.000701
435.00 P 20260819 -1.00 -1.00 -1 0 0.7719 -0.0292 0.000764
440.00 P 20260819 -1.00 -1.00 -1 0 0.7506 -0.0315 0.000836
445.00 P 20260819 -1.00 -1.00 -1 0 0.7305 -0.0343 0.000918
447.50 P 20260819 -1.00 -1.00 -1 0 0.7205 -0.0357 0.000961
450.00 P 20260819 -1.00 -1.00 -1 0 0.7106 -0.0371 0.001007
452.50 P 20260819 -1.00 -1.00 -1 0 0.7017 -0.0388 0.001057
455.00 P 20260819 -1.00 -1.00 -1 0 0.6929 -0.0406 0.001110
457.50 P 20260819 -1.00 -1.00 -1 0 0.6852 -0.0426 0.001168
460.00 P 20260819 -1.00 -1.00 -1 0 0.7638 -0.0622 0.001433
462.50 P 20260819 -1.00 -1.00 -1 0 0.7113 -0.0547 0.001394
465.00 P 20260819 -1.00 -1.00 -1 0 0.7001 -0.0562 0.001449
467.50 P 20260819 -1.00 -1.00 -1 0 0.6871 -0.0573 0.001502
470.00 P 20260819 -1.00 -1.00 55 44 0.6378 -0.0512 0.001467
472.50 P 20260819 -1.00 -1.00 -1 0 0.6318 -0.0538 0.001545
475.00 P 20260819 -1.00 -1.00 2 1 0.5939 -0.0494 0.001526
477.50 P 20260819 -1.00 -1.00 -1 0 0.6197 -0.0591 0.001709
480.00 P 20260819 -1.00 -1.00 -1 0 0.6302 -0.0694 0.001880
482.50 P 20260819 -1.00 -1.00 -1 0 0.6159 -0.0711 0.001959
485.00 P 20260819 -1.00 -1.00 -1 0 0.6105 -0.0760 0.002075
487.50 P 20260819 -1.00 -1.00 -1 0 0.5980 -0.0785 0.002171
490.00 P 20260819 -1.00 -1.00 13 13 0.5929 -0.0837 0.002297
492.50 P 20260819 -1.00 -1.00 -1 0 0.6038 -0.0942 0.002468
495.00 P 20260819 -1.00 -1.00 24 24 0.5862 -0.0954 0.002568
497.50 P 20260819 -1.00 -1.00 -1 0 0.5578 -0.0930 0.002645
500.00 P 20260819 -1.00 -1.00 2 2 0.5708 -0.1047 0.002836
502.50 P 20260819 -1.00 -1.00 -1 0 0.5759 -0.1135 0.002998
505.00 P 20260819 -1.00 -1.00 -1 0 0.5465 -0.1114 0.003113
507.50 P 20260819 -1.00 -1.00 -1 0 0.5507 -0.1210 0.003290
510.00 P 20260819 -1.00 -1.00 1 1 0.5493 -0.1314 0.003467
512.50 P 20260819 -1.00 -1.00 -1 0 0.5424 -0.1384 0.003624
515.00 P 20260819 -1.00 -1.00 -1 0 0.5378 -0.1475 0.003807
517.50 P 20260819 -1.00 -1.00 -1 0 0.5332 -0.1569 0.003996
520.00 P 20260819 -1.00 -1.00 2 2 0.5207 -0.1631 0.004198
522.50 P 20260819 -1.00 -1.00 -1 0 0.5233 -0.1757 0.004392
525.00 P 20260819 -1.00 -1.00 2 2 0.5196 -0.1858 0.004596
527.50 P 20260819 -1.00 -1.00 -1 0 0.5257 -0.1996 0.004777
530.00 P 20260819 -1.00 -1.00 -1 0 0.5228 -0.2102 0.004985
532.50 P 20260819 -1.00 -1.00 1 0 0.5172 -0.2228 0.005176
535.00 P 20260819 -1.00 -1.00 -1 0 0.5003 -0.2309 0.005443
537.50 P 20260819 -1.00 -1.00 -1 0 0.4993 -0.2461 0.005622
540.00 P 20260819 -1.00 -1.00 11 11 0.5023 -0.2627 0.005773
542.50 P 20260819 -1.00 -1.00 -1 0 0.5046 -0.2789 0.005925
545.00 P 20260819 -1.00 -1.00 22 22 0.5063 -0.2948 0.006081
547.50 P 20260819 -1.00 -1.00 -1 0 0.5066 -0.3103 0.006247
550.00 P 20260819 -1.00 -1.00 1 1 0.5101 -0.3265 0.006382
552.50 P 20260819 -1.00 -1.00 -1 0 0.5079 -0.3425 0.006522
555.00 P 20260819 -1.00 -1.00 4 2 0.4998 -0.3582 0.006698
557.50 P 20260819 -1.00 -1.00 -1 0 0.5009 -0.3759 0.006763
560.00 P 20260819 -1.00 -1.00 404 2 0.4968 -0.3928 0.006895
562.50 P 20260819 -1.00 -1.00 -1 0 0.4979 -0.4106 0.006961
565.00 P 20260819 -1.00 -1.00 53 49 0.4815 -0.4271 0.007275
567.50 P 20260819 -1.00 -1.00 -1 0 0.4999 -0.4459 0.007092
570.00 P 20260819 -1.00 -1.00 2 2 0.5098 -0.4635 0.007033
572.50 P 20260819 -1.00 -1.00 -1 0 0.4954 -0.4814 0.007284
575.00 P 20260819 -1.00 -1.00 -1 0 0.5039 -0.4982 0.007122
577.50 P 20260819 -1.00 -1.00 -1 0 0.4981 -0.5161 0.007169
580.00 P 20260819 -1.00 -1.00 -1 0 0.4872 -0.5351 0.007288
582.50 P 20260819 -1.00 -1.00 -1 0 0.4979 -0.5509 0.007096
585.00 P 20260819 -1.00 -1.00 19 15 0.4987 -0.5681 0.007049
587.50 P 20260819 -1.00 -1.00 -1 0 0.4967 -0.5861 0.007040
590.00 P 20260819 -1.00 -1.00 -1 0 0.4996 -0.6028 0.006966
592.50 P 20260819 -1.00 -1.00 -1 0 0.4893 -0.6236 0.007061
595.00 P 20260819 -1.00 -1.00 -1 0 0.5030 -0.6346 0.006770
597.50 P 20260819 -1.00 -1.00 -1 0 0.4249 -0.6808 0.007558
600.00 P 20260819 -1.00 -1.00 -1 0 0.4560 -0.6836 0.007008
602.50 P 20260819 -1.00 -1.00 -1 0 0.4542 -0.7010 0.006870
605.00 P 20260819 -1.00 -1.00 -1 0 0.5085 -0.6918 0.006206
607.50 P 20260819 -1.00 -1.00 -1 0 0.5017 -0.7097 0.006137
610.00 P 20260819 -1.00 -1.00 -1 0 0.5047 -0.7232 0.005984
612.50 P 20260819 -1.00 -1.00 -1 0 0.4922 -0.7450 0.005948
615.00 P 20260819 -1.00 -1.00 11 11 0.5110 -0.7497 0.005686
617.50 P 20260819 -1.00 -1.00 -1 0 0.4973 -0.7681 0.005590
620.00 P 20260819 -1.00 -1.00 -1 0 0.5125 -0.7722 0.005358
622.50 P 20260819 -1.00 -1.00 -1 0 0.4289 -0.8318 0.005379
625.00 P 20260819 -1.00 -1.00 -1 0 0.5063 -0.7976 0.005045
627.50 P 20260819 -1.00 -1.00 -1 0 0.5070 -0.8084 0.004875
630.00 P 20260819 -1.00 -1.00 -1 0 0.4243 -0.8704 0.004663
632.50 P 20260819 -1.00 -1.00 -1 0 0.5117 -0.8282 0.004539
635.00 P 20260819 -1.00 -1.00 -1 0 0.4849 -0.8566 0.004351
637.50 P 20260819 -1.00 -1.00 -1 0 0.3087 -0.9725 0.002756
640.00 P 20260819 -1.00 -1.00 -1 0 0.5357 -0.8468 0.004070
642.50 P 20260819 -1.00 -1.00 -1 0 0.5153 -0.8659 0.003894
645.00 P 20260819 -1.00 -1.00 -1 0 -1.0000 -1.0000 -1.000000
647.50 P 20260819 -1.00 -1.00 -1 0 0.5148 -0.8808 0.003589
650.00 P 20260819 -1.00 -1.00 -1 0 0.5421 -0.8752 0.003509
652.50 P 20260819 -1.00 -1.00 -1 0 0.5224 -0.8916 0.003312
655.00 P 20260819 -1.00 -1.00 -1 0 0.5248 -0.8976 0.003174
657.50 P 20260819 -1.00 -1.00 -1 0 0.5045 -0.9160 0.002917
660.00 P 20260819 -1.00 -1.00 -1 0 0.5309 -0.9088 0.002911
662.50 P 20260819 -1.00 -1.00 -1 0 0.5331 -0.9147 0.002778
665.00 P 20260819 -1.00 -1.00 -1 0 0.5413 -0.9173 0.002681
667.50 P 20260819 -1.00 -1.00 -1 0 0.5409 -0.9246 0.002543
670.00 P 20260819 -1.00 -1.00 -1 0 0.5456 -0.9284 0.002438
672.50 P 20260819 -1.00 -1.00 -1 0 -1.0000 -1.0000 -1.000000
675.00 P 20260819 -1.00 -1.00 -1 0 0.5451 -0.9366 0.002235
680.00 P 20260819 -1.00 -1.00 -1 0 -1.0000 -1.0000 -1.000000
685.00 P 20260819 -1.00 -1.00 -1 0 0.5515 -0.9501 0.001865
690.00 P 20260819 -1.00 -1.00 -1 0 0.5294 -0.9672 0.001516
695.00 P 20260819 -1.00 -1.00 -1 0 0.5627 -0.9616 0.001556
700.00 P 20260819 -1.00 -1.00 -1 0 0.5638 -0.9689 0.001367
705.00 P 20260819 -1.00 -1.00 -1 0 -1.0000 -1.0000 -1.000000
710.00 P 20260819 -1.00 -1.00 -1 0 -1.0000 -1.0000 -1.000000
715.00 P 20260819 -1.00 -1.00 -1 0 0.5761 -0.9789 0.001077
720.00 P 20260819 -1.00 -1.00 -1 0 0.5860 -0.9804 0.001012
725.00 P 20260819 -1.00 -1.00 -1 0 0.5858 -0.9842 0.000904
420.00 C 20260821 -1.00 -1.00 6 170 0.7324 0.9818 0.000502
425.00 C 20260821 -1.00 -1.00 3 42 1.3101 0.8899 0.001205
430.00 C 20260821 -1.00 -1.00 1 255 0.8780 0.9504 0.000972
435.00 C 20260821 -1.00 -1.00 1 73 1.2331 0.8834 0.001328
440.00 C 20260821 -1.00 -1.00 1 264 1.0057 0.9110 0.001330
445.00 C 20260821 -1.00 -1.00 1 227 0.6935 0.9641 0.000937
450.00 C 20260821 -1.00 -1.00 3 985 0.9467 0.9045 0.001493
455.00 C 20260821 -1.00 -1.00 1 242 0.9270 0.8994 0.001590
460.00 C 20260821 -1.00 -1.00 1 337 0.9234 0.8912 0.001700
465.00 C 20260821 -1.00 -1.00 1 173 0.6543 0.9446 0.001433
470.00 C 20260821 -1.00 -1.00 5 253 0.6398 0.9394 0.001573
475.00 C 20260821 -1.00 -1.00 3 451 0.6249 0.9321 0.001745
480.00 C 20260821 -1.00 -1.00 2 225 0.6128 0.9237 0.001939
485.00 C 20260821 -1.00 -1.00 1 259 0.6072 0.9128 0.002164
490.00 C 20260821 -1.00 -1.00 1 336 0.7785 0.8480 0.002508
495.00 C 20260821 -1.00 -1.00 8 137 0.6028 0.8885 0.002646
500.00 C 20260821 -1.00 -1.00 8 398 0.6156 0.8671 0.002911
505.00 C 20260821 -1.00 -1.00 1 319 0.5707 0.8659 0.003158
510.00 C 20260821 -1.00 -1.00 12 190 0.6042 0.8338 0.003431
515.00 C 20260821 -1.00 -1.00 36 218 0.5598 0.8300 0.003759
520.00 C 20260821 -1.00 -1.00 11 3916 0.5616 0.8091 0.004059
525.00 C 20260821 -1.00 -1.00 1 666 0.5594 0.7888 0.004362
530.00 C 20260821 -1.00 -1.00 46 1119 0.5682 0.7597 0.004565
532.50 C 20260821 -1.00 -1.00 4 215 0.5438 0.7549 0.004816
535.00 C 20260821 -1.00 -1.00 27 268 0.6503 0.7131 0.004368
537.50 C 20260821 -1.00 -1.00 2 90 0.5427 0.7284 0.005083
540.00 C 20260821 -1.00 -1.00 422 653 0.5366 0.7166 0.005256
542.50 C 20260821 -1.00 -1.00 712 813 0.5379 0.7027 0.005380
545.00 C 20260821 -1.00 -1.00 2 611 0.5386 0.6890 0.005507
547.50 C 20260821 -1.00 -1.00 46 121 0.5387 0.6754 0.005638
550.00 C 20260821 -1.00 -1.00 17 9606 0.5525 0.6580 0.005594
552.50 C 20260821 -1.00 -1.00 36 125 0.5478 0.6439 0.005697
555.00 C 20260821 -1.00 -1.00 18 277 0.5278 0.6321 0.005962
557.50 C 20260821 -1.00 -1.00 12 87 0.5445 0.6144 0.005848
560.00 C 20260821 -1.00 -1.00 17 1237 0.5378 0.5999 0.005979
562.50 C 20260821 -1.00 -1.00 21 98 0.5343 0.5849 0.006078
565.00 C 20260821 -1.00 -1.00 7 1168 0.5235 0.5701 0.006264
567.50 C 20260821 -1.00 -1.00 20 106 0.6042 0.5535 0.005490
570.00 C 20260821 -1.00 -1.00 9 5306 0.5240 0.5387 0.006385
572.50 C 20260821 -1.00 -1.00 4 566 0.5258 0.5232 0.006401
575.00 C 20260821 -1.00 -1.00 18 2903 0.5243 0.5077 0.006391
577.50 C 20260821 -1.00 -1.00 1 86 0.5233 0.4922 0.006374
580.00 C 20260821 -1.00 -1.00 143 2898 0.5601 0.4813 0.005934
582.50 C 20260821 -1.00 -1.00 132 125 0.5161 0.4602 0.006401
585.00 C 20260821 -1.00 -1.00 9 3947 0.5157 0.4444 0.006376
587.50 C 20260821 -1.00 -1.00 3 3523 0.5198 0.4297 0.006297
590.00 C 20260821 -1.00 -1.00 10 2690 0.5219 0.4146 0.006244
592.50 C 20260821 -1.00 -1.00 4 230 0.5174 0.3979 0.006266
595.00 C 20260821 -1.00 -1.00 25 6427 0.5200 0.3831 0.006207
600.00 C 20260821 -1.00 -1.00 76 17701 0.5241 0.3573 0.005967
605.00 C 20260821 -1.00 -1.00 31 1345 0.5209 0.3296 0.005784
610.00 C 20260821 -1.00 -1.00 47 1503 0.5166 0.3009 0.005605
615.00 C 20260821 -1.00 -1.00 39 1624 0.5193 0.2753 0.005373
620.00 C 20260821 -1.00 -1.00 30 1477 0.5230 0.2504 0.005140
625.00 C 20260821 -1.00 -1.00 190 6548 0.5163 0.2273 0.004884
630.00 C 20260821 -1.00 -1.00 16 4537 0.5067 0.2021 0.004616
635.00 C 20260821 -1.00 -1.00 15 5016 0.5090 0.1826 0.004319
640.00 C 20260821 -1.00 -1.00 19 435 0.5185 0.1675 0.004030
645.00 C 20260821 -1.00 -1.00 11 1558 0.5228 0.1500 0.003754
650.00 C 20260821 -1.00 -1.00 103 7988 0.5156 0.1328 0.003477
655.00 C 20260821 -1.00 -1.00 40 5363 0.5141 0.1187 0.003203
660.00 C 20260821 -1.00 -1.00 3 4074 0.5110 0.1037 0.002918
665.00 C 20260821 -1.00 -1.00 20 2383 0.5223 0.0962 0.002707
670.00 C 20260821 -1.00 -1.00 4 1692 0.5368 0.0907 0.002529
675.00 C 20260821 -1.00 -1.00 21 2365 0.5330 0.0766 0.002267
680.00 C 20260821 -1.00 -1.00 3 706 0.5323 0.0690 0.002078
685.00 C 20260821 -1.00 -1.00 2 345 0.5371 0.0633 0.001916
690.00 C 20260821 -1.00 -1.00 122 757 0.5544 0.0621 0.001826
695.00 C 20260821 -1.00 -1.00 20 276 0.5364 0.0484 0.001546
700.00 C 20260821 -1.00 -1.00 17 4411 0.5414 0.0431 0.001399
705.00 C 20260821 -1.00 -1.00 3 437 0.5517 0.0399 0.001296
710.00 C 20260821 -1.00 -1.00 40 891 0.5712 0.0404 0.001262
715.00 C 20260821 -1.00 -1.00 45 292 0.5649 0.0336 0.001102
720.00 C 20260821 -1.00 -1.00 4 1365 0.5615 0.0295 0.000988
725.00 C 20260821 -1.00 -1.00 26 441 0.5693 0.0277 0.000923
420.00 P 20260821 -1.00 -1.00 119 2342 0.7484 -0.0199 0.000534
425.00 P 20260821 -1.00 -1.00 84 1658 0.7339 -0.0216 0.000585
430.00 P 20260821 -1.00 -1.00 4 4405 0.7309 -0.0246 0.000660
435.00 P 20260821 -1.00 -1.00 73 1112 0.7193 -0.0280 0.000744
440.00 P 20260821 -1.00 -1.00 291 4738 0.7177 -0.0342 0.000873
445.00 P 20260821 -1.00 -1.00 39 583 0.6703 -0.0308 0.000861
450.00 P 20260821 -1.00 -1.00 20 34399 0.6602 -0.0355 0.000979
455.00 P 20260821 -1.00 -1.00 34 1111 0.6511 -0.0406 0.001107
460.00 P 20260821 -1.00 -1.00 6 5408 0.6334 -0.0439 0.001214
465.00 P 20260821 -1.00 -1.00 17 3737 0.6365 -0.0518 0.001391
470.00 P 20260821 -1.00 -1.00 24 5869 0.6264 -0.0570 0.001535
475.00 P 20260821 -1.00 -1.00 62 41740 0.6123 -0.0635 0.001702
480.00 P 20260821 -1.00 -1.00 14 5495 0.6074 -0.0746 0.001926
485.00 P 20260821 -1.00 -1.00 12 3655 0.5816 -0.0787 0.002093
490.00 P 20260821 -1.00 -1.00 4 4616 0.5865 -0.0936 0.002368
495.00 P 20260821 -1.00 -1.00 7 2712 0.5816 -0.1053 0.002620
500.00 P 20260821 -1.00 -1.00 1589 22695 0.5805 -0.1187 0.002886
505.00 P 20260821 -1.00 -1.00 130 1646 0.5605 -0.1299 0.003158
510.00 P 20260821 -1.00 -1.00 191 3857 0.5591 -0.1497 0.003463
515.00 P 20260821 -1.00 -1.00 19 1428 0.5536 -0.1679 0.003774
520.00 P 20260821 -1.00 -1.00 46 7057 0.5515 -0.1877 0.004090
525.00 P 20260821 -1.00 -1.00 279 5518 0.5378 -0.2040 0.004448
530.00 P 20260821 -1.00 -1.00 87 16305 0.5432 -0.2320 0.004703
532.50 P 20260821 -1.00 -1.00 1 347 0.5390 -0.2439 0.004857
535.00 P 20260821 -1.00 -1.00 27 2104 0.5385 -0.2573 0.004992
537.50 P 20260821 -1.00 -1.00 7 356 0.5145 -0.2631 0.005286
540.00 P 20260821 -1.00 -1.00 48 7289 0.5345 -0.2833 0.005286
542.50 P 20260821 -1.00 -1.00 170 1507 0.5341 -0.2969 0.005424
545.00 P 20260821 -1.00 -1.00 22 645 0.5355 -0.3109 0.005549
547.50 P 20260821 -1.00 -1.00 2 137 0.5344 -0.3244 0.005694
550.00 P 20260821 -1.00 -1.00 1879 5680 0.5330 -0.3389 0.005803
552.50 P 20260821 -1.00 -1.00 19 74 0.5322 -0.3541 0.005873
555.00 P 20260821 -1.00 -1.00 80 488 0.4958 -0.3632 0.006348
557.50 P 20260821 -1.00 -1.00 1058 1061 0.4919 -0.3792 0.006467
560.00 P 20260821 -1.00 -1.00 35 11077 0.5199 -0.3992 0.006200
562.50 P 20260821 -1.00 -1.00 2 336 0.5239 -0.4153 0.006219
565.00 P 20260821 -1.00 -1.00 299 1121 0.5205 -0.4308 0.006324
567.50 P 20260821 -1.00 -1.00 43 111 0.5219 -0.4467 0.006374
570.00 P 20260821 -1.00 -1.00 226 3291 0.4823 -0.4629 0.006969
572.50 P 20260821 -1.00 -1.00 3 254 0.5116 -0.4788 0.006608
575.00 P 20260821 -1.00 -1.00 192 4203 0.5196 -0.4941 0.006477
577.50 P 20260821 -1.00 -1.00 5 43 0.5109 -0.5106 0.006558
580.00 P 20260821 -1.00 -1.00 12 8629 0.5157 -0.5258 0.006468
582.50 P 20260821 -1.00 -1.00 6 22 0.5075 -0.5429 0.006541
585.00 P 20260821 -1.00 -1.00 11 5713 0.4700 -0.5670 0.007018
587.50 P 20260821 -1.00 -1.00 65 44 0.5134 -0.5736 0.006410
590.00 P 20260821 -1.00 -1.00 12 1666 0.4513 -0.6077 0.007225
592.50 P 20260821 -1.00 -1.00 1 1 0.5165 -0.6044 0.006316
595.00 P 20260821 -1.00 -1.00 2 6614 0.4028 -0.6605 0.007688
600.00 P 20260821 -1.00 -1.00 197 8252 0.4386 -0.6780 0.006890
605.00 P 20260821 -1.00 -1.00 1 216 0.4803 -0.6898 0.006184
610.00 P 20260821 -1.00 -1.00 13 557 0.4952 -0.7117 0.005818
615.00 P 20260821 -1.00 -1.00 4 507 0.5012 -0.7370 0.005546
620.00 P 20260821 -1.00 -1.00 13 2236 0.5083 -0.7591 0.005253
625.00 P 20260821 -1.00 -1.00 104 399 0.4727 -0.7986 0.005067
630.00 P 20260821 -1.00 -1.00 7 394 0.4950 -0.8081 0.004696
635.00 P 20260821 -1.00 -1.00 4 4309 0.4993 -0.8272 0.004389
640.00 P 20260821 -1.00 -1.00 6 2419 0.5025 -0.8466 0.004087
645.00 P 20260821 -1.00 -1.00 1 134 0.4939 -0.8682 0.003782
650.00 P 20260821 -1.00 -1.00 2 240 0.5022 -0.8784 0.003515
655.00 P 20260821 -1.00 -1.00 8 239 0.4892 -0.8995 0.003181
660.00 P 20260821 -1.00 -1.00 1 188 0.4776 -0.9212 0.002816
665.00 P 20260821 -1.00 -1.00 4 74 0.5101 -0.9162 0.002718
670.00 P 20260821 -1.00 -1.00 1 170 -1.0000 -1.0000 -1.000000
675.00 P 20260821 -1.00 -1.00 10 69 0.5037 -0.9400 0.002217
680.00 P 20260821 -1.00 -1.00 1 22 0.4717 -0.9623 0.001793
685.00 P 20260821 -1.00 -1.00 1 45 0.5231 -0.9484 0.001922
690.00 P 20260821 -1.00 -1.00 1 11 0.4883 -0.9720 0.001475
695.00 P 20260821 -1.00 -1.00 10 1 0.5377 -0.9582 0.001642
700.00 P 20260821 -1.00 -1.00 11 15 -1.0000 -1.0000 -1.000000
705.00 P 20260821 -1.00 -1.00 22 14 0.5551 -0.9661 0.001395
710.00 P 20260821 -1.00 -1.00 1 0 0.5504 -0.9735 0.001231
715.00 P 20260821 -1.00 -1.00 9 0 0.5121 -0.9874 0.000900
720.00 P 20260821 -1.00 -1.00 1 0 -1.0000 -1.0000 -1.000000
725.00 P 20260821 -1.00 -1.00 40 0 -1.0000 -1.0000 -1.000000
340.00 C 20260807 -1.00 -1.00 -1 0 2.3819 0.9978 0.000061
345.00 C 20260807 -1.00 -1.00 -1 0 2.4046 0.9972 0.000077
350.00 C 20260807 -1.00 -1.00 4 5 -1.0000 -1.0000 -1.000000
355.00 C 20260807 -1.00 -1.00 -1 0 1.9999 0.9992 0.000031
360.00 C 20260807 -1.00 -1.00 -1 0 2.2119 0.9971 0.000087
365.00 C 20260807 -1.00 -1.00 -1 0 0.0005 1.0000 -0.000000
370.00 C 20260807 -1.00 -1.00 -1 0 2.4108 0.9914 0.000210
375.00 C 20260807 -1.00 -1.00 1 2 0.0005 1.0000 0.000000
380.00 C 20260807 -1.00 -1.00 -1 0 1.6766 0.9993 0.000032
385.00 C 20260807 -1.00 -1.00 -1 0 -1.0000 -1.0000 -1.000000
390.00 C 20260807 -1.00 -1.00 1 1 1.6840 0.9984 0.000066
392.50 C 20260807 -1.00 -1.00 -1 0 2.5831 0.9740 0.000512
395.00 C 20260807 -1.00 -1.00 -1 0 -1.0000 -1.0000 -1.000000
397.50 C 20260807 -1.00 -1.00 -1 0 2.4415 0.9763 0.000503
400.00 C 20260807 -1.00 -1.00 2 2 1.4331 0.9994 0.000032
402.50 C 20260807 -1.00 -1.00 -1 0 1.4035 0.9994 0.000032
405.00 C 20260807 -1.00 -1.00 1 0 2.9098 0.9466 0.000823
407.50 C 20260807 -1.00 -1.00 -1 0 2.9075 0.9434 0.000860
410.00 C 20260807 -1.00 -1.00 -1 0 1.6454 0.9957 0.000165
412.50 C 20260807 -1.00 -1.00 -1 0 2.0614 0.9806 0.000497
415.00 C 20260807 -1.00 -1.00 1 1 2.7740 0.9410 0.000929
340.00 P 20260807 -1.00 -1.00 10 228 2.4136 -0.0024 0.000066
345.00 P 20260807 -1.00 -1.00 28 42 2.0792 -0.0007 0.000025
350.00 P 20260807 -1.00 -1.00 38 243 2.1338 -0.0013 0.000043
355.00 P 20260807 -1.00 -1.00 171 116 2.1448 -0.0019 0.000060
360.00 P 20260807 -1.00 -1.00 951 970 2.4049 -0.0060 0.000152
365.00 P 20260807 -1.00 -1.00 4 8552 2.1319 -0.0028 0.000088
370.00 P 20260807 -1.00 -1.00 184 50531 1.8872 -0.0013 0.000049
375.00 P 20260807 -1.00 -1.00 52 1791 1.9672 -0.0026 0.000087
380.00 P 20260807 -1.00 -1.00 34 673 1.7773 -0.0014 0.000054
385.00 P 20260807 -1.00 -1.00 85 1720 1.6109 -0.0007 0.000032
390.00 P 20260807 -1.00 -1.00 127 4071 1.8361 -0.0031 0.000112
392.50 P 20260807 -1.00 -1.00 9 4501 1.7597 -0.0027 0.000101
395.00 P 20260807 -1.00 -1.00 25034 22969 1.6837 -0.0022 0.000089
397.50 P 20260807 -1.00 -1.00 13 40 1.7068 -0.0028 0.000108
400.00 P 20260807 -1.00 -1.00 98 41059 1.6642 -0.0026 0.000106
402.50 P 20260807 -1.00 -1.00 45 150 1.7315 -0.0041 0.000151
405.00 P 20260807 -1.00 -1.00 5 390 1.6851 -0.0037 0.000142
407.50 P 20260807 -1.00 -1.00 4 28 1.6449 -0.0034 0.000137
410.00 P 20260807 -1.00 -1.00 2 3689 1.5128 -0.0023 0.000100
412.50 P 20260807 -1.00 -1.00 88 92 1.6062 -0.0041 0.000161
415.00 P 20260807 -1.00 -1.00 205 1160 1.6777 -0.0068 0.000244
390.00 C 20260810 -1.00 -1.00 -1 0 1.2460 0.9963 0.000128
392.50 C 20260810 -1.00 -1.00 -1 0 1.5139 0.9846 0.000367
395.00 C 20260810 -1.00 -1.00 1 1 0.0008 1.0000 0.000000
397.50 C 20260810 -1.00 -1.00 -1 0 0.0008 1.0000 0.000000
400.00 C 20260810 -1.00 -1.00 -1 0 0.0008 1.0000 0.000000
402.50 C 20260810 -1.00 -1.00 -1 0 1.1107 0.9970 0.000118
405.00 C 20260810 -1.00 -1.00 -1 0 0.9816 0.9989 0.000054
407.50 C 20260810 -1.00 -1.00 -1 0 1.2416 0.9912 0.000278
410.00 C 20260810 -1.00 -1.00 -1 0 0.9965 0.9979 0.000093
412.50 C 20260810 -1.00 -1.00 -1 0 0.0008 1.0000 -0.000000
415.00 C 20260810 -1.00 -1.00 1 1 0.0008 1.0000 0.000000
390.00 P 20260810 -1.00 -1.00 6 17 1.2113 -0.0029 0.000107
392.50 P 20260810 -1.00 -1.00 2 3 1.2416 -0.0043 0.000146
395.00 P 20260810 -1.00 -1.00 6 2 1.4349 -0.0124 0.000321
397.50 P 20260810 -1.00 -1.00 5 3 1.4177 -0.0129 0.000336
400.00 P 20260810 -1.00 -1.00 6 3 1.2469 -0.0067 0.000216
402.50 P 20260810 -1.00 -1.00 14 10 1.1522 -0.0041 0.000151
405.00 P 20260810 -1.00 -1.00 3 2 1.1410 -0.0045 0.000165
407.50 P 20260810 -1.00 -1.00 2 0 1.3553 -0.0153 0.000407
410.00 P 20260810 -1.00 -1.00 2 1 1.3488 -0.0164 0.000436
412.50 P 20260810 -1.00 -1.00 2 1 1.0227 -0.0029 0.000123
415.00 P 20260810 -1.00 -1.00 4 7 0.9844 -0.0025 0.000114
390.00 C 20260812 -1.00 -1.00 -1 0 0.8500 0.9995 0.000023
392.50 C 20260812 -1.00 -1.00 -1 0 1.0997 0.9941 0.000184
395.00 C 20260812 -1.00 -1.00 -1 0 1.0816 0.9941 0.000188
397.50 C 20260812 -1.00 -1.00 -1 0 1.4735 0.9684 0.000593
400.00 C 20260812 -1.00 -1.00 -1 0 1.0457 0.9940 0.000197
402.50 C 20260812 -1.00 -1.00 -1 0 1.0280 0.9940 0.000202
405.00 C 20260812 -1.00 -1.00 -1 0 1.0103 0.9939 0.000206
407.50 C 20260812 -1.00 -1.00 -1 0 1.8310 0.9246 0.000958
410.00 C 20260812 -1.00 -1.00 -1 0 0.8492 0.9979 0.000092
412.50 C 20260812 -1.00 -1.00 -1 0 0.0009 1.0000 0.000000
415.00 C 20260812 -1.00 -1.00 -1 0 1.6477 0.9327 0.000977
390.00 P 20260812 -1.00 -1.00 1 1 1.0841 -0.0045 0.000148
392.50 P 20260812 -1.00 -1.00 2 2 1.3402 -0.0183 0.000411
395.00 P 20260812 -1.00 -1.00 2 3 1.0574 -0.0049 0.000164
397.50 P 20260812 -1.00 -1.00 2 1 1.0613 -0.0058 0.000190
400.00 P 20260812 -1.00 -1.00 1 1 1.0243 -0.0051 0.000174
402.50 P 20260812 -1.00 -1.00 2 1 1.0146 -0.0054 0.000187
405.00 P 20260812 -1.00 -1.00 2 1 1.0051 -0.0058 0.000201
407.50 P 20260812 -1.00 -1.00 2 1 0.9753 -0.0053 0.000191
410.00 P 20260812 -1.00 -1.00 1 2 0.9592 -0.0054 0.000197
412.50 P 20260812 -1.00 -1.00 1 1 0.9331 -0.0050 0.000190
415.00 P 20260812 -1.00 -1.00 2 2 0.9138 -0.0049 0.000191
340.00 C 20260814 -1.00 -1.00 1 1 0.0010 1.0000 -0.000000
345.00 C 20260814 -1.00 -1.00 -1 0 1.7046 0.9785 0.000333
350.00 C 20260814 -1.00 -1.00 4 2 1.6803 0.9772 0.000355
355.00 C 20260814 -1.00 -1.00 -1 0 1.0545 0.9985 0.000049
360.00 C 20260814 -1.00 -1.00 -1 0 0.0010 1.0000 0.000000
365.00 C 20260814 -1.00 -1.00 -1 0 1.0239 0.9979 0.000067
367.50 C 20260814 -1.00 -1.00 -1 0 0.0010 1.0000 -0.000000
370.00 C 20260814 -1.00 -1.00 -1 0 1.5283 0.9730 0.000447
372.50 C 20260814 -1.00 -1.00 -1 0 1.0807 0.9954 0.000132
375.00 C 20260814 -1.00 -1.00 -1 0 1.0636 0.9954 0.000135
377.50 C 20260814 -1.00 -1.00 -1 0 0.8901 0.9990 0.000040
380.00 C 20260814 -1.00 -1.00 -1 0 0.0010 1.0000 -0.000000
382.50 C 20260814 -1.00 -1.00 -1 0 1.3068 0.9799 0.000408
385.00 C 20260814 -1.00 -1.00 1 1 1.4023 0.9710 0.000516
387.50 C 20260814 -1.00 -1.00 -1 0 0.7957 0.9993 0.000031
390.00 C 20260814 -1.00 -1.00 -1 0 1.5974 0.9502 0.000712
392.50 C 20260814 -1.00 -1.00 -1 0 0.8703 0.9976 0.000091
395.00 C 20260814 -1.00 -1.00 -1 0 1.6505 0.9390 0.000804
397.50 C 20260814 -1.00 -1.00 -1 0 1.2044 0.9780 0.000479
400.00 C 20260814 -1.00 -1.00 -1 0 0.8830 0.9961 0.000140
402.50 C 20260814 -1.00 -1.00 -1 0 0.8671 0.9961 0.000142
405.00 C 20260814 -1.00 -1.00 -1 0 0.9568 0.9913 0.000270
407.50 C 20260814 -1.00 -1.00 -1 0 0.8356 0.9962 0.000147
410.00 C 20260814 -1.00 -1.00 -1 0 1.1681 0.9712 0.000617
412.50 C 20260814 -1.00 -1.00 -1 0 1.0676 0.9785 0.000528
415.00 C 20260814 -1.00 -1.00 4 5 0.8635 0.9923 0.000265
340.00 P 20260814 -1.00 -1.00 4 325 1.1632 -0.0016 0.000049
345.00 P 20260814 -1.00 -1.00 3 11 1.1326 -0.0017 0.000051
350.00 P 20260814 -1.00 -1.00 51 95 1.1293 -0.0021 0.000064
355.00 P 20260814 -1.00 -1.00 4 7 1.0817 -0.0019 0.000060
360.00 P 20260814 -1.00 -1.00 1 78 1.0435 -0.0018 0.000060
365.00 P 20260814 -1.00 -1.00 13 93 1.1707 -0.0058 0.000153
367.50 P 20260814 -1.00 -1.00 1 4 1.1482 -0.0057 0.000153
370.00 P 20260814 -1.00 -1.00 2 120 1.2298 -0.0089 0.000216
372.50 P 20260814 -1.00 -1.00 1 1 1.2167 -0.0092 0.000224
375.00 P 20260814 -1.00 -1.00 1 55 1.2005 -0.0093 0.000229
377.50 P 20260814 -1.00 -1.00 -1 0 1.1844 -0.0095 0.000237
380.00 P 20260814 -1.00 -1.00 14 182 1.0351 -0.0048 0.000145
382.50 P 20260814 -1.00 -1.00 -1 0 1.1521 -0.0100 0.000253
385.00 P 20260814 -1.00 -1.00 5 17 1.1347 -0.0101 0.000260
387.50 P 20260814 -1.00 -1.00 205 205 1.1083 -0.0095 0.000254
390.00 P 20260814 -1.00 -1.00 9 87 0.9957 -0.0060 0.000184
392.50 P 20260814 -1.00 -1.00 1 1 0.9929 -0.0066 0.000201
395.00 P 20260814 -1.00 -1.00 8 70 1.0297 -0.0087 0.000252
397.50 P 20260814 -1.00 -1.00 35 34 1.0177 -0.0090 0.000261
400.00 P 20260814 -1.00 -1.00 10125 2523 0.9240 -0.0058 0.000192
402.50 P 20260814 -1.00 -1.00 1 1 0.9970 -0.0096 0.000284
405.00 P 20260814 -1.00 -1.00 6 18 0.8979 -0.0061 0.000208
407.50 P 20260814 -1.00 -1.00 -1 0 0.9708 -0.0103 0.000311
410.00 P 20260814 -1.00 -1.00 3 107 0.9230 -0.0088 0.000282
412.50 P 20260814 -1.00 -1.00 -1 0 0.9423 -0.0110 0.000337
415.00 P 20260814 -1.00 -1.00 8 35 0.8794 -0.0084 0.000284
390.00 C 20260817 -1.00 -1.00 -1 0 0.9014 0.9924 0.000218
395.00 C 20260817 -1.00 -1.00 -1 0 0.8452 0.9936 0.000199
400.00 C 20260817 -1.00 -1.00 -1 0 1.3941 0.9377 0.000841
405.00 C 20260817 -1.00 -1.00 -1 0 0.8822 0.9875 0.000346
410.00 C 20260817 -1.00 -1.00 -1 0 0.7984 0.9915 0.000275
415.00 C 20260817 -1.00 -1.00 -1 0 1.2483 0.9365 0.000954
390.00 P 20260817 -1.00 -1.00 -1 0 1.1722 -0.0281 0.000525
395.00 P 20260817 -1.00 -1.00 -1 0 1.0255 -0.0188 0.000427
400.00 P 20260817 -1.00 -1.00 -1 0 1.0709 -0.0254 0.000533
405.00 P 20260817 -1.00 -1.00 -1 0 0.9732 -0.0205 0.000485
410.00 P 20260817 -1.00 -1.00 -1 0 1.0386 -0.0317 0.000652
415.00 P 20260817 -1.00 -1.00 -1 0 0.8912 -0.0196 0.000509
390.00 C 20260819 -1.00 -1.00 -1 0 0.8940 0.9891 0.000282
395.00 C 20260819 -1.00 -1.00 -1 0 0.7607 0.9949 0.000167
400.00 C 20260819 -1.00 -1.00 -1 0 0.7457 0.9942 0.000190
405.00 C 20260819 -1.00 -1.00 -1 0 0.7310 0.9935 0.000215
410.00 C 20260819 -1.00 -1.00 -1 0 0.7042 0.9936 0.000223
415.00 C 20260819 -1.00 -1.00 -1 0 0.6899 0.9928 0.000251
390.00 P 20260819 -1.00 -1.00 -1 0 0.9863 -0.0188 0.000411
395.00 P 20260819 -1.00 -1.00 -1 0 0.9583 -0.0194 0.000434
400.00 P 20260819 -1.00 -1.00 -1 0 0.9350 -0.0203 0.000463
405.00 P 20260819 -1.00 -1.00 -1 0 0.9077 -0.0209 0.000490
410.00 P 20260819 -1.00 -1.00 -1 0 0.8870 -0.0220 0.000526
415.00 P 20260819 -1.00 -1.00 -1 0 0.8604 -0.0227 0.000557
340.00 C 20260821 -1.00 -1.00 3 15 0.9873 0.9958 0.000100
345.00 C 20260821 -1.00 -1.00 1 52 1.6414 0.9511 0.000517
350.00 C 20260821 -1.00 -1.00 5 185 1.0653 0.9905 0.000198
355.00 C 20260821 -1.00 -1.00 2 64 1.4896 0.9546 0.000535
360.00 C 20260821 -1.00 -1.00 5 46 1.5948 0.9395 0.000623
365.00 C 20260821 -1.00 -1.00 1 31 0.8777 0.9945 0.000144
370.00 C 20260821 -1.00 -1.00 5 160 0.9462 0.9900 0.000232
375.00 C 20260821 -1.00 -1.00 5 292 0.9175 0.9899 0.000241
380.00 C 20260821 -1.00 -1.00 3 115 0.8417 0.9923 0.000205
385.00 C 20260821 -1.00 -1.00 1 22 0.8496 0.9907 0.000244
390.00 C 20260821 -1.00 -1.00 1 32 0.8486 0.9880 0.000301
395.00 C 20260821 -1.00 -1.00 1 29 0.8510 0.9849 0.000367
400.00 C 20260821 -1.00 -1.00 1 397 1.2471 0.9327 0.000865
405.00 C 20260821 -1.00 -1.00 1 34 1.4251 0.9047 0.000995
410.00 C 20260821 -1.00 -1.00 4 71 0.8194 0.9791 0.000508
415.00 C 20260821 -1.00 -1.00 3 206 1.0831 0.9370 0.000949
340.00 P 20260821 -1.00 -1.00 4 501 1.0941 -0.0079 0.000165
345.00 P 20260821 -1.00 -1.00 1 164 1.0301 -0.0068 0.000152
350.00 P 20260821 -1.00 -1.00 64 2431 0.9868 -0.0063 0.000149
355.00 P 20260821 -1.00 -1.00 2 177 0.9833 -0.0074 0.000171
360.00 P 20260821 -1.00 -1.00 74 1347 0.9190 -0.0060 0.000151
365.00 P 20260821 -1.00 -1.00 1 310 0.9595 -0.0088 0.000207
370.00 P 20260821 -1.00 -1.00 18 3808 0.9011 -0.0077 0.000194
375.00 P 20260821 -1.00 -1.00 391 869 0.9104 -0.0094 0.000231
380.00 P 20260821 -1.00 -1.00 7 1019 0.8990 -0.0111 0.000268
385.00 P 20260821 -1.00 -1.00 13 169 0.8726 -0.0114 0.000282
390.00 P 20260821 -1.00 -1.00 5 981 0.8385 -0.0109 0.000283
395.00 P 20260821 -1.00 -1.00 3 3572 0.8059 -0.0105 0.000285
400.00 P 20260821 -1.00 -1.00 73 16384 0.8063 -0.0135 0.000354
405.00 P 20260821 -1.00 -1.00 61 1957 0.8009 -0.0160 0.000412
410.00 P 20260821 -1.00 -1.00 5 10478 0.7808 -0.0170 0.000445
415.00 P 20260821 -1.00 -1.00 68 1057 0.7397 -0.0157 0.000439
730.00 C 20260805 -1.00 -1.00 -1 0 4.0577 0.0333 0.001001
735.00 C 20260805 -1.00 -1.00 -1 0 4.7533 0.0587 0.001335
740.00 C 20260805 -1.00 -1.00 -1 0 4.1817 0.0309 0.000907
730.00 P 20260805 -1.00 -1.00 -1 0 -1.0000 -1.0000 -1.000000
735.00 P 20260805 -1.00 -1.00 -1 0 3.3953 -0.9887 0.000479
740.00 P 20260805 -1.00 -1.00 -1 0 3.4164 -0.9898 0.000432
730.00 C 20260807 -1.00 -1.00 23 731 1.1820 0.0047 0.000251
735.00 C 20260807 -1.00 -1.00 13 73 1.3433 0.0109 0.000462
740.00 C 20260807 -1.00 -1.00 1 139 1.1173 0.0020 0.000119
745.00 C 20260807 -1.00 -1.00 4 41 1.3863 0.0097 0.000403
750.00 C 20260807 -1.00 -1.00 60 176 1.1596 0.0016 0.000096
755.00 C 20260807 -1.00 -1.00 5 122 1.1982 0.0018 0.000105
760.00 C 20260807 -1.00 -1.00 215 368 1.3305 0.0039 0.000189
765.00 C 20260807 -1.00 -1.00 24 43 1.2167 0.0013 0.000073
770.00 C 20260807 -1.00 -1.00 3 7 1.5383 0.0091 0.000341
775.00 C 20260807 -1.00 -1.00 9 11 1.6266 0.0112 0.000390
780.00 C 20260807 -1.00 -1.00 10 2270 1.6763 0.0118 0.000397
785.00 C 20260807 -1.00 -1.00 25 78 1.6120 0.0081 0.000295
790.00 C 20260807 -1.00 -1.00 1 16 1.7118 0.0107 0.000356
795.00 C 20260807 -1.00 -1.00 2 85 1.7482 0.0108 0.000352
800.00 C 20260807 -1.00 -1.00 9 259 1.4658 0.0022 0.000102
730.00 P 20260807 -1.00 -1.00 1 1 1.4001 -0.9850 0.000625
735.00 P 20260807 -1.00 -1.00 8 0 1.3646 -0.9892 0.000500
740.00 P 20260807 -1.00 -1.00 1 0 1.4995 -0.9830 0.000641
745.00 P 20260807 -1.00 -1.00 -1 0 -1.0000 -1.0000 -1.000000
750.00 P 20260807 -1.00 -1.00 2 0 -1.0000 -1.0000 -1.000000
755.00 P 20260807 -1.00 -1.00 -1 0 1.4626 -0.9909 0.000404
760.00 P 20260807 -1.00 -1.00 -1 0 1.5605 -0.9883 0.000460
765.00 P 20260807 -1.00 -1.00 -1 0 1.5446 -0.9903 0.000401
770.00 P 20260807 -1.00 -1.00 -1 0 -1.0000 -1.0000 -1.000000
775.00 P 20260807 -1.00 -1.00 -1 0 1.7358 -0.9849 0.000503
780.00 P 20260807 -1.00 -1.00 1 0 1.6095 -0.9916 0.000341
785.00 P 20260807 -1.00 -1.00 -1 0 -1.0000 -1.0000 -1.000000
790.00 P 20260807 -1.00 -1.00 1 0 1.6669 -0.9919 0.000321
795.00 P 20260807 -1.00 -1.00 -1 0 -1.0000 -1.0000 -1.000000
800.00 P 20260807 -1.00 -1.00 -1 0 -1.0000 -1.0000 -1.000000
730.00 C 20260810 -1.00 -1.00 -1 0 1.0018 0.0251 0.000839
735.00 C 20260810 -1.00 -1.00 1 1 0.8321 0.0066 0.000318
740.00 C 20260810 -1.00 -1.00 -1 0 1.0133 0.0200 0.000684
730.00 P 20260810 -1.00 -1.00 -1 0 -1.0000 -1.0000 -1.000000
735.00 P 20260810 -1.00 -1.00 -1 0 0.9185 -0.9900 0.000542
740.00 P 20260810 -1.00 -1.00 -1 0 0.9390 -0.9902 0.000521
730.00 C 20260812 -1.00 -1.00 1 1 0.8580 0.0255 0.000850
735.00 C 20260812 -1.00 -1.00 -1 0 0.9029 0.0284 0.000886
740.00 C 20260812 -1.00 -1.00 1 1 0.9161 0.0271 0.000837
730.00 P 20260812 -1.00 -1.00 -1 0 -1.0000 -1.0000 -1.000000
735.00 P 20260812 -1.00 -1.00 -1 0 0.8459 -0.9827 0.000743
740.00 P 20260812 -1.00 -1.00 -1 0 0.8656 -0.9831 0.000715
730.00 C 20260814 -1.00 -1.00 12 29 0.7037 0.0159 0.000617
735.00 C 20260814 -1.00 -1.00 12 4 0.6706 0.0105 0.000451
740.00 C 20260814 -1.00 -1.00 14 13 0.7351 0.0146 0.000553
745.00 C 20260814 -1.00 -1.00 4 2 0.7462 0.0138 0.000520
750.00 C 20260814 -1.00 -1.00 23 945 0.7612 0.0136 0.000501
755.00 C 20260814 -1.00 -1.00 301 301 0.7782 0.0135 0.000487
760.00 C 20260814 -1.00 -1.00 17 1525 0.7887 0.0129 0.000462
765.00 C 20260814 -1.00 -1.00 2 17 0.8246 0.0143 0.000484
770.00 C 20260814 -1.00 -1.00 2 1643 0.8094 0.0119 0.000417
775.00 C 20260814 -1.00 -1.00 23 33 0.8324 0.0123 0.000418
780.00 C 20260814 -1.00 -1.00 70 675 0.8658 0.0135 0.000436
785.00 C 20260814 -1.00 -1.00 50 62 0.8800 0.0133 0.000423
790.00 C 20260814 -1.00 -1.00 7 30 0.8565 0.0104 0.000349
795.00 C 20260814 -1.00 -1.00 13 20 0.8852 0.0113 0.000364
800.00 C 20260814 -1.00 -1.00 453 371 0.8369 0.0065 0.000235
730.00 P 20260814 -1.00 -1.00 -1 0 0.7645 -0.9778 0.000902
735.00 P 20260814 -1.00 -1.00 -1 0 0.7660 -0.9809 0.000810
740.00 P 20260814 -1.00 -1.00 -1 0 -1.0000 -1.0000 -1.000000
745.00 P 20260814 -1.00 -1.00 1 0 0.7197 -0.9935 0.000480
750.00 P 20260814 -1.00 -1.00 1 1 0.7893 -0.9871 0.000636
755.00 P 20260814 -1.00 -1.00 -1 0 0.7676 -0.9919 0.000492
760.00 P 20260814 -1.00 -1.00 -1 0 0.8413 -0.9845 0.000649
765.00 P 20260814 -1.00 -1.00 -1 0 0.8342 -0.9888 0.000553
770.00 P 20260814 -1.00 -1.00 -1 0 0.8573 -0.9879 0.000556
775.00 P 20260814 -1.00 -1.00 -1 0 0.8800 -0.9871 0.000557
780.00 P 20260814 -1.00 -1.00 -1 0 0.8966 -0.9873 0.000540
785.00 P 20260814 -1.00 -1.00 -1 0 0.9249 -0.9857 0.000556
790.00 P 20260814 -1.00 -1.00 -1 0 -1.0000 -1.0000 -1.000000
795.00 P 20260814 -1.00 -1.00 -1 0 0.9849 -0.9820 0.000588
800.00 P 20260814 -1.00 -1.00 -1 0 1.0114 -0.9808 0.000597
730.00 C 20260817 -1.00 -1.00 -1 0 -1.0000 -1.0000 -1.000000
735.00 C 20260817 -1.00 -1.00 -1 0 0.6685 0.0236 0.000786
740.00 C 20260817 -1.00 -1.00 -1 0 0.7675 0.0369 0.001012
730.00 P 20260817 -1.00 -1.00 -1 0 -1.0000 -1.0000 -1.000000
735.00 P 20260817 -1.00 -1.00 -1 0 0.6644 -0.9831 0.000834
740.00 P 20260817 -1.00 -1.00 -1 0 0.6636 -0.9868 0.000731
730.00 C 20260819 -1.00 -1.00 -1 0 0.6350 0.0297 0.000938
735.00 C 20260819 -1.00 -1.00 -1 0 0.6416 0.0278 0.000875
740.00 C 20260819 -1.00 -1.00 -1 0 -1.0000 -1.0000 -1.000000
730.00 P 20260819 -1.00 -1.00 -1 0 0.6377 -0.9760 0.001007
735.00 P 20260819 -1.00 -1.00 -1 0 -1.0000 -1.0000 -1.000000
740.00 P 20260819 -1.00 -1.00 -1 0 0.6752 -0.9751 0.000957
730.00 C 20260821 -1.00 -1.00 13 374 0.5742 0.0256 0.000853
735.00 C 20260821 -1.00 -1.00 7 1876 0.5798 0.0235 0.000784
740.00 C 20260821 -1.00 -1.00 89 2283 0.5847 0.0212 0.000715
745.00 C 20260821 -1.00 -1.00 3 127 0.5909 0.0193 0.000654
750.00 C 20260821 -1.00 -1.00 1 1937 0.5977 0.0176 0.000600
755.00 C 20260821 -1.00 -1.00 20 200 0.6079 0.0167 0.000565
760.00 C 20260821 -1.00 -1.00 5 965 0.6256 0.0175 0.000569
765.00 C 20260821 -1.00 -1.00 7 152 0.6240 0.0144 0.000489
770.00 C 20260821 -1.00 -1.00 2 307 0.6223 0.0130 0.000445
775.00 C 20260821 -1.00 -1.00 2 79 0.6206 0.0116 0.000400
780.00 C 20260821 -1.00 -1.00 3 401 0.6299 0.0112 0.000384
785.00 C 20260821 -1.00 -1.00 1 154 0.6440 0.0114 0.000380
790.00 C 20260821 -1.00 -1.00 1 1336 0.6720 0.0128 0.000406
795.00 C 20260821 -1.00 -1.00 3 96 0.6905 0.0133 0.000409
800.00 C 20260821 -1.00 -1.00 257 1945 0.6933 0.0124 0.000383
730.00 P 20260821 -1.00 -1.00 2 0 0.6257 -0.9710 0.001103
735.00 P 20260821 -1.00 -1.00 3 0 -1.0000 -1.0000 -1.000000
740.00 P 20260821 -1.00 -1.00 4 0 0.6272 -0.9773 0.000966
745.00 P 20260821 -1.00 -1.00 1 0 0.6489 -0.9759 0.000953
750.00 P 20260821 -1.00 -1.00 1 0 0.6316 -0.9829 0.000830
755.00 P 20260821 -1.00 -1.00 -1 0 0.6492 -0.9822 0.000818
760.00 P 20260821 -1.00 -1.00 1 1 0.6622 -0.9825 0.000792
765.00 P 20260821 -1.00 -1.00 -1 0 -1.0000 -1.0000 -1.000000
770.00 P 20260821 -1.00 -1.00 -1 0 0.6785 -0.9849 0.000704
775.00 P 20260821 -1.00 -1.00 1 0 -1.0000 -1.0000 -1.000000
780.00 P 20260821 -1.00 -1.00 -1 0 -1.0000 -1.0000 -1.000000
785.00 P 20260821 -1.00 -1.00 1 0 -1.0000 -1.0000 -1.000000
790.00 P 20260821 -1.00 -1.00 1 0 0.7471 -0.9822 0.000687
795.00 P 20260821 -1.00 -1.00 -1 0 0.7194 -0.9907 0.000506
800.00 P 20260821 -1.00 -1.00 -1 0 0.7316 -0.9908 0.000492
