# opt_chain XSP | epoch 1785945490 | 2026-08-05 11:58:10 | spot 774.29 | exps 20260805 20260806 20260807 20260810 20260811 20260812 20260813 20260814 20260817 20260818 20260819 20260820 20260821
# fuente cboe_delayed | greeks cboe_delayed | iv cboe_delayed | oi cboe_delayed | vol day.volume(-1 si no cotizo) | bid/ask NO_ENTITLED(-1) | spot_src cboe_delayed_quote spot_edad_s 932 | band 0.1800 vencimientos 13 exp_hasta 2026-08-21
# strike right exp bid ask vol oi iv delta gamma
682.00 C 20260805 -1.00 -1.00 0 0 -1.0000 0.9996 0.000000
682.00 P 20260805 -1.00 -1.00 0 0 1.7955 -0.0004 0.000000
683.00 C 20260805 -1.00 -1.00 0 0 -1.0000 0.9996 0.000000
683.00 P 20260805 -1.00 -1.00 0 0 1.7762 -0.0004 0.000000
684.00 C 20260805 -1.00 -1.00 0 0 -1.0000 0.9996 0.000000
684.00 P 20260805 -1.00 -1.00 0 0 1.7570 -0.0004 0.000000
685.00 C 20260805 -1.00 -1.00 0 0 1.6824 0.9995 0.000100
685.00 P 20260805 -1.00 -1.00 0 73 1.7378 -0.0005 0.000100
686.00 C 20260805 -1.00 -1.00 0 0 1.6638 0.9995 0.000100
686.00 P 20260805 -1.00 -1.00 0 0 1.7186 -0.0005 0.000100
687.00 C 20260805 -1.00 -1.00 0 0 -1.0000 0.9995 0.000100
687.00 P 20260805 -1.00 -1.00 0 1 1.6994 -0.0005 0.000100
688.00 C 20260805 -1.00 -1.00 0 0 -1.0000 0.9995 0.000100
688.00 P 20260805 -1.00 -1.00 0 0 1.6803 -0.0005 0.000100
689.00 C 20260805 -1.00 -1.00 0 0 -1.0000 0.9995 0.000100
689.00 P 20260805 -1.00 -1.00 0 1 1.6611 -0.0005 0.000100
690.00 C 20260805 -1.00 -1.00 0 0 1.5893 0.9994 0.000100
690.00 P 20260805 -1.00 -1.00 0 31 1.6420 -0.0006 0.000100
691.00 C 20260805 -1.00 -1.00 0 0 1.5707 0.9994 0.000100
691.00 P 20260805 -1.00 -1.00 0 0 1.6229 -0.0006 0.000100
692.00 C 20260805 -1.00 -1.00 0 0 1.5522 0.9994 0.000100
692.00 P 20260805 -1.00 -1.00 0 0 1.6038 -0.0006 0.000100
693.00 C 20260805 -1.00 -1.00 0 0 1.5336 0.9994 0.000100
693.00 P 20260805 -1.00 -1.00 0 0 1.5847 -0.0006 0.000100
694.00 C 20260805 -1.00 -1.00 0 0 -1.0000 0.9993 0.000100
694.00 P 20260805 -1.00 -1.00 0 0 1.5656 -0.0007 0.000100
695.00 C 20260805 -1.00 -1.00 0 0 1.4965 0.9993 0.000100
695.00 P 20260805 -1.00 -1.00 0 83 1.5466 -0.0007 0.000100
696.00 C 20260805 -1.00 -1.00 0 0 1.4780 0.9993 0.000100
696.00 P 20260805 -1.00 -1.00 0 1 1.5275 -0.0007 0.000100
697.00 C 20260805 -1.00 -1.00 0 0 1.4595 0.9993 0.000100
697.00 P 20260805 -1.00 -1.00 0 1 1.5085 -0.0007 0.000100
698.00 C 20260805 -1.00 -1.00 0 0 -1.0000 0.9992 0.000100
698.00 P 20260805 -1.00 -1.00 0 22 1.4894 -0.0008 0.000100
699.00 C 20260805 -1.00 -1.00 0 0 -1.0000 0.9992 0.000100
699.00 P 20260805 -1.00 -1.00 0 0 1.4704 -0.0008 0.000100
700.00 C 20260805 -1.00 -1.00 0 1 -1.0000 0.9992 0.000100
700.00 P 20260805 -1.00 -1.00 0 173 1.4514 -0.0008 0.000100
701.00 C 20260805 -1.00 -1.00 0 0 -1.0000 0.9991 0.000100
701.00 P 20260805 -1.00 -1.00 0 10 1.4324 -0.0009 0.000100
702.00 C 20260805 -1.00 -1.00 0 0 -1.0000 0.9991 0.000100
702.00 P 20260805 -1.00 -1.00 0 4 1.4135 -0.0009 0.000100
703.00 C 20260805 -1.00 -1.00 0 0 -1.0000 0.9991 0.000100
703.00 P 20260805 -1.00 -1.00 0 2 1.3945 -0.0009 0.000100
704.00 C 20260805 -1.00 -1.00 0 0 -1.0000 0.9990 0.000100
704.00 P 20260805 -1.00 -1.00 0 44 1.3755 -0.0010 0.000100
705.00 C 20260805 -1.00 -1.00 0 0 1.3119 0.9990 0.000100
705.00 P 20260805 -1.00 -1.00 2 23 1.3566 -0.0010 0.000100
706.00 C 20260805 -1.00 -1.00 0 0 -1.0000 0.9989 0.000100
706.00 P 20260805 -1.00 -1.00 0 1 1.3376 -0.0011 0.000100
707.00 C 20260805 -1.00 -1.00 0 0 -1.0000 0.9989 0.000200
707.00 P 20260805 -1.00 -1.00 0 51 1.3187 -0.0011 0.000200
708.00 C 20260805 -1.00 -1.00 0 0 -1.0000 0.9988 0.000200
708.00 P 20260805 -1.00 -1.00 0 91 1.2998 -0.0012 0.000200
709.00 C 20260805 -1.00 -1.00 0 0 -1.0000 0.9988 0.000200
709.00 P 20260805 -1.00 -1.00 0 22 1.2809 -0.0012 0.000200
710.00 C 20260805 -1.00 -1.00 0 1 -1.0000 0.9988 0.000200
710.00 P 20260805 -1.00 -1.00 0 700 1.3371 -0.0012 0.000200
711.00 C 20260805 -1.00 -1.00 0 0 -1.0000 0.9987 0.000200
711.00 P 20260805 -1.00 -1.00 0 26 1.3173 -0.0013 0.000200
712.00 C 20260805 -1.00 -1.00 0 0 1.1833 0.9987 0.000200
712.00 P 20260805 -1.00 -1.00 0 45 1.2974 -0.0013 0.000200
713.00 C 20260805 -1.00 -1.00 0 1 1.1650 0.9986 0.000200
713.00 P 20260805 -1.00 -1.00 0 40 1.2776 -0.0014 0.000200
714.00 C 20260805 -1.00 -1.00 0 0 1.1466 0.9986 0.000200
714.00 P 20260805 -1.00 -1.00 0 67 1.1864 -0.0014 0.000200
715.00 C 20260805 -1.00 -1.00 0 3 -1.0000 0.9985 0.000200
715.00 P 20260805 -1.00 -1.00 0 32 1.2379 -0.0015 0.000200
716.00 C 20260805 -1.00 -1.00 0 0 1.1100 0.9984 0.000200
716.00 P 20260805 -1.00 -1.00 0 31 1.2181 -0.0016 0.000200
717.00 C 20260805 -1.00 -1.00 0 0 1.0917 0.9984 0.000300
717.00 P 20260805 -1.00 -1.00 0 22 1.1982 -0.0016 0.000300
718.00 C 20260805 -1.00 -1.00 0 1 1.0734 0.9983 0.000300
718.00 P 20260805 -1.00 -1.00 0 104 1.1784 -0.0017 0.000300
719.00 C 20260805 -1.00 -1.00 0 1 -1.0000 0.9982 0.000300
719.00 P 20260805 -1.00 -1.00 0 38 1.1586 -0.0018 0.000300
720.00 C 20260805 -1.00 -1.00 0 1 1.0368 0.9982 0.000300
720.00 P 20260805 -1.00 -1.00 0 1478 1.1387 -0.0018 0.000300
721.00 C 20260805 -1.00 -1.00 0 0 -1.0000 0.9981 0.000300
721.00 P 20260805 -1.00 -1.00 0 72 1.1189 -0.0019 0.000300
722.00 C 20260805 -1.00 -1.00 0 2 -1.0000 0.9980 0.000300
722.00 P 20260805 -1.00 -1.00 0 22 1.0991 -0.0020 0.000300
723.00 C 20260805 -1.00 -1.00 0 1 0.9819 0.9979 0.000400
723.00 P 20260805 -1.00 -1.00 0 37 1.0793 -0.0021 0.000400
724.00 C 20260805 -1.00 -1.00 0 0 0.9636 0.9979 0.000400
724.00 P 20260805 -1.00 -1.00 0 93 1.0594 -0.0021 0.000400
725.00 C 20260805 -1.00 -1.00 0 19 0.9453 0.9978 0.000400
725.00 P 20260805 -1.00 -1.00 0 62 1.0396 -0.0022 0.000400
726.00 C 20260805 -1.00 -1.00 0 11 0.9270 0.9977 0.000400
726.00 P 20260805 -1.00 -1.00 1 199 1.0198 -0.0023 0.000400
727.00 C 20260805 -1.00 -1.00 0 5 0.9088 0.9976 0.000400
727.00 P 20260805 -1.00 -1.00 0 21 0.9999 -0.0024 0.000400
728.00 C 20260805 -1.00 -1.00 0 1 0.8905 0.9975 0.000500
728.00 P 20260805 -1.00 -1.00 0 60 0.9801 -0.0025 0.000500
729.00 C 20260805 -1.00 -1.00 0 3 0.8722 0.9974 0.000500
729.00 P 20260805 -1.00 -1.00 0 172 0.9602 -0.0026 0.000500
730.00 C 20260805 -1.00 -1.00 0 8 0.8539 0.9973 0.000500
730.00 P 20260805 -1.00 -1.00 1 1614 0.9404 -0.0027 0.000500
731.00 C 20260805 -1.00 -1.00 4 6 0.8356 0.9972 0.000500
731.00 P 20260805 -1.00 -1.00 0 79 0.9206 -0.0028 0.000500
732.00 C 20260805 -1.00 -1.00 0 6 -1.0000 0.9970 0.000600
732.00 P 20260805 -1.00 -1.00 0 148 0.9007 -0.0030 0.000600
733.00 C 20260805 -1.00 -1.00 0 27 -1.0000 0.9969 0.000600
733.00 P 20260805 -1.00 -1.00 11 36 0.8808 -0.0031 0.000600
734.00 C 20260805 -1.00 -1.00 0 24 -1.0000 0.9968 0.000600
734.00 P 20260805 -1.00 -1.00 26 123 0.8609 -0.0032 0.000600
735.00 C 20260805 -1.00 -1.00 0 10 0.7625 0.9966 0.000700
735.00 P 20260805 -1.00 -1.00 0 193 0.8411 -0.0034 0.000700
736.00 C 20260805 -1.00 -1.00 0 3 -1.0000 0.9965 0.000700
736.00 P 20260805 -1.00 -1.00 0 65 0.8212 -0.0035 0.000700
737.00 C 20260805 -1.00 -1.00 0 17 -1.0000 0.9964 0.000800
737.00 P 20260805 -1.00 -1.00 18 173 0.8012 -0.0036 0.000800
738.00 C 20260805 -1.00 -1.00 0 20 -1.0000 0.9962 0.000800
738.00 P 20260805 -1.00 -1.00 0 173 0.7813 -0.0038 0.000800
739.00 C 20260805 -1.00 -1.00 0 8 0.6892 0.9960 0.000900
739.00 P 20260805 -1.00 -1.00 0 160 0.7614 -0.0040 0.000900
740.00 C 20260805 -1.00 -1.00 2 42 0.6709 0.9958 0.000900
740.00 P 20260805 -1.00 -1.00 5 191 0.7414 -0.0042 0.000900
741.00 C 20260805 -1.00 -1.00 0 13 0.7417 0.9956 0.001000
741.00 P 20260805 -1.00 -1.00 1 60 0.7215 -0.0044 0.001000
742.00 C 20260805 -1.00 -1.00 4 45 0.6341 0.9954 0.001000
742.00 P 20260805 -1.00 -1.00 10 223 0.7015 -0.0046 0.001000
743.00 C 20260805 -1.00 -1.00 6 19 0.7007 0.9952 0.001100
743.00 P 20260805 -1.00 -1.00 9 40 0.6815 -0.0048 0.001100
744.00 C 20260805 -1.00 -1.00 0 12 -1.0000 0.9950 0.001200
744.00 P 20260805 -1.00 -1.00 1 75 0.6614 -0.0050 0.001200
745.00 C 20260805 -1.00 -1.00 0 107 -1.0000 0.9948 0.001300
745.00 P 20260805 -1.00 -1.00 5 76 0.6414 -0.0052 0.001300
746.00 C 20260805 -1.00 -1.00 0 71 -1.0000 0.9945 0.001400
746.00 P 20260805 -1.00 -1.00 39 66 0.6213 -0.0055 0.001400
747.00 C 20260805 -1.00 -1.00 20 56 -1.0000 0.9942 0.001500
747.00 P 20260805 -1.00 -1.00 0 98 0.6012 -0.0058 0.001500
748.00 C 20260805 -1.00 -1.00 14 82 0.5979 0.9939 0.001600
748.00 P 20260805 -1.00 -1.00 4 108 0.5810 -0.0061 0.001600
749.00 C 20260805 -1.00 -1.00 0 43 -1.0000 0.9936 0.001700
749.00 P 20260805 -1.00 -1.00 2 207 0.5608 -0.0064 0.001700
750.00 C 20260805 -1.00 -1.00 16 206 -1.0000 0.9933 0.001900
750.00 P 20260805 -1.00 -1.00 33 396 0.5406 -0.0067 0.001900
751.00 C 20260805 -1.00 -1.00 3 139 0.5357 0.9929 0.002000
751.00 P 20260805 -1.00 -1.00 6 159 0.5203 -0.0071 0.002000
752.00 C 20260805 -1.00 -1.00 0 88 0.5150 0.9925 0.002200
752.00 P 20260805 -1.00 -1.00 7 148 0.5000 -0.0075 0.002200
753.00 C 20260805 -1.00 -1.00 1 48 0.4941 0.9920 0.002400
753.00 P 20260805 -1.00 -1.00 5 96 0.4796 -0.0080 0.002400
754.00 C 20260805 -1.00 -1.00 9 88 0.4732 0.9915 0.002700
754.00 P 20260805 -1.00 -1.00 7 153 0.4592 -0.0085 0.002700
755.00 C 20260805 -1.00 -1.00 24 145 0.4522 0.9909 0.002900
755.00 P 20260805 -1.00 -1.00 25 175 0.4586 -0.0091 0.002900
756.00 C 20260805 -1.00 -1.00 4 77 -1.0000 0.9902 0.003300
756.00 P 20260805 -1.00 -1.00 126 99 0.4373 -0.0098 0.003300
757.00 C 20260805 -1.00 -1.00 37 78 -1.0000 0.9894 0.003600
757.00 P 20260805 -1.00 -1.00 48 571 0.4159 -0.0106 0.003600
758.00 C 20260805 -1.00 -1.00 12 162 -1.0000 0.9885 0.004100
758.00 P 20260805 -1.00 -1.00 275 446 0.3945 -0.0115 0.004100
759.00 C 20260805 -1.00 -1.00 42 161 0.3934 0.9873 0.004700
759.00 P 20260805 -1.00 -1.00 129 382 0.3971 -0.0127 0.004700
760.00 C 20260805 -1.00 -1.00 35 134 0.3708 0.9858 0.005400
760.00 P 20260805 -1.00 -1.00 335 396 0.3744 -0.0142 0.005400
761.00 C 20260805 -1.00 -1.00 14 299 0.3654 0.9838 0.006400
761.00 P 20260805 -1.00 -1.00 124 267 0.3602 -0.0162 0.006400
762.00 C 20260805 -1.00 -1.00 15 105 0.3486 0.9810 0.007600
762.00 P 20260805 -1.00 -1.00 121 449 0.3442 -0.0190 0.007600
763.00 C 20260805 -1.00 -1.00 11 91 0.3304 0.9773 0.009400
763.00 P 20260805 -1.00 -1.00 157 195 0.3324 -0.0227 0.009400
764.00 C 20260805 -1.00 -1.00 18 323 0.3250 0.9720 0.011700
764.00 P 20260805 -1.00 -1.00 626 398 0.3175 -0.0280 0.011700
765.00 C 20260805 -1.00 -1.00 6 243 0.3066 0.9644 0.014900
765.00 P 20260805 -1.00 -1.00 544 411 0.3079 -0.0356 0.014900
766.00 C 20260805 -1.00 -1.00 24 178 0.2985 0.9538 0.019200
766.00 P 20260805 -1.00 -1.00 318 255 0.2937 -0.0462 0.019200
767.00 C 20260805 -1.00 -1.00 16 253 0.2849 0.9388 0.025000
767.00 P 20260805 -1.00 -1.00 1093 728 0.2833 -0.0612 0.025000
768.00 C 20260805 -1.00 -1.00 89 111 0.2747 0.9178 0.032600
768.00 P 20260805 -1.00 -1.00 2074 338 0.2735 -0.0822 0.032600
769.00 C 20260805 -1.00 -1.00 53 269 0.2615 0.8887 0.042400
769.00 P 20260805 -1.00 -1.00 1779 872 0.2621 -0.1113 0.042400
770.00 C 20260805 -1.00 -1.00 102 437 0.2539 0.8490 0.054300
770.00 P 20260805 -1.00 -1.00 3924 446 0.2518 -0.1510 0.054300
771.00 C 20260805 -1.00 -1.00 86 219 0.2428 0.7960 0.068000
771.00 P 20260805 -1.00 -1.00 1264 221 0.2432 -0.2040 0.068000
772.00 C 20260805 -1.00 -1.00 141 455 0.2354 0.7277 0.082400
772.00 P 20260805 -1.00 -1.00 2952 296 0.2340 -0.2723 0.082400
773.00 C 20260805 -1.00 -1.00 227 150 0.2272 0.6435 0.095400
773.00 P 20260805 -1.00 -1.00 2816 393 0.2266 -0.3565 0.095400
774.00 C 20260805 -1.00 -1.00 667 188 0.2202 0.5456 0.104200
774.00 P 20260805 -1.00 -1.00 2520 235 0.2204 -0.4544 0.104200
775.00 C 20260805 -1.00 -1.00 914 370 0.2160 0.4397 0.106100
775.00 P 20260805 -1.00 -1.00 3270 121 0.2155 -0.5603 0.106100
776.00 C 20260805 -1.00 -1.00 1074 279 0.2121 0.3342 0.099700
776.00 P 20260805 -1.00 -1.00 5960 91 0.2124 -0.6657 0.099700
777.00 C 20260805 -1.00 -1.00 1918 144 0.2111 0.2395 0.085800
777.00 P 20260805 -1.00 -1.00 4986 16 0.2114 -0.7605 0.085800
778.00 C 20260805 -1.00 -1.00 2332 197 0.2120 0.1636 0.068000
778.00 P 20260805 -1.00 -1.00 1539 16 0.2112 -0.8364 0.068000
779.00 C 20260805 -1.00 -1.00 3691 487 0.2159 0.1096 0.050600
779.00 P 20260805 -1.00 -1.00 727 2 0.2165 -0.8904 0.050600
780.00 C 20260805 -1.00 -1.00 3420 659 0.2230 0.0746 0.036700
780.00 P 20260805 -1.00 -1.00 339 7 0.2238 -0.9254 0.036700
781.00 C 20260805 -1.00 -1.00 1689 273 0.2332 0.0526 0.026600
781.00 P 20260805 -1.00 -1.00 93 2 0.2341 -0.9474 0.026600
782.00 C 20260805 -1.00 -1.00 3125 854 0.2480 0.0385 0.019600
782.00 P 20260805 -1.00 -1.00 30 0 0.2421 -0.9615 0.019600
783.00 C 20260805 -1.00 -1.00 995 302 0.2622 0.0292 0.014800
783.00 P 20260805 -1.00 -1.00 42 8 0.2593 -0.9708 0.014800
784.00 C 20260805 -1.00 -1.00 2332 67 0.2825 0.0230 0.011400
784.00 P 20260805 -1.00 -1.00 75 9 0.2737 -0.9770 0.011400
785.00 C 20260805 -1.00 -1.00 1835 154 0.2954 0.0189 0.009100
785.00 P 20260805 -1.00 -1.00 34 16 0.2976 -0.9811 0.009100
786.00 C 20260805 -1.00 -1.00 438 65 0.3119 0.0161 0.007500
786.00 P 20260805 -1.00 -1.00 6 0 0.3070 -0.9839 0.007500
787.00 C 20260805 -1.00 -1.00 363 35 0.3265 0.0142 0.006300
787.00 P 20260805 -1.00 -1.00 14 0 0.3295 -0.9858 0.006300
788.00 C 20260805 -1.00 -1.00 407 29 0.3487 0.0128 0.005500
788.00 P 20260805 -1.00 -1.00 70 0 0.3314 -0.9872 0.005500
789.00 C 20260805 -1.00 -1.00 215 19 0.3603 0.0117 0.004800
789.00 P 20260805 -1.00 -1.00 18 0 0.3525 -0.9883 0.004800
790.00 C 20260805 -1.00 -1.00 523 40 0.3686 0.0108 0.004300
790.00 P 20260805 -1.00 -1.00 12 25 -1.0000 -0.9892 0.004300
791.00 C 20260805 -1.00 -1.00 148 14 0.3892 0.0101 0.003800
791.00 P 20260805 -1.00 -1.00 0 0 -1.0000 -0.9899 0.003800
792.00 C 20260805 -1.00 -1.00 84 43 0.4096 0.0095 0.003400
792.00 P 20260805 -1.00 -1.00 1 0 -1.0000 -0.9905 0.003400
793.00 C 20260805 -1.00 -1.00 62 17 0.3836 0.0090 0.003100
793.00 P 20260805 -1.00 -1.00 12 0 0.5717 -0.9910 0.003100
794.00 C 20260805 -1.00 -1.00 25 3 0.4307 0.0085 0.002800
794.00 P 20260805 -1.00 -1.00 6 0 0.5924 -0.9915 0.002800
795.00 C 20260805 -1.00 -1.00 160 3 0.4501 0.0080 0.002600
795.00 P 20260805 -1.00 -1.00 0 1 -1.0000 -0.9920 0.002600
796.00 C 20260805 -1.00 -1.00 6 2 0.4694 0.0076 0.002400
796.00 P 20260805 -1.00 -1.00 0 0 -1.0000 -0.9924 0.002400
797.00 C 20260805 -1.00 -1.00 53 1 0.4885 0.0072 0.002200
797.00 P 20260805 -1.00 -1.00 0 0 -1.0000 -0.9928 0.002200
798.00 C 20260805 -1.00 -1.00 13 1 0.4747 0.0069 0.002000
798.00 P 20260805 -1.00 -1.00 0 0 -1.0000 -0.9931 0.002000
799.00 C 20260805 -1.00 -1.00 12 5 0.5266 0.0066 0.001900
799.00 P 20260805 -1.00 -1.00 0 0 0.6929 -0.9934 0.001900
800.00 C 20260805 -1.00 -1.00 38 14 0.5105 0.0062 0.001800
800.00 P 20260805 -1.00 -1.00 0 5 -1.0000 -0.9938 0.001800
801.00 C 20260805 -1.00 -1.00 16 0 0.5642 0.0060 0.001600
801.00 P 20260805 -1.00 -1.00 0 0 0.7334 -0.9940 0.001600
802.00 C 20260805 -1.00 -1.00 4 0 0.5830 0.0057 0.001500
802.00 P 20260805 -1.00 -1.00 0 0 0.7208 -0.9943 0.001500
803.00 C 20260805 -1.00 -1.00 6 11 0.6016 0.0054 0.001400
803.00 P 20260805 -1.00 -1.00 0 0 0.7793 -0.9946 0.001400
804.00 C 20260805 -1.00 -1.00 3 1 0.6202 0.0052 0.001300
804.00 P 20260805 -1.00 -1.00 0 0 0.8020 -0.9948 0.001300
805.00 C 20260805 -1.00 -1.00 1 1 0.6386 0.0050 0.001200
805.00 P 20260805 -1.00 -1.00 0 0 0.8378 -0.9950 0.001200
806.00 C 20260805 -1.00 -1.00 0 20 0.6570 0.0048 0.001200
806.00 P 20260805 -1.00 -1.00 0 0 0.8472 -0.9952 0.001200
807.00 C 20260805 -1.00 -1.00 6 0 0.6754 0.0046 0.001100
807.00 P 20260805 -1.00 -1.00 0 0 0.8696 -0.9954 0.001100
808.00 C 20260805 -1.00 -1.00 0 0 0.6936 0.0044 0.001000
808.00 P 20260805 -1.00 -1.00 4 0 0.9126 -0.9956 0.001000
809.00 C 20260805 -1.00 -1.00 1 24 0.7118 0.0042 0.001000
809.00 P 20260805 -1.00 -1.00 0 0 0.8906 -0.9958 0.001000
810.00 C 20260805 -1.00 -1.00 1 3 0.7300 0.0041 0.000900
810.00 P 20260805 -1.00 -1.00 0 0 0.9363 -0.9959 0.000900
811.00 C 20260805 -1.00 -1.00 0 0 0.7480 0.0039 0.000900
811.00 P 20260805 -1.00 -1.00 0 0 1.0060 -0.9961 0.000900
812.00 C 20260805 -1.00 -1.00 0 0 0.7661 0.0038 0.000800
812.00 P 20260805 -1.00 -1.00 0 0 1.0288 -0.9962 0.000800
813.00 C 20260805 -1.00 -1.00 1 0 0.7840 0.0036 0.000800
813.00 P 20260805 -1.00 -1.00 0 0 1.0514 -0.9964 0.000800
814.00 C 20260805 -1.00 -1.00 6 20 0.8019 0.0035 0.000700
814.00 P 20260805 -1.00 -1.00 0 0 1.0740 -0.9965 0.000700
815.00 C 20260805 -1.00 -1.00 3 0 0.8197 0.0034 0.000700
815.00 P 20260805 -1.00 -1.00 0 0 1.0284 -0.9966 0.000700
816.00 C 20260805 -1.00 -1.00 0 0 0.8375 0.0032 0.000700
816.00 P 20260805 -1.00 -1.00 0 0 1.1254 -0.9968 0.000700
817.00 C 20260805 -1.00 -1.00 0 0 0.8552 0.0031 0.000600
817.00 P 20260805 -1.00 -1.00 0 0 1.1411 -0.9969 0.000600
818.00 C 20260805 -1.00 -1.00 0 0 0.8729 0.0030 0.000600
818.00 P 20260805 -1.00 -1.00 0 0 1.1633 -0.9970 0.000600
819.00 C 20260805 -1.00 -1.00 0 0 0.8905 0.0029 0.000600
819.00 P 20260805 -1.00 -1.00 0 0 1.1854 -0.9971 0.000600
820.00 C 20260805 -1.00 -1.00 1 41 0.9081 0.0028 0.000500
820.00 P 20260805 -1.00 -1.00 0 0 -1.0000 -0.9972 0.000500
821.00 C 20260805 -1.00 -1.00 0 0 0.9256 0.0027 0.000500
821.00 P 20260805 -1.00 -1.00 0 0 1.2294 -0.9973 0.000500
822.00 C 20260805 -1.00 -1.00 0 0 0.9430 0.0026 0.000500
822.00 P 20260805 -1.00 -1.00 0 0 1.2513 -0.9974 0.000500
823.00 C 20260805 -1.00 -1.00 0 0 0.9604 0.0025 0.000500
823.00 P 20260805 -1.00 -1.00 0 0 1.2731 -0.9975 0.000500
824.00 C 20260805 -1.00 -1.00 0 0 0.9778 0.0024 0.000400
824.00 P 20260805 -1.00 -1.00 0 0 1.3162 -0.9976 0.000400
825.00 C 20260805 -1.00 -1.00 0 0 0.9951 0.0023 0.000400
825.00 P 20260805 -1.00 -1.00 0 0 -1.0000 -0.9977 0.000400
826.00 C 20260805 -1.00 -1.00 1 85 1.0124 0.0023 0.000400
826.00 P 20260805 -1.00 -1.00 0 0 1.3380 -0.9977 0.000400
827.00 C 20260805 -1.00 -1.00 0 0 1.0296 0.0022 0.000400
827.00 P 20260805 -1.00 -1.00 0 0 1.3595 -0.9978 0.000400
828.00 C 20260805 -1.00 -1.00 0 0 1.0467 0.0021 0.000400
828.00 P 20260805 -1.00 -1.00 0 0 -1.0000 -0.9979 0.000400
829.00 C 20260805 -1.00 -1.00 0 0 1.0643 0.0020 0.000400
829.00 P 20260805 -1.00 -1.00 0 0 1.3504 -0.9980 0.000400
830.00 C 20260805 -1.00 -1.00 0 0 1.0814 0.0020 0.000300
830.00 P 20260805 -1.00 -1.00 0 0 -1.0000 -0.9980 0.000300
831.00 C 20260805 -1.00 -1.00 0 0 1.0984 0.0019 0.000300
831.00 P 20260805 -1.00 -1.00 0 0 1.3917 -0.9981 0.000300
832.00 C 20260805 -1.00 -1.00 0 0 1.1154 0.0018 0.000300
832.00 P 20260805 -1.00 -1.00 0 0 1.4659 -0.9982 0.000300
833.00 C 20260805 -1.00 -1.00 0 0 1.1323 0.0018 0.000300
833.00 P 20260805 -1.00 -1.00 0 0 1.4870 -0.9982 0.000300
834.00 C 20260805 -1.00 -1.00 0 39 1.1492 0.0017 0.000300
834.00 P 20260805 -1.00 -1.00 0 0 1.5243 -0.9983 0.000300
835.00 C 20260805 -1.00 -1.00 0 24 1.1661 0.0017 0.000300
835.00 P 20260805 -1.00 -1.00 0 0 1.4736 -0.9983 0.000300
836.00 C 20260805 -1.00 -1.00 0 0 1.1829 0.0016 0.000300
836.00 P 20260805 -1.00 -1.00 0 0 1.5499 -0.9984 0.000300
837.00 C 20260805 -1.00 -1.00 0 0 1.1996 0.0016 0.000200
837.00 P 20260805 -1.00 -1.00 0 0 -1.0000 -0.9984 0.000200
838.00 C 20260805 -1.00 -1.00 0 0 1.2164 0.0015 0.000200
838.00 P 20260805 -1.00 -1.00 0 0 1.5236 -0.9985 0.000200
839.00 C 20260805 -1.00 -1.00 0 0 1.2330 0.0015 0.000200
839.00 P 20260805 -1.00 -1.00 0 0 1.5545 -0.9985 0.000200
840.00 C 20260805 -1.00 -1.00 0 58 1.2497 0.0014 0.000200
840.00 P 20260805 -1.00 -1.00 0 0 1.5745 -0.9986 0.000200
841.00 C 20260805 -1.00 -1.00 0 0 1.2663 0.0014 0.000200
841.00 P 20260805 -1.00 -1.00 0 0 -1.0000 -0.9986 0.000200
842.00 C 20260805 -1.00 -1.00 0 0 1.2829 0.0013 0.000200
842.00 P 20260805 -1.00 -1.00 0 0 -1.0000 -0.9987 0.000200
843.00 C 20260805 -1.00 -1.00 0 0 1.2994 0.0013 0.000200
843.00 P 20260805 -1.00 -1.00 0 0 -1.0000 -0.9987 0.000200
844.00 C 20260805 -1.00 -1.00 0 0 1.3159 0.0012 0.000200
844.00 P 20260805 -1.00 -1.00 0 0 1.6543 -0.9988 0.000200
845.00 C 20260805 -1.00 -1.00 0 0 1.3323 0.0012 0.000200
845.00 P 20260805 -1.00 -1.00 0 0 -1.0000 -0.9988 0.000200
846.00 C 20260805 -1.00 -1.00 0 0 1.3487 0.0012 0.000200
846.00 P 20260805 -1.00 -1.00 0 0 -1.0000 -0.9988 0.000200
847.00 C 20260805 -1.00 -1.00 0 0 1.3651 0.0011 0.000200
847.00 P 20260805 -1.00 -1.00 0 0 1.7136 -0.9989 0.000200
848.00 C 20260805 -1.00 -1.00 0 0 1.3815 0.0011 0.000200
848.00 P 20260805 -1.00 -1.00 0 0 1.7333 -0.9989 0.000200
849.00 C 20260805 -1.00 -1.00 0 0 1.3978 0.0011 0.000100
849.00 P 20260805 -1.00 -1.00 0 0 -1.0000 -0.9989 0.000100
850.00 C 20260805 -1.00 -1.00 0 26 1.4140 0.0010 0.000100
850.00 P 20260805 -1.00 -1.00 0 0 -1.0000 -0.9990 0.000100
851.00 C 20260805 -1.00 -1.00 0 0 1.4303 0.0010 0.000100
851.00 P 20260805 -1.00 -1.00 0 0 -1.0000 -0.9990 0.000100
855.00 C 20260805 -1.00 -1.00 0 0 1.4949 0.0009 0.000100
855.00 P 20260805 -1.00 -1.00 0 0 -1.0000 -0.9991 0.000100
860.00 C 20260805 -1.00 -1.00 0 0 1.5747 0.0008 0.000100
860.00 P 20260805 -1.00 -1.00 0 0 1.9654 -0.9992 0.000100
865.00 C 20260805 -1.00 -1.00 0 0 1.6539 0.0006 0.000100
865.00 P 20260805 -1.00 -1.00 0 0 2.0602 -0.9994 0.000100
682.00 C 20260806 -1.00 -1.00 0 0 0.7614 0.9997 0.000000
682.00 P 20260806 -1.00 -1.00 0 0 0.7398 -0.0002 0.000000
683.00 C 20260806 -1.00 -1.00 0 0 0.7738 0.9997 0.000000
683.00 P 20260806 -1.00 -1.00 0 0 0.7319 -0.0002 0.000000
684.00 C 20260806 -1.00 -1.00 0 0 0.7651 0.9997 0.000000
684.00 P 20260806 -1.00 -1.00 0 0 0.7240 -0.0002 0.000000
685.00 C 20260806 -1.00 -1.00 0 0 0.7356 0.9997 0.000000
685.00 P 20260806 -1.00 -1.00 0 1 0.7162 -0.0002 0.000000
686.00 C 20260806 -1.00 -1.00 0 0 0.7477 0.9997 0.000000
686.00 P 20260806 -1.00 -1.00 0 1 0.7084 -0.0003 0.000000
687.00 C 20260806 -1.00 -1.00 0 0 0.7391 0.9996 0.000000
687.00 P 20260806 -1.00 -1.00 0 0 0.7005 -0.0003 0.000000
688.00 C 20260806 -1.00 -1.00 0 0 0.7304 0.9996 0.000000
688.00 P 20260806 -1.00 -1.00 0 0 0.6927 -0.0003 0.000000
689.00 C 20260806 -1.00 -1.00 0 0 0.7218 0.9996 0.000000
689.00 P 20260806 -1.00 -1.00 0 5 0.6848 -0.0003 0.000000
690.00 C 20260806 -1.00 -1.00 0 0 0.7132 0.9996 0.000000
690.00 P 20260806 -1.00 -1.00 11 18 0.6770 -0.0003 0.000000
691.00 C 20260806 -1.00 -1.00 0 0 0.7046 0.9996 0.000000
691.00 P 20260806 -1.00 -1.00 0 1 0.6692 -0.0003 0.000000
692.00 C 20260806 -1.00 -1.00 0 0 0.6960 0.9996 0.000000
692.00 P 20260806 -1.00 -1.00 0 5 0.6614 -0.0003 0.000000
693.00 C 20260806 -1.00 -1.00 0 0 0.6874 0.9996 0.000000
693.00 P 20260806 -1.00 -1.00 0 5 0.6536 -0.0004 0.000000
694.00 C 20260806 -1.00 -1.00 0 0 0.6788 0.9996 0.000000
694.00 P 20260806 -1.00 -1.00 0 10 0.6458 -0.0004 0.000000
695.00 C 20260806 -1.00 -1.00 0 0 0.6703 0.9995 0.000000
695.00 P 20260806 -1.00 -1.00 0 47 0.6380 -0.0004 0.000000
696.00 C 20260806 -1.00 -1.00 0 0 0.6617 0.9995 0.000100
696.00 P 20260806 -1.00 -1.00 0 5 0.6302 -0.0004 0.000100
697.00 C 20260806 -1.00 -1.00 0 0 0.6532 0.9995 0.000100
697.00 P 20260806 -1.00 -1.00 0 1 0.6224 -0.0004 0.000100
698.00 C 20260806 -1.00 -1.00 0 0 0.6447 0.9995 0.000100
698.00 P 20260806 -1.00 -1.00 0 2 0.6146 -0.0004 0.000100
699.00 C 20260806 -1.00 -1.00 0 0 0.6362 0.9995 0.000100
699.00 P 20260806 -1.00 -1.00 2 0 0.6068 -0.0005 0.000100
700.00 C 20260806 -1.00 -1.00 0 0 0.6276 0.9994 0.000100
700.00 P 20260806 -1.00 -1.00 10 28 0.5990 -0.0005 0.000100
701.00 C 20260806 -1.00 -1.00 0 0 0.6192 0.9994 0.000100
701.00 P 20260806 -1.00 -1.00 10 8 0.5913 -0.0005 0.000100
702.00 C 20260806 -1.00 -1.00 0 0 0.6107 0.9994 0.000100
702.00 P 20260806 -1.00 -1.00 0 1 0.5835 -0.0005 0.000100
703.00 C 20260806 -1.00 -1.00 0 0 0.6022 0.9994 0.000100
703.00 P 20260806 -1.00 -1.00 6 1 0.5757 -0.0006 0.000100
704.00 C 20260806 -1.00 -1.00 0 0 0.5937 0.9994 0.000100
704.00 P 20260806 -1.00 -1.00 0 1 0.5680 -0.0006 0.000100
705.00 C 20260806 -1.00 -1.00 0 0 0.5853 0.9993 0.000100
705.00 P 20260806 -1.00 -1.00 9 103 0.5602 -0.0006 0.000100
706.00 C 20260806 -1.00 -1.00 0 0 0.5768 0.9993 0.000100
706.00 P 20260806 -1.00 -1.00 0 15 0.5525 -0.0006 0.000100
707.00 C 20260806 -1.00 -1.00 0 0 0.5684 0.9993 0.000100
707.00 P 20260806 -1.00 -1.00 6 149 0.5447 -0.0007 0.000100
708.00 C 20260806 -1.00 -1.00 0 0 0.5600 0.9992 0.000100
708.00 P 20260806 -1.00 -1.00 4 50 0.5370 -0.0007 0.000100
709.00 C 20260806 -1.00 -1.00 0 0 0.5516 0.9992 0.000100
709.00 P 20260806 -1.00 -1.00 0 7 0.5292 -0.0007 0.000100
710.00 C 20260806 -1.00 -1.00 0 1 0.5431 0.9992 0.000100
710.00 P 20260806 -1.00 -1.00 0 69 0.5215 -0.0008 0.000100
711.00 C 20260806 -1.00 -1.00 0 0 0.5347 0.9991 0.000100
711.00 P 20260806 -1.00 -1.00 1 14 0.5137 -0.0008 0.000100
712.00 C 20260806 -1.00 -1.00 0 0 0.5407 0.9991 0.000100
712.00 P 20260806 -1.00 -1.00 0 10 0.5060 -0.0008 0.000100
713.00 C 20260806 -1.00 -1.00 0 0 0.5322 0.9990 0.000100
713.00 P 20260806 -1.00 -1.00 0 23 0.4983 -0.0009 0.000100
714.00 C 20260806 -1.00 -1.00 0 0 0.5237 0.9990 0.000100
714.00 P 20260806 -1.00 -1.00 0 12 0.4905 -0.0009 0.000100
715.00 C 20260806 -1.00 -1.00 0 2 0.5153 0.9989 0.000200
715.00 P 20260806 -1.00 -1.00 0 50 0.4828 -0.0010 0.000200
716.00 C 20260806 -1.00 -1.00 0 0 0.5068 0.9989 0.000200
716.00 P 20260806 -1.00 -1.00 0 41 0.4751 -0.0010 0.000200
717.00 C 20260806 -1.00 -1.00 0 0 0.5097 0.9988 0.000200
717.00 P 20260806 -1.00 -1.00 0 26 0.4673 -0.0011 0.000200
718.00 C 20260806 -1.00 -1.00 0 0 0.4899 0.9988 0.000200
718.00 P 20260806 -1.00 -1.00 3 134 0.4596 -0.0012 0.000200
719.00 C 20260806 -1.00 -1.00 0 0 0.4926 0.9987 0.000200
719.00 P 20260806 -1.00 -1.00 0 30 0.4519 -0.0012 0.000200
720.00 C 20260806 -1.00 -1.00 0 3 0.4840 0.9986 0.000200
720.00 P 20260806 -1.00 -1.00 0 50 0.4442 -0.0013 0.000200
721.00 C 20260806 -1.00 -1.00 0 0 0.4755 0.9985 0.000200
721.00 P 20260806 -1.00 -1.00 0 6 0.4364 -0.0014 0.000200
722.00 C 20260806 -1.00 -1.00 0 0 0.4670 0.9985 0.000300
722.00 P 20260806 -1.00 -1.00 0 29 0.4287 -0.0015 0.000300
723.00 C 20260806 -1.00 -1.00 0 2 0.4584 0.9984 0.000300
723.00 P 20260806 -1.00 -1.00 0 70 0.4210 -0.0016 0.000300
724.00 C 20260806 -1.00 -1.00 0 4 0.4499 0.9983 0.000300
724.00 P 20260806 -1.00 -1.00 0 21 0.4132 -0.0016 0.000300
725.00 C 20260806 -1.00 -1.00 0 4 0.4414 0.9982 0.000300
725.00 P 20260806 -1.00 -1.00 1 119 0.4212 -0.0018 0.000300
726.00 C 20260806 -1.00 -1.00 0 3 0.4328 0.9980 0.000300
726.00 P 20260806 -1.00 -1.00 1 58 0.4133 -0.0019 0.000300
727.00 C 20260806 -1.00 -1.00 0 3 0.4243 0.9979 0.000400
727.00 P 20260806 -1.00 -1.00 0 43 0.4053 -0.0020 0.000400
728.00 C 20260806 -1.00 -1.00 0 4 0.4158 0.9978 0.000400
728.00 P 20260806 -1.00 -1.00 0 126 0.3973 -0.0021 0.000400
729.00 C 20260806 -1.00 -1.00 0 0 0.4158 0.9977 0.000400
729.00 P 20260806 -1.00 -1.00 1 35 0.3893 -0.0023 0.000400
730.00 C 20260806 -1.00 -1.00 0 5 0.4072 0.9975 0.000500
730.00 P 20260806 -1.00 -1.00 43 118 0.3925 -0.0024 0.000500
731.00 C 20260806 -1.00 -1.00 0 5 0.3986 0.9973 0.000500
731.00 P 20260806 -1.00 -1.00 0 62 0.3843 -0.0026 0.000500
732.00 C 20260806 -1.00 -1.00 0 10 0.3900 0.9972 0.000500
732.00 P 20260806 -1.00 -1.00 0 34 0.3761 -0.0028 0.000500
733.00 C 20260806 -1.00 -1.00 0 9 0.3814 0.9969 0.000600
733.00 P 20260806 -1.00 -1.00 0 19 0.3679 -0.0030 0.000600
734.00 C 20260806 -1.00 -1.00 0 12 0.3727 0.9967 0.000600
734.00 P 20260806 -1.00 -1.00 0 41 0.3759 -0.0032 0.000600
735.00 C 20260806 -1.00 -1.00 0 13 0.3710 0.9965 0.000700
735.00 P 20260806 -1.00 -1.00 0 71 0.3515 -0.0034 0.000700
736.00 C 20260806 -1.00 -1.00 0 10 0.3622 0.9962 0.000700
736.00 P 20260806 -1.00 -1.00 0 44 0.3433 -0.0037 0.000700
737.00 C 20260806 -1.00 -1.00 0 20 0.3535 0.9959 0.000800
737.00 P 20260806 -1.00 -1.00 0 32 0.3433 -0.0040 0.000800
738.00 C 20260806 -1.00 -1.00 1 20 0.3448 0.9956 0.000900
738.00 P 20260806 -1.00 -1.00 2 43 0.3349 -0.0043 0.000900
739.00 C 20260806 -1.00 -1.00 0 22 0.3417 0.9952 0.001000
739.00 P 20260806 -1.00 -1.00 0 56 0.3265 -0.0047 0.001000
740.00 C 20260806 -1.00 -1.00 0 198 0.3329 0.9948 0.001100
740.00 P 20260806 -1.00 -1.00 0 51 0.3181 -0.0051 0.001100
741.00 C 20260806 -1.00 -1.00 0 50 0.3240 0.9944 0.001200
741.00 P 20260806 -1.00 -1.00 2 15 0.3097 -0.0056 0.001200
742.00 C 20260806 -1.00 -1.00 0 36 0.3152 0.9938 0.001300
742.00 P 20260806 -1.00 -1.00 0 38 0.3012 -0.0061 0.001300
743.00 C 20260806 -1.00 -1.00 0 49 0.3063 0.9933 0.001400
743.00 P 20260806 -1.00 -1.00 0 75 0.2990 -0.0066 0.001400
744.00 C 20260806 -1.00 -1.00 0 39 0.3021 0.9926 0.001600
744.00 P 20260806 -1.00 -1.00 0 36 0.2904 -0.0073 0.001600
745.00 C 20260806 -1.00 -1.00 0 38 0.2974 0.9919 0.001800
745.00 P 20260806 -1.00 -1.00 1 93 0.2871 -0.0080 0.001800
746.00 C 20260806 -1.00 -1.00 0 25 0.2883 0.9911 0.001900
746.00 P 20260806 -1.00 -1.00 1 24 0.2783 -0.0089 0.001900
747.00 C 20260806 -1.00 -1.00 0 30 0.2830 0.9901 0.002200
747.00 P 20260806 -1.00 -1.00 2 36 0.2695 -0.0098 0.002200
748.00 C 20260806 -1.00 -1.00 0 49 0.2772 0.9890 0.002400
748.00 P 20260806 -1.00 -1.00 2 28 0.2651 -0.0109 0.002400
749.00 C 20260806 -1.00 -1.00 0 36 0.2679 0.9878 0.002700
749.00 P 20260806 -1.00 -1.00 2 26 0.2601 -0.0122 0.002700
750.00 C 20260806 -1.00 -1.00 7 93 0.2585 0.9863 0.003100
750.00 P 20260806 -1.00 -1.00 75 64 0.2510 -0.0137 0.003100
751.00 C 20260806 -1.00 -1.00 1 44 0.3136 0.9846 0.003500
751.00 P 20260806 -1.00 -1.00 1 47 0.2487 -0.0154 0.003500
752.00 C 20260806 -1.00 -1.00 11 203 0.2333 0.9826 0.004000
752.00 P 20260806 -1.00 -1.00 0 47 0.2423 -0.0174 0.004000
753.00 C 20260806 -1.00 -1.00 0 137 0.2081 0.9802 0.004500
753.00 P 20260806 -1.00 -1.00 3 180 0.2351 -0.0199 0.004500
754.00 C 20260806 -1.00 -1.00 6 54 0.2263 0.9774 0.005100
754.00 P 20260806 -1.00 -1.00 20 37 0.2309 -0.0225 0.005100
755.00 C 20260806 -1.00 -1.00 15 54 0.1719 0.9740 0.005900
755.00 P 20260806 -1.00 -1.00 367 314 0.2274 -0.0259 0.005900
756.00 C 20260806 -1.00 -1.00 1 139 0.2250 0.9701 0.006800
756.00 P 20260806 -1.00 -1.00 10 125 0.2230 -0.0299 0.006800
757.00 C 20260806 -1.00 -1.00 11 52 0.2146 0.9653 0.007800
757.00 P 20260806 -1.00 -1.00 33 66 0.2193 -0.0347 0.007800
758.00 C 20260806 -1.00 -1.00 4 94 0.2042 0.9596 0.009100
758.00 P 20260806 -1.00 -1.00 19 35 0.2144 -0.0404 0.009100
759.00 C 20260806 -1.00 -1.00 7 91 0.2135 0.9527 0.010500
759.00 P 20260806 -1.00 -1.00 38 29 0.2111 -0.0473 0.010500
760.00 C 20260806 -1.00 -1.00 15 156 0.2096 0.9445 0.012200
760.00 P 20260806 -1.00 -1.00 119 75 0.2075 -0.0556 0.012200
761.00 C 20260806 -1.00 -1.00 3 172 0.2045 0.9346 0.014100
761.00 P 20260806 -1.00 -1.00 55 164 0.2037 -0.0653 0.014100
762.00 C 20260806 -1.00 -1.00 11 60 0.2024 0.9228 0.016300
762.00 P 20260806 -1.00 -1.00 54 56 0.2001 -0.0771 0.016300
763.00 C 20260806 -1.00 -1.00 1 34 0.1984 0.9088 0.018800
763.00 P 20260806 -1.00 -1.00 117 110 0.1971 -0.0911 0.018800
764.00 C 20260806 -1.00 -1.00 3 45 0.1943 0.8923 0.021700
764.00 P 20260806 -1.00 -1.00 97 68 0.1938 -0.1076 0.021700
765.00 C 20260806 -1.00 -1.00 3 39 0.1914 0.8729 0.024800
765.00 P 20260806 -1.00 -1.00 422 154 0.1904 -0.1270 0.024800
766.00 C 20260806 -1.00 -1.00 14 48 0.1877 0.8503 0.028200
766.00 P 20260806 -1.00 -1.00 246 605 0.1873 -0.1496 0.028200
767.00 C 20260806 -1.00 -1.00 5 41 0.1839 0.8241 0.031900
767.00 P 20260806 -1.00 -1.00 486 228 0.1832 -0.1758 0.031900
768.00 C 20260806 -1.00 -1.00 25 141 0.1803 0.7940 0.035800
768.00 P 20260806 -1.00 -1.00 813 596 0.1796 -0.2059 0.035800
769.00 C 20260806 -1.00 -1.00 20 24 0.1769 0.7600 0.039800
769.00 P 20260806 -1.00 -1.00 423 58 0.1763 -0.2400 0.039800
770.00 C 20260806 -1.00 -1.00 44 126 0.1736 0.7216 0.043700
770.00 P 20260806 -1.00 -1.00 842 147 0.1727 -0.2783 0.043700
771.00 C 20260806 -1.00 -1.00 63 49 0.1703 0.6790 0.047500
771.00 P 20260806 -1.00 -1.00 209 49 0.1697 -0.3209 0.047500
772.00 C 20260806 -1.00 -1.00 129 126 0.1674 0.6323 0.050800
772.00 P 20260806 -1.00 -1.00 308 54 0.1666 -0.3676 0.050800
773.00 C 20260806 -1.00 -1.00 56 72 0.1641 0.5818 0.053600
773.00 P 20260806 -1.00 -1.00 134 197 0.1639 -0.4182 0.053600
774.00 C 20260806 -1.00 -1.00 100 108 0.1616 0.5280 0.055600
774.00 P 20260806 -1.00 -1.00 389 120 0.1612 -0.4719 0.055600
775.00 C 20260806 -1.00 -1.00 224 277 0.1591 0.4720 0.056400
775.00 P 20260806 -1.00 -1.00 386 42 0.1587 -0.5279 0.056400
776.00 C 20260806 -1.00 -1.00 215 261 0.1574 0.4151 0.056000
776.00 P 20260806 -1.00 -1.00 299 31 0.1569 -0.5848 0.056000
777.00 C 20260806 -1.00 -1.00 290 62 0.1558 0.3589 0.054300
777.00 P 20260806 -1.00 -1.00 246 16 0.1553 -0.6410 0.054300
778.00 C 20260806 -1.00 -1.00 257 62 0.1547 0.3052 0.051300
778.00 P 20260806 -1.00 -1.00 164 10 0.1542 -0.6947 0.051300
779.00 C 20260806 -1.00 -1.00 325 21 0.1541 0.2556 0.047200
779.00 P 20260806 -1.00 -1.00 85 0 0.1536 -0.7443 0.047200
780.00 C 20260806 -1.00 -1.00 582 205 0.1540 0.2112 0.042400
780.00 P 20260806 -1.00 -1.00 71 13 0.1535 -0.7888 0.042400
781.00 C 20260806 -1.00 -1.00 414 6 0.1542 0.1725 0.037300
781.00 P 20260806 -1.00 -1.00 3 1 0.1536 -0.8275 0.037300
782.00 C 20260806 -1.00 -1.00 288 82 0.1554 0.1395 0.032200
782.00 P 20260806 -1.00 -1.00 14 11 0.1541 -0.8604 0.032200
783.00 C 20260806 -1.00 -1.00 128 8 0.1567 0.1122 0.027400
783.00 P 20260806 -1.00 -1.00 6 0 0.1552 -0.8878 0.027400
784.00 C 20260806 -1.00 -1.00 406 9 0.1583 0.0898 0.023100
784.00 P 20260806 -1.00 -1.00 0 0 0.1573 -0.9101 0.023100
785.00 C 20260806 -1.00 -1.00 372 150 0.1610 0.0720 0.019200
785.00 P 20260806 -1.00 -1.00 2 0 0.1590 -0.9280 0.019200
786.00 C 20260806 -1.00 -1.00 118 828 0.1632 0.0579 0.016000
786.00 P 20260806 -1.00 -1.00 12 0 0.1629 -0.9420 0.016000
787.00 C 20260806 -1.00 -1.00 67 4 0.1677 0.0469 0.013200
787.00 P 20260806 -1.00 -1.00 13 0 0.1648 -0.9529 0.013300
788.00 C 20260806 -1.00 -1.00 20 21 0.1719 0.0386 0.011000
788.00 P 20260806 -1.00 -1.00 10 1 0.1700 -0.9612 0.011100
789.00 C 20260806 -1.00 -1.00 20 3 0.1775 0.0323 0.009300
789.00 P 20260806 -1.00 -1.00 0 0 0.1739 -0.9676 0.009300
790.00 C 20260806 -1.00 -1.00 190 19 0.1825 0.0274 0.007900
790.00 P 20260806 -1.00 -1.00 6 0 0.1801 -0.9724 0.007900
791.00 C 20260806 -1.00 -1.00 14 1 0.1882 0.0238 0.006800
791.00 P 20260806 -1.00 -1.00 10 0 0.1934 -0.9761 0.006800
792.00 C 20260806 -1.00 -1.00 7 1 0.1933 0.0210 0.005900
792.00 P 20260806 -1.00 -1.00 5 0 0.2084 -0.9790 0.005900
793.00 C 20260806 -1.00 -1.00 53 0 0.2001 0.0187 0.005200
793.00 P 20260806 -1.00 -1.00 0 0 0.2044 -0.9812 0.005200
794.00 C 20260806 -1.00 -1.00 90 0 0.2065 0.0169 0.004600
794.00 P 20260806 -1.00 -1.00 0 0 0.2113 -0.9830 0.004600
795.00 C 20260806 -1.00 -1.00 1541 0 0.2125 0.0155 0.004100
795.00 P 20260806 -1.00 -1.00 0 0 0.2058 -0.9845 0.004100
796.00 C 20260806 -1.00 -1.00 18 0 0.2181 0.0142 0.003700
796.00 P 20260806 -1.00 -1.00 0 0 0.2268 -0.9857 0.003700
797.00 C 20260806 -1.00 -1.00 42 0 0.2267 0.0132 0.003400
797.00 P 20260806 -1.00 -1.00 0 0 0.2503 -0.9867 0.003400
798.00 C 20260806 -1.00 -1.00 5 1 0.2316 0.0123 0.003100
798.00 P 20260806 -1.00 -1.00 0 0 0.3070 -0.9876 0.003100
799.00 C 20260806 -1.00 -1.00 0 0 0.2360 0.0115 0.002800
799.00 P 20260806 -1.00 -1.00 0 0 -1.0000 -0.9884 0.002800
800.00 C 20260806 -1.00 -1.00 33 9 0.2442 0.0108 0.002600
800.00 P 20260806 -1.00 -1.00 0 1 -1.0000 -0.9892 0.002600
801.00 C 20260806 -1.00 -1.00 0 0 0.2524 0.0101 0.002400
801.00 P 20260806 -1.00 -1.00 0 0 0.2366 -0.9898 0.002400
802.00 C 20260806 -1.00 -1.00 0 0 0.2606 0.0095 0.002200
802.00 P 20260806 -1.00 -1.00 0 0 0.3454 -0.9904 0.002200
803.00 C 20260806 -1.00 -1.00 2 0 0.2637 0.0089 0.002000
803.00 P 20260806 -1.00 -1.00 0 0 0.3554 -0.9910 0.002000
804.00 C 20260806 -1.00 -1.00 0 0 0.2717 0.0084 0.001900
804.00 P 20260806 -1.00 -1.00 0 0 0.3625 -0.9915 0.001900
805.00 C 20260806 -1.00 -1.00 14 20 0.2738 0.0079 0.001800
805.00 P 20260806 -1.00 -1.00 0 0 -1.0000 -0.9920 0.001800
806.00 C 20260806 -1.00 -1.00 0 0 0.2821 0.0075 0.001600
806.00 P 20260806 -1.00 -1.00 0 0 0.2078 -0.9924 0.001600
807.00 C 20260806 -1.00 -1.00 0 0 0.2898 0.0070 0.001500
807.00 P 20260806 -1.00 -1.00 0 0 0.2159 -0.9929 0.001500
808.00 C 20260806 -1.00 -1.00 0 0 0.2975 0.0066 0.001400
808.00 P 20260806 -1.00 -1.00 0 0 0.2239 -0.9932 0.001400
809.00 C 20260806 -1.00 -1.00 6 0 0.3051 0.0063 0.001300
809.00 P 20260806 -1.00 -1.00 0 0 0.2317 -0.9936 0.001300
810.00 C 20260806 -1.00 -1.00 2 6 0.3128 0.0059 0.001200
810.00 P 20260806 -1.00 -1.00 0 1 -1.0000 -0.9940 0.001200
811.00 C 20260806 -1.00 -1.00 0 0 0.3127 0.0056 0.001100
811.00 P 20260806 -1.00 -1.00 0 0 -1.0000 -0.9943 0.001100
812.00 C 20260806 -1.00 -1.00 0 0 0.3280 0.0053 0.001100
812.00 P 20260806 -1.00 -1.00 0 0 -1.0000 -0.9946 0.001100
813.00 C 20260806 -1.00 -1.00 0 0 0.3276 0.0050 0.001000
813.00 P 20260806 -1.00 -1.00 0 0 -1.0000 -0.9949 0.001000
814.00 C 20260806 -1.00 -1.00 4 0 0.3349 0.0047 0.000900
814.00 P 20260806 -1.00 -1.00 0 0 -1.0000 -0.9952 0.000900
815.00 C 20260806 -1.00 -1.00 4 0 0.3423 0.0045 0.000900
815.00 P 20260806 -1.00 -1.00 0 0 -1.0000 -0.9954 0.000900
816.00 C 20260806 -1.00 -1.00 0 0 0.3496 0.0042 0.000800
816.00 P 20260806 -1.00 -1.00 0 0 -1.0000 -0.9957 0.000800
817.00 C 20260806 -1.00 -1.00 0 0 0.3569 0.0040 0.000800
817.00 P 20260806 -1.00 -1.00 0 0 -1.0000 -0.9959 0.000800
818.00 C 20260806 -1.00 -1.00 2 0 0.3642 0.0038 0.000700
818.00 P 20260806 -1.00 -1.00 0 0 -1.0000 -0.9962 0.000700
819.00 C 20260806 -1.00 -1.00 0 0 0.3714 0.0036 0.000700
819.00 P 20260806 -1.00 -1.00 0 0 -1.0000 -0.9964 0.000700
820.00 C 20260806 -1.00 -1.00 0 0 0.3679 0.0034 0.000600
820.00 P 20260806 -1.00 -1.00 0 0 -1.0000 -0.9966 0.000600
821.00 C 20260806 -1.00 -1.00 11 0 0.3750 0.0032 0.000600
821.00 P 20260806 -1.00 -1.00 0 0 -1.0000 -0.9968 0.000600
822.00 C 20260806 -1.00 -1.00 3 0 0.3820 0.0030 0.000500
822.00 P 20260806 -1.00 -1.00 0 0 -1.0000 -0.9969 0.000500
823.00 C 20260806 -1.00 -1.00 5 0 0.3890 0.0028 0.000500
823.00 P 20260806 -1.00 -1.00 0 0 -1.0000 -0.9971 0.000500
824.00 C 20260806 -1.00 -1.00 0 0 0.3960 0.0027 0.000500
824.00 P 20260806 -1.00 -1.00 0 0 0.3730 -0.9973 0.000500
825.00 C 20260806 -1.00 -1.00 1 0 0.4029 0.0025 0.000400
825.00 P 20260806 -1.00 -1.00 0 0 -1.0000 -0.9974 0.000400
826.00 C 20260806 -1.00 -1.00 0 0 0.4099 0.0024 0.000400
826.00 P 20260806 -1.00 -1.00 0 0 -1.0000 -0.9976 0.000400
827.00 C 20260806 -1.00 -1.00 0 0 0.4014 0.0022 0.000400
827.00 P 20260806 -1.00 -1.00 0 0 -1.0000 -0.9977 0.000400
828.00 C 20260806 -1.00 -1.00 0 0 0.4081 0.0021 0.000400
828.00 P 20260806 -1.00 -1.00 0 0 0.4015 -0.9978 0.000400
829.00 C 20260806 -1.00 -1.00 0 0 0.4147 0.0020 0.000300
829.00 P 20260806 -1.00 -1.00 0 0 -1.0000 -0.9979 0.000300
830.00 C 20260806 -1.00 -1.00 0 0 0.4214 0.0019 0.000300
830.00 P 20260806 -1.00 -1.00 0 0 -1.0000 -0.9980 0.000300
831.00 C 20260806 -1.00 -1.00 0 0 0.4280 0.0018 0.000300
831.00 P 20260806 -1.00 -1.00 0 0 -1.0000 -0.9982 0.000300
832.00 C 20260806 -1.00 -1.00 0 0 0.4346 0.0016 0.000300
832.00 P 20260806 -1.00 -1.00 0 0 -1.0000 -0.9983 0.000300
833.00 C 20260806 -1.00 -1.00 0 0 0.4412 0.0016 0.000300
833.00 P 20260806 -1.00 -1.00 0 0 -1.0000 -0.9984 0.000300
834.00 C 20260806 -1.00 -1.00 0 0 0.4478 0.0015 0.000200
834.00 P 20260806 -1.00 -1.00 0 0 -1.0000 -0.9984 0.000200
835.00 C 20260806 -1.00 -1.00 0 0 0.4544 0.0014 0.000200
835.00 P 20260806 -1.00 -1.00 0 0 -1.0000 -0.9985 0.000200
836.00 C 20260806 -1.00 -1.00 0 0 0.4610 0.0013 0.000200
836.00 P 20260806 -1.00 -1.00 0 0 -1.0000 -0.9986 0.000200
837.00 C 20260806 -1.00 -1.00 0 0 0.4675 0.0012 0.000200
837.00 P 20260806 -1.00 -1.00 0 0 -1.0000 -0.9987 0.000200
838.00 C 20260806 -1.00 -1.00 0 0 0.4740 0.0012 0.000200
838.00 P 20260806 -1.00 -1.00 0 0 -1.0000 -0.9988 0.000200
839.00 C 20260806 -1.00 -1.00 0 0 0.4805 0.0011 0.000200
839.00 P 20260806 -1.00 -1.00 0 0 -1.0000 -0.9988 0.000200
840.00 C 20260806 -1.00 -1.00 0 0 0.4870 0.0010 0.000200
840.00 P 20260806 -1.00 -1.00 0 0 -1.0000 -0.9989 0.000200
841.00 C 20260806 -1.00 -1.00 0 0 0.4935 0.0010 0.000100
841.00 P 20260806 -1.00 -1.00 0 0 -1.0000 -0.9990 0.000200
842.00 C 20260806 -1.00 -1.00 33 0 0.4999 0.0009 0.000100
842.00 P 20260806 -1.00 -1.00 0 0 -1.0000 -0.9990 0.000100
843.00 C 20260806 -1.00 -1.00 0 0 0.5064 0.0008 0.000100
843.00 P 20260806 -1.00 -1.00 0 0 -1.0000 -0.9991 0.000100
844.00 C 20260806 -1.00 -1.00 0 0 0.5128 0.0008 0.000100
844.00 P 20260806 -1.00 -1.00 0 0 -1.0000 -0.9991 0.000100
845.00 C 20260806 -1.00 -1.00 0 0 0.5192 0.0007 0.000100
845.00 P 20260806 -1.00 -1.00 0 0 -1.0000 -0.9992 0.000100
846.00 C 20260806 -1.00 -1.00 0 0 0.5256 0.0007 0.000100
846.00 P 20260806 -1.00 -1.00 0 0 0.5004 -0.9992 0.000100
847.00 C 20260806 -1.00 -1.00 0 0 0.5320 0.0006 0.000100
847.00 P 20260806 -1.00 -1.00 0 0 -1.0000 -0.9993 0.000100
848.00 C 20260806 -1.00 -1.00 0 0 0.5384 0.0006 0.000100
848.00 P 20260806 -1.00 -1.00 0 0 -1.0000 -0.9993 0.000100
849.00 C 20260806 -1.00 -1.00 0 0 0.5448 0.0006 0.000100
849.00 P 20260806 -1.00 -1.00 0 0 -1.0000 -0.9994 0.000100
850.00 C 20260806 -1.00 -1.00 0 0 0.5511 0.0005 0.000100
850.00 P 20260806 -1.00 -1.00 0 0 -1.0000 -0.9994 0.000100
851.00 C 20260806 -1.00 -1.00 0 0 0.5574 0.0005 0.000100
851.00 P 20260806 -1.00 -1.00 0 0 -1.0000 -0.9994 0.000100
855.00 C 20260806 -1.00 -1.00 0 0 0.5826 0.0004 0.000100
855.00 P 20260806 -1.00 -1.00 0 0 -1.0000 -0.9996 0.000100
860.00 C 20260806 -1.00 -1.00 0 0 0.6138 0.0003 0.000000
860.00 P 20260806 -1.00 -1.00 0 0 -1.0000 -0.9997 0.000000
865.00 C 20260806 -1.00 -1.00 0 0 0.6447 0.0002 0.000000
865.00 P 20260806 -1.00 -1.00 0 0 -1.0000 -0.9997 0.000000
682.00 C 20260807 -1.00 -1.00 0 0 -1.0000 0.9982 0.000200
682.00 P 20260807 -1.00 -1.00 0 13 0.5450 -0.0016 0.000200
683.00 C 20260807 -1.00 -1.00 0 0 0.5210 0.9982 0.000200
683.00 P 20260807 -1.00 -1.00 0 24 0.5392 -0.0017 0.000200
684.00 C 20260807 -1.00 -1.00 0 26 0.5380 0.9981 0.000200
684.00 P 20260807 -1.00 -1.00 0 16 0.5334 -0.0017 0.000200
685.00 C 20260807 -1.00 -1.00 0 32 0.4323 0.9980 0.000200
685.00 P 20260807 -1.00 -1.00 0 80 0.5276 -0.0018 0.000200
686.00 C 20260807 -1.00 -1.00 0 0 0.5224 0.9980 0.000200
686.00 P 20260807 -1.00 -1.00 0 15 0.5218 -0.0018 0.000200
687.00 C 20260807 -1.00 -1.00 0 26 0.4854 0.9980 0.000200
687.00 P 20260807 -1.00 -1.00 0 783 0.5161 -0.0019 0.000200
688.00 C 20260807 -1.00 -1.00 0 1 0.5066 0.9979 0.000200
688.00 P 20260807 -1.00 -1.00 6 20 0.5285 -0.0019 0.000200
689.00 C 20260807 -1.00 -1.00 0 0 0.4987 0.9978 0.000200
689.00 P 20260807 -1.00 -1.00 0 70 0.5226 -0.0020 0.000200
690.00 C 20260807 -1.00 -1.00 0 26 0.4564 0.9978 0.000200
690.00 P 20260807 -1.00 -1.00 0 146 0.5167 -0.0020 0.000200
691.00 C 20260807 -1.00 -1.00 0 1 0.4827 0.9977 0.000200
691.00 P 20260807 -1.00 -1.00 0 7 0.5108 -0.0021 0.000200
692.00 C 20260807 -1.00 -1.00 0 26 0.4346 0.9977 0.000200
692.00 P 20260807 -1.00 -1.00 0 17 0.5048 -0.0022 0.000200
693.00 C 20260807 -1.00 -1.00 0 0 0.4224 0.9976 0.000200
693.00 P 20260807 -1.00 -1.00 0 16 0.4989 -0.0022 0.000200
694.00 C 20260807 -1.00 -1.00 0 0 0.4086 0.9975 0.000200
694.00 P 20260807 -1.00 -1.00 0 36 0.4930 -0.0023 0.000200
695.00 C 20260807 -1.00 -1.00 0 9 0.3918 0.9975 0.000200
695.00 P 20260807 -1.00 -1.00 0 195 0.4871 -0.0024 0.000200
696.00 C 20260807 -1.00 -1.00 0 1 0.4412 0.9974 0.000200
696.00 P 20260807 -1.00 -1.00 0 19 0.4812 -0.0024 0.000200
697.00 C 20260807 -1.00 -1.00 0 2 0.4749 0.9973 0.000300
697.00 P 20260807 -1.00 -1.00 0 47 0.4753 -0.0025 0.000300
698.00 C 20260807 -1.00 -1.00 0 0 0.4676 0.9972 0.000300
698.00 P 20260807 -1.00 -1.00 6 23 0.4694 -0.0026 0.000300
699.00 C 20260807 -1.00 -1.00 0 0 0.4428 0.9972 0.000300
699.00 P 20260807 -1.00 -1.00 1 41 0.4635 -0.0027 0.000300
700.00 C 20260807 -1.00 -1.00 0 17 0.4531 0.9971 0.000300
700.00 P 20260807 -1.00 -1.00 3 842 0.4700 -0.0027 0.000300
701.00 C 20260807 -1.00 -1.00 0 0 0.4593 0.9970 0.000300
701.00 P 20260807 -1.00 -1.00 1 43 0.4517 -0.0028 0.000300
702.00 C 20260807 -1.00 -1.00 0 1 0.4196 0.9969 0.000300
702.00 P 20260807 -1.00 -1.00 1 11 0.4679 -0.0029 0.000300
703.00 C 20260807 -1.00 -1.00 0 2 0.4118 0.9968 0.000300
703.00 P 20260807 -1.00 -1.00 1 29 0.4618 -0.0030 0.000300
704.00 C 20260807 -1.00 -1.00 0 0 0.4239 0.9967 0.000400
704.00 P 20260807 -1.00 -1.00 1 44 0.4557 -0.0031 0.000300
705.00 C 20260807 -1.00 -1.00 0 1 0.3959 0.9966 0.000400
705.00 P 20260807 -1.00 -1.00 2 3472 0.4495 -0.0032 0.000400
706.00 C 20260807 -1.00 -1.00 0 0 0.4350 0.9965 0.000400
706.00 P 20260807 -1.00 -1.00 1 88 0.4434 -0.0033 0.000400
707.00 C 20260807 -1.00 -1.00 0 1 0.4166 0.9964 0.000400
707.00 P 20260807 -1.00 -1.00 0 130 0.4373 -0.0034 0.000400
708.00 C 20260807 -1.00 -1.00 0 1 0.4210 0.9963 0.000400
708.00 P 20260807 -1.00 -1.00 0 19 0.4312 -0.0036 0.000400
709.00 C 20260807 -1.00 -1.00 0 0 0.4141 0.9962 0.000400
709.00 P 20260807 -1.00 -1.00 1 50 0.4250 -0.0037 0.000400
710.00 C 20260807 -1.00 -1.00 0 4 0.4167 0.9960 0.000400
710.00 P 20260807 -1.00 -1.00 0 764 0.4189 -0.0038 0.000400
711.00 C 20260807 -1.00 -1.00 0 0 0.3882 0.9959 0.000500
711.00 P 20260807 -1.00 -1.00 0 61 0.4128 -0.0039 0.000500
712.00 C 20260807 -1.00 -1.00 0 0 0.3812 0.9958 0.000500
712.00 P 20260807 -1.00 -1.00 0 280 0.4067 -0.0041 0.000500
713.00 C 20260807 -1.00 -1.00 0 0 0.3959 0.9956 0.000500
713.00 P 20260807 -1.00 -1.00 0 118 0.4006 -0.0042 0.000500
714.00 C 20260807 -1.00 -1.00 0 1 0.3890 0.9954 0.000500
714.00 P 20260807 -1.00 -1.00 1 52 0.3945 -0.0044 0.000500
715.00 C 20260807 -1.00 -1.00 0 9 0.3903 0.9953 0.000600
715.00 P 20260807 -1.00 -1.00 5 16196 0.3884 -0.0046 0.000600
716.00 C 20260807 -1.00 -1.00 0 0 0.3835 0.9951 0.000600
716.00 P 20260807 -1.00 -1.00 0 99 0.3959 -0.0047 0.000600
717.00 C 20260807 -1.00 -1.00 0 4 0.3766 0.9949 0.000600
717.00 P 20260807 -1.00 -1.00 1 215 0.3896 -0.0049 0.000600
718.00 C 20260807 -1.00 -1.00 0 0 0.3615 0.9948 0.000600
718.00 P 20260807 -1.00 -1.00 0 44 0.3833 -0.0051 0.000600
719.00 C 20260807 -1.00 -1.00 0 0 0.3546 0.9946 0.000700
719.00 P 20260807 -1.00 -1.00 4 192 0.3770 -0.0053 0.000700
720.00 C 20260807 -1.00 -1.00 1 4 0.3632 0.9943 0.000700
720.00 P 20260807 -1.00 -1.00 3 196 0.3707 -0.0055 0.000700
721.00 C 20260807 -1.00 -1.00 0 1 0.3409 0.9941 0.000700
721.00 P 20260807 -1.00 -1.00 1 165 0.3644 -0.0057 0.000700
722.00 C 20260807 -1.00 -1.00 0 3 0.3496 0.9939 0.000800
722.00 P 20260807 -1.00 -1.00 1 292 0.3581 -0.0059 0.000800
723.00 C 20260807 -1.00 -1.00 0 1 0.3428 0.9936 0.000800
723.00 P 20260807 -1.00 -1.00 0 89 0.3571 -0.0062 0.000800
724.00 C 20260807 -1.00 -1.00 0 3 0.3477 0.9934 0.000800
724.00 P 20260807 -1.00 -1.00 6 1017 0.3507 -0.0064 0.000800
725.00 C 20260807 -1.00 -1.00 0 19 0.3409 0.9931 0.000900
725.00 P 20260807 -1.00 -1.00 10 190 0.3487 -0.0067 0.000900
726.00 C 20260807 -1.00 -1.00 0 4 0.3340 0.9928 0.001000
726.00 P 20260807 -1.00 -1.00 2 62 0.3426 -0.0070 0.001000
727.00 C 20260807 -1.00 -1.00 0 7 0.3321 0.9925 0.001000
727.00 P 20260807 -1.00 -1.00 27 78 0.3361 -0.0073 0.001000
728.00 C 20260807 -1.00 -1.00 0 18 0.3204 0.9921 0.001100
728.00 P 20260807 -1.00 -1.00 4 94 0.3296 -0.0077 0.001100
729.00 C 20260807 -1.00 -1.00 0 15 0.3184 0.9918 0.001100
729.00 P 20260807 -1.00 -1.00 62 417 0.3270 -0.0080 0.001100
730.00 C 20260807 -1.00 -1.00 0 29 0.3160 0.9914 0.001200
730.00 P 20260807 -1.00 -1.00 7 426 0.3245 -0.0084 0.001200
731.00 C 20260807 -1.00 -1.00 0 16 0.3169 0.9910 0.001200
731.00 P 20260807 -1.00 -1.00 4 400 0.3176 -0.0089 0.001200
732.00 C 20260807 -1.00 -1.00 0 11 0.3063 0.9905 0.001300
732.00 P 20260807 -1.00 -1.00 2 313 0.3110 -0.0093 0.001300
733.00 C 20260807 -1.00 -1.00 0 33 0.2994 0.9900 0.001400
733.00 P 20260807 -1.00 -1.00 3 267 0.3044 -0.0098 0.001400
734.00 C 20260807 -1.00 -1.00 0 10 0.3027 0.9895 0.001500
734.00 P 20260807 -1.00 -1.00 7 300 0.3011 -0.0103 0.001500
735.00 C 20260807 -1.00 -1.00 1 24 0.2926 0.9889 0.001600
735.00 P 20260807 -1.00 -1.00 13 317 0.2974 -0.0109 0.001600
736.00 C 20260807 -1.00 -1.00 0 9 0.2856 0.9883 0.001700
736.00 P 20260807 -1.00 -1.00 15 228 0.2907 -0.0115 0.001700
737.00 C 20260807 -1.00 -1.00 1 14 0.2874 0.9876 0.001800
737.00 P 20260807 -1.00 -1.00 1 76 0.2867 -0.0122 0.001800
738.00 C 20260807 -1.00 -1.00 0 50 -1.0000 0.9869 0.002000
738.00 P 20260807 -1.00 -1.00 1 496 0.2825 -0.0129 0.002000
739.00 C 20260807 -1.00 -1.00 0 56 -1.0000 0.9861 0.002100
739.00 P 20260807 -1.00 -1.00 0 69 0.2756 -0.0138 0.002100
740.00 C 20260807 -1.00 -1.00 0 267 0.3427 0.9852 0.002300
740.00 P 20260807 -1.00 -1.00 37 298 0.2737 -0.0146 0.002300
741.00 C 20260807 -1.00 -1.00 1 83 0.3000 0.9842 0.002400
741.00 P 20260807 -1.00 -1.00 3 144 0.2664 -0.0156 0.002400
742.00 C 20260807 -1.00 -1.00 0 83 0.2961 0.9831 0.002600
742.00 P 20260807 -1.00 -1.00 0 169 0.2639 -0.0167 0.002600
743.00 C 20260807 -1.00 -1.00 1 67 0.3212 0.9819 0.002800
743.00 P 20260807 -1.00 -1.00 2 116 0.2567 -0.0180 0.002800
744.00 C 20260807 -1.00 -1.00 1 91 0.3127 0.9805 0.003100
744.00 P 20260807 -1.00 -1.00 7 163 0.2530 -0.0194 0.003100
745.00 C 20260807 -1.00 -1.00 2 610 0.3059 0.9789 0.003400
745.00 P 20260807 -1.00 -1.00 14 141 0.2496 -0.0209 0.003400
746.00 C 20260807 -1.00 -1.00 1 67 -1.0000 0.9772 0.003700
746.00 P 20260807 -1.00 -1.00 1 92 0.2436 -0.0228 0.003700
747.00 C 20260807 -1.00 -1.00 7 93 0.2632 0.9752 0.004000
747.00 P 20260807 -1.00 -1.00 4 145 0.2392 -0.0248 0.004000
748.00 C 20260807 -1.00 -1.00 1 79 0.2928 0.9729 0.004400
748.00 P 20260807 -1.00 -1.00 5 237 0.2363 -0.0269 0.004400
749.00 C 20260807 -1.00 -1.00 1 77 -1.0000 0.9703 0.004800
749.00 P 20260807 -1.00 -1.00 2 80 0.2312 -0.0296 0.004800
750.00 C 20260807 -1.00 -1.00 13 210 0.2316 0.9674 0.005300
750.00 P 20260807 -1.00 -1.00 69 348 0.2271 -0.0325 0.005300
751.00 C 20260807 -1.00 -1.00 0 151 0.2489 0.9640 0.005900
751.00 P 20260807 -1.00 -1.00 57 156 0.2228 -0.0359 0.005900
752.00 C 20260807 -1.00 -1.00 46 242 0.2166 0.9601 0.006500
752.00 P 20260807 -1.00 -1.00 19 105 0.2189 -0.0397 0.006500
753.00 C 20260807 -1.00 -1.00 40 107 0.2105 0.9557 0.007200
753.00 P 20260807 -1.00 -1.00 466 145 0.2147 -0.0441 0.007200
754.00 C 20260807 -1.00 -1.00 11 107 0.2078 0.9507 0.008000
754.00 P 20260807 -1.00 -1.00 47 121 0.2117 -0.0492 0.008000
755.00 C 20260807 -1.00 -1.00 33 306 0.2012 0.9449 0.008900
755.00 P 20260807 -1.00 -1.00 477 398 0.2080 -0.0549 0.008900
756.00 C 20260807 -1.00 -1.00 2 107 0.2004 0.9383 0.009900
756.00 P 20260807 -1.00 -1.00 190 151 0.2038 -0.0615 0.009900
757.00 C 20260807 -1.00 -1.00 4 3090 0.2197 0.9308 0.011000
757.00 P 20260807 -1.00 -1.00 10 175 0.2010 -0.0690 0.011000
758.00 C 20260807 -1.00 -1.00 29 242 0.2182 0.9222 0.012200
758.00 P 20260807 -1.00 -1.00 24 133 0.1974 -0.0776 0.012200
759.00 C 20260807 -1.00 -1.00 13 216 0.1959 0.9124 0.013600
759.00 P 20260807 -1.00 -1.00 24 369 0.1943 -0.0874 0.013600
760.00 C 20260807 -1.00 -1.00 38 364 0.1923 0.9013 0.015100
760.00 P 20260807 -1.00 -1.00 231 689 0.1914 -0.0986 0.015100
761.00 C 20260807 -1.00 -1.00 17 132 0.1893 0.8886 0.016700
761.00 P 20260807 -1.00 -1.00 42 50 0.1885 -0.1112 0.016700
762.00 C 20260807 -1.00 -1.00 23 157 0.1862 0.8743 0.018500
762.00 P 20260807 -1.00 -1.00 34 58 0.1859 -0.1256 0.018500
763.00 C 20260807 -1.00 -1.00 2 79 0.1834 0.8580 0.020400
763.00 P 20260807 -1.00 -1.00 20 56 0.1831 -0.1418 0.020400
764.00 C 20260807 -1.00 -1.00 9 174 0.1809 0.8398 0.022400
764.00 P 20260807 -1.00 -1.00 102 156 0.1804 -0.1600 0.022400
765.00 C 20260807 -1.00 -1.00 265 378 0.1787 0.8194 0.024600
765.00 P 20260807 -1.00 -1.00 91 131 0.1779 -0.1804 0.024600
766.00 C 20260807 -1.00 -1.00 5 129 0.1759 0.7967 0.026800
766.00 P 20260807 -1.00 -1.00 74 138 0.1752 -0.2031 0.026800
767.00 C 20260807 -1.00 -1.00 15 142 0.1731 0.7716 0.029100
767.00 P 20260807 -1.00 -1.00 71 51 0.1730 -0.2282 0.029100
768.00 C 20260807 -1.00 -1.00 11 131 0.1709 0.7441 0.031400
768.00 P 20260807 -1.00 -1.00 87 85 0.1706 -0.2558 0.031400
769.00 C 20260807 -1.00 -1.00 18 92 0.1686 0.7140 0.033600
769.00 P 20260807 -1.00 -1.00 98 84 0.1681 -0.2858 0.033600
770.00 C 20260807 -1.00 -1.00 35 329 0.1662 0.6814 0.035800
770.00 P 20260807 -1.00 -1.00 328 133 0.1657 -0.3184 0.035800
771.00 C 20260807 -1.00 -1.00 47 132 0.1641 0.6465 0.037700
771.00 P 20260807 -1.00 -1.00 104 29 0.1639 -0.3533 0.037700
772.00 C 20260807 -1.00 -1.00 11 77 0.1620 0.6093 0.039500
772.00 P 20260807 -1.00 -1.00 133 55 0.1619 -0.3906 0.039500
773.00 C 20260807 -1.00 -1.00 46 234 0.1601 0.5701 0.040900
773.00 P 20260807 -1.00 -1.00 81 60 0.1602 -0.4297 0.040900
774.00 C 20260807 -1.00 -1.00 21 181 0.1586 0.5292 0.041800
774.00 P 20260807 -1.00 -1.00 90 79 0.1583 -0.4706 0.041800
775.00 C 20260807 -1.00 -1.00 60 153 0.1569 0.4873 0.042400
775.00 P 20260807 -1.00 -1.00 178 81 0.1568 -0.5126 0.042400
776.00 C 20260807 -1.00 -1.00 92 80 0.1556 0.4447 0.042300
776.00 P 20260807 -1.00 -1.00 95 10 0.1556 -0.5551 0.042300
777.00 C 20260807 -1.00 -1.00 60 67 0.1543 0.4023 0.041800
777.00 P 20260807 -1.00 -1.00 110 9 0.1540 -0.5976 0.041800
778.00 C 20260807 -1.00 -1.00 113 185 0.1532 0.3606 0.040600
778.00 P 20260807 -1.00 -1.00 39 6 0.1530 -0.6393 0.040600
779.00 C 20260807 -1.00 -1.00 379 288 0.1521 0.3202 0.039000
779.00 P 20260807 -1.00 -1.00 22 18 0.1521 -0.6796 0.039000
780.00 C 20260807 -1.00 -1.00 298 661 0.1514 0.2818 0.037000
780.00 P 20260807 -1.00 -1.00 10 10 0.1514 -0.7181 0.037000
781.00 C 20260807 -1.00 -1.00 71 33 0.1513 0.2456 0.034600
781.00 P 20260807 -1.00 -1.00 2 6 0.1510 -0.7542 0.034600
782.00 C 20260807 -1.00 -1.00 96 20 0.1509 0.2121 0.031900
782.00 P 20260807 -1.00 -1.00 5 0 0.1507 -0.7877 0.031900
783.00 C 20260807 -1.00 -1.00 57 124 0.1508 0.1816 0.029100
783.00 P 20260807 -1.00 -1.00 6 2 0.1502 -0.8182 0.029100
784.00 C 20260807 -1.00 -1.00 89 84 0.1510 0.1543 0.026200
784.00 P 20260807 -1.00 -1.00 2 0 0.1504 -0.8455 0.026200
785.00 C 20260807 -1.00 -1.00 164 137 0.1512 0.1302 0.023300
785.00 P 20260807 -1.00 -1.00 3 3 0.1502 -0.8696 0.023300
786.00 C 20260807 -1.00 -1.00 26 35 0.1518 0.1094 0.020500
786.00 P 20260807 -1.00 -1.00 2 0 0.1506 -0.8904 0.020500
787.00 C 20260807 -1.00 -1.00 47 16 0.1525 0.0917 0.018000
787.00 P 20260807 -1.00 -1.00 2 1 0.1512 -0.9082 0.018000
788.00 C 20260807 -1.00 -1.00 15 16 0.1537 0.0768 0.015600
788.00 P 20260807 -1.00 -1.00 7 1 0.1529 -0.9230 0.015600
789.00 C 20260807 -1.00 -1.00 18 10 0.1553 0.0646 0.013500
789.00 P 20260807 -1.00 -1.00 3 0 0.1545 -0.9352 0.013500
790.00 C 20260807 -1.00 -1.00 744 575 0.1578 0.0547 0.011700
790.00 P 20260807 -1.00 -1.00 3 1 0.1614 -0.9452 0.011700
791.00 C 20260807 -1.00 -1.00 58 9 0.1601 0.0467 0.010100
791.00 P 20260807 -1.00 -1.00 0 1 0.1609 -0.9532 0.010100
792.00 C 20260807 -1.00 -1.00 3 11 0.1631 0.0402 0.008800
792.00 P 20260807 -1.00 -1.00 0 0 0.1642 -0.9596 0.008800
793.00 C 20260807 -1.00 -1.00 311 1 0.1654 0.0351 0.007700
793.00 P 20260807 -1.00 -1.00 5 0 0.1698 -0.9648 0.007700
794.00 C 20260807 -1.00 -1.00 5 2 0.1691 0.0310 0.006800
794.00 P 20260807 -1.00 -1.00 0 1 0.1741 -0.9689 0.006800
795.00 C 20260807 -1.00 -1.00 19 520 0.1736 0.0276 0.006100
795.00 P 20260807 -1.00 -1.00 0 1 0.1754 -0.9722 0.006100
796.00 C 20260807 -1.00 -1.00 3 0 0.1777 0.0248 0.005400
796.00 P 20260807 -1.00 -1.00 0 0 0.1839 -0.9750 0.005400
797.00 C 20260807 -1.00 -1.00 14 8 0.1814 0.0226 0.004900
797.00 P 20260807 -1.00 -1.00 0 0 0.1855 -0.9773 0.004900
798.00 C 20260807 -1.00 -1.00 2 69 0.1847 0.0207 0.004400
798.00 P 20260807 -1.00 -1.00 0 0 0.2352 -0.9792 0.004400
799.00 C 20260807 -1.00 -1.00 3 3 0.1913 0.0190 0.004000
799.00 P 20260807 -1.00 -1.00 0 0 0.1826 -0.9808 0.004000
800.00 C 20260807 -1.00 -1.00 2432 66 0.1939 0.0176 0.003700
800.00 P 20260807 -1.00 -1.00 3 9 0.2493 -0.9823 0.003700
801.00 C 20260807 -1.00 -1.00 0 2 0.2003 0.0163 0.003400
801.00 P 20260807 -1.00 -1.00 0 0 0.2442 -0.9835 0.003400
802.00 C 20260807 -1.00 -1.00 11 0 0.2044 0.0152 0.003100
802.00 P 20260807 -1.00 -1.00 0 2 -1.0000 -0.9846 0.003100
803.00 C 20260807 -1.00 -1.00 0 22 0.2083 0.0142 0.002800
803.00 P 20260807 -1.00 -1.00 0 0 0.2698 -0.9856 0.002800
804.00 C 20260807 -1.00 -1.00 0 0 0.2145 0.0133 0.002600
804.00 P 20260807 -1.00 -1.00 0 0 0.2765 -0.9865 0.002600
805.00 C 20260807 -1.00 -1.00 60 10 0.2207 0.0125 0.002400
805.00 P 20260807 -1.00 -1.00 0 0 -1.0000 -0.9874 0.002400
806.00 C 20260807 -1.00 -1.00 0 0 0.2241 0.0117 0.002300
806.00 P 20260807 -1.00 -1.00 0 0 -1.0000 -0.9881 0.002300
807.00 C 20260807 -1.00 -1.00 0 0 0.2302 0.0111 0.002100
807.00 P 20260807 -1.00 -1.00 0 0 -1.0000 -0.9888 0.002100
808.00 C 20260807 -1.00 -1.00 0 9 0.2331 0.0104 0.002000
808.00 P 20260807 -1.00 -1.00 0 0 0.2912 -0.9894 0.002000
809.00 C 20260807 -1.00 -1.00 8 1 0.2390 0.0099 0.001800
809.00 P 20260807 -1.00 -1.00 0 0 0.2217 -0.9900 0.001800
810.00 C 20260807 -1.00 -1.00 10 103 0.2450 0.0093 0.001700
810.00 P 20260807 -1.00 -1.00 0 2 -1.0000 -0.9905 0.001700
811.00 C 20260807 -1.00 -1.00 0 0 0.2509 0.0088 0.001600
811.00 P 20260807 -1.00 -1.00 0 0 -1.0000 -0.9910 0.001600
812.00 C 20260807 -1.00 -1.00 1 0 0.2532 0.0084 0.001500
812.00 P 20260807 -1.00 -1.00 0 0 0.2981 -0.9914 0.001500
813.00 C 20260807 -1.00 -1.00 6 0 0.2590 0.0080 0.001400
813.00 P 20260807 -1.00 -1.00 0 0 0.2460 -0.9919 0.001400
814.00 C 20260807 -1.00 -1.00 0 5 0.2647 0.0076 0.001300
814.00 P 20260807 -1.00 -1.00 0 0 0.2962 -0.9923 0.001300
815.00 C 20260807 -1.00 -1.00 0 20 0.2663 0.0072 0.001200
815.00 P 20260807 -1.00 -1.00 0 0 0.3005 -0.9926 0.001200
816.00 C 20260807 -1.00 -1.00 0 0 0.2720 0.0069 0.001200
816.00 P 20260807 -1.00 -1.00 0 0 0.2584 -0.9930 0.001200
817.00 C 20260807 -1.00 -1.00 0 0 0.2776 0.0065 0.001100
817.00 P 20260807 -1.00 -1.00 0 0 0.2644 -0.9933 0.001100
818.00 C 20260807 -1.00 -1.00 0 0 0.2833 0.0062 0.001000
818.00 P 20260807 -1.00 -1.00 0 0 0.2704 -0.9936 0.001000
819.00 C 20260807 -1.00 -1.00 0 0 0.2889 0.0060 0.001000
819.00 P 20260807 -1.00 -1.00 0 0 0.2764 -0.9939 0.001000
820.00 C 20260807 -1.00 -1.00 0 100 0.2945 0.0057 0.000900
820.00 P 20260807 -1.00 -1.00 0 0 0.2756 -0.9941 0.000900
821.00 C 20260807 -1.00 -1.00 0 0 0.3000 0.0054 0.000900
821.00 P 20260807 -1.00 -1.00 0 0 0.3364 -0.9944 0.000900
822.00 C 20260807 -1.00 -1.00 1 0 0.3004 0.0052 0.000800
822.00 P 20260807 -1.00 -1.00 0 0 0.3565 -0.9946 0.000800
823.00 C 20260807 -1.00 -1.00 0 0 0.3059 0.0050 0.000800
823.00 P 20260807 -1.00 -1.00 0 0 0.2855 -0.9948 0.000800
824.00 C 20260807 -1.00 -1.00 0 0 0.3113 0.0048 0.000800
824.00 P 20260807 -1.00 -1.00 0 0 0.2915 -0.9950 0.000800
825.00 C 20260807 -1.00 -1.00 0 3 0.3107 0.0046 0.000700
825.00 P 20260807 -1.00 -1.00 0 0 0.3562 -0.9952 0.000700
826.00 C 20260807 -1.00 -1.00 0 0 0.3160 0.0044 0.000700
826.00 P 20260807 -1.00 -1.00 0 0 0.3624 -0.9954 0.000700
827.00 C 20260807 -1.00 -1.00 0 0 0.3213 0.0042 0.000600
827.00 P 20260807 -1.00 -1.00 0 0 0.3095 -0.9956 0.000600
828.00 C 20260807 -1.00 -1.00 0 0 0.3266 0.0041 0.000600
828.00 P 20260807 -1.00 -1.00 0 0 0.3748 -0.9958 0.000600
829.00 C 20260807 -1.00 -1.00 0 0 0.3319 0.0039 0.000600
829.00 P 20260807 -1.00 -1.00 0 0 0.3117 -0.9959 0.000600
830.00 C 20260807 -1.00 -1.00 0 14 0.3372 0.0038 0.000600
830.00 P 20260807 -1.00 -1.00 0 1 0.3871 -0.9961 0.000600
831.00 C 20260807 -1.00 -1.00 0 0 0.3424 0.0036 0.000500
831.00 P 20260807 -1.00 -1.00 0 0 0.3112 -0.9962 0.000500
832.00 C 20260807 -1.00 -1.00 0 0 0.3476 0.0035 0.000500
832.00 P 20260807 -1.00 -1.00 0 0 0.3174 -0.9963 0.000500
833.00 C 20260807 -1.00 -1.00 0 0 0.3529 0.0034 0.000500
833.00 P 20260807 -1.00 -1.00 0 0 0.4217 -0.9965 0.000500
834.00 C 20260807 -1.00 -1.00 0 0 0.3581 0.0032 0.000500
834.00 P 20260807 -1.00 -1.00 0 0 0.3299 -0.9966 0.000500
835.00 C 20260807 -1.00 -1.00 0 0 0.3633 0.0031 0.000400
835.00 P 20260807 -1.00 -1.00 0 0 0.4113 -0.9967 0.000400
840.00 C 20260807 -1.00 -1.00 8 0 0.3806 0.0026 0.000400
840.00 P 20260807 -1.00 -1.00 0 1 0.3776 -0.9972 0.000400
845.00 C 20260807 -1.00 -1.00 6 0 0.3948 0.0022 0.000300
845.00 P 20260807 -1.00 -1.00 0 0 0.4677 -0.9976 0.000300
850.00 C 20260807 -1.00 -1.00 0 0 0.4190 0.0019 0.000200
850.00 P 20260807 -1.00 -1.00 0 0 0.4933 -0.9979 0.000200
855.00 C 20260807 -1.00 -1.00 0 0 0.4428 0.0017 0.000200
855.00 P 20260807 -1.00 -1.00 0 0 0.3497 -0.9982 0.000200
860.00 C 20260807 -1.00 -1.00 0 7 0.4504 0.0014 0.000200
860.00 P 20260807 -1.00 -1.00 0 0 0.5429 -0.9984 0.000200
865.00 C 20260807 -1.00 -1.00 0 0 0.4731 0.0013 0.000100
865.00 P 20260807 -1.00 -1.00 0 0 0.6026 -0.9986 0.000100
682.00 C 20260810 -1.00 -1.00 0 0 0.4060 0.9973 0.000200
682.00 P 20260810 -1.00 -1.00 0 5 0.3659 -0.0025 0.000200
683.00 C 20260810 -1.00 -1.00 0 0 0.4012 0.9973 0.000200
683.00 P 20260810 -1.00 -1.00 0 0 0.3716 -0.0026 0.000200
684.00 C 20260810 -1.00 -1.00 0 0 0.3914 0.9972 0.000200
684.00 P 20260810 -1.00 -1.00 0 0 0.3676 -0.0026 0.000200
685.00 C 20260810 -1.00 -1.00 0 1 0.3866 0.9971 0.000200
685.00 P 20260810 -1.00 -1.00 0 4 0.3715 -0.0027 0.000200
686.00 C 20260810 -1.00 -1.00 0 0 0.3869 0.9970 0.000200
686.00 P 20260810 -1.00 -1.00 0 0 0.3673 -0.0028 0.000200
687.00 C 20260810 -1.00 -1.00 0 0 0.3821 0.9970 0.000300
687.00 P 20260810 -1.00 -1.00 0 0 0.3633 -0.0028 0.000300
688.00 C 20260810 -1.00 -1.00 0 0 0.3773 0.9969 0.000300
688.00 P 20260810 -1.00 -1.00 0 3 0.3594 -0.0029 0.000300
689.00 C 20260810 -1.00 -1.00 0 0 0.3726 0.9968 0.000300
689.00 P 20260810 -1.00 -1.00 0 13 0.3554 -0.0030 0.000300
690.00 C 20260810 -1.00 -1.00 0 0 0.3725 0.9967 0.000300
690.00 P 20260810 -1.00 -1.00 0 660 0.3514 -0.0031 0.000300
691.00 C 20260810 -1.00 -1.00 0 0 0.3720 0.9966 0.000300
691.00 P 20260810 -1.00 -1.00 0 10 0.3474 -0.0032 0.000300
692.00 C 20260810 -1.00 -1.00 0 0 0.3673 0.9965 0.000300
692.00 P 20260810 -1.00 -1.00 0 15 0.3434 -0.0033 0.000300
693.00 C 20260810 -1.00 -1.00 0 0 0.3626 0.9964 0.000300
693.00 P 20260810 -1.00 -1.00 0 18 0.3394 -0.0034 0.000300
694.00 C 20260810 -1.00 -1.00 0 0 0.3536 0.9963 0.000300
694.00 P 20260810 -1.00 -1.00 0 10 0.3354 -0.0035 0.000300
695.00 C 20260810 -1.00 -1.00 0 0 0.3532 0.9962 0.000300
695.00 P 20260810 -1.00 -1.00 0 36 0.3315 -0.0036 0.000300
696.00 C 20260810 -1.00 -1.00 0 0 0.3485 0.9961 0.000400
696.00 P 20260810 -1.00 -1.00 0 6 0.3273 -0.0037 0.000400
697.00 C 20260810 -1.00 -1.00 0 0 0.3438 0.9960 0.000400
697.00 P 20260810 -1.00 -1.00 0 9 0.3346 -0.0038 0.000400
698.00 C 20260810 -1.00 -1.00 0 0 0.3391 0.9959 0.000400
698.00 P 20260810 -1.00 -1.00 0 7 0.3305 -0.0040 0.000400
699.00 C 20260810 -1.00 -1.00 0 0 0.3345 0.9957 0.000400
699.00 P 20260810 -1.00 -1.00 0 23 0.3264 -0.0041 0.000400
700.00 C 20260810 -1.00 -1.00 0 1 0.3373 0.9956 0.000400
700.00 P 20260810 -1.00 -1.00 14 28 0.3223 -0.0042 0.000400
701.00 C 20260810 -1.00 -1.00 0 0 0.3290 0.9955 0.000400
701.00 P 20260810 -1.00 -1.00 0 4 0.3182 -0.0044 0.000400
702.00 C 20260810 -1.00 -1.00 0 0 0.3280 0.9953 0.000400
702.00 P 20260810 -1.00 -1.00 0 1 0.3141 -0.0045 0.000400
703.00 C 20260810 -1.00 -1.00 0 2 0.3299 0.9952 0.000500
703.00 P 20260810 -1.00 -1.00 0 10 0.3098 -0.0046 0.000500
704.00 C 20260810 -1.00 -1.00 0 0 0.3252 0.9950 0.000500
704.00 P 20260810 -1.00 -1.00 0 14 0.3058 -0.0048 0.000500
705.00 C 20260810 -1.00 -1.00 0 0 0.3205 0.9948 0.000500
705.00 P 20260810 -1.00 -1.00 2 17 0.3017 -0.0050 0.000500
706.00 C 20260810 -1.00 -1.00 0 0 0.3159 0.9947 0.000500
706.00 P 20260810 -1.00 -1.00 0 2 0.3056 -0.0051 0.000500
707.00 C 20260810 -1.00 -1.00 0 0 0.3112 0.9945 0.000600
707.00 P 20260810 -1.00 -1.00 0 23 0.3015 -0.0053 0.000500
708.00 C 20260810 -1.00 -1.00 0 0 0.3095 0.9943 0.000600
708.00 P 20260810 -1.00 -1.00 0 8 0.2973 -0.0055 0.000600
709.00 C 20260810 -1.00 -1.00 0 31 0.3019 0.9941 0.000600
709.00 P 20260810 -1.00 -1.00 0 10 0.2931 -0.0057 0.000600
710.00 C 20260810 -1.00 -1.00 0 31 0.3029 0.9939 0.000600
710.00 P 20260810 -1.00 -1.00 0 72 0.2890 -0.0060 0.000600
711.00 C 20260810 -1.00 -1.00 0 0 0.2956 0.9937 0.000600
711.00 P 20260810 -1.00 -1.00 2 55 0.2881 -0.0061 0.000600
712.00 C 20260810 -1.00 -1.00 0 0 0.2936 0.9934 0.000700
712.00 P 20260810 -1.00 -1.00 0 37 0.2870 -0.0064 0.000700
713.00 C 20260810 -1.00 -1.00 0 0 0.2940 0.9932 0.000700
713.00 P 20260810 -1.00 -1.00 0 20 0.2828 -0.0066 0.000700
714.00 C 20260810 -1.00 -1.00 0 1 0.2893 0.9929 0.000700
714.00 P 20260810 -1.00 -1.00 0 175 0.2785 -0.0069 0.000700
715.00 C 20260810 -1.00 -1.00 0 1 0.2822 0.9926 0.000800
715.00 P 20260810 -1.00 -1.00 1 88 0.2744 -0.0072 0.000800
716.00 C 20260810 -1.00 -1.00 0 0 0.2823 0.9923 0.000800
716.00 P 20260810 -1.00 -1.00 5 80 0.2728 -0.0075 0.000800
717.00 C 20260810 -1.00 -1.00 0 0 0.2730 0.9920 0.000800
717.00 P 20260810 -1.00 -1.00 0 24 0.2710 -0.0078 0.000800
718.00 C 20260810 -1.00 -1.00 0 0 0.2751 0.9917 0.000900
718.00 P 20260810 -1.00 -1.00 5 49 0.2667 -0.0081 0.000900
719.00 C 20260810 -1.00 -1.00 0 0 0.2724 0.9914 0.000900
719.00 P 20260810 -1.00 -1.00 13 23 0.2624 -0.0085 0.000900
720.00 C 20260810 -1.00 -1.00 0 2 0.2636 0.9910 0.001000
720.00 P 20260810 -1.00 -1.00 5 710 0.2604 -0.0088 0.001000
721.00 C 20260810 -1.00 -1.00 0 0 0.2610 0.9906 0.001000
721.00 P 20260810 -1.00 -1.00 0 79 0.2585 -0.0092 0.001000
722.00 C 20260810 -1.00 -1.00 0 0 0.2621 0.9902 0.001100
722.00 P 20260810 -1.00 -1.00 3 34 0.2539 -0.0096 0.001100
723.00 C 20260810 -1.00 -1.00 0 1 0.2556 0.9897 0.001200
723.00 P 20260810 -1.00 -1.00 0 34 0.2497 -0.0101 0.001200
724.00 C 20260810 -1.00 -1.00 0 1 0.2544 0.9892 0.001200
724.00 P 20260810 -1.00 -1.00 1 26 0.2471 -0.0106 0.001200
725.00 C 20260810 -1.00 -1.00 0 51 0.2480 0.9887 0.001300
725.00 P 20260810 -1.00 -1.00 1 273 0.2446 -0.0111 0.001300
726.00 C 20260810 -1.00 -1.00 0 0 0.2466 0.9882 0.001400
726.00 P 20260810 -1.00 -1.00 4 41 0.2404 -0.0116 0.001400
727.00 C 20260810 -1.00 -1.00 0 0 0.2450 0.9876 0.001400
727.00 P 20260810 -1.00 -1.00 1 97 0.2377 -0.0122 0.001400
728.00 C 20260810 -1.00 -1.00 0 10 0.2371 0.9870 0.001500
728.00 P 20260810 -1.00 -1.00 2 44 0.2346 -0.0129 0.001500
729.00 C 20260810 -1.00 -1.00 0 12 0.2369 0.9863 0.001600
729.00 P 20260810 -1.00 -1.00 5 17 0.2317 -0.0135 0.001600
730.00 C 20260810 -1.00 -1.00 0 11 0.2292 0.9856 0.001700
730.00 P 20260810 -1.00 -1.00 5 143 0.2290 -0.0142 0.001700
731.00 C 20260810 -1.00 -1.00 0 3 0.2300 0.9848 0.001800
731.00 P 20260810 -1.00 -1.00 3 30 0.2242 -0.0150 0.001800
732.00 C 20260810 -1.00 -1.00 0 7 0.2239 0.9840 0.001900
732.00 P 20260810 -1.00 -1.00 0 41 0.2227 -0.0158 0.001900
733.00 C 20260810 -1.00 -1.00 0 13 0.2241 0.9831 0.002000
733.00 P 20260810 -1.00 -1.00 0 47 0.2180 -0.0168 0.002000
734.00 C 20260810 -1.00 -1.00 0 1 0.2192 0.9821 0.002200
734.00 P 20260810 -1.00 -1.00 0 24 0.2157 -0.0178 0.002200
735.00 C 20260810 -1.00 -1.00 0 9 0.2143 0.9810 0.002300
735.00 P 20260810 -1.00 -1.00 9 352 0.2125 -0.0188 0.002300
736.00 C 20260810 -1.00 -1.00 0 5 0.2139 0.9799 0.002500
736.00 P 20260810 -1.00 -1.00 1 22 0.2088 -0.0201 0.002500
737.00 C 20260810 -1.00 -1.00 0 4 0.2079 0.9786 0.002600
737.00 P 20260810 -1.00 -1.00 1 34 0.2063 -0.0213 0.002700
738.00 C 20260810 -1.00 -1.00 0 22 0.2060 0.9772 0.002800
738.00 P 20260810 -1.00 -1.00 1 17 0.2036 -0.0226 0.002800
739.00 C 20260810 -1.00 -1.00 0 14 0.2038 0.9758 0.003000
739.00 P 20260810 -1.00 -1.00 2 18 0.2010 -0.0241 0.003000
740.00 C 20260810 -1.00 -1.00 0 48 0.2380 0.9741 0.003300
740.00 P 20260810 -1.00 -1.00 2 44 0.1969 -0.0257 0.003300
741.00 C 20260810 -1.00 -1.00 0 33 0.2288 0.9723 0.003500
741.00 P 20260810 -1.00 -1.00 6 18 0.1948 -0.0275 0.003500
742.00 C 20260810 -1.00 -1.00 1 214 0.2242 0.9704 0.003800
742.00 P 20260810 -1.00 -1.00 1 19 0.1913 -0.0295 0.003800
743.00 C 20260810 -1.00 -1.00 0 45 0.1908 0.9682 0.004000
743.00 P 20260810 -1.00 -1.00 1 32 0.1887 -0.0317 0.004100
744.00 C 20260810 -1.00 -1.00 0 43 0.1864 0.9658 0.004400
744.00 P 20260810 -1.00 -1.00 14 215 0.1860 -0.0340 0.004400
745.00 C 20260810 -1.00 -1.00 0 35 0.2100 0.9632 0.004700
745.00 P 20260810 -1.00 -1.00 9 123 0.1828 -0.0367 0.004700
746.00 C 20260810 -1.00 -1.00 0 22 0.1800 0.9603 0.005100
746.00 P 20260810 -1.00 -1.00 1 133 0.1803 -0.0396 0.005100
747.00 C 20260810 -1.00 -1.00 0 24 0.2020 0.9571 0.005500
747.00 P 20260810 -1.00 -1.00 4 95 0.1775 -0.0429 0.005500
748.00 C 20260810 -1.00 -1.00 0 30 0.1847 0.9536 0.006000
748.00 P 20260810 -1.00 -1.00 10 107 0.1745 -0.0464 0.006000
749.00 C 20260810 -1.00 -1.00 0 58 0.1986 0.9496 0.006500
749.00 P 20260810 -1.00 -1.00 1 256 0.1720 -0.0502 0.006500
750.00 C 20260810 -1.00 -1.00 0 74 0.1951 0.9452 0.007000
750.00 P 20260810 -1.00 -1.00 28 153 0.1690 -0.0546 0.007000
751.00 C 20260810 -1.00 -1.00 1 87 0.1681 0.9404 0.007600
751.00 P 20260810 -1.00 -1.00 0 38 0.1669 -0.0595 0.007600
752.00 C 20260810 -1.00 -1.00 2 35 0.1663 0.9350 0.008300
752.00 P 20260810 -1.00 -1.00 13 23 0.1641 -0.0651 0.008300
753.00 C 20260810 -1.00 -1.00 2 85 0.1624 0.9290 0.009000
753.00 P 20260810 -1.00 -1.00 1 78 0.1616 -0.0711 0.009100
754.00 C 20260810 -1.00 -1.00 3 48 0.1611 0.9223 0.009800
754.00 P 20260810 -1.00 -1.00 4 110 0.1595 -0.0775 0.009800
755.00 C 20260810 -1.00 -1.00 14 78 0.1616 0.9149 0.010700
755.00 P 20260810 -1.00 -1.00 22 45 0.1575 -0.0850 0.010700
756.00 C 20260810 -1.00 -1.00 0 57 0.1668 0.9066 0.011600
756.00 P 20260810 -1.00 -1.00 2 66 0.1547 -0.0932 0.011600
757.00 C 20260810 -1.00 -1.00 0 38 0.1644 0.8975 0.012600
757.00 P 20260810 -1.00 -1.00 9 81 0.1528 -0.1023 0.012600
758.00 C 20260810 -1.00 -1.00 3 65 0.1616 0.8874 0.013700
758.00 P 20260810 -1.00 -1.00 16 73 0.1504 -0.1126 0.013700
759.00 C 20260810 -1.00 -1.00 3 37 0.1495 0.8761 0.014900
759.00 P 20260810 -1.00 -1.00 9 20 0.1482 -0.1238 0.014900
760.00 C 20260810 -1.00 -1.00 21 403 0.1475 0.8637 0.016100
760.00 P 20260810 -1.00 -1.00 41 62 0.1463 -0.1361 0.016100
761.00 C 20260810 -1.00 -1.00 5 67 0.1452 0.8500 0.017400
761.00 P 20260810 -1.00 -1.00 11 33 0.1443 -0.1500 0.017400
762.00 C 20260810 -1.00 -1.00 0 47 0.1431 0.8347 0.018800
762.00 P 20260810 -1.00 -1.00 16 6 0.1423 -0.1650 0.018800
763.00 C 20260810 -1.00 -1.00 3 69 0.1412 0.8180 0.020300
763.00 P 20260810 -1.00 -1.00 71 6 0.1404 -0.1816 0.020300
764.00 C 20260810 -1.00 -1.00 0 100 0.1392 0.7998 0.021800
764.00 P 20260810 -1.00 -1.00 70 65 0.1383 -0.2000 0.021800
765.00 C 20260810 -1.00 -1.00 10 174 0.1375 0.7799 0.023400
765.00 P 20260810 -1.00 -1.00 52 42 0.1366 -0.2197 0.023400
766.00 C 20260810 -1.00 -1.00 14 59 0.1357 0.7583 0.025000
766.00 P 20260810 -1.00 -1.00 12 102 0.1346 -0.2413 0.024900
767.00 C 20260810 -1.00 -1.00 9 70 0.1338 0.7349 0.026500
767.00 P 20260810 -1.00 -1.00 13 13 0.1331 -0.2646 0.026500
768.00 C 20260810 -1.00 -1.00 5 64 0.1321 0.7097 0.028100
768.00 P 20260810 -1.00 -1.00 9 15 0.1315 -0.2901 0.028100
769.00 C 20260810 -1.00 -1.00 2 18 0.1304 0.6828 0.029600
769.00 P 20260810 -1.00 -1.00 52 33 0.1298 -0.3170 0.029600
770.00 C 20260810 -1.00 -1.00 120 209 0.1288 0.6545 0.030900
770.00 P 20260810 -1.00 -1.00 91 40 0.1283 -0.3453 0.030900
771.00 C 20260810 -1.00 -1.00 27 119 0.1274 0.6239 0.032200
771.00 P 20260810 -1.00 -1.00 49 5 0.1268 -0.3759 0.032200
772.00 C 20260810 -1.00 -1.00 12 98 0.1260 0.5922 0.033300
772.00 P 20260810 -1.00 -1.00 13 28 0.1254 -0.4072 0.033300
773.00 C 20260810 -1.00 -1.00 1 22 0.1249 0.5591 0.034200
773.00 P 20260810 -1.00 -1.00 208 50 0.1242 -0.4403 0.034200
774.00 C 20260810 -1.00 -1.00 19 56 0.1237 0.5254 0.034900
774.00 P 20260810 -1.00 -1.00 42 7 0.1230 -0.4744 0.034900
775.00 C 20260810 -1.00 -1.00 10 129 0.1225 0.4904 0.035200
775.00 P 20260810 -1.00 -1.00 159 38 0.1222 -0.5098 0.035200
776.00 C 20260810 -1.00 -1.00 14 4 0.1215 0.4550 0.035300
776.00 P 20260810 -1.00 -1.00 6 1 0.1213 -0.5452 0.035300
777.00 C 20260810 -1.00 -1.00 1 83 0.1207 0.4196 0.035000
777.00 P 20260810 -1.00 -1.00 6 8 0.1203 -0.5802 0.035000
778.00 C 20260810 -1.00 -1.00 23 20 0.1201 0.3841 0.034400
778.00 P 20260810 -1.00 -1.00 42 0 0.1194 -0.6153 0.034400
779.00 C 20260810 -1.00 -1.00 29 78 0.1192 0.3502 0.033500
779.00 P 20260810 -1.00 -1.00 15 0 0.1189 -0.6501 0.033500
780.00 C 20260810 -1.00 -1.00 37 82 0.1188 0.3164 0.032300
780.00 P 20260810 -1.00 -1.00 16 1 0.1183 -0.6830 0.032400
781.00 C 20260810 -1.00 -1.00 12 85 0.1183 0.2844 0.030900
781.00 P 20260810 -1.00 -1.00 1 0 0.1178 -0.7150 0.031000
782.00 C 20260810 -1.00 -1.00 44 122 0.1178 0.2544 0.029300
782.00 P 20260810 -1.00 -1.00 3 0 0.1174 -0.7454 0.029300
783.00 C 20260810 -1.00 -1.00 133 179 0.1176 0.2254 0.027500
783.00 P 20260810 -1.00 -1.00 1 0 0.1170 -0.7744 0.027500
784.00 C 20260810 -1.00 -1.00 27 165 0.1176 0.1991 0.025600
784.00 P 20260810 -1.00 -1.00 0 0 0.1169 -0.8008 0.025600
785.00 C 20260810 -1.00 -1.00 17 32 0.1171 0.1744 0.023600
785.00 P 20260810 -1.00 -1.00 0 0 0.1163 -0.8257 0.023600
786.00 C 20260810 -1.00 -1.00 12 18 0.1170 0.1520 0.021600
786.00 P 20260810 -1.00 -1.00 0 0 0.1166 -0.8478 0.021600
787.00 C 20260810 -1.00 -1.00 8 216 0.1173 0.1317 0.019600
787.00 P 20260810 -1.00 -1.00 0 0 0.1162 -0.8681 0.019600
788.00 C 20260810 -1.00 -1.00 9 160 0.1175 0.1137 0.017700
788.00 P 20260810 -1.00 -1.00 0 0 0.1163 -0.8861 0.017700
789.00 C 20260810 -1.00 -1.00 0 0 0.1179 0.0979 0.015800
789.00 P 20260810 -1.00 -1.00 0 0 0.1166 -0.9019 0.015800
790.00 C 20260810 -1.00 -1.00 18 26 0.1184 0.0841 0.014100
790.00 P 20260810 -1.00 -1.00 5 0 0.1191 -0.9157 0.014100
791.00 C 20260810 -1.00 -1.00 9 0 0.1191 0.0723 0.012500
791.00 P 20260810 -1.00 -1.00 0 0 0.1219 -0.9275 0.012500
792.00 C 20260810 -1.00 -1.00 1 0 0.1200 0.0622 0.011000
792.00 P 20260810 -1.00 -1.00 0 0 0.1231 -0.9375 0.011000
793.00 C 20260810 -1.00 -1.00 6 3 0.1214 0.0538 0.009700
793.00 P 20260810 -1.00 -1.00 0 0 0.1245 -0.9460 0.009700
794.00 C 20260810 -1.00 -1.00 1 0 0.1223 0.0467 0.008600
794.00 P 20260810 -1.00 -1.00 0 0 0.1263 -0.9530 0.008600
795.00 C 20260810 -1.00 -1.00 54 47 0.1243 0.0409 0.007600
795.00 P 20260810 -1.00 -1.00 5 0 0.1253 -0.9589 0.007600
796.00 C 20260810 -1.00 -1.00 4 2 0.1258 0.0361 0.006800
796.00 P 20260810 -1.00 -1.00 0 0 0.1309 -0.9637 0.006800
797.00 C 20260810 -1.00 -1.00 7 0 0.1276 0.0321 0.006100
797.00 P 20260810 -1.00 -1.00 0 0 0.1319 -0.9677 0.006100
798.00 C 20260810 -1.00 -1.00 2 0 0.1299 0.0287 0.005400
798.00 P 20260810 -1.00 -1.00 0 0 -1.0000 -0.9710 0.005400
799.00 C 20260810 -1.00 -1.00 3 0 0.1327 0.0259 0.004900
799.00 P 20260810 -1.00 -1.00 0 0 0.1265 -0.9738 0.004900
800.00 C 20260810 -1.00 -1.00 85 134 0.1352 0.0236 0.004400
800.00 P 20260810 -1.00 -1.00 0 1 0.1310 -0.9761 0.004400
801.00 C 20260810 -1.00 -1.00 2 0 0.1375 0.0216 0.004000
801.00 P 20260810 -1.00 -1.00 0 0 -1.0000 -0.9781 0.004000
802.00 C 20260810 -1.00 -1.00 2 0 0.1393 0.0200 0.003700
802.00 P 20260810 -1.00 -1.00 0 0 0.1333 -0.9798 0.003700
803.00 C 20260810 -1.00 -1.00 0 0 0.1423 0.0185 0.003400
803.00 P 20260810 -1.00 -1.00 0 0 -1.0000 -0.9813 0.003400
804.00 C 20260810 -1.00 -1.00 0 0 0.1454 0.0170 0.003100
804.00 P 20260810 -1.00 -1.00 0 0 0.1419 -0.9826 0.003100
805.00 C 20260810 -1.00 -1.00 61 0 0.1493 0.0160 0.002900
805.00 P 20260810 -1.00 -1.00 0 0 0.1827 -0.9838 0.002900
806.00 C 20260810 -1.00 -1.00 0 0 0.1520 0.0150 0.002700
806.00 P 20260810 -1.00 -1.00 0 0 0.1335 -0.9848 0.002700
807.00 C 20260810 -1.00 -1.00 1 0 0.1548 0.0139 0.002500
807.00 P 20260810 -1.00 -1.00 0 0 0.1494 -0.9857 0.002500
808.00 C 20260810 -1.00 -1.00 0 0 0.1585 0.0132 0.002300
808.00 P 20260810 -1.00 -1.00 0 0 0.1965 -0.9866 0.002300
809.00 C 20260810 -1.00 -1.00 0 0 0.1608 0.0125 0.002200
809.00 P 20260810 -1.00 -1.00 0 0 -1.0000 -0.9873 0.002200
810.00 C 20260810 -1.00 -1.00 0 7 0.1630 0.0118 0.002000
810.00 P 20260810 -1.00 -1.00 0 1 0.1598 -0.9880 0.002000
811.00 C 20260810 -1.00 -1.00 0 0 0.1671 0.0110 0.001900
811.00 P 20260810 -1.00 -1.00 0 0 0.1593 -0.9887 0.001900
812.00 C 20260810 -1.00 -1.00 0 0 0.1710 0.0104 0.001700
812.00 P 20260810 -1.00 -1.00 0 0 0.2141 -0.9893 0.001800
815.00 C 20260810 -1.00 -1.00 2 0 0.1802 0.0090 0.001500
815.00 P 20260810 -1.00 -1.00 0 0 0.1728 -0.9908 0.001500
820.00 C 20260810 -1.00 -1.00 2 80 0.1968 0.0069 0.001100
820.00 P 20260810 -1.00 -1.00 0 1 0.2226 -0.9928 0.001100
825.00 C 20260810 -1.00 -1.00 0 17 0.2092 0.0055 0.000800
825.00 P 20260810 -1.00 -1.00 0 0 0.2024 -0.9942 0.000800
830.00 C 20260810 -1.00 -1.00 0 0 0.2269 0.0045 0.000600
830.00 P 20260810 -1.00 -1.00 0 0 0.2128 -0.9952 0.000600
835.00 C 20260810 -1.00 -1.00 0 0 0.2445 0.0037 0.000500
835.00 P 20260810 -1.00 -1.00 0 0 0.2376 -0.9960 0.000500
840.00 C 20260810 -1.00 -1.00 0 5 0.2528 0.0031 0.000400
840.00 P 20260810 -1.00 -1.00 0 0 0.2188 -0.9967 0.000400
845.00 C 20260810 -1.00 -1.00 0 0 0.2693 0.0026 0.000300
845.00 P 20260810 -1.00 -1.00 0 0 0.3150 -0.9972 0.000300
850.00 C 20260810 -1.00 -1.00 0 0 0.2856 0.0022 0.000300
850.00 P 20260810 -1.00 -1.00 0 0 0.2514 -0.9975 0.000300
855.00 C 20260810 -1.00 -1.00 0 0 0.2876 0.0019 0.000200
855.00 P 20260810 -1.00 -1.00 0 0 0.2577 -0.9979 0.000200
860.00 C 20260810 -1.00 -1.00 0 0 0.3030 0.0017 0.000200
860.00 P 20260810 -1.00 -1.00 0 0 0.2585 -0.9981 0.000200
865.00 C 20260810 -1.00 -1.00 0 0 0.3182 0.0014 0.000200
865.00 P 20260810 -1.00 -1.00 0 0 -1.0000 -0.9983 0.000200
682.00 C 20260811 -1.00 -1.00 0 0 0.3818 0.9967 0.000300
682.00 P 20260811 -1.00 -1.00 0 2 0.3510 -0.0031 0.000300
683.00 C 20260811 -1.00 -1.00 0 0 0.3651 0.9967 0.000300
683.00 P 20260811 -1.00 -1.00 0 0 0.3477 -0.0032 0.000300
684.00 C 20260811 -1.00 -1.00 0 0 0.3607 0.9966 0.000300
684.00 P 20260811 -1.00 -1.00 0 0 0.3552 -0.0033 0.000300
685.00 C 20260811 -1.00 -1.00 0 0 0.3562 0.9965 0.000300
685.00 P 20260811 -1.00 -1.00 0 8 0.3514 -0.0034 0.000300
686.00 C 20260811 -1.00 -1.00 0 0 0.3640 0.9964 0.000300
686.00 P 20260811 -1.00 -1.00 0 0 0.3476 -0.0035 0.000300
687.00 C 20260811 -1.00 -1.00 0 0 0.3596 0.9963 0.000300
687.00 P 20260811 -1.00 -1.00 0 0 0.3438 -0.0036 0.000300
688.00 C 20260811 -1.00 -1.00 0 0 0.3551 0.9962 0.000300
688.00 P 20260811 -1.00 -1.00 0 0 0.3401 -0.0037 0.000300
689.00 C 20260811 -1.00 -1.00 0 0 0.3469 0.9961 0.000300
689.00 P 20260811 -1.00 -1.00 0 0 0.3363 -0.0038 0.000300
690.00 C 20260811 -1.00 -1.00 0 0 0.3425 0.9960 0.000300
690.00 P 20260811 -1.00 -1.00 2 19 0.3325 -0.0039 0.000300
691.00 C 20260811 -1.00 -1.00 0 0 0.3380 0.9958 0.000400
691.00 P 20260811 -1.00 -1.00 0 0 0.3288 -0.0040 0.000400
692.00 C 20260811 -1.00 -1.00 0 0 0.3375 0.9957 0.000400
692.00 P 20260811 -1.00 -1.00 2 2 0.3250 -0.0041 0.000400
693.00 C 20260811 -1.00 -1.00 0 0 0.3366 0.9956 0.000400
693.00 P 20260811 -1.00 -1.00 0 62 0.3216 -0.0042 0.000400
694.00 C 20260811 -1.00 -1.00 0 0 0.3322 0.9955 0.000400
694.00 P 20260811 -1.00 -1.00 0 0 0.3263 -0.0044 0.000400
695.00 C 20260811 -1.00 -1.00 0 0 0.3278 0.9953 0.000400
695.00 P 20260811 -1.00 -1.00 2 17 0.3221 -0.0045 0.000400
696.00 C 20260811 -1.00 -1.00 0 0 0.3234 0.9952 0.000400
696.00 P 20260811 -1.00 -1.00 6 12 0.3182 -0.0046 0.000400
697.00 C 20260811 -1.00 -1.00 0 0 0.3255 0.9950 0.000400
697.00 P 20260811 -1.00 -1.00 0 0 0.3144 -0.0048 0.000400
698.00 C 20260811 -1.00 -1.00 0 0 0.3211 0.9949 0.000400
698.00 P 20260811 -1.00 -1.00 0 7 0.3106 -0.0050 0.000400
699.00 C 20260811 -1.00 -1.00 0 0 0.3197 0.9947 0.000500
699.00 P 20260811 -1.00 -1.00 0 1 0.3067 -0.0051 0.000500
700.00 C 20260811 -1.00 -1.00 0 1 0.3124 0.9946 0.000500
700.00 P 20260811 -1.00 -1.00 0 8 0.3029 -0.0053 0.000500
701.00 C 20260811 -1.00 -1.00 0 0 0.3080 0.9944 0.000500
701.00 P 20260811 -1.00 -1.00 0 2 0.3025 -0.0055 0.000500
702.00 C 20260811 -1.00 -1.00 0 0 0.3119 0.9942 0.000500
702.00 P 20260811 -1.00 -1.00 2 5 0.2986 -0.0056 0.000500
703.00 C 20260811 -1.00 -1.00 0 0 0.3050 0.9940 0.000600
703.00 P 20260811 -1.00 -1.00 0 1 0.2979 -0.0058 0.000600
704.00 C 20260811 -1.00 -1.00 0 0 0.3006 0.9938 0.000600
704.00 P 20260811 -1.00 -1.00 0 6 0.2940 -0.0060 0.000600
705.00 C 20260811 -1.00 -1.00 0 0 0.2963 0.9936 0.000600
705.00 P 20260811 -1.00 -1.00 0 9 0.2901 -0.0062 0.000600
706.00 C 20260811 -1.00 -1.00 0 0 0.2920 0.9934 0.000600
706.00 P 20260811 -1.00 -1.00 6 11 0.2895 -0.0064 0.000600
707.00 C 20260811 -1.00 -1.00 0 0 0.2926 0.9932 0.000600
707.00 P 20260811 -1.00 -1.00 0 0 0.2852 -0.0067 0.000600
708.00 C 20260811 -1.00 -1.00 0 0 0.2883 0.9929 0.000700
708.00 P 20260811 -1.00 -1.00 0 6 0.2812 -0.0070 0.000700
709.00 C 20260811 -1.00 -1.00 0 0 0.2862 0.9926 0.000700
709.00 P 20260811 -1.00 -1.00 0 13 0.2799 -0.0072 0.000700
710.00 C 20260811 -1.00 -1.00 0 0 0.2796 0.9924 0.000700
710.00 P 20260811 -1.00 -1.00 0 25 0.2759 -0.0075 0.000700
711.00 C 20260811 -1.00 -1.00 0 0 0.2776 0.9921 0.000800
711.00 P 20260811 -1.00 -1.00 0 41 0.2748 -0.0077 0.000800
712.00 C 20260811 -1.00 -1.00 0 0 0.2754 0.9918 0.000800
712.00 P 20260811 -1.00 -1.00 0 31 0.2704 -0.0081 0.000800
713.00 C 20260811 -1.00 -1.00 0 0 0.2731 0.9915 0.000800
713.00 P 20260811 -1.00 -1.00 0 13 0.2690 -0.0084 0.000800
714.00 C 20260811 -1.00 -1.00 0 0 0.2688 0.9911 0.000900
714.00 P 20260811 -1.00 -1.00 0 1 0.2646 -0.0087 0.000900
715.00 C 20260811 -1.00 -1.00 0 1 0.2664 0.9908 0.000900
715.00 P 20260811 -1.00 -1.00 0 72 0.2606 -0.0091 0.000900
716.00 C 20260811 -1.00 -1.00 0 0 0.2657 0.9904 0.001000
716.00 P 20260811 -1.00 -1.00 0 4 0.2587 -0.0095 0.001000
717.00 C 20260811 -1.00 -1.00 0 0 0.2630 0.9900 0.001000
717.00 P 20260811 -1.00 -1.00 0 26 0.2566 -0.0099 0.001000
718.00 C 20260811 -1.00 -1.00 0 1 0.2569 0.9896 0.001100
718.00 P 20260811 -1.00 -1.00 0 18 0.2525 -0.0103 0.001100
719.00 C 20260811 -1.00 -1.00 0 0 0.2559 0.9892 0.001100
719.00 P 20260811 -1.00 -1.00 0 2 0.2503 -0.0107 0.001100
720.00 C 20260811 -1.00 -1.00 0 6 0.2499 0.9887 0.001200
720.00 P 20260811 -1.00 -1.00 0 104 0.2484 -0.0112 0.001200
721.00 C 20260811 -1.00 -1.00 0 2 0.2545 0.9882 0.001200
721.00 P 20260811 -1.00 -1.00 0 11 0.2438 -0.0117 0.001200
722.00 C 20260811 -1.00 -1.00 0 0 0.2443 0.9876 0.001300
722.00 P 20260811 -1.00 -1.00 0 49 0.2413 -0.0122 0.001300
723.00 C 20260811 -1.00 -1.00 0 0 0.2442 0.9871 0.001400
723.00 P 20260811 -1.00 -1.00 0 28 0.2387 -0.0128 0.001400
724.00 C 20260811 -1.00 -1.00 0 2 0.2412 0.9865 0.001400
724.00 P 20260811 -1.00 -1.00 0 26 0.2348 -0.0134 0.001400
725.00 C 20260811 -1.00 -1.00 0 4 0.2367 0.9858 0.001500
725.00 P 20260811 -1.00 -1.00 0 48 0.2337 -0.0140 0.001500
726.00 C 20260811 -1.00 -1.00 0 0 0.2348 0.9851 0.001600
726.00 P 20260811 -1.00 -1.00 0 16 0.2290 -0.0148 0.001600
727.00 C 20260811 -1.00 -1.00 0 4 0.2303 0.9844 0.001700
727.00 P 20260811 -1.00 -1.00 0 30 0.2266 -0.0154 0.001700
728.00 C 20260811 -1.00 -1.00 0 17 0.2259 0.9836 0.001800
728.00 P 20260811 -1.00 -1.00 0 69 0.2235 -0.0163 0.001800
729.00 C 20260811 -1.00 -1.00 0 12 0.2238 0.9828 0.001900
729.00 P 20260811 -1.00 -1.00 2 47 0.2214 -0.0172 0.001900
730.00 C 20260811 -1.00 -1.00 0 2 0.2215 0.9818 0.002000
730.00 P 20260811 -1.00 -1.00 15 99 0.2187 -0.0180 0.002000
731.00 C 20260811 -1.00 -1.00 0 1 0.2191 0.9809 0.002100
731.00 P 20260811 -1.00 -1.00 0 66 0.2155 -0.0190 0.002100
732.00 C 20260811 -1.00 -1.00 0 3 0.2145 0.9798 0.002200
732.00 P 20260811 -1.00 -1.00 1 51 0.2133 -0.0200 0.002200
733.00 C 20260811 -1.00 -1.00 0 1 0.2481 0.9786 0.002400
733.00 P 20260811 -1.00 -1.00 0 61 0.2097 -0.0212 0.002400
734.00 C 20260811 -1.00 -1.00 0 19 0.2442 0.9774 0.002500
734.00 P 20260811 -1.00 -1.00 1 46 0.2075 -0.0224 0.002500
735.00 C 20260811 -1.00 -1.00 0 35 0.2082 0.9761 0.002700
735.00 P 20260811 -1.00 -1.00 0 182 0.2040 -0.0237 0.002700
736.00 C 20260811 -1.00 -1.00 0 1 0.2035 0.9746 0.002900
736.00 P 20260811 -1.00 -1.00 0 15 0.2013 -0.0252 0.002900
737.00 C 20260811 -1.00 -1.00 0 18 0.2005 0.9731 0.003100
737.00 P 20260811 -1.00 -1.00 0 3 0.1993 -0.0268 0.003100
738.00 C 20260811 -1.00 -1.00 0 14 0.1149 0.9714 0.003300
738.00 P 20260811 -1.00 -1.00 0 27 0.1961 -0.0286 0.003300
739.00 C 20260811 -1.00 -1.00 0 15 0.2236 0.9695 0.003500
739.00 P 20260811 -1.00 -1.00 0 18 0.1940 -0.0303 0.003500
740.00 C 20260811 -1.00 -1.00 0 3 0.1955 0.9675 0.003700
740.00 P 20260811 -1.00 -1.00 9 36 0.1906 -0.0324 0.003800
741.00 C 20260811 -1.00 -1.00 0 28 0.2198 0.9653 0.004000
741.00 P 20260811 -1.00 -1.00 0 23 0.1879 -0.0346 0.004000
742.00 C 20260811 -1.00 -1.00 0 21 0.1864 0.9629 0.004300
742.00 P 20260811 -1.00 -1.00 1 81 0.1859 -0.0370 0.004300
743.00 C 20260811 -1.00 -1.00 1 22 0.1758 0.9602 0.004600
743.00 P 20260811 -1.00 -1.00 0 9 0.1828 -0.0397 0.004600
744.00 C 20260811 -1.00 -1.00 0 163 0.1824 0.9574 0.004900
744.00 P 20260811 -1.00 -1.00 0 435 0.1804 -0.0425 0.004900
745.00 C 20260811 -1.00 -1.00 0 12 0.2050 0.9542 0.005300
745.00 P 20260811 -1.00 -1.00 4 25 0.1782 -0.0457 0.005300
746.00 C 20260811 -1.00 -1.00 0 72 0.2009 0.9507 0.005700
746.00 P 20260811 -1.00 -1.00 6 33 0.1756 -0.0492 0.005700
747.00 C 20260811 -1.00 -1.00 0 16 0.1978 0.9469 0.006100
747.00 P 20260811 -1.00 -1.00 0 416 0.1730 -0.0531 0.006200
748.00 C 20260811 -1.00 -1.00 0 10 0.1942 0.9428 0.006600
748.00 P 20260811 -1.00 -1.00 4 55 0.1706 -0.0572 0.006600
749.00 C 20260811 -1.00 -1.00 0 18 0.1668 0.9382 0.007100
749.00 P 20260811 -1.00 -1.00 0 20 0.1684 -0.0619 0.007100
750.00 C 20260811 -1.00 -1.00 0 66 0.1863 0.9331 0.007700
750.00 P 20260811 -1.00 -1.00 10 49 0.1661 -0.0668 0.007700
751.00 C 20260811 -1.00 -1.00 0 114 0.1836 0.9276 0.008300
751.00 P 20260811 -1.00 -1.00 7 67 0.1638 -0.0723 0.008300
752.00 C 20260811 -1.00 -1.00 0 21 0.1606 0.9215 0.008900
752.00 P 20260811 -1.00 -1.00 12 75 0.1617 -0.0786 0.009000
753.00 C 20260811 -1.00 -1.00 0 82 0.1541 0.9148 0.009600
753.00 P 20260811 -1.00 -1.00 3 29 0.1594 -0.0854 0.009700
754.00 C 20260811 -1.00 -1.00 0 34 0.1587 0.9074 0.010400
754.00 P 20260811 -1.00 -1.00 12 50 0.1574 -0.0924 0.010400
755.00 C 20260811 -1.00 -1.00 0 39 0.1520 0.8993 0.011200
755.00 P 20260811 -1.00 -1.00 174 1048 0.1552 -0.1009 0.011200
756.00 C 20260811 -1.00 -1.00 0 122 0.1549 0.8904 0.012100
756.00 P 20260811 -1.00 -1.00 24 118 0.1534 -0.1094 0.012100
757.00 C 20260811 -1.00 -1.00 0 60 0.1534 0.8807 0.013000
757.00 P 20260811 -1.00 -1.00 8 54 0.1512 -0.1192 0.013000
758.00 C 20260811 -1.00 -1.00 0 74 0.1476 0.8700 0.014000
758.00 P 20260811 -1.00 -1.00 3 58 0.1491 -0.1300 0.014000
759.00 C 20260811 -1.00 -1.00 0 197 0.1480 0.8581 0.015000
759.00 P 20260811 -1.00 -1.00 24 48 0.1474 -0.1416 0.015000
760.00 C 20260811 -1.00 -1.00 0 135 0.1459 0.8454 0.016200
760.00 P 20260811 -1.00 -1.00 22 74 0.1452 -0.1544 0.016200
761.00 C 20260811 -1.00 -1.00 0 106 0.1440 0.8313 0.017300
761.00 P 20260811 -1.00 -1.00 48 21 0.1434 -0.1684 0.017300
762.00 C 20260811 -1.00 -1.00 0 151 0.1424 0.8162 0.018500
762.00 P 20260811 -1.00 -1.00 29 29 0.1417 -0.1836 0.018500
763.00 C 20260811 -1.00 -1.00 0 138 0.1404 0.7994 0.019800
763.00 P 20260811 -1.00 -1.00 14 14 0.1400 -0.2002 0.019800
764.00 C 20260811 -1.00 -1.00 0 136 0.1386 0.7815 0.021100
764.00 P 20260811 -1.00 -1.00 23 10 0.1382 -0.2181 0.021000
765.00 C 20260811 -1.00 -1.00 0 93 0.1370 0.7621 0.022300
765.00 P 20260811 -1.00 -1.00 119 13 0.1366 -0.2377 0.022300
766.00 C 20260811 -1.00 -1.00 18 71 0.1354 0.7413 0.023600
766.00 P 20260811 -1.00 -1.00 6 17 0.1349 -0.2585 0.023600
767.00 C 20260811 -1.00 -1.00 21 91 0.1338 0.7190 0.024900
767.00 P 20260811 -1.00 -1.00 79 9 0.1335 -0.2808 0.024900
768.00 C 20260811 -1.00 -1.00 0 10 0.1323 0.6953 0.026200
768.00 P 20260811 -1.00 -1.00 2 52 0.1319 -0.3045 0.026200
769.00 C 20260811 -1.00 -1.00 17 118 0.1309 0.6705 0.027300
769.00 P 20260811 -1.00 -1.00 1 5 0.1305 -0.3293 0.027300
770.00 C 20260811 -1.00 -1.00 23 53 0.1296 0.6440 0.028400
770.00 P 20260811 -1.00 -1.00 16 38 0.1291 -0.3562 0.028500
771.00 C 20260811 -1.00 -1.00 2 17 0.1284 0.6158 0.029500
771.00 P 20260811 -1.00 -1.00 1 3 0.1279 -0.3841 0.029500
772.00 C 20260811 -1.00 -1.00 17 57 0.1270 0.5867 0.030300
772.00 P 20260811 -1.00 -1.00 11 10 0.1266 -0.4131 0.030300
773.00 C 20260811 -1.00 -1.00 18 37 0.1259 0.5566 0.031000
773.00 P 20260811 -1.00 -1.00 9 7 0.1255 -0.4432 0.031000
774.00 C 20260811 -1.00 -1.00 0 173 0.1248 0.5260 0.031600
774.00 P 20260811 -1.00 -1.00 27 12 0.1245 -0.4742 0.031600
775.00 C 20260811 -1.00 -1.00 22 130 0.1238 0.4940 0.031900
775.00 P 20260811 -1.00 -1.00 41 15 0.1235 -0.5058 0.031900
776.00 C 20260811 -1.00 -1.00 27 272 0.1228 0.4620 0.032000
776.00 P 20260811 -1.00 -1.00 1 13 0.1225 -0.5379 0.032000
777.00 C 20260811 -1.00 -1.00 1 370 0.1221 0.4298 0.031800
777.00 P 20260811 -1.00 -1.00 33 0 0.1216 -0.5700 0.031800
778.00 C 20260811 -1.00 -1.00 17 113 0.1212 0.3979 0.031400
778.00 P 20260811 -1.00 -1.00 1 0 0.1208 -0.6020 0.031400
779.00 C 20260811 -1.00 -1.00 17 12 0.1206 0.3664 0.030800
779.00 P 20260811 -1.00 -1.00 0 0 0.1202 -0.6335 0.030800
780.00 C 20260811 -1.00 -1.00 5 39 0.1199 0.3356 0.030000
780.00 P 20260811 -1.00 -1.00 1 0 0.1196 -0.6639 0.030000
781.00 C 20260811 -1.00 -1.00 41 46 0.1194 0.3058 0.029000
781.00 P 20260811 -1.00 -1.00 0 0 0.1189 -0.6937 0.029000
782.00 C 20260811 -1.00 -1.00 1 24 0.1190 0.2771 0.027700
782.00 P 20260811 -1.00 -1.00 0 0 0.1186 -0.7224 0.027800
783.00 C 20260811 -1.00 -1.00 3 14 0.1186 0.2498 0.026400
783.00 P 20260811 -1.00 -1.00 0 0 0.1183 -0.7497 0.026400
784.00 C 20260811 -1.00 -1.00 5 61 0.1184 0.2239 0.024900
784.00 P 20260811 -1.00 -1.00 0 0 0.1178 -0.7759 0.024900
785.00 C 20260811 -1.00 -1.00 5 38 0.1182 0.1997 0.023300
785.00 P 20260811 -1.00 -1.00 0 0 0.1177 -0.8001 0.023300
786.00 C 20260811 -1.00 -1.00 12 140 0.1181 0.1772 0.021700
786.00 P 20260811 -1.00 -1.00 0 0 0.1176 -0.8226 0.021700
787.00 C 20260811 -1.00 -1.00 1 66 0.1181 0.1568 0.020000
787.00 P 20260811 -1.00 -1.00 0 0 0.1174 -0.8433 0.020000
788.00 C 20260811 -1.00 -1.00 1 149 0.1180 0.1377 0.018400
788.00 P 20260811 -1.00 -1.00 0 0 0.1175 -0.8619 0.018400
789.00 C 20260811 -1.00 -1.00 6 341 0.1182 0.1208 0.016800
789.00 P 20260811 -1.00 -1.00 0 0 0.1177 -0.8790 0.016800
790.00 C 20260811 -1.00 -1.00 11 37 0.1187 0.1054 0.015200
790.00 P 20260811 -1.00 -1.00 0 0 0.1187 -0.8942 0.015200
791.00 C 20260811 -1.00 -1.00 0 0 0.1190 0.0919 0.013700
791.00 P 20260811 -1.00 -1.00 2 0 0.1175 -0.9077 0.013700
792.00 C 20260811 -1.00 -1.00 9 0 0.1198 0.0801 0.012300
792.00 P 20260811 -1.00 -1.00 0 0 0.1202 -0.9196 0.012300
793.00 C 20260811 -1.00 -1.00 11 0 0.1207 0.0699 0.011000
793.00 P 20260811 -1.00 -1.00 0 0 0.1212 -0.9298 0.011000
794.00 C 20260811 -1.00 -1.00 0 0 0.1213 0.0610 0.009800
794.00 P 20260811 -1.00 -1.00 0 0 0.1219 -0.9387 0.009900
795.00 C 20260811 -1.00 -1.00 20 104 0.1221 0.0535 0.008800
795.00 P 20260811 -1.00 -1.00 0 0 0.1243 -0.9462 0.008800
796.00 C 20260811 -1.00 -1.00 0 0 0.1234 0.0471 0.007900
796.00 P 20260811 -1.00 -1.00 0 0 0.1238 -0.9527 0.007900
797.00 C 20260811 -1.00 -1.00 8 0 0.1247 0.0417 0.007000
797.00 P 20260811 -1.00 -1.00 0 0 0.1258 -0.9581 0.007000
798.00 C 20260811 -1.00 -1.00 0 0 0.1263 0.0369 0.006300
798.00 P 20260811 -1.00 -1.00 0 0 0.1096 -0.9627 0.006300
799.00 C 20260811 -1.00 -1.00 0 0 0.1280 0.0331 0.005700
799.00 P 20260811 -1.00 -1.00 0 0 0.1443 -0.9666 0.005700
800.00 C 20260811 -1.00 -1.00 3 5 0.1299 0.0299 0.005200
800.00 P 20260811 -1.00 -1.00 0 4 0.1199 -0.9699 0.005200
801.00 C 20260811 -1.00 -1.00 0 0 0.1317 0.0272 0.004700
801.00 P 20260811 -1.00 -1.00 0 0 0.1561 -0.9726 0.004700
802.00 C 20260811 -1.00 -1.00 0 0 0.1334 0.0247 0.004200
802.00 P 20260811 -1.00 -1.00 0 0 0.1541 -0.9750 0.004300
803.00 C 20260811 -1.00 -1.00 0 0 0.1364 0.0227 0.003900
803.00 P 20260811 -1.00 -1.00 0 0 0.1262 -0.9771 0.003900
804.00 C 20260811 -1.00 -1.00 0 0 0.1382 0.0210 0.003600
804.00 P 20260811 -1.00 -1.00 0 0 0.1665 -0.9788 0.003600
805.00 C 20260811 -1.00 -1.00 0 22 0.1413 0.0194 0.003300
805.00 P 20260811 -1.00 -1.00 0 0 -1.0000 -0.9804 0.003300
806.00 C 20260811 -1.00 -1.00 0 0 0.1431 0.0180 0.003000
806.00 P 20260811 -1.00 -1.00 0 0 -1.0000 -0.9817 0.003000
807.00 C 20260811 -1.00 -1.00 0 0 0.1467 0.0168 0.002800
807.00 P 20260811 -1.00 -1.00 0 0 0.1419 -0.9829 0.002800
808.00 C 20260811 -1.00 -1.00 0 0 0.1495 0.0157 0.002600
808.00 P 20260811 -1.00 -1.00 0 0 -1.0000 -0.9840 0.002600
809.00 C 20260811 -1.00 -1.00 0 0 0.1519 0.0147 0.002400
809.00 P 20260811 -1.00 -1.00 0 0 0.1370 -0.9850 0.002400
810.00 C 20260811 -1.00 -1.00 0 12 0.1551 0.0140 0.002300
810.00 P 20260811 -1.00 -1.00 0 0 0.1431 -0.9858 0.002300
811.00 C 20260811 -1.00 -1.00 0 0 0.1578 0.0131 0.002100
811.00 P 20260811 -1.00 -1.00 0 0 -1.0000 -0.9867 0.002100
812.00 C 20260811 -1.00 -1.00 0 0 0.1599 0.0124 0.002000
812.00 P 20260811 -1.00 -1.00 0 0 0.1430 -0.9874 0.002000
815.00 C 20260811 -1.00 -1.00 0 0 0.1689 0.0105 0.001600
815.00 P 20260811 -1.00 -1.00 0 0 -1.0000 -0.9893 0.001600
820.00 C 20260811 -1.00 -1.00 0 0 0.1824 0.0082 0.001200
820.00 P 20260811 -1.00 -1.00 0 0 0.2068 -0.9916 0.001200
825.00 C 20260811 -1.00 -1.00 0 0 0.1970 0.0065 0.000900
825.00 P 20260811 -1.00 -1.00 0 0 0.1914 -0.9933 0.000900
830.00 C 20260811 -1.00 -1.00 0 1 0.2107 0.0053 0.000700
830.00 P 20260811 -1.00 -1.00 0 0 0.1892 -0.9945 0.000700
835.00 C 20260811 -1.00 -1.00 1 1 0.2232 0.0044 0.000600
835.00 P 20260811 -1.00 -1.00 0 0 0.2084 -0.9955 0.000600
840.00 C 20260811 -1.00 -1.00 0 0 0.2393 0.0036 0.000500
840.00 P 20260811 -1.00 -1.00 0 0 0.2040 -0.9962 0.000500
845.00 C 20260811 -1.00 -1.00 0 0 0.2463 0.0030 0.000400
845.00 P 20260811 -1.00 -1.00 0 0 0.2905 -0.9968 0.000400
850.00 C 20260811 -1.00 -1.00 0 30 0.2612 0.0026 0.000300
850.00 P 20260811 -1.00 -1.00 0 0 -1.0000 -0.9972 0.000300
855.00 C 20260811 -1.00 -1.00 0 0 0.2760 0.0022 0.000300
855.00 P 20260811 -1.00 -1.00 0 0 -1.0000 -0.9976 0.000300
860.00 C 20260811 -1.00 -1.00 0 0 0.2843 0.0019 0.000200
860.00 P 20260811 -1.00 -1.00 0 0 0.2688 -0.9979 0.000200
865.00 C 20260811 -1.00 -1.00 0 0 0.2908 0.0017 0.000200
865.00 P 20260811 -1.00 -1.00 0 0 -1.0000 -0.9982 0.000200
682.00 C 20260812 -1.00 -1.00 0 0 0.3654 0.9959 0.000300
682.00 P 20260812 -1.00 -1.00 0 0 0.3457 -0.0039 0.000300
683.00 C 20260812 -1.00 -1.00 0 0 0.3639 0.9958 0.000300
683.00 P 20260812 -1.00 -1.00 0 0 0.3419 -0.0040 0.000300
684.00 C 20260812 -1.00 -1.00 0 0 0.4423 0.9957 0.000300
684.00 P 20260812 -1.00 -1.00 0 0 0.3383 -0.0042 0.000300
685.00 C 20260812 -1.00 -1.00 0 0 0.4349 0.9956 0.000300
685.00 P 20260812 -1.00 -1.00 2 10 0.3347 -0.0043 0.000300
686.00 C 20260812 -1.00 -1.00 0 0 0.3539 0.9955 0.000400
686.00 P 20260812 -1.00 -1.00 0 0 0.3312 -0.0044 0.000400
687.00 C 20260812 -1.00 -1.00 0 0 0.3497 0.9953 0.000400
687.00 P 20260812 -1.00 -1.00 0 20 0.3278 -0.0045 0.000400
688.00 C 20260812 -1.00 -1.00 0 0 0.3455 0.9952 0.000400
688.00 P 20260812 -1.00 -1.00 0 0 0.3240 -0.0046 0.000400
689.00 C 20260812 -1.00 -1.00 0 0 0.3506 0.9951 0.000400
689.00 P 20260812 -1.00 -1.00 0 0 0.3276 -0.0048 0.000400
690.00 C 20260812 -1.00 -1.00 0 0 0.3371 0.9949 0.000400
690.00 P 20260812 -1.00 -1.00 3 648 0.3240 -0.0049 0.000400
691.00 C 20260812 -1.00 -1.00 0 0 0.3378 0.9948 0.000400
691.00 P 20260812 -1.00 -1.00 0 15 0.3204 -0.0050 0.000400
692.00 C 20260812 -1.00 -1.00 0 0 0.3336 0.9946 0.000400
692.00 P 20260812 -1.00 -1.00 0 5 0.3167 -0.0052 0.000400
693.00 C 20260812 -1.00 -1.00 0 0 0.3294 0.9945 0.000400
693.00 P 20260812 -1.00 -1.00 0 0 0.3131 -0.0053 0.000400
694.00 C 20260812 -1.00 -1.00 0 0 0.3252 0.9943 0.000500
694.00 P 20260812 -1.00 -1.00 0 0 0.3092 -0.0055 0.000500
695.00 C 20260812 -1.00 -1.00 0 0 0.3233 0.9942 0.000500
695.00 P 20260812 -1.00 -1.00 1 20 0.3058 -0.0057 0.000500
696.00 C 20260812 -1.00 -1.00 0 0 0.3213 0.9940 0.000500
696.00 P 20260812 -1.00 -1.00 0 0 0.3052 -0.0058 0.000500
697.00 C 20260812 -1.00 -1.00 0 0 0.3192 0.9938 0.000500
697.00 P 20260812 -1.00 -1.00 0 11 0.3015 -0.0060 0.000500
698.00 C 20260812 -1.00 -1.00 0 0 0.3151 0.9936 0.000500
698.00 P 20260812 -1.00 -1.00 0 26 0.3008 -0.0062 0.000500
699.00 C 20260812 -1.00 -1.00 0 0 0.3089 0.9934 0.000600
699.00 P 20260812 -1.00 -1.00 0 67 0.2968 -0.0064 0.000600
700.00 C 20260812 -1.00 -1.00 0 16 0.3087 0.9932 0.000600
700.00 P 20260812 -1.00 -1.00 5 29 0.2930 -0.0066 0.000600
701.00 C 20260812 -1.00 -1.00 0 0 0.3150 0.9930 0.000600
701.00 P 20260812 -1.00 -1.00 0 25 0.2897 -0.0068 0.000600
702.00 C 20260812 -1.00 -1.00 0 0 0.3023 0.9928 0.000600
702.00 P 20260812 -1.00 -1.00 0 25 0.2883 -0.0071 0.000600
703.00 C 20260812 -1.00 -1.00 0 0 0.2963 0.9925 0.000600
703.00 P 20260812 -1.00 -1.00 0 16 0.2844 -0.0073 0.000600
704.00 C 20260812 -1.00 -1.00 0 0 0.2958 0.9923 0.000700
704.00 P 20260812 -1.00 -1.00 0 41 0.2832 -0.0076 0.000700
705.00 C 20260812 -1.00 -1.00 0 0 0.3535 0.9920 0.000700
705.00 P 20260812 -1.00 -1.00 0 54 0.2793 -0.0078 0.000700
706.00 C 20260812 -1.00 -1.00 0 0 0.2875 0.9918 0.000700
706.00 P 20260812 -1.00 -1.00 0 51 0.2779 -0.0081 0.000700
707.00 C 20260812 -1.00 -1.00 0 0 0.2851 0.9915 0.000800
707.00 P 20260812 -1.00 -1.00 0 59 0.2742 -0.0084 0.000800
708.00 C 20260812 -1.00 -1.00 0 0 0.2826 0.9912 0.000800
708.00 P 20260812 -1.00 -1.00 0 31 0.2724 -0.0087 0.000800
709.00 C 20260812 -1.00 -1.00 0 0 0.2800 0.9908 0.000800
709.00 P 20260812 -1.00 -1.00 0 15 0.2686 -0.0090 0.000800
710.00 C 20260812 -1.00 -1.00 0 0 0.2759 0.9905 0.000900
710.00 P 20260812 -1.00 -1.00 0 110 0.2668 -0.0094 0.000900
711.00 C 20260812 -1.00 -1.00 0 0 0.2747 0.9902 0.000900
711.00 P 20260812 -1.00 -1.00 1 23 0.2628 -0.0097 0.000900
712.00 C 20260812 -1.00 -1.00 0 0 0.2691 0.9898 0.000900
712.00 P 20260812 -1.00 -1.00 1 59 0.2610 -0.0101 0.000900
713.00 C 20260812 -1.00 -1.00 0 0 0.2678 0.9894 0.001000
713.00 P 20260812 -1.00 -1.00 0 66 0.2572 -0.0104 0.001000
714.00 C 20260812 -1.00 -1.00 0 0 0.2650 0.9890 0.001000
714.00 P 20260812 -1.00 -1.00 0 149 0.2550 -0.0109 0.001000
715.00 C 20260812 -1.00 -1.00 0 0 0.2595 0.9885 0.001100
715.00 P 20260812 -1.00 -1.00 0 45 0.2528 -0.0113 0.001100
716.00 C 20260812 -1.00 -1.00 0 0 0.2580 0.9881 0.001100
716.00 P 20260812 -1.00 -1.00 0 46 0.2489 -0.0118 0.001100
717.00 C 20260812 -1.00 -1.00 0 1 0.2538 0.9876 0.001200
717.00 P 20260812 -1.00 -1.00 1 28 0.2464 -0.0123 0.001200
718.00 C 20260812 -1.00 -1.00 0 0 0.2534 0.9871 0.001200
718.00 P 20260812 -1.00 -1.00 0 110 0.2440 -0.0128 0.001200
719.00 C 20260812 -1.00 -1.00 0 1 0.2492 0.9865 0.001300
719.00 P 20260812 -1.00 -1.00 0 17 0.2417 -0.0134 0.001300
720.00 C 20260812 -1.00 -1.00 0 3 0.2462 0.9859 0.001400
720.00 P 20260812 -1.00 -1.00 1 196 0.2391 -0.0140 0.001400
721.00 C 20260812 -1.00 -1.00 0 0 0.2420 0.9853 0.001400
721.00 P 20260812 -1.00 -1.00 0 51 0.2354 -0.0145 0.001400
722.00 C 20260812 -1.00 -1.00 0 0 0.2840 0.9846 0.001500
722.00 P 20260812 -1.00 -1.00 0 9 0.2337 -0.0153 0.001500
723.00 C 20260812 -1.00 -1.00 0 0 0.2368 0.9839 0.001600
723.00 P 20260812 -1.00 -1.00 0 77 0.2309 -0.0160 0.001600
724.00 C 20260812 -1.00 -1.00 0 1 0.2346 0.9832 0.001700
724.00 P 20260812 -1.00 -1.00 0 22 0.2279 -0.0168 0.001700
725.00 C 20260812 -1.00 -1.00 0 1 0.2304 0.9824 0.001800
725.00 P 20260812 -1.00 -1.00 2 639 0.2250 -0.0176 0.001800
726.00 C 20260812 -1.00 -1.00 0 0 0.2280 0.9815 0.001800
726.00 P 20260812 -1.00 -1.00 0 44 0.2223 -0.0184 0.001800
727.00 C 20260812 -1.00 -1.00 0 12 0.2256 0.9806 0.002000
727.00 P 20260812 -1.00 -1.00 0 12 0.2200 -0.0194 0.002000
728.00 C 20260812 -1.00 -1.00 0 10 0.2231 0.9796 0.002100
728.00 P 20260812 -1.00 -1.00 0 28 0.2173 -0.0202 0.002100
729.00 C 20260812 -1.00 -1.00 0 2 0.2205 0.9785 0.002200
729.00 P 20260812 -1.00 -1.00 20 47 0.2152 -0.0213 0.002200
730.00 C 20260812 -1.00 -1.00 0 4 0.2178 0.9774 0.002300
730.00 P 20260812 -1.00 -1.00 0 58 0.2119 -0.0224 0.002300
731.00 C 20260812 -1.00 -1.00 0 0 0.2150 0.9762 0.002400
731.00 P 20260812 -1.00 -1.00 6 69 0.2095 -0.0237 0.002400
732.00 C 20260812 -1.00 -1.00 0 1 0.2113 0.9748 0.002600
732.00 P 20260812 -1.00 -1.00 0 35 0.2070 -0.0250 0.002600
733.00 C 20260812 -1.00 -1.00 0 2 0.2132 0.9734 0.002700
733.00 P 20260812 -1.00 -1.00 2 81 0.2044 -0.0264 0.002700
734.00 C 20260812 -1.00 -1.00 0 6 0.2061 0.9719 0.002900
734.00 P 20260812 -1.00 -1.00 0 16 0.2022 -0.0280 0.002900
735.00 C 20260812 -1.00 -1.00 20 27 0.2043 0.9702 0.003100
735.00 P 20260812 -1.00 -1.00 24 54 0.2002 -0.0296 0.003100
736.00 C 20260812 -1.00 -1.00 20 21 0.2010 0.9685 0.003300
736.00 P 20260812 -1.00 -1.00 0 39 0.1971 -0.0314 0.003300
737.00 C 20260812 -1.00 -1.00 6 15 0.1978 0.9665 0.003500
737.00 P 20260812 -1.00 -1.00 7 9 0.1948 -0.0333 0.003500
738.00 C 20260812 -1.00 -1.00 6 170 0.1956 0.9644 0.003700
738.00 P 20260812 -1.00 -1.00 0 28 0.1921 -0.0355 0.003700
739.00 C 20260812 -1.00 -1.00 0 20 0.1932 0.9622 0.004000
739.00 P 20260812 -1.00 -1.00 0 11 0.1900 -0.0378 0.004000
740.00 C 20260812 -1.00 -1.00 0 66 0.1907 0.9597 0.004200
740.00 P 20260812 -1.00 -1.00 5 353 0.1878 -0.0402 0.004200
741.00 C 20260812 -1.00 -1.00 0 12 0.1910 0.9570 0.004500
741.00 P 20260812 -1.00 -1.00 1 38 0.1853 -0.0429 0.004500
742.00 C 20260812 -1.00 -1.00 0 18 0.1885 0.9541 0.004800
742.00 P 20260812 -1.00 -1.00 5 21 0.1834 -0.0457 0.004800
743.00 C 20260812 -1.00 -1.00 0 4 0.1863 0.9509 0.005100
743.00 P 20260812 -1.00 -1.00 6 108 0.1809 -0.0490 0.005100
744.00 C 20260812 -1.00 -1.00 0 21 0.1844 0.9475 0.005500
744.00 P 20260812 -1.00 -1.00 2 8 0.1785 -0.0525 0.005500
745.00 C 20260812 -1.00 -1.00 3 64 0.1810 0.9437 0.005900
745.00 P 20260812 -1.00 -1.00 1 42 0.1763 -0.0563 0.005900
746.00 C 20260812 -1.00 -1.00 1 18 0.1791 0.9396 0.006300
746.00 P 20260812 -1.00 -1.00 1 15 0.1742 -0.0604 0.006300
747.00 C 20260812 -1.00 -1.00 0 9 0.1744 0.9352 0.006700
747.00 P 20260812 -1.00 -1.00 0 23 0.1720 -0.0648 0.006700
748.00 C 20260812 -1.00 -1.00 0 54 0.1721 0.9303 0.007200
748.00 P 20260812 -1.00 -1.00 8 29 0.1699 -0.0697 0.007200
749.00 C 20260812 -1.00 -1.00 0 4 0.1703 0.9250 0.007700
749.00 P 20260812 -1.00 -1.00 12 23 0.1679 -0.0750 0.007700
750.00 C 20260812 -1.00 -1.00 4 48 0.1685 0.9192 0.008200
750.00 P 20260812 -1.00 -1.00 12 41 0.1659 -0.0806 0.008200
751.00 C 20260812 -1.00 -1.00 0 14 0.1667 0.9130 0.008800
751.00 P 20260812 -1.00 -1.00 14 28 0.1641 -0.0872 0.008900
752.00 C 20260812 -1.00 -1.00 0 6 0.1668 0.9061 0.009500
752.00 P 20260812 -1.00 -1.00 14 52 0.1624 -0.0937 0.009500
753.00 C 20260812 -1.00 -1.00 0 32 0.1570 0.8986 0.010100
753.00 P 20260812 -1.00 -1.00 6 33 0.1600 -0.1015 0.010200
754.00 C 20260812 -1.00 -1.00 12 61 0.1607 0.8905 0.010800
754.00 P 20260812 -1.00 -1.00 7 23 0.1580 -0.1097 0.010900
755.00 C 20260812 -1.00 -1.00 3 50 0.1550 0.8817 0.011600
755.00 P 20260812 -1.00 -1.00 9 41 0.1562 -0.1185 0.011600
756.00 C 20260812 -1.00 -1.00 0 44 0.1569 0.8721 0.012400
756.00 P 20260812 -1.00 -1.00 13 21 0.1548 -0.1277 0.012400
757.00 C 20260812 -1.00 -1.00 4 112 0.1585 0.8617 0.013200
757.00 P 20260812 -1.00 -1.00 40 15 0.1530 -0.1383 0.013200
758.00 C 20260812 -1.00 -1.00 2 99 0.1511 0.8504 0.014100
758.00 P 20260812 -1.00 -1.00 28 20 0.1513 -0.1494 0.014100
759.00 C 20260812 -1.00 -1.00 0 35 0.1500 0.8382 0.015000
759.00 P 20260812 -1.00 -1.00 39 34 0.1496 -0.1617 0.015000
760.00 C 20260812 -1.00 -1.00 2 66 0.1489 0.8250 0.016000
760.00 P 20260812 -1.00 -1.00 261 646 0.1480 -0.1749 0.016000
761.00 C 20260812 -1.00 -1.00 0 62 0.1470 0.8107 0.017000
761.00 P 20260812 -1.00 -1.00 6 37 0.1464 -0.1891 0.017000
762.00 C 20260812 -1.00 -1.00 0 75 0.1454 0.7954 0.018000
762.00 P 20260812 -1.00 -1.00 210 19 0.1447 -0.2044 0.018000
763.00 C 20260812 -1.00 -1.00 0 32 0.1440 0.7788 0.019000
763.00 P 20260812 -1.00 -1.00 5 1 0.1432 -0.2211 0.019000
764.00 C 20260812 -1.00 -1.00 0 40 0.1424 0.7614 0.020000
764.00 P 20260812 -1.00 -1.00 24 5 0.1417 -0.2387 0.020000
765.00 C 20260812 -1.00 -1.00 2 99 0.1410 0.7424 0.021100
765.00 P 20260812 -1.00 -1.00 23 19 0.1402 -0.2574 0.021100
766.00 C 20260812 -1.00 -1.00 0 34 0.1395 0.7225 0.022100
766.00 P 20260812 -1.00 -1.00 10 32 0.1390 -0.2773 0.022100
767.00 C 20260812 -1.00 -1.00 3 71 0.1383 0.7015 0.023100
767.00 P 20260812 -1.00 -1.00 11 62 0.1374 -0.2984 0.023100
768.00 C 20260812 -1.00 -1.00 0 6 0.1370 0.6793 0.024000
768.00 P 20260812 -1.00 -1.00 8 10 0.1362 -0.3206 0.024000
769.00 C 20260812 -1.00 -1.00 1 19 0.1357 0.6560 0.025000
769.00 P 20260812 -1.00 -1.00 9 3 0.1350 -0.3438 0.025000
770.00 C 20260812 -1.00 -1.00 0 40 0.1345 0.6317 0.025800
770.00 P 20260812 -1.00 -1.00 9 21 0.1338 -0.3681 0.025800
771.00 C 20260812 -1.00 -1.00 0 31 0.1332 0.6067 0.026500
771.00 P 20260812 -1.00 -1.00 2 3 0.1328 -0.3934 0.026500
772.00 C 20260812 -1.00 -1.00 3 35 0.1321 0.5805 0.027200
772.00 P 20260812 -1.00 -1.00 8 9 0.1316 -0.4197 0.027200
773.00 C 20260812 -1.00 -1.00 1 15 0.1311 0.5535 0.027700
773.00 P 20260812 -1.00 -1.00 0 20 0.1307 -0.4466 0.027700
774.00 C 20260812 -1.00 -1.00 2 26 0.1302 0.5255 0.028100
774.00 P 20260812 -1.00 -1.00 8 0 0.1297 -0.4743 0.028100
775.00 C 20260812 -1.00 -1.00 2 209 0.1293 0.4974 0.028400
775.00 P 20260812 -1.00 -1.00 19 0 0.1286 -0.5025 0.028400
776.00 C 20260812 -1.00 -1.00 0 6 0.1284 0.4689 0.028500
776.00 P 20260812 -1.00 -1.00 16 0 0.1280 -0.5306 0.028500
777.00 C 20260812 -1.00 -1.00 0 362 0.1277 0.4402 0.028400
777.00 P 20260812 -1.00 -1.00 5 0 0.1271 -0.5596 0.028400
778.00 C 20260812 -1.00 -1.00 8 12 0.1269 0.4117 0.028200
778.00 P 20260812 -1.00 -1.00 15 0 0.1264 -0.5881 0.028200
779.00 C 20260812 -1.00 -1.00 6 128 0.1262 0.3835 0.027800
779.00 P 20260812 -1.00 -1.00 1 0 0.1257 -0.6163 0.027800
780.00 C 20260812 -1.00 -1.00 16 43 0.1257 0.3561 0.027200
780.00 P 20260812 -1.00 -1.00 51 0 0.1250 -0.6441 0.027200
781.00 C 20260812 -1.00 -1.00 4 51 0.1251 0.3286 0.026500
781.00 P 20260812 -1.00 -1.00 0 0 0.1245 -0.6712 0.026500
782.00 C 20260812 -1.00 -1.00 16 31 0.1247 0.3026 0.025600
782.00 P 20260812 -1.00 -1.00 3 1 0.1240 -0.6976 0.025600
783.00 C 20260812 -1.00 -1.00 1 51 0.1242 0.2768 0.024700
783.00 P 20260812 -1.00 -1.00 45 0 0.1235 -0.7227 0.024700
784.00 C 20260812 -1.00 -1.00 10 1 0.1238 0.2524 0.023600
784.00 P 20260812 -1.00 -1.00 3 0 0.1233 -0.7471 0.023600
785.00 C 20260812 -1.00 -1.00 16 59 0.1237 0.2292 0.022400
785.00 P 20260812 -1.00 -1.00 1 0 0.1232 -0.7703 0.022500
786.00 C 20260812 -1.00 -1.00 2 0 0.1234 0.2072 0.021200
786.00 P 20260812 -1.00 -1.00 0 0 0.1226 -0.7926 0.021200
787.00 C 20260812 -1.00 -1.00 4 30 0.1232 0.1868 0.020000
787.00 P 20260812 -1.00 -1.00 0 1 0.1224 -0.8133 0.019900
788.00 C 20260812 -1.00 -1.00 1 0 0.1231 0.1672 0.018600
788.00 P 20260812 -1.00 -1.00 0 0 0.1222 -0.8326 0.018600
789.00 C 20260812 -1.00 -1.00 7 3 0.1231 0.1495 0.017300
789.00 P 20260812 -1.00 -1.00 6 0 0.1223 -0.8505 0.017300
790.00 C 20260812 -1.00 -1.00 42 18 0.1230 0.1328 0.016000
790.00 P 20260812 -1.00 -1.00 0 0 0.1228 -0.8668 0.016000
791.00 C 20260812 -1.00 -1.00 2 0 0.1231 0.1178 0.014700
791.00 P 20260812 -1.00 -1.00 0 0 0.1233 -0.8818 0.014700
792.00 C 20260812 -1.00 -1.00 0 0 0.1233 0.1043 0.013500
792.00 P 20260812 -1.00 -1.00 1 0 0.1234 -0.8955 0.013500
793.00 C 20260812 -1.00 -1.00 4 0 0.1236 0.0921 0.012300
793.00 P 20260812 -1.00 -1.00 0 0 0.1170 -0.9078 0.012300
794.00 C 20260812 -1.00 -1.00 1 0 0.1238 0.0810 0.011100
794.00 P 20260812 -1.00 -1.00 0 0 0.1240 -0.9187 0.011100
795.00 C 20260812 -1.00 -1.00 5 1 0.1243 0.0715 0.010100
795.00 P 20260812 -1.00 -1.00 0 0 0.1232 -0.9283 0.010100
796.00 C 20260812 -1.00 -1.00 10 0 0.1246 0.0630 0.009100
796.00 P 20260812 -1.00 -1.00 0 0 0.1250 -0.9368 0.009100
797.00 C 20260812 -1.00 -1.00 1 0 0.1255 0.0556 0.008200
797.00 P 20260812 -1.00 -1.00 0 0 0.1256 -0.9442 0.008200
798.00 C 20260812 -1.00 -1.00 2 0 0.1264 0.0492 0.007400
798.00 P 20260812 -1.00 -1.00 0 0 0.1223 -0.9506 0.007400
799.00 C 20260812 -1.00 -1.00 2 0 0.1274 0.0435 0.006600
799.00 P 20260812 -1.00 -1.00 0 0 0.1228 -0.9561 0.006700
800.00 C 20260812 -1.00 -1.00 3 14 0.1284 0.0388 0.006000
800.00 P 20260812 -1.00 -1.00 0 1 0.1164 -0.9608 0.006000
801.00 C 20260812 -1.00 -1.00 1 0 0.1299 0.0350 0.005400
801.00 P 20260812 -1.00 -1.00 0 0 0.1218 -0.9648 0.005400
802.00 C 20260812 -1.00 -1.00 0 0 0.1314 0.0315 0.005000
802.00 P 20260812 -1.00 -1.00 0 0 0.1216 -0.9683 0.005000
803.00 C 20260812 -1.00 -1.00 4 0 0.1326 0.0286 0.004500
803.00 P 20260812 -1.00 -1.00 0 0 0.1246 -0.9712 0.004500
804.00 C 20260812 -1.00 -1.00 0 0 0.1342 0.0260 0.004100
804.00 P 20260812 -1.00 -1.00 0 0 0.1221 -0.9738 0.004100
805.00 C 20260812 -1.00 -1.00 17 0 0.1362 0.0239 0.003800
805.00 P 20260812 -1.00 -1.00 0 0 0.1246 -0.9759 0.003800
810.00 C 20260812 -1.00 -1.00 5 2 0.1463 0.0166 0.002600
810.00 P 20260812 -1.00 -1.00 0 1 -1.0000 -0.9832 0.002600
815.00 C 20260812 -1.00 -1.00 1 1 0.1594 0.0124 0.001800
815.00 P 20260812 -1.00 -1.00 0 0 0.1348 -0.9874 0.001800
820.00 C 20260812 -1.00 -1.00 0 0 0.1725 0.0097 0.001400
820.00 P 20260812 -1.00 -1.00 0 0 0.1354 -0.9901 0.001400
825.00 C 20260812 -1.00 -1.00 0 0 0.1864 0.0078 0.001100
825.00 P 20260812 -1.00 -1.00 0 0 0.1706 -0.9921 0.001100
830.00 C 20260812 -1.00 -1.00 1 24 0.1975 0.0063 0.000800
830.00 P 20260812 -1.00 -1.00 0 0 0.1802 -0.9935 0.000800
835.00 C 20260812 -1.00 -1.00 10 1 0.2126 0.0052 0.000700
835.00 P 20260812 -1.00 -1.00 0 0 0.1935 -0.9946 0.000700
840.00 C 20260812 -1.00 -1.00 0 29 0.2215 0.0044 0.000500
840.00 P 20260812 -1.00 -1.00 0 0 0.2000 -0.9955 0.000500
845.00 C 20260812 -1.00 -1.00 0 0 0.2360 0.0037 0.000400
845.00 P 20260812 -1.00 -1.00 0 0 0.2020 -0.9962 0.000400
850.00 C 20260812 -1.00 -1.00 0 23 0.2419 0.0031 0.000400
850.00 P 20260812 -1.00 -1.00 0 0 -1.0000 -0.9967 0.000400
855.00 C 20260812 -1.00 -1.00 0 0 0.2556 0.0027 0.000300
855.00 P 20260812 -1.00 -1.00 0 0 -1.0000 -0.9971 0.000300
860.00 C 20260812 -1.00 -1.00 0 0 0.2691 0.0023 0.000200
860.00 P 20260812 -1.00 -1.00 0 0 -1.0000 -0.9975 0.000200
865.00 C 20260812 -1.00 -1.00 0 0 0.2767 0.0020 0.000200
865.00 P 20260812 -1.00 -1.00 0 0 -1.0000 -0.9978 0.000200
684.00 C 20260813 -1.00 -1.00 0 0 0.3450 0.9947 0.000400
684.00 P 20260813 -1.00 -1.00 0 0 0.3303 -0.0051 0.000400
685.00 C 20260813 -1.00 -1.00 0 0 0.3410 0.9946 0.000400
685.00 P 20260813 -1.00 -1.00 0 10 0.3268 -0.0052 0.000400
686.00 C 20260813 -1.00 -1.00 0 0 0.3412 0.9945 0.000400
686.00 P 20260813 -1.00 -1.00 0 0 0.3204 -0.0054 0.000400
687.00 C 20260813 -1.00 -1.00 0 0 0.3372 0.9943 0.000400
687.00 P 20260813 -1.00 -1.00 0 0 0.3170 -0.0055 0.000400
688.00 C 20260813 -1.00 -1.00 0 0 0.3332 0.9942 0.000400
688.00 P 20260813 -1.00 -1.00 0 0 0.3136 -0.0057 0.000400
689.00 C 20260813 -1.00 -1.00 0 0 0.3292 0.9940 0.000400
689.00 P 20260813 -1.00 -1.00 0 5 0.3129 -0.0058 0.000400
690.00 C 20260813 -1.00 -1.00 0 0 0.3272 0.9938 0.000500
690.00 P 20260813 -1.00 -1.00 0 6 0.3095 -0.0060 0.000500
691.00 C 20260813 -1.00 -1.00 0 0 0.3250 0.9937 0.000500
691.00 P 20260813 -1.00 -1.00 0 1 0.3086 -0.0062 0.000500
692.00 C 20260813 -1.00 -1.00 0 0 0.3211 0.9935 0.000500
692.00 P 20260813 -1.00 -1.00 0 4 0.3051 -0.0064 0.000500
693.00 C 20260813 -1.00 -1.00 0 0 0.3171 0.9933 0.000500
693.00 P 20260813 -1.00 -1.00 0 4 0.3016 -0.0065 0.000500
694.00 C 20260813 -1.00 -1.00 0 0 0.3167 0.9931 0.000500
694.00 P 20260813 -1.00 -1.00 0 25 0.2981 -0.0067 0.000500
695.00 C 20260813 -1.00 -1.00 0 0 0.3208 0.9929 0.000600
695.00 P 20260813 -1.00 -1.00 2 18 0.2970 -0.0069 0.000600
696.00 C 20260813 -1.00 -1.00 0 0 0.3088 0.9927 0.000600
696.00 P 20260813 -1.00 -1.00 0 6 0.2937 -0.0071 0.000600
697.00 C 20260813 -1.00 -1.00 0 0 0.3065 0.9925 0.000600
697.00 P 20260813 -1.00 -1.00 0 5 0.2922 -0.0074 0.000600
698.00 C 20260813 -1.00 -1.00 0 0 0.3041 0.9923 0.000600
698.00 P 20260813 -1.00 -1.00 0 28 0.2887 -0.0076 0.000600
699.00 C 20260813 -1.00 -1.00 0 0 0.3002 0.9920 0.000600
699.00 P 20260813 -1.00 -1.00 0 1 0.2852 -0.0078 0.000600
700.00 C 20260813 -1.00 -1.00 0 0 0.2962 0.9918 0.000700
700.00 P 20260813 -1.00 -1.00 3 74 0.2837 -0.0081 0.000700
701.00 C 20260813 -1.00 -1.00 0 1 0.2953 0.9915 0.000700
701.00 P 20260813 -1.00 -1.00 6 9 0.2804 -0.0083 0.000700
702.00 C 20260813 -1.00 -1.00 0 0 0.2984 0.9912 0.000700
702.00 P 20260813 -1.00 -1.00 0 0 0.2786 -0.0086 0.000700
703.00 C 20260813 -1.00 -1.00 0 0 0.2874 0.9910 0.000800
703.00 P 20260813 -1.00 -1.00 0 10 0.2751 -0.0089 0.000800
704.00 C 20260813 -1.00 -1.00 0 0 0.2849 0.9906 0.000800
704.00 P 20260813 -1.00 -1.00 0 65 0.2733 -0.0092 0.000800
705.00 C 20260813 -1.00 -1.00 0 0 0.2824 0.9903 0.000800
705.00 P 20260813 -1.00 -1.00 0 88 0.2700 -0.0095 0.000800
706.00 C 20260813 -1.00 -1.00 0 0 0.2784 0.9900 0.000800
706.00 P 20260813 -1.00 -1.00 0 5 0.2679 -0.0098 0.000800
707.00 C 20260813 -1.00 -1.00 0 0 0.3214 0.9896 0.000900
707.00 P 20260813 -1.00 -1.00 0 5 0.2662 -0.0102 0.000900
708.00 C 20260813 -1.00 -1.00 0 0 0.2732 0.9893 0.000900
708.00 P 20260813 -1.00 -1.00 0 24 0.2624 -0.0106 0.000900
709.00 C 20260813 -1.00 -1.00 0 0 0.2705 0.9889 0.001000
709.00 P 20260813 -1.00 -1.00 0 14 0.2603 -0.0110 0.001000
710.00 C 20260813 -1.00 -1.00 0 0 0.2677 0.9885 0.001000
710.00 P 20260813 -1.00 -1.00 2 16 0.2568 -0.0113 0.001000
711.00 C 20260813 -1.00 -1.00 0 0 0.2650 0.9881 0.001000
711.00 P 20260813 -1.00 -1.00 0 6 0.2545 -0.0118 0.001000
712.00 C 20260813 -1.00 -1.00 0 0 0.2610 0.9876 0.001100
712.00 P 20260813 -1.00 -1.00 0 67 0.2523 -0.0122 0.001100
713.00 C 20260813 -1.00 -1.00 0 0 0.2593 0.9871 0.001100
713.00 P 20260813 -1.00 -1.00 0 22 0.2500 -0.0127 0.001100
714.00 C 20260813 -1.00 -1.00 0 0 0.2596 0.9866 0.001200
714.00 P 20260813 -1.00 -1.00 1 1 0.2466 -0.0132 0.001200
715.00 C 20260813 -1.00 -1.00 0 0 0.2586 0.9861 0.001200
715.00 P 20260813 -1.00 -1.00 1 25 0.2452 -0.0138 0.001200
716.00 C 20260813 -1.00 -1.00 0 0 0.2930 0.9855 0.001300
716.00 P 20260813 -1.00 -1.00 6 29 0.2417 -0.0143 0.001300
717.00 C 20260813 -1.00 -1.00 0 0 0.2476 0.9849 0.001400
717.00 P 20260813 -1.00 -1.00 0 2 0.2392 -0.0149 0.001400
718.00 C 20260813 -1.00 -1.00 0 0 0.2446 0.9843 0.001400
718.00 P 20260813 -1.00 -1.00 2 22 0.2367 -0.0155 0.001400
719.00 C 20260813 -1.00 -1.00 0 1 0.2415 0.9836 0.001500
719.00 P 20260813 -1.00 -1.00 16 31 0.2349 -0.0162 0.001500
720.00 C 20260813 -1.00 -1.00 0 0 0.2394 0.9829 0.001600
720.00 P 20260813 -1.00 -1.00 0 70 0.2322 -0.0170 0.001600
721.00 C 20260813 -1.00 -1.00 0 0 0.2422 0.9821 0.001600
721.00 P 20260813 -1.00 -1.00 0 6 0.2292 -0.0178 0.001600
722.00 C 20260813 -1.00 -1.00 0 1 0.2331 0.9813 0.001700
722.00 P 20260813 -1.00 -1.00 0 3 0.2269 -0.0185 0.001700
723.00 C 20260813 -1.00 -1.00 0 4 0.2307 0.9805 0.001800
723.00 P 20260813 -1.00 -1.00 2 4 0.2245 -0.0195 0.001800
724.00 C 20260813 -1.00 -1.00 0 2 0.2266 0.9796 0.001900
724.00 P 20260813 -1.00 -1.00 0 13 0.2219 -0.0203 0.001900
725.00 C 20260813 -1.00 -1.00 16 23 0.2250 0.9786 0.002000
725.00 P 20260813 -1.00 -1.00 16 70 0.2195 -0.0214 0.002000
726.00 C 20260813 -1.00 -1.00 16 19 0.2217 0.9775 0.002100
726.00 P 20260813 -1.00 -1.00 0 21 0.2173 -0.0224 0.002100
727.00 C 20260813 -1.00 -1.00 0 0 0.2191 0.9764 0.002200
727.00 P 20260813 -1.00 -1.00 0 8 0.2146 -0.0234 0.002200
728.00 C 20260813 -1.00 -1.00 0 12 0.2164 0.9752 0.002300
728.00 P 20260813 -1.00 -1.00 3 17 0.2123 -0.0246 0.002300
729.00 C 20260813 -1.00 -1.00 0 11 0.2136 0.9739 0.002400
729.00 P 20260813 -1.00 -1.00 0 17 0.2101 -0.0260 0.002500
730.00 C 20260813 -1.00 -1.00 0 4 0.2128 0.9726 0.002600
730.00 P 20260813 -1.00 -1.00 2 87 0.2078 -0.0274 0.002600
731.00 C 20260813 -1.00 -1.00 0 0 0.2099 0.9711 0.002700
731.00 P 20260813 -1.00 -1.00 2 32 0.2056 -0.0289 0.002800
732.00 C 20260813 -1.00 -1.00 0 6 0.2069 0.9695 0.002900
732.00 P 20260813 -1.00 -1.00 0 35 0.2028 -0.0305 0.002900
733.00 C 20260813 -1.00 -1.00 0 0 0.2061 0.9678 0.003100
733.00 P 20260813 -1.00 -1.00 0 34 0.2009 -0.0321 0.003100
734.00 C 20260813 -1.00 -1.00 0 1 0.2024 0.9660 0.003200
734.00 P 20260813 -1.00 -1.00 0 12 0.1986 -0.0339 0.003200
735.00 C 20260813 -1.00 -1.00 0 16 0.2033 0.9640 0.003400
735.00 P 20260813 -1.00 -1.00 2 23 0.1969 -0.0358 0.003400
736.00 C 20260813 -1.00 -1.00 0 0 0.2014 0.9619 0.003600
736.00 P 20260813 -1.00 -1.00 0 13 0.1938 -0.0379 0.003600
737.00 C 20260813 -1.00 -1.00 0 7 0.1974 0.9596 0.003900
737.00 P 20260813 -1.00 -1.00 0 5 0.1916 -0.0402 0.003900
738.00 C 20260813 -1.00 -1.00 0 6 0.1953 0.9572 0.004100
738.00 P 20260813 -1.00 -1.00 3 10 0.1903 -0.0427 0.004100
739.00 C 20260813 -1.00 -1.00 0 7 0.1908 0.9545 0.004400
739.00 P 20260813 -1.00 -1.00 0 34 0.1878 -0.0454 0.004400
740.00 C 20260813 -1.00 -1.00 0 3 0.1884 0.9516 0.004600
740.00 P 20260813 -1.00 -1.00 0 17 0.1852 -0.0483 0.004600
741.00 C 20260813 -1.00 -1.00 0 11 0.1860 0.9485 0.004900
741.00 P 20260813 -1.00 -1.00 4 11 0.1832 -0.0515 0.004900
742.00 C 20260813 -1.00 -1.00 0 6 0.1838 0.9452 0.005200
742.00 P 20260813 -1.00 -1.00 0 28 0.1814 -0.0547 0.005200
743.00 C 20260813 -1.00 -1.00 0 6 0.1839 0.9415 0.005600
743.00 P 20260813 -1.00 -1.00 0 16 0.1790 -0.0586 0.005600
744.00 C 20260813 -1.00 -1.00 0 154 0.1795 0.9376 0.005900
744.00 P 20260813 -1.00 -1.00 0 68 0.1772 -0.0623 0.005900
745.00 C 20260813 -1.00 -1.00 0 80 0.1772 0.9333 0.006300
745.00 P 20260813 -1.00 -1.00 8 28 0.1749 -0.0667 0.006300
746.00 C 20260813 -1.00 -1.00 0 36 0.1772 0.9287 0.006700
746.00 P 20260813 -1.00 -1.00 0 34 0.1730 -0.0712 0.006700
747.00 C 20260813 -1.00 -1.00 0 129 0.1735 0.9237 0.007200
747.00 P 20260813 -1.00 -1.00 0 6 0.1711 -0.0761 0.007200
748.00 C 20260813 -1.00 -1.00 0 35 0.1715 0.9184 0.007600
748.00 P 20260813 -1.00 -1.00 1 14 0.1693 -0.0815 0.007600
749.00 C 20260813 -1.00 -1.00 0 113 0.1693 0.9125 0.008100
749.00 P 20260813 -1.00 -1.00 0 27 0.1673 -0.0876 0.008100
750.00 C 20260813 -1.00 -1.00 0 195 0.1704 0.9062 0.008600
750.00 P 20260813 -1.00 -1.00 3 34 0.1654 -0.0936 0.008600
751.00 C 20260813 -1.00 -1.00 0 51 0.1683 0.8994 0.009200
751.00 P 20260813 -1.00 -1.00 0 20 0.1637 -0.1007 0.009200
752.00 C 20260813 -1.00 -1.00 10 76 0.1663 0.8921 0.009800
752.00 P 20260813 -1.00 -1.00 2 41 0.1619 -0.1081 0.009800
753.00 C 20260813 -1.00 -1.00 259 7019 0.1600 0.8842 0.010400
753.00 P 20260813 -1.00 -1.00 0 13 0.1601 -0.1157 0.010400
754.00 C 20260813 -1.00 -1.00 31 109 0.1586 0.8756 0.011100
754.00 P 20260813 -1.00 -1.00 0 21 0.1584 -0.1246 0.011100
755.00 C 20260813 -1.00 -1.00 253 6418 0.1552 0.8664 0.011800
755.00 P 20260813 -1.00 -1.00 6 91 0.1569 -0.1335 0.011800
756.00 C 20260813 -1.00 -1.00 25 766 0.1566 0.8564 0.012500
756.00 P 20260813 -1.00 -1.00 1 22 0.1553 -0.1434 0.012500
757.00 C 20260813 -1.00 -1.00 0 280 0.1533 0.8457 0.013200
757.00 P 20260813 -1.00 -1.00 107 513 0.1535 -0.1541 0.013200
758.00 C 20260813 -1.00 -1.00 14 107 0.1517 0.8342 0.014000
758.00 P 20260813 -1.00 -1.00 87 498 0.1521 -0.1656 0.014000
759.00 C 20260813 -1.00 -1.00 0 125 0.1501 0.8219 0.014800
759.00 P 20260813 -1.00 -1.00 2 8 0.1505 -0.1781 0.014900
760.00 C 20260813 -1.00 -1.00 12 134 0.1497 0.8085 0.015700
760.00 P 20260813 -1.00 -1.00 23 38 0.1489 -0.1911 0.015700
761.00 C 20260813 -1.00 -1.00 3 81 0.1481 0.7946 0.016500
761.00 P 20260813 -1.00 -1.00 0 16 0.1474 -0.2054 0.016500
762.00 C 20260813 -1.00 -1.00 1 139 0.1468 0.7793 0.017400
762.00 P 20260813 -1.00 -1.00 5 4 0.1460 -0.2205 0.017400
763.00 C 20260813 -1.00 -1.00 0 56 0.1451 0.7633 0.018300
763.00 P 20260813 -1.00 -1.00 2 3 0.1444 -0.2365 0.018300
764.00 C 20260813 -1.00 -1.00 0 45 0.1438 0.7463 0.019200
764.00 P 20260813 -1.00 -1.00 1 29 0.1433 -0.2533 0.019100
765.00 C 20260813 -1.00 -1.00 0 40 0.1422 0.7285 0.020000
765.00 P 20260813 -1.00 -1.00 8 5 0.1427 -0.2713 0.020000
766.00 C 20260813 -1.00 -1.00 0 81 0.1410 0.7094 0.020900
766.00 P 20260813 -1.00 -1.00 6 29 0.1406 -0.2902 0.020900
767.00 C 20260813 -1.00 -1.00 1 44 0.1397 0.6897 0.021700
767.00 P 20260813 -1.00 -1.00 3 11 0.1392 -0.3104 0.021700
768.00 C 20260813 -1.00 -1.00 0 45 0.1386 0.6686 0.022500
768.00 P 20260813 -1.00 -1.00 3 7 0.1380 -0.3310 0.022500
769.00 C 20260813 -1.00 -1.00 0 31 0.1373 0.6471 0.023200
769.00 P 20260813 -1.00 -1.00 1 0 0.1368 -0.3528 0.023200
770.00 C 20260813 -1.00 -1.00 0 77 0.1361 0.6244 0.023900
770.00 P 20260813 -1.00 -1.00 10 10 0.1357 -0.3757 0.023900
771.00 C 20260813 -1.00 -1.00 0 6 0.1351 0.6007 0.024500
771.00 P 20260813 -1.00 -1.00 17 10 0.1347 -0.3989 0.024500
772.00 C 20260813 -1.00 -1.00 1 9 0.1340 0.5764 0.025100
772.00 P 20260813 -1.00 -1.00 20 8 0.1336 -0.4231 0.025100
773.00 C 20260813 -1.00 -1.00 0 20 0.1331 0.5516 0.025500
773.00 P 20260813 -1.00 -1.00 4 3 0.1332 -0.4483 0.025500
774.00 C 20260813 -1.00 -1.00 0 26 0.1321 0.5261 0.025900
774.00 P 20260813 -1.00 -1.00 2 0 0.1318 -0.4734 0.025900
775.00 C 20260813 -1.00 -1.00 4 23 0.1311 0.5002 0.026100
775.00 P 20260813 -1.00 -1.00 4 16 0.1308 -0.4996 0.026100
776.00 C 20260813 -1.00 -1.00 4 6 0.1302 0.4744 0.026200
776.00 P 20260813 -1.00 -1.00 1 0 0.1300 -0.5258 0.026200
777.00 C 20260813 -1.00 -1.00 0 4 0.1295 0.4481 0.026200
777.00 P 20260813 -1.00 -1.00 2 1 0.1292 -0.5521 0.026200
778.00 C 20260813 -1.00 -1.00 0 4 0.1289 0.4215 0.026000
778.00 P 20260813 -1.00 -1.00 0 0 0.1286 -0.5784 0.026000
779.00 C 20260813 -1.00 -1.00 0 1 0.1284 0.3954 0.025700
779.00 P 20260813 -1.00 -1.00 0 0 0.1281 -0.6041 0.025700
780.00 C 20260813 -1.00 -1.00 11 55 0.1275 0.3700 0.025300
780.00 P 20260813 -1.00 -1.00 0 0 0.1274 -0.6302 0.025300
781.00 C 20260813 -1.00 -1.00 0 13 0.1273 0.3444 0.024800
781.00 P 20260813 -1.00 -1.00 0 1 0.1270 -0.6551 0.024800
782.00 C 20260813 -1.00 -1.00 2 14 0.1268 0.3200 0.024100
782.00 P 20260813 -1.00 -1.00 0 0 0.1265 -0.6798 0.024100
783.00 C 20260813 -1.00 -1.00 2 13 0.1260 0.2961 0.023400
783.00 P 20260813 -1.00 -1.00 1 0 0.1261 -0.7038 0.023400
784.00 C 20260813 -1.00 -1.00 0 35 0.1258 0.2729 0.022500
784.00 P 20260813 -1.00 -1.00 0 0 0.1256 -0.7269 0.022500
785.00 C 20260813 -1.00 -1.00 3 35 0.1254 0.2507 0.021600
785.00 P 20260813 -1.00 -1.00 0 0 0.1252 -0.7492 0.021600
786.00 C 20260813 -1.00 -1.00 7 36 0.1249 0.2294 0.020600
786.00 P 20260813 -1.00 -1.00 0 0 0.1248 -0.7707 0.020600
787.00 C 20260813 -1.00 -1.00 4 5 0.1247 0.2092 0.019600
787.00 P 20260813 -1.00 -1.00 1 0 0.1247 -0.7909 0.019600
788.00 C 20260813 -1.00 -1.00 4 1 0.1240 0.1900 0.018500
788.00 P 20260813 -1.00 -1.00 0 0 0.1244 -0.8098 0.018500
789.00 C 20260813 -1.00 -1.00 1 6 0.1250 0.1720 0.017400
789.00 P 20260813 -1.00 -1.00 0 0 0.1242 -0.8281 0.017400
790.00 C 20260813 -1.00 -1.00 1 6 0.1246 0.1552 0.016300
790.00 P 20260813 -1.00 -1.00 0 2 0.1242 -0.8449 0.016300
791.00 C 20260813 -1.00 -1.00 0 0 0.1248 0.1393 0.015200
791.00 P 20260813 -1.00 -1.00 0 0 0.1249 -0.8603 0.015200
792.00 C 20260813 -1.00 -1.00 1 0 0.1246 0.1251 0.014100
792.00 P 20260813 -1.00 -1.00 0 0 0.1247 -0.8747 0.014100
793.00 C 20260813 -1.00 -1.00 1 0 0.1245 0.1119 0.013000
793.00 P 20260813 -1.00 -1.00 0 0 0.1249 -0.8880 0.013000
794.00 C 20260813 -1.00 -1.00 0 0 0.1252 0.0998 0.012000
794.00 P 20260813 -1.00 -1.00 0 0 0.1250 -0.9000 0.012000
795.00 C 20260813 -1.00 -1.00 3 1 0.1252 0.0888 0.011000
795.00 P 20260813 -1.00 -1.00 0 0 0.1250 -0.9109 0.011000
796.00 C 20260813 -1.00 -1.00 5 0 0.1257 0.0792 0.010000
796.00 P 20260813 -1.00 -1.00 0 0 0.1252 -0.9207 0.010000
797.00 C 20260813 -1.00 -1.00 0 0 0.1261 0.0703 0.009200
797.00 P 20260813 -1.00 -1.00 0 0 0.1253 -0.9294 0.009200
798.00 C 20260813 -1.00 -1.00 0 0 0.1266 0.0627 0.008300
798.00 P 20260813 -1.00 -1.00 0 0 0.1228 -0.9372 0.008300
799.00 C 20260813 -1.00 -1.00 0 0 0.1270 0.0559 0.007600
799.00 P 20260813 -1.00 -1.00 0 0 0.1234 -0.9440 0.007600
800.00 C 20260813 -1.00 -1.00 150 97 0.1282 0.0499 0.006900
800.00 P 20260813 -1.00 -1.00 0 1 0.1189 -0.9499 0.006900
801.00 C 20260813 -1.00 -1.00 0 0 0.1287 0.0446 0.006200
801.00 P 20260813 -1.00 -1.00 0 0 0.1222 -0.9552 0.006300
802.00 C 20260813 -1.00 -1.00 5 0 0.1295 0.0402 0.005700
802.00 P 20260813 -1.00 -1.00 0 0 0.1238 -0.9597 0.005700
803.00 C 20260813 -1.00 -1.00 0 0 0.1312 0.0362 0.005200
803.00 P 20260813 -1.00 -1.00 0 0 0.1230 -0.9636 0.005200
804.00 C 20260813 -1.00 -1.00 0 0 0.1326 0.0328 0.004700
804.00 P 20260813 -1.00 -1.00 0 0 0.1205 -0.9670 0.004700
805.00 C 20260813 -1.00 -1.00 0 0 0.1338 0.0299 0.004300
805.00 P 20260813 -1.00 -1.00 0 0 0.1171 -0.9699 0.004300
810.00 C 20260813 -1.00 -1.00 2 0 0.1427 0.0202 0.002900
810.00 P 20260813 -1.00 -1.00 0 0 0.1259 -0.9797 0.002900
815.00 C 20260813 -1.00 -1.00 0 0 0.1530 0.0149 0.002100
815.00 P 20260813 -1.00 -1.00 0 0 0.1288 -0.9849 0.002100
820.00 C 20260813 -1.00 -1.00 0 1 0.1659 0.0116 0.001600
820.00 P 20260813 -1.00 -1.00 0 0 0.1256 -0.9882 0.001600
825.00 C 20260813 -1.00 -1.00 0 0 0.1781 0.0093 0.001200
825.00 P 20260813 -1.00 -1.00 0 0 0.2062 -0.9905 0.001200
830.00 C 20260813 -1.00 -1.00 0 0 0.1893 0.0076 0.001000
830.00 P 20260813 -1.00 -1.00 0 0 -1.0000 -0.9922 0.001000
835.00 C 20260813 -1.00 -1.00 0 0 0.2015 0.0063 0.000800
835.00 P 20260813 -1.00 -1.00 0 0 -1.0000 -0.9935 0.000800
840.00 C 20260813 -1.00 -1.00 0 0 0.2131 0.0053 0.000600
840.00 P 20260813 -1.00 -1.00 0 0 0.1950 -0.9945 0.000600
845.00 C 20260813 -1.00 -1.00 0 0 0.2209 0.0045 0.000500
845.00 P 20260813 -1.00 -1.00 0 0 -1.0000 -0.9953 0.000500
850.00 C 20260813 -1.00 -1.00 0 0 0.2343 0.0038 0.000400
850.00 P 20260813 -1.00 -1.00 0 0 -1.0000 -0.9960 0.000400
855.00 C 20260813 -1.00 -1.00 0 0 0.2393 0.0033 0.000400
855.00 P 20260813 -1.00 -1.00 0 0 -1.0000 -0.9965 0.000400
860.00 C 20260813 -1.00 -1.00 0 0 0.2518 0.0029 0.000300
860.00 P 20260813 -1.00 -1.00 0 0 -1.0000 -0.9969 0.000300
865.00 C 20260813 -1.00 -1.00 0 0 0.2644 0.0025 0.000300
865.00 P 20260813 -1.00 -1.00 0 0 -1.0000 -0.9973 0.000300
682.00 C 20260814 -1.00 -1.00 0 4 0.3600 0.9939 0.000400
682.00 P 20260814 -1.00 -1.00 0 3 0.3214 -0.0059 0.000400
683.00 C 20260814 -1.00 -1.00 0 0 0.3490 0.9938 0.000400
683.00 P 20260814 -1.00 -1.00 0 21 0.3179 -0.0061 0.000400
684.00 C 20260814 -1.00 -1.00 0 0 0.3465 0.9936 0.000400
684.00 P 20260814 -1.00 -1.00 0 13 0.3173 -0.0062 0.000400
685.00 C 20260814 -1.00 -1.00 0 1 0.3411 0.9935 0.000500
685.00 P 20260814 -1.00 -1.00 1 188 0.3139 -0.0064 0.000500
686.00 C 20260814 -1.00 -1.00 0 0 0.3401 0.9933 0.000500
686.00 P 20260814 -1.00 -1.00 0 1 0.3108 -0.0065 0.000500
687.00 C 20260814 -1.00 -1.00 0 4 0.3361 0.9932 0.000500
687.00 P 20260814 -1.00 -1.00 0 1 0.3096 -0.0067 0.000500
688.00 C 20260814 -1.00 -1.00 0 0 0.3336 0.9930 0.000500
688.00 P 20260814 -1.00 -1.00 0 20 0.3063 -0.0068 0.000500
689.00 C 20260814 -1.00 -1.00 0 0 0.3283 0.9928 0.000500
689.00 P 20260814 -1.00 -1.00 0 5 0.3028 -0.0071 0.000500
690.00 C 20260814 -1.00 -1.00 0 18 0.3284 0.9926 0.000500
690.00 P 20260814 -1.00 -1.00 0 148 0.3017 -0.0073 0.000500
691.00 C 20260814 -1.00 -1.00 0 0 0.3245 0.9924 0.000600
691.00 P 20260814 -1.00 -1.00 0 10 0.2984 -0.0075 0.000600
692.00 C 20260814 -1.00 -1.00 0 0 0.3206 0.9922 0.000600
692.00 P 20260814 -1.00 -1.00 0 15 0.2952 -0.0076 0.000600
693.00 C 20260814 -1.00 -1.00 0 1 0.3192 0.9920 0.000600
693.00 P 20260814 -1.00 -1.00 0 8 0.2937 -0.0079 0.000600
694.00 C 20260814 -1.00 -1.00 0 0 0.3141 0.9917 0.000600
694.00 P 20260814 -1.00 -1.00 0 22 0.2902 -0.0082 0.000600
695.00 C 20260814 -1.00 -1.00 0 15 0.3102 0.9915 0.000600
695.00 P 20260814 -1.00 -1.00 5 658 0.2889 -0.0084 0.000600
696.00 C 20260814 -1.00 -1.00 0 0 0.3087 0.9913 0.000700
696.00 P 20260814 -1.00 -1.00 0 23 0.2855 -0.0085 0.000700
697.00 C 20260814 -1.00 -1.00 0 0 0.3048 0.9910 0.000700
697.00 P 20260814 -1.00 -1.00 0 22 0.2839 -0.0089 0.000700
698.00 C 20260814 -1.00 -1.00 0 0 0.3009 0.9907 0.000700
698.00 P 20260814 -1.00 -1.00 0 14 0.2805 -0.0092 0.000700
699.00 C 20260814 -1.00 -1.00 0 0 0.3005 0.9905 0.000700
699.00 P 20260814 -1.00 -1.00 1 4 0.2788 -0.0094 0.000700
700.00 C 20260814 -1.00 -1.00 0 7 0.2966 0.9902 0.000800
700.00 P 20260814 -1.00 -1.00 9 698 0.2754 -0.0096 0.000800
701.00 C 20260814 -1.00 -1.00 0 0 0.2916 0.9899 0.000800
701.00 P 20260814 -1.00 -1.00 0 24 0.2737 -0.0099 0.000800
702.00 C 20260814 -1.00 -1.00 0 0 0.2899 0.9895 0.000800
702.00 P 20260814 -1.00 -1.00 0 13 0.2703 -0.0103 0.000800
703.00 C 20260814 -1.00 -1.00 0 0 0.2860 0.9892 0.000800
703.00 P 20260814 -1.00 -1.00 0 8 0.2683 -0.0106 0.000800
704.00 C 20260814 -1.00 -1.00 0 0 0.2893 0.9888 0.000900
704.00 P 20260814 -1.00 -1.00 1 17 0.2650 -0.0109 0.000900
705.00 C 20260814 -1.00 -1.00 0 16 0.2804 0.9885 0.000900
705.00 P 20260814 -1.00 -1.00 7 14931 0.2629 -0.0113 0.000900
706.00 C 20260814 -1.00 -1.00 0 0 0.2795 0.9881 0.001000
706.00 P 20260814 -1.00 -1.00 0 23 0.2608 -0.0117 0.001000
707.00 C 20260814 -1.00 -1.00 0 0 0.2746 0.9877 0.001000
707.00 P 20260814 -1.00 -1.00 0 33 0.2587 -0.0121 0.001000
708.00 C 20260814 -1.00 -1.00 0 0 0.2726 0.9872 0.001000
708.00 P 20260814 -1.00 -1.00 0 43 0.2554 -0.0125 0.001000
709.00 C 20260814 -1.00 -1.00 0 5 0.2687 0.9868 0.001100
709.00 P 20260814 -1.00 -1.00 0 252 0.2530 -0.0130 0.001100
710.00 C 20260814 -1.00 -1.00 0 2 0.2676 0.9863 0.001100
710.00 P 20260814 -1.00 -1.00 5 490 0.2507 -0.0135 0.001100
711.00 C 20260814 -1.00 -1.00 0 0 0.2637 0.9858 0.001200
711.00 P 20260814 -1.00 -1.00 0 61 0.2484 -0.0140 0.001200
712.00 C 20260814 -1.00 -1.00 0 0 0.2606 0.9853 0.001200
712.00 P 20260814 -1.00 -1.00 0 718 0.2460 -0.0145 0.001200
713.00 C 20260814 -1.00 -1.00 0 0 0.2576 0.9847 0.001300
713.00 P 20260814 -1.00 -1.00 0 181 0.2436 -0.0151 0.001300
714.00 C 20260814 -1.00 -1.00 0 1 0.2537 0.9841 0.001300
714.00 P 20260814 -1.00 -1.00 0 60 0.2412 -0.0157 0.001300
715.00 C 20260814 -1.00 -1.00 0 2 0.2562 0.9835 0.001400
715.00 P 20260814 -1.00 -1.00 2 3378 0.2386 -0.0163 0.001400
716.00 C 20260814 -1.00 -1.00 0 2 0.2499 0.9828 0.001400
716.00 P 20260814 -1.00 -1.00 245 271 0.2362 -0.0169 0.001400
717.00 C 20260814 -1.00 -1.00 0 0 0.2467 0.9822 0.001500
717.00 P 20260814 -1.00 -1.00 0 23 0.2344 -0.0177 0.001500
718.00 C 20260814 -1.00 -1.00 0 0 0.2435 0.9814 0.001600
718.00 P 20260814 -1.00 -1.00 0 70 0.2318 -0.0184 0.001600
719.00 C 20260814 -1.00 -1.00 0 2 0.2403 0.9806 0.001600
719.00 P 20260814 -1.00 -1.00 5 134 0.2290 -0.0192 0.001600
720.00 C 20260814 -1.00 -1.00 1 23 0.2378 0.9798 0.001700
720.00 P 20260814 -1.00 -1.00 7 469 0.2271 -0.0200 0.001700
721.00 C 20260814 -1.00 -1.00 0 1 0.2345 0.9789 0.001800
721.00 P 20260814 -1.00 -1.00 0 32 0.2252 -0.0209 0.001800
722.00 C 20260814 -1.00 -1.00 0 10 0.2326 0.9780 0.001900
722.00 P 20260814 -1.00 -1.00 0 40 0.2223 -0.0219 0.001900
723.00 C 20260814 -1.00 -1.00 0 5 0.2293 0.9770 0.002000
723.00 P 20260814 -1.00 -1.00 0 37 0.2201 -0.0229 0.002000
724.00 C 20260814 -1.00 -1.00 0 8 0.2525 0.9759 0.002100
724.00 P 20260814 -1.00 -1.00 1 43 0.2173 -0.0239 0.002100
725.00 C 20260814 -1.00 -1.00 0 43 0.2542 0.9748 0.002200
725.00 P 20260814 -1.00 -1.00 510 1110 0.2150 -0.0250 0.002200
726.00 C 20260814 -1.00 -1.00 0 18 0.2233 0.9736 0.002300
726.00 P 20260814 -1.00 -1.00 0 79 0.2132 -0.0263 0.002300
727.00 C 20260814 -1.00 -1.00 0 7 0.2193 0.9723 0.002400
727.00 P 20260814 -1.00 -1.00 0 481 0.2114 -0.0276 0.002400
728.00 C 20260814 -1.00 -1.00 0 14 0.2169 0.9709 0.002600
728.00 P 20260814 -1.00 -1.00 0 74 0.2089 -0.0290 0.002600
729.00 C 20260814 -1.00 -1.00 0 15 0.2144 0.9694 0.002700
729.00 P 20260814 -1.00 -1.00 5 47 0.2063 -0.0304 0.002700
730.00 C 20260814 -1.00 -1.00 0 22 0.2129 0.9679 0.002800
730.00 P 20260814 -1.00 -1.00 4 560 0.2047 -0.0320 0.002800
731.00 C 20260814 -1.00 -1.00 0 9 0.2093 0.9662 0.003000
731.00 P 20260814 -1.00 -1.00 0 363 0.2020 -0.0337 0.003000
732.00 C 20260814 -1.00 -1.00 0 9 0.2066 0.9644 0.003200
732.00 P 20260814 -1.00 -1.00 7 337 0.2002 -0.0355 0.003200
733.00 C 20260814 -1.00 -1.00 0 10 0.2043 0.9625 0.003300
733.00 P 20260814 -1.00 -1.00 0 244 0.1980 -0.0373 0.003300
734.00 C 20260814 -1.00 -1.00 0 12 0.2211 0.9604 0.003500
734.00 P 20260814 -1.00 -1.00 0 503 0.1955 -0.0394 0.003500
735.00 C 20260814 -1.00 -1.00 0 14 0.2007 0.9582 0.003700
735.00 P 20260814 -1.00 -1.00 6 327 0.1934 -0.0416 0.003700
736.00 C 20260814 -1.00 -1.00 0 15 0.1972 0.9558 0.003900
736.00 P 20260814 -1.00 -1.00 1 67 0.1916 -0.0440 0.003900
737.00 C 20260814 -1.00 -1.00 0 13 0.1953 0.9532 0.004200
737.00 P 20260814 -1.00 -1.00 15 41 0.1895 -0.0467 0.004200
738.00 C 20260814 -1.00 -1.00 0 30 0.1948 0.9505 0.004400
738.00 P 20260814 -1.00 -1.00 0 177 0.1872 -0.0493 0.004400
739.00 C 20260814 -1.00 -1.00 0 16 0.1904 0.9475 0.004700
739.00 P 20260814 -1.00 -1.00 0 80 0.1852 -0.0524 0.004700
740.00 C 20260814 -1.00 -1.00 3 89 0.1909 0.9444 0.004900
740.00 P 20260814 -1.00 -1.00 20 269 0.1832 -0.0556 0.005000
741.00 C 20260814 -1.00 -1.00 0 22 0.1861 0.9409 0.005200
741.00 P 20260814 -1.00 -1.00 0 51 0.1813 -0.0589 0.005200
742.00 C 20260814 -1.00 -1.00 0 43 0.1845 0.9372 0.005500
742.00 P 20260814 -1.00 -1.00 5 52 0.1795 -0.0627 0.005600
743.00 C 20260814 -1.00 -1.00 0 36 0.1842 0.9333 0.005900
743.00 P 20260814 -1.00 -1.00 0 37 0.1776 -0.0665 0.005900
744.00 C 20260814 -1.00 -1.00 0 26 0.1825 0.9290 0.006200
744.00 P 20260814 -1.00 -1.00 4 32 0.1758 -0.0710 0.006200
745.00 C 20260814 -1.00 -1.00 0 61 0.1781 0.9244 0.006600
745.00 P 20260814 -1.00 -1.00 23 145 0.1738 -0.0754 0.006600
746.00 C 20260814 -1.00 -1.00 0 22 0.1764 0.9195 0.007000
746.00 P 20260814 -1.00 -1.00 8 153 0.1720 -0.0806 0.007000
747.00 C 20260814 -1.00 -1.00 0 36 0.1744 0.9141 0.007400
747.00 P 20260814 -1.00 -1.00 8 31 0.1703 -0.0859 0.007400
748.00 C 20260814 -1.00 -1.00 0 25 0.1735 0.9084 0.007900
748.00 P 20260814 -1.00 -1.00 0 22 0.1685 -0.0914 0.007900
749.00 C 20260814 -1.00 -1.00 0 192 0.1709 0.9023 0.008400
749.00 P 20260814 -1.00 -1.00 100 245 0.1665 -0.0975 0.008400
750.00 C 20260814 -1.00 -1.00 2 178 0.1602 0.8957 0.008900
750.00 P 20260814 -1.00 -1.00 49 210 0.1650 -0.1041 0.008900
751.00 C 20260814 -1.00 -1.00 0 32 0.1689 0.8886 0.009400
751.00 P 20260814 -1.00 -1.00 6 24 0.1634 -0.1116 0.009400
752.00 C 20260814 -1.00 -1.00 0 64 0.1676 0.8810 0.009900
752.00 P 20260814 -1.00 -1.00 33 55 0.1613 -0.1188 0.009900
753.00 C 20260814 -1.00 -1.00 0 107 0.1614 0.8728 0.010500
753.00 P 20260814 -1.00 -1.00 2 31 0.1600 -0.1270 0.010500
754.00 C 20260814 -1.00 -1.00 2 3040 0.1571 0.8640 0.011100
754.00 P 20260814 -1.00 -1.00 2 16 0.1581 -0.1358 0.011100
755.00 C 20260814 -1.00 -1.00 4 55 0.1567 0.8546 0.011800
755.00 P 20260814 -1.00 -1.00 278 595 0.1567 -0.1452 0.011800
756.00 C 20260814 -1.00 -1.00 2 77 0.1579 0.8446 0.012400
756.00 P 20260814 -1.00 -1.00 137 74 0.1551 -0.1552 0.012400
757.00 C 20260814 -1.00 -1.00 0 38 0.1549 0.8338 0.013100
757.00 P 20260814 -1.00 -1.00 28 38 0.1541 -0.1660 0.013100
758.00 C 20260814 -1.00 -1.00 20 101 0.1533 0.8223 0.013800
758.00 P 20260814 -1.00 -1.00 6 70 0.1524 -0.1776 0.013800
759.00 C 20260814 -1.00 -1.00 14 100 0.1519 0.8101 0.014600
759.00 P 20260814 -1.00 -1.00 163 25 0.1511 -0.1897 0.014600
760.00 C 20260814 -1.00 -1.00 1 426 0.1513 0.7969 0.015300
760.00 P 20260814 -1.00 -1.00 243 217 0.1495 -0.2029 0.015300
761.00 C 20260814 -1.00 -1.00 0 61 0.1500 0.7830 0.016000
761.00 P 20260814 -1.00 -1.00 1 17 0.1480 -0.2166 0.016000
762.00 C 20260814 -1.00 -1.00 21 77 0.1486 0.7685 0.016800
762.00 P 20260814 -1.00 -1.00 14 16 0.1467 -0.2313 0.016800
763.00 C 20260814 -1.00 -1.00 0 68 0.1470 0.7529 0.017600
763.00 P 20260814 -1.00 -1.00 2 8 0.1457 -0.2469 0.017600
764.00 C 20260814 -1.00 -1.00 0 63 0.1457 0.7363 0.018300
764.00 P 20260814 -1.00 -1.00 3 32 0.1441 -0.2633 0.018300
765.00 C 20260814 -1.00 -1.00 13 148 0.1443 0.7190 0.019100
765.00 P 20260814 -1.00 -1.00 25 123 0.1429 -0.2805 0.019100
766.00 C 20260814 -1.00 -1.00 1 32 0.1430 0.7010 0.019800
766.00 P 20260814 -1.00 -1.00 4 17 0.1418 -0.2986 0.019800
767.00 C 20260814 -1.00 -1.00 3 136 0.1417 0.6820 0.020500
767.00 P 20260814 -1.00 -1.00 0 39 0.1404 -0.3178 0.020500
768.00 C 20260814 -1.00 -1.00 12 68 0.1406 0.6625 0.021200
768.00 P 20260814 -1.00 -1.00 2 8 0.1392 -0.3376 0.021200
769.00 C 20260814 -1.00 -1.00 1 45 0.1394 0.6417 0.021900
769.00 P 20260814 -1.00 -1.00 3 26 0.1382 -0.3581 0.021900
770.00 C 20260814 -1.00 -1.00 14 93 0.1382 0.6204 0.022500
770.00 P 20260814 -1.00 -1.00 31 111 0.1376 -0.3794 0.022500
771.00 C 20260814 -1.00 -1.00 2 67 0.1372 0.5983 0.023000
771.00 P 20260814 -1.00 -1.00 0 21 0.1359 -0.4012 0.023000
772.00 C 20260814 -1.00 -1.00 2 104 0.1363 0.5757 0.023500
772.00 P 20260814 -1.00 -1.00 4 22 0.1350 -0.4238 0.023500
773.00 C 20260814 -1.00 -1.00 18 319 0.1350 0.5524 0.023900
773.00 P 20260814 -1.00 -1.00 14 10 0.1339 -0.4471 0.023900
774.00 C 20260814 -1.00 -1.00 2 64 0.1343 0.5286 0.024200
774.00 P 20260814 -1.00 -1.00 20 11 0.1332 -0.4709 0.024200
775.00 C 20260814 -1.00 -1.00 22 149 0.1331 0.5044 0.024400
775.00 P 20260814 -1.00 -1.00 24 13 0.1320 -0.4953 0.024400
776.00 C 20260814 -1.00 -1.00 5 219 0.1323 0.4803 0.024500
776.00 P 20260814 -1.00 -1.00 16 3 0.1313 -0.5198 0.024500
777.00 C 20260814 -1.00 -1.00 17 49 0.1315 0.4554 0.024500
777.00 P 20260814 -1.00 -1.00 2 4 0.1305 -0.5444 0.024500
778.00 C 20260814 -1.00 -1.00 19 20 0.1307 0.4311 0.024400
778.00 P 20260814 -1.00 -1.00 3 0 0.1297 -0.5691 0.024400
779.00 C 20260814 -1.00 -1.00 19 57 0.1300 0.4065 0.024200
779.00 P 20260814 -1.00 -1.00 30 2 0.1291 -0.5936 0.024200
780.00 C 20260814 -1.00 -1.00 93 121 0.1294 0.3822 0.023900
780.00 P 20260814 -1.00 -1.00 28 3 0.1285 -0.6179 0.023900
781.00 C 20260814 -1.00 -1.00 0 29 0.1292 0.3580 0.023500
781.00 P 20260814 -1.00 -1.00 1 0 0.1279 -0.6418 0.023500
782.00 C 20260814 -1.00 -1.00 4 29 0.1295 0.3346 0.023000
782.00 P 20260814 -1.00 -1.00 0 1 0.1274 -0.6652 0.023000
783.00 C 20260814 -1.00 -1.00 6 506 0.1279 0.3120 0.022400
783.00 P 20260814 -1.00 -1.00 6 0 0.1268 -0.6881 0.022400
784.00 C 20260814 -1.00 -1.00 9 32 0.1272 0.2894 0.021700
784.00 P 20260814 -1.00 -1.00 0 8 0.1265 -0.7104 0.021700
785.00 C 20260814 -1.00 -1.00 25 51 0.1271 0.2682 0.021000
785.00 P 20260814 -1.00 -1.00 0 9 0.1261 -0.7316 0.021000
786.00 C 20260814 -1.00 -1.00 2 9 0.1269 0.2475 0.020200
786.00 P 20260814 -1.00 -1.00 0 0 0.1257 -0.7523 0.020200
787.00 C 20260814 -1.00 -1.00 0 40 0.1267 0.2276 0.019300
787.00 P 20260814 -1.00 -1.00 0 0 0.1255 -0.7722 0.019300
788.00 C 20260814 -1.00 -1.00 24 440 0.1268 0.2084 0.018400
788.00 P 20260814 -1.00 -1.00 4 0 0.1251 -0.7912 0.018400
789.00 C 20260814 -1.00 -1.00 1 12 0.1266 0.1904 0.017400
789.00 P 20260814 -1.00 -1.00 0 0 0.1247 -0.8092 0.017400
790.00 C 20260814 -1.00 -1.00 21 549 0.1265 0.1734 0.016400
790.00 P 20260814 -1.00 -1.00 3 0 0.1244 -0.8264 0.016400
791.00 C 20260814 -1.00 -1.00 5 13 0.1263 0.1575 0.015500
791.00 P 20260814 -1.00 -1.00 0 0 0.1286 -0.8421 0.015500
792.00 C 20260814 -1.00 -1.00 4 44 0.1264 0.1427 0.014500
792.00 P 20260814 -1.00 -1.00 0 0 0.1250 -0.8570 0.014500
793.00 C 20260814 -1.00 -1.00 2 5 0.1260 0.1289 0.013500
793.00 P 20260814 -1.00 -1.00 0 0 0.1246 -0.8709 0.013500
794.00 C 20260814 -1.00 -1.00 0 105 0.1264 0.1159 0.012600
794.00 P 20260814 -1.00 -1.00 0 0 0.1248 -0.8837 0.012600
795.00 C 20260814 -1.00 -1.00 5 624 0.1264 0.1042 0.011600
795.00 P 20260814 -1.00 -1.00 0 0 0.1239 -0.8955 0.011600
796.00 C 20260814 -1.00 -1.00 16 26 0.1264 0.0935 0.010700
796.00 P 20260814 -1.00 -1.00 0 0 0.1237 -0.9062 0.010700
797.00 C 20260814 -1.00 -1.00 0 15 0.1266 0.0839 0.009900
797.00 P 20260814 -1.00 -1.00 0 0 0.1247 -0.9159 0.009900
798.00 C 20260814 -1.00 -1.00 16 21 0.1269 0.0751 0.009100
798.00 P 20260814 -1.00 -1.00 0 0 0.1212 -0.9247 0.009100
799.00 C 20260814 -1.00 -1.00 7 16 0.1274 0.0672 0.008300
799.00 P 20260814 -1.00 -1.00 0 0 0.1187 -0.9326 0.008300
800.00 C 20260814 -1.00 -1.00 177 152 0.1279 0.0602 0.007600
800.00 P 20260814 -1.00 -1.00 0 2 0.1215 -0.9396 0.007600
801.00 C 20260814 -1.00 -1.00 0 11 0.1281 0.0540 0.006900
801.00 P 20260814 -1.00 -1.00 0 0 0.1216 -0.9458 0.006900
802.00 C 20260814 -1.00 -1.00 41 16 0.1288 0.0486 0.006300
802.00 P 20260814 -1.00 -1.00 0 0 0.1171 -0.9512 0.006300
803.00 C 20260814 -1.00 -1.00 6 5 0.1301 0.0436 0.005800
803.00 P 20260814 -1.00 -1.00 0 0 0.1160 -0.9560 0.005800
804.00 C 20260814 -1.00 -1.00 1 45 0.1310 0.0394 0.005300
804.00 P 20260814 -1.00 -1.00 0 0 0.1160 -0.9602 0.005300
805.00 C 20260814 -1.00 -1.00 18 28 0.1320 0.0359 0.004800
805.00 P 20260814 -1.00 -1.00 0 0 0.1164 -0.9639 0.004800
806.00 C 20260814 -1.00 -1.00 0 0 0.1329 0.0326 0.004400
806.00 P 20260814 -1.00 -1.00 0 0 0.1215 -0.9671 0.004500
807.00 C 20260814 -1.00 -1.00 0 0 0.1344 0.0299 0.004100
807.00 P 20260814 -1.00 -1.00 0 0 0.1215 -0.9698 0.004100
808.00 C 20260814 -1.00 -1.00 7 0 0.1359 0.0275 0.003800
808.00 P 20260814 -1.00 -1.00 0 0 0.1102 -0.9723 0.003800
809.00 C 20260814 -1.00 -1.00 0 0 0.1372 0.0254 0.003500
809.00 P 20260814 -1.00 -1.00 0 0 0.1208 -0.9744 0.003500
810.00 C 20260814 -1.00 -1.00 9 141 0.1384 0.0235 0.003200
810.00 P 20260814 -1.00 -1.00 0 0 0.0958 -0.9762 0.003200
811.00 C 20260814 -1.00 -1.00 5 0 0.1401 0.0219 0.003000
811.00 P 20260814 -1.00 -1.00 0 0 0.1164 -0.9778 0.003000
812.00 C 20260814 -1.00 -1.00 0 0 0.1423 0.0205 0.002800
812.00 P 20260814 -1.00 -1.00 0 0 -1.0000 -0.9792 0.002800
813.00 C 20260814 -1.00 -1.00 1 0 0.1438 0.0192 0.002600
813.00 P 20260814 -1.00 -1.00 0 0 0.1209 -0.9805 0.002600
814.00 C 20260814 -1.00 -1.00 0 0 0.1459 0.0182 0.002500
814.00 P 20260814 -1.00 -1.00 0 0 0.1191 -0.9816 0.002500
815.00 C 20260814 -1.00 -1.00 0 98 0.1482 0.0171 0.002300
815.00 P 20260814 -1.00 -1.00 0 0 -1.0000 -0.9826 0.002300
816.00 C 20260814 -1.00 -1.00 4 0 0.1501 0.0162 0.002200
816.00 P 20260814 -1.00 -1.00 0 0 0.1191 -0.9836 0.002200
817.00 C 20260814 -1.00 -1.00 0 0 0.1522 0.0154 0.002000
817.00 P 20260814 -1.00 -1.00 0 0 0.1112 -0.9844 0.002000
818.00 C 20260814 -1.00 -1.00 0 0 0.1541 0.0147 0.001900
818.00 P 20260814 -1.00 -1.00 0 0 0.1031 -0.9851 0.001900
819.00 C 20260814 -1.00 -1.00 0 0 0.1559 0.0140 0.001800
819.00 P 20260814 -1.00 -1.00 0 0 -1.0000 -0.9858 0.001800
820.00 C 20260814 -1.00 -1.00 48 568 0.1588 0.0133 0.001700
820.00 P 20260814 -1.00 -1.00 0 0 -1.0000 -0.9865 0.001700
825.00 C 20260814 -1.00 -1.00 0 24 0.1693 0.0107 0.001400
825.00 P 20260814 -1.00 -1.00 0 0 -1.0000 -0.9891 0.001400
830.00 C 20260814 -1.00 -1.00 0 33 0.1816 0.0088 0.001100
830.00 P 20260814 -1.00 -1.00 0 0 -1.0000 -0.9910 0.001100
835.00 C 20260814 -1.00 -1.00 0 1 0.1918 0.0073 0.000900
835.00 P 20260814 -1.00 -1.00 0 0 -1.0000 -0.9925 0.000900
840.00 C 20260814 -1.00 -1.00 0 10 0.2031 0.0062 0.000700
840.00 P 20260814 -1.00 -1.00 0 0 -1.0000 -0.9936 0.000700
845.00 C 20260814 -1.00 -1.00 0 0 0.2138 0.0052 0.000600
845.00 P 20260814 -1.00 -1.00 0 0 -1.0000 -0.9946 0.000600
850.00 C 20260814 -1.00 -1.00 0 2 0.2206 0.0045 0.000500
850.00 P 20260814 -1.00 -1.00 0 0 -1.0000 -0.9953 0.000500
855.00 C 20260814 -1.00 -1.00 3 0 0.2330 0.0039 0.000400
855.00 P 20260814 -1.00 -1.00 0 0 -1.0000 -0.9959 0.000400
860.00 C 20260814 -1.00 -1.00 5 0 0.2376 0.0034 0.000300
860.00 P 20260814 -1.00 -1.00 0 1 -1.0000 -0.9964 0.000300
865.00 C 20260814 -1.00 -1.00 0 0 0.2492 0.0030 0.000300
865.00 P 20260814 -1.00 -1.00 0 0 -1.0000 -0.9968 0.000300
685.00 C 20260817 -1.00 -1.00 0 0 0.2911 0.9923 0.000500
685.00 P 20260817 -1.00 -1.00 0 12 0.2804 -0.0075 0.000500
689.00 C 20260817 -1.00 -1.00 0 0 0.2814 0.9915 0.000600
689.00 P 20260817 -1.00 -1.00 0 0 0.2719 -0.0084 0.000600
690.00 C 20260817 -1.00 -1.00 0 0 0.2793 0.9913 0.000600
690.00 P 20260817 -1.00 -1.00 0 42 0.2686 -0.0086 0.000600
691.00 C 20260817 -1.00 -1.00 0 0 0.2759 0.9910 0.000600
691.00 P 20260817 -1.00 -1.00 0 0 0.2660 -0.0088 0.000600
692.00 C 20260817 -1.00 -1.00 0 0 0.2749 0.9908 0.000600
692.00 P 20260817 -1.00 -1.00 0 0 0.2644 -0.0091 0.000600
693.00 C 20260817 -1.00 -1.00 0 0 0.2715 0.9905 0.000700
693.00 P 20260817 -1.00 -1.00 0 0 0.2629 -0.0093 0.000700
694.00 C 20260817 -1.00 -1.00 0 0 0.2693 0.9903 0.000700
694.00 P 20260817 -1.00 -1.00 0 0 0.2597 -0.0096 0.000700
695.00 C 20260817 -1.00 -1.00 0 0 0.2671 0.9900 0.000700
695.00 P 20260817 -1.00 -1.00 0 67 0.2570 -0.0099 0.000700
696.00 C 20260817 -1.00 -1.00 0 0 0.2637 0.9897 0.000700
696.00 P 20260817 -1.00 -1.00 0 0 0.2552 -0.0102 0.000700
697.00 C 20260817 -1.00 -1.00 0 0 0.2625 0.9894 0.000800
697.00 P 20260817 -1.00 -1.00 0 6 0.2536 -0.0105 0.000800
698.00 C 20260817 -1.00 -1.00 0 0 0.2591 0.9891 0.000800
698.00 P 20260817 -1.00 -1.00 0 0 0.2506 -0.0108 0.000800
699.00 C 20260817 -1.00 -1.00 0 0 0.2568 0.9887 0.000800
699.00 P 20260817 -1.00 -1.00 0 0 0.2489 -0.0111 0.000800
700.00 C 20260817 -1.00 -1.00 0 0 0.2544 0.9884 0.000800
700.00 P 20260817 -1.00 -1.00 10 22 0.2470 -0.0115 0.000900
701.00 C 20260817 -1.00 -1.00 0 0 0.2596 0.9880 0.000900
701.00 P 20260817 -1.00 -1.00 0 0 0.2453 -0.0118 0.000900
702.00 C 20260817 -1.00 -1.00 0 0 0.2496 0.9876 0.000900
702.00 P 20260817 -1.00 -1.00 0 3 0.2419 -0.0123 0.000900
703.00 C 20260817 -1.00 -1.00 0 0 0.2472 0.9872 0.001000
703.00 P 20260817 -1.00 -1.00 0 9 0.2400 -0.0127 0.001000
704.00 C 20260817 -1.00 -1.00 0 0 0.2448 0.9868 0.001000
704.00 P 20260817 -1.00 -1.00 0 0 0.2382 -0.0131 0.001000
705.00 C 20260817 -1.00 -1.00 0 0 0.2423 0.9864 0.001000
705.00 P 20260817 -1.00 -1.00 0 22 0.2362 -0.0135 0.001000
706.00 C 20260817 -1.00 -1.00 0 0 0.2398 0.9859 0.001100
706.00 P 20260817 -1.00 -1.00 0 0 0.2343 -0.0140 0.001100
707.00 C 20260817 -1.00 -1.00 0 0 0.2373 0.9854 0.001100
707.00 P 20260817 -1.00 -1.00 0 0 0.2321 -0.0145 0.001100
708.00 C 20260817 -1.00 -1.00 0 0 0.2356 0.9849 0.001200
708.00 P 20260817 -1.00 -1.00 0 100 0.2300 -0.0150 0.001200
709.00 C 20260817 -1.00 -1.00 0 0 0.2331 0.9844 0.001200
709.00 P 20260817 -1.00 -1.00 0 0 0.2278 -0.0155 0.001200
710.00 C 20260817 -1.00 -1.00 0 2 0.2305 0.9838 0.001200
710.00 P 20260817 -1.00 -1.00 3 102 0.2256 -0.0161 0.001200
711.00 C 20260817 -1.00 -1.00 0 0 0.2287 0.9832 0.001300
711.00 P 20260817 -1.00 -1.00 0 11 0.2233 -0.0167 0.001300
712.00 C 20260817 -1.00 -1.00 0 0 0.2268 0.9826 0.001400
712.00 P 20260817 -1.00 -1.00 0 7 0.2208 -0.0174 0.001400
713.00 C 20260817 -1.00 -1.00 0 0 0.2234 0.9819 0.001400
713.00 P 20260817 -1.00 -1.00 0 4 0.2185 -0.0180 0.001400
714.00 C 20260817 -1.00 -1.00 0 0 0.2214 0.9812 0.001500
714.00 P 20260817 -1.00 -1.00 0 6 0.2169 -0.0188 0.001500
715.00 C 20260817 -1.00 -1.00 0 2 0.2194 0.9804 0.001500
715.00 P 20260817 -1.00 -1.00 24 663 0.2145 -0.0195 0.001600
716.00 C 20260817 -1.00 -1.00 0 0 0.2174 0.9796 0.001600
716.00 P 20260817 -1.00 -1.00 0 10 0.2130 -0.0202 0.001600
717.00 C 20260817 -1.00 -1.00 0 0 0.2184 0.9788 0.001700
717.00 P 20260817 -1.00 -1.00 0 7 0.2106 -0.0211 0.001700
718.00 C 20260817 -1.00 -1.00 0 0 0.2162 0.9779 0.001800
718.00 P 20260817 -1.00 -1.00 0 19 0.2085 -0.0220 0.001800
719.00 C 20260817 -1.00 -1.00 0 0 0.2109 0.9770 0.001800
719.00 P 20260817 -1.00 -1.00 0 39 0.2066 -0.0230 0.001800
720.00 C 20260817 -1.00 -1.00 0 2 0.2092 0.9760 0.001900
720.00 P 20260817 -1.00 -1.00 2 145 0.2047 -0.0240 0.001900
721.00 C 20260817 -1.00 -1.00 0 0 0.2069 0.9750 0.002000
721.00 P 20260817 -1.00 -1.00 0 12 0.2026 -0.0250 0.002000
722.00 C 20260817 -1.00 -1.00 0 0 0.2045 0.9738 0.002100
722.00 P 20260817 -1.00 -1.00 0 5 0.2006 -0.0261 0.002100
723.00 C 20260817 -1.00 -1.00 0 0 0.2058 0.9727 0.002200
723.00 P 20260817 -1.00 -1.00 0 19 0.1988 -0.0272 0.002200
724.00 C 20260817 -1.00 -1.00 0 0 0.2007 0.9714 0.002300
724.00 P 20260817 -1.00 -1.00 0 20 0.1968 -0.0286 0.002300
725.00 C 20260817 -1.00 -1.00 0 21 0.1972 0.9701 0.002400
725.00 P 20260817 -1.00 -1.00 1 48 0.1947 -0.0298 0.002400
726.00 C 20260817 -1.00 -1.00 0 19 0.1961 0.9686 0.002600
726.00 P 20260817 -1.00 -1.00 0 8 0.1931 -0.0312 0.002600
727.00 C 20260817 -1.00 -1.00 0 10 0.1930 0.9671 0.002700
727.00 P 20260817 -1.00 -1.00 0 2 0.1908 -0.0329 0.002700
728.00 C 20260817 -1.00 -1.00 0 11 0.1913 0.9655 0.002800
728.00 P 20260817 -1.00 -1.00 0 36 0.1897 -0.0343 0.002800
729.00 C 20260817 -1.00 -1.00 0 1 0.1904 0.9638 0.003000
729.00 P 20260817 -1.00 -1.00 0 15 0.1872 -0.0361 0.003000
730.00 C 20260817 -1.00 -1.00 0 6 0.1876 0.9620 0.003100
730.00 P 20260817 -1.00 -1.00 2 378 0.1853 -0.0380 0.003100
731.00 C 20260817 -1.00 -1.00 0 0 0.1864 0.9600 0.003300
731.00 P 20260817 -1.00 -1.00 1 7 0.1835 -0.0400 0.003300
732.00 C 20260817 -1.00 -1.00 0 0 0.1839 0.9579 0.003500
732.00 P 20260817 -1.00 -1.00 1 17 0.1818 -0.0420 0.003500
733.00 C 20260817 -1.00 -1.00 0 4 0.1825 0.9557 0.003600
733.00 P 20260817 -1.00 -1.00 0 4 0.1798 -0.0442 0.003600
734.00 C 20260817 -1.00 -1.00 0 10 0.1802 0.9533 0.003800
734.00 P 20260817 -1.00 -1.00 0 16 0.1785 -0.0466 0.003800
735.00 C 20260817 -1.00 -1.00 0 12 0.1786 0.9507 0.004000
735.00 P 20260817 -1.00 -1.00 0 44 0.1763 -0.0491 0.004000
736.00 C 20260817 -1.00 -1.00 0 16 0.1768 0.9480 0.004300
736.00 P 20260817 -1.00 -1.00 0 10 0.1746 -0.0520 0.004300
737.00 C 20260817 -1.00 -1.00 0 14 0.1746 0.9451 0.004500
737.00 P 20260817 -1.00 -1.00 1 23 0.1728 -0.0550 0.004500
738.00 C 20260817 -1.00 -1.00 0 12 0.1729 0.9420 0.004800
738.00 P 20260817 -1.00 -1.00 1 26 0.1712 -0.0579 0.004800
739.00 C 20260817 -1.00 -1.00 0 6 0.1714 0.9386 0.005000
739.00 P 20260817 -1.00 -1.00 0 7 0.1696 -0.0612 0.005000
740.00 C 20260817 -1.00 -1.00 0 51 0.1698 0.9350 0.005300
740.00 P 20260817 -1.00 -1.00 3 183 0.1681 -0.0648 0.005300
741.00 C 20260817 -1.00 -1.00 0 23 0.1680 0.9312 0.005600
741.00 P 20260817 -1.00 -1.00 0 10 0.1662 -0.0686 0.005600
742.00 C 20260817 -1.00 -1.00 0 11 0.1663 0.9272 0.005900
742.00 P 20260817 -1.00 -1.00 1 28 0.1646 -0.0727 0.005900
743.00 C 20260817 -1.00 -1.00 0 13 0.1648 0.9228 0.006200
743.00 P 20260817 -1.00 -1.00 0 15 0.1630 -0.0773 0.006200
744.00 C 20260817 -1.00 -1.00 1 22 0.1633 0.9181 0.006600
744.00 P 20260817 -1.00 -1.00 1 202 0.1614 -0.0818 0.006600
745.00 C 20260817 -1.00 -1.00 0 57 0.1616 0.9131 0.007000
745.00 P 20260817 -1.00 -1.00 1 33 0.1599 -0.0867 0.007000
746.00 C 20260817 -1.00 -1.00 0 18 0.1600 0.9078 0.007300
746.00 P 20260817 -1.00 -1.00 9 14 0.1583 -0.0923 0.007400
747.00 C 20260817 -1.00 -1.00 0 46 0.1591 0.9021 0.007700
747.00 P 20260817 -1.00 -1.00 2 16 0.1568 -0.0978 0.007700
748.00 C 20260817 -1.00 -1.00 0 15 0.1591 0.8960 0.008200
748.00 P 20260817 -1.00 -1.00 2 31 0.1554 -0.1039 0.008200
749.00 C 20260817 -1.00 -1.00 0 26 0.1556 0.8894 0.008600
749.00 P 20260817 -1.00 -1.00 0 29 0.1538 -0.1104 0.008600
750.00 C 20260817 -1.00 -1.00 0 96 0.1555 0.8825 0.009100
750.00 P 20260817 -1.00 -1.00 9 62 0.1524 -0.1174 0.009100
751.00 C 20260817 -1.00 -1.00 0 24 0.1542 0.8750 0.009600
751.00 P 20260817 -1.00 -1.00 0 10 0.1509 -0.1249 0.009600
752.00 C 20260817 -1.00 -1.00 1 16 0.1529 0.8671 0.010100
752.00 P 20260817 -1.00 -1.00 2 3 0.1496 -0.1328 0.010100
753.00 C 20260817 -1.00 -1.00 0 32 0.1485 0.8587 0.010600
753.00 P 20260817 -1.00 -1.00 0 17 0.1483 -0.1413 0.010600
754.00 C 20260817 -1.00 -1.00 6 69 0.1498 0.8497 0.011200
754.00 P 20260817 -1.00 -1.00 0 8 0.1467 -0.1503 0.011200
755.00 C 20260817 -1.00 -1.00 11 33 0.1461 0.8401 0.011800
755.00 P 20260817 -1.00 -1.00 210 525 0.1455 -0.1599 0.011800
756.00 C 20260817 -1.00 -1.00 0 20 0.1470 0.8299 0.012400
756.00 P 20260817 -1.00 -1.00 6 15 0.1440 -0.1701 0.012400
757.00 C 20260817 -1.00 -1.00 0 27 0.1429 0.8190 0.013000
757.00 P 20260817 -1.00 -1.00 8 23 0.1428 -0.1808 0.013000
758.00 C 20260817 -1.00 -1.00 16 18 0.1416 0.8075 0.013600
758.00 P 20260817 -1.00 -1.00 21 9 0.1414 -0.1924 0.013600
759.00 C 20260817 -1.00 -1.00 0 15 0.1403 0.7954 0.014200
759.00 P 20260817 -1.00 -1.00 0 4 0.1401 -0.2045 0.014200
760.00 C 20260817 -1.00 -1.00 10 67 0.1393 0.7823 0.014900
760.00 P 20260817 -1.00 -1.00 33 102 0.1389 -0.2174 0.014900
761.00 C 20260817 -1.00 -1.00 16 179 0.1379 0.7689 0.015600
761.00 P 20260817 -1.00 -1.00 3 11 0.1376 -0.2310 0.015600
762.00 C 20260817 -1.00 -1.00 1 30 0.1368 0.7545 0.016200
762.00 P 20260817 -1.00 -1.00 4 29 0.1364 -0.2453 0.016200
763.00 C 20260817 -1.00 -1.00 0 35 0.1358 0.7393 0.016900
763.00 P 20260817 -1.00 -1.00 1 6 0.1354 -0.2606 0.016900
764.00 C 20260817 -1.00 -1.00 0 21 0.1345 0.7234 0.017500
764.00 P 20260817 -1.00 -1.00 1 4 0.1341 -0.2762 0.017500
765.00 C 20260817 -1.00 -1.00 3 84 0.1335 0.7069 0.018200
765.00 P 20260817 -1.00 -1.00 402 663 0.1332 -0.2930 0.018200
766.00 C 20260817 -1.00 -1.00 0 2 0.1324 0.6896 0.018800
766.00 P 20260817 -1.00 -1.00 5 7 0.1322 -0.3103 0.018800
767.00 C 20260817 -1.00 -1.00 0 5 0.1314 0.6716 0.019400
767.00 P 20260817 -1.00 -1.00 0 13 0.1312 -0.3282 0.019400
768.00 C 20260817 -1.00 -1.00 0 35 0.1304 0.6529 0.020000
768.00 P 20260817 -1.00 -1.00 14 1 0.1301 -0.3470 0.020000
769.00 C 20260817 -1.00 -1.00 0 14 0.1294 0.6335 0.020500
769.00 P 20260817 -1.00 -1.00 5 0 0.1292 -0.3663 0.020500
770.00 C 20260817 -1.00 -1.00 1 149 0.1285 0.6135 0.021000
770.00 P 20260817 -1.00 -1.00 346 30 0.1281 -0.3863 0.021000
771.00 C 20260817 -1.00 -1.00 0 24 0.1274 0.5932 0.021400
771.00 P 20260817 -1.00 -1.00 10 3 0.1272 -0.4070 0.021400
772.00 C 20260817 -1.00 -1.00 0 21 0.1266 0.5720 0.021800
772.00 P 20260817 -1.00 -1.00 18 4 0.1263 -0.4281 0.021800
773.00 C 20260817 -1.00 -1.00 0 9 0.1260 0.5501 0.022200
773.00 P 20260817 -1.00 -1.00 46 1 0.1256 -0.4498 0.022200
774.00 C 20260817 -1.00 -1.00 4 2 0.1250 0.5280 0.022400
774.00 P 20260817 -1.00 -1.00 57 9 0.1247 -0.4718 0.022400
775.00 C 20260817 -1.00 -1.00 6 25 0.1243 0.5056 0.022600
775.00 P 20260817 -1.00 -1.00 52 3 0.1240 -0.4943 0.022600
776.00 C 20260817 -1.00 -1.00 13 2 0.1236 0.4829 0.022700
776.00 P 20260817 -1.00 -1.00 1 0 0.1233 -0.5169 0.022700
777.00 C 20260817 -1.00 -1.00 7 4 0.1230 0.4601 0.022800
777.00 P 20260817 -1.00 -1.00 11 0 0.1226 -0.5398 0.022800
778.00 C 20260817 -1.00 -1.00 5 1 0.1223 0.4372 0.022700
778.00 P 20260817 -1.00 -1.00 22 1 0.1221 -0.5626 0.022700
779.00 C 20260817 -1.00 -1.00 3 6 0.1217 0.4144 0.022600
779.00 P 20260817 -1.00 -1.00 0 0 0.1215 -0.5854 0.022600
780.00 C 20260817 -1.00 -1.00 13 96 0.1212 0.3918 0.022300
780.00 P 20260817 -1.00 -1.00 3 1 0.1210 -0.6081 0.022300
781.00 C 20260817 -1.00 -1.00 14 40 0.1208 0.3694 0.022000
781.00 P 20260817 -1.00 -1.00 0 0 0.1203 -0.6304 0.022000
782.00 C 20260817 -1.00 -1.00 12 43 0.1204 0.3474 0.021600
782.00 P 20260817 -1.00 -1.00 0 0 0.1200 -0.6525 0.021600
783.00 C 20260817 -1.00 -1.00 13 50 0.1200 0.3258 0.021100
783.00 P 20260817 -1.00 -1.00 0 0 0.1196 -0.6741 0.021100
784.00 C 20260817 -1.00 -1.00 0 40 0.1196 0.3047 0.020600
784.00 P 20260817 -1.00 -1.00 0 0 0.1193 -0.6951 0.020600
785.00 C 20260817 -1.00 -1.00 8 41 0.1193 0.2842 0.020000
785.00 P 20260817 -1.00 -1.00 1 1 0.1189 -0.7156 0.020000
786.00 C 20260817 -1.00 -1.00 0 20 0.1190 0.2644 0.019300
786.00 P 20260817 -1.00 -1.00 0 0 0.1185 -0.7355 0.019300
787.00 C 20260817 -1.00 -1.00 0 66 0.1186 0.2452 0.018600
787.00 P 20260817 -1.00 -1.00 0 0 0.1183 -0.7544 0.018600
788.00 C 20260817 -1.00 -1.00 5 80 0.1182 0.2268 0.017900
788.00 P 20260817 -1.00 -1.00 0 0 0.1179 -0.7730 0.017900
789.00 C 20260817 -1.00 -1.00 0 155 0.1182 0.2092 0.017100
789.00 P 20260817 -1.00 -1.00 0 0 0.1177 -0.7904 0.017100
790.00 C 20260817 -1.00 -1.00 14 261 0.1179 0.1924 0.016300
790.00 P 20260817 -1.00 -1.00 1 0 0.1175 -0.8074 0.016300
791.00 C 20260817 -1.00 -1.00 0 0 0.1178 0.1765 0.015500
791.00 P 20260817 -1.00 -1.00 0 0 0.1190 -0.8231 0.015500
792.00 C 20260817 -1.00 -1.00 0 0 0.1176 0.1615 0.014600
792.00 P 20260817 -1.00 -1.00 0 0 0.1168 -0.8382 0.014600
793.00 C 20260817 -1.00 -1.00 3 0 0.1175 0.1474 0.013800
793.00 P 20260817 -1.00 -1.00 0 0 0.1167 -0.8523 0.013800
794.00 C 20260817 -1.00 -1.00 5 0 0.1176 0.1343 0.012900
794.00 P 20260817 -1.00 -1.00 0 0 0.1227 -0.8655 0.012900
795.00 C 20260817 -1.00 -1.00 5 173 0.1176 0.1218 0.012100
795.00 P 20260817 -1.00 -1.00 0 0 0.1178 -0.8779 0.012100
796.00 C 20260817 -1.00 -1.00 3 0 0.1176 0.1104 0.011300
796.00 P 20260817 -1.00 -1.00 0 0 0.1166 -0.8893 0.011300
797.00 C 20260817 -1.00 -1.00 1 0 0.1176 0.0999 0.010500
797.00 P 20260817 -1.00 -1.00 0 0 0.1184 -0.8998 0.010500
798.00 C 20260817 -1.00 -1.00 0 0 0.1176 0.0903 0.009700
798.00 P 20260817 -1.00 -1.00 0 0 0.1159 -0.9095 0.009700
799.00 C 20260817 -1.00 -1.00 0 0 0.1179 0.0815 0.009000
799.00 P 20260817 -1.00 -1.00 0 0 0.1159 -0.9183 0.009000
800.00 C 20260817 -1.00 -1.00 43 223 0.1183 0.0735 0.008300
800.00 P 20260817 -1.00 -1.00 0 1 0.1135 -0.9263 0.008300
801.00 C 20260817 -1.00 -1.00 0 0 0.1186 0.0664 0.007600
801.00 P 20260817 -1.00 -1.00 0 0 0.1156 -0.9335 0.007600
802.00 C 20260817 -1.00 -1.00 0 0 0.1189 0.0599 0.007000
802.00 P 20260817 -1.00 -1.00 0 0 0.1160 -0.9400 0.007000
803.00 C 20260817 -1.00 -1.00 0 0 0.1194 0.0540 0.006500
803.00 P 20260817 -1.00 -1.00 0 0 0.1164 -0.9458 0.006500
804.00 C 20260817 -1.00 -1.00 0 0 0.1200 0.0488 0.005900
804.00 P 20260817 -1.00 -1.00 0 0 0.1168 -0.9509 0.005900
805.00 C 20260817 -1.00 -1.00 0 599 0.1208 0.0441 0.005400
805.00 P 20260817 -1.00 -1.00 0 0 0.1133 -0.9555 0.005500
810.00 C 20260817 -1.00 -1.00 0 381 0.1250 0.0282 0.003600
810.00 P 20260817 -1.00 -1.00 0 0 0.1178 -0.9715 0.003600
815.00 C 20260817 -1.00 -1.00 10 165 0.1317 0.0198 0.002600
815.00 P 20260817 -1.00 -1.00 0 0 0.1220 -0.9800 0.002600
820.00 C 20260817 -1.00 -1.00 10 130 0.1399 0.0150 0.001900
820.00 P 20260817 -1.00 -1.00 0 0 0.1269 -0.9848 0.001900
825.00 C 20260817 -1.00 -1.00 0 0 0.1494 0.0119 0.001400
825.00 P 20260817 -1.00 -1.00 0 0 0.1336 -0.9879 0.001400
830.00 C 20260817 -1.00 -1.00 0 0 0.1591 0.0097 0.001100
830.00 P 20260817 -1.00 -1.00 0 0 0.1374 -0.9902 0.001100
835.00 C 20260817 -1.00 -1.00 0 0 0.1681 0.0080 0.000900
835.00 P 20260817 -1.00 -1.00 0 0 -1.0000 -0.9918 0.000900
840.00 C 20260817 -1.00 -1.00 0 0 0.1781 0.0067 0.000700
840.00 P 20260817 -1.00 -1.00 0 0 0.1654 -0.9932 0.000700
845.00 C 20260817 -1.00 -1.00 0 0 0.1877 0.0056 0.000600
845.00 P 20260817 -1.00 -1.00 0 0 0.1706 -0.9942 0.000600
850.00 C 20260817 -1.00 -1.00 0 5 0.1967 0.0048 0.000500
850.00 P 20260817 -1.00 -1.00 0 0 0.1729 -0.9950 0.000500
855.00 C 20260817 -1.00 -1.00 0 0 0.2050 0.0042 0.000400
855.00 P 20260817 -1.00 -1.00 0 0 0.1787 -0.9957 0.000400
860.00 C 20260817 -1.00 -1.00 0 0 0.2129 0.0036 0.000400
860.00 P 20260817 -1.00 -1.00 0 0 -1.0000 -0.9962 0.000400
865.00 C 20260817 -1.00 -1.00 0 0 0.2204 0.0031 0.000300
865.00 P 20260817 -1.00 -1.00 0 0 0.2045 -0.9967 0.000300
685.00 C 20260818 -1.00 -1.00 0 0 0.3271 0.9912 0.000600
685.00 P 20260818 -1.00 -1.00 0 2 0.2745 -0.0086 0.000600
689.00 C 20260818 -1.00 -1.00 0 0 0.2732 0.9903 0.000600
689.00 P 20260818 -1.00 -1.00 0 0 0.2659 -0.0095 0.000600
690.00 C 20260818 -1.00 -1.00 0 0 0.2723 0.9901 0.000700
690.00 P 20260818 -1.00 -1.00 0 7 0.2644 -0.0098 0.000700
691.00 C 20260818 -1.00 -1.00 0 0 0.2678 0.9898 0.000700
691.00 P 20260818 -1.00 -1.00 0 0 0.2615 -0.0101 0.000700
692.00 C 20260818 -1.00 -1.00 0 0 0.2668 0.9895 0.000700
692.00 P 20260818 -1.00 -1.00 0 0 0.2599 -0.0104 0.000700
693.00 C 20260818 -1.00 -1.00 0 0 0.3076 0.9892 0.000700
693.00 P 20260818 -1.00 -1.00 1 0 0.2567 -0.0107 0.000700
694.00 C 20260818 -1.00 -1.00 0 0 0.2612 0.9889 0.000800
694.00 P 20260818 -1.00 -1.00 0 0 0.2550 -0.0110 0.000800
695.00 C 20260818 -1.00 -1.00 0 0 0.2590 0.9886 0.000800
695.00 P 20260818 -1.00 -1.00 2 25 0.2536 -0.0113 0.000800
696.00 C 20260818 -1.00 -1.00 0 0 0.2567 0.9883 0.000800
696.00 P 20260818 -1.00 -1.00 0 0 0.2504 -0.0116 0.000800
697.00 C 20260818 -1.00 -1.00 0 0 0.2555 0.9879 0.000800
697.00 P 20260818 -1.00 -1.00 0 3 0.2486 -0.0120 0.000800
698.00 C 20260818 -1.00 -1.00 0 0 0.2522 0.9876 0.000900
698.00 P 20260818 -1.00 -1.00 0 0 0.2470 -0.0123 0.000900
699.00 C 20260818 -1.00 -1.00 0 0 0.2498 0.9872 0.000900
699.00 P 20260818 -1.00 -1.00 0 103 0.2452 -0.0127 0.000900
700.00 C 20260818 -1.00 -1.00 0 0 0.2484 0.9868 0.000900
700.00 P 20260818 -1.00 -1.00 0 70 0.2422 -0.0131 0.000900
701.00 C 20260818 -1.00 -1.00 0 0 0.2460 0.9864 0.001000
701.00 P 20260818 -1.00 -1.00 0 35 0.2400 -0.0135 0.001000
702.00 C 20260818 -1.00 -1.00 0 0 0.2436 0.9859 0.001000
702.00 P 20260818 -1.00 -1.00 0 10 0.2380 -0.0140 0.001000
703.00 C 20260818 -1.00 -1.00 0 0 0.2403 0.9855 0.001000
703.00 P 20260818 -1.00 -1.00 0 20 0.2362 -0.0144 0.001000
704.00 C 20260818 -1.00 -1.00 0 0 0.2388 0.9850 0.001100
704.00 P 20260818 -1.00 -1.00 0 15 0.2340 -0.0149 0.001100
705.00 C 20260818 -1.00 -1.00 0 0 0.2363 0.9845 0.001100
705.00 P 20260818 -1.00 -1.00 0 23 0.2321 -0.0154 0.001100
706.00 C 20260818 -1.00 -1.00 0 0 0.2338 0.9840 0.001200
706.00 P 20260818 -1.00 -1.00 0 5 0.2300 -0.0159 0.001200
707.00 C 20260818 -1.00 -1.00 0 0 0.2360 0.9834 0.001200
707.00 P 20260818 -1.00 -1.00 1 6 0.2276 -0.0165 0.001200
708.00 C 20260818 -1.00 -1.00 0 0 0.2304 0.9828 0.001300
708.00 P 20260818 -1.00 -1.00 0 5 0.2266 -0.0170 0.001300
709.00 C 20260818 -1.00 -1.00 0 0 0.2328 0.9822 0.001300
709.00 P 20260818 -1.00 -1.00 0 8 0.2240 -0.0177 0.001300
710.00 C 20260818 -1.00 -1.00 0 0 0.2252 0.9816 0.001400
710.00 P 20260818 -1.00 -1.00 0 74 0.2218 -0.0184 0.001400
711.00 C 20260818 -1.00 -1.00 0 0 0.2234 0.9809 0.001400
711.00 P 20260818 -1.00 -1.00 0 5 0.2205 -0.0190 0.001400
712.00 C 20260818 -1.00 -1.00 0 10 0.2208 0.9802 0.001500
712.00 P 20260818 -1.00 -1.00 1 2 0.2179 -0.0198 0.001500
713.00 C 20260818 -1.00 -1.00 0 10 0.2188 0.9794 0.001500
713.00 P 20260818 -1.00 -1.00 0 3 0.2166 -0.0205 0.001500
714.00 C 20260818 -1.00 -1.00 0 0 0.2463 0.9786 0.001600
714.00 P 20260818 -1.00 -1.00 0 0 0.2138 -0.0214 0.001600
715.00 C 20260818 -1.00 -1.00 0 0 0.2147 0.9778 0.001700
715.00 P 20260818 -1.00 -1.00 0 29 0.2122 -0.0222 0.001700
716.00 C 20260818 -1.00 -1.00 0 0 0.2168 0.9769 0.001800
716.00 P 20260818 -1.00 -1.00 2 83 0.2104 -0.0230 0.001800
717.00 C 20260818 -1.00 -1.00 0 0 0.2099 0.9759 0.001800
717.00 P 20260818 -1.00 -1.00 0 61 0.2085 -0.0240 0.001800
718.00 C 20260818 -1.00 -1.00 0 1 0.2088 0.9749 0.001900
718.00 P 20260818 -1.00 -1.00 1 10 0.2065 -0.0250 0.001900
719.00 C 20260818 -1.00 -1.00 0 0 0.2066 0.9739 0.002000
719.00 P 20260818 -1.00 -1.00 0 6 0.2045 -0.0260 0.002000
720.00 C 20260818 -1.00 -1.00 0 4 0.2043 0.9728 0.002100
720.00 P 20260818 -1.00 -1.00 6 34 0.2023 -0.0272 0.002100
721.00 C 20260818 -1.00 -1.00 0 0 0.2030 0.9716 0.002200
721.00 P 20260818 -1.00 -1.00 0 16 0.2005 -0.0283 0.002200
722.00 C 20260818 -1.00 -1.00 0 0 0.2011 0.9704 0.002300
722.00 P 20260818 -1.00 -1.00 0 23 0.1987 -0.0296 0.002300
723.00 C 20260818 -1.00 -1.00 0 1 0.1987 0.9690 0.002400
723.00 P 20260818 -1.00 -1.00 1 14 0.1968 -0.0310 0.002400
724.00 C 20260818 -1.00 -1.00 1 4 0.1967 0.9676 0.002500
724.00 P 20260818 -1.00 -1.00 1 14 0.1948 -0.0322 0.002500
725.00 C 20260818 -1.00 -1.00 1 8 0.1977 0.9661 0.002600
725.00 P 20260818 -1.00 -1.00 2 10 0.1931 -0.0339 0.002600
726.00 C 20260818 -1.00 -1.00 6 8 0.1929 0.9646 0.002700
726.00 P 20260818 -1.00 -1.00 8 21 0.1910 -0.0353 0.002700
727.00 C 20260818 -1.00 -1.00 6 6 0.1911 0.9629 0.002900
727.00 P 20260818 -1.00 -1.00 1 20 0.1895 -0.0370 0.002900
728.00 C 20260818 -1.00 -1.00 0 0 0.1893 0.9611 0.003000
728.00 P 20260818 -1.00 -1.00 0 6 0.1878 -0.0388 0.003000
729.00 C 20260818 -1.00 -1.00 0 0 0.1873 0.9592 0.003200
729.00 P 20260818 -1.00 -1.00 0 2 0.1858 -0.0408 0.003200
730.00 C 20260818 -1.00 -1.00 0 4 0.1853 0.9572 0.003300
730.00 P 20260818 -1.00 -1.00 0 19 0.1842 -0.0427 0.003300
731.00 C 20260818 -1.00 -1.00 0 2 0.1836 0.9550 0.003500
731.00 P 20260818 -1.00 -1.00 0 26 0.1822 -0.0448 0.003500
732.00 C 20260818 -1.00 -1.00 0 0 0.1818 0.9527 0.003700
732.00 P 20260818 -1.00 -1.00 0 0 0.1809 -0.0472 0.003700
733.00 C 20260818 -1.00 -1.00 0 4 0.1798 0.9503 0.003900
733.00 P 20260818 -1.00 -1.00 0 6 0.1788 -0.0496 0.003900
734.00 C 20260818 -1.00 -1.00 0 3 0.1782 0.9477 0.004100
734.00 P 20260818 -1.00 -1.00 0 3 0.1772 -0.0523 0.004100
735.00 C 20260818 -1.00 -1.00 0 6 0.1764 0.9449 0.004300
735.00 P 20260818 -1.00 -1.00 1 21 0.1755 -0.0551 0.004300
736.00 C 20260818 -1.00 -1.00 0 11 0.1632 0.9420 0.004500
736.00 P 20260818 -1.00 -1.00 0 7 0.1739 -0.0579 0.004500
737.00 C 20260818 -1.00 -1.00 0 6 0.1734 0.9388 0.004700
737.00 P 20260818 -1.00 -1.00 0 5 0.1723 -0.0610 0.004700
738.00 C 20260818 -1.00 -1.00 0 11 0.1716 0.9355 0.005000
738.00 P 20260818 -1.00 -1.00 10 8 0.1707 -0.0645 0.005000
739.00 C 20260818 -1.00 -1.00 0 4 0.1699 0.9319 0.005200
739.00 P 20260818 -1.00 -1.00 0 1 0.1691 -0.0680 0.005200
740.00 C 20260818 -1.00 -1.00 0 68 0.1684 0.9281 0.005500
740.00 P 20260818 -1.00 -1.00 1 46 0.1675 -0.0719 0.005500
741.00 C 20260818 -1.00 -1.00 0 16 0.1669 0.9240 0.005800
741.00 P 20260818 -1.00 -1.00 0 6 0.1658 -0.0758 0.005800
742.00 C 20260818 -1.00 -1.00 0 8 0.1653 0.9197 0.006100
742.00 P 20260818 -1.00 -1.00 0 2 0.1644 -0.0801 0.006100
743.00 C 20260818 -1.00 -1.00 0 4 0.1636 0.9151 0.006400
743.00 P 20260818 -1.00 -1.00 1 9 0.1627 -0.0847 0.006400
744.00 C 20260818 -1.00 -1.00 0 2 0.1720 0.9102 0.006800
744.00 P 20260818 -1.00 -1.00 16 14 0.1613 -0.0898 0.006800
745.00 C 20260818 -1.00 -1.00 0 63 0.1610 0.9050 0.007100
745.00 P 20260818 -1.00 -1.00 0 24 0.1598 -0.0950 0.007100
746.00 C 20260818 -1.00 -1.00 0 10 0.1593 0.8995 0.007500
746.00 P 20260818 -1.00 -1.00 5 9 0.1581 -0.1006 0.007500
747.00 C 20260818 -1.00 -1.00 0 9 0.1596 0.8936 0.007900
747.00 P 20260818 -1.00 -1.00 3 4 0.1567 -0.1065 0.007900
748.00 C 20260818 -1.00 -1.00 0 8 0.1566 0.8873 0.008300
748.00 P 20260818 -1.00 -1.00 0 10 0.1553 -0.1126 0.008300
749.00 C 20260818 -1.00 -1.00 0 2 0.1566 0.8806 0.008700
749.00 P 20260818 -1.00 -1.00 0 7 0.1539 -0.1192 0.008700
750.00 C 20260818 -1.00 -1.00 0 26 0.1542 0.8735 0.009200
750.00 P 20260818 -1.00 -1.00 11 24 0.1525 -0.1264 0.009200
751.00 C 20260818 -1.00 -1.00 0 6 0.1541 0.8659 0.009600
751.00 P 20260818 -1.00 -1.00 0 6 0.1511 -0.1340 0.009700
752.00 C 20260818 -1.00 -1.00 3 10 0.1524 0.8579 0.010100
752.00 P 20260818 -1.00 -1.00 0 5 0.1498 -0.1421 0.010100
753.00 C 20260818 -1.00 -1.00 0 2 0.1509 0.8494 0.010600
753.00 P 20260818 -1.00 -1.00 0 7 0.1485 -0.1505 0.010600
754.00 C 20260818 -1.00 -1.00 9 14 0.1481 0.8403 0.011200
754.00 P 20260818 -1.00 -1.00 10 13 0.1471 -0.1597 0.011200
755.00 C 20260818 -1.00 -1.00 0 19 0.1446 0.8307 0.011700
755.00 P 20260818 -1.00 -1.00 25 13 0.1458 -0.1693 0.011700
756.00 C 20260818 -1.00 -1.00 0 17 0.1441 0.8205 0.012200
756.00 P 20260818 -1.00 -1.00 0 6 0.1446 -0.1793 0.012200
757.00 C 20260818 -1.00 -1.00 0 31 0.1420 0.8098 0.012800
757.00 P 20260818 -1.00 -1.00 15 6 0.1433 -0.1901 0.012800
758.00 C 20260818 -1.00 -1.00 0 16 0.1415 0.7984 0.013400
758.00 P 20260818 -1.00 -1.00 2 9 0.1420 -0.2016 0.013400
759.00 C 20260818 -1.00 -1.00 1 77 0.1403 0.7863 0.014000
759.00 P 20260818 -1.00 -1.00 0 14 0.1408 -0.2135 0.014000
760.00 C 20260818 -1.00 -1.00 7 114 0.1399 0.7735 0.014600
760.00 P 20260818 -1.00 -1.00 20 16 0.1394 -0.2262 0.014600
761.00 C 20260818 -1.00 -1.00 0 28 0.1386 0.7603 0.015200
761.00 P 20260818 -1.00 -1.00 0 4 0.1383 -0.2395 0.015200
762.00 C 20260818 -1.00 -1.00 0 99 0.1375 0.7462 0.015800
762.00 P 20260818 -1.00 -1.00 0 8 0.1373 -0.2537 0.015800
763.00 C 20260818 -1.00 -1.00 0 149 0.1363 0.7315 0.016400
763.00 P 20260818 -1.00 -1.00 0 9 0.1362 -0.2682 0.016300
764.00 C 20260818 -1.00 -1.00 1 132 0.1352 0.7161 0.016900
764.00 P 20260818 -1.00 -1.00 0 10 0.1350 -0.2835 0.016900
765.00 C 20260818 -1.00 -1.00 1 186 0.1342 0.7001 0.017500
765.00 P 20260818 -1.00 -1.00 65 27 0.1340 -0.2997 0.017500
766.00 C 20260818 -1.00 -1.00 0 10 0.1331 0.6834 0.018100
766.00 P 20260818 -1.00 -1.00 2 0 0.1331 -0.3164 0.018100
767.00 C 20260818 -1.00 -1.00 0 0 0.1322 0.6661 0.018600
767.00 P 20260818 -1.00 -1.00 21 6 0.1321 -0.3337 0.018600
768.00 C 20260818 -1.00 -1.00 0 19 0.1311 0.6482 0.019100
768.00 P 20260818 -1.00 -1.00 0 8 0.1310 -0.3517 0.019100
769.00 C 20260818 -1.00 -1.00 0 0 0.1301 0.6298 0.019600
769.00 P 20260818 -1.00 -1.00 11 1 0.1301 -0.3703 0.019600
770.00 C 20260818 -1.00 -1.00 1 68 0.1294 0.6105 0.020100
770.00 P 20260818 -1.00 -1.00 556 682 0.1291 -0.3894 0.020100
771.00 C 20260818 -1.00 -1.00 0 7 0.1285 0.5908 0.020500
771.00 P 20260818 -1.00 -1.00 0 9 0.1282 -0.4091 0.020500
772.00 C 20260818 -1.00 -1.00 0 5 0.1275 0.5706 0.020800
772.00 P 20260818 -1.00 -1.00 146 3 0.1274 -0.4292 0.020800
773.00 C 20260818 -1.00 -1.00 1 0 0.1267 0.5500 0.021100
773.00 P 20260818 -1.00 -1.00 324 9 0.1265 -0.4499 0.021100
774.00 C 20260818 -1.00 -1.00 5 1 0.1260 0.5289 0.021400
774.00 P 20260818 -1.00 -1.00 7 2 0.1257 -0.4709 0.021400
775.00 C 20260818 -1.00 -1.00 7 166 0.1252 0.5076 0.021600
775.00 P 20260818 -1.00 -1.00 0 1 0.1249 -0.4923 0.021600
776.00 C 20260818 -1.00 -1.00 1 2 0.1246 0.4860 0.021700
776.00 P 20260818 -1.00 -1.00 20 2 0.1242 -0.5139 0.021700
777.00 C 20260818 -1.00 -1.00 0 3 0.1239 0.4642 0.021700
777.00 P 20260818 -1.00 -1.00 9 30 0.1236 -0.5356 0.021700
778.00 C 20260818 -1.00 -1.00 1 1 0.1233 0.4424 0.021700
778.00 P 20260818 -1.00 -1.00 2 0 0.1230 -0.5575 0.021700
779.00 C 20260818 -1.00 -1.00 0 1 0.1226 0.4205 0.021600
779.00 P 20260818 -1.00 -1.00 0 0 0.1224 -0.5793 0.021600
780.00 C 20260818 -1.00 -1.00 2 29 0.1220 0.3988 0.021400
780.00 P 20260818 -1.00 -1.00 0 2 0.1219 -0.6011 0.021400
781.00 C 20260818 -1.00 -1.00 0 5 0.1216 0.3772 0.021200
781.00 P 20260818 -1.00 -1.00 0 0 0.1213 -0.6226 0.021200
782.00 C 20260818 -1.00 -1.00 1 4 0.1210 0.3560 0.020800
782.00 P 20260818 -1.00 -1.00 0 0 0.1208 -0.6439 0.020800
783.00 C 20260818 -1.00 -1.00 1 0 0.1206 0.3351 0.020400
783.00 P 20260818 -1.00 -1.00 0 0 0.1203 -0.6648 0.020400
784.00 C 20260818 -1.00 -1.00 0 0 0.1201 0.3146 0.020000
784.00 P 20260818 -1.00 -1.00 0 0 0.1200 -0.6853 0.020000
785.00 C 20260818 -1.00 -1.00 27 15 0.1198 0.2946 0.019500
785.00 P 20260818 -1.00 -1.00 0 2 0.1196 -0.7053 0.019500
786.00 C 20260818 -1.00 -1.00 0 0 0.1195 0.2751 0.018900
786.00 P 20260818 -1.00 -1.00 0 0 0.1192 -0.7245 0.018900
787.00 C 20260818 -1.00 -1.00 6 0 0.1192 0.2563 0.018300
787.00 P 20260818 -1.00 -1.00 0 0 0.1188 -0.7436 0.018300
788.00 C 20260818 -1.00 -1.00 0 0 0.1188 0.2381 0.017600
788.00 P 20260818 -1.00 -1.00 0 0 0.1184 -0.7618 0.017600
789.00 C 20260818 -1.00 -1.00 6 0 0.1185 0.2206 0.016900
789.00 P 20260818 -1.00 -1.00 0 0 0.1181 -0.7792 0.016900
790.00 C 20260818 -1.00 -1.00 9 11 0.1182 0.2038 0.016200
790.00 P 20260818 -1.00 -1.00 0 3 0.1180 -0.7958 0.016200
791.00 C 20260818 -1.00 -1.00 0 0 0.1181 0.1879 0.015400
791.00 P 20260818 -1.00 -1.00 0 0 0.1186 -0.8118 0.015400
792.00 C 20260818 -1.00 -1.00 0 0 0.1179 0.1727 0.014700
792.00 P 20260818 -1.00 -1.00 0 0 0.1184 -0.8270 0.014700
793.00 C 20260818 -1.00 -1.00 0 0 0.1177 0.1583 0.013900
793.00 P 20260818 -1.00 -1.00 0 0 0.1176 -0.8413 0.013900
794.00 C 20260818 -1.00 -1.00 0 0 0.1177 0.1448 0.013100
794.00 P 20260818 -1.00 -1.00 0 0 0.1181 -0.8549 0.013100
795.00 C 20260818 -1.00 -1.00 1 1 0.1175 0.1322 0.012300
795.00 P 20260818 -1.00 -1.00 0 0 0.1178 -0.8675 0.012300
796.00 C 20260818 -1.00 -1.00 0 0 0.1175 0.1204 0.011600
796.00 P 20260818 -1.00 -1.00 0 0 0.1213 -0.8794 0.011600
797.00 C 20260818 -1.00 -1.00 1 0 0.1172 0.1095 0.010800
797.00 P 20260818 -1.00 -1.00 0 0 0.1215 -0.8903 0.010800
798.00 C 20260818 -1.00 -1.00 0 0 0.1172 0.0994 0.010100
798.00 P 20260818 -1.00 -1.00 0 0 0.1160 -0.9005 0.010100
799.00 C 20260818 -1.00 -1.00 0 0 0.1174 0.0900 0.009400
799.00 P 20260818 -1.00 -1.00 0 0 0.1160 -0.9098 0.009400
800.00 C 20260818 -1.00 -1.00 11 16 0.1177 0.0814 0.008700
800.00 P 20260818 -1.00 -1.00 0 0 0.1138 -0.9183 0.008700
801.00 C 20260818 -1.00 -1.00 0 0 0.1178 0.0737 0.008000
801.00 P 20260818 -1.00 -1.00 0 0 0.1163 -0.9261 0.008000
802.00 C 20260818 -1.00 -1.00 0 0 0.1179 0.0668 0.007400
802.00 P 20260818 -1.00 -1.00 0 0 0.1160 -0.9331 0.007400
803.00 C 20260818 -1.00 -1.00 0 0 0.1181 0.0604 0.006800
803.00 P 20260818 -1.00 -1.00 0 0 0.1162 -0.9394 0.006800
804.00 C 20260818 -1.00 -1.00 0 0 0.1186 0.0547 0.006300
804.00 P 20260818 -1.00 -1.00 0 0 0.1170 -0.9451 0.006300
805.00 C 20260818 -1.00 -1.00 0 4 0.1192 0.0496 0.005800
805.00 P 20260818 -1.00 -1.00 0 0 0.1135 -0.9502 0.005800
810.00 C 20260818 -1.00 -1.00 1 11 0.1230 0.0315 0.003900
810.00 P 20260818 -1.00 -1.00 0 0 0.1136 -0.9682 0.003900
815.00 C 20260818 -1.00 -1.00 0 0 0.1285 0.0219 0.002700
815.00 P 20260818 -1.00 -1.00 0 0 0.1235 -0.9780 0.002700
820.00 C 20260818 -1.00 -1.00 0 3 0.1360 0.0164 0.002000
820.00 P 20260818 -1.00 -1.00 0 0 0.1276 -0.9835 0.002000
825.00 C 20260818 -1.00 -1.00 0 0 0.1456 0.0129 0.001500
825.00 P 20260818 -1.00 -1.00 0 0 0.1360 -0.9869 0.001500
830.00 C 20260818 -1.00 -1.00 0 0 0.1540 0.0105 0.001200
830.00 P 20260818 -1.00 -1.00 0 0 0.1387 -0.9893 0.001200
835.00 C 20260818 -1.00 -1.00 0 0 0.1629 0.0087 0.001000
835.00 P 20260818 -1.00 -1.00 0 0 0.1509 -0.9911 0.001000
840.00 C 20260818 -1.00 -1.00 0 0 0.1727 0.0073 0.000800
840.00 P 20260818 -1.00 -1.00 0 0 0.1693 -0.9926 0.000800
845.00 C 20260818 -1.00 -1.00 0 0 0.1820 0.0062 0.000600
845.00 P 20260818 -1.00 -1.00 0 0 0.1750 -0.9937 0.000600
850.00 C 20260818 -1.00 -1.00 0 0 0.1888 0.0053 0.000500
850.00 P 20260818 -1.00 -1.00 0 0 0.1785 -0.9946 0.000500
855.00 C 20260818 -1.00 -1.00 0 0 0.1995 0.0045 0.000500
855.00 P 20260818 -1.00 -1.00 0 0 0.1936 -0.9953 0.000500
860.00 C 20260818 -1.00 -1.00 0 0 0.2073 0.0039 0.000400
860.00 P 20260818 -1.00 -1.00 0 0 0.2024 -0.9959 0.000400
865.00 C 20260818 -1.00 -1.00 0 0 0.2151 0.0034 0.000300
865.00 P 20260818 -1.00 -1.00 0 0 0.2028 -0.9964 0.000300
685.00 C 20260819 -1.00 -1.00 0 0 0.2425 0.9903 0.000600
685.00 P 20260819 -1.00 -1.00 0 23 0.2690 -0.0095 0.000600
689.00 C 20260819 -1.00 -1.00 0 0 0.2361 0.9893 0.000700
689.00 P 20260819 -1.00 -1.00 0 0 0.2615 -0.0106 0.000700
690.00 C 20260819 -1.00 -1.00 0 0 0.2349 0.9890 0.000700
690.00 P 20260819 -1.00 -1.00 3 53 0.2599 -0.0109 0.000700
691.00 C 20260819 -1.00 -1.00 0 0 0.2499 0.9887 0.000700
691.00 P 20260819 -1.00 -1.00 0 1 0.2568 -0.0112 0.000800
692.00 C 20260819 -1.00 -1.00 0 0 0.2393 0.9884 0.000800
692.00 P 20260819 -1.00 -1.00 0 0 0.2553 -0.0115 0.000800
693.00 C 20260819 -1.00 -1.00 0 0 0.2392 0.9880 0.000800
693.00 P 20260819 -1.00 -1.00 0 5 0.2536 -0.0118 0.000800
694.00 C 20260819 -1.00 -1.00 0 0 0.2312 0.9877 0.000800
694.00 P 20260819 -1.00 -1.00 0 0 0.2507 -0.0122 0.000800
695.00 C 20260819 -1.00 -1.00 0 0 0.2356 0.9874 0.000800
695.00 P 20260819 -1.00 -1.00 0 24 0.2489 -0.0125 0.000800
696.00 C 20260819 -1.00 -1.00 0 0 0.2338 0.9870 0.000900
696.00 P 20260819 -1.00 -1.00 0 1 0.2468 -0.0129 0.000900
697.00 C 20260819 -1.00 -1.00 0 0 0.2292 0.9866 0.000900
697.00 P 20260819 -1.00 -1.00 0 0 0.2452 -0.0133 0.000900
698.00 C 20260819 -1.00 -1.00 0 0 0.2300 0.9862 0.000900
698.00 P 20260819 -1.00 -1.00 0 0 0.2430 -0.0137 0.000900
699.00 C 20260819 -1.00 -1.00 0 0 0.2437 0.9858 0.001000
699.00 P 20260819 -1.00 -1.00 0 2 0.2413 -0.0141 0.001000
700.00 C 20260819 -1.00 -1.00 0 1 0.2296 0.9853 0.001000
700.00 P 20260819 -1.00 -1.00 0 47 0.2391 -0.0146 0.001000
701.00 C 20260819 -1.00 -1.00 0 0 0.2241 0.9848 0.001000
701.00 P 20260819 -1.00 -1.00 0 0 0.2373 -0.0150 0.001000
702.00 C 20260819 -1.00 -1.00 0 0 0.2232 0.9844 0.001100
702.00 P 20260819 -1.00 -1.00 10 0 0.2350 -0.0156 0.001100
703.00 C 20260819 -1.00 -1.00 0 0 0.2166 0.9838 0.001100
703.00 P 20260819 -1.00 -1.00 0 13 0.2332 -0.0160 0.001100
704.00 C 20260819 -1.00 -1.00 0 0 0.2268 0.9833 0.001200
704.00 P 20260819 -1.00 -1.00 0 0 0.2311 -0.0166 0.001200
705.00 C 20260819 -1.00 -1.00 0 3 0.2179 0.9827 0.001200
705.00 P 20260819 -1.00 -1.00 0 22 0.2286 -0.0172 0.001200
706.00 C 20260819 -1.00 -1.00 0 0 0.2221 0.9821 0.001200
706.00 P 20260819 -1.00 -1.00 0 0 0.2268 -0.0177 0.001200
707.00 C 20260819 -1.00 -1.00 0 0 0.2145 0.9815 0.001300
707.00 P 20260819 -1.00 -1.00 0 0 0.2250 -0.0184 0.001300
708.00 C 20260819 -1.00 -1.00 0 0 0.2104 0.9809 0.001400
708.00 P 20260819 -1.00 -1.00 0 22 0.2228 -0.0191 0.001400
709.00 C 20260819 -1.00 -1.00 0 0 0.2062 0.9802 0.001400
709.00 P 20260819 -1.00 -1.00 0 12 0.2214 -0.0197 0.001400
710.00 C 20260819 -1.00 -1.00 0 2 0.2178 0.9794 0.001500
710.00 P 20260819 -1.00 -1.00 3 20 0.2192 -0.0204 0.001500
711.00 C 20260819 -1.00 -1.00 0 0 0.2217 0.9787 0.001500
711.00 P 20260819 -1.00 -1.00 0 4 0.2172 -0.0213 0.001500
712.00 C 20260819 -1.00 -1.00 0 0 0.2196 0.9779 0.001600
712.00 P 20260819 -1.00 -1.00 0 5 0.2155 -0.0221 0.001600
713.00 C 20260819 -1.00 -1.00 0 0 -1.0000 0.9770 0.001600
713.00 P 20260819 -1.00 -1.00 0 12 0.2133 -0.0228 0.001600
714.00 C 20260819 -1.00 -1.00 0 0 -1.0000 0.9762 0.001700
714.00 P 20260819 -1.00 -1.00 1 9 0.2115 -0.0238 0.001700
715.00 C 20260819 -1.00 -1.00 0 2 0.1764 0.9752 0.001800
715.00 P 20260819 -1.00 -1.00 10 652 0.2096 -0.0247 0.001800
716.00 C 20260819 -1.00 -1.00 0 1 0.2248 0.9742 0.001900
716.00 P 20260819 -1.00 -1.00 0 1 0.2077 -0.0257 0.001900
717.00 C 20260819 -1.00 -1.00 0 0 0.2179 0.9732 0.002000
717.00 P 20260819 -1.00 -1.00 0 3 0.2060 -0.0268 0.002000
718.00 C 20260819 -1.00 -1.00 0 0 0.2208 0.9721 0.002000
718.00 P 20260819 -1.00 -1.00 0 27 0.2043 -0.0278 0.002000
719.00 C 20260819 -1.00 -1.00 0 0 0.2285 0.9709 0.002100
719.00 P 20260819 -1.00 -1.00 2 1 0.2025 -0.0290 0.002100
720.00 C 20260819 -1.00 -1.00 0 4 0.2325 0.9697 0.002200
720.00 P 20260819 -1.00 -1.00 1 305 0.2004 -0.0303 0.002200
721.00 C 20260819 -1.00 -1.00 0 3 0.2267 0.9684 0.002300
721.00 P 20260819 -1.00 -1.00 0 3 0.1988 -0.0315 0.002300
722.00 C 20260819 -1.00 -1.00 0 2 0.2240 0.9670 0.002400
722.00 P 20260819 -1.00 -1.00 1 1068 0.1967 -0.0331 0.002400
723.00 C 20260819 -1.00 -1.00 0 0 0.2074 0.9655 0.002500
723.00 P 20260819 -1.00 -1.00 0 1 0.1952 -0.0344 0.002500
724.00 C 20260819 -1.00 -1.00 0 0 0.1510 0.9640 0.002600
724.00 P 20260819 -1.00 -1.00 0 33 0.1933 -0.0359 0.002600
725.00 C 20260819 -1.00 -1.00 0 4 0.2004 0.9623 0.002800
725.00 P 20260819 -1.00 -1.00 0 27 0.1917 -0.0375 0.002800
726.00 C 20260819 -1.00 -1.00 0 2 0.1449 0.9606 0.002900
726.00 P 20260819 -1.00 -1.00 0 3 0.1900 -0.0393 0.002900
727.00 C 20260819 -1.00 -1.00 0 2 0.1959 0.9588 0.003100
727.00 P 20260819 -1.00 -1.00 0 27 0.1883 -0.0411 0.003100
728.00 C 20260819 -1.00 -1.00 0 1 0.2115 0.9568 0.003200
728.00 P 20260819 -1.00 -1.00 0 4 0.1864 -0.0431 0.003200
729.00 C 20260819 -1.00 -1.00 0 0 0.1545 0.9547 0.003400
729.00 P 20260819 -1.00 -1.00 0 1 0.1850 -0.0451 0.003400
730.00 C 20260819 -1.00 -1.00 0 14 0.1925 0.9525 0.003500
730.00 P 20260819 -1.00 -1.00 0 331 0.1833 -0.0473 0.003500
731.00 C 20260819 -1.00 -1.00 0 3 0.1907 0.9502 0.003700
731.00 P 20260819 -1.00 -1.00 0 1 0.1816 -0.0496 0.003700
732.00 C 20260819 -1.00 -1.00 0 0 0.1898 0.9478 0.003900
732.00 P 20260819 -1.00 -1.00 2 2 0.1797 -0.0521 0.003900
733.00 C 20260819 -1.00 -1.00 0 2 0.1961 0.9451 0.004000
733.00 P 20260819 -1.00 -1.00 0 3 0.1781 -0.0548 0.004000
734.00 C 20260819 -1.00 -1.00 0 9 0.1882 0.9424 0.004200
734.00 P 20260819 -1.00 -1.00 0 3 0.1766 -0.0576 0.004300
735.00 C 20260819 -1.00 -1.00 0 13 0.1864 0.9394 0.004500
735.00 P 20260819 -1.00 -1.00 6 17 0.1749 -0.0604 0.004500
736.00 C 20260819 -1.00 -1.00 0 16 0.1852 0.9363 0.004700
736.00 P 20260819 -1.00 -1.00 18 0 0.1734 -0.0638 0.004700
737.00 C 20260819 -1.00 -1.00 0 8 0.1914 0.9329 0.004900
737.00 P 20260819 -1.00 -1.00 0 8 0.1718 -0.0669 0.004900
738.00 C 20260819 -1.00 -1.00 0 10 0.1756 0.9294 0.005200
738.00 P 20260819 -1.00 -1.00 0 0 0.1702 -0.0707 0.005200
739.00 C 20260819 -1.00 -1.00 0 0 0.1709 0.9256 0.005400
739.00 P 20260819 -1.00 -1.00 1 22 0.1686 -0.0744 0.005400
740.00 C 20260819 -1.00 -1.00 0 22 0.1724 0.9217 0.005700
740.00 P 20260819 -1.00 -1.00 21 78 0.1672 -0.0784 0.005700
741.00 C 20260819 -1.00 -1.00 0 14 0.1754 0.9174 0.006000
741.00 P 20260819 -1.00 -1.00 0 1067 0.1658 -0.0824 0.006000
742.00 C 20260819 -1.00 -1.00 0 14 0.1715 0.9129 0.006300
742.00 P 20260819 -1.00 -1.00 2 7 0.1641 -0.0870 0.006300
743.00 C 20260819 -1.00 -1.00 0 9 0.1707 0.9081 0.006600
743.00 P 20260819 -1.00 -1.00 4 20 0.1628 -0.0917 0.006600
744.00 C 20260819 -1.00 -1.00 0 9 0.1696 0.9030 0.006900
744.00 P 20260819 -1.00 -1.00 0 1 0.1613 -0.0969 0.006900
745.00 C 20260819 -1.00 -1.00 0 7 0.1679 0.8976 0.007300
745.00 P 20260819 -1.00 -1.00 0 12 0.1598 -0.1022 0.007300
746.00 C 20260819 -1.00 -1.00 0 13 0.1641 0.8919 0.007600
746.00 P 20260819 -1.00 -1.00 3 10 0.1584 -0.1080 0.007600
747.00 C 20260819 -1.00 -1.00 0 12 0.1543 0.8858 0.008000
747.00 P 20260819 -1.00 -1.00 2 3 0.1570 -0.1140 0.008000
748.00 C 20260819 -1.00 -1.00 0 21 0.1612 0.8793 0.008400
748.00 P 20260819 -1.00 -1.00 29 1 0.1556 -0.1208 0.008400
749.00 C 20260819 -1.00 -1.00 0 29 0.1512 0.8725 0.008800
749.00 P 20260819 -1.00 -1.00 0 1 0.1543 -0.1275 0.008800
750.00 C 20260819 -1.00 -1.00 0 12 0.1585 0.8652 0.009200
750.00 P 20260819 -1.00 -1.00 0 18 0.1530 -0.1348 0.009300
751.00 C 20260819 -1.00 -1.00 3 10 0.1558 0.8575 0.009700
751.00 P 20260819 -1.00 -1.00 0 2 0.1515 -0.1425 0.009700
752.00 C 20260819 -1.00 -1.00 0 8 0.1482 0.8493 0.010200
752.00 P 20260819 -1.00 -1.00 0 1 0.1503 -0.1506 0.010200
753.00 C 20260819 -1.00 -1.00 0 2 0.1514 0.8407 0.010600
753.00 P 20260819 -1.00 -1.00 4 4 0.1491 -0.1592 0.010600
754.00 C 20260819 -1.00 -1.00 0 5 0.1483 0.8315 0.011100
754.00 P 20260819 -1.00 -1.00 0 6 0.1476 -0.1683 0.011100
755.00 C 20260819 -1.00 -1.00 0 58 0.1475 0.8217 0.011600
755.00 P 20260819 -1.00 -1.00 16 13 0.1464 -0.1781 0.011600
756.00 C 20260819 -1.00 -1.00 0 8 0.1452 0.8117 0.012100
756.00 P 20260819 -1.00 -1.00 1 4 0.1452 -0.1883 0.012100
757.00 C 20260819 -1.00 -1.00 0 12 0.1441 0.8009 0.012600
757.00 P 20260819 -1.00 -1.00 6 2 0.1440 -0.1991 0.012700
758.00 C 20260819 -1.00 -1.00 0 2 0.1427 0.7896 0.013200
758.00 P 20260819 -1.00 -1.00 12 8 0.1428 -0.2104 0.013200
759.00 C 20260819 -1.00 -1.00 0 30 0.1416 0.7777 0.013700
759.00 P 20260819 -1.00 -1.00 3 2 0.1416 -0.2223 0.013700
760.00 C 20260819 -1.00 -1.00 0 29 0.1407 0.7651 0.014300
760.00 P 20260819 -1.00 -1.00 22 20 0.1404 -0.2348 0.014300
761.00 C 20260819 -1.00 -1.00 1 3 0.1394 0.7520 0.014800
761.00 P 20260819 -1.00 -1.00 8 4 0.1393 -0.2479 0.014800
762.00 C 20260819 -1.00 -1.00 0 8 0.1381 0.7385 0.015400
762.00 P 20260819 -1.00 -1.00 0 4 0.1382 -0.2616 0.015400
763.00 C 20260819 -1.00 -1.00 0 16 0.1372 0.7241 0.015900
763.00 P 20260819 -1.00 -1.00 1 13 0.1371 -0.2759 0.015900
764.00 C 20260819 -1.00 -1.00 0 12 0.1362 0.7090 0.016400
764.00 P 20260819 -1.00 -1.00 20 27 0.1360 -0.2908 0.016400
765.00 C 20260819 -1.00 -1.00 0 78 0.1351 0.6935 0.017000
765.00 P 20260819 -1.00 -1.00 6 31 0.1349 -0.3064 0.017000
766.00 C 20260819 -1.00 -1.00 0 0 0.1340 0.6775 0.017500
766.00 P 20260819 -1.00 -1.00 0 4 0.1340 -0.3226 0.017500
767.00 C 20260819 -1.00 -1.00 1 6 0.1330 0.6608 0.018000
767.00 P 20260819 -1.00 -1.00 0 8 0.1330 -0.3393 0.018000
768.00 C 20260819 -1.00 -1.00 1 0 0.1323 0.6432 0.018400
768.00 P 20260819 -1.00 -1.00 4 11 0.1320 -0.3566 0.018400
769.00 C 20260819 -1.00 -1.00 0 0 0.1313 0.6253 0.018900
769.00 P 20260819 -1.00 -1.00 1 0 0.1310 -0.3745 0.018900
770.00 C 20260819 -1.00 -1.00 0 79 0.1303 0.6071 0.019300
770.00 P 20260819 -1.00 -1.00 43 24 0.1301 -0.3930 0.019300
771.00 C 20260819 -1.00 -1.00 0 1 0.1294 0.5882 0.019600
771.00 P 20260819 -1.00 -1.00 8 9 0.1294 -0.4119 0.019600
772.00 C 20260819 -1.00 -1.00 3 5 0.1286 0.5689 0.020000
772.00 P 20260819 -1.00 -1.00 112 539 0.1285 -0.4312 0.020000
773.00 C 20260819 -1.00 -1.00 1 1 0.1280 0.5488 0.020200
773.00 P 20260819 -1.00 -1.00 81 262 0.1278 -0.4510 0.020200
774.00 C 20260819 -1.00 -1.00 3 3 0.1271 0.5287 0.020400
774.00 P 20260819 -1.00 -1.00 1 0 0.1269 -0.4712 0.020400
775.00 C 20260819 -1.00 -1.00 0 20 0.1264 0.5083 0.020600
775.00 P 20260819 -1.00 -1.00 1 18 0.1262 -0.4916 0.020600
776.00 C 20260819 -1.00 -1.00 3 1 0.1256 0.4876 0.020700
776.00 P 20260819 -1.00 -1.00 0 2 0.1255 -0.5122 0.020700
777.00 C 20260819 -1.00 -1.00 9 1 0.1250 0.4668 0.020800
777.00 P 20260819 -1.00 -1.00 1 0 0.1248 -0.5330 0.020800
778.00 C 20260819 -1.00 -1.00 1 0 0.1244 0.4459 0.020800
778.00 P 20260819 -1.00 -1.00 0 3 0.1242 -0.5539 0.020800
779.00 C 20260819 -1.00 -1.00 0 6 0.1238 0.4250 0.020700
779.00 P 20260819 -1.00 -1.00 0 0 0.1236 -0.5748 0.020700
780.00 C 20260819 -1.00 -1.00 0 8 0.1232 0.4042 0.020500
780.00 P 20260819 -1.00 -1.00 0 3 0.1231 -0.5957 0.020500
781.00 C 20260819 -1.00 -1.00 0 0 0.1226 0.3835 0.020300
781.00 P 20260819 -1.00 -1.00 0 0 0.1224 -0.6164 0.020300
782.00 C 20260819 -1.00 -1.00 8 3 0.1221 0.3630 0.020000
782.00 P 20260819 -1.00 -1.00 0 0 0.1219 -0.6368 0.020000
783.00 C 20260819 -1.00 -1.00 0 0 0.1216 0.3428 0.019700
783.00 P 20260819 -1.00 -1.00 0 0 0.1214 -0.6570 0.019700
784.00 C 20260819 -1.00 -1.00 0 0 0.1212 0.3230 0.019300
784.00 P 20260819 -1.00 -1.00 0 0 0.1210 -0.6769 0.019300
785.00 C 20260819 -1.00 -1.00 0 9 0.1209 0.3035 0.018900
785.00 P 20260819 -1.00 -1.00 0 0 0.1206 -0.6963 0.018900
786.00 C 20260819 -1.00 -1.00 0 0 0.1204 0.2846 0.018400
786.00 P 20260819 -1.00 -1.00 0 0 0.1201 -0.7153 0.018400
787.00 C 20260819 -1.00 -1.00 0 0 0.1200 0.2661 0.017800
787.00 P 20260819 -1.00 -1.00 0 0 0.1197 -0.7337 0.017800
788.00 C 20260819 -1.00 -1.00 0 0 0.1196 0.2483 0.017300
788.00 P 20260819 -1.00 -1.00 0 0 0.1194 -0.7513 0.017300
789.00 C 20260819 -1.00 -1.00 0 0 0.1194 0.2311 0.016600
789.00 P 20260819 -1.00 -1.00 0 0 0.1191 -0.7688 0.016600
790.00 C 20260819 -1.00 -1.00 2 8 0.1190 0.2145 0.016000
790.00 P 20260819 -1.00 -1.00 0 0 0.1188 -0.7854 0.016000
791.00 C 20260819 -1.00 -1.00 0 0 0.1189 0.1986 0.015300
791.00 P 20260819 -1.00 -1.00 0 0 0.1199 -0.8010 0.015300
792.00 C 20260819 -1.00 -1.00 0 0 0.1186 0.1835 0.014600
792.00 P 20260819 -1.00 -1.00 0 0 0.1190 -0.8162 0.014600
793.00 C 20260819 -1.00 -1.00 0 0 0.1183 0.1691 0.013900
793.00 P 20260819 -1.00 -1.00 0 0 0.1195 -0.8306 0.013900
794.00 C 20260819 -1.00 -1.00 3 0 0.1182 0.1554 0.013200
794.00 P 20260819 -1.00 -1.00 0 0 0.1190 -0.8443 0.013200
795.00 C 20260819 -1.00 -1.00 4 22 0.1179 0.1426 0.012500
795.00 P 20260819 -1.00 -1.00 0 0 0.1187 -0.8571 0.012500
796.00 C 20260819 -1.00 -1.00 1 0 0.1179 0.1305 0.011700
796.00 P 20260819 -1.00 -1.00 0 0 0.1188 -0.8692 0.011800
797.00 C 20260819 -1.00 -1.00 3 0 0.1177 0.1192 0.011000
797.00 P 20260819 -1.00 -1.00 0 0 0.1187 -0.8805 0.011000
800.00 C 20260819 -1.00 -1.00 7 30 0.1176 0.0900 0.009000
800.00 P 20260819 -1.00 -1.00 0 3 0.1266 -0.9098 0.009000
805.00 C 20260819 -1.00 -1.00 0 5 0.1186 0.0555 0.006200
805.00 P 20260819 -1.00 -1.00 0 0 0.1265 -0.9443 0.006200
810.00 C 20260819 -1.00 -1.00 0 0 0.1211 0.0351 0.004100
810.00 P 20260819 -1.00 -1.00 0 0 0.1093 -0.9648 0.004100
815.00 C 20260819 -1.00 -1.00 10 0 0.1264 0.0237 0.002900
815.00 P 20260819 -1.00 -1.00 0 0 0.1354 -0.9761 0.002900
820.00 C 20260819 -1.00 -1.00 0 0 0.1338 0.0173 0.002100
820.00 P 20260819 -1.00 -1.00 0 0 0.1549 -0.9824 0.002100
825.00 C 20260819 -1.00 -1.00 0 0 0.1413 0.0136 0.001600
825.00 P 20260819 -1.00 -1.00 0 0 -1.0000 -0.9862 0.001600
830.00 C 20260819 -1.00 -1.00 3 35 0.1496 0.0111 0.001300
830.00 P 20260819 -1.00 -1.00 0 0 0.1446 -0.9887 0.001300
835.00 C 20260819 -1.00 -1.00 0 0 0.1584 0.0093 0.001000
835.00 P 20260819 -1.00 -1.00 0 0 0.1764 -0.9905 0.001000
840.00 C 20260819 -1.00 -1.00 0 21 0.1680 0.0080 0.000800
840.00 P 20260819 -1.00 -1.00 0 0 0.1964 -0.9919 0.000800
850.00 C 20260819 -1.00 -1.00 0 0 0.1845 0.0060 0.000600
850.00 P 20260819 -1.00 -1.00 0 0 0.1670 -0.9938 0.000600
860.00 C 20260819 -1.00 -1.00 0 0 0.2023 0.0048 0.000400
860.00 P 20260819 -1.00 -1.00 0 0 0.2407 -0.9950 0.000400
685.00 C 20260820 -1.00 -1.00 0 0 0.2396 0.9891 0.000700
685.00 P 20260820 -1.00 -1.00 0 20 0.2661 -0.0108 0.000700
690.00 C 20260820 -1.00 -1.00 0 0 0.2611 0.9876 0.000800
690.00 P 20260820 -1.00 -1.00 0 27 0.2565 -0.0123 0.000800
695.00 C 20260820 -1.00 -1.00 0 0 0.2291 0.9856 0.000900
695.00 P 20260820 -1.00 -1.00 0 6 0.2463 -0.0142 0.000900
699.00 C 20260820 -1.00 -1.00 0 0 0.2216 0.9838 0.001100
699.00 P 20260820 -1.00 -1.00 0 5 0.2381 -0.0161 0.001100
700.00 C 20260820 -1.00 -1.00 0 0 0.2789 0.9833 0.001100
700.00 P 20260820 -1.00 -1.00 0 15 0.2364 -0.0166 0.001100
701.00 C 20260820 -1.00 -1.00 0 0 0.2176 0.9828 0.001100
701.00 P 20260820 -1.00 -1.00 0 15 0.2347 -0.0172 0.001100
702.00 C 20260820 -1.00 -1.00 0 0 0.2187 0.9822 0.001200
702.00 P 20260820 -1.00 -1.00 0 0 0.2329 -0.0177 0.001200
703.00 C 20260820 -1.00 -1.00 0 0 0.2704 0.9816 0.001200
703.00 P 20260820 -1.00 -1.00 0 3 0.2308 -0.0183 0.001200
704.00 C 20260820 -1.00 -1.00 0 0 0.2332 0.9810 0.001300
704.00 P 20260820 -1.00 -1.00 1 6 0.2290 -0.0190 0.001300
705.00 C 20260820 -1.00 -1.00 0 2 0.2306 0.9803 0.001300
705.00 P 20260820 -1.00 -1.00 5 11 0.2268 -0.0196 0.001300
706.00 C 20260820 -1.00 -1.00 0 0 0.2641 0.9797 0.001400
706.00 P 20260820 -1.00 -1.00 0 5 0.2255 -0.0202 0.001400
707.00 C 20260820 -1.00 -1.00 0 0 0.2262 0.9790 0.001400
707.00 P 20260820 -1.00 -1.00 0 1 0.2233 -0.0209 0.001400
708.00 C 20260820 -1.00 -1.00 0 0 0.2572 0.9782 0.001500
708.00 P 20260820 -1.00 -1.00 0 1 0.2216 -0.0217 0.001500
709.00 C 20260820 -1.00 -1.00 0 0 0.2233 0.9774 0.001500
709.00 P 20260820 -1.00 -1.00 1 3 0.2199 -0.0225 0.001500
710.00 C 20260820 -1.00 -1.00 0 2 0.2474 0.9766 0.001600
710.00 P 20260820 -1.00 -1.00 0 17 0.2178 -0.0234 0.001600
711.00 C 20260820 -1.00 -1.00 0 0 0.2186 0.9757 0.001600
711.00 P 20260820 -1.00 -1.00 0 8 0.2160 -0.0242 0.001700
712.00 C 20260820 -1.00 -1.00 0 0 0.2421 0.9748 0.001700
712.00 P 20260820 -1.00 -1.00 0 6 0.2141 -0.0252 0.001700
713.00 C 20260820 -1.00 -1.00 0 0 0.2143 0.9738 0.001800
713.00 P 20260820 -1.00 -1.00 0 3 0.2125 -0.0260 0.001800
714.00 C 20260820 -1.00 -1.00 0 0 0.2364 0.9728 0.001900
714.00 P 20260820 -1.00 -1.00 0 7 0.2106 -0.0270 0.001900
715.00 C 20260820 -1.00 -1.00 0 0 0.2337 0.9718 0.001900
715.00 P 20260820 -1.00 -1.00 0 29 0.2087 -0.0282 0.002000
716.00 C 20260820 -1.00 -1.00 0 2 0.2021 0.9706 0.002000
716.00 P 20260820 -1.00 -1.00 0 4 0.2069 -0.0293 0.002000
717.00 C 20260820 -1.00 -1.00 0 0 0.2215 0.9695 0.002100
717.00 P 20260820 -1.00 -1.00 0 5 0.2054 -0.0304 0.002100
718.00 C 20260820 -1.00 -1.00 0 0 0.1973 0.9682 0.002200
718.00 P 20260820 -1.00 -1.00 0 0 0.2034 -0.0318 0.002200
719.00 C 20260820 -1.00 -1.00 0 0 0.2012 0.9669 0.002300
719.00 P 20260820 -1.00 -1.00 0 0 0.2018 -0.0330 0.002300
720.00 C 20260820 -1.00 -1.00 0 2 0.2110 0.9656 0.002400
720.00 P 20260820 -1.00 -1.00 12 31 0.1998 -0.0345 0.002400
721.00 C 20260820 -1.00 -1.00 0 2 0.2237 0.9641 0.002500
721.00 P 20260820 -1.00 -1.00 0 15 0.1983 -0.0358 0.002500
722.00 C 20260820 -1.00 -1.00 0 0 0.2164 0.9626 0.002600
722.00 P 20260820 -1.00 -1.00 0 16 0.1966 -0.0374 0.002600
723.00 C 20260820 -1.00 -1.00 0 0 0.2047 0.9609 0.002700
723.00 P 20260820 -1.00 -1.00 0 5 0.1948 -0.0389 0.002700
724.00 C 20260820 -1.00 -1.00 0 0 0.2108 0.9592 0.002800
724.00 P 20260820 -1.00 -1.00 0 10 0.1931 -0.0406 0.002800
725.00 C 20260820 -1.00 -1.00 0 4 0.2093 0.9574 0.003000
725.00 P 20260820 -1.00 -1.00 0 32 0.1916 -0.0425 0.003000
726.00 C 20260820 -1.00 -1.00 8 9 0.2066 0.9555 0.003100
726.00 P 20260820 -1.00 -1.00 8 34 0.1902 -0.0444 0.003100
727.00 C 20260820 -1.00 -1.00 8 9 0.1986 0.9535 0.003200
727.00 P 20260820 -1.00 -1.00 0 0 0.1883 -0.0464 0.003200
728.00 C 20260820 -1.00 -1.00 0 1 0.2030 0.9514 0.003400
728.00 P 20260820 -1.00 -1.00 0 2 0.1863 -0.0485 0.003400
729.00 C 20260820 -1.00 -1.00 0 0 0.1930 0.9491 0.003600
729.00 P 20260820 -1.00 -1.00 5 10 0.1847 -0.0509 0.003600
730.00 C 20260820 -1.00 -1.00 0 4 0.1543 0.9467 0.003700
730.00 P 20260820 -1.00 -1.00 10 9 0.1834 -0.0532 0.003700
731.00 C 20260820 -1.00 -1.00 0 0 0.1964 0.9442 0.003900
731.00 P 20260820 -1.00 -1.00 1 21 0.1818 -0.0557 0.003900
732.00 C 20260820 -1.00 -1.00 0 0 0.1918 0.9416 0.004100
732.00 P 20260820 -1.00 -1.00 5 1 0.1799 -0.0585 0.004100
733.00 C 20260820 -1.00 -1.00 0 0 0.1953 0.9387 0.004300
733.00 P 20260820 -1.00 -1.00 0 6 0.1786 -0.0611 0.004300
734.00 C 20260820 -1.00 -1.00 0 0 0.1836 0.9358 0.004500
734.00 P 20260820 -1.00 -1.00 10 27 0.1768 -0.0642 0.004500
735.00 C 20260820 -1.00 -1.00 0 15 0.1790 0.9326 0.004700
735.00 P 20260820 -1.00 -1.00 15 14 0.1753 -0.0674 0.004700
736.00 C 20260820 -1.00 -1.00 0 4 0.1718 0.9293 0.004900
736.00 P 20260820 -1.00 -1.00 22 8 0.1738 -0.0707 0.004900
737.00 C 20260820 -1.00 -1.00 0 4 0.1702 0.9257 0.005100
737.00 P 20260820 -1.00 -1.00 15 8 0.1723 -0.0741 0.005100
738.00 C 20260820 -1.00 -1.00 0 0 0.1688 0.9220 0.005400
738.00 P 20260820 -1.00 -1.00 0 5 0.1707 -0.0779 0.005400
739.00 C 20260820 -1.00 -1.00 0 6 0.1722 0.9180 0.005600
739.00 P 20260820 -1.00 -1.00 30 10 0.1693 -0.0818 0.005600
740.00 C 20260820 -1.00 -1.00 0 19 0.1707 0.9138 0.005900
740.00 P 20260820 -1.00 -1.00 45 21 0.1679 -0.0861 0.005900
741.00 C 20260820 -1.00 -1.00 0 13 0.1572 0.9094 0.006200
741.00 P 20260820 -1.00 -1.00 10 15 0.1664 -0.0905 0.006200
742.00 C 20260820 -1.00 -1.00 0 3 0.1678 0.9047 0.006500
742.00 P 20260820 -1.00 -1.00 0 17 0.1648 -0.0954 0.006500
743.00 C 20260820 -1.00 -1.00 0 14 0.1546 0.8997 0.006800
743.00 P 20260820 -1.00 -1.00 15 30 0.1634 -0.1002 0.006800
744.00 C 20260820 -1.00 -1.00 0 14 0.1646 0.8944 0.007100
744.00 P 20260820 -1.00 -1.00 5 29 0.1619 -0.1057 0.007100
745.00 C 20260820 -1.00 -1.00 0 58 0.1563 0.8888 0.007400
745.00 P 20260820 -1.00 -1.00 20 16 0.1606 -0.1110 0.007400
746.00 C 20260820 -1.00 -1.00 0 1 0.1573 0.8829 0.007800
746.00 P 20260820 -1.00 -1.00 0 15 0.1592 -0.1172 0.007800
747.00 C 20260820 -1.00 -1.00 0 15 0.1546 0.8767 0.008100
747.00 P 20260820 -1.00 -1.00 10 11 0.1579 -0.1232 0.008100
748.00 C 20260820 -1.00 -1.00 0 5 0.1628 0.8701 0.008500
748.00 P 20260820 -1.00 -1.00 10 0 0.1566 -0.1299 0.008500
749.00 C 20260820 -1.00 -1.00 0 3 0.1571 0.8631 0.008900
749.00 P 20260820 -1.00 -1.00 10 5 0.1552 -0.1368 0.008900
750.00 C 20260820 -1.00 -1.00 5 58 0.1560 0.8557 0.009300
750.00 P 20260820 -1.00 -1.00 16 1 0.1538 -0.1442 0.009300
751.00 C 20260820 -1.00 -1.00 0 7 0.1581 0.8479 0.009700
751.00 P 20260820 -1.00 -1.00 12 1 0.1527 -0.1521 0.009700
752.00 C 20260820 -1.00 -1.00 1 18 0.1568 0.8396 0.010200
752.00 P 20260820 -1.00 -1.00 7 2 0.1513 -0.1604 0.010200
753.00 C 20260820 -1.00 -1.00 0 1 0.1493 0.8309 0.010600
753.00 P 20260820 -1.00 -1.00 1 38 0.1500 -0.1690 0.010600
754.00 C 20260820 -1.00 -1.00 0 1 0.1518 0.8218 0.011000
754.00 P 20260820 -1.00 -1.00 5 1 0.1488 -0.1782 0.011100
755.00 C 20260820 -1.00 -1.00 0 4 0.1472 0.8121 0.011500
755.00 P 20260820 -1.00 -1.00 3 25 0.1476 -0.1878 0.011500
756.00 C 20260820 -1.00 -1.00 0 18 0.1456 0.8020 0.012000
756.00 P 20260820 -1.00 -1.00 3 0 0.1463 -0.1979 0.012000
757.00 C 20260820 -1.00 -1.00 0 8 0.1444 0.7914 0.012500
757.00 P 20260820 -1.00 -1.00 2 8 0.1451 -0.2085 0.012500
758.00 C 20260820 -1.00 -1.00 0 3 0.1436 0.7802 0.013000
758.00 P 20260820 -1.00 -1.00 2 3 0.1439 -0.2197 0.013000
759.00 C 20260820 -1.00 -1.00 0 10 0.1426 0.7685 0.013400
759.00 P 20260820 -1.00 -1.00 5 4 0.1428 -0.2316 0.013500
760.00 C 20260820 -1.00 -1.00 29 41 0.1418 0.7560 0.014000
760.00 P 20260820 -1.00 -1.00 20 17 0.1418 -0.2438 0.014000
761.00 C 20260820 -1.00 -1.00 0 3 0.1406 0.7432 0.014400
761.00 P 20260820 -1.00 -1.00 0 2 0.1406 -0.2566 0.014400
762.00 C 20260820 -1.00 -1.00 29 29 0.1394 0.7300 0.014900
762.00 P 20260820 -1.00 -1.00 2 14 0.1394 -0.2700 0.015000
763.00 C 20260820 -1.00 -1.00 0 18 0.1385 0.7159 0.015400
763.00 P 20260820 -1.00 -1.00 0 1 0.1384 -0.2840 0.015400
764.00 C 20260820 -1.00 -1.00 0 3 0.1373 0.7014 0.015900
764.00 P 20260820 -1.00 -1.00 0 0 0.1374 -0.2985 0.015900
765.00 C 20260820 -1.00 -1.00 0 44 0.1364 0.6863 0.016400
765.00 P 20260820 -1.00 -1.00 11 9 0.1364 -0.3136 0.016400
766.00 C 20260820 -1.00 -1.00 0 0 0.1354 0.6707 0.016800
766.00 P 20260820 -1.00 -1.00 3 0 0.1354 -0.3292 0.016800
767.00 C 20260820 -1.00 -1.00 0 0 0.1343 0.6545 0.017300
767.00 P 20260820 -1.00 -1.00 1 3 0.1344 -0.3453 0.017300
768.00 C 20260820 -1.00 -1.00 0 2 0.1334 0.6378 0.017700
768.00 P 20260820 -1.00 -1.00 1 4 0.1334 -0.3620 0.017700
769.00 C 20260820 -1.00 -1.00 0 3 0.1326 0.6206 0.018100
769.00 P 20260820 -1.00 -1.00 0 0 0.1326 -0.3792 0.018100
770.00 C 20260820 -1.00 -1.00 0 89 0.1316 0.6030 0.018500
770.00 P 20260820 -1.00 -1.00 14 45 0.1316 -0.3969 0.018500
771.00 C 20260820 -1.00 -1.00 0 2 0.1308 0.5848 0.018800
771.00 P 20260820 -1.00 -1.00 0 3 0.1307 -0.4150 0.018800
772.00 C 20260820 -1.00 -1.00 0 4 0.1298 0.5663 0.019100
772.00 P 20260820 -1.00 -1.00 30 13 0.1297 -0.4333 0.019100
773.00 C 20260820 -1.00 -1.00 0 0 0.1291 0.5474 0.019400
773.00 P 20260820 -1.00 -1.00 1 11 0.1291 -0.4525 0.019400
774.00 C 20260820 -1.00 -1.00 0 1 0.1283 0.5281 0.019600
774.00 P 20260820 -1.00 -1.00 1 3 0.1282 -0.4718 0.019600
775.00 C 20260820 -1.00 -1.00 5 14 0.1276 0.5086 0.019700
775.00 P 20260820 -1.00 -1.00 175 720 0.1275 -0.4913 0.019700
776.00 C 20260820 -1.00 -1.00 0 4 0.1268 0.4888 0.019800
776.00 P 20260820 -1.00 -1.00 10 0 0.1268 -0.5110 0.019800
777.00 C 20260820 -1.00 -1.00 0 0 0.1262 0.4689 0.019900
777.00 P 20260820 -1.00 -1.00 0 0 0.1262 -0.5310 0.019900
778.00 C 20260820 -1.00 -1.00 0 0 0.1255 0.4489 0.019900
778.00 P 20260820 -1.00 -1.00 4 0 0.1255 -0.5510 0.019900
779.00 C 20260820 -1.00 -1.00 0 1 0.1249 0.4289 0.019800
779.00 P 20260820 -1.00 -1.00 0 0 0.1249 -0.5710 0.019800
780.00 C 20260820 -1.00 -1.00 4 28 0.1242 0.4089 0.019700
780.00 P 20260820 -1.00 -1.00 0 0 0.1242 -0.5910 0.019700
781.00 C 20260820 -1.00 -1.00 0 3 0.1237 0.3890 0.019500
781.00 P 20260820 -1.00 -1.00 0 0 0.1236 -0.6109 0.019500
782.00 C 20260820 -1.00 -1.00 0 19 0.1232 0.3692 0.019300
782.00 P 20260820 -1.00 -1.00 0 0 0.1231 -0.6306 0.019300
783.00 C 20260820 -1.00 -1.00 0 0 0.1227 0.3498 0.019000
783.00 P 20260820 -1.00 -1.00 0 0 0.1224 -0.6501 0.019000
784.00 C 20260820 -1.00 -1.00 0 0 0.1222 0.3306 0.018700
784.00 P 20260820 -1.00 -1.00 0 0 0.1220 -0.6693 0.018700
785.00 C 20260820 -1.00 -1.00 3 14 0.1217 0.3117 0.018300
785.00 P 20260820 -1.00 -1.00 0 0 0.1216 -0.6882 0.018300
786.00 C 20260820 -1.00 -1.00 0 0 0.1213 0.2933 0.017900
786.00 P 20260820 -1.00 -1.00 0 0 0.1213 -0.7066 0.017900
787.00 C 20260820 -1.00 -1.00 0 0 0.1209 0.2753 0.017400
787.00 P 20260820 -1.00 -1.00 0 0 0.1208 -0.7246 0.017400
788.00 C 20260820 -1.00 -1.00 0 0 0.1206 0.2578 0.016900
788.00 P 20260820 -1.00 -1.00 0 0 0.1204 -0.7420 0.016900
789.00 C 20260820 -1.00 -1.00 0 0 0.1202 0.2409 0.016300
789.00 P 20260820 -1.00 -1.00 0 0 0.1201 -0.7590 0.016300
790.00 C 20260820 -1.00 -1.00 0 4 0.1199 0.2246 0.015700
790.00 P 20260820 -1.00 -1.00 0 0 0.1199 -0.7753 0.015700
791.00 C 20260820 -1.00 -1.00 0 0 0.1197 0.2088 0.015100
791.00 P 20260820 -1.00 -1.00 0 0 0.1200 -0.7908 0.015100
792.00 C 20260820 -1.00 -1.00 0 0 0.1193 0.1938 0.014500
792.00 P 20260820 -1.00 -1.00 0 0 0.1198 -0.8059 0.014500
793.00 C 20260820 -1.00 -1.00 0 0 0.1190 0.1794 0.013900
793.00 P 20260820 -1.00 -1.00 0 0 0.1197 -0.8203 0.013900
794.00 C 20260820 -1.00 -1.00 0 0 0.1189 0.1656 0.013200
794.00 P 20260820 -1.00 -1.00 0 0 0.1194 -0.8340 0.013200
795.00 C 20260820 -1.00 -1.00 0 9 0.1186 0.1526 0.012500
795.00 P 20260820 -1.00 -1.00 0 0 0.1190 -0.8470 0.012500
796.00 C 20260820 -1.00 -1.00 0 0 0.1185 0.1404 0.011900
796.00 P 20260820 -1.00 -1.00 0 0 0.1192 -0.8593 0.011900
797.00 C 20260820 -1.00 -1.00 0 0 0.1181 0.1290 0.011200
797.00 P 20260820 -1.00 -1.00 0 0 0.1192 -0.8709 0.011200
800.00 C 20260820 -1.00 -1.00 1 43 0.1180 0.0985 0.009300
800.00 P 20260820 -1.00 -1.00 0 0 0.1192 -0.9012 0.009300
805.00 C 20260820 -1.00 -1.00 13 149 0.1185 0.0617 0.006500
805.00 P 20260820 -1.00 -1.00 0 0 0.1169 -0.9381 0.006500
810.00 C 20260820 -1.00 -1.00 5 23 0.1206 0.0391 0.004400
810.00 P 20260820 -1.00 -1.00 0 0 0.1230 -0.9608 0.004400
815.00 C 20260820 -1.00 -1.00 0 0 0.1250 0.0261 0.003000
815.00 P 20260820 -1.00 -1.00 0 0 0.1075 -0.9737 0.003100
820.00 C 20260820 -1.00 -1.00 11 31 0.1312 0.0189 0.002200
820.00 P 20260820 -1.00 -1.00 0 0 0.1325 -0.9809 0.002200
830.00 C 20260820 -1.00 -1.00 0 0 0.1468 0.0119 0.001300
830.00 P 20260820 -1.00 -1.00 0 0 -1.0000 -0.9880 0.001300
840.00 C 20260820 -1.00 -1.00 0 0 0.1638 0.0084 0.000900
840.00 P 20260820 -1.00 -1.00 0 0 -1.0000 -0.9914 0.000900
850.00 C 20260820 -1.00 -1.00 0 0 0.1797 0.0064 0.000600
850.00 P 20260820 -1.00 -1.00 0 0 -1.0000 -0.9934 0.000600
860.00 C 20260820 -1.00 -1.00 0 0 0.1956 0.0051 0.000500
860.00 P 20260820 -1.00 -1.00 0 0 0.2282 -0.9947 0.000500
682.00 C 20260821 -1.00 -1.00 0 0 -1.0000 0.9886 0.000700
682.00 P 20260821 -1.00 -1.00 0 46 0.2695 -0.0113 0.000700
683.00 C 20260821 -1.00 -1.00 0 0 -1.0000 0.9883 0.000700
683.00 P 20260821 -1.00 -1.00 0 49 0.2679 -0.0116 0.000700
684.00 C 20260821 -1.00 -1.00 0 0 -1.0000 0.9880 0.000700
684.00 P 20260821 -1.00 -1.00 0 32 0.2663 -0.0119 0.000700
685.00 C 20260821 -1.00 -1.00 0 19 -1.0000 0.9876 0.000700
685.00 P 20260821 -1.00 -1.00 3 1072 0.2636 -0.0122 0.000700
686.00 C 20260821 -1.00 -1.00 0 0 -1.0000 0.9873 0.000800
686.00 P 20260821 -1.00 -1.00 15 19 0.2619 -0.0126 0.000800
687.00 C 20260821 -1.00 -1.00 0 0 -1.0000 0.9870 0.000800
687.00 P 20260821 -1.00 -1.00 10 33 0.2601 -0.0129 0.000800
688.00 C 20260821 -1.00 -1.00 0 0 -1.0000 0.9866 0.000800
688.00 P 20260821 -1.00 -1.00 10 152 0.2583 -0.0133 0.000800
689.00 C 20260821 -1.00 -1.00 0 0 -1.0000 0.9862 0.000800
689.00 P 20260821 -1.00 -1.00 5 51 0.2564 -0.0136 0.000800
690.00 C 20260821 -1.00 -1.00 0 89 -1.0000 0.9858 0.000900
690.00 P 20260821 -1.00 -1.00 17 2067 0.2546 -0.0140 0.000900
691.00 C 20260821 -1.00 -1.00 0 1 -1.0000 0.9854 0.000900
691.00 P 20260821 -1.00 -1.00 21 138 0.2526 -0.0144 0.000900
692.00 C 20260821 -1.00 -1.00 0 0 -1.0000 0.9850 0.000900
692.00 P 20260821 -1.00 -1.00 15 192 0.2508 -0.0148 0.000900
693.00 C 20260821 -1.00 -1.00 0 1 -1.0000 0.9846 0.000900
693.00 P 20260821 -1.00 -1.00 10 34 0.2489 -0.0153 0.000900
694.00 C 20260821 -1.00 -1.00 0 0 -1.0000 0.9841 0.001000
694.00 P 20260821 -1.00 -1.00 17 82 0.2477 -0.0157 0.001000
695.00 C 20260821 -1.00 -1.00 0 56 -1.0000 0.9837 0.001000
695.00 P 20260821 -1.00 -1.00 10 252 0.2456 -0.0162 0.001000
696.00 C 20260821 -1.00 -1.00 0 5 -1.0000 0.9832 0.001000
696.00 P 20260821 -1.00 -1.00 35 101 0.2437 -0.0167 0.001000
697.00 C 20260821 -1.00 -1.00 0 5 -1.0000 0.9826 0.001100
697.00 P 20260821 -1.00 -1.00 25 90 0.2416 -0.0172 0.001100
698.00 C 20260821 -1.00 -1.00 0 0 -1.0000 0.9821 0.001100
698.00 P 20260821 -1.00 -1.00 15 79 0.2403 -0.0178 0.001100
699.00 C 20260821 -1.00 -1.00 0 0 -1.0000 0.9815 0.001200
699.00 P 20260821 -1.00 -1.00 5 22 0.2379 -0.0184 0.001200
700.00 C 20260821 -1.00 -1.00 1 346 -1.0000 0.9809 0.001200
700.00 P 20260821 -1.00 -1.00 38 16784 0.2367 -0.0189 0.001200
701.00 C 20260821 -1.00 -1.00 0 1 -1.0000 0.9803 0.001200
701.00 P 20260821 -1.00 -1.00 19 146 0.2342 -0.0196 0.001200
702.00 C 20260821 -1.00 -1.00 0 0 -1.0000 0.9797 0.001300
702.00 P 20260821 -1.00 -1.00 44 57 0.2323 -0.0202 0.001300
703.00 C 20260821 -1.00 -1.00 0 0 0.2523 0.9790 0.001300
703.00 P 20260821 -1.00 -1.00 25 107 0.2306 -0.0209 0.001300
704.00 C 20260821 -1.00 -1.00 0 0 0.2495 0.9783 0.001400
704.00 P 20260821 -1.00 -1.00 69 2206 0.2288 -0.0217 0.001400
705.00 C 20260821 -1.00 -1.00 0 34 0.2467 0.9776 0.001400
705.00 P 20260821 -1.00 -1.00 43 5406 0.2268 -0.0223 0.001400
706.00 C 20260821 -1.00 -1.00 0 2 0.2439 0.9768 0.001500
706.00 P 20260821 -1.00 -1.00 35 55 0.2251 -0.0231 0.001500
707.00 C 20260821 -1.00 -1.00 0 0 0.2415 0.9760 0.001500
707.00 P 20260821 -1.00 -1.00 53 147 0.2233 -0.0239 0.001500
708.00 C 20260821 -1.00 -1.00 0 2 0.2386 0.9751 0.001600
708.00 P 20260821 -1.00 -1.00 68 254 0.2215 -0.0248 0.001600
709.00 C 20260821 -1.00 -1.00 0 2 0.2358 0.9742 0.001700
709.00 P 20260821 -1.00 -1.00 32 183 0.2197 -0.0257 0.001700
710.00 C 20260821 -1.00 -1.00 0 62 0.2330 0.9733 0.001700
710.00 P 20260821 -1.00 -1.00 46 991 0.2178 -0.0266 0.001700
711.00 C 20260821 -1.00 -1.00 0 0 0.2305 0.9723 0.001800
711.00 P 20260821 -1.00 -1.00 71 65 0.2162 -0.0276 0.001800
712.00 C 20260821 -1.00 -1.00 0 2 0.2276 0.9713 0.001900
712.00 P 20260821 -1.00 -1.00 20 54 0.2149 -0.0286 0.001900
713.00 C 20260821 -1.00 -1.00 0 1 0.2252 0.9702 0.001900
713.00 P 20260821 -1.00 -1.00 106 89 0.2127 -0.0297 0.001900
714.00 C 20260821 -1.00 -1.00 0 1 0.2223 0.9690 0.002000
714.00 P 20260821 -1.00 -1.00 33 88 0.2111 -0.0309 0.002000
715.00 C 20260821 -1.00 -1.00 0 8 0.2197 0.9679 0.002100
715.00 P 20260821 -1.00 -1.00 36 2472 0.2092 -0.0321 0.002100
716.00 C 20260821 -1.00 -1.00 0 0 0.2172 0.9666 0.002200
716.00 P 20260821 -1.00 -1.00 5 129 0.2079 -0.0333 0.002200
717.00 C 20260821 -1.00 -1.00 0 12 0.2146 0.9653 0.002300
717.00 P 20260821 -1.00 -1.00 5 106 0.2059 -0.0346 0.002300
718.00 C 20260821 -1.00 -1.00 0 1 0.2117 0.9639 0.002400
718.00 P 20260821 -1.00 -1.00 5 105 0.2043 -0.0361 0.002400
719.00 C 20260821 -1.00 -1.00 0 7 0.2091 0.9625 0.002400
719.00 P 20260821 -1.00 -1.00 1 83 0.2026 -0.0375 0.002500
720.00 C 20260821 -1.00 -1.00 0 55 0.2065 0.9609 0.002600
720.00 P 20260821 -1.00 -1.00 44 1058 0.2008 -0.0390 0.002600
721.00 C 20260821 -1.00 -1.00 0 1 0.2042 0.9593 0.002700
721.00 P 20260821 -1.00 -1.00 11 340 0.1991 -0.0406 0.002700
722.00 C 20260821 -1.00 -1.00 0 8 0.2016 0.9576 0.002800
722.00 P 20260821 -1.00 -1.00 7 131 0.1977 -0.0423 0.002800
723.00 C 20260821 -1.00 -1.00 0 3 0.1989 0.9558 0.002900
723.00 P 20260821 -1.00 -1.00 14 60 0.1963 -0.0440 0.002900
724.00 C 20260821 -1.00 -1.00 0 12 0.1966 0.9540 0.003000
724.00 P 20260821 -1.00 -1.00 30 182 0.1944 -0.0460 0.003000
725.00 C 20260821 -1.00 -1.00 0 29 0.1939 0.9520 0.003200
725.00 P 20260821 -1.00 -1.00 23 405 0.1930 -0.0479 0.003200
726.00 C 20260821 -1.00 -1.00 0 11 0.1914 0.9499 0.003300
726.00 P 20260821 -1.00 -1.00 15 362 0.1911 -0.0501 0.003300
727.00 C 20260821 -1.00 -1.00 0 23 0.1890 0.9477 0.003400
727.00 P 20260821 -1.00 -1.00 45 64 0.1897 -0.0523 0.003400
728.00 C 20260821 -1.00 -1.00 0 19 0.1865 0.9454 0.003600
728.00 P 20260821 -1.00 -1.00 38 229 0.1881 -0.0546 0.003600
729.00 C 20260821 -1.00 -1.00 0 16 0.1840 0.9430 0.003700
729.00 P 20260821 -1.00 -1.00 26 405 0.1865 -0.0570 0.003700
730.00 C 20260821 -1.00 -1.00 0 54 0.1817 0.9404 0.003900
730.00 P 20260821 -1.00 -1.00 89 910 0.1849 -0.0595 0.003900
731.00 C 20260821 -1.00 -1.00 0 22 0.1794 0.9378 0.004100
731.00 P 20260821 -1.00 -1.00 16 249 0.1832 -0.0621 0.004100
732.00 C 20260821 -1.00 -1.00 0 13 0.1768 0.9349 0.004200
732.00 P 20260821 -1.00 -1.00 38 305 0.1818 -0.0650 0.004200
733.00 C 20260821 -1.00 -1.00 0 54 0.1744 0.9319 0.004400
733.00 P 20260821 -1.00 -1.00 28 61 0.1802 -0.0681 0.004400
734.00 C 20260821 -1.00 -1.00 0 45 0.1722 0.9288 0.004600
734.00 P 20260821 -1.00 -1.00 1 371 0.1787 -0.0712 0.004600
735.00 C 20260821 -1.00 -1.00 0 54 0.1697 0.9254 0.004800
735.00 P 20260821 -1.00 -1.00 15 326 0.1772 -0.0744 0.004800
736.00 C 20260821 -1.00 -1.00 1 35 0.1674 0.9219 0.005100
736.00 P 20260821 -1.00 -1.00 15 39 0.1757 -0.0782 0.005100
737.00 C 20260821 -1.00 -1.00 0 50 0.1651 0.9182 0.005300
737.00 P 20260821 -1.00 -1.00 26 76 0.1745 -0.0817 0.005300
738.00 C 20260821 -1.00 -1.00 0 64 0.1627 0.9143 0.005500
738.00 P 20260821 -1.00 -1.00 6 60 0.1730 -0.0856 0.005500
739.00 C 20260821 -1.00 -1.00 0 49 0.1605 0.9102 0.005800
739.00 P 20260821 -1.00 -1.00 25 83 0.1713 -0.0897 0.005800
740.00 C 20260821 -1.00 -1.00 3 261 0.1772 0.9058 0.006000
740.00 P 20260821 -1.00 -1.00 9 462 0.1699 -0.0940 0.006000
741.00 C 20260821 -1.00 -1.00 2 27 0.1744 0.9012 0.006300
741.00 P 20260821 -1.00 -1.00 55 104 0.1684 -0.0986 0.006300
742.00 C 20260821 -1.00 -1.00 0 47 0.1717 0.8964 0.006600
742.00 P 20260821 -1.00 -1.00 20 55 0.1670 -0.1035 0.006600
743.00 C 20260821 -1.00 -1.00 0 36 0.1690 0.8913 0.006900
743.00 P 20260821 -1.00 -1.00 60 41 0.1656 -0.1087 0.006900
744.00 C 20260821 -1.00 -1.00 2 48 0.1663 0.8859 0.007200
744.00 P 20260821 -1.00 -1.00 17 51 0.1643 -0.1140 0.007200
745.00 C 20260821 -1.00 -1.00 0 143 0.1636 0.8802 0.007500
745.00 P 20260821 -1.00 -1.00 90 1659 0.1628 -0.1197 0.007500
746.00 C 20260821 -1.00 -1.00 0 45 0.1609 0.8742 0.007800
746.00 P 20260821 -1.00 -1.00 30 70 0.1616 -0.1258 0.007800
747.00 C 20260821 -1.00 -1.00 0 48 0.1584 0.8679 0.008100
747.00 P 20260821 -1.00 -1.00 21 52 0.1600 -0.1320 0.008100
748.00 C 20260821 -1.00 -1.00 0 475 0.1556 0.8612 0.008500
748.00 P 20260821 -1.00 -1.00 11 304 0.1588 -0.1387 0.008500
749.00 C 20260821 -1.00 -1.00 0 54 0.1530 0.8542 0.008900
749.00 P 20260821 -1.00 -1.00 30 79 0.1575 -0.1457 0.008900
750.00 C 20260821 -1.00 -1.00 70 443 0.1504 0.8468 0.009200
750.00 P 20260821 -1.00 -1.00 104 1616 0.1561 -0.1530 0.009200
751.00 C 20260821 -1.00 -1.00 1 83 0.1478 0.8391 0.009600
751.00 P 20260821 -1.00 -1.00 10 258 0.1549 -0.1609 0.009600
752.00 C 20260821 -1.00 -1.00 1 50 0.1576 0.8309 0.010000
752.00 P 20260821 -1.00 -1.00 1 180 0.1536 -0.1690 0.010000
753.00 C 20260821 -1.00 -1.00 0 86 0.1547 0.8223 0.010400
753.00 P 20260821 -1.00 -1.00 15 86 0.1524 -0.1775 0.010400
754.00 C 20260821 -1.00 -1.00 3 36 0.1490 0.8133 0.010800
754.00 P 20260821 -1.00 -1.00 11 101 0.1510 -0.1866 0.010800
755.00 C 20260821 -1.00 -1.00 92 355 0.1482 0.8039 0.011300
755.00 P 20260821 -1.00 -1.00 31 158 0.1500 -0.1961 0.011300
756.00 C 20260821 -1.00 -1.00 0 71 0.1468 0.7940 0.011700
756.00 P 20260821 -1.00 -1.00 16 69 0.1487 -0.2060 0.011700
757.00 C 20260821 -1.00 -1.00 1 80 0.1457 0.7836 0.012100
757.00 P 20260821 -1.00 -1.00 27 81 0.1475 -0.2164 0.012200
758.00 C 20260821 -1.00 -1.00 0 73 0.1446 0.7727 0.012600
758.00 P 20260821 -1.00 -1.00 20 134 0.1463 -0.2273 0.012600
759.00 C 20260821 -1.00 -1.00 3 117 0.1435 0.7614 0.013000
759.00 P 20260821 -1.00 -1.00 52 24 0.1452 -0.2386 0.013000
760.00 C 20260821 -1.00 -1.00 13 370 0.1441 0.7495 0.013500
760.00 P 20260821 -1.00 -1.00 57 481 0.1440 -0.2505 0.013500
761.00 C 20260821 -1.00 -1.00 3 126 0.1428 0.7370 0.014000
761.00 P 20260821 -1.00 -1.00 5 30 0.1428 -0.2629 0.014000
762.00 C 20260821 -1.00 -1.00 2 139 0.1417 0.7241 0.014400
762.00 P 20260821 -1.00 -1.00 4 40 0.1415 -0.2756 0.014400
763.00 C 20260821 -1.00 -1.00 0 64 0.1406 0.7108 0.014800
763.00 P 20260821 -1.00 -1.00 2 20 0.1406 -0.2891 0.014800
764.00 C 20260821 -1.00 -1.00 0 100 0.1396 0.6969 0.015300
764.00 P 20260821 -1.00 -1.00 10 31 0.1394 -0.3028 0.015300
765.00 C 20260821 -1.00 -1.00 12 614 0.1384 0.6824 0.015700
765.00 P 20260821 -1.00 -1.00 94 49 0.1385 -0.3174 0.015700
766.00 C 20260821 -1.00 -1.00 1 121 0.1374 0.6675 0.016100
766.00 P 20260821 -1.00 -1.00 18 31 0.1374 -0.3323 0.016100
767.00 C 20260821 -1.00 -1.00 32 196 0.1363 0.6521 0.016500
767.00 P 20260821 -1.00 -1.00 1 25 0.1365 -0.3477 0.016500
768.00 C 20260821 -1.00 -1.00 1 363 0.1355 0.6362 0.016900
768.00 P 20260821 -1.00 -1.00 3 6 0.1356 -0.3636 0.016900
769.00 C 20260821 -1.00 -1.00 24 211 0.1344 0.6198 0.017300
769.00 P 20260821 -1.00 -1.00 9 26 0.1345 -0.3800 0.017300
770.00 C 20260821 -1.00 -1.00 7 478 0.1335 0.6030 0.017600
770.00 P 20260821 -1.00 -1.00 52 57 0.1335 -0.3968 0.017600
771.00 C 20260821 -1.00 -1.00 9 336 0.1324 0.5858 0.018000
771.00 P 20260821 -1.00 -1.00 1 16 0.1325 -0.4141 0.018000
772.00 C 20260821 -1.00 -1.00 11 182 0.1316 0.5681 0.018200
772.00 P 20260821 -1.00 -1.00 130 599 0.1317 -0.4318 0.018200
773.00 C 20260821 -1.00 -1.00 7 271 0.1308 0.5501 0.018500
773.00 P 20260821 -1.00 -1.00 53 271 0.1308 -0.4498 0.018500
774.00 C 20260821 -1.00 -1.00 0 167 0.1300 0.5317 0.018700
774.00 P 20260821 -1.00 -1.00 4 5 0.1300 -0.4682 0.018700
775.00 C 20260821 -1.00 -1.00 40 361 0.1292 0.5131 0.018900
775.00 P 20260821 -1.00 -1.00 20 611 0.1292 -0.4868 0.018900
776.00 C 20260821 -1.00 -1.00 8 332 0.1284 0.4942 0.019000
776.00 P 20260821 -1.00 -1.00 11 6 0.1284 -0.5057 0.019000
777.00 C 20260821 -1.00 -1.00 29 849 0.1276 0.4751 0.019100
777.00 P 20260821 -1.00 -1.00 20 9 0.1276 -0.5248 0.019100
778.00 C 20260821 -1.00 -1.00 13 288 0.1268 0.4559 0.019100
778.00 P 20260821 -1.00 -1.00 9 5 0.1268 -0.5440 0.019100
779.00 C 20260821 -1.00 -1.00 5 136 0.1262 0.4367 0.019100
779.00 P 20260821 -1.00 -1.00 5 4 0.1262 -0.5632 0.019100
780.00 C 20260821 -1.00 -1.00 100 379 0.1255 0.4174 0.019000
780.00 P 20260821 -1.00 -1.00 6 26 0.1254 -0.5825 0.019000
781.00 C 20260821 -1.00 -1.00 1 54 0.1250 0.3982 0.018900
781.00 P 20260821 -1.00 -1.00 4 7 0.1248 -0.6014 0.018900
782.00 C 20260821 -1.00 -1.00 14 104 0.1244 0.3791 0.018700
782.00 P 20260821 -1.00 -1.00 3 1 0.1244 -0.6208 0.018700
783.00 C 20260821 -1.00 -1.00 11 57 0.1239 0.3602 0.018400
783.00 P 20260821 -1.00 -1.00 0 1 0.1237 -0.6397 0.018400
784.00 C 20260821 -1.00 -1.00 0 77 0.1234 0.3416 0.018200
784.00 P 20260821 -1.00 -1.00 0 6 0.1231 -0.6583 0.018200
785.00 C 20260821 -1.00 -1.00 78 312 0.1230 0.3232 0.017800
785.00 P 20260821 -1.00 -1.00 3 6 0.1230 -0.6764 0.017800
786.00 C 20260821 -1.00 -1.00 8 69 0.1225 0.3052 0.017500
786.00 P 20260821 -1.00 -1.00 0 2 0.1224 -0.6947 0.017500
787.00 C 20260821 -1.00 -1.00 13 26 0.1221 0.2875 0.017100
787.00 P 20260821 -1.00 -1.00 2 0 0.1219 -0.7123 0.017100
788.00 C 20260821 -1.00 -1.00 8 43 0.1215 0.2706 0.016600
788.00 P 20260821 -1.00 -1.00 0 0 0.1216 -0.7295 0.016600
789.00 C 20260821 -1.00 -1.00 0 47 0.1211 0.2539 0.016100
789.00 P 20260821 -1.00 -1.00 0 4 0.1212 -0.7462 0.016100
790.00 C 20260821 -1.00 -1.00 15 237 0.1208 0.2377 0.015600
790.00 P 20260821 -1.00 -1.00 1 4 0.1211 -0.7622 0.015600
791.00 C 20260821 -1.00 -1.00 24 37 0.1204 0.2220 0.015100
791.00 P 20260821 -1.00 -1.00 0 0 0.1213 -0.7778 0.015100
792.00 C 20260821 -1.00 -1.00 1 57 0.1201 0.2069 0.014500
792.00 P 20260821 -1.00 -1.00 0 2 0.1210 -0.7929 0.014500
793.00 C 20260821 -1.00 -1.00 8 38 0.1198 0.1925 0.013900
793.00 P 20260821 -1.00 -1.00 0 0 0.1208 -0.8074 0.013900
794.00 C 20260821 -1.00 -1.00 5 35 0.1194 0.1786 0.013300
794.00 P 20260821 -1.00 -1.00 0 0 0.1207 -0.8212 0.013300
795.00 C 20260821 -1.00 -1.00 5 77 0.1193 0.1654 0.012700
795.00 P 20260821 -1.00 -1.00 0 1 0.1207 -0.8345 0.012700
796.00 C 20260821 -1.00 -1.00 21 54 0.1191 0.1529 0.012100
796.00 P 20260821 -1.00 -1.00 0 0 0.1206 -0.8470 0.012100
797.00 C 20260821 -1.00 -1.00 11 39 0.1188 0.1410 0.011500
797.00 P 20260821 -1.00 -1.00 0 1 0.1203 -0.8589 0.011500
798.00 C 20260821 -1.00 -1.00 20 76 0.1186 0.1298 0.010800
798.00 P 20260821 -1.00 -1.00 4 11 0.1231 -0.8701 0.010800
799.00 C 20260821 -1.00 -1.00 40 49 0.1185 0.1192 0.010200
799.00 P 20260821 -1.00 -1.00 0 0 0.1249 -0.8807 0.010200
800.00 C 20260821 -1.00 -1.00 175 1004 0.1184 0.1093 0.009600
800.00 P 20260821 -1.00 -1.00 0 25 0.1269 -0.8905 0.009600
805.00 C 20260821 -1.00 -1.00 85 1537 0.1184 0.0696 0.006900
805.00 P 20260821 -1.00 -1.00 0 6 0.1178 -0.9302 0.006900
810.00 C 20260821 -1.00 -1.00 111 932 0.1194 0.0441 0.004700
810.00 P 20260821 -1.00 -1.00 0 8 0.1267 -0.9557 0.004700
815.00 C 20260821 -1.00 -1.00 69 105 0.1229 0.0291 0.003300
815.00 P 20260821 -1.00 -1.00 0 6 0.1373 -0.9708 0.003300
820.00 C 20260821 -1.00 -1.00 46 642 0.1278 0.0206 0.002400
820.00 P 20260821 -1.00 -1.00 0 2 0.1486 -0.9793 0.002400
825.00 C 20260821 -1.00 -1.00 85 20 0.1342 0.0157 0.001800
825.00 P 20260821 -1.00 -1.00 0 0 0.1609 -0.9842 0.001800
830.00 C 20260821 -1.00 -1.00 35 121 0.1426 0.0126 0.001400
830.00 P 20260821 -1.00 -1.00 0 0 0.1733 -0.9872 0.001400
835.00 C 20260821 -1.00 -1.00 25 5 0.1502 0.0105 0.001100
835.00 P 20260821 -1.00 -1.00 0 0 0.1855 -0.9893 0.001100
840.00 C 20260821 -1.00 -1.00 30 132 0.1581 0.0090 0.000900
840.00 P 20260821 -1.00 -1.00 0 0 0.1978 -0.9909 0.000900
845.00 C 20260821 -1.00 -1.00 25 6 0.1669 0.0078 0.000800
845.00 P 20260821 -1.00 -1.00 0 1 0.2105 -0.9920 0.000800
850.00 C 20260821 -1.00 -1.00 20 292 0.1736 0.0069 0.000700
850.00 P 20260821 -1.00 -1.00 0 1 0.2225 -0.9930 0.000700
855.00 C 20260821 -1.00 -1.00 5 2 0.1814 0.0061 0.000600
855.00 P 20260821 -1.00 -1.00 0 0 0.2344 -0.9937 0.000600
860.00 C 20260821 -1.00 -1.00 0 107 0.1889 0.0055 0.000500
860.00 P 20260821 -1.00 -1.00 0 0 -1.0000 -0.9944 0.000500
635.00 C 20260805 -1.00 -1.00 0 0 2.6382 1.0000 0.000000
635.00 P 20260805 -1.00 -1.00 0 0 2.7204 0.0000 0.000000
636.00 C 20260805 -1.00 -1.00 0 0 2.6186 1.0000 0.000000
636.00 P 20260805 -1.00 -1.00 0 0 2.7002 0.0000 0.000000
637.00 C 20260805 -1.00 -1.00 0 0 2.5990 1.0000 0.000000
637.00 P 20260805 -1.00 -1.00 0 0 2.6801 0.0000 0.000000
638.00 C 20260805 -1.00 -1.00 0 0 2.5794 1.0000 0.000000
638.00 P 20260805 -1.00 -1.00 0 0 2.6600 0.0000 0.000000
639.00 C 20260805 -1.00 -1.00 0 0 2.5598 0.9999 0.000000
639.00 P 20260805 -1.00 -1.00 0 0 2.6399 -0.0001 0.000000
640.00 C 20260805 -1.00 -1.00 0 0 2.5403 0.9999 0.000000
640.00 P 20260805 -1.00 -1.00 0 4 2.6198 -0.0001 0.000000
641.00 C 20260805 -1.00 -1.00 0 0 2.5208 0.9999 0.000000
641.00 P 20260805 -1.00 -1.00 0 0 2.5997 -0.0001 0.000000
642.00 C 20260805 -1.00 -1.00 0 0 2.5013 0.9999 0.000000
642.00 P 20260805 -1.00 -1.00 0 0 2.5797 -0.0001 0.000000
643.00 C 20260805 -1.00 -1.00 0 0 2.4818 0.9999 0.000000
643.00 P 20260805 -1.00 -1.00 0 0 2.5597 -0.0001 0.000000
644.00 C 20260805 -1.00 -1.00 0 0 2.4623 0.9999 0.000000
644.00 P 20260805 -1.00 -1.00 0 0 2.5397 -0.0001 0.000000
645.00 C 20260805 -1.00 -1.00 0 0 2.4429 0.9999 0.000000
645.00 P 20260805 -1.00 -1.00 0 1 2.5198 -0.0001 0.000000
646.00 C 20260805 -1.00 -1.00 0 0 2.4235 0.9999 0.000000
646.00 P 20260805 -1.00 -1.00 0 0 2.4998 -0.0001 0.000000
647.00 C 20260805 -1.00 -1.00 0 0 2.4041 0.9999 0.000000
647.00 P 20260805 -1.00 -1.00 0 0 2.4799 -0.0001 0.000000
648.00 C 20260805 -1.00 -1.00 0 0 2.3848 0.9999 0.000000
648.00 P 20260805 -1.00 -1.00 0 0 2.4600 -0.0001 0.000000
649.00 C 20260805 -1.00 -1.00 0 0 2.3654 0.9999 0.000000
649.00 P 20260805 -1.00 -1.00 0 0 2.4402 -0.0001 0.000000
650.00 C 20260805 -1.00 -1.00 0 0 2.3461 0.9999 0.000000
650.00 P 20260805 -1.00 -1.00 0 19 2.4203 -0.0001 0.000000
651.00 C 20260805 -1.00 -1.00 0 0 2.3268 0.9999 0.000000
651.00 P 20260805 -1.00 -1.00 0 0 2.4005 -0.0001 0.000000
652.00 C 20260805 -1.00 -1.00 0 0 2.3076 0.9999 0.000000
652.00 P 20260805 -1.00 -1.00 0 0 2.3807 -0.0001 0.000000
653.00 C 20260805 -1.00 -1.00 0 0 2.2883 0.9999 0.000000
653.00 P 20260805 -1.00 -1.00 0 0 2.3609 -0.0001 0.000000
654.00 C 20260805 -1.00 -1.00 0 0 2.2691 0.9999 0.000000
654.00 P 20260805 -1.00 -1.00 0 0 2.3411 -0.0001 0.000000
655.00 C 20260805 -1.00 -1.00 0 0 2.2499 0.9999 0.000000
655.00 P 20260805 -1.00 -1.00 0 0 2.3214 -0.0001 0.000000
656.00 C 20260805 -1.00 -1.00 0 0 2.2307 0.9999 0.000000
656.00 P 20260805 -1.00 -1.00 0 0 2.3016 -0.0001 0.000000
657.00 C 20260805 -1.00 -1.00 0 0 2.2115 0.9999 0.000000
657.00 P 20260805 -1.00 -1.00 0 0 2.2820 -0.0001 0.000000
658.00 C 20260805 -1.00 -1.00 0 0 2.1923 0.9999 0.000000
658.00 P 20260805 -1.00 -1.00 0 0 2.2623 -0.0001 0.000000
659.00 C 20260805 -1.00 -1.00 0 0 2.1732 0.9998 0.000000
659.00 P 20260805 -1.00 -1.00 0 0 2.2426 -0.0001 0.000000
660.00 C 20260805 -1.00 -1.00 0 1 2.1541 0.9998 0.000000
660.00 P 20260805 -1.00 -1.00 0 22 2.2230 -0.0002 0.000000
661.00 C 20260805 -1.00 -1.00 0 0 2.1350 0.9998 0.000000
661.00 P 20260805 -1.00 -1.00 0 0 2.2033 -0.0002 0.000000
662.00 C 20260805 -1.00 -1.00 0 0 2.1160 0.9998 0.000000
662.00 P 20260805 -1.00 -1.00 0 0 2.1837 -0.0002 0.000000
663.00 C 20260805 -1.00 -1.00 0 0 2.0969 0.9998 0.000000
663.00 P 20260805 -1.00 -1.00 0 0 2.1641 -0.0002 0.000000
664.00 C 20260805 -1.00 -1.00 0 0 2.0779 0.9998 0.000000
664.00 P 20260805 -1.00 -1.00 0 0 2.1446 -0.0002 0.000000
665.00 C 20260805 -1.00 -1.00 0 0 2.0589 0.9998 0.000000
665.00 P 20260805 -1.00 -1.00 0 4 2.1250 -0.0002 0.000000
666.00 C 20260805 -1.00 -1.00 0 0 2.0399 0.9998 0.000000
666.00 P 20260805 -1.00 -1.00 0 0 2.1055 -0.0002 0.000000
667.00 C 20260805 -1.00 -1.00 0 0 2.0209 0.9998 0.000000
667.00 P 20260805 -1.00 -1.00 0 0 2.0860 -0.0002 0.000000
668.00 C 20260805 -1.00 -1.00 0 0 2.0019 0.9998 0.000000
668.00 P 20260805 -1.00 -1.00 0 0 2.0665 -0.0002 0.000000
669.00 C 20260805 -1.00 -1.00 0 0 1.9830 0.9998 0.000000
669.00 P 20260805 -1.00 -1.00 0 0 2.0470 -0.0002 0.000000
670.00 C 20260805 -1.00 -1.00 0 0 1.9641 0.9998 0.000000
670.00 P 20260805 -1.00 -1.00 0 58 2.0276 -0.0002 0.000000
671.00 C 20260805 -1.00 -1.00 0 0 1.9452 0.9998 0.000000
671.00 P 20260805 -1.00 -1.00 0 0 2.0081 -0.0002 0.000000
672.00 C 20260805 -1.00 -1.00 0 0 -1.0000 0.9997 0.000000
672.00 P 20260805 -1.00 -1.00 0 0 1.9887 -0.0003 0.000000
673.00 C 20260805 -1.00 -1.00 0 0 1.9074 0.9997 0.000000
673.00 P 20260805 -1.00 -1.00 0 0 1.9693 -0.0003 0.000000
674.00 C 20260805 -1.00 -1.00 0 0 1.8886 0.9997 0.000000
674.00 P 20260805 -1.00 -1.00 0 0 1.9499 -0.0003 0.000000
675.00 C 20260805 -1.00 -1.00 0 0 1.8698 0.9997 0.000000
675.00 P 20260805 -1.00 -1.00 1 26 1.9306 -0.0003 0.000000
676.00 C 20260805 -1.00 -1.00 0 0 -1.0000 0.9997 0.000000
676.00 P 20260805 -1.00 -1.00 0 1 1.9112 -0.0003 0.000000
677.00 C 20260805 -1.00 -1.00 0 0 -1.0000 0.9997 0.000000
677.00 P 20260805 -1.00 -1.00 0 1 1.8919 -0.0003 0.000000
678.00 C 20260805 -1.00 -1.00 0 1 -1.0000 0.9997 0.000000
678.00 P 20260805 -1.00 -1.00 0 0 1.8726 -0.0003 0.000000
679.00 C 20260805 -1.00 -1.00 0 0 -1.0000 0.9996 0.000000
679.00 P 20260805 -1.00 -1.00 0 0 1.8533 -0.0004 0.000000
680.00 C 20260805 -1.00 -1.00 0 0 1.7759 0.9996 0.000000
680.00 P 20260805 -1.00 -1.00 1 761 1.8340 -0.0004 0.000000
681.00 C 20260805 -1.00 -1.00 0 0 -1.0000 0.9996 0.000000
681.00 P 20260805 -1.00 -1.00 0 0 1.8147 -0.0004 0.000000
635.00 C 20260806 -1.00 -1.00 0 0 1.1525 0.9999 0.000000
635.00 P 20260806 -1.00 -1.00 0 2 1.1175 0.0000 0.000000
636.00 C 20260806 -1.00 -1.00 0 0 1.1433 0.9999 0.000000
636.00 P 20260806 -1.00 -1.00 0 0 1.1092 0.0000 0.000000
637.00 C 20260806 -1.00 -1.00 0 0 1.1340 0.9999 0.000000
637.00 P 20260806 -1.00 -1.00 0 0 1.1010 0.0000 0.000000
638.00 C 20260806 -1.00 -1.00 0 0 1.1248 0.9999 0.000000
638.00 P 20260806 -1.00 -1.00 0 0 1.0928 0.0000 0.000000
639.00 C 20260806 -1.00 -1.00 0 0 1.1157 0.9999 0.000000
639.00 P 20260806 -1.00 -1.00 0 0 1.0846 -0.0001 0.000000
640.00 C 20260806 -1.00 -1.00 0 0 1.1065 0.9999 0.000000
640.00 P 20260806 -1.00 -1.00 0 1 1.0764 -0.0001 0.000000
641.00 C 20260806 -1.00 -1.00 0 0 1.0973 0.9999 0.000000
641.00 P 20260806 -1.00 -1.00 0 0 1.0682 -0.0001 0.000000
642.00 C 20260806 -1.00 -1.00 0 0 1.0882 0.9999 0.000000
642.00 P 20260806 -1.00 -1.00 0 0 1.0601 -0.0001 0.000000
643.00 C 20260806 -1.00 -1.00 0 0 1.0790 0.9999 0.000000
643.00 P 20260806 -1.00 -1.00 0 0 1.0519 -0.0001 0.000000
644.00 C 20260806 -1.00 -1.00 0 0 1.0699 0.9999 0.000000
644.00 P 20260806 -1.00 -1.00 0 0 1.0438 -0.0001 0.000000
645.00 C 20260806 -1.00 -1.00 0 0 1.0608 0.9999 0.000000
645.00 P 20260806 -1.00 -1.00 0 0 1.0356 -0.0001 0.000000
646.00 C 20260806 -1.00 -1.00 0 0 1.0517 0.9999 0.000000
646.00 P 20260806 -1.00 -1.00 0 0 1.0275 -0.0001 0.000000
647.00 C 20260806 -1.00 -1.00 0 0 1.0427 0.9998 0.000000
647.00 P 20260806 -1.00 -1.00 0 0 1.0193 -0.0001 0.000000
648.00 C 20260806 -1.00 -1.00 0 0 1.0336 0.9998 0.000000
648.00 P 20260806 -1.00 -1.00 0 0 1.0112 -0.0001 0.000000
649.00 C 20260806 -1.00 -1.00 0 0 1.0246 0.9998 0.000000
649.00 P 20260806 -1.00 -1.00 0 0 1.0031 -0.0001 0.000000
650.00 C 20260806 -1.00 -1.00 0 0 1.0155 0.9998 0.000000
650.00 P 20260806 -1.00 -1.00 0 9 0.9950 -0.0001 0.000000
651.00 C 20260806 -1.00 -1.00 0 0 1.0065 0.9998 0.000000
651.00 P 20260806 -1.00 -1.00 0 0 0.9869 -0.0001 0.000000
652.00 C 20260806 -1.00 -1.00 0 0 0.9975 0.9998 0.000000
652.00 P 20260806 -1.00 -1.00 0 0 0.9788 -0.0001 0.000000
653.00 C 20260806 -1.00 -1.00 0 0 0.9885 0.9998 0.000000
653.00 P 20260806 -1.00 -1.00 0 0 0.9707 -0.0001 0.000000
654.00 C 20260806 -1.00 -1.00 0 0 0.9795 0.9998 0.000000
654.00 P 20260806 -1.00 -1.00 0 0 0.9627 -0.0001 0.000000
655.00 C 20260806 -1.00 -1.00 0 0 0.9706 0.9998 0.000000
655.00 P 20260806 -1.00 -1.00 0 0 0.9546 -0.0001 0.000000
656.00 C 20260806 -1.00 -1.00 0 0 0.9616 0.9998 0.000000
656.00 P 20260806 -1.00 -1.00 0 0 0.9466 -0.0001 0.000000
657.00 C 20260806 -1.00 -1.00 0 0 0.9527 0.9998 0.000000
657.00 P 20260806 -1.00 -1.00 0 0 0.9385 -0.0001 0.000000
658.00 C 20260806 -1.00 -1.00 0 0 0.9438 0.9998 0.000000
658.00 P 20260806 -1.00 -1.00 0 0 0.9305 -0.0001 0.000000
659.00 C 20260806 -1.00 -1.00 0 0 0.9348 0.9998 0.000000
659.00 P 20260806 -1.00 -1.00 0 0 0.9224 -0.0001 0.000000
660.00 C 20260806 -1.00 -1.00 0 0 0.9260 0.9998 0.000000
660.00 P 20260806 -1.00 -1.00 0 7 0.9144 -0.0001 0.000000
661.00 C 20260806 -1.00 -1.00 0 0 0.9171 0.9998 0.000000
661.00 P 20260806 -1.00 -1.00 0 0 0.9064 -0.0001 0.000000
662.00 C 20260806 -1.00 -1.00 0 0 0.9082 0.9998 0.000000
662.00 P 20260806 -1.00 -1.00 0 0 0.8984 -0.0001 0.000000
663.00 C 20260806 -1.00 -1.00 0 0 0.8994 0.9998 0.000000
663.00 P 20260806 -1.00 -1.00 0 0 0.8904 -0.0001 0.000000
664.00 C 20260806 -1.00 -1.00 0 0 0.8905 0.9998 0.000000
664.00 P 20260806 -1.00 -1.00 0 0 0.8824 -0.0001 0.000000
665.00 C 20260806 -1.00 -1.00 0 0 0.8817 0.9998 0.000000
665.00 P 20260806 -1.00 -1.00 0 16 0.8744 -0.0001 0.000000
666.00 C 20260806 -1.00 -1.00 0 0 0.8729 0.9998 0.000000
666.00 P 20260806 -1.00 -1.00 0 0 0.8664 -0.0001 0.000000
667.00 C 20260806 -1.00 -1.00 0 0 0.8640 0.9998 0.000000
667.00 P 20260806 -1.00 -1.00 0 0 0.8585 -0.0001 0.000000
668.00 C 20260806 -1.00 -1.00 0 0 0.8553 0.9998 0.000000
668.00 P 20260806 -1.00 -1.00 0 0 0.8505 -0.0001 0.000000
669.00 C 20260806 -1.00 -1.00 0 0 0.8465 0.9998 0.000000
669.00 P 20260806 -1.00 -1.00 0 0 0.8426 -0.0001 0.000000
670.00 C 20260806 -1.00 -1.00 0 0 0.8377 0.9998 0.000000
670.00 P 20260806 -1.00 -1.00 0 8 0.8346 -0.0001 0.000000
671.00 C 20260806 -1.00 -1.00 0 0 0.8571 0.9998 0.000000
671.00 P 20260806 -1.00 -1.00 0 0 0.8267 -0.0001 0.000000
672.00 C 20260806 -1.00 -1.00 0 0 0.8484 0.9998 0.000000
672.00 P 20260806 -1.00 -1.00 0 0 0.8187 -0.0002 0.000000
673.00 C 20260806 -1.00 -1.00 0 0 0.8396 0.9998 0.000000
673.00 P 20260806 -1.00 -1.00 0 0 0.8108 -0.0002 0.000000
674.00 C 20260806 -1.00 -1.00 0 0 0.8309 0.9998 0.000000
674.00 P 20260806 -1.00 -1.00 0 0 0.8029 -0.0002 0.000000
675.00 C 20260806 -1.00 -1.00 0 0 0.8221 0.9998 0.000000
675.00 P 20260806 -1.00 -1.00 0 3 0.7950 -0.0002 0.000000
676.00 C 20260806 -1.00 -1.00 0 0 0.8134 0.9997 0.000000
676.00 P 20260806 -1.00 -1.00 0 0 0.7871 -0.0002 0.000000
677.00 C 20260806 -1.00 -1.00 0 0 0.8047 0.9997 0.000000
677.00 P 20260806 -1.00 -1.00 0 0 0.7792 -0.0002 0.000000
678.00 C 20260806 -1.00 -1.00 0 0 0.7960 0.9997 0.000000
678.00 P 20260806 -1.00 -1.00 0 0 0.7713 -0.0002 0.000000
679.00 C 20260806 -1.00 -1.00 0 0 0.7874 0.9997 0.000000
679.00 P 20260806 -1.00 -1.00 0 0 0.7634 -0.0002 0.000000
680.00 C 20260806 -1.00 -1.00 0 0 0.7787 0.9997 0.000000
680.00 P 20260806 -1.00 -1.00 0 22 0.7555 -0.0002 0.000000
681.00 C 20260806 -1.00 -1.00 0 0 0.7701 0.9997 0.000000
681.00 P 20260806 -1.00 -1.00 0 0 0.7476 -0.0002 0.000000
635.00 C 20260807 -1.00 -1.00 0 0 0.7747 0.9993 0.000000
635.00 P 20260807 -1.00 -1.00 0 30 0.8228 -0.0006 0.000000
636.00 C 20260807 -1.00 -1.00 0 0 -1.0000 0.9993 0.000000
636.00 P 20260807 -1.00 -1.00 0 0 0.8167 -0.0006 0.000000
637.00 C 20260807 -1.00 -1.00 0 0 -1.0000 0.9992 0.000000
637.00 P 20260807 -1.00 -1.00 0 0 0.8107 -0.0006 0.000000
638.00 C 20260807 -1.00 -1.00 0 0 -1.0000 0.9992 0.000000
638.00 P 20260807 -1.00 -1.00 0 0 0.8046 -0.0006 0.000000
639.00 C 20260807 -1.00 -1.00 0 0 0.7233 0.9992 0.000000
639.00 P 20260807 -1.00 -1.00 0 0 0.7986 -0.0006 0.000000
640.00 C 20260807 -1.00 -1.00 0 0 0.7080 0.9992 0.000000
640.00 P 20260807 -1.00 -1.00 0 20 0.7926 -0.0006 0.000000
641.00 C 20260807 -1.00 -1.00 0 0 0.6909 0.9992 0.000000
641.00 P 20260807 -1.00 -1.00 0 0 0.7866 -0.0006 0.000000
642.00 C 20260807 -1.00 -1.00 0 0 0.6706 0.9992 0.000000
642.00 P 20260807 -1.00 -1.00 0 0 0.7806 -0.0006 0.000000
643.00 C 20260807 -1.00 -1.00 0 0 -1.0000 0.9992 0.000000
643.00 P 20260807 -1.00 -1.00 0 0 0.7746 -0.0007 0.000000
644.00 C 20260807 -1.00 -1.00 0 0 0.7309 0.9992 0.000000
644.00 P 20260807 -1.00 -1.00 0 0 0.7686 -0.0007 0.000000
645.00 C 20260807 -1.00 -1.00 0 0 -1.0000 0.9992 0.000000
645.00 P 20260807 -1.00 -1.00 0 8 0.7626 -0.0007 0.000000
646.00 C 20260807 -1.00 -1.00 0 0 -1.0000 0.9991 0.000000
646.00 P 20260807 -1.00 -1.00 0 0 0.7566 -0.0007 0.000000
647.00 C 20260807 -1.00 -1.00 0 0 -1.0000 0.9991 0.000100
647.00 P 20260807 -1.00 -1.00 0 0 0.7506 -0.0007 0.000100
648.00 C 20260807 -1.00 -1.00 0 0 0.6851 0.9991 0.000100
648.00 P 20260807 -1.00 -1.00 0 0 0.7446 -0.0007 0.000100
649.00 C 20260807 -1.00 -1.00 0 0 -1.0000 0.9991 0.000100
649.00 P 20260807 -1.00 -1.00 0 0 0.7386 -0.0008 0.000100
650.00 C 20260807 -1.00 -1.00 0 0 -1.0000 0.9991 0.000100
650.00 P 20260807 -1.00 -1.00 0 76 0.7327 -0.0008 0.000100
651.00 C 20260807 -1.00 -1.00 0 0 -1.0000 0.9990 0.000100
651.00 P 20260807 -1.00 -1.00 0 0 0.7267 -0.0008 0.000100
652.00 C 20260807 -1.00 -1.00 0 0 0.6254 0.9990 0.000100
652.00 P 20260807 -1.00 -1.00 0 0 0.7208 -0.0008 0.000100
653.00 C 20260807 -1.00 -1.00 0 0 -1.0000 0.9990 0.000100
653.00 P 20260807 -1.00 -1.00 0 0 0.7148 -0.0008 0.000100
654.00 C 20260807 -1.00 -1.00 0 0 0.6760 0.9990 0.000100
654.00 P 20260807 -1.00 -1.00 0 0 0.7089 -0.0008 0.000100
655.00 C 20260807 -1.00 -1.00 0 0 0.6657 0.9990 0.000100
655.00 P 20260807 -1.00 -1.00 0 22 0.7030 -0.0008 0.000100
656.00 C 20260807 -1.00 -1.00 0 0 0.6552 0.9990 0.000100
656.00 P 20260807 -1.00 -1.00 0 1 0.6971 -0.0009 0.000100
657.00 C 20260807 -1.00 -1.00 0 0 0.6852 0.9989 0.000100
657.00 P 20260807 -1.00 -1.00 0 0 0.6911 -0.0009 0.000100
658.00 C 20260807 -1.00 -1.00 0 0 -1.0000 0.9989 0.000100
658.00 P 20260807 -1.00 -1.00 0 0 0.6852 -0.0009 0.000100
659.00 C 20260807 -1.00 -1.00 0 0 -1.0000 0.9989 0.000100
659.00 P 20260807 -1.00 -1.00 0 0 0.6793 -0.0009 0.000100
660.00 C 20260807 -1.00 -1.00 0 3 -1.0000 0.9989 0.000100
660.00 P 20260807 -1.00 -1.00 0 1333 0.6734 -0.0010 0.000100
661.00 C 20260807 -1.00 -1.00 0 0 -1.0000 0.9989 0.000100
661.00 P 20260807 -1.00 -1.00 0 1 0.6675 -0.0010 0.000100
662.00 C 20260807 -1.00 -1.00 0 0 -1.0000 0.9988 0.000100
662.00 P 20260807 -1.00 -1.00 0 0 0.6616 -0.0010 0.000100
663.00 C 20260807 -1.00 -1.00 0 0 -1.0000 0.9988 0.000100
663.00 P 20260807 -1.00 -1.00 0 0 0.6558 -0.0010 0.000100
664.00 C 20260807 -1.00 -1.00 0 0 0.6213 0.9988 0.000100
664.00 P 20260807 -1.00 -1.00 0 0 0.6499 -0.0010 0.000100
665.00 C 20260807 -1.00 -1.00 0 0 -1.0000 0.9988 0.000100
665.00 P 20260807 -1.00 -1.00 0 35 0.6440 -0.0011 0.000100
666.00 C 20260807 -1.00 -1.00 0 0 -1.0000 0.9987 0.000100
666.00 P 20260807 -1.00 -1.00 0 0 0.6381 -0.0011 0.000100
667.00 C 20260807 -1.00 -1.00 0 0 0.5913 0.9987 0.000100
667.00 P 20260807 -1.00 -1.00 0 0 0.6323 -0.0011 0.000100
668.00 C 20260807 -1.00 -1.00 0 0 -1.0000 0.9987 0.000100
668.00 P 20260807 -1.00 -1.00 0 1 0.6264 -0.0012 0.000100
669.00 C 20260807 -1.00 -1.00 0 0 -1.0000 0.9986 0.000100
669.00 P 20260807 -1.00 -1.00 0 0 0.6206 -0.0012 0.000100
670.00 C 20260807 -1.00 -1.00 0 1 0.5578 0.9986 0.000100
670.00 P 20260807 -1.00 -1.00 0 292 0.6147 -0.0012 0.000100
671.00 C 20260807 -1.00 -1.00 0 0 0.5936 0.9986 0.000100
671.00 P 20260807 -1.00 -1.00 0 1 0.6089 -0.0012 0.000100
672.00 C 20260807 -1.00 -1.00 0 0 0.5314 0.9986 0.000100
672.00 P 20260807 -1.00 -1.00 0 0 0.6030 -0.0013 0.000100
673.00 C 20260807 -1.00 -1.00 0 0 0.5758 0.9985 0.000100
673.00 P 20260807 -1.00 -1.00 0 16 0.5972 -0.0013 0.000100
674.00 C 20260807 -1.00 -1.00 0 0 0.5667 0.9985 0.000100
674.00 P 20260807 -1.00 -1.00 0 1 0.5914 -0.0013 0.000100
675.00 C 20260807 -1.00 -1.00 0 0 0.5575 0.9985 0.000100
675.00 P 20260807 -1.00 -1.00 0 24 0.5856 -0.0014 0.000100
676.00 C 20260807 -1.00 -1.00 0 0 0.5480 0.9984 0.000100
676.00 P 20260807 -1.00 -1.00 0 3 0.5798 -0.0014 0.000100
677.00 C 20260807 -1.00 -1.00 0 0 -1.0000 0.9984 0.000100
677.00 P 20260807 -1.00 -1.00 0 15 0.5740 -0.0014 0.000100
678.00 C 20260807 -1.00 -1.00 0 0 0.5284 0.9984 0.000100
678.00 P 20260807 -1.00 -1.00 0 1 0.5681 -0.0015 0.000100
679.00 C 20260807 -1.00 -1.00 0 26 -1.0000 0.9983 0.000100
679.00 P 20260807 -1.00 -1.00 0 6 0.5973 -0.0015 0.000100
680.00 C 20260807 -1.00 -1.00 0 4 -1.0000 0.9983 0.000100
680.00 P 20260807 -1.00 -1.00 0 238 0.5565 -0.0016 0.000100
681.00 C 20260807 -1.00 -1.00 0 0 0.5380 0.9982 0.000100
681.00 P 20260807 -1.00 -1.00 0 4 0.5508 -0.0016 0.000100
635.00 C 20260810 -1.00 -1.00 0 0 0.5706 0.9990 0.000100
635.00 P 20260810 -1.00 -1.00 0 0 0.5336 -0.0009 0.000100
640.00 C 20260810 -1.00 -1.00 0 0 0.5429 0.9989 0.000100
640.00 P 20260810 -1.00 -1.00 0 7 0.5140 -0.0010 0.000100
645.00 C 20260810 -1.00 -1.00 0 0 0.5372 0.9988 0.000100
645.00 P 20260810 -1.00 -1.00 0 0 0.4946 -0.0011 0.000100
650.00 C 20260810 -1.00 -1.00 0 0 0.5279 0.9986 0.000100
650.00 P 20260810 -1.00 -1.00 0 6 0.4752 -0.0012 0.000100
655.00 C 20260810 -1.00 -1.00 0 0 0.4940 0.9985 0.000100
655.00 P 20260810 -1.00 -1.00 0 0 0.4559 -0.0013 0.000100
660.00 C 20260810 -1.00 -1.00 0 0 0.4844 0.9984 0.000100
660.00 P 20260810 -1.00 -1.00 0 4 0.4367 -0.0015 0.000100
665.00 C 20260810 -1.00 -1.00 0 0 0.4663 0.9982 0.000100
665.00 P 20260810 -1.00 -1.00 0 2 0.4321 -0.0016 0.000100
670.00 C 20260810 -1.00 -1.00 0 2 0.4415 0.9980 0.000100
670.00 P 20260810 -1.00 -1.00 0 16 0.4125 -0.0018 0.000100
674.00 C 20260810 -1.00 -1.00 0 0 0.4218 0.9978 0.000200
674.00 P 20260810 -1.00 -1.00 0 1 0.3969 -0.0020 0.000200
675.00 C 20260810 -1.00 -1.00 0 0 0.4294 0.9978 0.000200
675.00 P 20260810 -1.00 -1.00 0 5 0.3930 -0.0021 0.000200
676.00 C 20260810 -1.00 -1.00 0 0 0.4186 0.9977 0.000200
676.00 P 20260810 -1.00 -1.00 0 5 0.3892 -0.0021 0.000200
677.00 C 20260810 -1.00 -1.00 0 0 0.4137 0.9976 0.000200
677.00 P 20260810 -1.00 -1.00 0 0 0.3853 -0.0022 0.000200
678.00 C 20260810 -1.00 -1.00 0 0 0.4021 0.9976 0.000200
678.00 P 20260810 -1.00 -1.00 0 0 0.3814 -0.0022 0.000200
679.00 C 20260810 -1.00 -1.00 0 0 0.4100 0.9975 0.000200
679.00 P 20260810 -1.00 -1.00 0 0 0.3775 -0.0023 0.000200
680.00 C 20260810 -1.00 -1.00 0 0 0.4051 0.9975 0.000200
680.00 P 20260810 -1.00 -1.00 0 17 0.3736 -0.0024 0.000200
681.00 C 20260810 -1.00 -1.00 0 0 0.4058 0.9974 0.000200
681.00 P 20260810 -1.00 -1.00 0 3 0.3698 -0.0024 0.000200
635.00 C 20260811 -1.00 -1.00 0 0 0.5286 0.9988 0.000100
635.00 P 20260811 -1.00 -1.00 0 0 0.4887 -0.0011 0.000100
640.00 C 20260811 -1.00 -1.00 0 2 0.5025 0.9986 0.000100
640.00 P 20260811 -1.00 -1.00 0 0 0.4708 -0.0012 0.000100
645.00 C 20260811 -1.00 -1.00 0 6 0.4951 0.9985 0.000100
645.00 P 20260811 -1.00 -1.00 0 0 0.4528 -0.0013 0.000100
650.00 C 20260811 -1.00 -1.00 0 0 0.4701 0.9984 0.000100
650.00 P 20260811 -1.00 -1.00 0 14 0.4352 -0.0014 0.000100
655.00 C 20260811 -1.00 -1.00 0 0 0.4677 0.9982 0.000100
655.00 P 20260811 -1.00 -1.00 0 4 0.4318 -0.0016 0.000100
660.00 C 20260811 -1.00 -1.00 0 0 0.4608 0.9980 0.000100
660.00 P 20260811 -1.00 -1.00 0 6 0.4137 -0.0018 0.000100
665.00 C 20260811 -1.00 -1.00 0 0 0.4265 0.9978 0.000100
665.00 P 20260811 -1.00 -1.00 0 2 0.3957 -0.0020 0.000100
670.00 C 20260811 -1.00 -1.00 0 0 0.4030 0.9976 0.000200
670.00 P 20260811 -1.00 -1.00 0 59 0.3958 -0.0023 0.000200
674.00 C 20260811 -1.00 -1.00 0 0 0.4012 0.9973 0.000200
674.00 P 20260811 -1.00 -1.00 0 2 0.3808 -0.0025 0.000200
675.00 C 20260811 -1.00 -1.00 0 0 0.3966 0.9973 0.000200
675.00 P 20260811 -1.00 -1.00 0 0 0.3768 -0.0026 0.000200
676.00 C 20260811 -1.00 -1.00 0 0 0.3870 0.9972 0.000200
676.00 P 20260811 -1.00 -1.00 0 0 0.3734 -0.0026 0.000200
677.00 C 20260811 -1.00 -1.00 0 0 0.3824 0.9971 0.000200
677.00 P 20260811 -1.00 -1.00 0 0 0.3695 -0.0027 0.000200
678.00 C 20260811 -1.00 -1.00 0 0 0.3778 0.9970 0.000200
678.00 P 20260811 -1.00 -1.00 0 5 0.3658 -0.0028 0.000200
679.00 C 20260811 -1.00 -1.00 0 0 0.3732 0.9970 0.000200
679.00 P 20260811 -1.00 -1.00 0 0 0.3621 -0.0029 0.000200
680.00 C 20260811 -1.00 -1.00 0 0 0.3786 0.9969 0.000200
680.00 P 20260811 -1.00 -1.00 0 13 0.3584 -0.0029 0.000200
681.00 C 20260811 -1.00 -1.00 0 0 0.3741 0.9968 0.000200
681.00 P 20260811 -1.00 -1.00 0 5 0.3547 -0.0030 0.000200
635.00 C 20260812 -1.00 -1.00 0 0 0.5444 0.9984 0.000100
635.00 P 20260812 -1.00 -1.00 0 0 0.4689 -0.0014 0.000100
640.00 C 20260812 -1.00 -1.00 0 0 0.5256 0.9983 0.000100
640.00 P 20260812 -1.00 -1.00 0 6 0.4518 -0.0015 0.000100
645.00 C 20260812 -1.00 -1.00 0 0 0.4907 0.9981 0.000100
645.00 P 20260812 -1.00 -1.00 0 0 0.4344 -0.0017 0.000100
650.00 C 20260812 -1.00 -1.00 0 0 0.4915 0.9980 0.000100
650.00 P 20260812 -1.00 -1.00 0 3 0.4175 -0.0019 0.000100
655.00 C 20260812 -1.00 -1.00 0 8 0.4546 0.9977 0.000100
655.00 P 20260812 -1.00 -1.00 0 0 0.4193 -0.0021 0.000100
660.00 C 20260812 -1.00 -1.00 0 0 0.4325 0.9975 0.000200
660.00 P 20260812 -1.00 -1.00 0 2 0.4018 -0.0023 0.000200
665.00 C 20260812 -1.00 -1.00 0 0 0.4186 0.9972 0.000200
665.00 P 20260812 -1.00 -1.00 0 26 0.3845 -0.0026 0.000200
670.00 C 20260812 -1.00 -1.00 0 0 0.4042 0.9969 0.000200
670.00 P 20260812 -1.00 -1.00 0 51 0.3792 -0.0029 0.000200
674.00 C 20260812 -1.00 -1.00 0 0 0.3904 0.9966 0.000200
674.00 P 20260812 -1.00 -1.00 0 0 0.3651 -0.0032 0.000200
675.00 C 20260812 -1.00 -1.00 0 0 0.3861 0.9965 0.000200
675.00 P 20260812 -1.00 -1.00 0 2 0.3616 -0.0033 0.000200
676.00 C 20260812 -1.00 -1.00 0 0 0.4656 0.9965 0.000300
676.00 P 20260812 -1.00 -1.00 0 0 0.3580 -0.0034 0.000300
677.00 C 20260812 -1.00 -1.00 0 0 0.4611 0.9964 0.000300
677.00 P 20260812 -1.00 -1.00 0 0 0.3545 -0.0034 0.000300
678.00 C 20260812 -1.00 -1.00 0 0 0.3765 0.9963 0.000300
678.00 P 20260812 -1.00 -1.00 0 5 0.3510 -0.0035 0.000300
679.00 C 20260812 -1.00 -1.00 0 0 0.3752 0.9962 0.000300
679.00 P 20260812 -1.00 -1.00 0 0 0.3522 -0.0036 0.000300
680.00 C 20260812 -1.00 -1.00 0 0 0.3680 0.9961 0.000300
680.00 P 20260812 -1.00 -1.00 0 33 0.3528 -0.0037 0.000300
681.00 C 20260812 -1.00 -1.00 0 0 0.3821 0.9960 0.000300
681.00 P 20260812 -1.00 -1.00 0 0 0.3493 -0.0038 0.000300
635.00 C 20260813 -1.00 -1.00 0 0 0.5282 0.9980 0.000100
635.00 P 20260813 -1.00 -1.00 0 0 0.4592 -0.0018 0.000100
640.00 C 20260813 -1.00 -1.00 0 0 0.4867 0.9979 0.000100
640.00 P 20260813 -1.00 -1.00 0 6 0.4425 -0.0020 0.000100
645.00 C 20260813 -1.00 -1.00 0 0 0.4690 0.9977 0.000100
645.00 P 20260813 -1.00 -1.00 0 0 0.4260 -0.0022 0.000100
650.00 C 20260813 -1.00 -1.00 0 0 0.4512 0.9975 0.000100
650.00 P 20260813 -1.00 -1.00 0 5 0.4094 -0.0024 0.000100
655.00 C 20260813 -1.00 -1.00 0 0 0.4370 0.9972 0.000200
655.00 P 20260813 -1.00 -1.00 0 0 0.4057 -0.0026 0.000200
660.00 C 20260813 -1.00 -1.00 0 0 0.4223 0.9969 0.000200
660.00 P 20260813 -1.00 -1.00 0 5 0.3888 -0.0029 0.000200
665.00 C 20260813 -1.00 -1.00 0 0 0.4016 0.9966 0.000200
665.00 P 20260813 -1.00 -1.00 0 15 0.3816 -0.0032 0.000200
670.00 C 20260813 -1.00 -1.00 0 0 0.3869 0.9962 0.000200
670.00 P 20260813 -1.00 -1.00 10 21 0.3646 -0.0036 0.000200
675.00 C 20260813 -1.00 -1.00 0 0 0.3718 0.9958 0.000300
675.00 P 20260813 -1.00 -1.00 0 0 0.3551 -0.0041 0.000300
680.00 C 20260813 -1.00 -1.00 0 0 0.3565 0.9952 0.000300
680.00 P 20260813 -1.00 -1.00 0 6 0.3381 -0.0046 0.000300
635.00 C 20260814 -1.00 -1.00 0 0 0.5028 0.9976 0.000100
635.00 P 20260814 -1.00 -1.00 0 4 0.4475 -0.0022 0.000100
640.00 C 20260814 -1.00 -1.00 0 0 0.4867 0.9973 0.000100
640.00 P 20260814 -1.00 -1.00 0 47 0.4313 -0.0025 0.000100
645.00 C 20260814 -1.00 -1.00 0 0 0.4706 0.9971 0.000200
645.00 P 20260814 -1.00 -1.00 0 35 0.4152 -0.0027 0.000200
646.00 C 20260814 -1.00 -1.00 0 0 0.4664 0.9971 0.000200
646.00 P 20260814 -1.00 -1.00 0 0 0.4120 -0.0028 0.000200
647.00 C 20260814 -1.00 -1.00 0 0 0.4646 0.9970 0.000200
647.00 P 20260814 -1.00 -1.00 0 0 0.4088 -0.0028 0.000200
648.00 C 20260814 -1.00 -1.00 0 0 0.4711 0.9970 0.000200
648.00 P 20260814 -1.00 -1.00 0 0 0.4058 -0.0028 0.000200
649.00 C 20260814 -1.00 -1.00 0 0 0.4586 0.9969 0.000200
649.00 P 20260814 -1.00 -1.00 0 0 0.4124 -0.0029 0.000200
650.00 C 20260814 -1.00 -1.00 0 0 0.4705 0.9968 0.000200
650.00 P 20260814 -1.00 -1.00 1 146 0.4091 -0.0030 0.000200
651.00 C 20260814 -1.00 -1.00 0 0 0.4503 0.9968 0.000200
651.00 P 20260814 -1.00 -1.00 0 0 0.4059 -0.0030 0.000200
652.00 C 20260814 -1.00 -1.00 0 0 0.4461 0.9967 0.000200
652.00 P 20260814 -1.00 -1.00 0 0 0.4026 -0.0031 0.000200
653.00 C 20260814 -1.00 -1.00 0 0 0.4442 0.9967 0.000200
653.00 P 20260814 -1.00 -1.00 0 0 0.3994 -0.0031 0.000200
654.00 C 20260814 -1.00 -1.00 0 0 0.4401 0.9966 0.000200
654.00 P 20260814 -1.00 -1.00 0 0 0.3961 -0.0032 0.000200
655.00 C 20260814 -1.00 -1.00 0 0 0.4403 0.9966 0.000200
655.00 P 20260814 -1.00 -1.00 0 15 0.3929 -0.0033 0.000200
656.00 C 20260814 -1.00 -1.00 0 0 0.4341 0.9965 0.000200
656.00 P 20260814 -1.00 -1.00 0 0 0.3897 -0.0033 0.000200
657.00 C 20260814 -1.00 -1.00 0 0 0.4300 0.9964 0.000200
657.00 P 20260814 -1.00 -1.00 0 0 0.3864 -0.0034 0.000200
658.00 C 20260814 -1.00 -1.00 0 0 0.4280 0.9964 0.000200
658.00 P 20260814 -1.00 -1.00 0 0 0.3832 -0.0035 0.000200
659.00 C 20260814 -1.00 -1.00 0 0 0.4260 0.9963 0.000200
659.00 P 20260814 -1.00 -1.00 0 2 0.3800 -0.0035 0.000200
660.00 C 20260814 -1.00 -1.00 0 0 0.4239 0.9962 0.000200
660.00 P 20260814 -1.00 -1.00 0 682 0.3767 -0.0036 0.000200
661.00 C 20260814 -1.00 -1.00 0 0 0.4178 0.9962 0.000200
661.00 P 20260814 -1.00 -1.00 0 0 0.3813 -0.0037 0.000200
662.00 C 20260814 -1.00 -1.00 0 0 0.4138 0.9961 0.000200
662.00 P 20260814 -1.00 -1.00 0 0 0.3780 -0.0037 0.000200
663.00 C 20260814 -1.00 -1.00 0 0 0.4136 0.9960 0.000200
663.00 P 20260814 -1.00 -1.00 0 0 0.3747 -0.0038 0.000200
664.00 C 20260814 -1.00 -1.00 0 0 0.4076 0.9959 0.000200
664.00 P 20260814 -1.00 -1.00 1 40 0.3715 -0.0039 0.000200
665.00 C 20260814 -1.00 -1.00 0 1 0.4055 0.9958 0.000300
665.00 P 20260814 -1.00 -1.00 0 36 0.3682 -0.0040 0.000300
666.00 C 20260814 -1.00 -1.00 0 0 0.4015 0.9957 0.000300
666.00 P 20260814 -1.00 -1.00 0 5 0.3649 -0.0040 0.000300
667.00 C 20260814 -1.00 -1.00 0 0 0.3994 0.9957 0.000300
667.00 P 20260814 -1.00 -1.00 0 5 0.3616 -0.0042 0.000300
668.00 C 20260814 -1.00 -1.00 0 0 0.3972 0.9956 0.000300
668.00 P 20260814 -1.00 -1.00 0 0 0.3584 -0.0043 0.000300
669.00 C 20260814 -1.00 -1.00 0 0 0.3913 0.9955 0.000300
669.00 P 20260814 -1.00 -1.00 0 1 0.3551 -0.0044 0.000300
670.00 C 20260814 -1.00 -1.00 0 0 0.3891 0.9954 0.000300
670.00 P 20260814 -1.00 -1.00 1 161 0.3520 -0.0044 0.000300
671.00 C 20260814 -1.00 -1.00 0 2 0.3851 0.9953 0.000300
671.00 P 20260814 -1.00 -1.00 0 5 0.3486 -0.0045 0.000300
672.00 C 20260814 -1.00 -1.00 0 0 0.3846 0.9952 0.000300
672.00 P 20260814 -1.00 -1.00 0 25 0.3516 -0.0047 0.000300
673.00 C 20260814 -1.00 -1.00 0 0 0.3789 0.9951 0.000300
673.00 P 20260814 -1.00 -1.00 0 0 0.3483 -0.0048 0.000300
674.00 C 20260814 -1.00 -1.00 0 0 0.3862 0.9950 0.000300
674.00 P 20260814 -1.00 -1.00 0 0 0.3448 -0.0049 0.000300
675.00 C 20260814 -1.00 -1.00 0 2 0.3727 0.9948 0.000300
675.00 P 20260814 -1.00 -1.00 0 704 0.3416 -0.0050 0.000300
676.00 C 20260814 -1.00 -1.00 0 0 0.3704 0.9947 0.000400
676.00 P 20260814 -1.00 -1.00 0 4 0.3383 -0.0051 0.000400
677.00 C 20260814 -1.00 -1.00 0 0 0.3680 0.9946 0.000400
677.00 P 20260814 -1.00 -1.00 0 12 0.3350 -0.0052 0.000400
678.00 C 20260814 -1.00 -1.00 0 2 0.3641 0.9945 0.000400
678.00 P 20260814 -1.00 -1.00 0 14 0.3319 -0.0053 0.000400
679.00 C 20260814 -1.00 -1.00 0 0 0.3601 0.9944 0.000400
679.00 P 20260814 -1.00 -1.00 0 16 0.3286 -0.0055 0.000400
680.00 C 20260814 -1.00 -1.00 0 16 0.3652 0.9942 0.000400
680.00 P 20260814 -1.00 -1.00 0 238 0.3280 -0.0056 0.000400
681.00 C 20260814 -1.00 -1.00 0 0 0.3538 0.9941 0.000400
681.00 P 20260814 -1.00 -1.00 0 5 0.3247 -0.0057 0.000400
635.00 C 20260817 -1.00 -1.00 0 0 0.4225 0.9971 0.000100
635.00 P 20260817 -1.00 -1.00 0 0 0.3981 -0.0028 0.000100
640.00 C 20260817 -1.00 -1.00 0 0 0.4090 0.9969 0.000200
640.00 P 20260817 -1.00 -1.00 0 2 0.3837 -0.0030 0.000200
645.00 C 20260817 -1.00 -1.00 0 0 0.3954 0.9966 0.000200
645.00 P 20260817 -1.00 -1.00 0 0 0.3732 -0.0033 0.000200
650.00 C 20260817 -1.00 -1.00 0 0 0.3818 0.9963 0.000200
650.00 P 20260817 -1.00 -1.00 0 3 0.3625 -0.0036 0.000200
655.00 C 20260817 -1.00 -1.00 0 0 0.3681 0.9959 0.000200
655.00 P 20260817 -1.00 -1.00 0 0 0.3480 -0.0039 0.000200
660.00 C 20260817 -1.00 -1.00 0 0 0.3544 0.9955 0.000300
660.00 P 20260817 -1.00 -1.00 0 15 0.3398 -0.0043 0.000300
665.00 C 20260817 -1.00 -1.00 0 0 0.3426 0.9951 0.000300
665.00 P 20260817 -1.00 -1.00 0 20 0.3282 -0.0048 0.000300
670.00 C 20260817 -1.00 -1.00 0 0 0.3388 0.9946 0.000300
670.00 P 20260817 -1.00 -1.00 0 88 0.3158 -0.0053 0.000300
675.00 C 20260817 -1.00 -1.00 0 0 0.3164 0.9939 0.000400
675.00 P 20260817 -1.00 -1.00 0 45 0.3038 -0.0059 0.000400
680.00 C 20260817 -1.00 -1.00 0 0 0.3150 0.9932 0.000400
680.00 P 20260817 -1.00 -1.00 2 617 0.2912 -0.0067 0.000400
635.00 C 20260818 -1.00 -1.00 0 0 0.4072 0.9966 0.000200
635.00 P 20260818 -1.00 -1.00 0 0 0.3864 -0.0032 0.000200
640.00 C 20260818 -1.00 -1.00 0 0 0.3938 0.9964 0.000200
640.00 P 20260818 -1.00 -1.00 0 0 0.3765 -0.0035 0.000200
645.00 C 20260818 -1.00 -1.00 0 0 0.3829 0.9961 0.000200
645.00 P 20260818 -1.00 -1.00 0 0 0.3659 -0.0038 0.000200
650.00 C 20260818 -1.00 -1.00 0 0 0.4344 0.9957 0.000200
650.00 P 20260818 -1.00 -1.00 0 33 0.3548 -0.0042 0.000200
655.00 C 20260818 -1.00 -1.00 0 0 0.3559 0.9953 0.000300
655.00 P 20260818 -1.00 -1.00 0 0 0.3434 -0.0045 0.000300
660.00 C 20260818 -1.00 -1.00 0 0 0.3462 0.9949 0.000300
660.00 P 20260818 -1.00 -1.00 0 71 0.3319 -0.0050 0.000300
665.00 C 20260818 -1.00 -1.00 0 0 0.3871 0.9944 0.000300
665.00 P 20260818 -1.00 -1.00 0 5 0.3181 -0.0055 0.000300
670.00 C 20260818 -1.00 -1.00 0 0 0.3204 0.9938 0.000400
670.00 P 20260818 -1.00 -1.00 0 26 0.3063 -0.0061 0.000400
675.00 C 20260818 -1.00 -1.00 0 0 0.3066 0.9931 0.000400
675.00 P 20260818 -1.00 -1.00 0 0 0.2962 -0.0068 0.000400
680.00 C 20260818 -1.00 -1.00 0 0 0.2956 0.9922 0.000500
680.00 P 20260818 -1.00 -1.00 0 2 0.2856 -0.0076 0.000500
640.00 C 20260819 -1.00 -1.00 0 0 0.3605 0.9960 0.000200
640.00 P 20260819 -1.00 -1.00 0 0 0.3693 -0.0038 0.000200
645.00 C 20260819 -1.00 -1.00 0 0 0.3515 0.9957 0.000200
645.00 P 20260819 -1.00 -1.00 0 10 0.3586 -0.0042 0.000200
650.00 C 20260819 -1.00 -1.00 0 0 -1.0000 0.9953 0.000200
650.00 P 20260819 -1.00 -1.00 0 49 0.3474 -0.0046 0.000200
655.00 C 20260819 -1.00 -1.00 0 0 0.3559 0.9948 0.000300
655.00 P 20260819 -1.00 -1.00 0 0 0.3360 -0.0050 0.000300
660.00 C 20260819 -1.00 -1.00 0 0 -1.0000 0.9944 0.000300
660.00 P 20260819 -1.00 -1.00 0 14 0.3226 -0.0055 0.000300
665.00 C 20260819 -1.00 -1.00 0 0 0.3065 0.9938 0.000400
665.00 P 20260819 -1.00 -1.00 0 36 0.3128 -0.0061 0.000400
670.00 C 20260819 -1.00 -1.00 0 0 0.2677 0.9931 0.000400
670.00 P 20260819 -1.00 -1.00 0 43 0.3012 -0.0067 0.000400
675.00 C 20260819 -1.00 -1.00 0 0 0.2602 0.9923 0.000500
675.00 P 20260819 -1.00 -1.00 0 0 0.2909 -0.0075 0.000500
680.00 C 20260819 -1.00 -1.00 0 0 0.2596 0.9914 0.000500
680.00 P 20260819 -1.00 -1.00 0 652 0.2801 -0.0084 0.000500
640.00 C 20260820 -1.00 -1.00 0 0 -1.0000 0.9956 0.000200
640.00 P 20260820 -1.00 -1.00 0 0 0.3624 -0.0043 0.000200
650.00 C 20260820 -1.00 -1.00 0 0 0.3250 0.9948 0.000300
650.00 P 20260820 -1.00 -1.00 0 1 0.3404 -0.0051 0.000300
655.00 C 20260820 -1.00 -1.00 0 0 0.3499 0.9943 0.000300
655.00 P 20260820 -1.00 -1.00 0 0 0.3293 -0.0056 0.000300
660.00 C 20260820 -1.00 -1.00 0 0 0.3033 0.9937 0.000300
660.00 P 20260820 -1.00 -1.00 0 13 0.3178 -0.0062 0.000300
665.00 C 20260820 -1.00 -1.00 0 0 0.3795 0.9931 0.000400
665.00 P 20260820 -1.00 -1.00 0 0 0.3063 -0.0068 0.000400
670.00 C 20260820 -1.00 -1.00 0 0 0.2646 0.9923 0.000400
670.00 P 20260820 -1.00 -1.00 0 8 0.2962 -0.0076 0.000400
675.00 C 20260820 -1.00 -1.00 0 0 0.3508 0.9914 0.000500
675.00 P 20260820 -1.00 -1.00 0 10 0.2856 -0.0084 0.000500
680.00 C 20260820 -1.00 -1.00 0 0 0.3329 0.9904 0.000600
680.00 P 20260820 -1.00 -1.00 0 50 0.2762 -0.0095 0.000600
635.00 C 20260821 -1.00 -1.00 0 11 -1.0000 0.9955 0.000200
635.00 P 20260821 -1.00 -1.00 0 86 0.3671 -0.0044 0.000200
636.00 C 20260821 -1.00 -1.00 0 5 -1.0000 0.9954 0.000200
636.00 P 20260821 -1.00 -1.00 0 26 0.3645 -0.0045 0.000200
637.00 C 20260821 -1.00 -1.00 0 5 -1.0000 0.9953 0.000200
637.00 P 20260821 -1.00 -1.00 0 5 0.3619 -0.0046 0.000200
638.00 C 20260821 -1.00 -1.00 0 10 -1.0000 0.9952 0.000200
638.00 P 20260821 -1.00 -1.00 0 17 0.3593 -0.0046 0.000200
639.00 C 20260821 -1.00 -1.00 0 17 -1.0000 0.9952 0.000200
639.00 P 20260821 -1.00 -1.00 0 19 0.3567 -0.0047 0.000200
640.00 C 20260821 -1.00 -1.00 0 11 -1.0000 0.9951 0.000200
640.00 P 20260821 -1.00 -1.00 0 93 0.3560 -0.0048 0.000200
641.00 C 20260821 -1.00 -1.00 0 2 -1.0000 0.9950 0.000200
641.00 P 20260821 -1.00 -1.00 0 16 0.3534 -0.0049 0.000200
642.00 C 20260821 -1.00 -1.00 0 6 -1.0000 0.9949 0.000200
642.00 P 20260821 -1.00 -1.00 0 15 0.3512 -0.0049 0.000200
643.00 C 20260821 -1.00 -1.00 0 5 -1.0000 0.9948 0.000200
643.00 P 20260821 -1.00 -1.00 0 65 0.3508 -0.0050 0.000200
644.00 C 20260821 -1.00 -1.00 0 7 -1.0000 0.9948 0.000300
644.00 P 20260821 -1.00 -1.00 0 26 0.3482 -0.0051 0.000300
645.00 C 20260821 -1.00 -1.00 0 10 -1.0000 0.9947 0.000300
645.00 P 20260821 -1.00 -1.00 0 434 0.3455 -0.0052 0.000300
646.00 C 20260821 -1.00 -1.00 0 9 -1.0000 0.9946 0.000300
646.00 P 20260821 -1.00 -1.00 0 22 0.3429 -0.0053 0.000300
647.00 C 20260821 -1.00 -1.00 0 10 -1.0000 0.9945 0.000300
647.00 P 20260821 -1.00 -1.00 0 40 0.3402 -0.0054 0.000300
648.00 C 20260821 -1.00 -1.00 0 4 -1.0000 0.9944 0.000300
648.00 P 20260821 -1.00 -1.00 0 11 0.3396 -0.0055 0.000300
649.00 C 20260821 -1.00 -1.00 0 2 -1.0000 0.9943 0.000300
649.00 P 20260821 -1.00 -1.00 0 13 0.3371 -0.0056 0.000300
650.00 C 20260821 -1.00 -1.00 0 21 -1.0000 0.9942 0.000300
650.00 P 20260821 -1.00 -1.00 1 377 0.3345 -0.0057 0.000300
651.00 C 20260821 -1.00 -1.00 0 0 -1.0000 0.9941 0.000300
651.00 P 20260821 -1.00 -1.00 0 7 0.3316 -0.0058 0.000300
652.00 C 20260821 -1.00 -1.00 0 0 -1.0000 0.9940 0.000300
652.00 P 20260821 -1.00 -1.00 5 31 0.3293 -0.0059 0.000300
653.00 C 20260821 -1.00 -1.00 0 1 -1.0000 0.9938 0.000300
653.00 P 20260821 -1.00 -1.00 0 26 0.3286 -0.0060 0.000300
654.00 C 20260821 -1.00 -1.00 0 2 -1.0000 0.9937 0.000300
654.00 P 20260821 -1.00 -1.00 0 37 0.3258 -0.0061 0.000300
655.00 C 20260821 -1.00 -1.00 0 8 -1.0000 0.9936 0.000300
655.00 P 20260821 -1.00 -1.00 8 182 0.3233 -0.0062 0.000300
656.00 C 20260821 -1.00 -1.00 0 1 -1.0000 0.9935 0.000300
656.00 P 20260821 -1.00 -1.00 5 33 0.3225 -0.0064 0.000300
657.00 C 20260821 -1.00 -1.00 0 0 -1.0000 0.9934 0.000400
657.00 P 20260821 -1.00 -1.00 10 41 0.3199 -0.0065 0.000400
658.00 C 20260821 -1.00 -1.00 0 0 -1.0000 0.9932 0.000400
658.00 P 20260821 -1.00 -1.00 25 28 0.3170 -0.0066 0.000400
659.00 C 20260821 -1.00 -1.00 0 0 -1.0000 0.9931 0.000400
659.00 P 20260821 -1.00 -1.00 0 20 0.3146 -0.0068 0.000400
660.00 C 20260821 -1.00 -1.00 0 16 -1.0000 0.9930 0.000400
660.00 P 20260821 -1.00 -1.00 0 1264 0.3135 -0.0069 0.000400
661.00 C 20260821 -1.00 -1.00 0 0 -1.0000 0.9928 0.000400
661.00 P 20260821 -1.00 -1.00 0 21 0.3127 -0.0070 0.000400
662.00 C 20260821 -1.00 -1.00 0 1 -1.0000 0.9927 0.000400
662.00 P 20260821 -1.00 -1.00 0 39 0.3100 -0.0072 0.000400
663.00 C 20260821 -1.00 -1.00 0 0 -1.0000 0.9926 0.000400
663.00 P 20260821 -1.00 -1.00 0 25 0.3074 -0.0073 0.000400
664.00 C 20260821 -1.00 -1.00 0 0 -1.0000 0.9924 0.000400
664.00 P 20260821 -1.00 -1.00 10 5 0.3047 -0.0075 0.000400
665.00 C 20260821 -1.00 -1.00 0 5 -1.0000 0.9922 0.000400
665.00 P 20260821 -1.00 -1.00 2 119 0.3037 -0.0076 0.000400
666.00 C 20260821 -1.00 -1.00 0 0 -1.0000 0.9921 0.000400
666.00 P 20260821 -1.00 -1.00 0 60 0.3025 -0.0078 0.000400
667.00 C 20260821 -1.00 -1.00 0 3 0.3580 0.9919 0.000400
667.00 P 20260821 -1.00 -1.00 0 53 0.2999 -0.0080 0.000400
668.00 C 20260821 -1.00 -1.00 0 0 0.4314 0.9917 0.000500
668.00 P 20260821 -1.00 -1.00 0 796 0.2971 -0.0081 0.000500
669.00 C 20260821 -1.00 -1.00 0 0 0.4822 0.9916 0.000500
669.00 P 20260821 -1.00 -1.00 0 15 0.2960 -0.0083 0.000500
670.00 C 20260821 -1.00 -1.00 0 49 -1.0000 0.9914 0.000500
670.00 P 20260821 -1.00 -1.00 6 340 0.2933 -0.0085 0.000500
671.00 C 20260821 -1.00 -1.00 0 0 -1.0000 0.9912 0.000500
671.00 P 20260821 -1.00 -1.00 0 34 0.2920 -0.0087 0.000500
672.00 C 20260821 -1.00 -1.00 0 0 -1.0000 0.9910 0.000500
672.00 P 20260821 -1.00 -1.00 5 42 0.2893 -0.0089 0.000500
673.00 C 20260821 -1.00 -1.00 0 0 -1.0000 0.9908 0.000500
673.00 P 20260821 -1.00 -1.00 0 14 0.2867 -0.0091 0.000500
674.00 C 20260821 -1.00 -1.00 0 0 -1.0000 0.9906 0.000500
674.00 P 20260821 -1.00 -1.00 3 37 0.2853 -0.0093 0.000500
675.00 C 20260821 -1.00 -1.00 0 8 -1.0000 0.9903 0.000600
675.00 P 20260821 -1.00 -1.00 9 139 0.2839 -0.0095 0.000600
676.00 C 20260821 -1.00 -1.00 0 0 -1.0000 0.9901 0.000600
676.00 P 20260821 -1.00 -1.00 5 28 0.2811 -0.0098 0.000600
677.00 C 20260821 -1.00 -1.00 0 0 -1.0000 0.9899 0.000600
677.00 P 20260821 -1.00 -1.00 0 23 0.2797 -0.0100 0.000600
678.00 C 20260821 -1.00 -1.00 0 0 -1.0000 0.9896 0.000600
678.00 P 20260821 -1.00 -1.00 0 32 0.2782 -0.0102 0.000600
679.00 C 20260821 -1.00 -1.00 0 0 -1.0000 0.9894 0.000600
679.00 P 20260821 -1.00 -1.00 15 49 0.2752 -0.0105 0.000600
680.00 C 20260821 -1.00 -1.00 0 37 -1.0000 0.9891 0.000600
680.00 P 20260821 -1.00 -1.00 1 989 0.2739 -0.0108 0.000600
681.00 C 20260821 -1.00 -1.00 0 0 -1.0000 0.9888 0.000600
681.00 P 20260821 -1.00 -1.00 0 27 0.2723 -0.0110 0.000600
870.00 C 20260805 -1.00 -1.00 0 0 1.7323 0.0006 0.000100
870.00 P 20260805 -1.00 -1.00 0 0 2.1399 -0.9994 0.000100
875.00 C 20260805 -1.00 -1.00 0 0 1.8100 0.0005 0.000100
875.00 P 20260805 -1.00 -1.00 0 0 2.2466 -0.9995 0.000100
880.00 C 20260805 -1.00 -1.00 0 0 1.7875 0.0004 0.000000
880.00 P 20260805 -1.00 -1.00 0 0 -1.0000 -0.9996 0.000000
885.00 C 20260805 -1.00 -1.00 0 0 1.8603 0.0003 0.000000
885.00 P 20260805 -1.00 -1.00 0 0 -1.0000 -0.9997 0.000000
890.00 C 20260805 -1.00 -1.00 0 0 1.9325 0.0003 0.000000
890.00 P 20260805 -1.00 -1.00 0 0 2.5190 -0.9997 0.000000
895.00 C 20260805 -1.00 -1.00 0 0 2.0041 0.0002 0.000000
895.00 P 20260805 -1.00 -1.00 0 0 -1.0000 -0.9998 0.000000
900.00 C 20260805 -1.00 -1.00 0 0 2.0751 0.0002 0.000000
900.00 P 20260805 -1.00 -1.00 0 0 -1.0000 -0.9998 0.000000
905.00 C 20260805 -1.00 -1.00 0 0 2.1455 0.0002 0.000000
905.00 P 20260805 -1.00 -1.00 0 0 -1.0000 -0.9998 0.000000
910.00 C 20260805 -1.00 -1.00 0 0 2.2153 0.0001 0.000000
910.00 P 20260805 -1.00 -1.00 0 0 -1.0000 -0.9998 0.000000
870.00 C 20260806 -1.00 -1.00 0 0 0.6752 0.0001 0.000000
870.00 P 20260806 -1.00 -1.00 0 0 -1.0000 -0.9998 0.000000
875.00 C 20260806 -1.00 -1.00 0 0 0.7055 0.0001 0.000000
875.00 P 20260806 -1.00 -1.00 0 0 -1.0000 -0.9998 0.000000
880.00 C 20260806 -1.00 -1.00 0 0 0.7355 0.0001 0.000000
880.00 P 20260806 -1.00 -1.00 0 0 -1.0000 -0.9999 0.000000
885.00 C 20260806 -1.00 -1.00 0 0 0.7652 0.0000 0.000000
885.00 P 20260806 -1.00 -1.00 0 0 -1.0000 -0.9999 0.000000
890.00 C 20260806 -1.00 -1.00 0 0 0.7947 0.0000 0.000000
890.00 P 20260806 -1.00 -1.00 0 0 -1.0000 -0.9999 0.000000
895.00 C 20260806 -1.00 -1.00 0 0 0.8239 0.0000 0.000000
895.00 P 20260806 -1.00 -1.00 0 0 -1.0000 -0.9999 0.000000
900.00 C 20260806 -1.00 -1.00 0 0 0.8528 0.0000 0.000000
900.00 P 20260806 -1.00 -1.00 0 0 -1.0000 -0.9999 0.000000
905.00 C 20260806 -1.00 -1.00 0 0 0.8815 0.0000 0.000000
905.00 P 20260806 -1.00 -1.00 0 0 -1.0000 -0.9999 0.000000
910.00 C 20260806 -1.00 -1.00 0 0 0.9099 0.0000 0.000000
910.00 P 20260806 -1.00 -1.00 0 0 -1.0000 -0.9999 0.000000
870.00 C 20260807 -1.00 -1.00 0 0 0.4956 0.0011 0.000100
870.00 P 20260807 -1.00 -1.00 0 1 -1.0000 -0.9987 0.000100
875.00 C 20260807 -1.00 -1.00 0 0 0.5178 0.0010 0.000100
875.00 P 20260807 -1.00 -1.00 0 0 -1.0000 -0.9988 0.000100
880.00 C 20260807 -1.00 -1.00 0 0 0.5399 0.0009 0.000100
880.00 P 20260807 -1.00 -1.00 0 0 0.6412 -0.9990 0.000100
885.00 C 20260807 -1.00 -1.00 0 0 0.5618 0.0008 0.000100
885.00 P 20260807 -1.00 -1.00 0 0 -1.0000 -0.9990 0.000100
890.00 C 20260807 -1.00 -1.00 0 0 0.5834 0.0007 0.000100
890.00 P 20260807 -1.00 -1.00 0 0 -1.0000 -0.9991 0.000100
895.00 C 20260807 -1.00 -1.00 0 0 0.6049 0.0006 0.000100
895.00 P 20260807 -1.00 -1.00 0 0 0.7185 -0.9992 0.000100
900.00 C 20260807 -1.00 -1.00 0 0 0.6262 0.0006 0.000100
900.00 P 20260807 -1.00 -1.00 0 0 0.7810 -0.9992 0.000100
910.00 C 20260807 -1.00 -1.00 0 0 0.6683 0.0005 0.000000
910.00 P 20260807 -1.00 -1.00 0 1 0.7877 -0.9994 0.000000
870.00 C 20260810 -1.00 -1.00 0 0 0.3332 0.0013 0.000100
870.00 P 20260810 -1.00 -1.00 0 0 -1.0000 -0.9985 0.000100
875.00 C 20260810 -1.00 -1.00 0 0 0.3363 0.0011 0.000100
875.00 P 20260810 -1.00 -1.00 0 0 0.2839 -0.9987 0.000100
880.00 C 20260810 -1.00 -1.00 0 0 0.3506 0.0010 0.000100
880.00 P 20260810 -1.00 -1.00 0 0 -1.0000 -0.9988 0.000100
885.00 C 20260810 -1.00 -1.00 0 0 0.3645 0.0009 0.000100
885.00 P 20260810 -1.00 -1.00 0 0 -1.0000 -0.9989 0.000100
890.00 C 20260810 -1.00 -1.00 0 0 0.3786 0.0008 0.000100
890.00 P 20260810 -1.00 -1.00 0 0 -1.0000 -0.9990 0.000100
895.00 C 20260810 -1.00 -1.00 0 0 0.3925 0.0007 0.000100
895.00 P 20260810 -1.00 -1.00 0 0 -1.0000 -0.9991 0.000100
900.00 C 20260810 -1.00 -1.00 0 0 0.4063 0.0007 0.000100
900.00 P 20260810 -1.00 -1.00 0 0 0.4969 -0.9992 0.000100
905.00 C 20260810 -1.00 -1.00 0 0 0.4200 0.0006 0.000100
905.00 P 20260810 -1.00 -1.00 0 0 -1.0000 -0.9992 0.000100
910.00 C 20260810 -1.00 -1.00 0 0 0.4336 0.0006 0.000000
910.00 P 20260810 -1.00 -1.00 0 0 0.5297 -0.9993 0.000000
870.00 C 20260811 -1.00 -1.00 0 0 0.3046 0.0015 0.000200
870.00 P 20260811 -1.00 -1.00 0 0 -1.0000 -0.9984 0.000200
875.00 C 20260811 -1.00 -1.00 0 0 0.3182 0.0013 0.000100
875.00 P 20260811 -1.00 -1.00 0 0 0.3813 -0.9986 0.000100
880.00 C 20260811 -1.00 -1.00 0 0 0.3317 0.0011 0.000100
880.00 P 20260811 -1.00 -1.00 0 0 -1.0000 -0.9987 0.000100
885.00 C 20260811 -1.00 -1.00 0 0 0.3337 0.0010 0.000100
885.00 P 20260811 -1.00 -1.00 0 0 -1.0000 -0.9988 0.000100
890.00 C 20260811 -1.00 -1.00 0 0 0.3466 0.0009 0.000100
890.00 P 20260811 -1.00 -1.00 0 0 -1.0000 -0.9989 0.000100
895.00 C 20260811 -1.00 -1.00 0 0 0.3594 0.0008 0.000100
895.00 P 20260811 -1.00 -1.00 0 0 0.3017 -0.9990 0.000100
900.00 C 20260811 -1.00 -1.00 0 3 0.3720 0.0007 0.000100
900.00 P 20260811 -1.00 -1.00 0 0 0.4567 -0.9991 0.000100
905.00 C 20260811 -1.00 -1.00 0 0 0.3845 0.0006 0.000100
905.00 P 20260811 -1.00 -1.00 0 0 -1.0000 -0.9992 0.000100
910.00 C 20260811 -1.00 -1.00 0 0 0.3970 0.0006 0.000000
910.00 P 20260811 -1.00 -1.00 0 0 0.4845 -0.9992 0.000000
870.00 C 20260812 -1.00 -1.00 0 0 0.2823 0.0018 0.000200
870.00 P 20260812 -1.00 -1.00 0 0 -1.0000 -0.9980 0.000200
875.00 C 20260812 -1.00 -1.00 0 0 0.2950 0.0016 0.000200
875.00 P 20260812 -1.00 -1.00 0 0 -1.0000 -0.9983 0.000200
880.00 C 20260812 -1.00 -1.00 0 0 0.3075 0.0014 0.000100
880.00 P 20260812 -1.00 -1.00 0 0 -1.0000 -0.9984 0.000100
885.00 C 20260812 -1.00 -1.00 0 0 0.3199 0.0012 0.000100
885.00 P 20260812 -1.00 -1.00 0 0 -1.0000 -0.9986 0.000100
890.00 C 20260812 -1.00 -1.00 0 0 0.3322 0.0011 0.000100
890.00 P 20260812 -1.00 -1.00 0 0 -1.0000 -0.9987 0.000100
895.00 C 20260812 -1.00 -1.00 0 0 0.3330 0.0010 0.000100
895.00 P 20260812 -1.00 -1.00 0 0 -1.0000 -0.9988 0.000100
900.00 C 20260812 -1.00 -1.00 0 0 0.3447 0.0009 0.000100
900.00 P 20260812 -1.00 -1.00 0 0 -1.0000 -0.9989 0.000100
905.00 C 20260812 -1.00 -1.00 0 0 0.3564 0.0008 0.000100
905.00 P 20260812 -1.00 -1.00 0 0 -1.0000 -0.9990 0.000100
910.00 C 20260812 -1.00 -1.00 0 0 0.3679 0.0007 0.000100
910.00 P 20260812 -1.00 -1.00 0 0 -1.0000 -0.9991 0.000100
870.00 C 20260813 -1.00 -1.00 0 0 0.2769 0.0022 0.000200
870.00 P 20260813 -1.00 -1.00 0 0 -1.0000 -0.9976 0.000200
875.00 C 20260813 -1.00 -1.00 0 0 0.2760 0.0020 0.000200
875.00 P 20260813 -1.00 -1.00 0 0 -1.0000 -0.9979 0.000200
880.00 C 20260813 -1.00 -1.00 0 0 0.2878 0.0017 0.000200
880.00 P 20260813 -1.00 -1.00 0 0 -1.0000 -0.9981 0.000200
885.00 C 20260813 -1.00 -1.00 0 0 0.2994 0.0016 0.000100
885.00 P 20260813 -1.00 -1.00 0 0 -1.0000 -0.9983 0.000100
890.00 C 20260813 -1.00 -1.00 0 0 0.3109 0.0014 0.000100
890.00 P 20260813 -1.00 -1.00 0 0 -1.0000 -0.9984 0.000100
895.00 C 20260813 -1.00 -1.00 0 0 0.3223 0.0012 0.000100
895.00 P 20260813 -1.00 -1.00 0 0 -1.0000 -0.9986 0.000100
900.00 C 20260813 -1.00 -1.00 0 0 0.3228 0.0011 0.000100
900.00 P 20260813 -1.00 -1.00 0 0 -1.0000 -0.9987 0.000100
905.00 C 20260813 -1.00 -1.00 0 0 0.3336 0.0010 0.000100
905.00 P 20260813 -1.00 -1.00 0 0 -1.0000 -0.9988 0.000100
910.00 C 20260813 -1.00 -1.00 0 0 0.3444 0.0009 0.000100
910.00 P 20260813 -1.00 -1.00 0 0 -1.0000 -0.9989 0.000100
870.00 C 20260814 -1.00 -1.00 0 1 0.2609 0.0026 0.000200
870.00 P 20260814 -1.00 -1.00 0 0 -1.0000 -0.9972 0.000200
875.00 C 20260814 -1.00 -1.00 0 0 0.2728 0.0023 0.000200
875.00 P 20260814 -1.00 -1.00 0 0 -1.0000 -0.9975 0.000200
880.00 C 20260814 -1.00 -1.00 0 0 0.2714 0.0021 0.000200
880.00 P 20260814 -1.00 -1.00 0 0 -1.0000 -0.9977 0.000200
885.00 C 20260814 -1.00 -1.00 0 0 0.2823 0.0018 0.000200
885.00 P 20260814 -1.00 -1.00 0 0 -1.0000 -0.9979 0.000200
890.00 C 20260814 -1.00 -1.00 0 0 0.2932 0.0017 0.000100
890.00 P 20260814 -1.00 -1.00 0 0 -1.0000 -0.9981 0.000100
895.00 C 20260814 -1.00 -1.00 0 0 0.3040 0.0015 0.000100
895.00 P 20260814 -1.00 -1.00 0 1 -1.0000 -0.9983 0.000100
900.00 C 20260814 -1.00 -1.00 0 0 0.3148 0.0014 0.000100
900.00 P 20260814 -1.00 -1.00 0 2 -1.0000 -0.9984 0.000100
910.00 C 20260814 -1.00 -1.00 0 0 0.3248 0.0011 0.000100
910.00 P 20260814 -1.00 -1.00 0 0 -1.0000 -0.9987 0.000100
870.00 C 20260817 -1.00 -1.00 0 3 0.2269 0.0027 0.000300
870.00 P 20260817 -1.00 -1.00 0 0 0.2100 -0.9971 0.000300
875.00 C 20260817 -1.00 -1.00 0 0 0.2366 0.0024 0.000200
875.00 P 20260817 -1.00 -1.00 0 0 -1.0000 -0.9974 0.000200
880.00 C 20260817 -1.00 -1.00 0 0 0.2417 0.0021 0.000200
880.00 P 20260817 -1.00 -1.00 0 0 -1.0000 -0.9977 0.000200
885.00 C 20260817 -1.00 -1.00 0 0 0.2450 0.0019 0.000200
885.00 P 20260817 -1.00 -1.00 0 0 0.2115 -0.9980 0.000200
890.00 C 20260817 -1.00 -1.00 0 0 0.2546 0.0017 0.000100
890.00 P 20260817 -1.00 -1.00 0 0 -1.0000 -0.9982 0.000100
895.00 C 20260817 -1.00 -1.00 0 0 0.2640 0.0015 0.000100
895.00 P 20260817 -1.00 -1.00 0 0 -1.0000 -0.9983 0.000100
900.00 C 20260817 -1.00 -1.00 0 0 0.2734 0.0014 0.000100
900.00 P 20260817 -1.00 -1.00 0 0 -1.0000 -0.9985 0.000100
905.00 C 20260817 -1.00 -1.00 0 0 0.2826 0.0012 0.000100
905.00 P 20260817 -1.00 -1.00 0 0 0.2294 -0.9986 0.000100
910.00 C 20260817 -1.00 -1.00 0 0 0.2917 0.0011 0.000100
910.00 P 20260817 -1.00 -1.00 0 0 -1.0000 -0.9987 0.000100
870.00 C 20260818 -1.00 -1.00 0 0 0.2216 0.0030 0.000300
870.00 P 20260818 -1.00 -1.00 0 0 0.2100 -0.9968 0.000300
875.00 C 20260818 -1.00 -1.00 0 0 0.2273 0.0026 0.000200
875.00 P 20260818 -1.00 -1.00 0 0 0.2168 -0.9972 0.000200
880.00 C 20260818 -1.00 -1.00 0 0 0.2372 0.0023 0.000200
880.00 P 20260818 -1.00 -1.00 0 0 -1.0000 -0.9975 0.000200
885.00 C 20260818 -1.00 -1.00 0 0 0.2417 0.0021 0.000200
885.00 P 20260818 -1.00 -1.00 0 0 0.2282 -0.9978 0.000200
890.00 C 20260818 -1.00 -1.00 0 0 0.2445 0.0019 0.000200
890.00 P 20260818 -1.00 -1.00 0 0 0.2324 -0.9980 0.000200
895.00 C 20260818 -1.00 -1.00 0 0 0.2537 0.0017 0.000100
895.00 P 20260818 -1.00 -1.00 0 0 0.2351 -0.9982 0.000100
900.00 C 20260818 -1.00 -1.00 0 0 0.2627 0.0015 0.000100
900.00 P 20260818 -1.00 -1.00 0 0 0.2352 -0.9984 0.000100
905.00 C 20260818 -1.00 -1.00 0 0 0.2715 0.0014 0.000100
905.00 P 20260818 -1.00 -1.00 0 0 0.2650 -0.9985 0.000100
910.00 C 20260818 -1.00 -1.00 0 0 0.2802 0.0012 0.000100
910.00 P 20260818 -1.00 -1.00 0 0 -1.0000 -0.9986 0.000100
870.00 C 20260819 -1.00 -1.00 0 0 0.2170 0.0040 0.000400
870.00 P 20260819 -1.00 -1.00 0 0 0.2638 -0.9958 0.000400
880.00 C 20260819 -1.00 -1.00 0 0 0.2282 0.0034 0.000300
880.00 P 20260819 -1.00 -1.00 0 0 0.2228 -0.9965 0.000300
890.00 C 20260819 -1.00 -1.00 0 0 0.2419 0.0029 0.000200
890.00 P 20260819 -1.00 -1.00 0 0 0.3054 -0.9970 0.000200
900.00 C 20260819 -1.00 -1.00 0 0 0.2529 0.0025 0.000200
900.00 P 20260819 -1.00 -1.00 0 0 0.2620 -0.9973 0.000200
910.00 C 20260819 -1.00 -1.00 0 0 0.2701 0.0022 0.000200
910.00 P 20260819 -1.00 -1.00 0 0 0.3458 -0.9976 0.000200
870.00 C 20260820 -1.00 -1.00 0 1 0.2124 0.0042 0.000400
870.00 P 20260820 -1.00 -1.00 0 0 0.2281 -0.9956 0.000400
880.00 C 20260820 -1.00 -1.00 0 0 0.2208 0.0036 0.000300
880.00 P 20260820 -1.00 -1.00 0 0 0.2471 -0.9963 0.000300
890.00 C 20260820 -1.00 -1.00 0 0 0.2386 0.0031 0.000200
890.00 P 20260820 -1.00 -1.00 0 0 0.2881 -0.9968 0.000200
900.00 C 20260820 -1.00 -1.00 0 0 0.2508 0.0027 0.000200
900.00 P 20260820 -1.00 -1.00 0 0 0.3241 -0.9972 0.000200
910.00 C 20260820 -1.00 -1.00 0 0 0.2609 0.0024 0.000200
910.00 P 20260820 -1.00 -1.00 0 0 0.3281 -0.9975 0.000200
870.00 C 20260821 -1.00 -1.00 0 63 0.2102 0.0046 0.000400
870.00 P 20260821 -1.00 -1.00 0 0 -1.0000 -0.9953 0.000400
880.00 C 20260821 -1.00 -1.00 30 4 0.2260 0.0039 0.000300
880.00 P 20260821 -1.00 -1.00 0 0 -1.0000 -0.9960 0.000300
890.00 C 20260821 -1.00 -1.00 0 3 0.2381 0.0034 0.000300
890.00 P 20260821 -1.00 -1.00 0 0 -1.0000 -0.9965 0.000300
900.00 C 20260821 -1.00 -1.00 0 2 0.2550 0.0030 0.000200
900.00 P 20260821 -1.00 -1.00 0 0 -1.0000 -0.9969 0.000200
905.00 C 20260821 -1.00 -1.00 0 0 0.2635 0.0028 0.000200
905.00 P 20260821 -1.00 -1.00 0 1 -1.0000 -0.9971 0.000200
910.00 C 20260821 -1.00 -1.00 0 1 0.2679 0.0026 0.000200
910.00 P 20260821 -1.00 -1.00 0 0 -1.0000 -0.9972 0.000200
