1786239868212 9102854 224.64 0.12 buy
1786240055781 9102855 224.64 0.12 buy
1786240082525 9102856 224.63 0.05 sell
1786240095092 9102858 224.64 0.12 buy
1786240118263 9102859 224.63 0.16 sell
1786240142079 9102864 224.64 7.73 buy
1786240142081 9102865 224.67 0.01 buy
1786240270169 9102866 224.7 0.04 buy
1786240270169 9102867 224.7 0.02 buy
1786240270169 9102868 224.7 0.01 buy
1786240270169 9102869 224.7 0.01 buy
1786240270169 9102870 224.7 0.01 buy
1786240275839 9102873 224.69 0.4 sell
1786240312921 9102883 224.7 14.86 buy
1786240323834 9102884 224.69 0.05 sell
1786240539947 9102887 224.7 0.38 buy
1786240563439 9102889 224.69 0.05 sell
1786240659123 9102891 224.69 1 sell
1786240697415 9102892 224.7 0.12 buy
1786240795221 9102895 224.7 1 buy
1786240795221 9102896 224.7 1 buy
1786240803804 9102897 224.69 0.05 sell
1786240824293 9102898 224.7 0.87 buy
1786240833024 9102899 224.69 0.4 sell
1786240862798 9102900 224.7 0.12 buy
1786240862799 9102901 224.7 4.7 buy
1786240863112 9102903 224.69 0.05 sell
1786240938055 9102909 224.69 0.4 sell
1786240939058 9102910 224.69 0.02 sell
1786240946155 9102911 224.69 0.02 sell
1786240987765 9102912 224.69 0.14 buy
1786240993226 9102914 224.69 0.03 buy
1786241054436 9102916 224.69 0.1 buy
1786241056776 9102922 224.7 0.79 buy
1786241056776 9102925 224.71 4.68 buy
1786241056776 9102926 224.72 1.84 buy
1786241056778 9102927 224.72 0.01 buy
1786241056778 9102928 224.73 0.04 buy
1786241103817 9102930 224.73 0.05 sell
1786241104111 9102931 224.73 0.05 sell
1786241109713 9102932 224.73 3.34 sell
1786241146534 9102933 224.73 0.02 sell
1786241190042 9102938 224.74 2.44 buy
1786241294356 9102939 224.75 0.12 buy
1786241311893 9102940 224.74 2.85 sell
1786241370263 9102941 224.74 0.05 sell
1786241403008 9102942 224.74 0.05 sell
1786241445495 9102947 224.75 2.66 buy
1786241445497 9102950 224.76 0.12 buy
1786241445497 9102951 224.77 0.02 buy
1786241460252 9102958 224.78 0.08 buy
1786241460252 9102959 224.79 0.04 buy
1786241460252 9102961 224.8 13.97 buy
1786241460252 9102962 224.81 3.82 buy
1786241460255 9102963 224.81 0.78 buy
1786241460255 9102964 224.81 12.84 buy
1786241460337 9102970 224.81 26.89 buy
1786241460346 9102971 224.82 0.03 buy
1786241479476 9102975 224.83 1.19 buy
1786241479476 9102977 224.84 0.14 buy
1786241479476 9102980 224.85 0.67 buy
1786241479477 9102981 224.85 0.48 buy
1786241479479 9102982 224.85 0.01 buy
1786241490112 9102983 224.86 1 buy
1786241490113 9102984 224.86 0.98 buy
1786241517364 9102986 224.85 1.5 sell
1786241532601 9103007 224.85 21.47 sell
1786241561014 9103008 224.84 5.93 sell
1786241633201 9103009 224.85 0.01 sell
1786241633201 9103010 224.85 0.01 sell
1786241633201 9103011 224.85 0.01 sell
1786241633201 9103012 224.85 0.04 sell
1786241633201 9103013 224.85 0.02 sell
1786241643501 9103014 224.85 0.01 sell
1786241643501 9103015 224.84 0.04 sell
1786241652645 9103018 224.85 0.05 buy
1786241684021 9103020 224.85 0.16 sell
1786241737908 9103021 224.86 0.09 buy
1786241802358 9103022 224.86 0.12 buy
1786241804424 9103023 224.86 0.12 buy
1786241913441 9103024 224.86 2.75 buy
1786241913442 9103025 224.86 1.07 buy
1786242002968 9103026 224.85 0.05 sell
1786242065052 9103027 224.85 0.05 sell
1786242084207 9103030 224.86 0.16 buy
1786242183465 9103031 224.86 0.05 sell
1786242184151 9103032 224.86 0.05 sell
1786242203440 9103033 224.87 0.01 buy
1786242203440 9103035 224.89 0.04 buy
1786242203440 9103036 224.9 0.27 buy
1786242206549 9103038 224.9 0.76 buy
1786242209745 9103039 224.9 0.05 buy
1786242237975 9103040 224.89 0.19 sell
1786242262830 9103041 224.89 0.02 sell
1786242292209 9103042 224.89 0.02 sell
1786242298799 9103048 224.9 0.42 buy
1786242298799 9103052 224.91 0.18 buy
1786242298799 9103055 224.92 7.68 buy
1786242298799 9103059 224.93 2.68 buy
1786242298799 9103065 224.94 10.51 buy
1786242369979 9103066 224.92 0.12 buy
1786242469007 9103068 224.92 0.12 buy
1786242484133 9103069 224.91 0.05 sell
1786242511385 9103071 224.92 0.09 buy
1786242516123 9103080 224.91 7.58 sell
1786242602772 9103081 224.9 0.05 sell
1786242664253 9103082 224.9 0.05 sell
1786242722997 9103083 224.9 2.22 sell
1786242756226 9103084 224.9 0.04 sell
1786242756226 9103085 224.9 0.02 sell
1786242756226 9103086 224.9 0.01 sell
1786242756226 9103087 224.9 0.01 sell
1786242756226 9103088 224.9 0.01 sell
1786242786673 9103089 224.9 0.03 sell
1786242791524 9103090 224.9 0.03 sell
1786242801825 9103091 224.91 0.12 buy
1786242802872 9103092 224.9 0.01 sell
1786242811934 9103093 224.9 0.01 sell
1786242830462 9103095 224.9 0.04 sell
1786242848199 9103096 224.89 0.05 sell
1786242848199 9103097 224.88 0.25 sell
1786242848199 9103098 224.87 0.14 sell
1786242848199 9103099 224.87 0.22 sell
1786242848199 9103100 224.87 0.11 sell
1786242848199 9103101 224.87 0.11 sell
1786242848199 9103102 224.87 0.11 sell
1786242870200 9103106 224.89 0.33 sell
1786242870200 9103109 224.87 8.05 sell
1786242884585 9103113 224.87 4.93 sell
1786242884585 9103114 224.86 3.37 sell
1786242944657 9103123 224.88 2.62 buy
1786242944658 9103124 224.9 0.05 buy
1786243004748 9103128 224.91 0.3 buy
1786243004749 9103129 224.92 0.01 buy
1786243023083 9103130 224.94 0.06 sell
1786243099886 9103135 224.94 2.09 sell
1786243099887 9103136 224.92 6.4 sell
1786243099888 9103137 224.91 0.92 sell
1786243099888 9103138 224.91 1.2 sell
1786243147723 9103143 224.86 0.79 buy
1786243147723 9103144 224.88 0.8 buy
1786243148147 9103145 224.86 0.05 sell
1786243228025 9103147 224.89 0.02 buy
1786243264935 9103148 224.91 0.02 buy
1786243264935 9103150 224.92 3.81 buy
1786243264936 9103152 224.93 6.05 buy
1786243264937 9103153 224.93 0.01 buy
1786243323198 9103155 224.94 0.05 sell
1786243382566 9103159 224.95 1 buy
1786243436720 9103170 224.95 11.39 buy
1786243436721 9103171 224.95 0.06 buy
1786243442483 9103173 224.95 0.05 sell
1786243443740 9103174 224.95 0.05 sell
1786243445022 9103184 224.95 6.11 sell
1786243445022 9103187 224.94 3.82 sell
1786243503154 9103188 224.95 0.05 sell
1786243505268 9103190 224.95 0.1 sell
1786243505272 9103191 224.93 0.02 sell
1786243537050 9103193 224.92 0.09 sell
1786243537050 9103194 224.91 0.07 sell
1786243562765 9103195 224.93 0.01 buy
1786243563100 9103197 224.93 0.41 sell
1786243578275 9103198 224.94 0.01 buy
1786243635821 9103200 224.94 0.15 buy
1786243635821 9103202 224.96 1.15 buy
1786243635821 9103207 224.97 0.96 buy
1786243639333 9103208 224.94 0.22 sell
1786243717864 9103209 224.92 0.25 buy
1786243717917 9103212 224.91 3.53 sell
1786243717917 9103215 224.9 5.51 sell
1786243717917 9103219 224.89 8.4 sell
1786243743587 9103220 224.91 0.05 sell
1786243743613 9103221 224.91 0.05 sell
1786243763200 9103222 224.91 0.03 buy
1786243763200 9103224 224.92 0.07 buy
1786243763200 9103225 224.93 0.02 buy
1786243861333 9103227 224.91 0.02 buy
1786243875331 9103228 224.93 2.25 buy
1786243902293 9103235 224.92 2.19 sell
1786243921604 9103238 224.92 0.88 sell
1786243921605 9103239 224.92 0.06 sell
1786243933340 9103240 224.91 0.25 sell
1786243983060 9103241 224.91 0.05 sell
1786243983719 9103242 224.91 0.05 sell
1786243995373 9103243 224.92 4.4 buy
1786244016142 9103246 224.93 15.87 buy
1786244019402 9103247 224.92 0.4 buy
1786244028051 9103251 224.91 2.05 sell
1786244028051 9103252 224.9 6.24 sell
1786244223424 9103253 224.91 0.05 sell
1786244281249 9103256 224.91 0.2 sell
1786244283744 9103257 224.9 0.05 sell
1786244330391 9103258 224.9 3 sell
1786244355246 9103259 224.9 0.12 sell
1786244392084 9103263 224.91 6.26 buy
1786244409840 9103268 224.9 12.29 sell
1786244463506 9103269 224.88 0.01 sell
1786244463506 9103270 224.86 0.02 sell
1786244463506 9103271 224.85 0.02 sell
1786244469426 9103272 224.89 0.04 buy
1786244475657 9103273 224.89 0.01 buy
1786244486063 9103274 224.86 0.01 sell
1786244486063 9103275 224.85 0.99 sell
1786244542424 9103276 224.87 0.01 buy
1786244547396 9103280 224.88 0.06 buy
1786244547396 9103281 224.89 0.16 buy
1786244556534 9103282 224.89 0.36 buy
1786244677397 9103283 224.9 0.01 buy
1786244703777 9103285 224.89 0.05 sell
1786244778545 9103289 224.9 3 buy
1786244842969 9103291 224.89 1.12 sell
1786244842970 9103293 224.87 6.7 sell
1786244842970 9103296 224.86 6.01 sell
1786244842972 9103297 224.86 0.03 sell
1786244843979 9103300 224.85 0.07 sell
1786244863234 9103303 224.84 0.42 sell
1786244863234 9103304 224.84 0.21 sell
1786244863234 9103305 224.84 0.1 sell
1786244863234 9103306 224.84 0.1 sell
1786244863234 9103308 224.84 0.05 sell
1786244863234 9103310 224.83 0.05 sell
1786244943094 9103311 224.83 0.05 sell
1786244960683 9103317 224.83 4.77 sell
1786244960683 9103320 224.82 0.1 sell
1786244960684 9103321 224.82 0.01 sell
1786244960684 9103322 224.81 0.05 sell
1786244960689 9103323 224.79 0.01 sell
1786244960743 9103326 224.79 2.13 buy
1786244960743 9103327 224.8 0.01 buy
1786244960743 9103330 224.81 8.26 buy
1786244960800 9103331 224.82 0.13 buy
1786244960800 9103332 224.82 0.13 buy
1786244960800 9103333 224.82 0.13 buy
1786244960800 9103334 224.82 0.13 buy
1786244960800 9103335 224.82 0.13 buy
1786244960800 9103337 224.82 0.13 buy
1786244960800 9103338 224.82 0.13 buy
1786244960800 9103339 224.82 0.13 buy
1786244960800 9103340 224.82 0.13 buy
1786244960800 9103341 224.82 0.13 buy
1786244960800 9103342 224.82 0.13 buy
1786244960800 9103343 224.82 0.13 buy
1786244960800 9103344 224.82 0.13 buy
1786244960800 9103345 224.82 0.13 buy
1786244960800 9103346 224.82 0.13 buy
1786244960800 9103347 224.82 0.13 buy
1786244960800 9103348 224.82 0.13 buy
1786244960800 9103349 224.82 0.13 buy
1786244960800 9103350 224.82 0.13 buy
1786244960800 9103351 224.82 0.13 buy
1786245005264 9103353 224.8 0.06 sell
1786245025682 9103354 224.81 0.09 buy
1786245062058 9103355 224.8 0.2 sell
1786245062059 9103358 224.8 0.18 sell
1786245062061 9103360 224.77 0.1 sell
1786245078537 9103361 224.77 0.12 buy
1786245095416 9103365 224.76 0.19 sell
1786245095416 9103368 224.75 0.22 sell
1786245095416 9103369 224.74 0.02 sell
1786245095416 9103374 224.73 4.17 sell
1786245095416 9103379 224.72 3.63 sell
1786245095416 9103380 224.71 0.01 sell
1786245119431 9103381 224.72 0.12 buy
1786245150261 9103386 224.72 1.02 buy
1786245150261 9103387 224.73 0.56 buy
1786245150261 9103388 224.74 6.5 buy
1786245150261 9103389 224.75 0.11 buy
1786245162090 9103390 224.75 0.16 buy
1786245171338 9103391 224.75 0.01 buy
1786245183493 9103393 224.72 0.05 sell
1786245198041 9103395 224.73 0.02 buy
1786245198041 9103396 224.75 0.1 buy
1786245242600 9103397 224.74 0.05 buy
1786245249087 9103398 224.72 0.01 sell
1786245274158 9103399 224.73 0.01 sell
1786245274158 9103401 224.71 0.11 sell
1786245298065 9103402 224.73 0.01 buy
1786245298428 9103403 224.74 3 sell
1786245457769 9103404 224.76 0.01 buy
1786245457769 9103407 224.79 5.07 buy
1786245457769 9103413 224.8 12.36 buy
1786245458071 9103414 224.79 0.01 buy
1786245483363 9103415 224.79 0.05 sell
1786245518687 9103418 224.79 0.23 sell
1786245542835 9103419 224.79 0.06 sell
1786245638252 9103421 224.79 0.28 sell
1786245638254 9103424 224.76 0.08 sell
1786245672649 9103426 224.74 0.05 sell
1786245691070 9103427 224.73 0.01 buy
1786245692071 9103428 224.73 0.01 buy
1786245693070 9103429 224.73 0.01 buy
1786245765709 9103431 224.72 2 sell
1786245843013 9103432 224.72 0.06 sell
1786245881516 9103436 224.73 0.65 buy
1786245900540 9103437 224.72 0.58 sell
1786245902943 9103438 224.72 0.05 sell
1786245907325 9103439 224.73 0.18 buy
1786245907325 9103440 224.77 0.09 buy
1786245907326 9103441 224.77 0.01 buy
1786245907326 9103442 224.79 0.27 buy
1786245907328 9103443 224.79 0.27 buy
1786245907330 9103444 224.79 0.01 buy
1786245907330 9103446 224.81 0.26 buy
1786245907330 9103447 224.81 0.26 buy
1786245907330 9103448 224.81 0.23 buy
1786245907332 9103449 224.81 0.69 buy
1786245907338 9103450 224.81 0.69 buy
1786245907339 9103451 224.81 0.69 buy
1786245908122 9103452 224.8 0.04 sell
1786245908199 9103455 224.8 0.04 sell
1786245909218 9103456 224.81 0.04 buy
1786246006339 9103460 224.8 0.68 sell
1786246006339 9103461 224.78 0.02 sell
1786246006339 9103462 224.77 0.28 sell
1786246029242 9103463 224.78 0.04 sell
1786246199467 9103465 224.78 0.02 sell
1786246266087 9103468 224.78 0.21 sell
1786246322744 9103470 224.76 0.04 sell
1786246322744 9103471 224.74 0.03 sell
1786246322807 9103473 224.74 0.02 sell
1786246442903 9103474 224.74 0.05 sell
1786246443044 9103475 224.74 0.05 sell
1786246527983 9103476 224.74 0.2 sell
1786246562841 9103482 224.74 7.68 sell
1786246562844 9103484 224.71 0.06 sell
1786246623318 9103485 224.7 0.05 sell
1786246627749 9103491 224.7 4.12 sell
1786246643253 9103495 224.69 0.1 sell
1786246653507 9103503 224.68 1.61 sell
1786246658092 9103504 224.69 0.12 buy
1786246710999 9103505 224.68 0.04 sell
1786246712079 9103507 224.67 0.05 sell
1786246712079 9103509 224.66 0.79 sell
1786246815839 9103511 224.68 0.8 buy
1786246821401 9103512 224.68 2.95 buy
1786246834597 9103513 224.72 0.22 sell
1786246923654 9103514 224.76 0.05 sell
1786246926663 9103517 224.76 0.37 sell
1786246926668 9103518 224.7 0.01 sell
1786246958184 9103519 224.7 0.01 buy
1786246971483 9103520 224.7 0.02 buy
1786246982885 9103521 224.71 0.02 sell
1786247005459 9103522 224.7 0.22 buy
1786247053782 9103523 224.7 0.12 buy
1786247100423 9103525 224.69 0.65 sell
1786247102706 9103526 224.69 0.05 sell
1786247110399 9103527 224.7 0.04 buy
1786247226824 9103528 224.69 0.04 sell
1786247228291 9103529 224.7 0.04 buy
1786247294566 9103532 224.69 1 sell
1786247343784 9103533 224.69 0.05 sell
1786247360680 9103534 224.69 0.04 sell
1786247362919 9103535 224.7 0.04 buy
1786247467118 9103537 224.69 0.04 sell
1786247469368 9103538 224.7 0.04 buy
1786247526940 9103541 224.7 0.98 buy
1786247552331 9103542 224.7 0.12 buy
1786247587458 9103543 224.69 0.04 sell
1786247588877 9103544 224.7 0.04 buy
1786247658838 9103545 224.7 0.12 buy
1786247714781 9103546 224.69 0.04 sell
1786247716927 9103547 224.7 0.04 buy
1786247743335 9103548 224.69 0.16 sell
1786247818994 9103549 224.69 0.05 sell
1786247834541 9103553 224.69 0.14 sell
1786247834541 9103554 224.68 0.02 sell
1786247836684 9103555 224.67 0.04 sell
1786247839976 9103556 224.7 0.04 buy
1786247879586 9103557 224.68 0.01 buy
1786247927573 9103558 224.69 0.01 buy
1786247927573 9103559 224.71 0.02 buy
1786247927573 9103561 224.73 0.09 buy
1786247928208 9103562 224.72 0.06 sell
1786247929737 9103563 224.72 0.02 buy
1786247933860 9103571 224.72 3.92 sell
1786247943166 9103572 224.71 0.05 sell
1786247943194 9103573 224.71 0.05 sell
1786247946469 9103575 224.71 0.78 sell
1786247946469 9103576 224.7 0.02 sell
1786247948545 9103577 224.68 0.01 sell
1786247948548 9103578 224.66 0.01 sell
1786247952731 9103581 224.65 5.03 sell
1786247952732 9103582 224.64 0.13 sell
1786247952794 9103583 224.63 0.01 buy
1786247952799 9103584 224.63 0.01 buy
1786247957897 9103585 224.62 0.04 sell
1786247960904 9103586 224.63 0.04 buy
1786247962953 9103588 224.62 0.12 sell
1786247980734 9103594 224.62 6.85 sell
1786247980736 9103595 224.62 15.63 buy
1786248003044 9103598 224.63 0.12 buy
1786248063175 9103599 224.68 0.06 sell
1786248063944 9103605 224.69 9.53 buy
1786248063944 9103607 224.7 3.02 buy
1786248063944 9103611 224.71 8.26 buy
1786248063944 9103614 224.72 5.59 buy
1786248064221 9103615 224.71 0.02 buy
1786248068110 9103616 224.71 0.05 sell
1786248078084 9103617 224.71 0.04 sell
1786248080307 9103625 224.71 2.05 sell
1786248080309 9103626 224.68 0.01 sell
1786248080311 9103627 224.66 0.01 sell
1786248080835 9103628 224.67 0.04 buy
1786248097912 9103629 224.66 0.02 buy
1786248098212 9103630 224.66 0.03 sell
1786248123612 9103632 224.65 0.03 sell
1786248123612 9103633 224.62 0.02 sell
1786248133384 9103634 224.63 0.04 buy
1786248135414 9103636 224.63 0.03 sell
1786248141084 9103642 224.61 0.26 sell
1786248141084 9103644 224.6 0.05 sell
1786248143383 9103650 224.6 0.28 sell
1786248183457 9103653 224.6 0.31 sell
1786248183457 9103656 224.59 0.15 sell
1786248183457 9103658 224.58 0.09 sell
1786248183457 9103660 224.57 1.15 sell
1786248183458 9103661 224.57 0.01 sell
1786248183458 9103662 224.56 0.01 sell
1786248183586 9103663 224.56 0.02 buy
1786248183620 9103665 224.56 0.02 sell
1786248183625 9103666 224.56 0.02 sell
1786248183628 9103667 224.56 0.01 sell
1786248183630 9103668 224.56 0.01 sell
1786248183633 9103669 224.56 0.01 sell
1786248183633 9103670 224.56 0.02 sell
1786248183645 9103671 224.57 0.19 buy
1786248183826 9103672 224.59 0.01 sell
1786248183843 9103677 224.58 4.67 buy
1786248184656 9103678 224.58 0.04 buy
1786248184679 9103681 224.61 2.78 buy
1786248184680 9103682 224.63 0.02 buy
1786248201950 9103685 224.64 0.04 buy
1786248250201 9103686 224.64 0.02 buy
1786248398838 9103687 224.66 0.01 buy
1786248398838 9103688 224.68 0.01 buy
1786248398838 9103690 224.69 1.16 buy
1786248407762 9103694 224.7 1.47 buy
1786248407762 9103695 224.71 0.03 buy
1786248407769 9103696 224.73 0.04 buy
1786248407774 9103699 224.75 0.31 buy
1786248407775 9103700 224.78 0.01 buy
1786248407793 9103702 224.79 0.05 buy
1786248407793 9103704 224.8 0.04 buy
1786248407794 9103708 224.81 0.1 buy
1786248409843 9103709 224.82 0.03 buy
1786248414839 9103710 224.83 0.8 buy
1786248417932 9103711 224.83 0.13 buy
1786248427955 9103712 224.83 0.13 buy
1786248428959 9103715 224.83 0.12 buy
1786248428959 9103717 224.84 0.14 buy
1786248428959 9103718 224.85 0.1 buy
1786248428959 9103720 224.86 0.14 buy
1786248441942 9103721 224.85 0.01 sell
1786248468113 9103722 224.86 0.01 buy
1786248468576 9103723 224.86 0.09 buy
1786248468577 9103724 224.86 0.03 buy
1786248482581 9103726 224.87 0.02 buy
1786248482581 9103727 224.88 0.02 buy
1786248482581 9103729 224.89 0.08 buy
1786248483120 9103731 224.86 0.05 sell
1786248491092 9103735 224.86 3.41 sell
1786248499147 9103739 224.86 0.87 sell
1786248499148 9103740 224.85 0.08 sell
1786248509164 9103743 224.84 0.04 sell
1786248509164 9103745 224.82 2.63 sell
1786248509164 9103746 224.81 0.52 sell
1786248530234 9103748 224.81 0.05 sell
1786248530234 9103749 224.81 0.02 sell
1786248530234 9103750 224.81 0.01 sell
1786248530234 9103751 224.81 0.01 sell
1786248530234 9103752 224.81 0.01 sell
1786248541112 9103753 224.81 0.01 sell
1786248558476 9103758 224.81 1.16 sell
1786248558476 9103760 224.8 0.17 sell
1786248558476 9103762 224.79 2.61 sell
1786248558476 9103768 224.78 19.52 sell
1786248587323 9103769 224.8 0.04 sell
1786248587323 9103770 224.8 0.02 sell
1786248587323 9103771 224.8 0.01 sell
1786248587323 9103772 224.8 0.01 sell
1786248587323 9103773 224.8 0.01 sell
1786248590007 9103778 224.8 0.7 sell
1786248590007 9103780 224.79 3.49 sell
1786248590007 9103783 224.78 0.16 sell
1786248663124 9103784 224.8 0.05 sell
1786248690850 9103785 224.8 0.04 sell
1786248723352 9103787 224.8 0.05 sell
1786248783564 9103789 224.8 0.05 sell
1786248802906 9103793 224.8 0.37 sell
1786248844560 9103795 224.79 0.17 sell
1786248844560 9103796 224.78 0.14 sell
1786248849431 9103798 224.77 0.02 sell
1786248903120 9103799 224.78 0.01 sell
1786248903120 9103800 224.77 0.04 sell
1786249082897 9103802 224.77 0.05 sell
1786249083277 9103803 224.77 0.22 sell
1786249143287 9103804 224.77 0.05 sell
1786249203201 9103805 224.77 0.05 sell
1786249285076 9103806 224.77 0.22 sell
1786249384264 9103807 224.77 0.05 sell
1786249443229 9103808 224.77 0.05 sell
1786249503463 9103809 224.77 0.11 sell
1786249534626 9103815 224.78 1 buy
1786249534627 9103816 224.78 1 buy
1786249534628 9103817 224.78 0.07 buy
1786249537298 9103819 224.79 0.16 sell
1786249554518 9103820 224.79 3 sell
1786249563000 9103821 224.79 0.05 sell
1786249610900 9103822 224.8 0.12 buy
1786249610901 9103823 224.8 1.91 buy
1786249614108 9103824 224.84 0.01 buy
1786249666242 9103825 224.85 0.18 sell
1786249741500 9103826 224.86 0.33 buy
1786249742112 9103827 224.85 0.01 sell
1786249749109 9103828 224.86 0.01 buy
1786249863813 9103829 224.85 0.05 sell
1786249923008 9103830 224.86 0.12 buy
1786249923112 9103831 224.85 0.01 sell
1786249947112 9103832 224.86 0.01 buy
1786249972332 9103833 224.86 0.12 buy
1786249994408 9103834 224.86 0.12 buy
1786250013379 9103836 224.85 0.23 sell
1786250013540 9103837 224.83 0.19 sell
1786250013601 9103838 224.83 0.04 sell
1786250013601 9103840 224.8 0.14 sell
1786250013851 9103842 224.8 0.03 sell
1786250168005 9103848 224.8 4.34 buy
1786250223068 9103849 224.83 0.05 sell
1786250487781 9103851 224.83 2.16 sell
1786250581062 9103856 224.83 2.12 sell
1786250581062 9103858 224.82 3.83 sell
1786250643856 9103859 224.82 0.05 sell
1786250711766 9103864 224.82 2.58 sell
1786250754646 9103869 224.82 5.53 buy
1786250754646 9103871 224.84 0.53 buy
1786250763129 9103872 224.82 0.06 sell
1786250799370 9103873 224.82 0.04 sell
1786250817117 9103876 224.83 2.58 buy
1786250955836 9103879 224.83 1.16 buy
1786251004373 9103881 224.82 0.05 sell
1786251123036 9103882 224.82 0.05 sell
1786251168411 9103885 224.82 5 sell
1786251302977 9103886 224.82 0.05 sell
1786251423561 9103887 224.82 0.05 sell
1786251543784 9103889 224.82 0.05 sell
1786251610105 9103893 224.82 0.68 sell
1786251610106 9103894 224.81 0.15 sell
1786251645432 9103895 224.79 0.12 buy
1786251669475 9103898 224.78 1.16 sell
1786251712928 9103899 224.79 0.12 buy
1786251723800 9103900 224.78 0.05 sell
1786251762702 9103901 224.79 0.05 buy
1786251762704 9103914 224.79 5.66 buy
1786251790359 9103915 224.82 0.12 sell
1786251819688 9103918 224.83 0.04 buy
1786251880471 9103919 224.85 0.12 buy
1786251949676 9103920 224.85 0.01 buy
1786251963292 9103921 224.84 0.05 sell
1786252028306 9103923 224.84 0.05 sell
1786252041073 9103927 224.85 6.48 buy
1786252041073 9103928 224.86 0.01 buy
1786252041074 9103929 224.86 13.24 buy
1786252041074 9103930 224.86 6.96 buy
1786252041075 9103931 224.87 0.66 buy
1786252041075 9103932 224.87 1.69 buy
1786252041075 9103933 224.87 13.34 buy
1786252041075 9103934 224.87 2.7 buy
1786252041076 9103935 224.87 2.49 buy
1786252041076 9103937 224.87 194.63 buy
1786252041077 9103938 224.89 0.8 buy
1786252041233 9103940 224.9 0.17 buy
1786252041286 9103941 224.9 0.17 buy
1786252042913 9103942 224.9 0.08 buy
1786252043192 9103943 224.89 0.19 sell
1786252043912 9103944 224.9 0.08 buy
1786252056894 9103951 224.9 0.81 buy
1786252056895 9103952 224.9 0.01 buy
1786252087594 9103954 224.91 0.12 buy
1786252088652 9103958 224.91 0.12 buy
1786252100747 9103961 224.91 1.62 buy
1786252100747 9103963 224.92 0.38 buy
1786252100748 9103965 224.93 0.04 buy
1786252100748 9103966 224.94 0.17 buy
1786252100749 9103968 224.94 0.08 buy
1786252131779 9103970 224.94 0.12 sell
1786252143555 9103971 224.94 0.05 sell
1786252150586 9103972 224.94 0.12 sell
1786252154913 9103974 224.94 0.04 sell
1786252155910 9103976 224.94 0.04 sell
1786252165914 9103977 224.94 0.03 sell
1786252166113 9103978 224.94 0.02 sell
1786252167112 9103979 224.94 0.02 sell
1786252168113 9103980 224.94 0.02 sell
1786252169109 9103981 224.94 0.02 sell
1786252170113 9103982 224.94 0.02 sell
1786252171110 9103983 224.94 0.02 sell
1786252176668 9103988 224.94 2 sell
1786252176668 9103989 224.93 2.63 sell
1786252176668 9103991 224.92 3.58 sell
1786252179109 9103992 224.93 0.01 buy
1786252179689 9103993 224.94 0.02 sell
1786252186769 9103996 224.93 1.92 sell
1786252186769 9103998 224.92 5.76 sell
1786252186769 9103999 224.91 0.45 sell
1786252203898 9104000 224.93 0.05 sell
1786252232113 9104002 224.94 0.02 buy
1786252233112 9104003 224.94 0.02 buy
1786252234112 9104004 224.94 0.02 buy
1786252235109 9104005 224.94 0.02 buy
1786252236113 9104006 224.94 0.02 buy
1786252237113 9104007 224.94 0.01 buy
1786252269566 9104009 224.94 0.04 buy
1786252287068 9104013 224.94 6.35 sell
1786252343507 9104015 224.94 0.73 buy
1786252378769 9104019 224.95 0.65 buy
1786252382680 9104020 224.95 4.29 buy
1786252382681 9104028 224.95 0.54 buy
1786252382681 9104031 224.96 1.17 buy
1786252382756 9104032 224.96 0.01 sell
1786252443446 9104033 224.94 0.05 sell
1786252503827 9104035 224.95 0.03 buy
1786252503845 9104037 224.96 0.05 sell
1786252505769 9104042 224.97 0.12 buy
1786252512734 9104047 224.96 3.09 sell
1786252512734 9104048 224.95 4.97 sell
1786252537663 9104051 224.96 0.09 buy
1786252550602 9104057 224.96 6.36 sell
1786252550602 9104058 224.95 1.61 sell
1786252563960 9104059 224.95 0.05 sell
1786252575255 9104060 224.95 0.84 sell
1786252575255 9104063 224.95 0.42 sell
1786252575256 9104067 224.95 0.21 sell
1786252575256 9104068 224.95 0.21 sell
1786252575256 9104069 224.95 0.21 sell
1786252683670 9104070 224.95 0.05 sell
1786252688167 9104076 224.96 0.83 buy
1786252688167 9104077 224.97 0.01 buy
1786252688167 9104080 224.98 0.34 buy
1786252863498 9104081 224.95 0.05 sell
1786252923866 9104082 224.95 0.05 sell
1786252937515 9104084 224.95 2.26 sell
1786252951807 9104085 224.95 2.53 sell
1786252982953 9104086 224.95 0.05 sell
1786253103429 9104087 224.95 0.05 sell
1786253194943 9104093 224.96 1.63 buy
1786253194943 9104095 224.97 1.25 buy
1786253203513 9104096 224.98 0.02 buy
1786253212062 9104100 224.98 3.44 buy
1786253212062 9104102 224.99 1.56 buy
1786253224481 9104103 224.97 0.05 sell
1786253298833 9104104 224.97 0.12 sell
1786253311641 9104113 224.97 4.37 sell
1786253311641 9104114 224.96 3.99 sell
1786253313113 9104115 224.96 0.02 sell
1786253317113 9104116 224.98 0.01 buy
1786253317113 9104117 224.99 0.01 buy
1786253322032 9104119 224.99 17.55 buy
1786253322032 9104132 225 7.45 buy
1786253322037 9104133 225 6.82 buy
1786253347485 9104134 224.96 6.84 sell
1786253347485 9104135 224.95 8.93 sell
1786253363745 9104136 224.97 0.01 buy
1786253375436 9104139 224.98 0.27 sell
1786253375436 9104140 224.97 4.17 sell
1786253377111 9104141 224.97 0.02 sell
1786253403214 9104142 224.97 0.05 sell
1786253413113 9104144 224.98 0.02 buy
1786253504114 9104145 224.98 0.01 buy
1786253505112 9104146 224.97 0.02 sell
1786253506109 9104147 224.97 0.02 sell
1786253507112 9104148 224.97 0.02 sell
1786253508109 9104149 224.97 0.02 sell
1786253510109 9104150 224.97 0.02 sell
1786253583214 9104151 224.97 0.06 sell
1786253613151 9104154 224.98 1.75 buy
1786253613205 9104155 224.98 0.05 buy
1786253613205 9104156 224.98 0.05 buy
1786253618110 9104157 224.98 0.02 buy
1786253643110 9104158 224.98 0.02 buy
1786253646112 9104159 224.98 0.02 buy
1786253649113 9104160 224.98 0.02 buy
1786253651113 9104161 224.98 0.02 buy
1786253702716 9104163 224.97 0.05 sell
1786253762890 9104164 224.97 0.05 sell
1786253763190 9104165 224.97 0.06 sell
1786253833534 9104169 224.97 2.91 sell
1786253849112 9104170 224.95 0.02 sell
1786253851112 9104171 224.95 0.02 sell
1786253867114 9104172 224.96 0.02 buy
1786253883224 9104173 224.95 0.05 sell
1786253892113 9104174 224.96 0.02 buy
1786253912130 9104179 224.95 1.85 sell
1786253940737 9104180 224.95 0.04 sell
1786253982682 9104181 224.96 0.04 buy
1786254002493 9104182 224.95 0.05 sell
1786254002993 9104183 224.95 0.05 sell
1786254029742 9104187 224.96 2.32 buy
1786254047180 9104189 224.96 0.81 buy
1786254047180 9104190 224.97 0.46 buy
1786254047180 9104194 224.98 2.49 buy
1786254047235 9104195 224.98 0.08 buy
1786254047235 9104196 224.98 0.08 buy
1786254047235 9104197 224.98 0.08 buy
1786254053510 9104198 224.97 0.02 sell
1786254123168 9104199 224.95 0.02 sell
1786254123168 9104200 224.94 0.04 sell
1786254124112 9104201 224.94 0.02 sell
1786254125113 9104202 224.94 0.02 sell
1786254160112 9104203 224.95 0.01 buy
1786254198112 9104204 224.94 0.02 sell
1786254200109 9104205 224.94 0.02 sell
1786254200534 9104206 224.94 1.01 sell
1786254202113 9104207 224.94 0.02 sell
1786254202114 9104208 224.94 10.44 sell
1786254202115 9104216 224.94 252.19 sell
1786254202116 9104217 224.92 0.02 sell
1786254207913 9104219 224.88 0.08 sell
1786254207914 9104222 224.88 0.76 sell
1786254208913 9104223 224.88 0.07 sell
1786254209910 9104224 224.88 0.08 sell
1786254210913 9104225 224.88 0.08 sell
1786254211913 9104226 224.88 0.05 sell
1786254278431 9104228 224.89 0.22 buy
1786254299112 9104229 224.88 0.04 sell
1786254300112 9104230 224.88 0.04 sell
1786254301112 9104231 224.88 0.04 sell
1786254301910 9104232 224.88 0.05 sell
1786254304273 9104233 224.88 0.05 sell
1786254366110 9104234 224.89 0.03 buy
1786254366592 9104237 224.88 0.46 sell
1786254367109 9104238 224.88 0.03 buy
1786254367803 9104239 224.88 0.12 buy
1786254372109 9104240 224.88 0.03 buy
1786254374109 9104241 224.88 0.03 buy
1786254375109 9104242 224.88 0.03 buy
1786254376112 9104243 224.88 0.03 buy
1786254377113 9104244 224.88 0.03 buy
1786254409260 9104250 224.87 1.88 sell
1786254409639 9104251 224.87 0.04 sell
1786254483085 9104253 224.86 0.06 sell
1786254485940 9104254 224.86 0.04 sell
1786254489349 9104256 224.86 0.12 sell
1786254566777 9104257 224.85 0.7 buy
1786254595800 9104259 224.84 9.66 sell
1786254603082 9104260 224.84 0.05 sell
1786254693331 9104264 224.85 1.01 buy
1786254783092 9104265 224.84 0.06 sell
1786254784298 9104266 224.84 0.05 sell
1786254831918 9104269 224.84 0.07 sell
1786255082728 9104270 224.83 0.07 sell
1786255188755 9104280 224.84 18.13 buy
1786255188755 9104282 224.85 5.5 buy
1786255188755 9104287 224.86 13.82 buy
1786255188755 9104292 224.87 67.67 buy
1786255188755 9104295 224.88 110.38 buy
1786255189112 9104296 224.85 0.04 buy
1786255189862 9104297 224.85 0.12 buy
1786255190912 9104298 224.85 0.04 buy
1786255191252 9104302 224.84 3.04 sell
1786255191252 9104305 224.83 5.43 sell
1786255191252 9104310 224.82 6.18 sell
1786255193260 9104311 224.84 0.01 sell
1786255196664 9104314 224.83 0.07 sell
1786255202957 9104316 224.82 0.05 sell
1786255203310 9104317 224.82 0.02 sell
1786255203310 9104318 224.81 0.03 sell
1786255261112 9104320 224.8 0.04 sell
1786255261913 9104321 224.8 0.05 sell
1786255262182 9104322 224.8 0.02 buy
1786255265676 9104323 224.79 0.01 sell
1786255265719 9104324 224.79 0.01 buy
1786255323175 9104327 224.78 0.03 sell
1786255323175 9104329 224.76 0.02 sell
1786255404179 9104330 224.76 0.22 buy
1786255446911 9104339 224.76 1.51 buy
1786255446912 9104340 224.78 0.02 buy
1786255447109 9104343 224.79 0.04 buy
1786255447292 9104348 224.79 2.3 buy
1786255448109 9104349 224.81 0.04 buy
1786255448276 9104350 224.8 0.05 sell
1786255455113 9104351 224.82 0.04 buy
1786255483236 9104353 224.81 0.12 sell
1786255502974 9104354 224.81 0.05 sell
1786255503144 9104355 224.81 0.05 sell
1786255588366 9104362 224.81 0.56 sell
1786255588379 9104363 224.8 0.06 sell
1786255633110 9104366 224.79 0.08 sell
1786255728567 9104367 224.77 0.02 sell
1786255803206 9104369 224.76 0.02 sell
1786255803206 9104370 224.75 0.05 sell
1786255808734 9104372 224.75 0.12 sell
1786255808735 9104375 224.75 0.07 sell
1786255857233 9104381 224.73 0.1 sell
1786255857233 9104383 224.72 0.89 sell
1786255857233 9104386 224.71 4.01 sell
1786255858062 9104391 224.71 4.5 buy
1786255888300 9104392 224.7 0.22 sell
1786255922979 9104393 224.7 0.05 sell
1786255923148 9104394 224.7 0.05 sell
1786255938109 9104395 224.71 0.04 buy
1786255947109 9104396 224.71 0.04 buy
1786255956109 9104397 224.71 0.04 buy
1786255957112 9104398 224.71 0.04 buy
1786255958113 9104399 224.71 0.04 buy
1786255961109 9104400 224.71 0.04 buy
1786255963109 9104401 224.71 0.04 buy
1786255965109 9104402 224.71 0.04 buy
1786255966112 9104403 224.71 0.04 buy
1786255968109 9104404 224.71 0.04 buy
1786255970113 9104405 224.71 0.04 buy
1786255972112 9104406 224.71 0.04 buy
1786255974112 9104407 224.71 0.04 buy
1786255977109 9104408 224.71 0.04 buy
1786255984112 9104409 224.71 0.04 buy
1786255987109 9104410 224.71 0.04 buy
1786256011108 9104411 224.71 0.04 buy
1786256017109 9104412 224.71 0.04 buy
1786256017187 9104419 224.71 2 buy
1786256020690 9104422 224.7 1.83 sell
1786256021109 9104423 224.71 0.04 buy
1786256026113 9104424 224.71 0.04 buy
1786256028112 9104425 224.71 0.04 buy
1786256031543 9104427 224.71 0.12 buy
1786256036109 9104429 224.71 0.04 buy
1786256043178 9104431 224.7 0.05 sell
1786256047440 9104432 224.71 0.02 buy
1786256048673 9104434 224.71 0.05 sell
1786256049112 9104436 224.71 0.04 buy
1786256049149 9104437 224.71 0.02 buy
1786256051571 9104438 224.71 0.02 sell
1786256052108 9104440 224.71 0.04 buy
1786256055110 9104441 224.71 0.02 buy
1786256068109 9104442 224.72 0.04 buy
1786256071109 9104443 224.73 0.04 buy
1786256073112 9104444 224.73 0.04 buy
1786256076109 9104445 224.73 0.04 buy
1786256079109 9104446 224.73 0.04 buy
1786256080112 9104447 224.73 0.04 buy
1786256083112 9104448 224.73 0.04 buy
1786256085109 9104449 224.73 0.04 buy
1786256092721 9104450 224.72 0.12 sell
1786256093113 9104451 224.73 0.04 buy
1786256095112 9104452 224.73 0.04 buy
1786256099109 9104453 224.73 0.04 buy
1786256104109 9104454 224.73 0.04 buy
1786256107112 9104455 224.73 0.04 buy
1786256109593 9104456 224.72 0.17 sell
1786256110112 9104457 224.73 0.04 buy
1786256127109 9104458 224.73 0.04 buy
1786256130112 9104459 224.73 0.04 buy
1786256133112 9104460 224.73 0.04 buy
1786256136112 9104461 224.73 0.04 buy
1786256139112 9104462 224.73 0.04 buy
1786256142109 9104463 224.73 0.04 buy
1786256143109 9104464 224.73 0.04 buy
1786256169488 9104468 224.73 1.33 buy
1786256192109 9104469 224.73 0.04 buy
1786256192110 9104473 224.73 1.85 buy
1786256192110 9104476 224.74 2.42 buy
1786256192111 9104478 224.75 2.42 buy
1786256196639 9104480 224.76 0.07 buy
1786256197112 9104481 224.77 0.04 buy
1786256232113 9104482 224.77 0.04 buy
1786256240112 9104483 224.77 0.04 buy
1786256246112 9104486 224.77 0.03 buy
1786256262109 9104487 224.77 0.03 buy
1786256269814 9104488 224.76 0.17 sell
1786256273113 9104489 224.77 0.03 buy
1786256280109 9104490 224.77 0.03 buy
1786256284109 9104491 224.77 0.03 buy
1786256284648 9104493 224.77 0.12 buy
1786256286601 9104497 224.77 1.2 buy
1786256286602 9104498 224.78 0.02 buy
1786256286604 9104499 224.8 0.01 buy
1786256309312 9104500 224.81 0.12 sell
1786256309313 9104502 224.81 0.04 sell
1786256310719 9104503 224.8 0.01 buy
1786256313727 9104504 224.81 0.02 sell
1786256314112 9104506 224.8 0.03 buy
1786256341112 9104507 224.81 0.03 sell
1786256365517 9104509 224.82 4.44 buy
1786256456303 9104512 224.82 4.44 buy
1786256464233 9104513 224.81 0.05 sell
1786256464428 9104515 224.82 0.12 buy
1786256523114 9104516 224.81 0.06 sell
1786256528113 9104518 224.82 0.03 buy
1786256583152 9104519 224.81 0.05 sell
1786256589957 9104525 224.81 0.73 sell
1786256606818 9104526 224.78 0.01 sell
1786256649109 9104527 224.76 0.03 buy
1786256657666 9104528 224.76 0.12 buy
1786256691112 9104529 224.76 0.03 buy
1786256693109 9104530 224.76 0.03 buy
1786256695109 9104531 224.76 0.03 buy
1786256697112 9104532 224.76 0.03 buy
1786256698109 9104533 224.76 0.03 buy
1786256699113 9104534 224.76 0.03 buy
1786256700113 9104535 224.76 0.03 buy
1786256702111 9104536 224.76 0.03 buy
1786256704112 9104537 224.76 0.03 buy
1786256705111 9104538 224.76 0.03 buy
1786256706109 9104539 224.76 0.03 buy
1786256708110 9104540 224.76 0.03 buy
1786256709108 9104541 224.76 0.03 buy
1786256711109 9104542 224.76 0.03 buy
1786256712112 9104543 224.76 0.03 buy
1786256714113 9104544 224.76 0.03 buy
1786256715109 9104545 224.76 0.03 buy
1786256718112 9104546 224.76 0.03 buy
1786256719109 9104547 224.76 0.03 buy
1786256721108 9104548 224.76 0.03 buy
1786256723112 9104549 224.76 0.03 buy
1786256724110 9104550 224.76 0.03 buy
1786256725112 9104551 224.76 0.03 buy
1786256727111 9104552 224.76 0.03 buy
1786256729108 9104553 224.76 0.03 buy
1786256731109 9104554 224.76 0.03 buy
1786256732108 9104555 224.76 0.03 buy
1786256733109 9104556 224.76 0.03 buy
1786256734110 9104557 224.76 0.03 buy
1786256736109 9104558 224.76 0.03 buy
1786256738109 9104559 224.76 0.03 buy
1786256739113 9104560 224.76 0.03 buy
1786256741112 9104561 224.76 0.03 buy
1786256743113 9104562 224.76 0.03 buy
1786256744109 9104563 224.76 0.03 buy
1786256745109 9104564 224.76 0.03 buy
1786256746111 9104565 224.76 0.03 buy
1786256748112 9104567 224.76 0.03 buy
1786256749108 9104569 224.76 0.03 buy
1786256751109 9104570 224.76 0.03 buy
1786256752112 9104571 224.76 0.03 buy
1786256754113 9104572 224.76 0.03 buy
1786256755112 9104573 224.76 0.03 buy
1786256757111 9104574 224.76 0.03 buy
1786256759113 9104575 224.76 0.03 buy
1786256761112 9104576 224.76 0.03 buy
1786256763123 9104578 224.75 0.05 sell
1786256764109 9104579 224.76 0.03 buy
1786256765109 9104580 224.76 0.03 buy
1786256767109 9104581 224.76 0.03 buy
1786256769113 9104582 224.76 0.03 buy
1786256771109 9104583 224.76 0.03 buy
1786256773113 9104584 224.76 0.03 buy
1786256775112 9104585 224.76 0.03 buy
1786256776112 9104587 224.76 0.03 buy
1786256778109 9104589 224.76 0.03 buy
1786256780109 9104590 224.76 0.03 buy
1786256781109 9104591 224.76 0.03 buy
1786256783109 9104592 224.76 0.03 buy
1786256785112 9104593 224.76 0.03 buy
1786256787112 9104594 224.76 0.03 buy
1786256788112 9104595 224.76 0.03 buy
1786256790112 9104596 224.76 0.03 buy
1786256791109 9104597 224.76 0.03 buy
1786256793109 9104598 224.76 0.03 buy
1786256794109 9104599 224.76 0.03 buy
1786256796113 9104600 224.76 0.03 buy
1786256798112 9104601 224.76 0.03 buy
1786256799111 9104602 224.76 0.03 buy
1786256800624 9104603 224.75 1 sell
1786256801109 9104604 224.76 0.03 buy
1786256806112 9104605 224.76 0.03 buy
1786256814112 9104606 224.76 0.03 buy
1786256825912 9104607 224.76 0.12 buy
1786256828109 9104608 224.76 0.03 buy
1786256833112 9104609 224.76 0.03 buy
1786256835110 9104610 224.76 0.03 buy
1786256838109 9104611 224.76 0.03 buy
1786256841109 9104612 224.76 0.03 buy
1786256844109 9104613 224.76 0.03 buy
1786256859112 9104614 224.76 0.03 buy
1786256864109 9104615 224.76 0.03 buy
1786256867109 9104617 224.76 0.03 buy
1786256869108 9104619 224.76 0.03 buy
1786256870109 9104620 224.76 0.03 buy
1786256873113 9104621 224.76 0.03 buy
1786256875109 9104622 224.76 0.03 buy
1786256879109 9104623 224.76 0.03 buy
1786256882109 9104624 224.76 0.03 buy
1786256884112 9104625 224.76 0.03 buy
1786256886109 9104626 224.76 0.03 buy
1786256887109 9104627 224.76 0.03 buy
1786256923337 9104628 224.75 0.12 sell
1786256926201 9104629 224.75 0.05 sell
1786256926201 9104630 224.75 0.02 sell
1786256926201 9104631 224.75 0.01 sell
1786256926201 9104632 224.75 0.01 sell
1786256926201 9104633 224.75 0.01 sell
1786256980442 9104635 224.75 0.03 sell
1786256985610 9104647 224.75 5.77 buy
1786256985622 9104649 224.77 0.04 buy
1786256985622 9104650 224.78 0.02 buy
1786257003188 9104651 224.79 0.05 sell
1786257003652 9104653 224.79 0.03 sell
1786257044134 9104657 224.78 1 sell
1786257044135 9104658 224.78 1 sell
1786257044139 9104660 224.77 0.11 sell
1786257044141 9104661 224.74 4.1 sell
1786257044874 9104662 224.74 0.01 sell
1786257044874 9104663 224.73 0.02 sell
1786257044875 9104664 224.72 4.1 sell
1786257044876 9104666 224.72 3.07 sell
1786257044876 9104668 224.71 0.16 sell
1786257118024 9104671 224.71 0.04 buy
1786257182381 9104672 224.74 0.05 sell
1786257191269 9104674 224.75 0.03 buy
1786257194660 9104684 224.77 3.77 buy
1786257194660 9104687 224.78 2.58 buy
1786257194677 9104689 224.78 0.02 buy
1786257194691 9104690 224.8 0.01 buy
1786257194700 9104692 224.8 1.89 sell
1786257203109 9104693 224.78 0.03 buy
1786257205109 9104694 224.78 0.03 buy
1786257208109 9104695 224.78 0.03 buy
1786257211111 9104696 224.78 0.03 buy
1786257213113 9104697 224.78 0.03 buy
1786257216109 9104698 224.78 0.03 buy
1786257219109 9104699 224.78 0.03 buy
1786257221109 9104700 224.78 0.03 buy
1786257225113 9104701 224.78 0.03 buy
1786257247109 9104702 224.78 0.03 buy
1786257257110 9104703 224.78 0.03 buy
1786257263112 9104704 224.78 0.03 buy
1786257268112 9104705 224.78 0.03 buy
1786257276112 9104706 224.78 0.03 buy
1786257279112 9104708 224.78 0.03 buy
1786257284112 9104709 224.78 0.03 buy
1786257287112 9104710 224.78 0.03 buy
1786257291111 9104711 224.78 0.03 buy
1786257295111 9104712 224.78 0.03 buy
1786257303228 9104714 224.77 0.06 sell
1786257328715 9104716 224.78 0.12 buy
1786257328716 9104718 224.78 0.21 buy
1786257336109 9104720 224.81 0.03 buy
1786257365109 9104721 224.82 0.03 buy
1786257368113 9104722 224.82 0.03 buy
1786257370111 9104723 224.82 0.03 buy
1786257372112 9104724 224.82 0.03 buy
1786257373108 9104725 224.82 0.03 buy
1786257375112 9104726 224.83 0.03 buy
1786257376112 9104727 224.83 0.03 buy
1786257377112 9104728 224.83 0.03 buy
1786257378112 9104729 224.83 0.03 buy
1786257380112 9104730 224.83 0.03 buy
1786257380248 9104733 224.83 1.02 buy
1786257380249 9104734 224.84 0.04 buy
1786257380252 9104735 224.86 0.01 buy
1786257381109 9104736 224.87 0.03 buy
1786257382112 9104737 224.87 0.03 buy
1786257384112 9104738 224.87 0.03 buy
1786257385109 9104739 224.87 0.03 buy
1786257385509 9104742 224.87 0.33 buy
1786257386109 9104744 224.89 0.03 buy
1786257387109 9104745 224.89 0.03 buy
1786257388111 9104746 224.89 0.03 buy
1786257389109 9104747 224.89 0.03 buy
1786257390112 9104748 224.89 0.03 buy
1786257391109 9104749 224.89 0.03 buy
1786257392109 9104750 224.89 0.03 buy
1786257393109 9104751 224.89 0.03 buy
1786257394112 9104752 224.89 0.02 buy
1786257394112 9104753 224.9 0.01 buy
1786257400109 9104754 224.9 0.03 buy
1786257401109 9104755 224.9 0.03 buy
1786257402109 9104756 224.9 0.03 buy
1786257403113 9104757 224.9 0.03 buy
1786257403839 9104758 224.9 0.4 buy
1786257403839 9104760 224.9 0.73 buy
1786257403840 9104761 224.91 0.08 buy
1786257403842 9104763 224.93 0.04 buy
1786257404109 9104764 224.94 0.03 buy
1786257405109 9104765 224.94 0.03 buy
1786257406108 9104767 224.94 0.03 buy
1786257407109 9104768 224.94 0.03 buy
1786257408109 9104769 224.94 0.03 buy
1786257409112 9104771 224.94 0.03 buy
1786257410109 9104772 224.95 0.03 buy
1786257414652 9104776 224.95 0.06 buy
1786257414882 9104778 224.95 0.03 buy
1786257415118 9104780 224.95 0.03 buy
1786257415345 9104781 224.95 0.03 buy
1786257415583 9104783 224.95 0.03 buy
1786257415823 9104785 224.95 0.03 buy
1786257419111 9104786 224.95 0.02 buy
1786257419111 9104787 224.96 0.01 buy
1786257423539 9104788 224.95 0.05 sell
1786257423956 9104790 224.95 0.05 sell
1786257427109 9104791 224.96 0.03 buy
1786257429108 9104792 224.96 0.03 buy
1786257461510 9104794 224.96 1.18 buy
1786257558862 9104802 224.95 3.48 sell
1786257570754 9104804 224.94 0.29 sell
1786257570755 9104805 224.93 0.02 sell
1786257586112 9104806 224.91 0.01 sell
1786257586113 9104808 224.89 2.58 sell
1786257586144 9104810 224.88 0.03 sell
1786257596917 9104812 224.88 0.76 buy
1786257620684 9104814 224.87 0.12 sell
1786257621372 9104815 224.88 0.12 buy
1786257622109 9104816 224.87 0.02 sell
1786257622109 9104817 224.85 0.01 sell
1786257659922 9104820 224.85 0.21 sell
1786257661026 9104823 224.84 0.07 sell
1786257662112 9104824 224.83 0.03 sell
1786257663112 9104825 224.83 0.03 sell
1786257664112 9104826 224.83 0.03 sell
1786257665112 9104827 224.83 0.03 sell
1786257666112 9104828 224.83 0.03 sell
1786257667112 9104829 224.83 0.03 sell
1786257667839 9104830 224.83 0.4 sell
1786257668113 9104831 224.83 0.03 sell
1786257673252 9104832 224.83 0.53 sell
1786257681378 9104834 224.82 0.04 sell
1786257723705 9104836 224.78 0.06 sell
1786257724331 9104837 224.79 0.01 buy
1786257784196 9104838 224.78 0.05 sell
1786257842441 9104839 224.78 0.05 sell
1786257903036 9104840 224.78 0.05 sell
1786258040566 9104841 224.79 0.06 buy
1786258040566 9104842 224.79 0.03 buy
1786258040566 9104843 224.79 0.1 buy
1786258040566 9104844 224.79 0.03 buy
1786258040566 9104845 224.79 0.02 buy
1786258084783 9104847 224.78 0.03 sell
1786258092051 9104848 224.77 0.01 sell
1786258143123 9104849 224.75 0.05 sell
1786258155063 9104852 224.76 0.66 buy
1786258257759 9104858 224.75 0.39 sell
1786258271815 9104863 224.73 0.18 sell
1786258382067 9104864 224.73 0.12 buy
1786258382737 9104865 224.72 0.05 sell
1786258396470 9104867 224.72 0.04 sell
1786258441725 9104870 224.71 3.85 sell
1786258442454 9104871 224.7 0.05 sell
1786258495368 9104872 224.71 0.9 buy
1786258622723 9104873 224.7 0.06 sell
1786258630784 9104874 224.7 0.01 sell
1786258714190 9104875 224.7 0.03 sell
1786258726303 9104876 224.7 0.01 sell
1786258734934 9104877 224.7 0.01 sell
1786258773148 9104878 224.71 1.62 buy
1786258797777 9104879 224.7 0.03 sell
1786258850416 9104880 224.71 0.04 buy
1786258885112 9104881 224.7 0.02 sell
1786258886110 9104882 224.7 0.02 sell
1786258887110 9104883 224.7 0.02 sell
1786258888109 9104884 224.7 0.02 sell
1786258889109 9104885 224.7 0.02 sell
1786258890112 9104886 224.7 0.02 sell
1786258891112 9104887 224.7 0.02 sell
1786258907952 9104888 224.7 0.08 sell
1786258909112 9104889 224.7 0.02 sell
1786258987033 9104894 224.7 1.75 sell
1786258987033 9104897 224.69 0.09 sell
1786258987033 9104900 224.68 0.13 sell
1786258987033 9104902 224.67 0.05 sell
1786258987033 9104905 224.66 7 sell
1786258987033 9104909 224.65 12.62 sell
1786258987033 9104913 224.64 21.39 sell
1786258987033 9104917 224.63 34.1 sell
1786258987117 9104918 224.69 0.01 buy
1786258987121 9104919 224.69 0.01 buy
1786258987123 9104920 224.69 0.01 buy
1786259003732 9104921 224.68 0.01 sell
1786259003732 9104922 224.67 0.11 sell
1786259103061 9104924 224.66 0.05 sell
1786259163101 9104925 224.66 0.06 sell
1786259175232 9104937 224.66 5.19 sell
1786259175232 9104939 224.65 11.39 sell
1786259186155 9104943 224.65 0.27 sell
1786259186155 9104946 224.64 3.75 sell
1786259186155 9104952 224.63 44.75 sell
1786259186969 9104957 224.63 1.8 buy
1786259187910 9104958 224.63 0.03 buy
1786259188913 9104959 224.63 0.03 buy
1786259189913 9104960 224.63 0.03 buy
1786259190912 9104961 224.63 0.03 buy
1786259191912 9104962 224.63 0.03 buy
1786259192909 9104963 224.63 0.03 buy
1786259193909 9104964 224.63 0.03 buy
1786259194913 9104965 224.63 0.03 buy
1786259195910 9104966 224.63 0.03 buy
1786259214307 9104974 224.62 5.04 sell
1786259218649 9104978 224.63 1.7 buy
1786259218649 9104979 224.65 6.61 buy
1786259218649 9104984 224.66 0.07 buy
1786259218649 9104987 224.67 7.94 buy
1786259218649 9104989 224.68 4.24 buy
1786259218649 9104991 224.69 4.19 buy
1786259218649 9104996 224.7 17.29 buy
1786259218649 9104998 224.71 35.59 buy
1786259218649 9105001 224.72 3.97 buy
1786259220493 9105002 224.7 0.02 buy
1786259231203 9105003 224.72 0.01 buy
1786259231402 9105009 224.72 5.07 sell
1786259231402 9105014 224.71 25.48 sell
1786259244553 9105015 224.71 0.02 sell
1786259285458 9105019 224.71 0.06 buy
1786259287910 9105020 224.72 0.01 buy
1786259287910 9105021 224.73 0.03 buy
1786259439279 9105028 224.73 0.84 buy
1786259439280 9105029 224.78 2.16 buy
1786259439283 9105030 224.79 0.13 buy
1786259439283 9105031 224.82 0.03 buy
1786259439283 9105033 224.83 5.21 buy
1786259439287 9105034 224.83 2.22 buy
1786259523038 9105035 224.82 0.05 sell
1786259563887 9105043 224.83 1.47 buy
1786259563887 9105045 224.84 2.67 buy
1786259563887 9105047 224.85 4.35 buy
1786259571109 9105049 224.85 0.03 buy
1786259599109 9105050 224.86 0.03 buy
1786259649310 9105051 224.86 0.09 buy
1786259652113 9105052 224.85 0.03 sell
1786259652114 9105057 224.85 1.98 sell
1786259652115 9105061 224.85 6.23 sell
1786259652116 9105062 224.83 0.02 sell
1786259652119 9105063 224.83 0.02 sell
1786259652122 9105064 224.81 0.01 sell
1786259656986 9105066 224.81 0.02 buy
1786259687308 9105067 224.81 0.15 sell
1786259697963 9105069 224.81 0.11 sell
1786259700337 9105074 224.82 0.11 buy
1786259700337 9105079 224.84 9.57 buy
1786259702759 9105080 224.82 0.05 sell
1786259703106 9105081 224.82 0.05 sell
1786259710947 9105082 224.82 0.05 sell
1786259722362 9105088 224.82 9.43 sell
1786259722362 9105093 224.81 17.91 sell
1786259723109 9105094 224.8 0.03 sell
1786259723110 9105096 224.8 1.48 sell
1786259724113 9105097 224.8 0.03 sell
1786259724114 9105099 224.8 0.21 sell
1786259725109 9105100 224.8 0.03 sell
1786259726109 9105101 224.8 0.03 sell
1786259728113 9105102 224.8 0.03 sell
1786259729112 9105103 224.8 0.03 sell
1786259730110 9105104 224.8 0.03 sell
1786259731110 9105105 224.8 0.03 sell
1786259732112 9105106 224.8 0.03 sell
1786259733109 9105107 224.8 0.03 sell
1786259734109 9105108 224.8 0.03 sell
1786259735109 9105109 224.8 0.03 sell
1786259736113 9105110 224.8 0.03 sell
1786259737113 9105111 224.8 0.03 sell
1786259738008 9105112 224.81 0.44 buy
1786259741371 9105113 224.81 0.12 buy
1786259762880 9105114 224.8 0.05 sell
1786259765739 9105115 224.81 1.54 buy
1786259782748 9105116 224.81 0.17 buy
1786259782807 9105118 224.81 0.17 buy
1786259810792 9105119 224.81 0.12 buy
1786259826027 9105123 224.81 0.24 buy
1786259826027 9105124 224.82 1 buy
1786259889907 9105130 224.82 0.46 buy
1786259889907 9105134 224.84 5.59 buy
1786259889907 9105135 224.85 1.05 buy
1786259961413 9105140 224.82 0.98 buy
1786259982579 9105142 224.81 3 sell
1786260043041 9105146 224.81 4.23 sell
1786260043045 9105148 224.79 0.03 sell
1786260053202 9105149 224.78 0.05 sell
1786260053202 9105150 224.78 0.02 sell
1786260053202 9105151 224.78 0.01 sell
1786260053202 9105152 224.78 0.01 sell
1786260053202 9105153 224.78 0.01 sell
1786260063100 9105154 224.78 0.05 sell
1786260121133 9105156 224.78 0.02 sell
1786260162731 9105158 224.77 0.12 buy
1786260243071 9105160 224.76 0.05 sell
1786260308559 9105165 224.77 0.41 buy
1786260362036 9105166 224.77 0.12 sell
1786260387885 9105167 224.78 0.01 buy
1786260423162 9105168 224.77 0.05 sell
1786260471609 9105171 224.77 0.53 sell
1786260471611 9105172 224.74 0.01 sell
1786260471611 9105174 224.73 0.06 sell
1786260471616 9105176 224.71 0.09 sell
1786260471617 9105177 224.7 0.39 sell
1786260471618 9105179 224.7 1.48 sell
1786260471619 9105180 224.7 0.31 sell
1786260500639 9105181 224.7 0.01 sell
1786260519152 9105183 224.7 0.03 sell
1786260602729 9105184 224.68 0.05 sell
1786260748599 9105185 224.69 0.04 buy
1786260756953 9105188 224.68 0.08 sell
1786260778750 9105189 224.68 0.12 buy
1786260778767 9105191 224.68 0.05 buy
1786260782764 9105194 224.69 0.12 buy
1786260783640 9105195 224.7 0.19 buy
1786260783640 9105196 224.71 0.02 buy
1786260783640 9105197 224.73 2.61 buy
1786260783641 9105198 224.74 0.02 buy
1786260784818 9105199 224.75 0.01 buy
1786260784818 9105200 224.77 0.01 buy
1786260784818 9105201 224.77 0.02 buy
1786260784818 9105202 224.77 0.02 buy
1786260784818 9105203 224.77 0.02 buy
1786260784818 9105204 224.77 0.02 buy
1786260784818 9105205 224.77 0.02 buy
1786260784818 9105206 224.77 0.02 buy
1786260784818 9105207 224.77 0.02 buy
1786260784818 9105208 224.77 0.02 buy
1786260842704 9105209 224.77 0.06 sell
1786260877703 9105212 224.78 0.09 buy
1786260877703 9105213 224.79 0.03 buy
1786260889109 9105214 224.79 0.03 buy
1786260902109 9105215 224.79 0.03 buy
1786260905113 9105216 224.79 0.03 buy
1786260912984 9105222 224.78 3.02 sell
1786260913127 9105224 224.77 0.09 sell
1786260913130 9105225 224.75 0.01 sell
1786260921094 9105229 224.75 2.58 buy
1786260962390 9105230 224.75 0.01 buy
1786261029839 9105231 224.75 0.4 buy
1786261074850 9105235 224.75 1.49 buy
1786261074850 9105236 224.77 1.99 buy
1786261137847 9105237 224.77 0.04 buy
1786261203090 9105238 224.76 0.05 sell
1786261218945 9105239 224.77 0.12 buy
1786261237726 9105240 224.77 0.12 buy
1786261263531 9105241 224.76 0.05 sell
1786261289776 9105242 224.77 1.04 buy
1786261291587 9105243 224.76 0.01 sell
1786261359143 9105245 224.77 0.02 buy
1786261362181 9105246 224.78 0.01 buy
1786261362193 9105247 224.78 0.12 buy
1786261488620 9105249 224.77 0.12 sell
1786261497471 9105258 224.78 12.47 buy
1786261497471 9105260 224.79 2.28 buy
1786261497471 9105265 224.8 7.23 buy
1786261497471 9105266 224.81 4.25 buy
1786261497471 9105271 224.82 7.86 buy
1786261497471 9105275 224.83 9.63 buy
1786261497471 9105280 224.84 4.63 buy
1786261497471 9105284 224.85 7.4 buy
1786261497471 9105289 224.86 10.63 buy
1786261497471 9105292 224.87 3.73 buy
1786261497471 9105296 224.88 7.02 buy
1786261497484 9105297 224.84 3.25 sell
1786261497484 9105298 224.82 1.75 sell
1786261497584 9105299 224.83 0.88 sell
1786261497803 9105301 224.82 0.03 buy
1786261507113 9105302 224.83 0.03 sell
1786261509888 9105307 224.83 0.52 sell
1786261510113 9105309 224.82 0.03 sell
1786261527594 9105310 224.83 0.16 sell
1786261545184 9105311 224.83 6.99 sell
1786261547112 9105312 224.79 0.03 sell
1786261563272 9105313 224.8 0.05 sell
1786261623440 9105314 224.79 0.05 sell
1786261623445 9105315 224.79 0.05 sell
1786261652590 9105316 224.8 0.03 buy
1786261774111 9105318 224.8 0.03 sell
1786261801998 9105321 224.8 4.94 sell
1786261803033 9105323 224.81 0.05 buy
1786261803565 9105325 224.82 0.05 sell
1786261882803 9105326 224.84 0.01 buy
1786261882814 9105328 224.84 1.06 sell
1786261910588 9105329 224.83 0.04 buy
1786261911112 9105330 224.84 0.03 buy
1786261912112 9105331 224.84 0.03 buy
1786261913109 9105332 224.84 0.03 buy
1786261913122 9105333 224.85 0.01 buy
1786261914111 9105334 224.86 0.03 buy
1786261915112 9105335 224.86 0.01 buy
1786261915112 9105336 224.88 0.02 buy
1786261915124 9105337 224.88 0.75 sell
1786261933404 9105338 224.87 0.12 buy
1786261982557 9105339 224.86 0.05 sell
1786261990112 9105340 224.86 0.03 sell
1786261990292 9105342 224.86 0.21 sell
1786261994043 9105343 224.84 0.01 buy
1786262210707 9105344 224.82 0.01 sell
1786262234031 9105345 224.83 0.01 buy
1786262282938 9105346 224.82 0.05 sell
1786262309797 9105347 224.83 0.01 buy
1786262345043 9105348 224.83 0.12 buy
1786262379117 9105349 224.82 0.12 sell
1786262382070 9105350 224.82 0.01 sell
1786262383070 9105351 224.82 0.01 sell
1786262397036 9105352 224.83 0.12 buy
1786262418095 9105353 224.82 0.01 sell
1786262440109 9105354 224.83 0.02 buy
1786262463050 9105355 224.82 0.05 sell
1786262467110 9105356 224.83 0.02 buy
1786262510202 9105361 224.83 4.09 buy
1786262510203 9105362 224.85 0.01 buy
1786262510203 9105363 224.86 0.06 buy
1786262510203 9105364 224.87 1.97 buy
1786262510205 9105365 224.87 0.01 buy
1786262510205 9105366 224.88 0.02 buy
1786262519751 9105367 224.87 0.01 buy
1786262522031 9105368 224.88 0.01 buy
1786262525713 9105369 224.87 0.02 sell
1786262526363 9105370 224.86 0.01 buy
1786262549981 9105371 224.86 0.01 buy
1786262559592 9105372 224.88 0.01 buy
1786262559592 9105374 224.89 0.2 buy
1786262561899 9105375 224.89 0.36 buy
1786262583543 9105377 224.86 0.05 sell
1786262644507 9105378 224.86 0.05 sell
1786262660210 9105379 224.87 0.01 buy
1786262668113 9105380 224.86 0.02 sell
1786262669112 9105381 224.86 0.02 sell
1786262671112 9105382 224.86 0.02 sell
1786262760113 9105383 224.86 0.02 sell
1786262760488 9105386 224.86 0.04 sell
1786262762109 9105387 224.85 0.01 sell
1786262804820 9105389 224.84 0.69 buy
1786262804820 9105390 224.87 1.37 buy
1786262826766 9105392 224.87 0.12 buy
1786262836113 9105393 224.87 0.04 buy
1786262841857 9105394 224.84 1.32 sell
1786262884505 9105395 224.84 0.05 sell
1786262943301 9105397 224.84 0.05 sell
1786262950475 9105398 224.85 0.03 buy
1786262993668 9105399 224.84 0.16 sell
1786263038310 9105401 224.84 0.02 sell
1786263061112 9105403 224.81 0.02 sell
1786263089109 9105404 224.8 0.01 sell
1786263089109 9105405 224.79 0.01 sell
1786263091112 9105406 224.79 0.02 sell
1786263092109 9105407 224.79 0.02 sell
1786263093109 9105408 224.79 0.02 sell
1786263093111 9105410 224.79 0.08 sell
1786263113615 9105412 224.77 1.77 sell
1786263115109 9105413 224.76 0.02 sell
1786263116109 9105414 224.76 0.02 sell
1786263117109 9105415 224.76 0.02 sell
1786263118113 9105416 224.76 0.01 sell
1786263118114 9105418 224.75 0.04 sell
1786263135563 9105421 224.73 0.12 sell
1786263139166 9105422 224.73 0.09 sell
1786263142829 9105423 224.73 0.02 sell
1786263198626 9105425 224.71 0.04 sell
1786263199596 9105426 224.72 0.04 buy
1786263217964 9105428 224.71 0.02 sell
1786263304710 9105430 224.7 1.15 sell
1786263304710 9105434 224.69 3.43 sell
1786263304710 9105439 224.68 41.3 sell
1786263304795 9105440 224.68 0.03 sell
1786263304870 9105442 224.68 0.87 sell
1786263304870 9105444 224.67 0.16 sell
1786263311371 9105445 224.67 0.04 sell
1786263312087 9105446 224.68 0.04 buy
1786263409587 9105450 224.67 1.19 sell
1786263409588 9105452 224.66 0.11 sell
1786263409589 9105453 224.64 0.13 sell
1786263409589 9105454 224.63 0.07 sell
1786263411132 9105458 224.63 5.39 buy
1786263411592 9105459 224.67 1 sell
1786263411592 9105460 224.66 0.45 sell
1786263411592 9105462 224.65 3.59 sell
1786263411592 9105463 224.64 6.08 sell
1786263430806 9105464 224.67 0.04 sell
1786263431489 9105465 224.69 0.04 buy
1786263446529 9105467 224.68 4.33 buy
1786263452461 9105468 224.66 0.01 sell
1786263455109 9105469 224.65 0.02 sell
1786263484548 9105470 224.67 0.06 sell
1786263500286 9105472 224.69 0.06 buy
1786263507042 9105473 224.69 0.01 sell
1786263507180 9105474 224.7 0.01 buy
1786263507180 9105475 224.71 0.21 buy
1786263527418 9105476 224.7 0.01 sell
1786263539114 9105477 224.7 0.02 sell
1786263540112 9105478 224.7 0.02 sell
1786263541112 9105480 224.7 0.02 sell
1786263542109 9105481 224.7 0.02 sell
1786263555280 9105482 224.7 0.04 sell
1786263556035 9105483 224.71 0.04 buy
1786263570109 9105484 224.7 0.02 sell
1786263570561 9105485 224.68 0.01 sell
1786263582543 9105487 224.7 0.05 buy
1786263582543 9105488 224.71 0.07 buy
1786263605443 9105490 224.7 1.5 sell
1786263605446 9105492 224.67 0.03 sell
1786263634792 9105493 224.66 0.01 sell
1786263635215 9105494 224.68 0.01 buy
1786263661109 9105496 224.68 0.02 sell
1786263662113 9105497 224.68 0.02 sell
1786263669953 9105500 224.68 4.92 sell
1786263669953 9105501 224.67 1 sell
1786263669953 9105503 224.66 4.5 sell
1786263669953 9105507 224.65 10.26 sell
1786263676301 9105508 224.66 0.04 sell
1786263677657 9105510 224.7 0.04 buy
1786263680112 9105511 224.66 0.02 sell
1786263681113 9105512 224.66 0.02 sell
1786263682112 9105513 224.66 0.02 sell
1786263683112 9105514 224.66 0.02 sell
1786263686112 9105516 224.66 0.02 sell
1786263687109 9105517 224.66 0.02 sell
1786263688113 9105518 224.66 0.02 sell
1786263689112 9105519 224.66 0.02 sell
1786263696112 9105520 224.66 0.02 sell
1786263697109 9105521 224.66 0.02 sell
1786263698113 9105522 224.66 0.02 sell
1786263699110 9105523 224.66 0.02 sell
1786263700109 9105524 224.66 0.02 sell
1786263702112 9105525 224.66 0.02 sell
1786263703112 9105526 224.66 0.02 sell
1786263720363 9105527 224.67 0.01 sell
1786263748112 9105528 224.67 0.02 sell
1786263749112 9105529 224.67 0.02 sell
1786263750112 9105530 224.67 0.02 sell
1786263751113 9105531 224.67 0.02 sell
1786263752113 9105532 224.67 0.02 sell
1786263753112 9105533 224.67 0.02 sell
1786263754109 9105534 224.67 0.02 sell
1786263755113 9105535 224.67 0.02 sell
1786263756109 9105536 224.67 0.02 sell
1786263757109 9105537 224.67 0.02 sell
1786263758113 9105538 224.67 0.02 sell
1786263759112 9105539 224.67 0.01 sell
1786263760113 9105540 224.67 0.01 sell
1786263762110 9105541 224.67 0.02 sell
1786263764110 9105543 224.65 0.02 sell
1786263767113 9105544 224.65 0.02 sell
1786263781109 9105546 224.65 0.02 sell
1786263792165 9105547 224.65 0.04 sell
1786263793634 9105550 224.68 0.04 buy
1786263866750 9105551 224.64 0.16 sell
1786263915485 9105552 224.65 0.04 sell
1786263916989 9105553 224.67 0.03 buy
1786263916989 9105554 224.68 0.01 buy
1786263944067 9105556 224.65 0.07 sell
1786263944067 9105557 224.64 0.05 sell
1786263957295 9105558 224.64 0.01 sell
1786263999458 9105559 224.62 0.04 sell
1786264014502 9105560 224.63 0.01 sell
1786264016109 9105561 224.61 0.02 sell
1786264029641 9105562 224.61 0.04 sell
1786264031633 9105563 224.64 0.04 buy
1786264080523 9105566 224.63 0.05 sell
1786264085057 9105568 224.63 2.08 buy
1786264085057 9105569 224.64 3.45 buy
1786264085057 9105570 224.65 3.84 buy
1786264085057 9105574 224.66 4.98 buy
1786264137691 9105575 224.63 0.01 buy
1786264150697 9105576 224.61 0.04 sell
1786264152414 9105577 224.62 0.04 buy
1786264170709 9105578 224.62 0.02 buy
1786264276251 9105580 224.61 0.04 sell
1786264277621 9105581 224.62 0.04 buy
1786264282112 9105583 224.61 0.02 sell
1786264349581 9105584 224.61 0.26 buy
1786264366763 9105585 224.61 0.12 buy
1786264384373 9105587 224.6 0.05 sell
1786264397356 9105588 224.6 0.04 sell
1786264467294 9105599 224.6 0.25 sell
1786264473233 9105604 224.59 0.3 sell
1786264623681 9105606 224.58 0.05 sell
1786264666696 9105612 224.58 6.64 sell
1786264666696 9105616 224.57 1.23 sell
1786264666696 9105619 224.56 2.38 sell
1786264666696 9105620 224.56 3.09 sell
1786264666696 9105622 224.56 5.34 sell
1786264666735 9105632 224.55 9.87 sell
1786264666736 9105634 224.54 0.03 sell
1786264666736 9105637 224.53 0.77 sell
1786264666737 9105643 224.52 0.54 sell
1786264666797 9105644 224.52 0.12 buy
1786264669880 9105647 224.52 1.08 buy
1786264671348 9105650 224.51 0.16 sell
1786264672885 9105651 224.52 0.01 buy
1786264685071 9105652 224.55 0.12 buy
1786264694832 9105653 224.53 0.16 sell
1786264696994 9105654 224.56 0.05 buy
1786264697185 9105655 224.53 0.05 sell
1786264758113 9105656 224.53 0.02 sell
1786264759109 9105657 224.53 0.02 sell
1786264760112 9105658 224.53 0.02 sell
1786264761112 9105659 224.53 0.02 sell
1786264762109 9105660 224.53 0.02 sell
1786264763114 9105661 224.53 0.02 sell
1786264764112 9105662 224.53 0.02 sell
1786264765110 9105663 224.53 0.02 sell
1786264766109 9105664 224.53 0.02 sell
1786264767112 9105665 224.53 0.02 sell
1786264769112 9105666 224.54 0.02 sell
1786264770110 9105667 224.54 0.02 sell
1786264771109 9105669 224.54 0.02 sell
1786264772109 9105670 224.54 0.02 sell
1786264773108 9105671 224.54 0.02 sell
1786264774109 9105672 224.54 0.02 sell
1786264775113 9105673 224.54 0.02 sell
1786264776112 9105674 224.54 0.02 sell
1786264777112 9105675 224.54 0.02 sell
1786264778110 9105676 224.54 0.02 sell
1786264779113 9105677 224.54 0.02 sell
1786264780112 9105678 224.54 0.02 sell
1786264781113 9105679 224.54 0.02 sell
1786264782112 9105680 224.54 0.02 sell
1786264783112 9105681 224.54 0.02 sell
1786264784109 9105682 224.54 0.02 sell
1786264788109 9105683 224.51 0.02 sell
1786264789113 9105685 224.51 0.02 sell
1786264790112 9105686 224.51 0.02 sell
1786264791111 9105687 224.51 0.02 sell
1786264792109 9105688 224.5 0.02 sell
1786264792114 9105691 224.52 0.34 buy
1786264793109 9105692 224.5 0.02 sell
1786264794111 9105693 224.5 0.02 sell
1786264795109 9105694 224.5 0.02 sell
1786264799113 9105695 224.5 0.02 sell
1786264800113 9105696 224.5 0.02 sell
1786264801112 9105697 224.5 0.02 sell
1786264802105 9105709 224.5 4.84 sell
1786264804027 9105711 224.49 0.05 sell
1786264804110 9105712 224.49 0.02 sell
1786264805110 9105713 224.49 0.02 sell
1786264805551 9105718 224.49 2.1 sell
1786264806114 9105720 224.48 0.02 sell
1786264807109 9105722 224.48 0.02 sell
1786264807809 9105724 224.48 0.11 sell
1786264807810 9105726 224.47 0.07 sell
1786264807835 9105730 224.47 6.01 buy
1786264807835 9105732 224.48 4.31 buy
1786264808113 9105733 224.46 0.02 sell
1786264809109 9105734 224.46 0.02 sell
1786264815278 9105736 224.46 0.04 sell
1786264817112 9105737 224.45 0.02 sell
1786264818112 9105738 224.45 0.02 sell
1786264819112 9105739 224.45 0.02 sell
1786264820113 9105740 224.45 0.02 sell
1786264821112 9105741 224.45 0.02 sell
1786264822109 9105742 224.45 0.02 sell
1786264823112 9105744 224.45 0.02 sell
1786264824112 9105745 224.45 0.02 sell
1786264825112 9105747 224.45 0.02 sell
1786264826109 9105748 224.45 0.01 sell
1786264827109 9105749 224.45 0.02 sell
1786264849212 9105755 224.44 2.55 sell
1786264849212 9105756 224.44 1.27 sell
1786264849212 9105757 224.44 0.63 sell
1786264849212 9105758 224.44 0.63 sell
1786264849213 9105759 224.44 0.63 sell
1786264863667 9105760 224.43 0.06 sell
1786264864109 9105761 224.43 0.02 sell
1786264869109 9105762 224.43 0.02 sell
1786264869122 9105766 224.43 0.07 sell
1786264874113 9105767 224.42 0.02 sell
1786264875113 9105768 224.42 0.01 sell
1786264875113 9105769 224.41 0.01 sell
1786264877113 9105770 224.41 0.02 sell
1786264879936 9105776 224.43 1.02 buy
1786264879938 9105780 224.45 0.05 buy
1786264879943 9105781 224.48 0.01 buy
1786264879952 9105783 224.48 1.31 sell
1786264885025 9105785 224.49 0.22 buy
1786264895266 9105786 224.47 3.94 sell
1786264895266 9105787 224.46 4.26 sell
1786264895266 9105789 224.45 0.03 sell
1786264895266 9105792 224.44 4.9 sell
1786264895375 9105793 224.45 0.01 sell
1786264898429 9105794 224.46 4.26 buy
1786264939739 9105795 224.43 0.01 sell
1786264941113 9105796 224.41 0.02 sell
1786264942109 9105797 224.41 0.02 sell
1786264943109 9105798 224.41 0.02 sell
1786264944111 9105799 224.41 0.02 sell
1786264945114 9105800 224.41 0.02 sell
1786264946113 9105801 224.41 0.02 sell
1786264949172 9105804 224.41 0.16 sell
1786264979419 9105805 224.42 0.02 sell
1786265009093 9105806 224.42 0.01 buy
1786265027618 9105808 224.43 0.16 sell
1786265040870 9105810 224.45 0.48 buy
1786265040870 9105812 224.46 0.52 buy
1786265065629 9105814 224.45 0.02 buy
1786265089782 9105817 224.44 4.24 sell
1786265089782 9105818 224.43 0.02 sell
1786265089782 9105820 224.42 4.47 sell
1786265089782 9105823 224.41 2.47 sell
1786265098682 9105824 224.42 1.46 sell
1786265099205 9105825 224.45 0.12 buy
1786265130599 9105826 224.42 0.07 sell
1786265134413 9105827 224.42 0.12 sell
1786265204607 9105828 224.44 0.44 sell
1786265231583 9105829 224.45 0.02 buy
1786265306648 9105831 224.47 0.02 buy
1786265306648 9105833 224.5 0.1 buy
1786265329539 9105836 224.49 1.79 sell
1786265342433 9105837 224.48 0.05 sell
1786265380226 9105839 224.49 0.12 buy
1786265380226 9105840 224.5 3.21 buy
1786265380226 9105844 224.51 10.77 buy
1786265380226 9105846 224.52 4.28 buy
1786265380226 9105848 224.53 2.3 buy
1786265430550 9105850 224.5 0.67 sell
1786265477320 9105851 224.5 0.23 sell
1786265482001 9105852 224.5 0.12 sell
1786265500419 9105853 224.51 0.67 buy
1786265505695 9105857 224.5 2.74 sell
1786265535691 9105859 224.49 3.41 sell
1786265564179 9105863 224.5 3.72 buy
1786265584399 9105864 224.52 0.05 sell
1786265595684 9105866 224.52 3.41 sell
1786265625647 9105867 224.53 0.01 buy
1786265625679 9105870 224.53 3.41 sell
1786265655687 9105874 224.53 3.4 sell
1786265655688 9105875 224.53 0.09 sell
1786265669241 9105876 224.53 0.04 buy
1786265777112 9105878 224.53 0.02 sell
1786265778112 9105879 224.53 0.02 sell
1786265779110 9105880 224.53 0.02 sell
1786265780112 9105881 224.53 0.02 sell
1786265781113 9105882 224.53 0.02 sell
1786265782112 9105883 224.53 0.02 sell
1786265783109 9105884 224.53 0.02 sell
1786265784109 9105885 224.53 0.02 sell
1786265785113 9105886 224.53 0.02 sell
1786265786113 9105887 224.53 0.02 sell
1786265787112 9105888 224.53 0.02 sell
1786265788112 9105889 224.53 0.02 sell
1786265876790 9105891 224.53 1.79 sell
1786265876790 9105892 224.53 1.18 sell
1786265876790 9105893 224.52 0.06 sell
1786265876790 9105894 224.51 1 sell
1786265876791 9105896 224.5 11.6 sell
1786265876791 9105897 224.5 16.99 sell
1786265876795 9105898 224.49 0.05 sell
1786265876798 9105899 224.47 0.02 sell
1786265929185 9105903 224.47 2.7 buy
1786265929185 9105904 224.49 0.65 buy
1786265942449 9105905 224.47 0.05 sell
1786265969168 9105909 224.47 6.21 sell
1786266004900 9105911 224.45 0.06 sell
1786266069270 9105912 224.45 0.04 sell
1786266069270 9105913 224.45 0.02 sell
1786266069270 9105914 224.45 0.01 sell
1786266069270 9105915 224.45 0.01 sell
1786266069270 9105916 224.45 0.01 sell
1786266070386 9105917 224.46 0.07 buy
1786266092356 9105918 224.45 0.07 sell
1786266136509 9105924 224.46 0.12 buy
1786266136511 9105925 224.46 0.02 buy
1786266147819 9105926 224.46 0.12 sell
1786266201502 9105927 224.46 0.34 sell
1786266205083 9105928 224.46 0.25 sell
1786266304453 9105929 224.46 0.05 sell
1786266305126 9105930 224.46 0.02 sell
1786266368234 9105931 224.46 0.05 sell
1786266430843 9105934 224.47 0.13 buy
1786266430845 9105935 224.48 0.02 buy
1786266485762 9105939 224.5 0.06 buy
1786266498949 9105940 224.52 0.12 buy
1786266498950 9105941 224.52 0.01 buy
1786266535918 9105942 224.54 0.2 buy
1786266542956 9105949 224.54 0.79 buy
1786266542956 9105950 224.55 0.13 buy
1786266542956 9105953 224.56 7.39 buy
1786266542956 9105955 224.57 3.6 buy
1786266542956 9105958 224.58 7.04 buy
1786266723021 9105959 224.54 0.05 sell
1786266725030 9105965 224.55 0.28 buy
1786266725030 9105967 224.58 1.11 buy
1786266725030 9105968 224.59 0.05 buy
1786266756779 9105973 224.57 0.89 buy
1786266757360 9105975 224.59 0.13 buy
1786266757361 9105978 224.6 0.18 buy
1786266824987 9105984 224.61 0.75 buy
1786266824987 9105987 224.62 0.07 buy
1786266824987 9105988 224.64 0.02 buy
1786266824987 9105990 224.65 3.91 buy
1786266824987 9105993 224.66 3.32 buy
1786266824987 9105996 224.67 3.66 buy
1786266824987 9106002 224.68 6.19 buy
1786266824987 9106006 224.69 4.88 buy
1786266824987 9106014 224.7 9.27 buy
1786266824987 9106020 224.71 19.88 buy
1786266824987 9106029 224.72 43.33 buy
1786266824987 9106037 224.73 73.47 buy
1786266824987 9106043 224.74 8.76 buy
1786266824987 9106051 224.75 7.06 buy
1786266824987 9106060 224.76 30.91 buy
1786266824987 9106064 224.77 49.14 buy
1786266824987 9106065 224.78 2.52 buy
1786266824993 9106066 224.72 0.22 sell
1786266824994 9106067 224.72 0.53 sell
1786266825014 9106069 224.71 1.2 sell
1786266825015 9106070 224.71 0.04 sell
1786266825113 9106071 224.67 0.04 sell
1786266849912 9106072 224.69 0.08 buy
1786266850912 9106074 224.69 0.08 buy
1786266893082 9106075 224.69 0.05 buy
1786266893808 9106077 224.68 0.05 sell
1786266972910 9106078 224.69 0.03 buy
1786266974912 9106081 224.69 0.04 buy
1786266977910 9106082 224.69 0.04 buy
1786266994701 9106087 224.69 0.11 buy
1786266994703 9106088 224.7 0.01 buy
1786267029648 9106091 224.71 0.13 buy
1786267029648 9106092 224.72 0.02 buy
1786267029651 9106093 224.73 0.13 buy
1786267029653 9106094 224.74 0.01 buy
1786267029653 9106095 224.75 0.02 buy
1786267029771 9106097 224.75 0.03 buy
1786267144007 9106098 224.75 0.05 sell
1786267164875 9106099 224.75 0.16 sell
1786267198162 9106100 224.75 1.33 sell
1786267200112 9106101 224.75 0.03 sell
1786267203060 9106102 224.75 0.05 sell
1786267204776 9106106 224.76 0.1 buy
1786267309670 9106111 224.76 0.82 buy
1786267331113 9106117 224.77 0.08 buy
1786267336440 9106118 224.77 0.56 sell
1786267393772 9106127 224.77 5.8 sell
1786267396846 9106128 224.76 4.38 sell
1786267396847 9106129 224.75 0.02 sell
1786267396944 9106130 224.74 0.06 sell
1786267396944 9106131 224.73 0.12 sell
1786267397068 9106133 224.71 0.17 sell
1786267398625 9106134 224.72 0.04 buy
1786267443053 9106135 224.71 0.05 sell
1786267446170 9106136 224.72 0.12 buy
1786267460505 9106137 224.71 0.01 sell
1786267512536 9106139 224.68 0.04 sell
1786267514505 9106140 224.69 0.04 buy
1786267541347 9106141 224.69 0.12 buy
1786267563504 9106142 224.68 0.05 sell
1786267638831 9106143 224.68 0.04 sell
1786267640684 9106144 224.69 0.04 buy
1786267664322 9106151 224.69 0.81 buy
1786267683620 9106152 224.7 0.05 sell
1786267735157 9106154 224.71 0.08 buy
1786267737161 9106155 224.7 0.43 sell
1786267743755 9106156 224.7 0.05 sell
1786267750056 9106157 224.7 0.04 sell
1786267752551 9106159 224.71 0.04 buy
1786267753737 9106160 224.7 2 sell
1786267836033 9106161 224.71 0.01 buy
1786267836033 9106162 224.71 0.01 buy
1786267836033 9106163 224.71 0.01 buy
1786267836033 9106164 224.71 0.01 buy
1786267836033 9106165 224.71 0.01 buy
1786267836033 9106166 224.71 0.01 buy
1786267836033 9106167 224.71 0.01 buy
1786267836033 9106168 224.71 0.01 buy
1786267836033 9106169 224.71 0.01 buy
1786267836033 9106170 224.71 0.11 buy
1786267836034 9106171 224.71 0.01 buy
1786267836034 9106172 224.71 0.01 buy
1786267836034 9106173 224.71 0.01 buy
1786267836034 9106174 224.71 0.01 buy
1786267836035 9106175 224.71 0.01 buy
1786267862992 9106177 224.7 0.15 sell
1786267862992 9106179 224.68 4.6 sell
1786267863612 9106180 224.68 0.05 sell
1786267880141 9106181 224.68 0.04 sell
1786267881502 9106182 224.69 0.04 buy
1786267893468 9106185 224.69 0.13 buy
1786267956195 9106189 224.69 0.89 buy
1786268186111 9106203 224.69 0.12 buy
1786268232741 9106204 224.69 0.04 buy
1786268237373 9106206 224.68 1.6 sell
1786268290376 9106207 224.68 0.03 buy
1786268298221 9106208 224.68 0.12 buy
1786268324607 9106212 224.67 0.16 sell
1786268342445 9106214 224.67 0.04 sell
1786268342445 9106215 224.66 0.01 sell
1786268365048 9106216 224.66 0.04 sell
1786268366763 9106217 224.67 0.04 buy
1786268371502 9106224 224.67 1.8 buy
1786268377892 9106225 224.67 0.02 sell
1786268462577 9106227 224.66 0.06 sell
1786268473147 9106228 224.66 0.04 sell
1786268474830 9106229 224.67 0.04 buy
1786268525616 9106232 224.66 0.94 sell
1786268525616 9106234 224.65 2.06 sell
1786268528061 9106235 224.65 0.02 buy
1786268568345 9106243 224.67 0.45 buy
1786268568448 9106244 224.67 0.02 buy
1786268568520 9106248 224.67 0.46 buy
1786268568520 9106250 224.68 0.35 buy
1786268595000 9106252 224.67 0.03 sell
1786268597151 9106253 224.67 0.21 buy
1786268601340 9106255 224.66 0.04 sell
1786268603256 9106256 224.67 0.04 buy
1786268631836 9106261 224.67 0.78 buy
1786268631836 9106262 224.69 0.01 buy
1786268631836 9106265 224.7 2.54 buy
1786268631836 9106267 224.71 3.76 buy
1786268631836 9106272 224.72 7.41 buy
1786268631836 9106274 224.73 6.1 buy
1786268649534 9106276 224.7 0.03 buy
1786268660512 9106279 224.71 0.09 sell
1786268660679 9106280 224.7 0.01 buy
1786268661571 9106281 224.69 0.01 sell
1786268681771 9106282 224.68 0.01 sell
1786268688022 9106283 224.69 0.02 sell
1786268697735 9106284 224.68 0.01 sell
1786268703323 9106285 224.67 0.05 sell
1786268704442 9106286 224.68 0.02 buy
1786268710755 9106288 224.68 0.04 sell
1786268713076 9106290 224.69 0.04 buy
1786268724370 9106293 224.68 2.51 buy
1786268724370 9106294 224.69 1.19 buy
1786268724373 9106295 224.69 0.07 buy
1786268748112 9106296 224.69 0.03 sell
1786268749112 9106297 224.69 0.03 sell
1786268750114 9106298 224.69 0.03 sell
1786268752111 9106299 224.69 0.03 sell
1786268753109 9106300 224.69 0.03 sell
1786268755112 9106301 224.69 0.03 sell
1786268756113 9106302 224.69 0.03 sell
1786268757112 9106303 224.69 0.03 sell
1786268758111 9106304 224.69 0.03 sell
1786268759112 9106305 224.69 0.03 sell
1786268760109 9106306 224.69 0.03 sell
1786268761109 9106307 224.69 0.03 sell
1786268762109 9106308 224.69 0.03 sell
1786268762937 9106309 224.69 0.05 sell
1786268763112 9106310 224.69 0.02 sell
1786268763123 9106311 224.69 0.04 sell
1786268800793 9106312 224.67 0.01 sell
1786268800793 9106313 224.66 1.1 sell
1786268801111 9106314 224.66 0.03 sell
1786268802112 9106315 224.67 0.03 sell
1786268808155 9106316 224.65 0.01 sell
1786268835858 9106317 224.64 0.04 sell
1786268841448 9106319 224.64 0.88 sell
1786268842571 9106320 224.65 0.01 buy
1786268850109 9106322 224.66 0.03 sell
1786268851112 9106323 224.66 0.03 sell
1786268853109 9106324 224.66 0.03 sell
1786268854113 9106325 224.66 0.03 sell
1786268856109 9106326 224.66 0.03 sell
1786268863766 9106328 224.66 0.03 sell
1786268863768 9106329 224.64 0.01 sell
1786268864002 9106330 224.63 0.04 buy
1786268867491 9106331 224.65 0.03 buy
1786268970580 9106333 224.65 0.16 sell
1786269003478 9106334 224.65 0.05 sell
1786269030485 9106335 224.65 0.16 sell
1786269120278 9106338 224.65 0.18 sell
1786269120280 9106339 224.64 0.01 sell
1786269122112 9106340 224.63 0.02 sell
1786269147462 9106341 224.62 0.04 sell
1786269292998 9106348 224.62 1.63 buy
1786269292998 9106351 224.64 2.07 buy
1786269485139 9106353 224.65 0.06 sell
1786269598016 9106360 224.65 4.2 sell
1786269598016 9106361 224.64 0.49 sell
1786269598021 9106363 224.63 0.03 sell
1786269598023 9106364 224.61 0.02 sell
1786269664715 9106366 224.61 0.05 sell
1786269672456 9106369 224.62 0.12 buy
1786269673657 9106370 224.64 0.07 buy
1786269694999 9106371 224.62 0.01 sell
1786269694999 9106372 224.61 0.06 sell
1786269721037 9106373 224.61 0.16 sell
1786269722046 9106374 224.61 0.05 sell
1786269725171 9106375 224.61 0.05 sell
1786269740051 9106378 224.61 0.04 sell
1786269754112 9106379 224.6 0.02 sell
1786269756113 9106381 224.6 0.02 sell
1786269757109 9106382 224.6 0.02 sell
1786269758114 9106383 224.6 0.02 sell
1786269760113 9106384 224.6 0.02 sell
1786269765113 9106385 224.6 0.02 sell
1786269767109 9106386 224.6 0.02 sell
1786269768112 9106387 224.6 0.02 sell
1786269769108 9106389 224.6 0.02 sell
1786269770418 9106391 224.59 0.09 sell
1786269781113 9106392 224.57 0.02 sell
1786269783112 9106393 224.57 0.02 sell
1786269784110 9106394 224.57 0.02 sell
1786269785109 9106395 224.57 0.02 sell
1786269786110 9106396 224.57 0.02 sell
1786269787109 9106397 224.57 0.02 sell
1786269788109 9106398 224.57 0.02 sell
1786269789112 9106399 224.57 0.02 sell
1786269790109 9106400 224.57 0.02 sell
1786269791109 9106401 224.57 0.02 sell
1786269792109 9106402 224.57 0.02 sell
1786269793112 9106403 224.57 0.02 sell
1786269794110 9106404 224.57 0.02 sell
1786269795110 9106405 224.57 0.02 sell
1786269796109 9106406 224.57 0.02 sell
1786269797110 9106407 224.57 0.02 sell
1786269798112 9106408 224.57 0.02 sell
1786269799113 9106409 224.57 0.02 sell
1786269800110 9106410 224.57 0.02 sell
1786269801109 9106411 224.57 0.02 sell
1786269802110 9106412 224.57 0.02 sell
1786269803110 9106413 224.57 0.02 sell
1786269804113 9106414 224.57 0.02 sell
1786269805109 9106415 224.57 0.02 sell
1786269806112 9106416 224.57 0.02 sell
1786269807109 9106417 224.57 0.02 sell
1786269808112 9106418 224.57 0.02 sell
1786269809109 9106419 224.57 0.02 sell
1786269810113 9106420 224.57 0.02 sell
1786269811112 9106421 224.57 0.02 sell
1786269812109 9106422 224.57 0.02 sell
1786269813109 9106423 224.57 0.02 sell
1786269814109 9106424 224.57 0.02 sell
1786269815109 9106425 224.57 0.02 sell
1786269816113 9106426 224.57 0.02 sell
1786269817112 9106427 224.57 0.02 sell
1786269818113 9106428 224.57 0.02 sell
1786269819109 9106429 224.57 0.02 sell
1786269820112 9106430 224.57 0.02 sell
1786269822113 9106431 224.57 0.02 sell
1786269823109 9106432 224.57 0.02 sell
1786269824112 9106433 224.57 0.02 sell
1786269825109 9106434 224.57 0.02 sell
1786269826109 9106435 224.57 0.02 sell
1786269827112 9106436 224.57 0.02 sell
1786269828109 9106437 224.57 0.02 sell
1786269829109 9106438 224.57 0.02 sell
1786269830113 9106439 224.57 0.02 sell
1786269831109 9106440 224.57 0.02 sell
1786269832109 9106441 224.57 0.02 sell
1786269833113 9106442 224.57 0.02 sell
1786269834109 9106443 224.57 0.02 sell
1786269835109 9106444 224.57 0.02 sell
1786269835110 9106446 224.57 0.09 sell
1786269837113 9106447 224.56 0.02 sell
1786269838113 9106448 224.56 0.02 sell
1786269839112 9106449 224.56 0.02 sell
1786269840112 9106450 224.56 0.02 sell
1786269841109 9106451 224.56 0.02 sell
1786269842112 9106452 224.56 0.02 sell
1786269844113 9106453 224.56 0.02 sell
1786269847110 9106454 224.56 0.02 sell
1786269901112 9106455 224.56 0.02 sell
1786269909251 9106458 224.57 0.09 buy
1786269909253 9106459 224.57 0.06 buy
1786270084467 9106460 224.57 0.05 sell
1786270096679 9106465 224.58 0.12 buy
1786270129711 9106468 224.57 2.74 sell
1786270129902 9106469 224.56 0.22 sell
1786270129903 9106472 224.55 0.04 sell
1786270129903 9106473 224.54 0.01 sell
1786270132771 9106475 224.54 2.26 buy
1786270192575 9106476 224.53 0.01 sell
1786270192575 9106477 224.52 0.01 sell
1786270192575 9106480 224.51 0.07 sell
1786270192575 9106487 224.5 8.07 sell
1786270192575 9106492 224.49 6.06 sell
1786270207685 9106497 224.48 1.02 sell
1786270358638 9106498 224.49 0.17 buy
1786270360808 9106499 224.49 0.12 buy
1786270377202 9106500 224.48 0.12 sell
1786270444312 9106501 224.48 0.05 sell
1786270510362 9106502 224.48 0.16 sell
1786270526952 9106509 224.49 1.49 buy
1786270526952 9106511 224.52 2.26 buy
1786270526952 9106513 224.53 6.93 buy
1786270526952 9106517 224.54 4.66 buy
1786270526952 9106520 224.55 8.16 buy
1786270526952 9106522 224.56 3.59 buy
1786270526952 9106526 224.57 6.49 buy
1786270526952 9106529 224.58 6.93 buy
1786270526952 9106530 224.59 10 buy
1786270526952 9106534 224.6 6.98 buy
1786270526952 9106537 224.61 15.29 buy
1786270526952 9106543 224.62 34.41 buy
1786270526952 9106545 224.63 26.45 buy
1786270526962 9106546 224.59 1.43 sell
1786270526962 9106547 224.58 3.91 sell
1786270526979 9106548 224.57 0.01 sell
1786270526982 9106549 224.56 0.01 sell
1786270563104 9106552 224.56 0.05 sell
1786270612109 9106553 224.56 0.03 sell
1786270613113 9106554 224.56 0.03 sell
1786270614112 9106555 224.56 0.03 sell
1786270615109 9106556 224.56 0.03 sell
1786270616112 9106557 224.56 0.03 sell
1786270617109 9106558 224.56 0.03 sell
1786270618113 9106559 224.56 0.03 sell
1786270619112 9106560 224.56 0.03 sell
1786270620110 9106561 224.56 0.03 sell
1786270621109 9106562 224.56 0.03 sell
1786270622109 9106563 224.56 0.03 sell
1786270624108 9106564 224.56 0.03 sell
1786270626109 9106565 224.56 0.03 sell
1786270640109 9106566 224.56 0.03 sell
1786270641111 9106567 224.56 0.03 sell
1786270642113 9106568 224.56 0.03 sell
1786270643112 9106569 224.56 0.03 sell
1786270644109 9106570 224.56 0.03 sell
1786270645110 9106571 224.56 0.03 sell
1786270646112 9106572 224.56 0.03 sell
1786270713701 9106576 224.57 4.25 buy
1786270718946 9106577 224.56 0.16 sell
1786270728109 9106578 224.56 0.03 sell
1786270729112 9106579 224.56 0.03 sell
1786270732112 9106580 224.56 0.03 sell
1786270733112 9106581 224.56 0.03 sell
1786270734113 9106582 224.56 0.03 sell
1786270736113 9106583 224.56 0.03 sell
1786270737112 9106584 224.56 0.03 sell
1786270737952 9106587 224.56 0.48 sell
1786270737955 9106589 224.53 0.03 sell
1786270748527 9106597 224.53 1.33 buy
1786270748527 9106600 224.55 4.37 buy
1786270748527 9106604 224.56 5.42 buy
1786270768570 9106605 224.55 0.12 buy
1786270797422 9106606 224.54 0.12 sell
1786270857906 9106614 224.55 0.92 buy
1786270857907 9106616 224.56 0.11 buy
1786270863075 9106617 224.56 0.05 sell
1786270965427 9106618 224.56 0.48 sell
1786271000496 9106619 224.56 0.16 sell
1786271043405 9106620 224.56 0.05 sell
1786271081109 9106621 224.56 0.02 sell
1786271082109 9106622 224.56 0.02 sell
1786271083109 9106623 224.56 0.02 sell
1786271084112 9106624 224.56 0.02 sell
1786271085112 9106625 224.56 0.02 sell
1786271086113 9106626 224.56 0.02 sell
1786271087109 9106627 224.56 0.02 sell
1786271088109 9106628 224.56 0.02 sell
1786271088830 9106631 224.56 2.13 sell
1786271283724 9106633 224.53 0.05 sell
1786271311856 9106634 224.53 0.16 sell
1786271510634 9106643 224.53 6.83 sell
1786271550591 9106646 224.51 0.16 sell
1786271590004 9106647 224.52 0.12 buy
1786271643583 9106649 224.51 0.05 sell
1786271688198 9106653 224.51 3.98 sell
1786271688198 9106654 224.5 1.42 sell
1786271713201 9106655 224.52 0.12 buy
1786271943779 9106656 224.51 0.05 sell
1786271970778 9106657 224.51 0.44 sell
1786271970873 9106658 224.51 1.24 sell
1786271972109 9106659 224.51 0.02 sell
1786271973112 9106660 224.51 0.02 sell
1786271978113 9106661 224.51 0.02 sell
1786271979112 9106662 224.51 0.02 sell
1786271980110 9106663 224.51 0.02 sell
1786271981112 9106664 224.51 0.02 sell
1786271983109 9106665 224.51 0.02 sell
1786271984109 9106666 224.51 0.02 sell
1786271986113 9106667 224.51 0.02 sell
1786272001113 9106668 224.51 0.02 sell
1786272058110 9106669 224.51 0.02 sell
1786272059112 9106670 224.51 0.02 sell
1786272060109 9106671 224.51 0.01 sell
1786272182348 9106673 224.51 1.31 sell
1786272188506 9106674 224.51 0.05 sell
1786272243764 9106675 224.51 0.05 sell
1786272306460 9106676 224.51 0.12 sell
1786272306521 9106678 224.51 0.07 sell
1786272307958 9106680 224.5 0.12 buy
1786272401612 9106689 224.5 2.02 buy
1786272401612 9106694 224.52 5.88 buy
1786272401612 9106695 224.53 14.62 buy
1786272401824 9106698 224.52 1.18 sell
1786272401824 9106701 224.5 12.16 sell
1786272401824 9106704 224.49 2.56 sell
1786272401826 9106705 224.49 0.01 sell
1786272423437 9106706 224.5 0.05 sell
1786272475454 9106707 224.5 0.04 sell
1786272531627 9106710 224.5 1 sell
1786272550402 9106711 224.5 0.16 sell
1786272594076 9106712 224.5 0.48 sell
1786272662871 9106713 224.5 0.05 sell
1786272663151 9106714 224.5 0.05 sell
1786272715365 9106716 224.5 0.12 sell
1786272760444 9106717 224.5 0.16 sell
1786272860370 9106718 224.5 0.16 sell
1786272870854 9106722 224.51 0.21 buy
1786272888659 9106727 224.53 23.27 buy
1786272888661 9106728 224.54 0.01 buy
1786272888661 9106729 224.56 0.02 buy
1786272903149 9106731 224.56 0.05 sell
1786272972844 9106734 224.56 0.09 sell
1786273004048 9106735 224.55 0.01 sell
1786273018206 9106737 224.56 0.12 buy
1786273174356 9106738 224.53 0.02 sell
1786273194959 9106739 224.51 0.01 sell
1786273201593 9106745 224.52 1.1 buy
1786273201593 9106746 224.54 0.13 buy
1786273202720 9106748 224.56 0.05 sell
1786273205300 9106749 224.56 0.01 sell
1786273266283 9106751 224.57 0.07 buy
1786273288481 9106753 224.57 0.02 buy
1786273293526 9106755 224.56 0.07 sell
1786273353965 9106756 224.55 0.02 sell
1786273421311 9106760 224.54 0.04 buy
1786273426639 9106763 224.54 0.08 buy
1786273442829 9106765 224.55 0.05 sell
1786273481090 9106767 224.56 0.09 buy
1786273481090 9106769 224.6 0.05 buy
1786273482084 9106771 224.6 0.12 sell
1786273565777 9106772 224.61 0.1 buy
1786273674917 9106774 224.61 0.09 buy
1786273683811 9106775 224.6 0.09 sell
1786273687797 9106776 224.61 0.09 buy
1786273690145 9106778 224.61 0.14 buy
1786273690146 9106780 224.62 0.05 buy
1786273702441 9106781 224.64 0.09 sell
1786273703795 9106783 224.65 0.57 buy
1786273703798 9106784 224.66 0.1 buy
1786273703802 9106785 224.66 0.22 sell
1786273705702 9106786 224.67 0.01 buy
1786273707871 9106788 224.66 0.09 sell
1786273715359 9106789 224.67 0.09 buy
1786273715360 9106790 224.67 0.03 buy
1786273756134 9106791 224.68 0.01 buy
1786273804407 9106793 224.67 0.05 sell
1786273847764 9106794 224.67 2.82 sell
1786273863117 9106795 224.67 0.05 sell
1786274054595 9106796 224.67 0.03 sell
1786274061477 9106798 224.67 0.03 sell
1786274102780 9106799 224.65 0.05 sell
1786274167440 9106802 224.66 0.21 buy
1786274167440 9106803 224.67 0.13 buy
1786274167440 9106807 224.68 3.62 buy
1786274167440 9106809 224.69 0.79 buy
1786274168233 9106810 224.68 0.03 sell
1786274214838 9106811 224.68 0.01 buy
1786274224472 9106812 224.68 0.05 sell
1786274262448 9106814 224.69 0.12 buy
1786274283569 9106815 224.68 0.05 sell
1786274290385 9106816 224.69 0.12 buy
1786274298348 9106818 224.68 0.12 sell
1786274301911 9106820 224.68 0.19 sell
1786274301914 9106821 224.65 0.01 sell
1786274353467 9106822 224.65 0.12 buy
1786274360444 9106824 224.64 0.16 sell
1786274475695 9106825 224.65 0.04 buy
1786274509561 9106826 224.65 0.37 buy
1786274590450 9106827 224.64 0.04 sell
1786274592074 9106828 224.65 0.04 buy
1786274658513 9106831 224.64 1.08 sell
1786274658513 9106832 224.63 0.02 sell
1786274658513 9106834 224.62 1.9 sell
1786274659336 9106836 224.64 0.03 sell
1786274693698 9106837 224.62 0.22 sell
1786274704402 9106838 224.62 0.05 sell
1786274739182 9106839 224.62 0.04 sell
1786274740439 9106840 224.63 0.04 buy
1786274800382 9106841 224.62 0.16 sell
1786274835095 9106842 224.62 0.04 sell
1786274881653 9106843 224.63 0.12 buy
1786274958039 9106844 224.62 0.02 sell
1786274958039 9106845 224.61 0.02 sell
1786275017817 9106851 224.61 2 buy
1786275241384 9106853 224.6 0.64 sell
1786275263294 9106854 224.59 0.01 sell
1786275276949 9106856 224.59 0.68 buy
1786275427696 9106857 224.59 0.12 buy
1786275540803 9106859 224.58 0.16 sell
1786275644509 9106860 224.58 0.4 sell
1786275700353 9106861 224.59 0.12 buy
1786275730497 9106862 224.58 0.16 sell
1786275830461 9106870 224.58 5.4 sell
1786275830461 9106873 224.57 3.92 sell
1786275830461 9106874 224.56 2.24 sell
1786275830465 9106875 224.56 0.01 sell
1786275830497 9106877 224.56 2.74 buy
1786275843700 9106878 224.58 0.05 sell
1786275861712 9106879 224.59 0.08 buy
1786275903738 9106881 224.59 0.05 sell
1786275963814 9106882 224.59 0.06 sell
1786275968692 9106888 224.6 0.6 buy
1786275968692 9106890 224.61 0.03 buy
1786275968692 9106891 224.62 0.02 buy
1786275968692 9106892 224.63 0.23 buy
1786275974022 9106893 224.6 0.05 sell
1786277101219 9106966 224.56 0.16 sell
1786277101754 9106967 224.56 0.12 sell
1786277319539 9106974 224.57 2.38 buy
1786277319541 9106981 224.58 0.09 buy
1786277319543 9106982 224.6 0.01 buy
1786277343740 9106983 224.6 0.05 sell
1786277450045 9106984 224.6 0.02 sell
1786277688795 9106987 224.59 0.25 sell
1786277704243 9106988 224.59 0.02 sell
1786277760734 9106990 224.58 0.16 sell
1786277924283 9106993 224.58 0.12 buy
1786277932608 9106994 224.58 0.12 buy
1786277993991 9106995 224.57 0.12 sell
1786278010363 9106996 224.57 0.16 sell
1786278054918 9106997 224.57 0.12 sell
1786278061967 9106998 224.58 0.12 buy
1786278164244 9107002 224.58 0.16 buy
1786278164244 9107003 224.59 0.01 buy
1786278307070 9107006 224.61 0.08 buy
1786278360717 9107017 224.62 2.38 buy
1786278360717 9107019 224.64 2.17 buy
1786278360717 9107020 224.65 2.22 buy
1786278360717 9107023 224.66 6.75 buy
1786278360717 9107026 224.67 7.96 buy
1786278360717 9107030 224.68 2.96 buy
1786278360717 9107034 224.69 12.32 buy
1786278360717 9107037 224.7 2.16 buy
1786278360717 9107041 224.71 11.29 buy
1786278360717 9107044 224.72 2.29 buy
1786278360819 9107045 224.65 0.02 sell
1786278372607 9107046 224.65 0.01 sell
1786278393652 9107048 224.65 0.12 buy
1786278424355 9107049 224.64 0.09 sell
1786278428279 9107050 224.64 0.05 sell
1786278482139 9107051 224.64 0.05 sell
1786278484186 9107052 224.64 0.06 sell
1786278484438 9107053 224.64 0.05 sell
1786278485694 9107054 224.65 0.12 buy
1786278544445 9107057 224.64 0.04 sell
1786278544445 9107058 224.63 0.02 sell
1786278783630 9107059 224.62 0.05 sell
1786278860362 9107060 224.62 0.16 sell
1786278864069 9107061 224.62 0.02 sell
1786278894395 9107066 224.61 0.86 buy
1786278900701 9107067 224.62 0.16 sell
1786278913728 9107069 224.63 0.04 buy
1786278963261 9107070 224.62 0.05 sell
1786279047478 9107071 224.62 0.04 sell
1786279049331 9107072 224.63 0.04 buy
1786279090424 9107074 224.62 0.16 sell
1786279130274 9107076 224.63 0.12 buy
1786279161149 9107077 224.62 0.04 sell
1786279162079 9107078 224.63 0.04 buy
1786279200903 9107079 224.62 0.16 sell
1786279203309 9107080 224.62 0.05 sell
1786279240440 9107081 224.62 0.16 sell
1786279273542 9107082 224.62 0.04 sell
1786279275723 9107083 224.63 0.04 buy
1786279397086 9107084 224.62 0.04 sell
1786279398825 9107085 224.63 0.04 buy
1786279412679 9107086 224.63 0.02 buy
1786279443531 9107087 224.62 0.05 sell
1786279501174 9107090 224.63 1.01 buy
1786279518081 9107092 224.62 0.04 sell
1786279519094 9107093 224.63 0.04 buy
1786279587370 9107094 224.63 1.29 buy
1786279600469 9107096 224.62 0.16 sell
1786279610735 9107097 224.63 0.12 buy
1786279631669 9107098 224.62 0.04 sell
1786279632760 9107100 224.63 0.04 buy
1786279639434 9107101 224.63 0.12 buy
1786279682904 9107102 224.62 0.05 sell
1786279683521 9107103 224.62 0.05 sell
1786279705576 9107106 224.62 0.62 sell
1786279705576 9107108 224.6 0.05 sell
1786279706758 9107112 224.61 1.51 sell
1786279706758 9107114 224.6 2.9 sell
1786279726749 9107115 224.6 0.02 buy
1786279760016 9107117 224.61 0.04 sell
1786279760963 9107119 224.62 0.04 buy
1786279829200 9107125 224.62 0.23 buy
1786279829276 9107126 224.64 0.01 buy
1786279829277 9107127 224.66 0.02 buy
1786279840616 9107129 224.68 0.04 buy
1786279871069 9107130 224.67 0.04 sell
1786279871603 9107131 224.67 0.45 sell
1786279890124 9107134 224.67 0.16 sell
1786279890124 9107135 224.65 0.93 sell
1786279895441 9107138 224.65 0.47 sell
1786279895441 9107139 224.63 1 sell
1786279895441 9107141 224.62 0.54 sell
1786279923665 9107142 224.65 0.05 sell
1786279992118 9107144 224.65 0.69 sell
1786279992118 9107146 224.65 0.52 sell
1786279992122 9107147 224.62 0.01 sell
1786280002512 9107148 224.62 0.02 sell
1786280055808 9107149 224.62 0.08 sell
1786280064863 9107150 224.63 0.1 buy
1786280091047 9107153 224.63 2.22 buy
1786280119540 9107154 224.62 0.04 sell
1786280120621 9107155 224.63 0.04 buy
1786280123360 9107158 224.62 2.22 sell
1786280134303 9107159 224.62 0.12 sell
1786280142861 9107163 224.63 0.24 buy
1786280163578 9107164 224.62 0.05 sell
1786280230563 9107165 224.62 0.04 sell
1786280231648 9107166 224.63 0.04 buy
1786280357948 9107167 224.62 0.04 sell
1786280357961 9107169 224.62 0.09 sell
1786280359025 9107171 224.61 0.04 buy
1786280360383 9107173 224.6 0.16 sell
1786280446921 9107178 224.59 2.04 buy
1786280446926 9107180 224.64 0.03 buy
1786280463640 9107181 224.62 0.05 sell
1786280474283 9107182 224.62 0.02 sell
1786280474283 9107183 224.61 0.01 sell
1786280476017 9107184 224.6 0.04 sell
1786280476543 9107185 224.61 0.07 buy
1786280477021 9107186 224.61 0.04 buy
1786280604019 9107187 224.6 0.04 sell
1786280605140 9107188 224.61 0.04 buy
1786280651987 9107189 224.6 0.19 sell
1786280715020 9107190 224.6 0.04 sell
1786280715987 9107194 224.61 0.04 buy
1786280748848 9107200 224.61 0.44 buy
1786280764530 9107203 224.6 1.19 sell
1786280787693 9107212 224.61 3.06 buy
1786280787695 9107213 224.64 0.01 buy
1786280787696 9107214 224.66 0.02 buy
1786280790156 9107223 224.65 2.36 buy
1786280790157 9107224 224.66 0.01 buy
1786280833751 9107226 224.67 0.04 sell
1786280834418 9107228 224.68 0.04 buy
1786280870551 9107229 224.67 0.16 sell
1786280883489 9107230 224.67 0.05 sell
1786280915306 9107239 224.68 1.71 buy
1786280915306 9107240 224.71 0.03 buy
1786280915306 9107246 224.73 1.13 buy
1786280915306 9107249 224.74 4.67 buy
1786280915306 9107254 224.75 0.27 buy
1786280915306 9107257 224.76 0.96 buy
1786280915306 9107262 224.78 0.05 buy
1786280915310 9107264 224.79 0.14 buy
1786280915310 9107275 224.8 5.23 buy
1786280915310 9107276 224.8 2.35 buy
1786280915310 9107279 224.81 0.09 buy
1786280915310 9107282 224.82 3.52 buy
1786280915312 9107283 224.8 0.01 buy
1786280915369 9107286 224.8 0.48 buy
1786280915643 9107289 224.79 5.06 sell
1786280917330 9107292 224.8 0.5 buy
1786280917330 9107294 224.82 0.27 buy
1786280935483 9107295 224.81 0.13 buy
1786280935581 9107296 224.81 0.02 buy
1786280937484 9107297 224.83 0.5 buy
1786280958368 9107299 224.82 0.04 sell
1786281007521 9107311 224.82 4.05 sell
1786281028687 9107314 224.77 0.12 buy
1786281121031 9107315 224.76 0.02 sell
1786281156092 9107316 224.74 0.01 sell
1786281156094 9107317 224.71 0.03 sell
1786281212227 9107325 224.68 3.99 buy
1786281212227 9107327 224.7 0.15 buy
1786281212227 9107330 224.71 2.4 buy
1786281212232 9107331 224.71 4.61 sell
1786281212350 9107334 224.71 0.88 sell
1786281225402 9107335 224.7 0.16 buy
1786281225403 9107336 224.72 0.02 buy
1786281242280 9107338 224.73 0.05 sell
1786281243404 9107339 224.73 0.01 sell
1786281243404 9107340 224.72 0.04 sell
1786281272497 9107342 224.73 0.03 sell
1786281328063 9107343 224.73 0.4 buy
1786281358391 9107344 224.73 0.24 buy
1786281389366 9107349 224.73 0.32 buy
1786281389395 9107351 224.76 0.03 buy
1786281400612 9107352 224.76 0.16 sell
1786281435895 9107356 224.77 0.05 buy
1786281435897 9107357 224.79 0.01 buy
1786281435897 9107358 224.8 0.02 buy
1786281435904 9107360 224.8 2.46 sell
1786281550506 9107361 224.8 0.16 sell
1786281551673 9107362 224.81 0.01 buy
1786281557153 9107364 224.81 0.4 sell
1786281557155 9107365 224.8 0.01 sell
1786281567747 9107367 224.78 0.07 buy
1786281593434 9107368 224.79 0.01 buy
1786281593434 9107369 224.8 0.02 buy
1786281593434 9107373 224.82 0.45 buy
1786281603014 9107374 224.8 0.06 sell
1786281663227 9107375 224.8 0.05 sell
1786281670415 9107376 224.8 0.16 sell
1786281675171 9107377 224.81 0.01 buy
1786281677433 9107378 224.82 0.85 sell
1786281735157 9107379 224.8 0.55 sell
1786281760575 9107380 224.8 0.16 sell
1786281760576 9107381 224.8 49 sell
1786281770438 9107386 224.81 0.08 buy
1786281771137 9107387 224.82 0.01 sell
1786281771182 9107388 224.82 0.01 buy
1786281783738 9107390 224.82 0.05 sell
1786281791321 9107391 224.82 1.45 sell
1786281851347 9107393 224.82 4.53 buy
1786281854563 9107394 224.83 0.12 buy
1786281868807 9107395 224.83 0.09 buy
1786281890070 9107397 224.81 0.05 sell
1786281917110 9107398 224.81 0.12 buy
1786281918550 9107399 224.81 0.01 buy
1786282002889 9107400 224.83 0.12 buy
1786282007948 9107403 224.82 1.45 sell
1786282007948 9107404 224.81 1.18 sell
1786282016898 9107405 224.83 0.02 buy
1786282016929 9107406 224.8 0.02 sell
1786282023746 9107407 224.8 0.05 sell
1786282056260 9107411 224.82 0.08 buy
1786282088667 9107413 224.82 1.59 sell
1786282096741 9107415 224.82 0.03 sell
1786282151161 9107416 224.82 0.03 buy
1786282156931 9107418 224.82 0.08 sell
1786282203649 9107419 224.82 0.05 sell
1786282236888 9107421 224.81 0.05 buy
1786282239847 9107422 224.81 0.09 sell
1786282247485 9107424 224.81 0.12 buy
1786282272441 9107425 224.81 0.12 buy
1786282300873 9107426 224.8 0.12 sell
1786282300875 9107431 224.8 0.18 sell
1786282300878 9107432 224.78 0.01 sell
1786282305385 9107433 224.75 0.12 sell
1786282332450 9107435 224.77 0.03 buy
1786282339991 9107437 224.77 1 sell
1786282362245 9107438 224.77 0.47 sell
1786282362245 9107440 224.77 0.23 sell
1786282362245 9107441 224.77 0.11 sell
1786282362245 9107442 224.77 0.11 sell
1786282362245 9107443 224.77 0.11 sell
1786282430441 9107445 224.77 0.16 sell
1786282443549 9107446 224.77 0.05 sell
1786282449822 9107448 224.77 2.56 sell
1786282470441 9107449 224.76 0.16 sell
1786282481509 9107451 224.75 0.02 sell
1786282560731 9107452 224.76 0.16 sell
1786282567344 9107456 224.76 1.66 sell
1786282570161 9107457 224.75 0.02 buy
1786282585005 9107458 224.75 0.81 sell
1786282585005 9107461 224.74 1 sell
1786282587686 9107463 224.75 1.57 sell
1786282587686 9107464 224.74 9.43 sell
1786282610108 9107466 224.73 3.69 sell
1786282625885 9107467 224.77 0.12 buy
1786282630481 9107468 224.74 0.01 sell
1786282630481 9107469 224.72 0.15 sell
1786282641408 9107470 224.75 0.04 buy
1786282643863 9107473 224.74 0.12 buy
1786282650493 9107474 224.73 0.16 sell
1786282652483 9107475 224.73 0.01 sell
1786282658160 9107477 224.72 0.14 sell
1786282658160 9107479 224.71 0.07 sell
1786282698093 9107480 224.71 0.12 sell
1786282708961 9107481 224.73 0.01 buy
1786282731200 9107483 224.73 0.05 buy
1786282742312 9107484 224.74 0.03 sell
1786282743765 9107485 224.73 0.06 sell
1786282750418 9107486 224.72 0.16 sell
1786282752022 9107488 224.74 0.03 buy
1786282759688 9107489 224.72 0.01 sell
1786282760005 9107490 224.72 0.05 buy
1786282760016 9107491 224.73 0.01 sell
1786282795970 9107492 224.73 0.04 buy
1786282795970 9107493 224.76 0.02 buy
1786282795970 9107496 224.77 2.34 buy
1786282796031 9107497 224.76 0.03 buy
1786282796031 9107498 224.76 0.03 buy
1786282796031 9107499 224.76 0.03 buy
1786282796031 9107500 224.76 0.03 buy
1786282796031 9107501 224.76 0.03 buy
1786282796031 9107502 224.76 0.03 buy
1786282796031 9107503 224.76 0.03 buy
1786282796031 9107504 224.76 0.03 buy
1786282796031 9107505 224.76 0.03 buy
1786282796031 9107506 224.76 0.03 buy
1786282796031 9107507 224.76 0.03 buy
1786282796031 9107508 224.76 0.03 buy
1786282796031 9107509 224.76 0.03 buy
1786282796031 9107510 224.76 0.03 buy
1786282796031 9107511 224.76 0.03 buy
1786282796031 9107512 224.76 0.03 buy
1786282796031 9107514 224.76 0.03 buy
1786282796031 9107515 224.76 0.03 buy
1786282796031 9107516 224.76 0.03 buy
1786282803357 9107517 224.75 0.05 sell
1786282851929 9107518 224.76 0.12 buy
1786282910409 9107519 224.76 0.16 sell
1786282940212 9107523 224.76 0.39 sell
1786282948821 9107525 224.73 0.16 sell
1786282960347 9107527 224.72 1.26 buy
1786282985066 9107528 224.72 0.01 buy
1786282993523 9107529 224.72 0.01 sell
1786283059705 9107531 224.72 0.09 buy
1786283100745 9107533 224.73 0.16 sell
1786283102917 9107534 224.73 0.11 sell
1786283103002 9107535 224.73 0.31 sell
1786283162799 9107536 224.73 0.05 sell
1786283163009 9107537 224.73 0.05 sell
1786283168398 9107538 224.73 0.05 sell
1786283178129 9107545 224.74 0.88 buy
1786283216786 9107546 224.74 0.12 buy
1786283221513 9107548 224.74 0.12 buy
1786283287854 9107549 224.74 0.12 buy
1786283295043 9107551 224.74 0.02 buy
1786283333266 9107554 224.75 0.77 sell
1786283333266 9107555 224.73 2.19 sell
1786283333269 9107556 224.73 0.01 sell
1786283350193 9107557 224.74 0.01 buy
1786283350286 9107559 224.76 0.03 buy
1786283351697 9107560 224.74 0.02 buy
1786283400889 9107562 224.74 0.16 sell
1786283408054 9107563 224.74 0.5 sell
1786283429696 9107564 224.74 0.12 sell
1786283484568 9107568 224.75 0.12 buy
1786283489598 9107569 224.74 0.05 sell
1786283494466 9107570 224.74 0.05 buy
1786283520717 9107573 224.75 0.07 sell
1786283520717 9107574 224.73 0.09 sell
1786283525411 9107575 224.76 0.01 buy
1786283525411 9107577 224.77 1.37 buy
1786283550496 9107578 224.74 0.16 sell
1786283653287 9107579 224.74 1.38 sell
1786283687926 9107581 224.75 0.12 buy
1786283705207 9107582 224.74 0.05 sell
1786283734079 9107584 224.75 0.85 buy
1786283738759 9107585 224.76 7 sell
1786283753300 9107587 224.76 0.16 sell
1786283763012 9107588 224.77 0.01 buy
1786283780403 9107592 224.79 0.16 sell
1786283810435 9107593 224.79 0.16 sell
1786283837330 9107596 224.8 5.35 buy
1786283846343 9107598 224.8 0.73 buy
1786283868425 9107599 224.81 0.12 buy
1786283876774 9107602 224.81 4.48 buy
1786283877599 9107606 224.8 1.66 sell
1786283950968 9107607 224.8 0.02 buy
1786284004183 9107609 224.8 0.22 sell
1786284020147 9107611 224.81 0.1 buy
1786284020147 9107612 224.82 0.02 buy
1786284035758 9107613 224.8 0.01 buy
1786284042069 9107614 224.8 0.01 buy
1786284042126 9107615 224.8 0.01 buy
1786284063606 9107616 224.8 0.05 sell
1786284086238 9107617 224.8 0.01 sell
1786284094952 9107621 224.79 0.04 sell
1786284094952 9107622 224.78 0.02 sell
1786284136717 9107623 224.82 0.12 buy
1786284146781 9107624 224.82 0.28 buy
1786284151869 9107625 224.82 0.15 buy
1786284165634 9107626 224.79 0.12 sell
1786284170410 9107627 224.79 0.16 sell
1786284183954 9107628 224.79 0.05 sell
1786284230484 9107629 224.79 0.16 sell
1786284243980 9107631 224.79 3.55 sell
1786284243980 9107632 224.78 1.21 sell
1786284245288 9107633 224.79 0.01 buy
1786284246085 9107635 224.79 0.09 sell
1786284269420 9107642 224.77 0.09 buy
1786284286612 9107644 224.77 0.12 sell
1786284408253 9107645 224.78 0.09 sell
1786284408253 9107646 224.78 0.04 sell
1786284408253 9107647 224.78 0.02 sell
1786284408253 9107648 224.78 0.02 sell
1786284408253 9107649 224.78 0.02 sell
1786284420657 9107650 224.78 0.16 sell
1786284423779 9107651 224.78 0.05 sell
1786284440043 9107652 224.78 0.05 sell
1786284455142 9107653 224.79 5.78 buy
1786284457509 9107654 224.79 2 buy
1786284477353 9107656 224.78 0.5 sell
1786284520471 9107657 224.78 0.16 sell
1786284527567 9107659 224.79 0.02 buy
1786284560657 9107661 224.8 0.12 buy
1786284681807 9107668 224.79 10.78 sell
1786284681807 9107669 224.78 3.55 sell
1786284707652 9107670 224.79 0.04 buy
1786284719396 9107671 224.8 0.01 sell
1786284733119 9107673 224.79 0.06 buy
1786284740279 9107679 224.8 2.36 buy
1786284774922 9107681 224.81 0.12 buy
1786284845052 9107683 224.81 0.55 buy
1786284887239 9107689 224.81 1.64 buy
1786284887239 9107692 224.82 4.48 buy
1786284887239 9107695 224.83 0.44 buy
1786284887239 9107700 224.84 0.44 buy
1786284887243 9107701 224.84 0.45 buy
1786284918087 9107702 224.83 0.13 buy
1786284918108 9107703 224.84 0.01 buy
1786284922255 9107704 224.84 3.34 sell
1786284941688 9107706 224.85 0.11 buy
1786284941688 9107707 224.86 0.01 buy
1786284941688 9107710 224.87 0.11 buy
1786284941688 9107714 224.88 0.19 buy
1786284941688 9107718 224.89 0.61 buy
1786284965014 9107719 224.88 0.05 sell
1786284965102 9107720 224.88 0.05 sell
1786285012141 9107725 224.88 1.6 sell
1786285038121 9107726 224.88 0.99 buy
1786285067848 9107727 224.88 3.24 buy
1786285084004 9107728 224.87 0.05 sell
1786285091624 9107729 224.88 0.06 buy
1786285095672 9107731 224.87 0.58 sell
1786285095672 9107733 224.86 0.03 sell
1786285095672 9107734 224.85 0.67 sell
1786285144377 9107735 224.86 0.05 sell
1786285150406 9107736 224.87 0.15 buy
1786285176756 9107737 224.87 0.03 buy
1786285240587 9107738 224.86 0.16 sell
1786285277638 9107740 224.87 0.12 buy
1786285337087 9107741 224.87 0.12 buy
1786285382965 9107742 224.86 0.05 sell
1786285503016 9107743 224.87 0.12 buy
1786285523908 9107748 224.87 4.63 buy
1786285560715 9107750 224.86 0.16 sell
1786285615613 9107752 224.87 0.03 buy
1786285622833 9107753 224.87 0.05 sell
1786285661376 9107754 224.88 0.12 buy
1786285677650 9107755 224.87 1 sell
1786285678508 9107756 224.87 0.4 sell
1786285679039 9107760 224.87 0.99 sell
1786285722135 9107761 224.84 2.69 sell
1786285735455 9107762 224.84 8.55 sell
1786285735455 9107763 224.84 4.37 sell
1786285736509 9107764 224.8 0.4 sell
1786285739508 9107765 224.8 0.4 sell
1786285745141 9107768 224.81 0.04 buy
1786285860878 9107769 224.8 0.11 sell
1786285860970 9107770 224.8 0.31 sell
1786285877508 9107771 224.8 0.4 sell
1786285904597 9107772 224.8 0.12 sell
1786285923020 9107773 224.8 0.05 sell
1786285923988 9107775 224.8 14.22 sell
1786286028309 9107781 224.8 4.63 sell
1786286040759 9107782 224.8 0.16 sell
1786286041900 9107785 224.8 7.39 sell
1786286137244 9107786 224.81 0.12 buy
1786286194518 9107787 224.8 0.12 sell
1786286220471 9107788 224.8 0.39 sell
1786286220575 9107789 224.8 0.61 sell
1786286223065 9107790 224.8 0.06 sell
1786286230387 9107791 224.8 0.16 sell
1786286234274 9107792 224.8 0.65 sell
1786286254495 9107798 224.81 1.21 buy
1786286260596 9107799 224.8 0.16 sell
1786286280612 9107800 224.8 0.16 sell
1786286283739 9107801 224.81 0.12 buy
1786286286523 9107803 224.8 2.47 sell
1786286300854 9107804 224.8 2.96 sell
1786286334667 9107805 224.8 0.17 sell
1786286340509 9107806 224.8 0.4 sell
1786286390416 9107807 224.8 0.16 sell
1786286404874 9107808 224.8 0.05 sell
1786286405509 9107809 224.8 0.4 sell
1786286462976 9107810 224.8 0.05 sell
1786286483757 9107811 224.81 0.12 buy
1786286489629 9107815 224.8 7.44 sell
1786286489632 9107818 224.74 4.35 sell
1786286489634 9107819 224.73 0.04 sell
1786286489640 9107820 224.71 0.22 sell
1786286489689 9107821 224.73 0.71 sell
1786286489689 9107822 224.73 1.93 sell
1786286489689 9107824 224.73 2.3 sell
1786286489693 9107825 224.73 0.23 sell
1786286489696 9107826 224.73 1.38 sell
1786286589128 9107827 224.74 0.12 buy
1786286630464 9107828 224.73 0.16 sell
1786286642851 9107829 224.73 0.05 sell
1786286671818 9107831 224.74 0.12 buy
1786286678206 9107834 224.74 0.12 buy
1786286690969 9107835 224.73 0.02 sell
1786286713955 9107837 224.72 0.04 sell
1786286714760 9107838 224.73 0.04 buy
1786286746068 9107849 224.73 6.3 buy
1786286746070 9107850 224.74 0.13 buy
1786286746071 9107851 224.74 0.02 buy
1786286746072 9107853 224.76 0.03 buy
1786286759555 9107856 224.78 1.04 buy
1786286760669 9107858 224.77 0.16 sell
1786286810447 9107859 224.77 0.16 sell
1786286831020 9107860 224.77 0.04 sell
1786286855458 9107866 224.78 3.14 buy
1786286865694 9107868 224.78 0.03 buy
1786286882938 9107870 224.79 0.05 sell
1786286931813 9107871 224.79 0.03 sell
1786286940707 9107872 224.79 0.16 sell
1786287000759 9107873 224.79 0.16 sell
1786287070511 9107874 224.79 0.16 sell
1786287135249 9107875 224.79 0.04 sell
1786287135249 9107876 224.79 0.02 sell
1786287135249 9107877 224.79 0.01 sell
1786287135249 9107878 224.79 0.01 sell
1786287135249 9107879 224.79 0.01 sell
1786287162713 9107886 224.8 0.93 buy
1786287162713 9107887 224.82 0.07 buy
1786287182692 9107888 224.81 0.05 sell
1786287230484 9107889 224.81 0.16 sell
1786287303360 9107891 224.81 0.05 sell
1786287311938 9107893 224.81 0.03 sell
1786287338052 9107895 224.81 0.22 buy
1786287347347 9107901 224.8 10.81 sell
1786287347347 9107904 224.79 9.25 sell
1786287347347 9107906 224.78 8.98 sell
1786287347354 9107907 224.77 0.01 sell
1786287420563 9107908 224.78 0.16 sell
1786287423006 9107909 224.78 0.05 sell
1786287485108 9107910 224.78 0.05 sell
1786287520541 9107911 224.78 0.16 sell
1786287573982 9107912 224.8 1.26 sell
1786287583964 9107915 224.81 0.12 buy
1786287643563 9107916 224.81 0.12 buy
1786287656351 9107917 224.81 0.09 buy
1786287662983 9107918 224.8 0.05 sell
1786287710130 9107919 224.81 0.12 buy
1786287810985 9107935 224.81 2.76 buy
1786287838449 9107937 224.82 0.12 buy
1786287874971 9107940 224.82 0.09 buy
1786287908054 9107942 224.84 0.05 buy
1786287962830 9107944 224.84 0.05 sell
1786287988715 9107945 224.84 0.08 sell
1786288004200 9107946 224.84 0.09 sell
1786288004200 9107947 224.84 0.04 sell
1786288004200 9107948 224.84 0.02 sell
1786288004200 9107949 224.84 0.02 sell
1786288004200 9107950 224.84 0.02 sell
1786288030509 9107954 224.84 0.8 sell
1786288098508 9107962 224.85 3.27 buy
1786288184008 9107963 224.84 0.16 sell
1786288202643 9107964 224.84 0.05 sell
1786288215586 9107965 224.85 2.42 buy
1786288230450 9107967 224.84 0.16 sell
1786288230458 9107968 224.84 0.16 sell
1786288281928 9107971 224.85 0.05 buy
1786288388224 9107972 224.84 0.05 sell
1786288430312 9107973 224.85 0.12 buy
1786288489646 9107974 224.85 0.1 buy
1786288510521 9107975 224.84 0.16 sell
1786288562597 9107976 224.84 0.06 sell
1786288562598 9107982 224.84 105 sell
1786288562601 9107987 224.84 1 sell
1786288630592 9107989 224.81 0.16 sell
1786288689495 9107992 224.81 1.93 sell
1786288689495 9107994 224.8 0.59 sell
1786288720555 9107995 224.81 0.16 sell
1786288762409 9107998 224.82 0.12 buy
1786288780386 9107999 224.81 0.16 sell
1786288795221 9108001 224.82 0.12 buy
1786288817899 9108002 224.81 0.12 sell
1786288850422 9108003 224.81 0.16 sell
1786288862561 9108004 224.81 0.06 sell
1786288924783 9108005 224.81 0.05 sell
1786289031112 9108010 224.81 1.27 sell
1786289068954 9108012 224.79 0.02 sell
1786289100178 9108020 224.79 0.89 buy
1786289100382 9108028 224.8 0.9 buy
1786289100383 9108029 224.81 1.58 buy
1786289100383 9108030 224.81 0.9 buy
1786289100577 9108038 224.82 0.32 buy
1786289100578 9108039 224.84 0.02 buy
1786289105567 9108040 224.85 0.02 sell
1786289162730 9108041 224.82 0.05 sell
1786289162846 9108042 224.82 0.05 sell
1786289163029 9108043 224.82 0.01 sell
1786289187282 9108044 224.82 0.01 sell
1786289229219 9108046 224.82 0.08 sell
1786289229219 9108047 224.81 0.14 sell
1786289270358 9108048 224.81 0.16 sell
1786289282518 9108049 224.81 0.05 sell
1786289339285 9108051 224.82 0.21 buy
1786289339286 9108053 224.83 0.02 buy
1786289396832 9108054 224.88 0.12 buy
1786289409319 9108055 224.87 0.44 sell
1786289417509 9108056 224.88 0.03 buy
1786289434328 9108057 224.88 12.18 buy
1786289436231 9108058 224.88 0.12 buy
1786289466282 9108059 224.88 2.69 buy
1786289466283 9108060 224.88 11.53 buy
1786289466290 9108061 224.88 4.41 buy
1786289466292 9108066 224.88 7.46 buy
1786289466292 9108073 224.9 1.26 buy
1786289466292 9108077 224.91 0.17 buy
1786289466292 9108078 224.91 0.01 buy
1786289466292 9108080 224.92 2.71 buy
1786289466292 9108083 224.93 0.05 buy
1786289466292 9108089 224.94 6.12 buy
1786289466293 9108090 224.91 0.01 buy
1786289466349 9108094 224.95 0.17 buy
1786289466390 9108099 224.95 7.88 buy
1786289466393 9108100 224.95 0.81 buy
1786289466393 9108103 224.95 3.88 buy
1786289466393 9108107 224.96 3.95 buy
1786289466399 9108114 224.97 7.83 buy
1786289466400 9108116 224.97 0.03 buy
1786289466450 9108119 224.98 0.07 buy
1786289466450 9108123 224.99 7.75 buy
1786289466467 9108124 224.98 4.8 buy
1786289466467 9108126 224.99 3.1 buy
1786289466484 9108127 224.98 0.19 sell
1786289466494 9108128 224.98 0.01 sell
1786289466497 9108129 224.98 0.01 sell
1786289473928 9108130 224.99 0.12 buy
1786289522965 9108133 224.98 0.05 sell
1786289541797 9108134 224.98 0.12 sell
1786289565796 9108135 224.98 0.44 sell
1786289630347 9108136 224.98 0.16 sell
1786289644354 9108137 224.98 0.05 sell
1786289799253 9108138 224.98 0.04 sell
1786289799253 9108139 224.98 0.02 sell
1786289799253 9108140 224.98 0.01 sell
1786289799253 9108141 224.98 0.01 sell
1786289799253 9108142 224.98 0.01 sell
1786289824304 9108143 224.98 0.05 sell
1786289824306 9108154 224.98 108.22 sell
1786289824913 9108155 224.98 0.04 sell
1786289838198 9108156 224.99 0.04 buy
1786289874941 9108159 224.99 0.12 buy
1786289884244 9108160 224.98 0.05 sell
1786289890441 9108161 224.98 0.16 sell
1786290025592 9108164 224.98 66.63 sell
1786290035813 9108165 224.98 0.01 sell
1786290042333 9108166 224.98 0.01 sell
1786290045124 9108167 224.98 0.01 sell
1786290047203 9108168 224.98 0.01 sell
1786290047204 9108173 224.98 40 sell
1786290047209 9108174 224.96 0.03 sell
1786290047327 9108175 224.96 0.02 buy
1786290063386 9108177 224.96 0.05 sell
1786290070408 9108178 224.96 0.16 sell
1786290100479 9108179 224.96 0.16 sell
1786290110570 9108180 224.96 0.16 sell
1786290244878 9108181 224.96 0.05 sell
1786290290297 9108188 224.97 0.57 buy
1786290290297 9108190 224.98 0.89 buy
1786290290297 9108192 224.99 0.03 buy
1786290290297 9108194 225 3.55 buy
1786290290303 9108195 224.97 0.01 sell
1786290290303 9108196 224.97 0.43 sell
1786290290303 9108202 224.96 8.7 sell
1786290290303 9108205 224.95 51.41 sell
1786290363856 9108206 224.96 0.05 sell
1786290370582 9108208 224.96 0.16 sell
1786290400408 9108209 224.96 0.16 sell
1786290483588 9108210 224.96 0.05 sell
1786290486663 9108220 224.96 8.82 sell
1786290507266 9108221 224.96 0.12 buy
1786290520417 9108222 224.95 0.16 sell
1786290547299 9108224 224.95 0.5 sell
1786290663813 9108225 224.95 0.05 sell
1786290723594 9108226 224.95 0.05 sell
1786290807533 9108227 224.96 0.12 buy
1786290830427 9108228 224.95 0.16 sell
1786290837093 9108229 224.96 0.12 buy
1786290882207 9108230 224.95 0.01 sell
1786290903022 9108231 224.95 0.12 sell
1786290960749 9108234 224.95 0.16 sell
1786291024994 9108235 224.95 0.05 sell
1786291025856 9108239 224.95 0.44 sell
1786291111955 9108240 224.96 0.01 buy
1786291140725 9108241 224.95 0.16 sell
1786291144465 9108242 224.95 0.05 sell
1786291205079 9108243 224.96 0.67 buy
1786291210423 9108251 224.95 2.91 sell
1786291210423 9108252 224.94 2.07 sell
1786291218080 9108253 224.95 0.01 sell
1786291239193 9108254 224.96 1 buy
1786291272812 9108255 224.96 0.7 buy
1786291342907 9108256 224.96 0.12 buy
1786291382050 9108261 224.95 0.42 sell
1786291382050 9108263 224.94 0.28 sell
1786291384256 9108264 224.94 0.06 sell
1786291485692 9108265 224.96 2.22 buy
1786291504457 9108266 224.95 0.05 sell
1786291505105 9108267 224.96 3.63 buy
1786291530460 9108268 224.95 0.16 sell
1786291538019 9108272 224.95 2.07 sell
1786291556811 9108273 224.96 0.12 buy
1786291623930 9108274 224.95 0.05 sell
1786291744376 9108275 224.95 0.06 sell
1786291771965 9108276 224.96 0.12 buy
1786291818401 9108277 224.95 0.04 sell
1786291841132 9108278 224.95 0.04 sell
1786291844605 9108279 224.96 1.6 buy
1786291844662 9108280 224.96 0.02 buy
1786291844662 9108281 224.96 0.02 buy
1786291844662 9108282 224.96 0.02 buy
1786291844662 9108283 224.96 0.02 buy
1786291844662 9108284 224.96 0.02 buy
1786291844662 9108285 224.96 0.02 buy
1786291844662 9108286 224.96 0.02 buy
1786291844662 9108287 224.96 0.02 buy
1786291844662 9108288 224.96 0.02 buy
1786291844662 9108289 224.96 0.02 buy
1786291844662 9108290 224.96 0.02 buy
1786291844662 9108291 224.96 0.02 buy
1786291844662 9108292 224.96 0.02 buy
1786291844662 9108293 224.96 0.02 buy
1786291844662 9108294 224.96 0.02 buy
1786291844662 9108295 224.96 0.02 buy
1786291844662 9108296 224.96 0.02 buy
1786291844662 9108297 224.96 0.02 buy
1786291844662 9108298 224.96 0.02 buy
1786291868659 9108299 224.95 0.08 sell
1786291924441 9108301 224.95 0.05 sell
1786291945829 9108302 224.96 0.12 buy
1786291950432 9108303 224.95 0.16 sell
1786291983805 9108304 224.95 0.05 sell
1786292075982 9108312 224.96 0.24 buy
1786292075982 9108314 224.97 0.18 buy
1786292075982 9108316 224.98 1.27 buy
1786292076089 9108317 224.96 0.03 buy
1786292078139 9108320 224.98 1.93 buy
1786292078139 9108322 224.99 3.49 buy
1786292078139 9108325 225 7.99 buy
1786292078239 9108326 224.99 0.09 sell
1786292109601 9108327 224.97 0.26 sell
1786292121423 9108328 224.98 0.12 buy
1786292163119 9108329 224.97 0.05 sell
1786292214909 9108330 224.98 0.12 buy
1786292230382 9108331 224.97 0.16 sell
1786292258442 9108332 224.98 0.11 buy
1786292311450 9108333 224.98 0.12 buy
1786292319388 9108334 224.98 0.12 buy
1786292342542 9108335 224.98 0.12 buy
1786292363670 9108337 224.97 0.12 sell
1786292404453 9108338 224.97 0.06 sell
1786292463672 9108340 224.97 0.05 sell
1786292802418 9108349 224.94 0.12 sell
1786292876871 9108352 224.94 0.44 sell
1786292983181 9108353 224.94 0.12 sell
1786293060832 9108354 224.94 0.11 sell
1786293060927 9108355 224.94 0.31 sell
1786293192693 9108356 224.94 0.04 sell
1786293196652 9108357 224.95 0.12 buy
1786293250553 9108358 224.94 0.16 sell
1786293320462 9108360 224.94 0.16 sell
1786293345511 9108361 224.95 0.12 buy
1786293375599 9108366 224.95 2.49 buy
1786293375599 9108367 224.97 2.1 buy
1786293375599 9108372 224.98 0.49 buy
1786293375599 9108373 224.99 1.16 buy
1786293375599 9108390 225 55.73 buy
1786293375601 9108396 225.01 0.06 buy
1786293375604 9108398 225.02 0.05 buy
1786293375605 9108402 225.03 0.19 buy
1786293375605 9108404 225.04 0.21 buy
1786293375622 9108405 225.04 0.28 buy
1786293375622 9108412 225.05 0.23 buy
1786293375623 9108413 225.03 0.02 sell
1786293375628 9108414 225.03 0.02 sell
1786293375679 9108415 225.03 0.01 sell
1786293375681 9108416 225.03 0.01 sell
1786293375681 9108417 225.05 0.01 sell
1786293375683 9108418 225.05 0.01 sell
1786293375684 9108419 225.05 0.01 sell
1786293375684 9108420 225.05 0.01 sell
1786293375718 9108421 225.05 0.02 sell
1786293376688 9108422 225.05 0.13 sell
1786293377197 9108425 225.06 0.11 buy
1786293377424 9108426 225.06 0.05 buy
1786293377430 9108427 225.05 0.22 sell
1786293377561 9108428 225.06 0.02 buy
1786293380887 9108429 225.06 0.11 sell
1786293381160 9108430 225.06 0.02 sell
1786293382463 9108433 225.07 0.19 buy
1786293382467 9108434 225.07 0.11 sell
1786293382827 9108435 225.07 0.2 sell
1786293383048 9108440 225.08 1 buy
1786293383050 9108441 225.08 0.21 buy
1786293384304 9108442 225.09 0.05 buy
1786293384365 9108443 225.08 0.05 sell
1786293388099 9108444 225.08 0.05 sell
1786293400508 9108445 225.08 0.16 sell
1786293400817 9108446 225.09 0.26 buy
1786293407396 9108449 225.09 0.86 buy
1786293422949 9108450 225.09 0.06 sell
1786293423792 9108451 225.09 0.05 sell
1786293430390 9108452 225.09 0.16 sell
1786293436158 9108462 225.1 12.18 buy
1786293436254 9108463 225.11 0.01 buy
1786293436270 9108464 225.11 0.01 buy
1786293436721 9108471 225.1 3.04 sell
1786293441903 9108472 225.11 0.12 buy
1786293452375 9108474 225.11 0.13 buy
1786293453844 9108480 225.1 4.05 sell
1786293463956 9108482 225.1 0.19 buy
1786293463956 9108484 225.11 0.24 buy
1786293463956 9108490 225.12 4 buy
1786293474029 9108494 225.09 4.41 sell
1786293490432 9108495 225.09 0.16 sell
1786293496745 9108497 225.09 0.09 sell
1786293505898 9108498 225.08 0.03 sell
1786293534439 9108499 225.09 0.01 buy
1786293537911 9108500 225.08 0.01 sell
1786293550379 9108501 225.08 0.04 sell
1786293550379 9108503 225.06 0.12 sell
1786293561764 9108504 225.06 0.01 sell
1786293565602 9108505 225.06 0.01 sell
1786293569812 9108506 225.06 0.02 sell
1786293578887 9108507 225.06 0.01 sell
1786293584040 9108508 225.06 0.05 sell
1786293585013 9108509 225.07 0.12 buy
1786293596783 9108510 225.06 0.12 buy
1786293596909 9108511 225.05 0.01 sell
1786293600228 9108512 225.06 0.06 buy
1786293604056 9108513 225.05 0.01 sell
1786293604392 9108514 225.05 0.05 sell
1786293605183 9108515 225.05 0.05 sell
1786293650082 9108517 225.05 0.08 sell
1786293650082 9108519 225.04 1.02 sell
1786293650082 9108521 225.03 6.45 sell
1786293759780 9108522 225.03 0.12 sell
1786293803368 9108523 225.03 0.01 sell
1786293903759 9108524 225.01 0.05 sell
1786293982905 9108525 225.01 0.12 sell
1786294027530 9108526 225.02 0.01 buy
1786294030423 9108527 225.01 0.16 sell
1786294065119 9108528 225.01 0.01 sell
1786294144395 9108529 225.01 0.05 sell
1786294382788 9108530 225.01 0.05 sell
1786294435630 9108531 225.02 0.12 buy
1786294436568 9108533 225.02 0.12 buy
1786294502357 9108534 225.01 0.05 sell
1786294543045 9108536 225.02 0.81 buy
1786294579881 9108538 225.04 0.12 buy
1786294622636 9108539 225.03 0.05 sell
1786294734581 9108545 225.04 0.62 buy
1786294740608 9108546 225.03 0.16 sell
1786294804239 9108548 225.06 0.12 buy
1786294833870 9108550 225.06 0.12 buy
1786294863297 9108551 225.05 0.05 sell
1786294866412 9108552 225.05 0.02 sell
1786294961059 9108560 225.06 0.15 buy
1786294976112 9108561 225.06 0.02 buy
1786295003206 9108562 225.05 0.37 sell
1786295003206 9108563 225.05 0.18 sell
1786295003206 9108564 225.05 0.09 sell
1786295003206 9108565 225.05 0.09 sell
1786295003206 9108566 225.05 0.09 sell
1786295043321 9108567 225.06 0.02 buy
1786295043321 9108568 225.08 0.02 buy
1786295043321 9108569 225.09 0.08 buy
1786295081212 9108570 225.05 0.09 sell
1786295081212 9108571 225.05 0.04 sell
1786295081212 9108572 225.05 0.02 sell
1786295081212 9108573 225.05 0.02 sell
1786295081212 9108575 225.05 0.02 sell
1786295089958 9108577 225.08 4.62 buy
1786295102575 9108578 225.09 0.12 buy
1786295209646 9108579 225.08 0.04 buy
1786295209646 9108580 225.09 0.33 buy
1786295209646 9108581 225.09 0.18 buy
1786295209646 9108582 225.09 0.09 buy
1786295209646 9108583 225.09 0.09 buy
1786295209646 9108584 225.09 0.09 buy
1786295214493 9108585 225.09 0.12 buy
1786295282544 9108586 225.07 0.05 sell
1786295352532 9108587 225.07 0.12 sell
1786295372112 9108589 225.07 0.02 sell
1786295407525 9108590 225.08 0.01 buy
1786295407535 9108594 225.08 1.86 sell
1786295414791 9108595 225.08 0.75 buy
1786295414795 9108596 225.08 0.58 sell
1786295445237 9108597 225.08 0.04 buy
1786295454231 9108598 225.07 4.47 sell
1786295454335 9108602 225.07 4.47 sell
1786295454336 9108604 225.07 37 sell
1786295454483 9108605 225.07 4.47 sell
1786295507767 9108606 225.07 0.34 sell
1786295507767 9108609 225.04 0.9 sell
1786295507767 9108610 225.03 2.16 sell
1786295538385 9108613 225.05 0.03 buy
1786295538385 9108614 225.07 0.13 buy
1786295538385 9108620 225.08 1.78 buy
1786295569690 9108621 225.07 0.12 buy
1786295591808 9108624 225.06 0.12 sell
1786295626450 9108625 225.08 0.05 buy
1786295626463 9108626 225.09 4.54 buy
1786295626464 9108627 225.09 1.43 buy
1786295626464 9108628 225.09 3.7 buy
1786295626483 9108631 225.13 0.12 buy
1786295626483 9108633 225.14 0.05 buy
1786295626483 9108637 225.15 1.01 buy
1786295626483 9108640 225.16 0.09 buy
1786295626483 9108644 225.17 0.19 buy
1786295626483 9108649 225.18 0.65 buy
1786295626485 9108650 225.19 0.33 buy
1786295626485 9108662 225.2 0.77 buy
1786295626485 9108664 225.21 0.05 buy
1786295626485 9108671 225.22 4.21 buy
1786295626486 9108672 225.22 19.95 buy
1786295626487 9108676 225.23 0.04 buy
1786295626487 9108682 225.23 0.35 buy
1786295626489 9108684 225.23 0.67 buy
1786295626489 9108687 225.24 0.1 buy
1786295626489 9108693 225.25 0.14 buy
1786295626489 9108700 225.26 4.92 buy
1786295626489 9108704 225.27 3.22 buy
1786295626489 9108706 225.27 2 buy
1786295626489 9108712 225.28 4.22 buy
1786295626489 9108718 225.29 12.28 buy
1786295626489 9108723 225.3 7.2 buy
1786295626491 9108725 225.29 1.35 sell
1786295626492 9108726 225.29 1.09 sell
1786295626496 9108727 225.23 0.2 sell
1786295626516 9108728 225.27 0.2 sell
1786295626526 9108729 225.27 0.2 sell
1786295626536 9108730 225.27 0.21 sell
1786295626574 9108731 225.23 0.02 sell
1786295626582 9108733 225.23 0.2 sell
1786295626583 9108734 225.24 0.85 buy
1786295626596 9108735 225.23 0.01 sell
1786295626600 9108736 225.23 0.01 sell
1786295626655 9108737 225.24 0.06 buy
1786295626656 9108738 225.23 0.04 buy
1786295626656 9108739 225.23 0.08 buy
1786295628454 9108740 225.22 0.02 sell
1786295630167 9108741 225.25 0.44 buy
1786295635239 9108742 225.26 0.01 sell
1786295636772 9108743 225.27 0.23 buy
1786295638898 9108744 225.26 0.2 sell
1786295638919 9108745 225.26 0.01 sell
1786295643116 9108746 225.25 0.05 sell
1786295646840 9108747 225.26 0.05 buy
1786295646840 9108748 225.27 0.16 buy
1786295646913 9108749 225.25 0.03 sell
1786295648857 9108750 225.26 0.03 buy
1786295648857 9108751 225.28 1.83 buy
1786295649278 9108752 225.26 0.07 sell
1786295649655 9108753 225.21 0.01 sell
1786295652826 9108754 225.24 4.62 buy
1786295652826 9108755 225.26 2.02 buy
1786295652828 9108757 225.26 0.03 buy
1786295653155 9108760 225.22 4.7 sell
1786295654522 9108761 225.23 0.04 sell
1786295660578 9108762 225.24 0.02 buy
1786295660578 9108763 225.25 0.02 buy
1786295664431 9108764 225.22 0.02 sell
1786295695075 9108766 225.2 4.48 sell
1786295698419 9108767 225.2 0.01 sell
1786295707567 9108769 225.2 0.69 buy
1786295763640 9108770 225.19 0.05 sell
1786295839490 9108774 225.19 1.34 sell
1786295839496 9108776 225.17 0.05 sell
1786295867914 9108779 225.2 0.11 buy
1786295867914 9108780 225.22 0.01 buy
1786295876073 9108781 225.22 0.12 buy
1786295906572 9108782 225.18 0.12 sell
1786295927802 9108783 225.2 0.12 sell
1786295949969 9108784 225.2 0.09 sell
1786295954161 9108786 225.19 0.04 sell
1786295991596 9108787 225.18 0.12 buy
1786296020438 9108788 225.17 0.16 sell
1786296110596 9108789 225.18 0.12 buy
1786296138484 9108793 225.17 4.61 sell
1786296138485 9108794 225.17 0.19 sell
1786296138487 9108796 225.15 0.05 sell
1786296180703 9108797 225.14 0.16 sell
1786296206230 9108801 225.15 0.06 buy
1786296239134 9108803 225.18 0.89 buy
1786296242691 9108804 225.15 0.06 sell
1786296250524 9108805 225.17 0.16 sell
1786296280761 9108806 225.17 0.19 sell
1786296362733 9108807 225.17 0.05 sell
1786296383927 9108813 225.17 3.4 sell
1786296383927 9108814 225.16 0.21 sell
1786296393321 9108816 225.18 0.03 buy
1786296526095 9108817 225.2 0.12 buy
1786296662405 9108818 225.19 0.05 sell
1786296663052 9108819 225.19 0.02 sell
1786296663052 9108820 225.19 0.01 sell
1786296663153 9108821 225.2 0.04 buy
1786296663153 9108822 225.2 0.04 buy
1786296664818 9108823 225.19 0.05 sell
1786296669006 9108827 225.19 1.06 sell
1786296673118 9108828 225.18 0.01 buy
1786296689832 9108834 225.18 2.65 sell
1786296720949 9108835 225.18 0.01 buy
1786296722876 9108836 225.17 0.05 sell
1786296780701 9108837 225.17 0.16 sell
1786296826637 9108842 225.18 0.07 buy
1786296942241 9108843 225.2 0.01 buy
1786296942241 9108845 225.22 0.07 buy
1786297032485 9108847 225.21 3.42 buy
1786297032485 9108850 225.22 6.56 buy
1786297032485 9108853 225.24 6.27 buy
1786297032485 9108858 225.25 14.66 buy
1786297032485 9108863 225.26 9.81 buy
1786297032485 9108866 225.27 3.41 buy
1786297032485 9108871 225.28 5.38 buy
1786297032485 9108874 225.29 13.62 buy
1786297032485 9108879 225.3 19.65 buy
1786297032485 9108883 225.31 4.42 buy
1786297032485 9108890 225.32 3.66 buy
1786297032485 9108904 225.33 16 buy
1786297032485 9108911 225.34 4.14 buy
1786297032495 9108912 225.27 0.72 sell
1786297032495 9108913 225.26 3.6 sell
1786297032589 9108914 225.25 0.01 sell
1786297032589 9108915 225.28 0.84 buy
1786297032592 9108916 225.25 0.01 sell
1786297032652 9108917 225.27 0.06 buy
1786297033112 9108918 225.26 0.02 sell
1786297033171 9108922 225.26 0.79 sell
1786297037353 9108924 225.26 5.32 buy
1786297037353 9108925 225.27 1 buy
1786297037353 9108931 225.28 7.1 buy
1786297037353 9108935 225.29 10 buy
1786297037353 9108938 225.3 2.84 buy
1786297037353 9108940 225.31 6.11 buy
1786297037353 9108944 225.32 10.63 buy
1786297037365 9108945 225.27 4.37 sell
1786297037365 9108946 225.26 0.18 sell
1786297051062 9108950 225.25 5.48 sell
1786297055109 9108951 225.24 0.02 buy
1786297080911 9108952 225.25 0.03 buy
1786297084037 9108953 225.26 0.08 buy
1786297084037 9108956 225.27 6.81 buy
1786297084037 9108961 225.28 6.16 buy
1786297084037 9108965 225.29 8.42 buy
1786297084037 9108969 225.3 8.11 buy
1786297084038 9108970 225.3 125.23 sell
1786297084045 9108971 225.28 4.42 buy
1786297084045 9108973 225.3 5.42 buy
1786297084045 9108978 225.31 6.14 buy
1786297084045 9108980 225.32 53.36 buy
1786297084045 9108983 225.33 30.66 buy
1786297084055 9108984 225.27 1.08 sell
1786297084913 9108985 225.25 0.13 sell
1786297085913 9108986 225.25 0.13 sell
1786297088909 9108987 225.25 0.13 sell
1786297148979 9108991 225.25 1.84 buy
1786297148981 9108992 225.28 0.05 buy
1786297149301 9108993 225.31 0.01 buy
1786297150206 9108994 225.3 0.17 buy
1786297154144 9108996 225.29 0.17 sell
1786297156416 9108997 225.29 1.28 sell
1786297160511 9109000 225.3 1.64 buy
1786297162527 9109002 225.29 0.09 sell
1786297200824 9109004 225.27 0.02 buy
1786297200835 9109006 225.27 1.71 sell
1786297201341 9109007 225.27 0.01 buy
1786297202405 9109008 225.26 0.05 sell
1786297214142 9109010 225.26 0.37 sell
1786297214154 9109011 225.25 0.07 sell
1786297216443 9109013 225.24 0.03 buy
1786297291206 9109014 225.24 0.12 sell
1786297292294 9109015 225.25 1.37 buy
1786297350400 9109016 225.25 0.54 buy
1786297356276 9109017 225.24 1.16 sell
1786297370527 9109018 225.22 0.01 buy
1786297377244 9109019 225.22 0.02 sell
1786297442713 9109021 225.21 0.05 sell
1786297458094 9109022 225.21 0.67 sell
1786297478049 9109023 225.2 0.23 sell
1786297609112 9109024 225.21 0.04 buy
1786297610356 9109025 225.21 0.12 buy
1786297611109 9109027 225.21 0.04 buy
1786297611114 9109029 225.21 0.08 buy
1786297614110 9109030 225.23 0.04 buy
1786297616491 9109031 225.23 0.89 sell
1786297619659 9109032 225.24 0.89 sell
1786297622469 9109033 225.24 0.05 sell
1786297622690 9109034 225.24 0.89 sell
1786297625800 9109035 225.24 0.89 sell
1786297629914 9109036 225.24 0.89 sell
1786297633157 9109037 225.24 0.27 sell
1786297633157 9109038 225.23 0.06 sell
1786297633157 9109040 225.22 0.56 sell
1786297645490 9109041 225.24 0.56 sell
1786297648785 9109043 225.24 0.79 sell
1786297651285 9109044 225.24 0.03 sell
1786297652897 9109046 225.24 0.89 sell
1786297654109 9109047 225.24 0.02 sell
1786297654110 9109048 225.24 0.05 sell
1786297657109 9109050 225.24 0.04 sell
1786297657715 9109051 225.24 0.89 sell
1786297679109 9109052 225.23 0.04 sell
1786297680109 9109053 225.23 0.02 sell
1786297686104 9109054 225.25 0.08 buy
1786297687012 9109056 225.25 0.89 sell
1786297689842 9109058 225.25 0.89 sell
1786297693712 9109059 225.25 0.86 sell
1786297705140 9109060 225.24 0.7 sell
1786297750558 9109061 225.25 0.02 sell
1786297760364 9109062 225.25 0.02 buy
1786297761071 9109064 225.25 0.89 sell
1786297767357 9109065 225.25 0.01 sell
1786297768062 9109066 225.22 0.8 sell
1786297772842 9109067 225.25 0.79 sell
1786297772842 9109068 225.23 0.1 sell
1786297776029 9109069 225.24 0.79 sell
1786297790595 9109071 225.24 0.89 sell
1786297792109 9109072 225.24 0.04 sell
1786297795298 9109074 225.24 0.89 sell
1786297798239 9109075 225.24 0.89 sell
1786297800112 9109076 225.24 0.04 sell
1786297801739 9109079 225.24 0.89 sell
1786297801745 9109080 225.24 0.04 sell
1786297802113 9109082 225.23 0.04 buy
1786297803112 9109083 225.23 0.04 sell
1786297804099 9109084 225.23 0.05 sell
1786297804109 9109085 225.23 0.04 sell
1786297805110 9109086 225.23 0.04 sell
1786297815285 9109087 225.25 0.01 buy
1786297815285 9109088 225.26 0.11 buy
1786297816014 9109089 225.25 0.79 sell
1786297816109 9109090 225.26 0.04 buy
1786297834487 9109091 225.24 0.79 sell
1786297836113 9109092 225.23 0.04 sell
1786297837110 9109093 225.23 0.04 sell
1786297837111 9109095 225.23 53 sell
1786297839112 9109096 225.23 0.04 sell
1786297840112 9109097 225.23 0.04 sell
1786297862113 9109098 225.26 0.04 buy
1786297865112 9109099 225.26 0.04 buy
1786297866112 9109100 225.26 0.04 buy
1786297867113 9109101 225.26 0.04 buy
1786297868112 9109102 225.26 0.04 buy
1786297869112 9109103 225.26 0.04 buy
1786297870109 9109104 225.26 0.04 buy
1786297915276 9109106 225.25 0.86 sell
1786297915276 9109108 225.23 2.48 sell
1786297922673 9109109 225.23 0.05 sell
1786297923721 9109110 225.23 0.05 sell
1786297933112 9109111 225.23 0.04 sell
1786297934109 9109112 225.23 0.04 sell
1786297935110 9109113 225.23 0.04 sell
1786297937113 9109114 225.23 0.04 sell
1786297938109 9109115 225.23 0.04 sell
1786297938110 9109116 225.23 51 sell
1786297939109 9109117 225.26 0.04 buy
1786297945112 9109119 225.23 0.04 sell
1786297946113 9109120 225.23 0.04 sell
1786297947110 9109121 225.23 0.04 sell
1786297948109 9109122 225.23 0.04 sell
1786297949109 9109123 225.23 0.04 sell
1786297950110 9109124 225.23 0.04 sell
1786297951112 9109125 225.23 0.04 sell
1786297960575 9109127 225.24 0.04 buy
1786297964109 9109128 225.22 0.04 sell
1786297967110 9109129 225.22 0.04 sell
1786297968113 9109130 225.22 0.04 sell
1786297969110 9109131 225.22 0.04 sell
1786297970110 9109132 225.22 0.04 sell
1786297971109 9109133 225.22 0.04 sell
1786297972110 9109134 225.22 0.04 sell
1786297973113 9109135 225.22 0.04 sell
1786297974112 9109136 225.22 0.04 sell
1786297975110 9109137 225.22 0.04 sell
1786297976109 9109138 225.22 0.04 sell
1786297977111 9109139 225.22 0.04 sell
1786297978109 9109140 225.22 0.04 sell
1786297979113 9109141 225.22 0.04 sell
1786297980112 9109142 225.22 0.04 sell
1786297980113 9109145 225.22 114 sell
1786297981113 9109146 225.22 0.05 buy
1786298041028 9109147 225.18 0.02 sell
1786298043333 9109149 225.17 0.12 sell
1786298043335 9109151 225.15 0.08 sell
1786298048519 9109153 225.15 0.12 buy
1786298083112 9109154 225.16 0.05 buy
1786298102400 9109158 225.14 0.05 sell
1786298130237 9109161 225.14 1 sell
1786298136114 9109162 225.16 0.05 buy
1786298137109 9109163 225.15 0.05 buy
1786298145133 9109165 225.16 0.24 buy
1786298145133 9109166 225.17 0.76 buy
1786298167112 9109167 225.18 0.05 buy
1786298170109 9109168 225.18 0.05 buy
1786298191112 9109169 225.18 0.05 buy
1786298198112 9109170 225.17 0.05 buy
1786298219117 9109171 225.16 0.12 sell
1786298227113 9109172 225.18 0.05 buy
1786298227130 9109173 225.18 0.06 buy
1786298231109 9109174 225.19 0.05 buy
1786298234112 9109175 225.19 0.05 buy
1786298236109 9109176 225.19 0.05 buy
1786298239113 9109177 225.2 0.05 buy
1786298247112 9109178 225.2 0.05 buy
1786298257112 9109179 225.18 0.05 sell
1786298258113 9109180 225.18 0.05 sell
1786298259110 9109181 225.18 0.05 sell
1786298260113 9109182 225.18 0.05 sell
1786298261109 9109183 225.18 0.05 sell
1786298261509 9109185 225.18 0.8 sell
1786298283109 9109186 225.17 0.05 buy
1786298286112 9109187 225.17 0.05 buy
1786298296112 9109188 225.17 0.05 buy
1786298309696 9109193 225.16 1 sell
1786298313090 9109196 225.16 0.09 sell
1786298314112 9109197 225.16 0.05 buy
1786298318113 9109198 225.16 0.05 buy
1786298321112 9109199 225.16 0.05 buy
1786298324109 9109200 225.16 0.05 buy
1786298327113 9109201 225.16 0.05 buy
1786298330113 9109202 225.16 0.05 buy
1786298334109 9109203 225.16 0.05 buy
1786298338112 9109204 225.16 0.05 buy
1786298342692 9109205 225.14 0.05 sell
1786298350112 9109206 225.16 0.04 buy
1786298461321 9109207 225.16 0.11 sell
1786298461430 9109208 225.16 0.31 sell
1786298462453 9109209 225.17 0.04 buy
1786298462453 9109210 225.17 0.04 buy
1786298500550 9109211 225.16 0.16 sell
1786298528381 9109213 225.16 0.05 sell
1786298552320 9109218 225.17 0.15 buy
1786298552320 9109219 225.18 0.02 buy
1786298552320 9109220 225.19 0.13 buy
1786298559722 9109221 225.17 0.01 sell
1786298686672 9109222 225.17 0.12 buy
1786298689538 9109223 225.16 0.01 sell
1786298695797 9109227 225.17 5.21 buy
1786298695797 9109229 225.18 2.33 buy
1786298695797 9109231 225.19 5.54 buy
1786298695797 9109234 225.2 6.93 buy
1786298695797 9109236 225.21 6.95 buy
1786298695804 9109237 225.19 4.59 sell
1786298695804 9109238 225.18 1.93 sell
1786298696213 9109239 225.18 2.7 sell
1786298696323 9109240 225.18 0.26 sell
1786298704029 9109241 225.15 0.05 sell
1786298740402 9109242 225.15 0.16 sell
1786298762639 9109243 225.15 0.06 sell
1786298798232 9109244 225.15 0.12 sell
1786298823053 9109245 225.15 0.05 sell
1786298883184 9109246 225.16 0.12 buy
1786298884432 9109247 225.15 0.05 sell
1786298885456 9109250 225.16 1.32 buy
1786298885456 9109253 225.18 6.93 buy
1786298885456 9109254 225.19 2.7 buy
1786298885456 9109256 225.2 0.77 buy
1786298886390 9109260 225.19 8.22 buy
1786298886390 9109261 225.2 0.57 buy
1786298886633 9109262 225.17 0.8 sell
1786298886743 9109263 225.17 0.17 sell
1786298887266 9109265 225.18 5.16 buy
1786298887266 9109269 225.19 2.01 buy
1786298887266 9109270 225.2 1.63 buy
1786298887273 9109271 225.17 3.78 sell
1786298887773 9109272 225.17 0.06 sell
1786298944383 9109273 225.16 0.03 sell
1786298944383 9109274 225.14 0.02 sell
1786298951137 9109275 225.16 0.02 sell
1786298951490 9109279 225.17 3.93 buy
1786298951490 9109282 225.18 3.17 buy
1786298951490 9109284 225.19 5.55 buy
1786298951490 9109287 225.2 3.47 buy
1786298960313 9109289 225.17 0.74 sell
1786298976251 9109290 225.17 0.02 buy
1786298976253 9109292 225.18 1.78 sell
1786299014473 9109293 225.17 1.07 sell
1786299014713 9109294 225.17 4.13 sell
1786299046033 9109295 225.17 4.78 sell
1786299082746 9109297 225.16 0.12 sell
1786299082748 9109298 225.14 0.05 sell
1786299083307 9109300 225.15 0.04 buy
1786299125885 9109302 225.13 4.44 sell
1786299126864 9109303 225.14 0.01 buy
1786299155109 9109304 225.16 0.04 buy
1786299185018 9109306 225.15 0.05 sell
1786299185093 9109307 225.15 0.05 sell
1786299301109 9109308 225.19 0.04 sell
1786299312113 9109310 225.19 0.03 sell
1786299313110 9109312 225.19 0.04 sell
1786299314113 9109314 225.19 0.04 sell
1786299315110 9109315 225.19 0.04 sell
1786299316112 9109316 225.19 0.04 sell
1786299317110 9109317 225.19 0.04 sell
1786299318109 9109318 225.19 0.04 sell
1786299319113 9109319 225.19 0.04 sell
1786299320112 9109320 225.19 0.04 sell
1786299321109 9109321 225.19 0.04 sell
1786299322112 9109322 225.19 0.04 sell
1786299323112 9109323 225.19 0.04 sell
1786299324112 9109324 225.19 0.04 sell
1786299325112 9109325 225.19 0.04 sell
1786299326109 9109326 225.19 0.01 sell
1786299327112 9109327 225.19 0.03 sell
1786299327112 9109328 225.17 0.01 sell
1786299354109 9109329 225.2 0.04 buy
1786299369110 9109330 225.2 0.04 buy
1786299372109 9109331 225.2 0.04 buy
1786299383112 9109333 225.2 0.04 buy
1786299383113 9109334 225.2 0.08 buy
1786299384109 9109335 225.21 0.04 buy
1786299394112 9109336 225.21 0.04 buy
1786299394124 9109337 225.21 0.09 buy
1786299397112 9109338 225.22 0.04 buy
1786299398112 9109339 225.22 0.04 buy
1786299400113 9109340 225.22 0.04 buy
1786299403109 9109341 225.22 0.04 buy
1786299405112 9109342 225.22 0.04 buy
1786299406112 9109343 225.22 0.04 buy
1786299409112 9109344 225.22 0.04 buy
1786299411109 9109346 225.22 0.02 buy
1786299411109 9109347 225.23 0.02 buy
1786299411113 9109350 225.23 3.45 buy
1786299411113 9109351 225.24 0.02 buy
1786299411113 9109354 225.25 2.22 buy
1786299411113 9109359 225.26 5.67 buy
1786299411113 9109362 225.27 5.56 buy
1786299411113 9109368 225.28 7.56 buy
1786299411113 9109371 225.29 13.86 buy
1786299411113 9109375 225.3 11.85 buy
1786299411113 9109378 225.31 66.41 buy
1786299411113 9109384 225.32 188.22 buy
1786299411113 9109388 225.33 20.74 buy
1786299411113 9109395 225.34 32.32 buy
1786299411113 9109404 225.35 37.28 buy
1786299411113 9109414 225.36 97.92 buy
1786299411113 9109422 225.37 6.92 buy
1786299411123 9109425 225.31 6.77 sell
1786299411123 9109427 225.3 4.46 sell
1786299412109 9109428 225.32 0.01 buy
1786299415113 9109430 225.32 0.03 buy
1786299415347 9109431 225.31 0.42 sell
1786299432319 9109432 225.31 0.38 sell
1786299436070 9109433 225.32 0.08 buy
1786299448294 9109436 225.32 4.2 buy
1786299448294 9109437 225.34 0.02 buy
1786299448294 9109439 225.35 2.89 buy
1786299448304 9109441 225.35 1.18 sell
1786299448304 9109442 225.34 0.01 sell
1786299586251 9109443 225.33 0.5 sell
1786299646192 9109444 225.34 0.12 buy
1786299649913 9109445 225.34 0.04 buy
1786299659909 9109446 225.34 0.04 buy
1786299664837 9109449 225.34 0.42 buy
1786299664843 9109451 225.35 4.7 sell
1786299664947 9109454 225.35 4.54 sell
1786299665053 9109456 225.35 1.83 sell
1786299665323 9109457 225.35 2.47 sell
1786299709763 9109458 225.36 0.02 buy
1786299709773 9109464 225.36 5.34 sell
1786299711298 9109468 225.36 0.29 buy
1786299711298 9109473 225.38 0.31 buy
1786299711298 9109479 225.39 2.36 buy
1786299711298 9109487 225.4 2.25 buy
1786299711298 9109491 225.41 0.8 buy
1786299711298 9109493 225.42 0.06 buy
1786299711298 9109494 225.43 1 buy
1786299711298 9109496 225.44 6.55 buy
1786299711299 9109500 225.45 1.1 buy
1786299711299 9109506 225.46 0.06 buy
1786299711299 9109512 225.47 0.19 buy
1786299711300 9109516 225.48 1.99 buy
1786299711300 9109526 225.5 0.32 buy
1786299711300 9109534 225.5 2.31 buy
1786299711301 9109536 225.5 7.88 buy
1786299711302 9109537 225.51 0.02 buy
1786299711303 9109539 225.51 0.45 sell
1786299711303 9109541 225.52 0.05 buy
1786299711303 9109544 225.53 0.74 buy
1786299711304 9109547 225.54 0.07 buy
1786299711304 9109552 225.55 2.89 buy
1786299711304 9109558 225.56 0.82 buy
1786299711305 9109563 225.57 7.82 buy
1786299711314 9109564 225.56 0.2 sell
1786299711467 9109565 225.52 0.02 buy
1786299711472 9109566 225.52 0.04 buy
1786299711473 9109567 225.52 0.64 buy
1786299712448 9109569 225.51 0.07 sell
1786299715383 9109571 225.51 0.5 sell
1786299715399 9109572 225.53 4.44 buy
1786299715399 9109574 225.54 0.2 buy
1786299717176 9109575 225.53 0.16 sell
1786299720833 9109576 225.53 0.01 sell
1786299722112 9109577 225.53 0.07 sell
1786299724258 9109582 225.54 13.04 buy
1786299724258 9109584 225.56 4.74 buy
1786299724258 9109587 225.57 6.36 buy
1786299724258 9109592 225.58 8.21 buy
1786299724258 9109605 225.59 17.65 buy
1786299724258 9109619 225.6 13.55 buy
1786299724416 9109620 225.57 2.05 buy
1786299724420 9109621 225.57 0.04 buy
1786299724508 9109622 225.56 0.4 sell
1786299725022 9109623 225.56 0.05 sell
1786299725209 9109624 225.56 0.05 sell
1786299725396 9109625 225.57 0.05 buy
1786299726209 9109626 225.57 0.44 buy
1786299727349 9109627 225.56 0.5 sell
1786299728794 9109628 225.55 0.05 sell
1786299730560 9109629 225.55 0.16 sell
1786299731778 9109630 225.58 0.02 buy
1786299732463 9109631 225.57 0.65 sell
1786299734542 9109632 225.56 0.5 sell
1786299735786 9109633 225.58 0.06 buy
1786299736015 9109634 225.57 0.22 sell
1786299737504 9109636 225.59 2.06 buy
1786299738964 9109637 225.59 0.05 buy
1786299742592 9109638 225.57 0.05 sell
1786299762232 9109639 225.58 0.02 buy
1786299762243 9109641 225.59 1.72 sell
1786299767188 9109643 225.57 4.7 sell
1786299768129 9109644 225.55 0.01 sell
1786299812153 9109645 225.56 0.01 sell
1786299814373 9109646 225.56 0.99 sell
1786299822516 9109647 225.55 3 sell
1786299843359 9109648 225.55 0.05 sell
1786299845574 9109649 225.55 3 sell
1786299847704 9109650 225.55 0.5 sell
1786299849332 9109652 225.55 1 sell
1786299849342 9109654 225.55 0.05 sell
1786299850113 9109655 225.56 0.07 buy
1786299853191 9109656 225.54 0.49 sell
1786299859700 9109657 225.54 0.5 sell
1786299863649 9109660 225.53 0.47 sell
1786299870114 9109661 225.56 0.02 buy
1786299870225 9109664 225.56 2.41 sell
1786299885237 9109665 225.56 3 sell
1786299900249 9109666 225.56 0.02 sell
1786299901013 9109667 225.57 0.05 buy
1786299906325 9109669 225.57 1.85 sell
1786299936270 9109673 225.58 2.83 buy
1786299936270 9109675 225.59 2.32 buy
1786299936270 9109678 225.6 5.73 buy
1786299936270 9109684 225.61 9.24 buy
1786299936270 9109689 225.62 2.2 buy
1786299936273 9109690 225.59 4.71 sell
1786299936273 9109691 225.58 0.32 sell
1786299936321 9109692 225.59 4.71 sell
1786299936379 9109693 225.6 0.13 buy
1786299939026 9109694 225.59 0.05 buy
1786299940579 9109695 225.58 0.05 sell
1786299948474 9109696 225.59 0.12 buy
1786299990594 9109697 225.58 0.16 sell
1786300017742 9109698 225.58 1 sell
1786300020508 9109699 225.58 0.4 sell
1786300021663 9109700 225.58 0.99 sell
1786300029839 9109702 225.59 2.4 buy
1786300029839 9109703 225.6 0.02 buy
1786300029839 9109704 225.61 1.92 buy
1786300065940 9109707 225.58 4.53 sell
1786300065942 9109708 225.58 0.01 sell
1786300083487 9109710 225.56 0.05 sell
1786300130492 9109711 225.57 0.01 buy
1786300130504 9109713 225.59 1.29 sell
1786300144431 9109715 225.57 0.04 sell
1786300144431 9109716 225.55 0.01 sell
1786300154979 9109718 225.56 0.67 sell
1786300158086 9109719 225.56 0.33 sell
1786300160312 9109720 225.57 0.02 sell
1786300191498 9109721 225.57 0.04 sell
1786300205918 9109722 225.55 0.05 sell
1786300206552 9109723 225.55 0.04 sell
1786300206552 9109724 225.55 0.03 sell
1786300289544 9109725 225.55 1.09 sell
1786300324431 9109726 225.55 0.05 sell
1786300346892 9109727 225.55 1 sell
1786300381070 9109729 225.56 0.04 buy
1786300384112 9109730 225.56 0.07 buy
1786300384221 9109731 225.55 0.05 sell
1786300387112 9109734 225.56 0.07 buy
1786300390109 9109735 225.56 0.02 buy
1786300390109 9109737 225.58 0.05 buy
1786300390110 9109738 225.58 0.1 buy
1786300395109 9109739 225.59 0.07 buy
1786300395120 9109740 225.6 0.02 buy
1786300395508 9109742 225.61 0.4 sell
1786300396509 9109743 225.61 0.4 sell
1786300397508 9109744 225.61 0.4 sell
1786300398509 9109745 225.61 0.4 sell
1786300399508 9109747 225.61 0.4 sell
1786300401109 9109748 225.61 0.02 sell
1786300419827 9109752 225.62 8.7 buy
1786300419827 9109756 225.63 0.82 buy
1786300419827 9109761 225.64 4.9 buy
1786300419827 9109766 225.65 5.44 buy
1786300419827 9109773 225.66 14.94 buy
1786300419827 9109777 225.67 8.16 buy
1786300419832 9109778 225.62 1.67 sell
1786300419833 9109780 225.62 4.06 sell
1786300419943 9109781 225.62 3.93 sell
1786300420002 9109782 225.63 0.15 buy
1786300421657 9109783 225.62 0.05 buy
1786300425104 9109786 225.61 0.05 sell
1786300457272 9109790 225.61 5.34 sell
1786300457272 9109791 225.6 4.73 sell
1786300457272 9109793 225.59 5.84 sell
1786300460508 9109795 225.59 0.4 sell
1786300469159 9109796 225.6 0.01 sell
1786300534115 9109807 225.59 12.29 sell
1786300541386 9109808 225.59 0.12 buy
1786300554818 9109809 225.59 0.15 buy
1786300555112 9109810 225.58 0.07 sell
1786300561113 9109811 225.58 0.07 sell
1786300565188 9109812 225.58 0.05 sell
1786300566116 9109813 225.58 0.07 sell
1786300567114 9109814 225.58 0.05 sell
1786300620750 9109815 225.58 0.16 sell
1786300713264 9109816 225.59 0.44 buy
1786300743487 9109817 225.58 0.05 sell
1786300750808 9109818 225.59 7.75 buy
1786300823112 9109819 225.59 0.07 buy
1786300851083 9109832 225.58 30 sell
1786300859112 9109833 225.58 0.07 sell
1786300860841 9109834 225.58 0.16 sell
1786300861113 9109835 225.58 0.07 sell
1786300910410 9109836 225.58 0.16 sell
1786300923797 9109837 225.58 0.05 sell
1786300930378 9109838 225.58 0.12 sell
1786300942045 9109839 225.58 0.02 sell
1786300942561 9109840 225.59 0.12 buy
1786300957300 9109841 225.58 0.02 sell
1786300965109 9109842 225.59 0.07 buy
1786301108726 9109843 225.59 0.12 buy
1786301141112 9109844 225.59 0.06 buy
1786301163967 9109847 225.58 0.06 sell
1786301164190 9109849 225.58 0.05 sell
1786301179112 9109850 225.59 0.06 buy
1786301201110 9109851 225.59 0.06 buy
1786301224111 9109852 225.59 0.06 buy
1786301226112 9109853 225.59 0.06 buy
1786301228113 9109854 225.59 0.06 buy
1786301230114 9109855 225.59 0.06 buy
1786301232113 9109856 225.59 0.06 buy
1786301234112 9109857 225.59 0.06 buy
1786301236112 9109858 225.59 0.06 buy
1786301239113 9109859 225.59 0.06 buy
1786301242109 9109860 225.59 0.06 buy
1786301245113 9109861 225.59 0.06 buy
1786301255109 9109862 225.59 0.06 buy
1786301258112 9109863 225.59 0.06 buy
1786301260113 9109864 225.59 0.06 buy
1786301261110 9109865 225.59 0.06 buy
1786301263109 9109866 225.59 0.06 buy
1786301265112 9109867 225.59 0.06 buy
1786301267109 9109868 225.59 0.06 buy
1786301269113 9109869 225.59 0.06 buy
1786301270109 9109870 225.59 0.06 buy
1786301272112 9109871 225.59 0.06 buy
1786301274113 9109872 225.59 0.06 buy
1786301275109 9109873 225.59 0.06 buy
1786301277109 9109874 225.59 0.06 buy
1786301279111 9109875 225.59 0.06 buy
1786301282109 9109876 225.59 0.06 buy
1786301284109 9109877 225.59 0.06 buy
1786301287112 9109878 225.59 0.06 buy
1786301289110 9109879 225.59 0.06 buy
1786301291109 9109880 225.59 0.06 buy
1786301293112 9109881 225.59 0.06 buy
1786301296112 9109882 225.59 0.06 buy
1786301299112 9109883 225.59 0.06 buy
1786301300254 9109884 225.58 1 sell
1786301333109 9109885 225.59 0.06 buy
1786301346112 9109886 225.59 0.06 buy
1786301349113 9109887 225.59 0.06 buy
1786301352112 9109888 225.59 0.06 buy
1786301372111 9109889 225.59 0.06 buy
1786301380109 9109890 225.59 0.06 buy
1786301391109 9109891 225.59 0.06 buy
1786301393259 9109892 225.59 1.99 buy
1786301394109 9109893 225.59 0.06 buy
1786301397112 9109894 225.59 0.06 buy
1786301400109 9109895 225.59 0.06 buy
1786301402112 9109896 225.59 0.06 buy
1786301402468 9109897 225.58 0.05 sell
1786301403112 9109898 225.59 0.06 buy
1786301404112 9109899 225.59 0.06 buy
1786301405109 9109900 225.59 0.06 buy
1786301406108 9109901 225.59 0.06 buy
1786301407109 9109902 225.59 0.06 buy
1786301410112 9109903 225.59 0.06 buy
1786301413108 9109904 225.59 0.06 buy
1786301416112 9109905 225.59 0.06 buy
1786301419112 9109906 225.59 0.06 buy
1786301421109 9109907 225.59 0.06 buy
1786301423109 9109908 225.59 0.06 buy
1786301425109 9109909 225.59 0.06 buy
1786301427109 9109910 225.59 0.06 buy
1786301429114 9109911 225.59 0.06 buy
1786301431109 9109912 225.59 0.06 buy
1786301432109 9109913 225.59 0.06 buy
1786301434112 9109914 225.59 0.06 buy
1786301435109 9109915 225.59 0.06 buy
1786301437109 9109916 225.59 0.06 buy
1786301438113 9109917 225.59 0.06 buy
1786301440109 9109918 225.59 0.06 buy
1786301442109 9109919 225.59 0.06 buy
1786301443109 9109920 225.59 0.06 buy
1786301443504 9109921 225.59 2.69 buy
1786301444109 9109922 225.59 0.05 buy
1786301444109 9109923 225.6 0.01 buy
1786301444122 9109926 225.6 1.02 buy
1786301444178 9109927 225.61 0.03 sell
1786301447109 9109928 225.62 0.06 buy
1786301454673 9109930 225.62 0.04 buy
1786301463404 9109932 225.62 0.05 sell
1786301463783 9109933 225.62 0.05 sell
1786301500376 9109934 225.62 3 sell
1786301569765 9109940 225.62 1.37 sell
1786301576109 9109941 225.61 0.04 sell
1786301578109 9109942 225.61 0.03 sell
1786301578112 9109944 225.61 0.08 sell
1786301620562 9109945 225.6 0.01 buy
1786301629851 9109946 225.6 0.01 sell
1786301670590 9109947 225.58 0.16 sell
1786301672862 9109949 225.59 0.02 buy
1786301681599 9109950 225.62 0.02 buy
1786301704415 9109952 225.62 0.05 sell
1786301725611 9109953 225.63 1.12 buy
1786301725611 9109956 225.64 1.16 buy
1786301728668 9109957 225.64 0.03 buy
1786301728668 9109958 225.64 0.03 buy
1786301728668 9109959 225.64 0.03 buy
1786301728668 9109960 225.64 0.03 buy
1786301728669 9109961 225.64 0.03 buy
1786301728669 9109962 225.64 0.03 buy
1786301728669 9109963 225.64 0.03 buy
1786301728669 9109964 225.64 0.03 buy
1786301728669 9109965 225.64 0.03 buy
1786301728669 9109966 225.64 0.03 buy
1786301728669 9109967 225.64 0.03 buy
1786301728669 9109968 225.64 0.03 buy
1786301728669 9109969 225.64 0.03 buy
1786301728669 9109970 225.64 0.03 buy
1786301728669 9109971 225.64 0.03 buy
1786301728669 9109972 225.64 0.03 buy
1786301728669 9109973 225.64 0.03 buy
1786301728669 9109974 225.64 0.03 buy
1786301728669 9109975 225.64 0.03 buy
1786301728669 9109976 225.64 0.03 buy
1786301755112 9109977 225.63 0.06 sell
1786301756113 9109979 225.63 0.06 sell
1786301757109 9109980 225.63 0.06 sell
1786301758109 9109982 225.63 0.06 sell
1786301759112 9109983 225.63 0.06 sell
1786301760113 9109984 225.63 0.06 sell
1786301761114 9109985 225.63 0.06 sell
1786301762111 9109986 225.62 0.06 sell
1786301763114 9109987 225.62 0.06 sell
1786301764113 9109988 225.62 0.06 sell
1786301765113 9109989 225.62 0.06 sell
1786301766110 9109990 225.62 0.06 sell
1786301766530 9109991 225.61 0.07 sell
1786301767114 9109992 225.59 0.06 sell
1786301768110 9109993 225.58 0.06 sell
1786301769113 9109994 225.58 0.06 sell
1786301770110 9109995 225.58 0.06 sell
1786301771110 9109996 225.58 0.06 sell
1786301772113 9109997 225.55 0.06 sell
1786301773124 9109998 225.56 0.08 sell
1786301773125 9109999 225.56 0.05 sell
1786301773125 9110000 225.55 0.03 sell
1786301773129 9110001 225.55 0.11 sell
1786301773134 9110002 225.55 0.08 sell
1786301773301 9110003 225.56 0.08 sell
1786301773302 9110005 225.56 0.08 sell
1786301779109 9110006 225.55 0.06 sell
1786301782112 9110007 225.55 0.05 sell
1786301783113 9110008 225.55 0.05 sell
1786301784109 9110009 225.55 0.05 sell
1786301785109 9110010 225.55 0.05 sell
1786301786110 9110011 225.55 0.05 sell
1786301787112 9110012 225.55 0.05 sell
1786301788110 9110013 225.55 0.05 sell
1786301789113 9110014 225.55 0.05 sell
1786301790112 9110015 225.55 0.05 sell
1786301791112 9110016 225.55 0.05 sell
1786301792109 9110017 225.55 0.05 sell
1786301793109 9110018 225.55 0.05 sell
1786301794110 9110019 225.55 0.05 sell
1786301795110 9110020 225.55 0.05 sell
1786301796109 9110021 225.55 0.05 sell
1786301797110 9110022 225.55 0.05 sell
1786301799112 9110023 225.55 0.05 sell
1786301801109 9110024 225.56 0.05 sell
1786301802112 9110025 225.56 0.05 sell
1786301803113 9110026 225.56 0.05 sell
1786301804109 9110027 225.56 0.05 sell
1786301805112 9110028 225.56 0.05 sell
1786301806113 9110029 225.55 0.05 sell
1786301807109 9110030 225.55 0.05 sell
1786301808109 9110031 225.55 0.05 sell
1786301809113 9110032 225.56 0.04 sell
1786301810112 9110033 225.56 0.05 sell
1786301810409 9110034 225.56 0.05 sell
1786301810409 9110035 225.55 0.11 sell
1786301811110 9110036 225.55 0.05 sell
1786301812112 9110037 225.55 0.05 sell
1786301816988 9110038 225.58 0.02 buy
1786301816988 9110039 225.59 0.1 buy
1786301822109 9110040 225.55 0.04 sell
1786301822110 9110042 225.55 0.1 sell
1786301825112 9110043 225.52 0.05 sell
1786301825113 9110044 225.52 0.08 sell
1786301826109 9110045 225.51 0.05 sell
1786301826146 9110046 225.51 0.12 sell
1786301827113 9110047 225.51 0.05 sell
1786301828109 9110048 225.51 0.05 sell
1786301829109 9110049 225.51 0.05 sell
1786301830112 9110050 225.51 0.05 sell
1786301831109 9110051 225.51 0.05 sell
1786301832109 9110052 225.51 0.05 sell
1786301833109 9110053 225.51 0.05 sell
1786301834113 9110054 225.51 0.05 sell
1786301834701 9110056 225.52 0.12 buy
1786301835114 9110057 225.51 0.05 sell
1786301836110 9110058 225.51 0.05 sell
1786301837112 9110059 225.51 0.05 sell
1786301838109 9110060 225.51 0.05 sell
1786301839109 9110061 225.51 0.05 sell
1786301840109 9110062 225.51 0.05 sell
1786301841110 9110063 225.51 0.05 sell
1786301842114 9110064 225.51 0.05 sell
1786301843112 9110065 225.51 0.05 sell
1786301844109 9110066 225.51 0.05 sell
1786301845109 9110067 225.51 0.05 sell
1786301846113 9110068 225.51 0.05 sell
1786301847109 9110069 225.51 0.05 sell
1786301848112 9110070 225.51 0.05 sell
1786301849113 9110071 225.51 0.05 sell
1786301850110 9110072 225.51 0.05 sell
1786301851109 9110073 225.51 0.05 sell
1786301852112 9110074 225.51 0.05 sell
1786301853112 9110075 225.51 0.05 sell
1786301854114 9110076 225.51 0.05 sell
1786301855109 9110077 225.51 0.05 sell
1786301856109 9110078 225.51 0.02 sell
1786301860109 9110079 225.51 0.05 sell
1786301862109 9110080 225.51 0.05 sell
1786301864112 9110081 225.51 0.05 sell
1786301866112 9110082 225.51 0.05 sell
1786301868113 9110083 225.51 0.05 sell
1786301871109 9110084 225.51 0.05 sell
1786301873112 9110085 225.51 0.05 sell
1786301873157 9110086 225.52 0.12 buy
1786301874113 9110087 225.51 0.05 sell
1786301876109 9110088 225.51 0.05 sell
1786301888110 9110089 225.52 0.05 buy
1786301889113 9110090 225.52 0.05 buy
1786301890114 9110091 225.52 0.05 buy
1786301891113 9110092 225.52 0.05 buy
1786301892112 9110093 225.52 0.05 buy
1786301893109 9110094 225.52 0.05 buy
1786301894112 9110095 225.52 0.05 buy
1786301895112 9110096 225.52 0.05 buy
1786301896114 9110097 225.52 0.05 buy
1786301904110 9110098 225.53 0.05 buy
1786301911395 9110099 225.54 0.02 buy
1786301923767 9110101 225.54 1.32 sell
1786301923767 9110108 225.53 3.08 sell
1786301923767 9110113 225.52 20.41 sell
1786301923767 9110114 225.51 5.19 sell
1786301924905 9110116 225.51 0.12 sell
1786301925109 9110117 225.51 0.05 sell
1786301942815 9110118 225.53 0.05 sell
1786302000915 9110119 225.55 0.08 buy
1786302000916 9110121 225.55 0.58 buy
1786302000916 9110122 225.58 0.02 buy
1786302000916 9110123 225.59 3.79 buy
1786302002705 9110124 225.56 0.05 sell
1786302004353 9110125 225.6 0.04 buy
1786302004356 9110126 225.6 0.04 buy
1786302005337 9110127 225.57 0.11 sell
1786302005522 9110128 225.56 0.31 sell
1786302020481 9110129 225.58 0.16 sell
1786302047972 9110130 225.56 0.01 sell
1786302062019 9110131 225.58 0.12 buy
1786302100525 9110132 225.57 0.01 sell
1786302152818 9110133 225.56 0.01 sell
1786302152818 9110134 225.55 0.28 sell
1786302175446 9110136 225.56 0.12 buy
1786302194509 9110137 225.55 0.01 sell
1786302244293 9110138 225.54 0.05 sell
1786302244294 9110139 225.54 0.04 sell
1786302280462 9110141 225.53 0.16 sell
1786302481564 9110143 225.54 0.02 buy
1786302542667 9110145 225.54 0.05 sell
1786302543597 9110146 225.54 0.05 sell
1786302548419 9110147 225.55 0.06 buy
1786302567559 9110148 225.56 0.04 buy
1786302567559 9110155 225.57 0.08 buy
1786302750553 9110158 225.56 0.16 sell
1786302908932 9110159 225.57 0.12 buy
1786302914233 9110161 225.57 0.02 buy
1786302963590 9110162 225.59 0.05 sell
1786302963749 9110163 225.59 0.05 sell
1786302990943 9110164 225.6 0.06 buy
1786303055511 9110170 225.62 6.32 sell
1786303068057 9110172 225.62 3.62 sell
1786303070112 9110173 225.62 0.04 sell
1786303093764 9110174 225.62 2.15 sell
1786303094109 9110175 225.62 0.04 sell
1786303095113 9110176 225.62 0.04 sell
1786303095337 9110177 225.62 1.88 sell
1786303097112 9110178 225.62 0.04 sell
1786303098834 9110181 225.62 1.29 sell
1786303100109 9110182 225.62 0.04 sell
1786303129113 9110183 225.63 0.04 buy
1786303136109 9110184 225.63 0.04 buy
1786303142109 9110185 225.63 0.04 buy
1786303145110 9110186 225.63 0.04 buy
1786303147109 9110187 225.63 0.04 buy
1786303180580 9110188 225.63 0.28 buy
1786303180580 9110189 225.65 1.32 buy
1786303217459 9110193 225.63 11.03 sell
1786303217464 9110194 225.63 1.15 sell
1786303217465 9110196 225.62 0.21 sell
1786303264372 9110197 225.59 0.05 sell
1786303328126 9110198 225.59 0.05 sell
1786303429926 9110202 225.6 0.12 buy
1786303443419 9110203 225.59 0.05 sell
1786303462963 9110207 225.59 0.04 sell
1786303683085 9110208 225.58 0.05 sell
1786303780538 9110212 225.59 0.24 buy
1786303801341 9110214 225.62 0.08 buy
1786303801453 9110217 225.62 0.11 buy
1786303801503 9110218 225.62 0.08 buy
1786303801530 9110219 225.62 0.08 buy
1786303801533 9110220 225.62 0.03 buy
1786303801533 9110221 225.63 0.05 buy
1786303813957 9110222 225.62 0.04 buy
1786303886200 9110223 225.61 0.09 sell
1786303886200 9110224 225.61 0.04 sell
1786303886200 9110225 225.61 0.02 sell
1786303886200 9110226 225.61 0.02 sell
1786303886200 9110227 225.61 0.02 sell
1786303982266 9110228 225.61 0.89 sell
1786303985657 9110229 225.61 0.53 sell
1786303988963 9110236 225.61 0.89 sell
1786303992360 9110237 225.61 0.89 sell
1786303998001 9110238 225.61 0.89 sell
1786304003011 9110239 225.61 0.89 sell
1786304008063 9110240 225.61 0.66 sell
1786304012315 9110241 225.6 0.89 sell
1786304016292 9110242 225.6 0.89 sell
1786304023071 9110243 225.6 0.89 sell
1786304028078 9110244 225.6 0.89 sell
1786304032284 9110246 225.6 0.89 sell
1786304036183 9110247 225.6 0.84 sell
1786304049335 9110248 225.6 0.89 sell
1786304052623 9110249 225.61 0.89 sell
1786304056235 9110250 225.61 0.89 sell
1786304060971 9110251 225.61 0.89 sell
1786304064462 9110253 225.61 0.52 sell
1786304068107 9110254 225.6 0.89 sell
1786304071810 9110255 225.6 0.89 sell
1786304094995 9110256 225.61 0.89 sell
1786304098276 9110257 225.61 0.81 sell
1786304102720 9110258 225.6 0.89 sell
1786304105821 9110260 225.6 0.89 sell
1786304108864 9110261 225.6 0.89 sell
1786304112907 9110263 225.61 0.89 sell
1786304112908 9110264 225.61 0.01 sell
1786304119805 9110266 225.6 0.89 sell
1786304123235 9110267 225.6 0.77 sell
1786304139287 9110268 225.6 0.89 sell
1786304143277 9110271 225.59 0.89 sell
1786304148306 9110272 225.59 0.53 sell
1786304200392 9110273 225.59 0.16 sell
1786304224538 9110274 225.59 0.05 sell
1786304263054 9110275 225.6 0.12 buy
1786304290109 9110276 225.6 0.04 buy
1786304293112 9110277 225.6 0.04 buy
1786304320017 9110279 225.6 1.06 buy
1786304320017 9110282 225.62 0.13 buy
1786304320017 9110283 225.63 2.21 buy
1786304320017 9110285 225.64 4.71 buy
1786304320017 9110286 225.65 3.42 buy
1786304320017 9110289 225.66 7.24 buy
1786304321285 9110290 225.62 0.89 sell
1786304333336 9110291 225.62 0.89 sell
1786304338312 9110292 225.62 0.89 sell
1786304341433 9110294 225.62 0.54 sell
1786304344184 9110295 225.61 0.05 sell
1786304344600 9110296 225.59 0.13 sell
1786304344600 9110298 225.58 0.76 sell
1786304351983 9110300 225.61 0.89 sell
1786304353835 9110301 225.61 0.03 sell
1786304355254 9110303 225.6 0.89 sell
1786304358272 9110304 225.6 0.89 sell
1786304361125 9110305 225.6 0.83 sell
1786304371652 9110306 225.61 0.01 buy
1786304464278 9110309 225.61 0.08 buy
1786304468112 9110310 225.63 0.01 buy
1786304468112 9110312 225.64 0.03 buy
1786304469109 9110313 225.64 0.04 buy
1786304471113 9110314 225.65 0.04 buy
1786304472147 9110317 225.63 0.68 sell
1786304472147 9110318 225.62 0.03 sell
1786304475282 9110319 225.62 0.89 sell
1786304478484 9110320 225.62 0.89 sell
1786304511195 9110321 225.62 0.89 sell
1786304518421 9110322 225.62 0.89 sell
1786304521860 9110323 225.62 0.89 sell
1786304525160 9110324 225.62 0.89 sell
1786304528582 9110326 225.62 0.89 sell
1786304530782 9110328 225.62 0.02 buy
1786304530831 9110329 225.63 0.06 buy
1786304569113 9110330 225.64 0.01 buy
1786304569113 9110331 225.65 0.02 buy
1786304569733 9110332 225.64 0.89 sell
1786304572220 9110333 225.64 0.14 sell
1786304572902 9110334 225.64 0.89 sell
1786304579289 9110336 225.64 0.5 sell
1786304592293 9110338 225.64 0.12 sell
1786304596287 9110339 225.63 0.89 sell
1786304599134 9110340 225.64 0.01 sell
1786304599134 9110342 225.63 0.88 sell
1786304603503 9110345 225.63 0.69 sell
1786304608168 9110348 225.63 0.55 sell
1786304687700 9110349 225.64 0.08 buy
1786304687751 9110350 225.64 0.04 buy
1786304719144 9110352 225.64 0.02 buy
1786304735695 9110354 225.66 0.03 sell
1786304735697 9110355 225.64 0.02 sell
1786304776272 9110356 225.65 2.21 sell
1786304806271 9110359 225.67 0.97 buy
1786304812091 9110360 225.67 0.08 buy
1786304812150 9110361 225.67 0.04 buy
1786304852325 9110362 225.66 0.05 sell
1786304877609 9110363 225.66 0.01 sell
1786304883351 9110364 225.64 0.05 sell
1786304896284 9110366 225.65 0.06 buy
1786304914651 9110368 225.66 0.68 sell
1786304934606 9110369 225.66 0.01 sell
1786304934606 9110370 225.65 0.04 sell
1786304939109 9110371 225.64 0.03 sell
1786304946441 9110372 225.64 0.01 buy
1786304946441 9110375 225.66 1.13 buy
1786304947113 9110376 225.63 0.03 sell
1786304974455 9110378 225.63 0.86 buy
1786305037820 9110381 225.62 0.33 sell
1786305067134 9110382 225.63 0.02 buy
1786305139494 9110383 225.64 0.01 sell
1786305181112 9110384 225.64 0.03 sell
1786305182109 9110385 225.64 0.03 sell
1786305229001 9110386 225.65 0.08 buy
1786305229057 9110387 225.65 0.04 buy
1786305232052 9110388 225.65 0.05 buy
1786305250863 9110390 225.65 0.16 sell
1786305340514 9110391 225.65 0.16 sell
1786305369111 9110392 225.67 0.03 buy
1786305375112 9110393 225.67 0.03 buy
1786305426113 9110394 225.67 0.03 buy
1786305431113 9110395 225.67 0.03 buy
1786305434112 9110396 225.67 0.03 buy
1786305437109 9110397 225.67 0.03 buy
1786305440112 9110398 225.67 0.03 buy
1786305442299 9110399 225.66 0.12 sell
1786305461109 9110400 225.67 0.03 buy
1786305469112 9110401 225.67 0.03 buy
1786305477439 9110402 225.66 0.01 sell
1786305480411 9110404 225.66 1.37 sell
1786305600857 9110406 225.66 0.16 sell
1786305664301 9110408 225.66 0.05 sell
1786305664302 9110409 225.67 1.39 buy
1786305664303 9110410 225.67 1.01 buy
1786305741315 9110411 225.67 0.09 buy
1786305770587 9110412 225.66 0.23 sell
1786305782113 9110413 225.67 0.03 buy
1786305782114 9110419 225.67 7.6 buy
1786305785112 9110421 225.68 0.02 buy
1786305785112 9110422 225.69 0.01 buy
1786305785226 9110423 225.69 0.01 buy
1786305786110 9110426 225.69 0.03 buy
1786305787109 9110427 225.69 0.03 buy
1786305787110 9110429 225.69 0.08 buy
1786305853113 9110431 225.7 0.03 buy
1786305888678 9110434 225.7 0.07 buy
1786305910008 9110435 225.7 0.08 buy
1786305910058 9110436 225.7 0.04 buy
1786305915109 9110437 225.7 0.03 buy
1786305930510 9110438 225.7 2.17 buy
1786305940113 9110439 225.7 0.03 buy
1786305943112 9110440 225.7 0.03 buy
1786305947109 9110441 225.7 0.03 buy
1786305961109 9110442 225.7 0.03 buy
1786305964113 9110443 225.7 0.03 buy
1786305965112 9110444 225.7 0.03 buy
1786305967112 9110445 225.7 0.03 buy
1786305967729 9110447 225.69 0.12 sell
1786305968109 9110448 225.7 0.03 buy
1786305970109 9110449 225.7 0.03 buy
1786305971109 9110450 225.7 0.03 buy
1786305973112 9110451 225.7 0.03 buy
1786305975112 9110452 225.7 0.03 buy
1786305976112 9110453 225.7 0.03 buy
1786305978112 9110454 225.7 0.03 buy
1786305980109 9110455 225.7 0.03 buy
1786305981114 9110456 225.7 0.03 buy
1786305983112 9110457 225.7 0.03 buy
1786305986108 9110458 225.7 0.03 buy
1786306023640 9110459 225.69 0.05 sell
1786306061110 9110460 225.7 0.03 buy
1786306064112 9110461 225.7 0.03 buy
1786306066109 9110462 225.7 0.03 buy
1786306068109 9110463 225.7 0.03 buy
1786306071110 9110464 225.7 0.03 buy
1786306078109 9110465 225.7 0.03 buy
1786306082111 9110466 225.7 0.03 buy
1786306085109 9110467 225.7 0.03 buy
1786306087112 9110468 225.7 0.03 buy
1786306089113 9110469 225.7 0.03 buy
1786306091112 9110470 225.7 0.03 buy
1786306093113 9110471 225.7 0.03 buy
1786306096112 9110472 225.7 0.03 buy
1786306167112 9110473 225.7 0.03 buy
1786306170112 9110474 225.7 0.03 buy
1786306208109 9110475 225.7 0.03 buy
1786306211109 9110476 225.7 0.03 buy
1786306214109 9110477 225.7 0.03 buy
1786306328999 9110482 225.69 3.96 sell
1786306333112 9110483 225.7 0.02 buy
1786306394521 9110484 225.7 0.16 buy
1786306400070 9110485 225.69 0.04 sell
1786306439975 9110487 225.69 1.08 sell
1786306439998 9110488 225.68 0.05 sell
1786306443696 9110489 225.66 0.05 sell
1786306443719 9110490 225.65 0.08 sell
1786306444190 9110491 225.63 0.01 sell
1786306448114 9110492 225.63 0.02 sell
1786306448165 9110493 225.63 0.13 sell
1786306448204 9110494 225.61 0.02 sell
1786306497223 9110497 225.62 0.08 sell
1786306497223 9110498 225.62 0.04 sell
1786306497223 9110499 225.62 0.02 sell
1786306497223 9110500 225.62 0.02 sell
1786306497223 9110501 225.62 0.02 sell
1786306498112 9110502 225.62 0.02 sell
1786306500453 9110503 225.64 0.02 buy
1786306516227 9110505 225.64 0.27 sell
1786306536143 9110506 225.62 3 sell
1786306563738 9110507 225.63 0.02 buy
1786306589112 9110508 225.65 0.02 sell
1786306589156 9110509 225.62 0.04 sell
1786306693113 9110511 225.63 0.02 buy
1786306693147 9110512 225.63 0.01 buy
1786306726329 9110514 225.65 1.05 sell
1786306753113 9110515 225.65 0.02 buy
1786306782003 9110516 225.65 0.01 buy
1786306788559 9110518 225.65 0.04 sell
1786306789109 9110519 225.64 0.02 buy
1786306790414 9110520 225.63 0.16 sell
1786306801548 9110522 225.64 0.02 buy
1786306801548 9110523 225.65 1 buy
1786306801548 9110524 225.66 5.7 buy
1786306815809 9110525 225.65 0.66 sell
1786307122110 9110526 225.65 0.02 buy
1786307125112 9110527 225.65 0.02 buy
1786307128109 9110528 225.65 0.02 buy
1786307130111 9110529 225.65 0.02 buy
1786307132112 9110530 225.65 0.02 buy
1786307134113 9110531 225.65 0.02 buy
1786307137109 9110532 225.65 0.02 buy
1786307177112 9110533 225.65 0.02 buy
1786307201109 9110534 225.65 0.02 buy
1786307204113 9110535 225.65 0.02 buy
1786307207112 9110536 225.65 0.02 buy
1786307212508 9110539 225.64 1.12 sell
1786307213674 9110540 225.64 1.15 sell
1786307236109 9110541 225.65 0.02 buy
1786307240109 9110542 225.65 0.02 buy
1786307256458 9110543 225.63 0.05 sell
1786307301653 9110544 225.63 0.08 buy
1786307301704 9110545 225.63 0.04 buy
1786307370158 9110548 225.62 0.08 sell
1786307455226 9110549 225.61 0.22 sell
1786307507156 9110550 225.62 0.08 buy
1786307511513 9110551 225.62 0.04 buy
1786307530414 9110552 225.62 0.08 buy
1786307533109 9110553 225.62 0.04 buy
1786307561448 9110558 225.61 1.01 sell
1786307561450 9110559 225.6 0.06 sell
1786307562112 9110560 225.6 0.02 buy
1786307562113 9110564 225.6 0.06 buy
1786307562198 9110565 225.61 0.35 sell
1786307562256 9110566 225.61 0.64 sell
1786307562430 9110567 225.61 0.25 sell
1786307733419 9110568 225.61 0.12 sell
1786307851402 9110574 225.61 0.89 sell
1786307856309 9110576 225.61 0.89 sell
1786307859755 9110577 225.61 0.17 sell
1786307864440 9110578 225.6 0.89 sell
1786307864444 9110580 225.59 0.05 sell
1786307879698 9110581 225.58 0.02 sell
1786307879698 9110583 225.57 2.98 sell
1786307883554 9110584 225.57 0.05 sell
1786307888139 9110586 225.58 0.89 sell
1786307919140 9110587 225.58 0.89 sell
1786307935364 9110592 225.57 1.68 sell
1786307935364 9110596 225.56 9.56 sell
1786307935364 9110600 225.55 16.12 sell
1786307935364 9110603 225.54 1.95 sell
1786308001565 9110606 225.58 0.89 sell
1786308006031 9110607 225.58 0.22 sell
1786308060217 9110608 225.56 0.04 sell
1786308060312 9110609 225.56 0.02 sell
1786308061852 9110615 225.56 2.15 sell
1786308061852 9110618 225.55 4.52 sell
1786308061852 9110619 225.54 0.09 sell
1786308149847 9110620 225.56 6.72 sell
1786308155208 9110626 225.57 0.68 buy
1786308155208 9110627 225.59 0.01 buy
1786308155208 9110628 225.6 0.35 buy
1786308233339 9110630 225.59 0.03 sell
1786308301221 9110631 225.61 0.01 buy
1786308320434 9110632 225.6 0.01 buy
1786308326718 9110634 225.61 0.89 sell
1786308329875 9110635 225.6 0.89 sell
1786308334515 9110636 225.6 0.89 sell
1786308337692 9110637 225.6 0.89 sell
1786308340733 9110638 225.6 0.89 sell
1786308344166 9110639 225.6 0.19 sell
1786308349241 9110640 225.6 0.89 sell
1786308352855 9110641 225.6 0.89 sell
1786308352857 9110642 225.6 1 sell
1786308355745 9110643 225.6 0.89 sell
1786308356112 9110644 225.6 0.02 sell
1786308357112 9110645 225.6 0.02 sell
1786308358993 9110646 225.6 0.89 sell
1786308360112 9110647 225.59 0.02 sell
1786308364755 9110650 225.59 0.47 sell
1786308384315 9110651 225.58 0.14 sell
1786308421763 9110652 225.61 0.89 sell
1786308442842 9110653 225.6 0.01 sell
1786308442842 9110654 225.59 0.02 sell
1786308442842 9110655 225.58 0.23 sell
1786308480854 9110657 225.6 0.89 sell
1786308516408 9110661 225.61 0.26 buy
1786308593042 9110662 225.6 0.01 sell
1786308647109 9110663 225.62 0.02 buy
1786308653112 9110664 225.62 0.02 buy
1786308657109 9110665 225.62 0.02 buy
1786308662109 9110666 225.62 0.02 buy
1786308663060 9110667 225.62 0.07 buy
1786308663060 9110669 225.63 0.19 buy
1786308672060 9110670 225.64 0.89 sell
1786308677093 9110671 225.64 0.89 sell
1786308680205 9110672 225.64 0.57 sell
1786308680206 9110675 225.61 0.08 sell
1786308682111 9110676 225.63 0.02 sell
1786308694571 9110677 225.62 0.13 sell
1786308696113 9110678 225.62 0.02 sell
1786308699469 9110679 225.62 0.14 sell
1786308699478 9110680 225.61 0.02 sell
1786308787299 9110683 225.6 0.03 buy
1786308794501 9110684 225.62 2.13 sell
1786308870112 9110685 225.64 0.02 buy
1786308871611 9110688 225.63 3 sell
1786308871629 9110689 225.61 0.02 sell
1786308872113 9110690 225.6 0.02 buy
1786308913158 9110693 225.59 1.05 sell
1786308988560 9110694 225.6 0.06 buy
1786309023491 9110695 225.6 0.26 buy
1786309037911 9110697 225.6 0.37 buy
1786309037964 9110698 225.63 0.13 buy
1786309037964 9110700 225.65 0.17 buy
1786309084109 9110701 225.65 0.02 buy
1786309142948 9110707 225.66 2.83 sell
1786309144109 9110708 225.65 0.02 sell
1786309145109 9110709 225.65 0.02 sell
1786309340928 9110718 225.64 0.27 buy
1786309340928 9110719 225.66 2.11 buy
1786309340928 9110721 225.67 2.32 buy
1786309340928 9110722 225.68 1.24 buy
1786309347443 9110723 225.67 0.13 buy
1786309347443 9110724 225.68 1 buy
1786309347444 9110725 225.69 1 buy
1786309347446 9110729 225.7 7.85 buy
1786309348708 9110735 225.71 0.31 buy
1786309359421 9110741 225.72 0.37 buy
1786309370905 9110742 225.72 0.13 buy
1786309500561 9110743 225.71 0.07 sell
1786309557244 9110744 225.71 0.05 sell
1786309563692 9110745 225.71 0.05 sell
1786309679579 9110746 225.72 1 buy
1786309679580 9110747 225.72 1 buy
1786309684320 9110748 225.71 0.05 sell
1786309718109 9110749 225.72 0.02 buy
1786309736113 9110750 225.71 0.02 sell
1786309737109 9110751 225.71 0.02 sell
1786309738112 9110752 225.71 0.02 sell
1786309739113 9110753 225.71 0.02 sell
1786309740112 9110754 225.71 0.02 sell
1786309741109 9110755 225.71 0.02 sell
1786309742109 9110756 225.71 0.02 sell
1786309743112 9110757 225.71 0.02 sell
1786309744112 9110758 225.71 0.02 sell
1786309745113 9110759 225.71 0.02 sell
1786309746113 9110760 225.71 0.02 sell
1786309747110 9110761 225.71 0.02 sell
1786309748109 9110762 225.71 0.02 sell
1786309749109 9110763 225.71 0.02 sell
1786309750110 9110764 225.71 0.02 sell
1786309751112 9110765 225.71 0.02 sell
1786309823527 9110771 225.71 13.28 sell
1786309823527 9110775 225.71 11.05 sell
1786309823527 9110776 225.71 8.26 sell
1786309823527 9110777 225.71 18.15 sell
1786309823527 9110778 225.71 19.27 sell
1786309823528 9110779 225.71 11.2 sell
1786309823528 9110780 225.71 7.6 sell
1786309823528 9110781 225.71 0.74 sell
1786309823528 9110782 225.71 13.1 sell
1786309823528 9110783 225.71 2.63 sell
1786309823528 9110784 225.71 3.65 sell
1786309823528 9110785 225.71 1.17 sell
1786309823528 9110786 225.71 1.24 sell
1786309823530 9110788 225.71 4.36 sell
1786309823531 9110791 225.7 1.07 sell
1786309856113 9110792 225.71 0.02 sell
1786309902766 9110793 225.71 0.01 buy
1786309924679 9110795 225.71 0.03 sell
1786310042407 9110798 225.71 0.05 sell
1786310091655 9110801 225.71 0.16 sell
1786310092324 9110802 225.7 0.01 buy
1786310163520 9110803 225.7 0.05 sell
1786310169670 9110804 225.71 0.09 buy
1786310244888 9110805 225.71 0.06 buy
1786310264781 9110806 225.7 11 sell
1786310265511 9110812 225.7 7.27 sell
1786310266697 9110813 225.7 1 buy
1786310266699 9110814 225.7 1 buy
1786310283531 9110815 225.69 0.05 sell
1786310305766 9110816 225.69 0.01 sell
1786310308985 9110818 225.7 0.05 buy
1786310310887 9110820 225.7 0.05 buy
1786310311985 9110822 225.7 0.05 buy
1786310311986 9110824 225.7 0.03 buy
1786310582670 9110825 225.7 0.05 sell
1786310659593 9110826 225.7 0.01 sell
1786310663729 9110827 225.71 0.08 buy
1786310663782 9110828 225.71 0.04 buy
1786310680113 9110829 225.71 0.02 buy
1786310683113 9110830 225.71 0.02 buy
1786310686109 9110831 225.71 0.02 buy
1786310689109 9110832 225.71 0.02 buy
1786310707109 9110833 225.71 0.02 buy
1786310709113 9110834 225.71 0.02 buy
1786310711109 9110835 225.71 0.02 buy
1786310714113 9110836 225.71 0.02 buy
1786310725022 9110838 225.7 0.5 sell
1786310740394 9110839 225.71 0.08 buy
1786310740394 9110840 225.71 0.04 buy
1786310740394 9110841 225.71 0.02 buy
1786310740394 9110842 225.71 0.02 buy
1786310740394 9110843 225.71 0.02 buy
1786310760715 9110844 225.71 0.04 buy
1786310760810 9110845 225.71 0.02 buy
1786310770113 9110846 225.71 0.02 buy
1786310851112 9110847 225.71 0.02 buy
1786310893491 9110848 225.71 0.08 buy
1786310893548 9110849 225.71 0.04 buy
1786310896112 9110850 225.71 0.02 buy
1786310937859 9110856 225.71 4.04 buy
1786310937860 9110859 225.72 10.72 buy
1786310937916 9110860 225.72 0.03 sell
1786310937921 9110861 225.72 0.01 sell
1786310938113 9110862 225.73 0.02 buy
1786310938335 9110863 225.72 0.01 sell
1786310947109 9110864 225.73 0.02 buy
1786310948112 9110865 225.73 0.02 buy
1786310949113 9110866 225.73 0.02 buy
1786310950113 9110867 225.73 0.02 buy
1786310951112 9110868 225.73 0.02 buy
1786310955109 9110870 225.73 0.02 buy
1786310961109 9110871 225.73 0.02 buy
1786310963910 9110875 225.72 3.99 sell
1786310965822 9110877 225.72 2.6 sell
1786310971388 9110879 225.72 0.02 sell
1786310971584 9110880 225.72 0.02 sell
1786310973424 9110881 225.72 0.02 sell
1786311060690 9110882 225.72 0.01 sell
1786311123663 9110883 225.7 0.05 sell
1786311189248 9110888 225.71 4.5 sell
1786311189658 9110889 225.71 0.19 sell
1786311195266 9110890 225.7 0.01 sell
1786311252838 9110891 225.71 0.08 buy
1786311260433 9110892 225.69 0.01 buy
1786311260433 9110893 225.7 0.03 buy
1786311292539 9110894 225.69 0.03 buy
1786311318971 9110897 225.7 2.07 sell
1786311387539 9110905 225.71 0.79 buy
1786311422221 9110907 225.71 0.12 sell
1786311443422 9110912 225.72 0.07 buy
1786311484056 9110915 225.72 0.07 buy
1786311486211 9110917 225.73 0.08 buy
1786311486267 9110918 225.73 0.04 buy
1786311600039 9110921 225.73 3.99 buy
1786311600686 9110926 225.73 9.42 buy
1786311600686 9110931 225.74 23.25 buy
1786311600686 9110942 225.75 11.45 buy
1786311600686 9110945 225.76 0.23 buy
1786311600686 9110950 225.77 4.69 buy
1786311600686 9110952 225.78 0.05 buy
1786311600964 9110953 225.76 0.01 buy
1786311660762 9110954 225.75 0.16 sell
1786311670581 9110955 225.75 0.16 sell
1786311768967 9110957 225.76 0.08 buy
1786311769020 9110958 225.76 0.04 buy
1786311783843 9110959 225.75 0.06 sell
1786311792935 9110967 225.75 5.12 sell
1786311793071 9110968 225.75 2.53 sell
1786311841289 9110971 225.73 0.07 buy
1786311842005 9110973 225.74 0.06 buy
1786311842005 9110976 225.75 4.29 buy
1786311842005 9110978 225.76 3.27 buy
1786311880200 9110979 225.73 0.01 sell
1786311880200 9110980 225.72 0.02 sell
1786311912157 9110981 225.73 0.01 sell
1786311928418 9110982 225.73 0.01 buy
1786311968213 9110984 225.73 0.05 sell
1786312073418 9110985 225.74 0.01 buy
1786312092362 9110987 225.74 0.08 sell
1786312152301 9110988 225.74 0.01 sell
1786312152901 9110989 225.73 0.01 sell
1786312188421 9110991 225.73 0.03 buy
1786312192204 9110993 225.74 0.12 sell
1786312261109 9110994 225.74 0.02 sell
1786312317113 9110995 225.74 0.02 sell
1786312318113 9110996 225.74 0.02 sell
1786312319112 9110997 225.74 0.02 sell
1786312320112 9110998 225.74 0.02 sell
1786312321109 9110999 225.74 0.02 sell
1786312322112 9111000 225.74 0.02 sell
1786312323112 9111001 225.74 0.02 sell
1786312324112 9111002 225.74 0.02 sell
1786312325112 9111003 225.74 0.02 sell
1786312326110 9111004 225.74 0.02 sell
1786312327112 9111005 225.74 0.02 sell
1786312328112 9111006 225.74 0.02 sell
1786312329109 9111007 225.74 0.02 sell
1786312330110 9111008 225.74 0.02 sell
1786312331113 9111009 225.74 0.02 sell
1786312332112 9111010 225.74 0.02 sell
1786312333109 9111011 225.74 0.02 sell
1786312334112 9111012 225.74 0.02 sell
1786312335112 9111013 225.74 0.02 sell
1786312336112 9111014 225.74 0.02 sell
1786312337113 9111015 225.74 0.02 sell
1786312338113 9111016 225.74 0.02 sell
1786312339109 9111017 225.74 0.02 sell
1786312340111 9111018 225.74 0.02 sell
1786312341109 9111019 225.74 0.02 sell
1786312342112 9111020 225.74 0.02 sell
1786312343112 9111021 225.74 0.02 sell
1786312344109 9111022 225.74 0.02 sell
1786312345113 9111023 225.74 0.02 sell
1786312346110 9111024 225.74 0.02 sell
1786312347113 9111025 225.74 0.02 sell
1786312348112 9111026 225.74 0.02 sell
1786312349109 9111027 225.74 0.02 sell
1786312350112 9111028 225.74 0.02 sell
1786312351112 9111029 225.74 0.02 sell
1786312352112 9111030 225.74 0.02 sell
1786312353114 9111031 225.74 0.02 sell
1786312354109 9111032 225.74 0.02 sell
1786312355112 9111033 225.74 0.02 sell
1786312356113 9111034 225.74 0.02 sell
1786312357109 9111035 225.74 0.02 sell
1786312358112 9111036 225.74 0.02 sell
1786312359113 9111037 225.74 0.02 sell
1786312360109 9111038 225.74 0.02 sell
1786312361112 9111039 225.74 0.02 sell
1786312362111 9111040 225.74 0.02 sell
1786312363109 9111041 225.74 0.02 sell
1786312364109 9111042 225.74 0.02 sell
1786312365113 9111043 225.74 0.02 sell
1786312366109 9111044 225.74 0.02 sell
1786312367112 9111045 225.74 0.02 sell
1786312368112 9111046 225.74 0.02 sell
1786312369112 9111047 225.74 0.02 sell
1786312370112 9111048 225.74 0.02 sell
1786312371112 9111049 225.74 0.02 sell
1786312372112 9111050 225.74 0.02 sell
1786312373112 9111051 225.74 0.02 sell
1786312374113 9111052 225.74 0.02 sell
1786312375109 9111053 225.74 0.02 sell
1786312376109 9111054 225.74 0.02 sell
1786312377113 9111055 225.74 0.02 sell
1786312378113 9111056 225.74 0.02 sell
1786312379110 9111057 225.74 0.02 sell
1786312380111 9111058 225.74 0.02 sell
1786312381112 9111059 225.74 0.02 sell
1786312382112 9111060 225.74 0.02 sell
1786312383109 9111061 225.74 0.02 sell
1786312384111 9111062 225.74 0.02 sell
1786312385113 9111063 225.74 0.02 sell
1786312386109 9111064 225.74 0.02 sell
1786312387109 9111065 225.74 0.02 sell
1786312388113 9111066 225.74 0.02 sell
1786312389109 9111067 225.74 0.02 sell
1786312390109 9111068 225.74 0.02 sell
1786312391110 9111069 225.74 0.02 sell
1786312393113 9111070 225.74 0.02 sell
1786312394112 9111071 225.74 0.02 sell
1786312395112 9111072 225.74 0.02 sell
1786312396109 9111073 225.74 0.02 sell
1786312397110 9111074 225.74 0.02 sell
1786312398112 9111075 225.74 0.02 sell
1786312399112 9111076 225.74 0.02 sell
1786312434112 9111077 225.74 0.02 sell
1786312435114 9111078 225.74 0.02 sell
1786312437109 9111079 225.74 0.02 sell
1786312465283 9111083 225.74 0.18 sell
1786312502135 9111084 225.72 1 sell
1786312515112 9111085 225.73 0.02 buy
1786312525112 9111086 225.73 0.02 buy
1786312528112 9111087 225.73 0.02 buy
1786312530115 9111088 225.73 0.02 buy
1786312531112 9111089 225.73 0.02 buy
1786312533109 9111090 225.73 0.02 buy
1786312534112 9111091 225.73 0.02 buy
1786312536112 9111092 225.73 0.02 buy
1786312538113 9111093 225.73 0.02 buy
1786312540112 9111094 225.73 0.02 buy
1786312542113 9111095 225.73 0.02 buy
1786312544112 9111096 225.73 0.02 buy
1786312547108 9111097 225.73 0.02 buy
1786312567110 9111098 225.73 0.02 buy
1786312569109 9111099 225.73 0.02 buy
1786312571109 9111100 225.73 0.02 buy
1786312574112 9111101 225.73 0.02 buy
1786312587113 9111102 225.72 0.02 sell
1786312600355 9111103 225.72 0.16 sell
1786312608109 9111104 225.73 0.02 buy
1786312612114 9111105 225.72 0.02 sell
1786312613111 9111106 225.72 0.02 sell
1786312613172 9111112 225.72 6.96 sell
1786312613173 9111113 225.7 0.13 sell
1786312613175 9111115 225.69 0.81 sell
1786312613176 9111116 225.68 0.02 sell
1786312613734 9111117 225.67 1.57 sell
1786312613735 9111119 225.67 1.57 sell
1786312613736 9111121 225.67 1.57 sell
1786312613737 9111122 225.67 1.57 sell
1786312613739 9111126 225.67 1.57 sell
1786312613765 9111128 225.67 0.38 sell
1786312614114 9111129 225.67 0.02 sell
1786312615113 9111130 225.67 0.02 sell
1786312615114 9111134 225.67 3.91 sell
1786312615118 9111135 225.65 7 sell
1786312615792 9111136 225.66 9.5 sell
1786312615793 9111137 225.66 7.62 sell
1786312615793 9111139 225.66 2.35 sell
1786312615795 9111141 225.65 10 sell
1786312615796 9111142 225.65 4.12 sell
1786312615797 9111144 225.65 7.75 sell
1786312615931 9111146 225.65 4.43 sell
1786312616116 9111147 225.64 0.02 sell
1786312617115 9111148 225.64 0.02 sell
1786312618115 9111149 225.64 0.02 sell
1786312618777 9111150 225.64 13 sell
1786312619114 9111151 225.64 0.02 sell
1786312619115 9111162 225.64 21.73 sell
1786312619116 9111164 225.63 9 sell
1786312619124 9111166 225.64 4.42 buy
1786312619124 9111167 225.64 3.29 buy
1786312620113 9111168 225.64 0.02 sell
1786312621110 9111169 225.64 0.02 sell
1786312622110 9111170 225.64 0.02 sell
1786312622852 9111171 225.64 0.05 sell
1786312623109 9111172 225.64 0.02 sell
1786312624112 9111173 225.64 0.02 sell
1786312625112 9111174 225.64 0.02 sell
1786312626113 9111175 225.64 0.02 sell
1786312627112 9111176 225.64 0.02 sell
1786312627699 9111178 225.64 2.48 sell
1786312627699 9111179 225.64 4.29 sell
1786312627700 9111181 225.64 7.78 sell
1786312627701 9111182 225.64 8.47 sell
1786312627702 9111184 225.64 6.17 sell
1786312627703 9111185 225.64 5.03 sell
1786312627727 9111186 225.64 1.42 sell
1786312627728 9111187 225.64 4.75 sell
1786312627728 9111189 225.64 5.89 sell
1786312627729 9111190 225.64 0.6 sell
1786312627739 9111197 225.64 24.95 sell
1786312627740 9111203 225.64 18.44 sell
1786312627754 9111204 225.64 2 buy
1786312627794 9111205 225.64 2 buy
1786312627915 9111206 225.63 0.07 sell
1786312628118 9111207 225.63 0.03 sell
1786312628163 9111208 225.64 0.07 buy
1786312628163 9111210 225.65 0.06 buy
1786312629118 9111211 225.64 0.03 sell
1786312630114 9111212 225.64 0.03 sell
1786312631116 9111213 225.64 0.03 sell
1786312632114 9111214 225.61 0.03 sell
1786312632152 9111216 225.61 0.06 sell
1786312632469 9111225 225.62 4.62 buy
1786312632471 9111226 225.63 1.08 buy
1786312633112 9111227 225.61 0.03 sell
1786312634070 9111228 225.61 0.02 sell
1786312634113 9111229 225.61 0.03 sell
1786312634153 9111230 225.61 0.06 sell
1786312634586 9111231 225.61 0.95 sell
1786312635070 9111232 225.59 0.02 sell
1786312635110 9111234 225.59 0.03 sell
1786312635134 9111235 225.59 3.9 sell
1786312635135 9111236 225.56 0.05 sell
1786312636112 9111237 225.55 0.03 sell
1786312637110 9111238 225.55 0.03 sell
1786312638114 9111240 225.55 0.03 sell
1786312639113 9111241 225.55 0.03 sell
1786312639726 9111247 225.56 10.08 buy
1786312639727 9111248 225.57 2.29 buy
1786312639727 9111249 225.58 2 buy
1786312640382 9111250 225.57 2.29 buy
1786312640382 9111251 225.58 1 buy
1786312640382 9111252 225.59 0.02 buy
1786312642392 9111254 225.6 1.23 buy
1786312645259 9111256 225.62 2.41 buy
1786312645259 9111257 225.63 0.02 buy
1786312646113 9111258 225.63 0.03 buy
1786312651112 9111259 225.63 0.03 buy
1786312659113 9111262 225.62 0.03 sell
1786312661912 9111267 225.63 1.88 buy
1786312664110 9111272 225.65 1.2 buy
1786312664110 9111273 225.67 0.13 buy
1786312665113 9111274 225.69 0.03 buy
1786312665115 9111275 225.7 0.03 buy
1786312701704 9111277 225.7 0.02 sell
1786312730556 9111281 225.71 0.82 buy
1786312730556 9111285 225.72 2.23 buy
1786312730910 9111286 225.73 0.04 buy
1786312742912 9111287 225.73 0.03 buy
1786312746912 9111288 225.73 0.04 buy
1786312747913 9111289 225.73 0.04 buy
1786312748020 9111291 225.73 0.25 buy
1786312748020 9111294 225.74 1.29 buy
1786312748021 9111297 225.75 2.42 buy
1786312748021 9111304 225.77 6.97 buy
1786312800093 9111311 225.78 6.55 buy
1786312800093 9111319 225.79 2.87 buy
1786312800260 9111320 225.79 0.02 buy
1786312800332 9111321 225.79 2.37 buy
1786312800805 9111330 225.8 4.85 buy
1786312800805 9111339 225.81 1.28 buy
1786312800811 9111342 225.82 1.18 buy
1786312800811 9111350 225.83 0.19 buy
1786312800811 9111352 225.84 0.03 buy
1786312800811 9111361 225.85 3.07 buy
1786312800909 9111362 225.85 0.02 buy
1786312800913 9111363 225.85 0.02 buy
1786312800921 9111364 225.85 0.01 buy
1786312800921 9111365 225.84 0.01 sell
1786312800926 9111366 225.84 0.01 sell
1786312800940 9111368 225.85 0.87 sell
1786312801071 9111370 225.86 0.02 buy
1786312802111 9111372 225.84 0.03 sell
1786312802326 9111373 225.85 0.02 buy
1786312803484 9111376 225.84 0.75 sell
1786312803621 9111377 225.82 0.21 buy
1786312806510 9111378 225.82 0.03 buy
1786312806846 9111379 225.83 2.13 buy
1786312809113 9111380 225.85 0.03 buy
1786312810091 9111381 225.83 0.02 sell
1786312817567 9111382 225.78 1 buy
1786312817913 9111383 225.78 0.03 buy
1786312819176 9111384 225.77 0.04 sell
1786312824537 9111385 225.77 1 sell
1786312825240 9111386 225.78 0.04 buy
1786312842112 9111387 225.77 0.03 sell
1786312846912 9111388 225.76 0.03 buy
1786312847286 9111389 225.76 1 buy
1786312847913 9111390 225.76 0.03 buy
1786312848109 9111391 225.76 0.03 buy
1786312850913 9111392 225.76 0.03 buy
1786312857553 9111393 225.76 0.45 buy
1786312866896 9111394 225.77 1 buy
1786312866897 9111396 225.77 0.58 buy
1786312866925 9111397 225.78 0.5 buy
1786312869537 9111398 225.79 1 buy
1786312869538 9111399 225.79 0.57 buy
1786312889112 9111400 225.79 0.03 sell
1786312902002 9111406 225.79 3.87 sell
1786312902029 9111407 225.74 0.02 sell
1786312903113 9111408 225.74 0.03 buy
1786312916733 9111409 225.72 0.04 sell
1786312918112 9111410 225.71 0.03 sell
1786312919112 9111411 225.71 0.03 sell
1786312927436 9111412 225.71 0.08 sell
1786312944069 9111413 225.7 0.02 sell
1786312944113 9111415 225.7 0.03 sell
1786312958113 9111416 225.67 0.03 sell
1786312962058 9111417 225.66 0.01 sell
1786312975553 9111418 225.66 0.33 buy
1786312981109 9111419 225.65 0.03 sell
1786312982663 9111420 225.65 0.05 sell
1786312982712 9111421 225.66 0.31 buy
1786312982713 9111423 225.66 1 buy
1786312983109 9111424 225.65 0.03 sell
1786312984114 9111426 225.65 0.03 sell
1786312984900 9111427 225.66 0.22 buy
1786312985110 9111428 225.65 0.03 sell
1786312986113 9111429 225.64 0.03 sell
1786312987481 9111430 225.64 0.08 sell
1786312988109 9111431 225.64 0.03 sell
1786312989112 9111432 225.64 0.03 sell
1786312990111 9111433 225.64 0.03 sell
1786312991110 9111434 225.64 0.03 sell
1786312992070 9111435 225.64 0.02 sell
1786312992114 9111436 225.64 0.03 sell
1786312993113 9111437 225.64 0.03 sell
1786312995113 9111438 225.64 0.03 sell
1786312998112 9111439 225.66 0.03 buy
1786313000112 9111440 225.66 0.03 buy
1786313001109 9111441 225.66 0.03 buy
1786313001110 9111442 225.66 0.1 buy
1786313004113 9111445 225.68 0.03 buy
1786313010112 9111448 225.68 0.03 buy
1786313011114 9111449 225.68 0.03 buy
1786313012112 9111450 225.68 0.03 buy
1786313013069 9111451 225.69 0.02 buy
1786313013112 9111453 225.69 0.03 buy
1786313014112 9111454 225.69 0.03 buy
1786313014113 9111455 225.69 0.08 buy
1786313015113 9111456 225.71 0.03 buy
1786313015115 9111457 225.73 0.02 buy
1786313015831 9111458 225.74 0.01 sell
1786313027112 9111459 225.74 0.03 buy
1786313046624 9111460 225.73 0.08 buy
1786313047908 9111461 225.73 0.04 buy
1786313049113 9111462 225.69 0.03 sell
1786313054761 9111463 225.7 0.47 sell
1786313058113 9111464 225.73 0.03 buy
1786313058114 9111465 225.73 1 buy
1786313058685 9111466 225.7 0.46 sell
1786313059113 9111467 225.73 0.03 buy
1786313061113 9111468 225.74 0.03 buy
1786313062112 9111469 225.74 0.03 buy
1786313062113 9111470 225.74 1 buy
1786313063112 9111471 225.74 0.03 buy
1786313064112 9111472 225.74 0.03 buy
1786313065349 9111477 225.73 12.69 sell
1786313073981 9111478 225.72 0.01 buy
1786313082169 9111480 225.72 0.32 sell
1786313114112 9111481 225.69 0.03 sell
1786313114114 9111483 225.69 2.4 sell
1786313115113 9111484 225.66 0.03 buy
1786313117383 9111485 225.65 0.05 sell
1786313117722 9111486 225.63 0.03 sell
1786313157072 9111487 225.67 0.02 buy
1786313175936 9111489 225.62 0.05 sell
1786313177113 9111490 225.61 0.03 sell
1786313180112 9111492 225.61 0.03 sell
1786313180113 9111493 225.61 1.12 sell
1786313180113 9111498 225.6 0.12 sell
1786313180113 9111501 225.59 0.06 sell
1786313180113 9111503 225.58 0.03 sell
1786313180593 9111504 225.59 0.01 sell
1786313185113 9111505 225.59 0.03 buy
1786313186113 9111506 225.59 0.03 buy
1786313194127 9111507 225.59 0.01 buy
1786313198070 9111508 225.59 0.02 buy
1786313219010 9111509 225.59 0.33 buy
1786313233101 9111510 225.61 0.05 sell
1786313242241 9111511 225.61 0.01 sell
1786313277333 9111513 225.65 0.03 buy
1786313290923 9111514 225.66 0.03 buy
1786313294198 9111517 225.66 0.15 sell
1786313304553 9111518 225.67 1.89 buy
1786313304554 9111520 225.69 6.71 buy
1786313343081 9111521 225.64 0.05 sell
1786313343088 9111522 225.64 0.04 sell
1786313363891 9111523 225.64 0.05 buy
1786313363912 9111524 225.64 0.01 sell
1786313415112 9111525 225.65 0.03 buy
1786313415113 9111526 225.65 0.04 buy
1786313415113 9111527 225.66 0.15 buy
1786313415113 9111530 225.67 2.18 buy
1786313415119 9111531 225.67 4.59 sell
1786313415359 9111532 225.67 0.07 sell
1786313415519 9111533 225.67 4.06 sell
1786313418480 9111535 225.67 2.16 buy
1786313418481 9111537 225.7 1.75 buy
1786313418503 9111538 225.7 1.68 buy
1786313418505 9111539 225.7 1.58 buy
1786313418506 9111540 225.7 0.1 buy
1786313418506 9111541 225.71 2.72 buy
1786313418507 9111542 225.71 0.48 buy
1786313418507 9111544 225.71 1.19 buy
1786313418510 9111546 225.69 6.11 sell
1786313418613 9111548 225.69 3.39 sell
1786313442373 9111549 225.7 0.03 sell
1786313481054 9111550 225.6 0.03 sell
1786313501110 9111551 225.59 0.03 sell
1786313501111 9111552 225.58 0.02 sell
1786313514548 9111553 225.57 0.04 sell
1786313525934 9111555 225.56 0.07 sell
1786313526110 9111556 225.55 0.03 sell
1786313526306 9111559 225.55 5.11 sell
1786313526307 9111561 225.54 0.06 sell
1786313526307 9111563 225.53 0.02 sell
1786313526368 9111564 225.53 0.01 buy
1786313526371 9111565 225.53 0.01 buy
1786313526373 9111566 225.53 0.01 buy
1786313527727 9111567 225.53 0.49 buy
1786313531684 9111568 225.53 0.49 sell
1786313534037 9111571 225.52 0.15 sell
1786313534038 9111573 225.51 0.05 sell
1786313534112 9111574 225.51 0.03 buy
1786313534149 9111583 225.5 3.83 sell
1786313534150 9111584 225.49 0.01 sell
1786313535669 9111586 225.48 1.17 sell
1786313538742 9111587 225.47 0.01 sell
1786313538837 9111588 225.47 0.02 sell
1786313538845 9111589 225.47 0.01 sell
1786313542931 9111591 225.47 0.04 sell
1786313542931 9111592 225.46 0.01 sell
1786313542931 9111597 225.46 0.05 sell
1786313542931 9111598 225.45 0.02 sell
1786313542931 9111599 225.44 0.02 sell
1786313543671 9111600 225.43 0.89 sell
1786313544860 9111601 225.44 0.01 buy
1786313544941 9111602 225.47 0.02 buy
1786313544945 9111603 225.47 0.01 buy
1786313549803 9111605 225.46 0.89 sell
1786313550546 9111607 225.46 3.89 sell
1786313551755 9111608 225.45 0.05 buy
1786313552767 9111609 225.42 0.89 sell
1786313556044 9111610 225.42 0.89 sell
1786313556048 9111612 225.41 0.05 sell
1786313556099 9111614 225.4 0.03 sell
1786313558717 9111616 225.42 0.38 sell
1786313558717 9111617 225.41 0.29 sell
1786313558762 9111618 225.43 0.05 buy
1786313558974 9111619 225.43 0.03 buy
1786313559254 9111620 225.42 0.18 sell
1786313559254 9111621 225.41 0.2 sell
1786313559885 9111622 225.43 0.21 buy
1786313559908 9111623 225.43 0.21 buy
1786313563957 9111624 225.41 0.89 sell
1786313571171 9111626 225.4 0.21 sell
1786313601542 9111629 225.41 2.09 buy
1786313601543 9111630 225.43 0.06 buy
1786313616078 9111631 225.47 0.13 buy
1786313616078 9111632 225.48 0.55 buy
1786313617467 9111633 225.48 0.89 sell
1786313641848 9111636 225.48 0.68 sell
1786313643506 9111637 225.48 0.05 sell
1786313646756 9111638 225.44 0.02 sell
1786313662594 9111639 225.47 1.82 buy
1786313663488 9111640 225.48 0.02 buy
1786313672799 9111642 225.49 0.22 buy
1786313672800 9111643 225.5 0.09 buy
1786313684063 9111645 225.5 0.02 sell
1786313708726 9111648 225.46 1.67 sell
1786313708728 9111649 225.45 0.14 sell
1786313708756 9111650 225.42 0.02 sell
1786313721667 9111654 225.4 0.84 sell
1786313721667 9111659 225.39 0.19 sell
1786313721667 9111665 225.38 1.06 sell
1786313723402 9111666 225.38 0.05 buy
1786313725221 9111667 225.38 0.05 buy
1786313763068 9111668 225.38 0.19 buy
1786313763069 9111669 225.38 1 buy
1786313763145 9111670 225.38 0.19 buy
1786313763215 9111673 225.38 0.19 buy
1786313763276 9111675 225.38 0.15 buy
1786313763276 9111676 225.4 0.03 buy
1786313765415 9111677 225.4 0.1 buy
1786313765791 9111678 225.41 0.01 sell
1786313771509 9111679 225.38 0.02 sell
1786313782509 9111680 225.38 0.02 sell
1786313806576 9111681 225.4 0.89 sell
1786313806582 9111682 225.38 0.02 sell
1786313809649 9111683 225.39 0.89 sell
1786313814595 9111684 225.38 0.89 sell
1786313821537 9111685 225.38 0.5 sell
1786313838619 9111690 225.37 0.89 sell
1786313841218 9111691 225.38 0.17 buy
1786313842002 9111695 225.36 0.17 sell
1786313842002 9111696 225.35 0.41 sell
1786313842314 9111699 225.35 0.87 sell
1786313842612 9111700 225.35 0.11 buy
1786313845033 9111707 225.34 0.15 sell
1786313849312 9111711 225.33 0.31 sell
1786313852874 9111716 225.32 11.13 sell
1786313852879 9111721 225.31 0.24 sell
1786313852951 9111723 225.3 5.2 sell
1786313852952 9111727 225.3 5.91 sell
1786313853025 9111729 225.29 0.05 sell
1786313853026 9111731 225.28 0.06 sell
1786313853139 9111733 225.27 0.06 sell
1786313853541 9111735 225.26 0.07 sell
1786313853541 9111740 225.25 5.12 sell
1786313853541 9111742 225.24 0.08 sell
1786313853541 9111749 225.23 0.16 sell
1786313853541 9111756 225.22 1.71 sell
1786313853653 9111757 225.25 0.01 buy
1786313853658 9111758 225.25 0.01 buy
1786313854463 9111759 225.26 0.21 buy
1786313857477 9111760 225.25 0.29 sell
1786313857477 9111761 225.22 1.71 sell
1786313857480 9111762 225.22 0.02 sell
1786313858617 9111763 225.22 0.2 sell
1786313862726 9111764 225.22 0.15 sell
1786313863872 9111765 225.22 0.1 sell
1786313864132 9111766 225.22 0.1 sell
1786313866177 9111767 225.22 0.3 sell
1786313866957 9111768 225.22 0.1 sell
1786313867205 9111769 225.21 0.04 sell
1786313871705 9111771 225.21 0.16 buy
1786313879555 9111772 225.21 0.1 buy
1786313879841 9111773 225.21 0.1 buy
1786313880053 9111780 225.2 0.41 sell
1786313880053 9111784 225.18 0.07 sell
1786313880053 9111788 225.17 5.25 sell
1786313880053 9111798 225.16 17.79 sell
1786313880053 9111799 225.16 4.37 sell
1786313880054 9111800 225.16 0.98 sell
1786313880054 9111808 225.15 6.14 sell
1786313880063 9111811 225.14 0.07 sell
1786313880867 9111813 225.17 0.19 buy
1786313880867 9111814 225.18 0.11 buy
1786313881301 9111815 225.17 0.1 buy
1786313883956 9111817 225.17 4 sell
1786313884383 9111818 225.16 0.1 sell
1786313933350 9111821 225.17 12.55 sell
1786313933350 9111822 225.16 1.78 sell
1786313933350 9111823 225.15 4.6 sell
1786313933350 9111826 225.14 1.93 sell
1786313933350 9111832 225.13 8.03 sell
1786313933350 9111840 225.12 7.07 sell
1786313933350 9111844 225.11 4.3 sell
1786313933350 9111856 225.1 16.88 sell
1786313933363 9111857 225.1 0.62 buy
1786313933364 9111858 225.1 0.62 buy
1786313933365 9111861 225.1 41.75 buy
1786313940891 9111862 225.15 4.25 sell
1786313940891 9111865 225.13 6.8 sell
1786313940891 9111870 225.12 14.96 sell
1786313940891 9111872 225.11 1.43 sell
1786313940891 9111877 225.1 6.25 sell
1786313943394 9111878 225.13 0.05 sell
1786313943395 9111880 225.13 1.4 sell
1786313950775 9111881 225.13 0.06 buy
1786313951544 9111883 225.14 1 buy
1786313951548 9111885 225.14 0.34 buy
1786313953590 9111886 225.16 0.13 buy
1786313974152 9111887 225.18 0.05 buy
1786313974153 9111888 225.18 0.08 buy
1786313977442 9111890 225.26 0.06 buy
1786313978951 9111891 225.28 0.04 buy
1786313983855 9111895 225.28 0.82 sell
1786313983856 9111896 225.26 0.02 sell
1786313983856 9111898 225.24 1.02 sell
1786313983857 9111899 225.23 1 sell
1786313983857 9111903 225.22 4.12 sell
1786313983858 9111905 225.21 3.43 sell
1786313983996 9111906 225.26 0.22 buy
1786314018096 9111910 225.27 1.36 buy
1786314018099 9111912 225.29 0.89 buy
1786314018101 9111916 225.3 6.06 buy
1786314018103 9111917 225.31 0.02 buy
1786314026260 9111918 225.33 0.13 buy
1786314026260 9111922 225.34 0.12 buy
1786314026260 9111929 225.35 4.26 buy
1786314026262 9111931 225.36 2.36 buy
1786314026262 9111936 225.37 1.24 buy
1786314026262 9111941 225.38 1.19 buy
1786314026269 9111942 225.38 0.75 sell
1786314063620 9111944 225.38 0.05 sell
1786314071237 9111945 225.38 0.32 sell
1786314083658 9111947 225.39 0.12 buy
1786314095217 9111951 225.38 3.76 sell
1786314095221 9111952 225.36 0.02 sell
1786314171419 9111953 225.34 0.02 sell
1786314175235 9111955 225.34 0.02 buy
1786314203082 9111959 225.35 10.39 sell
1786314203082 9111961 225.34 2.77 sell
1786314303659 9111962 225.35 0.05 sell
1786314311027 9111963 225.34 1 sell
1786314320092 9111964 225.33 0.09 sell
1786314364911 9111966 225.32 0.16 sell
1786314369707 9111967 225.3 0.06 sell
1786314412285 9111971 225.3 1 buy
1786314412285 9111973 225.3 0.6 buy
1786314412287 9111977 225.31 0.07 buy
1786314417939 9111979 225.33 0.15 buy
1786314417979 9111980 225.37 0.25 sell
1786314447109 9111981 225.36 0.04 sell
1786314448112 9111982 225.36 0.04 sell
1786314474045 9111985 225.36 0.39 sell
1786314474046 9111987 225.34 0.09 sell
1786314475109 9111988 225.33 0.04 sell
1786314483449 9111989 225.33 0.05 sell
1786314483472 9111992 225.33 1.51 sell
1786314483585 9111994 225.32 0.08 sell
1786314494112 9111995 225.31 0.04 sell
1786314509941 9111996 225.32 0.01 buy
1786314509949 9111998 225.32 1.8 sell
1786314522109 9111999 225.33 0.04 buy
1786314530126 9112001 225.31 4.97 sell
1786314530576 9112003 225.28 0.13 sell
1786314530577 9112005 225.26 0.05 sell
1786314545629 9112007 225.24 0.12 sell
1786314545629 9112010 225.23 0.31 sell
1786314545629 9112013 225.22 3.26 sell
1786314545630 9112017 225.21 6.04 sell
1786314545630 9112022 225.2 5.9 sell
1786314545630 9112024 225.19 9.53 sell
1786314545631 9112026 225.19 2.4 sell
1786314545631 9112027 225.18 3.17 sell
1786314550390 9112028 225.19 0.01 buy
1786314551112 9112029 225.21 0.04 buy
1786314552111 9112030 225.21 0.04 buy
1786314566078 9112031 225.26 0.01 buy
1786314567112 9112032 225.27 0.04 buy
1786314603078 9112034 225.26 0.05 sell
1786314610910 9112037 225.27 0.07 buy
1786314622294 9112038 225.29 0.13 buy
1786314622648 9112039 225.3 0.08 buy
1786314622648 9112040 225.31 0.02 buy
1786314622648 9112041 225.32 0.13 buy
1786314625136 9112042 225.32 0.13 buy
1786314625136 9112043 225.33 0.02 buy
1786314625136 9112044 225.34 0.06 buy
1786314680224 9112049 225.33 4.56 sell
1786314680334 9112053 225.33 1.27 sell
1786314680334 9112055 225.31 1.62 sell
1786314681142 9112057 225.3 0.07 sell
1786314684443 9112059 225.29 1.38 sell
1786314684445 9112060 225.28 0.02 sell
1786314684447 9112061 225.26 0.02 sell
1786314689224 9112063 225.25 0.02 buy
1786314723691 9112065 225.27 4.69 sell
1786314723889 9112066 225.27 4.69 sell
1786314724111 9112070 225.27 4.11 sell
1786314783873 9112072 225.28 4.75 sell
1786314783979 9112073 225.27 1.57 sell
1786314783980 9112074 225.26 0.02 sell
1786314790560 9112077 225.25 2.93 sell
1786314803112 9112079 225.24 0.04 sell
1786314804113 9112080 225.24 0.04 sell
1786314805109 9112081 225.24 0.04 sell
1786314806111 9112082 225.24 0.04 sell
1786314807112 9112083 225.24 0.04 sell
1786314814112 9112084 225.24 0.04 sell
1786314849109 9112085 225.25 0.04 buy
1786314859610 9112091 225.24 6.62 sell
1786314859610 9112094 225.23 4.38 sell
1786314869375 9112095 225.24 0.13 sell
1786314872959 9112097 225.24 0.03 sell
1786314892732 9112098 225.23 0.63 sell
1786314898112 9112101 225.24 0.04 buy
1786314899113 9112102 225.24 0.03 buy
1786314899114 9112103 225.24 0.08 buy
1786314900113 9112104 225.26 0.04 buy
1786314910420 9112105 225.26 0.01 buy
1786314912663 9112107 225.26 0.63 sell
1786314920210 9112108 225.27 0.12 buy
1786314962109 9112109 225.27 0.04 buy
1786314966113 9112110 225.27 0.04 buy
1786314967109 9112111 225.27 0.01 buy
1786315008976 9112114 225.26 4.68 sell
1786315009077 9112117 225.26 1.24 sell
1786315022705 9112118 225.24 0.05 sell
1786315023397 9112119 225.24 0.02 sell
1786315052113 9112120 225.24 0.08 buy
1786315082423 9112122 225.24 0.05 sell
1786315127035 9112128 225.24 2.09 sell
1786315141103 9112129 225.23 0.69 sell
1786315143537 9112130 225.23 0.05 sell
1786315203691 9112131 225.23 0.05 sell
1786315208406 9112132 225.24 0.04 buy
1786315209144 9112133 225.24 0.04 buy
1786315209145 9112145 225.24 5.33 buy
1786315223366 9112146 225.24 0.8 sell
1786315225847 9112147 225.21 0.12 buy
1786315269988 9112154 225.2 3.77 sell
1786315270088 9112156 225.19 0.55 sell
1786315270091 9112157 225.18 0.02 sell
1786315270091 9112158 225.17 0.04 sell
1786315323563 9112161 225.16 0.06 sell
1786315394215 9112164 225.17 0.16 buy
1786315438424 9112165 225.21 0.13 buy
1786315483383 9112172 225.21 0.53 sell
1786315486458 9112175 225.16 1.76 sell
1786315486459 9112176 225.15 0.03 sell
1786315486459 9112177 225.14 0.01 sell
1786315496258 9112185 225.13 3.41 sell
1786315498244 9112189 225.12 0.13 sell
1786315515906 9112197 225.1 2.14 sell
1786315515909 9112199 225.09 1.22 sell
1786315520789 9112208 225.08 1.32 sell
1786315520789 9112211 225.07 0.1 sell
1786315529565 9112213 225.07 0.14 sell
1786315541462 9112220 225.06 0.63 sell
1786315541463 9112227 225.05 0.23 sell
1786315542510 9112232 225.04 0.48 sell
1786315544142 9112234 225.04 0.22 buy
1786315550907 9112242 225.03 0.66 sell
1786315550909 9112243 225.02 11.79 sell
1786315550909 9112244 225.02 2.14 sell
1786315550909 9112247 225.02 1.91 sell
1786315550910 9112248 225.01 7.48 sell
1786315551011 9112255 225.01 2.94 sell
1786315554937 9112268 225 4.9 sell
1786315554938 9112270 225 4.29 sell
1786315554938 9112272 224.99 0.12 sell
1786315554938 9112274 224.98 0.05 sell
1786315554938 9112279 224.97 0.12 sell
1786315560068 9112284 224.96 1.36 sell
1786315560069 9112291 224.95 8.15 sell
1786315560069 9112299 224.94 2.83 sell
1786315560070 9112300 224.95 0.02 sell
1786315560070 9112301 224.94 1.53 sell
1786315560071 9112303 224.94 0.92 sell
1786315560073 9112307 224.93 11.12 sell
1786315560073 9112310 224.92 16.57 sell
1786315560074 9112311 224.92 5.37 sell
1786315560075 9112312 224.92 0.42 sell
1786315560172 9112313 224.92 0.01 buy
1786315560175 9112314 224.92 0.01 buy
1786315560913 9112315 224.92 0.03 buy
1786315589116 9112321 224.92 6.45 buy
1786315589131 9112324 224.93 2.19 buy
1786315589185 9112325 224.94 0.13 buy
1786315589189 9112326 224.97 0.02 buy
1786315616434 9112327 224.97 0.01 sell
1786315623678 9112328 224.95 0.05 sell
1786315624159 9112329 224.93 0.05 sell
1786315631103 9112330 224.94 0.02 buy
1786315631283 9112333 224.98 0.22 buy
1786315631343 9112334 224.98 0.22 buy
1786315650429 9112336 224.98 0.11 buy
1786315669855 9112338 224.98 0.09 buy
1786315720489 9112341 225 0.16 sell
1786315722352 9112343 225.01 1 buy
1786315722353 9112346 225.01 5 buy
1786315750437 9112349 225.01 0.16 buy
1786315750439 9112350 225.03 0.02 buy
1786315797611 9112355 225.04 0.29 buy
1786315797620 9112356 225.06 0.04 buy
1786315799006 9112366 225.06 15.79 sell
1786315803183 9112367 225.07 0.02 buy
1786315807110 9112368 225.09 1.14 buy
1786315807110 9112369 225.1 0.13 buy
1786315807110 9112370 225.11 1.44 buy
1786315807110 9112371 225.11 0.87 buy
1786315807120 9112372 225.14 0.01 buy
1786315807120 9112373 225.15 0.03 buy
1786315807141 9112377 225.16 0.21 buy
1786315807479 9112378 225.15 0.02 buy
1786315838074 9112387 225.16 10.23 sell
1786315838077 9112388 225.14 0.02 sell
1786315838087 9112389 225.12 0.02 sell
1786315843448 9112390 225.15 0.02 buy
1786315855809 9112391 225.16 0.12 buy
1786315866889 9112392 225.16 0.02 sell
1786315881704 9112397 225.15 2.32 sell
1786315881705 9112398 225.14 0.1 sell
1786315881708 9112399 225.12 0.02 sell
1786315933134 9112404 225.14 0.08 buy
1786315957348 9112405 225.15 0.12 buy
1786316001772 9112416 225.14 2.91 sell
1786316001773 9112418 225.13 0.16 sell
1786316017743 9112419 225.09 0.02 sell
1786316042045 9112422 225.08 1.11 sell
1786316042046 9112423 225.06 0.06 sell
1786316044024 9112424 225.04 0.03 sell
1786316044024 9112425 225.01 0.02 sell
1786316138215 9112432 225.01 1.51 buy
1786316148557 9112433 225.05 0.12 buy
1786316162265 9112435 225.02 0.44 sell
1786316207637 9112438 225.02 0.12 sell
1786316207639 9112439 224.99 0.09 sell
1786316209750 9112441 224.97 0.08 sell
1786316220148 9112442 224.96 1 sell
1786316220150 9112443 224.96 0.14 sell
1786316220151 9112446 224.95 0.06 sell
1786316224649 9112451 224.94 0.2 sell
1786316224649 9112454 224.93 0.09 sell
1786316230340 9112457 224.91 0.16 sell
1786316258356 9112463 224.92 5.07 buy
1786316282867 9112464 224.92 0.05 sell
1786316313124 9112465 224.93 0.02 buy
1786316337538 9112466 224.93 0.02 buy
1786316350343 9112467 224.93 0.01 buy
1786316357388 9112468 224.93 0.01 buy
1786316367207 9112469 224.93 0.04 buy
1786316374789 9112470 224.93 0.01 buy
1786316381841 9112471 224.93 0.01 buy
1786316387355 9112472 224.93 0.01 buy
1786316395250 9112473 224.93 0.01 buy
1786316403066 9112474 224.92 0.05 sell
1786316404816 9112475 224.92 0.15 sell
1786316410927 9112476 224.93 0.01 buy
1786316413271 9112477 224.92 0.13 sell
1786316413271 9112478 224.92 0.06 sell
1786316413271 9112479 224.92 0.03 sell
1786316413271 9112480 224.92 0.03 sell
1786316413271 9112481 224.92 0.03 sell
1786316414093 9112485 224.93 1.22 buy
1786316416608 9112496 224.96 21.2 sell
1786316416608 9112499 224.95 63.34 sell
1786316416608 9112503 224.94 41.24 sell
1786316417152 9112504 224.97 0.04 buy
1786316420409 9112505 224.97 0.01 buy
1786316431498 9112506 224.97 0.01 buy
1786316438076 9112508 224.97 0.09 buy
1786316442987 9112510 225 0.15 buy
1786316442987 9112511 225.02 0.05 buy
1786316442989 9112513 225.02 2 buy
1786316443049 9112514 225.03 0.2 buy
1786316448910 9112515 225.03 0.03 buy
1786316449152 9112516 225.03 0.03 buy
1786316449740 9112517 225.03 0.07 buy
1786316449913 9112518 225.04 0.03 buy
1786316451151 9112519 225.06 0.03 buy
1786316461251 9112525 225.05 5 sell
1786316461256 9112526 225.03 0.11 sell
1786316461266 9112527 225.02 0.02 sell
1786316461322 9112528 225 0.02 sell
1786316461338 9112529 224.98 0.02 sell
1786316461339 9112530 224.96 0.02 sell
1786316461339 9112532 224.94 0.04 sell
1786316476432 9112536 224.95 3.24 sell
1786316476433 9112537 224.94 0.02 sell
1786316479760 9112538 224.94 0.01 buy
1786316488331 9112539 224.94 0.01 buy
1786316493808 9112540 224.93 0.03 sell
1786316493809 9112541 224.91 0.01 sell
1786316528639 9112550 224.91 0.25 buy
1786316529905 9112551 224.94 0.01 sell
1786316545161 9112552 224.92 0.02 sell
1786316578642 9112553 224.91 0.42 sell
1786316581210 9112554 224.91 0.27 sell
1786316583084 9112555 224.91 0.05 sell
1786316583541 9112556 224.91 0.4 sell
1786316585857 9112557 224.91 0.36 sell
1786316588176 9112559 224.91 0.26 sell
1786316596460 9112564 224.92 2.56 buy
1786316601523 9112565 224.94 0.02 sell
1786316650461 9112566 224.91 0.16 sell
1786316667078 9112569 224.91 0.18 sell
1786316667079 9112582 224.9 2.67 sell
1786316703857 9112584 224.89 0.05 sell
1786316704210 9112585 224.89 0.05 sell
1786316705651 9112586 224.9 0.08 buy
1786316705652 9112588 224.9 2 buy
1786316725962 9112595 224.89 0.8 sell
1786316725965 9112600 224.88 0.49 sell
1786316725966 9112604 224.87 0.15 sell
1786316783307 9112607 224.86 0.03 sell
1786316783308 9112611 224.85 0.22 sell
1786316783310 9112614 224.84 0.09 sell
1786316800315 9112618 224.83 1.81 sell
1786316816301 9112619 224.83 3.55 buy
1786316847228 9112620 224.83 0.12 buy
1786316852381 9112626 224.83 1.89 buy
1786316852382 9112628 224.85 3.86 buy
1786316852382 9112631 224.86 11.31 buy
1786316852383 9112633 224.87 2.53 buy
1786316852383 9112636 224.88 7.01 buy
1786316852383 9112639 224.89 4.92 buy
1786316852383 9112640 224.9 2.81 buy
1786316857123 9112642 224.89 1.02 buy
1786316857123 9112643 224.9 2.39 buy
1786316857123 9112649 224.91 6.44 buy
1786316857124 9112652 224.92 5.84 buy
1786316857417 9112654 224.92 0.03 buy
1786316861125 9112656 224.92 0.14 buy
1786316861126 9112658 224.95 2.37 buy
1786316884608 9112659 224.95 0.03 sell
1786316888312 9112661 224.88 0.04 sell
1786316888574 9112662 224.86 0.02 sell
1786316893699 9112663 224.85 0.02 sell
1786316951905 9112668 224.85 3.21 buy
1786317004363 9112670 224.84 0.05 sell
1786317014236 9112673 224.85 0.12 buy
1786317014237 9112675 224.85 0.08 buy
1786317093084 9112676 224.86 0.27 sell
1786317123842 9112678 224.82 0.05 sell
1786317160314 9112680 224.83 0.16 sell
1786317310408 9112685 224.83 0.16 sell
1786317310408 9112687 224.83 0.03 sell
1786317333864 9112689 224.82 0.05 sell
1786317343522 9112692 224.82 0.19 sell
1786317344542 9112696 224.81 0.11 sell
1786317357232 9112708 224.8 5.2 sell
1786317357358 9112713 224.8 4.65 sell
1786317357360 9112714 224.79 0.04 sell
1786317357402 9112716 224.79 0.21 buy
1786317358389 9112723 224.78 0.09 sell
1786317362887 9112724 224.78 0.01 buy
1786317362897 9112727 224.78 2.52 sell
1786317363179 9112731 224.76 0.05 sell
1786317363877 9112734 224.77 4.93 sell
1786317364131 9112736 224.77 0.64 sell
1786317364569 9112739 224.76 0.13 sell
1786317374604 9112741 224.75 0.14 sell
1786317377522 9112750 224.75 5.18 sell
1786317385538 9112754 224.74 5.06 sell
1786317385542 9112760 224.73 0.67 sell
1786317385542 9112761 224.72 0.02 sell
1786317385889 9112764 224.73 2.78 sell
1786317389051 9112767 224.72 0.09 sell
1786317391293 9112768 224.71 0.15 sell
1786317417950 9112769 224.71 0.04 sell
1786317421218 9112776 224.72 2.31 buy
1786317421237 9112778 224.74 5.43 sell
1786317424924 9112782 224.74 1.25 sell
1786317424926 9112783 224.72 0.02 sell
1786317425467 9112785 224.73 0.33 sell
1786317425823 9112786 224.72 0.23 sell
1786317425823 9112787 224.71 4.41 sell
1786317426015 9112796 224.71 2.5 sell
1786317426015 9112800 224.7 3.04 sell
1786317426117 9112803 224.7 4.58 sell
1786317426247 9112805 224.7 0.62 sell
1786317442563 9112808 224.69 0.09 sell
1786317442677 9112814 224.68 0.33 sell
1786317442804 9112816 224.68 0.46 sell
1786317442928 9112818 224.68 0.32 sell
1786317443118 9112819 224.68 0.01 buy
1786317443128 9112822 224.68 2.44 sell
1786317443367 9112823 224.68 0.22 sell
1786317443477 9112825 224.68 1.34 sell
1786317444159 9112826 224.68 0.02 buy
1786317444167 9112830 224.68 5.01 sell
1786317444287 9112831 224.68 0.16 sell
1786317452517 9112833 224.68 0.42 sell
1786317469047 9112834 224.68 0.01 sell
1786317485326 9112841 224.67 0.45 sell
1786317485331 9112845 224.66 0.23 sell
1786317485331 9112847 224.65 0.14 sell
1786317485332 9112848 224.66 1.93 buy
1786317493949 9112850 224.65 5.06 sell
1786317494040 9112851 224.65 0.01 buy
1786317494045 9112852 224.65 0.01 buy
1786317494045 9112853 224.65 0.01 buy
1786317494057 9112857 224.64 0.11 sell
1786317499631 9112859 224.63 0.91 sell
1786317524245 9112867 224.62 0.33 sell
1786317524367 9112871 224.61 0.17 sell
1786317533382 9112885 224.6 0.5 sell
1786317543372 9112886 224.59 0.05 sell
1786317543377 9112889 224.61 5.13 buy
1786317543377 9112891 224.62 5.14 buy
1786317543377 9112895 224.63 2.73 buy
1786317558837 9112896 224.61 3.66 sell
1786317560312 9112898 224.61 0.03 buy
1786317560317 9112901 224.61 2.31 sell
1786317594267 9112902 224.61 0.37 sell
1786317639588 9112907 224.61 11.57 sell
1786317639695 9112908 224.61 0.22 buy
1786317641503 9112910 224.6 0.47 sell
1786317641503 9112914 224.59 7.47 sell
1786317641503 9112915 224.59 7.47 sell
1786317641503 9112918 224.59 91.37 sell
1786317641503 9112919 224.59 96.41 sell
1786317641503 9112922 224.58 3.85 sell
1786317641503 9112926 224.57 1.31 sell
1786317641503 9112928 224.56 0.83 sell
1786317641504 9112937 224.55 7.47 sell
1786317641504 9112938 224.55 7.47 sell
1786317641504 9112939 224.55 1.57 sell
1786317641505 9112941 224.54 0.06 sell
1786317641505 9112942 224.53 0.77 sell
1786317641507 9112949 224.52 0.55 sell
1786317641507 9112953 224.51 2.42 sell
1786317641507 9112961 224.5 2.39 sell
1786317641508 9112962 224.51 1.66 buy
1786317641508 9112964 224.53 3.23 buy
1786317641508 9112965 224.54 1.06 buy
1786317641513 9112966 224.52 1.57 buy
1786317641513 9112968 224.53 2.13 buy
1786317641581 9112977 224.5 2.23 sell
1786317641581 9112982 224.49 0.17 sell
1786317641581 9112989 224.48 3.2 sell
1786317641583 9112990 224.48 2.82 sell
1786317641583 9112991 224.47 0.05 sell
1786317641583 9112994 224.46 0.09 sell
1786317641583 9112995 224.45 0.13 sell
1786317641588 9112996 224.47 0.34 sell
1786317649124 9113000 224.49 1.32 sell
1786317660155 9113001 224.47 0.42 buy
1786317660157 9113004 224.5 3.85 buy
1786317660159 9113005 224.51 0.02 buy
1786317660174 9113008 224.51 4.31 sell
1786317660174 9113010 224.5 4.79 sell
1786317660174 9113011 224.49 5.64 sell
1786317660214 9113012 224.48 0.02 sell
1786317660215 9113014 224.47 23.41 sell
1786317660227 9113018 224.48 6.36 buy
1786317704020 9113031 224.47 23.8 sell
1786317704020 9113034 224.46 8.23 sell
1786317704020 9113041 224.45 18.86 sell
1786317704020 9113052 224.44 21.81 sell
1786317704020 9113058 224.43 19.2 sell
1786317704020 9113061 224.42 4.52 sell
1786317704020 9113071 224.41 11.58 sell
1786317704020 9113081 224.4 21.84 sell
1786317704025 9113082 224.44 1 sell
1786317764771 9113095 224.47 11.82 sell
1786317765380 9113100 224.46 3.1 sell
1786317776230 9113111 224.45 11.02 buy
1786317781754 9113114 224.46 1.88 sell
1786317798432 9113116 224.47 4.59 buy
1786317798437 9113117 224.47 4.63 sell
1786317798567 9113118 224.47 1.15 sell
1786317798756 9113120 224.47 5.15 buy
1786317816582 9113121 224.48 0.02 buy
1786317819575 9113122 224.51 0.04 buy
1786317843840 9113124 224.51 0.05 sell
1786317845611 9113125 224.52 0.13 buy
1786317860715 9113126 224.53 0.3 buy
1786317860715 9113127 224.54 0.3 buy
1786317860715 9113128 224.56 3.4 buy
1786317952665 9113136 224.57 8.78 buy
1786317952665 9113142 224.59 16.88 buy
1786317952665 9113144 224.6 4.34 buy
1786317952677 9113145 224.57 4.59 sell
1786317962470 9113146 224.56 0.12 sell
1786317963267 9113151 224.56 7.38 sell
1786317963267 9113153 224.54 0.3 sell
1786317963267 9113154 224.52 0.02 sell
1786317963268 9113155 224.51 1.57 sell
1786317963268 9113158 224.49 3.83 sell
1786317963268 9113159 224.48 10 sell
1786317963273 9113160 224.47 0.09 sell
1786317963274 9113163 224.47 7.63 buy
1786317963274 9113167 224.48 9.28 buy
1786317963377 9113173 224.46 5.34 sell
1786317963377 9113175 224.44 0.98 sell
1786317963477 9113176 224.44 0.17 sell
1786317963477 9113177 224.43 0.08 sell
1786317974820 9113180 224.43 2.2 buy
1786317974820 9113182 224.44 2.31 buy
1786317974820 9113186 224.45 1.06 buy
1786317996261 9113188 224.44 2.04 buy
1786318019977 9113191 224.46 5.04 sell
1786318020087 9113192 224.46 0.53 sell
1786318020087 9113193 224.45 1.57 sell
1786318023574 9113194 224.44 0.05 sell
1786318027862 9113195 224.44 0.05 sell
1786318047734 9113201 224.44 2.01 sell
1786318047737 9113202 224.42 0.02 sell
1786318048860 9113203 224.42 0.88 buy
1786318048866 9113204 224.42 0.01 buy
1786318083790 9113206 224.42 0.05 sell
1786318105392 9113213 224.42 2.08 sell
1786318105395 9113215 224.4 0.06 sell
1786318105487 9113216 224.4 0.2 buy
1786318108333 9113217 224.4 0.95 buy
1786318108808 9113222 224.39 2.02 sell
1786318108825 9113224 224.39 0.97 sell
1786318117530 9113226 224.39 1.77 sell
1786318118707 9113232 224.39 8.98 buy
1786318146094 9113235 224.39 41.45 buy
1786318159107 9113241 224.38 1.09 sell
1786318159109 9113243 224.37 0.07 sell
1786318164951 9113244 224.36 0.01 sell
1786318179522 9113248 224.35 22.2 sell
1786318179523 9113250 224.34 0.02 sell
1786318179636 9113251 224.34 0.01 buy
1786318179639 9113252 224.34 0.01 buy
1786318192284 9113256 224.34 2.8 buy
1786318201205 9113257 224.35 0.71 sell
1786318201244 9113258 224.35 0.71 sell
1786318201259 9113259 224.35 0.35 sell
1786318201324 9113260 224.35 0.71 sell
1786318201445 9113262 224.35 0.89 sell
1786318201514 9113263 224.35 0.71 sell
1786318201989 9113270 224.36 4 buy
1786318204107 9113271 224.35 0.01 sell
1786318204756 9113274 224.35 4.75 buy
1786318205218 9113275 224.35 0.21 sell
1786318205225 9113279 224.33 0.26 sell
1786318205987 9113282 224.34 2.68 buy
1786318220483 9113283 224.36 0.16 sell
1786318230038 9113284 224.35 0.51 sell
1786318230038 9113285 224.34 0.31 sell
1786318230039 9113287 224.34 3.65 sell
1786318230040 9113289 224.33 2.09 sell
1786318230040 9113290 224.35 1.34 sell
1786318230040 9113300 224.32 4.31 sell
1786318230041 9113301 224.31 0.56 sell
1786318233736 9113302 224.33 1 buy
1786318233739 9113303 224.36 2.44 buy
1786318263125 9113304 224.37 0.01 buy
1786318266289 9113306 224.39 1.53 buy
1786318273486 9113307 224.38 0.13 sell
1786318280766 9113308 224.37 2.63 buy
1786318299174 9113309 224.36 0.12 sell
1786318306563 9113311 224.36 0.9 sell
1786318306564 9113312 224.34 5.46 sell
1786318306566 9113313 224.32 0.02 sell
1786318307318 9113315 224.32 0.09 buy
1786318323029 9113316 224.33 0.05 sell
1786318330301 9113317 224.33 0.24 sell
1786318342690 9113318 224.33 0.04 sell
1786318346534 9113319 224.33 0.5 sell
1786318370000 9113320 224.33 0.24 sell
1786318382728 9113321 224.33 0.06 sell
1786318382750 9113322 224.33 0.05 sell
1786318384676 9113324 224.34 0.07 buy
1786318441417 9113327 224.35 0.24 buy
1786318441417 9113328 224.36 1.57 buy
1786318441417 9113331 224.37 7.05 buy
1786318441417 9113335 224.38 12.47 buy
1786318469200 9113336 224.34 0.01 sell
1786318479132 9113337 224.33 1.57 sell
1786318490508 9113341 224.32 5.5 sell
1786318490508 9113346 224.31 44.5 sell
1786318491192 9113349 224.33 0.04 buy
1786318491488 9113352 224.36 2.47 buy
1786318498735 9113354 224.36 3.33 buy
1786318498735 9113357 224.37 4.76 buy
1786318498735 9113361 224.38 65.8 buy
1786318498735 9113365 224.39 148.96 buy
1786318498736 9113366 224.39 38.33 buy
1786318498739 9113367 224.4 0.05 buy
1786318500957 9113368 224.44 0.92 buy
1786318506237 9113370 224.44 1.42 buy
1786318510480 9113371 224.42 0.16 sell
1786318597010 9113376 224.43 3.21 buy
1786318600253 9113381 224.44 1.93 buy
1786318619968 9113383 224.45 1.16 buy
1786318619969 9113384 224.46 0.01 buy
1786318619969 9113385 224.47 0.02 buy
1786318627176 9113387 224.48 0.2 buy
1786318678783 9113389 224.49 0.1 buy
1786318678784 9113390 224.49 0.01 buy
1786318740053 9113396 224.5 2.1 buy
1786318750888 9113398 224.51 0.09 buy
1786318774405 9113401 224.52 0.25 buy
1786318788542 9113412 224.52 19.96 sell
1786318788542 9113418 224.51 10.79 sell
1786318788546 9113419 224.51 13.79 buy
1786318803663 9113420 224.52 0.61 sell
1786318804420 9113423 224.53 0.19 buy
1786318804420 9113424 224.54 0.01 buy
1786318804420 9113431 224.55 0.08 buy
1786318804420 9113433 224.56 2.72 buy
1786318806687 9113434 224.55 0.04 buy
1786318983123 9113435 224.55 0.06 sell
1786318983124 9113444 224.56 2.35 buy
1786318983124 9113446 224.57 1.15 buy
1786319041017 9113448 224.58 0.06 buy
1786319042806 9113449 224.58 0.05 sell
1786319119133 9113457 224.59 0.38 buy
1786319138486 9113462 224.6 0.22 buy
1786319142314 9113465 224.61 0.17 buy
1786319142316 9113468 224.62 0.08 buy
1786319143128 9113470 224.63 0.12 buy
1786319143128 9113472 224.64 0.03 buy
1786319143128 9113473 224.65 5 buy
1786319143128 9113476 224.66 4.99 buy
1786319143128 9113481 224.67 4.56 buy
1786319143201 9113482 224.64 0.01 sell
1786319144168 9113483 224.64 0.02 sell
1786319146552 9113486 224.64 2.15 buy
1786319147757 9113490 224.66 17.2 buy
1786319149158 9113492 224.66 1.29 buy
1786319158707 9113494 224.66 4.29 buy
1786319158707 9113495 224.67 0.75 buy
1786319173321 9113504 224.68 2.07 buy
1786319173321 9113507 224.69 3.74 buy
1786319173321 9113514 224.7 10.53 buy
1786319173325 9113515 224.71 0.03 buy
1786319174187 9113517 224.71 0.19 sell
1786319174892 9113521 224.72 4.66 buy
1786319290718 9113532 224.73 0.46 buy
1786319292165 9113533 224.74 0.32 sell
1786319297912 9113540 224.75 0.37 buy
1786319297912 9113544 224.76 0.17 buy
1786319297912 9113545 224.77 0.12 buy
1786319297912 9113551 224.78 0.07 buy
1786319346912 9113556 224.78 2.47 sell
1786319346912 9113558 224.75 2.41 sell
1786319385127 9113561 224.75 5.84 sell
1786319385127 9113563 224.74 1.59 sell
1786319385127 9113566 224.73 10.9 sell
1786319385127 9113568 224.72 3.37 sell
1786319430265 9113570 224.71 0.07 sell
1786319568690 9113571 224.69 0.12 sell
1786319574572 9113575 224.69 2.56 sell
1786319583576 9113576 224.69 0.05 sell
1786319599455 9113577 224.69 0.2 sell
1786319664214 9113580 224.69 2.37 sell
1786319664215 9113582 224.68 0.1 sell
1786319664226 9113584 224.66 0.07 sell
1786319701408 9113587 224.64 2.37 sell
1786319701411 9113589 224.62 0.06 sell
1786319701411 9113590 224.61 0.02 sell
1786319702490 9113591 224.61 0.05 sell
1786319717747 9113593 224.61 0.15 sell
1786319717813 9113595 224.6 0.16 sell
1786319717817 9113597 224.59 0.98 sell
1786319717819 9113598 224.58 0.02 sell
1786319717820 9113599 224.57 0.57 sell
1786319720461 9113612 224.58 20.68 buy
1786319720461 9113615 224.59 7.8 buy
1786319720461 9113616 224.6 1.56 buy
1786319727961 9113617 224.59 0.04 buy
1786319763685 9113618 224.58 0.05 sell
1786319775222 9113619 224.58 0.02 sell
1786319775223 9113622 224.57 0.71 sell
1786319775223 9113624 224.56 0.18 sell
1786319775224 9113625 224.56 0.29 sell
1786319775224 9113633 224.55 1.45 sell
1786319779110 9113634 224.56 0.02 buy
1786319783931 9113638 224.56 5.76 sell
1786319787943 9113639 224.56 0.02 buy
1786319822710 9113640 224.58 0.05 sell
1786319836754 9113642 224.58 1.71 sell
1786319849373 9113646 224.56 0.9 sell
1786319854193 9113648 224.55 0.15 sell
1786319854193 9113649 224.54 0.01 sell
1786319865649 9113653 224.54 1.38 sell
1786319865654 9113655 224.52 0.03 sell
1786319902630 9113656 224.52 0.01 buy
1786319921667 9113665 224.52 4.98 buy
1786319921670 9113666 224.54 0.02 buy
1786319931591 9113667 224.57 0.02 sell
1786319934971 9113669 224.58 0.08 buy
1786319957400 9113671 224.59 0.03 sell
1786319982427 9113673 224.59 0.03 buy
