# opt_chain MU | epoch 1785436256 | 2026-07-30 14:30:56 | spot 871.73 | exps 20260731 20260803 20260805 20260807 20260810 20260812 20260814 20260821
# fuente polygon_snapshot_v3 | greeks polygon_directo | iv polygon_directo | oi polygon_directo | vol day.volume(-1 si no cotizo) | bid/ask NO_ENTITLED(-1) | spot_src ibkr_bridge spot_edad_s 113 | band 0.6000 vencimientos 8 exp_hasta 2026-08-21
# strike right exp bid ask vol oi iv delta gamma
525.00 C 20260731 -1.00 -1.00 1 2 4.1952 0.9871 0.000156
530.00 C 20260731 -1.00 -1.00 1 23 4.0488 0.9883 0.000149
535.00 C 20260731 -1.00 -1.00 1 2 4.0159 0.9874 0.000160
540.00 C 20260731 -1.00 -1.00 11 22 3.8470 0.9892 0.000146
545.00 C 20260731 -1.00 -1.00 1 1 3.8893 0.9867 0.000173
550.00 C 20260731 -1.00 -1.00 3 12 3.6980 0.9891 0.000153
555.00 C 20260731 -1.00 -1.00 -1 0 3.6551 0.9884 0.000164
557.50 C 20260731 -1.00 -1.00 -1 0 3.6216 0.9883 0.000167
560.00 C 20260731 -1.00 -1.00 1 4 3.7585 0.9845 0.000204
562.50 C 20260731 -1.00 -1.00 -1 0 3.6642 0.9857 0.000196
565.00 C 20260731 -1.00 -1.00 1 5 3.6430 0.9853 0.000202
567.50 C 20260731 -1.00 -1.00 -1 0 3.6098 0.9851 0.000205
570.00 C 20260731 -1.00 -1.00 1 5 3.5648 0.9853 0.000206
572.50 C 20260731 -1.00 -1.00 -1 0 3.4838 0.9863 0.000198
575.00 C 20260731 -1.00 -1.00 1 7 3.4872 0.9853 0.000210
577.50 C 20260731 -1.00 -1.00 -1 0 3.4188 0.9860 0.000205
580.00 C 20260731 -1.00 -1.00 1 9 3.3507 0.9868 0.000200
582.50 C 20260731 -1.00 -1.00 -1 0 3.4258 0.9841 0.000229
585.00 C 20260731 -1.00 -1.00 2 17 3.5006 0.9815 0.000256
587.50 C 20260731 -1.00 -1.00 -1 0 3.3497 0.9841 0.000235
590.00 C 20260731 -1.00 -1.00 1 26 3.3415 0.9833 0.000244
592.50 C 20260731 -1.00 -1.00 4 25 3.2624 0.9844 0.000237
595.00 C 20260731 -1.00 -1.00 5 11 3.6893 0.9725 0.000341
597.50 C 20260731 -1.00 -1.00 -1 0 3.1877 0.9844 0.000242
600.00 C 20260731 -1.00 -1.00 50 132 3.4028 0.9783 0.000304
602.50 C 20260731 -1.00 -1.00 -1 0 3.1838 0.9826 0.000267
605.00 C 20260731 -1.00 -1.00 5 8 3.1644 0.9821 0.000275
607.50 C 20260731 -1.00 -1.00 1 1 3.0168 0.9851 0.000246
610.00 C 20260731 -1.00 -1.00 35 47 3.2188 0.9789 0.000313
612.50 C 20260731 -1.00 -1.00 -1 0 2.9789 0.9841 0.000263
615.00 C 20260731 -1.00 -1.00 1 2 3.1917 0.9776 0.000333
617.50 C 20260731 -1.00 -1.00 -1 0 2.9066 0.9842 0.000269
620.00 C 20260731 -1.00 -1.00 2 10 2.9687 0.9814 0.000303
622.50 C 20260731 -1.00 -1.00 -1 0 2.9500 0.9809 0.000312
625.00 C 20260731 -1.00 -1.00 5 10 3.0232 0.9779 0.000346
627.50 C 20260731 -1.00 -1.00 -1 0 2.9013 0.9802 0.000328
630.00 C 20260731 -1.00 -1.00 28 34 2.7456 0.9837 0.000291
632.50 C 20260731 -1.00 -1.00 -1 0 2.8416 0.9798 0.000340
635.00 C 20260731 -1.00 -1.00 3 14 2.7208 0.9823 0.000316
637.50 C 20260731 -1.00 -1.00 12 0 2.6915 0.9821 0.000322
640.00 C 20260731 -1.00 -1.00 4 35 2.7530 0.9792 0.000361
642.50 C 20260731 -1.00 -1.00 -1 0 2.6897 0.9800 0.000356
645.00 C 20260731 -1.00 -1.00 4 26 2.6832 0.9791 0.000371
647.50 C 20260731 -1.00 -1.00 10 11 2.6767 0.9782 0.000387
650.00 C 20260731 -1.00 -1.00 9 50 2.6590 0.9776 0.000398
652.50 C 20260731 -1.00 -1.00 12 12 2.5402 0.9803 0.000373
655.00 C 20260731 -1.00 -1.00 2 9 2.5116 0.9800 0.000381
657.50 C 20260731 -1.00 -1.00 -1 0 2.5502 0.9776 0.000415
660.00 C 20260731 -1.00 -1.00 1 8 2.5441 0.9767 0.000432
662.50 C 20260731 -1.00 -1.00 2 0 2.5268 0.9761 0.000445
665.00 C 20260731 -1.00 -1.00 2 5 2.5714 0.9731 0.000484
667.50 C 20260731 -1.00 -1.00 -1 0 2.5035 0.9745 0.000476
670.00 C 20260731 -1.00 -1.00 3 6 2.4966 0.9732 0.000498
672.50 C 20260731 -1.00 -1.00 1 1 2.4705 0.9725 0.000512
675.00 C 20260731 -1.00 -1.00 3 9 2.4389 0.9722 0.000523
677.50 C 20260731 -1.00 -1.00 1 2 2.4075 0.9719 0.000534
680.00 C 20260731 -1.00 -1.00 18 19 2.3927 0.9705 0.000558
682.50 C 20260731 -1.00 -1.00 -1 0 2.3669 0.9698 0.000575
685.00 C 20260731 -1.00 -1.00 17 14 2.3358 0.9695 0.000588
687.50 C 20260731 -1.00 -1.00 1 1 2.3103 0.9688 0.000605
690.00 C 20260731 -1.00 -1.00 23 30 2.3394 0.9644 0.000662
692.50 C 20260731 -1.00 -1.00 1 3 2.2595 0.9673 0.000642
695.00 C 20260731 -1.00 -1.00 16 7 2.2342 0.9665 0.000661
697.50 C 20260731 -1.00 -1.00 2 2 2.2036 0.9661 0.000677
700.00 C 20260731 -1.00 -1.00 137 254 2.3303 0.9554 0.000801
702.50 C 20260731 -1.00 -1.00 1 1 2.1536 0.9645 0.000719
705.00 C 20260731 -1.00 -1.00 2 17 2.1287 0.9636 0.000741
707.50 C 20260731 -1.00 -1.00 3 2 2.0122 0.9697 0.000679
710.00 C 20260731 -1.00 -1.00 1 96 2.1330 0.9581 0.000830
712.50 C 20260731 -1.00 -1.00 3 13 2.0545 0.9610 0.000812
715.00 C 20260731 -1.00 -1.00 8 92 1.9550 0.9659 0.000767
717.50 C 20260731 -1.00 -1.00 -1 0 2.0109 0.9588 0.000869
720.00 C 20260731 -1.00 -1.00 18 69 1.9759 0.9586 0.000887
722.50 C 20260731 -1.00 -1.00 8 5 1.9676 0.9564 0.000929
725.00 C 20260731 -1.00 -1.00 113 44 1.7783 0.9691 0.000781
727.50 C 20260731 -1.00 -1.00 32 15 1.9299 0.9536 0.000998
730.00 C 20260731 -1.00 -1.00 427 473 1.9748 0.9475 0.001083
732.50 C 20260731 -1.00 -1.00 5 12 1.8924 0.9506 0.001072
735.00 C 20260731 -1.00 -1.00 223 415 1.9637 0.9427 0.001175
737.50 C 20260731 -1.00 -1.00 11 28 -1.0000 -1.0000 -1.000000
740.00 C 20260731 -1.00 -1.00 67 177 1.3260 0.9863 0.000523
742.50 C 20260731 -1.00 -1.00 47 44 1.8236 0.9440 0.001238
745.00 C 20260731 -1.00 -1.00 102 364 1.9442 0.9282 0.001403
747.50 C 20260731 -1.00 -1.00 65 141 1.8561 0.9335 0.001392
750.00 C 20260731 -1.00 -1.00 503 497 1.4547 0.9680 0.000981
755.00 C 20260731 -1.00 -1.00 135 202 1.6124 0.9453 0.001373
760.00 C 20260731 -1.00 -1.00 535 709 1.7237 0.9238 0.001652
765.00 C 20260731 -1.00 -1.00 152 355 1.6222 0.9261 0.001718
770.00 C 20260731 -1.00 -1.00 520 2111 1.6051 0.9169 0.001891
775.00 C 20260731 -1.00 -1.00 547 450 1.5374 0.9143 0.002020
780.00 C 20260731 -1.00 -1.00 784 1655 1.4731 0.9111 0.002167
785.00 C 20260731 -1.00 -1.00 789 474 1.4271 0.9050 0.002352
790.00 C 20260731 -1.00 -1.00 1563 999 1.4049 0.8952 0.002577
795.00 C 20260731 -1.00 -1.00 997 403 1.5188 0.8644 0.002872
800.00 C 20260731 -1.00 -1.00 9704 9805 1.4475 0.8582 0.003098
805.00 C 20260731 -1.00 -1.00 1744 490 1.4916 0.8326 0.003341
810.00 C 20260731 -1.00 -1.00 2963 583 1.3684 0.8330 0.003637
815.00 C 20260731 -1.00 -1.00 2925 2358 1.3389 0.8177 0.003938
820.00 C 20260731 -1.00 -1.00 5704 1162 1.3637 0.7941 0.004205
825.00 C 20260731 -1.00 -1.00 4314 737 1.3543 0.7732 0.004481
830.00 C 20260731 -1.00 -1.00 6920 2803 1.3204 0.7525 0.004784
835.00 C 20260731 -1.00 -1.00 4595 805 1.3101 0.7275 0.005051
840.00 C 20260731 -1.00 -1.00 8996 948 1.3086 0.7010 0.005299
845.00 C 20260731 -1.00 -1.00 4361 371 1.3259 0.6727 0.005486
850.00 C 20260731 -1.00 -1.00 28816 4238 1.2989 0.6471 0.005768
855.00 C 20260731 -1.00 -1.00 6939 348 1.2870 0.6176 0.005925
860.00 C 20260731 -1.00 -1.00 12880 1686 1.2663 0.5880 0.006127
865.00 C 20260731 -1.00 -1.00 6453 526 1.2684 0.5569 0.006227
870.00 C 20260731 -1.00 -1.00 12383 1183 1.2842 0.5259 0.006260
875.00 C 20260731 -1.00 -1.00 7078 533 1.2538 0.4947 0.006401
880.00 C 20260731 -1.00 -1.00 8143 3490 1.2411 0.4631 0.006390
885.00 C 20260731 -1.00 -1.00 3323 715 1.2347 0.4313 0.006347
890.00 C 20260731 -1.00 -1.00 3802 1581 1.2383 0.4002 0.006253
895.00 C 20260731 -1.00 -1.00 2159 405 1.2467 0.3699 0.006139
900.00 C 20260731 -1.00 -1.00 32451 8449 1.2303 0.3407 0.005974
905.00 C 20260731 -1.00 -1.00 2382 836 1.2221 0.3121 0.005770
910.00 C 20260731 -1.00 -1.00 3632 1148 1.2195 0.2842 0.005542
915.00 C 20260731 -1.00 -1.00 3559 565 1.2267 0.2581 0.005288
920.00 C 20260731 -1.00 -1.00 4923 1589 1.2293 0.2336 0.005026
925.00 C 20260731 -1.00 -1.00 3836 938 1.2173 0.2106 0.004737
930.00 C 20260731 -1.00 -1.00 5155 929 1.2126 0.1888 0.004432
935.00 C 20260731 -1.00 -1.00 2212 912 1.2151 0.1685 0.004123
940.00 C 20260731 -1.00 -1.00 5897 1929 1.2231 0.1495 0.003819
945.00 C 20260731 -1.00 -1.00 1562 632 1.2194 0.1322 0.003524
947.50 C 20260731 -1.00 -1.00 596 315 1.2179 0.1250 0.003379
950.00 C 20260731 -1.00 -1.00 12803 5147 1.2164 0.1179 0.003234
952.50 C 20260731 -1.00 -1.00 1328 239 1.2123 0.1102 0.003085
955.00 C 20260731 -1.00 -1.00 1063 2006 1.2135 0.1036 0.002942
957.50 C 20260731 -1.00 -1.00 524 67 1.2152 0.0970 0.002802
960.00 C 20260731 -1.00 -1.00 2711 1511 1.2185 0.0909 0.002665
962.50 C 20260731 -1.00 -1.00 431 72 1.2207 0.0845 0.002528
965.00 C 20260731 -1.00 -1.00 923 596 1.2267 0.0790 0.002402
967.50 C 20260731 -1.00 -1.00 717 153 1.2353 0.0741 0.002285
970.00 C 20260731 -1.00 -1.00 1510 955 1.2316 0.0693 0.002170
972.50 C 20260731 -1.00 -1.00 465 128 1.2289 0.0650 0.002061
975.00 C 20260731 -1.00 -1.00 1156 829 1.2261 0.0608 0.001951
977.50 C 20260731 -1.00 -1.00 183 90 1.2270 0.0570 0.001849
980.00 C 20260731 -1.00 -1.00 1773 1399 1.2280 0.0533 0.001747
982.50 C 20260731 -1.00 -1.00 147 86 1.2334 0.0502 0.001657
985.00 C 20260731 -1.00 -1.00 1204 464 1.2343 0.0465 0.001557
990.00 C 20260731 -1.00 -1.00 1048 765 1.2470 0.0407 0.001390
995.00 C 20260731 -1.00 -1.00 585 333 1.2650 0.0360 0.001247
1000.00 C 20260731 -1.00 -1.00 12146 7563 1.2751 0.0318 0.001120
1005.00 C 20260731 -1.00 -1.00 317 885 1.2745 0.0281 0.001002
1010.00 C 20260731 -1.00 -1.00 849 909 1.2864 0.0254 0.000910
1015.00 C 20260731 -1.00 -1.00 259 419 1.3036 0.0233 0.000831
1020.00 C 20260731 -1.00 -1.00 641 835 1.3082 0.0201 0.000730
1025.00 C 20260731 -1.00 -1.00 578 989 1.3200 0.0176 0.000647
1030.00 C 20260731 -1.00 -1.00 386 458 1.3405 0.0159 0.000587
1035.00 C 20260731 -1.00 -1.00 195 287 1.3610 0.0143 0.000531
1040.00 C 20260731 -1.00 -1.00 827 1400 1.3716 0.0127 0.000477
1045.00 C 20260731 -1.00 -1.00 147 357 1.3850 0.0118 0.000442
1050.00 C 20260731 -1.00 -1.00 1469 5414 1.3819 0.0103 0.000389
1055.00 C 20260731 -1.00 -1.00 239 544 1.3994 0.0096 0.000360
1060.00 C 20260731 -1.00 -1.00 349 965 1.4085 0.0086 0.000323
1065.00 C 20260731 -1.00 -1.00 257 2956 1.4176 0.0076 0.000287
1070.00 C 20260731 -1.00 -1.00 314 837 1.4389 0.0071 0.000267
1075.00 C 20260731 -1.00 -1.00 303 566 1.4520 0.0063 0.000238
1080.00 C 20260731 -1.00 -1.00 60 820 1.4731 0.0058 0.000220
1085.00 C 20260731 -1.00 -1.00 132 1425 1.4941 0.0054 0.000203
1090.00 C 20260731 -1.00 -1.00 87 505 1.5150 0.0050 0.000187
1095.00 C 20260731 -1.00 -1.00 60 498 1.5322 0.0045 0.000172
1100.00 C 20260731 -1.00 -1.00 1549 8015 1.5464 0.0043 0.000162
1105.00 C 20260731 -1.00 -1.00 35 442 1.5605 0.0041 0.000152
1110.00 C 20260731 -1.00 -1.00 140 1011 1.5417 0.0033 0.000128
1115.00 C 20260731 -1.00 -1.00 58 191 1.5448 0.0029 0.000113
1120.00 C 20260731 -1.00 -1.00 33 337 1.5807 0.0031 0.000115
1125.00 C 20260731 -1.00 -1.00 47 598 1.5837 0.0027 0.000101
1130.00 C 20260731 -1.00 -1.00 9 565 1.5758 0.0021 0.000082
1135.00 C 20260731 -1.00 -1.00 54 220 1.6223 0.0024 0.000090
1140.00 C 20260731 -1.00 -1.00 64 366 1.6360 0.0022 0.000083
1145.00 C 20260731 -1.00 -1.00 75 136 1.6605 0.0022 0.000081
1150.00 C 20260731 -1.00 -1.00 248 2682 1.6525 0.0016 0.000063
1155.00 C 20260731 -1.00 -1.00 39 144 1.7092 0.0021 0.000076
1160.00 C 20260731 -1.00 -1.00 174 565 1.6904 0.0014 0.000054
1165.00 C 20260731 -1.00 -1.00 20 168 1.7682 0.0022 0.000077
1170.00 C 20260731 -1.00 -1.00 38 309 1.7814 0.0021 0.000071
1175.00 C 20260731 -1.00 -1.00 5 122 1.8373 0.0025 0.000082
1180.00 C 20260731 -1.00 -1.00 82 695 1.8077 0.0017 0.000059
1185.00 C 20260731 -1.00 -1.00 13 59 1.8527 0.0020 0.000066
1190.00 C 20260731 -1.00 -1.00 112 287 1.8657 0.0018 0.000060
1195.00 C 20260731 -1.00 -1.00 156 57 1.9209 0.0022 0.000071
1200.00 C 20260731 -1.00 -1.00 798 4370 1.8694 0.0013 0.000045
1205.00 C 20260731 -1.00 -1.00 54 85 1.9569 0.0020 0.000064
1210.00 C 20260731 -1.00 -1.00 127 595 2.1065 0.0037 0.000102
1215.00 C 20260731 -1.00 -1.00 38 66 1.8622 0.0009 0.000033
1220.00 C 20260731 -1.00 -1.00 55 501 1.9172 0.0011 0.000037
525.00 P 20260731 -1.00 -1.00 2037 2752 2.9508 -0.0008 0.000018
530.00 P 20260731 -1.00 -1.00 121 969 2.9413 -0.0009 0.000021
535.00 P 20260731 -1.00 -1.00 39 260 2.8512 -0.0008 0.000019
540.00 P 20260731 -1.00 -1.00 318 741 2.8503 -0.0010 0.000024
545.00 P 20260731 -1.00 -1.00 71 394 2.8133 -0.0012 0.000027
550.00 P 20260731 -1.00 -1.00 1369 9755 2.7924 -0.0014 0.000031
555.00 P 20260731 -1.00 -1.00 154 113 2.7247 -0.0013 0.000031
557.50 P 20260731 -1.00 -1.00 46 114 2.6989 -0.0013 0.000031
560.00 P 20260731 -1.00 -1.00 506 590 2.6732 -0.0013 0.000032
562.50 P 20260731 -1.00 -1.00 29 31 2.6321 -0.0012 0.000030
565.00 P 20260731 -1.00 -1.00 2186 2412 2.6377 -0.0015 0.000035
567.50 P 20260731 -1.00 -1.00 36 148 2.5659 -0.0011 0.000029
570.00 P 20260731 -1.00 -1.00 290 385 2.5716 -0.0014 0.000034
572.50 P 20260731 -1.00 -1.00 20 91 2.5311 -0.0013 0.000032
575.00 P 20260731 -1.00 -1.00 234 1160 2.5830 -0.0018 0.000044
577.50 P 20260731 -1.00 -1.00 45 255 2.5580 -0.0018 0.000045
580.00 P 20260731 -1.00 -1.00 300 695 2.5177 -0.0018 0.000043
582.50 P 20260731 -1.00 -1.00 22 176 2.4777 -0.0017 0.000042
585.00 P 20260731 -1.00 -1.00 90 343 2.4683 -0.0018 0.000045
587.50 P 20260731 -1.00 -1.00 74 55 2.4589 -0.0019 0.000048
590.00 P 20260731 -1.00 -1.00 350 1155 2.4192 -0.0018 0.000047
592.50 P 20260731 -1.00 -1.00 39 63 2.4706 -0.0024 0.000059
595.00 P 20260731 -1.00 -1.00 7377 9763 2.3857 -0.0020 0.000051
597.50 P 20260731 -1.00 -1.00 71 177 2.3465 -0.0019 0.000050
600.00 P 20260731 -1.00 -1.00 1690 4071 2.3826 -0.0023 0.000060
602.50 P 20260731 -1.00 -1.00 120 54 2.3435 -0.0023 0.000059
605.00 P 20260731 -1.00 -1.00 71 187 2.3645 -0.0026 0.000067
607.50 P 20260731 -1.00 -1.00 16 58 2.2957 -0.0023 0.000061
610.00 P 20260731 -1.00 -1.00 1124 1281 2.2720 -0.0023 0.000063
612.50 P 20260731 -1.00 -1.00 32 80 2.2930 -0.0027 0.000071
615.00 P 20260731 -1.00 -1.00 34 694 2.2694 -0.0027 0.000073
617.50 P 20260731 -1.00 -1.00 12 49 2.2310 -0.0026 0.000072
620.00 P 20260731 -1.00 -1.00 163 1543 2.1928 -0.0025 0.000071
622.50 P 20260731 -1.00 -1.00 10 263 2.2581 -0.0033 0.000087
625.00 P 20260731 -1.00 -1.00 436 1753 2.2347 -0.0033 0.000088
627.50 P 20260731 -1.00 -1.00 45 128 2.2362 -0.0038 0.000099
630.00 P 20260731 -1.00 -1.00 758 1393 2.2160 -0.0039 0.000103
632.50 P 20260731 -1.00 -1.00 79 248 2.2012 -0.0042 0.000110
635.00 P 20260731 -1.00 -1.00 374 364 2.1546 -0.0038 0.000103
637.50 P 20260731 -1.00 -1.00 54 163 2.1346 -0.0039 0.000108
640.00 P 20260731 -1.00 -1.00 486 1074 2.0936 -0.0036 0.000103
642.50 P 20260731 -1.00 -1.00 31 83 2.1162 -0.0047 0.000127
645.00 P 20260731 -1.00 -1.00 261 364 2.0859 -0.0046 0.000127
647.50 P 20260731 -1.00 -1.00 125 110 2.0715 -0.0049 0.000135
650.00 P 20260731 -1.00 -1.00 3929 6409 2.0362 -0.0047 0.000133
652.50 P 20260731 -1.00 -1.00 162 201 2.0377 -0.0054 0.000149
655.00 P 20260731 -1.00 -1.00 1166 391 2.0183 -0.0056 0.000154
657.50 P 20260731 -1.00 -1.00 27 117 1.9990 -0.0058 0.000160
660.00 P 20260731 -1.00 -1.00 1140 1081 2.0005 -0.0064 0.000177
662.50 P 20260731 -1.00 -1.00 80 89 1.9865 -0.0067 0.000186
665.00 P 20260731 -1.00 -1.00 484 2199 1.9466 -0.0064 0.000182
667.50 P 20260731 -1.00 -1.00 70 79 1.9430 -0.0070 0.000197
670.00 P 20260731 -1.00 -1.00 791 3046 1.9240 -0.0072 0.000204
672.50 P 20260731 -1.00 -1.00 76 98 1.9051 -0.0074 0.000211
675.00 P 20260731 -1.00 -1.00 1609 2199 1.9068 -0.0081 0.000229
677.50 P 20260731 -1.00 -1.00 305 291 1.8777 -0.0081 0.000232
680.00 P 20260731 -1.00 -1.00 1488 2938 1.8795 -0.0088 0.000250
682.50 P 20260731 -1.00 -1.00 612 122 1.8761 -0.0093 0.000266
685.00 P 20260731 -1.00 -1.00 786 609 1.8523 -0.0095 0.000272
687.50 P 20260731 -1.00 -1.00 104 96 1.8490 -0.0100 0.000289
690.00 P 20260731 -1.00 -1.00 1893 2079 1.8356 -0.0104 0.000300
692.50 P 20260731 -1.00 -1.00 208 134 1.8200 -0.0110 0.000317
695.00 P 20260731 -1.00 -1.00 644 531 1.8067 -0.0118 0.000339
697.50 P 20260731 -1.00 -1.00 193 287 1.7892 -0.0125 0.000357
700.00 P 20260731 -1.00 -1.00 7943 8519 1.7609 -0.0125 0.000364
702.50 P 20260731 -1.00 -1.00 225 264 1.7522 -0.0136 0.000393
705.00 P 20260731 -1.00 -1.00 670 1395 1.7348 -0.0143 0.000413
707.50 P 20260731 -1.00 -1.00 377 124 1.7219 -0.0152 0.000438
710.00 P 20260731 -1.00 -1.00 870 1552 1.7154 -0.0165 0.000471
712.50 P 20260731 -1.00 -1.00 347 180 1.6940 -0.0169 0.000488
715.00 P 20260731 -1.00 -1.00 1076 1894 1.6854 -0.0181 0.000520
717.50 P 20260731 -1.00 -1.00 443 275 1.6726 -0.0191 0.000548
720.00 P 20260731 -1.00 -1.00 1566 1696 1.6578 -0.0199 0.000575
722.50 P 20260731 -1.00 -1.00 336 159 1.6515 -0.0213 0.000611
725.00 P 20260731 -1.00 -1.00 1112 1034 1.6431 -0.0225 0.000646
727.50 P 20260731 -1.00 -1.00 363 253 1.6390 -0.0240 0.000685
730.00 P 20260731 -1.00 -1.00 1604 965 1.6328 -0.0253 0.000723
732.50 P 20260731 -1.00 -1.00 388 189 1.6329 -0.0270 0.000767
735.00 P 20260731 -1.00 -1.00 700 605 1.6186 -0.0284 0.000805
737.50 P 20260731 -1.00 -1.00 375 177 1.6037 -0.0303 0.000853
740.00 P 20260731 -1.00 -1.00 3509 1386 1.5889 -0.0322 0.000902
742.50 P 20260731 -1.00 -1.00 425 245 1.5731 -0.0340 0.000951
745.00 P 20260731 -1.00 -1.00 833 1118 1.5604 -0.0361 0.001006
747.50 P 20260731 -1.00 -1.00 524 296 1.5489 -0.0385 0.001066
750.00 P 20260731 -1.00 -1.00 8898 7900 1.5384 -0.0409 0.001128
755.00 P 20260731 -1.00 -1.00 1171 711 1.5208 -0.0462 0.001262
760.00 P 20260731 -1.00 -1.00 3466 1909 1.5043 -0.0518 0.001402
765.00 P 20260731 -1.00 -1.00 1104 827 1.4972 -0.0583 0.001560
770.00 P 20260731 -1.00 -1.00 2027 2101 1.4840 -0.0657 0.001728
775.00 P 20260731 -1.00 -1.00 1787 1305 1.4555 -0.0737 0.001913
780.00 P 20260731 -1.00 -1.00 2828 1994 1.4350 -0.0833 0.002120
785.00 P 20260731 -1.00 -1.00 1434 974 1.4169 -0.0935 0.002341
790.00 P 20260731 -1.00 -1.00 4640 4129 1.4066 -0.1050 0.002579
795.00 P 20260731 -1.00 -1.00 2032 1251 1.4023 -0.1175 0.002827
800.00 P 20260731 -1.00 -1.00 16337 8996 1.3862 -0.1309 0.003082
805.00 P 20260731 -1.00 -1.00 1643 1451 1.3643 -0.1465 0.003355
810.00 P 20260731 -1.00 -1.00 5272 6935 1.3483 -0.1637 0.003643
815.00 P 20260731 -1.00 -1.00 3887 11069 1.3345 -0.1816 0.003942
820.00 P 20260731 -1.00 -1.00 6791 8827 1.3342 -0.2018 0.004238
825.00 P 20260731 -1.00 -1.00 4322 859 1.3332 -0.2234 0.004522
830.00 P 20260731 -1.00 -1.00 8390 1066 1.3126 -0.2464 0.004803
835.00 P 20260731 -1.00 -1.00 3706 890 1.2980 -0.2709 0.005084
840.00 P 20260731 -1.00 -1.00 7222 1199 1.2907 -0.2969 0.005354
845.00 P 20260731 -1.00 -1.00 4811 401 1.2908 -0.3240 0.005605
850.00 P 20260731 -1.00 -1.00 13131 5469 1.2871 -0.3519 0.005819
855.00 P 20260731 -1.00 -1.00 3640 751 1.2689 -0.3812 0.006007
860.00 P 20260731 -1.00 -1.00 6593 1406 1.2584 -0.4118 0.006166
865.00 P 20260731 -1.00 -1.00 3208 794 1.2543 -0.4429 0.006298
870.00 P 20260731 -1.00 -1.00 5123 1338 1.2677 -0.4743 0.006343
875.00 P 20260731 -1.00 -1.00 1582 780 1.2497 -0.5055 0.006424
880.00 P 20260731 -1.00 -1.00 2166 1303 1.2445 -0.5369 0.006376
885.00 P 20260731 -1.00 -1.00 242 1084 1.2245 -0.5697 0.006400
890.00 P 20260731 -1.00 -1.00 292 687 1.2281 -0.6011 0.006305
895.00 P 20260731 -1.00 -1.00 148 612 1.2325 -0.6320 0.006200
900.00 P 20260731 -1.00 -1.00 1258 4464 1.2186 -0.6611 0.006021
905.00 P 20260731 -1.00 -1.00 290 572 1.2118 -0.6898 0.005807
910.00 P 20260731 -1.00 -1.00 200 622 1.1995 -0.7199 0.005605
915.00 P 20260731 -1.00 -1.00 55 365 1.2012 -0.7475 0.005356
920.00 P 20260731 -1.00 -1.00 78 399 1.2120 -0.7698 0.005055
925.00 P 20260731 -1.00 -1.00 42 202 1.2019 -0.7927 0.004756
930.00 P 20260731 -1.00 -1.00 70 408 1.2081 -0.8125 0.004438
935.00 P 20260731 -1.00 -1.00 34 257 1.1981 -0.8359 0.004126
940.00 P 20260731 -1.00 -1.00 41 403 1.2095 -0.8542 0.003816
945.00 P 20260731 -1.00 -1.00 51 246 1.1853 -0.8744 0.003496
947.50 P 20260731 -1.00 -1.00 30 113 1.1570 -0.8871 0.003304
950.00 P 20260731 -1.00 -1.00 94 938 1.1288 -0.9004 0.003088
952.50 P 20260731 -1.00 -1.00 4 178 1.1434 -0.9046 0.002956
955.00 P 20260731 -1.00 -1.00 21 250 1.0936 -0.9238 0.002645
957.50 P 20260731 -1.00 -1.00 13 21 1.1753 -0.9120 0.002716
960.00 P 20260731 -1.00 -1.00 317 749 1.1295 -0.9291 0.002433
962.50 P 20260731 -1.00 -1.00 2 2 1.2070 -0.9190 0.002498
965.00 P 20260731 -1.00 -1.00 10 123 1.0800 -0.9455 0.002049
967.50 P 20260731 -1.00 -1.00 2 2 1.0829 -0.9495 0.001923
970.00 P 20260731 -1.00 -1.00 11 174 1.0764 -0.9550 0.001764
972.50 P 20260731 -1.00 -1.00 2 1 1.0700 -0.9607 0.001602
975.00 P 20260731 -1.00 -1.00 53 124 1.1096 -0.9581 0.001622
977.50 P 20260731 -1.00 -1.00 5 0 1.1353 -0.9579 0.001588
980.00 P 20260731 -1.00 -1.00 42 42 1.0219 -0.9759 0.001133
982.50 P 20260731 -1.00 -1.00 1 0 1.2278 -0.9512 0.001648
985.00 P 20260731 -1.00 -1.00 208 208 1.2351 -0.9539 0.001564
990.00 P 20260731 -1.00 -1.00 39 59 -1.0000 -1.0000 -1.000000
995.00 P 20260731 -1.00 -1.00 14 12 0.9851 -0.9908 0.000551
1000.00 P 20260731 -1.00 -1.00 62 822 -1.0000 -1.0000 -1.000000
1005.00 P 20260731 -1.00 -1.00 13 2 1.0023 -0.9939 0.000390
1010.00 P 20260731 -1.00 -1.00 32 48 -1.0000 -1.0000 -1.000000
1015.00 P 20260731 -1.00 -1.00 8 12 -1.0000 -1.0000 -1.000000
1020.00 P 20260731 -1.00 -1.00 19 21 -1.0000 -1.0000 -1.000000
1025.00 P 20260731 -1.00 -1.00 5 9 -1.0000 -1.0000 -1.000000
1030.00 P 20260731 -1.00 -1.00 1 108 -1.0000 -1.0000 -1.000000
1035.00 P 20260731 -1.00 -1.00 1 16 -1.0000 -1.0000 -1.000000
1040.00 P 20260731 -1.00 -1.00 21 26 -1.0000 -1.0000 -1.000000
1045.00 P 20260731 -1.00 -1.00 19 24 -1.0000 -1.0000 -1.000000
1050.00 P 20260731 -1.00 -1.00 7 113 -1.0000 -1.0000 -1.000000
1055.00 P 20260731 -1.00 -1.00 4 34 -1.0000 -1.0000 -1.000000
1060.00 P 20260731 -1.00 -1.00 2 84 -1.0000 -1.0000 -1.000000
1065.00 P 20260731 -1.00 -1.00 1 0 -1.0000 -1.0000 -1.000000
1070.00 P 20260731 -1.00 -1.00 7 64 -1.0000 -1.0000 -1.000000
1075.00 P 20260731 -1.00 -1.00 2 19 -1.0000 -1.0000 -1.000000
1080.00 P 20260731 -1.00 -1.00 14 46 -1.0000 -1.0000 -1.000000
1085.00 P 20260731 -1.00 -1.00 2 9 -1.0000 -1.0000 -1.000000
1090.00 P 20260731 -1.00 -1.00 79 103 -1.0000 -1.0000 -1.000000
1095.00 P 20260731 -1.00 -1.00 51 123 -1.0000 -1.0000 -1.000000
1100.00 P 20260731 -1.00 -1.00 18 86 -1.0000 -1.0000 -1.000000
1105.00 P 20260731 -1.00 -1.00 2 42 -1.0000 -1.0000 -1.000000
1110.00 P 20260731 -1.00 -1.00 21 11 -1.0000 -1.0000 -1.000000
1115.00 P 20260731 -1.00 -1.00 5 0 -1.0000 -1.0000 -1.000000
1120.00 P 20260731 -1.00 -1.00 2 0 -1.0000 -1.0000 -1.000000
1125.00 P 20260731 -1.00 -1.00 5 46 -1.0000 -1.0000 -1.000000
1130.00 P 20260731 -1.00 -1.00 2 24 -1.0000 -1.0000 -1.000000
1135.00 P 20260731 -1.00 -1.00 2 3 -1.0000 -1.0000 -1.000000
1140.00 P 20260731 -1.00 -1.00 6 39 -1.0000 -1.0000 -1.000000
1145.00 P 20260731 -1.00 -1.00 22 0 -1.0000 -1.0000 -1.000000
1150.00 P 20260731 -1.00 -1.00 15 6 -1.0000 -1.0000 -1.000000
1155.00 P 20260731 -1.00 -1.00 75 0 1.7181 -0.9984 0.000082
1160.00 P 20260731 -1.00 -1.00 3 2 -1.0000 -1.0000 -1.000000
1165.00 P 20260731 -1.00 -1.00 -1 0 -1.0000 -1.0000 -1.000000
1170.00 P 20260731 -1.00 -1.00 9 6 -1.0000 -1.0000 -1.000000
1175.00 P 20260731 -1.00 -1.00 2 0 -1.0000 -1.0000 -1.000000
1180.00 P 20260731 -1.00 -1.00 5 21 -1.0000 -1.0000 -1.000000
1185.00 P 20260731 -1.00 -1.00 -1 0 -1.0000 -1.0000 -1.000000
1190.00 P 20260731 -1.00 -1.00 1 0 -1.0000 -1.0000 -1.000000
1195.00 P 20260731 -1.00 -1.00 -1 0 -1.0000 -1.0000 -1.000000
1200.00 P 20260731 -1.00 -1.00 3 6 -1.0000 -1.0000 -1.000000
1205.00 P 20260731 -1.00 -1.00 1 0 -1.0000 -1.0000 -1.000000
1210.00 P 20260731 -1.00 -1.00 2 13 -1.0000 -1.0000 -1.000000
1215.00 P 20260731 -1.00 -1.00 2 0 -1.0000 -1.0000 -1.000000
1220.00 P 20260731 -1.00 -1.00 2 2 -1.0000 -1.0000 -1.000000
525.00 C 20260803 -1.00 -1.00 -1 0 2.2343 0.9880 0.000148
530.00 C 20260803 -1.00 -1.00 -1 0 2.1685 0.9888 0.000144
535.00 C 20260803 -1.00 -1.00 -1 0 2.1437 0.9882 0.000153
540.00 C 20260803 -1.00 -1.00 -1 0 2.0857 0.9888 0.000150
545.00 C 20260803 -1.00 -1.00 -1 0 2.1216 0.9858 0.000180
550.00 C 20260803 -1.00 -1.00 -1 0 2.0112 0.9884 0.000160
555.00 C 20260803 -1.00 -1.00 -1 0 1.9942 0.9874 0.000173
560.00 C 20260803 -1.00 -1.00 -1 0 1.9708 0.9867 0.000184
565.00 C 20260803 -1.00 -1.00 -1 0 1.9477 0.9860 0.000195
570.00 C 20260803 -1.00 -1.00 -1 0 1.9443 0.9844 0.000214
575.00 C 20260803 -1.00 -1.00 -1 0 1.9020 0.9844 0.000219
580.00 C 20260803 -1.00 -1.00 -1 0 1.8342 0.9855 0.000212
582.50 C 20260803 -1.00 -1.00 -1 0 1.8360 0.9846 0.000224
585.00 C 20260803 -1.00 -1.00 -1 0 1.8121 0.9847 0.000225
587.50 C 20260803 -1.00 -1.00 -1 0 1.8139 0.9837 0.000238
590.00 C 20260803 -1.00 -1.00 -1 0 1.7965 0.9836 0.000242
592.50 C 20260803 -1.00 -1.00 -1 0 1.7728 0.9838 0.000243
595.00 C 20260803 -1.00 -1.00 1 1 1.7492 0.9839 0.000244
597.50 C 20260803 -1.00 -1.00 -1 0 1.7766 0.9817 0.000269
600.00 C 20260803 -1.00 -1.00 10 2 1.7531 0.9819 0.000270
602.50 C 20260803 -1.00 -1.00 -1 0 1.7044 0.9832 0.000260
605.00 C 20260803 -1.00 -1.00 -1 0 1.7001 0.9824 0.000271
607.50 C 20260803 -1.00 -1.00 -1 0 1.7273 0.9802 0.000296
610.00 C 20260803 -1.00 -1.00 24 0 1.7041 0.9804 0.000299
612.50 C 20260803 -1.00 -1.00 -1 0 1.6559 0.9817 0.000289
615.00 C 20260803 -1.00 -1.00 -1 0 1.6392 0.9815 0.000294
617.50 C 20260803 -1.00 -1.00 -1 0 1.6476 0.9801 0.000312
620.00 C 20260803 -1.00 -1.00 -1 0 1.6310 0.9799 0.000318
622.50 C 20260803 -1.00 -1.00 -1 0 1.6331 0.9788 0.000333
625.00 C 20260803 -1.00 -1.00 -1 0 1.6539 0.9769 0.000356
627.50 C 20260803 -1.00 -1.00 -1 0 1.5940 0.9788 0.000342
630.00 C 20260803 -1.00 -1.00 2 1 1.6272 0.9762 0.000372
632.50 C 20260803 -1.00 -1.00 -1 0 1.5984 0.9765 0.000374
635.00 C 20260803 -1.00 -1.00 -1 0 1.6006 0.9754 0.000389
637.50 C 20260803 -1.00 -1.00 -1 0 1.5945 0.9746 0.000402
640.00 C 20260803 -1.00 -1.00 2 1 1.5436 0.9762 0.000392
642.50 C 20260803 -1.00 -1.00 -1 0 1.5615 0.9738 0.000420
645.00 C 20260803 -1.00 -1.00 -1 0 1.5115 0.9757 0.000407
647.50 C 20260803 -1.00 -1.00 -1 0 1.5348 0.9724 0.000445
650.00 C 20260803 -1.00 -1.00 27 2 1.5079 0.9731 0.000445
652.50 C 20260803 -1.00 -1.00 -1 0 1.4962 0.9722 0.000459
655.00 C 20260803 -1.00 -1.00 -1 0 1.4816 0.9716 0.000472
657.50 C 20260803 -1.00 -1.00 -1 0 1.4701 0.9707 0.000487
660.00 C 20260803 -1.00 -1.00 -1 0 1.4706 0.9685 0.000515
662.50 C 20260803 -1.00 -1.00 -1 0 1.4411 0.9694 0.000513
665.00 C 20260803 -1.00 -1.00 -1 0 1.4297 0.9685 0.000530
667.50 C 20260803 -1.00 -1.00 -1 0 1.4513 0.9642 0.000579
670.00 C 20260803 -1.00 -1.00 2 0 1.4400 0.9632 0.000596
672.50 C 20260803 -1.00 -1.00 -1 0 1.4286 0.9622 0.000614
675.00 C 20260803 -1.00 -1.00 1 1 1.4173 0.9612 0.000633
677.50 C 20260803 -1.00 -1.00 -1 0 1.4061 0.9601 0.000652
680.00 C 20260803 -1.00 -1.00 17 16 1.3978 0.9588 0.000674
682.50 C 20260803 -1.00 -1.00 -1 0 1.3837 0.9580 0.000691
685.00 C 20260803 -1.00 -1.00 -1 0 1.3755 0.9566 0.000714
687.50 C 20260803 -1.00 -1.00 -1 0 1.3644 0.9555 0.000735
690.00 C 20260803 -1.00 -1.00 -1 0 1.3563 0.9541 0.000759
692.50 C 20260803 -1.00 -1.00 -1 0 1.3483 0.9527 0.000784
695.00 C 20260803 -1.00 -1.00 1 1 1.1666 0.9716 0.000600
697.50 C 20260803 -1.00 -1.00 -1 0 1.2941 0.9538 0.000801
700.00 C 20260803 -1.00 -1.00 7 16 1.3125 0.9495 0.000851
702.50 C 20260803 -1.00 -1.00 -1 0 1.2900 0.9495 0.000866
705.00 C 20260803 -1.00 -1.00 1 1 1.2441 0.9521 0.000858
707.50 C 20260803 -1.00 -1.00 14 5 1.1897 0.9559 0.000837
710.00 C 20260803 -1.00 -1.00 1 1 1.2083 0.9512 0.000897
712.50 C 20260803 -1.00 -1.00 -1 0 1.1105 0.9608 0.000813
715.00 C 20260803 -1.00 -1.00 5 1 1.1523 0.9528 0.000915
717.50 C 20260803 -1.00 -1.00 -1 0 1.1100 0.9555 0.000904
720.00 C 20260803 -1.00 -1.00 1 5 1.1141 0.9523 0.000954
722.50 C 20260803 -1.00 -1.00 -1 0 1.1471 0.9456 0.001037
725.00 C 20260803 -1.00 -1.00 16 15 1.1079 0.9477 0.001037
727.50 C 20260803 -1.00 -1.00 34 25 1.1407 0.9411 0.001116
730.00 C 20260803 -1.00 -1.00 5 39 1.1978 0.9269 0.001242
732.50 C 20260803 -1.00 -1.00 1 1 1.1079 0.9395 0.001175
735.00 C 20260803 -1.00 -1.00 2 1 1.0978 0.9370 0.001220
737.50 C 20260803 -1.00 -1.00 2 2 1.0828 0.9355 0.001258
740.00 C 20260803 -1.00 -1.00 6 28 1.1883 0.9115 0.001443
742.50 C 20260803 -1.00 -1.00 29 61 1.1567 0.9126 0.001470
745.00 C 20260803 -1.00 -1.00 56 112 1.1499 0.9093 0.001520
747.50 C 20260803 -1.00 -1.00 33 36 1.1464 0.9055 0.001574
750.00 C 20260803 -1.00 -1.00 77 56 1.1052 0.9082 0.001597
755.00 C 20260803 -1.00 -1.00 3 12 1.0527 0.9084 0.001672
760.00 C 20260803 -1.00 -1.00 28 74 1.0673 0.8963 0.001817
765.00 C 20260803 -1.00 -1.00 37 81 1.1206 0.8775 0.001969
770.00 C 20260803 -1.00 -1.00 45 158 1.1181 0.8648 0.002095
775.00 C 20260803 -1.00 -1.00 205 79 1.0888 0.8577 0.002222
780.00 C 20260803 -1.00 -1.00 101 244 1.0928 0.8432 0.002355
785.00 C 20260803 -1.00 -1.00 71 106 1.0414 0.8400 0.002504
790.00 C 20260803 -1.00 -1.00 105 135 1.0382 0.8265 0.002652
795.00 C 20260803 -1.00 -1.00 277 65 1.0360 0.8127 0.002800
800.00 C 20260803 -1.00 -1.00 831 396 1.0391 0.7979 0.002944
805.00 C 20260803 -1.00 -1.00 289 91 1.0289 0.7845 0.003097
810.00 C 20260803 -1.00 -1.00 412 94 1.0256 0.7668 0.003223
815.00 C 20260803 -1.00 -1.00 156 99 1.0199 0.7493 0.003355
820.00 C 20260803 -1.00 -1.00 396 210 1.0150 0.7316 0.003487
825.00 C 20260803 -1.00 -1.00 228 64 1.0102 0.7136 0.003622
830.00 C 20260803 -1.00 -1.00 479 100 1.0006 0.6962 0.003773
835.00 C 20260803 -1.00 -1.00 594 1706 1.0085 0.6764 0.003874
840.00 C 20260803 -1.00 -1.00 802 144 1.0099 0.6564 0.003963
845.00 C 20260803 -1.00 -1.00 375 53 1.0218 0.6343 0.003974
850.00 C 20260803 -1.00 -1.00 3293 373 0.9913 0.6157 0.004146
855.00 C 20260803 -1.00 -1.00 447 54 0.9793 0.5949 0.004253
860.00 C 20260803 -1.00 -1.00 1224 267 0.9763 0.5733 0.004324
865.00 C 20260803 -1.00 -1.00 408 34 0.9800 0.5515 0.004365
870.00 C 20260803 -1.00 -1.00 1002 217 0.9824 0.5299 0.004412
875.00 C 20260803 -1.00 -1.00 470 93 0.9781 0.5084 0.004432
880.00 C 20260803 -1.00 -1.00 857 379 0.9631 0.4862 0.004469
885.00 C 20260803 -1.00 -1.00 219 232 0.9576 0.4641 0.004462
890.00 C 20260803 -1.00 -1.00 300 64 0.9541 0.4419 0.004445
895.00 C 20260803 -1.00 -1.00 324 203 0.9533 0.4200 0.004416
900.00 C 20260803 -1.00 -1.00 4118 1114 0.9552 0.3983 0.004375
905.00 C 20260803 -1.00 -1.00 214 144 0.9610 0.3775 0.004318
910.00 C 20260803 -1.00 -1.00 356 203 0.9509 0.3569 0.004251
915.00 C 20260803 -1.00 -1.00 143 125 0.9436 0.3366 0.004167
920.00 C 20260803 -1.00 -1.00 243 130 0.9378 0.3163 0.004075
925.00 C 20260803 -1.00 -1.00 343 292 0.9365 0.2969 0.003967
930.00 C 20260803 -1.00 -1.00 275 312 0.9382 0.2781 0.003851
935.00 C 20260803 -1.00 -1.00 177 81 0.9414 0.2599 0.003732
940.00 C 20260803 -1.00 -1.00 259 287 0.9448 0.2429 0.003608
945.00 C 20260803 -1.00 -1.00 184 121 0.9358 0.2263 0.003475
950.00 C 20260803 -1.00 -1.00 2421 315 0.9298 0.2103 0.003334
955.00 C 20260803 -1.00 -1.00 162 53 0.9296 0.1957 0.003186
960.00 C 20260803 -1.00 -1.00 217 141 0.9313 0.1817 0.003037
965.00 C 20260803 -1.00 -1.00 77 93 0.9339 0.1680 0.002890
970.00 C 20260803 -1.00 -1.00 217 167 0.9403 0.1557 0.002746
975.00 C 20260803 -1.00 -1.00 123 122 0.9467 0.1438 0.002606
980.00 C 20260803 -1.00 -1.00 175 337 0.9402 0.1329 0.002468
985.00 C 20260803 -1.00 -1.00 244 21 0.9353 0.1223 0.002327
990.00 C 20260803 -1.00 -1.00 129 144 0.9360 0.1130 0.002191
995.00 C 20260803 -1.00 -1.00 127 25 0.9380 0.1041 0.002058
1000.00 C 20260803 -1.00 -1.00 1502 1236 0.9415 0.0956 0.001929
1005.00 C 20260803 -1.00 -1.00 53 82 0.9477 0.0880 0.001808
1010.00 C 20260803 -1.00 -1.00 135 102 0.9567 0.0814 0.001698
1015.00 C 20260803 -1.00 -1.00 29 34 0.9633 0.0747 0.001590
1020.00 C 20260803 -1.00 -1.00 103 180 0.9602 0.0690 0.001490
1025.00 C 20260803 -1.00 -1.00 66 298 0.9577 0.0633 0.001389
1030.00 C 20260803 -1.00 -1.00 197 54 0.9604 0.0585 0.001299
1035.00 C 20260803 -1.00 -1.00 48 125 0.9631 0.0538 0.001210
1040.00 C 20260803 -1.00 -1.00 108 46 0.9677 0.0496 0.001127
1045.00 C 20260803 -1.00 -1.00 20 61 0.9756 0.0460 0.001053
1050.00 C 20260803 -1.00 -1.00 491 217 0.9834 0.0425 0.000983
1055.00 C 20260803 -1.00 -1.00 53 36 0.9917 0.0391 0.000915
1060.00 C 20260803 -1.00 -1.00 60 39 1.0018 0.0362 0.000855
1065.00 C 20260803 -1.00 -1.00 134 88 1.0083 0.0338 0.000803
1070.00 C 20260803 -1.00 -1.00 38 128 1.0073 0.0312 0.000749
1075.00 C 20260803 -1.00 -1.00 11 54 1.0109 0.0292 0.000703
1080.00 C 20260803 -1.00 -1.00 94 148 1.0146 0.0272 0.000658
1085.00 C 20260803 -1.00 -1.00 16 39 1.0192 0.0253 0.000615
1090.00 C 20260803 -1.00 -1.00 116 30 1.0283 0.0240 0.000582
1095.00 C 20260803 -1.00 -1.00 8 59 1.0310 0.0219 0.000537
1100.00 C 20260803 -1.00 -1.00 288 288 1.0438 0.0210 0.000513
1105.00 C 20260803 -1.00 -1.00 2 23 1.0473 0.0191 0.000472
1110.00 C 20260803 -1.00 -1.00 4 87 1.0564 0.0179 0.000443
1115.00 C 20260803 -1.00 -1.00 65 85 1.0654 0.0166 0.000414
1120.00 C 20260803 -1.00 -1.00 24 149 1.0761 0.0157 0.000390
1125.00 C 20260803 -1.00 -1.00 42 113 1.0860 0.0146 0.000366
1130.00 C 20260803 -1.00 -1.00 3 138 1.1012 0.0142 0.000353
1135.00 C 20260803 -1.00 -1.00 15 28 1.0934 0.0128 0.000323
1140.00 C 20260803 -1.00 -1.00 7 108 1.0974 0.0121 0.000306
1145.00 C 20260803 -1.00 -1.00 9 24 1.0994 0.0113 0.000286
1150.00 C 20260803 -1.00 -1.00 19 215 1.0992 0.0103 0.000264
1155.00 C 20260803 -1.00 -1.00 2 8 1.1053 0.0098 0.000249
1160.00 C 20260803 -1.00 -1.00 11 116 1.1093 0.0091 0.000232
1165.00 C 20260803 -1.00 -1.00 1 30 1.1133 0.0084 0.000216
1170.00 C 20260803 -1.00 -1.00 1 26 1.1194 0.0078 0.000202
1175.00 C 20260803 -1.00 -1.00 13 17 1.1254 0.0072 0.000188
1180.00 C 20260803 -1.00 -1.00 6 79 1.1356 0.0069 0.000179
1185.00 C 20260803 -1.00 -1.00 1 7 1.1416 0.0064 0.000166
1190.00 C 20260803 -1.00 -1.00 22 10 1.1517 0.0061 0.000158
1195.00 C 20260803 -1.00 -1.00 23 71 1.1576 0.0055 0.000145
1200.00 C 20260803 -1.00 -1.00 5 197 1.1696 0.0054 0.000140
1205.00 C 20260803 -1.00 -1.00 2 7 1.1775 0.0049 0.000130
1210.00 C 20260803 -1.00 -1.00 1 29 1.1796 0.0047 0.000123
1215.00 C 20260803 -1.00 -1.00 26 71 1.1806 0.0044 0.000116
1220.00 C 20260803 -1.00 -1.00 20 14 1.1815 0.0041 0.000109
525.00 P 20260803 -1.00 -1.00 28 0 1.6411 -0.0012 0.000025
530.00 P 20260803 -1.00 -1.00 12 0 1.6291 -0.0014 0.000029
535.00 P 20260803 -1.00 -1.00 12 0 1.8617 -0.0050 0.000082
540.00 P 20260803 -1.00 -1.00 21 0 1.6571 -0.0023 0.000046
545.00 P 20260803 -1.00 -1.00 34 0 1.7437 -0.0040 0.000072
550.00 P 20260803 -1.00 -1.00 261 0 1.6249 -0.0026 0.000053
555.00 P 20260803 -1.00 -1.00 12 0 1.7049 -0.0047 0.000085
560.00 P 20260803 -1.00 -1.00 15 0 1.8238 -0.0082 0.000131
565.00 P 20260803 -1.00 -1.00 1 0 1.7217 -0.0068 0.000117
570.00 P 20260803 -1.00 -1.00 7 0 1.5781 -0.0041 0.000081
575.00 P 20260803 -1.00 -1.00 9 0 1.5598 -0.0045 0.000089
580.00 P 20260803 -1.00 -1.00 105 0 1.5356 -0.0048 0.000095
582.50 P 20260803 -1.00 -1.00 6 0 1.5326 -0.0051 0.000102
585.00 P 20260803 -1.00 -1.00 1 0 1.5236 -0.0053 0.000106
587.50 P 20260803 -1.00 -1.00 -1 0 1.5147 -0.0056 0.000111
590.00 P 20260803 -1.00 -1.00 3 0 1.5117 -0.0059 0.000118
592.50 P 20260803 -1.00 -1.00 -1 0 1.5029 -0.0062 0.000123
595.00 P 20260803 -1.00 -1.00 87 996 1.5119 -0.0069 0.000135
597.50 P 20260803 -1.00 -1.00 1 0 1.4912 -0.0068 0.000135
600.00 P 20260803 -1.00 -1.00 612 780 1.4824 -0.0070 0.000140
602.50 P 20260803 -1.00 -1.00 107 80 1.4825 -0.0075 0.000148
605.00 P 20260803 -1.00 -1.00 7 67 1.4797 -0.0079 0.000156
607.50 P 20260803 -1.00 -1.00 102 238 1.4740 -0.0082 0.000162
610.00 P 20260803 -1.00 -1.00 63 33 1.4712 -0.0086 0.000170
612.50 P 20260803 -1.00 -1.00 11 15 1.4684 -0.0090 0.000178
615.00 P 20260803 -1.00 -1.00 11 41 1.4656 -0.0094 0.000185
617.50 P 20260803 -1.00 -1.00 58 28 1.4624 -0.0098 0.000193
620.00 P 20260803 -1.00 -1.00 126 121 1.4514 -0.0102 0.000201
622.50 P 20260803 -1.00 -1.00 2 66 1.4417 -0.0107 0.000210
625.00 P 20260803 -1.00 -1.00 37 47 1.4321 -0.0112 0.000220
627.50 P 20260803 -1.00 -1.00 6 13 1.4150 -0.0112 0.000223
630.00 P 20260803 -1.00 -1.00 3 41 1.4104 -0.0121 0.000237
632.50 P 20260803 -1.00 -1.00 13 38 1.3997 -0.0125 0.000246
635.00 P 20260803 -1.00 -1.00 311 56 1.3915 -0.0131 0.000257
637.50 P 20260803 -1.00 -1.00 8 42 1.3808 -0.0135 0.000267
640.00 P 20260803 -1.00 -1.00 83 96 1.3738 -0.0142 0.000280
642.50 P 20260803 -1.00 -1.00 2 59 1.3645 -0.0148 0.000291
645.00 P 20260803 -1.00 -1.00 6 7 1.3564 -0.0154 0.000303
647.50 P 20260803 -1.00 -1.00 22 26 1.3483 -0.0161 0.000316
650.00 P 20260803 -1.00 -1.00 1085 296 1.3390 -0.0166 0.000328
652.50 P 20260803 -1.00 -1.00 7 43 1.3335 -0.0174 0.000343
655.00 P 20260803 -1.00 -1.00 22 57 1.3267 -0.0182 0.000358
657.50 P 20260803 -1.00 -1.00 6 54 1.3212 -0.0190 0.000374
660.00 P 20260803 -1.00 -1.00 53 74 1.3133 -0.0197 0.000388
662.50 P 20260803 -1.00 -1.00 10 4 1.3090 -0.0206 0.000405
665.00 P 20260803 -1.00 -1.00 16 154 1.2963 -0.0210 0.000416
667.50 P 20260803 -1.00 -1.00 7 23 1.2969 -0.0222 0.000437
670.00 P 20260803 -1.00 -1.00 102 144 1.2951 -0.0233 0.000457
672.50 P 20260803 -1.00 -1.00 11 15 1.2933 -0.0244 0.000477
675.00 P 20260803 -1.00 -1.00 158 38 1.2903 -0.0254 0.000496
677.50 P 20260803 -1.00 -1.00 8 8 1.2855 -0.0265 0.000516
680.00 P 20260803 -1.00 -1.00 106 74 1.2746 -0.0275 0.000536
682.50 P 20260803 -1.00 -1.00 9 117 1.2650 -0.0287 0.000558
685.00 P 20260803 -1.00 -1.00 52 78 1.2554 -0.0299 0.000581
687.50 P 20260803 -1.00 -1.00 33 26 1.2464 -0.0313 0.000605
690.00 P 20260803 -1.00 -1.00 134 101 1.2375 -0.0326 0.000629
692.50 P 20260803 -1.00 -1.00 13 69 1.2292 -0.0340 0.000655
695.00 P 20260803 -1.00 -1.00 416 54 1.2215 -0.0355 0.000683
697.50 P 20260803 -1.00 -1.00 36 47 1.2138 -0.0370 0.000711
700.00 P 20260803 -1.00 -1.00 3528 1218 1.2038 -0.0383 0.000737
702.50 P 20260803 -1.00 -1.00 5 33 1.1992 -0.0402 0.000770
705.00 P 20260803 -1.00 -1.00 82 64 1.1928 -0.0420 0.000801
707.50 P 20260803 -1.00 -1.00 18 60 1.1869 -0.0438 0.000834
710.00 P 20260803 -1.00 -1.00 293 565 1.1806 -0.0455 0.000867
712.50 P 20260803 -1.00 -1.00 14 147 1.1760 -0.0475 0.000902
715.00 P 20260803 -1.00 -1.00 107 280 1.1732 -0.0497 0.000939
717.50 P 20260803 -1.00 -1.00 22 141 1.1674 -0.0516 0.000974
720.00 P 20260803 -1.00 -1.00 168 71 1.1675 -0.0542 0.001016
722.50 P 20260803 -1.00 -1.00 11 8 1.1653 -0.0565 0.001055
725.00 P 20260803 -1.00 -1.00 159 227 1.1648 -0.0590 0.001096
727.50 P 20260803 -1.00 -1.00 289 25 1.1570 -0.0613 0.001136
730.00 P 20260803 -1.00 -1.00 102 134 1.1475 -0.0639 0.001178
732.50 P 20260803 -1.00 -1.00 38 38 1.1391 -0.0667 0.001224
735.00 P 20260803 -1.00 -1.00 126 34 1.1307 -0.0695 0.001270
737.50 P 20260803 -1.00 -1.00 10 60 1.1223 -0.0724 0.001317
740.00 P 20260803 -1.00 -1.00 251 183 1.1156 -0.0756 0.001368
742.50 P 20260803 -1.00 -1.00 53 35 1.1089 -0.0789 0.001420
745.00 P 20260803 -1.00 -1.00 88 159 1.1039 -0.0825 0.001475
747.50 P 20260803 -1.00 -1.00 14 39 1.0989 -0.0862 0.001531
750.00 P 20260803 -1.00 -1.00 567 157 1.0956 -0.0902 0.001589
755.00 P 20260803 -1.00 -1.00 372 135 1.0873 -0.0979 0.001706
760.00 P 20260803 -1.00 -1.00 171 174 1.0840 -0.1066 0.001830
765.00 P 20260803 -1.00 -1.00 69 32 1.0839 -0.1159 0.001956
770.00 P 20260803 -1.00 -1.00 370 279 1.0753 -0.1257 0.002085
775.00 P 20260803 -1.00 -1.00 211 164 1.0613 -0.1363 0.002220
780.00 P 20260803 -1.00 -1.00 559 424 1.0516 -0.1482 0.002361
785.00 P 20260803 -1.00 -1.00 54 121 1.0430 -0.1604 0.002506
790.00 P 20260803 -1.00 -1.00 122 86 1.0367 -0.1733 0.002654
795.00 P 20260803 -1.00 -1.00 149 530 1.0367 -0.1876 0.002801
800.00 P 20260803 -1.00 -1.00 1641 423 1.0389 -0.2022 0.002946
805.00 P 20260803 -1.00 -1.00 142 157 1.0366 -0.2173 0.003087
810.00 P 20260803 -1.00 -1.00 212 143 1.0245 -0.2332 0.003228
815.00 P 20260803 -1.00 -1.00 225 98 1.0157 -0.2501 0.003367
820.00 P 20260803 -1.00 -1.00 755 177 1.0101 -0.2678 0.003502
825.00 P 20260803 -1.00 -1.00 251 89 1.0069 -0.2861 0.003634
830.00 P 20260803 -1.00 -1.00 573 82 1.0054 -0.3047 0.003763
835.00 P 20260803 -1.00 -1.00 299 103 1.0085 -0.3239 0.003878
840.00 P 20260803 -1.00 -1.00 637 164 1.0056 -0.3434 0.003983
845.00 P 20260803 -1.00 -1.00 337 155 0.9943 -0.3635 0.004082
850.00 P 20260803 -1.00 -1.00 1285 191 0.9858 -0.3842 0.004172
855.00 P 20260803 -1.00 -1.00 443 50 0.9814 -0.4055 0.004248
860.00 P 20260803 -1.00 -1.00 362 164 0.9784 -0.4271 0.004319
865.00 P 20260803 -1.00 -1.00 224 77 0.9788 -0.4488 0.004375
870.00 P 20260803 -1.00 -1.00 135 66 0.9825 -0.4705 0.004417
875.00 P 20260803 -1.00 -1.00 69 148 0.9766 -0.4921 0.004443
880.00 P 20260803 -1.00 -1.00 116 235 0.9684 -0.5140 0.004449
885.00 P 20260803 -1.00 -1.00 56 66 0.9616 -0.5361 0.004448
890.00 P 20260803 -1.00 -1.00 37 308 0.9541 -0.5586 0.004450
895.00 P 20260803 -1.00 -1.00 108 234 0.9533 -0.5806 0.004421
900.00 P 20260803 -1.00 -1.00 91 274 0.9585 -0.6017 0.004366
905.00 P 20260803 -1.00 -1.00 4 107 0.9575 -0.6237 0.004338
910.00 P 20260803 -1.00 -1.00 69 89 0.9551 -0.6430 0.004242
915.00 P 20260803 -1.00 -1.00 1 43 0.9433 -0.6641 0.004174
920.00 P 20260803 -1.00 -1.00 7 59 0.9360 -0.6848 0.004086
925.00 P 20260803 -1.00 -1.00 6 24 0.9363 -0.7039 0.003974
930.00 P 20260803 -1.00 -1.00 3 48 0.9372 -0.7229 0.003860
935.00 P 20260803 -1.00 -1.00 21 108 0.9404 -0.7412 0.003742
940.00 P 20260803 -1.00 -1.00 10 138 0.9448 -0.7580 0.003614
945.00 P 20260803 -1.00 -1.00 3 54 0.9407 -0.7733 0.003476
950.00 P 20260803 -1.00 -1.00 17 121 0.9338 -0.7895 0.003338
955.00 P 20260803 -1.00 -1.00 2 54 0.9278 -0.8057 0.003195
960.00 P 20260803 -1.00 -1.00 6 166 0.9343 -0.8184 0.003045
965.00 P 20260803 -1.00 -1.00 3 81 0.9388 -0.8314 0.002899
970.00 P 20260803 -1.00 -1.00 50 93 0.9432 -0.8444 0.002756
975.00 P 20260803 -1.00 -1.00 34 63 0.8616 -0.8785 0.002544
980.00 P 20260803 -1.00 -1.00 6 15 0.8567 -0.8903 0.002374
985.00 P 20260803 -1.00 -1.00 1 5 0.8232 -0.9114 0.002129
990.00 P 20260803 -1.00 -1.00 6 65 0.8937 -0.9000 0.002129
995.00 P 20260803 -1.00 -1.00 2 4 0.8928 -0.9102 0.001978
1000.00 P 20260803 -1.00 -1.00 14 105 0.8989 -0.9184 0.001843
1005.00 P 20260803 -1.00 -1.00 4 2 0.8011 -0.9481 0.001468
1010.00 P 20260803 -1.00 -1.00 7 23 0.8867 -0.9355 0.001567
1015.00 P 20260803 -1.00 -1.00 2 62 0.8327 -0.9533 0.001303
1020.00 P 20260803 -1.00 -1.00 1 5 0.7116 -0.9813 0.000787
1025.00 P 20260803 -1.00 -1.00 2 1 0.9274 -0.9441 0.001336
1030.00 P 20260803 -1.00 -1.00 2 2 0.6127 -0.9986 0.000194
1035.00 P 20260803 -1.00 -1.00 1 0 0.8791 -0.9662 0.000977
1040.00 P 20260803 -1.00 -1.00 3 2 -1.0000 -1.0000 -1.000000
1045.00 P 20260803 -1.00 -1.00 3 0 0.8809 -0.9723 0.000832
1050.00 P 20260803 -1.00 -1.00 6 0 0.7763 -0.9900 0.000477
1055.00 P 20260803 -1.00 -1.00 3 2 0.8624 -0.9808 0.000648
1060.00 P 20260803 -1.00 -1.00 4 0 0.8755 -0.9818 0.000612
1065.00 P 20260803 -1.00 -1.00 6 0 0.8616 -0.9868 0.000498
1070.00 P 20260803 -1.00 -1.00 1 0 0.9370 -0.9790 0.000630
1075.00 P 20260803 -1.00 -1.00 5 0 0.7511 -0.9988 0.000135
1080.00 P 20260803 -1.00 -1.00 4 0 -1.0000 -1.0000 -1.000000
1085.00 P 20260803 -1.00 -1.00 -1 0 -1.0000 -1.0000 -1.000000
1090.00 P 20260803 -1.00 -1.00 6 0 -1.0000 -1.0000 -1.000000
1095.00 P 20260803 -1.00 -1.00 12 0 -1.0000 -1.0000 -1.000000
1100.00 P 20260803 -1.00 -1.00 6 0 -1.0000 -1.0000 -1.000000
1105.00 P 20260803 -1.00 -1.00 -1 0 -1.0000 -1.0000 -1.000000
1110.00 P 20260803 -1.00 -1.00 2 0 -1.0000 -1.0000 -1.000000
1115.00 P 20260803 -1.00 -1.00 -1 0 -1.0000 -1.0000 -1.000000
1120.00 P 20260803 -1.00 -1.00 1 0 0.9552 -0.9947 0.000247
1125.00 P 20260803 -1.00 -1.00 1 0 -1.0000 -1.0000 -1.000000
1130.00 P 20260803 -1.00 -1.00 4 0 -1.0000 -1.0000 -1.000000
1135.00 P 20260803 -1.00 -1.00 -1 0 -1.0000 -1.0000 -1.000000
1140.00 P 20260803 -1.00 -1.00 1 0 -1.0000 -1.0000 -1.000000
1145.00 P 20260803 -1.00 -1.00 -1 0 -1.0000 -1.0000 -1.000000
1150.00 P 20260803 -1.00 -1.00 4 0 -1.0000 -1.0000 -1.000000
1155.00 P 20260803 -1.00 -1.00 -1 0 -1.0000 -1.0000 -1.000000
1160.00 P 20260803 -1.00 -1.00 -1 0 -1.0000 -1.0000 -1.000000
1165.00 P 20260803 -1.00 -1.00 -1 0 -1.0000 -1.0000 -1.000000
1170.00 P 20260803 -1.00 -1.00 -1 0 -1.0000 -1.0000 -1.000000
1175.00 P 20260803 -1.00 -1.00 -1 0 -1.0000 -1.0000 -1.000000
1180.00 P 20260803 -1.00 -1.00 2 0 -1.0000 -1.0000 -1.000000
1185.00 P 20260803 -1.00 -1.00 -1 0 -1.0000 -1.0000 -1.000000
1190.00 P 20260803 -1.00 -1.00 -1 0 -1.0000 -1.0000 -1.000000
1195.00 P 20260803 -1.00 -1.00 -1 0 -1.0000 -1.0000 -1.000000
1200.00 P 20260803 -1.00 -1.00 1 0 -1.0000 -1.0000 -1.000000
1205.00 P 20260803 -1.00 -1.00 -1 0 -1.0000 -1.0000 -1.000000
1210.00 P 20260803 -1.00 -1.00 -1 0 -1.0000 -1.0000 -1.000000
1215.00 P 20260803 -1.00 -1.00 -1 0 -1.0000 -1.0000 -1.000000
1220.00 P 20260803 -1.00 -1.00 1 0 -1.0000 -1.0000 -1.000000
525.00 C 20260805 -1.00 -1.00 -1 0 1.8622 0.9872 0.000155
530.00 C 20260805 -1.00 -1.00 -1 0 1.8412 0.9865 0.000164
535.00 C 20260805 -1.00 -1.00 -1 0 1.8148 0.9861 0.000171
540.00 C 20260805 -1.00 -1.00 -1 0 1.7886 0.9857 0.000178
545.00 C 20260805 -1.00 -1.00 -1 0 1.7682 0.9850 0.000188
550.00 C 20260805 -1.00 -1.00 -1 0 1.7590 0.9838 0.000202
555.00 C 20260805 -1.00 -1.00 -1 0 1.7225 0.9838 0.000206
560.00 C 20260805 -1.00 -1.00 -1 0 1.7407 0.9814 0.000230
562.50 C 20260805 -1.00 -1.00 -1 0 1.7308 0.9810 0.000236
565.00 C 20260805 -1.00 -1.00 -1 0 1.6777 0.9825 0.000226
567.50 C 20260805 -1.00 -1.00 -1 0 1.7326 0.9793 0.000254
570.00 C 20260805 -1.00 -1.00 -1 0 1.7013 0.9798 0.000253
572.50 C 20260805 -1.00 -1.00 -1 0 1.6379 0.9819 0.000239
575.00 C 20260805 -1.00 -1.00 -1 0 1.6604 0.9800 0.000257
577.50 C 20260805 -1.00 -1.00 -1 0 1.6294 0.9806 0.000255
580.00 C 20260805 -1.00 -1.00 -1 0 1.6199 0.9802 0.000262
582.50 C 20260805 -1.00 -1.00 -1 0 1.6104 0.9798 0.000268
585.00 C 20260805 -1.00 -1.00 -1 0 1.6116 0.9788 0.000279
587.50 C 20260805 -1.00 -1.00 -1 0 1.6128 0.9779 0.000289
590.00 C 20260805 -1.00 -1.00 -1 0 1.6087 0.9773 0.000298
592.50 C 20260805 -1.00 -1.00 -1 0 1.5940 0.9771 0.000303
595.00 C 20260805 -1.00 -1.00 -1 0 1.5742 0.9772 0.000306
597.50 C 20260805 -1.00 -1.00 -1 0 1.5807 0.9760 0.000319
600.00 C 20260805 -1.00 -1.00 27 5 1.5609 0.9760 0.000322
602.50 C 20260805 -1.00 -1.00 1 1 1.5581 0.9749 0.000335
605.00 C 20260805 -1.00 -1.00 3 3 1.5396 0.9749 0.000339
607.50 C 20260805 -1.00 -1.00 15 9 1.5420 0.9730 0.000358
610.00 C 20260805 -1.00 -1.00 1 1 1.5262 0.9727 0.000364
612.50 C 20260805 -1.00 -1.00 -1 0 1.4973 0.9738 0.000360
615.00 C 20260805 -1.00 -1.00 6 0 1.4947 0.9723 0.000377
617.50 C 20260805 -1.00 -1.00 8 0 1.4817 0.9718 0.000385
620.00 C 20260805 -1.00 -1.00 6 0 1.4739 0.9708 0.000398
622.50 C 20260805 -1.00 -1.00 8 0 1.4610 0.9703 0.000407
625.00 C 20260805 -1.00 -1.00 -1 0 1.4584 0.9688 0.000424
627.50 C 20260805 -1.00 -1.00 -1 0 1.4481 0.9680 0.000436
630.00 C 20260805 -1.00 -1.00 -1 0 1.4379 0.9672 0.000448
632.50 C 20260805 -1.00 -1.00 -1 0 1.4252 0.9666 0.000458
635.00 C 20260805 -1.00 -1.00 -1 0 1.4150 0.9658 0.000471
637.50 C 20260805 -1.00 -1.00 -1 0 1.4126 0.9642 0.000489
640.00 C 20260805 -1.00 -1.00 -1 0 1.4101 0.9626 0.000508
642.50 C 20260805 -1.00 -1.00 -1 0 1.3899 0.9628 0.000513
645.00 C 20260805 -1.00 -1.00 6 6 1.3875 0.9612 0.000533
647.50 C 20260805 -1.00 -1.00 1 1 1.3751 0.9605 0.000545
650.00 C 20260805 -1.00 -1.00 4 1 1.3651 0.9596 0.000559
652.50 C 20260805 -1.00 -1.00 -1 0 1.3603 0.9582 0.000577
655.00 C 20260805 -1.00 -1.00 -1 0 1.3605 0.9563 0.000599
657.50 C 20260805 -1.00 -1.00 -1 0 1.3456 0.9559 0.000611
660.00 C 20260805 -1.00 -1.00 -1 0 1.3434 0.9542 0.000631
662.50 C 20260805 -1.00 -1.00 -1 0 1.3361 0.9530 0.000649
665.00 C 20260805 -1.00 -1.00 -1 0 1.3313 0.9516 0.000668
667.50 C 20260805 -1.00 -1.00 -1 0 1.3241 0.9503 0.000686
670.00 C 20260805 -1.00 -1.00 -1 0 1.2303 0.9582 0.000638
672.50 C 20260805 -1.00 -1.00 -1 0 1.2135 0.9580 0.000649
675.00 C 20260805 -1.00 -1.00 -1 0 1.2139 0.9559 0.000677
677.50 C 20260805 -1.00 -1.00 -1 0 1.2218 0.9529 0.000710
680.00 C 20260805 -1.00 -1.00 -1 0 1.2026 0.9530 0.000721
682.50 C 20260805 -1.00 -1.00 -1 0 1.2055 0.9505 0.000751
685.00 C 20260805 -1.00 -1.00 -1 0 1.2059 0.9484 0.000778
687.50 C 20260805 -1.00 -1.00 -1 0 1.2040 0.9465 0.000804
690.00 C 20260805 -1.00 -1.00 -1 0 1.2345 0.9406 0.000855
692.50 C 20260805 -1.00 -1.00 -1 0 1.2268 0.9385 0.000881
695.00 C 20260805 -1.00 -1.00 -1 0 1.2050 0.9388 0.000894
697.50 C 20260805 -1.00 -1.00 -1 0 1.2156 0.9335 0.000941
700.00 C 20260805 -1.00 -1.00 2 1 1.2233 0.9287 0.000983
702.50 C 20260805 -1.00 -1.00 -1 0 1.1793 0.9327 0.000978
705.00 C 20260805 -1.00 -1.00 -1 0 1.1633 0.9319 0.001000
707.50 C 20260805 -1.00 -1.00 -1 0 1.1781 0.9257 0.001052
710.00 C 20260805 -1.00 -1.00 -1 0 1.1608 0.9251 0.001075
712.50 C 20260805 -1.00 -1.00 1 2 1.1644 0.9208 0.001116
715.00 C 20260805 -1.00 -1.00 10 6 1.1583 0.9182 0.001150
717.50 C 20260805 -1.00 -1.00 -1 0 1.1757 0.9117 0.001201
720.00 C 20260805 -1.00 -1.00 -1 0 1.1737 0.9084 0.001238
722.50 C 20260805 -1.00 -1.00 -1 0 1.1690 0.9055 0.001273
725.00 C 20260805 -1.00 -1.00 -1 0 1.2083 0.8960 0.001329
727.50 C 20260805 -1.00 -1.00 2 0 1.1665 0.8987 0.001348
730.00 C 20260805 -1.00 -1.00 -1 0 1.1961 0.8907 0.001397
732.50 C 20260805 -1.00 -1.00 -1 0 1.2051 0.8859 0.001436
735.00 C 20260805 -1.00 -1.00 2 0 1.1996 0.8827 0.001471
737.50 C 20260805 -1.00 -1.00 1 1 1.1520 0.8862 0.001498
740.00 C 20260805 -1.00 -1.00 9 55 1.1848 0.8753 0.001546
742.50 C 20260805 -1.00 -1.00 1 1 1.1358 0.8802 0.001575
745.00 C 20260805 -1.00 -1.00 26 9 1.1529 0.8712 0.001622
747.50 C 20260805 -1.00 -1.00 6 4 1.1655 0.8633 0.001664
750.00 C 20260805 -1.00 -1.00 2 12 1.1248 0.8661 0.001703
755.00 C 20260805 -1.00 -1.00 10 6 1.1418 0.8518 0.001790
760.00 C 20260805 -1.00 -1.00 17 23 1.1301 0.8431 0.001877
765.00 C 20260805 -1.00 -1.00 3 12 1.1265 0.8329 0.001965
770.00 C 20260805 -1.00 -1.00 25 40 1.1345 0.8206 0.002048
775.00 C 20260805 -1.00 -1.00 12 11 1.1202 0.8120 0.002143
780.00 C 20260805 -1.00 -1.00 73 241 1.0981 0.8044 0.002248
785.00 C 20260805 -1.00 -1.00 6 255 1.1085 0.7912 0.002327
790.00 C 20260805 -1.00 -1.00 39 60 1.1109 0.7766 0.002397
795.00 C 20260805 -1.00 -1.00 28 21 1.0927 0.7655 0.002494
800.00 C 20260805 -1.00 -1.00 151 383 1.0991 0.7501 0.002559
805.00 C 20260805 -1.00 -1.00 82 72 1.0631 0.7413 0.002692
810.00 C 20260805 -1.00 -1.00 94 140 1.0564 0.7275 0.002783
815.00 C 20260805 -1.00 -1.00 64 50 1.0820 0.7093 0.002811
820.00 C 20260805 -1.00 -1.00 128 100 1.0563 0.6978 0.002941
825.00 C 20260805 -1.00 -1.00 42 64 1.0830 0.6802 0.002960
830.00 C 20260805 -1.00 -1.00 143 92 1.0757 0.6657 0.003038
835.00 C 20260805 -1.00 -1.00 78 38 1.0695 0.6499 0.003090
840.00 C 20260805 -1.00 -1.00 184 37 1.0605 0.6342 0.003150
845.00 C 20260805 -1.00 -1.00 97 139 1.0436 0.6187 0.003236
850.00 C 20260805 -1.00 -1.00 359 89 1.0500 0.6016 0.003253
855.00 C 20260805 -1.00 -1.00 174 113 1.0462 0.5850 0.003302
860.00 C 20260805 -1.00 -1.00 133 45 1.0487 0.5682 0.003331
865.00 C 20260805 -1.00 -1.00 125 64 1.0494 0.5515 0.003365
870.00 C 20260805 -1.00 -1.00 87 147 1.0545 0.5349 0.003385
875.00 C 20260805 -1.00 -1.00 115 128 1.0433 0.5181 0.003425
880.00 C 20260805 -1.00 -1.00 80 69 1.0507 0.5021 0.003384
885.00 C 20260805 -1.00 -1.00 32 49 1.0355 0.4848 0.003417
890.00 C 20260805 -1.00 -1.00 177 146 1.0182 0.4668 0.003458
895.00 C 20260805 -1.00 -1.00 52 81 1.0164 0.4498 0.003446
900.00 C 20260805 -1.00 -1.00 1049 735 1.0162 0.4329 0.003430
905.00 C 20260805 -1.00 -1.00 44 57 1.0182 0.4163 0.003406
910.00 C 20260805 -1.00 -1.00 424 55 1.0223 0.4001 0.003376
915.00 C 20260805 -1.00 -1.00 65 115 1.0265 0.3841 0.003347
920.00 C 20260805 -1.00 -1.00 214 131 1.0209 0.3686 0.003305
925.00 C 20260805 -1.00 -1.00 123 64 1.0155 0.3533 0.003257
930.00 C 20260805 -1.00 -1.00 47 74 1.0107 0.3380 0.003207
935.00 C 20260805 -1.00 -1.00 145 30 1.0066 0.3226 0.003153
940.00 C 20260805 -1.00 -1.00 195 90 1.0067 0.3081 0.003090
945.00 C 20260805 -1.00 -1.00 45 62 1.0081 0.2938 0.003024
950.00 C 20260805 -1.00 -1.00 477 227 1.0095 0.2796 0.002959
955.00 C 20260805 -1.00 -1.00 34 116 1.0145 0.2665 0.002888
960.00 C 20260805 -1.00 -1.00 87 80 1.0201 0.2536 0.002817
965.00 C 20260805 -1.00 -1.00 98 38 1.0159 0.2413 0.002744
970.00 C 20260805 -1.00 -1.00 65 106 1.0065 0.2282 0.002671
975.00 C 20260805 -1.00 -1.00 71 78 1.0057 0.2171 0.002588
980.00 C 20260805 -1.00 -1.00 88 98 1.0025 0.2054 0.002507
985.00 C 20260805 -1.00 -1.00 81 43 1.0010 0.1940 0.002423
990.00 C 20260805 -1.00 -1.00 116 53 1.0041 0.1839 0.002339
995.00 C 20260805 -1.00 -1.00 44 123 1.0057 0.1735 0.002256
1000.00 C 20260805 -1.00 -1.00 834 277 1.0103 0.1640 0.002173
1005.00 C 20260805 -1.00 -1.00 32 81 1.0157 0.1549 0.002093
1010.00 C 20260805 -1.00 -1.00 21 13 1.0173 0.1458 0.002014
1015.00 C 20260805 -1.00 -1.00 44 10 1.0127 0.1378 0.001936
1020.00 C 20260805 -1.00 -1.00 27 64 1.0080 0.1296 0.001856
1025.00 C 20260805 -1.00 -1.00 67 43 1.0068 0.1222 0.001778
1030.00 C 20260805 -1.00 -1.00 47 20 1.0034 0.1142 0.001696
1035.00 C 20260805 -1.00 -1.00 16 25 1.0056 0.1077 0.001621
1040.00 C 20260805 -1.00 -1.00 62 30 1.0078 0.1012 0.001547
1045.00 C 20260805 -1.00 -1.00 31 21 1.0112 0.0950 0.001474
1050.00 C 20260805 -1.00 -1.00 114 85 1.0157 0.0892 0.001405
1055.00 C 20260805 -1.00 -1.00 19 55 1.0212 0.0838 0.001339
1060.00 C 20260805 -1.00 -1.00 41 22 1.0279 0.0787 0.001276
1065.00 C 20260805 -1.00 -1.00 17 113 1.0258 0.0740 0.001217
1070.00 C 20260805 -1.00 -1.00 8 75 1.0232 0.0696 0.001158
1075.00 C 20260805 -1.00 -1.00 5 18 1.0206 0.0652 0.001099
1080.00 C 20260805 -1.00 -1.00 9 5 1.0203 0.0612 0.001044
1085.00 C 20260805 -1.00 -1.00 11 6 1.0208 0.0573 0.000989
1090.00 C 20260805 -1.00 -1.00 6 23 1.0225 0.0537 0.000936
1095.00 C 20260805 -1.00 -1.00 11 20 1.0260 0.0505 0.000888
1100.00 C 20260805 -1.00 -1.00 62 74 1.0303 0.0474 0.000842
1105.00 C 20260805 -1.00 -1.00 32 47 1.0327 0.0440 0.000792
1110.00 C 20260805 -1.00 -1.00 9 49 1.0438 0.0423 0.000762
1115.00 C 20260805 -1.00 -1.00 1 55 1.0503 0.0398 0.000723
1120.00 C 20260805 -1.00 -1.00 3 27 1.0552 0.0370 0.000681
1125.00 C 20260805 -1.00 -1.00 1 33 1.0578 0.0349 0.000648
1130.00 C 20260805 -1.00 -1.00 8 15 1.0566 0.0329 0.000616
1135.00 C 20260805 -1.00 -1.00 5 18 1.0590 0.0314 0.000588
1140.00 C 20260805 -1.00 -1.00 36 41 1.0592 0.0295 0.000557
1145.00 C 20260805 -1.00 -1.00 13 38 1.0594 0.0277 0.000527
1150.00 C 20260805 -1.00 -1.00 9 59 1.0634 0.0263 0.000502
1155.00 C 20260805 -1.00 -1.00 3 3 1.0673 0.0249 0.000477
1160.00 C 20260805 -1.00 -1.00 2 42 1.0704 0.0234 0.000451
1165.00 C 20260805 -1.00 -1.00 14 13 1.0743 0.0221 0.000427
1170.00 C 20260805 -1.00 -1.00 3 37 1.0803 0.0209 0.000407
1175.00 C 20260805 -1.00 -1.00 1 15 1.0864 0.0199 0.000387
1180.00 C 20260805 -1.00 -1.00 7 16 1.0924 0.0188 0.000368
1185.00 C 20260805 -1.00 -1.00 1 9 1.0984 0.0177 0.000349
1190.00 C 20260805 -1.00 -1.00 6 33 1.1043 0.0167 0.000330
1195.00 C 20260805 -1.00 -1.00 1 53 1.1117 0.0158 0.000314
1200.00 C 20260805 -1.00 -1.00 90 68 1.1206 0.0151 0.000301
1205.00 C 20260805 -1.00 -1.00 61 80 1.1254 0.0144 0.000287
1210.00 C 20260805 -1.00 -1.00 54 55 1.1231 0.0135 0.000272
1215.00 C 20260805 -1.00 -1.00 1 95 1.1242 0.0129 0.000259
1220.00 C 20260805 -1.00 -1.00 2 15 1.1270 0.0123 0.000248
525.00 P 20260805 -1.00 -1.00 -1 0 1.5841 -0.0047 0.000075
530.00 P 20260805 -1.00 -1.00 100 0 1.5671 -0.0051 0.000081
535.00 P 20260805 -1.00 -1.00 -1 0 1.5528 -0.0055 0.000088
540.00 P 20260805 -1.00 -1.00 1 0 1.5387 -0.0059 0.000095
545.00 P 20260805 -1.00 -1.00 6 0 1.5195 -0.0062 0.000100
550.00 P 20260805 -1.00 -1.00 -1 0 1.5185 -0.0070 0.000112
555.00 P 20260805 -1.00 -1.00 -1 0 1.5072 -0.0075 0.000120
560.00 P 20260805 -1.00 -1.00 -1 0 1.5037 -0.0082 0.000131
562.50 P 20260805 -1.00 -1.00 -1 0 1.5007 -0.0085 0.000136
565.00 P 20260805 -1.00 -1.00 -1 0 1.4951 -0.0088 0.000141
567.50 P 20260805 -1.00 -1.00 -1 0 1.4947 -0.0092 0.000147
570.00 P 20260805 -1.00 -1.00 -1 0 1.4876 -0.0095 0.000152
572.50 P 20260805 -1.00 -1.00 2 0 1.4776 -0.0098 0.000157
575.00 P 20260805 -1.00 -1.00 -1 0 1.4698 -0.0103 0.000164
577.50 P 20260805 -1.00 -1.00 -1 0 1.4599 -0.0106 0.000170
580.00 P 20260805 -1.00 -1.00 -1 0 1.4521 -0.0111 0.000177
582.50 P 20260805 -1.00 -1.00 -1 0 1.4444 -0.0116 0.000184
585.00 P 20260805 -1.00 -1.00 3 0 1.4357 -0.0120 0.000191
587.50 P 20260805 -1.00 -1.00 -1 0 1.4280 -0.0125 0.000198
590.00 P 20260805 -1.00 -1.00 1 0 1.4204 -0.0130 0.000206
592.50 P 20260805 -1.00 -1.00 -1 0 1.4128 -0.0135 0.000214
595.00 P 20260805 -1.00 -1.00 7 354 1.4063 -0.0140 0.000222
597.50 P 20260805 -1.00 -1.00 1 0 1.3999 -0.0146 0.000231
600.00 P 20260805 -1.00 -1.00 54 110 1.3892 -0.0149 0.000237
602.50 P 20260805 -1.00 -1.00 3 33 1.3881 -0.0158 0.000250
605.00 P 20260805 -1.00 -1.00 3 48 1.3848 -0.0166 0.000261
607.50 P 20260805 -1.00 -1.00 11 114 1.3753 -0.0170 0.000268
610.00 P 20260805 -1.00 -1.00 2 27 1.3690 -0.0176 0.000278
612.50 P 20260805 -1.00 -1.00 7 4 1.3658 -0.0183 0.000289
615.00 P 20260805 -1.00 -1.00 3 30 1.3585 -0.0189 0.000298
617.50 P 20260805 -1.00 -1.00 2 5 1.3574 -0.0198 0.000311
620.00 P 20260805 -1.00 -1.00 11 57 1.3522 -0.0205 0.000322
622.50 P 20260805 -1.00 -1.00 -1 0 1.3490 -0.0213 0.000334
625.00 P 20260805 -1.00 -1.00 18 37 1.3459 -0.0221 0.000346
627.50 P 20260805 -1.00 -1.00 7 2 1.3449 -0.0230 0.000360
630.00 P 20260805 -1.00 -1.00 43 50 1.3418 -0.0238 0.000372
632.50 P 20260805 -1.00 -1.00 6 20 1.3407 -0.0247 0.000385
635.00 P 20260805 -1.00 -1.00 7 20 1.3347 -0.0257 0.000399
637.50 P 20260805 -1.00 -1.00 1 62 1.3259 -0.0267 0.000413
640.00 P 20260805 -1.00 -1.00 39 64 1.3177 -0.0277 0.000428
642.50 P 20260805 -1.00 -1.00 4 3 1.3100 -0.0288 0.000443
645.00 P 20260805 -1.00 -1.00 29 33 1.3019 -0.0298 0.000459
647.50 P 20260805 -1.00 -1.00 19 35 1.2948 -0.0310 0.000475
650.00 P 20260805 -1.00 -1.00 232 116 1.2872 -0.0321 0.000492
652.50 P 20260805 -1.00 -1.00 12 56 1.2806 -0.0333 0.000510
655.00 P 20260805 -1.00 -1.00 4 13 1.2766 -0.0349 0.000530
657.50 P 20260805 -1.00 -1.00 5 29 1.2681 -0.0359 0.000547
660.00 P 20260805 -1.00 -1.00 49 40 1.2621 -0.0373 0.000566
662.50 P 20260805 -1.00 -1.00 3 14 1.2572 -0.0387 0.000586
665.00 P 20260805 -1.00 -1.00 30 31 1.2542 -0.0404 0.000609
667.50 P 20260805 -1.00 -1.00 11 7 1.2498 -0.0420 0.000630
670.00 P 20260805 -1.00 -1.00 34 64 1.2429 -0.0432 0.000650
672.50 P 20260805 -1.00 -1.00 2 5 1.2435 -0.0453 0.000676
675.00 P 20260805 -1.00 -1.00 10 49 1.2366 -0.0466 0.000696
677.50 P 20260805 -1.00 -1.00 6 16 1.2357 -0.0486 0.000722
680.00 P 20260805 -1.00 -1.00 112 82 1.2314 -0.0502 0.000744
682.50 P 20260805 -1.00 -1.00 3 3 1.2295 -0.0520 0.000769
685.00 P 20260805 -1.00 -1.00 71 80 1.2276 -0.0539 0.000794
687.50 P 20260805 -1.00 -1.00 3 13 1.2282 -0.0560 0.000821
690.00 P 20260805 -1.00 -1.00 12 22 1.2273 -0.0582 0.000848
692.50 P 20260805 -1.00 -1.00 11 12 1.2197 -0.0603 0.000875
695.00 P 20260805 -1.00 -1.00 67 66 1.2135 -0.0627 0.000904
697.50 P 20260805 -1.00 -1.00 17 31 1.2059 -0.0649 0.000932
700.00 P 20260805 -1.00 -1.00 166 148 1.1969 -0.0669 0.000959
702.50 P 20260805 -1.00 -1.00 9 46 1.1922 -0.0696 0.000992
705.00 P 20260805 -1.00 -1.00 20 69 1.1847 -0.0719 0.001022
707.50 P 20260805 -1.00 -1.00 3 29 1.1814 -0.0749 0.001056
710.00 P 20260805 -1.00 -1.00 331 360 1.1767 -0.0777 0.001089
712.50 P 20260805 -1.00 -1.00 2 31 1.1734 -0.0808 0.001124
715.00 P 20260805 -1.00 -1.00 310 307 1.1673 -0.0834 0.001158
717.50 P 20260805 -1.00 -1.00 185 47 1.1627 -0.0862 0.001193
720.00 P 20260805 -1.00 -1.00 117 42 1.1609 -0.0896 0.001230
722.50 P 20260805 -1.00 -1.00 4 10 1.1604 -0.0931 0.001268
725.00 P 20260805 -1.00 -1.00 22 75 1.1572 -0.0963 0.001305
727.50 P 20260805 -1.00 -1.00 48 17 1.1540 -0.0994 0.001343
730.00 P 20260805 -1.00 -1.00 33 109 1.1549 -0.1032 0.001382
732.50 P 20260805 -1.00 -1.00 21 18 1.1530 -0.1066 0.001420
735.00 P 20260805 -1.00 -1.00 40 35 1.1539 -0.1104 0.001460
737.50 P 20260805 -1.00 -1.00 36 36 1.1535 -0.1140 0.001499
740.00 P 20260805 -1.00 -1.00 104 127 1.1521 -0.1180 0.001539
742.50 P 20260805 -1.00 -1.00 25 32 1.1458 -0.1221 0.001579
745.00 P 20260805 -1.00 -1.00 68 92 1.1377 -0.1258 0.001620
747.50 P 20260805 -1.00 -1.00 42 47 1.1323 -0.1301 0.001662
750.00 P 20260805 -1.00 -1.00 198 214 1.1278 -0.1346 0.001704
755.00 P 20260805 -1.00 -1.00 30 11 1.1189 -0.1438 0.001792
760.00 P 20260805 -1.00 -1.00 15 83 1.1100 -0.1531 0.001881
765.00 P 20260805 -1.00 -1.00 24 41 1.1048 -0.1633 0.001973
770.00 P 20260805 -1.00 -1.00 65 53 1.0996 -0.1735 0.002065
775.00 P 20260805 -1.00 -1.00 47 75 1.0989 -0.1846 0.002157
780.00 P 20260805 -1.00 -1.00 42 67 1.0999 -0.1960 0.002248
785.00 P 20260805 -1.00 -1.00 52 77 1.1017 -0.2076 0.002337
790.00 P 20260805 -1.00 -1.00 164 1053 1.0902 -0.2198 0.002425
795.00 P 20260805 -1.00 -1.00 92 144 1.0800 -0.2324 0.002514
800.00 P 20260805 -1.00 -1.00 923 126 1.0713 -0.2455 0.002603
805.00 P 20260805 -1.00 -1.00 203 128 1.0660 -0.2593 0.002690
810.00 P 20260805 -1.00 -1.00 38 177 1.0620 -0.2735 0.002775
815.00 P 20260805 -1.00 -1.00 40 126 1.0607 -0.2881 0.002856
820.00 P 20260805 -1.00 -1.00 171 75 1.0613 -0.3030 0.002933
825.00 P 20260805 -1.00 -1.00 147 35 1.0633 -0.3180 0.003007
830.00 P 20260805 -1.00 -1.00 46 76 1.0628 -0.3333 0.003075
835.00 P 20260805 -1.00 -1.00 41 172 1.0533 -0.3489 0.003138
840.00 P 20260805 -1.00 -1.00 70 101 1.0467 -0.3651 0.003193
845.00 P 20260805 -1.00 -1.00 42 41 1.0391 -0.3814 0.003253
850.00 P 20260805 -1.00 -1.00 115 196 1.0348 -0.3980 0.003303
855.00 P 20260805 -1.00 -1.00 177 57 1.0323 -0.4149 0.003349
860.00 P 20260805 -1.00 -1.00 51 104 1.0331 -0.4319 0.003384
865.00 P 20260805 -1.00 -1.00 30 57 1.0356 -0.4489 0.003414
870.00 P 20260805 -1.00 -1.00 36 90 1.0402 -0.4657 0.003436
875.00 P 20260805 -1.00 -1.00 40 77 1.0360 -0.4826 0.003453
880.00 P 20260805 -1.00 -1.00 39 86 1.0281 -0.4995 0.003463
885.00 P 20260805 -1.00 -1.00 21 65 1.0235 -0.5165 0.003461
890.00 P 20260805 -1.00 -1.00 75 125 1.0063 -0.5347 0.003502
895.00 P 20260805 -1.00 -1.00 6 38 1.0062 -0.5518 0.003485
900.00 P 20260805 -1.00 -1.00 73 286 1.0033 -0.5692 0.003477
905.00 P 20260805 -1.00 -1.00 1 55 1.0070 -0.5858 0.003448
910.00 P 20260805 -1.00 -1.00 16 355 1.0221 -0.6005 0.003383
915.00 P 20260805 -1.00 -1.00 5 224 1.0058 -0.6199 0.003413
920.00 P 20260805 -1.00 -1.00 12 307 1.0036 -0.6349 0.003356
925.00 P 20260805 -1.00 -1.00 3 99 1.0130 -0.6478 0.003269
930.00 P 20260805 -1.00 -1.00 3 62 0.9924 -0.6664 0.003256
935.00 P 20260805 -1.00 -1.00 7 21 1.0006 -0.6794 0.003173
940.00 P 20260805 -1.00 -1.00 6 68 0.9868 -0.6973 0.003139
945.00 P 20260805 -1.00 -1.00 10 24 1.0010 -0.7087 0.003045
950.00 P 20260805 -1.00 -1.00 10 122 0.9927 -0.7256 0.002997
955.00 P 20260805 -1.00 -1.00 15 18 0.9971 -0.7392 0.002925
960.00 P 20260805 -1.00 -1.00 1 56 0.9982 -0.7528 0.002853
965.00 P 20260805 -1.00 -1.00 28 5 0.9990 -0.7636 0.002768
970.00 P 20260805 -1.00 -1.00 2 16 1.0007 -0.7742 0.002683
975.00 P 20260805 -1.00 -1.00 6 3 0.9968 -0.7861 0.002601
980.00 P 20260805 -1.00 -1.00 3 8 1.0023 -0.7957 0.002514
985.00 P 20260805 -1.00 -1.00 2 5 1.0070 -0.8053 0.002429
990.00 P 20260805 -1.00 -1.00 10 32 0.9946 -0.8199 0.002348
995.00 P 20260805 -1.00 -1.00 1 3 0.9868 -0.8335 0.002263
1000.00 P 20260805 -1.00 -1.00 3 9 1.0030 -0.8394 0.002181
1005.00 P 20260805 -1.00 -1.00 2 2 0.9996 -0.8516 0.002095
1010.00 P 20260805 -1.00 -1.00 1 6 0.9708 -0.8661 0.002000
1015.00 P 20260805 -1.00 -1.00 3 8 0.9755 -0.8724 0.001921
1020.00 P 20260805 -1.00 -1.00 1 4 0.9617 -0.8833 0.001824
1025.00 P 20260805 -1.00 -1.00 1 11 0.9904 -0.8832 0.001771
1030.00 P 20260805 -1.00 -1.00 2 5 1.0099 -0.8855 0.001713
1035.00 P 20260805 -1.00 -1.00 2 1 0.9869 -0.8988 0.001607
1040.00 P 20260805 -1.00 -1.00 12 6 1.0119 -0.8992 0.001562
1045.00 P 20260805 -1.00 -1.00 2 3 0.9691 -0.9187 0.001413
1050.00 P 20260805 -1.00 -1.00 1 12 0.9575 -0.9275 0.001319
1055.00 P 20260805 -1.00 -1.00 2 3 0.9530 -0.9326 0.001249
1060.00 P 20260805 -1.00 -1.00 -1 0 0.9445 -0.9387 0.001171
1065.00 P 20260805 -1.00 -1.00 1 1 0.9379 -0.9444 0.001093
1070.00 P 20260805 -1.00 -1.00 1 2 1.0294 -0.9309 0.001177
1075.00 P 20260805 -1.00 -1.00 1 1 1.0130 -0.9379 0.001100
1080.00 P 20260805 -1.00 -1.00 1 2 0.9906 -0.9464 0.001005
1085.00 P 20260805 -1.00 -1.00 1 0 0.9917 -0.9503 0.000948
1090.00 P 20260805 -1.00 -1.00 -1 0 0.9946 -0.9539 0.000895
1095.00 P 20260805 -1.00 -1.00 1 0 0.9873 -0.9596 0.000821
1100.00 P 20260805 -1.00 -1.00 1 1 0.9877 -0.9637 0.000762
1105.00 P 20260805 -1.00 -1.00 -1 0 1.0124 -0.9624 0.000761
1110.00 P 20260805 -1.00 -1.00 -1 0 0.9797 -0.9701 0.000664
1115.00 P 20260805 -1.00 -1.00 1 1 1.0096 -0.9686 0.000668
1120.00 P 20260805 -1.00 -1.00 -1 0 0.9640 -0.9763 0.000567
1125.00 P 20260805 -1.00 -1.00 1 1 0.9781 -0.9766 0.000553
1130.00 P 20260805 -1.00 -1.00 2 0 0.9595 -0.9812 0.000484
1135.00 P 20260805 -1.00 -1.00 1 0 0.9521 -0.9843 0.000430
1140.00 P 20260805 -1.00 -1.00 1 1 0.9573 -0.9857 0.000400
1145.00 P 20260805 -1.00 -1.00 26 0 0.9570 -0.9880 0.000364
1150.00 P 20260805 -1.00 -1.00 1 0 0.9937 -0.9849 0.000400
1155.00 P 20260805 -1.00 -1.00 2 0 0.8983 -0.9944 0.000244
1160.00 P 20260805 -1.00 -1.00 1 0 0.9565 -0.9911 0.000304
1165.00 P 20260805 -1.00 -1.00 -1 0 0.9465 -0.9927 0.000270
1170.00 P 20260805 -1.00 -1.00 -1 0 -1.0000 -1.0000 -1.000000
1175.00 P 20260805 -1.00 -1.00 1 0 1.0029 -0.9907 0.000295
1180.00 P 20260805 -1.00 -1.00 -1 0 -1.0000 -1.0000 -1.000000
1185.00 P 20260805 -1.00 -1.00 1 0 0.9558 -0.9960 0.000191
1190.00 P 20260805 -1.00 -1.00 -1 0 -1.0000 -1.0000 -1.000000
1195.00 P 20260805 -1.00 -1.00 -1 0 -1.0000 -1.0000 -1.000000
1200.00 P 20260805 -1.00 -1.00 -1 0 1.0054 -0.9949 0.000201
1205.00 P 20260805 -1.00 -1.00 -1 0 -1.0000 -1.0000 -1.000000
1210.00 P 20260805 -1.00 -1.00 -1 0 -1.0000 -1.0000 -1.000000
1215.00 P 20260805 -1.00 -1.00 -1 0 -1.0000 -1.0000 -1.000000
1220.00 P 20260805 -1.00 -1.00 -1 0 -1.0000 -1.0000 -1.000000
525.00 C 20260807 -1.00 -1.00 1 1 1.8005 0.9796 0.000211
527.50 C 20260807 -1.00 -1.00 -1 0 1.7615 0.9804 0.000208
530.00 C 20260807 -1.00 -1.00 1 1 1.7811 0.9789 0.000220
532.50 C 20260807 -1.00 -1.00 -1 0 1.6841 0.9821 0.000200
535.00 C 20260807 -1.00 -1.00 1 1 1.6796 0.9816 0.000206
537.50 C 20260807 -1.00 -1.00 -1 0 1.7089 0.9796 0.000222
540.00 C 20260807 -1.00 -1.00 2 2 1.6899 0.9796 0.000224
542.50 C 20260807 -1.00 -1.00 -1 0 1.6566 0.9803 0.000222
545.00 C 20260807 -1.00 -1.00 1 2 1.6618 0.9793 0.000231
547.50 C 20260807 -1.00 -1.00 -1 0 1.6526 0.9790 0.000236
550.00 C 20260807 -1.00 -1.00 2 2 1.6291 0.9792 0.000236
552.50 C 20260807 -1.00 -1.00 -1 0 1.6201 0.9789 0.000241
555.00 C 20260807 -1.00 -1.00 1 1 1.6015 0.9789 0.000244
557.50 C 20260807 -1.00 -1.00 -1 0 1.6425 0.9759 0.000266
560.00 C 20260807 -1.00 -1.00 -1 0 1.6026 0.9774 0.000260
562.50 C 20260807 -1.00 -1.00 -1 0 1.6054 0.9762 0.000271
565.00 C 20260807 -1.00 -1.00 1 2 1.5858 0.9764 0.000272
567.50 C 20260807 -1.00 -1.00 -1 0 1.5827 0.9752 0.000283
570.00 C 20260807 -1.00 -1.00 1 2 1.5843 0.9736 0.000297
572.50 C 20260807 -1.00 -1.00 -1 0 1.5556 0.9746 0.000294
575.00 C 20260807 -1.00 -1.00 1 1 1.5829 0.9707 0.000322
577.50 C 20260807 -1.00 -1.00 -1 0 1.5473 0.9723 0.000316
580.00 C 20260807 -1.00 -1.00 1 1 1.5257 0.9727 0.000317
582.50 C 20260807 -1.00 -1.00 -1 0 1.5274 0.9710 0.000331
585.00 C 20260807 -1.00 -1.00 1 0 1.5199 0.9702 0.000341
587.50 C 20260807 -1.00 -1.00 -1 0 1.5055 0.9699 0.000346
590.00 C 20260807 -1.00 -1.00 2 3 1.5026 0.9687 0.000359
592.50 C 20260807 -1.00 -1.00 -1 0 1.4952 0.9678 0.000369
595.00 C 20260807 -1.00 -1.00 4 5 1.4718 0.9683 0.000370
597.50 C 20260807 -1.00 -1.00 -1 0 1.4850 0.9656 0.000392
600.00 C 20260807 -1.00 -1.00 4 45 1.4229 0.9698 0.000368
602.50 C 20260807 -1.00 -1.00 -1 0 1.4544 0.9652 0.000404
605.00 C 20260807 -1.00 -1.00 2 2 1.4540 0.9636 0.000419
607.50 C 20260807 -1.00 -1.00 4 4 1.4536 0.9621 0.000434
610.00 C 20260807 -1.00 -1.00 2 12 1.4373 0.9620 0.000440
612.50 C 20260807 -1.00 -1.00 -1 0 1.4347 0.9606 0.000454
615.00 C 20260807 -1.00 -1.00 -1 0 1.4208 0.9603 0.000461
617.50 C 20260807 -1.00 -1.00 -1 0 1.4249 0.9583 0.000479
620.00 C 20260807 -1.00 -1.00 20 21 1.4088 0.9581 0.000486
622.50 C 20260807 -1.00 -1.00 -1 0 1.4130 0.9561 0.000505
625.00 C 20260807 -1.00 -1.00 -1 0 1.4104 0.9547 0.000519
627.50 C 20260807 -1.00 -1.00 -1 0 1.3967 0.9543 0.000528
630.00 C 20260807 -1.00 -1.00 10 12 1.4009 0.9523 0.000546
632.50 C 20260807 -1.00 -1.00 1 1 1.4250 0.9486 0.000573
635.00 C 20260807 -1.00 -1.00 1 2 1.3825 0.9506 0.000570
637.50 C 20260807 -1.00 -1.00 -1 0 1.3314 0.9537 0.000560
640.00 C 20260807 -1.00 -1.00 1 1 1.3356 0.9516 0.000580
642.50 C 20260807 -1.00 -1.00 -1 0 1.2826 0.9550 0.000567
645.00 C 20260807 -1.00 -1.00 2 1 1.3353 0.9482 0.000615
647.50 C 20260807 -1.00 -1.00 -1 0 1.2781 0.9519 0.000603
650.00 C 20260807 -1.00 -1.00 1 12 1.2780 0.9502 0.000622
652.50 C 20260807 -1.00 -1.00 1 1 1.2867 0.9475 0.000645
655.00 C 20260807 -1.00 -1.00 3 3 1.2779 0.9466 0.000659
657.50 C 20260807 -1.00 -1.00 -1 0 1.2890 0.9436 0.000685
660.00 C 20260807 -1.00 -1.00 1 12 1.3030 0.9385 0.000720
662.50 C 20260807 -1.00 -1.00 10 0 1.2944 0.9369 0.000738
665.00 C 20260807 -1.00 -1.00 1 2 1.2608 0.9393 0.000738
667.50 C 20260807 -1.00 -1.00 10 0 1.2798 0.9333 0.000777
670.00 C 20260807 -1.00 -1.00 46 26 1.2738 0.9313 0.000798
672.50 C 20260807 -1.00 -1.00 -1 0 1.2442 0.9330 0.000803
675.00 C 20260807 -1.00 -1.00 25 2 1.2631 0.9270 0.000842
677.50 C 20260807 -1.00 -1.00 -1 0 1.2584 0.9247 0.000865
680.00 C 20260807 -1.00 -1.00 2 9 1.2574 0.9219 0.000890
682.50 C 20260807 -1.00 -1.00 -1 0 1.2305 0.9230 0.000900
685.00 C 20260807 -1.00 -1.00 2 2 1.2234 0.9210 0.000922
687.50 C 20260807 -1.00 -1.00 -1 0 1.2435 0.9150 0.000960
690.00 C 20260807 -1.00 -1.00 1 3 1.2585 0.9098 0.000994
692.50 C 20260807 -1.00 -1.00 -1 0 1.2146 0.9132 0.000999
695.00 C 20260807 -1.00 -1.00 3 17 1.2603 0.9036 0.001046
697.50 C 20260807 -1.00 -1.00 -1 0 1.2324 0.9044 0.001062
700.00 C 20260807 -1.00 -1.00 32 105 1.2425 0.9000 0.001092
702.50 C 20260807 -1.00 -1.00 -1 0 1.2087 0.9017 0.001107
705.00 C 20260807 -1.00 -1.00 10 13 1.2297 0.8956 0.001141
707.50 C 20260807 -1.00 -1.00 2 0 1.2252 0.8932 0.001167
710.00 C 20260807 -1.00 -1.00 33 16 1.2098 0.8922 0.001191
712.50 C 20260807 -1.00 -1.00 -1 0 1.2293 0.8864 0.001222
715.00 C 20260807 -1.00 -1.00 2 7 1.2088 0.8859 0.001246
717.50 C 20260807 -1.00 -1.00 -1 0 1.2405 0.8754 0.001281
720.00 C 20260807 -1.00 -1.00 4 9 1.2112 0.8765 0.001306
722.50 C 20260807 -1.00 -1.00 -1 0 1.1971 0.8746 0.001333
725.00 C 20260807 -1.00 -1.00 3 7 1.2263 0.8647 0.001365
727.50 C 20260807 -1.00 -1.00 -1 0 1.1828 0.8682 0.001393
730.00 C 20260807 -1.00 -1.00 4 15 1.2151 0.8578 0.001423
732.50 C 20260807 -1.00 -1.00 2 0 1.2051 0.8550 0.001453
735.00 C 20260807 -1.00 -1.00 4 18 1.2063 0.8503 0.001483
737.50 C 20260807 -1.00 -1.00 -1 0 1.1916 0.8483 0.001515
740.00 C 20260807 -1.00 -1.00 46 15 1.2007 0.8422 0.001543
742.50 C 20260807 -1.00 -1.00 9 9 1.1988 0.8380 0.001574
745.00 C 20260807 -1.00 -1.00 40 22 1.1960 0.8339 0.001605
747.50 C 20260807 -1.00 -1.00 8 4 1.1941 0.8296 0.001635
750.00 C 20260807 -1.00 -1.00 52 56 1.1592 0.8306 0.001678
755.00 C 20260807 -1.00 -1.00 6 12 1.1914 0.8164 0.001727
760.00 C 20260807 -1.00 -1.00 16 30 1.1914 0.8072 0.001788
765.00 C 20260807 -1.00 -1.00 73 45 1.1932 0.7978 0.001848
767.50 C 20260807 -1.00 -1.00 -1 0 1.1717 0.7957 0.001891
770.00 C 20260807 -1.00 -1.00 57 231 1.1822 0.7881 0.001906
772.50 C 20260807 -1.00 -1.00 2 0 1.1608 0.7858 0.001952
775.00 C 20260807 -1.00 -1.00 51 90 1.1595 0.7801 0.001979
777.50 C 20260807 -1.00 -1.00 1 0 1.1759 0.7715 0.001988
780.00 C 20260807 -1.00 -1.00 99 708 1.1464 0.7703 0.002045
782.50 C 20260807 -1.00 -1.00 2 0 1.1539 0.7631 0.002063
785.00 C 20260807 -1.00 -1.00 33 56 1.1438 0.7587 0.002100
787.50 C 20260807 -1.00 -1.00 -1 0 1.1490 0.7519 0.002120
790.00 C 20260807 -1.00 -1.00 271 137 1.1343 0.7480 0.002165
792.50 C 20260807 -1.00 -1.00 8 0 1.1447 0.7405 0.002178
795.00 C 20260807 -1.00 -1.00 152 38 1.1429 0.7347 0.002207
800.00 C 20260807 -1.00 -1.00 1329 2731 1.1212 0.7253 0.002292
805.00 C 20260807 -1.00 -1.00 225 72 1.1315 0.7119 0.002330
810.00 C 20260807 -1.00 -1.00 376 255 1.1274 0.7002 0.002391
815.00 C 20260807 -1.00 -1.00 180 67 1.1312 0.6876 0.002439
820.00 C 20260807 -1.00 -1.00 486 235 1.1323 0.6751 0.002487
825.00 C 20260807 -1.00 -1.00 202 502 1.1233 0.6624 0.002531
830.00 C 20260807 -1.00 -1.00 382 302 1.1174 0.6492 0.002570
835.00 C 20260807 -1.00 -1.00 198 71 1.1115 0.6359 0.002609
840.00 C 20260807 -1.00 -1.00 328 123 1.1041 0.6226 0.002652
845.00 C 20260807 -1.00 -1.00 286 61 1.1051 0.6087 0.002676
850.00 C 20260807 -1.00 -1.00 2064 887 1.1042 0.5949 0.002704
855.00 C 20260807 -1.00 -1.00 227 73 1.1019 0.5811 0.002737
860.00 C 20260807 -1.00 -1.00 433 311 1.1010 0.5673 0.002765
865.00 C 20260807 -1.00 -1.00 316 234 1.1049 0.5534 0.002782
870.00 C 20260807 -1.00 -1.00 454 228 1.1079 0.5397 0.002801
875.00 C 20260807 -1.00 -1.00 163 83 1.1082 0.5262 0.002804
880.00 C 20260807 -1.00 -1.00 541 349 1.0982 0.5123 0.002820
885.00 C 20260807 -1.00 -1.00 224 104 1.0984 0.4988 0.002809
890.00 C 20260807 -1.00 -1.00 301 469 1.0929 0.4849 0.002814
895.00 C 20260807 -1.00 -1.00 138 115 1.0864 0.4707 0.002821
900.00 C 20260807 -1.00 -1.00 7414 1486 1.0847 0.4569 0.002815
905.00 C 20260807 -1.00 -1.00 430 103 1.0845 0.4432 0.002806
910.00 C 20260807 -1.00 -1.00 595 185 1.0852 0.4296 0.002794
915.00 C 20260807 -1.00 -1.00 251 276 1.0878 0.4162 0.002778
920.00 C 20260807 -1.00 -1.00 515 192 1.0908 0.4031 0.002761
925.00 C 20260807 -1.00 -1.00 226 223 1.0934 0.3899 0.002745
930.00 C 20260807 -1.00 -1.00 559 291 1.0894 0.3774 0.002718
935.00 C 20260807 -1.00 -1.00 69 127 1.0841 0.3650 0.002689
940.00 C 20260807 -1.00 -1.00 178 339 1.0790 0.3524 0.002659
945.00 C 20260807 -1.00 -1.00 91 45 1.0759 0.3401 0.002625
950.00 C 20260807 -1.00 -1.00 2566 1397 1.0734 0.3278 0.002589
955.00 C 20260807 -1.00 -1.00 101 99 1.0731 0.3160 0.002550
957.50 C 20260807 -1.00 -1.00 81 51 1.0729 0.3101 0.002530
960.00 C 20260807 -1.00 -1.00 384 179 1.0732 0.3042 0.002509
962.50 C 20260807 -1.00 -1.00 129 27 1.0736 0.2984 0.002488
965.00 C 20260807 -1.00 -1.00 92 78 1.0749 0.2929 0.002466
967.50 C 20260807 -1.00 -1.00 76 7 1.0758 0.2872 0.002445
970.00 C 20260807 -1.00 -1.00 134 130 1.0772 0.2817 0.002423
972.50 C 20260807 -1.00 -1.00 23 13 1.0791 0.2763 0.002400
975.00 C 20260807 -1.00 -1.00 167 216 1.0805 0.2708 0.002379
977.50 C 20260807 -1.00 -1.00 41 55 1.0834 0.2657 0.002355
980.00 C 20260807 -1.00 -1.00 195 371 1.0853 0.2604 0.002333
982.50 C 20260807 -1.00 -1.00 46 24 1.0882 0.2555 0.002309
985.00 C 20260807 -1.00 -1.00 100 98 1.0849 0.2505 0.002286
990.00 C 20260807 -1.00 -1.00 133 543 1.0803 0.2408 0.002237
995.00 C 20260807 -1.00 -1.00 68 132 1.0744 0.2307 0.002188
1000.00 C 20260807 -1.00 -1.00 3377 1880 1.0712 0.2212 0.002136
1005.00 C 20260807 -1.00 -1.00 60 150 1.0694 0.2120 0.002083
1010.00 C 20260807 -1.00 -1.00 116 113 1.0689 0.2030 0.002029
1015.00 C 20260807 -1.00 -1.00 84 155 1.0691 0.1943 0.001975
1020.00 C 20260807 -1.00 -1.00 208 267 1.0706 0.1859 0.001921
1025.00 C 20260807 -1.00 -1.00 179 477 1.0728 0.1778 0.001868
1030.00 C 20260807 -1.00 -1.00 135 394 1.0770 0.1702 0.001814
1035.00 C 20260807 -1.00 -1.00 65 176 1.0811 0.1628 0.001762
1040.00 C 20260807 -1.00 -1.00 158 171 1.0859 0.1555 0.001711
1045.00 C 20260807 -1.00 -1.00 55 148 1.0890 0.1492 0.001662
1050.00 C 20260807 -1.00 -1.00 966 901 1.0845 0.1427 0.001612
1055.00 C 20260807 -1.00 -1.00 42 844 1.0791 0.1358 0.001560
1060.00 C 20260807 -1.00 -1.00 106 220 1.0785 0.1301 0.001510
1065.00 C 20260807 -1.00 -1.00 33 128 1.0771 0.1240 0.001460
1070.00 C 20260807 -1.00 -1.00 85 152 1.0775 0.1185 0.001410
1075.00 C 20260807 -1.00 -1.00 140 214 1.0770 0.1127 0.001360
1080.00 C 20260807 -1.00 -1.00 91 698 1.0794 0.1077 0.001313
1085.00 C 20260807 -1.00 -1.00 39 143 1.0809 0.1024 0.001265
1090.00 C 20260807 -1.00 -1.00 15 167 1.0842 0.0977 0.001220
1095.00 C 20260807 -1.00 -1.00 28 191 1.0905 0.0937 0.001179
1100.00 C 20260807 -1.00 -1.00 1289 984 1.0947 0.0893 0.001137
1105.00 C 20260807 -1.00 -1.00 17 200 1.0999 0.0852 0.001096
1110.00 C 20260807 -1.00 -1.00 118 207 1.1061 0.0814 0.001057
1115.00 C 20260807 -1.00 -1.00 53 61 1.1050 0.0776 0.001019
1120.00 C 20260807 -1.00 -1.00 355 190 1.1023 0.0740 0.000982
1125.00 C 20260807 -1.00 -1.00 22 314 1.1013 0.0707 0.000946
1130.00 C 20260807 -1.00 -1.00 62 337 1.1003 0.0675 0.000911
1135.00 C 20260807 -1.00 -1.00 7 129 1.0993 0.0642 0.000875
1140.00 C 20260807 -1.00 -1.00 167 301 1.0999 0.0612 0.000840
1145.00 C 20260807 -1.00 -1.00 4 3 1.1038 0.0588 0.000811
1150.00 C 20260807 -1.00 -1.00 432 641 1.1060 0.0561 0.000779
1155.00 C 20260807 -1.00 -1.00 19 1 1.1082 0.0534 0.000748
1160.00 C 20260807 -1.00 -1.00 22 237 1.1107 0.0508 0.000717
1165.00 C 20260807 -1.00 -1.00 12 1 1.1145 0.0485 0.000689
1170.00 C 20260807 -1.00 -1.00 10 126 1.1193 0.0463 0.000663
1175.00 C 20260807 -1.00 -1.00 6 15 1.1237 0.0441 0.000636
1180.00 C 20260807 -1.00 -1.00 55 243 1.1310 0.0425 0.000615
1185.00 C 20260807 -1.00 -1.00 3 0 1.1369 0.0407 0.000592
1190.00 C 20260807 -1.00 -1.00 31 135 1.1429 0.0389 0.000569
1195.00 C 20260807 -1.00 -1.00 18 5 1.1458 0.0370 0.000546
1200.00 C 20260807 -1.00 -1.00 905 2127 1.1481 0.0358 0.000529
1205.00 C 20260807 -1.00 -1.00 13 6 1.1465 0.0342 0.000509
1210.00 C 20260807 -1.00 -1.00 20 147 1.1431 0.0324 0.000486
1220.00 C 20260807 -1.00 -1.00 17 224 1.1488 0.0301 0.000454
525.00 P 20260807 -1.00 -1.00 65 157 1.5529 -0.0094 0.000126
527.50 P 20260807 -1.00 -1.00 -1 0 1.5423 -0.0097 0.000129
530.00 P 20260807 -1.00 -1.00 17 94 1.5355 -0.0101 0.000134
532.50 P 20260807 -1.00 -1.00 -1 0 1.5240 -0.0103 0.000137
535.00 P 20260807 -1.00 -1.00 38 95 1.5164 -0.0107 0.000142
537.50 P 20260807 -1.00 -1.00 -1 0 1.5089 -0.0111 0.000148
540.00 P 20260807 -1.00 -1.00 41 68 1.4994 -0.0114 0.000152
542.50 P 20260807 -1.00 -1.00 -1 0 1.4929 -0.0118 0.000158
545.00 P 20260807 -1.00 -1.00 10 52 1.4845 -0.0122 0.000163
547.50 P 20260807 -1.00 -1.00 -1 0 1.4770 -0.0126 0.000168
550.00 P 20260807 -1.00 -1.00 423 620 1.4658 -0.0128 0.000172
552.50 P 20260807 -1.00 -1.00 -1 0 1.4642 -0.0136 0.000180
555.00 P 20260807 -1.00 -1.00 17 67 1.4569 -0.0140 0.000186
557.50 P 20260807 -1.00 -1.00 10 0 1.4505 -0.0145 0.000193
560.00 P 20260807 -1.00 -1.00 187 348 1.4395 -0.0147 0.000197
562.50 P 20260807 -1.00 -1.00 3 0 1.4389 -0.0155 0.000206
565.00 P 20260807 -1.00 -1.00 13 64 1.4336 -0.0160 0.000213
567.50 P 20260807 -1.00 -1.00 -1 0 1.4283 -0.0166 0.000220
570.00 P 20260807 -1.00 -1.00 12 142 1.4240 -0.0172 0.000228
572.50 P 20260807 -1.00 -1.00 -1 0 1.4197 -0.0178 0.000236
575.00 P 20260807 -1.00 -1.00 155 277 1.4154 -0.0184 0.000244
577.50 P 20260807 -1.00 -1.00 -1 0 1.4111 -0.0190 0.000252
580.00 P 20260807 -1.00 -1.00 86 190 1.4078 -0.0197 0.000260
582.50 P 20260807 -1.00 -1.00 2 0 1.4054 -0.0204 0.000269
585.00 P 20260807 -1.00 -1.00 33 102 1.4021 -0.0211 0.000278
587.50 P 20260807 -1.00 -1.00 2 3 1.3998 -0.0218 0.000287
590.00 P 20260807 -1.00 -1.00 45 415 1.3974 -0.0225 0.000296
592.50 P 20260807 -1.00 -1.00 28 4 1.3960 -0.0233 0.000306
595.00 P 20260807 -1.00 -1.00 50 125 1.3944 -0.0241 0.000316
597.50 P 20260807 -1.00 -1.00 116 12 1.3860 -0.0249 0.000326
600.00 P 20260807 -1.00 -1.00 844 1604 1.3759 -0.0255 0.000334
602.50 P 20260807 -1.00 -1.00 3 7 1.3708 -0.0267 0.000347
605.00 P 20260807 -1.00 -1.00 133 103 1.3639 -0.0276 0.000358
607.50 P 20260807 -1.00 -1.00 7 72 1.3566 -0.0285 0.000370
610.00 P 20260807 -1.00 -1.00 249 247 1.3498 -0.0295 0.000381
612.50 P 20260807 -1.00 -1.00 8 6 1.3435 -0.0305 0.000394
615.00 P 20260807 -1.00 -1.00 569 563 1.3362 -0.0315 0.000406
617.50 P 20260807 -1.00 -1.00 27 3 1.3300 -0.0325 0.000418
620.00 P 20260807 -1.00 -1.00 259 240 1.3255 -0.0338 0.000433
622.50 P 20260807 -1.00 -1.00 136 7 1.3192 -0.0349 0.000446
625.00 P 20260807 -1.00 -1.00 181 283 1.3139 -0.0360 0.000460
627.50 P 20260807 -1.00 -1.00 3 3 1.3126 -0.0376 0.000477
630.00 P 20260807 -1.00 -1.00 130 249 1.3051 -0.0386 0.000490
632.50 P 20260807 -1.00 -1.00 10 8 1.3016 -0.0400 0.000506
635.00 P 20260807 -1.00 -1.00 54 133 1.2986 -0.0414 0.000522
637.50 P 20260807 -1.00 -1.00 13 19 1.2952 -0.0428 0.000539
640.00 P 20260807 -1.00 -1.00 92 291 1.2908 -0.0441 0.000554
642.50 P 20260807 -1.00 -1.00 41 33 1.2909 -0.0459 0.000573
645.00 P 20260807 -1.00 -1.00 103 162 1.2867 -0.0472 0.000589
647.50 P 20260807 -1.00 -1.00 34 219 1.2868 -0.0490 0.000608
650.00 P 20260807 -1.00 -1.00 1451 1460 1.2891 -0.0509 0.000628
652.50 P 20260807 -1.00 -1.00 18 237 1.2848 -0.0523 0.000644
655.00 P 20260807 -1.00 -1.00 45 201 1.2827 -0.0538 0.000662
657.50 P 20260807 -1.00 -1.00 119 24 1.2828 -0.0556 0.000681
660.00 P 20260807 -1.00 -1.00 1326 295 1.2770 -0.0574 0.000700
662.50 P 20260807 -1.00 -1.00 18 201 1.2710 -0.0594 0.000721
665.00 P 20260807 -1.00 -1.00 55 158 1.2651 -0.0614 0.000742
667.50 P 20260807 -1.00 -1.00 20 8 1.2592 -0.0635 0.000763
670.00 P 20260807 -1.00 -1.00 179 275 1.2534 -0.0655 0.000784
672.50 P 20260807 -1.00 -1.00 8 23 1.2488 -0.0678 0.000807
675.00 P 20260807 -1.00 -1.00 82 129 1.2429 -0.0699 0.000829
677.50 P 20260807 -1.00 -1.00 18 30 1.2384 -0.0722 0.000852
680.00 P 20260807 -1.00 -1.00 406 1316 1.2338 -0.0745 0.000876
682.50 P 20260807 -1.00 -1.00 14 5 1.2293 -0.0769 0.000899
685.00 P 20260807 -1.00 -1.00 29 212 1.2248 -0.0792 0.000924
687.50 P 20260807 -1.00 -1.00 2 5 1.2228 -0.0820 0.000950
690.00 P 20260807 -1.00 -1.00 116 275 1.2183 -0.0844 0.000974
692.50 P 20260807 -1.00 -1.00 12 19 1.2175 -0.0873 0.001001
695.00 P 20260807 -1.00 -1.00 71 408 1.2143 -0.0899 0.001027
697.50 P 20260807 -1.00 -1.00 47 82 1.2135 -0.0929 0.001054
700.00 P 20260807 -1.00 -1.00 2172 1885 1.2091 -0.0953 0.001080
702.50 P 20260807 -1.00 -1.00 22 36 1.2120 -0.0989 0.001109
705.00 P 20260807 -1.00 -1.00 38 371 1.2112 -0.1018 0.001136
707.50 P 20260807 -1.00 -1.00 22 4 1.2117 -0.1050 0.001164
710.00 P 20260807 -1.00 -1.00 118 189 1.2061 -0.1073 0.001190
712.50 P 20260807 -1.00 -1.00 9 6 1.2126 -0.1113 0.001220
715.00 P 20260807 -1.00 -1.00 112 151 1.2119 -0.1148 0.001248
717.50 P 20260807 -1.00 -1.00 13 9 1.2043 -0.1178 0.001276
720.00 P 20260807 -1.00 -1.00 316 606 1.2000 -0.1215 0.001305
722.50 P 20260807 -1.00 -1.00 7 33 1.1957 -0.1252 0.001334
725.00 P 20260807 -1.00 -1.00 243 506 1.1898 -0.1286 0.001364
727.50 P 20260807 -1.00 -1.00 5 22 1.1847 -0.1322 0.001394
730.00 P 20260807 -1.00 -1.00 695 430 1.1820 -0.1363 0.001425
732.50 P 20260807 -1.00 -1.00 35 129 1.1761 -0.1399 0.001455
735.00 P 20260807 -1.00 -1.00 69 261 1.1734 -0.1440 0.001487
737.50 P 20260807 -1.00 -1.00 8 206 1.1708 -0.1482 0.001518
740.00 P 20260807 -1.00 -1.00 377 493 1.1681 -0.1523 0.001550
742.50 P 20260807 -1.00 -1.00 51 37 1.1663 -0.1567 0.001582
745.00 P 20260807 -1.00 -1.00 426 139 1.1644 -0.1610 0.001614
747.50 P 20260807 -1.00 -1.00 51 17 1.1626 -0.1654 0.001646
750.00 P 20260807 -1.00 -1.00 1611 1229 1.1600 -0.1696 0.001679
755.00 P 20260807 -1.00 -1.00 248 333 1.1610 -0.1791 0.001742
760.00 P 20260807 -1.00 -1.00 235 511 1.1613 -0.1885 0.001806
765.00 P 20260807 -1.00 -1.00 88 297 1.1631 -0.1981 0.001869
767.50 P 20260807 -1.00 -1.00 8 0 1.1642 -0.2031 0.001899
770.00 P 20260807 -1.00 -1.00 151 640 1.1588 -0.2081 0.001930
772.50 P 20260807 -1.00 -1.00 9 0 1.1540 -0.2132 0.001960
775.00 P 20260807 -1.00 -1.00 118 196 1.1492 -0.2184 0.001991
777.50 P 20260807 -1.00 -1.00 16 0 1.1456 -0.2238 0.002021
780.00 P 20260807 -1.00 -1.00 162 685 1.1421 -0.2292 0.002051
782.50 P 20260807 -1.00 -1.00 46 0 1.1379 -0.2346 0.002083
785.00 P 20260807 -1.00 -1.00 75 379 1.1349 -0.2402 0.002113
787.50 P 20260807 -1.00 -1.00 7 0 1.1320 -0.2458 0.002143
790.00 P 20260807 -1.00 -1.00 308 703 1.1302 -0.2516 0.002173
792.50 P 20260807 -1.00 -1.00 16 0 1.1279 -0.2574 0.002203
795.00 P 20260807 -1.00 -1.00 121 428 1.1267 -0.2633 0.002231
800.00 P 20260807 -1.00 -1.00 1059 12259 1.1249 -0.2753 0.002288
805.00 P 20260807 -1.00 -1.00 48 304 1.1243 -0.2875 0.002344
810.00 P 20260807 -1.00 -1.00 174 411 1.1254 -0.2998 0.002397
815.00 P 20260807 -1.00 -1.00 164 261 1.1282 -0.3124 0.002446
820.00 P 20260807 -1.00 -1.00 365 516 1.1305 -0.3250 0.002493
825.00 P 20260807 -1.00 -1.00 202 234 1.1211 -0.3377 0.002538
830.00 P 20260807 -1.00 -1.00 169 431 1.1142 -0.3508 0.002579
835.00 P 20260807 -1.00 -1.00 241 153 1.1084 -0.3642 0.002619
840.00 P 20260807 -1.00 -1.00 206 395 1.1036 -0.3777 0.002656
845.00 P 20260807 -1.00 -1.00 251 168 1.1028 -0.3915 0.002685
850.00 P 20260807 -1.00 -1.00 2249 907 1.0990 -0.4053 0.002720
855.00 P 20260807 -1.00 -1.00 167 1310 1.0982 -0.4192 0.002749
860.00 P 20260807 -1.00 -1.00 313 347 1.1008 -0.4331 0.002769
865.00 P 20260807 -1.00 -1.00 280 153 1.1028 -0.4470 0.002791
870.00 P 20260807 -1.00 -1.00 81 266 1.1063 -0.4608 0.002809
875.00 P 20260807 -1.00 -1.00 114 137 1.1030 -0.4745 0.002821
880.00 P 20260807 -1.00 -1.00 48 382 1.0965 -0.4883 0.002828
885.00 P 20260807 -1.00 -1.00 30 93 1.0905 -0.5022 0.002834
890.00 P 20260807 -1.00 -1.00 40 646 1.0865 -0.5161 0.002834
895.00 P 20260807 -1.00 -1.00 12 293 1.0896 -0.5295 0.002817
900.00 P 20260807 -1.00 -1.00 206 1011 1.0799 -0.5441 0.002832
905.00 P 20260807 -1.00 -1.00 75 396 1.0726 -0.5588 0.002840
910.00 P 20260807 -1.00 -1.00 20 351 1.0833 -0.5712 0.002804
915.00 P 20260807 -1.00 -1.00 11 107 1.0756 -0.5861 0.002813
920.00 P 20260807 -1.00 -1.00 28 407 1.0895 -0.5978 0.002769
925.00 P 20260807 -1.00 -1.00 30 289 1.1004 -0.6097 0.002734
930.00 P 20260807 -1.00 -1.00 54 283 1.0929 -0.6227 0.002716
935.00 P 20260807 -1.00 -1.00 5 124 1.0728 -0.6377 0.002717
940.00 P 20260807 -1.00 -1.00 12 421 1.0645 -0.6510 0.002692
945.00 P 20260807 -1.00 -1.00 1 87 1.0706 -0.6617 0.002640
950.00 P 20260807 -1.00 -1.00 26 780 1.0634 -0.6750 0.002612
955.00 P 20260807 -1.00 -1.00 17 58 1.0626 -0.6871 0.002573
957.50 P 20260807 -1.00 -1.00 10 11 1.0677 -0.6919 0.002544
960.00 P 20260807 -1.00 -1.00 13 153 1.0628 -0.6990 0.002532
962.50 P 20260807 -1.00 -1.00 1 0 1.0637 -0.7048 0.002510
965.00 P 20260807 -1.00 -1.00 10 107 1.0646 -0.7105 0.002488
967.50 P 20260807 -1.00 -1.00 2 5 1.0597 -0.7177 0.002475
970.00 P 20260807 -1.00 -1.00 32 131 1.0669 -0.7218 0.002444
972.50 P 20260807 -1.00 -1.00 4 4 1.0677 -0.7276 0.002423
975.00 P 20260807 -1.00 -1.00 6 49 1.0706 -0.7327 0.002398
977.50 P 20260807 -1.00 -1.00 1 2 1.0709 -0.7386 0.002378
980.00 P 20260807 -1.00 -1.00 8 478 1.0748 -0.7435 0.002353
982.50 P 20260807 -1.00 -1.00 3 6 1.0734 -0.7486 0.002329
985.00 P 20260807 -1.00 -1.00 16 79 1.0702 -0.7537 0.002305
990.00 P 20260807 -1.00 -1.00 3 74 1.0555 -0.7659 0.002262
995.00 P 20260807 -1.00 -1.00 4 193 1.0592 -0.7740 0.002204
1000.00 P 20260807 -1.00 -1.00 53 527 1.0561 -0.7837 0.002151
1005.00 P 20260807 -1.00 -1.00 1 84 1.0725 -0.7884 0.002089
1010.00 P 20260807 -1.00 -1.00 3 70 1.0512 -0.8029 0.002042
1015.00 P 20260807 -1.00 -1.00 1 104 1.0448 -0.8138 0.001987
1020.00 P 20260807 -1.00 -1.00 3 102 1.0457 -0.8226 0.001930
1025.00 P 20260807 -1.00 -1.00 5 38 1.0479 -0.8310 0.001874
1030.00 P 20260807 -1.00 -1.00 7 58 1.0593 -0.8364 0.001821
1035.00 P 20260807 -1.00 -1.00 16 55 1.0841 -0.8377 0.001772
1040.00 P 20260807 -1.00 -1.00 4 87 1.0640 -0.8518 0.001713
1045.00 P 20260807 -1.00 -1.00 6 55 1.0596 -0.8586 0.001660
1050.00 P 20260807 -1.00 -1.00 4 89 1.0562 -0.8651 0.001608
1055.00 P 20260807 -1.00 -1.00 5 21 1.0499 -0.8725 0.001552
1060.00 P 20260807 -1.00 -1.00 1 220 1.0809 -0.8709 0.001520
1065.00 P 20260807 -1.00 -1.00 2 27 1.0618 -0.8812 0.001457
1070.00 P 20260807 -1.00 -1.00 17 314 1.0338 -0.8943 0.001379
1075.00 P 20260807 -1.00 -1.00 12 77 1.0342 -0.9002 0.001326
1080.00 P 20260807 -1.00 -1.00 5 33 1.0366 -0.9055 0.001275
1085.00 P 20260807 -1.00 -1.00 1 76 1.0840 -0.8984 0.001279
1090.00 P 20260807 -1.00 -1.00 90 359 1.0411 -0.9161 0.001174
1095.00 P 20260807 -1.00 -1.00 73 56 1.0580 -0.9171 0.001146
1100.00 P 20260807 -1.00 -1.00 6 306 1.0404 -0.9256 0.001080
1105.00 P 20260807 -1.00 -1.00 2 69 1.0824 -0.9216 0.001081
1110.00 P 20260807 -1.00 -1.00 3 96 1.1061 -0.9205 0.001067
1115.00 P 20260807 -1.00 -1.00 7 70 1.0743 -0.9295 0.001000
1120.00 P 20260807 -1.00 -1.00 2 175 1.0716 -0.9333 0.000961
1125.00 P 20260807 -1.00 -1.00 5 92 1.0722 -0.9364 0.000925
1130.00 P 20260807 -1.00 -1.00 2 25 1.1027 -0.9341 0.000924
1135.00 P 20260807 -1.00 -1.00 1 26 1.0982 -0.9380 0.000884
1140.00 P 20260807 -1.00 -1.00 1 29 1.0720 -0.9462 0.000815
1145.00 P 20260807 -1.00 -1.00 -1 0 1.1024 -0.9436 0.000820
1150.00 P 20260807 -1.00 -1.00 2 46 1.0387 -0.9597 0.000685
1155.00 P 20260807 -1.00 -1.00 -1 0 1.0593 -0.9587 0.000684
1160.00 P 20260807 -1.00 -1.00 1 29 1.0643 -0.9609 0.000655
1165.00 P 20260807 -1.00 -1.00 -1 0 1.0639 -0.9643 0.000616
1170.00 P 20260807 -1.00 -1.00 8 8 1.0755 -0.9650 0.000601
1175.00 P 20260807 -1.00 -1.00 -1 0 1.0585 -0.9687 0.000560
1180.00 P 20260807 -1.00 -1.00 2 10 1.0533 -0.9709 0.000531
1185.00 P 20260807 -1.00 -1.00 -1 0 1.0478 -0.9733 0.000503
1190.00 P 20260807 -1.00 -1.00 1 13 1.0865 -0.9703 0.000522
1195.00 P 20260807 -1.00 -1.00 -1 0 1.0503 -0.9763 0.000461
1200.00 P 20260807 -1.00 -1.00 2 71 1.0410 -0.9791 0.000425
1205.00 P 20260807 -1.00 -1.00 -1 0 1.0559 -0.9789 0.000422
1210.00 P 20260807 -1.00 -1.00 1 29 1.0423 -0.9823 0.000379
1220.00 P 20260807 -1.00 -1.00 1 0 1.0722 -0.9817 0.000376
525.00 C 20260810 -1.00 -1.00 -1 0 1.5963 0.9768 0.000228
527.50 C 20260810 -1.00 -1.00 -1 0 1.5825 0.9766 0.000231
530.00 C 20260810 -1.00 -1.00 -1 0 1.5333 0.9786 0.000222
532.50 C 20260810 -1.00 -1.00 -1 0 1.5697 0.9750 0.000245
535.00 C 20260810 -1.00 -1.00 -1 0 1.5581 0.9747 0.000249
537.50 C 20260810 -1.00 -1.00 -1 0 1.5238 0.9763 0.000243
540.00 C 20260810 -1.00 -1.00 -1 0 1.5372 0.9738 0.000260
542.50 C 20260810 -1.00 -1.00 -1 0 1.5176 0.9741 0.000261
545.00 C 20260810 -1.00 -1.00 -1 0 1.5248 0.9722 0.000275
547.50 C 20260810 -1.00 -1.00 -1 0 1.4724 0.9754 0.000258
550.00 C 20260810 -1.00 -1.00 -1 0 1.4858 0.9728 0.000277
552.50 C 20260810 -1.00 -1.00 -1 0 1.4542 0.9743 0.000271
555.00 C 20260810 -1.00 -1.00 -1 0 1.4451 0.9737 0.000277
557.50 C 20260810 -1.00 -1.00 -1 0 1.4382 0.9730 0.000285
560.00 C 20260810 -1.00 -1.00 -1 0 1.4272 0.9726 0.000291
562.50 C 20260810 -1.00 -1.00 -1 0 1.4223 0.9716 0.000300
565.00 C 20260810 -1.00 -1.00 -1 0 1.4195 0.9704 0.000310
567.50 C 20260810 -1.00 -1.00 -1 0 1.4348 0.9676 0.000330
570.00 C 20260810 -1.00 -1.00 -1 0 1.3958 0.9698 0.000321
572.50 C 20260810 -1.00 -1.00 -1 0 1.4352 0.9648 0.000354
575.00 C 20260810 -1.00 -1.00 -1 0 1.3903 0.9674 0.000343
577.50 C 20260810 -1.00 -1.00 -1 0 1.3976 0.9653 0.000359
580.00 C 20260810 -1.00 -1.00 -1 0 1.3669 0.9667 0.000355
582.50 C 20260810 -1.00 -1.00 -1 0 1.3683 0.9651 0.000368
585.00 C 20260810 -1.00 -1.00 1 10 1.3636 0.9641 0.000378
587.50 C 20260810 -1.00 -1.00 -1 0 1.3471 0.9642 0.000382
590.00 C 20260810 -1.00 -1.00 -1 0 1.3524 0.9622 0.000398
592.50 C 20260810 -1.00 -1.00 -1 0 1.3380 0.9621 0.000404
595.00 C 20260810 -1.00 -1.00 -1 0 1.3590 0.9586 0.000427
597.50 C 20260810 -1.00 -1.00 -1 0 1.3270 0.9601 0.000424
600.00 C 20260810 -1.00 -1.00 -1 0 1.3418 0.9573 0.000445
602.50 C 20260810 -1.00 -1.00 -1 0 1.3138 0.9584 0.000444
605.00 C 20260810 -1.00 -1.00 -1 0 1.3074 0.9575 0.000455
607.50 C 20260810 -1.00 -1.00 -1 0 1.3225 0.9546 0.000476
610.00 C 20260810 -1.00 -1.00 -1 0 1.3045 0.9547 0.000481
612.50 C 20260810 -1.00 -1.00 -1 0 1.2981 0.9538 0.000492
615.00 C 20260810 -1.00 -1.00 -1 0 1.3150 0.9507 0.000513
617.50 C 20260810 -1.00 -1.00 -1 0 1.2933 0.9512 0.000518
620.00 C 20260810 -1.00 -1.00 -1 0 1.2235 0.9564 0.000496
622.50 C 20260810 -1.00 -1.00 -1 0 1.1847 0.9589 0.000487
625.00 C 20260810 -1.00 -1.00 -1 0 1.2266 0.9529 0.000529
627.50 C 20260810 -1.00 -1.00 -1 0 1.1842 0.9557 0.000520
630.00 C 20260810 -1.00 -1.00 -1 0 1.2240 0.9500 0.000558
632.50 C 20260810 -1.00 -1.00 -1 0 1.2142 0.9493 0.000569
635.00 C 20260810 -1.00 -1.00 -1 0 1.1872 0.9504 0.000571
637.50 C 20260810 -1.00 -1.00 -1 0 1.2135 0.9462 0.000600
640.00 C 20260810 -1.00 -1.00 -1 0 1.2105 0.9446 0.000616
642.50 C 20260810 -1.00 -1.00 -1 0 1.2039 0.9430 0.000632
645.00 C 20260810 -1.00 -1.00 -1 0 1.1766 0.9449 0.000631
647.50 C 20260810 -1.00 -1.00 -1 0 1.1734 0.9427 0.000651
650.00 C 20260810 -1.00 -1.00 1 1 1.1854 0.9379 0.000682
652.50 C 20260810 -1.00 -1.00 -1 0 1.1952 0.9335 0.000710
655.00 C 20260810 -1.00 -1.00 1 1 1.1757 0.9340 0.000719
657.50 C 20260810 -1.00 -1.00 -1 0 1.1703 0.9321 0.000737
660.00 C 20260810 -1.00 -1.00 -1 0 1.1693 0.9295 0.000758
662.50 C 20260810 -1.00 -1.00 -1 0 1.1661 0.9272 0.000779
665.00 C 20260810 -1.00 -1.00 3 0 1.1898 0.9207 0.000814
667.50 C 20260810 -1.00 -1.00 -1 0 1.1577 0.9230 0.000818
670.00 C 20260810 -1.00 -1.00 -1 0 1.1663 0.9188 0.000846
672.50 C 20260810 -1.00 -1.00 -1 0 1.1429 0.9197 0.000856
675.00 C 20260810 -1.00 -1.00 2 1 1.1440 0.9167 0.000879
677.50 C 20260810 -1.00 -1.00 -1 0 1.1442 0.9139 0.000902
680.00 C 20260810 -1.00 -1.00 -1 0 1.1421 0.9114 0.000925
682.50 C 20260810 -1.00 -1.00 -1 0 1.1666 0.9049 0.000957
685.00 C 20260810 -1.00 -1.00 2 1 1.1381 0.9063 0.000969
687.50 C 20260810 -1.00 -1.00 2 0 1.1382 0.9034 0.000993
690.00 C 20260810 -1.00 -1.00 -1 0 1.1173 0.9037 0.001009
692.50 C 20260810 -1.00 -1.00 -1 0 1.1153 0.9011 0.001032
695.00 C 20260810 -1.00 -1.00 -1 0 1.1449 0.8940 0.001064
697.50 C 20260810 -1.00 -1.00 -1 0 1.1460 0.8910 0.001088
700.00 C 20260810 -1.00 -1.00 -1 0 1.1284 0.8906 0.001108
702.50 C 20260810 -1.00 -1.00 -1 0 1.1191 0.8890 0.001130
705.00 C 20260810 -1.00 -1.00 -1 0 1.1432 0.8803 0.001159
707.50 C 20260810 -1.00 -1.00 -1 0 1.1093 0.8830 0.001179
710.00 C 20260810 -1.00 -1.00 -1 0 1.1185 0.8769 0.001206
712.50 C 20260810 -1.00 -1.00 -1 0 1.1284 0.8708 0.001233
715.00 C 20260810 -1.00 -1.00 -1 0 1.0913 0.8740 0.001255
717.50 C 20260810 -1.00 -1.00 -1 0 1.1191 0.8642 0.001283
720.00 C 20260810 -1.00 -1.00 -1 0 1.1069 0.8624 0.001309
722.50 C 20260810 -1.00 -1.00 -1 0 1.0790 0.8636 0.001335
725.00 C 20260810 -1.00 -1.00 -1 0 1.1067 0.8540 0.001361
727.50 C 20260810 -1.00 -1.00 1 0 1.0905 0.8527 0.001389
730.00 C 20260810 -1.00 -1.00 -1 0 1.0703 0.8522 0.001418
732.50 C 20260810 -1.00 -1.00 -1 0 1.0985 0.8427 0.001441
735.00 C 20260810 -1.00 -1.00 -1 0 1.0851 0.8408 0.001471
737.50 C 20260810 -1.00 -1.00 1 1 1.0942 0.8349 0.001495
740.00 C 20260810 -1.00 -1.00 3 1 1.0930 0.8309 0.001522
742.50 C 20260810 -1.00 -1.00 -1 0 1.0750 0.8296 0.001556
745.00 C 20260810 -1.00 -1.00 1 3 1.0901 0.8228 0.001577
747.50 C 20260810 -1.00 -1.00 -1 0 1.0897 0.8186 0.001604
750.00 C 20260810 -1.00 -1.00 5 11 1.0879 0.8146 0.001632
755.00 C 20260810 -1.00 -1.00 3 3 1.0891 0.8058 0.001685
760.00 C 20260810 -1.00 -1.00 9 9 1.0859 0.7970 0.001739
765.00 C 20260810 -1.00 -1.00 28 14 1.0762 0.7879 0.001792
770.00 C 20260810 -1.00 -1.00 14 19 1.0677 0.7784 0.001845
775.00 C 20260810 -1.00 -1.00 18 23 1.0602 0.7685 0.001898
780.00 C 20260810 -1.00 -1.00 7 29 1.0538 0.7584 0.001952
785.00 C 20260810 -1.00 -1.00 32 14 1.0443 0.7486 0.002010
790.00 C 20260810 -1.00 -1.00 33 12 1.0445 0.7373 0.002057
795.00 C 20260810 -1.00 -1.00 96 4 1.0382 0.7268 0.002113
800.00 C 20260810 -1.00 -1.00 95 80 1.0409 0.7151 0.002157
805.00 C 20260810 -1.00 -1.00 124 5 1.0366 0.7043 0.002211
810.00 C 20260810 -1.00 -1.00 102 16 1.0392 0.6926 0.002254
815.00 C 20260810 -1.00 -1.00 14 15 1.0404 0.6811 0.002299
820.00 C 20260810 -1.00 -1.00 23 25 1.0387 0.6689 0.002329
825.00 C 20260810 -1.00 -1.00 11 13 1.0312 0.6569 0.002367
830.00 C 20260810 -1.00 -1.00 17 17 1.0230 0.6448 0.002409
835.00 C 20260810 -1.00 -1.00 26 15 1.0288 0.6317 0.002419
840.00 C 20260810 -1.00 -1.00 41 5 1.0168 0.6195 0.002470
845.00 C 20260810 -1.00 -1.00 20 6 1.0154 0.6067 0.002497
850.00 C 20260810 -1.00 -1.00 72 77 1.0081 0.5940 0.002538
855.00 C 20260810 -1.00 -1.00 20 110 1.0139 0.5810 0.002547
860.00 C 20260810 -1.00 -1.00 21 1 1.0125 0.5681 0.002574
865.00 C 20260810 -1.00 -1.00 19 7 1.0166 0.5552 0.002588
870.00 C 20260810 -1.00 -1.00 9 5 1.0202 0.5425 0.002602
875.00 C 20260810 -1.00 -1.00 9 23 1.0266 0.5302 0.002589
880.00 C 20260810 -1.00 -1.00 47 33 1.0121 0.5170 0.002619
885.00 C 20260810 -1.00 -1.00 33 34 1.0043 0.5040 0.002632
890.00 C 20260810 -1.00 -1.00 14 37 1.0006 0.4911 0.002633
895.00 C 20260810 -1.00 -1.00 8 11 0.9896 0.4774 0.002654
900.00 C 20260810 -1.00 -1.00 281 109 0.9933 0.4649 0.002636
905.00 C 20260810 -1.00 -1.00 16 23 0.9926 0.4521 0.002630
910.00 C 20260810 -1.00 -1.00 16 8 0.9930 0.4394 0.002621
915.00 C 20260810 -1.00 -1.00 8 4 0.9943 0.4268 0.002610
920.00 C 20260810 -1.00 -1.00 36 49 0.9931 0.4138 0.002605
925.00 C 20260810 -1.00 -1.00 60 21 0.9964 0.4016 0.002589
930.00 C 20260810 -1.00 -1.00 61 27 1.0016 0.3900 0.002566
935.00 C 20260810 -1.00 -1.00 45 46 0.9934 0.3778 0.002550
940.00 C 20260810 -1.00 -1.00 29 15 0.9883 0.3660 0.002526
945.00 C 20260810 -1.00 -1.00 30 10 0.9838 0.3542 0.002501
950.00 C 20260810 -1.00 -1.00 216 28 0.9856 0.3436 0.002463
955.00 C 20260810 -1.00 -1.00 17 20 0.9820 0.3318 0.002435
960.00 C 20260810 -1.00 -1.00 60 15 0.9806 0.3205 0.002402
965.00 C 20260810 -1.00 -1.00 21 0 0.9802 0.3094 0.002368
970.00 C 20260810 -1.00 -1.00 19 21 0.9811 0.2986 0.002332
975.00 C 20260810 -1.00 -1.00 8 46 0.9806 0.2875 0.002298
980.00 C 20260810 -1.00 -1.00 48 17 0.9855 0.2779 0.002256
985.00 C 20260810 -1.00 -1.00 25 21 0.9904 0.2684 0.002216
990.00 C 20260810 -1.00 -1.00 47 30 0.9926 0.2582 0.002179
995.00 C 20260810 -1.00 -1.00 58 73 0.9870 0.2487 0.002139
1000.00 C 20260810 -1.00 -1.00 506 81 0.9870 0.2406 0.002093
1005.00 C 20260810 -1.00 -1.00 106 10 0.9789 0.2304 0.002052
1010.00 C 20260810 -1.00 -1.00 12 4 0.9807 0.2227 0.002005
1015.00 C 20260810 -1.00 -1.00 10 2 0.9756 0.2131 0.001960
1020.00 C 20260810 -1.00 -1.00 45 27 0.9774 0.2054 0.001913
1025.00 C 20260810 -1.00 -1.00 4 11 0.9717 0.1954 0.001867
1030.00 C 20260810 -1.00 -1.00 35 19 0.9786 0.1893 0.001819
1035.00 C 20260810 -1.00 -1.00 44 38 0.9798 0.1815 0.001772
1040.00 C 20260810 -1.00 -1.00 53 34 0.9821 0.1741 0.001726
1045.00 C 20260810 -1.00 -1.00 1 86 0.9838 0.1665 0.001680
1050.00 C 20260810 -1.00 -1.00 37 58 0.9894 0.1603 0.001636
1055.00 C 20260810 -1.00 -1.00 4 8 0.9921 0.1532 0.001591
1060.00 C 20260810 -1.00 -1.00 2 45 0.9890 0.1472 0.001548
1065.00 C 20260810 -1.00 -1.00 1 3 0.9876 0.1416 0.001505
1070.00 C 20260810 -1.00 -1.00 52 89 0.9837 0.1354 0.001460
1075.00 C 20260810 -1.00 -1.00 36 36 0.9832 0.1300 0.001416
1080.00 C 20260810 -1.00 -1.00 17 28 0.9810 0.1241 0.001372
1085.00 C 20260810 -1.00 -1.00 3 4 0.9821 0.1191 0.001329
1090.00 C 20260810 -1.00 -1.00 1 2 0.9783 0.1128 0.001282
1095.00 C 20260810 -1.00 -1.00 20 4 0.9794 0.1078 0.001240
1100.00 C 20260810 -1.00 -1.00 27 86 0.9814 0.1031 0.001199
1105.00 C 20260810 -1.00 -1.00 13 0 0.9858 0.0991 0.001161
1110.00 C 20260810 -1.00 -1.00 7 10 0.9885 0.0946 0.001121
1115.00 C 20260810 -1.00 -1.00 -1 0 0.9912 0.0902 0.001083
1120.00 C 20260810 -1.00 -1.00 1 11 1.0012 0.0880 0.001054
1125.00 C 20260810 -1.00 -1.00 1 2 0.9999 0.0824 0.001011
1130.00 C 20260810 -1.00 -1.00 12 10 0.9967 0.0783 0.000975
1135.00 C 20260810 -1.00 -1.00 6 0 1.0041 0.0768 0.000951
1140.00 C 20260810 -1.00 -1.00 -1 0 0.9934 0.0719 0.000909
1145.00 C 20260810 -1.00 -1.00 10 10 0.9842 0.0671 0.000867
1150.00 C 20260810 -1.00 -1.00 12 2 0.9915 0.0656 0.000845
1155.00 C 20260810 -1.00 -1.00 4 35 1.0030 0.0650 0.000829
1160.00 C 20260810 -1.00 -1.00 3 28 0.9811 0.0576 0.000768
1165.00 C 20260810 -1.00 -1.00 6 25 1.0011 0.0588 0.000765
1170.00 C 20260810 -1.00 -1.00 2 31 0.9848 0.0524 0.000710
1175.00 C 20260810 -1.00 -1.00 15 10 0.9959 0.0519 0.000696
1180.00 C 20260810 -1.00 -1.00 66 10 1.0002 0.0499 0.000672
1185.00 C 20260810 -1.00 -1.00 2 6 1.0072 0.0485 0.000653
1190.00 C 20260810 -1.00 -1.00 20 20 1.0078 0.0458 0.000624
1195.00 C 20260810 -1.00 -1.00 12 10 1.0028 0.0418 0.000586
1200.00 C 20260810 -1.00 -1.00 17 4 1.0081 0.0401 0.000565
1205.00 C 20260810 -1.00 -1.00 -1 0 1.0185 0.0395 0.000554
1210.00 C 20260810 -1.00 -1.00 2 2 1.0278 0.0388 0.000541
1215.00 C 20260810 -1.00 -1.00 -1 0 1.0295 0.0371 0.000522
1220.00 C 20260810 -1.00 -1.00 -1 0 1.0378 0.0367 0.000512
525.00 P 20260810 -1.00 -1.00 -1 0 1.3702 -0.0118 0.000146
527.50 P 20260810 -1.00 -1.00 -1 0 1.3778 -0.0130 0.000158
530.00 P 20260810 -1.00 -1.00 -1 0 1.3661 -0.0131 0.000161
532.50 P 20260810 -1.00 -1.00 -1 0 1.3686 -0.0140 0.000170
535.00 P 20260810 -1.00 -1.00 -1 0 1.3561 -0.0141 0.000172
537.50 P 20260810 -1.00 -1.00 -1 0 1.3586 -0.0150 0.000181
540.00 P 20260810 -1.00 -1.00 -1 0 1.3504 -0.0153 0.000186
542.50 P 20260810 -1.00 -1.00 -1 0 1.3455 -0.0158 0.000192
545.00 P 20260810 -1.00 -1.00 -1 0 1.3456 -0.0166 0.000200
547.50 P 20260810 -1.00 -1.00 -1 0 1.3333 -0.0167 0.000203
550.00 P 20260810 -1.00 -1.00 -1 0 1.3359 -0.0176 0.000212
552.50 P 20260810 -1.00 -1.00 -1 0 1.3310 -0.0181 0.000219
555.00 P 20260810 -1.00 -1.00 1 0 1.2773 -0.0158 0.000202
557.50 P 20260810 -1.00 -1.00 -1 0 1.3052 -0.0182 0.000224
560.00 P 20260810 -1.00 -1.00 -1 0 1.3143 -0.0195 0.000237
562.50 P 20260810 -1.00 -1.00 -1 0 1.3128 -0.0202 0.000245
565.00 P 20260810 -1.00 -1.00 -1 0 1.2992 -0.0203 0.000248
567.50 P 20260810 -1.00 -1.00 -1 0 1.2970 -0.0209 0.000256
570.00 P 20260810 -1.00 -1.00 -1 0 1.3197 -0.0229 0.000273
572.50 P 20260810 -1.00 -1.00 -1 0 1.2837 -0.0218 0.000268
575.00 P 20260810 -1.00 -1.00 2 0 1.3054 -0.0241 0.000288
577.50 P 20260810 -1.00 -1.00 -1 0 1.2903 -0.0240 0.000290
580.00 P 20260810 -1.00 -1.00 -1 0 1.2836 -0.0248 0.000299
582.50 P 20260810 -1.00 -1.00 -1 0 1.2770 -0.0256 0.000309
585.00 P 20260810 -1.00 -1.00 5 105 1.2644 -0.0258 0.000313
587.50 P 20260810 -1.00 -1.00 7 3 1.2638 -0.0273 0.000327
590.00 P 20260810 -1.00 -1.00 8 49 1.2597 -0.0284 0.000339
592.50 P 20260810 -1.00 -1.00 12 12 1.2496 -0.0289 0.000346
595.00 P 20260810 -1.00 -1.00 1 1 1.2526 -0.0308 0.000363
597.50 P 20260810 -1.00 -1.00 -1 0 1.2296 -0.0298 0.000361
600.00 P 20260810 -1.00 -1.00 77 32 1.2412 -0.0327 0.000385
602.50 P 20260810 -1.00 -1.00 -1 0 1.2301 -0.0331 0.000392
605.00 P 20260810 -1.00 -1.00 1 1 1.2257 -0.0342 0.000405
607.50 P 20260810 -1.00 -1.00 18 28 1.2302 -0.0363 0.000423
610.00 P 20260810 -1.00 -1.00 21 2 1.1994 -0.0345 0.000417
612.50 P 20260810 -1.00 -1.00 40 40 1.2075 -0.0370 0.000439
615.00 P 20260810 -1.00 -1.00 27 26 1.2054 -0.0384 0.000453
617.50 P 20260810 -1.00 -1.00 -1 0 1.2162 -0.0412 0.000476
620.00 P 20260810 -1.00 -1.00 2 2 1.2284 -0.0441 0.000499
622.50 P 20260810 -1.00 -1.00 -1 0 1.1910 -0.0418 0.000492
625.00 P 20260810 -1.00 -1.00 30 29 1.2089 -0.0453 0.000519
627.50 P 20260810 -1.00 -1.00 -1 0 1.1943 -0.0454 0.000526
630.00 P 20260810 -1.00 -1.00 3 7 1.2087 -0.0485 0.000551
632.50 P 20260810 -1.00 -1.00 1 1 1.2125 -0.0505 0.000568
635.00 P 20260810 -1.00 -1.00 1 1 1.2181 -0.0527 0.000587
637.50 P 20260810 -1.00 -1.00 2 2 1.1914 -0.0517 0.000590
640.00 P 20260810 -1.00 -1.00 33 23 1.2045 -0.0546 0.000612
642.50 P 20260810 -1.00 -1.00 5 0 1.2044 -0.0572 0.000633
645.00 P 20260810 -1.00 -1.00 42 0 1.1848 -0.0566 0.000639
647.50 P 20260810 -1.00 -1.00 2 2 1.1741 -0.0575 0.000652
650.00 P 20260810 -1.00 -1.00 134 58 1.1884 -0.0627 0.000685
652.50 P 20260810 -1.00 -1.00 4 15 1.1701 -0.0624 0.000693
655.00 P 20260810 -1.00 -1.00 63 3 1.1768 -0.0662 0.000720
657.50 P 20260810 -1.00 -1.00 60 18 1.1704 -0.0680 0.000738
660.00 P 20260810 -1.00 -1.00 95 44 1.1620 -0.0694 0.000754
662.50 P 20260810 -1.00 -1.00 32 15 1.1557 -0.0711 0.000773
665.00 P 20260810 -1.00 -1.00 41 2 1.1505 -0.0731 0.000792
667.50 P 20260810 -1.00 -1.00 22 0 1.1486 -0.0756 0.000814
670.00 P 20260810 -1.00 -1.00 6 29 1.1424 -0.0774 0.000833
672.50 P 20260810 -1.00 -1.00 73 16 1.1437 -0.0804 0.000857
675.00 P 20260810 -1.00 -1.00 16 6 1.1375 -0.0823 0.000877
677.50 P 20260810 -1.00 -1.00 131 1 1.1346 -0.0847 0.000898
680.00 P 20260810 -1.00 -1.00 290 5 1.1359 -0.0877 0.000923
682.50 P 20260810 -1.00 -1.00 34 0 1.1298 -0.0896 0.000943
685.00 P 20260810 -1.00 -1.00 128 28 1.1279 -0.0922 0.000966
687.50 P 20260810 -1.00 -1.00 46 0 1.1303 -0.0954 0.000991
690.00 P 20260810 -1.00 -1.00 63 26 1.1263 -0.0977 0.001013
692.50 P 20260810 -1.00 -1.00 182 1 1.1255 -0.1004 0.001036
695.00 P 20260810 -1.00 -1.00 142 4 1.1268 -0.1035 0.001061
697.50 P 20260810 -1.00 -1.00 72 13 1.1260 -0.1063 0.001084
700.00 P 20260810 -1.00 -1.00 124 48 1.1158 -0.1077 0.001106
702.50 P 20260810 -1.00 -1.00 178 20 1.1241 -0.1118 0.001132
705.00 P 20260810 -1.00 -1.00 69 1 1.1181 -0.1147 0.001156
707.50 P 20260810 -1.00 -1.00 76 2 1.1135 -0.1180 0.001181
710.00 P 20260810 -1.00 -1.00 392 6 1.1055 -0.1205 0.001205
712.50 P 20260810 -1.00 -1.00 51 2 1.1051 -0.1247 0.001231
715.00 P 20260810 -1.00 -1.00 12 2 1.0999 -0.1279 0.001257
717.50 P 20260810 -1.00 -1.00 91 0 1.0940 -0.1310 0.001283
720.00 P 20260810 -1.00 -1.00 113 0 1.0881 -0.1341 0.001310
722.50 P 20260810 -1.00 -1.00 7 0 1.0857 -0.1379 0.001337
725.00 P 20260810 -1.00 -1.00 9 90 1.0826 -0.1416 0.001364
727.50 P 20260810 -1.00 -1.00 -1 0 1.0768 -0.1448 0.001392
730.00 P 20260810 -1.00 -1.00 6 28 1.0785 -0.1494 0.001419
732.50 P 20260810 -1.00 -1.00 4 3 1.0707 -0.1523 0.001448
735.00 P 20260810 -1.00 -1.00 16 2 1.0731 -0.1571 0.001475
737.50 P 20260810 -1.00 -1.00 31 0 1.0822 -0.1631 0.001500
740.00 P 20260810 -1.00 -1.00 74 16 1.0690 -0.1651 0.001531
742.50 P 20260810 -1.00 -1.00 2 0 1.0647 -0.1687 0.001561
745.00 P 20260810 -1.00 -1.00 1 3 1.0630 -0.1728 0.001590
747.50 P 20260810 -1.00 -1.00 12 6 1.0687 -0.1781 0.001615
750.00 P 20260810 -1.00 -1.00 28 29 1.0711 -0.1829 0.001642
755.00 P 20260810 -1.00 -1.00 30 4 1.0658 -0.1908 0.001701
760.00 P 20260810 -1.00 -1.00 9 226 1.0657 -0.1996 0.001757
765.00 P 20260810 -1.00 -1.00 23 6 1.0570 -0.2088 0.001812
770.00 P 20260810 -1.00 -1.00 4 43 1.0476 -0.2183 0.001868
775.00 P 20260810 -1.00 -1.00 3 20 1.0403 -0.2283 0.001923
780.00 P 20260810 -1.00 -1.00 9 157 1.0361 -0.2390 0.001976
785.00 P 20260810 -1.00 -1.00 3 6 1.0303 -0.2495 0.002031
790.00 P 20260810 -1.00 -1.00 32 9 1.0262 -0.2603 0.002085
795.00 P 20260810 -1.00 -1.00 5 9 1.0245 -0.2716 0.002136
800.00 P 20260810 -1.00 -1.00 237 46 1.0238 -0.2830 0.002186
805.00 P 20260810 -1.00 -1.00 8 11 1.0232 -0.2945 0.002236
810.00 P 20260810 -1.00 -1.00 54 14 1.0319 -0.3069 0.002270
815.00 P 20260810 -1.00 -1.00 4 21 1.0301 -0.3182 0.002321
820.00 P 20260810 -1.00 -1.00 117 13 1.0292 -0.3306 0.002352
825.00 P 20260810 -1.00 -1.00 1 5 1.0202 -0.3426 0.002395
830.00 P 20260810 -1.00 -1.00 11 7 1.0146 -0.3550 0.002431
835.00 P 20260810 -1.00 -1.00 46 1 1.0175 -0.3681 0.002448
840.00 P 20260810 -1.00 -1.00 3 4 1.0069 -0.3804 0.002497
845.00 P 20260810 -1.00 -1.00 3 1 1.0052 -0.3933 0.002525
850.00 P 20260810 -1.00 -1.00 696 137 0.9943 -0.4061 0.002577
855.00 P 20260810 -1.00 -1.00 27 30 1.0048 -0.4194 0.002574
860.00 P 20260810 -1.00 -1.00 9 20 1.0060 -0.4324 0.002595
865.00 P 20260810 -1.00 -1.00 34 79 1.0085 -0.4454 0.002613
870.00 P 20260810 -1.00 -1.00 4 11 1.0155 -0.4582 0.002619
875.00 P 20260810 -1.00 -1.00 18 22 1.0088 -0.4712 0.002640
880.00 P 20260810 -1.00 -1.00 14 14 1.0031 -0.4841 0.002647
885.00 P 20260810 -1.00 -1.00 2 51 0.9983 -0.4971 0.002652
890.00 P 20260810 -1.00 -1.00 12 41 0.9943 -0.5101 0.002655
895.00 P 20260810 -1.00 -1.00 4 3 0.9948 -0.5228 0.002646
900.00 P 20260810 -1.00 -1.00 13 63 0.9803 -0.5372 0.002676
905.00 P 20260810 -1.00 -1.00 1 1 0.9820 -0.5499 0.002664
910.00 P 20260810 -1.00 -1.00 9 3 0.9842 -0.5626 0.002650
915.00 P 20260810 -1.00 -1.00 1 1 0.9856 -0.5753 0.002638
920.00 P 20260810 -1.00 -1.00 2 6 0.9824 -0.5887 0.002639
925.00 P 20260810 -1.00 -1.00 2 1 0.9910 -0.6002 0.002609
930.00 P 20260810 -1.00 -1.00 -1 0 0.9927 -0.6124 0.002591
935.00 P 20260810 -1.00 -1.00 -1 1 0.9881 -0.6241 0.002567
940.00 P 20260810 -1.00 -1.00 1 3 0.9768 -0.6372 0.002556
945.00 P 20260810 -1.00 -1.00 10 11 0.9746 -0.6487 0.002525
950.00 P 20260810 -1.00 -1.00 10 11 0.9684 -0.6611 0.002502
955.00 P 20260810 -1.00 -1.00 10 11 0.9694 -0.6721 0.002465
960.00 P 20260810 -1.00 -1.00 -1 1 0.9650 -0.6843 0.002437
965.00 P 20260810 -1.00 -1.00 2 1 0.9696 -0.6944 0.002394
970.00 P 20260810 -1.00 -1.00 1 1 0.9687 -0.7058 0.002360
975.00 P 20260810 -1.00 -1.00 -1 0 0.9715 -0.7162 0.002320
980.00 P 20260810 -1.00 -1.00 1 2 0.9759 -0.7261 0.002279
985.00 P 20260810 -1.00 -1.00 1 2 0.9790 -0.7363 0.002240
990.00 P 20260810 -1.00 -1.00 2 2 0.9795 -0.7463 0.002200
995.00 P 20260810 -1.00 -1.00 1 23 0.9756 -0.7555 0.002157
1000.00 P 20260810 -1.00 -1.00 3 0 0.9699 -0.7652 0.002114
1005.00 P 20260810 -1.00 -1.00 -1 0 0.9637 -0.7752 0.002071
1010.00 P 20260810 -1.00 -1.00 2 3 0.9558 -0.7858 0.002027
1015.00 P 20260810 -1.00 -1.00 1 0 0.9617 -0.7925 0.001976
1020.00 P 20260810 -1.00 -1.00 5 5 0.9658 -0.7996 0.001926
1025.00 P 20260810 -1.00 -1.00 -1 0 0.9755 -0.8050 0.001877
1030.00 P 20260810 -1.00 -1.00 -1 0 0.9619 -0.8176 0.001831
1035.00 P 20260810 -1.00 -1.00 -1 0 0.9665 -0.8245 0.001783
1040.00 P 20260810 -1.00 -1.00 2 2 0.9693 -0.8319 0.001736
1045.00 P 20260810 -1.00 -1.00 -1 0 0.9840 -0.8352 0.001692
1050.00 P 20260810 -1.00 -1.00 5 0 0.9693 -0.8486 0.001640
1055.00 P 20260810 -1.00 -1.00 -1 0 0.9566 -0.8573 0.001591
1060.00 P 20260810 -1.00 -1.00 2 0 0.9536 -0.8635 0.001544
1065.00 P 20260810 -1.00 -1.00 -1 0 0.9557 -0.8685 0.001500
1070.00 P 20260810 -1.00 -1.00 1 1 0.9477 -0.8762 0.001449
1075.00 P 20260810 -1.00 -1.00 -1 0 0.9522 -0.8804 0.001406
1080.00 P 20260810 -1.00 -1.00 -1 0 0.9526 -0.8859 0.001360
1085.00 P 20260810 -1.00 -1.00 -1 0 0.9436 -0.8940 0.001305
1090.00 P 20260810 -1.00 -1.00 -1 0 0.9447 -0.8993 0.001259
1095.00 P 20260810 -1.00 -1.00 -1 0 0.9667 -0.8982 0.001239
1100.00 P 20260810 -1.00 -1.00 1 2 0.9315 -0.9148 0.001146
1105.00 P 20260810 -1.00 -1.00 -1 0 0.9500 -0.9144 0.001127
1110.00 P 20260810 -1.00 -1.00 -1 0 0.9778 -0.9111 0.001121
1115.00 P 20260810 -1.00 -1.00 5 0 0.9852 -0.9141 0.001088
1120.00 P 20260810 -1.00 -1.00 -1 0 0.9849 -0.9196 0.001045
1125.00 P 20260810 -1.00 -1.00 -1 0 0.9998 -0.9201 0.001024
1130.00 P 20260810 -1.00 -1.00 -1 0 0.9657 -0.9302 0.000957
1135.00 P 20260810 -1.00 -1.00 -1 0 0.9932 -0.9278 0.000954
1140.00 P 20260810 -1.00 -1.00 -1 0 0.9609 -0.9374 0.000885
1145.00 P 20260810 -1.00 -1.00 -1 0 0.9483 -0.9432 0.000835
1150.00 P 20260810 -1.00 -1.00 -1 0 0.9786 -0.9398 0.000843
1155.00 P 20260810 -1.00 -1.00 -1 0 0.9832 -0.9419 0.000818
1160.00 P 20260810 -1.00 -1.00 -1 0 0.9488 -0.9527 0.000734
1165.00 P 20260810 -1.00 -1.00 -1 0 0.9575 -0.9538 0.000715
1170.00 P 20260810 -1.00 -1.00 -1 0 0.9792 -0.9519 0.000718
1175.00 P 20260810 -1.00 -1.00 -1 0 0.8971 -0.9710 0.000559
1180.00 P 20260810 -1.00 -1.00 -1 0 0.9248 -0.9688 0.000569
1185.00 P 20260810 -1.00 -1.00 -1 0 0.8933 -0.9749 0.000508
1190.00 P 20260810 -1.00 -1.00 -1 0 0.9151 -0.9734 0.000514
1195.00 P 20260810 -1.00 -1.00 -1 0 0.9131 -0.9753 0.000489
1200.00 P 20260810 -1.00 -1.00 -1 0 0.9045 -0.9783 0.000453
1205.00 P 20260810 -1.00 -1.00 -1 0 0.8648 -0.9864 0.000367
1210.00 P 20260810 -1.00 -1.00 -1 0 0.9052 -0.9815 0.000408
1215.00 P 20260810 -1.00 -1.00 -1 0 0.9149 -0.9817 0.000401
1220.00 P 20260810 -1.00 -1.00 -1 0 0.8166 -0.9951 0.000227
525.00 C 20260812 -1.00 -1.00 -1 0 1.4426 0.9786 0.000217
527.50 C 20260812 -1.00 -1.00 -1 0 1.4556 0.9769 0.000229
530.00 C 20260812 -1.00 -1.00 -1 0 1.4603 0.9752 0.000242
532.50 C 20260812 -1.00 -1.00 -1 0 1.4437 0.9753 0.000243
535.00 C 20260812 -1.00 -1.00 -1 0 1.4369 0.9746 0.000250
537.50 C 20260812 -1.00 -1.00 -1 0 1.4052 0.9762 0.000243
540.00 C 20260812 -1.00 -1.00 -1 0 1.4348 0.9722 0.000269
542.50 C 20260812 -1.00 -1.00 -1 0 1.4166 0.9725 0.000270
545.00 C 20260812 -1.00 -1.00 -1 0 1.4231 0.9706 0.000284
547.50 C 20260812 -1.00 -1.00 -1 0 1.4069 0.9707 0.000286
550.00 C 20260812 -1.00 -1.00 -1 0 1.4116 0.9689 0.000299
552.50 C 20260812 -1.00 -1.00 -1 0 1.3955 0.9691 0.000301
555.00 C 20260812 -1.00 -1.00 -1 0 1.3908 0.9681 0.000310
557.50 C 20260812 -1.00 -1.00 -1 0 1.3692 0.9688 0.000310
560.00 C 20260812 -1.00 -1.00 -1 0 1.3608 0.9682 0.000316
562.50 C 20260812 -1.00 -1.00 -1 0 1.3525 0.9676 0.000323
565.00 C 20260812 -1.00 -1.00 -1 0 1.3386 0.9675 0.000327
567.50 C 20260812 -1.00 -1.00 -1 0 1.3396 0.9660 0.000339
570.00 C 20260812 -1.00 -1.00 -1 0 1.3388 0.9647 0.000350
572.50 C 20260812 -1.00 -1.00 -1 0 1.3509 0.9622 0.000367
575.00 C 20260812 -1.00 -1.00 -1 0 1.3113 0.9645 0.000359
577.50 C 20260812 -1.00 -1.00 -1 0 1.3161 0.9626 0.000373
580.00 C 20260812 -1.00 -1.00 -1 0 1.3282 0.9601 0.000391
582.50 C 20260812 -1.00 -1.00 -1 0 1.2907 0.9622 0.000384
585.00 C 20260812 -1.00 -1.00 -1 0 1.3321 0.9569 0.000416
587.50 C 20260812 -1.00 -1.00 -1 0 1.3204 0.9566 0.000423
590.00 C 20260812 -1.00 -1.00 6 0 1.2832 0.9586 0.000417
592.50 C 20260812 -1.00 -1.00 -1 0 1.2879 0.9567 0.000432
595.00 C 20260812 -1.00 -1.00 -1 0 1.2854 0.9555 0.000443
597.50 C 20260812 -1.00 -1.00 -1 0 1.2739 0.9552 0.000450
600.00 C 20260812 -1.00 -1.00 -1 0 1.2696 0.9541 0.000461
602.50 C 20260812 -1.00 -1.00 -1 0 1.2762 0.9521 0.000476
605.00 C 20260812 -1.00 -1.00 1 1 1.2953 0.9489 0.000496
607.50 C 20260812 -1.00 -1.00 -1 0 1.2515 0.9514 0.000491
610.00 C 20260812 -1.00 -1.00 6 6 1.2617 0.9490 0.000508
612.50 C 20260812 -1.00 -1.00 -1 0 1.2720 0.9465 0.000525
615.00 C 20260812 -1.00 -1.00 -1 0 1.2582 0.9462 0.000533
617.50 C 20260812 -1.00 -1.00 -1 0 1.2620 0.9432 0.000552
620.00 C 20260812 -1.00 -1.00 -1 0 1.2586 0.9413 0.000567
622.50 C 20260812 -1.00 -1.00 -1 0 1.2377 0.9421 0.000571
625.00 C 20260812 -1.00 -1.00 -1 0 1.2426 0.9389 0.000591
627.50 C 20260812 -1.00 -1.00 -1 0 1.2372 0.9372 0.000605
630.00 C 20260812 -1.00 -1.00 -1 0 1.2339 0.9353 0.000621
632.50 C 20260812 -1.00 -1.00 -1 0 1.2153 0.9357 0.000628
635.00 C 20260812 -1.00 -1.00 -1 0 1.2130 0.9335 0.000644
637.50 C 20260812 -1.00 -1.00 -1 0 1.2057 0.9321 0.000658
640.00 C 20260812 -1.00 -1.00 -1 0 1.2106 0.9289 0.000679
642.50 C 20260812 -1.00 -1.00 -1 0 1.1942 0.9288 0.000688
645.00 C 20260812 -1.00 -1.00 -1 0 1.2011 0.9253 0.000710
647.50 C 20260812 -1.00 -1.00 -1 0 1.1959 0.9235 0.000726
650.00 C 20260812 -1.00 -1.00 2 1 1.1887 0.9221 0.000741
652.50 C 20260812 -1.00 -1.00 -1 0 1.1805 0.9207 0.000756
655.00 C 20260812 -1.00 -1.00 6 6 1.1763 0.9188 0.000773
657.50 C 20260812 -1.00 -1.00 -1 0 1.1742 0.9166 0.000791
660.00 C 20260812 -1.00 -1.00 -1 0 1.1681 0.9149 0.000807
662.50 C 20260812 -1.00 -1.00 -1 0 1.1670 0.9125 0.000826
665.00 C 20260812 -1.00 -1.00 -1 0 1.1658 0.9100 0.000845
667.50 C 20260812 -1.00 -1.00 -1 0 1.1628 0.9079 0.000863
670.00 C 20260812 -1.00 -1.00 6 0 1.1626 0.9053 0.000883
672.50 C 20260812 -1.00 -1.00 -1 0 1.1596 0.9031 0.000901
675.00 C 20260812 -1.00 -1.00 -1 0 1.1447 0.9026 0.000916
677.50 C 20260812 -1.00 -1.00 -1 0 1.1535 0.8988 0.000938
680.00 C 20260812 -1.00 -1.00 -1 0 1.1514 0.8964 0.000958
682.50 C 20260812 -1.00 -1.00 -1 0 1.1513 0.8938 0.000977
685.00 C 20260812 -1.00 -1.00 -1 0 1.1512 0.8912 0.000997
687.50 C 20260812 -1.00 -1.00 -1 0 1.1471 0.8886 0.001017
690.00 C 20260812 -1.00 -1.00 2 2 1.1302 0.8882 0.001035
692.50 C 20260812 -1.00 -1.00 -1 0 1.1361 0.8832 0.001057
695.00 C 20260812 -1.00 -1.00 -1 0 1.1147 0.8836 0.001076
697.50 C 20260812 -1.00 -1.00 -1 0 1.1051 0.8816 0.001096
700.00 C 20260812 -1.00 -1.00 1 1 1.1116 0.8764 0.001120
702.50 C 20260812 -1.00 -1.00 -1 0 1.1155 0.8718 0.001142
705.00 C 20260812 -1.00 -1.00 1 1 1.1027 0.8703 0.001164
707.50 C 20260812 -1.00 -1.00 -1 0 1.0951 0.8679 0.001186
710.00 C 20260812 -1.00 -1.00 -1 0 1.0875 0.8654 0.001209
712.50 C 20260812 -1.00 -1.00 -1 0 1.1010 0.8589 0.001232
715.00 C 20260812 -1.00 -1.00 -1 0 1.0927 0.8564 0.001255
717.50 C 20260812 -1.00 -1.00 -1 0 1.0890 0.8532 0.001279
720.00 C 20260812 -1.00 -1.00 -1 0 1.0846 0.8500 0.001303
722.50 C 20260812 -1.00 -1.00 -1 0 1.0860 0.8457 0.001326
725.00 C 20260812 -1.00 -1.00 -1 0 1.0735 0.8440 0.001352
727.50 C 20260812 -1.00 -1.00 -1 0 1.0761 0.8395 0.001375
730.00 C 20260812 -1.00 -1.00 -1 0 1.0800 0.8348 0.001397
732.50 C 20260812 -1.00 -1.00 -1 0 1.0844 0.8300 0.001419
735.00 C 20260812 -1.00 -1.00 2 1 1.0751 0.8276 0.001446
737.50 C 20260812 -1.00 -1.00 -1 0 1.0702 0.8243 0.001472
740.00 C 20260812 -1.00 -1.00 1 1 1.0778 0.8191 0.001493
742.50 C 20260812 -1.00 -1.00 2 0 1.0748 0.8155 0.001518
745.00 C 20260812 -1.00 -1.00 -1 0 1.0737 0.8117 0.001542
747.50 C 20260812 -1.00 -1.00 -1 0 1.0713 0.8080 0.001567
750.00 C 20260812 -1.00 -1.00 4 4 1.0813 0.8025 0.001585
755.00 C 20260812 -1.00 -1.00 5 5 1.0762 0.7934 0.001628
760.00 C 20260812 -1.00 -1.00 7 7 1.0746 0.7835 0.001667
765.00 C 20260812 -1.00 -1.00 10 6 1.0612 0.7756 0.001719
770.00 C 20260812 -1.00 -1.00 3 10 1.0555 0.7662 0.001765
775.00 C 20260812 -1.00 -1.00 606 13 1.0418 0.7579 0.001820
780.00 C 20260812 -1.00 -1.00 3 4 1.0468 0.7467 0.001855
785.00 C 20260812 -1.00 -1.00 8 35 1.0402 0.7372 0.001904
790.00 C 20260812 -1.00 -1.00 34 25 1.0429 0.7264 0.001941
795.00 C 20260812 -1.00 -1.00 14 11 1.0382 0.7165 0.001988
800.00 C 20260812 -1.00 -1.00 56 16 1.0390 0.7059 0.002028
805.00 C 20260812 -1.00 -1.00 4 2 1.0385 0.6954 0.002069
810.00 C 20260812 -1.00 -1.00 7 16 1.0484 0.6840 0.002094
815.00 C 20260812 -1.00 -1.00 5 19 1.0444 0.6730 0.002123
820.00 C 20260812 -1.00 -1.00 16 12 1.0381 0.6620 0.002156
825.00 C 20260812 -1.00 -1.00 6 8 1.0321 0.6508 0.002187
830.00 C 20260812 -1.00 -1.00 12 8 1.0266 0.6394 0.002219
835.00 C 20260812 -1.00 -1.00 9 10 1.0223 0.6279 0.002248
840.00 C 20260812 -1.00 -1.00 32 7 1.0200 0.6162 0.002273
845.00 C 20260812 -1.00 -1.00 8 3 1.0193 0.6044 0.002295
850.00 C 20260812 -1.00 -1.00 48 2 1.0186 0.5926 0.002317
855.00 C 20260812 -1.00 -1.00 27 6 1.0198 0.5808 0.002335
860.00 C 20260812 -1.00 -1.00 21 48 1.0186 0.5689 0.002358
865.00 C 20260812 -1.00 -1.00 8 2 1.0214 0.5572 0.002372
870.00 C 20260812 -1.00 -1.00 16 6 1.0191 0.5453 0.002398
875.00 C 20260812 -1.00 -1.00 34 3 1.0256 0.5340 0.002387
880.00 C 20260812 -1.00 -1.00 18 27 1.0173 0.5222 0.002400
885.00 C 20260812 -1.00 -1.00 10 17 1.0118 0.5104 0.002408
890.00 C 20260812 -1.00 -1.00 7 6 1.0104 0.4987 0.002405
895.00 C 20260812 -1.00 -1.00 26 7 1.0038 0.4866 0.002415
900.00 C 20260812 -1.00 -1.00 84 89 1.0059 0.4752 0.002404
905.00 C 20260812 -1.00 -1.00 29 29 1.0053 0.4635 0.002399
910.00 C 20260812 -1.00 -1.00 647 2 1.0036 0.4517 0.002397
915.00 C 20260812 -1.00 -1.00 31 4 0.9990 0.4394 0.002402
920.00 C 20260812 -1.00 -1.00 25 9 1.0010 0.4281 0.002391
925.00 C 20260812 -1.00 -1.00 2 59 1.0079 0.4175 0.002369
930.00 C 20260812 -1.00 -1.00 3 15 1.0125 0.4067 0.002353
935.00 C 20260812 -1.00 -1.00 3 4 1.0126 0.3952 0.002347
940.00 C 20260812 -1.00 -1.00 4 67 1.0099 0.3849 0.002327
945.00 C 20260812 -1.00 -1.00 6 33 1.0059 0.3744 0.002307
950.00 C 20260812 -1.00 -1.00 42 32 1.0044 0.3643 0.002282
955.00 C 20260812 -1.00 -1.00 622 35 1.0050 0.3545 0.002254
960.00 C 20260812 -1.00 -1.00 10 1 0.9989 0.3434 0.002237
965.00 C 20260812 -1.00 -1.00 50 2 1.0020 0.3342 0.002204
970.00 C 20260812 -1.00 -1.00 37 2 0.9993 0.3237 0.002181
975.00 C 20260812 -1.00 -1.00 46 0 0.9986 0.3136 0.002154
980.00 C 20260812 -1.00 -1.00 7 41 1.0005 0.3042 0.002124
985.00 C 20260812 -1.00 -1.00 2 0 1.0023 0.2948 0.002094
990.00 C 20260812 -1.00 -1.00 2 0 1.0057 0.2859 0.002062
995.00 C 20260812 -1.00 -1.00 -1 0 1.0108 0.2775 0.002028
1000.00 C 20260812 -1.00 -1.00 66 18 1.0146 0.2689 0.001997
1005.00 C 20260812 -1.00 -1.00 3 1 1.0166 0.2602 0.001967
1010.00 C 20260812 -1.00 -1.00 14 12 1.0179 0.2533 0.001930
1015.00 C 20260812 -1.00 -1.00 9 16 1.0093 0.2440 0.001900
1020.00 C 20260812 -1.00 -1.00 14 2 1.0064 0.2360 0.001865
1025.00 C 20260812 -1.00 -1.00 2 0 1.0046 0.2283 0.001829
1030.00 C 20260812 -1.00 -1.00 2 19 0.9997 0.2196 0.001795
1035.00 C 20260812 -1.00 -1.00 2 1 1.0027 0.2131 0.001756
1040.00 C 20260812 -1.00 -1.00 4 3 1.0019 0.2056 0.001720
1045.00 C 20260812 -1.00 -1.00 -1 0 0.9991 0.1975 0.001683
1050.00 C 20260812 -1.00 -1.00 16 1 1.0036 0.1915 0.001646
1055.00 C 20260812 -1.00 -1.00 -1 0 1.0019 0.1837 0.001609
1060.00 C 20260812 -1.00 -1.00 1 0 1.0078 0.1783 0.001572
1065.00 C 20260812 -1.00 -1.00 6 0 1.0051 0.1701 0.001535
1070.00 C 20260812 -1.00 -1.00 1 1 1.0136 0.1657 0.001501
1075.00 C 20260812 -1.00 -1.00 11 0 1.0174 0.1598 0.001466
1080.00 C 20260812 -1.00 -1.00 14 0 1.0186 0.1540 0.001431
1085.00 C 20260812 -1.00 -1.00 40 11 1.0148 0.1485 0.001397
1090.00 C 20260812 -1.00 -1.00 -1 0 1.0095 0.1425 0.001361
1095.00 C 20260812 -1.00 -1.00 7 0 1.0141 0.1390 0.001329
1100.00 C 20260812 -1.00 -1.00 24 8 1.0103 0.1334 0.001293
1105.00 C 20260812 -1.00 -1.00 24 0 1.0066 0.1277 0.001257
1110.00 C 20260812 -1.00 -1.00 69 4 1.0089 0.1237 0.001224
1115.00 C 20260812 -1.00 -1.00 2 0 1.0082 0.1188 0.001190
1120.00 C 20260812 -1.00 -1.00 8 0 1.0082 0.1141 0.001156
1125.00 C 20260812 -1.00 -1.00 21 0 1.0098 0.1099 0.001123
1130.00 C 20260812 -1.00 -1.00 11 0 1.0076 0.1046 0.001087
1135.00 C 20260812 -1.00 -1.00 142 0 1.0143 0.1019 0.001060
1140.00 C 20260812 -1.00 -1.00 232 0 1.0158 0.0977 0.001028
1145.00 C 20260812 -1.00 -1.00 172 0 1.0233 0.0952 0.001003
1150.00 C 20260812 -1.00 -1.00 24 0 1.0166 0.0886 0.000962
1155.00 C 20260812 -1.00 -1.00 16 0 1.0240 0.0863 0.000938
1160.00 C 20260812 -1.00 -1.00 16 0 1.0269 0.0826 0.000909
1165.00 C 20260812 -1.00 -1.00 10 0 1.0258 0.0798 0.000884
1170.00 C 20260812 -1.00 -1.00 8 0 1.0260 0.0773 0.000860
1175.00 C 20260812 -1.00 -1.00 -1 0 1.0173 0.0731 0.000828
1180.00 C 20260812 -1.00 -1.00 1 0 1.0175 0.0705 0.000804
1185.00 C 20260812 -1.00 -1.00 -1 0 1.0152 0.0674 0.000777
1190.00 C 20260812 -1.00 -1.00 -1 0 1.0154 0.0649 0.000752
1195.00 C 20260812 -1.00 -1.00 3 0 1.0206 0.0633 0.000734
1200.00 C 20260812 -1.00 -1.00 15 0 1.0163 0.0599 0.000704
1205.00 C 20260812 -1.00 -1.00 15 0 1.0220 0.0585 0.000687
1210.00 C 20260812 -1.00 -1.00 21 0 1.0244 0.0564 0.000666
1215.00 C 20260812 -1.00 -1.00 11 0 1.0208 0.0531 0.000637
1220.00 C 20260812 -1.00 -1.00 -1 0 1.0235 0.0510 0.000616
525.00 P 20260812 -1.00 -1.00 -1 0 1.3255 -0.0155 0.000176
527.50 P 20260812 -1.00 -1.00 -1 0 1.3215 -0.0160 0.000182
530.00 P 20260812 -1.00 -1.00 -1 0 1.3160 -0.0164 0.000187
532.50 P 20260812 -1.00 -1.00 -1 0 1.3136 -0.0170 0.000193
535.00 P 20260812 -1.00 -1.00 -1 0 1.3089 -0.0175 0.000199
537.50 P 20260812 -1.00 -1.00 -1 0 1.3050 -0.0180 0.000205
540.00 P 20260812 -1.00 -1.00 -1 0 1.3011 -0.0185 0.000211
542.50 P 20260812 -1.00 -1.00 -1 0 1.2987 -0.0192 0.000218
545.00 P 20260812 -1.00 -1.00 -1 0 1.2964 -0.0198 0.000224
547.50 P 20260812 -1.00 -1.00 -1 0 1.2925 -0.0203 0.000231
550.00 P 20260812 -1.00 -1.00 -1 0 1.2940 -0.0211 0.000239
552.50 P 20260812 -1.00 -1.00 -1 0 1.2902 -0.0217 0.000245
555.00 P 20260812 -1.00 -1.00 -1 0 1.2879 -0.0223 0.000252
557.50 P 20260812 -1.00 -1.00 -1 0 1.2874 -0.0231 0.000260
560.00 P 20260812 -1.00 -1.00 -1 0 1.2799 -0.0237 0.000267
562.50 P 20260812 -1.00 -1.00 -1 0 1.2742 -0.0246 0.000275
565.00 P 20260812 -1.00 -1.00 -1 0 1.2670 -0.0253 0.000283
567.50 P 20260812 -1.00 -1.00 -1 0 1.2592 -0.0259 0.000290
570.00 P 20260812 -1.00 -1.00 -1 0 1.2540 -0.0268 0.000299
572.50 P 20260812 -1.00 -1.00 -1 0 1.2469 -0.0275 0.000307
575.00 P 20260812 -1.00 -1.00 -1 0 1.2414 -0.0284 0.000316
577.50 P 20260812 -1.00 -1.00 -1 0 1.2366 -0.0293 0.000326
580.00 P 20260812 -1.00 -1.00 -1 0 1.2297 -0.0301 0.000335
582.50 P 20260812 -1.00 -1.00 -1 0 1.2249 -0.0310 0.000345
585.00 P 20260812 -1.00 -1.00 6 27 1.2382 -0.0340 0.000367
587.50 P 20260812 -1.00 -1.00 -1 0 1.2188 -0.0334 0.000368
590.00 P 20260812 -1.00 -1.00 6 0 1.2116 -0.0341 0.000376
592.50 P 20260812 -1.00 -1.00 -1 0 1.2073 -0.0352 0.000387
595.00 P 20260812 -1.00 -1.00 5 0 1.2045 -0.0364 0.000399
597.50 P 20260812 -1.00 -1.00 -1 0 1.2010 -0.0375 0.000411
600.00 P 20260812 -1.00 -1.00 4 0 1.1986 -0.0388 0.000423
602.50 P 20260812 -1.00 -1.00 -1 0 1.1936 -0.0398 0.000434
605.00 P 20260812 -1.00 -1.00 1 4 1.1916 -0.0411 0.000447
607.50 P 20260812 -1.00 -1.00 -1 0 1.1885 -0.0423 0.000459
610.00 P 20260812 -1.00 -1.00 2 0 1.1882 -0.0438 0.000473
612.50 P 20260812 -1.00 -1.00 -1 0 1.1852 -0.0450 0.000486
615.00 P 20260812 -1.00 -1.00 -1 0 1.1832 -0.0464 0.000499
617.50 P 20260812 -1.00 -1.00 -1 0 1.1822 -0.0478 0.000512
620.00 P 20260812 -1.00 -1.00 1 1 1.1980 -0.0509 0.000534
622.50 P 20260812 -1.00 -1.00 -1 0 1.1800 -0.0507 0.000540
625.00 P 20260812 -1.00 -1.00 1 17 1.1798 -0.0522 0.000554
627.50 P 20260812 -1.00 -1.00 -1 0 1.1813 -0.0539 0.000569
630.00 P 20260812 -1.00 -1.00 3 2 1.1706 -0.0546 0.000580
632.50 P 20260812 -1.00 -1.00 -1 0 1.1696 -0.0570 0.000598
635.00 P 20260812 -1.00 -1.00 -1 0 1.1645 -0.0587 0.000614
637.50 P 20260812 -1.00 -1.00 -1 0 1.1594 -0.0604 0.000630
640.00 P 20260812 -1.00 -1.00 2 2 1.1544 -0.0622 0.000646
642.50 P 20260812 -1.00 -1.00 -1 0 1.1494 -0.0640 0.000662
645.00 P 20260812 -1.00 -1.00 2 2 1.1454 -0.0659 0.000679
647.50 P 20260812 -1.00 -1.00 -1 0 1.1374 -0.0672 0.000694
650.00 P 20260812 -1.00 -1.00 3 9 1.1224 -0.0674 0.000704
652.50 P 20260812 -1.00 -1.00 2 0 1.1305 -0.0714 0.000730
655.00 P 20260812 -1.00 -1.00 44 1 1.1316 -0.0742 0.000751
657.50 P 20260812 -1.00 -1.00 -1 0 1.1277 -0.0763 0.000769
660.00 P 20260812 -1.00 -1.00 3 1 1.1099 -0.0760 0.000779
662.50 P 20260812 -1.00 -1.00 -1 0 1.1199 -0.0804 0.000806
665.00 P 20260812 -1.00 -1.00 4 0 1.1190 -0.0829 0.000826
667.50 P 20260812 -1.00 -1.00 33 0 1.1171 -0.0853 0.000846
670.00 P 20260812 -1.00 -1.00 10 10 1.1153 -0.0877 0.000866
672.50 P 20260812 -1.00 -1.00 -1 0 1.1134 -0.0901 0.000886
675.00 P 20260812 -1.00 -1.00 2 1 1.1096 -0.0922 0.000905
677.50 P 20260812 -1.00 -1.00 -1 0 1.1117 -0.0952 0.000927
680.00 P 20260812 -1.00 -1.00 43 13 1.1128 -0.0981 0.000948
682.50 P 20260812 -1.00 -1.00 2 0 1.1119 -0.1007 0.000969
685.00 P 20260812 -1.00 -1.00 14 0 1.1296 -0.1059 0.000994
687.50 P 20260812 -1.00 -1.00 -1 0 1.1102 -0.1058 0.001011
690.00 P 20260812 -1.00 -1.00 1 1 1.1112 -0.1087 0.001032
692.50 P 20260812 -1.00 -1.00 32 0 1.1095 -0.1115 0.001053
695.00 P 20260812 -1.00 -1.00 2 0 1.0999 -0.1135 0.001074
697.50 P 20260812 -1.00 -1.00 -1 0 1.0988 -0.1172 0.001097
700.00 P 20260812 -1.00 -1.00 31 114 1.0977 -0.1209 0.001119
702.50 P 20260812 -1.00 -1.00 2 0 1.0914 -0.1236 0.001141
705.00 P 20260812 -1.00 -1.00 17 1 1.0851 -0.1263 0.001164
707.50 P 20260812 -1.00 -1.00 24 0 1.0802 -0.1293 0.001187
710.00 P 20260812 -1.00 -1.00 31 3 1.0772 -0.1327 0.001210
712.50 P 20260812 -1.00 -1.00 38 0 1.0742 -0.1362 0.001234
715.00 P 20260812 -1.00 -1.00 56 39 1.0718 -0.1397 0.001258
717.50 P 20260812 -1.00 -1.00 63 0 1.0688 -0.1432 0.001282
720.00 P 20260812 -1.00 -1.00 26 12 1.0690 -0.1473 0.001306
722.50 P 20260812 -1.00 -1.00 4 0 1.0673 -0.1510 0.001330
725.00 P 20260812 -1.00 -1.00 2 1 1.0612 -0.1539 0.001355
727.50 P 20260812 -1.00 -1.00 -1 0 1.0684 -0.1593 0.001378
730.00 P 20260812 -1.00 -1.00 5 2 1.0635 -0.1625 0.001404
732.50 P 20260812 -1.00 -1.00 -1 0 1.0631 -0.1665 0.001428
735.00 P 20260812 -1.00 -1.00 11 1 1.0595 -0.1700 0.001453
737.50 P 20260812 -1.00 -1.00 -1 0 1.0629 -0.1746 0.001476
740.00 P 20260812 -1.00 -1.00 1 1 1.0631 -0.1787 0.001501
742.50 P 20260812 -1.00 -1.00 2 0 1.0602 -0.1823 0.001526
745.00 P 20260812 -1.00 -1.00 16 2 1.0616 -0.1866 0.001550
747.50 P 20260812 -1.00 -1.00 30 0 1.0606 -0.1905 0.001575
750.00 P 20260812 -1.00 -1.00 165 23 1.0620 -0.1948 0.001598
755.00 P 20260812 -1.00 -1.00 56 15 1.0557 -0.2031 0.001648
760.00 P 20260812 -1.00 -1.00 22 18 1.0496 -0.2123 0.001693
765.00 P 20260812 -1.00 -1.00 13 1 1.0435 -0.2217 0.001739
770.00 P 20260812 -1.00 -1.00 7 5 1.0365 -0.2310 0.001788
775.00 P 20260812 -1.00 -1.00 6 5 1.0337 -0.2411 0.001832
780.00 P 20260812 -1.00 -1.00 4 13 1.0315 -0.2513 0.001876
785.00 P 20260812 -1.00 -1.00 31 4 1.0273 -0.2613 0.001923
790.00 P 20260812 -1.00 -1.00 19 12 1.0269 -0.2718 0.001965
795.00 P 20260812 -1.00 -1.00 -1 0 1.0266 -0.2824 0.002008
800.00 P 20260812 -1.00 -1.00 65 7 1.0284 -0.2933 0.002047
805.00 P 20260812 -1.00 -1.00 6 3 1.0267 -0.3037 0.002091
810.00 P 20260812 -1.00 -1.00 3 43 1.0344 -0.3151 0.002121
815.00 P 20260812 -1.00 -1.00 4 66 1.0285 -0.3259 0.002158
820.00 P 20260812 -1.00 -1.00 3 6 1.0195 -0.3369 0.002196
825.00 P 20260812 -1.00 -1.00 2 2 1.0220 -0.3489 0.002212
830.00 P 20260812 -1.00 -1.00 12 13 1.0170 -0.3604 0.002242
835.00 P 20260812 -1.00 -1.00 2 1 1.0121 -0.3720 0.002274
840.00 P 20260812 -1.00 -1.00 12 2 1.0095 -0.3838 0.002300
845.00 P 20260812 -1.00 -1.00 2 1 1.0081 -0.3958 0.002324
850.00 P 20260812 -1.00 -1.00 11 4 1.0048 -0.4077 0.002353
855.00 P 20260812 -1.00 -1.00 102 0 1.0088 -0.4197 0.002365
860.00 P 20260812 -1.00 -1.00 15 0 1.0109 -0.4316 0.002381
865.00 P 20260812 -1.00 -1.00 2 0 1.0133 -0.4435 0.002396
870.00 P 20260812 -1.00 -1.00 -1 0 1.0172 -0.4554 0.002408
875.00 P 20260812 -1.00 -1.00 18 0 1.0131 -0.4672 0.002421
880.00 P 20260812 -1.00 -1.00 10 11 1.0096 -0.4789 0.002424
885.00 P 20260812 -1.00 -1.00 3 1 1.0022 -0.4910 0.002436
890.00 P 20260812 -1.00 -1.00 2 0 0.9987 -0.5029 0.002438
895.00 P 20260812 -1.00 -1.00 1 1 0.9967 -0.5148 0.002437
900.00 P 20260812 -1.00 -1.00 5 4 1.0008 -0.5261 0.002421
905.00 P 20260812 -1.00 -1.00 -1 0 0.9905 -0.5390 0.002440
910.00 P 20260812 -1.00 -1.00 6 2 0.9916 -0.5506 0.002431
915.00 P 20260812 -1.00 -1.00 2 1 0.9926 -0.5623 0.002423
920.00 P 20260812 -1.00 -1.00 10 9 0.9947 -0.5737 0.002412
925.00 P 20260812 -1.00 -1.00 2 2 0.9972 -0.5851 0.002400
930.00 P 20260812 -1.00 -1.00 1 1 1.0011 -0.5962 0.002385
935.00 P 20260812 -1.00 -1.00 -1 0 1.0001 -0.6080 0.002379
940.00 P 20260812 -1.00 -1.00 1 2 0.9974 -0.6183 0.002357
945.00 P 20260812 -1.00 -1.00 5 0 0.9902 -0.6296 0.002343
950.00 P 20260812 -1.00 -1.00 -1 0 0.9846 -0.6407 0.002325
955.00 P 20260812 -1.00 -1.00 -1 0 0.9866 -0.6504 0.002293
960.00 P 20260812 -1.00 -1.00 2 0 0.9802 -0.6619 0.002275
965.00 P 20260812 -1.00 -1.00 -1 0 0.9817 -0.6716 0.002244
970.00 P 20260812 -1.00 -1.00 -1 0 0.9812 -0.6819 0.002216
975.00 P 20260812 -1.00 -1.00 1 0 0.9819 -0.6918 0.002187
980.00 P 20260812 -1.00 -1.00 -1 0 0.9826 -0.7017 0.002157
985.00 P 20260812 -1.00 -1.00 -1 0 0.9849 -0.7112 0.002126
990.00 P 20260812 -1.00 -1.00 1 1 0.9842 -0.7215 0.002098
995.00 P 20260812 -1.00 -1.00 1 1 0.9914 -0.7295 0.002061
1000.00 P 20260812 -1.00 -1.00 1 11 0.9950 -0.7385 0.002028
1005.00 P 20260812 -1.00 -1.00 -1 0 0.9880 -0.7481 0.001998
1010.00 P 20260812 -1.00 -1.00 -1 0 0.9873 -0.7557 0.001961
1015.00 P 20260812 -1.00 -1.00 -1 0 0.9820 -0.7646 0.001926
1020.00 P 20260812 -1.00 -1.00 -1 0 0.9814 -0.7722 0.001888
1025.00 P 20260812 -1.00 -1.00 -1 0 0.9792 -0.7804 0.001851
1030.00 P 20260812 -1.00 -1.00 -1 0 0.9738 -0.7895 0.001814
1035.00 P 20260812 -1.00 -1.00 -1 0 0.9764 -0.7963 0.001775
1040.00 P 20260812 -1.00 -1.00 1 0 0.9794 -0.8029 0.001735
1045.00 P 20260812 -1.00 -1.00 -1 0 0.9813 -0.8098 0.001696
1050.00 P 20260812 -1.00 -1.00 -1 0 0.9843 -0.8164 0.001658
1055.00 P 20260812 -1.00 -1.00 -1 0 0.9877 -0.8228 0.001620
1060.00 P 20260812 -1.00 -1.00 -1 0 0.9880 -0.8302 0.001582
1065.00 P 20260812 -1.00 -1.00 -1 0 0.9892 -0.8373 0.001544
1070.00 P 20260812 -1.00 -1.00 -1 0 1.0023 -0.8402 0.001509
1075.00 P 20260812 -1.00 -1.00 -1 0 0.9952 -0.8489 0.001471
1080.00 P 20260812 -1.00 -1.00 -1 0 0.9869 -0.8557 0.001433
1085.00 P 20260812 -1.00 -1.00 -1 0 0.9794 -0.8625 0.001395
1090.00 P 20260812 -1.00 -1.00 -1 0 0.9734 -0.8689 0.001355
1095.00 P 20260812 -1.00 -1.00 -1 0 0.9712 -0.8744 0.001317
1100.00 P 20260812 -1.00 -1.00 -1 0 0.9759 -0.8781 0.001284
1105.00 P 20260812 -1.00 -1.00 -1 0 0.9791 -0.8821 0.001250
1110.00 P 20260812 -1.00 -1.00 -1 0 0.9738 -0.8885 0.001209
1115.00 P 20260812 -1.00 -1.00 -1 0 0.9730 -0.8937 0.001172
1120.00 P 20260812 -1.00 -1.00 -1 0 0.9868 -0.8945 0.001149
1125.00 P 20260812 -1.00 -1.00 -1 0 0.9768 -0.9024 0.001103
1130.00 P 20260812 -1.00 -1.00 -1 0 0.9927 -0.9024 0.001085
1135.00 P 20260812 -1.00 -1.00 -1 0 0.9663 -0.9157 0.001017
1140.00 P 20260812 -1.00 -1.00 -1 0 0.9822 -0.9155 0.001001
1145.00 P 20260812 -1.00 -1.00 -1 0 0.9792 -0.9211 0.000961
1150.00 P 20260812 -1.00 -1.00 -1 0 0.9938 -0.9210 0.000947
1155.00 P 20260812 -1.00 -1.00 -1 0 0.9732 -0.9278 0.000903
1160.00 P 20260812 -1.00 -1.00 -1 0 0.9644 -0.9324 0.000866
1165.00 P 20260812 -1.00 -1.00 -1 0 0.9866 -0.9306 0.000863
1170.00 P 20260812 -1.00 -1.00 -1 0 0.9842 -0.9339 0.000834
1175.00 P 20260812 -1.00 -1.00 -1 0 0.9805 -0.9374 0.000804
1180.00 P 20260812 -1.00 -1.00 -1 0 0.9700 -0.9425 0.000765
1185.00 P 20260812 -1.00 -1.00 -1 0 0.9949 -0.9399 0.000769
1190.00 P 20260812 -1.00 -1.00 -1 0 0.9515 -0.9524 0.000683
1195.00 P 20260812 -1.00 -1.00 -1 0 0.9553 -0.9544 0.000661
1200.00 P 20260812 -1.00 -1.00 -1 0 0.9895 -0.9493 0.000685
1205.00 P 20260812 -1.00 -1.00 -1 0 0.9446 -0.9628 0.000585
1210.00 P 20260812 -1.00 -1.00 -1 0 0.9605 -0.9617 0.000584
1215.00 P 20260812 -1.00 -1.00 -1 0 0.9857 -0.9584 0.000601
1220.00 P 20260812 -1.00 -1.00 -1 0 0.9739 -0.9641 0.000554
525.00 C 20260814 -1.00 -1.00 5 5 1.3976 0.9743 0.000241
527.50 C 20260814 -1.00 -1.00 -1 0 1.3911 0.9737 0.000247
530.00 C 20260814 -1.00 -1.00 1 2 1.3971 0.9719 0.000260
532.50 C 20260814 -1.00 -1.00 -1 0 1.3816 0.9720 0.000262
535.00 C 20260814 -1.00 -1.00 1 0 1.3697 0.9718 0.000265
537.50 C 20260814 -1.00 -1.00 -1 0 1.3847 0.9691 0.000282
540.00 C 20260814 -1.00 -1.00 5 5 1.3640 0.9697 0.000282
542.50 C 20260814 -1.00 -1.00 -1 0 1.3611 0.9687 0.000291
545.00 C 20260814 -1.00 -1.00 25 0 1.3406 0.9693 0.000291
547.50 C 20260814 -1.00 -1.00 -1 0 1.3484 0.9672 0.000305
550.00 C 20260814 -1.00 -1.00 1 2 1.3315 0.9675 0.000306
552.50 C 20260814 -1.00 -1.00 -1 0 1.3287 0.9664 0.000315
555.00 C 20260814 -1.00 -1.00 1 1 1.3190 0.9660 0.000321
557.50 C 20260814 -1.00 -1.00 -1 0 1.3408 0.9627 0.000341
560.00 C 20260814 -1.00 -1.00 1 1 1.3153 0.9637 0.000340
562.50 C 20260814 -1.00 -1.00 -1 0 1.3144 0.9624 0.000350
565.00 C 20260814 -1.00 -1.00 5 5 1.3204 0.9606 0.000363
567.50 C 20260814 -1.00 -1.00 -1 0 1.3090 0.9603 0.000369
570.00 C 20260814 -1.00 -1.00 32 14 1.3254 0.9574 0.000386
572.50 C 20260814 -1.00 -1.00 -1 0 1.2899 0.9593 0.000382
575.00 C 20260814 -1.00 -1.00 7 12 1.2942 0.9576 0.000394
577.50 C 20260814 -1.00 -1.00 -1 0 1.2813 0.9574 0.000400
580.00 C 20260814 -1.00 -1.00 -1 0 1.3113 0.9534 0.000422
582.50 C 20260814 -1.00 -1.00 -1 0 1.2813 0.9547 0.000422
585.00 C 20260814 -1.00 -1.00 1 11 1.2771 0.9537 0.000431
587.50 C 20260814 -1.00 -1.00 -1 0 1.2813 0.9519 0.000443
590.00 C 20260814 -1.00 -1.00 1 1 1.1937 0.9589 0.000416
592.50 C 20260814 -1.00 -1.00 -1 0 1.1880 0.9581 0.000425
595.00 C 20260814 -1.00 -1.00 1 1 1.2314 0.9524 0.000458
597.50 C 20260814 -1.00 -1.00 -1 0 1.1884 0.9551 0.000450
600.00 C 20260814 -1.00 -1.00 3 10 1.1861 0.9539 0.000461
602.50 C 20260814 -1.00 -1.00 -1 0 1.1838 0.9527 0.000473
605.00 C 20260814 -1.00 -1.00 3 0 1.2235 0.9475 0.000502
607.50 C 20260814 -1.00 -1.00 -1 0 1.1843 0.9497 0.000498
610.00 C 20260814 -1.00 -1.00 1 5 1.1837 0.9483 0.000511
612.50 C 20260814 -1.00 -1.00 -1 0 1.1851 0.9466 0.000524
615.00 C 20260814 -1.00 -1.00 -1 0 1.1867 0.9440 0.000542
617.50 C 20260814 -1.00 -1.00 -1 0 1.1912 0.9409 0.000561
620.00 C 20260814 -1.00 -1.00 1 6 1.1688 0.9421 0.000563
622.50 C 20260814 -1.00 -1.00 -1 0 1.1800 0.9378 0.000587
625.00 C 20260814 -1.00 -1.00 6 6 1.1596 0.9387 0.000592
627.50 C 20260814 -1.00 -1.00 -1 0 1.1556 0.9369 0.000606
630.00 C 20260814 -1.00 -1.00 4 2 1.1505 0.9353 0.000620
632.50 C 20260814 -1.00 -1.00 -1 0 1.1474 0.9333 0.000636
635.00 C 20260814 -1.00 -1.00 10 10 1.1567 0.9294 0.000658
637.50 C 20260814 -1.00 -1.00 -1 0 1.1403 0.9295 0.000667
640.00 C 20260814 -1.00 -1.00 46 22 1.1373 0.9275 0.000683
642.50 C 20260814 -1.00 -1.00 -1 0 1.1342 0.9255 0.000699
645.00 C 20260814 -1.00 -1.00 -1 0 1.1303 0.9237 0.000715
647.50 C 20260814 -1.00 -1.00 -1 0 1.1282 0.9215 0.000732
650.00 C 20260814 -1.00 -1.00 2 19 1.1261 0.9193 0.000749
652.50 C 20260814 -1.00 -1.00 -1 0 1.1437 0.9141 0.000774
655.00 C 20260814 -1.00 -1.00 5 6 1.1407 0.9121 0.000791
657.50 C 20260814 -1.00 -1.00 -1 0 1.1190 0.9128 0.000800
660.00 C 20260814 -1.00 -1.00 2 11 1.1393 0.9073 0.000825
662.50 C 20260814 -1.00 -1.00 -1 0 1.1344 0.9056 0.000842
665.00 C 20260814 -1.00 -1.00 5 5 1.1324 0.9033 0.000859
667.50 C 20260814 -1.00 -1.00 -1 0 1.1156 0.9033 0.000872
670.00 C 20260814 -1.00 -1.00 1 11 1.1375 0.8977 0.000896
672.50 C 20260814 -1.00 -1.00 -1 0 1.1373 0.8952 0.000913
675.00 C 20260814 -1.00 -1.00 -1 0 1.1150 0.8957 0.000927
677.50 C 20260814 -1.00 -1.00 -1 0 1.1167 0.8930 0.000946
680.00 C 20260814 -1.00 -1.00 32 18 1.1188 0.8896 0.000965
682.50 C 20260814 -1.00 -1.00 -1 0 1.1102 0.8877 0.000983
685.00 C 20260814 -1.00 -1.00 1 1 1.1344 0.8793 0.001006
687.50 C 20260814 -1.00 -1.00 -1 0 1.1136 0.8797 0.001023
690.00 C 20260814 -1.00 -1.00 1 1 1.0990 0.8789 0.001041
692.50 C 20260814 -1.00 -1.00 -1 0 1.1044 0.8742 0.001062
695.00 C 20260814 -1.00 -1.00 1 2 1.1188 0.8678 0.001082
697.50 C 20260814 -1.00 -1.00 -1 0 1.0868 0.8702 0.001101
700.00 C 20260814 -1.00 -1.00 4 28 1.1119 0.8617 0.001121
702.50 C 20260814 -1.00 -1.00 2 0 1.0813 0.8637 0.001142
705.00 C 20260814 -1.00 -1.00 14 14 1.1057 0.8555 0.001161
707.50 C 20260814 -1.00 -1.00 -1 0 1.0878 0.8550 0.001183
710.00 C 20260814 -1.00 -1.00 3 3 1.1020 0.8488 0.001201
712.50 C 20260814 -1.00 -1.00 -1 0 1.0829 0.8484 0.001225
715.00 C 20260814 -1.00 -1.00 1 1 1.0710 0.8468 0.001247
717.50 C 20260814 -1.00 -1.00 -1 0 1.0710 0.8430 0.001268
720.00 C 20260814 -1.00 -1.00 4 9 1.0686 0.8396 0.001290
722.50 C 20260814 -1.00 -1.00 -1 0 1.0774 0.8343 0.001309
725.00 C 20260814 -1.00 -1.00 1 16 1.0673 0.8322 0.001333
727.50 C 20260814 -1.00 -1.00 -1 0 1.0667 0.8285 0.001354
730.00 C 20260814 -1.00 -1.00 6 9 1.0908 0.8210 0.001366
732.50 C 20260814 -1.00 -1.00 -1 0 1.0767 0.8194 0.001392
735.00 C 20260814 -1.00 -1.00 15 20 1.0901 0.8136 0.001407
737.50 C 20260814 -1.00 -1.00 -1 0 1.0684 0.8131 0.001438
740.00 C 20260814 -1.00 -1.00 8 37 1.0940 0.8056 0.001445
742.50 C 20260814 -1.00 -1.00 -1 0 1.0701 0.8053 0.001479
745.00 C 20260814 -1.00 -1.00 5 3 1.0858 0.7979 0.001485
747.50 C 20260814 -1.00 -1.00 -1 0 1.0708 0.7959 0.001514
750.00 C 20260814 -1.00 -1.00 8 16 1.0787 0.7897 0.001524
755.00 C 20260814 -1.00 -1.00 4 3 1.0717 0.7814 0.001564
760.00 C 20260814 -1.00 -1.00 2 9 1.0528 0.7749 0.001616
765.00 C 20260814 -1.00 -1.00 2 18 1.0542 0.7650 0.001650
767.50 C 20260814 -1.00 -1.00 -1 0 1.0529 0.7604 0.001669
770.00 C 20260814 -1.00 -1.00 12 28 1.0586 0.7547 0.001680
772.50 C 20260814 -1.00 -1.00 -1 0 1.0495 0.7512 0.001708
775.00 C 20260814 -1.00 -1.00 11 19 1.0548 0.7456 0.001720
777.50 C 20260814 -1.00 -1.00 1 0 1.0474 0.7417 0.001746
780.00 C 20260814 -1.00 -1.00 21 72 1.0510 0.7364 0.001759
782.50 C 20260814 -1.00 -1.00 -1 0 1.0519 0.7314 0.001776
785.00 C 20260814 -1.00 -1.00 19 66 1.0450 0.7274 0.001802
787.50 C 20260814 -1.00 -1.00 -1 0 1.0515 0.7218 0.001812
790.00 C 20260814 -1.00 -1.00 56 36 1.0369 0.7186 0.001849
792.50 C 20260814 -1.00 -1.00 1 0 1.0516 0.7121 0.001847
795.00 C 20260814 -1.00 -1.00 38 17 1.0495 0.7074 0.001867
800.00 C 20260814 -1.00 -1.00 145 513 1.0368 0.6989 0.001921
805.00 C 20260814 -1.00 -1.00 17 102 1.0544 0.6876 0.001931
810.00 C 20260814 -1.00 -1.00 64 29 1.0467 0.6778 0.001965
815.00 C 20260814 -1.00 -1.00 120 42 1.0294 0.6684 0.002014
820.00 C 20260814 -1.00 -1.00 50 76 1.0285 0.6576 0.002033
825.00 C 20260814 -1.00 -1.00 87 229 1.0305 0.6465 0.002047
830.00 C 20260814 -1.00 -1.00 49 48 1.0277 0.6357 0.002071
835.00 C 20260814 -1.00 -1.00 129 101 1.0235 0.6250 0.002097
840.00 C 20260814 -1.00 -1.00 106 71 1.0230 0.6140 0.002116
845.00 C 20260814 -1.00 -1.00 105 49 1.0235 0.6030 0.002133
850.00 C 20260814 -1.00 -1.00 272 72 1.0165 0.5921 0.002166
855.00 C 20260814 -1.00 -1.00 32 53 1.0235 0.5811 0.002169
860.00 C 20260814 -1.00 -1.00 262 111 1.0226 0.5701 0.002189
865.00 C 20260814 -1.00 -1.00 46 58 1.0307 0.5593 0.002190
870.00 C 20260814 -1.00 -1.00 135 219 1.0230 0.5481 0.002225
875.00 C 20260814 -1.00 -1.00 71 137 1.0282 0.5376 0.002217
880.00 C 20260814 -1.00 -1.00 156 64 1.0142 0.5263 0.002243
885.00 C 20260814 -1.00 -1.00 134 78 1.0156 0.5157 0.002236
890.00 C 20260814 -1.00 -1.00 30 72 1.0092 0.5045 0.002245
895.00 C 20260814 -1.00 -1.00 30 68 1.0113 0.4939 0.002236
900.00 C 20260814 -1.00 -1.00 451 623 1.0018 0.4823 0.002252
905.00 C 20260814 -1.00 -1.00 38 113 0.9990 0.4711 0.002253
910.00 C 20260814 -1.00 -1.00 81 110 0.9983 0.4602 0.002250
915.00 C 20260814 -1.00 -1.00 40 79 0.9986 0.4494 0.002244
920.00 C 20260814 -1.00 -1.00 290 163 0.9993 0.4386 0.002238
925.00 C 20260814 -1.00 -1.00 44 138 1.0007 0.4279 0.002230
930.00 C 20260814 -1.00 -1.00 169 1084 1.0038 0.4176 0.002219
935.00 C 20260814 -1.00 -1.00 40 101 1.0062 0.4072 0.002209
940.00 C 20260814 -1.00 -1.00 54 102 1.0107 0.3973 0.002195
945.00 C 20260814 -1.00 -1.00 4 32 1.0054 0.3873 0.002182
950.00 C 20260814 -1.00 -1.00 273 373 1.0015 0.3774 0.002165
955.00 C 20260814 -1.00 -1.00 20 68 0.9976 0.3675 0.002148
957.50 C 20260814 -1.00 -1.00 27 14 0.9960 0.3626 0.002139
960.00 C 20260814 -1.00 -1.00 97 95 0.9945 0.3577 0.002130
962.50 C 20260814 -1.00 -1.00 47 3 0.9937 0.3529 0.002119
965.00 C 20260814 -1.00 -1.00 49 97 0.9922 0.3479 0.002109
970.00 C 20260814 -1.00 -1.00 65 118 0.9907 0.3383 0.002088
975.00 C 20260814 -1.00 -1.00 82 91 0.9899 0.3289 0.002065
980.00 C 20260814 -1.00 -1.00 81 180 0.9903 0.3197 0.002040
985.00 C 20260814 -1.00 -1.00 51 137 0.9907 0.3106 0.002016
990.00 C 20260814 -1.00 -1.00 77 106 0.9923 0.3017 0.001990
995.00 C 20260814 -1.00 -1.00 200 54 0.9938 0.2929 0.001964
1000.00 C 20260814 -1.00 -1.00 770 981 0.9969 0.2845 0.001936
1005.00 C 20260814 -1.00 -1.00 11 78 0.9995 0.2761 0.001909
1010.00 C 20260814 -1.00 -1.00 29 100 1.0033 0.2681 0.001882
1015.00 C 20260814 -1.00 -1.00 25 84 1.0033 0.2601 0.001855
1020.00 C 20260814 -1.00 -1.00 331 113 0.9986 0.2522 0.001826
1025.00 C 20260814 -1.00 -1.00 11 39 0.9958 0.2447 0.001796
1030.00 C 20260814 -1.00 -1.00 33 69 0.9940 0.2374 0.001765
1035.00 C 20260814 -1.00 -1.00 18 39 0.9922 0.2301 0.001734
1040.00 C 20260814 -1.00 -1.00 20 46 0.9900 0.2226 0.001702
1045.00 C 20260814 -1.00 -1.00 30 38 0.9901 0.2158 0.001670
1050.00 C 20260814 -1.00 -1.00 251 1206 0.9893 0.2087 0.001638
1055.00 C 20260814 -1.00 -1.00 66 1037 0.9900 0.2021 0.001605
1060.00 C 20260814 -1.00 -1.00 18 63 0.9911 0.1956 0.001572
1065.00 C 20260814 -1.00 -1.00 30 43 0.9927 0.1893 0.001540
1070.00 C 20260814 -1.00 -1.00 22 116 0.9943 0.1829 0.001508
1075.00 C 20260814 -1.00 -1.00 43 116 0.9969 0.1770 0.001476
1080.00 C 20260814 -1.00 -1.00 20 101 0.9999 0.1712 0.001444
1085.00 C 20260814 -1.00 -1.00 7 127 1.0038 0.1658 0.001413
1090.00 C 20260814 -1.00 -1.00 7 41 1.0082 0.1606 0.001383
1095.00 C 20260814 -1.00 -1.00 6 161 1.0090 0.1552 0.001353
1100.00 C 20260814 -1.00 -1.00 186 661 1.0053 0.1500 0.001323
1105.00 C 20260814 -1.00 -1.00 16 150 1.0031 0.1451 0.001293
1110.00 C 20260814 -1.00 -1.00 15 72 1.0009 0.1402 0.001262
1115.00 C 20260814 -1.00 -1.00 9 85 1.0001 0.1357 0.001232
1120.00 C 20260814 -1.00 -1.00 219 82 1.0000 0.1313 0.001203
1125.00 C 20260814 -1.00 -1.00 22 121 0.9992 0.1267 0.001172
1130.00 C 20260814 -1.00 -1.00 11 55 0.9992 0.1223 0.001143
1135.00 C 20260814 -1.00 -1.00 7 89 1.0005 0.1183 0.001114
1140.00 C 20260814 -1.00 -1.00 17 188 1.0024 0.1145 0.001086
1150.00 C 20260814 -1.00 -1.00 65 431 1.0057 0.1068 0.001030
1160.00 C 20260814 -1.00 -1.00 7 86 1.0103 0.0995 0.000976
1170.00 C 20260814 -1.00 -1.00 42 119 1.0170 0.0929 0.000926
1180.00 C 20260814 -1.00 -1.00 24 55 1.0256 0.0870 0.000879
1190.00 C 20260814 -1.00 -1.00 23 179 1.0278 0.0812 0.000834
1200.00 C 20260814 -1.00 -1.00 285 679 1.0231 0.0756 0.000789
1210.00 C 20260814 -1.00 -1.00 4 143 1.0232 0.0709 0.000748
1220.00 C 20260814 -1.00 -1.00 7 193 1.0221 0.0659 0.000705
525.00 P 20260814 -1.00 -1.00 15 56 1.3088 -0.0195 0.000205
527.50 P 20260814 -1.00 -1.00 -1 0 1.3071 -0.0201 0.000211
530.00 P 20260814 -1.00 -1.00 1 108 1.3054 -0.0208 0.000217
532.50 P 20260814 -1.00 -1.00 -1 0 1.3037 -0.0214 0.000223
535.00 P 20260814 -1.00 -1.00 11 22 1.3041 -0.0221 0.000230
537.50 P 20260814 -1.00 -1.00 -1 0 1.2992 -0.0227 0.000236
540.00 P 20260814 -1.00 -1.00 5 72 1.2929 -0.0234 0.000243
542.50 P 20260814 -1.00 -1.00 -1 0 1.2862 -0.0240 0.000250
545.00 P 20260814 -1.00 -1.00 11 20 1.2799 -0.0248 0.000257
547.50 P 20260814 -1.00 -1.00 -1 0 1.2737 -0.0255 0.000264
550.00 P 20260814 -1.00 -1.00 255 391 1.2681 -0.0263 0.000271
552.50 P 20260814 -1.00 -1.00 -1 0 1.2623 -0.0270 0.000279
555.00 P 20260814 -1.00 -1.00 1 139 1.2565 -0.0278 0.000287
557.50 P 20260814 -1.00 -1.00 -1 0 1.2514 -0.0287 0.000295
560.00 P 20260814 -1.00 -1.00 49 122 1.2463 -0.0295 0.000303
562.50 P 20260814 -1.00 -1.00 -1 0 1.2426 -0.0305 0.000312
565.00 P 20260814 -1.00 -1.00 2 61 1.2362 -0.0313 0.000320
567.50 P 20260814 -1.00 -1.00 -1 0 1.2322 -0.0323 0.000329
570.00 P 20260814 -1.00 -1.00 19 100 1.2273 -0.0332 0.000338
572.50 P 20260814 -1.00 -1.00 -1 0 1.2233 -0.0342 0.000348
575.00 P 20260814 -1.00 -1.00 25 109 1.2194 -0.0352 0.000357
577.50 P 20260814 -1.00 -1.00 -1 0 1.2155 -0.0362 0.000367
580.00 P 20260814 -1.00 -1.00 16 218 1.2151 -0.0376 0.000379
582.50 P 20260814 -1.00 -1.00 -1 0 1.2078 -0.0382 0.000387
585.00 P 20260814 -1.00 -1.00 25 93 1.2074 -0.0396 0.000399
587.50 P 20260814 -1.00 -1.00 -1 0 1.2036 -0.0407 0.000409
590.00 P 20260814 -1.00 -1.00 24 146 1.2014 -0.0419 0.000420
592.50 P 20260814 -1.00 -1.00 3 0 1.1976 -0.0429 0.000430
595.00 P 20260814 -1.00 -1.00 12 197 1.1989 -0.0445 0.000443
597.50 P 20260814 -1.00 -1.00 25 0 1.1952 -0.0456 0.000454
600.00 P 20260814 -1.00 -1.00 101 1012 1.1948 -0.0470 0.000466
602.50 P 20260814 -1.00 -1.00 -1 0 1.1927 -0.0482 0.000477
605.00 P 20260814 -1.00 -1.00 10 73 1.1923 -0.0496 0.000490
607.50 P 20260814 -1.00 -1.00 -1 0 1.1920 -0.0510 0.000502
610.00 P 20260814 -1.00 -1.00 30 101 1.1916 -0.0524 0.000514
612.50 P 20260814 -1.00 -1.00 -1 0 1.1887 -0.0540 0.000527
615.00 P 20260814 -1.00 -1.00 10 114 1.1818 -0.0553 0.000539
617.50 P 20260814 -1.00 -1.00 -1 0 1.1788 -0.0572 0.000554
620.00 P 20260814 -1.00 -1.00 105 115 1.1728 -0.0586 0.000567
622.50 P 20260814 -1.00 -1.00 -1 0 1.1669 -0.0601 0.000580
625.00 P 20260814 -1.00 -1.00 9 103 1.1620 -0.0617 0.000594
627.50 P 20260814 -1.00 -1.00 505 0 1.1581 -0.0635 0.000608
630.00 P 20260814 -1.00 -1.00 27 122 1.1532 -0.0652 0.000623
632.50 P 20260814 -1.00 -1.00 -1 0 1.1493 -0.0670 0.000638
635.00 P 20260814 -1.00 -1.00 4 57 1.1454 -0.0689 0.000653
637.50 P 20260814 -1.00 -1.00 -1 0 1.1434 -0.0710 0.000669
640.00 P 20260814 -1.00 -1.00 633 213 1.1367 -0.0724 0.000683
642.50 P 20260814 -1.00 -1.00 -1 0 1.1357 -0.0748 0.000701
645.00 P 20260814 -1.00 -1.00 13 59 1.1319 -0.0766 0.000717
647.50 P 20260814 -1.00 -1.00 -1 0 1.1299 -0.0788 0.000734
650.00 P 20260814 -1.00 -1.00 562 450 1.1252 -0.0806 0.000749
652.50 P 20260814 -1.00 -1.00 1 0 1.1242 -0.0830 0.000767
655.00 P 20260814 -1.00 -1.00 16 59 1.1223 -0.0852 0.000784
657.50 P 20260814 -1.00 -1.00 1 0 1.1204 -0.0874 0.000802
660.00 P 20260814 -1.00 -1.00 83 128 1.1185 -0.0897 0.000819
662.50 P 20260814 -1.00 -1.00 7 0 1.1175 -0.0920 0.000837
665.00 P 20260814 -1.00 -1.00 14 95 1.1166 -0.0944 0.000855
667.50 P 20260814 -1.00 -1.00 47 0 1.1184 -0.0972 0.000874
670.00 P 20260814 -1.00 -1.00 24 98 1.1174 -0.0996 0.000892
672.50 P 20260814 -1.00 -1.00 14 0 1.1174 -0.1021 0.000910
675.00 P 20260814 -1.00 -1.00 12 121 1.1173 -0.1046 0.000929
677.50 P 20260814 -1.00 -1.00 -1 0 1.1164 -0.1070 0.000947
680.00 P 20260814 -1.00 -1.00 18 164 1.1161 -0.1100 0.000966
682.50 P 20260814 -1.00 -1.00 1 0 1.1112 -0.1126 0.000985
685.00 P 20260814 -1.00 -1.00 65 117 1.1070 -0.1154 0.001004
687.50 P 20260814 -1.00 -1.00 -1 0 1.1027 -0.1183 0.001023
690.00 P 20260814 -1.00 -1.00 35 209 1.0985 -0.1211 0.001042
692.50 P 20260814 -1.00 -1.00 -1 0 1.0937 -0.1239 0.001062
695.00 P 20260814 -1.00 -1.00 39 216 1.0913 -0.1271 0.001082
697.50 P 20260814 -1.00 -1.00 2 0 1.0883 -0.1303 0.001103
700.00 P 20260814 -1.00 -1.00 1624 1704 1.0853 -0.1334 0.001123
702.50 P 20260814 -1.00 -1.00 21 0 1.0824 -0.1366 0.001144
705.00 P 20260814 -1.00 -1.00 48 124 1.0794 -0.1398 0.001164
707.50 P 20260814 -1.00 -1.00 1 0 1.0759 -0.1429 0.001185
710.00 P 20260814 -1.00 -1.00 54 144 1.0748 -0.1465 0.001206
712.50 P 20260814 -1.00 -1.00 32 0 1.0731 -0.1500 0.001228
715.00 P 20260814 -1.00 -1.00 20 127 1.0719 -0.1535 0.001249
717.50 P 20260814 -1.00 -1.00 18 0 1.0696 -0.1569 0.001270
720.00 P 20260814 -1.00 -1.00 68 348 1.0685 -0.1605 0.001292
722.50 P 20260814 -1.00 -1.00 26 0 1.0674 -0.1641 0.001313
725.00 P 20260814 -1.00 -1.00 73 160 1.0681 -0.1680 0.001334
727.50 P 20260814 -1.00 -1.00 30 0 1.0675 -0.1717 0.001355
730.00 P 20260814 -1.00 -1.00 20 229 1.0676 -0.1755 0.001377
732.50 P 20260814 -1.00 -1.00 -1 0 1.0671 -0.1793 0.001398
735.00 P 20260814 -1.00 -1.00 38 123 1.0677 -0.1832 0.001419
737.50 P 20260814 -1.00 -1.00 17 0 1.0690 -0.1871 0.001439
740.00 P 20260814 -1.00 -1.00 53 239 1.0696 -0.1910 0.001460
742.50 P 20260814 -1.00 -1.00 16 0 1.0707 -0.1950 0.001481
745.00 P 20260814 -1.00 -1.00 59 230 1.0676 -0.1990 0.001502
747.50 P 20260814 -1.00 -1.00 89 0 1.0641 -0.2032 0.001522
750.00 P 20260814 -1.00 -1.00 272 756 1.0606 -0.2074 0.001542
755.00 P 20260814 -1.00 -1.00 89 184 1.0538 -0.2158 0.001583
760.00 P 20260814 -1.00 -1.00 60 193 1.0474 -0.2245 0.001624
765.00 P 20260814 -1.00 -1.00 30 91 1.0432 -0.2336 0.001664
767.50 P 20260814 -1.00 -1.00 9 0 1.0412 -0.2381 0.001684
770.00 P 20260814 -1.00 -1.00 30 377 1.0396 -0.2428 0.001704
772.50 P 20260814 -1.00 -1.00 1 0 1.0379 -0.2475 0.001723
775.00 P 20260814 -1.00 -1.00 33 195 1.0363 -0.2521 0.001743
777.50 P 20260814 -1.00 -1.00 6 0 1.0356 -0.2570 0.001762
780.00 P 20260814 -1.00 -1.00 56 309 1.0340 -0.2617 0.001783
782.50 P 20260814 -1.00 -1.00 -1 0 1.0341 -0.2666 0.001801
785.00 P 20260814 -1.00 -1.00 54 146 1.0338 -0.2715 0.001819
787.50 P 20260814 -1.00 -1.00 -1 0 1.0335 -0.2764 0.001838
790.00 P 20260814 -1.00 -1.00 62 701 1.0337 -0.2814 0.001856
792.50 P 20260814 -1.00 -1.00 2 0 1.0338 -0.2863 0.001874
795.00 P 20260814 -1.00 -1.00 17 192 1.0338 -0.2915 0.001893
800.00 P 20260814 -1.00 -1.00 243 1904 1.0358 -0.3015 0.001927
805.00 P 20260814 -1.00 -1.00 26 214 1.0381 -0.3116 0.001960
810.00 P 20260814 -1.00 -1.00 77 344 1.0343 -0.3218 0.001991
815.00 P 20260814 -1.00 -1.00 59 129 1.0283 -0.3322 0.002020
820.00 P 20260814 -1.00 -1.00 32 385 1.0230 -0.3428 0.002048
825.00 P 20260814 -1.00 -1.00 26 310 1.0185 -0.3535 0.002075
830.00 P 20260814 -1.00 -1.00 46 403 1.0148 -0.3643 0.002100
835.00 P 20260814 -1.00 -1.00 48 147 1.0122 -0.3753 0.002124
840.00 P 20260814 -1.00 -1.00 81 109 1.0107 -0.3864 0.002146
845.00 P 20260814 -1.00 -1.00 80 114 1.0092 -0.3975 0.002168
850.00 P 20260814 -1.00 -1.00 432 767 1.0099 -0.4086 0.002185
855.00 P 20260814 -1.00 -1.00 105 218 1.0106 -0.4198 0.002202
860.00 P 20260814 -1.00 -1.00 69 456 1.0120 -0.4309 0.002218
865.00 P 20260814 -1.00 -1.00 28 81 1.0148 -0.4420 0.002230
870.00 P 20260814 -1.00 -1.00 73 1179 1.0178 -0.4530 0.002242
875.00 P 20260814 -1.00 -1.00 36 94 1.0150 -0.4640 0.002251
880.00 P 20260814 -1.00 -1.00 24 98 1.0094 -0.4750 0.002259
885.00 P 20260814 -1.00 -1.00 13 82 1.0052 -0.4861 0.002264
890.00 P 20260814 -1.00 -1.00 15 271 1.0010 -0.4972 0.002269
895.00 P 20260814 -1.00 -1.00 6 241 0.9979 -0.5083 0.002271
900.00 P 20260814 -1.00 -1.00 45 348 0.9963 -0.5194 0.002270
905.00 P 20260814 -1.00 -1.00 11 50 0.9915 -0.5308 0.002276
910.00 P 20260814 -1.00 -1.00 3 373 0.9940 -0.5415 0.002266
915.00 P 20260814 -1.00 -1.00 1 26 0.9945 -0.5524 0.002260
920.00 P 20260814 -1.00 -1.00 17 210 0.9977 -0.5628 0.002248
925.00 P 20260814 -1.00 -1.00 6 89 0.9912 -0.5748 0.002258
930.00 P 20260814 -1.00 -1.00 5 155 0.9974 -0.5847 0.002240
935.00 P 20260814 -1.00 -1.00 22 1074 1.0033 -0.5946 0.002223
940.00 P 20260814 -1.00 -1.00 2 163 1.0028 -0.6054 0.002216
945.00 P 20260814 -1.00 -1.00 9 106 1.0045 -0.6143 0.002190
950.00 P 20260814 -1.00 -1.00 16 190 0.9878 -0.6266 0.002196
955.00 P 20260814 -1.00 -1.00 1 41 0.9844 -0.6366 0.002178
957.50 P 20260814 -1.00 -1.00 1 1 0.9829 -0.6415 0.002168
960.00 P 20260814 -1.00 -1.00 5 47 0.9803 -0.6468 0.002160
962.50 P 20260814 -1.00 -1.00 -1 0 0.9877 -0.6499 0.002136
965.00 P 20260814 -1.00 -1.00 3 61 0.9858 -0.6550 0.002127
970.00 P 20260814 -1.00 -1.00 1 121 0.9913 -0.6630 0.002094
975.00 P 20260814 -1.00 -1.00 4 254 0.9918 -0.6722 0.002070
980.00 P 20260814 -1.00 -1.00 2 359 0.9811 -0.6842 0.002061
985.00 P 20260814 -1.00 -1.00 9 229 0.9816 -0.6935 0.002036
990.00 P 20260814 -1.00 -1.00 8 145 0.9893 -0.7007 0.002002
995.00 P 20260814 -1.00 -1.00 1 26 0.9947 -0.7086 0.001971
1000.00 P 20260814 -1.00 -1.00 25 310 0.9875 -0.7200 0.001957
1005.00 P 20260814 -1.00 -1.00 2 16 1.0008 -0.7253 0.001917
1010.00 P 20260814 -1.00 -1.00 6 17 0.9889 -0.7382 0.001906
1015.00 P 20260814 -1.00 -1.00 1 45 0.9974 -0.7432 0.001867
1020.00 P 20260814 -1.00 -1.00 26 23 0.9810 -0.7542 0.001847
1025.00 P 20260814 -1.00 -1.00 3 8 0.9974 -0.7568 0.001804
1030.00 P 20260814 -1.00 -1.00 5 15 0.9903 -0.7655 0.001776
1035.00 P 20260814 -1.00 -1.00 1 12 0.9930 -0.7717 0.001743
1040.00 P 20260814 -1.00 -1.00 3 68 0.9713 -0.7848 0.001719
1045.00 P 20260814 -1.00 -1.00 3 7 0.9910 -0.7860 0.001679
1050.00 P 20260814 -1.00 -1.00 4 60 0.9767 -0.7972 0.001651
1055.00 P 20260814 -1.00 -1.00 2 35 0.9716 -0.8059 0.001619
1060.00 P 20260814 -1.00 -1.00 2 19 0.9723 -0.8127 0.001585
1065.00 P 20260814 -1.00 -1.00 1 7 0.9855 -0.8154 0.001551
1070.00 P 20260814 -1.00 -1.00 2 106 0.9755 -0.8257 0.001518
1075.00 P 20260814 -1.00 -1.00 1 9 0.9833 -0.8301 0.001486
1080.00 P 20260814 -1.00 -1.00 2 25 0.9915 -0.8341 0.001454
1085.00 P 20260814 -1.00 -1.00 1 55 0.9904 -0.8415 0.001422
1090.00 P 20260814 -1.00 -1.00 5 25 1.0091 -0.8417 0.001394
1095.00 P 20260814 -1.00 -1.00 1 31 0.9834 -0.8535 0.001358
1100.00 P 20260814 -1.00 -1.00 1 60 0.9764 -0.8598 0.001324
1105.00 P 20260814 -1.00 -1.00 2 12 0.9728 -0.8653 0.001292
1110.00 P 20260814 -1.00 -1.00 5 15 0.9721 -0.8700 0.001260
1115.00 P 20260814 -1.00 -1.00 1 7 1.0011 -0.8667 0.001245
1120.00 P 20260814 -1.00 -1.00 30 38 0.9692 -0.8800 0.001195
1125.00 P 20260814 -1.00 -1.00 7 10 0.9783 -0.8819 0.001170
1130.00 P 20260814 -1.00 -1.00 1 24 0.9684 -0.8894 0.001131
1135.00 P 20260814 -1.00 -1.00 1 8 0.9689 -0.8938 0.001100
1140.00 P 20260814 -1.00 -1.00 1 8 0.9702 -0.8980 0.001070
1150.00 P 20260814 -1.00 -1.00 1 6 0.9824 -0.9034 0.001020
1160.00 P 20260814 -1.00 -1.00 3 7 0.9788 -0.9136 0.000955
1170.00 P 20260814 -1.00 -1.00 2 2 0.9802 -0.9212 0.000897
1180.00 P 20260814 -1.00 -1.00 2 2 0.9816 -0.9260 0.000854
1190.00 P 20260814 -1.00 -1.00 6 18 0.9770 -0.9321 0.000804
1200.00 P 20260814 -1.00 -1.00 1 9 0.9660 -0.9397 0.000747
1210.00 P 20260814 -1.00 -1.00 2 3 1.0008 -0.9372 0.000740
1220.00 P 20260814 -1.00 -1.00 5 5 1.0029 -0.9417 0.000700
530.00 C 20260821 -1.00 -1.00 2 500 1.2625 0.9615 0.000308
540.00 C 20260821 -1.00 -1.00 1 453 1.2545 0.9575 0.000338
550.00 C 20260821 -1.00 -1.00 2 655 1.2187 0.9559 0.000359
560.00 C 20260821 -1.00 -1.00 2 300 1.2141 0.9514 0.000392
570.00 C 20260821 -1.00 -1.00 1 309 1.1521 0.9521 0.000408
580.00 C 20260821 -1.00 -1.00 4 290 1.1754 0.9419 0.000463
590.00 C 20260821 -1.00 -1.00 1 251 1.1570 0.9364 0.000503
600.00 C 20260821 -1.00 -1.00 11 1837 1.1406 0.9305 0.000546
610.00 C 20260821 -1.00 -1.00 3 416 1.1277 0.9240 0.000592
620.00 C 20260821 -1.00 -1.00 16 457 1.1174 0.9169 0.000640
630.00 C 20260821 -1.00 -1.00 2 283 1.1104 0.9093 0.000691
640.00 C 20260821 -1.00 -1.00 12 607 1.1067 0.9012 0.000743
650.00 C 20260821 -1.00 -1.00 18 839 1.1003 0.8924 0.000796
660.00 C 20260821 -1.00 -1.00 2 231 1.0745 0.8849 0.000851
670.00 C 20260821 -1.00 -1.00 1 276 1.0582 0.8752 0.000911
680.00 C 20260821 -1.00 -1.00 4 225 1.0533 0.8632 0.000972
690.00 C 20260821 -1.00 -1.00 6 306 1.0500 0.8509 0.001034
700.00 C 20260821 -1.00 -1.00 63 1053 1.0278 0.8416 0.001102
710.00 C 20260821 -1.00 -1.00 6 741 1.0401 0.8264 0.001162
720.00 C 20260821 -1.00 -1.00 21 337 1.0463 0.8125 0.001222
730.00 C 20260821 -1.00 -1.00 28 675 1.0327 0.7992 0.001285
740.00 C 20260821 -1.00 -1.00 55 420 1.0240 0.7841 0.001344
750.00 C 20260821 -1.00 -1.00 113 881 1.0044 0.7704 0.001415
760.00 C 20260821 -1.00 -1.00 23 381 0.9971 0.7545 0.001477
770.00 C 20260821 -1.00 -1.00 73 259 0.9921 0.7381 0.001538
780.00 C 20260821 -1.00 -1.00 68 503 0.9933 0.7209 0.001593
790.00 C 20260821 -1.00 -1.00 213 178 0.9963 0.7035 0.001644
795.00 C 20260821 -1.00 -1.00 67 76 1.0113 0.6938 0.001652
800.00 C 20260821 -1.00 -1.00 769 2033 0.9971 0.6859 0.001690
805.00 C 20260821 -1.00 -1.00 72 34 0.9956 0.6767 0.001706
810.00 C 20260821 -1.00 -1.00 108 361 0.9858 0.6680 0.001737
815.00 C 20260821 -1.00 -1.00 43 47 0.9889 0.6584 0.001746
820.00 C 20260821 -1.00 -1.00 117 794 0.9783 0.6496 0.001778
825.00 C 20260821 -1.00 -1.00 55 49 0.9826 0.6399 0.001785
830.00 C 20260821 -1.00 -1.00 144 831 0.9751 0.6307 0.001813
835.00 C 20260821 -1.00 -1.00 66 96 0.9785 0.6210 0.001821
840.00 C 20260821 -1.00 -1.00 148 699 0.9720 0.6116 0.001847
845.00 C 20260821 -1.00 -1.00 74 130 0.9796 0.6020 0.001848
850.00 C 20260821 -1.00 -1.00 806 1380 0.9719 0.5925 0.001877
855.00 C 20260821 -1.00 -1.00 85 107 0.9816 0.5830 0.001873
860.00 C 20260821 -1.00 -1.00 102 407 0.9727 0.5733 0.001904
865.00 C 20260821 -1.00 -1.00 109 77 0.9770 0.5639 0.001910
870.00 C 20260821 -1.00 -1.00 90 867 0.9795 0.5545 0.001920
875.00 C 20260821 -1.00 -1.00 59 58 0.9852 0.5455 0.001912
880.00 C 20260821 -1.00 -1.00 343 1003 0.9765 0.5359 0.001926
885.00 C 20260821 -1.00 -1.00 47 56 0.9726 0.5265 0.001931
890.00 C 20260821 -1.00 -1.00 160 1770 0.9693 0.5171 0.001935
895.00 C 20260821 -1.00 -1.00 756 135 0.9628 0.5073 0.001946
900.00 C 20260821 -1.00 -1.00 1102 3175 0.9628 0.4980 0.001943
905.00 C 20260821 -1.00 -1.00 144 142 0.9685 0.4893 0.001929
910.00 C 20260821 -1.00 -1.00 87 1277 0.9583 0.4789 0.001946
915.00 C 20260821 -1.00 -1.00 557 221 0.9597 0.4697 0.001941
920.00 C 20260821 -1.00 -1.00 180 591 0.9600 0.4604 0.001938
925.00 C 20260821 -1.00 -1.00 906 75 0.9611 0.4513 0.001933
930.00 C 20260821 -1.00 -1.00 568 1412 0.9616 0.4421 0.001929
935.00 C 20260821 -1.00 -1.00 108 121 0.9633 0.4331 0.001923
940.00 C 20260821 -1.00 -1.00 175 906 0.9660 0.4243 0.001915
945.00 C 20260821 -1.00 -1.00 32 28 0.9683 0.4154 0.001908
950.00 C 20260821 -1.00 -1.00 1346 4295 0.9719 0.4069 0.001899
955.00 C 20260821 -1.00 -1.00 68 31 0.9695 0.3983 0.001890
957.50 C 20260821 -1.00 -1.00 69 143 0.9671 0.3940 0.001886
960.00 C 20260821 -1.00 -1.00 101 706 0.9656 0.3898 0.001880
962.50 C 20260821 -1.00 -1.00 11 110 0.9635 0.3855 0.001875
965.00 C 20260821 -1.00 -1.00 29 11 0.9621 0.3814 0.001869
970.00 C 20260821 -1.00 -1.00 62 589 0.9595 0.3730 0.001857
975.00 C 20260821 -1.00 -1.00 18 78 0.9576 0.3647 0.001843
980.00 C 20260821 -1.00 -1.00 394 1739 0.9558 0.3565 0.001829
985.00 C 20260821 -1.00 -1.00 57 16 0.9545 0.3483 0.001814
990.00 C 20260821 -1.00 -1.00 111 493 0.9539 0.3403 0.001798
995.00 C 20260821 -1.00 -1.00 20 108 0.9533 0.3322 0.001782
1000.00 C 20260821 -1.00 -1.00 3064 5752 0.9536 0.3244 0.001764
1005.00 C 20260821 -1.00 -1.00 51 104 0.9549 0.3169 0.001746
1010.00 C 20260821 -1.00 -1.00 42 682 0.9552 0.3091 0.001729
1020.00 C 20260821 -1.00 -1.00 91 666 0.9590 0.2945 0.001691
1030.00 C 20260821 -1.00 -1.00 1144 581 0.9640 0.2804 0.001652
1040.00 C 20260821 -1.00 -1.00 48 612 0.9673 0.2668 0.001613
1050.00 C 20260821 -1.00 -1.00 560 2357 0.9617 0.2539 0.001572
1060.00 C 20260821 -1.00 -1.00 81 655 0.9574 0.2412 0.001529
1070.00 C 20260821 -1.00 -1.00 50 525 0.9551 0.2290 0.001484
1080.00 C 20260821 -1.00 -1.00 46 719 0.9544 0.2172 0.001438
1090.00 C 20260821 -1.00 -1.00 79 556 0.9549 0.2058 0.001392
1100.00 C 20260821 -1.00 -1.00 1798 7122 0.9578 0.1952 0.001346
1110.00 C 20260821 -1.00 -1.00 199 1141 0.9614 0.1849 0.001300
1120.00 C 20260821 -1.00 -1.00 131 680 0.9657 0.1750 0.001256
1130.00 C 20260821 -1.00 -1.00 52 381 0.9723 0.1660 0.001212
1140.00 C 20260821 -1.00 -1.00 59 601 0.9731 0.1574 0.001170
1150.00 C 20260821 -1.00 -1.00 238 2561 0.9678 0.1488 0.001127
1160.00 C 20260821 -1.00 -1.00 27 470 0.9654 0.1408 0.001084
1170.00 C 20260821 -1.00 -1.00 164 544 0.9653 0.1334 0.001042
1180.00 C 20260821 -1.00 -1.00 89 601 0.9646 0.1259 0.000999
1190.00 C 20260821 -1.00 -1.00 18 330 0.9667 0.1192 0.000959
1200.00 C 20260821 -1.00 -1.00 1994 7140 0.9683 0.1124 0.000918
1210.00 C 20260821 -1.00 -1.00 28 856 0.9732 0.1067 0.000881
1220.00 C 20260821 -1.00 -1.00 43 438 0.9791 0.1013 0.000845
530.00 P 20260821 -1.00 -1.00 72 614 1.1764 -0.0302 0.000270
540.00 P 20260821 -1.00 -1.00 105 4026 1.1617 -0.0337 0.000300
550.00 P 20260821 -1.00 -1.00 167 3884 1.1501 -0.0375 0.000332
560.00 P 20260821 -1.00 -1.00 62 593 1.1402 -0.0416 0.000365
570.00 P 20260821 -1.00 -1.00 50 595 1.1348 -0.0462 0.000402
580.00 P 20260821 -1.00 -1.00 109 623 1.1330 -0.0514 0.000441
590.00 P 20260821 -1.00 -1.00 83 986 1.1133 -0.0567 0.000481
600.00 P 20260821 -1.00 -1.00 620 4615 1.0980 -0.0629 0.000526
610.00 P 20260821 -1.00 -1.00 176 678 1.0845 -0.0694 0.000574
620.00 P 20260821 -1.00 -1.00 256 2054 1.0745 -0.0767 0.000625
630.00 P 20260821 -1.00 -1.00 278 2667 1.0686 -0.0846 0.000679
640.00 P 20260821 -1.00 -1.00 236 2185 1.0643 -0.0929 0.000735
650.00 P 20260821 -1.00 -1.00 572 3695 1.0648 -0.1019 0.000792
660.00 P 20260821 -1.00 -1.00 101 1203 1.0556 -0.1115 0.000850
670.00 P 20260821 -1.00 -1.00 172 1985 1.0419 -0.1218 0.000911
680.00 P 20260821 -1.00 -1.00 380 1995 1.0321 -0.1330 0.000975
690.00 P 20260821 -1.00 -1.00 331 1099 1.0238 -0.1447 0.001040
700.00 P 20260821 -1.00 -1.00 1433 9891 1.0202 -0.1573 0.001106
710.00 P 20260821 -1.00 -1.00 132 1407 1.0186 -0.1704 0.001172
720.00 P 20260821 -1.00 -1.00 2673 1245 1.0204 -0.1840 0.001236
730.00 P 20260821 -1.00 -1.00 132 951 1.0157 -0.1981 0.001300
740.00 P 20260821 -1.00 -1.00 543 1390 1.0049 -0.2131 0.001363
750.00 P 20260821 -1.00 -1.00 1408 4969 0.9964 -0.2286 0.001425
760.00 P 20260821 -1.00 -1.00 146 1114 0.9909 -0.2449 0.001486
770.00 P 20260821 -1.00 -1.00 104 854 0.9881 -0.2617 0.001546
780.00 P 20260821 -1.00 -1.00 145 1665 0.9885 -0.2789 0.001602
790.00 P 20260821 -1.00 -1.00 405 1319 0.9918 -0.2965 0.001654
795.00 P 20260821 -1.00 -1.00 29 201 0.9940 -0.3053 0.001679
800.00 P 20260821 -1.00 -1.00 1549 8931 0.9915 -0.3142 0.001703
805.00 P 20260821 -1.00 -1.00 119 150 0.9864 -0.3232 0.001725
810.00 P 20260821 -1.00 -1.00 431 879 0.9817 -0.3323 0.001748
815.00 P 20260821 -1.00 -1.00 153 427 0.9779 -0.3415 0.001769
820.00 P 20260821 -1.00 -1.00 245 1428 0.9747 -0.3509 0.001789
825.00 P 20260821 -1.00 -1.00 162 67 0.9716 -0.3603 0.001809
830.00 P 20260821 -1.00 -1.00 2295 1622 0.9703 -0.3698 0.001826
835.00 P 20260821 -1.00 -1.00 356 96 0.9694 -0.3794 0.001842
840.00 P 20260821 -1.00 -1.00 300 1465 0.9687 -0.3890 0.001858
845.00 P 20260821 -1.00 -1.00 184 101 0.9686 -0.3986 0.001873
850.00 P 20260821 -1.00 -1.00 1393 4675 0.9692 -0.4082 0.001887
855.00 P 20260821 -1.00 -1.00 183 115 0.9700 -0.4179 0.001900
860.00 P 20260821 -1.00 -1.00 360 1016 0.9717 -0.4274 0.001912
865.00 P 20260821 -1.00 -1.00 63 205 0.9739 -0.4370 0.001922
870.00 P 20260821 -1.00 -1.00 200 1676 0.9764 -0.4465 0.001932
875.00 P 20260821 -1.00 -1.00 143 103 0.9742 -0.4560 0.001939
880.00 P 20260821 -1.00 -1.00 137 1325 0.9701 -0.4654 0.001945
885.00 P 20260821 -1.00 -1.00 93 195 0.9666 -0.4749 0.001949
890.00 P 20260821 -1.00 -1.00 138 929 0.9631 -0.4845 0.001954
895.00 P 20260821 -1.00 -1.00 19 202 0.9605 -0.4940 0.001957
900.00 P 20260821 -1.00 -1.00 393 4365 0.9586 -0.5035 0.001958
905.00 P 20260821 -1.00 -1.00 2 52 0.9566 -0.5131 0.001959
910.00 P 20260821 -1.00 -1.00 9 405 0.9535 -0.5228 0.001963
915.00 P 20260821 -1.00 -1.00 2 318 0.9550 -0.5320 0.001957
920.00 P 20260821 -1.00 -1.00 24 706 0.9550 -0.5414 0.001955
925.00 P 20260821 -1.00 -1.00 7 165 0.9485 -0.5519 0.001965
930.00 P 20260821 -1.00 -1.00 58 1973 0.9571 -0.5599 0.001946
935.00 P 20260821 -1.00 -1.00 5 97 0.9509 -0.5704 0.001955
940.00 P 20260821 -1.00 -1.00 17 770 0.9537 -0.5793 0.001947
945.00 P 20260821 -1.00 -1.00 2 106 0.9554 -0.5884 0.001942
950.00 P 20260821 -1.00 -1.00 38 2523 0.9668 -0.5956 0.001917
955.00 P 20260821 -1.00 -1.00 10 24 0.9544 -0.6060 0.001923
957.50 P 20260821 -1.00 -1.00 10 10 0.9601 -0.6088 0.001905
960.00 P 20260821 -1.00 -1.00 1 491 0.9523 -0.6143 0.001910
962.50 P 20260821 -1.00 -1.00 6 4 0.9496 -0.6188 0.001906
965.00 P 20260821 -1.00 -1.00 96 96 0.9473 -0.6233 0.001901
970.00 P 20260821 -1.00 -1.00 16 530 0.9513 -0.6304 0.001878
975.00 P 20260821 -1.00 -1.00 21 21 0.9453 -0.6397 0.001870
980.00 P 20260821 -1.00 -1.00 42 4511 0.9436 -0.6481 0.001856
985.00 P 20260821 -1.00 -1.00 1 8 0.9428 -0.6563 0.001840
990.00 P 20260821 -1.00 -1.00 19 6743 0.9407 -0.6648 0.001826
995.00 P 20260821 -1.00 -1.00 11 3 0.9418 -0.6726 0.001807
1000.00 P 20260821 -1.00 -1.00 57 4508 0.9507 -0.6782 0.001778
1005.00 P 20260821 -1.00 -1.00 4 4 0.9426 -0.6884 0.001772
1010.00 P 20260821 -1.00 -1.00 8 399 0.9402 -0.6972 0.001758
1020.00 P 20260821 -1.00 -1.00 8 856 0.9428 -0.7125 0.001720
1030.00 P 20260821 -1.00 -1.00 34 473 0.9477 -0.7271 0.001681
1040.00 P 20260821 -1.00 -1.00 3 239 0.9455 -0.7411 0.001640
1050.00 P 20260821 -1.00 -1.00 30 721 0.9403 -0.7542 0.001597
1060.00 P 20260821 -1.00 -1.00 8 158 0.9458 -0.7644 0.001547
1070.00 P 20260821 -1.00 -1.00 10 248 0.9321 -0.7805 0.001506
1080.00 P 20260821 -1.00 -1.00 6 310 0.9332 -0.7922 0.001457
1090.00 P 20260821 -1.00 -1.00 2 295 0.9449 -0.8001 0.001408
1100.00 P 20260821 -1.00 -1.00 32 1449 0.9474 -0.8111 0.001361
1110.00 P 20260821 -1.00 -1.00 11 165 0.9352 -0.8275 0.001314
1120.00 P 20260821 -1.00 -1.00 4 263 0.9558 -0.8316 0.001270
1130.00 P 20260821 -1.00 -1.00 3 255 0.9590 -0.8419 0.001224
1140.00 P 20260821 -1.00 -1.00 1 166 0.9527 -0.8511 0.001180
1150.00 P 20260821 -1.00 -1.00 15 1095 0.9735 -0.8529 0.001144
1160.00 P 20260821 -1.00 -1.00 2 185 0.9492 -0.8672 0.001093
1170.00 P 20260821 -1.00 -1.00 10 202 0.9417 -0.8771 0.001045
1180.00 P 20260821 -1.00 -1.00 20 133 0.9474 -0.8830 0.001005
1190.00 P 20260821 -1.00 -1.00 40 11785 0.9356 -0.8945 0.000952
1200.00 P 20260821 -1.00 -1.00 2 1554 0.9531 -0.8964 0.000924
1210.00 P 20260821 -1.00 -1.00 2 120 0.9502 -0.9050 0.000878
1220.00 P 20260821 -1.00 -1.00 2 31 0.9557 -0.9107 0.000840
350.00 C 20260731 -1.00 -1.00 5 11 6.5954 0.9954 0.000040
355.00 C 20260731 -1.00 -1.00 -1 0 6.9678 0.9934 0.000053
360.00 C 20260731 -1.00 -1.00 1 1 6.4387 0.9951 0.000043
365.00 C 20260731 -1.00 -1.00 2 0 6.8423 0.9929 0.000058
370.00 C 20260731 -1.00 -1.00 4 6 6.3217 0.9947 0.000048
375.00 C 20260731 -1.00 -1.00 8 9 6.4748 0.9934 0.000056
380.00 C 20260731 -1.00 -1.00 5 10 6.1384 0.9945 0.000050
385.00 C 20260731 -1.00 -1.00 1 1 6.0486 0.9944 0.000052
390.00 C 20260731 -1.00 -1.00 -1 0 6.2690 0.9928 0.000063
395.00 C 20260731 -1.00 -1.00 -1 0 6.1112 0.9931 0.000063
400.00 C 20260731 -1.00 -1.00 4 11 5.7863 0.9942 0.000056
405.00 C 20260731 -1.00 -1.00 5 5 6.0488 0.9922 0.000071
410.00 C 20260731 -1.00 -1.00 1 0 5.3500 0.9956 0.000047
415.00 C 20260731 -1.00 -1.00 1 1 5.8655 0.9920 0.000075
420.00 C 20260731 -1.00 -1.00 4 6 4.9249 0.9973 0.000033
425.00 C 20260731 -1.00 -1.00 -1 0 5.6866 0.9917 0.000079
430.00 C 20260731 -1.00 -1.00 1 2 4.9656 0.9958 0.000049
435.00 C 20260731 -1.00 -1.00 1 4 5.3415 0.9928 0.000074
440.00 C 20260731 -1.00 -1.00 1 1 5.2948 0.9925 0.000078
445.00 C 20260731 -1.00 -1.00 1 1 5.3140 0.9916 0.000086
450.00 C 20260731 -1.00 -1.00 3 2 5.1394 0.9923 0.000082
455.00 C 20260731 -1.00 -1.00 -1 0 4.9682 0.9928 0.000080
460.00 C 20260731 -1.00 -1.00 1 1 4.7676 0.9935 0.000075
465.00 C 20260731 -1.00 -1.00 -1 0 4.5693 0.9944 0.000069
470.00 C 20260731 -1.00 -1.00 2 3 4.9183 0.9908 0.000100
475.00 C 20260731 -1.00 -1.00 1 1 4.8258 0.9908 0.000102
480.00 C 20260731 -1.00 -1.00 2 1 4.5711 0.9924 0.000090
485.00 C 20260731 -1.00 -1.00 1 2 4.6962 0.9901 0.000111
490.00 C 20260731 -1.00 -1.00 3 3 4.6194 0.9900 0.000114
495.00 C 20260731 -1.00 -1.00 1 1 4.5304 0.9901 0.000116
500.00 C 20260731 -1.00 -1.00 24 108 4.7005 0.9859 0.000151
505.00 C 20260731 -1.00 -1.00 24 59 4.0153 0.9937 0.000087
510.00 C 20260731 -1.00 -1.00 16 19 4.1278 0.9920 0.000106
515.00 C 20260731 -1.00 -1.00 4 4 5.1237 0.9740 0.000234
520.00 C 20260731 -1.00 -1.00 1 6 4.0736 0.9910 0.000119
350.00 P 20260731 -1.00 -1.00 4 738 5.1008 -0.0005 0.000006
355.00 P 20260731 -1.00 -1.00 13 308 5.0252 -0.0005 0.000006
360.00 P 20260731 -1.00 -1.00 17 428 4.7581 -0.0003 0.000004
365.00 P 20260731 -1.00 -1.00 72 567 4.8136 -0.0004 0.000006
370.00 P 20260731 -1.00 -1.00 9 380 5.0577 -0.0007 0.000010
375.00 P 20260731 -1.00 -1.00 10 186 4.4821 -0.0002 0.000004
380.00 P 20260731 -1.00 -1.00 2 154 4.6632 -0.0005 0.000007
385.00 P 20260731 -1.00 -1.00 67 234 4.3456 -0.0002 0.000004
390.00 P 20260731 -1.00 -1.00 29 444 4.2787 -0.0002 0.000004
395.00 P 20260731 -1.00 -1.00 15 329 4.5800 -0.0007 0.000010
400.00 P 20260731 -1.00 -1.00 152 1932 4.4515 -0.0006 0.000009
405.00 P 20260731 -1.00 -1.00 6 449 4.2643 -0.0005 0.000008
410.00 P 20260731 -1.00 -1.00 5 62 4.3798 -0.0007 0.000011
415.00 P 20260731 -1.00 -1.00 36 902 4.3744 -0.0008 0.000012
420.00 P 20260731 -1.00 -1.00 4 226 4.3095 -0.0008 0.000012
425.00 P 20260731 -1.00 -1.00 114 1004 3.8923 -0.0004 0.000006
430.00 P 20260731 -1.00 -1.00 35 331 4.0071 -0.0006 0.000010
435.00 P 20260731 -1.00 -1.00 21 233 3.7129 -0.0003 0.000005
440.00 P 20260731 -1.00 -1.00 203 608 3.8853 -0.0006 0.000011
445.00 P 20260731 -1.00 -1.00 2 132 4.0650 -0.0012 0.000019
450.00 P 20260731 -1.00 -1.00 198 1435 3.7090 -0.0005 0.000010
455.00 P 20260731 -1.00 -1.00 5 500 3.8844 -0.0010 0.000017
460.00 P 20260731 -1.00 -1.00 60 1024 3.5933 -0.0006 0.000011
465.00 P 20260731 -1.00 -1.00 1 127 3.5364 -0.0006 0.000011
470.00 P 20260731 -1.00 -1.00 90 539 3.4242 -0.0005 0.000010
475.00 P 20260731 -1.00 -1.00 80 235 3.5358 -0.0008 0.000014
480.00 P 20260731 -1.00 -1.00 18 1109 3.3694 -0.0006 0.000012
485.00 P 20260731 -1.00 -1.00 159 495 3.3149 -0.0006 0.000013
490.00 P 20260731 -1.00 -1.00 24 444 3.2610 -0.0006 0.000013
495.00 P 20260731 -1.00 -1.00 32 8329 3.5485 -0.0018 0.000032
500.00 P 20260731 -1.00 -1.00 862 29698 3.1548 -0.0006 0.000014
505.00 P 20260731 -1.00 -1.00 58 770 3.2104 -0.0008 0.000018
510.00 P 20260731 -1.00 -1.00 102 1476 2.9971 -0.0006 0.000013
515.00 P 20260731 -1.00 -1.00 103 1401 2.9461 -0.0006 0.000013
520.00 P 20260731 -1.00 -1.00 194 15477 2.9488 -0.0007 0.000016
500.00 C 20260805 -1.00 -1.00 -1 0 1.9757 0.9901 0.000118
505.00 C 20260805 -1.00 -1.00 -1 0 1.9421 0.9899 0.000121
510.00 C 20260805 -1.00 -1.00 -1 0 1.9202 0.9893 0.000129
515.00 C 20260805 -1.00 -1.00 -1 0 1.8873 0.9892 0.000133
520.00 C 20260805 -1.00 -1.00 -1 0 1.8659 0.9886 0.000141
500.00 P 20260805 -1.00 -1.00 10 0 1.5807 -0.0022 0.000037
505.00 P 20260805 -1.00 -1.00 4 0 1.7262 -0.0051 0.000074
510.00 P 20260805 -1.00 -1.00 -1 0 1.9597 -0.0122 0.000142
515.00 P 20260805 -1.00 -1.00 1 0 1.6030 -0.0037 0.000060
520.00 P 20260805 -1.00 -1.00 2 0 1.6067 -0.0045 0.000071
350.00 C 20260807 -1.00 -1.00 1 1 2.6294 0.9945 0.000045
355.00 C 20260807 -1.00 -1.00 1 2 2.5894 0.9945 0.000046
360.00 C 20260807 -1.00 -1.00 -1 0 2.6889 0.9929 0.000056
365.00 C 20260807 -1.00 -1.00 -1 0 2.6354 0.9930 0.000057
370.00 C 20260807 -1.00 -1.00 4 4 2.6191 0.9925 0.000061
375.00 C 20260807 -1.00 -1.00 -1 0 2.5966 0.9920 0.000065
380.00 C 20260807 -1.00 -1.00 5 5 2.4789 0.9932 0.000059
385.00 C 20260807 -1.00 -1.00 -1 0 2.5410 0.9912 0.000072
390.00 C 20260807 -1.00 -1.00 1 3 2.4966 0.9912 0.000073
395.00 C 20260807 -1.00 -1.00 -1 0 2.3950 0.9927 0.000065
400.00 C 20260807 -1.00 -1.00 2 2 2.3757 0.9923 0.000069
405.00 C 20260807 -1.00 -1.00 -1 0 2.3332 0.9923 0.000070
410.00 C 20260807 -1.00 -1.00 -1 0 2.1975 0.9937 0.000062
415.00 C 20260807 -1.00 -1.00 -1 0 2.2409 0.9925 0.000071
420.00 C 20260807 -1.00 -1.00 5 7 2.2364 0.9917 0.000078
425.00 C 20260807 -1.00 -1.00 -1 0 2.2559 0.9899 0.000090
430.00 C 20260807 -1.00 -1.00 -1 0 2.1992 0.9905 0.000089
435.00 C 20260807 -1.00 -1.00 -1 0 2.2186 0.9887 0.000102
440.00 C 20260807 -1.00 -1.00 1 1 2.1091 0.9910 0.000088
445.00 C 20260807 -1.00 -1.00 -1 0 2.1235 0.9892 0.000102
450.00 C 20260807 -1.00 -1.00 1 4 2.1113 0.9884 0.000109
455.00 C 20260807 -1.00 -1.00 -1 0 2.1202 0.9869 0.000121
460.00 C 20260807 -1.00 -1.00 1 2 1.9928 0.9900 0.000102
465.00 C 20260807 -1.00 -1.00 -1 0 2.0232 0.9876 0.000121
470.00 C 20260807 -1.00 -1.00 1 4 1.9496 0.9889 0.000114
475.00 C 20260807 -1.00 -1.00 3 3 1.9850 0.9863 0.000134
480.00 C 20260807 -1.00 -1.00 10 12 2.0200 0.9838 0.000153
485.00 C 20260807 -1.00 -1.00 -1 0 1.8609 0.9883 0.000125
490.00 C 20260807 -1.00 -1.00 3 7 1.8658 0.9868 0.000139
495.00 C 20260807 -1.00 -1.00 1 2 1.8403 0.9864 0.000144
500.00 C 20260807 -1.00 -1.00 2 6 1.8503 0.9846 0.000159
505.00 C 20260807 -1.00 -1.00 1 15 1.7952 0.9854 0.000157
510.00 C 20260807 -1.00 -1.00 2 3 1.8252 0.9828 0.000178
515.00 C 20260807 -1.00 -1.00 -1 0 1.7362 0.9850 0.000166
520.00 C 20260807 -1.00 -1.00 5 4 1.7366 0.9835 0.000180
522.50 C 20260807 -1.00 -1.00 -1 0 1.7761 0.9812 0.000198
350.00 P 20260807 -1.00 -1.00 25 307 2.2024 -0.0014 0.000016
355.00 P 20260807 -1.00 -1.00 19 37 2.3486 -0.0025 0.000025
360.00 P 20260807 -1.00 -1.00 82 97 2.1455 -0.0015 0.000017
365.00 P 20260807 -1.00 -1.00 31 47 2.1138 -0.0016 0.000018
370.00 P 20260807 -1.00 -1.00 96 64 2.1202 -0.0018 0.000021
375.00 P 20260807 -1.00 -1.00 22 39 2.1993 -0.0025 0.000027
380.00 P 20260807 -1.00 -1.00 2 32 2.0511 -0.0018 0.000021
385.00 P 20260807 -1.00 -1.00 18 165 1.9842 -0.0016 0.000020
390.00 P 20260807 -1.00 -1.00 28 425 1.9766 -0.0018 0.000022
395.00 P 20260807 -1.00 -1.00 34 62 1.9546 -0.0019 0.000023
400.00 P 20260807 -1.00 -1.00 77 431 1.9401 -0.0020 0.000025
405.00 P 20260807 -1.00 -1.00 15 46 1.9187 -0.0021 0.000026
410.00 P 20260807 -1.00 -1.00 5 50 1.8547 -0.0018 0.000024
415.00 P 20260807 -1.00 -1.00 87 138 1.8836 -0.0023 0.000029
420.00 P 20260807 -1.00 -1.00 86 42 1.8769 -0.0025 0.000031
425.00 P 20260807 -1.00 -1.00 7 60 1.8144 -0.0022 0.000030
430.00 P 20260807 -1.00 -1.00 9 360 1.8548 -0.0029 0.000037
435.00 P 20260807 -1.00 -1.00 1 323 1.8961 -0.0043 0.000051
440.00 P 20260807 -1.00 -1.00 106 121 1.7945 -0.0030 0.000039
445.00 P 20260807 -1.00 -1.00 106 34 1.7736 -0.0032 0.000041
450.00 P 20260807 -1.00 -1.00 58 339 1.7380 -0.0031 0.000041
455.00 P 20260807 -1.00 -1.00 271 367 1.7250 -0.0034 0.000046
460.00 P 20260807 -1.00 -1.00 7 98 1.8367 -0.0063 0.000074
465.00 P 20260807 -1.00 -1.00 204 34 1.7091 -0.0044 0.000057
470.00 P 20260807 -1.00 -1.00 10 128 1.8893 -0.0087 0.000097
475.00 P 20260807 -1.00 -1.00 43 182 1.6816 -0.0051 0.000067
480.00 P 20260807 -1.00 -1.00 55 192 1.6477 -0.0051 0.000067
485.00 P 20260807 -1.00 -1.00 113 121 1.6499 -0.0058 0.000076
490.00 P 20260807 -1.00 -1.00 57 178 1.6260 -0.0059 0.000078
495.00 P 20260807 -1.00 -1.00 426 152 1.6188 -0.0064 0.000085
500.00 P 20260807 -1.00 -1.00 5558 1225 1.6023 -0.0067 0.000090
505.00 P 20260807 -1.00 -1.00 4 40 1.5977 -0.0073 0.000097
510.00 P 20260807 -1.00 -1.00 292 154 1.5885 -0.0078 0.000104
515.00 P 20260807 -1.00 -1.00 14 57 1.5701 -0.0081 0.000108
520.00 P 20260807 -1.00 -1.00 25 246 1.5657 -0.0087 0.000116
522.50 P 20260807 -1.00 -1.00 -1 0 1.5618 -0.0091 0.000121
450.00 C 20260810 -1.00 -1.00 -1 0 1.8297 0.9876 0.000114
455.00 C 20260810 -1.00 -1.00 -1 0 1.7918 0.9878 0.000115
460.00 C 20260810 -1.00 -1.00 -1 0 1.7814 0.9869 0.000123
465.00 C 20260810 -1.00 -1.00 -1 0 1.7979 0.9850 0.000137
470.00 C 20260810 -1.00 -1.00 -1 0 1.8097 0.9834 0.000150
475.00 C 20260810 -1.00 -1.00 -1 0 1.7109 0.9859 0.000137
480.00 C 20260810 -1.00 -1.00 -1 0 1.7363 0.9836 0.000154
485.00 C 20260810 -1.00 -1.00 -1 0 1.7658 0.9812 0.000171
490.00 C 20260810 -1.00 -1.00 -1 0 1.7210 0.9816 0.000172
495.00 C 20260810 -1.00 -1.00 -1 0 1.6594 0.9828 0.000168
500.00 C 20260810 -1.00 -1.00 -1 0 1.6500 0.9818 0.000178
505.00 C 20260810 -1.00 -1.00 -1 0 1.6194 0.9818 0.000181
510.00 C 20260810 -1.00 -1.00 -1 0 1.6232 0.9802 0.000195
515.00 C 20260810 -1.00 -1.00 -1 0 1.6227 0.9789 0.000206
520.00 C 20260810 -1.00 -1.00 -1 0 1.5842 0.9792 0.000209
450.00 P 20260810 -1.00 -1.00 1 0 1.7602 -0.0097 0.000096
455.00 P 20260810 -1.00 -1.00 -1 0 1.6858 -0.0080 0.000086
460.00 P 20260810 -1.00 -1.00 -1 0 1.6644 -0.0082 0.000089
465.00 P 20260810 -1.00 -1.00 -1 0 1.6432 -0.0086 0.000093
470.00 P 20260810 -1.00 -1.00 -1 0 1.6258 -0.0091 0.000099
475.00 P 20260810 -1.00 -1.00 -1 0 1.7376 -0.0152 0.000144
480.00 P 20260810 -1.00 -1.00 -1 0 1.7067 -0.0152 0.000147
485.00 P 20260810 -1.00 -1.00 -1 0 1.6568 -0.0145 0.000145
490.00 P 20260810 -1.00 -1.00 -1 0 1.6293 -0.0146 0.000148
495.00 P 20260810 -1.00 -1.00 -1 0 1.5812 -0.0138 0.000146
500.00 P 20260810 -1.00 -1.00 -1 0 1.5122 -0.0120 0.000134
505.00 P 20260810 -1.00 -1.00 -1 0 1.4370 -0.0095 0.000117
510.00 P 20260810 -1.00 -1.00 -1 0 1.4187 -0.0100 0.000123
515.00 P 20260810 -1.00 -1.00 -1 0 1.4092 -0.0110 0.000134
520.00 P 20260810 -1.00 -1.00 -1 0 1.3913 -0.0115 0.000141
400.00 C 20260812 -1.00 -1.00 -1 0 1.9828 0.9886 0.000090
405.00 C 20260812 -1.00 -1.00 -1 0 1.9526 0.9884 0.000093
410.00 C 20260812 -1.00 -1.00 -1 0 1.9404 0.9877 0.000098
415.00 C 20260812 -1.00 -1.00 -1 0 1.8539 0.9895 0.000090
420.00 C 20260812 -1.00 -1.00 -1 0 1.8206 0.9896 0.000091
425.00 C 20260812 -1.00 -1.00 -1 0 1.8527 0.9873 0.000106
430.00 C 20260812 -1.00 -1.00 -1 0 1.8070 0.9877 0.000105
435.00 C 20260812 -1.00 -1.00 -1 0 1.8217 0.9860 0.000117
440.00 C 20260812 -1.00 -1.00 -1 0 1.7300 0.9883 0.000106
445.00 C 20260812 -1.00 -1.00 -1 0 1.7069 0.9880 0.000110
450.00 C 20260812 -1.00 -1.00 -1 0 1.6799 0.9878 0.000113
455.00 C 20260812 -1.00 -1.00 -1 0 1.7451 0.9841 0.000138
460.00 C 20260812 -1.00 -1.00 -1 0 1.6974 0.9847 0.000137
465.00 C 20260812 -1.00 -1.00 -1 0 1.6255 0.9863 0.000129
470.00 C 20260812 -1.00 -1.00 -1 0 1.6693 0.9833 0.000150
475.00 C 20260812 -1.00 -1.00 -1 0 1.5903 0.9853 0.000140
480.00 C 20260812 -1.00 -1.00 -1 0 1.5729 0.9848 0.000147
485.00 C 20260812 -1.00 -1.00 -1 0 1.5800 0.9832 0.000159
490.00 C 20260812 -1.00 -1.00 -1 0 1.5749 0.9821 0.000169
495.00 C 20260812 -1.00 -1.00 -1 0 1.5260 0.9829 0.000167
500.00 C 20260812 -1.00 -1.00 -1 0 1.5133 0.9822 0.000175
505.00 C 20260812 -1.00 -1.00 -1 0 1.5008 0.9814 0.000184
510.00 C 20260812 -1.00 -1.00 -1 0 1.5489 0.9777 0.000209
515.00 C 20260812 -1.00 -1.00 -1 0 1.5364 0.9763 0.000221
520.00 C 20260812 -1.00 -1.00 -1 0 1.5065 0.9763 0.000226
400.00 P 20260812 -1.00 -1.00 -1 0 -1.0000 -1.0000 -1.000000
405.00 P 20260812 -1.00 -1.00 -1 0 -1.0000 -1.0000 -1.000000
410.00 P 20260812 -1.00 -1.00 -1 0 -1.0000 -1.0000 -1.000000
415.00 P 20260812 -1.00 -1.00 -1 0 -1.0000 -1.0000 -1.000000
420.00 P 20260812 -1.00 -1.00 -1 0 1.7210 -0.0072 0.000070
425.00 P 20260812 -1.00 -1.00 -1 0 1.6962 -0.0073 0.000072
430.00 P 20260812 -1.00 -1.00 -1 0 1.6758 -0.0075 0.000075
435.00 P 20260812 -1.00 -1.00 -1 0 1.6635 -0.0078 0.000079
440.00 P 20260812 -1.00 -1.00 -1 0 1.6479 -0.0083 0.000084
445.00 P 20260812 -1.00 -1.00 -1 0 1.6307 -0.0088 0.000089
450.00 P 20260812 -1.00 -1.00 -1 0 1.6136 -0.0093 0.000094
455.00 P 20260812 -1.00 -1.00 -1 0 1.5968 -0.0098 0.000099
460.00 P 20260812 -1.00 -1.00 -1 0 1.5801 -0.0104 0.000105
465.00 P 20260812 -1.00 -1.00 -1 0 1.5636 -0.0109 0.000111
470.00 P 20260812 -1.00 -1.00 -1 0 1.5555 -0.0118 0.000119
475.00 P 20260812 -1.00 -1.00 -1 0 1.5394 -0.0124 0.000125
480.00 P 20260812 -1.00 -1.00 -1 0 1.5315 -0.0134 0.000134
485.00 P 20260812 -1.00 -1.00 -1 0 1.8623 -0.0327 0.000236
490.00 P 20260812 -1.00 -1.00 -1 0 1.5079 -0.0149 0.000150
495.00 P 20260812 -1.00 -1.00 -1 0 1.8145 -0.0342 0.000252
500.00 P 20260812 -1.00 -1.00 1 0 1.7890 -0.0348 0.000259
505.00 P 20260812 -1.00 -1.00 -1 0 1.4933 -0.0183 0.000182
510.00 P 20260812 -1.00 -1.00 -1 0 1.4859 -0.0193 0.000192
515.00 P 20260812 -1.00 -1.00 1 0 1.3948 -0.0163 0.000175
520.00 P 20260812 -1.00 -1.00 -1 0 1.3358 -0.0146 0.000166
350.00 C 20260814 -1.00 -1.00 -1 0 2.0418 0.9930 0.000054
355.00 C 20260814 -1.00 -1.00 -1 0 1.9927 0.9932 0.000054
360.00 C 20260814 -1.00 -1.00 -1 0 2.0230 0.9915 0.000064
365.00 C 20260814 -1.00 -1.00 -1 0 2.0706 0.9891 0.000078
370.00 C 20260814 -1.00 -1.00 1 1 1.9568 0.9915 0.000066
375.00 C 20260814 -1.00 -1.00 -1 0 1.9223 0.9915 0.000067
380.00 C 20260814 -1.00 -1.00 1 1 1.9567 0.9893 0.000080
385.00 C 20260814 -1.00 -1.00 1 1 1.9014 0.9901 0.000078
390.00 C 20260814 -1.00 -1.00 -1 0 1.8468 0.9908 0.000075
395.00 C 20260814 -1.00 -1.00 -1 0 1.8265 0.9904 0.000078
400.00 C 20260814 -1.00 -1.00 10 2 1.8356 0.9890 0.000088
405.00 C 20260814 -1.00 -1.00 -1 0 1.8198 0.9884 0.000093
410.00 C 20260814 -1.00 -1.00 -1 0 1.7835 0.9886 0.000093
415.00 C 20260814 -1.00 -1.00 -1 0 1.7600 0.9883 0.000097
420.00 C 20260814 -1.00 -1.00 1 1 1.7165 0.9888 0.000095
425.00 C 20260814 -1.00 -1.00 1 1 1.7301 0.9872 0.000107
430.00 C 20260814 -1.00 -1.00 -1 0 1.7435 0.9855 0.000118
435.00 C 20260814 -1.00 -1.00 -1 0 1.6610 0.9875 0.000109
440.00 C 20260814 -1.00 -1.00 1 1 1.6491 0.9868 0.000115
445.00 C 20260814 -1.00 -1.00 -1 0 1.6706 0.9847 0.000129
450.00 C 20260814 -1.00 -1.00 1 1 1.6448 0.9846 0.000132
455.00 C 20260814 -1.00 -1.00 -1 0 1.5999 0.9852 0.000131
460.00 C 20260814 -1.00 -1.00 -1 0 1.5787 0.9848 0.000136
465.00 C 20260814 -1.00 -1.00 -1 0 1.5847 0.9834 0.000147
470.00 C 20260814 -1.00 -1.00 -1 0 1.5600 0.9831 0.000151
475.00 C 20260814 -1.00 -1.00 -1 0 1.5660 0.9817 0.000162
480.00 C 20260814 -1.00 -1.00 1 2 1.5265 0.9821 0.000163
485.00 C 20260814 -1.00 -1.00 -1 0 1.5439 0.9801 0.000177
490.00 C 20260814 -1.00 -1.00 -1 0 1.5493 0.9784 0.000189
495.00 C 20260814 -1.00 -1.00 -1 0 1.5219 0.9783 0.000194
500.00 C 20260814 -1.00 -1.00 1 5 1.5189 0.9762 0.000209
502.50 C 20260814 -1.00 -1.00 -1 0 1.5007 0.9765 0.000209
505.00 C 20260814 -1.00 -1.00 24 1 1.4790 0.9771 0.000208
507.50 C 20260814 -1.00 -1.00 -1 0 1.4831 0.9755 0.000219
510.00 C 20260814 -1.00 -1.00 111 111 1.4542 0.9768 0.000214
512.50 C 20260814 -1.00 -1.00 -1 0 1.4400 0.9768 0.000216
515.00 C 20260814 -1.00 -1.00 -1 0 1.4515 0.9746 0.000230
517.50 C 20260814 -1.00 -1.00 -1 0 1.4265 0.9755 0.000228
520.00 C 20260814 -1.00 -1.00 -1 0 1.4180 0.9750 0.000233
522.50 C 20260814 -1.00 -1.00 -1 0 1.4095 0.9745 0.000238
350.00 P 20260814 -1.00 -1.00 2 160 1.7721 -0.0028 0.000027
355.00 P 20260814 -1.00 -1.00 3 7 2.0815 -0.0092 0.000067
360.00 P 20260814 -1.00 -1.00 2 24 1.7154 -0.0028 0.000028
365.00 P 20260814 -1.00 -1.00 1 51 2.0290 -0.0097 0.000072
370.00 P 20260814 -1.00 -1.00 7 26 1.6623 -0.0029 0.000030
375.00 P 20260814 -1.00 -1.00 1 19 1.9753 -0.0102 0.000077
380.00 P 20260814 -1.00 -1.00 2 138 1.6784 -0.0042 0.000041
385.00 P 20260814 -1.00 -1.00 1 64 1.7111 -0.0054 0.000050
390.00 P 20260814 -1.00 -1.00 4 63 1.6390 -0.0046 0.000045
395.00 P 20260814 -1.00 -1.00 6 35 1.5855 -0.0040 0.000042
400.00 P 20260814 -1.00 -1.00 15 276 1.5599 -0.0041 0.000043
405.00 P 20260814 -1.00 -1.00 5 22 1.5500 -0.0044 0.000046
410.00 P 20260814 -1.00 -1.00 11 10 1.5306 -0.0046 0.000049
415.00 P 20260814 -1.00 -1.00 11 86 1.5211 -0.0049 0.000052
420.00 P 20260814 -1.00 -1.00 4 51 1.5135 -0.0053 0.000057
425.00 P 20260814 -1.00 -1.00 14 58 1.4910 -0.0054 0.000058
430.00 P 20260814 -1.00 -1.00 1 34 1.4875 -0.0059 0.000063
435.00 P 20260814 -1.00 -1.00 1 9 1.4803 -0.0063 0.000068
440.00 P 20260814 -1.00 -1.00 4 14 1.4750 -0.0068 0.000073
445.00 P 20260814 -1.00 -1.00 1 15 1.4716 -0.0073 0.000078
450.00 P 20260814 -1.00 -1.00 19 174 1.4664 -0.0078 0.000083
455.00 P 20260814 -1.00 -1.00 2 10 1.4557 -0.0082 0.000088
460.00 P 20260814 -1.00 -1.00 4 12 1.4404 -0.0087 0.000093
465.00 P 20260814 -1.00 -1.00 16 27 1.4252 -0.0093 0.000099
470.00 P 20260814 -1.00 -1.00 2 16 1.4110 -0.0099 0.000105
475.00 P 20260814 -1.00 -1.00 8 52 1.3992 -0.0106 0.000112
480.00 P 20260814 -1.00 -1.00 2 105 1.3860 -0.0112 0.000119
485.00 P 20260814 -1.00 -1.00 2 37 1.3737 -0.0119 0.000127
490.00 P 20260814 -1.00 -1.00 8 169 1.3630 -0.0127 0.000135
495.00 P 20260814 -1.00 -1.00 1 46 1.3525 -0.0135 0.000143
500.00 P 20260814 -1.00 -1.00 141 536 1.3457 -0.0145 0.000153
502.50 P 20260814 -1.00 -1.00 -1 0 1.3387 -0.0149 0.000157
505.00 P 20260814 -1.00 -1.00 1 35 1.3339 -0.0153 0.000162
507.50 P 20260814 -1.00 -1.00 5 0 1.3306 -0.0158 0.000167
510.00 P 20260814 -1.00 -1.00 6 71 1.3266 -0.0163 0.000172
512.50 P 20260814 -1.00 -1.00 4 0 1.3226 -0.0168 0.000177
515.00 P 20260814 -1.00 -1.00 1 29 1.3194 -0.0173 0.000182
517.50 P 20260814 -1.00 -1.00 -1 0 1.3161 -0.0178 0.000188
520.00 P 20260814 -1.00 -1.00 15 39 1.3129 -0.0184 0.000193
522.50 P 20260814 -1.00 -1.00 -1 0 1.3112 -0.0190 0.000199
350.00 C 20260821 -1.00 -1.00 1 430 1.8702 0.9871 0.000082
360.00 C 20260821 -1.00 -1.00 2 1053 1.8144 0.9868 0.000086
370.00 C 20260821 -1.00 -1.00 1 515 1.7421 0.9871 0.000088
380.00 C 20260821 -1.00 -1.00 14 401 1.7146 0.9860 0.000097
390.00 C 20260821 -1.00 -1.00 3 243 1.5895 0.9884 0.000088
400.00 C 20260821 -1.00 -1.00 1 408 1.5925 0.9861 0.000103
410.00 C 20260821 -1.00 -1.00 1 292 1.5270 0.9865 0.000105
420.00 C 20260821 -1.00 -1.00 1 761 1.5138 0.9848 0.000117
430.00 C 20260821 -1.00 -1.00 2 416 1.4476 0.9854 0.000119
440.00 C 20260821 -1.00 -1.00 16 909 1.4160 0.9845 0.000128
450.00 C 20260821 -1.00 -1.00 5 584 1.4687 0.9799 0.000156
460.00 C 20260821 -1.00 -1.00 5 349 1.4513 0.9771 0.000175
470.00 C 20260821 -1.00 -1.00 2 608 1.3865 0.9781 0.000177
480.00 C 20260821 -1.00 -1.00 8 448 1.3561 0.9763 0.000192
490.00 C 20260821 -1.00 -1.00 1 596 1.3187 0.9751 0.000206
500.00 C 20260821 -1.00 -1.00 30 1546 1.3020 0.9720 0.000229
510.00 C 20260821 -1.00 -1.00 1 1019 1.2780 0.9696 0.000250
520.00 C 20260821 -1.00 -1.00 1 486 1.2742 0.9652 0.000280
350.00 P 20260821 -1.00 -1.00 92 2323 1.5124 -0.0037 0.000034
360.00 P 20260821 -1.00 -1.00 24 758 1.4819 -0.0041 0.000038
370.00 P 20260821 -1.00 -1.00 76 1700 1.4656 -0.0048 0.000044
380.00 P 20260821 -1.00 -1.00 26 1357 1.4449 -0.0054 0.000050
390.00 P 20260821 -1.00 -1.00 25 1613 1.4214 -0.0060 0.000056
400.00 P 20260821 -1.00 -1.00 84 2980 1.4228 -0.0071 0.000065
410.00 P 20260821 -1.00 -1.00 27 1427 1.3980 -0.0077 0.000071
420.00 P 20260821 -1.00 -1.00 88 1395 1.3678 -0.0085 0.000079
430.00 P 20260821 -1.00 -1.00 5 743 1.3451 -0.0098 0.000090
440.00 P 20260821 -1.00 -1.00 43 3554 1.3248 -0.0111 0.000102
450.00 P 20260821 -1.00 -1.00 221 7641 1.3037 -0.0125 0.000115
460.00 P 20260821 -1.00 -1.00 3 542 1.2831 -0.0139 0.000128
470.00 P 20260821 -1.00 -1.00 124 652 1.2648 -0.0154 0.000142
480.00 P 20260821 -1.00 -1.00 312 657 1.2527 -0.0173 0.000159
490.00 P 20260821 -1.00 -1.00 5 730 1.2426 -0.0193 0.000177
500.00 P 20260821 -1.00 -1.00 538 5233 1.2385 -0.0218 0.000198
510.00 P 20260821 -1.00 -1.00 21 610 1.2138 -0.0241 0.000219
520.00 P 20260821 -1.00 -1.00 100 1144 1.1947 -0.0271 0.000244
1225.00 C 20260731 -1.00 -1.00 40 84 1.9033 0.0009 0.000032
1230.00 C 20260731 -1.00 -1.00 35 229 1.9237 0.0009 0.000031
1235.00 C 20260731 -1.00 -1.00 4 22 1.9782 0.0011 0.000035
1240.00 C 20260731 -1.00 -1.00 13 274 1.8959 0.0006 0.000020
1250.00 C 20260731 -1.00 -1.00 130 1582 2.1517 0.0017 0.000051
1260.00 C 20260731 -1.00 -1.00 31 383 1.9766 0.0006 0.000019
1270.00 C 20260731 -1.00 -1.00 70 283 2.1177 0.0010 0.000031
1280.00 C 20260731 -1.00 -1.00 113 949 2.4690 0.0038 0.000090
1290.00 C 20260731 -1.00 -1.00 30 574 2.3281 0.0016 0.000044
1300.00 C 20260731 -1.00 -1.00 241 2695 2.1675 0.0007 0.000021
1310.00 C 20260731 -1.00 -1.00 18 428 2.2392 0.0008 0.000024
1320.00 C 20260731 -1.00 -1.00 152 406 2.3105 0.0009 0.000026
1330.00 C 20260731 -1.00 -1.00 56 281 2.7808 0.0045 0.000094
1340.00 C 20260731 -1.00 -1.00 1 664 2.4514 0.0012 0.000030
1350.00 C 20260731 -1.00 -1.00 41 877 2.4227 0.0009 0.000024
1360.00 C 20260731 -1.00 -1.00 115 763 2.4922 0.0010 0.000026
1370.00 C 20260731 -1.00 -1.00 41 174 2.4961 0.0009 0.000023
1380.00 C 20260731 -1.00 -1.00 38 144 2.6947 0.0014 0.000034
1390.00 C 20260731 -1.00 -1.00 2 142 2.7302 0.0014 0.000033
1225.00 P 20260731 -1.00 -1.00 2 0 -1.0000 -1.0000 -1.000000
1230.00 P 20260731 -1.00 -1.00 48 0 -1.0000 -1.0000 -1.000000
1235.00 P 20260731 -1.00 -1.00 58 0 -1.0000 -1.0000 -1.000000
1240.00 P 20260731 -1.00 -1.00 10 1 -1.0000 -1.0000 -1.000000
1250.00 P 20260731 -1.00 -1.00 1 9 -1.0000 -1.0000 -1.000000
1260.00 P 20260731 -1.00 -1.00 2 0 -1.0000 -1.0000 -1.000000
1270.00 P 20260731 -1.00 -1.00 5 0 -1.0000 -1.0000 -1.000000
1280.00 P 20260731 -1.00 -1.00 1 0 -1.0000 -1.0000 -1.000000
1290.00 P 20260731 -1.00 -1.00 1 0 -1.0000 -1.0000 -1.000000
1300.00 P 20260731 -1.00 -1.00 2 0 -1.0000 -1.0000 -1.000000
1310.00 P 20260731 -1.00 -1.00 2 0 -1.0000 -1.0000 -1.000000
1320.00 P 20260731 -1.00 -1.00 2 0 -1.0000 -1.0000 -1.000000
1330.00 P 20260731 -1.00 -1.00 4 0 -1.0000 -1.0000 -1.000000
1340.00 P 20260731 -1.00 -1.00 2 0 -1.0000 -1.0000 -1.000000
1350.00 P 20260731 -1.00 -1.00 2 0 -1.0000 -1.0000 -1.000000
1360.00 P 20260731 -1.00 -1.00 1 0 -1.0000 -1.0000 -1.000000
1370.00 P 20260731 -1.00 -1.00 1 0 -1.0000 -1.0000 -1.000000
1380.00 P 20260731 -1.00 -1.00 1 0 -1.0000 -1.0000 -1.000000
1390.00 P 20260731 -1.00 -1.00 1 0 -1.0000 -1.0000 -1.000000
1225.00 C 20260803 -1.00 -1.00 7 9 1.1824 0.0038 0.000101
1230.00 C 20260803 -1.00 -1.00 9 57 1.1890 0.0037 0.000097
1235.00 C 20260803 -1.00 -1.00 2 22 1.1955 0.0035 0.000092
1240.00 C 20260803 -1.00 -1.00 3 290 1.2020 0.0033 0.000088
1250.00 C 20260803 -1.00 -1.00 6 58 1.2148 0.0030 0.000080
1260.00 C 20260803 -1.00 -1.00 2 25 1.3570 0.0059 0.000132
1270.00 C 20260803 -1.00 -1.00 3 4 1.3736 0.0053 0.000119
1280.00 C 20260803 -1.00 -1.00 4 5 1.4422 0.0073 0.000148
1290.00 C 20260803 -1.00 -1.00 28 35 1.4943 0.0084 0.000161
1300.00 C 20260803 -1.00 -1.00 2 30 1.5539 0.0097 0.000176
1310.00 C 20260803 -1.00 -1.00 1 18 1.5359 0.0077 0.000145
1320.00 C 20260803 -1.00 -1.00 3 21 1.5456 0.0069 0.000131
1330.00 C 20260803 -1.00 -1.00 3 1 1.5631 0.0064 0.000122
1340.00 C 20260803 -1.00 -1.00 112 49 1.5883 0.0063 0.000119
1350.00 C 20260803 -1.00 -1.00 5 55 1.5919 0.0053 0.000102
1360.00 C 20260803 -1.00 -1.00 4 62 1.6479 0.0066 0.000119
1370.00 C 20260803 -1.00 -1.00 50 60 2.1174 0.0296 0.000337
1225.00 P 20260803 -1.00 -1.00 -1 0 -1.0000 -1.0000 -1.000000
1230.00 P 20260803 -1.00 -1.00 1 0 -1.0000 -1.0000 -1.000000
1235.00 P 20260803 -1.00 -1.00 -1 0 -1.0000 -1.0000 -1.000000
1240.00 P 20260803 -1.00 -1.00 1 0 -1.0000 -1.0000 -1.000000
1250.00 P 20260803 -1.00 -1.00 -1 0 -1.0000 -1.0000 -1.000000
1260.00 P 20260803 -1.00 -1.00 -1 0 -1.0000 -1.0000 -1.000000
1270.00 P 20260803 -1.00 -1.00 -1 0 1.3347 -0.9977 0.000103
1280.00 P 20260803 -1.00 -1.00 1 0 -1.0000 -1.0000 -1.000000
1290.00 P 20260803 -1.00 -1.00 2 0 -1.0000 -1.0000 -1.000000
1300.00 P 20260803 -1.00 -1.00 -1 0 -1.0000 -1.0000 -1.000000
1310.00 P 20260803 -1.00 -1.00 -1 0 -1.0000 -1.0000 -1.000000
1320.00 P 20260803 -1.00 -1.00 -1 0 -1.0000 -1.0000 -1.000000
1330.00 P 20260803 -1.00 -1.00 1 0 -1.0000 -1.0000 -1.000000
1340.00 P 20260803 -1.00 -1.00 12 0 -1.0000 -1.0000 -1.000000
1350.00 P 20260803 -1.00 -1.00 -1 0 -1.0000 -1.0000 -1.000000
1360.00 P 20260803 -1.00 -1.00 6 0 -1.0000 -1.0000 -1.000000
1370.00 P 20260803 -1.00 -1.00 41 0 -1.0000 -1.0000 -1.000000
1225.00 C 20260805 -1.00 -1.00 6 3 1.1267 0.0115 0.000234
1230.00 C 20260805 -1.00 -1.00 3 128 1.1328 0.0112 0.000226
1235.00 C 20260805 -1.00 -1.00 10 24 1.1356 0.0106 0.000215
1240.00 C 20260805 -1.00 -1.00 1 15 1.1434 0.0103 0.000209
1250.00 C 20260805 -1.00 -1.00 5 62 1.1488 0.0092 0.000188
1260.00 C 20260805 -1.00 -1.00 1 30 1.1592 0.0084 0.000171
1270.00 C 20260805 -1.00 -1.00 9 4 1.1711 0.0077 0.000157
1280.00 C 20260805 -1.00 -1.00 5 2 1.1895 0.0074 0.000149
1290.00 C 20260805 -1.00 -1.00 1 30 1.1963 0.0064 0.000132
1300.00 C 20260805 -1.00 -1.00 13 6 1.2129 0.0061 0.000123
1310.00 C 20260805 -1.00 -1.00 2 1 1.2260 0.0055 0.000113
1320.00 C 20260805 -1.00 -1.00 2 5 1.2373 0.0051 0.000104
1330.00 C 20260805 -1.00 -1.00 6 6 1.2423 0.0047 0.000097
1340.00 C 20260805 -1.00 -1.00 2 103 1.2427 0.0043 0.000088
1350.00 C 20260805 -1.00 -1.00 1 49 1.2520 0.0040 0.000083
1360.00 C 20260805 -1.00 -1.00 24 27 1.2525 0.0036 0.000074
1370.00 C 20260805 -1.00 -1.00 4 45 1.2617 0.0033 0.000069
1225.00 P 20260805 -1.00 -1.00 -1 0 -1.0000 -1.0000 -1.000000
1230.00 P 20260805 -1.00 -1.00 -1 0 -1.0000 -1.0000 -1.000000
1235.00 P 20260805 -1.00 -1.00 -1 0 -1.0000 -1.0000 -1.000000
1240.00 P 20260805 -1.00 -1.00 -1 0 -1.0000 -1.0000 -1.000000
1250.00 P 20260805 -1.00 -1.00 -1 0 -1.0000 -1.0000 -1.000000
1260.00 P 20260805 -1.00 -1.00 -1 0 -1.0000 -1.0000 -1.000000
1270.00 P 20260805 -1.00 -1.00 -1 0 -1.0000 -1.0000 -1.000000
1280.00 P 20260805 -1.00 -1.00 -1 0 -1.0000 -1.0000 -1.000000
1290.00 P 20260805 -1.00 -1.00 -1 0 -1.0000 -1.0000 -1.000000
1300.00 P 20260805 -1.00 -1.00 -1 0 -1.0000 -1.0000 -1.000000
1310.00 P 20260805 -1.00 -1.00 -1 0 -1.0000 -1.0000 -1.000000
1320.00 P 20260805 -1.00 -1.00 -1 0 -1.0000 -1.0000 -1.000000
1330.00 P 20260805 -1.00 -1.00 1 0 -1.0000 -1.0000 -1.000000
1340.00 P 20260805 -1.00 -1.00 1 0 -1.0000 -1.0000 -1.000000
1350.00 P 20260805 -1.00 -1.00 1 0 -1.0000 -1.0000 -1.000000
1360.00 P 20260805 -1.00 -1.00 1 1 -1.0000 -1.0000 -1.000000
1370.00 P 20260805 -1.00 -1.00 -1 0 -1.0000 -1.0000 -1.000000
1230.00 C 20260807 -1.00 -1.00 8 200 1.1535 0.0277 0.000421
1240.00 C 20260807 -1.00 -1.00 44 99 1.1591 0.0255 0.000389
1250.00 C 20260807 -1.00 -1.00 294 409 1.1653 0.0234 0.000360
1260.00 C 20260807 -1.00 -1.00 218 298 1.1739 0.0215 0.000333
1270.00 C 20260807 -1.00 -1.00 166 243 1.1837 0.0199 0.000309
1280.00 C 20260807 -1.00 -1.00 139 175 1.1941 0.0183 0.000287
1290.00 C 20260807 -1.00 -1.00 391 488 1.2068 0.0171 0.000268
1300.00 C 20260807 -1.00 -1.00 899 1412 1.2163 0.0155 0.000246
1310.00 C 20260807 -1.00 -1.00 96 148 1.2219 0.0146 0.000232
1320.00 C 20260807 -1.00 -1.00 75 163 1.2228 0.0135 0.000216
1330.00 C 20260807 -1.00 -1.00 7 83 1.2280 0.0127 0.000203
1340.00 C 20260807 -1.00 -1.00 4 123 1.2233 0.0113 0.000184
1350.00 C 20260807 -1.00 -1.00 168 809 1.2410 0.0112 0.000179
1360.00 C 20260807 -1.00 -1.00 10 260 1.2446 0.0103 0.000166
1370.00 C 20260807 -1.00 -1.00 9 111 1.2482 0.0094 0.000153
1380.00 C 20260807 -1.00 -1.00 20 213 1.2573 0.0088 0.000143
1390.00 C 20260807 -1.00 -1.00 3 214 1.2649 0.0082 0.000133
1230.00 P 20260807 -1.00 -1.00 2 0 1.0083 -0.9909 0.000266
1240.00 P 20260807 -1.00 -1.00 2 0 0.9883 -0.9938 0.000212
1250.00 P 20260807 -1.00 -1.00 1 0 0.9834 -0.9960 0.000174
1260.00 P 20260807 -1.00 -1.00 2 0 -1.0000 -1.0000 -1.000000
1270.00 P 20260807 -1.00 -1.00 2 0 -1.0000 -1.0000 -1.000000
1280.00 P 20260807 -1.00 -1.00 6 0 -1.0000 -1.0000 -1.000000
1290.00 P 20260807 -1.00 -1.00 2 1 -1.0000 -1.0000 -1.000000
1300.00 P 20260807 -1.00 -1.00 6 0 -1.0000 -1.0000 -1.000000
1310.00 P 20260807 -1.00 -1.00 2 0 -1.0000 -1.0000 -1.000000
1320.00 P 20260807 -1.00 -1.00 4 0 -1.0000 -1.0000 -1.000000
1330.00 P 20260807 -1.00 -1.00 1 0 -1.0000 -1.0000 -1.000000
1340.00 P 20260807 -1.00 -1.00 24 1 -1.0000 -1.0000 -1.000000
1350.00 P 20260807 -1.00 -1.00 24 0 -1.0000 -1.0000 -1.000000
1360.00 P 20260807 -1.00 -1.00 2 0 -1.0000 -1.0000 -1.000000
1370.00 P 20260807 -1.00 -1.00 2 0 -1.0000 -1.0000 -1.000000
1380.00 P 20260807 -1.00 -1.00 -1 0 -1.0000 -1.0000 -1.000000
1390.00 P 20260807 -1.00 -1.00 2 0 -1.0000 -1.0000 -1.000000
1225.00 C 20260810 -1.00 -1.00 -1 0 1.0266 0.0340 0.000484
1230.00 C 20260810 -1.00 -1.00 3 0 1.0118 0.0309 0.000451
1235.00 C 20260810 -1.00 -1.00 1 237 1.0399 0.0329 0.000463
1240.00 C 20260810 -1.00 -1.00 1 0 1.0305 0.0304 0.000436
1250.00 C 20260810 -1.00 -1.00 2 10 1.0139 0.0256 0.000382
1260.00 C 20260810 -1.00 -1.00 -1 0 1.0202 0.0236 0.000355
1270.00 C 20260810 -1.00 -1.00 6 20 1.0433 0.0239 0.000350
1280.00 C 20260810 -1.00 -1.00 98 0 1.0537 0.0225 0.000330
1290.00 C 20260810 -1.00 -1.00 13 0 1.0624 0.0210 0.000309
1300.00 C 20260810 -1.00 -1.00 -1 0 1.0518 0.0170 0.000262
1310.00 C 20260810 -1.00 -1.00 6 0 1.0790 0.0180 0.000268
1320.00 C 20260810 -1.00 -1.00 -1 0 1.0844 0.0161 0.000244
1330.00 C 20260810 -1.00 -1.00 6 0 1.0973 0.0154 0.000233
1340.00 C 20260810 -1.00 -1.00 -1 0 1.1039 0.0148 0.000223
1350.00 C 20260810 -1.00 -1.00 6 0 1.1010 0.0136 0.000206
1360.00 C 20260810 -1.00 -1.00 3 0 1.1337 0.0144 0.000212
1370.00 C 20260810 -1.00 -1.00 3 1 1.1176 0.0125 0.000188
1225.00 P 20260810 -1.00 -1.00 -1 0 0.8737 -0.9907 0.000288
1230.00 P 20260810 -1.00 -1.00 -1 0 -1.0000 -1.0000 -1.000000
1235.00 P 20260810 -1.00 -1.00 -1 0 0.8819 -0.9915 0.000269
1240.00 P 20260810 -1.00 -1.00 -1 0 0.8904 -0.9916 0.000264
1250.00 P 20260810 -1.00 -1.00 -1 0 -1.0000 -1.0000 -1.000000
1260.00 P 20260810 -1.00 -1.00 -1 0 0.8711 -0.9966 0.000176
1270.00 P 20260810 -1.00 -1.00 -1 0 -1.0000 -1.0000 -1.000000
1280.00 P 20260810 -1.00 -1.00 -1 0 -1.0000 -1.0000 -1.000000
1290.00 P 20260810 -1.00 -1.00 -1 0 -1.0000 -1.0000 -1.000000
1300.00 P 20260810 -1.00 -1.00 -1 0 -1.0000 -1.0000 -1.000000
1310.00 P 20260810 -1.00 -1.00 -1 0 -1.0000 -1.0000 -1.000000
1320.00 P 20260810 -1.00 -1.00 -1 0 -1.0000 -1.0000 -1.000000
1330.00 P 20260810 -1.00 -1.00 -1 0 -1.0000 -1.0000 -1.000000
1340.00 P 20260810 -1.00 -1.00 -1 0 -1.0000 -1.0000 -1.000000
1350.00 P 20260810 -1.00 -1.00 -1 0 -1.0000 -1.0000 -1.000000
1360.00 P 20260810 -1.00 -1.00 -1 0 1.0184 -0.9978 0.000105
1370.00 P 20260810 -1.00 -1.00 -1 0 -1.0000 -1.0000 -1.000000
1225.00 C 20260812 -1.00 -1.00 -1 0 1.0268 0.0491 0.000596
1230.00 C 20260812 -1.00 -1.00 -1 0 1.0299 0.0472 0.000577
1235.00 C 20260812 -1.00 -1.00 -1 0 1.0320 0.0451 0.000556
1240.00 C 20260812 -1.00 -1.00 -1 0 1.0356 0.0434 0.000538
1250.00 C 20260812 -1.00 -1.00 -1 0 1.0443 0.0402 0.000505
1260.00 C 20260812 -1.00 -1.00 -1 0 1.0486 0.0375 0.000475
1270.00 C 20260812 -1.00 -1.00 -1 0 1.0452 0.0347 0.000445
1280.00 C 20260812 -1.00 -1.00 3 0 1.0491 0.0327 0.000421
1290.00 C 20260812 -1.00 -1.00 -1 0 1.0463 0.0299 0.000390
1300.00 C 20260812 -1.00 -1.00 -1 0 1.0204 0.0242 0.000333
1310.00 C 20260812 -1.00 -1.00 6 0 1.0439 0.0248 0.000333
1320.00 C 20260812 -1.00 -1.00 -1 0 1.0597 0.0244 0.000324
1330.00 C 20260812 -1.00 -1.00 6 0 1.0639 0.0226 0.000302
1340.00 C 20260812 -1.00 -1.00 -1 0 1.0724 0.0213 0.000285
1350.00 C 20260812 -1.00 -1.00 -1 0 1.0789 0.0198 0.000267
1360.00 C 20260812 -1.00 -1.00 596 0 1.0868 0.0185 0.000251
1370.00 C 20260812 -1.00 -1.00 3 0 1.1109 0.0194 0.000255
1225.00 P 20260812 -1.00 -1.00 -1 0 0.9372 -0.9712 0.000497
1230.00 P 20260812 -1.00 -1.00 -1 0 0.9352 -0.9730 0.000477
1235.00 P 20260812 -1.00 -1.00 -1 0 0.8930 -0.9809 0.000403
1240.00 P 20260812 -1.00 -1.00 -1 0 0.9769 -0.9701 0.000488
1250.00 P 20260812 -1.00 -1.00 -1 0 0.9193 -0.9813 0.000385
1260.00 P 20260812 -1.00 -1.00 -1 0 0.9542 -0.9788 0.000393
1270.00 P 20260812 -1.00 -1.00 -1 0 0.9193 -0.9874 0.000314
1280.00 P 20260812 -1.00 -1.00 -1 0 0.9217 -0.9898 0.000273
1290.00 P 20260812 -1.00 -1.00 -1 0 0.8627 -0.9965 0.000174
1300.00 P 20260812 -1.00 -1.00 -1 0 -1.0000 -1.0000 -1.000000
1310.00 P 20260812 -1.00 -1.00 -1 0 -1.0000 -1.0000 -1.000000
1320.00 P 20260812 -1.00 -1.00 -1 0 -1.0000 -1.0000 -1.000000
1330.00 P 20260812 -1.00 -1.00 -1 0 -1.0000 -1.0000 -1.000000
1340.00 P 20260812 -1.00 -1.00 -1 0 -1.0000 -1.0000 -1.000000
1350.00 P 20260812 -1.00 -1.00 -1 0 -1.0000 -1.0000 -1.000000
1360.00 P 20260812 -1.00 -1.00 -1 0 -1.0000 -1.0000 -1.000000
1370.00 P 20260812 -1.00 -1.00 -1 0 -1.0000 -1.0000 -1.000000
1230.00 C 20260814 -1.00 -1.00 101 177 1.0248 0.0617 0.000666
1240.00 C 20260814 -1.00 -1.00 1 133 1.0295 0.0579 0.000631
1250.00 C 20260814 -1.00 -1.00 35 173 1.0352 0.0544 0.000597
1260.00 C 20260814 -1.00 -1.00 16 173 1.0386 0.0505 0.000561
1270.00 C 20260814 -1.00 -1.00 4 164 1.0466 0.0476 0.000533
1280.00 C 20260814 -1.00 -1.00 11 139 1.0544 0.0447 0.000504
1290.00 C 20260814 -1.00 -1.00 5 178 1.0608 0.0416 0.000475
1300.00 C 20260814 -1.00 -1.00 26 423 1.0690 0.0392 0.000451
1310.00 C 20260814 -1.00 -1.00 17 57 1.0669 0.0368 0.000427
1320.00 C 20260814 -1.00 -1.00 5 210 1.0689 0.0349 0.000406
1330.00 C 20260814 -1.00 -1.00 1 80 1.0703 0.0329 0.000385
1340.00 C 20260814 -1.00 -1.00 3 71 1.0700 0.0307 0.000363
1350.00 C 20260814 -1.00 -1.00 13 177 1.0758 0.0292 0.000346
1360.00 C 20260814 -1.00 -1.00 23 188 1.0799 0.0276 0.000328
1370.00 C 20260814 -1.00 -1.00 10 98 1.0817 0.0257 0.000308
1380.00 C 20260814 -1.00 -1.00 4 128 1.0896 0.0245 0.000295
1390.00 C 20260814 -1.00 -1.00 2 70 1.0952 0.0232 0.000279
1230.00 P 20260814 -1.00 -1.00 1 1 1.0200 -0.9430 0.000678
1240.00 P 20260814 -1.00 -1.00 15 32 1.0110 -0.9499 0.000625
1250.00 P 20260814 -1.00 -1.00 1 1 0.9849 -0.9612 0.000543
1260.00 P 20260814 -1.00 -1.00 4 2 0.9981 -0.9630 0.000521
1270.00 P 20260814 -1.00 -1.00 8 2 0.9876 -0.9680 0.000479
1280.00 P 20260814 -1.00 -1.00 6 3 1.0058 -0.9681 0.000468
1290.00 P 20260814 -1.00 -1.00 -1 0 0.9820 -0.9738 0.000419
1300.00 P 20260814 -1.00 -1.00 1 0 0.9797 -0.9766 0.000388
1310.00 P 20260814 -1.00 -1.00 1 0 0.9767 -0.9797 0.000359
1320.00 P 20260814 -1.00 -1.00 1 0 0.9756 -0.9826 0.000334
1330.00 P 20260814 -1.00 -1.00 -1 0 0.9737 -0.9855 0.000304
1340.00 P 20260814 -1.00 -1.00 6 0 0.9798 -0.9870 0.000283
1350.00 P 20260814 -1.00 -1.00 -1 0 0.9917 -0.9877 0.000271
1360.00 P 20260814 -1.00 -1.00 -1 0 1.0248 -0.9851 0.000291
1370.00 P 20260814 -1.00 -1.00 10 0 0.9732 -0.9926 0.000208
1380.00 P 20260814 -1.00 -1.00 -1 0 -1.0000 -1.0000 -1.000000
1390.00 P 20260814 -1.00 -1.00 1 1 -1.0000 -1.0000 -1.000000
1230.00 C 20260821 -1.00 -1.00 4 484 0.9834 0.0955 0.000809
1240.00 C 20260821 -1.00 -1.00 3 333 0.9909 0.0909 0.000777
1250.00 C 20260821 -1.00 -1.00 400 2300 0.9953 0.0859 0.000745
1260.00 C 20260821 -1.00 -1.00 13 739 0.9910 0.0811 0.000713
1270.00 C 20260821 -1.00 -1.00 16 525 0.9905 0.0771 0.000683
1280.00 C 20260821 -1.00 -1.00 10 1062 0.9910 0.0733 0.000655
1290.00 C 20260821 -1.00 -1.00 13 381 0.9905 0.0692 0.000625
1300.00 C 20260821 -1.00 -1.00 369 3390 0.9929 0.0658 0.000599
1310.00 C 20260821 -1.00 -1.00 6 374 0.9942 0.0622 0.000571
1320.00 C 20260821 -1.00 -1.00 15 500 0.9983 0.0592 0.000547
1330.00 C 20260821 -1.00 -1.00 11 413 1.0015 0.0560 0.000522
1340.00 C 20260821 -1.00 -1.00 5 201 1.0056 0.0531 0.000499
1350.00 C 20260821 -1.00 -1.00 106 2134 1.0105 0.0504 0.000477
1360.00 C 20260821 -1.00 -1.00 2 358 1.0163 0.0479 0.000457
1370.00 C 20260821 -1.00 -1.00 7 268 1.0221 0.0455 0.000437
1380.00 C 20260821 -1.00 -1.00 8 239 1.0278 0.0431 0.000418
1390.00 C 20260821 -1.00 -1.00 1 198 1.0361 0.0413 0.000402
1230.00 P 20260821 -1.00 -1.00 1 52 0.9559 -0.9181 0.000797
1240.00 P 20260821 -1.00 -1.00 1 48 0.9617 -0.9212 0.000770
1250.00 P 20260821 -1.00 -1.00 3 313 0.9602 -0.9258 0.000739
1260.00 P 20260821 -1.00 -1.00 1 25 0.9439 -0.9337 0.000694
1270.00 P 20260821 -1.00 -1.00 10 136 0.9364 -0.9399 0.000654
1280.00 P 20260821 -1.00 -1.00 1 20 0.9484 -0.9413 0.000634
1290.00 P 20260821 -1.00 -1.00 30 72 0.9413 -0.9474 0.000594
1300.00 P 20260821 -1.00 -1.00 5 142 0.9591 -0.9473 0.000583
1310.00 P 20260821 -1.00 -1.00 12 144 0.9495 -0.9541 0.000541
1320.00 P 20260821 -1.00 -1.00 2 34 0.9464 -0.9593 0.000506
1330.00 P 20260821 -1.00 -1.00 3 6 0.9491 -0.9629 0.000478
1340.00 P 20260821 -1.00 -1.00 1 12 0.9567 -0.9650 0.000457
1350.00 P 20260821 -1.00 -1.00 128 143 0.9643 -0.9663 0.000442
1360.00 P 20260821 -1.00 -1.00 1 23 0.9223 -0.9749 0.000389
1370.00 P 20260821 -1.00 -1.00 1 1 0.9259 -0.9766 0.000374
1380.00 P 20260821 -1.00 -1.00 6 8 0.9247 -0.9790 0.000354
1390.00 P 20260821 -1.00 -1.00 1 4 0.9208 -0.9819 0.000331
