# opt_chain MU | epoch 1785438136 | 2026-07-30 15:02:16 | spot 868.12 | exps 20260731 20260803 20260805 20260807 20260810 20260812 20260814 20260821
# fuente polygon_snapshot_v3 | greeks polygon_directo | iv polygon_directo | oi polygon_directo | vol day.volume(-1 si no cotizo) | bid/ask NO_ENTITLED(-1) | spot_src ibkr_bridge spot_edad_s 72 | band 0.6000 vencimientos 8 exp_hasta 2026-08-21
# strike right exp bid ask vol oi iv delta gamma
525.00 C 20260731 -1.00 -1.00 1 2 3.8141 0.9926 0.000108
530.00 C 20260731 -1.00 -1.00 1 23 3.8678 0.9913 0.000123
535.00 C 20260731 -1.00 -1.00 1 2 3.6860 0.9923 0.000115
540.00 C 20260731 -1.00 -1.00 11 22 3.7747 0.9905 0.000137
545.00 C 20260731 -1.00 -1.00 1 1 3.6767 0.9909 0.000135
550.00 C 20260731 -1.00 -1.00 3 12 3.6250 0.9905 0.000143
555.00 C 20260731 -1.00 -1.00 -1 0 3.0914 0.9961 0.000076
557.50 C 20260731 -1.00 -1.00 -1 0 3.3779 0.9921 0.000129
560.00 C 20260731 -1.00 -1.00 1 4 3.2329 0.9934 0.000115
562.50 C 20260731 -1.00 -1.00 -1 0 3.3175 0.9919 0.000134
565.00 C 20260731 -1.00 -1.00 1 5 3.4729 0.9888 0.000170
567.50 C 20260731 -1.00 -1.00 -1 0 3.3787 0.9902 0.000157
570.00 C 20260731 -1.00 -1.00 1 5 3.2563 0.9914 0.000145
572.50 C 20260731 -1.00 -1.00 -1 0 3.3740 0.9885 0.000179
575.00 C 20260731 -1.00 -1.00 1 7 3.3292 0.9887 0.000179
577.50 C 20260731 -1.00 -1.00 -1 0 3.1113 0.9919 0.000144
580.00 C 20260731 -1.00 -1.00 1 9 3.1104 0.9915 0.000151
582.50 C 20260731 -1.00 -1.00 -1 0 3.1599 0.9904 0.000166
585.00 C 20260731 -1.00 -1.00 2 17 3.0524 0.9913 0.000156
587.50 C 20260731 -1.00 -1.00 -1 0 3.1802 0.9879 0.000199
590.00 C 20260731 -1.00 -1.00 1 26 3.1005 0.9891 0.000187
592.50 C 20260731 -1.00 -1.00 4 25 2.9663 0.9911 0.000164
595.00 C 20260731 -1.00 -1.00 5 11 2.9898 0.9903 0.000176
597.50 C 20260731 -1.00 -1.00 -1 0 3.0656 0.9871 0.000217
600.00 C 20260731 -1.00 -1.00 50 132 2.9632 0.9890 0.000196
602.50 C 20260731 -1.00 -1.00 -1 0 2.9440 0.9886 0.000204
605.00 C 20260731 -1.00 -1.00 5 8 2.5222 0.9953 0.000107
607.50 C 20260731 -1.00 -1.00 1 1 2.9176 0.9873 0.000225
610.00 C 20260731 -1.00 -1.00 35 47 3.0046 0.9838 0.000269
612.50 C 20260731 -1.00 -1.00 -1 0 2.9150 0.9853 0.000255
615.00 C 20260731 -1.00 -1.00 1 2 2.7673 0.9888 0.000214
617.50 C 20260731 -1.00 -1.00 -1 0 2.7955 0.9868 0.000243
620.00 C 20260731 -1.00 -1.00 2 10 2.5784 0.9914 0.000183
622.50 C 20260731 -1.00 -1.00 -1 0 2.6886 0.9881 0.000232
625.00 C 20260731 -1.00 -1.00 5 10 2.3620 0.9940 0.000144
627.50 C 20260731 -1.00 -1.00 -1 0 3.0232 0.9762 0.000376
630.00 C 20260731 -1.00 -1.00 28 34 2.5877 0.9881 0.000241
632.50 C 20260731 -1.00 -1.00 -1 0 2.5929 0.9868 0.000262
635.00 C 20260731 -1.00 -1.00 3 14 2.5634 0.9866 0.000267
637.50 C 20260731 -1.00 -1.00 12 0 2.4996 0.9877 0.000256
640.00 C 20260731 -1.00 -1.00 4 35 2.4704 0.9876 0.000261
642.50 C 20260731 -1.00 -1.00 -1 0 2.6361 0.9808 0.000356
645.00 C 20260731 -1.00 -1.00 4 26 2.4467 0.9861 0.000290
647.50 C 20260731 -1.00 -1.00 10 11 2.5434 0.9815 0.000356
650.00 C 20260731 -1.00 -1.00 9 50 -1.0000 -1.0000 -1.000000
652.50 C 20260731 -1.00 -1.00 12 12 2.4173 0.9835 0.000339
655.00 C 20260731 -1.00 -1.00 2 9 2.3092 0.9863 0.000303
657.50 C 20260731 -1.00 -1.00 -1 0 2.3374 0.9840 0.000342
660.00 C 20260731 -1.00 -1.00 1 8 -1.0000 -1.0000 -1.000000
662.50 C 20260731 -1.00 -1.00 6 0 2.1342 0.9897 0.000260
665.00 C 20260731 -1.00 -1.00 6 5 2.2301 0.9843 0.000352
667.50 C 20260731 -1.00 -1.00 -1 0 2.2358 0.9828 0.000380
670.00 C 20260731 -1.00 -1.00 3 6 2.0844 0.9878 0.000304
672.50 C 20260731 -1.00 -1.00 1 1 2.1128 0.9852 0.000354
675.00 C 20260731 -1.00 -1.00 3 9 2.0628 0.9860 0.000345
677.50 C 20260731 -1.00 -1.00 1 2 2.0353 0.9859 0.000353
680.00 C 20260731 -1.00 -1.00 18 19 1.3849 0.9993 0.000036
682.50 C 20260731 -1.00 -1.00 -1 0 2.0917 0.9806 0.000451
685.00 C 20260731 -1.00 -1.00 17 14 1.9756 0.9843 0.000398
687.50 C 20260731 -1.00 -1.00 1 1 2.0148 0.9811 0.000458
690.00 C 20260731 -1.00 -1.00 23 30 1.7589 0.9907 0.000286
692.50 C 20260731 -1.00 -1.00 1 3 1.8614 0.9853 0.000399
695.00 C 20260731 -1.00 -1.00 16 7 1.9667 0.9789 0.000517
697.50 C 20260731 -1.00 -1.00 2 2 1.8739 0.9817 0.000480
700.00 C 20260731 -1.00 -1.00 139 254 1.9239 0.9779 0.000552
702.50 C 20260731 -1.00 -1.00 1 1 1.9847 0.9738 0.000623
705.00 C 20260731 -1.00 -1.00 2 17 1.6629 0.9880 0.000377
707.50 C 20260731 -1.00 -1.00 3 2 1.8767 0.9755 0.000620
710.00 C 20260731 -1.00 -1.00 2 96 2.1752 0.9524 0.000918
712.50 C 20260731 -1.00 -1.00 3 13 -1.0000 -1.0000 -1.000000
715.00 C 20260731 -1.00 -1.00 8 92 1.6239 0.9835 0.000507
717.50 C 20260731 -1.00 -1.00 -1 0 1.8350 0.9697 0.000756
720.00 C 20260731 -1.00 -1.00 18 69 1.8269 0.9674 0.000804
722.50 C 20260731 -1.00 -1.00 8 5 1.7083 0.9739 0.000720
725.00 C 20260731 -1.00 -1.00 113 44 1.4055 0.9896 0.000398
727.50 C 20260731 -1.00 -1.00 32 15 1.7275 0.9669 0.000860
730.00 C 20260731 -1.00 -1.00 453 473 1.9558 0.9454 0.001146
732.50 C 20260731 -1.00 -1.00 5 12 1.6636 0.9664 0.000904
735.00 C 20260731 -1.00 -1.00 249 415 1.9500 0.9401 0.001246
737.50 C 20260731 -1.00 -1.00 16 28 1.5414 0.9720 0.000848
740.00 C 20260731 -1.00 -1.00 72 177 -1.0000 -1.0000 -1.000000
742.50 C 20260731 -1.00 -1.00 47 44 1.4838 0.9712 0.000902
745.00 C 20260731 -1.00 -1.00 102 364 1.8480 0.9331 0.001425
747.50 C 20260731 -1.00 -1.00 65 141 1.5540 0.9565 0.001190
750.00 C 20260731 -1.00 -1.00 504 497 1.5360 0.9548 0.001245
755.00 C 20260731 -1.00 -1.00 135 202 1.6425 0.9382 0.001517
760.00 C 20260731 -1.00 -1.00 540 709 1.2856 0.9675 0.001142
765.00 C 20260731 -1.00 -1.00 164 355 1.4709 0.9391 0.001672
770.00 C 20260731 -1.00 -1.00 535 2111 1.4977 0.9236 0.001934
775.00 C 20260731 -1.00 -1.00 549 450 1.1401 0.9604 0.001506
780.00 C 20260731 -1.00 -1.00 788 1655 1.2779 0.9329 0.002070
785.00 C 20260731 -1.00 -1.00 789 474 1.3069 0.9135 0.002428
790.00 C 20260731 -1.00 -1.00 1570 999 1.2878 0.9023 0.002701
795.00 C 20260731 -1.00 -1.00 997 403 1.3255 0.8825 0.003033
800.00 C 20260731 -1.00 -1.00 9763 9805 1.3452 0.8613 0.003338
805.00 C 20260731 -1.00 -1.00 1744 490 1.3172 0.8459 0.003640
810.00 C 20260731 -1.00 -1.00 2972 583 1.2639 0.8343 0.003974
815.00 C 20260731 -1.00 -1.00 2927 2358 1.3422 0.8005 0.004240
820.00 C 20260731 -1.00 -1.00 5709 1162 1.2969 0.7862 0.004604
825.00 C 20260731 -1.00 -1.00 4326 737 1.2734 0.7640 0.004925
830.00 C 20260731 -1.00 -1.00 6936 2803 1.2587 0.7384 0.005229
835.00 C 20260731 -1.00 -1.00 4609 805 1.2514 0.7112 0.005523
840.00 C 20260731 -1.00 -1.00 9137 948 1.2501 0.6831 0.005801
845.00 C 20260731 -1.00 -1.00 4384 371 1.2396 0.6555 0.006104
850.00 C 20260731 -1.00 -1.00 29175 4238 1.2303 0.6240 0.006266
855.00 C 20260731 -1.00 -1.00 6986 348 1.2185 0.5922 0.006445
860.00 C 20260731 -1.00 -1.00 13258 1686 1.2157 0.5595 0.006582
865.00 C 20260731 -1.00 -1.00 6622 526 1.2243 0.5267 0.006657
870.00 C 20260731 -1.00 -1.00 13064 1183 1.2175 0.4941 0.006688
875.00 C 20260731 -1.00 -1.00 7857 533 1.2035 0.4610 0.006682
880.00 C 20260731 -1.00 -1.00 8810 3490 1.2009 0.4280 0.006612
885.00 C 20260731 -1.00 -1.00 3412 715 1.2046 0.3956 0.006510
890.00 C 20260731 -1.00 -1.00 4011 1581 1.2159 0.3651 0.006347
895.00 C 20260731 -1.00 -1.00 2220 405 1.1977 0.3344 0.006172
900.00 C 20260731 -1.00 -1.00 33638 8449 1.1923 0.3050 0.005938
905.00 C 20260731 -1.00 -1.00 2437 836 1.1940 0.2768 0.005677
910.00 C 20260731 -1.00 -1.00 3757 1148 1.2028 0.2502 0.005400
915.00 C 20260731 -1.00 -1.00 3693 565 1.1993 0.2257 0.005107
920.00 C 20260731 -1.00 -1.00 5113 1589 1.1855 0.2013 0.004793
925.00 C 20260731 -1.00 -1.00 3925 938 1.1900 0.1806 0.004458
930.00 C 20260731 -1.00 -1.00 5430 929 1.1945 0.1601 0.004127
935.00 C 20260731 -1.00 -1.00 2404 912 1.2026 0.1406 0.003805
940.00 C 20260731 -1.00 -1.00 6068 1929 1.1893 0.1239 0.003488
945.00 C 20260731 -1.00 -1.00 1673 632 1.1880 0.1094 0.003176
947.50 C 20260731 -1.00 -1.00 648 315 1.1882 0.1023 0.003021
950.00 C 20260731 -1.00 -1.00 13569 5147 1.1927 0.0961 0.002876
952.50 C 20260731 -1.00 -1.00 1338 239 1.1934 0.0891 0.002724
955.00 C 20260731 -1.00 -1.00 1097 2006 1.1990 0.0833 0.002585
957.50 C 20260731 -1.00 -1.00 539 67 1.2051 0.0776 0.002450
960.00 C 20260731 -1.00 -1.00 2823 1511 1.2165 0.0732 0.002334
962.50 C 20260731 -1.00 -1.00 466 72 1.2082 0.0679 0.002207
965.00 C 20260731 -1.00 -1.00 998 596 1.1962 0.0622 0.002069
967.50 C 20260731 -1.00 -1.00 733 153 1.1981 0.0584 0.001961
970.00 C 20260731 -1.00 -1.00 1678 955 1.2000 0.0547 0.001853
972.50 C 20260731 -1.00 -1.00 474 128 1.2009 0.0508 0.001743
975.00 C 20260731 -1.00 -1.00 1365 829 1.2028 0.0470 0.001637
977.50 C 20260731 -1.00 -1.00 190 90 1.2112 0.0443 0.001551
980.00 C 20260731 -1.00 -1.00 2024 1399 1.2177 0.0414 0.001461
982.50 C 20260731 -1.00 -1.00 152 86 1.2232 0.0383 0.001371
985.00 C 20260731 -1.00 -1.00 1243 464 1.2297 0.0354 0.001285
990.00 C 20260731 -1.00 -1.00 1096 765 1.2399 0.0313 0.001152
995.00 C 20260731 -1.00 -1.00 599 333 1.2539 0.0287 0.001053
1000.00 C 20260731 -1.00 -1.00 12688 7563 1.2534 0.0248 0.000927
1005.00 C 20260731 -1.00 -1.00 362 885 1.2601 0.0216 0.000819
1010.00 C 20260731 -1.00 -1.00 872 909 1.2668 0.0184 0.000712
1015.00 C 20260731 -1.00 -1.00 267 419 1.2933 0.0172 0.000657
1020.00 C 20260731 -1.00 -1.00 766 835 1.3143 0.0155 0.000594
1025.00 C 20260731 -1.00 -1.00 683 989 1.3334 0.0136 0.000529
1030.00 C 20260731 -1.00 -1.00 389 458 1.3430 0.0123 0.000481
1035.00 C 20260731 -1.00 -1.00 196 287 1.3526 0.0112 0.000438
1040.00 C 20260731 -1.00 -1.00 838 1400 1.3579 0.0100 0.000391
1045.00 C 20260731 -1.00 -1.00 148 357 1.3799 0.0094 0.000366
1050.00 C 20260731 -1.00 -1.00 1580 5414 1.3727 0.0077 0.000305
1055.00 C 20260731 -1.00 -1.00 247 544 1.4028 0.0075 0.000294
1060.00 C 20260731 -1.00 -1.00 370 965 1.4286 0.0072 0.000278
1065.00 C 20260731 -1.00 -1.00 269 2956 1.4378 0.0062 0.000242
1070.00 C 20260731 -1.00 -1.00 332 837 1.4675 0.0061 0.000234
1075.00 C 20260731 -1.00 -1.00 314 566 1.4889 0.0057 0.000216
1080.00 C 20260731 -1.00 -1.00 61 820 1.5184 0.0056 0.000209
1085.00 C 20260731 -1.00 -1.00 135 1425 1.5395 0.0051 0.000193
1090.00 C 20260731 -1.00 -1.00 87 505 1.5530 0.0046 0.000172
1095.00 C 20260731 -1.00 -1.00 60 498 1.5339 0.0038 0.000147
1100.00 C 20260731 -1.00 -1.00 1594 8015 1.5259 0.0032 0.000126
1105.00 C 20260731 -1.00 -1.00 36 442 1.5403 0.0030 0.000117
1110.00 C 20260731 -1.00 -1.00 151 1011 1.5324 0.0024 0.000096
1115.00 C 20260731 -1.00 -1.00 59 191 1.5800 0.0027 0.000104
1120.00 C 20260731 -1.00 -1.00 34 337 1.6273 0.0030 0.000112
1125.00 C 20260731 -1.00 -1.00 47 598 1.6192 0.0025 0.000093
1130.00 C 20260731 -1.00 -1.00 9 565 1.6222 0.0021 0.000080
1135.00 C 20260731 -1.00 -1.00 54 220 1.6692 0.0024 0.000088
1140.00 C 20260731 -1.00 -1.00 86 366 1.7159 0.0027 0.000096
1145.00 C 20260731 -1.00 -1.00 97 136 1.7077 0.0022 0.000079
1150.00 C 20260731 -1.00 -1.00 267 2682 1.6886 0.0015 0.000056
1155.00 C 20260731 -1.00 -1.00 39 144 1.7568 0.0021 0.000075
1160.00 C 20260731 -1.00 -1.00 175 565 1.7377 0.0014 0.000053
1165.00 C 20260731 -1.00 -1.00 20 168 1.8163 0.0022 0.000076
1170.00 C 20260731 -1.00 -1.00 38 309 1.8297 0.0020 0.000069
1175.00 C 20260731 -1.00 -1.00 5 122 1.8537 0.0020 0.000068
1180.00 C 20260731 -1.00 -1.00 82 695 1.8669 0.0018 0.000062
1185.00 C 20260731 -1.00 -1.00 13 59 1.9016 0.0020 0.000065
1190.00 C 20260731 -1.00 -1.00 115 287 1.9254 0.0019 0.000063
1195.00 C 20260731 -1.00 -1.00 167 57 1.9383 0.0018 0.000058
1200.00 C 20260731 -1.00 -1.00 824 4370 1.8454 0.0010 0.000035
1205.00 C 20260731 -1.00 -1.00 60 85 1.9961 0.0019 0.000059
1210.00 C 20260731 -1.00 -1.00 136 595 1.8523 0.0008 0.000028
1215.00 C 20260731 -1.00 -1.00 38 66 1.9081 0.0009 0.000033
525.00 P 20260731 -1.00 -1.00 2046 2752 2.9495 -0.0008 0.000019
530.00 P 20260731 -1.00 -1.00 121 969 2.9361 -0.0009 0.000021
535.00 P 20260731 -1.00 -1.00 39 260 2.8491 -0.0008 0.000020
540.00 P 20260731 -1.00 -1.00 318 741 2.8283 -0.0010 0.000023
545.00 P 20260731 -1.00 -1.00 71 394 2.8071 -0.0012 0.000027
550.00 P 20260731 -1.00 -1.00 1901 9755 2.7542 -0.0012 0.000028
555.00 P 20260731 -1.00 -1.00 198 113 2.7019 -0.0012 0.000030
557.50 P 20260731 -1.00 -1.00 66 114 2.6285 -0.0009 0.000023
560.00 P 20260731 -1.00 -1.00 516 590 2.6658 -0.0013 0.000033
562.50 P 20260731 -1.00 -1.00 29 31 2.6557 -0.0015 0.000035
565.00 P 20260731 -1.00 -1.00 2189 2412 2.6300 -0.0015 0.000036
567.50 P 20260731 -1.00 -1.00 36 148 2.5887 -0.0014 0.000035
570.00 P 20260731 -1.00 -1.00 317 385 2.5632 -0.0014 0.000035
572.50 P 20260731 -1.00 -1.00 25 91 2.7093 -0.0025 0.000058
575.00 P 20260731 -1.00 -1.00 234 1160 2.6215 -0.0022 0.000052
577.50 P 20260731 -1.00 -1.00 51 255 2.5806 -0.0021 0.000050
580.00 P 20260731 -1.00 -1.00 334 695 2.4780 -0.0016 0.000040
582.50 P 20260731 -1.00 -1.00 55 176 2.4376 -0.0015 0.000039
585.00 P 20260731 -1.00 -1.00 94 343 2.4745 -0.0019 0.000049
587.50 P 20260731 -1.00 -1.00 74 55 2.4343 -0.0018 0.000048
590.00 P 20260731 -1.00 -1.00 418 1155 2.4096 -0.0019 0.000049
592.50 P 20260731 -1.00 -1.00 40 63 2.4616 -0.0024 0.000061
595.00 P 20260731 -1.00 -1.00 7379 9763 2.3911 -0.0021 0.000055
597.50 P 20260731 -1.00 -1.00 72 177 2.3209 -0.0018 0.000049
600.00 P 20260731 -1.00 -1.00 1947 4071 2.3728 -0.0024 0.000062
602.50 P 20260731 -1.00 -1.00 126 54 2.4092 -0.0028 0.000073
605.00 P 20260731 -1.00 -1.00 80 187 2.3546 -0.0027 0.000070
607.50 P 20260731 -1.00 -1.00 16 58 2.3002 -0.0025 0.000066
610.00 P 20260731 -1.00 -1.00 1125 1281 2.3517 -0.0030 0.000079
612.50 P 20260731 -1.00 -1.00 32 80 2.4214 -0.0044 0.000107
615.00 P 20260731 -1.00 -1.00 34 694 2.3457 -0.0035 0.000091
617.50 P 20260731 -1.00 -1.00 12 49 2.2199 -0.0027 0.000074
620.00 P 20260731 -1.00 -1.00 170 1543 2.3042 -0.0038 0.000099
622.50 P 20260731 -1.00 -1.00 10 263 2.2564 -0.0034 0.000092
625.00 P 20260731 -1.00 -1.00 436 1753 2.1791 -0.0030 0.000084
627.50 P 20260731 -1.00 -1.00 46 128 2.2046 -0.0035 0.000096
630.00 P 20260731 -1.00 -1.00 876 1393 2.1950 -0.0039 0.000105
632.50 P 20260731 -1.00 -1.00 79 248 2.2017 -0.0046 0.000121
635.00 P 20260731 -1.00 -1.00 374 364 2.1546 -0.0042 0.000114
637.50 P 20260731 -1.00 -1.00 54 163 2.1291 -0.0042 0.000117
640.00 P 20260731 -1.00 -1.00 509 1074 2.0769 -0.0037 0.000107
642.50 P 20260731 -1.00 -1.00 31 83 2.0731 -0.0042 0.000120
645.00 P 20260731 -1.00 -1.00 261 364 2.0853 -0.0051 0.000140
647.50 P 20260731 -1.00 -1.00 125 110 2.0388 -0.0047 0.000133
650.00 P 20260731 -1.00 -1.00 4019 6409 2.0457 -0.0054 0.000151
652.50 P 20260731 -1.00 -1.00 162 201 2.0154 -0.0054 0.000152
655.00 P 20260731 -1.00 -1.00 1167 391 2.0117 -0.0059 0.000166
657.50 P 20260731 -1.00 -1.00 27 117 2.0080 -0.0065 0.000180
660.00 P 20260731 -1.00 -1.00 1144 1081 1.9622 -0.0061 0.000174
662.50 P 20260731 -1.00 -1.00 90 89 2.0007 -0.0076 0.000208
665.00 P 20260731 -1.00 -1.00 484 2199 1.9236 -0.0065 0.000188
667.50 P 20260731 -1.00 -1.00 70 79 1.9253 -0.0072 0.000206
670.00 P 20260731 -1.00 -1.00 795 3046 1.9114 -0.0075 0.000216
672.50 P 20260731 -1.00 -1.00 79 98 1.8923 -0.0077 0.000224
675.00 P 20260731 -1.00 -1.00 1830 2199 1.8889 -0.0083 0.000240
677.50 P 20260731 -1.00 -1.00 305 291 1.8543 -0.0081 0.000240
680.00 P 20260731 -1.00 -1.00 1526 2938 1.8457 -0.0086 0.000254
682.50 P 20260731 -1.00 -1.00 622 122 1.8269 -0.0088 0.000263
685.00 P 20260731 -1.00 -1.00 798 609 1.8236 -0.0094 0.000280
687.50 P 20260731 -1.00 -1.00 104 96 1.7894 -0.0093 0.000282
690.00 P 20260731 -1.00 -1.00 1971 2079 1.8138 -0.0107 0.000315
692.50 P 20260731 -1.00 -1.00 211 134 1.7850 -0.0107 0.000320
695.00 P 20260731 -1.00 -1.00 674 531 1.7739 -0.0117 0.000346
697.50 P 20260731 -1.00 -1.00 231 287 1.7518 -0.0121 0.000360
700.00 P 20260731 -1.00 -1.00 8124 8519 1.7397 -0.0129 0.000385
702.50 P 20260731 -1.00 -1.00 236 264 1.7178 -0.0134 0.000400
705.00 P 20260731 -1.00 -1.00 670 1395 1.7003 -0.0140 0.000421
707.50 P 20260731 -1.00 -1.00 423 124 1.6808 -0.0146 0.000440
710.00 P 20260731 -1.00 -1.00 898 1552 1.6809 -0.0163 0.000483
712.50 P 20260731 -1.00 -1.00 389 180 1.6766 -0.0177 0.000521
715.00 P 20260731 -1.00 -1.00 1134 1894 1.6529 -0.0181 0.000538
717.50 P 20260731 -1.00 -1.00 448 275 1.6270 -0.0184 0.000554
720.00 P 20260731 -1.00 -1.00 1618 1696 1.6251 -0.0200 0.000597
722.50 P 20260731 -1.00 -1.00 338 159 1.6166 -0.0213 0.000633
725.00 P 20260731 -1.00 -1.00 1158 1034 1.5931 -0.0217 0.000654
727.50 P 20260731 -1.00 -1.00 477 253 1.5805 -0.0228 0.000688
730.00 P 20260731 -1.00 -1.00 1761 965 1.5765 -0.0243 0.000732
732.50 P 20260731 -1.00 -1.00 412 189 1.5660 -0.0255 0.000769
735.00 P 20260731 -1.00 -1.00 737 605 1.5642 -0.0272 0.000816
737.50 P 20260731 -1.00 -1.00 385 177 1.5462 -0.0283 0.000854
740.00 P 20260731 -1.00 -1.00 3561 1386 1.5302 -0.0302 0.000905
742.50 P 20260731 -1.00 -1.00 437 245 1.5080 -0.0314 0.000946
745.00 P 20260731 -1.00 -1.00 870 1118 1.4953 -0.0336 0.001007
747.50 P 20260731 -1.00 -1.00 593 296 1.4806 -0.0357 0.001067
750.00 P 20260731 -1.00 -1.00 9241 7900 1.4617 -0.0374 0.001120
755.00 P 20260731 -1.00 -1.00 1214 711 1.4399 -0.0426 0.001263
760.00 P 20260731 -1.00 -1.00 3550 1909 1.4214 -0.0482 0.001419
765.00 P 20260731 -1.00 -1.00 1123 827 1.4041 -0.0542 0.001583
770.00 P 20260731 -1.00 -1.00 2140 2101 1.3994 -0.0615 0.001771
775.00 P 20260731 -1.00 -1.00 1846 1305 1.3727 -0.0695 0.001972
780.00 P 20260731 -1.00 -1.00 2921 1994 1.3444 -0.0784 0.002196
785.00 P 20260731 -1.00 -1.00 1557 974 1.3211 -0.0885 0.002444
790.00 P 20260731 -1.00 -1.00 4818 4129 1.3069 -0.1004 0.002718
795.00 P 20260731 -1.00 -1.00 2084 1251 1.3059 -0.1144 0.003013
800.00 P 20260731 -1.00 -1.00 18672 8996 1.2914 -0.1277 0.003309
805.00 P 20260731 -1.00 -1.00 1953 1451 1.2676 -0.1443 0.003629
810.00 P 20260731 -1.00 -1.00 5330 6935 1.2558 -0.1637 0.003969
815.00 P 20260731 -1.00 -1.00 5747 11069 1.2460 -0.1839 0.004319
820.00 P 20260731 -1.00 -1.00 6926 8827 1.2596 -0.2079 0.004648
825.00 P 20260731 -1.00 -1.00 4499 859 1.2472 -0.2309 0.004979
830.00 P 20260731 -1.00 -1.00 8540 1066 1.2311 -0.2567 0.005298
835.00 P 20260731 -1.00 -1.00 3884 890 1.2270 -0.2848 0.005594
840.00 P 20260731 -1.00 -1.00 7337 1199 1.2302 -0.3140 0.005866
845.00 P 20260731 -1.00 -1.00 5056 401 1.2372 -0.3436 0.006113
850.00 P 20260731 -1.00 -1.00 14123 5469 1.2215 -0.3746 0.006307
855.00 P 20260731 -1.00 -1.00 3731 751 1.2084 -0.4066 0.006495
860.00 P 20260731 -1.00 -1.00 6986 1406 1.2057 -0.4395 0.006634
865.00 P 20260731 -1.00 -1.00 3813 794 1.2131 -0.4726 0.006717
870.00 P 20260731 -1.00 -1.00 6562 1338 1.2071 -0.5055 0.006749
875.00 P 20260731 -1.00 -1.00 2240 780 1.2108 -0.5379 0.006646
880.00 P 20260731 -1.00 -1.00 2254 1303 1.1806 -0.5730 0.006726
885.00 P 20260731 -1.00 -1.00 259 1084 1.2044 -0.6037 0.006515
890.00 P 20260731 -1.00 -1.00 301 687 1.2108 -0.6350 0.006377
895.00 P 20260731 -1.00 -1.00 215 612 1.2140 -0.6627 0.006118
900.00 P 20260731 -1.00 -1.00 1541 4464 1.1659 -0.6991 0.006039
905.00 P 20260731 -1.00 -1.00 296 572 1.2145 -0.7188 0.005625
910.00 P 20260731 -1.00 -1.00 210 622 1.1794 -0.7545 0.005471
915.00 P 20260731 -1.00 -1.00 57 365 1.1069 -0.7925 0.005244
920.00 P 20260731 -1.00 -1.00 79 399 1.1889 -0.7977 0.004802
925.00 P 20260731 -1.00 -1.00 43 202 1.1036 -0.8401 0.004474
930.00 P 20260731 -1.00 -1.00 71 408 1.1979 -0.8389 0.004141
935.00 P 20260731 -1.00 -1.00 34 257 1.2625 -0.8444 0.003849
940.00 P 20260731 -1.00 -1.00 44 403 1.2768 -0.8607 0.003568
945.00 P 20260731 -1.00 -1.00 51 246 1.3117 -0.8680 0.003329
947.50 P 20260731 -1.00 -1.00 37 113 1.2748 -0.8809 0.003165
950.00 P 20260731 -1.00 -1.00 95 938 1.3356 -0.8767 0.003101
952.50 P 20260731 -1.00 -1.00 4 178 1.2960 -0.8902 0.002929
955.00 P 20260731 -1.00 -1.00 24 250 1.2728 -0.9013 0.002760
957.50 P 20260731 -1.00 -1.00 13 21 1.1665 -0.9299 0.002366
960.00 P 20260731 -1.00 -1.00 317 749 1.2261 -0.9247 0.002374
962.50 P 20260731 -1.00 -1.00 2 2 1.2651 -0.9229 0.002338
965.00 P 20260731 -1.00 -1.00 10 123 1.2402 -0.9319 0.002170
967.50 P 20260731 -1.00 -1.00 2 2 1.2476 -0.9348 0.002080
970.00 P 20260731 -1.00 -1.00 12 174 1.1760 -0.9493 0.001799
972.50 P 20260731 -1.00 -1.00 2 1 1.2392 -0.9438 0.001853
975.00 P 20260731 -1.00 -1.00 58 124 1.2419 -0.9473 0.001755
977.50 P 20260731 -1.00 -1.00 5 0 1.2492 -0.9501 0.001670
980.00 P 20260731 -1.00 -1.00 42 42 1.1772 -0.9657 0.001334
982.50 P 20260731 -1.00 -1.00 1 0 1.2452 -0.9585 0.001451
985.00 P 20260731 -1.00 -1.00 208 208 1.4879 -0.9298 0.001851
990.00 P 20260731 -1.00 -1.00 39 59 1.2945 -0.9623 0.001298
995.00 P 20260731 -1.00 -1.00 14 12 1.2490 -0.9722 0.001052
1000.00 P 20260731 -1.00 -1.00 64 822 1.0694 -0.9908 0.000509
1005.00 P 20260731 -1.00 -1.00 13 2 1.2839 -0.9768 0.000880
1010.00 P 20260731 -1.00 -1.00 32 48 1.5114 -0.9589 0.001186
1015.00 P 20260731 -1.00 -1.00 8 12 1.4284 -0.9719 0.000926
1020.00 P 20260731 -1.00 -1.00 20 21 1.3350 -0.9832 0.000651
1025.00 P 20260731 -1.00 -1.00 5 9 1.5259 -0.9711 0.000887
1030.00 P 20260731 -1.00 -1.00 1 108 1.4332 -0.9815 0.000652
1035.00 P 20260731 -1.00 -1.00 1 16 1.4955 -0.9797 0.000674
1040.00 P 20260731 -1.00 -1.00 21 26 1.4657 -0.9853 0.000532
1045.00 P 20260731 -1.00 -1.00 19 24 1.2236 -0.9972 0.000186
1050.00 P 20260731 -1.00 -1.00 7 113 1.2507 -0.9973 0.000178
1055.00 P 20260731 -1.00 -1.00 4 34 1.7054 -0.9760 0.000676
1060.00 P 20260731 -1.00 -1.00 2 84 1.6030 -0.9864 0.000458
1065.00 P 20260731 -1.00 -1.00 1 0 1.5350 -0.9904 0.000355
1070.00 P 20260731 -1.00 -1.00 7 64 1.4768 -0.9942 0.000251
1075.00 P 20260731 -1.00 -1.00 2 19 1.8042 -0.9799 0.000551
1080.00 P 20260731 -1.00 -1.00 15 46 1.5128 -0.9953 0.000207
1085.00 P 20260731 -1.00 -1.00 2 9 1.6312 -0.9919 0.000292
1090.00 P 20260731 -1.00 -1.00 79 103 1.8317 -0.9857 0.000415
1095.00 P 20260731 -1.00 -1.00 51 123 1.9099 -0.9828 0.000458
1100.00 P 20260731 -1.00 -1.00 18 86 1.9693 -0.9813 0.000474
1105.00 P 20260731 -1.00 -1.00 2 42 1.7894 -0.9908 0.000291
1110.00 P 20260731 -1.00 -1.00 21 11 1.7755 -0.9924 0.000252
1115.00 P 20260731 -1.00 -1.00 5 0 2.0130 -0.9854 0.000382
1120.00 P 20260731 -1.00 -1.00 2 0 2.2558 -0.9734 0.000555
1125.00 P 20260731 -1.00 -1.00 5 46 2.0675 -0.9864 0.000353
1130.00 P 20260731 -1.00 -1.00 2 24 -1.0000 -1.0000 -1.000000
1135.00 P 20260731 -1.00 -1.00 2 3 2.2378 -0.9804 0.000433
1140.00 P 20260731 -1.00 -1.00 6 39 2.1504 -0.9869 0.000328
1145.00 P 20260731 -1.00 -1.00 22 0 2.0554 -0.9905 0.000260
1150.00 P 20260731 -1.00 -1.00 15 6 2.2708 -0.9845 0.000354
1155.00 P 20260731 -1.00 -1.00 75 0 2.1306 -0.9901 0.000259
1160.00 P 20260731 -1.00 -1.00 3 2 2.4369 -0.9792 0.000417
1165.00 P 20260731 -1.00 -1.00 -1 0 2.3814 -0.9840 0.000345
1170.00 P 20260731 -1.00 -1.00 9 6 2.1713 -0.9916 0.000221
1175.00 P 20260731 -1.00 -1.00 2 0 2.2995 -0.9889 0.000265
1180.00 P 20260731 -1.00 -1.00 5 21 2.2453 -0.9912 0.000222
1185.00 P 20260731 -1.00 -1.00 -1 0 2.2720 -0.9913 0.000218
1190.00 P 20260731 -1.00 -1.00 1 0 2.5337 -0.9848 0.000312
1195.00 P 20260731 -1.00 -1.00 -1 0 2.5637 -0.9850 0.000306
1200.00 P 20260731 -1.00 -1.00 3 6 2.5109 -0.9874 0.000269
1205.00 P 20260731 -1.00 -1.00 1 0 2.6234 -0.9852 0.000295
1210.00 P 20260731 -1.00 -1.00 2 13 1.9514 -0.9994 0.000039
1215.00 P 20260731 -1.00 -1.00 2 0 2.2038 -0.9966 0.000107
525.00 C 20260803 -1.00 -1.00 -1 0 1.7610 0.9975 0.000046
530.00 C 20260803 -1.00 -1.00 -1 0 1.5965 0.9988 0.000026
535.00 C 20260803 -1.00 -1.00 -1 0 1.9406 0.9930 0.000107
540.00 C 20260803 -1.00 -1.00 -1 0 1.9375 0.9923 0.000117
545.00 C 20260803 -1.00 -1.00 -1 0 1.9343 0.9916 0.000128
550.00 C 20260803 -1.00 -1.00 -1 0 1.7445 0.9948 0.000092
555.00 C 20260803 -1.00 -1.00 -1 0 1.7423 0.9940 0.000104
560.00 C 20260803 -1.00 -1.00 -1 0 1.7402 0.9932 0.000116
565.00 C 20260803 -1.00 -1.00 -1 0 1.6459 0.9946 0.000100
570.00 C 20260803 -1.00 -1.00 -1 0 1.7664 0.9910 0.000149
575.00 C 20260803 -1.00 -1.00 -1 0 1.7733 0.9892 0.000172
580.00 C 20260803 -1.00 -1.00 -1 0 1.7123 0.9904 0.000163
582.50 C 20260803 -1.00 -1.00 -1 0 1.6399 0.9917 0.000149
585.00 C 20260803 -1.00 -1.00 -1 0 1.6970 0.9892 0.000181
587.50 C 20260803 -1.00 -1.00 -1 0 1.6798 0.9891 0.000184
590.00 C 20260803 -1.00 -1.00 -1 0 1.6074 0.9911 0.000162
592.50 C 20260803 -1.00 -1.00 -1 0 1.6326 0.9896 0.000182
595.00 C 20260803 -1.00 -1.00 1 1 1.5760 0.9910 0.000167
597.50 C 20260803 -1.00 -1.00 -1 0 1.6179 0.9884 0.000201
600.00 C 20260803 -1.00 -1.00 10 2 1.5882 0.9890 0.000196
602.50 C 20260803 -1.00 -1.00 -1 0 1.5842 0.9882 0.000208
605.00 C 20260803 -1.00 -1.00 -1 0 1.5484 0.9892 0.000198
607.50 C 20260803 -1.00 -1.00 -1 0 1.5444 0.9884 0.000211
610.00 C 20260803 -1.00 -1.00 24 0 1.4962 0.9902 0.000191
612.50 C 20260803 -1.00 -1.00 -1 0 1.5239 0.9875 0.000228
615.00 C 20260803 -1.00 -1.00 -1 0 1.5704 0.9839 0.000274
617.50 C 20260803 -1.00 -1.00 -1 0 1.5035 0.9865 0.000246
620.00 C 20260803 -1.00 -1.00 -1 0 1.4997 0.9857 0.000259
622.50 C 20260803 -1.00 -1.00 -1 0 1.4896 0.9852 0.000269
625.00 C 20260803 -1.00 -1.00 -1 0 1.4608 0.9858 0.000265
627.50 C 20260803 -1.00 -1.00 -1 0 1.4384 0.9860 0.000265
630.00 C 20260803 -1.00 -1.00 2 1 1.3974 0.9875 0.000249
632.50 C 20260803 -1.00 -1.00 -1 0 1.4497 0.9832 0.000309
635.00 C 20260803 -1.00 -1.00 -1 0 1.4336 0.9830 0.000315
637.50 C 20260803 -1.00 -1.00 -1 0 1.4053 0.9836 0.000311
640.00 C 20260803 -1.00 -1.00 2 1 1.4140 0.9819 0.000337
642.50 C 20260803 -1.00 -1.00 -1 0 1.4043 0.9814 0.000348
645.00 C 20260803 -1.00 -1.00 -1 0 1.3946 0.9808 0.000359
647.50 C 20260803 -1.00 -1.00 -1 0 1.3910 0.9799 0.000376
650.00 C 20260803 -1.00 -1.00 27 2 1.2773 0.9861 0.000298
652.50 C 20260803 -1.00 -1.00 -1 0 1.3718 0.9788 0.000400
655.00 C 20260803 -1.00 -1.00 -1 0 1.3622 0.9782 0.000413
657.50 C 20260803 -1.00 -1.00 -1 0 1.3040 0.9806 0.000388
660.00 C 20260803 -1.00 -1.00 -1 0 1.3493 0.9766 0.000443
662.50 C 20260803 -1.00 -1.00 -1 0 1.3338 0.9764 0.000453
665.00 C 20260803 -1.00 -1.00 -1 0 1.3243 0.9758 0.000467
667.50 C 20260803 -1.00 -1.00 -1 0 1.3366 0.9737 0.000497
670.00 C 20260803 -1.00 -1.00 2 0 1.3056 0.9745 0.000496
672.50 C 20260803 -1.00 -1.00 -1 0 1.2361 0.9777 0.000464
675.00 C 20260803 -1.00 -1.00 1 1 1.2790 0.9736 0.000522
677.50 C 20260803 -1.00 -1.00 -1 0 1.2830 0.9707 0.000562
680.00 C 20260803 -1.00 -1.00 17 16 1.2660 0.9704 0.000575
682.50 C 20260803 -1.00 -1.00 -1 0 1.2371 0.9716 0.000571
685.00 C 20260803 -1.00 -1.00 -1 0 1.2500 0.9675 0.000626
687.50 C 20260803 -1.00 -1.00 -1 0 1.2093 0.9701 0.000606
690.00 C 20260803 -1.00 -1.00 -1 0 1.1777 0.9718 0.000597
692.50 C 20260803 -1.00 -1.00 -1 0 1.1966 0.9667 0.000667
695.00 C 20260803 -1.00 -1.00 1 1 1.1770 0.9667 0.000678
697.50 C 20260803 -1.00 -1.00 -1 0 1.1841 0.9633 0.000730
700.00 C 20260803 -1.00 -1.00 7 16 1.2235 0.9559 0.000820
702.50 C 20260803 -1.00 -1.00 -1 0 1.1922 0.9572 0.000822
705.00 C 20260803 -1.00 -1.00 1 1 1.1756 0.9566 0.000842
707.50 C 20260803 -1.00 -1.00 14 5 1.1122 0.9622 0.000795
710.00 C 20260803 -1.00 -1.00 1 1 1.0520 0.9680 0.000737
712.50 C 20260803 -1.00 -1.00 -1 0 1.1001 0.9584 0.000869
715.00 C 20260803 -1.00 -1.00 5 1 1.0955 0.9563 0.000910
717.50 C 20260803 -1.00 -1.00 -1 0 1.0909 0.9541 0.000951
720.00 C 20260803 -1.00 -1.00 1 5 1.0864 0.9520 0.000992
722.50 C 20260803 -1.00 -1.00 -1 0 1.0876 0.9490 0.001042
725.00 C 20260803 -1.00 -1.00 16 15 1.0831 0.9469 0.001084
727.50 C 20260803 -1.00 -1.00 34 25 1.0815 0.9443 0.001131
730.00 C 20260803 -1.00 -1.00 5 39 1.1020 0.9386 0.001204
732.50 C 20260803 -1.00 -1.00 1 1 1.0802 0.9384 0.001230
735.00 C 20260803 -1.00 -1.00 2 1 1.0718 0.9355 0.001281
737.50 C 20260803 -1.00 -1.00 2 2 1.0634 0.9325 0.001333
740.00 C 20260803 -1.00 -1.00 6 28 1.0550 0.9294 0.001387
742.50 C 20260803 -1.00 -1.00 29 61 1.0881 0.9182 0.001499
745.00 C 20260803 -1.00 -1.00 56 112 1.0500 0.9208 0.001515
747.50 C 20260803 -1.00 -1.00 33 36 1.0483 0.9163 0.001581
750.00 C 20260803 -1.00 -1.00 77 56 1.0400 0.9131 0.001640
755.00 C 20260803 -1.00 -1.00 3 12 1.0236 0.9065 0.001762
760.00 C 20260803 -1.00 -1.00 28 74 1.0269 0.8960 0.001907
765.00 C 20260803 -1.00 -1.00 38 81 1.0415 0.8837 0.002057
770.00 C 20260803 -1.00 -1.00 45 158 1.0555 0.8680 0.002205
775.00 C 20260803 -1.00 -1.00 205 79 1.0262 0.8605 0.002347
780.00 C 20260803 -1.00 -1.00 101 244 1.0230 0.8467 0.002500
785.00 C 20260803 -1.00 -1.00 71 106 0.9908 0.8391 0.002663
790.00 C 20260803 -1.00 -1.00 105 135 1.0038 0.8215 0.002818
795.00 C 20260803 -1.00 -1.00 279 65 0.9847 0.8104 0.002994
800.00 C 20260803 -1.00 -1.00 835 396 0.9805 0.7960 0.003164
805.00 C 20260803 -1.00 -1.00 289 91 0.9847 0.7781 0.003307
810.00 C 20260803 -1.00 -1.00 413 94 1.0218 0.7516 0.003361
815.00 C 20260803 -1.00 -1.00 157 99 1.0048 0.7358 0.003523
820.00 C 20260803 -1.00 -1.00 396 210 0.9712 0.7222 0.003738
825.00 C 20260803 -1.00 -1.00 231 64 0.9824 0.7010 0.003841
830.00 C 20260803 -1.00 -1.00 479 100 0.9896 0.6807 0.003950
835.00 C 20260803 -1.00 -1.00 594 1706 0.9705 0.6632 0.004141
840.00 C 20260803 -1.00 -1.00 811 144 0.9681 0.6414 0.004210
845.00 C 20260803 -1.00 -1.00 376 53 0.9596 0.6200 0.004306
850.00 C 20260803 -1.00 -1.00 3305 373 0.9518 0.5982 0.004402
855.00 C 20260803 -1.00 -1.00 449 54 0.9495 0.5758 0.004474
860.00 C 20260803 -1.00 -1.00 1231 267 0.9616 0.5531 0.004480
865.00 C 20260803 -1.00 -1.00 443 34 0.9613 0.5308 0.004542
870.00 C 20260803 -1.00 -1.00 1079 217 0.9526 0.5085 0.004588
875.00 C 20260803 -1.00 -1.00 488 93 0.9389 0.4856 0.004620
880.00 C 20260803 -1.00 -1.00 1006 379 0.9321 0.4626 0.004619
885.00 C 20260803 -1.00 -1.00 242 232 0.9314 0.4400 0.004587
890.00 C 20260803 -1.00 -1.00 384 64 0.9300 0.4172 0.004559
895.00 C 20260803 -1.00 -1.00 348 203 0.9326 0.3950 0.004511
900.00 C 20260803 -1.00 -1.00 4349 1114 0.9356 0.3733 0.004453
905.00 C 20260803 -1.00 -1.00 225 144 0.9252 0.3521 0.004377
910.00 C 20260803 -1.00 -1.00 360 203 0.9179 0.3310 0.004285
915.00 C 20260803 -1.00 -1.00 147 125 0.9136 0.3103 0.004180
920.00 C 20260803 -1.00 -1.00 252 130 0.9124 0.2902 0.004064
925.00 C 20260803 -1.00 -1.00 358 292 0.9150 0.2710 0.003937
930.00 C 20260803 -1.00 -1.00 289 312 0.9212 0.2531 0.003803
935.00 C 20260803 -1.00 -1.00 179 81 0.9193 0.2359 0.003666
940.00 C 20260803 -1.00 -1.00 263 287 0.9113 0.2190 0.003521
945.00 C 20260803 -1.00 -1.00 290 121 0.9073 0.2029 0.003367
950.00 C 20260803 -1.00 -1.00 2548 315 0.9071 0.1879 0.003208
955.00 C 20260803 -1.00 -1.00 162 53 0.9099 0.1737 0.003050
960.00 C 20260803 -1.00 -1.00 227 141 0.9155 0.1606 0.002894
965.00 C 20260803 -1.00 -1.00 77 93 0.9230 0.1483 0.002743
970.00 C 20260803 -1.00 -1.00 220 167 0.9197 0.1364 0.002595
975.00 C 20260803 -1.00 -1.00 128 122 0.9161 0.1258 0.002447
980.00 C 20260803 -1.00 -1.00 179 337 0.9154 0.1158 0.002301
985.00 C 20260803 -1.00 -1.00 273 21 0.9161 0.1063 0.002157
990.00 C 20260803 -1.00 -1.00 155 144 0.9183 0.0971 0.002016
995.00 C 20260803 -1.00 -1.00 133 25 0.9267 0.0891 0.001881
1000.00 C 20260803 -1.00 -1.00 1699 1236 0.9358 0.0823 0.001763
1005.00 C 20260803 -1.00 -1.00 54 82 0.9437 0.0753 0.001646
1010.00 C 20260803 -1.00 -1.00 146 102 0.9426 0.0697 0.001544
1015.00 C 20260803 -1.00 -1.00 33 34 0.9406 0.0639 0.001438
1020.00 C 20260803 -1.00 -1.00 107 180 0.9395 0.0583 0.001335
1025.00 C 20260803 -1.00 -1.00 66 298 0.9413 0.0532 0.001237
1030.00 C 20260803 -1.00 -1.00 214 54 0.9465 0.0489 0.001150
1035.00 C 20260803 -1.00 -1.00 73 125 0.9565 0.0457 0.001077
1040.00 C 20260803 -1.00 -1.00 109 46 0.9644 0.0421 0.001002
1045.00 C 20260803 -1.00 -1.00 21 61 0.9767 0.0394 0.000942
1050.00 C 20260803 -1.00 -1.00 495 217 0.9855 0.0361 0.000875
1055.00 C 20260803 -1.00 -1.00 68 36 0.9862 0.0330 0.000811
1060.00 C 20260803 -1.00 -1.00 76 39 0.9871 0.0306 0.000757
1065.00 C 20260803 -1.00 -1.00 217 88 0.9918 0.0286 0.000710
1070.00 C 20260803 -1.00 -1.00 39 128 0.9965 0.0267 0.000664
1075.00 C 20260803 -1.00 -1.00 11 54 1.0012 0.0247 0.000619
1080.00 C 20260803 -1.00 -1.00 96 148 1.0095 0.0232 0.000582
1085.00 C 20260803 -1.00 -1.00 18 39 1.0142 0.0213 0.000539
1090.00 C 20260803 -1.00 -1.00 117 30 1.0234 0.0200 0.000506
1095.00 C 20260803 -1.00 -1.00 8 59 1.0345 0.0190 0.000478
1100.00 C 20260803 -1.00 -1.00 402 288 1.0455 0.0179 0.000452
1105.00 C 20260803 -1.00 -1.00 2 23 1.0518 0.0163 0.000416
1110.00 C 20260803 -1.00 -1.00 5 87 1.0655 0.0157 0.000397
1115.00 C 20260803 -1.00 -1.00 65 85 1.0727 0.0142 0.000366
1120.00 C 20260803 -1.00 -1.00 24 149 1.0787 0.0135 0.000347
1125.00 C 20260803 -1.00 -1.00 44 113 1.0936 0.0133 0.000338
1130.00 C 20260803 -1.00 -1.00 4 138 1.0891 0.0121 0.000312
1135.00 C 20260803 -1.00 -1.00 15 28 1.0954 0.0115 0.000296
1140.00 C 20260803 -1.00 -1.00 8 108 1.1038 0.0111 0.000282
1145.00 C 20260803 -1.00 -1.00 9 24 1.0993 0.0099 0.000256
1150.00 C 20260803 -1.00 -1.00 19 215 1.1161 0.0099 0.000252
1155.00 C 20260803 -1.00 -1.00 23 8 1.1180 0.0091 0.000233
1160.00 C 20260803 -1.00 -1.00 19 116 1.1220 0.0084 0.000216
1165.00 C 20260803 -1.00 -1.00 1 30 1.1281 0.0078 0.000202
1170.00 C 20260803 -1.00 -1.00 2 26 1.1468 0.0079 0.000202
1175.00 C 20260803 -1.00 -1.00 13 17 1.1486 0.0072 0.000184
1180.00 C 20260803 -1.00 -1.00 6 79 1.1651 0.0072 0.000182
1185.00 C 20260803 -1.00 -1.00 1 7 1.1668 0.0064 0.000165
1190.00 C 20260803 -1.00 -1.00 22 10 1.1644 0.0054 0.000143
1195.00 C 20260803 -1.00 -1.00 24 71 1.1849 0.0057 0.000147
1200.00 C 20260803 -1.00 -1.00 6 197 1.1949 0.0054 0.000140
1205.00 C 20260803 -1.00 -1.00 2 7 1.1659 0.0042 0.000113
1210.00 C 20260803 -1.00 -1.00 1 29 1.2169 0.0050 0.000128
1215.00 C 20260803 -1.00 -1.00 26 71 1.1736 0.0037 0.000101
525.00 P 20260803 -1.00 -1.00 28 0 1.6980 -0.0019 0.000038
530.00 P 20260803 -1.00 -1.00 12 0 1.6159 -0.0014 0.000030
535.00 P 20260803 -1.00 -1.00 13 0 1.7169 -0.0027 0.000052
540.00 P 20260803 -1.00 -1.00 22 0 1.6615 -0.0025 0.000050
545.00 P 20260803 -1.00 -1.00 36 0 1.7318 -0.0041 0.000075
550.00 P 20260803 -1.00 -1.00 413 0 1.6120 -0.0027 0.000055
555.00 P 20260803 -1.00 -1.00 12 0 1.6929 -0.0049 0.000089
560.00 P 20260803 -1.00 -1.00 16 0 1.6244 -0.0040 0.000078
565.00 P 20260803 -1.00 -1.00 3 0 1.6179 -0.0047 0.000091
570.00 P 20260803 -1.00 -1.00 9 0 1.5993 -0.0051 0.000099
575.00 P 20260803 -1.00 -1.00 9 0 1.5777 -0.0055 0.000106
580.00 P 20260803 -1.00 -1.00 105 0 1.5230 -0.0049 0.000100
582.50 P 20260803 -1.00 -1.00 6 0 1.5564 -0.0063 0.000121
585.00 P 20260803 -1.00 -1.00 1 0 1.5232 -0.0059 0.000116
587.50 P 20260803 -1.00 -1.00 -1 0 1.5413 -0.0068 0.000132
590.00 P 20260803 -1.00 -1.00 3 0 1.5052 -0.0063 0.000126
592.50 P 20260803 -1.00 -1.00 -1 0 1.5263 -0.0073 0.000143
595.00 P 20260803 -1.00 -1.00 88 996 1.5114 -0.0074 0.000145
597.50 P 20260803 -1.00 -1.00 1 0 1.4995 -0.0076 0.000149
600.00 P 20260803 -1.00 -1.00 624 780 1.4848 -0.0076 0.000152
602.50 P 20260803 -1.00 -1.00 107 80 1.5057 -0.0087 0.000169
605.00 P 20260803 -1.00 -1.00 7 67 1.5028 -0.0091 0.000176
607.50 P 20260803 -1.00 -1.00 102 238 1.4970 -0.0094 0.000183
610.00 P 20260803 -1.00 -1.00 68 33 1.4985 -0.0101 0.000194
612.50 P 20260803 -1.00 -1.00 11 15 1.4836 -0.0103 0.000199
615.00 P 20260803 -1.00 -1.00 11 41 1.4712 -0.0106 0.000206
617.50 P 20260803 -1.00 -1.00 1 28 1.4589 -0.0109 0.000213
620.00 P 20260803 -1.00 -1.00 133 121 1.4366 -0.0106 0.000212
622.50 P 20260803 -1.00 -1.00 2 66 1.4382 -0.0118 0.000231
625.00 P 20260803 -1.00 -1.00 37 47 1.4285 -0.0124 0.000241
627.50 P 20260803 -1.00 -1.00 6 13 1.4176 -0.0128 0.000250
630.00 P 20260803 -1.00 -1.00 4 41 1.4018 -0.0129 0.000255
632.50 P 20260803 -1.00 -1.00 13 38 1.3985 -0.0138 0.000271
635.00 P 20260803 -1.00 -1.00 321 56 1.3840 -0.0141 0.000277
637.50 P 20260803 -1.00 -1.00 8 42 1.3770 -0.0148 0.000291
640.00 P 20260803 -1.00 -1.00 93 96 1.3676 -0.0153 0.000302
642.50 P 20260803 -1.00 -1.00 2 59 1.3594 -0.0160 0.000315
645.00 P 20260803 -1.00 -1.00 6 7 1.3402 -0.0159 0.000318
647.50 P 20260803 -1.00 -1.00 22 26 1.3420 -0.0172 0.000340
650.00 P 20260803 -1.00 -1.00 1159 296 1.3241 -0.0172 0.000345
652.50 P 20260803 -1.00 -1.00 8 43 1.3185 -0.0180 0.000361
655.00 P 20260803 -1.00 -1.00 22 57 1.3179 -0.0192 0.000381
657.50 P 20260803 -1.00 -1.00 6 54 1.3123 -0.0200 0.000397
660.00 P 20260803 -1.00 -1.00 53 74 1.3044 -0.0207 0.000412
662.50 P 20260803 -1.00 -1.00 11 4 1.3001 -0.0217 0.000430
665.00 P 20260803 -1.00 -1.00 17 154 1.2898 -0.0222 0.000443
667.50 P 20260803 -1.00 -1.00 17 23 1.2880 -0.0233 0.000464
670.00 P 20260803 -1.00 -1.00 112 144 1.2705 -0.0234 0.000472
672.50 P 20260803 -1.00 -1.00 11 15 1.2796 -0.0252 0.000501
675.00 P 20260803 -1.00 -1.00 158 38 1.2574 -0.0251 0.000507
677.50 P 20260803 -1.00 -1.00 8 8 1.2655 -0.0274 0.000542
680.00 P 20260803 -1.00 -1.00 107 74 1.2522 -0.0282 0.000560
682.50 P 20260803 -1.00 -1.00 9 117 1.2438 -0.0295 0.000585
685.00 P 20260803 -1.00 -1.00 61 78 1.2318 -0.0305 0.000605
687.50 P 20260803 -1.00 -1.00 33 26 1.2240 -0.0320 0.000633
690.00 P 20260803 -1.00 -1.00 136 101 1.2139 -0.0332 0.000657
692.50 P 20260803 -1.00 -1.00 13 69 1.2038 -0.0344 0.000682
695.00 P 20260803 -1.00 -1.00 416 54 1.1955 -0.0359 0.000710
697.50 P 20260803 -1.00 -1.00 36 47 1.1873 -0.0374 0.000739
700.00 P 20260803 -1.00 -1.00 3541 1218 1.1850 -0.0397 0.000777
702.50 P 20260803 -1.00 -1.00 255 33 1.1721 -0.0406 0.000801
705.00 P 20260803 -1.00 -1.00 84 64 1.1628 -0.0421 0.000830
707.50 P 20260803 -1.00 -1.00 29 60 1.1576 -0.0440 0.000866
710.00 P 20260803 -1.00 -1.00 294 565 1.1518 -0.0459 0.000902
712.50 P 20260803 -1.00 -1.00 15 147 1.1496 -0.0483 0.000942
715.00 P 20260803 -1.00 -1.00 113 280 1.1445 -0.0503 0.000980
717.50 P 20260803 -1.00 -1.00 22 141 1.1405 -0.0524 0.001019
720.00 P 20260803 -1.00 -1.00 168 71 1.1377 -0.0547 0.001060
722.50 P 20260803 -1.00 -1.00 11 8 1.1344 -0.0570 0.001101
725.00 P 20260803 -1.00 -1.00 163 227 1.1316 -0.0593 0.001143
727.50 P 20260803 -1.00 -1.00 292 25 1.1255 -0.0621 0.001188
730.00 P 20260803 -1.00 -1.00 104 134 1.1140 -0.0644 0.001231
732.50 P 20260803 -1.00 -1.00 38 38 1.1053 -0.0672 0.001279
735.00 P 20260803 -1.00 -1.00 131 34 1.0969 -0.0702 0.001329
737.50 P 20260803 -1.00 -1.00 10 60 1.0885 -0.0732 0.001380
740.00 P 20260803 -1.00 -1.00 256 183 1.0818 -0.0765 0.001435
742.50 P 20260803 -1.00 -1.00 53 35 1.0752 -0.0799 0.001491
745.00 P 20260803 -1.00 -1.00 92 159 1.0685 -0.0834 0.001548
747.50 P 20260803 -1.00 -1.00 16 39 1.0619 -0.0869 0.001607
750.00 P 20260803 -1.00 -1.00 572 157 1.0570 -0.0907 0.001668
755.00 P 20260803 -1.00 -1.00 372 135 1.0488 -0.0988 0.001796
760.00 P 20260803 -1.00 -1.00 179 174 1.0456 -0.1079 0.001931
765.00 P 20260803 -1.00 -1.00 73 32 1.0457 -0.1176 0.002068
770.00 P 20260803 -1.00 -1.00 384 279 1.0333 -0.1277 0.002209
775.00 P 20260803 -1.00 -1.00 232 164 1.0183 -0.1386 0.002357
780.00 P 20260803 -1.00 -1.00 573 424 1.0098 -0.1513 0.002512
785.00 P 20260803 -1.00 -1.00 59 121 1.0013 -0.1642 0.002672
790.00 P 20260803 -1.00 -1.00 126 86 0.9972 -0.1782 0.002835
795.00 P 20260803 -1.00 -1.00 150 530 0.9963 -0.1929 0.002996
800.00 P 20260803 -1.00 -1.00 1692 423 1.0039 -0.2092 0.003148
805.00 P 20260803 -1.00 -1.00 144 157 0.9948 -0.2254 0.003300
810.00 P 20260803 -1.00 -1.00 212 143 0.9844 -0.2426 0.003452
815.00 P 20260803 -1.00 -1.00 228 98 0.9781 -0.2608 0.003599
820.00 P 20260803 -1.00 -1.00 757 177 0.9742 -0.2796 0.003743
825.00 P 20260803 -1.00 -1.00 251 89 0.9743 -0.2992 0.003877
830.00 P 20260803 -1.00 -1.00 587 82 0.9776 -0.3192 0.004001
835.00 P 20260803 -1.00 -1.00 302 103 0.9781 -0.3393 0.004119
840.00 P 20260803 -1.00 -1.00 643 164 0.9675 -0.3602 0.004222
845.00 P 20260803 -1.00 -1.00 339 155 0.9583 -0.3816 0.004321
850.00 P 20260803 -1.00 -1.00 1378 191 0.9567 -0.4038 0.004389
855.00 P 20260803 -1.00 -1.00 476 50 0.9552 -0.4262 0.004458
860.00 P 20260803 -1.00 -1.00 389 164 0.9502 -0.4486 0.004543
865.00 P 20260803 -1.00 -1.00 246 77 0.9582 -0.4710 0.004568
870.00 P 20260803 -1.00 -1.00 195 66 0.9473 -0.4936 0.004618
875.00 P 20260803 -1.00 -1.00 79 148 0.9398 -0.5162 0.004620
880.00 P 20260803 -1.00 -1.00 160 235 0.9364 -0.5389 0.004603
885.00 P 20260803 -1.00 -1.00 57 66 0.9283 -0.5623 0.004607
890.00 P 20260803 -1.00 -1.00 37 308 0.9310 -0.5847 0.004559
895.00 P 20260803 -1.00 -1.00 109 234 0.9242 -0.6084 0.004556
900.00 P 20260803 -1.00 -1.00 93 274 0.9365 -0.6284 0.004449
905.00 P 20260803 -1.00 -1.00 5 107 0.9216 -0.6505 0.004390
910.00 P 20260803 -1.00 -1.00 69 89 0.9038 -0.6740 0.004334
915.00 P 20260803 -1.00 -1.00 1 43 0.9124 -0.6920 0.004184
920.00 P 20260803 -1.00 -1.00 7 59 0.9202 -0.7099 0.004042
925.00 P 20260803 -1.00 -1.00 6 24 0.9130 -0.7316 0.003944
930.00 P 20260803 -1.00 -1.00 3 48 0.9094 -0.7527 0.003833
935.00 P 20260803 -1.00 -1.00 21 108 0.9138 -0.7673 0.003672
940.00 P 20260803 -1.00 -1.00 10 138 0.9068 -0.7841 0.003524
945.00 P 20260803 -1.00 -1.00 3 54 0.9038 -0.8000 0.003368
950.00 P 20260803 -1.00 -1.00 18 121 0.8998 -0.8164 0.003210
955.00 P 20260803 -1.00 -1.00 3 54 0.9150 -0.8267 0.003049
960.00 P 20260803 -1.00 -1.00 7 166 0.9128 -0.8424 0.002893
965.00 P 20260803 -1.00 -1.00 3 81 0.9151 -0.8566 0.002737
970.00 P 20260803 -1.00 -1.00 1 93 0.8485 -0.8841 0.002516
975.00 P 20260803 -1.00 -1.00 55 63 0.8867 -0.8838 0.002410
980.00 P 20260803 -1.00 -1.00 1 15 0.9462 -0.8780 0.002340
985.00 P 20260803 -1.00 -1.00 1 5 0.9182 -0.8951 0.002161
990.00 P 20260803 -1.00 -1.00 6 65 0.9044 -0.9089 0.001988
995.00 P 20260803 -1.00 -1.00 2 4 0.9249 -0.9127 0.001889
1000.00 P 20260803 -1.00 -1.00 14 105 0.8717 -0.9341 0.001636
1005.00 P 20260803 -1.00 -1.00 4 2 0.9379 -0.9271 0.001648
1010.00 P 20260803 -1.00 -1.00 7 23 0.9377 -0.9326 0.001546
1015.00 P 20260803 -1.00 -1.00 2 62 0.9351 -0.9386 0.001439
1020.00 P 20260803 -1.00 -1.00 1 5 0.9372 -0.9436 0.001342
1025.00 P 20260803 -1.00 -1.00 2 1 0.9393 -0.9487 0.001245
1030.00 P 20260803 -1.00 -1.00 2 2 0.9437 -0.9532 0.001155
1035.00 P 20260803 -1.00 -1.00 1 0 0.9504 -0.9572 0.001073
1040.00 P 20260803 -1.00 -1.00 3 2 0.9569 -0.9612 0.000993
1045.00 P 20260803 -1.00 -1.00 3 0 0.9455 -0.9681 0.000874
1050.00 P 20260803 -1.00 -1.00 6 0 0.9295 -0.9727 0.000784
1055.00 P 20260803 -1.00 -1.00 3 2 0.9280 -0.9756 0.000718
1060.00 P 20260803 -1.00 -1.00 4 0 0.9462 -0.9760 0.000694
1065.00 P 20260803 -1.00 -1.00 6 0 0.9442 -0.9790 0.000629
1070.00 P 20260803 -1.00 -1.00 1 0 1.0069 -0.9739 0.000695
1075.00 P 20260803 -1.00 -1.00 5 0 0.8654 -0.9919 0.000368
1080.00 P 20260803 -1.00 -1.00 4 0 0.8677 -0.9931 0.000335
1085.00 P 20260803 -1.00 -1.00 -1 0 0.8970 -0.9922 0.000346
1090.00 P 20260803 -1.00 -1.00 6 0 0.8991 -0.9933 0.000314
1095.00 P 20260803 -1.00 -1.00 12 0 0.8656 -0.9972 0.000198
1100.00 P 20260803 -1.00 -1.00 6 0 0.8811 -0.9973 0.000192
1105.00 P 20260803 -1.00 -1.00 -1 0 0.9724 -0.9918 0.000324
1110.00 P 20260803 -1.00 -1.00 2 0 0.9118 -0.9974 0.000181
1115.00 P 20260803 -1.00 -1.00 -1 0 -1.0000 -1.0000 -1.000000
1120.00 P 20260803 -1.00 -1.00 1 0 1.0053 -0.9929 0.000283
1125.00 P 20260803 -1.00 -1.00 1 0 -1.0000 -1.0000 -1.000000
1130.00 P 20260803 -1.00 -1.00 4 0 -1.0000 -1.0000 -1.000000
1135.00 P 20260803 -1.00 -1.00 -1 0 -1.0000 -1.0000 -1.000000
1140.00 P 20260803 -1.00 -1.00 1 0 -1.0000 -1.0000 -1.000000
1145.00 P 20260803 -1.00 -1.00 -1 0 -1.0000 -1.0000 -1.000000
1150.00 P 20260803 -1.00 -1.00 4 0 -1.0000 -1.0000 -1.000000
1155.00 P 20260803 -1.00 -1.00 -1 0 -1.0000 -1.0000 -1.000000
1160.00 P 20260803 -1.00 -1.00 -1 0 -1.0000 -1.0000 -1.000000
1165.00 P 20260803 -1.00 -1.00 -1 0 -1.0000 -1.0000 -1.000000
1170.00 P 20260803 -1.00 -1.00 -1 0 1.0858 -0.9977 0.000134
1175.00 P 20260803 -1.00 -1.00 -1 0 -1.0000 -1.0000 -1.000000
1180.00 P 20260803 -1.00 -1.00 2 0 1.2571 -0.9897 0.000274
1185.00 P 20260803 -1.00 -1.00 -1 0 1.2715 -0.9898 0.000268
1190.00 P 20260803 -1.00 -1.00 -1 0 -1.0000 -1.0000 -1.000000
1195.00 P 20260803 -1.00 -1.00 -1 0 -1.0000 -1.0000 -1.000000
1200.00 P 20260803 -1.00 -1.00 1 0 1.2128 -0.9956 0.000165
1205.00 P 20260803 -1.00 -1.00 -1 0 1.1764 -0.9979 0.000117
1210.00 P 20260803 -1.00 -1.00 -1 0 -1.0000 -1.0000 -1.000000
1215.00 P 20260803 -1.00 -1.00 -1 0 -1.0000 -1.0000 -1.000000
525.00 C 20260805 -1.00 -1.00 -1 0 1.8534 0.9867 0.000162
530.00 C 20260805 -1.00 -1.00 -1 0 1.7986 0.9875 0.000158
535.00 C 20260805 -1.00 -1.00 -1 0 1.7891 0.9864 0.000172
540.00 C 20260805 -1.00 -1.00 -1 0 1.7240 0.9877 0.000164
545.00 C 20260805 -1.00 -1.00 -1 0 1.7260 0.9859 0.000183
550.00 C 20260805 -1.00 -1.00 -1 0 1.7169 0.9847 0.000197
555.00 C 20260805 -1.00 -1.00 -1 0 1.6696 0.9853 0.000197
560.00 C 20260805 -1.00 -1.00 -1 0 1.5845 0.9877 0.000177
562.50 C 20260805 -1.00 -1.00 -1 0 1.6347 0.9844 0.000211
565.00 C 20260805 -1.00 -1.00 -1 0 1.6576 0.9825 0.000231
567.50 C 20260805 -1.00 -1.00 -1 0 1.5991 0.9844 0.000216
570.00 C 20260805 -1.00 -1.00 -1 0 1.5895 0.9840 0.000222
572.50 C 20260805 -1.00 -1.00 -1 0 1.5800 0.9836 0.000228
575.00 C 20260805 -1.00 -1.00 -1 0 1.5974 0.9819 0.000246
577.50 C 20260805 -1.00 -1.00 -1 0 1.5933 0.9813 0.000255
580.00 C 20260805 -1.00 -1.00 -1 0 1.5731 0.9814 0.000257
582.50 C 20260805 -1.00 -1.00 -1 0 1.5477 0.9817 0.000256
585.00 C 20260805 -1.00 -1.00 -1 0 1.5383 0.9813 0.000263
587.50 C 20260805 -1.00 -1.00 -1 0 1.5290 0.9809 0.000270
590.00 C 20260805 -1.00 -1.00 -1 0 1.5622 0.9784 0.000295
592.50 C 20260805 -1.00 -1.00 -1 0 1.5159 0.9798 0.000287
595.00 C 20260805 -1.00 -1.00 -1 0 1.5331 0.9780 0.000305
597.50 C 20260805 -1.00 -1.00 -1 0 1.5503 0.9763 0.000323
600.00 C 20260805 -1.00 -1.00 27 5 1.5305 0.9764 0.000327
602.50 C 20260805 -1.00 -1.00 1 1 1.5109 0.9764 0.000330
605.00 C 20260805 -1.00 -1.00 3 3 1.3970 0.9815 0.000287
607.50 C 20260805 -1.00 -1.00 15 9 1.4977 0.9750 0.000350
610.00 C 20260805 -1.00 -1.00 1 1 1.4872 0.9743 0.000361
612.50 C 20260805 -1.00 -1.00 -1 0 1.4845 0.9727 0.000377
615.00 C 20260805 -1.00 -1.00 6 0 1.4663 0.9728 0.000382
617.50 C 20260805 -1.00 -1.00 8 0 1.4429 0.9733 0.000382
620.00 C 20260805 -1.00 -1.00 6 0 1.4455 0.9712 0.000404
622.50 C 20260805 -1.00 -1.00 8 0 1.3624 0.9767 0.000362
625.00 C 20260805 -1.00 -1.00 -1 0 1.3947 0.9729 0.000401
627.50 C 20260805 -1.00 -1.00 -1 0 1.4025 0.9702 0.000429
630.00 C 20260805 -1.00 -1.00 -1 0 1.3898 0.9696 0.000439
632.50 C 20260805 -1.00 -1.00 -1 0 1.2820 0.9774 0.000374
635.00 C 20260805 -1.00 -1.00 -1 0 1.3466 0.9704 0.000444
637.50 C 20260805 -1.00 -1.00 -1 0 1.3086 0.9727 0.000429
640.00 C 20260805 -1.00 -1.00 -1 0 1.3547 0.9658 0.000496
642.50 C 20260805 -1.00 -1.00 -1 0 1.3142 0.9682 0.000482
645.00 C 20260805 -1.00 -1.00 6 6 1.2967 0.9681 0.000489
647.50 C 20260805 -1.00 -1.00 1 1 1.2920 0.9667 0.000509
650.00 C 20260805 -1.00 -1.00 4 1 1.3277 0.9609 0.000564
652.50 C 20260805 -1.00 -1.00 -1 0 1.2825 0.9637 0.000549
655.00 C 20260805 -1.00 -1.00 -1 0 1.3030 0.9595 0.000591
657.50 C 20260805 -1.00 -1.00 -1 0 1.2681 0.9613 0.000585
660.00 C 20260805 -1.00 -1.00 -1 0 1.2685 0.9593 0.000611
662.50 C 20260805 -1.00 -1.00 -1 0 1.2889 0.9551 0.000652
665.00 C 20260805 -1.00 -1.00 -1 0 1.2617 0.9559 0.000655
667.50 C 20260805 -1.00 -1.00 -1 0 1.2596 0.9541 0.000679
670.00 C 20260805 -1.00 -1.00 -1 0 1.2302 0.9553 0.000681
672.50 C 20260805 -1.00 -1.00 -1 0 1.2231 0.9540 0.000701
675.00 C 20260805 -1.00 -1.00 -1 0 1.2112 0.9532 0.000718
677.50 C 20260805 -1.00 -1.00 -1 0 1.2117 0.9510 0.000746
680.00 C 20260805 -1.00 -1.00 -1 0 1.2146 0.9486 0.000776
682.50 C 20260805 -1.00 -1.00 -1 0 1.2151 0.9465 0.000803
685.00 C 20260805 -1.00 -1.00 -1 0 1.2180 0.9441 0.000832
687.50 C 20260805 -1.00 -1.00 -1 0 1.1963 0.9442 0.000845
690.00 C 20260805 -1.00 -1.00 -1 0 1.2043 0.9408 0.000881
692.50 C 20260805 -1.00 -1.00 -1 0 1.1980 0.9384 0.000911
695.00 C 20260805 -1.00 -1.00 -1 0 1.1932 0.9356 0.000943
697.50 C 20260805 -1.00 -1.00 -1 0 1.1841 0.9337 0.000971
700.00 C 20260805 -1.00 -1.00 2 1 1.1666 0.9331 0.000991
702.50 C 20260805 -1.00 -1.00 -1 0 1.1730 0.9283 0.001037
705.00 C 20260805 -1.00 -1.00 -1 0 1.1865 0.9224 0.001087
707.50 C 20260805 -1.00 -1.00 -1 0 1.1551 0.9242 0.001098
710.00 C 20260805 -1.00 -1.00 -1 0 1.1433 0.9225 0.001127
712.50 C 20260805 -1.00 -1.00 1 2 1.1498 0.9177 0.001173
715.00 C 20260805 -1.00 -1.00 10 6 1.1478 0.9143 0.001211
717.50 C 20260805 -1.00 -1.00 -1 0 1.1418 0.9116 0.001247
720.00 C 20260805 -1.00 -1.00 -1 0 1.1426 0.9077 0.001288
722.50 C 20260805 -1.00 -1.00 -1 0 1.1324 0.9057 0.001322
725.00 C 20260805 -1.00 -1.00 -1 0 1.0946 0.9082 0.001339
727.50 C 20260805 -1.00 -1.00 2 0 1.1328 0.8981 0.001404
730.00 C 20260805 -1.00 -1.00 -1 0 1.1378 0.8936 0.001448
732.50 C 20260805 -1.00 -1.00 -1 0 1.1235 0.8920 0.001483
735.00 C 20260805 -1.00 -1.00 2 0 1.1038 0.8913 0.001517
737.50 C 20260805 -1.00 -1.00 1 1 1.1294 0.8836 0.001568
740.00 C 20260805 -1.00 -1.00 9 55 1.1263 0.8789 0.001611
742.50 C 20260805 -1.00 -1.00 1 1 1.1317 0.8722 0.001656
745.00 C 20260805 -1.00 -1.00 26 9 1.1272 0.8676 0.001700
747.50 C 20260805 -1.00 -1.00 6 4 1.1208 0.8634 0.001743
750.00 C 20260805 -1.00 -1.00 3 12 1.0873 0.8648 0.001786
755.00 C 20260805 -1.00 -1.00 10 6 1.0577 0.8597 0.001880
760.00 C 20260805 -1.00 -1.00 17 23 1.0722 0.8450 0.001978
765.00 C 20260805 -1.00 -1.00 3 12 1.0813 0.8317 0.002072
770.00 C 20260805 -1.00 -1.00 26 40 1.1386 0.8106 0.002135
775.00 C 20260805 -1.00 -1.00 12 11 1.0647 0.8116 0.002274
780.00 C 20260805 -1.00 -1.00 73 241 1.0578 0.8011 0.002378
785.00 C 20260805 -1.00 -1.00 6 255 1.0520 0.7898 0.002480
790.00 C 20260805 -1.00 -1.00 39 60 1.0573 0.7737 0.002554
795.00 C 20260805 -1.00 -1.00 28 21 1.0526 0.7596 0.002641
800.00 C 20260805 -1.00 -1.00 153 383 1.0391 0.7468 0.002745
805.00 C 20260805 -1.00 -1.00 83 72 1.0318 0.7327 0.002842
810.00 C 20260805 -1.00 -1.00 94 140 1.0298 0.7177 0.002929
815.00 C 20260805 -1.00 -1.00 64 50 1.0299 0.7023 0.003014
820.00 C 20260805 -1.00 -1.00 128 100 1.0273 0.6873 0.003104
825.00 C 20260805 -1.00 -1.00 42 64 1.0448 0.6701 0.003143
830.00 C 20260805 -1.00 -1.00 144 92 1.0112 0.6565 0.003279
835.00 C 20260805 -1.00 -1.00 78 38 1.0263 0.6377 0.003272
840.00 C 20260805 -1.00 -1.00 185 37 1.0140 0.6214 0.003349
845.00 C 20260805 -1.00 -1.00 97 139 1.0274 0.6033 0.003346
850.00 C 20260805 -1.00 -1.00 361 89 0.9925 0.5873 0.003501
855.00 C 20260805 -1.00 -1.00 177 113 1.0086 0.5692 0.003486
860.00 C 20260805 -1.00 -1.00 133 45 0.9971 0.5517 0.003566
865.00 C 20260805 -1.00 -1.00 127 64 0.9952 0.5340 0.003614
870.00 C 20260805 -1.00 -1.00 92 147 0.9830 0.5161 0.003662
875.00 C 20260805 -1.00 -1.00 119 128 1.0002 0.4994 0.003581
880.00 C 20260805 -1.00 -1.00 82 69 0.9895 0.4814 0.003600
885.00 C 20260805 -1.00 -1.00 33 49 0.9922 0.4642 0.003572
890.00 C 20260805 -1.00 -1.00 181 146 0.9904 0.4466 0.003560
895.00 C 20260805 -1.00 -1.00 52 81 0.9903 0.4291 0.003542
900.00 C 20260805 -1.00 -1.00 1064 735 0.9913 0.4118 0.003520
905.00 C 20260805 -1.00 -1.00 44 57 0.9961 0.3952 0.003485
910.00 C 20260805 -1.00 -1.00 426 55 0.9974 0.3786 0.003453
915.00 C 20260805 -1.00 -1.00 73 115 0.9908 0.3626 0.003406
920.00 C 20260805 -1.00 -1.00 215 131 0.9848 0.3466 0.003355
925.00 C 20260805 -1.00 -1.00 130 64 0.9826 0.3311 0.003293
930.00 C 20260805 -1.00 -1.00 51 74 0.9785 0.3152 0.003235
935.00 C 20260805 -1.00 -1.00 145 30 0.9787 0.3001 0.003166
940.00 C 20260805 -1.00 -1.00 195 90 0.9808 0.2855 0.003094
945.00 C 20260805 -1.00 -1.00 49 62 0.9847 0.2715 0.003019
950.00 C 20260805 -1.00 -1.00 616 227 0.9892 0.2578 0.002945
955.00 C 20260805 -1.00 -1.00 36 116 0.9897 0.2448 0.002867
960.00 C 20260805 -1.00 -1.00 89 80 0.9842 0.2323 0.002785
965.00 C 20260805 -1.00 -1.00 98 38 0.9787 0.2197 0.002700
970.00 C 20260805 -1.00 -1.00 67 106 0.9772 0.2080 0.002612
975.00 C 20260805 -1.00 -1.00 72 78 0.9749 0.1960 0.002523
980.00 C 20260805 -1.00 -1.00 90 98 0.9758 0.1849 0.002432
985.00 C 20260805 -1.00 -1.00 86 43 0.9790 0.1745 0.002342
990.00 C 20260805 -1.00 -1.00 118 53 0.9830 0.1645 0.002254
995.00 C 20260805 -1.00 -1.00 45 123 0.9885 0.1550 0.002167
1000.00 C 20260805 -1.00 -1.00 843 277 0.9930 0.1462 0.002083
1005.00 C 20260805 -1.00 -1.00 36 81 0.9861 0.1373 0.001998
1010.00 C 20260805 -1.00 -1.00 23 13 0.9826 0.1292 0.001913
1015.00 C 20260805 -1.00 -1.00 44 10 0.9826 0.1218 0.001831
1020.00 C 20260805 -1.00 -1.00 28 64 0.9804 0.1139 0.001745
1025.00 C 20260805 -1.00 -1.00 67 43 0.9816 0.1068 0.001663
1030.00 C 20260805 -1.00 -1.00 49 20 0.9839 0.1001 0.001584
1035.00 C 20260805 -1.00 -1.00 17 25 0.9885 0.0941 0.001509
1040.00 C 20260805 -1.00 -1.00 62 30 0.9930 0.0881 0.001435
1045.00 C 20260805 -1.00 -1.00 32 21 0.9998 0.0828 0.001367
1050.00 C 20260805 -1.00 -1.00 121 85 1.0066 0.0776 0.001301
1055.00 C 20260805 -1.00 -1.00 21 55 1.0022 0.0728 0.001237
1060.00 C 20260805 -1.00 -1.00 41 22 1.0016 0.0686 0.001177
1065.00 C 20260805 -1.00 -1.00 17 113 1.0002 0.0643 0.001117
1070.00 C 20260805 -1.00 -1.00 9 75 1.0015 0.0604 0.001060
1075.00 C 20260805 -1.00 -1.00 5 18 1.0002 0.0561 0.000999
1080.00 C 20260805 -1.00 -1.00 9 5 1.0046 0.0529 0.000949
1085.00 C 20260805 -1.00 -1.00 11 6 1.0086 0.0496 0.000898
1090.00 C 20260805 -1.00 -1.00 6 23 1.0137 0.0467 0.000851
1095.00 C 20260805 -1.00 -1.00 12 20 1.0193 0.0438 0.000806
1100.00 C 20260805 -1.00 -1.00 64 74 1.0289 0.0418 0.000771
1105.00 C 20260805 -1.00 -1.00 32 47 1.0332 0.0388 0.000725
1110.00 C 20260805 -1.00 -1.00 9 49 1.0409 0.0365 0.000688
1115.00 C 20260805 -1.00 -1.00 1 55 1.0450 0.0347 0.000658
1120.00 C 20260805 -1.00 -1.00 4 27 1.0437 0.0327 0.000624
1125.00 C 20260805 -1.00 -1.00 1 33 1.0425 0.0307 0.000590
1130.00 C 20260805 -1.00 -1.00 9 15 1.0465 0.0292 0.000563
1135.00 C 20260805 -1.00 -1.00 5 18 1.0497 0.0277 0.000536
1140.00 C 20260805 -1.00 -1.00 36 41 1.0545 0.0264 0.000511
1145.00 C 20260805 -1.00 -1.00 13 38 1.0502 0.0240 0.000473
1150.00 C 20260805 -1.00 -1.00 10 59 1.0624 0.0235 0.000460
1155.00 C 20260805 -1.00 -1.00 3 3 1.0678 0.0223 0.000437
1160.00 C 20260805 -1.00 -1.00 3 42 1.0665 0.0203 0.000404
1165.00 C 20260805 -1.00 -1.00 14 13 1.0741 0.0194 0.000386
1170.00 C 20260805 -1.00 -1.00 3 37 1.0869 0.0191 0.000377
1175.00 C 20260805 -1.00 -1.00 1 15 1.0981 0.0186 0.000366
1180.00 C 20260805 -1.00 -1.00 7 16 1.1005 0.0171 0.000341
1185.00 C 20260805 -1.00 -1.00 1 9 1.1020 0.0155 0.000315
1190.00 C 20260805 -1.00 -1.00 6 33 1.1146 0.0153 0.000307
1195.00 C 20260805 -1.00 -1.00 1 53 1.1272 0.0151 0.000300
1200.00 C 20260805 -1.00 -1.00 93 68 1.1345 0.0145 0.000289
1205.00 C 20260805 -1.00 -1.00 61 80 1.1339 0.0137 0.000275
1210.00 C 20260805 -1.00 -1.00 54 55 1.1367 0.0132 0.000264
1215.00 C 20260805 -1.00 -1.00 1 95 1.1192 0.0115 0.000236
525.00 P 20260805 -1.00 -1.00 -1 0 1.6080 -0.0057 0.000088
530.00 P 20260805 -1.00 -1.00 100 0 1.5882 -0.0060 0.000094
535.00 P 20260805 -1.00 -1.00 -1 0 1.5425 -0.0056 0.000091
540.00 P 20260805 -1.00 -1.00 1 0 1.5595 -0.0068 0.000108
545.00 P 20260805 -1.00 -1.00 6 0 1.5092 -0.0064 0.000104
550.00 P 20260805 -1.00 -1.00 -1 0 1.5339 -0.0078 0.000124
555.00 P 20260805 -1.00 -1.00 -1 0 1.5251 -0.0084 0.000133
560.00 P 20260805 -1.00 -1.00 -1 0 1.5164 -0.0089 0.000142
562.50 P 20260805 -1.00 -1.00 1 0 1.5133 -0.0093 0.000147
565.00 P 20260805 -1.00 -1.00 -1 0 1.5033 -0.0096 0.000153
567.50 P 20260805 -1.00 -1.00 -1 0 1.4899 -0.0097 0.000156
570.00 P 20260805 -1.00 -1.00 -1 0 1.4842 -0.0103 0.000164
572.50 P 20260805 -1.00 -1.00 2 0 1.4720 -0.0105 0.000168
575.00 P 20260805 -1.00 -1.00 -1 0 1.4652 -0.0111 0.000176
577.50 P 20260805 -1.00 -1.00 -1 0 1.4552 -0.0114 0.000182
580.00 P 20260805 -1.00 -1.00 -1 0 1.4464 -0.0118 0.000189
582.50 P 20260805 -1.00 -1.00 -1 0 1.4376 -0.0123 0.000195
585.00 P 20260805 -1.00 -1.00 3 0 1.4256 -0.0125 0.000200
587.50 P 20260805 -1.00 -1.00 -1 0 1.4201 -0.0131 0.000210
590.00 P 20260805 -1.00 -1.00 2 0 1.4104 -0.0135 0.000216
592.50 P 20260805 -1.00 -1.00 -1 0 1.4039 -0.0141 0.000225
595.00 P 20260805 -1.00 -1.00 7 354 1.3889 -0.0141 0.000228
597.50 P 20260805 -1.00 -1.00 1 0 1.3888 -0.0151 0.000241
600.00 P 20260805 -1.00 -1.00 55 110 1.3792 -0.0155 0.000249
602.50 P 20260805 -1.00 -1.00 3 33 1.3759 -0.0163 0.000260
605.00 P 20260805 -1.00 -1.00 8 48 1.3685 -0.0168 0.000269
607.50 P 20260805 -1.00 -1.00 11 114 1.3621 -0.0174 0.000279
610.00 P 20260805 -1.00 -1.00 2 27 1.3569 -0.0181 0.000289
612.50 P 20260805 -1.00 -1.00 7 4 1.3516 -0.0187 0.000300
615.00 P 20260805 -1.00 -1.00 3 30 1.3474 -0.0195 0.000311
617.50 P 20260805 -1.00 -1.00 2 5 1.3422 -0.0202 0.000322
620.00 P 20260805 -1.00 -1.00 11 57 1.3391 -0.0210 0.000335
622.50 P 20260805 -1.00 -1.00 -1 0 1.3359 -0.0218 0.000347
625.00 P 20260805 -1.00 -1.00 18 37 1.3328 -0.0226 0.000360
627.50 P 20260805 -1.00 -1.00 7 2 1.3298 -0.0234 0.000372
630.00 P 20260805 -1.00 -1.00 44 50 1.3246 -0.0241 0.000384
632.50 P 20260805 -1.00 -1.00 6 20 1.3251 -0.0253 0.000400
635.00 P 20260805 -1.00 -1.00 7 20 1.3158 -0.0261 0.000413
637.50 P 20260805 -1.00 -1.00 1 62 1.3071 -0.0271 0.000428
640.00 P 20260805 -1.00 -1.00 39 64 1.2994 -0.0282 0.000444
642.50 P 20260805 -1.00 -1.00 4 3 1.2912 -0.0293 0.000459
645.00 P 20260805 -1.00 -1.00 29 33 1.2846 -0.0305 0.000477
647.50 P 20260805 -1.00 -1.00 19 35 1.2755 -0.0315 0.000492
650.00 P 20260805 -1.00 -1.00 232 116 1.2689 -0.0327 0.000511
652.50 P 20260805 -1.00 -1.00 12 56 1.2613 -0.0339 0.000528
655.00 P 20260805 -1.00 -1.00 4 13 1.2563 -0.0353 0.000549
657.50 P 20260805 -1.00 -1.00 5 29 1.2488 -0.0365 0.000567
660.00 P 20260805 -1.00 -1.00 49 40 1.2424 -0.0378 0.000587
662.50 P 20260805 -1.00 -1.00 3 14 1.2374 -0.0393 0.000608
665.00 P 20260805 -1.00 -1.00 30 31 1.2320 -0.0408 0.000629
667.50 P 20260805 -1.00 -1.00 11 7 1.2266 -0.0423 0.000651
670.00 P 20260805 -1.00 -1.00 35 64 1.2218 -0.0438 0.000673
672.50 P 20260805 -1.00 -1.00 2 5 1.2199 -0.0457 0.000699
675.00 P 20260805 -1.00 -1.00 10 49 1.2155 -0.0473 0.000722
677.50 P 20260805 -1.00 -1.00 6 16 1.2142 -0.0492 0.000748
680.00 P 20260805 -1.00 -1.00 114 82 1.2118 -0.0511 0.000774
682.50 P 20260805 -1.00 -1.00 3 3 1.2075 -0.0527 0.000798
685.00 P 20260805 -1.00 -1.00 71 80 1.2071 -0.0548 0.000825
687.50 P 20260805 -1.00 -1.00 3 13 1.2053 -0.0567 0.000852
690.00 P 20260805 -1.00 -1.00 13 22 1.2024 -0.0589 0.000880
692.50 P 20260805 -1.00 -1.00 11 12 1.1934 -0.0609 0.000907
695.00 P 20260805 -1.00 -1.00 67 66 1.1872 -0.0633 0.000938
697.50 P 20260805 -1.00 -1.00 17 31 1.1796 -0.0656 0.000967
700.00 P 20260805 -1.00 -1.00 184 148 1.1721 -0.0679 0.000998
702.50 P 20260805 -1.00 -1.00 9 46 1.1645 -0.0702 0.001029
705.00 P 20260805 -1.00 -1.00 20 69 1.1627 -0.0735 0.001066
707.50 P 20260805 -1.00 -1.00 3 29 1.1580 -0.0764 0.001101
710.00 P 20260805 -1.00 -1.00 351 360 1.1505 -0.0788 0.001134
712.50 P 20260805 -1.00 -1.00 2 31 1.1473 -0.0819 0.001171
715.00 P 20260805 -1.00 -1.00 310 307 1.1399 -0.0844 0.001206
717.50 P 20260805 -1.00 -1.00 185 47 1.1394 -0.0881 0.001246
720.00 P 20260805 -1.00 -1.00 118 42 1.1362 -0.0913 0.001284
722.50 P 20260805 -1.00 -1.00 4 10 1.1330 -0.0945 0.001323
725.00 P 20260805 -1.00 -1.00 22 75 1.1312 -0.0979 0.001363
727.50 P 20260805 -1.00 -1.00 48 17 1.1308 -0.1016 0.001404
730.00 P 20260805 -1.00 -1.00 33 109 1.1235 -0.1043 0.001442
732.50 P 20260805 -1.00 -1.00 21 18 1.1218 -0.1078 0.001483
735.00 P 20260805 -1.00 -1.00 40 35 1.1227 -0.1117 0.001525
737.50 P 20260805 -1.00 -1.00 36 36 1.1237 -0.1156 0.001567
740.00 P 20260805 -1.00 -1.00 104 127 1.1188 -0.1196 0.001610
742.50 P 20260805 -1.00 -1.00 25 32 1.1125 -0.1238 0.001653
745.00 P 20260805 -1.00 -1.00 68 92 1.1062 -0.1280 0.001697
747.50 P 20260805 -1.00 -1.00 43 47 1.0999 -0.1323 0.001742
750.00 P 20260805 -1.00 -1.00 215 214 1.0955 -0.1370 0.001788
755.00 P 20260805 -1.00 -1.00 31 11 1.0857 -0.1464 0.001882
760.00 P 20260805 -1.00 -1.00 16 83 1.0787 -0.1564 0.001978
765.00 P 20260805 -1.00 -1.00 25 41 1.0736 -0.1669 0.002076
770.00 P 20260805 -1.00 -1.00 65 53 1.0703 -0.1779 0.002174
775.00 P 20260805 -1.00 -1.00 57 75 1.0697 -0.1894 0.002272
780.00 P 20260805 -1.00 -1.00 44 67 1.0699 -0.2010 0.002370
785.00 P 20260805 -1.00 -1.00 57 77 1.0666 -0.2134 0.002464
790.00 P 20260805 -1.00 -1.00 165 1053 1.0558 -0.2262 0.002558
795.00 P 20260805 -1.00 -1.00 93 144 1.0458 -0.2394 0.002654
800.00 P 20260805 -1.00 -1.00 931 126 1.0385 -0.2533 0.002749
805.00 P 20260805 -1.00 -1.00 205 128 1.0352 -0.2680 0.002838
810.00 P 20260805 -1.00 -1.00 39 177 1.0326 -0.2829 0.002926
815.00 P 20260805 -1.00 -1.00 40 126 1.0314 -0.2981 0.003013
820.00 P 20260805 -1.00 -1.00 171 75 1.0335 -0.3136 0.003092
825.00 P 20260805 -1.00 -1.00 148 35 1.0367 -0.3293 0.003168
830.00 P 20260805 -1.00 -1.00 46 76 1.0274 -0.3455 0.003234
835.00 P 20260805 -1.00 -1.00 41 172 1.0191 -0.3620 0.003298
840.00 P 20260805 -1.00 -1.00 70 101 1.0143 -0.3790 0.003352
845.00 P 20260805 -1.00 -1.00 44 41 1.0101 -0.3962 0.003405
850.00 P 20260805 -1.00 -1.00 117 196 1.0048 -0.4135 0.003463
855.00 P 20260805 -1.00 -1.00 177 57 1.0057 -0.4311 0.003500
860.00 P 20260805 -1.00 -1.00 56 104 1.0077 -0.4486 0.003533
865.00 P 20260805 -1.00 -1.00 36 57 1.0120 -0.4661 0.003558
870.00 P 20260805 -1.00 -1.00 41 90 1.0052 -0.4836 0.003585
875.00 P 20260805 -1.00 -1.00 42 77 0.9995 -0.5011 0.003588
880.00 P 20260805 -1.00 -1.00 39 86 0.9922 -0.5189 0.003596
885.00 P 20260805 -1.00 -1.00 21 65 0.9810 -0.5373 0.003617
890.00 P 20260805 -1.00 -1.00 75 125 0.9876 -0.5542 0.003575
895.00 P 20260805 -1.00 -1.00 6 38 0.9881 -0.5717 0.003555
900.00 P 20260805 -1.00 -1.00 73 286 1.0023 -0.5872 0.003488
905.00 P 20260805 -1.00 -1.00 1 55 1.0175 -0.6020 0.003422
910.00 P 20260805 -1.00 -1.00 18 355 0.9990 -0.6218 0.003454
915.00 P 20260805 -1.00 -1.00 5 224 0.9943 -0.6374 0.003402
920.00 P 20260805 -1.00 -1.00 12 307 1.0001 -0.6512 0.003321
925.00 P 20260805 -1.00 -1.00 3 99 0.9966 -0.6667 0.003265
930.00 P 20260805 -1.00 -1.00 3 62 0.9987 -0.6811 0.003195
935.00 P 20260805 -1.00 -1.00 7 21 0.9842 -0.6994 0.003161
940.00 P 20260805 -1.00 -1.00 6 68 0.9924 -0.7123 0.003078
945.00 P 20260805 -1.00 -1.00 12 24 0.9878 -0.7285 0.003021
950.00 P 20260805 -1.00 -1.00 110 122 0.9928 -0.7421 0.002946
955.00 P 20260805 -1.00 -1.00 15 18 1.0033 -0.7530 0.002858
960.00 P 20260805 -1.00 -1.00 1 56 1.0264 -0.7587 0.002750
965.00 P 20260805 -1.00 -1.00 28 5 0.9757 -0.7821 0.002710
970.00 P 20260805 -1.00 -1.00 2 16 1.0043 -0.7859 0.002603
975.00 P 20260805 -1.00 -1.00 6 3 0.9830 -0.8028 0.002528
980.00 P 20260805 -1.00 -1.00 2 8 1.0208 -0.8033 0.002429
985.00 P 20260805 -1.00 -1.00 2 5 0.9761 -0.8275 0.002351
990.00 P 20260805 -1.00 -1.00 10 32 0.9823 -0.8369 0.002263
995.00 P 20260805 -1.00 -1.00 1 3 1.0018 -0.8419 0.002181
1000.00 P 20260805 -1.00 -1.00 3 9 1.0085 -0.8508 0.002098
1005.00 P 20260805 -1.00 -1.00 2 2 0.9794 -0.8655 0.002004
1010.00 P 20260805 -1.00 -1.00 1 6 1.0015 -0.8676 0.001936
1015.00 P 20260805 -1.00 -1.00 3 8 0.9992 -0.8754 0.001855
1020.00 P 20260805 -1.00 -1.00 1 4 0.9991 -0.8827 0.001775
1025.00 P 20260805 -1.00 -1.00 1 11 0.9806 -0.8949 0.001673
1030.00 P 20260805 -1.00 -1.00 2 5 1.0025 -0.8963 0.001620
1035.00 P 20260805 -1.00 -1.00 2 1 0.9942 -0.9059 0.001529
1040.00 P 20260805 -1.00 -1.00 12 6 0.9858 -0.9156 0.001433
1045.00 P 20260805 -1.00 -1.00 2 3 1.0167 -0.9139 0.001408
1050.00 P 20260805 -1.00 -1.00 1 12 1.0232 -0.9192 0.001342
1055.00 P 20260805 -1.00 -1.00 2 3 0.9918 -0.9308 0.001234
1060.00 P 20260805 -1.00 -1.00 -1 0 0.9852 -0.9362 0.001165
1065.00 P 20260805 -1.00 -1.00 1 1 1.0220 -0.9334 0.001160
1070.00 P 20260805 -1.00 -1.00 1 2 0.9857 -0.9445 0.001045
1075.00 P 20260805 -1.00 -1.00 1 1 1.0026 -0.9453 0.001015
1080.00 P 20260805 -1.00 -1.00 1 2 1.0037 -0.9492 0.000959
1085.00 P 20260805 -1.00 -1.00 1 0 1.0006 -0.9539 0.000895
1090.00 P 20260805 -1.00 -1.00 -1 0 1.0372 -0.9505 0.000909
1095.00 P 20260805 -1.00 -1.00 1 0 1.0060 -0.9611 0.000790
1100.00 P 20260805 -1.00 -1.00 1 1 1.0185 -0.9625 0.000761
1105.00 P 20260805 -1.00 -1.00 -1 0 1.0289 -0.9643 0.000728
1110.00 P 20260805 -1.00 -1.00 -1 0 0.9993 -0.9705 0.000647
1115.00 P 20260805 -1.00 -1.00 1 1 1.0332 -0.9686 0.000656
1120.00 P 20260805 -1.00 -1.00 -1 0 0.9916 -0.9756 0.000564
1125.00 P 20260805 -1.00 -1.00 1 1 0.9976 -0.9769 0.000539
1130.00 P 20260805 -1.00 -1.00 2 0 0.9912 -0.9799 0.000493
1135.00 P 20260805 -1.00 -1.00 1 0 0.9927 -0.9817 0.000460
1140.00 P 20260805 -1.00 -1.00 1 1 0.9939 -0.9836 0.000425
1145.00 P 20260805 -1.00 -1.00 26 0 0.9991 -0.9850 0.000398
1150.00 P 20260805 -1.00 -1.00 1 0 1.0344 -0.9823 0.000429
1155.00 P 20260805 -1.00 -1.00 2 0 1.1129 -0.9747 0.000512
1160.00 P 20260805 -1.00 -1.00 1 0 1.0315 -0.9867 0.000355
1165.00 P 20260805 -1.00 -1.00 -1 0 1.0256 -0.9888 0.000325
1170.00 P 20260805 -1.00 -1.00 -1 0 1.0172 -0.9902 0.000302
1175.00 P 20260805 -1.00 -1.00 1 0 1.1392 -0.9788 0.000438
1180.00 P 20260805 -1.00 -1.00 -1 0 1.0990 -0.9855 0.000350
1185.00 P 20260805 -1.00 -1.00 1 0 1.0529 -0.9905 0.000285
1190.00 P 20260805 -1.00 -1.00 -1 0 0.9969 -0.9951 0.000200
1195.00 P 20260805 -1.00 -1.00 -1 0 0.9939 -0.9963 0.000174
1200.00 P 20260805 -1.00 -1.00 -1 0 1.0675 -0.9920 0.000252
1205.00 P 20260805 -1.00 -1.00 -1 0 0.0009 -1.0000 0.000000
1210.00 P 20260805 -1.00 -1.00 -1 0 1.1316 -0.9897 0.000274
1215.00 P 20260805 -1.00 -1.00 -1 0 1.0688 -0.9943 0.000199
522.50 C 20260807 -1.00 -1.00 -1 0 1.6710 0.9848 0.000175
525.00 C 20260807 -1.00 -1.00 1 1 1.6419 0.9854 0.000173
527.50 C 20260807 -1.00 -1.00 -1 0 1.6374 0.9848 0.000179
530.00 C 20260807 -1.00 -1.00 1 1 1.6574 0.9832 0.000194
532.50 C 20260807 -1.00 -1.00 -1 0 1.5994 0.9851 0.000180
535.00 C 20260807 -1.00 -1.00 1 1 1.6388 0.9825 0.000203
537.50 C 20260807 -1.00 -1.00 -1 0 1.6441 0.9815 0.000212
540.00 C 20260807 -1.00 -1.00 2 2 1.5913 0.9831 0.000202
542.50 C 20260807 -1.00 -1.00 -1 0 1.5774 0.9830 0.000205
545.00 C 20260807 -1.00 -1.00 1 2 1.5635 0.9829 0.000208
547.50 C 20260807 -1.00 -1.00 -1 0 1.6122 0.9799 0.000234
550.00 C 20260807 -1.00 -1.00 2 2 1.5983 0.9797 0.000237
552.50 C 20260807 -1.00 -1.00 -1 0 1.5511 0.9811 0.000229
555.00 C 20260807 -1.00 -1.00 1 1 1.5660 0.9796 0.000243
557.50 C 20260807 -1.00 -1.00 -1 0 1.5333 0.9804 0.000240
560.00 C 20260807 -1.00 -1.00 -1 0 1.5435 0.9791 0.000252
562.50 C 20260807 -1.00 -1.00 -1 0 1.5252 0.9792 0.000255
565.00 C 20260807 -1.00 -1.00 1 2 1.5448 0.9775 0.000270
567.50 C 20260807 -1.00 -1.00 -1 0 1.5360 0.9771 0.000276
570.00 C 20260807 -1.00 -1.00 1 2 1.5599 0.9739 0.000301
572.50 C 20260807 -1.00 -1.00 -1 0 1.5193 0.9761 0.000289
575.00 C 20260807 -1.00 -1.00 4 1 1.5023 0.9761 0.000292
577.50 C 20260807 -1.00 -1.00 -1 0 1.4877 0.9759 0.000297
580.00 C 20260807 -1.00 -1.00 4 1 1.4802 0.9751 0.000307
582.50 C 20260807 -1.00 -1.00 -1 0 1.4797 0.9735 0.000321
585.00 C 20260807 -1.00 -1.00 1 0 1.4444 0.9753 0.000312
587.50 C 20260807 -1.00 -1.00 -1 0 1.4741 0.9709 0.000347
590.00 C 20260807 -1.00 -1.00 6 3 1.4436 0.9722 0.000342
592.50 C 20260807 -1.00 -1.00 -1 0 1.4593 0.9691 0.000368
595.00 C 20260807 -1.00 -1.00 6 5 1.4359 0.9697 0.000368
597.50 C 20260807 -1.00 -1.00 -1 0 1.4240 0.9692 0.000376
600.00 C 20260807 -1.00 -1.00 4 45 1.2972 0.9784 0.000309
602.50 C 20260807 -1.00 -1.00 -1 0 1.4187 0.9665 0.000404
605.00 C 20260807 -1.00 -1.00 2 2 1.4115 0.9655 0.000416
607.50 C 20260807 -1.00 -1.00 4 4 1.3998 0.9650 0.000424
610.00 C 20260807 -1.00 -1.00 2 12 1.3950 0.9638 0.000438
612.50 C 20260807 -1.00 -1.00 -1 0 1.3856 0.9631 0.000448
615.00 C 20260807 -1.00 -1.00 -1 0 1.3785 0.9621 0.000460
617.50 C 20260807 -1.00 -1.00 -1 0 1.3489 0.9633 0.000458
620.00 C 20260807 -1.00 -1.00 20 21 1.3712 0.9595 0.000490
622.50 C 20260807 -1.00 -1.00 -1 0 1.3575 0.9591 0.000498
625.00 C 20260807 -1.00 -1.00 -1 0 1.3573 0.9574 0.000515
627.50 C 20260807 -1.00 -1.00 -1 0 1.2921 0.9622 0.000490
630.00 C 20260807 -1.00 -1.00 10 12 1.3367 0.9560 0.000538
632.50 C 20260807 -1.00 -1.00 1 1 1.3143 0.9564 0.000542
635.00 C 20260807 -1.00 -1.00 1 2 1.3475 0.9515 0.000580
637.50 C 20260807 -1.00 -1.00 -1 0 1.2696 0.9574 0.000550
640.00 C 20260807 -1.00 -1.00 1 1 1.2651 0.9561 0.000567
642.50 C 20260807 -1.00 -1.00 -1 0 1.2629 0.9546 0.000585
645.00 C 20260807 -1.00 -1.00 2 1 1.2607 0.9530 0.000603
647.50 C 20260807 -1.00 -1.00 -1 0 1.2584 0.9514 0.000622
650.00 C 20260807 -1.00 -1.00 1 12 1.2584 0.9496 0.000641
652.50 C 20260807 -1.00 -1.00 1 1 1.2584 0.9478 0.000661
655.00 C 20260807 -1.00 -1.00 3 3 1.2562 0.9462 0.000680
657.50 C 20260807 -1.00 -1.00 -1 0 1.2562 0.9444 0.000700
660.00 C 20260807 -1.00 -1.00 1 12 1.2589 0.9414 0.000726
662.50 C 20260807 -1.00 -1.00 10 0 1.2453 0.9406 0.000741
665.00 C 20260807 -1.00 -1.00 1 2 1.2394 0.9385 0.000763
667.50 C 20260807 -1.00 -1.00 10 0 1.2321 0.9366 0.000784
670.00 C 20260807 -1.00 -1.00 46 26 1.2275 0.9343 0.000807
672.50 C 20260807 -1.00 -1.00 -1 0 1.2215 0.9322 0.000830
675.00 C 20260807 -1.00 -1.00 25 2 1.2356 0.9269 0.000868
677.50 C 20260807 -1.00 -1.00 -1 0 1.2123 0.9275 0.000879
680.00 C 20260807 -1.00 -1.00 2 9 1.1927 0.9276 0.000893
682.50 C 20260807 -1.00 -1.00 -1 0 1.2031 0.9228 0.000929
685.00 C 20260807 -1.00 -1.00 2 2 1.1985 0.9203 0.000954
687.50 C 20260807 -1.00 -1.00 -1 0 1.1964 0.9175 0.000982
690.00 C 20260807 -1.00 -1.00 1 3 1.1931 0.9149 0.001008
692.50 C 20260807 -1.00 -1.00 -1 0 1.1910 0.9121 0.001036
695.00 C 20260807 -1.00 -1.00 3 17 1.1594 0.9138 0.001048
697.50 C 20260807 -1.00 -1.00 -1 0 1.1869 0.9063 0.001092
700.00 C 20260807 -1.00 -1.00 34 105 1.1689 0.9059 0.001113
702.50 C 20260807 -1.00 -1.00 -1 0 1.1840 0.9004 0.001149
705.00 C 20260807 -1.00 -1.00 10 13 1.1832 0.8974 0.001178
707.50 C 20260807 -1.00 -1.00 2 0 1.1824 0.8943 0.001207
710.00 C 20260807 -1.00 -1.00 33 16 1.2414 0.8816 0.001249
712.50 C 20260807 -1.00 -1.00 -1 0 1.1845 0.8876 0.001266
715.00 C 20260807 -1.00 -1.00 2 7 1.1984 0.8809 0.001300
717.50 C 20260807 -1.00 -1.00 -1 0 1.1755 0.8808 0.001326
720.00 C 20260807 -1.00 -1.00 5 9 1.1703 0.8772 0.001356
722.50 C 20260807 -1.00 -1.00 -1 0 1.1651 0.8735 0.001387
725.00 C 20260807 -1.00 -1.00 3 7 1.1359 0.8746 0.001416
727.50 C 20260807 -1.00 -1.00 -1 0 1.1556 0.8660 0.001451
730.00 C 20260807 -1.00 -1.00 4 15 1.1641 0.8596 0.001484
732.50 C 20260807 -1.00 -1.00 2 0 1.1470 0.8581 0.001517
735.00 C 20260807 -1.00 -1.00 4 18 1.1507 0.8527 0.001549
737.50 C 20260807 -1.00 -1.00 -1 0 1.1409 0.8497 0.001583
740.00 C 20260807 -1.00 -1.00 46 15 1.1588 0.8418 0.001613
742.50 C 20260807 -1.00 -1.00 9 9 1.1308 0.8419 0.001652
745.00 C 20260807 -1.00 -1.00 40 22 1.1574 0.8326 0.001679
747.50 C 20260807 -1.00 -1.00 8 4 1.1571 0.8279 0.001711
750.00 C 20260807 -1.00 -1.00 53 56 1.1505 0.8242 0.001747
755.00 C 20260807 -1.00 -1.00 6 12 1.1389 0.8165 0.001818
760.00 C 20260807 -1.00 -1.00 16 30 1.1594 0.8039 0.001872
765.00 C 20260807 -1.00 -1.00 73 45 1.1469 0.7960 0.001945
767.50 C 20260807 -1.00 -1.00 -1 0 1.1325 0.7925 0.001985
770.00 C 20260807 -1.00 -1.00 57 231 1.1170 0.7892 0.002029
772.50 C 20260807 -1.00 -1.00 2 0 1.1199 0.7825 0.002053
775.00 C 20260807 -1.00 -1.00 51 90 1.1240 0.7756 0.002077
777.50 C 20260807 -1.00 -1.00 1 0 1.1068 0.7723 0.002124
780.00 C 20260807 -1.00 -1.00 99 708 1.1192 0.7640 0.002138
782.50 C 20260807 -1.00 -1.00 2 0 1.1021 0.7605 0.002187
785.00 C 20260807 -1.00 -1.00 33 56 1.1067 0.7535 0.002210
787.50 C 20260807 -1.00 -1.00 -1 0 1.0956 0.7490 0.002253
790.00 C 20260807 -1.00 -1.00 272 137 1.1096 0.7406 0.002263
792.50 C 20260807 -1.00 -1.00 8 0 1.1031 0.7353 0.002300
795.00 C 20260807 -1.00 -1.00 152 38 1.0903 0.7307 0.002348
800.00 C 20260807 -1.00 -1.00 1346 2731 1.1060 0.7161 0.002382
805.00 C 20260807 -1.00 -1.00 225 72 1.1054 0.7037 0.002440
810.00 C 20260807 -1.00 -1.00 388 255 1.1065 0.6910 0.002495
815.00 C 20260807 -1.00 -1.00 180 67 1.1081 0.6784 0.002548
820.00 C 20260807 -1.00 -1.00 487 235 1.1024 0.6652 0.002593
825.00 C 20260807 -1.00 -1.00 212 502 1.0949 0.6518 0.002636
830.00 C 20260807 -1.00 -1.00 382 302 1.0881 0.6383 0.002680
835.00 C 20260807 -1.00 -1.00 200 71 1.0812 0.6245 0.002723
840.00 C 20260807 -1.00 -1.00 328 123 1.0779 0.6104 0.002760
845.00 C 20260807 -1.00 -1.00 286 61 1.0771 0.5962 0.002790
850.00 C 20260807 -1.00 -1.00 2082 887 1.0767 0.5819 0.002818
855.00 C 20260807 -1.00 -1.00 231 73 1.0794 0.5676 0.002840
860.00 C 20260807 -1.00 -1.00 452 311 1.0795 0.5534 0.002867
865.00 C 20260807 -1.00 -1.00 319 234 1.0850 0.5393 0.002880
870.00 C 20260807 -1.00 -1.00 720 228 1.0806 0.5252 0.002896
875.00 C 20260807 -1.00 -1.00 174 83 1.0688 0.5108 0.002917
880.00 C 20260807 -1.00 -1.00 555 349 1.0686 0.4968 0.002908
885.00 C 20260807 -1.00 -1.00 229 104 1.0587 0.4820 0.002924
890.00 C 20260807 -1.00 -1.00 329 469 1.0605 0.4680 0.002908
895.00 C 20260807 -1.00 -1.00 149 115 1.0589 0.4538 0.002902
900.00 C 20260807 -1.00 -1.00 7656 1486 1.0587 0.4396 0.002891
905.00 C 20260807 -1.00 -1.00 436 103 1.0595 0.4256 0.002879
910.00 C 20260807 -1.00 -1.00 605 185 1.0622 0.4119 0.002861
915.00 C 20260807 -1.00 -1.00 258 276 1.0658 0.3983 0.002841
920.00 C 20260807 -1.00 -1.00 517 192 1.0674 0.3850 0.002821
925.00 C 20260807 -1.00 -1.00 243 223 1.0611 0.3720 0.002792
930.00 C 20260807 -1.00 -1.00 561 291 1.0554 0.3590 0.002762
935.00 C 20260807 -1.00 -1.00 70 127 1.0518 0.3463 0.002726
940.00 C 20260807 -1.00 -1.00 179 339 1.0489 0.3336 0.002689
945.00 C 20260807 -1.00 -1.00 92 45 1.0470 0.3210 0.002649
950.00 C 20260807 -1.00 -1.00 2634 1397 1.0472 0.3089 0.002606
955.00 C 20260807 -1.00 -1.00 104 99 1.0474 0.2968 0.002562
957.50 C 20260807 -1.00 -1.00 81 51 1.0489 0.2911 0.002539
960.00 C 20260807 -1.00 -1.00 393 179 1.0498 0.2852 0.002516
962.50 C 20260807 -1.00 -1.00 129 27 1.0518 0.2796 0.002491
965.00 C 20260807 -1.00 -1.00 94 78 1.0532 0.2740 0.002468
967.50 C 20260807 -1.00 -1.00 76 7 1.0557 0.2686 0.002443
970.00 C 20260807 -1.00 -1.00 135 130 1.0602 0.2638 0.002416
972.50 C 20260807 -1.00 -1.00 23 13 1.0606 0.2579 0.002395
975.00 C 20260807 -1.00 -1.00 170 216 1.0604 0.2527 0.002370
977.50 C 20260807 -1.00 -1.00 42 55 1.0557 0.2472 0.002346
980.00 C 20260807 -1.00 -1.00 200 371 1.0545 0.2424 0.002319
982.50 C 20260807 -1.00 -1.00 46 24 1.0519 0.2373 0.002293
985.00 C 20260807 -1.00 -1.00 103 98 1.0499 0.2323 0.002266
990.00 C 20260807 -1.00 -1.00 137 543 1.0475 0.2227 0.002210
995.00 C 20260807 -1.00 -1.00 80 132 1.0464 0.2133 0.002153
1000.00 C 20260807 -1.00 -1.00 3527 1880 1.0473 0.2045 0.002095
1005.00 C 20260807 -1.00 -1.00 60 150 1.0469 0.1954 0.002038
1010.00 C 20260807 -1.00 -1.00 127 113 1.0471 0.1864 0.001981
1015.00 C 20260807 -1.00 -1.00 92 155 1.0494 0.1780 0.001924
1020.00 C 20260807 -1.00 -1.00 212 267 1.0523 0.1698 0.001867
1025.00 C 20260807 -1.00 -1.00 212 477 1.0572 0.1623 0.001812
1030.00 C 20260807 -1.00 -1.00 163 394 1.0641 0.1555 0.001758
1035.00 C 20260807 -1.00 -1.00 65 176 1.0607 0.1475 0.001703
1040.00 C 20260807 -1.00 -1.00 160 171 1.0602 0.1416 0.001651
1045.00 C 20260807 -1.00 -1.00 60 148 1.0568 0.1350 0.001597
1050.00 C 20260807 -1.00 -1.00 990 901 1.0544 0.1286 0.001543
1055.00 C 20260807 -1.00 -1.00 42 844 1.0529 0.1224 0.001489
1060.00 C 20260807 -1.00 -1.00 107 220 1.0545 0.1170 0.001438
1065.00 C 20260807 -1.00 -1.00 115 128 1.0560 0.1115 0.001387
1070.00 C 20260807 -1.00 -1.00 88 152 1.0585 0.1063 0.001337
1075.00 C 20260807 -1.00 -1.00 142 214 1.0600 0.1009 0.001286
1080.00 C 20260807 -1.00 -1.00 98 698 1.0644 0.0963 0.001240
1085.00 C 20260807 -1.00 -1.00 41 143 1.0688 0.0917 0.001194
1090.00 C 20260807 -1.00 -1.00 23 167 1.0741 0.0875 0.001150
1095.00 C 20260807 -1.00 -1.00 33 191 1.0794 0.0833 0.001107
1100.00 C 20260807 -1.00 -1.00 1344 984 1.0875 0.0799 0.001070
1105.00 C 20260807 -1.00 -1.00 17 200 1.0798 0.0754 0.001026
1110.00 C 20260807 -1.00 -1.00 126 207 1.0822 0.0726 0.000992
1115.00 C 20260807 -1.00 -1.00 53 61 1.0779 0.0687 0.000951
1120.00 C 20260807 -1.00 -1.00 356 190 1.0819 0.0662 0.000918
1125.00 C 20260807 -1.00 -1.00 23 314 1.0823 0.0631 0.000883
1130.00 C 20260807 -1.00 -1.00 356 337 1.0830 0.0601 0.000847
1135.00 C 20260807 -1.00 -1.00 8 129 1.0836 0.0570 0.000811
1140.00 C 20260807 -1.00 -1.00 167 301 1.0882 0.0547 0.000782
1145.00 C 20260807 -1.00 -1.00 4 3 1.0908 0.0520 0.000749
1150.00 C 20260807 -1.00 -1.00 452 641 1.0953 0.0497 0.000720
1155.00 C 20260807 -1.00 -1.00 21 1 1.0999 0.0475 0.000692
1160.00 C 20260807 -1.00 -1.00 22 237 1.1024 0.0449 0.000661
1165.00 C 20260807 -1.00 -1.00 12 1 1.1101 0.0433 0.000639
1170.00 C 20260807 -1.00 -1.00 12 126 1.1162 0.0414 0.000614
1175.00 C 20260807 -1.00 -1.00 7 15 1.1226 0.0396 0.000591
1180.00 C 20260807 -1.00 -1.00 55 243 1.1302 0.0381 0.000571
1185.00 C 20260807 -1.00 -1.00 3 0 1.1325 0.0365 0.000549
1190.00 C 20260807 -1.00 -1.00 41 135 1.1310 0.0348 0.000528
1195.00 C 20260807 -1.00 -1.00 18 5 1.1269 0.0329 0.000504
1200.00 C 20260807 -1.00 -1.00 921 2127 1.1317 0.0320 0.000489
1205.00 C 20260807 -1.00 -1.00 13 6 1.1334 0.0307 0.000471
1210.00 C 20260807 -1.00 -1.00 21 147 1.1331 0.0292 0.000451
522.50 P 20260807 -1.00 -1.00 -1 0 1.5523 -0.0094 0.000127
525.00 P 20260807 -1.00 -1.00 88 157 1.5406 -0.0096 0.000130
527.50 P 20260807 -1.00 -1.00 -1 0 1.5368 -0.0102 0.000136
530.00 P 20260807 -1.00 -1.00 39 94 1.5213 -0.0102 0.000138
532.50 P 20260807 -1.00 -1.00 -1 0 1.5107 -0.0104 0.000141
535.00 P 20260807 -1.00 -1.00 38 95 1.5041 -0.0109 0.000147
537.50 P 20260807 -1.00 -1.00 -1 0 1.4965 -0.0113 0.000152
540.00 P 20260807 -1.00 -1.00 41 68 1.4861 -0.0116 0.000156
542.50 P 20260807 -1.00 -1.00 -1 0 1.4844 -0.0123 0.000165
545.00 P 20260807 -1.00 -1.00 12 52 1.4702 -0.0123 0.000167
547.50 P 20260807 -1.00 -1.00 -1 0 1.4676 -0.0130 0.000175
550.00 P 20260807 -1.00 -1.00 428 620 1.4583 -0.0133 0.000180
552.50 P 20260807 -1.00 -1.00 -1 0 1.4471 -0.0136 0.000184
555.00 P 20260807 -1.00 -1.00 17 67 1.4398 -0.0140 0.000190
557.50 P 20260807 -1.00 -1.00 10 0 1.4345 -0.0145 0.000197
560.00 P 20260807 -1.00 -1.00 189 348 1.4244 -0.0148 0.000202
562.50 P 20260807 -1.00 -1.00 3 0 1.4219 -0.0155 0.000210
565.00 P 20260807 -1.00 -1.00 14 64 1.4176 -0.0161 0.000218
567.50 P 20260807 -1.00 -1.00 -1 0 1.4113 -0.0166 0.000225
570.00 P 20260807 -1.00 -1.00 12 142 1.4146 -0.0177 0.000237
572.50 P 20260807 -1.00 -1.00 -1 0 1.4037 -0.0179 0.000242
575.00 P 20260807 -1.00 -1.00 155 277 1.4032 -0.0188 0.000252
577.50 P 20260807 -1.00 -1.00 -1 0 1.4017 -0.0195 0.000261
580.00 P 20260807 -1.00 -1.00 86 190 1.3910 -0.0198 0.000267
582.50 P 20260807 -1.00 -1.00 2 0 1.3933 -0.0208 0.000278
585.00 P 20260807 -1.00 -1.00 33 102 1.3956 -0.0218 0.000289
587.50 P 20260807 -1.00 -1.00 2 3 1.3886 -0.0223 0.000297
590.00 P 20260807 -1.00 -1.00 45 415 1.3844 -0.0229 0.000305
592.50 P 20260807 -1.00 -1.00 28 4 1.3840 -0.0237 0.000316
595.00 P 20260807 -1.00 -1.00 50 125 1.3772 -0.0244 0.000325
597.50 P 20260807 -1.00 -1.00 116 12 1.3707 -0.0254 0.000336
600.00 P 20260807 -1.00 -1.00 847 1604 1.3647 -0.0264 0.000348
602.50 P 20260807 -1.00 -1.00 3 7 1.3536 -0.0270 0.000357
605.00 P 20260807 -1.00 -1.00 133 103 1.3477 -0.0280 0.000369
607.50 P 20260807 -1.00 -1.00 7 72 1.3399 -0.0289 0.000381
610.00 P 20260807 -1.00 -1.00 250 247 1.3331 -0.0299 0.000393
612.50 P 20260807 -1.00 -1.00 8 6 1.3263 -0.0309 0.000406
615.00 P 20260807 -1.00 -1.00 569 563 1.3173 -0.0317 0.000417
617.50 P 20260807 -1.00 -1.00 27 3 1.3137 -0.0330 0.000432
620.00 P 20260807 -1.00 -1.00 259 240 1.3129 -0.0347 0.000450
622.50 P 20260807 -1.00 -1.00 136 7 1.3035 -0.0355 0.000461
625.00 P 20260807 -1.00 -1.00 186 283 1.3000 -0.0368 0.000477
627.50 P 20260807 -1.00 -1.00 3 3 1.2934 -0.0379 0.000491
630.00 P 20260807 -1.00 -1.00 130 249 1.2984 -0.0402 0.000513
632.50 P 20260807 -1.00 -1.00 10 8 1.2864 -0.0407 0.000524
635.00 P 20260807 -1.00 -1.00 56 133 1.2825 -0.0421 0.000540
637.50 P 20260807 -1.00 -1.00 13 19 1.2787 -0.0435 0.000557
640.00 P 20260807 -1.00 -1.00 129 291 1.2752 -0.0449 0.000574
642.50 P 20260807 -1.00 -1.00 56 33 1.2732 -0.0465 0.000592
645.00 P 20260807 -1.00 -1.00 103 162 1.2711 -0.0480 0.000610
647.50 P 20260807 -1.00 -1.00 50 219 1.2690 -0.0496 0.000628
650.00 P 20260807 -1.00 -1.00 1475 1460 1.2692 -0.0514 0.000648
652.50 P 20260807 -1.00 -1.00 18 237 1.2628 -0.0526 0.000664
655.00 P 20260807 -1.00 -1.00 46 201 1.2629 -0.0544 0.000683
657.50 P 20260807 -1.00 -1.00 119 24 1.2639 -0.0564 0.000704
660.00 P 20260807 -1.00 -1.00 1341 295 1.2529 -0.0576 0.000721
662.50 P 20260807 -1.00 -1.00 18 201 1.2483 -0.0599 0.000744
665.00 P 20260807 -1.00 -1.00 65 158 1.2399 -0.0615 0.000763
667.50 P 20260807 -1.00 -1.00 20 8 1.2403 -0.0647 0.000791
670.00 P 20260807 -1.00 -1.00 182 275 1.2319 -0.0664 0.000811
672.50 P 20260807 -1.00 -1.00 8 23 1.2261 -0.0685 0.000834
675.00 P 20260807 -1.00 -1.00 86 129 1.2228 -0.0710 0.000859
677.50 P 20260807 -1.00 -1.00 18 30 1.2170 -0.0732 0.000882
680.00 P 20260807 -1.00 -1.00 422 1316 1.2150 -0.0760 0.000909
682.50 P 20260807 -1.00 -1.00 14 5 1.2092 -0.0782 0.000933
685.00 P 20260807 -1.00 -1.00 32 212 1.2072 -0.0810 0.000960
687.50 P 20260807 -1.00 -1.00 2 5 1.2003 -0.0831 0.000984
690.00 P 20260807 -1.00 -1.00 121 275 1.1971 -0.0857 0.001011
692.50 P 20260807 -1.00 -1.00 12 19 1.1951 -0.0885 0.001038
695.00 P 20260807 -1.00 -1.00 91 408 1.1931 -0.0914 0.001066
697.50 P 20260807 -1.00 -1.00 47 82 1.1899 -0.0941 0.001093
700.00 P 20260807 -1.00 -1.00 2220 1885 1.1917 -0.0975 0.001123
702.50 P 20260807 -1.00 -1.00 22 36 1.1885 -0.1002 0.001151
705.00 P 20260807 -1.00 -1.00 39 371 1.1890 -0.1034 0.001180
707.50 P 20260807 -1.00 -1.00 22 4 1.1895 -0.1067 0.001209
710.00 P 20260807 -1.00 -1.00 123 189 1.1900 -0.1099 0.001238
712.50 P 20260807 -1.00 -1.00 10 6 1.1904 -0.1132 0.001268
715.00 P 20260807 -1.00 -1.00 146 151 1.1855 -0.1166 0.001297
717.50 P 20260807 -1.00 -1.00 14 9 1.1804 -0.1202 0.001327
720.00 P 20260807 -1.00 -1.00 347 606 1.1737 -0.1235 0.001357
722.50 P 20260807 -1.00 -1.00 8 33 1.1694 -0.1273 0.001389
725.00 P 20260807 -1.00 -1.00 262 506 1.1643 -0.1310 0.001420
727.50 P 20260807 -1.00 -1.00 7 22 1.1592 -0.1347 0.001452
730.00 P 20260807 -1.00 -1.00 697 430 1.1557 -0.1388 0.001484
732.50 P 20260807 -1.00 -1.00 37 129 1.1515 -0.1427 0.001517
735.00 P 20260807 -1.00 -1.00 73 261 1.1481 -0.1468 0.001550
737.50 P 20260807 -1.00 -1.00 10 206 1.1447 -0.1510 0.001583
740.00 P 20260807 -1.00 -1.00 389 493 1.1436 -0.1556 0.001617
742.50 P 20260807 -1.00 -1.00 53 37 1.1418 -0.1600 0.001650
745.00 P 20260807 -1.00 -1.00 444 139 1.1392 -0.1644 0.001684
747.50 P 20260807 -1.00 -1.00 53 17 1.1366 -0.1687 0.001719
750.00 P 20260807 -1.00 -1.00 1690 1229 1.1364 -0.1735 0.001752
755.00 P 20260807 -1.00 -1.00 253 333 1.1360 -0.1830 0.001820
760.00 P 20260807 -1.00 -1.00 242 511 1.1379 -0.1929 0.001886
765.00 P 20260807 -1.00 -1.00 91 297 1.1397 -0.2028 0.001952
767.50 P 20260807 -1.00 -1.00 9 0 1.1347 -0.2079 0.001985
770.00 P 20260807 -1.00 -1.00 159 640 1.1305 -0.2133 0.002016
772.50 P 20260807 -1.00 -1.00 10 0 1.1246 -0.2184 0.002050
775.00 P 20260807 -1.00 -1.00 133 196 1.1210 -0.2240 0.002081
777.50 P 20260807 -1.00 -1.00 17 0 1.1169 -0.2295 0.002114
780.00 P 20260807 -1.00 -1.00 167 685 1.1127 -0.2350 0.002147
782.50 P 20260807 -1.00 -1.00 50 0 1.1104 -0.2408 0.002178
785.00 P 20260807 -1.00 -1.00 76 379 1.1080 -0.2467 0.002209
787.50 P 20260807 -1.00 -1.00 8 0 1.1057 -0.2526 0.002241
790.00 P 20260807 -1.00 -1.00 312 703 1.1040 -0.2586 0.002272
792.50 P 20260807 -1.00 -1.00 18 0 1.1017 -0.2646 0.002304
795.00 P 20260807 -1.00 -1.00 132 428 1.0999 -0.2706 0.002335
800.00 P 20260807 -1.00 -1.00 1373 12259 1.1000 -0.2832 0.002393
805.00 P 20260807 -1.00 -1.00 53 304 1.0995 -0.2958 0.002451
810.00 P 20260807 -1.00 -1.00 185 411 1.1018 -0.3086 0.002505
815.00 P 20260807 -1.00 -1.00 187 261 1.1058 -0.3216 0.002555
820.00 P 20260807 -1.00 -1.00 386 516 1.0974 -0.3345 0.002606
825.00 P 20260807 -1.00 -1.00 219 234 1.0870 -0.3477 0.002657
830.00 P 20260807 -1.00 -1.00 182 431 1.0808 -0.3614 0.002699
835.00 P 20260807 -1.00 -1.00 268 153 1.0780 -0.3755 0.002734
840.00 P 20260807 -1.00 -1.00 222 395 1.0743 -0.3896 0.002771
845.00 P 20260807 -1.00 -1.00 258 168 1.0720 -0.4038 0.002805
850.00 P 20260807 -1.00 -1.00 2266 907 1.0708 -0.4182 0.002837
855.00 P 20260807 -1.00 -1.00 171 1310 1.0725 -0.4326 0.002861
860.00 P 20260807 -1.00 -1.00 350 347 1.0742 -0.4469 0.002884
865.00 P 20260807 -1.00 -1.00 281 153 1.0778 -0.4612 0.002903
870.00 P 20260807 -1.00 -1.00 195 266 1.0744 -0.4754 0.002916
875.00 P 20260807 -1.00 -1.00 131 137 1.0669 -0.4897 0.002926
880.00 P 20260807 -1.00 -1.00 64 382 1.0610 -0.5041 0.002932
885.00 P 20260807 -1.00 -1.00 33 93 1.0570 -0.5185 0.002932
890.00 P 20260807 -1.00 -1.00 97 646 1.0531 -0.5330 0.002933
895.00 P 20260807 -1.00 -1.00 14 293 1.0592 -0.5466 0.002905
900.00 P 20260807 -1.00 -1.00 212 1011 1.0515 -0.5616 0.002915
905.00 P 20260807 -1.00 -1.00 75 396 1.0609 -0.5746 0.002880
910.00 P 20260807 -1.00 -1.00 22 351 1.0570 -0.5893 0.002880
915.00 P 20260807 -1.00 -1.00 11 107 1.0644 -0.6024 0.002851
920.00 P 20260807 -1.00 -1.00 28 407 1.0812 -0.6135 0.002796
925.00 P 20260807 -1.00 -1.00 30 289 1.0653 -0.6279 0.002789
930.00 P 20260807 -1.00 -1.00 54 283 1.0591 -0.6409 0.002760
935.00 P 20260807 -1.00 -1.00 5 124 1.0658 -0.6517 0.002705
940.00 P 20260807 -1.00 -1.00 12 421 1.0260 -0.6718 0.002739
945.00 P 20260807 -1.00 -1.00 7 87 1.0593 -0.6770 0.002634
950.00 P 20260807 -1.00 -1.00 131 780 1.0628 -0.6883 0.002586
955.00 P 20260807 -1.00 -1.00 17 58 1.0747 -0.6975 0.002526
957.50 P 20260807 -1.00 -1.00 10 11 1.0560 -0.7079 0.002535
960.00 P 20260807 -1.00 -1.00 13 153 1.0616 -0.7126 0.002505
962.50 P 20260807 -1.00 -1.00 1 0 1.0551 -0.7203 0.002494
965.00 P 20260807 -1.00 -1.00 10 107 1.0629 -0.7243 0.002462
967.50 P 20260807 -1.00 -1.00 2 5 1.0479 -0.7343 0.002462
970.00 P 20260807 -1.00 -1.00 32 131 1.0556 -0.7383 0.002430
972.50 P 20260807 -1.00 -1.00 4 4 1.0632 -0.7423 0.002399
975.00 P 20260807 -1.00 -1.00 6 49 1.0643 -0.7474 0.002373
977.50 P 20260807 -1.00 -1.00 1 2 1.0610 -0.7526 0.002349
980.00 P 20260807 -1.00 -1.00 8 478 1.0249 -0.7654 0.002350
982.50 P 20260807 -1.00 -1.00 3 6 1.0558 -0.7627 0.002297
985.00 P 20260807 -1.00 -1.00 16 79 1.0225 -0.7753 0.002292
990.00 P 20260807 -1.00 -1.00 3 74 1.0515 -0.7773 0.002216
995.00 P 20260807 -1.00 -1.00 4 193 1.0545 -0.7856 0.002158
1000.00 P 20260807 -1.00 -1.00 55 527 1.0588 -0.7934 0.002100
1005.00 P 20260807 -1.00 -1.00 1 84 1.0489 -0.8051 0.002047
1010.00 P 20260807 -1.00 -1.00 5 70 1.0701 -0.8083 0.001987
1015.00 P 20260807 -1.00 -1.00 1 104 1.0535 -0.8220 0.001933
1020.00 P 20260807 -1.00 -1.00 3 102 1.0577 -0.8298 0.001877
1025.00 P 20260807 -1.00 -1.00 5 38 1.0611 -0.8377 0.001822
1030.00 P 20260807 -1.00 -1.00 7 58 1.0400 -0.8525 0.001759
1035.00 P 20260807 -1.00 -1.00 16 55 1.0576 -0.8545 0.001711
1040.00 P 20260807 -1.00 -1.00 4 87 1.0632 -0.8591 0.001662
1045.00 P 20260807 -1.00 -1.00 6 55 1.0260 -0.8738 0.001588
1050.00 P 20260807 -1.00 -1.00 4 89 1.0583 -0.8719 0.001556
1055.00 P 20260807 -1.00 -1.00 5 21 1.0599 -0.8773 0.001505
1060.00 P 20260807 -1.00 -1.00 2 220 1.0594 -0.8833 0.001452
1065.00 P 20260807 -1.00 -1.00 2 27 1.0609 -0.8888 0.001402
1070.00 P 20260807 -1.00 -1.00 34 314 1.0604 -0.8947 0.001350
1075.00 P 20260807 -1.00 -1.00 12 77 1.0607 -0.9005 0.001298
1080.00 P 20260807 -1.00 -1.00 5 33 1.0788 -0.9014 0.001268
1085.00 P 20260807 -1.00 -1.00 1 76 1.0732 -0.9087 0.001211
1090.00 P 20260807 -1.00 -1.00 90 359 1.0774 -0.9134 0.001166
1095.00 P 20260807 -1.00 -1.00 73 56 1.0843 -0.9172 0.001125
1100.00 P 20260807 -1.00 -1.00 6 306 1.0941 -0.9201 0.001090
1105.00 P 20260807 -1.00 -1.00 2 69 1.0887 -0.9249 0.001046
1110.00 P 20260807 -1.00 -1.00 3 96 1.0860 -0.9286 0.001007
1115.00 P 20260807 -1.00 -1.00 7 70 1.0866 -0.9317 0.000972
1120.00 P 20260807 -1.00 -1.00 2 175 1.0855 -0.9351 0.000934
1125.00 P 20260807 -1.00 -1.00 5 92 1.0877 -0.9379 0.000901
1130.00 P 20260807 -1.00 -1.00 2 25 1.0899 -0.9407 0.000867
1135.00 P 20260807 -1.00 -1.00 1 26 1.0903 -0.9438 0.000832
1140.00 P 20260807 -1.00 -1.00 1 29 1.0941 -0.9463 0.000802
1145.00 P 20260807 -1.00 -1.00 -1 0 1.0962 -0.9491 0.000769
1150.00 P 20260807 -1.00 -1.00 2 46 1.0998 -0.9516 0.000739
1155.00 P 20260807 -1.00 -1.00 -1 0 1.0829 -0.9583 0.000677
1160.00 P 20260807 -1.00 -1.00 1 29 1.0931 -0.9594 0.000658
1165.00 P 20260807 -1.00 -1.00 -1 0 1.0910 -0.9630 0.000618
1170.00 P 20260807 -1.00 -1.00 8 8 1.0920 -0.9656 0.000587
1175.00 P 20260807 -1.00 -1.00 -1 0 1.1337 -0.9605 0.000621
1180.00 P 20260807 -1.00 -1.00 2 10 1.0850 -0.9696 0.000537
1185.00 P 20260807 -1.00 -1.00 -1 0 1.0831 -0.9714 0.000513
1190.00 P 20260807 -1.00 -1.00 1 13 1.1081 -0.9701 0.000518
1195.00 P 20260807 -1.00 -1.00 -1 0 1.0890 -0.9739 0.000477
1200.00 P 20260807 -1.00 -1.00 2 71 1.1005 -0.9741 0.000469
1205.00 P 20260807 -1.00 -1.00 -1 0 1.1016 -0.9755 0.000450
1210.00 P 20260807 -1.00 -1.00 1 29 1.0819 -0.9796 0.000404
525.00 C 20260810 -1.00 -1.00 -1 0 1.4290 0.9842 0.000182
527.50 C 20260810 -1.00 -1.00 -1 0 1.4250 0.9837 0.000188
530.00 C 20260810 -1.00 -1.00 -1 0 1.3708 0.9858 0.000173
532.50 C 20260810 -1.00 -1.00 -1 0 1.3419 0.9866 0.000167
535.00 C 20260810 -1.00 -1.00 -1 0 1.3840 0.9835 0.000195
537.50 C 20260810 -1.00 -1.00 -1 0 1.4093 0.9815 0.000213
540.00 C 20260810 -1.00 -1.00 -1 0 1.4470 0.9789 0.000233
542.50 C 20260810 -1.00 -1.00 -1 0 1.4430 0.9783 0.000239
545.00 C 20260810 -1.00 -1.00 -1 0 1.3441 0.9826 0.000210
547.50 C 20260810 -1.00 -1.00 -1 0 1.3321 0.9825 0.000213
550.00 C 20260810 -1.00 -1.00 -1 0 1.3902 0.9787 0.000245
552.50 C 20260810 -1.00 -1.00 -1 0 1.3454 0.9802 0.000236
555.00 C 20260810 -1.00 -1.00 -1 0 1.3458 0.9794 0.000244
557.50 C 20260810 -1.00 -1.00 -1 0 1.3855 0.9763 0.000269
560.00 C 20260810 -1.00 -1.00 -1 0 1.3466 0.9778 0.000262
562.50 C 20260810 -1.00 -1.00 -1 0 1.3780 0.9741 0.000289
565.00 C 20260810 -1.00 -1.00 -1 0 1.3570 0.9748 0.000288
567.50 C 20260810 -1.00 -1.00 -1 0 1.3280 0.9762 0.000281
570.00 C 20260810 -1.00 -1.00 -1 0 1.3597 0.9715 0.000316
572.50 C 20260810 -1.00 -1.00 -1 0 1.3248 0.9736 0.000306
575.00 C 20260810 -1.00 -1.00 -1 0 1.3222 0.9723 0.000318
577.50 C 20260810 -1.00 -1.00 -1 0 1.3217 0.9708 0.000332
580.00 C 20260810 -1.00 -1.00 -1 0 1.3311 0.9684 0.000352
582.50 C 20260810 -1.00 -1.00 -1 0 1.2666 0.9736 0.000320
585.00 C 20260810 -1.00 -1.00 1 10 1.2682 0.9718 0.000336
587.50 C 20260810 -1.00 -1.00 -1 0 1.3015 0.9668 0.000374
590.00 C 20260810 -1.00 -1.00 -1 0 1.3070 0.9647 0.000392
592.50 C 20260810 -1.00 -1.00 -1 0 1.2906 0.9648 0.000396
595.00 C 20260810 -1.00 -1.00 -1 0 1.2763 0.9647 0.000401
597.50 C 20260810 -1.00 -1.00 -1 0 1.2936 0.9614 0.000426
600.00 C 20260810 -1.00 -1.00 -1 0 1.2813 0.9611 0.000433
602.50 C 20260810 -1.00 -1.00 -1 0 1.2710 0.9606 0.000442
605.00 C 20260810 -1.00 -1.00 -1 0 1.2745 0.9587 0.000458
607.50 C 20260810 -1.00 -1.00 -1 0 1.2642 0.9581 0.000467
610.00 C 20260810 -1.00 -1.00 -1 0 1.2580 0.9572 0.000478
612.50 C 20260810 -1.00 -1.00 -1 0 1.2439 0.9570 0.000485
615.00 C 20260810 -1.00 -1.00 -1 0 1.2238 0.9575 0.000488
617.50 C 20260810 -1.00 -1.00 -1 0 1.2254 0.9558 0.000505
620.00 C 20260810 -1.00 -1.00 -1 0 1.1960 0.9572 0.000503
622.50 C 20260810 -1.00 -1.00 -1 0 1.1880 0.9564 0.000514
625.00 C 20260810 -1.00 -1.00 -1 0 1.1858 0.9550 0.000529
627.50 C 20260810 -1.00 -1.00 -1 0 1.1856 0.9534 0.000546
630.00 C 20260810 -1.00 -1.00 -1 0 1.1853 0.9517 0.000562
632.50 C 20260810 -1.00 -1.00 -1 0 1.1851 0.9501 0.000579
635.00 C 20260810 -1.00 -1.00 -1 0 1.1829 0.9487 0.000594
637.50 C 20260810 -1.00 -1.00 -1 0 1.1827 0.9470 0.000611
640.00 C 20260810 -1.00 -1.00 -1 0 1.1824 0.9454 0.000627
642.50 C 20260810 -1.00 -1.00 -1 0 1.1786 0.9436 0.000645
645.00 C 20260810 -1.00 -1.00 -1 0 1.1721 0.9419 0.000662
647.50 C 20260810 -1.00 -1.00 -1 0 1.1579 0.9416 0.000673
650.00 C 20260810 -1.00 -1.00 1 1 1.1438 0.9412 0.000684
652.50 C 20260810 -1.00 -1.00 -1 0 1.1472 0.9378 0.000710
655.00 C 20260810 -1.00 -1.00 1 1 1.1473 0.9349 0.000734
657.50 C 20260810 -1.00 -1.00 -1 0 1.1431 0.9328 0.000754
660.00 C 20260810 -1.00 -1.00 -1 0 1.1269 0.9327 0.000765
662.50 C 20260810 -1.00 -1.00 -1 0 1.1357 0.9283 0.000796
665.00 C 20260810 -1.00 -1.00 3 0 1.1348 0.9256 0.000819
667.50 C 20260810 -1.00 -1.00 -1 0 1.1091 0.9271 0.000825
670.00 C 20260810 -1.00 -1.00 -1 0 1.1135 0.9234 0.000853
672.50 C 20260810 -1.00 -1.00 -1 0 1.1062 0.9217 0.000873
675.00 C 20260810 -1.00 -1.00 2 1 1.1075 0.9185 0.000899
677.50 C 20260810 -1.00 -1.00 -1 0 1.0735 0.9214 0.000902
680.00 C 20260810 -1.00 -1.00 -1 0 1.1004 0.9138 0.000945
682.50 C 20260810 -1.00 -1.00 -1 0 1.1037 0.9104 0.000971
685.00 C 20260810 -1.00 -1.00 2 1 1.1092 0.9065 0.000999
687.50 C 20260810 -1.00 -1.00 2 0 1.0840 0.9076 0.001013
690.00 C 20260810 -1.00 -1.00 -1 0 1.1011 0.9019 0.001045
692.50 C 20260810 -1.00 -1.00 -1 0 1.0950 0.8999 0.001068
695.00 C 20260810 -1.00 -1.00 -1 0 1.1047 0.8955 0.001096
697.50 C 20260810 -1.00 -1.00 -1 0 1.1070 0.8922 0.001122
700.00 C 20260810 -1.00 -1.00 -1 0 1.0987 0.8905 0.001145
702.50 C 20260810 -1.00 -1.00 -1 0 1.1002 0.8871 0.001171
705.00 C 20260810 -1.00 -1.00 -1 0 1.0948 0.8839 0.001196
707.50 C 20260810 -1.00 -1.00 -1 0 1.0888 0.8809 0.001222
710.00 C 20260810 -1.00 -1.00 -1 0 1.0724 0.8801 0.001247
712.50 C 20260810 -1.00 -1.00 -1 0 1.0831 0.8734 0.001276
715.00 C 20260810 -1.00 -1.00 -1 0 1.0764 0.8705 0.001303
717.50 C 20260810 -1.00 -1.00 -1 0 1.0746 0.8665 0.001331
720.00 C 20260810 -1.00 -1.00 -1 0 1.0625 0.8645 0.001359
722.50 C 20260810 -1.00 -1.00 -1 0 1.0387 0.8650 0.001387
725.00 C 20260810 -1.00 -1.00 -1 0 1.0500 0.8582 0.001416
727.50 C 20260810 -1.00 -1.00 1 0 1.0565 0.8524 0.001445
730.00 C 20260810 -1.00 -1.00 -1 0 1.0527 0.8487 0.001474
732.50 C 20260810 -1.00 -1.00 -1 0 1.0510 0.8446 0.001504
735.00 C 20260810 -1.00 -1.00 -1 0 1.0513 0.8401 0.001533
737.50 C 20260810 -1.00 -1.00 1 1 1.0570 0.8346 0.001560
740.00 C 20260810 -1.00 -1.00 3 1 1.0587 0.8299 0.001588
742.50 C 20260810 -1.00 -1.00 -1 0 1.0461 0.8276 0.001622
745.00 C 20260810 -1.00 -1.00 1 3 1.0593 0.8209 0.001646
747.50 C 20260810 -1.00 -1.00 -1 0 1.0407 0.8196 0.001683
750.00 C 20260810 -1.00 -1.00 5 11 1.0673 0.8108 0.001698
755.00 C 20260810 -1.00 -1.00 3 3 1.0652 0.8023 0.001756
760.00 C 20260810 -1.00 -1.00 9 9 1.0435 0.7960 0.001827
765.00 C 20260810 -1.00 -1.00 28 14 1.0344 0.7863 0.001884
770.00 C 20260810 -1.00 -1.00 14 19 1.0341 0.7749 0.001932
775.00 C 20260810 -1.00 -1.00 18 23 1.0242 0.7651 0.001993
780.00 C 20260810 -1.00 -1.00 7 29 1.0290 0.7527 0.002036
785.00 C 20260810 -1.00 -1.00 32 14 1.0337 0.7405 0.002078
790.00 C 20260810 -1.00 -1.00 33 12 1.0043 0.7331 0.002171
795.00 C 20260810 -1.00 -1.00 96 4 0.9941 0.7227 0.002239
800.00 C 20260810 -1.00 -1.00 95 80 1.0174 0.7079 0.002251
805.00 C 20260810 -1.00 -1.00 124 5 1.0032 0.6978 0.002326
810.00 C 20260810 -1.00 -1.00 102 16 1.0154 0.6848 0.002355
815.00 C 20260810 -1.00 -1.00 14 15 1.0114 0.6729 0.002401
820.00 C 20260810 -1.00 -1.00 23 25 0.9941 0.6614 0.002464
825.00 C 20260810 -1.00 -1.00 11 13 0.9975 0.6479 0.002481
830.00 C 20260810 -1.00 -1.00 17 17 0.9970 0.6348 0.002507
835.00 C 20260810 -1.00 -1.00 26 15 0.9880 0.6220 0.002554
840.00 C 20260810 -1.00 -1.00 41 5 0.9901 0.6086 0.002573
845.00 C 20260810 -1.00 -1.00 20 6 0.9888 0.5954 0.002602
850.00 C 20260810 -1.00 -1.00 72 77 0.9900 0.5821 0.002623
855.00 C 20260810 -1.00 -1.00 20 110 0.9912 0.5688 0.002645
860.00 C 20260810 -1.00 -1.00 21 1 0.9874 0.5555 0.002680
865.00 C 20260810 -1.00 -1.00 23 7 0.9962 0.5424 0.002681
870.00 C 20260810 -1.00 -1.00 11 5 0.9940 0.5293 0.002692
875.00 C 20260810 -1.00 -1.00 12 23 0.9908 0.5163 0.002693
880.00 C 20260810 -1.00 -1.00 47 33 0.9763 0.5024 0.002724
885.00 C 20260810 -1.00 -1.00 33 34 0.9764 0.4893 0.002716
890.00 C 20260810 -1.00 -1.00 14 37 0.9588 0.4746 0.002756
895.00 C 20260810 -1.00 -1.00 9 11 0.9590 0.4612 0.002746
900.00 C 20260810 -1.00 -1.00 284 109 0.9526 0.4471 0.002755
905.00 C 20260810 -1.00 -1.00 17 23 0.9601 0.4347 0.002725
910.00 C 20260810 -1.00 -1.00 16 8 0.9607 0.4215 0.002715
915.00 C 20260810 -1.00 -1.00 8 4 0.9637 0.4087 0.002698
920.00 C 20260810 -1.00 -1.00 37 49 0.9675 0.3961 0.002679
925.00 C 20260810 -1.00 -1.00 60 21 0.9664 0.3838 0.002658
930.00 C 20260810 -1.00 -1.00 61 27 0.9610 0.3715 0.002634
935.00 C 20260810 -1.00 -1.00 45 46 0.9564 0.3593 0.002606
940.00 C 20260810 -1.00 -1.00 29 15 0.9488 0.3463 0.002585
945.00 C 20260810 -1.00 -1.00 30 10 0.9507 0.3353 0.002543
950.00 C 20260810 -1.00 -1.00 217 28 0.9517 0.3241 0.002503
955.00 C 20260810 -1.00 -1.00 18 20 0.9518 0.3127 0.002465
960.00 C 20260810 -1.00 -1.00 60 15 0.9505 0.3009 0.002430
965.00 C 20260810 -1.00 -1.00 21 0 0.9529 0.2901 0.002388
970.00 C 20260810 -1.00 -1.00 19 21 0.9552 0.2793 0.002347
975.00 C 20260810 -1.00 -1.00 8 46 0.9584 0.2689 0.002305
980.00 C 20260810 -1.00 -1.00 48 17 0.9634 0.2591 0.002262
985.00 C 20260810 -1.00 -1.00 25 21 0.9602 0.2495 0.002218
990.00 C 20260810 -1.00 -1.00 49 30 0.9551 0.2397 0.002173
995.00 C 20260810 -1.00 -1.00 58 73 0.9517 0.2304 0.002125
1000.00 C 20260810 -1.00 -1.00 507 81 0.9565 0.2232 0.002072
1005.00 C 20260810 -1.00 -1.00 106 10 0.9514 0.2133 0.002025
1010.00 C 20260810 -1.00 -1.00 12 4 0.9492 0.2041 0.001975
1015.00 C 20260810 -1.00 -1.00 10 2 0.9516 0.1963 0.001924
1020.00 C 20260810 -1.00 -1.00 45 27 0.9500 0.1873 0.001874
1025.00 C 20260810 -1.00 -1.00 4 11 0.9524 0.1796 0.001824
1030.00 C 20260810 -1.00 -1.00 35 19 0.9605 0.1738 0.001775
1035.00 C 20260810 -1.00 -1.00 44 38 0.9651 0.1670 0.001726
1040.00 C 20260810 -1.00 -1.00 53 34 0.9692 0.1600 0.001679
1045.00 C 20260810 -1.00 -1.00 1 86 0.9701 0.1523 0.001631
1050.00 C 20260810 -1.00 -1.00 37 58 0.9654 0.1457 0.001584
1055.00 C 20260810 -1.00 -1.00 4 8 0.9607 0.1391 0.001537
1060.00 C 20260810 -1.00 -1.00 2 45 0.9577 0.1329 0.001489
1065.00 C 20260810 -1.00 -1.00 1 3 0.9664 0.1297 0.001449
1070.00 C 20260810 -1.00 -1.00 52 89 0.9626 0.1233 0.001400
1075.00 C 20260810 -1.00 -1.00 36 36 0.9604 0.1172 0.001352
1080.00 C 20260810 -1.00 -1.00 17 28 0.9574 0.1109 0.001303
1085.00 C 20260810 -1.00 -1.00 3 4 0.9669 0.1082 0.001268
1090.00 C 20260810 -1.00 -1.00 1 2 0.9623 0.1014 0.001217
1095.00 C 20260810 -1.00 -1.00 20 4 0.9635 0.0964 0.001172
1100.00 C 20260810 -1.00 -1.00 28 86 0.9762 0.0948 0.001144
1105.00 C 20260810 -1.00 -1.00 13 0 0.9724 0.0883 0.001094
1110.00 C 20260810 -1.00 -1.00 7 10 0.9801 0.0853 0.001061
1115.00 C 20260810 -1.00 -1.00 -1 0 0.9828 0.0808 0.001022
1120.00 C 20260810 -1.00 -1.00 2 11 0.9974 0.0805 0.001003
1125.00 C 20260810 -1.00 -1.00 1 2 0.9824 0.0748 0.000957
1130.00 C 20260810 -1.00 -1.00 12 10 0.9759 0.0705 0.000917
1135.00 C 20260810 -1.00 -1.00 6 0 0.9792 0.0682 0.000889
1140.00 C 20260810 -1.00 -1.00 -1 0 0.9749 0.0643 0.000851
1145.00 C 20260810 -1.00 -1.00 10 10 0.9815 0.0626 0.000827
1150.00 C 20260810 -1.00 -1.00 13 2 0.9839 0.0601 0.000798
1155.00 C 20260810 -1.00 -1.00 4 35 0.9852 0.0574 0.000768
1160.00 C 20260810 -1.00 -1.00 3 28 0.9923 0.0560 0.000747
1165.00 C 20260810 -1.00 -1.00 6 25 0.9917 0.0529 0.000714
1170.00 C 20260810 -1.00 -1.00 2 31 0.9894 0.0494 0.000679
1175.00 C 20260810 -1.00 -1.00 15 10 0.9852 0.0455 0.000640
1180.00 C 20260810 -1.00 -1.00 66 10 1.0015 0.0462 0.000637
1185.00 C 20260810 -1.00 -1.00 2 6 1.0071 0.0445 0.000616
1190.00 C 20260810 -1.00 -1.00 20 20 1.0034 0.0408 0.000579
1195.00 C 20260810 -1.00 -1.00 12 10 1.0126 0.0399 0.000565
1200.00 C 20260810 -1.00 -1.00 17 4 1.0301 0.0410 0.000566
1205.00 C 20260810 -1.00 -1.00 -1 0 1.0120 0.0359 0.000519
1210.00 C 20260810 -1.00 -1.00 2 2 1.0112 0.0344 0.000500
1215.00 C 20260810 -1.00 -1.00 -1 0 1.0104 0.0329 0.000481
525.00 P 20260810 -1.00 -1.00 -1 0 1.3630 -0.0122 0.000153
527.50 P 20260810 -1.00 -1.00 -1 0 1.3547 -0.0125 0.000157
530.00 P 20260810 -1.00 -1.00 -1 0 1.3472 -0.0128 0.000161
532.50 P 20260810 -1.00 -1.00 -1 0 1.3422 -0.0133 0.000167
535.00 P 20260810 -1.00 -1.00 -1 0 1.3356 -0.0137 0.000172
537.50 P 20260810 -1.00 -1.00 -1 0 1.3307 -0.0142 0.000178
540.00 P 20260810 -1.00 -1.00 -1 0 1.3250 -0.0147 0.000184
542.50 P 20260810 -1.00 -1.00 -1 0 1.3210 -0.0153 0.000191
545.00 P 20260810 -1.00 -1.00 -1 0 1.3170 -0.0158 0.000198
547.50 P 20260810 -1.00 -1.00 -1 0 1.3113 -0.0163 0.000204
550.00 P 20260810 -1.00 -1.00 -1 0 1.3090 -0.0169 0.000211
552.50 P 20260810 -1.00 -1.00 -1 0 1.3051 -0.0175 0.000218
555.00 P 20260810 -1.00 -1.00 1 0 1.2864 -0.0172 0.000218
557.50 P 20260810 -1.00 -1.00 -1 0 1.2980 -0.0187 0.000233
560.00 P 20260810 -1.00 -1.00 -1 0 1.2917 -0.0191 0.000239
562.50 P 20260810 -1.00 -1.00 -1 0 1.2903 -0.0199 0.000247
565.00 P 20260810 -1.00 -1.00 -1 0 1.2702 -0.0195 0.000247
567.50 P 20260810 -1.00 -1.00 -1 0 1.2874 -0.0213 0.000264
570.00 P 20260810 -1.00 -1.00 -1 0 1.3030 -0.0230 0.000279
572.50 P 20260810 -1.00 -1.00 -1 0 1.2806 -0.0226 0.000279
575.00 P 20260810 -1.00 -1.00 2 0 1.2838 -0.0236 0.000290
577.50 P 20260810 -1.00 -1.00 -1 0 1.2768 -0.0243 0.000299
580.00 P 20260810 -1.00 -1.00 -1 0 1.2689 -0.0250 0.000307
582.50 P 20260810 -1.00 -1.00 -1 0 1.2631 -0.0260 0.000317
585.00 P 20260810 -1.00 -1.00 5 105 1.2705 -0.0283 0.000338
587.50 P 20260810 -1.00 -1.00 7 3 1.2504 -0.0277 0.000337
590.00 P 20260810 -1.00 -1.00 1 49 1.2585 -0.0302 0.000358
592.50 P 20260810 -1.00 -1.00 12 12 1.2262 -0.0282 0.000349
595.00 P 20260810 -1.00 -1.00 1 1 1.2328 -0.0306 0.000370
597.50 P 20260810 -1.00 -1.00 -1 0 1.2181 -0.0305 0.000374
600.00 P 20260810 -1.00 -1.00 77 32 1.2278 -0.0332 0.000397
602.50 P 20260810 -1.00 -1.00 -1 0 1.2206 -0.0340 0.000407
605.00 P 20260810 -1.00 -1.00 1 1 1.2158 -0.0351 0.000420
607.50 P 20260810 -1.00 -1.00 18 28 1.2094 -0.0361 0.000431
610.00 P 20260810 -1.00 -1.00 21 2 1.2039 -0.0371 0.000443
612.50 P 20260810 -1.00 -1.00 1 40 1.2007 -0.0384 0.000457
615.00 P 20260810 -1.00 -1.00 27 26 1.2010 -0.0400 0.000474
617.50 P 20260810 -1.00 -1.00 -1 0 1.1913 -0.0406 0.000483
620.00 P 20260810 -1.00 -1.00 2 2 1.2171 -0.0450 0.000516
622.50 P 20260810 -1.00 -1.00 -1 0 1.2112 -0.0460 0.000528
625.00 P 20260810 -1.00 -1.00 30 29 1.1899 -0.0454 0.000532
627.50 P 20260810 -1.00 -1.00 -1 0 1.1872 -0.0468 0.000547
630.00 P 20260810 -1.00 -1.00 3 7 1.1803 -0.0477 0.000559
632.50 P 20260810 -1.00 -1.00 1 1 1.1955 -0.0510 0.000585
635.00 P 20260810 -1.00 -1.00 1 1 1.1974 -0.0528 0.000602
637.50 P 20260810 -1.00 -1.00 2 2 1.1802 -0.0527 0.000610
640.00 P 20260810 -1.00 -1.00 34 23 1.1903 -0.0557 0.000633
642.50 P 20260810 -1.00 -1.00 5 0 1.1861 -0.0578 0.000651
645.00 P 20260810 -1.00 -1.00 42 0 1.1709 -0.0579 0.000662
647.50 P 20260810 -1.00 -1.00 2 2 1.1743 -0.0613 0.000687
650.00 P 20260810 -1.00 -1.00 134 58 1.1691 -0.0632 0.000705
652.50 P 20260810 -1.00 -1.00 4 15 1.1529 -0.0633 0.000716
655.00 P 20260810 -1.00 -1.00 63 3 1.1477 -0.0652 0.000735
657.50 P 20260810 -1.00 -1.00 60 18 1.1598 -0.0701 0.000766
660.00 P 20260810 -1.00 -1.00 95 44 1.1427 -0.0701 0.000778
662.50 P 20260810 -1.00 -1.00 32 15 1.1419 -0.0728 0.000801
665.00 P 20260810 -1.00 -1.00 41 2 1.1356 -0.0746 0.000820
667.50 P 20260810 -1.00 -1.00 22 0 1.1251 -0.0757 0.000837
670.00 P 20260810 -1.00 -1.00 6 29 1.1318 -0.0797 0.000865
672.50 P 20260810 -1.00 -1.00 73 16 1.1267 -0.0818 0.000886
675.00 P 20260810 -1.00 -1.00 16 6 1.1195 -0.0835 0.000906
677.50 P 20260810 -1.00 -1.00 131 1 1.1187 -0.0863 0.000930
680.00 P 20260810 -1.00 -1.00 290 5 1.1168 -0.0889 0.000954
682.50 P 20260810 -1.00 -1.00 34 0 1.1214 -0.0925 0.000980
685.00 P 20260810 -1.00 -1.00 129 28 1.1057 -0.0930 0.000998
687.50 P 20260810 -1.00 -1.00 46 0 1.1134 -0.0971 0.001026
690.00 P 20260810 -1.00 -1.00 63 26 1.1106 -0.0996 0.001050
692.50 P 20260810 -1.00 -1.00 182 1 1.1108 -0.1025 0.001074
695.00 P 20260810 -1.00 -1.00 142 4 1.1048 -0.1046 0.001097
697.50 P 20260810 -1.00 -1.00 72 13 1.1083 -0.1080 0.001123
700.00 P 20260810 -1.00 -1.00 126 48 1.0991 -0.1096 0.001146
702.50 P 20260810 -1.00 -1.00 178 20 1.1108 -0.1153 0.001175
705.00 P 20260810 -1.00 -1.00 69 1 1.0909 -0.1153 0.001197
707.50 P 20260810 -1.00 -1.00 76 2 1.0947 -0.1205 0.001225
710.00 P 20260810 -1.00 -1.00 392 6 1.0908 -0.1240 0.001251
712.50 P 20260810 -1.00 -1.00 51 2 1.0856 -0.1272 0.001278
715.00 P 20260810 -1.00 -1.00 21 2 1.0832 -0.1310 0.001305
717.50 P 20260810 -1.00 -1.00 91 0 1.0794 -0.1346 0.001333
720.00 P 20260810 -1.00 -1.00 113 0 1.0728 -0.1377 0.001360
722.50 P 20260810 -1.00 -1.00 7 0 1.0684 -0.1412 0.001389
725.00 P 20260810 -1.00 -1.00 9 90 1.0660 -0.1451 0.001417
727.50 P 20260810 -1.00 -1.00 -1 0 1.0567 -0.1477 0.001446
730.00 P 20260810 -1.00 -1.00 6 28 1.0599 -0.1528 0.001475
732.50 P 20260810 -1.00 -1.00 4 3 1.0513 -0.1556 0.001505
735.00 P 20260810 -1.00 -1.00 16 2 1.0558 -0.1609 0.001533
737.50 P 20260810 -1.00 -1.00 31 0 1.0528 -0.1648 0.001563
740.00 P 20260810 -1.00 -1.00 74 16 1.0512 -0.1689 0.001593
742.50 P 20260810 -1.00 -1.00 2 0 1.0509 -0.1733 0.001622
745.00 P 20260810 -1.00 -1.00 1 3 1.0506 -0.1778 0.001651
747.50 P 20260810 -1.00 -1.00 12 6 1.0442 -0.1812 0.001683
750.00 P 20260810 -1.00 -1.00 28 29 1.0513 -0.1868 0.001709
755.00 P 20260810 -1.00 -1.00 30 4 1.0494 -0.1954 0.001769
760.00 P 20260810 -1.00 -1.00 9 226 1.0472 -0.2050 0.001825
765.00 P 20260810 -1.00 -1.00 23 6 1.0357 -0.2142 0.001885
770.00 P 20260810 -1.00 -1.00 4 43 1.0284 -0.2243 0.001941
775.00 P 20260810 -1.00 -1.00 3 20 1.0262 -0.2355 0.001993
780.00 P 20260810 -1.00 -1.00 9 157 1.0109 -0.2446 0.002063
785.00 P 20260810 -1.00 -1.00 3 6 1.0123 -0.2565 0.002111
790.00 P 20260810 -1.00 -1.00 33 9 1.0071 -0.2675 0.002169
795.00 P 20260810 -1.00 -1.00 5 9 1.0080 -0.2794 0.002219
800.00 P 20260810 -1.00 -1.00 242 46 1.0084 -0.2913 0.002269
805.00 P 20260810 -1.00 -1.00 8 11 1.0078 -0.3030 0.002321
810.00 P 20260810 -1.00 -1.00 54 14 1.0121 -0.3152 0.002364
815.00 P 20260810 -1.00 -1.00 4 21 1.0092 -0.3273 0.002409
820.00 P 20260810 -1.00 -1.00 117 13 1.0036 -0.3399 0.002446
825.00 P 20260810 -1.00 -1.00 1 5 0.9955 -0.3523 0.002490
830.00 P 20260810 -1.00 -1.00 11 7 0.9908 -0.3653 0.002526
835.00 P 20260810 -1.00 -1.00 46 1 0.9926 -0.3786 0.002546
840.00 P 20260810 -1.00 -1.00 3 4 0.9845 -0.3916 0.002592
845.00 P 20260810 -1.00 -1.00 3 1 0.9837 -0.4049 0.002619
850.00 P 20260810 -1.00 -1.00 696 137 0.9813 -0.4183 0.002651
855.00 P 20260810 -1.00 -1.00 27 30 0.9839 -0.4317 0.002669
860.00 P 20260810 -1.00 -1.00 9 20 0.9881 -0.4450 0.002683
865.00 P 20260810 -1.00 -1.00 34 79 0.9898 -0.4584 0.002704
870.00 P 20260810 -1.00 -1.00 7 11 0.9882 -0.4716 0.002713
875.00 P 20260810 -1.00 -1.00 18 22 0.9776 -0.4851 0.002735
880.00 P 20260810 -1.00 -1.00 14 14 0.9719 -0.4986 0.002742
885.00 P 20260810 -1.00 -1.00 2 51 0.9726 -0.5117 0.002732
890.00 P 20260810 -1.00 -1.00 12 41 0.9674 -0.5253 0.002737
895.00 P 20260810 -1.00 -1.00 4 3 0.9750 -0.5377 0.002708
900.00 P 20260810 -1.00 -1.00 13 63 0.9555 -0.5533 0.002753
905.00 P 20260810 -1.00 -1.00 1 1 0.9594 -0.5661 0.002734
910.00 P 20260810 -1.00 -1.00 9 3 0.9665 -0.5784 0.002706
915.00 P 20260810 -1.00 -1.00 1 1 0.9785 -0.5897 0.002666
920.00 P 20260810 -1.00 -1.00 2 6 0.9761 -0.6032 0.002664
925.00 P 20260810 -1.00 -1.00 2 1 0.9763 -0.6155 0.002643
930.00 P 20260810 -1.00 -1.00 -1 0 0.9732 -0.6272 0.002614
935.00 P 20260810 -1.00 -1.00 -1 1 0.9687 -0.6393 0.002588
940.00 P 20260810 -1.00 -1.00 1 3 0.9661 -0.6511 0.002557
945.00 P 20260810 -1.00 -1.00 10 11 0.9671 -0.6621 0.002519
950.00 P 20260810 -1.00 -1.00 10 11 0.9659 -0.6737 0.002485
955.00 P 20260810 -1.00 -1.00 10 11 0.9660 -0.6849 0.002449
960.00 P 20260810 -1.00 -1.00 -1 1 0.9606 -0.6976 0.002421
965.00 P 20260810 -1.00 -1.00 2 1 0.9603 -0.7091 0.002385
970.00 P 20260810 -1.00 -1.00 1 1 0.9563 -0.7216 0.002355
975.00 P 20260810 -1.00 -1.00 -1 0 0.9712 -0.7286 0.002297
980.00 P 20260810 -1.00 -1.00 1 2 0.9764 -0.7383 0.002254
985.00 P 20260810 -1.00 -1.00 1 2 0.9591 -0.7522 0.002227
990.00 P 20260810 -1.00 -1.00 3 2 0.9680 -0.7584 0.002171
995.00 P 20260810 -1.00 -1.00 1 23 0.9600 -0.7689 0.002129
1000.00 P 20260810 -1.00 -1.00 3 0 0.9608 -0.7771 0.002079
1005.00 P 20260810 -1.00 -1.00 -1 0 0.9528 -0.7878 0.002034
1010.00 P 20260810 -1.00 -1.00 2 3 0.9489 -0.7976 0.001986
1015.00 P 20260810 -1.00 -1.00 1 0 0.9537 -0.8047 0.001934
1020.00 P 20260810 -1.00 -1.00 5 5 0.9744 -0.8067 0.001881
1025.00 P 20260810 -1.00 -1.00 -1 0 0.9642 -0.8183 0.001835
1030.00 P 20260810 -1.00 -1.00 -1 0 0.9533 -0.8304 0.001786
1035.00 P 20260810 -1.00 -1.00 -1 0 0.9779 -0.8306 0.001740
1040.00 P 20260810 -1.00 -1.00 2 2 0.9715 -0.8411 0.001691
1045.00 P 20260810 -1.00 -1.00 -1 0 0.9708 -0.8494 0.001642
1050.00 P 20260810 -1.00 -1.00 5 0 0.9881 -0.8507 0.001603
1055.00 P 20260810 -1.00 -1.00 -1 0 0.9690 -0.8607 0.001552
1060.00 P 20260810 -1.00 -1.00 2 0 0.9685 -0.8663 0.001507
1065.00 P 20260810 -1.00 -1.00 -1 0 0.9596 -0.8741 0.001456
1070.00 P 20260810 -1.00 -1.00 1 1 0.9574 -0.8803 0.001409
1075.00 P 20260810 -1.00 -1.00 -1 0 0.9501 -0.8879 0.001356
1080.00 P 20260810 -1.00 -1.00 -1 0 0.9495 -0.8936 0.001308
1085.00 P 20260810 -1.00 -1.00 -1 0 0.9641 -0.8949 0.001278
1090.00 P 20260810 -1.00 -1.00 -1 0 0.9761 -0.8968 0.001246
1095.00 P 20260810 -1.00 -1.00 -1 0 0.9577 -0.9079 0.001179
1100.00 P 20260810 -1.00 -1.00 1 2 0.9873 -0.9043 0.001172
1105.00 P 20260810 -1.00 -1.00 -1 0 0.9923 -0.9081 0.001135
1110.00 P 20260810 -1.00 -1.00 -1 0 0.9769 -0.9183 0.001071
1115.00 P 20260810 -1.00 -1.00 5 0 1.0022 -0.9157 0.001064
1120.00 P 20260810 -1.00 -1.00 -1 0 0.9720 -0.9268 0.000993
1125.00 P 20260810 -1.00 -1.00 -1 0 1.0025 -0.9240 0.000990
1130.00 P 20260810 -1.00 -1.00 -1 0 0.9729 -0.9328 0.000928
1135.00 P 20260810 -1.00 -1.00 -1 0 0.9947 -0.9314 0.000921
1140.00 P 20260810 -1.00 -1.00 -1 0 0.9879 -0.9358 0.000882
1145.00 P 20260810 -1.00 -1.00 -1 0 0.9868 -0.9391 0.000849
1150.00 P 20260810 -1.00 -1.00 -1 0 0.9842 -0.9427 0.000814
1155.00 P 20260810 -1.00 -1.00 -1 0 0.9887 -0.9448 0.000788
1160.00 P 20260810 -1.00 -1.00 -1 0 0.9859 -0.9484 0.000753
1165.00 P 20260810 -1.00 -1.00 -1 0 0.9758 -0.9538 0.000705
1170.00 P 20260810 -1.00 -1.00 -1 0 0.9727 -0.9576 0.000667
1175.00 P 20260810 -1.00 -1.00 -1 0 0.9827 -0.9583 0.000652
1180.00 P 20260810 -1.00 -1.00 -1 0 0.9838 -0.9611 0.000621
1185.00 P 20260810 -1.00 -1.00 -1 0 0.9967 -0.9611 0.000613
1190.00 P 20260810 -1.00 -1.00 -1 0 0.9944 -0.9647 0.000577
1195.00 P 20260810 -1.00 -1.00 -1 0 0.9959 -0.9664 0.000556
1200.00 P 20260810 -1.00 -1.00 -1 0 0.9940 -0.9682 0.000537
1205.00 P 20260810 -1.00 -1.00 -1 0 1.0096 -0.9677 0.000533
1210.00 P 20260810 -1.00 -1.00 -1 0 1.0250 -0.9672 0.000529
1215.00 P 20260810 -1.00 -1.00 -1 0 0.9582 -0.9776 0.000437
525.00 C 20260812 -1.00 -1.00 -1 0 1.3890 0.9804 0.000209
527.50 C 20260812 -1.00 -1.00 -1 0 1.3347 0.9825 0.000196
530.00 C 20260812 -1.00 -1.00 -1 0 1.3773 0.9796 0.000219
532.50 C 20260812 -1.00 -1.00 -1 0 1.3735 0.9790 0.000225
535.00 C 20260812 -1.00 -1.00 -1 0 1.3934 0.9772 0.000239
537.50 C 20260812 -1.00 -1.00 -1 0 1.3735 0.9776 0.000239
540.00 C 20260812 -1.00 -1.00 -1 0 1.3647 0.9773 0.000243
542.50 C 20260812 -1.00 -1.00 -1 0 1.3561 0.9767 0.000249
545.00 C 20260812 -1.00 -1.00 -1 0 1.3534 0.9756 0.000259
547.50 C 20260812 -1.00 -1.00 -1 0 1.3411 0.9754 0.000263
550.00 C 20260812 -1.00 -1.00 -1 0 1.3308 0.9751 0.000268
552.50 C 20260812 -1.00 -1.00 -1 0 1.3299 0.9737 0.000279
555.00 C 20260812 -1.00 -1.00 -1 0 1.3254 0.9728 0.000288
557.50 C 20260812 -1.00 -1.00 -1 0 1.3095 0.9730 0.000290
560.00 C 20260812 -1.00 -1.00 -1 0 1.3012 0.9724 0.000297
562.50 C 20260812 -1.00 -1.00 -1 0 1.3024 0.9708 0.000310
565.00 C 20260812 -1.00 -1.00 -1 0 1.2941 0.9702 0.000317
567.50 C 20260812 -1.00 -1.00 -1 0 1.2822 0.9700 0.000322
570.00 C 20260812 -1.00 -1.00 -1 0 1.2815 0.9686 0.000334
572.50 C 20260812 -1.00 -1.00 -1 0 1.2790 0.9674 0.000345
575.00 C 20260812 -1.00 -1.00 -1 0 1.2338 0.9707 0.000329
577.50 C 20260812 -1.00 -1.00 -1 0 1.2647 0.9659 0.000362
580.00 C 20260812 -1.00 -1.00 -1 0 1.2530 0.9657 0.000368
582.50 C 20260812 -1.00 -1.00 -1 0 1.2542 0.9641 0.000382
585.00 C 20260812 -1.00 -1.00 -1 0 1.2499 0.9630 0.000392
587.50 C 20260812 -1.00 -1.00 -1 0 1.2438 0.9622 0.000402
590.00 C 20260812 -1.00 -1.00 6 0 1.2414 0.9609 0.000413
592.50 C 20260812 -1.00 -1.00 -1 0 1.2262 0.9610 0.000418
595.00 C 20260812 -1.00 -1.00 -1 0 1.2347 0.9586 0.000436
597.50 C 20260812 -1.00 -1.00 -1 0 1.2214 0.9585 0.000443
600.00 C 20260812 -1.00 -1.00 -1 0 1.2318 0.9559 0.000462
602.50 C 20260812 -1.00 -1.00 -1 0 1.2258 0.9550 0.000472
605.00 C 20260812 -1.00 -1.00 1 1 1.2162 0.9544 0.000481
607.50 C 20260812 -1.00 -1.00 -1 0 1.2103 0.9535 0.000492
610.00 C 20260812 -1.00 -1.00 6 6 1.2260 0.9505 0.000513
612.50 C 20260812 -1.00 -1.00 -1 0 1.2039 0.9511 0.000516
615.00 C 20260812 -1.00 -1.00 -1 0 1.2213 0.9479 0.000538
617.50 C 20260812 -1.00 -1.00 -1 0 1.1815 0.9503 0.000534
620.00 C 20260812 -1.00 -1.00 -1 0 1.2157 0.9448 0.000566
622.50 C 20260812 -1.00 -1.00 -1 0 1.1929 0.9460 0.000568
625.00 C 20260812 -1.00 -1.00 -1 0 1.2040 0.9417 0.000594
627.50 C 20260812 -1.00 -1.00 -1 0 1.1802 0.9430 0.000596
630.00 C 20260812 -1.00 -1.00 -1 0 1.1913 0.9386 0.000623
632.50 C 20260812 -1.00 -1.00 -1 0 1.1850 0.9371 0.000638
635.00 C 20260812 -1.00 -1.00 -1 0 1.1787 0.9355 0.000652
637.50 C 20260812 -1.00 -1.00 -1 0 1.1664 0.9349 0.000664
640.00 C 20260812 -1.00 -1.00 -1 0 1.1561 0.9340 0.000677
642.50 C 20260812 -1.00 -1.00 -1 0 1.1520 0.9321 0.000694
645.00 C 20260812 -1.00 -1.00 -1 0 1.1549 0.9290 0.000716
647.50 C 20260812 -1.00 -1.00 -1 0 1.1437 0.9281 0.000729
650.00 C 20260812 -1.00 -1.00 2 1 1.1225 0.9290 0.000736
652.50 C 20260812 -1.00 -1.00 -1 0 1.1375 0.9238 0.000766
655.00 C 20260812 -1.00 -1.00 6 6 1.1324 0.9220 0.000784
657.50 C 20260812 -1.00 -1.00 -1 0 1.1304 0.9196 0.000803
660.00 C 20260812 -1.00 -1.00 -1 0 1.1234 0.9181 0.000820
662.50 C 20260812 -1.00 -1.00 -1 0 1.1243 0.9152 0.000841
665.00 C 20260812 -1.00 -1.00 -1 0 1.1273 0.9121 0.000864
667.50 C 20260812 -1.00 -1.00 -1 0 1.1312 0.9088 0.000886
670.00 C 20260812 -1.00 -1.00 6 0 1.1301 0.9063 0.000906
672.50 C 20260812 -1.00 -1.00 -1 0 1.0985 0.9084 0.000915
675.00 C 20260812 -1.00 -1.00 -1 0 1.1301 0.9009 0.000947
677.50 C 20260812 -1.00 -1.00 -1 0 1.1202 0.8997 0.000965
680.00 C 20260812 -1.00 -1.00 -1 0 1.1329 0.8952 0.000989
682.50 C 20260812 -1.00 -1.00 -1 0 1.1181 0.8946 0.001007
685.00 C 20260812 -1.00 -1.00 -1 0 1.1308 0.8901 0.001030
687.50 C 20260812 -1.00 -1.00 -1 0 1.1083 0.8905 0.001047
690.00 C 20260812 -1.00 -1.00 2 2 1.1023 0.8882 0.001068
692.50 C 20260812 -1.00 -1.00 -1 0 1.1011 0.8845 0.001091
695.00 C 20260812 -1.00 -1.00 -1 0 1.0888 0.8831 0.001112
697.50 C 20260812 -1.00 -1.00 -1 0 1.0857 0.8797 0.001135
700.00 C 20260812 -1.00 -1.00 1 1 1.0819 0.8765 0.001158
702.50 C 20260812 -1.00 -1.00 -1 0 1.0736 0.8741 0.001181
705.00 C 20260812 -1.00 -1.00 1 1 1.0576 0.8733 0.001204
707.50 C 20260812 -1.00 -1.00 -1 0 1.0751 0.8657 0.001229
710.00 C 20260812 -1.00 -1.00 -1 0 1.0643 0.8638 0.001253
712.50 C 20260812 -1.00 -1.00 -1 0 1.0644 0.8597 0.001278
715.00 C 20260812 -1.00 -1.00 -1 0 1.0703 0.8545 0.001302
717.50 C 20260812 -1.00 -1.00 -1 0 1.0602 0.8523 0.001327
720.00 C 20260812 -1.00 -1.00 -1 0 1.0559 0.8490 0.001352
722.50 C 20260812 -1.00 -1.00 -1 0 1.0383 0.8482 0.001380
725.00 C 20260812 -1.00 -1.00 -1 0 1.0587 0.8403 0.001401
727.50 C 20260812 -1.00 -1.00 -1 0 1.0601 0.8359 0.001426
730.00 C 20260812 -1.00 -1.00 -1 0 1.0565 0.8324 0.001452
732.50 C 20260812 -1.00 -1.00 -1 0 1.0333 0.8323 0.001484
735.00 C 20260812 -1.00 -1.00 2 1 1.0511 0.8251 0.001503
737.50 C 20260812 -1.00 -1.00 -1 0 1.0431 0.8223 0.001532
740.00 C 20260812 -1.00 -1.00 1 1 1.0577 0.8158 0.001550
742.50 C 20260812 -1.00 -1.00 2 0 1.0453 0.8136 0.001582
745.00 C 20260812 -1.00 -1.00 -1 0 1.0548 0.8080 0.001601
747.50 C 20260812 -1.00 -1.00 -1 0 1.0562 0.8037 0.001625
750.00 C 20260812 -1.00 -1.00 4 4 1.0558 0.7991 0.001648
755.00 C 20260812 -1.00 -1.00 5 5 1.0443 0.7908 0.001699
760.00 C 20260812 -1.00 -1.00 7 7 1.0418 0.7807 0.001743
765.00 C 20260812 -1.00 -1.00 10 6 1.0450 0.7696 0.001780
770.00 C 20260812 -1.00 -1.00 3 10 1.0341 0.7608 0.001834
775.00 C 20260812 -1.00 -1.00 606 13 1.0228 0.7519 0.001890
780.00 C 20260812 -1.00 -1.00 3 4 1.0121 0.7428 0.001946
785.00 C 20260812 -1.00 -1.00 8 35 1.0306 0.7295 0.001964
790.00 C 20260812 -1.00 -1.00 34 25 1.0366 0.7181 0.001997
795.00 C 20260812 -1.00 -1.00 14 11 1.0361 0.7076 0.002040
800.00 C 20260812 -1.00 -1.00 56 16 1.0181 0.6988 0.002110
805.00 C 20260812 -1.00 -1.00 4 2 1.0217 0.6877 0.002147
810.00 C 20260812 -1.00 -1.00 7 16 1.0157 0.6770 0.002192
815.00 C 20260812 -1.00 -1.00 5 19 1.0113 0.6655 0.002221
820.00 C 20260812 -1.00 -1.00 16 12 1.0086 0.6537 0.002248
825.00 C 20260812 -1.00 -1.00 6 8 1.0047 0.6419 0.002277
830.00 C 20260812 -1.00 -1.00 12 8 1.0013 0.6300 0.002306
835.00 C 20260812 -1.00 -1.00 9 10 0.9998 0.6180 0.002331
840.00 C 20260812 -1.00 -1.00 32 7 0.9984 0.6059 0.002356
845.00 C 20260812 -1.00 -1.00 8 3 0.9981 0.5937 0.002378
850.00 C 20260812 -1.00 -1.00 48 2 0.9994 0.5816 0.002396
855.00 C 20260812 -1.00 -1.00 27 6 0.9987 0.5695 0.002419
860.00 C 20260812 -1.00 -1.00 21 48 0.9845 0.5571 0.002476
865.00 C 20260812 -1.00 -1.00 8 2 1.0078 0.5454 0.002440
870.00 C 20260812 -1.00 -1.00 17 6 1.0067 0.5336 0.002447
875.00 C 20260812 -1.00 -1.00 34 3 1.0008 0.5216 0.002456
880.00 C 20260812 -1.00 -1.00 18 27 0.9914 0.5093 0.002473
885.00 C 20260812 -1.00 -1.00 10 17 0.9844 0.4969 0.002484
890.00 C 20260812 -1.00 -1.00 7 6 0.9733 0.4839 0.002505
895.00 C 20260812 -1.00 -1.00 28 7 0.9732 0.4718 0.002499
900.00 C 20260812 -1.00 -1.00 85 89 0.9716 0.4596 0.002496
905.00 C 20260812 -1.00 -1.00 31 29 0.9771 0.4482 0.002476
910.00 C 20260812 -1.00 -1.00 649 2 0.9744 0.4358 0.002476
915.00 C 20260812 -1.00 -1.00 31 4 0.9776 0.4242 0.002461
920.00 C 20260812 -1.00 -1.00 29 9 0.9816 0.4129 0.002445
925.00 C 20260812 -1.00 -1.00 2 59 0.9830 0.4012 0.002435
930.00 C 20260812 -1.00 -1.00 3 15 0.9884 0.3907 0.002410
935.00 C 20260812 -1.00 -1.00 3 4 0.9819 0.3795 0.002394
940.00 C 20260812 -1.00 -1.00 4 67 0.9771 0.3684 0.002374
945.00 C 20260812 -1.00 -1.00 6 33 0.9748 0.3578 0.002349
950.00 C 20260812 -1.00 -1.00 42 32 0.9742 0.3474 0.002320
955.00 C 20260812 -1.00 -1.00 622 35 0.9741 0.3372 0.002291
960.00 C 20260812 -1.00 -1.00 10 1 0.9731 0.3267 0.002262
965.00 C 20260812 -1.00 -1.00 50 2 0.9725 0.3163 0.002234
970.00 C 20260812 -1.00 -1.00 37 2 0.9744 0.3066 0.002201
975.00 C 20260812 -1.00 -1.00 46 0 0.9796 0.2977 0.002164
980.00 C 20260812 -1.00 -1.00 7 41 0.9782 0.2872 0.002136
985.00 C 20260812 -1.00 -1.00 2 0 0.9834 0.2785 0.002100
990.00 C 20260812 -1.00 -1.00 2 0 0.9881 0.2698 0.002065
995.00 C 20260812 -1.00 -1.00 -1 0 0.9932 0.2613 0.002031
1000.00 C 20260812 -1.00 -1.00 66 18 0.9890 0.2527 0.001996
1005.00 C 20260812 -1.00 -1.00 3 1 0.9808 0.2431 0.001964
1010.00 C 20260812 -1.00 -1.00 10 12 0.9786 0.2350 0.001926
1015.00 C 20260812 -1.00 -1.00 9 16 0.9768 0.2270 0.001887
1020.00 C 20260812 -1.00 -1.00 14 2 0.9820 0.2209 0.001845
1025.00 C 20260812 -1.00 -1.00 2 0 0.9724 0.2106 0.001810
1030.00 C 20260812 -1.00 -1.00 2 19 0.9754 0.2039 0.001769
1035.00 C 20260812 -1.00 -1.00 2 1 0.9763 0.1966 0.001729
1040.00 C 20260812 -1.00 -1.00 4 3 0.9840 0.1915 0.001689
1045.00 C 20260812 -1.00 -1.00 -1 0 0.9797 0.1826 0.001650
1050.00 C 20260812 -1.00 -1.00 16 1 0.9858 0.1771 0.001611
1055.00 C 20260812 -1.00 -1.00 -1 0 0.9851 0.1693 0.001572
1060.00 C 20260812 -1.00 -1.00 1 0 0.9943 0.1650 0.001535
1065.00 C 20260812 -1.00 -1.00 6 0 0.9936 0.1573 0.001497
1070.00 C 20260812 -1.00 -1.00 1 1 0.9908 0.1511 0.001460
1075.00 C 20260812 -1.00 -1.00 11 0 0.9932 0.1469 0.001425
1080.00 C 20260812 -1.00 -1.00 14 0 0.9864 0.1404 0.001386
1085.00 C 20260812 -1.00 -1.00 41 11 1.0018 0.1395 0.001358
1090.00 C 20260812 -1.00 -1.00 -1 0 0.9851 0.1304 0.001313
1095.00 C 20260812 -1.00 -1.00 7 0 0.9913 0.1272 0.001281
1100.00 C 20260812 -1.00 -1.00 24 8 0.9891 0.1218 0.001243
1105.00 C 20260812 -1.00 -1.00 24 0 0.9823 0.1151 0.001201
1110.00 C 20260812 -1.00 -1.00 69 4 0.9998 0.1152 0.001181
1115.00 C 20260812 -1.00 -1.00 2 0 0.9969 0.1096 0.001143
1120.00 C 20260812 -1.00 -1.00 8 0 0.9924 0.1035 0.001103
1125.00 C 20260812 -1.00 -1.00 21 0 0.9955 0.0997 0.001070
1130.00 C 20260812 -1.00 -1.00 11 0 0.9978 0.0956 0.001038
1135.00 C 20260812 -1.00 -1.00 142 0 1.0069 0.0936 0.001014
1140.00 C 20260812 -1.00 -1.00 232 0 1.0039 0.0879 0.000975
1145.00 C 20260812 -1.00 -1.00 172 0 1.0219 0.0887 0.000964
1150.00 C 20260812 -1.00 -1.00 24 0 0.9937 0.0782 0.000904
1155.00 C 20260812 -1.00 -1.00 16 0 1.0144 0.0794 0.000897
1160.00 C 20260812 -1.00 -1.00 16 0 1.0095 0.0759 0.000867
1165.00 C 20260812 -1.00 -1.00 10 0 1.0034 0.0721 0.000836
1170.00 C 20260812 -1.00 -1.00 8 0 1.0074 0.0702 0.000814
1175.00 C 20260812 -1.00 -1.00 -1 0 1.0013 0.0663 0.000782
1180.00 C 20260812 -1.00 -1.00 1 0 0.9939 0.0622 0.000747
1185.00 C 20260812 -1.00 -1.00 -1 0 1.0010 0.0610 0.000730
1190.00 C 20260812 -1.00 -1.00 -1 0 1.0030 0.0587 0.000707
1195.00 C 20260812 -1.00 -1.00 3 0 0.9859 0.0524 0.000657
1200.00 C 20260812 -1.00 -1.00 16 0 1.0102 0.0550 0.000666
1205.00 C 20260812 -1.00 -1.00 16 0 1.0134 0.0530 0.000645
1210.00 C 20260812 -1.00 -1.00 21 0 1.0159 0.0509 0.000624
1215.00 C 20260812 -1.00 -1.00 11 0 1.0156 0.0482 0.000598
525.00 P 20260812 -1.00 -1.00 -1 0 1.3158 -0.0157 0.000181
527.50 P 20260812 -1.00 -1.00 -1 0 1.3141 -0.0164 0.000188
530.00 P 20260812 -1.00 -1.00 -1 0 1.3171 -0.0173 0.000197
532.50 P 20260812 -1.00 -1.00 -1 0 1.3062 -0.0174 0.000200
535.00 P 20260812 -1.00 -1.00 -1 0 1.3077 -0.0182 0.000208
537.50 P 20260812 -1.00 -1.00 -1 0 1.2984 -0.0185 0.000212
540.00 P 20260812 -1.00 -1.00 -1 0 1.2991 -0.0193 0.000220
542.50 P 20260812 -1.00 -1.00 -1 0 1.2884 -0.0194 0.000224
545.00 P 20260812 -1.00 -1.00 -1 0 1.2891 -0.0202 0.000232
547.50 P 20260812 -1.00 -1.00 -1 0 1.2852 -0.0208 0.000238
550.00 P 20260812 -1.00 -1.00 -1 0 1.2670 -0.0205 0.000239
552.50 P 20260812 -1.00 -1.00 -1 0 1.2837 -0.0222 0.000253
555.00 P 20260812 -1.00 -1.00 -1 0 1.2843 -0.0230 0.000261
557.50 P 20260812 -1.00 -1.00 -1 0 1.2768 -0.0236 0.000268
560.00 P 20260812 -1.00 -1.00 -1 0 1.2711 -0.0245 0.000277
562.50 P 20260812 -1.00 -1.00 -1 0 1.2617 -0.0249 0.000283
565.00 P 20260812 -1.00 -1.00 -1 0 1.2560 -0.0258 0.000292
567.50 P 20260812 -1.00 -1.00 -1 0 1.2530 -0.0269 0.000303
570.00 P 20260812 -1.00 -1.00 -1 0 1.2415 -0.0272 0.000308
572.50 P 20260812 -1.00 -1.00 -1 0 1.2363 -0.0281 0.000317
575.00 P 20260812 -1.00 -1.00 -1 0 1.2330 -0.0292 0.000328
577.50 P 20260812 -1.00 -1.00 -1 0 1.2279 -0.0302 0.000338
580.00 P 20260812 -1.00 -1.00 -1 0 1.2231 -0.0312 0.000349
582.50 P 20260812 -1.00 -1.00 -1 0 1.2184 -0.0322 0.000359
585.00 P 20260812 -1.00 -1.00 8 27 1.2515 -0.0371 0.000393
587.50 P 20260812 -1.00 -1.00 -1 0 1.2075 -0.0340 0.000379
590.00 P 20260812 -1.00 -1.00 6 0 1.2029 -0.0350 0.000390
592.50 P 20260812 -1.00 -1.00 -1 0 1.2008 -0.0363 0.000403
595.00 P 20260812 -1.00 -1.00 5 0 1.1466 -0.0318 0.000378
597.50 P 20260812 -1.00 -1.00 -1 0 1.1926 -0.0385 0.000426
600.00 P 20260812 -1.00 -1.00 5 0 1.1909 -0.0399 0.000439
602.50 P 20260812 -1.00 -1.00 -1 0 1.1867 -0.0410 0.000451
605.00 P 20260812 -1.00 -1.00 1 4 1.1829 -0.0421 0.000463
607.50 P 20260812 -1.00 -1.00 -1 0 1.1812 -0.0435 0.000476
610.00 P 20260812 -1.00 -1.00 2 0 1.1764 -0.0445 0.000488
612.50 P 20260812 -1.00 -1.00 -1 0 1.1765 -0.0461 0.000502
615.00 P 20260812 -1.00 -1.00 -1 0 1.1756 -0.0476 0.000517
617.50 P 20260812 -1.00 -1.00 -1 0 1.1725 -0.0488 0.000530
620.00 P 20260812 -1.00 -1.00 1 1 1.1948 -0.0526 0.000555
622.50 P 20260812 -1.00 -1.00 -1 0 1.1715 -0.0518 0.000558
625.00 P 20260812 -1.00 -1.00 1 17 1.1713 -0.0534 0.000573
627.50 P 20260812 -1.00 -1.00 -1 0 1.1679 -0.0549 0.000588
630.00 P 20260812 -1.00 -1.00 3 2 1.1618 -0.0565 0.000603
632.50 P 20260812 -1.00 -1.00 -1 0 1.1557 -0.0581 0.000618
635.00 P 20260812 -1.00 -1.00 -1 0 1.1516 -0.0600 0.000635
637.50 P 20260812 -1.00 -1.00 -1 0 1.1456 -0.0616 0.000650
640.00 P 20260812 -1.00 -1.00 2 2 1.1405 -0.0634 0.000667
642.50 P 20260812 -1.00 -1.00 -1 0 1.1365 -0.0654 0.000684
645.00 P 20260812 -1.00 -1.00 2 2 1.1417 -0.0689 0.000708
647.50 P 20260812 -1.00 -1.00 -1 0 1.1276 -0.0693 0.000720
650.00 P 20260812 -1.00 -1.00 4 9 1.0975 -0.0668 0.000720
652.50 P 20260812 -1.00 -1.00 2 0 1.1207 -0.0735 0.000757
655.00 P 20260812 -1.00 -1.00 44 1 1.1138 -0.0750 0.000774
657.50 P 20260812 -1.00 -1.00 -1 0 1.1119 -0.0774 0.000794
660.00 P 20260812 -1.00 -1.00 3 1 1.1071 -0.0794 0.000812
662.50 P 20260812 -1.00 -1.00 -1 0 1.1062 -0.0819 0.000833
665.00 P 20260812 -1.00 -1.00 4 0 1.1043 -0.0844 0.000854
667.50 P 20260812 -1.00 -1.00 33 0 1.1015 -0.0867 0.000874
670.00 P 20260812 -1.00 -1.00 10 10 1.1006 -0.0893 0.000895
672.50 P 20260812 -1.00 -1.00 -1 0 1.0988 -0.0917 0.000916
675.00 P 20260812 -1.00 -1.00 2 1 1.1019 -0.0949 0.000939
677.50 P 20260812 -1.00 -1.00 -1 0 1.0932 -0.0963 0.000958
680.00 P 20260812 -1.00 -1.00 43 13 1.0982 -0.0999 0.000981
682.50 P 20260812 -1.00 -1.00 2 0 1.0905 -0.1015 0.001001
685.00 P 20260812 -1.00 -1.00 14 0 1.1132 -0.1075 0.001028
687.50 P 20260812 -1.00 -1.00 -1 0 1.0957 -0.1077 0.001046
690.00 P 20260812 -1.00 -1.00 1 1 1.0773 -0.1078 0.001064
692.50 P 20260812 -1.00 -1.00 32 0 1.0869 -0.1126 0.001089
695.00 P 20260812 -1.00 -1.00 2 0 1.0851 -0.1163 0.001112
697.50 P 20260812 -1.00 -1.00 -1 0 1.0814 -0.1195 0.001135
700.00 P 20260812 -1.00 -1.00 33 114 1.0725 -0.1217 0.001158
702.50 P 20260812 -1.00 -1.00 2 0 1.0740 -0.1261 0.001182
705.00 P 20260812 -1.00 -1.00 19 1 1.0787 -0.1311 0.001207
707.50 P 20260812 -1.00 -1.00 24 0 1.0667 -0.1327 0.001230
710.00 P 20260812 -1.00 -1.00 31 3 1.0688 -0.1372 0.001255
712.50 P 20260812 -1.00 -1.00 38 0 1.0550 -0.1386 0.001279
715.00 P 20260812 -1.00 -1.00 56 39 1.0705 -0.1457 0.001303
717.50 P 20260812 -1.00 -1.00 81 0 1.0529 -0.1464 0.001329
720.00 P 20260812 -1.00 -1.00 26 12 1.0461 -0.1493 0.001355
722.50 P 20260812 -1.00 -1.00 4 0 1.0514 -0.1544 0.001380
725.00 P 20260812 -1.00 -1.00 2 1 1.0485 -0.1580 0.001405
727.50 P 20260812 -1.00 -1.00 -1 0 1.0481 -0.1621 0.001431
730.00 P 20260812 -1.00 -1.00 5 2 1.0515 -0.1668 0.001455
732.50 P 20260812 -1.00 -1.00 -1 0 1.0460 -0.1700 0.001482
735.00 P 20260812 -1.00 -1.00 11 1 1.0450 -0.1740 0.001507
737.50 P 20260812 -1.00 -1.00 -1 0 1.0459 -0.1783 0.001532
740.00 P 20260812 -1.00 -1.00 1 1 1.0499 -0.1831 0.001556
742.50 P 20260812 -1.00 -1.00 2 0 1.0551 -0.1881 0.001578
745.00 P 20260812 -1.00 -1.00 16 2 1.0522 -0.1918 0.001605
747.50 P 20260812 -1.00 -1.00 32 0 1.0505 -0.1956 0.001631
750.00 P 20260812 -1.00 -1.00 171 23 1.0537 -0.2008 0.001652
755.00 P 20260812 -1.00 -1.00 56 15 1.0418 -0.2090 0.001704
760.00 P 20260812 -1.00 -1.00 22 18 1.0329 -0.2180 0.001754
765.00 P 20260812 -1.00 -1.00 13 1 1.0287 -0.2279 0.001800
770.00 P 20260812 -1.00 -1.00 7 5 1.0339 -0.2394 0.001837
775.00 P 20260812 -1.00 -1.00 6 5 1.0223 -0.2482 0.001893
780.00 P 20260812 -1.00 -1.00 4 13 1.0168 -0.2582 0.001943
785.00 P 20260812 -1.00 -1.00 31 4 1.0215 -0.2696 0.001979
790.00 P 20260812 -1.00 -1.00 19 12 1.0128 -0.2793 0.002035
795.00 P 20260812 -1.00 -1.00 -1 0 1.0134 -0.2902 0.002078
800.00 P 20260812 -1.00 -1.00 65 7 1.0130 -0.3010 0.002122
805.00 P 20260812 -1.00 -1.00 6 3 1.0195 -0.3124 0.002154
810.00 P 20260812 -1.00 -1.00 3 43 1.0175 -0.3236 0.002191
815.00 P 20260812 -1.00 -1.00 4 66 1.0105 -0.3349 0.002227
820.00 P 20260812 -1.00 -1.00 3 6 1.0051 -0.3465 0.002259
825.00 P 20260812 -1.00 -1.00 2 2 1.0010 -0.3583 0.002289
830.00 P 20260812 -1.00 -1.00 12 13 0.9976 -0.3703 0.002318
835.00 P 20260812 -1.00 -1.00 2 1 0.9943 -0.3823 0.002348
840.00 P 20260812 -1.00 -1.00 12 2 0.9922 -0.3944 0.002374
845.00 P 20260812 -1.00 -1.00 2 1 0.9900 -0.4066 0.002401
850.00 P 20260812 -1.00 -1.00 11 4 0.9918 -0.4189 0.002419
855.00 P 20260812 -1.00 -1.00 102 0 0.9951 -0.4311 0.002432
860.00 P 20260812 -1.00 -1.00 15 0 0.9953 -0.4433 0.002454
865.00 P 20260812 -1.00 -1.00 2 0 1.0004 -0.4554 0.002463
870.00 P 20260812 -1.00 -1.00 -1 0 0.9980 -0.4675 0.002474
875.00 P 20260812 -1.00 -1.00 18 0 0.9914 -0.4796 0.002484
880.00 P 20260812 -1.00 -1.00 10 11 0.9871 -0.4918 0.002489
885.00 P 20260812 -1.00 -1.00 3 1 0.9851 -0.5038 0.002487
890.00 P 20260812 -1.00 -1.00 2 0 0.9828 -0.5160 0.002487
895.00 P 20260812 -1.00 -1.00 1 1 0.9881 -0.5274 0.002467
900.00 P 20260812 -1.00 -1.00 5 4 0.9789 -0.5404 0.002484
905.00 P 20260812 -1.00 -1.00 -1 0 0.9804 -0.5522 0.002474
910.00 P 20260812 -1.00 -1.00 6 2 0.9856 -0.5635 0.002455
915.00 P 20260812 -1.00 -1.00 2 1 0.9837 -0.5757 0.002453
920.00 P 20260812 -1.00 -1.00 10 9 0.9918 -0.5864 0.002428
925.00 P 20260812 -1.00 -1.00 2 2 0.9923 -0.5982 0.002421
930.00 P 20260812 -1.00 -1.00 1 1 0.9939 -0.6094 0.002405
935.00 P 20260812 -1.00 -1.00 -1 0 0.9790 -0.6221 0.002406
940.00 P 20260812 -1.00 -1.00 1 2 0.9785 -0.6324 0.002378
945.00 P 20260812 -1.00 -1.00 5 0 0.9826 -0.6418 0.002341
950.00 P 20260812 -1.00 -1.00 -1 0 0.9812 -0.6522 0.002315
955.00 P 20260812 -1.00 -1.00 -1 0 0.9849 -0.6616 0.002280
960.00 P 20260812 -1.00 -1.00 2 0 0.9806 -0.6727 0.002258
965.00 P 20260812 -1.00 -1.00 -1 0 0.9746 -0.6844 0.002238
970.00 P 20260812 -1.00 -1.00 -1 0 0.9982 -0.6886 0.002174
975.00 P 20260812 -1.00 -1.00 1 0 0.9785 -0.7038 0.002174
980.00 P 20260812 -1.00 -1.00 -1 0 0.9842 -0.7125 0.002137
985.00 P 20260812 -1.00 -1.00 -1 0 0.9926 -0.7202 0.002097
990.00 P 20260812 -1.00 -1.00 1 1 1.0002 -0.7281 0.002060
995.00 P 20260812 -1.00 -1.00 1 1 0.9959 -0.7394 0.002037
1000.00 P 20260812 -1.00 -1.00 1 11 0.9831 -0.7503 0.002010
1005.00 P 20260812 -1.00 -1.00 -1 0 0.9942 -0.7550 0.001963
1010.00 P 20260812 -1.00 -1.00 -1 0 0.9840 -0.7651 0.001932
1015.00 P 20260812 -1.00 -1.00 -1 0 0.9738 -0.7755 0.001899
1020.00 P 20260812 -1.00 -1.00 -1 0 0.9780 -0.7819 0.001857
1025.00 P 20260812 -1.00 -1.00 -1 0 0.9800 -0.7889 0.001817
1030.00 P 20260812 -1.00 -1.00 -1 0 0.9799 -0.7965 0.001778
1035.00 P 20260812 -1.00 -1.00 -1 0 0.9792 -0.8043 0.001739
1040.00 P 20260812 -1.00 -1.00 1 0 0.9686 -0.8153 0.001701
1045.00 P 20260812 -1.00 -1.00 -1 0 0.9663 -0.8238 0.001661
1050.00 P 20260812 -1.00 -1.00 -1 0 0.9729 -0.8292 0.001622
1055.00 P 20260812 -1.00 -1.00 -1 0 0.9826 -0.8335 0.001583
1060.00 P 20260812 -1.00 -1.00 -1 0 0.9764 -0.8433 0.001543
1065.00 P 20260812 -1.00 -1.00 -1 0 0.9877 -0.8468 0.001506
1070.00 P 20260812 -1.00 -1.00 -1 0 0.9866 -0.8520 0.001470
1075.00 P 20260812 -1.00 -1.00 -1 0 0.9674 -0.8618 0.001426
1080.00 P 20260812 -1.00 -1.00 -1 0 0.9815 -0.8631 0.001396
1085.00 P 20260812 -1.00 -1.00 -1 0 0.9793 -0.8685 0.001358
1090.00 P 20260812 -1.00 -1.00 -1 0 0.9763 -0.8743 0.001320
1095.00 P 20260812 -1.00 -1.00 -1 0 0.9757 -0.8794 0.001283
1100.00 P 20260812 -1.00 -1.00 -1 0 0.9780 -0.8837 0.001248
1105.00 P 20260812 -1.00 -1.00 -1 0 0.9812 -0.8877 0.001214
1110.00 P 20260812 -1.00 -1.00 -1 0 0.9658 -0.8972 0.001162
1115.00 P 20260812 -1.00 -1.00 -1 0 0.9789 -0.8982 0.001138
1120.00 P 20260812 -1.00 -1.00 -1 0 0.9926 -0.8990 0.001117
1125.00 P 20260812 -1.00 -1.00 -1 0 0.9994 -0.9018 0.001089
1130.00 P 20260812 -1.00 -1.00 -1 0 0.9984 -0.9070 0.001053
1135.00 P 20260812 -1.00 -1.00 -1 0 1.0020 -0.9107 0.001022
1140.00 P 20260812 -1.00 -1.00 -1 0 0.9993 -0.9164 0.000984
1145.00 P 20260812 -1.00 -1.00 -1 0 0.9951 -0.9216 0.000946
1150.00 P 20260812 -1.00 -1.00 -1 0 1.0190 -0.9196 0.000940
1155.00 P 20260812 -1.00 -1.00 -1 0 1.0164 -0.9230 0.000912
1160.00 P 20260812 -1.00 -1.00 -1 0 1.0075 -0.9274 0.000880
1165.00 P 20260812 -1.00 -1.00 -1 0 0.9946 -0.9327 0.000841
1170.00 P 20260812 -1.00 -1.00 -1 0 1.0169 -0.9309 0.000839
1175.00 P 20260812 -1.00 -1.00 -1 0 1.0118 -0.9346 0.000809
1180.00 P 20260812 -1.00 -1.00 -1 0 1.0223 -0.9351 0.000795
1185.00 P 20260812 -1.00 -1.00 -1 0 1.0327 -0.9357 0.000782
1190.00 P 20260812 -1.00 -1.00 -1 0 1.0288 -0.9391 0.000754
1195.00 P 20260812 -1.00 -1.00 -1 0 1.0025 -0.9474 0.000698
1200.00 P 20260812 -1.00 -1.00 -1 0 1.0221 -0.9458 0.000698
1205.00 P 20260812 -1.00 -1.00 -1 0 0.9982 -0.9539 0.000640
1210.00 P 20260812 -1.00 -1.00 -1 0 1.0204 -0.9515 0.000647
1215.00 P 20260812 -1.00 -1.00 -1 0 1.0306 -0.9519 0.000637
522.50 C 20260814 -1.00 -1.00 -1 0 1.3669 0.9771 0.000227
525.00 C 20260814 -1.00 -1.00 5 5 1.3549 0.9770 0.000230
527.50 C 20260814 -1.00 -1.00 -1 0 1.3665 0.9745 0.000247
530.00 C 20260814 -1.00 -1.00 1 2 1.3347 0.9763 0.000239
532.50 C 20260814 -1.00 -1.00 -1 0 1.3283 0.9756 0.000246
535.00 C 20260814 -1.00 -1.00 1 0 1.3327 0.9738 0.000259
537.50 C 20260814 -1.00 -1.00 -1 0 1.3138 0.9743 0.000258
540.00 C 20260814 -1.00 -1.00 5 5 1.3236 0.9721 0.000274
542.50 C 20260814 -1.00 -1.00 -1 0 1.3101 0.9720 0.000277
545.00 C 20260814 -1.00 -1.00 25 0 1.3020 0.9715 0.000284
547.50 C 20260814 -1.00 -1.00 -1 0 1.3135 0.9690 0.000301
550.00 C 20260814 -1.00 -1.00 1 2 1.3002 0.9689 0.000304
552.50 C 20260814 -1.00 -1.00 -1 0 1.2957 0.9680 0.000313
555.00 C 20260814 -1.00 -1.00 1 1 1.2807 0.9681 0.000315
557.50 C 20260814 -1.00 -1.00 -1 0 1.2711 0.9677 0.000321
560.00 C 20260814 -1.00 -1.00 1 1 1.2755 0.9659 0.000335
562.50 C 20260814 -1.00 -1.00 -1 0 1.2782 0.9643 0.000347
565.00 C 20260814 -1.00 -1.00 5 5 1.2546 0.9652 0.000346
567.50 C 20260814 -1.00 -1.00 -1 0 1.2468 0.9646 0.000353
570.00 C 20260814 -1.00 -1.00 32 14 1.2634 0.9616 0.000374
572.50 C 20260814 -1.00 -1.00 -1 0 1.2609 0.9604 0.000384
575.00 C 20260814 -1.00 -1.00 7 12 1.2584 0.9593 0.000394
577.50 C 20260814 -1.00 -1.00 -1 0 1.2369 0.9600 0.000395
580.00 C 20260814 -1.00 -1.00 -1 0 1.2344 0.9588 0.000406
582.50 C 20260814 -1.00 -1.00 -1 0 1.2285 0.9580 0.000415
585.00 C 20260814 -1.00 -1.00 1 11 1.2312 0.9563 0.000428
587.50 C 20260814 -1.00 -1.00 -1 0 1.2168 0.9563 0.000433
590.00 C 20260814 -1.00 -1.00 1 1 1.1734 0.9592 0.000423
592.50 C 20260814 -1.00 -1.00 -1 0 1.1881 0.9562 0.000443
595.00 C 20260814 -1.00 -1.00 1 1 1.1654 0.9571 0.000444
597.50 C 20260814 -1.00 -1.00 -1 0 1.1665 0.9555 0.000458
600.00 C 20260814 -1.00 -1.00 3 10 1.2099 0.9498 0.000491
602.50 C 20260814 -1.00 -1.00 -1 0 1.1586 0.9534 0.000480
605.00 C 20260814 -1.00 -1.00 3 0 1.1918 0.9486 0.000508
607.50 C 20260814 -1.00 -1.00 -1 0 1.1693 0.9493 0.000511
610.00 C 20260814 -1.00 -1.00 1 5 1.1721 0.9476 0.000525
612.50 C 20260814 -1.00 -1.00 -1 0 1.1700 0.9460 0.000539
615.00 C 20260814 -1.00 -1.00 -1 0 1.1610 0.9451 0.000550
617.50 C 20260814 -1.00 -1.00 -1 0 1.1559 0.9435 0.000564
620.00 C 20260814 -1.00 -1.00 1 6 1.1518 0.9417 0.000578
622.50 C 20260814 -1.00 -1.00 -1 0 1.1420 0.9409 0.000589
625.00 C 20260814 -1.00 -1.00 6 6 1.1370 0.9392 0.000604
627.50 C 20260814 -1.00 -1.00 -1 0 1.1367 0.9367 0.000622
630.00 C 20260814 -1.00 -1.00 4 2 1.1317 0.9351 0.000636
632.50 C 20260814 -1.00 -1.00 -1 0 1.1249 0.9337 0.000650
635.00 C 20260814 -1.00 -1.00 10 10 1.1370 0.9292 0.000676
637.50 C 20260814 -1.00 -1.00 -1 0 1.1273 0.9282 0.000688
640.00 C 20260814 -1.00 -1.00 46 22 1.1139 0.9279 0.000699
642.50 C 20260814 -1.00 -1.00 -1 0 1.0957 0.9284 0.000707
645.00 C 20260814 -1.00 -1.00 -1 0 1.1060 0.9241 0.000732
647.50 C 20260814 -1.00 -1.00 -1 0 1.1144 0.9200 0.000756
650.00 C 20260814 -1.00 -1.00 2 19 1.1058 0.9189 0.000771
652.50 C 20260814 -1.00 -1.00 -1 0 1.1038 0.9166 0.000789
655.00 C 20260814 -1.00 -1.00 5 6 1.1092 0.9132 0.000810
657.50 C 20260814 -1.00 -1.00 -1 0 1.1016 0.9118 0.000826
660.00 C 20260814 -1.00 -1.00 2 11 1.1070 0.9084 0.000847
662.50 C 20260814 -1.00 -1.00 -1 0 1.0995 0.9070 0.000863
665.00 C 20260814 -1.00 -1.00 5 5 1.1002 0.9043 0.000883
667.50 C 20260814 -1.00 -1.00 -1 0 1.1038 0.9012 0.000903
670.00 C 20260814 -1.00 -1.00 1 11 1.0972 0.8996 0.000920
672.50 C 20260814 -1.00 -1.00 -1 0 1.0961 0.8972 0.000939
675.00 C 20260814 -1.00 -1.00 -1 0 1.0969 0.8945 0.000958
677.50 C 20260814 -1.00 -1.00 -1 0 1.1014 0.8913 0.000978
680.00 C 20260814 -1.00 -1.00 32 18 1.0998 0.8879 0.000998
682.50 C 20260814 -1.00 -1.00 -1 0 1.0900 0.8862 0.001016
685.00 C 20260814 -1.00 -1.00 1 1 1.0857 0.8834 0.001036
687.50 C 20260814 -1.00 -1.00 -1 0 1.0813 0.8805 0.001057
690.00 C 20260814 -1.00 -1.00 1 1 1.0771 0.8776 0.001077
692.50 C 20260814 -1.00 -1.00 -1 0 1.0776 0.8737 0.001098
695.00 C 20260814 -1.00 -1.00 1 2 1.0740 0.8706 0.001119
697.50 C 20260814 -1.00 -1.00 -1 0 1.0667 0.8682 0.001140
700.00 C 20260814 -1.00 -1.00 4 28 1.0805 0.8617 0.001161
702.50 C 20260814 -1.00 -1.00 2 0 1.0607 0.8617 0.001183
705.00 C 20260814 -1.00 -1.00 14 14 1.0589 0.8582 0.001205
707.50 C 20260814 -1.00 -1.00 -1 0 1.0559 0.8549 0.001227
710.00 C 20260814 -1.00 -1.00 3 3 1.0714 0.8482 0.001247
712.50 C 20260814 -1.00 -1.00 -1 0 1.0553 0.8473 0.001271
715.00 C 20260814 -1.00 -1.00 1 1 1.0535 0.8438 0.001293
717.50 C 20260814 -1.00 -1.00 -1 0 1.0499 0.8405 0.001316
720.00 C 20260814 -1.00 -1.00 4 9 1.0488 0.8369 0.001338
722.50 C 20260814 -1.00 -1.00 -1 0 1.0500 0.8328 0.001360
725.00 C 20260814 -1.00 -1.00 1 16 1.0482 0.8292 0.001383
727.50 C 20260814 -1.00 -1.00 -1 0 1.0476 0.8254 0.001405
730.00 C 20260814 -1.00 -1.00 6 9 1.0506 0.8210 0.001426
732.50 C 20260814 -1.00 -1.00 -1 0 1.0424 0.8185 0.001452
735.00 C 20260814 -1.00 -1.00 15 20 1.0489 0.8136 0.001471
737.50 C 20260814 -1.00 -1.00 -1 0 1.0495 0.8096 0.001493
740.00 C 20260814 -1.00 -1.00 8 37 1.0542 0.8050 0.001512
742.50 C 20260814 -1.00 -1.00 -1 0 1.0560 0.8001 0.001530
745.00 C 20260814 -1.00 -1.00 5 3 1.0507 0.7962 0.001552
747.50 C 20260814 -1.00 -1.00 -1 0 1.0467 0.7921 0.001573
750.00 C 20260814 -1.00 -1.00 8 16 1.0419 0.7880 0.001596
755.00 C 20260814 -1.00 -1.00 4 3 1.0265 0.7808 0.001647
760.00 C 20260814 -1.00 -1.00 2 9 1.0183 0.7722 0.001693
765.00 C 20260814 -1.00 -1.00 2 18 1.0176 0.7622 0.001731
767.50 C 20260814 -1.00 -1.00 -1 0 1.0129 0.7579 0.001756
770.00 C 20260814 -1.00 -1.00 58 28 1.0196 0.7519 0.001767
772.50 C 20260814 -1.00 -1.00 -1 0 1.0083 0.7485 0.001799
775.00 C 20260814 -1.00 -1.00 180 19 1.0120 0.7429 0.001814
777.50 C 20260814 -1.00 -1.00 1 0 1.0151 0.7374 0.001829
780.00 C 20260814 -1.00 -1.00 21 72 1.0087 0.7332 0.001857
782.50 C 20260814 -1.00 -1.00 -1 0 1.0079 0.7282 0.001877
785.00 C 20260814 -1.00 -1.00 19 66 1.0024 0.7238 0.001904
787.50 C 20260814 -1.00 -1.00 -1 0 1.0069 0.7182 0.001917
790.00 C 20260814 -1.00 -1.00 56 36 1.0200 0.7116 0.001917
792.50 C 20260814 -1.00 -1.00 1 0 1.0157 0.7070 0.001942
795.00 C 20260814 -1.00 -1.00 38 17 1.0197 0.7016 0.001955
800.00 C 20260814 -1.00 -1.00 152 513 1.0221 0.6913 0.001989
805.00 C 20260814 -1.00 -1.00 17 102 1.0164 0.6815 0.002031
810.00 C 20260814 -1.00 -1.00 64 29 1.0099 0.6709 0.002062
815.00 C 20260814 -1.00 -1.00 120 42 1.0094 0.6598 0.002082
820.00 C 20260814 -1.00 -1.00 50 76 1.0026 0.6490 0.002114
825.00 C 20260814 -1.00 -1.00 87 229 0.9966 0.6381 0.002145
830.00 C 20260814 -1.00 -1.00 49 48 0.9888 0.6271 0.002181
835.00 C 20260814 -1.00 -1.00 129 101 0.9943 0.6155 0.002189
840.00 C 20260814 -1.00 -1.00 106 71 0.9891 0.6042 0.002219
845.00 C 20260814 -1.00 -1.00 105 49 0.9890 0.5928 0.002239
850.00 C 20260814 -1.00 -1.00 273 72 0.9933 0.5814 0.002249
855.00 C 20260814 -1.00 -1.00 34 53 0.9918 0.5700 0.002271
860.00 C 20260814 -1.00 -1.00 262 111 0.9910 0.5585 0.002293
865.00 C 20260814 -1.00 -1.00 46 58 0.9977 0.5474 0.002296
870.00 C 20260814 -1.00 -1.00 139 219 0.9977 0.5363 0.002300
875.00 C 20260814 -1.00 -1.00 73 137 0.9880 0.5248 0.002318
880.00 C 20260814 -1.00 -1.00 157 64 0.9842 0.5135 0.002322
885.00 C 20260814 -1.00 -1.00 134 78 0.9864 0.5025 0.002312
890.00 C 20260814 -1.00 -1.00 31 72 0.9786 0.4907 0.002324
895.00 C 20260814 -1.00 -1.00 30 68 0.9812 0.4798 0.002313
900.00 C 20260814 -1.00 -1.00 519 623 0.9787 0.4684 0.002314
905.00 C 20260814 -1.00 -1.00 55 113 0.9781 0.4572 0.002310
910.00 C 20260814 -1.00 -1.00 104 110 0.9785 0.4461 0.002304
915.00 C 20260814 -1.00 -1.00 54 79 0.9790 0.4350 0.002297
920.00 C 20260814 -1.00 -1.00 349 163 0.9811 0.4241 0.002287
925.00 C 20260814 -1.00 -1.00 58 138 0.9843 0.4135 0.002275
930.00 C 20260814 -1.00 -1.00 201 1084 0.9868 0.4029 0.002265
935.00 C 20260814 -1.00 -1.00 41 101 0.9867 0.3925 0.002252
940.00 C 20260814 -1.00 -1.00 67 102 0.9813 0.3821 0.002237
945.00 C 20260814 -1.00 -1.00 5 32 0.9778 0.3720 0.002219
950.00 C 20260814 -1.00 -1.00 329 373 0.9747 0.3620 0.002199
955.00 C 20260814 -1.00 -1.00 22 68 0.9717 0.3518 0.002179
957.50 C 20260814 -1.00 -1.00 29 14 0.9709 0.3469 0.002167
960.00 C 20260814 -1.00 -1.00 97 95 0.9702 0.3420 0.002156
962.50 C 20260814 -1.00 -1.00 47 3 0.9695 0.3370 0.002144
965.00 C 20260814 -1.00 -1.00 49 97 0.9691 0.3322 0.002132
970.00 C 20260814 -1.00 -1.00 65 118 0.9692 0.3226 0.002106
975.00 C 20260814 -1.00 -1.00 82 91 0.9693 0.3131 0.002080
980.00 C 20260814 -1.00 -1.00 83 180 0.9702 0.3038 0.002053
985.00 C 20260814 -1.00 -1.00 51 137 0.9718 0.2947 0.002026
990.00 C 20260814 -1.00 -1.00 82 106 0.9742 0.2859 0.001997
995.00 C 20260814 -1.00 -1.00 201 54 0.9777 0.2774 0.001968
1000.00 C 20260814 -1.00 -1.00 795 981 0.9808 0.2689 0.001939
1005.00 C 20260814 -1.00 -1.00 11 78 0.9834 0.2610 0.001909
1010.00 C 20260814 -1.00 -1.00 29 100 0.9801 0.2532 0.001878
1015.00 C 20260814 -1.00 -1.00 27 84 0.9759 0.2451 0.001847
1020.00 C 20260814 -1.00 -1.00 344 113 0.9727 0.2373 0.001815
1025.00 C 20260814 -1.00 -1.00 13 39 0.9709 0.2297 0.001782
1030.00 C 20260814 -1.00 -1.00 33 69 0.9697 0.2223 0.001748
1035.00 C 20260814 -1.00 -1.00 18 39 0.9694 0.2152 0.001714
1040.00 C 20260814 -1.00 -1.00 22 46 0.9692 0.2081 0.001679
1045.00 C 20260814 -1.00 -1.00 30 38 0.9699 0.2012 0.001645
1050.00 C 20260814 -1.00 -1.00 256 1206 0.9711 0.1946 0.001610
1055.00 C 20260814 -1.00 -1.00 66 1037 0.9732 0.1882 0.001576
1060.00 C 20260814 -1.00 -1.00 19 63 0.9749 0.1817 0.001542
1065.00 C 20260814 -1.00 -1.00 30 43 0.9780 0.1758 0.001508
1070.00 C 20260814 -1.00 -1.00 24 116 0.9816 0.1700 0.001475
1075.00 C 20260814 -1.00 -1.00 44 116 0.9846 0.1641 0.001442
1080.00 C 20260814 -1.00 -1.00 20 101 0.9896 0.1590 0.001410
1085.00 C 20260814 -1.00 -1.00 7 127 0.9892 0.1536 0.001379
1090.00 C 20260814 -1.00 -1.00 7 41 0.9863 0.1485 0.001347
1095.00 C 20260814 -1.00 -1.00 6 161 0.9827 0.1431 0.001314
1100.00 C 20260814 -1.00 -1.00 190 661 0.9834 0.1388 0.001283
1105.00 C 20260814 -1.00 -1.00 16 150 0.9819 0.1339 0.001251
1110.00 C 20260814 -1.00 -1.00 17 72 0.9826 0.1296 0.001221
1115.00 C 20260814 -1.00 -1.00 10 85 0.9825 0.1251 0.001189
1120.00 C 20260814 -1.00 -1.00 219 82 0.9825 0.1206 0.001158
1125.00 C 20260814 -1.00 -1.00 23 121 0.9838 0.1165 0.001128
1130.00 C 20260814 -1.00 -1.00 25 55 0.9859 0.1127 0.001098
1135.00 C 20260814 -1.00 -1.00 7 89 0.9865 0.1084 0.001068
1140.00 C 20260814 -1.00 -1.00 18 188 0.9893 0.1047 0.001040
1150.00 C 20260814 -1.00 -1.00 65 431 0.9947 0.0975 0.000984
1160.00 C 20260814 -1.00 -1.00 7 86 1.0028 0.0912 0.000933
1170.00 C 20260814 -1.00 -1.00 42 119 1.0102 0.0848 0.000883
1180.00 C 20260814 -1.00 -1.00 24 55 1.0111 0.0795 0.000838
1190.00 C 20260814 -1.00 -1.00 28 179 1.0077 0.0740 0.000792
1200.00 C 20260814 -1.00 -1.00 287 679 1.0090 0.0694 0.000750
1210.00 C 20260814 -1.00 -1.00 4 143 1.0068 0.0641 0.000704
522.50 P 20260814 -1.00 -1.00 -1 0 1.3093 -0.0196 0.000207
525.00 P 20260814 -1.00 -1.00 15 56 1.3046 -0.0201 0.000213
527.50 P 20260814 -1.00 -1.00 -1 0 1.3044 -0.0208 0.000219
530.00 P 20260814 -1.00 -1.00 4 108 1.3048 -0.0215 0.000226
532.50 P 20260814 -1.00 -1.00 -1 0 1.2995 -0.0220 0.000231
535.00 P 20260814 -1.00 -1.00 11 22 1.2974 -0.0227 0.000238
537.50 P 20260814 -1.00 -1.00 -1 0 1.2896 -0.0233 0.000244
540.00 P 20260814 -1.00 -1.00 6 72 1.2858 -0.0242 0.000253
542.50 P 20260814 -1.00 -1.00 -1 0 1.2769 -0.0247 0.000258
545.00 P 20260814 -1.00 -1.00 11 20 1.2710 -0.0254 0.000266
547.50 P 20260814 -1.00 -1.00 -1 0 1.2644 -0.0261 0.000273
550.00 P 20260814 -1.00 -1.00 257 391 1.2652 -0.0276 0.000285
552.50 P 20260814 -1.00 -1.00 -1 0 1.2534 -0.0278 0.000289
555.00 P 20260814 -1.00 -1.00 1 139 1.2483 -0.0286 0.000297
557.50 P 20260814 -1.00 -1.00 -1 0 1.2432 -0.0295 0.000306
560.00 P 20260814 -1.00 -1.00 78 122 1.2416 -0.0307 0.000316
562.50 P 20260814 -1.00 -1.00 -1 0 1.2323 -0.0312 0.000322
565.00 P 20260814 -1.00 -1.00 2 61 1.2280 -0.0321 0.000332
567.50 P 20260814 -1.00 -1.00 -1 0 1.2237 -0.0331 0.000341
570.00 P 20260814 -1.00 -1.00 19 100 1.2194 -0.0341 0.000351
572.50 P 20260814 -1.00 -1.00 -1 0 1.2148 -0.0350 0.000360
575.00 P 20260814 -1.00 -1.00 25 109 1.2126 -0.0362 0.000371
577.50 P 20260814 -1.00 -1.00 -1 0 1.2070 -0.0371 0.000380
580.00 P 20260814 -1.00 -1.00 21 218 1.2032 -0.0381 0.000390
582.50 P 20260814 -1.00 -1.00 -1 0 1.1993 -0.0392 0.000400
585.00 P 20260814 -1.00 -1.00 25 93 1.1955 -0.0402 0.000411
587.50 P 20260814 -1.00 -1.00 -1 0 1.1951 -0.0416 0.000423
590.00 P 20260814 -1.00 -1.00 24 146 1.1930 -0.0429 0.000434
592.50 P 20260814 -1.00 -1.00 3 0 1.1909 -0.0441 0.000446
595.00 P 20260814 -1.00 -1.00 15 197 1.1922 -0.0457 0.000459
597.50 P 20260814 -1.00 -1.00 25 0 1.1868 -0.0466 0.000469
600.00 P 20260814 -1.00 -1.00 107 1012 1.1864 -0.0480 0.000482
602.50 P 20260814 -1.00 -1.00 -1 0 1.1827 -0.0491 0.000493
605.00 P 20260814 -1.00 -1.00 13 73 1.1806 -0.0504 0.000504
607.50 P 20260814 -1.00 -1.00 2 0 1.1836 -0.0521 0.000518
610.00 P 20260814 -1.00 -1.00 31 101 1.1803 -0.0534 0.000531
612.50 P 20260814 -1.00 -1.00 2 0 1.1733 -0.0547 0.000543
615.00 P 20260814 -1.00 -1.00 10 114 1.1693 -0.0565 0.000557
617.50 P 20260814 -1.00 -1.00 -1 0 1.1634 -0.0579 0.000570
620.00 P 20260814 -1.00 -1.00 123 115 1.1584 -0.0596 0.000584
622.50 P 20260814 -1.00 -1.00 -1 0 1.1535 -0.0612 0.000599
625.00 P 20260814 -1.00 -1.00 9 103 1.1477 -0.0627 0.000612
627.50 P 20260814 -1.00 -1.00 505 0 1.1437 -0.0646 0.000628
630.00 P 20260814 -1.00 -1.00 28 122 1.1389 -0.0663 0.000643
632.50 P 20260814 -1.00 -1.00 -1 0 1.1340 -0.0680 0.000658
635.00 P 20260814 -1.00 -1.00 4 57 1.1302 -0.0699 0.000673
637.50 P 20260814 -1.00 -1.00 4 0 1.1263 -0.0718 0.000689
640.00 P 20260814 -1.00 -1.00 633 213 1.1225 -0.0737 0.000706
642.50 P 20260814 -1.00 -1.00 -1 0 1.1205 -0.0759 0.000723
645.00 P 20260814 -1.00 -1.00 13 59 1.1167 -0.0778 0.000740
647.50 P 20260814 -1.00 -1.00 -1 0 1.1148 -0.0801 0.000757
650.00 P 20260814 -1.00 -1.00 577 450 1.1110 -0.0820 0.000774
652.50 P 20260814 -1.00 -1.00 1 0 1.1091 -0.0843 0.000792
655.00 P 20260814 -1.00 -1.00 16 59 1.1072 -0.0865 0.000810
657.50 P 20260814 -1.00 -1.00 1 0 1.1063 -0.0890 0.000829
660.00 P 20260814 -1.00 -1.00 83 128 1.1044 -0.0912 0.000847
662.50 P 20260814 -1.00 -1.00 7 0 1.1035 -0.0937 0.000865
665.00 P 20260814 -1.00 -1.00 14 95 1.1035 -0.0962 0.000884
667.50 P 20260814 -1.00 -1.00 48 0 1.1016 -0.0985 0.000903
670.00 P 20260814 -1.00 -1.00 24 98 1.1016 -0.1011 0.000922
672.50 P 20260814 -1.00 -1.00 14 0 1.1016 -0.1037 0.000941
675.00 P 20260814 -1.00 -1.00 12 121 1.1025 -0.1064 0.000960
677.50 P 20260814 -1.00 -1.00 -1 0 1.1029 -0.1091 0.000980
680.00 P 20260814 -1.00 -1.00 20 164 1.0968 -0.1116 0.000999
682.50 P 20260814 -1.00 -1.00 1 0 1.0925 -0.1144 0.001018
685.00 P 20260814 -1.00 -1.00 65 117 1.0883 -0.1173 0.001038
687.50 P 20260814 -1.00 -1.00 -1 0 1.0841 -0.1202 0.001058
690.00 P 20260814 -1.00 -1.00 35 209 1.0799 -0.1231 0.001079
692.50 P 20260814 -1.00 -1.00 -1 0 1.0763 -0.1262 0.001100
695.00 P 20260814 -1.00 -1.00 42 216 1.0727 -0.1293 0.001120
697.50 P 20260814 -1.00 -1.00 2 0 1.0692 -0.1324 0.001142
700.00 P 20260814 -1.00 -1.00 1642 1704 1.0656 -0.1355 0.001163
702.50 P 20260814 -1.00 -1.00 21 0 1.0627 -0.1388 0.001185
705.00 P 20260814 -1.00 -1.00 49 124 1.0610 -0.1423 0.001206
707.50 P 20260814 -1.00 -1.00 1 0 1.0587 -0.1457 0.001228
710.00 P 20260814 -1.00 -1.00 65 144 1.0570 -0.1493 0.001250
712.50 P 20260814 -1.00 -1.00 32 0 1.0547 -0.1527 0.001273
715.00 P 20260814 -1.00 -1.00 30 127 1.0530 -0.1563 0.001295
717.50 P 20260814 -1.00 -1.00 20 0 1.0519 -0.1599 0.001317
720.00 P 20260814 -1.00 -1.00 78 348 1.0508 -0.1636 0.001339
722.50 P 20260814 -1.00 -1.00 26 0 1.0491 -0.1672 0.001362
725.00 P 20260814 -1.00 -1.00 79 160 1.0481 -0.1709 0.001385
727.50 P 20260814 -1.00 -1.00 30 0 1.0476 -0.1747 0.001407
730.00 P 20260814 -1.00 -1.00 20 229 1.0500 -0.1790 0.001428
732.50 P 20260814 -1.00 -1.00 -1 0 1.0490 -0.1827 0.001451
735.00 P 20260814 -1.00 -1.00 38 123 1.0502 -0.1868 0.001472
737.50 P 20260814 -1.00 -1.00 17 0 1.0497 -0.1906 0.001495
740.00 P 20260814 -1.00 -1.00 54 239 1.0521 -0.1949 0.001516
742.50 P 20260814 -1.00 -1.00 16 0 1.0498 -0.1990 0.001537
745.00 P 20260814 -1.00 -1.00 59 230 1.0450 -0.2030 0.001559
747.50 P 20260814 -1.00 -1.00 89 0 1.0411 -0.2072 0.001581
750.00 P 20260814 -1.00 -1.00 276 756 1.0395 -0.2118 0.001600
755.00 P 20260814 -1.00 -1.00 89 184 1.0327 -0.2205 0.001643
760.00 P 20260814 -1.00 -1.00 62 193 1.0272 -0.2296 0.001686
765.00 P 20260814 -1.00 -1.00 30 91 1.0231 -0.2389 0.001728
767.50 P 20260814 -1.00 -1.00 9 0 1.0211 -0.2436 0.001749
770.00 P 20260814 -1.00 -1.00 33 377 1.0191 -0.2483 0.001770
772.50 P 20260814 -1.00 -1.00 1 0 1.0179 -0.2532 0.001790
775.00 P 20260814 -1.00 -1.00 55 195 1.0150 -0.2578 0.001813
777.50 P 20260814 -1.00 -1.00 8 0 1.0152 -0.2629 0.001832
780.00 P 20260814 -1.00 -1.00 61 309 1.0149 -0.2679 0.001851
782.50 P 20260814 -1.00 -1.00 -1 0 1.0142 -0.2729 0.001871
785.00 P 20260814 -1.00 -1.00 54 146 1.0144 -0.2780 0.001890
787.50 P 20260814 -1.00 -1.00 -1 0 1.0141 -0.2830 0.001910
790.00 P 20260814 -1.00 -1.00 62 701 1.0147 -0.2881 0.001928
792.50 P 20260814 -1.00 -1.00 2 0 1.0153 -0.2932 0.001946
795.00 P 20260814 -1.00 -1.00 18 192 1.0164 -0.2984 0.001964
800.00 P 20260814 -1.00 -1.00 254 1904 1.0175 -0.3086 0.002000
805.00 P 20260814 -1.00 -1.00 26 214 1.0178 -0.3191 0.002032
810.00 P 20260814 -1.00 -1.00 92 344 1.0100 -0.3296 0.002066
815.00 P 20260814 -1.00 -1.00 59 129 1.0044 -0.3403 0.002095
820.00 P 20260814 -1.00 -1.00 32 385 0.9999 -0.3513 0.002123
825.00 P 20260814 -1.00 -1.00 27 310 0.9955 -0.3624 0.002152
830.00 P 20260814 -1.00 -1.00 62 403 0.9929 -0.3736 0.002176
835.00 P 20260814 -1.00 -1.00 49 147 0.9908 -0.3849 0.002201
840.00 P 20260814 -1.00 -1.00 86 109 0.9899 -0.3961 0.002221
845.00 P 20260814 -1.00 -1.00 151 114 0.9888 -0.4075 0.002243
850.00 P 20260814 -1.00 -1.00 519 767 0.9896 -0.4190 0.002261
855.00 P 20260814 -1.00 -1.00 148 218 0.9911 -0.4304 0.002277
860.00 P 20260814 -1.00 -1.00 73 456 0.9932 -0.4418 0.002292
865.00 P 20260814 -1.00 -1.00 29 81 0.9960 -0.4532 0.002305
870.00 P 20260814 -1.00 -1.00 77 1179 0.9937 -0.4645 0.002314
875.00 P 20260814 -1.00 -1.00 38 94 0.9878 -0.4758 0.002324
880.00 P 20260814 -1.00 -1.00 25 98 0.9836 -0.4871 0.002328
885.00 P 20260814 -1.00 -1.00 13 82 0.9806 -0.4985 0.002330
890.00 P 20260814 -1.00 -1.00 15 271 0.9768 -0.5100 0.002334
895.00 P 20260814 -1.00 -1.00 6 241 0.9749 -0.5214 0.002334
900.00 P 20260814 -1.00 -1.00 47 348 0.9729 -0.5329 0.002333
905.00 P 20260814 -1.00 -1.00 11 50 0.9791 -0.5434 0.002314
910.00 P 20260814 -1.00 -1.00 3 373 0.9726 -0.5554 0.002324
915.00 P 20260814 -1.00 -1.00 1 26 0.9835 -0.5651 0.002294
920.00 P 20260814 -1.00 -1.00 17 210 0.9774 -0.5772 0.002303
925.00 P 20260814 -1.00 -1.00 6 89 0.9799 -0.5880 0.002292
930.00 P 20260814 -1.00 -1.00 5 155 0.9920 -0.5970 0.002260
935.00 P 20260814 -1.00 -1.00 22 1074 1.0043 -0.6055 0.002226
940.00 P 20260814 -1.00 -1.00 2 163 0.9761 -0.6198 0.002254
945.00 P 20260814 -1.00 -1.00 9 106 0.9786 -0.6288 0.002225
950.00 P 20260814 -1.00 -1.00 16 190 0.9615 -0.6418 0.002230
955.00 P 20260814 -1.00 -1.00 1 41 0.9762 -0.6482 0.002179
957.50 P 20260814 -1.00 -1.00 1 1 0.9739 -0.6535 0.002170
960.00 P 20260814 -1.00 -1.00 6 47 0.9709 -0.6590 0.002163
962.50 P 20260814 -1.00 -1.00 -1 0 0.9725 -0.6634 0.002148
965.00 P 20260814 -1.00 -1.00 3 61 0.9722 -0.6682 0.002135
970.00 P 20260814 -1.00 -1.00 1 121 0.9592 -0.6810 0.002130
975.00 P 20260814 -1.00 -1.00 4 254 0.9686 -0.6882 0.002090
980.00 P 20260814 -1.00 -1.00 2 359 0.9768 -0.6956 0.002054
985.00 P 20260814 -1.00 -1.00 9 229 0.9842 -0.7031 0.002019
990.00 P 20260814 -1.00 -1.00 8 145 0.9823 -0.7130 0.001997
995.00 P 20260814 -1.00 -1.00 1 26 0.9812 -0.7229 0.001974
1000.00 P 20260814 -1.00 -1.00 25 310 0.9869 -0.7306 0.001942
1005.00 P 20260814 -1.00 -1.00 2 16 0.9874 -0.7396 0.001915
1010.00 P 20260814 -1.00 -1.00 6 17 0.9807 -0.7482 0.001888
1015.00 P 20260814 -1.00 -1.00 1 45 0.9726 -0.7573 0.001860
1020.00 P 20260814 -1.00 -1.00 37 23 0.9852 -0.7610 0.001818
1025.00 P 20260814 -1.00 -1.00 3 8 0.9742 -0.7710 0.001791
1030.00 P 20260814 -1.00 -1.00 5 15 0.9627 -0.7814 0.001762
1035.00 P 20260814 -1.00 -1.00 1 12 0.9649 -0.7879 0.001727
1040.00 P 20260814 -1.00 -1.00 3 68 0.9789 -0.7907 0.001688
1045.00 P 20260814 -1.00 -1.00 3 7 0.9660 -0.8018 0.001658
1050.00 P 20260814 -1.00 -1.00 4 60 0.9750 -0.8060 0.001622
1055.00 P 20260814 -1.00 -1.00 2 35 0.9694 -0.8150 0.001589
1060.00 P 20260814 -1.00 -1.00 1 19 0.9695 -0.8221 0.001555
1065.00 P 20260814 -1.00 -1.00 1 7 0.9696 -0.8291 0.001520
1070.00 P 20260814 -1.00 -1.00 2 106 0.9833 -0.8315 0.001488
1075.00 P 20260814 -1.00 -1.00 1 9 0.9852 -0.8378 0.001455
1080.00 P 20260814 -1.00 -1.00 2 25 0.9849 -0.8449 0.001421
1085.00 P 20260814 -1.00 -1.00 1 55 1.0014 -0.8456 0.001394
1090.00 P 20260814 -1.00 -1.00 5 25 0.9942 -0.8518 0.001362
1095.00 P 20260814 -1.00 -1.00 1 31 0.9756 -0.8611 0.001325
1100.00 P 20260814 -1.00 -1.00 1 60 0.9892 -0.8620 0.001300
1105.00 P 20260814 -1.00 -1.00 2 12 0.9899 -0.8663 0.001269
1110.00 P 20260814 -1.00 -1.00 5 15 0.9742 -0.8752 0.001229
1115.00 P 20260814 -1.00 -1.00 1 7 0.9777 -0.8787 0.001200
1120.00 P 20260814 -1.00 -1.00 30 38 0.9605 -0.8884 0.001155
1125.00 P 20260814 -1.00 -1.00 7 10 0.9718 -0.8896 0.001133
1130.00 P 20260814 -1.00 -1.00 1 24 0.9731 -0.8938 0.001102
1135.00 P 20260814 -1.00 -1.00 1 8 0.9751 -0.8978 0.001072
1140.00 P 20260814 -1.00 -1.00 1 8 0.9798 -0.9010 0.001046
1150.00 P 20260814 -1.00 -1.00 1 6 0.9849 -0.9085 0.000989
1160.00 P 20260814 -1.00 -1.00 3 7 1.0033 -0.9116 0.000950
1170.00 P 20260814 -1.00 -1.00 2 2 0.9927 -0.9221 0.000883
1180.00 P 20260814 -1.00 -1.00 2 2 1.0146 -0.9229 0.000856
1190.00 P 20260814 -1.00 -1.00 6 18 1.0062 -0.9295 0.000807
1200.00 P 20260814 -1.00 -1.00 1 9 1.0194 -0.9318 0.000776
1210.00 P 20260814 -1.00 -1.00 2 3 1.0083 -0.9390 0.000723
530.00 C 20260821 -1.00 -1.00 2 500 1.1821 0.9679 0.000285
540.00 C 20260821 -1.00 -1.00 1 453 1.1808 0.9630 0.000321
550.00 C 20260821 -1.00 -1.00 2 655 1.1721 0.9588 0.000354
560.00 C 20260821 -1.00 -1.00 2 300 1.1694 0.9540 0.000390
570.00 C 20260821 -1.00 -1.00 1 309 1.1293 0.9528 0.000413
580.00 C 20260821 -1.00 -1.00 4 290 1.1463 0.9439 0.000466
590.00 C 20260821 -1.00 -1.00 1 251 1.1232 0.9390 0.000505
600.00 C 20260821 -1.00 -1.00 11 1837 1.1176 0.9313 0.000555
610.00 C 20260821 -1.00 -1.00 3 416 1.0880 0.9272 0.000596
620.00 C 20260821 -1.00 -1.00 16 457 1.0812 0.9194 0.000649
630.00 C 20260821 -1.00 -1.00 2 283 1.0784 0.9110 0.000705
640.00 C 20260821 -1.00 -1.00 12 607 1.0726 0.9029 0.000760
650.00 C 20260821 -1.00 -1.00 18 839 1.0801 0.8920 0.000818
660.00 C 20260821 -1.00 -1.00 2 231 1.0559 0.8840 0.000876
670.00 C 20260821 -1.00 -1.00 1 276 1.0259 0.8768 0.000937
680.00 C 20260821 -1.00 -1.00 4 225 1.0147 0.8657 0.001003
690.00 C 20260821 -1.00 -1.00 6 306 1.0036 0.8543 0.001071
700.00 C 20260821 -1.00 -1.00 65 1053 1.0027 0.8409 0.001140
710.00 C 20260821 -1.00 -1.00 6 741 1.0087 0.8263 0.001206
720.00 C 20260821 -1.00 -1.00 21 337 1.0033 0.8136 0.001276
730.00 C 20260821 -1.00 -1.00 28 675 0.9972 0.7989 0.001341
740.00 C 20260821 -1.00 -1.00 55 420 0.9913 0.7828 0.001402
750.00 C 20260821 -1.00 -1.00 113 881 0.9859 0.7664 0.001464
760.00 C 20260821 -1.00 -1.00 24 381 0.9806 0.7498 0.001527
770.00 C 20260821 -1.00 -1.00 73 259 0.9783 0.7327 0.001587
780.00 C 20260821 -1.00 -1.00 68 503 0.9799 0.7151 0.001643
790.00 C 20260821 -1.00 -1.00 217 178 0.9830 0.6974 0.001697
795.00 C 20260821 -1.00 -1.00 67 76 0.9786 0.6889 0.001728
800.00 C 20260821 -1.00 -1.00 772 2033 0.9771 0.6794 0.001745
805.00 C 20260821 -1.00 -1.00 72 34 0.9689 0.6705 0.001774
810.00 C 20260821 -1.00 -1.00 109 361 0.9671 0.6609 0.001792
815.00 C 20260821 -1.00 -1.00 43 47 0.9633 0.6515 0.001814
820.00 C 20260821 -1.00 -1.00 119 794 0.9603 0.6419 0.001834
825.00 C 20260821 -1.00 -1.00 55 49 0.9568 0.6323 0.001856
830.00 C 20260821 -1.00 -1.00 145 831 0.9567 0.6225 0.001871
835.00 C 20260821 -1.00 -1.00 66 96 0.9544 0.6128 0.001891
840.00 C 20260821 -1.00 -1.00 149 699 0.9552 0.6030 0.001904
845.00 C 20260821 -1.00 -1.00 74 130 0.9572 0.5932 0.001916
850.00 C 20260821 -1.00 -1.00 814 1380 0.9564 0.5834 0.001932
855.00 C 20260821 -1.00 -1.00 85 107 0.9596 0.5737 0.001941
860.00 C 20260821 -1.00 -1.00 103 407 0.9600 0.5639 0.001955
865.00 C 20260821 -1.00 -1.00 113 77 0.9629 0.5543 0.001964
870.00 C 20260821 -1.00 -1.00 125 867 0.9608 0.5447 0.001973
875.00 C 20260821 -1.00 -1.00 112 58 0.9549 0.5350 0.001982
880.00 C 20260821 -1.00 -1.00 400 1003 0.9522 0.5254 0.001985
885.00 C 20260821 -1.00 -1.00 74 56 0.9489 0.5157 0.001989
890.00 C 20260821 -1.00 -1.00 174 1770 0.9465 0.5060 0.001991
895.00 C 20260821 -1.00 -1.00 782 135 0.9442 0.4962 0.001993
900.00 C 20260821 -1.00 -1.00 1141 3175 0.9430 0.4866 0.001992
905.00 C 20260821 -1.00 -1.00 164 142 0.9430 0.4770 0.001989
910.00 C 20260821 -1.00 -1.00 90 1277 0.9425 0.4674 0.001988
915.00 C 20260821 -1.00 -1.00 563 221 0.9422 0.4578 0.001985
920.00 C 20260821 -1.00 -1.00 196 591 0.9431 0.4484 0.001980
925.00 C 20260821 -1.00 -1.00 911 75 0.9439 0.4390 0.001976
930.00 C 20260821 -1.00 -1.00 574 1412 0.9457 0.4298 0.001969
935.00 C 20260821 -1.00 -1.00 110 121 0.9479 0.4207 0.001962
940.00 C 20260821 -1.00 -1.00 176 906 0.9508 0.4117 0.001953
945.00 C 20260821 -1.00 -1.00 32 28 0.9535 0.4029 0.001944
950.00 C 20260821 -1.00 -1.00 1355 4295 0.9490 0.3941 0.001935
955.00 C 20260821 -1.00 -1.00 76 31 0.9455 0.3854 0.001923
957.50 C 20260821 -1.00 -1.00 69 143 0.9440 0.3812 0.001917
960.00 C 20260821 -1.00 -1.00 143 706 0.9423 0.3768 0.001911
962.50 C 20260821 -1.00 -1.00 23 110 0.9412 0.3725 0.001904
965.00 C 20260821 -1.00 -1.00 32 11 0.9401 0.3683 0.001896
970.00 C 20260821 -1.00 -1.00 63 589 0.9379 0.3597 0.001882
975.00 C 20260821 -1.00 -1.00 18 78 0.9364 0.3513 0.001867
980.00 C 20260821 -1.00 -1.00 395 1739 0.9355 0.3429 0.001850
985.00 C 20260821 -1.00 -1.00 58 16 0.9353 0.3348 0.001832
990.00 C 20260821 -1.00 -1.00 112 493 0.9357 0.3268 0.001814
995.00 C 20260821 -1.00 -1.00 24 108 0.9361 0.3188 0.001796
1000.00 C 20260821 -1.00 -1.00 3192 5752 0.9368 0.3109 0.001777
1005.00 C 20260821 -1.00 -1.00 51 104 0.9400 0.3038 0.001755
1010.00 C 20260821 -1.00 -1.00 62 682 0.9404 0.2958 0.001737
1020.00 C 20260821 -1.00 -1.00 97 666 0.9455 0.2813 0.001696
1030.00 C 20260821 -1.00 -1.00 1145 581 0.9507 0.2675 0.001655
1040.00 C 20260821 -1.00 -1.00 51 612 0.9444 0.2541 0.001612
1050.00 C 20260821 -1.00 -1.00 577 2357 0.9393 0.2409 0.001567
1060.00 C 20260821 -1.00 -1.00 89 655 0.9375 0.2285 0.001519
1070.00 C 20260821 -1.00 -1.00 51 525 0.9365 0.2163 0.001471
1080.00 C 20260821 -1.00 -1.00 49 719 0.9395 0.2053 0.001422
1090.00 C 20260821 -1.00 -1.00 79 556 0.9401 0.1937 0.001373
1100.00 C 20260821 -1.00 -1.00 1848 7122 0.9434 0.1830 0.001325
1110.00 C 20260821 -1.00 -1.00 214 1141 0.9498 0.1736 0.001278
1120.00 C 20260821 -1.00 -1.00 133 680 0.9569 0.1645 0.001233
1130.00 C 20260821 -1.00 -1.00 52 381 0.9562 0.1557 0.001188
1140.00 C 20260821 -1.00 -1.00 63 601 0.9538 0.1477 0.001144
1150.00 C 20260821 -1.00 -1.00 248 2561 0.9509 0.1394 0.001099
1160.00 C 20260821 -1.00 -1.00 27 470 0.9486 0.1312 0.001054
1170.00 C 20260821 -1.00 -1.00 179 544 0.9508 0.1243 0.001011
1180.00 C 20260821 -1.00 -1.00 89 601 0.9536 0.1177 0.000969
1190.00 C 20260821 -1.00 -1.00 19 330 0.9569 0.1113 0.000928
1200.00 C 20260821 -1.00 -1.00 2028 7140 0.9607 0.1051 0.000888
1210.00 C 20260821 -1.00 -1.00 30 856 0.9657 0.0993 0.000850
530.00 P 20260821 -1.00 -1.00 72 614 1.1714 -0.0310 0.000279
540.00 P 20260821 -1.00 -1.00 105 4026 1.1522 -0.0341 0.000307
550.00 P 20260821 -1.00 -1.00 177 3884 1.1451 -0.0385 0.000342
560.00 P 20260821 -1.00 -1.00 68 593 1.1352 -0.0427 0.000377
570.00 P 20260821 -1.00 -1.00 50 595 1.1241 -0.0467 0.000412
580.00 P 20260821 -1.00 -1.00 109 623 1.1207 -0.0520 0.000452
590.00 P 20260821 -1.00 -1.00 83 986 1.1051 -0.0581 0.000496
600.00 P 20260821 -1.00 -1.00 649 4615 1.0866 -0.0638 0.000541
610.00 P 20260821 -1.00 -1.00 176 678 1.0724 -0.0703 0.000590
620.00 P 20260821 -1.00 -1.00 280 2054 1.0632 -0.0778 0.000643
630.00 P 20260821 -1.00 -1.00 294 2667 1.0582 -0.0861 0.000699
640.00 P 20260821 -1.00 -1.00 237 2185 1.0548 -0.0946 0.000757
650.00 P 20260821 -1.00 -1.00 581 3695 1.0546 -0.1036 0.000815
660.00 P 20260821 -1.00 -1.00 101 1203 1.0418 -0.1133 0.000876
670.00 P 20260821 -1.00 -1.00 175 1985 1.0292 -0.1240 0.000939
680.00 P 20260821 -1.00 -1.00 405 1995 1.0184 -0.1352 0.001005
690.00 P 20260821 -1.00 -1.00 333 1099 1.0108 -0.1472 0.001072
700.00 P 20260821 -1.00 -1.00 1468 9891 1.0062 -0.1599 0.001141
710.00 P 20260821 -1.00 -1.00 133 1407 1.0062 -0.1735 0.001209
720.00 P 20260821 -1.00 -1.00 2675 1245 1.0086 -0.1874 0.001275
730.00 P 20260821 -1.00 -1.00 139 951 1.0001 -0.2020 0.001341
740.00 P 20260821 -1.00 -1.00 734 1390 0.9890 -0.2172 0.001407
750.00 P 20260821 -1.00 -1.00 1541 4969 0.9825 -0.2334 0.001470
760.00 P 20260821 -1.00 -1.00 167 1114 0.9764 -0.2499 0.001534
770.00 P 20260821 -1.00 -1.00 110 854 0.9736 -0.2671 0.001596
780.00 P 20260821 -1.00 -1.00 154 1665 0.9752 -0.2848 0.001653
790.00 P 20260821 -1.00 -1.00 411 1319 0.9771 -0.3025 0.001709
795.00 P 20260821 -1.00 -1.00 31 201 0.9773 -0.3116 0.001735
800.00 P 20260821 -1.00 -1.00 1586 8931 0.9719 -0.3207 0.001758
805.00 P 20260821 -1.00 -1.00 120 150 0.9682 -0.3301 0.001780
810.00 P 20260821 -1.00 -1.00 432 879 0.9641 -0.3395 0.001802
815.00 P 20260821 -1.00 -1.00 154 427 0.9597 -0.3489 0.001825
820.00 P 20260821 -1.00 -1.00 247 1428 0.9579 -0.3586 0.001843
825.00 P 20260821 -1.00 -1.00 163 67 0.9554 -0.3683 0.001863
830.00 P 20260821 -1.00 -1.00 2298 1622 0.9526 -0.3780 0.001884
835.00 P 20260821 -1.00 -1.00 357 96 0.9520 -0.3878 0.001900
840.00 P 20260821 -1.00 -1.00 300 1465 0.9523 -0.3977 0.001915
845.00 P 20260821 -1.00 -1.00 184 101 0.9529 -0.4075 0.001929
850.00 P 20260821 -1.00 -1.00 1565 4675 0.9523 -0.4174 0.001946
855.00 P 20260821 -1.00 -1.00 183 115 0.9540 -0.4272 0.001958
860.00 P 20260821 -1.00 -1.00 370 1016 0.9561 -0.4370 0.001969
865.00 P 20260821 -1.00 -1.00 64 205 0.9586 -0.4468 0.001979
870.00 P 20260821 -1.00 -1.00 201 1676 0.9572 -0.4565 0.001986
875.00 P 20260821 -1.00 -1.00 144 103 0.9522 -0.4662 0.001994
880.00 P 20260821 -1.00 -1.00 139 1325 0.9485 -0.4759 0.001999
885.00 P 20260821 -1.00 -1.00 93 195 0.9453 -0.4857 0.002003
890.00 P 20260821 -1.00 -1.00 140 929 0.9428 -0.4954 0.002005
895.00 P 20260821 -1.00 -1.00 19 202 0.9405 -0.5052 0.002007
900.00 P 20260821 -1.00 -1.00 397 4365 0.9389 -0.5150 0.002008
905.00 P 20260821 -1.00 -1.00 4 52 0.9457 -0.5238 0.001991
910.00 P 20260821 -1.00 -1.00 10 405 0.9365 -0.5346 0.002007
915.00 P 20260821 -1.00 -1.00 2 318 0.9361 -0.5443 0.002006
920.00 P 20260821 -1.00 -1.00 24 706 0.9373 -0.5537 0.002000
925.00 P 20260821 -1.00 -1.00 7 165 0.9386 -0.5632 0.001995
930.00 P 20260821 -1.00 -1.00 58 1973 0.9406 -0.5724 0.001988
935.00 P 20260821 -1.00 -1.00 5 97 0.9470 -0.5809 0.001972
940.00 P 20260821 -1.00 -1.00 17 770 0.9441 -0.5910 0.001975
945.00 P 20260821 -1.00 -1.00 2 106 0.9564 -0.5981 0.001947
950.00 P 20260821 -1.00 -1.00 41 2523 0.9471 -0.6078 0.001946
955.00 P 20260821 -1.00 -1.00 10 24 0.9434 -0.6165 0.001935
957.50 P 20260821 -1.00 -1.00 10 10 0.9526 -0.6187 0.001911
960.00 P 20260821 -1.00 -1.00 1 491 0.9332 -0.6268 0.001934
962.50 P 20260821 -1.00 -1.00 6 4 0.9328 -0.6309 0.001926
965.00 P 20260821 -1.00 -1.00 96 96 0.9350 -0.6345 0.001914
970.00 P 20260821 -1.00 -1.00 16 530 0.9326 -0.6432 0.001900
975.00 P 20260821 -1.00 -1.00 21 21 0.9232 -0.6537 0.001896
980.00 P 20260821 -1.00 -1.00 42 4511 0.9336 -0.6593 0.001863
985.00 P 20260821 -1.00 -1.00 1 8 0.9379 -0.6663 0.001839
990.00 P 20260821 -1.00 -1.00 19 6743 0.9358 -0.6750 0.001824
995.00 P 20260821 -1.00 -1.00 11 3 0.9226 -0.6869 0.001824
1000.00 P 20260821 -1.00 -1.00 59 4508 0.9323 -0.6923 0.001794
1005.00 P 20260821 -1.00 -1.00 4 4 0.9358 -0.6994 0.001772
1010.00 P 20260821 -1.00 -1.00 8 399 0.9290 -0.7097 0.001762
1020.00 P 20260821 -1.00 -1.00 8 856 0.9328 -0.7250 0.001722
1030.00 P 20260821 -1.00 -1.00 34 473 0.9457 -0.7360 0.001670
1040.00 P 20260821 -1.00 -1.00 3 239 0.9379 -0.7500 0.001628
1050.00 P 20260821 -1.00 -1.00 30 721 0.9238 -0.7662 0.001587
1060.00 P 20260821 -1.00 -1.00 8 158 0.9342 -0.7751 0.001533
1070.00 P 20260821 -1.00 -1.00 10 248 0.9309 -0.7882 0.001486
1080.00 P 20260821 -1.00 -1.00 6 310 0.9404 -0.7971 0.001435
1090.00 P 20260821 -1.00 -1.00 2 295 0.9437 -0.8079 0.001387
1100.00 P 20260821 -1.00 -1.00 33 1449 0.9179 -0.8295 0.001339
1110.00 P 20260821 -1.00 -1.00 11 165 0.9523 -0.8286 0.001294
1120.00 P 20260821 -1.00 -1.00 4 263 0.9546 -0.8396 0.001247
1130.00 P 20260821 -1.00 -1.00 1 255 0.9777 -0.8419 0.001207
1140.00 P 20260821 -1.00 -1.00 1 166 0.9434 -0.8586 0.001156
1150.00 P 20260821 -1.00 -1.00 15 1095 0.9422 -0.8666 0.001111
1160.00 P 20260821 -1.00 -1.00 2 185 0.9255 -0.8795 0.001056
1170.00 P 20260821 -1.00 -1.00 10 202 0.9416 -0.8822 0.001022
1180.00 P 20260821 -1.00 -1.00 20 133 0.9408 -0.8902 0.000977
1190.00 P 20260821 -1.00 -1.00 40 11785 0.9352 -0.8999 0.000927
1200.00 P 20260821 -1.00 -1.00 2 1554 0.9689 -0.8963 0.000914
1210.00 P 20260821 -1.00 -1.00 2 120 0.9643 -0.9054 0.000867
350.00 C 20260731 -1.00 -1.00 5 11 6.0920 0.9977 0.000023
355.00 C 20260731 -1.00 -1.00 -1 0 6.1214 0.9973 0.000027
360.00 C 20260731 -1.00 -1.00 1 1 5.9919 0.9975 0.000026
365.00 C 20260731 -1.00 -1.00 2 0 5.8255 0.9977 0.000025
370.00 C 20260731 -1.00 -1.00 4 6 5.8451 0.9972 0.000029
375.00 C 20260731 -1.00 -1.00 8 9 5.8616 0.9966 0.000035
380.00 C 20260731 -1.00 -1.00 5 10 5.6320 0.9974 0.000029
385.00 C 20260731 -1.00 -1.00 1 1 5.5800 0.9971 0.000032
390.00 C 20260731 -1.00 -1.00 -1 0 5.5978 0.9964 0.000038
395.00 C 20260731 -1.00 -1.00 -1 0 5.4434 0.9968 0.000035
400.00 C 20260731 -1.00 -1.00 4 11 4.9640 0.9982 0.000023
405.00 C 20260731 -1.00 -1.00 5 5 5.2424 0.9969 0.000035
410.00 C 20260731 -1.00 -1.00 1 0 5.3968 0.9954 0.000050
415.00 C 20260731 -1.00 -1.00 1 1 5.1134 0.9966 0.000040
420.00 C 20260731 -1.00 -1.00 4 6 4.5716 0.9984 0.000023
425.00 C 20260731 -1.00 -1.00 -1 0 4.9213 0.9968 0.000040
430.00 C 20260731 -1.00 -1.00 1 2 4.8106 0.9970 0.000038
435.00 C 20260731 -1.00 -1.00 1 4 4.3570 0.9983 0.000025
440.00 C 20260731 -1.00 -1.00 1 1 -1.0000 -1.0000 -1.000000
445.00 C 20260731 -1.00 -1.00 1 1 4.6153 0.9966 0.000044
450.00 C 20260731 -1.00 -1.00 3 2 4.7337 0.9950 0.000060
455.00 C 20260731 -1.00 -1.00 -1 0 4.5633 0.9957 0.000055
460.00 C 20260731 -1.00 -1.00 1 1 4.4901 0.9957 0.000056
465.00 C 20260731 -1.00 -1.00 -1 0 4.6704 0.9936 0.000077
470.00 C 20260731 -1.00 -1.00 2 3 4.4403 0.9947 0.000068
475.00 C 20260731 -1.00 -1.00 1 1 4.1815 0.9963 0.000053
480.00 C 20260731 -1.00 -1.00 2 1 4.1120 0.9962 0.000054
485.00 C 20260731 -1.00 -1.00 1 2 4.2284 0.9945 0.000074
490.00 C 20260731 -1.00 -1.00 3 3 4.2823 0.9934 0.000087
495.00 C 20260731 -1.00 -1.00 1 1 4.2438 0.9930 0.000092
500.00 C 20260731 -1.00 -1.00 24 108 3.6742 0.9973 0.000045
505.00 C 20260731 -1.00 -1.00 24 59 3.8352 0.9953 0.000070
510.00 C 20260731 -1.00 -1.00 16 19 3.6793 0.9962 0.000061
515.00 C 20260731 -1.00 -1.00 4 4 3.9740 0.9926 0.000104
520.00 C 20260731 -1.00 -1.00 1 6 3.6400 0.9951 0.000077
350.00 P 20260731 -1.00 -1.00 4 738 5.1191 -0.0005 0.000006
355.00 P 20260731 -1.00 -1.00 13 308 5.0429 -0.0005 0.000007
360.00 P 20260731 -1.00 -1.00 17 428 4.7728 -0.0003 0.000004
365.00 P 20260731 -1.00 -1.00 73 567 4.8292 -0.0004 0.000006
370.00 P 20260731 -1.00 -1.00 9 380 5.0718 -0.0007 0.000010
375.00 P 20260731 -1.00 -1.00 10 186 4.4942 -0.0002 0.000004
380.00 P 20260731 -1.00 -1.00 2 154 4.6776 -0.0005 0.000008
385.00 P 20260731 -1.00 -1.00 67 234 4.3565 -0.0002 0.000004
390.00 P 20260731 -1.00 -1.00 29 444 4.2890 -0.0002 0.000004
395.00 P 20260731 -1.00 -1.00 15 329 4.5939 -0.0007 0.000010
400.00 P 20260731 -1.00 -1.00 152 1932 4.4642 -0.0006 0.000009
405.00 P 20260731 -1.00 -1.00 6 449 4.2749 -0.0005 0.000008
410.00 P 20260731 -1.00 -1.00 7 62 4.3919 -0.0007 0.000011
415.00 P 20260731 -1.00 -1.00 36 902 4.3863 -0.0008 0.000012
420.00 P 20260731 -1.00 -1.00 4 226 4.3169 -0.0008 0.000012
425.00 P 20260731 -1.00 -1.00 115 1004 3.8992 -0.0004 0.000007
430.00 P 20260731 -1.00 -1.00 40 331 4.0155 -0.0006 0.000010
435.00 P 20260731 -1.00 -1.00 21 233 3.7181 -0.0003 0.000006
440.00 P 20260731 -1.00 -1.00 206 608 3.8926 -0.0006 0.000011
445.00 P 20260731 -1.00 -1.00 2 132 4.0704 -0.0012 0.000019
450.00 P 20260731 -1.00 -1.00 203 1435 3.7146 -0.0006 0.000010
455.00 P 20260731 -1.00 -1.00 5 500 3.8880 -0.0010 0.000017
460.00 P 20260731 -1.00 -1.00 60 1024 3.5979 -0.0006 0.000011
465.00 P 20260731 -1.00 -1.00 1 127 3.5404 -0.0006 0.000011
470.00 P 20260731 -1.00 -1.00 90 539 3.4271 -0.0005 0.000010
475.00 P 20260731 -1.00 -1.00 80 235 3.5401 -0.0008 0.000015
480.00 P 20260731 -1.00 -1.00 18 1109 3.3719 -0.0006 0.000013
485.00 P 20260731 -1.00 -1.00 159 495 3.3169 -0.0006 0.000013
490.00 P 20260731 -1.00 -1.00 24 444 3.2625 -0.0006 0.000013
495.00 P 20260731 -1.00 -1.00 32 8329 3.5495 -0.0019 0.000033
500.00 P 20260731 -1.00 -1.00 866 29698 3.0457 -0.0005 0.000011
505.00 P 20260731 -1.00 -1.00 58 770 3.2118 -0.0008 0.000018
510.00 P 20260731 -1.00 -1.00 102 1476 2.9961 -0.0006 0.000013
515.00 P 20260731 -1.00 -1.00 103 1401 2.9447 -0.0006 0.000014
520.00 P 20260731 -1.00 -1.00 194 15477 2.9475 -0.0007 0.000016
500.00 C 20260805 -1.00 -1.00 -1 0 1.7524 0.9947 0.000076
505.00 C 20260805 -1.00 -1.00 -1 0 1.7753 0.9935 0.000090
510.00 C 20260805 -1.00 -1.00 -1 0 1.7579 0.9932 0.000095
515.00 C 20260805 -1.00 -1.00 -1 0 1.8071 0.9915 0.000114
520.00 C 20260805 -1.00 -1.00 -1 0 1.7895 0.9911 0.000120
500.00 P 20260805 -1.00 -1.00 11 0 1.5699 -0.0022 0.000038
505.00 P 20260805 -1.00 -1.00 4 0 1.7140 -0.0051 0.000076
510.00 P 20260805 -1.00 -1.00 -1 0 1.9093 -0.0109 0.000133
515.00 P 20260805 -1.00 -1.00 1 0 1.5904 -0.0037 0.000061
520.00 P 20260805 -1.00 -1.00 2 0 1.6259 -0.0053 0.000083
350.00 C 20260807 -1.00 -1.00 1 1 2.4640 0.9963 0.000034
355.00 C 20260807 -1.00 -1.00 1 2 2.3830 0.9968 0.000031
360.00 C 20260807 -1.00 -1.00 -1 0 2.0911 0.9987 0.000015
365.00 C 20260807 -1.00 -1.00 -1 0 2.3905 0.9957 0.000040
370.00 C 20260807 -1.00 -1.00 4 4 2.2706 0.9968 0.000033
375.00 C 20260807 -1.00 -1.00 -1 0 2.3706 0.9949 0.000047
380.00 C 20260807 -1.00 -1.00 5 5 2.2117 0.9966 0.000036
385.00 C 20260807 -1.00 -1.00 -1 0 2.2838 0.9950 0.000048
390.00 C 20260807 -1.00 -1.00 1 3 2.3148 0.9940 0.000056
395.00 C 20260807 -1.00 -1.00 -1 0 2.1462 0.9959 0.000043
400.00 C 20260807 -1.00 -1.00 2 2 2.2437 0.9939 0.000059
405.00 C 20260807 -1.00 -1.00 -1 0 2.2088 0.9938 0.000060
410.00 C 20260807 -1.00 -1.00 -1 0 2.0702 0.9954 0.000050
415.00 C 20260807 -1.00 -1.00 -1 0 2.1533 0.9935 0.000065
420.00 C 20260807 -1.00 -1.00 5 7 2.1325 0.9933 0.000068
425.00 C 20260807 -1.00 -1.00 -1 0 2.0992 0.9932 0.000070
430.00 C 20260807 -1.00 -1.00 -1 0 2.0790 0.9929 0.000073
435.00 C 20260807 -1.00 -1.00 -1 0 1.9580 0.9943 0.000063
440.00 C 20260807 -1.00 -1.00 1 1 1.8636 0.9954 0.000055
445.00 C 20260807 -1.00 -1.00 -1 0 1.8951 0.9942 0.000067
450.00 C 20260807 -1.00 -1.00 1 4 1.9882 0.9920 0.000085
455.00 C 20260807 -1.00 -1.00 -1 0 1.9322 0.9923 0.000085
460.00 C 20260807 -1.00 -1.00 1 2 1.9488 0.9910 0.000096
465.00 C 20260807 -1.00 -1.00 -1 0 1.7734 0.9940 0.000073
470.00 C 20260807 -1.00 -1.00 1 4 1.7802 0.9932 0.000082
475.00 C 20260807 -1.00 -1.00 3 3 1.7628 0.9929 0.000086
480.00 C 20260807 -1.00 -1.00 10 12 1.8330 0.9902 0.000110
485.00 C 20260807 -1.00 -1.00 -1 0 1.8330 0.9888 0.000123
490.00 C 20260807 -1.00 -1.00 3 7 1.7922 0.9891 0.000123
495.00 C 20260807 -1.00 -1.00 1 2 1.7620 0.9889 0.000127
500.00 C 20260807 -1.00 -1.00 2 6 1.7120 0.9897 0.000123
505.00 C 20260807 -1.00 -1.00 1 15 1.7577 0.9862 0.000153
510.00 C 20260807 -1.00 -1.00 2 3 1.6782 0.9883 0.000140
515.00 C 20260807 -1.00 -1.00 -1 0 1.6790 0.9867 0.000155
520.00 C 20260807 -1.00 -1.00 5 4 1.6501 0.9866 0.000160
350.00 P 20260807 -1.00 -1.00 25 307 2.1937 -0.0015 0.000016
355.00 P 20260807 -1.00 -1.00 21 37 2.1380 -0.0013 0.000016
360.00 P 20260807 -1.00 -1.00 82 97 2.0984 -0.0013 0.000016
365.00 P 20260807 -1.00 -1.00 31 47 2.1050 -0.0016 0.000018
370.00 P 20260807 -1.00 -1.00 112 64 2.1039 -0.0018 0.000021
375.00 P 20260807 -1.00 -1.00 45 39 2.2816 -0.0039 0.000039
380.00 P 20260807 -1.00 -1.00 2 32 2.0423 -0.0018 0.000022
385.00 P 20260807 -1.00 -1.00 19 165 1.9751 -0.0016 0.000020
390.00 P 20260807 -1.00 -1.00 28 425 1.9603 -0.0017 0.000022
395.00 P 20260807 -1.00 -1.00 34 62 1.9456 -0.0019 0.000023
400.00 P 20260807 -1.00 -1.00 77 431 1.9674 -0.0023 0.000028
405.00 P 20260807 -1.00 -1.00 15 46 1.9600 -0.0024 0.000030
410.00 P 20260807 -1.00 -1.00 5 50 1.8455 -0.0019 0.000024
415.00 P 20260807 -1.00 -1.00 87 138 1.8888 -0.0024 0.000031
420.00 P 20260807 -1.00 -1.00 86 42 1.8185 -0.0021 0.000028
425.00 P 20260807 -1.00 -1.00 7 60 1.8544 -0.0026 0.000034
430.00 P 20260807 -1.00 -1.00 9 360 1.8439 -0.0030 0.000038
435.00 P 20260807 -1.00 -1.00 1 323 1.8047 -0.0028 0.000037
440.00 P 20260807 -1.00 -1.00 106 121 1.8086 -0.0035 0.000045
445.00 P 20260807 -1.00 -1.00 106 34 1.7675 -0.0033 0.000044
450.00 P 20260807 -1.00 -1.00 58 339 1.7270 -0.0031 0.000042
455.00 P 20260807 -1.00 -1.00 271 367 1.7140 -0.0035 0.000047
460.00 P 20260807 -1.00 -1.00 7 98 1.7477 -0.0049 0.000061
465.00 P 20260807 -1.00 -1.00 204 34 1.7006 -0.0045 0.000059
470.00 P 20260807 -1.00 -1.00 10 128 1.6855 -0.0049 0.000064
475.00 P 20260807 -1.00 -1.00 46 182 1.6972 -0.0058 0.000074
480.00 P 20260807 -1.00 -1.00 57 192 1.6319 -0.0050 0.000068
485.00 P 20260807 -1.00 -1.00 113 121 1.6389 -0.0058 0.000077
490.00 P 20260807 -1.00 -1.00 57 178 1.6126 -0.0059 0.000080
495.00 P 20260807 -1.00 -1.00 426 152 1.5984 -0.0063 0.000085
500.00 P 20260807 -1.00 -1.00 9666 1225 1.5820 -0.0066 0.000090
505.00 P 20260807 -1.00 -1.00 6 40 1.5938 -0.0076 0.000101
510.00 P 20260807 -1.00 -1.00 294 154 1.5497 -0.0073 0.000100
515.00 P 20260807 -1.00 -1.00 14 57 1.5662 -0.0084 0.000113
520.00 P 20260807 -1.00 -1.00 25 246 1.5296 -0.0082 0.000114
450.00 C 20260810 -1.00 -1.00 -1 0 1.5510 0.9951 0.000059
455.00 C 20260810 -1.00 -1.00 -1 0 1.5244 0.9951 0.000060
460.00 C 20260810 -1.00 -1.00 -1 0 1.6034 0.9927 0.000083
465.00 C 20260810 -1.00 -1.00 -1 0 1.3266 0.9979 0.000033
470.00 C 20260810 -1.00 -1.00 -1 0 1.5194 0.9933 0.000081
475.00 C 20260810 -1.00 -1.00 -1 0 1.6333 0.9886 0.000120
480.00 C 20260810 -1.00 -1.00 -1 0 1.4989 0.9925 0.000091
485.00 C 20260810 -1.00 -1.00 -1 0 1.3916 0.9944 0.000074
490.00 C 20260810 -1.00 -1.00 -1 0 1.3873 0.9939 0.000082
495.00 C 20260810 -1.00 -1.00 -1 0 1.4921 0.9897 0.000120
500.00 C 20260810 -1.00 -1.00 -1 0 1.4191 0.9917 0.000105
505.00 C 20260810 -1.00 -1.00 -1 0 1.5182 0.9856 0.000158
510.00 C 20260810 -1.00 -1.00 -1 0 1.5011 0.9850 0.000166
515.00 C 20260810 -1.00 -1.00 -1 0 1.3906 0.9893 0.000134
520.00 C 20260810 -1.00 -1.00 -1 0 1.3659 0.9892 0.000138
450.00 P 20260810 -1.00 -1.00 1 0 1.7491 -0.0098 0.000099
455.00 P 20260810 -1.00 -1.00 -1 0 1.6766 -0.0081 0.000088
460.00 P 20260810 -1.00 -1.00 -1 0 1.6531 -0.0083 0.000091
465.00 P 20260810 -1.00 -1.00 -1 0 1.6319 -0.0087 0.000096
470.00 P 20260810 -1.00 -1.00 -1 0 1.6144 -0.0092 0.000102
475.00 P 20260810 -1.00 -1.00 -1 0 1.7268 -0.0154 0.000147
480.00 P 20260810 -1.00 -1.00 -1 0 1.6958 -0.0154 0.000150
485.00 P 20260810 -1.00 -1.00 -1 0 1.6458 -0.0147 0.000148
490.00 P 20260810 -1.00 -1.00 -1 0 1.6182 -0.0148 0.000152
495.00 P 20260810 -1.00 -1.00 -1 0 1.5701 -0.0140 0.000149
500.00 P 20260810 -1.00 -1.00 -1 0 1.5008 -0.0121 0.000138
505.00 P 20260810 -1.00 -1.00 -1 0 1.4383 -0.0103 0.000126
510.00 P 20260810 -1.00 -1.00 -1 0 1.4183 -0.0107 0.000132
515.00 P 20260810 -1.00 -1.00 -1 0 1.3994 -0.0112 0.000138
520.00 P 20260810 -1.00 -1.00 -1 0 1.3814 -0.0117 0.000145
400.00 C 20260812 -1.00 -1.00 -1 0 1.8148 0.9931 0.000064
405.00 C 20260812 -1.00 -1.00 -1 0 1.8669 0.9909 0.000079
410.00 C 20260812 -1.00 -1.00 -1 0 1.7884 0.9925 0.000071
415.00 C 20260812 -1.00 -1.00 -1 0 1.7997 0.9911 0.000081
420.00 C 20260812 -1.00 -1.00 -1 0 1.7798 0.9906 0.000086
425.00 C 20260812 -1.00 -1.00 -1 0 1.7341 0.9912 0.000083
430.00 C 20260812 -1.00 -1.00 -1 0 1.7149 0.9908 0.000088
435.00 C 20260812 -1.00 -1.00 -1 0 1.7044 0.9900 0.000095
440.00 C 20260812 -1.00 -1.00 -1 0 1.6515 0.9910 0.000090
445.00 C 20260812 -1.00 -1.00 -1 0 1.6669 0.9891 0.000104
450.00 C 20260812 -1.00 -1.00 -1 0 1.6232 0.9897 0.000102
455.00 C 20260812 -1.00 -1.00 -1 0 1.6136 0.9888 0.000110
460.00 C 20260812 -1.00 -1.00 -1 0 1.5665 0.9896 0.000106
465.00 C 20260812 -1.00 -1.00 -1 0 1.5531 0.9889 0.000113
470.00 C 20260812 -1.00 -1.00 -1 0 1.5974 0.9857 0.000138
475.00 C 20260812 -1.00 -1.00 -1 0 1.5308 0.9873 0.000129
480.00 C 20260812 -1.00 -1.00 -1 0 1.5137 0.9868 0.000135
485.00 C 20260812 -1.00 -1.00 -1 0 1.5333 0.9846 0.000153
490.00 C 20260812 -1.00 -1.00 -1 0 1.4841 0.9855 0.000150
495.00 C 20260812 -1.00 -1.00 -1 0 1.4916 0.9838 0.000164
500.00 C 20260812 -1.00 -1.00 -1 0 1.4831 0.9828 0.000174
505.00 C 20260812 -1.00 -1.00 -1 0 1.4667 0.9822 0.000181
510.00 C 20260812 -1.00 -1.00 -1 0 1.4229 0.9830 0.000180
515.00 C 20260812 -1.00 -1.00 -1 0 1.4226 0.9816 0.000193
520.00 C 20260812 -1.00 -1.00 -1 0 1.3990 0.9813 0.000199
400.00 P 20260812 -1.00 -1.00 -1 0 -1.0000 -1.0000 -1.000000
405.00 P 20260812 -1.00 -1.00 -1 0 -1.0000 -1.0000 -1.000000
410.00 P 20260812 -1.00 -1.00 -1 0 -1.0000 -1.0000 -1.000000
415.00 P 20260812 -1.00 -1.00 -1 0 -1.0000 -1.0000 -1.000000
420.00 P 20260812 -1.00 -1.00 -1 0 1.7124 -0.0073 0.000072
425.00 P 20260812 -1.00 -1.00 -1 0 1.6876 -0.0074 0.000074
430.00 P 20260812 -1.00 -1.00 -1 0 1.6672 -0.0076 0.000077
435.00 P 20260812 -1.00 -1.00 -1 0 1.6548 -0.0079 0.000080
440.00 P 20260812 -1.00 -1.00 -1 0 1.6374 -0.0084 0.000085
445.00 P 20260812 -1.00 -1.00 -1 0 1.6202 -0.0089 0.000091
450.00 P 20260812 -1.00 -1.00 -1 0 1.6031 -0.0094 0.000096
455.00 P 20260812 -1.00 -1.00 -1 0 1.5863 -0.0100 0.000102
460.00 P 20260812 -1.00 -1.00 -1 0 1.5696 -0.0105 0.000107
465.00 P 20260812 -1.00 -1.00 -1 0 1.5531 -0.0110 0.000113
470.00 P 20260812 -1.00 -1.00 -1 0 1.5451 -0.0120 0.000122
475.00 P 20260812 -1.00 -1.00 -1 0 1.5289 -0.0126 0.000128
480.00 P 20260812 -1.00 -1.00 -1 0 1.5210 -0.0135 0.000138
485.00 P 20260812 -1.00 -1.00 -1 0 1.8506 -0.0331 0.000242
490.00 P 20260812 -1.00 -1.00 -1 0 1.4975 -0.0151 0.000154
495.00 P 20260812 -1.00 -1.00 -1 0 1.8028 -0.0346 0.000258
500.00 P 20260812 -1.00 -1.00 1 0 1.7773 -0.0352 0.000265
505.00 P 20260812 -1.00 -1.00 -1 0 1.4830 -0.0185 0.000186
510.00 P 20260812 -1.00 -1.00 -1 0 1.4757 -0.0195 0.000197
515.00 P 20260812 -1.00 -1.00 1 0 1.3946 -0.0170 0.000184
520.00 P 20260812 -1.00 -1.00 -1 0 1.3276 -0.0149 0.000171
350.00 C 20260814 -1.00 -1.00 -1 0 1.9640 0.9939 0.000049
355.00 C 20260814 -1.00 -1.00 -1 0 1.9121 0.9942 0.000049
360.00 C 20260814 -1.00 -1.00 -1 0 1.8197 0.9951 0.000043
365.00 C 20260814 -1.00 -1.00 -1 0 1.9559 0.9922 0.000062
370.00 C 20260814 -1.00 -1.00 1 1 1.7303 0.9956 0.000041
375.00 C 20260814 -1.00 -1.00 -1 0 1.7118 0.9954 0.000043
380.00 C 20260814 -1.00 -1.00 1 1 1.8570 0.9923 0.000065
385.00 C 20260814 -1.00 -1.00 1 1 1.7749 0.9933 0.000060
390.00 C 20260814 -1.00 -1.00 -1 0 1.8159 0.9915 0.000072
395.00 C 20260814 -1.00 -1.00 -1 0 1.7915 0.9913 0.000075
400.00 C 20260814 -1.00 -1.00 10 2 1.7299 0.9925 0.000068
405.00 C 20260814 -1.00 -1.00 -1 0 1.7188 0.9917 0.000074
410.00 C 20260814 -1.00 -1.00 -1 0 1.7203 0.9905 0.000083
415.00 C 20260814 -1.00 -1.00 -1 0 1.6390 0.9925 0.000072
420.00 C 20260814 -1.00 -1.00 1 1 1.6539 0.9908 0.000084
425.00 C 20260814 -1.00 -1.00 1 1 1.5771 0.9925 0.000074
430.00 C 20260814 -1.00 -1.00 -1 0 1.5891 0.9912 0.000085
435.00 C 20260814 -1.00 -1.00 -1 0 1.5513 0.9917 0.000083
440.00 C 20260814 -1.00 -1.00 1 1 1.5576 0.9901 0.000095
445.00 C 20260814 -1.00 -1.00 -1 0 1.5165 0.9908 0.000093
450.00 C 20260814 -1.00 -1.00 1 1 1.5235 0.9892 0.000105
455.00 C 20260814 -1.00 -1.00 -1 0 1.5104 0.9885 0.000112
460.00 C 20260814 -1.00 -1.00 -1 0 1.5013 0.9877 0.000120
465.00 C 20260814 -1.00 -1.00 -1 0 1.4768 0.9875 0.000123
470.00 C 20260814 -1.00 -1.00 -1 0 1.4603 0.9870 0.000129
475.00 C 20260814 -1.00 -1.00 -1 0 1.4898 0.9843 0.000149
480.00 C 20260814 -1.00 -1.00 1 2 1.3747 0.9887 0.000121
485.00 C 20260814 -1.00 -1.00 -1 0 1.4686 0.9827 0.000165
490.00 C 20260814 -1.00 -1.00 -1 0 1.4449 0.9825 0.000169
495.00 C 20260814 -1.00 -1.00 -1 0 1.4141 0.9826 0.000172
500.00 C 20260814 -1.00 -1.00 1 5 1.4431 0.9800 0.000192
502.50 C 20260814 -1.00 -1.00 -1 0 1.4129 0.9807 0.000189
505.00 C 20260814 -1.00 -1.00 24 1 1.3793 0.9817 0.000185
507.50 C 20260814 -1.00 -1.00 -1 0 1.3937 0.9803 0.000196
510.00 C 20260814 -1.00 -1.00 111 111 1.3271 0.9829 0.000180
512.50 C 20260814 -1.00 -1.00 -1 0 1.3711 0.9800 0.000201
515.00 C 20260814 -1.00 -1.00 -1 0 1.3744 0.9792 0.000208
517.50 C 20260814 -1.00 -1.00 -1 0 1.3849 0.9780 0.000218
520.00 C 20260814 -1.00 -1.00 -1 0 1.3820 0.9770 0.000226
350.00 P 20260814 -1.00 -1.00 2 160 1.7491 -0.0026 0.000026
355.00 P 20260814 -1.00 -1.00 3 7 2.0706 -0.0092 0.000068
360.00 P 20260814 -1.00 -1.00 2 24 1.7070 -0.0028 0.000029
365.00 P 20260814 -1.00 -1.00 1 51 2.0285 -0.0101 0.000074
370.00 P 20260814 -1.00 -1.00 7 26 1.6538 -0.0029 0.000030
375.00 P 20260814 -1.00 -1.00 1 19 1.9660 -0.0103 0.000078
380.00 P 20260814 -1.00 -1.00 2 138 1.6701 -0.0043 0.000042
385.00 P 20260814 -1.00 -1.00 1 64 1.6712 -0.0049 0.000047
390.00 P 20260814 -1.00 -1.00 4 63 1.6307 -0.0046 0.000046
395.00 P 20260814 -1.00 -1.00 6 35 1.6752 -0.0060 0.000057
400.00 P 20260814 -1.00 -1.00 15 276 1.5495 -0.0041 0.000043
405.00 P 20260814 -1.00 -1.00 5 22 1.5416 -0.0045 0.000048
410.00 P 20260814 -1.00 -1.00 11 10 1.5338 -0.0049 0.000052
415.00 P 20260814 -1.00 -1.00 11 86 1.5223 -0.0052 0.000055
420.00 P 20260814 -1.00 -1.00 6 51 1.5090 -0.0055 0.000058
425.00 P 20260814 -1.00 -1.00 22 58 1.4600 -0.0050 0.000055
430.00 P 20260814 -1.00 -1.00 1 34 1.4848 -0.0061 0.000066
435.00 P 20260814 -1.00 -1.00 1 9 1.4944 -0.0069 0.000073
440.00 P 20260814 -1.00 -1.00 4 14 1.4983 -0.0076 0.000079
445.00 P 20260814 -1.00 -1.00 1 15 1.4800 -0.0078 0.000082
450.00 P 20260814 -1.00 -1.00 19 174 1.4601 -0.0079 0.000085
455.00 P 20260814 -1.00 -1.00 2 10 1.4482 -0.0084 0.000090
460.00 P 20260814 -1.00 -1.00 4 12 1.4367 -0.0092 0.000098
465.00 P 20260814 -1.00 -1.00 16 27 1.4230 -0.0098 0.000104
470.00 P 20260814 -1.00 -1.00 4 16 1.4111 -0.0105 0.000111
475.00 P 20260814 -1.00 -1.00 8 52 1.3962 -0.0111 0.000118
480.00 P 20260814 -1.00 -1.00 2 105 1.3830 -0.0117 0.000125
485.00 P 20260814 -1.00 -1.00 2 37 1.3744 -0.0126 0.000134
490.00 P 20260814 -1.00 -1.00 8 169 1.3615 -0.0133 0.000141
495.00 P 20260814 -1.00 -1.00 1 46 1.3509 -0.0141 0.000150
500.00 P 20260814 -1.00 -1.00 141 536 1.3553 -0.0158 0.000164
502.50 P 20260814 -1.00 -1.00 -1 0 1.3341 -0.0153 0.000163
505.00 P 20260814 -1.00 -1.00 1 35 1.3338 -0.0160 0.000169
507.50 P 20260814 -1.00 -1.00 5 0 1.3275 -0.0164 0.000174
510.00 P 20260814 -1.00 -1.00 6 71 1.3250 -0.0169 0.000179
512.50 P 20260814 -1.00 -1.00 4 0 1.3202 -0.0174 0.000184
515.00 P 20260814 -1.00 -1.00 1 29 1.3170 -0.0179 0.000190
517.50 P 20260814 -1.00 -1.00 -1 0 1.3123 -0.0184 0.000195
520.00 P 20260814 -1.00 -1.00 15 39 1.3142 -0.0192 0.000202
350.00 C 20260821 -1.00 -1.00 1 430 1.6072 0.9943 0.000047
360.00 C 20260821 -1.00 -1.00 2 1053 1.6835 0.9908 0.000068
370.00 C 20260821 -1.00 -1.00 1 515 1.5612 0.9931 0.000058
380.00 C 20260821 -1.00 -1.00 14 401 1.5100 0.9930 0.000060
390.00 C 20260821 -1.00 -1.00 3 243 1.4767 0.9926 0.000065
400.00 C 20260821 -1.00 -1.00 1 408 1.5134 0.9888 0.000090
410.00 C 20260821 -1.00 -1.00 1 292 1.4487 0.9894 0.000090
420.00 C 20260821 -1.00 -1.00 1 761 1.4467 0.9872 0.000106
430.00 C 20260821 -1.00 -1.00 2 416 1.3209 0.9909 0.000087
440.00 C 20260821 -1.00 -1.00 16 909 1.3336 0.9878 0.000110
450.00 C 20260821 -1.00 -1.00 5 584 1.3461 0.9848 0.000133
460.00 C 20260821 -1.00 -1.00 5 349 1.3388 0.9827 0.000150
470.00 C 20260821 -1.00 -1.00 2 608 1.2647 0.9840 0.000148
480.00 C 20260821 -1.00 -1.00 8 448 1.2617 0.9816 0.000168
490.00 C 20260821 -1.00 -1.00 1 596 1.2848 0.9771 0.000199
500.00 C 20260821 -1.00 -1.00 30 1546 1.2716 0.9736 0.000225
510.00 C 20260821 -1.00 -1.00 1 1019 1.2647 0.9695 0.000254
520.00 C 20260821 -1.00 -1.00 1 486 1.2140 0.9696 0.000265
350.00 P 20260821 -1.00 -1.00 94 2323 1.5036 -0.0037 0.000034
360.00 P 20260821 -1.00 -1.00 24 758 1.4851 -0.0044 0.000040
370.00 P 20260821 -1.00 -1.00 76 1700 1.4637 -0.0050 0.000046
380.00 P 20260821 -1.00 -1.00 26 1357 1.4446 -0.0056 0.000052
390.00 P 20260821 -1.00 -1.00 25 1613 1.4145 -0.0061 0.000057
400.00 P 20260821 -1.00 -1.00 86 2980 1.4241 -0.0073 0.000067
410.00 P 20260821 -1.00 -1.00 27 1427 1.3938 -0.0080 0.000074
420.00 P 20260821 -1.00 -1.00 88 1395 1.3764 -0.0095 0.000086
430.00 P 20260821 -1.00 -1.00 5 743 1.3455 -0.0103 0.000095
440.00 P 20260821 -1.00 -1.00 44 3554 1.3232 -0.0116 0.000107
450.00 P 20260821 -1.00 -1.00 224 7641 1.3059 -0.0132 0.000121
460.00 P 20260821 -1.00 -1.00 3 542 1.2840 -0.0145 0.000134
470.00 P 20260821 -1.00 -1.00 125 652 1.2580 -0.0156 0.000146
480.00 P 20260821 -1.00 -1.00 312 657 1.2541 -0.0180 0.000166
490.00 P 20260821 -1.00 -1.00 6 730 1.2396 -0.0198 0.000183
500.00 P 20260821 -1.00 -1.00 552 5233 1.2315 -0.0224 0.000205
510.00 P 20260821 -1.00 -1.00 22 610 1.2095 -0.0250 0.000227
520.00 P 20260821 -1.00 -1.00 100 1144 1.1874 -0.0277 0.000251
1220.00 C 20260731 -1.00 -1.00 111 501 1.9280 0.0009 0.000032
1225.00 C 20260731 -1.00 -1.00 40 84 1.9487 0.0009 0.000031
1230.00 C 20260731 -1.00 -1.00 35 229 1.9692 0.0009 0.000031
1235.00 C 20260731 -1.00 -1.00 4 22 2.0244 0.0011 0.000035
1240.00 C 20260731 -1.00 -1.00 36 274 2.0447 0.0010 0.000034
1250.00 C 20260731 -1.00 -1.00 170 1582 2.2023 0.0017 0.000050
1260.00 C 20260731 -1.00 -1.00 42 383 2.0224 0.0005 0.000019
1270.00 C 20260731 -1.00 -1.00 71 283 2.1651 0.0010 0.000030
1280.00 C 20260731 -1.00 -1.00 113 949 2.2046 0.0010 0.000029
1290.00 C 20260731 -1.00 -1.00 36 574 2.3802 0.0016 0.000044
1300.00 C 20260731 -1.00 -1.00 245 2695 2.2151 0.0007 0.000020
1310.00 C 20260731 -1.00 -1.00 18 428 2.4671 0.0016 0.000041
1320.00 C 20260731 -1.00 -1.00 88 406 3.4496 0.0201 0.000281
1330.00 C 20260731 -1.00 -1.00 78 281 3.4761 0.0187 0.000263
1340.00 C 20260731 -1.00 -1.00 1 664 2.5019 0.0011 0.000030
1350.00 C 20260731 -1.00 -1.00 42 877 2.4728 0.0009 0.000024
1360.00 C 20260731 -1.00 -1.00 115 763 2.5430 0.0010 0.000026
1370.00 C 20260731 -1.00 -1.00 41 174 2.5469 0.0009 0.000022
1380.00 C 20260731 -1.00 -1.00 38 144 2.7477 0.0014 0.000034
1220.00 P 20260731 -1.00 -1.00 2 2 2.7965 -0.9815 0.000331
1225.00 P 20260731 -1.00 -1.00 2 0 2.8257 -0.9816 0.000325
1230.00 P 20260731 -1.00 -1.00 48 0 2.1437 -0.9984 0.000066
1235.00 P 20260731 -1.00 -1.00 58 0 2.9005 -0.9811 0.000323
1240.00 P 20260731 -1.00 -1.00 10 1 2.1897 -0.9984 0.000063
1250.00 P 20260731 -1.00 -1.00 1 9 2.2353 -0.9984 0.000061
1260.00 P 20260731 -1.00 -1.00 2 0 2.9296 -0.9861 0.000250
1270.00 P 20260731 -1.00 -1.00 5 0 2.3255 -0.9985 0.000057
1280.00 P 20260731 -1.00 -1.00 1 0 2.6968 -0.9942 0.000132
1290.00 P 20260731 -1.00 -1.00 1 0 2.4142 -0.9985 0.000054
1300.00 P 20260731 -1.00 -1.00 2 0 2.8743 -0.9924 0.000153
1310.00 P 20260731 -1.00 -1.00 2 0 2.5015 -0.9986 0.000051
1320.00 P 20260731 -1.00 -1.00 2 0 2.9114 -0.9940 0.000125
1330.00 P 20260731 -1.00 -1.00 4 0 2.9986 -0.9931 0.000134
1340.00 P 20260731 -1.00 -1.00 2 0 2.6938 -0.9979 0.000061
1350.00 P 20260731 -1.00 -1.00 2 0 2.6723 -0.9986 0.000045
1360.00 P 20260731 -1.00 -1.00 1 0 3.6130 -0.9831 0.000238
1370.00 P 20260731 -1.00 -1.00 1 0 3.1464 -0.9944 0.000110
1380.00 P 20260731 -1.00 -1.00 1 0 2.7972 -0.9987 0.000042
1220.00 C 20260803 -1.00 -1.00 20 14 1.1902 0.0038 0.000102
1225.00 C 20260803 -1.00 -1.00 7 9 1.2363 0.0045 0.000114
1230.00 C 20260803 -1.00 -1.00 3 57 1.2428 0.0043 0.000110
1235.00 C 20260803 -1.00 -1.00 2 22 1.2267 0.0037 0.000096
1240.00 C 20260803 -1.00 -1.00 3 290 1.4560 0.0122 0.000234
1250.00 C 20260803 -1.00 -1.00 7 58 1.2404 0.0031 0.000081
1260.00 C 20260803 -1.00 -1.00 3 25 1.3733 0.0056 0.000125
1270.00 C 20260803 -1.00 -1.00 3 4 1.3960 0.0053 0.000117
1280.00 C 20260803 -1.00 -1.00 4 5 1.4648 0.0073 0.000146
1290.00 C 20260803 -1.00 -1.00 28 35 1.5171 0.0083 0.000159
1300.00 C 20260803 -1.00 -1.00 2 30 1.5771 0.0097 0.000174
1310.00 C 20260803 -1.00 -1.00 1 18 1.5588 0.0076 0.000143
1320.00 C 20260803 -1.00 -1.00 3 21 1.5685 0.0068 0.000129
1330.00 C 20260803 -1.00 -1.00 3 1 1.5861 0.0064 0.000121
1340.00 C 20260803 -1.00 -1.00 112 49 1.6113 0.0063 0.000118
1350.00 C 20260803 -1.00 -1.00 5 55 1.6148 0.0053 0.000101
1360.00 C 20260803 -1.00 -1.00 5 62 1.6711 0.0066 0.000118
1370.00 C 20260803 -1.00 -1.00 51 60 2.1450 0.0295 0.000335
1220.00 P 20260803 -1.00 -1.00 1 0 1.2695 -0.9957 0.000155
1225.00 P 20260803 -1.00 -1.00 -1 0 1.2974 -0.9950 0.000168
1230.00 P 20260803 -1.00 -1.00 1 0 1.4871 -0.9866 0.000281
1235.00 P 20260803 -1.00 -1.00 -1 0 1.4569 -0.9886 0.000253
1240.00 P 20260803 -1.00 -1.00 1 0 1.3081 -0.9968 0.000126
1250.00 P 20260803 -1.00 -1.00 -1 0 1.4977 -0.9888 0.000241
1260.00 P 20260803 -1.00 -1.00 -1 0 1.6145 -0.9841 0.000290
1270.00 P 20260803 -1.00 -1.00 -1 0 1.5732 -0.9882 0.000238
1280.00 P 20260803 -1.00 -1.00 1 0 1.5997 -0.9884 0.000232
1290.00 P 20260803 -1.00 -1.00 2 0 1.5120 -0.9936 0.000164
1300.00 P 20260803 -1.00 -1.00 -1 0 1.4856 -0.9962 0.000119
1310.00 P 20260803 -1.00 -1.00 -1 0 1.7637 -0.9852 0.000251
1320.00 P 20260803 -1.00 -1.00 -1 0 1.7876 -0.9858 0.000241
1330.00 P 20260803 -1.00 -1.00 1 0 1.7073 -0.9900 0.000193
1340.00 P 20260803 -1.00 -1.00 12 0 1.5500 -0.9972 0.000095
1350.00 P 20260803 -1.00 -1.00 -1 0 1.6904 -0.9930 0.000152
1360.00 P 20260803 -1.00 -1.00 6 0 1.8147 -0.9891 0.000193
1370.00 P 20260803 -1.00 -1.00 41 0 1.8073 -0.9904 0.000175
1220.00 C 20260805 -1.00 -1.00 2 15 1.1400 0.0119 0.000240
1225.00 C 20260805 -1.00 -1.00 6 3 1.1478 0.0116 0.000233
1230.00 C 20260805 -1.00 -1.00 3 128 1.1422 0.0106 0.000216
1235.00 C 20260805 -1.00 -1.00 10 24 1.1550 0.0106 0.000213
1240.00 C 20260805 -1.00 -1.00 1 15 1.1594 0.0102 0.000204
1250.00 C 20260805 -1.00 -1.00 5 62 1.1682 0.0092 0.000186
1260.00 C 20260805 -1.00 -1.00 1 30 1.1818 0.0086 0.000173
1270.00 C 20260805 -1.00 -1.00 9 4 1.2020 0.0084 0.000166
1280.00 C 20260805 -1.00 -1.00 5 2 1.2089 0.0074 0.000149
1290.00 C 20260805 -1.00 -1.00 1 30 1.2140 0.0064 0.000130
1300.00 C 20260805 -1.00 -1.00 13 6 1.2322 0.0061 0.000123
1310.00 C 20260805 -1.00 -1.00 2 1 1.2486 0.0058 0.000116
1320.00 C 20260805 -1.00 -1.00 2 5 1.2402 0.0047 0.000098
1330.00 C 20260805 -1.00 -1.00 6 6 1.2452 0.0044 0.000091
1340.00 C 20260805 -1.00 -1.00 2 103 1.2590 0.0042 0.000087
1350.00 C 20260805 -1.00 -1.00 1 49 1.2683 0.0040 0.000082
1360.00 C 20260805 -1.00 -1.00 24 27 1.2863 0.0039 0.000080
1370.00 C 20260805 -1.00 -1.00 4 45 1.2779 0.0033 0.000068
1220.00 P 20260805 -1.00 -1.00 -1 0 1.1353 -0.9910 0.000252
1225.00 P 20260805 -1.00 -1.00 -1 0 1.2630 -0.9815 0.000357
1230.00 P 20260805 -1.00 -1.00 -1 0 1.1582 -0.9911 0.000243
1235.00 P 20260805 -1.00 -1.00 -1 0 1.1271 -0.9937 0.000200
1240.00 P 20260805 -1.00 -1.00 -1 0 1.1604 -0.9925 0.000220
1250.00 P 20260805 -1.00 -1.00 -1 0 1.3188 -0.9830 0.000321
1260.00 P 20260805 -1.00 -1.00 -1 0 1.1834 -0.9940 0.000185
1270.00 P 20260805 -1.00 -1.00 -1 0 1.1661 -0.9967 0.000136
1280.00 P 20260805 -1.00 -1.00 -1 0 1.3471 -0.9877 0.000250
1290.00 P 20260805 -1.00 -1.00 -1 0 1.3499 -0.9888 0.000234
1300.00 P 20260805 -1.00 -1.00 -1 0 1.3525 -0.9899 0.000219
1310.00 P 20260805 -1.00 -1.00 -1 0 1.4116 -0.9881 0.000231
1320.00 P 20260805 -1.00 -1.00 -1 0 1.3142 -0.9944 0.000155
1330.00 P 20260805 -1.00 -1.00 1 0 1.5109 -0.9852 0.000253
1340.00 P 20260805 -1.00 -1.00 1 0 1.5345 -0.9853 0.000247
1350.00 P 20260805 -1.00 -1.00 1 0 1.3988 -0.9935 0.000160
1360.00 P 20260805 -1.00 -1.00 1 1 1.5812 -0.9857 0.000235
1370.00 P 20260805 -1.00 -1.00 -1 0 1.6043 -0.9858 0.000230
1220.00 C 20260807 -1.00 -1.00 17 224 1.1404 0.0271 0.000420
1230.00 C 20260807 -1.00 -1.00 8 200 1.1493 0.0252 0.000391
1240.00 C 20260807 -1.00 -1.00 44 99 1.1556 0.0230 0.000360
1250.00 C 20260807 -1.00 -1.00 301 409 1.1631 0.0210 0.000332
1260.00 C 20260807 -1.00 -1.00 218 298 1.1755 0.0196 0.000310
1270.00 C 20260807 -1.00 -1.00 166 243 1.1878 0.0182 0.000290
1280.00 C 20260807 -1.00 -1.00 139 175 1.1988 0.0168 0.000268
1290.00 C 20260807 -1.00 -1.00 391 488 1.2128 0.0157 0.000251
1300.00 C 20260807 -1.00 -1.00 906 1412 1.2152 0.0145 0.000233
1310.00 C 20260807 -1.00 -1.00 146 148 1.2105 0.0131 0.000214
1320.00 C 20260807 -1.00 -1.00 75 163 1.2256 0.0128 0.000206
1330.00 C 20260807 -1.00 -1.00 7 83 1.2266 0.0117 0.000191
1340.00 C 20260807 -1.00 -1.00 2 123 1.2331 0.0110 0.000178
1350.00 C 20260807 -1.00 -1.00 171 809 1.2382 0.0101 0.000166
1360.00 C 20260807 -1.00 -1.00 10 260 1.2502 0.0097 0.000158
1370.00 C 20260807 -1.00 -1.00 9 111 1.2552 0.0089 0.000146
1380.00 C 20260807 -1.00 -1.00 35 213 1.2491 0.0075 0.000126
1220.00 P 20260807 -1.00 -1.00 1 0 1.1715 -0.9720 0.000463
1230.00 P 20260807 -1.00 -1.00 2 0 1.1736 -0.9747 0.000430
1240.00 P 20260807 -1.00 -1.00 2 0 1.1925 -0.9754 0.000414
1250.00 P 20260807 -1.00 -1.00 1 0 1.1338 -0.9854 0.000305
1260.00 P 20260807 -1.00 -1.00 2 0 1.1518 -0.9862 0.000292
1270.00 P 20260807 -1.00 -1.00 2 0 1.2276 -0.9799 0.000348
1280.00 P 20260807 -1.00 -1.00 6 0 1.1536 -0.9896 0.000248
1290.00 P 20260807 -1.00 -1.00 2 1 1.1640 -0.9902 0.000236
1300.00 P 20260807 -1.00 -1.00 6 0 -1.0000 -1.0000 -1.000000
1310.00 P 20260807 -1.00 -1.00 2 0 1.1929 -0.9910 0.000219
1320.00 P 20260807 -1.00 -1.00 4 0 1.3164 -0.9831 0.000287
1330.00 P 20260807 -1.00 -1.00 1 0 1.3158 -0.9857 0.000256
1340.00 P 20260807 -1.00 -1.00 24 1 1.3436 -0.9850 0.000258
1350.00 P 20260807 -1.00 -1.00 24 0 1.4418 -0.9771 0.000321
1360.00 P 20260807 -1.00 -1.00 2 0 1.4424 -0.9793 0.000299
1370.00 P 20260807 -1.00 -1.00 2 0 1.3970 -0.9863 0.000233
1380.00 P 20260807 -1.00 -1.00 -1 0 1.4490 -0.9831 0.000259
1220.00 C 20260810 -1.00 -1.00 -1 0 1.0129 0.0318 0.000466
1225.00 C 20260810 -1.00 -1.00 -1 0 1.0116 0.0303 0.000446
1230.00 C 20260810 -1.00 -1.00 3 0 1.0081 0.0284 0.000424
1235.00 C 20260810 -1.00 -1.00 1 237 1.0239 0.0290 0.000424
1240.00 C 20260810 -1.00 -1.00 3 0 1.0172 0.0268 0.000399
1250.00 C 20260810 -1.00 -1.00 2 10 1.0065 0.0226 0.000349
1260.00 C 20260810 -1.00 -1.00 -1 0 1.0266 0.0225 0.000340
1270.00 C 20260810 -1.00 -1.00 6 20 1.0377 0.0212 0.000320
1280.00 C 20260810 -1.00 -1.00 98 0 1.0428 0.0191 0.000293
1290.00 C 20260810 -1.00 -1.00 13 0 1.0374 0.0157 0.000252
1300.00 C 20260810 -1.00 -1.00 -1 0 1.0686 0.0172 0.000263
1310.00 C 20260810 -1.00 -1.00 6 0 1.0824 0.0165 0.000250
1320.00 C 20260810 -1.00 -1.00 -1 0 1.0966 0.0158 0.000239
1330.00 C 20260810 -1.00 -1.00 6 0 1.1067 0.0152 0.000229
1340.00 C 20260810 -1.00 -1.00 -1 0 1.1134 0.0145 0.000218
1350.00 C 20260810 -1.00 -1.00 6 0 1.1211 0.0139 0.000209
1360.00 C 20260810 -1.00 -1.00 3 0 1.1300 0.0134 0.000200
1370.00 C 20260810 -1.00 -1.00 3 1 1.1270 0.0122 0.000184
1220.00 P 20260810 -1.00 -1.00 -1 0 0.9810 -0.9759 0.000447
1225.00 P 20260810 -1.00 -1.00 -1 0 1.0346 -0.9704 0.000488
1230.00 P 20260810 -1.00 -1.00 -1 0 0.9850 -0.9784 0.000412
1235.00 P 20260810 -1.00 -1.00 -1 0 0.9823 -0.9803 0.000388
1240.00 P 20260810 -1.00 -1.00 -1 0 1.0311 -0.9751 0.000433
1250.00 P 20260810 -1.00 -1.00 -1 0 1.0412 -0.9766 0.000410
1260.00 P 20260810 -1.00 -1.00 -1 0 1.0168 -0.9829 0.000344
1270.00 P 20260810 -1.00 -1.00 -1 0 1.0188 -0.9856 0.000314
1280.00 P 20260810 -1.00 -1.00 -1 0 1.0159 -0.9888 0.000275
1290.00 P 20260810 -1.00 -1.00 -1 0 1.0090 -0.9906 0.000247
1300.00 P 20260810 -1.00 -1.00 -1 0 1.1510 -0.9760 0.000374
1310.00 P 20260810 -1.00 -1.00 -1 0 1.1661 -0.9766 0.000362
1320.00 P 20260810 -1.00 -1.00 -1 0 1.1783 -0.9776 0.000348
1330.00 P 20260810 -1.00 -1.00 -1 0 1.0274 -0.9946 0.000180
1340.00 P 20260810 -1.00 -1.00 -1 0 -1.0000 -1.0000 -1.000000
1350.00 P 20260810 -1.00 -1.00 -1 0 1.0967 -0.9917 0.000206
1360.00 P 20260810 -1.00 -1.00 -1 0 1.1729 -0.9880 0.000242
1370.00 P 20260810 -1.00 -1.00 -1 0 1.2142 -0.9851 0.000261
1220.00 C 20260812 -1.00 -1.00 -1 0 0.9995 0.0419 0.000547
1225.00 C 20260812 -1.00 -1.00 -1 0 1.0208 0.0442 0.000557
1230.00 C 20260812 -1.00 -1.00 -1 0 1.0254 0.0426 0.000539
1235.00 C 20260812 -1.00 -1.00 -1 0 1.0305 0.0412 0.000523
1240.00 C 20260812 -1.00 -1.00 -1 0 1.0344 0.0395 0.000506
1250.00 C 20260812 -1.00 -1.00 -1 0 1.0366 0.0368 0.000476
1260.00 C 20260812 -1.00 -1.00 -1 0 1.0357 0.0342 0.000446
1270.00 C 20260812 -1.00 -1.00 -1 0 0.9774 0.0242 0.000351
1280.00 C 20260812 -1.00 -1.00 4 0 0.9801 0.0219 0.000322
1290.00 C 20260812 -1.00 -1.00 -1 0 0.9911 0.0208 0.000305
1300.00 C 20260812 -1.00 -1.00 -1 0 1.0028 0.0199 0.000290
1310.00 C 20260812 -1.00 -1.00 6 0 0.9959 0.0163 0.000249
1320.00 C 20260812 -1.00 -1.00 -1 0 1.0619 0.0229 0.000308
1330.00 C 20260812 -1.00 -1.00 6 0 1.0690 0.0214 0.000289
1340.00 C 20260812 -1.00 -1.00 -1 0 1.0860 0.0213 0.000283
1350.00 C 20260812 -1.00 -1.00 -1 0 1.0996 0.0207 0.000274
1360.00 C 20260812 -1.00 -1.00 596 0 1.1046 0.0191 0.000255
1370.00 C 20260812 -1.00 -1.00 3 0 1.1241 0.0193 0.000253
1220.00 P 20260812 -1.00 -1.00 -1 0 1.0321 -0.9543 0.000614
1225.00 P 20260812 -1.00 -1.00 -1 0 1.0056 -0.9631 0.000548
1230.00 P 20260812 -1.00 -1.00 -1 0 1.0083 -0.9651 0.000528
1235.00 P 20260812 -1.00 -1.00 -1 0 1.0046 -0.9670 0.000510
1240.00 P 20260812 -1.00 -1.00 -1 0 1.0428 -0.9623 0.000534
1250.00 P 20260812 -1.00 -1.00 -1 0 1.0067 -0.9708 0.000467
1260.00 P 20260812 -1.00 -1.00 -1 0 1.0345 -0.9698 0.000464
1270.00 P 20260812 -1.00 -1.00 -1 0 0.9948 -0.9778 0.000391
1280.00 P 20260812 -1.00 -1.00 -1 0 0.9919 -0.9810 0.000357
1290.00 P 20260812 -1.00 -1.00 -1 0 0.9939 -0.9835 0.000331
1300.00 P 20260812 -1.00 -1.00 -1 0 1.0044 -0.9847 0.000315
1310.00 P 20260812 -1.00 -1.00 -1 0 1.0452 -0.9813 0.000333
1320.00 P 20260812 -1.00 -1.00 -1 0 1.0184 -0.9879 0.000273
1330.00 P 20260812 -1.00 -1.00 -1 0 1.0312 -0.9886 0.000260
1340.00 P 20260812 -1.00 -1.00 -1 0 1.1087 -0.9800 0.000323
1350.00 P 20260812 -1.00 -1.00 -1 0 1.1249 -0.9802 0.000316
1360.00 P 20260812 -1.00 -1.00 -1 0 1.0324 -0.9922 0.000205
1370.00 P 20260812 -1.00 -1.00 -1 0 1.0553 -0.9916 0.000208
1220.00 C 20260814 -1.00 -1.00 8 193 1.0124 0.0605 0.000668
1230.00 C 20260814 -1.00 -1.00 101 177 1.0183 0.0569 0.000633
1240.00 C 20260814 -1.00 -1.00 1 133 1.0229 0.0531 0.000597
1250.00 C 20260814 -1.00 -1.00 37 173 1.0287 0.0497 0.000563
1260.00 C 20260814 -1.00 -1.00 16 173 1.0356 0.0465 0.000532
1270.00 C 20260814 -1.00 -1.00 4 164 1.0436 0.0435 0.000503
1280.00 C 20260814 -1.00 -1.00 11 139 1.0537 0.0412 0.000478
1290.00 C 20260814 -1.00 -1.00 5 178 1.0599 0.0387 0.000453
1300.00 C 20260814 -1.00 -1.00 27 423 1.0579 0.0363 0.000428
1310.00 C 20260814 -1.00 -1.00 17 57 1.0589 0.0342 0.000406
1320.00 C 20260814 -1.00 -1.00 5 210 1.0609 0.0322 0.000385
1330.00 C 20260814 -1.00 -1.00 1 80 1.0637 0.0304 0.000364
1340.00 C 20260814 -1.00 -1.00 3 71 1.0696 0.0289 0.000347
1350.00 C 20260814 -1.00 -1.00 13 177 1.0728 0.0272 0.000328
1360.00 C 20260814 -1.00 -1.00 23 188 1.0778 0.0256 0.000311
1370.00 C 20260814 -1.00 -1.00 10 98 1.0862 0.0246 0.000297
1380.00 C 20260814 -1.00 -1.00 4 128 1.0906 0.0230 0.000280
1220.00 P 20260814 -1.00 -1.00 5 5 1.0149 -0.9426 0.000689
1230.00 P 20260814 -1.00 -1.00 1 1 1.0169 -0.9471 0.000649
1240.00 P 20260814 -1.00 -1.00 15 32 1.0148 -0.9525 0.000604
1250.00 P 20260814 -1.00 -1.00 1 1 1.0148 -0.9575 0.000560
1260.00 P 20260814 -1.00 -1.00 4 2 1.0295 -0.9590 0.000539
1270.00 P 20260814 -1.00 -1.00 8 2 1.0311 -0.9635 0.000502
1280.00 P 20260814 -1.00 -1.00 6 3 1.0491 -0.9640 0.000489
1290.00 P 20260814 -1.00 -1.00 -1 0 1.0331 -0.9687 0.000451
1300.00 P 20260814 -1.00 -1.00 1 0 1.0340 -0.9710 0.000427
1310.00 P 20260814 -1.00 -1.00 1 0 1.0421 -0.9723 0.000411
1320.00 P 20260814 -1.00 -1.00 1 0 1.0987 -0.9674 0.000434
1330.00 P 20260814 -1.00 -1.00 -1 0 1.0450 -0.9766 0.000364
1340.00 P 20260814 -1.00 -1.00 6 0 1.0366 -0.9803 0.000333
1350.00 P 20260814 -1.00 -1.00 -1 0 1.0517 -0.9805 0.000325
1360.00 P 20260814 -1.00 -1.00 -1 0 1.0773 -0.9791 0.000327
1370.00 P 20260814 -1.00 -1.00 10 0 1.0622 -0.9838 0.000293
1380.00 P 20260814 -1.00 -1.00 -1 0 1.0798 -0.9835 0.000290
1220.00 C 20260821 -1.00 -1.00 44 438 0.9730 0.0943 0.000815
1230.00 C 20260821 -1.00 -1.00 4 484 0.9795 0.0892 0.000781
1240.00 C 20260821 -1.00 -1.00 7 333 0.9824 0.0845 0.000749
1250.00 C 20260821 -1.00 -1.00 417 2300 0.9734 0.0787 0.000712
1260.00 C 20260821 -1.00 -1.00 13 739 0.9787 0.0757 0.000686
1270.00 C 20260821 -1.00 -1.00 16 525 0.9792 0.0718 0.000656
1280.00 C 20260821 -1.00 -1.00 10 1062 0.9788 0.0677 0.000625
1290.00 C 20260821 -1.00 -1.00 13 381 0.9821 0.0644 0.000599
1300.00 C 20260821 -1.00 -1.00 382 3390 0.9835 0.0607 0.000570
1310.00 C 20260821 -1.00 -1.00 6 374 0.9849 0.0570 0.000542
1320.00 C 20260821 -1.00 -1.00 30 500 0.9918 0.0547 0.000521
1330.00 C 20260821 -1.00 -1.00 11 413 0.9951 0.0515 0.000496
1340.00 C 20260821 -1.00 -1.00 6 201 0.9982 0.0483 0.000471
1350.00 C 20260821 -1.00 -1.00 106 2134 1.0078 0.0467 0.000455
1360.00 C 20260821 -1.00 -1.00 2 358 1.0154 0.0447 0.000437
1370.00 C 20260821 -1.00 -1.00 7 268 1.0221 0.0425 0.000418
1380.00 C 20260821 -1.00 -1.00 8 239 1.0232 0.0401 0.000399
1220.00 P 20260821 -1.00 -1.00 2 31 0.9423 -0.9198 0.000802
1230.00 P 20260821 -1.00 -1.00 1 52 0.9557 -0.9212 0.000780
1240.00 P 20260821 -1.00 -1.00 1 48 0.9494 -0.9269 0.000744
1250.00 P 20260821 -1.00 -1.00 3 313 0.9507 -0.9309 0.000713
1260.00 P 20260821 -1.00 -1.00 1 25 0.9333 -0.9394 0.000663
1270.00 P 20260821 -1.00 -1.00 10 136 0.9671 -0.9357 0.000666
1280.00 P 20260821 -1.00 -1.00 1 20 0.9474 -0.9447 0.000613
1290.00 P 20260821 -1.00 -1.00 30 72 0.9543 -0.9474 0.000589
1300.00 P 20260821 -1.00 -1.00 5 142 0.9660 -0.9487 0.000571
1310.00 P 20260821 -1.00 -1.00 12 144 0.9447 -0.9587 0.000514
1320.00 P 20260821 -1.00 -1.00 2 34 0.9666 -0.9572 0.000512
1330.00 P 20260821 -1.00 -1.00 3 6 0.9822 -0.9574 0.000502
1340.00 P 20260821 -1.00 -1.00 1 12 1.0089 -0.9547 0.000506
1350.00 P 20260821 -1.00 -1.00 128 143 0.9792 -0.9658 0.000442
1360.00 P 20260821 -1.00 -1.00 1 23 0.9547 -0.9714 0.000401
1370.00 P 20260821 -1.00 -1.00 1 1 0.9648 -0.9720 0.000391
1380.00 P 20260821 -1.00 -1.00 6 8 1.0298 -0.9648 0.000426
