# opt_chain SPY | epoch 1785867084 | 2026-08-04 14:11:24 | spot 771.90 | exps 20260804 20260805 20260806 20260807 20260810 20260811 20260812 20260813 20260814 20260817 20260818 20260821
# fuente polygon_snapshot_v3 | greeks polygon_directo | iv polygon_directo | oi polygon_directo | vol day.volume(-1 si no cotizo) | bid/ask NO_ENTITLED(-1) | spot_src ibkr_bridge spot_edad_s 81 | band 0.1800 vencimientos 12 exp_hasta 2026-08-21
# strike right exp bid ask vol oi iv delta gamma
680.00 C 20260804 -1.00 -1.00 7 17 -1.0000 -1.0000 -1.000000
685.00 C 20260804 -1.00 -1.00 1 1 -1.0000 -1.0000 -1.000000
690.00 C 20260804 -1.00 -1.00 93 17 -1.0000 -1.0000 -1.000000
693.00 C 20260804 -1.00 -1.00 24 0 -1.0000 -1.0000 -1.000000
694.00 C 20260804 -1.00 -1.00 32 0 -1.0000 -1.0000 -1.000000
695.00 C 20260804 -1.00 -1.00 24 1 -1.0000 -1.0000 -1.000000
696.00 C 20260804 -1.00 -1.00 18 0 2.2377 0.9687 0.001600
697.00 C 20260804 -1.00 -1.00 42 0 0.0001 1.0000 0.000000
698.00 C 20260804 -1.00 -1.00 39 0 0.0001 1.0000 -0.000000
699.00 C 20260804 -1.00 -1.00 38 0 0.0001 1.0000 -0.000000
700.00 C 20260804 -1.00 -1.00 75 8 -1.0000 -1.0000 -1.000000
701.00 C 20260804 -1.00 -1.00 69 2 0.0001 1.0000 0.000000
702.00 C 20260804 -1.00 -1.00 63 0 0.0001 1.0000 0.000000
703.00 C 20260804 -1.00 -1.00 62 0 -1.0000 -1.0000 -1.000000
704.00 C 20260804 -1.00 -1.00 66 0 -1.0000 -1.0000 -1.000000
705.00 C 20260804 -1.00 -1.00 94 45 -1.0000 -1.0000 -1.000000
706.00 C 20260804 -1.00 -1.00 59 5 -1.0000 -1.0000 -1.000000
707.00 C 20260804 -1.00 -1.00 62 1 -1.0000 -1.0000 -1.000000
708.00 C 20260804 -1.00 -1.00 49 1 -1.0000 -1.0000 -1.000000
709.00 C 20260804 -1.00 -1.00 41 4 -1.0000 -1.0000 -1.000000
710.00 C 20260804 -1.00 -1.00 18 2 -1.0000 -1.0000 -1.000000
711.00 C 20260804 -1.00 -1.00 19 0 -1.0000 -1.0000 -1.000000
712.00 C 20260804 -1.00 -1.00 14 1 -1.0000 -1.0000 -1.000000
713.00 C 20260804 -1.00 -1.00 17 1 1.7505 0.9649 0.002235
714.00 C 20260804 -1.00 -1.00 42 1 0.0001 1.0000 0.000000
715.00 C 20260804 -1.00 -1.00 70 17 -1.0000 -1.0000 -1.000000
716.00 C 20260804 -1.00 -1.00 95 45 -1.0000 -1.0000 -1.000000
717.00 C 20260804 -1.00 -1.00 36 10 -1.0000 -1.0000 -1.000000
718.00 C 20260804 -1.00 -1.00 27 1 -1.0000 -1.0000 -1.000000
719.00 C 20260804 -1.00 -1.00 14 221 -1.0000 -1.0000 -1.000000
720.00 C 20260804 -1.00 -1.00 15 3 -1.0000 -1.0000 -1.000000
721.00 C 20260804 -1.00 -1.00 30 20 -1.0000 -1.0000 -1.000000
722.00 C 20260804 -1.00 -1.00 26 6 -1.0000 -1.0000 -1.000000
723.00 C 20260804 -1.00 -1.00 32 23 -1.0000 -1.0000 -1.000000
724.00 C 20260804 -1.00 -1.00 23 8 -1.0000 -1.0000 -1.000000
725.00 C 20260804 -1.00 -1.00 9 20 1.4555 0.9559 0.003219
726.00 C 20260804 -1.00 -1.00 7 46 0.8643 0.9977 0.000418
727.00 C 20260804 -1.00 -1.00 12 70 -1.0000 -1.0000 -1.000000
728.00 C 20260804 -1.00 -1.00 14 62 0.0001 1.0000 -0.000000
729.00 C 20260804 -1.00 -1.00 19 123 0.0001 1.0000 -0.000000
730.00 C 20260804 -1.00 -1.00 53 109 0.0001 1.0000 -0.000000
731.00 C 20260804 -1.00 -1.00 32 242 0.0001 1.0000 -0.000000
732.00 C 20260804 -1.00 -1.00 8 346 1.2865 0.9488 0.004120
733.00 C 20260804 -1.00 -1.00 9 162 1.2657 0.9472 0.004294
734.00 C 20260804 -1.00 -1.00 8 201 -1.0000 -1.0000 -1.000000
735.00 C 20260804 -1.00 -1.00 13 301 0.0001 1.0000 0.000000
736.00 C 20260804 -1.00 -1.00 21 968 0.9310 0.9785 0.002769
737.00 C 20260804 -1.00 -1.00 30 921 0.9139 0.9775 0.002938
738.00 C 20260804 -1.00 -1.00 15 1065 0.9068 0.9754 0.003209
739.00 C 20260804 -1.00 -1.00 18 1331 0.9099 0.9722 0.003568
740.00 C 20260804 -1.00 -1.00 161 1463 -1.0000 -1.0000 -1.000000
741.00 C 20260804 -1.00 -1.00 37 1529 -1.0000 -1.0000 -1.000000
742.00 C 20260804 -1.00 -1.00 48 2627 -1.0000 -1.0000 -1.000000
743.00 C 20260804 -1.00 -1.00 61 2023 0.0001 1.0000 0.000000
744.00 C 20260804 -1.00 -1.00 66 10233 0.0001 1.0000 -0.000000
745.00 C 20260804 -1.00 -1.00 318 2524 0.0001 1.0000 0.000000
746.00 C 20260804 -1.00 -1.00 368 1280 0.0001 1.0000 0.000000
747.00 C 20260804 -1.00 -1.00 183 2183 -1.0000 -1.0000 -1.000000
748.00 C 20260804 -1.00 -1.00 330 4569 -1.0000 -1.0000 -1.000000
749.00 C 20260804 -1.00 -1.00 242 12905 0.5196 0.9898 0.002636
750.00 C 20260804 -1.00 -1.00 807 5367 0.4537 0.9944 0.001761
751.00 C 20260804 -1.00 -1.00 1010 3578 0.4346 0.9942 0.001900
752.00 C 20260804 -1.00 -1.00 871 6247 0.4696 0.9874 0.003510
753.00 C 20260804 -1.00 -1.00 996 4558 0.3237 0.9990 0.000496
754.00 C 20260804 -1.00 -1.00 1360 5652 0.4313 0.9851 0.004387
755.00 C 20260804 -1.00 -1.00 4237 13846 0.4097 0.9844 0.004793
756.00 C 20260804 -1.00 -1.00 6471 13192 0.3105 0.9966 0.001671
757.00 C 20260804 -1.00 -1.00 6660 9808 0.2935 0.9964 0.001855
758.00 C 20260804 -1.00 -1.00 10355 15622 0.3401 0.9834 0.006087
759.00 C 20260804 -1.00 -1.00 14750 12807 0.0001 1.0000 -0.000000
760.00 C 20260804 -1.00 -1.00 40501 10578 0.2972 0.9813 0.007709
761.00 C 20260804 -1.00 -1.00 75225 8864 0.2658 0.9838 0.007617
762.00 C 20260804 -1.00 -1.00 183685 9043 0.2840 0.9662 0.013385
763.00 C 20260804 -1.00 -1.00 216690 6734 0.2569 0.9653 0.015109
764.00 C 20260804 -1.00 -1.00 300067 5167 0.2422 0.9550 0.019684
765.00 C 20260804 -1.00 -1.00 482106 9732 0.2251 0.9450 0.024958
766.00 C 20260804 -1.00 -1.00 392568 4519 0.2143 0.9266 0.033057
767.00 C 20260804 -1.00 -1.00 414092 7640 0.1855 0.9176 0.041453
768.00 C 20260804 -1.00 -1.00 462469 3262 0.1754 0.8809 0.057801
769.00 C 20260804 -1.00 -1.00 471615 4497 0.1676 0.8220 0.078681
770.00 C 20260804 -1.00 -1.00 553269 3908 0.1628 0.7396 0.101297
771.00 C 20260804 -1.00 -1.00 436523 878 0.1578 0.6349 0.122200
772.00 C 20260804 -1.00 -1.00 493044 363 0.1576 0.5088 0.130238
773.00 C 20260804 -1.00 -1.00 309551 3774 0.1570 0.3821 0.124028
774.00 C 20260804 -1.00 -1.00 213941 469 0.1591 0.2709 0.105632
775.00 C 20260804 -1.00 -1.00 142102 1875 0.1642 0.1853 0.082384
776.00 C 20260804 -1.00 -1.00 64584 2556 0.1732 0.1251 0.060745
777.00 C 20260804 -1.00 -1.00 40465 661 0.1790 0.0820 0.042838
778.00 C 20260804 -1.00 -1.00 28183 159 0.1902 0.0578 0.030795
779.00 C 20260804 -1.00 -1.00 16345 84 0.1997 0.0397 0.021615
780.00 C 20260804 -1.00 -1.00 15195 128 0.2102 0.0277 0.015342
781.00 C 20260804 -1.00 -1.00 7558 1 0.2213 0.0210 0.011413
782.00 C 20260804 -1.00 -1.00 7140 2 0.2324 0.0149 0.008146
783.00 C 20260804 -1.00 -1.00 10504 54 0.2353 0.0093 0.005319
784.00 C 20260804 -1.00 -1.00 4739 0 0.2535 0.0087 0.004633
785.00 C 20260804 -1.00 -1.00 5844 0 0.2717 0.0081 0.004077
786.00 C 20260804 -1.00 -1.00 2276 1007 0.2899 0.0076 0.003620
787.00 C 20260804 -1.00 -1.00 11 835 0.3081 0.0072 0.003241
788.00 C 20260804 -1.00 -1.00 72 201 0.3263 0.0069 0.002921
789.00 C 20260804 -1.00 -1.00 54 1706 0.3444 0.0065 0.002649
790.00 C 20260804 -1.00 -1.00 3 400 0.3625 0.0062 0.002416
791.00 C 20260804 -1.00 -1.00 15 0 0.3806 0.0060 0.002215
792.00 C 20260804 -1.00 -1.00 2 281 0.3986 0.0057 0.002040
793.00 C 20260804 -1.00 -1.00 25 25 0.4166 0.0055 0.001886
794.00 C 20260804 -1.00 -1.00 7 0 0.4346 0.0053 0.001750
795.00 C 20260804 -1.00 -1.00 20 22 0.4526 0.0051 0.001630
800.00 C 20260804 -1.00 -1.00 52 775 0.5422 0.0044 0.001191
805.00 C 20260804 -1.00 -1.00 11 960 0.6247 0.0038 0.000919
810.00 C 20260804 -1.00 -1.00 2 427 0.7033 0.0034 0.000733
815.00 C 20260804 -1.00 -1.00 1 915 0.7814 0.0031 0.000600
820.00 C 20260804 -1.00 -1.00 1681 1466 0.8591 0.0028 0.000502
825.00 C 20260804 -1.00 -1.00 13 1242 0.9362 0.0026 0.000427
830.00 C 20260804 -1.00 -1.00 -1 0 1.0129 0.0024 0.000369
835.00 C 20260804 -1.00 -1.00 293 293 1.0892 0.0023 0.000323
840.00 C 20260804 -1.00 -1.00 33 194 1.1649 0.0021 0.000285
845.00 C 20260804 -1.00 -1.00 45 45 1.2403 0.0020 0.000254
850.00 C 20260804 -1.00 -1.00 902 334 1.3151 0.0019 0.000228
855.00 C 20260804 -1.00 -1.00 57 57 1.3896 0.0018 0.000206
860.00 C 20260804 -1.00 -1.00 -1 0 1.4636 0.0017 0.000188
680.00 P 20260804 -1.00 -1.00 7297 8006 1.7179 -0.0015 0.000138
685.00 P 20260804 -1.00 -1.00 5 2999 1.6243 -0.0015 0.000152
690.00 P 20260804 -1.00 -1.00 838 1370 1.5313 -0.0016 0.000170
693.00 P 20260804 -1.00 -1.00 1 189 1.4758 -0.0017 0.000182
694.00 P 20260804 -1.00 -1.00 13 23 1.4574 -0.0017 0.000186
695.00 P 20260804 -1.00 -1.00 8 1392 1.4390 -0.0017 0.000190
696.00 P 20260804 -1.00 -1.00 81 105 1.4206 -0.0017 0.000195
697.00 P 20260804 -1.00 -1.00 2 222 1.4023 -0.0018 0.000200
698.00 P 20260804 -1.00 -1.00 4 211 1.3839 -0.0018 0.000204
699.00 P 20260804 -1.00 -1.00 285 321 1.3656 -0.0018 0.000210
700.00 P 20260804 -1.00 -1.00 777 797 1.3474 -0.0018 0.000215
701.00 P 20260804 -1.00 -1.00 64 1181 1.3291 -0.0019 0.000220
702.00 P 20260804 -1.00 -1.00 229 347 1.3109 -0.0019 0.000226
703.00 P 20260804 -1.00 -1.00 48 7820 1.2927 -0.0019 0.000232
704.00 P 20260804 -1.00 -1.00 12 8378 1.2745 -0.0019 0.000238
705.00 P 20260804 -1.00 -1.00 1570 2719 1.2564 -0.0020 0.000245
706.00 P 20260804 -1.00 -1.00 5 1065 1.2382 -0.0020 0.000251
707.00 P 20260804 -1.00 -1.00 223 1204 1.2201 -0.0020 0.000258
708.00 P 20260804 -1.00 -1.00 7 513 1.2021 -0.0020 0.000265
709.00 P 20260804 -1.00 -1.00 110 703 1.1840 -0.0021 0.000273
710.00 P 20260804 -1.00 -1.00 146 3898 1.1660 -0.0021 0.000281
711.00 P 20260804 -1.00 -1.00 6 3962 1.1480 -0.0021 0.000289
712.00 P 20260804 -1.00 -1.00 13 3886 1.1301 -0.0022 0.000298
713.00 P 20260804 -1.00 -1.00 7 3893 1.1121 -0.0022 0.000307
714.00 P 20260804 -1.00 -1.00 1333 12924 1.0942 -0.0022 0.000316
715.00 P 20260804 -1.00 -1.00 11 4760 1.0763 -0.0023 0.000326
716.00 P 20260804 -1.00 -1.00 4 2189 1.0585 -0.0023 0.000337
717.00 P 20260804 -1.00 -1.00 33 2981 1.0406 -0.0023 0.000348
718.00 P 20260804 -1.00 -1.00 3764 2684 1.0228 -0.0024 0.000359
719.00 P 20260804 -1.00 -1.00 10 1671 1.0050 -0.0024 0.000371
720.00 P 20260804 -1.00 -1.00 7 1458 0.9872 -0.0025 0.000384
721.00 P 20260804 -1.00 -1.00 68 10946 0.9695 -0.0025 0.000397
722.00 P 20260804 -1.00 -1.00 3 981 0.9518 -0.0025 0.000411
723.00 P 20260804 -1.00 -1.00 98 1304 0.9341 -0.0026 0.000426
724.00 P 20260804 -1.00 -1.00 46 3542 0.9164 -0.0026 0.000442
725.00 P 20260804 -1.00 -1.00 216 1049 0.8988 -0.0027 0.000458
726.00 P 20260804 -1.00 -1.00 6 6970 0.9386 -0.0042 0.000660
727.00 P 20260804 -1.00 -1.00 11 1073 0.9189 -0.0043 0.000685
728.00 P 20260804 -1.00 -1.00 766 1170 0.8992 -0.0043 0.000711
729.00 P 20260804 -1.00 -1.00 334 1208 0.8796 -0.0044 0.000739
730.00 P 20260804 -1.00 -1.00 5441 2139 0.8599 -0.0045 0.000769
731.00 P 20260804 -1.00 -1.00 4612 1399 0.7935 -0.0030 0.000580
732.00 P 20260804 -1.00 -1.00 2861 1036 0.7760 -0.0031 0.000605
733.00 P 20260804 -1.00 -1.00 1379 935 0.7585 -0.0032 0.000632
734.00 P 20260804 -1.00 -1.00 6007 2140 0.7411 -0.0032 0.000661
735.00 P 20260804 -1.00 -1.00 16929 2057 0.7237 -0.0033 0.000691
736.00 P 20260804 -1.00 -1.00 3483 1591 0.7063 -0.0034 0.000724
737.00 P 20260804 -1.00 -1.00 2605 3081 0.6890 -0.0035 0.000759
738.00 P 20260804 -1.00 -1.00 9943 2659 0.6717 -0.0036 0.000797
739.00 P 20260804 -1.00 -1.00 1088 1305 0.6544 -0.0036 0.000838
740.00 P 20260804 -1.00 -1.00 4698 4425 0.6371 -0.0037 0.000882
741.00 P 20260804 -1.00 -1.00 4562 2842 0.6198 -0.0038 0.000930
742.00 P 20260804 -1.00 -1.00 1618 2629 0.6026 -0.0039 0.000982
743.00 P 20260804 -1.00 -1.00 1425 2837 0.5836 -0.0041 0.001038
744.00 P 20260804 -1.00 -1.00 5291 5244 0.5644 -0.0042 0.001100
745.00 P 20260804 -1.00 -1.00 8998 8315 0.5451 -0.0043 0.001168
746.00 P 20260804 -1.00 -1.00 9394 6133 0.5259 -0.0044 0.001243
747.00 P 20260804 -1.00 -1.00 9145 4286 0.5068 -0.0046 0.001326
748.00 P 20260804 -1.00 -1.00 8288 5547 0.4876 -0.0048 0.001419
749.00 P 20260804 -1.00 -1.00 10994 5223 0.4685 -0.0049 0.001522
750.00 P 20260804 -1.00 -1.00 20364 17762 0.4494 -0.0051 0.001638
751.00 P 20260804 -1.00 -1.00 12983 7062 0.4537 -0.0081 0.002431
752.00 P 20260804 -1.00 -1.00 23036 7749 0.4347 -0.0084 0.002632
753.00 P 20260804 -1.00 -1.00 16280 7430 0.4156 -0.0088 0.002860
754.00 P 20260804 -1.00 -1.00 31482 9261 0.3966 -0.0092 0.003120
755.00 P 20260804 -1.00 -1.00 49345 15529 0.3777 -0.0096 0.003419
756.00 P 20260804 -1.00 -1.00 43362 13714 0.3587 -0.0101 0.003764
757.00 P 20260804 -1.00 -1.00 58217 11250 0.3550 -0.0138 0.004988
758.00 P 20260804 -1.00 -1.00 94106 10679 0.3335 -0.0145 0.005550
759.00 P 20260804 -1.00 -1.00 72257 3170 0.3120 -0.0154 0.006223
760.00 P 20260804 -1.00 -1.00 175445 2278 0.3006 -0.0199 0.008031
761.00 P 20260804 -1.00 -1.00 134568 473 0.2892 -0.0248 0.010111
762.00 P 20260804 -1.00 -1.00 175189 780 0.2678 -0.0266 0.011631
763.00 P 20260804 -1.00 -1.00 186126 286 0.2536 -0.0324 0.014528
764.00 P 20260804 -1.00 -1.00 202441 93 0.2390 -0.0427 0.019131
765.00 P 20260804 -1.00 -1.00 231478 132 0.2244 -0.0544 0.024847
766.00 P 20260804 -1.00 -1.00 175676 16 0.2095 -0.0678 0.032023
767.00 P 20260804 -1.00 -1.00 194960 79 0.1922 -0.0909 0.042957
768.00 P 20260804 -1.00 -1.00 194663 2 0.1836 -0.1283 0.058563
769.00 P 20260804 -1.00 -1.00 142371 1 0.1711 -0.1831 0.078501
770.00 P 20260804 -1.00 -1.00 152592 2 0.1640 -0.2622 0.100908
771.00 P 20260804 -1.00 -1.00 96697 0 0.1614 -0.3684 0.119772
772.00 P 20260804 -1.00 -1.00 60852 0 0.1592 -0.4916 0.129025
773.00 P 20260804 -1.00 -1.00 16759 0 0.1599 -0.6162 0.122075
774.00 P 20260804 -1.00 -1.00 6391 0 0.1623 -0.7255 0.104444
775.00 P 20260804 -1.00 -1.00 3736 0 0.1673 -0.8110 0.082275
776.00 P 20260804 -1.00 -1.00 1295 0 0.1761 -0.8723 0.061165
777.00 P 20260804 -1.00 -1.00 476 0 0.1847 -0.9113 0.044415
778.00 P 20260804 -1.00 -1.00 264 0 0.2059 -0.9299 0.033854
779.00 P 20260804 -1.00 -1.00 61 0 0.2238 -0.9418 0.026761
780.00 P 20260804 -1.00 -1.00 315 0 0.2330 -0.9575 0.019978
781.00 P 20260804 -1.00 -1.00 73 0 0.2546 -0.9627 0.016513
782.00 P 20260804 -1.00 -1.00 8 0 0.4520 -0.8671 0.024472
783.00 P 20260804 -1.00 -1.00 85 0 0.2902 -0.9726 0.011338
784.00 P 20260804 -1.00 -1.00 17 0 0.2911 -0.9812 0.008265
785.00 P 20260804 -1.00 -1.00 27 0 0.3016 -0.9860 0.006312
786.00 P 20260804 -1.00 -1.00 16 0 0.5952 -0.8788 0.017264
787.00 P 20260804 -1.00 -1.00 33 0 0.3344 -0.9893 0.004602
788.00 P 20260804 -1.00 -1.00 32 0 0.3786 -0.9835 0.005660
789.00 P 20260804 -1.00 -1.00 14 0 0.3890 -0.9872 0.004528
790.00 P 20260804 -1.00 -1.00 14 0 0.4095 -0.9877 0.004145
791.00 P 20260804 -1.00 -1.00 10 0 0.4299 -0.9882 0.003812
792.00 P 20260804 -1.00 -1.00 12 0 0.4247 -0.9915 0.002941
793.00 P 20260804 -1.00 -1.00 17 0 0.4018 -0.9969 0.001505
794.00 P 20260804 -1.00 -1.00 44 0 -1.0000 -1.0000 -1.000000
795.00 P 20260804 -1.00 -1.00 39 0 -1.0000 -1.0000 -1.000000
800.00 P 20260804 -1.00 -1.00 -1 0 -1.0000 -1.0000 -1.000000
805.00 P 20260804 -1.00 -1.00 1 0 -1.0000 -1.0000 -1.000000
810.00 P 20260804 -1.00 -1.00 1 0 -1.0000 -1.0000 -1.000000
815.00 P 20260804 -1.00 -1.00 -1 0 -1.0000 -1.0000 -1.000000
820.00 P 20260804 -1.00 -1.00 -1 0 -1.0000 -1.0000 -1.000000
825.00 P 20260804 -1.00 -1.00 -1 0 -1.0000 -1.0000 -1.000000
830.00 P 20260804 -1.00 -1.00 -1 0 1.3319 -0.9832 0.001583
835.00 P 20260804 -1.00 -1.00 -1 0 1.4291 -0.9842 0.001403
840.00 P 20260804 -1.00 -1.00 -1 0 1.5256 -0.9851 0.001255
845.00 P 20260804 -1.00 -1.00 -1 0 1.6216 -0.9858 0.001132
850.00 P 20260804 -1.00 -1.00 -1 0 1.7170 -0.9865 0.001029
855.00 P 20260804 -1.00 -1.00 -1 0 1.8118 -0.9871 0.000941
860.00 P 20260804 -1.00 -1.00 -1 0 1.7559 -0.9918 0.000645
680.00 C 20260805 -1.00 -1.00 6 1 -1.0000 -1.0000 -1.000000
685.00 C 20260805 -1.00 -1.00 1 1 -1.0000 -1.0000 -1.000000
690.00 C 20260805 -1.00 -1.00 5 5 0.0003 1.0000 -0.000000
695.00 C 20260805 -1.00 -1.00 -1 0 0.0003 1.0000 -0.000000
700.00 C 20260805 -1.00 -1.00 70 3 0.0003 1.0000 -0.000000
701.00 C 20260805 -1.00 -1.00 -1 0 0.0003 1.0000 -0.000000
702.00 C 20260805 -1.00 -1.00 1 1 0.0003 1.0000 -0.000000
703.00 C 20260805 -1.00 -1.00 -1 0 0.0003 1.0000 -0.000000
704.00 C 20260805 -1.00 -1.00 2 2 0.0003 1.0000 -0.000000
705.00 C 20260805 -1.00 -1.00 45 0 0.0003 1.0000 -0.000000
706.00 C 20260805 -1.00 -1.00 -1 0 0.0003 1.0000 -0.000000
707.00 C 20260805 -1.00 -1.00 7 1 0.0003 1.0000 0.000000
708.00 C 20260805 -1.00 -1.00 7 2 0.0003 1.0000 0.000000
709.00 C 20260805 -1.00 -1.00 12 1 -1.0000 -1.0000 -1.000000
710.00 C 20260805 -1.00 -1.00 192 4 0.0003 1.0000 0.000000
711.00 C 20260805 -1.00 -1.00 2 8 0.0003 1.0000 0.000000
712.00 C 20260805 -1.00 -1.00 1 1 0.0003 1.0000 0.000000
713.00 C 20260805 -1.00 -1.00 2 2 0.0003 1.0000 0.000000
714.00 C 20260805 -1.00 -1.00 1 1 0.0003 1.0000 0.000000
715.00 C 20260805 -1.00 -1.00 2 6 0.0003 1.0000 0.000000
716.00 C 20260805 -1.00 -1.00 47 1 0.0003 1.0000 0.000000
717.00 C 20260805 -1.00 -1.00 42 12 0.0003 1.0000 -0.000000
718.00 C 20260805 -1.00 -1.00 31 2 0.0003 1.0000 0.000000
719.00 C 20260805 -1.00 -1.00 39 41 0.0003 1.0000 0.000000
720.00 C 20260805 -1.00 -1.00 83 11 -1.0000 -1.0000 -1.000000
721.00 C 20260805 -1.00 -1.00 26 3 0.0003 1.0000 0.000000
722.00 C 20260805 -1.00 -1.00 26 1 0.0003 1.0000 0.000000
723.00 C 20260805 -1.00 -1.00 7 82 0.0003 1.0000 -0.000000
724.00 C 20260805 -1.00 -1.00 3 18 -1.0000 -1.0000 -1.000000
725.00 C 20260805 -1.00 -1.00 30 163 0.0003 1.0000 -0.000000
726.00 C 20260805 -1.00 -1.00 1 18 0.0003 1.0000 -0.000000
727.00 C 20260805 -1.00 -1.00 16 258 -1.0000 -1.0000 -1.000000
728.00 C 20260805 -1.00 -1.00 15 76 0.0003 1.0000 -0.000000
729.00 C 20260805 -1.00 -1.00 4 181 0.0003 1.0000 -0.000000
730.00 C 20260805 -1.00 -1.00 34 283 0.0003 1.0000 -0.000000
731.00 C 20260805 -1.00 -1.00 1 115 -1.0000 -1.0000 -1.000000
732.00 C 20260805 -1.00 -1.00 35 86 0.0003 1.0000 -0.000000
733.00 C 20260805 -1.00 -1.00 1 294 -1.0000 -1.0000 -1.000000
734.00 C 20260805 -1.00 -1.00 2 218 -1.0000 -1.0000 -1.000000
735.00 C 20260805 -1.00 -1.00 26 321 0.0003 1.0000 -0.000000
736.00 C 20260805 -1.00 -1.00 14 567 -1.0000 -1.0000 -1.000000
737.00 C 20260805 -1.00 -1.00 6 501 0.3959 0.9795 0.002759
738.00 C 20260805 -1.00 -1.00 20 1289 0.3771 0.9814 0.002664
739.00 C 20260805 -1.00 -1.00 55 661 -1.0000 -1.0000 -1.000000
740.00 C 20260805 -1.00 -1.00 31 2362 -1.0000 -1.0000 -1.000000
741.00 C 20260805 -1.00 -1.00 17 1796 0.4258 0.9531 0.005107
742.00 C 20260805 -1.00 -1.00 125 1349 0.0003 1.0000 -0.000000
743.00 C 20260805 -1.00 -1.00 26 1184 -1.0000 -1.0000 -1.000000
744.00 C 20260805 -1.00 -1.00 14 968 -1.0000 -1.0000 -1.000000
745.00 C 20260805 -1.00 -1.00 68 1973 -1.0000 -1.0000 -1.000000
746.00 C 20260805 -1.00 -1.00 106 1058 -1.0000 -1.0000 -1.000000
747.00 C 20260805 -1.00 -1.00 109 922 0.0003 1.0000 -0.000000
748.00 C 20260805 -1.00 -1.00 259 5296 -1.0000 -1.0000 -1.000000
749.00 C 20260805 -1.00 -1.00 180 8679 -1.0000 -1.0000 -1.000000
750.00 C 20260805 -1.00 -1.00 534 2257 -1.0000 -1.0000 -1.000000
751.00 C 20260805 -1.00 -1.00 192 1784 -1.0000 -1.0000 -1.000000
752.00 C 20260805 -1.00 -1.00 263 1934 0.2553 0.9643 0.006858
753.00 C 20260805 -1.00 -1.00 656 2030 0.2587 0.9532 0.008402
754.00 C 20260805 -1.00 -1.00 503 2173 -1.0000 -1.0000 -1.000000
755.00 C 20260805 -1.00 -1.00 608 4120 -1.0000 -1.0000 -1.000000
756.00 C 20260805 -1.00 -1.00 559 7241 -1.0000 -1.0000 -1.000000
757.00 C 20260805 -1.00 -1.00 2124 4716 0.0003 1.0000 -0.000000
758.00 C 20260805 -1.00 -1.00 2159 5599 0.0003 1.0000 -0.000000
759.00 C 20260805 -1.00 -1.00 1653 3328 0.1432 0.9809 0.007182
760.00 C 20260805 -1.00 -1.00 6069 5157 0.1496 0.9678 0.010791
761.00 C 20260805 -1.00 -1.00 8351 5359 0.1510 0.9513 0.014854
762.00 C 20260805 -1.00 -1.00 19389 4882 0.1574 0.9278 0.019610
763.00 C 20260805 -1.00 -1.00 29094 3981 0.1511 0.9125 0.023450
764.00 C 20260805 -1.00 -1.00 29928 5663 0.1678 0.8639 0.029376
765.00 C 20260805 -1.00 -1.00 48416 3661 0.1597 0.8414 0.033855
766.00 C 20260805 -1.00 -1.00 39857 1753 0.1572 0.8083 0.038875
767.00 C 20260805 -1.00 -1.00 44623 1580 0.1555 0.7726 0.044058
768.00 C 20260805 -1.00 -1.00 47783 2099 0.1506 0.7298 0.049152
769.00 C 20260805 -1.00 -1.00 41894 1587 0.1499 0.6797 0.053690
770.00 C 20260805 -1.00 -1.00 76177 2446 0.1482 0.6270 0.057632
771.00 C 20260805 -1.00 -1.00 49734 3020 0.1448 0.5693 0.060788
772.00 C 20260805 -1.00 -1.00 48092 1518 0.1456 0.5086 0.062328
773.00 C 20260805 -1.00 -1.00 49469 826 0.1420 0.4468 0.062362
774.00 C 20260805 -1.00 -1.00 30719 566 0.1418 0.3847 0.060784
775.00 C 20260805 -1.00 -1.00 52045 2886 0.1403 0.3257 0.057697
776.00 C 20260805 -1.00 -1.00 24434 773 0.1393 0.2692 0.053133
777.00 C 20260805 -1.00 -1.00 26860 398 0.1401 0.2196 0.047660
778.00 C 20260805 -1.00 -1.00 22922 1399 0.1391 0.1756 0.041474
779.00 C 20260805 -1.00 -1.00 20677 1865 0.1422 0.1395 0.035333
780.00 C 20260805 -1.00 -1.00 29914 2792 0.1420 0.1102 0.029611
781.00 C 20260805 -1.00 -1.00 8979 1103 0.1447 0.0870 0.024403
782.00 C 20260805 -1.00 -1.00 6550 1100 0.1494 0.0689 0.020077
783.00 C 20260805 -1.00 -1.00 7531 204 0.1515 0.0559 0.016589
784.00 C 20260805 -1.00 -1.00 3927 1 0.1557 0.0458 0.013691
785.00 C 20260805 -1.00 -1.00 4093 42 0.1620 0.0385 0.011491
786.00 C 20260805 -1.00 -1.00 1035 164 0.1684 0.0319 0.009577
787.00 C 20260805 -1.00 -1.00 560 7 0.1734 0.0280 0.008277
788.00 C 20260805 -1.00 -1.00 2577 201 0.1783 0.0243 0.007105
789.00 C 20260805 -1.00 -1.00 2102 234 0.1832 0.0208 0.006044
790.00 C 20260805 -1.00 -1.00 462 331 0.1923 0.0199 0.005547
791.00 C 20260805 -1.00 -1.00 80 1058 0.1972 0.0168 0.004684
792.00 C 20260805 -1.00 -1.00 1130 887 0.2063 0.0162 0.004334
793.00 C 20260805 -1.00 -1.00 1097 1876 0.2153 0.0156 0.004025
794.00 C 20260805 -1.00 -1.00 2147 1411 0.2201 0.0129 0.003374
795.00 C 20260805 -1.00 -1.00 168 0 0.2291 0.0124 0.003156
800.00 C 20260805 -1.00 -1.00 3068 1293 0.2588 0.0088 0.002021
805.00 C 20260805 -1.00 -1.00 948 1198 0.2883 0.0058 0.001264
810.00 C 20260805 -1.00 -1.00 1031 472 0.3100 0.0034 0.000734
815.00 C 20260805 -1.00 -1.00 315 436 0.3446 0.0031 0.000601
820.00 C 20260805 -1.00 -1.00 120 699 0.3789 0.0028 0.000503
825.00 C 20260805 -1.00 -1.00 -1 0 0.4130 0.0026 0.000428
830.00 C 20260805 -1.00 -1.00 -1 0 0.4469 0.0024 0.000369
835.00 C 20260805 -1.00 -1.00 344 344 0.4806 0.0023 0.000323
840.00 C 20260805 -1.00 -1.00 169 169 0.5140 0.0021 0.000285
845.00 C 20260805 -1.00 -1.00 380 380 0.5473 0.0020 0.000254
850.00 C 20260805 -1.00 -1.00 639 639 0.5804 0.0019 0.000228
855.00 C 20260805 -1.00 -1.00 1 0 0.6133 0.0018 0.000207
860.00 C 20260805 -1.00 -1.00 386 386 -1.0000 -1.0000 -1.000000
680.00 P 20260805 -1.00 -1.00 15 250 0.7587 -0.0015 0.000137
685.00 P 20260805 -1.00 -1.00 105 595 0.7173 -0.0015 0.000152
690.00 P 20260805 -1.00 -1.00 1410 562 0.6763 -0.0016 0.000170
695.00 P 20260805 -1.00 -1.00 5086 649 0.6356 -0.0017 0.000190
700.00 P 20260805 -1.00 -1.00 131 1641 0.5951 -0.0018 0.000215
701.00 P 20260805 -1.00 -1.00 15 196 0.5871 -0.0019 0.000220
702.00 P 20260805 -1.00 -1.00 54 746 0.5790 -0.0019 0.000226
703.00 P 20260805 -1.00 -1.00 53 422 0.5710 -0.0019 0.000232
704.00 P 20260805 -1.00 -1.00 15 2287 0.5630 -0.0019 0.000238
705.00 P 20260805 -1.00 -1.00 2 558 0.5550 -0.0020 0.000244
706.00 P 20260805 -1.00 -1.00 306 895 0.5470 -0.0020 0.000251
707.00 P 20260805 -1.00 -1.00 16 560 0.5390 -0.0020 0.000258
708.00 P 20260805 -1.00 -1.00 1 344 0.5310 -0.0020 0.000265
709.00 P 20260805 -1.00 -1.00 2 244 0.5231 -0.0021 0.000273
710.00 P 20260805 -1.00 -1.00 19 12324 0.5151 -0.0021 0.000281
711.00 P 20260805 -1.00 -1.00 2099 2384 0.5072 -0.0021 0.000289
712.00 P 20260805 -1.00 -1.00 27 1189 0.4992 -0.0022 0.000298
713.00 P 20260805 -1.00 -1.00 71 502 0.4913 -0.0022 0.000307
714.00 P 20260805 -1.00 -1.00 3 305 0.4834 -0.0022 0.000316
715.00 P 20260805 -1.00 -1.00 1519 1461 0.4755 -0.0023 0.000326
716.00 P 20260805 -1.00 -1.00 2536 525 0.4676 -0.0023 0.000336
717.00 P 20260805 -1.00 -1.00 1102 405 0.4598 -0.0023 0.000347
718.00 P 20260805 -1.00 -1.00 414 9424 0.4519 -0.0024 0.000359
719.00 P 20260805 -1.00 -1.00 602 522 0.4441 -0.0024 0.000371
720.00 P 20260805 -1.00 -1.00 9579 1742 0.4362 -0.0025 0.000383
721.00 P 20260805 -1.00 -1.00 3696 971 0.4284 -0.0025 0.000397
722.00 P 20260805 -1.00 -1.00 4995 463 0.4206 -0.0025 0.000411
723.00 P 20260805 -1.00 -1.00 1410 598 0.4408 -0.0040 0.000593
724.00 P 20260805 -1.00 -1.00 1234 594 0.4320 -0.0040 0.000614
725.00 P 20260805 -1.00 -1.00 983 5585 0.4233 -0.0041 0.000636
726.00 P 20260805 -1.00 -1.00 48 625 0.4146 -0.0042 0.000659
727.00 P 20260805 -1.00 -1.00 303 697 0.4059 -0.0042 0.000684
728.00 P 20260805 -1.00 -1.00 78 1230 0.3972 -0.0043 0.000710
729.00 P 20260805 -1.00 -1.00 143 616 0.3885 -0.0044 0.000738
730.00 P 20260805 -1.00 -1.00 945 4143 0.3799 -0.0045 0.000768
731.00 P 20260805 -1.00 -1.00 106 622 0.3712 -0.0046 0.000800
732.00 P 20260805 -1.00 -1.00 190 709 0.3626 -0.0047 0.000833
733.00 P 20260805 -1.00 -1.00 145 7425 0.3540 -0.0048 0.000869
734.00 P 20260805 -1.00 -1.00 607 602 0.3453 -0.0049 0.000908
735.00 P 20260805 -1.00 -1.00 454 3300 0.3367 -0.0050 0.000950
736.00 P 20260805 -1.00 -1.00 212 1756 0.3387 -0.0068 0.001228
737.00 P 20260805 -1.00 -1.00 321 1593 0.3301 -0.0069 0.001287
738.00 P 20260805 -1.00 -1.00 1011 1465 0.3215 -0.0071 0.001350
739.00 P 20260805 -1.00 -1.00 362 2454 0.3129 -0.0073 0.001419
740.00 P 20260805 -1.00 -1.00 2077 4889 0.3044 -0.0075 0.001493
741.00 P 20260805 -1.00 -1.00 613 1434 0.2959 -0.0077 0.001573
742.00 P 20260805 -1.00 -1.00 1517 1807 0.2873 -0.0079 0.001660
743.00 P 20260805 -1.00 -1.00 1534 862 0.2893 -0.0099 0.002034
744.00 P 20260805 -1.00 -1.00 3536 1976 0.2808 -0.0102 0.002152
745.00 P 20260805 -1.00 -1.00 3134 3711 0.2723 -0.0105 0.002279
746.00 P 20260805 -1.00 -1.00 1769 2829 0.2710 -0.0126 0.002693
747.00 P 20260805 -1.00 -1.00 2161 1836 0.2613 -0.0130 0.002863
748.00 P 20260805 -1.00 -1.00 1749 3228 0.2562 -0.0153 0.003336
749.00 P 20260805 -1.00 -1.00 2493 1570 0.2466 -0.0159 0.003564
750.00 P 20260805 -1.00 -1.00 10062 8263 0.2415 -0.0184 0.004119
751.00 P 20260805 -1.00 -1.00 5635 2668 0.2364 -0.0210 0.004718
752.00 P 20260805 -1.00 -1.00 11783 3716 0.2313 -0.0237 0.005367
753.00 P 20260805 -1.00 -1.00 5610 3337 0.2263 -0.0265 0.006069
754.00 P 20260805 -1.00 -1.00 7204 4865 0.2212 -0.0295 0.006831
755.00 P 20260805 -1.00 -1.00 16942 5535 0.2151 -0.0345 0.007925
756.00 P 20260805 -1.00 -1.00 13396 8304 0.2086 -0.0398 0.009141
757.00 P 20260805 -1.00 -1.00 12532 5056 0.2021 -0.0454 0.010500
758.00 P 20260805 -1.00 -1.00 20082 5164 0.1978 -0.0533 0.012233
759.00 P 20260805 -1.00 -1.00 18957 1902 0.1936 -0.0615 0.014109
760.00 P 20260805 -1.00 -1.00 40509 1827 0.1886 -0.0718 0.016321
761.00 P 20260805 -1.00 -1.00 22964 515 0.1822 -0.0845 0.018968
762.00 P 20260805 -1.00 -1.00 32831 606 0.1771 -0.0998 0.022071
763.00 P 20260805 -1.00 -1.00 28555 226 0.1746 -0.1190 0.025646
764.00 P 20260805 -1.00 -1.00 29920 60 0.1706 -0.1409 0.029517
765.00 P 20260805 -1.00 -1.00 47646 1197 0.1651 -0.1672 0.033888
766.00 P 20260805 -1.00 -1.00 23063 9 0.1626 -0.1994 0.038621
767.00 P 20260805 -1.00 -1.00 21135 5 0.1599 -0.2346 0.043482
768.00 P 20260805 -1.00 -1.00 21550 2 0.1560 -0.2777 0.048139
769.00 P 20260805 -1.00 -1.00 12180 0 0.1540 -0.3249 0.052721
770.00 P 20260805 -1.00 -1.00 20700 12 0.1514 -0.3763 0.056615
771.00 P 20260805 -1.00 -1.00 11905 0 0.1485 -0.4331 0.059441
772.00 P 20260805 -1.00 -1.00 8143 2 0.1493 -0.4925 0.060961
773.00 P 20260805 -1.00 -1.00 3811 0 0.1448 -0.5532 0.061376
774.00 P 20260805 -1.00 -1.00 1523 0 0.1451 -0.6139 0.059689
775.00 P 20260805 -1.00 -1.00 1228 0 0.1436 -0.6722 0.056914
776.00 P 20260805 -1.00 -1.00 381 0 0.1429 -0.7272 0.052542
777.00 P 20260805 -1.00 -1.00 263 0 0.1441 -0.7768 0.047438
778.00 P 20260805 -1.00 -1.00 34 1 0.1434 -0.8192 0.041634
779.00 P 20260805 -1.00 -1.00 77 0 0.1455 -0.8567 0.035797
780.00 P 20260805 -1.00 -1.00 441 0 0.1485 -0.8831 0.030522
781.00 P 20260805 -1.00 -1.00 529 0 0.1534 -0.9020 0.025971
782.00 P 20260805 -1.00 -1.00 2 1 0.1281 -0.9615 0.016539
783.00 P 20260805 -1.00 -1.00 6 0 0.1834 -0.9068 0.020844
784.00 P 20260805 -1.00 -1.00 -1 0 0.2014 -0.9049 0.019191
785.00 P 20260805 -1.00 -1.00 -1 0 0.2037 -0.9217 0.016612
786.00 P 20260805 -1.00 -1.00 -1 0 0.2036 -0.9376 0.014159
787.00 P 20260805 -1.00 -1.00 -1 0 0.2398 -0.9160 0.014709
788.00 P 20260805 -1.00 -1.00 4 0 0.1804 -0.9782 0.007617
789.00 P 20260805 -1.00 -1.00 -1 0 0.2626 -0.9244 0.012493
790.00 P 20260805 -1.00 -1.00 37 0 0.2912 -0.9123 0.012421
791.00 P 20260805 -1.00 -1.00 -1 0 0.2407 -0.9604 0.008408
792.00 P 20260805 -1.00 -1.00 2 0 0.2600 -0.9554 0.008440
793.00 P 20260805 -1.00 -1.00 -1 0 0.2693 -0.9577 0.007823
794.00 P 20260805 -1.00 -1.00 -1 0 0.2797 -0.9590 0.007336
795.00 P 20260805 -1.00 -1.00 -1 0 0.3248 -0.9405 0.008381
800.00 P 20260805 -1.00 -1.00 2 0 0.3373 -0.9681 0.005042
805.00 P 20260805 -1.00 -1.00 -1 0 0.3847 -0.9716 0.004005
810.00 P 20260805 -1.00 -1.00 -1 0 0.4268 -0.9749 0.003244
815.00 P 20260805 -1.00 -1.00 1 0 -1.0000 -1.0000 -1.000000
820.00 P 20260805 -1.00 -1.00 2 0 0.5383 -0.9740 0.002615
825.00 P 20260805 -1.00 -1.00 -1 0 0.5448 -0.9830 0.001836
830.00 P 20260805 -1.00 -1.00 -1 0 0.5902 -0.9836 0.001634
835.00 P 20260805 -1.00 -1.00 -1 0 -1.0000 -1.0000 -1.000000
840.00 P 20260805 -1.00 -1.00 -1 0 0.6590 -0.9883 0.001134
845.00 P 20260805 -1.00 -1.00 -1 0 -1.0000 -1.0000 -1.000000
850.00 P 20260805 -1.00 -1.00 -1 0 0.7862 -0.9829 0.001252
855.00 P 20260805 -1.00 -1.00 -1 0 0.8259 -0.9839 0.001131
860.00 P 20260805 -1.00 -1.00 -1 0 -1.0000 -1.0000 -1.000000
680.00 C 20260806 -1.00 -1.00 1 1 0.0004 0.9999 -0.000000
685.00 C 20260806 -1.00 -1.00 1 1 0.0004 0.9999 -0.000000
690.00 C 20260806 -1.00 -1.00 14 14 0.0004 0.9999 -0.000000
695.00 C 20260806 -1.00 -1.00 -1 0 -1.0000 -1.0000 -1.000000
700.00 C 20260806 -1.00 -1.00 2 1 0.0004 0.9999 -0.000000
701.00 C 20260806 -1.00 -1.00 -1 0 0.0004 0.9999 0.000000
702.00 C 20260806 -1.00 -1.00 -1 0 0.0004 0.9999 -0.000000
703.00 C 20260806 -1.00 -1.00 -1 0 0.0004 0.9999 -0.000000
704.00 C 20260806 -1.00 -1.00 -1 0 0.0004 0.9999 0.000000
705.00 C 20260806 -1.00 -1.00 -1 0 0.0004 0.9999 0.000000
706.00 C 20260806 -1.00 -1.00 -1 0 0.0004 0.9999 0.000000
707.00 C 20260806 -1.00 -1.00 -1 0 0.0004 0.9999 -0.000000
708.00 C 20260806 -1.00 -1.00 1 0 0.0004 0.9999 0.000000
709.00 C 20260806 -1.00 -1.00 -1 0 0.0004 0.9999 0.000000
710.00 C 20260806 -1.00 -1.00 14 15 0.0004 0.9999 0.000000
711.00 C 20260806 -1.00 -1.00 -1 0 -1.0000 -1.0000 -1.000000
712.00 C 20260806 -1.00 -1.00 1 1 0.0004 0.9999 0.000000
713.00 C 20260806 -1.00 -1.00 4 4 -1.0000 -1.0000 -1.000000
714.00 C 20260806 -1.00 -1.00 -1 0 0.0004 0.9999 0.000000
715.00 C 20260806 -1.00 -1.00 1 8 0.0004 0.9999 0.000000
716.00 C 20260806 -1.00 -1.00 1 1 0.0004 0.9999 0.000000
717.00 C 20260806 -1.00 -1.00 6 1 0.0004 0.9999 0.000000
718.00 C 20260806 -1.00 -1.00 2 13 0.0004 0.9999 0.000000
719.00 C 20260806 -1.00 -1.00 20 10 0.0004 0.9999 0.000000
720.00 C 20260806 -1.00 -1.00 7 5 0.0004 0.9999 0.000000
721.00 C 20260806 -1.00 -1.00 1 2 0.0004 0.9999 0.000000
722.00 C 20260806 -1.00 -1.00 1 4 0.0004 0.9999 0.000000
723.00 C 20260806 -1.00 -1.00 12 58 0.0004 0.9999 0.000000
724.00 C 20260806 -1.00 -1.00 16 32 0.0004 0.9999 0.000000
725.00 C 20260806 -1.00 -1.00 3 30 0.0004 0.9999 0.000000
726.00 C 20260806 -1.00 -1.00 28 12 0.0004 0.9999 0.000000
727.00 C 20260806 -1.00 -1.00 4 20 0.0004 0.9999 0.000000
728.00 C 20260806 -1.00 -1.00 1 35 0.0004 0.9999 0.000000
729.00 C 20260806 -1.00 -1.00 2 123 0.0004 0.9999 0.000000
730.00 C 20260806 -1.00 -1.00 1 302 0.2296 0.9993 0.000160
731.00 C 20260806 -1.00 -1.00 1 78 0.0004 0.9999 0.000000
732.00 C 20260806 -1.00 -1.00 9 1214 0.0004 0.9999 0.000000
733.00 C 20260806 -1.00 -1.00 11 77 0.0004 0.9999 0.000000
734.00 C 20260806 -1.00 -1.00 1 229 0.0004 0.9999 0.000000
735.00 C 20260806 -1.00 -1.00 61 219 0.3212 0.9768 0.002823
736.00 C 20260806 -1.00 -1.00 160 422 0.2393 0.9959 0.000820
737.00 C 20260806 -1.00 -1.00 9 295 0.2327 0.9959 0.000853
738.00 C 20260806 -1.00 -1.00 3 729 0.0004 0.9999 0.000000
739.00 C 20260806 -1.00 -1.00 9 1251 0.2110 0.9968 0.000752
740.00 C 20260806 -1.00 -1.00 3 3216 0.2328 0.9912 0.001675
741.00 C 20260806 -1.00 -1.00 3 2061 0.2342 0.9894 0.001984
742.00 C 20260806 -1.00 -1.00 11 919 0.2778 0.9702 0.004083
743.00 C 20260806 -1.00 -1.00 6 474 0.0004 0.9999 0.000000
744.00 C 20260806 -1.00 -1.00 37 758 -1.0000 -1.0000 -1.000000
745.00 C 20260806 -1.00 -1.00 52 1708 0.2180 0.9833 0.003120
746.00 C 20260806 -1.00 -1.00 7 2217 0.2403 0.9700 0.004735
747.00 C 20260806 -1.00 -1.00 59 1115 0.2521 0.9549 0.006215
748.00 C 20260806 -1.00 -1.00 85 1303 0.2114 0.9746 0.004650
749.00 C 20260806 -1.00 -1.00 49 797 -1.0000 -1.0000 -1.000000
750.00 C 20260806 -1.00 -1.00 569 12477 0.1785 0.9825 0.003967
751.00 C 20260806 -1.00 -1.00 44 1559 0.0004 0.9999 0.000000
752.00 C 20260806 -1.00 -1.00 149 3769 0.1966 0.9587 0.007423
753.00 C 20260806 -1.00 -1.00 53 1316 0.1721 0.9717 0.006282
754.00 C 20260806 -1.00 -1.00 144 4565 0.2067 0.9341 0.010438
755.00 C 20260806 -1.00 -1.00 221 6773 0.1636 0.9621 0.008331
756.00 C 20260806 -1.00 -1.00 967 2115 0.1440 0.9723 0.007385
757.00 C 20260806 -1.00 -1.00 538 1382 0.1439 0.9625 0.009384
758.00 C 20260806 -1.00 -1.00 1399 1890 -1.0000 -1.0000 -1.000000
759.00 C 20260806 -1.00 -1.00 952 1069 0.0788 0.9977 0.001448
760.00 C 20260806 -1.00 -1.00 1759 2132 0.1617 0.8965 0.018491
761.00 C 20260806 -1.00 -1.00 1551 1159 0.1359 0.9161 0.018815
762.00 C 20260806 -1.00 -1.00 4285 2034 0.1375 0.8925 0.022413
763.00 C 20260806 -1.00 -1.00 3276 1257 0.1384 0.8694 0.025849
764.00 C 20260806 -1.00 -1.00 5042 1215 0.1369 0.8408 0.029457
765.00 C 20260806 -1.00 -1.00 6874 940 0.1319 0.8176 0.033372
766.00 C 20260806 -1.00 -1.00 6716 1122 0.1340 0.7818 0.037138
767.00 C 20260806 -1.00 -1.00 4917 878 0.1329 0.7426 0.040531
768.00 C 20260806 -1.00 -1.00 6875 503 0.1322 0.7007 0.043814
769.00 C 20260806 -1.00 -1.00 8067 423 0.1387 0.6513 0.045196
770.00 C 20260806 -1.00 -1.00 15235 1784 0.1349 0.6070 0.047585
771.00 C 20260806 -1.00 -1.00 6595 837 0.1331 0.5594 0.049482
772.00 C 20260806 -1.00 -1.00 6806 338 0.1335 0.5103 0.050581
773.00 C 20260806 -1.00 -1.00 5899 41 0.1318 0.4607 0.050307
774.00 C 20260806 -1.00 -1.00 7043 173 0.1313 0.4107 0.049457
775.00 C 20260806 -1.00 -1.00 20213 781 0.1329 0.3626 0.047808
776.00 C 20260806 -1.00 -1.00 3206 349 0.1308 0.3167 0.045400
777.00 C 20260806 -1.00 -1.00 3738 578 0.1311 0.2732 0.042310
778.00 C 20260806 -1.00 -1.00 4481 136 0.1333 0.2339 0.038899
779.00 C 20260806 -1.00 -1.00 5851 2640 0.1326 0.1996 0.035150
780.00 C 20260806 -1.00 -1.00 12208 189 0.1334 0.1679 0.031308
781.00 C 20260806 -1.00 -1.00 897 563 0.1367 0.1419 0.027652
782.00 C 20260806 -1.00 -1.00 1118 1601 0.1375 0.1200 0.024279
783.00 C 20260806 -1.00 -1.00 798 1370 0.1386 0.1004 0.021045
784.00 C 20260806 -1.00 -1.00 1255 1959 0.1420 0.0851 0.018235
785.00 C 20260806 -1.00 -1.00 935 1577 0.1463 0.0722 0.015805
786.00 C 20260806 -1.00 -1.00 892 658 0.1485 0.0623 0.013782
787.00 C 20260806 -1.00 -1.00 1638 406 0.1517 0.0544 0.012047
788.00 C 20260806 -1.00 -1.00 652 267 0.1548 0.0468 0.010441
789.00 C 20260806 -1.00 -1.00 916 918 0.1595 0.0414 0.009180
790.00 C 20260806 -1.00 -1.00 399 777 0.1642 0.0362 0.008044
791.00 C 20260806 -1.00 -1.00 318 604 0.1705 0.0331 0.007244
792.00 C 20260806 -1.00 -1.00 178 128 0.1750 0.0302 0.006529
793.00 C 20260806 -1.00 -1.00 23 680 0.1787 0.0274 0.005868
794.00 C 20260806 -1.00 -1.00 63 377 0.1823 0.0248 0.005254
795.00 C 20260806 -1.00 -1.00 94 571 0.1859 0.0222 0.004684
800.00 C 20260806 -1.00 -1.00 865 252 0.2132 0.0159 0.003084
805.00 C 20260806 -1.00 -1.00 4 420 0.2360 0.0111 0.002042
810.00 C 20260806 -1.00 -1.00 567 1086 0.2579 0.0084 0.001460
815.00 C 20260806 -1.00 -1.00 167 1057 0.2796 0.0062 0.001028
820.00 C 20260806 -1.00 -1.00 1051 283 0.3083 0.0057 0.000865
825.00 C 20260806 -1.00 -1.00 12 848 0.3268 0.0040 0.000601
830.00 C 20260806 -1.00 -1.00 55 487 0.3324 0.0024 0.000370
835.00 C 20260806 -1.00 -1.00 194 479 0.3574 0.0023 0.000323
840.00 C 20260806 -1.00 -1.00 -1 0 0.3824 0.0021 0.000285
845.00 C 20260806 -1.00 -1.00 -1 0 0.4072 0.0020 0.000254
850.00 C 20260806 -1.00 -1.00 -1 0 -1.0000 -1.0000 -1.000000
855.00 C 20260806 -1.00 -1.00 -1 0 -1.0000 -1.0000 -1.000000
860.00 C 20260806 -1.00 -1.00 -1 0 -1.0000 -1.0000 -1.000000
680.00 P 20260806 -1.00 -1.00 124 628 0.5649 -0.0015 0.000137
685.00 P 20260806 -1.00 -1.00 18 1288 0.5341 -0.0015 0.000152
690.00 P 20260806 -1.00 -1.00 552 1684 0.5036 -0.0016 0.000170
695.00 P 20260806 -1.00 -1.00 117 609 0.4954 -0.0027 0.000271
700.00 P 20260806 -1.00 -1.00 249 439 0.4653 -0.0028 0.000305
701.00 P 20260806 -1.00 -1.00 4 531 0.4592 -0.0029 0.000313
702.00 P 20260806 -1.00 -1.00 3 203 0.4533 -0.0029 0.000321
703.00 P 20260806 -1.00 -1.00 19 511 0.4473 -0.0029 0.000329
704.00 P 20260806 -1.00 -1.00 40 259 0.4413 -0.0030 0.000338
705.00 P 20260806 -1.00 -1.00 231 670 0.4353 -0.0030 0.000347
706.00 P 20260806 -1.00 -1.00 2 208 0.4294 -0.0031 0.000356
707.00 P 20260806 -1.00 -1.00 29 402 0.4234 -0.0031 0.000366
708.00 P 20260806 -1.00 -1.00 1 1397 0.4175 -0.0031 0.000376
709.00 P 20260806 -1.00 -1.00 2 5467 0.4282 -0.0042 0.000477
710.00 P 20260806 -1.00 -1.00 104 1745 0.4216 -0.0042 0.000490
711.00 P 20260806 -1.00 -1.00 6 2258 0.4149 -0.0043 0.000504
712.00 P 20260806 -1.00 -1.00 31 1214 0.4083 -0.0044 0.000518
713.00 P 20260806 -1.00 -1.00 2 1180 0.4017 -0.0044 0.000533
714.00 P 20260806 -1.00 -1.00 8 1458 0.3951 -0.0045 0.000549
715.00 P 20260806 -1.00 -1.00 461 1009 0.3885 -0.0046 0.000565
716.00 P 20260806 -1.00 -1.00 70 1178 0.3820 -0.0046 0.000582
717.00 P 20260806 -1.00 -1.00 15 1815 0.3754 -0.0047 0.000600
718.00 P 20260806 -1.00 -1.00 22 2262 0.3688 -0.0048 0.000619
719.00 P 20260806 -1.00 -1.00 14 429 0.3623 -0.0049 0.000639
720.00 P 20260806 -1.00 -1.00 290 1251 0.3557 -0.0049 0.000660
721.00 P 20260806 -1.00 -1.00 19 360 0.3492 -0.0050 0.000682
722.00 P 20260806 -1.00 -1.00 118 1790 0.3506 -0.0063 0.000827
723.00 P 20260806 -1.00 -1.00 22 470 0.3441 -0.0064 0.000855
724.00 P 20260806 -1.00 -1.00 57 729 0.3376 -0.0065 0.000886
725.00 P 20260806 -1.00 -1.00 171 7620 0.3311 -0.0066 0.000918
726.00 P 20260806 -1.00 -1.00 121 479 0.3246 -0.0067 0.000951
727.00 P 20260806 -1.00 -1.00 108 873 0.3181 -0.0069 0.000987
728.00 P 20260806 -1.00 -1.00 317 985 0.3195 -0.0082 0.001158
729.00 P 20260806 -1.00 -1.00 116 623 0.3131 -0.0084 0.001203
730.00 P 20260806 -1.00 -1.00 233 1321 0.3066 -0.0086 0.001251
731.00 P 20260806 -1.00 -1.00 8 710 0.3002 -0.0088 0.001301
732.00 P 20260806 -1.00 -1.00 42 641 0.2937 -0.0089 0.001355
733.00 P 20260806 -1.00 -1.00 43 391 0.2952 -0.0104 0.001553
734.00 P 20260806 -1.00 -1.00 32 566 0.2888 -0.0106 0.001619
735.00 P 20260806 -1.00 -1.00 283 2275 0.2824 -0.0109 0.001689
736.00 P 20260806 -1.00 -1.00 165 1044 0.2807 -0.0124 0.001903
737.00 P 20260806 -1.00 -1.00 563 2749 0.2735 -0.0127 0.001989
738.00 P 20260806 -1.00 -1.00 440 3383 0.2662 -0.0130 0.002082
739.00 P 20260806 -1.00 -1.00 633 995 0.2623 -0.0146 0.002333
740.00 P 20260806 -1.00 -1.00 881 1930 0.2551 -0.0150 0.002449
741.00 P 20260806 -1.00 -1.00 184 1350 0.2513 -0.0168 0.002731
742.00 P 20260806 -1.00 -1.00 614 1925 0.2441 -0.0172 0.002874
743.00 P 20260806 -1.00 -1.00 295 1361 0.2402 -0.0191 0.003193
744.00 P 20260806 -1.00 -1.00 433 1783 0.2347 -0.0204 0.003452
745.00 P 20260806 -1.00 -1.00 713 2852 0.2292 -0.0217 0.003732
746.00 P 20260806 -1.00 -1.00 416 689 0.2254 -0.0238 0.004116
747.00 P 20260806 -1.00 -1.00 544 907 0.2216 -0.0259 0.004525
748.00 P 20260806 -1.00 -1.00 1510 2285 0.2178 -0.0282 0.004959
749.00 P 20260806 -1.00 -1.00 1819 746 0.2129 -0.0305 0.005425
750.00 P 20260806 -1.00 -1.00 3200 2085 0.2071 -0.0337 0.006010
751.00 P 20260806 -1.00 -1.00 1419 915 0.2014 -0.0370 0.006652
752.00 P 20260806 -1.00 -1.00 1481 2131 0.1966 -0.0413 0.007433
753.00 P 20260806 -1.00 -1.00 9860 4626 0.1917 -0.0458 0.008284
754.00 P 20260806 -1.00 -1.00 5715 2365 0.1869 -0.0505 0.009215
755.00 P 20260806 -1.00 -1.00 6314 1829 0.1838 -0.0568 0.010358
756.00 P 20260806 -1.00 -1.00 2757 693 0.1806 -0.0634 0.011576
757.00 P 20260806 -1.00 -1.00 4354 1015 0.1760 -0.0717 0.012998
758.00 P 20260806 -1.00 -1.00 2077 920 0.1708 -0.0811 0.014621
759.00 P 20260806 -1.00 -1.00 2168 1232 0.1666 -0.0925 0.016503
760.00 P 20260806 -1.00 -1.00 10671 410 0.1633 -0.1057 0.018626
761.00 P 20260806 -1.00 -1.00 6027 106 0.1610 -0.1206 0.020950
762.00 P 20260806 -1.00 -1.00 3789 117 0.1575 -0.1378 0.023468
763.00 P 20260806 -1.00 -1.00 5262 217 0.1532 -0.1582 0.026268
764.00 P 20260806 -1.00 -1.00 7205 74 0.1504 -0.1824 0.029314
765.00 P 20260806 -1.00 -1.00 9696 140 0.1492 -0.2096 0.032466
766.00 P 20260806 -1.00 -1.00 4765 167 0.1464 -0.2393 0.035650
767.00 P 20260806 -1.00 -1.00 7563 42 0.1430 -0.2735 0.038813
768.00 P 20260806 -1.00 -1.00 8287 9 0.1416 -0.3118 0.041825
769.00 P 20260806 -1.00 -1.00 5508 8 0.1405 -0.3516 0.044808
770.00 P 20260806 -1.00 -1.00 5986 3 0.1376 -0.3960 0.046880
771.00 P 20260806 -1.00 -1.00 4640 1 0.1366 -0.4431 0.048441
772.00 P 20260806 -1.00 -1.00 3408 1 0.1376 -0.4913 0.049325
773.00 P 20260806 -1.00 -1.00 3164 1 0.1360 -0.5396 0.049022
774.00 P 20260806 -1.00 -1.00 2268 0 0.1352 -0.5884 0.048339
775.00 P 20260806 -1.00 -1.00 792 0 0.1368 -0.6357 0.046848
776.00 P 20260806 -1.00 -1.00 433 1 0.1350 -0.6804 0.044638
777.00 P 20260806 -1.00 -1.00 275 1 0.1357 -0.7222 0.041688
778.00 P 20260806 -1.00 -1.00 102 0 0.1432 -0.7517 0.037667
779.00 P 20260806 -1.00 -1.00 256 0 0.1375 -0.7954 0.035157
780.00 P 20260806 -1.00 -1.00 817 0 0.1407 -0.8219 0.031521
781.00 P 20260806 -1.00 -1.00 24 0 0.1259 -0.8813 0.027682
782.00 P 20260806 -1.00 -1.00 39 0 0.1556 -0.8549 0.025270
783.00 P 20260806 -1.00 -1.00 26 0 0.1773 -0.8445 0.022965
784.00 P 20260806 -1.00 -1.00 24 0 0.1626 -0.8871 0.020384
785.00 P 20260806 -1.00 -1.00 20 0 0.1709 -0.8936 0.018545
786.00 P 20260806 -1.00 -1.00 10 0 0.1801 -0.8983 0.017007
787.00 P 20260806 -1.00 -1.00 4 0 0.2024 -0.8871 0.016233
788.00 P 20260806 -1.00 -1.00 22 0 0.2097 -0.8933 0.015014
789.00 P 20260806 -1.00 -1.00 17 0 0.1954 -0.9255 0.012687
790.00 P 20260806 -1.00 -1.00 32 0 0.2471 -0.8824 0.013616
791.00 P 20260806 -1.00 -1.00 18 0 0.2194 -0.9237 0.011415
792.00 P 20260806 -1.00 -1.00 17 0 0.2012 -0.9500 0.009228
793.00 P 20260806 -1.00 -1.00 13 0 0.2410 -0.9247 0.010255
794.00 P 20260806 -1.00 -1.00 15 0 0.2436 -0.9333 0.009356
795.00 P 20260806 -1.00 -1.00 81 0 0.2505 -0.9357 0.008823
800.00 P 20260806 -1.00 -1.00 14 1 0.2688 -0.9564 0.006100
805.00 P 20260806 -1.00 -1.00 18 0 0.2969 -0.9677 0.004444
810.00 P 20260806 -1.00 -1.00 8 0 0.3339 -0.9708 0.003642
815.00 P 20260806 -1.00 -1.00 6 0 0.3634 -0.9742 0.003011
820.00 P 20260806 -1.00 -1.00 138 0 0.4090 -0.9727 0.002771
825.00 P 20260806 -1.00 -1.00 8 0 0.4029 -0.9848 0.001825
830.00 P 20260806 -1.00 -1.00 2 0 0.4703 -0.9768 0.002088
835.00 P 20260806 -1.00 -1.00 2 0 0.4790 -0.9836 0.001585
840.00 P 20260806 -1.00 -1.00 6 0 0.5468 -0.9767 0.001786
845.00 P 20260806 -1.00 -1.00 2 0 0.5260 -0.9890 0.001082
850.00 P 20260806 -1.00 -1.00 8 0 0.5786 -0.9850 0.001210
855.00 P 20260806 -1.00 -1.00 10 0 0.5891 -0.9892 0.000937
860.00 P 20260806 -1.00 -1.00 4 0 0.6354 -0.9872 0.000972
680.00 C 20260807 -1.00 -1.00 10 62 0.5324 0.9957 0.000323
685.00 C 20260807 -1.00 -1.00 3 33 0.5060 0.9952 0.000370
686.00 C 20260807 -1.00 -1.00 5 4 0.5034 0.9948 0.000396
687.00 C 20260807 -1.00 -1.00 5 1 0.4975 0.9948 0.000403
688.00 C 20260807 -1.00 -1.00 9 0 0.4915 0.9948 0.000410
689.00 C 20260807 -1.00 -1.00 9 3 0.0005 0.9999 -0.000000
690.00 C 20260807 -1.00 -1.00 33 48 0.4831 0.9944 0.000447
691.00 C 20260807 -1.00 -1.00 1 5 0.4772 0.9943 0.000455
692.00 C 20260807 -1.00 -1.00 1 1 0.4746 0.9939 0.000486
693.00 C 20260807 -1.00 -1.00 1 5 0.4688 0.9939 0.000495
694.00 C 20260807 -1.00 -1.00 2 9 0.4629 0.9938 0.000505
695.00 C 20260807 -1.00 -1.00 2 270 0.4436 0.9953 0.000414
696.00 C 20260807 -1.00 -1.00 2 2 0.4545 0.9934 0.000548
697.00 C 20260807 -1.00 -1.00 2 2 0.3987 0.9974 0.000269
698.00 C 20260807 -1.00 -1.00 1 1 0.4461 0.9929 0.000595
699.00 C 20260807 -1.00 -1.00 6 7 0.4403 0.9929 0.000607
700.00 C 20260807 -1.00 -1.00 6 166 0.4445 0.9917 0.000691
701.00 C 20260807 -1.00 -1.00 1 6 0.4320 0.9924 0.000659
702.00 C 20260807 -1.00 -1.00 10 14 0.0005 0.9999 -0.000000
703.00 C 20260807 -1.00 -1.00 2 1 0.4237 0.9918 0.000713
704.00 C 20260807 -1.00 -1.00 6 3 0.4179 0.9918 0.000730
705.00 C 20260807 -1.00 -1.00 13 117 0.4221 0.9905 0.000820
706.00 C 20260807 -1.00 -1.00 5 14 0.4097 0.9912 0.000790
707.00 C 20260807 -1.00 -1.00 2 2 0.4039 0.9911 0.000809
708.00 C 20260807 -1.00 -1.00 6 26 0.4015 0.9906 0.000855
709.00 C 20260807 -1.00 -1.00 56 36 0.0005 0.9999 -0.000000
710.00 C 20260807 -1.00 -1.00 2 241 0.3999 0.9893 0.000975
711.00 C 20260807 -1.00 -1.00 10 28 0.3875 0.9899 0.000947
712.00 C 20260807 -1.00 -1.00 1 38 0.3851 0.9894 0.000999
713.00 C 20260807 -1.00 -1.00 1 14 0.3329 0.9957 0.000512
714.00 C 20260807 -1.00 -1.00 1 12 0.3770 0.9888 0.001079
715.00 C 20260807 -1.00 -1.00 2 694 0.3744 0.9878 0.001161
716.00 C 20260807 -1.00 -1.00 1 14 0.3666 0.9881 0.001165
717.00 C 20260807 -1.00 -1.00 3 214 0.3466 0.9901 0.001044
718.00 C 20260807 -1.00 -1.00 3 44 0.3555 0.9874 0.001260
719.00 C 20260807 -1.00 -1.00 7 68 0.3121 0.9933 0.000808
720.00 C 20260807 -1.00 -1.00 13 1316 0.4349 0.9590 0.002775
721.00 C 20260807 -1.00 -1.00 1 52 0.3394 0.9860 0.001437
722.00 C 20260807 -1.00 -1.00 5 119 0.3374 0.9845 0.001574
723.00 C 20260807 -1.00 -1.00 10 54 0.3283 0.9851 0.001560
724.00 C 20260807 -1.00 -1.00 7 35 0.3235 0.9845 0.001643
725.00 C 20260807 -1.00 -1.00 30 738 -1.0000 -1.0000 -1.000000
726.00 C 20260807 -1.00 -1.00 80 249 -1.0000 -1.0000 -1.000000
727.00 C 20260807 -1.00 -1.00 2 149 0.3119 0.9814 0.001985
728.00 C 20260807 -1.00 -1.00 2 178 0.3057 0.9811 0.002054
729.00 C 20260807 -1.00 -1.00 10 277 0.3065 0.9785 0.002293
730.00 C 20260807 -1.00 -1.00 13 2178 0.3704 0.9491 0.003888
731.00 C 20260807 -1.00 -1.00 6 551 0.2829 0.9816 0.002172
732.00 C 20260807 -1.00 -1.00 8 742 0.2866 0.9779 0.002522
733.00 C 20260807 -1.00 -1.00 5 228 0.3260 0.9573 0.003821
734.00 C 20260807 -1.00 -1.00 21 2261 -1.0000 -1.0000 -1.000000
735.00 C 20260807 -1.00 -1.00 106 2633 0.3091 0.9572 0.004041
736.00 C 20260807 -1.00 -1.00 5 598 0.2605 0.9766 0.002911
737.00 C 20260807 -1.00 -1.00 16 609 -1.0000 -1.0000 -1.000000
738.00 C 20260807 -1.00 -1.00 27 936 0.2706 0.9650 0.003929
739.00 C 20260807 -1.00 -1.00 33 1278 0.2643 0.9638 0.004131
740.00 C 20260807 -1.00 -1.00 719 8095 0.2459 0.9708 0.003764
741.00 C 20260807 -1.00 -1.00 25 774 0.2524 0.9608 0.004613
742.00 C 20260807 -1.00 -1.00 118 2250 0.0005 0.9999 0.000000
743.00 C 20260807 -1.00 -1.00 99 1627 0.2080 0.9770 0.003588
744.00 C 20260807 -1.00 -1.00 141 1479 0.2285 0.9601 0.005167
745.00 C 20260807 -1.00 -1.00 581 8641 0.2215 0.9590 0.005440
746.00 C 20260807 -1.00 -1.00 216 2523 0.1575 0.9911 0.002086
747.00 C 20260807 -1.00 -1.00 247 9371 0.2133 0.9524 0.006386
748.00 C 20260807 -1.00 -1.00 318 4110 0.2588 0.9066 0.008884
749.00 C 20260807 -1.00 -1.00 522 1391 0.2086 0.9427 0.007636
750.00 C 20260807 -1.00 -1.00 2705 12571 0.2024 0.9404 0.008133
751.00 C 20260807 -1.00 -1.00 605 2455 0.1913 0.9418 0.008432
752.00 C 20260807 -1.00 -1.00 540 8593 0.1953 0.9293 0.009633
753.00 C 20260807 -1.00 -1.00 381 3981 0.1853 0.9295 0.010129
754.00 C 20260807 -1.00 -1.00 1293 4715 0.2033 0.8958 0.012290
755.00 C 20260807 -1.00 -1.00 2340 10007 0.1817 0.9078 0.012535
756.00 C 20260807 -1.00 -1.00 13123 7280 0.1665 0.9138 0.013012
757.00 C 20260807 -1.00 -1.00 2171 5144 0.1678 0.8978 0.014683
758.00 C 20260807 -1.00 -1.00 2533 5456 0.1678 0.8834 0.016263
759.00 C 20260807 -1.00 -1.00 3309 3448 0.1736 0.8582 0.017987
760.00 C 20260807 -1.00 -1.00 14629 16389 0.1656 0.8494 0.019558
761.00 C 20260807 -1.00 -1.00 5010 3386 0.1649 0.8287 0.021317
762.00 C 20260807 -1.00 -1.00 7356 3889 0.1573 0.8174 0.023300
763.00 C 20260807 -1.00 -1.00 7084 7391 0.1578 0.7937 0.025212
764.00 C 20260807 -1.00 -1.00 6246 6384 0.1549 0.7733 0.027291
765.00 C 20260807 -1.00 -1.00 30571 11179 0.1525 0.7461 0.029163
766.00 C 20260807 -1.00 -1.00 6714 3201 0.1499 0.7184 0.031168
767.00 C 20260807 -1.00 -1.00 9954 2953 0.1466 0.6906 0.033428
768.00 C 20260807 -1.00 -1.00 8422 1562 0.1498 0.6554 0.034608
769.00 C 20260807 -1.00 -1.00 6589 2059 0.1456 0.6228 0.036336
770.00 C 20260807 -1.00 -1.00 26578 3536 0.1441 0.5864 0.037461
771.00 C 20260807 -1.00 -1.00 8387 1458 0.1426 0.5492 0.038626
772.00 C 20260807 -1.00 -1.00 14844 2008 0.1435 0.5111 0.039157
773.00 C 20260807 -1.00 -1.00 8192 1811 0.1410 0.4726 0.039290
774.00 C 20260807 -1.00 -1.00 11065 1585 0.1395 0.4332 0.039071
775.00 C 20260807 -1.00 -1.00 33693 2638 0.1396 0.3942 0.038419
776.00 C 20260807 -1.00 -1.00 11854 1849 0.1401 0.3568 0.037376
777.00 C 20260807 -1.00 -1.00 8126 1455 0.1384 0.3206 0.035890
778.00 C 20260807 -1.00 -1.00 5992 1154 0.1379 0.2853 0.034119
779.00 C 20260807 -1.00 -1.00 8879 1832 0.1387 0.2520 0.032127
780.00 C 20260807 -1.00 -1.00 15362 1928 0.1389 0.2222 0.029947
781.00 C 20260807 -1.00 -1.00 5521 1250 0.1383 0.1948 0.027564
782.00 C 20260807 -1.00 -1.00 6675 623 0.1388 0.1691 0.025132
783.00 C 20260807 -1.00 -1.00 2648 637 0.1410 0.1471 0.022771
784.00 C 20260807 -1.00 -1.00 4194 959 0.1423 0.1284 0.020567
785.00 C 20260807 -1.00 -1.00 3589 998 0.1432 0.1126 0.018461
790.00 C 20260807 -1.00 -1.00 9037 1579 0.1544 0.0584 0.010438
795.00 C 20260807 -1.00 -1.00 1580 1594 0.1726 0.0349 0.006192
800.00 C 20260807 -1.00 -1.00 8122 1956 0.1925 0.0251 0.004181
805.00 C 20260807 -1.00 -1.00 997 1292 0.2125 0.0183 0.002887
810.00 C 20260807 -1.00 -1.00 798 1424 0.2374 0.0152 0.002218
815.00 C 20260807 -1.00 -1.00 1317 1612 0.2561 0.0115 0.001628
820.00 C 20260807 -1.00 -1.00 481 900 0.2740 0.0095 0.001268
825.00 C 20260807 -1.00 -1.00 1007 578 0.2918 0.0077 0.000983
830.00 C 20260807 -1.00 -1.00 1931 1315 0.3094 0.0060 0.000753
835.00 C 20260807 -1.00 -1.00 346 1711 0.3269 0.0046 0.000566
840.00 C 20260807 -1.00 -1.00 95 471 0.3502 0.0044 0.000504
845.00 C 20260807 -1.00 -1.00 3 443 0.3546 0.0031 0.000363
850.00 C 20260807 -1.00 -1.00 626 347 0.3751 0.0030 0.000327
855.00 C 20260807 -1.00 -1.00 367 984 0.3793 0.0018 0.000207
860.00 C 20260807 -1.00 -1.00 68 243 0.3995 0.0017 0.000188
680.00 P 20260807 -1.00 -1.00 112 2746 0.4886 -0.0023 0.000197
685.00 P 20260807 -1.00 -1.00 7 3549 0.4629 -0.0024 0.000218
686.00 P 20260807 -1.00 -1.00 1637 395 0.4764 -0.0032 0.000278
687.00 P 20260807 -1.00 -1.00 42 438 0.4713 -0.0032 0.000284
688.00 P 20260807 -1.00 -1.00 52 1148 0.4662 -0.0033 0.000290
689.00 P 20260807 -1.00 -1.00 18 316 0.4611 -0.0033 0.000296
690.00 P 20260807 -1.00 -1.00 1635 2082 0.4560 -0.0033 0.000303
691.00 P 20260807 -1.00 -1.00 332 659 0.4510 -0.0034 0.000309
692.00 P 20260807 -1.00 -1.00 1 906 0.4459 -0.0034 0.000316
693.00 P 20260807 -1.00 -1.00 1 2980 0.4408 -0.0034 0.000323
694.00 P 20260807 -1.00 -1.00 66 789 0.4358 -0.0035 0.000330
695.00 P 20260807 -1.00 -1.00 120 3450 0.4307 -0.0035 0.000338
696.00 P 20260807 -1.00 -1.00 87 788 0.4354 -0.0044 0.000403
697.00 P 20260807 -1.00 -1.00 2 1962 0.4298 -0.0044 0.000413
698.00 P 20260807 -1.00 -1.00 121 2282 0.4242 -0.0045 0.000422
699.00 P 20260807 -1.00 -1.00 38 1004 0.4185 -0.0045 0.000433
700.00 P 20260807 -1.00 -1.00 548 30878 0.4129 -0.0046 0.000443
701.00 P 20260807 -1.00 -1.00 8 1059 0.4073 -0.0046 0.000454
702.00 P 20260807 -1.00 -1.00 50 1699 0.4018 -0.0047 0.000465
703.00 P 20260807 -1.00 -1.00 71 4614 0.3962 -0.0048 0.000477
704.00 P 20260807 -1.00 -1.00 3 1405 0.3973 -0.0057 0.000554
705.00 P 20260807 -1.00 -1.00 1015 5030 0.3917 -0.0058 0.000569
706.00 P 20260807 -1.00 -1.00 7 1257 0.3862 -0.0058 0.000584
707.00 P 20260807 -1.00 -1.00 54 1807 0.3806 -0.0059 0.000599
708.00 P 20260807 -1.00 -1.00 45 1701 0.3751 -0.0060 0.000615
709.00 P 20260807 -1.00 -1.00 137 4221 0.3696 -0.0061 0.000632
710.00 P 20260807 -1.00 -1.00 1535 38505 0.3707 -0.0071 0.000721
711.00 P 20260807 -1.00 -1.00 106 6464 0.3652 -0.0072 0.000741
712.00 P 20260807 -1.00 -1.00 54 1397 0.3597 -0.0073 0.000762
713.00 P 20260807 -1.00 -1.00 56 2405 0.3542 -0.0074 0.000784
714.00 P 20260807 -1.00 -1.00 80 1880 0.3487 -0.0075 0.000807
715.00 P 20260807 -1.00 -1.00 459 8556 0.3498 -0.0085 0.000906
716.00 P 20260807 -1.00 -1.00 109 939 0.3444 -0.0086 0.000933
717.00 P 20260807 -1.00 -1.00 203 1843 0.3389 -0.0088 0.000961
718.00 P 20260807 -1.00 -1.00 162 2208 0.3334 -0.0089 0.000991
719.00 P 20260807 -1.00 -1.00 79 2900 0.3280 -0.0090 0.001022
720.00 P 20260807 -1.00 -1.00 1131 71821 0.3291 -0.0101 0.001132
721.00 P 20260807 -1.00 -1.00 102 25896 0.3237 -0.0103 0.001168
722.00 P 20260807 -1.00 -1.00 1710 4893 0.3183 -0.0105 0.001206
723.00 P 20260807 -1.00 -1.00 213 1487 0.3185 -0.0116 0.001323
724.00 P 20260807 -1.00 -1.00 156 2529 0.3123 -0.0118 0.001367
725.00 P 20260807 -1.00 -1.00 984 23166 0.3062 -0.0120 0.001413
726.00 P 20260807 -1.00 -1.00 214 1550 0.3001 -0.0122 0.001462
727.00 P 20260807 -1.00 -1.00 1783 9460 0.2968 -0.0134 0.001597
728.00 P 20260807 -1.00 -1.00 510 7766 0.2907 -0.0137 0.001655
729.00 P 20260807 -1.00 -1.00 910 3739 0.2874 -0.0150 0.001802
730.00 P 20260807 -1.00 -1.00 20151 46919 0.2813 -0.0152 0.001871
731.00 P 20260807 -1.00 -1.00 3539 2339 0.2780 -0.0166 0.002032
732.00 P 20260807 -1.00 -1.00 532 2525 0.2719 -0.0169 0.002113
733.00 P 20260807 -1.00 -1.00 633 5373 0.2687 -0.0183 0.002289
734.00 P 20260807 -1.00 -1.00 261 1888 0.2654 -0.0198 0.002473
735.00 P 20260807 -1.00 -1.00 2898 12390 0.2594 -0.0202 0.002578
736.00 P 20260807 -1.00 -1.00 1570 2781 0.2561 -0.0217 0.002781
737.00 P 20260807 -1.00 -1.00 2105 2848 0.2501 -0.0222 0.002904
738.00 P 20260807 -1.00 -1.00 1110 4645 0.2497 -0.0248 0.003216
739.00 P 20260807 -1.00 -1.00 2181 7481 0.2465 -0.0265 0.003450
740.00 P 20260807 -1.00 -1.00 7276 28577 0.2405 -0.0271 0.003610
741.00 P 20260807 -1.00 -1.00 1650 3764 0.2373 -0.0288 0.003869
742.00 P 20260807 -1.00 -1.00 2045 4881 0.2323 -0.0306 0.004145
743.00 P 20260807 -1.00 -1.00 1539 2791 0.2282 -0.0336 0.004525
744.00 P 20260807 -1.00 -1.00 1766 2861 0.2241 -0.0366 0.004931
745.00 P 20260807 -1.00 -1.00 9270 27499 0.2186 -0.0387 0.005280
746.00 P 20260807 -1.00 -1.00 2000 2853 0.2146 -0.0420 0.005744
747.00 P 20260807 -1.00 -1.00 2675 4768 0.2105 -0.0454 0.006239
748.00 P 20260807 -1.00 -1.00 3382 3570 0.2064 -0.0490 0.006769
749.00 P 20260807 -1.00 -1.00 2699 2835 0.2024 -0.0527 0.007336
750.00 P 20260807 -1.00 -1.00 60665 58089 0.1997 -0.0576 0.008015
751.00 P 20260807 -1.00 -1.00 8716 12646 0.1971 -0.0626 0.008729
752.00 P 20260807 -1.00 -1.00 9085 15319 0.1930 -0.0678 0.009488
753.00 P 20260807 -1.00 -1.00 5590 6334 0.1882 -0.0743 0.010370
754.00 P 20260807 -1.00 -1.00 4282 4878 0.1838 -0.0817 0.011357
755.00 P 20260807 -1.00 -1.00 17727 10990 0.1795 -0.0895 0.012429
756.00 P 20260807 -1.00 -1.00 5234 8605 0.1763 -0.0991 0.013658
757.00 P 20260807 -1.00 -1.00 6656 8554 0.1740 -0.1100 0.015001
758.00 P 20260807 -1.00 -1.00 8580 7952 0.1716 -0.1212 0.016414
759.00 P 20260807 -1.00 -1.00 7469 4803 0.1686 -0.1341 0.017938
760.00 P 20260807 -1.00 -1.00 26158 1467 0.1642 -0.1486 0.019596
761.00 P 20260807 -1.00 -1.00 8631 643 0.1608 -0.1655 0.021407
762.00 P 20260807 -1.00 -1.00 31575 700 0.1582 -0.1843 0.023337
763.00 P 20260807 -1.00 -1.00 5463 606 0.1567 -0.2051 0.025336
764.00 P 20260807 -1.00 -1.00 7866 865 0.1554 -0.2281 0.027339
765.00 P 20260807 -1.00 -1.00 19834 1003 0.1514 -0.2528 0.029391
766.00 P 20260807 -1.00 -1.00 6616 152 0.1486 -0.2806 0.031459
767.00 P 20260807 -1.00 -1.00 8345 185 0.1474 -0.3112 0.033399
768.00 P 20260807 -1.00 -1.00 4259 91 0.1470 -0.3431 0.035267
769.00 P 20260807 -1.00 -1.00 3775 136 0.1445 -0.3775 0.036740
770.00 P 20260807 -1.00 -1.00 9688 144 0.1423 -0.4139 0.038076
771.00 P 20260807 -1.00 -1.00 3575 98 0.1417 -0.4519 0.039057
772.00 P 20260807 -1.00 -1.00 2097 2 0.1421 -0.4906 0.039745
773.00 P 20260807 -1.00 -1.00 1431 39 0.1399 -0.5296 0.039807
774.00 P 20260807 -1.00 -1.00 1530 1 0.1382 -0.5696 0.039664
775.00 P 20260807 -1.00 -1.00 935 2 0.1379 -0.6095 0.039141
776.00 P 20260807 -1.00 -1.00 672 1 0.1384 -0.6476 0.038028
777.00 P 20260807 -1.00 -1.00 611 0 0.1367 -0.6846 0.036543
778.00 P 20260807 -1.00 -1.00 315 0 0.1355 -0.7217 0.034879
779.00 P 20260807 -1.00 -1.00 322 0 0.1385 -0.7520 0.032520
780.00 P 20260807 -1.00 -1.00 497 5 0.1391 -0.7815 0.030283
781.00 P 20260807 -1.00 -1.00 264 0 0.1387 -0.8089 0.027930
782.00 P 20260807 -1.00 -1.00 581 0 0.1403 -0.8327 0.025525
783.00 P 20260807 -1.00 -1.00 2011 0 0.1420 -0.8558 0.023205
784.00 P 20260807 -1.00 -1.00 2946 0 0.1409 -0.8789 0.020945
785.00 P 20260807 -1.00 -1.00 4920 0 0.1424 -0.8943 0.018852
790.00 P 20260807 -1.00 -1.00 5325 0 0.1889 -0.9025 0.013206
795.00 P 20260807 -1.00 -1.00 3528 0 0.2210 -0.9233 0.009557
800.00 P 20260807 -1.00 -1.00 2319 5 0.2028 -0.9753 0.004926
805.00 P 20260807 -1.00 -1.00 2342 2 0.2574 -0.9608 0.005029
810.00 P 20260807 -1.00 -1.00 2132 0 0.2869 -0.9660 0.004051
815.00 P 20260807 -1.00 -1.00 1506 0 0.3181 -0.9690 0.003411
820.00 P 20260807 -1.00 -1.00 97 0 0.3367 -0.9748 0.002763
825.00 P 20260807 -1.00 -1.00 16 0 0.3623 -0.9769 0.002383
830.00 P 20260807 -1.00 -1.00 21 0 0.3862 -0.9792 0.002056
835.00 P 20260807 -1.00 -1.00 14 0 0.4114 -0.9808 0.001807
840.00 P 20260807 -1.00 -1.00 8 0 0.4349 -0.9826 0.001582
845.00 P 20260807 -1.00 -1.00 28 0 0.4611 -0.9835 0.001426
850.00 P 20260807 -1.00 -1.00 11 0 0.4872 -0.9843 0.001295
855.00 P 20260807 -1.00 -1.00 155 0 0.5116 -0.9853 0.001167
860.00 P 20260807 -1.00 -1.00 57 0 0.5373 -0.9859 0.001072
680.00 C 20260810 -1.00 -1.00 -1 0 0.0006 0.9998 0.000000
685.00 C 20260810 -1.00 -1.00 1 1 0.0006 0.9998 0.000000
690.00 C 20260810 -1.00 -1.00 -1 0 0.4190 0.9822 0.001025
695.00 C 20260810 -1.00 -1.00 -1 0 0.3795 0.9853 0.000957
700.00 C 20260810 -1.00 -1.00 1 1 0.0006 0.9998 -0.000000
701.00 C 20260810 -1.00 -1.00 -1 0 0.2921 0.9955 0.000428
702.00 C 20260810 -1.00 -1.00 -1 0 0.2878 0.9955 0.000434
703.00 C 20260810 -1.00 -1.00 -1 0 0.3448 0.9834 0.001174
704.00 C 20260810 -1.00 -1.00 -1 0 0.0006 0.9998 0.000000
705.00 C 20260810 -1.00 -1.00 -1 0 0.0006 0.9998 0.000000
706.00 C 20260810 -1.00 -1.00 -1 0 0.0006 0.9998 0.000000
707.00 C 20260810 -1.00 -1.00 -1 0 0.0006 0.9998 -0.000000
708.00 C 20260810 -1.00 -1.00 2 1 0.0006 0.9998 0.000000
709.00 C 20260810 -1.00 -1.00 -1 0 0.3240 0.9801 0.001458
710.00 C 20260810 -1.00 -1.00 2 4 0.2656 0.9932 0.000688
711.00 C 20260810 -1.00 -1.00 10 10 0.0006 0.9998 -0.000000
712.00 C 20260810 -1.00 -1.00 5 0 0.0006 0.9998 -0.000000
713.00 C 20260810 -1.00 -1.00 -1 0 0.2577 0.9921 0.000808
714.00 C 20260810 -1.00 -1.00 -1 0 0.2559 0.9916 0.000863
715.00 C 20260810 -1.00 -1.00 2 2 0.2961 0.9787 0.001694
716.00 C 20260810 -1.00 -1.00 -1 0 0.0006 0.9998 -0.000000
717.00 C 20260810 -1.00 -1.00 -1 0 0.2334 0.9934 0.000759
718.00 C 20260810 -1.00 -1.00 -1 0 0.0006 0.9998 -0.000000
719.00 C 20260810 -1.00 -1.00 1 1 0.2274 0.9928 0.000844
720.00 C 20260810 -1.00 -1.00 10 75 0.3191 0.9564 0.002858
721.00 C 20260810 -1.00 -1.00 3 3 0.2768 0.9743 0.002150
722.00 C 20260810 -1.00 -1.00 2 37 0.0006 0.9998 -0.000000
723.00 C 20260810 -1.00 -1.00 12 5 0.0006 0.9998 0.000000
724.00 C 20260810 -1.00 -1.00 38 20 0.2280 0.9869 0.001447
725.00 C 20260810 -1.00 -1.00 148 88 0.0006 0.9998 -0.000000
726.00 C 20260810 -1.00 -1.00 10 14 0.0006 0.9998 -0.000000
727.00 C 20260810 -1.00 -1.00 11 10 0.0006 0.9998 0.000000
728.00 C 20260810 -1.00 -1.00 2 41 0.1848 0.9936 0.000938
729.00 C 20260810 -1.00 -1.00 1 136 0.2136 0.9821 0.002018
730.00 C 20260810 -1.00 -1.00 16 225 0.2091 0.9818 0.002089
731.00 C 20260810 -1.00 -1.00 3 167 0.2005 0.9836 0.001999
732.00 C 20260810 -1.00 -1.00 10 209 0.2011 0.9807 0.002285
733.00 C 20260810 -1.00 -1.00 3 126 0.1946 0.9814 0.002287
734.00 C 20260810 -1.00 -1.00 9 240 0.1922 0.9801 0.002464
735.00 C 20260810 -1.00 -1.00 4 579 0.1704 0.9890 0.001674
736.00 C 20260810 -1.00 -1.00 23 339 0.0006 0.9998 -0.000000
737.00 C 20260810 -1.00 -1.00 3 270 0.1787 0.9790 0.002779
738.00 C 20260810 -1.00 -1.00 59 297 0.1557 0.9892 0.001800
739.00 C 20260810 -1.00 -1.00 5 835 0.1868 0.9678 0.003842
740.00 C 20260810 -1.00 -1.00 76 1094 0.1540 0.9846 0.002455
741.00 C 20260810 -1.00 -1.00 125 825 0.2022 0.9446 0.005515
742.00 C 20260810 -1.00 -1.00 175 569 0.1773 0.9602 0.004782
743.00 C 20260810 -1.00 -1.00 78 709 0.1743 0.9573 0.005147
744.00 C 20260810 -1.00 -1.00 26 317 0.0006 0.9998 0.000000
745.00 C 20260810 -1.00 -1.00 191 1457 0.1551 0.9648 0.004960
746.00 C 20260810 -1.00 -1.00 96 573 0.1547 0.9588 0.005636
747.00 C 20260810 -1.00 -1.00 5 268 0.1650 0.9424 0.006986
748.00 C 20260810 -1.00 -1.00 103 370 0.1483 0.9525 0.006601
749.00 C 20260810 -1.00 -1.00 376 489 0.0006 0.9998 -0.000000
750.00 C 20260810 -1.00 -1.00 344 1819 0.1440 0.9436 0.007867
751.00 C 20260810 -1.00 -1.00 142 389 0.1447 0.9360 0.008723
752.00 C 20260810 -1.00 -1.00 297 432 0.1357 0.9383 0.009019
753.00 C 20260810 -1.00 -1.00 167 751 0.1050 0.9711 0.006276
754.00 C 20260810 -1.00 -1.00 34 542 0.1605 0.8794 0.012600
755.00 C 20260810 -1.00 -1.00 652 2138 0.1419 0.8926 0.013004
756.00 C 20260810 -1.00 -1.00 296 1946 0.1358 0.8892 0.013923
757.00 C 20260810 -1.00 -1.00 491 1522 0.1348 0.8781 0.015138
758.00 C 20260810 -1.00 -1.00 1127 1137 0.1369 0.8565 0.016525
759.00 C 20260810 -1.00 -1.00 737 766 0.1343 0.8425 0.017859
760.00 C 20260810 -1.00 -1.00 1608 4404 0.1323 0.8268 0.019278
761.00 C 20260810 -1.00 -1.00 778 1024 0.1311 0.8093 0.020749
762.00 C 20260810 -1.00 -1.00 1077 928 0.1307 0.7904 0.022228
763.00 C 20260810 -1.00 -1.00 1819 1275 0.1286 0.7711 0.023742
764.00 C 20260810 -1.00 -1.00 1093 1012 0.1265 0.7484 0.025208
765.00 C 20260810 -1.00 -1.00 2618 2401 0.1247 0.7243 0.026718
766.00 C 20260810 -1.00 -1.00 1666 1210 0.1237 0.6986 0.028186
767.00 C 20260810 -1.00 -1.00 1338 2290 0.1237 0.6712 0.029513
768.00 C 20260810 -1.00 -1.00 2013 492 0.1232 0.6423 0.030563
769.00 C 20260810 -1.00 -1.00 1817 2534 0.1202 0.6132 0.031874
770.00 C 20260810 -1.00 -1.00 6256 1885 0.1192 0.5814 0.032740
771.00 C 20260810 -1.00 -1.00 1947 459 0.1187 0.5488 0.033491
772.00 C 20260810 -1.00 -1.00 2103 329 0.1194 0.5159 0.033893
773.00 C 20260810 -1.00 -1.00 1396 415 0.1173 0.4826 0.034107
774.00 C 20260810 -1.00 -1.00 2906 379 0.1165 0.4487 0.033916
775.00 C 20260810 -1.00 -1.00 5388 282 0.1162 0.4147 0.033577
776.00 C 20260810 -1.00 -1.00 3738 518 0.1168 0.3815 0.032963
777.00 C 20260810 -1.00 -1.00 884 464 0.1161 0.3495 0.032117
778.00 C 20260810 -1.00 -1.00 2349 187 0.1151 0.3182 0.030964
779.00 C 20260810 -1.00 -1.00 971 83 0.1151 0.2880 0.029593
780.00 C 20260810 -1.00 -1.00 4267 335 0.1159 0.2596 0.028093
781.00 C 20260810 -1.00 -1.00 1015 68 0.1163 0.2327 0.026553
782.00 C 20260810 -1.00 -1.00 2631 52 0.1154 0.2081 0.024829
783.00 C 20260810 -1.00 -1.00 1672 36 0.1155 0.1851 0.023024
784.00 C 20260810 -1.00 -1.00 1776 20 0.1163 0.1637 0.021223
785.00 C 20260810 -1.00 -1.00 2208 110 0.1181 0.1454 0.019492
786.00 C 20260810 -1.00 -1.00 79 0 0.1182 0.1288 0.017840
787.00 C 20260810 -1.00 -1.00 273 0 0.1187 0.1145 0.016238
788.00 C 20260810 -1.00 -1.00 114 15 0.1197 0.1014 0.014709
789.00 C 20260810 -1.00 -1.00 69 0 0.1210 0.0891 0.013259
790.00 C 20260810 -1.00 -1.00 355 3 0.1234 0.0793 0.011998
795.00 C 20260810 -1.00 -1.00 235 16 0.1321 0.0471 0.007374
800.00 C 20260810 -1.00 -1.00 1238 1 0.1462 0.0311 0.004805
805.00 C 20260810 -1.00 -1.00 31 1809 0.1580 0.0223 0.003308
810.00 C 20260810 -1.00 -1.00 79 536 0.1743 0.0177 0.002468
815.00 C 20260810 -1.00 -1.00 109 1475 0.1904 0.0139 0.001856
820.00 C 20260810 -1.00 -1.00 126 1858 0.2010 0.0106 0.001385
825.00 C 20260810 -1.00 -1.00 2 982 0.2140 0.0088 0.001093
830.00 C 20260810 -1.00 -1.00 55 777 0.2268 0.0071 0.000857
835.00 C 20260810 -1.00 -1.00 546 546 0.2395 0.0057 0.000665
840.00 C 20260810 -1.00 -1.00 20 490 0.2516 0.0044 0.000506
845.00 C 20260810 -1.00 -1.00 978 978 0.2664 0.0041 0.000453
850.00 C 20260810 -1.00 -1.00 55 1397 0.2697 0.0030 0.000327
855.00 C 20260810 -1.00 -1.00 617 617 0.2844 0.0028 0.000297
860.00 C 20260810 -1.00 -1.00 320 0 0.2990 0.0027 0.000270
680.00 P 20260810 -1.00 -1.00 57 278 0.3662 -0.0030 0.000246
685.00 P 20260810 -1.00 -1.00 14 320 0.3478 -0.0032 0.000272
690.00 P 20260810 -1.00 -1.00 39 405 0.3386 -0.0041 0.000353
695.00 P 20260810 -1.00 -1.00 27 518 0.3231 -0.0051 0.000446
700.00 P 20260810 -1.00 -1.00 379 1146 0.3029 -0.0054 0.000501
701.00 P 20260810 -1.00 -1.00 12 310 0.3037 -0.0063 0.000570
702.00 P 20260810 -1.00 -1.00 401 988 0.2997 -0.0063 0.000584
703.00 P 20260810 -1.00 -1.00 18 830 0.2957 -0.0064 0.000599
704.00 P 20260810 -1.00 -1.00 4 568 0.2917 -0.0065 0.000614
705.00 P 20260810 -1.00 -1.00 54 634 0.2877 -0.0066 0.000630
706.00 P 20260810 -1.00 -1.00 27 135 0.2885 -0.0075 0.000706
707.00 P 20260810 -1.00 -1.00 202 270 0.2845 -0.0076 0.000724
708.00 P 20260810 -1.00 -1.00 101 360 0.2806 -0.0077 0.000743
709.00 P 20260810 -1.00 -1.00 3 573 0.2766 -0.0078 0.000763
710.00 P 20260810 -1.00 -1.00 40 759 0.2775 -0.0087 0.000845
711.00 P 20260810 -1.00 -1.00 155 583 0.2735 -0.0089 0.000868
712.00 P 20260810 -1.00 -1.00 179 346 0.2695 -0.0090 0.000892
713.00 P 20260810 -1.00 -1.00 1 269 0.2656 -0.0091 0.000917
714.00 P 20260810 -1.00 -1.00 6 594 0.2665 -0.0101 0.001005
715.00 P 20260810 -1.00 -1.00 28 926 0.2625 -0.0102 0.001033
716.00 P 20260810 -1.00 -1.00 30 334 0.2586 -0.0104 0.001063
717.00 P 20260810 -1.00 -1.00 21 143 0.2587 -0.0114 0.001155
718.00 P 20260810 -1.00 -1.00 99 1580 0.2542 -0.0116 0.001190
719.00 P 20260810 -1.00 -1.00 18 1347 0.2498 -0.0117 0.001226
720.00 P 20260810 -1.00 -1.00 398 1399 0.2474 -0.0128 0.001326
721.00 P 20260810 -1.00 -1.00 9 130 0.2429 -0.0130 0.001368
722.00 P 20260810 -1.00 -1.00 19 325 0.2395 -0.0137 0.001445
723.00 P 20260810 -1.00 -1.00 16 242 0.2361 -0.0143 0.001525
724.00 P 20260810 -1.00 -1.00 46 326 0.2327 -0.0150 0.001609
725.00 P 20260810 -1.00 -1.00 74 917 0.2294 -0.0157 0.001698
726.00 P 20260810 -1.00 -1.00 5 768 0.2249 -0.0160 0.001757
727.00 P 20260810 -1.00 -1.00 59 3338 0.2226 -0.0172 0.001889
728.00 P 20260810 -1.00 -1.00 160 4396 0.2203 -0.0185 0.002027
729.00 P 20260810 -1.00 -1.00 119 11613 0.2159 -0.0188 0.002101
730.00 P 20260810 -1.00 -1.00 876 1748 0.2136 -0.0201 0.002251
731.00 P 20260810 -1.00 -1.00 135 383 0.2112 -0.0214 0.002406
732.00 P 20260810 -1.00 -1.00 107 7073 0.2089 -0.0228 0.002568
733.00 P 20260810 -1.00 -1.00 144 474 0.2056 -0.0237 0.002703
734.00 P 20260810 -1.00 -1.00 202 938 0.2043 -0.0256 0.002912
735.00 P 20260810 -1.00 -1.00 1142 1408 0.2010 -0.0266 0.003063
736.00 P 20260810 -1.00 -1.00 302 662 0.1987 -0.0280 0.003254
737.00 P 20260810 -1.00 -1.00 50 3533 0.1959 -0.0300 0.003488
738.00 P 20260810 -1.00 -1.00 128 8197 0.1920 -0.0316 0.003702
739.00 P 20260810 -1.00 -1.00 284 416 0.1885 -0.0337 0.003962
740.00 P 20260810 -1.00 -1.00 1517 2778 0.1851 -0.0359 0.004240
741.00 P 20260810 -1.00 -1.00 129 421 0.1816 -0.0382 0.004536
742.00 P 20260810 -1.00 -1.00 327 559 0.1787 -0.0411 0.004883
743.00 P 20260810 -1.00 -1.00 600 893 0.1758 -0.0440 0.005251
744.00 P 20260810 -1.00 -1.00 577 1123 0.1729 -0.0470 0.005641
745.00 P 20260810 -1.00 -1.00 1008 2116 0.1705 -0.0507 0.006083
746.00 P 20260810 -1.00 -1.00 332 670 0.1681 -0.0544 0.006548
747.00 P 20260810 -1.00 -1.00 1125 1064 0.1662 -0.0586 0.007063
748.00 P 20260810 -1.00 -1.00 533 1164 0.1644 -0.0630 0.007603
749.00 P 20260810 -1.00 -1.00 957 803 0.1614 -0.0684 0.008218
750.00 P 20260810 -1.00 -1.00 12589 2303 0.1580 -0.0741 0.008874
751.00 P 20260810 -1.00 -1.00 984 561 0.1546 -0.0799 0.009580
752.00 P 20260810 -1.00 -1.00 496 493 0.1518 -0.0870 0.010379
753.00 P 20260810 -1.00 -1.00 1812 1217 0.1495 -0.0951 0.011264
754.00 P 20260810 -1.00 -1.00 1703 1403 0.1473 -0.1035 0.012198
755.00 P 20260810 -1.00 -1.00 3097 1777 0.1457 -0.1129 0.013206
756.00 P 20260810 -1.00 -1.00 1252 818 0.1446 -0.1234 0.014278
757.00 P 20260810 -1.00 -1.00 820 699 0.1418 -0.1349 0.015411
758.00 P 20260810 -1.00 -1.00 1187 968 0.1389 -0.1476 0.016631
759.00 P 20260810 -1.00 -1.00 892 398 0.1365 -0.1620 0.017942
760.00 P 20260810 -1.00 -1.00 3229 217 0.1343 -0.1772 0.019334
761.00 P 20260810 -1.00 -1.00 1393 173 0.1331 -0.1945 0.020774
762.00 P 20260810 -1.00 -1.00 2336 320 0.1321 -0.2124 0.022263
763.00 P 20260810 -1.00 -1.00 1014 459 0.1302 -0.2328 0.023726
764.00 P 20260810 -1.00 -1.00 2163 974 0.1277 -0.2547 0.025221
765.00 P 20260810 -1.00 -1.00 3972 2004 0.1260 -0.2788 0.026697
766.00 P 20260810 -1.00 -1.00 1122 1189 0.1250 -0.3044 0.028152
767.00 P 20260810 -1.00 -1.00 1325 360 0.1248 -0.3315 0.029513
768.00 P 20260810 -1.00 -1.00 1098 68 0.1232 -0.3597 0.030792
769.00 P 20260810 -1.00 -1.00 2057 58 0.1212 -0.3897 0.031873
770.00 P 20260810 -1.00 -1.00 1450 58 0.1199 -0.4213 0.032819
771.00 P 20260810 -1.00 -1.00 915 21 0.1197 -0.4540 0.033498
772.00 P 20260810 -1.00 -1.00 345 31 0.1202 -0.4873 0.033999
773.00 P 20260810 -1.00 -1.00 234 6 0.1183 -0.5206 0.034176
774.00 P 20260810 -1.00 -1.00 249 43 0.1170 -0.5548 0.034175
775.00 P 20260810 -1.00 -1.00 290 28 0.1168 -0.5889 0.033825
776.00 P 20260810 -1.00 -1.00 583 28 0.1174 -0.6226 0.033293
777.00 P 20260810 -1.00 -1.00 256 1 0.1166 -0.6550 0.032475
778.00 P 20260810 -1.00 -1.00 90 1 0.1157 -0.6865 0.031365
779.00 P 20260810 -1.00 -1.00 35 0 0.1156 -0.7172 0.030075
780.00 P 20260810 -1.00 -1.00 660 0 0.1158 -0.7475 0.028720
781.00 P 20260810 -1.00 -1.00 358 2 0.1180 -0.7715 0.026958
782.00 P 20260810 -1.00 -1.00 780 0 0.1167 -0.7972 0.025381
783.00 P 20260810 -1.00 -1.00 1085 0 0.1173 -0.8193 0.023622
784.00 P 20260810 -1.00 -1.00 1958 0 0.1180 -0.8412 0.021919
785.00 P 20260810 -1.00 -1.00 2569 0 0.1195 -0.8608 0.020212
786.00 P 20260810 -1.00 -1.00 611 0 0.1199 -0.8782 0.018583
787.00 P 20260810 -1.00 -1.00 908 0 0.1204 -0.8929 0.017088
788.00 P 20260810 -1.00 -1.00 167 0 0.1219 -0.9053 0.015637
789.00 P 20260810 -1.00 -1.00 361 0 0.1236 -0.9170 0.014242
790.00 P 20260810 -1.00 -1.00 1883 1 0.1261 -0.9267 0.013007
795.00 P 20260810 -1.00 -1.00 262 0 0.1664 -0.9147 0.010340
800.00 P 20260810 -1.00 -1.00 261 0 0.1703 -0.9517 0.007135
805.00 P 20260810 -1.00 -1.00 43 0 0.1959 -0.9542 0.005834
810.00 P 20260810 -1.00 -1.00 150 0 0.1909 -0.9822 0.003622
815.00 P 20260810 -1.00 -1.00 53 0 0.2308 -0.9711 0.003619
820.00 P 20260810 -1.00 -1.00 20 0 0.2511 -0.9744 0.003058
825.00 P 20260810 -1.00 -1.00 30 0 0.2683 -0.9771 0.002641
830.00 P 20260810 -1.00 -1.00 138 0 0.2888 -0.9781 0.002344
835.00 P 20260810 -1.00 -1.00 12 0 0.3046 -0.9807 0.002047
840.00 P 20260810 -1.00 -1.00 7 0 0.3399 -0.9758 0.002035
845.00 P 20260810 -1.00 -1.00 4 0 0.3460 -0.9814 0.001698
850.00 P 20260810 -1.00 -1.00 5 0 0.3626 -0.9831 0.001524
855.00 P 20260810 -1.00 -1.00 3 0 0.3813 -0.9838 0.001395
860.00 P 20260810 -1.00 -1.00 3 0 0.3998 -0.9845 0.001284
680.00 C 20260811 -1.00 -1.00 1 1 0.4795 0.9744 0.001148
685.00 C 20260811 -1.00 -1.00 -1 0 0.3580 0.9925 0.000518
690.00 C 20260811 -1.00 -1.00 -1 0 0.0007 0.9998 -0.000000
695.00 C 20260811 -1.00 -1.00 -1 0 0.0007 0.9998 0.000000
700.00 C 20260811 -1.00 -1.00 1 1 0.2371 0.9988 0.000132
701.00 C 20260811 -1.00 -1.00 -1 0 0.2310 0.9989 0.000126
702.00 C 20260811 -1.00 -1.00 -1 0 0.0007 0.9998 0.000000
703.00 C 20260811 -1.00 -1.00 -1 0 0.0007 0.9998 0.000000
704.00 C 20260811 -1.00 -1.00 -1 0 0.2867 0.9906 0.000793
705.00 C 20260811 -1.00 -1.00 -1 0 0.0007 0.9998 -0.000000
706.00 C 20260811 -1.00 -1.00 -1 0 0.3198 0.9790 0.001439
707.00 C 20260811 -1.00 -1.00 -1 0 0.3106 0.9802 0.001403
708.00 C 20260811 -1.00 -1.00 -1 0 0.2293 0.9970 0.000340
709.00 C 20260811 -1.00 -1.00 -1 0 0.0007 0.9998 0.000000
710.00 C 20260811 -1.00 -1.00 1 2 0.0007 0.9998 0.000000
711.00 C 20260811 -1.00 -1.00 -1 0 0.0007 0.9998 0.000000
712.00 C 20260811 -1.00 -1.00 1 2 0.0007 0.9998 0.000000
713.00 C 20260811 -1.00 -1.00 6 0 0.2614 0.9873 0.001145
714.00 C 20260811 -1.00 -1.00 2 1 0.3014 0.9721 0.001973
715.00 C 20260811 -1.00 -1.00 -1 0 0.2904 0.9738 0.001934
716.00 C 20260811 -1.00 -1.00 1 1 0.0007 0.9998 -0.000000
717.00 C 20260811 -1.00 -1.00 -1 0 0.2827 0.9728 0.002051
718.00 C 20260811 -1.00 -1.00 1 1 0.0007 0.9998 -0.000000
719.00 C 20260811 -1.00 -1.00 -1 0 0.1834 0.9976 0.000347
720.00 C 20260811 -1.00 -1.00 2 2 0.0007 0.9998 0.000000
721.00 C 20260811 -1.00 -1.00 -1 4 0.2656 0.9714 0.002287
722.00 C 20260811 -1.00 -1.00 2 1 0.2614 0.9707 0.002367
723.00 C 20260811 -1.00 -1.00 1 1 0.2292 0.9812 0.001823
724.00 C 20260811 -1.00 -1.00 -1 0 0.1865 0.9939 0.000819
725.00 C 20260811 -1.00 -1.00 1 6 0.1802 0.9945 0.000770
726.00 C 20260811 -1.00 -1.00 -1 0 0.1544 0.9981 0.000322
727.00 C 20260811 -1.00 -1.00 1 1 0.1949 0.9887 0.001398
728.00 C 20260811 -1.00 -1.00 1 1 0.1844 0.9902 0.001292
729.00 C 20260811 -1.00 -1.00 2 2 0.1850 0.9889 0.001439
730.00 C 20260811 -1.00 -1.00 10 142 0.2073 0.9757 0.002531
731.00 C 20260811 -1.00 -1.00 22 14 0.1810 0.9865 0.001742
732.00 C 20260811 -1.00 -1.00 7 7 0.1739 0.9880 0.001643
733.00 C 20260811 -1.00 -1.00 1 85 0.1957 0.9740 0.002846
734.00 C 20260811 -1.00 -1.00 21 175 0.2007 0.9676 0.003332
735.00 C 20260811 -1.00 -1.00 3 209 0.1893 0.9722 0.003129
736.00 C 20260811 -1.00 -1.00 2 165 0.2160 0.9467 0.004637
737.00 C 20260811 -1.00 -1.00 2 264 0.1942 0.9590 0.004147
738.00 C 20260811 -1.00 -1.00 32 330 0.1875 0.9599 0.004221
739.00 C 20260811 -1.00 -1.00 3 152 0.1771 0.9644 0.004066
740.00 C 20260811 -1.00 -1.00 107 809 0.1772 0.9591 0.004541
741.00 C 20260811 -1.00 -1.00 101 798 0.1797 0.9516 0.005136
742.00 C 20260811 -1.00 -1.00 5 537 0.1721 0.9532 0.005220
743.00 C 20260811 -1.00 -1.00 58 416 0.1751 0.9452 0.005857
744.00 C 20260811 -1.00 -1.00 9 301 0.1566 0.9571 0.005333
745.00 C 20260811 -1.00 -1.00 117 960 0.1629 0.9452 0.006297
746.00 C 20260811 -1.00 -1.00 16 384 0.1564 0.9456 0.006515
747.00 C 20260811 -1.00 -1.00 7 174 0.1608 0.9353 0.007337
748.00 C 20260811 -1.00 -1.00 9 192 0.1519 0.9380 0.007506
749.00 C 20260811 -1.00 -1.00 3 95 0.1549 0.9241 0.008521
750.00 C 20260811 -1.00 -1.00 148 469 0.1279 0.9508 0.007323
751.00 C 20260811 -1.00 -1.00 120 169 0.1403 0.9259 0.009245
752.00 C 20260811 -1.00 -1.00 57 248 0.1639 0.8820 0.011262
753.00 C 20260811 -1.00 -1.00 127 400 0.1433 0.8989 0.011414
754.00 C 20260811 -1.00 -1.00 106 924 0.1513 0.8772 0.012600
755.00 C 20260811 -1.00 -1.00 110 261 0.1491 0.8664 0.013488
756.00 C 20260811 -1.00 -1.00 121 371 0.1438 0.8599 0.014395
757.00 C 20260811 -1.00 -1.00 249 919 0.1408 0.8485 0.015425
758.00 C 20260811 -1.00 -1.00 410 309 0.1379 0.8367 0.016532
759.00 C 20260811 -1.00 -1.00 286 399 0.1366 0.8215 0.017692
760.00 C 20260811 -1.00 -1.00 909 494 0.1354 0.8058 0.018889
761.00 C 20260811 -1.00 -1.00 1187 309 0.1354 0.7882 0.020070
762.00 C 20260811 -1.00 -1.00 1678 203 0.1331 0.7710 0.021292
763.00 C 20260811 -1.00 -1.00 1674 192 0.1308 0.7512 0.022512
764.00 C 20260811 -1.00 -1.00 1183 265 0.1298 0.7287 0.023648
765.00 C 20260811 -1.00 -1.00 2066 188 0.1279 0.7071 0.024943
766.00 C 20260811 -1.00 -1.00 1427 601 0.1273 0.6832 0.026098
767.00 C 20260811 -1.00 -1.00 1050 1184 0.1278 0.6580 0.027090
768.00 C 20260811 -1.00 -1.00 1206 490 0.1254 0.6319 0.028032
769.00 C 20260811 -1.00 -1.00 2731 193 0.1239 0.6042 0.028844
770.00 C 20260811 -1.00 -1.00 1856 2638 0.1224 0.5758 0.029687
771.00 C 20260811 -1.00 -1.00 1039 174 0.1223 0.5463 0.030219
772.00 C 20260811 -1.00 -1.00 1101 83 0.1230 0.5166 0.030550
773.00 C 20260811 -1.00 -1.00 1862 212 0.1212 0.4867 0.030699
774.00 C 20260811 -1.00 -1.00 641 438 0.1198 0.4560 0.030694
775.00 C 20260811 -1.00 -1.00 1142 592 0.1194 0.4252 0.030451
776.00 C 20260811 -1.00 -1.00 420 284 0.1198 0.3950 0.030008
777.00 C 20260811 -1.00 -1.00 1077 462 0.1203 0.3658 0.029410
778.00 C 20260811 -1.00 -1.00 404 363 0.1188 0.3370 0.028623
779.00 C 20260811 -1.00 -1.00 515 433 0.1181 0.3089 0.027627
780.00 C 20260811 -1.00 -1.00 673 254 0.1183 0.2819 0.026489
781.00 C 20260811 -1.00 -1.00 525 33 0.1192 0.2565 0.025253
782.00 C 20260811 -1.00 -1.00 434 173 0.1195 0.2328 0.023969
783.00 C 20260811 -1.00 -1.00 611 0 0.1184 0.2099 0.022588
784.00 C 20260811 -1.00 -1.00 378 0 0.1183 0.1887 0.021118
785.00 C 20260811 -1.00 -1.00 368 1 0.1192 0.1697 0.019635
786.00 C 20260811 -1.00 -1.00 458 43 0.1205 0.1518 0.018199
787.00 C 20260811 -1.00 -1.00 145 96 0.1216 0.1363 0.016836
788.00 C 20260811 -1.00 -1.00 23 160 0.1213 0.1221 0.015491
789.00 C 20260811 -1.00 -1.00 142 661 0.1217 0.1092 0.014184
790.00 C 20260811 -1.00 -1.00 352 502 0.1232 0.0984 0.012981
795.00 C 20260811 -1.00 -1.00 160 0 0.1300 0.0579 0.008221
800.00 C 20260811 -1.00 -1.00 521 37 0.1415 0.0377 0.005372
805.00 C 20260811 -1.00 -1.00 127 0 0.1532 0.0271 0.003762
810.00 C 20260811 -1.00 -1.00 96 404 0.1650 0.0200 0.002689
815.00 C 20260811 -1.00 -1.00 1013 623 0.1800 0.0161 0.002056
820.00 C 20260811 -1.00 -1.00 128 638 0.1942 0.0128 0.001580
825.00 C 20260811 -1.00 -1.00 8 67 0.2043 0.0104 0.001238
830.00 C 20260811 -1.00 -1.00 175 86 0.2143 0.0082 0.000952
835.00 C 20260811 -1.00 -1.00 13 214 0.2261 0.0067 0.000754
840.00 C 20260811 -1.00 -1.00 20 7 0.2378 0.0054 0.000591
845.00 C 20260811 -1.00 -1.00 174 0 0.2514 0.0046 0.000493
850.00 C 20260811 -1.00 -1.00 -1 0 0.2608 0.0039 0.000410
855.00 C 20260811 -1.00 -1.00 205 0 0.2639 0.0028 0.000297
860.00 C 20260811 -1.00 -1.00 -1 0 0.2774 0.0027 0.000270
680.00 P 20260811 -1.00 -1.00 25 145 0.3527 -0.0037 0.000289
685.00 P 20260811 -1.00 -1.00 9 423 0.3381 -0.0046 0.000361
690.00 P 20260811 -1.00 -1.00 3 318 0.3190 -0.0048 0.000400
695.00 P 20260811 -1.00 -1.00 37 211 0.3047 -0.0058 0.000495
700.00 P 20260811 -1.00 -1.00 194 262 0.2904 -0.0070 0.000608
701.00 P 20260811 -1.00 -1.00 70 77 0.2890 -0.0074 0.000648
702.00 P 20260811 -1.00 -1.00 49 692 0.2875 -0.0079 0.000688
703.00 P 20260811 -1.00 -1.00 188 152 0.2838 -0.0080 0.000705
704.00 P 20260811 -1.00 -1.00 7 57 0.2800 -0.0081 0.000723
705.00 P 20260811 -1.00 -1.00 90 276 0.2763 -0.0082 0.000741
706.00 P 20260811 -1.00 -1.00 1 111 0.2726 -0.0083 0.000760
707.00 P 20260811 -1.00 -1.00 64 402 0.2734 -0.0092 0.000832
708.00 P 20260811 -1.00 -1.00 115 181 0.2697 -0.0093 0.000854
709.00 P 20260811 -1.00 -1.00 4 169 0.2683 -0.0098 0.000902
710.00 P 20260811 -1.00 -1.00 6 510 0.2669 -0.0103 0.000951
711.00 P 20260811 -1.00 -1.00 15 165 0.2632 -0.0105 0.000977
712.00 P 20260811 -1.00 -1.00 3 59 0.2595 -0.0106 0.001003
713.00 P 20260811 -1.00 -1.00 17 8 0.2588 -0.0115 0.001082
714.00 P 20260811 -1.00 -1.00 6 162 0.2547 -0.0117 0.001112
715.00 P 20260811 -1.00 -1.00 13 434 0.2515 -0.0123 0.001170
716.00 P 20260811 -1.00 -1.00 61 54 0.2483 -0.0128 0.001230
717.00 P 20260811 -1.00 -1.00 2 48 0.2441 -0.0130 0.001266
718.00 P 20260811 -1.00 -1.00 26 141 0.2419 -0.0140 0.001359
719.00 P 20260811 -1.00 -1.00 2 50 0.2378 -0.0143 0.001400
720.00 P 20260811 -1.00 -1.00 91 205 0.2356 -0.0153 0.001500
721.00 P 20260811 -1.00 -1.00 3 248 0.2315 -0.0156 0.001547
722.00 P 20260811 -1.00 -1.00 38 127 0.2293 -0.0166 0.001654
723.00 P 20260811 -1.00 -1.00 24 178 0.2261 -0.0173 0.001737
724.00 P 20260811 -1.00 -1.00 14 378 0.2230 -0.0181 0.001824
725.00 P 20260811 -1.00 -1.00 78 672 0.2208 -0.0192 0.001943
726.00 P 20260811 -1.00 -1.00 17 59 0.2177 -0.0200 0.002039
727.00 P 20260811 -1.00 -1.00 131 243 0.2145 -0.0208 0.002139
728.00 P 20260811 -1.00 -1.00 34 211 0.2124 -0.0220 0.002273
729.00 P 20260811 -1.00 -1.00 15 55 0.2102 -0.0232 0.002413
730.00 P 20260811 -1.00 -1.00 164 1106 0.2081 -0.0245 0.002557
731.00 P 20260811 -1.00 -1.00 16 86 0.2059 -0.0258 0.002707
732.00 P 20260811 -1.00 -1.00 15 161 0.2038 -0.0272 0.002863
733.00 P 20260811 -1.00 -1.00 42 303 0.2016 -0.0285 0.003026
734.00 P 20260811 -1.00 -1.00 169 287 0.1980 -0.0299 0.003197
735.00 P 20260811 -1.00 -1.00 269 9755 0.1947 -0.0318 0.003404
736.00 P 20260811 -1.00 -1.00 236 226 0.1915 -0.0338 0.003623
737.00 P 20260811 -1.00 -1.00 334 648 0.1883 -0.0358 0.003855
738.00 P 20260811 -1.00 -1.00 285 441 0.1851 -0.0379 0.004101
739.00 P 20260811 -1.00 -1.00 342 538 0.1823 -0.0404 0.004388
740.00 P 20260811 -1.00 -1.00 545 724 0.1796 -0.0431 0.004691
741.00 P 20260811 -1.00 -1.00 166 324 0.1769 -0.0459 0.005010
742.00 P 20260811 -1.00 -1.00 354 362 0.1742 -0.0487 0.005347
743.00 P 20260811 -1.00 -1.00 506 380 0.1725 -0.0525 0.005750
744.00 P 20260811 -1.00 -1.00 441 310 0.1703 -0.0559 0.006146
745.00 P 20260811 -1.00 -1.00 722 541 0.1690 -0.0602 0.006603
746.00 P 20260811 -1.00 -1.00 93 146 0.1673 -0.0647 0.007079
747.00 P 20260811 -1.00 -1.00 624 190 0.1638 -0.0692 0.007576
748.00 P 20260811 -1.00 -1.00 336 85 0.1606 -0.0744 0.008127
749.00 P 20260811 -1.00 -1.00 120 44 0.1577 -0.0802 0.008733
750.00 P 20260811 -1.00 -1.00 1378 539 0.1551 -0.0865 0.009395
751.00 P 20260811 -1.00 -1.00 531 58 0.1528 -0.0935 0.010110
752.00 P 20260811 -1.00 -1.00 272 391 0.1510 -0.1015 0.010890
753.00 P 20260811 -1.00 -1.00 558 117 0.1489 -0.1093 0.011694
754.00 P 20260811 -1.00 -1.00 1315 136 0.1477 -0.1184 0.012565
755.00 P 20260811 -1.00 -1.00 857 598 0.1461 -0.1284 0.013485
756.00 P 20260811 -1.00 -1.00 189 168 0.1432 -0.1394 0.014457
757.00 P 20260811 -1.00 -1.00 418 358 0.1408 -0.1519 0.015501
758.00 P 20260811 -1.00 -1.00 1385 372 0.1386 -0.1651 0.016609
759.00 P 20260811 -1.00 -1.00 795 48 0.1367 -0.1793 0.017776
760.00 P 20260811 -1.00 -1.00 1457 33 0.1358 -0.1954 0.018971
761.00 P 20260811 -1.00 -1.00 780 119 0.1356 -0.2128 0.020171
762.00 P 20260811 -1.00 -1.00 786 6 0.1336 -0.2310 0.021383
763.00 P 20260811 -1.00 -1.00 564 8 0.1311 -0.2505 0.022616
764.00 P 20260811 -1.00 -1.00 2469 124 0.1291 -0.2714 0.023883
765.00 P 20260811 -1.00 -1.00 2009 2 0.1283 -0.2947 0.025057
766.00 P 20260811 -1.00 -1.00 857 12 0.1272 -0.3180 0.026310
767.00 P 20260811 -1.00 -1.00 629 22 0.1275 -0.3437 0.027355
768.00 P 20260811 -1.00 -1.00 673 103 0.1251 -0.3699 0.028317
769.00 P 20260811 -1.00 -1.00 827 24 0.1233 -0.3975 0.029230
770.00 P 20260811 -1.00 -1.00 724 12 0.1224 -0.4266 0.029943
771.00 P 20260811 -1.00 -1.00 5195 21 0.1223 -0.4564 0.030514
772.00 P 20260811 -1.00 -1.00 526 1 0.1226 -0.4867 0.030966
773.00 P 20260811 -1.00 -1.00 499 51 0.1210 -0.5169 0.031089
774.00 P 20260811 -1.00 -1.00 364 1 0.1195 -0.5480 0.031154
775.00 P 20260811 -1.00 -1.00 242 1 0.1196 -0.5788 0.030808
776.00 P 20260811 -1.00 -1.00 559 1 0.1200 -0.6094 0.030399
777.00 P 20260811 -1.00 -1.00 193 0 0.1203 -0.6396 0.029856
778.00 P 20260811 -1.00 -1.00 1202 1 0.1191 -0.6682 0.029046
779.00 P 20260811 -1.00 -1.00 1098 0 0.1180 -0.6975 0.028185
780.00 P 20260811 -1.00 -1.00 598 0 0.1185 -0.7243 0.027015
781.00 P 20260811 -1.00 -1.00 201 0 0.1192 -0.7508 0.025837
782.00 P 20260811 -1.00 -1.00 58 0 0.1195 -0.7752 0.024555
783.00 P 20260811 -1.00 -1.00 292 0 0.1184 -0.7986 0.023218
784.00 P 20260811 -1.00 -1.00 574 0 0.1191 -0.8185 0.021743
785.00 P 20260811 -1.00 -1.00 336 0 0.1195 -0.8394 0.020337
786.00 P 20260811 -1.00 -1.00 90 0 0.1214 -0.8561 0.018896
787.00 P 20260811 -1.00 -1.00 16 0 0.1227 -0.8722 0.017510
788.00 P 20260811 -1.00 -1.00 230 0 0.1268 -0.8787 0.016325
789.00 P 20260811 -1.00 -1.00 824 0 0.1086 -0.9348 0.013935
790.00 P 20260811 -1.00 -1.00 354 0 0.1397 -0.8822 0.014363
795.00 P 20260811 -1.00 -1.00 2733 0 0.1448 -0.9342 0.009867
800.00 P 20260811 -1.00 -1.00 2976 0 0.1685 -0.9412 0.007705
805.00 P 20260811 -1.00 -1.00 513 0 0.1866 -0.9506 0.006120
810.00 P 20260811 -1.00 -1.00 73 0 0.2092 -0.9537 0.005121
815.00 P 20260811 -1.00 -1.00 6 0 0.2234 -0.9637 0.004085
820.00 P 20260811 -1.00 -1.00 2 0 0.2232 -0.9811 0.002938
825.00 P 20260811 -1.00 -1.00 2 0 0.2648 -0.9687 0.003047
830.00 P 20260811 -1.00 -1.00 2 0 0.2751 -0.9761 0.002498
835.00 P 20260811 -1.00 -1.00 -1 0 0.2930 -0.9775 0.002231
840.00 P 20260811 -1.00 -1.00 -1 0 0.3076 -0.9799 0.001974
845.00 P 20260811 -1.00 -1.00 -1 0 0.3273 -0.9801 0.001810
850.00 P 20260811 -1.00 -1.00 -1 0 0.3406 -0.9826 0.001604
855.00 P 20260811 -1.00 -1.00 -1 0 0.3344 -0.9924 0.001049
860.00 P 20260811 -1.00 -1.00 -1 0 0.3784 -0.9829 0.001385
680.00 C 20260812 -1.00 -1.00 -1 0 0.3608 0.9919 0.000516
685.00 C 20260812 -1.00 -1.00 4 4 0.3453 0.9911 0.000585
690.00 C 20260812 -1.00 -1.00 -1 0 0.3299 0.9903 0.000664
695.00 C 20260812 -1.00 -1.00 -1 0 0.3167 0.9892 0.000772
700.00 C 20260812 -1.00 -1.00 148 0 0.4087 0.9498 0.002184
701.00 C 20260812 -1.00 -1.00 4 4 0.2657 0.9933 0.000582
702.00 C 20260812 -1.00 -1.00 -1 0 0.2937 0.9871 0.000966
703.00 C 20260812 -1.00 -1.00 -1 0 0.0007 0.9998 -0.000000
704.00 C 20260812 -1.00 -1.00 -1 0 0.2193 0.9979 0.000235
705.00 C 20260812 -1.00 -1.00 93 1 0.2996 0.9806 0.001340
706.00 C 20260812 -1.00 -1.00 -1 0 0.2800 0.9857 0.001105
707.00 C 20260812 -1.00 -1.00 1 1 0.2768 0.9852 0.001147
708.00 C 20260812 -1.00 -1.00 -1 0 0.2727 0.9851 0.001173
709.00 C 20260812 -1.00 -1.00 -1 0 0.2696 0.9846 0.001219
710.00 C 20260812 -1.00 -1.00 183 2 0.3624 0.9441 0.002698
711.00 C 20260812 -1.00 -1.00 -1 0 0.2632 0.9836 0.001316
712.00 C 20260812 -1.00 -1.00 -1 0 0.2601 0.9831 0.001368
713.00 C 20260812 -1.00 -1.00 -1 0 0.2569 0.9826 0.001421
714.00 C 20260812 -1.00 -1.00 -1 0 0.2537 0.9821 0.001477
715.00 C 20260812 -1.00 -1.00 94 0 0.2687 0.9750 0.001874
716.00 C 20260812 -1.00 -1.00 -1 0 0.2484 0.9806 0.001616
717.00 C 20260812 -1.00 -1.00 8 0 0.2452 0.9800 0.001679
718.00 C 20260812 -1.00 -1.00 1 0 0.2430 0.9791 0.001766
719.00 C 20260812 -1.00 -1.00 -1 0 0.2079 0.9905 0.001034
720.00 C 20260812 -1.00 -1.00 189 8 0.3201 0.9348 0.003474
721.00 C 20260812 -1.00 -1.00 -1 0 0.2183 0.9838 0.001576
722.00 C 20260812 -1.00 -1.00 -1 0 0.2314 0.9762 0.002081
723.00 C 20260812 -1.00 -1.00 3 3 0.2292 0.9752 0.002183
724.00 C 20260812 -1.00 -1.00 -1 0 0.2270 0.9741 0.002289
725.00 C 20260812 -1.00 -1.00 127 5 0.2934 0.9305 0.003962
726.00 C 20260812 -1.00 -1.00 1 1 0.2073 0.9784 0.002127
727.00 C 20260812 -1.00 -1.00 -1 0 0.2198 0.9708 0.002629
728.00 C 20260812 -1.00 -1.00 -1 0 0.1921 0.9813 0.002019
729.00 C 20260812 -1.00 -1.00 -1 0 0.1900 0.9802 0.002156
730.00 C 20260812 -1.00 -1.00 156 72 0.2718 0.9212 0.004676
731.00 C 20260812 -1.00 -1.00 -1 0 0.2064 0.9652 0.003206
732.00 C 20260812 -1.00 -1.00 -1 0 0.2032 0.9635 0.003380
733.00 C 20260812 -1.00 -1.00 -1 0 0.2006 0.9614 0.003583
734.00 C 20260812 -1.00 -1.00 3 7 0.1975 0.9596 0.003777
735.00 C 20260812 -1.00 -1.00 2 438 0.2006 0.9526 0.004235
736.00 C 20260812 -1.00 -1.00 25 251 0.1774 0.9684 0.003464
737.00 C 20260812 -1.00 -1.00 5 43 0.1896 0.9527 0.004480
738.00 C 20260812 -1.00 -1.00 1 43 0.1874 0.9499 0.004756
739.00 C 20260812 -1.00 -1.00 2 96 0.1852 0.9470 0.005043
740.00 C 20260812 -1.00 -1.00 8 1012 0.1754 0.9505 0.005023
741.00 C 20260812 -1.00 -1.00 1 247 0.1670 0.9532 0.005037
742.00 C 20260812 -1.00 -1.00 2 322 0.1811 0.9359 0.006069
743.00 C 20260812 -1.00 -1.00 367 311 0.1734 0.9374 0.006218
744.00 C 20260812 -1.00 -1.00 1 137 0.1628 0.9414 0.006253
745.00 C 20260812 -1.00 -1.00 20 983 0.1676 0.9288 0.007049
746.00 C 20260812 -1.00 -1.00 6 125 0.1617 0.9282 0.007347
747.00 C 20260812 -1.00 -1.00 11 165 0.1574 0.9253 0.007769
748.00 C 20260812 -1.00 -1.00 29 393 0.1644 0.9061 0.008802
749.00 C 20260812 -1.00 -1.00 7 317 0.1630 0.8989 0.009400
750.00 C 20260812 -1.00 -1.00 36 290 0.1538 0.9017 0.009747
751.00 C 20260812 -1.00 -1.00 17 202 0.1559 0.8893 0.010551
752.00 C 20260812 -1.00 -1.00 41 371 0.1588 0.8762 0.011323
753.00 C 20260812 -1.00 -1.00 12 195 0.1441 0.8851 0.011757
754.00 C 20260812 -1.00 -1.00 39 320 0.1479 0.8672 0.012693
755.00 C 20260812 -1.00 -1.00 63 1200 0.1495 0.8492 0.013575
756.00 C 20260812 -1.00 -1.00 46 205 0.1476 0.8374 0.014434
757.00 C 20260812 -1.00 -1.00 89 386 0.1452 0.8260 0.015338
758.00 C 20260812 -1.00 -1.00 130 391 0.1441 0.8122 0.016266
759.00 C 20260812 -1.00 -1.00 126 516 0.1438 0.7970 0.017191
760.00 C 20260812 -1.00 -1.00 206 745 0.1431 0.7823 0.018145
761.00 C 20260812 -1.00 -1.00 192 298 0.1408 0.7656 0.019069
762.00 C 20260812 -1.00 -1.00 270 262 0.1387 0.7478 0.020024
763.00 C 20260812 -1.00 -1.00 384 299 0.1367 0.7294 0.021015
764.00 C 20260812 -1.00 -1.00 143 373 0.1359 0.7089 0.021927
765.00 C 20260812 -1.00 -1.00 541 312 0.1353 0.6879 0.022843
766.00 C 20260812 -1.00 -1.00 468 234 0.1351 0.6663 0.023707
767.00 C 20260812 -1.00 -1.00 509 80 0.1340 0.6434 0.024419
768.00 C 20260812 -1.00 -1.00 300 514 0.1315 0.6202 0.025239
769.00 C 20260812 -1.00 -1.00 350 82 0.1307 0.5949 0.025770
770.00 C 20260812 -1.00 -1.00 1316 143 0.1296 0.5694 0.026377
771.00 C 20260812 -1.00 -1.00 301 57 0.1297 0.5432 0.026754
772.00 C 20260812 -1.00 -1.00 679 115 0.1304 0.5170 0.027016
773.00 C 20260812 -1.00 -1.00 373 14 0.1286 0.4905 0.027160
774.00 C 20260812 -1.00 -1.00 259 121 0.1271 0.4634 0.027208
775.00 C 20260812 -1.00 -1.00 732 121 0.1263 0.4361 0.027090
776.00 C 20260812 -1.00 -1.00 411 5 0.1265 0.4091 0.026790
777.00 C 20260812 -1.00 -1.00 376 29 0.1271 0.3827 0.026384
778.00 C 20260812 -1.00 -1.00 225 169 0.1268 0.3572 0.025853
779.00 C 20260812 -1.00 -1.00 552 50 0.1257 0.3320 0.025172
780.00 C 20260812 -1.00 -1.00 547 541 0.1251 0.3071 0.024393
781.00 C 20260812 -1.00 -1.00 287 0 0.1253 0.2834 0.023489
782.00 C 20260812 -1.00 -1.00 132 170 0.1260 0.2606 0.022537
783.00 C 20260812 -1.00 -1.00 398 288 0.1272 0.2396 0.021533
784.00 C 20260812 -1.00 -1.00 139 1394 0.1261 0.2195 0.020473
785.00 C 20260812 -1.00 -1.00 2481 1646 0.1254 0.1997 0.019362
786.00 C 20260812 -1.00 -1.00 183 197 0.1259 0.1822 0.018201
787.00 C 20260812 -1.00 -1.00 193 36 0.1266 0.1652 0.017057
788.00 C 20260812 -1.00 -1.00 148 0 0.1279 0.1498 0.015945
789.00 C 20260812 -1.00 -1.00 196 391 0.1287 0.1361 0.014883
790.00 C 20260812 -1.00 -1.00 151 289 0.1284 0.1235 0.013831
795.00 C 20260812 -1.00 -1.00 113 14 0.1347 0.0756 0.009264
800.00 C 20260812 -1.00 -1.00 1172 14 0.1400 0.0481 0.006155
805.00 C 20260812 -1.00 -1.00 30 0 0.1520 0.0331 0.004250
810.00 C 20260812 -1.00 -1.00 18 3 0.1607 0.0245 0.003071
815.00 C 20260812 -1.00 -1.00 8 0 0.1717 0.0183 0.002242
820.00 C 20260812 -1.00 -1.00 39 654 0.1856 0.0149 0.001749
825.00 C 20260812 -1.00 -1.00 9 537 0.1967 0.0119 0.001366
830.00 C 20260812 -1.00 -1.00 207 470 0.2061 0.0097 0.001080
835.00 C 20260812 -1.00 -1.00 70 70 0.2172 0.0082 0.000877
840.00 C 20260812 -1.00 -1.00 489 497 0.2264 0.0063 0.000671
845.00 C 20260812 -1.00 -1.00 62 0 0.2392 0.0055 0.000566
850.00 C 20260812 -1.00 -1.00 15 0 0.2518 0.0048 0.000479
855.00 C 20260812 -1.00 -1.00 -1 0 0.2571 0.0037 0.000372
860.00 C 20260812 -1.00 -1.00 370 664 0.2599 0.0027 0.000271
680.00 P 20260812 -1.00 -1.00 32 95 0.3393 -0.0050 0.000363
685.00 P 20260812 -1.00 -1.00 15 168 0.3213 -0.0052 0.000400
690.00 P 20260812 -1.00 -1.00 96 200 0.3078 -0.0062 0.000486
695.00 P 20260812 -1.00 -1.00 19 302 0.2943 -0.0073 0.000585
700.00 P 20260812 -1.00 -1.00 337 274 0.2810 -0.0084 0.000701
701.00 P 20260812 -1.00 -1.00 28 265 0.2817 -0.0092 0.000760
702.00 P 20260812 -1.00 -1.00 11 131 0.2761 -0.0090 0.000757
703.00 P 20260812 -1.00 -1.00 2 9 0.2747 -0.0094 0.000797
704.00 P 20260812 -1.00 -1.00 1 75 0.2712 -0.0096 0.000817
705.00 P 20260812 -1.00 -1.00 78 245 0.2699 -0.0100 0.000859
706.00 P 20260812 -1.00 -1.00 67 48 0.2685 -0.0105 0.000902
707.00 P 20260812 -1.00 -1.00 34 48 0.2651 -0.0107 0.000925
708.00 P 20260812 -1.00 -1.00 46 11 0.2642 -0.0115 0.000992
709.00 P 20260812 -1.00 -1.00 21 78 0.2602 -0.0117 0.001017
710.00 P 20260812 -1.00 -1.00 224 345 0.2563 -0.0118 0.001044
711.00 P 20260812 -1.00 -1.00 6 86 0.2542 -0.0127 0.001116
712.00 P 20260812 -1.00 -1.00 22 79 0.2503 -0.0129 0.001146
713.00 P 20260812 -1.00 -1.00 40 119 0.2482 -0.0138 0.001224
714.00 P 20260812 -1.00 -1.00 2 63 0.2443 -0.0140 0.001258
715.00 P 20260812 -1.00 -1.00 310 159 0.2413 -0.0146 0.001317
716.00 P 20260812 -1.00 -1.00 3 30 0.2383 -0.0152 0.001379
717.00 P 20260812 -1.00 -1.00 26 31 0.2362 -0.0162 0.001467
718.00 P 20260812 -1.00 -1.00 38 97 0.2324 -0.0164 0.001511
719.00 P 20260812 -1.00 -1.00 23 59 0.2303 -0.0174 0.001606
720.00 P 20260812 -1.00 -1.00 541 971 0.2273 -0.0181 0.001680
721.00 P 20260812 -1.00 -1.00 21 181 0.2244 -0.0188 0.001757
722.00 P 20260812 -1.00 -1.00 28 263 0.2223 -0.0199 0.001862
723.00 P 20260812 -1.00 -1.00 31 137 0.2194 -0.0206 0.001946
724.00 P 20260812 -1.00 -1.00 59 36 0.2164 -0.0213 0.002034
725.00 P 20260812 -1.00 -1.00 143 545 0.2144 -0.0225 0.002151
726.00 P 20260812 -1.00 -1.00 7 115 0.2124 -0.0236 0.002272
727.00 P 20260812 -1.00 -1.00 3 59 0.2102 -0.0248 0.002400
728.00 P 20260812 -1.00 -1.00 154 75 0.2082 -0.0260 0.002530
729.00 P 20260812 -1.00 -1.00 22 110 0.2062 -0.0273 0.002664
730.00 P 20260812 -1.00 -1.00 355 711 0.2040 -0.0286 0.002805
731.00 P 20260812 -1.00 -1.00 69 128 0.2014 -0.0306 0.002996
732.00 P 20260812 -1.00 -1.00 107 64 0.1979 -0.0320 0.003151
733.00 P 20260812 -1.00 -1.00 11 54 0.1949 -0.0338 0.003338
734.00 P 20260812 -1.00 -1.00 54 98 0.1919 -0.0356 0.003535
735.00 P 20260812 -1.00 -1.00 98 2488 0.1893 -0.0380 0.003766
736.00 P 20260812 -1.00 -1.00 52 101 0.1863 -0.0399 0.003985
737.00 P 20260812 -1.00 -1.00 2369 263 0.1837 -0.0424 0.004239
738.00 P 20260812 -1.00 -1.00 68 240 0.1816 -0.0453 0.004527
739.00 P 20260812 -1.00 -1.00 104 159 0.1791 -0.0478 0.004807
740.00 P 20260812 -1.00 -1.00 142 726 0.1774 -0.0513 0.005141
741.00 P 20260812 -1.00 -1.00 34 81 0.1758 -0.0548 0.005486
742.00 P 20260812 -1.00 -1.00 52 252 0.1746 -0.0587 0.005862
743.00 P 20260812 -1.00 -1.00 67 78 0.1729 -0.0623 0.006233
744.00 P 20260812 -1.00 -1.00 72 162 0.1705 -0.0668 0.006653
745.00 P 20260812 -1.00 -1.00 403 274 0.1675 -0.0714 0.007094
746.00 P 20260812 -1.00 -1.00 283 169 0.1645 -0.0762 0.007562
747.00 P 20260812 -1.00 -1.00 218 334 0.1613 -0.0807 0.008046
748.00 P 20260812 -1.00 -1.00 138 105 0.1596 -0.0877 0.008641
749.00 P 20260812 -1.00 -1.00 118 179 0.1574 -0.0940 0.009237
750.00 P 20260812 -1.00 -1.00 336 670 0.1555 -0.1010 0.009874
751.00 P 20260812 -1.00 -1.00 122 99 0.1541 -0.1087 0.010556
752.00 P 20260812 -1.00 -1.00 253 244 0.1534 -0.1176 0.011282
753.00 P 20260812 -1.00 -1.00 196 239 0.1519 -0.1260 0.012025
754.00 P 20260812 -1.00 -1.00 243 894 0.1493 -0.1362 0.012812
755.00 P 20260812 -1.00 -1.00 679 569 0.1470 -0.1473 0.013651
756.00 P 20260812 -1.00 -1.00 343 973 0.1450 -0.1591 0.014535
757.00 P 20260812 -1.00 -1.00 111 287 0.1434 -0.1721 0.015462
758.00 P 20260812 -1.00 -1.00 198 89 0.1420 -0.1856 0.016422
759.00 P 20260812 -1.00 -1.00 509 32 0.1413 -0.2004 0.017399
760.00 P 20260812 -1.00 -1.00 629 59 0.1410 -0.2161 0.018384
761.00 P 20260812 -1.00 -1.00 547 12 0.1392 -0.2334 0.019333
762.00 P 20260812 -1.00 -1.00 865 3 0.1367 -0.2508 0.020346
763.00 P 20260812 -1.00 -1.00 328 2 0.1350 -0.2699 0.021346
764.00 P 20260812 -1.00 -1.00 350 4 0.1343 -0.2908 0.022289
765.00 P 20260812 -1.00 -1.00 400 11 0.1334 -0.3118 0.023276
766.00 P 20260812 -1.00 -1.00 249 13 0.1330 -0.3338 0.024211
767.00 P 20260812 -1.00 -1.00 136 2 0.1319 -0.3573 0.024993
768.00 P 20260812 -1.00 -1.00 191 10 0.1298 -0.3813 0.025772
769.00 P 20260812 -1.00 -1.00 162 1 0.1285 -0.4067 0.026442
770.00 P 20260812 -1.00 -1.00 970 0 0.1278 -0.4330 0.027003
771.00 P 20260812 -1.00 -1.00 310 2 0.1282 -0.4599 0.027355
772.00 P 20260812 -1.00 -1.00 79 2 0.1280 -0.4871 0.027819
773.00 P 20260812 -1.00 -1.00 19 1 0.1262 -0.5142 0.027970
774.00 P 20260812 -1.00 -1.00 91 0 0.1256 -0.5418 0.027857
775.00 P 20260812 -1.00 -1.00 92 0 0.1250 -0.5696 0.027726
776.00 P 20260812 -1.00 -1.00 12 1 0.1251 -0.5974 0.027465
777.00 P 20260812 -1.00 -1.00 31 0 0.1256 -0.6248 0.027105
778.00 P 20260812 -1.00 -1.00 22 0 0.1248 -0.6512 0.026574
779.00 P 20260812 -1.00 -1.00 53 0 0.1234 -0.6776 0.025956
780.00 P 20260812 -1.00 -1.00 100 0 0.1241 -0.7014 0.024990
781.00 P 20260812 -1.00 -1.00 39 0 0.1233 -0.7278 0.024256
782.00 P 20260812 -1.00 -1.00 26 0 0.1238 -0.7520 0.023325
783.00 P 20260812 -1.00 -1.00 30 0 0.1237 -0.7746 0.022308
784.00 P 20260812 -1.00 -1.00 8 0 0.1224 -0.7964 0.021240
785.00 P 20260812 -1.00 -1.00 2 0 0.1229 -0.8149 0.020033
786.00 P 20260812 -1.00 -1.00 4 0 0.1226 -0.8354 0.018897
787.00 P 20260812 -1.00 -1.00 4 0 0.1237 -0.8523 0.017694
788.00 P 20260812 -1.00 -1.00 90 0 0.1250 -0.8686 0.016501
789.00 P 20260812 -1.00 -1.00 1119 0 0.1314 -0.8705 0.015469
790.00 P 20260812 -1.00 -1.00 274 0 0.1306 -0.8844 0.014507
795.00 P 20260812 -1.00 -1.00 499 0 0.1528 -0.9029 0.010907
800.00 P 20260812 -1.00 -1.00 14 0 0.1611 -0.9391 0.007919
805.00 P 20260812 -1.00 -1.00 4 0 0.1711 -0.9563 0.005992
810.00 P 20260812 -1.00 -1.00 6 1 0.1823 -0.9706 0.004588
815.00 P 20260812 -1.00 -1.00 4 0 0.1995 -0.9757 0.003730
820.00 P 20260812 -1.00 -1.00 2 0 0.2245 -0.9720 0.003391
825.00 P 20260812 -1.00 -1.00 2 0 0.2448 -0.9730 0.002976
830.00 P 20260812 -1.00 -1.00 2 0 0.2587 -0.9770 0.002567
835.00 P 20260812 -1.00 -1.00 2 0 0.2794 -0.9765 0.002336
840.00 P 20260812 -1.00 -1.00 2 0 0.2881 -0.9811 0.002004
845.00 P 20260812 -1.00 -1.00 -1 0 0.2995 -0.9842 0.001736
850.00 P 20260812 -1.00 -1.00 -1 0 0.3158 -0.9849 0.001576
855.00 P 20260812 -1.00 -1.00 -1 0 0.3321 -0.9856 0.001439
860.00 P 20260812 -1.00 -1.00 -1 0 0.3482 -0.9862 0.001320
680.00 C 20260813 -1.00 -1.00 -1 0 0.3685 0.9877 0.000698
685.00 C 20260813 -1.00 -1.00 -1 0 0.3250 0.9913 0.000577
690.00 C 20260813 -1.00 -1.00 -1 0 0.3327 0.9856 0.000880
695.00 C 20260813 -1.00 -1.00 -1 0 0.3456 0.9757 0.001340
700.00 C 20260813 -1.00 -1.00 -1 0 0.3275 0.9741 0.001497
701.00 C 20260813 -1.00 -1.00 -1 0 0.2961 0.9821 0.001193
702.00 C 20260813 -1.00 -1.00 -1 0 0.2930 0.9817 0.001231
703.00 C 20260813 -1.00 -1.00 -1 0 0.2900 0.9812 0.001270
704.00 C 20260813 -1.00 -1.00 -1 0 0.2869 0.9808 0.001311
705.00 C 20260813 -1.00 -1.00 1 0 0.2830 0.9806 0.001340
706.00 C 20260813 -1.00 -1.00 1 1 0.2808 0.9798 0.001397
707.00 C 20260813 -1.00 -1.00 -1 0 0.2393 0.9912 0.000791
708.00 C 20260813 -1.00 -1.00 -1 0 0.2489 0.9885 0.000975
709.00 C 20260813 -1.00 -1.00 -1 0 0.2923 0.9718 0.001816
710.00 C 20260813 -1.00 -1.00 1 1 0.2687 0.9778 0.001589
711.00 C 20260813 -1.00 -1.00 -1 0 0.2657 0.9773 0.001641
712.00 C 20260813 -1.00 -1.00 -1 0 0.2627 0.9767 0.001696
713.00 C 20260813 -1.00 -1.00 -1 0 0.2288 0.9885 0.001063
714.00 C 20260813 -1.00 -1.00 -1 0 0.2576 0.9753 0.001825
715.00 C 20260813 -1.00 -1.00 2 0 0.2288 0.9848 0.001338
716.00 C 20260813 -1.00 -1.00 -1 0 0.2525 0.9738 0.001962
717.00 C 20260813 -1.00 -1.00 -1 0 0.2503 0.9729 0.002042
718.00 C 20260813 -1.00 -1.00 -1 0 0.2474 0.9723 0.002110
719.00 C 20260813 -1.00 -1.00 -1 0 0.2450 0.9713 0.002194
720.00 C 20260813 -1.00 -1.00 -1 0 0.2416 0.9704 0.002282
721.00 C 20260813 -1.00 -1.00 -1 0 0.2382 0.9694 0.002374
722.00 C 20260813 -1.00 -1.00 -1 0 0.2347 0.9684 0.002471
723.00 C 20260813 -1.00 -1.00 -1 0 0.2313 0.9673 0.002572
724.00 C 20260813 -1.00 -1.00 -1 0 0.2279 0.9662 0.002678
725.00 C 20260813 -1.00 -1.00 2 1 0.2249 0.9648 0.002804
726.00 C 20260813 -1.00 -1.00 -1 0 0.2215 0.9636 0.002920
727.00 C 20260813 -1.00 -1.00 -1 0 0.2046 0.9724 0.002541
728.00 C 20260813 -1.00 -1.00 -1 0 0.2155 0.9606 0.003202
729.00 C 20260813 -1.00 -1.00 1 1 0.1998 0.9694 0.002833
730.00 C 20260813 -1.00 -1.00 4 3 0.2019 0.9634 0.003217
731.00 C 20260813 -1.00 -1.00 -1 0 0.2070 0.9553 0.003692
732.00 C 20260813 -1.00 -1.00 -1 0 0.2045 0.9532 0.003880
733.00 C 20260813 -1.00 -1.00 2 0 0.2020 0.9511 0.004077
734.00 C 20260813 -1.00 -1.00 1 2 0.1863 0.9598 0.003764
735.00 C 20260813 -1.00 -1.00 1 10 0.1894 0.9528 0.004222
736.00 C 20260813 -1.00 -1.00 -1 0 0.1839 0.9530 0.004332
737.00 C 20260813 -1.00 -1.00 -1 0 0.1932 0.9412 0.004991
738.00 C 20260813 -1.00 -1.00 -1 0 0.1853 0.9430 0.005064
739.00 C 20260813 -1.00 -1.00 -1 0 0.1974 0.9248 0.005875
740.00 C 20260813 -1.00 -1.00 28 289 0.1935 0.9222 0.006145
741.00 C 20260813 -1.00 -1.00 21 7 0.1826 0.9282 0.006145
742.00 C 20260813 -1.00 -1.00 3 27 0.1753 0.9300 0.006289
743.00 C 20260813 -1.00 -1.00 6 18 0.1783 0.9181 0.006925
744.00 C 20260813 -1.00 -1.00 22 8 0.1630 0.9307 0.006713
745.00 C 20260813 -1.00 -1.00 9 193 0.1931 0.8859 0.008241
746.00 C 20260813 -1.00 -1.00 1 27 0.1585 0.9198 0.007671
747.00 C 20260813 -1.00 -1.00 4 254 0.1887 0.8753 0.009049
748.00 C 20260813 -1.00 -1.00 10 22 0.1610 0.8986 0.009006
749.00 C 20260813 -1.00 -1.00 4 28 0.1625 0.8880 0.009647
750.00 C 20260813 -1.00 -1.00 37 359 0.1592 0.8833 0.010176
751.00 C 20260813 -1.00 -1.00 2 147 0.1683 0.8588 0.010935
752.00 C 20260813 -1.00 -1.00 1 134 0.1495 0.8771 0.011295
753.00 C 20260813 -1.00 -1.00 12 161 0.1559 0.8526 0.012123
754.00 C 20260813 -1.00 -1.00 12 118 0.1539 0.8422 0.012823
755.00 C 20260813 -1.00 -1.00 122 587 0.1514 0.8322 0.013559
756.00 C 20260813 -1.00 -1.00 18 419 0.1507 0.8193 0.014311
757.00 C 20260813 -1.00 -1.00 62 493 0.1486 0.8083 0.015111
758.00 C 20260813 -1.00 -1.00 38 527 0.1487 0.7939 0.015878
759.00 C 20260813 -1.00 -1.00 81 552 0.1474 0.7807 0.016685
760.00 C 20260813 -1.00 -1.00 129 544 0.1450 0.7657 0.017480
761.00 C 20260813 -1.00 -1.00 21 217 0.1432 0.7491 0.018265
762.00 C 20260813 -1.00 -1.00 242 174 0.1410 0.7328 0.019125
763.00 C 20260813 -1.00 -1.00 155 154 0.1399 0.7145 0.019925
764.00 C 20260813 -1.00 -1.00 222 40 0.1394 0.6952 0.020684
765.00 C 20260813 -1.00 -1.00 362 282 0.1386 0.6760 0.021481
766.00 C 20260813 -1.00 -1.00 437 141 0.1385 0.6555 0.022142
767.00 C 20260813 -1.00 -1.00 202 108 0.1364 0.6342 0.022774
768.00 C 20260813 -1.00 -1.00 180 772 0.1348 0.6119 0.023350
769.00 C 20260813 -1.00 -1.00 97 311 0.1337 0.5888 0.023874
770.00 C 20260813 -1.00 -1.00 1060 696 0.1329 0.5652 0.024358
771.00 C 20260813 -1.00 -1.00 196 93 0.1328 0.5411 0.024718
772.00 C 20260813 -1.00 -1.00 179 65 0.1332 0.5169 0.024983
773.00 C 20260813 -1.00 -1.00 142 8 0.1313 0.4925 0.025128
774.00 C 20260813 -1.00 -1.00 178 28 0.1301 0.4675 0.025132
775.00 C 20260813 -1.00 -1.00 343 93 0.1296 0.4424 0.024997
776.00 C 20260813 -1.00 -1.00 139 84 0.1289 0.4170 0.024897
777.00 C 20260813 -1.00 -1.00 290 11 0.1292 0.3923 0.024605
778.00 C 20260813 -1.00 -1.00 659 51 0.1301 0.3686 0.024155
779.00 C 20260813 -1.00 -1.00 495 106 0.1286 0.3450 0.023654
780.00 C 20260813 -1.00 -1.00 300 343 0.1277 0.3216 0.023045
781.00 C 20260813 -1.00 -1.00 273 148 0.1278 0.2995 0.022285
782.00 C 20260813 -1.00 -1.00 439 90 0.1282 0.2778 0.021504
783.00 C 20260813 -1.00 -1.00 1113 12 0.1290 0.2570 0.020684
784.00 C 20260813 -1.00 -1.00 1656 7 0.1296 0.2376 0.019831
785.00 C 20260813 -1.00 -1.00 1071 2 0.1288 0.2192 0.018914
786.00 C 20260813 -1.00 -1.00 604 0 0.1282 0.2012 0.017961
787.00 C 20260813 -1.00 -1.00 711 3 0.1284 0.1844 0.016977
788.00 C 20260813 -1.00 -1.00 438 5 0.1291 0.1687 0.015996
789.00 C 20260813 -1.00 -1.00 204 0 0.1305 0.1547 0.015040
790.00 C 20260813 -1.00 -1.00 69 3 0.1319 0.1413 0.014123
795.00 C 20260813 -1.00 -1.00 128 0 0.1339 0.0891 0.009858
800.00 C 20260813 -1.00 -1.00 464 13 0.1395 0.0579 0.006778
805.00 C 20260813 -1.00 -1.00 195 211 0.1482 0.0391 0.004672
810.00 C 20260813 -1.00 -1.00 1 564 0.1569 0.0281 0.003352
815.00 C 20260813 -1.00 -1.00 -1 0 0.1658 0.0209 0.002450
820.00 C 20260813 -1.00 -1.00 75 0 0.1775 0.0164 0.001867
825.00 C 20260813 -1.00 -1.00 271 0 0.1891 0.0129 0.001442
830.00 C 20260813 -1.00 -1.00 281 470 0.1980 0.0107 0.001157
835.00 C 20260813 -1.00 -1.00 103 0 0.2068 0.0086 0.000915
840.00 C 20260813 -1.00 -1.00 487 497 0.2172 0.0072 0.000745
845.00 C 20260813 -1.00 -1.00 -1 0 0.2275 0.0060 0.000601
850.00 C 20260813 -1.00 -1.00 -1 0 0.2395 0.0053 0.000511
855.00 C 20260813 -1.00 -1.00 -1 0 0.2427 0.0037 0.000372
860.00 C 20260813 -1.00 -1.00 173 464 0.2547 0.0036 0.000340
680.00 P 20260813 -1.00 -1.00 1 37 0.3246 -0.0056 0.000397
685.00 P 20260813 -1.00 -1.00 1 61 0.3116 -0.0065 0.000474
690.00 P 20260813 -1.00 -1.00 6 64 0.2988 -0.0075 0.000562
695.00 P 20260813 -1.00 -1.00 53 48 0.2861 -0.0086 0.000664
700.00 P 20260813 -1.00 -1.00 36 181 0.2735 -0.0098 0.000782
701.00 P 20260813 -1.00 -1.00 32 69 0.2722 -0.0102 0.000819
702.00 P 20260813 -1.00 -1.00 10 111 0.2710 -0.0107 0.000857
703.00 P 20260813 -1.00 -1.00 5 1 0.2676 -0.0108 0.000877
704.00 P 20260813 -1.00 -1.00 10 10 0.2653 -0.0113 0.000918
705.00 P 20260813 -1.00 -1.00 46 186 0.2624 -0.0118 0.000959
706.00 P 20260813 -1.00 -1.00 3 3 0.2595 -0.0122 0.001002
707.00 P 20260813 -1.00 -1.00 11 9 0.2567 -0.0127 0.001046
708.00 P 20260813 -1.00 -1.00 1 4 0.2529 -0.0129 0.001073
709.00 P 20260813 -1.00 -1.00 12 13 0.2501 -0.0134 0.001121
710.00 P 20260813 -1.00 -1.00 43 163 0.2472 -0.0140 0.001171
711.00 P 20260813 -1.00 -1.00 3 4 0.2444 -0.0145 0.001222
712.00 P 20260813 -1.00 -1.00 112 128 0.2416 -0.0151 0.001276
713.00 P 20260813 -1.00 -1.00 5 5 0.2387 -0.0156 0.001332
714.00 P 20260813 -1.00 -1.00 3 120 0.2359 -0.0162 0.001390
715.00 P 20260813 -1.00 -1.00 20 756 0.2339 -0.0172 0.001472
716.00 P 20260813 -1.00 -1.00 3 37 0.2311 -0.0178 0.001536
717.00 P 20260813 -1.00 -1.00 2 18 0.2283 -0.0184 0.001602
718.00 P 20260813 -1.00 -1.00 10 13 0.2264 -0.0194 0.001692
719.00 P 20260813 -1.00 -1.00 3 18 0.2236 -0.0201 0.001764
720.00 P 20260813 -1.00 -1.00 13 678 0.2216 -0.0211 0.001860
721.00 P 20260813 -1.00 -1.00 28 58 0.2197 -0.0221 0.001959
722.00 P 20260813 -1.00 -1.00 34 35 0.2169 -0.0229 0.002041
723.00 P 20260813 -1.00 -1.00 3 3 0.2150 -0.0240 0.002147
724.00 P 20260813 -1.00 -1.00 12 2 0.2131 -0.0251 0.002257
725.00 P 20260813 -1.00 -1.00 83 362 0.2111 -0.0262 0.002370
726.00 P 20260813 -1.00 -1.00 11 18 0.2101 -0.0277 0.002507
727.00 P 20260813 -1.00 -1.00 101 102 0.2074 -0.0289 0.002629
728.00 P 20260813 -1.00 -1.00 5 8 0.2045 -0.0305 0.002775
729.00 P 20260813 -1.00 -1.00 3 11 0.2016 -0.0321 0.002929
730.00 P 20260813 -1.00 -1.00 51 682 0.1988 -0.0338 0.003090
731.00 P 20260813 -1.00 -1.00 35 11 0.1959 -0.0355 0.003259
732.00 P 20260813 -1.00 -1.00 65 58 0.1935 -0.0376 0.003456
733.00 P 20260813 -1.00 -1.00 15 10 0.1910 -0.0398 0.003662
734.00 P 20260813 -1.00 -1.00 11 9 0.1886 -0.0421 0.003878
735.00 P 20260813 -1.00 -1.00 195 356 0.1862 -0.0444 0.004103
736.00 P 20260813 -1.00 -1.00 158 24 0.1837 -0.0467 0.004339
737.00 P 20260813 -1.00 -1.00 23 31 0.1822 -0.0499 0.004620
738.00 P 20260813 -1.00 -1.00 128 157 0.1806 -0.0531 0.004911
739.00 P 20260813 -1.00 -1.00 10 8 0.1791 -0.0563 0.005211
740.00 P 20260813 -1.00 -1.00 549 422 0.1775 -0.0596 0.005522
741.00 P 20260813 -1.00 -1.00 25 154 0.1766 -0.0637 0.005874
742.00 P 20260813 -1.00 -1.00 45 87 0.1732 -0.0672 0.006209
743.00 P 20260813 -1.00 -1.00 35 188 0.1704 -0.0715 0.006590
744.00 P 20260813 -1.00 -1.00 26 33 0.1680 -0.0766 0.007019
745.00 P 20260813 -1.00 -1.00 222 341 0.1657 -0.0818 0.007469
746.00 P 20260813 -1.00 -1.00 33 59 0.1631 -0.0869 0.007931
747.00 P 20260813 -1.00 -1.00 233 292 0.1613 -0.0931 0.008448
748.00 P 20260813 -1.00 -1.00 226 92 0.1592 -0.0991 0.008979
749.00 P 20260813 -1.00 -1.00 101 40 0.1581 -0.1066 0.009564
750.00 P 20260813 -1.00 -1.00 683 173 0.1573 -0.1144 0.010173
751.00 P 20260813 -1.00 -1.00 1237 46 0.1561 -0.1221 0.010794
752.00 P 20260813 -1.00 -1.00 1088 56 0.1537 -0.1303 0.011445
753.00 P 20260813 -1.00 -1.00 830 118 0.1515 -0.1404 0.012142
754.00 P 20260813 -1.00 -1.00 730 180 0.1494 -0.1508 0.012875
755.00 P 20260813 -1.00 -1.00 237 214 0.1474 -0.1618 0.013645
756.00 P 20260813 -1.00 -1.00 85 70 0.1461 -0.1741 0.014445
757.00 P 20260813 -1.00 -1.00 55 270 0.1451 -0.1871 0.015266
758.00 P 20260813 -1.00 -1.00 81 204 0.1441 -0.2004 0.016113
759.00 P 20260813 -1.00 -1.00 177 73 0.1435 -0.2163 0.017091
760.00 P 20260813 -1.00 -1.00 179 313 0.1409 -0.2312 0.017960
761.00 P 20260813 -1.00 -1.00 266 44 0.1388 -0.2477 0.018821
762.00 P 20260813 -1.00 -1.00 652 13 0.1372 -0.2655 0.019684
763.00 P 20260813 -1.00 -1.00 300 0 0.1358 -0.2839 0.020572
764.00 P 20260813 -1.00 -1.00 180 1 0.1355 -0.3042 0.021361
765.00 P 20260813 -1.00 -1.00 215 9 0.1346 -0.3239 0.022239
766.00 P 20260813 -1.00 -1.00 96 2 0.1345 -0.3454 0.022978
767.00 P 20260813 -1.00 -1.00 153 0 0.1324 -0.3674 0.023659
768.00 P 20260813 -1.00 -1.00 308 13 0.1307 -0.3904 0.024320
769.00 P 20260813 -1.00 -1.00 201 0 0.1298 -0.4146 0.024839
770.00 P 20260813 -1.00 -1.00 100 2 0.1288 -0.4390 0.025417
771.00 P 20260813 -1.00 -1.00 319 1 0.1292 -0.4643 0.025733
772.00 P 20260813 -1.00 -1.00 47 0 0.1288 -0.4898 0.026101
773.00 P 20260813 -1.00 -1.00 14 1 0.1273 -0.5153 0.026196
774.00 P 20260813 -1.00 -1.00 83 0 0.1257 -0.5415 0.026315
775.00 P 20260813 -1.00 -1.00 58 0 0.1249 -0.5680 0.026267
776.00 P 20260813 -1.00 -1.00 4 2 0.1252 -0.5940 0.025995
777.00 P 20260813 -1.00 -1.00 32 0 0.1259 -0.6197 0.025637
778.00 P 20260813 -1.00 -1.00 1 0 0.1248 -0.6457 0.025334
779.00 P 20260813 -1.00 -1.00 -1 0 0.1237 -0.6703 0.024752
780.00 P 20260813 -1.00 -1.00 14 0 0.1227 -0.6953 0.024137
781.00 P 20260813 -1.00 -1.00 1 0 0.1227 -0.7190 0.023360
782.00 P 20260813 -1.00 -1.00 1 0 0.1227 -0.7430 0.022597
783.00 P 20260813 -1.00 -1.00 -1 0 0.1235 -0.7654 0.021700
784.00 P 20260813 -1.00 -1.00 -1 0 0.1226 -0.7853 0.020733
785.00 P 20260813 -1.00 -1.00 -1 0 0.1213 -0.8065 0.019759
786.00 P 20260813 -1.00 -1.00 -1 0 0.1205 -0.8270 0.018747
787.00 P 20260813 -1.00 -1.00 102 0 0.1214 -0.8441 0.017639
788.00 P 20260813 -1.00 -1.00 206 0 0.1212 -0.8635 0.016547
789.00 P 20260813 -1.00 -1.00 502 0 0.1205 -0.8798 0.015520
790.00 P 20260813 -1.00 -1.00 310 0 0.1197 -0.8945 0.014452
795.00 P 20260813 -1.00 -1.00 386 0 0.1379 -0.9177 0.010612
800.00 P 20260813 -1.00 -1.00 565 0 0.1367 -0.9630 0.007275
805.00 P 20260813 -1.00 -1.00 114 0 0.1529 -0.9708 0.005614
810.00 P 20260813 -1.00 -1.00 2 0 -1.0000 -1.0000 -1.000000
815.00 P 20260813 -1.00 -1.00 2 0 -1.0000 -1.0000 -1.000000
820.00 P 20260813 -1.00 -1.00 406 0 -1.0000 -1.0000 -1.000000
825.00 P 20260813 -1.00 -1.00 -1 0 0.2042 -0.9922 0.002020
830.00 P 20260813 -1.00 -1.00 -1 0 -1.0000 -1.0000 -1.000000
835.00 P 20260813 -1.00 -1.00 -1 0 -1.0000 -1.0000 -1.000000
840.00 P 20260813 -1.00 -1.00 -1 0 -1.0000 -1.0000 -1.000000
845.00 P 20260813 -1.00 -1.00 -1 0 -1.0000 -1.0000 -1.000000
850.00 P 20260813 -1.00 -1.00 -1 0 -1.0000 -1.0000 -1.000000
855.00 P 20260813 -1.00 -1.00 -1 0 -1.0000 -1.0000 -1.000000
860.00 P 20260813 -1.00 -1.00 -1 0 -1.0000 -1.0000 -1.000000
680.00 C 20260814 -1.00 -1.00 5 11 0.4053 0.9739 0.001159
685.00 C 20260814 -1.00 -1.00 2 21 0.3892 0.9722 0.001279
690.00 C 20260814 -1.00 -1.00 5 25 0.3478 0.9764 0.001230
691.00 C 20260814 -1.00 -1.00 1 2 0.3657 0.9701 0.001442
692.00 C 20260814 -1.00 -1.00 1 5 0.3598 0.9706 0.001446
693.00 C 20260814 -1.00 -1.00 1 7 0.3580 0.9692 0.001507
694.00 C 20260814 -1.00 -1.00 1 1 0.3541 0.9687 0.001540
695.00 C 20260814 -1.00 -1.00 6 11 0.3458 0.9704 0.001511
696.00 C 20260814 -1.00 -1.00 1 2 0.3464 0.9678 0.001612
697.00 C 20260814 -1.00 -1.00 1 10 0.3426 0.9673 0.001649
698.00 C 20260814 -1.00 -1.00 5 5 0.3343 0.9690 0.001620
699.00 C 20260814 -1.00 -1.00 6 3 0.3349 0.9663 0.001728
700.00 C 20260814 -1.00 -1.00 4 515 0.3270 0.9678 0.001706
701.00 C 20260814 -1.00 -1.00 10 10 0.3228 0.9675 0.001741
702.00 C 20260814 -1.00 -1.00 10 11 0.3235 0.9647 0.001856
703.00 C 20260814 -1.00 -1.00 1 4 0.3197 0.9641 0.001901
704.00 C 20260814 -1.00 -1.00 4 5 0.3159 0.9635 0.001948
705.00 C 20260814 -1.00 -1.00 1 16 0.3121 0.9629 0.001997
706.00 C 20260814 -1.00 -1.00 33 38 0.3083 0.9623 0.002048
707.00 C 20260814 -1.00 -1.00 10 13 0.3009 0.9637 0.002038
708.00 C 20260814 -1.00 -1.00 5 26 0.2979 0.9626 0.002106
709.00 C 20260814 -1.00 -1.00 -1 0 0.2934 0.9625 0.002147
710.00 C 20260814 -1.00 -1.00 13 165 0.2912 0.9609 0.002234
711.00 C 20260814 -1.00 -1.00 1 1 0.2903 0.9587 0.002345
712.00 C 20260814 -1.00 -1.00 3 14 0.2870 0.9577 0.002416
713.00 C 20260814 -1.00 -1.00 2 10 0.2836 0.9568 0.002489
714.00 C 20260814 -1.00 -1.00 2 28 0.2759 0.9584 0.002482
715.00 C 20260814 -1.00 -1.00 4 118 0.2750 0.9560 0.002607
716.00 C 20260814 -1.00 -1.00 3 27 0.2733 0.9541 0.002718
717.00 C 20260814 -1.00 -1.00 2 14 0.2655 0.9556 0.002718
718.00 C 20260814 -1.00 -1.00 2 32 0.2667 0.9520 0.002891
719.00 C 20260814 -1.00 -1.00 2 24 0.2634 0.9509 0.002983
720.00 C 20260814 -1.00 -1.00 7 211 0.2826 0.9376 0.003413
721.00 C 20260814 -1.00 -1.00 2 9 0.2572 0.9484 0.003185
722.00 C 20260814 -1.00 -1.00 4 50 0.2499 0.9496 0.003210
723.00 C 20260814 -1.00 -1.00 18 24 0.2510 0.9458 0.003403
724.00 C 20260814 -1.00 -1.00 2 8 0.2481 0.9443 0.003522
725.00 C 20260814 -1.00 -1.00 103 227 0.2417 0.9450 0.003578
726.00 C 20260814 -1.00 -1.00 4 24 0.2424 0.9413 0.003774
727.00 C 20260814 -1.00 -1.00 2 21 0.2025 0.9659 0.002881
728.00 C 20260814 -1.00 -1.00 1 21 0.2371 0.9378 0.004053
729.00 C 20260814 -1.00 -1.00 6 51 0.2307 0.9384 0.004134
730.00 C 20260814 -1.00 -1.00 99 554 0.1731 0.9763 0.002482
731.00 C 20260814 -1.00 -1.00 115 294 0.2225 0.9365 0.004400
732.00 C 20260814 -1.00 -1.00 14 419 0.2428 0.9105 0.005159
733.00 C 20260814 -1.00 -1.00 3 396 0.2155 0.9318 0.004771
734.00 C 20260814 -1.00 -1.00 9 425 0.2171 0.9238 0.005125
735.00 C 20260814 -1.00 -1.00 12 1241 0.2020 0.9343 0.004957
736.00 C 20260814 -1.00 -1.00 2 809 0.2031 0.9263 0.005345
737.00 C 20260814 -1.00 -1.00 6 629 0.1990 0.9244 0.005557
738.00 C 20260814 -1.00 -1.00 18 714 0.2010 0.9153 0.005978
739.00 C 20260814 -1.00 -1.00 2 755 0.1978 0.9121 0.006245
740.00 C 20260814 -1.00 -1.00 89 2275 0.1971 0.9060 0.006592
741.00 C 20260814 -1.00 -1.00 26 705 0.2095 0.8868 0.007168
742.00 C 20260814 -1.00 -1.00 317 1227 0.2033 0.8861 0.007421
743.00 C 20260814 -1.00 -1.00 14 1122 0.1854 0.8978 0.007477
744.00 C 20260814 -1.00 -1.00 23 2123 0.1752 0.9021 0.007651
745.00 C 20260814 -1.00 -1.00 133 1904 0.1840 0.8847 0.008283
746.00 C 20260814 -1.00 -1.00 90 1648 0.1976 0.8589 0.008844
747.00 C 20260814 -1.00 -1.00 81 1465 0.1825 0.8695 0.009131
748.00 C 20260814 -1.00 -1.00 85 864 0.1807 0.8610 0.009580
749.00 C 20260814 -1.00 -1.00 283 1952 0.1511 0.8917 0.009603
750.00 C 20260814 -1.00 -1.00 8178 25964 0.1709 0.8526 0.010505
751.00 C 20260814 -1.00 -1.00 122 1113 0.1697 0.8425 0.011032
752.00 C 20260814 -1.00 -1.00 807 1726 0.1678 0.8333 0.011577
753.00 C 20260814 -1.00 -1.00 1010 1519 0.1653 0.8247 0.012149
754.00 C 20260814 -1.00 -1.00 1148 2387 0.1636 0.8146 0.012737
755.00 C 20260814 -1.00 -1.00 1820 2873 0.1608 0.8059 0.013372
756.00 C 20260814 -1.00 -1.00 2027 2822 0.1611 0.7931 0.013961
757.00 C 20260814 -1.00 -1.00 1780 1238 0.1601 0.7814 0.014578
758.00 C 20260814 -1.00 -1.00 728 14306 0.1573 0.7688 0.015205
759.00 C 20260814 -1.00 -1.00 1056 3998 0.1542 0.7565 0.015893
760.00 C 20260814 -1.00 -1.00 7739 21726 0.1515 0.7430 0.016595
761.00 C 20260814 -1.00 -1.00 4407 1296 0.1506 0.7266 0.017202
762.00 C 20260814 -1.00 -1.00 1373 1660 0.1492 0.7107 0.017867
763.00 C 20260814 -1.00 -1.00 564 1930 0.1481 0.6941 0.018524
764.00 C 20260814 -1.00 -1.00 1514 1124 0.1478 0.6766 0.019131
765.00 C 20260814 -1.00 -1.00 3419 2941 0.1471 0.6592 0.019755
766.00 C 20260814 -1.00 -1.00 1191 1979 0.1450 0.6403 0.020274
767.00 C 20260814 -1.00 -1.00 1487 1994 0.1431 0.6208 0.020788
768.00 C 20260814 -1.00 -1.00 1544 1383 0.1413 0.6006 0.021307
769.00 C 20260814 -1.00 -1.00 1625 1498 0.1403 0.5796 0.021728
770.00 C 20260814 -1.00 -1.00 6222 6400 0.1394 0.5582 0.022159
771.00 C 20260814 -1.00 -1.00 2130 4246 0.1392 0.5364 0.022457
772.00 C 20260814 -1.00 -1.00 2347 2242 0.1394 0.5145 0.022661
773.00 C 20260814 -1.00 -1.00 1315 1207 0.1373 0.4922 0.022815
774.00 C 20260814 -1.00 -1.00 2899 1173 0.1357 0.4694 0.022902
775.00 C 20260814 -1.00 -1.00 138015 2721 0.1347 0.4464 0.022873
776.00 C 20260814 -1.00 -1.00 2022 1961 0.1346 0.4235 0.022713
777.00 C 20260814 -1.00 -1.00 1006 1179 0.1347 0.4008 0.022505
778.00 C 20260814 -1.00 -1.00 900 1462 0.1353 0.3786 0.022222
779.00 C 20260814 -1.00 -1.00 656 1962 0.1345 0.3570 0.021847
780.00 C 20260814 -1.00 -1.00 3529 2872 0.1333 0.3355 0.021393
781.00 C 20260814 -1.00 -1.00 359 677 0.1326 0.3143 0.020854
782.00 C 20260814 -1.00 -1.00 537 782 0.1324 0.2935 0.020256
783.00 C 20260814 -1.00 -1.00 840 543 0.1328 0.2738 0.019591
784.00 C 20260814 -1.00 -1.00 702 2046 0.1336 0.2548 0.018905
785.00 C 20260814 -1.00 -1.00 6288 1894 0.1340 0.2370 0.018189
790.00 C 20260814 -1.00 -1.00 2072 6600 0.1341 0.1593 0.014146
795.00 C 20260814 -1.00 -1.00 622 558 0.1358 0.1044 0.010344
800.00 C 20260814 -1.00 -1.00 2653 2631 0.1424 0.0694 0.007347
805.00 C 20260814 -1.00 -1.00 218 308 0.1474 0.0474 0.005179
810.00 C 20260814 -1.00 -1.00 777 129 0.1576 0.0337 0.003726
815.00 C 20260814 -1.00 -1.00 222 138 0.1640 0.0252 0.002766
820.00 C 20260814 -1.00 -1.00 656 217 0.1724 0.0187 0.002043
825.00 C 20260814 -1.00 -1.00 5 89 0.1848 0.0156 0.001642
830.00 C 20260814 -1.00 -1.00 670 525 0.1947 0.0125 0.001291
835.00 C 20260814 -1.00 -1.00 987 720 0.2031 0.0104 0.001051
840.00 C 20260814 -1.00 -1.00 744 664 0.2114 0.0086 0.000845
845.00 C 20260814 -1.00 -1.00 1243 613 0.2212 0.0073 0.000697
850.00 C 20260814 -1.00 -1.00 215 1431 0.2310 0.0061 0.000572
855.00 C 20260814 -1.00 -1.00 472 879 0.2423 0.0054 0.000493
860.00 C 20260814 -1.00 -1.00 65 508 0.2509 0.0044 0.000398
680.00 P 20260814 -1.00 -1.00 142 3096 0.3120 -0.0062 0.000430
685.00 P 20260814 -1.00 -1.00 143 2644 0.2997 -0.0071 0.000508
690.00 P 20260814 -1.00 -1.00 164 5336 0.2914 -0.0088 0.000630
691.00 P 20260814 -1.00 -1.00 7 1080 0.2882 -0.0089 0.000644
692.00 P 20260814 -1.00 -1.00 5 707 0.2850 -0.0090 0.000657
693.00 P 20260814 -1.00 -1.00 1 2475 0.2818 -0.0091 0.000671
694.00 P 20260814 -1.00 -1.00 33 580 0.2825 -0.0098 0.000719
695.00 P 20260814 -1.00 -1.00 858 2571 0.2793 -0.0099 0.000735
696.00 P 20260814 -1.00 -1.00 66 827 0.2762 -0.0100 0.000751
697.00 P 20260814 -1.00 -1.00 22 1206 0.2769 -0.0107 0.000800
698.00 P 20260814 -1.00 -1.00 12 4386 0.2737 -0.0108 0.000818
699.00 P 20260814 -1.00 -1.00 62 891 0.2703 -0.0110 0.000836
700.00 P 20260814 -1.00 -1.00 1115 7434 0.2684 -0.0117 0.000888
701.00 P 20260814 -1.00 -1.00 25 780 0.2648 -0.0119 0.000909
702.00 P 20260814 -1.00 -1.00 7 985 0.2621 -0.0123 0.000947
703.00 P 20260814 -1.00 -1.00 4 395 0.2593 -0.0128 0.000987
704.00 P 20260814 -1.00 -1.00 41 773 0.2566 -0.0133 0.001028
705.00 P 20260814 -1.00 -1.00 1327 2595 0.2539 -0.0138 0.001070
706.00 P 20260814 -1.00 -1.00 38 555 0.2503 -0.0139 0.001097
707.00 P 20260814 -1.00 -1.00 8 508 0.2484 -0.0148 0.001160
708.00 P 20260814 -1.00 -1.00 11 787 0.2457 -0.0153 0.001208
709.00 P 20260814 -1.00 -1.00 48 851 0.2430 -0.0158 0.001257
710.00 P 20260814 -1.00 -1.00 2031 4495 0.2403 -0.0164 0.001308
711.00 P 20260814 -1.00 -1.00 167 1251 0.2376 -0.0169 0.001361
712.00 P 20260814 -1.00 -1.00 168 712 0.2357 -0.0178 0.001435
713.00 P 20260814 -1.00 -1.00 116 1513 0.2331 -0.0184 0.001493
714.00 P 20260814 -1.00 -1.00 262 4097 0.2304 -0.0190 0.001553
715.00 P 20260814 -1.00 -1.00 521 2659 0.2285 -0.0200 0.001633
716.00 P 20260814 -1.00 -1.00 349 1449 0.2267 -0.0209 0.001717
717.00 P 20260814 -1.00 -1.00 171 789 0.2240 -0.0216 0.001784
718.00 P 20260814 -1.00 -1.00 266 1224 0.2221 -0.0226 0.001873
719.00 P 20260814 -1.00 -1.00 40 894 0.2203 -0.0236 0.001964
720.00 P 20260814 -1.00 -1.00 990 9641 0.2185 -0.0246 0.002058
721.00 P 20260814 -1.00 -1.00 35 904 0.2166 -0.0257 0.002154
722.00 P 20260814 -1.00 -1.00 366 944 0.2148 -0.0267 0.002254
723.00 P 20260814 -1.00 -1.00 55 7551 0.2137 -0.0282 0.002375
724.00 P 20260814 -1.00 -1.00 420 4704 0.2106 -0.0293 0.002483
725.00 P 20260814 -1.00 -1.00 2380 2850 0.2079 -0.0308 0.002611
726.00 P 20260814 -1.00 -1.00 355 1061 0.2051 -0.0323 0.002746
727.00 P 20260814 -1.00 -1.00 213 1205 0.2024 -0.0338 0.002887
728.00 P 20260814 -1.00 -1.00 87 1445 0.1996 -0.0354 0.003035
729.00 P 20260814 -1.00 -1.00 99 1950 0.1973 -0.0374 0.003206
730.00 P 20260814 -1.00 -1.00 2441 6360 0.1946 -0.0391 0.003368
731.00 P 20260814 -1.00 -1.00 86 662 0.1922 -0.0412 0.003555
732.00 P 20260814 -1.00 -1.00 493 4684 0.1903 -0.0437 0.003765
733.00 P 20260814 -1.00 -1.00 698 6674 0.1884 -0.0462 0.003984
734.00 P 20260814 -1.00 -1.00 379 1321 0.1861 -0.0484 0.004195
735.00 P 20260814 -1.00 -1.00 1537 2679 0.1846 -0.0514 0.004445
736.00 P 20260814 -1.00 -1.00 661 1689 0.1831 -0.0544 0.004702
737.00 P 20260814 -1.00 -1.00 344 1803 0.1817 -0.0575 0.004968
738.00 P 20260814 -1.00 -1.00 1390 2088 0.1802 -0.0606 0.005242
739.00 P 20260814 -1.00 -1.00 848 910 0.1788 -0.0644 0.005553
740.00 P 20260814 -1.00 -1.00 6691 10575 0.1758 -0.0680 0.005860
741.00 P 20260814 -1.00 -1.00 1153 1699 0.1733 -0.0724 0.006208
742.00 P 20260814 -1.00 -1.00 709 5502 0.1709 -0.0768 0.006573
743.00 P 20260814 -1.00 -1.00 1765 1020 0.1684 -0.0814 0.006956
744.00 P 20260814 -1.00 -1.00 949 2691 0.1664 -0.0867 0.007378
745.00 P 20260814 -1.00 -1.00 3994 3107 0.1644 -0.0922 0.007818
746.00 P 20260814 -1.00 -1.00 1341 2182 0.1629 -0.0984 0.008294
747.00 P 20260814 -1.00 -1.00 526 2260 0.1607 -0.1039 0.008765
748.00 P 20260814 -1.00 -1.00 1531 1413 0.1599 -0.1112 0.009295
749.00 P 20260814 -1.00 -1.00 2281 627 0.1591 -0.1186 0.009837
750.00 P 20260814 -1.00 -1.00 15911 6382 0.1576 -0.1262 0.010399
751.00 P 20260814 -1.00 -1.00 2662 1156 0.1553 -0.1350 0.010988
752.00 P 20260814 -1.00 -1.00 1272 1110 0.1531 -0.1443 0.011609
753.00 P 20260814 -1.00 -1.00 1675 2172 0.1508 -0.1536 0.012262
754.00 P 20260814 -1.00 -1.00 3964 1731 0.1492 -0.1645 0.012947
755.00 P 20260814 -1.00 -1.00 9864 2788 0.1478 -0.1758 0.013657
756.00 P 20260814 -1.00 -1.00 4585 1123 0.1466 -0.1876 0.014390
757.00 P 20260814 -1.00 -1.00 3175 1753 0.1463 -0.2009 0.015122
758.00 P 20260814 -1.00 -1.00 36840 614 0.1460 -0.2146 0.015867
759.00 P 20260814 -1.00 -1.00 4704 267 0.1438 -0.2284 0.016623
760.00 P 20260814 -1.00 -1.00 10538 1708 0.1417 -0.2436 0.017375
761.00 P 20260814 -1.00 -1.00 2118 131 0.1402 -0.2601 0.018120
762.00 P 20260814 -1.00 -1.00 2425 41 0.1388 -0.2771 0.018885
763.00 P 20260814 -1.00 -1.00 2355 25 0.1379 -0.2950 0.019633
764.00 P 20260814 -1.00 -1.00 1620 28 0.1370 -0.3133 0.020406
765.00 P 20260814 -1.00 -1.00 7246 3240 0.1367 -0.3326 0.021127
766.00 P 20260814 -1.00 -1.00 1131 335 0.1359 -0.3531 0.021714
767.00 P 20260814 -1.00 -1.00 1007 15 0.1337 -0.3738 0.022352
768.00 P 20260814 -1.00 -1.00 4295 152 0.1325 -0.3958 0.022862
769.00 P 20260814 -1.00 -1.00 718 18 0.1315 -0.4184 0.023356
770.00 P 20260814 -1.00 -1.00 1751 489 0.1307 -0.4414 0.023852
771.00 P 20260814 -1.00 -1.00 912 3 0.1311 -0.4651 0.024115
772.00 P 20260814 -1.00 -1.00 366 58 0.1304 -0.4890 0.024498
773.00 P 20260814 -1.00 -1.00 206 3 0.1293 -0.5128 0.024527
774.00 P 20260814 -1.00 -1.00 1047 66 0.1278 -0.5373 0.024635
775.00 P 20260814 -1.00 -1.00 1069 263 0.1271 -0.5620 0.024577
776.00 P 20260814 -1.00 -1.00 210 1 0.1262 -0.5872 0.024565
777.00 P 20260814 -1.00 -1.00 470 1 0.1262 -0.6121 0.024395
778.00 P 20260814 -1.00 -1.00 29 0 0.1264 -0.6364 0.024060
779.00 P 20260814 -1.00 -1.00 217 0 0.1282 -0.6530 0.023207
780.00 P 20260814 -1.00 -1.00 30 1 0.1263 -0.6771 0.022842
781.00 P 20260814 -1.00 -1.00 384 0 0.1255 -0.7002 0.022298
782.00 P 20260814 -1.00 -1.00 8 0 0.1258 -0.7217 0.021591
783.00 P 20260814 -1.00 -1.00 14 0 0.1268 -0.7421 0.020826
784.00 P 20260814 -1.00 -1.00 18 0 0.1270 -0.7638 0.020129
785.00 P 20260814 -1.00 -1.00 21 0 0.1258 -0.7831 0.019335
790.00 P 20260814 -1.00 -1.00 1082 0 0.1264 -0.8682 0.014869
795.00 P 20260814 -1.00 -1.00 1793 0 0.1449 -0.8907 0.011346
800.00 P 20260814 -1.00 -1.00 915 1 0.1460 -0.9395 0.008189
805.00 P 20260814 -1.00 -1.00 371 1 0.1558 -0.9563 0.006287
810.00 P 20260814 -1.00 -1.00 17 0 0.1741 -0.9599 0.005213
815.00 P 20260814 -1.00 -1.00 11 0 0.1894 -0.9660 0.004338
820.00 P 20260814 -1.00 -1.00 10 0 0.2185 -0.9569 0.004078
825.00 P 20260814 -1.00 -1.00 8 0 0.2213 -0.9738 0.003151
830.00 P 20260814 -1.00 -1.00 8 0 0.2373 -0.9764 0.002735
835.00 P 20260814 -1.00 -1.00 6 0 0.2257 -0.9932 0.001620
840.00 P 20260814 -1.00 -1.00 6 0 0.0008 -1.0000 0.000000
845.00 P 20260814 -1.00 -1.00 6 0 -1.0000 -1.0000 -1.000000
850.00 P 20260814 -1.00 -1.00 6 0 0.2697 -0.9942 0.001171
855.00 P 20260814 -1.00 -1.00 6 0 -1.0000 -1.0000 -1.000000
860.00 P 20260814 -1.00 -1.00 6 0 0.3207 -0.9845 0.001457
680.00 C 20260817 -1.00 -1.00 2 1 0.3054 0.9885 0.000659
685.00 C 20260817 -1.00 -1.00 -1 0 0.2979 0.9851 0.000841
690.00 C 20260817 -1.00 -1.00 -1 0 0.2838 0.9837 0.000954
695.00 C 20260817 -1.00 -1.00 1 0 0.2939 0.9743 0.001380
700.00 C 20260817 -1.00 -1.00 -1 0 0.2546 0.9809 0.001219
701.00 C 20260817 -1.00 -1.00 -1 0 0.2549 0.9794 0.001302
702.00 C 20260817 -1.00 -1.00 -1 0 0.2748 0.9710 0.001643
703.00 C 20260817 -1.00 -1.00 -1 0 0.2511 0.9780 0.001402
704.00 C 20260817 -1.00 -1.00 -1 0 0.2478 0.9779 0.001431
705.00 C 20260817 -1.00 -1.00 -1 0 0.2408 0.9790 0.001402
706.00 C 20260817 -1.00 -1.00 -1 0 0.2585 0.9709 0.001752
707.00 C 20260817 -1.00 -1.00 -1 0 0.2393 0.9767 0.001550
708.00 C 20260817 -1.00 -1.00 -1 0 0.2346 0.9771 0.001560
709.00 C 20260817 -1.00 -1.00 -1 0 0.2371 0.9747 0.001691
710.00 C 20260817 -1.00 -1.00 -1 0 0.2431 0.9702 0.001895
711.00 C 20260817 -1.00 -1.00 -1 0 0.2189 0.9788 0.001557
712.00 C 20260817 -1.00 -1.00 -1 0 0.2440 0.9639 0.002198
713.00 C 20260817 -1.00 -1.00 -1 0 0.2375 0.9654 0.002179
714.00 C 20260817 -1.00 -1.00 -1 0 0.2062 0.9795 0.001604
715.00 C 20260817 -1.00 -1.00 2 1 0.2138 0.9746 0.001880
716.00 C 20260817 -1.00 -1.00 -1 0 0.2197 0.9694 0.002141
717.00 C 20260817 -1.00 -1.00 -1 0 0.2044 0.9753 0.001917
718.00 C 20260817 -1.00 -1.00 -1 0 0.2139 0.9676 0.002301
719.00 C 20260817 -1.00 -1.00 -1 0 0.2088 0.9683 0.002313
720.00 C 20260817 -1.00 -1.00 -1 0 0.2106 0.9636 0.002559
721.00 C 20260817 -1.00 -1.00 -1 0 0.2005 0.9685 0.002400
722.00 C 20260817 -1.00 -1.00 -1 0 0.2134 0.9550 0.003006
723.00 C 20260817 -1.00 -1.00 -1 0 0.1969 0.9646 0.002678
724.00 C 20260817 -1.00 -1.00 -1 0 0.2019 0.9571 0.003054
725.00 C 20260817 -1.00 -1.00 1 1 0.1872 0.9659 0.002736
726.00 C 20260817 -1.00 -1.00 -1 0 0.1948 0.9559 0.003240
727.00 C 20260817 -1.00 -1.00 2 0 0.1926 0.9541 0.003387
728.00 C 20260817 -1.00 -1.00 2 0 0.1930 0.9502 0.003617
729.00 C 20260817 -1.00 -1.00 -1 0 0.2012 0.9406 0.004037
730.00 C 20260817 -1.00 -1.00 168 161 0.1930 0.9431 0.004054
731.00 C 20260817 -1.00 -1.00 7 0 0.1945 0.9385 0.004304
732.00 C 20260817 -1.00 -1.00 -1 0 0.1827 0.9438 0.004234
733.00 C 20260817 -1.00 -1.00 -1 0 0.1901 0.9326 0.004709
734.00 C 20260817 -1.00 -1.00 -1 0 0.1792 0.9391 0.004631
735.00 C 20260817 -1.00 -1.00 110 51 0.1820 0.9301 0.005045
736.00 C 20260817 -1.00 -1.00 -1 0 0.1794 0.9270 0.005280
737.00 C 20260817 -1.00 -1.00 -1 0 0.1745 0.9268 0.005440
738.00 C 20260817 -1.00 -1.00 -1 0 0.1700 0.9260 0.005626
739.00 C 20260817 -1.00 -1.00 -1 0 0.1758 0.9116 0.006201
740.00 C 20260817 -1.00 -1.00 163 216 0.1721 0.9094 0.006452
741.00 C 20260817 -1.00 -1.00 -1 0 0.1701 0.9051 0.006767
742.00 C 20260817 -1.00 -1.00 1 0 0.1616 0.9090 0.006897
743.00 C 20260817 -1.00 -1.00 -1 0 0.1628 0.9001 0.007353
744.00 C 20260817 -1.00 -1.00 -1 0 0.1656 0.8896 0.007823
745.00 C 20260817 -1.00 -1.00 6 39 0.1617 0.8870 0.008157
746.00 C 20260817 -1.00 -1.00 -1 0 0.1683 0.8702 0.008669
747.00 C 20260817 -1.00 -1.00 -1 0 0.1609 0.8716 0.009004
748.00 C 20260817 -1.00 -1.00 -1 0 0.1579 0.8657 0.009430
749.00 C 20260817 -1.00 -1.00 -1 0 0.1563 0.8571 0.009897
750.00 C 20260817 -1.00 -1.00 96 134 0.1445 0.8661 0.010281
751.00 C 20260817 -1.00 -1.00 -1 0 0.1523 0.8407 0.010881
752.00 C 20260817 -1.00 -1.00 -1 0 0.1514 0.8305 0.011401
753.00 C 20260817 -1.00 -1.00 2 0 0.1494 0.8219 0.011946
754.00 C 20260817 -1.00 -1.00 3 0 0.1481 0.8119 0.012503
755.00 C 20260817 -1.00 -1.00 160 286 0.1478 0.8004 0.013053
756.00 C 20260817 -1.00 -1.00 164 0 0.1468 0.7898 0.013630
757.00 C 20260817 -1.00 -1.00 6 0 0.1456 0.7776 0.014184
758.00 C 20260817 -1.00 -1.00 5 0 0.1428 0.7660 0.014796
759.00 C 20260817 -1.00 -1.00 4 0 0.1409 0.7527 0.015394
760.00 C 20260817 -1.00 -1.00 215 340 0.1393 0.7385 0.015992
761.00 C 20260817 -1.00 -1.00 254 0 0.1379 0.7238 0.016603
762.00 C 20260817 -1.00 -1.00 165 0 0.1372 0.7079 0.017176
763.00 C 20260817 -1.00 -1.00 70 0 0.1363 0.6920 0.017778
764.00 C 20260817 -1.00 -1.00 49 0 0.1360 0.6753 0.018332
765.00 C 20260817 -1.00 -1.00 183 280 0.1354 0.6582 0.018859
766.00 C 20260817 -1.00 -1.00 92 0 0.1333 0.6405 0.019369
767.00 C 20260817 -1.00 -1.00 123 0 0.1317 0.6218 0.019839
768.00 C 20260817 -1.00 -1.00 308 0 0.1306 0.6022 0.020251
769.00 C 20260817 -1.00 -1.00 386 0 0.1299 0.5821 0.020607
770.00 C 20260817 -1.00 -1.00 344 250 0.1293 0.5618 0.020969
771.00 C 20260817 -1.00 -1.00 90 0 0.1291 0.5412 0.021252
772.00 C 20260817 -1.00 -1.00 309 0 0.1294 0.5205 0.021465
773.00 C 20260817 -1.00 -1.00 111 0 0.1278 0.4995 0.021591
774.00 C 20260817 -1.00 -1.00 164 0 0.1266 0.4781 0.021643
775.00 C 20260817 -1.00 -1.00 499 372 0.1255 0.4563 0.021663
776.00 C 20260817 -1.00 -1.00 226 0 0.1252 0.4346 0.021565
777.00 C 20260817 -1.00 -1.00 284 0 0.1249 0.4128 0.021452
778.00 C 20260817 -1.00 -1.00 140 0 0.1254 0.3916 0.021212
779.00 C 20260817 -1.00 -1.00 104 0 0.1256 0.3709 0.020935
780.00 C 20260817 -1.00 -1.00 201 100 0.1245 0.3506 0.020552
781.00 C 20260817 -1.00 -1.00 188 0 0.1236 0.3302 0.020128
782.00 C 20260817 -1.00 -1.00 333 0 0.1232 0.3103 0.019621
783.00 C 20260817 -1.00 -1.00 549 0 0.1232 0.2909 0.019077
784.00 C 20260817 -1.00 -1.00 26 0 0.1237 0.2724 0.018476
785.00 C 20260817 -1.00 -1.00 705 191 0.1244 0.2545 0.017867
786.00 C 20260817 -1.00 -1.00 8 0 0.1246 0.2379 0.017221
787.00 C 20260817 -1.00 -1.00 38 0 0.1237 0.2215 0.016543
788.00 C 20260817 -1.00 -1.00 10 0 0.1234 0.2060 0.015821
789.00 C 20260817 -1.00 -1.00 103 0 0.1234 0.1910 0.015087
790.00 C 20260817 -1.00 -1.00 215 104 0.1242 0.1778 0.014343
795.00 C 20260817 -1.00 -1.00 506 160 0.1258 0.1197 0.010859
800.00 C 20260817 -1.00 -1.00 627 5 0.1307 0.0806 0.007874
805.00 C 20260817 -1.00 -1.00 812 99 0.1339 0.0549 0.005644
810.00 C 20260817 -1.00 -1.00 156 1 0.1421 0.0399 0.004133
815.00 C 20260817 -1.00 -1.00 113 0 0.1482 0.0289 0.003037
820.00 C 20260817 -1.00 -1.00 67 0 0.1551 0.0220 0.002289
825.00 C 20260817 -1.00 -1.00 1 0 0.1643 0.0175 0.001780
830.00 C 20260817 -1.00 -1.00 3 0 0.1740 0.0138 0.001392
835.00 C 20260817 -1.00 -1.00 123 0 0.1806 0.0114 0.001121
840.00 C 20260817 -1.00 -1.00 73 0 0.1894 0.0099 0.000942
845.00 C 20260817 -1.00 -1.00 54 0 0.1967 0.0081 0.000762
850.00 C 20260817 -1.00 -1.00 102 0 0.2039 0.0065 0.000605
855.00 C 20260817 -1.00 -1.00 -1 0 0.2125 0.0054 0.000495
860.00 C 20260817 -1.00 -1.00 28 0 0.2198 0.0044 0.000401
680.00 P 20260817 -1.00 -1.00 14 635 0.2854 -0.0079 0.000516
685.00 P 20260817 -1.00 -1.00 10 10 0.2747 -0.0089 0.000596
690.00 P 20260817 -1.00 -1.00 89 192 0.2674 -0.0105 0.000714
695.00 P 20260817 -1.00 -1.00 7 117 0.2539 -0.0116 0.000820
700.00 P 20260817 -1.00 -1.00 1484 310 0.2426 -0.0141 0.001006
701.00 P 20260817 -1.00 -1.00 -1 0 0.2394 -0.0143 0.001030
702.00 P 20260817 -1.00 -1.00 -1 0 0.2377 -0.0151 0.001084
703.00 P 20260817 -1.00 -1.00 3 0 0.2346 -0.0152 0.001109
704.00 P 20260817 -1.00 -1.00 1 0 0.2322 -0.0157 0.001151
705.00 P 20260817 -1.00 -1.00 32 88 0.2298 -0.0162 0.001195
706.00 P 20260817 -1.00 -1.00 1 0 0.2282 -0.0171 0.001255
707.00 P 20260817 -1.00 -1.00 -1 0 0.2258 -0.0176 0.001302
708.00 P 20260817 -1.00 -1.00 2 0 0.2234 -0.0181 0.001350
709.00 P 20260817 -1.00 -1.00 1 0 0.2218 -0.0190 0.001416
710.00 P 20260817 -1.00 -1.00 33 395 0.2201 -0.0198 0.001484
711.00 P 20260817 -1.00 -1.00 4 0 0.2185 -0.0207 0.001553
712.00 P 20260817 -1.00 -1.00 -1 0 0.2161 -0.0213 0.001609
713.00 P 20260817 -1.00 -1.00 -1 0 0.2145 -0.0222 0.001682
714.00 P 20260817 -1.00 -1.00 -1 0 0.2129 -0.0231 0.001758
715.00 P 20260817 -1.00 -1.00 25 26 0.2105 -0.0238 0.001821
716.00 P 20260817 -1.00 -1.00 -1 0 0.2097 -0.0250 0.001915
717.00 P 20260817 -1.00 -1.00 3 0 0.2080 -0.0260 0.001997
718.00 P 20260817 -1.00 -1.00 -1 0 0.2064 -0.0270 0.002082
719.00 P 20260817 -1.00 -1.00 3 0 0.2046 -0.0280 0.002170
720.00 P 20260817 -1.00 -1.00 60 79 0.2025 -0.0296 0.002288
721.00 P 20260817 -1.00 -1.00 4 0 0.1998 -0.0307 0.002382
722.00 P 20260817 -1.00 -1.00 24 0 0.1970 -0.0317 0.002481
723.00 P 20260817 -1.00 -1.00 -1 0 0.1949 -0.0335 0.002613
724.00 P 20260817 -1.00 -1.00 1 0 0.1921 -0.0346 0.002722
725.00 P 20260817 -1.00 -1.00 241 320 0.1901 -0.0364 0.002864
726.00 P 20260817 -1.00 -1.00 -1 0 0.1880 -0.0383 0.003012
727.00 P 20260817 -1.00 -1.00 39 0 0.1860 -0.0402 0.003165
728.00 P 20260817 -1.00 -1.00 4 0 0.1840 -0.0421 0.003325
729.00 P 20260817 -1.00 -1.00 20 0 0.1819 -0.0441 0.003491
730.00 P 20260817 -1.00 -1.00 221 1818 0.1806 -0.0467 0.003689
731.00 P 20260817 -1.00 -1.00 20 0 0.1786 -0.0488 0.003868
732.00 P 20260817 -1.00 -1.00 32 0 0.1773 -0.0515 0.004079
733.00 P 20260817 -1.00 -1.00 73 0 0.1760 -0.0543 0.004295
734.00 P 20260817 -1.00 -1.00 5 0 0.1747 -0.0571 0.004518
735.00 P 20260817 -1.00 -1.00 654 726 0.1738 -0.0602 0.004758
736.00 P 20260817 -1.00 -1.00 55 0 0.1721 -0.0631 0.004997
737.00 P 20260817 -1.00 -1.00 8 0 0.1697 -0.0667 0.005262
738.00 P 20260817 -1.00 -1.00 1 0 0.1673 -0.0703 0.005539
739.00 P 20260817 -1.00 -1.00 735 0 0.1651 -0.0743 0.005840
740.00 P 20260817 -1.00 -1.00 307 422 0.1630 -0.0785 0.006154
741.00 P 20260817 -1.00 -1.00 416 0 0.1610 -0.0830 0.006491
742.00 P 20260817 -1.00 -1.00 106 0 0.1591 -0.0877 0.006843
743.00 P 20260817 -1.00 -1.00 3 0 0.1572 -0.0924 0.007210
744.00 P 20260817 -1.00 -1.00 28 0 0.1561 -0.0984 0.007619
745.00 P 20260817 -1.00 -1.00 842 533 0.1545 -0.1040 0.008029
746.00 P 20260817 -1.00 -1.00 115 0 0.1534 -0.1102 0.008463
747.00 P 20260817 -1.00 -1.00 25 0 0.1525 -0.1167 0.008915
748.00 P 20260817 -1.00 -1.00 44 0 0.1517 -0.1239 0.009392
749.00 P 20260817 -1.00 -1.00 22 0 0.1495 -0.1316 0.009880
750.00 P 20260817 -1.00 -1.00 1398 562 0.1472 -0.1394 0.010390
751.00 P 20260817 -1.00 -1.00 96 0 0.1455 -0.1483 0.010932
752.00 P 20260817 -1.00 -1.00 27 0 0.1436 -0.1573 0.011498
753.00 P 20260817 -1.00 -1.00 134 0 0.1426 -0.1680 0.012084
754.00 P 20260817 -1.00 -1.00 117 0 0.1416 -0.1787 0.012688
755.00 P 20260817 -1.00 -1.00 583 905 0.1404 -0.1893 0.013313
756.00 P 20260817 -1.00 -1.00 83 0 0.1397 -0.2009 0.013946
757.00 P 20260817 -1.00 -1.00 65 0 0.1393 -0.2134 0.014587
758.00 P 20260817 -1.00 -1.00 308 0 0.1377 -0.2266 0.015211
759.00 P 20260817 -1.00 -1.00 88 0 0.1359 -0.2405 0.015847
760.00 P 20260817 -1.00 -1.00 564 126 0.1343 -0.2552 0.016497
761.00 P 20260817 -1.00 -1.00 54 0 0.1330 -0.2706 0.017150
762.00 P 20260817 -1.00 -1.00 45 0 0.1321 -0.2869 0.017789
763.00 P 20260817 -1.00 -1.00 136 0 0.1313 -0.3036 0.018440
764.00 P 20260817 -1.00 -1.00 64 0 0.1310 -0.3211 0.019056
765.00 P 20260817 -1.00 -1.00 402 17 0.1310 -0.3394 0.019635
766.00 P 20260817 -1.00 -1.00 28 0 0.1291 -0.3580 0.020165
767.00 P 20260817 -1.00 -1.00 186 0 0.1273 -0.3772 0.020720
768.00 P 20260817 -1.00 -1.00 61 0 0.1264 -0.3977 0.021147
769.00 P 20260817 -1.00 -1.00 69 0 0.1256 -0.4186 0.021559
770.00 P 20260817 -1.00 -1.00 188 25 0.1255 -0.4401 0.021884
771.00 P 20260817 -1.00 -1.00 414 0 0.1253 -0.4617 0.022221
772.00 P 20260817 -1.00 -1.00 48 0 0.1254 -0.4838 0.022478
773.00 P 20260817 -1.00 -1.00 17 0 0.1239 -0.5057 0.022622
774.00 P 20260817 -1.00 -1.00 2 0 0.1225 -0.5281 0.022720
775.00 P 20260817 -1.00 -1.00 26 5 0.1218 -0.5508 0.022712
776.00 P 20260817 -1.00 -1.00 1 0 0.1210 -0.5739 0.022728
777.00 P 20260817 -1.00 -1.00 10 0 0.1216 -0.5962 0.022480
778.00 P 20260817 -1.00 -1.00 -1 0 0.1214 -0.6193 0.022370
779.00 P 20260817 -1.00 -1.00 -1 0 0.1220 -0.6404 0.021933
780.00 P 20260817 -1.00 -1.00 8 271 0.1198 -0.6631 0.021712
781.00 P 20260817 -1.00 -1.00 2 0 0.1199 -0.6834 0.021147
782.00 P 20260817 -1.00 -1.00 -1 0 0.1189 -0.7056 0.020736
783.00 P 20260817 -1.00 -1.00 3 0 0.1191 -0.7260 0.020160
784.00 P 20260817 -1.00 -1.00 5 0 0.1197 -0.7456 0.019531
785.00 P 20260817 -1.00 -1.00 1147 0 0.1206 -0.7643 0.018846
786.00 P 20260817 -1.00 -1.00 1329 0 0.1203 -0.7809 0.018125
787.00 P 20260817 -1.00 -1.00 1607 0 0.1186 -0.8004 0.017502
788.00 P 20260817 -1.00 -1.00 2345 0 0.1198 -0.8140 0.016683
789.00 P 20260817 -1.00 -1.00 4441 0 0.1200 -0.8296 0.015913
790.00 P 20260817 -1.00 -1.00 9163 0 0.1206 -0.8446 0.015140
795.00 P 20260817 -1.00 -1.00 9590 0 0.1241 -0.9006 0.011577
800.00 P 20260817 -1.00 -1.00 6565 0 0.1323 -0.9348 0.008726
805.00 P 20260817 -1.00 -1.00 220 0 0.1439 -0.9507 0.006882
810.00 P 20260817 -1.00 -1.00 12 0 0.1548 -0.9620 0.005600
815.00 P 20260817 -1.00 -1.00 8 0 0.1669 -0.9697 0.004572
820.00 P 20260817 -1.00 -1.00 8 0 0.1827 -0.9715 0.003932
825.00 P 20260817 -1.00 -1.00 6 0 0.1955 -0.9762 0.003251
830.00 P 20260817 -1.00 -1.00 6 0 0.2111 -0.9772 0.002877
835.00 P 20260817 -1.00 -1.00 6 0 0.2252 -0.9790 0.002523
840.00 P 20260817 -1.00 -1.00 4 0 0.2358 -0.9814 0.002207
845.00 P 20260817 -1.00 -1.00 4 0 0.2515 -0.9810 0.002060
850.00 P 20260817 -1.00 -1.00 4 0 0.2645 -0.9818 0.001879
855.00 P 20260817 -1.00 -1.00 4 0 0.2766 -0.9830 0.001706
860.00 P 20260817 -1.00 -1.00 4 0 0.2894 -0.9836 0.001572
680.00 C 20260818 -1.00 -1.00 -1 0 0.3347 0.9765 0.001079
685.00 C 20260818 -1.00 -1.00 -1 0 0.3392 0.9683 0.001373
690.00 C 20260818 -1.00 -1.00 -1 0 0.3474 0.9545 0.001797
695.00 C 20260818 -1.00 -1.00 -1 0 0.3336 0.9504 0.002010
700.00 C 20260818 -1.00 -1.00 -1 0 0.2598 0.9758 0.001426
705.00 C 20260818 -1.00 -1.00 -1 0 0.2620 0.9652 0.001912
710.00 C 20260818 -1.00 -1.00 -1 0 0.2380 0.9677 0.001984
715.00 C 20260818 -1.00 -1.00 5 0 0.2179 0.9679 0.002161
720.00 C 20260818 -1.00 -1.00 -1 0 0.2191 0.9517 0.002993
725.00 C 20260818 -1.00 -1.00 -1 0 0.2021 0.9482 0.003445
730.00 C 20260818 -1.00 -1.00 -1 0 0.1910 0.9396 0.004162
735.00 C 20260818 -1.00 -1.00 -1 0 0.1845 0.9188 0.005345
740.00 C 20260818 -1.00 -1.00 2 0 0.1704 0.9041 0.006565
745.00 C 20260818 -1.00 -1.00 3 0 0.1665 0.8740 0.008300
750.00 C 20260818 -1.00 -1.00 3 0 0.1543 0.8405 0.010368
755.00 C 20260818 -1.00 -1.00 13 0 0.1366 0.8100 0.013170
760.00 C 20260818 -1.00 -1.00 73 0 0.1304 0.7455 0.016260
765.00 C 20260818 -1.00 -1.00 385 0 0.1462 0.6433 0.017003
770.00 C 20260818 -1.00 -1.00 596 0 0.1204 0.5646 0.021680
775.00 C 20260818 -1.00 -1.00 809 0 0.1269 0.4597 0.020690
780.00 C 20260818 -1.00 -1.00 259 0 0.1256 0.3578 0.019835
785.00 C 20260818 -1.00 -1.00 400 0 0.1248 0.2646 0.017454
790.00 C 20260818 -1.00 -1.00 631 0 0.1240 0.1875 0.014305
795.00 C 20260818 -1.00 -1.00 194 0 0.1260 0.1285 0.011038
800.00 C 20260818 -1.00 -1.00 411 0 0.1287 0.0864 0.008090
805.00 C 20260818 -1.00 -1.00 857 0 0.1331 0.0605 0.005931
810.00 C 20260818 -1.00 -1.00 37 0 0.1387 0.0424 0.004281
815.00 C 20260818 -1.00 -1.00 71 0 0.1457 0.0310 0.003176
820.00 C 20260818 -1.00 -1.00 111 0 0.1512 0.0233 0.002381
825.00 C 20260818 -1.00 -1.00 34 0 0.1595 0.0183 0.001841
680.00 P 20260818 -1.00 -1.00 9 0 0.2804 -0.0087 0.000554
685.00 P 20260818 -1.00 -1.00 -1 0 0.2750 -0.0105 0.000671
690.00 P 20260818 -1.00 -1.00 44 0 0.2616 -0.0116 0.000765
695.00 P 20260818 -1.00 -1.00 10 0 0.2492 -0.0134 0.000902
700.00 P 20260818 -1.00 -1.00 75 0 0.2396 -0.0164 0.001117
705.00 P 20260818 -1.00 -1.00 37 0 0.2281 -0.0189 0.001324
710.00 P 20260818 -1.00 -1.00 39 0 0.2187 -0.0225 0.001611
715.00 P 20260818 -1.00 -1.00 10 0 0.2116 -0.0273 0.001982
720.00 P 20260818 -1.00 -1.00 74 0 0.1996 -0.0332 0.002443
725.00 P 20260818 -1.00 -1.00 16 0 0.1890 -0.0413 0.003070
730.00 P 20260818 -1.00 -1.00 86 0 0.1809 -0.0523 0.003908
735.00 P 20260818 -1.00 -1.00 391 0 0.1731 -0.0664 0.004960
740.00 P 20260818 -1.00 -1.00 223 0 0.1627 -0.0859 0.006358
745.00 P 20260818 -1.00 -1.00 211 0 0.1559 -0.1127 0.008180
750.00 P 20260818 -1.00 -1.00 737 0 0.1475 -0.1488 0.010421
755.00 P 20260818 -1.00 -1.00 214 0 0.1418 -0.1986 0.013147
760.00 P 20260818 -1.00 -1.00 1498 0 0.1349 -0.2632 0.016073
765.00 P 20260818 -1.00 -1.00 472 0 0.1313 -0.3445 0.018958
770.00 P 20260818 -1.00 -1.00 175 0 0.1263 -0.4415 0.020998
775.00 P 20260818 -1.00 -1.00 31 0 0.1224 -0.5478 0.021829
780.00 P 20260818 -1.00 -1.00 37 0 0.1367 -0.6379 0.018876
785.00 P 20260818 -1.00 -1.00 186 0 0.1298 -0.7360 0.017552
790.00 P 20260818 -1.00 -1.00 508 0 0.1346 -0.8040 0.014605
795.00 P 20260818 -1.00 -1.00 386 0 0.1220 -0.8965 0.011735
800.00 P 20260818 -1.00 -1.00 308 0 0.1190 -0.9546 0.008568
805.00 P 20260818 -1.00 -1.00 34 0 0.1323 -0.9628 0.006782
810.00 P 20260818 -1.00 -1.00 8 0 0.1503 -0.9620 0.005718
815.00 P 20260818 -1.00 -1.00 4 0 0.1705 -0.9583 0.004973
820.00 P 20260818 -1.00 -1.00 2 0 0.1827 -0.9647 0.004231
825.00 P 20260818 -1.00 -1.00 2 0 0.1900 -0.9756 0.003333
680.00 C 20260821 -1.00 -1.00 23 2356 0.3282 0.9680 0.001296
681.00 C 20260821 -1.00 -1.00 2 66 0.3261 0.9671 0.001333
682.00 C 20260821 -1.00 -1.00 1 12 0.3233 0.9666 0.001362
683.00 C 20260821 -1.00 -1.00 1 18 0.3235 0.9646 0.001426
684.00 C 20260821 -1.00 -1.00 2 9 0.3175 0.9656 0.001418
685.00 C 20260821 -1.00 -1.00 1 1666 0.3164 0.9642 0.001470
686.00 C 20260821 -1.00 -1.00 1 87 0.3150 0.9630 0.001518
687.00 C 20260821 -1.00 -1.00 3 102 0.3103 0.9633 0.001528
688.00 C 20260821 -1.00 -1.00 17 217 0.3066 0.9632 0.001550
689.00 C 20260821 -1.00 -1.00 8 224 0.3036 0.9628 0.001581
690.00 C 20260821 -1.00 -1.00 48 5619 0.3003 0.9625 0.001609
691.00 C 20260821 -1.00 -1.00 1 15 0.2975 0.9618 0.001646
692.00 C 20260821 -1.00 -1.00 2 12 0.2948 0.9612 0.001684
693.00 C 20260821 -1.00 -1.00 2 105 0.3033 0.9547 0.001859
694.00 C 20260821 -1.00 -1.00 7 288 0.2891 0.9600 0.001759
695.00 C 20260821 -1.00 -1.00 4 3178 0.2874 0.9588 0.001814
696.00 C 20260821 -1.00 -1.00 3 150 0.2860 0.9574 0.001873
697.00 C 20260821 -1.00 -1.00 2 241 0.2868 0.9548 0.001963
698.00 C 20260821 -1.00 -1.00 4 494 0.2864 0.9529 0.002036
699.00 C 20260821 -1.00 -1.00 4 469 0.2945 0.9466 0.002202
700.00 C 20260821 -1.00 -1.00 38 7143 0.2731 0.9557 0.002027
701.00 C 20260821 -1.00 -1.00 10 123 0.2739 0.9530 0.002124
702.00 C 20260821 -1.00 -1.00 6 45 0.2684 0.9538 0.002136
703.00 C 20260821 -1.00 -1.00 1 24 0.2661 0.9528 0.002193
704.00 C 20260821 -1.00 -1.00 1 81 0.2634 0.9520 0.002248
705.00 C 20260821 -1.00 -1.00 12 3029 0.2576 0.9530 0.002257
706.00 C 20260821 -1.00 -1.00 1 51 0.2620 0.9482 0.002413
707.00 C 20260821 -1.00 -1.00 2 22 0.2565 0.9489 0.002434
708.00 C 20260821 -1.00 -1.00 1 204 0.2535 0.9482 0.002491
709.00 C 20260821 -1.00 -1.00 1 531 0.2515 0.9470 0.002563
710.00 C 20260821 -1.00 -1.00 3 3941 0.2356 0.9543 0.002414
711.00 C 20260821 -1.00 -1.00 2 120 0.2620 0.9354 0.002900
712.00 C 20260821 -1.00 -1.00 1 84 0.2453 0.9432 0.002788
713.00 C 20260821 -1.00 -1.00 1 110 0.2471 0.9397 0.002916
714.00 C 20260821 -1.00 -1.00 2 12 0.2413 0.9405 0.002951
715.00 C 20260821 -1.00 -1.00 12 1576 0.2625 0.9188 0.003412
716.00 C 20260821 -1.00 -1.00 2 89 0.2373 0.9377 0.003123
717.00 C 20260821 -1.00 -1.00 1 15 0.2362 0.9344 0.003252
718.00 C 20260821 -1.00 -1.00 1 23 0.2279 0.9382 0.003233
719.00 C 20260821 -1.00 -1.00 4 37 0.2306 0.9310 0.003451
720.00 C 20260821 -1.00 -1.00 247 5078 0.2253 0.9319 0.003502
721.00 C 20260821 -1.00 -1.00 2 44 0.2241 0.9284 0.003647
722.00 C 20260821 -1.00 -1.00 62 144 0.2199 0.9281 0.003729
723.00 C 20260821 -1.00 -1.00 36 54 0.2193 0.9239 0.003894
724.00 C 20260821 -1.00 -1.00 5 118 0.2341 0.9051 0.004305
725.00 C 20260821 -1.00 -1.00 121 3261 0.2313 0.9031 0.004429
726.00 C 20260821 -1.00 -1.00 1 1817 0.2103 0.9187 0.004263
727.00 C 20260821 -1.00 -1.00 7 264 0.2162 0.9078 0.004559
728.00 C 20260821 -1.00 -1.00 2 134 0.2162 0.9030 0.004741
729.00 C 20260821 -1.00 -1.00 14 202 0.2064 0.9078 0.004778
730.00 C 20260821 -1.00 -1.00 127 20382 0.2008 0.9085 0.004881
731.00 C 20260821 -1.00 -1.00 16 194 0.2026 0.9015 0.005122
732.00 C 20260821 -1.00 -1.00 39 316 0.1957 0.9034 0.005221
733.00 C 20260821 -1.00 -1.00 7 278 0.1953 0.8985 0.005438
734.00 C 20260821 -1.00 -1.00 130 1122 0.1905 0.8982 0.005587
735.00 C 20260821 -1.00 -1.00 126 11710 0.1910 0.8922 0.005829
736.00 C 20260821 -1.00 -1.00 30 799 0.1937 0.8841 0.006090
737.00 C 20260821 -1.00 -1.00 17 2282 0.2048 0.8643 0.006407
738.00 C 20260821 -1.00 -1.00 17 2389 0.1905 0.8758 0.006528
739.00 C 20260821 -1.00 -1.00 30 1568 0.1857 0.8744 0.006739
740.00 C 20260821 -1.00 -1.00 545 9528 0.1824 0.8708 0.006978
741.00 C 20260821 -1.00 -1.00 31 5269 0.1800 0.8659 0.007236
742.00 C 20260821 -1.00 -1.00 163 2103 0.1878 0.8465 0.007547
743.00 C 20260821 -1.00 -1.00 39 2600 0.1764 0.8535 0.007796
744.00 C 20260821 -1.00 -1.00 104 5340 0.1732 0.8494 0.008087
745.00 C 20260821 -1.00 -1.00 1651 13269 0.1713 0.8430 0.008395
746.00 C 20260821 -1.00 -1.00 81 2752 0.1676 0.8392 0.008717
747.00 C 20260821 -1.00 -1.00 503 2587 0.1676 0.8299 0.009046
748.00 C 20260821 -1.00 -1.00 258 4182 0.1481 0.8499 0.009433
749.00 C 20260821 -1.00 -1.00 171 3704 0.1631 0.8173 0.009755
750.00 C 20260821 -1.00 -1.00 5148 29367 0.1633 0.8076 0.010099
751.00 C 20260821 -1.00 -1.00 106 4463 0.1443 0.8245 0.010730
752.00 C 20260821 -1.00 -1.00 3140 7126 0.1613 0.7910 0.010836
753.00 C 20260821 -1.00 -1.00 77 3219 0.1471 0.7992 0.011549
754.00 C 20260821 -1.00 -1.00 304 5160 0.1575 0.7727 0.011591
755.00 C 20260821 -1.00 -1.00 3322 11940 0.1554 0.7627 0.011983
756.00 C 20260821 -1.00 -1.00 842 13397 0.1535 0.7523 0.012383
757.00 C 20260821 -1.00 -1.00 1243 5383 0.1518 0.7413 0.012790
758.00 C 20260821 -1.00 -1.00 1118 3349 0.1375 0.7479 0.013938
759.00 C 20260821 -1.00 -1.00 487 3052 0.1400 0.7298 0.014180
760.00 C 20260821 -1.00 -1.00 5360 20434 0.1479 0.7055 0.014023
761.00 C 20260821 -1.00 -1.00 255 2552 0.1471 0.6926 0.014424
762.00 C 20260821 -1.00 -1.00 1066 4002 0.1465 0.6794 0.014820
763.00 C 20260821 -1.00 -1.00 803 3751 0.1468 0.6653 0.015150
764.00 C 20260821 -1.00 -1.00 647 2983 0.1446 0.6515 0.015529
765.00 C 20260821 -1.00 -1.00 5940 12758 0.1423 0.6373 0.015924
766.00 C 20260821 -1.00 -1.00 1029 3892 0.1400 0.6226 0.016336
767.00 C 20260821 -1.00 -1.00 2701 4633 0.1397 0.6061 0.016551
768.00 C 20260821 -1.00 -1.00 1089 2929 0.1381 0.5902 0.016908
769.00 C 20260821 -1.00 -1.00 1142 3521 0.1376 0.5734 0.017148
770.00 C 20260821 -1.00 -1.00 23507 23333 0.1372 0.5566 0.017382
771.00 C 20260821 -1.00 -1.00 1674 5538 0.1369 0.5395 0.017599
772.00 C 20260821 -1.00 -1.00 1521 4108 0.1372 0.5224 0.017739
773.00 C 20260821 -1.00 -1.00 12174 5406 0.1354 0.5051 0.017879
774.00 C 20260821 -1.00 -1.00 929 3320 0.1341 0.4874 0.017949
775.00 C 20260821 -1.00 -1.00 18355 82982 0.1326 0.4693 0.018048
776.00 C 20260821 -1.00 -1.00 13689 4592 0.1320 0.4512 0.018015
777.00 C 20260821 -1.00 -1.00 2331 4525 0.1315 0.4329 0.017982
778.00 C 20260821 -1.00 -1.00 4718 3067 0.1311 0.4147 0.017927
779.00 C 20260821 -1.00 -1.00 7253 2323 0.1313 0.3968 0.017793
780.00 C 20260821 -1.00 -1.00 5576 24920 0.1317 0.3791 0.017640
781.00 C 20260821 -1.00 -1.00 560 1415 0.1308 0.3621 0.017399
782.00 C 20260821 -1.00 -1.00 2782 1697 0.1295 0.3446 0.017164
783.00 C 20260821 -1.00 -1.00 838 2066 0.1287 0.3274 0.016865
784.00 C 20260821 -1.00 -1.00 1607 1751 0.1283 0.3106 0.016518
785.00 C 20260821 -1.00 -1.00 4037 4062 0.1282 0.2940 0.016144
786.00 C 20260821 -1.00 -1.00 563 3029 0.1284 0.2781 0.015741
787.00 C 20260821 -1.00 -1.00 862 1420 0.1288 0.2626 0.015321
788.00 C 20260821 -1.00 -1.00 866 1478 0.1296 0.2479 0.014884
789.00 C 20260821 -1.00 -1.00 386 902 0.1287 0.2336 0.014427
790.00 C 20260821 -1.00 -1.00 5994 18117 0.1278 0.2195 0.013944
791.00 C 20260821 -1.00 -1.00 295 1137 0.1274 0.2062 0.013430
792.00 C 20260821 -1.00 -1.00 535 1802 0.1273 0.1932 0.012906
793.00 C 20260821 -1.00 -1.00 404 1452 0.1275 0.1809 0.012377
794.00 C 20260821 -1.00 -1.00 610 942 0.1279 0.1691 0.011849
795.00 C 20260821 -1.00 -1.00 17875 2570 0.1286 0.1580 0.011329
796.00 C 20260821 -1.00 -1.00 151 1046 0.1296 0.1478 0.010823
797.00 C 20260821 -1.00 -1.00 695 1252 0.1296 0.1384 0.010329
798.00 C 20260821 -1.00 -1.00 528 1298 0.1289 0.1290 0.009826
799.00 C 20260821 -1.00 -1.00 909 980 0.1288 0.1203 0.009327
800.00 C 20260821 -1.00 -1.00 11049 20404 0.1291 0.1124 0.008844
805.00 C 20260821 -1.00 -1.00 5590 10069 0.1331 0.0785 0.006662
810.00 C 20260821 -1.00 -1.00 3441 13620 0.1347 0.0555 0.004963
815.00 C 20260821 -1.00 -1.00 2261 2500 0.1397 0.0394 0.003651
820.00 C 20260821 -1.00 -1.00 1648 10662 0.1453 0.0299 0.002799
825.00 C 20260821 -1.00 -1.00 732 20069 0.1509 0.0233 0.002168
830.00 C 20260821 -1.00 -1.00 1642 12989 0.1574 0.0180 0.001669
835.00 C 20260821 -1.00 -1.00 619 2381 0.1659 0.0146 0.001339
840.00 C 20260821 -1.00 -1.00 892 5221 0.1703 0.0115 0.001057
845.00 C 20260821 -1.00 -1.00 426 5495 0.1756 0.0094 0.000849
850.00 C 20260821 -1.00 -1.00 2120 11990 0.1832 0.0081 0.000717
855.00 C 20260821 -1.00 -1.00 526 1796 0.1895 0.0066 0.000577
860.00 C 20260821 -1.00 -1.00 2520 9795 0.1958 0.0052 0.000455
680.00 P 20260821 -1.00 -1.00 398 20574 0.2740 -0.0134 0.000745
681.00 P 20260821 -1.00 -1.00 41 2539 0.2712 -0.0135 0.000759
682.00 P 20260821 -1.00 -1.00 1504 3990 0.2696 -0.0141 0.000791
683.00 P 20260821 -1.00 -1.00 25 1902 0.2668 -0.0142 0.000806
684.00 P 20260821 -1.00 -1.00 512 2765 0.2653 -0.0148 0.000840
685.00 P 20260821 -1.00 -1.00 281 17516 0.2625 -0.0150 0.000856
686.00 P 20260821 -1.00 -1.00 110 2786 0.2610 -0.0156 0.000891
687.00 P 20260821 -1.00 -1.00 24 3642 0.2594 -0.0162 0.000927
688.00 P 20260821 -1.00 -1.00 12 1463 0.2566 -0.0164 0.000945
689.00 P 20260821 -1.00 -1.00 3 2130 0.2551 -0.0170 0.000983
690.00 P 20260821 -1.00 -1.00 1333 28120 0.2523 -0.0172 0.001003
691.00 P 20260821 -1.00 -1.00 41 1966 0.2508 -0.0179 0.001042
692.00 P 20260821 -1.00 -1.00 31 1508 0.2493 -0.0185 0.001082
693.00 P 20260821 -1.00 -1.00 8 1635 0.2479 -0.0192 0.001123
694.00 P 20260821 -1.00 -1.00 32 1452 0.2451 -0.0194 0.001147
695.00 P 20260821 -1.00 -1.00 238 33081 0.2436 -0.0201 0.001190
696.00 P 20260821 -1.00 -1.00 54 4258 0.2421 -0.0208 0.001234
697.00 P 20260821 -1.00 -1.00 27 7401 0.2393 -0.0210 0.001260
698.00 P 20260821 -1.00 -1.00 36 1959 0.2379 -0.0218 0.001306
699.00 P 20260821 -1.00 -1.00 44 2024 0.2364 -0.0225 0.001353
700.00 P 20260821 -1.00 -1.00 2003 50905 0.2349 -0.0232 0.001402
701.00 P 20260821 -1.00 -1.00 288 2212 0.2335 -0.0240 0.001451
702.00 P 20260821 -1.00 -1.00 87 12206 0.2320 -0.0247 0.001502
703.00 P 20260821 -1.00 -1.00 193 2484 0.2312 -0.0257 0.001562
704.00 P 20260821 -1.00 -1.00 6 28552 0.2297 -0.0265 0.001615
705.00 P 20260821 -1.00 -1.00 842 22278 0.2282 -0.0273 0.001670
706.00 P 20260821 -1.00 -1.00 85 37864 0.2259 -0.0281 0.001726
707.00 P 20260821 -1.00 -1.00 24 1053 0.2241 -0.0294 0.001801
708.00 P 20260821 -1.00 -1.00 477 28250 0.2213 -0.0300 0.001852
709.00 P 20260821 -1.00 -1.00 45 7572 0.2191 -0.0311 0.001923
710.00 P 20260821 -1.00 -1.00 9294 59818 0.2169 -0.0322 0.001996
711.00 P 20260821 -1.00 -1.00 511 2580 0.2147 -0.0334 0.002071
712.00 P 20260821 -1.00 -1.00 109 17558 0.2126 -0.0345 0.002150
713.00 P 20260821 -1.00 -1.00 6250 13986 0.2104 -0.0357 0.002231
714.00 P 20260821 -1.00 -1.00 178 24003 0.2086 -0.0372 0.002323
715.00 P 20260821 -1.00 -1.00 7192 58228 0.2068 -0.0387 0.002419
716.00 P 20260821 -1.00 -1.00 140 10117 0.2049 -0.0402 0.002517
717.00 P 20260821 -1.00 -1.00 112 2928 0.2031 -0.0417 0.002619
718.00 P 20260821 -1.00 -1.00 5248 26559 0.2013 -0.0433 0.002724
719.00 P 20260821 -1.00 -1.00 321 2679 0.1995 -0.0449 0.002832
720.00 P 20260821 -1.00 -1.00 7611 70087 0.1977 -0.0465 0.002944
721.00 P 20260821 -1.00 -1.00 73 1576 0.1965 -0.0486 0.003075
722.00 P 20260821 -1.00 -1.00 24675 25138 0.1947 -0.0503 0.003194
723.00 P 20260821 -1.00 -1.00 7888 2871 0.1935 -0.0525 0.003332
724.00 P 20260821 -1.00 -1.00 348 5604 0.1924 -0.0547 0.003473
725.00 P 20260821 -1.00 -1.00 2901 43197 0.1909 -0.0567 0.003610
726.00 P 20260821 -1.00 -1.00 1041 2021 0.1897 -0.0590 0.003759
727.00 P 20260821 -1.00 -1.00 49197 8710 0.1891 -0.0618 0.003926
728.00 P 20260821 -1.00 -1.00 8000 1688 0.1868 -0.0644 0.004089
729.00 P 20260821 -1.00 -1.00 7709 3954 0.1845 -0.0671 0.004257
730.00 P 20260821 -1.00 -1.00 30599 58363 0.1822 -0.0698 0.004433
731.00 P 20260821 -1.00 -1.00 210 2656 0.1805 -0.0733 0.004633
732.00 P 20260821 -1.00 -1.00 12900 2859 0.1782 -0.0761 0.004824
733.00 P 20260821 -1.00 -1.00 1004 4525 0.1764 -0.0797 0.005040
734.00 P 20260821 -1.00 -1.00 7892 2650 0.1747 -0.0834 0.005263
735.00 P 20260821 -1.00 -1.00 1904 58605 0.1728 -0.0870 0.005489
736.00 P 20260821 -1.00 -1.00 426 2172 0.1711 -0.0908 0.005728
737.00 P 20260821 -1.00 -1.00 13003 3520 0.1699 -0.0954 0.005989
738.00 P 20260821 -1.00 -1.00 388 3374 0.1686 -0.0998 0.006254
739.00 P 20260821 -1.00 -1.00 695 5957 0.1678 -0.1050 0.006536
740.00 P 20260821 -1.00 -1.00 11320 29331 0.1662 -0.1093 0.006812
741.00 P 20260821 -1.00 -1.00 453 3794 0.1656 -0.1148 0.007112
742.00 P 20260821 -1.00 -1.00 311 4115 0.1646 -0.1200 0.007415
743.00 P 20260821 -1.00 -1.00 293 11165 0.1628 -0.1257 0.007730
744.00 P 20260821 -1.00 -1.00 742 4158 0.1610 -0.1322 0.008059
745.00 P 20260821 -1.00 -1.00 5458 8948 0.1587 -0.1381 0.008397
746.00 P 20260821 -1.00 -1.00 2035 6562 0.1571 -0.1452 0.008755
747.00 P 20260821 -1.00 -1.00 1857 6153 0.1550 -0.1530 0.009172
748.00 P 20260821 -1.00 -1.00 1250 3521 0.1532 -0.1602 0.009560
749.00 P 20260821 -1.00 -1.00 1680 3187 0.1519 -0.1683 0.009962
750.00 P 20260821 -1.00 -1.00 20044 58047 0.1510 -0.1771 0.010373
751.00 P 20260821 -1.00 -1.00 3726 3072 0.1499 -0.1858 0.010797
752.00 P 20260821 -1.00 -1.00 1072 2919 0.1490 -0.1949 0.011230
753.00 P 20260821 -1.00 -1.00 911 1905 0.1480 -0.2041 0.011677
754.00 P 20260821 -1.00 -1.00 2690 2625 0.1478 -0.2147 0.012117
755.00 P 20260821 -1.00 -1.00 27135 23669 0.1457 -0.2252 0.012555
756.00 P 20260821 -1.00 -1.00 2400 2698 0.1437 -0.2360 0.013015
757.00 P 20260821 -1.00 -1.00 2239 6616 0.1418 -0.2474 0.013486
758.00 P 20260821 -1.00 -1.00 2293 3742 0.1406 -0.2600 0.013940
759.00 P 20260821 -1.00 -1.00 3119 1292 0.1393 -0.2727 0.014413
760.00 P 20260821 -1.00 -1.00 13608 24195 0.1384 -0.2862 0.014873
761.00 P 20260821 -1.00 -1.00 2925 543 0.1377 -0.3001 0.015338
762.00 P 20260821 -1.00 -1.00 1512 260 0.1369 -0.3141 0.015816
763.00 P 20260821 -1.00 -1.00 726 263 0.1368 -0.3291 0.016248
764.00 P 20260821 -1.00 -1.00 3555 3517 0.1355 -0.3442 0.016692
765.00 P 20260821 -1.00 -1.00 3657 862 0.1339 -0.3600 0.017078
766.00 P 20260821 -1.00 -1.00 1747 4530 0.1322 -0.3763 0.017479
767.00 P 20260821 -1.00 -1.00 1237 40 0.1311 -0.3933 0.017837
768.00 P 20260821 -1.00 -1.00 1183 233 0.1301 -0.4107 0.018177
769.00 P 20260821 -1.00 -1.00 336 2 0.1295 -0.4286 0.018487
770.00 P 20260821 -1.00 -1.00 1743 625 0.1288 -0.4468 0.018819
771.00 P 20260821 -1.00 -1.00 899 41 0.1289 -0.4654 0.019033
772.00 P 20260821 -1.00 -1.00 128 285 0.1286 -0.4843 0.019248
773.00 P 20260821 -1.00 -1.00 138 196 0.1270 -0.5031 0.019393
774.00 P 20260821 -1.00 -1.00 293 492 0.1257 -0.5223 0.019497
775.00 P 20260821 -1.00 -1.00 423 873 0.1246 -0.5418 0.019569
776.00 P 20260821 -1.00 -1.00 312 98 0.1240 -0.5616 0.019575
777.00 P 20260821 -1.00 -1.00 51 514 0.1233 -0.5816 0.019587
778.00 P 20260821 -1.00 -1.00 80 253 0.1232 -0.6016 0.019522
779.00 P 20260821 -1.00 -1.00 133 298 0.1236 -0.6211 0.019359
780.00 P 20260821 -1.00 -1.00 92 901 0.1228 -0.6404 0.019177
781.00 P 20260821 -1.00 -1.00 81 289 0.1218 -0.6591 0.018909
782.00 P 20260821 -1.00 -1.00 106 214 0.1210 -0.6780 0.018614
783.00 P 20260821 -1.00 -1.00 4 341 0.1202 -0.6972 0.018307
784.00 P 20260821 -1.00 -1.00 252 189 0.1300 -0.6985 0.016824
785.00 P 20260821 -1.00 -1.00 608 251 0.1203 -0.7334 0.017488
786.00 P 20260821 -1.00 -1.00 241 12 0.1297 -0.7324 0.016152
787.00 P 20260821 -1.00 -1.00 311 1 0.1305 -0.7479 0.015724
788.00 P 20260821 -1.00 -1.00 430 0 0.1370 -0.7515 0.014856
789.00 P 20260821 -1.00 -1.00 600 0 0.1309 -0.7766 0.014831
790.00 P 20260821 -1.00 -1.00 1200 0 0.1355 -0.7812 0.014119
791.00 P 20260821 -1.00 -1.00 320 0 0.1343 -0.7959 0.013739
792.00 P 20260821 -1.00 -1.00 275 0 0.1363 -0.8045 0.013210
793.00 P 20260821 -1.00 -1.00 215 0 0.1346 -0.8204 0.012819
794.00 P 20260821 -1.00 -1.00 440 0 0.1361 -0.8297 0.012322
795.00 P 20260821 -1.00 -1.00 558 0 0.1387 -0.8365 0.011828
796.00 P 20260821 -1.00 -1.00 592 0 0.1249 -0.8801 0.011492
797.00 P 20260821 -1.00 -1.00 228 0 0.1183 -0.9045 0.011000
798.00 P 20260821 -1.00 -1.00 154 0 0.1211 -0.9080 0.010497
799.00 P 20260821 -1.00 -1.00 68 0 0.1206 -0.9191 0.009915
800.00 P 20260821 -1.00 -1.00 496 35 0.1295 -0.9081 0.009637
805.00 P 20260821 -1.00 -1.00 528 0 0.1264 -0.9571 0.007301
810.00 P 20260821 -1.00 -1.00 12 0 0.1343 -0.9714 0.005475
815.00 P 20260821 -1.00 -1.00 13 0 -1.0000 -1.0000 -1.000000
820.00 P 20260821 -1.00 -1.00 7 0 -1.0000 -1.0000 -1.000000
825.00 P 20260821 -1.00 -1.00 6 0 -1.0000 -1.0000 -1.000000
830.00 P 20260821 -1.00 -1.00 5 0 -1.0000 -1.0000 -1.000000
835.00 P 20260821 -1.00 -1.00 4 0 0.1959 -0.9859 0.002397
840.00 P 20260821 -1.00 -1.00 2 0 -1.0000 -1.0000 -1.000000
845.00 P 20260821 -1.00 -1.00 2 0 -1.0000 -1.0000 -1.000000
850.00 P 20260821 -1.00 -1.00 2 0 -1.0000 -1.0000 -1.000000
855.00 P 20260821 -1.00 -1.00 4 0 -1.0000 -1.0000 -1.000000
860.00 P 20260821 -1.00 -1.00 2 0 -1.0000 -1.0000 -1.000000
635.00 C 20260804 -1.00 -1.00 -1 0 -1.0000 -1.0000 -1.000000
640.00 C 20260804 -1.00 -1.00 15 15 -1.0000 -1.0000 -1.000000
645.00 C 20260804 -1.00 -1.00 -1 0 -1.0000 -1.0000 -1.000000
650.00 C 20260804 -1.00 -1.00 -1 0 -1.0000 -1.0000 -1.000000
655.00 C 20260804 -1.00 -1.00 -1 0 -1.0000 -1.0000 -1.000000
660.00 C 20260804 -1.00 -1.00 9 10 -1.0000 -1.0000 -1.000000
665.00 C 20260804 -1.00 -1.00 -1 0 -1.0000 -1.0000 -1.000000
670.00 C 20260804 -1.00 -1.00 1 1 -1.0000 -1.0000 -1.000000
675.00 C 20260804 -1.00 -1.00 -1 0 -1.0000 -1.0000 -1.000000
635.00 P 20260804 -1.00 -1.00 30 57 2.5839 -0.0010 0.000066
640.00 P 20260804 -1.00 -1.00 151 150 2.4926 -0.0010 0.000070
645.00 P 20260804 -1.00 -1.00 86 188 2.3933 -0.0011 0.000076
650.00 P 20260804 -1.00 -1.00 40 5608 2.2946 -0.0011 0.000082
655.00 P 20260804 -1.00 -1.00 7 249 2.1966 -0.0012 0.000088
660.00 P 20260804 -1.00 -1.00 1 134 2.0993 -0.0012 0.000096
665.00 P 20260804 -1.00 -1.00 1 72 2.0028 -0.0013 0.000104
670.00 P 20260804 -1.00 -1.00 23 1064 1.9070 -0.0013 0.000114
675.00 P 20260804 -1.00 -1.00 63 7527 1.8120 -0.0014 0.000125
635.00 C 20260805 -1.00 -1.00 -1 0 -1.0000 -1.0000 -1.000000
640.00 C 20260805 -1.00 -1.00 -1 0 -1.0000 -1.0000 -1.000000
645.00 C 20260805 -1.00 -1.00 -1 0 0.0003 1.0000 -0.000000
650.00 C 20260805 -1.00 -1.00 -1 0 -1.0000 -1.0000 -1.000000
655.00 C 20260805 -1.00 -1.00 -1 0 -1.0000 -1.0000 -1.000000
660.00 C 20260805 -1.00 -1.00 10 6 -1.0000 -1.0000 -1.000000
665.00 C 20260805 -1.00 -1.00 1 0 -1.0000 -1.0000 -1.000000
670.00 C 20260805 -1.00 -1.00 1 5 -1.0000 -1.0000 -1.000000
675.00 C 20260805 -1.00 -1.00 -1 0 -1.0000 -1.0000 -1.000000
635.00 P 20260805 -1.00 -1.00 55 246 1.1413 -0.0010 0.000066
640.00 P 20260805 -1.00 -1.00 1 1 1.1007 -0.0010 0.000070
645.00 P 20260805 -1.00 -1.00 21 28 1.0568 -0.0011 0.000076
650.00 P 20260805 -1.00 -1.00 1 43 1.0132 -0.0011 0.000082
655.00 P 20260805 -1.00 -1.00 108 109 0.9699 -0.0012 0.000088
660.00 P 20260805 -1.00 -1.00 22 106 0.9270 -0.0012 0.000096
665.00 P 20260805 -1.00 -1.00 77 251 0.8844 -0.0013 0.000104
670.00 P 20260805 -1.00 -1.00 67 828 0.8421 -0.0013 0.000114
675.00 P 20260805 -1.00 -1.00 2 2278 0.8002 -0.0014 0.000125
635.00 C 20260806 -1.00 -1.00 -1 0 -1.0000 -1.0000 -1.000000
640.00 C 20260806 -1.00 -1.00 -1 0 -1.0000 -1.0000 -1.000000
645.00 C 20260806 -1.00 -1.00 -1 0 -1.0000 -1.0000 -1.000000
650.00 C 20260806 -1.00 -1.00 -1 0 0.0004 0.9999 -0.000000
655.00 C 20260806 -1.00 -1.00 -1 0 0.0004 0.9999 -0.000000
660.00 C 20260806 -1.00 -1.00 -1 0 0.0004 0.9999 0.000000
665.00 C 20260806 -1.00 -1.00 -1 0 0.0004 0.9999 -0.000000
670.00 C 20260806 -1.00 -1.00 -1 0 0.0004 0.9999 -0.000000
675.00 C 20260806 -1.00 -1.00 4 0 0.0004 0.9999 0.000000
635.00 P 20260806 -1.00 -1.00 8045 8108 0.8499 -0.0010 0.000066
640.00 P 20260806 -1.00 -1.00 2684 2724 0.8194 -0.0010 0.000070
645.00 P 20260806 -1.00 -1.00 11 64 0.7867 -0.0011 0.000076
650.00 P 20260806 -1.00 -1.00 52 112 0.7542 -0.0011 0.000082
655.00 P 20260806 -1.00 -1.00 6 3 0.7221 -0.0012 0.000088
660.00 P 20260806 -1.00 -1.00 6 34 0.6901 -0.0012 0.000096
665.00 P 20260806 -1.00 -1.00 33 203 0.6584 -0.0013 0.000104
670.00 P 20260806 -1.00 -1.00 37 165 0.6270 -0.0013 0.000114
675.00 P 20260806 -1.00 -1.00 37 1310 0.5957 -0.0014 0.000125
635.00 C 20260807 -1.00 -1.00 1 1 0.0005 0.9999 -0.000000
640.00 C 20260807 -1.00 -1.00 16 17 0.7761 0.9964 0.000190
645.00 C 20260807 -1.00 -1.00 21 23 0.7494 0.9961 0.000210
650.00 C 20260807 -1.00 -1.00 1 32 0.5775 0.9994 0.000043
655.00 C 20260807 -1.00 -1.00 3 5 0.5745 0.9991 0.000064
660.00 C 20260807 -1.00 -1.00 1 4 0.5404 0.9992 0.000061
665.00 C 20260807 -1.00 -1.00 4 11 0.5376 0.9989 0.000086
670.00 C 20260807 -1.00 -1.00 2 12 0.5209 0.9986 0.000112
675.00 C 20260807 -1.00 -1.00 1 24 0.5013 0.9983 0.000142
635.00 P 20260807 -1.00 -1.00 866 2056 0.7072 -0.0010 0.000066
640.00 P 20260807 -1.00 -1.00 654 1926 0.6815 -0.0010 0.000070
645.00 P 20260807 -1.00 -1.00 31 504 0.6543 -0.0011 0.000076
650.00 P 20260807 -1.00 -1.00 19 3928 0.6273 -0.0011 0.000082
655.00 P 20260807 -1.00 -1.00 5 899 0.6006 -0.0012 0.000088
660.00 P 20260807 -1.00 -1.00 6 3284 0.5740 -0.0012 0.000096
665.00 P 20260807 -1.00 -1.00 32 3954 0.5477 -0.0013 0.000104
670.00 P 20260807 -1.00 -1.00 47 2323 0.5403 -0.0021 0.000163
675.00 P 20260807 -1.00 -1.00 553 9983 0.5143 -0.0022 0.000178
635.00 C 20260810 -1.00 -1.00 -1 0 0.0006 0.9998 0.000000
640.00 C 20260810 -1.00 -1.00 -1 0 0.0006 0.9998 0.000000
645.00 C 20260810 -1.00 -1.00 -1 0 0.0006 0.9998 0.000000
650.00 C 20260810 -1.00 -1.00 -1 0 0.4982 0.9968 0.000182
655.00 C 20260810 -1.00 -1.00 -1 0 0.0006 0.9998 -0.000000
660.00 C 20260810 -1.00 -1.00 -1 0 0.0006 0.9998 -0.000000
665.00 C 20260810 -1.00 -1.00 -1 0 0.0006 0.9998 -0.000000
670.00 C 20260810 -1.00 -1.00 -1 0 0.0006 0.9998 -0.000000
675.00 C 20260810 -1.00 -1.00 -1 0 0.0006 0.9998 -0.000000
635.00 P 20260810 -1.00 -1.00 2 1 0.5104 -0.0010 0.000065
640.00 P 20260810 -1.00 -1.00 2 182 0.4914 -0.0010 0.000070
645.00 P 20260810 -1.00 -1.00 1 179 0.4718 -0.0011 0.000075
650.00 P 20260810 -1.00 -1.00 1 72 0.4524 -0.0011 0.000081
655.00 P 20260810 -1.00 -1.00 101 207 0.4331 -0.0012 0.000088
660.00 P 20260810 -1.00 -1.00 777 214 0.4140 -0.0012 0.000095
665.00 P 20260810 -1.00 -1.00 18 169 0.4087 -0.0020 0.000149
670.00 P 20260810 -1.00 -1.00 31 88 0.3899 -0.0021 0.000162
675.00 P 20260810 -1.00 -1.00 2 186 0.3711 -0.0022 0.000178
635.00 C 20260811 -1.00 -1.00 -1 0 0.5485 0.9957 0.000202
640.00 C 20260811 -1.00 -1.00 -1 0 0.0007 0.9998 -0.000000
645.00 C 20260811 -1.00 -1.00 -1 0 0.5110 0.9951 0.000246
650.00 C 20260811 -1.00 -1.00 -1 0 0.0007 0.9998 -0.000000
655.00 C 20260811 -1.00 -1.00 -1 0 0.0007 0.9998 0.000000
660.00 C 20260811 -1.00 -1.00 -1 0 0.4525 0.9943 0.000318
665.00 C 20260811 -1.00 -1.00 -1 0 0.5074 0.9842 0.000706
670.00 C 20260811 -1.00 -1.00 -1 0 0.4165 0.9934 0.000395
675.00 C 20260811 -1.00 -1.00 -1 0 0.4022 0.9925 0.000461
635.00 P 20260811 -1.00 -1.00 1 243 0.4741 -0.0010 0.000065
640.00 P 20260811 -1.00 -1.00 35 187 0.4693 -0.0016 0.000100
645.00 P 20260811 -1.00 -1.00 2 21 0.4511 -0.0017 0.000108
650.00 P 20260811 -1.00 -1.00 1 498 0.4330 -0.0017 0.000116
655.00 P 20260811 -1.00 -1.00 6 107 0.4151 -0.0018 0.000126
660.00 P 20260811 -1.00 -1.00 20 181 0.3973 -0.0019 0.000136
665.00 P 20260811 -1.00 -1.00 26 48 0.3924 -0.0026 0.000187
670.00 P 20260811 -1.00 -1.00 5 9 0.3749 -0.0027 0.000205
675.00 P 20260811 -1.00 -1.00 8 189 0.3701 -0.0035 0.000263
635.00 C 20260812 -1.00 -1.00 -1 0 0.4839 0.9971 0.000144
640.00 C 20260812 -1.00 -1.00 -1 0 0.4918 0.9959 0.000204
645.00 C 20260812 -1.00 -1.00 -1 0 0.4515 0.9969 0.000170
650.00 C 20260812 -1.00 -1.00 -1 0 0.4416 0.9965 0.000197
655.00 C 20260812 -1.00 -1.00 -1 0 0.4294 0.9960 0.000226
660.00 C 20260812 -1.00 -1.00 -1 0 0.4220 0.9945 0.000306
665.00 C 20260812 -1.00 -1.00 3 4 0.4211 0.9923 0.000422
670.00 C 20260812 -1.00 -1.00 -1 0 0.3101 0.9990 0.000072
675.00 C 20260812 -1.00 -1.00 -1 0 0.3613 0.9945 0.000358
635.00 P 20260812 -1.00 -1.00 10 11 0.4572 -0.0015 0.000093
640.00 P 20260812 -1.00 -1.00 17 17 0.4522 -0.0021 0.000127
645.00 P 20260812 -1.00 -1.00 2 2 0.4351 -0.0022 0.000136
650.00 P 20260812 -1.00 -1.00 12 13 0.4181 -0.0023 0.000147
655.00 P 20260812 -1.00 -1.00 7 1 0.4013 -0.0024 0.000159
660.00 P 20260812 -1.00 -1.00 12 12 0.3966 -0.0031 0.000204
665.00 P 20260812 -1.00 -1.00 1 11 0.3800 -0.0032 0.000221
670.00 P 20260812 -1.00 -1.00 85 198 0.3713 -0.0040 0.000273
675.00 P 20260812 -1.00 -1.00 11 40 0.3531 -0.0041 0.000298
635.00 C 20260813 -1.00 -1.00 -1 0 0.4896 0.9953 0.000216
640.00 C 20260813 -1.00 -1.00 -1 0 0.4736 0.9949 0.000240
645.00 C 20260813 -1.00 -1.00 -1 0 0.4536 0.9949 0.000250
650.00 C 20260813 -1.00 -1.00 -1 0 0.4378 0.9945 0.000279
655.00 C 20260813 -1.00 -1.00 -1 0 0.4388 0.9922 0.000383
660.00 C 20260813 -1.00 -1.00 -1 0 0.4067 0.9935 0.000348
665.00 C 20260813 -1.00 -1.00 3 3 0.3914 0.9930 0.000389
670.00 C 20260813 -1.00 -1.00 -1 0 0.3761 0.9924 0.000435
675.00 C 20260813 -1.00 -1.00 -1 0 0.3610 0.9918 0.000488
635.00 P 20260813 -1.00 -1.00 -1 0 0.4435 -0.0021 0.000118
640.00 P 20260813 -1.00 -1.00 55 35 0.4272 -0.0021 0.000127
645.00 P 20260813 -1.00 -1.00 -1 0 0.4225 -0.0027 0.000162
650.00 P 20260813 -1.00 -1.00 -1 0 0.4065 -0.0029 0.000174
655.00 P 20260813 -1.00 -1.00 -1 0 0.3906 -0.0030 0.000188
660.00 P 20260813 -1.00 -1.00 1 1 0.3805 -0.0034 0.000218
665.00 P 20260813 -1.00 -1.00 2 7 0.3681 -0.0038 0.000250
670.00 P 20260813 -1.00 -1.00 36 52 0.3549 -0.0045 0.000302
675.00 P 20260813 -1.00 -1.00 2 41 0.3376 -0.0047 0.000330
635.00 C 20260814 -1.00 -1.00 10 10 0.5355 0.9886 0.000425
640.00 C 20260814 -1.00 -1.00 2 2 0.5166 0.9881 0.000457
645.00 C 20260814 -1.00 -1.00 1 0 0.4978 0.9875 0.000493
650.00 C 20260814 -1.00 -1.00 2 3 0.4792 0.9869 0.000533
655.00 C 20260814 -1.00 -1.00 18 18 0.4608 0.9863 0.000578
660.00 C 20260814 -1.00 -1.00 2 8 0.4433 0.9854 0.000633
665.00 C 20260814 -1.00 -1.00 1 3 0.4259 0.9845 0.000696
670.00 C 20260814 -1.00 -1.00 4 7 0.4079 0.9836 0.000760
675.00 C 20260814 -1.00 -1.00 1 5 0.3908 0.9825 0.000840
635.00 P 20260814 -1.00 -1.00 6 1719 0.4324 -0.0026 0.000140
640.00 P 20260814 -1.00 -1.00 14 530 0.4169 -0.0026 0.000150
645.00 P 20260814 -1.00 -1.00 12 2652 0.4016 -0.0027 0.000162
650.00 P 20260814 -1.00 -1.00 196 1538 0.3972 -0.0034 0.000198
655.00 P 20260814 -1.00 -1.00 14 557 0.3821 -0.0035 0.000213
660.00 P 20260814 -1.00 -1.00 52 2545 0.3704 -0.0042 0.000256
665.00 P 20260814 -1.00 -1.00 5 1448 0.3537 -0.0043 0.000278
670.00 P 20260814 -1.00 -1.00 37 2217 0.3411 -0.0051 0.000331
675.00 P 20260814 -1.00 -1.00 183 1875 0.3286 -0.0059 0.000391
635.00 C 20260817 -1.00 -1.00 -1 0 0.4196 0.9940 0.000257
640.00 C 20260817 -1.00 -1.00 -1 0 0.4073 0.9935 0.000288
645.00 C 20260817 -1.00 -1.00 -1 0 0.3880 0.9938 0.000290
650.00 C 20260817 -1.00 -1.00 -1 0 0.3549 0.9959 0.000214
655.00 C 20260817 -1.00 -1.00 -1 0 0.3604 0.9930 0.000349
660.00 C 20260817 -1.00 -1.00 -1 0 0.3642 0.9904 0.000468
665.00 C 20260817 -1.00 -1.00 -1 0 0.3472 0.9903 0.000495
670.00 C 20260817 -1.00 -1.00 -1 0 0.3453 0.9874 0.000630
675.00 C 20260817 -1.00 -1.00 2 0 0.3153 0.9898 0.000569
635.00 P 20260817 -1.00 -1.00 1 0 0.3905 -0.0030 0.000160
640.00 P 20260817 -1.00 -1.00 -1 0 0.3769 -0.0031 0.000171
645.00 P 20260817 -1.00 -1.00 1 0 0.3706 -0.0037 0.000204
650.00 P 20260817 -1.00 -1.00 74 0 0.3556 -0.0039 0.000219
655.00 P 20260817 -1.00 -1.00 -1 0 0.3442 -0.0045 0.000258
660.00 P 20260817 -1.00 -1.00 -1 0 0.3295 -0.0047 0.000279
665.00 P 20260817 -1.00 -1.00 24 141 0.3183 -0.0054 0.000328
670.00 P 20260817 -1.00 -1.00 225 0 0.3073 -0.0062 0.000383
675.00 P 20260817 -1.00 -1.00 -1 0 0.2963 -0.0070 0.000445
635.00 C 20260821 -1.00 -1.00 4 99 0.4313 0.9845 0.000524
640.00 C 20260821 -1.00 -1.00 7 2590 0.4506 0.9769 0.000715
645.00 C 20260821 -1.00 -1.00 5 238 0.4381 0.9756 0.000773
650.00 C 20260821 -1.00 -1.00 4 798 0.4127 0.9769 0.000781
651.00 C 20260821 -1.00 -1.00 2 15 0.4134 0.9760 0.000808
652.00 C 20260821 -1.00 -1.00 1 14 0.4049 0.9769 0.000795
653.00 C 20260821 -1.00 -1.00 1 3 0.4024 0.9767 0.000808
654.00 C 20260821 -1.00 -1.00 13 13 0.3992 0.9766 0.000818
655.00 C 20260821 -1.00 -1.00 1 337 0.4103 0.9735 0.000892
656.00 C 20260821 -1.00 -1.00 2 12 0.3941 0.9761 0.000845
657.00 C 20260821 -1.00 -1.00 1 36 0.3915 0.9758 0.000859
658.00 C 20260821 -1.00 -1.00 2 36 0.3890 0.9755 0.000873
659.00 C 20260821 -1.00 -1.00 1 17 0.3734 0.9782 0.000818
660.00 C 20260821 -1.00 -1.00 6 622 0.4203 0.9627 0.001144
661.00 C 20260821 -1.00 -1.00 3 7 0.3814 0.9747 0.000918
662.00 C 20260821 -1.00 -1.00 1 29 0.3788 0.9744 0.000934
663.00 C 20260821 -1.00 -1.00 2 3 0.3763 0.9741 0.000949
664.00 C 20260821 -1.00 -1.00 1 2 0.3738 0.9739 0.000965
665.00 C 20260821 -1.00 -1.00 4 1667 0.3719 0.9734 0.000985
666.00 C 20260821 -1.00 -1.00 1 64 0.3688 0.9733 0.000999
667.00 C 20260821 -1.00 -1.00 1 2 0.3663 0.9730 0.001016
668.00 C 20260821 -1.00 -1.00 2 9 0.3567 0.9743 0.000995
669.00 C 20260821 -1.00 -1.00 1 3 0.3614 0.9722 0.001055
670.00 C 20260821 -1.00 -1.00 4 1749 0.3986 0.9551 0.001404
671.00 C 20260821 -1.00 -1.00 1 4 0.3552 0.9716 0.001092
672.00 C 20260821 -1.00 -1.00 3 6 0.3521 0.9713 0.001111
673.00 C 20260821 -1.00 -1.00 2 35 0.3490 0.9709 0.001131
674.00 C 20260821 -1.00 -1.00 5 44 0.3458 0.9706 0.001151
675.00 C 20260821 -1.00 -1.00 10 4775 0.3427 0.9703 0.001172
676.00 C 20260821 -1.00 -1.00 1 6 0.3323 0.9729 0.001121
677.00 C 20260821 -1.00 -1.00 1 5 0.3369 0.9694 0.001219
678.00 C 20260821 -1.00 -1.00 7 22 0.3290 0.9715 0.001183
679.00 C 20260821 -1.00 -1.00 4 5 0.3310 0.9685 0.001268
635.00 P 20260821 -1.00 -1.00 182 15680 0.3641 -0.0051 0.000239
640.00 P 20260821 -1.00 -1.00 414 8457 0.3538 -0.0057 0.000271
645.00 P 20260821 -1.00 -1.00 29 4403 0.3421 -0.0061 0.000299
650.00 P 20260821 -1.00 -1.00 470 24073 0.3336 -0.0070 0.000346
651.00 P 20260821 -1.00 -1.00 28 1033 0.3310 -0.0070 0.000351
652.00 P 20260821 -1.00 -1.00 1 3761 0.3284 -0.0071 0.000356
653.00 P 20260821 -1.00 -1.00 1 754 0.3258 -0.0072 0.000361
654.00 P 20260821 -1.00 -1.00 10 449 0.3232 -0.0072 0.000367
655.00 P 20260821 -1.00 -1.00 8 10289 0.3237 -0.0077 0.000389
656.00 P 20260821 -1.00 -1.00 11 1365 0.3211 -0.0078 0.000395
657.00 P 20260821 -1.00 -1.00 13 4056 0.3185 -0.0078 0.000401
658.00 P 20260821 -1.00 -1.00 266 555 0.3159 -0.0079 0.000407
659.00 P 20260821 -1.00 -1.00 515 900 0.3164 -0.0084 0.000430
660.00 P 20260821 -1.00 -1.00 565 10208 0.3138 -0.0084 0.000436
661.00 P 20260821 -1.00 -1.00 8 684 0.3112 -0.0085 0.000443
662.00 P 20260821 -1.00 -1.00 1 1185 0.3086 -0.0086 0.000450
663.00 P 20260821 -1.00 -1.00 2 842 0.3091 -0.0091 0.000474
664.00 P 20260821 -1.00 -1.00 22 1503 0.3065 -0.0092 0.000482
665.00 P 20260821 -1.00 -1.00 125 5024 0.3040 -0.0092 0.000489
666.00 P 20260821 -1.00 -1.00 1 790 0.3045 -0.0097 0.000514
667.00 P 20260821 -1.00 -1.00 61 914 0.3019 -0.0098 0.000522
668.00 P 20260821 -1.00 -1.00 12 742 0.2994 -0.0099 0.000531
669.00 P 20260821 -1.00 -1.00 9 735 0.2998 -0.0104 0.000556
670.00 P 20260821 -1.00 -1.00 173 8176 0.2973 -0.0105 0.000565
671.00 P 20260821 -1.00 -1.00 8 839 0.2946 -0.0106 0.000575
672.00 P 20260821 -1.00 -1.00 4 2035 0.2930 -0.0111 0.000601
673.00 P 20260821 -1.00 -1.00 7 995 0.2901 -0.0112 0.000611
674.00 P 20260821 -1.00 -1.00 20 1894 0.2873 -0.0113 0.000621
675.00 P 20260821 -1.00 -1.00 366 22630 0.2857 -0.0119 0.000649
676.00 P 20260821 -1.00 -1.00 14 2590 0.2828 -0.0120 0.000660
677.00 P 20260821 -1.00 -1.00 1832 3985 0.2813 -0.0126 0.000689
678.00 P 20260821 -1.00 -1.00 23 2250 0.2784 -0.0127 0.000702
679.00 P 20260821 -1.00 -1.00 17 1621 0.2756 -0.0128 0.000714
865.00 C 20260804 -1.00 -1.00 -1 0 1.5378 0.0017 0.000172
870.00 C 20260804 -1.00 -1.00 -1 0 1.6109 0.0016 0.000158
875.00 C 20260804 -1.00 -1.00 -1 0 1.6837 0.0015 0.000146
880.00 C 20260804 -1.00 -1.00 -1 0 -1.0000 -1.0000 -1.000000
885.00 C 20260804 -1.00 -1.00 -1 0 -1.0000 -1.0000 -1.000000
890.00 C 20260804 -1.00 -1.00 -1 0 -1.0000 -1.0000 -1.000000
895.00 C 20260804 -1.00 -1.00 -1 0 -1.0000 -1.0000 -1.000000
900.00 C 20260804 -1.00 -1.00 -1 0 -1.0000 -1.0000 -1.000000
905.00 C 20260804 -1.00 -1.00 -1 0 -1.0000 -1.0000 -1.000000
910.00 C 20260804 -1.00 -1.00 -1 0 -1.0000 -1.0000 -1.000000
865.00 P 20260804 -1.00 -1.00 -1 0 1.9155 -0.9899 0.000712
870.00 P 20260804 -1.00 -1.00 -1 0 1.9972 -0.9903 0.000660
875.00 P 20260804 -1.00 -1.00 -1 0 2.0784 -0.9906 0.000613
880.00 P 20260804 -1.00 -1.00 -1 0 2.1592 -0.9910 0.000572
885.00 P 20260804 -1.00 -1.00 -1 0 2.2395 -0.9913 0.000535
890.00 P 20260804 -1.00 -1.00 -1 0 2.3194 -0.9915 0.000502
895.00 P 20260804 -1.00 -1.00 -1 0 2.3988 -0.9918 0.000472
900.00 P 20260804 -1.00 -1.00 -1 0 2.4777 -0.9920 0.000445
905.00 P 20260804 -1.00 -1.00 -1 0 2.5563 -0.9922 0.000421
910.00 P 20260804 -1.00 -1.00 -1 0 2.6344 -0.9924 0.000399
865.00 C 20260805 -1.00 -1.00 -1 0 -1.0000 -1.0000 -1.000000
870.00 C 20260805 -1.00 -1.00 -1 0 -1.0000 -1.0000 -1.000000
875.00 C 20260805 -1.00 -1.00 -1 0 -1.0000 -1.0000 -1.000000
880.00 C 20260805 -1.00 -1.00 -1 0 -1.0000 -1.0000 -1.000000
885.00 C 20260805 -1.00 -1.00 -1 0 -1.0000 -1.0000 -1.000000
890.00 C 20260805 -1.00 -1.00 -1 0 -1.0000 -1.0000 -1.000000
895.00 C 20260805 -1.00 -1.00 2 2 -1.0000 -1.0000 -1.000000
900.00 C 20260805 -1.00 -1.00 -1 0 -1.0000 -1.0000 -1.000000
905.00 C 20260805 -1.00 -1.00 -1 0 -1.0000 -1.0000 -1.000000
910.00 C 20260805 -1.00 -1.00 -1 0 -1.0000 -1.0000 -1.000000
865.00 P 20260805 -1.00 -1.00 -1 0 -1.0000 -1.0000 -1.000000
870.00 P 20260805 -1.00 -1.00 -1 0 -1.0000 -1.0000 -1.000000
875.00 P 20260805 -1.00 -1.00 -1 0 0.9206 -0.9911 0.000633
880.00 P 20260805 -1.00 -1.00 -1 0 0.9813 -0.9899 0.000652
885.00 P 20260805 -1.00 -1.00 -1 0 0.8340 -0.9989 0.000180
890.00 P 20260805 -1.00 -1.00 -1 0 1.0521 -0.9905 0.000575
895.00 P 20260805 -1.00 -1.00 -1 0 1.0872 -0.9908 0.000541
900.00 P 20260805 -1.00 -1.00 -1 0 1.1417 -0.9901 0.000547
905.00 P 20260805 -1.00 -1.00 -1 0 1.0445 -0.9968 0.000263
910.00 P 20260805 -1.00 -1.00 -1 0 1.1913 -0.9915 0.000459
865.00 C 20260806 -1.00 -1.00 -1 0 -1.0000 -1.0000 -1.000000
870.00 C 20260806 -1.00 -1.00 -1 0 -1.0000 -1.0000 -1.000000
875.00 C 20260806 -1.00 -1.00 -1 0 -1.0000 -1.0000 -1.000000
880.00 C 20260806 -1.00 -1.00 -1 0 -1.0000 -1.0000 -1.000000
885.00 C 20260806 -1.00 -1.00 -1 0 -1.0000 -1.0000 -1.000000
890.00 C 20260806 -1.00 -1.00 -1 0 -1.0000 -1.0000 -1.000000
895.00 C 20260806 -1.00 -1.00 -1 0 -1.0000 -1.0000 -1.000000
900.00 C 20260806 -1.00 -1.00 -1 0 -1.0000 -1.0000 -1.000000
905.00 C 20260806 -1.00 -1.00 -1 0 -1.0000 -1.0000 -1.000000
910.00 C 20260806 -1.00 -1.00 -1 0 -1.0000 -1.0000 -1.000000
865.00 P 20260806 -1.00 -1.00 -1 0 0.6002 -0.9942 0.000607
870.00 P 20260806 -1.00 -1.00 18 0 0.6916 -0.9887 0.000812
875.00 P 20260806 -1.00 -1.00 2 0 0.7070 -0.9900 0.000720
880.00 P 20260806 -1.00 -1.00 -1 0 0.7701 -0.9869 0.000801
885.00 P 20260806 -1.00 -1.00 -1 0 0.7715 -0.9897 0.000664
890.00 P 20260806 -1.00 -1.00 -1 0 0.8054 -0.9895 0.000645
895.00 P 20260806 -1.00 -1.00 -1 0 0.7551 -0.9957 0.000379
900.00 P 20260806 -1.00 -1.00 -1 0 0.7208 -0.9987 0.000201
905.00 P 20260806 -1.00 -1.00 -1 0 0.8760 -0.9909 0.000528
910.00 P 20260806 -1.00 -1.00 -1 0 0.8864 -0.9921 0.000464
865.00 C 20260807 -1.00 -1.00 104 381 0.4198 0.0017 0.000172
870.00 C 20260807 -1.00 -1.00 51 319 0.4398 0.0016 0.000159
875.00 C 20260807 -1.00 -1.00 100 1163 0.4597 0.0015 0.000147
880.00 C 20260807 -1.00 -1.00 100 1632 0.4794 0.0015 0.000136
885.00 C 20260807 -1.00 -1.00 205 4990 0.4991 0.0014 0.000127
890.00 C 20260807 -1.00 -1.00 137 2693 0.5187 0.0014 0.000119
895.00 C 20260807 -1.00 -1.00 1 1622 0.5381 0.0013 0.000111
900.00 C 20260807 -1.00 -1.00 117 786 0.5574 0.0013 0.000105
865.00 P 20260807 -1.00 -1.00 10 0 0.5555 -0.9881 0.000917
870.00 P 20260807 -1.00 -1.00 19 0 0.5808 -0.9886 0.000849
875.00 P 20260807 -1.00 -1.00 15 0 0.6052 -0.9890 0.000790
880.00 P 20260807 -1.00 -1.00 8 0 0.6356 -0.9885 0.000773
885.00 P 20260807 -1.00 -1.00 8 0 0.6724 -0.9866 0.000806
890.00 P 20260807 -1.00 -1.00 9 0 0.6943 -0.9876 0.000740
895.00 P 20260807 -1.00 -1.00 4 0 0.7157 -0.9885 0.000679
900.00 P 20260807 -1.00 -1.00 7 0 0.7374 -0.9888 0.000643
865.00 C 20260810 -1.00 -1.00 300 0 0.3022 0.0017 0.000173
870.00 C 20260810 -1.00 -1.00 441 0 0.3166 0.0016 0.000159
875.00 C 20260810 -1.00 -1.00 -1 0 0.3310 0.0015 0.000147
880.00 C 20260810 -1.00 -1.00 -1 0 0.3452 0.0015 0.000136
885.00 C 20260810 -1.00 -1.00 -1 0 0.3594 0.0014 0.000127
890.00 C 20260810 -1.00 -1.00 -1 0 0.3735 0.0014 0.000119
895.00 C 20260810 -1.00 -1.00 16 0 0.3876 0.0013 0.000111
900.00 C 20260810 -1.00 -1.00 86 0 0.4015 0.0013 0.000105
905.00 C 20260810 -1.00 -1.00 361 0 0.4139 0.0013 0.000099
910.00 C 20260810 -1.00 -1.00 -1 0 0.4262 0.0012 0.000093
865.00 P 20260810 -1.00 -1.00 3 0 0.4137 -0.9866 0.001138
870.00 P 20260810 -1.00 -1.00 6 0 0.4320 -0.9871 0.001056
875.00 P 20260810 -1.00 -1.00 2 0 0.4502 -0.9875 0.000983
880.00 P 20260810 -1.00 -1.00 2 0 0.4683 -0.9880 0.000918
885.00 P 20260810 -1.00 -1.00 2 0 0.5022 -0.9841 0.000973
890.00 P 20260810 -1.00 -1.00 5 0 0.5168 -0.9854 0.000898
895.00 P 20260810 -1.00 -1.00 -1 0 0.5301 -0.9870 0.000820
900.00 P 20260810 -1.00 -1.00 -1 0 -1.0000 -1.0000 -1.000000
905.00 P 20260810 -1.00 -1.00 -1 0 0.5570 -0.9896 0.000683
910.00 P 20260810 -1.00 -1.00 -1 0 0.5744 -0.9899 0.000648
865.00 C 20260811 -1.00 -1.00 -1 0 0.2910 0.0026 0.000247
870.00 C 20260811 -1.00 -1.00 200 0 0.2939 0.0016 0.000159
875.00 C 20260811 -1.00 -1.00 10 0 0.3072 0.0015 0.000147
880.00 C 20260811 -1.00 -1.00 12 0 0.3204 0.0015 0.000137
885.00 C 20260811 -1.00 -1.00 14 0 0.3336 0.0014 0.000127
890.00 C 20260811 -1.00 -1.00 -1 0 0.3467 0.0014 0.000119
895.00 C 20260811 -1.00 -1.00 -1 0 0.3597 0.0013 0.000112
900.00 C 20260811 -1.00 -1.00 -1 0 0.3725 0.0013 0.000105
905.00 C 20260811 -1.00 -1.00 -1 0 -1.0000 -1.0000 -1.000000
910.00 C 20260811 -1.00 -1.00 -1 0 -1.0000 -1.0000 -1.000000
865.00 P 20260811 -1.00 -1.00 -1 0 -1.0000 -1.0000 -1.000000
870.00 P 20260811 -1.00 -1.00 -1 0 0.4116 -0.9845 0.001179
875.00 P 20260811 -1.00 -1.00 -1 0 0.4231 -0.9867 0.001050
880.00 P 20260811 -1.00 -1.00 -1 0 -1.0000 -1.0000 -1.000000
885.00 P 20260811 -1.00 -1.00 -1 0 0.4314 -0.9934 0.000690
890.00 P 20260811 -1.00 -1.00 -1 0 0.4871 -0.9842 0.000964
895.00 P 20260811 -1.00 -1.00 -1 0 0.5016 -0.9852 0.000899
900.00 P 20260811 -1.00 -1.00 -1 0 0.5170 -0.9859 0.000844
905.00 P 20260811 -1.00 -1.00 -1 0 0.5333 -0.9862 0.000801
910.00 P 20260811 -1.00 -1.00 -1 0 0.5527 -0.9858 0.000778
865.00 C 20260812 -1.00 -1.00 305 564 0.2726 0.0026 0.000248
870.00 C 20260812 -1.00 -1.00 30 30 0.2852 0.0025 0.000228
875.00 C 20260812 -1.00 -1.00 1112 1213 0.2879 0.0015 0.000147
880.00 C 20260812 -1.00 -1.00 -1 0 0.3003 0.0015 0.000137
885.00 C 20260812 -1.00 -1.00 491 0 0.3126 0.0014 0.000127
890.00 C 20260812 -1.00 -1.00 -1 0 0.3249 0.0014 0.000119
895.00 C 20260812 -1.00 -1.00 618 0 0.3371 0.0013 0.000112
900.00 C 20260812 -1.00 -1.00 -1 0 0.3489 0.0013 0.000105
905.00 C 20260812 -1.00 -1.00 -1 0 0.3597 0.0013 0.000099
910.00 C 20260812 -1.00 -1.00 -1 0 0.3705 0.0012 0.000094
865.00 P 20260812 -1.00 -1.00 -1 0 0.3664 -0.9859 0.001253
870.00 P 20260812 -1.00 -1.00 -1 0 0.3824 -0.9865 0.001162
875.00 P 20260812 -1.00 -1.00 -1 0 0.3983 -0.9869 0.001080
880.00 P 20260812 -1.00 -1.00 -1 0 0.4182 -0.9861 0.001051
885.00 P 20260812 -1.00 -1.00 -1 0 0.4297 -0.9878 0.000944
890.00 P 20260812 -1.00 -1.00 -1 0 0.4453 -0.9882 0.000886
895.00 P 20260812 -1.00 -1.00 -1 0 0.4691 -0.9862 0.000905
900.00 P 20260812 -1.00 -1.00 -1 0 0.4761 -0.9888 0.000788
905.00 P 20260812 -1.00 -1.00 -1 0 0.4914 -0.9891 0.000745
910.00 P 20260812 -1.00 -1.00 -1 0 0.5066 -0.9894 0.000706
865.00 C 20260813 -1.00 -1.00 305 405 0.2666 0.0034 0.000312
870.00 C 20260813 -1.00 -1.00 387 387 0.2692 0.0025 0.000228
875.00 C 20260813 -1.00 -1.00 725 726 0.2810 0.0024 0.000211
880.00 C 20260813 -1.00 -1.00 -1 0 0.2881 0.0019 0.000167
885.00 C 20260813 -1.00 -1.00 -1 0 0.2952 0.0014 0.000127
890.00 C 20260813 -1.00 -1.00 100 0 0.3068 0.0014 0.000119
895.00 C 20260813 -1.00 -1.00 618 0 0.3183 0.0013 0.000112
900.00 C 20260813 -1.00 -1.00 -1 0 0.3293 0.0013 0.000105
905.00 C 20260813 -1.00 -1.00 -1 0 0.3395 0.0013 0.000099
910.00 C 20260813 -1.00 -1.00 -1 0 0.3496 0.0012 0.000094
865.00 P 20260813 -1.00 -1.00 -1 0 0.3534 -0.9841 0.001356
870.00 P 20260813 -1.00 -1.00 -1 0 0.3571 -0.9887 0.001085
875.00 P 20260813 -1.00 -1.00 -1 0 -1.0000 -1.0000 -1.000000
880.00 P 20260813 -1.00 -1.00 -1 0 0.3944 -0.9870 0.001047
885.00 P 20260813 -1.00 -1.00 -1 0 0.4092 -0.9874 0.000981
890.00 P 20260813 -1.00 -1.00 -1 0 0.4240 -0.9878 0.000922
895.00 P 20260813 -1.00 -1.00 -1 0 0.4386 -0.9881 0.000868
900.00 P 20260813 -1.00 -1.00 -1 0 0.4612 -0.9862 0.000894
905.00 P 20260813 -1.00 -1.00 -1 0 0.4676 -0.9888 0.000776
910.00 P 20260813 -1.00 -1.00 -1 0 0.4820 -0.9891 0.000736
865.00 C 20260814 -1.00 -1.00 10 2089 0.2530 0.0034 0.000312
870.00 C 20260814 -1.00 -1.00 91 999 0.2643 0.0033 0.000288
875.00 C 20260814 -1.00 -1.00 1 3035 0.2668 0.0024 0.000211
880.00 C 20260814 -1.00 -1.00 3 2169 0.2779 0.0023 0.000196
885.00 C 20260814 -1.00 -1.00 7 1689 0.2890 0.0022 0.000182
890.00 C 20260814 -1.00 -1.00 10 427 0.2957 0.0018 0.000145
895.00 C 20260814 -1.00 -1.00 34 51 0.3023 0.0013 0.000112
900.00 C 20260814 -1.00 -1.00 70 5000 0.3126 0.0013 0.000105
865.00 P 20260814 -1.00 -1.00 2 0 0.3480 -0.9803 0.001498
870.00 P 20260814 -1.00 -1.00 2 0 0.3329 -0.9926 0.000954
875.00 P 20260814 -1.00 -1.00 2 0 0.3677 -0.9848 0.001219
880.00 P 20260814 -1.00 -1.00 -1 0 0.3818 -0.9853 0.001139
885.00 P 20260814 -1.00 -1.00 -1 0 0.3949 -0.9860 0.001056
890.00 P 20260814 -1.00 -1.00 1 0 0.4099 -0.9862 0.001004
895.00 P 20260814 -1.00 -1.00 2 0 0.4229 -0.9869 0.000935
900.00 P 20260814 -1.00 -1.00 1 0 0.4377 -0.9869 0.000894
865.00 C 20260817 -1.00 -1.00 -1 0 0.2297 0.0042 0.000368
870.00 C 20260817 -1.00 -1.00 -1 0 0.2320 0.0033 0.000288
875.00 C 20260817 -1.00 -1.00 -1 0 0.2419 0.0032 0.000267
880.00 C 20260817 -1.00 -1.00 -1 0 0.2441 0.0023 0.000196
885.00 C 20260817 -1.00 -1.00 -1 0 0.2539 0.0022 0.000182
890.00 C 20260817 -1.00 -1.00 -1 0 0.2598 0.0018 0.000146
895.00 C 20260817 -1.00 -1.00 -1 0 0.2694 0.0017 0.000137
900.00 C 20260817 -1.00 -1.00 -1 0 0.2744 0.0013 0.000105
905.00 C 20260817 -1.00 -1.00 -1 0 0.2829 0.0013 0.000099
910.00 C 20260817 -1.00 -1.00 678 0 0.2914 0.0012 0.000094
865.00 P 20260817 -1.00 -1.00 4 0 0.2866 -0.9923 0.001135
870.00 P 20260817 -1.00 -1.00 2 0 0.3174 -0.9838 0.001393
875.00 P 20260817 -1.00 -1.00 2 0 0.3292 -0.9846 0.001286
880.00 P 20260817 -1.00 -1.00 -1 0 0.3534 -0.9808 0.001345
885.00 P 20260817 -1.00 -1.00 -1 0 0.3533 -0.9859 0.001118
890.00 P 20260817 -1.00 -1.00 -1 0 0.3767 -0.9825 0.001183
895.00 P 20260817 -1.00 -1.00 -1 0 0.3693 -0.9903 0.000880
900.00 P 20260817 -1.00 -1.00 -1 0 0.4004 -0.9837 0.001052
905.00 P 20260817 -1.00 -1.00 -1 0 0.4023 -0.9874 0.000889
910.00 P 20260817 -1.00 -1.00 -1 0 0.4255 -0.9842 0.000956
870.00 C 20260821 -1.00 -1.00 973 8211 0.2094 0.0041 0.000341
880.00 C 20260821 -1.00 -1.00 609 4706 0.2201 0.0031 0.000248
890.00 C 20260821 -1.00 -1.00 377 7313 0.2307 0.0021 0.000171
900.00 C 20260821 -1.00 -1.00 263 9734 0.2398 0.0013 0.000106
905.00 C 20260821 -1.00 -1.00 159 5364 0.2473 0.0013 0.000100
910.00 C 20260821 -1.00 -1.00 11674 7776 0.2548 0.0012 0.000094
870.00 P 20260821 -1.00 -1.00 2 0 0.2719 -0.9912 0.001224
880.00 P 20260821 -1.00 -1.00 -1 0 0.3144 -0.9816 0.001399
890.00 P 20260821 -1.00 -1.00 -1 0 0.3156 -0.9923 0.000939
900.00 P 20260821 -1.00 -1.00 -1 0 0.3510 -0.9865 0.001031
905.00 P 20260821 -1.00 -1.00 -1 0 0.3616 -0.9868 0.000978
910.00 P 20260821 -1.00 -1.00 -1 0 0.3722 -0.9872 0.000929
