# opt_chain SPY | epoch 1785857635 | 2026-08-04 11:33:55 | spot 767.39 | exps 20260804 20260805 20260806 20260807 20260810 20260811 20260812 20260813 20260814 20260817 20260818 20260821
# fuente polygon_snapshot_v3 | greeks polygon_directo | iv polygon_directo | oi polygon_directo | vol day.volume(-1 si no cotizo) | bid/ask NO_ENTITLED(-1) | spot_src ibkr_bridge spot_edad_s 171 | band 0.1800 vencimientos 12 exp_hasta 2026-08-21
# strike right exp bid ask vol oi iv delta gamma
680.00 C 20260804 -1.00 -1.00 7 17 1.2101 0.9996 0.000051
685.00 C 20260804 -1.00 -1.00 1 1 1.1369 0.9996 0.000055
690.00 C 20260804 -1.00 -1.00 93 17 -1.0000 -1.0000 -1.000000
693.00 C 20260804 -1.00 -1.00 23 0 0.0002 1.0000 -0.000000
694.00 C 20260804 -1.00 -1.00 30 0 0.0002 1.0000 -0.000000
695.00 C 20260804 -1.00 -1.00 23 1 -1.0000 -1.0000 -1.000000
696.00 C 20260804 -1.00 -1.00 17 0 0.0002 1.0000 -0.000000
697.00 C 20260804 -1.00 -1.00 30 0 1.1686 0.9968 0.000343
698.00 C 20260804 -1.00 -1.00 29 0 1.1254 0.9973 0.000308
699.00 C 20260804 -1.00 -1.00 34 0 1.1377 0.9968 0.000360
700.00 C 20260804 -1.00 -1.00 74 8 1.0946 0.9972 0.000323
701.00 C 20260804 -1.00 -1.00 66 2 1.1069 0.9967 0.000378
702.00 C 20260804 -1.00 -1.00 61 0 1.0916 0.9966 0.000388
703.00 C 20260804 -1.00 -1.00 60 0 0.0002 1.0000 -0.000000
704.00 C 20260804 -1.00 -1.00 64 0 1.0609 0.9966 0.000409
705.00 C 20260804 -1.00 -1.00 85 45 1.0456 0.9965 0.000420
706.00 C 20260804 -1.00 -1.00 50 5 1.0303 0.9965 0.000432
707.00 C 20260804 -1.00 -1.00 57 1 0.9600 0.9975 0.000328
708.00 C 20260804 -1.00 -1.00 48 1 -1.0000 -1.0000 -1.000000
709.00 C 20260804 -1.00 -1.00 40 4 -1.0000 -1.0000 -1.000000
710.00 C 20260804 -1.00 -1.00 16 2 -1.0000 -1.0000 -1.000000
711.00 C 20260804 -1.00 -1.00 16 0 -1.0000 -1.0000 -1.000000
712.00 C 20260804 -1.00 -1.00 11 1 0.9116 0.9967 0.000450
713.00 C 20260804 -1.00 -1.00 15 1 -1.0000 -1.0000 -1.000000
714.00 C 20260804 -1.00 -1.00 38 1 0.8815 0.9966 0.000479
715.00 C 20260804 -1.00 -1.00 67 17 0.8906 0.9960 0.000561
716.00 C 20260804 -1.00 -1.00 95 45 0.8739 0.9959 0.000579
717.00 C 20260804 -1.00 -1.00 32 10 0.8672 0.9952 0.000665
718.00 C 20260804 -1.00 -1.00 25 1 0.8213 0.9964 0.000545
719.00 C 20260804 -1.00 -1.00 12 221 0.8339 0.9951 0.000711
720.00 C 20260804 -1.00 -1.00 10 3 0.6393 0.9995 0.000105
721.00 C 20260804 -1.00 -1.00 18 20 0.7908 0.9956 0.000686
722.00 C 20260804 -1.00 -1.00 19 6 0.7743 0.9955 0.000711
723.00 C 20260804 -1.00 -1.00 26 23 0.7577 0.9954 0.000738
724.00 C 20260804 -1.00 -1.00 22 8 0.7511 0.9946 0.000853
725.00 C 20260804 -1.00 -1.00 7 20 -1.0000 -1.0000 -1.000000
726.00 C 20260804 -1.00 -1.00 3 46 -1.0000 -1.0000 -1.000000
727.00 C 20260804 -1.00 -1.00 8 70 -1.0000 -1.0000 -1.000000
728.00 C 20260804 -1.00 -1.00 9 62 -1.0000 -1.0000 -1.000000
729.00 C 20260804 -1.00 -1.00 16 123 0.0002 1.0000 -0.000000
730.00 C 20260804 -1.00 -1.00 45 109 0.6427 0.9947 0.000980
731.00 C 20260804 -1.00 -1.00 24 242 0.6362 0.9938 0.001143
732.00 C 20260804 -1.00 -1.00 7 346 -1.0000 -1.0000 -1.000000
733.00 C 20260804 -1.00 -1.00 5 162 -1.0000 -1.0000 -1.000000
734.00 C 20260804 -1.00 -1.00 4 201 0.5774 0.9942 0.001182
735.00 C 20260804 -1.00 -1.00 9 301 0.5514 0.9950 0.001089
736.00 C 20260804 -1.00 -1.00 10 968 -1.0000 -1.0000 -1.000000
737.00 C 20260804 -1.00 -1.00 17 921 -1.0000 -1.0000 -1.000000
738.00 C 20260804 -1.00 -1.00 13 1065 -1.0000 -1.0000 -1.000000
739.00 C 20260804 -1.00 -1.00 15 1331 -1.0000 -1.0000 -1.000000
740.00 C 20260804 -1.00 -1.00 89 1463 -1.0000 -1.0000 -1.000000
741.00 C 20260804 -1.00 -1.00 35 1529 0.4641 0.9930 0.001742
742.00 C 20260804 -1.00 -1.00 31 2627 -1.0000 -1.0000 -1.000000
743.00 C 20260804 -1.00 -1.00 43 2023 0.4320 0.9925 0.001983
744.00 C 20260804 -1.00 -1.00 58 10233 0.4355 0.9900 0.002573
745.00 C 20260804 -1.00 -1.00 283 2524 0.3803 0.9946 0.001687
746.00 C 20260804 -1.00 -1.00 296 1280 0.3741 0.9930 0.002155
747.00 C 20260804 -1.00 -1.00 149 2183 0.3776 0.9901 0.002942
748.00 C 20260804 -1.00 -1.00 267 4569 -1.0000 -1.0000 -1.000000
749.00 C 20260804 -1.00 -1.00 117 12905 0.3586 0.9866 0.004024
750.00 C 20260804 -1.00 -1.00 603 5367 0.3447 0.9847 0.004670
751.00 C 20260804 -1.00 -1.00 907 3578 0.3267 0.9840 0.005122
752.00 C 20260804 -1.00 -1.00 749 6247 0.2962 0.9876 0.004576
753.00 C 20260804 -1.00 -1.00 833 4558 0.2824 0.9854 0.005504
754.00 C 20260804 -1.00 -1.00 1087 5652 0.2728 0.9813 0.007017
755.00 C 20260804 -1.00 -1.00 3616 13846 0.2466 0.9835 0.006953
756.00 C 20260804 -1.00 -1.00 5519 13192 0.2203 0.9864 0.006653
757.00 C 20260804 -1.00 -1.00 5921 9808 0.2150 0.9791 0.009783
758.00 C 20260804 -1.00 -1.00 8784 15622 0.2220 0.9627 0.015431
759.00 C 20260804 -1.00 -1.00 12805 12807 0.2098 0.9526 0.019788
760.00 C 20260804 -1.00 -1.00 38223 10578 0.1851 0.9518 0.022756
761.00 C 20260804 -1.00 -1.00 73555 8864 0.1750 0.9369 0.030154
762.00 C 20260804 -1.00 -1.00 178870 9043 0.1505 0.9333 0.036802
763.00 C 20260804 -1.00 -1.00 210493 6734 0.1519 0.8825 0.055165
764.00 C 20260804 -1.00 -1.00 282749 5167 0.1370 0.8418 0.074589
765.00 C 20260804 -1.00 -1.00 448895 9732 0.1368 0.7575 0.097539
766.00 C 20260804 -1.00 -1.00 335819 4519 0.1312 0.6570 0.120198
767.00 C 20260804 -1.00 -1.00 300101 7640 0.1238 0.5336 0.136845
768.00 C 20260804 -1.00 -1.00 201870 3262 0.1230 0.3986 0.133353
769.00 C 20260804 -1.00 -1.00 110449 4497 0.1258 0.2799 0.113210
770.00 C 20260804 -1.00 -1.00 108823 3908 0.1319 0.1912 0.087367
771.00 C 20260804 -1.00 -1.00 51153 878 0.1403 0.1285 0.063930
772.00 C 20260804 -1.00 -1.00 37667 363 0.1452 0.0840 0.044852
773.00 C 20260804 -1.00 -1.00 20421 3774 0.1552 0.0591 0.032075
774.00 C 20260804 -1.00 -1.00 8547 469 0.1632 0.0405 0.022425
775.00 C 20260804 -1.00 -1.00 14783 1875 0.1724 0.0282 0.015859
776.00 C 20260804 -1.00 -1.00 9490 2556 0.1817 0.0213 0.011766
777.00 C 20260804 -1.00 -1.00 4762 661 0.1910 0.0151 0.008377
778.00 C 20260804 -1.00 -1.00 6630 159 0.2083 0.0140 0.007223
779.00 C 20260804 -1.00 -1.00 4734 84 0.2090 0.0088 0.004746
780.00 C 20260804 -1.00 -1.00 3379 128 0.2242 0.0082 0.004169
781.00 C 20260804 -1.00 -1.00 1888 1 0.2394 0.0077 0.003697
782.00 C 20260804 -1.00 -1.00 874 2 0.2546 0.0073 0.003304
783.00 C 20260804 -1.00 -1.00 2478 54 0.2697 0.0069 0.002975
784.00 C 20260804 -1.00 -1.00 4 0 0.2849 0.0066 0.002695
785.00 C 20260804 -1.00 -1.00 4 0 0.3000 0.0063 0.002456
786.00 C 20260804 -1.00 -1.00 1 1007 0.3151 0.0060 0.002249
787.00 C 20260804 -1.00 -1.00 835 835 0.3302 0.0058 0.002070
788.00 C 20260804 -1.00 -1.00 1 201 0.3452 0.0055 0.001912
789.00 C 20260804 -1.00 -1.00 54 1706 0.3603 0.0053 0.001774
790.00 C 20260804 -1.00 -1.00 400 400 0.3753 0.0051 0.001651
791.00 C 20260804 -1.00 -1.00 15 0 0.3903 0.0050 0.001541
792.00 C 20260804 -1.00 -1.00 281 281 0.4053 0.0048 0.001443
793.00 C 20260804 -1.00 -1.00 25 25 0.4202 0.0047 0.001355
794.00 C 20260804 -1.00 -1.00 7 0 0.4352 0.0045 0.001276
795.00 C 20260804 -1.00 -1.00 20 22 0.4501 0.0044 0.001204
800.00 C 20260804 -1.00 -1.00 56 775 0.5193 0.0039 0.000927
805.00 C 20260804 -1.00 -1.00 10 960 0.5849 0.0034 0.000739
810.00 C 20260804 -1.00 -1.00 2 427 0.6502 0.0031 0.000605
815.00 C 20260804 -1.00 -1.00 901 915 0.7150 0.0028 0.000505
820.00 C 20260804 -1.00 -1.00 1681 1466 0.7794 0.0026 0.000430
825.00 C 20260804 -1.00 -1.00 340 1242 0.8435 0.0024 0.000371
830.00 C 20260804 -1.00 -1.00 -1 0 0.9071 0.0023 0.000324
835.00 C 20260804 -1.00 -1.00 293 293 0.9704 0.0021 0.000286
840.00 C 20260804 -1.00 -1.00 194 194 1.0333 0.0020 0.000255
845.00 C 20260804 -1.00 -1.00 45 45 1.0958 0.0019 0.000229
850.00 C 20260804 -1.00 -1.00 902 334 1.1580 0.0018 0.000207
855.00 C 20260804 -1.00 -1.00 57 57 1.2197 0.0017 0.000189
680.00 P 20260804 -1.00 -1.00 7297 8006 1.3599 -0.0015 0.000152
685.00 P 20260804 -1.00 -1.00 5 2999 1.2822 -0.0016 0.000169
690.00 P 20260804 -1.00 -1.00 838 1370 1.2050 -0.0017 0.000189
693.00 P 20260804 -1.00 -1.00 1 189 1.1590 -0.0018 0.000203
694.00 P 20260804 -1.00 -1.00 13 23 1.1437 -0.0018 0.000208
695.00 P 20260804 -1.00 -1.00 8 1392 1.1284 -0.0018 0.000214
696.00 P 20260804 -1.00 -1.00 81 105 1.1131 -0.0019 0.000219
697.00 P 20260804 -1.00 -1.00 2 222 1.0979 -0.0019 0.000225
698.00 P 20260804 -1.00 -1.00 21 211 1.0827 -0.0019 0.000231
699.00 P 20260804 -1.00 -1.00 285 321 1.0675 -0.0019 0.000237
700.00 P 20260804 -1.00 -1.00 777 797 1.0523 -0.0020 0.000243
701.00 P 20260804 -1.00 -1.00 64 1181 1.0372 -0.0020 0.000250
702.00 P 20260804 -1.00 -1.00 229 347 1.0221 -0.0020 0.000257
703.00 P 20260804 -1.00 -1.00 48 7820 1.0069 -0.0020 0.000264
704.00 P 20260804 -1.00 -1.00 12 8378 0.9919 -0.0021 0.000272
705.00 P 20260804 -1.00 -1.00 1570 2719 0.9768 -0.0021 0.000279
706.00 P 20260804 -1.00 -1.00 4 1065 0.9618 -0.0021 0.000288
707.00 P 20260804 -1.00 -1.00 223 1204 0.9468 -0.0022 0.000296
708.00 P 20260804 -1.00 -1.00 7 513 0.9318 -0.0022 0.000305
709.00 P 20260804 -1.00 -1.00 109 703 0.9168 -0.0022 0.000315
710.00 P 20260804 -1.00 -1.00 146 3898 0.9018 -0.0023 0.000324
711.00 P 20260804 -1.00 -1.00 6 3962 0.8869 -0.0023 0.000335
712.00 P 20260804 -1.00 -1.00 13 3886 0.8720 -0.0023 0.000345
713.00 P 20260804 -1.00 -1.00 1580 3893 0.8571 -0.0024 0.000357
714.00 P 20260804 -1.00 -1.00 1333 12924 0.8422 -0.0024 0.000369
715.00 P 20260804 -1.00 -1.00 10 4760 0.8274 -0.0024 0.000381
716.00 P 20260804 -1.00 -1.00 4 2189 0.8126 -0.0025 0.000394
717.00 P 20260804 -1.00 -1.00 32 2981 0.7978 -0.0025 0.000408
718.00 P 20260804 -1.00 -1.00 3764 2684 0.7830 -0.0026 0.000423
719.00 P 20260804 -1.00 -1.00 10 1671 0.7682 -0.0026 0.000439
720.00 P 20260804 -1.00 -1.00 7 1458 0.7535 -0.0027 0.000455
721.00 P 20260804 -1.00 -1.00 49 10946 0.7387 -0.0027 0.000472
722.00 P 20260804 -1.00 -1.00 3 981 0.7240 -0.0028 0.000490
723.00 P 20260804 -1.00 -1.00 98 1304 0.7094 -0.0028 0.000510
724.00 P 20260804 -1.00 -1.00 43 3542 0.6947 -0.0029 0.000530
725.00 P 20260804 -1.00 -1.00 215 1049 0.6801 -0.0030 0.000552
726.00 P 20260804 -1.00 -1.00 5 6970 0.7049 -0.0046 0.000795
727.00 P 20260804 -1.00 -1.00 11 1073 0.6885 -0.0047 0.000828
728.00 P 20260804 -1.00 -1.00 765 1170 0.6722 -0.0048 0.000864
729.00 P 20260804 -1.00 -1.00 324 1208 0.6558 -0.0049 0.000902
730.00 P 20260804 -1.00 -1.00 5354 2139 0.6395 -0.0050 0.000943
731.00 P 20260804 -1.00 -1.00 4612 1399 0.5927 -0.0034 0.000718
732.00 P 20260804 -1.00 -1.00 1486 1036 0.5782 -0.0035 0.000753
733.00 P 20260804 -1.00 -1.00 357 935 0.5637 -0.0035 0.000790
734.00 P 20260804 -1.00 -1.00 2246 2140 0.5492 -0.0036 0.000830
735.00 P 20260804 -1.00 -1.00 4685 2057 0.5348 -0.0037 0.000874
736.00 P 20260804 -1.00 -1.00 2325 1591 0.5204 -0.0038 0.000921
737.00 P 20260804 -1.00 -1.00 863 3081 0.5060 -0.0039 0.000972
738.00 P 20260804 -1.00 -1.00 7093 2659 0.4903 -0.0040 0.001027
739.00 P 20260804 -1.00 -1.00 1024 1305 0.4743 -0.0042 0.001088
740.00 P 20260804 -1.00 -1.00 4339 4425 0.4582 -0.0043 0.001155
741.00 P 20260804 -1.00 -1.00 4015 2842 0.4422 -0.0044 0.001229
742.00 P 20260804 -1.00 -1.00 844 2629 0.4261 -0.0046 0.001311
743.00 P 20260804 -1.00 -1.00 1096 2837 0.4101 -0.0047 0.001401
744.00 P 20260804 -1.00 -1.00 5023 5244 0.3942 -0.0049 0.001503
745.00 P 20260804 -1.00 -1.00 7434 8315 0.3782 -0.0051 0.001616
746.00 P 20260804 -1.00 -1.00 5643 6133 0.3623 -0.0053 0.001744
747.00 P 20260804 -1.00 -1.00 7482 4286 0.3464 -0.0055 0.001889
748.00 P 20260804 -1.00 -1.00 6233 5547 0.3305 -0.0057 0.002055
749.00 P 20260804 -1.00 -1.00 8625 5223 0.3342 -0.0091 0.003070
750.00 P 20260804 -1.00 -1.00 17925 17762 0.3183 -0.0095 0.003361
751.00 P 20260804 -1.00 -1.00 8926 7062 0.3025 -0.0100 0.003698
752.00 P 20260804 -1.00 -1.00 17446 7749 0.2867 -0.0105 0.004089
753.00 P 20260804 -1.00 -1.00 11819 7430 0.2709 -0.0111 0.004549
754.00 P 20260804 -1.00 -1.00 26593 9261 0.2638 -0.0152 0.006092
755.00 P 20260804 -1.00 -1.00 43578 15529 0.2460 -0.0162 0.006881
756.00 P 20260804 -1.00 -1.00 35692 13714 0.2281 -0.0173 0.007849
757.00 P 20260804 -1.00 -1.00 45943 11250 0.2186 -0.0226 0.010297
758.00 P 20260804 -1.00 -1.00 82658 10679 0.2091 -0.0283 0.013165
759.00 P 20260804 -1.00 -1.00 62444 3170 0.1950 -0.0347 0.016630
760.00 P 20260804 -1.00 -1.00 147739 2278 0.1828 -0.0462 0.022229
761.00 P 20260804 -1.00 -1.00 114653 473 0.1707 -0.0592 0.029307
762.00 P 20260804 -1.00 -1.00 140663 780 0.1601 -0.0819 0.039944
763.00 P 20260804 -1.00 -1.00 133777 286 0.1505 -0.1157 0.055017
764.00 P 20260804 -1.00 -1.00 143794 93 0.1417 -0.1670 0.074632
765.00 P 20260804 -1.00 -1.00 127764 132 0.1348 -0.2394 0.098440
766.00 P 20260804 -1.00 -1.00 66623 16 0.1299 -0.3419 0.121310
767.00 P 20260804 -1.00 -1.00 29205 79 0.1263 -0.4675 0.134349
768.00 P 20260804 -1.00 -1.00 8785 2 0.1243 -0.6010 0.132186
769.00 P 20260804 -1.00 -1.00 3763 1 0.1261 -0.7206 0.113340
770.00 P 20260804 -1.00 -1.00 3308 2 0.1298 -0.8139 0.087956
771.00 P 20260804 -1.00 -1.00 570 0 0.1403 -0.8729 0.064210
772.00 P 20260804 -1.00 -1.00 620 0 0.1522 -0.9062 0.047141
773.00 P 20260804 -1.00 -1.00 47 0 0.1626 -0.9351 0.034045
774.00 P 20260804 -1.00 -1.00 187 0 0.1745 -0.9493 0.025940
775.00 P 20260804 -1.00 -1.00 636 0 0.1603 -0.9813 0.013382
776.00 P 20260804 -1.00 -1.00 12 0 0.3415 -0.8604 0.027904
777.00 P 20260804 -1.00 -1.00 10 0 0.3330 -0.8895 0.024080
778.00 P 20260804 -1.00 -1.00 2 0 0.2855 -0.9435 0.017058
779.00 P 20260804 -1.00 -1.00 3 0 0.3034 -0.9480 0.014999
780.00 P 20260804 -1.00 -1.00 153 0 -1.0000 -1.0000 -1.000000
781.00 P 20260804 -1.00 -1.00 4 0 -1.0000 -1.0000 -1.000000
782.00 P 20260804 -1.00 -1.00 1 0 0.3570 -0.9586 0.010604
783.00 P 20260804 -1.00 -1.00 58 0 0.3789 -0.9595 0.009814
784.00 P 20260804 -1.00 -1.00 4 0 -1.0000 -1.0000 -1.000000
785.00 P 20260804 -1.00 -1.00 2 0 -1.0000 -1.0000 -1.000000
786.00 P 20260804 -1.00 -1.00 2 0 0.5857 -0.9076 0.011961
787.00 P 20260804 -1.00 -1.00 2 0 0.6089 -0.9105 0.011240
788.00 P 20260804 -1.00 -1.00 -1 0 0.5754 -0.9347 0.009479
789.00 P 20260804 -1.00 -1.00 5 0 0.5910 -0.9377 0.008863
790.00 P 20260804 -1.00 -1.00 6 0 0.6147 -0.9384 0.008434
791.00 P 20260804 -1.00 -1.00 1 0 0.6343 -0.9402 0.007980
792.00 P 20260804 -1.00 -1.00 1 0 -1.0000 -1.0000 -1.000000
793.00 P 20260804 -1.00 -1.00 1 0 -1.0000 -1.0000 -1.000000
794.00 P 20260804 -1.00 -1.00 26 0 -1.0000 -1.0000 -1.000000
795.00 P 20260804 -1.00 -1.00 26 0 -1.0000 -1.0000 -1.000000
800.00 P 20260804 -1.00 -1.00 -1 0 -1.0000 -1.0000 -1.000000
805.00 P 20260804 -1.00 -1.00 -1 0 -1.0000 -1.0000 -1.000000
810.00 P 20260804 -1.00 -1.00 1 0 -1.0000 -1.0000 -1.000000
815.00 P 20260804 -1.00 -1.00 -1 0 -1.0000 -1.0000 -1.000000
820.00 P 20260804 -1.00 -1.00 -1 0 -1.0000 -1.0000 -1.000000
825.00 P 20260804 -1.00 -1.00 -1 0 -1.0000 -1.0000 -1.000000
830.00 P 20260804 -1.00 -1.00 -1 0 -1.0000 -1.0000 -1.000000
835.00 P 20260804 -1.00 -1.00 -1 0 -1.0000 -1.0000 -1.000000
840.00 P 20260804 -1.00 -1.00 -1 0 -1.0000 -1.0000 -1.000000
845.00 P 20260804 -1.00 -1.00 -1 0 -1.0000 -1.0000 -1.000000
850.00 P 20260804 -1.00 -1.00 -1 0 1.1400 -0.9989 0.000175
855.00 P 20260804 -1.00 -1.00 -1 0 -1.0000 -1.0000 -1.000000
680.00 C 20260805 -1.00 -1.00 4 1 0.0003 1.0000 -0.000000
685.00 C 20260805 -1.00 -1.00 1 1 0.0003 1.0000 0.000000
690.00 C 20260805 -1.00 -1.00 5 5 0.0003 1.0000 0.000000
695.00 C 20260805 -1.00 -1.00 -1 0 -1.0000 -1.0000 -1.000000
700.00 C 20260805 -1.00 -1.00 30 3 -1.0000 -1.0000 -1.000000
701.00 C 20260805 -1.00 -1.00 -1 0 -1.0000 -1.0000 -1.000000
702.00 C 20260805 -1.00 -1.00 1 1 0.0003 1.0000 0.000000
703.00 C 20260805 -1.00 -1.00 -1 0 0.0003 1.0000 -0.000000
704.00 C 20260805 -1.00 -1.00 1 2 -1.0000 -1.0000 -1.000000
705.00 C 20260805 -1.00 -1.00 45 0 0.0003 1.0000 -0.000000
706.00 C 20260805 -1.00 -1.00 -1 0 0.0003 1.0000 -0.000000
707.00 C 20260805 -1.00 -1.00 1 1 0.0003 1.0000 -0.000000
708.00 C 20260805 -1.00 -1.00 1 2 0.0003 1.0000 -0.000000
709.00 C 20260805 -1.00 -1.00 1 1 -1.0000 -1.0000 -1.000000
710.00 C 20260805 -1.00 -1.00 4 4 0.0003 1.0000 -0.000000
711.00 C 20260805 -1.00 -1.00 1 8 0.0003 1.0000 -0.000000
712.00 C 20260805 -1.00 -1.00 2 1 0.0003 1.0000 -0.000000
713.00 C 20260805 -1.00 -1.00 1 2 0.0003 1.0000 -0.000000
714.00 C 20260805 -1.00 -1.00 1 1 0.0003 1.0000 -0.000000
715.00 C 20260805 -1.00 -1.00 2 6 0.0003 1.0000 -0.000000
716.00 C 20260805 -1.00 -1.00 47 1 0.0003 1.0000 -0.000000
717.00 C 20260805 -1.00 -1.00 20 12 0.0003 1.0000 -0.000000
718.00 C 20260805 -1.00 -1.00 12 2 0.0003 1.0000 -0.000000
719.00 C 20260805 -1.00 -1.00 38 41 0.0003 1.0000 -0.000000
720.00 C 20260805 -1.00 -1.00 38 11 0.4002 0.9965 0.000560
721.00 C 20260805 -1.00 -1.00 18 3 0.2897 0.9998 0.000034
722.00 C 20260805 -1.00 -1.00 18 1 0.3845 0.9964 0.000597
723.00 C 20260805 -1.00 -1.00 7 82 0.3766 0.9963 0.000617
724.00 C 20260805 -1.00 -1.00 2 18 0.3547 0.9971 0.000530
725.00 C 20260805 -1.00 -1.00 1 163 0.3609 0.9962 0.000662
726.00 C 20260805 -1.00 -1.00 1 18 0.0003 1.0000 -0.000000
727.00 C 20260805 -1.00 -1.00 15 258 -1.0000 -1.0000 -1.000000
728.00 C 20260805 -1.00 -1.00 14 76 0.0003 1.0000 -0.000000
729.00 C 20260805 -1.00 -1.00 4 181 -1.0000 -1.0000 -1.000000
730.00 C 20260805 -1.00 -1.00 21 283 -1.0000 -1.0000 -1.000000
731.00 C 20260805 -1.00 -1.00 1 115 -1.0000 -1.0000 -1.000000
732.00 C 20260805 -1.00 -1.00 35 86 -1.0000 -1.0000 -1.000000
733.00 C 20260805 -1.00 -1.00 1 294 -1.0000 -1.0000 -1.000000
734.00 C 20260805 -1.00 -1.00 2 218 -1.0000 -1.0000 -1.000000
735.00 C 20260805 -1.00 -1.00 2 321 -1.0000 -1.0000 -1.000000
736.00 C 20260805 -1.00 -1.00 11 567 -1.0000 -1.0000 -1.000000
737.00 C 20260805 -1.00 -1.00 6 501 -1.0000 -1.0000 -1.000000
738.00 C 20260805 -1.00 -1.00 18 1289 -1.0000 -1.0000 -1.000000
739.00 C 20260805 -1.00 -1.00 4 661 -1.0000 -1.0000 -1.000000
740.00 C 20260805 -1.00 -1.00 22 2362 0.2671 0.9890 0.002333
741.00 C 20260805 -1.00 -1.00 17 1796 0.3177 0.9675 0.004939
742.00 C 20260805 -1.00 -1.00 116 1349 -1.0000 -1.0000 -1.000000
743.00 C 20260805 -1.00 -1.00 15 1184 -1.0000 -1.0000 -1.000000
744.00 C 20260805 -1.00 -1.00 11 968 -1.0000 -1.0000 -1.000000
745.00 C 20260805 -1.00 -1.00 54 1973 -1.0000 -1.0000 -1.000000
746.00 C 20260805 -1.00 -1.00 77 1058 -1.0000 -1.0000 -1.000000
747.00 C 20260805 -1.00 -1.00 47 922 -1.0000 -1.0000 -1.000000
748.00 C 20260805 -1.00 -1.00 168 5296 -1.0000 -1.0000 -1.000000
749.00 C 20260805 -1.00 -1.00 115 8679 -1.0000 -1.0000 -1.000000
750.00 C 20260805 -1.00 -1.00 187 2257 -1.0000 -1.0000 -1.000000
751.00 C 20260805 -1.00 -1.00 142 1784 0.0003 1.0000 -0.000000
752.00 C 20260805 -1.00 -1.00 202 1934 -1.0000 -1.0000 -1.000000
753.00 C 20260805 -1.00 -1.00 584 2030 0.0003 1.0000 0.000000
754.00 C 20260805 -1.00 -1.00 473 2173 -1.0000 -1.0000 -1.000000
755.00 C 20260805 -1.00 -1.00 491 4120 0.1434 0.9710 0.010019
756.00 C 20260805 -1.00 -1.00 457 7241 -1.0000 -1.0000 -1.000000
757.00 C 20260805 -1.00 -1.00 1997 4716 0.1229 0.9670 0.012903
758.00 C 20260805 -1.00 -1.00 1869 5599 -1.0000 -1.0000 -1.000000
759.00 C 20260805 -1.00 -1.00 1522 3328 0.1337 0.9103 0.026031
760.00 C 20260805 -1.00 -1.00 5513 5157 0.1314 0.8859 0.031814
761.00 C 20260805 -1.00 -1.00 7576 5359 0.1312 0.8509 0.038258
762.00 C 20260805 -1.00 -1.00 18186 4882 0.1264 0.8166 0.045301
763.00 C 20260805 -1.00 -1.00 27489 3981 0.1256 0.7726 0.052599
764.00 C 20260805 -1.00 -1.00 26044 5663 0.1219 0.7197 0.059621
765.00 C 20260805 -1.00 -1.00 42879 3661 0.1217 0.6595 0.065935
766.00 C 20260805 -1.00 -1.00 35409 1753 0.1192 0.5930 0.070326
767.00 C 20260805 -1.00 -1.00 33464 1580 0.1212 0.5217 0.071785
768.00 C 20260805 -1.00 -1.00 24215 2099 0.1181 0.4504 0.072474
769.00 C 20260805 -1.00 -1.00 15935 1587 0.1201 0.3806 0.069141
770.00 C 20260805 -1.00 -1.00 30609 2446 0.1183 0.3137 0.064785
771.00 C 20260805 -1.00 -1.00 17353 3020 0.1196 0.2532 0.058143
772.00 C 20260805 -1.00 -1.00 12437 1518 0.1202 0.2021 0.050682
773.00 C 20260805 -1.00 -1.00 17418 826 0.1217 0.1578 0.042840
774.00 C 20260805 -1.00 -1.00 9074 566 0.1240 0.1232 0.035640
775.00 C 20260805 -1.00 -1.00 11499 2886 0.1254 0.0950 0.028962
776.00 C 20260805 -1.00 -1.00 4903 773 0.1292 0.0723 0.023209
777.00 C 20260805 -1.00 -1.00 6903 398 0.1300 0.0553 0.018473
778.00 C 20260805 -1.00 -1.00 7307 1399 0.1341 0.0439 0.014841
779.00 C 20260805 -1.00 -1.00 5192 1865 0.1382 0.0332 0.011604
780.00 C 20260805 -1.00 -1.00 3930 2792 0.1399 0.0257 0.009187
781.00 C 20260805 -1.00 -1.00 1446 1103 0.1447 0.0214 0.007570
782.00 C 20260805 -1.00 -1.00 402 1100 0.1495 0.0174 0.006138
783.00 C 20260805 -1.00 -1.00 1991 204 0.1542 0.0136 0.004865
784.00 C 20260805 -1.00 -1.00 202 1 0.1630 0.0130 0.004434
785.00 C 20260805 -1.00 -1.00 27 42 0.1622 0.0095 0.003368
786.00 C 20260805 -1.00 -1.00 71 164 0.1699 0.0091 0.003090
787.00 C 20260805 -1.00 -1.00 32 7 0.1682 0.0058 0.002076
788.00 C 20260805 -1.00 -1.00 250 201 0.1758 0.0056 0.001918
789.00 C 20260805 -1.00 -1.00 679 234 0.1835 0.0053 0.001778
790.00 C 20260805 -1.00 -1.00 24 331 0.1912 0.0052 0.001655
791.00 C 20260805 -1.00 -1.00 14 1058 0.1989 0.0050 0.001545
792.00 C 20260805 -1.00 -1.00 10 887 0.2065 0.0048 0.001447
793.00 C 20260805 -1.00 -1.00 1230 1876 0.2141 0.0047 0.001359
794.00 C 20260805 -1.00 -1.00 1 1411 0.2218 0.0045 0.001279
795.00 C 20260805 -1.00 -1.00 -1 0 0.2294 0.0044 0.001207
800.00 C 20260805 -1.00 -1.00 1 1293 0.2643 0.0039 0.000929
805.00 C 20260805 -1.00 -1.00 1 1198 0.2979 0.0034 0.000740
810.00 C 20260805 -1.00 -1.00 2 472 0.3312 0.0031 0.000605
815.00 C 20260805 -1.00 -1.00 436 436 0.3643 0.0028 0.000506
820.00 C 20260805 -1.00 -1.00 887 699 0.3972 0.0026 0.000430
825.00 C 20260805 -1.00 -1.00 -1 0 0.4299 0.0024 0.000371
830.00 C 20260805 -1.00 -1.00 -1 0 0.4624 0.0023 0.000324
835.00 C 20260805 -1.00 -1.00 344 344 0.4947 0.0021 0.000287
840.00 C 20260805 -1.00 -1.00 169 169 0.5267 0.0020 0.000255
845.00 C 20260805 -1.00 -1.00 380 380 0.5586 0.0019 0.000229
850.00 C 20260805 -1.00 -1.00 639 639 0.5903 0.0018 0.000207
855.00 C 20260805 -1.00 -1.00 -1 0 0.6219 0.0017 0.000189
680.00 P 20260805 -1.00 -1.00 15 250 0.6937 -0.0015 0.000152
685.00 P 20260805 -1.00 -1.00 39 595 0.6541 -0.0016 0.000169
690.00 P 20260805 -1.00 -1.00 25 562 0.6147 -0.0017 0.000189
695.00 P 20260805 -1.00 -1.00 240 649 0.5757 -0.0018 0.000214
700.00 P 20260805 -1.00 -1.00 74 1641 0.5369 -0.0020 0.000243
701.00 P 20260805 -1.00 -1.00 15 196 0.5292 -0.0020 0.000250
702.00 P 20260805 -1.00 -1.00 54 746 0.5215 -0.0020 0.000257
703.00 P 20260805 -1.00 -1.00 53 422 0.5138 -0.0020 0.000264
704.00 P 20260805 -1.00 -1.00 15 2287 0.5061 -0.0021 0.000271
705.00 P 20260805 -1.00 -1.00 2 558 0.4984 -0.0021 0.000279
706.00 P 20260805 -1.00 -1.00 306 895 0.4907 -0.0021 0.000287
707.00 P 20260805 -1.00 -1.00 16 560 0.4831 -0.0022 0.000296
708.00 P 20260805 -1.00 -1.00 1 344 0.4754 -0.0022 0.000305
709.00 P 20260805 -1.00 -1.00 2 244 0.4678 -0.0022 0.000314
710.00 P 20260805 -1.00 -1.00 18 12324 0.4602 -0.0023 0.000324
711.00 P 20260805 -1.00 -1.00 2099 2384 0.4526 -0.0023 0.000334
712.00 P 20260805 -1.00 -1.00 27 1189 0.4450 -0.0023 0.000345
713.00 P 20260805 -1.00 -1.00 71 502 0.4374 -0.0024 0.000357
714.00 P 20260805 -1.00 -1.00 1 305 0.4298 -0.0024 0.000368
715.00 P 20260805 -1.00 -1.00 1368 1461 0.4223 -0.0024 0.000381
716.00 P 20260805 -1.00 -1.00 2533 525 0.4147 -0.0025 0.000394
717.00 P 20260805 -1.00 -1.00 1102 405 0.4072 -0.0025 0.000408
718.00 P 20260805 -1.00 -1.00 414 9424 0.3996 -0.0026 0.000423
719.00 P 20260805 -1.00 -1.00 595 522 0.3921 -0.0026 0.000438
720.00 P 20260805 -1.00 -1.00 9533 1742 0.3846 -0.0027 0.000454
721.00 P 20260805 -1.00 -1.00 3659 971 0.3771 -0.0027 0.000472
722.00 P 20260805 -1.00 -1.00 4643 463 0.3696 -0.0028 0.000490
723.00 P 20260805 -1.00 -1.00 26 598 0.3847 -0.0043 0.000705
724.00 P 20260805 -1.00 -1.00 493 594 0.3763 -0.0044 0.000733
725.00 P 20260805 -1.00 -1.00 113 5585 0.3680 -0.0045 0.000762
726.00 P 20260805 -1.00 -1.00 41 625 0.3596 -0.0046 0.000794
727.00 P 20260805 -1.00 -1.00 289 697 0.3513 -0.0047 0.000827
728.00 P 20260805 -1.00 -1.00 69 1230 0.3430 -0.0048 0.000863
729.00 P 20260805 -1.00 -1.00 139 616 0.3346 -0.0049 0.000901
730.00 P 20260805 -1.00 -1.00 669 4143 0.3263 -0.0050 0.000942
731.00 P 20260805 -1.00 -1.00 73 622 0.3181 -0.0051 0.000986
732.00 P 20260805 -1.00 -1.00 58 709 0.3098 -0.0052 0.001033
733.00 P 20260805 -1.00 -1.00 117 7425 0.3015 -0.0054 0.001084
734.00 P 20260805 -1.00 -1.00 40 602 0.3034 -0.0072 0.001406
735.00 P 20260805 -1.00 -1.00 318 3300 0.2951 -0.0074 0.001479
736.00 P 20260805 -1.00 -1.00 194 1756 0.2869 -0.0076 0.001558
737.00 P 20260805 -1.00 -1.00 148 1593 0.2787 -0.0078 0.001644
738.00 P 20260805 -1.00 -1.00 257 1465 0.2806 -0.0099 0.002014
739.00 P 20260805 -1.00 -1.00 213 2454 0.2724 -0.0102 0.002130
740.00 P 20260805 -1.00 -1.00 1609 4889 0.2642 -0.0105 0.002256
741.00 P 20260805 -1.00 -1.00 473 1434 0.2560 -0.0108 0.002394
742.00 P 20260805 -1.00 -1.00 1218 1807 0.2478 -0.0111 0.002545
743.00 P 20260805 -1.00 -1.00 448 862 0.2445 -0.0134 0.003016
744.00 P 20260805 -1.00 -1.00 1395 1976 0.2352 -0.0138 0.003221
745.00 P 20260805 -1.00 -1.00 1358 3711 0.2303 -0.0163 0.003772
746.00 P 20260805 -1.00 -1.00 1061 2829 0.2211 -0.0169 0.004053
747.00 P 20260805 -1.00 -1.00 1569 1836 0.2162 -0.0196 0.004706
748.00 P 20260805 -1.00 -1.00 1371 3228 0.2070 -0.0204 0.005087
749.00 P 20260805 -1.00 -1.00 2149 1570 0.2021 -0.0234 0.005871
750.00 P 20260805 -1.00 -1.00 6431 8263 0.1973 -0.0265 0.006726
751.00 P 20260805 -1.00 -1.00 3875 2668 0.1923 -0.0298 0.007665
752.00 P 20260805 -1.00 -1.00 5743 3716 0.1839 -0.0334 0.008719
753.00 P 20260805 -1.00 -1.00 4453 3337 0.1777 -0.0393 0.010260
754.00 P 20260805 -1.00 -1.00 6181 4865 0.1715 -0.0458 0.012006
755.00 P 20260805 -1.00 -1.00 14842 5535 0.1674 -0.0547 0.014259
756.00 P 20260805 -1.00 -1.00 11441 8304 0.1633 -0.0641 0.016724
757.00 P 20260805 -1.00 -1.00 9719 5056 0.1569 -0.0761 0.019705
758.00 P 20260805 -1.00 -1.00 15888 5164 0.1521 -0.0930 0.023517
759.00 P 20260805 -1.00 -1.00 14400 1902 0.1472 -0.1110 0.027795
760.00 P 20260805 -1.00 -1.00 23447 1827 0.1446 -0.1351 0.032767
761.00 P 20260805 -1.00 -1.00 13928 515 0.1381 -0.1627 0.038413
762.00 P 20260805 -1.00 -1.00 19967 606 0.1341 -0.1971 0.044840
763.00 P 20260805 -1.00 -1.00 16659 226 0.1318 -0.2396 0.051372
764.00 P 20260805 -1.00 -1.00 15673 60 0.1277 -0.2899 0.057916
765.00 P 20260805 -1.00 -1.00 21978 1197 0.1284 -0.3485 0.063362
766.00 P 20260805 -1.00 -1.00 6484 9 0.1240 -0.4113 0.067965
767.00 P 20260805 -1.00 -1.00 4125 5 0.1240 -0.4798 0.070431
768.00 P 20260805 -1.00 -1.00 941 2 0.1238 -0.5486 0.069494
769.00 P 20260805 -1.00 -1.00 244 0 0.1243 -0.6169 0.067216
770.00 P 20260805 -1.00 -1.00 694 12 0.1242 -0.6801 0.062806
771.00 P 20260805 -1.00 -1.00 294 0 0.1254 -0.7382 0.056839
772.00 P 20260805 -1.00 -1.00 172 2 0.1271 -0.7882 0.050221
773.00 P 20260805 -1.00 -1.00 126 0 0.1285 -0.8308 0.043210
774.00 P 20260805 -1.00 -1.00 207 0 0.1332 -0.8648 0.036638
775.00 P 20260805 -1.00 -1.00 204 0 0.1627 -0.8463 0.032065
776.00 P 20260805 -1.00 -1.00 165 0 0.1524 -0.8910 0.027255
777.00 P 20260805 -1.00 -1.00 19 0 0.1366 -0.9409 0.020184
778.00 P 20260805 -1.00 -1.00 5 1 0.1655 -0.9198 0.020266
779.00 P 20260805 -1.00 -1.00 50 0 0.1172 -0.9924 0.007240
780.00 P 20260805 -1.00 -1.00 22 0 -1.0000 -1.0000 -1.000000
781.00 P 20260805 -1.00 -1.00 2 0 -1.0000 -1.0000 -1.000000
782.00 P 20260805 -1.00 -1.00 1 1 -1.0000 -1.0000 -1.000000
783.00 P 20260805 -1.00 -1.00 -1 0 0.1954 -0.9596 0.010346
784.00 P 20260805 -1.00 -1.00 -1 0 0.2099 -0.9574 0.009935
785.00 P 20260805 -1.00 -1.00 -1 0 0.1887 -0.9811 0.006355
786.00 P 20260805 -1.00 -1.00 -1 0 0.2201 -0.9692 0.007528
787.00 P 20260805 -1.00 -1.00 -1 0 0.2379 -0.9639 0.007724
788.00 P 20260805 -1.00 -1.00 -1 0 0.2262 -0.9774 0.005839
789.00 P 20260805 -1.00 -1.00 -1 0 0.2258 -0.9826 0.004852
790.00 P 20260805 -1.00 -1.00 -1 0 0.2436 -0.9789 0.005102
791.00 P 20260805 -1.00 -1.00 -1 0 -1.0000 -1.0000 -1.000000
792.00 P 20260805 -1.00 -1.00 -1 0 0.2335 -0.9920 0.002933
793.00 P 20260805 -1.00 -1.00 -1 0 0.2504 -0.9895 0.003158
794.00 P 20260805 -1.00 -1.00 -1 0 0.2487 -0.9924 0.002600
795.00 P 20260805 -1.00 -1.00 -1 0 0.2563 -0.9927 0.002456
800.00 P 20260805 -1.00 -1.00 2 0 0.2877 -0.9948 0.001676
805.00 P 20260805 -1.00 -1.00 -1 0 -1.0000 -1.0000 -1.000000
810.00 P 20260805 -1.00 -1.00 -1 0 0.3542 -0.9974 0.000877
815.00 P 20260805 -1.00 -1.00 1 0 0.3910 -0.9977 0.000729
820.00 P 20260805 -1.00 -1.00 2 0 -1.0000 -1.0000 -1.000000
825.00 P 20260805 -1.00 -1.00 -1 0 -1.0000 -1.0000 -1.000000
830.00 P 20260805 -1.00 -1.00 -1 0 -1.0000 -1.0000 -1.000000
835.00 P 20260805 -1.00 -1.00 -1 0 0.5245 -0.9982 0.000418
840.00 P 20260805 -1.00 -1.00 -1 0 -1.0000 -1.0000 -1.000000
845.00 P 20260805 -1.00 -1.00 -1 0 -1.0000 -1.0000 -1.000000
850.00 P 20260805 -1.00 -1.00 -1 0 -1.0000 -1.0000 -1.000000
855.00 P 20260805 -1.00 -1.00 -1 0 -1.0000 -1.0000 -1.000000
680.00 C 20260806 -1.00 -1.00 1 1 0.0004 0.9999 0.000000
685.00 C 20260806 -1.00 -1.00 1 1 0.0004 0.9999 0.000000
690.00 C 20260806 -1.00 -1.00 14 14 0.0004 0.9999 0.000000
695.00 C 20260806 -1.00 -1.00 -1 0 0.0004 0.9999 0.000000
700.00 C 20260806 -1.00 -1.00 2 1 0.0004 0.9999 0.000000
701.00 C 20260806 -1.00 -1.00 -1 0 0.0004 0.9999 0.000000
702.00 C 20260806 -1.00 -1.00 -1 0 0.0004 0.9999 -0.000000
703.00 C 20260806 -1.00 -1.00 -1 0 0.0004 0.9999 0.000000
704.00 C 20260806 -1.00 -1.00 -1 0 0.0004 0.9999 0.000000
705.00 C 20260806 -1.00 -1.00 -1 0 0.0004 0.9999 -0.000000
706.00 C 20260806 -1.00 -1.00 -1 0 0.0004 0.9999 -0.000000
707.00 C 20260806 -1.00 -1.00 -1 0 0.0004 0.9999 0.000000
708.00 C 20260806 -1.00 -1.00 -1 0 0.0004 0.9999 0.000000
709.00 C 20260806 -1.00 -1.00 -1 0 0.0004 0.9999 0.000000
710.00 C 20260806 -1.00 -1.00 14 15 0.0004 0.9999 0.000000
711.00 C 20260806 -1.00 -1.00 -1 0 0.0004 0.9999 0.000000
712.00 C 20260806 -1.00 -1.00 1 1 0.0004 0.9999 0.000000
713.00 C 20260806 -1.00 -1.00 4 4 0.0004 0.9999 0.000000
714.00 C 20260806 -1.00 -1.00 -1 0 0.0004 0.9999 0.000000
715.00 C 20260806 -1.00 -1.00 1 8 0.0004 0.9999 0.000000
716.00 C 20260806 -1.00 -1.00 1 1 0.0004 0.9999 0.000000
717.00 C 20260806 -1.00 -1.00 6 1 0.0004 0.9999 0.000000
718.00 C 20260806 -1.00 -1.00 2 13 -1.0000 -1.0000 -1.000000
719.00 C 20260806 -1.00 -1.00 20 10 0.0004 0.9999 0.000000
720.00 C 20260806 -1.00 -1.00 7 5 0.0004 0.9999 0.000000
721.00 C 20260806 -1.00 -1.00 1 2 0.0004 0.9999 0.000000
722.00 C 20260806 -1.00 -1.00 1 4 0.0004 0.9999 0.000000
723.00 C 20260806 -1.00 -1.00 12 58 0.0004 0.9999 0.000000
724.00 C 20260806 -1.00 -1.00 16 32 0.0004 0.9999 0.000000
725.00 C 20260806 -1.00 -1.00 3 30 0.0004 0.9999 -0.000000
726.00 C 20260806 -1.00 -1.00 28 12 0.0004 0.9999 0.000000
727.00 C 20260806 -1.00 -1.00 4 20 0.0004 0.9999 -0.000000
728.00 C 20260806 -1.00 -1.00 102 35 0.0004 0.9999 -0.000000
729.00 C 20260806 -1.00 -1.00 2 123 -1.0000 -1.0000 -1.000000
730.00 C 20260806 -1.00 -1.00 1 302 -1.0000 -1.0000 -1.000000
731.00 C 20260806 -1.00 -1.00 3 78 0.0004 0.9999 -0.000000
732.00 C 20260806 -1.00 -1.00 9 1214 -1.0000 -1.0000 -1.000000
733.00 C 20260806 -1.00 -1.00 11 77 0.0004 0.9999 0.000000
734.00 C 20260806 -1.00 -1.00 1 229 -1.0000 -1.0000 -1.000000
735.00 C 20260806 -1.00 -1.00 61 219 -1.0000 -1.0000 -1.000000
736.00 C 20260806 -1.00 -1.00 160 422 -1.0000 -1.0000 -1.000000
737.00 C 20260806 -1.00 -1.00 8 295 -1.0000 -1.0000 -1.000000
738.00 C 20260806 -1.00 -1.00 3 729 -1.0000 -1.0000 -1.000000
739.00 C 20260806 -1.00 -1.00 4 1251 -1.0000 -1.0000 -1.000000
740.00 C 20260806 -1.00 -1.00 64 3216 -1.0000 -1.0000 -1.000000
741.00 C 20260806 -1.00 -1.00 9 2061 -1.0000 -1.0000 -1.000000
742.00 C 20260806 -1.00 -1.00 7 919 -1.0000 -1.0000 -1.000000
743.00 C 20260806 -1.00 -1.00 3 474 -1.0000 -1.0000 -1.000000
744.00 C 20260806 -1.00 -1.00 32 758 -1.0000 -1.0000 -1.000000
745.00 C 20260806 -1.00 -1.00 29 1708 0.0004 0.9999 0.000000
746.00 C 20260806 -1.00 -1.00 2 2217 -1.0000 -1.0000 -1.000000
747.00 C 20260806 -1.00 -1.00 32 1115 0.0004 0.9999 0.000000
748.00 C 20260806 -1.00 -1.00 80 1303 -1.0000 -1.0000 -1.000000
749.00 C 20260806 -1.00 -1.00 42 797 -1.0000 -1.0000 -1.000000
750.00 C 20260806 -1.00 -1.00 461 12477 0.1392 0.9807 0.005439
751.00 C 20260806 -1.00 -1.00 28 1559 0.1563 0.9584 0.009223
752.00 C 20260806 -1.00 -1.00 134 3769 0.1672 0.9376 0.012096
753.00 C 20260806 -1.00 -1.00 25 1316 0.1378 0.9574 0.010678
754.00 C 20260806 -1.00 -1.00 35 4565 0.1479 0.9349 0.014199
755.00 C 20260806 -1.00 -1.00 121 6773 0.1350 0.9367 0.015177
756.00 C 20260806 -1.00 -1.00 629 2115 0.0004 0.9999 -0.000000
757.00 C 20260806 -1.00 -1.00 517 1382 0.0004 0.9999 0.000000
758.00 C 20260806 -1.00 -1.00 1327 1890 0.0922 0.9522 0.017529
759.00 C 20260806 -1.00 -1.00 822 1069 0.1248 0.8668 0.028471
760.00 C 20260806 -1.00 -1.00 1384 2132 0.1187 0.8456 0.032752
761.00 C 20260806 -1.00 -1.00 1431 1159 0.1214 0.8049 0.037301
762.00 C 20260806 -1.00 -1.00 4205 2034 0.1093 0.7903 0.043505
763.00 C 20260806 -1.00 -1.00 2920 1257 0.1152 0.7321 0.046802
764.00 C 20260806 -1.00 -1.00 4159 1215 0.1167 0.6816 0.050332
765.00 C 20260806 -1.00 -1.00 6049 940 0.1150 0.6328 0.054073
766.00 C 20260806 -1.00 -1.00 6018 1122 0.1135 0.5781 0.056468
767.00 C 20260806 -1.00 -1.00 3658 878 0.1138 0.5216 0.058022
768.00 C 20260806 -1.00 -1.00 2574 503 0.1128 0.4647 0.057865
769.00 C 20260806 -1.00 -1.00 4286 423 0.1123 0.4072 0.056734
770.00 C 20260806 -1.00 -1.00 6851 1784 0.1134 0.3529 0.054274
771.00 C 20260806 -1.00 -1.00 2488 837 0.1130 0.3024 0.050503
772.00 C 20260806 -1.00 -1.00 1630 338 0.1143 0.2549 0.046280
773.00 C 20260806 -1.00 -1.00 962 41 0.1150 0.2139 0.041650
774.00 C 20260806 -1.00 -1.00 1396 173 0.1150 0.1759 0.036731
775.00 C 20260806 -1.00 -1.00 5735 781 0.1180 0.1455 0.031940
776.00 C 20260806 -1.00 -1.00 1091 349 0.1180 0.1182 0.027469
777.00 C 20260806 -1.00 -1.00 998 578 0.1191 0.0957 0.023239
778.00 C 20260806 -1.00 -1.00 1683 136 0.1229 0.0794 0.019719
779.00 C 20260806 -1.00 -1.00 727 2640 0.1243 0.0639 0.016522
780.00 C 20260806 -1.00 -1.00 4272 189 0.1260 0.0526 0.013852
781.00 C 20260806 -1.00 -1.00 79 563 0.1291 0.0437 0.011636
782.00 C 20260806 -1.00 -1.00 16 1601 0.1323 0.0352 0.009613
783.00 C 20260806 -1.00 -1.00 116 1370 0.1349 0.0293 0.008097
784.00 C 20260806 -1.00 -1.00 228 1959 0.1385 0.0258 0.007041
785.00 C 20260806 -1.00 -1.00 77 1577 0.1422 0.0225 0.006081
786.00 C 20260806 -1.00 -1.00 205 658 0.1458 0.0193 0.005208
787.00 C 20260806 -1.00 -1.00 435 406 0.1494 0.0163 0.004410
788.00 C 20260806 -1.00 -1.00 368 267 0.1530 0.0134 0.003682
789.00 C 20260806 -1.00 -1.00 1 918 0.1596 0.0130 0.003430
790.00 C 20260806 -1.00 -1.00 2 777 0.1659 0.0125 0.003206
791.00 C 20260806 -1.00 -1.00 42 604 0.1647 0.0100 0.002611
792.00 C 20260806 -1.00 -1.00 72 128 0.1705 0.0096 0.002449
793.00 C 20260806 -1.00 -1.00 490 680 0.1763 0.0093 0.002302
794.00 C 20260806 -1.00 -1.00 49 377 0.1821 0.0091 0.002169
795.00 C 20260806 -1.00 -1.00 29 571 0.1808 0.0067 0.001665
800.00 C 20260806 -1.00 -1.00 3 252 0.2096 0.0059 0.001279
805.00 C 20260806 -1.00 -1.00 1 420 0.2254 0.0034 0.000742
810.00 C 20260806 -1.00 -1.00 125 1086 0.2507 0.0031 0.000607
815.00 C 20260806 -1.00 -1.00 1 1057 0.2758 0.0028 0.000507
820.00 C 20260806 -1.00 -1.00 1 283 0.3008 0.0026 0.000431
825.00 C 20260806 -1.00 -1.00 15 848 0.3256 0.0024 0.000372
830.00 C 20260806 -1.00 -1.00 487 487 0.3503 0.0023 0.000325
835.00 C 20260806 -1.00 -1.00 764 479 0.3747 0.0021 0.000287
840.00 C 20260806 -1.00 -1.00 -1 0 -1.0000 -1.0000 -1.000000
845.00 C 20260806 -1.00 -1.00 -1 0 -1.0000 -1.0000 -1.000000
850.00 C 20260806 -1.00 -1.00 -1 0 -1.0000 -1.0000 -1.000000
855.00 C 20260806 -1.00 -1.00 -1 0 -1.0000 -1.0000 -1.000000
680.00 P 20260806 -1.00 -1.00 124 628 0.5261 -0.0015 0.000151
685.00 P 20260806 -1.00 -1.00 18 1288 0.4961 -0.0016 0.000169
690.00 P 20260806 -1.00 -1.00 2 1684 0.4663 -0.0017 0.000189
695.00 P 20260806 -1.00 -1.00 33 609 0.4367 -0.0018 0.000213
700.00 P 20260806 -1.00 -1.00 116 439 0.4289 -0.0030 0.000345
701.00 P 20260806 -1.00 -1.00 4 531 0.4231 -0.0030 0.000354
702.00 P 20260806 -1.00 -1.00 3 203 0.4172 -0.0031 0.000364
703.00 P 20260806 -1.00 -1.00 19 511 0.4114 -0.0031 0.000374
704.00 P 20260806 -1.00 -1.00 40 259 0.4056 -0.0032 0.000384
705.00 P 20260806 -1.00 -1.00 131 670 0.3997 -0.0032 0.000395
706.00 P 20260806 -1.00 -1.00 14 208 0.3939 -0.0033 0.000406
707.00 P 20260806 -1.00 -1.00 29 402 0.3881 -0.0033 0.000418
708.00 P 20260806 -1.00 -1.00 36 1397 0.3823 -0.0034 0.000430
709.00 P 20260806 -1.00 -1.00 32 5467 0.3765 -0.0034 0.000443
710.00 P 20260806 -1.00 -1.00 69 1745 0.3830 -0.0046 0.000562
711.00 P 20260806 -1.00 -1.00 1123 2258 0.3766 -0.0046 0.000579
712.00 P 20260806 -1.00 -1.00 31 1214 0.3701 -0.0047 0.000597
713.00 P 20260806 -1.00 -1.00 22 1180 0.3637 -0.0048 0.000616
714.00 P 20260806 -1.00 -1.00 8 1458 0.3572 -0.0048 0.000635
715.00 P 20260806 -1.00 -1.00 461 1009 0.3508 -0.0049 0.000656
716.00 P 20260806 -1.00 -1.00 40 1178 0.3444 -0.0050 0.000678
717.00 P 20260806 -1.00 -1.00 3 1815 0.3379 -0.0051 0.000701
718.00 P 20260806 -1.00 -1.00 21 2262 0.3315 -0.0052 0.000725
719.00 P 20260806 -1.00 -1.00 13 429 0.3251 -0.0053 0.000751
720.00 P 20260806 -1.00 -1.00 28 1251 0.3188 -0.0054 0.000778
721.00 P 20260806 -1.00 -1.00 3 360 0.3202 -0.0067 0.000945
722.00 P 20260806 -1.00 -1.00 77 1790 0.3138 -0.0069 0.000980
723.00 P 20260806 -1.00 -1.00 1 470 0.3074 -0.0070 0.001018
724.00 P 20260806 -1.00 -1.00 36 729 0.3011 -0.0071 0.001057
725.00 P 20260806 -1.00 -1.00 146 7620 0.2947 -0.0073 0.001100
726.00 P 20260806 -1.00 -1.00 97 479 0.2884 -0.0074 0.001144
727.00 P 20260806 -1.00 -1.00 40 873 0.2821 -0.0076 0.001192
728.00 P 20260806 -1.00 -1.00 54 985 0.2835 -0.0091 0.001401
729.00 P 20260806 -1.00 -1.00 17 623 0.2772 -0.0093 0.001461
730.00 P 20260806 -1.00 -1.00 160 1321 0.2709 -0.0095 0.001526
731.00 P 20260806 -1.00 -1.00 2 710 0.2646 -0.0097 0.001594
732.00 P 20260806 -1.00 -1.00 31 641 0.2661 -0.0113 0.001828
733.00 P 20260806 -1.00 -1.00 22 391 0.2596 -0.0116 0.001913
734.00 P 20260806 -1.00 -1.00 26 566 0.2525 -0.0118 0.002004
735.00 P 20260806 -1.00 -1.00 194 2275 0.2454 -0.0121 0.002103
736.00 P 20260806 -1.00 -1.00 162 1044 0.2416 -0.0139 0.002385
737.00 P 20260806 -1.00 -1.00 541 2749 0.2345 -0.0143 0.002510
738.00 P 20260806 -1.00 -1.00 387 3383 0.2307 -0.0162 0.002829
739.00 P 20260806 -1.00 -1.00 580 995 0.2237 -0.0166 0.002987
740.00 P 20260806 -1.00 -1.00 513 1930 0.2199 -0.0186 0.003351
741.00 P 20260806 -1.00 -1.00 65 1350 0.2129 -0.0192 0.003551
742.00 P 20260806 -1.00 -1.00 538 1925 0.2092 -0.0213 0.003966
743.00 P 20260806 -1.00 -1.00 261 1361 0.2021 -0.0220 0.004219
744.00 P 20260806 -1.00 -1.00 365 1783 0.1984 -0.0244 0.004699
745.00 P 20260806 -1.00 -1.00 605 2852 0.1947 -0.0268 0.005212
746.00 P 20260806 -1.00 -1.00 385 689 0.1910 -0.0293 0.005763
747.00 P 20260806 -1.00 -1.00 390 907 0.1848 -0.0320 0.006365
748.00 P 20260806 -1.00 -1.00 1307 2285 0.1800 -0.0364 0.007222
749.00 P 20260806 -1.00 -1.00 1062 746 0.1736 -0.0395 0.007983
750.00 P 20260806 -1.00 -1.00 2034 2085 0.1689 -0.0444 0.009024
751.00 P 20260806 -1.00 -1.00 1086 915 0.1642 -0.0497 0.010173
752.00 P 20260806 -1.00 -1.00 911 2131 0.1611 -0.0568 0.011601
753.00 P 20260806 -1.00 -1.00 5379 4626 0.1581 -0.0642 0.013134
754.00 P 20260806 -1.00 -1.00 2524 2365 0.1531 -0.0735 0.014949
755.00 P 20260806 -1.00 -1.00 3635 1829 0.1480 -0.0843 0.017049
756.00 P 20260806 -1.00 -1.00 2080 693 0.1439 -0.0973 0.019509
757.00 P 20260806 -1.00 -1.00 2287 1015 0.1412 -0.1131 0.022331
758.00 P 20260806 -1.00 -1.00 1614 920 0.1390 -0.1316 0.025427
759.00 P 20260806 -1.00 -1.00 1592 1232 0.1341 -0.1530 0.028860
760.00 P 20260806 -1.00 -1.00 4441 410 0.1308 -0.1789 0.032700
761.00 P 20260806 -1.00 -1.00 5136 106 0.1285 -0.2077 0.036827
762.00 P 20260806 -1.00 -1.00 1936 117 0.1257 -0.2416 0.040978
763.00 P 20260806 -1.00 -1.00 3479 217 0.1229 -0.2817 0.045034
764.00 P 20260806 -1.00 -1.00 4910 74 0.1213 -0.3253 0.049072
765.00 P 20260806 -1.00 -1.00 2608 140 0.1196 -0.3733 0.052372
766.00 P 20260806 -1.00 -1.00 1861 167 0.1184 -0.4263 0.054441
767.00 P 20260806 -1.00 -1.00 1729 42 0.1181 -0.4807 0.056237
768.00 P 20260806 -1.00 -1.00 1330 9 0.1165 -0.5360 0.056356
769.00 P 20260806 -1.00 -1.00 2045 8 0.1168 -0.5913 0.054992
770.00 P 20260806 -1.00 -1.00 1309 3 0.1186 -0.6440 0.052723
771.00 P 20260806 -1.00 -1.00 614 1 0.1168 -0.6948 0.049780
772.00 P 20260806 -1.00 -1.00 104 1 0.1195 -0.7383 0.045476
773.00 P 20260806 -1.00 -1.00 27 1 0.1188 -0.7833 0.041678
774.00 P 20260806 -1.00 -1.00 12 0 0.1523 -0.7639 0.034067
775.00 P 20260806 -1.00 -1.00 10 0 0.1548 -0.7897 0.031163
776.00 P 20260806 -1.00 -1.00 16 1 0.1592 -0.8110 0.028317
777.00 P 20260806 -1.00 -1.00 27 1 0.1275 -0.8939 0.024841
778.00 P 20260806 -1.00 -1.00 16 0 0.1259 -0.9207 0.020854
779.00 P 20260806 -1.00 -1.00 178 0 0.1325 -0.9302 0.018274
780.00 P 20260806 -1.00 -1.00 600 0 0.1310 -0.9473 0.015241
781.00 P 20260806 -1.00 -1.00 14 0 0.1293 -0.9635 0.012324
782.00 P 20260806 -1.00 -1.00 6 0 -1.0000 -1.0000 -1.000000
783.00 P 20260806 -1.00 -1.00 14 0 -1.0000 -1.0000 -1.000000
784.00 P 20260806 -1.00 -1.00 10 0 0.1709 -0.9465 0.011442
785.00 P 20260806 -1.00 -1.00 16 0 0.1686 -0.9592 0.009631
786.00 P 20260806 -1.00 -1.00 8 0 0.1745 -0.9627 0.008758
787.00 P 20260806 -1.00 -1.00 4 0 0.1813 -0.9650 0.008056
788.00 P 20260806 -1.00 -1.00 4 0 0.1880 -0.9672 0.007421
789.00 P 20260806 -1.00 -1.00 6 0 0.1955 -0.9683 0.006937
790.00 P 20260806 -1.00 -1.00 8 0 0.1990 -0.9730 0.006148
791.00 P 20260806 -1.00 -1.00 6 0 0.2073 -0.9729 0.005868
792.00 P 20260806 -1.00 -1.00 4 0 0.1824 -0.9929 0.003210
793.00 P 20260806 -1.00 -1.00 4 0 0.2025 -0.9843 0.004311
794.00 P 20260806 -1.00 -1.00 8 0 0.2128 -0.9825 0.004264
795.00 P 20260806 -1.00 -1.00 73 0 0.2011 -0.9935 0.002672
800.00 P 20260806 -1.00 -1.00 12 1 0.2556 -0.9832 0.003281
805.00 P 20260806 -1.00 -1.00 6 0 0.2737 -0.9912 0.002101
810.00 P 20260806 -1.00 -1.00 6 0 0.2977 -0.9928 0.001639
815.00 P 20260806 -1.00 -1.00 6 0 0.3146 -0.9958 0.001140
820.00 P 20260806 -1.00 -1.00 138 0 0.3484 -0.9949 0.001088
825.00 P 20260806 -1.00 -1.00 8 0 0.3701 -0.9964 0.000840
830.00 P 20260806 -1.00 -1.00 2 0 0.3911 -0.9977 0.000627
835.00 P 20260806 -1.00 -1.00 2 0 -1.0000 -1.0000 -1.000000
840.00 P 20260806 -1.00 -1.00 6 0 0.4455 -0.9980 0.000493
845.00 P 20260806 -1.00 -1.00 2 0 0.5303 -0.9909 0.000927
850.00 P 20260806 -1.00 -1.00 8 0 -1.0000 -1.0000 -1.000000
855.00 P 20260806 -1.00 -1.00 10 0 -1.0000 -1.0000 -1.000000
680.00 C 20260807 -1.00 -1.00 6 62 0.5148 0.9940 0.000442
685.00 C 20260807 -1.00 -1.00 22 33 0.4721 0.9951 0.000397
686.00 C 20260807 -1.00 -1.00 5 4 0.4829 0.9934 0.000512
687.00 C 20260807 -1.00 -1.00 5 1 0.4804 0.9930 0.000543
688.00 C 20260807 -1.00 -1.00 9 0 0.4911 0.9913 0.000648
689.00 C 20260807 -1.00 -1.00 9 3 0.4487 0.9950 0.000426
690.00 C 20260807 -1.00 -1.00 33 48 0.4429 0.9950 0.000434
691.00 C 20260807 -1.00 -1.00 1 5 0.4637 0.9921 0.000629
692.00 C 20260807 -1.00 -1.00 1 1 0.4612 0.9916 0.000663
693.00 C 20260807 -1.00 -1.00 1 5 0.4488 0.9923 0.000634
694.00 C 20260807 -1.00 -1.00 2 9 0.4595 0.9905 0.000751
695.00 C 20260807 -1.00 -1.00 2 270 -1.0000 -1.0000 -1.000000
696.00 C 20260807 -1.00 -1.00 2 2 0.4148 0.9940 0.000546
697.00 C 20260807 -1.00 -1.00 2 2 0.4157 0.9931 0.000613
698.00 C 20260807 -1.00 -1.00 1 1 0.4331 0.9905 0.000798
699.00 C 20260807 -1.00 -1.00 6 7 0.4240 0.9907 0.000794
700.00 C 20260807 -1.00 -1.00 6 166 -1.0000 -1.0000 -1.000000
701.00 C 20260807 -1.00 -1.00 1 6 0.3927 0.9929 0.000670
702.00 C 20260807 -1.00 -1.00 10 14 0.4167 0.9893 0.000920
703.00 C 20260807 -1.00 -1.00 2 1 0.0005 0.9999 -0.000000
704.00 C 20260807 -1.00 -1.00 6 3 0.3987 0.9899 0.000917
705.00 C 20260807 -1.00 -1.00 13 117 -1.0000 -1.0000 -1.000000
706.00 C 20260807 -1.00 -1.00 3 14 0.3741 0.9913 0.000851
707.00 C 20260807 -1.00 -1.00 2 2 0.3917 0.9880 0.001087
708.00 C 20260807 -1.00 -1.00 6 26 0.3854 0.9879 0.001115
709.00 C 20260807 -1.00 -1.00 56 36 0.0005 0.9999 0.000000
710.00 C 20260807 -1.00 -1.00 2 241 -1.0000 -1.0000 -1.000000
711.00 C 20260807 -1.00 -1.00 10 28 0.0005 0.9999 0.000000
712.00 C 20260807 -1.00 -1.00 1 38 0.3631 0.9864 0.001294
713.00 C 20260807 -1.00 -1.00 1 14 0.2570 0.9990 0.000169
714.00 C 20260807 -1.00 -1.00 1 12 0.3507 0.9861 0.001369
715.00 C 20260807 -1.00 -1.00 1 694 -1.0000 -1.0000 -1.000000
716.00 C 20260807 -1.00 -1.00 1 14 0.3312 0.9879 0.001294
717.00 C 20260807 -1.00 -1.00 3 214 -1.0000 -1.0000 -1.000000
718.00 C 20260807 -1.00 -1.00 3 44 0.3286 0.9844 0.001606
719.00 C 20260807 -1.00 -1.00 7 68 0.3238 0.9838 0.001689
720.00 C 20260807 -1.00 -1.00 6 1316 -1.0000 -1.0000 -1.000000
721.00 C 20260807 -1.00 -1.00 1 52 0.3115 0.9832 0.001802
722.00 C 20260807 -1.00 -1.00 14 119 -1.0000 -1.0000 -1.000000
723.00 C 20260807 -1.00 -1.00 10 54 0.2936 0.9846 0.001779
724.00 C 20260807 -1.00 -1.00 7 35 0.2958 0.9815 0.002069
725.00 C 20260807 -1.00 -1.00 13 738 0.0005 0.9999 -0.000000
726.00 C 20260807 -1.00 -1.00 80 249 -1.0000 -1.0000 -1.000000
727.00 C 20260807 -1.00 -1.00 2 149 -1.0000 -1.0000 -1.000000
728.00 C 20260807 -1.00 -1.00 4 178 0.0005 0.9999 0.000000
729.00 C 20260807 -1.00 -1.00 10 277 -1.0000 -1.0000 -1.000000
730.00 C 20260807 -1.00 -1.00 10 2178 0.0005 0.9999 0.000000
731.00 C 20260807 -1.00 -1.00 3 551 0.0005 0.9999 -0.000000
732.00 C 20260807 -1.00 -1.00 5 742 0.0005 0.9999 0.000000
733.00 C 20260807 -1.00 -1.00 8 228 0.0005 0.9999 0.000000
734.00 C 20260807 -1.00 -1.00 17 2261 0.0005 0.9999 0.000000
735.00 C 20260807 -1.00 -1.00 53 2633 0.1898 0.9920 0.001543
736.00 C 20260807 -1.00 -1.00 140 598 0.0005 0.9999 0.000000
737.00 C 20260807 -1.00 -1.00 15 609 0.2251 0.9725 0.003857
738.00 C 20260807 -1.00 -1.00 22 936 0.1834 0.9889 0.002165
739.00 C 20260807 -1.00 -1.00 26 1278 0.2358 0.9543 0.005534
740.00 C 20260807 -1.00 -1.00 475 8095 0.2096 0.9680 0.004685
741.00 C 20260807 -1.00 -1.00 18 774 0.0005 0.9999 0.000000
742.00 C 20260807 -1.00 -1.00 53 2250 0.2111 0.9536 0.006249
743.00 C 20260807 -1.00 -1.00 62 1627 0.1697 0.9779 0.004206
744.00 C 20260807 -1.00 -1.00 77 1479 0.2174 0.9361 0.007952
745.00 C 20260807 -1.00 -1.00 206 8641 0.1858 0.9535 0.007116
746.00 C 20260807 -1.00 -1.00 170 2523 0.1907 0.9421 0.008339
747.00 C 20260807 -1.00 -1.00 151 9371 0.1812 0.9425 0.008728
748.00 C 20260807 -1.00 -1.00 253 4110 0.1689 0.9454 0.008957
749.00 C 20260807 -1.00 -1.00 213 1391 0.1770 0.9274 0.010711
750.00 C 20260807 -1.00 -1.00 1660 12571 0.1675 0.9269 0.011373
751.00 C 20260807 -1.00 -1.00 532 2455 0.1540 0.9327 0.011677
752.00 C 20260807 -1.00 -1.00 235 8593 0.1589 0.9102 0.013916
753.00 C 20260807 -1.00 -1.00 349 3981 0.1586 0.8957 0.015619
754.00 C 20260807 -1.00 -1.00 1157 4715 0.1555 0.8846 0.017229
755.00 C 20260807 -1.00 -1.00 1220 10007 0.1508 0.8752 0.018914
756.00 C 20260807 -1.00 -1.00 10828 7280 0.1450 0.8635 0.020826
757.00 C 20260807 -1.00 -1.00 1639 5144 0.1427 0.8429 0.023057
758.00 C 20260807 -1.00 -1.00 1897 5456 0.1397 0.8230 0.025439
759.00 C 20260807 -1.00 -1.00 2567 3448 0.1382 0.7998 0.027928
760.00 C 20260807 -1.00 -1.00 11368 16389 0.1368 0.7753 0.030472
761.00 C 20260807 -1.00 -1.00 3676 3386 0.1338 0.7458 0.032912
762.00 C 20260807 -1.00 -1.00 6323 3889 0.1309 0.7150 0.035539
763.00 C 20260807 -1.00 -1.00 6301 7391 0.1290 0.6816 0.038153
764.00 C 20260807 -1.00 -1.00 5310 6384 0.1287 0.6445 0.040200
765.00 C 20260807 -1.00 -1.00 11935 11179 0.1258 0.6050 0.042030
766.00 C 20260807 -1.00 -1.00 5690 3201 0.1247 0.5629 0.043395
767.00 C 20260807 -1.00 -1.00 8246 2953 0.1246 0.5199 0.044433
768.00 C 20260807 -1.00 -1.00 5631 1562 0.1229 0.4762 0.044663
769.00 C 20260807 -1.00 -1.00 3246 2059 0.1218 0.4317 0.044251
770.00 C 20260807 -1.00 -1.00 14005 3536 0.1231 0.3887 0.043007
771.00 C 20260807 -1.00 -1.00 3575 1458 0.1231 0.3473 0.041515
772.00 C 20260807 -1.00 -1.00 8540 2008 0.1213 0.3061 0.039647
773.00 C 20260807 -1.00 -1.00 3531 1811 0.1225 0.2692 0.037032
774.00 C 20260807 -1.00 -1.00 4663 1585 0.1234 0.2335 0.034483
775.00 C 20260807 -1.00 -1.00 17887 2638 0.1224 0.2020 0.031563
776.00 C 20260807 -1.00 -1.00 8922 1849 0.1234 0.1743 0.028506
777.00 C 20260807 -1.00 -1.00 2947 1455 0.1249 0.1482 0.025554
778.00 C 20260807 -1.00 -1.00 2780 1154 0.1257 0.1267 0.022782
779.00 C 20260807 -1.00 -1.00 1977 1832 0.1259 0.1076 0.020076
780.00 C 20260807 -1.00 -1.00 3414 1928 0.1276 0.0915 0.017583
781.00 C 20260807 -1.00 -1.00 2060 1250 0.1308 0.0787 0.015439
782.00 C 20260807 -1.00 -1.00 619 623 0.1322 0.0665 0.013457
783.00 C 20260807 -1.00 -1.00 327 637 0.1336 0.0575 0.011785
784.00 C 20260807 -1.00 -1.00 377 959 0.1349 0.0487 0.010178
785.00 C 20260807 -1.00 -1.00 560 998 0.1376 0.0418 0.008838
790.00 C 20260807 -1.00 -1.00 1446 1579 0.1517 0.0224 0.004754
795.00 C 20260807 -1.00 -1.00 232 1594 0.1717 0.0143 0.002896
800.00 C 20260807 -1.00 -1.00 1637 1956 0.1871 0.0095 0.001840
805.00 C 20260807 -1.00 -1.00 451 1292 0.2052 0.0069 0.001262
810.00 C 20260807 -1.00 -1.00 324 1424 0.2231 0.0047 0.000841
815.00 C 20260807 -1.00 -1.00 30 1612 0.2468 0.0044 0.000707
820.00 C 20260807 -1.00 -1.00 46 900 0.2517 0.0026 0.000431
825.00 C 20260807 -1.00 -1.00 507 578 0.2725 0.0024 0.000372
830.00 C 20260807 -1.00 -1.00 161 1315 0.2932 0.0023 0.000325
835.00 C 20260807 -1.00 -1.00 31 1711 0.3137 0.0021 0.000287
840.00 C 20260807 -1.00 -1.00 11 471 0.3341 0.0020 0.000256
845.00 C 20260807 -1.00 -1.00 71 443 0.3544 0.0019 0.000230
850.00 C 20260807 -1.00 -1.00 3 347 0.3745 0.0018 0.000208
855.00 C 20260807 -1.00 -1.00 1 984 0.3946 0.0017 0.000189
680.00 P 20260807 -1.00 -1.00 107 2746 0.4593 -0.0024 0.000217
685.00 P 20260807 -1.00 -1.00 44 3549 0.4341 -0.0025 0.000241
686.00 P 20260807 -1.00 -1.00 1637 395 0.4291 -0.0025 0.000246
687.00 P 20260807 -1.00 -1.00 29 438 0.4240 -0.0026 0.000252
688.00 P 20260807 -1.00 -1.00 52 1148 0.4190 -0.0026 0.000258
689.00 P 20260807 -1.00 -1.00 17 316 0.4140 -0.0026 0.000263
690.00 P 20260807 -1.00 -1.00 1635 2082 0.4274 -0.0035 0.000336
691.00 P 20260807 -1.00 -1.00 332 659 0.4224 -0.0036 0.000344
692.00 P 20260807 -1.00 -1.00 9 906 0.4174 -0.0036 0.000352
693.00 P 20260807 -1.00 -1.00 9 2980 0.4124 -0.0036 0.000360
694.00 P 20260807 -1.00 -1.00 66 789 0.4075 -0.0037 0.000368
695.00 P 20260807 -1.00 -1.00 68 3450 0.4025 -0.0037 0.000377
696.00 P 20260807 -1.00 -1.00 33 788 0.3975 -0.0038 0.000386
697.00 P 20260807 -1.00 -1.00 2 1962 0.3921 -0.0038 0.000396
698.00 P 20260807 -1.00 -1.00 121 2282 0.3866 -0.0039 0.000406
699.00 P 20260807 -1.00 -1.00 28 1004 0.3877 -0.0048 0.000486
700.00 P 20260807 -1.00 -1.00 187 30878 0.3822 -0.0049 0.000499
701.00 P 20260807 -1.00 -1.00 8 1059 0.3767 -0.0049 0.000512
702.00 P 20260807 -1.00 -1.00 50 1699 0.3712 -0.0050 0.000525
703.00 P 20260807 -1.00 -1.00 12 4614 0.3657 -0.0051 0.000539
704.00 P 20260807 -1.00 -1.00 1 1405 0.3603 -0.0051 0.000554
705.00 P 20260807 -1.00 -1.00 188 5030 0.3548 -0.0052 0.000569
706.00 P 20260807 -1.00 -1.00 6 1257 0.3493 -0.0053 0.000585
707.00 P 20260807 -1.00 -1.00 44 1807 0.3505 -0.0063 0.000683
708.00 P 20260807 -1.00 -1.00 8 1701 0.3450 -0.0064 0.000703
709.00 P 20260807 -1.00 -1.00 114 4221 0.3396 -0.0065 0.000724
710.00 P 20260807 -1.00 -1.00 589 38505 0.3342 -0.0066 0.000745
711.00 P 20260807 -1.00 -1.00 85 6464 0.3287 -0.0067 0.000768
712.00 P 20260807 -1.00 -1.00 41 1397 0.3233 -0.0068 0.000792
713.00 P 20260807 -1.00 -1.00 54 2405 0.3245 -0.0079 0.000904
714.00 P 20260807 -1.00 -1.00 57 1880 0.3191 -0.0080 0.000933
715.00 P 20260807 -1.00 -1.00 427 8556 0.3137 -0.0082 0.000963
716.00 P 20260807 -1.00 -1.00 64 939 0.3083 -0.0083 0.000995
717.00 P 20260807 -1.00 -1.00 79 1843 0.3029 -0.0084 0.001028
718.00 P 20260807 -1.00 -1.00 125 2208 0.3041 -0.0096 0.001155
719.00 P 20260807 -1.00 -1.00 70 2900 0.2988 -0.0098 0.001194
720.00 P 20260807 -1.00 -1.00 532 71821 0.2934 -0.0100 0.001235
721.00 P 20260807 -1.00 -1.00 51 25896 0.2881 -0.0101 0.001279
722.00 P 20260807 -1.00 -1.00 125 4893 0.2892 -0.0114 0.001418
723.00 P 20260807 -1.00 -1.00 96 1487 0.2832 -0.0116 0.001469
724.00 P 20260807 -1.00 -1.00 90 2529 0.2772 -0.0118 0.001523
725.00 P 20260807 -1.00 -1.00 575 23166 0.2740 -0.0131 0.001677
726.00 P 20260807 -1.00 -1.00 47 1550 0.2679 -0.0134 0.001742
727.00 P 20260807 -1.00 -1.00 221 9460 0.2619 -0.0136 0.001811
728.00 P 20260807 -1.00 -1.00 381 7766 0.2587 -0.0150 0.001989
729.00 P 20260807 -1.00 -1.00 864 3739 0.2527 -0.0153 0.002072
730.00 P 20260807 -1.00 -1.00 14944 46919 0.2495 -0.0168 0.002267
731.00 P 20260807 -1.00 -1.00 3215 2339 0.2435 -0.0172 0.002366
732.00 P 20260807 -1.00 -1.00 156 2525 0.2403 -0.0187 0.002583
733.00 P 20260807 -1.00 -1.00 260 5373 0.2344 -0.0192 0.002701
734.00 P 20260807 -1.00 -1.00 184 1888 0.2312 -0.0208 0.002942
735.00 P 20260807 -1.00 -1.00 1963 12390 0.2252 -0.0213 0.003083
736.00 P 20260807 -1.00 -1.00 1328 2781 0.2221 -0.0231 0.003351
737.00 P 20260807 -1.00 -1.00 1539 2848 0.2189 -0.0249 0.003634
738.00 P 20260807 -1.00 -1.00 911 4645 0.2158 -0.0267 0.003931
739.00 P 20260807 -1.00 -1.00 1910 7481 0.2126 -0.0286 0.004244
740.00 P 20260807 -1.00 -1.00 4199 28577 0.2080 -0.0306 0.004579
741.00 P 20260807 -1.00 -1.00 1339 3764 0.2025 -0.0326 0.004940
742.00 P 20260807 -1.00 -1.00 1034 4881 0.1971 -0.0348 0.005335
743.00 P 20260807 -1.00 -1.00 573 2791 0.1931 -0.0384 0.005875
744.00 P 20260807 -1.00 -1.00 1067 2861 0.1877 -0.0408 0.006349
745.00 P 20260807 -1.00 -1.00 4783 27499 0.1837 -0.0447 0.006978
746.00 P 20260807 -1.00 -1.00 749 2853 0.1798 -0.0487 0.007656
747.00 P 20260807 -1.00 -1.00 1353 4768 0.1758 -0.0529 0.008388
748.00 P 20260807 -1.00 -1.00 1980 3570 0.1732 -0.0585 0.009272
749.00 P 20260807 -1.00 -1.00 2132 2835 0.1706 -0.0642 0.010208
750.00 P 20260807 -1.00 -1.00 28883 58089 0.1659 -0.0709 0.011256
751.00 P 20260807 -1.00 -1.00 2980 12646 0.1616 -0.0791 0.012484
752.00 P 20260807 -1.00 -1.00 6171 15319 0.1570 -0.0871 0.013797
753.00 P 20260807 -1.00 -1.00 2871 6334 0.1535 -0.0974 0.015336
754.00 P 20260807 -1.00 -1.00 3002 4878 0.1508 -0.1093 0.017047
755.00 P 20260807 -1.00 -1.00 12274 10990 0.1490 -0.1226 0.018902
756.00 P 20260807 -1.00 -1.00 4425 8605 0.1453 -0.1375 0.020903
757.00 P 20260807 -1.00 -1.00 5355 8554 0.1415 -0.1552 0.023123
758.00 P 20260807 -1.00 -1.00 5310 7952 0.1384 -0.1752 0.025545
759.00 P 20260807 -1.00 -1.00 4128 4803 0.1362 -0.1975 0.028124
760.00 P 20260807 -1.00 -1.00 14004 1467 0.1356 -0.2232 0.030731
761.00 P 20260807 -1.00 -1.00 4187 643 0.1318 -0.2516 0.033336
762.00 P 20260807 -1.00 -1.00 8358 700 0.1287 -0.2826 0.036085
763.00 P 20260807 -1.00 -1.00 3937 606 0.1276 -0.3176 0.038624
764.00 P 20260807 -1.00 -1.00 4308 865 0.1267 -0.3547 0.040980
765.00 P 20260807 -1.00 -1.00 10112 1003 0.1245 -0.3954 0.042663
766.00 P 20260807 -1.00 -1.00 3349 152 0.1227 -0.4378 0.044329
767.00 P 20260807 -1.00 -1.00 1138 185 0.1238 -0.4820 0.045026
768.00 P 20260807 -1.00 -1.00 342 91 0.1221 -0.5263 0.045248
769.00 P 20260807 -1.00 -1.00 209 136 0.1202 -0.5719 0.045192
770.00 P 20260807 -1.00 -1.00 1699 144 0.1211 -0.6162 0.044100
771.00 P 20260807 -1.00 -1.00 92 98 0.1209 -0.6586 0.042504
772.00 P 20260807 -1.00 -1.00 243 2 0.1202 -0.6993 0.040341
773.00 P 20260807 -1.00 -1.00 363 39 0.1212 -0.7374 0.037786
774.00 P 20260807 -1.00 -1.00 827 1 0.1235 -0.7710 0.034928
775.00 P 20260807 -1.00 -1.00 591 2 0.1216 -0.8045 0.032134
776.00 P 20260807 -1.00 -1.00 157 1 0.1240 -0.8299 0.029034
777.00 P 20260807 -1.00 -1.00 380 0 0.1236 -0.8610 0.026094
778.00 P 20260807 -1.00 -1.00 274 0 0.1213 -0.8877 0.023128
779.00 P 20260807 -1.00 -1.00 245 0 0.1212 -0.9089 0.020237
780.00 P 20260807 -1.00 -1.00 62 5 0.1240 -0.9237 0.017747
781.00 P 20260807 -1.00 -1.00 45 0 0.1258 -0.9383 0.015327
782.00 P 20260807 -1.00 -1.00 84 0 0.1266 -0.9491 0.013493
783.00 P 20260807 -1.00 -1.00 617 0 0.1486 -0.9298 0.013804
784.00 P 20260807 -1.00 -1.00 155 0 0.1466 -0.9442 0.011996
785.00 P 20260807 -1.00 -1.00 364 0 0.1599 -0.9387 0.011635
790.00 P 20260807 -1.00 -1.00 498 0 0.1756 -0.9650 0.007244
795.00 P 20260807 -1.00 -1.00 512 0 0.1906 -0.9810 0.004621
800.00 P 20260807 -1.00 -1.00 373 5 0.2052 -0.9908 0.002783
805.00 P 20260807 -1.00 -1.00 172 2 0.2381 -0.9884 0.002611
810.00 P 20260807 -1.00 -1.00 46 0 0.2630 -0.9904 0.002051
815.00 P 20260807 -1.00 -1.00 126 0 0.2868 -0.9920 0.001633
820.00 P 20260807 -1.00 -1.00 15 0 0.3055 -0.9937 0.001322
825.00 P 20260807 -1.00 -1.00 16 0 0.3288 -0.9942 0.001152
830.00 P 20260807 -1.00 -1.00 21 0 -1.0000 -1.0000 -1.000000
835.00 P 20260807 -1.00 -1.00 14 0 0.3587 -0.9977 0.000616
840.00 P 20260807 -1.00 -1.00 8 0 0.3875 -0.9969 0.000670
845.00 P 20260807 -1.00 -1.00 8 0 0.4337 -0.9933 0.000864
850.00 P 20260807 -1.00 -1.00 11 0 -1.0000 -1.0000 -1.000000
855.00 P 20260807 -1.00 -1.00 155 0 -1.0000 -1.0000 -1.000000
680.00 C 20260810 -1.00 -1.00 -1 0 0.0006 0.9998 -0.000000
685.00 C 20260810 -1.00 -1.00 1 1 0.0006 0.9998 -0.000000
690.00 C 20260810 -1.00 -1.00 -1 0 0.2829 0.9982 0.000180
695.00 C 20260810 -1.00 -1.00 -1 0 0.2985 0.9952 0.000444
700.00 C 20260810 -1.00 -1.00 1 1 0.2655 0.9966 0.000367
701.00 C 20260810 -1.00 -1.00 -1 0 0.2799 0.9939 0.000592
702.00 C 20260810 -1.00 -1.00 -1 0 0.2634 0.9961 0.000418
703.00 C 20260810 -1.00 -1.00 -1 0 0.2714 0.9938 0.000615
704.00 C 20260810 -1.00 -1.00 -1 0 0.2719 0.9929 0.000696
705.00 C 20260810 -1.00 -1.00 -1 0 0.2531 0.9957 0.000480
706.00 C 20260810 -1.00 -1.00 -1 0 0.2488 0.9957 0.000488
707.00 C 20260810 -1.00 -1.00 -1 0 0.2640 0.9919 0.000812
708.00 C 20260810 -1.00 -1.00 2 1 0.2597 0.9918 0.000831
709.00 C 20260810 -1.00 -1.00 -1 0 0.2676 0.9896 0.001010
710.00 C 20260810 -1.00 -1.00 6 4 0.2512 0.9917 0.000870
711.00 C 20260810 -1.00 -1.00 10 10 0.2470 0.9916 0.000892
712.00 C 20260810 -1.00 -1.00 5 0 0.0006 0.9998 -0.000000
713.00 C 20260810 -1.00 -1.00 -1 0 0.2434 0.9906 0.001014
714.00 C 20260810 -1.00 -1.00 -1 0 0.2508 0.9878 0.001240
715.00 C 20260810 -1.00 -1.00 2 2 0.2422 0.9890 0.001177
716.00 C 20260810 -1.00 -1.00 -1 0 0.2356 0.9893 0.001174
717.00 C 20260810 -1.00 -1.00 -1 0 0.2351 0.9883 0.001279
718.00 C 20260810 -1.00 -1.00 -1 0 0.2199 0.9906 0.001116
719.00 C 20260810 -1.00 -1.00 1 1 0.2181 0.9900 0.001193
720.00 C 20260810 -1.00 -1.00 10 75 0.2140 0.9899 0.001229
721.00 C 20260810 -1.00 -1.00 3 3 0.2190 0.9868 0.001518
722.00 C 20260810 -1.00 -1.00 2 37 0.2144 0.9866 0.001567
723.00 C 20260810 -1.00 -1.00 12 5 0.2120 0.9854 0.001701
724.00 C 20260810 -1.00 -1.00 38 20 0.1973 0.9894 0.001389
725.00 C 20260810 -1.00 -1.00 148 88 0.2112 0.9811 0.002139
726.00 C 20260810 -1.00 -1.00 10 14 0.1943 0.9869 0.001693
727.00 C 20260810 -1.00 -1.00 11 10 0.2002 0.9814 0.002217
728.00 C 20260810 -1.00 -1.00 2 41 0.1957 0.9811 0.002301
729.00 C 20260810 -1.00 -1.00 1 136 0.0006 0.9998 0.000000
730.00 C 20260810 -1.00 -1.00 14 225 0.0006 0.9998 0.000000
731.00 C 20260810 -1.00 -1.00 3 167 0.0006 0.9998 0.000000
732.00 C 20260810 -1.00 -1.00 10 209 0.0006 0.9998 0.000000
733.00 C 20260810 -1.00 -1.00 1 126 0.0006 0.9998 0.000000
734.00 C 20260810 -1.00 -1.00 9 240 0.0006 0.9998 0.000000
735.00 C 20260810 -1.00 -1.00 3 579 0.0006 0.9998 0.000000
736.00 C 20260810 -1.00 -1.00 3 339 0.0006 0.9998 0.000000
737.00 C 20260810 -1.00 -1.00 3 270 0.0006 0.9998 0.000000
738.00 C 20260810 -1.00 -1.00 59 297 0.0006 0.9998 0.000000
739.00 C 20260810 -1.00 -1.00 5 835 0.0006 0.9998 0.000000
740.00 C 20260810 -1.00 -1.00 21 1094 -1.0000 -1.0000 -1.000000
741.00 C 20260810 -1.00 -1.00 125 825 0.0006 0.9998 0.000000
742.00 C 20260810 -1.00 -1.00 168 569 0.0006 0.9998 0.000000
743.00 C 20260810 -1.00 -1.00 72 709 0.0006 0.9998 0.000000
744.00 C 20260810 -1.00 -1.00 18 317 0.0006 0.9998 0.000000
745.00 C 20260810 -1.00 -1.00 124 1457 0.1424 0.9462 0.007621
746.00 C 20260810 -1.00 -1.00 57 573 0.0006 0.9998 0.000000
747.00 C 20260810 -1.00 -1.00 5 268 0.0930 0.9884 0.003206
748.00 C 20260810 -1.00 -1.00 96 370 0.0982 0.9781 0.005228
749.00 C 20260810 -1.00 -1.00 201 489 0.0006 0.9998 -0.000000
750.00 C 20260810 -1.00 -1.00 221 1819 0.1287 0.9155 0.011914
751.00 C 20260810 -1.00 -1.00 125 389 0.1068 0.9423 0.010806
752.00 C 20260810 -1.00 -1.00 174 432 0.1281 0.8900 0.014640
753.00 C 20260810 -1.00 -1.00 76 751 0.1283 0.8765 0.016034
754.00 C 20260810 -1.00 -1.00 20 542 0.1269 0.8603 0.017498
755.00 C 20260810 -1.00 -1.00 212 2138 0.1239 0.8460 0.019032
756.00 C 20260810 -1.00 -1.00 213 1946 0.1218 0.8295 0.020686
757.00 C 20260810 -1.00 -1.00 314 1522 0.1204 0.8110 0.022417
758.00 C 20260810 -1.00 -1.00 944 1137 0.1198 0.7907 0.024173
759.00 C 20260810 -1.00 -1.00 639 766 0.1179 0.7692 0.025934
760.00 C 20260810 -1.00 -1.00 1042 4404 0.1151 0.7457 0.027779
761.00 C 20260810 -1.00 -1.00 463 1024 0.1133 0.7192 0.029600
762.00 C 20260810 -1.00 -1.00 980 928 0.1125 0.6907 0.031344
763.00 C 20260810 -1.00 -1.00 1460 1275 0.1124 0.6609 0.032969
764.00 C 20260810 -1.00 -1.00 876 1012 0.1095 0.6298 0.034547
765.00 C 20260810 -1.00 -1.00 2346 2401 0.1084 0.5952 0.035615
766.00 C 20260810 -1.00 -1.00 1285 1210 0.1073 0.5598 0.036719
767.00 C 20260810 -1.00 -1.00 847 2290 0.1079 0.5235 0.037291
768.00 C 20260810 -1.00 -1.00 832 492 0.1064 0.4870 0.037591
769.00 C 20260810 -1.00 -1.00 881 2534 0.1053 0.4495 0.037442
770.00 C 20260810 -1.00 -1.00 2596 1885 0.1053 0.4122 0.036940
771.00 C 20260810 -1.00 -1.00 526 459 0.1062 0.3761 0.036114
772.00 C 20260810 -1.00 -1.00 729 329 0.1051 0.3413 0.034956
773.00 C 20260810 -1.00 -1.00 774 415 0.1046 0.3074 0.033446
774.00 C 20260810 -1.00 -1.00 2215 379 0.1052 0.2755 0.031679
775.00 C 20260810 -1.00 -1.00 3167 282 0.1065 0.2455 0.029832
776.00 C 20260810 -1.00 -1.00 3231 518 0.1059 0.2182 0.027849
777.00 C 20260810 -1.00 -1.00 401 464 0.1058 0.1927 0.025719
778.00 C 20260810 -1.00 -1.00 1426 187 0.1066 0.1694 0.023573
779.00 C 20260810 -1.00 -1.00 322 83 0.1085 0.1494 0.021513
780.00 C 20260810 -1.00 -1.00 1438 335 0.1084 0.1298 0.019531
781.00 C 20260810 -1.00 -1.00 539 68 0.1086 0.1137 0.017611
782.00 C 20260810 -1.00 -1.00 866 52 0.1094 0.0989 0.015768
783.00 C 20260810 -1.00 -1.00 79 36 0.1113 0.0868 0.014120
784.00 C 20260810 -1.00 -1.00 75 20 0.1136 0.0762 0.012650
785.00 C 20260810 -1.00 -1.00 114 110 0.1138 0.0660 0.011253
786.00 C 20260810 -1.00 -1.00 47 0 0.1149 0.0584 0.010062
787.00 C 20260810 -1.00 -1.00 34 0 0.1159 0.0509 0.008913
788.00 C 20260810 -1.00 -1.00 29 15 0.1179 0.0450 0.007944
789.00 C 20260810 -1.00 -1.00 25 0 0.1199 0.0393 0.007033
790.00 C 20260810 -1.00 -1.00 60 3 0.1223 0.0345 0.006251
795.00 C 20260810 -1.00 -1.00 62 16 0.1297 0.0193 0.003564
800.00 C 20260810 -1.00 -1.00 581 1 0.1436 0.0127 0.002278
805.00 C 20260810 -1.00 -1.00 3 1809 0.1569 0.0100 0.001671
810.00 C 20260810 -1.00 -1.00 17 536 0.1701 0.0077 0.001219
815.00 C 20260810 -1.00 -1.00 60 1475 0.1831 0.0057 0.000875
820.00 C 20260810 -1.00 -1.00 90 1858 0.1938 0.0040 0.000609
825.00 C 20260810 -1.00 -1.00 302 982 0.2089 0.0038 0.000528
830.00 C 20260810 -1.00 -1.00 10 777 0.2125 0.0023 0.000326
835.00 C 20260810 -1.00 -1.00 21 546 0.2275 0.0021 0.000288
840.00 C 20260810 -1.00 -1.00 15 490 0.2423 0.0020 0.000257
845.00 C 20260810 -1.00 -1.00 978 978 0.2571 0.0019 0.000230
850.00 C 20260810 -1.00 -1.00 50 1397 0.2717 0.0018 0.000208
855.00 C 20260810 -1.00 -1.00 617 617 0.2863 0.0017 0.000190
680.00 P 20260810 -1.00 -1.00 57 278 0.3341 -0.0024 0.000216
685.00 P 20260810 -1.00 -1.00 13 320 0.3294 -0.0033 0.000300
690.00 P 20260810 -1.00 -1.00 31 405 0.3112 -0.0035 0.000335
695.00 P 20260810 -1.00 -1.00 24 518 0.2981 -0.0046 0.000440
700.00 P 20260810 -1.00 -1.00 259 1146 0.2829 -0.0057 0.000564
701.00 P 20260810 -1.00 -1.00 12 310 0.2789 -0.0058 0.000579
702.00 P 20260810 -1.00 -1.00 50 988 0.2749 -0.0059 0.000594
703.00 P 20260810 -1.00 -1.00 18 830 0.2709 -0.0060 0.000610
704.00 P 20260810 -1.00 -1.00 4 568 0.2718 -0.0069 0.000696
705.00 P 20260810 -1.00 -1.00 4 634 0.2679 -0.0070 0.000715
706.00 P 20260810 -1.00 -1.00 104 135 0.2639 -0.0071 0.000735
707.00 P 20260810 -1.00 -1.00 30 270 0.2599 -0.0072 0.000756
708.00 P 20260810 -1.00 -1.00 101 360 0.2560 -0.0073 0.000777
709.00 P 20260810 -1.00 -1.00 3 573 0.2569 -0.0083 0.000872
710.00 P 20260810 -1.00 -1.00 38 759 0.2530 -0.0085 0.000898
711.00 P 20260810 -1.00 -1.00 155 583 0.2490 -0.0086 0.000924
712.00 P 20260810 -1.00 -1.00 179 346 0.2451 -0.0087 0.000952
713.00 P 20260810 -1.00 -1.00 1 269 0.2460 -0.0098 0.001054
714.00 P 20260810 -1.00 -1.00 5 594 0.2421 -0.0099 0.001087
715.00 P 20260810 -1.00 -1.00 12 926 0.2382 -0.0101 0.001121
716.00 P 20260810 -1.00 -1.00 5 334 0.2343 -0.0103 0.001156
717.00 P 20260810 -1.00 -1.00 20 143 0.2346 -0.0114 0.001268
718.00 P 20260810 -1.00 -1.00 97 1580 0.2302 -0.0115 0.001309
719.00 P 20260810 -1.00 -1.00 17 1347 0.2258 -0.0117 0.001352
720.00 P 20260810 -1.00 -1.00 208 1399 0.2234 -0.0129 0.001475
721.00 P 20260810 -1.00 -1.00 9 130 0.2190 -0.0131 0.001526
722.00 P 20260810 -1.00 -1.00 356 325 0.2167 -0.0143 0.001659
723.00 P 20260810 -1.00 -1.00 9 242 0.2123 -0.0146 0.001719
724.00 P 20260810 -1.00 -1.00 21 326 0.2079 -0.0149 0.001782
725.00 P 20260810 -1.00 -1.00 53 917 0.2056 -0.0162 0.001934
726.00 P 20260810 -1.00 -1.00 3 768 0.2033 -0.0175 0.002092
727.00 P 20260810 -1.00 -1.00 58 3338 0.1989 -0.0178 0.002174
728.00 P 20260810 -1.00 -1.00 92 4396 0.1967 -0.0192 0.002347
729.00 P 20260810 -1.00 -1.00 95 11613 0.1944 -0.0207 0.002527
730.00 P 20260810 -1.00 -1.00 664 1748 0.1911 -0.0216 0.002675
731.00 P 20260810 -1.00 -1.00 117 383 0.1877 -0.0226 0.002831
732.00 P 20260810 -1.00 -1.00 73 7073 0.1855 -0.0241 0.003038
733.00 P 20260810 -1.00 -1.00 142 474 0.1832 -0.0257 0.003254
734.00 P 20260810 -1.00 -1.00 62 938 0.1810 -0.0273 0.003480
735.00 P 20260810 -1.00 -1.00 212 1408 0.1784 -0.0290 0.003720
736.00 P 20260810 -1.00 -1.00 246 662 0.1749 -0.0312 0.004011
737.00 P 20260810 -1.00 -1.00 47 3533 0.1715 -0.0335 0.004322
738.00 P 20260810 -1.00 -1.00 85 8197 0.1681 -0.0359 0.004655
739.00 P 20260810 -1.00 -1.00 192 416 0.1647 -0.0384 0.005012
740.00 P 20260810 -1.00 -1.00 832 2778 0.1618 -0.0416 0.005434
741.00 P 20260810 -1.00 -1.00 101 421 0.1589 -0.0448 0.005882
742.00 P 20260810 -1.00 -1.00 110 559 0.1560 -0.0482 0.006360
743.00 P 20260810 -1.00 -1.00 512 893 0.1537 -0.0522 0.006905
744.00 P 20260810 -1.00 -1.00 306 1123 0.1513 -0.0563 0.007480
745.00 P 20260810 -1.00 -1.00 537 2116 0.1500 -0.0616 0.008148
746.00 P 20260810 -1.00 -1.00 303 670 0.1470 -0.0665 0.008824
747.00 P 20260810 -1.00 -1.00 881 1064 0.1439 -0.0731 0.009630
748.00 P 20260810 -1.00 -1.00 221 1164 0.1405 -0.0795 0.010474
749.00 P 20260810 -1.00 -1.00 783 803 0.1380 -0.0877 0.011457
750.00 P 20260810 -1.00 -1.00 2591 2303 0.1356 -0.0962 0.012506
751.00 P 20260810 -1.00 -1.00 694 561 0.1337 -0.1059 0.013657
752.00 P 20260810 -1.00 -1.00 281 493 0.1321 -0.1163 0.014883
753.00 P 20260810 -1.00 -1.00 1481 1217 0.1305 -0.1279 0.016198
754.00 P 20260810 -1.00 -1.00 1175 1403 0.1271 -0.1408 0.017603
755.00 P 20260810 -1.00 -1.00 1586 1777 0.1246 -0.1559 0.019141
756.00 P 20260810 -1.00 -1.00 912 818 0.1224 -0.1725 0.020789
757.00 P 20260810 -1.00 -1.00 538 699 0.1211 -0.1910 0.022513
758.00 P 20260810 -1.00 -1.00 1041 968 0.1205 -0.2113 0.024272
759.00 P 20260810 -1.00 -1.00 589 398 0.1183 -0.2330 0.026057
760.00 P 20260810 -1.00 -1.00 1798 217 0.1158 -0.2571 0.027861
761.00 P 20260810 -1.00 -1.00 738 173 0.1141 -0.2834 0.029679
762.00 P 20260810 -1.00 -1.00 1697 320 0.1132 -0.3119 0.031429
763.00 P 20260810 -1.00 -1.00 590 459 0.1130 -0.3420 0.033102
764.00 P 20260810 -1.00 -1.00 1460 974 0.1106 -0.3739 0.034516
765.00 P 20260810 -1.00 -1.00 2145 2004 0.1089 -0.4078 0.035793
766.00 P 20260810 -1.00 -1.00 539 1189 0.1079 -0.4433 0.036897
767.00 P 20260810 -1.00 -1.00 336 360 0.1086 -0.4801 0.037463
768.00 P 20260810 -1.00 -1.00 75 68 0.1072 -0.5169 0.037735
769.00 P 20260810 -1.00 -1.00 113 58 0.1062 -0.5543 0.037605
770.00 P 20260810 -1.00 -1.00 124 58 0.1056 -0.5923 0.037364
771.00 P 20260810 -1.00 -1.00 60 21 0.1068 -0.6289 0.036518
772.00 P 20260810 -1.00 -1.00 59 31 0.1058 -0.6638 0.035370
773.00 P 20260810 -1.00 -1.00 24 6 0.1051 -0.6984 0.034001
774.00 P 20260810 -1.00 -1.00 96 43 0.1070 -0.7281 0.032023
775.00 P 20260810 -1.00 -1.00 119 28 0.1080 -0.7591 0.030307
776.00 P 20260810 -1.00 -1.00 361 28 0.1074 -0.7872 0.028446
777.00 P 20260810 -1.00 -1.00 28 1 0.1081 -0.8113 0.026371
778.00 P 20260810 -1.00 -1.00 5 1 0.1060 -0.8425 0.024477
779.00 P 20260810 -1.00 -1.00 24 0 0.1088 -0.8606 0.022369
780.00 P 20260810 -1.00 -1.00 10 0 0.1047 -0.8900 0.020353
781.00 P 20260810 -1.00 -1.00 334 2 0.1056 -0.9058 0.018354
782.00 P 20260810 -1.00 -1.00 251 0 0.1073 -0.9198 0.016540
783.00 P 20260810 -1.00 -1.00 1002 0 0.1093 -0.9323 0.014903
784.00 P 20260810 -1.00 -1.00 1190 0 0.1126 -0.9403 0.013461
785.00 P 20260810 -1.00 -1.00 2558 0 0.1142 -0.9478 0.012182
786.00 P 20260810 -1.00 -1.00 601 0 0.1265 -0.9376 0.011973
787.00 P 20260810 -1.00 -1.00 790 0 0.1289 -0.9434 0.011030
788.00 P 20260810 -1.00 -1.00 45 0 0.1357 -0.9424 0.010478
789.00 P 20260810 -1.00 -1.00 155 0 0.1367 -0.9491 0.009627
790.00 P 20260810 -1.00 -1.00 312 1 0.1413 -0.9506 0.009070
795.00 P 20260810 -1.00 -1.00 124 0 0.1400 -0.9875 0.004705
800.00 P 20260810 -1.00 -1.00 139 0 0.1828 -0.9667 0.005222
805.00 P 20260810 -1.00 -1.00 9 0 0.1795 -0.9902 0.002952
810.00 P 20260810 -1.00 -1.00 17 0 0.2006 -0.9898 0.002544
815.00 P 20260810 -1.00 -1.00 20 0 -1.0000 -1.0000 -1.000000
820.00 P 20260810 -1.00 -1.00 12 0 0.2271 -0.9969 0.001100
825.00 P 20260810 -1.00 -1.00 26 0 -1.0000 -1.0000 -1.000000
830.00 P 20260810 -1.00 -1.00 135 0 0.2657 -0.9963 0.001024
835.00 P 20260810 -1.00 -1.00 6 0 0.2825 -0.9965 0.000911
840.00 P 20260810 -1.00 -1.00 5 0 -1.0000 -1.0000 -1.000000
845.00 P 20260810 -1.00 -1.00 4 0 0.3111 -0.9976 0.000611
850.00 P 20260810 -1.00 -1.00 5 0 -1.0000 -1.0000 -1.000000
855.00 P 20260810 -1.00 -1.00 3 0 0.3609 -0.9949 0.000807
680.00 C 20260811 -1.00 -1.00 1 1 0.3393 0.9951 0.000366
685.00 C 20260811 -1.00 -1.00 -1 0 0.3232 0.9944 0.000434
690.00 C 20260811 -1.00 -1.00 -1 0 0.3071 0.9937 0.000514
695.00 C 20260811 -1.00 -1.00 -1 0 0.2935 0.9924 0.000633
700.00 C 20260811 -1.00 -1.00 1 1 0.2777 0.9915 0.000748
701.00 C 20260811 -1.00 -1.00 -1 0 0.2873 0.9892 0.000904
702.00 C 20260811 -1.00 -1.00 -1 0 0.2742 0.9906 0.000831
703.00 C 20260811 -1.00 -1.00 -1 0 0.2701 0.9905 0.000849
704.00 C 20260811 -1.00 -1.00 -1 0 0.2769 0.9886 0.000987
705.00 C 20260811 -1.00 -1.00 -1 0 0.2774 0.9867 0.001117
706.00 C 20260811 -1.00 -1.00 -1 0 0.2513 0.9916 0.000817
707.00 C 20260811 -1.00 -1.00 -1 0 0.2678 0.9868 0.001149
708.00 C 20260811 -1.00 -1.00 -1 0 0.2635 0.9867 0.001177
709.00 C 20260811 -1.00 -1.00 -1 0 0.2544 0.9885 0.001082
710.00 C 20260811 -1.00 -1.00 1 2 0.2549 0.9864 0.001237
711.00 C 20260811 -1.00 -1.00 -1 0 0.2477 0.9875 0.001190
712.00 C 20260811 -1.00 -1.00 1 2 0.2473 0.9858 0.001328
713.00 C 20260811 -1.00 -1.00 6 0 0.2459 0.9844 0.001441
714.00 C 20260811 -1.00 -1.00 2 1 0.2368 0.9863 0.001345
715.00 C 20260811 -1.00 -1.00 -1 0 0.2335 0.9857 0.001411
716.00 C 20260811 -1.00 -1.00 1 1 0.2359 0.9826 0.001647
717.00 C 20260811 -1.00 -1.00 -1 0 0.2336 0.9816 0.001749
718.00 C 20260811 -1.00 -1.00 1 1 0.2284 0.9818 0.001774
719.00 C 20260811 -1.00 -1.00 -1 0 0.2164 0.9850 0.001583
720.00 C 20260811 -1.00 -1.00 2 2 0.2266 0.9784 0.002076
721.00 C 20260811 -1.00 -1.00 -1 4 0.2195 0.9793 0.002061
722.00 C 20260811 -1.00 -1.00 2 1 0.2018 0.9854 0.001661
723.00 C 20260811 -1.00 -1.00 1 1 0.2082 0.9801 0.002107
724.00 C 20260811 -1.00 -1.00 -1 0 0.2117 0.9763 0.002419
725.00 C 20260811 -1.00 -1.00 1 6 0.2084 0.9755 0.002530
726.00 C 20260811 -1.00 -1.00 -1 0 0.2134 0.9710 0.002874
727.00 C 20260811 -1.00 -1.00 1 1 0.2038 0.9730 0.002825
728.00 C 20260811 -1.00 -1.00 1 1 0.2016 0.9717 0.002982
729.00 C 20260811 -1.00 -1.00 2 2 0.1936 0.9729 0.002980
730.00 C 20260811 -1.00 -1.00 10 142 0.0007 0.9998 0.000000
731.00 C 20260811 -1.00 -1.00 22 14 0.1852 0.9720 0.003215
732.00 C 20260811 -1.00 -1.00 7 7 0.1850 0.9678 0.003589
733.00 C 20260811 -1.00 -1.00 1 85 0.1841 0.9636 0.003969
734.00 C 20260811 -1.00 -1.00 21 175 0.0007 0.9998 -0.000000
735.00 C 20260811 -1.00 -1.00 2 209 0.0007 0.9998 0.000000
736.00 C 20260811 -1.00 -1.00 2 165 0.0007 0.9998 0.000000
737.00 C 20260811 -1.00 -1.00 2 264 0.0007 0.9998 0.000000
738.00 C 20260811 -1.00 -1.00 32 330 0.1075 0.9960 0.000974
739.00 C 20260811 -1.00 -1.00 3 152 0.1176 0.9900 0.002054
740.00 C 20260811 -1.00 -1.00 107 809 0.1181 0.9872 0.002534
741.00 C 20260811 -1.00 -1.00 101 798 0.1199 0.9820 0.003347
742.00 C 20260811 -1.00 -1.00 1 537 0.1207 0.9777 0.004025
743.00 C 20260811 -1.00 -1.00 6 416 0.1224 0.9727 0.004761
744.00 C 20260811 -1.00 -1.00 4 301 0.1204 0.9691 0.005341
745.00 C 20260811 -1.00 -1.00 92 960 0.1148 0.9696 0.005523
746.00 C 20260811 -1.00 -1.00 11 384 0.1151 0.9615 0.006648
747.00 C 20260811 -1.00 -1.00 5 174 0.1427 0.9125 0.010249
748.00 C 20260811 -1.00 -1.00 6 192 0.1160 0.9446 0.008919
749.00 C 20260811 -1.00 -1.00 3 95 0.1361 0.9001 0.011883
750.00 C 20260811 -1.00 -1.00 41 469 0.1221 0.9116 0.012077
751.00 C 20260811 -1.00 -1.00 20 169 0.1214 0.8999 0.013354
752.00 C 20260811 -1.00 -1.00 227 248 0.1341 0.8642 0.015121
753.00 C 20260811 -1.00 -1.00 25 400 0.1312 0.8521 0.016290
754.00 C 20260811 -1.00 -1.00 39 924 0.1295 0.8370 0.017549
755.00 C 20260811 -1.00 -1.00 49 261 0.1272 0.8229 0.018882
756.00 C 20260811 -1.00 -1.00 89 371 0.1259 0.8063 0.020264
757.00 C 20260811 -1.00 -1.00 220 919 0.1253 0.7883 0.021656
758.00 C 20260811 -1.00 -1.00 405 309 0.1232 0.7691 0.023053
759.00 C 20260811 -1.00 -1.00 282 399 0.1205 0.7485 0.024527
760.00 C 20260811 -1.00 -1.00 613 494 0.1193 0.7245 0.025901
761.00 C 20260811 -1.00 -1.00 720 309 0.1183 0.6995 0.027282
762.00 C 20260811 -1.00 -1.00 601 203 0.1174 0.6742 0.028704
763.00 C 20260811 -1.00 -1.00 650 192 0.1164 0.6469 0.029896
764.00 C 20260811 -1.00 -1.00 942 265 0.1145 0.6176 0.030917
765.00 C 20260811 -1.00 -1.00 1234 188 0.1128 0.5873 0.031956
766.00 C 20260811 -1.00 -1.00 1202 601 0.1122 0.5555 0.032743
767.00 C 20260811 -1.00 -1.00 836 1184 0.1122 0.5233 0.033337
768.00 C 20260811 -1.00 -1.00 569 490 0.1109 0.4907 0.033547
769.00 C 20260811 -1.00 -1.00 867 193 0.1098 0.4573 0.033470
770.00 C 20260811 -1.00 -1.00 917 2638 0.1093 0.4237 0.033211
771.00 C 20260811 -1.00 -1.00 315 174 0.1104 0.3915 0.032485
772.00 C 20260811 -1.00 -1.00 339 83 0.1102 0.3597 0.031806
773.00 C 20260811 -1.00 -1.00 882 212 0.1088 0.3284 0.030827
774.00 C 20260811 -1.00 -1.00 375 438 0.1087 0.2986 0.029532
775.00 C 20260811 -1.00 -1.00 596 592 0.1096 0.2708 0.028059
776.00 C 20260811 -1.00 -1.00 256 284 0.1106 0.2436 0.026633
777.00 C 20260811 -1.00 -1.00 497 462 0.1097 0.2190 0.025038
778.00 C 20260811 -1.00 -1.00 187 363 0.1095 0.1958 0.023336
779.00 C 20260811 -1.00 -1.00 21 433 0.1100 0.1745 0.021605
780.00 C 20260811 -1.00 -1.00 249 254 0.1115 0.1555 0.019919
781.00 C 20260811 -1.00 -1.00 322 33 0.1128 0.1383 0.018322
782.00 C 20260811 -1.00 -1.00 188 173 0.1120 0.1220 0.016736
783.00 C 20260811 -1.00 -1.00 182 0 0.1128 0.1086 0.015228
784.00 C 20260811 -1.00 -1.00 154 0 0.1137 0.0959 0.013782
785.00 C 20260811 -1.00 -1.00 37 1 0.1152 0.0845 0.012444
786.00 C 20260811 -1.00 -1.00 124 43 0.1174 0.0750 0.011266
787.00 C 20260811 -1.00 -1.00 55 96 0.1181 0.0670 0.010209
788.00 C 20260811 -1.00 -1.00 10 160 0.1182 0.0589 0.009160
789.00 C 20260811 -1.00 -1.00 40 661 0.1192 0.0522 0.008221
790.00 C 20260811 -1.00 -1.00 121 502 0.1210 0.0468 0.007423
795.00 C 20260811 -1.00 -1.00 92 0 0.1287 0.0267 0.004413
800.00 C 20260811 -1.00 -1.00 102 37 0.1390 0.0171 0.002786
805.00 C 20260811 -1.00 -1.00 102 0 0.1534 0.0128 0.001990
810.00 C 20260811 -1.00 -1.00 2 404 0.1618 0.0091 0.001379
815.00 C 20260811 -1.00 -1.00 25 623 0.1740 0.0071 0.001026
820.00 C 20260811 -1.00 -1.00 223 638 0.1860 0.0053 0.000750
825.00 C 20260811 -1.00 -1.00 13 67 0.1940 0.0038 0.000528
830.00 C 20260811 -1.00 -1.00 175 86 0.2080 0.0035 0.000463
835.00 C 20260811 -1.00 -1.00 9 214 0.2113 0.0021 0.000288
840.00 C 20260811 -1.00 -1.00 7 7 0.2251 0.0020 0.000257
845.00 C 20260811 -1.00 -1.00 87 0 0.2388 0.0019 0.000231
850.00 C 20260811 -1.00 -1.00 -1 0 0.2525 0.0018 0.000209
855.00 C 20260811 -1.00 -1.00 -1 0 0.2660 0.0017 0.000190
680.00 P 20260811 -1.00 -1.00 226 145 0.3234 -0.0031 0.000271
685.00 P 20260811 -1.00 -1.00 8 423 0.3148 -0.0041 0.000351
690.00 P 20260811 -1.00 -1.00 51 318 0.3005 -0.0051 0.000444
695.00 P 20260811 -1.00 -1.00 37 211 0.2817 -0.0054 0.000498
700.00 P 20260811 -1.00 -1.00 184 262 0.2676 -0.0066 0.000626
701.00 P 20260811 -1.00 -1.00 17 77 0.2639 -0.0067 0.000642
702.00 P 20260811 -1.00 -1.00 49 692 0.2648 -0.0076 0.000720
703.00 P 20260811 -1.00 -1.00 188 152 0.2611 -0.0077 0.000739
704.00 P 20260811 -1.00 -1.00 7 57 0.2574 -0.0078 0.000759
705.00 P 20260811 -1.00 -1.00 90 276 0.2537 -0.0079 0.000779
706.00 P 20260811 -1.00 -1.00 51 111 0.2546 -0.0088 0.000862
707.00 P 20260811 -1.00 -1.00 64 402 0.2509 -0.0090 0.000886
708.00 P 20260811 -1.00 -1.00 115 181 0.2472 -0.0091 0.000911
709.00 P 20260811 -1.00 -1.00 4 169 0.2436 -0.0092 0.000937
710.00 P 20260811 -1.00 -1.00 5 510 0.2444 -0.0102 0.001026
711.00 P 20260811 -1.00 -1.00 15 165 0.2408 -0.0104 0.001056
712.00 P 20260811 -1.00 -1.00 3 59 0.2371 -0.0105 0.001087
713.00 P 20260811 -1.00 -1.00 17 8 0.2367 -0.0115 0.001181
714.00 P 20260811 -1.00 -1.00 79 162 0.2325 -0.0117 0.001216
715.00 P 20260811 -1.00 -1.00 2 434 0.2294 -0.0123 0.001285
716.00 P 20260811 -1.00 -1.00 61 54 0.2262 -0.0130 0.001358
717.00 P 20260811 -1.00 -1.00 2 48 0.2221 -0.0132 0.001401
718.00 P 20260811 -1.00 -1.00 1 141 0.2199 -0.0143 0.001513
719.00 P 20260811 -1.00 -1.00 2 50 0.2158 -0.0145 0.001563
720.00 P 20260811 -1.00 -1.00 77 205 0.2137 -0.0157 0.001684
721.00 P 20260811 -1.00 -1.00 1 248 0.2096 -0.0159 0.001742
722.00 P 20260811 -1.00 -1.00 38 127 0.2074 -0.0172 0.001873
723.00 P 20260811 -1.00 -1.00 24 178 0.2033 -0.0175 0.001941
724.00 P 20260811 -1.00 -1.00 12 378 0.2012 -0.0187 0.002083
725.00 P 20260811 -1.00 -1.00 58 672 0.1990 -0.0200 0.002231
726.00 P 20260811 -1.00 -1.00 17 59 0.1969 -0.0213 0.002385
727.00 P 20260811 -1.00 -1.00 129 243 0.1929 -0.0217 0.002476
728.00 P 20260811 -1.00 -1.00 3 211 0.1907 -0.0231 0.002644
729.00 P 20260811 -1.00 -1.00 5 55 0.1886 -0.0245 0.002819
730.00 P 20260811 -1.00 -1.00 44 1106 0.1865 -0.0260 0.003000
731.00 P 20260811 -1.00 -1.00 14 86 0.1863 -0.0284 0.003254
732.00 P 20260811 -1.00 -1.00 47 161 0.1828 -0.0299 0.003453
733.00 P 20260811 -1.00 -1.00 29 303 0.1791 -0.0315 0.003664
734.00 P 20260811 -1.00 -1.00 93 287 0.1764 -0.0340 0.003952
735.00 P 20260811 -1.00 -1.00 104 9755 0.1727 -0.0357 0.004195
736.00 P 20260811 -1.00 -1.00 170 226 0.1700 -0.0385 0.004518
737.00 P 20260811 -1.00 -1.00 323 648 0.1673 -0.0413 0.004859
738.00 P 20260811 -1.00 -1.00 255 441 0.1646 -0.0442 0.005221
739.00 P 20260811 -1.00 -1.00 248 538 0.1619 -0.0472 0.005604
740.00 P 20260811 -1.00 -1.00 399 724 0.1597 -0.0508 0.006038
741.00 P 20260811 -1.00 -1.00 107 324 0.1580 -0.0549 0.006521
742.00 P 20260811 -1.00 -1.00 246 362 0.1558 -0.0587 0.006999
743.00 P 20260811 -1.00 -1.00 480 380 0.1545 -0.0635 0.007553
744.00 P 20260811 -1.00 -1.00 289 310 0.1512 -0.0684 0.008131
745.00 P 20260811 -1.00 -1.00 522 541 0.1483 -0.0744 0.008795
746.00 P 20260811 -1.00 -1.00 32 146 0.1451 -0.0802 0.009486
747.00 P 20260811 -1.00 -1.00 390 190 0.1425 -0.0872 0.010265
748.00 P 20260811 -1.00 -1.00 254 85 0.1405 -0.0952 0.011129
749.00 P 20260811 -1.00 -1.00 25 44 0.1385 -0.1035 0.012039
750.00 P 20260811 -1.00 -1.00 741 539 0.1370 -0.1128 0.013020
751.00 P 20260811 -1.00 -1.00 246 58 0.1360 -0.1231 0.014064
752.00 P 20260811 -1.00 -1.00 211 391 0.1332 -0.1341 0.015163
753.00 P 20260811 -1.00 -1.00 426 117 0.1306 -0.1470 0.016353
754.00 P 20260811 -1.00 -1.00 339 136 0.1279 -0.1601 0.017627
755.00 P 20260811 -1.00 -1.00 487 598 0.1265 -0.1761 0.018976
756.00 P 20260811 -1.00 -1.00 87 168 0.1250 -0.1925 0.020387
757.00 P 20260811 -1.00 -1.00 135 358 0.1244 -0.2108 0.021816
758.00 P 20260811 -1.00 -1.00 927 372 0.1223 -0.2298 0.023289
759.00 P 20260811 -1.00 -1.00 404 48 0.1201 -0.2516 0.024725
760.00 P 20260811 -1.00 -1.00 904 33 0.1183 -0.2749 0.026199
761.00 P 20260811 -1.00 -1.00 541 119 0.1173 -0.2999 0.027640
762.00 P 20260811 -1.00 -1.00 567 6 0.1169 -0.3264 0.029021
763.00 P 20260811 -1.00 -1.00 393 8 0.1158 -0.3542 0.030280
764.00 P 20260811 -1.00 -1.00 1331 124 0.1133 -0.3831 0.031515
765.00 P 20260811 -1.00 -1.00 1011 2 0.1124 -0.4145 0.032383
766.00 P 20260811 -1.00 -1.00 572 12 0.1119 -0.4468 0.033155
767.00 P 20260811 -1.00 -1.00 306 22 0.1123 -0.4797 0.033688
768.00 P 20260811 -1.00 -1.00 118 103 0.1108 -0.5128 0.033987
769.00 P 20260811 -1.00 -1.00 11 24 0.1096 -0.5466 0.033996
770.00 P 20260811 -1.00 -1.00 167 12 0.1085 -0.5812 0.033980
771.00 P 20260811 -1.00 -1.00 2228 21 0.1095 -0.6143 0.033320
772.00 P 20260811 -1.00 -1.00 75 1 0.1087 -0.6478 0.032737
773.00 P 20260811 -1.00 -1.00 329 51 0.1079 -0.6791 0.031656
774.00 P 20260811 -1.00 -1.00 148 1 0.1079 -0.7096 0.030389
775.00 P 20260811 -1.00 -1.00 30 1 0.1088 -0.7383 0.028936
776.00 P 20260811 -1.00 -1.00 2 1 0.1101 -0.7656 0.027417
777.00 P 20260811 -1.00 -1.00 5 0 0.1098 -0.7895 0.025789
778.00 P 20260811 -1.00 -1.00 396 1 0.1094 -0.8139 0.024162
779.00 P 20260811 -1.00 -1.00 10 0 0.1104 -0.8348 0.022463
780.00 P 20260811 -1.00 -1.00 146 0 0.1134 -0.8501 0.020756
781.00 P 20260811 -1.00 -1.00 2 0 0.1282 -0.8357 0.019053
782.00 P 20260811 -1.00 -1.00 8 0 0.1027 -0.9132 0.017163
783.00 P 20260811 -1.00 -1.00 228 0 -1.0000 -1.0000 -1.000000
784.00 P 20260811 -1.00 -1.00 554 0 0.1195 -0.9044 0.015098
785.00 P 20260811 -1.00 -1.00 240 0 0.1238 -0.9096 0.014033
786.00 P 20260811 -1.00 -1.00 6 0 0.1242 -0.9231 0.012811
787.00 P 20260811 -1.00 -1.00 8 0 0.1269 -0.9311 0.011838
788.00 P 20260811 -1.00 -1.00 216 0 0.1322 -0.9327 0.011133
789.00 P 20260811 -1.00 -1.00 322 0 0.1345 -0.9401 0.010264
790.00 P 20260811 -1.00 -1.00 12 0 0.1369 -0.9444 0.009593
795.00 P 20260811 -1.00 -1.00 8 0 0.1433 -0.9726 0.006413
800.00 P 20260811 -1.00 -1.00 7 0 0.1591 -0.9812 0.004516
805.00 P 20260811 -1.00 -1.00 4 0 0.1760 -0.9844 0.003584
810.00 P 20260811 -1.00 -1.00 3 0 0.1927 -0.9870 0.002893
815.00 P 20260811 -1.00 -1.00 4 0 0.2123 -0.9870 0.002525
820.00 P 20260811 -1.00 -1.00 2 0 0.2159 -0.9965 0.001217
825.00 P 20260811 -1.00 -1.00 2 0 0.2398 -0.9937 0.001546
830.00 P 20260811 -1.00 -1.00 2 0 -1.0000 -1.0000 -1.000000
835.00 P 20260811 -1.00 -1.00 -1 0 -1.0000 -1.0000 -1.000000
840.00 P 20260811 -1.00 -1.00 -1 0 -1.0000 -1.0000 -1.000000
845.00 P 20260811 -1.00 -1.00 -1 0 0.3080 -0.9950 0.000978
850.00 P 20260811 -1.00 -1.00 -1 0 -1.0000 -1.0000 -1.000000
855.00 P 20260811 -1.00 -1.00 -1 0 -1.0000 -1.0000 -1.000000
680.00 C 20260812 -1.00 -1.00 -1 0 0.3412 0.9918 0.000550
685.00 C 20260812 -1.00 -1.00 4 4 0.3322 0.9901 0.000673
690.00 C 20260812 -1.00 -1.00 -1 0 0.3041 0.9911 0.000664
695.00 C 20260812 -1.00 -1.00 -1 0 0.3035 0.9871 0.000935
700.00 C 20260812 -1.00 -1.00 2 0 0.2801 0.9875 0.000982
701.00 C 20260812 -1.00 -1.00 4 4 0.2787 0.9864 0.001059
702.00 C 20260812 -1.00 -1.00 -1 0 0.2700 0.9880 0.000985
703.00 C 20260812 -1.00 -1.00 -1 0 0.2659 0.9879 0.001007
704.00 C 20260812 -1.00 -1.00 -1 0 0.2719 0.9841 0.001244
705.00 C 20260812 -1.00 -1.00 1 1 0.2596 0.9870 0.001095
706.00 C 20260812 -1.00 -1.00 -1 0 0.2628 0.9841 0.001285
707.00 C 20260812 -1.00 -1.00 1 1 0.0007 0.9998 0.000000
708.00 C 20260812 -1.00 -1.00 -1 0 0.2547 0.9838 0.001348
709.00 C 20260812 -1.00 -1.00 -1 0 0.2139 0.9938 0.000680
710.00 C 20260812 -1.00 -1.00 2 2 0.2037 0.9953 0.000551
711.00 C 20260812 -1.00 -1.00 -1 0 0.2407 0.9840 0.001409
712.00 C 20260812 -1.00 -1.00 -1 0 0.2218 0.9895 0.001070
713.00 C 20260812 -1.00 -1.00 -1 0 0.2308 0.9845 0.001435
714.00 C 20260812 -1.00 -1.00 -1 0 0.2367 0.9801 0.001735
715.00 C 20260812 -1.00 -1.00 -1 0 0.2282 0.9817 0.001668
716.00 C 20260812 -1.00 -1.00 -1 0 0.2114 0.9873 0.001318
717.00 C 20260812 -1.00 -1.00 8 0 0.2229 0.9801 0.001841
718.00 C 20260812 -1.00 -1.00 -1 0 0.2252 0.9772 0.002059
719.00 C 20260812 -1.00 -1.00 -1 0 0.2176 0.9784 0.002028
720.00 C 20260812 -1.00 -1.00 4 8 0.2199 0.9754 0.002254
721.00 C 20260812 -1.00 -1.00 -1 0 0.2195 0.9736 0.002410
722.00 C 20260812 -1.00 -1.00 -1 0 0.2110 0.9751 0.002376
723.00 C 20260812 -1.00 -1.00 3 3 0.2088 0.9740 0.002500
724.00 C 20260812 -1.00 -1.00 -1 0 0.2067 0.9728 0.002629
725.00 C 20260812 -1.00 -1.00 8 5 0.1991 0.9740 0.002621
726.00 C 20260812 -1.00 -1.00 1 1 0.2012 0.9704 0.002903
727.00 C 20260812 -1.00 -1.00 -1 0 0.1999 0.9672 0.003163
728.00 C 20260812 -1.00 -1.00 -1 0 0.1945 0.9674 0.003232
729.00 C 20260812 -1.00 -1.00 -1 0 0.1914 0.9656 0.003422
730.00 C 20260812 -1.00 -1.00 4 72 0.1888 0.9634 0.003647
731.00 C 20260812 -1.00 -1.00 -1 0 0.1875 0.9599 0.003949
732.00 C 20260812 -1.00 -1.00 -1 0 0.1826 0.9596 0.004084
733.00 C 20260812 -1.00 -1.00 -1 0 0.1826 0.9548 0.004477
734.00 C 20260812 -1.00 -1.00 3 7 0.1751 0.9567 0.004505
735.00 C 20260812 -1.00 -1.00 1 438 0.1427 0.9794 0.002973
736.00 C 20260812 -1.00 -1.00 25 251 0.1351 0.9815 0.002850
737.00 C 20260812 -1.00 -1.00 5 43 0.1740 0.9428 0.005727
738.00 C 20260812 -1.00 -1.00 1 43 0.1692 0.9419 0.005968
739.00 C 20260812 -1.00 -1.00 2 96 0.1679 0.9379 0.006373
740.00 C 20260812 -1.00 -1.00 8 1012 0.1362 0.9649 0.004889
741.00 C 20260812 -1.00 -1.00 39 247 0.1350 0.9601 0.005468
742.00 C 20260812 -1.00 -1.00 11 322 0.1351 0.9536 0.006182
743.00 C 20260812 -1.00 -1.00 367 311 0.1348 0.9476 0.006860
744.00 C 20260812 -1.00 -1.00 1 137 0.1350 0.9411 0.007573
745.00 C 20260812 -1.00 -1.00 12 983 0.1302 0.9399 0.007985
746.00 C 20260812 -1.00 -1.00 6 125 0.1285 0.9342 0.008700
747.00 C 20260812 -1.00 -1.00 8 165 0.1343 0.9126 0.010212
748.00 C 20260812 -1.00 -1.00 29 393 0.1331 0.9034 0.011111
749.00 C 20260812 -1.00 -1.00 6 317 0.1325 0.8933 0.012063
750.00 C 20260812 -1.00 -1.00 32 290 0.1413 0.8672 0.013284
751.00 C 20260812 -1.00 -1.00 9 202 0.1407 0.8524 0.014231
752.00 C 20260812 -1.00 -1.00 41 371 0.1384 0.8405 0.015195
753.00 C 20260812 -1.00 -1.00 11 195 0.1365 0.8275 0.016210
754.00 C 20260812 -1.00 -1.00 38 320 0.1361 0.8118 0.017239
755.00 C 20260812 -1.00 -1.00 56 1200 0.1342 0.7982 0.018340
756.00 C 20260812 -1.00 -1.00 38 205 0.1339 0.7818 0.019405
757.00 C 20260812 -1.00 -1.00 37 386 0.1314 0.7641 0.020472
758.00 C 20260812 -1.00 -1.00 93 391 0.1295 0.7449 0.021555
759.00 C 20260812 -1.00 -1.00 119 516 0.1277 0.7249 0.022680
760.00 C 20260812 -1.00 -1.00 90 745 0.1263 0.7037 0.023809
761.00 C 20260812 -1.00 -1.00 190 298 0.1258 0.6811 0.024852
762.00 C 20260812 -1.00 -1.00 240 262 0.1256 0.6575 0.025807
763.00 C 20260812 -1.00 -1.00 247 299 0.1237 0.6325 0.026620
764.00 C 20260812 -1.00 -1.00 122 373 0.1219 0.6064 0.027424
765.00 C 20260812 -1.00 -1.00 480 312 0.1209 0.5793 0.028115
766.00 C 20260812 -1.00 -1.00 395 234 0.1206 0.5513 0.028647
767.00 C 20260812 -1.00 -1.00 364 80 0.1206 0.5232 0.029105
768.00 C 20260812 -1.00 -1.00 200 514 0.1193 0.4948 0.029298
769.00 C 20260812 -1.00 -1.00 180 82 0.1179 0.4656 0.029324
770.00 C 20260812 -1.00 -1.00 970 143 0.1173 0.4362 0.029159
771.00 C 20260812 -1.00 -1.00 87 57 0.1175 0.4072 0.028809
772.00 C 20260812 -1.00 -1.00 234 115 0.1185 0.3792 0.028263
773.00 C 20260812 -1.00 -1.00 103 14 0.1178 0.3520 0.027597
774.00 C 20260812 -1.00 -1.00 171 121 0.1170 0.3252 0.026760
775.00 C 20260812 -1.00 -1.00 242 121 0.1168 0.2990 0.025799
776.00 C 20260812 -1.00 -1.00 167 5 0.1171 0.2737 0.024763
777.00 C 20260812 -1.00 -1.00 156 29 0.1183 0.2504 0.023617
778.00 C 20260812 -1.00 -1.00 34 169 0.1186 0.2293 0.022406
779.00 C 20260812 -1.00 -1.00 147 50 0.1179 0.2083 0.021155
780.00 C 20260812 -1.00 -1.00 323 541 0.1181 0.1890 0.019845
781.00 C 20260812 -1.00 -1.00 112 0 0.1186 0.1705 0.018542
782.00 C 20260812 -1.00 -1.00 37 170 0.1200 0.1540 0.017270
783.00 C 20260812 -1.00 -1.00 232 288 0.1210 0.1386 0.016054
784.00 C 20260812 -1.00 -1.00 54 1394 0.1207 0.1252 0.014864
785.00 C 20260812 -1.00 -1.00 155 1646 0.1209 0.1126 0.013691
786.00 C 20260812 -1.00 -1.00 49 197 0.1216 0.1010 0.012562
787.00 C 20260812 -1.00 -1.00 125 36 0.1230 0.0909 0.011520
788.00 C 20260812 -1.00 -1.00 8 0 0.1246 0.0816 0.010543
789.00 C 20260812 -1.00 -1.00 96 391 0.1265 0.0734 0.009662
790.00 C 20260812 -1.00 -1.00 70 289 0.1267 0.0664 0.008858
795.00 C 20260812 -1.00 -1.00 12 14 0.1328 0.0397 0.005576
800.00 C 20260812 -1.00 -1.00 774 14 0.1395 0.0249 0.003589
805.00 C 20260812 -1.00 -1.00 9 0 0.1491 0.0166 0.002381
810.00 C 20260812 -1.00 -1.00 12 3 0.1588 0.0116 0.001655
815.00 C 20260812 -1.00 -1.00 -1 0 0.1702 0.0095 0.001286
820.00 C 20260812 -1.00 -1.00 1187 654 0.1816 0.0077 0.000995
825.00 C 20260812 -1.00 -1.00 537 537 0.1928 0.0061 0.000762
830.00 C 20260812 -1.00 -1.00 280 470 0.2039 0.0046 0.000574
835.00 C 20260812 -1.00 -1.00 70 70 0.2079 0.0033 0.000410
840.00 C 20260812 -1.00 -1.00 10 497 0.2209 0.0031 0.000366
845.00 C 20260812 -1.00 -1.00 -1 0 0.2239 0.0019 0.000231
850.00 C 20260812 -1.00 -1.00 -1 0 0.2367 0.0018 0.000209
855.00 C 20260812 -1.00 -1.00 -1 0 0.2494 0.0017 0.000190
680.00 P 20260812 -1.00 -1.00 32 95 0.3177 -0.0045 0.000359
685.00 P 20260812 -1.00 -1.00 15 168 0.2998 -0.0048 0.000397
690.00 P 20260812 -1.00 -1.00 142 200 0.2864 -0.0058 0.000493
695.00 P 20260812 -1.00 -1.00 19 302 0.2731 -0.0069 0.000604
700.00 P 20260812 -1.00 -1.00 15 274 0.2599 -0.0082 0.000737
701.00 P 20260812 -1.00 -1.00 28 265 0.2564 -0.0083 0.000755
702.00 P 20260812 -1.00 -1.00 113 131 0.2529 -0.0084 0.000775
703.00 P 20260812 -1.00 -1.00 2 9 0.2537 -0.0093 0.000848
704.00 P 20260812 -1.00 -1.00 1 75 0.2503 -0.0094 0.000870
705.00 P 20260812 -1.00 -1.00 3 245 0.2468 -0.0095 0.000894
706.00 P 20260812 -1.00 -1.00 67 48 0.2476 -0.0104 0.000970
707.00 P 20260812 -1.00 -1.00 28 48 0.2441 -0.0106 0.000996
708.00 P 20260812 -1.00 -1.00 8 11 0.2407 -0.0107 0.001024
709.00 P 20260812 -1.00 -1.00 21 78 0.2396 -0.0117 0.001105
710.00 P 20260812 -1.00 -1.00 156 345 0.2357 -0.0118 0.001136
711.00 P 20260812 -1.00 -1.00 5 86 0.2327 -0.0124 0.001195
712.00 P 20260812 -1.00 -1.00 22 79 0.2297 -0.0130 0.001257
713.00 P 20260812 -1.00 -1.00 40 119 0.2258 -0.0132 0.001294
714.00 P 20260812 -1.00 -1.00 2 63 0.2238 -0.0142 0.001390
715.00 P 20260812 -1.00 -1.00 213 159 0.2199 -0.0144 0.001433
716.00 P 20260812 -1.00 -1.00 2 30 0.2178 -0.0155 0.001535
717.00 P 20260812 -1.00 -1.00 1 31 0.2140 -0.0157 0.001584
718.00 P 20260812 -1.00 -1.00 36 97 0.2119 -0.0169 0.001695
719.00 P 20260812 -1.00 -1.00 1 59 0.2099 -0.0180 0.001809
720.00 P 20260812 -1.00 -1.00 141 971 0.2061 -0.0183 0.001870
721.00 P 20260812 -1.00 -1.00 20 181 0.2040 -0.0195 0.001993
722.00 P 20260812 -1.00 -1.00 22 263 0.2020 -0.0207 0.002121
723.00 P 20260812 -1.00 -1.00 23 137 0.2000 -0.0219 0.002254
724.00 P 20260812 -1.00 -1.00 51 36 0.1980 -0.0231 0.002392
725.00 P 20260812 -1.00 -1.00 42 545 0.1960 -0.0244 0.002535
726.00 P 20260812 -1.00 -1.00 4 115 0.1940 -0.0257 0.002683
727.00 P 20260812 -1.00 -1.00 3 59 0.1920 -0.0270 0.002837
728.00 P 20260812 -1.00 -1.00 5 75 0.1899 -0.0284 0.002999
729.00 P 20260812 -1.00 -1.00 17 110 0.1874 -0.0306 0.003218
730.00 P 20260812 -1.00 -1.00 93 711 0.1844 -0.0325 0.003423
731.00 P 20260812 -1.00 -1.00 65 128 0.1814 -0.0344 0.003640
732.00 P 20260812 -1.00 -1.00 94 64 0.1784 -0.0364 0.003869
733.00 P 20260812 -1.00 -1.00 7 54 0.1758 -0.0389 0.004137
734.00 P 20260812 -1.00 -1.00 42 98 0.1733 -0.0415 0.004419
735.00 P 20260812 -1.00 -1.00 51 2488 0.1707 -0.0441 0.004717
736.00 P 20260812 -1.00 -1.00 82 101 0.1691 -0.0477 0.005077
737.00 P 20260812 -1.00 -1.00 2358 263 0.1666 -0.0505 0.005406
738.00 P 20260812 -1.00 -1.00 34 240 0.1650 -0.0542 0.005797
739.00 P 20260812 -1.00 -1.00 57 159 0.1633 -0.0580 0.006202
740.00 P 20260812 -1.00 -1.00 70 726 0.1626 -0.0627 0.006661
741.00 P 20260812 -1.00 -1.00 30 81 0.1597 -0.0670 0.007120
742.00 P 20260812 -1.00 -1.00 30 252 0.1567 -0.0720 0.007623
743.00 P 20260812 -1.00 -1.00 39 78 0.1540 -0.0775 0.008176
744.00 P 20260812 -1.00 -1.00 65 162 0.1516 -0.0835 0.008778
745.00 P 20260812 -1.00 -1.00 111 274 0.1494 -0.0902 0.009429
746.00 P 20260812 -1.00 -1.00 101 169 0.1474 -0.0974 0.010128
747.00 P 20260812 -1.00 -1.00 65 334 0.1453 -0.1045 0.010849
748.00 P 20260812 -1.00 -1.00 126 105 0.1446 -0.1139 0.011661
749.00 P 20260812 -1.00 -1.00 108 179 0.1437 -0.1231 0.012488
750.00 P 20260812 -1.00 -1.00 251 670 0.1412 -0.1331 0.013358
751.00 P 20260812 -1.00 -1.00 60 99 0.1386 -0.1442 0.014285
752.00 P 20260812 -1.00 -1.00 81 244 0.1364 -0.1563 0.015273
753.00 P 20260812 -1.00 -1.00 78 239 0.1347 -0.1698 0.016317
754.00 P 20260812 -1.00 -1.00 75 894 0.1333 -0.1841 0.017402
755.00 P 20260812 -1.00 -1.00 360 569 0.1323 -0.1994 0.018520
756.00 P 20260812 -1.00 -1.00 259 973 0.1319 -0.2159 0.019652
757.00 P 20260812 -1.00 -1.00 75 287 0.1297 -0.2340 0.020758
758.00 P 20260812 -1.00 -1.00 149 89 0.1276 -0.2531 0.021900
759.00 P 20260812 -1.00 -1.00 192 32 0.1259 -0.2736 0.023052
760.00 P 20260812 -1.00 -1.00 429 59 0.1248 -0.2955 0.024189
761.00 P 20260812 -1.00 -1.00 498 12 0.1244 -0.3188 0.025261
762.00 P 20260812 -1.00 -1.00 825 3 0.1241 -0.3429 0.026312
763.00 P 20260812 -1.00 -1.00 252 2 0.1221 -0.3682 0.027181
764.00 P 20260812 -1.00 -1.00 243 4 0.1202 -0.3946 0.028052
765.00 P 20260812 -1.00 -1.00 208 11 0.1195 -0.4226 0.028713
766.00 P 20260812 -1.00 -1.00 176 13 0.1191 -0.4511 0.029323
767.00 P 20260812 -1.00 -1.00 48 2 0.1194 -0.4801 0.029745
768.00 P 20260812 -1.00 -1.00 2 10 0.1181 -0.5093 0.029954
769.00 P 20260812 -1.00 -1.00 1 1 0.1168 -0.5390 0.029993
770.00 P 20260812 -1.00 -1.00 65 0 0.1157 -0.5694 0.030011
771.00 P 20260812 -1.00 -1.00 6 2 0.1158 -0.5994 0.029711
772.00 P 20260812 -1.00 -1.00 6 2 0.1162 -0.6293 0.029318
773.00 P 20260812 -1.00 -1.00 2 1 0.1155 -0.6571 0.028569
774.00 P 20260812 -1.00 -1.00 70 0 0.1143 -0.6855 0.027802
775.00 P 20260812 -1.00 -1.00 -1 0 0.1148 -0.7117 0.026728
776.00 P 20260812 -1.00 -1.00 2 1 0.1152 -0.7378 0.025661
777.00 P 20260812 -1.00 -1.00 10 0 0.1165 -0.7619 0.024477
778.00 P 20260812 -1.00 -1.00 2 0 0.1158 -0.7847 0.023269
779.00 P 20260812 -1.00 -1.00 -1 0 0.1157 -0.8056 0.021956
780.00 P 20260812 -1.00 -1.00 -1 0 0.1163 -0.8253 0.020643
781.00 P 20260812 -1.00 -1.00 5 0 0.1175 -0.8431 0.019304
782.00 P 20260812 -1.00 -1.00 6 0 0.1189 -0.8601 0.017993
783.00 P 20260812 -1.00 -1.00 2 0 0.1323 -0.8467 0.016760
784.00 P 20260812 -1.00 -1.00 -1 0 0.1354 -0.8577 0.015738
785.00 P 20260812 -1.00 -1.00 -1 0 0.1298 -0.8830 0.014720
786.00 P 20260812 -1.00 -1.00 -1 0 0.1269 -0.9013 0.013618
787.00 P 20260812 -1.00 -1.00 -1 0 0.1239 -0.9211 0.012395
788.00 P 20260812 -1.00 -1.00 8 0 0.1300 -0.9207 0.011719
789.00 P 20260812 -1.00 -1.00 1113 0 0.1331 -0.9266 0.010967
790.00 P 20260812 -1.00 -1.00 206 0 0.1356 -0.9335 0.010226
795.00 P 20260812 -1.00 -1.00 405 0 0.1345 -0.9746 0.006413
800.00 P 20260812 -1.00 -1.00 4 0 0.1536 -0.9784 0.004908
805.00 P 20260812 -1.00 -1.00 2 0 0.1695 -0.9829 0.003825
810.00 P 20260812 -1.00 -1.00 4 1 0.1838 -0.9867 0.003031
815.00 P 20260812 -1.00 -1.00 2 0 0.1993 -0.9889 0.002497
820.00 P 20260812 -1.00 -1.00 -1 0 0.2146 -0.9907 0.002074
825.00 P 20260812 -1.00 -1.00 -1 0 0.2343 -0.9895 0.001932
830.00 P 20260812 -1.00 -1.00 -1 0 0.2446 -0.9938 0.001454
835.00 P 20260812 -1.00 -1.00 -1 0 -1.0000 -1.0000 -1.000000
840.00 P 20260812 -1.00 -1.00 -1 0 0.2790 -0.9936 0.001211
845.00 P 20260812 -1.00 -1.00 -1 0 0.2935 -0.9947 0.001044
850.00 P 20260812 -1.00 -1.00 -1 0 0.3094 -0.9950 0.000948
855.00 P 20260812 -1.00 -1.00 -1 0 -1.0000 -1.0000 -1.000000
680.00 C 20260813 -1.00 -1.00 -1 0 0.3459 0.9884 0.000708
685.00 C 20260813 -1.00 -1.00 -1 0 0.3267 0.9878 0.000781
690.00 C 20260813 -1.00 -1.00 -1 0 0.3146 0.9849 0.000969
695.00 C 20260813 -1.00 -1.00 -1 0 0.2975 0.9834 0.001109
700.00 C 20260813 -1.00 -1.00 -1 0 0.2727 0.9846 0.001138
701.00 C 20260813 -1.00 -1.00 -1 0 0.2688 0.9844 0.001163
702.00 C 20260813 -1.00 -1.00 -1 0 0.2658 0.9840 0.001206
703.00 C 20260813 -1.00 -1.00 -1 0 0.2679 0.9816 0.001348
704.00 C 20260813 -1.00 -1.00 -1 0 0.2563 0.9844 0.001226
705.00 C 20260813 -1.00 -1.00 1 0 0.2567 0.9826 0.001344
706.00 C 20260813 -1.00 -1.00 1 1 0.2537 0.9821 0.001394
707.00 C 20260813 -1.00 -1.00 -1 0 0.2558 0.9796 0.001547
708.00 C 20260813 -1.00 -1.00 -1 0 0.2477 0.9810 0.001499
709.00 C 20260813 -1.00 -1.00 -1 0 0.2447 0.9805 0.001555
710.00 C 20260813 -1.00 -1.00 1 1 0.2425 0.9796 0.001631
711.00 C 20260813 -1.00 -1.00 -1 0 0.2447 0.9771 0.001796
712.00 C 20260813 -1.00 -1.00 -1 0 0.2374 0.9781 0.001774
713.00 C 20260813 -1.00 -1.00 -1 0 0.2345 0.9776 0.001840
714.00 C 20260813 -1.00 -1.00 -1 0 0.2349 0.9756 0.001979
715.00 C 20260813 -1.00 -1.00 2 0 0.2285 0.9763 0.001980
716.00 C 20260813 -1.00 -1.00 -1 0 0.2273 0.9750 0.002091
717.00 C 20260813 -1.00 -1.00 -1 0 0.2252 0.9740 0.002187
718.00 C 20260813 -1.00 -1.00 -1 0 0.2276 0.9710 0.002385
719.00 C 20260813 -1.00 -1.00 -1 0 0.2176 0.9733 0.002317
720.00 C 20260813 -1.00 -1.00 -1 0 0.2182 0.9709 0.002495
721.00 C 20260813 -1.00 -1.00 -1 0 0.2148 0.9698 0.002607
722.00 C 20260813 -1.00 -1.00 -1 0 0.2109 0.9690 0.002706
723.00 C 20260813 -1.00 -1.00 -1 0 0.2084 0.9672 0.002865
724.00 C 20260813 -1.00 -1.00 -1 0 0.2054 0.9656 0.003014
725.00 C 20260813 -1.00 -1.00 2 1 0.2020 0.9644 0.003152
726.00 C 20260813 -1.00 -1.00 -1 0 0.1991 0.9627 0.003316
727.00 C 20260813 -1.00 -1.00 -1 0 0.1991 0.9585 0.003611
728.00 C 20260813 -1.00 -1.00 -1 0 0.1970 0.9561 0.003825
729.00 C 20260813 -1.00 -1.00 1 1 0.1932 0.9550 0.003982
730.00 C 20260813 -1.00 -1.00 4 3 0.1886 0.9545 0.004114
731.00 C 20260813 -1.00 -1.00 -1 0 0.1848 0.9533 0.004289
732.00 C 20260813 -1.00 -1.00 -1 0 0.1844 0.9492 0.004615
733.00 C 20260813 -1.00 -1.00 2 0 0.1802 0.9482 0.004798
734.00 C 20260813 -1.00 -1.00 1 2 0.1824 0.9419 0.005231
735.00 C 20260813 -1.00 -1.00 1 10 0.1812 0.9384 0.005542
736.00 C 20260813 -1.00 -1.00 -1 0 0.1770 0.9371 0.005772
737.00 C 20260813 -1.00 -1.00 -1 0 0.1764 0.9304 0.006225
738.00 C 20260813 -1.00 -1.00 -1 0 0.1711 0.9296 0.006472
739.00 C 20260813 -1.00 -1.00 -1 0 0.1682 0.9253 0.006868
740.00 C 20260813 -1.00 -1.00 28 289 0.1457 0.9454 0.006211
741.00 C 20260813 -1.00 -1.00 21 7 0.1642 0.9138 0.007809
742.00 C 20260813 -1.00 -1.00 3 27 0.1606 0.9100 0.008246
743.00 C 20260813 -1.00 -1.00 6 18 0.1387 0.9345 0.007586
744.00 C 20260813 -1.00 -1.00 12 8 0.1476 0.9103 0.008950
745.00 C 20260813 -1.00 -1.00 9 193 0.1313 0.9269 0.008658
746.00 C 20260813 -1.00 -1.00 1 27 0.1536 0.8834 0.010546
747.00 C 20260813 -1.00 -1.00 2 254 0.1391 0.8935 0.010838
748.00 C 20260813 -1.00 -1.00 10 22 0.1488 0.8682 0.011862
749.00 C 20260813 -1.00 -1.00 4 28 0.1470 0.8572 0.012610
750.00 C 20260813 -1.00 -1.00 34 359 0.1453 0.8456 0.013393
751.00 C 20260813 -1.00 -1.00 2 147 0.1427 0.8354 0.014213
752.00 C 20260813 -1.00 -1.00 1 134 0.1415 0.8224 0.015065
753.00 C 20260813 -1.00 -1.00 8 161 0.1399 0.8100 0.015955
754.00 C 20260813 -1.00 -1.00 10 118 0.1389 0.7964 0.016860
755.00 C 20260813 -1.00 -1.00 107 587 0.1381 0.7819 0.017766
756.00 C 20260813 -1.00 -1.00 16 419 0.1356 0.7661 0.018680
757.00 C 20260813 -1.00 -1.00 62 493 0.1341 0.7479 0.019556
758.00 C 20260813 -1.00 -1.00 32 527 0.1316 0.7310 0.020574
759.00 C 20260813 -1.00 -1.00 78 552 0.1303 0.7115 0.021508
760.00 C 20260813 -1.00 -1.00 110 544 0.1299 0.6908 0.022382
761.00 C 20260813 -1.00 -1.00 21 217 0.1300 0.6692 0.023185
762.00 C 20260813 -1.00 -1.00 238 174 0.1286 0.6475 0.023976
763.00 C 20260813 -1.00 -1.00 128 154 0.1269 0.6240 0.024638
764.00 C 20260813 -1.00 -1.00 222 40 0.1252 0.6000 0.025345
765.00 C 20260813 -1.00 -1.00 298 282 0.1243 0.5748 0.025893
766.00 C 20260813 -1.00 -1.00 288 141 0.1240 0.5492 0.026366
767.00 C 20260813 -1.00 -1.00 159 108 0.1241 0.5234 0.026734
768.00 C 20260813 -1.00 -1.00 76 772 0.1229 0.4973 0.026899
769.00 C 20260813 -1.00 -1.00 67 311 0.1223 0.4708 0.026770
770.00 C 20260813 -1.00 -1.00 509 696 0.1206 0.4435 0.026879
771.00 C 20260813 -1.00 -1.00 120 93 0.1205 0.4165 0.026651
772.00 C 20260813 -1.00 -1.00 50 65 0.1210 0.3902 0.026273
773.00 C 20260813 -1.00 -1.00 31 8 0.1214 0.3650 0.025756
774.00 C 20260813 -1.00 -1.00 71 28 0.1203 0.3401 0.025117
775.00 C 20260813 -1.00 -1.00 197 93 0.1199 0.3157 0.024345
776.00 C 20260813 -1.00 -1.00 39 84 0.1200 0.2921 0.023481
777.00 C 20260813 -1.00 -1.00 197 11 0.1208 0.2698 0.022539
778.00 C 20260813 -1.00 -1.00 254 51 0.1218 0.2481 0.021607
779.00 C 20260813 -1.00 -1.00 415 106 0.1216 0.2285 0.020594
780.00 C 20260813 -1.00 -1.00 223 343 0.1211 0.2094 0.019526
781.00 C 20260813 -1.00 -1.00 188 148 0.1211 0.1913 0.018423
782.00 C 20260813 -1.00 -1.00 49 90 0.1219 0.1749 0.017313
783.00 C 20260813 -1.00 -1.00 621 12 0.1230 0.1593 0.016232
784.00 C 20260813 -1.00 -1.00 1205 7 0.1246 0.1451 0.015195
785.00 C 20260813 -1.00 -1.00 828 2 0.1245 0.1321 0.014192
786.00 C 20260813 -1.00 -1.00 547 0 0.1243 0.1198 0.013188
787.00 C 20260813 -1.00 -1.00 535 3 0.1249 0.1091 0.012228
788.00 C 20260813 -1.00 -1.00 307 5 0.1255 0.0984 0.011286
789.00 C 20260813 -1.00 -1.00 93 0 0.1268 0.0892 0.010417
790.00 C 20260813 -1.00 -1.00 3 3 0.1287 0.0816 0.009639
795.00 C 20260813 -1.00 -1.00 37 0 0.1328 0.0505 0.006369
800.00 C 20260813 -1.00 -1.00 428 13 0.1419 0.0328 0.004258
805.00 C 20260813 -1.00 -1.00 171 211 0.1481 0.0224 0.002919
810.00 C 20260813 -1.00 -1.00 564 564 0.1577 0.0157 0.002030
815.00 C 20260813 -1.00 -1.00 -1 0 0.1675 0.0118 0.001503
820.00 C 20260813 -1.00 -1.00 75 0 0.1748 0.0088 0.001104
825.00 C 20260813 -1.00 -1.00 267 0 0.1854 0.0072 0.000865
830.00 C 20260813 -1.00 -1.00 88 470 0.1960 0.0057 0.000671
835.00 C 20260813 -1.00 -1.00 103 0 0.2056 0.0044 0.000510
840.00 C 20260813 -1.00 -1.00 10 497 0.2086 0.0031 0.000367
845.00 C 20260813 -1.00 -1.00 -1 0 0.2208 0.0030 0.000330
850.00 C 20260813 -1.00 -1.00 -1 0 0.2236 0.0018 0.000209
855.00 C 20260813 -1.00 -1.00 -1 0 0.2356 0.0017 0.000190
680.00 P 20260813 -1.00 -1.00 1 37 0.3003 -0.0045 0.000358
685.00 P 20260813 -1.00 -1.00 1 61 0.2875 -0.0055 0.000441
690.00 P 20260813 -1.00 -1.00 6 64 0.2749 -0.0065 0.000538
695.00 P 20260813 -1.00 -1.00 53 48 0.2623 -0.0077 0.000652
700.00 P 20260813 -1.00 -1.00 6 181 0.2539 -0.0096 0.000832
701.00 P 20260813 -1.00 -1.00 47 69 0.2506 -0.0098 0.000852
702.00 P 20260813 -1.00 -1.00 111 111 0.2473 -0.0099 0.000874
703.00 P 20260813 -1.00 -1.00 1 1 0.2481 -0.0108 0.000942
704.00 P 20260813 -1.00 -1.00 10 10 0.2448 -0.0109 0.000966
705.00 P 20260813 -1.00 -1.00 44 186 0.2413 -0.0110 0.000992
706.00 P 20260813 -1.00 -1.00 3 3 0.2393 -0.0119 0.001064
707.00 P 20260813 -1.00 -1.00 11 9 0.2356 -0.0121 0.001093
708.00 P 20260813 -1.00 -1.00 1 4 0.2336 -0.0130 0.001170
709.00 P 20260813 -1.00 -1.00 12 13 0.2300 -0.0132 0.001202
710.00 P 20260813 -1.00 -1.00 40 163 0.2280 -0.0141 0.001284
711.00 P 20260813 -1.00 -1.00 3 4 0.2243 -0.0144 0.001321
712.00 P 20260813 -1.00 -1.00 112 128 0.2224 -0.0153 0.001409
713.00 P 20260813 -1.00 -1.00 5 5 0.2187 -0.0156 0.001451
714.00 P 20260813 -1.00 -1.00 3 120 0.2168 -0.0166 0.001545
715.00 P 20260813 -1.00 -1.00 19 756 0.2148 -0.0176 0.001643
716.00 P 20260813 -1.00 -1.00 3 37 0.2112 -0.0179 0.001694
717.00 P 20260813 -1.00 -1.00 2 18 0.2101 -0.0194 0.001823
718.00 P 20260813 -1.00 -1.00 10 13 0.2073 -0.0201 0.001907
719.00 P 20260813 -1.00 -1.00 3 18 0.2054 -0.0212 0.002018
720.00 P 20260813 -1.00 -1.00 3 678 0.2035 -0.0224 0.002134
721.00 P 20260813 -1.00 -1.00 28 58 0.2016 -0.0235 0.002254
722.00 P 20260813 -1.00 -1.00 3 35 0.1997 -0.0247 0.002378
723.00 P 20260813 -1.00 -1.00 2 3 0.1986 -0.0263 0.002529
724.00 P 20260813 -1.00 -1.00 12 2 0.1967 -0.0275 0.002661
725.00 P 20260813 -1.00 -1.00 69 362 0.1947 -0.0292 0.002822
726.00 P 20260813 -1.00 -1.00 9 18 0.1918 -0.0309 0.002988
727.00 P 20260813 -1.00 -1.00 101 102 0.1889 -0.0326 0.003164
728.00 P 20260813 -1.00 -1.00 4 8 0.1861 -0.0344 0.003348
729.00 P 20260813 -1.00 -1.00 10 11 0.1836 -0.0366 0.003565
730.00 P 20260813 -1.00 -1.00 29 682 0.1812 -0.0389 0.003791
731.00 P 20260813 -1.00 -1.00 28 11 0.1788 -0.0413 0.004029
732.00 P 20260813 -1.00 -1.00 46 58 0.1764 -0.0437 0.004278
733.00 P 20260813 -1.00 -1.00 15 10 0.1744 -0.0466 0.004559
734.00 P 20260813 -1.00 -1.00 11 9 0.1724 -0.0495 0.004852
735.00 P 20260813 -1.00 -1.00 183 356 0.1709 -0.0529 0.005176
736.00 P 20260813 -1.00 -1.00 13 24 0.1694 -0.0563 0.005511
737.00 P 20260813 -1.00 -1.00 19 31 0.1682 -0.0602 0.005875
738.00 P 20260813 -1.00 -1.00 42 157 0.1666 -0.0641 0.006253
739.00 P 20260813 -1.00 -1.00 10 8 0.1638 -0.0685 0.006659
740.00 P 20260813 -1.00 -1.00 343 422 0.1610 -0.0731 0.007089
741.00 P 20260813 -1.00 -1.00 16 154 0.1584 -0.0782 0.007560
742.00 P 20260813 -1.00 -1.00 13 87 0.1561 -0.0838 0.008070
743.00 P 20260813 -1.00 -1.00 15 188 0.1540 -0.0899 0.008619
744.00 P 20260813 -1.00 -1.00 13 33 0.1522 -0.0965 0.009205
745.00 P 20260813 -1.00 -1.00 193 341 0.1501 -0.1029 0.009808
746.00 P 20260813 -1.00 -1.00 24 59 0.1493 -0.1112 0.010479
747.00 P 20260813 -1.00 -1.00 216 292 0.1480 -0.1189 0.011156
748.00 P 20260813 -1.00 -1.00 221 92 0.1466 -0.1281 0.011883
749.00 P 20260813 -1.00 -1.00 17 40 0.1441 -0.1381 0.012642
750.00 P 20260813 -1.00 -1.00 446 173 0.1415 -0.1482 0.013444
751.00 P 20260813 -1.00 -1.00 1222 46 0.1397 -0.1600 0.014299
752.00 P 20260813 -1.00 -1.00 1024 56 0.1380 -0.1722 0.015194
753.00 P 20260813 -1.00 -1.00 722 118 0.1368 -0.1857 0.016117
754.00 P 20260813 -1.00 -1.00 593 180 0.1360 -0.2000 0.017062
755.00 P 20260813 -1.00 -1.00 61 214 0.1355 -0.2149 0.018028
756.00 P 20260813 -1.00 -1.00 73 70 0.1333 -0.2311 0.018983
757.00 P 20260813 -1.00 -1.00 33 270 0.1312 -0.2486 0.019945
758.00 P 20260813 -1.00 -1.00 29 204 0.1296 -0.2672 0.020926
759.00 P 20260813 -1.00 -1.00 65 73 0.1282 -0.2869 0.021910
760.00 P 20260813 -1.00 -1.00 117 313 0.1275 -0.3078 0.022859
761.00 P 20260813 -1.00 -1.00 221 44 0.1274 -0.3297 0.023755
762.00 P 20260813 -1.00 -1.00 580 13 0.1263 -0.3523 0.024595
763.00 P 20260813 -1.00 -1.00 264 0 0.1245 -0.3762 0.025313
764.00 P 20260813 -1.00 -1.00 129 1 0.1229 -0.4009 0.026048
765.00 P 20260813 -1.00 -1.00 101 9 0.1222 -0.4267 0.026619
766.00 P 20260813 -1.00 -1.00 19 2 0.1220 -0.4532 0.027101
767.00 P 20260813 -1.00 -1.00 10 0 0.1223 -0.4801 0.027467
768.00 P 20260813 -1.00 -1.00 25 13 0.1208 -0.5070 0.027697
769.00 P 20260813 -1.00 -1.00 -1 0 0.1195 -0.5344 0.027758
770.00 P 20260813 -1.00 -1.00 3 2 0.1183 -0.5625 0.027801
771.00 P 20260813 -1.00 -1.00 2 1 0.1185 -0.5901 0.027522
772.00 P 20260813 -1.00 -1.00 9 0 0.1190 -0.6175 0.027191
773.00 P 20260813 -1.00 -1.00 2 1 0.1189 -0.6440 0.026678
774.00 P 20260813 -1.00 -1.00 2 0 0.1173 -0.6707 0.026146
775.00 P 20260813 -1.00 -1.00 -1 0 0.1169 -0.6961 0.025365
776.00 P 20260813 -1.00 -1.00 4 2 0.1166 -0.7217 0.024567
777.00 P 20260813 -1.00 -1.00 31 0 0.1179 -0.7442 0.023530
778.00 P 20260813 -1.00 -1.00 -1 0 0.1193 -0.7661 0.022483
779.00 P 20260813 -1.00 -1.00 -1 0 0.1176 -0.7883 0.021511
780.00 P 20260813 -1.00 -1.00 -1 0 0.1175 -0.8078 0.020387
781.00 P 20260813 -1.00 -1.00 -1 0 0.1178 -0.8266 0.019255
782.00 P 20260813 -1.00 -1.00 -1 0 0.1191 -0.8429 0.018083
783.00 P 20260813 -1.00 -1.00 -1 0 0.1206 -0.8585 0.016943
784.00 P 20260813 -1.00 -1.00 -1 0 0.1348 -0.8425 0.015818
785.00 P 20260813 -1.00 -1.00 -1 0 0.1140 -0.9024 0.014626
786.00 P 20260813 -1.00 -1.00 -1 0 0.1381 -0.8684 0.014064
787.00 P 20260813 -1.00 -1.00 -1 0 0.1225 -0.9097 0.012841
788.00 P 20260813 -1.00 -1.00 204 0 0.1297 -0.9069 0.012240
789.00 P 20260813 -1.00 -1.00 502 0 0.1293 -0.9201 0.011346
790.00 P 20260813 -1.00 -1.00 304 0 0.1338 -0.9224 0.010729
795.00 P 20260813 -1.00 -1.00 332 0 0.1327 -0.9671 0.007217
800.00 P 20260813 -1.00 -1.00 196 0 0.1510 -0.9716 0.005660
805.00 P 20260813 -1.00 -1.00 -1 0 0.1652 -0.9802 0.004123
810.00 P 20260813 -1.00 -1.00 -1 0 0.1765 -0.9864 0.003160
815.00 P 20260813 -1.00 -1.00 -1 0 0.1979 -0.9833 0.002944
820.00 P 20260813 -1.00 -1.00 -1 0 0.2042 -0.9915 0.002099
825.00 P 20260813 -1.00 -1.00 -1 0 0.2214 -0.9911 0.001899
830.00 P 20260813 -1.00 -1.00 -1 0 0.2454 -0.9865 0.001974
835.00 P 20260813 -1.00 -1.00 -1 0 0.2496 -0.9938 0.001374
840.00 P 20260813 -1.00 -1.00 -1 0 0.2613 -0.9958 0.001002
845.00 P 20260813 -1.00 -1.00 -1 0 0.2835 -0.9929 0.001206
850.00 P 20260813 -1.00 -1.00 -1 0 0.2936 -0.9954 0.000919
855.00 P 20260813 -1.00 -1.00 -1 0 0.3123 -0.9942 0.000964
680.00 C 20260814 -1.00 -1.00 5 11 0.3591 0.9798 0.001037
685.00 C 20260814 -1.00 -1.00 2 21 0.3424 0.9784 0.001156
690.00 C 20260814 -1.00 -1.00 5 25 0.3225 0.9778 0.001260
691.00 C 20260814 -1.00 -1.00 1 2 0.3237 0.9762 0.001335
692.00 C 20260814 -1.00 -1.00 1 5 0.3207 0.9757 0.001370
693.00 C 20260814 -1.00 -1.00 1 7 0.3169 0.9755 0.001397
694.00 C 20260814 -1.00 -1.00 1 1 0.3246 0.9722 0.001534
695.00 C 20260814 -1.00 -1.00 6 11 0.3110 0.9746 0.001471
696.00 C 20260814 -1.00 -1.00 1 2 0.3182 0.9710 0.001619
697.00 C 20260814 -1.00 -1.00 1 10 0.3043 0.9739 0.001541
698.00 C 20260814 -1.00 -1.00 5 5 0.3014 0.9735 0.001582
699.00 C 20260814 -1.00 -1.00 6 3 0.2952 0.9739 0.001589
700.00 C 20260814 -1.00 -1.00 3 515 0.2487 0.9888 0.000910
701.00 C 20260814 -1.00 -1.00 10 10 0.2910 0.9724 0.001696
702.00 C 20260814 -1.00 -1.00 10 11 0.2922 0.9698 0.001821
703.00 C 20260814 -1.00 -1.00 1 4 0.2856 0.9709 0.001809
704.00 C 20260814 -1.00 -1.00 4 5 0.2879 0.9667 0.001989
705.00 C 20260814 -1.00 -1.00 1 16 0.2841 0.9661 0.002044
706.00 C 20260814 -1.00 -1.00 33 38 0.2792 0.9662 0.002075
707.00 C 20260814 -1.00 -1.00 10 13 0.2714 0.9681 0.002041
708.00 C 20260814 -1.00 -1.00 3 26 0.2705 0.9657 0.002167
709.00 C 20260814 -1.00 -1.00 -1 0 0.2671 0.9648 0.002239
710.00 C 20260814 -1.00 -1.00 3 165 0.2142 0.9868 0.001202
711.00 C 20260814 -1.00 -1.00 1 1 0.2572 0.9651 0.002314
712.00 C 20260814 -1.00 -1.00 2 14 0.2539 0.9641 0.002395
713.00 C 20260814 -1.00 -1.00 2 10 0.2535 0.9613 0.002550
714.00 C 20260814 -1.00 -1.00 2 28 0.2473 0.9621 0.002567
715.00 C 20260814 -1.00 -1.00 4 118 0.2197 0.9754 0.002028
716.00 C 20260814 -1.00 -1.00 2 27 0.2408 0.9600 0.002754
717.00 C 20260814 -1.00 -1.00 2 14 0.2375 0.9589 0.002853
718.00 C 20260814 -1.00 -1.00 2 32 0.2342 0.9578 0.002957
719.00 C 20260814 -1.00 -1.00 2 24 0.2317 0.9561 0.003088
720.00 C 20260814 -1.00 -1.00 7 211 0.2024 0.9734 0.002359
721.00 C 20260814 -1.00 -1.00 2 9 0.2260 0.9532 0.003342
722.00 C 20260814 -1.00 -1.00 2 50 0.2252 0.9502 0.003529
723.00 C 20260814 -1.00 -1.00 16 24 0.2203 0.9500 0.003619
724.00 C 20260814 -1.00 -1.00 3 8 0.2171 0.9487 0.003755
725.00 C 20260814 -1.00 -1.00 103 227 0.1876 0.9685 0.002929
726.00 C 20260814 -1.00 -1.00 3 24 0.2127 0.9445 0.004100
727.00 C 20260814 -1.00 -1.00 2 21 0.2102 0.9425 0.004277
728.00 C 20260814 -1.00 -1.00 1 21 0.2107 0.9385 0.004525
729.00 C 20260814 -1.00 -1.00 6 51 0.2070 0.9372 0.004688
730.00 C 20260814 -1.00 -1.00 96 554 0.1760 0.9576 0.003951
731.00 C 20260814 -1.00 -1.00 105 294 0.1740 0.9550 0.004199
732.00 C 20260814 -1.00 -1.00 14 419 0.1973 0.9290 0.005363
733.00 C 20260814 -1.00 -1.00 3 396 0.1717 0.9481 0.004797
734.00 C 20260814 -1.00 -1.00 1 425 0.1734 0.9421 0.005212
735.00 C 20260814 -1.00 -1.00 10 1241 0.1715 0.9393 0.005496
736.00 C 20260814 -1.00 -1.00 1 809 0.1695 0.9360 0.005804
737.00 C 20260814 -1.00 -1.00 6 629 0.1670 0.9317 0.006167
738.00 C 20260814 -1.00 -1.00 17 714 0.1647 0.9268 0.006562
739.00 C 20260814 -1.00 -1.00 1 755 0.1625 0.9219 0.006976
740.00 C 20260814 -1.00 -1.00 81 2275 0.1672 0.9074 0.007695
741.00 C 20260814 -1.00 -1.00 22 705 0.1577 0.9118 0.007857
742.00 C 20260814 -1.00 -1.00 11 1227 0.1760 0.8812 0.008878
743.00 C 20260814 -1.00 -1.00 5 1122 0.1620 0.8894 0.009108
744.00 C 20260814 -1.00 -1.00 9 2123 0.1408 0.9099 0.008943
745.00 C 20260814 -1.00 -1.00 99 1904 0.1587 0.8767 0.010144
746.00 C 20260814 -1.00 -1.00 72 1648 0.1665 0.8518 0.010826
747.00 C 20260814 -1.00 -1.00 75 1465 0.1525 0.8622 0.011301
748.00 C 20260814 -1.00 -1.00 68 864 0.1570 0.8416 0.011975
749.00 C 20260814 -1.00 -1.00 260 1952 0.1540 0.8333 0.012618
750.00 C 20260814 -1.00 -1.00 1219 25964 0.1511 0.8247 0.013303
751.00 C 20260814 -1.00 -1.00 104 1113 0.1508 0.8116 0.013981
752.00 C 20260814 -1.00 -1.00 794 1726 0.1494 0.8002 0.014698
753.00 C 20260814 -1.00 -1.00 678 1519 0.1486 0.7878 0.015417
754.00 C 20260814 -1.00 -1.00 1120 2387 0.1465 0.7748 0.016144
755.00 C 20260814 -1.00 -1.00 1595 2873 0.1433 0.7619 0.016938
756.00 C 20260814 -1.00 -1.00 1614 2822 0.1420 0.7453 0.017643
757.00 C 20260814 -1.00 -1.00 1651 1238 0.1400 0.7294 0.018428
758.00 C 20260814 -1.00 -1.00 597 14306 0.1387 0.7122 0.019186
759.00 C 20260814 -1.00 -1.00 764 3998 0.1376 0.6944 0.019945
760.00 C 20260814 -1.00 -1.00 3705 21726 0.1364 0.6765 0.020751
761.00 C 20260814 -1.00 -1.00 2760 1296 0.1365 0.6565 0.021341
762.00 C 20260814 -1.00 -1.00 1061 1660 0.1340 0.6365 0.022005
763.00 C 20260814 -1.00 -1.00 274 1930 0.1326 0.6148 0.022529
764.00 C 20260814 -1.00 -1.00 867 1124 0.1309 0.5930 0.023135
765.00 C 20260814 -1.00 -1.00 2078 2941 0.1303 0.5700 0.023557
766.00 C 20260814 -1.00 -1.00 604 1979 0.1298 0.5467 0.023968
767.00 C 20260814 -1.00 -1.00 770 1994 0.1299 0.5233 0.024274
768.00 C 20260814 -1.00 -1.00 391 1383 0.1288 0.4996 0.024413
769.00 C 20260814 -1.00 -1.00 617 1498 0.1268 0.4752 0.024568
770.00 C 20260814 -1.00 -1.00 2694 6400 0.1264 0.4508 0.024441
771.00 C 20260814 -1.00 -1.00 1220 4246 0.1257 0.4260 0.024366
772.00 C 20260814 -1.00 -1.00 1649 2242 0.1258 0.4017 0.024125
773.00 C 20260814 -1.00 -1.00 713 1207 0.1266 0.3781 0.023764
774.00 C 20260814 -1.00 -1.00 1945 1173 0.1258 0.3551 0.023315
775.00 C 20260814 -1.00 -1.00 121951 2721 0.1254 0.3330 0.022683
776.00 C 20260814 -1.00 -1.00 471 1961 0.1245 0.3101 0.022098
777.00 C 20260814 -1.00 -1.00 726 1179 0.1250 0.2891 0.021339
778.00 C 20260814 -1.00 -1.00 751 1462 0.1252 0.2678 0.020614
779.00 C 20260814 -1.00 -1.00 433 1962 0.1263 0.2483 0.019812
780.00 C 20260814 -1.00 -1.00 1834 2872 0.1260 0.2301 0.018972
781.00 C 20260814 -1.00 -1.00 140 677 0.1254 0.2123 0.018084
782.00 C 20260814 -1.00 -1.00 213 782 0.1251 0.1952 0.017164
783.00 C 20260814 -1.00 -1.00 622 543 0.1258 0.1798 0.016226
784.00 C 20260814 -1.00 -1.00 208 2046 0.1267 0.1651 0.015305
785.00 C 20260814 -1.00 -1.00 3755 1894 0.1280 0.1516 0.014412
790.00 C 20260814 -1.00 -1.00 1029 6600 0.1302 0.0979 0.010298
795.00 C 20260814 -1.00 -1.00 411 558 0.1358 0.0637 0.007164
800.00 C 20260814 -1.00 -1.00 1252 2631 0.1420 0.0422 0.004916
805.00 C 20260814 -1.00 -1.00 110 308 0.1489 0.0287 0.003424
810.00 C 20260814 -1.00 -1.00 399 129 0.1560 0.0204 0.002434
815.00 C 20260814 -1.00 -1.00 12 138 0.1658 0.0149 0.001766
820.00 C 20260814 -1.00 -1.00 551 217 0.1757 0.0120 0.001378
825.00 C 20260814 -1.00 -1.00 1 89 0.1826 0.0093 0.001047
830.00 C 20260814 -1.00 -1.00 520 525 0.1926 0.0077 0.000844
835.00 C 20260814 -1.00 -1.00 986 720 0.2025 0.0063 0.000675
840.00 C 20260814 -1.00 -1.00 664 664 0.2069 0.0041 0.000458
845.00 C 20260814 -1.00 -1.00 1042 613 0.2184 0.0039 0.000413
850.00 C 20260814 -1.00 -1.00 713 1431 0.2212 0.0028 0.000299
855.00 C 20260814 -1.00 -1.00 87 879 0.2326 0.0027 0.000272
680.00 P 20260814 -1.00 -1.00 79 3096 0.2934 -0.0059 0.000435
685.00 P 20260814 -1.00 -1.00 112 2644 0.2812 -0.0068 0.000522
690.00 P 20260814 -1.00 -1.00 135 5336 0.2691 -0.0079 0.000621
691.00 P 20260814 -1.00 -1.00 6 1080 0.2660 -0.0080 0.000635
692.00 P 20260814 -1.00 -1.00 3 707 0.2628 -0.0081 0.000650
693.00 P 20260814 -1.00 -1.00 1 2475 0.2635 -0.0089 0.000705
694.00 P 20260814 -1.00 -1.00 23 580 0.2604 -0.0090 0.000721
695.00 P 20260814 -1.00 -1.00 51 2571 0.2572 -0.0091 0.000738
696.00 P 20260814 -1.00 -1.00 8 827 0.2579 -0.0099 0.000795
697.00 P 20260814 -1.00 -1.00 21 1206 0.2548 -0.0100 0.000814
698.00 P 20260814 -1.00 -1.00 12 4386 0.2516 -0.0101 0.000833
699.00 P 20260814 -1.00 -1.00 60 891 0.2523 -0.0109 0.000893
700.00 P 20260814 -1.00 -1.00 477 7434 0.2488 -0.0110 0.000914
701.00 P 20260814 -1.00 -1.00 19 780 0.2452 -0.0112 0.000937
702.00 P 20260814 -1.00 -1.00 3 985 0.2434 -0.0120 0.001000
703.00 P 20260814 -1.00 -1.00 1 395 0.2398 -0.0122 0.001025
704.00 P 20260814 -1.00 -1.00 38 773 0.2379 -0.0130 0.001093
705.00 P 20260814 -1.00 -1.00 1301 2595 0.2344 -0.0132 0.001121
706.00 P 20260814 -1.00 -1.00 32 555 0.2325 -0.0141 0.001193
707.00 P 20260814 -1.00 -1.00 7 508 0.2290 -0.0143 0.001225
708.00 P 20260814 -1.00 -1.00 5 787 0.2271 -0.0152 0.001301
709.00 P 20260814 -1.00 -1.00 12 851 0.2236 -0.0154 0.001337
710.00 P 20260814 -1.00 -1.00 439 4495 0.2218 -0.0164 0.001419
711.00 P 20260814 -1.00 -1.00 62 1251 0.2199 -0.0173 0.001503
712.00 P 20260814 -1.00 -1.00 16 712 0.2172 -0.0180 0.001568
713.00 P 20260814 -1.00 -1.00 98 1513 0.2154 -0.0190 0.001657
714.00 P 20260814 -1.00 -1.00 206 4097 0.2127 -0.0196 0.001728
715.00 P 20260814 -1.00 -1.00 331 2659 0.2109 -0.0206 0.001824
716.00 P 20260814 -1.00 -1.00 336 1449 0.2091 -0.0217 0.001922
717.00 P 20260814 -1.00 -1.00 158 789 0.2072 -0.0228 0.002024
718.00 P 20260814 -1.00 -1.00 243 1224 0.2054 -0.0239 0.002129
719.00 P 20260814 -1.00 -1.00 38 894 0.2044 -0.0253 0.002257
720.00 P 20260814 -1.00 -1.00 651 9641 0.2026 -0.0265 0.002369
721.00 P 20260814 -1.00 -1.00 10 904 0.2016 -0.0280 0.002504
722.00 P 20260814 -1.00 -1.00 245 944 0.1991 -0.0295 0.002643
723.00 P 20260814 -1.00 -1.00 54 7551 0.1959 -0.0307 0.002769
724.00 P 20260814 -1.00 -1.00 195 4704 0.1936 -0.0327 0.002939
725.00 P 20260814 -1.00 -1.00 461 2850 0.1908 -0.0343 0.003099
726.00 P 20260814 -1.00 -1.00 266 1061 0.1881 -0.0360 0.003266
727.00 P 20260814 -1.00 -1.00 182 1205 0.1858 -0.0382 0.003460
728.00 P 20260814 -1.00 -1.00 66 1445 0.1839 -0.0407 0.003681
729.00 P 20260814 -1.00 -1.00 83 1950 0.1820 -0.0433 0.003911
730.00 P 20260814 -1.00 -1.00 1916 6360 0.1797 -0.0456 0.004132
731.00 P 20260814 -1.00 -1.00 61 662 0.1778 -0.0483 0.004380
732.00 P 20260814 -1.00 -1.00 361 4684 0.1759 -0.0510 0.004638
733.00 P 20260814 -1.00 -1.00 654 6674 0.1745 -0.0542 0.004921
734.00 P 20260814 -1.00 -1.00 287 1321 0.1734 -0.0577 0.005228
735.00 P 20260814 -1.00 -1.00 1032 2679 0.1723 -0.0613 0.005544
736.00 P 20260814 -1.00 -1.00 132 1689 0.1702 -0.0650 0.005872
737.00 P 20260814 -1.00 -1.00 278 1803 0.1675 -0.0691 0.006225
738.00 P 20260814 -1.00 -1.00 938 2088 0.1651 -0.0737 0.006610
739.00 P 20260814 -1.00 -1.00 831 910 0.1624 -0.0781 0.007004
740.00 P 20260814 -1.00 -1.00 4459 10575 0.1602 -0.0833 0.007443
741.00 P 20260814 -1.00 -1.00 1107 1699 0.1582 -0.0889 0.007913
742.00 P 20260814 -1.00 -1.00 543 5502 0.1565 -0.0950 0.008414
743.00 P 20260814 -1.00 -1.00 941 1020 0.1547 -0.1013 0.008935
744.00 P 20260814 -1.00 -1.00 522 2691 0.1535 -0.1083 0.009492
745.00 P 20260814 -1.00 -1.00 1251 3107 0.1524 -0.1157 0.010073
746.00 P 20260814 -1.00 -1.00 1051 2182 0.1518 -0.1239 0.010686
747.00 P 20260814 -1.00 -1.00 340 2260 0.1490 -0.1321 0.011312
748.00 P 20260814 -1.00 -1.00 1198 1413 0.1466 -0.1413 0.011980
749.00 P 20260814 -1.00 -1.00 786 627 0.1446 -0.1515 0.012689
750.00 P 20260814 -1.00 -1.00 4525 6382 0.1427 -0.1623 0.013435
751.00 P 20260814 -1.00 -1.00 1421 1156 0.1412 -0.1739 0.014212
752.00 P 20260814 -1.00 -1.00 1148 1110 0.1399 -0.1863 0.015014
753.00 P 20260814 -1.00 -1.00 1439 2172 0.1391 -0.1995 0.015833
754.00 P 20260814 -1.00 -1.00 1953 1731 0.1386 -0.2134 0.016666
755.00 P 20260814 -1.00 -1.00 4785 2788 0.1366 -0.2282 0.017498
756.00 P 20260814 -1.00 -1.00 2702 1123 0.1346 -0.2442 0.018332
757.00 P 20260814 -1.00 -1.00 1230 1753 0.1329 -0.2612 0.019182
758.00 P 20260814 -1.00 -1.00 18931 614 0.1313 -0.2789 0.020058
759.00 P 20260814 -1.00 -1.00 1855 267 0.1306 -0.2982 0.020872
760.00 P 20260814 -1.00 -1.00 4058 1708 0.1300 -0.3179 0.021696
761.00 P 20260814 -1.00 -1.00 413 131 0.1297 -0.3384 0.022507
762.00 P 20260814 -1.00 -1.00 941 41 0.1280 -0.3600 0.023170
763.00 P 20260814 -1.00 -1.00 444 25 0.1260 -0.3822 0.023862
764.00 P 20260814 -1.00 -1.00 760 28 0.1252 -0.4059 0.024385
765.00 P 20260814 -1.00 -1.00 3398 3240 0.1243 -0.4300 0.024925
766.00 P 20260814 -1.00 -1.00 298 335 0.1241 -0.4547 0.025351
767.00 P 20260814 -1.00 -1.00 85 15 0.1241 -0.4799 0.025738
768.00 P 20260814 -1.00 -1.00 175 152 0.1223 -0.5051 0.026047
769.00 P 20260814 -1.00 -1.00 41 18 0.1213 -0.5308 0.026042
770.00 P 20260814 -1.00 -1.00 209 489 0.1212 -0.5565 0.025873
771.00 P 20260814 -1.00 -1.00 136 3 0.1205 -0.5827 0.025818
772.00 P 20260814 -1.00 -1.00 100 58 0.1206 -0.6086 0.025590
773.00 P 20260814 -1.00 -1.00 52 3 0.1214 -0.6339 0.025186
774.00 P 20260814 -1.00 -1.00 216 66 0.1198 -0.6585 0.024735
775.00 P 20260814 -1.00 -1.00 486 263 0.1193 -0.6824 0.024097
776.00 P 20260814 -1.00 -1.00 67 1 0.1192 -0.7058 0.023372
777.00 P 20260814 -1.00 -1.00 83 1 0.1194 -0.7288 0.022609
778.00 P 20260814 -1.00 -1.00 4 0 0.1200 -0.7512 0.021810
779.00 P 20260814 -1.00 -1.00 212 0 0.1197 -0.7731 0.020977
780.00 P 20260814 -1.00 -1.00 13 1 0.1195 -0.7915 0.020001
781.00 P 20260814 -1.00 -1.00 381 0 0.1194 -0.8098 0.019030
782.00 P 20260814 -1.00 -1.00 4 0 0.1195 -0.8278 0.018045
783.00 P 20260814 -1.00 -1.00 4 0 0.1203 -0.8442 0.017025
784.00 P 20260814 -1.00 -1.00 4 0 0.1208 -0.8614 0.016037
785.00 P 20260814 -1.00 -1.00 5 0 0.1167 -0.8846 0.015059
790.00 P 20260814 -1.00 -1.00 716 0 0.1269 -0.9245 0.010888
795.00 P 20260814 -1.00 -1.00 1652 0 0.1367 -0.9515 0.007890
800.00 P 20260814 -1.00 -1.00 355 1 0.1467 -0.9685 0.005988
805.00 P 20260814 -1.00 -1.00 4 1 0.1562 -0.9836 0.004000
810.00 P 20260814 -1.00 -1.00 9 0 0.1766 -0.9806 0.003614
815.00 P 20260814 -1.00 -1.00 5 0 0.1869 -0.9862 0.002858
820.00 P 20260814 -1.00 -1.00 4 0 0.2009 -0.9882 0.002415
825.00 P 20260814 -1.00 -1.00 4 0 0.2159 -0.9889 0.002113
830.00 P 20260814 -1.00 -1.00 6 0 0.2281 -0.9914 0.001755
835.00 P 20260814 -1.00 -1.00 4 0 -1.0000 -1.0000 -1.000000
840.00 P 20260814 -1.00 -1.00 4 0 0.2590 -0.9915 0.001451
845.00 P 20260814 -1.00 -1.00 4 0 0.2708 -0.9934 0.001224
850.00 P 20260814 -1.00 -1.00 4 0 0.2910 -0.9909 0.001269
855.00 P 20260814 -1.00 -1.00 4 0 0.2982 -0.9947 0.000975
680.00 C 20260817 -1.00 -1.00 2 1 0.3128 0.9809 0.000994
685.00 C 20260817 -1.00 -1.00 -1 0 0.2986 0.9794 0.001116
690.00 C 20260817 -1.00 -1.00 -1 0 0.2845 0.9777 0.001257
695.00 C 20260817 -1.00 -1.00 -1 0 0.2539 0.9817 0.001180
700.00 C 20260817 -1.00 -1.00 -1 0 0.2590 0.9731 0.001640
701.00 C 20260817 -1.00 -1.00 -1 0 0.2535 0.9736 0.001647
702.00 C 20260817 -1.00 -1.00 -1 0 0.2570 0.9701 0.001800
703.00 C 20260817 -1.00 -1.00 -1 0 0.2432 0.9744 0.001669
704.00 C 20260817 -1.00 -1.00 -1 0 0.2489 0.9700 0.001863
705.00 C 20260817 -1.00 -1.00 -1 0 0.2441 0.9705 0.001877
706.00 C 20260817 -1.00 -1.00 -1 0 0.2452 0.9669 0.002042
707.00 C 20260817 -1.00 -1.00 -1 0 0.2264 0.9748 0.001767
708.00 C 20260817 -1.00 -1.00 -1 0 0.2364 0.9673 0.002102
709.00 C 20260817 -1.00 -1.00 -1 0 0.2334 0.9664 0.002173
710.00 C 20260817 -1.00 -1.00 -1 0 0.2144 0.9749 0.001858
711.00 C 20260817 -1.00 -1.00 -1 0 0.2276 0.9646 0.002323
712.00 C 20260817 -1.00 -1.00 -1 0 0.2200 0.9671 0.002265
713.00 C 20260817 -1.00 -1.00 -1 0 0.2221 0.9624 0.002497
714.00 C 20260817 -1.00 -1.00 -1 0 0.2177 0.9625 0.002542
715.00 C 20260817 -1.00 -1.00 2 1 0.2109 0.9645 0.002509
716.00 C 20260817 -1.00 -1.00 -1 0 0.2141 0.9588 0.002789
717.00 C 20260817 -1.00 -1.00 -1 0 0.2115 0.9575 0.002899
718.00 C 20260817 -1.00 -1.00 -1 0 0.2090 0.9561 0.003012
719.00 C 20260817 -1.00 -1.00 -1 0 0.2101 0.9520 0.003228
720.00 C 20260817 -1.00 -1.00 -1 0 0.2047 0.9527 0.003274
721.00 C 20260817 -1.00 -1.00 -1 0 0.2022 0.9512 0.003402
722.00 C 20260817 -1.00 -1.00 -1 0 0.1997 0.9497 0.003535
723.00 C 20260817 -1.00 -1.00 -1 0 0.1979 0.9476 0.003693
724.00 C 20260817 -1.00 -1.00 -1 0 0.1954 0.9460 0.003838
725.00 C 20260817 -1.00 -1.00 1 1 0.1825 0.9527 0.003672
726.00 C 20260817 -1.00 -1.00 -1 0 0.1915 0.9418 0.004173
727.00 C 20260817 -1.00 -1.00 2 0 0.1861 0.9423 0.004263
728.00 C 20260817 -1.00 -1.00 2 0 0.1858 0.9389 0.004490
729.00 C 20260817 -1.00 -1.00 -1 0 0.1865 0.9328 0.004801
730.00 C 20260817 -1.00 -1.00 168 161 0.1828 0.9311 0.004983
731.00 C 20260817 -1.00 -1.00 7 0 0.1805 0.9275 0.005231
732.00 C 20260817 -1.00 -1.00 -1 0 0.1781 0.9241 0.005483
733.00 C 20260817 -1.00 -1.00 -1 0 0.1744 0.9221 0.005701
734.00 C 20260817 -1.00 -1.00 -1 0 0.1720 0.9185 0.005979
735.00 C 20260817 -1.00 -1.00 110 51 0.1697 0.9145 0.006277
736.00 C 20260817 -1.00 -1.00 -1 0 0.1675 0.9104 0.006589
737.00 C 20260817 -1.00 -1.00 -1 0 0.1653 0.9062 0.006915
738.00 C 20260817 -1.00 -1.00 -1 0 0.1481 0.9230 0.006657
739.00 C 20260817 -1.00 -1.00 -1 0 0.1519 0.9096 0.007318
740.00 C 20260817 -1.00 -1.00 162 216 0.1601 0.8910 0.008021
741.00 C 20260817 -1.00 -1.00 -1 0 0.1594 0.8846 0.008436
742.00 C 20260817 -1.00 -1.00 -1 0 0.1511 0.8875 0.008725
743.00 C 20260817 -1.00 -1.00 -1 0 0.1424 0.8912 0.009013
744.00 C 20260817 -1.00 -1.00 -1 0 0.1487 0.8737 0.009670
745.00 C 20260817 -1.00 -1.00 4 39 0.1454 0.8678 0.010163
746.00 C 20260817 -1.00 -1.00 -1 0 0.1414 0.8629 0.010682
747.00 C 20260817 -1.00 -1.00 -1 0 0.1469 0.8409 0.011297
748.00 C 20260817 -1.00 -1.00 -1 0 0.1444 0.8329 0.011867
749.00 C 20260817 -1.00 -1.00 -1 0 0.1436 0.8220 0.012451
750.00 C 20260817 -1.00 -1.00 11 134 0.1418 0.8124 0.013066
751.00 C 20260817 -1.00 -1.00 -1 0 0.1406 0.8017 0.013693
752.00 C 20260817 -1.00 -1.00 -1 0 0.1399 0.7901 0.014322
753.00 C 20260817 -1.00 -1.00 -1 0 0.1387 0.7771 0.014929
754.00 C 20260817 -1.00 -1.00 2 0 0.1360 0.7648 0.015600
755.00 C 20260817 -1.00 -1.00 48 286 0.1341 0.7508 0.016263
756.00 C 20260817 -1.00 -1.00 112 0 0.1325 0.7359 0.016934
757.00 C 20260817 -1.00 -1.00 4 0 0.1310 0.7205 0.017624
758.00 C 20260817 -1.00 -1.00 3 0 0.1300 0.7041 0.018291
759.00 C 20260817 -1.00 -1.00 4 0 0.1296 0.6867 0.018910
760.00 C 20260817 -1.00 -1.00 188 340 0.1283 0.6702 0.019644
761.00 C 20260817 -1.00 -1.00 254 0 0.1278 0.6510 0.020114
762.00 C 20260817 -1.00 -1.00 114 0 0.1262 0.6316 0.020625
763.00 C 20260817 -1.00 -1.00 59 0 0.1246 0.6116 0.021141
764.00 C 20260817 -1.00 -1.00 42 0 0.1235 0.5908 0.021604
765.00 C 20260817 -1.00 -1.00 82 280 0.1227 0.5695 0.022033
766.00 C 20260817 -1.00 -1.00 33 0 0.1225 0.5478 0.022363
767.00 C 20260817 -1.00 -1.00 117 0 0.1226 0.5259 0.022647
768.00 C 20260817 -1.00 -1.00 73 0 0.1214 0.5039 0.022802
769.00 C 20260817 -1.00 -1.00 152 0 0.1200 0.4813 0.022891
770.00 C 20260817 -1.00 -1.00 112 250 0.1193 0.4584 0.022848
771.00 C 20260817 -1.00 -1.00 49 0 0.1186 0.4353 0.022818
772.00 C 20260817 -1.00 -1.00 223 0 0.1186 0.4124 0.022642
773.00 C 20260817 -1.00 -1.00 74 0 0.1191 0.3901 0.022374
774.00 C 20260817 -1.00 -1.00 132 0 0.1192 0.3684 0.022033
775.00 C 20260817 -1.00 -1.00 190 372 0.1181 0.3470 0.021603
776.00 C 20260817 -1.00 -1.00 196 0 0.1174 0.3256 0.021099
777.00 C 20260817 -1.00 -1.00 275 0 0.1172 0.3050 0.020509
778.00 C 20260817 -1.00 -1.00 132 0 0.1173 0.2847 0.019893
779.00 C 20260817 -1.00 -1.00 97 0 0.1180 0.2657 0.019208
780.00 C 20260817 -1.00 -1.00 132 100 0.1190 0.2475 0.018512
781.00 C 20260817 -1.00 -1.00 132 0 0.1184 0.2304 0.017774
782.00 C 20260817 -1.00 -1.00 322 0 0.1179 0.2137 0.016995
783.00 C 20260817 -1.00 -1.00 535 0 0.1177 0.1977 0.016190
784.00 C 20260817 -1.00 -1.00 22 0 0.1182 0.1830 0.015371
785.00 C 20260817 -1.00 -1.00 461 191 0.1189 0.1689 0.014562
786.00 C 20260817 -1.00 -1.00 6 0 0.1201 0.1562 0.013775
787.00 C 20260817 -1.00 -1.00 28 0 0.1215 0.1444 0.013019
788.00 C 20260817 -1.00 -1.00 4 0 0.1211 0.1332 0.012277
789.00 C 20260817 -1.00 -1.00 4 0 0.1209 0.1226 0.011535
790.00 C 20260817 -1.00 -1.00 92 104 0.1215 0.1133 0.010823
795.00 C 20260817 -1.00 -1.00 278 160 0.1275 0.0754 0.007740
800.00 C 20260817 -1.00 -1.00 71 5 0.1304 0.0510 0.005467
805.00 C 20260817 -1.00 -1.00 636 99 0.1383 0.0353 0.003883
810.00 C 20260817 -1.00 -1.00 86 1 0.1430 0.0254 0.002814
815.00 C 20260817 -1.00 -1.00 110 0 0.1505 0.0189 0.002076
820.00 C 20260817 -1.00 -1.00 55 0 0.1598 0.0144 0.001566
825.00 C 20260817 -1.00 -1.00 -1 0 0.1659 0.0112 0.001207
830.00 C 20260817 -1.00 -1.00 3 0 0.1734 0.0092 0.000962
835.00 C 20260817 -1.00 -1.00 117 0 0.1808 0.0073 0.000752
840.00 C 20260817 -1.00 -1.00 63 0 0.1868 0.0051 0.000536
845.00 C 20260817 -1.00 -1.00 54 0 0.1918 0.0039 0.000414
850.00 C 20260817 -1.00 -1.00 102 0 0.2020 0.0038 0.000376
855.00 C 20260817 -1.00 -1.00 -1 0 0.2045 0.0027 0.000273
680.00 P 20260817 -1.00 -1.00 14 635 0.2656 -0.0071 0.000503
685.00 P 20260817 -1.00 -1.00 10 10 0.2584 -0.0087 0.000624
690.00 P 20260817 -1.00 -1.00 89 192 0.2478 -0.0098 0.000726
695.00 P 20260817 -1.00 -1.00 129 117 0.2380 -0.0117 0.000878
700.00 P 20260817 -1.00 -1.00 749 310 0.2252 -0.0137 0.001057
701.00 P 20260817 -1.00 -1.00 -1 0 0.2235 -0.0145 0.001118
702.00 P 20260817 -1.00 -1.00 -1 0 0.2204 -0.0147 0.001146
703.00 P 20260817 -1.00 -1.00 3 0 0.2188 -0.0155 0.001211
704.00 P 20260817 -1.00 -1.00 1 0 0.2171 -0.0164 0.001277
705.00 P 20260817 -1.00 -1.00 4 88 0.2148 -0.0169 0.001327
706.00 P 20260817 -1.00 -1.00 -1 0 0.2124 -0.0175 0.001380
707.00 P 20260817 -1.00 -1.00 -1 0 0.2108 -0.0184 0.001452
708.00 P 20260817 -1.00 -1.00 -1 0 0.2084 -0.0190 0.001509
709.00 P 20260817 -1.00 -1.00 1 0 0.2068 -0.0199 0.001586
710.00 P 20260817 -1.00 -1.00 5 395 0.2052 -0.0208 0.001665
711.00 P 20260817 -1.00 -1.00 -1 0 0.2035 -0.0218 0.001746
712.00 P 20260817 -1.00 -1.00 -1 0 0.2019 -0.0227 0.001829
713.00 P 20260817 -1.00 -1.00 -1 0 0.2003 -0.0237 0.001915
714.00 P 20260817 -1.00 -1.00 -1 0 0.1987 -0.0247 0.002004
715.00 P 20260817 -1.00 -1.00 23 26 0.1971 -0.0258 0.002095
716.00 P 20260817 -1.00 -1.00 -1 0 0.1962 -0.0271 0.002205
717.00 P 20260817 -1.00 -1.00 2 0 0.1946 -0.0285 0.002318
718.00 P 20260817 -1.00 -1.00 -1 0 0.1918 -0.0296 0.002419
719.00 P 20260817 -1.00 -1.00 3 0 0.1897 -0.0313 0.002556
720.00 P 20260817 -1.00 -1.00 18 79 0.1869 -0.0325 0.002667
721.00 P 20260817 -1.00 -1.00 2 0 0.1849 -0.0343 0.002815
722.00 P 20260817 -1.00 -1.00 24 0 0.1829 -0.0362 0.002968
723.00 P 20260817 -1.00 -1.00 -1 0 0.1808 -0.0381 0.003128
724.00 P 20260817 -1.00 -1.00 1 0 0.1781 -0.0394 0.003265
725.00 P 20260817 -1.00 -1.00 67 320 0.1768 -0.0421 0.003468
726.00 P 20260817 -1.00 -1.00 -1 0 0.1747 -0.0442 0.003648
727.00 P 20260817 -1.00 -1.00 39 0 0.1727 -0.0463 0.003836
728.00 P 20260817 -1.00 -1.00 4 0 0.1714 -0.0491 0.004060
729.00 P 20260817 -1.00 -1.00 16 0 0.1701 -0.0519 0.004289
730.00 P 20260817 -1.00 -1.00 178 1818 0.1685 -0.0545 0.004513
731.00 P 20260817 -1.00 -1.00 20 0 0.1676 -0.0577 0.004769
732.00 P 20260817 -1.00 -1.00 32 0 0.1663 -0.0607 0.005021
733.00 P 20260817 -1.00 -1.00 72 0 0.1646 -0.0644 0.005305
734.00 P 20260817 -1.00 -1.00 5 0 0.1621 -0.0678 0.005587
735.00 P 20260817 -1.00 -1.00 618 726 0.1597 -0.0716 0.005894
736.00 P 20260817 -1.00 -1.00 54 0 0.1575 -0.0759 0.006227
737.00 P 20260817 -1.00 -1.00 4 0 0.1558 -0.0809 0.006595
738.00 P 20260817 -1.00 -1.00 1 0 0.1537 -0.0854 0.006961
739.00 P 20260817 -1.00 -1.00 721 0 0.1519 -0.0906 0.007360
740.00 P 20260817 -1.00 -1.00 95 422 0.1504 -0.0962 0.007784
741.00 P 20260817 -1.00 -1.00 94 0 0.1489 -0.1019 0.008223
742.00 P 20260817 -1.00 -1.00 106 0 0.1480 -0.1086 0.008696
743.00 P 20260817 -1.00 -1.00 3 0 0.1469 -0.1151 0.009177
744.00 P 20260817 -1.00 -1.00 23 0 0.1462 -0.1223 0.009686
745.00 P 20260817 -1.00 -1.00 663 533 0.1439 -0.1299 0.010209
746.00 P 20260817 -1.00 -1.00 34 0 0.1417 -0.1382 0.010762
747.00 P 20260817 -1.00 -1.00 10 0 0.1397 -0.1470 0.011347
748.00 P 20260817 -1.00 -1.00 16 0 0.1379 -0.1565 0.011961
749.00 P 20260817 -1.00 -1.00 19 0 0.1364 -0.1668 0.012602
750.00 P 20260817 -1.00 -1.00 526 562 0.1353 -0.1777 0.013265
751.00 P 20260817 -1.00 -1.00 92 0 0.1343 -0.1893 0.013947
752.00 P 20260817 -1.00 -1.00 22 0 0.1337 -0.2015 0.014640
753.00 P 20260817 -1.00 -1.00 112 0 0.1332 -0.2143 0.015351
754.00 P 20260817 -1.00 -1.00 102 0 0.1312 -0.2281 0.016043
755.00 P 20260817 -1.00 -1.00 413 905 0.1292 -0.2424 0.016763
756.00 P 20260817 -1.00 -1.00 71 0 0.1276 -0.2578 0.017487
757.00 P 20260817 -1.00 -1.00 57 0 0.1263 -0.2741 0.018214
758.00 P 20260817 -1.00 -1.00 187 0 0.1255 -0.2914 0.018930
759.00 P 20260817 -1.00 -1.00 80 0 0.1249 -0.3093 0.019633
760.00 P 20260817 -1.00 -1.00 306 126 0.1245 -0.3277 0.020337
761.00 P 20260817 -1.00 -1.00 41 0 0.1234 -0.3468 0.021002
762.00 P 20260817 -1.00 -1.00 40 0 0.1219 -0.3671 0.021550
763.00 P 20260817 -1.00 -1.00 130 0 0.1206 -0.3882 0.022075
764.00 P 20260817 -1.00 -1.00 57 0 0.1192 -0.4096 0.022652
765.00 P 20260817 -1.00 -1.00 181 17 0.1189 -0.4321 0.023044
766.00 P 20260817 -1.00 -1.00 2 0 0.1188 -0.4550 0.023417
767.00 P 20260817 -1.00 -1.00 33 0 0.1190 -0.4782 0.023704
768.00 P 20260817 -1.00 -1.00 6 0 0.1176 -0.5015 0.023922
769.00 P 20260817 -1.00 -1.00 2 0 0.1164 -0.5251 0.024015
770.00 P 20260817 -1.00 -1.00 7 25 0.1155 -0.5491 0.024060
771.00 P 20260817 -1.00 -1.00 7 0 0.1152 -0.5732 0.023972
772.00 P 20260817 -1.00 -1.00 3 0 0.1153 -0.5972 0.023804
773.00 P 20260817 -1.00 -1.00 10 0 0.1158 -0.6209 0.023544
774.00 P 20260817 -1.00 -1.00 -1 0 0.1154 -0.6439 0.023181
775.00 P 20260817 -1.00 -1.00 7 5 0.1143 -0.6666 0.022754
776.00 P 20260817 -1.00 -1.00 1 0 0.1136 -0.6893 0.022271
777.00 P 20260817 -1.00 -1.00 -1 0 0.1139 -0.7104 0.021612
778.00 P 20260817 -1.00 -1.00 -1 0 0.1144 -0.7313 0.020949
779.00 P 20260817 -1.00 -1.00 -1 0 0.1151 -0.7517 0.020247
780.00 P 20260817 -1.00 -1.00 7 271 0.1149 -0.7719 0.019547
781.00 P 20260817 -1.00 -1.00 -1 0 0.1146 -0.7892 0.018762
782.00 P 20260817 -1.00 -1.00 -1 0 0.1133 -0.8092 0.018030
783.00 P 20260817 -1.00 -1.00 2 0 0.1147 -0.8229 0.017112
784.00 P 20260817 -1.00 -1.00 3 0 0.1155 -0.8379 0.016252
785.00 P 20260817 -1.00 -1.00 1145 0 0.1161 -0.8535 0.015455
786.00 P 20260817 -1.00 -1.00 1329 0 0.1263 -0.8433 0.014464
787.00 P 20260817 -1.00 -1.00 1603 0 0.1255 -0.8610 0.013805
788.00 P 20260817 -1.00 -1.00 2343 0 0.1305 -0.8635 0.013094
789.00 P 20260817 -1.00 -1.00 4441 0 0.1263 -0.8836 0.012440
790.00 P 20260817 -1.00 -1.00 9148 0 0.1233 -0.9004 0.011709
795.00 P 20260817 -1.00 -1.00 9478 0 0.1280 -0.9434 0.008583
800.00 P 20260817 -1.00 -1.00 6247 0 0.1357 -0.9626 0.006702
805.00 P 20260817 -1.00 -1.00 218 0 0.1418 -0.9825 0.004443
810.00 P 20260817 -1.00 -1.00 12 0 0.1584 -0.9819 0.003828
815.00 P 20260817 -1.00 -1.00 6 0 0.1749 -0.9815 0.003361
820.00 P 20260817 -1.00 -1.00 8 0 0.1814 -0.9893 0.002541
825.00 P 20260817 -1.00 -1.00 6 0 0.1947 -0.9899 0.002228
830.00 P 20260817 -1.00 -1.00 6 0 0.2080 -0.9905 0.001974
835.00 P 20260817 -1.00 -1.00 6 0 0.2185 -0.9927 0.001647
840.00 P 20260817 -1.00 -1.00 4 0 -1.0000 -1.0000 -1.000000
845.00 P 20260817 -1.00 -1.00 4 0 0.2444 -0.9934 0.001333
850.00 P 20260817 -1.00 -1.00 4 0 0.2611 -0.9916 0.001349
855.00 P 20260817 -1.00 -1.00 4 0 0.2700 -0.9939 0.001106
680.00 C 20260818 -1.00 -1.00 -1 0 0.2787 0.9886 0.000691
685.00 C 20260818 -1.00 -1.00 -1 0 0.2589 0.9893 0.000705
690.00 C 20260818 -1.00 -1.00 -1 0 0.2522 0.9857 0.000924
695.00 C 20260818 -1.00 -1.00 -1 0 0.2402 0.9836 0.001093
700.00 C 20260818 -1.00 -1.00 -1 0 0.2297 0.9807 0.001320
705.00 C 20260818 -1.00 -1.00 -1 0 0.2221 0.9763 0.001637
710.00 C 20260818 -1.00 -1.00 -1 0 0.2062 0.9752 0.001840
715.00 C 20260818 -1.00 -1.00 5 0 0.2132 0.9570 0.002797
720.00 C 20260818 -1.00 -1.00 -1 0 0.1878 0.9608 0.002948
725.00 C 20260818 -1.00 -1.00 -1 0 0.1799 0.9495 0.003793
730.00 C 20260818 -1.00 -1.00 -1 0 0.1183 0.9860 0.001932
735.00 C 20260818 -1.00 -1.00 -1 0 0.1715 0.9047 0.006503
740.00 C 20260818 -1.00 -1.00 2 0 0.1564 0.8890 0.008040
745.00 C 20260818 -1.00 -1.00 2 0 0.1461 0.8575 0.010215
750.00 C 20260818 -1.00 -1.00 2 0 0.1247 0.8341 0.013192
755.00 C 20260818 -1.00 -1.00 12 0 0.1215 0.7658 0.016808
760.00 C 20260818 -1.00 -1.00 66 0 0.1188 0.6772 0.020242
765.00 C 20260818 -1.00 -1.00 281 0 0.1246 0.5677 0.020951
770.00 C 20260818 -1.00 -1.00 267 0 0.1211 0.4621 0.021738
775.00 C 20260818 -1.00 -1.00 601 0 0.1197 0.3553 0.020775
780.00 C 20260818 -1.00 -1.00 154 0 0.1196 0.2584 0.018085
785.00 C 20260818 -1.00 -1.00 49 0 0.1193 0.1802 0.014555
790.00 C 20260818 -1.00 -1.00 130 0 0.1218 0.1228 0.011054
795.00 C 20260818 -1.00 -1.00 135 0 0.1261 0.0826 0.008025
800.00 C 20260818 -1.00 -1.00 77 0 0.1294 0.0565 0.005772
805.00 C 20260818 -1.00 -1.00 39 0 0.1357 0.0388 0.004101
810.00 C 20260818 -1.00 -1.00 13 0 0.1407 0.0277 0.002978
815.00 C 20260818 -1.00 -1.00 65 0 0.1474 0.0207 0.002214
820.00 C 20260818 -1.00 -1.00 103 0 0.1557 0.0157 0.001668
825.00 C 20260818 -1.00 -1.00 26 0 0.1625 0.0121 0.001278
680.00 P 20260818 -1.00 -1.00 1 0 0.2647 -0.0086 0.000578
685.00 P 20260818 -1.00 -1.00 -1 0 0.2561 -0.0099 0.000683
690.00 P 20260818 -1.00 -1.00 44 0 0.2463 -0.0116 0.000815
695.00 P 20260818 -1.00 -1.00 2 0 0.2339 -0.0135 0.000970
700.00 P 20260818 -1.00 -1.00 66 0 0.2230 -0.0162 0.001186
705.00 P 20260818 -1.00 -1.00 28 0 0.2144 -0.0201 0.001488
710.00 P 20260818 -1.00 -1.00 28 0 0.2058 -0.0243 0.001836
715.00 P 20260818 -1.00 -1.00 4 0 0.1974 -0.0301 0.002296
720.00 P 20260818 -1.00 -1.00 50 0 0.1861 -0.0375 0.002894
725.00 P 20260818 -1.00 -1.00 1 0 0.1769 -0.0477 0.003705
730.00 P 20260818 -1.00 -1.00 46 0 0.1707 -0.0613 0.004762
735.00 P 20260818 -1.00 -1.00 383 0 0.1596 -0.0795 0.006129
740.00 P 20260818 -1.00 -1.00 122 0 0.1519 -0.1052 0.007972
745.00 P 20260818 -1.00 -1.00 151 0 0.1443 -0.1399 0.010265
750.00 P 20260818 -1.00 -1.00 627 0 0.1370 -0.1879 0.013123
755.00 P 20260818 -1.00 -1.00 149 0 0.1305 -0.2517 0.016298
760.00 P 20260818 -1.00 -1.00 1177 0 0.1266 -0.3342 0.019508
765.00 P 20260818 -1.00 -1.00 197 0 0.1204 -0.4338 0.021989
770.00 P 20260818 -1.00 -1.00 14 0 0.1169 -0.5453 0.022958
775.00 P 20260818 -1.00 -1.00 3 0 0.1150 -0.6591 0.022046
780.00 P 20260818 -1.00 -1.00 14 0 0.1281 -0.7355 0.017868
785.00 P 20260818 -1.00 -1.00 181 0 0.1199 -0.8330 0.015332
790.00 P 20260818 -1.00 -1.00 494 0 0.1288 -0.8808 0.011965
795.00 P 20260818 -1.00 -1.00 372 0 0.1363 -0.9146 0.009370
800.00 P 20260818 -1.00 -1.00 308 0 0.1509 -0.9297 0.007526
805.00 P 20260818 -1.00 -1.00 34 0 0.1669 -0.9388 0.006205
810.00 P 20260818 -1.00 -1.00 8 0 0.1991 -0.9207 0.005705
815.00 P 20260818 -1.00 -1.00 4 0 0.1923 -0.9528 0.004450
820.00 P 20260818 -1.00 -1.00 2 0 0.1991 -0.9648 0.003763
825.00 P 20260818 -1.00 -1.00 2 0 0.2134 -0.9674 0.003319
676.00 C 20260821 -1.00 -1.00 1 6 0.3257 0.9683 0.001299
677.00 C 20260821 -1.00 -1.00 1 5 0.3220 0.9683 0.001316
678.00 C 20260821 -1.00 -1.00 7 22 0.3192 0.9677 0.001345
679.00 C 20260821 -1.00 -1.00 4 5 0.3168 0.9670 0.001379
680.00 C 20260821 -1.00 -1.00 2 2356 0.2817 0.9787 0.001067
681.00 C 20260821 -1.00 -1.00 2 66 0.3120 0.9655 0.001451
682.00 C 20260821 -1.00 -1.00 1 12 0.3080 0.9656 0.001467
683.00 C 20260821 -1.00 -1.00 1 18 0.3004 0.9676 0.001434
684.00 C 20260821 -1.00 -1.00 2 9 0.3006 0.9654 0.001509
685.00 C 20260821 -1.00 -1.00 2 1666 0.2755 0.9750 0.001258
686.00 C 20260821 -1.00 -1.00 12 87 0.2964 0.9635 0.001598
687.00 C 20260821 -1.00 -1.00 3 102 0.2681 0.9751 0.001288
688.00 C 20260821 -1.00 -1.00 17 217 0.2677 0.9741 0.001339
689.00 C 20260821 -1.00 -1.00 8 224 0.2647 0.9739 0.001363
690.00 C 20260821 -1.00 -1.00 11 5619 0.2843 0.9616 0.001737
691.00 C 20260821 -1.00 -1.00 1 15 0.2848 0.9591 0.001824
692.00 C 20260821 -1.00 -1.00 1 12 0.2796 0.9598 0.001832
693.00 C 20260821 -1.00 -1.00 2 105 0.2561 0.9719 0.001508
694.00 C 20260821 -1.00 -1.00 7 288 0.2531 0.9714 0.001544
695.00 C 20260821 -1.00 -1.00 75 3178 0.2568 0.9666 0.001720
696.00 C 20260821 -1.00 -1.00 3 150 0.2481 0.9699 0.001640
697.00 C 20260821 -1.00 -1.00 2 241 0.2493 0.9666 0.001769
698.00 C 20260821 -1.00 -1.00 4 494 0.2425 0.9687 0.001729
699.00 C 20260821 -1.00 -1.00 4 469 0.2408 0.9673 0.001801
700.00 C 20260821 -1.00 -1.00 10 7143 0.2579 0.9540 0.002224
701.00 C 20260821 -1.00 -1.00 10 123 0.2381 0.9641 0.001964
702.00 C 20260821 -1.00 -1.00 6 45 0.2545 0.9511 0.002369
703.00 C 20260821 -1.00 -1.00 1 24 0.2424 0.9562 0.002272
704.00 C 20260821 -1.00 -1.00 1 81 0.2496 0.9492 0.002498
705.00 C 20260821 -1.00 -1.00 2 3029 0.2295 0.9595 0.002245
706.00 C 20260821 -1.00 -1.00 1 51 0.2450 0.9470 0.002639
707.00 C 20260821 -1.00 -1.00 2 22 0.2430 0.9457 0.002718
708.00 C 20260821 -1.00 -1.00 1 204 0.2197 0.9583 0.002406
709.00 C 20260821 -1.00 -1.00 1 531 0.2175 0.9571 0.002486
710.00 C 20260821 -1.00 -1.00 59 3941 0.2180 0.9539 0.002633
711.00 C 20260821 -1.00 -1.00 2 120 0.2132 0.9545 0.002662
712.00 C 20260821 -1.00 -1.00 2 84 0.2237 0.9446 0.003002
713.00 C 20260821 -1.00 -1.00 1 110 0.2128 0.9491 0.002933
714.00 C 20260821 -1.00 -1.00 2 12 0.2287 0.9348 0.003354
715.00 C 20260821 -1.00 -1.00 11 1576 0.2221 0.9371 0.003368
716.00 C 20260821 -1.00 -1.00 2 89 0.2195 0.9352 0.003481
717.00 C 20260821 -1.00 -1.00 1 15 0.2141 0.9362 0.003529
718.00 C 20260821 -1.00 -1.00 1 23 0.2154 0.9300 0.003746
719.00 C 20260821 -1.00 -1.00 4 37 0.2151 0.9253 0.003927
720.00 C 20260821 -1.00 -1.00 128 5078 0.2106 0.9253 0.004013
721.00 C 20260821 -1.00 -1.00 2 44 0.2087 0.9223 0.004166
722.00 C 20260821 -1.00 -1.00 36 144 0.1939 0.9341 0.003985
723.00 C 20260821 -1.00 -1.00 7 54 0.2032 0.9182 0.004448
724.00 C 20260821 -1.00 -1.00 10 118 0.1904 0.9275 0.004342
725.00 C 20260821 -1.00 -1.00 105 3261 0.1750 0.9403 0.004098
726.00 C 20260821 -1.00 -1.00 1 1817 0.1844 0.9238 0.004650
727.00 C 20260821 -1.00 -1.00 7 264 0.1823 0.9208 0.004840
728.00 C 20260821 -1.00 -1.00 5 134 0.1803 0.9175 0.005043
729.00 C 20260821 -1.00 -1.00 5 202 0.1785 0.9140 0.005258
730.00 C 20260821 -1.00 -1.00 53 20382 0.1884 0.8969 0.005723
731.00 C 20260821 -1.00 -1.00 13 194 0.1751 0.9064 0.005715
732.00 C 20260821 -1.00 -1.00 38 316 0.1731 0.9028 0.005950
733.00 C 20260821 -1.00 -1.00 1 278 0.1717 0.8985 0.006205
734.00 C 20260821 -1.00 -1.00 6 1122 0.1820 0.8813 0.006632
735.00 C 20260821 -1.00 -1.00 68 11710 0.1808 0.8763 0.006884
736.00 C 20260821 -1.00 -1.00 26 799 0.1684 0.8842 0.007029
737.00 C 20260821 -1.00 -1.00 5 2282 0.1809 0.8587 0.007455
738.00 C 20260821 -1.00 -1.00 7 2389 0.1697 0.8666 0.007670
739.00 C 20260821 -1.00 -1.00 8 1568 0.1806 0.8419 0.008023
740.00 C 20260821 -1.00 -1.00 406 9528 0.1685 0.8500 0.008311
741.00 C 20260821 -1.00 -1.00 28 5269 0.1665 0.8437 0.008637
742.00 C 20260821 -1.00 -1.00 139 2103 0.1633 0.8391 0.008979
743.00 C 20260821 -1.00 -1.00 5 2600 0.1489 0.8518 0.009333
744.00 C 20260821 -1.00 -1.00 64 5340 0.1596 0.8251 0.009706
745.00 C 20260821 -1.00 -1.00 862 13269 0.1597 0.8153 0.010069
746.00 C 20260821 -1.00 -1.00 46 2752 0.1588 0.8068 0.010447
747.00 C 20260821 -1.00 -1.00 380 2587 0.1435 0.8183 0.011082
748.00 C 20260821 -1.00 -1.00 22 4182 0.1429 0.8085 0.011543
749.00 C 20260821 -1.00 -1.00 162 3704 0.1420 0.7989 0.012016
750.00 C 20260821 -1.00 -1.00 1081 29367 0.1523 0.7712 0.012054
751.00 C 20260821 -1.00 -1.00 64 4463 0.1602 0.7470 0.012027
752.00 C 20260821 -1.00 -1.00 110 7126 0.1482 0.7503 0.012917
753.00 C 20260821 -1.00 -1.00 55 3219 0.1463 0.7391 0.013368
754.00 C 20260821 -1.00 -1.00 204 5160 0.1450 0.7270 0.013804
755.00 C 20260821 -1.00 -1.00 2931 11940 0.1437 0.7145 0.014248
756.00 C 20260821 -1.00 -1.00 317 13397 0.1415 0.7029 0.014777
757.00 C 20260821 -1.00 -1.00 788 5383 0.1415 0.6885 0.015155
758.00 C 20260821 -1.00 -1.00 659 3349 0.1414 0.6742 0.015542
759.00 C 20260821 -1.00 -1.00 138 3052 0.1400 0.6605 0.015993
760.00 C 20260821 -1.00 -1.00 3313 20434 0.1379 0.6457 0.016396
761.00 C 20260821 -1.00 -1.00 198 2552 0.1370 0.6294 0.016669
762.00 C 20260821 -1.00 -1.00 711 4002 0.1354 0.6135 0.017046
763.00 C 20260821 -1.00 -1.00 608 3751 0.1340 0.5970 0.017408
764.00 C 20260821 -1.00 -1.00 416 2983 0.1325 0.5802 0.017790
765.00 C 20260821 -1.00 -1.00 3228 12758 0.1321 0.5627 0.018043
766.00 C 20260821 -1.00 -1.00 881 3892 0.1320 0.5449 0.018256
767.00 C 20260821 -1.00 -1.00 2572 4633 0.1318 0.5272 0.018481
768.00 C 20260821 -1.00 -1.00 622 2929 0.1302 0.5092 0.018665
769.00 C 20260821 -1.00 -1.00 589 3521 0.1287 0.4907 0.018773
770.00 C 20260821 -1.00 -1.00 14775 23333 0.1279 0.4720 0.018782
771.00 C 20260821 -1.00 -1.00 1376 5538 0.1268 0.4530 0.018822
772.00 C 20260821 -1.00 -1.00 1063 4108 0.1267 0.4342 0.018720
773.00 C 20260821 -1.00 -1.00 4478 5406 0.1270 0.4156 0.018574
774.00 C 20260821 -1.00 -1.00 674 3320 0.1264 0.3964 0.018545
775.00 C 20260821 -1.00 -1.00 9766 82982 0.1272 0.3786 0.018307
776.00 C 20260821 -1.00 -1.00 2751 4592 0.1260 0.3606 0.018075
777.00 C 20260821 -1.00 -1.00 1320 4525 0.1246 0.3422 0.017828
778.00 C 20260821 -1.00 -1.00 2462 3067 0.1240 0.3245 0.017483
779.00 C 20260821 -1.00 -1.00 415 2323 0.1235 0.3069 0.017114
780.00 C 20260821 -1.00 -1.00 3114 24920 0.1238 0.2902 0.016676
781.00 C 20260821 -1.00 -1.00 268 1415 0.1238 0.2733 0.016255
782.00 C 20260821 -1.00 -1.00 591 1697 0.1246 0.2577 0.015782
783.00 C 20260821 -1.00 -1.00 380 2066 0.1247 0.2427 0.015305
784.00 C 20260821 -1.00 -1.00 1076 1751 0.1239 0.2281 0.014793
785.00 C 20260821 -1.00 -1.00 1594 4062 0.1235 0.2144 0.014244
786.00 C 20260821 -1.00 -1.00 304 3029 0.1232 0.2005 0.013689
787.00 C 20260821 -1.00 -1.00 567 1420 0.1233 0.1875 0.013120
788.00 C 20260821 -1.00 -1.00 550 1478 0.1237 0.1752 0.012551
789.00 C 20260821 -1.00 -1.00 25 902 0.1244 0.1637 0.011988
790.00 C 20260821 -1.00 -1.00 3681 18117 0.1254 0.1528 0.011440
791.00 C 20260821 -1.00 -1.00 102 1137 0.1259 0.1426 0.010908
792.00 C 20260821 -1.00 -1.00 384 1802 0.1253 0.1329 0.010374
793.00 C 20260821 -1.00 -1.00 192 1452 0.1252 0.1239 0.009843
794.00 C 20260821 -1.00 -1.00 323 942 0.1252 0.1152 0.009316
795.00 C 20260821 -1.00 -1.00 405 2570 0.1257 0.1074 0.008811
796.00 C 20260821 -1.00 -1.00 79 1046 0.1262 0.0997 0.008314
797.00 C 20260821 -1.00 -1.00 528 1252 0.1271 0.0926 0.007842
798.00 C 20260821 -1.00 -1.00 264 1298 0.1280 0.0860 0.007392
799.00 C 20260821 -1.00 -1.00 246 980 0.1291 0.0798 0.006965
800.00 C 20260821 -1.00 -1.00 6092 20404 0.1300 0.0743 0.006573
805.00 C 20260821 -1.00 -1.00 4284 10069 0.1317 0.0521 0.004834
810.00 C 20260821 -1.00 -1.00 2848 13620 0.1379 0.0373 0.003559
815.00 C 20260821 -1.00 -1.00 1653 2500 0.1420 0.0277 0.002679
820.00 C 20260821 -1.00 -1.00 1093 10662 0.1476 0.0210 0.002030
825.00 C 20260821 -1.00 -1.00 384 20069 0.1552 0.0164 0.001576
830.00 C 20260821 -1.00 -1.00 825 12989 0.1625 0.0131 0.001247
835.00 C 20260821 -1.00 -1.00 548 2381 0.1666 0.0104 0.000981
840.00 C 20260821 -1.00 -1.00 406 5221 0.1732 0.0086 0.000798
845.00 C 20260821 -1.00 -1.00 260 5495 0.1796 0.0070 0.000639
850.00 C 20260821 -1.00 -1.00 2069 11990 0.1860 0.0054 0.000500
855.00 C 20260821 -1.00 -1.00 518 1796 0.1921 0.0044 0.000404
676.00 P 20260821 -1.00 -1.00 14 2590 0.2702 -0.0125 0.000718
677.00 P 20260821 -1.00 -1.00 1832 3985 0.2673 -0.0126 0.000732
678.00 P 20260821 -1.00 -1.00 2 2250 0.2651 -0.0130 0.000755
679.00 P 20260821 -1.00 -1.00 17 1621 0.2630 -0.0134 0.000779
680.00 P 20260821 -1.00 -1.00 244 20574 0.2601 -0.0135 0.000794
681.00 P 20260821 -1.00 -1.00 41 2539 0.2586 -0.0141 0.000829
682.00 P 20260821 -1.00 -1.00 1504 3990 0.2558 -0.0143 0.000845
683.00 P 20260821 -1.00 -1.00 20 1902 0.2543 -0.0149 0.000882
684.00 P 20260821 -1.00 -1.00 512 2765 0.2521 -0.0153 0.000910
685.00 P 20260821 -1.00 -1.00 190 17516 0.2500 -0.0157 0.000938
686.00 P 20260821 -1.00 -1.00 6 2786 0.2485 -0.0164 0.000978
687.00 P 20260821 -1.00 -1.00 22 3642 0.2463 -0.0168 0.001008
688.00 P 20260821 -1.00 -1.00 12 1463 0.2442 -0.0172 0.001039
689.00 P 20260821 -1.00 -1.00 3 2130 0.2427 -0.0179 0.001081
690.00 P 20260821 -1.00 -1.00 746 28120 0.2405 -0.0183 0.001114
691.00 P 20260821 -1.00 -1.00 11 1966 0.2390 -0.0190 0.001159
692.00 P 20260821 -1.00 -1.00 11 1508 0.2369 -0.0195 0.001194
693.00 P 20260821 -1.00 -1.00 7 1635 0.2354 -0.0202 0.001240
694.00 P 20260821 -1.00 -1.00 31 1452 0.2327 -0.0204 0.001267
695.00 P 20260821 -1.00 -1.00 97 33081 0.2318 -0.0214 0.001326
696.00 P 20260821 -1.00 -1.00 26 4258 0.2304 -0.0222 0.001376
697.00 P 20260821 -1.00 -1.00 24 7401 0.2283 -0.0227 0.001417
698.00 P 20260821 -1.00 -1.00 6 1959 0.2268 -0.0234 0.001469
699.00 P 20260821 -1.00 -1.00 23 2024 0.2260 -0.0245 0.001532
700.00 P 20260821 -1.00 -1.00 1423 50905 0.2252 -0.0255 0.001596
701.00 P 20260821 -1.00 -1.00 241 2212 0.2231 -0.0261 0.001643
702.00 P 20260821 -1.00 -1.00 80 12206 0.2216 -0.0269 0.001700
703.00 P 20260821 -1.00 -1.00 185 2484 0.2202 -0.0279 0.001769
704.00 P 20260821 -1.00 -1.00 6 28552 0.2180 -0.0290 0.001839
705.00 P 20260821 -1.00 -1.00 732 22278 0.2155 -0.0299 0.001902
706.00 P 20260821 -1.00 -1.00 47 37864 0.2130 -0.0308 0.001968
707.00 P 20260821 -1.00 -1.00 23 1053 0.2111 -0.0322 0.002054
708.00 P 20260821 -1.00 -1.00 458 28250 0.2086 -0.0331 0.002125
709.00 P 20260821 -1.00 -1.00 39 7572 0.2068 -0.0345 0.002218
710.00 P 20260821 -1.00 -1.00 7556 59818 0.2046 -0.0358 0.002304
711.00 P 20260821 -1.00 -1.00 75 2580 0.2025 -0.0370 0.002393
712.00 P 20260821 -1.00 -1.00 97 17558 0.2007 -0.0386 0.002494
713.00 P 20260821 -1.00 -1.00 147 13986 0.1988 -0.0401 0.002600
714.00 P 20260821 -1.00 -1.00 162 24003 0.1970 -0.0417 0.002708
715.00 P 20260821 -1.00 -1.00 7026 58228 0.1955 -0.0436 0.002829
716.00 P 20260821 -1.00 -1.00 88 10117 0.1937 -0.0452 0.002945
717.00 P 20260821 -1.00 -1.00 101 2928 0.1922 -0.0472 0.003073
718.00 P 20260821 -1.00 -1.00 107 26559 0.1904 -0.0489 0.003196
719.00 P 20260821 -1.00 -1.00 106 2679 0.1893 -0.0511 0.003340
720.00 P 20260821 -1.00 -1.00 6217 70087 0.1878 -0.0531 0.003479
721.00 P 20260821 -1.00 -1.00 70 1576 0.1866 -0.0554 0.003630
722.00 P 20260821 -1.00 -1.00 24519 25138 0.1858 -0.0580 0.003792
723.00 P 20260821 -1.00 -1.00 7877 2871 0.1846 -0.0604 0.003952
724.00 P 20260821 -1.00 -1.00 208 5604 0.1828 -0.0628 0.004117
725.00 P 20260821 -1.00 -1.00 2153 43197 0.1807 -0.0657 0.004299
726.00 P 20260821 -1.00 -1.00 1011 2021 0.1784 -0.0685 0.004481
727.00 P 20260821 -1.00 -1.00 48830 8710 0.1763 -0.0716 0.004678
728.00 P 20260821 -1.00 -1.00 7825 1688 0.1742 -0.0747 0.004883
729.00 P 20260821 -1.00 -1.00 174 3954 0.1723 -0.0782 0.005102
730.00 P 20260821 -1.00 -1.00 15891 58363 0.1706 -0.0820 0.005336
731.00 P 20260821 -1.00 -1.00 134 2656 0.1688 -0.0858 0.005579
732.00 P 20260821 -1.00 -1.00 12473 2859 0.1671 -0.0897 0.005830
733.00 P 20260821 -1.00 -1.00 789 4525 0.1656 -0.0940 0.006095
734.00 P 20260821 -1.00 -1.00 201 2650 0.1642 -0.0985 0.006373
735.00 P 20260821 -1.00 -1.00 1052 58605 0.1631 -0.1034 0.006664
736.00 P 20260821 -1.00 -1.00 302 2172 0.1619 -0.1083 0.006963
737.00 P 20260821 -1.00 -1.00 385 3520 0.1609 -0.1135 0.007274
738.00 P 20260821 -1.00 -1.00 179 3374 0.1603 -0.1193 0.007599
739.00 P 20260821 -1.00 -1.00 540 5957 0.1587 -0.1251 0.007934
740.00 P 20260821 -1.00 -1.00 5626 29331 0.1564 -0.1310 0.008276
741.00 P 20260821 -1.00 -1.00 240 3794 0.1546 -0.1379 0.008640
742.00 P 20260821 -1.00 -1.00 170 4115 0.1526 -0.1446 0.009017
743.00 P 20260821 -1.00 -1.00 120 11165 0.1509 -0.1520 0.009413
744.00 P 20260821 -1.00 -1.00 623 4158 0.1491 -0.1594 0.009824
745.00 P 20260821 -1.00 -1.00 2834 8948 0.1479 -0.1680 0.010248
746.00 P 20260821 -1.00 -1.00 938 6562 0.1463 -0.1759 0.010692
747.00 P 20260821 -1.00 -1.00 569 6153 0.1454 -0.1853 0.011141
748.00 P 20260821 -1.00 -1.00 1120 3521 0.1446 -0.1948 0.011601
749.00 P 20260821 -1.00 -1.00 944 3187 0.1439 -0.2046 0.012072
750.00 P 20260821 -1.00 -1.00 9622 58047 0.1432 -0.2152 0.012551
751.00 P 20260821 -1.00 -1.00 2781 3072 0.1408 -0.2254 0.013038
752.00 P 20260821 -1.00 -1.00 742 2919 0.1390 -0.2371 0.013519
753.00 P 20260821 -1.00 -1.00 428 1905 0.1375 -0.2493 0.014010
754.00 P 20260821 -1.00 -1.00 1233 2625 0.1360 -0.2620 0.014514
755.00 P 20260821 -1.00 -1.00 2859 23669 0.1348 -0.2753 0.015018
756.00 P 20260821 -1.00 -1.00 674 2698 0.1338 -0.2892 0.015521
757.00 P 20260821 -1.00 -1.00 1141 6616 0.1331 -0.3036 0.016023
758.00 P 20260821 -1.00 -1.00 953 3742 0.1326 -0.3186 0.016509
759.00 P 20260821 -1.00 -1.00 761 1292 0.1323 -0.3341 0.016993
760.00 P 20260821 -1.00 -1.00 5195 24195 0.1307 -0.3499 0.017430
761.00 P 20260821 -1.00 -1.00 872 543 0.1290 -0.3664 0.017860
762.00 P 20260821 -1.00 -1.00 791 260 0.1275 -0.3835 0.018277
763.00 P 20260821 -1.00 -1.00 528 263 0.1263 -0.4012 0.018666
764.00 P 20260821 -1.00 -1.00 1782 3517 0.1255 -0.4196 0.019028
765.00 P 20260821 -1.00 -1.00 1529 862 0.1249 -0.4383 0.019357
766.00 P 20260821 -1.00 -1.00 647 4530 0.1246 -0.4574 0.019652
767.00 P 20260821 -1.00 -1.00 528 40 0.1247 -0.4769 0.019886
768.00 P 20260821 -1.00 -1.00 207 233 0.1233 -0.4964 0.020069
769.00 P 20260821 -1.00 -1.00 32 2 0.1214 -0.5163 0.020295
770.00 P 20260821 -1.00 -1.00 161 625 0.1209 -0.5363 0.020269
771.00 P 20260821 -1.00 -1.00 24 41 0.1201 -0.5568 0.020302
772.00 P 20260821 -1.00 -1.00 9 285 0.1197 -0.5773 0.020275
773.00 P 20260821 -1.00 -1.00 341 196 0.1197 -0.5978 0.020192
774.00 P 20260821 -1.00 -1.00 701 492 0.1199 -0.6182 0.020056
775.00 P 20260821 -1.00 -1.00 254 873 0.1194 -0.6382 0.019864
776.00 P 20260821 -1.00 -1.00 213 98 0.1185 -0.6575 0.019568
777.00 P 20260821 -1.00 -1.00 9 514 0.1176 -0.6769 0.019256
778.00 P 20260821 -1.00 -1.00 2 253 0.1174 -0.6959 0.018865
779.00 P 20260821 -1.00 -1.00 113 298 0.1172 -0.7149 0.018469
780.00 P 20260821 -1.00 -1.00 16 901 0.1268 -0.7151 0.016970
781.00 P 20260821 -1.00 -1.00 76 289 0.1179 -0.7510 0.017516
782.00 P 20260821 -1.00 -1.00 4 214 0.1289 -0.7455 0.016030
783.00 P 20260821 -1.00 -1.00 4 341 0.1303 -0.7595 0.015532
784.00 P 20260821 -1.00 -1.00 250 189 0.1300 -0.7741 0.015087
785.00 P 20260821 -1.00 -1.00 299 251 0.1167 -0.8149 0.015308
786.00 P 20260821 -1.00 -1.00 140 12 0.1304 -0.7992 0.014104
787.00 P 20260821 -1.00 -1.00 177 1 0.1310 -0.8110 0.013599
788.00 P 20260821 -1.00 -1.00 124 0 0.1315 -0.8229 0.013094
789.00 P 20260821 -1.00 -1.00 248 0 0.1216 -0.8609 0.012844
790.00 P 20260821 -1.00 -1.00 338 0 0.1218 -0.8738 0.012237
791.00 P 20260821 -1.00 -1.00 56 0 0.1224 -0.8823 0.011684
792.00 P 20260821 -1.00 -1.00 8 0 0.1210 -0.8953 0.011193
793.00 P 20260821 -1.00 -1.00 10 0 0.1205 -0.9065 0.010678
794.00 P 20260821 -1.00 -1.00 84 0 0.1206 -0.9162 0.010120
795.00 P 20260821 -1.00 -1.00 12 0 0.1230 -0.9204 0.009633
796.00 P 20260821 -1.00 -1.00 6 0 0.1239 -0.9280 0.009066
797.00 P 20260821 -1.00 -1.00 4 0 0.1250 -0.9350 0.008602
798.00 P 20260821 -1.00 -1.00 8 0 0.1253 -0.9443 0.008202
799.00 P 20260821 -1.00 -1.00 4 0 0.1283 -0.9462 0.007854
800.00 P 20260821 -1.00 -1.00 40 35 0.1310 -0.9479 0.007534
805.00 P 20260821 -1.00 -1.00 6 0 0.1355 -0.9673 0.005758
810.00 P 20260821 -1.00 -1.00 6 0 0.1492 -0.9700 0.004831
815.00 P 20260821 -1.00 -1.00 6 0 0.1498 -0.9918 0.002613
820.00 P 20260821 -1.00 -1.00 2 0 0.1707 -0.9831 0.003148
825.00 P 20260821 -1.00 -1.00 2 0 0.1856 -0.9818 0.002874
830.00 P 20260821 -1.00 -1.00 5 0 0.1942 -0.9868 0.002369
835.00 P 20260821 -1.00 -1.00 -1 0 0.2098 -0.9846 0.002253
840.00 P 20260821 -1.00 -1.00 1 0 0.2204 -0.9860 0.002017
845.00 P 20260821 -1.00 -1.00 -1 0 0.2267 -0.9900 0.001688
850.00 P 20260821 -1.00 -1.00 10 0 0.2306 -0.9943 0.001167
855.00 P 20260821 -1.00 -1.00 2 0 0.2493 -0.9908 0.001420
630.00 C 20260804 -1.00 -1.00 7 7 -1.0000 -1.0000 -1.000000
635.00 C 20260804 -1.00 -1.00 -1 0 -1.0000 -1.0000 -1.000000
640.00 C 20260804 -1.00 -1.00 15 15 -1.0000 -1.0000 -1.000000
645.00 C 20260804 -1.00 -1.00 -1 0 -1.0000 -1.0000 -1.000000
650.00 C 20260804 -1.00 -1.00 -1 0 -1.0000 -1.0000 -1.000000
655.00 C 20260804 -1.00 -1.00 -1 0 -1.0000 -1.0000 -1.000000
660.00 C 20260804 -1.00 -1.00 9 10 -1.0000 -1.0000 -1.000000
665.00 C 20260804 -1.00 -1.00 -1 0 -1.0000 -1.0000 -1.000000
670.00 C 20260804 -1.00 -1.00 1 1 -1.0000 -1.0000 -1.000000
675.00 C 20260804 -1.00 -1.00 -1 0 -1.0000 -1.0000 -1.000000
630.00 P 20260804 -1.00 -1.00 1 166 2.1629 -0.0010 0.000065
635.00 P 20260804 -1.00 -1.00 30 57 2.0865 -0.0010 0.000070
640.00 P 20260804 -1.00 -1.00 151 150 2.0037 -0.0011 0.000075
645.00 P 20260804 -1.00 -1.00 86 188 1.9211 -0.0011 0.000081
650.00 P 20260804 -1.00 -1.00 40 5608 1.8391 -0.0012 0.000088
655.00 P 20260804 -1.00 -1.00 7 249 1.7578 -0.0012 0.000095
660.00 P 20260804 -1.00 -1.00 1 134 1.6771 -0.0013 0.000104
665.00 P 20260804 -1.00 -1.00 1 72 1.5970 -0.0013 0.000113
670.00 P 20260804 -1.00 -1.00 23 1064 1.5175 -0.0014 0.000124
675.00 P 20260804 -1.00 -1.00 63 7527 1.4386 -0.0015 0.000137
630.00 C 20260805 -1.00 -1.00 7 7 -1.0000 -1.0000 -1.000000
635.00 C 20260805 -1.00 -1.00 -1 0 -1.0000 -1.0000 -1.000000
640.00 C 20260805 -1.00 -1.00 -1 0 -1.0000 -1.0000 -1.000000
645.00 C 20260805 -1.00 -1.00 -1 0 -1.0000 -1.0000 -1.000000
650.00 C 20260805 -1.00 -1.00 -1 0 -1.0000 -1.0000 -1.000000
655.00 C 20260805 -1.00 -1.00 -1 0 -1.0000 -1.0000 -1.000000
660.00 C 20260805 -1.00 -1.00 10 6 -1.0000 -1.0000 -1.000000
665.00 C 20260805 -1.00 -1.00 1 0 -1.0000 -1.0000 -1.000000
670.00 C 20260805 -1.00 -1.00 1 5 -1.0000 -1.0000 -1.000000
675.00 C 20260805 -1.00 -1.00 -1 0 -1.0000 -1.0000 -1.000000
630.00 P 20260805 -1.00 -1.00 74 147 1.1035 -0.0010 0.000065
635.00 P 20260805 -1.00 -1.00 55 246 1.0644 -0.0010 0.000070
640.00 P 20260805 -1.00 -1.00 1 1 1.0219 -0.0011 0.000075
645.00 P 20260805 -1.00 -1.00 21 28 0.9798 -0.0011 0.000081
650.00 P 20260805 -1.00 -1.00 1 43 0.9380 -0.0012 0.000088
655.00 P 20260805 -1.00 -1.00 108 109 0.8966 -0.0012 0.000095
660.00 P 20260805 -1.00 -1.00 22 106 0.8554 -0.0013 0.000104
665.00 P 20260805 -1.00 -1.00 77 251 0.8146 -0.0013 0.000113
670.00 P 20260805 -1.00 -1.00 67 828 0.7741 -0.0014 0.000124
675.00 P 20260805 -1.00 -1.00 2 2278 0.7338 -0.0015 0.000137
630.00 C 20260806 -1.00 -1.00 1 1 0.0004 0.9999 0.000000
635.00 C 20260806 -1.00 -1.00 -1 0 -1.0000 -1.0000 -1.000000
640.00 C 20260806 -1.00 -1.00 -1 0 0.0004 0.9999 0.000000
645.00 C 20260806 -1.00 -1.00 -1 0 -1.0000 -1.0000 -1.000000
650.00 C 20260806 -1.00 -1.00 -1 0 -1.0000 -1.0000 -1.000000
655.00 C 20260806 -1.00 -1.00 -1 0 -1.0000 -1.0000 -1.000000
660.00 C 20260806 -1.00 -1.00 -1 0 0.0004 0.9999 -0.000000
665.00 C 20260806 -1.00 -1.00 -1 0 -1.0000 -1.0000 -1.000000
670.00 C 20260806 -1.00 -1.00 -1 0 0.0004 0.9999 -0.000000
675.00 C 20260806 -1.00 -1.00 4 0 -1.0000 -1.0000 -1.000000
630.00 P 20260806 -1.00 -1.00 1546 1560 0.8370 -0.0010 0.000065
635.00 P 20260806 -1.00 -1.00 8045 8108 0.8071 -0.0010 0.000070
640.00 P 20260806 -1.00 -1.00 2684 2724 0.7749 -0.0011 0.000075
645.00 P 20260806 -1.00 -1.00 11 64 0.7430 -0.0011 0.000081
650.00 P 20260806 -1.00 -1.00 52 112 0.7113 -0.0012 0.000088
655.00 P 20260806 -1.00 -1.00 6 3 0.6799 -0.0012 0.000095
660.00 P 20260806 -1.00 -1.00 6 34 0.6487 -0.0013 0.000104
665.00 P 20260806 -1.00 -1.00 48 203 0.6177 -0.0013 0.000113
670.00 P 20260806 -1.00 -1.00 56 165 0.5870 -0.0014 0.000124
675.00 P 20260806 -1.00 -1.00 37 1310 0.5565 -0.0015 0.000137
630.00 C 20260807 -1.00 -1.00 2 5 0.0005 0.9999 0.000000
635.00 C 20260807 -1.00 -1.00 1 1 0.6062 0.9996 0.000025
640.00 C 20260807 -1.00 -1.00 16 17 0.0005 0.9999 -0.000000
645.00 C 20260807 -1.00 -1.00 21 23 0.4896 0.9999 0.000005
650.00 C 20260807 -1.00 -1.00 1 32 0.0005 0.9999 0.000000
655.00 C 20260807 -1.00 -1.00 3 5 0.0005 0.9999 0.000000
660.00 C 20260807 -1.00 -1.00 1 4 0.5276 0.9990 0.000080
665.00 C 20260807 -1.00 -1.00 4 11 0.5151 0.9987 0.000106
670.00 C 20260807 -1.00 -1.00 1 12 0.5694 0.9948 0.000352
675.00 C 20260807 -1.00 -1.00 3 24 0.0005 0.9999 -0.000000
630.00 P 20260807 -1.00 -1.00 19 1168 0.7015 -0.0010 0.000065
635.00 P 20260807 -1.00 -1.00 865 2056 0.6761 -0.0010 0.000070
640.00 P 20260807 -1.00 -1.00 644 1926 0.6492 -0.0011 0.000075
645.00 P 20260807 -1.00 -1.00 30 504 0.6224 -0.0011 0.000081
650.00 P 20260807 -1.00 -1.00 221 3928 0.5959 -0.0012 0.000088
655.00 P 20260807 -1.00 -1.00 5 899 0.5696 -0.0012 0.000095
660.00 P 20260807 -1.00 -1.00 81 3284 0.5435 -0.0013 0.000103
665.00 P 20260807 -1.00 -1.00 29 3954 0.5176 -0.0013 0.000113
670.00 P 20260807 -1.00 -1.00 46 2323 0.4918 -0.0014 0.000124
675.00 P 20260807 -1.00 -1.00 550 9983 0.4848 -0.0023 0.000196
630.00 C 20260810 -1.00 -1.00 -1 0 0.0006 0.9998 0.000000
635.00 C 20260810 -1.00 -1.00 -1 0 0.0006 0.9998 -0.000000
640.00 C 20260810 -1.00 -1.00 -1 0 0.0006 0.9998 -0.000000
645.00 C 20260810 -1.00 -1.00 -1 0 0.0006 0.9998 -0.000000
650.00 C 20260810 -1.00 -1.00 -1 0 0.0006 0.9998 0.000000
655.00 C 20260810 -1.00 -1.00 -1 0 0.0006 0.9998 -0.000000
660.00 C 20260810 -1.00 -1.00 -1 0 0.0006 0.9998 -0.000000
665.00 C 20260810 -1.00 -1.00 -1 0 0.3478 0.9992 0.000059
670.00 C 20260810 -1.00 -1.00 -1 0 0.0006 0.9998 0.000000
675.00 C 20260810 -1.00 -1.00 -1 0 0.0006 0.9998 -0.000000
630.00 P 20260810 -1.00 -1.00 94 46 0.5103 -0.0010 0.000065
635.00 P 20260810 -1.00 -1.00 2 1 0.4914 -0.0010 0.000070
640.00 P 20260810 -1.00 -1.00 2 182 0.4718 -0.0011 0.000075
645.00 P 20260810 -1.00 -1.00 1 179 0.4524 -0.0011 0.000081
650.00 P 20260810 -1.00 -1.00 1 72 0.4331 -0.0012 0.000088
655.00 P 20260810 -1.00 -1.00 50 207 0.4140 -0.0012 0.000095
660.00 P 20260810 -1.00 -1.00 575 214 0.3951 -0.0013 0.000103
665.00 P 20260810 -1.00 -1.00 40 169 0.3762 -0.0013 0.000113
670.00 P 20260810 -1.00 -1.00 31 88 0.3712 -0.0021 0.000177
675.00 P 20260810 -1.00 -1.00 2 186 0.3527 -0.0023 0.000195
630.00 C 20260811 -1.00 -1.00 -1 0 0.4895 0.9982 0.000095
635.00 C 20260811 -1.00 -1.00 -1 0 0.3973 0.9996 0.000017
640.00 C 20260811 -1.00 -1.00 -1 0 0.0007 0.9998 -0.000000
645.00 C 20260811 -1.00 -1.00 -1 0 0.3823 0.9994 0.000036
650.00 C 20260811 -1.00 -1.00 -1 0 0.0007 0.9998 -0.000000
655.00 C 20260811 -1.00 -1.00 -1 0 0.4268 0.9966 0.000210
660.00 C 20260811 -1.00 -1.00 -1 0 0.3512 0.9990 0.000072
665.00 C 20260811 -1.00 -1.00 -1 0 0.0007 0.9998 -0.000000
670.00 C 20260811 -1.00 -1.00 -1 0 0.3345 0.9983 0.000133
675.00 C 20260811 -1.00 -1.00 -1 0 0.3545 0.9959 0.000298
630.00 P 20260811 -1.00 -1.00 170 186 0.4746 -0.0010 0.000065
635.00 P 20260811 -1.00 -1.00 100 243 0.4568 -0.0010 0.000070
640.00 P 20260811 -1.00 -1.00 35 187 0.4386 -0.0011 0.000075
645.00 P 20260811 -1.00 -1.00 2 21 0.4335 -0.0017 0.000116
650.00 P 20260811 -1.00 -1.00 1 498 0.4156 -0.0018 0.000125
655.00 P 20260811 -1.00 -1.00 5 107 0.3978 -0.0019 0.000136
660.00 P 20260811 -1.00 -1.00 166 181 0.3801 -0.0020 0.000148
665.00 P 20260811 -1.00 -1.00 26 48 0.3626 -0.0020 0.000162
670.00 P 20260811 -1.00 -1.00 5 9 0.3579 -0.0029 0.000223
675.00 P 20260811 -1.00 -1.00 8 189 0.3407 -0.0030 0.000245
630.00 C 20260812 -1.00 -1.00 -1 0 0.0007 0.9998 -0.000000
635.00 C 20260812 -1.00 -1.00 -1 0 0.4647 0.9972 0.000149
640.00 C 20260812 -1.00 -1.00 -1 0 0.4485 0.9970 0.000162
645.00 C 20260812 -1.00 -1.00 -1 0 0.4385 0.9966 0.000188
650.00 C 20260812 -1.00 -1.00 -1 0 0.4226 0.9965 0.000205
655.00 C 20260812 -1.00 -1.00 -1 0 0.4410 0.9926 0.000389
660.00 C 20260812 -1.00 -1.00 -1 0 0.3922 0.9958 0.000259
665.00 C 20260812 -1.00 -1.00 3 4 0.3894 0.9936 0.000381
670.00 C 20260812 -1.00 -1.00 -1 0 0.3822 0.9920 0.000482
675.00 C 20260812 -1.00 -1.00 -1 0 0.3384 0.9951 0.000347
630.00 P 20260812 -1.00 -1.00 165 125 0.4581 -0.0015 0.000093
635.00 P 20260812 -1.00 -1.00 10 11 0.4409 -0.0016 0.000100
640.00 P 20260812 -1.00 -1.00 17 17 0.4238 -0.0017 0.000107
645.00 P 20260812 -1.00 -1.00 2 2 0.4068 -0.0017 0.000116
650.00 P 20260812 -1.00 -1.00 12 13 0.4021 -0.0024 0.000158
655.00 P 20260812 -1.00 -1.00 7 1 0.3854 -0.0025 0.000171
660.00 P 20260812 -1.00 -1.00 12 12 0.3688 -0.0026 0.000186
665.00 P 20260812 -1.00 -1.00 1 11 0.3523 -0.0027 0.000203
670.00 P 20260812 -1.00 -1.00 85 198 0.3480 -0.0035 0.000262
675.00 P 20260812 -1.00 -1.00 11 40 0.3314 -0.0037 0.000287
630.00 C 20260813 -1.00 -1.00 -1 0 0.4919 0.9952 0.000219
635.00 C 20260813 -1.00 -1.00 -1 0 0.4738 0.9950 0.000235
640.00 C 20260813 -1.00 -1.00 -1 0 0.4787 0.9925 0.000338
645.00 C 20260813 -1.00 -1.00 -1 0 0.4400 0.9944 0.000281
650.00 C 20260813 -1.00 -1.00 -1 0 0.4347 0.9928 0.000359
655.00 C 20260813 -1.00 -1.00 -1 0 0.4067 0.9937 0.000340
660.00 C 20260813 -1.00 -1.00 -1 0 0.3851 0.9939 0.000347
665.00 C 20260813 -1.00 -1.00 3 3 0.3760 0.9926 0.000426
670.00 C 20260813 -1.00 -1.00 -1 0 0.3588 0.9923 0.000466
675.00 C 20260813 -1.00 -1.00 -1 0 0.3560 0.9900 0.000598
630.00 P 20260813 -1.00 -1.00 60 60 0.4330 -0.0015 0.000093
635.00 P 20260813 -1.00 -1.00 -1 0 0.4168 -0.0016 0.000100
640.00 P 20260813 -1.00 -1.00 55 35 0.4121 -0.0022 0.000136
645.00 P 20260813 -1.00 -1.00 -1 0 0.3961 -0.0023 0.000146
650.00 P 20260813 -1.00 -1.00 -1 0 0.3802 -0.0024 0.000158
655.00 P 20260813 -1.00 -1.00 -1 0 0.3644 -0.0025 0.000171
660.00 P 20260813 -1.00 -1.00 1 1 0.3601 -0.0032 0.000220
665.00 P 20260813 -1.00 -1.00 2 7 0.3445 -0.0034 0.000239
670.00 P 20260813 -1.00 -1.00 36 52 0.3291 -0.0035 0.000262
675.00 P 20260813 -1.00 -1.00 21 41 0.3174 -0.0043 0.000325
630.00 C 20260814 -1.00 -1.00 20 20 0.5361 0.9889 0.000417
635.00 C 20260814 -1.00 -1.00 10 10 0.5247 0.9869 0.000487
640.00 C 20260814 -1.00 -1.00 2 2 0.5042 0.9867 0.000516
645.00 C 20260814 -1.00 -1.00 1 0 0.4897 0.9852 0.000580
650.00 C 20260814 -1.00 -1.00 2 3 0.4678 0.9852 0.000608
655.00 C 20260814 -1.00 -1.00 18 18 0.4477 0.9848 0.000650
660.00 C 20260814 -1.00 -1.00 2 8 0.4261 0.9848 0.000684
665.00 C 20260814 -1.00 -1.00 1 3 0.4130 0.9828 0.000784
670.00 C 20260814 -1.00 -1.00 4 7 0.3901 0.9831 0.000819
675.00 C 20260814 -1.00 -1.00 1 5 0.3731 0.9819 0.000908
630.00 P 20260814 -1.00 -1.00 104 1859 0.4228 -0.0021 0.000118
635.00 P 20260814 -1.00 -1.00 1966 1719 0.4072 -0.0021 0.000126
640.00 P 20260814 -1.00 -1.00 14 530 0.3919 -0.0022 0.000136
645.00 P 20260814 -1.00 -1.00 12 2652 0.3876 -0.0028 0.000173
650.00 P 20260814 -1.00 -1.00 158 1538 0.3724 -0.0030 0.000187
655.00 P 20260814 -1.00 -1.00 9 557 0.3574 -0.0031 0.000202
660.00 P 20260814 -1.00 -1.00 25 2545 0.3510 -0.0038 0.000249
665.00 P 20260814 -1.00 -1.00 3 1448 0.3345 -0.0039 0.000271
670.00 P 20260814 -1.00 -1.00 32 2217 0.3220 -0.0047 0.000329
675.00 P 20260814 -1.00 -1.00 83 1875 0.3057 -0.0050 0.000361
630.00 C 20260817 -1.00 -1.00 -1 0 0.4619 0.9900 0.000385
635.00 C 20260817 -1.00 -1.00 -1 0 0.4458 0.9897 0.000409
640.00 C 20260817 -1.00 -1.00 -1 0 0.4353 0.9886 0.000460
645.00 C 20260817 -1.00 -1.00 -1 0 0.4164 0.9886 0.000481
650.00 C 20260817 -1.00 -1.00 -1 0 0.4066 0.9864 0.000569
655.00 C 20260817 -1.00 -1.00 -1 0 0.3533 0.9919 0.000407
660.00 C 20260817 -1.00 -1.00 -1 0 0.3784 0.9840 0.000705
665.00 C 20260817 -1.00 -1.00 -1 0 0.3158 0.9924 0.000429
670.00 C 20260817 -1.00 -1.00 -1 0 0.3389 0.9844 0.000770
675.00 C 20260817 -1.00 -1.00 2 0 0.3252 0.9829 0.000869
630.00 P 20260817 -1.00 -1.00 -1 0 0.3824 -0.0025 0.000139
635.00 P 20260817 -1.00 -1.00 1 0 0.3687 -0.0026 0.000150
640.00 P 20260817 -1.00 -1.00 -1 0 0.3600 -0.0030 0.000172
645.00 P 20260817 -1.00 -1.00 -1 0 0.3514 -0.0034 0.000197
650.00 P 20260817 -1.00 -1.00 74 0 0.3381 -0.0035 0.000212
655.00 P 20260817 -1.00 -1.00 -1 0 0.3275 -0.0042 0.000254
660.00 P 20260817 -1.00 -1.00 -1 0 0.3128 -0.0043 0.000276
665.00 P 20260817 -1.00 -1.00 142 141 0.3017 -0.0051 0.000329
670.00 P 20260817 -1.00 -1.00 -1 0 0.2908 -0.0059 0.000388
675.00 P 20260817 -1.00 -1.00 -1 0 0.2764 -0.0062 0.000426
630.00 C 20260821 -1.00 -1.00 1 494 0.4077 0.9897 0.000389
635.00 C 20260821 -1.00 -1.00 4 99 0.4220 0.9832 0.000575
640.00 C 20260821 -1.00 -1.00 7 2590 0.3804 0.9889 0.000446
645.00 C 20260821 -1.00 -1.00 5 238 0.3662 0.9883 0.000484
650.00 C 20260821 -1.00 -1.00 3 798 0.3542 0.9871 0.000544
651.00 C 20260821 -1.00 -1.00 2 15 0.3943 0.9765 0.000832
652.00 C 20260821 -1.00 -1.00 1 14 0.3918 0.9762 0.000846
653.00 C 20260821 -1.00 -1.00 1 3 0.3879 0.9763 0.000854
654.00 C 20260821 -1.00 -1.00 13 13 0.3860 0.9758 0.000872
655.00 C 20260821 -1.00 -1.00 1 337 0.3389 0.9868 0.000581
656.00 C 20260821 -1.00 -1.00 2 12 0.3809 0.9753 0.000902
657.00 C 20260821 -1.00 -1.00 1 36 0.3575 0.9800 0.000793
658.00 C 20260821 -1.00 -1.00 2 36 0.3641 0.9775 0.000867
659.00 C 20260821 -1.00 -1.00 1 17 0.3714 0.9749 0.000938
660.00 C 20260821 -1.00 -1.00 196 622 0.3800 0.9717 0.001019
661.00 C 20260821 -1.00 -1.00 3 7 0.3226 0.9858 0.000650
662.00 C 20260821 -1.00 -1.00 1 29 0.3475 0.9780 0.000889
663.00 C 20260821 -1.00 -1.00 2 3 0.3626 0.9734 0.001013
664.00 C 20260821 -1.00 -1.00 1 2 0.3607 0.9730 0.001034
665.00 C 20260821 -1.00 -1.00 4 1667 0.3224 0.9819 0.000803
666.00 C 20260821 -1.00 -1.00 1 64 0.3592 0.9707 0.001108
667.00 C 20260821 -1.00 -1.00 1 2 0.3344 0.9767 0.000973
668.00 C 20260821 -1.00 -1.00 2 9 0.3494 0.9717 0.001109
669.00 C 20260821 -1.00 -1.00 1 3 0.3424 0.9728 0.001095
670.00 C 20260821 -1.00 -1.00 4 1749 0.3628 0.9621 0.001347
671.00 C 20260821 -1.00 -1.00 1 4 0.3232 0.9758 0.001041
672.00 C 20260821 -1.00 -1.00 3 6 0.3318 0.9726 0.001137
673.00 C 20260821 -1.00 -1.00 2 35 0.3357 0.9691 0.001237
674.00 C 20260821 -1.00 -1.00 5 44 0.3294 0.9703 0.001221
675.00 C 20260821 -1.00 -1.00 8 4775 0.3273 0.9695 0.001256
630.00 P 20260821 -1.00 -1.00 32 108995 0.3613 -0.0045 0.000216
635.00 P 20260821 -1.00 -1.00 128 15680 0.3495 -0.0049 0.000240
640.00 P 20260821 -1.00 -1.00 175 8457 0.3393 -0.0055 0.000274
645.00 P 20260821 -1.00 -1.00 9 4403 0.3292 -0.0061 0.000312
650.00 P 20260821 -1.00 -1.00 254 24073 0.3192 -0.0068 0.000354
651.00 P 20260821 -1.00 -1.00 28 1033 0.3166 -0.0069 0.000359
652.00 P 20260821 -1.00 -1.00 1 3761 0.3140 -0.0069 0.000365
653.00 P 20260821 -1.00 -1.00 1 754 0.3129 -0.0072 0.000379
654.00 P 20260821 -1.00 -1.00 10 449 0.3119 -0.0075 0.000394
655.00 P 20260821 -1.00 -1.00 2 10289 0.3093 -0.0075 0.000400
656.00 P 20260821 -1.00 -1.00 85 1365 0.3067 -0.0076 0.000407
657.00 P 20260821 -1.00 -1.00 13 4056 0.3041 -0.0077 0.000413
658.00 P 20260821 -1.00 -1.00 14 555 0.3046 -0.0082 0.000438
659.00 P 20260821 -1.00 -1.00 5 900 0.3020 -0.0082 0.000445
660.00 P 20260821 -1.00 -1.00 79 10208 0.2995 -0.0083 0.000452
661.00 P 20260821 -1.00 -1.00 2 684 0.2969 -0.0084 0.000460
662.00 P 20260821 -1.00 -1.00 33 1185 0.2974 -0.0089 0.000486
663.00 P 20260821 -1.00 -1.00 2 842 0.2948 -0.0090 0.000494
664.00 P 20260821 -1.00 -1.00 22 1503 0.2923 -0.0091 0.000502
665.00 P 20260821 -1.00 -1.00 81 5024 0.2928 -0.0096 0.000528
666.00 P 20260821 -1.00 -1.00 1 790 0.2902 -0.0097 0.000537
667.00 P 20260821 -1.00 -1.00 2 914 0.2877 -0.0098 0.000546
668.00 P 20260821 -1.00 -1.00 10 742 0.2882 -0.0103 0.000574
669.00 P 20260821 -1.00 -1.00 9 735 0.2857 -0.0104 0.000583
670.00 P 20260821 -1.00 -1.00 102 8176 0.2831 -0.0105 0.000594
671.00 P 20260821 -1.00 -1.00 8 839 0.2819 -0.0111 0.000622
672.00 P 20260821 -1.00 -1.00 2 2035 0.2790 -0.0111 0.000633
673.00 P 20260821 -1.00 -1.00 7 995 0.2768 -0.0115 0.000654
674.00 P 20260821 -1.00 -1.00 69 1894 0.2746 -0.0118 0.000674
675.00 P 20260821 -1.00 -1.00 105 22630 0.2717 -0.0119 0.000687
860.00 C 20260804 -1.00 -1.00 -1 0 1.2809 0.0017 0.000173
865.00 C 20260804 -1.00 -1.00 -1 0 1.3420 0.0016 0.000159
870.00 C 20260804 -1.00 -1.00 -1 0 1.4027 0.0015 0.000147
875.00 C 20260804 -1.00 -1.00 -1 0 1.4631 0.0015 0.000136
880.00 C 20260804 -1.00 -1.00 -1 0 -1.0000 -1.0000 -1.000000
885.00 C 20260804 -1.00 -1.00 -1 0 -1.0000 -1.0000 -1.000000
890.00 C 20260804 -1.00 -1.00 -1 0 -1.0000 -1.0000 -1.000000
895.00 C 20260804 -1.00 -1.00 -1 0 -1.0000 -1.0000 -1.000000
900.00 C 20260804 -1.00 -1.00 -1 0 -1.0000 -1.0000 -1.000000
905.00 C 20260804 -1.00 -1.00 -1 0 -1.0000 -1.0000 -1.000000
860.00 P 20260804 -1.00 -1.00 -1 0 1.3083 -0.9981 0.000220
865.00 P 20260804 -1.00 -1.00 -1 0 1.5276 -0.9953 0.000397
870.00 P 20260804 -1.00 -1.00 -1 0 -1.0000 -1.0000 -1.000000
875.00 P 20260804 -1.00 -1.00 -1 0 -1.0000 -1.0000 -1.000000
880.00 P 20260804 -1.00 -1.00 -1 0 1.6564 -0.9968 0.000263
885.00 P 20260804 -1.00 -1.00 -1 0 1.7159 -0.9969 0.000246
890.00 P 20260804 -1.00 -1.00 -1 0 1.8257 -0.9963 0.000266
895.00 P 20260804 -1.00 -1.00 -1 0 1.8593 -0.9967 0.000235
900.00 P 20260804 -1.00 -1.00 -1 0 1.9429 -0.9965 0.000237
905.00 P 20260804 -1.00 -1.00 -1 0 1.9507 -0.9972 0.000194
860.00 C 20260805 -1.00 -1.00 386 386 -1.0000 -1.0000 -1.000000
865.00 C 20260805 -1.00 -1.00 -1 0 -1.0000 -1.0000 -1.000000
870.00 C 20260805 -1.00 -1.00 -1 0 -1.0000 -1.0000 -1.000000
875.00 C 20260805 -1.00 -1.00 -1 0 -1.0000 -1.0000 -1.000000
880.00 C 20260805 -1.00 -1.00 -1 0 -1.0000 -1.0000 -1.000000
885.00 C 20260805 -1.00 -1.00 -1 0 -1.0000 -1.0000 -1.000000
890.00 C 20260805 -1.00 -1.00 -1 0 -1.0000 -1.0000 -1.000000
895.00 C 20260805 -1.00 -1.00 2 2 -1.0000 -1.0000 -1.000000
900.00 C 20260805 -1.00 -1.00 -1 0 -1.0000 -1.0000 -1.000000
905.00 C 20260805 -1.00 -1.00 -1 0 -1.0000 -1.0000 -1.000000
860.00 P 20260805 -1.00 -1.00 -1 0 0.7768 -0.9933 0.000590
865.00 P 20260805 -1.00 -1.00 -1 0 0.7960 -0.9947 0.000485
870.00 P 20260805 -1.00 -1.00 -1 0 0.8307 -0.9949 0.000450
875.00 P 20260805 -1.00 -1.00 -1 0 0.8809 -0.9940 0.000471
880.00 P 20260805 -1.00 -1.00 -1 0 0.8364 -0.9978 0.000253
885.00 P 20260805 -1.00 -1.00 -1 0 0.9135 -0.9966 0.000313
890.00 P 20260805 -1.00 -1.00 -1 0 0.9438 -0.9967 0.000295
895.00 P 20260805 -1.00 -1.00 -1 0 0.9740 -0.9968 0.000278
900.00 P 20260805 -1.00 -1.00 -1 0 1.0288 -0.9962 0.000292
905.00 P 20260805 -1.00 -1.00 -1 0 1.0677 -0.9960 0.000290
860.00 C 20260806 -1.00 -1.00 -1 0 -1.0000 -1.0000 -1.000000
865.00 C 20260806 -1.00 -1.00 -1 0 -1.0000 -1.0000 -1.000000
870.00 C 20260806 -1.00 -1.00 -1 0 -1.0000 -1.0000 -1.000000
875.00 C 20260806 -1.00 -1.00 -1 0 -1.0000 -1.0000 -1.000000
880.00 C 20260806 -1.00 -1.00 -1 0 -1.0000 -1.0000 -1.000000
885.00 C 20260806 -1.00 -1.00 -1 0 -1.0000 -1.0000 -1.000000
890.00 C 20260806 -1.00 -1.00 -1 0 -1.0000 -1.0000 -1.000000
895.00 C 20260806 -1.00 -1.00 -1 0 -1.0000 -1.0000 -1.000000
900.00 C 20260806 -1.00 -1.00 -1 0 -1.0000 -1.0000 -1.000000
905.00 C 20260806 -1.00 -1.00 -1 0 -1.0000 -1.0000 -1.000000
860.00 P 20260806 -1.00 -1.00 4 0 0.5919 -0.9939 0.000631
865.00 P 20260806 -1.00 -1.00 -1 0 0.6184 -0.9941 0.000583
870.00 P 20260806 -1.00 -1.00 18 0 0.6019 -0.9981 0.000314
875.00 P 20260806 -1.00 -1.00 2 0 0.6709 -0.9945 0.000504
880.00 P 20260806 -1.00 -1.00 -1 0 0.6969 -0.9947 0.000471
885.00 P 20260806 -1.00 -1.00 -1 0 0.7228 -0.9949 0.000442
890.00 P 20260806 -1.00 -1.00 -1 0 0.7528 -0.9947 0.000430
895.00 P 20260806 -1.00 -1.00 -1 0 0.7697 -0.9956 0.000374
900.00 P 20260806 -1.00 -1.00 -1 0 0.7858 -0.9964 0.000314
905.00 P 20260806 -1.00 -1.00 -1 0 0.8291 -0.9951 0.000363
860.00 C 20260807 -1.00 -1.00 68 243 0.4144 0.0017 0.000173
865.00 C 20260807 -1.00 -1.00 20 381 0.4342 0.0016 0.000159
870.00 C 20260807 -1.00 -1.00 51 319 0.4538 0.0015 0.000147
875.00 C 20260807 -1.00 -1.00 291 1163 0.4734 0.0015 0.000137
880.00 C 20260807 -1.00 -1.00 45 1632 0.4929 0.0014 0.000127
885.00 C 20260807 -1.00 -1.00 1200 4990 0.5122 0.0014 0.000119
890.00 C 20260807 -1.00 -1.00 137 2693 0.5314 0.0013 0.000112
895.00 C 20260807 -1.00 -1.00 1 1622 0.5506 0.0013 0.000105
900.00 C 20260807 -1.00 -1.00 1 786 0.5683 0.0013 0.000099
860.00 P 20260807 -1.00 -1.00 57 0 0.5115 -0.9929 0.000739
865.00 P 20260807 -1.00 -1.00 10 0 0.5300 -0.9936 0.000658
870.00 P 20260807 -1.00 -1.00 19 0 0.5520 -0.9938 0.000611
875.00 P 20260807 -1.00 -1.00 15 0 0.5622 -0.9953 0.000497
880.00 P 20260807 -1.00 -1.00 8 0 0.5839 -0.9955 0.000463
885.00 P 20260807 -1.00 -1.00 8 0 0.6056 -0.9957 0.000434
890.00 P 20260807 -1.00 -1.00 9 0 0.6120 -0.9975 0.000321
895.00 P 20260807 -1.00 -1.00 4 0 0.6643 -0.9944 0.000459
900.00 P 20260807 -1.00 -1.00 7 0 0.6857 -0.9945 0.000434
860.00 C 20260810 -1.00 -1.00 -1 0 0.3007 0.0017 0.000174
865.00 C 20260810 -1.00 -1.00 -1 0 0.3151 0.0016 0.000160
870.00 C 20260810 -1.00 -1.00 -1 0 0.3294 0.0015 0.000148
875.00 C 20260810 -1.00 -1.00 -1 0 0.3436 0.0015 0.000137
880.00 C 20260810 -1.00 -1.00 -1 0 0.3577 0.0014 0.000128
885.00 C 20260810 -1.00 -1.00 -1 0 0.3718 0.0014 0.000119
890.00 C 20260810 -1.00 -1.00 -1 0 0.3858 0.0013 0.000112
895.00 C 20260810 -1.00 -1.00 16 0 0.3997 0.0013 0.000105
900.00 C 20260810 -1.00 -1.00 86 0 0.4121 0.0013 0.000099
905.00 C 20260810 -1.00 -1.00 361 0 0.4244 0.0012 0.000094
860.00 P 20260810 -1.00 -1.00 3 0 0.3930 -0.9922 0.000883
865.00 P 20260810 -1.00 -1.00 3 0 0.4092 -0.9925 0.000820
870.00 P 20260810 -1.00 -1.00 6 0 0.4150 -0.9945 0.000688
875.00 P 20260810 -1.00 -1.00 2 0 0.4310 -0.9947 0.000642
880.00 P 20260810 -1.00 -1.00 2 0 0.4469 -0.9949 0.000601
885.00 P 20260810 -1.00 -1.00 2 0 -1.0000 -1.0000 -1.000000
890.00 P 20260810 -1.00 -1.00 5 0 0.4921 -0.9931 0.000611
895.00 P 20260810 -1.00 -1.00 -1 0 0.5078 -0.9933 0.000577
900.00 P 20260810 -1.00 -1.00 -1 0 0.5166 -0.9945 0.000513
905.00 P 20260810 -1.00 -1.00 -1 0 0.5388 -0.9937 0.000519
860.00 C 20260811 -1.00 -1.00 -1 0 0.2794 0.0017 0.000174
865.00 C 20260811 -1.00 -1.00 -1 0 0.2928 0.0016 0.000160
870.00 C 20260811 -1.00 -1.00 -1 0 0.3061 0.0015 0.000148
875.00 C 20260811 -1.00 -1.00 -1 0 0.3193 0.0015 0.000137
880.00 C 20260811 -1.00 -1.00 12 0 0.3324 0.0014 0.000128
885.00 C 20260811 -1.00 -1.00 -1 0 0.3455 0.0014 0.000119
890.00 C 20260811 -1.00 -1.00 -1 0 0.3585 0.0013 0.000112
895.00 C 20260811 -1.00 -1.00 -1 0 0.3713 0.0013 0.000105
900.00 C 20260811 -1.00 -1.00 -1 0 -1.0000 -1.0000 -1.000000
905.00 C 20260811 -1.00 -1.00 -1 0 -1.0000 -1.0000 -1.000000
860.00 P 20260811 -1.00 -1.00 -1 0 0.3624 -0.9939 0.000844
865.00 P 20260811 -1.00 -1.00 -1 0 0.3866 -0.9923 0.000863
870.00 P 20260811 -1.00 -1.00 -1 0 0.3925 -0.9944 0.000729
875.00 P 20260811 -1.00 -1.00 -1 0 0.4040 -0.9951 0.000654
880.00 P 20260811 -1.00 -1.00 -1 0 0.4478 -0.9897 0.000844
885.00 P 20260811 -1.00 -1.00 -1 0 0.4370 -0.9949 0.000600
890.00 P 20260811 -1.00 -1.00 -1 0 0.4614 -0.9935 0.000626
895.00 P 20260811 -1.00 -1.00 -1 0 0.4791 -0.9932 0.000608
900.00 P 20260811 -1.00 -1.00 -1 0 0.4738 -0.9963 0.000463
905.00 P 20260811 -1.00 -1.00 -1 0 0.5080 -0.9936 0.000547
860.00 C 20260812 -1.00 -1.00 200 664 0.2620 0.0017 0.000174
865.00 C 20260812 -1.00 -1.00 305 564 0.2746 0.0016 0.000160
870.00 C 20260812 -1.00 -1.00 30 30 0.2871 0.0015 0.000148
875.00 C 20260812 -1.00 -1.00 954 1213 0.2995 0.0015 0.000137
880.00 C 20260812 -1.00 -1.00 -1 0 0.3118 0.0014 0.000128
885.00 C 20260812 -1.00 -1.00 -1 0 0.3241 0.0014 0.000120
890.00 C 20260812 -1.00 -1.00 -1 0 0.3363 0.0013 0.000112
895.00 C 20260812 -1.00 -1.00 -1 0 0.3481 0.0013 0.000105
900.00 C 20260812 -1.00 -1.00 -1 0 0.3589 0.0013 0.000099
905.00 C 20260812 -1.00 -1.00 -1 0 0.3696 0.0012 0.000094
860.00 P 20260812 -1.00 -1.00 -1 0 0.3472 -0.9931 0.000925
865.00 P 20260812 -1.00 -1.00 -1 0 0.3629 -0.9934 0.000854
870.00 P 20260812 -1.00 -1.00 -1 0 0.3607 -0.9966 0.000601
875.00 P 20260812 -1.00 -1.00 -1 0 0.3886 -0.9944 0.000718
880.00 P 20260812 -1.00 -1.00 -1 0 0.4026 -0.9945 0.000673
885.00 P 20260812 -1.00 -1.00 -1 0 0.4164 -0.9947 0.000633
890.00 P 20260812 -1.00 -1.00 -1 0 0.4548 -0.9899 0.000782
895.00 P 20260812 -1.00 -1.00 -1 0 0.4561 -0.9931 0.000637
900.00 P 20260812 -1.00 -1.00 -1 0 0.4543 -0.9956 0.000515
905.00 P 20260812 -1.00 -1.00 -1 0 0.4742 -0.9948 0.000526
860.00 C 20260813 -1.00 -1.00 295 464 0.2475 0.0017 0.000174
865.00 C 20260813 -1.00 -1.00 305 405 0.2594 0.0016 0.000160
870.00 C 20260813 -1.00 -1.00 310 387 0.2712 0.0015 0.000148
875.00 C 20260813 -1.00 -1.00 644 726 0.2829 0.0015 0.000137
880.00 C 20260813 -1.00 -1.00 -1 0 0.2946 0.0014 0.000128
885.00 C 20260813 -1.00 -1.00 -1 0 0.3062 0.0014 0.000120
890.00 C 20260813 -1.00 -1.00 -1 0 0.3177 0.0013 0.000112
895.00 C 20260813 -1.00 -1.00 -1 0 0.3288 0.0013 0.000105
900.00 C 20260813 -1.00 -1.00 -1 0 0.3390 0.0013 0.000099
905.00 C 20260813 -1.00 -1.00 -1 0 0.3491 0.0012 0.000094
860.00 P 20260813 -1.00 -1.00 -1 0 0.3199 -0.9961 0.000737
865.00 P 20260813 -1.00 -1.00 -1 0 0.3491 -0.9919 0.000959
870.00 P 20260813 -1.00 -1.00 -1 0 0.3639 -0.9922 0.000890
875.00 P 20260813 -1.00 -1.00 -1 0 0.3802 -0.9919 0.000851
880.00 P 20260813 -1.00 -1.00 -1 0 0.3934 -0.9928 0.000775
885.00 P 20260813 -1.00 -1.00 -1 0 0.3966 -0.9951 0.000643
890.00 P 20260813 -1.00 -1.00 -1 0 0.4186 -0.9937 0.000666
895.00 P 20260813 -1.00 -1.00 -1 0 0.4397 -0.9925 0.000679
900.00 P 20260813 -1.00 -1.00 -1 0 0.4252 -0.9969 0.000438
905.00 P 20260813 -1.00 -1.00 -1 0 0.4630 -0.9933 0.000599
860.00 C 20260814 -1.00 -1.00 19 508 0.2352 0.0017 0.000174
865.00 C 20260814 -1.00 -1.00 640 2089 0.2465 0.0016 0.000160
870.00 C 20260814 -1.00 -1.00 6 999 0.2577 0.0015 0.000148
875.00 C 20260814 -1.00 -1.00 288 3035 0.2689 0.0015 0.000137
880.00 C 20260814 -1.00 -1.00 1 2169 0.2800 0.0014 0.000128
885.00 C 20260814 -1.00 -1.00 7 1689 0.2910 0.0014 0.000120
890.00 C 20260814 -1.00 -1.00 143 427 0.3019 0.0013 0.000112
895.00 C 20260814 -1.00 -1.00 34 51 0.3123 0.0013 0.000106
900.00 C 20260814 -1.00 -1.00 65 5000 0.3220 0.0013 0.000099
860.00 P 20260814 -1.00 -1.00 4 0 0.3217 -0.9907 0.001112
865.00 P 20260814 -1.00 -1.00 2 0 -1.0000 -1.0000 -1.000000
870.00 P 20260814 -1.00 -1.00 2 0 0.3415 -0.9950 0.000789
875.00 P 20260814 -1.00 -1.00 2 0 0.3629 -0.9923 0.000868
880.00 P 20260814 -1.00 -1.00 -1 0 0.3567 -0.9969 0.000526
885.00 P 20260814 -1.00 -1.00 -1 0 0.3855 -0.9944 0.000694
890.00 P 20260814 -1.00 -1.00 1 0 0.3816 -0.9971 0.000466
895.00 P 20260814 -1.00 -1.00 2 0 0.4211 -0.9923 0.000710
900.00 P 20260814 -1.00 -1.00 1 0 0.4226 -0.9948 0.000589
860.00 C 20260817 -1.00 -1.00 18 0 0.2144 0.0026 0.000250
865.00 C 20260817 -1.00 -1.00 -1 0 0.2244 0.0025 0.000230
870.00 C 20260817 -1.00 -1.00 -1 0 0.2267 0.0015 0.000149
875.00 C 20260817 -1.00 -1.00 -1 0 0.2366 0.0015 0.000138
880.00 C 20260817 -1.00 -1.00 -1 0 0.2463 0.0014 0.000128
885.00 C 20260817 -1.00 -1.00 -1 0 0.2560 0.0014 0.000120
890.00 C 20260817 -1.00 -1.00 -1 0 0.2657 0.0013 0.000113
895.00 C 20260817 -1.00 -1.00 -1 0 0.2744 0.0013 0.000106
900.00 C 20260817 -1.00 -1.00 -1 0 0.2830 0.0013 0.000100
905.00 C 20260817 -1.00 -1.00 -1 0 0.2915 0.0012 0.000094
860.00 P 20260817 -1.00 -1.00 4 0 0.2909 -0.9901 0.001243
865.00 P 20260817 -1.00 -1.00 4 0 0.3022 -0.9911 0.001124
870.00 P 20260817 -1.00 -1.00 2 0 0.3148 -0.9914 0.001045
875.00 P 20260817 -1.00 -1.00 2 0 0.3341 -0.9885 0.001092
880.00 P 20260817 -1.00 -1.00 -1 0 0.3396 -0.9920 0.000912
885.00 P 20260817 -1.00 -1.00 -1 0 0.3481 -0.9938 0.000793
890.00 P 20260817 -1.00 -1.00 -1 0 0.3665 -0.9915 0.000844
895.00 P 20260817 -1.00 -1.00 -1 0 0.3725 -0.9941 0.000704
900.00 P 20260817 -1.00 -1.00 -1 0 0.3895 -0.9924 0.000736
905.00 P 20260817 -1.00 -1.00 -1 0 0.4015 -0.9926 0.000698
860.00 C 20260821 -1.00 -1.00 2364 9795 0.1943 0.0034 0.000315
870.00 C 20260821 -1.00 -1.00 889 8211 0.2052 0.0024 0.000213
880.00 C 20260821 -1.00 -1.00 25 4706 0.2159 0.0014 0.000129
890.00 C 20260821 -1.00 -1.00 66 7313 0.2325 0.0013 0.000113
900.00 C 20260821 -1.00 -1.00 42 9734 0.2476 0.0013 0.000100
905.00 C 20260821 -1.00 -1.00 1170 5364 0.2551 0.0012 0.000094
860.00 P 20260821 -1.00 -1.00 -1 0 0.2637 -0.9894 0.001389
870.00 P 20260821 -1.00 -1.00 -1 0 0.2869 -0.9896 0.001222
880.00 P 20260821 -1.00 -1.00 -1 0 0.3056 -0.9918 0.001013
890.00 P 20260821 -1.00 -1.00 -1 0 0.3304 -0.9908 0.000949
900.00 P 20260821 -1.00 -1.00 -1 0 0.3465 -0.9936 0.000770
905.00 P 20260821 -1.00 -1.00 -1 0 0.3613 -0.9920 0.000792
