# opt_chain MU | epoch 1785872805 | 2026-08-04 15:46:45 | spot 893.85 | exps 20260805 20260807 20260810 20260812 20260814 20260817 20260819 20260821
# fuente polygon_snapshot_v3 | greeks polygon_directo | iv polygon_directo | oi polygon_directo | vol day.volume(-1 si no cotizo) | bid/ask NO_ENTITLED(-1) | spot_src ibkr_bridge spot_edad_s 101 | band 0.6000 vencimientos 8 exp_hasta 2026-08-21
# strike right exp bid ask vol oi iv delta gamma
540.00 C 20260805 -1.00 -1.00 2 0 -1.0000 -1.0000 -1.000000
545.00 C 20260805 -1.00 -1.00 6 0 0.0004 1.0000 0.000000
550.00 C 20260805 -1.00 -1.00 6 0 -1.0000 -1.0000 -1.000000
555.00 C 20260805 -1.00 -1.00 -1 0 -1.0000 -1.0000 -1.000000
560.00 C 20260805 -1.00 -1.00 -1 0 -1.0000 -1.0000 -1.000000
562.50 C 20260805 -1.00 -1.00 1 0 -1.0000 -1.0000 -1.000000
565.00 C 20260805 -1.00 -1.00 1 0 -1.0000 -1.0000 -1.000000
567.50 C 20260805 -1.00 -1.00 -1 0 -1.0000 -1.0000 -1.000000
570.00 C 20260805 -1.00 -1.00 -1 0 -1.0000 -1.0000 -1.000000
572.50 C 20260805 -1.00 -1.00 1 1 -1.0000 -1.0000 -1.000000
575.00 C 20260805 -1.00 -1.00 21 0 2.9267 0.9975 0.000052
577.50 C 20260805 -1.00 -1.00 1 0 -1.0000 -1.0000 -1.000000
580.00 C 20260805 -1.00 -1.00 -1 0 -1.0000 -1.0000 -1.000000
582.50 C 20260805 -1.00 -1.00 -1 0 2.6927 0.9984 0.000037
585.00 C 20260805 -1.00 -1.00 -1 0 0.0004 1.0000 -0.000000
587.50 C 20260805 -1.00 -1.00 -1 0 -1.0000 -1.0000 -1.000000
590.00 C 20260805 -1.00 -1.00 1 1 -1.0000 -1.0000 -1.000000
592.50 C 20260805 -1.00 -1.00 -1 0 2.7416 0.9974 0.000058
595.00 C 20260805 -1.00 -1.00 -1 0 0.0004 1.0000 0.000000
597.50 C 20260805 -1.00 -1.00 -1 0 -1.0000 -1.0000 -1.000000
600.00 C 20260805 -1.00 -1.00 3 5 2.5122 0.9983 0.000041
602.50 C 20260805 -1.00 -1.00 1 1 2.4112 0.9989 0.000030
605.00 C 20260805 -1.00 -1.00 3 3 2.3861 0.9989 0.000030
607.50 C 20260805 -1.00 -1.00 15 9 0.0004 1.0000 0.000000
610.00 C 20260805 -1.00 -1.00 1 0 0.0004 1.0000 0.000000
612.50 C 20260805 -1.00 -1.00 -1 0 2.4617 0.9977 0.000056
615.00 C 20260805 -1.00 -1.00 13 12 -1.0000 -1.0000 -1.000000
617.50 C 20260805 -1.00 -1.00 8 4 -1.0000 -1.0000 -1.000000
620.00 C 20260805 -1.00 -1.00 2 2 -1.0000 -1.0000 -1.000000
622.50 C 20260805 -1.00 -1.00 8 4 0.0004 1.0000 0.000000
625.00 C 20260805 -1.00 -1.00 12 12 0.0004 1.0000 -0.000000
627.50 C 20260805 -1.00 -1.00 -1 0 2.1650 0.9988 0.000035
630.00 C 20260805 -1.00 -1.00 -1 0 2.1409 0.9988 0.000035
632.50 C 20260805 -1.00 -1.00 -1 0 -1.0000 -1.0000 -1.000000
635.00 C 20260805 -1.00 -1.00 1 1 0.0004 1.0000 -0.000000
637.50 C 20260805 -1.00 -1.00 -1 0 1.8804 0.9996 0.000016
640.00 C 20260805 -1.00 -1.00 -1 0 3.2581 0.9741 0.000369
642.50 C 20260805 -1.00 -1.00 -1 0 0.0004 1.0000 0.000000
645.00 C 20260805 -1.00 -1.00 6 6 -1.0000 -1.0000 -1.000000
647.50 C 20260805 -1.00 -1.00 1 1 -1.0000 -1.0000 -1.000000
650.00 C 20260805 -1.00 -1.00 1 4 -1.0000 -1.0000 -1.000000
652.50 C 20260805 -1.00 -1.00 -1 0 2.1467 0.9969 0.000088
655.00 C 20260805 -1.00 -1.00 5 5 -1.0000 -1.0000 -1.000000
657.50 C 20260805 -1.00 -1.00 -1 0 -1.0000 -1.0000 -1.000000
660.00 C 20260805 -1.00 -1.00 46 42 2.1435 0.9956 0.000117
662.50 C 20260805 -1.00 -1.00 12 0 -1.0000 -1.0000 -1.000000
665.00 C 20260805 -1.00 -1.00 42 11 2.0671 0.9961 0.000109
667.50 C 20260805 -1.00 -1.00 42 0 -1.0000 -1.0000 -1.000000
670.00 C 20260805 -1.00 -1.00 37 3 1.7683 0.9988 0.000045
672.50 C 20260805 -1.00 -1.00 18 0 2.8589 0.9689 0.000485
675.00 C 20260805 -1.00 -1.00 1 1 -1.0000 -1.0000 -1.000000
677.50 C 20260805 -1.00 -1.00 12 12 -1.0000 -1.0000 -1.000000
680.00 C 20260805 -1.00 -1.00 -1 0 1.7499 0.9980 0.000072
682.50 C 20260805 -1.00 -1.00 -1 0 1.7987 0.9972 0.000094
685.00 C 20260805 -1.00 -1.00 -1 0 -1.0000 -1.0000 -1.000000
687.50 C 20260805 -1.00 -1.00 15 15 2.0265 0.9916 0.000222
690.00 C 20260805 -1.00 -1.00 1 1 1.8992 0.9938 0.000179
692.50 C 20260805 -1.00 -1.00 10 5 1.9007 0.9931 0.000197
695.00 C 20260805 -1.00 -1.00 3 3 -1.0000 -1.0000 -1.000000
697.50 C 20260805 -1.00 -1.00 -1 0 -1.0000 -1.0000 -1.000000
700.00 C 20260805 -1.00 -1.00 31 37 -1.0000 -1.0000 -1.000000
702.50 C 20260805 -1.00 -1.00 1 2 2.0064 0.9867 0.000334
705.00 C 20260805 -1.00 -1.00 -1 0 1.6539 0.9962 0.000135
707.50 C 20260805 -1.00 -1.00 -1 0 -1.0000 -1.0000 -1.000000
710.00 C 20260805 -1.00 -1.00 6 3 1.6071 0.9961 0.000142
712.50 C 20260805 -1.00 -1.00 7 3 -1.0000 -1.0000 -1.000000
715.00 C 20260805 -1.00 -1.00 7 2 1.7374 0.9911 0.000273
717.50 C 20260805 -1.00 -1.00 7 0 1.6888 0.9916 0.000265
720.00 C 20260805 -1.00 -1.00 10 5 0.0004 1.0000 -0.000000
722.50 C 20260805 -1.00 -1.00 -1 0 -1.0000 -1.0000 -1.000000
725.00 C 20260805 -1.00 -1.00 6 2 1.5690 0.9927 0.000251
727.50 C 20260805 -1.00 -1.00 12 2 2.1770 0.9598 0.000782
730.00 C 20260805 -1.00 -1.00 78 5 2.1738 0.9575 0.000821
732.50 C 20260805 -1.00 -1.00 -1 0 2.1225 0.9584 0.000825
735.00 C 20260805 -1.00 -1.00 11 4 1.8690 0.9742 0.000639
737.50 C 20260805 -1.00 -1.00 51 41 -1.0000 -1.0000 -1.000000
740.00 C 20260805 -1.00 -1.00 4 53 1.8421 0.9721 0.000694
742.50 C 20260805 -1.00 -1.00 2 1 1.5369 0.9870 0.000430
745.00 C 20260805 -1.00 -1.00 1 19 1.7945 0.9704 0.000746
747.50 C 20260805 -1.00 -1.00 1 4 1.4760 0.9873 0.000438
750.00 C 20260805 -1.00 -1.00 56 90 1.3921 0.9901 0.000377
755.00 C 20260805 -1.00 -1.00 12 15 1.6477 0.9718 0.000784
760.00 C 20260805 -1.00 -1.00 18 45 1.0057 0.9985 0.000092
765.00 C 20260805 -1.00 -1.00 6 17 1.1619 0.9928 0.000336
770.00 C 20260805 -1.00 -1.00 24 77 1.3792 0.9765 0.000795
775.00 C 20260805 -1.00 -1.00 17 84 1.6090 0.9489 0.001292
780.00 C 20260805 -1.00 -1.00 66 403 1.4856 0.9537 0.001286
785.00 C 20260805 -1.00 -1.00 147 397 1.3527 0.9607 0.001235
790.00 C 20260805 -1.00 -1.00 29 169 1.1034 0.9795 0.000881
795.00 C 20260805 -1.00 -1.00 34 246 1.1177 0.9735 0.001092
800.00 C 20260805 -1.00 -1.00 147 924 1.2249 0.9514 0.001624
805.00 C 20260805 -1.00 -1.00 24 203 1.3429 0.9253 0.002083
810.00 C 20260805 -1.00 -1.00 166 496 1.2565 0.9264 0.002203
815.00 C 20260805 -1.00 -1.00 438 488 1.3143 0.9026 0.002592
820.00 C 20260805 -1.00 -1.00 202 816 1.1759 0.9114 0.002696
825.00 C 20260805 -1.00 -1.00 499 505 1.1636 0.8981 0.003029
830.00 C 20260805 -1.00 -1.00 410 796 1.2318 0.8708 0.003429
835.00 C 20260805 -1.00 -1.00 340 574 1.2376 0.8478 0.003771
840.00 C 20260805 -1.00 -1.00 405 646 1.2242 0.8286 0.004116
845.00 C 20260805 -1.00 -1.00 304 439 1.2358 0.8048 0.004450
850.00 C 20260805 -1.00 -1.00 1415 2026 1.2397 0.7825 0.004783
855.00 C 20260805 -1.00 -1.00 243 307 1.2323 0.7559 0.005072
860.00 C 20260805 -1.00 -1.00 1532 331 1.2180 0.7299 0.005385
865.00 C 20260805 -1.00 -1.00 903 202 1.1980 0.7041 0.005731
870.00 C 20260805 -1.00 -1.00 4128 1193 1.2273 0.6720 0.005904
875.00 C 20260805 -1.00 -1.00 4455 248 1.2268 0.6420 0.006101
880.00 C 20260805 -1.00 -1.00 6947 339 1.2152 0.6109 0.006273
885.00 C 20260805 -1.00 -1.00 5608 125 1.2100 0.5789 0.006417
890.00 C 20260805 -1.00 -1.00 7070 352 1.2010 0.5467 0.006584
895.00 C 20260805 -1.00 -1.00 7164 247 1.2282 0.5144 0.006555
900.00 C 20260805 -1.00 -1.00 27280 2363 1.1995 0.4818 0.006631
905.00 C 20260805 -1.00 -1.00 2126 211 1.2020 0.4497 0.006536
910.00 C 20260805 -1.00 -1.00 3632 594 1.1946 0.4169 0.006494
915.00 C 20260805 -1.00 -1.00 1386 389 1.1983 0.3849 0.006394
920.00 C 20260805 -1.00 -1.00 4489 975 1.1977 0.3547 0.006234
925.00 C 20260805 -1.00 -1.00 3245 661 1.1869 0.3252 0.006030
930.00 C 20260805 -1.00 -1.00 4858 786 1.1845 0.2965 0.005790
935.00 C 20260805 -1.00 -1.00 2032 413 1.1904 0.2695 0.005523
940.00 C 20260805 -1.00 -1.00 3388 714 1.2005 0.2436 0.005252
945.00 C 20260805 -1.00 -1.00 1609 231 1.1920 0.2201 0.004959
950.00 C 20260805 -1.00 -1.00 12839 1305 1.1856 0.1975 0.004645
955.00 C 20260805 -1.00 -1.00 1558 482 1.1865 0.1764 0.004323
960.00 C 20260805 -1.00 -1.00 2609 268 1.1946 0.1571 0.004005
965.00 C 20260805 -1.00 -1.00 1200 147 1.2089 0.1398 0.003700
970.00 C 20260805 -1.00 -1.00 3012 234 1.2007 0.1245 0.003403
975.00 C 20260805 -1.00 -1.00 1614 279 1.1951 0.1096 0.003102
980.00 C 20260805 -1.00 -1.00 2444 573 1.2008 0.0968 0.002818
985.00 C 20260805 -1.00 -1.00 1049 111 1.2112 0.0853 0.002552
990.00 C 20260805 -1.00 -1.00 1627 188 1.2269 0.0751 0.002310
995.00 C 20260805 -1.00 -1.00 1328 237 1.2250 0.0661 0.002087
1000.00 C 20260805 -1.00 -1.00 17358 3425 1.2233 0.0581 0.001875
1005.00 C 20260805 -1.00 -1.00 794 172 1.2261 0.0507 0.001674
1010.00 C 20260805 -1.00 -1.00 960 184 1.2361 0.0445 0.001497
1015.00 C 20260805 -1.00 -1.00 912 72 1.2497 0.0390 0.001336
1020.00 C 20260805 -1.00 -1.00 1320 142 1.2659 0.0340 0.001190
1025.00 C 20260805 -1.00 -1.00 928 227 1.2659 0.0300 0.001066
1030.00 C 20260805 -1.00 -1.00 1290 574 1.2689 0.0265 0.000954
1035.00 C 20260805 -1.00 -1.00 794 540 1.2719 0.0231 0.000844
1040.00 C 20260805 -1.00 -1.00 359 237 1.2821 0.0204 0.000750
1045.00 C 20260805 -1.00 -1.00 378 33 1.2957 0.0180 0.000668
1050.00 C 20260805 -1.00 -1.00 2914 1166 1.3128 0.0159 0.000598
1055.00 C 20260805 -1.00 -1.00 162 87 1.3299 0.0140 0.000531
1060.00 C 20260805 -1.00 -1.00 1577 72 1.3365 0.0124 0.000475
1065.00 C 20260805 -1.00 -1.00 75 125 1.3377 0.0110 0.000424
1070.00 C 20260805 -1.00 -1.00 599 124 1.3389 0.0095 0.000373
1075.00 C 20260805 -1.00 -1.00 357 32 1.3524 0.0086 0.000338
1080.00 C 20260805 -1.00 -1.00 195 156 1.3536 0.0072 0.000288
1085.00 C 20260805 -1.00 -1.00 191 61 1.3751 0.0067 0.000267
1090.00 C 20260805 -1.00 -1.00 642 78 1.3884 0.0059 0.000236
1095.00 C 20260805 -1.00 -1.00 43 33 1.4098 0.0054 0.000217
1100.00 C 20260805 -1.00 -1.00 1055 346 1.4270 0.0048 0.000193
1105.00 C 20260805 -1.00 -1.00 32 73 1.4398 0.0044 0.000176
1110.00 C 20260805 -1.00 -1.00 108 75 1.4543 0.0041 0.000165
1115.00 C 20260805 -1.00 -1.00 8 73 1.4578 0.0037 0.000148
1120.00 C 20260805 -1.00 -1.00 61 164 1.5053 0.0040 0.000154
1125.00 C 20260805 -1.00 -1.00 137 45 1.4756 0.0030 0.000122
1130.00 C 20260805 -1.00 -1.00 108 129 1.4570 0.0022 0.000093
1135.00 C 20260805 -1.00 -1.00 3 22 1.5151 0.0028 0.000109
1140.00 C 20260805 -1.00 -1.00 5 15 1.5293 0.0025 0.000100
1145.00 C 20260805 -1.00 -1.00 1 59 1.5434 0.0023 0.000091
1150.00 C 20260805 -1.00 -1.00 253 88 1.5901 0.0027 0.000100
1155.00 C 20260805 -1.00 -1.00 8 14 1.5932 0.0023 0.000086
1160.00 C 20260805 -1.00 -1.00 61 45 1.5746 0.0015 0.000061
1165.00 C 20260805 -1.00 -1.00 13 10 1.6317 0.0020 0.000076
1170.00 C 20260805 -1.00 -1.00 23 41 1.5000 0.0007 0.000031
1175.00 C 20260805 -1.00 -1.00 7 18 1.6806 0.0020 0.000072
1180.00 C 20260805 -1.00 -1.00 37 17 1.7157 0.0021 0.000075
1185.00 C 20260805 -1.00 -1.00 4 11 1.7399 0.0021 0.000073
1190.00 C 20260805 -1.00 -1.00 28 41 1.7533 0.0019 0.000067
1195.00 C 20260805 -1.00 -1.00 12 55 1.7453 0.0014 0.000051
1200.00 C 20260805 -1.00 -1.00 172 167 1.7354 0.0012 0.000045
1205.00 C 20260805 -1.00 -1.00 26 81 1.8357 0.0020 0.000067
1210.00 C 20260805 -1.00 -1.00 82 55 1.8594 0.0020 0.000065
1215.00 C 20260805 -1.00 -1.00 65 95 1.8830 0.0019 0.000064
1220.00 C 20260805 -1.00 -1.00 57 17 1.9065 0.0019 0.000062
1225.00 C 20260805 -1.00 -1.00 31 3 1.9299 0.0019 0.000061
1230.00 C 20260805 -1.00 -1.00 192 125 1.8614 0.0011 0.000039
1235.00 C 20260805 -1.00 -1.00 15 39 1.9764 0.0019 0.000058
1240.00 C 20260805 -1.00 -1.00 2 18 2.3902 0.0089 0.000197
1250.00 C 20260805 -1.00 -1.00 107 86 2.0455 0.0018 0.000055
540.00 P 20260805 -1.00 -1.00 47 34 4.5816 -0.0181 0.000192
545.00 P 20260805 -1.00 -1.00 1 175 3.0417 -0.0012 0.000025
550.00 P 20260805 -1.00 -1.00 1 231 2.8454 -0.0007 0.000017
555.00 P 20260805 -1.00 -1.00 11 90 3.0297 -0.0017 0.000036
560.00 P 20260805 -1.00 -1.00 57 56 2.8005 -0.0008 0.000020
562.50 P 20260805 -1.00 -1.00 16 17 2.8562 -0.0012 0.000028
565.00 P 20260805 -1.00 -1.00 31 3 2.7012 -0.0007 0.000019
567.50 P 20260805 -1.00 -1.00 11 11 3.1166 -0.0030 0.000058
570.00 P 20260805 -1.00 -1.00 10 19 2.7785 -0.0013 0.000029
572.50 P 20260805 -1.00 -1.00 14 11 2.7529 -0.0013 0.000030
575.00 P 20260805 -1.00 -1.00 22 41 2.6582 -0.0009 0.000022
577.50 P 20260805 -1.00 -1.00 6 21 2.5840 -0.0008 0.000020
580.00 P 20260805 -1.00 -1.00 26 44 2.9390 -0.0029 0.000059
582.50 P 20260805 -1.00 -1.00 1 11 2.6051 -0.0010 0.000026
585.00 P 20260805 -1.00 -1.00 94 22 2.5149 -0.0008 0.000021
587.50 P 20260805 -1.00 -1.00 32 31 3.0377 -0.0051 0.000095
590.00 P 20260805 -1.00 -1.00 110 138 2.4693 -0.0008 0.000022
592.50 P 20260805 -1.00 -1.00 52 32 2.5210 -0.0012 0.000030
595.00 P 20260805 -1.00 -1.00 15 338 2.3741 -0.0007 0.000020
597.50 P 20260805 -1.00 -1.00 24 49 2.4414 -0.0010 0.000026
600.00 P 20260805 -1.00 -1.00 213 1170 2.3295 -0.0007 0.000021
602.50 P 20260805 -1.00 -1.00 46 44 2.2576 -0.0006 0.000018
605.00 P 20260805 -1.00 -1.00 23 110 2.3349 -0.0009 0.000025
607.50 P 20260805 -1.00 -1.00 22 125 2.4200 -0.0016 0.000041
610.00 P 20260805 -1.00 -1.00 162 44 2.3357 -0.0011 0.000031
612.50 P 20260805 -1.00 -1.00 52 16 2.2690 -0.0009 0.000026
615.00 P 20260805 -1.00 -1.00 52 29 2.2472 -0.0009 0.000027
617.50 P 20260805 -1.00 -1.00 122 16 2.3242 -0.0016 0.000044
620.00 P 20260805 -1.00 -1.00 191 164 2.2557 -0.0013 0.000037
622.50 P 20260805 -1.00 -1.00 44 32 2.2619 -0.0015 0.000043
625.00 P 20260805 -1.00 -1.00 168 286 2.2087 -0.0013 0.000038
627.50 P 20260805 -1.00 -1.00 113 49 2.3041 -0.0023 0.000060
630.00 P 20260805 -1.00 -1.00 151 154 2.1177 -0.0010 0.000030
632.50 P 20260805 -1.00 -1.00 5 38 2.1094 -0.0011 0.000034
635.00 P 20260805 -1.00 -1.00 132 15012 2.1012 -0.0012 0.000038
637.50 P 20260805 -1.00 -1.00 92 147 2.1077 -0.0015 0.000045
640.00 P 20260805 -1.00 -1.00 88 106 2.0995 -0.0017 0.000049
642.50 P 20260805 -1.00 -1.00 54 242 2.0620 -0.0015 0.000047
645.00 P 20260805 -1.00 -1.00 180 223 2.0100 -0.0013 0.000041
647.50 P 20260805 -1.00 -1.00 12 266 2.0020 -0.0014 0.000046
650.00 P 20260805 -1.00 -1.00 481 661 1.9033 -0.0009 0.000031
652.50 P 20260805 -1.00 -1.00 73 91 1.9716 -0.0016 0.000051
655.00 P 20260805 -1.00 -1.00 93 214 1.9637 -0.0018 0.000056
657.50 P 20260805 -1.00 -1.00 15 39 1.9414 -0.0018 0.000057
660.00 P 20260805 -1.00 -1.00 437 577 1.8613 -0.0012 0.000043
662.50 P 20260805 -1.00 -1.00 53 102 1.9115 -0.0020 0.000064
665.00 P 20260805 -1.00 -1.00 157 338 1.8750 -0.0019 0.000061
667.50 P 20260805 -1.00 -1.00 87 75 1.8674 -0.0020 0.000066
670.00 P 20260805 -1.00 -1.00 176 365 1.8741 -0.0023 0.000075
672.50 P 20260805 -1.00 -1.00 14 28 1.8666 -0.0025 0.000081
675.00 P 20260805 -1.00 -1.00 6582 225 1.8447 -0.0025 0.000083
677.50 P 20260805 -1.00 -1.00 122 50 1.8658 -0.0030 0.000095
680.00 P 20260805 -1.00 -1.00 442 314 1.8440 -0.0030 0.000098
682.50 P 20260805 -1.00 -1.00 220 177 1.7797 -0.0026 0.000089
685.00 P 20260805 -1.00 -1.00 239 268 1.7724 -0.0028 0.000095
687.50 P 20260805 -1.00 -1.00 115 112 1.8076 -0.0034 0.000112
690.00 P 20260805 -1.00 -1.00 134 286 1.7861 -0.0034 0.000114
692.50 P 20260805 -1.00 -1.00 11 33 1.7719 -0.0036 0.000121
695.00 P 20260805 -1.00 -1.00 85 149 1.7535 -0.0038 0.000127
697.50 P 20260805 -1.00 -1.00 223 90 1.7249 -0.0037 0.000126
700.00 P 20260805 -1.00 -1.00 3020 1266 1.7321 -0.0046 0.000151
702.50 P 20260805 -1.00 -1.00 40 55 1.7189 -0.0049 0.000162
705.00 P 20260805 -1.00 -1.00 122 153 1.7007 -0.0051 0.000170
707.50 P 20260805 -1.00 -1.00 33 57 1.6927 -0.0056 0.000185
710.00 P 20260805 -1.00 -1.00 455 326 1.6797 -0.0060 0.000197
712.50 P 20260805 -1.00 -1.00 86 95 1.6667 -0.0063 0.000209
715.00 P 20260805 -1.00 -1.00 730 584 1.6638 -0.0070 0.000228
717.50 P 20260805 -1.00 -1.00 226 457 1.6559 -0.0075 0.000245
720.00 P 20260805 -1.00 -1.00 803 339 1.6531 -0.0081 0.000264
722.50 P 20260805 -1.00 -1.00 186 47 1.6503 -0.0088 0.000284
725.00 P 20260805 -1.00 -1.00 800 587 1.6425 -0.0093 0.000301
727.50 P 20260805 -1.00 -1.00 102 121 1.6447 -0.0101 0.000324
730.00 P 20260805 -1.00 -1.00 530 614 1.6443 -0.0110 0.000350
732.50 P 20260805 -1.00 -1.00 78 205 1.6274 -0.0117 0.000371
735.00 P 20260805 -1.00 -1.00 631 494 1.6170 -0.0128 0.000401
737.50 P 20260805 -1.00 -1.00 218 128 1.6002 -0.0134 0.000424
740.00 P 20260805 -1.00 -1.00 1571 518 1.5856 -0.0143 0.000450
742.50 P 20260805 -1.00 -1.00 188 61 1.5774 -0.0155 0.000485
745.00 P 20260805 -1.00 -1.00 441 422 1.5671 -0.0167 0.000518
747.50 P 20260805 -1.00 -1.00 118 92 1.5568 -0.0178 0.000552
750.00 P 20260805 -1.00 -1.00 2710 1620 1.5445 -0.0188 0.000584
755.00 P 20260805 -1.00 -1.00 390 159 1.5368 -0.0219 0.000672
760.00 P 20260805 -1.00 -1.00 1790 422 1.5397 -0.0256 0.000771
765.00 P 20260805 -1.00 -1.00 766 567 1.5211 -0.0286 0.000857
770.00 P 20260805 -1.00 -1.00 1343 568 1.4953 -0.0329 0.000971
775.00 P 20260805 -1.00 -1.00 738 296 1.4727 -0.0376 0.001097
780.00 P 20260805 -1.00 -1.00 978 359 1.4576 -0.0434 0.001243
785.00 P 20260805 -1.00 -1.00 837 177 1.4425 -0.0492 0.001394
790.00 P 20260805 -1.00 -1.00 2361 1556 1.4379 -0.0561 0.001565
795.00 P 20260805 -1.00 -1.00 1608 305 1.4368 -0.0640 0.001748
800.00 P 20260805 -1.00 -1.00 6769 1174 1.4141 -0.0732 0.001949
805.00 P 20260805 -1.00 -1.00 537 183 1.3898 -0.0823 0.002160
810.00 P 20260805 -1.00 -1.00 1413 245 1.3750 -0.0932 0.002396
815.00 P 20260805 -1.00 -1.00 737 243 1.3680 -0.1055 0.002648
820.00 P 20260805 -1.00 -1.00 1436 536 1.3668 -0.1186 0.002909
825.00 P 20260805 -1.00 -1.00 1186 298 1.3547 -0.1334 0.003177
830.00 P 20260805 -1.00 -1.00 2316 616 1.3351 -0.1498 0.003461
835.00 P 20260805 -1.00 -1.00 986 249 1.3214 -0.1676 0.003758
840.00 P 20260805 -1.00 -1.00 1692 197 1.3135 -0.1867 0.004062
845.00 P 20260805 -1.00 -1.00 2925 122 1.3172 -0.2077 0.004360
850.00 P 20260805 -1.00 -1.00 6678 344 1.3057 -0.2293 0.004652
855.00 P 20260805 -1.00 -1.00 909 129 1.2883 -0.2532 0.004936
860.00 P 20260805 -1.00 -1.00 2443 177 1.2797 -0.2790 0.005209
865.00 P 20260805 -1.00 -1.00 1252 84 1.2799 -0.3061 0.005461
870.00 P 20260805 -1.00 -1.00 4117 119 1.2872 -0.3339 0.005687
875.00 P 20260805 -1.00 -1.00 3278 111 1.2739 -0.3623 0.005891
880.00 P 20260805 -1.00 -1.00 6079 280 1.2610 -0.3922 0.006057
885.00 P 20260805 -1.00 -1.00 3090 65 1.2532 -0.4230 0.006204
890.00 P 20260805 -1.00 -1.00 4001 143 1.2554 -0.4543 0.006305
895.00 P 20260805 -1.00 -1.00 4722 42 1.2685 -0.4853 0.006348
900.00 P 20260805 -1.00 -1.00 2754 328 1.2485 -0.5165 0.006376
905.00 P 20260805 -1.00 -1.00 810 57 1.2397 -0.5481 0.006346
910.00 P 20260805 -1.00 -1.00 428 364 1.2334 -0.5798 0.006301
915.00 P 20260805 -1.00 -1.00 135 218 1.2481 -0.6095 0.006156
920.00 P 20260805 -1.00 -1.00 205 309 1.2711 -0.6365 0.005947
925.00 P 20260805 -1.00 -1.00 256 101 1.2531 -0.6653 0.005794
930.00 P 20260805 -1.00 -1.00 395 62 1.2575 -0.6913 0.005559
935.00 P 20260805 -1.00 -1.00 123 38 1.2563 -0.7181 0.005342
940.00 P 20260805 -1.00 -1.00 21 71 1.2495 -0.7461 0.005138
945.00 P 20260805 -1.00 -1.00 10 34 1.2702 -0.7662 0.004852
950.00 P 20260805 -1.00 -1.00 71 180 1.2654 -0.7869 0.004578
955.00 P 20260805 -1.00 -1.00 7 19 1.2625 -0.8074 0.004299
960.00 P 20260805 -1.00 -1.00 60 68 1.2703 -0.8257 0.004016
965.00 P 20260805 -1.00 -1.00 4 31 1.2799 -0.8434 0.003740
970.00 P 20260805 -1.00 -1.00 7 15 1.2409 -0.8686 0.003443
975.00 P 20260805 -1.00 -1.00 8 6 1.2139 -0.8871 0.003135
980.00 P 20260805 -1.00 -1.00 7 14 1.2829 -0.8874 0.002960
985.00 P 20260805 -1.00 -1.00 1 11 1.2958 -0.8978 0.002727
990.00 P 20260805 -1.00 -1.00 5 41 1.3165 -0.9065 0.002517
995.00 P 20260805 -1.00 -1.00 2 3 1.3238 -0.9176 0.002292
1000.00 P 20260805 -1.00 -1.00 16 14 1.3024 -0.9316 0.002034
1005.00 P 20260805 -1.00 -1.00 1 3 1.3349 -0.9346 0.001910
1010.00 P 20260805 -1.00 -1.00 2 6 1.4796 -0.9226 0.001967
1015.00 P 20260805 -1.00 -1.00 1 7 1.3815 -0.9426 0.001658
1020.00 P 20260805 -1.00 -1.00 1 5 1.4272 -0.9434 0.001585
1025.00 P 20260805 -1.00 -1.00 1 11 1.0416 -0.9902 0.000541
1030.00 P 20260805 -1.00 -1.00 2 5 1.2632 -0.9745 0.000948
1035.00 P 20260805 -1.00 -1.00 1 2 1.4095 -0.9659 0.001087
1040.00 P 20260805 -1.00 -1.00 2 6 1.1351 -0.9909 0.000462
1045.00 P 20260805 -1.00 -1.00 2 1 1.2867 -0.9835 0.000653
1050.00 P 20260805 -1.00 -1.00 1 0 1.2936 -0.9865 0.000556
1055.00 P 20260805 -1.00 -1.00 2 3 1.5629 -0.9680 0.000927
1060.00 P 20260805 -1.00 -1.00 -1 0 1.4543 -0.9792 0.000693
1065.00 P 20260805 -1.00 -1.00 1 0 1.5867 -0.9723 0.000807
1070.00 P 20260805 -1.00 -1.00 1 1 2.1368 -0.9252 0.001328
1075.00 P 20260805 -1.00 -1.00 1 0 1.6545 -0.9733 0.000749
1080.00 P 20260805 -1.00 -1.00 1 0 1.6793 -0.9743 0.000712
1085.00 P 20260805 -1.00 -1.00 2 0 -1.0000 -1.0000 -1.000000
1090.00 P 20260805 -1.00 -1.00 1 0 -1.0000 -1.0000 -1.000000
1095.00 P 20260805 -1.00 -1.00 1 0 1.7794 -0.9756 0.000643
1100.00 P 20260805 -1.00 -1.00 8 0 1.7508 -0.9801 0.000551
1105.00 P 20260805 -1.00 -1.00 -1 0 1.7307 -0.9842 0.000465
1110.00 P 20260805 -1.00 -1.00 -1 0 2.1439 -0.9587 0.000822
1115.00 P 20260805 -1.00 -1.00 1 0 2.2423 -0.9535 0.000859
1120.00 P 20260805 -1.00 -1.00 -1 0 2.4135 -0.9427 0.000942
1125.00 P 20260805 -1.00 -1.00 1 0 2.1225 -0.9693 0.000654
1130.00 P 20260805 -1.00 -1.00 2 0 2.2716 -0.9629 0.000717
1135.00 P 20260805 -1.00 -1.00 1 0 2.7039 -0.9315 0.000972
1140.00 P 20260805 -1.00 -1.00 1 1 2.0195 -0.9818 0.000445
1145.00 P 20260805 -1.00 -1.00 26 0 1.9800 -0.9865 0.000359
1150.00 P 20260805 -1.00 -1.00 1 0 2.1435 -0.9787 0.000476
1155.00 P 20260805 -1.00 -1.00 2 0 2.0352 -0.9869 0.000341
1160.00 P 20260805 -1.00 -1.00 1 0 2.0626 -0.9870 0.000333
1165.00 P 20260805 -1.00 -1.00 -1 0 2.0899 -0.9872 0.000325
1170.00 P 20260805 -1.00 -1.00 -1 0 2.2940 -0.9783 0.000451
1175.00 P 20260805 -1.00 -1.00 1 0 2.2394 -0.9833 0.000374
1180.00 P 20260805 -1.00 -1.00 -1 0 2.2267 -0.9860 0.000328
1185.00 P 20260805 -1.00 -1.00 1 0 2.1979 -0.9877 0.000296
1190.00 P 20260805 -1.00 -1.00 -1 0 2.3317 -0.9838 0.000350
1195.00 P 20260805 -1.00 -1.00 -1 0 2.3105 -0.9865 0.000307
1200.00 P 20260805 -1.00 -1.00 -1 0 2.2778 -0.9881 0.000278
1205.00 P 20260805 -1.00 -1.00 -1 0 2.3631 -0.9867 0.000295
1210.00 P 20260805 -1.00 -1.00 -1 0 2.6295 -0.9755 0.000434
1215.00 P 20260805 -1.00 -1.00 -1 0 2.5588 -0.9806 0.000367
1220.00 P 20260805 -1.00 -1.00 2 0 2.3827 -0.9886 0.000256
1225.00 P 20260805 -1.00 -1.00 -1 0 2.8095 -0.9720 0.000454
1230.00 P 20260805 -1.00 -1.00 2 0 2.4346 -0.9888 0.000246
1235.00 P 20260805 -1.00 -1.00 -1 0 2.4603 -0.9889 0.000242
1240.00 P 20260805 -1.00 -1.00 -1 0 2.4860 -0.9890 0.000237
1250.00 P 20260805 -1.00 -1.00 1 0 2.5563 -0.9887 0.000236
537.50 C 20260807 -1.00 -1.00 -1 0 2.0264 0.9978 0.000040
540.00 C 20260807 -1.00 -1.00 1 3 0.0006 1.0000 -0.000000
542.50 C 20260807 -1.00 -1.00 -1 0 2.1483 0.9960 0.000065
545.00 C 20260807 -1.00 -1.00 1 2 2.0687 0.9970 0.000053
547.50 C 20260807 -1.00 -1.00 -1 0 2.1102 0.9960 0.000067
550.00 C 20260807 -1.00 -1.00 2 2 2.0320 0.9970 0.000054
552.50 C 20260807 -1.00 -1.00 -1 0 1.7723 0.9991 0.000021
555.00 C 20260807 -1.00 -1.00 1 1 1.8511 0.9982 0.000037
557.50 C 20260807 -1.00 -1.00 -1 0 2.1049 0.9945 0.000088
560.00 C 20260807 -1.00 -1.00 13 13 1.8157 0.9982 0.000038
562.50 C 20260807 -1.00 -1.00 -1 0 2.0675 0.9944 0.000091
565.00 C 20260807 -1.00 -1.00 1 2 1.7329 0.9986 0.000030
567.50 C 20260807 -1.00 -1.00 -1 0 0.0006 1.0000 -0.000000
570.00 C 20260807 -1.00 -1.00 1 2 2.0466 0.9937 0.000104
572.50 C 20260807 -1.00 -1.00 -1 0 1.9246 0.9957 0.000077
575.00 C 20260807 -1.00 -1.00 1 3 2.0098 0.9936 0.000107
577.50 C 20260807 -1.00 -1.00 -1 0 0.0006 1.0000 -0.000000
580.00 C 20260807 -1.00 -1.00 1 3 0.0006 1.0000 -0.000000
582.50 C 20260807 -1.00 -1.00 -1 0 1.7075 0.9977 0.000050
585.00 C 20260807 -1.00 -1.00 1 0 1.8008 0.9964 0.000071
587.50 C 20260807 -1.00 -1.00 -1 0 1.2906 0.9999 0.000004
590.00 C 20260807 -1.00 -1.00 13 2 1.8675 0.9940 0.000108
592.50 C 20260807 -1.00 -1.00 -1 0 0.0006 1.0000 0.000000
595.00 C 20260807 -1.00 -1.00 4 5 0.0006 1.0000 -0.000000
597.50 C 20260807 -1.00 -1.00 -1 0 1.7471 0.9955 0.000090
600.00 C 20260807 -1.00 -1.00 23 71 1.8645 0.9924 0.000135
602.50 C 20260807 -1.00 -1.00 -1 0 1.7630 0.9942 0.000111
605.00 C 20260807 -1.00 -1.00 2 2 1.7792 0.9934 0.000124
607.50 C 20260807 -1.00 -1.00 4 4 0.0006 1.0000 0.000000
610.00 C 20260807 -1.00 -1.00 2 12 1.8282 0.9914 0.000154
612.50 C 20260807 -1.00 -1.00 -1 0 1.7609 0.9924 0.000142
615.00 C 20260807 -1.00 -1.00 3 1 1.6273 0.9953 0.000101
617.50 C 20260807 -1.00 -1.00 24 0 1.7599 0.9916 0.000157
620.00 C 20260807 -1.00 -1.00 4 19 1.8017 0.9901 0.000178
622.50 C 20260807 -1.00 -1.00 -1 0 1.2520 0.9994 0.000019
625.00 C 20260807 -1.00 -1.00 -1 0 1.7858 0.9888 0.000197
627.50 C 20260807 -1.00 -1.00 -1 0 1.7249 0.9905 0.000178
630.00 C 20260807 -1.00 -1.00 10 12 1.3519 0.9982 0.000051
632.50 C 20260807 -1.00 -1.00 1 1 1.7025 0.9900 0.000189
635.00 C 20260807 -1.00 -1.00 1 2 1.7123 0.9884 0.000212
637.50 C 20260807 -1.00 -1.00 -1 0 1.7081 0.9876 0.000225
640.00 C 20260807 -1.00 -1.00 14 1 1.6830 0.9879 0.000224
642.50 C 20260807 -1.00 -1.00 24 0 1.3970 0.9964 0.000092
645.00 C 20260807 -1.00 -1.00 2 1 1.4134 0.9954 0.000114
647.50 C 20260807 -1.00 -1.00 1 1 1.6082 0.9887 0.000221
650.00 C 20260807 -1.00 -1.00 14 23 -1.0000 -1.0000 -1.000000
652.50 C 20260807 -1.00 -1.00 12 0 1.4302 0.9932 0.000157
655.00 C 20260807 -1.00 -1.00 3 3 1.6102 0.9853 0.000276
657.50 C 20260807 -1.00 -1.00 -1 0 1.5304 0.9887 0.000233
660.00 C 20260807 -1.00 -1.00 10 29 1.6229 0.9824 0.000319
662.50 C 20260807 -1.00 -1.00 10 10 1.3988 0.9920 0.000187
665.00 C 20260807 -1.00 -1.00 1 3 1.5534 0.9840 0.000308
667.50 C 20260807 -1.00 -1.00 10 10 1.5496 0.9830 0.000324
670.00 C 20260807 -1.00 -1.00 1 31 1.7321 0.9716 0.000453
672.50 C 20260807 -1.00 -1.00 1 1 1.5353 0.9816 0.000352
675.00 C 20260807 -1.00 -1.00 2 27 1.6993 0.9704 0.000477
677.50 C 20260807 -1.00 -1.00 -1 0 1.5346 0.9793 0.000390
680.00 C 20260807 -1.00 -1.00 4 7 1.6735 0.9686 0.000507
682.50 C 20260807 -1.00 -1.00 1 1 1.3919 0.9853 0.000318
685.00 C 20260807 -1.00 -1.00 20 27 1.6007 0.9711 0.000498
687.50 C 20260807 -1.00 -1.00 -1 0 1.5948 0.9695 0.000521
690.00 C 20260807 -1.00 -1.00 1 3 1.5789 0.9689 0.000535
692.50 C 20260807 -1.00 -1.00 -1 0 1.4722 0.9757 0.000469
695.00 C 20260807 -1.00 -1.00 12 16 1.5706 0.9653 0.000586
697.50 C 20260807 -1.00 -1.00 15 15 1.4779 0.9723 0.000522
700.00 C 20260807 -1.00 -1.00 29 261 1.2947 0.9828 0.000392
702.50 C 20260807 -1.00 -1.00 -1 0 1.5466 0.9610 0.000654
705.00 C 20260807 -1.00 -1.00 13 33 1.5076 0.9624 0.000651
707.50 C 20260807 -1.00 -1.00 4 3 1.4057 0.9707 0.000573
710.00 C 20260807 -1.00 -1.00 2 64 1.6188 0.9481 0.000794
712.50 C 20260807 -1.00 -1.00 -1 0 1.3849 0.9682 0.000621
715.00 C 20260807 -1.00 -1.00 2 19 1.4785 0.9561 0.000754
717.50 C 20260807 -1.00 -1.00 1 1 1.4763 0.9540 0.000785
720.00 C 20260807 -1.00 -1.00 27 132 1.4707 0.9522 0.000814
722.50 C 20260807 -1.00 -1.00 1 1 1.4422 0.9526 0.000824
725.00 C 20260807 -1.00 -1.00 3 17 1.3319 0.9617 0.000749
727.50 C 20260807 -1.00 -1.00 1 1 1.3365 0.9586 0.000794
730.00 C 20260807 -1.00 -1.00 1 122 1.2985 0.9603 0.000790
732.50 C 20260807 -1.00 -1.00 4 2 1.3195 0.9554 0.000856
735.00 C 20260807 -1.00 -1.00 36 27 1.3175 0.9531 0.000894
737.50 C 20260807 -1.00 -1.00 2 1 1.3156 0.9507 0.000933
740.00 C 20260807 -1.00 -1.00 18 49 1.3850 0.9413 0.001031
742.50 C 20260807 -1.00 -1.00 9 7 1.3117 0.9460 0.001012
745.00 C 20260807 -1.00 -1.00 13 41 1.3098 0.9437 0.001052
747.50 C 20260807 -1.00 -1.00 38 33 1.3436 0.9362 0.001129
750.00 C 20260807 -1.00 -1.00 315 475 1.3731 0.9273 0.001213
755.00 C 20260807 -1.00 -1.00 1 104 1.2888 0.9324 0.001227
760.00 C 20260807 -1.00 -1.00 5 50 1.2496 0.9302 0.001295
765.00 C 20260807 -1.00 -1.00 11 77 1.2788 0.9164 0.001444
767.50 C 20260807 -1.00 -1.00 1 5 1.2860 0.9108 0.001508
770.00 C 20260807 -1.00 -1.00 24 241 1.3005 0.9042 0.001575
772.50 C 20260807 -1.00 -1.00 48 22 1.2361 0.9097 0.001584
775.00 C 20260807 -1.00 -1.00 144 129 1.2360 0.9052 0.001645
777.50 C 20260807 -1.00 -1.00 142 60 1.2468 0.8989 0.001713
780.00 C 20260807 -1.00 -1.00 542 670 1.2010 0.9014 0.001744
782.50 C 20260807 -1.00 -1.00 1 12 1.2557 0.8886 0.001838
785.00 C 20260807 -1.00 -1.00 10 99 1.1937 0.8932 0.001869
787.50 C 20260807 -1.00 -1.00 2 61 1.2701 0.8764 0.001963
790.00 C 20260807 -1.00 -1.00 26 322 1.2512 0.8736 0.002020
792.50 C 20260807 -1.00 -1.00 6 50 1.2408 0.8690 0.002081
795.00 C 20260807 -1.00 -1.00 33 141 1.2340 0.8636 0.002146
800.00 C 20260807 -1.00 -1.00 915 2591 1.2434 0.8484 0.002276
805.00 C 20260807 -1.00 -1.00 40 198 1.2479 0.8342 0.002405
810.00 C 20260807 -1.00 -1.00 55 348 1.1916 0.8304 0.002557
815.00 C 20260807 -1.00 -1.00 84 206 1.1974 0.8155 0.002694
820.00 C 20260807 -1.00 -1.00 392 1424 1.1949 0.8020 0.002835
825.00 C 20260807 -1.00 -1.00 275 416 1.2257 0.7825 0.002934
830.00 C 20260807 -1.00 -1.00 697 836 1.2038 0.7688 0.003073
835.00 C 20260807 -1.00 -1.00 338 687 1.1901 0.7532 0.003207
840.00 C 20260807 -1.00 -1.00 417 697 1.1702 0.7383 0.003357
845.00 C 20260807 -1.00 -1.00 138 263 1.1727 0.7198 0.003468
850.00 C 20260807 -1.00 -1.00 2233 2812 1.1735 0.7015 0.003582
855.00 C 20260807 -1.00 -1.00 309 297 1.1742 0.6833 0.003695
860.00 C 20260807 -1.00 -1.00 550 716 1.1838 0.6641 0.003781
865.00 C 20260807 -1.00 -1.00 474 1296 1.1770 0.6445 0.003852
870.00 C 20260807 -1.00 -1.00 857 542 1.1649 0.6251 0.003942
875.00 C 20260807 -1.00 -1.00 961 481 1.1651 0.6046 0.003993
880.00 C 20260807 -1.00 -1.00 4100 928 1.1623 0.5842 0.004054
885.00 C 20260807 -1.00 -1.00 2865 933 1.1656 0.5636 0.004095
890.00 C 20260807 -1.00 -1.00 2440 695 1.1666 0.5431 0.004143
895.00 C 20260807 -1.00 -1.00 1401 371 1.1744 0.5227 0.004167
900.00 C 20260807 -1.00 -1.00 20979 6282 1.1611 0.5023 0.004187
905.00 C 20260807 -1.00 -1.00 559 686 1.1517 0.4816 0.004193
910.00 C 20260807 -1.00 -1.00 960 931 1.1476 0.4610 0.004180
915.00 C 20260807 -1.00 -1.00 524 554 1.1473 0.4405 0.004153
920.00 C 20260807 -1.00 -1.00 1479 922 1.1492 0.4203 0.004118
925.00 C 20260807 -1.00 -1.00 744 524 1.1540 0.4005 0.004073
930.00 C 20260807 -1.00 -1.00 1222 762 1.1566 0.3806 0.004037
935.00 C 20260807 -1.00 -1.00 659 2727 1.1507 0.3618 0.003973
940.00 C 20260807 -1.00 -1.00 1097 1117 1.1431 0.3431 0.003900
945.00 C 20260807 -1.00 -1.00 418 195 1.1381 0.3246 0.003818
950.00 C 20260807 -1.00 -1.00 8302 4624 1.1364 0.3066 0.003727
955.00 C 20260807 -1.00 -1.00 444 287 1.1381 0.2892 0.003628
957.50 C 20260807 -1.00 -1.00 229 175 1.1402 0.2808 0.003576
960.00 C 20260807 -1.00 -1.00 635 544 1.1423 0.2725 0.003525
962.50 C 20260807 -1.00 -1.00 118 106 1.1452 0.2643 0.003473
965.00 C 20260807 -1.00 -1.00 277 788 1.1498 0.2566 0.003418
967.50 C 20260807 -1.00 -1.00 94 117 1.1544 0.2490 0.003364
970.00 C 20260807 -1.00 -1.00 1702 949 1.1520 0.2414 0.003310
972.50 C 20260807 -1.00 -1.00 101 60 1.1474 0.2339 0.003255
975.00 C 20260807 -1.00 -1.00 541 489 1.1450 0.2268 0.003196
977.50 C 20260807 -1.00 -1.00 47 77 1.1426 0.2197 0.003136
980.00 C 20260807 -1.00 -1.00 972 690 1.1402 0.2126 0.003076
982.50 C 20260807 -1.00 -1.00 116 54 1.1389 0.2056 0.003015
985.00 C 20260807 -1.00 -1.00 260 260 1.1375 0.1987 0.002954
990.00 C 20260807 -1.00 -1.00 581 643 1.1381 0.1855 0.002829
995.00 C 20260807 -1.00 -1.00 734 226 1.1420 0.1732 0.002705
1000.00 C 20260807 -1.00 -1.00 15653 7505 1.1479 0.1616 0.002583
1005.00 C 20260807 -1.00 -1.00 579 284 1.1570 0.1509 0.002465
1010.00 C 20260807 -1.00 -1.00 469 439 1.1591 0.1407 0.002350
1015.00 C 20260807 -1.00 -1.00 254 220 1.1532 0.1310 0.002235
1020.00 C 20260807 -1.00 -1.00 460 542 1.1505 0.1218 0.002120
1025.00 C 20260807 -1.00 -1.00 502 955 1.1510 0.1134 0.002007
1030.00 C 20260807 -1.00 -1.00 393 662 1.1515 0.1049 0.001895
1035.00 C 20260807 -1.00 -1.00 255 353 1.1551 0.0971 0.001787
1040.00 C 20260807 -1.00 -1.00 262 305 1.1619 0.0902 0.001686
1045.00 C 20260807 -1.00 -1.00 143 244 1.1701 0.0837 0.001590
1050.00 C 20260807 -1.00 -1.00 2579 2041 1.1800 0.0776 0.001499
1055.00 C 20260807 -1.00 -1.00 723 953 1.1813 0.0723 0.001416
1060.00 C 20260807 -1.00 -1.00 491 319 1.1755 0.0667 0.001329
1065.00 C 20260807 -1.00 -1.00 250 211 1.1767 0.0621 0.001251
1070.00 C 20260807 -1.00 -1.00 185 207 1.1763 0.0573 0.001171
1075.00 C 20260807 -1.00 -1.00 289 270 1.1812 0.0533 0.001100
1080.00 C 20260807 -1.00 -1.00 266 740 1.1856 0.0493 0.001029
1085.00 C 20260807 -1.00 -1.00 106 141 1.1921 0.0457 0.000964
1090.00 C 20260807 -1.00 -1.00 636 199 1.1996 0.0423 0.000902
1095.00 C 20260807 -1.00 -1.00 69 244 1.2097 0.0394 0.000847
1100.00 C 20260807 -1.00 -1.00 3657 1901 1.2203 0.0366 0.000795
1105.00 C 20260807 -1.00 -1.00 132 212 1.2272 0.0341 0.000748
1110.00 C 20260807 -1.00 -1.00 385 377 1.2259 0.0318 0.000703
1115.00 C 20260807 -1.00 -1.00 158 89 1.2267 0.0296 0.000660
1120.00 C 20260807 -1.00 -1.00 134 494 1.2295 0.0277 0.000620
1125.00 C 20260807 -1.00 -1.00 214 358 1.2334 0.0258 0.000582
1130.00 C 20260807 -1.00 -1.00 401 608 1.2384 0.0241 0.000545
1135.00 C 20260807 -1.00 -1.00 288 307 1.2453 0.0226 0.000513
1140.00 C 20260807 -1.00 -1.00 229 261 1.2574 0.0216 0.000488
1145.00 C 20260807 -1.00 -1.00 243 36 1.2602 0.0197 0.000451
1150.00 C 20260807 -1.00 -1.00 372 683 1.2702 0.0185 0.000425
1155.00 C 20260807 -1.00 -1.00 97 59 1.2801 0.0173 0.000400
1160.00 C 20260807 -1.00 -1.00 74 288 1.2910 0.0163 0.000378
1165.00 C 20260807 -1.00 -1.00 34 24 1.3019 0.0153 0.000356
1170.00 C 20260807 -1.00 -1.00 40 160 1.3147 0.0145 0.000338
1175.00 C 20260807 -1.00 -1.00 15 84 1.3168 0.0135 0.000317
1180.00 C 20260807 -1.00 -1.00 66 282 1.3164 0.0127 0.000298
1185.00 C 20260807 -1.00 -1.00 82 37 1.3208 0.0120 0.000283
1190.00 C 20260807 -1.00 -1.00 80 153 1.3252 0.0113 0.000268
1195.00 C 20260807 -1.00 -1.00 42 101 1.3319 0.0108 0.000254
1200.00 C 20260807 -1.00 -1.00 1123 3380 1.3269 0.0097 0.000232
1205.00 C 20260807 -1.00 -1.00 23 25 1.3382 0.0094 0.000223
1210.00 C 20260807 -1.00 -1.00 38 232 1.3472 0.0089 0.000213
1220.00 C 20260807 -1.00 -1.00 37 580 1.3558 0.0077 0.000184
1230.00 C 20260807 -1.00 -1.00 9 291 1.3782 0.0071 0.000169
1240.00 C 20260807 -1.00 -1.00 6 108 1.3981 0.0064 0.000153
1250.00 C 20260807 -1.00 -1.00 434 689 1.4248 0.0061 0.000143
537.50 P 20260807 -1.00 -1.00 148 110 1.9105 -0.0012 0.000025
540.00 P 20260807 -1.00 -1.00 144 396 1.9135 -0.0014 0.000028
542.50 P 20260807 -1.00 -1.00 22 6 1.8871 -0.0013 0.000027
545.00 P 20260807 -1.00 -1.00 893 652 1.9096 -0.0017 0.000034
547.50 P 20260807 -1.00 -1.00 10 42 1.8834 -0.0016 0.000033
550.00 P 20260807 -1.00 -1.00 1917 2643 1.8574 -0.0015 0.000032
552.50 P 20260807 -1.00 -1.00 10 8 1.8218 -0.0014 0.000029
555.00 P 20260807 -1.00 -1.00 43 97 1.8249 -0.0016 0.000033
557.50 P 20260807 -1.00 -1.00 14 31 1.8087 -0.0016 0.000033
560.00 P 20260807 -1.00 -1.00 392 781 1.8215 -0.0019 0.000039
562.50 P 20260807 -1.00 -1.00 23 8 1.7767 -0.0016 0.000035
565.00 P 20260807 -1.00 -1.00 48 123 1.7799 -0.0018 0.000038
567.50 P 20260807 -1.00 -1.00 15 10 1.7545 -0.0017 0.000037
570.00 P 20260807 -1.00 -1.00 317 365 1.9332 -0.0040 0.000073
572.50 P 20260807 -1.00 -1.00 32 138 1.7514 -0.0020 0.000044
575.00 P 20260807 -1.00 -1.00 55 358 1.7452 -0.0022 0.000046
577.50 P 20260807 -1.00 -1.00 7 20 1.7201 -0.0021 0.000045
580.00 P 20260807 -1.00 -1.00 64 417 1.7422 -0.0025 0.000052
582.50 P 20260807 -1.00 -1.00 5 117 1.7078 -0.0023 0.000050
585.00 P 20260807 -1.00 -1.00 60 222 1.7205 -0.0026 0.000056
587.50 P 20260807 -1.00 -1.00 3 13 1.6863 -0.0024 0.000053
590.00 P 20260807 -1.00 -1.00 215 635 1.6803 -0.0026 0.000056
592.50 P 20260807 -1.00 -1.00 16 34 1.6929 -0.0028 0.000062
595.00 P 20260807 -1.00 -1.00 8 234 1.6869 -0.0030 0.000064
597.50 P 20260807 -1.00 -1.00 13 204 1.6716 -0.0030 0.000066
600.00 P 20260807 -1.00 -1.00 693 5232 1.6797 -0.0033 0.000071
602.50 P 20260807 -1.00 -1.00 12 20 1.6732 -0.0036 0.000077
605.00 P 20260807 -1.00 -1.00 20 155 1.6566 -0.0036 0.000078
607.50 P 20260807 -1.00 -1.00 4 73 1.6468 -0.0038 0.000083
610.00 P 20260807 -1.00 -1.00 107 299 1.6370 -0.0040 0.000087
612.50 P 20260807 -1.00 -1.00 33 68 1.6240 -0.0042 0.000090
615.00 P 20260807 -1.00 -1.00 50 670 1.6176 -0.0045 0.000096
617.50 P 20260807 -1.00 -1.00 17 192 1.6079 -0.0047 0.000101
620.00 P 20260807 -1.00 -1.00 194 489 1.5983 -0.0049 0.000106
622.50 P 20260807 -1.00 -1.00 19 126 1.5888 -0.0052 0.000111
625.00 P 20260807 -1.00 -1.00 216 599 1.5792 -0.0054 0.000116
627.50 P 20260807 -1.00 -1.00 46 52 1.5697 -0.0056 0.000121
630.00 P 20260807 -1.00 -1.00 78 359 1.5701 -0.0061 0.000131
632.50 P 20260807 -1.00 -1.00 153 221 1.5574 -0.0063 0.000135
635.00 P 20260807 -1.00 -1.00 125 305 1.5579 -0.0068 0.000145
637.50 P 20260807 -1.00 -1.00 24 49 1.5452 -0.0069 0.000149
640.00 P 20260807 -1.00 -1.00 322 837 1.5424 -0.0074 0.000158
642.50 P 20260807 -1.00 -1.00 206 1003 1.5429 -0.0079 0.000168
645.00 P 20260807 -1.00 -1.00 105 674 1.5401 -0.0083 0.000176
647.50 P 20260807 -1.00 -1.00 71 987 1.5308 -0.0086 0.000182
650.00 P 20260807 -1.00 -1.00 2437 5518 1.5345 -0.0092 0.000194
652.50 P 20260807 -1.00 -1.00 40 825 1.5318 -0.0096 0.000203
655.00 P 20260807 -1.00 -1.00 168 302 1.5281 -0.0100 0.000212
657.50 P 20260807 -1.00 -1.00 162 162 1.5163 -0.0105 0.000221
660.00 P 20260807 -1.00 -1.00 778 3111 1.5073 -0.0111 0.000233
662.50 P 20260807 -1.00 -1.00 192 235 1.4983 -0.0117 0.000245
665.00 P 20260807 -1.00 -1.00 483 266 1.4880 -0.0122 0.000256
667.50 P 20260807 -1.00 -1.00 124 73 1.4790 -0.0129 0.000268
670.00 P 20260807 -1.00 -1.00 304 761 1.4715 -0.0136 0.000282
672.50 P 20260807 -1.00 -1.00 44 81 1.4640 -0.0143 0.000297
675.00 P 20260807 -1.00 -1.00 497 695 1.4498 -0.0146 0.000305
677.50 P 20260807 -1.00 -1.00 49 100 1.4505 -0.0159 0.000327
680.00 P 20260807 -1.00 -1.00 724 1785 1.4444 -0.0167 0.000343
682.50 P 20260807 -1.00 -1.00 65 101 1.4397 -0.0176 0.000361
685.00 P 20260807 -1.00 -1.00 127 412 1.4337 -0.0185 0.000378
687.50 P 20260807 -1.00 -1.00 51 57 1.4304 -0.0195 0.000397
690.00 P 20260807 -1.00 -1.00 358 947 1.4271 -0.0205 0.000416
692.50 P 20260807 -1.00 -1.00 8 55 1.4306 -0.0219 0.000441
695.00 P 20260807 -1.00 -1.00 190 571 1.4152 -0.0223 0.000451
697.50 P 20260807 -1.00 -1.00 141 256 1.4214 -0.0239 0.000478
700.00 P 20260807 -1.00 -1.00 2083 4035 1.4208 -0.0250 0.000500
702.50 P 20260807 -1.00 -1.00 45 204 1.4215 -0.0263 0.000522
705.00 P 20260807 -1.00 -1.00 120 456 1.4117 -0.0276 0.000545
707.50 P 20260807 -1.00 -1.00 30 59 1.4016 -0.0289 0.000568
710.00 P 20260807 -1.00 -1.00 355 482 1.3923 -0.0302 0.000593
712.50 P 20260807 -1.00 -1.00 39 81 1.3844 -0.0318 0.000620
715.00 P 20260807 -1.00 -1.00 381 588 1.3771 -0.0334 0.000649
717.50 P 20260807 -1.00 -1.00 36 69 1.3698 -0.0351 0.000678
720.00 P 20260807 -1.00 -1.00 915 1401 1.3626 -0.0368 0.000707
722.50 P 20260807 -1.00 -1.00 82 74 1.3574 -0.0387 0.000740
725.00 P 20260807 -1.00 -1.00 727 951 1.3509 -0.0404 0.000771
727.50 P 20260807 -1.00 -1.00 81 107 1.3490 -0.0427 0.000808
730.00 P 20260807 -1.00 -1.00 446 1014 1.3458 -0.0449 0.000844
732.50 P 20260807 -1.00 -1.00 23 214 1.3413 -0.0469 0.000879
735.00 P 20260807 -1.00 -1.00 273 556 1.3394 -0.0492 0.000917
737.50 P 20260807 -1.00 -1.00 73 429 1.3388 -0.0517 0.000956
740.00 P 20260807 -1.00 -1.00 517 1101 1.3376 -0.0541 0.000995
742.50 P 20260807 -1.00 -1.00 105 106 1.3396 -0.0568 0.001036
745.00 P 20260807 -1.00 -1.00 233 754 1.3403 -0.0594 0.001076
747.50 P 20260807 -1.00 -1.00 71 76 1.3339 -0.0622 0.001118
750.00 P 20260807 -1.00 -1.00 1386 3145 1.3263 -0.0652 0.001162
755.00 P 20260807 -1.00 -1.00 1056 424 1.3110 -0.0713 0.001253
760.00 P 20260807 -1.00 -1.00 208 694 1.2958 -0.0775 0.001348
765.00 P 20260807 -1.00 -1.00 257 377 1.2882 -0.0851 0.001454
767.50 P 20260807 -1.00 -1.00 34 43 1.2844 -0.0889 0.001507
770.00 P 20260807 -1.00 -1.00 595 715 1.2805 -0.0928 0.001561
772.50 P 20260807 -1.00 -1.00 62 103 1.2786 -0.0969 0.001617
775.00 P 20260807 -1.00 -1.00 485 370 1.2785 -0.1013 0.001675
777.50 P 20260807 -1.00 -1.00 144 42 1.2765 -0.1055 0.001731
780.00 P 20260807 -1.00 -1.00 909 1198 1.2782 -0.1102 0.001790
782.50 P 20260807 -1.00 -1.00 76 172 1.2799 -0.1148 0.001848
785.00 P 20260807 -1.00 -1.00 147 388 1.2816 -0.1195 0.001906
787.50 P 20260807 -1.00 -1.00 64 59 1.2729 -0.1242 0.001964
790.00 P 20260807 -1.00 -1.00 672 1226 1.2673 -0.1297 0.002025
792.50 P 20260807 -1.00 -1.00 150 352 1.2593 -0.1347 0.002086
795.00 P 20260807 -1.00 -1.00 511 531 1.2550 -0.1405 0.002149
800.00 P 20260807 -1.00 -1.00 2906 13009 1.2439 -0.1518 0.002278
805.00 P 20260807 -1.00 -1.00 217 383 1.2378 -0.1641 0.002409
810.00 P 20260807 -1.00 -1.00 496 561 1.2340 -0.1769 0.002541
815.00 P 20260807 -1.00 -1.00 347 385 1.2339 -0.1904 0.002673
820.00 P 20260807 -1.00 -1.00 409 811 1.2373 -0.2044 0.002801
825.00 P 20260807 -1.00 -1.00 279 539 1.2335 -0.2190 0.002925
830.00 P 20260807 -1.00 -1.00 458 759 1.2206 -0.2342 0.003050
835.00 P 20260807 -1.00 -1.00 284 285 1.2114 -0.2502 0.003172
840.00 P 20260807 -1.00 -1.00 777 479 1.2058 -0.2670 0.003291
845.00 P 20260807 -1.00 -1.00 328 326 1.2030 -0.2843 0.003407
850.00 P 20260807 -1.00 -1.00 2326 1481 1.2037 -0.3021 0.003516
855.00 P 20260807 -1.00 -1.00 426 1718 1.2071 -0.3202 0.003618
860.00 P 20260807 -1.00 -1.00 678 672 1.2092 -0.3385 0.003709
865.00 P 20260807 -1.00 -1.00 434 255 1.1977 -0.3574 0.003791
870.00 P 20260807 -1.00 -1.00 678 380 1.1895 -0.3768 0.003866
875.00 P 20260807 -1.00 -1.00 542 259 1.1828 -0.3965 0.003938
880.00 P 20260807 -1.00 -1.00 1121 603 1.1800 -0.4166 0.003998
885.00 P 20260807 -1.00 -1.00 372 107 1.1779 -0.4368 0.004055
890.00 P 20260807 -1.00 -1.00 1109 673 1.1865 -0.4571 0.004077
895.00 P 20260807 -1.00 -1.00 917 297 1.1971 -0.4771 0.004090
900.00 P 20260807 -1.00 -1.00 1855 1661 1.1823 -0.4972 0.004115
905.00 P 20260807 -1.00 -1.00 215 461 1.1676 -0.5178 0.004140
910.00 P 20260807 -1.00 -1.00 88 359 1.1717 -0.5376 0.004099
915.00 P 20260807 -1.00 -1.00 44 123 1.1623 -0.5584 0.004104
920.00 P 20260807 -1.00 -1.00 78 393 1.1687 -0.5779 0.004055
925.00 P 20260807 -1.00 -1.00 32 296 1.1810 -0.5965 0.003989
930.00 P 20260807 -1.00 -1.00 76 358 1.1724 -0.6176 0.003990
935.00 P 20260807 -1.00 -1.00 17 136 1.1862 -0.6337 0.003882
940.00 P 20260807 -1.00 -1.00 14 419 1.1650 -0.6539 0.003848
945.00 P 20260807 -1.00 -1.00 23 92 1.1490 -0.6739 0.003796
950.00 P 20260807 -1.00 -1.00 238 973 1.1591 -0.6895 0.003680
955.00 P 20260807 -1.00 -1.00 22 54 1.1532 -0.7081 0.003601
957.50 P 20260807 -1.00 -1.00 10 11 1.1721 -0.7129 0.003518
960.00 P 20260807 -1.00 -1.00 61 184 1.1758 -0.7207 0.003467
962.50 P 20260807 -1.00 -1.00 1 0 1.1770 -0.7290 0.003421
965.00 P 20260807 -1.00 -1.00 2 105 1.1790 -0.7371 0.003373
967.50 P 20260807 -1.00 -1.00 36 4 1.1869 -0.7439 0.003317
970.00 P 20260807 -1.00 -1.00 21 128 1.1766 -0.7545 0.003286
972.50 P 20260807 -1.00 -1.00 4 4 1.1742 -0.7614 0.003231
975.00 P 20260807 -1.00 -1.00 6 56 1.1674 -0.7692 0.003179
977.50 P 20260807 -1.00 -1.00 1 1 1.1671 -0.7757 0.003121
980.00 P 20260807 -1.00 -1.00 13 636 1.1679 -0.7820 0.003061
982.50 P 20260807 -1.00 -1.00 5 11 1.1731 -0.7874 0.002999
985.00 P 20260807 -1.00 -1.00 18 66 1.1782 -0.7927 0.002939
990.00 P 20260807 -1.00 -1.00 15 105 1.1862 -0.8037 0.002820
995.00 P 20260807 -1.00 -1.00 6 190 1.1846 -0.8168 0.002707
1000.00 P 20260807 -1.00 -1.00 49 507 1.1732 -0.8325 0.002593
1005.00 P 20260807 -1.00 -1.00 2 85 1.2346 -0.8297 0.002487
1010.00 P 20260807 -1.00 -1.00 43 80 1.1721 -0.8576 0.002360
1015.00 P 20260807 -1.00 -1.00 1 103 1.1598 -0.8684 0.002245
1020.00 P 20260807 -1.00 -1.00 22 58 1.1222 -0.8850 0.002098
1025.00 P 20260807 -1.00 -1.00 3 38 1.1211 -0.8941 0.001978
1030.00 P 20260807 -1.00 -1.00 2 47 1.1343 -0.8998 0.001878
1035.00 P 20260807 -1.00 -1.00 1 55 1.1569 -0.9033 0.001796
1040.00 P 20260807 -1.00 -1.00 2 86 1.1477 -0.9141 0.001669
1045.00 P 20260807 -1.00 -1.00 3 53 1.1796 -0.9149 0.001613
1050.00 P 20260807 -1.00 -1.00 15 78 1.2113 -0.9157 0.001560
1055.00 P 20260807 -1.00 -1.00 2 17 1.2052 -0.9251 0.001449
1060.00 P 20260807 -1.00 -1.00 200 219 1.2632 -0.9197 0.001449
1065.00 P 20260807 -1.00 -1.00 2 27 1.2042 -0.9346 0.001297
1070.00 P 20260807 -1.00 -1.00 4 320 1.1605 -0.9463 0.001150
1075.00 P 20260807 -1.00 -1.00 12 76 1.1977 -0.9450 0.001135
1080.00 P 20260807 -1.00 -1.00 2 46 1.2105 -0.9476 0.001080
1085.00 P 20260807 -1.00 -1.00 1 76 1.2044 -0.9533 0.000995
1090.00 P 20260807 -1.00 -1.00 9 343 1.1900 -0.9605 0.000889
1095.00 P 20260807 -1.00 -1.00 73 56 1.2860 -0.9492 0.000992
1100.00 P 20260807 -1.00 -1.00 10 323 1.2878 -0.9532 0.000930
1105.00 P 20260807 -1.00 -1.00 1 68 1.0392 -0.9869 0.000442
1110.00 P 20260807 -1.00 -1.00 2 96 1.3070 -0.9588 0.000833
1115.00 P 20260807 -1.00 -1.00 7 68 1.3165 -0.9615 0.000787
1120.00 P 20260807 -1.00 -1.00 3 175 1.3901 -0.9542 0.000847
1125.00 P 20260807 -1.00 -1.00 5 92 1.3050 -0.9688 0.000675
1130.00 P 20260807 -1.00 -1.00 1 15 1.3033 -0.9710 0.000635
1135.00 P 20260807 -1.00 -1.00 1 26 1.3122 -0.9723 0.000607
1140.00 P 20260807 -1.00 -1.00 1 27 1.3315 -0.9727 0.000592
1145.00 P 20260807 -1.00 -1.00 -1 0 1.3188 -0.9759 0.000540
1150.00 P 20260807 -1.00 -1.00 2 39 1.3168 -0.9782 0.000499
1155.00 P 20260807 -1.00 -1.00 -1 0 1.5386 -0.9590 0.000703
1160.00 P 20260807 -1.00 -1.00 1 19 1.3710 -0.9773 0.000495
1165.00 P 20260807 -1.00 -1.00 -1 0 1.2971 -0.9865 0.000356
1170.00 P 20260807 -1.00 -1.00 8 7 1.3770 -0.9807 0.000434
1175.00 P 20260807 -1.00 -1.00 -1 0 1.3850 -0.9819 0.000410
1180.00 P 20260807 -1.00 -1.00 1 0 1.4092 -0.9816 0.000407
1185.00 P 20260807 -1.00 -1.00 -1 0 1.4333 -0.9813 0.000405
1190.00 P 20260807 -1.00 -1.00 1 0 1.6598 -0.9651 0.000578
1195.00 P 20260807 -1.00 -1.00 -1 0 1.6575 -0.9669 0.000554
1200.00 P 20260807 -1.00 -1.00 3 0 1.4674 -0.9838 0.000354
1205.00 P 20260807 -1.00 -1.00 30 0 1.4694 -0.9855 0.000328
1210.00 P 20260807 -1.00 -1.00 1 0 1.4877 -0.9857 0.000321
1220.00 P 20260807 -1.00 -1.00 30 0 1.5297 -0.9854 0.000315
1230.00 P 20260807 -1.00 -1.00 2 0 1.5658 -0.9857 0.000303
1240.00 P 20260807 -1.00 -1.00 1 0 1.6015 -0.9860 0.000292
1250.00 P 20260807 -1.00 -1.00 1 0 1.5778 -0.9886 0.000253
537.50 C 20260810 -1.00 -1.00 -1 0 1.3738 0.9987 0.000026
540.00 C 20260810 -1.00 -1.00 -1 0 1.5255 0.9968 0.000054
542.50 C 20260810 -1.00 -1.00 -1 0 1.8496 0.9868 0.000157
545.00 C 20260810 -1.00 -1.00 -1 0 1.8393 0.9865 0.000161
547.50 C 20260810 -1.00 -1.00 -1 0 1.8182 0.9866 0.000161
550.00 C 20260810 -1.00 -1.00 -1 0 1.7918 0.9870 0.000160
552.50 C 20260810 -1.00 -1.00 -1 0 1.8197 0.9851 0.000177
555.00 C 20260810 -1.00 -1.00 -1 0 1.7664 0.9866 0.000167
557.50 C 20260810 -1.00 -1.00 -1 0 1.7403 0.9870 0.000165
560.00 C 20260810 -1.00 -1.00 -1 0 1.7843 0.9843 0.000189
562.50 C 20260810 -1.00 -1.00 -1 0 1.7260 0.9861 0.000176
565.00 C 20260810 -1.00 -1.00 -1 0 1.7591 0.9838 0.000197
567.50 C 20260810 -1.00 -1.00 -1 0 1.7172 0.9849 0.000190
570.00 C 20260810 -1.00 -1.00 -1 0 1.7288 0.9836 0.000203
572.50 C 20260810 -1.00 -1.00 -1 0 1.7191 0.9832 0.000208
575.00 C 20260810 -1.00 -1.00 -1 0 1.6882 0.9838 0.000205
577.50 C 20260810 -1.00 -1.00 -1 0 1.6786 0.9834 0.000211
580.00 C 20260810 -1.00 -1.00 -1 0 1.6532 0.9838 0.000210
582.50 C 20260810 -1.00 -1.00 -1 0 1.6227 0.9844 0.000206
585.00 C 20260810 -1.00 -1.00 1 11 1.6291 0.9833 0.000218
587.50 C 20260810 -1.00 -1.00 -1 0 1.6145 0.9832 0.000222
590.00 C 20260810 -1.00 -1.00 -1 0 1.6051 0.9828 0.000228
592.50 C 20260810 -1.00 -1.00 -1 0 1.6220 0.9812 0.000244
595.00 C 20260810 -1.00 -1.00 -1 0 1.5710 0.9828 0.000233
597.50 C 20260810 -1.00 -1.00 -1 0 1.5775 0.9816 0.000246
600.00 C 20260810 -1.00 -1.00 4 2 1.4800 0.9858 0.000209
602.50 C 20260810 -1.00 -1.00 -1 0 1.5540 0.9811 0.000256
605.00 C 20260810 -1.00 -1.00 -1 0 1.5449 0.9807 0.000262
607.50 C 20260810 -1.00 -1.00 -1 0 1.5514 0.9795 0.000275
610.00 C 20260810 -1.00 -1.00 -1 0 1.4393 0.9845 0.000232
612.50 C 20260810 -1.00 -1.00 -1 0 1.5128 0.9797 0.000280
615.00 C 20260810 -1.00 -1.00 -1 0 1.5245 0.9782 0.000296
617.50 C 20260810 -1.00 -1.00 -1 0 1.5207 0.9775 0.000305
620.00 C 20260810 -1.00 -1.00 -1 0 1.4556 0.9800 0.000287
622.50 C 20260810 -1.00 -1.00 -1 0 1.4571 0.9790 0.000299
625.00 C 20260810 -1.00 -1.00 -1 0 1.4789 0.9770 0.000321
627.50 C 20260810 -1.00 -1.00 -1 0 1.4499 0.9776 0.000319
630.00 C 20260810 -1.00 -1.00 -1 0 1.4361 0.9774 0.000325
632.50 C 20260810 -1.00 -1.00 -1 0 1.4627 0.9748 0.000350
635.00 C 20260810 -1.00 -1.00 -1 0 1.4290 0.9759 0.000345
637.50 C 20260810 -1.00 -1.00 -1 0 1.3903 0.9771 0.000340
640.00 C 20260810 -1.00 -1.00 -1 0 1.4069 0.9752 0.000360
642.50 C 20260810 -1.00 -1.00 -1 0 1.3734 0.9761 0.000357
645.00 C 20260810 -1.00 -1.00 -1 0 1.3399 0.9770 0.000353
647.50 C 20260810 -1.00 -1.00 -1 0 1.4001 0.9706 0.000413
650.00 C 20260810 -1.00 -1.00 1 3 1.3803 0.9709 0.000416
652.50 C 20260810 -1.00 -1.00 -1 0 1.3729 0.9698 0.000430
655.00 C 20260810 -1.00 -1.00 1 1 1.3632 0.9690 0.000442
657.50 C 20260810 -1.00 -1.00 -1 0 1.3311 0.9706 0.000435
660.00 C 20260810 -1.00 -1.00 -1 0 1.3190 0.9700 0.000445
662.50 C 20260810 -1.00 -1.00 -1 0 1.3192 0.9681 0.000467
665.00 C 20260810 -1.00 -1.00 1 1 1.2398 0.9750 0.000411
667.50 C 20260810 -1.00 -1.00 -1 0 1.3124 0.9651 0.000506
670.00 C 20260810 -1.00 -1.00 1 2 1.2562 0.9695 0.000474
672.50 C 20260810 -1.00 -1.00 -1 0 1.2786 0.9649 0.000521
675.00 C 20260810 -1.00 -1.00 2 1 1.2667 0.9643 0.000533
677.50 C 20260810 -1.00 -1.00 -1 0 1.2378 0.9656 0.000529
680.00 C 20260810 -1.00 -1.00 -1 0 1.2748 0.9595 0.000588
682.50 C 20260810 -1.00 -1.00 -1 0 1.2532 0.9599 0.000593
685.00 C 20260810 -1.00 -1.00 2 1 1.2609 0.9571 0.000623
687.50 C 20260810 -1.00 -1.00 2 1 1.2007 0.9619 0.000593
690.00 C 20260810 -1.00 -1.00 -1 0 1.2253 0.9570 0.000642
692.50 C 20260810 -1.00 -1.00 -1 0 1.2403 0.9533 0.000680
695.00 C 20260810 -1.00 -1.00 -1 0 1.1901 0.9569 0.000662
697.50 C 20260810 -1.00 -1.00 -1 0 1.2050 0.9532 0.000702
700.00 C 20260810 -1.00 -1.00 15 15 1.2247 0.9490 0.000743
702.50 C 20260810 -1.00 -1.00 -1 0 1.2059 0.9490 0.000755
705.00 C 20260810 -1.00 -1.00 -1 0 1.1945 0.9482 0.000772
707.50 C 20260810 -1.00 -1.00 -1 0 1.1018 0.9570 0.000714
710.00 C 20260810 -1.00 -1.00 1 1 1.1859 0.9449 0.000819
712.50 C 20260810 -1.00 -1.00 2 1 1.1483 0.9470 0.000818
715.00 C 20260810 -1.00 -1.00 -1 0 1.1976 0.9379 0.000890
717.50 C 20260810 -1.00 -1.00 -1 0 1.1329 0.9445 0.000864
720.00 C 20260810 -1.00 -1.00 4 1 1.1827 0.9336 0.000946
722.50 C 20260810 -1.00 -1.00 -1 0 1.1752 0.9314 0.000974
725.00 C 20260810 -1.00 -1.00 -1 0 1.1610 0.9304 0.000997
727.50 C 20260810 -1.00 -1.00 1 1 1.1605 0.9269 0.001033
730.00 C 20260810 -1.00 -1.00 15 15 1.0933 0.9357 0.001000
732.50 C 20260810 -1.00 -1.00 -1 0 1.1472 0.9221 0.001096
735.00 C 20260810 -1.00 -1.00 -1 0 1.1413 0.9195 0.001129
737.50 C 20260810 -1.00 -1.00 1 1 1.1353 0.9169 0.001163
740.00 C 20260810 -1.00 -1.00 3 1 1.1294 0.9142 0.001197
742.50 C 20260810 -1.00 -1.00 -1 0 1.1263 0.9111 0.001234
745.00 C 20260810 -1.00 -1.00 1 3 1.1218 0.9082 0.001270
747.50 C 20260810 -1.00 -1.00 34 31 1.1173 0.9053 0.001307
750.00 C 20260810 -1.00 -1.00 40 49 1.1423 0.8976 0.001359
755.00 C 20260810 -1.00 -1.00 124 85 1.0959 0.8976 0.001416
760.00 C 20260810 -1.00 -1.00 2 9 1.0790 0.8928 0.001491
765.00 C 20260810 -1.00 -1.00 28 31 1.0265 0.8939 0.001555
770.00 C 20260810 -1.00 -1.00 9 29 1.0943 0.8718 0.001669
775.00 C 20260810 -1.00 -1.00 23 27 1.0785 0.8641 0.001755
780.00 C 20260810 -1.00 -1.00 76 30 1.0813 0.8524 0.001846
785.00 C 20260810 -1.00 -1.00 1 30 0.9994 0.8587 0.001943
790.00 C 20260810 -1.00 -1.00 3 118 1.0398 0.8381 0.002040
795.00 C 20260810 -1.00 -1.00 4 51 1.0609 0.8226 0.002127
800.00 C 20260810 -1.00 -1.00 155 190 1.0585 0.8117 0.002222
805.00 C 20260810 -1.00 -1.00 4 54 1.0130 0.8082 0.002352
810.00 C 20260810 -1.00 -1.00 13 72 0.9971 0.7991 0.002468
815.00 C 20260810 -1.00 -1.00 8 64 1.0222 0.7806 0.002531
820.00 C 20260810 -1.00 -1.00 117 149 0.9734 0.7754 0.002689
825.00 C 20260810 -1.00 -1.00 14 78 1.0119 0.7524 0.002710
830.00 C 20260810 -1.00 -1.00 33 85 0.9719 0.7441 0.002868
835.00 C 20260810 -1.00 -1.00 46 64 1.0082 0.7226 0.002881
840.00 C 20260810 -1.00 -1.00 142 152 1.0032 0.7081 0.002975
845.00 C 20260810 -1.00 -1.00 2 55 0.9975 0.6935 0.003072
850.00 C 20260810 -1.00 -1.00 124 200 1.0066 0.6771 0.003133
855.00 C 20260810 -1.00 -1.00 37 39 1.0108 0.6604 0.003180
860.00 C 20260810 -1.00 -1.00 231 296 0.9805 0.6463 0.003311
865.00 C 20260810 -1.00 -1.00 140 49 0.9675 0.6298 0.003393
870.00 C 20260810 -1.00 -1.00 94 295 0.9967 0.6103 0.003337
875.00 C 20260810 -1.00 -1.00 115 50 0.9788 0.5939 0.003435
880.00 C 20260810 -1.00 -1.00 433 2307 0.9770 0.5764 0.003481
885.00 C 20260810 -1.00 -1.00 63 44 0.9539 0.5591 0.003605
890.00 C 20260810 -1.00 -1.00 195 84 0.9674 0.5412 0.003596
895.00 C 20260810 -1.00 -1.00 209 51 0.9715 0.5237 0.003610
900.00 C 20260810 -1.00 -1.00 1765 2675 0.9649 0.5061 0.003616
905.00 C 20260810 -1.00 -1.00 53 32 0.9686 0.4889 0.003583
910.00 C 20260810 -1.00 -1.00 83 52 0.9778 0.4723 0.003532
915.00 C 20260810 -1.00 -1.00 72 29 0.9610 0.4535 0.003573
920.00 C 20260810 -1.00 -1.00 95 1130 0.9734 0.4375 0.003511
925.00 C 20260810 -1.00 -1.00 113 55 0.9562 0.4179 0.003552
930.00 C 20260810 -1.00 -1.00 108 103 0.9599 0.4009 0.003520
935.00 C 20260810 -1.00 -1.00 31 66 0.9663 0.3845 0.003479
940.00 C 20260810 -1.00 -1.00 729 95 0.9621 0.3684 0.003435
945.00 C 20260810 -1.00 -1.00 135 37 0.9558 0.3522 0.003386
950.00 C 20260810 -1.00 -1.00 904 186 0.9525 0.3365 0.003327
955.00 C 20260810 -1.00 -1.00 109 32 0.9504 0.3209 0.003264
960.00 C 20260810 -1.00 -1.00 98 90 0.9501 0.3057 0.003196
965.00 C 20260810 -1.00 -1.00 85 30 0.9517 0.2910 0.003124
970.00 C 20260810 -1.00 -1.00 102 36 0.9544 0.2766 0.003050
975.00 C 20260810 -1.00 -1.00 66 44 0.9594 0.2630 0.002973
980.00 C 20260810 -1.00 -1.00 86 93 0.9669 0.2502 0.002894
985.00 C 20260810 -1.00 -1.00 45 99 0.9587 0.2370 0.002816
990.00 C 20260810 -1.00 -1.00 133 148 0.9542 0.2246 0.002732
995.00 C 20260810 -1.00 -1.00 28 98 0.9505 0.2123 0.002645
1000.00 C 20260810 -1.00 -1.00 1394 414 0.9499 0.2008 0.002555
1005.00 C 20260810 -1.00 -1.00 95 68 0.9509 0.1897 0.002464
1010.00 C 20260810 -1.00 -1.00 165 18 0.9518 0.1787 0.002375
1015.00 C 20260810 -1.00 -1.00 147 86 0.9557 0.1686 0.002285
1020.00 C 20260810 -1.00 -1.00 88 59 0.9604 0.1589 0.002198
1025.00 C 20260810 -1.00 -1.00 39 36 0.9666 0.1498 0.002113
1030.00 C 20260810 -1.00 -1.00 24 38 0.9647 0.1412 0.002029
1035.00 C 20260810 -1.00 -1.00 51 129 0.9603 0.1329 0.001945
1040.00 C 20260810 -1.00 -1.00 30 79 0.9582 0.1250 0.001861
1045.00 C 20260810 -1.00 -1.00 30 89 0.9560 0.1171 0.001776
1050.00 C 20260810 -1.00 -1.00 288 116 0.9572 0.1101 0.001694
1055.00 C 20260810 -1.00 -1.00 54 31 0.9595 0.1034 0.001615
1060.00 C 20260810 -1.00 -1.00 51 50 0.9630 0.0970 0.001538
1065.00 C 20260810 -1.00 -1.00 111 18 0.9675 0.0910 0.001464
1070.00 C 20260810 -1.00 -1.00 26 139 0.9731 0.0854 0.001394
1075.00 C 20260810 -1.00 -1.00 31 45 0.9798 0.0802 0.001327
1080.00 C 20260810 -1.00 -1.00 33 68 0.9807 0.0751 0.001261
1085.00 C 20260810 -1.00 -1.00 140 33 0.9782 0.0706 0.001200
1090.00 C 20260810 -1.00 -1.00 18 18 0.9777 0.0664 0.001141
1095.00 C 20260810 -1.00 -1.00 89 34 0.9783 0.0624 0.001084
1100.00 C 20260810 -1.00 -1.00 860 434 0.9782 0.0583 0.001025
1105.00 C 20260810 -1.00 -1.00 31 113 0.9807 0.0548 0.000971
1110.00 C 20260810 -1.00 -1.00 30 25 0.9846 0.0515 0.000921
1115.00 C 20260810 -1.00 -1.00 4 12 0.9894 0.0485 0.000874
1120.00 C 20260810 -1.00 -1.00 38 15 0.9948 0.0456 0.000828
1125.00 C 20260810 -1.00 -1.00 22 18 0.9995 0.0426 0.000782
1130.00 C 20260810 -1.00 -1.00 16 22 1.0067 0.0402 0.000743
1135.00 C 20260810 -1.00 -1.00 8 13 1.0143 0.0379 0.000706
1140.00 C 20260810 -1.00 -1.00 30 19 1.0212 0.0357 0.000670
1145.00 C 20260810 -1.00 -1.00 4 23 1.0193 0.0336 0.000636
1150.00 C 20260810 -1.00 -1.00 29 24 1.0203 0.0318 0.000605
1155.00 C 20260810 -1.00 -1.00 7 33 1.0214 0.0300 0.000574
1160.00 C 20260810 -1.00 -1.00 35 33 1.0239 0.0284 0.000546
1165.00 C 20260810 -1.00 -1.00 6 31 1.0264 0.0268 0.000518
1170.00 C 20260810 -1.00 -1.00 36 32 1.0281 0.0251 0.000489
1175.00 C 20260810 -1.00 -1.00 9 6 1.0328 0.0238 0.000464
1180.00 C 20260810 -1.00 -1.00 16 34 1.0381 0.0226 0.000442
1185.00 C 20260810 -1.00 -1.00 30 32 1.0435 0.0214 0.000420
1190.00 C 20260810 -1.00 -1.00 82 20 1.0495 0.0203 0.000399
1195.00 C 20260810 -1.00 -1.00 57 10 1.0555 0.0192 0.000379
1200.00 C 20260810 -1.00 -1.00 167 62 1.0680 0.0189 0.000370
1205.00 C 20260810 -1.00 -1.00 62 12 1.0689 0.0172 0.000342
1210.00 C 20260810 -1.00 -1.00 60 8 1.0777 0.0165 0.000328
1215.00 C 20260810 -1.00 -1.00 58 1 1.0851 0.0156 0.000312
1220.00 C 20260810 -1.00 -1.00 52 1 1.0938 0.0150 0.000299
1225.00 C 20260810 -1.00 -1.00 197 0 1.0992 0.0143 0.000286
1230.00 C 20260810 -1.00 -1.00 150 1 1.1003 0.0136 0.000274
1235.00 C 20260810 -1.00 -1.00 134 238 1.0982 0.0128 0.000259
1240.00 C 20260810 -1.00 -1.00 173 4 1.1043 0.0124 0.000250
1250.00 C 20260810 -1.00 -1.00 102 41 1.1115 0.0113 0.000229
537.50 P 20260810 -1.00 -1.00 75 1 1.4527 -0.0022 0.000041
540.00 P 20260810 -1.00 -1.00 370 2 1.4476 -0.0023 0.000043
542.50 P 20260810 -1.00 -1.00 55 2 1.4145 -0.0021 0.000040
545.00 P 20260810 -1.00 -1.00 458 0 1.4306 -0.0024 0.000045
547.50 P 20260810 -1.00 -1.00 88 1 1.3977 -0.0022 0.000042
550.00 P 20260810 -1.00 -1.00 133 25 1.3998 -0.0024 0.000045
552.50 P 20260810 -1.00 -1.00 13 10 1.4614 -0.0035 0.000061
555.00 P 20260810 -1.00 -1.00 12 158 1.4483 -0.0035 0.000062
557.50 P 20260810 -1.00 -1.00 21 0 1.4199 -0.0031 0.000057
560.00 P 20260810 -1.00 -1.00 4 296 1.4100 -0.0032 0.000059
562.50 P 20260810 -1.00 -1.00 12 0 1.3997 -0.0033 0.000061
565.00 P 20260810 -1.00 -1.00 89 0 1.3919 -0.0035 0.000064
567.50 P 20260810 -1.00 -1.00 261 8 1.3792 -0.0035 0.000065
570.00 P 20260810 -1.00 -1.00 353 1 1.3716 -0.0037 0.000068
572.50 P 20260810 -1.00 -1.00 1 1 1.3639 -0.0039 0.000072
575.00 P 20260810 -1.00 -1.00 2 0 1.3539 -0.0040 0.000074
577.50 P 20260810 -1.00 -1.00 2 2 1.3488 -0.0042 0.000079
580.00 P 20260810 -1.00 -1.00 10 6 1.3413 -0.0044 0.000082
582.50 P 20260810 -1.00 -1.00 6 4 1.3313 -0.0045 0.000085
585.00 P 20260810 -1.00 -1.00 2 91 1.3263 -0.0048 0.000090
587.50 P 20260810 -1.00 -1.00 14 10 1.3189 -0.0050 0.000093
590.00 P 20260810 -1.00 -1.00 1 50 1.3090 -0.0051 0.000096
592.50 P 20260810 -1.00 -1.00 9 19 1.3090 -0.0056 0.000103
595.00 P 20260810 -1.00 -1.00 20 18 1.3017 -0.0058 0.000107
597.50 P 20260810 -1.00 -1.00 14 6 1.3041 -0.0063 0.000116
600.00 P 20260810 -1.00 -1.00 9 127 1.2919 -0.0063 0.000118
602.50 P 20260810 -1.00 -1.00 9 2 1.2847 -0.0065 0.000122
605.00 P 20260810 -1.00 -1.00 5 7 1.2823 -0.0069 0.000129
607.50 P 20260810 -1.00 -1.00 3 39 1.2847 -0.0074 0.000137
610.00 P 20260810 -1.00 -1.00 20 33 1.2799 -0.0077 0.000143
612.50 P 20260810 -1.00 -1.00 16 49 1.2751 -0.0080 0.000148
615.00 P 20260810 -1.00 -1.00 27 26 1.2728 -0.0084 0.000155
617.50 P 20260810 -1.00 -1.00 14 16 1.2704 -0.0088 0.000162
620.00 P 20260810 -1.00 -1.00 24 38 1.2633 -0.0090 0.000167
622.50 P 20260810 -1.00 -1.00 4 5 1.2658 -0.0095 0.000175
625.00 P 20260810 -1.00 -1.00 61 36 1.2604 -0.0100 0.000183
627.50 P 20260810 -1.00 -1.00 1 0 1.2524 -0.0104 0.000191
630.00 P 20260810 -1.00 -1.00 12 19 1.2465 -0.0110 0.000201
632.50 P 20260810 -1.00 -1.00 1 4 1.2385 -0.0115 0.000209
635.00 P 20260810 -1.00 -1.00 4 4 1.2317 -0.0120 0.000219
637.50 P 20260810 -1.00 -1.00 3 3 1.2248 -0.0126 0.000228
640.00 P 20260810 -1.00 -1.00 68 29 1.2210 -0.0134 0.000241
642.50 P 20260810 -1.00 -1.00 21 23 1.2142 -0.0139 0.000251
645.00 P 20260810 -1.00 -1.00 5 25 1.2085 -0.0146 0.000262
647.50 P 20260810 -1.00 -1.00 3 9 1.2037 -0.0153 0.000274
650.00 P 20260810 -1.00 -1.00 85 133 1.2010 -0.0161 0.000288
652.50 P 20260810 -1.00 -1.00 3 20 1.1963 -0.0169 0.000300
655.00 P 20260810 -1.00 -1.00 4 50 1.1916 -0.0176 0.000313
657.50 P 20260810 -1.00 -1.00 14 75 1.1889 -0.0185 0.000327
660.00 P 20260810 -1.00 -1.00 13 54 1.1862 -0.0194 0.000342
662.50 P 20260810 -1.00 -1.00 6 36 1.1835 -0.0203 0.000356
665.00 P 20260810 -1.00 -1.00 5 58 1.1819 -0.0212 0.000372
667.50 P 20260810 -1.00 -1.00 13 65 1.1802 -0.0222 0.000387
670.00 P 20260810 -1.00 -1.00 100 68 1.1795 -0.0232 0.000404
672.50 P 20260810 -1.00 -1.00 2 54 1.1789 -0.0242 0.000420
675.00 P 20260810 -1.00 -1.00 70 48 1.1811 -0.0254 0.000439
677.50 P 20260810 -1.00 -1.00 2 185 1.1746 -0.0265 0.000456
680.00 P 20260810 -1.00 -1.00 23 157 1.1675 -0.0277 0.000474
682.50 P 20260810 -1.00 -1.00 11 46 1.1609 -0.0290 0.000493
685.00 P 20260810 -1.00 -1.00 15 279 1.1548 -0.0303 0.000514
687.50 P 20260810 -1.00 -1.00 3 23 1.1483 -0.0316 0.000534
690.00 P 20260810 -1.00 -1.00 13 72 1.1427 -0.0330 0.000555
692.50 P 20260810 -1.00 -1.00 1 70 1.1372 -0.0344 0.000577
695.00 P 20260810 -1.00 -1.00 14 110 1.1321 -0.0360 0.000600
697.50 P 20260810 -1.00 -1.00 6 51 1.1281 -0.0376 0.000625
700.00 P 20260810 -1.00 -1.00 754 166 1.1236 -0.0392 0.000649
702.50 P 20260810 -1.00 -1.00 6 105 1.1200 -0.0409 0.000675
705.00 P 20260810 -1.00 -1.00 16 44 1.1162 -0.0428 0.000702
707.50 P 20260810 -1.00 -1.00 4 37 1.1132 -0.0446 0.000729
710.00 P 20260810 -1.00 -1.00 64 345 1.1111 -0.0465 0.000757
712.50 P 20260810 -1.00 -1.00 56 39 1.1095 -0.0486 0.000786
715.00 P 20260810 -1.00 -1.00 5 20 1.1098 -0.0508 0.000817
717.50 P 20260810 -1.00 -1.00 1 50 1.1073 -0.0527 0.000845
720.00 P 20260810 -1.00 -1.00 47 168 1.1072 -0.0549 0.000875
722.50 P 20260810 -1.00 -1.00 2 9 1.1079 -0.0572 0.000906
725.00 P 20260810 -1.00 -1.00 50 144 1.1045 -0.0592 0.000936
727.50 P 20260810 -1.00 -1.00 2 7 1.0974 -0.0616 0.000968
730.00 P 20260810 -1.00 -1.00 18 64 1.0929 -0.0645 0.001003
732.50 P 20260810 -1.00 -1.00 2 9 1.0858 -0.0668 0.001036
735.00 P 20260810 -1.00 -1.00 23 44 1.0814 -0.0698 0.001073
737.50 P 20260810 -1.00 -1.00 8 48 1.0743 -0.0722 0.001108
740.00 P 20260810 -1.00 -1.00 102 73 1.0700 -0.0752 0.001146
742.50 P 20260810 -1.00 -1.00 2 5 1.0657 -0.0782 0.001185
745.00 P 20260810 -1.00 -1.00 7 12 1.0613 -0.0813 0.001224
747.50 P 20260810 -1.00 -1.00 3 15 1.0597 -0.0849 0.001266
750.00 P 20260810 -1.00 -1.00 95 127 1.0554 -0.0880 0.001306
755.00 P 20260810 -1.00 -1.00 16 40 1.0522 -0.0952 0.001393
760.00 P 20260810 -1.00 -1.00 97 320 1.0490 -0.1024 0.001480
765.00 P 20260810 -1.00 -1.00 13 47 1.0499 -0.1104 0.001570
770.00 P 20260810 -1.00 -1.00 189 186 1.0502 -0.1186 0.001660
775.00 P 20260810 -1.00 -1.00 109 40 1.0382 -0.1273 0.001753
780.00 P 20260810 -1.00 -1.00 38 165 1.0281 -0.1366 0.001849
785.00 P 20260810 -1.00 -1.00 9 27 1.0207 -0.1466 0.001949
790.00 P 20260810 -1.00 -1.00 24 86 1.0141 -0.1570 0.002051
795.00 P 20260810 -1.00 -1.00 15 31 1.0111 -0.1682 0.002154
800.00 P 20260810 -1.00 -1.00 153 316 1.0099 -0.1799 0.002257
805.00 P 20260810 -1.00 -1.00 19 54 1.0103 -0.1918 0.002359
810.00 P 20260810 -1.00 -1.00 32 81 1.0142 -0.2044 0.002458
815.00 P 20260810 -1.00 -1.00 11 29 1.0072 -0.2170 0.002558
820.00 P 20260810 -1.00 -1.00 124 79 0.9989 -0.2306 0.002654
825.00 P 20260810 -1.00 -1.00 50 24 0.9914 -0.2445 0.002751
830.00 P 20260810 -1.00 -1.00 69 152 0.9858 -0.2591 0.002847
835.00 P 20260810 -1.00 -1.00 21 40 0.9828 -0.2741 0.002940
840.00 P 20260810 -1.00 -1.00 426 30 0.9824 -0.2897 0.003028
845.00 P 20260810 -1.00 -1.00 47 21 0.9833 -0.3054 0.003112
850.00 P 20260810 -1.00 -1.00 293 303 0.9867 -0.3214 0.003190
855.00 P 20260810 -1.00 -1.00 59 36 0.9855 -0.3377 0.003261
860.00 P 20260810 -1.00 -1.00 112 188 0.9770 -0.3543 0.003328
865.00 P 20260810 -1.00 -1.00 70 80 0.9714 -0.3714 0.003386
870.00 P 20260810 -1.00 -1.00 105 19 0.9669 -0.3888 0.003442
875.00 P 20260810 -1.00 -1.00 66 25 0.9657 -0.4065 0.003486
880.00 P 20260810 -1.00 -1.00 231 18 0.9722 -0.4244 0.003504
885.00 P 20260810 -1.00 -1.00 60 53 0.9645 -0.4420 0.003573
890.00 P 20260810 -1.00 -1.00 57 47 0.9693 -0.4598 0.003596
895.00 P 20260810 -1.00 -1.00 21 12 0.9796 -0.4772 0.003584
900.00 P 20260810 -1.00 -1.00 73 79 0.9600 -0.4953 0.003639
905.00 P 20260810 -1.00 -1.00 10 5 0.9644 -0.5125 0.003604
910.00 P 20260810 -1.00 -1.00 12 12 0.9666 -0.5297 0.003577
915.00 P 20260810 -1.00 -1.00 14 10 0.9655 -0.5472 0.003562
920.00 P 20260810 -1.00 -1.00 2 31 0.9473 -0.5669 0.003609
925.00 P 20260810 -1.00 -1.00 6 1 0.9581 -0.5831 0.003552
930.00 P 20260810 -1.00 -1.00 2 2 0.9597 -0.6004 0.003527
935.00 P 20260810 -1.00 -1.00 4 6 0.9787 -0.6147 0.003444
940.00 P 20260810 -1.00 -1.00 2 14 0.9506 -0.6349 0.003473
945.00 P 20260810 -1.00 -1.00 16 11 0.9473 -0.6506 0.003413
950.00 P 20260810 -1.00 -1.00 1 23 0.9573 -0.6638 0.003318
955.00 P 20260810 -1.00 -1.00 1 12 0.9343 -0.6841 0.003308
960.00 P 20260810 -1.00 -1.00 5 1 0.9269 -0.7013 0.003255
965.00 P 20260810 -1.00 -1.00 2 1 0.9470 -0.7116 0.003139
970.00 P 20260810 -1.00 -1.00 1 1 0.9414 -0.7284 0.003082
975.00 P 20260810 -1.00 -1.00 -1 0 0.9381 -0.7448 0.003018
980.00 P 20260810 -1.00 -1.00 8 14 0.9474 -0.7558 0.002923
985.00 P 20260810 -1.00 -1.00 1 2 0.9623 -0.7635 0.002817
990.00 P 20260810 -1.00 -1.00 1 4 0.9424 -0.7799 0.002746
995.00 P 20260810 -1.00 -1.00 1 25 0.9373 -0.7928 0.002658
1000.00 P 20260810 -1.00 -1.00 17 4 0.9828 -0.7916 0.002543
1005.00 P 20260810 -1.00 -1.00 -1 0 0.9101 -0.8245 0.002477
1010.00 P 20260810 -1.00 -1.00 1 4 0.9164 -0.8344 0.002379
1015.00 P 20260810 -1.00 -1.00 1 1 0.9310 -0.8412 0.002287
1020.00 P 20260810 -1.00 -1.00 5 5 0.9065 -0.8593 0.002182
1025.00 P 20260810 -1.00 -1.00 -1 0 0.9136 -0.8653 0.002094
1030.00 P 20260810 -1.00 -1.00 -1 1 0.9058 -0.8751 0.001996
1035.00 P 20260810 -1.00 -1.00 -1 0 0.8879 -0.8881 0.001881
1040.00 P 20260810 -1.00 -1.00 2 3 0.8960 -0.8937 0.001796
1045.00 P 20260810 -1.00 -1.00 -1 0 0.9086 -0.8979 0.001722
1050.00 P 20260810 -1.00 -1.00 1 8 0.8996 -0.9085 0.001613
1055.00 P 20260810 -1.00 -1.00 -1 0 0.9527 -0.9004 0.001613
1060.00 P 20260810 -1.00 -1.00 4 4 0.9083 -0.9216 0.001443
1065.00 P 20260810 -1.00 -1.00 -1 0 0.9296 -0.9225 0.001399
1070.00 P 20260810 -1.00 -1.00 1 1 0.8892 -0.9358 0.001265
1075.00 P 20260810 -1.00 -1.00 -1 0 0.8810 -0.9422 0.001177
1080.00 P 20260810 -1.00 -1.00 -1 0 0.8745 -0.9483 0.001090
1085.00 P 20260810 -1.00 -1.00 -1 0 0.9399 -0.9388 0.001151
1090.00 P 20260810 -1.00 -1.00 -1 0 1.0200 -0.9278 0.001206
1095.00 P 20260810 -1.00 -1.00 -1 0 0.8695 -0.9636 0.000854
1100.00 P 20260810 -1.00 -1.00 1 4 0.8820 -0.9652 0.000816
1105.00 P 20260810 -1.00 -1.00 -1 0 0.9248 -0.9595 0.000862
1110.00 P 20260810 -1.00 -1.00 2 2 0.8260 -0.9787 0.000611
1115.00 P 20260810 -1.00 -1.00 5 5 0.9122 -0.9691 0.000721
1120.00 P 20260810 -1.00 -1.00 -1 0 0.9662 -0.9629 0.000775
1125.00 P 20260810 -1.00 -1.00 -1 0 0.9248 -0.9718 0.000659
1130.00 P 20260810 -1.00 -1.00 -1 0 0.9191 -0.9748 0.000611
1135.00 P 20260810 -1.00 -1.00 -1 0 0.9091 -0.9784 0.000554
1140.00 P 20260810 -1.00 -1.00 -1 0 0.9862 -0.9705 0.000638
1145.00 P 20260810 -1.00 -1.00 -1 0 0.9410 -0.9784 0.000533
1150.00 P 20260810 -1.00 -1.00 -1 0 0.9263 -0.9826 0.000466
1155.00 P 20260810 -1.00 -1.00 -1 0 0.8896 -0.9895 0.000359
1160.00 P 20260810 -1.00 -1.00 -1 0 0.8590 -0.9928 0.000295
1165.00 P 20260810 -1.00 -1.00 -1 0 1.0586 -0.9717 0.000572
1170.00 P 20260810 -1.00 -1.00 -1 0 0.8944 -0.9921 0.000298
1175.00 P 20260810 -1.00 -1.00 -1 0 -1.0000 -1.0000 -1.000000
1180.00 P 20260810 -1.00 -1.00 -1 0 -1.0000 -1.0000 -1.000000
1185.00 P 20260810 -1.00 -1.00 -1 0 0.9413 -0.9916 0.000293
1190.00 P 20260810 -1.00 -1.00 -1 0 -1.0000 -1.0000 -1.000000
1195.00 P 20260810 -1.00 -1.00 -1 0 -1.0000 -1.0000 -1.000000
1200.00 P 20260810 -1.00 -1.00 1 1 -1.0000 -1.0000 -1.000000
1205.00 P 20260810 -1.00 -1.00 -1 0 0.9664 -0.9935 0.000240
1210.00 P 20260810 -1.00 -1.00 -1 0 -1.0000 -1.0000 -1.000000
1215.00 P 20260810 -1.00 -1.00 -1 0 -1.0000 -1.0000 -1.000000
1220.00 P 20260810 -1.00 -1.00 -1 0 1.2006 -0.9750 0.000454
1225.00 P 20260810 -1.00 -1.00 -1 0 -1.0000 -1.0000 -1.000000
1230.00 P 20260810 -1.00 -1.00 -1 0 -1.0000 -1.0000 -1.000000
1235.00 P 20260810 -1.00 -1.00 -1 0 -1.0000 -1.0000 -1.000000
1240.00 P 20260810 -1.00 -1.00 -1 0 -1.0000 -1.0000 -1.000000
1250.00 P 20260810 -1.00 -1.00 -1 0 -1.0000 -1.0000 -1.000000
537.50 C 20260812 -1.00 -1.00 -1 0 1.6446 0.9866 0.000156
540.00 C 20260812 -1.00 -1.00 -1 0 1.6307 0.9865 0.000158
542.50 C 20260812 -1.00 -1.00 -1 0 1.6455 0.9851 0.000171
545.00 C 20260812 -1.00 -1.00 -1 0 1.6364 0.9847 0.000175
547.50 C 20260812 -1.00 -1.00 -1 0 1.5894 0.9862 0.000165
550.00 C 20260812 -1.00 -1.00 -1 0 1.6184 0.9841 0.000184
552.50 C 20260812 -1.00 -1.00 -1 0 1.5764 0.9853 0.000176
555.00 C 20260812 -1.00 -1.00 -1 0 1.5628 0.9852 0.000178
557.50 C 20260812 -1.00 -1.00 -1 0 1.5353 0.9858 0.000175
560.00 C 20260812 -1.00 -1.00 -1 0 1.5453 0.9845 0.000187
562.50 C 20260812 -1.00 -1.00 -1 0 1.5507 0.9835 0.000197
565.00 C 20260812 -1.00 -1.00 -1 0 1.5186 0.9843 0.000193
567.50 C 20260812 -1.00 -1.00 -1 0 1.5380 0.9826 0.000209
570.00 C 20260812 -1.00 -1.00 -1 0 1.5154 0.9829 0.000208
572.50 C 20260812 -1.00 -1.00 -1 0 1.5393 0.9810 0.000226
575.00 C 20260812 -1.00 -1.00 -1 0 1.5169 0.9813 0.000226
577.50 C 20260812 -1.00 -1.00 -1 0 1.5037 0.9812 0.000229
580.00 C 20260812 -1.00 -1.00 -1 0 1.4953 0.9808 0.000235
582.50 C 20260812 -1.00 -1.00 -1 0 1.5052 0.9795 0.000247
585.00 C 20260812 -1.00 -1.00 -1 0 1.4830 0.9798 0.000247
587.50 C 20260812 -1.00 -1.00 -1 0 1.4609 0.9801 0.000247
590.00 C 20260812 -1.00 -1.00 6 6 1.4389 0.9804 0.000248
592.50 C 20260812 -1.00 -1.00 -1 0 1.4489 0.9791 0.000261
595.00 C 20260812 -1.00 -1.00 -1 0 1.4543 0.9780 0.000272
597.50 C 20260812 -1.00 -1.00 -1 0 1.4461 0.9776 0.000278
600.00 C 20260812 -1.00 -1.00 -1 0 1.4108 0.9786 0.000273
602.50 C 20260812 -1.00 -1.00 -1 0 1.4207 0.9773 0.000287
605.00 C 20260812 -1.00 -1.00 1 1 1.4171 0.9767 0.000295
607.50 C 20260812 -1.00 -1.00 -1 0 1.4135 0.9760 0.000303
610.00 C 20260812 -1.00 -1.00 6 6 1.4020 0.9756 0.000310
612.50 C 20260812 -1.00 -1.00 -1 0 1.3882 0.9754 0.000315
615.00 C 20260812 -1.00 -1.00 -1 0 1.3813 0.9745 0.000325
617.50 C 20260812 -1.00 -1.00 -1 0 1.3654 0.9745 0.000329
620.00 C 20260812 -1.00 -1.00 -1 0 1.3585 0.9736 0.000339
622.50 C 20260812 -1.00 -1.00 -1 0 1.3539 0.9725 0.000352
625.00 C 20260812 -1.00 -1.00 -1 0 1.3492 0.9713 0.000365
627.50 C 20260812 -1.00 -1.00 -1 0 1.3336 0.9713 0.000369
630.00 C 20260812 -1.00 -1.00 -1 0 1.3224 0.9708 0.000377
632.50 C 20260812 -1.00 -1.00 -1 0 1.3244 0.9689 0.000396
635.00 C 20260812 -1.00 -1.00 -1 0 1.2891 0.9711 0.000385
637.50 C 20260812 -1.00 -1.00 -1 0 1.2913 0.9691 0.000404
640.00 C 20260812 -1.00 -1.00 -1 0 1.2912 0.9674 0.000422
642.50 C 20260812 -1.00 -1.00 -1 0 1.2999 0.9648 0.000447
645.00 C 20260812 -1.00 -1.00 -1 0 1.2823 0.9649 0.000451
647.50 C 20260812 -1.00 -1.00 -1 0 1.2692 0.9646 0.000459
650.00 C 20260812 -1.00 -1.00 2 2 1.2692 0.9629 0.000477
652.50 C 20260812 -1.00 -1.00 -1 0 1.2757 0.9605 0.000501
655.00 C 20260812 -1.00 -1.00 6 6 1.2627 0.9601 0.000509
657.50 C 20260812 -1.00 -1.00 -1 0 1.2540 0.9593 0.000522
660.00 C 20260812 -1.00 -1.00 -1 0 1.2519 0.9577 0.000539
662.50 C 20260812 -1.00 -1.00 -1 0 1.2454 0.9567 0.000554
665.00 C 20260812 -1.00 -1.00 -1 0 1.2390 0.9556 0.000568
667.50 C 20260812 -1.00 -1.00 -1 0 1.2348 0.9542 0.000585
670.00 C 20260812 -1.00 -1.00 6 6 1.2412 0.9518 0.000608
672.50 C 20260812 -1.00 -1.00 -1 0 1.2220 0.9520 0.000615
675.00 C 20260812 -1.00 -1.00 -1 0 1.2008 0.9525 0.000621
677.50 C 20260812 -1.00 -1.00 -1 0 1.2094 0.9497 0.000647
680.00 C 20260812 -1.00 -1.00 -1 0 1.1947 0.9495 0.000658
682.50 C 20260812 -1.00 -1.00 -1 0 1.1652 0.9508 0.000658
685.00 C 20260812 -1.00 -1.00 -1 0 1.1674 0.9487 0.000681
687.50 C 20260812 -1.00 -1.00 -1 0 1.1676 0.9468 0.000703
690.00 C 20260812 -1.00 -1.00 2 2 1.1594 0.9459 0.000719
692.50 C 20260812 -1.00 -1.00 -1 0 1.1849 0.9400 0.000762
695.00 C 20260812 -1.00 -1.00 -1 0 1.1623 0.9410 0.000769
697.50 C 20260812 -1.00 -1.00 -1 0 1.1615 0.9380 0.000797
700.00 C 20260812 -1.00 -1.00 1 1 1.1583 0.9354 0.000822
702.50 C 20260812 -1.00 -1.00 -1 0 1.1455 0.9345 0.000840
705.00 C 20260812 -1.00 -1.00 1 0 1.1448 0.9314 0.000868
707.50 C 20260812 -1.00 -1.00 -1 0 1.1344 0.9301 0.000889
710.00 C 20260812 -1.00 -1.00 -1 0 1.1109 0.9311 0.000898
712.50 C 20260812 -1.00 -1.00 -1 0 1.1222 0.9258 0.000939
715.00 C 20260812 -1.00 -1.00 -1 0 1.1216 0.9227 0.000969
717.50 C 20260812 -1.00 -1.00 10 10 1.1269 0.9185 0.001003
720.00 C 20260812 -1.00 -1.00 -1 0 1.1250 0.9156 0.001032
722.50 C 20260812 -1.00 -1.00 -1 0 1.1041 0.9159 0.001049
725.00 C 20260812 -1.00 -1.00 3 6 1.1296 0.9084 0.001095
727.50 C 20260812 -1.00 -1.00 -1 0 1.1040 0.9094 0.001111
730.00 C 20260812 -1.00 -1.00 -1 0 1.0702 0.9118 0.001122
732.50 C 20260812 -1.00 -1.00 -1 0 1.1027 0.9030 0.001174
735.00 C 20260812 -1.00 -1.00 2 2 1.1068 0.8990 0.001207
737.50 C 20260812 -1.00 -1.00 -1 0 1.1191 0.8939 0.001242
740.00 C 20260812 -1.00 -1.00 3 2 1.1102 0.8920 0.001270
742.50 C 20260812 -1.00 -1.00 2 1 1.0932 0.8913 0.001296
745.00 C 20260812 -1.00 -1.00 -1 0 1.1031 0.8865 0.001331
747.50 C 20260812 -1.00 -1.00 -1 0 1.1002 0.8829 0.001363
750.00 C 20260812 -1.00 -1.00 4 2 1.1046 0.8772 0.001397
755.00 C 20260812 -1.00 -1.00 5 5 1.0833 0.8721 0.001461
760.00 C 20260812 -1.00 -1.00 8 7 1.0713 0.8648 0.001530
765.00 C 20260812 -1.00 -1.00 10 7 1.0641 0.8564 0.001601
770.00 C 20260812 -1.00 -1.00 6 12 1.0807 0.8433 0.001670
775.00 C 20260812 -1.00 -1.00 4 260 1.0750 0.8346 0.001741
780.00 C 20260812 -1.00 -1.00 35 12 1.0594 0.8275 0.001818
785.00 C 20260812 -1.00 -1.00 17 29 1.0683 0.8161 0.001885
790.00 C 20260812 -1.00 -1.00 7 17 1.0672 0.8064 0.001957
795.00 C 20260812 -1.00 -1.00 1 14 1.0684 0.7963 0.002027
800.00 C 20260812 -1.00 -1.00 6 44 1.0569 0.7861 0.002099
805.00 C 20260812 -1.00 -1.00 1 8 1.0558 0.7736 0.002158
810.00 C 20260812 -1.00 -1.00 17 20 1.0280 0.7658 0.002254
815.00 C 20260812 -1.00 -1.00 5 24 1.0299 0.7524 0.002313
820.00 C 20260812 -1.00 -1.00 5 28 1.0221 0.7406 0.002386
825.00 C 20260812 -1.00 -1.00 12 35 1.0212 0.7276 0.002450
830.00 C 20260812 -1.00 -1.00 7 29 1.0237 0.7142 0.002508
835.00 C 20260812 -1.00 -1.00 53 34 1.0194 0.7016 0.002578
840.00 C 20260812 -1.00 -1.00 5 26 1.0236 0.6880 0.002632
845.00 C 20260812 -1.00 -1.00 6 20 1.0288 0.6744 0.002683
850.00 C 20260812 -1.00 -1.00 22 30 1.0277 0.6600 0.002714
855.00 C 20260812 -1.00 -1.00 29 42 1.0154 0.6465 0.002775
860.00 C 20260812 -1.00 -1.00 37 60 0.9887 0.6337 0.002876
865.00 C 20260812 -1.00 -1.00 4 8 1.0103 0.6173 0.002847
870.00 C 20260812 -1.00 -1.00 53 19 0.9785 0.6040 0.002967
875.00 C 20260812 -1.00 -1.00 100 20 1.0183 0.5876 0.002884
880.00 C 20260812 -1.00 -1.00 77 50 1.0067 0.5731 0.002946
885.00 C 20260812 -1.00 -1.00 56 26 1.0118 0.5582 0.002960
890.00 C 20260812 -1.00 -1.00 94 13 0.9841 0.5431 0.003074
895.00 C 20260812 -1.00 -1.00 49 13 0.9948 0.5283 0.003062
900.00 C 20260812 -1.00 -1.00 139 125 0.9835 0.5132 0.003085
905.00 C 20260812 -1.00 -1.00 77 67 0.9939 0.4990 0.003041
910.00 C 20260812 -1.00 -1.00 42 284 0.9827 0.4835 0.003063
915.00 C 20260812 -1.00 -1.00 41 44 0.9809 0.4685 0.003056
920.00 C 20260812 -1.00 -1.00 53 62 0.9796 0.4535 0.003047
925.00 C 20260812 -1.00 -1.00 47 74 0.9796 0.4387 0.003035
930.00 C 20260812 -1.00 -1.00 34 27 0.9825 0.4242 0.003014
935.00 C 20260812 -1.00 -1.00 5 7 0.9812 0.4092 0.003005
940.00 C 20260812 -1.00 -1.00 42 95 0.9905 0.3959 0.002966
945.00 C 20260812 -1.00 -1.00 15 36 0.9930 0.3822 0.002939
950.00 C 20260812 -1.00 -1.00 108 92 0.9865 0.3686 0.002908
955.00 C 20260812 -1.00 -1.00 32 256 0.9828 0.3553 0.002870
960.00 C 20260812 -1.00 -1.00 41 33 0.9795 0.3420 0.002830
965.00 C 20260812 -1.00 -1.00 21 35 0.9789 0.3292 0.002784
970.00 C 20260812 -1.00 -1.00 9 19 0.9778 0.3162 0.002739
975.00 C 20260812 -1.00 -1.00 34 20 0.9787 0.3037 0.002690
980.00 C 20260812 -1.00 -1.00 42 56 0.9817 0.2918 0.002637
985.00 C 20260812 -1.00 -1.00 13 6 0.9835 0.2801 0.002589
990.00 C 20260812 -1.00 -1.00 15 17 0.9880 0.2688 0.002535
995.00 C 20260812 -1.00 -1.00 15 12 0.9936 0.2578 0.002481
1000.00 C 20260812 -1.00 -1.00 196 118 0.9919 0.2471 0.002427
1005.00 C 20260812 -1.00 -1.00 6 20 0.9876 0.2367 0.002369
1010.00 C 20260812 -1.00 -1.00 45 13 0.9854 0.2267 0.002310
1015.00 C 20260812 -1.00 -1.00 28 35 0.9832 0.2168 0.002249
1020.00 C 20260812 -1.00 -1.00 14 12 0.9823 0.2071 0.002188
1025.00 C 20260812 -1.00 -1.00 32 36 0.9827 0.1978 0.002125
1030.00 C 20260812 -1.00 -1.00 11 24 0.9851 0.1890 0.002063
1035.00 C 20260812 -1.00 -1.00 8 5 0.9881 0.1806 0.002001
1040.00 C 20260812 -1.00 -1.00 4 16 0.9911 0.1721 0.001940
1045.00 C 20260812 -1.00 -1.00 28 1 0.9954 0.1642 0.001880
1050.00 C 20260812 -1.00 -1.00 92 89 1.0010 0.1567 0.001822
1055.00 C 20260812 -1.00 -1.00 8 0 1.0051 0.1494 0.001764
1060.00 C 20260812 -1.00 -1.00 33 4 1.0009 0.1424 0.001708
1065.00 C 20260812 -1.00 -1.00 5 10 0.9986 0.1359 0.001651
1070.00 C 20260812 -1.00 -1.00 8 5 0.9964 0.1293 0.001593
1075.00 C 20260812 -1.00 -1.00 6 6 0.9961 0.1232 0.001537
1080.00 C 20260812 -1.00 -1.00 43 11 0.9968 0.1173 0.001481
1085.00 C 20260812 -1.00 -1.00 23 31 0.9975 0.1115 0.001425
1090.00 C 20260812 -1.00 -1.00 7 1 1.0000 0.1061 0.001372
1095.00 C 20260812 -1.00 -1.00 7 3 1.0026 0.1008 0.001320
1100.00 C 20260812 -1.00 -1.00 260 68 1.0071 0.0961 0.001270
1105.00 C 20260812 -1.00 -1.00 30 15 1.0105 0.0911 0.001220
1110.00 C 20260812 -1.00 -1.00 8 42 1.0168 0.0870 0.001175
1115.00 C 20260812 -1.00 -1.00 4 7 1.0222 0.0827 0.001130
1120.00 C 20260812 -1.00 -1.00 6 35 1.0252 0.0784 0.001086
1125.00 C 20260812 -1.00 -1.00 4 18 1.0227 0.0747 0.001044
1130.00 C 20260812 -1.00 -1.00 7 3 1.0203 0.0709 0.001002
1135.00 C 20260812 -1.00 -1.00 19 71 1.0195 0.0674 0.000962
1140.00 C 20260812 -1.00 -1.00 6 113 1.0203 0.0643 0.000924
1145.00 C 20260812 -1.00 -1.00 31 84 1.0195 0.0608 0.000883
1150.00 C 20260812 -1.00 -1.00 13 36 1.0219 0.0579 0.000847
1155.00 C 20260812 -1.00 -1.00 10 10 1.0249 0.0552 0.000813
1160.00 C 20260812 -1.00 -1.00 4 8 1.0266 0.0523 0.000777
1165.00 C 20260812 -1.00 -1.00 14 4 1.0300 0.0497 0.000744
1170.00 C 20260812 -1.00 -1.00 2 5 1.0352 0.0475 0.000714
1175.00 C 20260812 -1.00 -1.00 6 6 1.0382 0.0448 0.000681
1180.00 C 20260812 -1.00 -1.00 2 2 1.0430 0.0426 0.000652
1185.00 C 20260812 -1.00 -1.00 2 1 1.0488 0.0406 0.000626
1190.00 C 20260812 -1.00 -1.00 2 1 1.0543 0.0385 0.000599
1195.00 C 20260812 -1.00 -1.00 1 3 1.0625 0.0371 0.000578
1200.00 C 20260812 -1.00 -1.00 21 20 1.0607 0.0353 0.000554
1205.00 C 20260812 -1.00 -1.00 3 1 1.0612 0.0338 0.000533
1210.00 C 20260812 -1.00 -1.00 5 11 1.0580 0.0319 0.000508
1215.00 C 20260812 -1.00 -1.00 23 17 1.0604 0.0306 0.000488
1220.00 C 20260812 -1.00 -1.00 2 0 1.0609 0.0291 0.000467
1225.00 C 20260812 -1.00 -1.00 1 0 1.0633 0.0279 0.000449
1230.00 C 20260812 -1.00 -1.00 -1 0 1.0632 0.0263 0.000427
1235.00 C 20260812 -1.00 -1.00 -1 0 1.0675 0.0253 0.000411
1240.00 C 20260812 -1.00 -1.00 3 1 1.0692 0.0239 0.000392
1250.00 C 20260812 -1.00 -1.00 2 0 1.0788 0.0221 0.000362
537.50 P 20260812 -1.00 -1.00 24 0 1.3348 -0.0031 0.000054
540.00 P 20260812 -1.00 -1.00 29 0 1.3254 -0.0032 0.000055
542.50 P 20260812 -1.00 -1.00 41 0 1.3205 -0.0035 0.000059
545.00 P 20260812 -1.00 -1.00 93 0 1.3135 -0.0036 0.000062
547.50 P 20260812 -1.00 -1.00 -1 0 1.3507 -0.0051 0.000081
550.00 P 20260812 -1.00 -1.00 4 6 1.3436 -0.0053 0.000084
552.50 P 20260812 -1.00 -1.00 -1 0 1.3387 -0.0056 0.000088
555.00 P 20260812 -1.00 -1.00 15 17 1.3317 -0.0057 0.000091
557.50 P 20260812 -1.00 -1.00 -1 0 1.2851 -0.0047 0.000079
560.00 P 20260812 -1.00 -1.00 -1 0 1.2804 -0.0050 0.000083
562.50 P 20260812 -1.00 -1.00 -1 0 1.2757 -0.0052 0.000087
565.00 P 20260812 -1.00 -1.00 -1 0 1.2711 -0.0055 0.000091
567.50 P 20260812 -1.00 -1.00 2 1 1.2664 -0.0057 0.000095
570.00 P 20260812 -1.00 -1.00 1 2 1.2640 -0.0060 0.000100
572.50 P 20260812 -1.00 -1.00 -1 0 1.3070 -0.0077 0.000122
575.00 P 20260812 -1.00 -1.00 2 5 1.2656 -0.0069 0.000113
577.50 P 20260812 -1.00 -1.00 19 9 1.2610 -0.0071 0.000117
580.00 P 20260812 -1.00 -1.00 16 8 1.2543 -0.0073 0.000121
582.50 P 20260812 -1.00 -1.00 2 1 1.2540 -0.0077 0.000127
585.00 P 20260812 -1.00 -1.00 13 39 1.2580 -0.0083 0.000134
587.50 P 20260812 -1.00 -1.00 -1 0 1.2535 -0.0085 0.000139
590.00 P 20260812 -1.00 -1.00 2 7 1.2511 -0.0088 0.000144
592.50 P 20260812 -1.00 -1.00 -1 0 1.2549 -0.0094 0.000152
595.00 P 20260812 -1.00 -1.00 1 1 1.2400 -0.0093 0.000153
597.50 P 20260812 -1.00 -1.00 10 10 1.2364 -0.0099 0.000161
600.00 P 20260812 -1.00 -1.00 6 10 1.2317 -0.0105 0.000170
602.50 P 20260812 -1.00 -1.00 -1 0 1.2235 -0.0109 0.000175
605.00 P 20260812 -1.00 -1.00 5 6 1.2234 -0.0118 0.000188
607.50 P 20260812 -1.00 -1.00 -1 0 1.2125 -0.0119 0.000192
610.00 P 20260812 -1.00 -1.00 1 3 1.2088 -0.0126 0.000201
612.50 P 20260812 -1.00 -1.00 1 1 1.2033 -0.0132 0.000210
615.00 P 20260812 -1.00 -1.00 1 6 1.1970 -0.0137 0.000218
617.50 P 20260812 -1.00 -1.00 -1 0 1.1943 -0.0144 0.000228
620.00 P 20260812 -1.00 -1.00 4 1 1.1916 -0.0152 0.000239
622.50 P 20260812 -1.00 -1.00 2 4 1.1862 -0.0158 0.000248
625.00 P 20260812 -1.00 -1.00 7 22 1.1871 -0.0168 0.000262
627.50 P 20260812 -1.00 -1.00 2 17 1.1844 -0.0175 0.000273
630.00 P 20260812 -1.00 -1.00 11 10 1.1826 -0.0184 0.000284
632.50 P 20260812 -1.00 -1.00 2 0 1.1782 -0.0190 0.000294
635.00 P 20260812 -1.00 -1.00 1 1 1.1764 -0.0199 0.000306
637.50 P 20260812 -1.00 -1.00 7 1 1.1808 -0.0211 0.000322
640.00 P 20260812 -1.00 -1.00 2 42 1.1817 -0.0221 0.000336
642.50 P 20260812 -1.00 -1.00 -1 0 1.1756 -0.0227 0.000345
645.00 P 20260812 -1.00 -1.00 1 3 1.1764 -0.0237 0.000359
647.50 P 20260812 -1.00 -1.00 -1 0 1.1820 -0.0251 0.000376
650.00 P 20260812 -1.00 -1.00 32 56 1.1737 -0.0259 0.000388
652.50 P 20260812 -1.00 -1.00 3 2 1.1675 -0.0269 0.000402
655.00 P 20260812 -1.00 -1.00 1 24 1.1622 -0.0281 0.000418
657.50 P 20260812 -1.00 -1.00 4 7 1.1574 -0.0294 0.000435
660.00 P 20260812 -1.00 -1.00 6 17 1.1544 -0.0309 0.000453
662.50 P 20260812 -1.00 -1.00 -1 0 1.1478 -0.0320 0.000468
665.00 P 20260812 -1.00 -1.00 4 0 1.1431 -0.0333 0.000485
667.50 P 20260812 -1.00 -1.00 2 18 1.1392 -0.0347 0.000503
670.00 P 20260812 -1.00 -1.00 7 14 1.1362 -0.0362 0.000523
672.50 P 20260812 -1.00 -1.00 -1 0 1.1323 -0.0377 0.000542
675.00 P 20260812 -1.00 -1.00 7 16 1.1298 -0.0393 0.000562
677.50 P 20260812 -1.00 -1.00 1 1 1.1276 -0.0409 0.000582
680.00 P 20260812 -1.00 -1.00 11 51 1.1268 -0.0427 0.000604
682.50 P 20260812 -1.00 -1.00 2 0 1.1242 -0.0444 0.000625
685.00 P 20260812 -1.00 -1.00 6 17 1.1238 -0.0462 0.000648
687.50 P 20260812 -1.00 -1.00 3 0 1.1230 -0.0481 0.000670
690.00 P 20260812 -1.00 -1.00 6 5 1.1255 -0.0503 0.000695
692.50 P 20260812 -1.00 -1.00 2 16 1.1238 -0.0520 0.000716
695.00 P 20260812 -1.00 -1.00 2 13 1.1243 -0.0540 0.000740
697.50 P 20260812 -1.00 -1.00 13 4 1.1247 -0.0560 0.000763
700.00 P 20260812 -1.00 -1.00 105 166 1.1214 -0.0577 0.000785
702.50 P 20260812 -1.00 -1.00 1 6 1.1184 -0.0604 0.000812
705.00 P 20260812 -1.00 -1.00 18 16 1.1118 -0.0624 0.000836
707.50 P 20260812 -1.00 -1.00 1 13 1.1076 -0.0649 0.000863
710.00 P 20260812 -1.00 -1.00 33 24 1.1023 -0.0672 0.000889
712.50 P 20260812 -1.00 -1.00 2 18 1.0981 -0.0697 0.000917
715.00 P 20260812 -1.00 -1.00 1 38 1.0940 -0.0723 0.000945
717.50 P 20260812 -1.00 -1.00 15 56 1.0899 -0.0748 0.000973
720.00 P 20260812 -1.00 -1.00 25 20 1.0858 -0.0774 0.001002
722.50 P 20260812 -1.00 -1.00 7 6 1.0841 -0.0804 0.001033
725.00 P 20260812 -1.00 -1.00 5 64 1.0812 -0.0833 0.001063
727.50 P 20260812 -1.00 -1.00 3 3 1.0783 -0.0861 0.001094
730.00 P 20260812 -1.00 -1.00 30 14 1.0767 -0.0892 0.001125
732.50 P 20260812 -1.00 -1.00 -1 0 1.0750 -0.0923 0.001157
735.00 P 20260812 -1.00 -1.00 11 24 1.0745 -0.0955 0.001190
737.50 P 20260812 -1.00 -1.00 -1 0 1.0729 -0.0986 0.001222
740.00 P 20260812 -1.00 -1.00 8 32 1.0735 -0.1021 0.001255
742.50 P 20260812 -1.00 -1.00 1 42 1.0731 -0.1054 0.001288
745.00 P 20260812 -1.00 -1.00 12 35 1.0749 -0.1091 0.001322
747.50 P 20260812 -1.00 -1.00 2 83 1.0744 -0.1124 0.001355
750.00 P 20260812 -1.00 -1.00 51 122 1.0739 -0.1159 0.001388
755.00 P 20260812 -1.00 -1.00 17 49 1.0636 -0.1234 0.001456
760.00 P 20260812 -1.00 -1.00 25 18 1.0542 -0.1313 0.001527
765.00 P 20260812 -1.00 -1.00 4 7 1.0456 -0.1395 0.001600
770.00 P 20260812 -1.00 -1.00 12 29 1.0393 -0.1483 0.001674
775.00 P 20260812 -1.00 -1.00 9 17 1.0347 -0.1575 0.001750
780.00 P 20260812 -1.00 -1.00 33 31 1.0308 -0.1669 0.001827
785.00 P 20260812 -1.00 -1.00 5 31 1.0300 -0.1770 0.001903
790.00 P 20260812 -1.00 -1.00 22 24 1.0299 -0.1872 0.001979
795.00 P 20260812 -1.00 -1.00 46 20 1.0322 -0.1978 0.002054
800.00 P 20260812 -1.00 -1.00 125 137 1.0313 -0.2086 0.002127
805.00 P 20260812 -1.00 -1.00 7 24 1.0218 -0.2198 0.002200
810.00 P 20260812 -1.00 -1.00 14 66 1.0147 -0.2316 0.002272
815.00 P 20260812 -1.00 -1.00 15 94 1.0088 -0.2437 0.002344
820.00 P 20260812 -1.00 -1.00 16 23 1.0035 -0.2561 0.002416
825.00 P 20260812 -1.00 -1.00 27 17 1.0010 -0.2691 0.002485
830.00 P 20260812 -1.00 -1.00 60 18 1.0042 -0.2830 0.002544
835.00 P 20260812 -1.00 -1.00 1 17 1.0007 -0.2958 0.002615
840.00 P 20260812 -1.00 -1.00 28 14 1.0033 -0.3095 0.002674
845.00 P 20260812 -1.00 -1.00 10 9 1.0069 -0.3233 0.002731
850.00 P 20260812 -1.00 -1.00 47 120 1.0012 -0.3372 0.002784
855.00 P 20260812 -1.00 -1.00 11 112 0.9953 -0.3516 0.002829
860.00 P 20260812 -1.00 -1.00 16 9 0.9900 -0.3662 0.002874
865.00 P 20260812 -1.00 -1.00 25 17 0.9867 -0.3811 0.002914
870.00 P 20260812 -1.00 -1.00 65 5 0.9843 -0.3961 0.002952
875.00 P 20260812 -1.00 -1.00 17 18 0.9838 -0.4113 0.002984
880.00 P 20260812 -1.00 -1.00 59 14 0.9853 -0.4265 0.003011
885.00 P 20260812 -1.00 -1.00 30 3 0.9877 -0.4417 0.003035
890.00 P 20260812 -1.00 -1.00 69 3 0.9925 -0.4567 0.003051
895.00 P 20260812 -1.00 -1.00 31 1 0.9943 -0.4717 0.003068
900.00 P 20260812 -1.00 -1.00 26 9 0.9878 -0.4867 0.003076
905.00 P 20260812 -1.00 -1.00 10 1 0.9827 -0.5017 0.003079
910.00 P 20260812 -1.00 -1.00 6 8 0.9866 -0.5162 0.003055
915.00 P 20260812 -1.00 -1.00 2 1 0.9755 -0.5320 0.003077
920.00 P 20260812 -1.00 -1.00 4 8 0.9822 -0.5462 0.003044
925.00 P 20260812 -1.00 -1.00 5 2 0.9781 -0.5616 0.003044
930.00 P 20260812 -1.00 -1.00 1 5 0.9755 -0.5769 0.003040
935.00 P 20260812 -1.00 -1.00 4 0 0.9784 -0.5914 0.003019
940.00 P 20260812 -1.00 -1.00 1 3 0.9863 -0.6050 0.002984
945.00 P 20260812 -1.00 -1.00 5 2 0.9883 -0.6188 0.002957
950.00 P 20260812 -1.00 -1.00 2 2 1.0014 -0.6292 0.002880
955.00 P 20260812 -1.00 -1.00 -1 0 0.9730 -0.6469 0.002899
960.00 P 20260812 -1.00 -1.00 5 6 0.9720 -0.6599 0.002854
965.00 P 20260812 -1.00 -1.00 -1 0 0.9844 -0.6700 0.002780
970.00 P 20260812 -1.00 -1.00 1 1 0.9828 -0.6830 0.002737
975.00 P 20260812 -1.00 -1.00 1 1 0.9693 -0.6990 0.002716
980.00 P 20260812 -1.00 -1.00 6 4 0.9496 -0.7171 0.002703
985.00 P 20260812 -1.00 -1.00 -1 0 0.9666 -0.7255 0.002624
990.00 P 20260812 -1.00 -1.00 2 1 0.9711 -0.7371 0.002569
995.00 P 20260812 -1.00 -1.00 1 0 0.9825 -0.7465 0.002504
1000.00 P 20260812 -1.00 -1.00 1 68 0.9779 -0.7573 0.002447
1005.00 P 20260812 -1.00 -1.00 18 5 0.9964 -0.7623 0.002369
1010.00 P 20260812 -1.00 -1.00 -1 0 0.9676 -0.7791 0.002330
1015.00 P 20260812 -1.00 -1.00 1 1 0.9628 -0.7900 0.002268
1020.00 P 20260812 -1.00 -1.00 1 1 0.9607 -0.8003 0.002204
1025.00 P 20260812 -1.00 -1.00 -1 0 0.9651 -0.8087 0.002139
1030.00 P 20260812 -1.00 -1.00 -1 0 0.9583 -0.8205 0.002075
1035.00 P 20260812 -1.00 -1.00 -1 0 0.9575 -0.8305 0.002010
1040.00 P 20260812 -1.00 -1.00 5 6 0.9624 -0.8386 0.001946
1045.00 P 20260812 -1.00 -1.00 -1 0 0.9652 -0.8474 0.001882
1050.00 P 20260812 -1.00 -1.00 5 5 0.9643 -0.8554 0.001819
1055.00 P 20260812 -1.00 -1.00 -1 0 1.0070 -0.8517 0.001774
1060.00 P 20260812 -1.00 -1.00 -1 0 0.9532 -0.8708 0.001691
1065.00 P 20260812 -1.00 -1.00 -1 0 0.9501 -0.8780 0.001627
1070.00 P 20260812 -1.00 -1.00 -1 0 0.9480 -0.8850 0.001563
1075.00 P 20260812 -1.00 -1.00 -1 0 0.9662 -0.8864 0.001520
1080.00 P 20260812 -1.00 -1.00 -1 0 0.9611 -0.8941 0.001455
1085.00 P 20260812 -1.00 -1.00 -1 0 0.9568 -0.9017 0.001388
1090.00 P 20260812 -1.00 -1.00 -1 0 0.9671 -0.9050 0.001342
1095.00 P 20260812 -1.00 -1.00 -1 0 1.0044 -0.9005 0.001333
1100.00 P 20260812 -1.00 -1.00 1 1 0.9689 -0.9171 0.001225
1105.00 P 20260812 -1.00 -1.00 -1 0 0.9788 -0.9203 0.001183
1110.00 P 20260812 -1.00 -1.00 2 2 0.9759 -0.9256 0.001130
1115.00 P 20260812 -1.00 -1.00 -1 0 0.9817 -0.9280 0.001093
1120.00 P 20260812 -1.00 -1.00 -1 0 0.9660 -0.9346 0.001031
1125.00 P 20260812 -1.00 -1.00 -1 0 0.9619 -0.9390 0.000980
1130.00 P 20260812 -1.00 -1.00 -1 0 0.9676 -0.9414 0.000945
1135.00 P 20260812 -1.00 -1.00 1 1 0.9584 -0.9470 0.000885
1140.00 P 20260812 -1.00 -1.00 -1 0 0.9640 -0.9494 0.000850
1145.00 P 20260812 -1.00 -1.00 -1 0 0.9644 -0.9529 0.000808
1150.00 P 20260812 -1.00 -1.00 -1 0 0.9665 -0.9561 0.000768
1155.00 P 20260812 -1.00 -1.00 -1 0 0.9685 -0.9592 0.000727
1160.00 P 20260812 -1.00 -1.00 -1 0 0.9873 -0.9585 0.000721
1165.00 P 20260812 -1.00 -1.00 -1 0 0.9750 -0.9648 0.000653
1170.00 P 20260812 -1.00 -1.00 -1 0 0.9784 -0.9668 0.000624
1175.00 P 20260812 -1.00 -1.00 -1 0 0.9967 -0.9664 0.000618
1180.00 P 20260812 -1.00 -1.00 2 2 1.0017 -0.9675 0.000598
1185.00 P 20260812 -1.00 -1.00 -1 0 1.0166 -0.9674 0.000590
1190.00 P 20260812 -1.00 -1.00 -1 0 1.0116 -0.9697 0.000560
1195.00 P 20260812 -1.00 -1.00 -1 0 1.0231 -0.9700 0.000550
1200.00 P 20260812 -1.00 -1.00 1 0 0.9599 -0.9799 0.000443
1205.00 P 20260812 -1.00 -1.00 -1 0 0.9887 -0.9778 0.000460
1210.00 P 20260812 -1.00 -1.00 -1 0 1.0137 -0.9762 0.000470
1215.00 P 20260812 -1.00 -1.00 -1 0 1.0012 -0.9795 0.000428
1220.00 P 20260812 -1.00 -1.00 -1 0 0.9766 -0.9847 0.000362
1225.00 P 20260812 -1.00 -1.00 -1 0 0.9989 -0.9833 0.000373
1230.00 P 20260812 -1.00 -1.00 -1 0 0.9913 -0.9861 0.000338
1235.00 P 20260812 -1.00 -1.00 -1 0 0.9986 -0.9868 0.000326
1240.00 P 20260812 -1.00 -1.00 -1 0 0.9880 -0.9893 0.000294
1250.00 P 20260812 -1.00 -1.00 -1 0 0.9715 -0.9919 0.000251
537.50 C 20260814 -1.00 -1.00 -1 0 1.4863 0.9860 0.000160
540.00 C 20260814 -1.00 -1.00 2 6 1.5038 0.9844 0.000174
542.50 C 20260814 -1.00 -1.00 -1 0 1.5083 0.9835 0.000183
545.00 C 20260814 -1.00 -1.00 25 0 1.5171 0.9823 0.000193
547.50 C 20260814 -1.00 -1.00 -1 0 1.5131 0.9818 0.000198
550.00 C 20260814 -1.00 -1.00 2 2 1.6067 0.9764 0.000235
552.50 C 20260814 -1.00 -1.00 -1 0 1.5432 0.9790 0.000221
555.00 C 20260814 -1.00 -1.00 1 1 1.4927 0.9806 0.000213
557.50 C 20260814 -1.00 -1.00 -1 0 1.4887 0.9801 0.000219
560.00 C 20260814 -1.00 -1.00 1 1 1.4133 0.9831 0.000199
562.50 C 20260814 -1.00 -1.00 -1 0 1.4599 0.9800 0.000224
565.00 C 20260814 -1.00 -1.00 5 5 1.4016 0.9822 0.000210
567.50 C 20260814 -1.00 -1.00 -1 0 1.4317 0.9799 0.000229
570.00 C 20260814 -1.00 -1.00 32 14 1.4071 0.9804 0.000228
572.50 C 20260814 -1.00 -1.00 -1 0 1.4534 0.9773 0.000252
575.00 C 20260814 -1.00 -1.00 7 12 1.4081 0.9788 0.000244
577.50 C 20260814 -1.00 -1.00 -1 0 1.4643 0.9739 0.000279
580.00 C 20260814 -1.00 -1.00 1 1 1.3553 0.9800 0.000240
582.50 C 20260814 -1.00 -1.00 -1 0 1.4175 0.9754 0.000275
585.00 C 20260814 -1.00 -1.00 1 11 1.4230 0.9735 0.000291
587.50 C 20260814 -1.00 -1.00 -1 0 1.3977 0.9745 0.000288
590.00 C 20260814 -1.00 -1.00 1 1 1.3992 0.9729 0.000301
592.50 C 20260814 -1.00 -1.00 -1 0 1.4067 0.9707 0.000319
595.00 C 20260814 -1.00 -1.00 4 5 1.3511 0.9747 0.000296
597.50 C 20260814 -1.00 -1.00 -1 0 1.3831 0.9700 0.000330
600.00 C 20260814 -1.00 -1.00 3 10 1.3927 0.9676 0.000349
602.50 C 20260814 -1.00 -1.00 -1 0 1.3516 0.9701 0.000337
605.00 C 20260814 -1.00 -1.00 2 5 1.3491 0.9689 0.000348
607.50 C 20260814 -1.00 -1.00 -1 0 1.3264 0.9697 0.000347
610.00 C 20260814 -1.00 -1.00 3 8 1.3159 0.9692 0.000354
612.50 C 20260814 -1.00 -1.00 -1 0 1.3276 0.9665 0.000376
615.00 C 20260814 -1.00 -1.00 3 3 1.2870 0.9692 0.000363
617.50 C 20260814 -1.00 -1.00 10 10 1.3267 0.9635 0.000403
620.00 C 20260814 -1.00 -1.00 1 6 1.2743 0.9674 0.000384
622.50 C 20260814 -1.00 -1.00 10 10 1.3039 0.9627 0.000418
625.00 C 20260814 -1.00 -1.00 1 7 1.2618 0.9655 0.000405
627.50 C 20260814 -1.00 -1.00 -1 0 1.2893 0.9611 0.000438
630.00 C 20260814 -1.00 -1.00 1 2 1.2493 0.9637 0.000427
632.50 C 20260814 -1.00 -1.00 -1 0 1.2569 0.9613 0.000448
635.00 C 20260814 -1.00 -1.00 10 10 1.2389 0.9616 0.000451
637.50 C 20260814 -1.00 -1.00 -1 0 1.2800 0.9558 0.000492
640.00 C 20260814 -1.00 -1.00 1 23 1.2031 0.9622 0.000458
642.50 C 20260814 -1.00 -1.00 -1 0 1.2401 0.9566 0.000499
645.00 C 20260814 -1.00 -1.00 -1 0 1.2203 0.9570 0.000503
647.50 C 20260814 -1.00 -1.00 -1 0 1.2338 0.9540 0.000527
650.00 C 20260814 -1.00 -1.00 11 27 1.2491 0.9509 0.000551
652.50 C 20260814 -1.00 -1.00 -1 0 1.2372 0.9504 0.000561
655.00 C 20260814 -1.00 -1.00 5 6 1.2409 0.9484 0.000579
657.50 C 20260814 -1.00 -1.00 -1 0 1.2251 0.9484 0.000587
660.00 C 20260814 -1.00 -1.00 11 21 1.2056 0.9487 0.000593
662.50 C 20260814 -1.00 -1.00 -1 0 1.1842 0.9492 0.000598
665.00 C 20260814 -1.00 -1.00 5 5 1.1513 0.9510 0.000596
667.50 C 20260814 -1.00 -1.00 -1 0 1.1985 0.9444 0.000640
670.00 C 20260814 -1.00 -1.00 1 11 1.1780 0.9448 0.000646
672.50 C 20260814 -1.00 -1.00 -1 0 1.1243 0.9488 0.000634
675.00 C 20260814 -1.00 -1.00 10 10 1.1801 0.9392 0.000692
677.50 C 20260814 -1.00 -1.00 -1 0 1.1725 0.9376 0.000709
680.00 C 20260814 -1.00 -1.00 59 27 1.1220 0.9438 0.000689
682.50 C 20260814 -1.00 -1.00 1 1 1.1563 0.9347 0.000743
685.00 C 20260814 -1.00 -1.00 10 6 1.1456 0.9337 0.000758
687.50 C 20260814 -1.00 -1.00 14 7 1.1524 0.9297 0.000787
690.00 C 20260814 -1.00 -1.00 44 11 1.1460 0.9279 0.000806
692.50 C 20260814 -1.00 -1.00 -1 0 1.1408 0.9259 0.000827
695.00 C 20260814 -1.00 -1.00 2 2 1.1366 0.9237 0.000848
697.50 C 20260814 -1.00 -1.00 -1 0 1.1325 0.9215 0.000870
700.00 C 20260814 -1.00 -1.00 3 43 1.1295 0.9190 0.000893
702.50 C 20260814 -1.00 -1.00 2 2 1.1243 0.9170 0.000914
705.00 C 20260814 -1.00 -1.00 5 14 1.1235 0.9142 0.000939
707.50 C 20260814 -1.00 -1.00 -1 0 1.0633 0.9215 0.000927
710.00 C 20260814 -1.00 -1.00 25 28 1.0798 0.9155 0.000965
712.50 C 20260814 -1.00 -1.00 1 1 1.1146 0.9068 0.001009
715.00 C 20260814 -1.00 -1.00 1 1 1.1138 0.9039 0.001034
717.50 C 20260814 -1.00 -1.00 -1 0 1.0980 0.9035 0.001053
720.00 C 20260814 -1.00 -1.00 2 10 1.1100 0.8986 0.001084
722.50 C 20260814 -1.00 -1.00 -1 0 1.0921 0.8984 0.001103
725.00 C 20260814 -1.00 -1.00 1 16 1.1095 0.8928 0.001134
727.50 C 20260814 -1.00 -1.00 -1 0 1.1098 0.8898 0.001160
730.00 C 20260814 -1.00 -1.00 1 49 1.1162 0.8852 0.001187
732.50 C 20260814 -1.00 -1.00 -1 0 1.1201 0.8802 0.001214
735.00 C 20260814 -1.00 -1.00 15 20 1.1041 0.8792 0.001238
737.50 C 20260814 -1.00 -1.00 1 1 1.0918 0.8774 0.001264
740.00 C 20260814 -1.00 -1.00 1 43 1.1062 0.8701 0.001293
742.50 C 20260814 -1.00 -1.00 -1 0 1.0826 0.8706 0.001319
745.00 C 20260814 -1.00 -1.00 1 6 1.0802 0.8667 0.001347
747.50 C 20260814 -1.00 -1.00 -1 0 1.0805 0.8622 0.001375
750.00 C 20260814 -1.00 -1.00 4 18 1.0718 0.8595 0.001404
755.00 C 20260814 -1.00 -1.00 4 3 1.0872 0.8477 0.001460
760.00 C 20260814 -1.00 -1.00 12 13 1.0594 0.8440 0.001522
765.00 C 20260814 -1.00 -1.00 2 17 1.0554 0.8358 0.001582
767.50 C 20260814 -1.00 -1.00 -1 0 1.0537 0.8316 0.001612
770.00 C 20260814 -1.00 -1.00 1 240 1.0658 0.8250 0.001637
772.50 C 20260814 -1.00 -1.00 4 1 1.0511 0.8230 0.001673
775.00 C 20260814 -1.00 -1.00 6 142 1.0295 0.8222 0.001713
777.50 C 20260814 -1.00 -1.00 2 1 1.0656 0.8116 0.001725
780.00 C 20260814 -1.00 -1.00 1 104 1.0509 0.8095 0.001763
782.50 C 20260814 -1.00 -1.00 6 8 1.0629 0.8031 0.001785
785.00 C 20260814 -1.00 -1.00 66 125 1.0664 0.7980 0.001812
787.50 C 20260814 -1.00 -1.00 10 7 1.0610 0.7934 0.001841
790.00 C 20260814 -1.00 -1.00 7 36 1.0459 0.7906 0.001879
792.50 C 20260814 -1.00 -1.00 41 9 1.0551 0.7831 0.001894
795.00 C 20260814 -1.00 -1.00 40 22 1.0565 0.7771 0.001917
800.00 C 20260814 -1.00 -1.00 44 558 1.0295 0.7703 0.001996
805.00 C 20260814 -1.00 -1.00 13 121 1.0114 0.7617 0.002070
810.00 C 20260814 -1.00 -1.00 13 188 1.0205 0.7483 0.002109
815.00 C 20260814 -1.00 -1.00 11 102 1.0230 0.7361 0.002157
820.00 C 20260814 -1.00 -1.00 75 198 1.0111 0.7260 0.002226
825.00 C 20260814 -1.00 -1.00 63 398 1.0126 0.7139 0.002275
830.00 C 20260814 -1.00 -1.00 154 148 1.0165 0.7015 0.002320
835.00 C 20260814 -1.00 -1.00 26 92 1.0245 0.6888 0.002357
840.00 C 20260814 -1.00 -1.00 34 122 1.0295 0.6764 0.002395
845.00 C 20260814 -1.00 -1.00 19 93 1.0221 0.6641 0.002436
850.00 C 20260814 -1.00 -1.00 174 346 1.0120 0.6519 0.002483
855.00 C 20260814 -1.00 -1.00 45 66 1.0042 0.6392 0.002526
860.00 C 20260814 -1.00 -1.00 123 221 1.0026 0.6259 0.002555
865.00 C 20260814 -1.00 -1.00 98 131 1.0087 0.6123 0.002564
870.00 C 20260814 -1.00 -1.00 251 281 0.9992 0.5993 0.002613
875.00 C 20260814 -1.00 -1.00 240 187 0.9985 0.5860 0.002640
880.00 C 20260814 -1.00 -1.00 441 192 1.0037 0.5725 0.002651
885.00 C 20260814 -1.00 -1.00 547 195 1.0029 0.5592 0.002678
890.00 C 20260814 -1.00 -1.00 700 94 1.0076 0.5459 0.002690
895.00 C 20260814 -1.00 -1.00 838 109 1.0118 0.5329 0.002696
900.00 C 20260814 -1.00 -1.00 2085 796 1.0064 0.5197 0.002702
905.00 C 20260814 -1.00 -1.00 88 122 0.9994 0.5064 0.002713
910.00 C 20260814 -1.00 -1.00 288 225 0.9974 0.4932 0.002709
915.00 C 20260814 -1.00 -1.00 115 113 0.9930 0.4798 0.002712
920.00 C 20260814 -1.00 -1.00 445 570 0.9915 0.4665 0.002708
925.00 C 20260814 -1.00 -1.00 165 207 0.9912 0.4534 0.002699
930.00 C 20260814 -1.00 -1.00 234 1077 0.9923 0.4404 0.002688
935.00 C 20260814 -1.00 -1.00 80 244 0.9954 0.4277 0.002671
940.00 C 20260814 -1.00 -1.00 90 196 0.9968 0.4148 0.002658
945.00 C 20260814 -1.00 -1.00 40 99 1.0002 0.4023 0.002641
950.00 C 20260814 -1.00 -1.00 1541 609 1.0049 0.3902 0.002621
955.00 C 20260814 -1.00 -1.00 136 93 1.0007 0.3783 0.002596
957.50 C 20260814 -1.00 -1.00 71 34 0.9982 0.3723 0.002584
960.00 C 20260814 -1.00 -1.00 109 147 0.9957 0.3663 0.002571
962.50 C 20260814 -1.00 -1.00 52 22 0.9941 0.3605 0.002557
965.00 C 20260814 -1.00 -1.00 48 120 0.9925 0.3546 0.002542
970.00 C 20260814 -1.00 -1.00 159 150 0.9912 0.3432 0.002508
975.00 C 20260814 -1.00 -1.00 131 114 0.9894 0.3316 0.002475
980.00 C 20260814 -1.00 -1.00 262 218 0.9886 0.3202 0.002441
985.00 C 20260814 -1.00 -1.00 56 166 0.9897 0.3093 0.002403
990.00 C 20260814 -1.00 -1.00 127 155 0.9916 0.2986 0.002363
995.00 C 20260814 -1.00 -1.00 45 152 0.9945 0.2882 0.002323
1000.00 C 20260814 -1.00 -1.00 2856 2629 0.9982 0.2781 0.002282
1005.00 C 20260814 -1.00 -1.00 154 121 1.0019 0.2680 0.002242
1010.00 C 20260814 -1.00 -1.00 62 142 1.0075 0.2586 0.002200
1015.00 C 20260814 -1.00 -1.00 28 88 1.0046 0.2494 0.002157
1020.00 C 20260814 -1.00 -1.00 56 357 1.0012 0.2403 0.002113
1025.00 C 20260814 -1.00 -1.00 40 135 0.9983 0.2314 0.002068
1030.00 C 20260814 -1.00 -1.00 127 136 0.9966 0.2227 0.002022
1035.00 C 20260814 -1.00 -1.00 244 46 0.9944 0.2138 0.001975
1040.00 C 20260814 -1.00 -1.00 38 61 0.9945 0.2056 0.001927
1045.00 C 20260814 -1.00 -1.00 17 76 0.9964 0.1979 0.001879
1050.00 C 20260814 -1.00 -1.00 690 1437 0.9988 0.1903 0.001832
1055.00 C 20260814 -1.00 -1.00 24 1073 1.0007 0.1827 0.001784
1060.00 C 20260814 -1.00 -1.00 61 103 1.0037 0.1754 0.001738
1065.00 C 20260814 -1.00 -1.00 34 61 1.0078 0.1685 0.001692
1070.00 C 20260814 -1.00 -1.00 82 178 1.0125 0.1619 0.001646
1075.00 C 20260814 -1.00 -1.00 50 113 1.0172 0.1554 0.001602
1080.00 C 20260814 -1.00 -1.00 87 126 1.0174 0.1492 0.001559
1085.00 C 20260814 -1.00 -1.00 5 151 1.0152 0.1435 0.001515
1090.00 C 20260814 -1.00 -1.00 26 94 1.0129 0.1377 0.001472
1095.00 C 20260814 -1.00 -1.00 14 145 1.0107 0.1319 0.001428
1100.00 C 20260814 -1.00 -1.00 2640 860 1.0102 0.1265 0.001384
1105.00 C 20260814 -1.00 -1.00 122 179 1.0105 0.1213 0.001341
1110.00 C 20260814 -1.00 -1.00 79 69 1.0117 0.1163 0.001299
1115.00 C 20260814 -1.00 -1.00 51 90 1.0129 0.1114 0.001258
1120.00 C 20260814 -1.00 -1.00 230 271 1.0158 0.1069 0.001218
1125.00 C 20260814 -1.00 -1.00 17 144 1.0178 0.1023 0.001178
1130.00 C 20260814 -1.00 -1.00 16 61 1.0215 0.0981 0.001140
1135.00 C 20260814 -1.00 -1.00 26 115 1.0251 0.0939 0.001102
1140.00 C 20260814 -1.00 -1.00 14 215 1.0296 0.0900 0.001066
1150.00 C 20260814 -1.00 -1.00 171 441 1.0402 0.0829 0.000999
1160.00 C 20260814 -1.00 -1.00 116 95 1.0391 0.0761 0.000934
1170.00 C 20260814 -1.00 -1.00 66 111 1.0372 0.0700 0.000873
1180.00 C 20260814 -1.00 -1.00 39 69 1.0381 0.0644 0.000814
1190.00 C 20260814 -1.00 -1.00 9 193 1.0404 0.0591 0.000757
1200.00 C 20260814 -1.00 -1.00 382 813 1.0455 0.0544 0.000705
1210.00 C 20260814 -1.00 -1.00 20 153 1.0534 0.0503 0.000658
1220.00 C 20260814 -1.00 -1.00 31 231 1.0606 0.0462 0.000612
1230.00 C 20260814 -1.00 -1.00 10 227 1.0703 0.0426 0.000571
1240.00 C 20260814 -1.00 -1.00 36 155 1.0804 0.0392 0.000532
1250.00 C 20260814 -1.00 -1.00 265 161 1.0849 0.0363 0.000498
537.50 P 20260814 -1.00 -1.00 13 14 1.2706 -0.0055 0.000083
540.00 P 20260814 -1.00 -1.00 23 123 1.2660 -0.0058 0.000086
542.50 P 20260814 -1.00 -1.00 10 15 1.2615 -0.0060 0.000090
545.00 P 20260814 -1.00 -1.00 5 56 1.2589 -0.0063 0.000094
547.50 P 20260814 -1.00 -1.00 28 14 1.2524 -0.0065 0.000097
550.00 P 20260814 -1.00 -1.00 263 737 1.2559 -0.0069 0.000103
552.50 P 20260814 -1.00 -1.00 6 6 1.2514 -0.0072 0.000106
555.00 P 20260814 -1.00 -1.00 9 145 1.2430 -0.0073 0.000109
557.50 P 20260814 -1.00 -1.00 2 2 1.2445 -0.0077 0.000114
560.00 P 20260814 -1.00 -1.00 46 154 1.2539 -0.0083 0.000122
562.50 P 20260814 -1.00 -1.00 -1 0 1.2475 -0.0085 0.000125
565.00 P 20260814 -1.00 -1.00 2 66 1.2489 -0.0089 0.000131
567.50 P 20260814 -1.00 -1.00 11 12 1.2455 -0.0094 0.000137
570.00 P 20260814 -1.00 -1.00 82 197 1.2376 -0.0097 0.000141
572.50 P 20260814 -1.00 -1.00 11 18 1.2331 -0.0102 0.000148
575.00 P 20260814 -1.00 -1.00 28 157 1.2269 -0.0106 0.000154
577.50 P 20260814 -1.00 -1.00 3 16 1.2224 -0.0112 0.000161
580.00 P 20260814 -1.00 -1.00 20 324 1.2237 -0.0121 0.000172
582.50 P 20260814 -1.00 -1.00 1 1 1.2126 -0.0122 0.000175
585.00 P 20260814 -1.00 -1.00 28 167 1.2082 -0.0127 0.000182
587.50 P 20260814 -1.00 -1.00 1 4 1.2046 -0.0134 0.000190
590.00 P 20260814 -1.00 -1.00 27 221 1.2035 -0.0141 0.000200
592.50 P 20260814 -1.00 -1.00 16 17 1.1983 -0.0146 0.000207
595.00 P 20260814 -1.00 -1.00 34 205 1.1939 -0.0152 0.000214
597.50 P 20260814 -1.00 -1.00 39 30 1.1912 -0.0159 0.000223
600.00 P 20260814 -1.00 -1.00 364 1119 1.1917 -0.0168 0.000234
602.50 P 20260814 -1.00 -1.00 2 5 1.1858 -0.0173 0.000241
605.00 P 20260814 -1.00 -1.00 14 93 1.1831 -0.0180 0.000250
607.50 P 20260814 -1.00 -1.00 5 5 1.1812 -0.0187 0.000260
610.00 P 20260814 -1.00 -1.00 41 155 1.1793 -0.0195 0.000269
612.50 P 20260814 -1.00 -1.00 19 21 1.1783 -0.0203 0.000280
615.00 P 20260814 -1.00 -1.00 46 140 1.1773 -0.0211 0.000290
617.50 P 20260814 -1.00 -1.00 2 20 1.1770 -0.0219 0.000301
620.00 P 20260814 -1.00 -1.00 123 817 1.1776 -0.0228 0.000312
622.50 P 20260814 -1.00 -1.00 9 7 1.1782 -0.0237 0.000323
625.00 P 20260814 -1.00 -1.00 65 188 1.1762 -0.0246 0.000334
627.50 P 20260814 -1.00 -1.00 15 2214 1.1707 -0.0257 0.000346
630.00 P 20260814 -1.00 -1.00 92 232 1.1641 -0.0265 0.000357
632.50 P 20260814 -1.00 -1.00 3 13 1.1598 -0.0277 0.000371
635.00 P 20260814 -1.00 -1.00 65 115 1.1552 -0.0288 0.000384
637.50 P 20260814 -1.00 -1.00 9 15 1.1498 -0.0299 0.000397
640.00 P 20260814 -1.00 -1.00 1166 1215 1.1460 -0.0311 0.000411
642.50 P 20260814 -1.00 -1.00 5 5 1.1415 -0.0323 0.000425
645.00 P 20260814 -1.00 -1.00 19 63 1.1377 -0.0336 0.000440
647.50 P 20260814 -1.00 -1.00 15 19 1.1343 -0.0349 0.000456
650.00 P 20260814 -1.00 -1.00 759 1226 1.1302 -0.0362 0.000470
652.50 P 20260814 -1.00 -1.00 3 18 1.1285 -0.0377 0.000488
655.00 P 20260814 -1.00 -1.00 37 121 1.1275 -0.0393 0.000505
657.50 P 20260814 -1.00 -1.00 1 30 1.1245 -0.0407 0.000522
660.00 P 20260814 -1.00 -1.00 53 249 1.1201 -0.0419 0.000537
662.50 P 20260814 -1.00 -1.00 16 11 1.1203 -0.0437 0.000556
665.00 P 20260814 -1.00 -1.00 12 107 1.1205 -0.0455 0.000575
667.50 P 20260814 -1.00 -1.00 1 26 1.1188 -0.0471 0.000593
670.00 P 20260814 -1.00 -1.00 112 127 1.1170 -0.0486 0.000610
672.50 P 20260814 -1.00 -1.00 1 13 1.1172 -0.0504 0.000630
675.00 P 20260814 -1.00 -1.00 46 164 1.1174 -0.0522 0.000649
677.50 P 20260814 -1.00 -1.00 15 60 1.1195 -0.0542 0.000669
680.00 P 20260814 -1.00 -1.00 77 1048 1.1197 -0.0560 0.000688
682.50 P 20260814 -1.00 -1.00 10 24 1.1152 -0.0580 0.000708
685.00 P 20260814 -1.00 -1.00 60 141 1.1101 -0.0600 0.000729
687.50 P 20260814 -1.00 -1.00 1 4 1.1050 -0.0620 0.000750
690.00 P 20260814 -1.00 -1.00 100 263 1.1010 -0.0642 0.000772
692.50 P 20260814 -1.00 -1.00 2 10 1.0960 -0.0663 0.000793
695.00 P 20260814 -1.00 -1.00 72 252 1.0921 -0.0686 0.000816
697.50 P 20260814 -1.00 -1.00 9 42 1.0881 -0.0709 0.000839
700.00 P 20260814 -1.00 -1.00 1176 1594 1.0853 -0.0734 0.000863
702.50 P 20260814 -1.00 -1.00 3 37 1.0825 -0.0759 0.000888
705.00 P 20260814 -1.00 -1.00 577 183 1.0797 -0.0785 0.000912
707.50 P 20260814 -1.00 -1.00 22 54 1.0769 -0.0810 0.000937
710.00 P 20260814 -1.00 -1.00 292 267 1.0752 -0.0838 0.000963
712.50 P 20260814 -1.00 -1.00 2 66 1.0735 -0.0865 0.000989
715.00 P 20260814 -1.00 -1.00 54 192 1.0718 -0.0893 0.001015
717.50 P 20260814 -1.00 -1.00 21 43 1.0701 -0.0921 0.001041
720.00 P 20260814 -1.00 -1.00 119 346 1.0706 -0.0952 0.001068
722.50 P 20260814 -1.00 -1.00 22 30 1.0700 -0.0981 0.001095
725.00 P 20260814 -1.00 -1.00 77 209 1.0693 -0.1011 0.001122
727.50 P 20260814 -1.00 -1.00 2 30 1.0698 -0.1042 0.001150
730.00 P 20260814 -1.00 -1.00 82 294 1.0713 -0.1075 0.001177
732.50 P 20260814 -1.00 -1.00 30 20 1.0718 -0.1107 0.001204
735.00 P 20260814 -1.00 -1.00 24 103 1.0727 -0.1141 0.001232
737.50 P 20260814 -1.00 -1.00 14 33 1.0675 -0.1174 0.001260
740.00 P 20260814 -1.00 -1.00 142 247 1.0631 -0.1209 0.001288
742.50 P 20260814 -1.00 -1.00 1 22 1.0593 -0.1246 0.001317
745.00 P 20260814 -1.00 -1.00 41 208 1.0549 -0.1281 0.001346
747.50 P 20260814 -1.00 -1.00 3 60 1.0519 -0.1320 0.001375
750.00 P 20260814 -1.00 -1.00 371 999 1.0482 -0.1357 0.001405
755.00 P 20260814 -1.00 -1.00 26 320 1.0429 -0.1437 0.001466
760.00 P 20260814 -1.00 -1.00 63 206 1.0383 -0.1520 0.001527
765.00 P 20260814 -1.00 -1.00 91 107 1.0352 -0.1605 0.001589
767.50 P 20260814 -1.00 -1.00 7 15 1.0343 -0.1649 0.001620
770.00 P 20260814 -1.00 -1.00 38 421 1.0341 -0.1695 0.001651
772.50 P 20260814 -1.00 -1.00 4 25 1.0339 -0.1741 0.001682
775.00 P 20260814 -1.00 -1.00 55 300 1.0337 -0.1786 0.001713
777.50 P 20260814 -1.00 -1.00 5 82 1.0335 -0.1832 0.001744
780.00 P 20260814 -1.00 -1.00 92 322 1.0347 -0.1880 0.001774
782.50 P 20260814 -1.00 -1.00 3 103 1.0359 -0.1928 0.001804
785.00 P 20260814 -1.00 -1.00 37 183 1.0384 -0.1978 0.001833
787.50 P 20260814 -1.00 -1.00 14 16 1.0393 -0.2026 0.001864
790.00 P 20260814 -1.00 -1.00 109 699 1.0351 -0.2076 0.001893
792.50 P 20260814 -1.00 -1.00 3 25 1.0315 -0.2127 0.001921
795.00 P 20260814 -1.00 -1.00 83 234 1.0278 -0.2178 0.001950
800.00 P 20260814 -1.00 -1.00 528 1896 1.0216 -0.2285 0.002008
805.00 P 20260814 -1.00 -1.00 70 210 1.0159 -0.2393 0.002067
810.00 P 20260814 -1.00 -1.00 105 403 1.0118 -0.2505 0.002124
815.00 P 20260814 -1.00 -1.00 58 287 1.0098 -0.2621 0.002179
820.00 P 20260814 -1.00 -1.00 132 464 1.0088 -0.2739 0.002232
825.00 P 20260814 -1.00 -1.00 50 322 1.0089 -0.2859 0.002284
830.00 P 20260814 -1.00 -1.00 113 508 1.0104 -0.2980 0.002334
835.00 P 20260814 -1.00 -1.00 19 179 1.0134 -0.3103 0.002380
840.00 P 20260814 -1.00 -1.00 224 186 1.0177 -0.3227 0.002424
845.00 P 20260814 -1.00 -1.00 77 154 1.0101 -0.3351 0.002466
850.00 P 20260814 -1.00 -1.00 249 658 1.0041 -0.3479 0.002505
855.00 P 20260814 -1.00 -1.00 53 240 0.9999 -0.3609 0.002540
860.00 P 20260814 -1.00 -1.00 84 438 0.9962 -0.3741 0.002574
865.00 P 20260814 -1.00 -1.00 36 85 0.9933 -0.3874 0.002607
870.00 P 20260814 -1.00 -1.00 232 1203 0.9922 -0.4008 0.002635
875.00 P 20260814 -1.00 -1.00 110 113 0.9936 -0.4144 0.002657
880.00 P 20260814 -1.00 -1.00 705 124 0.9951 -0.4279 0.002678
885.00 P 20260814 -1.00 -1.00 375 83 0.9974 -0.4413 0.002697
890.00 P 20260814 -1.00 -1.00 294 287 1.0047 -0.4546 0.002703
895.00 P 20260814 -1.00 -1.00 388 237 1.0031 -0.4680 0.002724
900.00 P 20260814 -1.00 -1.00 455 381 0.9974 -0.4813 0.002731
905.00 P 20260814 -1.00 -1.00 9 47 0.9921 -0.4947 0.002737
910.00 P 20260814 -1.00 -1.00 17 376 0.9886 -0.5081 0.002738
915.00 P 20260814 -1.00 -1.00 13 32 0.9809 -0.5219 0.002750
920.00 P 20260814 -1.00 -1.00 19 213 0.9858 -0.5347 0.002728
925.00 P 20260814 -1.00 -1.00 1 92 0.9835 -0.5482 0.002725
930.00 P 20260814 -1.00 -1.00 68 157 0.9788 -0.5621 0.002729
935.00 P 20260814 -1.00 -1.00 7 1075 0.9886 -0.5740 0.002694
940.00 P 20260814 -1.00 -1.00 6 160 0.9843 -0.5879 0.002697
945.00 P 20260814 -1.00 -1.00 1 104 0.9882 -0.6005 0.002678
950.00 P 20260814 -1.00 -1.00 38 186 0.9940 -0.6126 0.002652
955.00 P 20260814 -1.00 -1.00 2 40 1.0040 -0.6220 0.002595
957.50 P 20260814 -1.00 -1.00 1 2 0.9968 -0.6288 0.002593
960.00 P 20260814 -1.00 -1.00 102 41 0.9785 -0.6378 0.002613
962.50 P 20260814 -1.00 -1.00 -1 0 0.9853 -0.6421 0.002581
965.00 P 20260814 -1.00 -1.00 4 62 0.9908 -0.6467 0.002552
970.00 P 20260814 -1.00 -1.00 13 122 0.9700 -0.6623 0.002556
975.00 P 20260814 -1.00 -1.00 3 250 0.9749 -0.6726 0.002509
980.00 P 20260814 -1.00 -1.00 5 319 0.9783 -0.6832 0.002466
985.00 P 20260814 -1.00 -1.00 2 229 0.9693 -0.6969 0.002444
990.00 P 20260814 -1.00 -1.00 2 147 0.9676 -0.7088 0.002409
995.00 P 20260814 -1.00 -1.00 3 24 0.9705 -0.7195 0.002367
1000.00 P 20260814 -1.00 -1.00 8 331 0.9816 -0.7278 0.002314
1005.00 P 20260814 -1.00 -1.00 2 16 0.9756 -0.7409 0.002285
1010.00 P 20260814 -1.00 -1.00 35 17 0.9710 -0.7516 0.002243
1015.00 P 20260814 -1.00 -1.00 12 45 0.9825 -0.7572 0.002184
1020.00 P 20260814 -1.00 -1.00 22 35 0.9762 -0.7673 0.002140
1025.00 P 20260814 -1.00 -1.00 5 8 0.9705 -0.7773 0.002094
1030.00 P 20260814 -1.00 -1.00 10 29 0.9825 -0.7825 0.002038
1035.00 P 20260814 -1.00 -1.00 1 12 0.9615 -0.7970 0.001997
1040.00 P 20260814 -1.00 -1.00 5 68 0.9588 -0.8064 0.001946
1045.00 P 20260814 -1.00 -1.00 1 7 0.9736 -0.8105 0.001893
1050.00 P 20260814 -1.00 -1.00 12 67 0.9603 -0.8233 0.001844
1055.00 P 20260814 -1.00 -1.00 2 33 0.9604 -0.8319 0.001793
1060.00 P 20260814 -1.00 -1.00 2 18 0.9675 -0.8382 0.001743
1065.00 P 20260814 -1.00 -1.00 2 8 0.9791 -0.8427 0.001696
1070.00 P 20260814 -1.00 -1.00 1 107 0.9668 -0.8536 0.001643
1075.00 P 20260814 -1.00 -1.00 1 11 0.9880 -0.8540 0.001603
1080.00 P 20260814 -1.00 -1.00 6 25 0.9859 -0.8600 0.001558
1085.00 P 20260814 -1.00 -1.00 1 55 0.9690 -0.8697 0.001503
1090.00 P 20260814 -1.00 -1.00 5 25 0.9652 -0.8763 0.001454
1095.00 P 20260814 -1.00 -1.00 2 31 0.9639 -0.8823 0.001405
1100.00 P 20260814 -1.00 -1.00 3 60 0.9609 -0.8887 0.001355
1105.00 P 20260814 -1.00 -1.00 1 12 0.9612 -0.8943 0.001307
1110.00 P 20260814 -1.00 -1.00 5 15 0.9624 -0.8996 0.001261
1115.00 P 20260814 -1.00 -1.00 2 8 0.9722 -0.9023 0.001226
1120.00 P 20260814 -1.00 -1.00 30 29 0.9672 -0.9094 0.001172
1125.00 P 20260814 -1.00 -1.00 7 10 0.9785 -0.9115 0.001141
1130.00 P 20260814 -1.00 -1.00 1 24 0.9741 -0.9184 0.001089
1135.00 P 20260814 -1.00 -1.00 1 8 0.9843 -0.9207 0.001058
1140.00 P 20260814 -1.00 -1.00 1 8 0.9804 -0.9251 0.001018
1150.00 P 20260814 -1.00 -1.00 1 5 0.9668 -0.9340 0.000935
1160.00 P 20260814 -1.00 -1.00 3 7 0.9634 -0.9411 0.000860
1170.00 P 20260814 -1.00 -1.00 2 2 0.9552 -0.9494 0.000778
1180.00 P 20260814 -1.00 -1.00 1 5 0.9555 -0.9558 0.000708
1190.00 P 20260814 -1.00 -1.00 6 18 0.9566 -0.9620 0.000638
1200.00 P 20260814 -1.00 -1.00 2 9 0.9507 -0.9680 0.000571
1210.00 P 20260814 -1.00 -1.00 2 3 0.9319 -0.9738 0.000506
1220.00 P 20260814 -1.00 -1.00 5 5 1.0272 -0.9640 0.000570
1230.00 P 20260814 -1.00 -1.00 1 1 0.9905 -0.9723 0.000492
1240.00 P 20260814 -1.00 -1.00 15 31 0.9834 -0.9763 0.000444
1250.00 P 20260814 -1.00 -1.00 1 1 0.9784 -0.9801 0.000395
540.00 C 20260817 -1.00 -1.00 -1 0 1.3706 0.9818 0.000193
545.00 C 20260817 -1.00 -1.00 -1 0 1.3518 0.9813 0.000199
550.00 C 20260817 -1.00 -1.00 -1 0 1.3295 0.9811 0.000205
555.00 C 20260817 -1.00 -1.00 -1 0 1.3335 0.9795 0.000220
560.00 C 20260817 -1.00 -1.00 -1 0 1.3041 0.9796 0.000224
565.00 C 20260817 -1.00 -1.00 -1 0 1.3081 0.9779 0.000240
570.00 C 20260817 -1.00 -1.00 -1 0 1.3028 0.9764 0.000255
575.00 C 20260817 -1.00 -1.00 -1 0 1.2758 0.9765 0.000260
580.00 C 20260817 -1.00 -1.00 -1 0 1.2763 0.9736 0.000284
585.00 C 20260817 -1.00 -1.00 -1 0 1.2405 0.9746 0.000283
590.00 C 20260817 -1.00 -1.00 -1 0 1.2430 0.9715 0.000310
595.00 C 20260817 -1.00 -1.00 -1 0 1.2113 0.9720 0.000313
600.00 C 20260817 -1.00 -1.00 -1 0 1.2067 0.9696 0.000336
605.00 C 20260817 -1.00 -1.00 -1 0 1.1843 0.9691 0.000347
610.00 C 20260817 -1.00 -1.00 -1 0 1.1888 0.9656 0.000377
615.00 C 20260817 -1.00 -1.00 -1 0 1.1720 0.9645 0.000393
620.00 C 20260817 -1.00 -1.00 -1 0 1.1448 0.9645 0.000402
625.00 C 20260817 -1.00 -1.00 -1 0 1.1651 0.9592 0.000444
630.00 C 20260817 -1.00 -1.00 -1 0 1.1364 0.9593 0.000454
635.00 C 20260817 -1.00 -1.00 -1 0 1.1322 0.9566 0.000481
640.00 C 20260817 -1.00 -1.00 -1 0 1.0675 0.9610 0.000466
645.00 C 20260817 -1.00 -1.00 -1 0 1.1378 0.9498 0.000542
650.00 C 20260817 -1.00 -1.00 2 0 1.1097 0.9497 0.000557
655.00 C 20260817 -1.00 -1.00 -1 0 1.1288 0.9439 0.000599
660.00 C 20260817 -1.00 -1.00 -1 0 1.1208 0.9401 0.000632
665.00 C 20260817 -1.00 -1.00 -1 0 1.0972 0.9390 0.000654
670.00 C 20260817 -1.00 -1.00 -1 0 1.1021 0.9328 0.000699
675.00 C 20260817 -1.00 -1.00 -1 0 1.0924 0.9292 0.000733
680.00 C 20260817 -1.00 -1.00 -1 0 1.0847 0.9251 0.000770
685.00 C 20260817 -1.00 -1.00 -1 0 1.0790 0.9207 0.000809
690.00 C 20260817 -1.00 -1.00 -1 0 1.0743 0.9161 0.000848
695.00 C 20260817 -1.00 -1.00 -1 0 1.0677 0.9117 0.000888
700.00 C 20260817 -1.00 -1.00 -1 0 1.0478 0.9095 0.000922
705.00 C 20260817 -1.00 -1.00 -1 0 1.0461 0.9042 0.000966
710.00 C 20260817 -1.00 -1.00 -1 0 1.0340 0.9006 0.001007
715.00 C 20260817 -1.00 -1.00 -1 0 1.0069 0.8994 0.001044
720.00 C 20260817 -1.00 -1.00 -1 0 1.0148 0.8924 0.001094
725.00 C 20260817 -1.00 -1.00 -1 0 1.0171 0.8854 0.001143
730.00 C 20260817 -1.00 -1.00 -1 0 0.9970 0.8817 0.001189
735.00 C 20260817 -1.00 -1.00 -1 0 1.0012 0.8724 0.001241
740.00 C 20260817 -1.00 -1.00 -1 0 0.9955 0.8652 0.001293
745.00 C 20260817 -1.00 -1.00 -1 0 0.9898 0.8580 0.001345
750.00 C 20260817 -1.00 -1.00 -1 0 0.9836 0.8508 0.001399
755.00 C 20260817 -1.00 -1.00 2 0 0.9798 0.8430 0.001453
760.00 C 20260817 -1.00 -1.00 -1 0 0.9804 0.8343 0.001506
765.00 C 20260817 -1.00 -1.00 -1 0 0.9821 0.8255 0.001559
770.00 C 20260817 -1.00 -1.00 -1 0 0.9833 0.8167 0.001612
775.00 C 20260817 -1.00 -1.00 -1 0 0.9850 0.8079 0.001664
780.00 C 20260817 -1.00 -1.00 1 1 0.9723 0.8014 0.001727
785.00 C 20260817 -1.00 -1.00 4 1 0.9780 0.7898 0.001767
790.00 C 20260817 -1.00 -1.00 22 11 0.9621 0.7821 0.001828
795.00 C 20260817 -1.00 -1.00 16 3 0.9409 0.7751 0.001899
800.00 C 20260817 -1.00 -1.00 42 2 0.9543 0.7614 0.001928
805.00 C 20260817 -1.00 -1.00 16 3 0.9541 0.7503 0.001974
810.00 C 20260817 -1.00 -1.00 17 32 0.9583 0.7385 0.002014
815.00 C 20260817 -1.00 -1.00 17 5 0.9293 0.7318 0.002105
820.00 C 20260817 -1.00 -1.00 31 10 0.9332 0.7198 0.002146
825.00 C 20260817 -1.00 -1.00 1 23 0.9517 0.7061 0.002161
830.00 C 20260817 -1.00 -1.00 6 5 0.9568 0.6943 0.002197
835.00 C 20260817 -1.00 -1.00 4 1 0.9530 0.6836 0.002250
840.00 C 20260817 -1.00 -1.00 20 11 0.9535 0.6716 0.002279
845.00 C 20260817 -1.00 -1.00 14 30 0.9425 0.6603 0.002326
850.00 C 20260817 -1.00 -1.00 2 63 0.9471 0.6475 0.002338
855.00 C 20260817 -1.00 -1.00 5 1 0.9458 0.6351 0.002363
860.00 C 20260817 -1.00 -1.00 2 6 0.9373 0.6231 0.002406
865.00 C 20260817 -1.00 -1.00 24 19 0.9433 0.6103 0.002413
870.00 C 20260817 -1.00 -1.00 32 19 0.9364 0.5981 0.002453
875.00 C 20260817 -1.00 -1.00 3 21 0.9397 0.5854 0.002467
880.00 C 20260817 -1.00 -1.00 22 0 0.9460 0.5729 0.002473
885.00 C 20260817 -1.00 -1.00 10 4 0.9459 0.5605 0.002495
890.00 C 20260817 -1.00 -1.00 35 4 0.9518 0.5482 0.002502
895.00 C 20260817 -1.00 -1.00 41 19 0.9523 0.5359 0.002516
900.00 C 20260817 -1.00 -1.00 146 52 0.9471 0.5236 0.002523
905.00 C 20260817 -1.00 -1.00 30 6 0.9177 0.5097 0.002596
910.00 C 20260817 -1.00 -1.00 9 19 0.9404 0.4990 0.002527
915.00 C 20260817 -1.00 -1.00 16 15 0.9341 0.4863 0.002537
920.00 C 20260817 -1.00 -1.00 40 25 0.9330 0.4740 0.002532
925.00 C 20260817 -1.00 -1.00 20 27 0.9305 0.4614 0.002532
930.00 C 20260817 -1.00 -1.00 9 0 0.9279 0.4488 0.002531
935.00 C 20260817 -1.00 -1.00 -1 0 0.9305 0.4369 0.002517
940.00 C 20260817 -1.00 -1.00 24 0 0.9291 0.4244 0.002514
945.00 C 20260817 -1.00 -1.00 4 0 0.9353 0.4131 0.002491
950.00 C 20260817 -1.00 -1.00 24 0 0.9389 0.4016 0.002474
955.00 C 20260817 -1.00 -1.00 18 0 0.9394 0.3899 0.002462
960.00 C 20260817 -1.00 -1.00 5 0 0.9369 0.3791 0.002437
965.00 C 20260817 -1.00 -1.00 2 0 0.9290 0.3672 0.002422
970.00 C 20260817 -1.00 -1.00 9 0 0.9282 0.3565 0.002393
975.00 C 20260817 -1.00 -1.00 5 0 0.9233 0.3450 0.002371
980.00 C 20260817 -1.00 -1.00 3 0 0.9261 0.3351 0.002334
985.00 C 20260817 -1.00 -1.00 -1 0 0.9216 0.3235 0.002311
990.00 C 20260817 -1.00 -1.00 10 0 0.9236 0.3135 0.002275
995.00 C 20260817 -1.00 -1.00 2 0 0.9284 0.3043 0.002236
1000.00 C 20260817 -1.00 -1.00 100 0 0.9340 0.2954 0.002196
1005.00 C 20260817 -1.00 -1.00 13 0 0.9312 0.2842 0.002170
1010.00 C 20260817 -1.00 -1.00 3 0 0.9343 0.2748 0.002134
1015.00 C 20260817 -1.00 -1.00 1 0 0.9395 0.2660 0.002097
1020.00 C 20260817 -1.00 -1.00 2 0 0.9457 0.2581 0.002058
1025.00 C 20260817 -1.00 -1.00 4 0 0.9415 0.2494 0.002021
1030.00 C 20260817 -1.00 -1.00 10 0 0.9125 0.2339 0.002001
1035.00 C 20260817 -1.00 -1.00 -1 0 0.9363 0.2327 0.001943
1040.00 C 20260817 -1.00 -1.00 -1 0 0.9311 0.2235 0.001905
1045.00 C 20260817 -1.00 -1.00 1 0 0.9378 0.2177 0.001861
1050.00 C 20260817 -1.00 -1.00 5 0 0.9362 0.2096 0.001820
1055.00 C 20260817 -1.00 -1.00 4 0 0.9382 0.2025 0.001779
1060.00 C 20260817 -1.00 -1.00 -1 0 0.9367 0.1944 0.001738
1065.00 C 20260817 -1.00 -1.00 2 0 0.9427 0.1887 0.001697
1070.00 C 20260817 -1.00 -1.00 -1 0 0.9463 0.1822 0.001656
1075.00 C 20260817 -1.00 -1.00 -1 0 0.9462 0.1746 0.001616
1080.00 C 20260817 -1.00 -1.00 7 0 0.9497 0.1682 0.001577
1085.00 C 20260817 -1.00 -1.00 2 0 0.9537 0.1620 0.001538
1090.00 C 20260817 -1.00 -1.00 1 0 0.9606 0.1570 0.001501
1095.00 C 20260817 -1.00 -1.00 -1 0 0.9623 0.1517 0.001465
1100.00 C 20260817 -1.00 -1.00 58 0 0.9595 0.1461 0.001427
1105.00 C 20260817 -1.00 -1.00 7 0 0.9567 0.1406 0.001390
1110.00 C 20260817 -1.00 -1.00 35 0 0.9561 0.1356 0.001353
1115.00 C 20260817 -1.00 -1.00 12 0 0.9518 0.1295 0.001313
1120.00 C 20260817 -1.00 -1.00 -1 0 0.9483 0.1237 0.001274
1125.00 C 20260817 -1.00 -1.00 60 0 0.9529 0.1201 0.001240
1130.00 C 20260817 -1.00 -1.00 -1 0 0.9560 0.1161 0.001206
1135.00 C 20260817 -1.00 -1.00 21 0 0.9577 0.1117 0.001171
1140.00 C 20260817 -1.00 -1.00 -1 0 0.9549 0.1060 0.001132
1145.00 C 20260817 -1.00 -1.00 -1 0 0.9543 0.1010 0.001094
1150.00 C 20260817 -1.00 -1.00 1 0 0.9618 0.0985 0.001067
1155.00 C 20260817 -1.00 -1.00 1 0 0.9671 0.0953 0.001037
1160.00 C 20260817 -1.00 -1.00 1 0 0.9716 0.0919 0.001007
1165.00 C 20260817 -1.00 -1.00 -1 0 0.9753 0.0883 0.000977
1170.00 C 20260817 -1.00 -1.00 -1 0 0.9733 0.0829 0.000939
1175.00 C 20260817 -1.00 -1.00 9 0 0.9847 0.0819 0.000921
1180.00 C 20260817 -1.00 -1.00 -1 0 0.9763 0.0777 0.000888
1185.00 C 20260817 -1.00 -1.00 2 0 0.9728 0.0743 0.000859
1190.00 C 20260817 -1.00 -1.00 -1 0 0.9706 0.0712 0.000831
1195.00 C 20260817 -1.00 -1.00 -1 0 0.9759 0.0696 0.000811
1200.00 C 20260817 -1.00 -1.00 3 0 0.9786 0.0675 0.000788
1205.00 C 20260817 -1.00 -1.00 2 0 0.9678 0.0626 0.000749
1210.00 C 20260817 -1.00 -1.00 1 0 0.9694 0.0602 0.000725
1215.00 C 20260817 -1.00 -1.00 2 0 0.9672 0.0571 0.000696
1220.00 C 20260817 -1.00 -1.00 1 0 0.9763 0.0564 0.000683
1225.00 C 20260817 -1.00 -1.00 1 0 0.9710 0.0525 0.000649
1230.00 C 20260817 -1.00 -1.00 -1 0 0.9747 0.0507 0.000629
1235.00 C 20260817 -1.00 -1.00 1 0 0.9733 0.0477 0.000601
1240.00 C 20260817 -1.00 -1.00 3 0 0.9862 0.0480 0.000596
1250.00 C 20260817 -1.00 -1.00 11 0 0.9906 0.0437 0.000553
540.00 P 20260817 -1.00 -1.00 -1 0 1.2271 -0.0099 0.000127
545.00 P 20260817 -1.00 -1.00 -1 0 1.2364 -0.0120 0.000148
550.00 P 20260817 -1.00 -1.00 -1 0 1.2575 -0.0148 0.000175
555.00 P 20260817 -1.00 -1.00 -1 0 1.1920 -0.0122 0.000156
560.00 P 20260817 -1.00 -1.00 2 0 1.1828 -0.0132 0.000168
565.00 P 20260817 -1.00 -1.00 -1 0 1.2135 -0.0167 0.000201
570.00 P 20260817 -1.00 -1.00 -1 0 1.1976 -0.0172 0.000210
575.00 P 20260817 -1.00 -1.00 -1 0 1.2075 -0.0194 0.000231
580.00 P 20260817 -1.00 -1.00 -1 0 1.1349 -0.0163 0.000211
585.00 P 20260817 -1.00 -1.00 50 0 1.1530 -0.0191 0.000239
590.00 P 20260817 -1.00 -1.00 62 0 1.1796 -0.0224 0.000269
595.00 P 20260817 -1.00 -1.00 -1 0 1.1146 -0.0198 0.000255
600.00 P 20260817 -1.00 -1.00 60 0 1.1583 -0.0248 0.000299
605.00 P 20260817 -1.00 -1.00 16 0 1.0689 -0.0200 0.000268
610.00 P 20260817 -1.00 -1.00 -1 0 1.0954 -0.0235 0.000303
615.00 P 20260817 -1.00 -1.00 1 0 1.0782 -0.0241 0.000314
620.00 P 20260817 -1.00 -1.00 -1 0 1.0603 -0.0249 0.000328
625.00 P 20260817 -1.00 -1.00 -1 0 1.0674 -0.0291 0.000368
630.00 P 20260817 -1.00 -1.00 -1 0 1.0420 -0.0291 0.000376
635.00 P 20260817 -1.00 -1.00 -1 0 1.0394 -0.0321 0.000408
640.00 P 20260817 -1.00 -1.00 -1 0 1.0462 -0.0363 0.000448
645.00 P 20260817 -1.00 -1.00 5 0 1.0377 -0.0385 0.000475
650.00 P 20260817 -1.00 -1.00 9 0 1.0194 -0.0395 0.000494
655.00 P 20260817 -1.00 -1.00 3 0 1.0360 -0.0450 0.000542
660.00 P 20260817 -1.00 -1.00 -1 0 1.0448 -0.0494 0.000583
665.00 P 20260817 -1.00 -1.00 30 0 1.0297 -0.0510 0.000607
670.00 P 20260817 -1.00 -1.00 -1 0 1.0062 -0.0516 0.000627
675.00 P 20260817 -1.00 -1.00 -1 0 1.0292 -0.0592 0.000684
680.00 P 20260817 -1.00 -1.00 -1 0 1.0191 -0.0629 0.000721
685.00 P 20260817 -1.00 -1.00 26 0 1.0110 -0.0670 0.000761
690.00 P 20260817 -1.00 -1.00 3 0 1.0068 -0.0719 0.000805
695.00 P 20260817 -1.00 -1.00 -1 0 1.0046 -0.0772 0.000852
700.00 P 20260817 -1.00 -1.00 11 0 0.9937 -0.0810 0.000893
705.00 P 20260817 -1.00 -1.00 -1 0 0.9925 -0.0866 0.000941
710.00 P 20260817 -1.00 -1.00 1 0 0.9913 -0.0922 0.000990
715.00 P 20260817 -1.00 -1.00 -1 0 0.9816 -0.0963 0.001035
720.00 P 20260817 -1.00 -1.00 -1 0 1.0002 -0.1053 0.001091
725.00 P 20260817 -1.00 -1.00 51 0 0.9999 -0.1111 0.001140
730.00 P 20260817 -1.00 -1.00 -1 0 0.9906 -0.1169 0.001189
735.00 P 20260817 -1.00 -1.00 1 0 0.9832 -0.1237 0.001240
740.00 P 20260817 -1.00 -1.00 2 0 0.9777 -0.1310 0.001293
745.00 P 20260817 -1.00 -1.00 50 0 0.9735 -0.1386 0.001347
750.00 P 20260817 -1.00 -1.00 71 0 0.9693 -0.1464 0.001402
755.00 P 20260817 -1.00 -1.00 -1 0 0.9652 -0.1541 0.001458
760.00 P 20260817 -1.00 -1.00 61 0 0.9678 -0.1633 0.001512
765.00 P 20260817 -1.00 -1.00 -1 0 0.9649 -0.1714 0.001568
770.00 P 20260817 -1.00 -1.00 -1 0 0.9571 -0.1787 0.001627
775.00 P 20260817 -1.00 -1.00 1 0 0.9627 -0.1884 0.001680
780.00 P 20260817 -1.00 -1.00 4 63 0.9682 -0.1981 0.001732
785.00 P 20260817 -1.00 -1.00 2 10 0.9647 -0.2077 0.001784
790.00 P 20260817 -1.00 -1.00 72 30 0.9559 -0.2170 0.001838
795.00 P 20260817 -1.00 -1.00 24 6 0.9503 -0.2270 0.001891
800.00 P 20260817 -1.00 -1.00 40 63 0.9492 -0.2380 0.001938
805.00 P 20260817 -1.00 -1.00 3 8 0.9469 -0.2488 0.001987
810.00 P 20260817 -1.00 -1.00 21 8 0.9440 -0.2595 0.002038
815.00 P 20260817 -1.00 -1.00 4 1 0.9439 -0.2708 0.002085
820.00 P 20260817 -1.00 -1.00 12 3 0.9385 -0.2813 0.002140
825.00 P 20260817 -1.00 -1.00 -1 0 0.9428 -0.2931 0.002180
830.00 P 20260817 -1.00 -1.00 2 1 0.9418 -0.3043 0.002228
835.00 P 20260817 -1.00 -1.00 4 0 0.9505 -0.3165 0.002259
840.00 P 20260817 -1.00 -1.00 1 0 0.9434 -0.3278 0.002306
845.00 P 20260817 -1.00 -1.00 -1 0 0.9434 -0.3403 0.002328
850.00 P 20260817 -1.00 -1.00 7 0 0.9349 -0.3521 0.002371
855.00 P 20260817 -1.00 -1.00 1 1 0.9376 -0.3648 0.002387
860.00 P 20260817 -1.00 -1.00 1 0 0.9346 -0.3772 0.002417
865.00 P 20260817 -1.00 -1.00 20 0 0.9335 -0.3898 0.002442
870.00 P 20260817 -1.00 -1.00 19 0 0.9414 -0.4026 0.002445
875.00 P 20260817 -1.00 -1.00 3 10 0.9346 -0.4150 0.002485
880.00 P 20260817 -1.00 -1.00 5 2 0.9361 -0.4276 0.002504
885.00 P 20260817 -1.00 -1.00 24 0 0.9301 -0.4403 0.002543
890.00 P 20260817 -1.00 -1.00 42 0 0.9425 -0.4527 0.002532
895.00 P 20260817 -1.00 -1.00 -1 0 0.9441 -0.4652 0.002543
900.00 P 20260817 -1.00 -1.00 1 1 0.9453 -0.4772 0.002533
905.00 P 20260817 -1.00 -1.00 -1 0 0.9309 -0.4902 0.002565
910.00 P 20260817 -1.00 -1.00 -1 0 0.9255 -0.5029 0.002573
915.00 P 20260817 -1.00 -1.00 -1 0 0.9260 -0.5152 0.002565
920.00 P 20260817 -1.00 -1.00 -1 0 0.9246 -0.5277 0.002561
925.00 P 20260817 -1.00 -1.00 -1 0 0.9145 -0.5414 0.002582
930.00 P 20260817 -1.00 -1.00 2 0 0.9190 -0.5533 0.002562
935.00 P 20260817 -1.00 -1.00 -1 0 0.9170 -0.5660 0.002560
940.00 P 20260817 -1.00 -1.00 1 0 0.9178 -0.5784 0.002551
945.00 P 20260817 -1.00 -1.00 -1 0 0.9255 -0.5895 0.002524
950.00 P 20260817 -1.00 -1.00 2 0 0.9255 -0.6020 0.002517
955.00 P 20260817 -1.00 -1.00 -1 0 0.9282 -0.6132 0.002494
960.00 P 20260817 -1.00 -1.00 1 0 0.9241 -0.6245 0.002471
965.00 P 20260817 -1.00 -1.00 1 0 0.8955 -0.6409 0.002501
970.00 P 20260817 -1.00 -1.00 13 0 0.9185 -0.6467 0.002420
975.00 P 20260817 -1.00 -1.00 1 0 0.9121 -0.6588 0.002401
980.00 P 20260817 -1.00 -1.00 16 0 0.9024 -0.6719 0.002387
985.00 P 20260817 -1.00 -1.00 -1 0 0.9077 -0.6813 0.002344
990.00 P 20260817 -1.00 -1.00 -1 0 0.9135 -0.6905 0.002302
995.00 P 20260817 -1.00 -1.00 -1 0 0.9147 -0.7008 0.002268
1000.00 P 20260817 -1.00 -1.00 2 0 0.9244 -0.7087 0.002221
1005.00 P 20260817 -1.00 -1.00 24 0 0.9208 -0.7203 0.002195
1010.00 P 20260817 -1.00 -1.00 2 0 0.9215 -0.7307 0.002162
1015.00 P 20260817 -1.00 -1.00 24 0 0.9334 -0.7375 0.002115
1020.00 P 20260817 -1.00 -1.00 8 0 0.9231 -0.7492 0.002088
1025.00 P 20260817 -1.00 -1.00 -1 0 0.9320 -0.7547 0.002038
1030.00 P 20260817 -1.00 -1.00 -1 0 0.9237 -0.7647 0.002003
1035.00 P 20260817 -1.00 -1.00 -1 0 0.9150 -0.7750 0.001967
1040.00 P 20260817 -1.00 -1.00 1 0 0.9218 -0.7809 0.001920
1045.00 P 20260817 -1.00 -1.00 -1 0 0.9347 -0.7849 0.001872
1050.00 P 20260817 -1.00 -1.00 -1 0 0.9173 -0.7981 0.001837
1055.00 P 20260817 -1.00 -1.00 -1 0 0.9240 -0.8038 0.001793
1060.00 P 20260817 -1.00 -1.00 -1 0 0.9137 -0.8152 0.001753
1065.00 P 20260817 -1.00 -1.00 -1 0 0.9127 -0.8235 0.001710
1070.00 P 20260817 -1.00 -1.00 -1 0 0.9213 -0.8284 0.001668
1075.00 P 20260817 -1.00 -1.00 -1 0 0.9273 -0.8341 0.001626
1080.00 P 20260817 -1.00 -1.00 -1 0 0.9281 -0.8417 0.001585
1085.00 P 20260817 -1.00 -1.00 -1 0 0.9233 -0.8503 0.001542
1090.00 P 20260817 -1.00 -1.00 -1 0 0.9259 -0.8547 0.001503
1095.00 P 20260817 -1.00 -1.00 -1 0 0.9103 -0.8640 0.001457
1100.00 P 20260817 -1.00 -1.00 -1 0 0.9159 -0.8676 0.001420
1105.00 P 20260817 -1.00 -1.00 -1 0 0.9267 -0.8698 0.001387
1110.00 P 20260817 -1.00 -1.00 -1 0 0.9255 -0.8752 0.001347
1115.00 P 20260817 -1.00 -1.00 -1 0 0.9144 -0.8836 0.001299
1120.00 P 20260817 -1.00 -1.00 -1 0 0.9266 -0.8851 0.001270
1125.00 P 20260817 -1.00 -1.00 -1 0 0.9118 -0.8947 0.001216
1130.00 P 20260817 -1.00 -1.00 -1 0 0.9337 -0.8931 0.001199
1135.00 P 20260817 -1.00 -1.00 -1 0 0.9134 -0.9046 0.001137
1140.00 P 20260817 -1.00 -1.00 -1 0 0.9187 -0.9081 0.001104
1145.00 P 20260817 -1.00 -1.00 -1 0 0.9223 -0.9121 0.001069
1150.00 P 20260817 -1.00 -1.00 -1 0 0.9259 -0.9160 0.001035
1155.00 P 20260817 -1.00 -1.00 -1 0 0.9244 -0.9215 0.000993
1160.00 P 20260817 -1.00 -1.00 -1 0 0.9572 -0.9156 0.001003
1165.00 P 20260817 -1.00 -1.00 -1 0 0.9629 -0.9187 0.000975
1170.00 P 20260817 -1.00 -1.00 -1 0 0.9245 -0.9303 0.000906
1175.00 P 20260817 -1.00 -1.00 -1 0 0.9415 -0.9296 0.000896
1180.00 P 20260817 -1.00 -1.00 -1 0 0.9251 -0.9359 0.000849
1185.00 P 20260817 -1.00 -1.00 -1 0 0.9215 -0.9397 0.000817
1190.00 P 20260817 -1.00 -1.00 -1 0 0.9203 -0.9429 0.000786
1195.00 P 20260817 -1.00 -1.00 -1 0 0.9204 -0.9458 0.000758
1200.00 P 20260817 -1.00 -1.00 -1 0 0.9411 -0.9439 0.000758
1205.00 P 20260817 -1.00 -1.00 -1 0 0.9217 -0.9513 0.000701
1210.00 P 20260817 -1.00 -1.00 -1 0 0.9189 -0.9549 0.000667
1215.00 P 20260817 -1.00 -1.00 -1 0 0.9252 -0.9563 0.000649
1220.00 P 20260817 -1.00 -1.00 -1 0 0.9288 -0.9583 0.000626
1225.00 P 20260817 -1.00 -1.00 -1 0 0.9744 -0.9502 0.000672
1230.00 P 20260817 -1.00 -1.00 -1 0 0.9214 -0.9660 0.000556
1235.00 P 20260817 -1.00 -1.00 -1 0 0.9359 -0.9652 0.000555
1240.00 P 20260817 -1.00 -1.00 -1 0 0.9265 -0.9683 0.000526
1250.00 P 20260817 -1.00 -1.00 -1 0 0.9042 -0.9744 0.000465
755.00 C 20260819 -1.00 -1.00 1 0 0.9737 0.8310 0.001433
760.00 C 20260819 -1.00 -1.00 -1 0 0.9683 0.8239 0.001484
765.00 C 20260819 -1.00 -1.00 -1 0 0.9749 0.8147 0.001528
770.00 C 20260819 -1.00 -1.00 -1 0 0.9808 0.8057 0.001572
775.00 C 20260819 -1.00 -1.00 -1 0 0.9753 0.7977 0.001620
780.00 C 20260819 -1.00 -1.00 -1 0 0.9757 0.7874 0.001658
785.00 C 20260819 -1.00 -1.00 -1 0 0.9696 0.7784 0.001703
790.00 C 20260819 -1.00 -1.00 -1 0 0.9636 0.7692 0.001749
795.00 C 20260819 -1.00 -1.00 24 0 0.9580 0.7599 0.001795
800.00 C 20260819 -1.00 -1.00 16 0 0.9732 0.7471 0.001815
805.00 C 20260819 -1.00 -1.00 -1 0 0.9542 0.7398 0.001880
810.00 C 20260819 -1.00 -1.00 2 0 0.9596 0.7286 0.001912
815.00 C 20260819 -1.00 -1.00 -1 0 0.9529 0.7191 0.001962
820.00 C 20260819 -1.00 -1.00 -1 0 0.9542 0.7086 0.002000
825.00 C 20260819 -1.00 -1.00 -1 0 0.9529 0.6983 0.002042
830.00 C 20260819 -1.00 -1.00 2 0 0.9620 0.6870 0.002067
835.00 C 20260819 -1.00 -1.00 -1 0 0.9605 0.6762 0.002098
840.00 C 20260819 -1.00 -1.00 -1 0 0.9511 0.6656 0.002136
845.00 C 20260819 -1.00 -1.00 -1 0 0.9498 0.6542 0.002159
850.00 C 20260819 -1.00 -1.00 46 0 0.9452 0.6430 0.002189
855.00 C 20260819 -1.00 -1.00 11 0 0.9428 0.6315 0.002214
860.00 C 20260819 -1.00 -1.00 -1 0 0.9393 0.6200 0.002242
865.00 C 20260819 -1.00 -1.00 2 0 0.9376 0.6084 0.002265
870.00 C 20260819 -1.00 -1.00 -1 0 0.9381 0.5967 0.002284
875.00 C 20260819 -1.00 -1.00 14 0 0.9445 0.5850 0.002289
880.00 C 20260819 -1.00 -1.00 8 0 0.9488 0.5734 0.002298
885.00 C 20260819 -1.00 -1.00 33 0 0.9436 0.5617 0.002330
890.00 C 20260819 -1.00 -1.00 24 0 0.9545 0.5504 0.002323
895.00 C 20260819 -1.00 -1.00 40 0 0.9555 0.5390 0.002335
900.00 C 20260819 -1.00 -1.00 126 0 0.9470 0.5275 0.002350
755.00 P 20260819 -1.00 -1.00 9 0 0.9770 -0.1697 0.001434
760.00 P 20260819 -1.00 -1.00 12 0 0.9763 -0.1777 0.001482
765.00 P 20260819 -1.00 -1.00 59 0 0.9762 -0.1857 0.001530
770.00 P 20260819 -1.00 -1.00 20 0 0.9761 -0.1937 0.001577
775.00 P 20260819 -1.00 -1.00 11 0 0.9695 -0.2014 0.001628
780.00 P 20260819 -1.00 -1.00 10 0 0.9648 -0.2107 0.001671
785.00 P 20260819 -1.00 -1.00 3 0 0.9628 -0.2206 0.001713
790.00 P 20260819 -1.00 -1.00 3 0 0.9505 -0.2287 0.001767
795.00 P 20260819 -1.00 -1.00 2 0 0.9506 -0.2391 0.001807
800.00 P 20260819 -1.00 -1.00 189 0 0.9317 -0.2464 0.001872
805.00 P 20260819 -1.00 -1.00 2 0 0.9441 -0.2590 0.001897
810.00 P 20260819 -1.00 -1.00 7 0 0.9422 -0.2692 0.001941
815.00 P 20260819 -1.00 -1.00 -1 0 0.9440 -0.2800 0.001979
820.00 P 20260819 -1.00 -1.00 -1 0 0.9450 -0.2906 0.002018
825.00 P 20260819 -1.00 -1.00 6 0 0.9443 -0.3011 0.002061
830.00 P 20260819 -1.00 -1.00 1 0 0.9506 -0.3122 0.002091
835.00 P 20260819 -1.00 -1.00 -1 0 0.9496 -0.3232 0.002124
840.00 P 20260819 -1.00 -1.00 2 0 0.9436 -0.3342 0.002156
845.00 P 20260819 -1.00 -1.00 5 0 0.9395 -0.3455 0.002185
850.00 P 20260819 -1.00 -1.00 3 0 0.9347 -0.3568 0.002216
855.00 P 20260819 -1.00 -1.00 -1 0 0.9306 -0.3683 0.002246
860.00 P 20260819 -1.00 -1.00 12 0 0.9273 -0.3799 0.002274
865.00 P 20260819 -1.00 -1.00 10 0 0.9279 -0.3918 0.002293
870.00 P 20260819 -1.00 -1.00 4 0 0.9292 -0.4037 0.002311
875.00 P 20260819 -1.00 -1.00 7 0 0.9290 -0.4155 0.002331
880.00 P 20260819 -1.00 -1.00 87 0 0.9313 -0.4273 0.002346
885.00 P 20260819 -1.00 -1.00 2 0 0.9336 -0.4391 0.002361
890.00 P 20260819 -1.00 -1.00 97 0 0.9359 -0.4508 0.002376
895.00 P 20260819 -1.00 -1.00 5 0 0.9386 -0.4625 0.002383
900.00 P 20260819 -1.00 -1.00 156 0 0.9337 -0.4740 0.002390
540.00 C 20260821 -1.00 -1.00 8 460 1.3093 0.9742 0.000238
550.00 C 20260821 -1.00 -1.00 2 655 1.2952 0.9706 0.000267
560.00 C 20260821 -1.00 -1.00 15 295 1.2650 0.9684 0.000289
570.00 C 20260821 -1.00 -1.00 1 305 1.2177 0.9680 0.000304
580.00 C 20260821 -1.00 -1.00 8 286 1.2240 0.9621 0.000348
590.00 C 20260821 -1.00 -1.00 15 239 1.2000 0.9592 0.000378
600.00 C 20260821 -1.00 -1.00 20 1832 1.1514 0.9588 0.000397
610.00 C 20260821 -1.00 -1.00 2 414 1.1705 0.9514 0.000450
620.00 C 20260821 -1.00 -1.00 2 467 1.1245 0.9505 0.000476
630.00 C 20260821 -1.00 -1.00 1 284 1.0945 0.9479 0.000511
640.00 C 20260821 -1.00 -1.00 1 595 1.0782 0.9420 0.000562
650.00 C 20260821 -1.00 -1.00 3 840 1.0372 0.9397 0.000601
660.00 C 20260821 -1.00 -1.00 13 225 1.0627 0.9253 0.000687
670.00 C 20260821 -1.00 -1.00 10 279 1.0267 0.9216 0.000738
680.00 C 20260821 -1.00 -1.00 2 223 1.0459 0.9084 0.000818
690.00 C 20260821 -1.00 -1.00 1 299 1.0428 0.8990 0.000887
700.00 C 20260821 -1.00 -1.00 19 1049 1.0389 0.8889 0.000958
710.00 C 20260821 -1.00 -1.00 1 739 1.0231 0.8779 0.001033
720.00 C 20260821 -1.00 -1.00 2 386 1.0064 0.8667 0.001111
730.00 C 20260821 -1.00 -1.00 16 642 0.9795 0.8573 0.001194
740.00 C 20260821 -1.00 -1.00 7 419 0.9960 0.8390 0.001274
750.00 C 20260821 -1.00 -1.00 14 864 1.0078 0.8221 0.001351
760.00 C 20260821 -1.00 -1.00 6 372 0.9976 0.8089 0.001437
770.00 C 20260821 -1.00 -1.00 19 232 0.9881 0.7932 0.001517
780.00 C 20260821 -1.00 -1.00 12 499 0.9774 0.7761 0.001595
790.00 C 20260821 -1.00 -1.00 25 205 0.9701 0.7582 0.001672
795.00 C 20260821 -1.00 -1.00 13 114 0.9727 0.7481 0.001703
800.00 C 20260821 -1.00 -1.00 194 1944 0.9645 0.7397 0.001749
805.00 C 20260821 -1.00 -1.00 8 137 0.9682 0.7295 0.001779
810.00 C 20260821 -1.00 -1.00 37 348 0.9636 0.7204 0.001820
815.00 C 20260821 -1.00 -1.00 21 139 0.9689 0.7101 0.001848
820.00 C 20260821 -1.00 -1.00 44 898 0.9683 0.7005 0.001883
825.00 C 20260821 -1.00 -1.00 58 91 0.9775 0.6900 0.001904
830.00 C 20260821 -1.00 -1.00 211 918 0.9704 0.6806 0.001942
835.00 C 20260821 -1.00 -1.00 129 170 0.9672 0.6702 0.001965
840.00 C 20260821 -1.00 -1.00 112 672 0.9511 0.6608 0.002014
845.00 C 20260821 -1.00 -1.00 62 153 0.9530 0.6499 0.002028
850.00 C 20260821 -1.00 -1.00 672 1836 0.9509 0.6392 0.002050
855.00 C 20260821 -1.00 -1.00 15 144 0.9555 0.6281 0.002058
860.00 C 20260821 -1.00 -1.00 125 394 0.9463 0.6176 0.002095
865.00 C 20260821 -1.00 -1.00 30 114 0.9536 0.6066 0.002097
870.00 C 20260821 -1.00 -1.00 184 880 0.9488 0.5958 0.002125
875.00 C 20260821 -1.00 -1.00 92 166 0.9550 0.5849 0.002129
880.00 C 20260821 -1.00 -1.00 153 1124 0.9532 0.5741 0.002150
885.00 C 20260821 -1.00 -1.00 46 90 0.9534 0.5633 0.002167
890.00 C 20260821 -1.00 -1.00 90 1677 0.9560 0.5525 0.002179
895.00 C 20260821 -1.00 -1.00 76 418 0.9574 0.5419 0.002189
900.00 C 20260821 -1.00 -1.00 1438 3219 0.9524 0.5312 0.002196
905.00 C 20260821 -1.00 -1.00 70 203 0.9505 0.5206 0.002196
910.00 C 20260821 -1.00 -1.00 296 1278 0.9534 0.5104 0.002185
915.00 C 20260821 -1.00 -1.00 147 219 0.9437 0.4991 0.002203
920.00 C 20260821 -1.00 -1.00 83 637 0.9434 0.4885 0.002199
925.00 C 20260821 -1.00 -1.00 394 458 0.9414 0.4778 0.002199
930.00 C 20260821 -1.00 -1.00 97 1130 0.9411 0.4672 0.002195
935.00 C 20260821 -1.00 -1.00 63 179 0.9405 0.4565 0.002192
940.00 C 20260821 -1.00 -1.00 73 1001 0.9412 0.4460 0.002186
945.00 C 20260821 -1.00 -1.00 43 43 0.9434 0.4358 0.002176
950.00 C 20260821 -1.00 -1.00 1018 4296 0.9447 0.4254 0.002169
955.00 C 20260821 -1.00 -1.00 48 96 0.9485 0.4156 0.002156
957.50 C 20260821 -1.00 -1.00 39 193 0.9495 0.4105 0.002152
960.00 C 20260821 -1.00 -1.00 96 798 0.9510 0.4056 0.002146
962.50 C 20260821 -1.00 -1.00 12 124 0.9529 0.4007 0.002140
965.00 C 20260821 -1.00 -1.00 32 40 0.9544 0.3960 0.002132
970.00 C 20260821 -1.00 -1.00 57 584 0.9497 0.3863 0.002118
975.00 C 20260821 -1.00 -1.00 42 132 0.9465 0.3768 0.002102
980.00 C 20260821 -1.00 -1.00 156 5128 0.9436 0.3673 0.002085
985.00 C 20260821 -1.00 -1.00 12 49 0.9415 0.3579 0.002066
990.00 C 20260821 -1.00 -1.00 238 6777 0.9401 0.3487 0.002046
995.00 C 20260821 -1.00 -1.00 81 153 0.9394 0.3395 0.002025
1000.00 C 20260821 -1.00 -1.00 3365 6724 0.9394 0.3306 0.002002
1005.00 C 20260821 -1.00 -1.00 28 132 0.9402 0.3218 0.001979
1010.00 C 20260821 -1.00 -1.00 49 689 0.9405 0.3129 0.001956
1020.00 C 20260821 -1.00 -1.00 103 831 0.9434 0.2958 0.001907
1030.00 C 20260821 -1.00 -1.00 87 1655 0.9496 0.2799 0.001855
1040.00 C 20260821 -1.00 -1.00 79 611 0.9569 0.2645 0.001804
1050.00 C 20260821 -1.00 -1.00 591 2456 0.9518 0.2501 0.001750
1060.00 C 20260821 -1.00 -1.00 276 743 0.9471 0.2357 0.001693
1070.00 C 20260821 -1.00 -1.00 56 528 0.9452 0.2220 0.001634
1080.00 C 20260821 -1.00 -1.00 89 722 0.9450 0.2088 0.001574
1090.00 C 20260821 -1.00 -1.00 162 596 0.9471 0.1963 0.001514
1100.00 C 20260821 -1.00 -1.00 1025 8378 0.9509 0.1844 0.001455
1110.00 C 20260821 -1.00 -1.00 90 1192 0.9559 0.1731 0.001396
1120.00 C 20260821 -1.00 -1.00 127 650 0.9631 0.1627 0.001340
1130.00 C 20260821 -1.00 -1.00 119 445 0.9642 0.1529 0.001285
1140.00 C 20260821 -1.00 -1.00 81 552 0.9595 0.1434 0.001230
1150.00 C 20260821 -1.00 -1.00 531 2486 0.9574 0.1345 0.001174
1160.00 C 20260821 -1.00 -1.00 50 453 0.9572 0.1261 0.001120
1170.00 C 20260821 -1.00 -1.00 30 874 0.9582 0.1180 0.001066
1180.00 C 20260821 -1.00 -1.00 39 875 0.9606 0.1104 0.001014
1190.00 C 20260821 -1.00 -1.00 135 6303 0.9648 0.1034 0.000964
1200.00 C 20260821 -1.00 -1.00 1278 9177 0.9696 0.0966 0.000916
1210.00 C 20260821 -1.00 -1.00 69 862 0.9768 0.0907 0.000872
1220.00 C 20260821 -1.00 -1.00 47 448 0.9840 0.0849 0.000829
1230.00 C 20260821 -1.00 -1.00 11 474 0.9816 0.0796 0.000788
1240.00 C 20260821 -1.00 -1.00 26 330 0.9805 0.0748 0.000749
1250.00 C 20260821 -1.00 -1.00 491 2307 0.9795 0.0701 0.000710
540.00 P 20260821 -1.00 -1.00 47 4037 1.1750 -0.0166 0.000181
550.00 P 20260821 -1.00 -1.00 314 4048 1.1621 -0.0187 0.000203
560.00 P 20260821 -1.00 -1.00 52 589 1.1586 -0.0213 0.000230
570.00 P 20260821 -1.00 -1.00 38 729 1.1462 -0.0241 0.000258
580.00 P 20260821 -1.00 -1.00 70 612 1.1264 -0.0273 0.000289
590.00 P 20260821 -1.00 -1.00 99 1002 1.1095 -0.0309 0.000325
600.00 P 20260821 -1.00 -1.00 556 4779 1.0960 -0.0350 0.000364
610.00 P 20260821 -1.00 -1.00 45 799 1.0855 -0.0396 0.000407
620.00 P 20260821 -1.00 -1.00 187 1692 1.0768 -0.0444 0.000452
630.00 P 20260821 -1.00 -1.00 126 2710 1.0759 -0.0501 0.000502
640.00 P 20260821 -1.00 -1.00 198 2244 1.0672 -0.0560 0.000554
650.00 P 20260821 -1.00 -1.00 891 4140 1.0495 -0.0626 0.000610
660.00 P 20260821 -1.00 -1.00 64 1172 1.0365 -0.0701 0.000672
670.00 P 20260821 -1.00 -1.00 167 2057 1.0263 -0.0783 0.000738
680.00 P 20260821 -1.00 -1.00 322 1881 1.0196 -0.0873 0.000808
690.00 P 20260821 -1.00 -1.00 158 1298 1.0181 -0.0972 0.000881
700.00 P 20260821 -1.00 -1.00 992 9794 1.0183 -0.1073 0.000955
710.00 P 20260821 -1.00 -1.00 110 1472 1.0070 -0.1187 0.001032
720.00 P 20260821 -1.00 -1.00 492 3362 0.9952 -0.1310 0.001112
730.00 P 20260821 -1.00 -1.00 369 1046 0.9863 -0.1442 0.001195
740.00 P 20260821 -1.00 -1.00 156 1513 0.9813 -0.1583 0.001279
750.00 P 20260821 -1.00 -1.00 772 5534 0.9791 -0.1730 0.001364
760.00 P 20260821 -1.00 -1.00 330 1092 0.9823 -0.1887 0.001447
770.00 P 20260821 -1.00 -1.00 168 863 0.9782 -0.2051 0.001527
780.00 P 20260821 -1.00 -1.00 156 1737 0.9671 -0.2222 0.001607
790.00 P 20260821 -1.00 -1.00 143 1215 0.9592 -0.2403 0.001687
795.00 P 20260821 -1.00 -1.00 52 223 0.9576 -0.2498 0.001724
800.00 P 20260821 -1.00 -1.00 1348 10569 0.9563 -0.2593 0.001762
805.00 P 20260821 -1.00 -1.00 37 177 0.9559 -0.2690 0.001798
810.00 P 20260821 -1.00 -1.00 101 714 0.9558 -0.2788 0.001834
815.00 P 20260821 -1.00 -1.00 161 511 0.9569 -0.2887 0.001868
820.00 P 20260821 -1.00 -1.00 139 1412 0.9584 -0.2987 0.001902
825.00 P 20260821 -1.00 -1.00 56 148 0.9614 -0.3088 0.001933
830.00 P 20260821 -1.00 -1.00 119 3221 0.9614 -0.3189 0.001963
835.00 P 20260821 -1.00 -1.00 22 179 0.9566 -0.3292 0.001989
840.00 P 20260821 -1.00 -1.00 280 1449 0.9511 -0.3396 0.002018
845.00 P 20260821 -1.00 -1.00 23 162 0.9474 -0.3502 0.002043
850.00 P 20260821 -1.00 -1.00 302 4849 0.9444 -0.3609 0.002067
855.00 P 20260821 -1.00 -1.00 38 149 0.9428 -0.3717 0.002089
860.00 P 20260821 -1.00 -1.00 212 1111 0.9411 -0.3826 0.002110
865.00 P 20260821 -1.00 -1.00 35 227 0.9415 -0.3936 0.002128
870.00 P 20260821 -1.00 -1.00 180 1608 0.9405 -0.4046 0.002148
875.00 P 20260821 -1.00 -1.00 46 241 0.9422 -0.4156 0.002162
880.00 P 20260821 -1.00 -1.00 331 1479 0.9439 -0.4265 0.002177
885.00 P 20260821 -1.00 -1.00 70 264 0.9461 -0.4374 0.002189
890.00 P 20260821 -1.00 -1.00 69 906 0.9490 -0.4483 0.002201
895.00 P 20260821 -1.00 -1.00 37 330 0.9506 -0.4591 0.002210
900.00 P 20260821 -1.00 -1.00 263 4766 0.9464 -0.4698 0.002215
905.00 P 20260821 -1.00 -1.00 73 50 0.9426 -0.4806 0.002220
910.00 P 20260821 -1.00 -1.00 21 395 0.9395 -0.4915 0.002223
915.00 P 20260821 -1.00 -1.00 25 324 0.9367 -0.5023 0.002225
920.00 P 20260821 -1.00 -1.00 9 677 0.9368 -0.5130 0.002220
925.00 P 20260821 -1.00 -1.00 9 165 0.9314 -0.5243 0.002228
930.00 P 20260821 -1.00 -1.00 68 1954 0.9361 -0.5344 0.002213
935.00 P 20260821 -1.00 -1.00 17 95 0.9375 -0.5449 0.002206
940.00 P 20260821 -1.00 -1.00 134 751 0.9379 -0.5555 0.002200
945.00 P 20260821 -1.00 -1.00 2 104 0.9338 -0.5668 0.002205
950.00 P 20260821 -1.00 -1.00 92 2473 0.9384 -0.5767 0.002191
955.00 P 20260821 -1.00 -1.00 10 24 0.9388 -0.5873 0.002185
957.50 P 20260821 -1.00 -1.00 5 10 0.9403 -0.5924 0.002180
960.00 P 20260821 -1.00 -1.00 43 488 0.9469 -0.5965 0.002163
962.50 P 20260821 -1.00 -1.00 1 6 0.9443 -0.6023 0.002167
965.00 P 20260821 -1.00 -1.00 6 96 0.9474 -0.6065 0.002152
970.00 P 20260821 -1.00 -1.00 57 519 0.9364 -0.6175 0.002150
975.00 P 20260821 -1.00 -1.00 22 25 0.9394 -0.6259 0.002123
980.00 P 20260821 -1.00 -1.00 12 4528 0.9316 -0.6366 0.002114
985.00 P 20260821 -1.00 -1.00 3 8 0.9328 -0.6454 0.002089
990.00 P 20260821 -1.00 -1.00 17 6745 0.9159 -0.6585 0.002095
995.00 P 20260821 -1.00 -1.00 3 7 0.9270 -0.6649 0.002053
1000.00 P 20260821 -1.00 -1.00 69 4445 0.9289 -0.6736 0.002027
1005.00 P 20260821 -1.00 -1.00 1 8 0.9202 -0.6851 0.002018
1010.00 P 20260821 -1.00 -1.00 3 391 0.9330 -0.6907 0.001976
1020.00 P 20260821 -1.00 -1.00 5 859 0.9352 -0.7082 0.001928
1030.00 P 20260821 -1.00 -1.00 36 465 0.9391 -0.7252 0.001879
1040.00 P 20260821 -1.00 -1.00 3 233 0.9410 -0.7415 0.001827
1050.00 P 20260821 -1.00 -1.00 19 672 0.9176 -0.7613 0.001783
1060.00 P 20260821 -1.00 -1.00 3 150 0.9366 -0.7693 0.001710
1070.00 P 20260821 -1.00 -1.00 2 238 0.9232 -0.7869 0.001654
1080.00 P 20260821 -1.00 -1.00 2 276 0.9250 -0.7999 0.001591
1090.00 P 20260821 -1.00 -1.00 4 295 0.9258 -0.8133 0.001529
1100.00 P 20260821 -1.00 -1.00 13 1360 0.9247 -0.8273 0.001467
1110.00 P 20260821 -1.00 -1.00 6 177 0.9340 -0.8375 0.001406
1120.00 P 20260821 -1.00 -1.00 14 249 0.9344 -0.8489 0.001346
1130.00 P 20260821 -1.00 -1.00 1 253 0.9279 -0.8593 0.001287
1140.00 P 20260821 -1.00 -1.00 2 165 0.9220 -0.8698 0.001226
1150.00 P 20260821 -1.00 -1.00 2 1093 0.9225 -0.8785 0.001167
1160.00 P 20260821 -1.00 -1.00 2 183 0.9224 -0.8874 0.001109
1170.00 P 20260821 -1.00 -1.00 10 202 0.9228 -0.8961 0.001051
1180.00 P 20260821 -1.00 -1.00 20 133 0.9235 -0.9048 0.000993
1190.00 P 20260821 -1.00 -1.00 3 11785 0.9372 -0.9090 0.000951
1200.00 P 20260821 -1.00 -1.00 10 1535 0.9473 -0.9142 0.000906
1210.00 P 20260821 -1.00 -1.00 2 120 0.9188 -0.9276 0.000831
1220.00 P 20260821 -1.00 -1.00 2 29 0.9089 -0.9349 0.000778
1230.00 P 20260821 -1.00 -1.00 1 52 0.9365 -0.9336 0.000764
1240.00 P 20260821 -1.00 -1.00 1 48 0.9396 -0.9378 0.000727
1250.00 P 20260821 -1.00 -1.00 1 313 0.9113 -0.9497 0.000648
500.00 C 20260805 -1.00 -1.00 20 0 4.8063 0.9893 0.000115
505.00 C 20260805 -1.00 -1.00 -1 0 4.7170 0.9894 0.000117
510.00 C 20260805 -1.00 -1.00 2 0 4.2088 0.9938 0.000081
515.00 C 20260805 -1.00 -1.00 32 0 4.4512 0.9910 0.000108
520.00 C 20260805 -1.00 -1.00 30 0 4.0758 0.9936 0.000086
525.00 C 20260805 -1.00 -1.00 6 0 4.0103 0.9936 0.000089
530.00 C 20260805 -1.00 -1.00 6 0 3.9454 0.9935 0.000091
535.00 C 20260805 -1.00 -1.00 2 0 3.8811 0.9934 0.000094
500.00 P 20260805 -1.00 -1.00 5 63 3.7087 -0.0017 0.000029
505.00 P 20260805 -1.00 -1.00 4 38 3.5997 -0.0016 0.000027
510.00 P 20260805 -1.00 -1.00 6 154 3.2456 -0.0006 0.000013
515.00 P 20260805 -1.00 -1.00 9 39 3.9792 -0.0047 0.000068
520.00 P 20260805 -1.00 -1.00 6 14 3.5568 -0.0022 0.000038
525.00 P 20260805 -1.00 -1.00 8 12 3.7144 -0.0035 0.000055
530.00 P 20260805 -1.00 -1.00 2 109 3.4911 -0.0025 0.000044
535.00 P 20260805 -1.00 -1.00 11 18 3.1610 -0.0012 0.000025
360.00 C 20260807 -1.00 -1.00 -1 0 4.1367 0.9951 0.000041
365.00 C 20260807 -1.00 -1.00 -1 0 4.3615 0.9931 0.000053
370.00 C 20260807 -1.00 -1.00 6 6 4.2787 0.9932 0.000054
375.00 C 20260807 -1.00 -1.00 -1 0 4.2746 0.9925 0.000058
380.00 C 20260807 -1.00 -1.00 6 6 4.2212 0.9923 0.000061
385.00 C 20260807 -1.00 -1.00 -1 0 3.8671 0.9946 0.000048
390.00 C 20260807 -1.00 -1.00 1 3 4.1526 0.9912 0.000069
395.00 C 20260807 -1.00 -1.00 -1 0 3.1808 0.9984 0.000019
400.00 C 20260807 -1.00 -1.00 2 2 3.9307 0.9926 0.000063
405.00 C 20260807 -1.00 -1.00 -1 0 -1.0000 -1.0000 -1.000000
410.00 C 20260807 -1.00 -1.00 -1 0 3.8441 0.9919 0.000069
415.00 C 20260807 -1.00 -1.00 -1 0 3.5421 0.9942 0.000056
420.00 C 20260807 -1.00 -1.00 5 10 3.7392 0.9916 0.000074
425.00 C 20260807 -1.00 -1.00 -1 0 3.7439 0.9903 0.000083
430.00 C 20260807 -1.00 -1.00 -1 0 3.6454 0.9910 0.000080
435.00 C 20260807 -1.00 -1.00 -1 0 3.5993 0.9907 0.000083
440.00 C 20260807 -1.00 -1.00 1 1 3.5623 0.9903 0.000088
445.00 C 20260807 -1.00 -1.00 -1 0 3.4328 0.9917 0.000080
450.00 C 20260807 -1.00 -1.00 1 16 3.4391 0.9903 0.000090
455.00 C 20260807 -1.00 -1.00 1 1 3.3452 0.9911 0.000087
460.00 C 20260807 -1.00 -1.00 1 3 3.2938 0.9910 0.000089
465.00 C 20260807 -1.00 -1.00 -1 0 3.3008 0.9896 0.000100
470.00 C 20260807 -1.00 -1.00 2 5 3.2092 0.9903 0.000097
475.00 C 20260807 -1.00 -1.00 3 2 3.1349 0.9908 0.000095
480.00 C 20260807 -1.00 -1.00 10 12 2.8579 0.9938 0.000073
485.00 C 20260807 -1.00 -1.00 -1 0 2.8701 0.9930 0.000081
490.00 C 20260807 -1.00 -1.00 3 10 3.0292 0.9894 0.000111
495.00 C 20260807 -1.00 -1.00 1 2 2.9415 0.9903 0.000106
500.00 C 20260807 -1.00 -1.00 1 41 2.9341 0.9891 0.000117
505.00 C 20260807 -1.00 -1.00 1 15 2.8399 0.9902 0.000111
510.00 C 20260807 -1.00 -1.00 2 3 2.8016 0.9899 0.000116
515.00 C 20260807 -1.00 -1.00 -1 0 2.6488 0.9920 0.000100
520.00 C 20260807 -1.00 -1.00 30 34 2.7184 0.9893 0.000124
522.50 C 20260807 -1.00 -1.00 -1 0 2.7658 0.9873 0.000142
525.00 C 20260807 -1.00 -1.00 1 1 2.4937 0.9928 0.000096
527.50 C 20260807 -1.00 -1.00 -1 0 2.5455 0.9917 0.000107
530.00 C 20260807 -1.00 -1.00 30 32 2.6985 0.9870 0.000148
532.50 C 20260807 -1.00 -1.00 -1 0 2.5048 0.9916 0.000111
535.00 C 20260807 -1.00 -1.00 1 1 2.6005 0.9884 0.000139
360.00 P 20260807 -1.00 -1.00 56 273 3.1168 -0.0004 0.000005
365.00 P 20260807 -1.00 -1.00 56 145 2.9929 -0.0003 0.000004
370.00 P 20260807 -1.00 -1.00 52 448 3.0267 -0.0004 0.000006
375.00 P 20260807 -1.00 -1.00 71 191 2.9826 -0.0004 0.000006
380.00 P 20260807 -1.00 -1.00 18 145 2.9391 -0.0004 0.000006
385.00 P 20260807 -1.00 -1.00 4 284 2.8962 -0.0004 0.000006
390.00 P 20260807 -1.00 -1.00 14 582 2.8918 -0.0005 0.000007
395.00 P 20260807 -1.00 -1.00 2 139 2.7743 -0.0004 0.000006
400.00 P 20260807 -1.00 -1.00 57 11677 2.9766 -0.0009 0.000012
405.00 P 20260807 -1.00 -1.00 5 114 2.7300 -0.0004 0.000007
410.00 P 20260807 -1.00 -1.00 45 129 2.8879 -0.0009 0.000012
415.00 P 20260807 -1.00 -1.00 17 242 2.8444 -0.0009 0.000013
420.00 P 20260807 -1.00 -1.00 31 218 2.6838 -0.0006 0.000009
425.00 P 20260807 -1.00 -1.00 139 94 2.7368 -0.0008 0.000012
430.00 P 20260807 -1.00 -1.00 49 501 2.5698 -0.0006 0.000009
435.00 P 20260807 -1.00 -1.00 133 375 2.5675 -0.0006 0.000010
440.00 P 20260807 -1.00 -1.00 73 361 2.6010 -0.0008 0.000012
445.00 P 20260807 -1.00 -1.00 26 524 2.4214 -0.0005 0.000009
450.00 P 20260807 -1.00 -1.00 876 515 2.4201 -0.0006 0.000010
455.00 P 20260807 -1.00 -1.00 9 634 2.3837 -0.0006 0.000010
460.00 P 20260807 -1.00 -1.00 56 116 2.4537 -0.0009 0.000015
465.00 P 20260807 -1.00 -1.00 37 235 2.4784 -0.0013 0.000021
470.00 P 20260807 -1.00 -1.00 89 185 2.4293 -0.0013 0.000020
475.00 P 20260807 -1.00 -1.00 93 5215 2.2422 -0.0006 0.000012
480.00 P 20260807 -1.00 -1.00 113 2513 2.3119 -0.0010 0.000018
485.00 P 20260807 -1.00 -1.00 155 298 2.2077 -0.0007 0.000014
490.00 P 20260807 -1.00 -1.00 232 12150 2.1401 -0.0007 0.000013
495.00 P 20260807 -1.00 -1.00 61 900 2.2529 -0.0014 0.000025
500.00 P 20260807 -1.00 -1.00 2383 21392 2.1071 -0.0008 0.000015
505.00 P 20260807 -1.00 -1.00 62 45 2.1808 -0.0015 0.000026
510.00 P 20260807 -1.00 -1.00 21 435 2.0950 -0.0011 0.000021
515.00 P 20260807 -1.00 -1.00 43 105 2.0300 -0.0009 0.000018
520.00 P 20260807 -1.00 -1.00 78 254 2.0255 -0.0012 0.000022
522.50 P 20260807 -1.00 -1.00 5 1 2.0084 -0.0012 0.000023
525.00 P 20260807 -1.00 -1.00 248 496 2.0310 -0.0015 0.000028
527.50 P 20260807 -1.00 -1.00 43 31 1.9644 -0.0011 0.000022
530.00 P 20260807 -1.00 -1.00 169 394 2.0067 -0.0016 0.000031
532.50 P 20260807 -1.00 -1.00 38 11 1.9406 -0.0012 0.000024
535.00 P 20260807 -1.00 -1.00 30 99 1.9533 -0.0015 0.000029
450.00 C 20260810 -1.00 -1.00 1 1 2.4173 0.9918 0.000080
455.00 C 20260810 -1.00 -1.00 -1 0 2.3502 0.9922 0.000079
460.00 C 20260810 -1.00 -1.00 -1 0 2.3666 0.9908 0.000090
465.00 C 20260810 -1.00 -1.00 -1 0 2.2942 0.9919 0.000084
470.00 C 20260810 -1.00 -1.00 -1 0 2.2460 0.9920 0.000085
475.00 C 20260810 -1.00 -1.00 -1 0 2.2691 0.9901 0.000100
480.00 C 20260810 -1.00 -1.00 -1 0 2.1984 0.9912 0.000094
485.00 C 20260810 -1.00 -1.00 -1 0 2.2155 0.9893 0.000110
490.00 C 20260810 -1.00 -1.00 -1 0 1.9509 0.9943 0.000071
495.00 C 20260810 -1.00 -1.00 -1 0 2.0827 0.9913 0.000099
500.00 C 20260810 -1.00 -1.00 -1 0 2.0544 0.9909 0.000103
505.00 C 20260810 -1.00 -1.00 -1 0 2.0264 0.9906 0.000107
510.00 C 20260810 -1.00 -1.00 -1 0 1.9447 0.9918 0.000099
515.00 C 20260810 -1.00 -1.00 -1 0 2.0275 0.9878 0.000134
520.00 C 20260810 -1.00 -1.00 -1 0 1.9553 0.9891 0.000126
525.00 C 20260810 -1.00 -1.00 -1 0 1.9005 0.9899 0.000122
527.50 C 20260810 -1.00 -1.00 -1 0 1.8789 0.9901 0.000122
530.00 C 20260810 -1.00 -1.00 -1 0 1.9072 0.9882 0.000139
532.50 C 20260810 -1.00 -1.00 -1 0 1.8470 0.9899 0.000125
535.00 C 20260810 -1.00 -1.00 -1 0 1.8642 0.9885 0.000139
450.00 P 20260810 -1.00 -1.00 7 10 1.9554 -0.0020 0.000027
455.00 P 20260810 -1.00 -1.00 1 1 2.2841 -0.0068 0.000072
460.00 P 20260810 -1.00 -1.00 2 1 2.2511 -0.0069 0.000074
465.00 P 20260810 -1.00 -1.00 4 2 2.2184 -0.0070 0.000076
470.00 P 20260810 -1.00 -1.00 2 0 2.3089 -0.0099 0.000098
475.00 P 20260810 -1.00 -1.00 -1 0 2.1569 -0.0073 0.000081
480.00 P 20260810 -1.00 -1.00 -1 0 2.1280 -0.0074 0.000084
485.00 P 20260810 -1.00 -1.00 -1 0 2.0967 -0.0076 0.000086
490.00 P 20260810 -1.00 -1.00 -1 0 2.0685 -0.0077 0.000089
495.00 P 20260810 -1.00 -1.00 -1 0 2.0512 -0.0081 0.000093
500.00 P 20260810 -1.00 -1.00 14 0 1.6341 -0.0019 0.000031
505.00 P 20260810 -1.00 -1.00 11 0 1.5936 -0.0018 0.000030
510.00 P 20260810 -1.00 -1.00 11 2 1.5680 -0.0018 0.000031
515.00 P 20260810 -1.00 -1.00 60 0 1.5427 -0.0018 0.000032
520.00 P 20260810 -1.00 -1.00 41 2 1.5032 -0.0017 0.000031
525.00 P 20260810 -1.00 -1.00 48 1 1.4856 -0.0018 0.000033
527.50 P 20260810 -1.00 -1.00 77 0 1.4804 -0.0019 0.000035
530.00 P 20260810 -1.00 -1.00 109 9 1.5179 -0.0025 0.000043
532.50 P 20260810 -1.00 -1.00 65 1 1.4630 -0.0020 0.000037
535.00 P 20260810 -1.00 -1.00 39 10 1.4437 -0.0020 0.000037
400.00 C 20260812 -1.00 -1.00 -1 0 2.2731 0.9949 0.000048
405.00 C 20260812 -1.00 -1.00 -1 0 2.2774 0.9943 0.000053
410.00 C 20260812 -1.00 -1.00 -1 0 2.2944 0.9935 0.000059
415.00 C 20260812 -1.00 -1.00 -1 0 2.1707 0.9947 0.000052
420.00 C 20260812 -1.00 -1.00 -1 0 2.1374 0.9947 0.000053
425.00 C 20260812 -1.00 -1.00 -1 0 2.1803 0.9935 0.000062
430.00 C 20260812 -1.00 -1.00 -1 0 2.1724 0.9931 0.000066
435.00 C 20260812 -1.00 -1.00 -1 0 2.0898 0.9938 0.000063
440.00 C 20260812 -1.00 -1.00 -1 0 2.1654 0.9920 0.000076
445.00 C 20260812 -1.00 -1.00 -1 0 1.9892 0.9942 0.000061
450.00 C 20260812 -1.00 -1.00 -1 0 2.0316 0.9930 0.000072
455.00 C 20260812 -1.00 -1.00 -1 0 2.0249 0.9925 0.000077
460.00 C 20260812 -1.00 -1.00 -1 0 1.9819 0.9926 0.000077
465.00 C 20260812 -1.00 -1.00 -1 0 1.9273 0.9930 0.000076
470.00 C 20260812 -1.00 -1.00 -1 0 1.9092 0.9927 0.000079
475.00 C 20260812 -1.00 -1.00 -1 0 1.9384 0.9914 0.000091
480.00 C 20260812 -1.00 -1.00 -1 0 1.8737 0.9921 0.000087
485.00 C 20260812 -1.00 -1.00 -1 0 1.8969 0.9904 0.000101
490.00 C 20260812 -1.00 -1.00 -1 0 1.8563 0.9907 0.000101
495.00 C 20260812 -1.00 -1.00 -1 0 1.7753 0.9921 0.000092
500.00 C 20260812 -1.00 -1.00 -1 0 1.7354 0.9922 0.000092
505.00 C 20260812 -1.00 -1.00 -1 0 1.7719 0.9902 0.000111
510.00 C 20260812 -1.00 -1.00 -1 0 1.7377 0.9903 0.000112
515.00 C 20260812 -1.00 -1.00 -1 0 1.7333 0.9891 0.000124
520.00 C 20260812 -1.00 -1.00 -1 0 1.6801 0.9900 0.000118
525.00 C 20260812 -1.00 -1.00 -1 0 1.6857 0.9883 0.000135
527.50 C 20260812 -1.00 -1.00 -1 0 1.6716 0.9883 0.000136
530.00 C 20260812 -1.00 -1.00 -1 0 1.6623 0.9880 0.000140
532.50 C 20260812 -1.00 -1.00 -1 0 1.6531 0.9877 0.000144
535.00 C 20260812 -1.00 -1.00 -1 0 1.6151 0.9887 0.000137
400.00 P 20260812 -1.00 -1.00 2 20 1.8558 -0.0009 0.000012
405.00 P 20260812 -1.00 -1.00 2 4 1.9700 -0.0019 0.000023
410.00 P 20260812 -1.00 -1.00 15 13 2.0723 -0.0032 0.000034
415.00 P 20260812 -1.00 -1.00 10 7 1.8505 -0.0015 0.000019
420.00 P 20260812 -1.00 -1.00 14 7 2.0086 -0.0032 0.000036
425.00 P 20260812 -1.00 -1.00 13 7 1.7617 -0.0013 0.000018
430.00 P 20260812 -1.00 -1.00 4 4 1.8868 -0.0025 0.000030
435.00 P 20260812 -1.00 -1.00 25 21 1.7571 -0.0017 0.000023
440.00 P 20260812 -1.00 -1.00 -1 0 2.1659 -0.0080 0.000076
445.00 P 20260812 -1.00 -1.00 4 2 2.1332 -0.0081 0.000078
450.00 P 20260812 -1.00 -1.00 2 0 1.8067 -0.0030 0.000037
455.00 P 20260812 -1.00 -1.00 2 5 2.0711 -0.0084 0.000083
460.00 P 20260812 -1.00 -1.00 2 1 2.0384 -0.0085 0.000085
465.00 P 20260812 -1.00 -1.00 2 1 2.0495 -0.0101 0.000098
470.00 P 20260812 -1.00 -1.00 -1 0 1.9845 -0.0090 0.000092
475.00 P 20260812 -1.00 -1.00 -1 0 1.9723 -0.0099 0.000100
480.00 P 20260812 -1.00 -1.00 62 0 1.5262 -0.0019 0.000029
485.00 P 20260812 -1.00 -1.00 96 0 1.6510 -0.0041 0.000054
490.00 P 20260812 -1.00 -1.00 39 0 1.5180 -0.0023 0.000036
495.00 P 20260812 -1.00 -1.00 104 0 1.4370 -0.0018 0.000029
500.00 P 20260812 -1.00 -1.00 68 11 1.4334 -0.0020 0.000033
505.00 P 20260812 -1.00 -1.00 73 0 1.4172 -0.0021 0.000035
510.00 P 20260812 -1.00 -1.00 82 1 1.4074 -0.0023 0.000038
515.00 P 20260812 -1.00 -1.00 7 10 1.3789 -0.0023 0.000038
520.00 P 20260812 -1.00 -1.00 66 0 1.3632 -0.0024 0.000040
525.00 P 20260812 -1.00 -1.00 9 0 1.3538 -0.0026 0.000044
527.50 P 20260812 -1.00 -1.00 45 11 1.3492 -0.0026 0.000045
530.00 P 20260812 -1.00 -1.00 147 16 1.3384 -0.0027 0.000046
532.50 P 20260812 -1.00 -1.00 137 1 1.3338 -0.0028 0.000048
535.00 P 20260812 -1.00 -1.00 50 0 1.3354 -0.0029 0.000050
360.00 C 20260814 -1.00 -1.00 -1 0 2.4989 0.9928 0.000054
365.00 C 20260814 -1.00 -1.00 -1 0 2.4933 0.9919 0.000060
370.00 C 20260814 -1.00 -1.00 5 5 2.4406 0.9922 0.000059
375.00 C 20260814 -1.00 -1.00 4 0 2.3835 0.9927 0.000058
380.00 C 20260814 -1.00 -1.00 4 5 2.2392 0.9941 0.000050
385.00 C 20260814 -1.00 -1.00 4 1 2.3485 0.9915 0.000066
390.00 C 20260814 -1.00 -1.00 -1 0 2.3084 0.9916 0.000067
395.00 C 20260814 -1.00 -1.00 -1 0 2.2739 0.9915 0.000068
400.00 C 20260814 -1.00 -1.00 1 3 2.2047 0.9924 0.000064
405.00 C 20260814 -1.00 -1.00 -1 0 2.2262 0.9907 0.000075
410.00 C 20260814 -1.00 -1.00 -1 0 2.1632 0.9915 0.000072
415.00 C 20260814 -1.00 -1.00 -1 0 2.1403 0.9911 0.000075
420.00 C 20260814 -1.00 -1.00 1 1 1.9250 0.9945 0.000054
425.00 C 20260814 -1.00 -1.00 1 1 2.0808 0.9907 0.000080
430.00 C 20260814 -1.00 -1.00 -1 0 2.0444 0.9908 0.000081
435.00 C 20260814 -1.00 -1.00 -1 0 2.0372 0.9899 0.000088
440.00 C 20260814 -1.00 -1.00 1 1 1.9871 0.9904 0.000087
445.00 C 20260814 -1.00 -1.00 -1 0 1.9471 0.9906 0.000087
450.00 C 20260814 -1.00 -1.00 1 2 1.8792 0.9920 0.000079
455.00 C 20260814 -1.00 -1.00 1 1 1.9153 0.9894 0.000098
460.00 C 20260814 -1.00 -1.00 -1 0 1.9090 0.9884 0.000106
465.00 C 20260814 -1.00 -1.00 -1 0 1.8564 0.9891 0.000103
470.00 C 20260814 -1.00 -1.00 24 24 1.8505 0.9881 0.000111
475.00 C 20260814 -1.00 -1.00 1 1 1.8126 0.9883 0.000112
480.00 C 20260814 -1.00 -1.00 10 13 1.7842 0.9882 0.000115
485.00 C 20260814 -1.00 -1.00 -1 0 1.7062 0.9902 0.000103
490.00 C 20260814 -1.00 -1.00 -1 0 1.7418 0.9874 0.000125
495.00 C 20260814 -1.00 -1.00 -1 0 1.7053 0.9876 0.000126
500.00 C 20260814 -1.00 -1.00 1 5 1.7093 0.9861 0.000138
502.50 C 20260814 -1.00 -1.00 -1 0 1.6779 0.9868 0.000135
505.00 C 20260814 -1.00 -1.00 24 25 1.6555 0.9871 0.000134
507.50 C 20260814 -1.00 -1.00 -1 0 1.6864 0.9851 0.000149
510.00 C 20260814 -1.00 -1.00 24 136 1.6641 0.9854 0.000149
512.50 C 20260814 -1.00 -1.00 -1 0 1.6420 0.9857 0.000148
515.00 C 20260814 -1.00 -1.00 -1 0 1.6287 0.9856 0.000150
517.50 C 20260814 -1.00 -1.00 -1 0 1.5892 0.9867 0.000143
520.00 C 20260814 -1.00 -1.00 -1 0 1.6199 0.9846 0.000160
522.50 C 20260814 -1.00 -1.00 -1 0 1.5457 0.9873 0.000141
525.00 C 20260814 -1.00 -1.00 5 5 1.5241 0.9877 0.000140
527.50 C 20260814 -1.00 -1.00 -1 0 1.5677 0.9849 0.000162
530.00 C 20260814 -1.00 -1.00 1 2 1.6025 0.9826 0.000180
532.50 C 20260814 -1.00 -1.00 -1 0 1.5939 0.9823 0.000183
535.00 C 20260814 -1.00 -1.00 1 0 1.5379 0.9842 0.000172
360.00 P 20260814 -1.00 -1.00 6 25 1.8684 -0.0007 0.000009
365.00 P 20260814 -1.00 -1.00 27 56 1.9552 -0.0015 0.000017
370.00 P 20260814 -1.00 -1.00 23 35 1.7799 -0.0006 0.000008
375.00 P 20260814 -1.00 -1.00 4 24 1.7998 -0.0008 0.000011
380.00 P 20260814 -1.00 -1.00 4 143 1.8853 -0.0017 0.000019
385.00 P 20260814 -1.00 -1.00 8 71 1.7052 -0.0007 0.000009
390.00 P 20260814 -1.00 -1.00 14 64 1.6810 -0.0007 0.000009
395.00 P 20260814 -1.00 -1.00 13 63 1.6759 -0.0007 0.000010
400.00 P 20260814 -1.00 -1.00 61 467 1.6508 -0.0007 0.000010
405.00 P 20260814 -1.00 -1.00 68 49 1.6259 -0.0008 0.000011
410.00 P 20260814 -1.00 -1.00 1 57 1.6077 -0.0008 0.000012
415.00 P 20260814 -1.00 -1.00 2 48 1.5835 -0.0008 0.000012
420.00 P 20260814 -1.00 -1.00 6 85 1.5657 -0.0009 0.000013
425.00 P 20260814 -1.00 -1.00 27 112 1.5669 -0.0012 0.000016
430.00 P 20260814 -1.00 -1.00 198 79 1.5371 -0.0011 0.000016
435.00 P 20260814 -1.00 -1.00 11 25 1.4892 -0.0009 0.000013
440.00 P 20260814 -1.00 -1.00 10 14 1.4908 -0.0012 0.000017
445.00 P 20260814 -1.00 -1.00 1 69 1.4742 -0.0012 0.000018
450.00 P 20260814 -1.00 -1.00 3 211 1.4940 -0.0017 0.000024
455.00 P 20260814 -1.00 -1.00 46 17 1.4414 -0.0014 0.000021
460.00 P 20260814 -1.00 -1.00 11 61 1.4193 -0.0014 0.000021
465.00 P 20260814 -1.00 -1.00 20 30 1.4510 -0.0020 0.000029
470.00 P 20260814 -1.00 -1.00 10 47 1.4054 -0.0018 0.000027
475.00 P 20260814 -1.00 -1.00 14 57 1.3839 -0.0018 0.000028
480.00 P 20260814 -1.00 -1.00 12 307 1.4386 -0.0026 0.000038
485.00 P 20260814 -1.00 -1.00 24 107 1.3822 -0.0023 0.000035
490.00 P 20260814 -1.00 -1.00 24 220 1.3496 -0.0022 0.000034
495.00 P 20260814 -1.00 -1.00 22 60 1.3806 -0.0028 0.000042
500.00 P 20260814 -1.00 -1.00 110 641 1.3715 -0.0032 0.000047
502.50 P 20260814 -1.00 -1.00 9 10 1.3561 -0.0031 0.000046
505.00 P 20260814 -1.00 -1.00 5 72 1.3387 -0.0029 0.000045
507.50 P 20260814 -1.00 -1.00 7 10 1.3359 -0.0032 0.000048
510.00 P 20260814 -1.00 -1.00 1 157 1.3290 -0.0033 0.000050
512.50 P 20260814 -1.00 -1.00 2 9 1.3160 -0.0033 0.000050
515.00 P 20260814 -1.00 -1.00 1 49 1.3235 -0.0039 0.000058
517.50 P 20260814 -1.00 -1.00 2 8 1.3064 -0.0037 0.000056
520.00 P 20260814 -1.00 -1.00 8 59 1.3037 -0.0040 0.000060
522.50 P 20260814 -1.00 -1.00 87 5 1.2949 -0.0041 0.000062
525.00 P 20260814 -1.00 -1.00 23 142 1.2943 -0.0044 0.000066
527.50 P 20260814 -1.00 -1.00 53 5 1.2855 -0.0045 0.000068
530.00 P 20260814 -1.00 -1.00 526 209 1.2829 -0.0048 0.000072
532.50 P 20260814 -1.00 -1.00 4 2 1.3106 -0.0060 0.000086
535.00 P 20260814 -1.00 -1.00 13 32 1.2636 -0.0049 0.000075
450.00 C 20260817 -1.00 -1.00 -1 0 1.6551 0.9918 0.000080
455.00 C 20260817 -1.00 -1.00 -1 0 1.6330 0.9916 0.000083
460.00 C 20260817 -1.00 -1.00 -1 0 1.6153 0.9911 0.000088
465.00 C 20260817 -1.00 -1.00 -1 0 1.6304 0.9892 0.000102
470.00 C 20260817 -1.00 -1.00 -1 0 1.5600 0.9911 0.000091
475.00 C 20260817 -1.00 -1.00 -1 0 1.5551 0.9901 0.000100
480.00 C 20260817 -1.00 -1.00 -1 0 1.5421 0.9894 0.000106
485.00 C 20260817 -1.00 -1.00 -1 0 1.5293 0.9887 0.000113
490.00 C 20260817 -1.00 -1.00 -1 0 1.4888 0.9894 0.000111
495.00 C 20260817 -1.00 -1.00 -1 0 1.4567 0.9897 0.000110
500.00 C 20260817 -1.00 -1.00 -1 0 1.4720 0.9876 0.000128
505.00 C 20260817 -1.00 -1.00 -1 0 1.4364 0.9880 0.000127
510.00 C 20260817 -1.00 -1.00 -1 0 1.4595 0.9855 0.000147
515.00 C 20260817 -1.00 -1.00 -1 0 1.3778 0.9884 0.000129
520.00 C 20260817 -1.00 -1.00 -1 0 1.3624 0.9879 0.000136
525.00 C 20260817 -1.00 -1.00 -1 0 1.3932 0.9848 0.000161
530.00 C 20260817 -1.00 -1.00 -1 0 1.3283 0.9869 0.000148
535.00 C 20260817 -1.00 -1.00 -1 0 1.3779 0.9828 0.000182
450.00 P 20260817 -1.00 -1.00 -1 0 1.8625 -0.0161 0.000128
455.00 P 20260817 -1.00 -1.00 -1 0 -1.0000 -1.0000 -1.000000
460.00 P 20260817 -1.00 -1.00 -1 0 1.8142 -0.0167 0.000135
465.00 P 20260817 -1.00 -1.00 -1 0 -1.0000 -1.0000 -1.000000
470.00 P 20260817 -1.00 -1.00 -1 0 -1.0000 -1.0000 -1.000000
475.00 P 20260817 -1.00 -1.00 -1 0 -1.0000 -1.0000 -1.000000
480.00 P 20260817 -1.00 -1.00 -1 0 -1.0000 -1.0000 -1.000000
485.00 P 20260817 -1.00 -1.00 2 0 1.4336 -0.0075 0.000085
490.00 P 20260817 -1.00 -1.00 -1 0 -1.0000 -1.0000 -1.000000
495.00 P 20260817 -1.00 -1.00 -1 0 1.4601 -0.0105 0.000112
500.00 P 20260817 -1.00 -1.00 -1 0 1.4003 -0.0087 0.000100
505.00 P 20260817 -1.00 -1.00 -1 0 1.4137 -0.0108 0.000118
510.00 P 20260817 -1.00 -1.00 -1 0 1.3570 -0.0090 0.000106
515.00 P 20260817 -1.00 -1.00 -1 0 1.3365 -0.0092 0.000110
520.00 P 20260817 -1.00 -1.00 -1 0 1.3192 -0.0097 0.000116
525.00 P 20260817 -1.00 -1.00 -1 0 1.3612 -0.0135 0.000149
530.00 P 20260817 -1.00 -1.00 -1 0 1.2806 -0.0102 0.000125
535.00 P 20260817 -1.00 -1.00 -1 0 1.3133 -0.0136 0.000156
360.00 C 20260821 -1.00 -1.00 23 1053 1.9216 0.9928 0.000054
370.00 C 20260821 -1.00 -1.00 1 513 1.8878 0.9919 0.000060
380.00 C 20260821 -1.00 -1.00 4 401 1.7881 0.9930 0.000056
390.00 C 20260821 -1.00 -1.00 3 242 1.7424 0.9928 0.000060
400.00 C 20260821 -1.00 -1.00 2 406 1.7724 0.9896 0.000080
410.00 C 20260821 -1.00 -1.00 1 292 1.7002 0.9901 0.000079
420.00 C 20260821 -1.00 -1.00 1 759 1.6713 0.9890 0.000088
430.00 C 20260821 -1.00 -1.00 3 416 1.6469 0.9878 0.000099
440.00 C 20260821 -1.00 -1.00 3 907 1.6047 0.9872 0.000105
450.00 C 20260821 -1.00 -1.00 30 553 1.4977 0.9895 0.000095
460.00 C 20260821 -1.00 -1.00 32 349 1.5194 0.9862 0.000119
470.00 C 20260821 -1.00 -1.00 3 608 1.5228 0.9837 0.000138
480.00 C 20260821 -1.00 -1.00 2 445 1.4273 0.9856 0.000132
490.00 C 20260821 -1.00 -1.00 1 596 1.4421 0.9824 0.000155
500.00 C 20260821 -1.00 -1.00 79 1583 1.4359 0.9803 0.000173
510.00 C 20260821 -1.00 -1.00 5 1020 1.4407 0.9766 0.000199
520.00 C 20260821 -1.00 -1.00 1 487 1.3527 0.9791 0.000194
530.00 C 20260821 -1.00 -1.00 1 500 1.3323 0.9770 0.000213
360.00 P 20260821 -1.00 -1.00 15 758 1.5909 -0.0020 0.000021
370.00 P 20260821 -1.00 -1.00 11 1651 1.5569 -0.0021 0.000022
380.00 P 20260821 -1.00 -1.00 5 1816 1.4880 -0.0020 0.000022
390.00 P 20260821 -1.00 -1.00 13 1571 1.4815 -0.0024 0.000026
400.00 P 20260821 -1.00 -1.00 33 2922 1.4667 -0.0029 0.000031
410.00 P 20260821 -1.00 -1.00 19 1422 1.4396 -0.0034 0.000036
420.00 P 20260821 -1.00 -1.00 54 1428 1.3956 -0.0034 0.000038
430.00 P 20260821 -1.00 -1.00 24 740 1.3717 -0.0040 0.000044
440.00 P 20260821 -1.00 -1.00 4 3635 1.3536 -0.0047 0.000051
450.00 P 20260821 -1.00 -1.00 185 7768 1.3240 -0.0051 0.000056
460.00 P 20260821 -1.00 -1.00 24 555 1.3203 -0.0061 0.000068
470.00 P 20260821 -1.00 -1.00 10 537 1.2817 -0.0063 0.000072
480.00 P 20260821 -1.00 -1.00 26 627 1.2885 -0.0077 0.000085
490.00 P 20260821 -1.00 -1.00 12 746 1.2669 -0.0084 0.000094
500.00 P 20260821 -1.00 -1.00 374 4685 1.2414 -0.0095 0.000107
510.00 P 20260821 -1.00 -1.00 139 587 1.2197 -0.0110 0.000122
520.00 P 20260821 -1.00 -1.00 59 1189 1.2047 -0.0128 0.000141
530.00 P 20260821 -1.00 -1.00 62 678 1.1885 -0.0146 0.000160
1260.00 C 20260805 -1.00 -1.00 1 30 2.2951 0.0042 0.000105
1270.00 C 20260805 -1.00 -1.00 1 8 2.6397 0.0107 0.000209
1280.00 C 20260805 -1.00 -1.00 1 9 2.2079 0.0020 0.000055
1290.00 C 20260805 -1.00 -1.00 1 30 2.5996 0.0069 0.000145
1300.00 C 20260805 -1.00 -1.00 1 6 2.7124 0.0084 0.000164
1310.00 C 20260805 -1.00 -1.00 13 14 2.7387 0.0077 0.000151
1320.00 C 20260805 -1.00 -1.00 2 5 2.7685 0.0072 0.000140
1330.00 C 20260805 -1.00 -1.00 5 22 2.7944 0.0065 0.000128
1340.00 C 20260805 -1.00 -1.00 2 103 2.8275 0.0061 0.000119
1350.00 C 20260805 -1.00 -1.00 21 50 2.8604 0.0056 0.000110
1360.00 C 20260805 -1.00 -1.00 24 27 2.8930 0.0052 0.000102
1370.00 C 20260805 -1.00 -1.00 105 119 2.3186 0.0005 0.000014
1260.00 P 20260805 -1.00 -1.00 -1 0 -1.0000 -1.0000 -1.000000
1270.00 P 20260805 -1.00 -1.00 -1 0 -1.0000 -1.0000 -1.000000
1280.00 P 20260805 -1.00 -1.00 -1 0 -1.0000 -1.0000 -1.000000
1290.00 P 20260805 -1.00 -1.00 -1 0 -1.0000 -1.0000 -1.000000
1300.00 P 20260805 -1.00 -1.00 -1 0 -1.0000 -1.0000 -1.000000
1310.00 P 20260805 -1.00 -1.00 -1 0 -1.0000 -1.0000 -1.000000
1320.00 P 20260805 -1.00 -1.00 -1 0 -1.0000 -1.0000 -1.000000
1330.00 P 20260805 -1.00 -1.00 1 0 -1.0000 -1.0000 -1.000000
1340.00 P 20260805 -1.00 -1.00 1 0 -1.0000 -1.0000 -1.000000
1350.00 P 20260805 -1.00 -1.00 2 0 3.0741 -0.9898 0.000178
1360.00 P 20260805 -1.00 -1.00 2 2 -1.0000 -1.0000 -1.000000
1370.00 P 20260805 -1.00 -1.00 -1 0 -1.0000 -1.0000 -1.000000
1260.00 C 20260807 -1.00 -1.00 25 247 1.4462 0.0053 0.000126
1270.00 C 20260807 -1.00 -1.00 25 172 1.4725 0.0050 0.000118
1280.00 C 20260807 -1.00 -1.00 48 149 1.5054 0.0050 0.000116
1290.00 C 20260807 -1.00 -1.00 22 384 1.4888 0.0042 0.000099
1300.00 C 20260807 -1.00 -1.00 307 1167 1.5214 0.0042 0.000098
1310.00 C 20260807 -1.00 -1.00 72 184 1.5104 0.0035 0.000083
1320.00 C 20260807 -1.00 -1.00 10 166 1.5242 0.0032 0.000076
1330.00 C 20260807 -1.00 -1.00 9 83 1.5440 0.0031 0.000072
1340.00 C 20260807 -1.00 -1.00 6 126 1.5453 0.0026 0.000061
1350.00 C 20260807 -1.00 -1.00 74 930 1.5710 0.0026 0.000059
1360.00 C 20260807 -1.00 -1.00 17 286 1.6026 0.0026 0.000060
1370.00 C 20260807 -1.00 -1.00 3 170 1.6098 0.0023 0.000052
1380.00 C 20260807 -1.00 -1.00 22 388 1.6470 0.0025 0.000054
1390.00 C 20260807 -1.00 -1.00 62 264 1.6539 0.0021 0.000047
1400.00 C 20260807 -1.00 -1.00 2142 661 1.6548 0.0017 0.000038
1410.00 C 20260807 -1.00 -1.00 42 327 1.6736 0.0015 0.000035
1420.00 C 20260807 -1.00 -1.00 105 256 1.7161 0.0018 0.000040
1430.00 C 20260807 -1.00 -1.00 75 347 1.7286 0.0016 0.000035
1260.00 P 20260807 -1.00 -1.00 2 0 -1.0000 -1.0000 -1.000000
1270.00 P 20260807 -1.00 -1.00 2 0 -1.0000 -1.0000 -1.000000
1280.00 P 20260807 -1.00 -1.00 6 0 -1.0000 -1.0000 -1.000000
1290.00 P 20260807 -1.00 -1.00 2 0 -1.0000 -1.0000 -1.000000
1300.00 P 20260807 -1.00 -1.00 2 0 -1.0000 -1.0000 -1.000000
1310.00 P 20260807 -1.00 -1.00 2 0 -1.0000 -1.0000 -1.000000
1320.00 P 20260807 -1.00 -1.00 4 0 -1.0000 -1.0000 -1.000000
1330.00 P 20260807 -1.00 -1.00 1 0 -1.0000 -1.0000 -1.000000
1340.00 P 20260807 -1.00 -1.00 24 0 -1.0000 -1.0000 -1.000000
1350.00 P 20260807 -1.00 -1.00 24 0 -1.0000 -1.0000 -1.000000
1360.00 P 20260807 -1.00 -1.00 2 0 -1.0000 -1.0000 -1.000000
1370.00 P 20260807 -1.00 -1.00 2 0 -1.0000 -1.0000 -1.000000
1380.00 P 20260807 -1.00 -1.00 -1 0 -1.0000 -1.0000 -1.000000
1390.00 P 20260807 -1.00 -1.00 2 0 -1.0000 -1.0000 -1.000000
1400.00 P 20260807 -1.00 -1.00 2 0 -1.0000 -1.0000 -1.000000
1410.00 P 20260807 -1.00 -1.00 -1 0 -1.0000 -1.0000 -1.000000
1420.00 P 20260807 -1.00 -1.00 -1 0 -1.0000 -1.0000 -1.000000
1430.00 P 20260807 -1.00 -1.00 -1 0 -1.0000 -1.0000 -1.000000
1260.00 C 20260810 -1.00 -1.00 71 2 1.1203 0.0104 0.000210
1270.00 C 20260810 -1.00 -1.00 90 15 1.1307 0.0096 0.000193
1280.00 C 20260810 -1.00 -1.00 25 60 1.1426 0.0089 0.000178
1290.00 C 20260810 -1.00 -1.00 2 15 1.1528 0.0081 0.000163
1300.00 C 20260810 -1.00 -1.00 2 1 1.1646 0.0074 0.000149
1310.00 C 20260810 -1.00 -1.00 2 6 1.1795 0.0069 0.000139
1320.00 C 20260810 -1.00 -1.00 -1 0 1.1958 0.0065 0.000130
1330.00 C 20260810 -1.00 -1.00 6 5 1.2121 0.0061 0.000122
1340.00 C 20260810 -1.00 -1.00 1 0 1.2282 0.0058 0.000115
1350.00 C 20260810 -1.00 -1.00 35 6 1.2426 0.0053 0.000106
1360.00 C 20260810 -1.00 -1.00 3 1 1.2574 0.0051 0.000101
1370.00 C 20260810 -1.00 -1.00 18 7 1.2622 0.0048 0.000094
1260.00 P 20260810 -1.00 -1.00 -1 0 -1.0000 -1.0000 -1.000000
1270.00 P 20260810 -1.00 -1.00 -1 0 -1.0000 -1.0000 -1.000000
1280.00 P 20260810 -1.00 -1.00 -1 0 -1.0000 -1.0000 -1.000000
1290.00 P 20260810 -1.00 -1.00 -1 0 -1.0000 -1.0000 -1.000000
1300.00 P 20260810 -1.00 -1.00 -1 0 -1.0000 -1.0000 -1.000000
1310.00 P 20260810 -1.00 -1.00 -1 0 -1.0000 -1.0000 -1.000000
1320.00 P 20260810 -1.00 -1.00 -1 0 -1.0000 -1.0000 -1.000000
1330.00 P 20260810 -1.00 -1.00 -1 0 -1.0000 -1.0000 -1.000000
1340.00 P 20260810 -1.00 -1.00 -1 0 -1.0000 -1.0000 -1.000000
1350.00 P 20260810 -1.00 -1.00 -1 0 -1.0000 -1.0000 -1.000000
1360.00 P 20260810 -1.00 -1.00 -1 0 -1.0000 -1.0000 -1.000000
1370.00 P 20260810 -1.00 -1.00 -1 0 -1.0000 -1.0000 -1.000000
1260.00 C 20260812 -1.00 -1.00 3 21 1.0865 0.0200 0.000331
1270.00 C 20260812 -1.00 -1.00 5 1 1.0966 0.0182 0.000304
1280.00 C 20260812 -1.00 -1.00 1 14 1.1066 0.0165 0.000279
1290.00 C 20260812 -1.00 -1.00 1 1 1.1201 0.0153 0.000259
1300.00 C 20260812 -1.00 -1.00 6 0 1.1213 0.0140 0.000239
1310.00 C 20260812 -1.00 -1.00 7 7 1.1227 0.0129 0.000221
1320.00 C 20260812 -1.00 -1.00 -1 0 1.1254 0.0118 0.000204
1330.00 C 20260812 -1.00 -1.00 6 6 1.1253 0.0106 0.000185
1340.00 C 20260812 -1.00 -1.00 -1 0 1.1294 0.0097 0.000170
1350.00 C 20260812 -1.00 -1.00 5 0 1.1403 0.0091 0.000160
1360.00 C 20260812 -1.00 -1.00 596 250 1.1471 0.0084 0.000147
1370.00 C 20260812 -1.00 -1.00 1 2 1.1579 0.0078 0.000137
1260.00 P 20260812 -1.00 -1.00 -1 0 -1.0000 -1.0000 -1.000000
1270.00 P 20260812 -1.00 -1.00 -1 0 -1.0000 -1.0000 -1.000000
1280.00 P 20260812 -1.00 -1.00 -1 0 -1.0000 -1.0000 -1.000000
1290.00 P 20260812 -1.00 -1.00 -1 0 -1.0000 -1.0000 -1.000000
1300.00 P 20260812 -1.00 -1.00 -1 0 1.0117 -0.9967 0.000148
1310.00 P 20260812 -1.00 -1.00 -1 0 -1.0000 -1.0000 -1.000000
1320.00 P 20260812 -1.00 -1.00 -1 0 -1.0000 -1.0000 -1.000000
1330.00 P 20260812 -1.00 -1.00 -1 0 -1.0000 -1.0000 -1.000000
1340.00 P 20260812 -1.00 -1.00 -1 0 -1.0000 -1.0000 -1.000000
1350.00 P 20260812 -1.00 -1.00 -1 0 -1.0000 -1.0000 -1.000000
1360.00 P 20260812 -1.00 -1.00 -1 0 -1.0000 -1.0000 -1.000000
1370.00 P 20260812 -1.00 -1.00 -1 0 -1.0000 -1.0000 -1.000000
1260.00 C 20260814 -1.00 -1.00 19 181 1.0854 0.0338 0.000466
1270.00 C 20260814 -1.00 -1.00 51 169 1.0852 0.0312 0.000434
1280.00 C 20260814 -1.00 -1.00 21 123 1.0878 0.0288 0.000404
1290.00 C 20260814 -1.00 -1.00 93 180 1.0920 0.0267 0.000377
1300.00 C 20260814 -1.00 -1.00 178 378 1.0983 0.0248 0.000352
1310.00 C 20260814 -1.00 -1.00 16 72 1.1057 0.0231 0.000329
1320.00 C 20260814 -1.00 -1.00 49 255 1.1135 0.0215 0.000307
1330.00 C 20260814 -1.00 -1.00 122 279 1.1234 0.0201 0.000289
1340.00 C 20260814 -1.00 -1.00 78 77 1.1322 0.0187 0.000270
1350.00 C 20260814 -1.00 -1.00 57 267 1.1451 0.0178 0.000257
1360.00 C 20260814 -1.00 -1.00 2 161 1.1522 0.0162 0.000237
1370.00 C 20260814 -1.00 -1.00 3 107 1.1589 0.0152 0.000223
1380.00 C 20260814 -1.00 -1.00 4 124 1.1632 0.0144 0.000211
1390.00 C 20260814 -1.00 -1.00 1 68 1.1651 0.0135 0.000199
1400.00 C 20260814 -1.00 -1.00 33 420 1.1657 0.0125 0.000185
1410.00 C 20260814 -1.00 -1.00 15 69 1.1747 0.0120 0.000177
1420.00 C 20260814 -1.00 -1.00 9 28 1.1777 0.0112 0.000166
1430.00 C 20260814 -1.00 -1.00 5 36 1.1782 0.0102 0.000153
1260.00 P 20260814 -1.00 -1.00 4 2 1.0139 -0.9782 0.000405
1270.00 P 20260814 -1.00 -1.00 8 5 0.9985 -0.9834 0.000345
1280.00 P 20260814 -1.00 -1.00 6 3 1.0112 -0.9846 0.000326
1290.00 P 20260814 -1.00 -1.00 -1 0 1.0005 -0.9890 0.000277
1300.00 P 20260814 -1.00 -1.00 1 0 0.9849 -0.9914 0.000240
1310.00 P 20260814 -1.00 -1.00 1 0 0.9736 -0.9937 0.000203
1320.00 P 20260814 -1.00 -1.00 1 0 0.9444 -0.9975 0.000130
1330.00 P 20260814 -1.00 -1.00 -1 0 -1.0000 -1.0000 -1.000000
1340.00 P 20260814 -1.00 -1.00 6 0 0.9776 -0.9975 0.000122
1350.00 P 20260814 -1.00 -1.00 -1 0 -1.0000 -1.0000 -1.000000
1360.00 P 20260814 -1.00 -1.00 -1 0 -1.0000 -1.0000 -1.000000
1370.00 P 20260814 -1.00 -1.00 10 0 1.1006 -0.9921 0.000199
1380.00 P 20260814 -1.00 -1.00 -1 0 -1.0000 -1.0000 -1.000000
1390.00 P 20260814 -1.00 -1.00 1 0 -1.0000 -1.0000 -1.000000
1400.00 P 20260814 -1.00 -1.00 1 0 1.0876 -0.9968 0.000129
1410.00 P 20260814 -1.00 -1.00 -1 0 -1.0000 -1.0000 -1.000000
1420.00 P 20260814 -1.00 -1.00 -1 0 -1.0000 -1.0000 -1.000000
1430.00 P 20260814 -1.00 -1.00 -1 0 -1.0000 -1.0000 -1.000000
1260.00 C 20260817 -1.00 -1.00 -1 0 0.9982 0.0404 0.000517
1270.00 C 20260817 -1.00 -1.00 -1 0 1.0024 0.0373 0.000484
1280.00 C 20260817 -1.00 -1.00 3 0 0.9868 0.0329 0.000439
1290.00 C 20260817 -1.00 -1.00 -1 0 1.0028 0.0324 0.000426
1300.00 C 20260817 -1.00 -1.00 -1 0 1.0030 0.0299 0.000397
1310.00 C 20260817 -1.00 -1.00 58 0 1.0066 0.0278 0.000372
1320.00 C 20260817 -1.00 -1.00 12 0 1.0105 0.0259 0.000348
1330.00 C 20260817 -1.00 -1.00 -1 0 1.0233 0.0251 0.000335
1340.00 C 20260817 -1.00 -1.00 -1 0 1.0361 0.0244 0.000323
1350.00 C 20260817 -1.00 -1.00 -1 0 1.0445 0.0231 0.000306
1360.00 C 20260817 -1.00 -1.00 -1 0 1.0654 0.0234 0.000304
1370.00 C 20260817 -1.00 -1.00 4 0 1.0432 0.0181 0.000251
1260.00 P 20260817 -1.00 -1.00 -1 0 1.0023 -0.9624 0.000539
1270.00 P 20260817 -1.00 -1.00 -1 0 1.0093 -0.9656 0.000507
1280.00 P 20260817 -1.00 -1.00 -1 0 0.9953 -0.9701 0.000467
1290.00 P 20260817 -1.00 -1.00 -1 0 0.9126 -0.9851 0.000337
1300.00 P 20260817 -1.00 -1.00 -1 0 1.0003 -0.9746 0.000414
1310.00 P 20260817 -1.00 -1.00 -1 0 0.8873 -0.9926 0.000236
1320.00 P 20260817 -1.00 -1.00 -1 0 0.8835 -0.9944 0.000208
1330.00 P 20260817 -1.00 -1.00 -1 0 -1.0000 -1.0000 -1.000000
1340.00 P 20260817 -1.00 -1.00 -1 0 -1.0000 -1.0000 -1.000000
1350.00 P 20260817 -1.00 -1.00 -1 0 1.1509 -0.9677 0.000420
1360.00 P 20260817 -1.00 -1.00 -1 0 -1.0000 -1.0000 -1.000000
1370.00 P 20260817 -1.00 -1.00 1 0 1.0847 -0.9806 0.000315
1260.00 C 20260821 -1.00 -1.00 73 742 0.9792 0.0655 0.000672
1270.00 C 20260821 -1.00 -1.00 25 533 0.9802 0.0612 0.000636
1280.00 C 20260821 -1.00 -1.00 31 1057 0.9844 0.0576 0.000603
1290.00 C 20260821 -1.00 -1.00 12 380 0.9886 0.0541 0.000571
1300.00 C 20260821 -1.00 -1.00 330 3447 0.9927 0.0505 0.000540
1310.00 C 20260821 -1.00 -1.00 41 367 0.9989 0.0475 0.000512
1320.00 C 20260821 -1.00 -1.00 44 512 1.0050 0.0445 0.000484
1330.00 C 20260821 -1.00 -1.00 7 424 1.0115 0.0416 0.000458
1340.00 C 20260821 -1.00 -1.00 39 206 1.0199 0.0395 0.000437
1350.00 C 20260821 -1.00 -1.00 179 2118 1.0164 0.0370 0.000413
1360.00 C 20260821 -1.00 -1.00 9 374 1.0148 0.0347 0.000391
1370.00 C 20260821 -1.00 -1.00 16 274 1.0162 0.0328 0.000372
1380.00 C 20260821 -1.00 -1.00 9 234 1.0159 0.0306 0.000350
1390.00 C 20260821 -1.00 -1.00 33 198 1.0188 0.0289 0.000332
1400.00 C 20260821 -1.00 -1.00 292 3874 1.0229 0.0274 0.000316
1410.00 C 20260821 -1.00 -1.00 1 260 1.0254 0.0256 0.000298
1420.00 C 20260821 -1.00 -1.00 1 861 1.0310 0.0243 0.000284
1430.00 C 20260821 -1.00 -1.00 27 154 1.0362 0.0230 0.000269
1260.00 P 20260821 -1.00 -1.00 1 25 0.9053 -0.9563 0.000594
1270.00 P 20260821 -1.00 -1.00 1 185 0.9522 -0.9495 0.000620
1280.00 P 20260821 -1.00 -1.00 1 20 0.9095 -0.9655 0.000514
1290.00 P 20260821 -1.00 -1.00 30 72 0.8922 -0.9709 0.000467
1300.00 P 20260821 -1.00 -1.00 1 142 0.8857 -0.9745 0.000429
1310.00 P 20260821 -1.00 -1.00 12 144 0.9558 -0.9668 0.000474
1320.00 P 20260821 -1.00 -1.00 2 34 0.9544 -0.9694 0.000449
1330.00 P 20260821 -1.00 -1.00 3 6 0.9387 -0.9740 0.000408
1340.00 P 20260821 -1.00 -1.00 1 12 0.9312 -0.9777 0.000376
1350.00 P 20260821 -1.00 -1.00 128 143 0.9149 -0.9830 0.000335
1360.00 P 20260821 -1.00 -1.00 1 23 0.9069 -0.9868 0.000293
1370.00 P 20260821 -1.00 -1.00 1 1 0.8636 -0.9943 0.000206
1380.00 P 20260821 -1.00 -1.00 6 8 0.9259 -0.9886 0.000262
1390.00 P 20260821 -1.00 -1.00 1 5 0.9128 -0.9922 0.000222
1400.00 P 20260821 -1.00 -1.00 7 128 0.9533 -0.9888 0.000250
1410.00 P 20260821 -1.00 -1.00 10 11 0.9373 -0.9923 0.000213
1420.00 P 20260821 -1.00 -1.00 8 0 0.9074 -0.9960 0.000159
1430.00 P 20260821 -1.00 -1.00 8 0 -1.0000 -1.0000 -1.000000
