# opt_chain SMH | epoch 1785787090 | 2026-08-03 15:58:10 | spot 545.62 | exps 20260803 20260805 20260807 20260810 20260812 20260814 20260817 20260821
# fuente polygon_snapshot_v3 | greeks polygon_directo | iv polygon_directo | oi polygon_directo | vol day.volume(-1 si no cotizo) | bid/ask NO_ENTITLED(-1) | spot_src ibkr_bridge spot_edad_s 309 | band 0.4050 vencimientos 8 exp_hasta 2026-08-21
# strike right exp bid ask vol oi iv delta gamma
427.50 C 20260803 -1.00 -1.00 13 0 5.2308 0.9886 0.000490
430.00 C 20260803 -1.00 -1.00 13 0 5.1155 0.9884 0.000510
432.50 C 20260803 -1.00 -1.00 19 0 5.1420 0.9855 0.000608
435.00 C 20260803 -1.00 -1.00 19 0 5.0277 0.9852 0.000633
437.50 C 20260803 -1.00 -1.00 -1 0 4.7736 0.9877 0.000574
440.00 C 20260803 -1.00 -1.00 8 4 4.6610 0.9874 0.000599
442.50 C 20260803 -1.00 -1.00 -1 0 4.5490 0.9871 0.000624
445.00 C 20260803 -1.00 -1.00 -1 0 4.4376 0.9868 0.000652
447.50 C 20260803 -1.00 -1.00 -1 0 4.3269 0.9865 0.000681
450.00 C 20260803 -1.00 -1.00 1 1 4.2167 0.9862 0.000713
452.50 C 20260803 -1.00 -1.00 2 1 4.1072 0.9859 0.000746
455.00 C 20260803 -1.00 -1.00 -1 0 3.9983 0.9855 0.000782
457.50 C 20260803 -1.00 -1.00 -1 0 3.8900 0.9852 0.000821
460.00 C 20260803 -1.00 -1.00 -1 0 3.7823 0.9848 0.000863
462.50 C 20260803 -1.00 -1.00 1 1 3.6752 0.9844 0.000908
465.00 C 20260803 -1.00 -1.00 -1 0 3.5687 0.9840 0.000956
467.50 C 20260803 -1.00 -1.00 1 1 3.4627 0.9835 0.001009
470.00 C 20260803 -1.00 -1.00 1 1 3.3574 0.9831 0.001066
472.50 C 20260803 -1.00 -1.00 -1 0 3.2525 0.9826 0.001128
475.00 C 20260803 -1.00 -1.00 1 1 3.1483 0.9820 0.001195
477.50 C 20260803 -1.00 -1.00 2 2 3.0445 0.9815 0.001269
480.00 C 20260803 -1.00 -1.00 2 1 2.9414 0.9809 0.001350
482.50 C 20260803 -1.00 -1.00 1 1 2.8388 0.9802 0.001439
485.00 C 20260803 -1.00 -1.00 -1 0 2.7367 0.9796 0.001537
487.50 C 20260803 -1.00 -1.00 2 1 2.6351 0.9788 0.001646
490.00 C 20260803 -1.00 -1.00 7 17 2.5341 0.9781 0.001767
492.50 C 20260803 -1.00 -1.00 -1 0 2.4776 0.9755 0.001989
495.00 C 20260803 -1.00 -1.00 12 4 2.3335 0.9763 0.002053
497.50 C 20260803 -1.00 -1.00 9 4 2.2340 0.9753 0.002223
500.00 C 20260803 -1.00 -1.00 4 42 2.1350 0.9742 0.002416
502.50 C 20260803 -1.00 -1.00 4 19 2.2154 0.9607 0.003277
505.00 C 20260803 -1.00 -1.00 6 33 1.9722 0.9698 0.003003
507.50 C 20260803 -1.00 -1.00 1 2 2.1858 0.9422 0.004568
510.00 C 20260803 -1.00 -1.00 1 21 2.0737 0.9394 0.005018
512.50 C 20260803 -1.00 -1.00 8 13 1.9622 0.9362 0.005540
515.00 C 20260803 -1.00 -1.00 14 29 1.6573 0.9492 0.005404
517.50 C 20260803 -1.00 -1.00 3 13 1.3968 0.9627 0.004993
520.00 C 20260803 -1.00 -1.00 4 92 1.4378 0.9422 0.006939
522.50 C 20260803 -1.00 -1.00 31 37 1.2006 0.9538 0.006894
525.00 C 20260803 -1.00 -1.00 22 32 1.3039 0.9163 0.010128
527.50 C 20260803 -1.00 -1.00 68 50 0.8784 0.9639 0.007740
530.00 C 20260803 -1.00 -1.00 153 273 1.0024 0.9103 0.013863
532.50 C 20260803 -1.00 -1.00 126 89 0.8404 0.9091 0.016695
535.00 C 20260803 -1.00 -1.00 1920 238 0.6669 0.9117 0.020597
537.50 C 20260803 -1.00 -1.00 244 166 0.5309 0.8998 0.028406
540.00 C 20260803 -1.00 -1.00 879 65 0.4521 0.8477 0.044946
542.50 C 20260803 -1.00 -1.00 484 35 0.2147 0.8754 0.083134
545.00 C 20260803 -1.00 -1.00 1145 50 0.2217 0.5541 0.153928
547.50 C 20260803 -1.00 -1.00 795 335 0.2107 0.1925 0.111831
550.00 C 20260803 -1.00 -1.00 638 1113 0.2537 0.0582 0.039435
552.50 C 20260803 -1.00 -1.00 404 91 0.3393 0.0346 0.019419
555.00 C 20260803 -1.00 -1.00 235 214 0.4004 0.0198 0.010221
557.50 C 20260803 -1.00 -1.00 52 64 0.5046 0.0202 0.008244
560.00 C 20260803 -1.00 -1.00 102 231 0.5129 0.0074 0.003369
562.50 C 20260803 -1.00 -1.00 27 432 0.5893 0.0065 0.002620
565.00 C 20260803 -1.00 -1.00 42 239 0.6653 0.0058 0.002109
567.50 C 20260803 -1.00 -1.00 14 183 0.7983 0.0093 0.002676
570.00 C 20260803 -1.00 -1.00 117 165 0.8354 0.0062 0.001763
572.50 C 20260803 -1.00 -1.00 23 164 1.0871 0.0180 0.003471
575.00 C 20260803 -1.00 -1.00 35 41 0.9850 0.0053 0.001316
577.50 C 20260803 -1.00 -1.00 13 265 1.1919 0.0113 0.002144
580.00 C 20260803 -1.00 -1.00 50 774 1.6676 0.0429 0.004675
582.50 C 20260803 -1.00 -1.00 3 48 1.7032 0.0343 0.003851
585.00 C 20260803 -1.00 -1.00 72 339 1.7736 0.0310 0.003416
587.50 C 20260803 -1.00 -1.00 3 58 1.8399 0.0289 0.003087
590.00 C 20260803 -1.00 -1.00 2 5172 1.5762 0.0095 0.001374
592.50 C 20260803 -1.00 -1.00 135 134 1.9716 0.0250 0.002536
595.00 C 20260803 -1.00 -1.00 2 307 1.6828 0.0075 0.001046
597.50 C 20260803 -1.00 -1.00 2 50 1.9504 0.0131 0.001492
600.00 C 20260803 -1.00 -1.00 26 503 1.7885 0.0058 0.000785
602.50 C 20260803 -1.00 -1.00 3 632 1.9152 0.0073 0.000895
605.00 C 20260803 -1.00 -1.00 2 80 1.9859 0.0071 0.000838
607.50 C 20260803 -1.00 -1.00 24 20 2.0563 0.0069 0.000787
610.00 C 20260803 -1.00 -1.00 59 74 2.4239 0.0148 0.001325
612.50 C 20260803 -1.00 -1.00 17 99 2.1593 0.0055 0.000617
615.00 C 20260803 -1.00 -1.00 19 33 2.2841 0.0068 0.000699
617.50 C 20260803 -1.00 -1.00 12 25 2.2531 0.0042 0.000474
620.00 C 20260803 -1.00 -1.00 12 35 2.4039 0.0060 0.000596
622.50 C 20260803 -1.00 -1.00 4 41 2.4178 0.0045 0.000466
625.00 C 20260803 -1.00 -1.00 78 95 2.5045 0.0048 0.000477
627.50 C 20260803 -1.00 -1.00 41 24 3.0039 0.0138 0.001010
630.00 C 20260803 -1.00 -1.00 29 218 2.7859 0.0078 0.000649
632.50 C 20260803 -1.00 -1.00 32 108 2.8533 0.0076 0.000621
635.00 C 20260803 -1.00 -1.00 27 132 3.2099 0.0127 0.000881
637.50 C 20260803 -1.00 -1.00 27 34 3.0054 0.0077 0.000593
640.00 C 20260803 -1.00 -1.00 30 79 2.8437 0.0039 0.000344
642.50 C 20260803 -1.00 -1.00 30 14 3.5081 0.0139 0.000872
645.00 C 20260803 -1.00 -1.00 2 35 3.1684 0.0066 0.000491
647.50 C 20260803 -1.00 -1.00 17 14 3.6582 0.0135 0.000814
650.00 C 20260803 -1.00 -1.00 17 19 3.2283 0.0050 0.000382
652.50 C 20260803 -1.00 -1.00 2 60 3.7937 0.0130 0.000763
655.00 C 20260803 -1.00 -1.00 8 7 3.8580 0.0128 0.000739
657.50 C 20260803 -1.00 -1.00 7 13 4.0617 0.0160 0.000841
660.00 C 20260803 -1.00 -1.00 12 52 4.1426 0.0160 0.000824
662.50 C 20260803 -1.00 -1.00 19 12 4.2081 0.0155 0.000792
665.00 C 20260803 -1.00 -1.00 19 1 4.2808 0.0153 0.000770
667.50 C 20260803 -1.00 -1.00 15 25 4.3533 0.0151 0.000749
670.00 C 20260803 -1.00 -1.00 15 20 4.4330 0.0151 0.000736
672.50 C 20260803 -1.00 -1.00 5 44 4.5050 0.0149 0.000717
675.00 C 20260803 -1.00 -1.00 5 1 4.5917 0.0151 0.000712
677.50 C 20260803 -1.00 -1.00 4 0 5.0463 0.0245 0.000971
680.00 C 20260803 -1.00 -1.00 14 10 4.1031 0.0058 0.000342
682.50 C 20260803 -1.00 -1.00 14 0 5.5164 0.0310 0.001090
685.00 C 20260803 -1.00 -1.00 15 1 5.7876 0.0346 0.001145
687.50 C 20260803 -1.00 -1.00 19 0 5.7892 0.0330 0.001096
690.00 C 20260803 -1.00 -1.00 16 0 5.7832 0.0312 0.001045
692.50 C 20260803 -1.00 -1.00 16 0 6.0823 0.0351 0.001105
427.50 P 20260803 -1.00 -1.00 17348 16968 4.0869 -0.0020 0.000131
430.00 P 20260803 -1.00 -1.00 29 71 3.9967 -0.0021 0.000137
432.50 P 20260803 -1.00 -1.00 29 17 4.5285 -0.0068 0.000356
435.00 P 20260803 -1.00 -1.00 19 77 4.1188 -0.0036 0.000222
437.50 P 20260803 -1.00 -1.00 11 9 4.0442 -0.0039 0.000245
440.00 P 20260803 -1.00 -1.00 28 296 3.9239 -0.0037 0.000242
442.50 P 20260803 -1.00 -1.00 24 25 3.9345 -0.0052 0.000320
445.00 P 20260803 -1.00 -1.00 22 21 4.1397 -0.0088 0.000492
447.50 P 20260803 -1.00 -1.00 26 21 4.2843 -0.0125 0.000648
450.00 P 20260803 -1.00 -1.00 205 341 3.2933 -0.0025 0.000197
452.50 P 20260803 -1.00 -1.00 103 24 3.0896 -0.0018 0.000157
455.00 P 20260803 -1.00 -1.00 24 17 3.3872 -0.0049 0.000357
457.50 P 20260803 -1.00 -1.00 2 9 3.0377 -0.0027 0.000230
460.00 P 20260803 -1.00 -1.00 50 175 2.8948 -0.0024 0.000214
462.50 P 20260803 -1.00 -1.00 50 28 2.8112 -0.0024 0.000227
465.00 P 20260803 -1.00 -1.00 56 120 2.7862 -0.0029 0.000271
467.50 P 20260803 -1.00 -1.00 59 52 2.8338 -0.0042 0.000371
470.00 P 20260803 -1.00 -1.00 509 351 2.4471 -0.0017 0.000189
472.50 P 20260803 -1.00 -1.00 79 45 2.3655 -0.0018 0.000202
475.00 P 20260803 -1.00 -1.00 41 120 2.2844 -0.0018 0.000215
477.50 P 20260803 -1.00 -1.00 16 29 2.5102 -0.0056 0.000537
480.00 P 20260803 -1.00 -1.00 457 744 2.1234 -0.0020 0.000246
482.50 P 20260803 -1.00 -1.00 38 27 2.1006 -0.0026 0.000323
485.00 P 20260803 -1.00 -1.00 279 277 2.1580 -0.0043 0.000497
487.50 P 20260803 -1.00 -1.00 34 1254 2.0901 -0.0049 0.000581
490.00 P 20260803 -1.00 -1.00 414 700 1.8063 -0.0023 0.000334
492.50 P 20260803 -1.00 -1.00 173 107 1.7281 -0.0024 0.000362
495.00 P 20260803 -1.00 -1.00 282 3068 1.7067 -0.0032 0.000480
497.50 P 20260803 -1.00 -1.00 194 254 1.7603 -0.0064 0.000870
500.00 P 20260803 -1.00 -1.00 456 4230 1.4957 -0.0027 0.000476
502.50 P 20260803 -1.00 -1.00 155 98 1.5470 -0.0058 0.000898
505.00 P 20260803 -1.00 -1.00 169 402 1.3987 -0.0038 0.000702
507.50 P 20260803 -1.00 -1.00 53 76 1.3966 -0.0072 0.001206
510.00 P 20260803 -1.00 -1.00 257 221 1.2310 -0.0043 0.000878
512.50 P 20260803 -1.00 -1.00 19 992 1.2679 -0.0097 0.001744
515.00 P 20260803 -1.00 -1.00 2383 1291 1.0632 -0.0049 0.001136
517.50 P 20260803 -1.00 -1.00 80 565 1.1517 -0.0151 0.002825
520.00 P 20260803 -1.00 -1.00 439 1244 0.8970 -0.0057 0.001537
522.50 P 20260803 -1.00 -1.00 112 1119 0.9121 -0.0119 0.002944
525.00 P 20260803 -1.00 -1.00 477 1598 0.7523 -0.0083 0.002543
527.50 P 20260803 -1.00 -1.00 680 2143 0.6506 -0.0077 0.002755
530.00 P 20260803 -1.00 -1.00 1501 2452 0.5892 -0.0104 0.004011
532.50 P 20260803 -1.00 -1.00 275 1960 0.5245 -0.0155 0.006339
535.00 P 20260803 -1.00 -1.00 446 123 0.4584 -0.0242 0.010612
537.50 P 20260803 -1.00 -1.00 260 262 0.4108 -0.0487 0.021047
540.00 P 20260803 -1.00 -1.00 1471 1393 0.2935 -0.0569 0.033532
542.50 P 20260803 -1.00 -1.00 146 33 0.2411 -0.1539 0.084851
545.00 P 20260803 -1.00 -1.00 280 282 0.2083 -0.4428 0.163637
547.50 P 20260803 -1.00 -1.00 628 240 0.1889 -0.8351 0.113606
550.00 P 20260803 -1.00 -1.00 141 120 -1.0000 -1.0000 -1.000000
552.50 P 20260803 -1.00 -1.00 1 12 -1.0000 -1.0000 -1.000000
555.00 P 20260803 -1.00 -1.00 95 101 -1.0000 -1.0000 -1.000000
557.50 P 20260803 -1.00 -1.00 8 30 -1.0000 -1.0000 -1.000000
560.00 P 20260803 -1.00 -1.00 21 435 -1.0000 -1.0000 -1.000000
562.50 P 20260803 -1.00 -1.00 2 3 -1.0000 -1.0000 -1.000000
565.00 P 20260803 -1.00 -1.00 3 7 -1.0000 -1.0000 -1.000000
567.50 P 20260803 -1.00 -1.00 2 3 -1.0000 -1.0000 -1.000000
570.00 P 20260803 -1.00 -1.00 4 15 -1.0000 -1.0000 -1.000000
572.50 P 20260803 -1.00 -1.00 1 2 -1.0000 -1.0000 -1.000000
575.00 P 20260803 -1.00 -1.00 1 6 -1.0000 -1.0000 -1.000000
577.50 P 20260803 -1.00 -1.00 1 6 -1.0000 -1.0000 -1.000000
580.00 P 20260803 -1.00 -1.00 2 88 -1.0000 -1.0000 -1.000000
582.50 P 20260803 -1.00 -1.00 3 6 -1.0000 -1.0000 -1.000000
585.00 P 20260803 -1.00 -1.00 33 34 -1.0000 -1.0000 -1.000000
587.50 P 20260803 -1.00 -1.00 1 10 -1.0000 -1.0000 -1.000000
590.00 P 20260803 -1.00 -1.00 10 2 -1.0000 -1.0000 -1.000000
592.50 P 20260803 -1.00 -1.00 2 1 -1.0000 -1.0000 -1.000000
595.00 P 20260803 -1.00 -1.00 -1 0 -1.0000 -1.0000 -1.000000
597.50 P 20260803 -1.00 -1.00 -1 0 -1.0000 -1.0000 -1.000000
600.00 P 20260803 -1.00 -1.00 1 1 -1.0000 -1.0000 -1.000000
602.50 P 20260803 -1.00 -1.00 2 1 -1.0000 -1.0000 -1.000000
605.00 P 20260803 -1.00 -1.00 14 0 -1.0000 -1.0000 -1.000000
607.50 P 20260803 -1.00 -1.00 -1 0 -1.0000 -1.0000 -1.000000
610.00 P 20260803 -1.00 -1.00 -1 0 -1.0000 -1.0000 -1.000000
612.50 P 20260803 -1.00 -1.00 -1 0 -1.0000 -1.0000 -1.000000
615.00 P 20260803 -1.00 -1.00 2 0 -1.0000 -1.0000 -1.000000
617.50 P 20260803 -1.00 -1.00 -1 0 -1.0000 -1.0000 -1.000000
620.00 P 20260803 -1.00 -1.00 1 0 -1.0000 -1.0000 -1.000000
622.50 P 20260803 -1.00 -1.00 -1 0 -1.0000 -1.0000 -1.000000
625.00 P 20260803 -1.00 -1.00 -1 0 -1.0000 -1.0000 -1.000000
627.50 P 20260803 -1.00 -1.00 2 0 -1.0000 -1.0000 -1.000000
630.00 P 20260803 -1.00 -1.00 1 0 -1.0000 -1.0000 -1.000000
632.50 P 20260803 -1.00 -1.00 -1 0 -1.0000 -1.0000 -1.000000
635.00 P 20260803 -1.00 -1.00 2 0 -1.0000 -1.0000 -1.000000
637.50 P 20260803 -1.00 -1.00 -1 0 -1.0000 -1.0000 -1.000000
640.00 P 20260803 -1.00 -1.00 2 0 -1.0000 -1.0000 -1.000000
642.50 P 20260803 -1.00 -1.00 -1 0 -1.0000 -1.0000 -1.000000
645.00 P 20260803 -1.00 -1.00 -1 0 -1.0000 -1.0000 -1.000000
647.50 P 20260803 -1.00 -1.00 -1 0 -1.0000 -1.0000 -1.000000
650.00 P 20260803 -1.00 -1.00 -1 0 -1.0000 -1.0000 -1.000000
652.50 P 20260803 -1.00 -1.00 -1 0 -1.0000 -1.0000 -1.000000
655.00 P 20260803 -1.00 -1.00 -1 0 -1.0000 -1.0000 -1.000000
657.50 P 20260803 -1.00 -1.00 -1 0 -1.0000 -1.0000 -1.000000
660.00 P 20260803 -1.00 -1.00 -1 0 -1.0000 -1.0000 -1.000000
662.50 P 20260803 -1.00 -1.00 -1 0 -1.0000 -1.0000 -1.000000
665.00 P 20260803 -1.00 -1.00 -1 0 -1.0000 -1.0000 -1.000000
667.50 P 20260803 -1.00 -1.00 -1 0 -1.0000 -1.0000 -1.000000
670.00 P 20260803 -1.00 -1.00 -1 0 -1.0000 -1.0000 -1.000000
672.50 P 20260803 -1.00 -1.00 -1 0 -1.0000 -1.0000 -1.000000
675.00 P 20260803 -1.00 -1.00 -1 0 -1.0000 -1.0000 -1.000000
677.50 P 20260803 -1.00 -1.00 -1 0 -1.0000 -1.0000 -1.000000
680.00 P 20260803 -1.00 -1.00 -1 0 -1.0000 -1.0000 -1.000000
682.50 P 20260803 -1.00 -1.00 -1 0 -1.0000 -1.0000 -1.000000
685.00 P 20260803 -1.00 -1.00 -1 0 -1.0000 -1.0000 -1.000000
687.50 P 20260803 -1.00 -1.00 -1 0 -1.0000 -1.0000 -1.000000
690.00 P 20260803 -1.00 -1.00 -1 0 -1.0000 -1.0000 -1.000000
692.50 P 20260803 -1.00 -1.00 -1 0 -1.0000 -1.0000 -1.000000
425.00 C 20260805 -1.00 -1.00 -1 0 1.4071 0.9916 0.000384
427.50 C 20260805 -1.00 -1.00 -1 0 1.3161 0.9935 0.000325
430.00 C 20260805 -1.00 -1.00 -1 0 1.2871 0.9934 0.000338
432.50 C 20260805 -1.00 -1.00 -1 0 1.2583 0.9933 0.000351
435.00 C 20260805 -1.00 -1.00 -1 0 1.2297 0.9932 0.000365
437.50 C 20260805 -1.00 -1.00 -1 0 1.2318 0.9919 0.000425
440.00 C 20260805 -1.00 -1.00 -1 0 1.1120 0.9954 0.000284
442.50 C 20260805 -1.00 -1.00 -1 0 1.1752 0.9916 0.000461
445.00 C 20260805 -1.00 -1.00 -1 0 1.1471 0.9914 0.000481
447.50 C 20260805 -1.00 -1.00 -1 0 1.1494 0.9901 0.000550
450.00 C 20260805 -1.00 -1.00 -1 0 1.1439 0.9888 0.000618
452.50 C 20260805 -1.00 -1.00 -1 0 1.0339 0.9922 0.000491
455.00 C 20260805 -1.00 -1.00 -1 0 1.0828 0.9883 0.000676
457.50 C 20260805 -1.00 -1.00 2 1 1.0525 0.9880 0.000708
460.00 C 20260805 -1.00 -1.00 -1 0 1.0351 0.9865 0.000793
462.50 C 20260805 -1.00 -1.00 -1 0 0.9797 0.9887 0.000725
465.00 C 20260805 -1.00 -1.00 -1 0 0.9880 0.9846 0.000930
467.50 C 20260805 -1.00 -1.00 -1 0 0.9709 0.9829 0.001032
470.00 C 20260805 -1.00 -1.00 -1 0 0.9413 0.9825 0.001090
472.50 C 20260805 -1.00 -1.00 2 1 0.9245 0.9807 0.001206
475.00 C 20260805 -1.00 -1.00 1 1 0.9078 0.9788 0.001331
477.50 C 20260805 -1.00 -1.00 -1 0 0.8911 0.9769 0.001463
480.00 C 20260805 -1.00 -1.00 20 11 0.9407 0.9656 0.001931
482.50 C 20260805 -1.00 -1.00 2 1 0.9450 0.9581 0.002252
485.00 C 20260805 -1.00 -1.00 1 1 0.8500 0.9682 0.002011
487.50 C 20260805 -1.00 -1.00 2 1 0.8669 0.9576 0.002480
490.00 C 20260805 -1.00 -1.00 8 10 0.8034 0.9622 0.002439
492.50 C 20260805 -1.00 -1.00 2 1 0.7834 0.9583 0.002708
495.00 C 20260805 -1.00 -1.00 30 21 0.8127 0.9447 0.003300
497.50 C 20260805 -1.00 -1.00 34 16 0.8050 0.9382 0.003665
500.00 C 20260805 -1.00 -1.00 60 27 0.7863 0.9315 0.004048
502.50 C 20260805 -1.00 -1.00 1 10 0.7633 0.9244 0.004470
505.00 C 20260805 -1.00 -1.00 44 43 0.7439 0.9159 0.004957
507.50 C 20260805 -1.00 -1.00 2 1 0.7316 0.9048 0.005528
510.00 C 20260805 -1.00 -1.00 40 33 0.7159 0.8943 0.006120
512.50 C 20260805 -1.00 -1.00 2 0 0.6758 0.8903 0.006671
515.00 C 20260805 -1.00 -1.00 50 23 0.6673 0.8767 0.007412
517.50 C 20260805 -1.00 -1.00 2 14 0.6855 0.8473 0.008248
520.00 C 20260805 -1.00 -1.00 61 34 0.6770 0.8268 0.009057
522.50 C 20260805 -1.00 -1.00 2 8 0.6478 0.8123 0.009981
525.00 C 20260805 -1.00 -1.00 19 37 0.6715 0.7808 0.010717
527.50 C 20260805 -1.00 -1.00 4 85 0.6461 0.7584 0.011647
530.00 C 20260805 -1.00 -1.00 20 200 0.6234 0.7330 0.012647
532.50 C 20260805 -1.00 -1.00 3 56 0.6218 0.7001 0.013431
535.00 C 20260805 -1.00 -1.00 45 510 0.6219 0.6666 0.014190
537.50 C 20260805 -1.00 -1.00 88 93 0.6010 0.6341 0.015140
540.00 C 20260805 -1.00 -1.00 47 65 0.5806 0.5975 0.015999
542.50 C 20260805 -1.00 -1.00 18 16 0.5768 0.5571 0.016463
545.00 C 20260805 -1.00 -1.00 32 67 0.5685 0.5162 0.017071
547.50 C 20260805 -1.00 -1.00 193 142 0.5776 0.4755 0.016618
550.00 C 20260805 -1.00 -1.00 318 140 0.5628 0.4328 0.016764
552.50 C 20260805 -1.00 -1.00 22 64 0.5659 0.3918 0.016392
555.00 C 20260805 -1.00 -1.00 18 238 0.5646 0.3520 0.015944
557.50 C 20260805 -1.00 -1.00 25 50 0.5690 0.3173 0.015036
560.00 C 20260805 -1.00 -1.00 78 217 0.5532 0.2752 0.014488
562.50 C 20260805 -1.00 -1.00 62 131 0.5729 0.2473 0.013366
565.00 C 20260805 -1.00 -1.00 328 80 0.5534 0.2101 0.012532
567.50 C 20260805 -1.00 -1.00 10 126 0.5557 0.1831 0.011420
570.00 C 20260805 -1.00 -1.00 224 113 0.5588 0.1568 0.010328
572.50 C 20260805 -1.00 -1.00 2 120 0.5781 0.1395 0.009330
575.00 C 20260805 -1.00 -1.00 261 42 0.5679 0.1174 0.008317
577.50 C 20260805 -1.00 -1.00 54 87 0.5605 0.0961 0.007257
580.00 C 20260805 -1.00 -1.00 77 858 0.5680 0.0813 0.006357
582.50 C 20260805 -1.00 -1.00 11 61 0.5727 0.0681 0.005539
585.00 C 20260805 -1.00 -1.00 648 90 0.5736 0.0580 0.004834
587.50 C 20260805 -1.00 -1.00 1 46 0.5623 0.0441 0.003943
590.00 C 20260805 -1.00 -1.00 34 167 0.5832 0.0406 0.003565
592.50 C 20260805 -1.00 -1.00 3 41 0.5742 0.0300 0.002844
595.00 C 20260805 -1.00 -1.00 1 30 0.6013 0.0297 0.002692
597.50 C 20260805 -1.00 -1.00 2 71 0.5841 0.0217 0.002102
600.00 C 20260805 -1.00 -1.00 445 126 0.6001 0.0197 0.001888
602.50 C 20260805 -1.00 -1.00 2 19 0.6093 0.0167 0.001613
605.00 C 20260805 -1.00 -1.00 25 29 0.6230 0.0145 0.001409
607.50 C 20260805 -1.00 -1.00 31 18 0.6474 0.0145 0.001355
610.00 C 20260805 -1.00 -1.00 37 303 0.6318 0.0104 0.001036
612.50 C 20260805 -1.00 -1.00 54 17 0.6360 0.0088 0.000885
615.00 C 20260805 -1.00 -1.00 64 24 0.6401 0.0072 0.000737
617.50 C 20260805 -1.00 -1.00 24 21 0.6493 0.0061 0.000629
620.00 C 20260805 -1.00 -1.00 47 49 0.6634 0.0055 0.000563
622.50 C 20260805 -1.00 -1.00 93 98 0.6826 0.0054 0.000536
625.00 C 20260805 -1.00 -1.00 82 68 0.6768 0.0039 0.000409
627.50 C 20260805 -1.00 -1.00 82 128 0.6798 0.0034 0.000353
630.00 C 20260805 -1.00 -1.00 385 66 0.7104 0.0038 0.000373
632.50 C 20260805 -1.00 -1.00 66 41 0.7534 0.0045 0.000419
635.00 C 20260805 -1.00 -1.00 38 82 0.9533 0.0200 0.001200
637.50 C 20260805 -1.00 -1.00 38 8 0.8507 0.0087 0.000653
640.00 C 20260805 -1.00 -1.00 40 9 0.9954 0.0192 0.001113
642.50 C 20260805 -1.00 -1.00 46 6 0.8429 0.0053 0.000426
645.00 C 20260805 -1.00 -1.00 18 18 1.0586 0.0210 0.001126
647.50 C 20260805 -1.00 -1.00 15 5 1.1517 0.0280 0.001331
650.00 C 20260805 -1.00 -1.00 9 44 0.9079 0.0057 0.000421
652.50 C 20260805 -1.00 -1.00 10 1 0.9212 0.0052 0.000388
655.00 C 20260805 -1.00 -1.00 6 0 0.9345 0.0048 0.000357
657.50 C 20260805 -1.00 -1.00 -1 0 1.2334 0.0263 0.001177
660.00 C 20260805 -1.00 -1.00 6 3 0.9951 0.0062 0.000416
662.50 C 20260805 -1.00 -1.00 6 2 1.2717 0.0254 0.001106
665.00 C 20260805 -1.00 -1.00 1 1 0.9113 0.0022 0.000175
667.50 C 20260805 -1.00 -1.00 2 1 1.0438 0.0057 0.000365
670.00 C 20260805 -1.00 -1.00 2 2 1.3380 0.0249 0.001034
672.50 C 20260805 -1.00 -1.00 -1 0 1.3578 0.0246 0.001007
675.00 C 20260805 -1.00 -1.00 -1 0 1.3776 0.0243 0.000982
677.50 C 20260805 -1.00 -1.00 -1 0 1.3952 0.0238 0.000953
680.00 C 20260805 -1.00 -1.00 -1 0 1.4211 0.0241 0.000944
682.50 C 20260805 -1.00 -1.00 -1 0 1.4406 0.0238 0.000921
685.00 C 20260805 -1.00 -1.00 -1 0 1.4601 0.0235 0.000900
687.50 C 20260805 -1.00 -1.00 -1 0 1.4795 0.0232 0.000879
690.00 C 20260805 -1.00 -1.00 -1 0 1.4989 0.0230 0.000859
692.50 C 20260805 -1.00 -1.00 2 1 1.6275 0.0309 0.001024
425.00 P 20260805 -1.00 -1.00 817 427 1.2147 -0.0028 0.000166
427.50 P 20260805 -1.00 -1.00 344 182 1.2063 -0.0031 0.000185
430.00 P 20260805 -1.00 -1.00 8424 32 1.1640 -0.0029 0.000180
432.50 P 20260805 -1.00 -1.00 222 25 1.1727 -0.0035 0.000213
435.00 P 20260805 -1.00 -1.00 13 2 1.1308 -0.0033 0.000209
437.50 P 20260805 -1.00 -1.00 78 43 1.1261 -0.0039 0.000245
440.00 P 20260805 -1.00 -1.00 147 71 1.0987 -0.0040 0.000255
442.50 P 20260805 -1.00 -1.00 30 33 1.0897 -0.0049 0.000307
445.00 P 20260805 -1.00 -1.00 35 16 1.0867 -0.0061 0.000373
447.50 P 20260805 -1.00 -1.00 10 16 1.0536 -0.0060 0.000378
450.00 P 20260805 -1.00 -1.00 233 177 1.0327 -0.0064 0.000409
452.50 P 20260805 -1.00 -1.00 159 6 1.0000 -0.0063 0.000416
455.00 P 20260805 -1.00 -1.00 183 35 1.0093 -0.0081 0.000520
457.50 P 20260805 -1.00 -1.00 36 93 0.9708 -0.0077 0.000519
460.00 P 20260805 -1.00 -1.00 113 27 0.9623 -0.0088 0.000589
462.50 P 20260805 -1.00 -1.00 7 10 0.9842 -0.0117 0.000745
465.00 P 20260805 -1.00 -1.00 5 39 0.9547 -0.0121 0.000785
467.50 P 20260805 -1.00 -1.00 23 35 0.9253 -0.0124 0.000829
470.00 P 20260805 -1.00 -1.00 134 73 0.9088 -0.0141 0.000940
472.50 P 20260805 -1.00 -1.00 18 48 0.8873 -0.0154 0.001034
475.00 P 20260805 -1.00 -1.00 1732 27 0.8784 -0.0181 0.001199
477.50 P 20260805 -1.00 -1.00 25 33 0.8596 -0.0198 0.001323
480.00 P 20260805 -1.00 -1.00 142 64 0.8509 -0.0226 0.001504
482.50 P 20260805 -1.00 -1.00 27 155 0.8298 -0.0241 0.001636
485.00 P 20260805 -1.00 -1.00 581 173 0.8138 -0.0263 0.001803
487.50 P 20260805 -1.00 -1.00 36 18 0.8085 -0.0310 0.002075
490.00 P 20260805 -1.00 -1.00 501 192 0.7749 -0.0318 0.002209
492.50 P 20260805 -1.00 -1.00 4 445 0.7650 -0.0379 0.002566
495.00 P 20260805 -1.00 -1.00 473 22 0.7477 -0.0425 0.002883
497.50 P 20260805 -1.00 -1.00 61 48 0.7330 -0.0480 0.003245
500.00 P 20260805 -1.00 -1.00 647 468 0.7233 -0.0546 0.003668
502.50 P 20260805 -1.00 -1.00 64 48 0.7304 -0.0652 0.004217
505.00 P 20260805 -1.00 -1.00 69 215 0.7027 -0.0711 0.004654
507.50 P 20260805 -1.00 -1.00 228 183 0.6941 -0.0838 0.005299
510.00 P 20260805 -1.00 -1.00 892 83 0.6625 -0.0894 0.005823
512.50 P 20260805 -1.00 -1.00 31 119 0.6639 -0.1061 0.006620
515.00 P 20260805 -1.00 -1.00 73 187 0.6464 -0.1173 0.007355
517.50 P 20260805 -1.00 -1.00 22 207 0.6447 -0.1370 0.008210
520.00 P 20260805 -1.00 -1.00 144 318 0.6312 -0.1567 0.009110
522.50 P 20260805 -1.00 -1.00 20 34 0.6169 -0.1770 0.010081
525.00 P 20260805 -1.00 -1.00 350 1464 0.6123 -0.2014 0.011081
527.50 P 20260805 -1.00 -1.00 9 331 0.6107 -0.2290 0.012038
530.00 P 20260805 -1.00 -1.00 678 277 0.5969 -0.2585 0.013014
532.50 P 20260805 -1.00 -1.00 358 185 0.5937 -0.2924 0.013893
535.00 P 20260805 -1.00 -1.00 1359 132 0.5904 -0.3266 0.014791
537.50 P 20260805 -1.00 -1.00 35 216 0.5765 -0.3613 0.015758
540.00 P 20260805 -1.00 -1.00 82 64 0.5667 -0.4009 0.016389
542.50 P 20260805 -1.00 -1.00 60 3 0.5554 -0.4417 0.017099
545.00 P 20260805 -1.00 -1.00 325 66 0.5593 -0.4842 0.017374
547.50 P 20260805 -1.00 -1.00 28 5 0.5472 -0.5272 0.017547
550.00 P 20260805 -1.00 -1.00 72 153 0.5400 -0.5713 0.017469
552.50 P 20260805 -1.00 -1.00 1 132 0.5297 -0.6174 0.017474
555.00 P 20260805 -1.00 -1.00 1 4 0.5214 -0.6609 0.016995
557.50 P 20260805 -1.00 -1.00 6 3 0.5226 -0.6996 0.016005
560.00 P 20260805 -1.00 -1.00 10 11 0.4984 -0.7504 0.015483
562.50 P 20260805 -1.00 -1.00 4 4 0.5277 -0.7726 0.013931
565.00 P 20260805 -1.00 -1.00 17 35 0.4786 -0.8268 0.012907
567.50 P 20260805 -1.00 -1.00 4 17 0.5196 -0.8358 0.011505
570.00 P 20260805 -1.00 -1.00 13 31 0.5251 -0.8626 0.010272
572.50 P 20260805 -1.00 -1.00 1 0 0.5181 -0.8855 0.009066
575.00 P 20260805 -1.00 -1.00 1 7 0.5106 -0.9092 0.007787
577.50 P 20260805 -1.00 -1.00 1 1 0.5258 -0.9216 0.006835
580.00 P 20260805 -1.00 -1.00 2 16 0.5016 -0.9446 0.005515
582.50 P 20260805 -1.00 -1.00 2 1 0.5055 -0.9551 0.004653
585.00 P 20260805 -1.00 -1.00 1 113 0.5028 -0.9681 0.003666
587.50 P 20260805 -1.00 -1.00 -1 0 0.4821 -0.9795 0.002742
590.00 P 20260805 -1.00 -1.00 2 2 0.5519 -0.9706 0.003118
592.50 P 20260805 -1.00 -1.00 -1 0 0.5939 -0.9676 0.003109
595.00 P 20260805 -1.00 -1.00 1 1 0.5626 -0.9793 0.002319
597.50 P 20260805 -1.00 -1.00 4 3 0.5260 -0.9911 0.001430
600.00 P 20260805 -1.00 -1.00 1 1 0.5129 -0.9951 0.000997
602.50 P 20260805 -1.00 -1.00 1 2 0.5656 -0.9917 0.001250
605.00 P 20260805 -1.00 -1.00 5 1 -1.0000 -1.0000 -1.000000
607.50 P 20260805 -1.00 -1.00 1 3 -1.0000 -1.0000 -1.000000
610.00 P 20260805 -1.00 -1.00 3 3 -1.0000 -1.0000 -1.000000
612.50 P 20260805 -1.00 -1.00 1 4 -1.0000 -1.0000 -1.000000
615.00 P 20260805 -1.00 -1.00 2 4 -1.0000 -1.0000 -1.000000
617.50 P 20260805 -1.00 -1.00 1 1 -1.0000 -1.0000 -1.000000
620.00 P 20260805 -1.00 -1.00 -1 0 -1.0000 -1.0000 -1.000000
622.50 P 20260805 -1.00 -1.00 -1 0 -1.0000 -1.0000 -1.000000
625.00 P 20260805 -1.00 -1.00 1 0 -1.0000 -1.0000 -1.000000
627.50 P 20260805 -1.00 -1.00 1 0 -1.0000 -1.0000 -1.000000
630.00 P 20260805 -1.00 -1.00 1 1 -1.0000 -1.0000 -1.000000
632.50 P 20260805 -1.00 -1.00 -1 0 -1.0000 -1.0000 -1.000000
635.00 P 20260805 -1.00 -1.00 -1 0 -1.0000 -1.0000 -1.000000
637.50 P 20260805 -1.00 -1.00 1 0 -1.0000 -1.0000 -1.000000
640.00 P 20260805 -1.00 -1.00 1 0 -1.0000 -1.0000 -1.000000
642.50 P 20260805 -1.00 -1.00 -1 0 -1.0000 -1.0000 -1.000000
645.00 P 20260805 -1.00 -1.00 1 0 -1.0000 -1.0000 -1.000000
647.50 P 20260805 -1.00 -1.00 1 0 -1.0000 -1.0000 -1.000000
650.00 P 20260805 -1.00 -1.00 1 0 -1.0000 -1.0000 -1.000000
652.50 P 20260805 -1.00 -1.00 -1 0 -1.0000 -1.0000 -1.000000
655.00 P 20260805 -1.00 -1.00 1 0 -1.0000 -1.0000 -1.000000
657.50 P 20260805 -1.00 -1.00 1 0 -1.0000 -1.0000 -1.000000
660.00 P 20260805 -1.00 -1.00 -1 0 -1.0000 -1.0000 -1.000000
662.50 P 20260805 -1.00 -1.00 -1 0 -1.0000 -1.0000 -1.000000
665.00 P 20260805 -1.00 -1.00 -1 0 -1.0000 -1.0000 -1.000000
667.50 P 20260805 -1.00 -1.00 -1 0 -1.0000 -1.0000 -1.000000
670.00 P 20260805 -1.00 -1.00 1 0 -1.0000 -1.0000 -1.000000
672.50 P 20260805 -1.00 -1.00 -1 0 -1.0000 -1.0000 -1.000000
675.00 P 20260805 -1.00 -1.00 -1 0 -1.0000 -1.0000 -1.000000
677.50 P 20260805 -1.00 -1.00 -1 0 -1.0000 -1.0000 -1.000000
680.00 P 20260805 -1.00 -1.00 1 0 -1.0000 -1.0000 -1.000000
682.50 P 20260805 -1.00 -1.00 -1 0 -1.0000 -1.0000 -1.000000
685.00 P 20260805 -1.00 -1.00 -1 0 -1.0000 -1.0000 -1.000000
687.50 P 20260805 -1.00 -1.00 1 0 -1.0000 -1.0000 -1.000000
690.00 P 20260805 -1.00 -1.00 1 0 -1.0000 -1.0000 -1.000000
692.50 P 20260805 -1.00 -1.00 -1 0 -1.0000 -1.0000 -1.000000
400.00 C 20260807 -1.00 -1.00 2 2 1.3946 0.9853 0.000454
402.50 C 20260807 -1.00 -1.00 -1 0 1.3692 0.9851 0.000469
405.00 C 20260807 -1.00 -1.00 1 0 1.3539 0.9842 0.000498
407.50 C 20260807 -1.00 -1.00 -1 0 1.3288 0.9840 0.000514
410.00 C 20260807 -1.00 -1.00 -1 0 1.3136 0.9831 0.000545
412.50 C 20260807 -1.00 -1.00 -1 0 1.2888 0.9828 0.000564
415.00 C 20260807 -1.00 -1.00 1 1 1.2641 0.9825 0.000583
417.50 C 20260807 -1.00 -1.00 -1 0 1.2396 0.9822 0.000603
420.00 C 20260807 -1.00 -1.00 4 4 1.2249 0.9813 0.000640
422.50 C 20260807 -1.00 -1.00 -1 0 1.2296 0.9789 0.000708
425.00 C 20260807 -1.00 -1.00 1 6 1.1862 0.9799 0.000703
427.50 C 20260807 -1.00 -1.00 -1 0 1.1622 0.9796 0.000728
430.00 C 20260807 -1.00 -1.00 5 5 1.1479 0.9785 0.000772
432.50 C 20260807 -1.00 -1.00 -1 0 1.1337 0.9774 0.000817
435.00 C 20260807 -1.00 -1.00 1 1 1.1101 0.9769 0.000849
437.50 C 20260807 -1.00 -1.00 -1 0 1.0961 0.9758 0.000898
440.00 C 20260807 -1.00 -1.00 1 4 1.0728 0.9753 0.000934
442.50 C 20260807 -1.00 -1.00 -1 0 1.0683 0.9734 0.001004
445.00 C 20260807 -1.00 -1.00 -1 0 1.0484 0.9721 0.001061
447.50 C 20260807 -1.00 -1.00 2 2 1.0225 0.9716 0.001104
450.00 C 20260807 -1.00 -1.00 4 7 1.0061 0.9695 0.001185
452.50 C 20260807 -1.00 -1.00 -1 0 0.9805 0.9688 0.001237
455.00 C 20260807 -1.00 -1.00 -1 0 0.9597 0.9674 0.001309
457.50 C 20260807 -1.00 -1.00 -1 0 0.9436 0.9651 0.001405
460.00 C 20260807 -1.00 -1.00 2 4 0.9276 0.9627 0.001506
462.50 C 20260807 -1.00 -1.00 -1 0 0.9025 0.9618 0.001578
465.00 C 20260807 -1.00 -1.00 2 2 0.8867 0.9593 0.001692
467.50 C 20260807 -1.00 -1.00 7 7 0.8710 0.9566 0.001812
470.00 C 20260807 -1.00 -1.00 8 9 0.8828 0.9493 0.002038
472.50 C 20260807 -1.00 -1.00 6 6 0.8444 0.9503 0.002094
475.00 C 20260807 -1.00 -1.00 1 10 0.8335 0.9466 0.002254
477.50 C 20260807 -1.00 -1.00 21 20 0.8181 0.9436 0.002407
480.00 C 20260807 -1.00 -1.00 28 35 0.7893 0.9428 0.002524
482.50 C 20260807 -1.00 -1.00 -1 0 0.7967 0.9342 0.002797
485.00 C 20260807 -1.00 -1.00 21 11 0.7792 0.9292 0.003011
487.50 C 20260807 -1.00 -1.00 8 8 0.7773 0.9195 0.003309
490.00 C 20260807 -1.00 -1.00 10 27 0.7677 0.9119 0.003583
492.50 C 20260807 -1.00 -1.00 2 1 0.7555 0.9049 0.003861
495.00 C 20260807 -1.00 -1.00 1 26 0.7511 0.8955 0.004175
497.50 C 20260807 -1.00 -1.00 6 3 0.7417 0.8874 0.004486
500.00 C 20260807 -1.00 -1.00 6 41 0.7220 0.8815 0.004796
502.50 C 20260807 -1.00 -1.00 1 5 0.7234 0.8673 0.005167
505.00 C 20260807 -1.00 -1.00 4 370 0.6810 0.8663 0.005515
507.50 C 20260807 -1.00 -1.00 6 60 0.6726 0.8521 0.005938
510.00 C 20260807 -1.00 -1.00 7 119 0.6626 0.8383 0.006382
512.50 C 20260807 -1.00 -1.00 12 33 0.6426 0.8274 0.006867
515.00 C 20260807 -1.00 -1.00 2 60 0.6394 0.8103 0.007352
517.50 C 20260807 -1.00 -1.00 18 10 0.6380 0.7925 0.007840
520.00 C 20260807 -1.00 -1.00 2 57 0.6404 0.7710 0.008260
522.50 C 20260807 -1.00 -1.00 2 31 0.6325 0.7500 0.008710
525.00 C 20260807 -1.00 -1.00 72 671 0.6182 0.7303 0.009242
527.50 C 20260807 -1.00 -1.00 65 41 0.6167 0.7063 0.009668
530.00 C 20260807 -1.00 -1.00 20 281 0.6126 0.6828 0.010131
532.50 C 20260807 -1.00 -1.00 8 338 0.6111 0.6585 0.010568
535.00 C 20260807 -1.00 -1.00 177 302 0.5992 0.6327 0.010947
537.50 C 20260807 -1.00 -1.00 15 287 0.5928 0.6051 0.011247
540.00 C 20260807 -1.00 -1.00 217 1281 0.5886 0.5767 0.011514
542.50 C 20260807 -1.00 -1.00 125 647 0.5878 0.5478 0.011722
545.00 C 20260807 -1.00 -1.00 463 1174 0.5912 0.5189 0.011844
547.50 C 20260807 -1.00 -1.00 67 120 0.5855 0.4899 0.011875
550.00 C 20260807 -1.00 -1.00 471 1574 0.5745 0.4599 0.011968
552.50 C 20260807 -1.00 -1.00 53 333 0.5753 0.4306 0.011817
555.00 C 20260807 -1.00 -1.00 192 574 0.5741 0.4010 0.011709
557.50 C 20260807 -1.00 -1.00 66 31 0.5792 0.3730 0.011480
560.00 C 20260807 -1.00 -1.00 799 898 0.5731 0.3455 0.011207
562.50 C 20260807 -1.00 -1.00 67 348 0.5687 0.3185 0.010863
565.00 C 20260807 -1.00 -1.00 221 1182 0.5668 0.2920 0.010475
567.50 C 20260807 -1.00 -1.00 81 614 0.5685 0.2669 0.010042
570.00 C 20260807 -1.00 -1.00 468 1494 0.5726 0.2431 0.009592
572.50 C 20260807 -1.00 -1.00 58 1048 0.5688 0.2215 0.009097
575.00 C 20260807 -1.00 -1.00 1669 2732 0.5616 0.1989 0.008586
577.50 C 20260807 -1.00 -1.00 8 599 0.5605 0.1786 0.008038
580.00 C 20260807 -1.00 -1.00 536 793 0.5693 0.1632 0.007494
582.50 C 20260807 -1.00 -1.00 26 121 0.5725 0.1454 0.006968
585.00 C 20260807 -1.00 -1.00 298 922 0.5688 0.1295 0.006454
587.50 C 20260807 -1.00 -1.00 18 104 0.5660 0.1155 0.005939
590.00 C 20260807 -1.00 -1.00 78 547 0.5656 0.1023 0.005430
592.50 C 20260807 -1.00 -1.00 48 211 0.5679 0.0904 0.004945
595.00 C 20260807 -1.00 -1.00 19 632 0.5753 0.0810 0.004520
597.50 C 20260807 -1.00 -1.00 15 153 0.5854 0.0731 0.004146
600.00 C 20260807 -1.00 -1.00 446 1440 0.5724 0.0621 0.003691
602.50 C 20260807 -1.00 -1.00 9 124 0.5759 0.0558 0.003359
605.00 C 20260807 -1.00 -1.00 35 839 0.5723 0.0473 0.002958
607.50 C 20260807 -1.00 -1.00 1 95 0.5790 0.0422 0.002672
610.00 C 20260807 -1.00 -1.00 181 1117 0.5825 0.0362 0.002359
612.50 C 20260807 -1.00 -1.00 1 140 0.5845 0.0315 0.002104
615.00 C 20260807 -1.00 -1.00 30 864 0.5909 0.0291 0.001938
617.50 C 20260807 -1.00 -1.00 4 135 0.5878 0.0250 0.001705
620.00 C 20260807 -1.00 -1.00 256 462 0.5926 0.0224 0.001536
622.50 C 20260807 -1.00 -1.00 22 85 0.5927 0.0189 0.001329
625.00 C 20260807 -1.00 -1.00 12 241 0.5990 0.0167 0.001184
627.50 C 20260807 -1.00 -1.00 2 47 0.5949 0.0129 0.000966
630.00 C 20260807 -1.00 -1.00 69 429 0.6176 0.0135 0.000972
632.50 C 20260807 -1.00 -1.00 12 91 0.6219 0.0124 0.000889
635.00 C 20260807 -1.00 -1.00 27 161 0.6138 0.0102 0.000756
637.50 C 20260807 -1.00 -1.00 2 124 0.6236 0.0097 0.000709
640.00 C 20260807 -1.00 -1.00 36 170 0.6227 0.0082 0.000610
642.50 C 20260807 -1.00 -1.00 8 45 0.6860 0.0123 0.000803
645.00 C 20260807 -1.00 -1.00 9 112 0.6280 0.0059 0.000453
647.50 C 20260807 -1.00 -1.00 3 177 0.6625 0.0077 0.000546
650.00 C 20260807 -1.00 -1.00 56 223 0.6509 0.0053 0.000402
652.50 C 20260807 -1.00 -1.00 15 6 0.6746 0.0062 0.000443
655.00 C 20260807 -1.00 -1.00 7 53 0.6688 0.0045 0.000339
657.50 C 20260807 -1.00 -1.00 481 2 0.6706 0.0041 0.000309
660.00 C 20260807 -1.00 -1.00 43 1181 0.7032 0.0050 0.000352
662.50 C 20260807 -1.00 -1.00 2 0 0.6839 0.0036 0.000271
665.00 C 20260807 -1.00 -1.00 88 118 0.6857 0.0032 0.000243
667.50 C 20260807 -1.00 -1.00 1 5 0.6875 0.0029 0.000215
670.00 C 20260807 -1.00 -1.00 6 236 0.7085 0.0031 0.000228
672.50 C 20260807 -1.00 -1.00 5 3 0.7198 0.0031 0.000222
675.00 C 20260807 -1.00 -1.00 2 723 0.7310 0.0031 0.000215
677.50 C 20260807 -1.00 -1.00 4 354 0.7709 0.0039 0.000259
680.00 C 20260807 -1.00 -1.00 31 557 0.7630 0.0033 0.000221
685.00 C 20260807 -1.00 -1.00 1 32 0.7852 0.0032 0.000209
690.00 C 20260807 -1.00 -1.00 2 215 0.8167 0.0034 0.000213
400.00 P 20260807 -1.00 -1.00 10451 30614 1.1652 -0.0046 0.000196
402.50 P 20260807 -1.00 -1.00 9 115 1.1527 -0.0050 0.000215
405.00 P 20260807 -1.00 -1.00 84 637 1.1402 -0.0055 0.000234
407.50 P 20260807 -1.00 -1.00 12 10 1.0912 -0.0045 0.000204
410.00 P 20260807 -1.00 -1.00 274 3528 1.1018 -0.0059 0.000257
412.50 P 20260807 -1.00 -1.00 1 13 1.0942 -0.0065 0.000285
415.00 P 20260807 -1.00 -1.00 6 1104 1.0730 -0.0067 0.000296
417.50 P 20260807 -1.00 -1.00 5 11 1.1333 -0.0100 0.000406
420.00 P 20260807 -1.00 -1.00 125 479 1.0129 -0.0061 0.000291
422.50 P 20260807 -1.00 -1.00 8 6 1.0371 -0.0082 0.000371
425.00 P 20260807 -1.00 -1.00 104 5243 1.0433 -0.0095 0.000421
427.50 P 20260807 -1.00 -1.00 14 11 1.0315 -0.0100 0.000449
430.00 P 20260807 -1.00 -1.00 832 748 1.0019 -0.0099 0.000455
432.50 P 20260807 -1.00 -1.00 3 86 1.0093 -0.0123 0.000542
435.00 P 20260807 -1.00 -1.00 30 192 0.9864 -0.0125 0.000564
437.50 P 20260807 -1.00 -1.00 1 10 0.9769 -0.0141 0.000627
440.00 P 20260807 -1.00 -1.00 1570 2371 0.9392 -0.0129 0.000606
442.50 P 20260807 -1.00 -1.00 1 29 0.9356 -0.0151 0.000694
445.00 P 20260807 -1.00 -1.00 72 240 0.9207 -0.0162 0.000749
447.50 P 20260807 -1.00 -1.00 1 536 0.9041 -0.0171 0.000801
450.00 P 20260807 -1.00 -1.00 1388 1871 0.8875 -0.0181 0.000856
452.50 P 20260807 -1.00 -1.00 10 114 0.8915 -0.0212 0.000979
455.00 P 20260807 -1.00 -1.00 21 1094 0.8640 -0.0211 0.001007
457.50 P 20260807 -1.00 -1.00 147 24 0.8514 -0.0226 0.001086
460.00 P 20260807 -1.00 -1.00 79 1942 0.8388 -0.0241 0.001168
462.50 P 20260807 -1.00 -1.00 19 76 0.8245 -0.0255 0.001249
465.00 P 20260807 -1.00 -1.00 30 337 0.8218 -0.0286 0.001383
467.50 P 20260807 -1.00 -1.00 15 56 0.8165 -0.0332 0.001563
470.00 P 20260807 -1.00 -1.00 216 5068 0.7839 -0.0324 0.001598
472.50 P 20260807 -1.00 -1.00 33 130 0.7806 -0.0377 0.001807
475.00 P 20260807 -1.00 -1.00 97 654 0.7710 -0.0418 0.001987
477.50 P 20260807 -1.00 -1.00 16 28 0.7505 -0.0437 0.002119
480.00 P 20260807 -1.00 -1.00 277 1238 0.7419 -0.0482 0.002324
482.50 P 20260807 -1.00 -1.00 6 40 0.7361 -0.0533 0.002550
485.00 P 20260807 -1.00 -1.00 139 563 0.7329 -0.0590 0.002793
487.50 P 20260807 -1.00 -1.00 26 139 0.7234 -0.0643 0.003033
490.00 P 20260807 -1.00 -1.00 137 730 0.7078 -0.0702 0.003298
492.50 P 20260807 -1.00 -1.00 4 212 0.6985 -0.0785 0.003618
495.00 P 20260807 -1.00 -1.00 186 343 0.6862 -0.0860 0.003939
497.50 P 20260807 -1.00 -1.00 243 148 0.6785 -0.0951 0.004300
500.00 P 20260807 -1.00 -1.00 2431 5304 0.6755 -0.1059 0.004690
502.50 P 20260807 -1.00 -1.00 78 197 0.6669 -0.1151 0.005075
505.00 P 20260807 -1.00 -1.00 145 465 0.6648 -0.1275 0.005494
507.50 P 20260807 -1.00 -1.00 23 130 0.6511 -0.1398 0.005930
510.00 P 20260807 -1.00 -1.00 375 2298 0.6450 -0.1555 0.006396
512.50 P 20260807 -1.00 -1.00 24 517 0.6368 -0.1707 0.006882
515.00 P 20260807 -1.00 -1.00 1211 1180 0.6304 -0.1868 0.007385
517.50 P 20260807 -1.00 -1.00 10 474 0.6273 -0.2044 0.007893
520.00 P 20260807 -1.00 -1.00 185 1824 0.6246 -0.2236 0.008386
522.50 P 20260807 -1.00 -1.00 14 128 0.6142 -0.2442 0.008877
525.00 P 20260807 -1.00 -1.00 135 778 0.6076 -0.2667 0.009358
527.50 P 20260807 -1.00 -1.00 454 441 0.6011 -0.2897 0.009857
530.00 P 20260807 -1.00 -1.00 312 9301 0.6022 -0.3150 0.010276
532.50 P 20260807 -1.00 -1.00 21 42 0.5957 -0.3388 0.010803
535.00 P 20260807 -1.00 -1.00 128 12389 0.5922 -0.3664 0.011083
537.50 P 20260807 -1.00 -1.00 28 93 0.5837 -0.3940 0.011430
540.00 P 20260807 -1.00 -1.00 119 839 0.5796 -0.4229 0.011704
542.50 P 20260807 -1.00 -1.00 21 325 0.5799 -0.4523 0.011897
545.00 P 20260807 -1.00 -1.00 76 1856 0.5822 -0.4818 0.012048
547.50 P 20260807 -1.00 -1.00 6 125 0.5764 -0.5112 0.012081
550.00 P 20260807 -1.00 -1.00 2558 4098 0.5708 -0.5412 0.012064
552.50 P 20260807 -1.00 -1.00 8 168 0.5685 -0.5712 0.011978
555.00 P 20260807 -1.00 -1.00 1 202 0.5640 -0.6019 0.011933
557.50 P 20260807 -1.00 -1.00 2 56 0.5559 -0.6340 0.011930
560.00 P 20260807 -1.00 -1.00 9 391 0.5467 -0.6632 0.011649
562.50 P 20260807 -1.00 -1.00 4 37 0.5351 -0.6943 0.011377
565.00 P 20260807 -1.00 -1.00 16 117 0.5442 -0.7180 0.010794
567.50 P 20260807 -1.00 -1.00 3 45 0.5325 -0.7506 0.010481
570.00 P 20260807 -1.00 -1.00 9 2146 0.5507 -0.7669 0.009792
572.50 P 20260807 -1.00 -1.00 1 35 0.5026 -0.8095 0.009429
575.00 P 20260807 -1.00 -1.00 2 176 0.5254 -0.8197 0.008715
577.50 P 20260807 -1.00 -1.00 9 58 0.5419 -0.8322 0.008091
580.00 P 20260807 -1.00 -1.00 2 551 0.5051 -0.8705 0.007403
582.50 P 20260807 -1.00 -1.00 1 43 0.5347 -0.8723 0.006908
585.00 P 20260807 -1.00 -1.00 32 57 0.5150 -0.8951 0.006213
587.50 P 20260807 -1.00 -1.00 2 76 0.5281 -0.9032 0.005723
590.00 P 20260807 -1.00 -1.00 6 39 0.5173 -0.9229 0.005018
592.50 P 20260807 -1.00 -1.00 14 34 0.5080 -0.9371 0.004407
595.00 P 20260807 -1.00 -1.00 2 16 0.4983 -0.9491 0.003824
597.50 P 20260807 -1.00 -1.00 2 30 0.4879 -0.9620 0.003177
600.00 P 20260807 -1.00 -1.00 2 70 0.4880 -0.9705 0.002685
602.50 P 20260807 -1.00 -1.00 1 18 0.4607 -0.9817 0.002040
605.00 P 20260807 -1.00 -1.00 10 61 0.5033 -0.9759 0.002238
607.50 P 20260807 -1.00 -1.00 2 13 0.4929 -0.9827 0.001809
610.00 P 20260807 -1.00 -1.00 1 50 0.4496 -0.9952 0.001002
612.50 P 20260807 -1.00 -1.00 1 7 -1.0000 -1.0000 -1.000000
615.00 P 20260807 -1.00 -1.00 1 136 -1.0000 -1.0000 -1.000000
617.50 P 20260807 -1.00 -1.00 1 18 -1.0000 -1.0000 -1.000000
620.00 P 20260807 -1.00 -1.00 2 85 -1.0000 -1.0000 -1.000000
622.50 P 20260807 -1.00 -1.00 26 15 -1.0000 -1.0000 -1.000000
625.00 P 20260807 -1.00 -1.00 1 24 -1.0000 -1.0000 -1.000000
627.50 P 20260807 -1.00 -1.00 5 13 -1.0000 -1.0000 -1.000000
630.00 P 20260807 -1.00 -1.00 3 19 -1.0000 -1.0000 -1.000000
632.50 P 20260807 -1.00 -1.00 2 4 -1.0000 -1.0000 -1.000000
635.00 P 20260807 -1.00 -1.00 2 11 -1.0000 -1.0000 -1.000000
637.50 P 20260807 -1.00 -1.00 4 0 -1.0000 -1.0000 -1.000000
640.00 P 20260807 -1.00 -1.00 1 5 -1.0000 -1.0000 -1.000000
642.50 P 20260807 -1.00 -1.00 2 1 -1.0000 -1.0000 -1.000000
645.00 P 20260807 -1.00 -1.00 4 3 -1.0000 -1.0000 -1.000000
647.50 P 20260807 -1.00 -1.00 2 0 -1.0000 -1.0000 -1.000000
650.00 P 20260807 -1.00 -1.00 2 0 -1.0000 -1.0000 -1.000000
652.50 P 20260807 -1.00 -1.00 -1 0 -1.0000 -1.0000 -1.000000
655.00 P 20260807 -1.00 -1.00 124 0 -1.0000 -1.0000 -1.000000
657.50 P 20260807 -1.00 -1.00 -1 0 -1.0000 -1.0000 -1.000000
660.00 P 20260807 -1.00 -1.00 1 0 -1.0000 -1.0000 -1.000000
662.50 P 20260807 -1.00 -1.00 -1 0 -1.0000 -1.0000 -1.000000
665.00 P 20260807 -1.00 -1.00 2 0 -1.0000 -1.0000 -1.000000
667.50 P 20260807 -1.00 -1.00 -1 0 -1.0000 -1.0000 -1.000000
670.00 P 20260807 -1.00 -1.00 1 0 -1.0000 -1.0000 -1.000000
672.50 P 20260807 -1.00 -1.00 2 0 -1.0000 -1.0000 -1.000000
675.00 P 20260807 -1.00 -1.00 2 0 -1.0000 -1.0000 -1.000000
677.50 P 20260807 -1.00 -1.00 -1 0 -1.0000 -1.0000 -1.000000
680.00 P 20260807 -1.00 -1.00 1 0 -1.0000 -1.0000 -1.000000
685.00 P 20260807 -1.00 -1.00 2 0 -1.0000 -1.0000 -1.000000
690.00 P 20260807 -1.00 -1.00 -1 0 -1.0000 -1.0000 -1.000000
400.00 C 20260810 -1.00 -1.00 -1 0 1.0532 0.9862 0.000434
402.50 C 20260810 -1.00 -1.00 -1 0 0.9872 0.9901 0.000353
405.00 C 20260810 -1.00 -1.00 -1 0 0.9766 0.9892 0.000382
407.50 C 20260810 -1.00 -1.00 -1 0 0.9574 0.9891 0.000393
410.00 C 20260810 -1.00 -1.00 -1 0 0.9459 0.9882 0.000424
412.50 C 20260810 -1.00 -1.00 -1 0 0.9269 0.9881 0.000438
415.00 C 20260810 -1.00 -1.00 1 1 0.9155 0.9872 0.000471
417.50 C 20260810 -1.00 -1.00 -1 0 0.8819 0.9885 0.000446
420.00 C 20260810 -1.00 -1.00 1 1 0.9373 0.9811 0.000644
422.50 C 20260810 -1.00 -1.00 -1 0 0.8596 0.9866 0.000520
425.00 C 20260810 -1.00 -1.00 -1 0 0.8632 0.9841 0.000601
427.50 C 20260810 -1.00 -1.00 -1 0 0.8522 0.9830 0.000642
430.00 C 20260810 -1.00 -1.00 -1 0 0.8412 0.9820 0.000685
432.50 C 20260810 -1.00 -1.00 -1 0 0.8303 0.9809 0.000731
435.00 C 20260810 -1.00 -1.00 -1 0 0.9024 0.9702 0.000986
437.50 C 20260810 -1.00 -1.00 -1 0 0.8087 0.9787 0.000828
440.00 C 20260810 -1.00 -1.00 -1 0 0.7763 0.9799 0.000819
442.50 C 20260810 -1.00 -1.00 -1 0 0.7874 0.9763 0.000934
445.00 C 20260810 -1.00 -1.00 -1 0 0.7840 0.9743 0.001009
447.50 C 20260810 -1.00 -1.00 -1 0 0.7732 0.9731 0.001068
450.00 C 20260810 -1.00 -1.00 2 1 0.7570 0.9718 0.001130
452.50 C 20260810 -1.00 -1.00 -1 0 0.7446 0.9697 0.001215
455.00 C 20260810 -1.00 -1.00 -1 0 0.7322 0.9675 0.001305
457.50 C 20260810 -1.00 -1.00 -1 0 0.7199 0.9652 0.001399
460.00 C 20260810 -1.00 -1.00 12 0 0.7147 0.9613 0.001534
462.50 C 20260810 -1.00 -1.00 -1 0 0.6989 0.9596 0.001624
465.00 C 20260810 -1.00 -1.00 -1 0 0.6903 0.9564 0.001753
467.50 C 20260810 -1.00 -1.00 -1 0 0.6888 0.9515 0.001918
470.00 C 20260810 -1.00 -1.00 -1 0 0.7082 0.9425 0.002159
472.50 C 20260810 -1.00 -1.00 198 99 0.6683 0.9453 0.002190
475.00 C 20260810 -1.00 -1.00 2 1 0.6822 0.9362 0.002435
477.50 C 20260810 -1.00 -1.00 -1 0 0.6565 0.9359 0.002538
480.00 C 20260810 -1.00 -1.00 -1 5 0.6509 0.9286 0.002763
482.50 C 20260810 -1.00 -1.00 -1 0 0.6314 0.9259 0.002925
485.00 C 20260810 -1.00 -1.00 -1 0 0.6200 0.9202 0.003143
487.50 C 20260810 -1.00 -1.00 2 1 0.6364 0.9052 0.003488
490.00 C 20260810 -1.00 -1.00 10 62 0.6191 0.9010 0.003704
492.50 C 20260810 -1.00 -1.00 -1 0 0.6157 0.8923 0.003979
495.00 C 20260810 -1.00 -1.00 24 2 0.6005 0.8871 0.004235
497.50 C 20260810 -1.00 -1.00 3 1 0.6079 0.8735 0.004550
500.00 C 20260810 -1.00 -1.00 3 2 0.5987 0.8626 0.004857
502.50 C 20260810 -1.00 -1.00 -1 0 0.5895 0.8514 0.005180
505.00 C 20260810 -1.00 -1.00 201 101 0.5714 0.8435 0.005525
507.50 C 20260810 -1.00 -1.00 201 100 0.5740 0.8269 0.005875
510.00 C 20260810 -1.00 -1.00 12 0 0.5675 0.8137 0.006243
512.50 C 20260810 -1.00 -1.00 -1 0 0.5560 0.8020 0.006646
515.00 C 20260810 -1.00 -1.00 92 46 0.5764 0.7780 0.006891
517.50 C 20260810 -1.00 -1.00 -1 0 0.5555 0.7658 0.007327
520.00 C 20260810 -1.00 -1.00 2 1 0.5591 0.7439 0.007596
522.50 C 20260810 -1.00 -1.00 1 1 0.5529 0.7253 0.007952
525.00 C 20260810 -1.00 -1.00 26 5 0.5352 0.7096 0.008450
527.50 C 20260810 -1.00 -1.00 6 5 0.5272 0.6903 0.008872
530.00 C 20260810 -1.00 -1.00 76 19 0.5289 0.6681 0.009180
532.50 C 20260810 -1.00 -1.00 8 1 0.5266 0.6449 0.009418
535.00 C 20260810 -1.00 -1.00 10 492 0.5200 0.6214 0.009677
537.50 C 20260810 -1.00 -1.00 1 13 0.5142 0.5972 0.009930
540.00 C 20260810 -1.00 -1.00 8 8 0.5094 0.5723 0.010175
542.50 C 20260810 -1.00 -1.00 6 13 0.5078 0.5469 0.010359
545.00 C 20260810 -1.00 -1.00 10 5 0.5104 0.5213 0.010460
547.50 C 20260810 -1.00 -1.00 4 54 0.5002 0.4954 0.010610
550.00 C 20260810 -1.00 -1.00 8 90 0.5009 0.4698 0.010501
552.50 C 20260810 -1.00 -1.00 5 163 0.4924 0.4427 0.010576
555.00 C 20260810 -1.00 -1.00 1 129 0.4931 0.4167 0.010463
557.50 C 20260810 -1.00 -1.00 361 55 0.4921 0.3903 0.010383
560.00 C 20260810 -1.00 -1.00 13 44 0.4927 0.3654 0.010206
562.50 C 20260810 -1.00 -1.00 1 6 0.4875 0.3409 0.009974
565.00 C 20260810 -1.00 -1.00 7 76 0.4712 0.3114 0.009890
567.50 C 20260810 -1.00 -1.00 7 6 0.4753 0.2896 0.009491
570.00 C 20260810 -1.00 -1.00 6 30 0.4821 0.2696 0.009073
572.50 C 20260810 -1.00 -1.00 14 126 0.4852 0.2481 0.008712
575.00 C 20260810 -1.00 -1.00 10 5 0.4818 0.2277 0.008334
577.50 C 20260810 -1.00 -1.00 4 20 0.4644 0.2012 0.007973
580.00 C 20260810 -1.00 -1.00 17 185 0.4769 0.1899 0.007486
582.50 C 20260810 -1.00 -1.00 3 4 0.4663 0.1658 0.007047
585.00 C 20260810 -1.00 -1.00 3 13 0.4763 0.1541 0.006607
587.50 C 20260810 -1.00 -1.00 6 19 0.4812 0.1403 0.006187
590.00 C 20260810 -1.00 -1.00 62 26 0.4848 0.1303 0.005796
592.50 C 20260810 -1.00 -1.00 8 4 0.4510 0.1015 0.005160
595.00 C 20260810 -1.00 -1.00 17 8 0.4830 0.1064 0.004988
597.50 C 20260810 -1.00 -1.00 -1 0 0.4516 0.0769 0.004243
600.00 C 20260810 -1.00 -1.00 14 18 0.4837 0.0836 0.004193
602.50 C 20260810 -1.00 -1.00 -1 0 0.4938 0.0778 0.003910
605.00 C 20260810 -1.00 -1.00 1 6 0.4637 0.0588 0.003321
607.50 C 20260810 -1.00 -1.00 2 4 0.4700 0.0544 0.003071
610.00 C 20260810 -1.00 -1.00 2 11 0.4768 0.0503 0.002839
612.50 C 20260810 -1.00 -1.00 2 0 0.4890 0.0483 0.002684
615.00 C 20260810 -1.00 -1.00 13 0 0.5148 0.0516 0.002687
617.50 C 20260810 -1.00 -1.00 -1 0 0.5085 0.0430 0.002354
620.00 C 20260810 -1.00 -1.00 1 10 0.5146 0.0391 0.002163
622.50 C 20260810 -1.00 -1.00 62 31 0.5302 0.0390 0.002093
625.00 C 20260810 -1.00 -1.00 1 13 0.4963 0.0263 0.001610
627.50 C 20260810 -1.00 -1.00 -1 0 0.5538 0.0359 0.001884
630.00 C 20260810 -1.00 -1.00 3 14 0.5656 0.0346 0.001794
632.50 C 20260810 -1.00 -1.00 2 1 0.5480 0.0282 0.001545
635.00 C 20260810 -1.00 -1.00 3 2 0.5841 0.0323 0.001636
637.50 C 20260810 -1.00 -1.00 2 3 0.5933 0.0313 0.001567
640.00 C 20260810 -1.00 -1.00 3 1 0.6025 0.0303 0.001501
642.50 C 20260810 -1.00 -1.00 2 1 0.6128 0.0296 0.001444
645.00 C 20260810 -1.00 -1.00 2 3 0.6219 0.0287 0.001385
647.50 C 20260810 -1.00 -1.00 2 1 0.6321 0.0280 0.001334
650.00 C 20260810 -1.00 -1.00 4 2 0.6422 0.0274 0.001286
652.50 C 20260810 -1.00 -1.00 7 6 0.6524 0.0268 0.001241
655.00 C 20260810 -1.00 -1.00 -1 0 0.6613 0.0260 0.001192
657.50 C 20260810 -1.00 -1.00 2 1 0.6748 0.0260 0.001168
660.00 C 20260810 -1.00 -1.00 -1 0 0.6848 0.0254 0.001129
662.50 C 20260810 -1.00 -1.00 -1 0 0.6948 0.0249 0.001092
665.00 C 20260810 -1.00 -1.00 -1 0 0.7059 0.0245 0.001062
667.50 C 20260810 -1.00 -1.00 -1 0 0.7180 0.0244 0.001039
670.00 C 20260810 -1.00 -1.00 -1 0 0.7279 0.0239 0.001006
672.50 C 20260810 -1.00 -1.00 2 2 0.7377 0.0234 0.000975
675.00 C 20260810 -1.00 -1.00 -1 0 0.7828 0.0283 0.001085
680.00 C 20260810 -1.00 -1.00 -1 0 0.7691 0.0223 0.000899
685.00 C 20260810 -1.00 -1.00 -1 0 0.8257 0.0270 0.000986
690.00 C 20260810 -1.00 -1.00 -1 0 0.8459 0.0262 0.000939
400.00 P 20260810 -1.00 -1.00 2 0 0.9278 -0.0065 0.000255
402.50 P 20260810 -1.00 -1.00 -1 0 0.9146 -0.0068 0.000268
405.00 P 20260810 -1.00 -1.00 3 0 0.8945 -0.0067 0.000273
407.50 P 20260810 -1.00 -1.00 -1 0 0.9095 -0.0083 0.000327
410.00 P 20260810 -1.00 -1.00 1 0 0.9314 -0.0103 0.000389
412.50 P 20260810 -1.00 -1.00 -1 0 0.8767 -0.0086 0.000350
415.00 P 20260810 -1.00 -1.00 11 6 0.8882 -0.0101 0.000400
417.50 P 20260810 -1.00 -1.00 -1 0 0.8855 -0.0118 0.000458
420.00 P 20260810 -1.00 -1.00 2 1 0.9236 -0.0177 0.000616
422.50 P 20260810 -1.00 -1.00 2 1 0.9114 -0.0186 0.000652
425.00 P 20260810 -1.00 -1.00 10 2 0.8345 -0.0129 0.000520
427.50 P 20260810 -1.00 -1.00 -1 0 0.8871 -0.0204 0.000729
430.00 P 20260810 -1.00 -1.00 2 21 0.8737 -0.0213 0.000766
432.50 P 20260810 -1.00 -1.00 130 1 0.8836 -0.0243 0.000855
435.00 P 20260810 -1.00 -1.00 1 0 0.8150 -0.0197 0.000768
437.50 P 20260810 -1.00 -1.00 -1 0 0.8149 -0.0220 0.000846
440.00 P 20260810 -1.00 -1.00 3 3 0.8062 -0.0234 0.000903
442.50 P 20260810 -1.00 -1.00 15 1 0.8169 -0.0268 0.001008
445.00 P 20260810 -1.00 -1.00 21 2 0.8152 -0.0309 0.001126
447.50 P 20260810 -1.00 -1.00 24 21 0.7999 -0.0324 0.001192
450.00 P 20260810 -1.00 -1.00 25 30 0.7116 -0.0224 0.000986
452.50 P 20260810 -1.00 -1.00 16 22 0.7332 -0.0280 0.001160
455.00 P 20260810 -1.00 -1.00 2 6 0.7140 -0.0286 0.001213
457.50 P 20260810 -1.00 -1.00 1 5 0.7006 -0.0306 0.001301
460.00 P 20260810 -1.00 -1.00 12 23 0.6964 -0.0348 0.001447
462.50 P 20260810 -1.00 -1.00 13 21 0.6838 -0.0371 0.001551
465.00 P 20260810 -1.00 -1.00 3 8 0.6825 -0.0420 0.001720
467.50 P 20260810 -1.00 -1.00 7 1 0.6700 -0.0445 0.001838
470.00 P 20260810 -1.00 -1.00 9 57 0.6639 -0.0485 0.001993
472.50 P 20260810 -1.00 -1.00 8 8 0.6829 -0.0578 0.002249
475.00 P 20260810 -1.00 -1.00 23 25 0.6752 -0.0617 0.002405
477.50 P 20260810 -1.00 -1.00 1 1 0.6661 -0.0676 0.002599
480.00 P 20260810 -1.00 -1.00 26 6 0.6490 -0.0710 0.002762
482.50 P 20260810 -1.00 -1.00 3 131 0.6337 -0.0751 0.002946
485.00 P 20260810 -1.00 -1.00 2 6 0.6240 -0.0814 0.003172
487.50 P 20260810 -1.00 -1.00 1 21 0.6175 -0.0889 0.003425
490.00 P 20260810 -1.00 -1.00 7 405 0.5984 -0.0924 0.003637
492.50 P 20260810 -1.00 -1.00 10 261 0.6106 -0.1063 0.003975
495.00 P 20260810 -1.00 -1.00 133 25 0.5802 -0.1066 0.004193
497.50 P 20260810 -1.00 -1.00 12 585 0.6046 -0.1255 0.004558
500.00 P 20260810 -1.00 -1.00 353 210 0.5786 -0.1291 0.004845
502.50 P 20260810 -1.00 -1.00 52 286 0.5701 -0.1408 0.005185
505.00 P 20260810 -1.00 -1.00 4 15 0.5585 -0.1516 0.005543
507.50 P 20260810 -1.00 -1.00 6 75 0.5556 -0.1663 0.005917
510.00 P 20260810 -1.00 -1.00 23 222 0.5428 -0.1774 0.006320
512.50 P 20260810 -1.00 -1.00 18 154 0.5546 -0.1980 0.006669
515.00 P 20260810 -1.00 -1.00 140 116 0.5483 -0.2120 0.007078
517.50 P 20260810 -1.00 -1.00 127 53 0.5395 -0.2286 0.007471
520.00 P 20260810 -1.00 -1.00 61 20 0.5364 -0.2487 0.007816
522.50 P 20260810 -1.00 -1.00 152 15 0.5236 -0.2657 0.008269
525.00 P 20260810 -1.00 -1.00 33 26 0.5215 -0.2869 0.008630
527.50 P 20260810 -1.00 -1.00 96 87 0.5145 -0.3070 0.009060
530.00 P 20260810 -1.00 -1.00 16 77 0.5153 -0.3296 0.009398
532.50 P 20260810 -1.00 -1.00 2 4 0.5094 -0.3523 0.009740
535.00 P 20260810 -1.00 -1.00 8 127 0.5037 -0.3768 0.010000
537.50 P 20260810 -1.00 -1.00 157 123 0.4964 -0.4016 0.010301
540.00 P 20260810 -1.00 -1.00 65 150 0.4924 -0.4274 0.010546
542.50 P 20260810 -1.00 -1.00 5 0 0.4926 -0.4539 0.010708
545.00 P 20260810 -1.00 -1.00 9 12 0.4943 -0.4804 0.010836
547.50 P 20260810 -1.00 -1.00 45 2 0.4871 -0.5070 0.010923
550.00 P 20260810 -1.00 -1.00 2 59 0.4828 -0.5340 0.010916
552.50 P 20260810 -1.00 -1.00 2 1 0.4794 -0.5614 0.010888
555.00 P 20260810 -1.00 -1.00 1 49 0.4719 -0.5901 0.010950
557.50 P 20260810 -1.00 -1.00 2 1 0.4758 -0.6164 0.010760
560.00 P 20260810 -1.00 -1.00 6 5 0.4578 -0.6477 0.010862
562.50 P 20260810 -1.00 -1.00 -1 0 0.4657 -0.6691 0.010365
565.00 P 20260810 -1.00 -1.00 1 1 0.4550 -0.6980 0.010181
567.50 P 20260810 -1.00 -1.00 -1 0 0.4563 -0.7220 0.009796
570.00 P 20260810 -1.00 -1.00 1 2 0.4640 -0.7424 0.009337
572.50 P 20260810 -1.00 -1.00 1 0 0.4458 -0.7737 0.009090
575.00 P 20260810 -1.00 -1.00 3 1 0.4452 -0.7932 0.008592
577.50 P 20260810 -1.00 -1.00 -1 0 0.4362 -0.8179 0.008116
580.00 P 20260810 -1.00 -1.00 2 6 0.4511 -0.8280 0.007583
582.50 P 20260810 -1.00 -1.00 1 1 0.4539 -0.8452 0.007098
585.00 P 20260810 -1.00 -1.00 2 1 0.4672 -0.8551 0.006647
587.50 P 20260810 -1.00 -1.00 -1 0 0.4526 -0.8763 0.006154
590.00 P 20260810 -1.00 -1.00 1 1 0.4446 -0.8932 0.005645
592.50 P 20260810 -1.00 -1.00 2 1 0.4455 -0.9055 0.005183
595.00 P 20260810 -1.00 -1.00 1 1 0.4588 -0.9105 0.004851
597.50 P 20260810 -1.00 -1.00 -1 0 0.4536 -0.9261 0.004341
600.00 P 20260810 -1.00 -1.00 3 7 0.4796 -0.9227 0.004214
602.50 P 20260810 -1.00 -1.00 -1 0 0.4738 -0.9346 0.003804
605.00 P 20260810 -1.00 -1.00 -1 0 0.4786 -0.9397 0.003541
607.50 P 20260810 -1.00 -1.00 -1 0 0.4771 -0.9472 0.003225
610.00 P 20260810 -1.00 -1.00 -1 0 0.4753 -0.9549 0.002898
612.50 P 20260810 -1.00 -1.00 -1 0 0.4763 -0.9615 0.002602
615.00 P 20260810 -1.00 -1.00 -1 0 0.4766 -0.9684 0.002307
617.50 P 20260810 -1.00 -1.00 -1 0 0.4739 -0.9738 0.002049
620.00 P 20260810 -1.00 -1.00 -1 0 0.4792 -0.9760 0.001901
622.50 P 20260810 -1.00 -1.00 1 1 0.4773 -0.9800 0.001705
625.00 P 20260810 -1.00 -1.00 -1 0 0.5098 -0.9754 0.001798
627.50 P 20260810 -1.00 -1.00 1 1 0.4787 -0.9868 0.001368
630.00 P 20260810 -1.00 -1.00 -1 0 0.4485 -0.9961 0.000802
632.50 P 20260810 -1.00 -1.00 -1 0 0.4829 -0.9926 0.000976
635.00 P 20260810 -1.00 -1.00 -1 0 -1.0000 -1.0000 -1.000000
637.50 P 20260810 -1.00 -1.00 -1 0 -1.0000 -1.0000 -1.000000
640.00 P 20260810 -1.00 -1.00 -1 0 0.5285 -0.9902 0.001006
642.50 P 20260810 -1.00 -1.00 -1 0 0.5485 -0.9883 0.001074
645.00 P 20260810 -1.00 -1.00 -1 0 -1.0000 -1.0000 -1.000000
647.50 P 20260810 -1.00 -1.00 -1 0 -1.0000 -1.0000 -1.000000
650.00 P 20260810 -1.00 -1.00 -1 0 -1.0000 -1.0000 -1.000000
652.50 P 20260810 -1.00 -1.00 -1 0 -1.0000 -1.0000 -1.000000
655.00 P 20260810 -1.00 -1.00 -1 0 -1.0000 -1.0000 -1.000000
657.50 P 20260810 -1.00 -1.00 -1 0 -1.0000 -1.0000 -1.000000
660.00 P 20260810 -1.00 -1.00 -1 0 -1.0000 -1.0000 -1.000000
662.50 P 20260810 -1.00 -1.00 -1 0 -1.0000 -1.0000 -1.000000
665.00 P 20260810 -1.00 -1.00 -1 0 -1.0000 -1.0000 -1.000000
667.50 P 20260810 -1.00 -1.00 -1 0 -1.0000 -1.0000 -1.000000
670.00 P 20260810 -1.00 -1.00 -1 0 -1.0000 -1.0000 -1.000000
672.50 P 20260810 -1.00 -1.00 -1 0 -1.0000 -1.0000 -1.000000
675.00 P 20260810 -1.00 -1.00 -1 0 -1.0000 -1.0000 -1.000000
680.00 P 20260810 -1.00 -1.00 -1 0 -1.0000 -1.0000 -1.000000
685.00 P 20260810 -1.00 -1.00 -1 0 -1.0000 -1.0000 -1.000000
690.00 P 20260810 -1.00 -1.00 -1 0 -1.0000 -1.0000 -1.000000
400.00 C 20260812 -1.00 -1.00 -1 0 0.9263 0.9867 0.000424
402.50 C 20260812 -1.00 -1.00 -1 0 0.9156 0.9859 0.000451
405.00 C 20260812 -1.00 -1.00 -1 0 0.9583 0.9802 0.000578
407.50 C 20260812 -1.00 -1.00 -1 0 0.8878 0.9849 0.000494
410.00 C 20260812 -1.00 -1.00 -1 0 0.8773 0.9840 0.000524
412.50 C 20260812 -1.00 -1.00 -1 0 0.8867 0.9812 0.000598
415.00 C 20260812 -1.00 -1.00 -1 0 0.8632 0.9816 0.000604
417.50 C 20260812 -1.00 -1.00 -1 0 0.8529 0.9806 0.000638
420.00 C 20260812 -1.00 -1.00 1 2 0.8295 0.9810 0.000645
422.50 C 20260812 -1.00 -1.00 1 1 0.8259 0.9794 0.000697
425.00 C 20260812 -1.00 -1.00 1 1 0.8224 0.9777 0.000750
427.50 C 20260812 -1.00 -1.00 -1 0 0.8123 0.9767 0.000790
430.00 C 20260812 -1.00 -1.00 1 1 0.8213 0.9737 0.000871
432.50 C 20260812 -1.00 -1.00 1 1 0.8063 0.9726 0.000914
435.00 C 20260812 -1.00 -1.00 -1 0 0.7914 0.9715 0.000961
437.50 C 20260812 -1.00 -1.00 1 1 0.7734 0.9710 0.000997
440.00 C 20260812 -1.00 -1.00 -1 0 0.7619 0.9692 0.001061
442.50 C 20260812 -1.00 -1.00 -1 0 0.7600 0.9653 0.001167
445.00 C 20260812 -1.00 -1.00 -1 0 0.7486 0.9634 0.001239
447.50 C 20260812 -1.00 -1.00 -1 0 0.7340 0.9620 0.001302
450.00 C 20260812 -1.00 -1.00 -1 0 0.7228 0.9599 0.001381
452.50 C 20260812 -1.00 -1.00 -1 0 0.7116 0.9578 0.001464
455.00 C 20260812 -1.00 -1.00 -1 0 0.7130 0.9530 0.001598
457.50 C 20260812 -1.00 -1.00 -1 0 0.7082 0.9494 0.001711
460.00 C 20260812 -1.00 -1.00 -1 0 0.7252 0.9417 0.001888
462.50 C 20260812 -1.00 -1.00 -1 0 0.6861 0.9447 0.001908
465.00 C 20260812 -1.00 -1.00 -1 0 0.6950 0.9374 0.002083
467.50 C 20260812 -1.00 -1.00 -1 0 0.6753 0.9359 0.002178
470.00 C 20260812 -1.00 -1.00 1 1 0.6665 0.9308 0.002330
472.50 C 20260812 -1.00 -1.00 -1 0 0.6542 0.9267 0.002474
475.00 C 20260812 -1.00 -1.00 1 1 0.6419 0.9225 0.002627
477.50 C 20260812 -1.00 -1.00 -1 0 0.6421 0.9141 0.002836
480.00 C 20260812 -1.00 -1.00 -1 0 0.6353 0.9078 0.003024
482.50 C 20260812 -1.00 -1.00 -1 0 0.6267 0.9020 0.003213
485.00 C 20260812 -1.00 -1.00 2 0 0.6217 0.8949 0.003421
487.50 C 20260812 -1.00 -1.00 -1 0 0.6167 0.8878 0.003634
490.00 C 20260812 -1.00 -1.00 6 3 0.6341 0.8718 0.003884
492.50 C 20260812 -1.00 -1.00 -1 0 0.6105 0.8686 0.004095
495.00 C 20260812 -1.00 -1.00 -1 0 0.6218 0.8513 0.004343
497.50 C 20260812 -1.00 -1.00 -1 0 0.6077 0.8437 0.004589
500.00 C 20260812 -1.00 -1.00 6 3 0.6017 0.8328 0.004844
502.50 C 20260812 -1.00 -1.00 -1 0 0.5819 0.8267 0.005131
505.00 C 20260812 -1.00 -1.00 6 3 0.5955 0.8085 0.005367
507.50 C 20260812 -1.00 -1.00 -1 0 0.5942 0.7956 0.005630
510.00 C 20260812 -1.00 -1.00 17 45 0.5885 0.7830 0.005901
512.50 C 20260812 -1.00 -1.00 2 1 0.5836 0.7674 0.006143
515.00 C 20260812 -1.00 -1.00 6 3 0.5753 0.7527 0.006416
517.50 C 20260812 -1.00 -1.00 2 1 0.5722 0.7359 0.006661
520.00 C 20260812 -1.00 -1.00 -1 0 0.5606 0.7215 0.006984
522.50 C 20260812 -1.00 -1.00 -1 0 0.5636 0.7026 0.007189
525.00 C 20260812 -1.00 -1.00 9 10 0.5563 0.6862 0.007494
527.50 C 20260812 -1.00 -1.00 19 14 0.5558 0.6680 0.007735
530.00 C 20260812 -1.00 -1.00 14 72 0.5459 0.6498 0.008001
532.50 C 20260812 -1.00 -1.00 416 135 0.5421 0.6294 0.008163
535.00 C 20260812 -1.00 -1.00 33 27 0.5390 0.6086 0.008317
537.50 C 20260812 -1.00 -1.00 2 200 0.5352 0.5877 0.008486
540.00 C 20260812 -1.00 -1.00 5 80 0.5315 0.5664 0.008657
542.50 C 20260812 -1.00 -1.00 27 3 0.5322 0.5448 0.008760
545.00 C 20260812 -1.00 -1.00 20 35 0.5336 0.5232 0.008850
547.50 C 20260812 -1.00 -1.00 34 2 0.5198 0.5011 0.009039
550.00 C 20260812 -1.00 -1.00 5 5 0.5209 0.4793 0.008954
552.50 C 20260812 -1.00 -1.00 8 13 0.5176 0.4570 0.008942
555.00 C 20260812 -1.00 -1.00 3 332 0.5151 0.4346 0.008916
557.50 C 20260812 -1.00 -1.00 1 36 0.5133 0.4121 0.008877
560.00 C 20260812 -1.00 -1.00 1 75 0.5145 0.3903 0.008790
562.50 C 20260812 -1.00 -1.00 1 11 0.5100 0.3678 0.008738
565.00 C 20260812 -1.00 -1.00 1 12 0.5127 0.3493 0.008478
567.50 C 20260812 -1.00 -1.00 27 26 0.5055 0.3275 0.008342
570.00 C 20260812 -1.00 -1.00 1 4 0.5064 0.3084 0.008101
572.50 C 20260812 -1.00 -1.00 2 1 0.5042 0.2880 0.007896
575.00 C 20260812 -1.00 -1.00 12 15 0.5060 0.2693 0.007648
577.50 C 20260812 -1.00 -1.00 22 1 0.5085 0.2512 0.007397
580.00 C 20260812 -1.00 -1.00 56 10 0.5053 0.2336 0.007140
582.50 C 20260812 -1.00 -1.00 25 1 0.5025 0.2176 0.006850
585.00 C 20260812 -1.00 -1.00 78 13 0.5007 0.2019 0.006550
587.50 C 20260812 -1.00 -1.00 18 1 0.4896 0.1809 0.006255
590.00 C 20260812 -1.00 -1.00 7 1 0.5004 0.1719 0.005935
592.50 C 20260812 -1.00 -1.00 6 0 0.5007 0.1572 0.005628
595.00 C 20260812 -1.00 -1.00 20 40 0.5037 0.1442 0.005328
597.50 C 20260812 -1.00 -1.00 17 0 0.4939 0.1299 0.005013
600.00 C 20260812 -1.00 -1.00 2 50 0.4987 0.1222 0.004737
602.50 C 20260812 -1.00 -1.00 3 0 0.5014 0.1136 0.004460
605.00 C 20260812 -1.00 -1.00 1 1 0.4795 0.0923 0.004010
607.50 C 20260812 -1.00 -1.00 -1 0 0.4965 0.0914 0.003847
610.00 C 20260812 -1.00 -1.00 1 7 0.5135 0.0907 0.003698
612.50 C 20260812 -1.00 -1.00 -1 0 0.5164 0.0826 0.003449
615.00 C 20260812 -1.00 -1.00 2 4 0.5221 0.0762 0.003231
617.50 C 20260812 -1.00 -1.00 -1 0 0.5285 0.0724 0.003063
620.00 C 20260812 -1.00 -1.00 -1 0 0.5390 0.0705 0.002935
622.50 C 20260812 -1.00 -1.00 6 0 0.5041 0.0531 0.002483
625.00 C 20260812 -1.00 -1.00 10 14 0.5047 0.0478 0.002278
627.50 C 20260812 -1.00 -1.00 68 0 0.5090 0.0439 0.002113
630.00 C 20260812 -1.00 -1.00 3 3 0.5329 0.0475 0.002147
632.50 C 20260812 -1.00 -1.00 -1 0 0.5371 0.0438 0.001999
635.00 C 20260812 -1.00 -1.00 -1 0 0.5448 0.0415 0.001891
637.50 C 20260812 -1.00 -1.00 -1 0 0.5536 0.0396 0.001797
640.00 C 20260812 -1.00 -1.00 -1 0 0.5623 0.0378 0.001709
642.50 C 20260812 -1.00 -1.00 2 0 0.5721 0.0365 0.001634
645.00 C 20260812 -1.00 -1.00 -1 0 0.5807 0.0348 0.001555
647.50 C 20260812 -1.00 -1.00 -1 0 0.5859 0.0333 0.001483
650.00 C 20260812 -1.00 -1.00 9 8 0.5724 0.0284 0.001318
655.00 C 20260812 -1.00 -1.00 2 1 0.6045 0.0299 0.001303
660.00 C 20260812 -1.00 -1.00 -1 0 0.6172 0.0277 0.001195
665.00 C 20260812 -1.00 -1.00 2 1 0.6317 0.0260 0.001105
670.00 C 20260812 -1.00 -1.00 2 1 0.6451 0.0242 0.001017
675.00 C 20260812 -1.00 -1.00 -1 0 0.6855 0.0273 0.001061
680.00 C 20260812 -1.00 -1.00 -1 0 0.7117 0.0278 0.001038
685.00 C 20260812 -1.00 -1.00 -1 0 0.7296 0.0270 0.000987
690.00 C 20260812 -1.00 -1.00 -1 0 0.7484 0.0264 0.000943
400.00 P 20260812 -1.00 -1.00 2 1 0.9154 -0.0122 0.000401
402.50 P 20260812 -1.00 -1.00 2 1 0.9402 -0.0164 0.000500
405.00 P 20260812 -1.00 -1.00 2 1 0.9274 -0.0170 0.000524
407.50 P 20260812 -1.00 -1.00 2 1 0.9149 -0.0177 0.000550
410.00 P 20260812 -1.00 -1.00 2 1 0.9009 -0.0182 0.000574
412.50 P 20260812 -1.00 -1.00 -1 0 0.9017 -0.0202 0.000626
415.00 P 20260812 -1.00 -1.00 2 0 0.9010 -0.0220 0.000677
417.50 P 20260812 -1.00 -1.00 -1 0 0.8873 -0.0226 0.000705
420.00 P 20260812 -1.00 -1.00 2 1 0.8592 -0.0219 0.000708
422.50 P 20260812 -1.00 -1.00 36 18 0.8744 -0.0252 0.000790
425.00 P 20260812 -1.00 -1.00 38 24 0.8283 -0.0228 0.000762
427.50 P 20260812 -1.00 -1.00 -1 0 0.8409 -0.0260 0.000846
430.00 P 20260812 -1.00 -1.00 32 18 0.7991 -0.0240 0.000825
432.50 P 20260812 -1.00 -1.00 14 0 0.8102 -0.0281 0.000929
435.00 P 20260812 -1.00 -1.00 -1 0 0.7923 -0.0286 0.000964
437.50 P 20260812 -1.00 -1.00 22 0 0.7804 -0.0303 0.001025
440.00 P 20260812 -1.00 -1.00 2 3 0.7627 -0.0309 0.001065
442.50 P 20260812 -1.00 -1.00 -1 0 0.7496 -0.0325 0.001127
445.00 P 20260812 -1.00 -1.00 2 1 0.7532 -0.0375 0.001257
447.50 P 20260812 -1.00 -1.00 -1 0 0.7516 -0.0415 0.001367
450.00 P 20260812 -1.00 -1.00 21 24 0.7381 -0.0431 0.001438
452.50 P 20260812 -1.00 -1.00 2 1 0.7315 -0.0462 0.001537
455.00 P 20260812 -1.00 -1.00 2 2 0.7194 -0.0482 0.001620
457.50 P 20260812 -1.00 -1.00 -1 0 0.7129 -0.0514 0.001727
460.00 P 20260812 -1.00 -1.00 -1 0 0.7146 -0.0562 0.001860
462.50 P 20260812 -1.00 -1.00 -1 0 0.7001 -0.0580 0.001950
465.00 P 20260812 -1.00 -1.00 103 54 0.6671 -0.0562 0.001989
467.50 P 20260812 -1.00 -1.00 2 0 0.6608 -0.0597 0.002116
470.00 P 20260812 -1.00 -1.00 37 36 0.6553 -0.0654 0.002280
472.50 P 20260812 -1.00 -1.00 2 0 0.6510 -0.0722 0.002462
475.00 P 20260812 -1.00 -1.00 5 1 0.6397 -0.0767 0.002619
477.50 P 20260812 -1.00 -1.00 -1 0 0.6390 -0.0849 0.002826
480.00 P 20260812 -1.00 -1.00 3 67 0.6256 -0.0891 0.002993
482.50 P 20260812 -1.00 -1.00 14 1 0.6334 -0.1001 0.003234
485.00 P 20260812 -1.00 -1.00 40 9 0.6370 -0.1096 0.003454
487.50 P 20260812 -1.00 -1.00 2 1 0.6174 -0.1124 0.003637
490.00 P 20260812 -1.00 -1.00 1 29 0.6197 -0.1224 0.003869
492.50 P 20260812 -1.00 -1.00 2 1 0.6074 -0.1302 0.004096
495.00 P 20260812 -1.00 -1.00 22 64 0.5957 -0.1385 0.004338
497.50 P 20260812 -1.00 -1.00 4 5 0.5898 -0.1494 0.004597
500.00 P 20260812 -1.00 -1.00 34 304 0.5816 -0.1597 0.004866
502.50 P 20260812 -1.00 -1.00 1 103 0.5839 -0.1741 0.005133
505.00 P 20260812 -1.00 -1.00 686 18 0.5758 -0.1849 0.005421
507.50 P 20260812 -1.00 -1.00 338 132 0.5712 -0.1970 0.005712
510.00 P 20260812 -1.00 -1.00 3 2 0.5711 -0.2109 0.005994
512.50 P 20260812 -1.00 -1.00 1 106 0.5610 -0.2243 0.006293
515.00 P 20260812 -1.00 -1.00 1 21 0.5623 -0.2429 0.006516
517.50 P 20260812 -1.00 -1.00 182 25 0.5525 -0.2578 0.006826
520.00 P 20260812 -1.00 -1.00 1015 442 0.5444 -0.2737 0.007137
522.50 P 20260812 -1.00 -1.00 25 12 0.5380 -0.2906 0.007447
525.00 P 20260812 -1.00 -1.00 5 36 0.5403 -0.3101 0.007675
527.50 P 20260812 -1.00 -1.00 101 50 0.5391 -0.3287 0.007942
530.00 P 20260812 -1.00 -1.00 82 1 0.5335 -0.3479 0.008192
532.50 P 20260812 -1.00 -1.00 -1 0 0.5327 -0.3694 0.008316
535.00 P 20260812 -1.00 -1.00 1 5 0.5201 -0.3891 0.008626
537.50 P 20260812 -1.00 -1.00 8 2 0.5150 -0.4107 0.008829
540.00 P 20260812 -1.00 -1.00 182 1 0.5187 -0.4333 0.008889
542.50 P 20260812 -1.00 -1.00 1 1 0.5180 -0.4555 0.009022
545.00 P 20260812 -1.00 -1.00 2 3 0.5156 -0.4779 0.009186
547.50 P 20260812 -1.00 -1.00 -1 0 0.5121 -0.5003 0.009202
550.00 P 20260812 -1.00 -1.00 2 1 0.5031 -0.5235 0.009297
552.50 P 20260812 -1.00 -1.00 2 1 0.5028 -0.5462 0.009231
555.00 P 20260812 -1.00 -1.00 -1 0 0.4939 -0.5707 0.009322
557.50 P 20260812 -1.00 -1.00 -1 0 0.4943 -0.5937 0.009242
560.00 P 20260812 -1.00 -1.00 3 3 0.5041 -0.6139 0.009002
562.50 P 20260812 -1.00 -1.00 1 3 0.5037 -0.6355 0.008866
565.00 P 20260812 -1.00 -1.00 1 0 0.4949 -0.6581 0.008755
567.50 P 20260812 -1.00 -1.00 -1 0 0.4747 -0.6862 0.008782
570.00 P 20260812 -1.00 -1.00 1 1 0.4896 -0.7003 0.008342
572.50 P 20260812 -1.00 -1.00 1 1 0.4727 -0.7291 0.008287
575.00 P 20260812 -1.00 -1.00 -1 0 0.4874 -0.7421 0.007879
577.50 P 20260812 -1.00 -1.00 -1 0 0.4898 -0.7603 0.007595
580.00 P 20260812 -1.00 -1.00 -1 0 0.4828 -0.7789 0.007312
582.50 P 20260812 -1.00 -1.00 -1 0 0.4621 -0.8057 0.007056
585.00 P 20260812 -1.00 -1.00 -1 0 0.4655 -0.8200 0.006691
587.50 P 20260812 -1.00 -1.00 -1 0 0.4858 -0.8239 0.006324
590.00 P 20260812 -1.00 -1.00 -1 0 0.4775 -0.8447 0.005996
592.50 P 20260812 -1.00 -1.00 -1 0 0.4805 -0.8586 0.005662
595.00 P 20260812 -1.00 -1.00 -1 0 0.4821 -0.8686 0.005350
597.50 P 20260812 -1.00 -1.00 -1 0 0.4891 -0.8756 0.005065
600.00 P 20260812 -1.00 -1.00 3 2 0.4992 -0.8809 0.004806
602.50 P 20260812 -1.00 -1.00 1 1 0.4935 -0.8937 0.004490
605.00 P 20260812 -1.00 -1.00 -1 0 0.4940 -0.9036 0.004200
607.50 P 20260812 -1.00 -1.00 -1 0 0.4960 -0.9127 0.003920
610.00 P 20260812 -1.00 -1.00 -1 0 0.4912 -0.9257 0.003579
612.50 P 20260812 -1.00 -1.00 -1 0 0.5039 -0.9283 0.003407
615.00 P 20260812 -1.00 -1.00 12 6 0.5008 -0.9355 0.003175
617.50 P 20260812 -1.00 -1.00 -1 0 0.4966 -0.9428 0.002932
620.00 P 20260812 -1.00 -1.00 -1 0 0.4978 -0.9482 0.002725
622.50 P 20260812 -1.00 -1.00 -1 0 0.4960 -0.9548 0.002489
625.00 P 20260812 -1.00 -1.00 -1 0 0.5023 -0.9581 0.002336
627.50 P 20260812 -1.00 -1.00 2 2 0.4998 -0.9651 0.002105
630.00 P 20260812 -1.00 -1.00 -1 0 0.5056 -0.9683 0.001957
632.50 P 20260812 -1.00 -1.00 -1 0 0.4213 -0.9956 0.000864
635.00 P 20260812 -1.00 -1.00 -1 0 0.5083 -0.9747 0.001669
637.50 P 20260812 -1.00 -1.00 -1 0 0.4657 -0.9892 0.001155
640.00 P 20260812 -1.00 -1.00 -1 0 0.5105 -0.9801 0.001449
642.50 P 20260812 -1.00 -1.00 3 3 0.5078 -0.9838 0.001313
645.00 P 20260812 -1.00 -1.00 -1 0 0.5113 -0.9858 0.001216
647.50 P 20260812 -1.00 -1.00 -1 0 0.5214 -0.9860 0.001176
650.00 P 20260812 -1.00 -1.00 -1 0 -1.0000 -1.0000 -1.000000
655.00 P 20260812 -1.00 -1.00 -1 0 -1.0000 -1.0000 -1.000000
660.00 P 20260812 -1.00 -1.00 -1 0 -1.0000 -1.0000 -1.000000
665.00 P 20260812 -1.00 -1.00 -1 0 0.5380 -0.9964 0.000550
670.00 P 20260812 -1.00 -1.00 -1 0 0.5555 -0.9965 0.000519
675.00 P 20260812 -1.00 -1.00 -1 0 0.6229 -0.9897 0.000781
680.00 P 20260812 -1.00 -1.00 -1 0 -1.0000 -1.0000 -1.000000
685.00 P 20260812 -1.00 -1.00 -1 0 -1.0000 -1.0000 -1.000000
690.00 P 20260812 -1.00 -1.00 -1 0 -1.0000 -1.0000 -1.000000
400.00 C 20260814 -1.00 -1.00 -1 0 0.9556 0.9761 0.000624
402.50 C 20260814 -1.00 -1.00 -1 0 0.9542 0.9743 0.000665
405.00 C 20260814 -1.00 -1.00 -1 0 0.9394 0.9735 0.000692
407.50 C 20260814 -1.00 -1.00 -1 0 0.9218 0.9731 0.000714
410.00 C 20260814 -1.00 -1.00 -1 0 0.9072 0.9722 0.000744
412.50 C 20260814 -1.00 -1.00 -1 0 0.8927 0.9713 0.000775
415.00 C 20260814 -1.00 -1.00 1 5 0.8813 0.9698 0.000816
417.50 C 20260814 -1.00 -1.00 -1 0 0.8670 0.9688 0.000851
420.00 C 20260814 -1.00 -1.00 -1 0 0.8558 0.9673 0.000896
422.50 C 20260814 -1.00 -1.00 -1 0 0.8446 0.9657 0.000942
425.00 C 20260814 -1.00 -1.00 1 1 0.8158 0.9673 0.000940
427.50 C 20260814 -1.00 -1.00 -1 0 0.8225 0.9625 0.001041
430.00 C 20260814 -1.00 -1.00 5 0 0.8115 0.9608 0.001094
432.50 C 20260814 -1.00 -1.00 -1 0 0.8065 0.9580 0.001165
435.00 C 20260814 -1.00 -1.00 1 8 0.7927 0.9567 0.001215
437.50 C 20260814 -1.00 -1.00 -1 0 0.7790 0.9554 0.001268
440.00 C 20260814 -1.00 -1.00 1 1 0.7770 0.9520 0.001353
442.50 C 20260814 -1.00 -1.00 -1 0 0.7634 0.9506 0.001411
445.00 C 20260814 -1.00 -1.00 1 3 0.7529 0.9486 0.001480
447.50 C 20260814 -1.00 -1.00 -1 0 0.7481 0.9456 0.001566
450.00 C 20260814 -1.00 -1.00 4 1 0.7491 0.9415 0.001665
452.50 C 20260814 -1.00 -1.00 -1 0 0.7351 0.9393 0.001743
455.00 C 20260814 -1.00 -1.00 3 24 0.7233 0.9361 0.001837
457.50 C 20260814 -1.00 -1.00 -1 0 0.7116 0.9327 0.001936
460.00 C 20260814 -1.00 -1.00 2 2 0.6999 0.9293 0.002040
462.50 C 20260814 -1.00 -1.00 1 1 0.6932 0.9242 0.002166
465.00 C 20260814 -1.00 -1.00 -1 0 0.6833 0.9201 0.002287
467.50 C 20260814 -1.00 -1.00 -1 0 0.6784 0.9143 0.002427
470.00 C 20260814 -1.00 -1.00 2 2 0.6702 0.9094 0.002563
472.50 C 20260814 -1.00 -1.00 -1 0 0.6604 0.9049 0.002700
475.00 C 20260814 -1.00 -1.00 1 1 0.6620 0.8970 0.002867
477.50 C 20260814 -1.00 -1.00 -1 0 0.6524 0.8922 0.003016
480.00 C 20260814 -1.00 -1.00 1 2 0.6476 0.8860 0.003178
482.50 C 20260814 -1.00 -1.00 -1 0 0.6542 0.8747 0.003359
485.00 C 20260814 -1.00 -1.00 1 12 0.6261 0.8745 0.003515
487.50 C 20260814 -1.00 -1.00 4 4 0.6204 0.8652 0.003706
490.00 C 20260814 -1.00 -1.00 1 1 0.6084 0.8582 0.003901
492.50 C 20260814 -1.00 -1.00 -1 0 0.6027 0.8485 0.004108
495.00 C 20260814 -1.00 -1.00 8 9 0.5971 0.8386 0.004321
497.50 C 20260814 -1.00 -1.00 11 11 0.5937 0.8277 0.004539
500.00 C 20260814 -1.00 -1.00 13 40 0.5944 0.8154 0.004753
502.50 C 20260814 -1.00 -1.00 9 9 0.5878 0.8054 0.004985
505.00 C 20260814 -1.00 -1.00 5 62 0.5969 0.7904 0.005174
507.50 C 20260814 -1.00 -1.00 1 5 0.5822 0.7807 0.005425
510.00 C 20260814 -1.00 -1.00 2 56 0.5856 0.7636 0.005585
512.50 C 20260814 -1.00 -1.00 16 15 0.5724 0.7521 0.005846
515.00 C 20260814 -1.00 -1.00 15 35 0.5680 0.7374 0.006063
517.50 C 20260814 -1.00 -1.00 18 6 0.5666 0.7214 0.006262
520.00 C 20260814 -1.00 -1.00 13 88 0.5614 0.7065 0.006495
522.50 C 20260814 -1.00 -1.00 -1 0 0.5687 0.6883 0.006622
525.00 C 20260814 -1.00 -1.00 3 152 0.5651 0.6728 0.006845
527.50 C 20260814 -1.00 -1.00 4 8 0.5610 0.6560 0.007018
530.00 C 20260814 -1.00 -1.00 38 126 0.5506 0.6393 0.007230
532.50 C 20260814 -1.00 -1.00 22 2 0.5538 0.6199 0.007280
535.00 C 20260814 -1.00 -1.00 90 77 0.5435 0.6022 0.007502
537.50 C 20260814 -1.00 -1.00 15 6 0.5467 0.5828 0.007551
540.00 C 20260814 -1.00 -1.00 20 34 0.5445 0.5638 0.007672
542.50 C 20260814 -1.00 -1.00 26 4 0.5409 0.5448 0.007813
545.00 C 20260814 -1.00 -1.00 1 13 0.5427 0.5255 0.007879
547.50 C 20260814 -1.00 -1.00 6 8 0.5415 0.5065 0.007867
550.00 C 20260814 -1.00 -1.00 74 1552 0.5331 0.4867 0.007941
552.50 C 20260814 -1.00 -1.00 14 27 0.5281 0.4667 0.007965
555.00 C 20260814 -1.00 -1.00 21 362 0.5290 0.4474 0.007901
557.50 C 20260814 -1.00 -1.00 4 7 0.5292 0.4280 0.007847
560.00 C 20260814 -1.00 -1.00 31 215 0.5281 0.4083 0.007812
562.50 C 20260814 -1.00 -1.00 59 316 0.5303 0.3895 0.007731
565.00 C 20260814 -1.00 -1.00 9 56 0.5344 0.3722 0.007590
567.50 C 20260814 -1.00 -1.00 310 342 0.5255 0.3528 0.007522
570.00 C 20260814 -1.00 -1.00 77 201 0.5218 0.3346 0.007389
572.50 C 20260814 -1.00 -1.00 4 40 0.5204 0.3170 0.007229
575.00 C 20260814 -1.00 -1.00 312 97 0.5182 0.2990 0.007074
577.50 C 20260814 -1.00 -1.00 1 45 0.5183 0.2818 0.006897
580.00 C 20260814 -1.00 -1.00 261 1259 0.5205 0.2657 0.006703
582.50 C 20260814 -1.00 -1.00 13 17 0.5263 0.2517 0.006486
585.00 C 20260814 -1.00 -1.00 363 306 0.5219 0.2359 0.006297
587.50 C 20260814 -1.00 -1.00 28 46 0.5193 0.2218 0.006077
590.00 C 20260814 -1.00 -1.00 18 669 0.5147 0.2067 0.005858
592.50 C 20260814 -1.00 -1.00 10 42 0.5149 0.1937 0.005621
595.00 C 20260814 -1.00 -1.00 9 40 0.5169 0.1818 0.005384
597.50 C 20260814 -1.00 -1.00 9 10 0.5171 0.1689 0.005150
600.00 C 20260814 -1.00 -1.00 98 291 0.5173 0.1560 0.004917
602.50 C 20260814 -1.00 -1.00 102 132 0.5212 0.1454 0.004691
605.00 C 20260814 -1.00 -1.00 185 141 0.5166 0.1348 0.004464
607.50 C 20260814 -1.00 -1.00 6 83 0.5133 0.1247 0.004233
610.00 C 20260814 -1.00 -1.00 90 278 0.5106 0.1148 0.003998
612.50 C 20260814 -1.00 -1.00 1 58 0.5137 0.1077 0.003790
615.00 C 20260814 -1.00 -1.00 106 292 0.5135 0.0989 0.003566
617.50 C 20260814 -1.00 -1.00 1 113 0.5149 0.0911 0.003353
620.00 C 20260814 -1.00 -1.00 20 146 0.5166 0.0834 0.003145
622.50 C 20260814 -1.00 -1.00 1 94 0.5213 0.0774 0.002965
625.00 C 20260814 -1.00 -1.00 185 2626 0.5207 0.0717 0.002790
627.50 C 20260814 -1.00 -1.00 31 60 0.5179 0.0658 0.002612
630.00 C 20260814 -1.00 -1.00 41 94 0.5183 0.0611 0.002453
632.50 C 20260814 -1.00 -1.00 35 52 0.5118 0.0538 0.002240
635.00 C 20260814 -1.00 -1.00 42 119 0.5174 0.0510 0.002121
637.50 C 20260814 -1.00 -1.00 1 9 0.5202 0.0472 0.001983
640.00 C 20260814 -1.00 -1.00 31 366 0.5230 0.0434 0.001848
642.50 C 20260814 -1.00 -1.00 4 8 0.5239 0.0389 0.001697
645.00 C 20260814 -1.00 -1.00 12 40 0.5331 0.0378 0.001631
647.50 C 20260814 -1.00 -1.00 1 1 0.5381 0.0350 0.001528
650.00 C 20260814 -1.00 -1.00 67 69 0.5291 0.0308 0.001386
655.00 C 20260814 -1.00 -1.00 2 25 0.5306 0.0264 0.001207
660.00 C 20260814 -1.00 -1.00 3 70 0.5357 0.0229 0.001056
665.00 C 20260814 -1.00 -1.00 2 14 0.5463 0.0206 0.000948
670.00 C 20260814 -1.00 -1.00 3 189 0.5540 0.0178 0.000829
675.00 C 20260814 -1.00 -1.00 9 4084 0.5635 0.0156 0.000729
680.00 C 20260814 -1.00 -1.00 2 189 0.5605 0.0125 0.000607
685.00 C 20260814 -1.00 -1.00 2 37 0.6011 0.0154 0.000678
690.00 C 20260814 -1.00 -1.00 1 59 0.6157 0.0145 0.000631
400.00 P 20260814 -1.00 -1.00 84 363 0.8689 -0.0162 0.000486
402.50 P 20260814 -1.00 -1.00 -1 0 0.8767 -0.0187 0.000547
405.00 P 20260814 -1.00 -1.00 6 13 0.8481 -0.0177 0.000539
407.50 P 20260814 -1.00 -1.00 -1 0 0.8583 -0.0205 0.000606
410.00 P 20260814 -1.00 -1.00 38 67 0.8408 -0.0206 0.000621
412.50 P 20260814 -1.00 -1.00 -1 0 0.8307 -0.0215 0.000652
415.00 P 20260814 -1.00 -1.00 17 25 0.8157 -0.0218 0.000674
417.50 P 20260814 -1.00 -1.00 -1 0 0.8272 -0.0248 0.000746
420.00 P 20260814 -1.00 -1.00 151 165 0.8202 -0.0263 0.000790
422.50 P 20260814 -1.00 -1.00 -1 0 0.8065 -0.0273 0.000827
425.00 P 20260814 -1.00 -1.00 4 239 0.7947 -0.0287 0.000873
427.50 P 20260814 -1.00 -1.00 2 21 0.7829 -0.0302 0.000921
430.00 P 20260814 -1.00 -1.00 104 154 0.7671 -0.0309 0.000957
432.50 P 20260814 -1.00 -1.00 40 40 0.7608 -0.0334 0.001028
435.00 P 20260814 -1.00 -1.00 1 81 0.7515 -0.0355 0.001092
437.50 P 20260814 -1.00 -1.00 1 1 0.7418 -0.0375 0.001156
440.00 P 20260814 -1.00 -1.00 34 66 0.7275 -0.0386 0.001207
442.50 P 20260814 -1.00 -1.00 4 2 0.7242 -0.0420 0.001299
445.00 P 20260814 -1.00 -1.00 1 197 0.7152 -0.0443 0.001374
447.50 P 20260814 -1.00 -1.00 1 4 0.7091 -0.0471 0.001462
450.00 P 20260814 -1.00 -1.00 13 243 0.7020 -0.0499 0.001548
452.50 P 20260814 -1.00 -1.00 1 38 0.6977 -0.0532 0.001646
455.00 P 20260814 -1.00 -1.00 1 65 0.6917 -0.0562 0.001742
457.50 P 20260814 -1.00 -1.00 2 7 0.6863 -0.0594 0.001842
460.00 P 20260814 -1.00 -1.00 58 1073 0.6782 -0.0639 0.001962
462.50 P 20260814 -1.00 -1.00 5 13 0.6668 -0.0675 0.002074
465.00 P 20260814 -1.00 -1.00 27 248 0.6604 -0.0728 0.002212
467.50 P 20260814 -1.00 -1.00 8 13 0.6512 -0.0773 0.002344
470.00 P 20260814 -1.00 -1.00 28 283 0.6426 -0.0822 0.002484
472.50 P 20260814 -1.00 -1.00 34 14 0.6363 -0.0878 0.002639
475.00 P 20260814 -1.00 -1.00 39 101 0.6343 -0.0949 0.002809
477.50 P 20260814 -1.00 -1.00 3 4 0.6268 -0.1004 0.002970
480.00 P 20260814 -1.00 -1.00 58 183 0.6258 -0.1079 0.003149
482.50 P 20260814 -1.00 -1.00 1 11 0.6261 -0.1158 0.003331
485.00 P 20260814 -1.00 -1.00 51 239 0.6203 -0.1233 0.003514
487.50 P 20260814 -1.00 -1.00 8 87 0.6113 -0.1315 0.003708
490.00 P 20260814 -1.00 -1.00 42 166 0.6036 -0.1403 0.003909
492.50 P 20260814 -1.00 -1.00 2 14 0.5992 -0.1505 0.004118
495.00 P 20260814 -1.00 -1.00 26 125 0.5906 -0.1593 0.004336
497.50 P 20260814 -1.00 -1.00 12 33 0.5841 -0.1691 0.004562
500.00 P 20260814 -1.00 -1.00 74 1287 0.5839 -0.1814 0.004784
502.50 P 20260814 -1.00 -1.00 229 47 0.5827 -0.1933 0.005010
505.00 P 20260814 -1.00 -1.00 30 195 0.5825 -0.2056 0.005235
507.50 P 20260814 -1.00 -1.00 16 137 0.5774 -0.2180 0.005464
510.00 P 20260814 -1.00 -1.00 37 643 0.5738 -0.2328 0.005667
512.50 P 20260814 -1.00 -1.00 1 291 0.5639 -0.2455 0.005917
515.00 P 20260814 -1.00 -1.00 79 173 0.5595 -0.2605 0.006139
517.50 P 20260814 -1.00 -1.00 3 1 0.5575 -0.2765 0.006349
520.00 P 20260814 -1.00 -1.00 42 3058 0.5547 -0.2923 0.006569
522.50 P 20260814 -1.00 -1.00 1 1 0.5543 -0.3089 0.006771
525.00 P 20260814 -1.00 -1.00 62 297 0.5554 -0.3259 0.006959
527.50 P 20260814 -1.00 -1.00 4 41 0.5503 -0.3427 0.007165
530.00 P 20260814 -1.00 -1.00 839 127 0.5440 -0.3605 0.007333
532.50 P 20260814 -1.00 -1.00 159 1 0.5406 -0.3791 0.007471
535.00 P 20260814 -1.00 -1.00 36 1183 0.5364 -0.3979 0.007620
537.50 P 20260814 -1.00 -1.00 12 96 0.5336 -0.4171 0.007754
540.00 P 20260814 -1.00 -1.00 836 182 0.5328 -0.4367 0.007862
542.50 P 20260814 -1.00 -1.00 6 19 0.5320 -0.4563 0.007971
545.00 P 20260814 -1.00 -1.00 14 66 0.5351 -0.4760 0.008022
547.50 P 20260814 -1.00 -1.00 13 51 0.5256 -0.4959 0.008131
550.00 P 20260814 -1.00 -1.00 109 1394 0.5259 -0.5154 0.008076
552.50 P 20260814 -1.00 -1.00 20 5 0.5236 -0.5354 0.008061
555.00 P 20260814 -1.00 -1.00 3 105 0.5199 -0.5557 0.008066
557.50 P 20260814 -1.00 -1.00 14 22 0.5150 -0.5766 0.008090
560.00 P 20260814 -1.00 -1.00 4 93 0.5211 -0.5951 0.007948
562.50 P 20260814 -1.00 -1.00 4 136 0.5187 -0.6158 0.007934
565.00 P 20260814 -1.00 -1.00 14 41 0.5103 -0.6368 0.007915
567.50 P 20260814 -1.00 -1.00 11 36 0.5045 -0.6563 0.007803
570.00 P 20260814 -1.00 -1.00 23 435 0.5046 -0.6739 0.007617
572.50 P 20260814 -1.00 -1.00 2 29 0.4929 -0.6967 0.007557
575.00 P 20260814 -1.00 -1.00 1 47 0.5054 -0.7090 0.007239
577.50 P 20260814 -1.00 -1.00 4 74 0.4952 -0.7319 0.007149
580.00 P 20260814 -1.00 -1.00 1 383 0.5068 -0.7438 0.006860
582.50 P 20260814 -1.00 -1.00 1 146 0.4974 -0.7643 0.006706
585.00 P 20260814 -1.00 -1.00 2 64 0.4995 -0.7769 0.006445
587.50 P 20260814 -1.00 -1.00 1 28 0.4760 -0.8029 0.006272
590.00 P 20260814 -1.00 -1.00 1 374 0.4857 -0.8117 0.005978
592.50 P 20260814 -1.00 -1.00 2 8 0.5153 -0.8092 0.005673
595.00 P 20260814 -1.00 -1.00 1 20 0.4935 -0.8350 0.005452
597.50 P 20260814 -1.00 -1.00 1 5 0.4934 -0.8490 0.005196
600.00 P 20260814 -1.00 -1.00 4 60 0.4898 -0.8631 0.004935
602.50 P 20260814 -1.00 -1.00 6 2 0.4819 -0.8761 0.004668
605.00 P 20260814 -1.00 -1.00 1 21 0.4810 -0.8859 0.004414
607.50 P 20260814 -1.00 -1.00 2 4 0.4815 -0.8951 0.004165
610.00 P 20260814 -1.00 -1.00 1 12 0.4875 -0.9012 0.003949
612.50 P 20260814 -1.00 -1.00 1 3 0.4878 -0.9104 0.003704
615.00 P 20260814 -1.00 -1.00 2 4 0.4863 -0.9206 0.003443
617.50 P 20260814 -1.00 -1.00 2 9 0.4904 -0.9275 0.003233
620.00 P 20260814 -1.00 -1.00 1 5 0.4860 -0.9352 0.003015
622.50 P 20260814 -1.00 -1.00 2 2 0.4796 -0.9431 0.002785
625.00 P 20260814 -1.00 -1.00 2 73 0.4780 -0.9492 0.002580
627.50 P 20260814 -1.00 -1.00 2 1 0.4682 -0.9592 0.002306
630.00 P 20260814 -1.00 -1.00 9 5 0.4683 -0.9649 0.002105
632.50 P 20260814 -1.00 -1.00 16 18 0.4735 -0.9681 0.001959
635.00 P 20260814 -1.00 -1.00 1 1 0.4680 -0.9742 0.001748
637.50 P 20260814 -1.00 -1.00 2 1 0.4484 -0.9827 0.001506
640.00 P 20260814 -1.00 -1.00 1 19 0.4513 -0.9849 0.001375
642.50 P 20260814 -1.00 -1.00 2 1 0.4458 -0.9899 0.001125
645.00 P 20260814 -1.00 -1.00 2 1 -1.0000 -1.0000 -1.000000
647.50 P 20260814 -1.00 -1.00 -1 0 -1.0000 -1.0000 -1.000000
650.00 P 20260814 -1.00 -1.00 1 5 -1.0000 -1.0000 -1.000000
655.00 P 20260814 -1.00 -1.00 -1 0 -1.0000 -1.0000 -1.000000
660.00 P 20260814 -1.00 -1.00 1 1 -1.0000 -1.0000 -1.000000
665.00 P 20260814 -1.00 -1.00 2 0 -1.0000 -1.0000 -1.000000
670.00 P 20260814 -1.00 -1.00 -1 0 -1.0000 -1.0000 -1.000000
675.00 P 20260814 -1.00 -1.00 -1 0 -1.0000 -1.0000 -1.000000
680.00 P 20260814 -1.00 -1.00 -1 0 -1.0000 -1.0000 -1.000000
685.00 P 20260814 -1.00 -1.00 -1 0 -1.0000 -1.0000 -1.000000
690.00 P 20260814 -1.00 -1.00 -1 0 -1.0000 -1.0000 -1.000000
475.00 C 20260817 -1.00 -1.00 14 0 0.6057 0.8919 0.002893
480.00 C 20260817 -1.00 -1.00 4 0 0.5988 0.8783 0.003200
485.00 C 20260817 -1.00 -1.00 -1 0 0.5846 0.8625 0.003533
490.00 C 20260817 -1.00 -1.00 -1 0 0.5763 0.8437 0.003892
495.00 C 20260817 -1.00 -1.00 -1 0 0.5671 0.8248 0.004270
500.00 C 20260817 -1.00 -1.00 -1 0 0.5645 0.8030 0.004651
505.00 C 20260817 -1.00 -1.00 -1 0 0.5694 0.7756 0.004972
510.00 C 20260817 -1.00 -1.00 -1 0 0.5569 0.7508 0.005347
515.00 C 20260817 -1.00 -1.00 -1 0 0.5502 0.7232 0.005708
520.00 C 20260817 -1.00 -1.00 -1 0 0.5484 0.6937 0.006043
525.00 C 20260817 -1.00 -1.00 1 0 0.5357 0.6660 0.006476
530.00 C 20260817 -1.00 -1.00 1 0 0.5346 0.6316 0.006642
535.00 C 20260817 -1.00 -1.00 -1 0 0.5209 0.5984 0.006967
540.00 C 20260817 -1.00 -1.00 2 0 0.5228 0.5628 0.007101
545.00 C 20260817 -1.00 -1.00 1 0 0.5224 0.5274 0.007267
550.00 C 20260817 -1.00 -1.00 2 0 0.5025 0.4906 0.007486
555.00 C 20260817 -1.00 -1.00 1 0 0.5034 0.4544 0.007388
560.00 C 20260817 -1.00 -1.00 2 0 0.4991 0.4171 0.007363
565.00 C 20260817 -1.00 -1.00 1 0 0.5035 0.3819 0.007218
570.00 C 20260817 -1.00 -1.00 3 0 0.4930 0.3466 0.007056
575.00 C 20260817 -1.00 -1.00 -1 0 0.4878 0.3124 0.006802
580.00 C 20260817 -1.00 -1.00 -1 0 0.4898 0.2810 0.006474
585.00 C 20260817 -1.00 -1.00 11 0 0.4989 0.2538 0.006101
590.00 C 20260817 -1.00 -1.00 1 0 0.4846 0.2218 0.005778
595.00 C 20260817 -1.00 -1.00 1 0 0.4791 0.1941 0.005371
600.00 C 20260817 -1.00 -1.00 15 0 0.4743 0.1662 0.004942
605.00 C 20260817 -1.00 -1.00 1 0 0.4751 0.1430 0.004512
610.00 C 20260817 -1.00 -1.00 -1 0 0.4470 0.1118 0.003976
615.00 C 20260817 -1.00 -1.00 -1 0 0.4558 0.0993 0.003576
620.00 C 20260817 -1.00 -1.00 1 0 0.4468 0.0764 0.003045
475.00 P 20260817 -1.00 -1.00 15 0 0.5883 -0.1029 0.002866
480.00 P 20260817 -1.00 -1.00 -1 0 0.5929 -0.1194 0.003200
485.00 P 20260817 -1.00 -1.00 -1 0 0.5796 -0.1356 0.003538
490.00 P 20260817 -1.00 -1.00 3 0 0.5640 -0.1517 0.003904
495.00 P 20260817 -1.00 -1.00 -1 0 0.5589 -0.1725 0.004290
500.00 P 20260817 -1.00 -1.00 4 0 0.5548 -0.1940 0.004688
505.00 P 20260817 -1.00 -1.00 8 0 0.5478 -0.2165 0.005093
510.00 P 20260817 -1.00 -1.00 -1 0 0.5420 -0.2445 0.005453
515.00 P 20260817 -1.00 -1.00 4 0 0.5313 -0.2715 0.005862
520.00 P 20260817 -1.00 -1.00 13 0 0.5222 -0.3001 0.006287
525.00 P 20260817 -1.00 -1.00 1 0 0.5260 -0.3326 0.006606
530.00 P 20260817 -1.00 -1.00 6 0 0.5041 -0.3638 0.007043
535.00 P 20260817 -1.00 -1.00 7 0 0.5039 -0.4005 0.007218
540.00 P 20260817 -1.00 -1.00 8 0 0.5013 -0.4372 0.007430
545.00 P 20260817 -1.00 -1.00 1 0 0.5020 -0.4744 0.007596
550.00 P 20260817 -1.00 -1.00 1 0 0.4915 -0.5120 0.007685
555.00 P 20260817 -1.00 -1.00 1 0 0.4827 -0.5509 0.007735
560.00 P 20260817 -1.00 -1.00 -1 0 0.4820 -0.5891 0.007657
565.00 P 20260817 -1.00 -1.00 400 0 0.4941 -0.6232 0.007388
570.00 P 20260817 -1.00 -1.00 400 0 0.4864 -0.6581 0.007176
575.00 P 20260817 -1.00 -1.00 -1 0 0.4753 -0.6957 0.006981
580.00 P 20260817 -1.00 -1.00 -1 0 0.4714 -0.7314 0.006694
585.00 P 20260817 -1.00 -1.00 -1 0 0.4772 -0.7601 0.006294
590.00 P 20260817 -1.00 -1.00 2 0 0.4666 -0.7910 0.005907
595.00 P 20260817 -1.00 -1.00 -1 0 0.4643 -0.8183 0.005465
600.00 P 20260817 -1.00 -1.00 -1 0 0.4616 -0.8464 0.005013
605.00 P 20260817 -1.00 -1.00 -1 0 0.4657 -0.8659 0.004572
610.00 P 20260817 -1.00 -1.00 -1 0 0.4578 -0.8875 0.004123
615.00 P 20260817 -1.00 -1.00 -1 0 0.4545 -0.9071 0.003663
620.00 P 20260817 -1.00 -1.00 -1 0 0.4581 -0.9228 0.003252
400.00 C 20260821 -1.00 -1.00 1 398 0.8202 0.9643 0.000786
405.00 C 20260821 -1.00 -1.00 1 34 0.8012 0.9616 0.000854
410.00 C 20260821 -1.00 -1.00 4 71 0.7847 0.9584 0.000931
415.00 C 20260821 -1.00 -1.00 3 206 0.7684 0.9551 0.001014
420.00 C 20260821 -1.00 -1.00 1 169 0.7313 0.9554 0.001059
425.00 C 20260821 -1.00 -1.00 3 42 0.7458 0.9465 0.001215
430.00 C 20260821 -1.00 -1.00 1 255 0.7309 0.9424 0.001320
435.00 C 20260821 -1.00 -1.00 1 73 0.7110 0.9373 0.001441
440.00 C 20260821 -1.00 -1.00 1 264 0.7032 0.9284 0.001603
445.00 C 20260821 -1.00 -1.00 10 227 0.6771 0.9246 0.001730
450.00 C 20260821 -1.00 -1.00 3 983 0.6788 0.9126 0.001931
455.00 C 20260821 -1.00 -1.00 1 242 0.6610 0.9059 0.002101
460.00 C 20260821 -1.00 -1.00 2 340 0.6511 0.8967 0.002296
465.00 C 20260821 -1.00 -1.00 1 172 0.6452 0.8862 0.002504
470.00 C 20260821 -1.00 -1.00 8 253 0.6408 0.8709 0.002732
475.00 C 20260821 -1.00 -1.00 3 451 0.6115 0.8636 0.002964
480.00 C 20260821 -1.00 -1.00 21 227 0.5960 0.8506 0.003226
485.00 C 20260821 -1.00 -1.00 1 259 0.5865 0.8348 0.003505
490.00 C 20260821 -1.00 -1.00 1 336 0.5804 0.8173 0.003794
495.00 C 20260821 -1.00 -1.00 8 138 0.5811 0.7976 0.004076
500.00 C 20260821 -1.00 -1.00 3 402 0.5700 0.7775 0.004363
505.00 C 20260821 -1.00 -1.00 1 319 0.5593 0.7554 0.004656
510.00 C 20260821 -1.00 -1.00 12 190 0.5530 0.7312 0.004940
515.00 C 20260821 -1.00 -1.00 7 237 0.5505 0.7055 0.005209
520.00 C 20260821 -1.00 -1.00 15 3913 0.5492 0.6793 0.005473
525.00 C 20260821 -1.00 -1.00 25 663 0.5424 0.6518 0.005695
530.00 C 20260821 -1.00 -1.00 102 1144 0.5348 0.6227 0.005895
532.50 C 20260821 -1.00 -1.00 11 220 0.5313 0.6078 0.005994
535.00 C 20260821 -1.00 -1.00 21 293 0.5293 0.5925 0.006078
537.50 C 20260821 -1.00 -1.00 6 85 0.5290 0.5771 0.006145
540.00 C 20260821 -1.00 -1.00 403 517 0.5276 0.5617 0.006224
542.50 C 20260821 -1.00 -1.00 1466 99 0.5294 0.5462 0.006267
545.00 C 20260821 -1.00 -1.00 1329 175 0.5311 0.5308 0.006309
547.50 C 20260821 -1.00 -1.00 42 77 0.5267 0.5154 0.006344
550.00 C 20260821 -1.00 -1.00 1113 9293 0.5215 0.4997 0.006379
552.50 C 20260821 -1.00 -1.00 20 104 0.5189 0.4839 0.006382
555.00 C 20260821 -1.00 -1.00 55 277 0.5169 0.4681 0.006378
557.50 C 20260821 -1.00 -1.00 12 77 0.5143 0.4521 0.006380
560.00 C 20260821 -1.00 -1.00 209 1242 0.5138 0.4363 0.006357
562.50 C 20260821 -1.00 -1.00 29 63 0.5169 0.4214 0.006292
565.00 C 20260821 -1.00 -1.00 288 1267 0.5159 0.4056 0.006274
567.50 C 20260821 -1.00 -1.00 82 54 0.5210 0.3915 0.006188
570.00 C 20260821 -1.00 -1.00 920 3701 0.5159 0.3756 0.006176
572.50 C 20260821 -1.00 -1.00 26 559 0.5129 0.3611 0.006099
575.00 C 20260821 -1.00 -1.00 332 2836 0.5099 0.3465 0.006019
577.50 C 20260821 -1.00 -1.00 12 85 0.5086 0.3324 0.005921
580.00 C 20260821 -1.00 -1.00 1306 2684 0.5067 0.3180 0.005827
582.50 C 20260821 -1.00 -1.00 10 74 0.5072 0.3045 0.005714
585.00 C 20260821 -1.00 -1.00 166 3751 0.5070 0.2908 0.005605
587.50 C 20260821 -1.00 -1.00 522 3023 0.5080 0.2776 0.005489
590.00 C 20260821 -1.00 -1.00 454 2456 0.5090 0.2645 0.005373
592.50 C 20260821 -1.00 -1.00 133 80 0.5117 0.2524 0.005249
595.00 C 20260821 -1.00 -1.00 1421 6692 0.5071 0.2399 0.005126
600.00 C 20260821 -1.00 -1.00 309 16753 0.5071 0.2192 0.004835
605.00 C 20260821 -1.00 -1.00 132 1200 0.5034 0.1967 0.004549
610.00 C 20260821 -1.00 -1.00 673 1392 0.5041 0.1763 0.004253
615.00 C 20260821 -1.00 -1.00 1145 473 0.5070 0.1574 0.003961
620.00 C 20260821 -1.00 -1.00 153 1642 0.5031 0.1390 0.003672
625.00 C 20260821 -1.00 -1.00 2629 4102 0.4995 0.1236 0.003382
630.00 C 20260821 -1.00 -1.00 117 4277 0.4978 0.1089 0.003091
635.00 C 20260821 -1.00 -1.00 28 4063 0.5008 0.0968 0.002823
640.00 C 20260821 -1.00 -1.00 19 375 0.5036 0.0846 0.002560
645.00 C 20260821 -1.00 -1.00 5 1415 0.5059 0.0747 0.002327
650.00 C 20260821 -1.00 -1.00 302 8112 0.5020 0.0655 0.002101
655.00 C 20260821 -1.00 -1.00 17 5214 0.5017 0.0576 0.001892
660.00 C 20260821 -1.00 -1.00 32 3991 0.5018 0.0499 0.001684
665.00 C 20260821 -1.00 -1.00 4 2328 0.5069 0.0442 0.001516
670.00 C 20260821 -1.00 -1.00 28 1721 0.5126 0.0389 0.001361
675.00 C 20260821 -1.00 -1.00 5 2375 0.5177 0.0347 0.001233
680.00 C 20260821 -1.00 -1.00 24 707 0.5164 0.0307 0.001109
685.00 C 20260821 -1.00 -1.00 1 348 0.5180 0.0274 0.000999
690.00 C 20260821 -1.00 -1.00 1 716 0.5224 0.0247 0.000906
400.00 P 20260821 -1.00 -1.00 234 16199 0.7743 -0.0275 0.000677
405.00 P 20260821 -1.00 -1.00 8 1829 0.7549 -0.0299 0.000743
410.00 P 20260821 -1.00 -1.00 11 10474 0.7382 -0.0330 0.000821
415.00 P 20260821 -1.00 -1.00 16 1053 0.7367 -0.0391 0.000945
420.00 P 20260821 -1.00 -1.00 19 2256 0.7119 -0.0409 0.001014
425.00 P 20260821 -1.00 -1.00 20 1663 0.6929 -0.0438 0.001104
430.00 P 20260821 -1.00 -1.00 49 4365 0.6895 -0.0499 0.001239
435.00 P 20260821 -1.00 -1.00 10 1140 0.6880 -0.0564 0.001381
440.00 P 20260821 -1.00 -1.00 125 4787 0.6700 -0.0616 0.001513
445.00 P 20260821 -1.00 -1.00 8 533 0.6540 -0.0683 0.001670
450.00 P 20260821 -1.00 -1.00 304 33152 0.6380 -0.0753 0.001838
455.00 P 20260821 -1.00 -1.00 17 1129 0.6258 -0.0838 0.002031
460.00 P 20260821 -1.00 -1.00 168 5638 0.6179 -0.0939 0.002245
465.00 P 20260821 -1.00 -1.00 154 3904 0.6114 -0.1046 0.002471
470.00 P 20260821 -1.00 -1.00 1164 5396 0.6083 -0.1166 0.002710
475.00 P 20260821 -1.00 -1.00 1759 42338 0.5938 -0.1297 0.002962
480.00 P 20260821 -1.00 -1.00 252 6083 0.5846 -0.1453 0.003235
485.00 P 20260821 -1.00 -1.00 26 3568 0.5755 -0.1615 0.003522
490.00 P 20260821 -1.00 -1.00 110 3857 0.5698 -0.1793 0.003820
495.00 P 20260821 -1.00 -1.00 1090 1430 0.5666 -0.1983 0.004124
500.00 P 20260821 -1.00 -1.00 882 22142 0.5621 -0.2201 0.004411
505.00 P 20260821 -1.00 -1.00 194 1883 0.5504 -0.2421 0.004716
510.00 P 20260821 -1.00 -1.00 191 3818 0.5450 -0.2669 0.005004
515.00 P 20260821 -1.00 -1.00 290 1659 0.5409 -0.2926 0.005293
520.00 P 20260821 -1.00 -1.00 106 7046 0.5411 -0.3196 0.005557
525.00 P 20260821 -1.00 -1.00 207 5576 0.5352 -0.3478 0.005788
530.00 P 20260821 -1.00 -1.00 5983 16156 0.5273 -0.3773 0.005997
532.50 P 20260821 -1.00 -1.00 39 221 0.5244 -0.3925 0.006094
535.00 P 20260821 -1.00 -1.00 43 2137 0.5231 -0.4080 0.006174
537.50 P 20260821 -1.00 -1.00 183 288 0.5218 -0.4236 0.006255
540.00 P 20260821 -1.00 -1.00 2508 6080 0.5220 -0.4393 0.006318
542.50 P 20260821 -1.00 -1.00 1629 136 0.5228 -0.4550 0.006375
545.00 P 20260821 -1.00 -1.00 34 636 0.5233 -0.4709 0.006434
547.50 P 20260821 -1.00 -1.00 11 137 0.5193 -0.4866 0.006465
550.00 P 20260821 -1.00 -1.00 746 5071 0.5147 -0.5026 0.006494
552.50 P 20260821 -1.00 -1.00 28 67 0.5117 -0.5186 0.006504
555.00 P 20260821 -1.00 -1.00 22 486 0.5092 -0.5348 0.006507
557.50 P 20260821 -1.00 -1.00 13 77 0.5083 -0.5508 0.006491
560.00 P 20260821 -1.00 -1.00 146 10999 0.5063 -0.5672 0.006487
562.50 P 20260821 -1.00 -1.00 29 352 0.5074 -0.5829 0.006446
565.00 P 20260821 -1.00 -1.00 33 866 0.5089 -0.5985 0.006400
567.50 P 20260821 -1.00 -1.00 2 111 0.5093 -0.6144 0.006367
570.00 P 20260821 -1.00 -1.00 46 3329 0.5040 -0.6305 0.006338
572.50 P 20260821 -1.00 -1.00 2 218 0.5056 -0.6438 0.006211
575.00 P 20260821 -1.00 -1.00 3 4121 0.4958 -0.6617 0.006193
577.50 P 20260821 -1.00 -1.00 1 11 0.4986 -0.6746 0.006055
580.00 P 20260821 -1.00 -1.00 66 8571 0.4951 -0.6902 0.005974
582.50 P 20260821 -1.00 -1.00 1 20 0.4869 -0.7083 0.005928
585.00 P 20260821 -1.00 -1.00 2 5710 0.4988 -0.7166 0.005719
587.50 P 20260821 -1.00 -1.00 1 2 0.4952 -0.7327 0.005634
590.00 P 20260821 -1.00 -1.00 5 1673 0.4907 -0.7495 0.005549
592.50 P 20260821 -1.00 -1.00 1 1 0.4966 -0.7583 0.005372
595.00 P 20260821 -1.00 -1.00 1 6606 0.4885 -0.7729 0.005254
600.00 P 20260821 -1.00 -1.00 1 8344 0.4900 -0.7938 0.004939
605.00 P 20260821 -1.00 -1.00 1 217 0.4825 -0.8200 0.004641
610.00 P 20260821 -1.00 -1.00 2 568 0.4784 -0.8450 0.004319
615.00 P 20260821 -1.00 -1.00 10 508 0.4849 -0.8607 0.004004
620.00 P 20260821 -1.00 -1.00 2 2234 0.4767 -0.8795 0.003689
625.00 P 20260821 -1.00 -1.00 1 423 0.4726 -0.8967 0.003362
630.00 P 20260821 -1.00 -1.00 7 392 0.4668 -0.9154 0.003016
635.00 P 20260821 -1.00 -1.00 1 4308 0.4714 -0.9277 0.002723
640.00 P 20260821 -1.00 -1.00 1 2419 0.4587 -0.9426 0.002407
645.00 P 20260821 -1.00 -1.00 9 136 0.4512 -0.9553 0.002111
650.00 P 20260821 -1.00 -1.00 2 240 0.4458 -0.9675 0.001794
655.00 P 20260821 -1.00 -1.00 8 239 0.4299 -0.9805 0.001459
660.00 P 20260821 -1.00 -1.00 18 187 0.4808 -0.9682 0.001615
665.00 P 20260821 -1.00 -1.00 4 74 0.4193 -0.9948 0.000775
670.00 P 20260821 -1.00 -1.00 4 170 -1.0000 -1.0000 -1.000000
675.00 P 20260821 -1.00 -1.00 1 70 -1.0000 -1.0000 -1.000000
680.00 P 20260821 -1.00 -1.00 1 22 0.4608 -0.9951 0.000655
685.00 P 20260821 -1.00 -1.00 1 45 -1.0000 -1.0000 -1.000000
690.00 P 20260821 -1.00 -1.00 1 11 -1.0000 -1.0000 -1.000000
325.00 C 20260807 -1.00 -1.00 -1 0 2.2191 0.9908 0.000193
330.00 C 20260807 -1.00 -1.00 1 1 2.1678 0.9902 0.000208
335.00 C 20260807 -1.00 -1.00 -1 0 2.1173 0.9895 0.000225
340.00 C 20260807 -1.00 -1.00 -1 0 2.0568 0.9893 0.000236
345.00 C 20260807 -1.00 -1.00 -1 0 1.9971 0.9890 0.000248
350.00 C 20260807 -1.00 -1.00 4 5 1.9596 0.9879 0.000275
355.00 C 20260807 -1.00 -1.00 -1 0 1.8805 0.9885 0.000274
360.00 C 20260807 -1.00 -1.00 -1 0 1.8234 0.9882 0.000289
365.00 C 20260807 -1.00 -1.00 -1 0 1.7775 0.9874 0.000313
370.00 C 20260807 -1.00 -1.00 -1 0 1.7322 0.9866 0.000339
375.00 C 20260807 -1.00 -1.00 1 2 1.6671 0.9867 0.000349
380.00 C 20260807 -1.00 -1.00 -1 0 1.6232 0.9858 0.000379
385.00 C 20260807 -1.00 -1.00 -1 0 1.5698 0.9854 0.000401
390.00 C 20260807 -1.00 -1.00 1 1 1.5271 0.9845 0.000436
392.50 C 20260807 -1.00 -1.00 -1 0 1.5010 0.9842 0.000450
395.00 C 20260807 -1.00 -1.00 -1 0 1.4750 0.9840 0.000463
397.50 C 20260807 -1.00 -1.00 -1 0 1.4591 0.9832 0.000489
325.00 P 20260807 -1.00 -1.00 51 5250 2.0087 -0.0053 0.000130
330.00 P 20260807 -1.00 -1.00 205 88 1.6113 -0.0009 0.000032
335.00 P 20260807 -1.00 -1.00 34 173 1.5785 -0.0011 0.000039
340.00 P 20260807 -1.00 -1.00 84 223 1.6152 -0.0020 0.000067
345.00 P 20260807 -1.00 -1.00 28 35 1.4448 -0.0008 0.000033
350.00 P 20260807 -1.00 -1.00 63 215 1.5782 -0.0027 0.000090
355.00 P 20260807 -1.00 -1.00 44 67 1.5062 -0.0025 0.000087
360.00 P 20260807 -1.00 -1.00 217 1396 1.3815 -0.0016 0.000063
365.00 P 20260807 -1.00 -1.00 100 8550 1.3385 -0.0016 0.000067
370.00 P 20260807 -1.00 -1.00 26 50410 1.3092 -0.0019 0.000077
375.00 P 20260807 -1.00 -1.00 1779 269 1.3066 -0.0025 0.000100
380.00 P 20260807 -1.00 -1.00 576 117 1.2650 -0.0025 0.000106
385.00 P 20260807 -1.00 -1.00 26 1638 1.2498 -0.0030 0.000125
390.00 P 20260807 -1.00 -1.00 29 801 1.2219 -0.0033 0.000139
392.50 P 20260807 -1.00 -1.00 17 44 1.2167 -0.0038 0.000161
395.00 P 20260807 -1.00 -1.00 61 366 1.1946 -0.0039 0.000166
397.50 P 20260807 -1.00 -1.00 12 35 1.1772 -0.0042 0.000178
390.00 C 20260810 -1.00 -1.00 -1 0 1.1091 0.9887 0.000349
392.50 C 20260810 -1.00 -1.00 -1 0 1.0815 0.9892 0.000345
395.00 C 20260810 -1.00 -1.00 1 1 1.0693 0.9885 0.000369
397.50 C 20260810 -1.00 -1.00 -1 0 1.0495 0.9883 0.000380
390.00 P 20260810 -1.00 -1.00 17 1 0.9811 -0.0054 0.000205
392.50 P 20260810 -1.00 -1.00 1 1 0.9747 -0.0060 0.000226
395.00 P 20260810 -1.00 -1.00 -1 0 0.9648 -0.0064 0.000243
397.50 P 20260810 -1.00 -1.00 1 0 0.9515 -0.0067 0.000256
390.00 C 20260812 -1.00 -1.00 -1 0 0.9886 0.9880 0.000363
392.50 C 20260812 -1.00 -1.00 -1 0 0.9843 0.9867 0.000399
395.00 C 20260812 -1.00 -1.00 -1 0 0.9801 0.9853 0.000435
397.50 C 20260812 -1.00 -1.00 -1 0 0.9624 0.9851 0.000448
390.00 P 20260812 -1.00 -1.00 1 0 0.9346 -0.0085 0.000287
392.50 P 20260812 -1.00 -1.00 2 0 0.9661 -0.0116 0.000364
395.00 P 20260812 -1.00 -1.00 2 1 0.8883 -0.0081 0.000288
397.50 P 20260812 -1.00 -1.00 2 1 0.8921 -0.0091 0.000320
325.00 C 20260814 -1.00 -1.00 -1 0 1.3886 0.9889 0.000218
330.00 C 20260814 -1.00 -1.00 -1 0 1.3561 0.9883 0.000234
335.00 C 20260814 -1.00 -1.00 -1 0 1.3242 0.9877 0.000250
340.00 C 20260814 -1.00 -1.00 1 1 1.2927 0.9871 0.000268
345.00 C 20260814 -1.00 -1.00 -1 0 1.2682 0.9860 0.000293
350.00 C 20260814 -1.00 -1.00 4 0 1.2311 0.9857 0.000307
355.00 C 20260814 -1.00 -1.00 -1 0 1.2010 0.9850 0.000329
360.00 C 20260814 -1.00 -1.00 -1 0 1.1713 0.9842 0.000352
365.00 C 20260814 -1.00 -1.00 -1 0 1.1484 0.9830 0.000384
367.50 C 20260814 -1.00 -1.00 -1 0 1.1307 0.9828 0.000393
370.00 C 20260814 -1.00 -1.00 -1 0 1.1132 0.9826 0.000404
372.50 C 20260814 -1.00 -1.00 -1 0 1.1020 0.9819 0.000421
375.00 C 20260814 -1.00 -1.00 -1 0 1.0910 0.9812 0.000440
377.50 C 20260814 -1.00 -1.00 -1 0 1.0800 0.9806 0.000459
380.00 C 20260814 -1.00 -1.00 -1 0 1.0629 0.9803 0.000471
382.50 C 20260814 -1.00 -1.00 -1 0 1.0521 0.9796 0.000491
385.00 C 20260814 -1.00 -1.00 1 1 1.0414 0.9789 0.000512
387.50 C 20260814 -1.00 -1.00 -1 0 1.0307 0.9782 0.000533
390.00 C 20260814 -1.00 -1.00 -1 0 1.0202 0.9774 0.000556
392.50 C 20260814 -1.00 -1.00 -1 0 1.0097 0.9767 0.000578
395.00 C 20260814 -1.00 -1.00 -1 0 0.9931 0.9763 0.000595
397.50 C 20260814 -1.00 -1.00 -1 0 0.9827 0.9755 0.000620
325.00 P 20260814 -1.00 -1.00 2 248 1.1445 -0.0028 0.000079
330.00 P 20260814 -1.00 -1.00 5 124 1.1262 -0.0031 0.000089
335.00 P 20260814 -1.00 -1.00 3 102 1.1532 -0.0053 0.000138
340.00 P 20260814 -1.00 -1.00 113 248 1.0964 -0.0046 0.000127
345.00 P 20260814 -1.00 -1.00 1 10 1.0864 -0.0055 0.000151
350.00 P 20260814 -1.00 -1.00 31 80 1.0248 -0.0045 0.000133
355.00 P 20260814 -1.00 -1.00 1 3 1.0729 -0.0076 0.000206
360.00 P 20260814 -1.00 -1.00 50 27 1.0183 -0.0070 0.000199
365.00 P 20260814 -1.00 -1.00 13 81 0.9943 -0.0074 0.000216
367.50 P 20260814 -1.00 -1.00 1 3 0.9883 -0.0079 0.000229
370.00 P 20260814 -1.00 -1.00 2 120 0.9884 -0.0086 0.000248
372.50 P 20260814 -1.00 -1.00 1 0 0.9854 -0.0092 0.000265
375.00 P 20260814 -1.00 -1.00 55 3 0.9766 -0.0095 0.000277
377.50 P 20260814 -1.00 -1.00 -1 0 0.9642 -0.0100 0.000293
380.00 P 20260814 -1.00 -1.00 78 127 0.9519 -0.0105 0.000308
382.50 P 20260814 -1.00 -1.00 -1 0 0.9596 -0.0128 0.000361
385.00 P 20260814 -1.00 -1.00 10 16 0.9325 -0.0120 0.000351
387.50 P 20260814 -1.00 -1.00 205 0 0.9254 -0.0130 0.000379
390.00 P 20260814 -1.00 -1.00 5 81 0.9072 -0.0130 0.000386
392.50 P 20260814 -1.00 -1.00 -1 0 0.9125 -0.0152 0.000438
395.00 P 20260814 -1.00 -1.00 10 73 0.8884 -0.0146 0.000435
397.50 P 20260814 -1.00 -1.00 -1 0 0.8925 -0.0167 0.000487
325.00 C 20260821 -1.00 -1.00 1 5 1.0829 0.9894 0.000211
330.00 C 20260821 -1.00 -1.00 2 31 1.0621 0.9885 0.000231
335.00 C 20260821 -1.00 -1.00 1 48 1.0416 0.9875 0.000252
340.00 C 20260821 -1.00 -1.00 3 15 1.0214 0.9865 0.000275
345.00 C 20260821 -1.00 -1.00 1 52 1.0015 0.9855 0.000299
350.00 C 20260821 -1.00 -1.00 5 186 1.0128 0.9821 0.000356
355.00 C 20260821 -1.00 -1.00 2 64 0.9627 0.9833 0.000351
360.00 C 20260821 -1.00 -1.00 5 46 0.9437 0.9822 0.000380
365.00 C 20260821 -1.00 -1.00 1 31 0.9249 0.9810 0.000411
370.00 C 20260821 -1.00 -1.00 5 160 0.9065 0.9798 0.000444
375.00 C 20260821 -1.00 -1.00 5 292 0.8982 0.9777 0.000490
380.00 C 20260821 -1.00 -1.00 3 116 0.9104 0.9720 0.000581
385.00 C 20260821 -1.00 -1.00 1 22 0.8853 0.9705 0.000623
390.00 C 20260821 -1.00 -1.00 1 32 0.8629 0.9686 0.000673
395.00 C 20260821 -1.00 -1.00 1 29 0.8433 0.9662 0.000731
325.00 P 20260821 -1.00 -1.00 4 266 1.0140 -0.0072 0.000162
330.00 P 20260821 -1.00 -1.00 12 1256 1.0025 -0.0079 0.000179
335.00 P 20260821 -1.00 -1.00 2 207 0.9788 -0.0082 0.000190
340.00 P 20260821 -1.00 -1.00 1 504 0.9699 -0.0093 0.000213
345.00 P 20260821 -1.00 -1.00 1 164 0.9061 -0.0078 0.000196
350.00 P 20260821 -1.00 -1.00 170 2365 0.9257 -0.0108 0.000253
355.00 P 20260821 -1.00 -1.00 2 177 0.8964 -0.0109 0.000264
360.00 P 20260821 -1.00 -1.00 8 1304 0.8888 -0.0130 0.000309
365.00 P 20260821 -1.00 -1.00 2 310 0.8582 -0.0130 0.000320
370.00 P 20260821 -1.00 -1.00 5 3819 0.8630 -0.0164 0.000388
375.00 P 20260821 -1.00 -1.00 3 654 0.8311 -0.0163 0.000401
380.00 P 20260821 -1.00 -1.00 28 987 0.8281 -0.0190 0.000460
385.00 P 20260821 -1.00 -1.00 16 166 0.8046 -0.0198 0.000491
390.00 P 20260821 -1.00 -1.00 20 982 0.8039 -0.0227 0.000558
395.00 P 20260821 -1.00 -1.00 1 3572 0.7937 -0.0251 0.000616
695.00 C 20260803 -1.00 -1.00 5 0 5.9020 0.0301 0.000992
697.50 C 20260803 -1.00 -1.00 28 0 5.9330 0.0291 0.000957
700.00 C 20260803 -1.00 -1.00 29 37 5.6679 0.0220 0.000787
702.50 C 20260803 -1.00 -1.00 19 0 6.0684 0.0285 0.000919
705.00 C 20260803 -1.00 -1.00 20 4 6.1211 0.0279 0.000896
710.00 C 20260803 -1.00 -1.00 15 3 6.2552 0.0274 0.000862
715.00 C 20260803 -1.00 -1.00 12 6 5.8173 0.0152 0.000566
720.00 C 20260803 -1.00 -1.00 20 4 7.2739 0.0416 0.001051
725.00 C 20260803 -1.00 -1.00 20 13 6.6812 0.0265 0.000783
730.00 C 20260803 -1.00 -1.00 19 3 6.8116 0.0261 0.000757
735.00 C 20260803 -1.00 -1.00 21 0 6.9194 0.0252 0.000725
740.00 C 20260803 -1.00 -1.00 3 1 7.0194 0.0243 0.000692
695.00 P 20260803 -1.00 -1.00 -1 0 -1.0000 -1.0000 -1.000000
697.50 P 20260803 -1.00 -1.00 -1 0 -1.0000 -1.0000 -1.000000
700.00 P 20260803 -1.00 -1.00 -1 0 -1.0000 -1.0000 -1.000000
702.50 P 20260803 -1.00 -1.00 -1 0 -1.0000 -1.0000 -1.000000
705.00 P 20260803 -1.00 -1.00 -1 0 -1.0000 -1.0000 -1.000000
710.00 P 20260803 -1.00 -1.00 -1 0 -1.0000 -1.0000 -1.000000
715.00 P 20260803 -1.00 -1.00 -1 0 -1.0000 -1.0000 -1.000000
720.00 P 20260803 -1.00 -1.00 -1 0 -1.0000 -1.0000 -1.000000
725.00 P 20260803 -1.00 -1.00 -1 0 -1.0000 -1.0000 -1.000000
730.00 P 20260803 -1.00 -1.00 -1 0 -1.0000 -1.0000 -1.000000
735.00 P 20260803 -1.00 -1.00 -1 0 -1.0000 -1.0000 -1.000000
740.00 P 20260803 -1.00 -1.00 -1 0 -1.0000 -1.0000 -1.000000
695.00 C 20260805 -1.00 -1.00 -1 0 1.6270 0.0291 0.000972
697.50 C 20260805 -1.00 -1.00 2 1 1.6871 0.0316 0.001009
700.00 C 20260805 -1.00 -1.00 1 1 1.6710 0.0289 0.000942
702.50 C 20260805 -1.00 -1.00 -1 0 1.7657 0.0337 0.001019
705.00 C 20260805 -1.00 -1.00 -1 0 1.7107 0.0285 0.000908
710.00 C 20260805 -1.00 -1.00 -1 0 1.8215 0.0327 0.000963
715.00 C 20260805 -1.00 -1.00 -1 0 1.8176 0.0296 0.000882
720.00 C 20260805 -1.00 -1.00 2 1 1.8705 0.0301 0.000870
725.00 C 20260805 -1.00 -1.00 -1 0 1.8888 0.0285 0.000820
730.00 C 20260805 -1.00 -1.00 -1 0 1.9673 0.0306 0.000838
735.00 C 20260805 -1.00 -1.00 -1 0 2.2999 0.0543 0.001137
740.00 C 20260805 -1.00 -1.00 -1 0 2.0187 0.0284 0.000767
695.00 P 20260805 -1.00 -1.00 1 0 -1.0000 -1.0000 -1.000000
697.50 P 20260805 -1.00 -1.00 -1 0 -1.0000 -1.0000 -1.000000
700.00 P 20260805 -1.00 -1.00 -1 0 -1.0000 -1.0000 -1.000000
702.50 P 20260805 -1.00 -1.00 -1 0 -1.0000 -1.0000 -1.000000
705.00 P 20260805 -1.00 -1.00 -1 0 -1.0000 -1.0000 -1.000000
710.00 P 20260805 -1.00 -1.00 1 0 -1.0000 -1.0000 -1.000000
715.00 P 20260805 -1.00 -1.00 1 0 -1.0000 -1.0000 -1.000000
720.00 P 20260805 -1.00 -1.00 -1 0 -1.0000 -1.0000 -1.000000
725.00 P 20260805 -1.00 -1.00 -1 0 -1.0000 -1.0000 -1.000000
730.00 P 20260805 -1.00 -1.00 -1 0 -1.0000 -1.0000 -1.000000
735.00 P 20260805 -1.00 -1.00 -1 0 -1.0000 -1.0000 -1.000000
740.00 P 20260805 -1.00 -1.00 -1 0 -1.0000 -1.0000 -1.000000
695.00 C 20260807 -1.00 -1.00 2 552 0.8912 0.0049 0.000274
700.00 C 20260807 -1.00 -1.00 3 1676 1.0016 0.0104 0.000469
705.00 C 20260807 -1.00 -1.00 286 1121 0.9811 0.0074 0.000355
710.00 C 20260807 -1.00 -1.00 12 89 0.9319 0.0039 0.000210
715.00 C 20260807 -1.00 -1.00 3 80 0.9624 0.0040 0.000212
720.00 C 20260807 -1.00 -1.00 3 556 1.0324 0.0057 0.000270
725.00 C 20260807 -1.00 -1.00 4 298 0.9764 0.0032 0.000166
730.00 C 20260807 -1.00 -1.00 2 741 0.9972 0.0031 0.000160
735.00 C 20260807 -1.00 -1.00 43 64 1.1665 0.0090 0.000355
740.00 C 20260807 -1.00 -1.00 4 139 1.1118 0.0047 0.000213
745.00 C 20260807 -1.00 -1.00 4 38 1.2123 0.0087 0.000332
750.00 C 20260807 -1.00 -1.00 24 196 1.1784 0.0055 0.000229
755.00 C 20260807 -1.00 -1.00 24 122 1.3038 0.0108 0.000371
760.00 C 20260807 -1.00 -1.00 215 368 1.1552 0.0036 0.000160
765.00 C 20260807 -1.00 -1.00 9 24 1.3480 0.0104 0.000349
695.00 P 20260807 -1.00 -1.00 2 0 -1.0000 -1.0000 -1.000000
700.00 P 20260807 -1.00 -1.00 1 0 -1.0000 -1.0000 -1.000000
705.00 P 20260807 -1.00 -1.00 2 0 -1.0000 -1.0000 -1.000000
710.00 P 20260807 -1.00 -1.00 -1 0 -1.0000 -1.0000 -1.000000
715.00 P 20260807 -1.00 -1.00 -1 0 -1.0000 -1.0000 -1.000000
720.00 P 20260807 -1.00 -1.00 -1 0 -1.0000 -1.0000 -1.000000
725.00 P 20260807 -1.00 -1.00 1 0 -1.0000 -1.0000 -1.000000
730.00 P 20260807 -1.00 -1.00 1 1 -1.0000 -1.0000 -1.000000
735.00 P 20260807 -1.00 -1.00 8 0 -1.0000 -1.0000 -1.000000
740.00 P 20260807 -1.00 -1.00 1 0 -1.0000 -1.0000 -1.000000
745.00 P 20260807 -1.00 -1.00 -1 0 -1.0000 -1.0000 -1.000000
750.00 P 20260807 -1.00 -1.00 2 0 -1.0000 -1.0000 -1.000000
755.00 P 20260807 -1.00 -1.00 -1 0 -1.0000 -1.0000 -1.000000
760.00 P 20260807 -1.00 -1.00 -1 0 -1.0000 -1.0000 -1.000000
765.00 P 20260807 -1.00 -1.00 -1 0 -1.0000 -1.0000 -1.000000
695.00 C 20260810 -1.00 -1.00 -1 0 0.8673 0.0257 0.000899
700.00 C 20260810 -1.00 -1.00 -1 0 0.8905 0.0254 0.000868
705.00 C 20260810 -1.00 -1.00 -1 0 0.9113 0.0249 0.000834
710.00 C 20260810 -1.00 -1.00 -1 0 0.9275 0.0239 0.000789
715.00 C 20260810 -1.00 -1.00 -1 0 0.9547 0.0243 0.000778
720.00 C 20260810 -1.00 -1.00 -1 0 0.9739 0.0237 0.000747
725.00 C 20260810 -1.00 -1.00 -1 0 1.0030 0.0244 0.000743
730.00 C 20260810 -1.00 -1.00 -1 0 1.1473 0.0382 0.000958
735.00 C 20260810 -1.00 -1.00 -1 0 -1.0000 -1.0000 -1.000000
740.00 C 20260810 -1.00 -1.00 -1 0 -1.0000 -1.0000 -1.000000
695.00 P 20260810 -1.00 -1.00 1 0 -1.0000 -1.0000 -1.000000
700.00 P 20260810 -1.00 -1.00 -1 0 -1.0000 -1.0000 -1.000000
705.00 P 20260810 -1.00 -1.00 -1 0 -1.0000 -1.0000 -1.000000
710.00 P 20260810 -1.00 -1.00 -1 0 -1.0000 -1.0000 -1.000000
715.00 P 20260810 -1.00 -1.00 -1 0 -1.0000 -1.0000 -1.000000
720.00 P 20260810 -1.00 -1.00 -1 0 -1.0000 -1.0000 -1.000000
725.00 P 20260810 -1.00 -1.00 -1 0 -1.0000 -1.0000 -1.000000
730.00 P 20260810 -1.00 -1.00 -1 0 -1.0000 -1.0000 -1.000000
735.00 P 20260810 -1.00 -1.00 -1 0 -1.0000 -1.0000 -1.000000
740.00 P 20260810 -1.00 -1.00 -1 0 -1.0000 -1.0000 -1.000000
695.00 C 20260812 -1.00 -1.00 -1 0 0.7654 0.0255 0.000896
700.00 C 20260812 -1.00 -1.00 -1 0 0.7839 0.0250 0.000859
705.00 C 20260812 -1.00 -1.00 -1 0 0.8142 0.0263 0.000863
710.00 C 20260812 -1.00 -1.00 -1 0 0.8206 0.0240 0.000793
715.00 C 20260812 -1.00 -1.00 -1 0 0.8368 0.0233 0.000757
720.00 C 20260812 -1.00 -1.00 -1 0 0.8549 0.0229 0.000729
725.00 C 20260812 -1.00 -1.00 -1 0 0.8737 0.0226 0.000707
730.00 C 20260812 -1.00 -1.00 -1 0 0.9022 0.0237 0.000713
735.00 C 20260812 -1.00 -1.00 -1 0 0.9198 0.0233 0.000689
740.00 C 20260812 -1.00 -1.00 -1 0 0.9383 0.0231 0.000670
695.00 P 20260812 -1.00 -1.00 -1 0 -1.0000 -1.0000 -1.000000
700.00 P 20260812 -1.00 -1.00 -1 0 -1.0000 -1.0000 -1.000000
705.00 P 20260812 -1.00 -1.00 -1 0 -1.0000 -1.0000 -1.000000
710.00 P 20260812 -1.00 -1.00 -1 0 -1.0000 -1.0000 -1.000000
715.00 P 20260812 -1.00 -1.00 -1 0 -1.0000 -1.0000 -1.000000
720.00 P 20260812 -1.00 -1.00 -1 0 -1.0000 -1.0000 -1.000000
725.00 P 20260812 -1.00 -1.00 -1 0 -1.0000 -1.0000 -1.000000
730.00 P 20260812 -1.00 -1.00 -1 0 -1.0000 -1.0000 -1.000000
735.00 P 20260812 -1.00 -1.00 -1 0 -1.0000 -1.0000 -1.000000
740.00 P 20260812 -1.00 -1.00 -1 0 -1.0000 -1.0000 -1.000000
695.00 C 20260814 -1.00 -1.00 2 35 0.5810 0.0091 0.000440
700.00 C 20260814 -1.00 -1.00 1 119 0.6166 0.0110 0.000490
705.00 C 20260814 -1.00 -1.00 10 29 0.6561 0.0130 0.000539
710.00 C 20260814 -1.00 -1.00 1 19 0.6685 0.0126 0.000512
715.00 C 20260814 -1.00 -1.00 57 135 0.6830 0.0124 0.000492
720.00 C 20260814 -1.00 -1.00 3 16 0.6973 0.0121 0.000474
725.00 C 20260814 -1.00 -1.00 56 73 0.7095 0.0117 0.000451
730.00 C 20260814 -1.00 -1.00 10 27 0.7237 0.0115 0.000435
735.00 C 20260814 -1.00 -1.00 1 4 0.7377 0.0113 0.000420
740.00 C 20260814 -1.00 -1.00 14 13 0.7497 0.0110 0.000402
745.00 C 20260814 -1.00 -1.00 1 1 0.7656 0.0109 0.000393
750.00 C 20260814 -1.00 -1.00 892 19 0.7151 0.0052 0.000218
755.00 C 20260814 -1.00 -1.00 301 0 0.7086 0.0043 0.000186
760.00 C 20260814 -1.00 -1.00 8 1503 0.7426 0.0050 0.000205
765.00 C 20260814 -1.00 -1.00 5 14 0.7001 0.0030 0.000133
695.00 P 20260814 -1.00 -1.00 -1 0 -1.0000 -1.0000 -1.000000
700.00 P 20260814 -1.00 -1.00 5 0 -1.0000 -1.0000 -1.000000
705.00 P 20260814 -1.00 -1.00 3 0 -1.0000 -1.0000 -1.000000
710.00 P 20260814 -1.00 -1.00 -1 0 -1.0000 -1.0000 -1.000000
715.00 P 20260814 -1.00 -1.00 -1 0 -1.0000 -1.0000 -1.000000
720.00 P 20260814 -1.00 -1.00 -1 0 -1.0000 -1.0000 -1.000000
725.00 P 20260814 -1.00 -1.00 1 0 -1.0000 -1.0000 -1.000000
730.00 P 20260814 -1.00 -1.00 -1 0 -1.0000 -1.0000 -1.000000
735.00 P 20260814 -1.00 -1.00 -1 0 -1.0000 -1.0000 -1.000000
740.00 P 20260814 -1.00 -1.00 -1 0 -1.0000 -1.0000 -1.000000
745.00 P 20260814 -1.00 -1.00 1 0 -1.0000 -1.0000 -1.000000
750.00 P 20260814 -1.00 -1.00 1 1 -1.0000 -1.0000 -1.000000
755.00 P 20260814 -1.00 -1.00 -1 0 -1.0000 -1.0000 -1.000000
760.00 P 20260814 -1.00 -1.00 -1 0 -1.0000 -1.0000 -1.000000
765.00 P 20260814 -1.00 -1.00 -1 0 -1.0000 -1.0000 -1.000000
695.00 C 20260821 -1.00 -1.00 1 267 0.5255 0.0217 0.000807
700.00 C 20260821 -1.00 -1.00 40 4263 0.5242 0.0178 0.000685
705.00 C 20260821 -1.00 -1.00 1 438 0.5326 0.0162 0.000626
710.00 C 20260821 -1.00 -1.00 4 896 0.5416 0.0149 0.000576
715.00 C 20260821 -1.00 -1.00 4 296 0.5437 0.0134 0.000523
720.00 C 20260821 -1.00 -1.00 5 1272 0.5264 0.0100 0.000411
725.00 C 20260821 -1.00 -1.00 67 450 0.5582 0.0121 0.000462
730.00 C 20260821 -1.00 -1.00 1 376 0.5551 0.0103 0.000402
735.00 C 20260821 -1.00 -1.00 1 1877 0.5882 0.0125 0.000452
740.00 C 20260821 -1.00 -1.00 2 2236 0.6133 0.0137 0.000472
745.00 C 20260821 -1.00 -1.00 2 127 0.6209 0.0132 0.000449
750.00 C 20260821 -1.00 -1.00 1 1923 0.5663 0.0059 0.000243
755.00 C 20260821 -1.00 -1.00 1 198 0.6066 0.0091 0.000330
760.00 C 20260821 -1.00 -1.00 9 966 0.5808 0.0050 0.000205
765.00 C 20260821 -1.00 -1.00 2 151 0.5902 0.0049 0.000199
695.00 P 20260821 -1.00 -1.00 10 1 -1.0000 -1.0000 -1.000000
700.00 P 20260821 -1.00 -1.00 11 15 -1.0000 -1.0000 -1.000000
705.00 P 20260821 -1.00 -1.00 22 14 -1.0000 -1.0000 -1.000000
710.00 P 20260821 -1.00 -1.00 1 0 -1.0000 -1.0000 -1.000000
715.00 P 20260821 -1.00 -1.00 9 0 -1.0000 -1.0000 -1.000000
720.00 P 20260821 -1.00 -1.00 1 0 -1.0000 -1.0000 -1.000000
725.00 P 20260821 -1.00 -1.00 40 0 -1.0000 -1.0000 -1.000000
730.00 P 20260821 -1.00 -1.00 2 0 -1.0000 -1.0000 -1.000000
735.00 P 20260821 -1.00 -1.00 3 0 -1.0000 -1.0000 -1.000000
740.00 P 20260821 -1.00 -1.00 4 0 -1.0000 -1.0000 -1.000000
745.00 P 20260821 -1.00 -1.00 1 0 -1.0000 -1.0000 -1.000000
750.00 P 20260821 -1.00 -1.00 1 0 -1.0000 -1.0000 -1.000000
755.00 P 20260821 -1.00 -1.00 -1 0 -1.0000 -1.0000 -1.000000
760.00 P 20260821 -1.00 -1.00 1 1 -1.0000 -1.0000 -1.000000
765.00 P 20260821 -1.00 -1.00 -1 0 -1.0000 -1.0000 -1.000000
