date,open,high,low,close,volume
2026-06-25 08:00:00+00:00,538.44,539.77,531.56,539.69,0
2026-06-25 08:01:00+00:00,538.16,540.26,531.55,540.11,0
2026-06-25 08:02:00+00:00,540.1,541.0,534.8,540.34,0
2026-06-25 08:03:00+00:00,540.15,540.9128,534.78,540.43,0
2026-06-25 08:04:00+00:00,541.0,541.0,539.0,540.34,0
2026-06-25 08:05:00+00:00,539.59,540.9,539.23,539.23,0
2026-06-25 08:06:00+00:00,539.46,540.07,538.0,538.41,0
2026-06-25 08:07:00+00:00,538.45,540.0,538.45,539.64,0
2026-06-25 08:08:00+00:00,539.9479,540.9,532.02,536.42,0
2026-06-25 08:09:00+00:00,534.31,540.22,534.1,539.8,0
2026-06-25 08:10:00+00:00,540.01,541.0,540.01,540.53,0
2026-06-25 08:11:00+00:00,540.53,540.85,540.0,540.85,0
2026-06-25 08:12:00+00:00,540.2,540.85,539.75,540.29,0
2026-06-25 08:13:00+00:00,540.0,540.29,539.5327,540.06,0
2026-06-25 08:14:00+00:00,540.0197,540.81,539.51,540.0482,0
2026-06-25 08:15:00+00:00,539.65,540.02,539.02,539.02,0
2026-06-25 08:16:00+00:00,539.44,539.44,539.0,539.34,0
2026-06-25 08:17:00+00:00,539.01,540.85,538.81,539.0,0
2026-06-25 08:18:00+00:00,538.83,539.9374,538.83,539.9374,0
2026-06-25 08:19:00+00:00,539.13,540.0,539.04,540.0,0
2026-06-25 08:20:00+00:00,539.0,540.0,539.0,539.01,0
2026-06-25 08:21:00+00:00,539.55,539.99,539.025,539.025,0
2026-06-25 08:22:00+00:00,539.99,539.99,539.1,539.47,0
2026-06-25 08:23:00+00:00,539.1,539.4673,539.0,539.0,0
2026-06-25 08:24:00+00:00,539.01,539.5,539.0,539.5,0
2026-06-25 08:25:00+00:00,539.5,540.0,539.49,539.49,0
2026-06-25 08:26:00+00:00,539.001,539.7,539.001,539.49,0
2026-06-25 08:27:00+00:00,539.0,539.9588,539.0,539.37,0
2026-06-25 08:28:00+00:00,539.67,539.87,539.4637,539.74,0
2026-06-25 08:29:00+00:00,539.74,540.0,539.1112,540.0,0
2026-06-25 08:30:00+00:00,539.39,540.0,539.12,539.55,0
2026-06-25 08:31:00+00:00,539.37,539.37,538.8,538.8,0
2026-06-25 08:32:00+00:00,538.8,539.702,538.8,539.33,0
2026-06-25 08:33:00+00:00,539.34,539.34,538.76,538.85,0
2026-06-25 08:34:00+00:00,539.0,539.67,539.0,539.5933,0
2026-06-25 08:35:00+00:00,539.67,539.67,538.76,538.76,0
2026-06-25 08:36:00+00:00,539.5,539.54,538.76,539.33,0
2026-06-25 08:37:00+00:00,539.54,539.54,539.5,539.5,0
2026-06-25 08:38:00+00:00,539.5,539.6432,538.6,539.0,0
2026-06-25 08:39:00+00:00,539.6432,539.67,539.01,539.33,0
2026-06-25 08:40:00+00:00,539.6388,540.0,539.5,539.65,0
2026-06-25 08:41:00+00:00,539.9847,539.9847,539.1754,539.26,0
2026-06-25 08:42:00+00:00,539.3,539.67,539.0,539.49,0
2026-06-25 08:43:00+00:00,539.8417,539.8417,539.28,539.28,0
2026-06-25 08:44:00+00:00,539.4,539.415,539.4,539.4,0
2026-06-25 08:45:00+00:00,539.9374,539.9374,538.8,539.0,0
2026-06-25 08:46:00+00:00,538.89,538.89,538.78,538.78,0
2026-06-25 08:47:00+00:00,538.94,538.99,538.6,538.6012,0
2026-06-25 08:48:00+00:00,538.99,539.0,538.95,539.0,0
2026-06-25 08:49:00+00:00,538.61,539.98,538.61,538.61,0
2026-06-25 08:50:00+00:00,538.61,539.0,538.6,538.61,0
2026-06-25 08:51:00+00:00,538.98,538.98,538.0,538.0,0
2026-06-25 08:52:00+00:00,538.2,538.5752,538.0521,538.19,0
2026-06-25 08:53:00+00:00,538.24,538.24,538.08,538.08,0
2026-06-25 08:54:00+00:00,538.4348,538.5,538.0261,538.5,0
2026-06-25 08:55:00+00:00,538.35,538.35,538.35,538.35,0
2026-06-25 08:56:00+00:00,538.35,538.45,538.0,538.2,0
2026-06-25 08:57:00+00:00,538.0025,538.5655,538.0025,538.01,0
2026-06-25 08:58:00+00:00,538.0,538.02,537.0,537.0,0
2026-06-25 08:59:00+00:00,537.94,537.94,537.0521,537.57,0
2026-06-25 09:00:00+00:00,537.57,538.58,537.57,538.58,0
2026-06-25 09:01:00+00:00,538.1,538.1,537.8,537.8,0
2026-06-25 09:02:00+00:00,537.8,538.0,537.8,538.0,0
2026-06-25 09:03:00+00:00,538.1432,538.5555,537.99,538.5,0
2026-06-25 09:04:00+00:00,538.58,538.58,538.21,538.5,0
2026-06-25 09:05:00+00:00,538.5,539.5588,538.39,539.5588,0
2026-06-25 09:06:00+00:00,539.56,539.56,539.0,539.0,0
2026-06-25 09:07:00+00:00,539.56,539.56,538.52,539.0,0
2026-06-25 09:08:00+00:00,539.511,539.511,538.72,538.72,0
2026-06-25 09:09:00+00:00,538.5,539.0,537.7022,539.0,0
2026-06-25 09:10:00+00:00,538.52,538.55,538.0,538.0,0
2026-06-25 09:11:00+00:00,538.0,538.5,537.6012,538.0,0
2026-06-25 09:12:00+00:00,538.49,538.53,538.4,538.4,0
2026-06-25 09:13:00+00:00,538.4,538.415,538.4,538.415,0
2026-06-25 09:14:00+00:00,538.975,538.975,538.16,538.16,0
2026-06-25 09:15:00+00:00,538.023,539.2,538.023,539.2,0
2026-06-25 09:16:00+00:00,538.14,538.7,538.14,538.7,0
2026-06-25 09:17:00+00:00,538.71,538.71,538.08,538.47,0
2026-06-25 09:18:00+00:00,538.01,538.01,537.8,537.873,0
2026-06-25 09:19:00+00:00,537.88,539.0,537.88,539.0,0
2026-06-25 09:20:00+00:00,537.89,538.74,537.88,538.74,0
2026-06-25 09:21:00+00:00,539.19,539.19,537.6,537.6,0
2026-06-25 09:22:00+00:00,537.61,539.1166,537.6,539.1166,0
2026-06-25 09:23:00+00:00,537.6,538.02,537.6,538.02,0
2026-06-25 09:24:00+00:00,539.082,539.12,537.6,537.61,0
2026-06-25 09:25:00+00:00,538.02,538.02,537.8,538.0,0
2026-06-25 09:26:00+00:00,538.7374,538.7374,537.6,537.6,0
2026-06-25 09:27:00+00:00,537.81,538.73,537.81,538.73,0
2026-06-25 09:28:00+00:00,537.62,538.83,537.62,538.83,0
2026-06-25 09:29:00+00:00,538.7664,538.7664,537.61,537.61,0
2026-06-25 09:30:00+00:00,537.6112,538.26,537.6112,538.0,0
2026-06-25 09:31:00+00:00,538.38,538.38,537.6012,537.99,0
2026-06-25 09:32:00+00:00,538.58,538.73,538.36,538.73,0
2026-06-25 09:33:00+00:00,538.73,538.73,538.0,538.0,0
2026-06-25 09:34:00+00:00,538.35,538.73,538.35,538.42,0
2026-06-25 09:35:00+00:00,537.638,538.73,537.638,538.73,0
2026-06-25 09:36:00+00:00,538.72,539.0,538.72,538.98,0
2026-06-25 09:37:00+00:00,538.83,538.83,538.35,538.35,0
2026-06-25 09:38:00+00:00,538.6,539.0,538.35,538.9,0
2026-06-25 09:39:00+00:00,538.9,538.9,538.9,538.9,0
2026-06-25 09:40:00+00:00,538.9,539.4145,538.5,538.5,0
2026-06-25 09:41:00+00:00,538.5,539.9028,538.5,539.43,0
2026-06-25 09:42:00+00:00,539.0,539.0469,539.0,539.0469,0
2026-06-25 09:43:00+00:00,539.5,539.9,539.41,539.9,0
2026-06-25 09:44:00+00:00,539.38,539.9,539.38,539.9,0
2026-06-25 09:45:00+00:00,539.07,539.38,538.573,539.0,0
2026-06-25 09:46:00+00:00,539.0,539.17,538.6678,538.6678,0
2026-06-25 09:47:00+00:00,538.6678,539.8675,538.6678,539.8675,0
2026-06-25 09:48:00+00:00,539.02,539.02,538.91,538.91,0
2026-06-25 09:49:00+00:00,538.7343,538.7343,538.7343,538.7343,0
2026-06-25 09:50:00+00:00,539.0,539.31,539.0,539.16,0
2026-06-25 09:51:00+00:00,539.9788,539.9788,538.6012,539.0,0
2026-06-25 09:52:00+00:00,539.43,539.98,539.2,539.98,0
2026-06-25 09:53:00+00:00,538.6345,539.98,538.6345,539.24,0
2026-06-25 09:54:00+00:00,539.24,539.24,538.63,538.64,0
2026-06-25 09:55:00+00:00,538.7,539.2,538.6,539.2,0
2026-06-25 09:56:00+00:00,538.6,539.98,538.6,539.98,0
2026-06-25 09:57:00+00:00,538.8,539.0,538.6012,538.84,0
2026-06-25 09:58:00+00:00,538.64,539.6,538.64,539.6,0
2026-06-25 09:59:00+00:00,538.64,539.28,538.3876,538.45,0
2026-06-25 10:00:00+00:00,538.342,539.22,538.342,538.5,0
2026-06-25 10:01:00+00:00,539.47,539.4988,539.22,539.22,0
2026-06-25 10:02:00+00:00,538.84,539.47,538.33,539.47,0
2026-06-25 10:03:00+00:00,539.29,539.47,538.9791,538.9791,0
2026-06-25 10:04:00+00:00,539.0,539.0,538.9791,539.0,0
2026-06-25 10:05:00+00:00,539.4988,539.4988,539.0,539.09,0
2026-06-25 10:06:00+00:00,538.6,539.27,538.6,538.99,0
2026-06-25 10:07:00+00:00,539.0,539.38,539.0,539.38,0
2026-06-25 10:08:00+00:00,539.38,539.38,539.0,539.08,0
2026-06-25 10:09:00+00:00,539.0,539.3212,538.6,538.6,0
2026-06-25 10:10:00+00:00,539.3637,539.3637,538.6469,539.01,0
2026-06-25 10:11:00+00:00,539.25,539.25,538.8,538.8,0
2026-06-25 10:12:00+00:00,538.8,539.3,538.8,539.02,0
2026-06-25 10:13:00+00:00,539.25,539.49,538.8,538.8,0
2026-06-25 10:14:00+00:00,539.49,539.49,538.84,538.84,0
2026-06-25 10:15:00+00:00,539.25,539.34,539.1,539.3312,0
2026-06-25 10:16:00+00:00,539.3488,539.43,539.0387,539.0387,0
2026-06-25 10:17:00+00:00,538.6,539.0,538.6,538.6,0
2026-06-25 10:18:00+00:00,539.4988,539.4988,538.6,539.3583,0
2026-06-25 10:19:00+00:00,538.69,538.69,538.6338,538.69,0
2026-06-25 10:20:00+00:00,538.66,539.3426,538.12,538.12,0
2026-06-25 10:21:00+00:00,538.5,538.5,538.12,538.12,0
2026-06-25 10:22:00+00:00,538.12,538.68,538.12,538.68,0
2026-06-25 10:23:00+00:00,538.96,538.96,538.66,538.66,0
2026-06-25 10:24:00+00:00,538.77,539.2,538.77,539.2,0
2026-06-25 10:25:00+00:00,539.0,539.0,538.88,538.88,0
2026-06-25 10:26:00+00:00,538.89,539.11,538.61,538.61,0
2026-06-25 10:27:00+00:00,538.61,539.4322,538.49,539.4322,0
2026-06-25 10:28:00+00:00,538.76,539.0,538.2,539.0,0
2026-06-25 10:30:00+00:00,538.8,539.2237,538.71,539.2237,0
2026-06-25 10:31:00+00:00,539.0,539.0,539.0,539.0,0
2026-06-25 10:32:00+00:00,538.59,538.59,538.49,538.49,0
2026-06-25 10:33:00+00:00,538.2262,538.57,538.22,538.2453,0
2026-06-25 10:34:00+00:00,538.26,538.3,538.229,538.229,0
2026-06-25 10:35:00+00:00,538.3,539.2237,538.3,539.2237,0
2026-06-25 10:36:00+00:00,538.5,538.74,538.5,538.5,0
2026-06-25 10:37:00+00:00,538.5,539.9788,538.5,539.51,0
2026-06-25 10:38:00+00:00,539.65,540.0,539.22,539.27,0
2026-06-25 10:39:00+00:00,539.31,539.6667,538.85,539.0,0
2026-06-25 10:40:00+00:00,539.0,539.0,538.5,538.56,0
2026-06-25 10:41:00+00:00,538.91,539.5,538.5652,539.0,0
2026-06-25 10:42:00+00:00,539.0,539.25,539.0,539.25,0
2026-06-25 10:43:00+00:00,539.0,539.17,538.5,538.5,0
2026-06-25 10:44:00+00:00,538.89,539.18,538.89,539.18,0
2026-06-25 10:45:00+00:00,538.75,538.88,538.51,538.6,0
2026-06-25 10:46:00+00:00,538.8,538.88,538.51,538.51,0
2026-06-25 10:47:00+00:00,538.96,539.4752,538.95,538.95,0
2026-06-25 10:48:00+00:00,538.95,539.0,538.95,539.0,0
2026-06-25 10:49:00+00:00,538.88,539.0,538.88,539.0,0
2026-06-25 10:50:00+00:00,538.55,539.0,538.55,539.0,0
2026-06-25 10:51:00+00:00,539.0125,539.6,539.0,539.0,0
2026-06-25 10:52:00+00:00,539.6,539.975,539.0,539.5,0
2026-06-25 10:53:00+00:00,539.0001,540.0,539.0,539.0,0
2026-06-25 10:54:00+00:00,539.48,540.0,539.4,539.8,0
2026-06-25 10:55:00+00:00,539.5,539.8,539.01,539.01,0
2026-06-25 10:56:00+00:00,539.8,539.8,539.01,539.8,0
2026-06-25 10:57:00+00:00,539.5,539.79,539.0,539.0,0
2026-06-25 10:58:00+00:00,539.01,539.63,538.2,538.2,0
2026-06-25 10:59:00+00:00,538.26,539.63,538.26,538.78,0
2026-06-25 11:00:00+00:00,538.8,543.0,519.74,519.74,0
2026-06-25 11:01:00+00:00,542.2093,542.2093,519.74,541.9999,0
2026-06-25 11:02:00+00:00,541.25,542.5,519.74,542.0,0
2026-06-25 11:03:00+00:00,542.3497,544.0,541.35,542.2477,0
2026-06-25 11:04:00+00:00,542.0,543.01,542.0,542.83,0
2026-06-25 11:05:00+00:00,542.8155,543.01,542.25,542.5,0
2026-06-25 11:06:00+00:00,542.25,542.8,541.5385,542.0,0
2026-06-25 11:07:00+00:00,541.7,542.32,541.37,542.27,0
2026-06-25 11:08:00+00:00,541.93,542.25,541.4,542.16,0
2026-06-25 11:09:00+00:00,542.14,542.75,541.4,541.81,0
2026-06-25 11:10:00+00:00,541.9687,542.0,541.4,541.6625,0
2026-06-25 11:11:00+00:00,542.125,542.4,542.0,542.3476,0
2026-06-25 11:12:00+00:00,542.36,542.75,542.2,542.5173,0
2026-06-25 11:13:00+00:00,542.75,542.75,541.4,542.0,0
2026-06-25 11:14:00+00:00,541.99,542.0,541.01,541.2483,0
2026-06-25 11:15:00+00:00,541.24,541.8265,540.91,540.91,0
2026-06-25 11:16:00+00:00,541.0,541.89,540.3397,540.7,0
2026-06-25 11:17:00+00:00,541.0,541.87,540.9146,541.0,0
2026-06-25 11:18:00+00:00,540.75,541.0,540.478,540.62,0
2026-06-25 11:19:00+00:00,540.62,541.0,540.0,540.28,0
2026-06-25 11:20:00+00:00,540.5,540.8,540.0,540.0,0
2026-06-25 11:21:00+00:00,540.01,540.5,539.0,539.753,0
2026-06-25 11:22:00+00:00,539.25,539.94,539.0,539.47,0
2026-06-25 11:23:00+00:00,539.47,539.94,539.1,539.8308,0
2026-06-25 11:24:00+00:00,539.5,539.94,539.0,539.49,0
2026-06-25 11:25:00+00:00,539.9165,539.9172,539.01,539.5,0
2026-06-25 11:26:00+00:00,539.64,539.94,539.0235,539.93,0
2026-06-25 11:27:00+00:00,539.595,540.04,539.25,540.04,0
2026-06-25 11:28:00+00:00,540.47,540.9562,539.2512,539.375,0
2026-06-25 11:29:00+00:00,539.76,540.0,539.25,539.75,0
2026-06-25 11:30:00+00:00,539.61,540.5,539.06,539.8,0
2026-06-25 11:31:00+00:00,540.0,540.35,539.3,539.65,0
2026-06-25 11:32:00+00:00,539.65,539.75,539.3,539.31,0
2026-06-25 11:33:00+00:00,539.36,539.909,539.27,539.909,0
2026-06-25 11:34:00+00:00,539.95,540.0,539.0,539.0,0
2026-06-25 11:35:00+00:00,539.0516,539.99,539.0,539.5,0
2026-06-25 11:36:00+00:00,539.5,539.98,539.0101,539.53,0
2026-06-25 11:37:00+00:00,539.24,539.9788,539.24,539.49,0
2026-06-25 11:38:00+00:00,539.4935,539.5,539.01,539.35,0
2026-06-25 11:39:00+00:00,539.31,540.0,539.31,539.9996,0
2026-06-25 11:40:00+00:00,539.99,540.0,539.5,539.802,0
2026-06-25 11:41:00+00:00,539.505,540.0,539.01,539.8,0
2026-06-25 11:42:00+00:00,539.9,539.9752,539.01,539.505,0
2026-06-25 11:43:00+00:00,539.8,539.9752,539.1387,539.722,0
2026-06-25 11:44:00+00:00,539.7,539.9,539.01,539.89,0
2026-06-25 11:45:00+00:00,539.675,539.89,539.5,539.8,0
2026-06-25 11:46:00+00:00,539.51,539.86,539.0,539.4,0
2026-06-25 11:47:00+00:00,539.4,539.4,538.65,539.0,0
2026-06-25 11:48:00+00:00,538.7,539.0,538.5125,538.99,0
2026-06-25 11:49:00+00:00,538.75,539.0,538.5,539.0,0
2026-06-25 11:50:00+00:00,538.8997,539.39,538.89,539.0,0
2026-06-25 11:51:00+00:00,539.25,540.0,539.0,539.8,0
2026-06-25 11:52:00+00:00,539.8,540.0,539.3,539.8,0
2026-06-25 11:53:00+00:00,539.8,540.0062,539.0,540.0,0
2026-06-25 11:54:00+00:00,540.25,540.25,539.01,539.9081,0
2026-06-25 11:55:00+00:00,539.605,540.2,539.0,540.0,0
2026-06-25 11:56:00+00:00,539.99,539.99,539.0,539.99,0
2026-06-25 11:57:00+00:00,539.35,540.0,539.0,539.54,0
2026-06-25 11:58:00+00:00,540.0,540.0967,539.27,539.31,0
2026-06-25 11:59:00+00:00,539.9,539.99,539.0,539.455,0
2026-06-25 12:00:00+00:00,539.0533,539.91,539.0001,539.4,0
2026-06-25 12:01:00+00:00,539.85,539.85,538.8,539.2263,0
2026-06-25 12:02:00+00:00,538.975,539.45,538.5,538.81,0
2026-06-25 12:03:00+00:00,538.8,539.45,538.5,539.0,0
2026-06-25 12:04:00+00:00,539.43,539.43,538.9882,539.05,0
2026-06-25 12:05:00+00:00,539.25,540.5,539.08,540.22,0
2026-06-25 12:06:00+00:00,540.5,540.5,539.4139,540.27,0
2026-06-25 12:07:00+00:00,539.75,540.45,539.0,539.99,0
2026-06-25 12:08:00+00:00,539.99,541.98,539.99,540.0,0
2026-06-25 12:09:00+00:00,540.75,541.6,540.5,540.525,0
2026-06-25 12:10:00+00:00,540.525,541.5,540.5,541.28,0
2026-06-25 12:11:00+00:00,541.0,541.3287,540.5,541.09,0
2026-06-25 12:12:00+00:00,541.05,541.64,541.0,541.435,0
2026-06-25 12:13:00+00:00,541.24,541.5,540.0,540.5,0
2026-06-25 12:14:00+00:00,540.5,540.99,540.0,540.9,0
2026-06-25 12:15:00+00:00,540.0001,540.9,540.0,540.68,0
2026-06-25 12:16:00+00:00,540.6796,540.69,540.0,540.35,0
2026-06-25 12:17:00+00:00,540.7,540.7,539.0,539.8,0
2026-06-25 12:18:00+00:00,539.43,540.2,539.13,539.13,0
2026-06-25 12:19:00+00:00,540.0,540.0,539.0,539.5,0
2026-06-25 12:20:00+00:00,539.5,540.17,539.0,539.156,0
2026-06-25 12:21:00+00:00,540.19,540.86,539.4,540.7287,0
2026-06-25 12:22:00+00:00,539.995,540.86,539.0,540.8,0
2026-06-25 12:23:00+00:00,539.0012,540.8,539.0012,540.65,0
2026-06-25 12:24:00+00:00,540.19,540.65,539.76,540.35,0
2026-06-25 12:25:00+00:00,540.5,540.8,539.4,540.1,0
2026-06-25 12:26:00+00:00,540.618,540.8,539.4,540.2,0
2026-06-25 12:27:00+00:00,540.5,540.66,539.6,540.0,0
2026-06-25 12:28:00+00:00,540.5,540.8,539.7,540.8,0
2026-06-25 12:29:00+00:00,540.2,540.696,540.0,540.5,0
2026-06-25 12:30:00+00:00,540.25,543.65,540.075,543.0,0
2026-06-25 12:31:00+00:00,543.16,544.02,541.8,543.2,0
2026-06-25 12:32:00+00:00,543.2,544.0,541.0,542.0,0
2026-06-25 12:33:00+00:00,541.895,542.8,541.2,541.42,0
2026-06-25 12:34:00+00:00,541.6901,542.88,541.42,542.73,0
2026-06-25 12:35:00+00:00,542.73,543.0,542.0,542.99,0
2026-06-25 12:36:00+00:00,542.47,544.0,542.2,543.3,0
2026-06-25 12:37:00+00:00,543.6,543.9,542.6,542.6,0
2026-06-25 12:38:00+00:00,543.1,543.89,542.54,543.8357,0
2026-06-25 12:39:00+00:00,543.15,543.89,542.5,543.5,0
2026-06-25 12:40:00+00:00,543.83,543.88,543.0,543.56,0
2026-06-25 12:41:00+00:00,543.7909,544.7,543.03,543.52,0
2026-06-25 12:42:00+00:00,544.16,544.6,543.0,544.3,0
2026-06-25 12:43:00+00:00,544.075,544.7,543.5,544.0,0
2026-06-25 12:44:00+00:00,544.32,544.65,544.0,544.125,0
2026-06-25 12:45:00+00:00,544.23,544.65,543.6,544.0,0
2026-06-25 12:46:00+00:00,544.0,544.35,543.6,544.2,0
2026-06-25 12:47:00+00:00,543.7,544.34,543.7,544.07,0
2026-06-25 12:48:00+00:00,544.25,544.35,543.7,544.35,0
2026-06-25 12:49:00+00:00,544.35,544.35,543.69,543.99,0
2026-06-25 12:50:00+00:00,543.99,544.33,543.7,544.22,0
2026-06-25 12:51:00+00:00,544.015,545.7805,544.015,545.57,0
2026-06-25 12:52:00+00:00,545.33,545.99,544.7,544.7,0
2026-06-25 12:53:00+00:00,545.01,545.45,544.51,545.35,0
2026-06-25 12:54:00+00:00,545.175,545.3317,544.5,545.0,0
2026-06-25 12:55:00+00:00,544.75,545.01,544.34,545.0,0
2026-06-25 12:56:00+00:00,544.87,545.14,544.1,544.1077,0
2026-06-25 12:57:00+00:00,544.48,544.6,544.0,544.48,0
2026-06-25 12:58:00+00:00,544.35,544.5,543.5,543.995,0
2026-06-25 12:59:00+00:00,543.5,544.49,543.5,544.0,0
2026-06-25 13:00:00+00:00,544.21,544.45,543.35,543.35,0
2026-06-25 13:01:00+00:00,544.31,544.31,543.0,543.3,0
2026-06-25 13:02:00+00:00,543.3,543.9,543.0,543.05,0
2026-06-25 13:03:00+00:00,543.375,543.9,543.05,543.2,0
2026-06-25 13:04:00+00:00,543.69,543.95,543.05,543.55,0
2026-06-25 13:05:00+00:00,543.29,543.53,542.69,542.95,0
2026-06-25 13:06:00+00:00,543.25,543.5,542.69,542.8,0
2026-06-25 13:07:00+00:00,542.99,543.5,542.59,542.795,0
2026-06-25 13:08:00+00:00,542.85,543.5,542.59,543.0,0
2026-06-25 13:09:00+00:00,542.9,543.5,542.85,543.0,0
2026-06-25 13:10:00+00:00,543.49,543.49,542.51,542.75,0
2026-06-25 13:11:00+00:00,542.6485,543.1999,542.2,542.76,0
2026-06-25 13:12:00+00:00,542.771,543.55,542.76,543.42,0
2026-06-25 13:13:00+00:00,543.41,544.0,543.01,543.88,0
2026-06-25 13:14:00+00:00,543.5,544.0,543.2,543.2953,0
2026-06-25 13:15:00+00:00,543.75,544.0,542.72,543.0,0
2026-06-25 13:16:00+00:00,542.8344,543.49,542.72,542.9084,0
2026-06-25 13:17:00+00:00,543.04,543.45,542.72,543.05,0
2026-06-25 13:18:00+00:00,542.82,543.45,542.5,543.07,0
2026-06-25 13:19:00+00:00,543.075,543.5,542.5,543.34,0
2026-06-25 13:20:00+00:00,543.34,543.9862,543.1001,543.88,0
2026-06-25 13:21:00+00:00,543.45,544.17,543.1,544.0,0
2026-06-25 13:22:00+00:00,543.1225,544.0,543.1,543.95,0
2026-06-25 13:23:00+00:00,543.695,543.9203,543.11,543.5,0
2026-06-25 13:24:00+00:00,543.17,543.5,542.5,543.0,0
2026-06-25 13:25:00+00:00,543.3,544.0,542.5,543.1185,0
2026-06-25 13:26:00+00:00,543.66,543.77,542.06,543.06,0
2026-06-25 13:27:00+00:00,544.0,545.44,543.01,545.12,0
2026-06-25 13:28:00+00:00,545.31,545.31,542.744,544.89,0
2026-06-25 13:29:00+00:00,544.425,544.9,542.96,543.45,0
2026-06-25 13:30:00+00:00,544.0800170898438,544.3699951171875,544.0800170898438,544.3699951171875,3031150
2026-06-25 13:31:00+00:00,544.4400024414062,545.1599731445312,540.2000732421875,541.5,133246
2026-06-25 13:32:00+00:00,541.7899780273438,544.7999877929688,540.12548828125,544.39501953125,185792
2026-06-25 13:33:00+00:00,544.5900268554688,548.1644287109375,544.0,544.3250122070312,300574
2026-06-25 13:34:00+00:00,544.3200073242188,548.010009765625,544.0100708007812,546.1801147460938,163110
2026-06-25 13:35:00+00:00,546.489990234375,550.510009765625,546.0599975585938,550.510009765625,349148
2026-06-25 13:36:00+00:00,550.52001953125,550.8800048828125,547.6500244140625,548.2490844726562,153314
2026-06-25 13:37:00+00:00,548.52001953125,549.780029296875,548.0700073242188,549.0399780273438,103200
2026-06-25 13:38:00+00:00,549.5,549.7899780273438,545.6400146484375,547.0,120998
2026-06-25 13:39:00+00:00,547.2791748046875,548.619873046875,545.1199951171875,545.2150268554688,101670
2026-06-25 13:40:00+00:00,545.4199829101562,547.4500122070312,544.85498046875,545.0,130335
2026-06-25 13:41:00+00:00,545.4000244140625,545.9199829101562,539.0,539.075927734375,203038
2026-06-25 13:42:00+00:00,539.2249755859375,539.9650268554688,535.5499877929688,535.75,166870
2026-06-25 13:43:00+00:00,535.6199951171875,536.2598876953125,533.144775390625,533.635009765625,200818
2026-06-25 13:44:00+00:00,533.760009765625,534.5800170898438,531.0100708007812,531.4149780273438,152257
2026-06-25 13:45:00+00:00,531.5900268554688,533.3800048828125,527.5,527.510498046875,208792
2026-06-25 13:46:00+00:00,527.9099731445312,528.0499877929688,521.219970703125,521.9249877929688,204212
2026-06-25 13:47:00+00:00,522.280029296875,524.2000122070312,520.2000732421875,522.1649780273438,174250
2026-06-25 13:48:00+00:00,522.1699829101562,523.6099853515625,519.739990234375,520.1699829101562,167073
2026-06-25 13:49:00+00:00,520.1699829101562,525.1400146484375,519.8499755859375,524.719970703125,151405
2026-06-25 13:50:00+00:00,524.469970703125,527.219970703125,523.7349853515625,525.094970703125,143260
2026-06-25 13:51:00+00:00,525.0750122070312,525.0850219726562,518.3599853515625,518.72998046875,176771
2026-06-25 13:52:00+00:00,518.85498046875,520.469970703125,516.3699951171875,517.9000244140625,210893
2026-06-25 13:53:00+00:00,517.72998046875,518.6799926757812,513.9400024414062,514.5,169630
2026-06-25 13:54:00+00:00,514.510009765625,515.989990234375,513.6400146484375,514.2999877929688,122147
2026-06-25 13:55:00+00:00,514.4000244140625,514.97998046875,510.42999267578125,512.260009765625,171284
2026-06-25 13:56:00+00:00,512.3900146484375,513.869873046875,510.80010986328125,512.655029296875,168476
2026-06-25 13:57:00+00:00,512.4299926757812,514.739990234375,511.86199951171875,513.0549926757812,131652
2026-06-25 13:58:00+00:00,513.3800048828125,513.7999877929688,509.45001220703125,510.07000732421875,132478
2026-06-25 13:59:00+00:00,509.5199890136719,511.010009765625,507.0,507.75,111841
2026-06-25 14:00:00+00:00,507.9800109863281,512.2999267578125,507.82000732421875,510.3399963378906,101638
2026-06-25 14:01:00+00:00,510.4800109863281,512.8201293945312,508.54998779296875,510.6199951171875,98425
2026-06-25 14:02:00+00:00,510.7049865722656,513.1099853515625,509.8699951171875,512.2899780273438,146543
2026-06-25 14:03:00+00:00,512.2550048828125,515.9600219726562,511.6199951171875,514.239990234375,135314
2026-06-25 14:04:00+00:00,514.39990234375,514.4400024414062,512.2100219726562,512.614990234375,79161
2026-06-25 14:05:00+00:00,512.9400024414062,516.8200073242188,512.9400024414062,514.5,132837
2026-06-25 14:06:00+00:00,514.8599853515625,517.0590209960938,514.4400024414062,516.1500244140625,97158
2026-06-25 14:07:00+00:00,516.3599853515625,518.6712036132812,516.1599731445312,518.25,116576
2026-06-25 14:08:00+00:00,518.0700073242188,519.5899047851562,517.0150146484375,518.0999755859375,145861
2026-06-25 14:09:00+00:00,517.9600219726562,519.2000122070312,517.1948852539062,518.5800170898438,94793
2026-06-25 14:10:00+00:00,518.2999877929688,522.219482421875,517.6148071289062,521.35009765625,150887
2026-06-25 14:11:00+00:00,521.5750122070312,523.489990234375,521.3099975585938,522.6500244140625,111236
2026-06-25 14:12:00+00:00,522.469970703125,523.0,520.7899780273438,521.760009765625,99947
2026-06-25 14:13:00+00:00,521.5800170898438,522.5050048828125,517.5999755859375,518.6199951171875,115025
2026-06-25 14:14:00+00:00,518.9000244140625,519.2349853515625,515.4000244140625,515.530029296875,89578
2026-06-25 14:15:00+00:00,515.719970703125,519.5399780273438,515.5399780273438,516.2150268554688,70684
2026-06-25 14:16:00+00:00,516.2550048828125,516.8995971679688,512.9201049804688,514.72998046875,82058
2026-06-25 14:17:00+00:00,514.2999877929688,516.635009765625,514.0015258789062,515.760009765625,65495
2026-06-25 14:18:00+00:00,515.8499755859375,516.7399291992188,513.9401245117188,514.5050048828125,64477
2026-06-25 14:19:00+00:00,514.02001953125,518.3400268554688,513.489990234375,518.030029296875,84301
2026-06-25 14:20:00+00:00,517.9749755859375,520.3900146484375,517.6300048828125,519.4500122070312,80635
2026-06-25 14:21:00+00:00,519.0850219726562,522.4400024414062,519.0499877929688,521.3400268554688,72864
2026-06-25 14:22:00+00:00,521.3200073242188,522.0,519.010009765625,519.6599731445312,81761
2026-06-25 14:23:00+00:00,519.8200073242188,520.3820190429688,518.7000122070312,519.4199829101562,53990
2026-06-25 14:24:00+00:00,519.6950073242188,519.8400268554688,516.8400268554688,519.0850219726562,82876
2026-06-25 14:25:00+00:00,519.0700073242188,520.75,519.0399780273438,519.9199829101562,67329
2026-06-25 14:26:00+00:00,519.9299926757812,520.8699951171875,518.3900146484375,520.0009765625,53394
2026-06-25 14:27:00+00:00,519.7899780273438,521.1500244140625,517.510009765625,517.75,51758
2026-06-25 14:28:00+00:00,517.6950073242188,519.378173828125,517.2662963867188,518.260009765625,49624
2026-06-25 14:29:00+00:00,518.0,518.8154296875,516.72998046875,517.1701049804688,39447
2026-06-25 14:30:00+00:00,517.2899780273438,519.1500244140625,517.1699829101562,517.864990234375,48599
2026-06-25 14:31:00+00:00,518.0,519.1599731445312,517.1701049804688,517.2269897460938,41725
2026-06-25 14:32:00+00:00,517.3150024414062,519.47998046875,516.1199951171875,518.6500244140625,50374
2026-06-25 14:33:00+00:00,518.3900146484375,521.7899169921875,518.3900146484375,521.0900268554688,69223
2026-06-25 14:34:00+00:00,521.0349731445312,521.4199829101562,518.3049926757812,520.0999755859375,55376
2026-06-25 14:35:00+00:00,519.9400024414062,521.3300170898438,519.9400024414062,520.9500122070312,60365
2026-06-25 14:36:00+00:00,521.114990234375,521.8300170898438,520.072998046875,520.719970703125,70964
2026-06-25 14:37:00+00:00,520.7899169921875,521.0,517.5,518.1699829101562,64726
2026-06-25 14:38:00+00:00,518.1900024414062,519.1699829101562,517.4199829101562,517.969970703125,48519
2026-06-25 14:39:00+00:00,517.7625122070312,520.280029296875,517.7625122070312,519.4249877929688,65099
2026-06-25 14:40:00+00:00,519.280029296875,521.639892578125,518.8200073242188,521.27001953125,56058
2026-06-25 14:41:00+00:00,521.239990234375,522.1699829101562,519.8599853515625,520.0900268554688,48303
2026-06-25 14:42:00+00:00,520.094970703125,520.1798706054688,517.7760009765625,517.9749755859375,53265
2026-06-25 14:43:00+00:00,518.2100219726562,518.60498046875,516.875,516.8800048828125,50451
2026-06-25 14:44:00+00:00,517.0499877929688,517.919921875,515.969970703125,517.1500244140625,67108
2026-06-25 14:45:00+00:00,517.1699829101562,517.6900024414062,515.7999877929688,517.1649780273438,27103
2026-06-25 14:46:00+00:00,516.8499755859375,518.1099853515625,516.489990234375,517.2849731445312,41350
2026-06-25 14:47:00+00:00,517.52001953125,518.3298950195312,517.21142578125,517.5499877929688,28184
2026-06-25 14:48:00+00:00,517.8300170898438,519.0,517.4500732421875,519.0,38890
2026-06-25 14:49:00+00:00,518.9299926757812,520.27001953125,518.7249755859375,519.3900146484375,54364
2026-06-25 14:50:00+00:00,519.39501953125,520.419921875,518.5900268554688,519.1199951171875,41365
2026-06-25 14:51:00+00:00,519.06201171875,521.9598999023438,518.7100219726562,521.2214965820312,63223
2026-06-25 14:52:00+00:00,521.3099975585938,522.5800170898438,520.77001953125,522.30322265625,66716
2026-06-25 14:53:00+00:00,522.1300048828125,522.6574096679688,520.9000244140625,521.666015625,65740
2026-06-25 14:54:00+00:00,521.5673828125,523.0499877929688,521.5673828125,523.0499877929688,77578
2026-06-25 14:55:00+00:00,522.9450073242188,523.3599853515625,521.8099975585938,523.3400268554688,49547
2026-06-25 14:56:00+00:00,522.8400268554688,523.5,521.7301025390625,522.22998046875,50684
2026-06-25 14:57:00+00:00,522.280029296875,522.3400268554688,519.5,519.9199829101562,73996
2026-06-25 14:58:00+00:00,520.0499877929688,520.7999877929688,518.77001953125,519.02001953125,38989
2026-06-25 14:59:00+00:00,518.864990234375,520.0999755859375,518.630126953125,519.3699951171875,35292
2026-06-25 15:00:00+00:00,519.1300048828125,519.6199951171875,518.3300170898438,519.3800048828125,41973
2026-06-25 15:01:00+00:00,519.510009765625,521.4483032226562,519.0599975585938,520.0001220703125,48512
2026-06-25 15:02:00+00:00,520.27001953125,522.1900024414062,519.9260864257812,522.1900024414062,31307
2026-06-25 15:03:00+00:00,522.1500244140625,522.1920166015625,520.6749877929688,521.5999755859375,28847
2026-06-25 15:04:00+00:00,521.3499755859375,523.0,521.3350219726562,522.9669799804688,36329
2026-06-25 15:05:00+00:00,522.8900146484375,523.5599975585938,521.0,521.405029296875,70547
2026-06-25 15:06:00+00:00,521.405029296875,522.260009765625,520.7999877929688,521.5999755859375,52488
2026-06-25 15:07:00+00:00,521.2999877929688,521.6799926757812,520.739990234375,521.27001953125,28883
2026-06-25 15:08:00+00:00,521.219970703125,521.5499877929688,519.5,519.760009765625,78620
2026-06-25 15:09:00+00:00,519.780029296875,520.77099609375,519.1599731445312,520.2550048828125,24887
2026-06-25 15:10:00+00:00,520.2050170898438,520.8800048828125,519.72998046875,520.2999877929688,25619
2026-06-25 15:11:00+00:00,520.2150268554688,520.2949829101562,518.2000732421875,519.125,48693
2026-06-25 15:12:00+00:00,519.1099853515625,519.3400268554688,517.10009765625,517.3049926757812,47077
2026-06-25 15:13:00+00:00,517.4249877929688,517.8599243164062,516.1500244140625,516.4249877929688,45703
2026-06-25 15:14:00+00:00,516.739990234375,516.8250122070312,515.52001953125,516.27001953125,44161
2026-06-25 15:15:00+00:00,516.5800170898438,516.5800170898438,514.1099853515625,515.3400268554688,65830
2026-06-25 15:16:00+00:00,515.639892578125,515.7000122070312,514.3599853515625,515.3400268554688,34779
2026-06-25 15:17:00+00:00,515.52001953125,517.256591796875,515.4149780273438,517.1099853515625,66727
2026-06-25 15:18:00+00:00,517.1900024414062,518.6699829101562,516.7000122070312,518.0,50570
2026-06-25 15:19:00+00:00,517.7991943359375,520.0,517.77001953125,518.880126953125,47896
2026-06-25 15:20:00+00:00,518.8800048828125,519.0449829101562,517.5999755859375,518.35498046875,42420
2026-06-25 15:21:00+00:00,518.5800170898438,519.6649780273438,518.2999877929688,519.6649780273438,33199
2026-06-25 15:22:00+00:00,519.72998046875,520.4099731445312,519.02001953125,519.9949951171875,37085
2026-06-25 15:23:00+00:00,519.6500244140625,520.25,519.030029296875,520.030029296875,21765
2026-06-25 15:24:00+00:00,520.030029296875,520.780029296875,519.8499755859375,519.8499755859375,56890
2026-06-25 15:25:00+00:00,519.8350219726562,519.8350219726562,518.6099853515625,518.8861083984375,29386
2026-06-25 15:26:00+00:00,518.8250122070312,518.989990234375,517.6900024414062,518.7650146484375,31892
2026-06-25 15:27:00+00:00,518.7349853515625,519.6339721679688,518.1500854492188,518.6099853515625,28317
2026-06-25 15:28:00+00:00,518.219970703125,518.3200073242188,517.0573120117188,517.760009765625,24580
2026-06-25 15:29:00+00:00,517.5689697265625,518.0501098632812,517.219970703125,517.864990234375,27315
2026-06-25 15:30:00+00:00,517.969970703125,518.7000122070312,517.6400146484375,518.2349853515625,19137
2026-06-25 15:31:00+00:00,518.22998046875,519.489990234375,518.0,518.5299072265625,34722
2026-06-25 15:32:00+00:00,518.375,519.7999877929688,518.3699951171875,519.5599975585938,22681
2026-06-25 15:33:00+00:00,519.469970703125,519.7849731445312,518.6240234375,519.3499755859375,39063
2026-06-25 15:34:00+00:00,519.4998779296875,519.64990234375,517.9000854492188,518.2650146484375,28711
2026-06-25 15:35:00+00:00,518.5399780273438,518.8027954101562,517.9749755859375,518.2650146484375,13408
2026-06-25 15:36:00+00:00,518.2750244140625,518.8880004882812,517.9609985351562,518.8880004882812,11067
2026-06-25 15:37:00+00:00,518.6099853515625,519.4500122070312,518.4600219726562,518.52001953125,20225
2026-06-25 15:38:00+00:00,518.4400024414062,519.4000244140625,518.3400268554688,518.5900268554688,18483
2026-06-25 15:39:00+00:00,518.7949829101562,518.7951049804688,517.7568969726562,517.9650268554688,19820
2026-06-25 15:40:00+00:00,517.9299926757812,518.97998046875,517.780029296875,518.3834228515625,20482
2026-06-25 15:41:00+00:00,518.375,519.0,517.7700805664062,518.4600219726562,24610
2026-06-25 15:42:00+00:00,518.4400024414062,518.6199951171875,518.0,518.02001953125,11618
2026-06-25 15:43:00+00:00,518.344970703125,519.4000244140625,518.344970703125,518.614990234375,19302
2026-06-25 15:44:00+00:00,518.6849975585938,519.8298950195312,518.6849975585938,519.635009765625,23289
2026-06-25 15:45:00+00:00,519.635009765625,521.3400268554688,519.2304077148438,520.5034790039062,65068
2026-06-25 15:46:00+00:00,520.9400024414062,521.8499755859375,520.4927978515625,520.9550170898438,45611
2026-06-25 15:47:00+00:00,520.9849853515625,521.6798706054688,520.7100219726562,521.3200073242188,22804
2026-06-25 15:48:00+00:00,521.239990234375,521.239990234375,519.3200073242188,519.52001953125,40518
2026-06-25 15:49:00+00:00,519.7849731445312,519.9500122070312,518.4949951171875,519.4199829101562,45495
2026-06-25 15:50:00+00:00,519.3900146484375,519.9500122070312,518.75,519.3499755859375,26383
2026-06-25 15:51:00+00:00,519.4199829101562,520.9500122070312,519.4199829101562,519.6799926757812,35860
2026-06-25 15:52:00+00:00,519.6500244140625,519.969970703125,519.0800170898438,519.3350219726562,15647
2026-06-25 15:53:00+00:00,519.5599975585938,519.7899169921875,519.0,519.5050048828125,30979
2026-06-25 15:54:00+00:00,519.7899780273438,521.260009765625,519.6400146484375,520.6099853515625,36351
2026-06-25 15:55:00+00:00,520.6099853515625,520.6099853515625,519.3099975585938,519.3101196289062,23819
2026-06-25 15:56:00+00:00,519.5700073242188,520.1099853515625,519.4000854492188,519.5650024414062,17365
2026-06-25 15:57:00+00:00,519.7899780273438,521.3599243164062,519.5,520.4899291992188,36029
2026-06-25 15:58:00+00:00,520.3400268554688,520.3400268554688,519.010009765625,519.1500244140625,39202
2026-06-25 15:59:00+00:00,519.155029296875,519.52001953125,518.9199829101562,518.969970703125,43995
2026-06-25 16:00:00+00:00,519.2000122070312,520.4500122070312,518.6389770507812,520.4500122070312,43268
2026-06-25 16:01:00+00:00,520.5,521.469970703125,520.3099975585938,521.2000122070312,50446
2026-06-25 16:02:00+00:00,521.0599975585938,521.89990234375,520.6900024414062,521.4600219726562,43201
2026-06-25 16:03:00+00:00,521.22998046875,522.5,520.9650268554688,522.4099731445312,51165
2026-06-25 16:04:00+00:00,522.43798828125,523.6723022460938,522.3400268554688,523.1500244140625,66488
2026-06-25 16:05:00+00:00,523.030029296875,524.75,522.5521240234375,523.9749755859375,46442
2026-06-25 16:06:00+00:00,524.0084838867188,526.3499755859375,523.7901000976562,526.0499877929688,118262
2026-06-25 16:07:00+00:00,526.14501953125,526.1500244140625,525.3699951171875,525.6649780273438,55872
2026-06-25 16:08:00+00:00,525.5170288085938,526.8699951171875,524.97900390625,526.635009765625,52427
2026-06-25 16:09:00+00:00,526.7899780273438,527.7000122070312,526.2254028320312,527.5120239257812,53657
2026-06-25 16:10:00+00:00,527.0,528.22998046875,526.8892211914062,527.9299926757812,45557
2026-06-25 16:11:00+00:00,527.9990844726562,529.4650268554688,527.9990844726562,528.2899780273438,58506
2026-06-25 16:12:00+00:00,528.469970703125,528.9899291992188,528.0,528.6099853515625,35435
2026-06-25 16:13:00+00:00,528.6099853515625,529.7899780273438,528.3599853515625,529.719970703125,47869
2026-06-25 16:14:00+00:00,529.6500244140625,529.9000244140625,528.8200073242188,529.52001953125,65656
2026-06-25 16:15:00+00:00,529.4100952148438,531.135009765625,529.4100952148438,530.8200073242188,105621
2026-06-25 16:16:00+00:00,530.8200073242188,531.2399291992188,530.3200073242188,530.8599853515625,37692
2026-06-25 16:17:00+00:00,530.8599853515625,531.4468994140625,530.380126953125,531.1400146484375,43186
2026-06-25 16:18:00+00:00,531.125,531.348876953125,530.1901245117188,530.3699951171875,45780
2026-06-25 16:19:00+00:00,530.2000122070312,530.2000122070312,529.02001953125,529.4849853515625,67033
2026-06-25 16:20:00+00:00,529.7999877929688,530.6300048828125,529.0200805664062,529.1320190429688,57164
2026-06-25 16:21:00+00:00,529.344970703125,529.8767700195312,528.7999877929688,529.8767700195312,56022
2026-06-25 16:22:00+00:00,529.5750122070312,529.9299926757812,529.0599975585938,529.2150268554688,33243
2026-06-25 16:23:00+00:00,529.2150268554688,529.530029296875,528.4199829101562,528.5800170898438,47901
2026-06-25 16:24:00+00:00,528.75,529.3499755859375,528.080078125,528.760009765625,52014
2026-06-25 16:25:00+00:00,529.0,529.6300048828125,528.3201293945312,528.5700073242188,48766
2026-06-25 16:26:00+00:00,528.5800170898438,529.59912109375,528.5800170898438,528.8900146484375,38643
2026-06-25 16:27:00+00:00,528.885009765625,529.0999145507812,528.5,528.8099975585938,29839
2026-06-25 16:28:00+00:00,528.5599975585938,529.0,527.9500122070312,528.1199951171875,42220
2026-06-25 16:29:00+00:00,528.2150268554688,528.8800048828125,527.6699829101562,528.75,29946
2026-06-25 16:30:00+00:00,528.5399780273438,528.6300048828125,527.52001953125,527.7999877929688,28840
2026-06-25 16:31:00+00:00,527.7999877929688,528.25,526.2501220703125,526.2999877929688,35169
2026-06-25 16:32:00+00:00,526.2999877929688,526.760009765625,525.5900268554688,525.5900268554688,31050
2026-06-25 16:33:00+00:00,525.7000122070312,525.739990234375,523.760009765625,525.3300170898438,67726
2026-06-25 16:34:00+00:00,525.3300170898438,525.75,524.5601196289062,525.75,26727
2026-06-25 16:35:00+00:00,525.77001953125,526.4998779296875,524.9400024414062,526.0700073242188,36831
2026-06-25 16:36:00+00:00,526.0,526.5899047851562,525.5499877929688,525.5499877929688,33991
2026-06-25 16:37:00+00:00,525.7899780273438,526.1099243164062,525.4000244140625,525.7899780273438,17364
2026-06-25 16:38:00+00:00,525.8099975585938,525.8099975585938,524.6799926757812,524.7100219726562,32978
2026-06-25 16:39:00+00:00,524.8400268554688,525.1099243164062,523.7999877929688,524.347412109375,37431
2026-06-25 16:40:00+00:00,524.4699096679688,524.4699096679688,523.663330078125,524.1801147460938,31104
2026-06-25 16:41:00+00:00,524.5,525.1199951171875,523.2100219726562,523.5698852539062,34227
2026-06-25 16:42:00+00:00,523.385009765625,524.0999755859375,523.2000122070312,523.5300903320312,13780
2026-06-25 16:43:00+00:00,523.7000122070312,523.8425903320312,522.260009765625,522.344970703125,26838
2026-06-25 16:44:00+00:00,522.375,522.6298828125,521.893310546875,522.2249755859375,24194
2026-06-25 16:45:00+00:00,522.2150268554688,522.4500122070312,519.7999877929688,519.8599853515625,43736
2026-06-25 16:46:00+00:00,520.1699829101562,522.3699951171875,519.739990234375,522.114990234375,37260
2026-06-25 16:47:00+00:00,522.344970703125,524.2349853515625,522.0,523.7449951171875,39904
2026-06-25 16:48:00+00:00,523.7449951171875,524.8499755859375,523.5001220703125,524.0900268554688,47574
2026-06-25 16:49:00+00:00,524.0800170898438,525.3400268554688,523.8200073242188,525.3300170898438,36944
2026-06-25 16:50:00+00:00,525.02001953125,525.489990234375,524.35009765625,525.1900024414062,30295
2026-06-25 16:51:00+00:00,525.1900024414062,525.5599975585938,524.0701293945312,524.0701293945312,28826
2026-06-25 16:52:00+00:00,524.239990234375,524.4998779296875,523.4500122070312,524.0800170898438,26733
2026-06-25 16:53:00+00:00,524.3099975585938,525.4099731445312,524.1500244140625,524.760009765625,27230
2026-06-25 16:54:00+00:00,524.5599975585938,525.3499755859375,524.5001220703125,524.6400146484375,21619
2026-06-25 16:55:00+00:00,524.5894775390625,524.8699951171875,523.130126953125,523.5599975585938,30451
2026-06-25 16:56:00+00:00,523.6599731445312,524.169921875,522.1400146484375,522.8099975585938,122712
2026-06-25 16:57:00+00:00,522.885009765625,523.989990234375,522.8599853515625,523.3699951171875,23419
2026-06-25 16:58:00+00:00,523.3400268554688,524.2451171875,523.0999755859375,524.0750122070312,24542
2026-06-25 16:59:00+00:00,523.7899780273438,523.9650268554688,523.4299926757812,523.739990234375,16055
2026-06-25 17:00:00+00:00,524.0499877929688,524.510009765625,523.77001953125,523.969970703125,22186
2026-06-25 17:01:00+00:00,523.9000244140625,524.219970703125,523.4600219726562,524.0850219726562,17075
2026-06-25 17:02:00+00:00,523.8499755859375,524.3399047851562,523.1199951171875,523.989013671875,24854
2026-06-25 17:03:00+00:00,523.9199829101562,524.5399780273438,523.72998046875,524.385009765625,18695
2026-06-25 17:04:00+00:00,524.385009765625,524.385009765625,523.64501953125,523.7183227539062,18195
2026-06-25 17:05:00+00:00,523.6599731445312,524.0999755859375,523.5,523.8300170898438,17930
2026-06-25 17:06:00+00:00,523.989990234375,524.1500244140625,523.1801147460938,523.2100219726562,22424
2026-06-25 17:07:00+00:00,523.1599731445312,524.25,523.1099853515625,524.25,20391
2026-06-25 17:08:00+00:00,524.2949829101562,524.5999755859375,523.5599975585938,523.72998046875,17817
2026-06-25 17:09:00+00:00,523.9199829101562,524.5150146484375,523.5900268554688,524.5,17934
2026-06-25 17:10:00+00:00,524.4500122070312,525.8200073242188,524.4500122070312,525.6849975585938,38767
2026-06-25 17:11:00+00:00,525.5,526.8699951171875,525.4448852539062,526.0599975585938,50400
2026-06-25 17:12:00+00:00,526.0499877929688,526.3399047851562,525.4199829101562,526.0399780273438,26969
2026-06-25 17:13:00+00:00,526.0900268554688,526.8699951171875,525.7100830078125,526.3200073242188,24266
2026-06-25 17:14:00+00:00,526.2100219726562,526.9699096679688,525.8701171875,526.0700073242188,39228
2026-06-25 17:15:00+00:00,526.1599731445312,527.669921875,525.9401245117188,527.4450073242188,30044
2026-06-25 17:16:00+00:00,527.4450073242188,528.0,527.219970703125,527.4949951171875,29910
2026-06-25 17:17:00+00:00,527.4949951171875,527.6900024414062,526.6099853515625,526.9500122070312,19552
2026-06-25 17:18:00+00:00,527.010009765625,527.010009765625,525.093994140625,525.1199951171875,24490
2026-06-25 17:19:00+00:00,525.1599731445312,525.6500244140625,524.0999755859375,524.2550048828125,29673
2026-06-25 17:20:00+00:00,524.2550048828125,524.9600219726562,523.4000854492188,524.7999877929688,31358
2026-06-25 17:21:00+00:00,524.5,525.8499755859375,524.4500122070312,525.5,19599
2026-06-25 17:22:00+00:00,525.5150146484375,525.9500122070312,525.0001220703125,525.39501953125,31011
2026-06-25 17:23:00+00:00,525.5999755859375,525.7498779296875,524.8126831054688,525.385009765625,26186
2026-06-25 17:24:00+00:00,525.7100219726562,527.280029296875,525.7100219726562,527.02001953125,46183
2026-06-25 17:25:00+00:00,526.7901000976562,527.7299194335938,526.7901000976562,527.2498779296875,42992
2026-06-25 17:26:00+00:00,527.4299926757812,528.22998046875,527.4000244140625,528.0999755859375,45328
2026-06-25 17:27:00+00:00,527.72998046875,528.5399780273438,527.72998046875,528.2000122070312,109512
2026-06-25 17:28:00+00:00,528.1900024414062,528.1900024414062,527.0,527.1599731445312,34985
2026-06-25 17:29:00+00:00,527.25,527.9677734375,527.2041015625,527.7849731445312,24268
2026-06-25 17:30:00+00:00,527.72998046875,528.0399780273438,527.5399780273438,527.780029296875,20781
2026-06-25 17:31:00+00:00,527.844970703125,527.844970703125,526.7999877929688,526.9000244140625,28769
2026-06-25 17:32:00+00:00,527.0900268554688,527.239990234375,526.3900146484375,526.4600219726562,21280
2026-06-25 17:33:00+00:00,526.52001953125,527.7399291992188,526.52001953125,527.4298706054688,24657
2026-06-25 17:34:00+00:00,527.3300170898438,527.739990234375,527.1950073242188,527.4299926757812,16422
2026-06-25 17:35:00+00:00,527.5999755859375,528.693115234375,527.405029296875,528.405029296875,29473
2026-06-25 17:36:00+00:00,528.405029296875,529.2899169921875,528.3145751953125,529.02001953125,44987
2026-06-25 17:37:00+00:00,528.760009765625,529.1900024414062,528.4199829101562,529.0,21216
2026-06-25 17:38:00+00:00,528.8900146484375,529.4400024414062,528.6201171875,528.9199829101562,34671
2026-06-25 17:39:00+00:00,528.9600219726562,529.3798828125,528.760009765625,529.1649780273438,24919
2026-06-25 17:40:00+00:00,529.1950073242188,530.0,528.75,529.5399780273438,36073
2026-06-25 17:41:00+00:00,529.4099731445312,529.7000122070312,528.530029296875,528.6599731445312,32783
2026-06-25 17:42:00+00:00,528.7000122070312,528.9000244140625,528.3400268554688,528.47998046875,15455
2026-06-25 17:43:00+00:00,528.4500122070312,529.1300048828125,528.0900268554688,528.5089721679688,22980
2026-06-25 17:44:00+00:00,528.3106079101562,528.3106079101562,527.52001953125,527.9099731445312,20368
2026-06-25 17:45:00+00:00,527.864990234375,528.0089721679688,526.1199951171875,526.4000244140625,43269
2026-06-25 17:46:00+00:00,526.22998046875,526.7999267578125,526.0999755859375,526.0999755859375,19280
2026-06-25 17:47:00+00:00,526.260009765625,526.4550170898438,525.4902954101562,525.8400268554688,20958
2026-06-25 17:48:00+00:00,525.8800048828125,526.7098999023438,525.8474731445312,526.7098999023438,19571
2026-06-25 17:49:00+00:00,526.364990234375,526.4498901367188,525.77001953125,526.2750244140625,14845
2026-06-25 17:50:00+00:00,526.510009765625,527.2000122070312,526.2700805664062,526.760009765625,41072
2026-06-25 17:51:00+00:00,526.8900146484375,527.22998046875,526.4406127929688,526.97998046875,20400
2026-06-25 17:52:00+00:00,526.8200073242188,527.5900268554688,526.7800903320312,526.9949951171875,17326
2026-06-25 17:53:00+00:00,526.7999877929688,528.52001953125,526.780029296875,528.25,22362
2026-06-25 17:54:00+00:00,528.2449951171875,528.6697998046875,528.0499877929688,528.1950073242188,18858
2026-06-25 17:55:00+00:00,528.0599975585938,528.6699829101562,527.7401123046875,528.5216064453125,23656
2026-06-25 17:56:00+00:00,528.469970703125,528.5684204101562,527.2901000976562,528.3200073242188,23660
2026-06-25 17:57:00+00:00,528.5999755859375,529.5,528.4299926757812,528.77001953125,44095
2026-06-25 17:58:00+00:00,528.77001953125,529.7000122070312,528.75,529.7000122070312,38843
2026-06-25 17:59:00+00:00,529.489990234375,529.719970703125,529.0499877929688,529.5499877929688,29331
2026-06-25 18:00:00+00:00,529.4400024414062,529.8499755859375,528.8699951171875,529.219970703125,28802
2026-06-25 18:01:00+00:00,529.510009765625,529.9500122070312,529.0999755859375,529.2999877929688,32494
2026-06-25 18:02:00+00:00,529.2849731445312,529.2849731445312,525.7000122070312,525.8699951171875,73865
2026-06-25 18:03:00+00:00,526.0599975585938,526.9699096679688,525.8099975585938,526.0399780273438,209757
2026-06-25 18:04:00+00:00,525.788330078125,527.52001953125,525.788330078125,526.75,26999
2026-06-25 18:05:00+00:00,527.0399780273438,527.0399780273438,526.3101196289062,526.7901000976562,19432
2026-06-25 18:06:00+00:00,527.0399780273438,528.3499755859375,526.9451293945312,527.9400024414062,23068
2026-06-25 18:07:00+00:00,527.9398803710938,528.6199951171875,527.7249755859375,528.1599731445312,34658
2026-06-25 18:08:00+00:00,528.125,528.7999267578125,528.125,528.385009765625,27640
2026-06-25 18:09:00+00:00,528.4600219726562,529.5,528.2999877929688,528.7100830078125,34814
2026-06-25 18:10:00+00:00,528.9199829101562,529.5,528.3499755859375,528.4257202148438,19631
2026-06-25 18:11:00+00:00,528.530029296875,529.2899780273438,528.35009765625,528.7100219726562,17336
2026-06-25 18:12:00+00:00,528.7249755859375,529.1599731445312,528.4500732421875,528.8699951171875,25066
2026-06-25 18:13:00+00:00,528.5800170898438,528.6900024414062,527.5399780273438,527.6749877929688,26741
2026-06-25 18:14:00+00:00,527.77001953125,528.0999755859375,527.3660278320312,528.0750122070312,17716
2026-06-25 18:15:00+00:00,528.0850219726562,528.1599731445312,526.7901000976562,527.4450073242188,20506
2026-06-25 18:16:00+00:00,527.7000122070312,528.4600219726562,527.5469970703125,528.27001953125,26175
2026-06-25 18:17:00+00:00,528.1500244140625,528.2999267578125,527.469970703125,527.469970703125,20983
2026-06-25 18:18:00+00:00,527.7349853515625,528.469970703125,527.2077026367188,528.469970703125,126070
2026-06-25 18:19:00+00:00,528.5599975585938,529.625,528.2009887695312,528.2100219726562,41264
2026-06-25 18:20:00+00:00,528.0999755859375,528.9298706054688,527.510009765625,527.6599731445312,13444
2026-06-25 18:21:00+00:00,527.594970703125,527.594970703125,526.0100708007812,526.3115844726562,27756
2026-06-25 18:22:00+00:00,526.4000244140625,527.10498046875,526.0300903320312,526.56298828125,28456
2026-06-25 18:23:00+00:00,526.3049926757812,526.5999145507812,526.0399780273438,526.27001953125,15718
2026-06-25 18:24:00+00:00,526.5800170898438,527.2299194335938,526.4099731445312,526.5499877929688,27338
2026-06-25 18:25:00+00:00,526.8699951171875,527.5,526.5399780273438,527.2849731445312,27585
2026-06-25 18:26:00+00:00,527.280029296875,527.6500244140625,526.989990234375,527.3001098632812,13784
2026-06-25 18:27:00+00:00,527.2999877929688,527.6900024414062,526.6901245117188,527.6900024414062,19274
2026-06-25 18:28:00+00:00,527.7349853515625,528.1185913085938,526.780029296875,527.0499877929688,38220
2026-06-25 18:29:00+00:00,526.8900146484375,527.0800170898438,526.4600219726562,526.7514038085938,19045
2026-06-25 18:30:00+00:00,526.7100219726562,526.7100219726562,524.5006103515625,524.6350708007812,52253
2026-06-25 18:31:00+00:00,524.510009765625,524.7340087890625,524.0097045898438,524.3599853515625,27371
2026-06-25 18:32:00+00:00,524.2214965820312,524.3101196289062,523.5,523.52001953125,36747
2026-06-25 18:33:00+00:00,523.4299926757812,523.6699829101562,522.8800048828125,523.0,33655
2026-06-25 18:34:00+00:00,523.3400268554688,523.530029296875,522.7100219726562,522.72998046875,30048
2026-06-25 18:35:00+00:00,522.8200073242188,523.2999267578125,521.9000244140625,523.0549926757812,46534
2026-06-25 18:36:00+00:00,523.0941772460938,524.7949829101562,522.8800048828125,524.0700073242188,47828
2026-06-25 18:37:00+00:00,524.0549926757812,524.1500244140625,523.135009765625,523.5399780273438,36971
2026-06-25 18:38:00+00:00,523.5499877929688,524.5,523.3300170898438,524.0700073242188,27365
2026-06-25 18:39:00+00:00,524.239990234375,524.6300048828125,523.1500244140625,524.0349731445312,31682
2026-06-25 18:40:00+00:00,524.0,524.239990234375,523.5800170898438,523.5900268554688,20662
2026-06-25 18:41:00+00:00,523.2310180664062,523.5599975585938,522.4149780273438,523.0,37756
2026-06-25 18:42:00+00:00,523.0250244140625,525.5,522.9199829101562,524.9099731445312,59298
2026-06-25 18:43:00+00:00,525.1500244140625,526.4400024414062,525.080078125,526.219970703125,52983
2026-06-25 18:44:00+00:00,526.469970703125,526.719970703125,526.0800170898438,526.489990234375,31965
2026-06-25 18:45:00+00:00,526.3499755859375,526.3499755859375,524.989990234375,525.510009765625,44219
2026-06-25 18:46:00+00:00,525.4099731445312,525.6799926757812,523.8909912109375,523.8909912109375,35166
2026-06-25 18:47:00+00:00,524.0599975585938,524.5989990234375,523.5,524.4249877929688,30226
2026-06-25 18:48:00+00:00,524.5999755859375,525.0,524.27001953125,524.7750244140625,25876
2026-06-25 18:49:00+00:00,525.0,525.6400146484375,524.8800048828125,525.4400024414062,29275
2026-06-25 18:50:00+00:00,525.4600219726562,525.9598999023438,525.2200927734375,525.3699951171875,23440
2026-06-25 18:51:00+00:00,525.6799926757812,525.9400024414062,524.6600952148438,524.7100830078125,22579
2026-06-25 18:52:00+00:00,524.844970703125,526.260009765625,524.844970703125,526.260009765625,41190
2026-06-25 18:53:00+00:00,525.989990234375,526.1281127929688,525.239990234375,525.239990234375,22752
2026-06-25 18:54:00+00:00,525.4600219726562,525.6699829101562,524.8375244140625,525.1799926757812,19944
2026-06-25 18:55:00+00:00,525.1799926757812,525.9400024414062,525.1799926757812,525.6599731445312,22534
2026-06-25 18:56:00+00:00,525.869873046875,525.9600219726562,525.260009765625,525.79541015625,22773
2026-06-25 18:57:00+00:00,525.6199951171875,525.77001953125,524.6701049804688,525.0499877929688,18566
2026-06-25 18:58:00+00:00,525.0800170898438,525.2849731445312,524.5300903320312,524.7449951171875,15880
2026-06-25 18:59:00+00:00,524.7050170898438,525.4299926757812,524.6799926757812,525.2750244140625,44356
2026-06-25 19:00:00+00:00,525.405029296875,525.47998046875,524.7100219726562,525.25,16595
2026-06-25 19:01:00+00:00,525.239990234375,525.4299926757812,524.35498046875,524.35498046875,20093
2026-06-25 19:02:00+00:00,524.35498046875,524.4400024414062,523.5,523.669921875,35614
2026-06-25 19:03:00+00:00,523.4949951171875,523.75,522.469970703125,522.6649780273438,37530
2026-06-25 19:04:00+00:00,522.7100219726562,522.9598999023438,521.4299926757812,521.7999877929688,46722
2026-06-25 19:05:00+00:00,521.6699829101562,523.2144165039062,521.0999755859375,521.4000244140625,47330
2026-06-25 19:06:00+00:00,521.5999755859375,522.89990234375,521.5999755859375,522.469970703125,21694
2026-06-25 19:07:00+00:00,522.6400146484375,523.2849731445312,522.4650268554688,523.2849731445312,20653
2026-06-25 19:08:00+00:00,523.4400024414062,523.5499877929688,522.8900756835938,523.4000244140625,20132
2026-06-25 19:09:00+00:00,523.1849975585938,523.3200073242188,522.8200073242188,522.8900146484375,26847
2026-06-25 19:10:00+00:00,523.0900268554688,523.6799926757812,522.489990234375,523.3049926757812,23846
2026-06-25 19:11:00+00:00,523.3049926757812,524.0,522.9500122070312,523.3699951171875,27835
2026-06-25 19:12:00+00:00,523.1425170898438,523.6400146484375,522.9400024414062,523.4600219726562,23412
2026-06-25 19:13:00+00:00,523.2249755859375,523.72998046875,522.4102172851562,523.0798950195312,27340
2026-06-25 19:14:00+00:00,522.8350219726562,523.4398803710938,522.1099853515625,523.0650024414062,31394
2026-06-25 19:15:00+00:00,522.9949951171875,523.0,521.6801147460938,521.9600830078125,33544
2026-06-25 19:16:00+00:00,522.2349853515625,523.2098999023438,522.1900024414062,523.0499877929688,31303
2026-06-25 19:17:00+00:00,522.864990234375,523.02001953125,521.9600219726562,521.969970703125,43418
2026-06-25 19:18:00+00:00,522.1099853515625,522.4598999023438,521.739990234375,521.8200073242188,40746
2026-06-25 19:19:00+00:00,522.125,522.8300170898438,522.0,522.6799926757812,46757
2026-06-25 19:20:00+00:00,522.6300048828125,523.1799926757812,522.405029296875,522.5700073242188,39959
2026-06-25 19:21:00+00:00,522.4000244140625,523.280029296875,522.3699951171875,522.614990234375,29584
2026-06-25 19:22:00+00:00,522.5999755859375,522.9749755859375,522.2999877929688,522.844970703125,19014
2026-06-25 19:23:00+00:00,522.780029296875,523.4000244140625,522.5599975585938,522.7100219726562,31859
2026-06-25 19:24:00+00:00,522.6749877929688,522.9099731445312,522.2750244140625,522.9000244140625,24068
2026-06-25 19:25:00+00:00,523.1400146484375,523.7910766601562,522.969970703125,523.3699951171875,26288
2026-06-25 19:26:00+00:00,523.2899780273438,524.239990234375,523.0,524.0750122070312,39582
2026-06-25 19:27:00+00:00,523.9749755859375,524.27001953125,523.4857788085938,523.7999877929688,29281
2026-06-25 19:28:00+00:00,523.8150024414062,524.239990234375,523.4990234375,523.6099853515625,29666
2026-06-25 19:29:00+00:00,523.5750122070312,525.119873046875,523.5001220703125,524.3300170898438,43190
2026-06-25 19:30:00+00:00,524.27001953125,524.5900268554688,523.1701049804688,523.4849853515625,46901
2026-06-25 19:31:00+00:00,523.47998046875,523.6024780273438,522.6799926757812,522.9299926757812,42710
2026-06-25 19:32:00+00:00,522.8466796875,523.719970703125,522.8466796875,523.030029296875,27993
2026-06-25 19:33:00+00:00,522.9500122070312,523.7899780273438,522.8150024414062,523.4099731445312,23788
2026-06-25 19:34:00+00:00,523.3699951171875,524.5,523.3350219726562,524.3699951171875,34619
2026-06-25 19:35:00+00:00,524.22998046875,524.2999877929688,523.6553955078125,523.9000244140625,31133
2026-06-25 19:36:00+00:00,523.9000244140625,524.2000122070312,523.4000244140625,523.6699829101562,45252
2026-06-25 19:37:00+00:00,523.6649780273438,524.5,523.5250244140625,524.1824951171875,30103
2026-06-25 19:38:00+00:00,524.139892578125,524.2000122070312,523.610107421875,523.674072265625,21436
2026-06-25 19:39:00+00:00,523.5700073242188,524.3300170898438,523.3300170898438,524.2849731445312,32388
2026-06-25 19:40:00+00:00,524.498779296875,525.5499877929688,524.260009765625,525.010009765625,56226
2026-06-25 19:41:00+00:00,524.9000244140625,527.280029296875,524.6199951171875,527.280029296875,95755
2026-06-25 19:42:00+00:00,527.1300048828125,528.0,527.0499877929688,527.125,67695
2026-06-25 19:43:00+00:00,527.125,527.4000244140625,526.719970703125,527.0900268554688,50738
2026-06-25 19:44:00+00:00,527.3099975585938,527.4000244140625,526.280029296875,526.635009765625,49885
2026-06-25 19:45:00+00:00,526.635009765625,527.1500244140625,526.1380004882812,526.6199951171875,47665
2026-06-25 19:46:00+00:00,526.4149780273438,526.6900024414062,525.010009765625,525.989990234375,59787
2026-06-25 19:47:00+00:00,525.5308837890625,526.8790283203125,525.5308837890625,525.969970703125,30099
2026-06-25 19:48:00+00:00,525.9249877929688,526.2498779296875,525.1400146484375,525.3099975585938,32855
2026-06-25 19:49:00+00:00,525.3099975585938,525.47998046875,524.6699829101562,525.02001953125,34682
2026-06-25 19:50:00+00:00,525.0999755859375,525.1099853515625,523.2000732421875,523.8300170898438,69688
2026-06-25 19:51:00+00:00,523.8300170898438,525.8099975585938,523.0220947265625,525.5999755859375,69419
2026-06-25 19:52:00+00:00,525.489990234375,526.7098999023438,525.4600219726562,526.3800048828125,76761
2026-06-25 19:53:00+00:00,526.3200073242188,527.2100219726562,526.2999877929688,526.9450073242188,124190
2026-06-25 19:54:00+00:00,527.239990234375,528.5,526.97998046875,528.0,173341
2026-06-25 19:55:00+00:00,528.0,531.3900146484375,528.0,531.1403198242188,290871
2026-06-25 19:56:00+00:00,531.1099853515625,531.4249877929688,530.1600952148438,530.5999755859375,180592
2026-06-25 19:57:00+00:00,530.72998046875,531.989990234375,530.6199951171875,531.5999145507812,190523
2026-06-25 19:58:00+00:00,531.4400024414062,531.469970703125,530.7213134765625,531.0900268554688,194770
2026-06-25 19:59:00+00:00,530.989990234375,532.8200073242188,530.9099731445312,532.5900268554688,818098
2026-06-25 20:00:00+00:00,532.57,538.0,530.7903,536.41,0
2026-06-25 20:01:00+00:00,536.194,537.0,532.8,536.75,0
2026-06-25 20:02:00+00:00,536.75,538.01,535.45,536.77,0
2026-06-25 20:03:00+00:00,536.51,537.73,532.57,535.99,0
2026-06-25 20:04:00+00:00,536.0,536.5,532.57,535.98,0
2026-06-25 20:05:00+00:00,535.2,536.0,532.57,535.2,0
2026-06-25 20:06:00+00:00,535.4,535.975,532.8,533.62,0
2026-06-25 20:07:00+00:00,533.7,534.4942,532.96,533.68,0
2026-06-25 20:08:00+00:00,533.67,534.0,532.96,533.565,0
2026-06-25 20:09:00+00:00,533.2431,534.0,532.57,533.535,0
2026-06-25 20:10:00+00:00,533.94,533.94,532.0,532.7086,0
2026-06-25 20:11:00+00:00,532.5,533.6,532.5,533.6,0
2026-06-25 20:12:00+00:00,533.9,534.2633,533.4,533.41,0
2026-06-25 20:13:00+00:00,533.5,533.9265,532.8,533.4,0
2026-06-25 20:14:00+00:00,533.4702,533.94,533.26,533.26,0
2026-06-25 20:15:00+00:00,533.26,533.9,533.26,533.79,0
2026-06-25 20:16:00+00:00,533.45,533.96,533.1248,533.1248,0
2026-06-25 20:17:00+00:00,533.92,533.96,533.0,533.0,0
2026-06-25 20:18:00+00:00,533.69,533.96,533.0001,533.5,0
2026-06-25 20:19:00+00:00,533.61,534.0,533.0,533.63,0
2026-06-25 20:20:00+00:00,532.57,534.0,532.57,533.53,0
2026-06-25 20:21:00+00:00,533.49,534.35,533.1,534.24,0
2026-06-25 20:22:00+00:00,534.06,534.3,533.5,533.725,0
2026-06-25 20:23:00+00:00,533.725,534.63,533.1,533.33,0
2026-06-25 20:24:00+00:00,534.19,534.34,533.51,534.0,0
2026-06-25 20:25:00+00:00,533.71,534.5,532.57,534.245,0
2026-06-25 20:26:00+00:00,534.0215,534.3392,533.33,533.88,0
2026-06-25 20:27:00+00:00,533.88,534.4043,533.33,534.0,0
2026-06-25 20:28:00+00:00,533.57,534.38,533.1,533.9892,0
2026-06-25 20:29:00+00:00,534.19,534.19,533.1,533.6,0
2026-06-25 20:30:00+00:00,533.6,533.65,532.149,532.149,0
2026-06-25 20:31:00+00:00,532.6,533.67,532.3,532.3,0
2026-06-25 20:32:00+00:00,532.5,533.2,532.3,532.75,0
2026-06-25 20:33:00+00:00,532.3,533.2,532.3,532.99,0
2026-06-25 20:34:00+00:00,532.99,533.2,532.4,532.76,0
2026-06-25 20:35:00+00:00,532.76,533.2,532.4,533.19,0
2026-06-25 20:36:00+00:00,533.19,533.19,532.4187,532.8,0
2026-06-25 20:37:00+00:00,532.68,533.0,532.4012,532.45,0
2026-06-25 20:38:00+00:00,532.35,532.9999,532.3,532.45,0
2026-06-25 20:39:00+00:00,532.65,533.0,531.48,531.6776,0
2026-06-25 20:40:00+00:00,531.66,532.43,531.48,532.01,0
2026-06-25 20:41:00+00:00,531.74,531.8722,531.48,531.74,0
2026-06-25 20:42:00+00:00,531.98,532.1,531.6,531.84,0
2026-06-25 20:43:00+00:00,531.7,532.0,531.1,531.49,0
2026-06-25 20:44:00+00:00,531.42,531.54,531.0,531.0,0
2026-06-25 20:45:00+00:00,531.1,531.55,531.0,531.51,0
2026-06-25 20:46:00+00:00,531.59,531.6,531.0,531.3,0
2026-06-25 20:47:00+00:00,531.28,531.68,531.0,531.34,0
2026-06-25 20:48:00+00:00,531.21,531.4,530.5,530.54,0
2026-06-25 20:49:00+00:00,530.6277,531.025,530.6277,530.8409,0
2026-06-25 20:50:00+00:00,530.75,531.3,530.5,530.85,0
2026-06-25 20:51:00+00:00,530.8,531.01,530.5,530.9,0
2026-06-25 20:52:00+00:00,530.9,531.29,530.61,531.2827,0
2026-06-25 20:53:00+00:00,530.8,531.3,530.61,530.95,0
2026-06-25 20:54:00+00:00,530.95,531.61,530.61,531.155,0
2026-06-25 20:55:00+00:00,531.02,532.57,530.7,531.55,0
2026-06-25 20:56:00+00:00,531.6939,531.74,531.0,531.37,0
2026-06-25 20:57:00+00:00,531.37,531.7507,531.1114,531.5,0
2026-06-25 20:58:00+00:00,531.1658,531.74,530.81,530.8332,0
2026-06-25 20:59:00+00:00,530.81,531.74,530.81,531.0,0
2026-06-25 21:00:00+00:00,531.01,531.7167,530.81,531.21,0
2026-06-25 21:01:00+00:00,530.85,531.74,530.85,531.3,0
2026-06-25 21:02:00+00:00,531.58,531.58,531.3,531.5,0
2026-06-25 21:03:00+00:00,531.3,531.69,531.3,531.56,0
2026-06-25 21:04:00+00:00,531.4,531.84,531.3501,531.595,0
2026-06-25 21:05:00+00:00,531.74,531.84,531.45,531.595,0
2026-06-25 21:06:00+00:00,531.45,531.77,531.3,531.56,0
2026-06-25 21:07:00+00:00,531.3,531.59,531.3,531.59,0
2026-06-25 21:08:00+00:00,531.55,531.7387,531.3,531.7387,0
2026-06-25 21:09:00+00:00,531.35,531.75,530.86,531.41,0
2026-06-25 21:10:00+00:00,531.31,531.75,530.9757,531.1,0
2026-06-25 21:11:00+00:00,531.305,531.305,531.0,531.1,0
2026-06-25 21:12:00+00:00,531.1,531.5,530.876,530.876,0
2026-06-25 21:13:00+00:00,531.18,531.5,530.86,531.18,0
2026-06-25 21:14:00+00:00,531.13,531.484,530.86,530.86,0
2026-06-25 21:15:00+00:00,531.0,531.0,530.5,531.0,0
2026-06-25 21:16:00+00:00,530.5,531.0,530.5,530.63,0
2026-06-25 21:17:00+00:00,530.61,531.5,530.5,531.5,0
2026-06-25 21:18:00+00:00,531.0,531.5,530.5,530.7,0
2026-06-25 21:19:00+00:00,530.52,530.94,530.5,530.62,0
2026-06-25 21:20:00+00:00,530.94,530.94,530.5,530.94,0
2026-06-25 21:21:00+00:00,530.75,531.38,530.5,530.71,0
2026-06-25 21:22:00+00:00,530.6807,531.3,530.5,531.3,0
2026-06-25 21:23:00+00:00,530.8,530.865,530.5,530.5,0
2026-06-25 21:24:00+00:00,530.5,531.1999,530.5,530.915,0
2026-06-25 21:25:00+00:00,530.8,531.0,530.53,530.915,0
2026-06-25 21:26:00+00:00,530.92,530.92,529.01,529.75,0
2026-06-25 21:27:00+00:00,529.31,530.0,529.31,530.0,0
2026-06-25 21:28:00+00:00,529.6735,529.6735,529.59,529.59,0
2026-06-25 21:29:00+00:00,529.99,529.99,529.5475,529.5475,0
2026-06-25 21:30:00+00:00,529.0,529.54,528.5,528.59,0
2026-06-25 21:31:00+00:00,528.58,529.0,528.01,528.5,0
2026-06-25 21:32:00+00:00,528.99,529.5,528.55,529.05,0
2026-06-25 21:33:00+00:00,528.55,529.55,528.55,528.55,0
2026-06-25 21:34:00+00:00,528.6001,529.55,528.6001,529.02,0
2026-06-25 21:35:00+00:00,529.125,529.5,528.8475,528.8475,0
2026-06-25 21:36:00+00:00,529.28,529.5,529.0,529.05,0
2026-06-25 21:37:00+00:00,529.5,529.5,528.6,529.3406,0
2026-06-25 21:38:00+00:00,529.37,529.5,529.0,529.25,0
2026-06-25 21:39:00+00:00,529.24,532.57,529.0,529.2,0
2026-06-25 21:40:00+00:00,529.2,529.4,529.0,529.0,0
2026-06-25 21:41:00+00:00,529.25,529.28,529.0,529.25,0
2026-06-25 21:42:00+00:00,529.39,529.39,529.0,529.2,0
2026-06-25 21:43:00+00:00,529.2,529.4,529.0,529.39,0
2026-06-25 21:44:00+00:00,529.2,529.39,529.052,529.2371,0
2026-06-25 21:45:00+00:00,529.21,529.4,529.2,529.22,0
2026-06-25 21:46:00+00:00,529.4,529.4,529.2,529.3099,0
2026-06-25 21:47:00+00:00,529.1992,529.3358,529.0,529.0,0
2026-06-25 21:48:00+00:00,529.4,529.4,529.0,529.0693,0
2026-06-25 21:49:00+00:00,529.4,529.4,529.0,529.275,0
2026-06-25 21:50:00+00:00,529.275,529.7897,529.0,529.0,0
2026-06-25 21:51:00+00:00,529.5,530.0,529.06,530.0,0
2026-06-25 21:52:00+00:00,529.5,530.0,529.0,529.5,0
2026-06-25 21:53:00+00:00,529.5,529.975,529.0,529.5,0
2026-06-25 21:54:00+00:00,529.1958,529.9038,529.1958,529.65,0
2026-06-25 21:55:00+00:00,529.35,530.0,529.1,529.39,0
2026-06-25 21:56:00+00:00,529.1946,529.7,529.05,529.66,0
2026-06-25 21:57:00+00:00,529.0,529.9,529.0,529.35,0
2026-06-25 21:58:00+00:00,529.0,530.0,529.0,530.0,0
2026-06-25 21:59:00+00:00,530.0,530.0,529.0,529.2,0
2026-06-25 22:00:00+00:00,529.9,531.0,529.05,529.9,0
2026-06-25 22:01:00+00:00,529.99,530.95,529.0,529.55,0
2026-06-25 22:02:00+00:00,529.03,530.95,529.0,529.99,0
2026-06-25 22:03:00+00:00,529.4034,530.78,529.2,529.2,0
2026-06-25 22:04:00+00:00,530.95,530.95,529.2,530.0,0
2026-06-25 22:05:00+00:00,530.075,530.075,529.21,529.3,0
2026-06-25 22:06:00+00:00,529.2437,530.95,529.21,529.2437,0
2026-06-25 22:07:00+00:00,530.95,530.95,529.0,529.2,0
2026-06-25 22:08:00+00:00,529.755,529.755,528.15,528.15,0
2026-06-25 22:09:00+00:00,528.15,528.365,528.01,528.33,0
2026-06-25 22:10:00+00:00,528.3,528.3,526.28,527.0,0
2026-06-25 22:11:00+00:00,527.0,528.5,527.0,527.0,0
2026-06-25 22:12:00+00:00,527.0,528.932,526.95,526.95,0
2026-06-25 22:13:00+00:00,526.98,528.1,526.28,527.2,0
2026-06-25 22:14:00+00:00,527.2,529.0,527.2,528.0,0
2026-06-25 22:15:00+00:00,528.0,529.0,527.0,528.0,0
2026-06-25 22:16:00+00:00,528.0,528.22,527.5,527.52,0
2026-06-25 22:17:00+00:00,528.54,528.63,527.52,528.38,0
2026-06-25 22:18:00+00:00,528.5,529.5,528.115,529.5,0
2026-06-25 22:19:00+00:00,528.38,528.99,527.83,528.0,0
2026-06-25 22:20:00+00:00,528.0,528.49,528.0,528.04,0
2026-06-25 22:21:00+00:00,528.16,529.1602,527.75,528.0,0
2026-06-25 22:22:00+00:00,527.7907,528.93,527.61,528.0732,0
2026-06-25 22:23:00+00:00,528.7,528.896,528.15,528.25,0
2026-06-25 22:24:00+00:00,528.896,528.94,527.5,528.94,0
2026-06-25 22:25:00+00:00,527.5,532.57,527.5,532.57,0
2026-06-25 22:26:00+00:00,527.5,528.37,527.5,527.85,0
2026-06-25 22:27:00+00:00,528.01,528.01,527.5,527.75,0
2026-06-25 22:28:00+00:00,527.51,527.99,527.38,527.38,0
2026-06-25 22:29:00+00:00,527.2,527.25,527.2,527.2,0
2026-06-25 22:30:00+00:00,527.0,527.65,527.0,527.15,0
2026-06-25 22:31:00+00:00,527.15,527.65,527.0,527.0,0
2026-06-25 22:32:00+00:00,527.23,527.7,527.0,527.1467,0
2026-06-25 22:33:00+00:00,527.1468,527.5,527.06,527.06,0
2026-06-25 22:34:00+00:00,527.06,528.5,527.0,527.35,0
2026-06-25 22:35:00+00:00,527.0,527.82,527.0,527.82,0
2026-06-25 22:36:00+00:00,528.4999,528.4999,527.0,528.0,0
2026-06-25 22:37:00+00:00,527.5,528.5,527.5,527.752,0
2026-06-25 22:38:00+00:00,528.0,528.1825,527.5001,528.13,0
2026-06-25 22:39:00+00:00,528.13,528.13,527.5,527.72,0
2026-06-25 22:40:00+00:00,528.45,528.5,528.0,528.0,0
2026-06-25 22:41:00+00:00,528.13,528.25,528.0,528.0856,0
2026-06-25 22:42:00+00:00,528.0974,528.25,528.0,528.25,0
2026-06-25 22:43:00+00:00,528.02,528.5,528.02,528.2,0
2026-06-25 22:44:00+00:00,528.2841,528.6,527.51,527.51,0
2026-06-25 22:45:00+00:00,528.3,529.0,528.2054,528.89,0
2026-06-25 22:46:00+00:00,528.89,528.89,528.19,528.19,0
2026-06-25 22:47:00+00:00,528.6298,528.87,527.51,527.51,0
2026-06-25 22:48:00+00:00,528.2,528.42,527.51,527.6868,0
2026-06-25 22:49:00+00:00,528.2,528.836,528.0,528.836,0
2026-06-25 22:50:00+00:00,528.836,528.8699,527.51,528.19,0
2026-06-25 22:51:00+00:00,528.19,528.19,527.755,527.8,0
2026-06-25 22:52:00+00:00,527.8899,528.3,527.755,528.05,0
2026-06-25 22:53:00+00:00,528.8688,528.87,528.1,528.1,0
2026-06-25 22:54:00+00:00,528.32,528.87,527.77,528.44,0
2026-06-25 22:55:00+00:00,528.87,528.87,527.77,528.1,0
2026-06-25 22:56:00+00:00,528.44,528.44,528.05,528.37,0
2026-06-25 22:57:00+00:00,528.21,528.87,528.21,528.2804,0
2026-06-25 22:58:00+00:00,528.0217,528.87,528.0217,528.52,0
2026-06-25 22:59:00+00:00,528.87,528.87,528.435,528.48,0
2026-06-25 23:00:00+00:00,528.48,528.859,528.435,528.735,0
2026-06-25 23:01:00+00:00,528.6,528.85,528.068,528.42,0
2026-06-25 23:02:00+00:00,528.37,528.43,527.99,528.0563,0
2026-06-25 23:03:00+00:00,527.99,527.99,527.6,527.81,0
2026-06-25 23:04:00+00:00,527.95,528.21,527.51,527.51,0
2026-06-25 23:05:00+00:00,528.28,528.3,527.9,528.01,0
2026-06-25 23:06:00+00:00,528.1,528.248,527.9,528.01,0
2026-06-25 23:07:00+00:00,527.9984,528.3,527.95,528.137,0
2026-06-25 23:08:00+00:00,528.18,528.28,528.1,528.2,0
2026-06-25 23:09:00+00:00,528.126,528.274,528.1,528.1,0
2026-06-25 23:10:00+00:00,528.15,528.87,528.1,528.535,0
2026-06-25 23:11:00+00:00,528.25,528.87,528.23,528.54,0
2026-06-25 23:12:00+00:00,528.8044,528.95,528.2,528.95,0
2026-06-25 23:13:00+00:00,528.2,530.4,528.2,530.4,0
2026-06-25 23:14:00+00:00,529.035,530.5,529.035,530.5,0
2026-06-25 23:15:00+00:00,530.13,531.0,530.13,530.99,0
2026-06-25 23:16:00+00:00,530.99,531.0,528.6515,530.075,0
2026-06-25 23:17:00+00:00,529.9976,531.5,529.9976,531.5,0
2026-06-25 23:18:00+00:00,531.3342,533.8,531.103,532.81,0
2026-06-25 23:19:00+00:00,532.81,534.5,532.5325,533.8,0
2026-06-25 23:20:00+00:00,533.5,534.6,532.2,532.8,0
2026-06-25 23:21:00+00:00,534.0,535.0,532.9,535.0,0
2026-06-25 23:22:00+00:00,534.46,535.0,533.5,534.4,0
2026-06-25 23:23:00+00:00,534.4,535.48,534.104,535.48,0
2026-06-25 23:24:00+00:00,534.3901,535.95,534.0,535.0,0
2026-06-25 23:25:00+00:00,534.725,535.95,533.5,534.01,0
2026-06-25 23:26:00+00:00,535.09,535.09,533.5,534.7,0
2026-06-25 23:27:00+00:00,534.5,535.0,533.7522,534.99,0
2026-06-25 23:28:00+00:00,533.5,535.0,533.5,534.99,0
2026-06-25 23:29:00+00:00,534.506,535.5,534.5,535.0,0
2026-06-25 23:30:00+00:00,535.19,535.85,534.0,534.0,0
2026-06-25 23:31:00+00:00,535.85,535.85,534.0,535.0,0
2026-06-25 23:32:00+00:00,534.25,535.0,533.5,534.0,0
2026-06-25 23:33:00+00:00,534.02,534.4953,533.5,533.75,0
2026-06-25 23:34:00+00:00,533.52,534.5,533.51,533.75,0
2026-06-25 23:35:00+00:00,533.75,534.08,533.55,533.6225,0
2026-06-25 23:36:00+00:00,533.6225,534.5,533.55,534.015,0
2026-06-25 23:37:00+00:00,533.985,534.0,533.25,533.77,0
2026-06-25 23:38:00+00:00,533.75,534.5,532.0,533.016,0
2026-06-25 23:39:00+00:00,533.8,534.5,532.0,532.1,0
2026-06-25 23:40:00+00:00,532.0,533.6367,532.0,532.439,0
2026-06-25 23:41:00+00:00,533.0,533.5966,532.16,532.26,0
2026-06-25 23:42:00+00:00,533.3,533.3463,532.0,533.0,0
2026-06-25 23:43:00+00:00,532.0,534.0,531.31,532.225,0
2026-06-25 23:44:00+00:00,531.51,532.7985,531.44,532.0,0
2026-06-25 23:45:00+00:00,531.51,533.0,530.24,531.0,0
2026-06-25 23:46:00+00:00,531.0,531.0,530.0,530.975,0
2026-06-25 23:47:00+00:00,530.1,531.9,529.26,531.9,0
2026-06-25 23:48:00+00:00,529.377,530.5,529.377,530.0,0
2026-06-25 23:49:00+00:00,531.9,531.9,529.2,530.0,0
2026-06-25 23:50:00+00:00,530.15,531.4999,529.2,529.2,0
2026-06-25 23:51:00+00:00,529.59,531.0,529.2,530.0,0
2026-06-25 23:52:00+00:00,529.92,531.0,529.0,529.55,0
2026-06-25 23:53:00+00:00,529.835,530.0,528.6,528.9044,0
2026-06-25 23:54:00+00:00,529.2,530.0,528.7,529.69,0
2026-06-25 23:55:00+00:00,529.25,530.0,529.0,530.0,0
2026-06-25 23:56:00+00:00,529.99,530.0,529.0,530.0,0
2026-06-25 23:57:00+00:00,530.0714,532.0,529.0,531.85,0
2026-06-25 23:58:00+00:00,529.075,532.0,529.0,531.5,0
2026-06-25 23:59:00+00:00,529.5,531.5,529.0,529.325,0
2026-06-26 08:00:00+00:00,515.12,521.0,513.3645,518.7,0
2026-06-26 08:01:00+00:00,519.7,521.0,513.01,518.7,0
2026-06-26 08:02:00+00:00,518.07,518.91,518.07,518.07,0
2026-06-26 08:03:00+00:00,518.1,518.97,518.07,518.12,0
2026-06-26 08:04:00+00:00,518.07,518.92,513.0,518.1,0
2026-06-26 08:05:00+00:00,518.79,519.0,518.07,518.1,0
2026-06-26 08:06:00+00:00,518.07,518.91,516.17,517.73,0
2026-06-26 08:07:00+00:00,517.73,519.85,517.7,519.0188,0
2026-06-26 08:08:00+00:00,520.0,521.01,513.42,516.72,0
2026-06-26 08:09:00+00:00,516.49,520.5,513.38,514.0,0
2026-06-26 08:10:00+00:00,518.1,518.1,517.67,517.67,0
2026-06-26 08:11:00+00:00,518.34,518.34,516.335,517.17,0
2026-06-26 08:12:00+00:00,517.49,517.49,516.94,517.39,0
2026-06-26 08:13:00+00:00,517.7613,517.7613,516.65,517.0,0
2026-06-26 08:14:00+00:00,516.65,517.4588,516.65,516.98,0
2026-06-26 08:15:00+00:00,516.7,517.4,516.7,517.4,0
2026-06-26 08:16:00+00:00,517.4,517.76,516.6612,517.66,0
2026-06-26 08:17:00+00:00,517.8302,517.85,516.78,517.85,0
2026-06-26 08:18:00+00:00,517.66,517.66,517.54,517.59,0
2026-06-26 08:19:00+00:00,517.51,517.51,516.676,516.765,0
2026-06-26 08:20:00+00:00,516.78,517.2,516.0,516.0,0
2026-06-26 08:21:00+00:00,517.0,517.0,517.0,517.0,0
2026-06-26 08:23:00+00:00,517.0,517.1,516.0,517.02,0
2026-06-26 08:24:00+00:00,517.33,517.57,516.01,516.01,0
2026-06-26 08:25:00+00:00,517.77,518.0,517.77,517.94,0
2026-06-26 08:26:00+00:00,517.98,518.1,517.5,518.0,0
2026-06-26 08:27:00+00:00,516.75,518.25,516.75,518.25,0
2026-06-26 08:28:00+00:00,518.25,518.57,518.25,518.57,0
2026-06-26 08:29:00+00:00,517.97,517.97,517.97,517.97,0
2026-06-26 08:30:00+00:00,518.01,518.01,518.01,518.01,0
2026-06-26 08:31:00+00:00,518.0,518.15,517.51,517.51,0
2026-06-26 08:32:00+00:00,517.78,517.78,517.33,517.33,0
2026-06-26 08:33:00+00:00,517.92,518.4988,516.75,517.68,0
2026-06-26 08:34:00+00:00,517.01,517.7055,517.0,517.3,0
2026-06-26 08:35:00+00:00,517.9687,518.0,516.8,518.0,0
2026-06-26 08:36:00+00:00,517.08,517.08,517.06,517.06,0
2026-06-26 08:37:00+00:00,517.06,517.26,517.06,517.06,0
2026-06-26 08:38:00+00:00,517.975,517.975,517.34,517.5,0
2026-06-26 08:39:00+00:00,517.45,518.0,516.75,517.0,0
2026-06-26 08:40:00+00:00,517.02,517.44,517.0,517.44,0
2026-06-26 08:41:00+00:00,516.8,516.9652,516.8,516.9652,0
2026-06-26 08:42:00+00:00,517.2,517.89,516.75,517.89,0
2026-06-26 08:43:00+00:00,517.65,517.65,517.23,517.23,0
2026-06-26 08:44:00+00:00,516.8,517.89,516.0012,516.0012,0
2026-06-26 08:45:00+00:00,516.33,516.33,516.01,516.01,0
2026-06-26 08:46:00+00:00,516.0,516.6337,516.0,516.0,0
2026-06-26 08:47:00+00:00,516.33,516.33,516.0307,516.2,0
2026-06-26 08:48:00+00:00,516.2,517.2288,516.0,516.0,0
2026-06-26 08:49:00+00:00,516.0,516.3,516.0,516.0,0
2026-06-26 08:50:00+00:00,516.4988,516.4988,516.11,516.11,0
2026-06-26 08:51:00+00:00,516.0,516.01,515.7,515.9262,0
2026-06-26 08:52:00+00:00,515.41,515.59,515.3,515.5,0
2026-06-26 08:53:00+00:00,515.0511,515.5,515.0,515.0,0
2026-06-26 08:54:00+00:00,515.0,515.59,515.0,515.5752,0
2026-06-26 08:55:00+00:00,515.21,515.21,514.4877,514.5,0
2026-06-26 08:56:00+00:00,515.0,515.36,515.0,515.36,0
2026-06-26 08:57:00+00:00,515.0,515.2,514.0,515.0,0
2026-06-26 08:58:00+00:00,514.9,514.9,514.64,514.64,0
2026-06-26 08:59:00+00:00,514.87,515.0,514.46,515.0,0
2026-06-26 09:00:00+00:00,514.3,515.0,514.12,514.2,0
2026-06-26 09:01:00+00:00,514.242,514.97,513.75,513.75,0
2026-06-26 09:02:00+00:00,514.33,514.33,513.87,514.33,0
2026-06-26 09:03:00+00:00,514.4,514.4,513.05,513.8,0
2026-06-26 09:04:00+00:00,513.8,514.04,513.0,513.0,0
2026-06-26 09:05:00+00:00,513.89,514.37,513.0,513.3,0
2026-06-26 09:06:00+00:00,513.3,514.7988,513.0,513.0,0
2026-06-26 09:07:00+00:00,513.0855,513.5,513.041,513.5,0
2026-06-26 09:08:00+00:00,513.5,514.64,513.5,514.64,0
2026-06-26 09:09:00+00:00,513.5,514.5989,513.5,513.75,0
2026-06-26 09:10:00+00:00,513.63,514.0,513.5,513.88,0
2026-06-26 09:11:00+00:00,514.22,514.48,513.8837,514.48,0
2026-06-26 09:12:00+00:00,514.0,514.0,513.0641,513.51,0
2026-06-26 09:13:00+00:00,513.5,513.7,513.5,513.7,0
2026-06-26 09:14:00+00:00,514.22,514.74,514.05,514.05,0
2026-06-26 09:15:00+00:00,514.6,515.03,514.6,515.03,0
2026-06-26 09:16:00+00:00,515.0,515.0,513.62,513.81,0
2026-06-26 09:17:00+00:00,513.81,514.91,513.81,514.89,0
2026-06-26 09:18:00+00:00,514.89,514.89,514.89,514.89,0
2026-06-26 09:19:00+00:00,514.01,514.5957,513.0,513.0,0
2026-06-26 09:20:00+00:00,513.72,513.72,512.5,512.5,0
2026-06-26 09:21:00+00:00,512.73,512.73,512.5,512.5,0
2026-06-26 09:22:00+00:00,513.0725,513.0725,512.2,512.94,0
2026-06-26 09:23:00+00:00,513.2,513.71,512.18,512.18,0
2026-06-26 09:24:00+00:00,512.22,512.5,512.0,512.0,0
2026-06-26 09:25:00+00:00,512.6,513.4,512.0,512.11,0
2026-06-26 09:26:00+00:00,512.2,512.7,511.0,511.97,0
2026-06-26 09:27:00+00:00,511.76,512.2,511.76,512.15,0
2026-06-26 09:28:00+00:00,511.95,512.7,511.36,512.4,0
2026-06-26 09:29:00+00:00,512.4,512.4,511.25,512.17,0
2026-06-26 09:30:00+00:00,512.45,513.3988,511.2012,511.81,0
2026-06-26 09:31:00+00:00,512.05,512.11,511.2,511.2003,0
2026-06-26 09:32:00+00:00,512.6188,512.6188,511.5,512.0,0
2026-06-26 09:33:00+00:00,512.0,512.62,511.5,511.5,0
2026-06-26 09:34:00+00:00,511.75,512.0,511.0,511.99,0
2026-06-26 09:35:00+00:00,512.0,512.4225,511.0012,511.6705,0
2026-06-26 09:36:00+00:00,512.06,512.06,511.83,512.0,0
2026-06-26 09:37:00+00:00,512.62,512.62,512.0,512.02,0
2026-06-26 09:38:00+00:00,512.03,512.87,512.03,512.59,0
2026-06-26 09:39:00+00:00,512.51,513.01,512.0312,513.01,0
2026-06-26 09:40:00+00:00,513.14,514.14,513.0,514.14,0
2026-06-26 09:41:00+00:00,514.14,514.14,514.0004,514.0004,0
2026-06-26 09:42:00+00:00,514.09,515.6,513.0747,514.68,0
2026-06-26 09:43:00+00:00,514.38,514.52,513.37,514.0,0
2026-06-26 09:44:00+00:00,513.93,514.0,513.93,514.0,0
2026-06-26 09:45:00+00:00,513.2938,515.0,513.2938,515.0,0
2026-06-26 09:46:00+00:00,513.74,514.99,513.74,514.95,0
2026-06-26 09:47:00+00:00,515.6,515.6,514.85,514.85,0
2026-06-26 09:48:00+00:00,514.9,514.9,514.8,514.89,0
2026-06-26 09:49:00+00:00,514.9,514.9,514.2,514.2,0
2026-06-26 09:50:00+00:00,514.8825,514.9,514.88,514.88,0
2026-06-26 09:51:00+00:00,514.5,514.5,514.5,514.5,0
2026-06-26 09:52:00+00:00,514.9,514.9,514.33,514.54,0
2026-06-26 09:53:00+00:00,514.54,514.62,514.22,514.5,0
2026-06-26 09:54:00+00:00,514.2,514.8635,514.2,514.8635,0
2026-06-26 09:55:00+00:00,514.21,514.4,514.2,514.4,0
2026-06-26 09:56:00+00:00,514.5,514.5,513.4,513.4,0
2026-06-26 09:57:00+00:00,512.4,513.88,512.4,512.8,0
2026-06-26 09:58:00+00:00,512.01,513.23,512.01,513.23,0
2026-06-26 09:59:00+00:00,513.23,513.25,513.0,513.23,0
2026-06-26 10:00:00+00:00,513.975,513.99,512.01,512.01,0
2026-06-26 10:01:00+00:00,512.985,512.985,511.96,511.98,0
2026-06-26 10:02:00+00:00,511.77,512.0237,511.09,511.44,0
2026-06-26 10:03:00+00:00,511.7,512.1,511.7,512.0,0
2026-06-26 10:04:00+00:00,512.0,512.74,512.0,512.33,0
2026-06-26 10:05:00+00:00,512.56,512.77,512.19,512.52,0
2026-06-26 10:06:00+00:00,512.0012,513.9988,512.0012,513.2,0
2026-06-26 10:07:00+00:00,513.23,513.23,512.0597,513.0521,0
2026-06-26 10:08:00+00:00,513.2,513.23,513.0,513.23,0
2026-06-26 10:09:00+00:00,513.23,513.5125,513.0,513.5125,0
2026-06-26 10:10:00+00:00,513.5057,513.5057,513.5,513.5,0
2026-06-26 10:11:00+00:00,513.57,513.68,513.38,513.38,0
2026-06-26 10:12:00+00:00,513.99,513.99,513.0,513.0012,0
2026-06-26 10:13:00+00:00,513.61,513.68,513.42,513.42,0
2026-06-26 10:14:00+00:00,513.67,513.67,513.67,513.67,0
2026-06-26 10:16:00+00:00,513.67,513.67,513.23,513.23,0
2026-06-26 10:17:00+00:00,513.52,514.3488,513.0012,513.0521,0
2026-06-26 10:18:00+00:00,513.95,513.95,513.0,513.23,0
2026-06-26 10:19:00+00:00,513.45,513.89,513.01,513.01,0
2026-06-26 10:20:00+00:00,513.0,513.4972,513.0,513.0,0
2026-06-26 10:21:00+00:00,512.8,512.8,512.06,512.47,0
2026-06-26 10:22:00+00:00,512.42,512.42,512.42,512.42,0
2026-06-26 10:23:00+00:00,512.43,513.4988,512.4,513.2002,0
2026-06-26 10:24:00+00:00,513.1992,513.1992,513.1992,513.1992,0
2026-06-26 10:25:00+00:00,512.57,512.66,512.5,512.51,0
2026-06-26 10:26:00+00:00,512.975,513.0,512.88,513.0,0
2026-06-26 10:27:00+00:00,512.99,513.0,512.82,512.82,0
2026-06-26 10:28:00+00:00,512.81,512.81,512.16,512.5,0
2026-06-26 10:29:00+00:00,512.49,512.49,512.0,512.31,0
2026-06-26 10:30:00+00:00,512.01,512.25,511.57,511.698,0
2026-06-26 10:31:00+00:00,512.02,512.44,512.02,512.44,0
2026-06-26 10:32:00+00:00,512.44,512.67,512.39,512.52,0
2026-06-26 10:33:00+00:00,512.5,512.5,511.6,512.4233,0
2026-06-26 10:34:00+00:00,512.13,512.13,511.5,511.5615,0
2026-06-26 10:35:00+00:00,512.19,512.385,511.8,511.8,0
2026-06-26 10:36:00+00:00,512.01,512.01,511.57,511.9997,0
2026-06-26 10:37:00+00:00,511.5,511.8,511.5,511.8,0
2026-06-26 10:38:00+00:00,511.53,511.975,511.0,511.5,0
2026-06-26 10:39:00+00:00,511.5,511.5,511.25,511.25,0
2026-06-26 10:40:00+00:00,511.26,511.37,511.0,511.14,0
2026-06-26 10:41:00+00:00,511.25,511.8,511.25,511.37,0
2026-06-26 10:42:00+00:00,511.61,511.7988,511.0,511.49,0
2026-06-26 10:43:00+00:00,511.7,511.7988,511.35,511.35,0
2026-06-26 10:44:00+00:00,511.0,511.58,511.0,511.0012,0
2026-06-26 10:45:00+00:00,511.15,511.6,511.0,511.6,0
2026-06-26 10:46:00+00:00,511.56,511.8988,511.0012,511.69,0
2026-06-26 10:47:00+00:00,511.85,512.0,511.69,511.9,0
2026-06-26 10:48:00+00:00,511.94,511.94,511.46,511.46,0
2026-06-26 10:49:00+00:00,511.88,511.94,511.88,511.94,0
2026-06-26 10:50:00+00:00,511.82,512.0,511.62,512.0,0
2026-06-26 10:51:00+00:00,512.0,512.15,511.4,511.4,0
2026-06-26 10:52:00+00:00,512.25,512.25,511.71,511.71,0
2026-06-26 10:53:00+00:00,511.71,512.0,511.71,511.9183,0
2026-06-26 10:54:00+00:00,512.4687,512.4687,512.0,512.0,0
2026-06-26 10:55:00+00:00,512.485,512.49,512.2,512.35,0
2026-06-26 10:56:00+00:00,512.49,512.8687,512.49,512.8687,0
2026-06-26 10:57:00+00:00,512.83,512.9,512.5,512.5,0
2026-06-26 10:58:00+00:00,512.87,512.87,512.5,512.75,0
2026-06-26 10:59:00+00:00,512.52,512.87,512.5187,512.6855,0
2026-06-26 11:00:00+00:00,513.0,514.35,512.7952,513.9999,0
2026-06-26 11:01:00+00:00,513.9,532.57,513.3475,514.132,0
2026-06-26 11:02:00+00:00,514.2847,514.35,513.6036,514.02,0
2026-06-26 11:03:00+00:00,514.02,514.35,513.65,514.0,0
2026-06-26 11:04:00+00:00,513.7,514.2525,513.6,513.87,0
2026-06-26 11:05:00+00:00,513.85,514.16,513.5,513.8,0
2026-06-26 11:06:00+00:00,513.71,514.0,513.0997,513.0997,0
2026-06-26 11:07:00+00:00,513.69,514.0,513.1,513.92,0
2026-06-26 11:08:00+00:00,513.5229,514.0,513.4824,514.0,0
2026-06-26 11:09:00+00:00,513.59,514.13,513.5,513.7,0
2026-06-26 11:10:00+00:00,513.9999,513.9999,513.71,513.71,0
2026-06-26 11:11:00+00:00,513.9339,514.45,513.8,514.39,0
2026-06-26 11:12:00+00:00,514.4,515.0,514.189,515.0,0
2026-06-26 11:13:00+00:00,515.0,515.0,514.16,514.4,0
2026-06-26 11:14:00+00:00,514.7155,514.7988,514.1,514.31,0
2026-06-26 11:15:00+00:00,514.4,514.8,513.64,513.74,0
2026-06-26 11:16:00+00:00,513.978,514.0,513.3,513.5,0
2026-06-26 11:17:00+00:00,513.5,514.5,513.5,514.0,0
2026-06-26 11:18:00+00:00,513.65,514.4,513.65,513.7475,0
2026-06-26 11:19:00+00:00,513.8937,514.1879,513.57,513.75,0
2026-06-26 11:20:00+00:00,513.65,513.855,512.6,513.06,0
2026-06-26 11:21:00+00:00,513.0,513.49,512.6,513.0,0
2026-06-26 11:22:00+00:00,513.25,513.51,512.657,513.135,0
2026-06-26 11:23:00+00:00,513.32,513.47,512.85,513.0156,0
2026-06-26 11:24:00+00:00,513.0,513.51,512.6,513.5,0
2026-06-26 11:25:00+00:00,512.86,513.51,512.83,513.1311,0
2026-06-26 11:26:00+00:00,513.01,513.5,512.83,513.0,0
2026-06-26 11:27:00+00:00,513.28,513.5,513.25,513.3838,0
2026-06-26 11:28:00+00:00,513.0,513.435,512.6,513.1961,0
2026-06-26 11:29:00+00:00,513.0,513.36,512.6,513.33,0
2026-06-26 11:30:00+00:00,513.36,513.36,512.0,512.5,0
2026-06-26 11:31:00+00:00,512.49,512.5,512.0,512.468,0
2026-06-26 11:32:00+00:00,512.14,512.35,511.5,511.9739,0
2026-06-26 11:33:00+00:00,511.75,512.4988,511.6307,512.4988,0
2026-06-26 11:34:00+00:00,512.4,512.4,511.5,512.2,0
2026-06-26 11:35:00+00:00,511.617,512.99,511.5,511.5,0
2026-06-26 11:36:00+00:00,512.6415,513.0,511.5375,512.385,0
2026-06-26 11:37:00+00:00,512.38,513.0,512.0,512.5,0
2026-06-26 11:38:00+00:00,512.94,513.0,512.13,512.5,0
2026-06-26 11:39:00+00:00,512.5,512.57,512.12,512.49,0
2026-06-26 11:40:00+00:00,512.5,512.55,512.1,512.1,0
2026-06-26 11:41:00+00:00,512.94,512.99,512.2,512.425,0
2026-06-26 11:42:00+00:00,512.59,512.9,512.425,512.5,0
2026-06-26 11:43:00+00:00,512.26,512.625,512.01,512.01,0
2026-06-26 11:44:00+00:00,512.3,512.59,512.0,512.14,0
2026-06-26 11:45:00+00:00,512.12,512.24,511.5,511.68,0
2026-06-26 11:46:00+00:00,512.04,512.04,511.5,511.75,0
2026-06-26 11:47:00+00:00,512.0,512.5,511.7939,512.005,0
2026-06-26 11:48:00+00:00,512.0302,512.3713,511.51,512.25,0
2026-06-26 11:49:00+00:00,512.0,512.4772,511.59,512.045,0
2026-06-26 11:50:00+00:00,512.25,512.5,511.59,512.1,0
2026-06-26 11:51:00+00:00,512.045,512.22,511.25,511.5,0
2026-06-26 11:52:00+00:00,511.42,511.7862,510.8,510.8,0
2026-06-26 11:53:00+00:00,511.2,511.57,510.8,510.99,0
2026-06-26 11:54:00+00:00,510.8,511.37,510.8,510.9012,0
2026-06-26 11:55:00+00:00,511.0,511.66,510.9,511.5,0
2026-06-26 11:56:00+00:00,511.7,532.57,511.4501,512.0,0
2026-06-26 11:57:00+00:00,511.92,512.2,511.069,511.55,0
2026-06-26 11:58:00+00:00,511.55,512.1999,511.4,512.0499,0
2026-06-26 11:59:00+00:00,511.6,513.0,511.6,512.24,0
2026-06-26 12:00:00+00:00,512.23,531.239,511.55,512.5698,0
2026-06-26 12:01:00+00:00,512.11,512.7995,512.1,512.7963,0
2026-06-26 12:02:00+00:00,512.79,513.3879,512.5,512.59,0
2026-06-26 12:03:00+00:00,513.12,514.4,512.97,513.86,0
2026-06-26 12:04:00+00:00,513.59,514.4,513.46,513.725,0
2026-06-26 12:05:00+00:00,513.8,514.3999,513.45,513.575,0
2026-06-26 12:06:00+00:00,514.1292,514.1292,513.3085,514.0,0
2026-06-26 12:07:00+00:00,513.6546,514.1,513.32,513.66,0
2026-06-26 12:08:00+00:00,513.62,514.36,513.32,514.23,0
2026-06-26 12:09:00+00:00,514.23,515.0,514.0,515.0,0
2026-06-26 12:10:00+00:00,514.3279,514.98,514.01,514.1,0
2026-06-26 12:11:00+00:00,514.0,514.8265,513.75,514.38,0
2026-06-26 12:12:00+00:00,514.2039,514.75,513.59,514.025,0
2026-06-26 12:13:00+00:00,514.29,514.75,513.7705,514.75,0
2026-06-26 12:14:00+00:00,514.7,514.8899,514.35,514.73,0
2026-06-26 12:15:00+00:00,514.81,515.14,514.55,515.14,0
2026-06-26 12:16:00+00:00,515.0,515.2175,514.31,514.58,0
2026-06-26 12:17:00+00:00,514.7,514.87,513.75,514.14,0
2026-06-26 12:18:00+00:00,515.0,515.0,513.25,513.62,0
2026-06-26 12:19:00+00:00,513.4,513.9488,513.0,513.2,0
2026-06-26 12:20:00+00:00,513.45,513.99,513.0,513.94,0
2026-06-26 12:21:00+00:00,513.89,513.89,512.82,513.3907,0
2026-06-26 12:22:00+00:00,513.0,513.47,512.8612,513.145,0
2026-06-26 12:23:00+00:00,513.145,513.9,513.0,513.9,0
2026-06-26 12:24:00+00:00,513.32,513.72,512.9,512.94,0
2026-06-26 12:25:00+00:00,513.69,513.69,512.86,513.17,0
2026-06-26 12:26:00+00:00,513.3241,513.48,512.93,513.0,0
2026-06-26 12:27:00+00:00,513.05,513.8491,513.0,513.48,0
2026-06-26 12:28:00+00:00,513.48,514.2,513.48,513.8,0
2026-06-26 12:29:00+00:00,513.91,513.91,513.5785,513.8,0
2026-06-26 12:30:00+00:00,513.72,513.91,513.0,513.8382,0
2026-06-26 12:31:00+00:00,513.91,513.99,513.0,513.5002,0
2026-06-26 12:32:00+00:00,513.88,513.9,513.5,513.9,0
2026-06-26 12:33:00+00:00,514.2,514.2,513.5,514.19,0
2026-06-26 12:34:00+00:00,513.85,514.044,513.0,513.5,0
2026-06-26 12:35:00+00:00,513.89,513.89,512.16,512.4,0
2026-06-26 12:36:00+00:00,512.66,513.0,512.29,512.77,0
2026-06-26 12:37:00+00:00,512.77,512.77,512.0,512.38,0
2026-06-26 12:38:00+00:00,512.38,512.85,512.01,512.01,0
2026-06-26 12:39:00+00:00,512.11,512.16,511.55,511.6,0
2026-06-26 12:40:00+00:00,511.6,512.0,511.47,511.5,0
2026-06-26 12:41:00+00:00,511.75,512.0,511.09,511.3045,0
2026-06-26 12:42:00+00:00,511.3499,511.35,510.25,510.65,0
2026-06-26 12:43:00+00:00,510.3007,510.63,510.25,510.62,0
2026-06-26 12:44:00+00:00,510.39,511.23,510.35,511.05,0
2026-06-26 12:45:00+00:00,510.85,511.0,510.26,510.99,0
2026-06-26 12:46:00+00:00,510.29,511.73,510.29,510.6,0
2026-06-26 12:47:00+00:00,511.3765,511.61,510.4101,511.13,0
2026-06-26 12:48:00+00:00,510.7365,511.19,510.35,510.77,0
2026-06-26 12:49:00+00:00,511.64,511.64,510.28,510.54,0
2026-06-26 12:50:00+00:00,510.3784,511.64,510.3,511.0,0
2026-06-26 12:51:00+00:00,510.31,511.0,509.6365,509.95,0
2026-06-26 12:52:00+00:00,509.8694,510.0,508.91,509.45,0
2026-06-26 12:53:00+00:00,509.26,510.0,509.0,509.99,0
2026-06-26 12:54:00+00:00,509.5,510.27,508.8,509.5784,0
2026-06-26 12:55:00+00:00,509.4,510.0,508.22,508.22,0
2026-06-26 12:56:00+00:00,508.53,510.0,508.12,508.3333,0
2026-06-26 12:57:00+00:00,508.27,509.23,508.13,508.9,0
2026-06-26 12:58:00+00:00,509.23,510.0,508.75,509.0,0
2026-06-26 12:59:00+00:00,509.1536,509.99,508.77,509.7656,0
2026-06-26 13:00:00+00:00,509.0459,509.9165,508.5,509.06,0
2026-06-26 13:01:00+00:00,509.83,510.0,508.8,509.37,0
2026-06-26 13:02:00+00:00,509.09,510.0,508.8,509.8,0
2026-06-26 13:03:00+00:00,509.2234,509.83,508.0,509.25,0
2026-06-26 13:04:00+00:00,508.24,509.0901,507.53,507.89,0
2026-06-26 13:05:00+00:00,507.6,508.5,507.59,507.93,0
2026-06-26 13:06:00+00:00,508.25,508.5,507.6301,508.3342,0
2026-06-26 13:07:00+00:00,508.435,508.5,507.63,507.8083,0
2026-06-26 13:08:00+00:00,507.782,508.5,507.45,508.32,0
2026-06-26 13:09:00+00:00,508.32,508.49,507.9912,507.9912,0
2026-06-26 13:10:00+00:00,507.99,508.5,507.6203,508.0,0
2026-06-26 13:11:00+00:00,508.35,508.98,508.0,508.8938,0
2026-06-26 13:12:00+00:00,508.51,508.99,508.0,508.99,0
2026-06-26 13:13:00+00:00,508.87,509.0,508.02,508.71,0
2026-06-26 13:14:00+00:00,509.0,509.0,508.4,508.99,0
2026-06-26 13:15:00+00:00,508.98,509.4,508.51,508.81,0
2026-06-26 13:16:00+00:00,508.91,509.5,508.7073,509.5,0
2026-06-26 13:17:00+00:00,509.1,509.45,508.6,509.0007,0
2026-06-26 13:18:00+00:00,509.23,509.45,507.7,508.12,0
2026-06-26 13:19:00+00:00,507.77,509.41,507.53,509.41,0
2026-06-26 13:20:00+00:00,509.5,509.75,508.63,509.75,0
2026-06-26 13:21:00+00:00,509.355,510.0,509.02,510.0,0
2026-06-26 13:22:00+00:00,509.99,510.74,509.7027,510.01,0
2026-06-26 13:23:00+00:00,510.141,510.99,510.01,510.48,0
2026-06-26 13:24:00+00:00,510.99,511.68,510.2,511.0,0
2026-06-26 13:25:00+00:00,511.0,512.9,511.0,512.6264,0
2026-06-26 13:26:00+00:00,512.71,514.28,512.0,513.77,0
2026-06-26 13:27:00+00:00,513.75,517.23,513.02,516.7132,0
2026-06-26 13:28:00+00:00,517.22,519.54,516.87,517.13,0
2026-06-26 13:29:00+00:00,517.71,520.2,517.13,519.79,0
2026-06-26 13:30:00+00:00,519.7949829101562,520.6649780273438,510.4794921875,512.6300048828125,1506771
2026-06-26 13:31:00+00:00,513.1199951171875,513.1199951171875,509.5000915527344,510.9150085449219,144402
2026-06-26 13:32:00+00:00,510.8999938964844,510.9999084472656,505.7099914550781,506.9700012207031,172258
2026-06-26 13:33:00+00:00,506.6700134277344,506.8699951171875,503.04998779296875,503.3999938964844,200593
2026-06-26 13:34:00+00:00,503.1000061035156,506.1400146484375,502.6099853515625,505.07000732421875,178157
2026-06-26 13:35:00+00:00,505.3599853515625,510.3699035644531,504.5,508.7099914550781,176248
2026-06-26 13:36:00+00:00,508.9599914550781,512.3958129882812,508.81500244140625,510.6023864746094,156045
2026-06-26 13:37:00+00:00,510.260009765625,511.9700012207031,509.2078857421875,510.42498779296875,122795
2026-06-26 13:38:00+00:00,510.510009765625,510.8800048828125,508.5400085449219,508.57000732421875,111814
2026-06-26 13:39:00+00:00,508.57000732421875,508.8999938964844,506.7301025390625,507.44000244140625,116876
2026-06-26 13:40:00+00:00,507.6499938964844,509.9999084472656,507.07000732421875,508.5299987792969,76748
2026-06-26 13:41:00+00:00,508.510009765625,509.5199890136719,507.69000244140625,508.93499755859375,76997
2026-06-26 13:42:00+00:00,508.94000244140625,511.4209899902344,508.75,510.9599914550781,106417
2026-06-26 13:43:00+00:00,510.4949951171875,514.1699829101562,510.3500061035156,512.989990234375,153208
2026-06-26 13:44:00+00:00,512.989990234375,514.9298706054688,512.2138061523438,513.6300048828125,92983
2026-06-26 13:45:00+00:00,513.5850219726562,513.9998779296875,510.3500061035156,510.6449890136719,120220
2026-06-26 13:46:00+00:00,510.7449951171875,513.7299194335938,508.8500061035156,512.7100219726562,104024
2026-06-26 13:47:00+00:00,513.0,514.8350219726562,512.3599853515625,512.4550170898438,119277
2026-06-26 13:48:00+00:00,512.2150268554688,512.9899291992188,509.6499938964844,509.9750061035156,90002
2026-06-26 13:49:00+00:00,510.1095886230469,510.989990234375,508.54998779296875,510.6300048828125,87214
2026-06-26 13:50:00+00:00,510.9700012207031,513.2000122070312,510.5400085449219,511.9100036621094,90975
2026-06-26 13:51:00+00:00,512.094970703125,514.1400146484375,511.4012145996094,512.864990234375,74258
2026-06-26 13:52:00+00:00,512.75,513.9000244140625,510.6700134277344,510.9100036621094,77858
2026-06-26 13:53:00+00:00,511.0400085449219,512.6849975585938,510.60009765625,511.9800109863281,41688
2026-06-26 13:54:00+00:00,512.2349853515625,513.719970703125,512.0001220703125,512.1900024414062,75561
2026-06-26 13:55:00+00:00,512.5800170898438,512.72998046875,509.6700134277344,510.9599914550781,86177
2026-06-26 13:56:00+00:00,510.9200134277344,514.2999877929688,510.25,514.2899780273438,105338
2026-06-26 13:57:00+00:00,514.27001953125,515.2100219726562,512.880126953125,514.3729858398438,100762
2026-06-26 13:58:00+00:00,514.094970703125,517.5,513.8001098632812,517.2131958007812,114502
2026-06-26 13:59:00+00:00,517.4400024414062,517.6699829101562,514.739990234375,516.9600219726562,88053
2026-06-26 14:00:00+00:00,517.0850219726562,520.751220703125,516.2849731445312,520.0,150670
2026-06-26 14:01:00+00:00,520.1798706054688,521.2371826171875,518.7990112304688,520.1099853515625,123390
2026-06-26 14:02:00+00:00,520.2100219726562,520.2100219726562,518.0401000976562,519.0300903320312,80607
2026-06-26 14:03:00+00:00,519.655029296875,520.5800170898438,518.2169799804688,518.844970703125,81388
2026-06-26 14:04:00+00:00,518.6304931640625,520.5,518.0399780273438,520.47998046875,91035
2026-06-26 14:05:00+00:00,520.2550048828125,520.47998046875,517.3499755859375,518.1929931640625,104525
2026-06-26 14:06:00+00:00,518.4268188476562,520.9998779296875,518.130126953125,520.0750122070312,99471
2026-06-26 14:07:00+00:00,519.8198852539062,520.739990234375,519.0399780273438,520.6900024414062,43079
2026-06-26 14:08:00+00:00,520.7150268554688,522.5700073242188,520.0100708007812,520.489990234375,111008
2026-06-26 14:09:00+00:00,520.4749755859375,521.9949951171875,520.260009765625,520.7000122070312,46955
2026-06-26 14:10:00+00:00,520.7000732421875,520.7100219726562,518.22998046875,518.2949829101562,106957
2026-06-26 14:11:00+00:00,518.39501953125,518.39501953125,516.5700073242188,517.64990234375,69527
2026-06-26 14:12:00+00:00,517.1900024414062,520.5599975585938,517.1900024414062,520.2160034179688,80539
2026-06-26 14:13:00+00:00,520.739990234375,522.22998046875,520.6699829101562,521.4199829101562,93776
2026-06-26 14:14:00+00:00,521.206298828125,522.5999755859375,520.4400024414062,522.35498046875,67170
2026-06-26 14:15:00+00:00,522.35498046875,522.8900146484375,520.77001953125,521.3203735351562,55996
2026-06-26 14:16:00+00:00,521.569580078125,522.7999877929688,520.72998046875,521.52001953125,57665
2026-06-26 14:17:00+00:00,521.4400024414062,521.8699951171875,520.260009765625,521.4000244140625,85812
2026-06-26 14:18:00+00:00,521.47998046875,522.29248046875,520.6500854492188,522.2775268554688,57805
2026-06-26 14:19:00+00:00,522.0700073242188,522.97998046875,519.7100219726562,519.7600708007812,70686
2026-06-26 14:20:00+00:00,519.8970947265625,525.1099853515625,519.7100219726562,523.7849731445312,136349
2026-06-26 14:21:00+00:00,523.6500244140625,524.1599731445312,522.510009765625,522.969970703125,69668
2026-06-26 14:22:00+00:00,522.89501953125,524.280029296875,522.4650268554688,522.989990234375,50559
2026-06-26 14:23:00+00:00,523.3300170898438,523.5999755859375,522.2600708007812,522.530029296875,43442
2026-06-26 14:24:00+00:00,522.4171752929688,522.9899291992188,521.7899780273438,522.5399780273438,49228
2026-06-26 14:25:00+00:00,522.5750122070312,523.739013671875,522.510009765625,522.9000244140625,44909
2026-06-26 14:26:00+00:00,522.905029296875,523.5,521.1849975585938,521.2750244140625,68252
2026-06-26 14:27:00+00:00,521.27001953125,522.9000244140625,520.9296875,522.5700073242188,50712
2026-06-26 14:28:00+00:00,522.5700073242188,523.9500122070312,522.1900024414062,523.469970703125,83709
2026-06-26 14:29:00+00:00,523.5549926757812,523.5549926757812,522.1500244140625,523.0050048828125,41915
2026-06-26 14:30:00+00:00,523.0050048828125,523.64990234375,521.6799926757812,521.7999877929688,68119
2026-06-26 14:31:00+00:00,521.719970703125,521.8150024414062,520.4000244140625,520.7999267578125,53988
2026-06-26 14:32:00+00:00,520.6599731445312,520.9899291992188,518.0,519.2799072265625,86241
2026-06-26 14:33:00+00:00,519.1525268554688,521.5698852539062,518.9949951171875,521.1199951171875,54649
2026-06-26 14:34:00+00:00,521.091796875,523.39501953125,521.0599975585938,521.969970703125,64094
2026-06-26 14:35:00+00:00,521.6649780273438,521.6649780273438,520.5999755859375,521.010009765625,41515
2026-06-26 14:36:00+00:00,520.8599853515625,521.280029296875,518.52001953125,518.6900024414062,49152
2026-06-26 14:37:00+00:00,518.52001953125,519.2550048828125,517.77001953125,518.1400146484375,65762
2026-06-26 14:38:00+00:00,518.3200073242188,518.8200073242188,517.72998046875,517.860107421875,55771
2026-06-26 14:39:00+00:00,518.030029296875,518.7100219726562,516.8200073242188,517.5499877929688,55573
2026-06-26 14:40:00+00:00,517.4299926757812,517.969970703125,516.5,517.4249877929688,36540
2026-06-26 14:41:00+00:00,517.39501953125,519.6500244140625,517.0999755859375,518.1500244140625,54721
2026-06-26 14:42:00+00:00,518.8200073242188,519.47998046875,518.7150268554688,518.7150268554688,40019
2026-06-26 14:43:00+00:00,518.9500122070312,519.3099975585938,517.27001953125,518.239990234375,42508
2026-06-26 14:44:00+00:00,518.0150146484375,518.69677734375,516.2800903320312,516.89501953125,48159
2026-06-26 14:45:00+00:00,516.9949951171875,517.9578247070312,516.8474731445312,517.1699829101562,45431
2026-06-26 14:46:00+00:00,517.25,518.239990234375,516.7847290039062,517.6199951171875,43356
2026-06-26 14:47:00+00:00,517.7299194335938,518.280029296875,516.7899780273438,517.6900024414062,44870
2026-06-26 14:48:00+00:00,517.780029296875,518.9998168945312,517.090087890625,518.489990234375,52536
2026-06-26 14:49:00+00:00,518.5050048828125,518.9099731445312,517.27001953125,517.72998046875,28393
2026-06-26 14:50:00+00:00,517.8099975585938,519.239990234375,517.780029296875,519.1500244140625,37217
2026-06-26 14:51:00+00:00,519.1500244140625,520.4400024414062,518.5999755859375,518.97998046875,63897
2026-06-26 14:52:00+00:00,518.7349853515625,518.97998046875,516.972900390625,517.3099975585938,53932
2026-06-26 14:53:00+00:00,517.3150024414062,517.3150024414062,516.0,516.1597290039062,61192
2026-06-26 14:54:00+00:00,516.0,517.6799926757812,515.75,517.6799926757812,59333
2026-06-26 14:55:00+00:00,517.6900024414062,518.1749877929688,517.0499877929688,517.3300170898438,47735
2026-06-26 14:56:00+00:00,517.469970703125,518.3798828125,516.3599853515625,518.1699829101562,46656
2026-06-26 14:57:00+00:00,518.0,518.861572265625,517.27001953125,517.6099853515625,34142
2026-06-26 14:58:00+00:00,517.5700073242188,518.1300048828125,516.6002807617188,516.6699829101562,42622
2026-06-26 14:59:00+00:00,516.7000122070312,517.5700073242188,516.3499755859375,516.4373168945312,31698
2026-06-26 15:00:00+00:00,516.64501953125,517.1500244140625,515.7000122070312,516.1898803710938,112478
2026-06-26 15:01:00+00:00,515.7999877929688,517.0599975585938,515.5999755859375,516.5399780273438,36590
2026-06-26 15:02:00+00:00,516.5150146484375,517.4099731445312,516.3400268554688,517.4099731445312,29354
2026-06-26 15:03:00+00:00,517.5800170898438,518.369873046875,517.4099731445312,517.4099731445312,71519
2026-06-26 15:04:00+00:00,517.39501953125,517.5606079101562,515.3499755859375,515.7575073242188,57360
2026-06-26 15:05:00+00:00,515.9000244140625,516.5999145507812,514.7349243164062,515.5499877929688,59650
2026-06-26 15:06:00+00:00,515.5,515.6699829101562,514.2999877929688,514.5800170898438,47073
2026-06-26 15:07:00+00:00,514.8499755859375,516.8098754882812,514.5999755859375,516.4199829101562,54756
2026-06-26 15:08:00+00:00,516.4149780273438,517.2000122070312,514.510009765625,514.510009765625,42024
2026-06-26 15:09:00+00:00,514.739990234375,516.619873046875,514.110107421875,516.2349853515625,74275
2026-06-26 15:10:00+00:00,516.260009765625,516.5,514.5399780273438,514.594970703125,39015
2026-06-26 15:11:00+00:00,514.7899780273438,514.7899780273438,513.6500244140625,513.6500244140625,54616
2026-06-26 15:12:00+00:00,513.5999755859375,514.10888671875,512.9000244140625,513.469970703125,63227
2026-06-26 15:13:00+00:00,513.489990234375,513.8599853515625,513.1300048828125,513.5800170898438,43777
2026-06-26 15:14:00+00:00,513.6400146484375,514.0,513.0800170898438,513.0800170898438,34971
2026-06-26 15:15:00+00:00,513.0800170898438,513.0800170898438,511.1549987792969,511.510009765625,70184
2026-06-26 15:16:00+00:00,511.45001220703125,512.7849731445312,510.8999938964844,512.4949951171875,75345
2026-06-26 15:17:00+00:00,512.5,514.5,512.0150146484375,513.6599731445312,60211
2026-06-26 15:18:00+00:00,513.7999877929688,514.7100219726562,513.260009765625,513.7650146484375,47440
2026-06-26 15:19:00+00:00,514.0,515.7598876953125,514.0,514.5800170898438,67477
2026-06-26 15:20:00+00:00,514.5800170898438,515.5900268554688,513.22998046875,513.22998046875,48917
2026-06-26 15:21:00+00:00,513.469970703125,515.0,513.280029296875,514.9249877929688,42878
2026-06-26 15:22:00+00:00,514.989990234375,515.7899780273438,514.6500244140625,515.489990234375,38902
2026-06-26 15:23:00+00:00,515.77001953125,517.0399780273438,515.719970703125,516.969970703125,51997
2026-06-26 15:24:00+00:00,516.8350219726562,517.3400268554688,516.1618041992188,517.0,81688
2026-06-26 15:25:00+00:00,516.875,516.9400024414062,515.0300903320312,515.0700073242188,120291
2026-06-26 15:26:00+00:00,515.5050048828125,515.5349731445312,514.6099853515625,515.27001953125,38679
2026-06-26 15:27:00+00:00,515.030029296875,515.25,513.7000122070312,514.0700073242188,57802
2026-06-26 15:28:00+00:00,513.9199829101562,514.9600219726562,513.5999755859375,514.52001953125,41791
2026-06-26 15:29:00+00:00,514.6199951171875,515.739990234375,514.0,515.469970703125,64455
2026-06-26 15:30:00+00:00,515.739990234375,518.5800170898438,515.5900268554688,518.0850219726562,91119
2026-06-26 15:31:00+00:00,518.0017700195312,518.3400268554688,517.0700073242188,517.8300170898438,62859
2026-06-26 15:32:00+00:00,517.4349975585938,517.4932861328125,516.0,516.2750244140625,41895
2026-06-26 15:33:00+00:00,516.4000244140625,517.2999877929688,514.510009765625,515.0,56281
2026-06-26 15:34:00+00:00,514.7650146484375,515.489990234375,514.0,514.4349975585938,48399
2026-06-26 15:35:00+00:00,514.8651123046875,516.02001953125,514.58251953125,515.3599853515625,54019
2026-06-26 15:36:00+00:00,515.2550048828125,516.4899291992188,514.6701049804688,516.0250244140625,36132
2026-06-26 15:37:00+00:00,515.8099975585938,517.3599853515625,515.8099975585938,516.9600219726562,52997
2026-06-26 15:38:00+00:00,516.75,517.9598999023438,516.4400024414062,516.9600219726562,81074
2026-06-26 15:39:00+00:00,516.9849853515625,517.4400024414062,516.5349731445312,517.0499877929688,39882
2026-06-26 15:40:00+00:00,517.0449829101562,518.0,516.7800903320312,516.9299926757812,48707
2026-06-26 15:41:00+00:00,516.9299926757812,518.219970703125,516.7899780273438,517.8699951171875,44846
2026-06-26 15:42:00+00:00,517.7550048828125,519.8200073242188,517.7449951171875,519.39501953125,85258
2026-06-26 15:43:00+00:00,519.3300170898438,520.72998046875,519.1203002929688,520.6099853515625,89775
2026-06-26 15:44:00+00:00,520.6898803710938,521.3099975585938,520.4199829101562,521.1400146484375,110271
2026-06-26 15:45:00+00:00,521.22998046875,521.5999755859375,520.52001953125,520.8300170898438,62258
2026-06-26 15:46:00+00:00,520.7999877929688,520.9500122070312,519.760009765625,519.8099975585938,45675
2026-06-26 15:47:00+00:00,520.0,520.8599853515625,519.5399780273438,520.0549926757812,48448
2026-06-26 15:48:00+00:00,520.0449829101562,520.135009765625,519.4400024414062,519.7449951171875,54734
2026-06-26 15:49:00+00:00,519.739990234375,519.7999877929688,518.3599853515625,518.3599853515625,53237
2026-06-26 15:50:00+00:00,518.3507080078125,520.219970703125,518.10009765625,519.989990234375,55932
2026-06-26 15:51:00+00:00,519.9849853515625,520.3599853515625,515.489990234375,516.89501953125,170696
2026-06-26 15:52:00+00:00,517.25,518.5546875,517.0,517.2999877929688,58066
2026-06-26 15:53:00+00:00,517.489990234375,517.794921875,515.6900024414062,515.6900024414062,57249
2026-06-26 15:54:00+00:00,515.6300048828125,515.6900024414062,514.02001953125,515.4349975585938,99988
2026-06-26 15:55:00+00:00,515.385009765625,517.469970703125,515.385009765625,517.1849975585938,55293
2026-06-26 15:56:00+00:00,517.2000122070312,519.3800048828125,517.2000122070312,519.0,50230
2026-06-26 15:57:00+00:00,519.2252197265625,520.0289916992188,518.9478759765625,519.739990234375,54533
2026-06-26 15:58:00+00:00,519.739990234375,520.2100219726562,519.3701171875,519.8099975585938,39994
2026-06-26 15:59:00+00:00,519.885009765625,521.2498779296875,519.5399780273438,519.5999755859375,61896
2026-06-26 16:00:00+00:00,519.8400268554688,519.919921875,518.280029296875,519.1799926757812,51450
2026-06-26 16:01:00+00:00,519.1799926757812,519.9099731445312,518.2449951171875,519.5449829101562,35174
2026-06-26 16:02:00+00:00,519.4149780273438,519.5800170898438,517.4500122070312,517.4500122070312,42511
2026-06-26 16:03:00+00:00,517.5449829101562,519.4622802734375,517.2899780273438,519.1500244140625,55981
2026-06-26 16:04:00+00:00,519.5599975585938,520.0700073242188,518.6699829101562,519.1599731445312,90021
2026-06-26 16:05:00+00:00,519.22998046875,520.5499877929688,518.22998046875,520.5499877929688,62799
2026-06-26 16:06:00+00:00,520.4299926757812,520.8400268554688,518.9033813476562,519.97998046875,51718
2026-06-26 16:07:00+00:00,519.9500122070312,520.239990234375,519.3900146484375,519.530029296875,26408
2026-06-26 16:08:00+00:00,519.489990234375,519.5399780273438,518.7301025390625,518.8499755859375,42205
2026-06-26 16:09:00+00:00,518.989990234375,519.0449829101562,518.25,518.5800170898438,32973
2026-06-26 16:10:00+00:00,518.7000122070312,519.6799926757812,518.4099731445312,519.1799926757812,61878
2026-06-26 16:11:00+00:00,519.2650146484375,519.2899780273438,518.2750244140625,518.5349731445312,37760
2026-06-26 16:12:00+00:00,518.5499877929688,518.719970703125,517.5,518.1599731445312,43498
2026-06-26 16:13:00+00:00,517.9199829101562,518.5,517.239990234375,517.4500122070312,35462
2026-06-26 16:14:00+00:00,517.2999877929688,518.7999877929688,517.2999877929688,518.6500244140625,43057
2026-06-26 16:15:00+00:00,518.6500244140625,518.6699829101562,517.614990234375,518.1500244140625,46084
2026-06-26 16:16:00+00:00,517.9199829101562,518.6798706054688,517.0,518.27001953125,56441
2026-06-26 16:17:00+00:00,518.25,518.3699951171875,517.1900024414062,517.8400268554688,55259
2026-06-26 16:18:00+00:00,517.8400268554688,518.3599853515625,516.7000122070312,516.97998046875,80833
2026-06-26 16:19:00+00:00,517.0850219726562,518.030029296875,516.7999877929688,518.010009765625,37902
2026-06-26 16:20:00+00:00,518.0999755859375,518.3900146484375,516.0,516.8800048828125,80952
2026-06-26 16:21:00+00:00,517.1950073242188,517.4099731445312,516.4000244140625,516.8049926757812,50690
2026-06-26 16:22:00+00:00,516.9550170898438,518.0,516.9550170898438,517.5650024414062,32901
2026-06-26 16:23:00+00:00,517.780029296875,518.5700073242188,517.469970703125,518.52001953125,50728
2026-06-26 16:24:00+00:00,518.6400146484375,519.9000244140625,518.589599609375,519.1199951171875,67111
2026-06-26 16:25:00+00:00,519.0900268554688,520.0150146484375,518.7999877929688,519.219970703125,68671
2026-06-26 16:26:00+00:00,519.1174926757812,519.8200073242188,518.5999755859375,519.4749755859375,42246
2026-06-26 16:27:00+00:00,519.4749755859375,521.2000122070312,519.4749755859375,521.2000122070312,55869
2026-06-26 16:28:00+00:00,521.0001220703125,521.0900268554688,519.201416015625,519.469970703125,50912
2026-06-26 16:29:00+00:00,519.364990234375,519.4498901367188,518.4600219726562,519.114990234375,50578
2026-06-26 16:30:00+00:00,518.9000244140625,520.5798950195312,518.60498046875,520.3848266601562,43351
2026-06-26 16:31:00+00:00,520.3300170898438,520.760009765625,519.8599853515625,520.1300048828125,34716
2026-06-26 16:32:00+00:00,519.989990234375,521.5,519.5,521.364990234375,65677
2026-06-26 16:33:00+00:00,521.6199951171875,522.0,520.8400268554688,521.0800170898438,42390
2026-06-26 16:34:00+00:00,521.14501953125,521.8098754882812,520.1799926757812,521.2750244140625,42280
2026-06-26 16:35:00+00:00,521.510009765625,521.8099975585938,520.1199951171875,520.2899780273438,40435
2026-06-26 16:36:00+00:00,520.3499755859375,520.3499755859375,519.5001220703125,519.9000244140625,45772
2026-06-26 16:37:00+00:00,520.0750122070312,520.6898803710938,519.9099731445312,520.0399780273438,34202
2026-06-26 16:38:00+00:00,520.0499877929688,520.659912109375,519.7200927734375,519.75,24627
2026-06-26 16:39:00+00:00,519.6699829101562,520.0,519.02001953125,519.1849975585938,42728
2026-06-26 16:40:00+00:00,519.3599853515625,519.7899780273438,519.0999755859375,519.5700073242188,69439
2026-06-26 16:41:00+00:00,519.52001953125,519.989990234375,519.135009765625,519.530029296875,19590
2026-06-26 16:42:00+00:00,519.52001953125,520.8400268554688,519.3599853515625,520.6599731445312,42848
2026-06-26 16:43:00+00:00,520.625,521.1699829101562,520.5599975585938,520.85498046875,36828
2026-06-26 16:44:00+00:00,520.9000244140625,521.6599731445312,520.1799926757812,520.27001953125,41878
2026-06-26 16:45:00+00:00,520.4299926757812,521.0499877929688,519.9249877929688,519.97998046875,38500
2026-06-26 16:46:00+00:00,520.1599731445312,520.280029296875,519.3300170898438,519.719970703125,41131
2026-06-26 16:47:00+00:00,519.625,520.2899780273438,519.510009765625,519.9849853515625,23393
2026-06-26 16:48:00+00:00,519.9849853515625,520.3800048828125,519.5999755859375,519.5999755859375,24605
2026-06-26 16:49:00+00:00,519.739990234375,520.9799194335938,519.739990234375,520.9799194335938,34689
2026-06-26 16:50:00+00:00,520.885009765625,522.0900268554688,520.7899780273438,521.2899780273438,67018
2026-06-26 16:51:00+00:00,521.2899780273438,522.3499755859375,521.1633911132812,521.3300170898438,44543
2026-06-26 16:52:00+00:00,521.27001953125,521.27001953125,520.0,520.3699951171875,29971
2026-06-26 16:53:00+00:00,520.3300170898438,520.8599243164062,520.0,520.5800170898438,21765
2026-06-26 16:54:00+00:00,520.4299926757812,521.31591796875,520.4299926757812,520.7650146484375,39600
2026-06-26 16:55:00+00:00,520.919921875,520.919921875,519.72998046875,520.0,38202
2026-06-26 16:56:00+00:00,520.010009765625,520.1799926757812,519.3300170898438,519.77001953125,34535
2026-06-26 16:57:00+00:00,519.77001953125,520.4000244140625,519.510009765625,519.6950073242188,35659
2026-06-26 16:58:00+00:00,519.510009765625,520.0,518.9401245117188,519.1688232421875,45790
2026-06-26 16:59:00+00:00,519.1519775390625,519.989990234375,518.8560180664062,519.6190185546875,36388
2026-06-26 17:00:00+00:00,519.5700073242188,520.0900268554688,519.0399780273438,519.9849853515625,43867
2026-06-26 17:01:00+00:00,520.1799926757812,520.739990234375,519.7449951171875,519.947998046875,45564
2026-06-26 17:02:00+00:00,520.1400146484375,520.919921875,520.0999755859375,520.7899780273438,29635
2026-06-26 17:03:00+00:00,520.6699829101562,520.8800048828125,520.1199951171875,520.530029296875,22276
2026-06-26 17:04:00+00:00,520.6699829101562,521.2000122070312,520.4550170898438,520.8350219726562,32794
2026-06-26 17:05:00+00:00,520.8800048828125,521.1500244140625,520.3001098632812,520.719970703125,37177
2026-06-26 17:06:00+00:00,520.6849975585938,520.9400024414062,520.4500122070312,520.655029296875,20372
2026-06-26 17:07:00+00:00,520.47998046875,520.9400024414062,520.1500244140625,520.8250122070312,27281
2026-06-26 17:08:00+00:00,520.9400024414062,521.8499755859375,520.9400024414062,521.52001953125,48022
2026-06-26 17:09:00+00:00,521.6900024414062,521.9298706054688,520.69677734375,521.6300048828125,44358
2026-06-26 17:10:00+00:00,521.7930297851562,522.4998168945312,521.6300048828125,522.02001953125,54791
2026-06-26 17:11:00+00:00,522.0,522.25,521.1199951171875,521.9550170898438,42379
2026-06-26 17:12:00+00:00,522.0599975585938,522.97998046875,521.7999877929688,522.8800048828125,40250
2026-06-26 17:13:00+00:00,523.0,523.3098754882812,521.8400268554688,522.1099853515625,86015
2026-06-26 17:14:00+00:00,522.1099853515625,522.1898803710938,521.5,521.5399780273438,52783
2026-06-26 17:15:00+00:00,521.6599731445312,521.6799926757812,520.0599975585938,520.4600219726562,59604
2026-06-26 17:16:00+00:00,520.5399780273438,520.919921875,519.5,519.5999755859375,47745
2026-06-26 17:17:00+00:00,519.6799926757812,519.8652954101562,519.0601196289062,519.3599853515625,40035
2026-06-26 17:18:00+00:00,519.3599853515625,519.7100219726562,518.4400024414062,518.5599975585938,74609
2026-06-26 17:19:00+00:00,518.4600219726562,519.75,518.4600219726562,519.4600219726562,43432
2026-06-26 17:20:00+00:00,519.2600708007812,520.1090087890625,519.0,519.1599731445312,25354
2026-06-26 17:21:00+00:00,519.1500244140625,519.5700073242188,518.739990234375,519.5700073242188,34057
2026-06-26 17:22:00+00:00,519.6879272460938,520.1998901367188,519.1950073242188,519.35498046875,39726
2026-06-26 17:23:00+00:00,519.35498046875,519.47998046875,518.3499755859375,518.3499755859375,41581
2026-06-26 17:24:00+00:00,518.489990234375,519.25,518.489990234375,519.0700073242188,26039
2026-06-26 17:25:00+00:00,519.3599853515625,519.5900268554688,518.3900146484375,518.5999755859375,29172
2026-06-26 17:26:00+00:00,518.7899169921875,519.2799072265625,518.5850219726562,519.239990234375,44929
2026-06-26 17:27:00+00:00,519.27001953125,520.75,519.1749877929688,520.5700073242188,56496
2026-06-26 17:28:00+00:00,520.5,522.239990234375,520.3400268554688,521.760009765625,72198
2026-06-26 17:29:00+00:00,521.7899780273438,522.1500244140625,521.2999877929688,521.3200073242188,46343
2026-06-26 17:30:00+00:00,521.1500244140625,523.8499755859375,521.1099853515625,523.4299926757812,80985
2026-06-26 17:31:00+00:00,523.1799926757812,523.5250244140625,522.1900024414062,522.4249877929688,51909
2026-06-26 17:32:00+00:00,522.4199829101562,523.1400146484375,522.3599853515625,522.9199829101562,49363
2026-06-26 17:33:00+00:00,522.6950073242188,524.739990234375,522.3790283203125,524.1901245117188,65124
2026-06-26 17:34:00+00:00,524.2999877929688,524.6300048828125,523.5800170898438,523.6799926757812,30308
2026-06-26 17:35:00+00:00,523.6699829101562,523.7999877929688,522.7700805664062,523.1649780273438,31606
2026-06-26 17:36:00+00:00,523.2550048828125,523.7799072265625,522.5,523.5,28555
2026-06-26 17:37:00+00:00,523.5399780273438,523.5399780273438,522.66357421875,523.03271484375,23415
2026-06-26 17:38:00+00:00,523.0999755859375,524.0,523.02001953125,523.6599731445312,29714
2026-06-26 17:39:00+00:00,523.5499877929688,523.8800048828125,522.469970703125,522.8300170898438,37472
2026-06-26 17:40:00+00:00,522.7999877929688,522.9061279296875,521.5,522.38330078125,36526
2026-06-26 17:41:00+00:00,522.35498046875,522.4600219726562,521.10498046875,521.4293823242188,37875
2026-06-26 17:42:00+00:00,521.2999877929688,522.8150024414062,521.2000122070312,521.75,45745
2026-06-26 17:43:00+00:00,521.9199829101562,523.1610107421875,521.8150024414062,522.4849853515625,31471
2026-06-26 17:44:00+00:00,522.52001953125,523.1798706054688,522.1799926757812,522.4500122070312,32234
2026-06-26 17:45:00+00:00,522.25,522.6799926757812,522.0,522.0900268554688,24450
2026-06-26 17:46:00+00:00,522.3699951171875,522.4400024414062,521.6019897460938,521.7899780273438,33378
2026-06-26 17:47:00+00:00,522.1298828125,522.2199096679688,521.3300170898438,521.89501953125,28478
2026-06-26 17:48:00+00:00,522.260009765625,522.594970703125,521.9600219726562,522.2100219726562,27884
2026-06-26 17:49:00+00:00,522.0349731445312,522.3989868164062,521.3900146484375,521.6099853515625,23933
2026-06-26 17:50:00+00:00,521.7000122070312,522.010009765625,521.4299926757812,521.7000122070312,33443
2026-06-26 17:51:00+00:00,521.7050170898438,522.3800048828125,521.5,522.0800170898438,20636
2026-06-26 17:52:00+00:00,522.1599731445312,522.2999877929688,521.7899780273438,521.8823852539062,22263
2026-06-26 17:53:00+00:00,522.0999755859375,522.0999755859375,520.969970703125,521.1599731445312,27635
2026-06-26 17:54:00+00:00,521.2999877929688,521.5700073242188,520.6300048828125,520.7949829101562,25887
2026-06-26 17:55:00+00:00,520.760009765625,520.9099731445312,519.4000244140625,519.75,41752
2026-06-26 17:56:00+00:00,519.64501953125,520.22998046875,519.22998046875,519.9949951171875,43830
2026-06-26 17:57:00+00:00,520.22998046875,520.3200073242188,519.489990234375,519.75,35849
2026-06-26 17:58:00+00:00,519.72998046875,519.969970703125,519.27001953125,519.5399780273438,37522
2026-06-26 17:59:00+00:00,519.760009765625,520.1998901367188,519.0999755859375,519.239990234375,38229
2026-06-26 18:00:00+00:00,519.2750244140625,519.6500244140625,518.8800048828125,519.489990234375,44566
2026-06-26 18:01:00+00:00,519.47998046875,520.1599731445312,519.4600219726562,519.760009765625,31234
2026-06-26 18:02:00+00:00,519.875,520.5999145507812,519.5,519.625,34655
2026-06-26 18:03:00+00:00,519.625,519.625,518.8200073242188,519.4199829101562,44238
2026-06-26 18:04:00+00:00,519.3250122070312,519.5700073242188,518.760009765625,519.3150024414062,20469
2026-06-26 18:05:00+00:00,519.3599853515625,520.1400146484375,519.1799926757812,519.6950073242188,36721
2026-06-26 18:06:00+00:00,519.9099731445312,520.7000122070312,519.5,519.7899780273438,41992
2026-06-26 18:07:00+00:00,519.5020141601562,519.7150268554688,518.7993774414062,519.2839965820312,31990
2026-06-26 18:08:00+00:00,519.3800048828125,519.5900268554688,518.989990234375,519.4400024414062,81438
2026-06-26 18:09:00+00:00,519.5900268554688,519.9000244140625,518.5,519.4299926757812,53027
2026-06-26 18:10:00+00:00,519.4400024414062,519.7421875,518.7000122070312,518.8721923828125,32855
2026-06-26 18:11:00+00:00,518.7210083007812,519.5,518.7000122070312,519.280029296875,29783
2026-06-26 18:12:00+00:00,519.3099975585938,519.7307739257812,518.9099731445312,519.1749877929688,26205
2026-06-26 18:13:00+00:00,519.1300048828125,519.219970703125,518.7899780273438,519.02001953125,22072
2026-06-26 18:14:00+00:00,519.0150146484375,519.260009765625,518.6900024414062,519.0349731445312,24219
2026-06-26 18:15:00+00:00,519.1199951171875,519.4400024414062,518.6300048828125,518.75,57321
2026-06-26 18:16:00+00:00,518.6300048828125,518.989990234375,518.0499877929688,518.1900024414062,51820
2026-06-26 18:17:00+00:00,518.2449951171875,518.72998046875,518.22998046875,518.6799926757812,25745
2026-06-26 18:18:00+00:00,518.7562255859375,519.2100219726562,518.0999755859375,518.1099853515625,40831
2026-06-26 18:19:00+00:00,518.0800170898438,518.1950073242188,517.5599975585938,517.8150024414062,73350
2026-06-26 18:20:00+00:00,517.969970703125,518.4600219726562,517.3300170898438,518.2299194335938,25220
2026-06-26 18:21:00+00:00,518.0700073242188,518.6799926757812,517.5499877929688,518.6300048828125,20814
2026-06-26 18:22:00+00:00,518.6500244140625,519.64990234375,518.64501953125,519.2951049804688,33074
2026-06-26 18:23:00+00:00,519.1900024414062,519.3065795898438,517.5001220703125,517.9749755859375,28150
2026-06-26 18:24:00+00:00,517.8599853515625,518.1099853515625,516.9099731445312,517.489990234375,46842
2026-06-26 18:25:00+00:00,517.6400146484375,518.5798950195312,517.6400146484375,518.25,29490
2026-06-26 18:26:00+00:00,518.1900024414062,519.1099853515625,517.8201293945312,517.9500122070312,24378
2026-06-26 18:27:00+00:00,517.9332885742188,518.219970703125,517.22998046875,518.1699829101562,31480
2026-06-26 18:28:00+00:00,517.9550170898438,518.3049926757812,517.2927856445312,517.6599731445312,24608
2026-06-26 18:29:00+00:00,517.8699951171875,518.1500244140625,517.4349975585938,517.4349975585938,30936
2026-06-26 18:30:00+00:00,517.4000244140625,517.8599853515625,516.5,516.8300170898438,57623
2026-06-26 18:31:00+00:00,516.8049926757812,517.469970703125,516.6199951171875,517.3900146484375,37487
2026-06-26 18:32:00+00:00,517.4600219726562,517.8599853515625,516.9749755859375,517.77001953125,40433
2026-06-26 18:33:00+00:00,517.7999877929688,518.780029296875,517.6749877929688,518.356201171875,55045
2026-06-26 18:34:00+00:00,518.1801147460938,518.5150146484375,517.780029296875,518.2999877929688,28277
2026-06-26 18:35:00+00:00,518.260009765625,518.4699096679688,517.7000122070312,517.7000122070312,32743
2026-06-26 18:36:00+00:00,517.8300170898438,517.85498046875,517.076416015625,517.85498046875,26413
2026-06-26 18:37:00+00:00,517.85498046875,518.3499755859375,517.4500122070312,518.3499755859375,24050
2026-06-26 18:38:00+00:00,518.2349853515625,518.9500122070312,517.9500122070312,518.844970703125,51271
2026-06-26 18:39:00+00:00,518.8200073242188,519.1099853515625,518.4600219726562,519.0999755859375,32909
2026-06-26 18:40:00+00:00,519.02001953125,519.6500244140625,518.2000122070312,518.7999877929688,37403
2026-06-26 18:41:00+00:00,518.751708984375,519.5599975585938,518.5349731445312,518.8900146484375,40798
2026-06-26 18:42:00+00:00,518.97998046875,519.135009765625,518.5850219726562,518.7100219726562,19743
2026-06-26 18:43:00+00:00,518.7100830078125,519.0,518.5001220703125,518.9749755859375,29569
2026-06-26 18:44:00+00:00,518.9749755859375,519.6798706054688,518.9000244140625,519.0,59779
2026-06-26 18:45:00+00:00,518.969970703125,518.969970703125,518.0985107421875,518.8350219726562,30446
2026-06-26 18:46:00+00:00,518.89501953125,519.0800170898438,518.2171020507812,518.3599853515625,17975
2026-06-26 18:47:00+00:00,518.489990234375,518.7100219726562,517.5999755859375,517.8150024414062,28687
2026-06-26 18:48:00+00:00,517.9299926757812,519.0,517.5399780273438,518.4600219726562,45623
2026-06-26 18:49:00+00:00,518.469970703125,519.1799926757812,518.4000244140625,518.739990234375,38859
2026-06-26 18:50:00+00:00,518.5999755859375,518.635009765625,517.75,518.0349731445312,52793
2026-06-26 18:51:00+00:00,517.9400024414062,518.4500122070312,517.6799926757812,517.9299926757812,32785
2026-06-26 18:52:00+00:00,517.91748046875,518.3200073242188,517.77001953125,517.89501953125,18734
2026-06-26 18:53:00+00:00,517.760009765625,518.1500244140625,517.6199951171875,518.125,33618
2026-06-26 18:54:00+00:00,518.1998901367188,518.7299194335938,517.9199829101562,518.2532958984375,35972
2026-06-26 18:55:00+00:00,518.27001953125,518.9581909179688,517.9719848632812,518.7150268554688,31309
2026-06-26 18:56:00+00:00,518.6525268554688,518.7100219726562,518.010009765625,518.2050170898438,23021
2026-06-26 18:57:00+00:00,518.0399780273438,518.3995971679688,515.8300170898438,516.52001953125,68599
2026-06-26 18:58:00+00:00,516.5399780273438,517.2098999023438,516.3400268554688,517.0700073242188,50704
2026-06-26 18:59:00+00:00,517.0700073242188,518.3624877929688,516.6699829101562,517.7050170898438,31524
2026-06-26 19:00:00+00:00,517.6400146484375,518.4099731445312,517.0001220703125,517.25,60923
2026-06-26 19:01:00+00:00,517.1882934570312,517.9099731445312,516.97998046875,517.5,29389
2026-06-26 19:02:00+00:00,517.27001953125,518.1300048828125,517.090087890625,517.6099853515625,36721
2026-06-26 19:03:00+00:00,517.7000122070312,517.9400024414062,516.8250122070312,516.864990234375,40850
2026-06-26 19:04:00+00:00,516.864990234375,517.1900024414062,516.6799926757812,516.969970703125,57587
2026-06-26 19:05:00+00:00,517.02001953125,517.02001953125,516.010009765625,516.2349853515625,57134
2026-06-26 19:06:00+00:00,516.0501098632812,517.7999877929688,515.840087890625,517.7999877929688,40946
2026-06-26 19:07:00+00:00,517.864990234375,518.7598876953125,517.5,518.4299926757812,58798
2026-06-26 19:08:00+00:00,518.4249877929688,520.27001953125,518.4249877929688,519.75,78774
2026-06-26 19:09:00+00:00,519.760009765625,520.27001953125,519.6300048828125,519.9400024414062,45955
2026-06-26 19:10:00+00:00,519.6799926757812,520.39990234375,519.1500244140625,519.5850219726562,58344
2026-06-26 19:11:00+00:00,519.7999267578125,520.0900268554688,518.4801025390625,519.4000244140625,43291
2026-06-26 19:12:00+00:00,519.739990234375,519.998779296875,519.0599975585938,519.9498901367188,35576
2026-06-26 19:13:00+00:00,519.7999877929688,520.3400268554688,519.7000122070312,520.010009765625,36291
2026-06-26 19:14:00+00:00,520.1099853515625,521.5,520.010009765625,521.3499755859375,49012
2026-06-26 19:15:00+00:00,521.3099975585938,521.3699951171875,520.760009765625,521.219970703125,45472
2026-06-26 19:16:00+00:00,521.0900268554688,521.0900268554688,519.75,520.27001953125,41448
2026-06-26 19:17:00+00:00,520.155029296875,520.5999755859375,519.8499755859375,520.3099975585938,29902
2026-06-26 19:18:00+00:00,520.3099975585938,521.030029296875,520.1400146484375,520.875,162570
2026-06-26 19:19:00+00:00,520.875,521.139892578125,520.340087890625,520.510009765625,32724
2026-06-26 19:20:00+00:00,520.489990234375,520.7899780273438,519.7999877929688,519.9849853515625,38019
2026-06-26 19:21:00+00:00,520.114990234375,520.9000244140625,519.6400146484375,519.75,33362
2026-06-26 19:22:00+00:00,519.6500244140625,519.8798828125,518.5700073242188,518.89501953125,72321
2026-06-26 19:23:00+00:00,518.8151245117188,519.0599975585938,517.5999755859375,517.8099975585938,57414
2026-06-26 19:24:00+00:00,517.7100219726562,518.4199829101562,517.5700073242188,518.30517578125,44742
2026-06-26 19:25:00+00:00,518.3900146484375,519.344970703125,518.2244262695312,518.8914794921875,44637
2026-06-26 19:26:00+00:00,518.760009765625,518.760009765625,517.75,518.056396484375,38519
2026-06-26 19:27:00+00:00,517.97998046875,518.7999877929688,517.9033203125,518.4359130859375,26587
2026-06-26 19:28:00+00:00,518.5075073242188,519.219970703125,518.5,518.5,38109
2026-06-26 19:29:00+00:00,518.5650024414062,519.8699951171875,518.37890625,519.3953247070312,54934
2026-06-26 19:30:00+00:00,519.6199951171875,519.739990234375,517.9500122070312,518.4299926757812,81171
2026-06-26 19:31:00+00:00,518.4299926757812,518.9400024414062,517.8900146484375,517.9450073242188,44695
2026-06-26 19:32:00+00:00,517.8099975585938,518.9351806640625,517.7761840820312,518.5,40641
2026-06-26 19:33:00+00:00,518.510009765625,519.669921875,518.1900024414062,519.5,44761
2026-06-26 19:34:00+00:00,519.4249877929688,520.4000244140625,519.3900146484375,520.1900024414062,59361
2026-06-26 19:35:00+00:00,520.1599731445312,520.5985717773438,519.5,520.2100219726562,58291
2026-06-26 19:36:00+00:00,520.1099853515625,521.1898803710938,520.0,520.5700073242188,47272
2026-06-26 19:37:00+00:00,520.3099975585938,520.7293701171875,519.2301025390625,520.1500244140625,54522
2026-06-26 19:38:00+00:00,520.1300048828125,520.3400268554688,519.489990234375,519.5599975585938,40475
2026-06-26 19:39:00+00:00,519.5850219726562,519.7150268554688,518.1199951171875,518.4249877929688,54029
2026-06-26 19:40:00+00:00,518.510009765625,519.239990234375,517.6400146484375,517.9099731445312,81388
2026-06-26 19:41:00+00:00,517.8400268554688,518.2949829101562,517.1884155273438,518.02001953125,47369
2026-06-26 19:42:00+00:00,517.8599853515625,519.9199829101562,517.5601196289062,519.8400268554688,70254
2026-06-26 19:43:00+00:00,519.9500122070312,520.510009765625,519.3101196289062,520.330078125,94833
2026-06-26 19:44:00+00:00,520.2999877929688,521.2000122070312,520.2899780273438,520.5399780273438,92617
2026-06-26 19:45:00+00:00,520.6199951171875,520.6199951171875,519.3599853515625,520.2192993164062,93985
2026-06-26 19:46:00+00:00,519.9600219726562,520.52001953125,519.030029296875,519.7116088867188,60607
2026-06-26 19:47:00+00:00,519.8900146484375,520.5,519.260009765625,519.27001953125,65846
2026-06-26 19:48:00+00:00,519.1699829101562,519.4598999023438,518.5,518.5150146484375,59645
2026-06-26 19:49:00+00:00,518.5999755859375,518.7000122070312,517.6900024414062,518.1099853515625,99359
2026-06-26 19:50:00+00:00,518.3400268554688,518.3400268554688,513.3800048828125,515.77001953125,248806
2026-06-26 19:51:00+00:00,515.9600219726562,516.1900024414062,514.77001953125,515.27001953125,153715
2026-06-26 19:52:00+00:00,515.1900024414062,515.260009765625,513.7999877929688,513.97998046875,152371
2026-06-26 19:53:00+00:00,514.0800170898438,515.7999877929688,514.0800170898438,515.2047729492188,170491
2026-06-26 19:54:00+00:00,515.4000244140625,519.1199951171875,513.969970703125,518.9500122070312,211711
2026-06-26 19:55:00+00:00,518.9500122070312,521.8499755859375,518.6900024414062,520.469970703125,357678
2026-06-26 19:56:00+00:00,520.530029296875,521.4000244140625,520.4299926757812,521.1881713867188,292450
2026-06-26 19:57:00+00:00,521.2349853515625,523.4349975585938,520.8200073242188,523.4349975585938,398855
2026-06-26 19:58:00+00:00,523.4600219726562,524.6900024414062,523.1300048828125,524.52001953125,419553
2026-06-26 19:59:00+00:00,524.6300048828125,524.7100219726562,519.3200073242188,519.8300170898438,861060
2026-06-26 20:00:00+00:00,521.58,524.1499,520.2,522.81,7306398
2026-06-26 20:01:00+00:00,522.94,523.0,521.58,522.53,0
2026-06-26 20:02:00+00:00,522.71,522.71,521.58,522.05,0
2026-06-26 20:03:00+00:00,522.05,522.4,520.11,521.24,0
2026-06-26 20:04:00+00:00,521.24,523.0,519.11,520.0,0
2026-06-26 20:05:00+00:00,520.0867,521.58,519.53,520.83,0
2026-06-26 20:06:00+00:00,521.2,521.2,519.12,519.1942,0
2026-06-26 20:07:00+00:00,519.87,521.5801,519.0,519.0,0
2026-06-26 20:08:00+00:00,519.61,521.58,519.0001,519.3256,0
2026-06-26 20:09:00+00:00,519.51,520.0,519.0,519.55,0
2026-06-26 20:10:00+00:00,519.25,521.58,518.91,519.05,0
2026-06-26 20:11:00+00:00,519.0,521.58,518.81,519.535,0
2026-06-26 20:12:00+00:00,519.77,520.0,519.07,519.8679,0
2026-06-26 20:13:00+00:00,519.5605,521.58,519.5,519.59,0
2026-06-26 20:14:00+00:00,519.9,521.6,519.5,519.98,0
2026-06-26 20:15:00+00:00,520.14,520.8988,520.0704,520.31,0
2026-06-26 20:16:00+00:00,520.79,520.79,520.0,520.25,0
2026-06-26 20:17:00+00:00,520.4237,521.5876,519.5,519.99,0
2026-06-26 20:18:00+00:00,519.75,519.9999,519.05,519.05,0
2026-06-26 20:19:00+00:00,519.52,521.58,519.2,519.2663,0
2026-06-26 20:20:00+00:00,521.58,521.58,518.805,519.4,0
2026-06-26 20:21:00+00:00,519.4,520.0,518.956,519.9,0
2026-06-26 20:22:00+00:00,519.3,519.9,519.0,519.0,0
2026-06-26 20:23:00+00:00,519.01,521.58,519.01,519.17,0
2026-06-26 20:24:00+00:00,519.34,519.77,518.8001,519.02,0
2026-06-26 20:25:00+00:00,519.21,519.9,519.0,519.18,0
2026-06-26 20:26:00+00:00,519.9,519.9,519.0,519.25,0
2026-06-26 20:27:00+00:00,519.25,521.5894,518.75,521.5894,0
2026-06-26 20:28:00+00:00,518.6,519.5,518.6,519.1896,0
2026-06-26 20:29:00+00:00,519.05,519.348,518.6,519.05,0
2026-06-26 20:30:00+00:00,518.78,521.58,518.33,518.33,0
2026-06-26 20:31:00+00:00,518.0,518.644,517.0,517.3276,0
2026-06-26 20:32:00+00:00,517.71,519.0,517.2,518.0,0
2026-06-26 20:33:00+00:00,517.45,518.65,517.2,518.49,0
2026-06-26 20:34:00+00:00,518.17,521.58,518.0,521.58,0
2026-06-26 20:35:00+00:00,518.5,519.0,518.0001,518.25,0
2026-06-26 20:36:00+00:00,518.4575,519.0,518.0,518.2,0
2026-06-26 20:37:00+00:00,518.2,518.5,518.0,518.12,0
2026-06-26 20:38:00+00:00,518.0,519.39,518.0,519.39,0
2026-06-26 20:39:00+00:00,518.99,518.99,518.0,518.0,0
2026-06-26 20:40:00+00:00,518.11,519.0,517.9,517.9,0
2026-06-26 20:41:00+00:00,517.85,518.38,517.26,517.4495,0
2026-06-26 20:42:00+00:00,517.855,518.45,517.26,518.0341,0
2026-06-26 20:43:00+00:00,518.0,518.1,517.5,518.1,0
2026-06-26 20:44:00+00:00,518.0,518.0,517.4655,517.4655,0
2026-06-26 20:45:00+00:00,517.41,517.7412,517.39,517.49,0
2026-06-26 20:46:00+00:00,517.4,517.75,517.4,517.4449,0
2026-06-26 20:47:00+00:00,518.009,518.009,517.4,517.4,0
2026-06-26 20:48:00+00:00,517.5,518.1,517.4,517.4339,0
2026-06-26 20:49:00+00:00,517.59,518.45,517.4,518.45,0
2026-06-26 20:50:00+00:00,518.3135,518.45,517.49,517.8,0
2026-06-26 20:51:00+00:00,518.01,518.225,518.0,518.01,0
2026-06-26 20:52:00+00:00,518.2,518.45,517.8,517.8162,0
2026-06-26 20:53:00+00:00,518.44,519.0,517.8,517.8,0
2026-06-26 20:54:00+00:00,518.008,519.0,518.008,518.844,0
2026-06-26 20:55:00+00:00,518.9,519.0,518.31,518.8,0
2026-06-26 20:56:00+00:00,518.3,519.1999,518.0,518.71,0
2026-06-26 20:57:00+00:00,518.13,519.2,518.02,518.16,0
2026-06-26 20:58:00+00:00,518.02,518.5,517.5,518.25,0
2026-06-26 20:59:00+00:00,518.805,518.99,517.65,517.65,0
2026-06-26 21:00:00+00:00,517.5001,517.8,517.5,517.5225,0
2026-06-26 21:01:00+00:00,517.75,518.5,517.5,518.5,0
2026-06-26 21:02:00+00:00,517.75,518.5,517.5,518.0,0
2026-06-26 21:03:00+00:00,517.6517,518.5,517.5012,518.5,0
2026-06-26 21:04:00+00:00,517.75,518.0916,517.5,517.52,0
2026-06-26 21:05:00+00:00,517.54,517.74,517.26,517.555,0
2026-06-26 21:06:00+00:00,517.15,517.39,516.73,516.99,0
2026-06-26 21:07:00+00:00,517.0,517.63,517.0,517.0596,0
2026-06-26 21:08:00+00:00,517.17,517.62,517.0,517.5,0
2026-06-26 21:09:00+00:00,517.13,518.0,517.0,517.24,0
2026-06-26 21:10:00+00:00,517.16,517.5,517.0,517.1,0
2026-06-26 21:11:00+00:00,517.1,517.98,517.0,517.6,0
2026-06-26 21:12:00+00:00,517.28,517.98,517.0,517.14,0
2026-06-26 21:13:00+00:00,517.4283,517.5,517.0,517.01,0
2026-06-26 21:14:00+00:00,517.05,517.9788,517.0,517.1882,0
2026-06-26 21:15:00+00:00,517.8526,517.98,517.0,517.01,0
2026-06-26 21:16:00+00:00,517.1958,517.25,517.0,517.1,0
2026-06-26 21:17:00+00:00,517.435,517.9324,517.09,517.9324,0
2026-06-26 21:18:00+00:00,518.0,518.0,517.0,517.2,0
2026-06-26 21:19:00+00:00,517.98,517.98,517.0,517.0,0
2026-06-26 21:20:00+00:00,517.18,517.8953,517.18,517.46,0
2026-06-26 21:21:00+00:00,517.77,517.9,517.46,517.625,0
2026-06-26 21:22:00+00:00,517.625,517.8,517.45,517.64,0
2026-06-26 21:23:00+00:00,517.7,517.7,517.46,517.55,0
2026-06-26 21:24:00+00:00,521.58,521.58,517.0501,517.4,0
2026-06-26 21:25:00+00:00,517.2728,517.6,517.2,517.445,0
2026-06-26 21:26:00+00:00,517.2,517.7,517.2,517.35,0
2026-06-26 21:27:00+00:00,517.2001,517.7,517.2001,517.7,0
2026-06-26 21:28:00+00:00,517.3466,517.3466,517.2,517.2,0
2026-06-26 21:29:00+00:00,517.46,518.0,517.23,517.23,0
2026-06-26 21:30:00+00:00,517.896,517.922,517.2,517.922,0
2026-06-26 21:31:00+00:00,517.5,518.0,517.49,517.7562,0
2026-06-26 21:32:00+00:00,517.974,517.974,517.81,517.9,0
2026-06-26 21:33:00+00:00,517.81,517.9,517.81,517.9,0
2026-06-26 21:34:00+00:00,517.7,521.58,517.5,517.713,0
2026-06-26 21:35:00+00:00,517.7999,517.8,517.28,517.28,0
2026-06-26 21:36:00+00:00,517.28,517.51,517.22,517.22,0
2026-06-26 21:37:00+00:00,517.43,517.51,517.22,517.3097,0
2026-06-26 21:38:00+00:00,517.31,517.8,517.19,517.22,0
2026-06-26 21:39:00+00:00,517.5,517.5,517.2,517.4,0
2026-06-26 21:40:00+00:00,517.8,517.8,517.0,517.4,0
2026-06-26 21:41:00+00:00,517.39,517.43,517.1,517.43,0
2026-06-26 21:42:00+00:00,517.43,517.5,517.13,517.13,0
2026-06-26 21:43:00+00:00,517.3,517.5,517.0032,517.02,0
2026-06-26 21:44:00+00:00,517.0,517.32,517.0,517.13,0
2026-06-26 21:45:00+00:00,517.13,517.3,517.0,517.2,0
2026-06-26 21:46:00+00:00,517.2,517.5,517.0001,517.0924,0
2026-06-26 21:47:00+00:00,517.0,517.4,517.0,517.2,0
2026-06-26 21:48:00+00:00,517.0,517.4,517.0,517.4,0
2026-06-26 21:49:00+00:00,517.1,517.37,517.0,517.2,0
2026-06-26 21:50:00+00:00,517.2,517.4,517.0,517.4,0
2026-06-26 21:51:00+00:00,517.0,517.4,517.0,517.03,0
2026-06-26 21:52:00+00:00,517.0,517.4,517.0,517.2,0
2026-06-26 21:53:00+00:00,517.0,517.5,517.0,517.5,0
2026-06-26 21:54:00+00:00,517.49,517.5,517.4,517.47,0
2026-06-26 21:55:00+00:00,517.4707,517.7449,517.4707,517.6,0
2026-06-26 21:56:00+00:00,517.75,517.75,517.47,517.57,0
2026-06-26 21:57:00+00:00,517.66,517.75,517.55,517.6,0
2026-06-26 21:58:00+00:00,517.7,517.7,517.47,517.65,0
2026-06-26 22:00:00+00:00,517.65,517.65,517.5,517.56,0
2026-06-26 22:01:00+00:00,517.56,518.69,517.56,518.69,0
2026-06-26 22:02:00+00:00,518.03,518.79,517.56,518.79,0
2026-06-26 22:03:00+00:00,518.19,518.19,517.56,517.96,0
2026-06-26 22:04:00+00:00,518.13,518.23,517.69,518.0,0
2026-06-26 22:05:00+00:00,518.0,518.28,517.96,518.0,0
2026-06-26 22:06:00+00:00,518.0212,518.28,517.5915,517.89,0
2026-06-26 22:07:00+00:00,517.89,518.28,517.5,518.0,0
2026-06-26 22:08:00+00:00,518.0,518.01,517.5,517.99,0
2026-06-26 22:09:00+00:00,517.89,518.28,517.78,518.28,0
2026-06-26 22:10:00+00:00,517.96,518.01,517.5,517.5,0
2026-06-26 22:11:00+00:00,517.726,517.895,517.726,517.895,0
2026-06-26 22:12:00+00:00,517.6101,518.28,517.51,517.617,0
2026-06-26 22:13:00+00:00,517.895,518.28,517.75,518.28,0
2026-06-26 22:14:00+00:00,517.77,518.0,517.7,518.0,0
2026-06-26 22:15:00+00:00,518.0,518.13,518.0,518.13,0
2026-06-26 22:16:00+00:00,518.2,518.2,518.03,518.18,0
2026-06-26 22:17:00+00:00,517.99,518.28,517.8,518.0,0
2026-06-26 22:18:00+00:00,518.28,518.28,517.7001,518.01,0
2026-06-26 22:19:00+00:00,518.0,518.14,517.99,517.99,0
2026-06-26 22:20:00+00:00,517.99,518.2,517.99,518.0,0
2026-06-26 22:21:00+00:00,518.1,518.2,517.7,518.0,0
2026-06-26 22:22:00+00:00,518.01,518.01,517.87,518.0,0
2026-06-26 22:23:00+00:00,518.01,518.01,517.7,517.7,0
2026-06-26 22:24:00+00:00,517.87,518.0,517.7,517.7,0
2026-06-26 22:25:00+00:00,517.87,518.0,517.7,518.0,0
2026-06-26 22:26:00+00:00,518.0,518.2,518.0,518.0,0
2026-06-26 22:27:00+00:00,518.2,518.25,517.72,518.2072,0
2026-06-26 22:28:00+00:00,518.01,518.05,518.0,518.0,0
2026-06-26 22:29:00+00:00,518.28,518.28,517.72,518.28,0
2026-06-26 22:30:00+00:00,518.04,518.252,518.01,518.19,0
2026-06-26 22:31:00+00:00,518.015,518.28,517.8189,518.0,0
2026-06-26 22:32:00+00:00,518.1,518.28,518.0,518.0,0
2026-06-26 22:33:00+00:00,517.8189,518.05,517.8189,518.015,0
2026-06-26 22:34:00+00:00,518.174,518.2,517.8,517.8,0
2026-06-26 22:35:00+00:00,517.8,518.28,517.8,518.1,0
2026-06-26 22:36:00+00:00,518.0,518.4,517.9,518.15,0
2026-06-26 22:37:00+00:00,518.1,518.4,518.0,518.1,0
2026-06-26 22:38:00+00:00,518.0,518.4,518.0,518.17,0
2026-06-26 22:39:00+00:00,517.965,518.28,517.9,518.01,0
2026-06-26 22:40:00+00:00,518.325,518.39,517.95,518.25,0
2026-06-26 22:41:00+00:00,518.28,518.4,518.0,518.33,0
2026-06-26 22:42:00+00:00,518.12,518.4,518.12,518.39,0
2026-06-26 22:43:00+00:00,518.4683,518.4683,518.15,518.2135,0
2026-06-26 22:44:00+00:00,518.74,518.74,518.21,518.74,0
2026-06-26 22:45:00+00:00,518.413,518.74,518.25,518.6669,0
2026-06-26 22:46:00+00:00,518.53,518.6283,518.31,518.31,0
2026-06-26 22:47:00+00:00,518.2622,518.6,518.2622,518.6,0
2026-06-26 22:48:00+00:00,518.5312,518.62,518.5,518.51,0
2026-06-26 22:49:00+00:00,518.6,518.73,518.5,518.63,0
2026-06-26 22:50:00+00:00,518.6,518.83,518.6,518.83,0
2026-06-26 22:51:00+00:00,518.9263,518.99,518.61,518.68,0
2026-06-26 22:52:00+00:00,518.795,518.875,518.735,518.735,0
2026-06-26 22:53:00+00:00,518.85,518.97,518.5117,518.75,0
2026-06-26 22:54:00+00:00,518.6167,518.97,518.6167,518.9,0
2026-06-26 22:55:00+00:00,518.74,518.97,518.5,518.84,0
2026-06-26 22:56:00+00:00,518.97,518.97,518.5,518.68,0
2026-06-26 22:57:00+00:00,518.5,518.97,518.5,518.74,0
2026-06-26 22:58:00+00:00,518.735,518.97,518.5611,518.735,0
2026-06-26 22:59:00+00:00,518.5611,518.75,518.5611,518.5611,0
2026-06-26 23:00:00+00:00,518.735,518.97,518.5,518.5351,0
2026-06-26 23:01:00+00:00,518.68,518.77,518.5,518.5,0
2026-06-26 23:02:00+00:00,518.751,518.751,518.01,518.3,0
2026-06-26 23:03:00+00:00,518.33,518.45,518.3,518.39,0
2026-06-26 23:04:00+00:00,518.385,518.385,518.0,518.1355,0
2026-06-26 23:05:00+00:00,518.38,518.76,518.38,518.38,0
2026-06-26 23:06:00+00:00,518.38,518.505,518.2627,518.505,0
2026-06-26 23:07:00+00:00,518.25,518.38,518.25,518.38,0
2026-06-26 23:08:00+00:00,518.29,518.38,518.29,518.375,0
2026-06-26 23:09:00+00:00,518.3,518.4,518.25,518.25,0
2026-06-26 23:10:00+00:00,518.5,518.5,518.0,518.065,0
2026-06-26 23:11:00+00:00,518.25,518.5,518.0851,518.0851,0
2026-06-26 23:12:00+00:00,518.5,518.5,518.0,518.3,0
2026-06-26 23:13:00+00:00,518.15,518.5,518.15,518.325,0
2026-06-26 23:14:00+00:00,518.45,518.49,518.15,518.45,0
2026-06-26 23:15:00+00:00,518.45,518.47,518.012,518.2,0
2026-06-26 23:16:00+00:00,518.01,518.32,518.01,518.25,0
2026-06-26 23:17:00+00:00,518.4276,518.4276,518.1473,518.3,0
2026-06-26 23:18:00+00:00,518.38,519.25,518.36,519.25,0
2026-06-26 23:19:00+00:00,519.0,519.9,518.3299,519.1788,0
2026-06-26 23:20:00+00:00,519.0,519.1,518.2341,519.1,0
2026-06-26 23:21:00+00:00,519.1,519.3089,518.03,518.62,0
2026-06-26 23:22:00+00:00,518.64,519.25,518.03,518.91,0
2026-06-26 23:23:00+00:00,518.03,519.1,518.03,518.26,0
2026-06-26 23:24:00+00:00,518.4818,518.9237,518.3,518.7,0
2026-06-26 23:25:00+00:00,518.52,518.88,518.476,518.875,0
2026-06-26 23:26:00+00:00,518.5012,519.25,518.5012,519.1,0
2026-06-26 23:27:00+00:00,519.2,519.25,518.775,518.875,0
2026-06-26 23:28:00+00:00,518.89,519.25,518.5,518.78,0
2026-06-26 23:29:00+00:00,518.5771,518.88,518.5771,518.695,0
2026-06-26 23:30:00+00:00,518.695,518.695,518.6233,518.63,0
2026-06-26 23:31:00+00:00,518.5,518.79,518.5,518.7,0
2026-06-26 23:32:00+00:00,518.695,518.89,518.5,518.7,0
2026-06-26 23:33:00+00:00,518.905,518.905,518.5,518.5,0
2026-06-26 23:34:00+00:00,518.62,519.12,518.265,518.96,0
2026-06-26 23:35:00+00:00,518.9,519.1525,518.55,519.1525,0
2026-06-26 23:36:00+00:00,518.875,519.25,518.7,518.97,0
2026-06-26 23:37:00+00:00,518.7,519.0,518.7,518.74,0
2026-06-26 23:38:00+00:00,518.95,518.95,518.65,518.7665,0
2026-06-26 23:39:00+00:00,518.85,519.0,518.65,519.0,0
2026-06-26 23:40:00+00:00,518.65,518.825,518.65,518.82,0
2026-06-26 23:41:00+00:00,518.78,518.825,518.57,518.65,0
2026-06-26 23:42:00+00:00,518.7,518.8,518.7,518.75,0
2026-06-26 23:43:00+00:00,518.75,518.8,518.65,518.65,0
2026-06-26 23:44:00+00:00,518.7,518.8,518.65,518.6565,0
2026-06-26 23:45:00+00:00,518.675,518.7,518.66,518.66,0
2026-06-26 23:46:00+00:00,518.66,518.68,518.66,518.676,0
2026-06-26 23:47:00+00:00,518.66,518.68,518.66,518.66,0
2026-06-26 23:48:00+00:00,518.6507,518.68,518.6501,518.6761,0
2026-06-26 23:49:00+00:00,518.6507,518.66,518.65,518.6513,0
2026-06-26 23:50:00+00:00,518.655,518.737,518.6536,518.6935,0
2026-06-26 23:51:00+00:00,518.6565,518.68,518.65,518.66,0
2026-06-26 23:52:00+00:00,518.6516,518.6999,518.4825,518.58,0
2026-06-26 23:53:00+00:00,518.575,518.68,518.45,518.55,0
2026-06-26 23:54:00+00:00,518.6,518.6,518.45,518.6,0
2026-06-26 23:55:00+00:00,518.46,518.6,518.4501,518.5,0
2026-06-26 23:56:00+00:00,518.53,518.67,518.5,518.56,0
2026-06-26 23:57:00+00:00,518.59,519.0,518.5,518.5589,0
2026-06-26 23:58:00+00:00,518.5,519.0,518.5,518.6922,0
2026-06-26 23:59:00+00:00,518.6999,519.25,518.69,518.6983,0
2026-06-29 08:00:00+00:00,530.2,530.3685,519.5137,527.855,0
2026-06-29 08:01:00+00:00,529.14,530.51,519.52,529.76,0
2026-06-29 08:02:00+00:00,530.4,531.9497,530.16,531.02,0
2026-06-29 08:03:00+00:00,531.21,531.99,530.202,530.2167,0
2026-06-29 08:04:00+00:00,530.2,531.99,530.2,531.99,0
2026-06-29 08:05:00+00:00,531.9,532.26,531.49,532.0,0
2026-06-29 08:06:00+00:00,531.5,532.0,531.358,531.5,0
2026-06-29 08:07:00+00:00,531.99,532.0,527.26,527.45,0
2026-06-29 08:08:00+00:00,529.98,532.2,519.54,532.2,0
2026-06-29 08:09:00+00:00,530.4455,533.0,530.4455,532.75,0
2026-06-29 08:10:00+00:00,532.6833,532.99,531.463,532.7,0
2026-06-29 08:11:00+00:00,532.84,533.0,531.33,531.9,0
2026-06-29 08:12:00+00:00,532.29,532.5,531.0375,532.19,0
2026-06-29 08:13:00+00:00,531.95,532.2,531.52,531.52,0
2026-06-29 08:14:00+00:00,531.74,532.5,531.0782,532.5,0
2026-06-29 08:15:00+00:00,532.2,532.4494,531.225,531.5,0
2026-06-29 08:16:00+00:00,532.0,532.4358,531.0375,532.0,0
2026-06-29 08:17:00+00:00,532.4218,532.49,531.55,531.55,0
2026-06-29 08:18:00+00:00,531.2678,533.4,531.2678,533.4,0
2026-06-29 08:19:00+00:00,532.5375,533.39,532.5,532.5,0
2026-06-29 08:20:00+00:00,532.5,532.62,531.8,532.62,0
2026-06-29 08:21:00+00:00,532.58,533.0,532.0,533.0,0
2026-06-29 08:22:00+00:00,534.0,534.0,531.66,532.44,0
2026-06-29 08:23:00+00:00,531.81,533.25,531.6,532.33,0
2026-06-29 08:24:00+00:00,532.01,533.6575,531.6,532.15,0
2026-06-29 08:25:00+00:00,532.15,533.0,532.15,532.92,0
2026-06-29 08:26:00+00:00,532.4,532.99,531.8,532.96,0
2026-06-29 08:27:00+00:00,532.94,532.96,532.0,532.96,0
2026-06-29 08:28:00+00:00,532.0,532.58,531.7647,531.8,0
2026-06-29 08:29:00+00:00,532.59,532.59,530.0,532.235,0
2026-06-29 08:30:00+00:00,531.01,532.24,531.0,532.23,0
2026-06-29 08:31:00+00:00,531.05,532.23,531.05,531.55,0
2026-06-29 08:32:00+00:00,531.55,531.55,530.0647,530.0647,0
2026-06-29 08:33:00+00:00,531.8,532.23,531.67,531.67,0
2026-06-29 08:34:00+00:00,531.95,531.95,531.67,531.67,0
2026-06-29 08:35:00+00:00,531.67,531.67,531.67,531.67,0
2026-06-29 08:36:00+00:00,532.23,532.5,532.23,532.4469,0
2026-06-29 08:37:00+00:00,532.32,532.4044,531.67,531.67,0
2026-06-29 08:38:00+00:00,531.95,532.5,531.01,531.01,0
2026-06-29 08:39:00+00:00,532.5,532.5,531.008,531.49,0
2026-06-29 08:40:00+00:00,532.5,532.5,531.11,532.5,0
2026-06-29 08:41:00+00:00,532.5,532.5,531.2827,531.96,0
2026-06-29 08:42:00+00:00,531.5,532.01,531.1,531.11,0
2026-06-29 08:43:00+00:00,531.89,531.9262,531.0,531.0237,0
2026-06-29 08:44:00+00:00,531.5,531.7,531.5,531.7,0
2026-06-29 08:45:00+00:00,531.7,531.7,531.4,531.4,0
2026-06-29 08:46:00+00:00,531.17,531.17,531.17,531.17,0
2026-06-29 08:47:00+00:00,531.2,531.22,530.108,530.108,0
2026-06-29 08:48:00+00:00,531.55,531.55,531.0,531.0,0
2026-06-29 08:49:00+00:00,531.4,531.5,531.4,531.5,0
2026-06-29 08:50:00+00:00,531.23,531.6,531.22,531.6,0
2026-06-29 08:51:00+00:00,531.6,531.6,530.25,531.07,0
2026-06-29 08:52:00+00:00,531.07,531.6688,531.07,531.4,0
2026-06-29 08:53:00+00:00,531.4,531.67,531.04,531.04,0
2026-06-29 08:55:00+00:00,530.75,530.75,530.25,530.27,0
2026-06-29 08:56:00+00:00,531.4627,531.4627,531.4627,531.4627,0
2026-06-29 08:57:00+00:00,530.01,530.01,530.01,530.01,0
2026-06-29 08:58:00+00:00,530.27,531.01,530.08,530.08,0
2026-06-29 08:59:00+00:00,530.1012,531.0,530.1012,530.84,0
2026-06-29 09:00:00+00:00,530.0812,531.5042,530.0812,531.5042,0
2026-06-29 09:01:00+00:00,531.5,531.67,530.8,530.8,0
2026-06-29 09:02:00+00:00,531.0,531.6287,530.5,531.6287,0
2026-06-29 09:03:00+00:00,531.0,531.5,531.0,531.5,0
2026-06-29 09:04:00+00:00,530.59,530.59,530.59,530.59,0
2026-06-29 09:05:00+00:00,530.52,530.6,530.25,530.6,0
2026-06-29 09:06:00+00:00,531.0,531.0,530.5,530.5,0
2026-06-29 09:07:00+00:00,530.25,530.25,529.2,529.2,0
2026-06-29 09:08:00+00:00,529.2,530.0,529.2,530.0,0
2026-06-29 09:09:00+00:00,529.45,529.5,529.45,529.5,0
2026-06-29 09:10:00+00:00,529.51,529.51,529.0,529.0,0
2026-06-29 09:11:00+00:00,529.5,529.5,527.5452,527.6038,0
2026-06-29 09:12:00+00:00,529.4402,529.4402,528.3333,528.3333,0
2026-06-29 09:13:00+00:00,528.82,528.82,528.82,528.82,0
2026-06-29 09:14:00+00:00,528.8,528.93,527.55,528.93,0
2026-06-29 09:15:00+00:00,529.5,529.5,528.35,529.3611,0
2026-06-29 09:16:00+00:00,529.0,529.47,528.515,529.47,0
2026-06-29 09:17:00+00:00,529.47,529.47,528.43,528.43,0
2026-06-29 09:18:00+00:00,527.55,527.55,527.55,527.55,0
2026-06-29 09:19:00+00:00,527.55,529.4988,527.55,528.6,0
2026-06-29 09:20:00+00:00,528.61,529.3,528.35,529.3,0
2026-06-29 09:21:00+00:00,528.6,529.3,528.6,529.05,0
2026-06-29 09:22:00+00:00,527.9887,528.0375,527.9887,528.0375,0
2026-06-29 09:23:00+00:00,529.0,529.5,528.94,528.94,0
2026-06-29 09:24:00+00:00,528.67,529.4988,528.67,529.4988,0
2026-06-29 09:26:00+00:00,529.22,529.4379,528.4372,529.05,0
2026-06-29 09:27:00+00:00,529.0,529.5,528.5012,529.5,0
2026-06-29 09:28:00+00:00,529.5,529.9988,529.5,529.59,0
2026-06-29 09:29:00+00:00,529.5856,529.64,529.5856,529.64,0
2026-06-29 09:30:00+00:00,529.96,529.96,529.4288,529.4288,0
2026-06-29 09:31:00+00:00,528.8982,529.9988,528.8982,529.58,0
2026-06-29 09:32:00+00:00,529.9536,529.9536,528.898,529.58,0
2026-06-29 09:33:00+00:00,529.9888,529.9888,528.898,528.898,0
2026-06-29 09:34:00+00:00,529.9988,529.9988,529.43,529.43,0
2026-06-29 09:35:00+00:00,528.89,528.9792,528.89,528.9792,0
2026-06-29 09:36:00+00:00,529.9202,529.93,529.01,529.01,0
2026-06-29 09:37:00+00:00,529.01,530.0,529.0,530.0,0
2026-06-29 09:38:00+00:00,529.5,529.5,529.5,529.5,0
2026-06-29 09:39:00+00:00,529.1608,529.9988,529.1608,529.9988,0
2026-06-29 09:40:00+00:00,529.5,529.5,529.5,529.5,0
2026-06-29 09:41:00+00:00,529.52,529.94,528.9,528.9,0
2026-06-29 09:42:00+00:00,529.01,529.9988,529.01,529.025,0
2026-06-29 09:44:00+00:00,529.48,530.0,529.0213,530.0,0
2026-06-29 09:45:00+00:00,529.9411,529.9411,528.9379,529.3,0
2026-06-29 09:46:00+00:00,529.32,530.0,529.32,529.9411,0
2026-06-29 09:47:00+00:00,529.0003,529.42,528.8982,528.8982,0
2026-06-29 09:48:00+00:00,529.1,529.47,529.01,529.01,0
2026-06-29 09:49:00+00:00,528.8967,529.26,528.87,529.26,0
2026-06-29 09:50:00+00:00,528.87,528.87,528.87,528.87,0
2026-06-29 09:51:00+00:00,529.56,529.8997,528.045,528.3,0
2026-06-29 09:52:00+00:00,529.838,529.838,528.01,528.01,0
2026-06-29 09:53:00+00:00,528.01,528.86,528.01,528.86,0
2026-06-29 09:54:00+00:00,528.83,528.83,528.75,528.75,0
2026-06-29 09:55:00+00:00,528.86,528.86,528.0141,528.13,0
2026-06-29 09:56:00+00:00,528.0,529.06,528.0,528.5,0
2026-06-29 09:57:00+00:00,528.29,529.9,528.29,529.9,0
2026-06-29 09:58:00+00:00,529.7,529.7,528.91,528.91,0
2026-06-29 09:59:00+00:00,529.01,529.01,529.01,529.01,0
2026-06-29 10:00:00+00:00,528.5611,529.5,528.5611,529.0,0
2026-06-29 10:02:00+00:00,529.83,529.83,529.83,529.83,0
2026-06-29 10:03:00+00:00,529.83,529.83,529.0,529.0,0
2026-06-29 10:04:00+00:00,529.32,529.32,528.808,528.94,0
2026-06-29 10:05:00+00:00,529.42,529.42,529.42,529.42,0
2026-06-29 10:06:00+00:00,529.84,529.94,529.0235,529.0235,0
2026-06-29 10:07:00+00:00,529.9,529.94,529.9,529.94,0
2026-06-29 10:08:00+00:00,529.88,530.1,529.88,529.88,0
2026-06-29 10:09:00+00:00,529.88,530.31,529.4272,530.0,0
2026-06-29 10:10:00+00:00,530.41,530.42,529.6,529.6,0
2026-06-29 10:11:00+00:00,529.7988,529.8,529.4,529.59,0
2026-06-29 10:12:00+00:00,529.5,529.55,529.5,529.5,0
2026-06-29 10:13:00+00:00,529.5,529.8,529.5,529.72,0
2026-06-29 10:14:00+00:00,529.45,529.79,529.1,529.79,0
2026-06-29 10:15:00+00:00,529.03,529.8,529.03,529.8,0
2026-06-29 10:16:00+00:00,529.04,529.7237,528.054,529.7237,0
2026-06-29 10:17:00+00:00,528.75,528.75,527.92,527.92,0
2026-06-29 10:18:00+00:00,528.75,529.0,528.0412,528.0412,0
2026-06-29 10:19:00+00:00,528.75,529.72,528.75,529.0,0
2026-06-29 10:21:00+00:00,528.83,529.0,528.83,529.0,0
2026-06-29 10:22:00+00:00,528.025,528.025,528.01,528.01,0
2026-06-29 10:23:00+00:00,528.61,529.0,528.61,528.62,0
2026-06-29 10:24:00+00:00,528.7,529.7257,528.48,528.48,0
2026-06-29 10:25:00+00:00,528.47,528.7,528.28,528.29,0
2026-06-29 10:26:00+00:00,528.29,528.41,528.29,528.41,0
2026-06-29 10:27:00+00:00,528.6,528.6,528.55,528.55,0
2026-06-29 10:28:00+00:00,528.275,528.62,528.275,528.62,0
2026-06-29 10:29:00+00:00,528.0,529.7265,528.0,529.19,0
2026-06-29 10:30:00+00:00,529.2675,529.2675,529.2675,529.2675,0
2026-06-29 10:31:00+00:00,528.78,528.78,528.78,528.78,0
2026-06-29 10:32:00+00:00,529.09,529.26,528.1,529.26,0
2026-06-29 10:34:00+00:00,528.0422,529.19,528.0422,528.63,0
2026-06-29 10:35:00+00:00,528.47,528.99,528.2937,528.99,0
2026-06-29 10:36:00+00:00,528.9,528.9,528.0442,528.0442,0
2026-06-29 10:37:00+00:00,529.26,529.9,529.26,529.9,0
2026-06-29 10:38:00+00:00,530.0,530.0,529.05,529.99,0
2026-06-29 10:39:00+00:00,529.99,530.01,529.2227,529.2227,0
2026-06-29 10:40:00+00:00,530.0,530.0,529.79,530.0,0
2026-06-29 10:41:00+00:00,529.81,530.45,529.8,530.45,0
2026-06-29 10:42:00+00:00,529.01,529.01,529.01,529.01,0
2026-06-29 10:43:00+00:00,528.5597,530.5,528.5597,530.43,0
2026-06-29 10:44:00+00:00,530.0,530.4575,528.8425,528.8425,0
2026-06-29 10:45:00+00:00,530.49,530.5,528.8425,530.01,0
2026-06-29 10:46:00+00:00,530.01,530.5,529.5782,530.5,0
2026-06-29 10:47:00+00:00,530.5,530.947,529.01,530.947,0
2026-06-29 10:48:00+00:00,530.4689,530.4689,530.4689,530.4689,0
2026-06-29 10:49:00+00:00,528.5,530.9375,528.5,530.9375,0
2026-06-29 10:50:00+00:00,529.8,529.8,528.5625,528.5625,0
2026-06-29 10:51:00+00:00,530.9375,530.9375,530.3,530.3,0
2026-06-29 10:52:00+00:00,530.3,530.4512,530.3,530.4512,0
2026-06-29 10:53:00+00:00,530.41,530.41,530.14,530.14,0
2026-06-29 10:54:00+00:00,528.51,528.51,528.51,528.51,0
2026-06-29 10:55:00+00:00,530.41,530.5,530.41,530.5,0
2026-06-29 10:56:00+00:00,530.1712,530.5,530.16,530.5,0
2026-06-29 10:58:00+00:00,530.5,530.5,530.025,530.5,0
2026-06-29 10:59:00+00:00,530.6,530.6,530.0,530.44,0
2026-06-29 11:00:00+00:00,529.5,531.0,521.58,529.965,0
2026-06-29 11:01:00+00:00,530.0,530.0,521.58,530.0,0
2026-06-29 11:02:00+00:00,529.5,530.5,529.44,529.4957,0
2026-06-29 11:03:00+00:00,530.0,530.5,529.32,529.94,0
2026-06-29 11:04:00+00:00,530.4725,530.5,529.53,530.2161,0
2026-06-29 11:05:00+00:00,530.0,530.24,529.5,530.0,0
2026-06-29 11:06:00+00:00,529.5,530.0,529.44,529.6,0
2026-06-29 11:07:00+00:00,529.51,529.9988,529.0,529.0,0
2026-06-29 11:08:00+00:00,529.5,530.0,529.22,529.87,0
2026-06-29 11:09:00+00:00,529.5,529.9999,529.0,529.54,0
2026-06-29 11:10:00+00:00,529.54,530.0,528.61,528.61,0
2026-06-29 11:11:00+00:00,530.0,530.0,528.7,529.5,0
2026-06-29 11:12:00+00:00,529.0073,529.8,527.967,528.5,0
2026-06-29 11:13:00+00:00,529.8,529.8,528.4025,528.4454,0
2026-06-29 11:14:00+00:00,528.45,529.0,528.0,528.0,0
2026-06-29 11:15:00+00:00,528.3,529.0,528.0,528.1,0
2026-06-29 11:16:00+00:00,528.11,528.61,527.52,528.0,0
2026-06-29 11:17:00+00:00,527.83,528.16,527.53,527.5392,0
2026-06-29 11:18:00+00:00,527.58,527.9,527.0,527.6299,0
2026-06-29 11:19:00+00:00,527.63,527.63,527.0,527.0,0
2026-06-29 11:20:00+00:00,527.11,527.3999,527.0,527.21,0
2026-06-29 11:21:00+00:00,527.2,527.4611,527.01,527.46,0
2026-06-29 11:22:00+00:00,527.53,527.53,527.0,527.53,0
2026-06-29 11:23:00+00:00,527.0,527.44,527.0,527.2186,0
2026-06-29 11:24:00+00:00,527.53,527.53,527.1,527.38,0
2026-06-29 11:25:00+00:00,527.2,527.53,527.1,527.5,0
2026-06-29 11:26:00+00:00,527.315,527.68,527.315,527.68,0
2026-06-29 11:27:00+00:00,527.565,528.0,527.217,527.315,0
2026-06-29 11:28:00+00:00,527.53,527.53,527.315,527.51,0
2026-06-29 11:29:00+00:00,527.52,528.0,527.1,527.435,0
2026-06-29 11:30:00+00:00,527.5,527.5,526.4681,526.4681,0
2026-06-29 11:31:00+00:00,527.2,528.33,527.09,528.33,0
2026-06-29 11:32:00+00:00,527.83,528.5,527.4,528.4477,0
2026-06-29 11:33:00+00:00,527.52,528.5,527.25,527.55,0
2026-06-29 11:34:00+00:00,527.01,528.33,527.01,527.55,0
2026-06-29 11:35:00+00:00,527.01,528.33,527.01,527.99,0
2026-06-29 11:36:00+00:00,527.99,528.0,527.25,527.5,0
2026-06-29 11:37:00+00:00,527.8,528.303,527.25,527.92,0
2026-06-29 11:38:00+00:00,527.72,527.72,527.44,527.6302,0
2026-06-29 11:39:00+00:00,527.44,527.5327,526.25,526.25,0
2026-06-29 11:40:00+00:00,526.25,527.9507,526.25,527.35,0
2026-06-29 11:41:00+00:00,527.51,527.64,526.5,527.45,0
2026-06-29 11:42:00+00:00,527.495,527.99,527.0,527.66,0
2026-06-29 11:43:00+00:00,527.7132,527.95,527.11,527.1235,0
2026-06-29 11:44:00+00:00,527.45,527.55,527.0,527.26,0
2026-06-29 11:45:00+00:00,527.44,527.78,527.1292,527.7456,0
2026-06-29 11:46:00+00:00,527.3107,527.86,527.01,527.45,0
2026-06-29 11:47:00+00:00,527.77,527.78,527.01,527.01,0
2026-06-29 11:48:00+00:00,527.0312,527.85,527.02,527.6865,0
2026-06-29 11:49:00+00:00,527.01,527.7408,527.0,527.4,0
2026-06-29 11:50:00+00:00,527.27,527.7408,527.031,527.74,0
2026-06-29 11:51:00+00:00,527.1192,527.63,527.0,527.0443,0
2026-06-29 11:52:00+00:00,527.26,527.35,527.0,527.1,0
2026-06-29 11:53:00+00:00,527.05,527.2192,526.75,527.02,0
2026-06-29 11:54:00+00:00,526.828,527.0,526.75,526.9999,0
2026-06-29 11:55:00+00:00,526.7562,527.0,526.7562,526.875,0
2026-06-29 11:56:00+00:00,526.875,527.73,526.8332,527.04,0
2026-06-29 11:57:00+00:00,527.385,527.73,527.1,527.39,0
2026-06-29 11:58:00+00:00,527.4,527.55,527.14,527.14,0
2026-06-29 11:59:00+00:00,527.4319,527.4319,527.05,527.295,0
2026-06-29 12:00:00+00:00,527.05,527.73,527.0,527.73,0
2026-06-29 12:01:00+00:00,527.5247,527.73,527.0381,527.43,0
2026-06-29 12:02:00+00:00,527.5,527.5,527.0125,527.5,0
2026-06-29 12:03:00+00:00,527.48,527.73,527.01,527.35,0
2026-06-29 12:04:00+00:00,527.365,527.85,527.365,527.85,0
2026-06-29 12:05:00+00:00,527.851,527.851,527.5,527.6,0
2026-06-29 12:06:00+00:00,527.54,527.86,527.3116,527.65,0
2026-06-29 12:07:00+00:00,527.98,527.98,527.37,527.74,0
2026-06-29 12:08:00+00:00,527.85,527.935,527.5968,527.8,0
2026-06-29 12:09:00+00:00,527.5261,527.89,527.5261,527.89,0
2026-06-29 12:10:00+00:00,528.0,528.15,527.7562,528.02,0
2026-06-29 12:11:00+00:00,527.95,528.15,527.75,528.0,0
2026-06-29 12:12:00+00:00,527.96,528.0655,527.5,528.0,0
2026-06-29 12:13:00+00:00,528.0,528.33,527.55,528.005,0
2026-06-29 12:14:00+00:00,528.005,528.46,527.5512,528.4397,0
2026-06-29 12:15:00+00:00,528.03,528.33,527.65,527.87,0
2026-06-29 12:16:00+00:00,527.55,529.0,527.55,528.67,0
2026-06-29 12:17:00+00:00,528.55,528.8179,528.43,528.6,0
2026-06-29 12:18:00+00:00,528.78,529.4872,528.6227,528.6227,0
2026-06-29 12:19:00+00:00,529.2,529.51,528.6,529.0,0
2026-06-29 12:20:00+00:00,529.0,529.51,528.61,529.51,0
2026-06-29 12:21:00+00:00,529.51,529.51,528.82,528.83,0
2026-06-29 12:22:00+00:00,529.5,529.5,528.6,529.1,0
2026-06-29 12:23:00+00:00,529.04,529.5,528.6,528.6,0
2026-06-29 12:24:00+00:00,529.5,529.5,528.75,529.0,0
2026-06-29 12:25:00+00:00,529.0,529.5,528.9786,529.05,0
2026-06-29 12:26:00+00:00,529.05,529.5,528.6,528.94,0
2026-06-29 12:27:00+00:00,528.6333,529.5,528.6,529.5,0
2026-06-29 12:28:00+00:00,529.05,529.5,528.64,529.04,0
2026-06-29 12:29:00+00:00,529.145,529.5,528.66,529.5,0
2026-06-29 12:30:00+00:00,529.05,529.05,528.01,528.535,0
2026-06-29 12:31:00+00:00,528.0,528.51,527.55,527.89,0
2026-06-29 12:32:00+00:00,528.25,528.4,527.56,528.345,0
2026-06-29 12:33:00+00:00,528.5,528.69,528.0,528.4,0
2026-06-29 12:34:00+00:00,528.01,528.69,528.01,528.48,0
2026-06-29 12:35:00+00:00,528.493,528.74,527.8289,527.8289,0
2026-06-29 12:36:00+00:00,528.0,528.75,527.9322,528.285,0
2026-06-29 12:37:00+00:00,528.55,528.55,527.25,527.6,0
2026-06-29 12:38:00+00:00,527.6,527.9499,526.5,526.5,0
2026-06-29 12:39:00+00:00,526.5,526.85,526.5,526.6,0
2026-06-29 12:40:00+00:00,526.675,527.74,526.5,526.84,0
2026-06-29 12:41:00+00:00,526.948,526.948,526.0,526.065,0
2026-06-29 12:42:00+00:00,526.0,526.625,526.0,526.47,0
2026-06-29 12:43:00+00:00,526.51,527.0,526.25,526.5,0
2026-06-29 12:44:00+00:00,526.52,527.0,526.27,526.464,0
2026-06-29 12:45:00+00:00,526.95,527.0,526.25,526.25,0
2026-06-29 12:46:00+00:00,526.5009,527.0,526.25,526.58,0
2026-06-29 12:47:00+00:00,526.83,527.3,526.25,526.5,0
2026-06-29 12:48:00+00:00,526.79,527.28,526.548,526.91,0
2026-06-29 12:49:00+00:00,527.248,527.3,526.9,526.9,0
2026-06-29 12:50:00+00:00,527.22,527.3,526.13,527.0,0
2026-06-29 12:51:00+00:00,526.935,527.3,526.57,526.62,0
2026-06-29 12:52:00+00:00,527.0,527.25,526.69,527.2,0
2026-06-29 12:53:00+00:00,527.0,527.37,526.0375,527.09,0
2026-06-29 12:54:00+00:00,526.9,527.19,526.3,526.53,0
2026-06-29 12:55:00+00:00,526.75,527.49,526.3322,527.49,0
2026-06-29 12:56:00+00:00,527.26,527.6999,527.25,527.535,0
2026-06-29 12:57:00+00:00,527.59,527.7,527.48,527.485,0
2026-06-29 12:58:00+00:00,527.27,527.7,527.26,527.5672,0
2026-06-29 12:59:00+00:00,527.5737,527.7,527.2829,527.35,0
2026-06-29 13:00:00+00:00,527.56,528.245,527.26,528.0,0
2026-06-29 13:01:00+00:00,528.2,528.49,527.309,528.49,0
2026-06-29 13:02:00+00:00,527.55,528.49,527.54,527.77,0
2026-06-29 13:03:00+00:00,528.0,528.0,527.54,527.8704,0
2026-06-29 13:04:00+00:00,527.77,528.0,527.54,527.77,0
2026-06-29 13:05:00+00:00,527.77,528.0,527.69,527.9086,0
2026-06-29 13:06:00+00:00,527.8,528.49,527.58,527.58,0
2026-06-29 13:07:00+00:00,528.0435,528.49,527.54,528.245,0
2026-06-29 13:08:00+00:00,528.24,528.49,528.0,528.0815,0
2026-06-29 13:09:00+00:00,528.0,528.25,527.59,527.8645,0
2026-06-29 13:10:00+00:00,527.88,527.88,527.26,527.4153,0
2026-06-29 13:11:00+00:00,527.66,527.8,527.56,527.8,0
2026-06-29 13:12:00+00:00,527.8,527.8,527.5,527.79,0
2026-06-29 13:13:00+00:00,527.5,527.8,527.0,527.4,0
2026-06-29 13:14:00+00:00,527.4,527.8,527.0,527.5,0
2026-06-29 13:15:00+00:00,527.0545,527.8,527.0545,527.8,0
2026-06-29 13:16:00+00:00,527.5,527.8,527.15,527.75,0
2026-06-29 13:17:00+00:00,527.55,527.8,527.15,527.475,0
2026-06-29 13:18:00+00:00,527.15,527.75,527.15,527.75,0
2026-06-29 13:19:00+00:00,527.75,527.774,527.0,527.18,0
2026-06-29 13:20:00+00:00,527.42,527.42,526.43,526.74,0
2026-06-29 13:21:00+00:00,526.45,526.86,526.04,526.85,0
2026-06-29 13:22:00+00:00,526.2,527.8,526.2,526.3535,0
2026-06-29 13:23:00+00:00,526.8083,527.18,526.3475,526.86,0
2026-06-29 13:24:00+00:00,526.8,527.02,526.33,526.52,0
2026-06-29 13:25:00+00:00,526.55,526.55,524.7535,525.01,0
2026-06-29 13:26:00+00:00,525.1054,525.17,524.74,524.74,0
2026-06-29 13:27:00+00:00,524.57,524.7697,522.5,522.8499,0
2026-06-29 13:28:00+00:00,522.61,523.2,522.32,522.61,0
2026-06-29 13:29:00+00:00,522.61,523.01,522.4,522.7,0
2026-06-29 13:30:00+00:00,522.8300170898438,524.0900268554688,517.4555053710938,521.9299926757812,854925
2026-06-29 13:31:00+00:00,522.8300170898438,524.5,518.0001220703125,522.1599731445312,110317
2026-06-29 13:32:00+00:00,521.9400024414062,526.0999755859375,521.2850952148438,526.0499877929688,149032
2026-06-29 13:33:00+00:00,525.5499877929688,528.22998046875,524.7750244140625,527.9949951171875,106437
2026-06-29 13:34:00+00:00,527.9849853515625,532.0,527.7000732421875,531.260009765625,151456
2026-06-29 13:35:00+00:00,531.1500244140625,534.489990234375,530.8800048828125,534.489990234375,226669
2026-06-29 13:36:00+00:00,534.0399780273438,535.155029296875,531.4400024414062,531.8099975585938,162414
2026-06-29 13:37:00+00:00,532.0,534.2435913085938,530.7600708007812,531.5599975585938,132696
2026-06-29 13:38:00+00:00,531.5449829101562,531.7899780273438,525.0,525.4749755859375,166785
2026-06-29 13:39:00+00:00,525.2301025390625,528.4600219726562,523.4400024414062,527.7999877929688,104667
2026-06-29 13:40:00+00:00,527.853515625,530.4298706054688,526.2822875976562,528.7849731445312,95445
2026-06-29 13:41:00+00:00,528.7849731445312,528.989990234375,526.3150024414062,526.5,81772
2026-06-29 13:42:00+00:00,526.4500122070312,529.0599975585938,525.9583740234375,528.9400024414062,57697
2026-06-29 13:43:00+00:00,528.9401245117188,530.97998046875,528.2650146484375,529.9400024414062,91833
2026-06-29 13:44:00+00:00,529.7449951171875,533.4400024414062,528.6799926757812,532.0,108401
2026-06-29 13:45:00+00:00,531.75,531.75,528.5999755859375,528.8598022460938,101982
2026-06-29 13:46:00+00:00,529.010009765625,529.010009765625,525.6400146484375,526.1099853515625,91166
2026-06-29 13:47:00+00:00,526.0,527.280029296875,524.5,526.010009765625,99524
2026-06-29 13:48:00+00:00,526.4663696289062,528.0,524.1599731445312,527.5750122070312,92479
2026-06-29 13:49:00+00:00,527.9500122070312,528.1500244140625,525.3400268554688,525.7819213867188,54598
2026-06-29 13:50:00+00:00,525.989990234375,525.989990234375,523.4301147460938,525.8300170898438,97033
2026-06-29 13:51:00+00:00,525.4299926757812,528.0,524.22998046875,524.6699829101562,89823
2026-06-29 13:52:00+00:00,524.4500732421875,526.3192138671875,524.4500122070312,525.1849975585938,56734
2026-06-29 13:53:00+00:00,525.1849975585938,527.3223266601562,524.3300170898438,524.3300170898438,72443
2026-06-29 13:54:00+00:00,524.5,524.9299926757812,522.3200073242188,522.6900024414062,80092
2026-06-29 13:55:00+00:00,522.8300170898438,523.85498046875,517.8599853515625,518.0900268554688,123621
2026-06-29 13:56:00+00:00,518.4600219726562,519.5899047851562,515.1699829101562,515.7172241210938,154452
2026-06-29 13:57:00+00:00,515.4000244140625,515.989990234375,513.5,513.844970703125,165093
2026-06-29 13:58:00+00:00,513.6843872070312,514.5999145507812,512.489990234375,512.52001953125,129882
2026-06-29 13:59:00+00:00,512.7750244140625,514.5599975585938,512.0,513.030029296875,120063
2026-06-29 14:00:00+00:00,513.0999755859375,513.6749877929688,510.760009765625,512.9600219726562,130490
2026-06-29 14:01:00+00:00,512.8300170898438,514.2999267578125,512.0,512.5701293945312,90190
2026-06-29 14:02:00+00:00,512.2650146484375,512.64501953125,509.8299865722656,512.260009765625,128776
2026-06-29 14:03:00+00:00,512.030029296875,515.7274780273438,511.8299865722656,514.7000122070312,135704
2026-06-29 14:04:00+00:00,514.4149780273438,514.9600219726562,513.0,513.1300048828125,83015
2026-06-29 14:05:00+00:00,513.0001220703125,513.1798706054688,510.5199890136719,510.93499755859375,113605
2026-06-29 14:06:00+00:00,511.04998779296875,513.1715087890625,510.6499938964844,510.7799987792969,110053
2026-06-29 14:07:00+00:00,510.72149658203125,511.9700012207031,508.3999938964844,508.5799865722656,127087
2026-06-29 14:08:00+00:00,508.83990478515625,508.9800109863281,507.25,508.54998779296875,168206
2026-06-29 14:09:00+00:00,508.75,509.8110046386719,507.0,508.79998779296875,176995
2026-06-29 14:10:00+00:00,508.95001220703125,510.1199951171875,506.25,506.6300048828125,103044
2026-06-29 14:11:00+00:00,506.75,506.82000732421875,504.55999755859375,505.1000061035156,152047
2026-06-29 14:12:00+00:00,505.2149963378906,506.30999755859375,502.7080078125,502.7080078125,162252
2026-06-29 14:13:00+00:00,502.82501220703125,502.8999938964844,499.5,500.75,290740
2026-06-29 14:14:00+00:00,500.75,501.82000732421875,499.760009765625,500.30499267578125,134244
2026-06-29 14:15:00+00:00,500.3900146484375,500.510009765625,498.20001220703125,500.30499267578125,166347
2026-06-29 14:16:00+00:00,500.4700012207031,501.4198913574219,497.4901123046875,497.6000061035156,138569
2026-06-29 14:17:00+00:00,497.79998779296875,499.70001220703125,495.739990234375,496.2900085449219,202181
2026-06-29 14:18:00+00:00,496.42999267578125,498.739990234375,495.3500061035156,498.0899963378906,141453
2026-06-29 14:19:00+00:00,498.4849853515625,502.92999267578125,498.04998779296875,502.5450134277344,120907
2026-06-29 14:20:00+00:00,502.54998779296875,503.6099853515625,500.87640380859375,501.9595031738281,127010
2026-06-29 14:21:00+00:00,501.8900146484375,503.17999267578125,501.55999755859375,503.1000061035156,75259
2026-06-29 14:22:00+00:00,503.19000244140625,505.0,502.05999755859375,502.05999755859375,122669
2026-06-29 14:23:00+00:00,502.1650085449219,502.1650085449219,499.739990234375,500.5199890136719,87124
2026-06-29 14:24:00+00:00,500.5249938964844,501.9800109863281,499.5,501.1099853515625,90950
2026-06-29 14:25:00+00:00,500.82000732421875,502.29998779296875,500.55010986328125,501.3900146484375,79816
2026-06-29 14:26:00+00:00,501.0950012207031,503.84991455078125,501.0899963378906,503.1499938964844,71019
2026-06-29 14:27:00+00:00,502.7900085449219,504.4700012207031,502.7550048828125,503.9898986816406,101538
2026-06-29 14:28:00+00:00,503.7650146484375,506.32000732421875,503.6000061035156,506.32000732421875,131976
2026-06-29 14:29:00+00:00,506.2900085449219,507.1698913574219,505.0101013183594,506.6600036621094,98453
2026-06-29 14:30:00+00:00,506.989990234375,507.5,505.68011474609375,506.92999267578125,84314
2026-06-29 14:31:00+00:00,506.45001220703125,509.29998779296875,505.55999755859375,508.9700012207031,139747
2026-06-29 14:32:00+00:00,509.1328125,509.7699890136719,507.7149963378906,508.53009033203125,98760
2026-06-29 14:33:00+00:00,508.8699951171875,511.20001220703125,508.0,510.2699890136719,109368
2026-06-29 14:34:00+00:00,510.2799987792969,511.3500061035156,509.6000061035156,510.20001220703125,84538
2026-06-29 14:35:00+00:00,510.10009765625,511.0350036621094,509.4049987792969,510.25,50095
2026-06-29 14:36:00+00:00,510.44000244140625,510.44000244140625,508.2049865722656,508.2550964355469,70831
2026-06-29 14:37:00+00:00,508.010009765625,509.4986877441406,507.40008544921875,509.375,82214
2026-06-29 14:38:00+00:00,509.1400146484375,510.54998779296875,508.7099914550781,509.5400085449219,58404
2026-06-29 14:39:00+00:00,509.30999755859375,510.0,507.3999938964844,508.2099914550781,45796
2026-06-29 14:40:00+00:00,508.3800048828125,508.9162902832031,507.5,508.0,52220
2026-06-29 14:41:00+00:00,508.05999755859375,508.9798889160156,506.69000244140625,506.69000244140625,66784
2026-06-29 14:42:00+00:00,506.8999938964844,507.44000244140625,506.20001220703125,506.6549987792969,55872
2026-06-29 14:43:00+00:00,506.9100036621094,507.409912109375,505.7200012207031,506.3900146484375,76290
2026-06-29 14:44:00+00:00,506.69000244140625,507.0450134277344,504.6499938964844,506.822509765625,67236
2026-06-29 14:45:00+00:00,506.3200988769531,507.409912109375,505.53961181640625,506.3999938964844,36607
2026-06-29 14:46:00+00:00,506.57000732421875,507.260009765625,504.6300048828125,505.44000244140625,63111
2026-06-29 14:47:00+00:00,505.17498779296875,506.32000732421875,504.19000244140625,504.19000244140625,33642
2026-06-29 14:48:00+00:00,504.2749938964844,505.7900085449219,503.70001220703125,504.2850036621094,45407
2026-06-29 14:49:00+00:00,504.2799987792969,506.7298889160156,504.0801086425781,505.8699951171875,57281
2026-06-29 14:50:00+00:00,506.1507873535156,508.8699951171875,505.7850036621094,508.260009765625,79163
2026-06-29 14:51:00+00:00,508.2449951171875,508.80999755859375,507.3800048828125,508.0199890136719,55705
2026-06-29 14:52:00+00:00,508.19000244140625,508.6400146484375,507.0799865722656,507.2200012207031,38097
2026-06-29 14:53:00+00:00,507.2300109863281,508.79998779296875,506.010009765625,507.95001220703125,38873
2026-06-29 14:54:00+00:00,508.3999938964844,509.45001220703125,507.68499755859375,509.06500244140625,51452
2026-06-29 14:55:00+00:00,508.80999755859375,511.6499938964844,508.20001220703125,511.6499938964844,92226
2026-06-29 14:56:00+00:00,511.82000732421875,513.4000244140625,511.8100891113281,513.35498046875,91061
2026-06-29 14:57:00+00:00,513.2100219726562,514.3599853515625,512.510009765625,513.239990234375,74579
2026-06-29 14:58:00+00:00,513.280029296875,513.9998779296875,511.510009765625,511.9800109863281,62682
2026-06-29 14:59:00+00:00,512.1500244140625,514.6798706054688,511.6499938964844,514.5150146484375,71828
2026-06-29 15:00:00+00:00,514.3599853515625,515.0,512.6701049804688,514.4450073242188,74977
2026-06-29 15:01:00+00:00,514.2999877929688,515.9149780273438,513.2999877929688,515.8499755859375,73922
2026-06-29 15:02:00+00:00,515.5999755859375,516.4000244140625,514.9500122070312,515.6749877929688,116769
2026-06-29 15:03:00+00:00,515.6900024414062,515.989990234375,514.3599853515625,515.4650268554688,42384
2026-06-29 15:04:00+00:00,515.239990234375,515.239990234375,513.3499755859375,513.6799926757812,45262
2026-06-29 15:05:00+00:00,513.5800170898438,515.3958129882812,513.1801147460938,514.1199951171875,59840
2026-06-29 15:06:00+00:00,513.9450073242188,514.4099731445312,512.4600219726562,513.260009765625,91505
2026-06-29 15:07:00+00:00,513.2550048828125,514.489990234375,512.75,513.905029296875,63813
2026-06-29 15:08:00+00:00,514.3350219726562,515.7000122070312,513.875,515.7000122070312,56163
2026-06-29 15:09:00+00:00,515.5800170898438,516.0,514.8300170898438,515.3900146484375,41151
2026-06-29 15:10:00+00:00,515.7899780273438,516.7999877929688,515.0089721679688,516.4199829101562,89659
2026-06-29 15:11:00+00:00,516.47998046875,517.5,515.8800048828125,516.2949829101562,67249
2026-06-29 15:12:00+00:00,516.4547119140625,517.2100219726562,515.2429809570312,517.010009765625,135415
2026-06-29 15:13:00+00:00,517.2100219726562,517.77001953125,516.4000244140625,516.9199829101562,54319
2026-06-29 15:14:00+00:00,516.969970703125,519.9600219726562,516.6300048828125,519.7349853515625,110018
2026-06-29 15:15:00+00:00,519.9500122070312,522.6199951171875,519.739990234375,522.3200073242188,121811
2026-06-29 15:16:00+00:00,522.4600219726562,523.0800170898438,521.5700073242188,522.2550048828125,130127
2026-06-29 15:17:00+00:00,522.2949829101562,522.4600219726562,521.6300048828125,522.2150268554688,67907
2026-06-29 15:18:00+00:00,522.2249755859375,522.2999877929688,520.75,520.9299926757812,61561
2026-06-29 15:19:00+00:00,520.9949951171875,521.1099853515625,519.2999877929688,520.7498779296875,76997
2026-06-29 15:20:00+00:00,520.4749755859375,521.4699096679688,520.1400146484375,520.77001953125,58422
2026-06-29 15:21:00+00:00,521.0,522.72998046875,521.0,522.2550048828125,101128
2026-06-29 15:22:00+00:00,522.2849731445312,523.219970703125,519.5,521.1950073242188,95789
2026-06-29 15:23:00+00:00,520.7459716796875,521.0399780273438,518.1599731445312,518.3060913085938,58075
2026-06-29 15:24:00+00:00,518.0599975585938,518.760009765625,517.2100219726562,517.9199829101562,64118
2026-06-29 15:25:00+00:00,518.3900146484375,519.72998046875,517.969970703125,519.4299926757812,41174
2026-06-29 15:26:00+00:00,519.4299926757812,521.0,519.1099853515625,520.6699829101562,41640
2026-06-29 15:27:00+00:00,520.8499755859375,521.4600219726562,520.47998046875,521.2750244140625,39921
2026-06-29 15:28:00+00:00,521.0900268554688,522.0499877929688,520.7501220703125,521.8400268554688,69010
2026-06-29 15:29:00+00:00,521.7949829101562,522.77001953125,521.6400756835938,522.3101196289062,43481
2026-06-29 15:30:00+00:00,522.5800170898438,524.0,522.468994140625,523.1799926757812,83448
2026-06-29 15:31:00+00:00,523.2100219726562,523.2100219726562,521.3300170898438,521.7949829101562,43178
2026-06-29 15:32:00+00:00,521.5399780273438,522.5,521.3499755859375,521.625,39359
2026-06-29 15:33:00+00:00,521.8499755859375,521.9899291992188,520.7000732421875,521.3599853515625,38085
2026-06-29 15:34:00+00:00,521.2349853515625,521.8699951171875,521.0601196289062,521.5,21073
2026-06-29 15:35:00+00:00,521.0999755859375,521.0999755859375,519.2301025390625,520.281005859375,47539
2026-06-29 15:36:00+00:00,520.2449951171875,521.5,519.9349975585938,521.1600952148438,54264
2026-06-29 15:37:00+00:00,521.1500244140625,522.9000244140625,521.1500244140625,522.5900268554688,46446
2026-06-29 15:38:00+00:00,522.5900268554688,523.3150024414062,522.1010131835938,522.3150024414062,46651
2026-06-29 15:39:00+00:00,522.3250122070312,523.5,522.0999755859375,523.5,45500
2026-06-29 15:40:00+00:00,523.5599975585938,524.3099975585938,522.9849853515625,523.8599853515625,54270
2026-06-29 15:41:00+00:00,524.0599975585938,524.5999755859375,523.5800170898438,524.5999755859375,55583
2026-06-29 15:42:00+00:00,524.5999755859375,524.989990234375,524.2100219726562,524.4998779296875,47068
2026-06-29 15:43:00+00:00,524.4000244140625,525.2399291992188,523.9099731445312,524.8538818359375,99533
2026-06-29 15:44:00+00:00,525.0800170898438,525.5114135742188,524.4000244140625,524.9998779296875,58655
2026-06-29 15:45:00+00:00,524.6950073242188,525.010009765625,524.0,524.2249755859375,62182
2026-06-29 15:46:00+00:00,524.2249755859375,524.3400268554688,522.1019897460938,522.4650268554688,64558
2026-06-29 15:47:00+00:00,522.4650268554688,523.9743041992188,522.0800170898438,523.2100219726562,36193
2026-06-29 15:48:00+00:00,523.4099731445312,523.5599975585938,522.02001953125,522.530029296875,31724
2026-06-29 15:49:00+00:00,522.6699829101562,522.760009765625,521.5800170898438,522.1851196289062,52560
2026-06-29 15:50:00+00:00,522.47998046875,523.6099853515625,522.344970703125,523.6099853515625,29373
2026-06-29 15:51:00+00:00,523.3400268554688,523.8699951171875,523.0700073242188,523.2249755859375,25992
2026-06-29 15:52:00+00:00,523.2249755859375,523.5999755859375,523.0,523.469970703125,22145
2026-06-29 15:53:00+00:00,523.6599731445312,524.4400024414062,523.530029296875,523.8300170898438,34684
2026-06-29 15:54:00+00:00,523.8917846679688,524.2999877929688,523.3499755859375,524.2310180664062,29370
2026-06-29 15:55:00+00:00,524.114990234375,524.2899780273438,523.239990234375,523.5399780273438,17064
2026-06-29 15:56:00+00:00,523.9500122070312,524.4099731445312,523.4600219726562,523.989990234375,29015
2026-06-29 15:57:00+00:00,523.7150268554688,524.1500244140625,523.010009765625,523.9400024414062,24304
2026-06-29 15:58:00+00:00,523.9400024414062,524.25,523.4749755859375,523.4749755859375,26143
2026-06-29 15:59:00+00:00,523.47998046875,524.22998046875,523.4749755859375,523.8300170898438,36536
2026-06-29 16:00:00+00:00,524.1599731445312,524.8900146484375,523.625,523.8400268554688,55245
2026-06-29 16:01:00+00:00,524.1199951171875,525.6900024414062,523.9500122070312,525.3499755859375,65422
2026-06-29 16:02:00+00:00,525.5349731445312,526.7999877929688,524.9099731445312,526.5549926757812,84021
2026-06-29 16:03:00+00:00,526.60498046875,527.469970703125,526.16357421875,527.3099975585938,81530
2026-06-29 16:04:00+00:00,527.3099975585938,528.4199829101562,526.7119750976562,527.8300170898438,73820
2026-06-29 16:05:00+00:00,527.8250122070312,528.0,526.6533203125,527.4400024414062,54074
2026-06-29 16:06:00+00:00,527.2349853515625,527.6699829101562,526.22998046875,526.239990234375,59034
2026-06-29 16:07:00+00:00,526.3699951171875,526.5,525.5999755859375,526.1300048828125,45298
2026-06-29 16:08:00+00:00,526.0001220703125,527.1699829101562,526.0001220703125,526.9500122070312,30932
2026-06-29 16:09:00+00:00,527.010009765625,527.3250122070312,526.489990234375,527.0800170898438,33960
2026-06-29 16:10:00+00:00,527.1400146484375,527.7899780273438,526.1900024414062,526.2000122070312,50021
2026-06-29 16:11:00+00:00,526.125,526.8200073242188,526.0499877929688,526.1599731445312,31992
2026-06-29 16:12:00+00:00,526.52001953125,526.5599975585938,526.0599975585938,526.1600952148438,17921
2026-06-29 16:13:00+00:00,526.1929931640625,526.3800048828125,525.6099853515625,525.7100219726562,30094
2026-06-29 16:14:00+00:00,525.7100219726562,526.8300170898438,525.7100219726562,526.8300170898438,39502
2026-06-29 16:15:00+00:00,526.844970703125,528.9500122070312,526.844970703125,528.8300170898438,62905
2026-06-29 16:16:00+00:00,528.9299926757812,529.3599853515625,528.791015625,529.219970703125,47283
2026-06-29 16:17:00+00:00,529.22998046875,529.8099975585938,527.4215698242188,527.739990234375,55165
2026-06-29 16:18:00+00:00,527.6849975585938,529.260009765625,527.6849975585938,528.510009765625,24573
2026-06-29 16:19:00+00:00,528.360107421875,528.8699951171875,528.0,528.64501953125,17265
2026-06-29 16:20:00+00:00,528.625,529.3049926757812,528.02001953125,529.1500244140625,35900
2026-06-29 16:21:00+00:00,529.1400146484375,529.4299926757812,528.6901245117188,529.0850219726562,23853
2026-06-29 16:22:00+00:00,529.0250244140625,529.8599853515625,528.4500122070312,529.8599853515625,41237
2026-06-29 16:23:00+00:00,529.8599243164062,529.9099731445312,529.1799926757812,529.3699951171875,30185
2026-06-29 16:24:00+00:00,529.1799926757812,530.0499877929688,529.0,529.9000244140625,50385
2026-06-29 16:25:00+00:00,529.9500122070312,530.2999877929688,528.3150024414062,528.7899780273438,56197
2026-06-29 16:26:00+00:00,528.9799194335938,529.305419921875,528.2899780273438,528.56787109375,27488
2026-06-29 16:27:00+00:00,528.2097778320312,530.0,528.110107421875,529.8049926757812,32960
2026-06-29 16:28:00+00:00,529.8150024414062,530.1699829101562,529.5100708007812,529.5999755859375,26863
2026-06-29 16:29:00+00:00,529.5294189453125,529.780029296875,528.7999877929688,528.8350219726562,28404
2026-06-29 16:30:00+00:00,529.2899780273438,530.0499877929688,528.7000122070312,529.5999755859375,30921
2026-06-29 16:31:00+00:00,529.02001953125,529.8300170898438,528.594482421875,528.9199829101562,23964
2026-06-29 16:32:00+00:00,528.8699951171875,528.9249877929688,527.8200073242188,528.3364868164062,31342
2026-06-29 16:33:00+00:00,528.4849853515625,528.969970703125,528.0,528.4500122070312,25725
2026-06-29 16:34:00+00:00,528.4400024414062,530.2999877929688,528.3300170898438,529.97998046875,35690
2026-06-29 16:35:00+00:00,529.7108154296875,530.619873046875,529.4400024414062,530.39501953125,40970
2026-06-29 16:36:00+00:00,530.25,530.25,528.25,528.8200073242188,37144
2026-06-29 16:37:00+00:00,529.0349731445312,529.530029296875,528.8701171875,529.1699829101562,15572
2026-06-29 16:38:00+00:00,529.4749755859375,529.8099975585938,528.8800048828125,529.260009765625,10744
2026-06-29 16:39:00+00:00,529.47900390625,530.2999877929688,529.260009765625,530.2349853515625,36111
2026-06-29 16:40:00+00:00,530.1599731445312,530.5999755859375,529.7100830078125,530.5700073242188,32959
2026-06-29 16:41:00+00:00,530.4299926757812,531.8499755859375,530.4299926757812,531.3400268554688,63008
2026-06-29 16:42:00+00:00,531.3900146484375,531.7000122070312,531.0800170898438,531.5599975585938,21526
2026-06-29 16:43:00+00:00,531.6774291992188,532.6500244140625,531.4400024414062,531.7000122070312,64109
2026-06-29 16:44:00+00:00,531.8400268554688,532.77001953125,531.7034912109375,532.6649780273438,36319
2026-06-29 16:45:00+00:00,532.510009765625,532.8800048828125,531.7000122070312,532.385009765625,68485
2026-06-29 16:46:00+00:00,532.4099731445312,532.489990234375,531.0401000976562,531.619873046875,29975
2026-06-29 16:47:00+00:00,531.5599975585938,531.7999877929688,531.25,531.5501098632812,13820
2026-06-29 16:48:00+00:00,531.5499877929688,531.6900024414062,530.0599975585938,530.2636108398438,24533
2026-06-29 16:49:00+00:00,530.1699829101562,530.8800048828125,529.7800903320312,530.8800048828125,43612
2026-06-29 16:50:00+00:00,530.6749877929688,531.4799194335938,530.469970703125,530.85498046875,18909
2026-06-29 16:51:00+00:00,530.8499755859375,531.4099731445312,530.5,530.7999877929688,118531
2026-06-29 16:52:00+00:00,530.9099731445312,531.5,530.1801147460938,531.2899780273438,22402
2026-06-29 16:53:00+00:00,531.2069091796875,532.4600219726562,531.0999755859375,532.4600219726562,31579
2026-06-29 16:54:00+00:00,532.280029296875,532.5125122070312,531.905029296875,532.1799926757812,37979
2026-06-29 16:55:00+00:00,532.2050170898438,532.2050170898438,531.5499877929688,531.8499755859375,22476
2026-06-29 16:56:00+00:00,531.780029296875,531.780029296875,531.25,531.5250244140625,16757
2026-06-29 16:57:00+00:00,531.6799926757812,531.9500122070312,531.5399780273438,531.9500122070312,14876
2026-06-29 16:58:00+00:00,531.9400024414062,532.2799072265625,531.7899780273438,532.030029296875,22275
2026-06-29 16:59:00+00:00,532.030029296875,532.239990234375,531.52001953125,531.5999755859375,24457
2026-06-29 17:00:00+00:00,531.7050170898438,532.8099975585938,531.6500244140625,532.6400146484375,47214
2026-06-29 17:01:00+00:00,532.6199951171875,532.7000122070312,532.010009765625,532.010009765625,21954
2026-06-29 17:02:00+00:00,532.0800170898438,533.2098999023438,531.9301147460938,532.72998046875,51954
2026-06-29 17:03:00+00:00,532.75,533.2100219726562,532.4010009765625,533.2000122070312,28196
2026-06-29 17:04:00+00:00,533.0999755859375,533.0999755859375,532.5999755859375,532.6967163085938,23344
2026-06-29 17:05:00+00:00,532.6199951171875,532.9199829101562,532.3699951171875,532.8773803710938,16670
2026-06-29 17:06:00+00:00,532.7650146484375,532.889892578125,531.8099975585938,532.239990234375,17850
2026-06-29 17:07:00+00:00,532.1500244140625,532.3634033203125,531.7000122070312,531.8499755859375,19079
2026-06-29 17:08:00+00:00,532.0,532.6199951171875,531.8201293945312,532.14501953125,29246
2026-06-29 17:09:00+00:00,532.114990234375,532.739990234375,532.114990234375,532.5,18620
2026-06-29 17:10:00+00:00,532.72998046875,533.0,532.1599731445312,532.7999877929688,45967
2026-06-29 17:11:00+00:00,532.77001953125,533.3596801757812,532.5800170898438,533.2899780273438,24236
2026-06-29 17:12:00+00:00,533.0549926757812,534.1900024414062,532.5,533.75,39093
2026-06-29 17:13:00+00:00,533.7899780273438,534.8800048828125,533.7150268554688,534.8798828125,37556
2026-06-29 17:14:00+00:00,534.75,534.8800048828125,533.8599853515625,534.4949951171875,33786
2026-06-29 17:15:00+00:00,534.6599731445312,537.0,534.5499877929688,536.6500244140625,201080
2026-06-29 17:16:00+00:00,536.8400268554688,537.9199829101562,535.541015625,535.6799926757812,154566
2026-06-29 17:17:00+00:00,535.6799926757812,536.2100219726562,535.6099853515625,535.97998046875,33018
2026-06-29 17:18:00+00:00,535.8574829101562,536.39990234375,535.6900024414062,536.1099853515625,18016
2026-06-29 17:19:00+00:00,536.155029296875,537.489990234375,536.155029296875,536.9155883789062,56415
2026-06-29 17:20:00+00:00,536.8300170898438,537.72998046875,536.3200073242188,537.5399780273438,42424
2026-06-29 17:21:00+00:00,537.64501953125,537.7899780273438,536.8275146484375,537.1799926757812,81733
2026-06-29 17:22:00+00:00,536.780029296875,537.5650024414062,536.3200073242188,537.25,43066
2026-06-29 17:23:00+00:00,536.8400268554688,537.75,536.8200073242188,537.6900024414062,43955
2026-06-29 17:24:00+00:00,537.5,538.6799926757812,536.6099853515625,536.8099975585938,121990
2026-06-29 17:25:00+00:00,537.25,537.719970703125,536.5181884765625,537.47998046875,38335
2026-06-29 17:26:00+00:00,537.6900024414062,540.989990234375,537.5999755859375,540.9000244140625,141910
2026-06-29 17:27:00+00:00,540.7100830078125,542.0999755859375,540.4099731445312,541.3300170898438,171034
2026-06-29 17:28:00+00:00,541.3300170898438,542.1900024414062,541.2000122070312,541.8468017578125,51415
2026-06-29 17:29:00+00:00,541.9450073242188,542.1799926757812,541.1400146484375,541.5499877929688,94257
2026-06-29 17:30:00+00:00,541.3099975585938,542.1699829101562,541.1500244140625,541.364990234375,43576
2026-06-29 17:31:00+00:00,541.364990234375,541.7249755859375,540.8701171875,541.489990234375,44056
2026-06-29 17:32:00+00:00,541.45751953125,541.45751953125,538.0,538.2849731445312,74718
2026-06-29 17:33:00+00:00,538.0,538.5684814453125,536.3189697265625,536.7949829101562,67610
2026-06-29 17:34:00+00:00,536.969970703125,537.5,536.6199951171875,536.9500122070312,42765
2026-06-29 17:35:00+00:00,536.9500122070312,538.2249755859375,536.5001220703125,537.8250122070312,38065
2026-06-29 17:36:00+00:00,538.0800170898438,539.4199829101562,537.8599853515625,539.1799926757812,35607
2026-06-29 17:37:00+00:00,539.2550048828125,539.469970703125,538.739990234375,539.0399780273438,23573
2026-06-29 17:38:00+00:00,539.0399780273438,539.2498779296875,538.5900268554688,538.6699829101562,21357
2026-06-29 17:39:00+00:00,538.6699829101562,538.9299926757812,538.375,538.469970703125,18794
2026-06-29 17:40:00+00:00,538.6900024414062,538.6900024414062,536.8900146484375,537.22998046875,41962
2026-06-29 17:41:00+00:00,537.260009765625,537.9500122070312,537.219970703125,537.4199829101562,19664
2026-06-29 17:42:00+00:00,537.4450073242188,538.4799194335938,537.4400024414062,538.0,43055
2026-06-29 17:43:00+00:00,538.1400146484375,538.1400146484375,537.510009765625,537.760009765625,37050
2026-06-29 17:44:00+00:00,537.6799926757812,538.173583984375,537.1300048828125,537.3800048828125,33712
2026-06-29 17:45:00+00:00,537.2501220703125,537.739990234375,536.8350219726562,537.625,35983
2026-06-29 17:46:00+00:00,537.4299926757812,537.77001953125,536.969970703125,537.1799926757812,23288
2026-06-29 17:47:00+00:00,537.1798706054688,537.4899291992188,536.8599853515625,537.1749877929688,20674
2026-06-29 17:48:00+00:00,537.177490234375,537.7999877929688,536.9000244140625,537.739990234375,18464
2026-06-29 17:49:00+00:00,537.5900268554688,537.9000244140625,537.0374755859375,537.77001953125,35066
2026-06-29 17:50:00+00:00,537.6400146484375,537.6400146484375,537.0599975585938,537.3200073242188,26626
2026-06-29 17:51:00+00:00,537.3200073242188,538.010009765625,537.0900268554688,537.5499877929688,47138
2026-06-29 17:52:00+00:00,537.510009765625,539.280029296875,537.510009765625,539.1300048828125,86188
2026-06-29 17:53:00+00:00,539.0037841796875,539.7999877929688,539.0037841796875,539.7999877929688,44054
2026-06-29 17:54:00+00:00,539.739990234375,540.1298828125,539.3200073242188,539.8250122070312,40006
2026-06-29 17:55:00+00:00,539.8250122070312,540.489990234375,539.7415161132812,540.280029296875,36948
2026-06-29 17:56:00+00:00,540.1119995117188,540.2849731445312,539.9500122070312,540.0850219726562,24607
2026-06-29 17:57:00+00:00,540.219970703125,540.75,538.6300048828125,539.0800170898438,60830
2026-06-29 17:58:00+00:00,539.0800170898438,539.2100219726562,538.1799926757812,538.7999877929688,32432
2026-06-29 17:59:00+00:00,538.7849731445312,540.4600219726562,538.7849731445312,540.0150146484375,46187
2026-06-29 18:00:00+00:00,540.02001953125,540.72998046875,539.5999755859375,539.75,92961
2026-06-29 18:01:00+00:00,539.77001953125,540.75,539.2949829101562,540.6900024414062,44592
2026-06-29 18:02:00+00:00,540.7000122070312,541.676025390625,540.6649780273438,541.1004028320312,79319
2026-06-29 18:03:00+00:00,541.344970703125,541.5999755859375,540.10009765625,540.3599853515625,45282
2026-06-29 18:04:00+00:00,540.0999755859375,540.4699096679688,539.4199829101562,539.4400024414062,31540
2026-06-29 18:05:00+00:00,539.4400024414062,540.1199951171875,539.4400024414062,539.9849853515625,34424
2026-06-29 18:06:00+00:00,539.9849853515625,540.01611328125,539.27001953125,539.989990234375,21654
2026-06-29 18:07:00+00:00,539.6199951171875,540.5,539.6199951171875,540.5,27582
2026-06-29 18:08:00+00:00,540.219970703125,540.399169921875,539.7000122070312,540.0800170898438,27774
2026-06-29 18:09:00+00:00,540.030029296875,540.1599731445312,539.260009765625,539.5449829101562,21800
2026-06-29 18:10:00+00:00,539.6749877929688,539.8189697265625,539.25,539.2999877929688,13696
2026-06-29 18:11:00+00:00,539.260009765625,539.5499877929688,539.0401000976562,539.280029296875,28728
2026-06-29 18:12:00+00:00,539.4000244140625,539.7949829101562,539.0999755859375,539.47998046875,15179
2026-06-29 18:13:00+00:00,539.9899291992188,539.9899291992188,539.5700073242188,539.5999755859375,15676
2026-06-29 18:14:00+00:00,539.7150268554688,539.8499145507812,539.27001953125,539.3441772460938,9559
2026-06-29 18:15:00+00:00,539.3800048828125,539.7899780273438,539.25,539.6599731445312,19315
2026-06-29 18:16:00+00:00,539.8099975585938,540.0599975585938,538.8800048828125,539.1890258789062,37778
2026-06-29 18:17:00+00:00,539.0889892578125,539.9699096679688,539.0,539.10498046875,24772
2026-06-29 18:18:00+00:00,539.4099731445312,539.8300170898438,539.02001953125,539.5800170898438,13338
2026-06-29 18:19:00+00:00,539.5999755859375,540.7498779296875,539.5999755859375,540.010009765625,79751
2026-06-29 18:20:00+00:00,539.857177734375,539.8796997070312,538.45947265625,539.52001953125,20906
2026-06-29 18:21:00+00:00,539.6900024414062,539.89990234375,538.969970703125,539.0599975585938,17673
2026-06-29 18:22:00+00:00,539.22998046875,539.6849975585938,539.0001220703125,539.2999877929688,159632
2026-06-29 18:23:00+00:00,539.130126953125,539.3399047851562,538.97998046875,538.97998046875,11944
2026-06-29 18:24:00+00:00,538.8400268554688,539.0899047851562,538.4099731445312,538.6300048828125,8577
2026-06-29 18:25:00+00:00,538.5,538.7999267578125,537.7000122070312,537.7239990234375,42579
2026-06-29 18:26:00+00:00,537.8599853515625,538.2000122070312,537.77001953125,537.77001953125,22094
2026-06-29 18:27:00+00:00,537.8499755859375,538.0698852539062,537.27001953125,537.6199951171875,19503
2026-06-29 18:28:00+00:00,537.5,537.7899780273438,537.1500854492188,537.3200073242188,20278
2026-06-29 18:29:00+00:00,537.3400268554688,537.4598999023438,537.0,537.1849975585938,33260
2026-06-29 18:30:00+00:00,537.1500244140625,537.7999877929688,537.02001953125,537.6199951171875,22697
2026-06-29 18:31:00+00:00,537.4600219726562,538.1998901367188,537.2899780273438,537.892822265625,29178
2026-06-29 18:32:00+00:00,538.0,539.0499877929688,537.969970703125,538.7899780273438,24111
2026-06-29 18:33:00+00:00,538.9998779296875,539.0789794921875,538.5700073242188,538.905029296875,13936
2026-06-29 18:34:00+00:00,539.0800170898438,539.0800170898438,538.6599731445312,538.905029296875,12357
2026-06-29 18:35:00+00:00,538.9739990234375,539.47998046875,538.510009765625,538.5599975585938,29236
2026-06-29 18:36:00+00:00,538.7481079101562,540.0,538.5100708007812,539.760009765625,29780
2026-06-29 18:37:00+00:00,539.9899291992188,540.0,538.7000122070312,538.8499755859375,38754
2026-06-29 18:38:00+00:00,538.7750244140625,538.8499755859375,538.1300048828125,538.760009765625,16976
2026-06-29 18:39:00+00:00,538.760009765625,539.3375244140625,538.760009765625,539.3375244140625,11385
2026-06-29 18:40:00+00:00,539.3300170898438,540.5700073242188,539.3300170898438,540.5700073242188,42637
2026-06-29 18:41:00+00:00,540.5900268554688,541.1099853515625,539.8297729492188,539.8297729492188,43470
2026-06-29 18:42:00+00:00,539.8499755859375,540.0,539.4996948242188,539.5999755859375,20116
2026-06-29 18:43:00+00:00,539.6300048828125,539.8699951171875,539.4401245117188,539.5001220703125,9935
2026-06-29 18:44:00+00:00,539.8599853515625,540.3599853515625,539.780029296875,540.2249755859375,16784
2026-06-29 18:45:00+00:00,540.2249755859375,540.5299072265625,540.0599975585938,540.3699951171875,27741
2026-06-29 18:46:00+00:00,540.5900268554688,540.8300170898438,539.4401245117188,539.469970703125,52422
2026-06-29 18:47:00+00:00,539.4400024414062,540.489990234375,539.02001953125,539.669921875,74317
2026-06-29 18:48:00+00:00,539.25,540.6099853515625,538.8400268554688,540.6099853515625,38855
2026-06-29 18:49:00+00:00,540.3029174804688,540.469970703125,539.530029296875,539.530029296875,20920
2026-06-29 18:50:00+00:00,539.5609741210938,539.9699096679688,538.52001953125,538.5999755859375,26928
2026-06-29 18:51:00+00:00,538.5900268554688,538.97998046875,538.1900024414062,538.9299926757812,17721
2026-06-29 18:52:00+00:00,539.0,539.9000244140625,538.1900024414062,538.760009765625,43734
2026-06-29 18:53:00+00:00,538.7000122070312,539.2100219726562,538.530029296875,538.8499755859375,17899
2026-06-29 18:54:00+00:00,539.0250244140625,539.7000122070312,538.72998046875,539.5798950195312,23518
2026-06-29 18:55:00+00:00,539.0800170898438,539.3798828125,538.75,539.1300048828125,22213
2026-06-29 18:56:00+00:00,539.0399780273438,539.0399780273438,538.2100219726562,538.5449829101562,18784
2026-06-29 18:57:00+00:00,538.4500122070312,538.52001953125,537.469970703125,537.8200073242188,26939
2026-06-29 18:58:00+00:00,537.7100830078125,538.0,537.4089965820312,537.9149780273438,18868
2026-06-29 18:59:00+00:00,537.969970703125,538.1400146484375,537.35009765625,537.510009765625,15889
2026-06-29 19:00:00+00:00,537.6599731445312,537.7449951171875,537.1799926757812,537.5836791992188,31394
2026-06-29 19:01:00+00:00,537.5800170898438,538.4099731445312,537.27001953125,537.8010864257812,47184
2026-06-29 19:02:00+00:00,538.25,538.2849731445312,536.6199951171875,536.89501953125,35191
2026-06-29 19:03:00+00:00,536.97998046875,537.0,536.0499877929688,536.1900024414062,35460
2026-06-29 19:04:00+00:00,536.2239990234375,536.489990234375,535.5499877929688,535.5499877929688,26145
2026-06-29 19:05:00+00:00,535.52001953125,536.2000122070312,535.0800170898438,536.1799926757812,41663
2026-06-29 19:06:00+00:00,536.219970703125,536.8049926757812,535.5349731445312,536.5300903320312,37209
2026-06-29 19:07:00+00:00,536.6900024414062,537.9199829101562,536.5300903320312,537.5599975585938,29100
2026-06-29 19:08:00+00:00,537.52001953125,537.5800170898438,537.0700073242188,537.4400024414062,18478
2026-06-29 19:09:00+00:00,537.2374877929688,537.3049926757812,536.760009765625,536.9849853515625,19725
2026-06-29 19:10:00+00:00,537.1005249023438,537.2899169921875,536.2949829101562,537.0800170898438,31099
2026-06-29 19:11:00+00:00,537.0399780273438,537.1890258789062,536.2750244140625,536.2951049804688,25784
2026-06-29 19:12:00+00:00,536.3800048828125,536.739990234375,535.8099975585938,535.8699951171875,22414
2026-06-29 19:13:00+00:00,535.8699951171875,536.02001953125,535.5549926757812,535.8049926757812,24350
2026-06-29 19:14:00+00:00,535.5800170898438,536.0184936523438,535.280029296875,535.760009765625,29580
2026-06-29 19:15:00+00:00,535.7849731445312,536.3200073242188,535.2899780273438,535.9099731445312,26737
2026-06-29 19:16:00+00:00,536.0598754882812,536.5913696289062,535.82958984375,536.5913696289062,26665
2026-06-29 19:17:00+00:00,536.380126953125,536.6500244140625,535.89501953125,536.1400146484375,24477
2026-06-29 19:18:00+00:00,536.1400146484375,536.7799072265625,536.0100708007812,536.6900024414062,70389
2026-06-29 19:19:00+00:00,536.6500244140625,536.780029296875,536.2550048828125,536.3200073242188,33814
2026-06-29 19:20:00+00:00,536.5,537.2399291992188,536.4249877929688,536.9996948242188,31034
2026-06-29 19:21:00+00:00,537.10498046875,537.52001953125,536.8200073242188,537.2000122070312,34357
2026-06-29 19:22:00+00:00,537.2000122070312,538.0,537.2000122070312,537.9099731445312,36375
2026-06-29 19:23:00+00:00,537.989990234375,538.247314453125,537.3499755859375,537.5850219726562,31803
2026-06-29 19:24:00+00:00,537.469970703125,537.5050048828125,537.0,537.0,21862
2026-06-29 19:25:00+00:00,536.989990234375,537.5050048828125,536.75,537.1799926757812,34068
2026-06-29 19:26:00+00:00,537.2150268554688,537.2150268554688,536.3900146484375,536.4099731445312,22068
2026-06-29 19:27:00+00:00,536.6199951171875,536.760009765625,536.3101196289062,536.3101196289062,16900
2026-06-29 19:28:00+00:00,536.4600219726562,536.75,536.3049926757812,536.6099853515625,18329
2026-06-29 19:29:00+00:00,536.7399291992188,537.0,536.5,536.7899780273438,28975
2026-06-29 19:30:00+00:00,536.9400024414062,537.4481811523438,536.0,536.1900024414062,36718
2026-06-29 19:31:00+00:00,536.2100219726562,537.3800048828125,535.75,536.260009765625,63069
2026-06-29 19:32:00+00:00,536.25,536.7100219726562,536.0599975585938,536.2000122070312,30325
2026-06-29 19:33:00+00:00,536.239990234375,536.635009765625,536.0700073242188,536.489990234375,22503
2026-06-29 19:34:00+00:00,536.489990234375,536.9298706054688,536.1799926757812,536.35498046875,42456
2026-06-29 19:35:00+00:00,536.3099975585938,537.2999267578125,536.3099975585938,536.85498046875,36163
2026-06-29 19:36:00+00:00,536.9000244140625,537.1099853515625,536.4000854492188,537.0800170898438,24372
2026-06-29 19:37:00+00:00,537.1699829101562,537.5003051757812,536.55810546875,536.780029296875,31206
2026-06-29 19:38:00+00:00,537.0,537.27001953125,536.6300048828125,536.6300048828125,25132
2026-06-29 19:39:00+00:00,536.7000122070312,537.6300048828125,536.630126953125,537.60498046875,35057
2026-06-29 19:40:00+00:00,537.5449829101562,538.5599975585938,537.5100708007812,538.0399780273438,66553
2026-06-29 19:41:00+00:00,538.0036010742188,538.1799926757812,537.3140258789062,537.6400146484375,22461
2026-06-29 19:42:00+00:00,537.3900146484375,537.489990234375,536.346923828125,536.489990234375,30335
2026-06-29 19:43:00+00:00,536.6950073242188,536.9199829101562,536.3499755859375,536.655029296875,21988
2026-06-29 19:44:00+00:00,536.7899780273438,537.6849975585938,536.7000122070312,537.2000122070312,146001
2026-06-29 19:45:00+00:00,537.0599975585938,537.75,536.6699829101562,537.260009765625,36367
2026-06-29 19:46:00+00:00,537.3350219726562,537.739990234375,537.1900024414062,537.1900024414062,25819
2026-06-29 19:47:00+00:00,537.4000244140625,537.605712890625,536.530029296875,536.530029296875,33972
2026-06-29 19:48:00+00:00,536.614990234375,537.4500122070312,536.489990234375,536.6849975585938,39860
2026-06-29 19:49:00+00:00,536.8499755859375,537.6701049804688,536.760009765625,537.4099731445312,36931
2026-06-29 19:50:00+00:00,537.35498046875,537.52001953125,536.0,536.4199829101562,69626
2026-06-29 19:51:00+00:00,536.3699951171875,537.219970703125,536.3699951171875,537.0800170898438,54170
2026-06-29 19:52:00+00:00,537.219970703125,537.8800048828125,536.9600219726562,537.030029296875,64204
2026-06-29 19:53:00+00:00,537.030029296875,537.6300048828125,536.8099975585938,537.4349975585938,71045
2026-06-29 19:54:00+00:00,537.2999877929688,537.9500122070312,537.0999755859375,537.5999755859375,75461
2026-06-29 19:55:00+00:00,537.8699951171875,539.1699829101562,537.5700073242188,537.8200073242188,181797
2026-06-29 19:56:00+00:00,537.75,538.0900268554688,537.260009765625,537.469970703125,91404
2026-06-29 19:57:00+00:00,537.4400024414062,538.3900146484375,537.4400024414062,538.1500244140625,128789
2026-06-29 19:58:00+00:00,538.14501953125,539.4400024414062,538.14501953125,539.4400024414062,218127
2026-06-29 19:59:00+00:00,539.4000244140625,540.2999877929688,539.0750122070312,539.5599975585938,629114
2026-06-29 20:00:00+00:00,539.02,539.69,538.12,539.29,0
2026-06-29 20:01:00+00:00,539.29,540.0,539.28,539.71,0
2026-06-29 20:02:00+00:00,539.85,541.0003,539.28,540.5,0
2026-06-29 20:03:00+00:00,540.71,540.88,540.0,540.77,0
2026-06-29 20:04:00+00:00,540.0,540.7,539.49,540.19,0
2026-06-29 20:05:00+00:00,540.35,540.38,539.0,539.7572,0
2026-06-29 20:06:00+00:00,539.6,539.6,539.0,539.065,0
2026-06-29 20:07:00+00:00,539.3,539.85,539.0,539.57,0
2026-06-29 20:08:00+00:00,539.97,539.97,539.15,539.15,0
2026-06-29 20:09:00+00:00,539.69,539.69,539.2,539.445,0
2026-06-29 20:10:00+00:00,539.49,539.6,539.3,539.3,0
2026-06-29 20:11:00+00:00,539.33,539.69,512.625,539.16,0
2026-06-29 20:12:00+00:00,539.15,539.5,539.15,539.33,0
2026-06-29 20:13:00+00:00,539.16,539.5,539.15,539.17,0
2026-06-29 20:14:00+00:00,539.17,539.5,539.15,539.15,0
2026-06-29 20:15:00+00:00,539.325,539.5,538.52,538.77,0
2026-06-29 20:16:00+00:00,538.664,538.9797,538.5,538.5,0
2026-06-29 20:17:00+00:00,538.17,539.15,538.17,538.25,0
2026-06-29 20:18:00+00:00,539.0,539.0,538.2512,538.2512,0
2026-06-29 20:19:00+00:00,538.62,539.19,538.17,538.18,0
2026-06-29 20:20:00+00:00,538.69,539.29,538.18,538.18,0
2026-06-29 20:21:00+00:00,538.51,539.33,538.5,539.01,0
2026-06-29 20:22:00+00:00,538.8,539.2234,538.51,538.78,0
2026-06-29 20:23:00+00:00,539.0,539.0,538.51,538.6,0
2026-06-29 20:24:00+00:00,538.63,539.33,538.5,538.76,0
2026-06-29 20:25:00+00:00,538.6986,539.33,538.5,538.915,0
2026-06-29 20:26:00+00:00,538.7703,539.3092,538.5,539.3092,0
2026-06-29 20:27:00+00:00,538.55,538.6831,538.3,538.3,0
2026-06-29 20:28:00+00:00,538.33,538.635,538.12,538.31,0
2026-06-29 20:29:00+00:00,538.25,538.635,538.0,538.26,0
2026-06-29 20:30:00+00:00,538.27,539.15,538.0,539.15,0
2026-06-29 20:31:00+00:00,538.4,538.675,538.2,538.2,0
2026-06-29 20:32:00+00:00,538.2,538.3,538.0,538.0,0
2026-06-29 20:33:00+00:00,538.01,538.41,537.9,538.3235,0
2026-06-29 20:34:00+00:00,538.04,538.41,538.0,538.1268,0
2026-06-29 20:35:00+00:00,538.2,538.41,538.0,538.01,0
2026-06-29 20:36:00+00:00,538.1301,538.4099,537.95,538.4099,0
2026-06-29 20:37:00+00:00,538.0,538.0,537.5,537.81,0
2026-06-29 20:38:00+00:00,537.9,538.0,537.5,537.73,0
2026-06-29 20:39:00+00:00,537.8293,537.95,537.5,537.89,0
2026-06-29 20:40:00+00:00,537.87,537.89,537.5,537.8,0
2026-06-29 20:41:00+00:00,537.75,538.0,537.0,537.0,0
2026-06-29 20:42:00+00:00,537.9,538.09,537.25,538.09,0
2026-06-29 20:43:00+00:00,538.0,538.64,538.0,538.29,0
2026-06-29 20:44:00+00:00,538.29,538.345,537.25,538.29,0
2026-06-29 20:45:00+00:00,538.28,538.29,538.0,538.24,0
2026-06-29 20:46:00+00:00,537.945,538.5,537.25,537.25,0
2026-06-29 20:47:00+00:00,537.86,538.1667,537.26,538.1243,0
2026-06-29 20:48:00+00:00,537.95,538.13,537.32,537.32,0
2026-06-29 20:49:00+00:00,538.11,538.4669,537.8467,538.0,0
2026-06-29 20:50:00+00:00,537.88,538.24,537.75,538.05,0
2026-06-29 20:51:00+00:00,537.75,538.11,537.0375,538.0,0
2026-06-29 20:52:00+00:00,537.99,538.0,537.5,538.0,0
2026-06-29 20:53:00+00:00,537.6,537.8,537.19,537.5,0
2026-06-29 20:54:00+00:00,537.595,537.7,537.32,537.32,0
2026-06-29 20:55:00+00:00,537.54,537.85,537.05,537.62,0
2026-06-29 20:56:00+00:00,537.69,537.69,537.3,537.49,0
2026-06-29 20:57:00+00:00,537.49,537.85,537.1,537.39,0
2026-06-29 20:58:00+00:00,537.39,537.6,537.1,537.425,0
2026-06-29 20:59:00+00:00,537.37,537.7,537.0,537.425,0
2026-06-29 21:00:00+00:00,537.1943,537.7395,537.0,537.2,0
2026-06-29 21:01:00+00:00,537.2,537.85,537.2,537.22,0
2026-06-29 21:02:00+00:00,537.2845,537.85,537.2845,537.625,0
2026-06-29 21:03:00+00:00,537.7,537.7,537.4001,537.4001,0
2026-06-29 21:04:00+00:00,537.8387,537.8387,537.4,537.625,0
2026-06-29 21:05:00+00:00,537.4,537.625,537.4,537.625,0
2026-06-29 21:06:00+00:00,537.476,537.8045,537.476,537.57,0
2026-06-29 21:07:00+00:00,537.5641,537.85,537.5,537.675,0
2026-06-29 21:08:00+00:00,537.6,537.8488,537.6,537.675,0
2026-06-29 21:09:00+00:00,537.5,539.49,537.06,537.455,0
2026-06-29 21:10:00+00:00,537.1627,537.455,537.06,537.06,0
2026-06-29 21:11:00+00:00,539.49,539.49,537.06,537.455,0
2026-06-29 21:12:00+00:00,537.1627,537.43,537.06,537.43,0
2026-06-29 21:13:00+00:00,537.13,539.49,537.01,539.49,0
2026-06-29 21:14:00+00:00,537.425,537.425,537.0,537.1847,0
2026-06-29 21:15:00+00:00,537.405,537.405,537.06,537.06,0
2026-06-29 21:16:00+00:00,537.1955,537.85,537.1955,537.7473,0
2026-06-29 21:17:00+00:00,537.33,537.8302,537.1811,537.218,0
2026-06-29 21:18:00+00:00,537.34,537.497,537.34,537.367,0
2026-06-29 21:19:00+00:00,537.4,537.835,537.25,537.55,0
2026-06-29 21:20:00+00:00,537.7546,537.7546,537.3254,537.3254,0
2026-06-29 21:21:00+00:00,537.39,537.7546,537.25,537.7546,0
2026-06-29 21:22:00+00:00,537.33,537.83,537.2645,537.2645,0
2026-06-29 21:23:00+00:00,537.54,537.7,537.3254,537.54,0
2026-06-29 21:24:00+00:00,537.54,537.63,537.25,537.63,0
2026-06-29 21:25:00+00:00,537.7,537.85,537.54,537.695,0
2026-06-29 21:26:00+00:00,537.695,537.8097,537.5967,537.8097,0
2026-06-29 21:27:00+00:00,537.54,537.5915,537.54,537.55,0
2026-06-29 21:28:00+00:00,537.54,537.55,537.25,537.55,0
2026-06-29 21:29:00+00:00,537.5,537.55,537.25,537.4,0
2026-06-29 21:30:00+00:00,537.7,537.7,537.4,537.6,0
2026-06-29 21:31:00+00:00,537.85,537.85,537.4,537.625,0
2026-06-29 21:32:00+00:00,537.625,537.625,537.4,537.5,0
2026-06-29 21:33:00+00:00,537.5,537.6,537.25,537.3952,0
2026-06-29 21:34:00+00:00,537.376,537.595,537.2695,537.4642,0
2026-06-29 21:35:00+00:00,537.85,537.85,537.25,537.33,0
2026-06-29 21:36:00+00:00,537.55,537.835,537.25,537.41,0
2026-06-29 21:37:00+00:00,537.55,537.6,537.25,537.55,0
2026-06-29 21:38:00+00:00,537.6,537.85,537.25,537.6,0
2026-06-29 21:39:00+00:00,537.33,537.85,537.25,537.85,0
2026-06-29 21:40:00+00:00,537.25,537.85,537.25,537.5,0
2026-06-29 21:41:00+00:00,537.5001,537.8412,537.5,537.6,0
2026-06-29 21:42:00+00:00,537.8412,537.8412,537.5,537.5,0
2026-06-29 21:43:00+00:00,537.85,537.85,537.5,537.5087,0
2026-06-29 21:44:00+00:00,537.6474,538.01,537.6474,538.01,0
2026-06-29 21:45:00+00:00,538.6765,538.7762,538.14,538.18,0
2026-06-29 21:46:00+00:00,538.15,538.8,537.94,538.01,0
2026-06-29 21:47:00+00:00,538.8,538.8,538.0,538.0,0
2026-06-29 21:48:00+00:00,538.0,538.7503,538.0,538.01,0
2026-06-29 21:49:00+00:00,538.05,538.7802,538.0,538.4,0
2026-06-29 21:50:00+00:00,538.6,538.6,538.07,538.4,0
2026-06-29 21:51:00+00:00,538.41,538.8,538.4,538.8,0
2026-06-29 21:52:00+00:00,538.0,538.375,538.0,538.375,0
2026-06-29 21:53:00+00:00,538.375,538.41,538.375,538.41,0
2026-06-29 21:54:00+00:00,538.4895,538.4895,538.08,538.29,0
2026-06-29 21:55:00+00:00,538.08,538.4895,538.08,538.4895,0
2026-06-29 21:56:00+00:00,538.29,538.29,538.08,538.12,0
2026-06-29 21:57:00+00:00,538.24,538.4,538.08,538.134,0
2026-06-29 21:58:00+00:00,538.26,538.4,538.13,538.3493,0
2026-06-29 21:59:00+00:00,538.12,538.39,538.12,538.295,0
2026-06-29 22:00:00+00:00,538.295,538.4,537.26,537.83,0
2026-06-29 22:01:00+00:00,537.26,538.4,537.25,537.25,0
2026-06-29 22:02:00+00:00,537.99,538.3712,537.25,537.25,0
2026-06-29 22:03:00+00:00,537.4,538.0,537.2501,537.6,0
2026-06-29 22:04:00+00:00,537.825,538.4687,537.825,537.87,0
2026-06-29 22:05:00+00:00,537.88,538.7215,537.717,538.7215,0
2026-06-29 22:06:00+00:00,537.9886,538.275,537.61,537.61,0
2026-06-29 22:07:00+00:00,538.18,538.375,538.18,538.375,0
2026-06-29 22:08:00+00:00,538.5,538.7167,537.5,538.375,0
2026-06-29 22:09:00+00:00,538.375,539.0,538.11,538.75,0
2026-06-29 22:10:00+00:00,538.217,539.0,538.217,538.55,0
2026-06-29 22:11:00+00:00,538.1,538.59,538.1,538.1,0
2026-06-29 22:12:00+00:00,538.77,539.0,538.1,538.55,0
2026-06-29 22:13:00+00:00,538.76,538.76,538.1,538.55,0
2026-06-29 22:14:00+00:00,538.55,538.55,538.217,538.5,0
2026-06-29 22:15:00+00:00,538.55,539.0,538.2652,539.0,0
2026-06-29 22:16:00+00:00,538.0,539.0,538.0,538.13,0
2026-06-29 22:17:00+00:00,538.0,539.0,538.0,538.5,0
2026-06-29 22:18:00+00:00,538.21,538.5,538.025,538.025,0
2026-06-29 22:19:00+00:00,538.0001,538.87,538.0,538.5,0
2026-06-29 22:20:00+00:00,538.77,538.9999,538.275,538.9999,0
2026-06-29 22:21:00+00:00,538.6431,538.775,538.55,538.59,0
2026-06-29 22:22:00+00:00,538.5,538.6,538.0,538.6,0
2026-06-29 22:23:00+00:00,538.2,538.66,538.2,538.66,0
2026-06-29 22:24:00+00:00,538.66,538.98,538.5,538.75,0
2026-06-29 22:25:00+00:00,538.8814,538.9875,538.5,538.9875,0
2026-06-29 22:26:00+00:00,538.99,538.99,538.565,538.64,0
2026-06-29 22:27:00+00:00,538.91,539.0,538.5,538.75,0
2026-06-29 22:28:00+00:00,538.64,538.935,538.5,538.5,0
2026-06-29 22:29:00+00:00,538.5125,539.0,538.25,538.5,0
2026-06-29 22:30:00+00:00,538.5,539.0,538.06,538.5,0
2026-06-29 22:31:00+00:00,538.4,539.0,538.4,538.7157,0
2026-06-29 22:32:00+00:00,538.1907,538.71,538.1907,538.485,0
2026-06-29 22:33:00+00:00,538.16,538.16,537.5,537.99,0
2026-06-29 22:34:00+00:00,537.7194,538.7,537.5,538.7,0
2026-06-29 22:35:00+00:00,538.0,538.28,537.5,538.0,0
2026-06-29 22:36:00+00:00,538.0,538.0,537.5,538.0,0
2026-06-29 22:37:00+00:00,538.0,538.0,537.57,537.63,0
2026-06-29 22:38:00+00:00,538.0,538.065,537.7826,537.98,0
2026-06-29 22:39:00+00:00,538.0,538.33,537.7668,538.0,0
2026-06-29 22:40:00+00:00,538.0,538.2221,537.6079,538.2221,0
2026-06-29 22:41:00+00:00,537.915,538.23,537.5,538.23,0
2026-06-29 22:42:00+00:00,537.915,538.29,537.9,538.115,0
2026-06-29 22:43:00+00:00,537.9559,538.33,537.9,538.115,0
2026-06-29 22:44:00+00:00,538.3,538.33,537.9,538.25,0
2026-06-29 22:45:00+00:00,538.1,538.3,538.065,538.3,0
2026-06-29 22:46:00+00:00,538.1,538.3,537.42,538.3,0
2026-06-29 22:47:00+00:00,537.86,538.28,537.7045,537.8,0
2026-06-29 22:48:00+00:00,537.5,538.28,537.42,538.28,0
2026-06-29 22:49:00+00:00,537.85,538.01,537.53,537.85,0
2026-06-29 22:50:00+00:00,537.7,538.28,537.7,538.28,0
2026-06-29 22:51:00+00:00,538.0,538.0,537.7263,537.899,0
2026-06-29 22:52:00+00:00,538.0,538.0,537.55,537.75,0
2026-06-29 22:53:00+00:00,537.6238,538.0,537.5,537.88,0
2026-06-29 22:54:00+00:00,537.5,538.25,537.5,537.875,0
2026-06-29 22:55:00+00:00,537.902,538.23,537.85,538.05,0
2026-06-29 22:56:00+00:00,538.05,538.23,537.9,538.23,0
2026-06-29 22:57:00+00:00,538.055,538.2207,538.045,538.045,0
2026-06-29 22:58:00+00:00,538.06,538.2207,537.86,537.86,0
2026-06-29 22:59:00+00:00,537.86,538.25,537.86,538.165,0
2026-06-29 23:00:00+00:00,538.055,538.1,538.0,538.0,0
2026-06-29 23:01:00+00:00,537.95,538.25,537.85,538.0,0
2026-06-29 23:02:00+00:00,538.24,538.24,537.902,538.2205,0
2026-06-29 23:03:00+00:00,538.05,538.14,538.01,538.01,0
2026-06-29 23:04:00+00:00,538.0,538.5,538.0,538.5,0
2026-06-29 23:05:00+00:00,538.5,539.0,538.5,539.0,0
2026-06-29 23:06:00+00:00,538.61,538.9999,538.6,538.805,0
2026-06-29 23:07:00+00:00,538.9,538.99,538.7,538.99,0
2026-06-29 23:08:00+00:00,538.6,539.0,538.6,538.9,0
2026-06-29 23:09:00+00:00,539.0,539.0,538.6,538.805,0
2026-06-29 23:10:00+00:00,538.9997,539.49,538.87,539.2,0
2026-06-29 23:11:00+00:00,539.0061,539.18,538.87,539.01,0
2026-06-29 23:12:00+00:00,539.06,539.18,538.87,538.88,0
2026-06-29 23:13:00+00:00,538.87,539.49,538.87,539.0022,0
2026-06-29 23:14:00+00:00,539.18,539.3,539.0694,539.27,0
2026-06-29 23:15:00+00:00,538.8855,539.2995,538.87,539.2,0
2026-06-29 23:16:00+00:00,539.2,539.3,538.8701,539.16,0
2026-06-29 23:17:00+00:00,539.16,539.4499,538.87,538.87,0
2026-06-29 23:18:00+00:00,539.16,539.3,538.87,539.0,0
2026-06-29 23:19:00+00:00,538.87,539.31,538.87,539.2062,0
2026-06-29 23:20:00+00:00,539.2062,539.45,539.2062,539.3,0
2026-06-29 23:21:00+00:00,539.4,539.45,539.3,539.32,0
2026-06-29 23:22:00+00:00,539.345,539.43,539.2325,539.2325,0
2026-06-29 23:23:00+00:00,539.37,539.45,538.88,538.88,0
2026-06-29 23:24:00+00:00,538.8869,539.0,538.875,538.875,0
2026-06-29 23:25:00+00:00,538.88,539.49,538.87,539.49,0
2026-06-29 23:26:00+00:00,539.135,539.15,538.9,538.9,0
2026-06-29 23:27:00+00:00,539.0,539.3999,538.87,538.8832,0
2026-06-29 23:28:00+00:00,539.0,539.185,538.88,538.9917,0
2026-06-29 23:29:00+00:00,538.978,539.21,538.9693,539.01,0
2026-06-29 23:30:00+00:00,539.21,539.5,539.01,539.37,0
2026-06-29 23:31:00+00:00,539.45,539.45,539.34,539.38,0
2026-06-29 23:32:00+00:00,539.39,539.69,539.37,539.6085,0
2026-06-29 23:33:00+00:00,539.57,540.0,539.57,539.7,0
2026-06-29 23:34:00+00:00,539.825,540.0,539.825,539.9999,0
2026-06-29 23:35:00+00:00,540.0,540.4,539.84,540.4,0
2026-06-29 23:36:00+00:00,540.081,540.4,540.0,540.14,0
2026-06-29 23:37:00+00:00,540.14,540.4,540.06,540.23,0
2026-06-29 23:38:00+00:00,540.15,540.3915,540.06,540.07,0
2026-06-29 23:39:00+00:00,540.24,540.4,540.0392,540.05,0
2026-06-29 23:40:00+00:00,540.2,540.2,540.0,540.1044,0
2026-06-29 23:41:00+00:00,540.02,540.12,540.0,540.12,0
2026-06-29 23:42:00+00:00,540.13,540.26,540.04,540.13,0
2026-06-29 23:43:00+00:00,540.13,540.19,540.01,540.03,0
2026-06-29 23:44:00+00:00,540.03,540.26,540.0,540.2599,0
2026-06-29 23:45:00+00:00,540.13,540.26,540.0,540.0273,0
2026-06-29 23:46:00+00:00,540.0,540.26,540.0,540.05,0
2026-06-29 23:47:00+00:00,540.0,540.13,540.0,540.0,0
2026-06-29 23:48:00+00:00,540.25,540.25,539.85,540.02,0
2026-06-29 23:49:00+00:00,540.02,540.14,539.84,540.14,0
2026-06-29 23:50:00+00:00,539.85,540.12,539.84,539.85,0
2026-06-29 23:51:00+00:00,539.85,539.85,539.51,539.51,0
2026-06-29 23:52:00+00:00,539.513,539.6,539.0,539.01,0
2026-06-29 23:53:00+00:00,538.8882,539.1,538.8882,539.1,0
2026-06-29 23:54:00+00:00,538.7474,539.6,538.62,539.0,0
2026-06-29 23:55:00+00:00,539.4,539.9812,539.06,539.9812,0
2026-06-29 23:56:00+00:00,540.0,540.0,539.25,539.62,0
2026-06-29 23:57:00+00:00,539.3462,539.98,539.27,539.63,0
2026-06-29 23:58:00+00:00,539.98,539.98,539.28,539.81,0
2026-06-29 23:59:00+00:00,539.6501,540.3616,539.6501,540.28,0
2026-06-30 08:00:00+00:00,543.0,544.8702,539.0812,540.99,0
2026-06-30 08:01:00+00:00,540.99,544.86,540.28,541.0225,0
2026-06-30 08:02:00+00:00,541.02,541.8531,541.0,541.15,0
2026-06-30 08:03:00+00:00,541.15,541.9,541.15,541.9,0
2026-06-30 08:04:00+00:00,541.15,541.9,539.7322,540.25,0
2026-06-30 08:05:00+00:00,539.83,541.0,539.83,541.0,0
2026-06-30 08:06:00+00:00,540.5,544.68,540.29,543.0,0
2026-06-30 08:07:00+00:00,544.58,544.64,540.75,540.75,0
2026-06-30 08:08:00+00:00,540.3,541.17,540.3,541.17,0
2026-06-30 08:09:00+00:00,540.56,540.77,540.5,540.5,0
2026-06-30 08:10:00+00:00,540.7,541.7988,540.7,541.0,0
2026-06-30 08:11:00+00:00,541.8988,541.8988,540.5,541.45,0
2026-06-30 08:12:00+00:00,541.23,541.23,541.23,541.23,0
2026-06-30 08:13:00+00:00,541.23,541.23,540.69,540.69,0
2026-06-30 08:14:00+00:00,540.69,540.81,540.5,540.5,0
2026-06-30 08:15:00+00:00,540.5,540.955,539.69,539.69,0
2026-06-30 08:16:00+00:00,539.62,539.62,539.6,539.6,0
2026-06-30 08:17:00+00:00,539.7083,539.7184,539.7083,539.7184,0
2026-06-30 08:18:00+00:00,539.726,540.2237,539.4,539.6,0
2026-06-30 08:19:00+00:00,539.75,539.92,539.2808,539.92,0
2026-06-30 08:20:00+00:00,540.13,540.26,539.2807,540.26,0
2026-06-30 08:21:00+00:00,539.5,540.7488,539.5,540.74,0
2026-06-30 08:22:00+00:00,540.6,540.71,540.6,540.71,0
2026-06-30 08:23:00+00:00,540.9888,541.4988,540.9888,541.4988,0
2026-06-30 08:24:00+00:00,540.63,541.4175,540.48,540.48,0
2026-06-30 08:25:00+00:00,540.7,540.7,540.7,540.7,0
2026-06-30 08:26:00+00:00,541.4252,541.4997,540.04,540.04,0
2026-06-30 08:27:00+00:00,540.0,541.5,539.625,541.0,0
2026-06-30 08:28:00+00:00,541.42,541.42,539.7547,539.7547,0
2026-06-30 08:29:00+00:00,540.5,540.9897,540.0,540.0,0
2026-06-30 08:30:00+00:00,540.72,540.72,540.72,540.72,0
2026-06-30 08:32:00+00:00,539.1502,540.07,539.1502,540.02,0
2026-06-30 08:33:00+00:00,539.92,539.92,539.56,539.56,0
2026-06-30 08:34:00+00:00,539.56,539.56,539.25,539.25,0
2026-06-30 08:35:00+00:00,539.25,539.55,539.09,539.09,0
2026-06-30 08:36:00+00:00,539.47,539.517,537.883,537.883,0
2026-06-30 08:37:00+00:00,537.883,539.4487,537.883,538.6,0
2026-06-30 08:38:00+00:00,538.6,538.6,538.01,538.01,0
2026-06-30 08:39:00+00:00,538.0,538.0,537.3,537.3,0
2026-06-30 08:40:00+00:00,537.3,538.5605,537.02,537.2027,0
2026-06-30 08:41:00+00:00,537.61,538.7288,537.1305,538.02,0
2026-06-30 08:42:00+00:00,538.02,538.02,537.02,537.02,0
2026-06-30 08:43:00+00:00,537.99,538.5605,537.057,537.057,0
2026-06-30 08:44:00+00:00,537.82,537.82,537.5367,537.5367,0
2026-06-30 08:45:00+00:00,537.02,537.28,537.02,537.28,0
2026-06-30 08:46:00+00:00,537.04,537.71,537.02,537.71,0
2026-06-30 08:47:00+00:00,537.41,537.51,537.0109,537.0109,0
2026-06-30 08:48:00+00:00,537.28,537.35,537.28,537.35,0
2026-06-30 08:49:00+00:00,537.47,537.47,537.01,537.1,0
2026-06-30 08:50:00+00:00,537.3916,537.4,536.75,536.75,0
2026-06-30 08:51:00+00:00,536.63,536.93,535.635,536.93,0
2026-06-30 08:52:00+00:00,536.93,537.4,536.6542,536.7937,0
2026-06-30 08:53:00+00:00,536.81,538.5,536.81,538.49,0
2026-06-30 08:54:00+00:00,537.54,538.32,536.0,537.82,0
2026-06-30 08:55:00+00:00,538.29,538.5,538.0,538.5,0
2026-06-30 08:56:00+00:00,536.1012,538.0,536.1012,536.2267,0
2026-06-30 08:57:00+00:00,538.5,538.5,538.0,538.0,0
2026-06-30 08:58:00+00:00,538.0,538.49,536.3,536.3,0
2026-06-30 08:59:00+00:00,536.53,536.53,536.53,536.53,0
2026-06-30 09:00:00+00:00,536.5987,538.0,536.59,536.59,0
2026-06-30 09:01:00+00:00,538.49,538.6,537.75,538.22,0
2026-06-30 09:02:00+00:00,538.6,538.6,538.0539,538.14,0
2026-06-30 09:03:00+00:00,538.58,538.68,538.25,538.68,0
2026-06-30 09:04:00+00:00,537.59,539.64,537.59,538.79,0
2026-06-30 09:05:00+00:00,539.0,539.0,539.0,539.0,0
2026-06-30 09:06:00+00:00,539.0,539.0,538.39,538.39,0
2026-06-30 09:07:00+00:00,538.22,539.5,538.0,538.0675,0
2026-06-30 09:08:00+00:00,538.8692,538.8692,538.0,538.0,0
2026-06-30 09:09:00+00:00,538.59,538.8677,538.59,538.8677,0
2026-06-30 09:10:00+00:00,538.5,538.5265,538.5,538.5265,0
2026-06-30 09:11:00+00:00,538.5488,538.5488,538.5488,538.5488,0
2026-06-30 09:12:00+00:00,538.49,538.49,538.49,538.49,0
2026-06-30 09:13:00+00:00,538.5265,538.55,538.52,538.5265,0
2026-06-30 09:14:00+00:00,538.53,538.53,538.06,538.06,0
2026-06-30 09:16:00+00:00,538.55,538.55,538.5,538.5488,0
2026-06-30 09:19:00+00:00,538.0,538.0,538.0,538.0,0
2026-06-30 09:20:00+00:00,538.0,538.5265,538.0,538.5265,0
2026-06-30 09:22:00+00:00,538.5272,538.5272,538.0,538.22,0
2026-06-30 09:23:00+00:00,538.01,538.06,536.0,536.0,0
2026-06-30 09:24:00+00:00,538.48,538.48,538.48,538.48,0
2026-06-30 09:25:00+00:00,538.06,538.06,538.06,538.06,0
2026-06-30 09:26:00+00:00,538.18,538.18,538.18,538.18,0
2026-06-30 09:27:00+00:00,537.89,538.0,537.71,538.0,0
2026-06-30 09:28:00+00:00,538.0,538.0,538.0,538.0,0
2026-06-30 09:29:00+00:00,537.9755,537.9755,537.0545,537.5,0
2026-06-30 09:30:00+00:00,537.5,537.5,537.01,537.01,0
2026-06-30 09:31:00+00:00,537.01,537.95,536.59,537.95,0
2026-06-30 09:32:00+00:00,537.15,537.95,537.15,537.95,0
2026-06-30 09:33:00+00:00,537.3778,537.3778,536.3,537.34,0
2026-06-30 09:35:00+00:00,537.23,537.44,537.23,537.44,0
2026-06-30 09:36:00+00:00,536.42,536.42,536.42,536.42,0
2026-06-30 09:37:00+00:00,537.2,538.47,537.2,538.47,0
2026-06-30 09:38:00+00:00,536.81,538.27,536.81,538.27,0
2026-06-30 09:39:00+00:00,538.0,538.0,538.0,538.0,0
2026-06-30 09:40:00+00:00,538.0,538.5488,536.8112,538.5,0
2026-06-30 09:41:00+00:00,538.5,538.5,537.0387,537.0387,0
2026-06-30 09:42:00+00:00,538.0,538.0,538.0,538.0,0
2026-06-30 09:43:00+00:00,538.32,538.55,537.73,537.73,0
2026-06-30 09:44:00+00:00,538.0,538.55,537.87,537.87,0
2026-06-30 09:45:00+00:00,538.27,538.84,538.27,538.298,0
2026-06-30 09:46:00+00:00,538.69,538.69,538.27,538.27,0
2026-06-30 09:47:00+00:00,538.28,538.5,538.2796,538.2796,0
2026-06-30 09:48:00+00:00,538.27,538.7,538.27,538.7,0
2026-06-30 09:49:00+00:00,539.39,539.39,538.88,539.0,0
2026-06-30 09:50:00+00:00,539.32,539.39,538.298,538.298,0
2026-06-30 09:51:00+00:00,538.5,539.3888,538.5,538.5,0
2026-06-30 09:52:00+00:00,538.99,538.99,538.75,538.75,0
2026-06-30 09:53:00+00:00,539.39,539.39,539.39,539.39,0
2026-06-30 09:54:00+00:00,539.32,539.32,538.3,538.3,0
2026-06-30 09:55:00+00:00,538.83,538.83,538.78,538.78,0
2026-06-30 09:56:00+00:00,538.79,539.09,538.0347,539.09,0
2026-06-30 09:57:00+00:00,538.384,538.78,538.0725,538.78,0
2026-06-30 10:00:00+00:00,538.0012,539.0,538.0,539.0,0
2026-06-30 10:01:00+00:00,539.0,539.0,539.0,539.0,0
2026-06-30 10:03:00+00:00,539.0,539.3175,538.52,539.3175,0
2026-06-30 10:05:00+00:00,538.57,539.0,538.3003,539.0,0
2026-06-30 10:09:00+00:00,538.0347,539.0,538.0347,539.0,0
2026-06-30 10:10:00+00:00,539.3888,539.3888,538.3,538.3,0
2026-06-30 10:11:00+00:00,538.36,538.5,538.36,538.5,0
2026-06-30 10:13:00+00:00,538.0347,538.0347,538.0347,538.0347,0
2026-06-30 10:14:00+00:00,539.25,539.5,538.1043,539.25,0
2026-06-30 10:15:00+00:00,539.53,539.85,538.05,539.75,0
2026-06-30 10:16:00+00:00,539.6,539.9,538.0692,539.0,0
2026-06-30 10:17:00+00:00,539.13,539.13,538.36,538.3612,0
2026-06-30 10:18:00+00:00,538.455,540.0,538.401,539.9145,0
2026-06-30 10:19:00+00:00,540.0,540.0,539.98,539.98,0
2026-06-30 10:20:00+00:00,539.98,540.0,539.67,540.0,0
2026-06-30 10:21:00+00:00,538.2937,539.59,538.2937,539.24,0
2026-06-30 10:22:00+00:00,539.2403,540.0,539.2403,539.3,0
2026-06-30 10:23:00+00:00,540.0,540.0,539.1615,539.1764,0
2026-06-30 10:24:00+00:00,539.3,539.81,539.3,539.81,0
2026-06-30 10:25:00+00:00,539.61,539.61,539.61,539.61,0
2026-06-30 10:26:00+00:00,539.57,539.75,539.24,539.25,0
2026-06-30 10:27:00+00:00,539.93,539.93,539.35,539.58,0
2026-06-30 10:28:00+00:00,540.0,540.0,539.46,539.46,0
2026-06-30 10:29:00+00:00,539.6,539.9465,539.5,539.5,0
2026-06-30 10:30:00+00:00,540.0,540.0,540.0,540.0,0
2026-06-30 10:31:00+00:00,539.93,539.93,539.38,539.8,0
2026-06-30 10:32:00+00:00,539.79,539.9512,539.5,539.9512,0
2026-06-30 10:33:00+00:00,538.4612,539.79,538.4612,539.79,0
2026-06-30 10:34:00+00:00,539.29,539.7,539.29,539.7,0
2026-06-30 10:35:00+00:00,539.99,539.99,538.75,538.97,0
2026-06-30 10:36:00+00:00,539.0,539.28,538.75,539.28,0
2026-06-30 10:37:00+00:00,539.79,539.9243,539.18,539.9243,0
2026-06-30 10:38:00+00:00,539.22,539.99,539.22,539.99,0
2026-06-30 10:39:00+00:00,539.9,540.0,539.5,539.9374,0
2026-06-30 10:40:00+00:00,539.731,540.0,538.83,538.83,0
2026-06-30 10:41:00+00:00,539.83,539.9988,539.24,539.24,0
2026-06-30 10:42:00+00:00,539.24,540.0,539.24,540.0,0
2026-06-30 10:43:00+00:00,539.84,539.99,539.84,539.99,0
2026-06-30 10:44:00+00:00,539.33,539.99,538.8,538.8,0
2026-06-30 10:45:00+00:00,540.0,540.0,540.0,540.0,0
2026-06-30 10:46:00+00:00,539.5,540.0,539.5,540.0,0
2026-06-30 10:48:00+00:00,540.0,540.0,538.518,540.0,0
2026-06-30 10:49:00+00:00,540.0,540.25,539.5187,540.2098,0
2026-06-30 10:50:00+00:00,540.2,540.2,540.2,540.2,0
2026-06-30 10:52:00+00:00,540.0,540.225,540.0,540.225,0
2026-06-30 10:53:00+00:00,539.25,540.25,539.25,540.25,0
2026-06-30 10:54:00+00:00,540.2,540.2,539.6,539.6,0
2026-06-30 10:55:00+00:00,540.21,540.25,540.0,540.0,0
2026-06-30 10:56:00+00:00,540.2,540.26,540.2,540.24,0
2026-06-30 10:57:00+00:00,540.24,540.5662,539.9178,540.5662,0
2026-06-30 10:58:00+00:00,540.48,540.48,540.48,540.48,0
2026-06-30 10:59:00+00:00,540.31,540.9562,539.3602,540.9562,0
2026-06-30 11:00:00+00:00,539.98,541.0,539.4862,539.49,0
2026-06-30 11:01:00+00:00,540.5,541.3,539.49,541.0957,0
2026-06-30 11:02:00+00:00,541.025,541.5,540.82,541.45,0
2026-06-30 11:03:00+00:00,541.2,541.4999,540.9901,541.49,0
2026-06-30 11:04:00+00:00,541.35,542.0,541.35,541.9862,0
2026-06-30 11:05:00+00:00,541.89,542.975,541.46,542.2,0
2026-06-30 11:06:00+00:00,542.327,542.975,542.0,542.0,0
2026-06-30 11:07:00+00:00,542.18,542.49,542.0,542.0,0
2026-06-30 11:08:00+00:00,542.0,542.5,541.5,542.49,0
2026-06-30 11:09:00+00:00,542.496,543.12,541.78,543.12,0
2026-06-30 11:10:00+00:00,543.3,543.3,542.5003,543.2583,0
2026-06-30 11:11:00+00:00,543.0,543.28,542.64,542.64,0
2026-06-30 11:12:00+00:00,542.89,543.2605,542.72,543.14,0
2026-06-30 11:13:00+00:00,542.9,543.09,542.66,542.8569,0
2026-06-30 11:14:00+00:00,542.85,544.0,542.6085,543.9888,0
2026-06-30 11:15:00+00:00,543.99,544.0,543.26,543.77,0
2026-06-30 11:16:00+00:00,543.75,544.0,543.5,543.571,0
2026-06-30 11:17:00+00:00,543.65,543.7,543.19,543.7,0
2026-06-30 11:18:00+00:00,543.2,543.69,543.19,543.19,0
2026-06-30 11:19:00+00:00,543.435,544.0,542.86,543.245,0
2026-06-30 11:20:00+00:00,542.8822,543.99,542.8822,543.5,0
2026-06-30 11:21:00+00:00,543.98,543.99,543.0,543.01,0
2026-06-30 11:22:00+00:00,543.49,543.99,542.57,543.99,0
2026-06-30 11:23:00+00:00,542.56,543.99,542.56,542.85,0
2026-06-30 11:24:00+00:00,542.7,543.0,542.51,542.655,0
2026-06-30 11:25:00+00:00,542.52,542.75,542.01,542.56,0
2026-06-30 11:26:00+00:00,542.2,542.5313,542.01,542.285,0
2026-06-30 11:27:00+00:00,542.51,543.0,542.4042,542.75,0
2026-06-30 11:28:00+00:00,542.22,542.9949,542.01,542.56,0
2026-06-30 11:29:00+00:00,542.99,542.99,542.6172,542.99,0
2026-06-30 11:30:00+00:00,543.0,543.0,542.56,542.96,0
2026-06-30 11:31:00+00:00,542.71,542.99,542.56,542.95,0
2026-06-30 11:32:00+00:00,542.574,543.0,542.56,542.74,0
2026-06-30 11:33:00+00:00,542.56,543.0,542.56,542.97,0
2026-06-30 11:34:00+00:00,542.6172,543.0,542.5829,543.0,0
2026-06-30 11:35:00+00:00,543.0,543.29,542.58,543.0,0
2026-06-30 11:36:00+00:00,543.15,543.15,543.0,543.15,0
2026-06-30 11:37:00+00:00,543.04,543.3,542.935,542.935,0
2026-06-30 11:38:00+00:00,543.09,543.3,542.92,542.92,0
2026-06-30 11:39:00+00:00,543.2366,543.28,542.9,543.19,0
2026-06-30 11:40:00+00:00,542.91,543.3,542.9,543.3,0
2026-06-30 11:41:00+00:00,542.93,543.65,542.9,543.65,0
2026-06-30 11:42:00+00:00,543.72,543.75,542.9,543.74,0
2026-06-30 11:43:00+00:00,543.74,543.89,543.315,543.86,0
2026-06-30 11:44:00+00:00,543.825,544.3935,543.6682,544.02,0
2026-06-30 11:45:00+00:00,544.0,544.41,543.75,544.1,0
2026-06-30 11:46:00+00:00,544.1,544.5859,544.0,544.5859,0
2026-06-30 11:47:00+00:00,544.5,544.5,544.0,544.0,0
2026-06-30 11:48:00+00:00,544.3988,544.49,543.75,543.7512,0
2026-06-30 11:49:00+00:00,543.8748,544.38,543.75,544.01,0
2026-06-30 11:50:00+00:00,544.01,544.5,543.75,544.4609,0
2026-06-30 11:51:00+00:00,544.1,544.125,543.75,543.77,0
2026-06-30 11:52:00+00:00,543.76,544.25,543.75,544.0,0
2026-06-30 11:53:00+00:00,544.125,544.5,543.75,544.125,0
2026-06-30 11:54:00+00:00,543.8,544.025,543.66,543.69,0
2026-06-30 11:55:00+00:00,543.98,544.0297,543.66,543.67,0
2026-06-30 11:56:00+00:00,543.67,544.5,543.65,544.15,0
2026-06-30 11:57:00+00:00,544.15,544.3812,543.65,544.0,0
2026-06-30 11:58:00+00:00,543.65,544.45,543.65,543.8,0
2026-06-30 11:59:00+00:00,543.66,544.057,543.01,543.24,0
2026-06-30 12:00:00+00:00,543.1,543.38,543.0,543.02,0
2026-06-30 12:01:00+00:00,543.02,543.545,542.7976,543.17,0
2026-06-30 12:02:00+00:00,543.18,543.445,542.73,543.0,0
2026-06-30 12:03:00+00:00,542.74,542.75,542.0,542.505,0
2026-06-30 12:04:00+00:00,542.01,543.1,542.01,542.25,0
2026-06-30 12:05:00+00:00,542.5,542.5,542.1,542.5,0
2026-06-30 12:06:00+00:00,542.5,542.63,542.34,542.4134,0
2026-06-30 12:07:00+00:00,542.63,542.9875,542.35,542.35,0
2026-06-30 12:08:00+00:00,542.7,542.7,542.0,542.32,0
2026-06-30 12:09:00+00:00,542.69,542.72,542.2,542.72,0
2026-06-30 12:10:00+00:00,542.493,543.0,542.493,542.72,0
2026-06-30 12:11:00+00:00,542.3214,544.0,542.3214,543.93,0
2026-06-30 12:12:00+00:00,543.93,544.1652,542.94,543.7455,0
2026-06-30 12:13:00+00:00,542.96,543.8023,542.2212,542.85,0
2026-06-30 12:14:00+00:00,542.6,543.25,542.3,542.31,0
2026-06-30 12:15:00+00:00,542.75,542.8059,542.31,542.4,0
2026-06-30 12:16:00+00:00,542.4,542.75,542.07,542.07,0
2026-06-30 12:17:00+00:00,542.0,542.4,542.0,542.1755,0
2026-06-30 12:18:00+00:00,541.71,541.97,541.47,541.8,0
2026-06-30 12:19:00+00:00,541.5,541.7,541.0,541.45,0
2026-06-30 12:20:00+00:00,541.7,541.8531,541.0469,541.15,0
2026-06-30 12:21:00+00:00,541.3106,541.7,541.15,541.4,0
2026-06-30 12:22:00+00:00,541.15,541.9,541.15,541.6,0
2026-06-30 12:23:00+00:00,541.15,541.5988,540.25,540.25,0
2026-06-30 12:24:00+00:00,540.5741,541.47,540.25,540.99,0
2026-06-30 12:25:00+00:00,540.7163,541.25,540.27,541.0,0
2026-06-30 12:26:00+00:00,540.635,541.05,540.5,540.5,0
2026-06-30 12:27:00+00:00,540.4,541.6,540.4,541.4,0
2026-06-30 12:28:00+00:00,541.0,542.4,541.0,542.4,0
2026-06-30 12:29:00+00:00,541.3,541.85,541.25,541.3,0
2026-06-30 12:30:00+00:00,541.5,542.3988,541.0,541.5,0
2026-06-30 12:31:00+00:00,541.7,541.7,540.5,540.5,0
2026-06-30 12:32:00+00:00,540.51,540.65,539.4474,539.8762,0
2026-06-30 12:33:00+00:00,539.6296,540.0,539.25,539.5,0
2026-06-30 12:34:00+00:00,539.25,540.1,539.25,540.0,0
2026-06-30 12:35:00+00:00,540.0,540.0,539.25,539.525,0
2026-06-30 12:36:00+00:00,539.27,540.4988,539.27,539.91,0
2026-06-30 12:37:00+00:00,540.4785,540.5,539.25,539.992,0
2026-06-30 12:38:00+00:00,539.28,540.3127,539.28,539.5,0
2026-06-30 12:39:00+00:00,539.51,540.4,539.26,540.21,0
2026-06-30 12:40:00+00:00,539.5,540.475,539.5,540.0,0
2026-06-30 12:41:00+00:00,539.99,540.5,539.59,540.23,0
2026-06-30 12:42:00+00:00,540.11,540.5,539.63,540.25,0
2026-06-30 12:43:00+00:00,540.36,540.5,539.55,540.025,0
2026-06-30 12:44:00+00:00,540.5,540.5,539.5737,539.74,0
2026-06-30 12:45:00+00:00,540.5,540.5,539.8912,539.8912,0
2026-06-30 12:46:00+00:00,539.56,539.83,539.25,539.575,0
2026-06-30 12:47:00+00:00,539.575,539.82,539.25,539.26,0
2026-06-30 12:48:00+00:00,539.75,539.75,539.25,539.26,0
2026-06-30 12:49:00+00:00,539.55,539.8775,539.01,539.8775,0
2026-06-30 12:50:00+00:00,539.01,539.9,539.01,539.68,0
2026-06-30 12:51:00+00:00,539.6002,540.06,539.5,540.06,0
2026-06-30 12:52:00+00:00,540.1,540.5,539.79,540.48,0
2026-06-30 12:53:00+00:00,539.94,540.0075,539.11,539.4,0
2026-06-30 12:54:00+00:00,539.55,539.55,538.98,539.19,0
2026-06-30 12:55:00+00:00,539.3396,540.0,538.89,538.94,0
2026-06-30 12:56:00+00:00,539.3275,539.8999,538.8,539.325,0
2026-06-30 12:57:00+00:00,538.88,539.88,538.88,538.91,0
2026-06-30 12:58:00+00:00,539.31,539.8,538.8089,538.98,0
2026-06-30 12:59:00+00:00,539.267,539.42,538.75,538.99,0
2026-06-30 13:00:00+00:00,538.99,539.85,538.75,539.48,0
2026-06-30 13:01:00+00:00,539.0,539.44,538.75,538.9339,0
2026-06-30 13:02:00+00:00,538.8,539.8,538.8,538.95,0
2026-06-30 13:03:00+00:00,539.3,539.5,538.8,539.15,0
2026-06-30 13:04:00+00:00,539.3,539.3,539.0,539.24,0
2026-06-30 13:05:00+00:00,539.04,539.29,538.75,539.2,0
2026-06-30 13:06:00+00:00,539.0,539.98,538.89,539.85,0
2026-06-30 13:07:00+00:00,539.86,540.5,539.8443,540.38,0
2026-06-30 13:08:00+00:00,539.94,540.38,539.5197,539.5197,0
2026-06-30 13:09:00+00:00,540.0,540.0,539.5,539.5,0
2026-06-30 13:10:00+00:00,539.83,540.3796,539.5,540.3796,0
2026-06-30 13:11:00+00:00,540.01,541.8,540.01,541.04,0
2026-06-30 13:12:00+00:00,540.85,541.8,540.0,541.7988,0
2026-06-30 13:13:00+00:00,540.825,541.8,540.0,541.22,0
2026-06-30 13:14:00+00:00,541.0,541.37,540.2476,540.54,0
2026-06-30 13:15:00+00:00,541.0,541.07,540.1,541.0,0
2026-06-30 13:16:00+00:00,541.35,541.35,540.5,540.82,0
2026-06-30 13:17:00+00:00,540.95,541.0,540.5,541.0,0
2026-06-30 13:18:00+00:00,540.5,541.5,540.5,540.5445,0
2026-06-30 13:19:00+00:00,540.75,541.2,540.0,540.58,0
2026-06-30 13:20:00+00:00,540.85,541.2,540.0,541.2,0
2026-06-30 13:21:00+00:00,540.5,541.2,540.1,540.6,0
2026-06-30 13:22:00+00:00,541.2,541.2,540.0,540.975,0
2026-06-30 13:23:00+00:00,540.7379,540.87,539.99,540.4,0
2026-06-30 13:24:00+00:00,540.74,541.0,539.8,540.3,0
2026-06-30 13:25:00+00:00,539.61,541.8,539.61,541.0,0
2026-06-30 13:26:00+00:00,541.58,542.0,540.03,541.43,0
2026-06-30 13:27:00+00:00,541.8,544.9,541.8,544.0,0
2026-06-30 13:28:00+00:00,544.3,545.0,544.3,544.595,0
2026-06-30 13:29:00+00:00,544.75,545.4,544.3,545.4,0
2026-06-30 13:30:00+00:00,546.60498046875,556.0999755859375,546.60498046875,554.6599731445312,1034482
2026-06-30 13:31:00+00:00,554.5800170898438,558.5,553.4500122070312,558.4600219726562,255375
2026-06-30 13:32:00+00:00,558.1281127929688,560.0,556.02490234375,558.280029296875,284265
2026-06-30 13:33:00+00:00,558.1799926757812,561.2100219726562,555.6099853515625,557.0100708007812,280184
2026-06-30 13:34:00+00:00,557.1430053710938,559.6400146484375,557.02001953125,558.3300170898438,210465
2026-06-30 13:35:00+00:00,558.9400024414062,560.7999877929688,557.353271484375,560.02001953125,152662
2026-06-30 13:36:00+00:00,559.72998046875,560.27001953125,557.739990234375,559.1199951171875,159251
2026-06-30 13:37:00+00:00,559.4210205078125,564.760009765625,558.340087890625,564.52001953125,323339
2026-06-30 13:38:00+00:00,564.280029296875,564.760009765625,557.4299926757812,558.75,210175
2026-06-30 13:39:00+00:00,558.5936889648438,558.760009765625,556.3200073242188,556.85498046875,151131
2026-06-30 13:40:00+00:00,556.85498046875,557.4714965820312,553.9600219726562,554.010009765625,144560
2026-06-30 13:41:00+00:00,553.9099731445312,554.8800048828125,552.3250122070312,553.0,139632
2026-06-30 13:42:00+00:00,552.969970703125,554.9299926757812,552.0900268554688,553.2349853515625,134544
2026-06-30 13:43:00+00:00,553.0574951171875,553.239990234375,551.4500122070312,552.0,127567
2026-06-30 13:44:00+00:00,552.22998046875,552.4099731445312,549.4500122070312,552.1408081054688,119493
2026-06-30 13:45:00+00:00,551.8709716796875,553.5750122070312,551.010009765625,551.4721069335938,103993
2026-06-30 13:46:00+00:00,551.5599975585938,552.0899047851562,548.6400146484375,551.4550170898438,116738
2026-06-30 13:47:00+00:00,551.2899780273438,551.8099975585938,550.0,550.5499877929688,84414
2026-06-30 13:48:00+00:00,550.6799926757812,551.0,549.27197265625,551.0,62722
2026-06-30 13:49:00+00:00,551.0,551.8399047851562,546.0,547.844970703125,158603
2026-06-30 13:50:00+00:00,547.7000122070312,550.7999877929688,547.2249755859375,549.02001953125,100413
2026-06-30 13:51:00+00:00,549.02001953125,551.7000122070312,547.6699829101562,551.405029296875,137707
2026-06-30 13:52:00+00:00,551.405029296875,552.25,550.0667724609375,550.0667724609375,149708
2026-06-30 13:53:00+00:00,550.2072143554688,551.7899780273438,549.219970703125,551.1900024414062,81489
2026-06-30 13:54:00+00:00,551.3251953125,552.1998901367188,548.4000244140625,549.9400024414062,87449
2026-06-30 13:55:00+00:00,550.3250122070312,551.510009765625,549.0,551.2999877929688,77825
2026-06-30 13:56:00+00:00,551.22998046875,554.010009765625,550.52001953125,553.02197265625,190100
2026-06-30 13:57:00+00:00,552.840087890625,553.669921875,552.052978515625,553.22998046875,79470
2026-06-30 13:58:00+00:00,553.0300903320312,554.0499877929688,551.280029296875,553.75,109950
2026-06-30 13:59:00+00:00,553.5,557.77001953125,553.5,557.1500244140625,217387
2026-06-30 14:00:00+00:00,557.1024780273438,557.6799926757812,553.9003295898438,554.1749877929688,129432
2026-06-30 14:01:00+00:00,554.1749877929688,555.4299926757812,552.3300170898438,554.3200073242188,158490
2026-06-30 14:02:00+00:00,554.4000244140625,554.9000244140625,552.5499877929688,554.9000244140625,128005
2026-06-30 14:03:00+00:00,554.614990234375,557.97998046875,554.614990234375,557.7000122070312,172079
2026-06-30 14:04:00+00:00,557.7100219726562,558.5900268554688,557.030029296875,558.5900268554688,89137
2026-06-30 14:05:00+00:00,558.155029296875,558.3300170898438,556.4500732421875,557.52001953125,76082
2026-06-30 14:06:00+00:00,557.7056274414062,557.7056274414062,553.5673828125,553.9000854492188,143461
2026-06-30 14:07:00+00:00,554.2399291992188,555.8599243164062,553.5800170898438,554.4099731445312,126093
2026-06-30 14:08:00+00:00,554.3400268554688,556.2598876953125,554.1300048828125,556.1400146484375,72507
2026-06-30 14:09:00+00:00,556.0800170898438,556.1199951171875,554.719970703125,555.344970703125,47764
2026-06-30 14:10:00+00:00,555.280029296875,556.1900024414062,554.0499877929688,555.1400146484375,61304
2026-06-30 14:11:00+00:00,555.39501953125,555.9299926757812,554.239990234375,554.9099731445312,46319
2026-06-30 14:12:00+00:00,554.9149780273438,557.0927734375,554.9149780273438,556.5,61964
2026-06-30 14:13:00+00:00,556.7899780273438,556.7999877929688,555.5700073242188,555.9450073242188,40509
2026-06-30 14:14:00+00:00,555.780029296875,556.389892578125,555.0300903320312,555.0300903320312,55769
2026-06-30 14:15:00+00:00,555.4299926757812,556.8499755859375,555.3099975585938,555.5850219726562,58334
2026-06-30 14:16:00+00:00,555.5900268554688,556.5,554.9000244140625,555.5700073242188,66517
2026-06-30 14:17:00+00:00,555.3800048828125,556.0399780273438,554.9550170898438,555.6699829101562,44501
2026-06-30 14:18:00+00:00,555.72998046875,557.8800048828125,555.5999755859375,557.6552124023438,123015
2026-06-30 14:19:00+00:00,557.510009765625,559.280029296875,556.6099853515625,558.030029296875,124658
2026-06-30 14:20:00+00:00,557.85009765625,558.780029296875,557.4199829101562,557.989990234375,61482
2026-06-30 14:21:00+00:00,557.8599853515625,558.4000244140625,557.3300170898438,557.9509887695312,54196
2026-06-30 14:22:00+00:00,557.9500732421875,559.5,557.7899780273438,559.280029296875,77501
2026-06-30 14:23:00+00:00,558.989990234375,559.75,558.4600219726562,559.0499877929688,52822
2026-06-30 14:24:00+00:00,559.0750122070312,559.6900024414062,558.7849731445312,559.3099975585938,44738
2026-06-30 14:25:00+00:00,559.3200073242188,559.523193359375,556.5800170898438,557.8549194335938,127085
2026-06-30 14:26:00+00:00,557.7100219726562,558.9600219726562,557.469970703125,558.25,44276
2026-06-30 14:27:00+00:00,558.1199951171875,558.8099975585938,557.5,558.2150268554688,43030
2026-06-30 14:28:00+00:00,558.1199951171875,558.4990234375,556.5,556.6699829101562,54421
2026-06-30 14:29:00+00:00,556.8099975585938,557.6163940429688,556.5219116210938,556.780029296875,31470
2026-06-30 14:30:00+00:00,557.2498779296875,559.2498779296875,556.3800048828125,558.0858764648438,87594
2026-06-30 14:31:00+00:00,558.2249755859375,559.1900024414062,557.510009765625,558.6400146484375,58898
2026-06-30 14:32:00+00:00,558.5,558.6004028320312,557.0999755859375,557.3599853515625,45368
2026-06-30 14:33:00+00:00,557.2000122070312,557.510009765625,556.1300048828125,556.280029296875,43014
2026-06-30 14:34:00+00:00,556.1799926757812,556.4788208007812,555.3800048828125,556.1400146484375,61915
2026-06-30 14:35:00+00:00,556.0,557.6998901367188,555.6699829101562,557.2750244140625,60671
2026-06-30 14:36:00+00:00,557.2650146484375,557.6500244140625,556.4299926757812,557.5736083984375,50942
2026-06-30 14:37:00+00:00,557.47998046875,558.0700073242188,555.830078125,556.5700073242188,55499
2026-06-30 14:38:00+00:00,556.6599731445312,557.4598999023438,555.7849731445312,556.9351196289062,36556
2026-06-30 14:39:00+00:00,556.7999877929688,558.1500244140625,556.60009765625,557.97998046875,39823
2026-06-30 14:40:00+00:00,557.780029296875,557.989990234375,556.5001220703125,556.5001220703125,27029
2026-06-30 14:41:00+00:00,556.9500122070312,557.4500122070312,556.5601196289062,557.2750244140625,33734
2026-06-30 14:42:00+00:00,556.97998046875,557.3400268554688,556.4149780273438,556.7949829101562,39885
2026-06-30 14:43:00+00:00,556.6699829101562,557.8350219726562,555.5900268554688,557.7100219726562,53424
2026-06-30 14:44:00+00:00,557.7100219726562,560.1699829101562,557.7100219726562,559.97998046875,207854
2026-06-30 14:45:00+00:00,559.6900024414062,559.782470703125,557.8200073242188,557.969970703125,56670
2026-06-30 14:46:00+00:00,557.8300170898438,557.9500122070312,555.0601196289062,555.3314208984375,116159
2026-06-30 14:47:00+00:00,555.5150146484375,556.6900024414062,555.239990234375,556.219970703125,44344
2026-06-30 14:48:00+00:00,556.1599731445312,557.7274169921875,556.1599731445312,557.5999145507812,50024
2026-06-30 14:49:00+00:00,557.4124755859375,557.7999267578125,555.3099975585938,555.5499877929688,53431
2026-06-30 14:50:00+00:00,555.6699829101562,558.1209716796875,555.6699829101562,557.0,66416
2026-06-30 14:51:00+00:00,556.97998046875,558.1099853515625,556.5800170898438,558.0,28705
2026-06-30 14:52:00+00:00,557.7899780273438,558.1500244140625,555.8800048828125,556.2050170898438,42790
2026-06-30 14:53:00+00:00,556.2449951171875,557.239990234375,556.0499877929688,556.4400024414062,22060
2026-06-30 14:54:00+00:00,556.655029296875,557.0800170898438,556.2999877929688,557.030029296875,34574
2026-06-30 14:55:00+00:00,556.8599853515625,557.4099731445312,556.0900268554688,557.0701293945312,35446
2026-06-30 14:56:00+00:00,557.2899780273438,559.7899780273438,557.1500244140625,559.010009765625,131021
2026-06-30 14:57:00+00:00,558.9749755859375,559.60888671875,557.5100708007812,558.4149780273438,44020
2026-06-30 14:58:00+00:00,558.2449951171875,558.6900024414062,556.510009765625,557.6099853515625,39054
2026-06-30 14:59:00+00:00,557.614990234375,557.6699829101562,556.6649780273438,557.125,56104
2026-06-30 15:00:00+00:00,557.0599975585938,559.4000244140625,556.8300170898438,559.22998046875,65762
2026-06-30 15:01:00+00:00,559.3900146484375,561.22998046875,559.010009765625,560.6900024414062,127963
2026-06-30 15:02:00+00:00,560.8798828125,561.6099853515625,559.719970703125,561.6099853515625,61137
2026-06-30 15:03:00+00:00,561.697998046875,562.1599731445312,561.2600708007812,562.0150146484375,78152
2026-06-30 15:04:00+00:00,562.0050048828125,562.9799194335938,561.1099853515625,562.969970703125,83654
2026-06-30 15:05:00+00:00,562.8699951171875,564.4000244140625,562.77001953125,564.0864868164062,117380
2026-06-30 15:06:00+00:00,564.2050170898438,565.989990234375,564.2050170898438,565.0808715820312,236041
2026-06-30 15:07:00+00:00,565.375,565.7999877929688,563.52001953125,565.7249755859375,75048
2026-06-30 15:08:00+00:00,565.9099731445312,566.0999755859375,565.0,566.0499877929688,103831
2026-06-30 15:09:00+00:00,565.6699829101562,565.7550048828125,564.5499877929688,565.280029296875,60139
2026-06-30 15:10:00+00:00,565.3049926757812,565.5999755859375,564.4299926757812,564.6199951171875,47176
2026-06-30 15:11:00+00:00,564.5501098632812,564.5501098632812,563.0,563.2349853515625,65275
2026-06-30 15:12:00+00:00,563.0206909179688,564.5112915039062,563.0206909179688,563.989990234375,42876
2026-06-30 15:13:00+00:00,564.0999755859375,565.6900024414062,564.0999755859375,565.3441772460938,56034
2026-06-30 15:14:00+00:00,565.4149780273438,565.4998779296875,564.7501220703125,565.3400268554688,39507
2026-06-30 15:15:00+00:00,565.1900024414062,565.5999755859375,563.6799926757812,563.6799926757812,66209
2026-06-30 15:16:00+00:00,563.9199829101562,564.9199829101562,563.5999755859375,564.4949951171875,65728
2026-06-30 15:17:00+00:00,564.47998046875,565.1998901367188,564.260009765625,564.8900146484375,56605
2026-06-30 15:18:00+00:00,564.864990234375,565.1900024414062,564.22998046875,564.8499755859375,64385
2026-06-30 15:19:00+00:00,564.5349731445312,565.5989990234375,564.3900146484375,565.219970703125,77626
2026-06-30 15:20:00+00:00,565.2150268554688,565.9398803710938,564.8900146484375,565.39501953125,53438
2026-06-30 15:21:00+00:00,565.52001953125,566.1400146484375,564.8350219726562,565.4249877929688,99825
2026-06-30 15:22:00+00:00,565.4400024414062,565.9500122070312,565.010009765625,565.3300170898438,34927
2026-06-30 15:23:00+00:00,565.530029296875,566.2000122070312,565.469970703125,565.7241821289062,47823
2026-06-30 15:24:00+00:00,565.780029296875,565.97998046875,564.513427734375,565.010009765625,60634
2026-06-30 15:25:00+00:00,565.2098999023438,565.6400146484375,564.2999877929688,565.594970703125,66644
2026-06-30 15:26:00+00:00,565.625,565.89990234375,564.8300170898438,565.6699829101562,39483
2026-06-30 15:27:00+00:00,565.6699829101562,565.8494873046875,563.5399780273438,563.760009765625,52580
2026-06-30 15:28:00+00:00,563.8599853515625,565.39501953125,563.6300048828125,565.1950073242188,48150
2026-06-30 15:29:00+00:00,565.4998779296875,566.25,564.969970703125,565.0,63943
2026-06-30 15:30:00+00:00,565.0700073242188,565.125,564.2899780273438,564.8900146484375,26191
2026-06-30 15:31:00+00:00,565.0399780273438,566.3400268554688,564.8900146484375,565.6900024414062,52935
2026-06-30 15:32:00+00:00,565.844970703125,566.4600219726562,565.7352905273438,566.030029296875,40179
2026-06-30 15:33:00+00:00,565.989990234375,566.280029296875,565.7055053710938,565.8200073242188,52431
2026-06-30 15:34:00+00:00,565.6282958984375,567.8900146484375,565.4000244140625,567.7550048828125,125577
2026-06-30 15:35:00+00:00,567.6406860351562,567.869873046875,566.5,566.6099853515625,79206
2026-06-30 15:36:00+00:00,566.5399780273438,566.969970703125,565.8099975585938,566.6104736328125,35297
2026-06-30 15:37:00+00:00,566.594970703125,567.8200073242188,566.1500244140625,567.3099975585938,50264
2026-06-30 15:38:00+00:00,567.1500244140625,567.4699096679688,566.2501220703125,566.8699951171875,48082
2026-06-30 15:39:00+00:00,566.875,567.4000244140625,566.72998046875,567.2252807617188,29442
2026-06-30 15:40:00+00:00,567.2999877929688,569.2999877929688,567.1400146484375,568.469970703125,178149
2026-06-30 15:41:00+00:00,568.2849731445312,570.5,567.8900146484375,569.780029296875,167835
2026-06-30 15:42:00+00:00,569.6799926757812,571.0999755859375,569.6799926757812,570.9000244140625,94352
2026-06-30 15:43:00+00:00,570.9000244140625,572.2799072265625,570.6199951171875,571.77001953125,180807
2026-06-30 15:44:00+00:00,571.8200073242188,572.6599731445312,571.35009765625,571.8049926757812,97907
2026-06-30 15:45:00+00:00,571.7308959960938,573.5,571.6500244140625,573.0,133602
2026-06-30 15:46:00+00:00,573.0650024414062,573.419921875,572.0,572.8350219726562,103106
2026-06-30 15:47:00+00:00,572.9199829101562,573.1998901367188,571.6900024414062,572.0900268554688,86851
2026-06-30 15:48:00+00:00,572.3099975585938,573.0999755859375,571.7999877929688,573.0549926757812,52756
2026-06-30 15:49:00+00:00,573.0333862304688,575.6599731445312,572.97998046875,575.0731811523438,248796
2026-06-30 15:50:00+00:00,575.144287109375,577.625,574.9000244140625,577.5,150125
2026-06-30 15:51:00+00:00,577.489990234375,578.9400024414062,577.3599853515625,577.9600219726562,175721
2026-06-30 15:52:00+00:00,578.0,578.9500122070312,577.4031982421875,577.4031982421875,114107
2026-06-30 15:53:00+00:00,577.25,577.9099731445312,576.7899780273438,577.635009765625,102367
2026-06-30 15:54:00+00:00,577.635009765625,577.72998046875,576.5,576.969970703125,73502
2026-06-30 15:55:00+00:00,576.969970703125,577.4400024414062,576.5800170898438,577.39990234375,79851
2026-06-30 15:56:00+00:00,577.4400024414062,578.4998779296875,576.5999755859375,577.5399780273438,69593
2026-06-30 15:57:00+00:00,577.5650024414062,578.3900146484375,576.6099853515625,578.2449951171875,72108
2026-06-30 15:58:00+00:00,578.0599975585938,578.4498901367188,576.7899780273438,577.7999877929688,76767
2026-06-30 15:59:00+00:00,577.7999877929688,578.2999877929688,577.388671875,577.5501098632812,51381
2026-06-30 16:00:00+00:00,577.7811889648438,577.7899780273438,575.5,576.469482421875,102569
2026-06-30 16:01:00+00:00,576.3699951171875,577.6699829101562,576.0999755859375,577.52001953125,81036
2026-06-30 16:02:00+00:00,577.5250244140625,578.1500244140625,577.118896484375,577.9500122070312,86327
2026-06-30 16:03:00+00:00,577.989990234375,577.989990234375,576.0800170898438,576.280029296875,85720
2026-06-30 16:04:00+00:00,576.280029296875,576.4588012695312,575.1199951171875,575.1500244140625,82349
2026-06-30 16:05:00+00:00,575.2999877929688,576.2000122070312,575.1500244140625,575.969970703125,55081
2026-06-30 16:06:00+00:00,575.97998046875,576.4500122070312,575.7999877929688,576.1500244140625,37197
2026-06-30 16:07:00+00:00,576.135009765625,577.330810546875,575.8099975585938,576.7999877929688,45678
2026-06-30 16:08:00+00:00,576.8662109375,577.64892578125,576.8662109375,577.5,36020
2026-06-30 16:09:00+00:00,577.3599853515625,577.8198852539062,576.3701171875,577.0800170898438,45387
2026-06-30 16:10:00+00:00,576.9849853515625,578.0,576.5,577.6900024414062,61275
2026-06-30 16:11:00+00:00,577.75,578.0,576.4299926757812,577.1199951171875,52489
2026-06-30 16:12:00+00:00,577.14501953125,578.4743041992188,576.880126953125,578.3132934570312,34074
2026-06-30 16:13:00+00:00,578.385009765625,579.72998046875,578.1400146484375,578.530029296875,102087
2026-06-30 16:14:00+00:00,578.614990234375,578.851318359375,577.0599975585938,577.3200073242188,59280
2026-06-30 16:15:00+00:00,577.530029296875,578.5,577.2000122070312,578.3073120117188,57051
2026-06-30 16:16:00+00:00,578.3828735351562,578.7999877929688,577.8400268554688,577.9099731445312,53484
2026-06-30 16:17:00+00:00,577.9949951171875,578.3399047851562,577.5,577.655029296875,48885
2026-06-30 16:18:00+00:00,577.49560546875,578.07080078125,577.030029296875,577.3599853515625,50527
2026-06-30 16:19:00+00:00,577.4650268554688,577.9899291992188,576.2899780273438,577.2449951171875,44547
2026-06-30 16:20:00+00:00,577.1400146484375,578.7230224609375,577.1400146484375,578.1500244140625,39643
2026-06-30 16:21:00+00:00,578.125,578.4299926757812,577.5399780273438,577.9299926757812,29243
2026-06-30 16:22:00+00:00,578.1099853515625,578.3300170898438,577.5499877929688,577.89501953125,23771
2026-06-30 16:23:00+00:00,577.7999877929688,577.8800048828125,577.0,577.6199951171875,34914
2026-06-30 16:24:00+00:00,577.5156860351562,579.7000122070312,577.0900268554688,579.4400024414062,113702
2026-06-30 16:25:00+00:00,579.5250244140625,579.5900268554688,578.1300048828125,578.489990234375,54018
2026-06-30 16:26:00+00:00,578.375,578.673828125,578.0800170898438,578.4600219726562,24895
2026-06-30 16:27:00+00:00,578.5449829101562,579.0900268554688,577.8900146484375,578.1699829101562,41449
2026-06-30 16:28:00+00:00,577.6599731445312,578.4600219726562,577.1900024414062,577.1901245117188,37671
2026-06-30 16:29:00+00:00,577.3151245117188,577.6798706054688,577.0,577.3699951171875,44030
2026-06-30 16:30:00+00:00,577.3781127929688,577.489990234375,576.1300048828125,577.1799926757812,41578
2026-06-30 16:31:00+00:00,577.0014038085938,577.5,576.6801147460938,577.2899780273438,46933
2026-06-30 16:32:00+00:00,577.4000244140625,577.4998779296875,576.6400146484375,576.6400146484375,27506
2026-06-30 16:33:00+00:00,576.4901123046875,576.780029296875,576.2100219726562,576.4099731445312,26026
2026-06-30 16:34:00+00:00,576.6199951171875,576.9000244140625,576.2100219726562,576.9000244140625,23363
2026-06-30 16:35:00+00:00,576.780029296875,577.969970703125,576.47998046875,577.7100219726562,38113
2026-06-30 16:36:00+00:00,577.7899780273438,578.1799926757812,577.510009765625,577.7830200195312,42288
2026-06-30 16:37:00+00:00,577.7100219726562,578.1099853515625,577.1400146484375,577.2999877929688,25719
2026-06-30 16:38:00+00:00,577.2999877929688,577.2999877929688,576.130126953125,576.4199829101562,27706
2026-06-30 16:39:00+00:00,576.5,576.655029296875,576.0,576.655029296875,55552
2026-06-30 16:40:00+00:00,576.655029296875,577.5499877929688,576.2000122070312,577.2213745117188,33335
2026-06-30 16:41:00+00:00,577.125,577.3900146484375,576.3599853515625,576.9450073242188,38802
2026-06-30 16:42:00+00:00,577.2000122070312,577.989990234375,577.0100708007812,577.7050170898438,45971
2026-06-30 16:43:00+00:00,577.7000122070312,578.2000122070312,576.510009765625,577.8800048828125,57766
2026-06-30 16:44:00+00:00,577.8800048828125,578.8800048828125,577.489990234375,578.719970703125,62542
2026-06-30 16:45:00+00:00,578.7899780273438,579.4299926757812,578.1494750976562,579.2996826171875,75589
2026-06-30 16:46:00+00:00,579.2999877929688,579.75,579.0001220703125,579.5050048828125,58460
2026-06-30 16:47:00+00:00,579.5050048828125,579.9299926757812,578.5590209960938,578.9400024414062,70291
2026-06-30 16:48:00+00:00,579.06982421875,579.9199829101562,578.9249877929688,579.9199829101562,34601
2026-06-30 16:49:00+00:00,579.844970703125,581.260009765625,579.7899780273438,581.0,211099
2026-06-30 16:50:00+00:00,580.8800048828125,581.1900024414062,580.4901123046875,580.7899780273438,61662
2026-06-30 16:51:00+00:00,580.8200073242188,581.3328247070312,580.650390625,580.840087890625,68485
2026-06-30 16:52:00+00:00,581.0999755859375,581.1900024414062,580.0599975585938,581.0,58481
2026-06-30 16:53:00+00:00,581.1099853515625,581.3800048828125,580.9500732421875,581.2100219726562,47863
2026-06-30 16:54:00+00:00,581.1400146484375,581.27001953125,580.510009765625,580.85498046875,39179
2026-06-30 16:55:00+00:00,580.97998046875,581.0700073242188,580.3099975585938,580.6400146484375,37324
2026-06-30 16:56:00+00:00,580.5499877929688,580.8900146484375,580.2100219726562,580.3599853515625,38412
2026-06-30 16:57:00+00:00,580.3599853515625,580.5599975585938,579.530029296875,579.6300048828125,63375
2026-06-30 16:58:00+00:00,579.5399780273438,579.7100219726562,578.9400024414062,579.406005859375,50560
2026-06-30 16:59:00+00:00,579.6400146484375,579.9000244140625,579.260009765625,579.75,30991
2026-06-30 17:00:00+00:00,579.8800048828125,580.47998046875,579.52001953125,580.1599731445312,55298
2026-06-30 17:01:00+00:00,580.0499877929688,581.280029296875,579.9000244140625,581.02001953125,61045
2026-06-30 17:02:00+00:00,580.9650268554688,581.5,580.771728515625,581.1300048828125,48939
2026-06-30 17:03:00+00:00,581.1699829101562,582.5800170898438,581.0549926757812,582.3662109375,90034
2026-06-30 17:04:00+00:00,582.4349975585938,582.4600219726562,581.3560180664062,581.635009765625,60049
2026-06-30 17:05:00+00:00,581.469970703125,582.2098999023438,581.0999755859375,581.7999877929688,50849
2026-06-30 17:06:00+00:00,581.810302734375,582.3453979492188,581.75,581.9650268554688,31785
2026-06-30 17:07:00+00:00,582.030029296875,582.030029296875,580.301025390625,580.77001953125,49119
2026-06-30 17:08:00+00:00,580.8900146484375,581.1699829101562,580.4171752929688,580.751220703125,22026
2026-06-30 17:09:00+00:00,580.6699829101562,581.2199096679688,580.2999877929688,580.2999877929688,36849
2026-06-30 17:10:00+00:00,580.489990234375,580.5399780273438,579.97998046875,580.0955810546875,49402
2026-06-30 17:11:00+00:00,580.0767211914062,580.5800170898438,579.4201049804688,579.80322265625,48798
2026-06-30 17:12:00+00:00,579.840087890625,580.7999267578125,579.47998046875,580.7999267578125,80910
2026-06-30 17:13:00+00:00,580.4896240234375,580.9099731445312,580.0709228515625,580.27001953125,41909
2026-06-30 17:14:00+00:00,580.0401000976562,580.3599853515625,579.3499755859375,580.1199951171875,43472
2026-06-30 17:15:00+00:00,580.0599975585938,580.3298950195312,579.0,580.0449829101562,32408
2026-06-30 17:16:00+00:00,580.2000122070312,580.5,579.2650146484375,579.52001953125,37088
2026-06-30 17:17:00+00:00,579.5700073242188,579.89501953125,579.330078125,579.6900024414062,34742
2026-06-30 17:18:00+00:00,579.6452026367188,579.9600219726562,579.530029296875,579.6500244140625,23260
2026-06-30 17:19:00+00:00,579.9099731445312,580.1699829101562,579.5700073242188,579.7849731445312,35130
2026-06-30 17:20:00+00:00,579.9199829101562,580.0,579.6099853515625,579.7899780273438,23764
2026-06-30 17:21:00+00:00,579.8599853515625,580.2399291992188,579.02001953125,579.135009765625,39611
2026-06-30 17:22:00+00:00,579.25,579.4598999023438,578.3800048828125,578.8400268554688,53725
2026-06-30 17:23:00+00:00,578.9400024414062,579.6085815429688,578.760009765625,579.1199951171875,29151
2026-06-30 17:24:00+00:00,579.0700073242188,579.1799926757812,578.6099853515625,578.89501953125,30639
2026-06-30 17:25:00+00:00,578.8900146484375,579.159912109375,578.72998046875,578.72998046875,36757
2026-06-30 17:26:00+00:00,578.885009765625,579.125,578.5800170898438,578.8250122070312,32712
2026-06-30 17:27:00+00:00,578.8699951171875,579.0349731445312,578.5599975585938,578.7550048828125,22948
2026-06-30 17:28:00+00:00,578.552001953125,579.2999877929688,578.531982421875,579.1799926757812,29932
2026-06-30 17:29:00+00:00,579.02001953125,579.9500122070312,578.7401123046875,579.510009765625,35686
2026-06-30 17:30:00+00:00,579.8773193359375,579.8773193359375,579.0601196289062,579.2999877929688,34737
2026-06-30 17:31:00+00:00,579.3250122070312,579.719970703125,579.1199951171875,579.4166870117188,22402
2026-06-30 17:32:00+00:00,579.6500244140625,579.7999877929688,579.2100219726562,579.6400146484375,24561
2026-06-30 17:33:00+00:00,579.7100219726562,580.7249145507812,579.7100219726562,580.5977783203125,46818
2026-06-30 17:34:00+00:00,580.3900146484375,581.5,580.2440185546875,581.125,55557
2026-06-30 17:35:00+00:00,581.125,581.6699829101562,580.9545288085938,581.135009765625,57893
2026-06-30 17:36:00+00:00,581.1300048828125,581.1696166992188,580.4766235351562,580.6699829101562,40772
2026-06-30 17:37:00+00:00,580.510009765625,580.9699096679688,580.1801147460938,580.8779907226562,32283
2026-06-30 17:38:00+00:00,580.5900268554688,580.9099731445312,579.97998046875,580.4099731445312,32204
2026-06-30 17:39:00+00:00,580.4400024414062,580.7999267578125,578.6900024414062,578.8189086914062,83120
2026-06-30 17:40:00+00:00,578.5499877929688,578.9199829101562,578.4099731445312,578.863525390625,42375
2026-06-30 17:41:00+00:00,578.7550048828125,578.9099731445312,578.030029296875,578.6500244140625,28900
2026-06-30 17:42:00+00:00,578.7451782226562,579.0800170898438,578.5200805664062,578.875,25893
2026-06-30 17:43:00+00:00,578.8699951171875,578.969970703125,578.35009765625,578.5800170898438,31892
2026-06-30 17:44:00+00:00,578.3499755859375,579.9500122070312,578.2999877929688,579.7600708007812,55834
2026-06-30 17:45:00+00:00,579.780029296875,579.9000244140625,579.0635986328125,579.239990234375,44635
2026-06-30 17:46:00+00:00,579.0999755859375,579.3300170898438,578.7999877929688,579.094970703125,18736
2026-06-30 17:47:00+00:00,579.0900268554688,579.47998046875,578.8400268554688,579.1199951171875,21490
2026-06-30 17:48:00+00:00,579.3300170898438,579.5,579.1500244140625,579.5,19809
2026-06-30 17:49:00+00:00,579.3400268554688,579.64990234375,578.4500122070312,578.8099975585938,49205
2026-06-30 17:50:00+00:00,578.7117919921875,578.8699951171875,577.8200073242188,578.5700073242188,45304
2026-06-30 17:51:00+00:00,578.7000122070312,579.2000122070312,578.4400024414062,578.7100219726562,38248
2026-06-30 17:52:00+00:00,578.8400268554688,579.1199951171875,578.2999877929688,578.7899780273438,21963
2026-06-30 17:53:00+00:00,578.7899780273438,579.0,578.2999877929688,578.4299926757812,21170
2026-06-30 17:54:00+00:00,578.530029296875,579.5599975585938,578.2899780273438,579.4299926757812,37427
2026-06-30 17:55:00+00:00,579.6099853515625,579.6099853515625,578.719970703125,579.2999877929688,31389
2026-06-30 17:56:00+00:00,579.3900146484375,579.87841796875,579.1500244140625,579.4600219726562,29674
2026-06-30 17:57:00+00:00,579.4600219726562,580.0999755859375,579.4191284179688,579.6199951171875,31592
2026-06-30 17:58:00+00:00,579.64501953125,580.9199829101562,579.4600219726562,580.6749877929688,56867
2026-06-30 17:59:00+00:00,580.7150268554688,580.72998046875,579.8800048828125,580.369873046875,35046
2026-06-30 18:00:00+00:00,580.2100219726562,580.72998046875,579.797607421875,580.1699829101562,56197
2026-06-30 18:01:00+00:00,580.1699829101562,582.0599975585938,579.7852172851562,581.7899780273438,90195
2026-06-30 18:02:00+00:00,581.7100219726562,582.2000122070312,581.7000122070312,581.8900146484375,36002
2026-06-30 18:03:00+00:00,581.89501953125,581.969970703125,580.8699951171875,581.4500122070312,47463
2026-06-30 18:04:00+00:00,581.5900268554688,581.9500122070312,580.010009765625,580.739990234375,60788
2026-06-30 18:05:00+00:00,580.8499755859375,581.1699829101562,579.2999877929688,579.489990234375,40834
2026-06-30 18:06:00+00:00,579.4600219726562,580.1699829101562,578.0806274414062,578.1998291015625,59882
2026-06-30 18:07:00+00:00,578.6376953125,579.9299926757812,578.6376953125,579.6950073242188,26424
2026-06-30 18:08:00+00:00,579.6950073242188,580.3400268554688,579.489990234375,580.1610107421875,31030
2026-06-30 18:09:00+00:00,580.27001953125,580.7999877929688,580.219970703125,580.4299926757812,28980
2026-06-30 18:10:00+00:00,580.5900268554688,581.4699096679688,580.5,580.9099731445312,44110
2026-06-30 18:11:00+00:00,581.0750122070312,581.260009765625,580.239990234375,580.719970703125,36301
2026-06-30 18:12:00+00:00,580.5599975585938,580.7698974609375,580.3300170898438,580.655029296875,16932
2026-06-30 18:13:00+00:00,580.655029296875,580.9998779296875,580.1799926757812,580.3099975585938,26269
2026-06-30 18:14:00+00:00,580.1400146484375,580.2000122070312,579.6199951171875,579.7750244140625,32517
2026-06-30 18:15:00+00:00,579.875,580.14990234375,579.2600708007812,579.3800048828125,22627
2026-06-30 18:16:00+00:00,579.27001953125,579.7849731445312,579.1799926757812,579.5,21295
2026-06-30 18:17:00+00:00,579.4199829101562,579.7299194335938,579.1500244140625,579.1799926757812,22352
2026-06-30 18:18:00+00:00,579.155029296875,579.8900146484375,578.9000854492188,579.6500244140625,38352
2026-06-30 18:19:00+00:00,579.8098754882812,579.9500122070312,579.22998046875,579.22998046875,30850
2026-06-30 18:20:00+00:00,579.2100219726562,579.530029296875,578.8900756835938,579.52001953125,22255
2026-06-30 18:21:00+00:00,579.52001953125,579.5999755859375,578.7509155273438,579.3049926757812,31304
2026-06-30 18:22:00+00:00,579.22998046875,579.419921875,578.9000244140625,579.2000122070312,23864
2026-06-30 18:23:00+00:00,579.2542724609375,579.6500244140625,579.0,579.4849853515625,45176
2026-06-30 18:24:00+00:00,579.489990234375,580.1900024414062,579.489990234375,580.0449829101562,32359
2026-06-30 18:25:00+00:00,579.989990234375,580.97998046875,579.97998046875,580.844970703125,50921
2026-06-30 18:26:00+00:00,580.844970703125,581.2000122070312,580.6199951171875,581.0150146484375,57077
2026-06-30 18:27:00+00:00,581.0150146484375,581.8499755859375,580.7899780273438,581.719970703125,49396
2026-06-30 18:28:00+00:00,581.8900146484375,581.989990234375,581.5601196289062,581.8250122070312,42244
2026-06-30 18:29:00+00:00,581.8250122070312,581.875,581.4506225585938,581.875,31093
2026-06-30 18:30:00+00:00,581.9439697265625,581.97998046875,581.22998046875,581.22998046875,38413
2026-06-30 18:31:00+00:00,581.1599731445312,581.7999877929688,581.1599731445312,581.52001953125,33512
2026-06-30 18:32:00+00:00,581.5200805664062,582.280029296875,581.3101196289062,582.280029296875,59647
2026-06-30 18:33:00+00:00,582.1300048828125,582.4199829101562,581.3499755859375,582.0700073242188,37819
2026-06-30 18:34:00+00:00,582.030029296875,582.1400146484375,581.6400146484375,582.0,35092
2026-06-30 18:35:00+00:00,582.1099853515625,583.3200073242188,581.9400024414062,582.8699951171875,83834
2026-06-30 18:36:00+00:00,582.7000732421875,582.989990234375,581.9099731445312,582.3699951171875,62926
2026-06-30 18:37:00+00:00,582.3699951171875,582.6900024414062,582.1199951171875,582.3499755859375,34606
2026-06-30 18:38:00+00:00,582.3200073242188,582.6500244140625,581.8300170898438,582.4349975585938,37667
2026-06-30 18:39:00+00:00,582.3300170898438,583.010009765625,582.2700805664062,582.4000244140625,53363
2026-06-30 18:40:00+00:00,582.4000244140625,583.2899780273438,582.1900024414062,582.89501953125,44048
2026-06-30 18:41:00+00:00,582.89501953125,583.6900024414062,582.6701049804688,583.4249877929688,57821
2026-06-30 18:42:00+00:00,583.4249877929688,583.9099731445312,583.2000122070312,583.4550170898438,52813
2026-06-30 18:43:00+00:00,583.469970703125,584.0,582.0900268554688,582.0900268554688,101446
2026-06-30 18:44:00+00:00,582.0900268554688,583.0700073242188,582.010009765625,582.7949829101562,45896
2026-06-30 18:45:00+00:00,582.7092895507812,582.9299926757812,581.8851928710938,581.8851928710938,40818
2026-06-30 18:46:00+00:00,581.969970703125,583.389892578125,581.860107421875,582.9199829101562,46148
2026-06-30 18:47:00+00:00,583.119873046875,583.389892578125,582.7750244140625,582.7750244140625,50404
2026-06-30 18:48:00+00:00,582.77001953125,582.8300170898438,581.9000244140625,582.5198974609375,31800
2026-06-30 18:49:00+00:00,582.3350219726562,582.9000244140625,582.2901000976562,582.5999755859375,30228
2026-06-30 18:50:00+00:00,582.489990234375,583.22998046875,582.4224243164062,583.1099853515625,30974
2026-06-30 18:51:00+00:00,583.22998046875,583.2399291992188,582.0311889648438,582.6096801757812,46001
2026-06-30 18:52:00+00:00,582.4149780273438,583.030029296875,582.4149780273438,583.0050048828125,29753
2026-06-30 18:53:00+00:00,583.1900024414062,583.4000244140625,582.5800170898438,583.4000244140625,33790
2026-06-30 18:54:00+00:00,583.2899780273438,583.2899780273438,582.0100708007812,582.4400024414062,39819
2026-06-30 18:55:00+00:00,582.4600219726562,582.4600219726562,582.030029296875,582.3099975585938,20551
2026-06-30 18:56:00+00:00,582.27001953125,582.7899780273438,582.1400146484375,582.5090942382812,24909
2026-06-30 18:57:00+00:00,582.4700927734375,582.6699829101562,582.1300048828125,582.27001953125,30905
2026-06-30 18:58:00+00:00,582.260009765625,582.7999267578125,582.0599975585938,582.1300048828125,28694
2026-06-30 18:59:00+00:00,582.219970703125,582.5999755859375,581.3300170898438,581.6799926757812,41152
2026-06-30 19:00:00+00:00,581.4500122070312,581.8198852539062,581.0,581.377197265625,45676
2026-06-30 19:01:00+00:00,581.4500122070312,582.4299926757812,580.9000244140625,581.864990234375,59575
2026-06-30 19:02:00+00:00,582.0599975585938,582.5900268554688,581.7401123046875,582.4099731445312,27442
2026-06-30 19:03:00+00:00,582.3800048828125,582.5700073242188,581.9600219726562,582.2999877929688,38433
2026-06-30 19:04:00+00:00,582.489990234375,582.9099731445312,582.1099853515625,582.7899780273438,46257
2026-06-30 19:05:00+00:00,582.8200073242188,582.9400024414062,581.3499755859375,581.6799926757812,46557
2026-06-30 19:06:00+00:00,581.7100219726562,583.39990234375,581.4089965820312,582.8900146484375,90721
2026-06-30 19:07:00+00:00,582.72998046875,583.548095703125,582.5499877929688,582.7750854492188,65201
2026-06-30 19:08:00+00:00,582.77001953125,583.2769775390625,582.6300048828125,583.2769775390625,22816
2026-06-30 19:09:00+00:00,583.1799926757812,583.5,583.010009765625,583.0999755859375,40998
2026-06-30 19:10:00+00:00,583.2568969726562,583.8900146484375,583.02001953125,583.635009765625,50610
2026-06-30 19:11:00+00:00,583.60498046875,584.2926025390625,583.2777099609375,583.6950073242188,64810
2026-06-30 19:12:00+00:00,583.7750244140625,583.9298706054688,583.3300170898438,583.7100219726562,43530
2026-06-30 19:13:00+00:00,583.5872192382812,583.8800048828125,583.0,583.1199951171875,45258
2026-06-30 19:14:00+00:00,583.0,583.260009765625,582.6199951171875,583.135009765625,32944
2026-06-30 19:15:00+00:00,583.1900024414062,583.639892578125,582.9500122070312,583.2899780273438,54832
2026-06-30 19:16:00+00:00,583.1799926757812,583.4000244140625,582.8900146484375,583.2550048828125,41686
2026-06-30 19:17:00+00:00,583.1199951171875,583.3800048828125,582.6837158203125,582.89501953125,61888
2026-06-30 19:18:00+00:00,582.8400268554688,583.5,582.75,582.97998046875,59411
2026-06-30 19:19:00+00:00,583.0689086914062,583.5999755859375,582.760009765625,583.25,59332
2026-06-30 19:20:00+00:00,583.25,583.8499755859375,583.0,583.3350219726562,65160
2026-06-30 19:21:00+00:00,583.3350219726562,584.72998046875,583.1599731445312,584.3599853515625,92557
2026-06-30 19:22:00+00:00,584.4766845703125,584.5700073242188,583.989990234375,584.4984741210938,54754
2026-06-30 19:23:00+00:00,584.5,584.6400146484375,583.77001953125,583.875,45235
2026-06-30 19:24:00+00:00,583.8699951171875,583.97998046875,582.8699951171875,583.1950073242188,74469
2026-06-30 19:25:00+00:00,583.010009765625,583.4099731445312,582.97998046875,583.3049926757812,42687
2026-06-30 19:26:00+00:00,583.3400268554688,583.7999877929688,582.72998046875,583.4249877929688,149374
2026-06-30 19:27:00+00:00,583.4249877929688,583.7050170898438,583.340087890625,583.5,29326
2026-06-30 19:28:00+00:00,583.4500122070312,583.5900268554688,582.9299926757812,583.0,39573
2026-06-30 19:29:00+00:00,583.0999755859375,583.2000122070312,582.8900146484375,583.0001220703125,48807
2026-06-30 19:30:00+00:00,583.1599731445312,583.2000122070312,582.1602172851562,582.3624877929688,70790
2026-06-30 19:31:00+00:00,582.2949829101562,583.3099975585938,582.1600952148438,582.8900146484375,45647
2026-06-30 19:32:00+00:00,582.8900146484375,583.0900268554688,582.6099853515625,582.8200073242188,48169
2026-06-30 19:33:00+00:00,582.719970703125,583.3300170898438,582.6900024414062,582.952880859375,45307
2026-06-30 19:34:00+00:00,583.0499877929688,583.0499877929688,582.1199951171875,582.1799926757812,46877
2026-06-30 19:35:00+00:00,582.1500244140625,582.5,581.780029296875,582.3400268554688,57059
2026-06-30 19:36:00+00:00,582.3300170898438,582.4149780273438,581.8331909179688,582.1300048828125,62289
2026-06-30 19:37:00+00:00,582.125,582.2000122070312,581.3201293945312,581.5,81682
2026-06-30 19:38:00+00:00,581.5499877929688,581.685791015625,580.7000122070312,580.8300170898438,102502
2026-06-30 19:39:00+00:00,580.8049926757812,582.1199951171875,580.6710205078125,582.1060180664062,108402
2026-06-30 19:40:00+00:00,582.1199951171875,582.6599731445312,582.0001220703125,582.0499877929688,60195
2026-06-30 19:41:00+00:00,582.1199951171875,582.5999755859375,582.1199951171875,582.5999145507812,53987
2026-06-30 19:42:00+00:00,582.489990234375,583.22998046875,582.25,582.9600219726562,96216
2026-06-30 19:43:00+00:00,583.0,583.0499877929688,581.8300170898438,581.830078125,85187
2026-06-30 19:44:00+00:00,581.8607788085938,582.8200073242188,581.8607788085938,582.4450073242188,55338
2026-06-30 19:45:00+00:00,582.6298828125,583.25,581.7000122070312,582.0399780273438,100294
2026-06-30 19:46:00+00:00,582.280029296875,582.280029296875,581.7899780273438,582.125,55811
2026-06-30 19:47:00+00:00,582.125,582.7999877929688,581.989990234375,582.5399780273438,60867
2026-06-30 19:48:00+00:00,582.4199829101562,583.030029296875,582.3300170898438,582.52001953125,77770
2026-06-30 19:49:00+00:00,582.52001953125,583.7999877929688,582.4849853515625,583.4307861328125,96506
2026-06-30 19:50:00+00:00,583.1900024414062,583.1900024414062,580.6599731445312,581.5800170898438,132398
2026-06-30 19:51:00+00:00,581.5800170898438,582.9000244140625,581.1300048828125,582.8900146484375,133867
2026-06-30 19:52:00+00:00,582.8049926757812,583.8200073242188,582.7100219726562,583.580078125,126832
2026-06-30 19:53:00+00:00,583.5999755859375,584.4600219726562,583.110107421875,583.260009765625,175769
2026-06-30 19:54:00+00:00,583.260009765625,584.3599853515625,581.8499755859375,582.2899780273438,202727
2026-06-30 19:55:00+00:00,582.02001953125,584.2999877929688,581.97998046875,584.0900268554688,206592
2026-06-30 19:56:00+00:00,584.0700073242188,584.0700073242188,583.1400146484375,583.260009765625,199044
2026-06-30 19:57:00+00:00,583.27001953125,583.3699951171875,582.030029296875,582.0900268554688,238184
2026-06-30 19:58:00+00:00,582.030029296875,582.77001953125,582.030029296875,582.0499877929688,330918
2026-06-30 19:59:00+00:00,582.0499877929688,582.1400146484375,580.0700073242188,580.8200073242188,781931
2026-06-30 20:00:00+00:00,580.91,580.91,580.0,580.345,3041382
2026-06-30 20:01:00+00:00,580.01,580.91,580.0,580.0,0
2026-06-30 20:02:00+00:00,580.01,580.91,580.0,580.0,0
2026-06-30 20:03:00+00:00,580.26,580.91,580.17,580.548,0
2026-06-30 20:04:00+00:00,580.42,580.91,580.0,580.0,0
2026-06-30 20:05:00+00:00,580.13,580.91,580.0,580.11,0
2026-06-30 20:06:00+00:00,580.01,580.59,580.01,580.59,0
2026-06-30 20:07:00+00:00,580.5,580.8,580.05,580.79,0
2026-06-30 20:08:00+00:00,580.575,580.91,580.35,580.54,0
2026-06-30 20:09:00+00:00,580.54,581.0,580.3998,580.85,0
2026-06-30 20:10:00+00:00,580.83,580.9888,580.35,580.7,0
2026-06-30 20:11:00+00:00,580.55,580.91,580.0,580.02,0
2026-06-30 20:12:00+00:00,580.62,580.91,579.25,579.91,0
2026-06-30 20:13:00+00:00,579.46,579.64,578.24,578.75,0
2026-06-30 20:14:00+00:00,578.71,579.23,578.64,579.127,0
2026-06-30 20:15:00+00:00,579.35,579.6,578.65,579.15,0
2026-06-30 20:16:00+00:00,579.15,579.3,578.5,578.66,0
2026-06-30 20:17:00+00:00,579.1,579.1,578.24,578.64,0
2026-06-30 20:18:00+00:00,578.64,579.2988,578.24,578.83,0
2026-06-30 20:19:00+00:00,578.83,579.0,578.51,578.6275,0
2026-06-30 20:20:00+00:00,580.91,580.91,578.24,578.8,0
2026-06-30 20:21:00+00:00,578.6731,578.8,578.24,578.5,0
2026-06-30 20:22:00+00:00,578.7414,578.7414,578.25,578.5,0
2026-06-30 20:23:00+00:00,578.69,578.69,578.26,578.5,0
2026-06-30 20:24:00+00:00,578.68,578.69,578.31,578.64,0
2026-06-30 20:25:00+00:00,578.68,578.69,578.2,578.33,0
2026-06-30 20:26:00+00:00,578.46,578.7,578.26,578.57,0
2026-06-30 20:27:00+00:00,578.57,580.91,578.5,578.56,0
2026-06-30 20:28:00+00:00,578.567,578.57,578.45,578.56,0
2026-06-30 20:29:00+00:00,578.45,578.57,578.3,578.3,0
2026-06-30 20:30:00+00:00,578.4,578.56,578.3,578.4,0
2026-06-30 20:31:00+00:00,578.4642,578.4642,578.01,578.4387,0
2026-06-30 20:32:00+00:00,578.04,578.3673,578.0,578.1069,0
2026-06-30 20:33:00+00:00,578.225,578.49,578.01,578.25,0
2026-06-30 20:34:00+00:00,578.1,578.49,578.0,578.1328,0
2026-06-30 20:35:00+00:00,578.18,578.48,578.0,578.0,0
2026-06-30 20:36:00+00:00,578.07,578.2827,577.75,577.76,0
2026-06-30 20:37:00+00:00,577.75,578.1438,577.5,578.0,0
2026-06-30 20:38:00+00:00,577.9,578.14,577.51,577.92,0
2026-06-30 20:39:00+00:00,578.03,578.14,577.92,578.02,0
2026-06-30 20:40:00+00:00,578.02,578.47,578.0,578.37,0
2026-06-30 20:41:00+00:00,578.37,578.48,578.01,578.25,0
2026-06-30 20:42:00+00:00,578.45,578.45,578.0,578.0001,0
2026-06-30 20:43:00+00:00,578.0,578.25,577.82,577.82,0
2026-06-30 20:44:00+00:00,578.0,578.24,577.92,578.05,0
2026-06-30 20:45:00+00:00,578.05,578.25,577.92,577.95,0
2026-06-30 20:46:00+00:00,578.0,578.25,577.95,578.2,0
2026-06-30 20:47:00+00:00,578.1849,578.24,577.95,578.03,0
2026-06-30 20:48:00+00:00,578.08,578.25,578.03,578.07,0
2026-06-30 20:49:00+00:00,578.14,578.2721,578.03,578.2542,0
2026-06-30 20:50:00+00:00,578.25,578.9997,578.215,578.43,0
2026-06-30 20:51:00+00:00,578.3,578.9782,578.14,578.55,0
2026-06-30 20:52:00+00:00,578.26,578.95,578.26,578.58,0
2026-06-30 20:53:00+00:00,578.75,578.95,578.62,578.75,0
2026-06-30 20:54:00+00:00,578.945,578.95,578.8,578.8103,0
2026-06-30 20:55:00+00:00,578.933,579.3,578.81,579.3,0
2026-06-30 20:56:00+00:00,579.2459,579.3,578.95,579.125,0
2026-06-30 20:57:00+00:00,579.06,579.3,578.96,579.0,0
2026-06-30 20:58:00+00:00,579.02,579.2899,579.0,579.12,0
2026-06-30 20:59:00+00:00,579.14,579.5,579.0,579.5,0
2026-06-30 21:00:00+00:00,579.51,579.51,579.12,579.15,0
2026-06-30 21:01:00+00:00,579.12,579.28,579.12,579.2,0
2026-06-30 21:02:00+00:00,579.2,579.2543,578.9688,578.97,0
2026-06-30 21:03:00+00:00,578.8203,579.28,578.81,579.28,0
2026-06-30 21:04:00+00:00,579.0,579.28,578.76,578.86,0
2026-06-30 21:05:00+00:00,579.1,579.1912,578.85,578.8587,0
2026-06-30 21:06:00+00:00,578.86,579.1545,578.85,579.025,0
2026-06-30 21:07:00+00:00,579.2,579.2,578.66,578.66,0
2026-06-30 21:08:00+00:00,578.66,578.75,578.3,578.69,0
2026-06-30 21:09:00+00:00,578.5733,579.0752,578.2387,578.5051,0
2026-06-30 21:10:00+00:00,578.6,579.08,578.5,578.632,0
2026-06-30 21:11:00+00:00,578.68,578.95,578.45,578.76,0
2026-06-30 21:12:00+00:00,578.5,578.8765,578.35,578.51,0
2026-06-30 21:13:00+00:00,578.4,578.819,578.35,578.75,0
2026-06-30 21:14:00+00:00,578.57,578.75,578.4755,578.7315,0
2026-06-30 21:15:00+00:00,578.65,578.65,578.4012,578.54,0
2026-06-30 21:16:00+00:00,578.55,578.6599,578.1235,578.37,0
2026-06-30 21:17:00+00:00,578.45,578.61,578.11,578.49,0
2026-06-30 21:18:00+00:00,578.4,578.56,578.3,578.373,0
2026-06-30 21:19:00+00:00,578.23,578.3,578.1045,578.11,0
2026-06-30 21:20:00+00:00,578.12,578.5197,578.11,578.5197,0
2026-06-30 21:21:00+00:00,578.17,578.393,578.13,578.21,0
2026-06-30 21:22:00+00:00,578.11,578.4,578.1,578.4,0
2026-06-30 21:23:00+00:00,578.295,578.3657,578.2001,578.35,0
2026-06-30 21:24:00+00:00,578.22,578.39,578.2,578.2191,0
2026-06-30 21:25:00+00:00,578.2097,580.91,578.2,578.2001,0
2026-06-30 21:26:00+00:00,578.2,578.22,578.15,578.2175,0
2026-06-30 21:27:00+00:00,578.2024,578.2077,578.1367,578.2077,0
2026-06-30 21:28:00+00:00,578.2,578.2,578.1,578.1207,0
2026-06-30 21:29:00+00:00,578.15,578.22,578.12,578.18,0
2026-06-30 21:30:00+00:00,578.22,578.25,578.17,578.1812,0
2026-06-30 21:31:00+00:00,578.3799,578.38,578.18,578.21,0
2026-06-30 21:32:00+00:00,578.23,578.39,578.12,578.21,0
2026-06-30 21:33:00+00:00,578.16,578.255,578.12,578.255,0
2026-06-30 21:34:00+00:00,578.14,578.37,578.04,578.15,0
2026-06-30 21:35:00+00:00,578.23,578.345,578.225,578.3,0
2026-06-30 21:36:00+00:00,578.3,578.36,578.1317,578.2892,0
2026-06-30 21:37:00+00:00,578.26,578.28,578.1507,578.1512,0
2026-06-30 21:38:00+00:00,578.2196,578.36,578.14,578.15,0
2026-06-30 21:39:00+00:00,578.25,578.34,578.135,578.135,0
2026-06-30 21:40:00+00:00,578.15,578.15,578.1,578.14,0
2026-06-30 21:41:00+00:00,578.135,578.245,578.12,578.15,0
2026-06-30 21:42:00+00:00,578.12,578.37,578.03,578.21,0
2026-06-30 21:43:00+00:00,578.205,578.24,578.1207,578.24,0
2026-06-30 21:44:00+00:00,578.15,578.3,578.1209,578.215,0
2026-06-30 21:45:00+00:00,578.2,578.2975,578.2,578.2,0
2026-06-30 21:46:00+00:00,578.25,578.3,578.2,578.2,0
2026-06-30 21:47:00+00:00,578.23,578.3,578.2,578.2001,0
2026-06-30 21:48:00+00:00,578.2,578.25,578.13,578.185,0
2026-06-30 21:49:00+00:00,578.12,578.25,578.08,578.18,0
2026-06-30 21:50:00+00:00,578.25,578.25,578.12,578.1219,0
2026-06-30 21:51:00+00:00,578.1205,578.2179,577.92,577.92,0
2026-06-30 21:52:00+00:00,577.92,578.2,577.6,577.6,0
2026-06-30 21:53:00+00:00,577.82,577.96,577.51,577.7,0
2026-06-30 21:54:00+00:00,577.8,577.835,577.57,577.6,0
2026-06-30 21:55:00+00:00,577.55,577.55,577.44,577.505,0
2026-06-30 21:56:00+00:00,577.4,577.5,577.0,577.0,0
2026-06-30 21:57:00+00:00,577.18,577.41,577.0,577.2,0
2026-06-30 21:58:00+00:00,577.01,577.38,577.0097,577.3009,0
2026-06-30 21:59:00+00:00,577.32,577.33,577.3,577.33,0
2026-06-30 22:00:00+00:00,577.3,577.99,577.3,577.9852,0
2026-06-30 22:01:00+00:00,577.5,577.7425,577.325,577.34,0
2026-06-30 22:02:00+00:00,577.5,577.5,577.33,577.3308,0
2026-06-30 22:03:00+00:00,577.32,577.5,577.25,577.25,0
2026-06-30 22:04:00+00:00,577.3,577.78,577.2562,577.78,0
2026-06-30 22:05:00+00:00,577.75,577.98,577.36,577.87,0
2026-06-30 22:06:00+00:00,577.9384,577.9384,577.7828,577.84,0
2026-06-30 22:07:00+00:00,577.77,577.89,577.6,577.7971,0
2026-06-30 22:08:00+00:00,577.61,577.93,577.51,577.83,0
2026-06-30 22:09:00+00:00,577.8,577.93,577.52,577.75,0
2026-06-30 22:10:00+00:00,577.88,577.88,577.5,577.565,0
2026-06-30 22:11:00+00:00,577.56,577.82,577.4,577.768,0
2026-06-30 22:12:00+00:00,577.52,577.7089,577.3,577.67,0
2026-06-30 22:13:00+00:00,577.52,577.68,577.44,577.68,0
2026-06-30 22:14:00+00:00,577.472,577.6082,577.3,577.48,0
2026-06-30 22:15:00+00:00,577.43,577.49,577.1575,577.1575,0
2026-06-30 22:16:00+00:00,577.44,577.5,577.1567,577.35,0
2026-06-30 22:17:00+00:00,577.1682,577.46,577.1675,577.3,0
2026-06-30 22:18:00+00:00,577.32,577.82,577.16,577.188,0
2026-06-30 22:19:00+00:00,577.525,577.98,577.17,577.88,0
2026-06-30 22:20:00+00:00,577.365,577.94,577.364,577.364,0
2026-06-30 22:21:00+00:00,577.1882,577.89,577.1882,577.68,0
2026-06-30 22:22:00+00:00,577.17,578.0,577.17,577.845,0
2026-06-30 22:23:00+00:00,577.707,578.0,577.52,577.98,0
2026-06-30 22:24:00+00:00,577.9707,578.0,577.5315,577.8,0
2026-06-30 22:25:00+00:00,577.7067,577.99,577.7067,577.97,0
2026-06-30 22:26:00+00:00,577.77,577.9299,577.77,577.85,0
2026-06-30 22:27:00+00:00,577.83,577.9,577.75,577.89,0
2026-06-30 22:28:00+00:00,577.75,577.88,577.685,577.77,0
2026-06-30 22:29:00+00:00,577.68,577.8027,577.52,577.78,0
2026-06-30 22:30:00+00:00,577.68,577.77,577.5232,577.65,0
2026-06-30 22:31:00+00:00,577.64,577.8,577.52,577.74,0
2026-06-30 22:32:00+00:00,577.5415,577.8941,577.53,577.715,0
2026-06-30 22:33:00+00:00,577.89,577.89,577.62,577.65,0
2026-06-30 22:34:00+00:00,577.75,577.75,577.52,577.6,0
2026-06-30 22:35:00+00:00,577.605,577.6089,577.2085,577.2673,0
2026-06-30 22:36:00+00:00,577.25,577.44,577.2,577.33,0
2026-06-30 22:37:00+00:00,577.42,578.0,577.2477,577.9025,0
2026-06-30 22:38:00+00:00,577.43,578.0,577.3175,577.55,0
2026-06-30 22:39:00+00:00,577.58,577.9988,577.3012,577.9988,0
2026-06-30 22:40:00+00:00,577.67,577.99,577.45,577.45,0
2026-06-30 22:41:00+00:00,577.4,577.96,577.3401,577.655,0
2026-06-30 22:42:00+00:00,577.93,577.93,577.4,577.4,0
2026-06-30 22:43:00+00:00,577.49,577.74,577.47,577.5,0
2026-06-30 22:44:00+00:00,577.52,577.8828,577.511,577.73,0
2026-06-30 22:45:00+00:00,577.6996,577.6996,577.58,577.58,0
2026-06-30 22:46:00+00:00,577.55,577.55,577.48,577.5,0
2026-06-30 22:47:00+00:00,577.5,577.5,577.34,577.34,0
2026-06-30 22:48:00+00:00,577.36,577.38,577.26,577.26,0
2026-06-30 22:49:00+00:00,577.27,577.27,577.08,577.09,0
2026-06-30 22:50:00+00:00,577.1,577.1188,577.06,577.0699,0
2026-06-30 22:51:00+00:00,577.06,577.1185,577.06,577.06,0
2026-06-30 22:52:00+00:00,577.065,577.1122,577.06,577.1,0
2026-06-30 22:53:00+00:00,577.1,577.1,577.01,577.04,0
2026-06-30 22:54:00+00:00,577.04,577.06,576.9,577.0,0
2026-06-30 22:55:00+00:00,576.75,576.99,576.51,576.65,0
2026-06-30 22:56:00+00:00,576.65,576.92,576.5,576.9,0
2026-06-30 22:57:00+00:00,576.5,577.72,576.5,576.52,0
2026-06-30 22:58:00+00:00,577.47,577.92,576.52,577.515,0
2026-06-30 22:59:00+00:00,577.4,577.8227,577.15,577.37,0
2026-06-30 23:00:00+00:00,577.5,577.7349,577.4,577.7349,0
2026-06-30 23:01:00+00:00,577.6,577.75,577.5,577.5,0
2026-06-30 23:02:00+00:00,577.51,577.8,577.5,577.67,0
2026-06-30 23:03:00+00:00,577.4,580.91,577.4,577.92,0
2026-06-30 23:04:00+00:00,577.67,577.89,577.67,577.6704,0
2026-06-30 23:05:00+00:00,577.67,577.85,577.5,577.655,0
2026-06-30 23:06:00+00:00,577.65,577.78,577.5,577.625,0
2026-06-30 23:07:00+00:00,577.52,577.74,577.5,577.74,0
2026-06-30 23:08:00+00:00,577.5,578.32,577.5,578.32,0
2026-06-30 23:09:00+00:00,578.04,578.3482,577.5,578.3482,0
2026-06-30 23:10:00+00:00,578.36,580.91,578.08,578.12,0
2026-06-30 23:11:00+00:00,578.12,578.2507,577.5,578.0,0
2026-06-30 23:12:00+00:00,578.085,578.24,577.925,578.0,0
2026-06-30 23:13:00+00:00,578.095,578.1799,577.5152,577.8,0
2026-06-30 23:14:00+00:00,577.9988,577.9988,577.5,577.6,0
2026-06-30 23:15:00+00:00,577.82,578.02,577.7,577.8,0
2026-06-30 23:16:00+00:00,577.7,577.96,577.4,577.74,0
2026-06-30 23:17:00+00:00,577.66,577.88,577.4,577.87,0
2026-06-30 23:18:00+00:00,577.8089,578.24,577.4,578.0,0
2026-06-30 23:19:00+00:00,578.01,578.36,577.82,577.9156,0
2026-06-30 23:20:00+00:00,577.82,578.37,577.82,578.075,0
2026-06-30 23:21:00+00:00,578.0,578.37,577.92,578.0,0
2026-06-30 23:22:00+00:00,578.0,578.37,577.82,578.17,0
2026-06-30 23:23:00+00:00,578.2,578.37,578.0,578.37,0
2026-06-30 23:24:00+00:00,578.06,578.37,578.02,578.3011,0
2026-06-30 23:25:00+00:00,578.3012,578.36,577.82,578.2,0
2026-06-30 23:26:00+00:00,578.209,578.37,577.82,578.36,0
2026-06-30 23:27:00+00:00,578.35,578.37,578.0481,578.37,0
2026-06-30 23:28:00+00:00,578.36,578.37,578.0,578.37,0
2026-06-30 23:29:00+00:00,578.26,578.32,578.06,578.3,0
2026-06-30 23:30:00+00:00,578.175,578.35,578.175,578.3188,0
2026-06-30 23:31:00+00:00,578.19,578.2,578.05,578.1,0
2026-06-30 23:32:00+00:00,578.067,578.1738,578.05,578.17,0
2026-06-30 23:33:00+00:00,578.15,578.3657,578.15,578.2009,0
2026-06-30 23:34:00+00:00,578.32,578.32,578.2,578.29,0
2026-06-30 23:35:00+00:00,578.295,578.49,578.11,578.2,0
2026-06-30 23:36:00+00:00,578.5,578.929,578.11,578.51,0
2026-06-30 23:37:00+00:00,578.78,578.91,578.2127,578.718,0
2026-06-30 23:38:00+00:00,578.6852,578.6852,578.395,578.5715,0
2026-06-30 23:39:00+00:00,578.64,578.64,578.11,578.6,0
2026-06-30 23:40:00+00:00,578.55,578.69,578.28,578.49,0
2026-06-30 23:41:00+00:00,578.69,578.7,578.28,578.482,0
2026-06-30 23:42:00+00:00,578.36,578.7,578.3514,578.49,0
2026-06-30 23:43:00+00:00,578.45,578.89,578.45,578.8152,0
2026-06-30 23:44:00+00:00,578.8889,578.91,578.4,578.66,0
2026-06-30 23:45:00+00:00,578.9,579.0,578.61,578.82,0
2026-06-30 23:46:00+00:00,578.94,579.0,578.7,578.875,0
2026-06-30 23:47:00+00:00,578.875,579.0,578.7,578.7351,0
2026-06-30 23:48:00+00:00,578.8,578.96,578.8,578.91,0
2026-06-30 23:49:00+00:00,578.81,578.91,578.7,578.7,0
2026-06-30 23:50:00+00:00,578.78,579.215,578.28,579.215,0
2026-06-30 23:51:00+00:00,578.9,579.45,578.9,579.32,0
2026-06-30 23:52:00+00:00,579.35,579.4335,579.18,579.3,0
2026-06-30 23:53:00+00:00,579.1852,579.28,578.9,579.26,0
2026-06-30 23:54:00+00:00,579.0357,579.26,578.9,579.07,0
2026-06-30 23:55:00+00:00,579.075,579.4524,578.9,579.26,0
2026-06-30 23:56:00+00:00,579.4,579.51,579.0,579.1001,0
2026-06-30 23:57:00+00:00,579.168,579.43,579.1,579.1,0
2026-06-30 23:58:00+00:00,579.4,579.48,579.1,579.42,0
2026-06-30 23:59:00+00:00,579.45,579.54,579.1,579.54,0
2026-07-01 08:00:00+00:00,574.23,580.85,572.5925,575.0,0
2026-07-01 08:01:00+00:00,574.5,580.76,572.74,574.97,0
2026-07-01 08:02:00+00:00,574.97,577.1055,573.93,573.96,0
2026-07-01 08:03:00+00:00,573.51,573.9875,573.1865,573.1865,0
2026-07-01 08:04:00+00:00,573.27,573.936,573.0,573.34,0
2026-07-01 08:05:00+00:00,573.06,573.9688,572.25,573.51,0
2026-07-01 08:06:00+00:00,573.88,574.68,573.44,574.0,0
2026-07-01 08:07:00+00:00,573.99,580.62,573.03,580.61,0
2026-07-01 08:08:00+00:00,577.96,580.63,573.0,574.41,0
2026-07-01 08:09:00+00:00,575.0,575.0,574.0,574.5,0
2026-07-01 08:10:00+00:00,574.01,574.9185,573.6,573.9,0
2026-07-01 08:11:00+00:00,573.9,574.46,573.9,573.9,0
2026-07-01 08:12:00+00:00,574.37,574.8,573.9,574.8,0
2026-07-01 08:13:00+00:00,574.92,574.94,573.3,574.07,0
2026-07-01 08:14:00+00:00,574.7618,574.8463,573.12,573.96,0
2026-07-01 08:15:00+00:00,574.915,575.0,574.52,575.0,0
2026-07-01 08:16:00+00:00,574.7,576.4,573.12,574.85,0
2026-07-01 08:17:00+00:00,574.0,574.8488,574.0,574.8488,0
2026-07-01 08:18:00+00:00,574.5,574.7591,574.5,574.5,0
2026-07-01 08:19:00+00:00,574.5,574.85,574.5,574.8488,0
2026-07-01 08:20:00+00:00,573.97,574.2,573.1012,573.1012,0
2026-07-01 08:21:00+00:00,574.02,574.8062,573.1,574.8,0
2026-07-01 08:22:00+00:00,573.6,573.9788,573.25,573.61,0
2026-07-01 08:23:00+00:00,573.98,573.98,572.2612,572.2612,0
2026-07-01 08:24:00+00:00,573.12,573.8775,573.0,573.8775,0
2026-07-01 08:25:00+00:00,573.8775,573.8775,573.16,573.45,0
2026-07-01 08:26:00+00:00,573.45,573.9,573.0012,573.0225,0
2026-07-01 08:27:00+00:00,573.8775,573.8775,573.0,573.11,0
2026-07-01 08:28:00+00:00,573.11,573.9,572.25,572.8,0
2026-07-01 08:29:00+00:00,572.4025,572.71,572.18,572.3,0
2026-07-01 08:30:00+00:00,572.49,573.0,572.3145,573.0,0
2026-07-01 08:31:00+00:00,573.5,573.5,572.18,572.29,0
2026-07-01 08:32:00+00:00,572.44,572.44,572.0962,572.0962,0
2026-07-01 08:33:00+00:00,572.18,572.4,571.656,571.656,0
2026-07-01 08:34:00+00:00,572.0,572.21,571.97,572.0,0
2026-07-01 08:35:00+00:00,572.0,572.78,572.0,572.16,0
2026-07-01 08:36:00+00:00,572.16,572.16,570.0,570.12,0
2026-07-01 08:37:00+00:00,570.5,570.5,570.0,570.5,0
2026-07-01 08:38:00+00:00,570.62,572.4,570.06,570.06,0
2026-07-01 08:39:00+00:00,570.0,570.9,570.0,570.9,0
2026-07-01 08:40:00+00:00,571.7788,571.7788,570.34,570.5,0
2026-07-01 08:41:00+00:00,570.5,570.89,570.0,570.76,0
2026-07-01 08:42:00+00:00,570.89,571.07,570.0,571.07,0
2026-07-01 08:43:00+00:00,571.1225,571.85,571.1225,571.3,0
2026-07-01 08:44:00+00:00,571.99,572.27,571.99,572.1,0
2026-07-01 08:45:00+00:00,572.1,572.32,571.7418,572.3,0
2026-07-01 08:46:00+00:00,572.18,572.18,571.7422,571.95,0
2026-07-01 08:47:00+00:00,572.95,572.95,571.5,572.872,0
2026-07-01 08:48:00+00:00,572.39,572.39,571.4397,571.4397,0
2026-07-01 08:49:00+00:00,571.0012,571.0012,571.0012,571.0012,0
2026-07-01 08:50:00+00:00,571.8,571.89,571.8,571.89,0
2026-07-01 08:51:00+00:00,571.89,572.0,571.046,572.0,0
2026-07-01 08:52:00+00:00,572.0,572.8562,571.0,572.84,0
2026-07-01 08:53:00+00:00,572.85,573.03,572.3955,573.03,0
2026-07-01 08:54:00+00:00,573.0,574.0,573.0,573.95,0
2026-07-01 08:55:00+00:00,573.5,573.95,572.135,572.135,0
2026-07-01 08:56:00+00:00,572.1347,573.49,571.3547,572.99,0
2026-07-01 08:57:00+00:00,573.0,573.0,572.64,572.64,0
2026-07-01 08:58:00+00:00,573.0,573.45,572.99,572.99,0
2026-07-01 08:59:00+00:00,572.64,572.99,572.64,572.99,0
2026-07-01 09:00:00+00:00,572.64,573.2499,572.26,572.26,0
2026-07-01 09:01:00+00:00,572.94,573.3,572.5,573.3,0
2026-07-01 09:02:00+00:00,572.99,572.99,572.68,572.72,0
2026-07-01 09:03:00+00:00,573.45,573.45,572.55,572.72,0
2026-07-01 09:04:00+00:00,573.0,573.14,572.59,572.59,0
2026-07-01 09:05:00+00:00,572.6,572.6,571.8412,572.6,0
2026-07-01 09:06:00+00:00,572.6,572.6,572.6,572.6,0
2026-07-01 09:07:00+00:00,572.87,572.87,572.5,572.5,0
2026-07-01 09:08:00+00:00,571.8012,572.86,571.8012,572.5,0
2026-07-01 09:09:00+00:00,572.32,572.32,571.8,572.04,0
2026-07-01 09:10:00+00:00,572.0,572.7061,572.0,572.0,0
2026-07-01 09:11:00+00:00,571.825,572.0,571.5,571.975,0
2026-07-01 09:12:00+00:00,571.85,572.0,571.5125,571.8,0
2026-07-01 09:13:00+00:00,571.7,571.8,571.23,571.429,0
2026-07-01 09:14:00+00:00,571.07,571.4,571.0,571.38,0
2026-07-01 09:15:00+00:00,571.0636,571.975,571.0609,571.73,0
2026-07-01 09:16:00+00:00,571.9,571.99,571.4,571.99,0
2026-07-01 09:17:00+00:00,571.99,572.3,571.1012,572.3,0
2026-07-01 09:18:00+00:00,572.3,572.3,572.02,572.02,0
2026-07-01 09:19:00+00:00,572.271,572.3988,571.99,572.14,0
2026-07-01 09:20:00+00:00,572.0,572.39,571.9125,571.9125,0
2026-07-01 09:21:00+00:00,572.2,572.3988,571.9125,572.3988,0
2026-07-01 09:22:00+00:00,572.39,572.55,572.2,572.37,0
2026-07-01 09:23:00+00:00,572.4,572.68,572.2,572.24,0
2026-07-01 09:24:00+00:00,572.67,572.67,571.9225,572.67,0
2026-07-01 09:25:00+00:00,572.54,572.67,571.38,571.58,0
2026-07-01 09:26:00+00:00,571.0012,571.81,571.0012,571.81,0
2026-07-01 09:27:00+00:00,572.8,572.8,572.8,572.8,0
2026-07-01 09:28:00+00:00,571.58,572.1588,571.58,572.0322,0
2026-07-01 09:29:00+00:00,572.1017,572.1017,571.593,571.593,0
2026-07-01 09:30:00+00:00,571.59,571.59,570.0,571.3151,0
2026-07-01 09:31:00+00:00,571.48,571.48,570.61,571.4,0
2026-07-01 09:32:00+00:00,571.4,571.49,571.1,571.4888,0
2026-07-01 09:33:00+00:00,571.468,572.0,570.632,571.96,0
2026-07-01 09:34:00+00:00,572.05,572.53,572.05,572.5,0
2026-07-01 09:35:00+00:00,572.1099,572.29,572.1099,572.29,0
2026-07-01 09:36:00+00:00,572.03,572.25,572.03,572.25,0
2026-07-01 09:37:00+00:00,572.274,572.6103,572.21,572.3439,0
2026-07-01 09:38:00+00:00,572.22,572.365,571.0,571.0,0
2026-07-01 09:39:00+00:00,571.0,572.2,571.0,572.2,0
2026-07-01 09:40:00+00:00,571.0,572.26,571.0,572.26,0
2026-07-01 09:41:00+00:00,572.03,572.1988,571.042,572.1988,0
2026-07-01 09:42:00+00:00,572.0,572.0,571.5809,572.0,0
2026-07-01 09:43:00+00:00,571.86,572.19,571.86,572.02,0
2026-07-01 09:44:00+00:00,572.02,572.07,571.2012,571.92,0
2026-07-01 09:45:00+00:00,572.19,572.2,571.24,572.18,0
2026-07-01 09:46:00+00:00,572.12,572.12,571.1,571.1,0
2026-07-01 09:47:00+00:00,571.32,572.8,571.1,572.67,0
2026-07-01 09:48:00+00:00,572.67,572.67,572.5,572.5,0
2026-07-01 09:49:00+00:00,572.01,572.3,572.0067,572.26,0
2026-07-01 09:50:00+00:00,572.1,572.5625,571.85,571.92,0
2026-07-01 09:51:00+00:00,571.1,572.25,571.1,572.25,0
2026-07-01 09:52:00+00:00,571.92,573.8617,571.2687,572.98,0
2026-07-01 09:53:00+00:00,572.94,573.95,572.94,572.94,0
2026-07-01 09:54:00+00:00,572.4699,573.5,572.1004,572.86,0
2026-07-01 09:55:00+00:00,572.86,572.86,572.86,572.86,0
2026-07-01 09:56:00+00:00,572.1,573.9037,572.1,573.3,0
2026-07-01 09:57:00+00:00,572.86,573.97,572.1,573.97,0
2026-07-01 09:58:00+00:00,573.37,573.97,573.37,573.97,0
2026-07-01 09:59:00+00:00,573.97,574.5,573.97,574.43,0
2026-07-01 10:00:00+00:00,572.5,574.71,572.5,573.8415,0
2026-07-01 10:02:00+00:00,574.43,574.58,574.0,574.58,0
2026-07-01 10:03:00+00:00,574.3442,574.3442,572.45,574.15,0
2026-07-01 10:04:00+00:00,573.953,573.96,572.44,573.81,0
2026-07-01 10:05:00+00:00,573.39,573.9,573.39,573.9,0
2026-07-01 10:06:00+00:00,573.82,574.59,573.1494,573.1494,0
2026-07-01 10:07:00+00:00,573.2,574.7588,573.044,573.63,0
2026-07-01 10:08:00+00:00,574.76,574.76,573.75,573.75,0
2026-07-01 10:09:00+00:00,573.88,573.88,573.47,573.47,0
2026-07-01 10:10:00+00:00,573.0,573.19,572.6125,572.6125,0
2026-07-01 10:11:00+00:00,572.7,573.2,572.6,572.6,0
2026-07-01 10:12:00+00:00,572.8,572.8,572.8,572.8,0
2026-07-01 10:13:00+00:00,573.7791,573.7791,573.5483,573.5483,0
2026-07-01 10:14:00+00:00,572.8,573.5691,572.3,573.25,0
2026-07-01 10:15:00+00:00,572.83,572.83,572.83,572.83,0
2026-07-01 10:16:00+00:00,573.25,573.25,573.09,573.09,0
2026-07-01 10:17:00+00:00,573.01,573.5,573.01,573.5,0
2026-07-01 10:18:00+00:00,573.55,573.803,572.92,573.803,0
2026-07-01 10:19:00+00:00,573.68,573.8,572.63,572.63,0
2026-07-01 10:20:00+00:00,573.57,573.88,572.5247,573.78,0
2026-07-01 10:21:00+00:00,573.78,573.88,573.0317,573.0317,0
2026-07-01 10:22:00+00:00,573.87,573.88,573.5,573.88,0
2026-07-01 10:23:00+00:00,573.87,573.88,573.0,573.7196,0
2026-07-01 10:24:00+00:00,574.5,574.5913,574.11,574.34,0
2026-07-01 10:25:00+00:00,574.5,574.5,574.0,574.0,0
2026-07-01 10:26:00+00:00,573.7614,574.648,573.7614,574.0,0
2026-07-01 10:27:00+00:00,574.0,574.41,573.59,574.41,0
2026-07-01 10:28:00+00:00,574.45,574.92,574.45,574.8,0
2026-07-01 10:29:00+00:00,574.8,575.0,574.67,575.0,0
2026-07-01 10:30:00+00:00,574.75,574.75,574.5,574.5,0
2026-07-01 10:31:00+00:00,574.5,575.0,574.5,575.0,0
2026-07-01 10:32:00+00:00,574.9988,574.9988,574.69,574.9,0
2026-07-01 10:33:00+00:00,574.9,575.73,574.5,575.73,0
2026-07-01 10:34:00+00:00,575.43,575.88,575.4,575.68,0
2026-07-01 10:35:00+00:00,575.5,575.71,575.5,575.52,0
2026-07-01 10:36:00+00:00,575.63,575.9,575.5,575.8442,0
2026-07-01 10:37:00+00:00,575.51,575.89,575.51,575.89,0
2026-07-01 10:38:00+00:00,575.51,575.9,575.51,575.7,0
2026-07-01 10:39:00+00:00,575.65,575.9,575.5,575.88,0
2026-07-01 10:40:00+00:00,575.52,575.9,575.5,575.5578,0
2026-07-01 10:41:00+00:00,575.5,575.75,575.0,575.22,0
2026-07-01 10:42:00+00:00,575.0,575.08,574.9,574.9,0
2026-07-01 10:43:00+00:00,574.9,575.89,574.0012,575.8888,0
2026-07-01 10:44:00+00:00,574.21,574.63,574.21,574.3734,0
2026-07-01 10:45:00+00:00,574.79,574.79,574.0467,574.52,0
2026-07-01 10:46:00+00:00,574.6,574.7,574.48,574.48,0
2026-07-01 10:47:00+00:00,574.54,574.54,574.47,574.47,0
2026-07-01 10:48:00+00:00,574.54,575.89,574.54,575.89,0
2026-07-01 10:49:00+00:00,574.87,575.55,574.798,575.55,0
2026-07-01 10:50:00+00:00,575.5,575.5,575.5,575.5,0
2026-07-01 10:51:00+00:00,575.56,575.9,575.3832,575.73,0
2026-07-01 10:52:00+00:00,575.8384,575.9,575.83,575.9,0
2026-07-01 10:53:00+00:00,575.78,575.9,575.46,575.52,0
2026-07-01 10:54:00+00:00,575.69,575.74,575.52,575.7,0
2026-07-01 10:55:00+00:00,575.69,575.9,575.0012,575.75,0
2026-07-01 10:56:00+00:00,575.65,575.72,575.65,575.72,0
2026-07-01 10:57:00+00:00,575.72,575.89,575.25,575.25,0
2026-07-01 10:58:00+00:00,575.44,575.83,575.44,575.7144,0
2026-07-01 10:59:00+00:00,575.26,575.9,575.25,575.9,0
2026-07-01 11:00:00+00:00,575.45,576.6,575.0,575.51,0
2026-07-01 11:01:00+00:00,575.5606,580.91,575.0001,575.0001,0
2026-07-01 11:02:00+00:00,575.53,580.91,575.0,575.3,0
2026-07-01 11:03:00+00:00,575.0,575.5,575.0,575.5,0
2026-07-01 11:04:00+00:00,575.49,575.91,575.3,575.91,0
2026-07-01 11:05:00+00:00,576.0,576.6,575.565,576.1,0
2026-07-01 11:06:00+00:00,576.522,576.6,576.0,576.55,0
2026-07-01 11:07:00+00:00,576.6,576.6,575.7,575.82,0
2026-07-01 11:08:00+00:00,576.0,576.6,575.0012,575.01,0
2026-07-01 11:09:00+00:00,575.65,576.0,575.02,575.58,0
2026-07-01 11:10:00+00:00,575.87,575.9,575.51,575.8357,0
2026-07-01 11:11:00+00:00,575.7,576.18,575.5,576.15,0
2026-07-01 11:12:00+00:00,576.0,576.4843,575.71,575.92,0
2026-07-01 11:13:00+00:00,575.65,576.2,575.19,575.19,0
2026-07-01 11:14:00+00:00,576.19,576.19,575.19,575.43,0
2026-07-01 11:15:00+00:00,575.3005,576.04,575.19,575.21,0
2026-07-01 11:16:00+00:00,575.51,575.51,575.0,575.2859,0
2026-07-01 11:17:00+00:00,575.32,575.535,575.1902,575.33,0
2026-07-01 11:18:00+00:00,575.35,575.8688,575.19,575.53,0
2026-07-01 11:19:00+00:00,575.4,575.6,575.0,575.0,0
2026-07-01 11:20:00+00:00,575.87,575.87,575.0,575.11,0
2026-07-01 11:21:00+00:00,575.11,575.88,575.11,575.24,0
2026-07-01 11:22:00+00:00,575.15,575.51,575.1,575.15,0
2026-07-01 11:23:00+00:00,575.15,575.5,575.01,575.0604,0
2026-07-01 11:24:00+00:00,575.3,575.37,575.07,575.3,0
2026-07-01 11:25:00+00:00,575.51,575.97,575.06,575.0712,0
2026-07-01 11:26:00+00:00,575.515,576.0,575.2,575.99,0
2026-07-01 11:27:00+00:00,575.99,576.0,575.575,575.575,0
2026-07-01 11:28:00+00:00,575.57,576.0,575.15,575.4145,0
2026-07-01 11:29:00+00:00,575.85,575.98,575.15,575.62,0
2026-07-01 11:30:00+00:00,575.52,576.0,575.51,575.75,0
2026-07-01 11:31:00+00:00,575.5125,576.0,575.51,575.99,0
2026-07-01 11:32:00+00:00,575.5,576.0,575.0,575.0,0
2026-07-01 11:33:00+00:00,575.01,575.99,575.0,575.48,0
2026-07-01 11:34:00+00:00,575.18,575.99,575.0,575.0012,0
2026-07-01 11:35:00+00:00,575.495,575.495,575.0,575.2,0
2026-07-01 11:36:00+00:00,575.2,575.3741,574.9,575.311,0
2026-07-01 11:37:00+00:00,575.0,575.43,574.5,574.5,0
2026-07-01 11:38:00+00:00,574.51,575.3167,574.2,574.2,0
2026-07-01 11:39:00+00:00,574.65,574.79,573.7001,574.0,0
2026-07-01 11:40:00+00:00,574.0,574.5,573.7,574.22,0
2026-07-01 11:41:00+00:00,574.1617,574.5,573.7,573.855,0
2026-07-01 11:42:00+00:00,573.99,574.7,573.7001,574.04,0
2026-07-01 11:43:00+00:00,574.695,575.37,574.0,575.0,0
2026-07-01 11:44:00+00:00,574.27,575.0,574.27,574.37,0
2026-07-01 11:45:00+00:00,574.6,574.6,573.71,573.71,0
2026-07-01 11:46:00+00:00,574.0,574.51,573.71,574.49,0
2026-07-01 11:47:00+00:00,574.46,574.47,573.72,574.08,0
2026-07-01 11:48:00+00:00,574.08,574.41,573.71,574.045,0
2026-07-01 11:49:00+00:00,573.74,574.2,573.2,573.63,0
2026-07-01 11:50:00+00:00,573.77,573.77,573.2,573.4,0
2026-07-01 11:51:00+00:00,573.4,573.43,573.2,573.43,0
2026-07-01 11:52:00+00:00,573.51,573.95,573.4,573.4,0
2026-07-01 11:53:00+00:00,573.4,573.96,573.247,573.595,0
2026-07-01 11:54:00+00:00,573.23,573.89,573.2,573.8,0
2026-07-01 11:55:00+00:00,573.2,573.87,573.0,573.87,0
2026-07-01 11:56:00+00:00,573.29,573.29,572.5465,573.0,0
2026-07-01 11:57:00+00:00,572.8,573.39,572.6629,572.9607,0
2026-07-01 11:58:00+00:00,573.16,573.3599,572.95,573.34,0
2026-07-01 11:59:00+00:00,573.185,573.36,573.02,573.2,0
2026-07-01 12:00:00+00:00,573.3,573.99,572.53,572.715,0
2026-07-01 12:01:00+00:00,572.7118,572.75,572.25,572.71,0
2026-07-01 12:02:00+00:00,572.525,572.74,572.31,572.38,0
2026-07-01 12:03:00+00:00,572.45,572.7,572.3316,572.42,0
2026-07-01 12:04:00+00:00,572.5,572.7,572.3,572.67,0
2026-07-01 12:05:00+00:00,572.51,573.2524,572.5,572.5222,0
2026-07-01 12:06:00+00:00,572.66,572.96,572.51,572.76,0
2026-07-01 12:07:00+00:00,572.755,572.86,572.0,572.0486,0
2026-07-01 12:08:00+00:00,572.14,572.47,572.0,572.35,0
2026-07-01 12:09:00+00:00,572.295,572.47,572.19,572.4599,0
2026-07-01 12:10:00+00:00,572.46,572.97,572.37,572.92,0
2026-07-01 12:11:00+00:00,572.9,573.4082,572.22,572.85,0
2026-07-01 12:12:00+00:00,572.97,573.1257,572.1912,573.0,0
2026-07-01 12:13:00+00:00,572.705,573.13,572.69,573.12,0
2026-07-01 12:14:00+00:00,572.92,573.12,572.5702,572.9402,0
2026-07-01 12:15:00+00:00,572.9319,573.24,572.88,573.23,0
2026-07-01 12:16:00+00:00,573.23,573.95,573.1201,573.53,0
2026-07-01 12:17:00+00:00,573.53,573.94,573.0,573.45,0
2026-07-01 12:18:00+00:00,573.0,573.49,572.91,573.4,0
2026-07-01 12:19:00+00:00,573.49,573.49,572.78,573.0665,0
2026-07-01 12:20:00+00:00,573.4302,573.49,573.0585,573.345,0
2026-07-01 12:21:00+00:00,573.33,573.49,573.2,573.29,0
2026-07-01 12:22:00+00:00,573.09,573.3,572.77,572.77,0
2026-07-01 12:23:00+00:00,573.0,573.49,573.0,573.26,0
2026-07-01 12:24:00+00:00,573.38,573.49,573.07,573.385,0
2026-07-01 12:25:00+00:00,573.4,573.49,573.1112,573.1112,0
2026-07-01 12:26:00+00:00,573.205,573.25,572.0,572.64,0
2026-07-01 12:27:00+00:00,572.64,572.89,572.0,572.2956,0
2026-07-01 12:28:00+00:00,572.3,572.95,572.0,572.4,0
2026-07-01 12:29:00+00:00,572.378,572.8164,572.378,572.487,0
2026-07-01 12:30:00+00:00,572.46,572.88,571.5,572.0,0
2026-07-01 12:31:00+00:00,572.2,572.9,571.55,572.9,0
2026-07-01 12:32:00+00:00,572.5,572.88,572.01,572.2657,0
2026-07-01 12:33:00+00:00,572.6,573.49,572.1,573.0,0
2026-07-01 12:34:00+00:00,573.49,573.5,570.03,570.03,0
2026-07-01 12:35:00+00:00,570.11,571.41,569.0,569.0,0
2026-07-01 12:36:00+00:00,569.85,570.27,568.0,568.0,0
2026-07-01 12:37:00+00:00,568.34,568.95,566.8,567.1497,0
2026-07-01 12:38:00+00:00,568.0,568.0,566.5,566.75,0
2026-07-01 12:39:00+00:00,567.0,568.9237,566.0,566.01,0
2026-07-01 12:40:00+00:00,566.65,566.87,565.3,565.81,0
2026-07-01 12:41:00+00:00,566.0,568.8,565.74,567.38,0
2026-07-01 12:42:00+00:00,566.2,568.0,565.3,565.6596,0
2026-07-01 12:43:00+00:00,565.71,567.0,564.22,566.0,0
2026-07-01 12:44:00+00:00,566.28,567.0,564.27,564.94,0
2026-07-01 12:45:00+00:00,564.62,565.0,563.11,564.46,0
2026-07-01 12:46:00+00:00,564.49,565.0,563.11,564.0,0
2026-07-01 12:47:00+00:00,563.11,564.6,561.87,562.3309,0
2026-07-01 12:48:00+00:00,562.42,562.42,560.0,561.715,0
2026-07-01 12:49:00+00:00,562.0,562.41,559.18,560.5587,0
2026-07-01 12:50:00+00:00,560.75,562.41,560.0,562.41,0
2026-07-01 12:51:00+00:00,562.1639,563.03,561.05,562.8961,0
2026-07-01 12:52:00+00:00,562.63,563.03,561.26,561.96,0
2026-07-01 12:53:00+00:00,561.8287,562.2,560.39,561.3615,0
2026-07-01 12:54:00+00:00,561.095,562.0,560.0,561.2,0
2026-07-01 12:55:00+00:00,561.99,562.0,560.2,561.32,0
2026-07-01 12:56:00+00:00,561.075,561.7216,559.3132,561.0,0
2026-07-01 12:57:00+00:00,561.5,561.97,560.19,560.5,0
2026-07-01 12:58:00+00:00,561.0,561.97,560.31,561.89,0
2026-07-01 12:59:00+00:00,561.5117,562.27,560.55,561.19,0
2026-07-01 13:00:00+00:00,561.1014,562.03,559.99,560.7,0
2026-07-01 13:01:00+00:00,561.0,563.0,560.01,561.84,0
2026-07-01 13:02:00+00:00,562.06,563.0,561.5,562.49,0
2026-07-01 13:03:00+00:00,563.0,563.71,561.98,562.82,0
2026-07-01 13:04:00+00:00,562.35,563.7,562.0,562.87,0
2026-07-01 13:05:00+00:00,563.0,563.5,561.6,562.01,0
2026-07-01 13:06:00+00:00,562.1,562.6,561.0,561.0,0
2026-07-01 13:07:00+00:00,561.11,562.55,560.1,560.8,0
2026-07-01 13:08:00+00:00,560.8,561.5,560.1,561.0,0
2026-07-01 13:09:00+00:00,561.3193,561.5,560.0,561.224,0
2026-07-01 13:10:00+00:00,560.14,561.46,558.66,559.01,0
2026-07-01 13:11:00+00:00,559.0,559.9,558.49,559.87,0
2026-07-01 13:12:00+00:00,559.5,559.94,559.0,559.0,0
2026-07-01 13:13:00+00:00,559.64,559.64,558.4,559.18,0
2026-07-01 13:14:00+00:00,559.05,560.0,558.5,558.755,0
2026-07-01 13:15:00+00:00,558.6,559.9,558.4,558.99,0
2026-07-01 13:16:00+00:00,559.0,559.5,558.23,559.5,0
2026-07-01 13:17:00+00:00,559.1,561.5,558.7,561.49,0
2026-07-01 13:18:00+00:00,561.44,561.5,560.58,561.04,0
2026-07-01 13:19:00+00:00,561.04,561.5,559.0,560.1,0
2026-07-01 13:20:00+00:00,560.7,561.06,559.7566,560.47,0
2026-07-01 13:21:00+00:00,560.252,561.0,560.0,560.99,0
2026-07-01 13:22:00+00:00,560.8555,561.0,560.04,560.63,0
2026-07-01 13:23:00+00:00,560.63,561.0,560.04,560.83,0
2026-07-01 13:24:00+00:00,560.06,561.5,560.06,561.5,0
2026-07-01 13:25:00+00:00,560.51,561.5,558.01,558.9975,0
2026-07-01 13:26:00+00:00,558.63,560.36,557.12,557.375,0
2026-07-01 13:27:00+00:00,557.5,559.11,555.77,557.468,0
2026-07-01 13:28:00+00:00,557.48,558.17,556.51,557.45,0
2026-07-01 13:29:00+00:00,557.45,558.0,556.99,557.03,0
2026-07-01 13:30:00+00:00,557.530029296875,563.0,554.22998046875,561.739990234375,1694462
2026-07-01 13:31:00+00:00,561.7949829101562,562.3900146484375,559.27001953125,561.8900146484375,158673
2026-07-01 13:32:00+00:00,562.0850219726562,564.0,557.0700073242188,557.1500244140625,232679
2026-07-01 13:33:00+00:00,557.0599975585938,557.3499755859375,553.7000122070312,555.52001953125,216446
2026-07-01 13:34:00+00:00,555.47998046875,558.3599853515625,553.7100219726562,554.1099853515625,219895
2026-07-01 13:35:00+00:00,554.5598754882812,554.5598754882812,551.2100219726562,551.4880981445312,171704
2026-07-01 13:36:00+00:00,551.52001953125,554.2999877929688,551.27001953125,552.3300170898438,140237
2026-07-01 13:37:00+00:00,552.6199951171875,555.389892578125,552.3200073242188,552.719970703125,177014
2026-07-01 13:38:00+00:00,552.7100219726562,552.7100219726562,550.1799926757812,551.2999877929688,183474
2026-07-01 13:39:00+00:00,551.3900146484375,551.7999267578125,549.0,550.0,217817
2026-07-01 13:40:00+00:00,549.77001953125,554.7999877929688,549.5,552.7750854492188,178725
2026-07-01 13:41:00+00:00,552.5999755859375,553.9799194335938,551.630126953125,552.1400146484375,102792
2026-07-01 13:42:00+00:00,552.1799926757812,553.77001953125,552.0499877929688,553.010009765625,118432
2026-07-01 13:43:00+00:00,553.0499877929688,554.0,551.1199951171875,551.9299926757812,124324
2026-07-01 13:44:00+00:00,551.4000244140625,554.239990234375,551.0,553.760009765625,124296
2026-07-01 13:45:00+00:00,553.510009765625,556.3400268554688,552.0,556.1400146484375,166421
2026-07-01 13:46:00+00:00,555.9854125976562,559.0,555.7899780273438,558.2550048828125,142661
2026-07-01 13:47:00+00:00,558.0599975585938,560.4749755859375,557.2000122070312,559.489990234375,193271
2026-07-01 13:48:00+00:00,559.6799926757812,561.6265869140625,559.6300048828125,560.60498046875,115191
2026-07-01 13:49:00+00:00,560.0800170898438,561.2000122070312,558.52001953125,560.9949951171875,120211
2026-07-01 13:50:00+00:00,560.969970703125,562.7000122070312,560.861083984375,562.4849853515625,115215
2026-07-01 13:51:00+00:00,562.0,564.0900268554688,561.8400268554688,563.760009765625,114476
2026-07-01 13:52:00+00:00,563.4749755859375,564.0,561.1099853515625,562.27001953125,122590
2026-07-01 13:53:00+00:00,562.0,562.4598999023438,561.010009765625,561.1950073242188,55788
2026-07-01 13:54:00+00:00,561.260009765625,561.260009765625,558.0001220703125,559.4849853515625,117294
2026-07-01 13:55:00+00:00,559.5150146484375,562.89990234375,559.3900146484375,562.0,98325
2026-07-01 13:56:00+00:00,561.8200073242188,563.010009765625,560.5,560.9500122070312,71221
2026-07-01 13:57:00+00:00,560.72998046875,562.2750244140625,560.5100708007812,561.4199829101562,49518
2026-07-01 13:58:00+00:00,561.2999877929688,562.0,559.1400146484375,560.510009765625,71022
2026-07-01 13:59:00+00:00,560.5,561.2750244140625,558.7999877929688,559.6400146484375,133540
2026-07-01 14:00:00+00:00,559.4000244140625,561.0,559.0,559.4650268554688,93858
2026-07-01 14:01:00+00:00,559.0,560.4000244140625,557.110595703125,557.5789794921875,102664
2026-07-01 14:02:00+00:00,557.7100219726562,559.0499877929688,556.4000244140625,557.1300048828125,121080
2026-07-01 14:03:00+00:00,556.5399780273438,558.5999755859375,556.4000854492188,558.5999755859375,63170
2026-07-01 14:04:00+00:00,558.52001953125,559.6099853515625,557.0501098632812,557.2899780273438,62698
2026-07-01 14:05:00+00:00,557.219970703125,558.030029296875,556.8200073242188,557.4000244140625,61869
2026-07-01 14:06:00+00:00,557.39501953125,558.9998779296875,557.2949829101562,558.1849975585938,58460
2026-07-01 14:07:00+00:00,558.1849975585938,559.598876953125,557.530029296875,559.1900024414062,42529
2026-07-01 14:08:00+00:00,559.1400146484375,560.0,558.280029296875,558.280029296875,66947
2026-07-01 14:09:00+00:00,558.5989990234375,559.8900146484375,557.6510009765625,558.405029296875,47991
2026-07-01 14:10:00+00:00,558.6898803710938,559.5800170898438,558.3699951171875,559.0302124023438,42793
2026-07-01 14:11:00+00:00,559.0449829101562,561.4398803710938,558.3101196289062,560.0750122070312,77404
2026-07-01 14:12:00+00:00,560.010009765625,560.510009765625,558.8499755859375,559.35498046875,50520
2026-07-01 14:13:00+00:00,559.2650146484375,559.2650146484375,556.5300903320312,558.2949829101562,85097
2026-07-01 14:14:00+00:00,558.2949829101562,558.7799072265625,555.260009765625,555.9400024414062,89972
2026-07-01 14:15:00+00:00,555.6671752929688,556.8800048828125,554.5599975585938,554.9550170898438,97749
2026-07-01 14:16:00+00:00,554.9550170898438,555.8585815429688,552.6500854492188,555.6849975585938,136601
2026-07-01 14:17:00+00:00,555.5750122070312,557.5,555.22998046875,557.5,71767
2026-07-01 14:18:00+00:00,557.469970703125,558.7100219726562,556.7493286132812,556.8201293945312,70775
2026-07-01 14:19:00+00:00,557.0,557.2498779296875,556.0499877929688,556.989990234375,35603
2026-07-01 14:20:00+00:00,556.8099975585938,557.1599731445312,553.75,553.75,142193
2026-07-01 14:21:00+00:00,553.989990234375,555.2100219726562,553.5,554.4301147460938,71323
2026-07-01 14:22:00+00:00,554.9400024414062,556.0,554.6500244140625,555.2650146484375,61736
2026-07-01 14:23:00+00:00,555.364990234375,555.9500122070312,554.7349853515625,555.1505737304688,44167
2026-07-01 14:24:00+00:00,554.885009765625,555.4000244140625,554.1500854492188,555.1199951171875,47160
2026-07-01 14:25:00+00:00,554.8800048828125,556.1300048828125,554.7449951171875,555.7449951171875,42295
2026-07-01 14:26:00+00:00,555.7349853515625,556.9000244140625,555.3599853515625,556.5250244140625,43559
2026-07-01 14:27:00+00:00,556.5399780273438,558.1799926757812,556.260009765625,557.4664916992188,88766
2026-07-01 14:28:00+00:00,557.3099975585938,557.8200073242188,554.4249877929688,555.0,55122
2026-07-01 14:29:00+00:00,555.1199951171875,556.8699951171875,555.010009765625,556.7000122070312,30274
2026-07-01 14:30:00+00:00,557.0,557.39990234375,556.5,557.1400146484375,35572
2026-07-01 14:31:00+00:00,557.0,557.5,553.5499877929688,554.2949829101562,82160
2026-07-01 14:32:00+00:00,554.260009765625,554.6821899414062,552.0,553.0999755859375,130523
2026-07-01 14:33:00+00:00,552.8150024414062,553.7999877929688,552.0,552.3800048828125,49797
2026-07-01 14:34:00+00:00,552.635009765625,553.5698852539062,551.7401123046875,552.2899780273438,117435
2026-07-01 14:35:00+00:00,552.3800048828125,552.9699096679688,550.5399780273438,551.5599975585938,79156
2026-07-01 14:36:00+00:00,551.219970703125,552.489990234375,551.219970703125,552.2000122070312,58771
2026-07-01 14:37:00+00:00,552.489990234375,554.989990234375,552.489990234375,554.2249755859375,56554
2026-07-01 14:38:00+00:00,554.2249755859375,554.47998046875,552.3599853515625,552.9199829101562,102828
2026-07-01 14:39:00+00:00,553.219970703125,553.97998046875,552.7000732421875,553.030029296875,30391
2026-07-01 14:40:00+00:00,553.4299926757812,554.1900024414062,552.9500122070312,553.14501953125,25711
2026-07-01 14:41:00+00:00,553.2100219726562,553.5399780273438,551.780029296875,551.9349975585938,48120
2026-07-01 14:42:00+00:00,551.6799926757812,551.905029296875,550.6500244140625,550.9249877929688,61349
2026-07-01 14:43:00+00:00,551.1500244140625,552.1599731445312,550.7999877929688,550.7999877929688,50524
2026-07-01 14:44:00+00:00,550.8099975585938,551.4450073242188,549.5,549.8200073242188,166329
2026-07-01 14:45:00+00:00,549.5,549.6799926757812,547.5,547.5,129140
2026-07-01 14:46:00+00:00,547.625,548.1900024414062,547.0601196289062,547.6799926757812,79546
2026-07-01 14:47:00+00:00,547.9849853515625,549.0012817382812,547.2999877929688,547.5900268554688,67181
2026-07-01 14:48:00+00:00,547.3499755859375,548.2963256835938,547.1500244140625,548.25830078125,47634
2026-07-01 14:49:00+00:00,548.25,548.669921875,547.5,548.659912109375,44720
2026-07-01 14:50:00+00:00,548.5700073242188,551.1199951171875,548.280029296875,551.1199951171875,109914
2026-07-01 14:51:00+00:00,551.0499877929688,552.6412963867188,550.3900146484375,552.3699951171875,75380
2026-07-01 14:52:00+00:00,552.2999877929688,552.3099975585938,550.8900146484375,551.9400024414062,57215
2026-07-01 14:53:00+00:00,552.239990234375,553.3400268554688,552.239990234375,553.1500244140625,74256
2026-07-01 14:54:00+00:00,553.0,554.3699951171875,552.7999877929688,553.3599853515625,77029
2026-07-01 14:55:00+00:00,553.4600219726562,553.6699829101562,552.1799926757812,552.4249877929688,52311
2026-07-01 14:56:00+00:00,552.4251098632812,553.1943969726562,551.2100219726562,551.7849731445312,53595
2026-07-01 14:57:00+00:00,552.0798950195312,552.0798950195312,549.2725219726562,549.2725219726562,68137
2026-07-01 14:58:00+00:00,549.2501220703125,550.0,547.52001953125,547.6068725585938,81385
2026-07-01 14:59:00+00:00,547.7324829101562,550.4609985351562,547.7249755859375,550.4609985351562,55126
2026-07-01 15:00:00+00:00,550.344970703125,552.2000122070312,550.260986328125,551.8099975585938,75998
2026-07-01 15:01:00+00:00,551.8099975585938,553.0700073242188,551.5087890625,553.0700073242188,80838
2026-07-01 15:02:00+00:00,552.6649780273438,553.4099731445312,551.7100219726562,553.27001953125,46660
2026-07-01 15:03:00+00:00,553.4099731445312,556.5,553.0401000976562,555.6401977539062,120434
2026-07-01 15:04:00+00:00,555.5399780273438,556.4998779296875,555.1278076171875,555.7991943359375,55707
2026-07-01 15:05:00+00:00,555.4400024414062,555.510009765625,554.0,554.5449829101562,49745
2026-07-01 15:06:00+00:00,554.5449829101562,554.677490234375,552.2501220703125,552.5313110351562,75650
2026-07-01 15:07:00+00:00,552.7899780273438,553.8699951171875,552.5499877929688,552.8098754882812,43619
2026-07-01 15:08:00+00:00,552.25,552.469970703125,550.969970703125,551.1900024414062,43384
2026-07-01 15:09:00+00:00,551.25,551.4970092773438,549.510009765625,550.8300170898438,44882
2026-07-01 15:10:00+00:00,550.510009765625,551.4600219726562,550.0001220703125,550.8400268554688,49772
2026-07-01 15:11:00+00:00,550.75,551.2000122070312,550.0599975585938,551.0,37824
2026-07-01 15:12:00+00:00,551.0,552.4899291992188,550.5399780273438,552.1950073242188,57466
2026-07-01 15:13:00+00:00,552.469970703125,553.0999145507812,551.8800048828125,553.0800170898438,45207
2026-07-01 15:14:00+00:00,553.02099609375,553.52001953125,552.1417846679688,553.3311767578125,40129
2026-07-01 15:15:00+00:00,553.5,555.093994140625,553.385009765625,554.8499755859375,59891
2026-07-01 15:16:00+00:00,554.9500122070312,554.9500122070312,552.8699951171875,553.1599731445312,64988
2026-07-01 15:17:00+00:00,552.880126953125,555.2000122070312,552.880126953125,555.125,57500
2026-07-01 15:18:00+00:00,555.010009765625,556.3900146484375,554.9749755859375,556.3800048828125,60114
2026-07-01 15:19:00+00:00,556.5,557.25,555.360107421875,556.0700073242188,85057
2026-07-01 15:20:00+00:00,556.1950073242188,556.5,555.6441040039062,555.8300170898438,48312
2026-07-01 15:21:00+00:00,555.6400146484375,556.4000244140625,554.4849853515625,554.4849853515625,37617
2026-07-01 15:22:00+00:00,554.5501098632812,555.489990234375,554.010009765625,554.635009765625,26814
2026-07-01 15:23:00+00:00,554.489990234375,555.3499755859375,554.4400024414062,554.5,24496
2026-07-01 15:24:00+00:00,554.4199829101562,554.6134033203125,552.260009765625,552.5700073242188,49654
2026-07-01 15:25:00+00:00,552.5800170898438,552.989990234375,551.844970703125,552.8049926757812,52086
2026-07-01 15:26:00+00:00,552.6099853515625,554.75,552.375,554.2650146484375,30133
2026-07-01 15:27:00+00:00,554.27001953125,554.7199096679688,554.0,554.2899780273438,25143
2026-07-01 15:28:00+00:00,554.2901000976562,555.3098754882812,554.2901000976562,554.8099975585938,57383
2026-07-01 15:29:00+00:00,554.7150268554688,555.25,554.3599853515625,554.4849853515625,21122
2026-07-01 15:30:00+00:00,554.6599731445312,555.1199951171875,554.260009765625,554.5700073242188,26559
2026-07-01 15:31:00+00:00,554.7850952148438,556.4000244140625,554.780029296875,556.02001953125,64084
2026-07-01 15:32:00+00:00,555.7999877929688,556.2899780273438,554.780029296875,555.739990234375,35760
2026-07-01 15:33:00+00:00,555.4199829101562,556.2199096679688,555.2899780273438,555.9349975585938,18991
2026-07-01 15:34:00+00:00,555.9351196289062,556.7100219726562,555.5700073242188,555.8499755859375,39470
2026-07-01 15:35:00+00:00,555.9752197265625,556.5900268554688,555.0800170898438,555.364990234375,25688
2026-07-01 15:36:00+00:00,555.1799926757812,555.7999877929688,554.2005004882812,555.52001953125,37862
2026-07-01 15:37:00+00:00,555.4000244140625,556.239990234375,555.1599731445312,555.2249755859375,27214
2026-07-01 15:38:00+00:00,555.4400024414062,555.8400268554688,554.75,555.469970703125,20504
2026-07-01 15:39:00+00:00,555.469970703125,555.5800170898438,554.7000122070312,554.7349853515625,24642
2026-07-01 15:40:00+00:00,554.72998046875,555.0,553.4000244140625,553.4000244140625,39553
2026-07-01 15:41:00+00:00,553.5750122070312,554.4400024414062,553.10009765625,554.4400024414062,39591
2026-07-01 15:42:00+00:00,554.3599853515625,555.5999755859375,554.3599853515625,555.2698974609375,38247
2026-07-01 15:43:00+00:00,554.9749755859375,555.0438842773438,554.0,554.3400268554688,22542
2026-07-01 15:44:00+00:00,554.5499877929688,554.7899780273438,554.02001953125,554.52001953125,16161
2026-07-01 15:45:00+00:00,554.4000244140625,554.4000244140625,553.5,553.5,31262
2026-07-01 15:46:00+00:00,553.4149780273438,553.489990234375,552.25,553.0399780273438,36603
2026-07-01 15:47:00+00:00,553.02001953125,553.1599731445312,552.0999755859375,552.239990234375,40884
2026-07-01 15:48:00+00:00,552.3250122070312,552.9899291992188,552.2100219726562,552.489990234375,33926
2026-07-01 15:49:00+00:00,552.47998046875,552.64501953125,550.7899780273438,551.0001220703125,67317
2026-07-01 15:50:00+00:00,551.1099853515625,552.0999755859375,550.9000244140625,551.8864135742188,32059
2026-07-01 15:51:00+00:00,551.7249755859375,551.8099975585938,550.25,550.5700073242188,44358
2026-07-01 15:52:00+00:00,550.719970703125,551.9664916992188,550.5499877929688,551.5700073242188,38211
2026-07-01 15:53:00+00:00,551.7550048828125,551.9598999023438,551.0,551.1799926757812,30350
2026-07-01 15:54:00+00:00,551.0399780273438,551.1799926757812,549.7999877929688,549.7999877929688,50579
2026-07-01 15:55:00+00:00,549.77001953125,550.0800170898438,549.0,549.0,48760
2026-07-01 15:56:00+00:00,549.135009765625,549.989990234375,548.239990234375,549.989990234375,64427
2026-07-01 15:57:00+00:00,549.7100219726562,550.5999755859375,549.6950073242188,550.4000244140625,35007
2026-07-01 15:58:00+00:00,550.2899780273438,550.9298706054688,550.2899780273438,550.5999755859375,35383
2026-07-01 15:59:00+00:00,550.6124877929688,550.9099731445312,550.39501953125,550.6799926757812,19020
2026-07-01 16:00:00+00:00,550.6599731445312,551.0,550.1500244140625,550.6599731445312,34900
2026-07-01 16:01:00+00:00,550.5,551.4500122070312,550.4000244140625,551.02001953125,29334
2026-07-01 16:02:00+00:00,551.0900268554688,552.3499755859375,551.0,551.8699951171875,36656
2026-07-01 16:03:00+00:00,551.6799926757812,552.0999755859375,550.9849853515625,551.2100219726562,26700
2026-07-01 16:04:00+00:00,550.9099731445312,551.4299926757812,550.10009765625,550.4000244140625,24085
2026-07-01 16:05:00+00:00,550.4000244140625,550.4000244140625,549.5,549.77001953125,31999
2026-07-01 16:06:00+00:00,550.0900268554688,550.9400024414062,550.0900268554688,550.5700073242188,36203
2026-07-01 16:07:00+00:00,550.5125122070312,551.22998046875,550.4600219726562,550.7100219726562,25409
2026-07-01 16:08:00+00:00,550.7100219726562,550.7899169921875,549.8800048828125,550.0499877929688,27390
2026-07-01 16:09:00+00:00,549.7999877929688,550.3599853515625,549.2069091796875,550.1998901367188,29503
2026-07-01 16:10:00+00:00,550.0449829101562,550.5549926757812,549.3200073242188,550.5549926757812,25091
2026-07-01 16:11:00+00:00,550.5549926757812,550.989990234375,550.22998046875,550.603271484375,19597
2026-07-01 16:12:00+00:00,550.9400024414062,551.2050170898438,550.3400268554688,551.0599975585938,20878
2026-07-01 16:13:00+00:00,551.0599975585938,551.0599975585938,550.0900268554688,550.0900268554688,13067
2026-07-01 16:14:00+00:00,550.0449829101562,550.2224731445312,549.531005859375,550.0349731445312,14835
2026-07-01 16:15:00+00:00,550.030029296875,550.5499877929688,549.6400146484375,549.6400146484375,16931
2026-07-01 16:16:00+00:00,549.7650146484375,550.5,549.3599853515625,550.3800048828125,20330
2026-07-01 16:17:00+00:00,550.530029296875,551.1599731445312,550.1400146484375,550.1400146484375,45421
2026-07-01 16:18:00+00:00,550.2050170898438,550.489990234375,549.6599731445312,550.3300170898438,18430
2026-07-01 16:19:00+00:00,550.0399780273438,551.2899780273438,550.0399780273438,551.2100219726562,29456
2026-07-01 16:20:00+00:00,551.0399780273438,551.5650024414062,550.75,551.5650024414062,30172
2026-07-01 16:21:00+00:00,551.5800170898438,552.0499877929688,551.010009765625,552.0499877929688,42076
2026-07-01 16:22:00+00:00,552.0,552.2000122070312,551.7901000976562,552.2000122070312,25748
2026-07-01 16:23:00+00:00,551.9400024414062,552.6400146484375,551.9400024414062,552.4401245117188,43498
2026-07-01 16:24:00+00:00,552.5499877929688,552.5899047851562,552.1400146484375,552.14892578125,15685
2026-07-01 16:25:00+00:00,552.1099853515625,552.4299926757812,551.4400024414062,551.4400024414062,31892
2026-07-01 16:26:00+00:00,551.1300048828125,552.0,551.1300048828125,551.9500122070312,21235
2026-07-01 16:27:00+00:00,551.905029296875,552.0598754882812,551.510009765625,551.6699829101562,12275
2026-07-01 16:28:00+00:00,551.97998046875,552.1799926757812,551.4299926757812,551.5050048828125,16638
2026-07-01 16:29:00+00:00,551.5900268554688,551.72998046875,551.0399780273438,551.0499877929688,13212
2026-07-01 16:30:00+00:00,551.1699829101562,551.5,550.75,551.3350219726562,14863
2026-07-01 16:31:00+00:00,551.3300170898438,551.72998046875,551.1099853515625,551.5999755859375,12538
2026-07-01 16:32:00+00:00,551.6129760742188,552.5499877929688,551.5599975585938,552.4400024414062,18278
2026-07-01 16:33:00+00:00,552.5698852539062,553.635009765625,552.219970703125,553.52001953125,39499
2026-07-01 16:34:00+00:00,553.330078125,553.7755737304688,552.875,553.4299926757812,26428
2026-07-01 16:35:00+00:00,553.3900146484375,553.4000244140625,552.4749755859375,552.4749755859375,24344
2026-07-01 16:36:00+00:00,552.6649780273438,552.9199829101562,551.8903198242188,552.3400268554688,21639
2026-07-01 16:37:00+00:00,552.0977172851562,552.6699829101562,551.6818237304688,551.844970703125,18029
2026-07-01 16:38:00+00:00,551.8400268554688,552.0700073242188,551.1900024414062,551.7349853515625,23037
2026-07-01 16:39:00+00:00,551.85498046875,551.969970703125,551.030029296875,551.030029296875,28027
2026-07-01 16:40:00+00:00,551.1849975585938,551.5599975585938,550.77001953125,551.2249755859375,25619
2026-07-01 16:41:00+00:00,551.3200073242188,551.4500122070312,550.3300170898438,550.780029296875,29923
2026-07-01 16:42:00+00:00,550.8900146484375,551.0900268554688,550.5711059570312,550.8400268554688,18165
2026-07-01 16:43:00+00:00,550.8200073242188,550.9644165039062,550.2647094726562,550.7150268554688,17989
2026-07-01 16:44:00+00:00,550.3499755859375,551.2119750976562,550.3499755859375,551.0701293945312,14797
2026-07-01 16:45:00+00:00,551.0449829101562,551.1900024414062,550.7600708007812,551.0800170898438,15058
2026-07-01 16:46:00+00:00,550.9349975585938,551.6300048828125,550.8900146484375,551.447509765625,13513
2026-07-01 16:47:00+00:00,551.27001953125,552.8189697265625,551.27001953125,552.75,25068
2026-07-01 16:48:00+00:00,552.75,553.2100219726562,552.3099975585938,552.8400268554688,35867
2026-07-01 16:49:00+00:00,553.0499877929688,553.2100219726562,552.0001220703125,552.27001953125,25558
2026-07-01 16:50:00+00:00,552.2100219726562,552.5,552.2100219726562,552.4199829101562,12092
2026-07-01 16:51:00+00:00,552.0100708007812,552.1300048828125,551.2999877929688,551.3400268554688,12117
2026-07-01 16:52:00+00:00,551.4849853515625,551.5081787109375,550.75,550.780029296875,25137
2026-07-01 16:53:00+00:00,550.6599731445312,551.0900268554688,550.27001953125,550.4080810546875,24121
2026-07-01 16:54:00+00:00,550.4910278320312,551.0999755859375,550.469970703125,550.75,20261
2026-07-01 16:55:00+00:00,550.8049926757812,550.919921875,550.2100830078125,550.469970703125,27022
2026-07-01 16:56:00+00:00,550.6900024414062,551.0,550.0623168945312,550.780029296875,24833
2026-07-01 16:57:00+00:00,550.6599731445312,551.8699951171875,550.5,551.8699951171875,19074
2026-07-01 16:58:00+00:00,551.6400146484375,552.7698974609375,551.625,552.0,35709
2026-07-01 16:59:00+00:00,552.22998046875,552.3499755859375,551.3200073242188,552.2999877929688,31785
2026-07-01 17:00:00+00:00,552.47998046875,553.6900024414062,552.2890014648438,553.344970703125,40805
2026-07-01 17:01:00+00:00,553.344970703125,553.5999755859375,552.280029296875,552.8400268554688,25531
2026-07-01 17:02:00+00:00,552.7150268554688,553.0,551.8699951171875,552.0,32788
2026-07-01 17:03:00+00:00,552.0599975585938,552.1500244140625,550.5900268554688,551.0900268554688,28387
2026-07-01 17:04:00+00:00,551.72998046875,552.1204223632812,551.2000122070312,551.27001953125,19783
2026-07-01 17:05:00+00:00,551.1300048828125,551.2849731445312,550.1900024414062,550.4199829101562,32029
2026-07-01 17:06:00+00:00,550.2150268554688,550.2150268554688,549.0,549.530029296875,54831
2026-07-01 17:07:00+00:00,549.6649780273438,550.260498046875,549.6649780273438,550.0349731445312,42252
2026-07-01 17:08:00+00:00,550.030029296875,550.468017578125,549.7899780273438,550.3200073242188,17444
2026-07-01 17:09:00+00:00,550.1599731445312,551.0250244140625,549.5999755859375,549.5999755859375,25004
2026-07-01 17:10:00+00:00,549.7999877929688,550.3399047851562,549.3900146484375,549.3900146484375,28293
2026-07-01 17:11:00+00:00,549.510009765625,550.1300048828125,549.25,550.0700073242188,20112
2026-07-01 17:12:00+00:00,550.0,550.7899780273438,550.0,550.4500122070312,16593
2026-07-01 17:13:00+00:00,550.3800048828125,551.3499145507812,550.3699951171875,550.79150390625,30655
2026-07-01 17:14:00+00:00,550.8900146484375,551.0275268554688,550.5,550.9500122070312,18323
2026-07-01 17:15:00+00:00,551.1799926757812,551.9902954101562,551.1300048828125,551.8200073242188,27108
2026-07-01 17:16:00+00:00,551.8049926757812,552.4400024414062,551.5999755859375,551.8599853515625,41789
2026-07-01 17:17:00+00:00,551.7000122070312,552.4398803710938,551.3101196289062,551.9600219726562,25642
2026-07-01 17:18:00+00:00,552.0999755859375,552.5900268554688,551.719970703125,551.719970703125,32061
2026-07-01 17:19:00+00:00,551.7999877929688,553.0050048828125,551.7999877929688,552.6699829101562,28259
2026-07-01 17:20:00+00:00,552.844970703125,553.6599731445312,552.2999877929688,553.369873046875,58835
2026-07-01 17:21:00+00:00,553.239990234375,553.3580932617188,552.844970703125,553.2698974609375,27251
2026-07-01 17:22:00+00:00,553.1500244140625,554.3499755859375,553.0399780273438,554.1099853515625,52150
2026-07-01 17:23:00+00:00,554.0700073242188,554.2150268554688,553.5,554.2000122070312,18302
2026-07-01 17:24:00+00:00,554.3599853515625,554.7999877929688,554.0399780273438,554.5800170898438,38792
2026-07-01 17:25:00+00:00,554.64501953125,555.0,553.5712280273438,553.8400268554688,35330
2026-07-01 17:26:00+00:00,553.7100219726562,553.9992065429688,553.010009765625,553.6500854492188,19241
2026-07-01 17:27:00+00:00,553.6500244140625,554.1300048828125,553.3400268554688,553.7999877929688,17642
2026-07-01 17:28:00+00:00,553.8099975585938,553.8300170898438,552.7999877929688,553.4299926757812,23638
2026-07-01 17:29:00+00:00,553.3200073242188,553.9099731445312,553.25,553.7100219726562,20233
2026-07-01 17:30:00+00:00,553.4617919921875,554.072509765625,553.4617919921875,553.75,23700
2026-07-01 17:31:00+00:00,553.6599731445312,554.2244262695312,553.5700073242188,553.739990234375,20408
2026-07-01 17:32:00+00:00,553.719970703125,553.72998046875,552.3900146484375,552.7100219726562,25696
2026-07-01 17:33:00+00:00,552.8150024414062,552.8150024414062,552.0100708007812,552.22998046875,26054
2026-07-01 17:34:00+00:00,552.22998046875,552.8900146484375,551.8699951171875,552.5900268554688,29168
2026-07-01 17:35:00+00:00,552.489990234375,552.9199829101562,552.0,552.6500244140625,16619
2026-07-01 17:36:00+00:00,552.530029296875,552.530029296875,552.0,552.3588256835938,17881
2026-07-01 17:37:00+00:00,552.25,552.8499755859375,552.2349853515625,552.4739990234375,13162
2026-07-01 17:38:00+00:00,552.739990234375,552.739990234375,551.7525024414062,552.0050048828125,15236
2026-07-01 17:39:00+00:00,551.9299926757812,552.219970703125,551.75,552.1799926757812,25433
2026-07-01 17:40:00+00:00,552.3300170898438,553.0,552.3300170898438,552.6699829101562,19214
2026-07-01 17:41:00+00:00,552.6849975585938,552.8499145507812,552.27978515625,552.489990234375,13678
2026-07-01 17:42:00+00:00,552.4600219726562,552.7698974609375,552.0700073242188,552.0900268554688,14930
2026-07-01 17:43:00+00:00,552.1851196289062,552.3200073242188,551.8499755859375,552.260009765625,22123
2026-07-01 17:44:00+00:00,552.3599853515625,552.5900268554688,551.7000122070312,551.8599853515625,30323
2026-07-01 17:45:00+00:00,552.0499877929688,552.2999877929688,551.5700073242188,552.030029296875,25695
2026-07-01 17:46:00+00:00,552.2299194335938,552.2299194335938,551.25,551.6950073242188,31200
2026-07-01 17:47:00+00:00,551.5599975585938,551.8900146484375,550.6099853515625,550.8400268554688,34878
2026-07-01 17:48:00+00:00,550.8400268554688,551.2799072265625,550.4301147460938,550.9099731445312,36942
2026-07-01 17:49:00+00:00,550.7899780273438,550.7899780273438,550.0,550.3499755859375,50568
2026-07-01 17:50:00+00:00,550.8499755859375,551.0599975585938,550.5599975585938,550.9600219726562,30638
2026-07-01 17:51:00+00:00,550.97998046875,551.4398803710938,550.4000244140625,550.5,32507
2026-07-01 17:52:00+00:00,550.47998046875,550.5999755859375,549.7600708007812,549.9000244140625,34670
2026-07-01 17:53:00+00:00,549.969970703125,550.280029296875,549.5999755859375,549.9650268554688,42639
2026-07-01 17:54:00+00:00,549.8200073242188,550.2050170898438,549.1500244140625,549.5399780273438,47686
2026-07-01 17:55:00+00:00,549.5499877929688,549.8499755859375,548.989990234375,549.7349853515625,46397
2026-07-01 17:56:00+00:00,549.719970703125,550.6400146484375,549.25,550.5250244140625,35028
2026-07-01 17:57:00+00:00,550.52001953125,550.7899780273438,549.0,549.2575073242188,37825
2026-07-01 17:58:00+00:00,549.4099731445312,549.7750244140625,549.1828002929688,549.7750244140625,21535
2026-07-01 17:59:00+00:00,549.7349853515625,549.739990234375,548.8499755859375,549.4400024414062,46167
2026-07-01 18:00:00+00:00,549.6300048828125,550.2949829101562,549.4500122070312,549.489990234375,19637
2026-07-01 18:01:00+00:00,549.5850219726562,550.0999145507812,549.0,549.989990234375,37143
2026-07-01 18:02:00+00:00,550.0650024414062,550.2000122070312,549.510009765625,550.155029296875,36286
2026-07-01 18:03:00+00:00,550.1325073242188,550.4000244140625,549.635498046875,550.0499877929688,31379
2026-07-01 18:04:00+00:00,550.0,550.2899780273438,549.3400268554688,549.6400146484375,21898
2026-07-01 18:05:00+00:00,549.875,550.4600219726562,549.780029296875,550.0,34136
2026-07-01 18:06:00+00:00,550.0499877929688,550.3845825195312,549.940185546875,550.0750122070312,23465
2026-07-01 18:07:00+00:00,550.0750122070312,550.280029296875,549.4099731445312,549.7000122070312,28181
2026-07-01 18:08:00+00:00,549.6699829101562,550.3900146484375,549.3735961914062,550.2249755859375,31719
2026-07-01 18:09:00+00:00,550.260009765625,550.9799194335938,550.0599975585938,550.8699951171875,31157
2026-07-01 18:10:00+00:00,550.760009765625,550.9190063476562,550.1649780273438,550.219970703125,16353
2026-07-01 18:11:00+00:00,550.0800170898438,550.1500244140625,549.2000122070312,549.3350219726562,22612
2026-07-01 18:12:00+00:00,549.2000122070312,550.1500244140625,549.2000122070312,549.7899780273438,23373
2026-07-01 18:13:00+00:00,549.6599731445312,550.0,549.530029296875,549.8150024414062,16099
2026-07-01 18:14:00+00:00,549.739990234375,549.7650146484375,548.5999755859375,549.0198974609375,32057
2026-07-01 18:15:00+00:00,548.844970703125,549.1199951171875,547.6199951171875,547.6599731445312,56136
2026-07-01 18:16:00+00:00,547.8049926757812,549.2777099609375,547.6699829101562,549.0499877929688,42407
2026-07-01 18:17:00+00:00,548.8300170898438,549.1401977539062,547.4450073242188,547.6500244140625,42613
2026-07-01 18:18:00+00:00,547.9099731445312,548.5399780273438,547.5,547.9500122070312,25283
2026-07-01 18:19:00+00:00,548.02001953125,548.9998779296875,547.9000244140625,548.6699829101562,28667
2026-07-01 18:20:00+00:00,548.8300170898438,549.3900146484375,548.6599731445312,549.0399780273438,31047
2026-07-01 18:21:00+00:00,549.1414184570312,549.1414184570312,548.5806274414062,549.0,17460
2026-07-01 18:22:00+00:00,549.1199951171875,549.1199951171875,548.0,548.4000244140625,22486
2026-07-01 18:23:00+00:00,548.4400024414062,548.6599731445312,548.1209716796875,548.5800170898438,13071
2026-07-01 18:24:00+00:00,548.5700073242188,549.4000244140625,548.3800048828125,549.239990234375,26464
2026-07-01 18:25:00+00:00,549.0900268554688,549.4400024414062,548.8900146484375,548.9199829101562,16798
2026-07-01 18:26:00+00:00,548.6965942382812,549.0700073242188,548.1699829101562,548.280029296875,20413
2026-07-01 18:27:00+00:00,548.1199951171875,548.5700073242188,547.8400268554688,548.3734741210938,27788
2026-07-01 18:28:00+00:00,548.1300048828125,548.3298950195312,547.8499755859375,548.1900024414062,12940
2026-07-01 18:29:00+00:00,548.2899780273438,548.6500244140625,547.85009765625,548.10498046875,18926
2026-07-01 18:30:00+00:00,547.8499755859375,548.2799072265625,547.1500244140625,547.6234130859375,36341
2026-07-01 18:31:00+00:00,547.3900146484375,547.9199829101562,547.1599731445312,547.6500244140625,21555
2026-07-01 18:32:00+00:00,547.7650146484375,548.0399780273438,547.3499755859375,547.3499755859375,20488
2026-07-01 18:33:00+00:00,547.510009765625,548.0499877929688,547.2000122070312,547.7999877929688,21852
2026-07-01 18:34:00+00:00,547.6799926757812,548.4000244140625,547.6799926757812,548.260009765625,22500
2026-07-01 18:35:00+00:00,548.2000122070312,549.0999755859375,548.2000122070312,548.5549926757812,24528
2026-07-01 18:36:00+00:00,548.5886840820312,548.7951049804688,548.1900024414062,548.2949829101562,18357
2026-07-01 18:37:00+00:00,548.5,548.8599243164062,547.7999877929688,547.7999877929688,24507
2026-07-01 18:38:00+00:00,547.9000244140625,547.9849853515625,547.3200073242188,547.739990234375,22146
2026-07-01 18:39:00+00:00,547.7999877929688,548.3298950195312,547.52001953125,547.7050170898438,16722
2026-07-01 18:40:00+00:00,547.6699829101562,548.1300048828125,547.530029296875,547.9749755859375,27326
2026-07-01 18:41:00+00:00,548.0050048828125,548.0700073242188,546.2000122070312,546.3099975585938,76885
2026-07-01 18:42:00+00:00,546.1799926757812,546.76318359375,546.1400146484375,546.3900146484375,29341
2026-07-01 18:43:00+00:00,546.4500122070312,546.6500244140625,545.8499755859375,546.530029296875,41854
2026-07-01 18:44:00+00:00,546.530029296875,546.635009765625,545.7999877929688,546.2750244140625,77490
2026-07-01 18:45:00+00:00,546.1599731445312,546.1599731445312,544.3400268554688,544.8900146484375,153057
2026-07-01 18:46:00+00:00,544.8900146484375,545.234375,544.52001953125,544.72802734375,27510
2026-07-01 18:47:00+00:00,544.6699829101562,544.8499755859375,543.7999877929688,544.1199951171875,45043
2026-07-01 18:48:00+00:00,543.9550170898438,544.4000244140625,543.7000732421875,544.2100219726562,51913
2026-07-01 18:49:00+00:00,544.2000122070312,545.0,543.8900146484375,544.77001953125,44093
2026-07-01 18:50:00+00:00,544.5800170898438,545.1400146484375,544.5399780273438,544.6649780273438,35978
2026-07-01 18:51:00+00:00,544.75,545.25,544.6849975585938,544.8900146484375,29925
2026-07-01 18:52:00+00:00,544.77001953125,545.4010009765625,544.2999877929688,544.75,28395
2026-07-01 18:53:00+00:00,544.52001953125,544.9500122070312,544.0,544.4000244140625,26259
2026-07-01 18:54:00+00:00,544.6458740234375,544.9400024414062,543.6300048828125,543.9000244140625,39640
2026-07-01 18:55:00+00:00,543.680419921875,544.3599853515625,543.2000122070312,543.2899780273438,37175
2026-07-01 18:56:00+00:00,543.47998046875,544.125,543.4500122070312,543.97998046875,27475
2026-07-01 18:57:00+00:00,543.780029296875,545.2100219726562,543.6300048828125,544.9199829101562,34921
2026-07-01 18:58:00+00:00,544.9349975585938,545.9199829101562,544.9349975585938,545.4500122070312,61103
2026-07-01 18:59:00+00:00,545.4500122070312,545.760009765625,545.3099975585938,545.6300048828125,26942
2026-07-01 19:00:00+00:00,545.625,546.2899169921875,544.6099853515625,545.625,55490
2026-07-01 19:01:00+00:00,545.719970703125,545.719970703125,545.010009765625,545.5150146484375,28018
2026-07-01 19:02:00+00:00,545.4099731445312,547.7000122070312,545.4099731445312,547.0900268554688,53112
2026-07-01 19:03:00+00:00,547.114990234375,547.5700073242188,546.0100708007812,547.3198852539062,31359
2026-07-01 19:04:00+00:00,547.1900024414062,548.5399780273438,547.1699829101562,548.5399780273438,62945
2026-07-01 19:05:00+00:00,548.3201293945312,549.7000122070312,548.1400146484375,549.3499755859375,70004
2026-07-01 19:06:00+00:00,549.3151245117188,549.7999877929688,549.0985717773438,549.6199951171875,32872
2026-07-01 19:07:00+00:00,549.5399780273438,550.0,549.0,549.2899780273438,34890
2026-07-01 19:08:00+00:00,549.3499755859375,550.5,549.280029296875,549.998779296875,62411
2026-07-01 19:09:00+00:00,550.3200073242188,550.8200073242188,549.989990234375,550.8200073242188,46977
2026-07-01 19:10:00+00:00,550.614990234375,550.9498901367188,550.25,550.5,40166
2026-07-01 19:11:00+00:00,550.625,551.5739135742188,549.9500122070312,550.0549926757812,59133
2026-07-01 19:12:00+00:00,550.0700073242188,550.4998779296875,549.1801147460938,549.2811889648438,41625
2026-07-01 19:13:00+00:00,549.5399780273438,550.219970703125,549.280029296875,550.219970703125,29021
2026-07-01 19:14:00+00:00,549.9849853515625,550.5399780273438,549.6300048828125,549.8099975585938,33430
2026-07-01 19:15:00+00:00,549.8049926757812,550.1699829101562,549.010009765625,549.2550048828125,26556
2026-07-01 19:16:00+00:00,549.2650146484375,549.9199829101562,549.010009765625,549.1801147460938,37611
2026-07-01 19:17:00+00:00,549.3900146484375,550.0,549.0399780273438,549.4400024414062,35903
2026-07-01 19:18:00+00:00,549.110107421875,549.4000244140625,548.0,548.4199829101562,35482
2026-07-01 19:19:00+00:00,548.5999755859375,549.9390869140625,548.5999755859375,549.7999877929688,35307
2026-07-01 19:20:00+00:00,549.72998046875,550.4998779296875,549.5800170898438,550.4600219726562,38744
2026-07-01 19:21:00+00:00,550.4199829101562,551.2999877929688,550.25,550.510009765625,44751
2026-07-01 19:22:00+00:00,550.239990234375,551.1699829101562,550.1699829101562,550.8350219726562,35042
2026-07-01 19:23:00+00:00,550.8200073242188,551.125,550.5,550.77001953125,27018
2026-07-01 19:24:00+00:00,550.7100219726562,551.4000244140625,550.7100219726562,551.1799926757812,32023
2026-07-01 19:25:00+00:00,551.3099975585938,551.47998046875,548.7899780273438,549.114990234375,67871
2026-07-01 19:26:00+00:00,549.114990234375,549.719970703125,548.989990234375,549.3400268554688,28809
2026-07-01 19:27:00+00:00,549.010009765625,549.72998046875,548.5,549.2449951171875,36233
2026-07-01 19:28:00+00:00,549.47900390625,550.5800170898438,549.0449829101562,550.5712890625,42520
2026-07-01 19:29:00+00:00,550.6500244140625,550.8400268554688,550.010009765625,550.1849975585938,32213
2026-07-01 19:30:00+00:00,550.1900024414062,552.8798828125,550.1900024414062,552.3699951171875,100881
2026-07-01 19:31:00+00:00,552.260009765625,552.260009765625,550.25,551.3599853515625,36613
2026-07-01 19:32:00+00:00,551.3800048828125,551.6599731445312,550.510009765625,550.9500122070312,23792
2026-07-01 19:33:00+00:00,550.7349853515625,550.9600219726562,550.0349731445312,550.7550048828125,29083
2026-07-01 19:34:00+00:00,550.655029296875,550.7999877929688,549.5001220703125,550.010009765625,40177
2026-07-01 19:35:00+00:00,550.0250244140625,550.0250244140625,546.510009765625,547.0499877929688,103167
2026-07-01 19:36:00+00:00,546.875,546.969970703125,545.6599731445312,546.2100219726562,48222
2026-07-01 19:37:00+00:00,546.239990234375,546.5,545.5,545.7349853515625,48353
2026-07-01 19:38:00+00:00,545.4199829101562,546.236572265625,545.0501098632812,545.8800048828125,44370
2026-07-01 19:39:00+00:00,545.8900146484375,546.489990234375,545.8800048828125,546.0800170898438,43523
2026-07-01 19:40:00+00:00,545.8200073242188,546.2999267578125,544.52001953125,544.9000244140625,64439
2026-07-01 19:41:00+00:00,544.989990234375,545.059326171875,544.2999877929688,544.2999877929688,75938
2026-07-01 19:42:00+00:00,544.2999877929688,544.969970703125,544.0900268554688,544.8400268554688,47193
2026-07-01 19:43:00+00:00,544.6900024414062,545.4400024414062,544.4000244140625,545.1199951171875,49364
2026-07-01 19:44:00+00:00,545.219970703125,545.5999145507812,544.3499755859375,544.9650268554688,46463
2026-07-01 19:45:00+00:00,544.9650268554688,545.1199951171875,544.2100219726562,544.375,60111
2026-07-01 19:46:00+00:00,544.489990234375,544.8599853515625,543.5399780273438,543.989990234375,77044
2026-07-01 19:47:00+00:00,543.880126953125,544.2199096679688,543.3599853515625,544.1300048828125,58162
2026-07-01 19:48:00+00:00,544.048583984375,544.2849731445312,543.5900268554688,543.5900268554688,47359
2026-07-01 19:49:00+00:00,543.6849975585938,544.0399780273438,543.22998046875,543.5999755859375,61469
2026-07-01 19:50:00+00:00,543.739990234375,545.5,543.5700073242188,544.6400146484375,102762
2026-07-01 19:51:00+00:00,544.5599975585938,544.77001953125,542.989990234375,543.1300048828125,220490
2026-07-01 19:52:00+00:00,543.1300048828125,543.6900024414062,542.77001953125,543.4400024414062,90268
2026-07-01 19:53:00+00:00,543.4299926757812,544.8400268554688,543.2899780273438,543.9400024414062,109257
2026-07-01 19:54:00+00:00,543.8300170898438,544.0,541.4199829101562,542.6099853515625,149143
2026-07-01 19:55:00+00:00,542.3699951171875,542.3699951171875,539.6699829101562,539.905029296875,299036
2026-07-01 19:56:00+00:00,539.905029296875,540.9199829101562,539.8499755859375,540.52001953125,198872
2026-07-01 19:57:00+00:00,540.5250244140625,540.530029296875,538.739990234375,539.4849853515625,279848
2026-07-01 19:58:00+00:00,539.489990234375,540.10498046875,538.9500122070312,539.1981811523438,272039
2026-07-01 19:59:00+00:00,539.1199951171875,541.5,539.1199951171875,540.8900146484375,860972
2026-07-01 20:00:00+00:00,540.88,542.0,538.2,539.45,2983806
2026-07-01 20:01:00+00:00,539.33,542.0,538.2,541.33,0
2026-07-01 20:02:00+00:00,541.49,541.665,540.14,540.66,0
2026-07-01 20:03:00+00:00,540.65,541.0,539.1,539.9,0
2026-07-01 20:04:00+00:00,539.8,541.15,539.21,540.3,0
2026-07-01 20:05:00+00:00,540.21,541.01,539.52,540.26,0
2026-07-01 20:06:00+00:00,540.6,541.15,539.9256,541.01,0
2026-07-01 20:07:00+00:00,541.05,541.91,540.6,541.44,0
2026-07-01 20:08:00+00:00,541.055,541.8,538.62,541.16,0
2026-07-01 20:09:00+00:00,541.16,541.79,539.19,539.21,0
2026-07-01 20:10:00+00:00,539.21,540.88,538.2,539.4755,0
2026-07-01 20:11:00+00:00,538.8312,540.88,538.52,539.6761,0
2026-07-01 20:12:00+00:00,539.88,544.32,539.0,539.45,0
2026-07-01 20:13:00+00:00,539.3,539.7,539.02,539.37,0
2026-07-01 20:14:00+00:00,539.37,539.7,539.0,539.3376,0
2026-07-01 20:15:00+00:00,539.02,539.4,538.8,539.2,0
2026-07-01 20:16:00+00:00,539.4,539.4,538.2,539.0,0
2026-07-01 20:17:00+00:00,538.9004,539.0,538.44,538.575,0
2026-07-01 20:18:00+00:00,538.52,540.88,538.2,540.88,0
2026-07-01 20:19:00+00:00,538.63,538.75,538.2,538.58,0
2026-07-01 20:20:00+00:00,540.88,540.88,538.25,538.5,0
2026-07-01 20:21:00+00:00,538.7128,538.74,538.44,538.58,0
2026-07-01 20:22:00+00:00,538.66,539.4,538.3,539.04,0
2026-07-01 20:23:00+00:00,539.2,539.4,538.5,538.5,0
2026-07-01 20:24:00+00:00,539.2,539.2,538.5,539.2,0
2026-07-01 20:25:00+00:00,539.2,539.4,539.0002,539.36,0
2026-07-01 20:26:00+00:00,539.1,539.4,538.92,539.175,0
2026-07-01 20:27:00+00:00,539.2,539.4,538.617,539.052,0
2026-07-01 20:28:00+00:00,538.98,539.4,538.5,538.96,0
2026-07-01 20:29:00+00:00,538.965,539.4,538.9,539.0952,0
2026-07-01 20:30:00+00:00,539.39,539.4,539.2,539.39,0
2026-07-01 20:31:00+00:00,539.4,539.4,539.2,539.39,0
2026-07-01 20:32:00+00:00,539.38,539.7,539.2,539.2,0
2026-07-01 20:33:00+00:00,539.4,539.7,539.2,539.4,0
2026-07-01 20:34:00+00:00,539.45,540.0,539.27,539.6,0
2026-07-01 20:35:00+00:00,539.5,540.0,539.24,539.6,0
2026-07-01 20:36:00+00:00,539.625,539.9025,539.25,539.25,0
2026-07-01 20:37:00+00:00,539.7,540.8,539.25,540.77,0
2026-07-01 20:38:00+00:00,540.8,541.5,540.0,540.85,0
2026-07-01 20:39:00+00:00,540.85,541.0,540.0,540.85,0
2026-07-01 20:40:00+00:00,540.32,541.4,540.1,540.8,0
2026-07-01 20:41:00+00:00,540.6,541.39,540.0,540.47,0
2026-07-01 20:42:00+00:00,540.46,541.39,540.13,540.5,0
2026-07-01 20:43:00+00:00,540.85,541.0,540.1,541.0,0
2026-07-01 20:44:00+00:00,540.5425,541.5,540.2,541.065,0
2026-07-01 20:45:00+00:00,541.39,541.49,541.0,541.25,0
2026-07-01 20:46:00+00:00,541.37,541.49,541.0,541.27,0
2026-07-01 20:47:00+00:00,541.1206,541.49,540.53,541.09,0
2026-07-01 20:48:00+00:00,540.8,541.4,540.8,540.95,0
2026-07-01 20:49:00+00:00,541.23,541.4,540.89,541.33,0
2026-07-01 20:50:00+00:00,540.92,541.5,540.92,541.49,0
2026-07-01 20:51:00+00:00,541.1207,541.5,541.0,541.39,0
2026-07-01 20:52:00+00:00,541.5,541.5,541.065,541.4875,0
2026-07-01 20:53:00+00:00,541.25,541.4988,541.01,541.01,0
2026-07-01 20:54:00+00:00,541.07,541.5,540.88,541.44,0
2026-07-01 20:55:00+00:00,541.38,542.0,541.38,541.75,0
2026-07-01 20:56:00+00:00,541.94,542.0,541.5,541.75,0
2026-07-01 20:57:00+00:00,541.99,542.0,540.88,541.5,0
2026-07-01 20:58:00+00:00,542.0,542.0,541.565,542.0,0
2026-07-01 20:59:00+00:00,542.2,542.2,541.8,542.0,0
2026-07-01 21:00:00+00:00,541.99,542.2,541.5,541.88,0
2026-07-01 21:01:00+00:00,541.8206,542.0,541.5,541.88,0
2026-07-01 21:02:00+00:00,541.92,542.0,541.5,541.75,0
2026-07-01 21:03:00+00:00,541.85,541.99,541.57,541.77,0
2026-07-01 21:04:00+00:00,541.99,542.0,541.55,541.775,0
2026-07-01 21:05:00+00:00,542.0,542.0,541.75,542.0,0
2026-07-01 21:06:00+00:00,541.99,542.0,541.56,541.725,0
2026-07-01 21:07:00+00:00,541.76,541.88,541.5906,541.88,0
2026-07-01 21:08:00+00:00,541.67,541.88,541.55,541.8,0
2026-07-01 21:09:00+00:00,541.8,542.0,541.715,542.0,0
2026-07-01 21:10:00+00:00,542.1216,542.84,541.99,542.67,0
2026-07-01 21:11:00+00:00,542.42,542.84,542.0,542.53,0
2026-07-01 21:12:00+00:00,542.53,544.0,542.53,543.72,0
2026-07-01 21:13:00+00:00,544.0,544.7,543.5413,543.99,0
2026-07-01 21:14:00+00:00,543.99,544.5,543.95,544.3,0
2026-07-01 21:15:00+00:00,544.3,544.4,543.5,543.75,0
2026-07-01 21:16:00+00:00,544.4,544.4,543.5225,544.0,0
2026-07-01 21:17:00+00:00,543.8927,544.0,542.925,543.36,0
2026-07-01 21:18:00+00:00,543.36,543.5,543.07,543.5,0
2026-07-01 21:19:00+00:00,543.08,544.0,543.04,543.8752,0
2026-07-01 21:20:00+00:00,543.26,544.0,543.04,544.0,0
2026-07-01 21:21:00+00:00,544.0,544.0,543.23,543.615,0
2026-07-01 21:22:00+00:00,543.77,544.0,543.23,543.7543,0
2026-07-01 21:23:00+00:00,543.52,544.0,543.5001,544.0,0
2026-07-01 21:24:00+00:00,543.99,544.5,540.88,544.0,0
2026-07-01 21:25:00+00:00,544.15,544.5,543.5,544.065,0
2026-07-01 21:26:00+00:00,544.5,544.5,544.0,544.275,0
2026-07-01 21:27:00+00:00,544.275,544.99,544.24,544.4,0
2026-07-01 21:28:00+00:00,544.95,544.99,544.35,544.4,0
2026-07-01 21:29:00+00:00,544.99,544.99,544.0247,544.495,0
2026-07-01 21:30:00+00:00,544.495,544.99,544.0,544.6,0
2026-07-01 21:31:00+00:00,544.99,544.99,544.22,544.22,0
2026-07-01 21:32:00+00:00,544.24,544.95,543.518,544.0,0
2026-07-01 21:33:00+00:00,544.22,544.22,543.52,544.202,0
2026-07-01 21:34:00+00:00,544.202,544.202,543.5,543.9453,0
2026-07-01 21:35:00+00:00,543.5,544.01,543.5,543.7999,0
2026-07-01 21:36:00+00:00,543.7343,543.89,543.539,543.89,0
2026-07-01 21:37:00+00:00,543.9,544.1,543.5,543.9,0
2026-07-01 21:38:00+00:00,543.75,543.9,543.5736,543.7,0
2026-07-01 21:39:00+00:00,543.7,543.9,543.5001,543.6,0
2026-07-01 21:40:00+00:00,543.7,543.9,543.7,543.75,0
2026-07-01 21:41:00+00:00,543.75,543.9,543.55,543.6,0
2026-07-01 21:42:00+00:00,543.614,543.8999,543.5,543.65,0
2026-07-01 21:43:00+00:00,543.7925,543.8,543.5,543.6498,0
2026-07-01 21:44:00+00:00,543.6482,543.8,543.53,543.761,0
2026-07-01 21:45:00+00:00,543.5,543.7999,543.5,543.75,0
2026-07-01 21:46:00+00:00,543.65,543.8,543.65,543.7,0
2026-07-01 21:47:00+00:00,543.74,543.75,543.5,543.6,0
2026-07-01 21:48:00+00:00,543.625,543.75,543.5062,543.75,0
2026-07-01 21:49:00+00:00,543.625,543.75,543.55,543.75,0
2026-07-01 21:50:00+00:00,543.74,543.75,543.65,543.74,0
2026-07-01 21:51:00+00:00,543.65,543.931,543.55,543.845,0
2026-07-01 21:52:00+00:00,543.69,543.9988,543.69,543.845,0
2026-07-01 21:53:00+00:00,543.845,544.0,543.7,543.9533,0
2026-07-01 21:54:00+00:00,543.845,544.0,543.69,543.9597,0
2026-07-01 21:55:00+00:00,543.89,544.0,543.8,543.8,0
2026-07-01 21:56:00+00:00,543.82,544.1,543.82,544.0988,0
2026-07-01 21:57:00+00:00,544.01,544.01,543.895,544.01,0
2026-07-01 21:58:00+00:00,543.895,544.1,543.69,543.9936,0
2026-07-01 21:59:00+00:00,543.9956,544.07,543.7481,543.97,0
2026-07-01 22:00:00+00:00,543.97,544.1,543.17,543.37,0
2026-07-01 22:01:00+00:00,543.22,544.1,543.0412,544.1,0
2026-07-01 22:02:00+00:00,543.5,544.1,543.37,543.5,0
2026-07-01 22:03:00+00:00,543.5,544.1,543.04,543.5,0
2026-07-01 22:04:00+00:00,543.75,544.1,543.0401,544.1,0
2026-07-01 22:05:00+00:00,543.1951,544.1,543.04,543.57,0
2026-07-01 22:06:00+00:00,543.18,543.565,543.05,543.05,0
2026-07-01 22:07:00+00:00,543.35,543.5,543.04,543.2,0
2026-07-01 22:08:00+00:00,543.2,543.5,543.2,543.35,0
2026-07-01 22:09:00+00:00,543.49,543.5,543.04,543.44,0
2026-07-01 22:10:00+00:00,543.4415,543.5,543.05,543.275,0
2026-07-01 22:11:00+00:00,543.49,543.5,543.0501,543.3,0
2026-07-01 22:12:00+00:00,543.27,543.49,543.04,543.04,0
2026-07-01 22:13:00+00:00,543.17,543.4,542.47,542.65,0
2026-07-01 22:14:00+00:00,542.65,543.4,542.47,542.63,0
2026-07-01 22:15:00+00:00,542.6,542.6,542.0,542.5,0
2026-07-01 22:16:00+00:00,543.0,543.0,542.0,543.0,0
2026-07-01 22:17:00+00:00,542.5,542.5,542.0,542.45,0
2026-07-01 22:18:00+00:00,542.2043,543.0,542.151,542.4,0
2026-07-01 22:19:00+00:00,542.45,543.0,542.275,543.0,0
2026-07-01 22:20:00+00:00,542.6,543.03,542.52,543.03,0
2026-07-01 22:21:00+00:00,542.995,544.1,542.5,544.0999,0
2026-07-01 22:22:00+00:00,543.45,544.1,542.8,542.8422,0
2026-07-01 22:23:00+00:00,543.9437,543.9437,543.18,543.84,0
2026-07-01 22:24:00+00:00,543.4,544.1,543.0,543.0012,0
2026-07-01 22:25:00+00:00,543.95,544.22,543.0305,544.22,0
2026-07-01 22:26:00+00:00,544.22,544.516,544.01,544.516,0
2026-07-01 22:27:00+00:00,544.28,544.55,544.0,544.55,0
2026-07-01 22:28:00+00:00,544.475,544.95,544.435,544.55,0
2026-07-01 22:29:00+00:00,544.55,544.95,544.44,544.6,0
2026-07-01 22:30:00+00:00,544.8837,544.95,544.4527,544.7,0
2026-07-01 22:31:00+00:00,544.88,544.95,544.45,544.5475,0
2026-07-01 22:32:00+00:00,544.5,544.55,544.3,544.425,0
2026-07-01 22:33:00+00:00,544.55,545.0,544.3162,545.0,0
2026-07-01 22:34:00+00:00,545.0,545.48,545.0,545.32,0
2026-07-01 22:35:00+00:00,545.37,545.5,545.24,545.5,0
2026-07-01 22:36:00+00:00,545.55,545.66,545.33,545.42,0
2026-07-01 22:37:00+00:00,545.5742,545.5742,545.25,545.5,0
2026-07-01 22:38:00+00:00,545.25,545.5,545.065,545.35,0
2026-07-01 22:39:00+00:00,545.48,545.49,545.0,545.3415,0
2026-07-01 22:40:00+00:00,545.3171,545.4,545.2,545.3999,0
2026-07-01 22:41:00+00:00,545.3999,545.4,545.2,545.2,0
2026-07-01 22:42:00+00:00,545.39,545.4,545.0,545.2,0
2026-07-01 22:43:00+00:00,545.052,545.62,545.052,545.62,0
2026-07-01 22:44:00+00:00,545.441,545.62,545.25,545.49,0
2026-07-01 22:45:00+00:00,545.25,545.9,545.25,545.85,0
2026-07-01 22:46:00+00:00,545.8991,545.9,545.34,545.5,0
2026-07-01 22:47:00+00:00,545.48,545.5,545.0,545.4194,0
2026-07-01 22:48:00+00:00,545.25,545.5,544.88,544.88,0
2026-07-01 22:49:00+00:00,545.2,545.5,545.11,545.19,0
2026-07-01 22:50:00+00:00,545.5,545.5,544.88,544.9,0
2026-07-01 22:51:00+00:00,544.89,545.48,544.88,544.88,0
2026-07-01 22:52:00+00:00,545.22,545.4632,545.02,545.2,0
2026-07-01 22:53:00+00:00,545.3,545.5,544.926,545.3,0
2026-07-01 22:54:00+00:00,545.4,545.4,545.19,545.32,0
2026-07-01 22:55:00+00:00,545.3,545.5,544.978,545.5,0
2026-07-01 22:56:00+00:00,545.9,545.9,545.03,545.88,0
2026-07-01 22:57:00+00:00,545.9,546.5,545.65,546.27,0
2026-07-01 22:58:00+00:00,546.22,546.7,545.63,546.7,0
2026-07-01 22:59:00+00:00,546.51,546.8,545.725,546.7,0
2026-07-01 23:00:00+00:00,546.5,546.79,546.0,546.05,0
2026-07-01 23:01:00+00:00,546.1,546.79,546.0,546.25,0
2026-07-01 23:02:00+00:00,546.07,546.79,546.05,546.4,0
2026-07-01 23:03:00+00:00,546.39,546.5,546.0,546.0407,0
2026-07-01 23:04:00+00:00,546.25,546.49,545.7,545.98,0
2026-07-01 23:05:00+00:00,546.0,546.37,545.5,545.5,0
2026-07-01 23:06:00+00:00,545.62,546.0,545.5,545.88,0
2026-07-01 23:07:00+00:00,545.9,546.0,545.6,545.88,0
2026-07-01 23:08:00+00:00,545.75,546.0,545.45,546.0,0
2026-07-01 23:09:00+00:00,546.0,546.3,545.4,545.41,0
2026-07-01 23:10:00+00:00,545.4,546.5,545.4,546.5,0
2026-07-01 23:11:00+00:00,545.7,546.5,545.53,545.95,0
2026-07-01 23:12:00+00:00,545.4,546.5,540.88,545.6449,0
2026-07-01 23:13:00+00:00,546.0,546.45,545.01,545.01,0
2026-07-01 23:14:00+00:00,545.0,545.972,544.88,544.88,0
2026-07-01 23:15:00+00:00,544.8813,545.0,544.1,544.57,0
2026-07-01 23:16:00+00:00,544.49,544.59,544.0702,544.3,0
2026-07-01 23:17:00+00:00,544.5,544.999,544.204,544.98,0
2026-07-01 23:18:00+00:00,544.88,545.14,544.88,544.9,0
2026-07-01 23:19:00+00:00,544.8811,545.09,544.88,544.997,0
2026-07-01 23:20:00+00:00,544.89,545.9745,544.88,545.49,0
2026-07-01 23:21:00+00:00,545.49,545.972,545.0,545.0,0
2026-07-01 23:22:00+00:00,545.1247,545.65,545.02,545.45,0
2026-07-01 23:23:00+00:00,545.45,545.9999,545.0,545.435,0
2026-07-01 23:24:00+00:00,545.25,545.5,544.88,544.88,0
2026-07-01 23:25:00+00:00,545.2,545.5,544.88,545.5,0
2026-07-01 23:26:00+00:00,544.88,545.5,544.88,544.89,0
2026-07-01 23:27:00+00:00,544.97,545.5,544.88,544.88,0
2026-07-01 23:28:00+00:00,544.9,545.19,544.88,544.88,0
2026-07-01 23:29:00+00:00,545.2,545.5,544.88,545.02,0
2026-07-01 23:30:00+00:00,545.148,545.5,544.88,545.1,0
2026-07-01 23:31:00+00:00,544.9476,545.4,544.89,544.89,0
2026-07-01 23:32:00+00:00,545.37,545.4,544.88,545.0888,0
2026-07-01 23:33:00+00:00,545.0492,545.5,544.89,544.89,0
2026-07-01 23:34:00+00:00,545.18,545.48,544.45,544.45,0
2026-07-01 23:35:00+00:00,544.74,545.0,544.0,544.46,0
2026-07-01 23:36:00+00:00,544.1487,545.0,543.7,545.0,0
2026-07-01 23:37:00+00:00,543.7,545.4,543.67,543.67,0
2026-07-01 23:38:00+00:00,544.98,545.0,543.67,544.715,0
2026-07-01 23:39:00+00:00,544.96,545.422,544.7,545.0048,0
2026-07-01 23:40:00+00:00,545.2,545.5,544.9,544.9,0
2026-07-01 23:41:00+00:00,545.17,545.3528,544.73,545.25,0
2026-07-01 23:42:00+00:00,544.73,545.25,544.73,544.91,0
2026-07-01 23:43:00+00:00,545.25,545.25,544.73,545.25,0
2026-07-01 23:44:00+00:00,544.85,545.198,544.743,544.915,0
2026-07-01 23:45:00+00:00,544.84,545.0,544.24,544.75,0
2026-07-01 23:46:00+00:00,544.65,544.8,544.5,544.5001,0
2026-07-01 23:47:00+00:00,544.6143,544.65,543.6712,544.1658,0
2026-07-01 23:48:00+00:00,544.102,544.8,543.6945,544.4,0
2026-07-01 23:49:00+00:00,544.4,544.49,543.0,543.7,0
2026-07-01 23:50:00+00:00,543.55,544.053,543.0,543.0,0
2026-07-01 23:51:00+00:00,543.0,544.44,543.0,543.31,0
2026-07-01 23:52:00+00:00,544.05,544.7,543.3167,544.11,0
2026-07-01 23:53:00+00:00,544.0,544.7,543.897,544.35,0
2026-07-01 23:54:00+00:00,544.42,544.8,544.18,544.42,0
2026-07-01 23:55:00+00:00,544.42,544.8,544.4,544.8,0
2026-07-01 23:56:00+00:00,544.56,544.68,544.2,544.59,0
2026-07-01 23:57:00+00:00,544.4,544.8,544.065,544.065,0
2026-07-01 23:58:00+00:00,544.5,544.5,544.18,544.25,0
2026-07-01 23:59:00+00:00,544.15,544.8,544.0,544.104,0
2026-07-02 08:00:00+00:00,534.01,547.9625,525.8,530.72,0
2026-07-02 08:01:00+00:00,530.49,547.89,525.79,531.88,0
2026-07-02 08:02:00+00:00,531.48,531.48,529.44,529.63,0
2026-07-02 08:03:00+00:00,529.96,530.34,529.5,530.04,0
2026-07-02 08:04:00+00:00,530.04,530.2427,528.25,529.0,0
2026-07-02 08:05:00+00:00,528.42,529.6,528.25,529.5997,0
2026-07-02 08:06:00+00:00,529.59,529.59,527.01,528.02,0
2026-07-02 08:07:00+00:00,527.0,547.5,526.0,527.18,0
2026-07-02 08:08:00+00:00,536.56,547.5,526.11,527.0,0
2026-07-02 08:09:00+00:00,527.0,527.5,526.7,527.12,0
2026-07-02 08:10:00+00:00,527.02,527.15,526.03,526.7,0
2026-07-02 08:11:00+00:00,526.03,527.3652,525.0,525.0,0
2026-07-02 08:12:00+00:00,525.8,525.87,525.0,525.0,0
2026-07-02 08:13:00+00:00,525.25,525.42,525.0,525.29,0
2026-07-02 08:14:00+00:00,525.1502,525.47,524.0,525.43,0
2026-07-02 08:15:00+00:00,524.07,527.34,524.07,525.38,0
2026-07-02 08:16:00+00:00,526.1227,528.0,525.5325,527.4021,0
2026-07-02 08:17:00+00:00,528.0,528.0,525.498,526.55,0
2026-07-02 08:18:00+00:00,526.52,527.1647,525.01,526.07,0
2026-07-02 08:19:00+00:00,526.52,527.9,526.0,527.0,0
2026-07-02 08:20:00+00:00,527.52,528.0,526.05,527.181,0
2026-07-02 08:21:00+00:00,528.24,528.906,527.98,528.13,0
2026-07-02 08:22:00+00:00,528.2318,528.826,528.2318,528.63,0
2026-07-02 08:23:00+00:00,529.0,529.07,528.6517,528.6517,0
2026-07-02 08:24:00+00:00,529.24,529.5,528.81,529.06,0
2026-07-02 08:25:00+00:00,529.23,529.4988,529.06,529.25,0
2026-07-02 08:26:00+00:00,529.16,530.89,529.16,530.0422,0
2026-07-02 08:27:00+00:00,530.01,530.89,530.0,530.49,0
2026-07-02 08:28:00+00:00,530.19,531.2675,530.19,530.24,0
2026-07-02 08:29:00+00:00,531.3,531.3,530.0,530.29,0
2026-07-02 08:30:00+00:00,530.1412,531.6,530.1412,530.2,0
2026-07-02 08:31:00+00:00,530.81,533.0,530.274,533.0,0
2026-07-02 08:32:00+00:00,532.38,533.0,531.0,532.9316,0
2026-07-02 08:33:00+00:00,532.43,532.8,532.1275,532.1275,0
2026-07-02 08:34:00+00:00,532.2,534.5,532.09,533.96,0
2026-07-02 08:35:00+00:00,533.97,534.8,531.3,534.38,0
2026-07-02 08:36:00+00:00,534.4,534.8,533.97,534.8,0
2026-07-02 08:37:00+00:00,534.59,534.8,534.27,534.44,0
2026-07-02 08:38:00+00:00,534.44,534.8,534.096,534.31,0
2026-07-02 08:39:00+00:00,534.55,534.8,534.0,534.45,0
2026-07-02 08:40:00+00:00,534.45,534.79,532.1851,533.0,0
2026-07-02 08:41:00+00:00,532.99,534.3,532.0,534.3,0
2026-07-02 08:42:00+00:00,533.9,533.9,532.85,533.89,0
2026-07-02 08:43:00+00:00,533.896,533.896,533.75,533.75,0
2026-07-02 08:44:00+00:00,533.0,534.5647,533.0,534.29,0
2026-07-02 08:45:00+00:00,533.9,534.5572,533.32,533.32,0
2026-07-02 08:46:00+00:00,533.84,534.5572,533.12,534.2,0
2026-07-02 08:47:00+00:00,534.61,534.61,534.18,534.3,0
2026-07-02 08:48:00+00:00,534.24,534.29,533.0,534.29,0
2026-07-02 08:49:00+00:00,534.22,535.88,533.1012,535.37,0
2026-07-02 08:50:00+00:00,535.4413,536.0,535.36,535.5,0
2026-07-02 08:51:00+00:00,535.67,536.0,534.3,536.0,0
2026-07-02 08:52:00+00:00,536.89,536.94,535.5703,535.5703,0
2026-07-02 08:53:00+00:00,536.8033,536.94,536.5,536.5,0
2026-07-02 08:54:00+00:00,536.29,536.94,535.35,536.43,0
2026-07-02 08:55:00+00:00,535.7,536.23,535.7,536.0235,0
2026-07-02 08:56:00+00:00,536.19,536.45,536.19,536.19,0
2026-07-02 08:57:00+00:00,536.19,536.7,535.93,536.7,0
2026-07-02 08:58:00+00:00,536.94,537.5,536.94,537.2,0
2026-07-02 08:59:00+00:00,537.49,537.5,537.0,537.5,0
2026-07-02 09:00:00+00:00,537.48,537.48,533.87,534.25,0
2026-07-02 09:01:00+00:00,534.25,534.68,534.07,534.5282,0
2026-07-02 09:02:00+00:00,534.17,534.53,533.12,533.8,0
2026-07-02 09:03:00+00:00,533.3744,534.91,533.3744,534.91,0
2026-07-02 09:04:00+00:00,534.48,534.48,534.35,534.35,0
2026-07-02 09:05:00+00:00,534.0,534.17,534.0,534.0,0
2026-07-02 09:06:00+00:00,533.975,534.0,533.43,533.78,0
2026-07-02 09:07:00+00:00,533.41,533.723,533.0,533.4,0
2026-07-02 09:08:00+00:00,533.55,535.2,533.0,533.35,0
2026-07-02 09:09:00+00:00,533.12,533.4375,532.5,532.5,0
2026-07-02 09:10:00+00:00,532.93,533.0,532.0,532.0,0
2026-07-02 09:11:00+00:00,533.0,533.36,532.55,533.36,0
2026-07-02 09:12:00+00:00,533.68,534.7,533.35,534.4,0
2026-07-02 09:13:00+00:00,534.16,534.2,533.95,534.03,0
2026-07-02 09:14:00+00:00,533.006,533.006,533.006,533.006,0
2026-07-02 09:15:00+00:00,533.95,534.75,532.511,533.2,0
2026-07-02 09:16:00+00:00,532.62,532.7647,531.65,532.11,0
2026-07-02 09:17:00+00:00,532.0,532.29,531.67,532.28,0
2026-07-02 09:18:00+00:00,532.2,532.3,531.0012,532.3,0
2026-07-02 09:19:00+00:00,532.28,533.925,531.92,531.92,0
2026-07-02 09:20:00+00:00,531.0012,533.925,531.0012,533.925,0
2026-07-02 09:21:00+00:00,532.96,532.96,532.9,532.9588,0
2026-07-02 09:22:00+00:00,532.34,532.34,531.5,531.76,0
2026-07-02 09:23:00+00:00,531.6,531.87,531.6,531.75,0
2026-07-02 09:24:00+00:00,532.0,532.56,532.0,532.0,0
2026-07-02 09:25:00+00:00,531.83,532.18,530.7351,530.7351,0
2026-07-02 09:26:00+00:00,531.08,532.1575,530.7313,531.0,0
2026-07-02 09:27:00+00:00,531.64,531.64,531.47,531.5,0
2026-07-02 09:28:00+00:00,531.9625,532.87,531.13,532.87,0
2026-07-02 09:29:00+00:00,532.33,533.78,532.33,533.78,0
2026-07-02 09:30:00+00:00,533.01,533.89,532.8,533.25,0
2026-07-02 09:31:00+00:00,533.0,533.01,530.9482,533.0,0
2026-07-02 09:32:00+00:00,532.81,532.82,532.4,532.4,0
2026-07-02 09:33:00+00:00,532.4,535.248,532.4,534.17,0
2026-07-02 09:34:00+00:00,534.17,534.19,533.35,533.5,0
2026-07-02 09:35:00+00:00,535.8,535.8,533.4667,534.0,0
2026-07-02 09:36:00+00:00,534.76,534.76,533.5575,533.5575,0
2026-07-02 09:37:00+00:00,534.45,534.45,534.0,534.0,0
2026-07-02 09:38:00+00:00,534.2,535.2357,533.591,535.2357,0
2026-07-02 09:39:00+00:00,534.91,534.91,534.0,534.0,0
2026-07-02 09:40:00+00:00,533.65,534.4,533.6474,533.6474,0
2026-07-02 09:41:00+00:00,533.51,533.92,533.51,533.8,0
2026-07-02 09:42:00+00:00,533.81,534.5,533.5422,534.5,0
2026-07-02 09:43:00+00:00,534.0,534.0,533.56,533.56,0
2026-07-02 09:44:00+00:00,533.56,534.5175,533.52,533.58,0
2026-07-02 09:45:00+00:00,533.57,533.57,533.0,533.0,0
2026-07-02 09:46:00+00:00,533.0,533.964,531.79,533.3367,0
2026-07-02 09:47:00+00:00,532.44,534.0,530.8712,530.8712,0
2026-07-02 09:48:00+00:00,532.82,532.83,532.82,532.83,0
2026-07-02 09:49:00+00:00,532.5,532.5,532.5,532.5,0
2026-07-02 09:50:00+00:00,533.8027,533.8027,533.8027,533.8027,0
2026-07-02 09:51:00+00:00,533.21,533.21,532.01,532.19,0
2026-07-02 09:52:00+00:00,532.46,532.83,532.46,532.83,0
2026-07-02 09:53:00+00:00,533.0,533.31,531.045,531.045,0
2026-07-02 09:54:00+00:00,532.6,532.8,531.045,532.8,0
2026-07-02 09:55:00+00:00,532.3,532.4997,531.47,531.47,0
2026-07-02 09:56:00+00:00,531.5,533.4,531.23,531.42,0
2026-07-02 09:57:00+00:00,531.25,531.46,531.126,531.41,0
2026-07-02 09:58:00+00:00,531.69,532.0,531.42,531.5,0
2026-07-02 09:59:00+00:00,531.81,532.0,531.43,531.5351,0
2026-07-02 10:00:00+00:00,531.51,531.7438,531.35,531.41,0
2026-07-02 10:01:00+00:00,531.53,531.53,531.0,531.0,0
2026-07-02 10:02:00+00:00,531.0,531.7988,530.81,530.81,0
2026-07-02 10:03:00+00:00,530.9,530.94,530.2,530.22,0
2026-07-02 10:04:00+00:00,530.22,530.8,530.0,530.59,0
2026-07-02 10:05:00+00:00,530.22,530.59,530.01,530.59,0
2026-07-02 10:06:00+00:00,530.91,531.5,530.48,530.5,0
2026-07-02 10:07:00+00:00,531.01,532.0,530.0,530.5,0
2026-07-02 10:08:00+00:00,532.8,532.8,530.01,530.2,0
2026-07-02 10:09:00+00:00,530.01,531.4625,530.01,530.01,0
2026-07-02 10:10:00+00:00,530.0,530.7215,529.4842,529.9097,0
2026-07-02 10:11:00+00:00,529.38,530.0088,529.38,529.7,0
2026-07-02 10:12:00+00:00,529.54,529.54,529.26,529.4,0
2026-07-02 10:13:00+00:00,529.7,529.7,528.97,529.2,0
2026-07-02 10:14:00+00:00,529.2,529.8,529.2,529.8,0
2026-07-02 10:15:00+00:00,529.0003,529.5,529.0003,529.5,0
2026-07-02 10:16:00+00:00,529.76,530.0099,529.0,530.0,0
2026-07-02 10:17:00+00:00,529.15,529.69,529.0,529.48,0
2026-07-02 10:18:00+00:00,529.0112,529.4,529.0112,529.17,0
2026-07-02 10:19:00+00:00,528.8985,530.01,528.87,529.0,0
2026-07-02 10:20:00+00:00,529.7,529.81,529.7,529.81,0
2026-07-02 10:21:00+00:00,529.17,529.5,529.0,529.5,0
2026-07-02 10:22:00+00:00,529.5779,529.6,529.5,529.6,0
2026-07-02 10:23:00+00:00,529.51,529.51,529.08,529.0914,0
2026-07-02 10:24:00+00:00,529.32,529.5,529.0316,529.0316,0
2026-07-02 10:25:00+00:00,529.1733,530.01,529.05,530.01,0
2026-07-02 10:26:00+00:00,530.19,531.01,530.01,530.54,0
2026-07-02 10:27:00+00:00,529.7052,530.3092,529.7052,529.76,0
2026-07-02 10:28:00+00:00,529.76,529.78,527.77,528.3363,0
2026-07-02 10:29:00+00:00,528.48,528.48,528.0,528.0,0
2026-07-02 10:30:00+00:00,528.27,529.0,528.0,528.17,0
2026-07-02 10:31:00+00:00,528.0468,528.35,528.0468,528.35,0
2026-07-02 10:32:00+00:00,528.5,528.85,528.5,528.85,0
2026-07-02 10:33:00+00:00,529.0,530.9,528.85,530.54,0
2026-07-02 10:34:00+00:00,530.74,531.09,530.4,531.01,0
2026-07-02 10:35:00+00:00,530.88,531.5,529.75,531.2095,0
2026-07-02 10:36:00+00:00,530.5,530.75,530.38,530.38,0
2026-07-02 10:37:00+00:00,531.0,531.0,530.63,530.96,0
2026-07-02 10:38:00+00:00,530.96,531.5,530.63,530.63,0
2026-07-02 10:39:00+00:00,530.98,531.9,530.98,531.7663,0
2026-07-02 10:40:00+00:00,531.9,531.9,531.0225,531.28,0
2026-07-02 10:41:00+00:00,531.6744,531.9,531.0,531.0,0
2026-07-02 10:42:00+00:00,531.21,531.5,531.09,531.38,0
2026-07-02 10:43:00+00:00,531.7676,531.9,531.1328,531.75,0
2026-07-02 10:44:00+00:00,531.69,531.69,531.69,531.69,0
2026-07-02 10:45:00+00:00,531.8,531.8,530.84,530.84,0
2026-07-02 10:46:00+00:00,531.0,531.7,531.0,531.0,0
2026-07-02 10:48:00+00:00,531.06,531.68,531.02,531.68,0
2026-07-02 10:49:00+00:00,531.22,531.9,531.01,531.01,0
2026-07-02 10:50:00+00:00,531.9,531.9,531.37,531.5,0
2026-07-02 10:51:00+00:00,531.31,531.68,531.3,531.3,0
2026-07-02 10:52:00+00:00,531.3,531.69,531.12,531.12,0
2026-07-02 10:53:00+00:00,531.02,531.34,531.01,531.07,0
2026-07-02 10:54:00+00:00,531.18,531.76,531.18,531.51,0
2026-07-02 10:55:00+00:00,531.6,531.77,531.52,531.77,0
2026-07-02 10:56:00+00:00,531.68,531.68,531.142,531.142,0
2026-07-02 10:57:00+00:00,531.07,531.25,531.0,531.25,0
2026-07-02 10:58:00+00:00,531.25,531.9,531.25,531.51,0
2026-07-02 10:59:00+00:00,531.79,531.9,531.51,531.9,0
2026-07-02 11:00:00+00:00,531.9,540.88,531.51,532.88,0
2026-07-02 11:01:00+00:00,533.2591,540.88,533.0,533.31,0
2026-07-02 11:02:00+00:00,533.31,534.5,532.92,534.5,0
2026-07-02 11:03:00+00:00,534.5,534.5,532.48,533.0,0
2026-07-02 11:04:00+00:00,533.0,533.33,532.19,532.2,0
2026-07-02 11:05:00+00:00,533.0,533.0,531.2,531.4,0
2026-07-02 11:06:00+00:00,531.44,532.8,531.2,532.0,0
2026-07-02 11:07:00+00:00,531.31,532.0,531.26,532.0,0
2026-07-02 11:08:00+00:00,532.0,532.5,531.2,531.33,0
2026-07-02 11:09:00+00:00,531.2,531.94,531.2,531.94,0
2026-07-02 11:10:00+00:00,531.94,533.0,531.8,532.45,0
2026-07-02 11:11:00+00:00,532.79,534.0,532.24,533.0,0
2026-07-02 11:12:00+00:00,533.0,533.99,531.9918,533.0,0
2026-07-02 11:13:00+00:00,533.5,534.5,533.5,534.5,0
2026-07-02 11:14:00+00:00,534.2224,534.45,533.32,534.19,0
2026-07-02 11:15:00+00:00,534.2,534.5,533.5,534.0,0
2026-07-02 11:16:00+00:00,533.8,534.5,533.0,533.01,0
2026-07-02 11:17:00+00:00,533.01,534.5,532.5,533.0,0
2026-07-02 11:18:00+00:00,532.5,533.0,531.97,532.6,0
2026-07-02 11:19:00+00:00,532.12,532.99,531.51,532.26,0
2026-07-02 11:20:00+00:00,532.8,533.0,531.7124,532.01,0
2026-07-02 11:21:00+00:00,532.01,533.0,531.72,533.0,0
2026-07-02 11:22:00+00:00,532.11,533.0,531.89,532.99,0
2026-07-02 11:23:00+00:00,532.87,533.49,532.48,533.0003,0
2026-07-02 11:24:00+00:00,533.87,533.975,532.695,533.13,0
2026-07-02 11:25:00+00:00,534.0,534.0,533.0,533.5,0
2026-07-02 11:26:00+00:00,533.88,534.0,533.478,533.63,0
2026-07-02 11:27:00+00:00,533.9238,534.19,533.591,534.05,0
2026-07-02 11:28:00+00:00,533.99,534.475,533.5,534.0,0
2026-07-02 11:29:00+00:00,534.0,534.4,533.68,533.68,0
2026-07-02 11:30:00+00:00,534.0,534.38,533.0,533.7319,0
2026-07-02 11:31:00+00:00,533.5,534.0,533.13,533.7257,0
2026-07-02 11:32:00+00:00,534.0,534.2,533.0,533.51,0
2026-07-02 11:33:00+00:00,534.0,534.5,533.5325,534.01,0
2026-07-02 11:34:00+00:00,534.02,534.5,533.0,533.0,0
2026-07-02 11:35:00+00:00,533.5,534.19,533.0,534.19,0
2026-07-02 11:36:00+00:00,533.0,534.5,533.0,533.75,0
2026-07-02 11:37:00+00:00,533.75,534.2488,533.1625,534.14,0
2026-07-02 11:38:00+00:00,534.4,536.0,533.75,535.298,0
2026-07-02 11:39:00+00:00,536.0,536.0,535.29,535.935,0
2026-07-02 11:40:00+00:00,535.5,536.0,534.64,534.64,0
2026-07-02 11:41:00+00:00,534.61,536.5,534.6,536.29,0
2026-07-02 11:42:00+00:00,536.8492,537.0,535.7704,536.94,0
2026-07-02 11:43:00+00:00,536.0,536.99,536.0,536.31,0
2026-07-02 11:44:00+00:00,536.7088,537.75,536.48,537.713,0
2026-07-02 11:45:00+00:00,537.2181,538.5,537.1347,538.0,0
2026-07-02 11:46:00+00:00,537.79,538.5,537.187,538.4627,0
2026-07-02 11:47:00+00:00,538.46,538.8,537.85,538.8,0
2026-07-02 11:48:00+00:00,538.8,539.0,538.022,538.5,0
2026-07-02 11:49:00+00:00,538.5,538.8,537.61,538.5,0
2026-07-02 11:50:00+00:00,538.0,539.0,537.755,538.5,0
2026-07-02 11:51:00+00:00,538.7,539.0,538.03,538.6849,0
2026-07-02 11:52:00+00:00,538.4,539.8,538.0,538.93,0
2026-07-02 11:53:00+00:00,539.8,539.8,538.0597,538.99,0
2026-07-02 11:54:00+00:00,538.85,538.9597,537.95,538.48,0
2026-07-02 11:55:00+00:00,538.01,538.32,537.46,537.73,0
2026-07-02 11:56:00+00:00,537.5,538.975,537.0,538.79,0
2026-07-02 11:57:00+00:00,538.01,538.8,538.0,538.21,0
2026-07-02 11:58:00+00:00,538.0,538.7,537.98,538.0,0
2026-07-02 11:59:00+00:00,538.3779,538.46,537.7,538.0,0
2026-07-02 12:00:00+00:00,537.81,538.45,536.195,536.7638,0
2026-07-02 12:01:00+00:00,536.0,537.75,536.0,537.49,0
2026-07-02 12:02:00+00:00,537.79,538.0,536.76,536.76,0
2026-07-02 12:03:00+00:00,537.99,539.99,537.58,539.269,0
2026-07-02 12:04:00+00:00,539.9652,541.0,539.75,540.96,0
2026-07-02 12:05:00+00:00,540.99,541.8,540.89,541.41,0
2026-07-02 12:06:00+00:00,541.25,542.86,541.0,542.75,0
2026-07-02 12:07:00+00:00,542.43,543.6,541.2,542.2167,0
2026-07-02 12:08:00+00:00,542.01,543.99,542.01,543.495,0
2026-07-02 12:09:00+00:00,543.7108,544.5,542.58,543.34,0
2026-07-02 12:10:00+00:00,543.99,543.99,543.1,543.7,0
2026-07-02 12:11:00+00:00,543.9677,545.0,543.1,544.9,0
2026-07-02 12:12:00+00:00,545.25,546.0,544.3,545.0,0
2026-07-02 12:13:00+00:00,545.5,547.0,544.5,546.25,0
2026-07-02 12:14:00+00:00,546.87,546.87,545.45,545.85,0
2026-07-02 12:15:00+00:00,545.66,546.25,545.0,545.5,0
2026-07-02 12:16:00+00:00,545.84,547.0,520.0,546.62,0
2026-07-02 12:17:00+00:00,546.056,547.34,545.247,546.53,0
2026-07-02 12:18:00+00:00,546.2365,546.6,545.6,546.0907,0
2026-07-02 12:19:00+00:00,546.093,546.59,545.0,545.41,0
2026-07-02 12:20:00+00:00,545.5,545.99,545.0,545.84,0
2026-07-02 12:21:00+00:00,545.1287,546.0,544.5,545.98,0
2026-07-02 12:22:00+00:00,545.53,545.99,545.0,545.89,0
2026-07-02 12:23:00+00:00,545.98,546.0,545.3,545.99,0
2026-07-02 12:24:00+00:00,545.495,546.4,545.0,545.7,0
2026-07-02 12:25:00+00:00,546.5,547.5,545.5375,547.37,0
2026-07-02 12:26:00+00:00,547.52,548.0,546.0,547.5,0
2026-07-02 12:27:00+00:00,547.5,547.75,546.0,546.49,0
2026-07-02 12:28:00+00:00,546.51,547.74,546.0,546.6,0
2026-07-02 12:29:00+00:00,547.49,548.0,546.3,547.75,0
2026-07-02 12:30:00+00:00,547.87,551.9,547.0,551.8,0
2026-07-02 12:31:00+00:00,551.7,551.9,549.0001,549.61,0
2026-07-02 12:32:00+00:00,549.61,550.7465,547.58,549.6012,0
2026-07-02 12:33:00+00:00,549.43,550.7,548.11,550.05,0
2026-07-02 12:34:00+00:00,550.0,550.7,548.78,550.25,0
2026-07-02 12:35:00+00:00,550.01,552.0,550.0,551.84,0
2026-07-02 12:36:00+00:00,551.2801,553.0,551.28,552.6755,0
2026-07-02 12:37:00+00:00,552.47,553.8,551.79,552.72,0
2026-07-02 12:38:00+00:00,552.7242,552.98,551.02,551.02,0
2026-07-02 12:39:00+00:00,551.51,552.0,551.02,551.3,0
2026-07-02 12:40:00+00:00,551.46,551.9,550.09,550.23,0
2026-07-02 12:41:00+00:00,550.09,551.0,549.38,549.6291,0
2026-07-02 12:42:00+00:00,549.94,551.0,549.61,550.44,0
2026-07-02 12:43:00+00:00,550.95,550.95,549.67,549.71,0
2026-07-02 12:44:00+00:00,550.1,550.3366,548.75,548.75,0
2026-07-02 12:45:00+00:00,549.31,550.0,548.88,550.0,0
2026-07-02 12:46:00+00:00,549.56,550.03,549.44,549.76,0
2026-07-02 12:47:00+00:00,550.5,550.5,549.75,550.25,0
2026-07-02 12:48:00+00:00,550.1,551.0,550.0,550.5,0
2026-07-02 12:49:00+00:00,550.61,550.61,549.75,550.26,0
2026-07-02 12:50:00+00:00,550.04,550.51,549.75,550.47,0
2026-07-02 12:51:00+00:00,550.0624,550.48,549.0,549.25,0
2026-07-02 12:52:00+00:00,549.25,549.99,549.0,549.87,0
2026-07-02 12:53:00+00:00,549.92,549.92,547.2,547.98,0
2026-07-02 12:54:00+00:00,548.0,548.28,547.2,547.5,0
2026-07-02 12:55:00+00:00,548.0,548.0,546.0,546.0,0
2026-07-02 12:56:00+00:00,546.11,547.5,545.2,546.74,0
2026-07-02 12:57:00+00:00,546.5,547.0,545.25,546.0,0
2026-07-02 12:58:00+00:00,545.0,546.38,545.0,545.51,0
2026-07-02 12:59:00+00:00,546.0,546.99,545.5,546.62,0
2026-07-02 13:00:00+00:00,546.62,548.0,546.01,546.01,0
2026-07-02 13:01:00+00:00,546.01,546.595,544.98,545.0,0
2026-07-02 13:02:00+00:00,545.5,547.0,545.5,545.7,0
2026-07-02 13:03:00+00:00,546.04,547.2225,545.7,546.575,0
2026-07-02 13:04:00+00:00,546.86,547.45,546.41,546.975,0
2026-07-02 13:05:00+00:00,547.45,547.45,545.8365,546.74,0
2026-07-02 13:06:00+00:00,546.31,546.75,546.01,546.118,0
2026-07-02 13:07:00+00:00,546.1647,546.63,545.14,545.8,0
2026-07-02 13:08:00+00:00,545.77,546.6,544.5,544.5,0
2026-07-02 13:09:00+00:00,545.0,546.0,544.5,545.13,0
2026-07-02 13:10:00+00:00,545.7186,547.2,545.0,546.18,0
2026-07-02 13:11:00+00:00,547.2,547.2,544.77,545.0,0
2026-07-02 13:12:00+00:00,545.0,545.8,544.51,545.01,0
2026-07-02 13:13:00+00:00,545.78,547.0,545.01,546.14,0
2026-07-02 13:14:00+00:00,546.22,547.0,545.69,546.0,0
2026-07-02 13:15:00+00:00,546.15,547.0,545.5,546.45,0
2026-07-02 13:16:00+00:00,546.7,547.9,546.0,547.0,0
2026-07-02 13:17:00+00:00,547.34,548.0,546.0475,547.32,0
2026-07-02 13:18:00+00:00,547.525,548.0,546.88,547.69,0
2026-07-02 13:19:00+00:00,547.69,547.9,547.0,547.45,0
2026-07-02 13:20:00+00:00,547.783,548.64,540.88,548.2301,0
2026-07-02 13:21:00+00:00,547.9,548.6,547.5,548.0,0
2026-07-02 13:22:00+00:00,547.77,548.95,547.75,548.0,0
2026-07-02 13:23:00+00:00,548.15,548.9,547.7,548.783,0
2026-07-02 13:24:00+00:00,548.31,548.9,547.58,548.4,0
2026-07-02 13:25:00+00:00,548.9,548.9,545.5,546.0,0
2026-07-02 13:26:00+00:00,545.46,547.02,544.9,545.546,0
2026-07-02 13:27:00+00:00,545.28,546.99,541.11,541.33,0
2026-07-02 13:28:00+00:00,541.35,541.74,538.0,539.01,0
2026-07-02 13:29:00+00:00,539.25,540.56,538.0,538.74,0
2026-07-02 13:30:00+00:00,538.219970703125,540.0,533.0,539.2000122070312,1226023
2026-07-02 13:31:00+00:00,538.8499755859375,539.4630737304688,531.1300048828125,532.0999755859375,141382
2026-07-02 13:32:00+00:00,532.75,534.4749755859375,530.010009765625,530.7050170898438,135055
2026-07-02 13:33:00+00:00,530.7000732421875,533.7000122070312,529.5999755859375,532.02001953125,151055
2026-07-02 13:34:00+00:00,532.5985717773438,536.0198974609375,532.4949951171875,534.8049926757812,114633
2026-07-02 13:35:00+00:00,534.7050170898438,537.6699829101562,534.0200805664062,535.8800048828125,100206
2026-07-02 13:36:00+00:00,535.77001953125,535.7990112304688,531.7100219726562,532.6300048828125,118784
2026-07-02 13:37:00+00:00,532.969970703125,533.4199829101562,530.1099853515625,530.7150268554688,92781
2026-07-02 13:38:00+00:00,530.77001953125,530.77001953125,525.5700073242188,527.0,111488
2026-07-02 13:39:00+00:00,527.0,528.5599975585938,526.8775024414062,527.9949951171875,73393
2026-07-02 13:40:00+00:00,527.9949951171875,532.0,527.72998046875,529.7100219726562,102241
2026-07-02 13:41:00+00:00,529.8900146484375,533.5750122070312,529.530029296875,532.9650268554688,83585
2026-07-02 13:42:00+00:00,532.6900024414062,533.2498779296875,530.673828125,531.9299926757812,67162
2026-07-02 13:43:00+00:00,531.614990234375,535.5,531.614990234375,534.39501953125,112581
2026-07-02 13:44:00+00:00,534.1099853515625,534.5599975585938,531.790283203125,533.4949951171875,59980
2026-07-02 13:45:00+00:00,533.0,535.8699951171875,533.0,533.9000244140625,68788
2026-07-02 13:46:00+00:00,533.22998046875,534.4769287109375,532.6900024414062,533.2449951171875,42124
2026-07-02 13:47:00+00:00,533.5700073242188,535.3298950195312,533.1699829101562,534.0100708007812,59171
2026-07-02 13:48:00+00:00,534.3699951171875,535.4998779296875,534.1823120117188,534.6199951171875,59095
2026-07-02 13:49:00+00:00,534.625,537.4500122070312,534.4199829101562,535.0501098632812,87170
2026-07-02 13:50:00+00:00,535.75,538.0,534.4000244140625,536.3900146484375,83604
2026-07-02 13:51:00+00:00,536.0900268554688,540.4498901367188,536.010009765625,540.0264892578125,123997
2026-07-02 13:52:00+00:00,540.3400268554688,540.6680297851562,538.880126953125,539.8400268554688,80767
2026-07-02 13:53:00+00:00,539.89501953125,541.219970703125,539.114990234375,539.8419799804688,102507
2026-07-02 13:54:00+00:00,540.6300048828125,541.6881713867188,539.8099975585938,541.4349975585938,82209
2026-07-02 13:55:00+00:00,541.7899780273438,542.8800048828125,541.0200805664062,541.9500122070312,90501
2026-07-02 13:56:00+00:00,541.72998046875,542.4600219726562,540.010009765625,540.955322265625,86698
2026-07-02 13:57:00+00:00,541.510009765625,543.0681762695312,541.1300048828125,542.0850219726562,58444
2026-07-02 13:58:00+00:00,542.3300170898438,544.0,542.0,543.260009765625,64717
2026-07-02 13:59:00+00:00,543.260009765625,544.989990234375,543.1400146484375,544.989990234375,107463
2026-07-02 14:00:00+00:00,545.0,545.5098876953125,543.75048828125,544.1932983398438,85093
2026-07-02 14:01:00+00:00,544.385009765625,545.7899169921875,543.2999877929688,545.4749755859375,53399
2026-07-02 14:02:00+00:00,545.4749755859375,546.4400024414062,545.1500854492188,546.260009765625,76915
2026-07-02 14:03:00+00:00,546.1849975585938,547.6500244140625,545.8900146484375,546.2750244140625,74160
2026-07-02 14:04:00+00:00,546.5499877929688,547.2247924804688,544.6201171875,544.8272705078125,73270
2026-07-02 14:05:00+00:00,544.826416015625,545.2498779296875,543.0,543.5900268554688,69525
2026-07-02 14:06:00+00:00,543.7899780273438,544.0,542.0,542.2000122070312,60795
2026-07-02 14:07:00+00:00,542.469970703125,544.5800170898438,542.0999755859375,542.6199951171875,57983
2026-07-02 14:08:00+00:00,542.6199951171875,542.7050170898438,540.5999755859375,540.75,80267
2026-07-02 14:09:00+00:00,540.739990234375,541.7000122070312,539.5599975585938,540.4199829101562,77616
2026-07-02 14:10:00+00:00,540.4000244140625,541.72998046875,538.9199829101562,539.5800170898438,64122
2026-07-02 14:11:00+00:00,539.5650024414062,540.919921875,539.1300048828125,539.6812744140625,30768
2026-07-02 14:12:00+00:00,539.8150024414062,541.2969970703125,539.760009765625,540.8049926757812,38635
2026-07-02 14:13:00+00:00,540.989990234375,541.97998046875,540.6099853515625,541.8150024414062,59296
2026-07-02 14:14:00+00:00,541.9400024414062,542.47998046875,540.7180786132812,541.6900024414062,61191
2026-07-02 14:15:00+00:00,541.5999755859375,542.5,540.4099731445312,540.50732421875,36143
2026-07-02 14:16:00+00:00,540.6849975585938,541.7899780273438,539.0399780273438,539.25,46325
2026-07-02 14:17:00+00:00,539.469970703125,540.1990966796875,538.0,538.2150268554688,62449
2026-07-02 14:18:00+00:00,538.6699829101562,539.5,537.0399780273438,538.4000244140625,48133
2026-07-02 14:19:00+00:00,538.5700073242188,539.8430786132812,538.35498046875,539.8430786132812,33634
2026-07-02 14:20:00+00:00,539.780029296875,540.6699829101562,537.489990234375,537.5499877929688,49429
2026-07-02 14:21:00+00:00,537.7899780273438,538.3699951171875,536.239990234375,537.3900146484375,60981
2026-07-02 14:22:00+00:00,537.260009765625,537.9998779296875,536.469970703125,537.2550048828125,42389
2026-07-02 14:23:00+00:00,537.4000244140625,538.7098999023438,536.0,537.1599731445312,47635
2026-07-02 14:24:00+00:00,537.125,538.2299194335938,535.02001953125,535.5999145507812,47151
2026-07-02 14:25:00+00:00,535.7999877929688,535.9450073242188,533.0399780273438,533.8400268554688,72718
2026-07-02 14:26:00+00:00,533.8699951171875,535.02001953125,532.3300170898438,532.3300170898438,75628
2026-07-02 14:27:00+00:00,532.6950073242188,532.780029296875,528.5999755859375,529.202392578125,145089
2026-07-02 14:28:00+00:00,528.6900024414062,529.489990234375,527.6400146484375,528.25,100532
2026-07-02 14:29:00+00:00,528.1900024414062,529.263427734375,527.27001953125,528.3544921875,74894
2026-07-02 14:30:00+00:00,528.2899780273438,529.97998046875,527.2000122070312,528.280029296875,134202
2026-07-02 14:31:00+00:00,528.0,529.5,527.8300170898438,528.469970703125,46529
2026-07-02 14:32:00+00:00,528.739990234375,529.4398803710938,524.7999877929688,525.4299926757812,179097
2026-07-02 14:33:00+00:00,525.6199951171875,527.657470703125,524.72998046875,525.25,75253
2026-07-02 14:34:00+00:00,525.5341186523438,525.9199829101562,523.22998046875,523.5473022460938,89659
2026-07-02 14:35:00+00:00,523.6900024414062,524.4232788085938,523.0700073242188,524.1900024414062,78963
2026-07-02 14:36:00+00:00,524.2100219726562,526.3900146484375,523.9500122070312,526.030029296875,87474
2026-07-02 14:37:00+00:00,525.760009765625,528.22998046875,525.75,527.2000732421875,61867
2026-07-02 14:38:00+00:00,527.4400024414062,527.489990234375,525.9133911132812,526.4500122070312,49163
2026-07-02 14:39:00+00:00,526.2650146484375,527.0399780273438,524.0,524.780029296875,58330
2026-07-02 14:40:00+00:00,524.6900024414062,525.4600219726562,523.6203002929688,524.4450073242188,59841
2026-07-02 14:41:00+00:00,524.10009765625,524.4550170898438,520.9149780273438,520.9600219726562,128324
2026-07-02 14:42:00+00:00,520.9600219726562,521.0549926757812,518.0499877929688,518.3300170898438,257526
2026-07-02 14:43:00+00:00,518.4149780273438,518.4149780273438,516.0200805664062,517.25,155367
2026-07-02 14:44:00+00:00,517.3511962890625,518.7598876953125,516.780029296875,518.1799926757812,90413
2026-07-02 14:45:00+00:00,518.239990234375,519.989990234375,517.5499877929688,518.4199829101562,96173
2026-07-02 14:46:00+00:00,518.3499755859375,520.0,517.6608276367188,519.4793701171875,67010
2026-07-02 14:47:00+00:00,519.5599975585938,520.9990234375,517.2507934570312,517.7349853515625,78201
2026-07-02 14:48:00+00:00,517.72998046875,518.2050170898438,516.0,517.0650024414062,80786
2026-07-02 14:49:00+00:00,516.7899780273438,520.0,516.7899780273438,519.469970703125,76314
2026-07-02 14:50:00+00:00,519.3699951171875,519.7799072265625,518.0,518.22998046875,64003
2026-07-02 14:51:00+00:00,518.4349975585938,521.0,518.1640014648438,519.1865234375,66922
2026-07-02 14:52:00+00:00,518.9149780273438,519.1400146484375,516.8499755859375,517.0,74682
2026-07-02 14:53:00+00:00,517.02001953125,517.6099853515625,515.510009765625,516.4500122070312,79339
2026-07-02 14:54:00+00:00,516.72998046875,517.7999267578125,516.4700927734375,517.7999267578125,41565
2026-07-02 14:55:00+00:00,517.8800048828125,519.0599975585938,517.0200805664062,518.405029296875,68829
2026-07-02 14:56:00+00:00,518.405029296875,520.2000122070312,518.2899780273438,519.2449951171875,53201
2026-07-02 14:57:00+00:00,519.0,519.0,517.580078125,518.0900268554688,51548
2026-07-02 14:58:00+00:00,518.1099853515625,518.780029296875,517.5599975585938,518.6300048828125,37388
2026-07-02 14:59:00+00:00,518.719970703125,521.159912109375,518.5,520.9450073242188,70086
2026-07-02 15:00:00+00:00,521.1799926757812,521.89990234375,519.5150146484375,521.0,87101
2026-07-02 15:01:00+00:00,520.9791259765625,521.1489868164062,519.75,519.75,70175
2026-07-02 15:02:00+00:00,519.9849853515625,520.5299072265625,519.22998046875,520.00537109375,57888
2026-07-02 15:03:00+00:00,520.1099853515625,520.4550170898438,518.5001220703125,519.030029296875,73222
2026-07-02 15:04:00+00:00,519.0800170898438,519.3699951171875,516.2100219726562,516.6849975585938,93691
2026-07-02 15:05:00+00:00,516.6201171875,518.4000244140625,516.4000854492188,517.3900146484375,70501
2026-07-02 15:06:00+00:00,517.3900146484375,518.0,516.739990234375,517.6799926757812,72985
2026-07-02 15:07:00+00:00,517.4500122070312,517.97998046875,516.9000244140625,517.4398803710938,85297
2026-07-02 15:08:00+00:00,517.6400146484375,520.0,517.27001953125,518.8699951171875,81159
2026-07-02 15:09:00+00:00,518.5349731445312,519.9500122070312,518.0999755859375,519.5800170898438,75387
2026-07-02 15:10:00+00:00,519.3599853515625,519.72998046875,518.0700073242188,519.02001953125,34936
2026-07-02 15:11:00+00:00,519.094970703125,520.4099731445312,518.9600219726562,520.114990234375,74701
2026-07-02 15:12:00+00:00,520.0,520.0,518.3895874023438,518.5700073242188,42653
2026-07-02 15:13:00+00:00,518.894287109375,520.27001953125,518.8200073242188,518.8900756835938,41979
2026-07-02 15:14:00+00:00,519.3298950195312,519.3300170898438,518.0,518.2050170898438,44467
2026-07-02 15:15:00+00:00,518.22998046875,519.22998046875,517.1699829101562,517.3099975585938,48854
2026-07-02 15:16:00+00:00,517.5,517.5,516.25,516.7150268554688,94868
2026-07-02 15:17:00+00:00,517.0499877929688,518.2999877929688,516.2100219726562,516.8214111328125,65555
2026-07-02 15:18:00+00:00,517.0800170898438,517.3400268554688,515.2000122070312,515.4600219726562,71936
2026-07-02 15:19:00+00:00,515.4949951171875,515.75,514.2000122070312,515.22998046875,134964
2026-07-02 15:20:00+00:00,515.2999877929688,516.49072265625,514.4287719726562,516.0150146484375,59799
2026-07-02 15:21:00+00:00,515.739990234375,517.5698852539062,515.5855102539062,517.1298828125,79543
2026-07-02 15:22:00+00:00,516.844970703125,518.0,516.844970703125,517.2550048828125,44529
2026-07-02 15:23:00+00:00,517.27001953125,517.3170776367188,516.0800170898438,517.0900268554688,36811
2026-07-02 15:24:00+00:00,517.1900024414062,519.510009765625,517.1895751953125,519.510009765625,72765
2026-07-02 15:25:00+00:00,519.3599853515625,519.9400024414062,517.6683959960938,518.14501953125,50441
2026-07-02 15:26:00+00:00,518.4000244140625,520.255615234375,518.4000244140625,519.8300170898438,81958
2026-07-02 15:27:00+00:00,519.7949829101562,521.1500244140625,519.630126953125,520.2750244140625,90432
2026-07-02 15:28:00+00:00,520.2100219726562,520.5098876953125,519.0029296875,519.6300048828125,177293
2026-07-02 15:29:00+00:00,519.5750122070312,519.5750122070312,517.7105102539062,518.2550048828125,55968
2026-07-02 15:30:00+00:00,518.2550048828125,520.9799194335938,518.2550048828125,519.4500122070312,87638
2026-07-02 15:31:00+00:00,519.555419921875,519.7178955078125,518.3400268554688,519.60498046875,25132
2026-07-02 15:32:00+00:00,519.5900268554688,520.6599731445312,518.8400268554688,520.6400146484375,32666
2026-07-02 15:33:00+00:00,520.385009765625,521.9299926757812,520.2786254882812,521.47998046875,34840
2026-07-02 15:34:00+00:00,521.6599731445312,523.4299926757812,521.6599731445312,523.010009765625,62829
2026-07-02 15:35:00+00:00,523.25,525.5,522.5100708007812,525.0549926757812,116049
2026-07-02 15:36:00+00:00,525.0449829101562,525.9000244140625,524.3699951171875,525.7449951171875,73123
2026-07-02 15:37:00+00:00,525.6500244140625,526.4000244140625,524.9000244140625,525.7650146484375,68248
2026-07-02 15:38:00+00:00,525.7949829101562,526.02001953125,524.9201049804688,525.6799926757812,34838
2026-07-02 15:39:00+00:00,525.273193359375,525.6799926757812,524.2899780273438,524.5,31912
2026-07-02 15:40:00+00:00,524.614990234375,526.0,523.7999877929688,525.3942260742188,53052
2026-07-02 15:41:00+00:00,525.510009765625,525.5999755859375,524.7999877929688,525.1412963867188,22195
2026-07-02 15:42:00+00:00,524.9849853515625,525.6400146484375,523.780029296875,524.4000244140625,48167
2026-07-02 15:43:00+00:00,524.375,524.4949951171875,522.3200073242188,523.0999145507812,47843
2026-07-02 15:44:00+00:00,522.6849975585938,522.6849975585938,521.5001220703125,521.5842895507812,33643
2026-07-02 15:45:00+00:00,521.739990234375,523.2949829101562,521.72998046875,523.135009765625,44413
2026-07-02 15:46:00+00:00,523.1950073242188,523.7064819335938,522.0999755859375,522.905029296875,23101
2026-07-02 15:47:00+00:00,522.969970703125,523.1950073242188,522.489990234375,522.989990234375,17176
2026-07-02 15:48:00+00:00,523.260009765625,523.260009765625,522.3001708984375,522.52001953125,25714
2026-07-02 15:49:00+00:00,522.4299926757812,522.5449829101562,521.0399780273438,521.2999877929688,36551
2026-07-02 15:50:00+00:00,521.2349853515625,522.2000122070312,521.0399780273438,522.0850219726562,21161
2026-07-02 15:51:00+00:00,522.010009765625,523.5,521.7000122070312,522.875,31977
2026-07-02 15:52:00+00:00,522.989990234375,523.3200073242188,520.7000122070312,520.8800048828125,37176
2026-07-02 15:53:00+00:00,521.219970703125,521.219970703125,519.5150146484375,520.0700073242188,238460
2026-07-02 15:54:00+00:00,520.5800170898438,521.2949829101562,519.944091796875,520.7800903320312,39116
2026-07-02 15:55:00+00:00,520.7899780273438,522.3150024414062,520.7301025390625,520.97998046875,30490
2026-07-02 15:56:00+00:00,520.4967041015625,521.1298828125,519.0189819335938,519.4149780273438,33302
2026-07-02 15:57:00+00:00,519.2999877929688,519.47998046875,518.3400268554688,519.0399780273438,37293
2026-07-02 15:58:00+00:00,519.0850219726562,519.3300170898438,518.0,518.510009765625,60800
2026-07-02 15:59:00+00:00,518.510009765625,520.4298706054688,518.4550170898438,519.0900268554688,41980
2026-07-02 16:00:00+00:00,519.52001953125,519.959716796875,517.448974609375,517.7949829101562,42493
2026-07-02 16:01:00+00:00,517.469970703125,517.9899291992188,516.489990234375,516.77001953125,44618
2026-07-02 16:02:00+00:00,516.780029296875,517.3200073242188,515.75,516.030029296875,54280
2026-07-02 16:03:00+00:00,516.2000122070312,517.4503173828125,515.5999755859375,517.0650024414062,49615
2026-07-02 16:04:00+00:00,516.8300170898438,517.510009765625,516.5499877929688,517.2484130859375,34981
2026-07-02 16:05:00+00:00,517.1599731445312,517.9400024414062,516.8699951171875,517.1599731445312,52924
2026-07-02 16:06:00+00:00,517.0499877929688,517.0499877929688,516.1600952148438,516.52001953125,35432
2026-07-02 16:07:00+00:00,516.3400268554688,517.419921875,516.219970703125,517.2000122070312,21653
2026-07-02 16:08:00+00:00,517.0,517.3699951171875,516.469970703125,517.1500244140625,31307
2026-07-02 16:09:00+00:00,517.1500244140625,517.3798828125,516.1901245117188,516.8900146484375,29338
2026-07-02 16:10:00+00:00,517.1599731445312,518.1500244140625,516.5999755859375,518.1500244140625,31919
2026-07-02 16:11:00+00:00,517.9650268554688,518.7498779296875,517.635009765625,517.9500122070312,26069
2026-07-02 16:12:00+00:00,518.0599975585938,519.530029296875,517.3900146484375,519.5150146484375,82531
2026-07-02 16:13:00+00:00,519.4700927734375,521.1500244140625,519.25,520.8350219726562,48213
2026-07-02 16:14:00+00:00,520.60009765625,522.3499755859375,520.4400024414062,520.5850219726562,69599
2026-07-02 16:15:00+00:00,520.75,521.0,519.1400146484375,520.2999877929688,78493
2026-07-02 16:16:00+00:00,520.1099853515625,520.989990234375,520.1099853515625,520.155029296875,39589
2026-07-02 16:17:00+00:00,520.135009765625,520.4998779296875,518.8800048828125,518.8800048828125,47181
2026-07-02 16:18:00+00:00,518.9749755859375,519.6699829101562,518.4849853515625,518.7589111328125,28842
2026-07-02 16:19:00+00:00,518.5900268554688,519.8699951171875,518.0,519.219970703125,87766
2026-07-02 16:20:00+00:00,519.219970703125,519.2449951171875,517.2000122070312,517.4000244140625,72868
2026-07-02 16:21:00+00:00,517.5999755859375,517.889892578125,516.2999877929688,516.9149780273438,42948
2026-07-02 16:22:00+00:00,517.1199951171875,517.2100219726562,515.7000122070312,516.0700073242188,50271
2026-07-02 16:23:00+00:00,516.02001953125,516.27001953125,515.0650024414062,515.4299926757812,45116
2026-07-02 16:24:00+00:00,515.3400268554688,515.9000244140625,515.0401000976562,515.3900146484375,30828
2026-07-02 16:25:00+00:00,515.64501953125,517.8740844726562,515.6099853515625,516.530029296875,128608
2026-07-02 16:26:00+00:00,516.530029296875,516.530029296875,515.1500244140625,515.8499755859375,28857
2026-07-02 16:27:00+00:00,516.1199951171875,516.5499267578125,515.72998046875,515.77001953125,22874
2026-07-02 16:28:00+00:00,516.0650024414062,516.219970703125,515.4099731445312,516.1599731445312,28740
2026-07-02 16:29:00+00:00,516.1799926757812,516.6536865234375,514.7025756835938,514.9000854492188,47462
2026-07-02 16:30:00+00:00,515.375,515.6400146484375,514.530029296875,514.9849853515625,33422
2026-07-02 16:31:00+00:00,514.9849853515625,515.1900024414062,514.2000122070312,514.47998046875,35634
2026-07-02 16:32:00+00:00,514.25,515.1890258789062,513.9000854492188,514.1900024414062,58409
2026-07-02 16:33:00+00:00,514.510009765625,515.0499877929688,514.25,514.25,21191
2026-07-02 16:34:00+00:00,514.1599731445312,514.260009765625,513.465576171875,513.7100219726562,51170
2026-07-02 16:35:00+00:00,513.5,514.4299926757812,513.5,514.27001953125,31893
2026-07-02 16:36:00+00:00,514.280029296875,514.6199951171875,512.9000244140625,513.010009765625,60367
2026-07-02 16:37:00+00:00,513.1599731445312,513.9000244140625,511.79998779296875,511.95001220703125,62390
2026-07-02 16:38:00+00:00,511.84429931640625,512.469970703125,511.31939697265625,512.0900268554688,68750
2026-07-02 16:39:00+00:00,511.8999938964844,513.010986328125,511.70001220703125,512.6500244140625,36355
2026-07-02 16:40:00+00:00,512.7550048828125,515.1199951171875,512.469970703125,514.7750244140625,65147
2026-07-02 16:41:00+00:00,514.47998046875,515.8399047851562,514.0449829101562,514.260009765625,40267
2026-07-02 16:42:00+00:00,514.4749755859375,515.1400146484375,514.1400146484375,514.5499877929688,23533
2026-07-02 16:43:00+00:00,514.030029296875,515.1699829101562,513.6599731445312,514.5900268554688,32210
2026-07-02 16:44:00+00:00,514.8400268554688,515.9598999023438,514.72998046875,515.60498046875,39050
2026-07-02 16:45:00+00:00,515.5900268554688,516.1199951171875,514.614990234375,515.0399780273438,44580
2026-07-02 16:46:00+00:00,515.0449829101562,515.6309204101562,514.5449829101562,514.5449829101562,31603
2026-07-02 16:47:00+00:00,515.0599975585938,516.2000122070312,514.8599853515625,515.6599731445312,31316
2026-07-02 16:48:00+00:00,516.159912109375,516.159912109375,514.5001220703125,515.010009765625,18491
2026-07-02 16:49:00+00:00,514.9349975585938,515.5,514.280029296875,514.280029296875,20774
2026-07-02 16:50:00+00:00,514.22998046875,514.25,512.8800048828125,513.3350219726562,36157
2026-07-02 16:51:00+00:00,513.5078125,515.239990234375,513.02001953125,514.760009765625,20394
2026-07-02 16:52:00+00:00,514.6199951171875,515.5,514.0100708007812,514.9099731445312,23863
2026-07-02 16:53:00+00:00,515.0,515.0814208984375,513.1199951171875,513.3200073242188,17083
2026-07-02 16:54:00+00:00,513.3200073242188,514.248291015625,513.27001953125,513.35498046875,23125
2026-07-02 16:55:00+00:00,513.0,513.27001953125,511.54998779296875,511.9399108886719,36452
2026-07-02 16:56:00+00:00,511.8699951171875,511.8699951171875,510.677001953125,510.8900146484375,54995
2026-07-02 16:57:00+00:00,510.82000732421875,511.4800109863281,510.6499938964844,510.80999755859375,34097
2026-07-02 16:58:00+00:00,510.6600036621094,511.2900085449219,510.5199890136719,511.0899963378906,25844
2026-07-02 16:59:00+00:00,510.9501037597656,511.7850036621094,510.9501037597656,511.55010986328125,28398
2026-07-02 17:00:00+00:00,511.54998779296875,512.2999877929688,510.5705871582031,510.5705871582031,37295
2026-07-02 17:01:00+00:00,510.6300048828125,510.8570861816406,509.739990234375,510.20001220703125,115652
2026-07-02 17:02:00+00:00,510.31500244140625,511.3699951171875,510.2449951171875,510.5050048828125,27364
2026-07-02 17:03:00+00:00,510.42498779296875,510.8399963378906,510.1199951171875,510.75,22776
2026-07-02 17:04:00+00:00,510.80999755859375,510.99798583984375,510.1499938964844,510.6700134277344,28236
2026-07-02 17:05:00+00:00,510.7099914550781,512.0980834960938,510.2200012207031,512.0800170898438,38997
2026-07-02 17:06:00+00:00,512.1900024414062,513.81982421875,511.760009765625,513.405029296875,37767
2026-07-02 17:07:00+00:00,513.5999755859375,514.5604248046875,513.25,513.6199951171875,31104
2026-07-02 17:08:00+00:00,513.60498046875,513.6699829101562,512.1600952148438,512.8599853515625,30898
2026-07-02 17:09:00+00:00,512.6019897460938,513.1898803710938,511.7799987792969,511.94000244140625,26350
2026-07-02 17:10:00+00:00,512.1099853515625,512.7999267578125,510.80499267578125,511.5199890136719,20694
2026-07-02 17:11:00+00:00,511.8399963378906,512.1500244140625,511.04998779296875,511.6650085449219,19306
2026-07-02 17:12:00+00:00,511.70001220703125,512.0,511.0,511.8450012207031,43587
2026-07-02 17:13:00+00:00,511.94000244140625,511.9700012207031,511.2799987792969,511.6600036621094,35815
2026-07-02 17:14:00+00:00,511.7650146484375,512.8098754882812,511.5801086425781,512.0661010742188,26420
2026-07-02 17:15:00+00:00,512.0,512.169921875,511.6123962402344,511.75579833984375,14764
2026-07-02 17:16:00+00:00,511.6099853515625,513.0599975585938,511.6099853515625,512.9650268554688,23335
2026-07-02 17:17:00+00:00,513.030029296875,514.0,512.7899780273438,513.3200073242188,55214
2026-07-02 17:18:00+00:00,513.0698852539062,513.5,512.6699829101562,512.6699829101562,20324
2026-07-02 17:19:00+00:00,512.719970703125,512.8900146484375,511.5,511.6199951171875,50784
2026-07-02 17:20:00+00:00,511.7900085449219,512.5299072265625,511.6600036621094,512.5299072265625,16087
2026-07-02 17:21:00+00:00,512.64990234375,513.7999877929688,512.3599853515625,513.260009765625,19387
2026-07-02 17:22:00+00:00,513.3400268554688,514.4598999023438,512.9600830078125,513.2750244140625,27457
2026-07-02 17:23:00+00:00,512.9600830078125,513.1475219726562,512.2301025390625,512.6400146484375,18494
2026-07-02 17:24:00+00:00,512.6849975585938,513.27001953125,512.5,512.875,18150
2026-07-02 17:25:00+00:00,512.9400024414062,512.9400024414062,512.0,512.030029296875,29569
2026-07-02 17:26:00+00:00,512.02001953125,512.6300048828125,512.02001953125,512.375,15441
2026-07-02 17:27:00+00:00,512.3699951171875,513.2999877929688,512.3699951171875,512.8800048828125,24345
2026-07-02 17:28:00+00:00,512.75,513.0364990234375,512.4324951171875,512.5449829101562,10382
2026-07-02 17:29:00+00:00,512.780029296875,512.9099731445312,512.1500244140625,512.7650146484375,21905
2026-07-02 17:30:00+00:00,512.6300048828125,513.8198852539062,512.6300048828125,513.0,21262
2026-07-02 17:31:00+00:00,513.2000122070312,513.489990234375,513.0,513.2100219726562,17488
2026-07-02 17:32:00+00:00,513.22998046875,513.9400024414062,512.989990234375,513.9099731445312,21526
2026-07-02 17:33:00+00:00,513.510009765625,514.0800170898438,513.2999877929688,513.2999877929688,24176
2026-07-02 17:34:00+00:00,513.510009765625,513.9589233398438,512.6199951171875,512.6199951171875,17396
2026-07-02 17:35:00+00:00,512.8300170898438,513.1898803710938,511.7099914550781,512.7999877929688,34597
2026-07-02 17:36:00+00:00,512.530029296875,512.7999877929688,511.29998779296875,511.7300109863281,26182
2026-07-02 17:37:00+00:00,511.9035949707031,511.9035949707031,511.2900085449219,511.6600036621094,34900
2026-07-02 17:38:00+00:00,511.5,511.8399963378906,510.32000732421875,510.3699951171875,45746
2026-07-02 17:39:00+00:00,510.5199890136719,511.1499938964844,510.3800964355469,510.94000244140625,48947
2026-07-02 17:40:00+00:00,510.989990234375,511.19989013671875,510.44000244140625,510.9649963378906,41160
2026-07-02 17:41:00+00:00,511.19000244140625,512.530029296875,511.1600036621094,512.1599731445312,34748
2026-07-02 17:42:00+00:00,512.010009765625,512.8400268554688,511.94000244140625,512.7775268554688,45409
2026-07-02 17:43:00+00:00,512.6599731445312,512.6599731445312,511.4599914550781,511.9800109863281,80615
2026-07-02 17:44:00+00:00,512.0800170898438,512.2899780273438,511.5101013183594,512.0689697265625,22494
2026-07-02 17:45:00+00:00,512.0599975585938,512.2999877929688,510.739990234375,510.989990234375,25058
2026-07-02 17:46:00+00:00,510.989990234375,511.06500244140625,509.8500061035156,510.0,80294
2026-07-02 17:47:00+00:00,509.9200134277344,510.19000244140625,509.1449890136719,509.1449890136719,67603
2026-07-02 17:48:00+00:00,509.19659423828125,510.2099914550781,509.1169128417969,510.0,31325
2026-07-02 17:49:00+00:00,510.19000244140625,510.19000244140625,509.1000061035156,509.42999267578125,29972
2026-07-02 17:50:00+00:00,509.29010009765625,509.6000061035156,507.95001220703125,508.2200012207031,110543
2026-07-02 17:51:00+00:00,508.5199890136719,509.1499938964844,508.0199890136719,508.8800048828125,48579
2026-07-02 17:52:00+00:00,508.947998046875,509.32000732421875,508.3999938964844,508.7850036621094,29563
2026-07-02 17:53:00+00:00,508.67999267578125,509.3894958496094,508.6600036621094,509.0350036621094,17359
2026-07-02 17:54:00+00:00,509.20001220703125,510.70001220703125,509.1499938964844,510.1099853515625,32268
2026-07-02 17:55:00+00:00,509.6619873046875,510.6300048828125,509.6200866699219,510.2799987792969,35135
2026-07-02 17:56:00+00:00,510.13238525390625,510.489990234375,509.2250061035156,509.4599914550781,37485
2026-07-02 17:57:00+00:00,509.5700988769531,509.739990234375,509.010009765625,509.2904052734375,13412
2026-07-02 17:58:00+00:00,509.50640869140625,509.50640869140625,508.1300048828125,508.44000244140625,23972
2026-07-02 17:59:00+00:00,508.54998779296875,508.9495849609375,508.2900085449219,508.6000061035156,21889
2026-07-02 18:00:00+00:00,508.7300109863281,509.55999755859375,508.1099853515625,509.2799987792969,27468
2026-07-02 18:01:00+00:00,509.19000244140625,509.989990234375,508.739990234375,509.6199951171875,27145
2026-07-02 18:02:00+00:00,509.9700012207031,510.0400085449219,509.3900146484375,509.3900146484375,22158
2026-07-02 18:03:00+00:00,509.5299987792969,509.989990234375,509.0,509.2200012207031,25202
2026-07-02 18:04:00+00:00,509.2099914550781,510.489990234375,509.2099914550781,510.2200012207031,36841
2026-07-02 18:05:00+00:00,510.2300109863281,511.909912109375,510.2300109863281,510.95001220703125,72003
2026-07-02 18:06:00+00:00,511.0,512.39990234375,510.7099914550781,511.5559997558594,149391
2026-07-02 18:07:00+00:00,511.3999938964844,512.4799194335938,511.3399963378906,511.79998779296875,40034
2026-07-02 18:08:00+00:00,511.67498779296875,512.989990234375,511.67498779296875,512.594970703125,28263
2026-07-02 18:09:00+00:00,512.6699829101562,514.39501953125,512.6099853515625,514.3300170898438,61752
2026-07-02 18:10:00+00:00,514.3699951171875,515.206298828125,513.2899780273438,514.4849853515625,47993
2026-07-02 18:11:00+00:00,514.6500244140625,515.4199829101562,513.85498046875,514.3200073242188,38092
2026-07-02 18:12:00+00:00,514.0599975585938,514.268798828125,513.47998046875,514.0800170898438,15193
2026-07-02 18:13:00+00:00,514.2550048828125,514.260009765625,512.5499877929688,512.5499877929688,25668
2026-07-02 18:14:00+00:00,513.02001953125,513.0999755859375,511.6700134277344,511.8999938964844,22248
2026-07-02 18:15:00+00:00,512.2540893554688,512.3499145507812,511.18109130859375,512.1199951171875,27431
2026-07-02 18:16:00+00:00,512.2999877929688,512.639892578125,511.9018859863281,512.3250122070312,19855
2026-07-02 18:17:00+00:00,512.3175048828125,512.3175048828125,511.3299865722656,511.3299865722656,21746
2026-07-02 18:18:00+00:00,511.4549865722656,512.0,510.93499755859375,511.4288024902344,32403
2026-07-02 18:19:00+00:00,511.7799987792969,512.0999755859375,511.0,511.94000244140625,22722
2026-07-02 18:20:00+00:00,511.92999267578125,513.1900024414062,511.92999267578125,513.0399780273438,30181
2026-07-02 18:21:00+00:00,512.9874877929688,513.489990234375,512.1400146484375,512.5599975585938,22461
2026-07-02 18:22:00+00:00,512.4500122070312,513.5798950195312,512.219970703125,512.8200073242188,24081
2026-07-02 18:23:00+00:00,513.0549926757812,513.259521484375,512.6500244140625,512.969970703125,20998
2026-07-02 18:24:00+00:00,512.9650268554688,513.3997802734375,512.64501953125,513.25,23100
2026-07-02 18:25:00+00:00,513.1300048828125,514.219970703125,513.0,513.010009765625,32299
2026-07-02 18:26:00+00:00,512.989990234375,513.469970703125,512.3900146484375,513.1276245117188,32883
2026-07-02 18:27:00+00:00,513.219970703125,513.989990234375,513.2050170898438,513.7891845703125,20628
2026-07-02 18:28:00+00:00,513.8599853515625,514.9998779296875,513.75,514.3800048828125,40160
2026-07-02 18:29:00+00:00,514.4620971679688,515.27001953125,514.2750244140625,514.9650268554688,37973
2026-07-02 18:30:00+00:00,514.9650268554688,515.8599853515625,514.75,515.4400024414062,34495
2026-07-02 18:31:00+00:00,515.2457275390625,515.7999877929688,515.1400146484375,515.7199096679688,29581
2026-07-02 18:32:00+00:00,515.5650024414062,515.9000244140625,514.9401245117188,515.7999877929688,63393
2026-07-02 18:33:00+00:00,515.7100219726562,517.4099731445312,515.7100219726562,516.5449829101562,96529
2026-07-02 18:34:00+00:00,516.3250122070312,516.3250122070312,513.6900024414062,514.319580078125,43320
2026-07-02 18:35:00+00:00,514.2349853515625,515.239990234375,513.5499877929688,513.701904296875,42649
2026-07-02 18:36:00+00:00,513.9149780273438,514.27001953125,513.010009765625,513.4500122070312,21298
2026-07-02 18:37:00+00:00,513.6900024414062,514.3499755859375,513.2575073242188,514.2050170898438,16786
2026-07-02 18:38:00+00:00,514.0599975585938,515.0499877929688,513.8800048828125,514.0900268554688,42374
2026-07-02 18:39:00+00:00,513.7550048828125,514.4000244140625,513.6472778320312,514.0999755859375,27044
2026-07-02 18:40:00+00:00,514.1300048828125,514.5700073242188,513.77001953125,514.1300048828125,21717
2026-07-02 18:41:00+00:00,513.97998046875,514.14501953125,513.0,513.5850219726562,23998
2026-07-02 18:42:00+00:00,513.8800048828125,514.3300170898438,513.5700073242188,513.9249877929688,20500
2026-07-02 18:43:00+00:00,513.89501953125,514.69287109375,513.6201171875,514.60498046875,23115
2026-07-02 18:44:00+00:00,514.9199829101562,515.239990234375,513.7999877929688,514.010009765625,32909
2026-07-02 18:45:00+00:00,513.8099975585938,513.8099975585938,511.7500915527344,512.1799926757812,54148
2026-07-02 18:46:00+00:00,512.280029296875,512.7999267578125,511.5101013183594,512.0599975585938,22929
2026-07-02 18:47:00+00:00,511.7300109863281,513.2852172851562,511.3800048828125,513.2852172851562,25740
2026-07-02 18:48:00+00:00,513.1400146484375,514.1550903320312,512.8800048828125,514.1550903320312,25984
2026-07-02 18:49:00+00:00,514.155029296875,514.7799072265625,513.9400024414062,514.3099975585938,23574
2026-07-02 18:50:00+00:00,514.3049926757812,514.3049926757812,513.5001220703125,513.9550170898438,317997
2026-07-02 18:51:00+00:00,514.2999877929688,515.0999755859375,514.0477905273438,514.8798828125,45618
2026-07-02 18:52:00+00:00,514.7000122070312,516.2199096679688,514.4099731445312,515.4949951171875,40143
2026-07-02 18:53:00+00:00,515.9102783203125,515.9102783203125,514.284423828125,514.7349853515625,20215
2026-07-02 18:54:00+00:00,514.6300048828125,515.0900268554688,514.1900024414062,514.9799194335938,26655
2026-07-02 18:55:00+00:00,514.52001953125,514.8400268554688,514.1400146484375,514.4099731445312,29057
2026-07-02 18:56:00+00:00,514.5700073242188,515.030029296875,511.60009765625,512.5399780273438,55139
2026-07-02 18:57:00+00:00,512.5499877929688,514.344970703125,512.510009765625,513.5700073242188,30599
2026-07-02 18:58:00+00:00,513.62890625,514.6099853515625,513.1652221679688,513.9000244140625,38561
2026-07-02 18:59:00+00:00,513.5850219726562,514.5750122070312,513.1099853515625,514.33447265625,17576
2026-07-02 19:00:00+00:00,514.47998046875,515.5,512.6502075195312,512.6502075195312,31912
2026-07-02 19:01:00+00:00,512.8150024414062,512.9000244140625,512.02001953125,512.4625244140625,29690
2026-07-02 19:02:00+00:00,512.27001953125,512.989990234375,512.1400146484375,512.8350219726562,27713
2026-07-02 19:03:00+00:00,512.969970703125,513.1500244140625,511.8900146484375,512.0399780273438,25066
2026-07-02 19:04:00+00:00,512.0006713867188,512.5,509.7799987792969,510.2367858886719,68907
2026-07-02 19:05:00+00:00,510.3500061035156,510.9999084472656,509.16009521484375,509.2699890136719,38708
2026-07-02 19:06:00+00:00,509.6300048828125,510.2300109863281,509.2101135253906,509.5400085449219,38689
2026-07-02 19:07:00+00:00,509.5,509.8599853515625,507.60009765625,508.260009765625,89105
2026-07-02 19:08:00+00:00,507.80999755859375,508.9200134277344,507.68011474609375,508.2250061035156,37723
2026-07-02 19:09:00+00:00,508.489990234375,508.7698974609375,507.9800109863281,508.1000061035156,23486
2026-07-02 19:10:00+00:00,508.4649963378906,508.7698974609375,507.7090148925781,508.3450012207031,31641
2026-07-02 19:11:00+00:00,508.5199890136719,508.69989013671875,507.8301086425781,507.9700012207031,32152
2026-07-02 19:12:00+00:00,508.1098937988281,508.7998962402344,507.9649963378906,508.375,27995
2026-07-02 19:13:00+00:00,508.25,509.4750061035156,508.25,509.30999755859375,41198
2026-07-02 19:14:00+00:00,509.2900085449219,510.1650085449219,508.8699951171875,509.5849914550781,31611
2026-07-02 19:15:00+00:00,509.510009765625,510.239990234375,509.3500061035156,509.80499267578125,45542
2026-07-02 19:16:00+00:00,509.9599914550781,509.9599914550781,508.5299987792969,508.6700134277344,29497
2026-07-02 19:17:00+00:00,508.6700134277344,509.1400146484375,508.30999755859375,508.489990234375,35980
2026-07-02 19:18:00+00:00,508.739990234375,508.85650634765625,507.75,507.79998779296875,51457
2026-07-02 19:19:00+00:00,507.9750061035156,508.9700012207031,507.95001220703125,508.489990234375,40991
2026-07-02 19:20:00+00:00,508.55999755859375,508.79998779296875,507.625,507.739990234375,44306
2026-07-02 19:21:00+00:00,507.8299865722656,507.8699951171875,507.1099853515625,507.2349853515625,48509
2026-07-02 19:22:00+00:00,507.44439697265625,507.6600036621094,506.55999755859375,506.6300048828125,156282
2026-07-02 19:23:00+00:00,506.8399963378906,507.4551086425781,506.25,506.4100036621094,71909
2026-07-02 19:24:00+00:00,506.5400085449219,506.760009765625,506.0,506.32501220703125,80500
2026-07-02 19:25:00+00:00,506.42999267578125,507.1199951171875,506.1600036621094,507.0400085449219,51233
2026-07-02 19:26:00+00:00,506.8699951171875,507.5199890136719,506.29998779296875,507.2149963378906,48141
2026-07-02 19:27:00+00:00,507.07000732421875,508.2799987792969,507.0150146484375,507.9595947265625,58179
2026-07-02 19:28:00+00:00,507.7200012207031,510.4800109863281,507.5899963378906,510.0799865722656,67198
2026-07-02 19:29:00+00:00,510.1000061035156,511.260009765625,509.7799987792969,509.8399963378906,47651
2026-07-02 19:30:00+00:00,509.8450012207031,511.1700134277344,509.3900146484375,510.9150085449219,68950
2026-07-02 19:31:00+00:00,511.0899963378906,511.7799987792969,509.6499938964844,510.2049865722656,69580
2026-07-02 19:32:00+00:00,510.2099914550781,511.56988525390625,510.010009765625,510.4049987792969,53156
2026-07-02 19:33:00+00:00,510.45001220703125,511.8500061035156,510.4150085449219,511.2699890136719,49144
2026-07-02 19:34:00+00:00,511.260009765625,512.780029296875,510.95001220703125,512.25,72657
2026-07-02 19:35:00+00:00,512.25,512.3699951171875,511.2200012207031,511.9150085449219,68802
2026-07-02 19:36:00+00:00,512.010009765625,512.0700073242188,511.1000061035156,511.75,48968
2026-07-02 19:37:00+00:00,511.6199951171875,512.0999755859375,510.6015930175781,512.0999755859375,41925
2026-07-02 19:38:00+00:00,512.0288696289062,513.0,511.739990234375,512.4600219726562,45959
2026-07-02 19:39:00+00:00,512.5,512.7899780273438,511.54998779296875,512.6799926757812,51391
2026-07-02 19:40:00+00:00,512.47998046875,512.6920776367188,511.1499938964844,511.75,41977
2026-07-02 19:41:00+00:00,512.0800170898438,512.2050170898438,511.2799987792969,511.3999938964844,44894
2026-07-02 19:42:00+00:00,511.4700012207031,511.7200012207031,510.260009765625,511.4898986816406,50267
2026-07-02 19:43:00+00:00,511.1300048828125,511.95001220703125,511.1300048828125,511.5299987792969,44155
2026-07-02 19:44:00+00:00,511.3299865722656,511.9898986816406,511.1499938964844,511.2900085449219,44149
2026-07-02 19:45:00+00:00,511.29998779296875,511.79998779296875,511.25,511.56500244140625,47700
2026-07-02 19:46:00+00:00,511.6199951171875,511.6199951171875,510.7799987792969,511.1300048828125,50519
2026-07-02 19:47:00+00:00,511.07000732421875,511.510009765625,510.1600036621094,510.6300048828125,52895
2026-07-02 19:48:00+00:00,510.5299987792969,511.6615905761719,510.5199890136719,511.2550048828125,45202
2026-07-02 19:49:00+00:00,511.2550048828125,511.70001220703125,510.4949951171875,511.70001220703125,40388
2026-07-02 19:50:00+00:00,511.79998779296875,514.7296752929688,511.79998779296875,513.655029296875,146008
2026-07-02 19:51:00+00:00,513.760009765625,514.0399780273438,511.9599914550781,512.3599853515625,119695
2026-07-02 19:52:00+00:00,512.5,513.2550048828125,512.2899780273438,512.69140625,61509
2026-07-02 19:53:00+00:00,512.97998046875,514.1500244140625,512.7349853515625,513.2100219726562,81508
2026-07-02 19:54:00+00:00,513.2899780273438,515.969482421875,512.6599731445312,515.7750244140625,90391
2026-07-02 19:55:00+00:00,515.5499877929688,515.6900024414062,513.405029296875,514.2650146484375,142271
2026-07-02 19:56:00+00:00,514.260009765625,515.2050170898438,514.0499877929688,515.2050170898438,114349
2026-07-02 19:57:00+00:00,515.0599975585938,515.9998779296875,514.6500244140625,515.7100219726562,144396
2026-07-02 19:58:00+00:00,515.6799926757812,516.1799926757812,515.3599853515625,516.0549926757812,182557
2026-07-02 19:59:00+00:00,516.0549926757812,518.6099853515625,515.8400268554688,518.260009765625,691600
2026-07-02 20:00:00+00:00,517.82,517.99,515.0,517.0,2471538
2026-07-02 20:01:00+00:00,516.9,519.52,516.9,518.7,0
2026-07-02 20:02:00+00:00,518.71,520.8856,518.4,520.8,0
2026-07-02 20:03:00+00:00,520.8123,521.05,517.5283,519.0,0
2026-07-02 20:04:00+00:00,519.25,519.9,517.5,517.75,0
2026-07-02 20:05:00+00:00,517.99,518.99,517.0,518.0808,0
2026-07-02 20:06:00+00:00,518.5,518.99,518.0,518.15,0
2026-07-02 20:07:00+00:00,518.2,518.98,516.88,517.4,0
2026-07-02 20:08:00+00:00,517.4,518.98,517.4,518.863,0
2026-07-02 20:09:00+00:00,518.53,518.97,517.82,518.2193,0
2026-07-02 20:10:00+00:00,518.4472,518.75,517.2772,517.55,0
2026-07-02 20:11:00+00:00,517.6848,518.34,517.57,518.33,0
2026-07-02 20:12:00+00:00,518.33,518.8,517.82,518.35,0
2026-07-02 20:13:00+00:00,518.4083,518.79,518.3856,518.645,0
2026-07-02 20:14:00+00:00,518.72,519.33,518.66,519.21,0
2026-07-02 20:15:00+00:00,519.19,519.91,519.02,519.3,0
2026-07-02 20:16:00+00:00,519.48,519.91,519.1401,519.25,0
2026-07-02 20:17:00+00:00,519.11,519.66,518.38,519.43,0
2026-07-02 20:18:00+00:00,519.43,519.91,518.61,518.61,0
2026-07-02 20:19:00+00:00,519.33,519.75,519.3,519.44,0
2026-07-02 20:20:00+00:00,517.82,519.8,517.82,519.0829,0
2026-07-02 20:21:00+00:00,519.2,519.41,519.04,519.1,0
2026-07-02 20:22:00+00:00,519.11,519.56,517.82,519.35,0
2026-07-02 20:23:00+00:00,519.3,519.4,519.05,519.12,0
2026-07-02 20:24:00+00:00,519.1216,519.39,517.82,519.3,0
2026-07-02 20:25:00+00:00,519.06,519.6318,519.06,519.32,0
2026-07-02 20:26:00+00:00,519.5,520.0,519.33,519.4,0
2026-07-02 20:27:00+00:00,519.575,519.75,519.1036,519.1036,0
2026-07-02 20:28:00+00:00,519.11,519.6,518.82,519.6,0
2026-07-02 20:29:00+00:00,518.84,519.5,518.84,519.01,0
2026-07-02 20:30:00+00:00,519.2982,519.2982,518.77,518.9,0
2026-07-02 20:31:00+00:00,519.28,519.28,518.77,518.87,0
2026-07-02 20:32:00+00:00,519.0,519.46,517.82,518.58,0
2026-07-02 20:33:00+00:00,518.96,519.35,518.5,518.63,0
2026-07-02 20:34:00+00:00,518.63,519.0,518.26,518.5243,0
2026-07-02 20:35:00+00:00,519.0,519.42,517.82,519.0,0
2026-07-02 20:36:00+00:00,518.97,519.42,518.55,518.7,0
2026-07-02 20:37:00+00:00,518.89,518.9,518.63,518.7148,0
2026-07-02 20:38:00+00:00,518.78,518.8988,518.59,518.59,0
2026-07-02 20:39:00+00:00,518.575,518.7288,518.3576,518.55,0
2026-07-02 20:40:00+00:00,518.56,518.7988,518.31,518.37,0
2026-07-02 20:41:00+00:00,518.5,518.5,518.0,518.5,0
2026-07-02 20:42:00+00:00,518.24,518.5,518.12,518.38,0
2026-07-02 20:43:00+00:00,518.42,518.445,518.0,518.1,0
2026-07-02 20:44:00+00:00,518.1408,518.3,518.1,518.15,0
2026-07-02 20:45:00+00:00,518.2343,518.47,518.12,518.325,0
2026-07-02 20:46:00+00:00,518.325,518.5,518.15,518.5,0
2026-07-02 20:47:00+00:00,518.43,518.5,518.2,518.445,0
2026-07-02 20:48:00+00:00,518.4301,518.5,518.15,518.45,0
2026-07-02 20:49:00+00:00,518.4455,518.49,518.18,518.33,0
2026-07-02 20:50:00+00:00,518.45,518.5,518.22,518.49,0
2026-07-02 20:51:00+00:00,518.38,518.8,484.1068,518.7837,0
2026-07-02 20:52:00+00:00,518.5509,518.7997,518.5,518.6,0
2026-07-02 20:53:00+00:00,518.5148,518.8,518.19,518.75,0
2026-07-02 20:54:00+00:00,518.795,518.8,518.7,518.8,0
2026-07-02 20:55:00+00:00,518.75,518.8,518.7,518.7861,0
2026-07-02 20:56:00+00:00,518.795,518.8,518.7,518.7,0
2026-07-02 20:57:00+00:00,518.7,518.75,518.7,518.75,0
2026-07-02 20:58:00+00:00,518.8,518.97,518.7,518.97,0
2026-07-02 20:59:00+00:00,518.7138,518.9,518.7,518.9,0
2026-07-02 21:00:00+00:00,518.8,519.37,518.7,519.12,0
2026-07-02 21:01:00+00:00,519.12,519.12,518.15,518.15,0
2026-07-02 21:02:00+00:00,518.69,518.69,518.2112,518.6285,0
2026-07-02 21:03:00+00:00,518.6,518.6595,518.2,518.3,0
2026-07-02 21:04:00+00:00,518.61,518.61,518.2799,518.5,0
2026-07-02 21:05:00+00:00,518.6,518.6,518.5,518.6,0
2026-07-02 21:06:00+00:00,518.6,519.0,484.1068,519.0,0
2026-07-02 21:07:00+00:00,519.24,519.25,518.7,519.24,0
2026-07-02 21:08:00+00:00,519.0,519.0,518.85,518.925,0
2026-07-02 21:09:00+00:00,518.95,519.0,518.8,518.925,0
2026-07-02 21:10:00+00:00,519.0,519.0,518.8,518.94,0
2026-07-02 21:11:00+00:00,518.75,519.0,518.2,518.5156,0
2026-07-02 21:12:00+00:00,519.0,519.0,517.82,518.84,0
2026-07-02 21:13:00+00:00,518.3652,518.52,518.335,518.4,0
2026-07-02 21:14:00+00:00,518.1592,518.84,518.15,518.1672,0
2026-07-02 21:15:00+00:00,518.45,518.7348,518.1501,518.52,0
2026-07-02 21:16:00+00:00,518.54,518.54,518.26,518.4363,0
2026-07-02 21:17:00+00:00,518.47,518.47,518.35,518.47,0
2026-07-02 21:18:00+00:00,518.47,518.47,518.26,518.365,0
2026-07-02 21:19:00+00:00,518.4362,518.47,518.3,518.47,0
2026-07-02 21:20:00+00:00,518.47,519.0,518.35,518.675,0
2026-07-02 21:21:00+00:00,518.65,518.825,518.65,518.7,0
2026-07-02 21:22:00+00:00,518.73,518.95,518.68,518.68,0
2026-07-02 21:23:00+00:00,518.75,518.99,518.4,518.85,0
2026-07-02 21:24:00+00:00,518.675,518.95,518.51,518.95,0
2026-07-02 21:25:00+00:00,518.77,518.775,518.62,518.775,0
2026-07-02 21:26:00+00:00,518.85,518.95,518.775,518.95,0
2026-07-02 21:27:00+00:00,518.85,518.95,518.775,518.9488,0
2026-07-02 21:28:00+00:00,518.775,518.95,518.6,518.78,0
2026-07-02 21:29:00+00:00,518.8,518.95,518.6,518.85,0
2026-07-02 21:30:00+00:00,518.78,518.95,518.6244,518.95,0
2026-07-02 21:31:00+00:00,518.84,518.89,518.6575,518.87,0
2026-07-02 21:32:00+00:00,518.7,518.95,518.65,518.94,0
2026-07-02 21:33:00+00:00,518.93,518.95,518.65,518.95,0
2026-07-02 21:34:00+00:00,518.66,518.95,518.66,518.71,0
2026-07-02 21:35:00+00:00,518.95,518.95,518.9,518.9099,0
2026-07-02 21:36:00+00:00,518.95,518.95,518.9,518.95,0
2026-07-02 21:37:00+00:00,518.9025,519.05,518.9,519.05,0
2026-07-02 21:38:00+00:00,519.2,519.2,518.9,519.135,0
2026-07-02 21:39:00+00:00,519.01,519.37,518.9215,519.265,0
2026-07-02 21:40:00+00:00,519.2,519.685,519.2,519.56,0
2026-07-02 21:41:00+00:00,519.5,519.55,518.93,519.2,0
2026-07-02 21:42:00+00:00,519.2,519.3,518.99,519.26,0
2026-07-02 21:43:00+00:00,519.25,519.26,518.9,519.0,0
2026-07-02 21:44:00+00:00,518.9441,519.02,518.669,519.0199,0
2026-07-02 21:45:00+00:00,518.935,519.05,518.91,518.99,0
2026-07-02 21:46:00+00:00,519.055,519.14,519.0,519.14,0
2026-07-02 21:47:00+00:00,519.0617,519.105,519.06,519.1,0
2026-07-02 21:48:00+00:00,519.125,519.14,519.01,519.13,0
2026-07-02 21:49:00+00:00,519.1,519.1,519.03,519.08,0
2026-07-02 21:50:00+00:00,519.2,519.2,519.14,519.17,0
2026-07-02 21:51:00+00:00,519.17,519.2,517.82,519.1742,0
2026-07-02 21:52:00+00:00,519.16,519.24,519.16,519.2,0
2026-07-02 21:53:00+00:00,519.24,519.285,519.2,519.285,0
2026-07-02 21:54:00+00:00,519.2534,519.3597,519.24,519.3597,0
2026-07-02 21:55:00+00:00,519.3,519.5,519.19,519.47,0
2026-07-02 21:56:00+00:00,519.32,519.55,519.285,519.4665,0
2026-07-02 21:57:00+00:00,519.27,519.4732,519.27,519.28,0
2026-07-02 21:58:00+00:00,519.52,519.52,519.25,519.44,0
2026-07-02 21:59:00+00:00,519.29,519.4419,519.1,519.13,0
2026-07-02 22:00:00+00:00,519.44,519.55,519.14,519.18,0
2026-07-02 22:01:00+00:00,519.38,519.55,517.82,519.2,0
2026-07-02 22:02:00+00:00,519.2,519.55,519.0,519.24,0
2026-07-02 22:03:00+00:00,519.55,519.55,519.1,519.55,0
2026-07-02 22:04:00+00:00,519.55,519.55,518.99,519.55,0
2026-07-02 22:05:00+00:00,519.4,519.55,518.91,518.93,0
2026-07-02 22:06:00+00:00,518.99,519.26,518.97,519.05,0
2026-07-02 22:07:00+00:00,519.0744,519.0911,519.0744,519.0911,0
2026-07-02 22:08:00+00:00,519.1085,519.5,519.1,519.25,0
2026-07-02 22:09:00+00:00,519.34,519.5,519.15,519.2134,0
2026-07-02 22:10:00+00:00,519.21,519.5,519.16,519.36,0
2026-07-02 22:11:00+00:00,519.29,519.3,518.9,519.2299,0
2026-07-02 22:12:00+00:00,519.19,519.5,518.95,519.261,0
2026-07-02 22:13:00+00:00,519.2757,519.5,518.94,518.9557,0
2026-07-02 22:14:00+00:00,518.94,519.5,518.9,519.394,0
2026-07-02 22:15:00+00:00,519.5,519.5,518.9442,519.3,0
2026-07-02 22:16:00+00:00,519.28,519.49,519.02,519.3876,0
2026-07-02 22:17:00+00:00,519.4,519.49,519.1,519.28,0
2026-07-02 22:18:00+00:00,519.49,519.49,519.09,519.48,0
2026-07-02 22:19:00+00:00,519.49,519.5,519.3,519.5,0
2026-07-02 22:20:00+00:00,519.345,519.5,519.2564,519.36,0
2026-07-02 22:21:00+00:00,519.36,519.4558,519.28,519.4558,0
2026-07-02 22:22:00+00:00,519.3,519.9,519.3,519.571,0
2026-07-02 22:23:00+00:00,519.57,519.99,519.57,519.7177,0
2026-07-02 22:24:00+00:00,519.99,520.37,519.77,520.37,0
2026-07-02 22:25:00+00:00,520.337,520.4,519.0001,519.344,0
2026-07-02 22:26:00+00:00,519.38,520.35,519.06,519.81,0
2026-07-02 22:27:00+00:00,519.81,520.4,519.14,520.37,0
2026-07-02 22:28:00+00:00,520.13,520.37,519.239,520.0,0
2026-07-02 22:29:00+00:00,520.0,520.3297,519.2487,519.2711,0
2026-07-02 22:30:00+00:00,519.97,519.97,519.3,519.4,0
2026-07-02 22:31:00+00:00,519.41,519.675,519.41,519.47,0
2026-07-02 22:32:00+00:00,519.69,520.0,519.42,519.71,0
2026-07-02 22:33:00+00:00,519.9272,520.0,519.7,519.745,0
2026-07-02 22:34:00+00:00,519.9,520.4,519.52,519.6605,0
2026-07-02 22:35:00+00:00,520.14,520.14,519.56,520.02,0
2026-07-02 22:36:00+00:00,520.4,520.4,519.6417,520.0,0
2026-07-02 22:37:00+00:00,520.14,520.4,519.9715,520.2,0
2026-07-02 22:38:00+00:00,520.3,520.37,519.83,519.86,0
2026-07-02 22:39:00+00:00,520.2,520.4,520.0,520.338,0
2026-07-02 22:40:00+00:00,520.165,520.3988,520.165,520.3,0
2026-07-02 22:41:00+00:00,520.3109,520.898,520.3109,520.75,0
2026-07-02 22:42:00+00:00,520.75,521.0,520.1648,520.1648,0
2026-07-02 22:43:00+00:00,520.5,521.0,520.2083,520.818,0
2026-07-02 22:44:00+00:00,520.94,521.0,520.49,520.61,0
2026-07-02 22:45:00+00:00,520.22,520.808,520.22,520.5225,0
2026-07-02 22:46:00+00:00,520.93,520.99,520.31,520.685,0
2026-07-02 22:47:00+00:00,520.6506,521.0,520.61,521.0,0
2026-07-02 22:48:00+00:00,520.93,521.0,520.6392,520.68,0
2026-07-02 22:49:00+00:00,520.688,521.0,520.5,520.5,0
2026-07-02 22:50:00+00:00,520.5,520.7,520.07,520.3,0
2026-07-02 22:51:00+00:00,520.3,520.78,520.1772,520.7,0
2026-07-02 22:52:00+00:00,520.7132,520.84,520.33,520.5,0
2026-07-02 22:53:00+00:00,520.3756,520.615,520.3756,520.615,0
2026-07-02 22:54:00+00:00,520.55,520.78,520.41,520.53,0
2026-07-02 22:55:00+00:00,520.6,520.84,520.5313,520.7,0
2026-07-02 22:56:00+00:00,520.6985,520.84,520.6,520.64,0
2026-07-02 22:57:00+00:00,520.64,520.8388,520.03,520.65,0
2026-07-02 22:58:00+00:00,520.5,520.7,520.0955,520.7,0
2026-07-02 22:59:00+00:00,520.36,520.65,520.14,520.25,0
2026-07-02 23:00:00+00:00,520.25,520.25,520.05,520.0505,0
2026-07-02 23:01:00+00:00,520.01,520.1995,520.01,520.1995,0
2026-07-02 23:02:00+00:00,520.1831,520.1831,519.2101,519.55,0
2026-07-02 23:03:00+00:00,519.2582,519.88,519.2401,519.86,0
2026-07-02 23:04:00+00:00,519.475,519.65,519.31,519.385,0
2026-07-02 23:05:00+00:00,519.38,519.5,519.37,519.41,0
2026-07-02 23:06:00+00:00,519.41,519.41,519.2194,519.2194,0
2026-07-02 23:07:00+00:00,519.41,519.41,519.03,519.05,0
2026-07-02 23:08:00+00:00,519.235,519.42,519.06,519.1,0
2026-07-02 23:09:00+00:00,519.21,519.4,519.13,519.28,0
2026-07-02 23:10:00+00:00,519.2,519.4,519.13,519.27,0
2026-07-02 23:11:00+00:00,519.2,519.27,519.13,519.2665,0
2026-07-02 23:12:00+00:00,519.2,519.27,519.01,519.26,0
2026-07-02 23:13:00+00:00,519.0438,519.2,518.84,518.9,0
2026-07-02 23:14:00+00:00,518.87,519.27,518.87,519.0,0
2026-07-02 23:15:00+00:00,518.9732,519.15,518.9355,519.0,0
2026-07-02 23:16:00+00:00,518.98,519.27,518.98,519.2632,0
2026-07-02 23:17:00+00:00,519.27,519.38,519.0546,519.2,0
2026-07-02 23:18:00+00:00,519.25,519.3,519.0,519.2,0
2026-07-02 23:19:00+00:00,519.2,519.24,519.0,519.05,0
2026-07-02 23:20:00+00:00,519.2352,519.4107,519.05,519.08,0
2026-07-02 23:21:00+00:00,519.26,519.26,519.1021,519.22,0
2026-07-02 23:22:00+00:00,519.0592,519.42,519.0592,519.0981,0
2026-07-02 23:23:00+00:00,519.4,520.2,519.4,520.2,0
2026-07-02 23:24:00+00:00,519.62,520.044,519.11,519.99,0
2026-07-02 23:25:00+00:00,519.555,520.2,519.54,519.7,0
2026-07-02 23:26:00+00:00,520.1988,520.1988,519.5175,520.0,0
2026-07-02 23:27:00+00:00,520.0,520.1825,519.72,519.94,0
2026-07-02 23:28:00+00:00,519.855,520.2,519.6,520.1,0
2026-07-02 23:29:00+00:00,519.85,520.2,519.83,520.03,0
2026-07-02 23:30:00+00:00,520.2,520.2,519.85,520.2,0
2026-07-02 23:31:00+00:00,519.85,520.19,519.5,520.19,0
2026-07-02 23:32:00+00:00,519.5,520.2,519.5,519.855,0
2026-07-02 23:33:00+00:00,520.0,520.0,519.53,519.99,0
2026-07-02 23:34:00+00:00,520.0,520.0,519.8,520.0,0
2026-07-02 23:35:00+00:00,519.9,520.0,519.81,519.9,0
2026-07-02 23:36:00+00:00,519.85,519.85,519.0,519.81,0
2026-07-02 23:37:00+00:00,519.55,519.9,519.0,519.8999,0
2026-07-02 23:38:00+00:00,519.45,519.7,519.01,519.01,0
2026-07-02 23:39:00+00:00,519.65,519.9,519.4,519.455,0
2026-07-02 23:40:00+00:00,519.46,519.5705,519.0455,519.29,0
2026-07-02 23:41:00+00:00,519.35,519.35,519.0,519.35,0
2026-07-02 23:42:00+00:00,519.35,519.69,519.0,519.16,0
2026-07-02 23:43:00+00:00,519.0,519.483,518.88,519.249,0
2026-07-02 23:44:00+00:00,518.99,519.26,518.82,518.85,0
2026-07-02 23:45:00+00:00,518.8538,519.0,518.8406,518.88,0
2026-07-02 23:46:00+00:00,519.04,519.26,518.82,519.0,0
2026-07-02 23:47:00+00:00,518.82,519.26,518.82,518.9637,0
2026-07-02 23:48:00+00:00,519.0,519.26,519.0,519.026,0
2026-07-02 23:49:00+00:00,519.16,519.2,519.0,519.1,0
2026-07-02 23:50:00+00:00,519.1,519.2,518.82,519.14,0
2026-07-02 23:51:00+00:00,519.1905,519.1905,518.82,519.0,0
2026-07-02 23:52:00+00:00,518.9766,519.0,518.82,518.97,0
2026-07-02 23:53:00+00:00,518.9766,519.0,518.82,518.9,0
2026-07-02 23:54:00+00:00,518.85,519.025,518.85,519.025,0
2026-07-02 23:55:00+00:00,519.1,519.2,518.85,518.939,0
2026-07-02 23:56:00+00:00,519.2,519.68,519.0,519.2,0
2026-07-02 23:57:00+00:00,520.0,520.0,519.2001,519.445,0
2026-07-02 23:58:00+00:00,519.35,520.0,519.2,519.6,0
2026-07-02 23:59:00+00:00,519.5,520.0,519.0,519.68,0
2026-07-06 08:00:00+00:00,530.36,532.0117,526.0847,530.4547,0
2026-07-06 08:01:00+00:00,528.3552,532.0,526.98,530.51,0
2026-07-06 08:02:00+00:00,529.9751,530.92,529.9751,530.51,0
2026-07-06 08:03:00+00:00,530.5,531.5,530.41,531.03,0
2026-07-06 08:04:00+00:00,531.44,531.48,530.9918,531.13,0
2026-07-06 08:05:00+00:00,531.0739,531.5,531.0,531.4875,0
2026-07-06 08:06:00+00:00,531.49,533.6677,531.4875,533.41,0
2026-07-06 08:07:00+00:00,533.41,533.41,533.0,533.0103,0
2026-07-06 08:08:00+00:00,533.07,533.7,528.37,531.97,0
2026-07-06 08:09:00+00:00,530.19,533.6566,527.01,532.8,0
2026-07-06 08:10:00+00:00,532.85,533.6677,531.5,532.654,0
2026-07-06 08:11:00+00:00,532.0,532.2,531.49,531.49,0
2026-07-06 08:12:00+00:00,532.0,532.0,531.0,531.45,0
2026-07-06 08:13:00+00:00,531.05,531.9087,528.4553,531.0,0
2026-07-06 08:14:00+00:00,530.93,531.05,530.75,530.75,0
2026-07-06 08:15:00+00:00,532.0,532.0,528.4412,530.08,0
2026-07-06 08:16:00+00:00,529.9964,530.17,528.3912,529.0,0
2026-07-06 08:17:00+00:00,529.0,529.01,528.35,528.4402,0
2026-07-06 08:18:00+00:00,529.6,529.6,529.6,529.6,0
2026-07-06 08:19:00+00:00,529.7,530.26,529.7,529.8259,0
2026-07-06 08:20:00+00:00,531.3,531.3,531.3,531.3,0
2026-07-06 08:21:00+00:00,530.05,530.68,529.7547,530.0,0
2026-07-06 08:22:00+00:00,529.8,529.9925,529.01,529.49,0
2026-07-06 08:23:00+00:00,529.92,530.0,529.824,530.0,0
2026-07-06 08:24:00+00:00,529.18,530.89,529.18,530.88,0
2026-07-06 08:25:00+00:00,530.88,530.88,530.5,530.5,0
2026-07-06 08:26:00+00:00,528.36,531.0,528.36,531.0,0
2026-07-06 08:27:00+00:00,531.0,531.0,530.3017,530.3017,0
2026-07-06 08:28:00+00:00,531.0,531.0,530.98,530.99,0
2026-07-06 08:29:00+00:00,530.1767,531.9532,530.13,531.0,0
2026-07-06 08:30:00+00:00,531.32,532.0,530.79,532.0,0
2026-07-06 08:31:00+00:00,530.19,531.9988,530.19,531.9988,0
2026-07-06 08:32:00+00:00,531.39,531.39,530.61,531.0,0
2026-07-06 08:33:00+00:00,530.2,530.8,530.2,530.5,0
2026-07-06 08:34:00+00:00,530.67,530.67,528.4017,530.0,0
2026-07-06 08:35:00+00:00,529.5,529.52,529.4712,529.5,0
2026-07-06 08:36:00+00:00,529.5,530.37,529.008,529.36,0
2026-07-06 08:37:00+00:00,529.39,530.0,529.39,530.0,0
2026-07-06 08:38:00+00:00,529.99,529.99,529.99,529.99,0
2026-07-06 08:39:00+00:00,529.98,530.06,529.98,530.06,0
2026-07-06 08:40:00+00:00,530.23,530.42,530.03,530.03,0
2026-07-06 08:41:00+00:00,530.1043,530.736,530.1043,530.38,0
2026-07-06 08:43:00+00:00,530.52,530.52,530.52,530.52,0
2026-07-06 08:44:00+00:00,530.52,530.62,529.0595,529.8,0
2026-07-06 08:45:00+00:00,530.0,530.79,529.98,529.98,0
2026-07-06 08:46:00+00:00,530.6352,530.99,529.92,530.99,0
2026-07-06 08:47:00+00:00,530.49,530.93,529.0,530.93,0
2026-07-06 08:48:00+00:00,530.51,531.0,530.51,530.59,0
2026-07-06 08:49:00+00:00,530.82,530.99,530.5,530.9479,0
2026-07-06 08:50:00+00:00,530.52,530.98,530.16,530.98,0
2026-07-06 08:51:00+00:00,530.4,530.4,530.21,530.28,0
2026-07-06 08:52:00+00:00,530.9479,531.0,530.5,530.98,0
2026-07-06 08:53:00+00:00,530.69,530.69,530.1635,530.1635,0
2026-07-06 08:54:00+00:00,531.18,531.18,530.97,530.97,0
2026-07-06 08:55:00+00:00,531.02,531.31,530.0,531.15,0
2026-07-06 08:56:00+00:00,531.38,531.56,531.15,531.39,0
2026-07-06 08:57:00+00:00,531.4,531.7488,531.4,531.47,0
2026-07-06 08:58:00+00:00,531.61,532.0,531.61,532.0,0
2026-07-06 08:59:00+00:00,531.86,532.0,531.8,532.0,0
2026-07-06 09:00:00+00:00,531.89,532.0,531.4,531.4,0
2026-07-06 09:01:00+00:00,531.32,532.35,531.32,532.35,0
2026-07-06 09:02:00+00:00,531.96,532.5,530.1015,532.4398,0
2026-07-06 09:03:00+00:00,532.4739,532.4739,532.0,532.24,0
2026-07-06 09:04:00+00:00,531.8,532.5,531.8,532.5,0
2026-07-06 09:05:00+00:00,532.29,532.2951,532.1288,532.2951,0
2026-07-06 09:06:00+00:00,532.39,533.75,531.098,533.75,0
2026-07-06 09:07:00+00:00,533.37,533.37,531.1077,533.01,0
2026-07-06 09:08:00+00:00,533.01,533.38,531.0505,532.9,0
2026-07-06 09:09:00+00:00,532.89,533.38,531.079,533.18,0
2026-07-06 09:10:00+00:00,533.13,533.38,532.74,532.97,0
2026-07-06 09:11:00+00:00,532.96,533.38,532.77,533.25,0
2026-07-06 09:12:00+00:00,533.22,533.9,533.08,533.19,0
2026-07-06 09:13:00+00:00,533.0505,533.7325,533.04,533.19,0
2026-07-06 09:14:00+00:00,533.0,533.82,533.0,533.7888,0
2026-07-06 09:15:00+00:00,533.35,533.35,533.0,533.33,0
2026-07-06 09:16:00+00:00,533.18,533.49,533.0,533.012,0
2026-07-06 09:17:00+00:00,533.11,533.42,533.1,533.41,0
2026-07-06 09:18:00+00:00,533.35,533.85,533.35,533.85,0
2026-07-06 09:19:00+00:00,533.85,533.85,532.87,533.0,0
2026-07-06 09:20:00+00:00,533.42,533.42,532.01,533.0162,0
2026-07-06 09:21:00+00:00,533.0495,533.0495,531.08,532.0,0
2026-07-06 09:22:00+00:00,532.0,532.56,531.12,532.43,0
2026-07-06 09:23:00+00:00,532.0,532.0,531.0692,531.0692,0
2026-07-06 09:24:00+00:00,532.2,532.2,532.2,532.2,0
2026-07-06 09:25:00+00:00,532.16,532.19,530.975,531.21,0
2026-07-06 09:26:00+00:00,531.0,531.2,530.67,531.02,0
2026-07-06 09:27:00+00:00,531.0,531.0,531.0,531.0,0
2026-07-06 09:28:00+00:00,530.91,530.91,530.25,530.56,0
2026-07-06 09:29:00+00:00,530.21,530.9555,530.06,530.21,0
2026-07-06 09:30:00+00:00,530.72,530.99,530.27,530.27,0
2026-07-06 09:31:00+00:00,530.3,530.82,529.6,529.6,0
2026-07-06 09:32:00+00:00,529.22,529.93,529.22,529.64,0
2026-07-06 09:33:00+00:00,529.64,529.9218,529.51,529.58,0
2026-07-06 09:34:00+00:00,529.39,529.84,529.39,529.52,0
2026-07-06 09:35:00+00:00,529.76,530.8657,529.76,530.8657,0
2026-07-06 09:36:00+00:00,530.88,530.89,529.33,529.33,0
2026-07-06 09:37:00+00:00,531.0,532.2,530.28,530.51,0
2026-07-06 09:38:00+00:00,529.2,530.56,529.2,530.56,0
2026-07-06 09:39:00+00:00,530.52,530.56,530.5,530.5,0
2026-07-06 09:40:00+00:00,530.46,530.46,529.27,529.27,0
2026-07-06 09:41:00+00:00,530.39,530.44,530.01,530.44,0
2026-07-06 09:42:00+00:00,530.62,530.62,530.62,530.62,0
2026-07-06 09:43:00+00:00,530.44,530.444,529.509,530.444,0
2026-07-06 09:44:00+00:00,530.33,530.33,530.33,530.33,0
2026-07-06 09:45:00+00:00,530.34,532.19,530.0,531.21,0
2026-07-06 09:46:00+00:00,531.21,531.21,530.74,530.74,0
2026-07-06 09:47:00+00:00,530.72,532.437,530.6,530.6,0
2026-07-06 09:48:00+00:00,530.7,532.3945,530.0012,530.0012,0
2026-07-06 09:49:00+00:00,530.03,530.6112,529.5427,530.51,0
2026-07-06 09:50:00+00:00,529.67,531.5472,529.67,530.0,0
2026-07-06 09:51:00+00:00,530.86,531.25,530.15,531.25,0
2026-07-06 09:52:00+00:00,532.2,532.2,530.96,530.96,0
2026-07-06 09:53:00+00:00,531.05,532.5,531.05,531.92,0
2026-07-06 09:54:00+00:00,531.92,533.0,531.92,533.0,0
2026-07-06 09:55:00+00:00,532.08,532.95,531.0103,532.5,0
2026-07-06 09:56:00+00:00,532.5,532.7922,532.34,532.6,0
2026-07-06 09:57:00+00:00,532.34,532.34,531.1377,531.1377,0
2026-07-06 09:58:00+00:00,532.3,532.5,531.1962,532.5,0
2026-07-06 09:59:00+00:00,532.26,532.5,532.22,532.5,0
2026-07-06 10:00:00+00:00,532.05,532.51,530.54,532.51,0
2026-07-06 10:01:00+00:00,533.0,533.0,532.08,532.52,0
2026-07-06 10:02:00+00:00,530.574,531.24,530.574,531.21,0
2026-07-06 10:03:00+00:00,531.16,532.07,531.15,532.0,0
2026-07-06 10:04:00+00:00,532.0,532.4,530.54,530.54,0
2026-07-06 10:05:00+00:00,530.54,532.8944,530.54,532.8944,0
2026-07-06 10:06:00+00:00,531.79,531.79,531.36,531.36,0
2026-07-06 10:07:00+00:00,531.58,531.58,530.6456,530.6456,0
2026-07-06 10:08:00+00:00,531.16,533.0,531.0,531.3,0
2026-07-06 10:09:00+00:00,530.68,531.8055,530.68,531.46,0
2026-07-06 10:10:00+00:00,532.8,532.8,531.5,532.5,0
2026-07-06 10:11:00+00:00,532.0,532.0,532.0,532.0,0
2026-07-06 10:12:00+00:00,531.21,531.98,531.21,531.98,0
2026-07-06 10:13:00+00:00,531.32,533.0,531.32,532.0,0
2026-07-06 10:14:00+00:00,531.7,532.8,531.68,531.68,0
2026-07-06 10:15:00+00:00,532.11,532.11,530.6456,530.6456,0
2026-07-06 10:16:00+00:00,532.8944,532.8944,531.66,532.29,0
2026-07-06 10:17:00+00:00,532.32,532.35,531.2139,531.2139,0
2026-07-06 10:18:00+00:00,532.09,532.32,531.65,532.2,0
2026-07-06 10:19:00+00:00,531.75,532.29,531.75,532.1,0
2026-07-06 10:20:00+00:00,532.38,533.0,532.15,533.0,0
2026-07-06 10:21:00+00:00,533.0,533.0,532.0,532.23,0
2026-07-06 10:22:00+00:00,532.09,532.2,531.99,532.03,0
2026-07-06 10:23:00+00:00,532.2,532.9988,531.99,531.99,0
2026-07-06 10:24:00+00:00,532.2862,532.2862,530.584,532.0,0
2026-07-06 10:25:00+00:00,532.0,532.19,530.54,532.19,0
2026-07-06 10:26:00+00:00,532.01,532.3,531.286,532.3,0
2026-07-06 10:27:00+00:00,532.52,533.0,532.52,533.0,0
2026-07-06 10:28:00+00:00,532.13,532.13,532.02,532.02,0
2026-07-06 10:29:00+00:00,532.39,532.39,531.76,531.76,0
2026-07-06 10:31:00+00:00,532.0,532.0,531.86,531.86,0
2026-07-06 10:32:00+00:00,531.98,532.5,531.76,532.5,0
2026-07-06 10:33:00+00:00,532.3921,532.3921,532.3921,532.3921,0
2026-07-06 10:34:00+00:00,532.31,532.5,532.31,532.5,0
2026-07-06 10:35:00+00:00,532.961,532.961,532.5,532.58,0
2026-07-06 10:36:00+00:00,532.62,532.9988,532.62,532.9988,0
2026-07-06 10:37:00+00:00,532.75,532.88,532.32,532.32,0
2026-07-06 10:38:00+00:00,532.8097,533.2032,531.826,533.0,0
2026-07-06 10:39:00+00:00,532.8788,533.1272,532.5,533.1272,0
2026-07-06 10:40:00+00:00,533.11,533.1272,532.67,533.1272,0
2026-07-06 10:41:00+00:00,533.13,533.13,533.1272,533.1272,0
2026-07-06 10:42:00+00:00,533.1272,533.1272,533.1272,533.1272,0
2026-07-06 10:43:00+00:00,532.5,532.65,532.23,532.23,0
2026-07-06 10:44:00+00:00,532.0,532.4735,532.0,532.4735,0
2026-07-06 10:45:00+00:00,531.5,532.2577,530.0625,530.0625,0
2026-07-06 10:46:00+00:00,530.7,532.8,530.55,532.8,0
2026-07-06 10:47:00+00:00,531.58,531.58,531.58,531.58,0
2026-07-06 10:48:00+00:00,531.58,531.87,530.75,531.19,0
2026-07-06 10:49:00+00:00,530.76,531.5,530.76,531.5,0
2026-07-06 10:50:00+00:00,532.8,532.8,530.76,531.02,0
2026-07-06 10:51:00+00:00,531.47,531.5,531.02,531.5,0
2026-07-06 10:52:00+00:00,531.97,533.0,531.32,533.0,0
2026-07-06 10:53:00+00:00,531.86,531.98,531.03,531.03,0
2026-07-06 10:54:00+00:00,531.12,531.12,531.12,531.12,0
2026-07-06 10:55:00+00:00,532.03,532.03,530.88,532.03,0
2026-07-06 10:56:00+00:00,530.9775,530.98,530.9775,530.98,0
2026-07-06 10:57:00+00:00,531.77,531.77,531.31,531.31,0
2026-07-06 10:58:00+00:00,531.31,532.17,531.1767,531.91,0
2026-07-06 10:59:00+00:00,532.62,532.86,531.9,532.7544,0
2026-07-06 11:00:00+00:00,531.74,537.0,530.5,535.79,0
2026-07-06 11:01:00+00:00,535.74,536.8,517.82,533.0401,0
2026-07-06 11:02:00+00:00,535.0,535.0,533.0,533.397,0
2026-07-06 11:03:00+00:00,534.0,535.0,533.11,535.0,0
2026-07-06 11:04:00+00:00,534.9875,535.0,534.1325,534.1325,0
2026-07-06 11:05:00+00:00,534.4219,534.975,534.0,534.95,0
2026-07-06 11:06:00+00:00,534.0,534.9788,533.7,534.6525,0
2026-07-06 11:07:00+00:00,533.7,534.51,532.0,533.3,0
2026-07-06 11:08:00+00:00,533.0,533.77,532.4954,533.77,0
2026-07-06 11:09:00+00:00,534.0,534.6,533.1,534.5,0
2026-07-06 11:10:00+00:00,534.21,534.5988,533.1,533.875,0
2026-07-06 11:11:00+00:00,533.5275,534.5,533.5003,534.0,0
2026-07-06 11:12:00+00:00,534.01,534.12,533.1225,533.55,0
2026-07-06 11:13:00+00:00,533.5,534.45,533.1,533.66,0
2026-07-06 11:14:00+00:00,533.7,534.44,533.2742,533.55,0
2026-07-06 11:15:00+00:00,533.52,534.4388,533.1,533.75,0
2026-07-06 11:16:00+00:00,533.99,534.5,533.282,533.79,0
2026-07-06 11:17:00+00:00,534.3006,534.5,533.79,534.5,0
2026-07-06 11:18:00+00:00,534.23,534.5,533.18,533.84,0
2026-07-06 11:19:00+00:00,534.5,535.0,533.7947,534.7,0
2026-07-06 11:20:00+00:00,534.365,536.7,534.365,536.15,0
2026-07-06 11:21:00+00:00,536.0,537.89,535.865,537.8899,0
2026-07-06 11:22:00+00:00,537.49,537.89,537.0,537.8677,0
2026-07-06 11:23:00+00:00,537.5,537.91,537.0,537.0,0
2026-07-06 11:24:00+00:00,537.51,537.91,536.19,536.845,0
2026-07-06 11:25:00+00:00,536.9709,537.53,536.5,536.75,0
2026-07-06 11:26:00+00:00,537.09,537.61,536.74,537.47,0
2026-07-06 11:27:00+00:00,537.175,537.6,536.74,537.2,0
2026-07-06 11:28:00+00:00,537.11,537.48,536.8531,537.0,0
2026-07-06 11:29:00+00:00,537.6,538.0,537.5,537.5,0
2026-07-06 11:30:00+00:00,537.34,538.0,536.48,536.4801,0
2026-07-06 11:31:00+00:00,536.65,538.0,536.48,537.405,0
2026-07-06 11:32:00+00:00,537.8,538.5,537.32,538.15,0
2026-07-06 11:33:00+00:00,538.285,538.285,536.2,536.99,0
2026-07-06 11:34:00+00:00,537.0,537.0,535.77,536.4,0
2026-07-06 11:35:00+00:00,536.0,537.6,535.8827,536.21,0
2026-07-06 11:36:00+00:00,535.9,536.5,535.03,535.03,0
2026-07-06 11:37:00+00:00,536.02,536.5,535.5,536.08,0
2026-07-06 11:38:00+00:00,536.5,536.5,535.5,535.5,0
2026-07-06 11:39:00+00:00,536.0,536.5,535.5,535.6715,0
2026-07-06 11:40:00+00:00,535.68,536.5,535.5,536.4,0
2026-07-06 11:41:00+00:00,536.283,536.283,535.0,535.3791,0
2026-07-06 11:42:00+00:00,535.02,535.35,534.0,534.9,0
2026-07-06 11:43:00+00:00,534.69,535.44,534.0,534.81,0
2026-07-06 11:44:00+00:00,534.6,535.575,534.6,535.575,0
2026-07-06 11:45:00+00:00,535.56,536.9,535.3,536.9,0
2026-07-06 11:46:00+00:00,535.1937,537.0,535.15,536.46,0
2026-07-06 11:47:00+00:00,536.52,537.0,536.25,536.81,0
2026-07-06 11:48:00+00:00,536.9244,537.0,536.3475,536.4345,0
2026-07-06 11:49:00+00:00,537.0,537.5,536.35,537.5,0
2026-07-06 11:50:00+00:00,536.675,537.0,536.35,536.8801,0
2026-07-06 11:51:00+00:00,536.35,537.0,535.0,535.0,0
2026-07-06 11:52:00+00:00,535.0,537.0,535.0,536.51,0
2026-07-06 11:53:00+00:00,536.5,537.0,536.0,536.41,0
2026-07-06 11:54:00+00:00,536.41,537.0,535.18,536.0,0
2026-07-06 11:55:00+00:00,536.41,537.0,536.0,536.42,0
2026-07-06 11:56:00+00:00,536.87,537.0,536.0,536.8141,0
2026-07-06 11:57:00+00:00,536.0,537.0,536.0,536.88,0
2026-07-06 11:58:00+00:00,536.1798,536.98,536.0,536.3375,0
2026-07-06 11:59:00+00:00,536.01,536.4,535.5,535.75,0
2026-07-06 12:00:00+00:00,535.75,537.0,535.5,536.5,0
2026-07-06 12:01:00+00:00,537.0,537.25,535.5,536.2803,0
2026-07-06 12:02:00+00:00,536.755,537.02,534.3207,535.1429,0
2026-07-06 12:03:00+00:00,535.5,537.87,534.8215,537.87,0
2026-07-06 12:04:00+00:00,537.37,537.87,535.2667,537.87,0
2026-07-06 12:05:00+00:00,537.85,537.99,536.5,537.35,0
2026-07-06 12:06:00+00:00,537.76,538.422,536.7,537.837,0
2026-07-06 12:07:00+00:00,537.92,539.0,537.75,539.0,0
2026-07-06 12:08:00+00:00,538.46,539.0,537.74,537.79,0
2026-07-06 12:09:00+00:00,538.0,539.87,538.0,539.5,0
2026-07-06 12:10:00+00:00,539.79,539.87,538.73,539.35,0
2026-07-06 12:11:00+00:00,539.87,539.98,538.25,539.9555,0
2026-07-06 12:12:00+00:00,539.2391,539.98,539.0,539.891,0
2026-07-06 12:13:00+00:00,539.47,539.94,539.0,539.0,0
2026-07-06 12:14:00+00:00,539.783,539.9,539.0,539.8,0
2026-07-06 12:15:00+00:00,539.665,539.85,538.67,539.0598,0
2026-07-06 12:16:00+00:00,539.0,539.65,539.0,539.0,0
2026-07-06 12:17:00+00:00,538.75,539.65,538.5,539.0,0
2026-07-06 12:18:00+00:00,538.77,539.5,538.5,538.935,0
2026-07-06 12:19:00+00:00,538.95,539.25,538.5,539.25,0
2026-07-06 12:20:00+00:00,539.24,539.25,538.0,538.3359,0
2026-07-06 12:21:00+00:00,538.0209,538.4,538.0,538.05,0
2026-07-06 12:22:00+00:00,538.9,539.0,538.03,538.51,0
2026-07-06 12:23:00+00:00,538.24,538.51,537.4844,538.0,0
2026-07-06 12:24:00+00:00,537.4218,538.0,537.01,537.5,0
2026-07-06 12:25:00+00:00,537.71,537.9,537.51,537.9,0
2026-07-06 12:26:00+00:00,537.6,538.25,537.6,538.1,0
2026-07-06 12:27:00+00:00,538.11,538.11,537.52,537.5624,0
2026-07-06 12:28:00+00:00,538.0223,538.11,537.5602,538.04,0
2026-07-06 12:29:00+00:00,537.8,538.35,537.5445,537.8,0
2026-07-06 12:30:00+00:00,537.73,538.2,537.52,538.1765,0
2026-07-06 12:31:00+00:00,538.0,538.105,537.71,537.86,0
2026-07-06 12:32:00+00:00,537.72,538.0,537.54,538.0,0
2026-07-06 12:33:00+00:00,537.81,538.0,537.02,538.0,0
2026-07-06 12:34:00+00:00,537.14,538.0,537.13,537.2528,0
2026-07-06 12:35:00+00:00,538.0,538.0,537.32,537.69,0
2026-07-06 12:36:00+00:00,537.61,538.2088,537.41,538.04,0
2026-07-06 12:37:00+00:00,538.135,539.0,538.135,538.77,0
2026-07-06 12:38:00+00:00,539.0,539.0,538.2,538.2824,0
2026-07-06 12:39:00+00:00,538.46,539.0,538.2998,539.0,0
2026-07-06 12:40:00+00:00,539.0,539.0,538.3,538.5,0
2026-07-06 12:41:00+00:00,538.33,539.0,538.33,538.7277,0
2026-07-06 12:42:00+00:00,538.34,538.73,538.0,538.0,0
2026-07-06 12:43:00+00:00,538.0385,538.51,537.51,537.8515,0
2026-07-06 12:44:00+00:00,537.9,538.73,537.6,538.04,0
2026-07-06 12:45:00+00:00,538.47,538.73,537.6,538.25,0
2026-07-06 12:46:00+00:00,538.11,538.5,538.0125,538.0125,0
2026-07-06 12:47:00+00:00,538.23,538.45,538.0,538.45,0
2026-07-06 12:48:00+00:00,538.12,538.4887,538.02,538.19,0
2026-07-06 12:49:00+00:00,538.1567,538.67,538.0,538.67,0
2026-07-06 12:50:00+00:00,538.705,539.0,538.26,538.99,0
2026-07-06 12:51:00+00:00,538.5,539.2,538.5,538.975,0
2026-07-06 12:52:00+00:00,539.0,539.75,538.775,539.7,0
2026-07-06 12:53:00+00:00,539.51,539.98,539.45,539.8,0
2026-07-06 12:54:00+00:00,539.8,540.0,539.5125,540.0,0
2026-07-06 12:55:00+00:00,539.99,540.0,539.31,539.76,0
2026-07-06 12:56:00+00:00,539.4377,539.99,539.3,539.3,0
2026-07-06 12:57:00+00:00,539.495,539.99,539.0,539.215,0
2026-07-06 12:58:00+00:00,539.33,539.43,539.0,539.2,0
2026-07-06 12:59:00+00:00,539.3999,539.4,538.75,539.0,0
2026-07-06 13:00:00+00:00,539.0,539.25,538.26,538.43,0
2026-07-06 13:01:00+00:00,538.41,538.9,538.0,538.6,0
2026-07-06 13:02:00+00:00,538.89,538.9,537.6,537.8,0
2026-07-06 13:03:00+00:00,538.4,538.8,537.6,538.3,0
2026-07-06 13:04:00+00:00,538.22,538.88,537.64,538.44,0
2026-07-06 13:05:00+00:00,538.88,538.88,538.0,538.44,0
2026-07-06 13:06:00+00:00,538.0,538.88,538.0,538.0,0
2026-07-06 13:07:00+00:00,538.5,538.5,537.65,537.94,0
2026-07-06 13:08:00+00:00,537.9397,537.9988,537.6,537.6101,0
2026-07-06 13:09:00+00:00,537.97,538.0,537.62,537.84,0
2026-07-06 13:10:00+00:00,537.825,538.25,537.61,538.2136,0
2026-07-06 13:11:00+00:00,538.01,538.5,537.6,538.125,0
2026-07-06 13:12:00+00:00,538.5,538.5,537.6,537.76,0
2026-07-06 13:13:00+00:00,537.7111,538.25,536.5,536.65,0
2026-07-06 13:14:00+00:00,536.5909,536.76,535.75,536.01,0
2026-07-06 13:15:00+00:00,536.2,536.33,535.33,535.37,0
2026-07-06 13:16:00+00:00,535.34,535.82,535.0,535.4475,0
2026-07-06 13:17:00+00:00,535.7329,536.0,535.0607,535.9173,0
2026-07-06 13:18:00+00:00,535.9179,536.0,535.0,535.1027,0
2026-07-06 13:19:00+00:00,535.0564,535.5,534.21,535.11,0
2026-07-06 13:20:00+00:00,535.15,536.0,535.01,535.02,0
2026-07-06 13:21:00+00:00,535.5,535.85,535.01,535.46,0
2026-07-06 13:22:00+00:00,535.43,535.6,534.68,534.99,0
2026-07-06 13:23:00+00:00,535.35,535.6157,534.99,535.03,0
2026-07-06 13:24:00+00:00,535.4,535.85,535.03,535.45,0
2026-07-06 13:25:00+00:00,535.5,536.0,534.2,535.0,0
2026-07-06 13:26:00+00:00,534.2452,536.1,534.14,536.1,0
2026-07-06 13:27:00+00:00,537.0,538.0,535.61,536.305,0
2026-07-06 13:28:00+00:00,535.8,536.94,534.01,534.7204,0
2026-07-06 13:29:00+00:00,534.37,535.74,534.02,534.25,0
2026-07-06 13:30:00+00:00,535.2000122070312,535.2899780273438,527.0499877929688,528.2000122070312,1074765
2026-07-06 13:31:00+00:00,527.2100219726562,536.64990234375,527.0399780273438,535.489990234375,136042
2026-07-06 13:32:00+00:00,535.489990234375,538.8599853515625,535.489990234375,537.8499755859375,167152
2026-07-06 13:33:00+00:00,537.4600219726562,539.9099731445312,536.0,539.739990234375,153675
2026-07-06 13:34:00+00:00,539.5999755859375,544.969970703125,539.4099731445312,544.6649780273438,345051
2026-07-06 13:35:00+00:00,544.9400024414062,546.0,542.7000122070312,544.4671020507812,222943
2026-07-06 13:36:00+00:00,544.3499755859375,544.3499755859375,539.0009765625,539.7805786132812,201326
2026-07-06 13:37:00+00:00,540.0,542.9758911132812,539.6900024414062,540.22998046875,88575
2026-07-06 13:38:00+00:00,540.0100708007812,543.6900024414062,540.010009765625,542.9400024414062,177713
2026-07-06 13:39:00+00:00,543.0,547.5700073242188,542.8447875976562,547.3150024414062,198869
2026-07-06 13:40:00+00:00,547.3150024414062,548.3499755859375,543.900390625,547.8922119140625,169393
2026-07-06 13:41:00+00:00,548.0850219726562,551.1998901367188,547.8171997070312,549.77001953125,278373
2026-07-06 13:42:00+00:00,549.77001953125,550.719970703125,546.989990234375,548.9249877929688,179002
2026-07-06 13:43:00+00:00,549.3900146484375,550.6500244140625,548.1799926757812,549.5700073242188,138831
2026-07-06 13:44:00+00:00,549.8300170898438,553.8800048828125,549.7901000976562,552.9949951171875,180393
2026-07-06 13:45:00+00:00,552.77001953125,556.8300170898438,552.2899780273438,556.4536743164062,307116
2026-07-06 13:46:00+00:00,556.3300170898438,557.77001953125,554.6663818359375,554.8800048828125,221573
2026-07-06 13:47:00+00:00,554.7899780273438,556.6699829101562,554.3900146484375,554.9249877929688,140835
2026-07-06 13:48:00+00:00,554.5800170898438,558.1500244140625,554.5800170898438,555.5800170898438,296455
2026-07-06 13:49:00+00:00,555.3400268554688,556.77001953125,555.0399780273438,556.2000122070312,110929
2026-07-06 13:50:00+00:00,556.4099731445312,557.719970703125,555.5,556.635009765625,127530
2026-07-06 13:51:00+00:00,556.72998046875,559.1099243164062,556.1900024414062,557.7100219726562,183478
2026-07-06 13:52:00+00:00,557.8400268554688,558.9000244140625,556.6300048828125,557.590087890625,139206
2026-07-06 13:53:00+00:00,558.2100219726562,560.4774780273438,556.7286987304688,560.030029296875,258962
2026-07-06 13:54:00+00:00,560.2349853515625,560.7899169921875,558.6403198242188,560.47998046875,165464
2026-07-06 13:55:00+00:00,560.469970703125,560.97998046875,559.02001953125,560.8900146484375,151383
2026-07-06 13:56:00+00:00,561.0,562.3800048828125,559.9600219726562,560.5800170898438,295823
2026-07-06 13:57:00+00:00,561.0599975585938,561.0599975585938,559.1599731445312,559.4249877929688,86711
2026-07-06 13:58:00+00:00,559.4600219726562,560.2999267578125,559.0,560.114990234375,130560
2026-07-06 13:59:00+00:00,560.3499755859375,562.0,560.0,560.1900024414062,118986
2026-07-06 14:00:00+00:00,560.3599853515625,561.780029296875,559.4700927734375,560.5999755859375,114407
2026-07-06 14:01:00+00:00,560.344970703125,562.6799926757812,560.090087890625,562.5900268554688,136265
2026-07-06 14:02:00+00:00,562.75,563.9000244140625,561.8814086914062,562.0200805664062,184006
2026-07-06 14:03:00+00:00,562.1348876953125,563.6799926757812,561.0,562.5399780273438,126791
2026-07-06 14:04:00+00:00,562.760009765625,563.2553100585938,561.510009765625,562.6900024414062,102410
2026-07-06 14:05:00+00:00,562.2200927734375,563.0499877929688,561.510009765625,561.9000244140625,121283
2026-07-06 14:06:00+00:00,561.9000244140625,566.75,561.1699829101562,566.510009765625,266142
2026-07-06 14:07:00+00:00,566.7999877929688,569.6799926757812,566.2999877929688,569.2000122070312,239527
2026-07-06 14:08:00+00:00,569.2000122070312,570.1900024414062,567.4500122070312,567.6500244140625,228263
2026-07-06 14:09:00+00:00,567.5399780273438,569.39990234375,566.739990234375,568.8499755859375,136789
2026-07-06 14:10:00+00:00,568.969970703125,568.969970703125,567.0706176757812,567.760009765625,99247
2026-07-06 14:11:00+00:00,568.1199951171875,571.0,568.0499877929688,569.9631958007812,195141
2026-07-06 14:12:00+00:00,570.030029296875,570.4998779296875,569.0,569.5900268554688,87566
2026-07-06 14:13:00+00:00,569.3800048828125,569.5900268554688,567.6900024414062,568.6199951171875,102168
2026-07-06 14:14:00+00:00,568.7249755859375,569.4099731445312,568.2899780273438,568.4000244140625,70264
2026-07-06 14:15:00+00:00,568.25,569.9299926757812,568.1799926757812,569.6799926757812,106030
2026-07-06 14:16:00+00:00,569.6099853515625,569.8499755859375,568.4000244140625,569.280029296875,67201
2026-07-06 14:17:00+00:00,569.4000244140625,571.5999755859375,568.5999755859375,571.27001953125,157714
2026-07-06 14:18:00+00:00,571.3800048828125,571.989990234375,569.0700073242188,569.3499755859375,118589
2026-07-06 14:19:00+00:00,569.1400146484375,569.5,568.2100830078125,568.7999877929688,75653
2026-07-06 14:20:00+00:00,568.8400268554688,569.6798706054688,567.5499877929688,568.530029296875,87082
2026-07-06 14:21:00+00:00,568.3599853515625,569.2999267578125,567.1699829101562,568.2550048828125,96304
2026-07-06 14:22:00+00:00,568.510009765625,568.8499755859375,568.0200805664062,568.7999877929688,37627
2026-07-06 14:23:00+00:00,568.7999267578125,569.3400268554688,567.7999877929688,568.864990234375,80375
2026-07-06 14:24:00+00:00,568.864990234375,569.5,568.0800170898438,568.2301025390625,59508
2026-07-06 14:25:00+00:00,568.7100219726562,568.9000244140625,567.7000732421875,568.2000122070312,46723
2026-07-06 14:26:00+00:00,568.030029296875,568.1599731445312,567.0999755859375,567.3300170898438,76535
2026-07-06 14:27:00+00:00,567.1685791015625,568.3099975585938,566.4000244140625,566.6099853515625,114452
2026-07-06 14:28:00+00:00,566.9400024414062,567.1599731445312,565.1701049804688,565.489990234375,89329
2026-07-06 14:29:00+00:00,565.7449951171875,566.6199951171875,565.5599975585938,566.5900268554688,64389
2026-07-06 14:30:00+00:00,566.3599853515625,566.97998046875,565.1699829101562,565.7000122070312,59906
2026-07-06 14:31:00+00:00,565.713623046875,566.5,565.5,566.135009765625,55096
2026-07-06 14:32:00+00:00,565.9500122070312,567.3900146484375,565.9500122070312,567.1699829101562,83794
2026-07-06 14:33:00+00:00,567.02001953125,568.1900024414062,567.0,567.47998046875,76058
2026-07-06 14:34:00+00:00,567.3499755859375,568.5250244140625,567.05419921875,568.364990234375,60504
2026-07-06 14:35:00+00:00,568.22998046875,568.6300048828125,567.1300048828125,567.7050170898438,55342
2026-07-06 14:36:00+00:00,567.4299926757812,568.1998901367188,567.4000244140625,567.8099975585938,48541
2026-07-06 14:37:00+00:00,567.8800048828125,568.1400146484375,567.0349731445312,567.844970703125,45105
2026-07-06 14:38:00+00:00,567.8499755859375,568.3200073242188,567.0999755859375,568.0750122070312,50570
2026-07-06 14:39:00+00:00,568.0850219726562,568.3400268554688,567.4500122070312,567.6500244140625,38425
2026-07-06 14:40:00+00:00,567.8200073242188,568.0599975585938,567.010009765625,567.4097900390625,35778
2026-07-06 14:41:00+00:00,567.27001953125,567.3699951171875,566.1099853515625,567.260009765625,77362
2026-07-06 14:42:00+00:00,567.4445190429688,567.9000244140625,566.75,566.8660888671875,46426
2026-07-06 14:43:00+00:00,566.8699951171875,568.9299926757812,566.8099975585938,568.155029296875,101803
2026-07-06 14:44:00+00:00,568.280029296875,569.5999755859375,568.111572265625,568.969970703125,157673
2026-07-06 14:45:00+00:00,569.1099853515625,570.7899780273438,568.2362060546875,570.5,231696
2026-07-06 14:46:00+00:00,570.5,571.9197998046875,570.1699829101562,570.5,154685
2026-07-06 14:47:00+00:00,570.4550170898438,571.3800048828125,569.7999877929688,570.5599975585938,71843
2026-07-06 14:48:00+00:00,570.3599853515625,570.52001953125,568.010009765625,568.4400024414062,101299
2026-07-06 14:49:00+00:00,568.3300170898438,570.5,568.3300170898438,569.8964233398438,60554
2026-07-06 14:50:00+00:00,570.0,572.3699951171875,569.6900024414062,572.10498046875,108289
2026-07-06 14:51:00+00:00,572.0900268554688,572.5,568.7999877929688,568.8099975585938,103768
2026-07-06 14:52:00+00:00,568.7310180664062,569.0457153320312,566.27001953125,566.530029296875,102861
2026-07-06 14:53:00+00:00,566.75,568.8800048828125,566.280029296875,568.64501953125,114882
2026-07-06 14:54:00+00:00,568.7949829101562,568.97998046875,567.0,567.3624267578125,46249
2026-07-06 14:55:00+00:00,567.2100219726562,568.2000122070312,566.7628784179688,566.9500122070312,40979
2026-07-06 14:56:00+00:00,566.7899780273438,567.5698852539062,565.4400024414062,566.4199829101562,96237
2026-07-06 14:57:00+00:00,566.219970703125,566.8350219726562,565.5399780273438,566.5549926757812,53844
2026-07-06 14:58:00+00:00,566.4949951171875,567.5098266601562,566.2000122070312,566.9151000976562,59687
2026-07-06 14:59:00+00:00,566.8699951171875,567.3599853515625,566.530029296875,566.9500122070312,38557
2026-07-06 15:00:00+00:00,566.72998046875,567.2000122070312,565.0599975585938,565.2899780273438,61389
2026-07-06 15:01:00+00:00,565.1099853515625,569.4000244140625,565.10009765625,569.0,115144
2026-07-06 15:02:00+00:00,568.77001953125,570.4099731445312,568.5999755859375,569.0999755859375,81826
2026-07-06 15:03:00+00:00,569.1900024414062,569.1900024414062,568.52001953125,568.969970703125,28555
2026-07-06 15:04:00+00:00,568.9249877929688,569.4398803710938,568.1199951171875,568.125,30020
2026-07-06 15:05:00+00:00,568.125,568.4000244140625,567.1300048828125,568.3200073242188,44202
2026-07-06 15:06:00+00:00,568.1400146484375,568.7000122070312,567.6799926757812,568.5,27884
2026-07-06 15:07:00+00:00,568.510009765625,568.510009765625,566.4901123046875,566.7249755859375,42876
2026-07-06 15:08:00+00:00,566.7249755859375,566.905029296875,564.5501098632812,565.344970703125,82233
2026-07-06 15:09:00+00:00,565.6701049804688,566.4299926757812,565.469970703125,566.0850219726562,40085
2026-07-06 15:10:00+00:00,566.3499755859375,566.7999267578125,565.3300170898438,565.7000122070312,51837
2026-07-06 15:11:00+00:00,565.5,565.64501953125,564.0,564.1500244140625,85025
2026-07-06 15:12:00+00:00,564.5599975585938,564.6400146484375,563.3200073242188,563.5986938476562,59467
2026-07-06 15:13:00+00:00,563.6799926757812,564.27001953125,563.0,563.614990234375,92377
2026-07-06 15:14:00+00:00,563.6400146484375,564.4500122070312,562.888916015625,563.2000122070312,90658
2026-07-06 15:15:00+00:00,563.2999877929688,563.5800170898438,562.7700805664062,563.4351196289062,72376
2026-07-06 15:16:00+00:00,563.2899780273438,563.7899169921875,561.2200927734375,561.239990234375,104630
2026-07-06 15:17:00+00:00,561.3167724609375,561.4998779296875,559.5,560.9749755859375,147926
2026-07-06 15:18:00+00:00,560.6400146484375,561.1599731445312,559.5277709960938,560.9000244140625,108479
2026-07-06 15:19:00+00:00,560.7100219726562,561.1599731445312,560.3800048828125,561.1599731445312,59388
2026-07-06 15:20:00+00:00,561.2000122070312,561.510009765625,560.2650146484375,560.5900268554688,59652
2026-07-06 15:21:00+00:00,560.594970703125,562.219970703125,560.5007934570312,562.1950073242188,85947
2026-07-06 15:22:00+00:00,562.2050170898438,564.5399780273438,562.02001953125,562.8800048828125,131382
2026-07-06 15:23:00+00:00,562.8250122070312,563.8499755859375,562.4296875,562.8024291992188,63147
2026-07-06 15:24:00+00:00,562.9005126953125,564.0,562.432373046875,563.989990234375,45066
2026-07-06 15:25:00+00:00,563.8200073242188,564.489990234375,563.6099853515625,564.2249755859375,54001
2026-07-06 15:26:00+00:00,564.5900268554688,567.0499877929688,564.5150146484375,566.5,124633
2026-07-06 15:27:00+00:00,566.4299926757812,567.2999877929688,566.1099853515625,567.2985229492188,61655
2026-07-06 15:28:00+00:00,567.2349853515625,568.3300170898438,566.8499755859375,568.1799926757812,73637
2026-07-06 15:29:00+00:00,568.280029296875,569.7999877929688,568.0750122070312,569.530029296875,89491
2026-07-06 15:30:00+00:00,569.6599731445312,569.9000244140625,568.5599975585938,569.7000122070312,56826
2026-07-06 15:31:00+00:00,569.6699829101562,571.47998046875,569.614990234375,571.2000122070312,152850
2026-07-06 15:32:00+00:00,571.2100219726562,571.2999877929688,570.4102172851562,571.1199951171875,81200
2026-07-06 15:33:00+00:00,571.0399780273438,571.1199951171875,569.2999877929688,569.9500122070312,104808
2026-07-06 15:34:00+00:00,569.9500122070312,570.3400268554688,568.52001953125,568.760009765625,62585
2026-07-06 15:35:00+00:00,568.5399780273438,569.0,566.4500122070312,566.625,58429
2026-07-06 15:36:00+00:00,566.6500244140625,568.5800170898438,566.2401123046875,568.02001953125,65009
2026-07-06 15:37:00+00:00,567.9099731445312,568.010009765625,566.6600952148438,567.6099853515625,60249
2026-07-06 15:38:00+00:00,567.5549926757812,568.5198974609375,567.5549926757812,568.2750244140625,41764
2026-07-06 15:39:00+00:00,568.4088134765625,568.7999267578125,567.4472045898438,567.8699951171875,33580
2026-07-06 15:40:00+00:00,568.0250854492188,568.1799926757812,566.77001953125,567.489990234375,44074
2026-07-06 15:41:00+00:00,567.3250122070312,567.8699951171875,567.0100708007812,567.364990234375,66288
2026-07-06 15:42:00+00:00,567.3599853515625,568.0999755859375,567.2999877929688,567.6199951171875,53314
2026-07-06 15:43:00+00:00,567.625,568.0587768554688,567.2800903320312,567.530029296875,27991
2026-07-06 15:44:00+00:00,567.469970703125,568.0700073242188,567.0,567.0499877929688,26532
2026-07-06 15:45:00+00:00,567.0900268554688,567.3200073242188,566.9000244140625,567.1950073242188,23991
2026-07-06 15:46:00+00:00,567.2471923828125,567.7999877929688,566.7000122070312,567.110107421875,29153
2026-07-06 15:47:00+00:00,567.22998046875,567.6599731445312,566.8699951171875,567.5499877929688,28142
2026-07-06 15:48:00+00:00,567.72998046875,568.0499877929688,567.3200073242188,567.48681640625,32739
2026-07-06 15:49:00+00:00,567.6500244140625,568.0,567.1199951171875,567.8350219726562,25454
2026-07-06 15:50:00+00:00,567.97998046875,568.3499755859375,567.60009765625,567.77001953125,20651
2026-07-06 15:51:00+00:00,567.6599731445312,567.9000244140625,566.8900146484375,567.1099853515625,24893
2026-07-06 15:52:00+00:00,567.0548095703125,567.5,566.5961303710938,566.9500122070312,32836
2026-07-06 15:53:00+00:00,566.9450073242188,567.3900146484375,566.4099731445312,566.5499877929688,32131
2026-07-06 15:54:00+00:00,566.6799926757812,567.0,566.0001220703125,566.0599975585938,304595
2026-07-06 15:55:00+00:00,566.0499877929688,567.239990234375,565.72998046875,565.8049926757812,100224
2026-07-06 15:56:00+00:00,565.8900146484375,566.8699951171875,565.3090209960938,566.8699951171875,26670
2026-07-06 15:57:00+00:00,566.8764038085938,567.3300170898438,566.525390625,566.8699951171875,28538
2026-07-06 15:58:00+00:00,566.969970703125,567.010009765625,566.3599853515625,566.5028076171875,17708
2026-07-06 15:59:00+00:00,566.2999877929688,566.5499877929688,565.8800048828125,566.0050048828125,16659
2026-07-06 16:00:00+00:00,565.8699951171875,565.9498901367188,565.219970703125,565.6400146484375,38786
2026-07-06 16:01:00+00:00,565.719970703125,565.9199829101562,565.1500854492188,565.3192138671875,17599
2026-07-06 16:02:00+00:00,565.6199951171875,565.8699951171875,564.6799926757812,564.7274780273438,37878
2026-07-06 16:03:00+00:00,564.7000122070312,564.9299926757812,563.5999755859375,564.1300048828125,55648
2026-07-06 16:04:00+00:00,564.2349853515625,564.6599731445312,564.02001953125,564.1849975585938,43807
2026-07-06 16:05:00+00:00,564.3699951171875,564.4400024414062,563.6701049804688,564.2999877929688,32532
2026-07-06 16:06:00+00:00,564.25,564.3499755859375,563.9099731445312,564.22998046875,16363
2026-07-06 16:07:00+00:00,564.2587280273438,564.4398803710938,563.875,564.219970703125,12455
2026-07-06 16:08:00+00:00,564.219970703125,565.099609375,564.1199951171875,564.989990234375,57632
2026-07-06 16:09:00+00:00,565.1500244140625,566.4199829101562,563.239990234375,563.3800048828125,93904
2026-07-06 16:10:00+00:00,563.4296264648438,564.9400024414062,562.010498046875,564.0499877929688,116391
2026-07-06 16:11:00+00:00,563.85498046875,564.5700073242188,562.0700073242188,564.0150146484375,58460
2026-07-06 16:12:00+00:00,563.9000244140625,564.3800048828125,563.22998046875,563.9099731445312,47236
2026-07-06 16:13:00+00:00,564.0599975585938,565.2869873046875,563.2999877929688,564.8599853515625,45392
2026-07-06 16:14:00+00:00,564.6599731445312,565.4199829101562,563.8150024414062,564.0,38341
2026-07-06 16:15:00+00:00,564.0449829101562,564.4091186523438,563.8200073242188,564.155029296875,21679
2026-07-06 16:16:00+00:00,564.4199829101562,564.5599975585938,563.9099731445312,564.1599731445312,22472
2026-07-06 16:17:00+00:00,564.0850219726562,564.2000122070312,562.7100219726562,563.4099731445312,73359
2026-07-06 16:18:00+00:00,563.2349853515625,563.260009765625,562.219970703125,562.4500122070312,37956
2026-07-06 16:19:00+00:00,562.3397827148438,562.8499755859375,562.219970703125,562.4500122070312,38428
2026-07-06 16:20:00+00:00,562.3699951171875,563.2299194335938,562.2999877929688,562.47998046875,46985
2026-07-06 16:21:00+00:00,562.5900268554688,562.8400268554688,561.8900146484375,562.3200073242188,35964
2026-07-06 16:22:00+00:00,562.3049926757812,562.77001953125,561.75,562.4600219726562,25100
2026-07-06 16:23:00+00:00,562.5800170898438,562.9168701171875,562.0,562.780029296875,27560
2026-07-06 16:24:00+00:00,562.77001953125,562.8900146484375,562.0900268554688,562.6199951171875,16799
2026-07-06 16:25:00+00:00,562.7999877929688,563.4000244140625,562.1500854492188,563.0,23958
2026-07-06 16:26:00+00:00,562.7999877929688,563.39990234375,562.7999877929688,563.02001953125,23120
2026-07-06 16:27:00+00:00,563.3900146484375,563.4099731445312,562.6599731445312,562.6699829101562,26437
2026-07-06 16:28:00+00:00,562.9299926757812,562.989990234375,562.010009765625,562.4600219726562,28207
2026-07-06 16:29:00+00:00,562.6500244140625,563.0,562.2849731445312,562.8400268554688,18770
2026-07-06 16:30:00+00:00,562.7899780273438,562.989990234375,561.9000244140625,562.0599975585938,33873
2026-07-06 16:31:00+00:00,562.1525268554688,563.1400146484375,562.1525268554688,562.989990234375,24755
2026-07-06 16:32:00+00:00,563.0,563.538330078125,561.8099975585938,561.9400024414062,32296
2026-07-06 16:33:00+00:00,562.0216064453125,562.0216064453125,561.2899780273438,561.625,30581
2026-07-06 16:34:00+00:00,561.456298828125,561.4998779296875,561.030029296875,561.260009765625,25859
2026-07-06 16:35:00+00:00,561.2249755859375,561.25,560.260009765625,560.7100219726562,51291
2026-07-06 16:36:00+00:00,560.4600219726562,561.2000122070312,560.1500244140625,560.8699951171875,52625
2026-07-06 16:37:00+00:00,560.77001953125,561.1199951171875,560.4000244140625,560.510009765625,28742
2026-07-06 16:38:00+00:00,560.3350219726562,560.4699096679688,558.530029296875,558.9550170898438,118667
2026-07-06 16:39:00+00:00,558.9550170898438,559.9799194335938,558.9550170898438,559.5499877929688,30169
2026-07-06 16:40:00+00:00,559.72998046875,561.2382202148438,559.5599975585938,560.6749877929688,42951
2026-07-06 16:41:00+00:00,560.6749877929688,561.0399169921875,559.8699951171875,559.9526977539062,33038
2026-07-06 16:42:00+00:00,559.6599731445312,559.8800048828125,558.9450073242188,559.2799072265625,26908
2026-07-06 16:43:00+00:00,559.25,559.6829223632812,559.0,559.2000122070312,29381
2026-07-06 16:44:00+00:00,559.260009765625,559.5999145507812,558.25,558.4500122070312,33602
2026-07-06 16:45:00+00:00,558.2650146484375,558.5609130859375,557.5,558.2335815429688,74460
2026-07-06 16:46:00+00:00,558.0399780273438,559.3526000976562,558.0399780273438,558.4199829101562,45566
2026-07-06 16:47:00+00:00,558.6093139648438,558.7849731445312,558.0,558.1849975585938,30428
2026-07-06 16:48:00+00:00,558.1900024414062,559.25,557.8699951171875,558.8900756835938,25761
2026-07-06 16:49:00+00:00,558.8900146484375,559.719970703125,558.7501220703125,559.6226196289062,22887
2026-07-06 16:50:00+00:00,559.6400146484375,559.7100219726562,558.8599853515625,558.8599853515625,18381
2026-07-06 16:51:00+00:00,559.2000122070312,559.8499755859375,559.1080932617188,559.2000122070312,21871
2026-07-06 16:52:00+00:00,559.2650146484375,559.2650146484375,558.5250244140625,558.9349975585938,24877
2026-07-06 16:53:00+00:00,558.7999877929688,558.7999877929688,558.0791015625,558.2750244140625,17192
2026-07-06 16:54:00+00:00,558.0999755859375,558.5599975585938,557.760009765625,557.9000244140625,25234
2026-07-06 16:55:00+00:00,557.9299926757812,558.22998046875,557.5900268554688,558.0349731445312,24938
2026-07-06 16:56:00+00:00,557.9149780273438,558.39990234375,557.5805053710938,558.3499755859375,25512
2026-07-06 16:57:00+00:00,558.239990234375,559.2540283203125,558.239990234375,559.2540283203125,30271
2026-07-06 16:58:00+00:00,558.8200073242188,558.989990234375,557.7600708007812,558.239990234375,17442
2026-07-06 16:59:00+00:00,558.3800048828125,558.469970703125,557.8699951171875,558.0700073242188,18185
2026-07-06 17:00:00+00:00,558.3200073242188,558.97998046875,557.8499755859375,558.739990234375,23526
2026-07-06 17:01:00+00:00,558.79248046875,558.7999877929688,558.0,558.094970703125,18223
2026-07-06 17:02:00+00:00,558.094970703125,558.094970703125,557.1099853515625,557.219970703125,39615
2026-07-06 17:03:00+00:00,557.219970703125,558.6655883789062,557.0601196289062,558.1199951171875,34437
2026-07-06 17:04:00+00:00,558.3499755859375,558.6500244140625,557.7899780273438,558.239990234375,16965
2026-07-06 17:05:00+00:00,558.369873046875,558.5700073242188,557.87548828125,558.3900146484375,12053
2026-07-06 17:06:00+00:00,558.3900146484375,559.389892578125,558.3900146484375,559.3536987304688,48623
2026-07-06 17:07:00+00:00,559.3400268554688,559.4299926757812,558.7000122070312,558.7999877929688,32777
2026-07-06 17:08:00+00:00,558.7999877929688,559.0999755859375,558.4299926757812,558.6599731445312,21039
2026-07-06 17:09:00+00:00,558.7249755859375,559.5900268554688,558.6300048828125,559.1900024414062,29352
2026-07-06 17:10:00+00:00,559.1535034179688,559.280029296875,558.27001953125,558.489990234375,23374
2026-07-06 17:11:00+00:00,558.5700073242188,558.6300048828125,556.8001098632812,557.8900146484375,98302
2026-07-06 17:12:00+00:00,557.77001953125,558.3300170898438,557.5700073242188,557.9600219726562,18376
2026-07-06 17:13:00+00:00,557.530029296875,558.1199951171875,557.530029296875,558.0800170898438,19432
2026-07-06 17:14:00+00:00,558.010009765625,558.2000122070312,557.2000122070312,557.75,23424
2026-07-06 17:15:00+00:00,557.5900268554688,557.9500122070312,557.4650268554688,557.8300170898438,13311
2026-07-06 17:16:00+00:00,557.7730712890625,558.1199951171875,557.4400024414062,557.6998901367188,26048
2026-07-06 17:17:00+00:00,557.5150146484375,557.5999755859375,556.6199951171875,556.719970703125,25481
2026-07-06 17:18:00+00:00,556.7249755859375,556.8499755859375,556.0599975585938,556.4000244140625,53961
2026-07-06 17:19:00+00:00,556.4099731445312,556.5800170898438,555.7210083007812,556.1300048828125,34132
2026-07-06 17:20:00+00:00,556.0900268554688,556.0900268554688,554.5,554.739990234375,77679
2026-07-06 17:21:00+00:00,554.7000122070312,555.2000122070312,554.094970703125,554.1300048828125,65111
2026-07-06 17:22:00+00:00,554.10009765625,555.9799194335938,553.2999877929688,554.7899780273438,69087
2026-07-06 17:23:00+00:00,554.8900146484375,555.5,554.0108032226562,554.2750244140625,44035
2026-07-06 17:24:00+00:00,554.2750244140625,555.3765258789062,553.8905029296875,555.2150268554688,39359
2026-07-06 17:25:00+00:00,555.5,556.5599975585938,555.4199829101562,556.280029296875,82792
2026-07-06 17:26:00+00:00,556.3099975585938,557.5,556.10009765625,557.260009765625,61265
2026-07-06 17:27:00+00:00,557.1699829101562,557.4910278320312,556.1199951171875,557.2249755859375,71378
2026-07-06 17:28:00+00:00,557.280029296875,557.4600219726562,556.4089965820312,556.52001953125,46862
2026-07-06 17:29:00+00:00,556.530029296875,557.0,555.5900268554688,556.530029296875,62491
2026-07-06 17:30:00+00:00,556.5020141601562,557.989990234375,555.5399780273438,555.7449951171875,129719
2026-07-06 17:31:00+00:00,555.7449951171875,556.3499755859375,554.469970703125,555.4299926757812,58387
2026-07-06 17:32:00+00:00,555.3200073242188,555.9400024414062,554.3201293945312,554.3400268554688,20952
2026-07-06 17:33:00+00:00,554.5150146484375,554.8699951171875,554.0599975585938,554.4301147460938,36327
2026-07-06 17:34:00+00:00,554.4349975585938,555.719970703125,554.4349975585938,555.0900268554688,28505
2026-07-06 17:35:00+00:00,555.2750244140625,556.25,555.0,555.3250122070312,27092
2026-07-06 17:36:00+00:00,555.2650146484375,555.4199829101562,553.5,553.5900268554688,89154
2026-07-06 17:37:00+00:00,553.72998046875,554.27001953125,553.0800170898438,553.6799926757812,45715
2026-07-06 17:38:00+00:00,553.780029296875,554.6300048828125,553.5800170898438,553.9000244140625,35587
2026-07-06 17:39:00+00:00,553.9000244140625,554.4099731445312,553.7498168945312,554.0800170898438,20502
2026-07-06 17:40:00+00:00,554.0800170898438,554.0800170898438,553.1900024414062,553.5,19226
2026-07-06 17:41:00+00:00,553.219970703125,553.7000122070312,552.77001953125,552.82568359375,37508
2026-07-06 17:42:00+00:00,552.9099731445312,553.1298828125,552.0800170898438,552.5198974609375,41447
2026-07-06 17:43:00+00:00,552.52001953125,553.6099853515625,552.3900146484375,553.2700805664062,36930
2026-07-06 17:44:00+00:00,553.4400024414062,553.8115234375,553.2000122070312,553.8115234375,22472
2026-07-06 17:45:00+00:00,553.7550048828125,553.989990234375,552.6400756835938,553.9899291992188,34253
2026-07-06 17:46:00+00:00,553.8250122070312,554.0999145507812,553.1799926757812,553.6400146484375,47825
2026-07-06 17:47:00+00:00,553.7349853515625,554.3499755859375,553.5504150390625,553.719970703125,50831
2026-07-06 17:48:00+00:00,553.6950073242188,553.9993896484375,553.364990234375,553.7620239257812,13346
2026-07-06 17:49:00+00:00,553.5599975585938,553.802978515625,553.3250122070312,553.7999877929688,17885
2026-07-06 17:50:00+00:00,553.864990234375,555.27001953125,553.4099731445312,554.7949829101562,105480
2026-07-06 17:51:00+00:00,554.9099731445312,555.1900024414062,554.4299926757812,554.5999755859375,34687
2026-07-06 17:52:00+00:00,554.5,554.8099975585938,553.6099853515625,553.708984375,24329
2026-07-06 17:53:00+00:00,553.5999755859375,554.0900268554688,553.360107421875,553.9450073242188,16678
2026-07-06 17:54:00+00:00,553.8001098632812,554.0399780273438,553.3499755859375,553.52001953125,22088
2026-07-06 17:55:00+00:00,553.760009765625,553.760009765625,552.6171264648438,552.7650146484375,23754
2026-07-06 17:56:00+00:00,552.7650146484375,553.4000244140625,552.75,552.9973754882812,26381
2026-07-06 17:57:00+00:00,553.4207763671875,553.719970703125,553.010009765625,553.5,12414
2026-07-06 17:58:00+00:00,553.3400268554688,553.5700073242188,552.6500244140625,552.9600219726562,17403
2026-07-06 17:59:00+00:00,552.969970703125,552.969970703125,551.880126953125,552.4849853515625,59979
2026-07-06 18:00:00+00:00,552.6500244140625,553.7999267578125,552.4801025390625,552.8800048828125,25089
2026-07-06 18:01:00+00:00,552.9072265625,553.5900268554688,552.5601196289062,553.469970703125,18975
2026-07-06 18:02:00+00:00,553.47998046875,554.3200073242188,553.1799926757812,553.4299926757812,37084
2026-07-06 18:03:00+00:00,553.4650268554688,554.2999877929688,553.3317260742188,553.9249877929688,23613
2026-07-06 18:04:00+00:00,553.8400268554688,554.0700073242188,553.2700805664062,553.6989135742188,15512
2026-07-06 18:05:00+00:00,553.9299926757812,554.8499755859375,553.8624267578125,554.7498779296875,30396
2026-07-06 18:06:00+00:00,554.3414916992188,554.7899780273438,553.860107421875,554.739990234375,26627
2026-07-06 18:07:00+00:00,554.7899780273438,555.510009765625,554.5800170898438,555.280029296875,28564
2026-07-06 18:08:00+00:00,555.173583984375,555.7999877929688,555.1500244140625,555.5650024414062,40098
2026-07-06 18:09:00+00:00,555.5499877929688,556.25,555.1201171875,556.25,46004
2026-07-06 18:10:00+00:00,556.25,557.0,556.0,556.489501953125,64796
2026-07-06 18:11:00+00:00,556.4299926757812,556.64990234375,555.8400268554688,556.1900024414062,28384
2026-07-06 18:12:00+00:00,556.010009765625,556.0198974609375,555.4400024414062,555.635009765625,25672
2026-07-06 18:13:00+00:00,555.7999877929688,556.1400146484375,555.1099853515625,555.13720703125,26931
2026-07-06 18:14:00+00:00,555.1749877929688,555.1900024414062,554.3880004882812,554.6799926757812,28742
2026-07-06 18:15:00+00:00,554.780029296875,555.9349975585938,554.5,555.9349975585938,24935
2026-07-06 18:16:00+00:00,556.135009765625,557.1500244140625,555.9901123046875,556.0399780273438,40608
2026-07-06 18:17:00+00:00,556.2000122070312,556.2000122070312,555.6201171875,555.6699829101562,22483
2026-07-06 18:18:00+00:00,555.5900268554688,556.5999755859375,555.360107421875,556.4600219726562,40829
2026-07-06 18:19:00+00:00,556.52001953125,557.4400024414062,556.3099975585938,557.4000244140625,40564
2026-07-06 18:20:00+00:00,557.219970703125,557.4116821289062,556.5599975585938,556.844970703125,23861
2026-07-06 18:21:00+00:00,556.6900024414062,557.5499877929688,556.6799926757812,557.2393798828125,35542
2026-07-06 18:22:00+00:00,557.22998046875,557.39990234375,556.7301025390625,557.0999755859375,28129
2026-07-06 18:23:00+00:00,557.0,557.0,556.1099853515625,556.989990234375,27470
2026-07-06 18:24:00+00:00,556.989990234375,557.2999877929688,556.5753784179688,556.9500122070312,17845
2026-07-06 18:25:00+00:00,556.8099975585938,556.8099975585938,555.8900146484375,556.4299926757812,31456
2026-07-06 18:26:00+00:00,556.52001953125,556.8499755859375,556.010009765625,556.4500122070312,18211
2026-07-06 18:27:00+00:00,556.2999877929688,556.2999877929688,554.8300170898438,555.0850219726562,37861
2026-07-06 18:28:00+00:00,555.030029296875,555.0650024414062,554.10498046875,554.4099731445312,44119
2026-07-06 18:29:00+00:00,554.6099853515625,554.7598876953125,553.8261108398438,554.3049926757812,26202
2026-07-06 18:30:00+00:00,554.1400146484375,554.3400268554688,553.2999877929688,553.9199829101562,29567
2026-07-06 18:31:00+00:00,553.7249755859375,553.9974975585938,553.4500732421875,553.6649780273438,12518
2026-07-06 18:32:00+00:00,553.530029296875,553.530029296875,552.0020141601562,552.3787841796875,44864
2026-07-06 18:33:00+00:00,552.4500122070312,552.7100219726562,552.010009765625,552.3699951171875,27141
2026-07-06 18:34:00+00:00,552.47998046875,552.6500244140625,551.8920288085938,551.9650268554688,26977
2026-07-06 18:35:00+00:00,552.019287109375,552.3489990234375,551.5601196289062,552.0650024414062,26258
2026-07-06 18:36:00+00:00,552.0700073242188,553.0399780273438,552.0399780273438,553.0399780273438,35401
2026-07-06 18:37:00+00:00,553.1699829101562,553.77001953125,553.030029296875,553.3400268554688,28316
2026-07-06 18:38:00+00:00,553.3400268554688,553.7999877929688,552.0,552.1599731445312,37661
2026-07-06 18:39:00+00:00,552.6898803710938,552.6898803710938,551.8099975585938,552.4140014648438,30564
2026-07-06 18:40:00+00:00,552.0701293945312,552.8800048828125,552.010986328125,552.8800048828125,18972
2026-07-06 18:41:00+00:00,552.72998046875,553.0399780273438,552.5499877929688,552.875,23803
2026-07-06 18:42:00+00:00,552.8200073242188,553.5,552.5499877929688,553.5,15424
2026-07-06 18:43:00+00:00,553.6099853515625,553.9290161132812,553.3300170898438,553.719970703125,21618
2026-07-06 18:44:00+00:00,553.72998046875,554.6467895507812,553.0700073242188,554.2349853515625,36237
2026-07-06 18:45:00+00:00,554.2100219726562,554.6129760742188,553.9500732421875,554.1699829101562,52230
2026-07-06 18:46:00+00:00,554.27001953125,555.5,553.701904296875,555.5,51106
2026-07-06 18:47:00+00:00,555.2899780273438,555.9199829101562,554.510009765625,554.7999877929688,57949
2026-07-06 18:48:00+00:00,554.7999877929688,555.0,554.0001220703125,554.02001953125,24854
2026-07-06 18:49:00+00:00,553.7288818359375,554.1900024414062,553.1015014648438,553.5399780273438,52061
2026-07-06 18:50:00+00:00,553.7100219726562,553.889892578125,553.02001953125,553.72998046875,26144
2026-07-06 18:51:00+00:00,553.6900024414062,553.8900146484375,553.25,553.25,21230
2026-07-06 18:52:00+00:00,553.35498046875,553.889892578125,553.010009765625,553.6199951171875,49644
2026-07-06 18:53:00+00:00,553.5700073242188,553.6400146484375,552.5023803710938,553.5223999023438,33962
2026-07-06 18:54:00+00:00,553.5399780273438,553.5399780273438,552.8599853515625,553.1400146484375,15745
2026-07-06 18:55:00+00:00,553.4099731445312,553.8900146484375,552.9801025390625,553.22998046875,20792
2026-07-06 18:56:00+00:00,553.22998046875,554.3400268554688,553.22998046875,553.7315063476562,31698
2026-07-06 18:57:00+00:00,554.0250244140625,554.23876953125,553.7999877929688,554.030029296875,19423
2026-07-06 18:58:00+00:00,554.1099853515625,554.2999877929688,553.9019775390625,554.0,17117
2026-07-06 18:59:00+00:00,554.0,554.0599975585938,553.489990234375,553.8098754882812,17687
2026-07-06 19:00:00+00:00,553.9199829101562,555.0,553.8099975585938,554.5499877929688,31842
2026-07-06 19:01:00+00:00,554.3900146484375,554.5700073242188,553.7000122070312,553.9351196289062,19099
2026-07-06 19:02:00+00:00,553.760009765625,553.9149780273438,552.9000244140625,553.0499877929688,32003
2026-07-06 19:03:00+00:00,552.9650268554688,553.239990234375,552.7100219726562,552.9749755859375,26006
2026-07-06 19:04:00+00:00,552.7100219726562,553.3200073242188,552.7100219726562,553.02001953125,18964
2026-07-06 19:05:00+00:00,553.02001953125,553.77001953125,553.0,553.3499755859375,22209
2026-07-06 19:06:00+00:00,553.7100219726562,553.739990234375,552.780029296875,553.4349975585938,25860
2026-07-06 19:07:00+00:00,553.4550170898438,553.9099731445312,553.0,553.0001220703125,24167
2026-07-06 19:08:00+00:00,553.1599731445312,553.7100219726562,552.97998046875,553.7100219726562,20042
2026-07-06 19:09:00+00:00,553.60498046875,554.1500244140625,553.5,553.7899780273438,30339
2026-07-06 19:10:00+00:00,553.9099731445312,554.6099853515625,553.8900756835938,554.5800170898438,36831
2026-07-06 19:11:00+00:00,554.260009765625,554.9400024414062,554.1434936523438,554.6799926757812,33845
2026-07-06 19:12:00+00:00,554.969970703125,555.989990234375,554.7750244140625,555.6749877929688,52528
2026-07-06 19:13:00+00:00,555.97998046875,556.1099243164062,555.3001098632812,555.8900146484375,45115
2026-07-06 19:14:00+00:00,555.9600219726562,556.0,554.6199951171875,554.8400268554688,42274
2026-07-06 19:15:00+00:00,554.864990234375,555.1849975585938,554.3699951171875,555.1849975585938,27169
2026-07-06 19:16:00+00:00,555.3599243164062,555.5399780273438,554.8099975585938,554.8201293945312,26641
2026-07-06 19:17:00+00:00,554.969970703125,556.239990234375,554.9000244140625,555.9000244140625,34485
2026-07-06 19:18:00+00:00,556.0999755859375,556.467529296875,555.4199829101562,555.4500122070312,42273
2026-07-06 19:19:00+00:00,555.5,555.8699951171875,555.2100219726562,555.7799072265625,27241
2026-07-06 19:20:00+00:00,555.780029296875,556.25,555.22998046875,555.8800048828125,25262
2026-07-06 19:21:00+00:00,555.9000244140625,556.4598999023438,555.739990234375,556.2429809570312,21844
2026-07-06 19:22:00+00:00,556.1400146484375,556.4000244140625,555.8900146484375,555.9000244140625,35530
2026-07-06 19:23:00+00:00,555.8900146484375,556.8900146484375,555.8900146484375,556.4492797851562,46894
2026-07-06 19:24:00+00:00,556.4600219726562,557.47998046875,556.3800048828125,556.719970703125,53030
2026-07-06 19:25:00+00:00,556.6599731445312,556.8900146484375,555.97998046875,556.2650146484375,44582
2026-07-06 19:26:00+00:00,556.2650146484375,556.3270874023438,555.3499755859375,555.6901245117188,48678
2026-07-06 19:27:00+00:00,555.8099975585938,555.989990234375,555.469970703125,555.6900024414062,132016
2026-07-06 19:28:00+00:00,555.739990234375,556.7199096679688,555.5800170898438,556.5750122070312,53253
2026-07-06 19:29:00+00:00,556.5750122070312,556.8499755859375,556.0499877929688,556.2349853515625,42984
2026-07-06 19:30:00+00:00,556.3800048828125,556.6500244140625,555.0900268554688,555.1199951171875,63672
2026-07-06 19:31:00+00:00,555.4400024414062,555.5399780273438,553.30810546875,555.0800170898438,67701
2026-07-06 19:32:00+00:00,554.8900146484375,555.6099853515625,554.7000122070312,555.3400268554688,28834
2026-07-06 19:33:00+00:00,555.3300170898438,556.219970703125,555.0,556.0,34067
2026-07-06 19:34:00+00:00,556.1500244140625,556.9500122070312,556.0,556.8150024414062,33339
2026-07-06 19:35:00+00:00,556.8150024414062,557.2208251953125,556.4199829101562,556.6212158203125,39211
2026-07-06 19:36:00+00:00,556.8099975585938,556.8099975585938,555.4199829101562,555.8779907226562,46258
2026-07-06 19:37:00+00:00,555.7849731445312,556.77001953125,555.6400146484375,555.907470703125,39640
2026-07-06 19:38:00+00:00,555.8933715820312,556.2698974609375,555.7999877929688,556.0800170898438,23635
2026-07-06 19:39:00+00:00,556.1400146484375,556.1900024414062,555.7000122070312,555.7000122070312,29258
2026-07-06 19:40:00+00:00,555.5800170898438,556.7899780273438,555.4401245117188,556.5401000976562,34527
2026-07-06 19:41:00+00:00,556.7899780273438,558.469970703125,556.6699829101562,558.3699951171875,64544
2026-07-06 19:42:00+00:00,558.5,558.9500122070312,557.5499877929688,557.6849975585938,52502
2026-07-06 19:43:00+00:00,557.8400268554688,558.0,557.3200073242188,557.5599975585938,32968
2026-07-06 19:44:00+00:00,557.3699951171875,557.7100219726562,557.3200073242188,557.3400268554688,29878
2026-07-06 19:45:00+00:00,557.4550170898438,558.469970703125,557.4550170898438,558.25,42567
2026-07-06 19:46:00+00:00,558.3200073242188,558.3499755859375,557.8400268554688,557.9500122070312,37035
2026-07-06 19:47:00+00:00,558.0599975585938,558.5,557.75,558.1793823242188,45278
2026-07-06 19:48:00+00:00,558.0900268554688,558.2617797851562,557.1099853515625,557.6799926757812,57440
2026-07-06 19:49:00+00:00,557.489990234375,558.0999755859375,557.489990234375,557.6945190429688,37644
2026-07-06 19:50:00+00:00,557.47998046875,557.5999755859375,554.4000244140625,554.4000244140625,118269
2026-07-06 19:51:00+00:00,554.9000244140625,555.969970703125,554.5,554.6900024414062,101865
2026-07-06 19:52:00+00:00,554.6900024414062,554.8690185546875,553.6199951171875,553.72998046875,80392
2026-07-06 19:53:00+00:00,553.97998046875,554.60498046875,553.3400268554688,553.9600219726562,81987
2026-07-06 19:54:00+00:00,553.7899780273438,554.5999755859375,553.4199829101562,553.969970703125,105738
2026-07-06 19:55:00+00:00,553.5,553.5,552.1099853515625,553.0900268554688,180050
2026-07-06 19:56:00+00:00,552.9299926757812,553.2899780273438,552.6199951171875,552.8099975585938,91908
2026-07-06 19:57:00+00:00,552.75,554.0805053710938,552.6599731445312,553.030029296875,142119
2026-07-06 19:58:00+00:00,553.02001953125,553.1649780273438,552.114990234375,552.739990234375,175274
2026-07-06 19:59:00+00:00,552.7999877929688,553.030029296875,551.4000244140625,551.9500122070312,430492
2026-07-06 20:00:00+00:00,552.05,552.7005,551.69,551.6993,2818841
2026-07-06 20:01:00+00:00,551.52,551.7,551.0,551.1151,0
2026-07-06 20:02:00+00:00,551.02,551.9,551.01,551.3,0
2026-07-06 20:03:00+00:00,551.3,552.05,551.2337,551.5,0
2026-07-06 20:04:00+00:00,551.45,552.05,551.15,551.3,0
2026-07-06 20:05:00+00:00,551.285,551.45,551.12,551.29,0
2026-07-06 20:06:00+00:00,551.4499,552.05,551.12,551.4462,0
2026-07-06 20:07:00+00:00,551.47,552.05,537.37,552.05,0
2026-07-06 20:08:00+00:00,551.38,551.55,551.3,551.3,0
2026-07-06 20:09:00+00:00,551.355,551.55,550.7639,551.53,0
2026-07-06 20:10:00+00:00,550.7,552.05,550.7,551.45,0
2026-07-06 20:11:00+00:00,551.4175,551.45,551.2,551.4437,0
2026-07-06 20:12:00+00:00,551.43,551.99,550.83,551.672,0
2026-07-06 20:13:00+00:00,551.93,553.0,551.93,552.51,0
2026-07-06 20:14:00+00:00,552.755,553.0,552.21,552.58,0
2026-07-06 20:15:00+00:00,552.605,553.0,552.52,553.0,0
2026-07-06 20:16:00+00:00,552.7,552.988,552.5,552.555,0
2026-07-06 20:17:00+00:00,552.8103,552.8103,552.21,552.36,0
2026-07-06 20:18:00+00:00,552.49,552.5,551.0,552.12,0
2026-07-06 20:19:00+00:00,551.605,552.45,551.0,552.4488,0
2026-07-06 20:20:00+00:00,551.96,552.05,551.42,551.42,0
2026-07-06 20:21:00+00:00,551.79,551.99,551.42,551.99,0
2026-07-06 20:22:00+00:00,551.9777,552.0886,551.2012,551.95,0
2026-07-06 20:23:00+00:00,551.94,551.94,551.2765,551.6,0
2026-07-06 20:24:00+00:00,551.575,552.0,551.24,552.0,0
2026-07-06 20:25:00+00:00,552.0,552.82,551.7262,551.95,0
2026-07-06 20:26:00+00:00,552.82,552.82,551.43,552.0,0
2026-07-06 20:27:00+00:00,552.4,552.82,551.5,552.09,0
2026-07-06 20:28:00+00:00,552.4,552.82,551.533,551.8021,0
2026-07-06 20:29:00+00:00,552.82,552.82,551.65,552.44,0
2026-07-06 20:30:00+00:00,552.375,552.5,552.26,552.4,0
2026-07-06 20:31:00+00:00,552.2782,552.7082,552.25,552.375,0
2026-07-06 20:32:00+00:00,552.5,552.5,552.05,552.25,0
2026-07-06 20:33:00+00:00,552.5,552.5,552.1,552.1,0
2026-07-06 20:34:00+00:00,552.3,552.5,552.1,552.5,0
2026-07-06 20:35:00+00:00,552.48,552.72,552.15,552.72,0
2026-07-06 20:36:00+00:00,552.49,552.65,552.15,552.1642,0
2026-07-06 20:37:00+00:00,552.72,552.72,552.15,552.55,0
2026-07-06 20:38:00+00:00,552.3,552.72,552.3,552.31,0
2026-07-06 20:39:00+00:00,552.52,552.75,552.5,552.61,0
2026-07-06 20:40:00+00:00,552.65,552.82,552.5,552.75,0
2026-07-06 20:41:00+00:00,552.5,553.0,552.5,552.51,0
2026-07-06 20:42:00+00:00,552.75,553.0,552.565,552.574,0
2026-07-06 20:43:00+00:00,552.7,552.935,552.51,552.52,0
2026-07-06 20:44:00+00:00,552.755,553.0,552.51,552.62,0
2026-07-06 20:45:00+00:00,552.75,553.0,552.58,552.6517,0
2026-07-06 20:46:00+00:00,552.77,553.0,552.66,552.82,0
2026-07-06 20:47:00+00:00,552.82,553.0,552.65,552.65,0
2026-07-06 20:48:00+00:00,552.755,552.8587,552.5,552.5,0
2026-07-06 20:49:00+00:00,552.59,552.6,552.16,552.16,0
2026-07-06 20:50:00+00:00,552.375,552.6,552.15,552.5415,0
2026-07-06 20:51:00+00:00,552.16,552.59,552.16,552.375,0
2026-07-06 20:52:00+00:00,552.59,552.6,552.05,552.3,0
2026-07-06 20:53:00+00:00,552.15,552.59,552.05,552.05,0
2026-07-06 20:54:00+00:00,552.2172,552.7,552.2172,552.6,0
2026-07-06 20:55:00+00:00,552.7,552.8,552.605,552.75,0
2026-07-06 20:56:00+00:00,552.72,553.7555,552.71,553.7555,0
2026-07-06 20:57:00+00:00,552.8,553.78,552.8,553.23,0
2026-07-06 20:58:00+00:00,553.37,553.7,553.24,553.29,0
2026-07-06 20:59:00+00:00,553.485,553.68,553.0,553.68,0
2026-07-06 21:00:00+00:00,553.0,553.4,553.0,553.1,0
2026-07-06 21:01:00+00:00,553.435,553.5,553.25,553.25,0
2026-07-06 21:02:00+00:00,553.19,553.5,553.01,553.01,0
2026-07-06 21:03:00+00:00,553.34,553.5,553.22,553.35,0
2026-07-06 21:04:00+00:00,553.34,553.5,553.0,553.25,0
2026-07-06 21:05:00+00:00,553.5,553.5,553.0,553.45,0
2026-07-06 21:06:00+00:00,553.5,553.5,553.3803,553.49,0
2026-07-06 21:07:00+00:00,553.44,553.78,553.44,553.6,0
2026-07-06 21:08:00+00:00,553.4842,553.78,553.4842,553.73,0
2026-07-06 21:09:00+00:00,553.63,553.89,553.63,553.89,0
2026-07-06 21:10:00+00:00,553.88,554.0,553.81,553.9702,0
2026-07-06 21:11:00+00:00,553.89,553.97,553.4582,553.6,0
2026-07-06 21:12:00+00:00,553.6,553.95,553.6,553.875,0
2026-07-06 21:13:00+00:00,553.76,553.91,553.76,553.885,0
2026-07-06 21:14:00+00:00,553.89,553.99,553.45,553.715,0
2026-07-06 21:15:00+00:00,553.715,553.9409,553.5268,553.74,0
2026-07-06 21:16:00+00:00,553.74,553.9296,553.48,553.8,0
2026-07-06 21:17:00+00:00,553.76,553.99,552.05,553.87,0
2026-07-06 21:18:00+00:00,553.88,553.99,553.75,553.75,0
2026-07-06 21:19:00+00:00,553.87,553.99,553.76,553.76,0
2026-07-06 21:20:00+00:00,554.0,554.3,553.99,554.155,0
2026-07-06 21:21:00+00:00,554.2,554.5,553.99,554.4226,0
2026-07-06 21:22:00+00:00,554.5,555.0,553.99,554.61,0
2026-07-06 21:23:00+00:00,554.5,555.0,554.22,554.9025,0
2026-07-06 21:24:00+00:00,554.625,555.0,554.2687,554.2687,0
2026-07-06 21:25:00+00:00,554.7,554.9,552.05,554.575,0
2026-07-06 21:26:00+00:00,554.52,554.9,554.25,554.5,0
2026-07-06 21:27:00+00:00,554.5,554.58,554.3,554.5,0
2026-07-06 21:28:00+00:00,554.42,554.8997,554.3,554.78,0
2026-07-06 21:29:00+00:00,554.3,554.7,554.3,554.3001,0
2026-07-06 21:30:00+00:00,554.9,554.9,554.3,554.54,0
2026-07-06 21:31:00+00:00,554.405,554.74,554.25,554.25,0
2026-07-06 21:32:00+00:00,554.57,554.9,554.46,554.46,0
2026-07-06 21:33:00+00:00,554.46,554.81,554.25,554.4639,0
2026-07-06 21:34:00+00:00,554.51,554.7765,554.25,554.25,0
2026-07-06 21:35:00+00:00,554.575,554.9,554.25,554.9,0
2026-07-06 21:36:00+00:00,554.46,554.9,552.05,554.9,0
2026-07-06 21:37:00+00:00,554.75,554.75,554.6,554.675,0
2026-07-06 21:38:00+00:00,554.6,554.77,554.6,554.675,0
2026-07-06 21:39:00+00:00,554.7,554.9,554.7,554.8,0
2026-07-06 21:40:00+00:00,554.7,554.8837,554.25,554.25,0
2026-07-06 21:41:00+00:00,554.2501,554.9,554.2501,554.6,0
2026-07-06 21:42:00+00:00,554.3,554.99,554.3,554.99,0
2026-07-06 21:43:00+00:00,554.9975,554.9975,554.805,554.805,0
2026-07-06 21:44:00+00:00,554.8,554.9999,554.61,554.65,0
2026-07-06 21:45:00+00:00,554.85,554.99,554.8,554.93,0
2026-07-06 21:46:00+00:00,554.93,554.984,554.69,554.825,0
2026-07-06 21:47:00+00:00,554.83,554.9999,554.3,554.48,0
2026-07-06 21:48:00+00:00,554.47,554.8,552.05,554.56,0
2026-07-06 21:49:00+00:00,554.4512,554.595,554.36,554.595,0
2026-07-06 21:50:00+00:00,554.55,554.75,554.47,554.5,0
2026-07-06 21:51:00+00:00,554.25,554.65,554.25,554.25,0
2026-07-06 21:52:00+00:00,554.64,554.64,554.25,554.25,0
2026-07-06 21:53:00+00:00,554.5,554.5,554.25,554.25,0
2026-07-06 21:54:00+00:00,554.3744,554.45,554.25,554.35,0
2026-07-06 21:55:00+00:00,554.35,554.4488,554.31,554.35,0
2026-07-06 21:56:00+00:00,554.33,554.4499,554.276,554.35,0
2026-07-06 21:57:00+00:00,554.276,554.45,554.2647,554.43,0
2026-07-06 21:58:00+00:00,554.355,554.49,554.3107,554.3107,0
2026-07-06 21:59:00+00:00,554.45,554.65,554.35,554.35,0
2026-07-06 22:00:00+00:00,554.65,554.65,553.99,554.086,0
2026-07-06 22:01:00+00:00,554.58,554.65,554.0,554.3,0
2026-07-06 22:02:00+00:00,554.3,554.49,554.3,554.325,0
2026-07-06 22:03:00+00:00,554.116,554.65,554.0,554.1477,0
2026-07-06 22:04:00+00:00,554.44,554.45,554.0,554.45,0
2026-07-06 22:05:00+00:00,554.3,554.49,554.0,554.25,0
2026-07-06 22:06:00+00:00,554.01,554.01,553.8,553.875,0
2026-07-06 22:07:00+00:00,553.75,553.875,553.5,553.65,0
2026-07-06 22:08:00+00:00,553.63,553.691,553.48,553.615,0
2026-07-06 22:09:00+00:00,553.615,553.75,553.5,553.615,0
2026-07-06 22:10:00+00:00,553.69,553.96,553.5,553.96,0
2026-07-06 22:11:00+00:00,553.96,554.0,553.48,553.97,0
2026-07-06 22:12:00+00:00,553.96,553.9999,553.48,553.9999,0
2026-07-06 22:13:00+00:00,553.999,554.0,553.48,553.77,0
2026-07-06 22:14:00+00:00,553.74,553.9988,553.48,553.48,0
2026-07-06 22:15:00+00:00,553.84,553.96,553.576,553.576,0
2026-07-06 22:16:00+00:00,553.86,553.86,553.48,553.51,0
2026-07-06 22:17:00+00:00,553.69,553.96,553.48,553.96,0
2026-07-06 22:18:00+00:00,553.95,554.05,553.7065,553.93,0
2026-07-06 22:19:00+00:00,554.2804,554.4,553.96,553.96,0
2026-07-06 22:20:00+00:00,554.4,554.4,553.97,554.1,0
2026-07-06 22:21:00+00:00,554.1,554.4988,554.0,554.2,0
2026-07-06 22:22:00+00:00,554.4563,554.49,554.0,554.29,0
2026-07-06 22:23:00+00:00,554.4,554.48,554.25,554.48,0
2026-07-06 22:24:00+00:00,554.27,554.49,554.25,554.25,0
2026-07-06 22:25:00+00:00,554.3,554.4575,554.2725,554.4575,0
2026-07-06 22:26:00+00:00,554.365,554.49,554.07,554.26,0
2026-07-06 22:27:00+00:00,554.26,554.42,554.0,554.1,0
2026-07-06 22:28:00+00:00,554.42,554.49,554.01,554.2,0
2026-07-06 22:29:00+00:00,554.4095,554.4095,554.05,554.14,0
2026-07-06 22:30:00+00:00,554.205,554.41,553.8199,554.05,0
2026-07-06 22:31:00+00:00,554.05,554.1,553.75,553.9,0
2026-07-06 22:32:00+00:00,553.765,554.3488,553.75,554.29,0
2026-07-06 22:33:00+00:00,554.05,554.13,554.05,554.05,0
2026-07-06 22:34:00+00:00,553.85,554.12,553.75,553.75,0
2026-07-06 22:35:00+00:00,554.01,554.71,554.01,554.71,0
2026-07-06 22:36:00+00:00,554.6,554.72,554.22,554.72,0
2026-07-06 22:37:00+00:00,554.22,555.0,554.2001,554.59,0
2026-07-06 22:38:00+00:00,555.0,555.0,554.5,554.5,0
2026-07-06 22:39:00+00:00,555.0,555.0,554.51,554.72,0
2026-07-06 22:40:00+00:00,554.6,554.78,554.51,554.78,0
2026-07-06 22:41:00+00:00,554.617,554.9988,554.56,554.85,0
2026-07-06 22:42:00+00:00,554.85,555.0,554.75,554.875,0
2026-07-06 22:43:00+00:00,554.88,555.0,554.0,554.0,0
2026-07-06 22:44:00+00:00,554.0,554.8375,553.75,553.75,0
2026-07-06 22:45:00+00:00,554.0,555.0,553.55,553.6776,0
2026-07-06 22:46:00+00:00,553.55,555.0,553.0,553.0,0
2026-07-06 22:47:00+00:00,552.995,553.035,552.59,552.64,0
2026-07-06 22:48:00+00:00,552.7548,553.48,552.59,552.8,0
2026-07-06 22:49:00+00:00,553.035,553.48,552.59,552.59,0
2026-07-06 22:50:00+00:00,553.14,553.14,552.59,552.7057,0
2026-07-06 22:51:00+00:00,553.03,553.48,552.61,552.88,0
2026-07-06 22:52:00+00:00,553.3,553.3,552.59,553.035,0
2026-07-06 22:53:00+00:00,552.64,552.7076,552.25,552.25,0
2026-07-06 22:54:00+00:00,552.26,553.0765,552.25,552.25,0
2026-07-06 22:55:00+00:00,552.28,552.75,551.23,551.4,0
2026-07-06 22:56:00+00:00,551.65,551.68,551.2412,551.56,0
2026-07-06 22:57:00+00:00,551.31,551.72,551.23,551.23,0
2026-07-06 22:58:00+00:00,551.99,551.99,551.36,551.4042,0
2026-07-06 22:59:00+00:00,551.7,551.9999,551.36,551.36,0
2026-07-06 23:00:00+00:00,551.56,552.0,551.45,551.54,0
2026-07-06 23:01:00+00:00,551.725,552.0507,551.45,551.725,0
2026-07-06 23:02:00+00:00,551.59,552.25,551.51,552.25,0
2026-07-06 23:03:00+00:00,552.39,553.4465,551.45,552.8,0
2026-07-06 23:04:00+00:00,552.4604,553.4,552.35,552.75,0
2026-07-06 23:05:00+00:00,552.63,553.0,552.0,552.4,0
2026-07-06 23:06:00+00:00,552.44,552.75,552.0,552.0,0
2026-07-06 23:07:00+00:00,552.156,552.6,552.0,552.6,0
2026-07-06 23:08:00+00:00,552.37,552.6,552.0,552.0,0
2026-07-06 23:09:00+00:00,552.2,552.36,551.5,552.07,0
2026-07-06 23:10:00+00:00,551.643,552.5445,551.5,551.71,0
2026-07-06 23:11:00+00:00,552.06,552.2,551.5,552.0,0
2026-07-06 23:12:00+00:00,552.0,552.17,552.0,552.0,0
2026-07-06 23:13:00+00:00,551.97,552.0,551.5,551.78,0
2026-07-06 23:14:00+00:00,552.0,552.26,551.0,551.0,0
2026-07-06 23:15:00+00:00,551.35,551.5,551.01,551.1687,0
2026-07-06 23:16:00+00:00,551.01,551.48,551.0,551.2,0
2026-07-06 23:17:00+00:00,551.01,551.39,551.01,551.07,0
2026-07-06 23:18:00+00:00,551.13,551.2,550.63,550.63,0
2026-07-06 23:19:00+00:00,550.63,551.1857,550.5,550.5065,0
2026-07-06 23:20:00+00:00,550.5,550.805,550.35,550.73,0
2026-07-06 23:21:00+00:00,550.73,551.25,550.35,550.5,0
2026-07-06 23:22:00+00:00,550.95,551.283,550.5,550.5,0
2026-07-06 23:23:00+00:00,550.77,552.26,550.5,552.26,0
2026-07-06 23:24:00+00:00,551.0,551.38,550.94,551.37,0
2026-07-06 23:25:00+00:00,551.358,551.5,550.5,551.0,0
2026-07-06 23:26:00+00:00,551.0,551.5,551.0,551.5,0
2026-07-06 23:27:00+00:00,550.7038,551.45,550.54,551.38,0
2026-07-06 23:28:00+00:00,551.45,551.8,550.54,551.21,0
2026-07-06 23:29:00+00:00,551.42,551.8,551.02,551.02,0
2026-07-06 23:30:00+00:00,551.03,551.8,550.65,551.18,0
2026-07-06 23:31:00+00:00,551.4,551.4,550.5715,551.2,0
2026-07-06 23:32:00+00:00,551.145,551.7197,550.54,551.0,0
2026-07-06 23:33:00+00:00,550.91,551.21,550.77,551.05,0
2026-07-06 23:34:00+00:00,550.795,551.75,550.69,551.75,0
2026-07-06 23:35:00+00:00,550.69,551.17,550.6,551.17,0
2026-07-06 23:36:00+00:00,551.12,551.18,550.35,550.46,0
2026-07-06 23:37:00+00:00,550.4333,550.5,550.2,550.23,0
2026-07-06 23:38:00+00:00,550.2,550.6986,550.02,550.2,0
2026-07-06 23:39:00+00:00,550.56,550.75,550.28,550.28,0
2026-07-06 23:40:00+00:00,550.59,550.72,550.2735,550.2735,0
2026-07-06 23:41:00+00:00,550.2316,550.27,550.0,550.05,0
2026-07-06 23:42:00+00:00,550.27,550.27,550.0,550.04,0
2026-07-06 23:43:00+00:00,550.13,550.2699,550.0,550.0001,0
2026-07-06 23:44:00+00:00,550.0,550.4,550.0,550.01,0
2026-07-06 23:45:00+00:00,550.2,550.9,550.0,550.0975,0
2026-07-06 23:46:00+00:00,550.0,550.38,549.22,549.22,0
2026-07-06 23:47:00+00:00,549.2,549.9775,549.15,549.33,0
2026-07-06 23:48:00+00:00,549.3293,549.85,549.15,549.5,0
2026-07-06 23:49:00+00:00,549.5,549.7837,549.15,549.2678,0
2026-07-06 23:50:00+00:00,549.51,549.8,549.15,549.15,0
2026-07-06 23:51:00+00:00,549.8,549.8,549.15,549.5,0
2026-07-06 23:52:00+00:00,549.2085,550.15,549.15,549.59,0
2026-07-06 23:53:00+00:00,549.75,550.76,549.2,549.2,0
2026-07-06 23:54:00+00:00,549.23,550.0,549.21,549.718,0
2026-07-06 23:55:00+00:00,549.4,550.0,549.25,549.2954,0
2026-07-06 23:56:00+00:00,549.31,550.0,549.25,549.25,0
2026-07-06 23:57:00+00:00,549.25,550.0,549.25,549.31,0
2026-07-06 23:58:00+00:00,549.5,549.99,548.75,549.09,0
2026-07-06 23:59:00+00:00,549.09,549.15,548.53,549.15,0
