date,open,high,low,close,volume
2026-06-08 08:00:00+00:00,3.41,3.5,3.37,3.38,0
2026-06-08 08:01:00+00:00,3.38,3.49,3.38,3.41,0
2026-06-08 08:06:00+00:00,3.37,3.37,3.37,3.37,0
2026-06-08 08:08:00+00:00,3.37,3.37,3.37,3.37,0
2026-06-08 08:09:00+00:00,3.37,3.37,3.37,3.37,0
2026-06-08 08:11:00+00:00,3.45,3.45,3.45,3.45,0
2026-06-08 08:13:00+00:00,3.3614,3.3614,3.3614,3.3614,0
2026-06-08 08:21:00+00:00,3.34,3.34,3.34,3.34,0
2026-06-08 08:22:00+00:00,3.35,3.36,3.35,3.36,0
2026-06-08 08:26:00+00:00,3.35,3.35,3.35,3.35,0
2026-06-08 08:29:00+00:00,3.36,3.36,3.36,3.36,0
2026-06-08 08:30:00+00:00,3.35,3.35,3.35,3.35,0
2026-06-08 08:31:00+00:00,3.35,3.35,3.35,3.35,0
2026-06-08 08:42:00+00:00,3.36,3.36,3.36,3.36,0
2026-06-08 08:52:00+00:00,3.37,3.37,3.37,3.37,0
2026-06-08 08:53:00+00:00,3.38,3.38,3.38,3.38,0
2026-06-08 09:16:00+00:00,3.3719,3.3719,3.3719,3.3719,0
2026-06-08 09:24:00+00:00,3.37,3.37,3.37,3.37,0
2026-06-08 09:29:00+00:00,3.3717,3.3717,3.3717,3.3717,0
2026-06-08 09:33:00+00:00,3.3711,3.3711,3.3711,3.3711,0
2026-06-08 10:04:00+00:00,3.38,3.38,3.38,3.38,0
2026-06-08 10:08:00+00:00,3.38,3.38,3.38,3.38,0
2026-06-08 10:22:00+00:00,3.39,3.39,3.39,3.39,0
2026-06-08 10:26:00+00:00,3.39,3.39,3.39,3.39,0
2026-06-08 10:34:00+00:00,3.38,3.38,3.38,3.38,0
2026-06-08 10:37:00+00:00,3.37,3.37,3.37,3.37,0
2026-06-08 10:58:00+00:00,3.37,3.37,3.37,3.37,0
2026-06-08 11:00:00+00:00,3.3887,3.3887,3.38,3.38,0
2026-06-08 11:01:00+00:00,3.3807,3.3819,3.3807,3.3819,0
2026-06-08 11:08:00+00:00,3.37,3.37,3.36,3.36,0
2026-06-08 11:09:00+00:00,3.36,3.3702,3.36,3.3702,0
2026-06-08 11:10:00+00:00,3.3602,3.37,3.36,3.36,0
2026-06-08 11:11:00+00:00,3.352,3.352,3.352,3.352,0
2026-06-08 11:12:00+00:00,3.35,3.3599,3.35,3.3599,0
2026-06-08 11:14:00+00:00,3.352,3.352,3.352,3.352,0
2026-06-08 11:16:00+00:00,3.35,3.35,3.35,3.35,0
2026-06-08 11:18:00+00:00,3.3498,3.3498,3.3498,3.3498,0
2026-06-08 11:19:00+00:00,3.3418,3.3427,3.3418,3.3427,0
2026-06-08 11:21:00+00:00,3.35,3.35,3.3427,3.3427,0
2026-06-08 11:22:00+00:00,3.35,3.35,3.35,3.35,0
2026-06-08 11:23:00+00:00,3.35,3.35,3.3499,3.35,0
2026-06-08 11:24:00+00:00,3.3525,3.3525,3.3525,3.3525,0
2026-06-08 11:27:00+00:00,3.35,3.35,3.35,3.35,0
2026-06-08 11:30:00+00:00,3.35,3.35,3.35,3.35,0
2026-06-08 11:32:00+00:00,3.3402,3.3402,3.3402,3.3402,0
2026-06-08 11:39:00+00:00,3.3403,3.3403,3.3403,3.3403,0
2026-06-08 11:41:00+00:00,3.34,3.34,3.34,3.34,0
2026-06-08 11:46:00+00:00,3.34,3.34,3.34,3.34,0
2026-06-08 11:47:00+00:00,3.35,3.3509,3.35,3.3509,0
2026-06-08 11:49:00+00:00,3.352,3.352,3.352,3.352,0
2026-06-08 11:50:00+00:00,3.3503,3.3503,3.3503,3.3503,0
2026-06-08 11:53:00+00:00,3.35,3.3503,3.35,3.3503,0
2026-06-08 11:55:00+00:00,3.3503,3.3503,3.3503,3.3503,0
2026-06-08 11:59:00+00:00,3.35,3.35,3.35,3.35,0
2026-06-08 12:02:00+00:00,3.35,3.35,3.34,3.3427,0
2026-06-08 12:03:00+00:00,3.34,3.34,3.34,3.34,0
2026-06-08 12:04:00+00:00,3.34,3.34,3.34,3.34,0
2026-06-08 12:06:00+00:00,3.3402,3.3402,3.3402,3.3402,0
2026-06-08 12:08:00+00:00,3.3402,3.3402,3.3402,3.3402,0
2026-06-08 12:11:00+00:00,3.3497,3.3497,3.3497,3.3497,0
2026-06-08 12:12:00+00:00,3.3402,3.3402,3.3402,3.3402,0
2026-06-08 12:15:00+00:00,3.3413,3.3413,3.34,3.34,0
2026-06-08 12:19:00+00:00,3.34,3.34,3.34,3.34,0
2026-06-08 12:22:00+00:00,3.3219,3.3219,3.3203,3.3203,0
2026-06-08 12:25:00+00:00,3.312,3.32,3.312,3.32,0
2026-06-08 12:29:00+00:00,3.31,3.31,3.3,3.3,0
2026-06-08 12:31:00+00:00,3.3112,3.3112,3.3112,3.3112,0
2026-06-08 12:33:00+00:00,3.3,3.3,3.3,3.3,0
2026-06-08 12:35:00+00:00,3.3097,3.3097,3.3097,3.3097,0
2026-06-08 12:40:00+00:00,3.3021,3.3021,3.3021,3.3021,0
2026-06-08 12:41:00+00:00,3.3027,3.3027,3.3,3.3002,0
2026-06-08 12:46:00+00:00,3.3,3.3,3.3,3.3,0
2026-06-08 12:48:00+00:00,3.3097,3.3097,3.3097,3.3097,0
2026-06-08 12:53:00+00:00,3.31,3.31,3.31,3.31,0
2026-06-08 12:58:00+00:00,3.31,3.31,3.31,3.31,0
2026-06-08 12:59:00+00:00,3.31,3.31,3.31,3.31,0
2026-06-08 13:00:00+00:00,3.31,3.31,3.3,3.3,0
2026-06-08 13:01:00+00:00,3.3,3.3,3.3,3.3,0
2026-06-08 13:05:00+00:00,3.2905,3.2905,3.2905,3.2905,0
2026-06-08 13:07:00+00:00,3.29,3.29,3.29,3.29,0
2026-06-08 13:09:00+00:00,3.28,3.28,3.27,3.27,0
2026-06-08 13:10:00+00:00,3.28,3.28,3.28,3.28,0
2026-06-08 13:12:00+00:00,3.28,3.29,3.28,3.29,0
2026-06-08 13:13:00+00:00,3.2801,3.2801,3.2801,3.2801,0
2026-06-08 13:17:00+00:00,3.28,3.2823,3.28,3.2823,0
2026-06-08 13:18:00+00:00,3.2823,3.2823,3.2823,3.2823,0
2026-06-08 13:22:00+00:00,3.29,3.29,3.2897,3.2897,0
2026-06-08 13:23:00+00:00,3.2803,3.2803,3.2803,3.2803,0
2026-06-08 13:25:00+00:00,3.28,3.28,3.28,3.28,0
2026-06-08 13:27:00+00:00,3.28,3.3,3.28,3.3,0
2026-06-08 13:30:00+00:00,3.325000047683716,3.3499999046325684,3.309999942779541,3.3299999237060547,744102
2026-06-08 13:31:00+00:00,3.3299999237060547,3.3399999141693115,3.319999933242798,3.3397998809814453,58688
2026-06-08 13:32:00+00:00,3.3299999237060547,3.3399999141693115,3.325000047683716,3.3399999141693115,118785
2026-06-08 13:33:00+00:00,3.339900016784668,3.339900016784668,3.309999942779541,3.3299999237060547,81259
2026-06-08 13:34:00+00:00,3.3299999237060547,3.3299999237060547,3.319999933242798,3.325000047683716,49945
2026-06-08 13:35:00+00:00,3.325000047683716,3.3299999237060547,3.309999942779541,3.3101000785827637,114601
2026-06-08 13:36:00+00:00,3.31850004196167,3.31850004196167,3.299999952316284,3.305000066757202,131957
2026-06-08 13:37:00+00:00,3.305000066757202,3.305000066757202,3.2899999618530273,3.299999952316284,60674
2026-06-08 13:38:00+00:00,3.2950000762939453,3.2950000762939453,3.27020001411438,3.289900064468384,57890
2026-06-08 13:39:00+00:00,3.2899999618530273,3.3187999725341797,3.2899999618530273,3.3187999725341797,44200
2026-06-08 13:40:00+00:00,3.315000057220459,3.319999933242798,3.309999942779541,3.309999942779541,56362
2026-06-08 13:41:00+00:00,3.3101000785827637,3.315000057220459,3.309999942779541,3.315000057220459,9552
2026-06-08 13:42:00+00:00,3.315000057220459,3.315000057220459,3.290299892425537,3.290299892425537,36280
2026-06-08 13:43:00+00:00,3.2899999618530273,3.2999000549316406,3.2850000858306885,3.2999000549316406,57648
2026-06-08 13:44:00+00:00,3.299999952316284,3.305000066757202,3.2799999713897705,3.2915000915527344,97180
2026-06-08 13:45:00+00:00,3.29010009765625,3.2950000762939453,3.2899999618530273,3.29010009765625,15212
2026-06-08 13:46:00+00:00,3.2899999618530273,3.2899999618530273,3.2799999713897705,3.2799999713897705,41210
2026-06-08 13:47:00+00:00,3.2799999713897705,3.2850000858306885,3.279900074005127,3.2850000858306885,57212
2026-06-08 13:48:00+00:00,3.2850000858306885,3.2950000762939453,3.2799999713897705,3.2950000762939453,77109
2026-06-08 13:49:00+00:00,3.2950000762939453,3.300100088119507,3.2950000762939453,3.2950000762939453,47937
2026-06-08 13:50:00+00:00,3.299999952316284,3.299999952316284,3.299999952316284,3.299999952316284,39781
2026-06-08 13:51:00+00:00,3.315000057220459,3.319999933242798,3.299999952316284,3.305000066757202,60000
2026-06-08 13:52:00+00:00,3.305000066757202,3.309999942779541,3.2899999618530273,3.309999942779541,90219
2026-06-08 13:53:00+00:00,3.299999952316284,3.305000066757202,3.299999952316284,3.305000066757202,51235
2026-06-08 13:54:00+00:00,3.2950000762939453,3.309999942779541,3.2899999618530273,3.309999942779541,49680
2026-06-08 13:55:00+00:00,3.3101000785827637,3.319999933242798,3.309999942779541,3.319999933242798,14470
2026-06-08 13:56:00+00:00,3.325000047683716,3.3299999237060547,3.319999933242798,3.325000047683716,13703
2026-06-08 13:57:00+00:00,3.325000047683716,3.3499999046325684,3.325000047683716,3.3399999141693115,49343
2026-06-08 13:58:00+00:00,3.3450000286102295,3.3598999977111816,3.3450000286102295,3.3499999046325684,41364
2026-06-08 13:59:00+00:00,3.350100040435791,3.359999895095825,3.3499999046325684,3.359999895095825,31628
2026-06-08 14:00:00+00:00,3.359999895095825,3.365000009536743,3.350100040435791,3.350100040435791,56115
2026-06-08 14:01:00+00:00,3.3499999046325684,3.3550000190734863,3.3499999046325684,3.3550000190734863,77782
2026-06-08 14:02:00+00:00,3.3499999046325684,3.3550000190734863,3.3399999141693115,3.3550000190734863,89235
2026-06-08 14:03:00+00:00,3.3499999046325684,3.3499999046325684,3.3399999141693115,3.3401999473571777,130072
2026-06-08 14:04:00+00:00,3.3499999046325684,3.3550000190734863,3.3450000286102295,3.3550000190734863,2550
2026-06-08 14:05:00+00:00,3.3550000190734863,3.3550000190734863,3.349900007247925,3.349900007247925,8857
2026-06-08 14:06:00+00:00,3.348099946975708,3.348099946975708,3.3299999237060547,3.3299999237060547,65233
2026-06-08 14:07:00+00:00,3.3201000690460205,3.3201000690460205,3.3201000690460205,3.3201000690460205,16600
2026-06-08 14:08:00+00:00,3.325000047683716,3.329900026321411,3.319999933242798,3.319999933242798,81136
2026-06-08 14:09:00+00:00,3.315000057220459,3.315000057220459,3.305000066757202,3.305000066757202,84423
2026-06-08 14:10:00+00:00,3.309999942779541,3.309999942779541,3.305000066757202,3.305000066757202,34407
2026-06-08 14:11:00+00:00,3.305000066757202,3.305000066757202,3.2950000762939453,3.2950000762939453,65377
2026-06-08 14:12:00+00:00,3.299999952316284,3.300100088119507,3.299999952316284,3.299999952316284,54686
2026-06-08 14:13:00+00:00,3.3099000453948975,3.3099000453948975,3.2899999618530273,3.2915000915527344,13343
2026-06-08 14:14:00+00:00,3.299999952316284,3.309999942779541,3.2950000762939453,3.299999952316284,75200
2026-06-08 14:15:00+00:00,3.309999942779541,3.3199000358581543,3.3099000453948975,3.3199000358581543,5357
2026-06-08 14:16:00+00:00,3.3199000358581543,3.3199000358581543,3.3199000358581543,3.3199000358581543,0
2026-06-08 14:17:00+00:00,3.309999942779541,3.309999942779541,3.305000066757202,3.305000066757202,25006
2026-06-08 14:18:00+00:00,3.2899999618530273,3.309999942779541,3.2899999618530273,3.305000066757202,42354
2026-06-08 14:19:00+00:00,3.309999942779541,3.315000057220459,3.300100088119507,3.315000057220459,109330
2026-06-08 14:20:00+00:00,3.309999942779541,3.309999942779541,3.309999942779541,3.309999942779541,52827
2026-06-08 14:21:00+00:00,3.315000057220459,3.315000057220459,3.309999942779541,3.309999942779541,1050
2026-06-08 14:22:00+00:00,3.309999942779541,3.319999933242798,3.309999942779541,3.319999933242798,48731
2026-06-08 14:23:00+00:00,3.315000057220459,3.3197999000549316,3.299999952316284,3.299999952316284,37919
2026-06-08 14:24:00+00:00,3.3097000122070312,3.315000057220459,3.299999952316284,3.299999952316284,101428
2026-06-08 14:25:00+00:00,3.300100088119507,3.300299882888794,3.299999952316284,3.299999952316284,38674
2026-06-08 14:26:00+00:00,3.2899999618530273,3.2899999618530273,3.2799999713897705,3.2799999713897705,64884
2026-06-08 14:27:00+00:00,3.280100107192993,3.2802999019622803,3.2799999713897705,3.2802999019622803,18282
2026-06-08 14:28:00+00:00,3.2899999618530273,3.2999000549316406,3.289900064468384,3.2899999618530273,114228
2026-06-08 14:29:00+00:00,3.29010009765625,3.2901999950408936,3.29010009765625,3.2901999950408936,13269
2026-06-08 14:31:00+00:00,3.2850000858306885,3.2899999618530273,3.2850000858306885,3.289900064468384,32647
2026-06-08 14:32:00+00:00,3.2950000762939453,3.2950000762939453,3.2950000762939453,3.2950000762939453,3682
2026-06-08 14:33:00+00:00,3.2950000762939453,3.2950000762939453,3.2950000762939453,3.2950000762939453,700
2026-06-08 14:34:00+00:00,3.2950000762939453,3.2950000762939453,3.2850000858306885,3.2850000858306885,18044
2026-06-08 14:35:00+00:00,3.281899929046631,3.2899999618530273,3.2799999713897705,3.280100107192993,247750
2026-06-08 14:36:00+00:00,3.2799999713897705,3.2799999713897705,3.2799999713897705,3.2799999713897705,20518
2026-06-08 14:37:00+00:00,3.2799999713897705,3.2799999713897705,3.2699999809265137,3.2750000953674316,119923
2026-06-08 14:38:00+00:00,3.271699905395508,3.2750000953674316,3.271699905395508,3.2750000953674316,2069
2026-06-08 14:39:00+00:00,3.2699999809265137,3.2701001167297363,3.265000104904175,3.2699999809265137,67280
2026-06-08 14:40:00+00:00,3.2699999809265137,3.2797000408172607,3.2699999809265137,3.2750000953674316,25187
2026-06-08 14:41:00+00:00,3.2701001167297363,3.279900074005127,3.2699999809265137,3.279900074005127,62622
2026-06-08 14:42:00+00:00,3.279900074005127,3.2799999713897705,3.279900074005127,3.2799999713897705,19904
2026-06-08 14:44:00+00:00,3.2799999713897705,3.2850000858306885,3.2797999382019043,3.2799999713897705,35847
2026-06-08 14:45:00+00:00,3.2799999713897705,3.2799999713897705,3.2718000411987305,3.2718000411987305,16500
2026-06-08 14:46:00+00:00,3.2701001167297363,3.2790000438690186,3.2701001167297363,3.2750000953674316,7786
2026-06-08 14:47:00+00:00,3.2713000774383545,3.2713000774383545,3.2713000774383545,3.2713000774383545,190
2026-06-08 14:48:00+00:00,3.2750000953674316,3.279900074005127,3.2750000953674316,3.279900074005127,5590
2026-06-08 14:49:00+00:00,3.2701001167297363,3.2792000770568848,3.2699999809265137,3.2718000411987305,8654
2026-06-08 14:50:00+00:00,3.2750000953674316,3.2799999713897705,3.2750000953674316,3.2799999713897705,4884
2026-06-08 14:51:00+00:00,3.2750000953674316,3.2750000953674316,3.2750000953674316,3.2750000953674316,9000
2026-06-08 14:52:00+00:00,3.2699999809265137,3.2699999809265137,3.259999990463257,3.2681000232696533,20957
2026-06-08 14:53:00+00:00,3.2600998878479004,3.26990008354187,3.2600998878479004,3.26990008354187,33653
2026-06-08 14:54:00+00:00,3.265000104904175,3.271699905395508,3.265000104904175,3.271699905395508,45952
2026-06-08 14:55:00+00:00,3.2720000743865967,3.2720000743865967,3.2704999446868896,3.2704999446868896,700
2026-06-08 14:56:00+00:00,3.2785000801086426,3.2799999713897705,3.2785000801086426,3.2799999713897705,45400
2026-06-08 14:57:00+00:00,3.2701001167297363,3.279900074005127,3.259999990463257,3.2750000953674316,107473
2026-06-08 14:58:00+00:00,3.2799999713897705,3.2799999713897705,3.278599977493286,3.278599977493286,1800
2026-06-08 14:59:00+00:00,3.270299911499023,3.2750000953674316,3.270299911499023,3.2750000953674316,50800
2026-06-08 15:00:00+00:00,3.2783000469207764,3.2783000469207764,3.2783000469207764,3.2783000469207764,0
2026-06-08 15:01:00+00:00,3.265000104904175,3.2750000953674316,3.259999990463257,3.2701001167297363,80687
2026-06-08 15:02:00+00:00,3.259999990463257,3.265000104904175,3.259999990463257,3.2600998878479004,21155
2026-06-08 15:03:00+00:00,3.259999990463257,3.259999990463257,3.259999990463257,3.259999990463257,437
2026-06-08 15:04:00+00:00,3.265000104904175,3.265000104904175,3.259999990463257,3.259999990463257,19710
2026-06-08 15:05:00+00:00,3.2600998878479004,3.265000104904175,3.25,3.2502999305725098,42408
2026-06-08 15:06:00+00:00,3.2500998973846436,3.2500998973846436,3.25,3.25,94735
2026-06-08 15:07:00+00:00,3.25,3.25,3.240000009536743,3.25,155780
2026-06-08 15:08:00+00:00,3.2500998973846436,3.259999990463257,3.25,3.259999990463257,60215
2026-06-08 15:10:00+00:00,3.25,3.25,3.241499900817871,3.241499900817871,18110
2026-06-08 15:12:00+00:00,3.244999885559082,3.244999885559082,3.244999885559082,3.244999885559082,1310
2026-06-08 15:13:00+00:00,3.244999885559082,3.244999885559082,3.244999885559082,3.244999885559082,3517
2026-06-08 15:18:00+00:00,3.244999885559082,3.244999885559082,3.244999885559082,3.244999885559082,600
2026-06-08 15:20:00+00:00,3.240000009536743,3.244999885559082,3.240000009536743,3.244999885559082,2365
2026-06-08 15:21:00+00:00,3.244999885559082,3.244999885559082,3.244999885559082,3.244999885559082,3401
2026-06-08 15:22:00+00:00,3.2497000694274902,3.2599000930786133,3.2497000694274902,3.255000114440918,10765
2026-06-08 15:23:00+00:00,3.255000114440918,3.255000114440918,3.255000114440918,3.255000114440918,200
2026-06-08 15:24:00+00:00,3.2500998973846436,3.2500998973846436,3.240000009536743,3.244999885559082,11874
2026-06-08 15:25:00+00:00,3.2499001026153564,3.255000114440918,3.2499001026153564,3.255000114440918,54501
2026-06-08 15:26:00+00:00,3.2599000930786133,3.259999990463257,3.2599000930786133,3.259999990463257,30698
2026-06-08 15:27:00+00:00,3.2600998878479004,3.26990008354187,3.259999990463257,3.26990008354187,29300
2026-06-08 15:28:00+00:00,3.259999990463257,3.265000104904175,3.259999990463257,3.265000104904175,12734
2026-06-08 15:29:00+00:00,3.259999990463257,3.2699999809265137,3.259999990463257,3.26990008354187,101478
2026-06-08 15:30:00+00:00,3.269700050354004,3.279900074005127,3.269700050354004,3.279900074005127,42728
2026-06-08 15:31:00+00:00,3.270299911499023,3.270299911499023,3.270299911499023,3.270299911499023,10009
2026-06-08 15:32:00+00:00,3.2718000411987305,3.279900074005127,3.2718000411987305,3.279900074005127,30439
2026-06-08 15:33:00+00:00,3.2790000438690186,3.2899999618530273,3.2750000953674316,3.2799999713897705,18100
2026-06-08 15:34:00+00:00,3.280100107192993,3.2850000858306885,3.2799999713897705,3.2815001010894775,79005
2026-06-08 15:35:00+00:00,3.280100107192993,3.280100107192993,3.2750000953674316,3.2750000953674316,18252
2026-06-08 15:36:00+00:00,3.2750000953674316,3.2750000953674316,3.2750000953674316,3.2750000953674316,224
2026-06-08 15:37:00+00:00,3.2701001167297363,3.2701001167297363,3.2701001167297363,3.2701001167297363,676
2026-06-08 15:38:00+00:00,3.2699999809265137,3.2699999809265137,3.259999990463257,3.26990008354187,33079
2026-06-08 15:39:00+00:00,3.269700050354004,3.2699999809265137,3.259999990463257,3.26990008354187,67410
2026-06-08 15:40:00+00:00,3.2699999809265137,3.2699999809265137,3.2699999809265137,3.2699999809265137,8747
2026-06-08 15:41:00+00:00,3.265000104904175,3.265000104904175,3.265000104904175,3.265000104904175,200
2026-06-08 15:42:00+00:00,3.2701001167297363,3.2750000953674316,3.2699999809265137,3.2701001167297363,97955
2026-06-08 15:43:00+00:00,3.2699999809265137,3.2699999809265137,3.2699999809265137,3.2699999809265137,9154
2026-06-08 15:44:00+00:00,3.259999990463257,3.259999990463257,3.259999990463257,3.259999990463257,40941
2026-06-08 15:45:00+00:00,3.259999990463257,3.2602999210357666,3.255000114440918,3.259999990463257,58902
2026-06-08 15:46:00+00:00,3.265000104904175,3.265000104904175,3.265000104904175,3.265000104904175,11545
2026-06-08 15:47:00+00:00,3.259999990463257,3.259999990463257,3.259700059890747,3.259999990463257,144807
2026-06-08 15:48:00+00:00,3.26990008354187,3.2699999809265137,3.2600998878479004,3.26990008354187,47437
2026-06-08 15:49:00+00:00,3.26990008354187,3.2750000953674316,3.269700050354004,3.2750000953674316,44801
2026-06-08 15:50:00+00:00,3.2701001167297363,3.2701001167297363,3.265000104904175,3.265000104904175,31378
2026-06-08 15:51:00+00:00,3.2600998878479004,3.265000104904175,3.259999990463257,3.265000104904175,28346
2026-06-08 15:54:00+00:00,3.268899917602539,3.268899917602539,3.268899917602539,3.268899917602539,189
2026-06-08 15:55:00+00:00,3.265000104904175,3.2699999809265137,3.265000104904175,3.2699999809265137,32977
2026-06-08 15:56:00+00:00,3.2750000953674316,3.2750000953674316,3.2701001167297363,3.2701001167297363,17553
2026-06-08 15:57:00+00:00,3.2701001167297363,3.2711000442504883,3.2699999809265137,3.2701001167297363,55573
2026-06-08 16:01:00+00:00,3.2750000953674316,3.2899999618530273,3.2750000953674316,3.2799999713897705,84621
2026-06-08 16:02:00+00:00,3.2699999809265137,3.2699999809265137,3.2699999809265137,3.2699999809265137,9163
2026-06-08 16:03:00+00:00,3.27020001411438,3.27020001411438,3.259999990463257,3.265000104904175,43574
2026-06-08 16:04:00+00:00,3.26990008354187,3.26990008354187,3.26990008354187,3.26990008354187,60000
2026-06-08 16:05:00+00:00,3.26990008354187,3.2797999382019043,3.26990008354187,3.2797999382019043,0
2026-06-08 16:06:00+00:00,3.270299911499023,3.270299911499023,3.265000104904175,3.2699999809265137,145049
2026-06-08 16:07:00+00:00,3.2699999809265137,3.2699999809265137,3.2699999809265137,3.2699999809265137,173751
2026-06-08 16:09:00+00:00,3.2750000953674316,3.2799999713897705,3.2750000953674316,3.2799999713897705,285871
2026-06-08 16:11:00+00:00,3.2799999713897705,3.2808001041412354,3.2699999809265137,3.27839994430542,74366
2026-06-08 16:12:00+00:00,3.2750000953674316,3.2750000953674316,3.2750000953674316,3.2750000953674316,1332
2026-06-08 16:13:00+00:00,3.2750000953674316,3.2750000953674316,3.2750000953674316,3.2750000953674316,0
2026-06-08 16:15:00+00:00,3.2701001167297363,3.2701001167297363,3.2701001167297363,3.2701001167297363,12780
2026-06-08 16:17:00+00:00,3.2699999809265137,3.2699999809265137,3.269700050354004,3.269700050354004,5700
2026-06-08 16:18:00+00:00,3.2618000507354736,3.2618000507354736,3.2618000507354736,3.2618000507354736,0
2026-06-08 16:19:00+00:00,3.265000104904175,3.265000104904175,3.265000104904175,3.265000104904175,3500
2026-06-08 16:20:00+00:00,3.2697999477386475,3.2697999477386475,3.2697999477386475,3.2697999477386475,0
2026-06-08 16:21:00+00:00,3.2600998878479004,3.2600998878479004,3.2600998878479004,3.2600998878479004,0
2026-06-08 16:22:00+00:00,3.26990008354187,3.26990008354187,3.26990008354187,3.26990008354187,13500
2026-06-08 16:23:00+00:00,3.268899917602539,3.2750000953674316,3.268899917602539,3.2699999809265137,27654
2026-06-08 16:26:00+00:00,3.2701001167297363,3.2701001167297363,3.2701001167297363,3.2701001167297363,9880
2026-06-08 16:27:00+00:00,3.2699999809265137,3.2701001167297363,3.2699999809265137,3.2701001167297363,32482
2026-06-08 16:28:00+00:00,3.279900074005127,3.2799999713897705,3.2750000953674316,3.2799999713897705,73195
2026-06-08 16:29:00+00:00,3.2899999618530273,3.2899999618530273,3.2899999618530273,3.2899999618530273,4900
2026-06-08 16:30:00+00:00,3.2799999713897705,3.280100107192993,3.2699999809265137,3.2699999809265137,74325
2026-06-08 16:32:00+00:00,3.279900074005127,3.2799999713897705,3.2797000408172607,3.2797000408172607,79766
2026-06-08 16:33:00+00:00,3.2701001167297363,3.279900074005127,3.2701001167297363,3.279900074005127,22937
2026-06-08 16:35:00+00:00,3.280100107192993,3.2850000858306885,3.2799999713897705,3.280100107192993,103090
2026-06-08 16:36:00+00:00,3.2799999713897705,3.2799999713897705,3.2699999809265137,3.279900074005127,88860
2026-06-08 16:37:00+00:00,3.279900074005127,3.279900074005127,3.2750000953674316,3.2783000469207764,2100
2026-06-08 16:38:00+00:00,3.27839994430542,3.281100034713745,3.27839994430542,3.280100107192993,80864
2026-06-08 16:40:00+00:00,3.2799999713897705,3.2799999713897705,3.2699999809265137,3.2799999713897705,62833
2026-06-08 16:41:00+00:00,3.2701001167297363,3.2701001167297363,3.2699999809265137,3.2701001167297363,0
2026-06-08 16:42:00+00:00,3.2750000953674316,3.2750000953674316,3.259999990463257,3.26990008354187,67413
2026-06-08 16:43:00+00:00,3.26990008354187,3.2699999809265137,3.26990008354187,3.2699999809265137,25179
2026-06-08 16:44:00+00:00,3.2600998878479004,3.2600998878479004,3.2600998878479004,3.2600998878479004,5200
2026-06-08 16:45:00+00:00,3.259999990463257,3.259999990463257,3.259999990463257,3.259999990463257,14480
2026-06-08 16:46:00+00:00,3.259999990463257,3.259999990463257,3.259999990463257,3.259999990463257,5030
2026-06-08 16:47:00+00:00,3.2600998878479004,3.265000104904175,3.255000114440918,3.255000114440918,29506
2026-06-08 16:48:00+00:00,3.255000114440918,3.255000114440918,3.255000114440918,3.255000114440918,5643
2026-06-08 16:51:00+00:00,3.255000114440918,3.255000114440918,3.255000114440918,3.255000114440918,107
2026-06-08 16:52:00+00:00,3.2599000930786133,3.2599000930786133,3.251499891281128,3.251499891281128,1457
2026-06-08 16:53:00+00:00,3.2502999305725098,3.2502999305725098,3.240000009536743,3.240000009536743,56529
2026-06-08 16:54:00+00:00,3.25,3.25,3.2499001026153564,3.2499001026153564,103308
2026-06-08 16:55:00+00:00,3.25,3.25,3.25,3.25,12900
2026-06-08 16:56:00+00:00,3.2500998973846436,3.2500998973846436,3.2411000728607178,3.2411000728607178,83082
2026-06-08 16:57:00+00:00,3.244999885559082,3.2599000930786133,3.244999885559082,3.2599000930786133,83546
2026-06-08 16:58:00+00:00,3.2500998973846436,3.2599000930786133,3.2500998973846436,3.2599000930786133,10150
2026-06-08 16:59:00+00:00,3.259700059890747,3.2699999809265137,3.259700059890747,3.2600998878479004,199565
2026-06-08 17:00:00+00:00,3.265000104904175,3.2664999961853027,3.265000104904175,3.2664999961853027,19050
2026-06-08 17:02:00+00:00,3.2750000953674316,3.2750000953674316,3.2750000953674316,3.2750000953674316,18300
2026-06-08 17:03:00+00:00,3.2799999713897705,3.2850000858306885,3.2701001167297363,3.2850000858306885,4911
2026-06-08 17:04:00+00:00,3.2799999713897705,3.280100107192993,3.2701001167297363,3.2750000953674316,50613
2026-06-08 17:05:00+00:00,3.279900074005127,3.2799999713897705,3.2701001167297363,3.2701001167297363,22704
2026-06-08 17:06:00+00:00,3.279900074005127,3.279900074005127,3.2750000953674316,3.2790000438690186,1200
2026-06-08 17:07:00+00:00,3.279900074005127,3.279900074005127,3.2701001167297363,3.2701001167297363,1015
2026-06-08 17:08:00+00:00,3.279900074005127,3.279900074005127,3.279900074005127,3.279900074005127,300
2026-06-08 17:09:00+00:00,3.278899908065796,3.2850000858306885,3.278899908065796,3.280100107192993,80226
2026-06-08 17:10:00+00:00,3.2799999713897705,3.2850000858306885,3.2799999713897705,3.280100107192993,42104
2026-06-08 17:13:00+00:00,3.2850000858306885,3.2850000858306885,3.280100107192993,3.2850000858306885,4898
2026-06-08 17:15:00+00:00,3.2699999809265137,3.280100107192993,3.2699999809265137,3.280100107192993,52851
2026-06-08 17:16:00+00:00,3.2899999618530273,3.2899999618530273,3.280100107192993,3.280100107192993,16320
2026-06-08 17:17:00+00:00,3.2802000045776367,3.2802000045776367,3.2799999713897705,3.2799999713897705,25858
2026-06-08 17:18:00+00:00,3.289900064468384,3.289900064468384,3.2850000858306885,3.2850000858306885,13100
2026-06-08 17:19:00+00:00,3.2850000858306885,3.2899999618530273,3.2850000858306885,3.2899999618530273,9225
2026-06-08 17:20:00+00:00,3.2888998985290527,3.2888998985290527,3.2888998985290527,3.2888998985290527,144
2026-06-08 17:22:00+00:00,3.289900064468384,3.2899999618530273,3.289900064468384,3.2899999618530273,42936
2026-06-08 17:23:00+00:00,3.29010009765625,3.29010009765625,3.29010009765625,3.29010009765625,1020
2026-06-08 17:24:00+00:00,3.29010009765625,3.29010009765625,3.2899999618530273,3.29010009765625,75066
2026-06-08 17:25:00+00:00,3.2899999618530273,3.2899999618530273,3.2799999713897705,3.2799999713897705,0
2026-06-08 17:28:00+00:00,3.2799999713897705,3.2799999713897705,3.2699999809265137,3.2701001167297363,42934
2026-06-08 17:29:00+00:00,3.2699999809265137,3.2699999809265137,3.259999990463257,3.265000104904175,451
2026-06-08 17:31:00+00:00,3.265000104904175,3.265000104904175,3.265000104904175,3.265000104904175,152
2026-06-08 17:32:00+00:00,3.265000104904175,3.26990008354187,3.265000104904175,3.265000104904175,5206
2026-06-08 17:33:00+00:00,3.2850000858306885,3.2850000858306885,3.280100107192993,3.280100107192993,14594
2026-06-08 17:34:00+00:00,3.2802000045776367,3.2802000045776367,3.2799999713897705,3.2799999713897705,9050
2026-06-08 17:35:00+00:00,3.279900074005127,3.2899999618530273,3.279900074005127,3.2850000858306885,39441
2026-06-08 17:36:00+00:00,3.280100107192993,3.280100107192993,3.280100107192993,3.280100107192993,6400
2026-06-08 17:37:00+00:00,3.2799999713897705,3.2799999713897705,3.2699999809265137,3.2750000953674316,5323
2026-06-08 17:39:00+00:00,3.2701001167297363,3.2701001167297363,3.2701001167297363,3.2701001167297363,7550
2026-06-08 17:40:00+00:00,3.279900074005127,3.279900074005127,3.279900074005127,3.279900074005127,15667
2026-06-08 17:41:00+00:00,3.2699999809265137,3.279900074005127,3.2699999809265137,3.279900074005127,1700
2026-06-08 17:42:00+00:00,3.2750000953674316,3.2750000953674316,3.2750000953674316,3.2750000953674316,1300
2026-06-08 17:44:00+00:00,3.2799999713897705,3.2799999713897705,3.2799999713897705,3.2799999713897705,30922
2026-06-08 17:45:00+00:00,3.2750000953674316,3.2750000953674316,3.2750000953674316,3.2750000953674316,0
2026-06-08 17:47:00+00:00,3.2750000953674316,3.2750000953674316,3.2699999809265137,3.2699999809265137,31239
2026-06-08 17:48:00+00:00,3.2699999809265137,3.2699999809265137,3.2699999809265137,3.2699999809265137,4804
2026-06-08 17:49:00+00:00,3.2699999809265137,3.2750000953674316,3.259999990463257,3.259999990463257,65041
2026-06-08 17:52:00+00:00,3.265000104904175,3.265000104904175,3.265000104904175,3.265000104904175,6944
2026-06-08 17:53:00+00:00,3.2600998878479004,3.2600998878479004,3.2599000930786133,3.2599000930786133,22672
2026-06-08 17:55:00+00:00,3.2599000930786133,3.265000104904175,3.255000114440918,3.265000104904175,107654
2026-06-08 17:56:00+00:00,3.2600998878479004,3.265000104904175,3.2600998878479004,3.265000104904175,6412
2026-06-08 18:00:00+00:00,3.265000104904175,3.265000104904175,3.265000104904175,3.265000104904175,3978
2026-06-08 18:01:00+00:00,3.259999990463257,3.259999990463257,3.255000114440918,3.2599000930786133,57738
2026-06-08 18:02:00+00:00,3.259700059890747,3.259999990463257,3.259700059890747,3.259999990463257,11048
2026-06-08 18:03:00+00:00,3.255000114440918,3.2599000930786133,3.255000114440918,3.2599000930786133,3843
2026-06-08 18:04:00+00:00,3.2600998878479004,3.2600998878479004,3.2600998878479004,3.2600998878479004,3978
2026-06-08 18:05:00+00:00,3.2600998878479004,3.260200023651123,3.259999990463257,3.260200023651123,56663
2026-06-08 18:06:00+00:00,3.259999990463257,3.259999990463257,3.259999990463257,3.259999990463257,6244
2026-06-08 18:09:00+00:00,3.25,3.25,3.25,3.25,11762
2026-06-08 18:10:00+00:00,3.240000009536743,3.240000009536743,3.240000009536743,3.240000009536743,2600
2026-06-08 18:11:00+00:00,3.244999885559082,3.25,3.244999885559082,3.25,36510
2026-06-08 18:13:00+00:00,3.255000114440918,3.255000114440918,3.255000114440918,3.255000114440918,15800
2026-06-08 18:16:00+00:00,3.255000114440918,3.255000114440918,3.255000114440918,3.255000114440918,0
2026-06-08 18:17:00+00:00,3.2500998973846436,3.255000114440918,3.25,3.2500998973846436,21910
2026-06-08 18:20:00+00:00,3.2599000930786133,3.2600998878479004,3.255000114440918,3.2600998878479004,36235
2026-06-08 18:21:00+00:00,3.2600998878479004,3.2600998878479004,3.2600998878479004,3.2600998878479004,10425
2026-06-08 18:22:00+00:00,3.2599000930786133,3.2599000930786133,3.2599000930786133,3.2599000930786133,7846
2026-06-08 18:23:00+00:00,3.255000114440918,3.255000114440918,3.255000114440918,3.255000114440918,0
2026-06-08 18:25:00+00:00,3.255000114440918,3.255000114440918,3.255000114440918,3.255000114440918,550
2026-06-08 18:27:00+00:00,3.25,3.25,3.25,3.25,250
2026-06-08 18:28:00+00:00,3.25,3.25,3.25,3.25,614
2026-06-08 18:30:00+00:00,3.2500998973846436,3.2500998973846436,3.2500998973846436,3.2500998973846436,5700
2026-06-08 18:31:00+00:00,3.255000114440918,3.255000114440918,3.244999885559082,3.244999885559082,12880
2026-06-08 18:32:00+00:00,3.240000009536743,3.240000009536743,3.240000009536743,3.240000009536743,50591
2026-06-08 18:33:00+00:00,3.234999895095825,3.234999895095825,3.234999895095825,3.234999895095825,6100
2026-06-08 18:34:00+00:00,3.2399001121520996,3.240000009536743,3.2300000190734863,3.240000009536743,25260
2026-06-08 18:36:00+00:00,3.2400999069213867,3.2400999069213867,3.2400999069213867,3.2400999069213867,20117
2026-06-08 18:37:00+00:00,3.2499001026153564,3.2499001026153564,3.2499001026153564,3.2499001026153564,2626
2026-06-08 18:39:00+00:00,3.25,3.25,3.25,3.25,6510
2026-06-08 18:40:00+00:00,3.259299993515014,3.265000104904175,3.259299993515014,3.2600998878479004,42925
2026-06-08 18:41:00+00:00,3.2600998878479004,3.2600998878479004,3.2599000930786133,3.259999990463257,34287
2026-06-08 18:42:00+00:00,3.259999990463257,3.259999990463257,3.259999990463257,3.259999990463257,0
2026-06-08 18:43:00+00:00,3.259999990463257,3.259999990463257,3.259999990463257,3.259999990463257,17167
2026-06-08 18:47:00+00:00,3.2600998878479004,3.2602999210357666,3.259999990463257,3.259999990463257,11200
2026-06-08 18:48:00+00:00,3.255000114440918,3.2599000930786133,3.2500998973846436,3.255000114440918,11592
2026-06-08 18:49:00+00:00,3.259999990463257,3.265000104904175,3.2599000930786133,3.265000104904175,52034
2026-06-08 18:51:00+00:00,3.259999990463257,3.259999990463257,3.259999990463257,3.259999990463257,17721
2026-06-08 18:52:00+00:00,3.2600998878479004,3.2600998878479004,3.25,3.25,15911
2026-06-08 18:53:00+00:00,3.255000114440918,3.2599000930786133,3.255000114440918,3.2599000930786133,19482
2026-06-08 18:54:00+00:00,3.255000114440918,3.255000114440918,3.255000114440918,3.255000114440918,0
2026-06-08 18:55:00+00:00,3.259999990463257,3.259999990463257,3.259999990463257,3.259999990463257,236
2026-06-08 18:56:00+00:00,3.259700059890747,3.2599000930786133,3.259700059890747,3.2599000930786133,21500
2026-06-08 18:57:00+00:00,3.2599000930786133,3.2600998878479004,3.2599000930786133,3.2600998878479004,59400
2026-06-08 18:58:00+00:00,3.2627999782562256,3.2627999782562256,3.25819993019104,3.2599000930786133,35091
2026-06-08 18:59:00+00:00,3.2599000930786133,3.2599000930786133,3.2599000930786133,3.2599000930786133,200
2026-06-08 19:00:00+00:00,3.2599000930786133,3.2599000930786133,3.255000114440918,3.255000114440918,37502
2026-06-08 19:01:00+00:00,3.2699999809265137,3.2699999809265137,3.265000104904175,3.26990008354187,42414
2026-06-08 19:02:00+00:00,3.2697999477386475,3.2697999477386475,3.2697999477386475,3.2697999477386475,22500
2026-06-08 19:03:00+00:00,3.2600998878479004,3.2602999210357666,3.259999990463257,3.259999990463257,27917
2026-06-08 19:05:00+00:00,3.2600998878479004,3.2600998878479004,3.255000114440918,3.255000114440918,58322
2026-06-08 19:07:00+00:00,3.259999990463257,3.2699999809265137,3.259999990463257,3.2699999809265137,39631
2026-06-08 19:08:00+00:00,3.2699999809265137,3.2701001167297363,3.26990008354187,3.2701001167297363,12864
2026-06-08 19:09:00+00:00,3.2750000953674316,3.2750000953674316,3.2750000953674316,3.2750000953674316,1388
2026-06-08 19:10:00+00:00,3.279900074005127,3.2799999713897705,3.279900074005127,3.2799999713897705,10354
2026-06-08 19:11:00+00:00,3.2850000858306885,3.2850000858306885,3.2799999713897705,3.2799999713897705,20567
2026-06-08 19:13:00+00:00,3.2750000953674316,3.2750000953674316,3.2750000953674316,3.2750000953674316,5213
2026-06-08 19:14:00+00:00,3.279900074005127,3.2850000858306885,3.2750000953674316,3.280100107192993,130882
2026-06-08 19:15:00+00:00,3.289900064468384,3.299999952316284,3.289900064468384,3.2950000762939453,90686
2026-06-08 19:16:00+00:00,3.2899999618530273,3.290299892425537,3.2850000858306885,3.289900064468384,115361
2026-06-08 19:17:00+00:00,3.29010009765625,3.29010009765625,3.2899999618530273,3.29010009765625,60312
2026-06-08 19:18:00+00:00,3.2899999618530273,3.2899999618530273,3.2899999618530273,3.2899999618530273,9225
2026-06-08 19:20:00+00:00,3.2899999618530273,3.2899999618530273,3.289900064468384,3.2899999618530273,27406
2026-06-08 19:21:00+00:00,3.280100107192993,3.280100107192993,3.2799999713897705,3.2799999713897705,17754
2026-06-08 19:22:00+00:00,3.289900064468384,3.2899999618530273,3.289799928665161,3.2899999618530273,45763
2026-06-08 19:23:00+00:00,3.289900064468384,3.2950000762939453,3.289900064468384,3.2899999618530273,79976
2026-06-08 19:26:00+00:00,3.2899999618530273,3.2899999618530273,3.2899999618530273,3.2899999618530273,21101
2026-06-08 19:27:00+00:00,3.2899999618530273,3.29010009765625,3.2799999713897705,3.2799999713897705,44452
2026-06-08 19:29:00+00:00,3.289900064468384,3.289900064468384,3.289900064468384,3.289900064468384,2900
2026-06-08 19:30:00+00:00,3.289900064468384,3.289900064468384,3.2802000045776367,3.2802000045776367,12826
2026-06-08 19:31:00+00:00,3.2799999713897705,3.2799999713897705,3.2699999809265137,3.2699999809265137,47425
2026-06-08 19:32:00+00:00,3.259999990463257,3.2699999809265137,3.259999990463257,3.265000104904175,13855
2026-06-08 19:33:00+00:00,3.26990008354187,3.2701001167297363,3.26990008354187,3.2701001167297363,106810
2026-06-08 19:35:00+00:00,3.2799999713897705,3.2799999713897705,3.2799999713897705,3.2799999713897705,54401
2026-06-08 19:36:00+00:00,3.279900074005127,3.279900074005127,3.279900074005127,3.279900074005127,15998
2026-06-08 19:38:00+00:00,3.2699999809265137,3.2750000953674316,3.2699999809265137,3.2699999809265137,32473
2026-06-08 19:39:00+00:00,3.2750000953674316,3.279900074005127,3.2750000953674316,3.279900074005127,10500
2026-06-08 19:40:00+00:00,3.2799999713897705,3.280100107192993,3.279900074005127,3.280100107192993,116962
2026-06-08 19:43:00+00:00,3.2899999618530273,3.2899999618530273,3.2799999713897705,3.280100107192993,65067
2026-06-08 19:44:00+00:00,3.2809998989105225,3.2809998989105225,3.2809998989105225,3.2809998989105225,0
2026-06-08 19:45:00+00:00,3.2883999347686768,3.2883999347686768,3.2883999347686768,3.2883999347686768,9589
2026-06-08 19:48:00+00:00,3.2899999618530273,3.2899999618530273,3.2899999618530273,3.2899999618530273,11661
2026-06-08 19:49:00+00:00,3.2850000858306885,3.2850000858306885,3.2850000858306885,3.2850000858306885,205
2026-06-08 19:50:00+00:00,3.2799999713897705,3.2899999618530273,3.2699999809265137,3.2750000953674316,290111
2026-06-08 19:51:00+00:00,3.2750000953674316,3.2799999713897705,3.2750000953674316,3.2799999713897705,8863
2026-06-08 19:53:00+00:00,3.2750000953674316,3.2750000953674316,3.265000104904175,3.265000104904175,22346
2026-06-08 19:54:00+00:00,3.265000104904175,3.265000104904175,3.265000104904175,3.265000104904175,4000
2026-06-08 19:55:00+00:00,3.2699999809265137,3.2699999809265137,3.26990008354187,3.26990008354187,84011
2026-06-08 19:56:00+00:00,3.26990008354187,3.2699999809265137,3.259999990463257,3.259999990463257,96376
2026-06-08 19:57:00+00:00,3.2699999809265137,3.2699999809265137,3.2699999809265137,3.2699999809265137,22595
2026-06-08 19:59:00+00:00,3.265000104904175,3.2699999809265137,3.2600998878479004,3.2600998878479004,50742
2026-06-08 20:00:00+00:00,3.28,3.28,3.26,3.26,0
2026-06-08 20:01:00+00:00,3.28,3.28,3.28,3.28,0
2026-06-08 20:04:00+00:00,3.26,3.2713,3.26,3.2713,0
2026-06-08 20:05:00+00:00,3.2789,3.2789,3.2789,3.2789,0
2026-06-08 20:10:00+00:00,3.26,3.28,3.26,3.28,0
2026-06-08 20:15:00+00:00,3.2699,3.2699,3.2699,3.2699,0
2026-06-08 20:29:00+00:00,3.27,3.27,3.27,3.27,0
2026-06-08 20:31:00+00:00,3.26,3.26,3.26,3.26,0
2026-06-08 20:32:00+00:00,3.27,3.27,3.27,3.27,0
2026-06-08 20:33:00+00:00,3.2597,3.2597,3.2597,3.2597,0
2026-06-08 20:34:00+00:00,3.26,3.26,3.26,3.26,0
2026-06-08 20:43:00+00:00,3.2587,3.2587,3.2587,3.2587,0
2026-06-08 20:45:00+00:00,3.26,3.26,3.26,3.26,0
2026-06-08 20:46:00+00:00,3.27,3.27,3.27,3.27,0
2026-06-08 20:48:00+00:00,3.2699,3.2699,3.2699,3.2699,0
2026-06-08 20:49:00+00:00,3.26,3.26,3.26,3.26,0
2026-06-08 20:59:00+00:00,3.26,3.26,3.26,3.26,0
2026-06-08 21:00:00+00:00,3.26,3.26,3.26,3.26,0
2026-06-08 21:31:00+00:00,3.26,3.26,3.26,3.26,0
2026-06-08 21:39:00+00:00,3.2691,3.2691,3.2691,3.2691,0
2026-06-08 21:57:00+00:00,3.27,3.27,3.27,3.27,0
2026-06-08 22:04:00+00:00,3.2697,3.2697,3.2697,3.2697,0
2026-06-08 22:08:00+00:00,3.2606,3.2606,3.2606,3.2606,0
2026-06-08 22:18:00+00:00,3.2703,3.2703,3.2703,3.2703,0
2026-06-08 22:26:00+00:00,3.28,3.28,3.28,3.28,0
2026-06-08 22:38:00+00:00,3.28,3.282,3.28,3.282,0
2026-06-08 22:44:00+00:00,3.2899,3.2899,3.2899,3.2899,0
2026-06-08 22:53:00+00:00,3.28,3.2801,3.28,3.2801,0
2026-06-08 23:09:00+00:00,3.28,3.28,3.28,3.28,0
2026-06-08 23:28:00+00:00,3.27,3.27,3.27,3.27,0
2026-06-08 23:34:00+00:00,3.2793,3.2793,3.2793,3.2793,0
2026-06-08 23:58:00+00:00,3.27,3.27,3.27,3.27,0
2026-06-08 23:59:00+00:00,3.27,3.27,3.27,3.27,0
2026-06-09 08:00:00+00:00,3.21,3.21,3.21,3.21,0
2026-06-09 08:01:00+00:00,3.22,3.22,3.22,3.22,0
2026-06-09 09:29:00+00:00,3.215,3.215,3.215,3.215,0
2026-06-09 09:50:00+00:00,3.21,3.21,3.21,3.21,0
2026-06-09 09:57:00+00:00,3.2118,3.2118,3.2118,3.2118,0
2026-06-09 10:18:00+00:00,3.21,3.21,3.21,3.21,0
2026-06-09 11:00:00+00:00,3.23,3.23,3.22,3.22,0
2026-06-09 11:04:00+00:00,3.2087,3.2087,3.2087,3.2087,0
2026-06-09 11:06:00+00:00,3.21,3.21,3.21,3.21,0
2026-06-09 11:07:00+00:00,3.2,3.2,3.2,3.2,0
2026-06-09 11:14:00+00:00,3.19,3.19,3.19,3.19,0
2026-06-09 11:17:00+00:00,3.1927,3.1927,3.1927,3.1927,0
2026-06-09 11:20:00+00:00,3.1999,3.1999,3.1999,3.1999,0
2026-06-09 11:25:00+00:00,3.1903,3.1903,3.1903,3.1903,0
2026-06-09 11:26:00+00:00,3.1903,3.1903,3.1903,3.1903,0
2026-06-09 11:31:00+00:00,3.19,3.19,3.19,3.19,0
2026-06-09 11:43:00+00:00,3.19,3.19,3.19,3.19,0
2026-06-09 11:44:00+00:00,3.18,3.18,3.18,3.18,0
2026-06-09 11:45:00+00:00,3.18,3.18,3.18,3.18,0
2026-06-09 11:46:00+00:00,3.18,3.18,3.18,3.18,0
2026-06-09 11:47:00+00:00,3.19,3.19,3.1899,3.1899,0
2026-06-09 11:49:00+00:00,3.18,3.18,3.18,3.18,0
2026-06-09 12:08:00+00:00,3.1905,3.1905,3.19,3.19,0
2026-06-09 12:12:00+00:00,3.1902,3.1902,3.1902,3.1902,0
2026-06-09 12:17:00+00:00,3.2,3.2,3.2,3.2,0
2026-06-09 12:26:00+00:00,3.2003,3.2003,3.2003,3.2003,0
2026-06-09 12:31:00+00:00,3.2,3.2,3.2,3.2,0
2026-06-09 12:33:00+00:00,3.2,3.2,3.2,3.2,0
2026-06-09 12:39:00+00:00,3.2,3.2,3.2,3.2,0
2026-06-09 12:44:00+00:00,3.2,3.2,3.2,3.2,0
2026-06-09 12:48:00+00:00,3.2013,3.2013,3.2013,3.2013,0
2026-06-09 12:51:00+00:00,3.2001,3.2001,3.2001,3.2001,0
2026-06-09 12:59:00+00:00,3.1999,3.1999,3.1999,3.1999,0
2026-06-09 13:03:00+00:00,3.19,3.19,3.19,3.19,0
2026-06-09 13:19:00+00:00,3.2,3.2,3.2,3.2,0
2026-06-09 13:20:00+00:00,3.2,3.2,3.1999,3.1999,0
2026-06-09 13:22:00+00:00,3.19,3.19,3.19,3.19,0
2026-06-09 13:25:00+00:00,3.19,3.19,3.19,3.19,0
2026-06-09 13:26:00+00:00,3.2005,3.2005,3.2005,3.2005,0
2026-06-09 13:30:00+00:00,3.180000066757202,3.2300000190734863,3.174999952316284,3.2300000190734863,233730
2026-06-09 13:31:00+00:00,3.2200000286102295,3.2249999046325684,3.2100000381469727,3.2249999046325684,48647
2026-06-09 13:32:00+00:00,3.2249999046325684,3.2249999046325684,3.200000047683716,3.2100000381469727,65188
2026-06-09 13:33:00+00:00,3.2049999237060547,3.2300000190734863,3.2000999450683594,3.2284998893737793,70866
2026-06-09 13:34:00+00:00,3.2300000190734863,3.25,3.2300000190734863,3.25,33289
2026-06-09 13:35:00+00:00,3.25,3.255000114440918,3.240000009536743,3.25,43677
2026-06-09 13:36:00+00:00,3.247999906539917,3.255000114440918,3.240000009536743,3.244999885559082,58479
2026-06-09 13:37:00+00:00,3.244999885559082,3.25,3.240000009536743,3.2499001026153564,92489
2026-06-09 13:38:00+00:00,3.25,3.2599000930786133,3.240000009536743,3.2599000930786133,17346
2026-06-09 13:39:00+00:00,3.2599000930786133,3.2699999809265137,3.2599000930786133,3.2699999809265137,24461
2026-06-09 13:40:00+00:00,3.2699999809265137,3.2799999713897705,3.265000104904175,3.2699999809265137,46371
2026-06-09 13:41:00+00:00,3.2750000953674316,3.2850000858306885,3.2750000953674316,3.2799999713897705,44760
2026-06-09 13:42:00+00:00,3.2797000408172607,3.279900074005127,3.2797000408172607,3.279900074005127,37615
2026-06-09 13:43:00+00:00,3.2750000953674316,3.2799999713897705,3.2750000953674316,3.2750000953674316,1687
2026-06-09 13:44:00+00:00,3.2750000953674316,3.2799999713897705,3.2750000953674316,3.279900074005127,14430
2026-06-09 13:45:00+00:00,3.2750000953674316,3.2750000953674316,3.2750000953674316,3.2750000953674316,2150
2026-06-09 13:46:00+00:00,3.2699999809265137,3.2701001167297363,3.25,3.25,138108
2026-06-09 13:47:00+00:00,3.25,3.255000114440918,3.240000009536743,3.25,93710
2026-06-09 13:48:00+00:00,3.24180006980896,3.257999897003174,3.240000009536743,3.257999897003174,105568
2026-06-09 13:49:00+00:00,3.255000114440918,3.255000114440918,3.2499001026153564,3.2499001026153564,7583
2026-06-09 13:50:00+00:00,3.2499001026153564,3.259999990463257,3.2499001026153564,3.259999990463257,4830
2026-06-09 13:51:00+00:00,3.259999990463257,3.259999990463257,3.255000114440918,3.259999990463257,6901
2026-06-09 13:52:00+00:00,3.259999990463257,3.259999990463257,3.2500998973846436,3.259999990463257,22670
2026-06-09 13:53:00+00:00,3.259999990463257,3.2699999809265137,3.259700059890747,3.2699999809265137,46406
2026-06-09 13:54:00+00:00,3.2699999809265137,3.2799999713897705,3.2600998878479004,3.2799999713897705,39600
2026-06-09 13:55:00+00:00,3.2799999713897705,3.2799999713897705,3.2701001167297363,3.2799999713897705,15430
2026-06-09 13:56:00+00:00,3.2799999713897705,3.2799999713897705,3.265000104904175,3.2699999809265137,93329
2026-06-09 13:57:00+00:00,3.2699999809265137,3.2899999618530273,3.26990008354187,3.2802999019622803,117481
2026-06-09 13:58:00+00:00,3.2850000858306885,3.2850000858306885,3.2750000953674316,3.2750000953674316,34376
2026-06-09 13:59:00+00:00,3.2750000953674316,3.2750000953674316,3.2750000953674316,3.2750000953674316,4096
2026-06-09 14:00:00+00:00,3.2799999713897705,3.2799999713897705,3.2701001167297363,3.2750000953674316,57104
2026-06-09 14:01:00+00:00,3.2701001167297363,3.2750000953674316,3.265000104904175,3.265000104904175,27102
2026-06-09 14:02:00+00:00,3.2600998878479004,3.2600998878479004,3.2599000930786133,3.2599000930786133,22810
2026-06-09 14:03:00+00:00,3.25,3.25,3.25,3.25,1250
2026-06-09 14:04:00+00:00,3.25,3.2502999305725098,3.240000009536743,3.2502999305725098,175170
2026-06-09 14:05:00+00:00,3.25,3.25,3.2411000728607178,3.2411000728607178,43670
2026-06-09 14:06:00+00:00,3.244999885559082,3.2500998973846436,3.244999885559082,3.2500998973846436,42898
2026-06-09 14:07:00+00:00,3.2499001026153564,3.250200033187866,3.2499001026153564,3.2500998973846436,72919
2026-06-09 14:08:00+00:00,3.2500998973846436,3.250200033187866,3.2500998973846436,3.2500998973846436,65298
2026-06-09 14:09:00+00:00,3.244999885559082,3.259999990463257,3.244999885559082,3.259999990463257,86790
2026-06-09 14:10:00+00:00,3.2699999809265137,3.2799999713897705,3.2697999477386475,3.2799999713897705,71101
2026-06-09 14:11:00+00:00,3.2850000858306885,3.2899999618530273,3.2850000858306885,3.2899999618530273,59067
2026-06-09 14:12:00+00:00,3.289900064468384,3.289900064468384,3.259999990463257,3.260200023651123,123159
2026-06-09 14:13:00+00:00,3.2699999809265137,3.2850000858306885,3.2699999809265137,3.2850000858306885,21268
2026-06-09 14:14:00+00:00,3.2802999019622803,3.2802999019622803,3.2799999713897705,3.280100107192993,79688
2026-06-09 14:15:00+00:00,3.2850000858306885,3.2850000858306885,3.2850000858306885,3.2850000858306885,487
2026-06-09 14:16:00+00:00,3.289900064468384,3.299999952316284,3.2897000312805176,3.2950000762939453,160079
2026-06-09 14:17:00+00:00,3.2999000549316406,3.309999942779541,3.2980000972747803,3.3080999851226807,39097
2026-06-09 14:18:00+00:00,3.309999942779541,3.309999942779541,3.300100088119507,3.308300018310547,12683
2026-06-09 14:19:00+00:00,3.300100088119507,3.300100088119507,3.2899999618530273,3.299999952316284,64659
2026-06-09 14:20:00+00:00,3.2999000549316406,3.2999000549316406,3.2899999618530273,3.2999000549316406,40724
2026-06-09 14:21:00+00:00,3.2999000549316406,3.299999952316284,3.299000024795532,3.299999952316284,126617
2026-06-09 14:22:00+00:00,3.2999000549316406,3.2999000549316406,3.2899999618530273,3.2950000762939453,106296
2026-06-09 14:23:00+00:00,3.2899999618530273,3.2899999618530273,3.2799999713897705,3.289900064468384,177249
2026-06-09 14:24:00+00:00,3.2802999019622803,3.2802999019622803,3.2799999713897705,3.2799999713897705,119699
2026-06-09 14:25:00+00:00,3.2799999713897705,3.2799999713897705,3.259999990463257,3.26990008354187,155932
2026-06-09 14:26:00+00:00,3.2699999809265137,3.279900074005127,3.259999990463257,3.2699999809265137,135626
2026-06-09 14:27:00+00:00,3.270299911499023,3.270299911499023,3.2701001167297363,3.270299911499023,13248
2026-06-09 14:29:00+00:00,3.289900064468384,3.2899999618530273,3.2850000858306885,3.289799928665161,61908
2026-06-09 14:30:00+00:00,3.2799999713897705,3.305000066757202,3.2799999713897705,3.305000066757202,163865
2026-06-09 14:31:00+00:00,3.305000066757202,3.3099000453948975,3.305000066757202,3.3099000453948975,33614
2026-06-09 14:32:00+00:00,3.315000057220459,3.315000057220459,3.2799999713897705,3.2799999713897705,132788
2026-06-09 14:33:00+00:00,3.2850000858306885,3.2899999618530273,3.2850000858306885,3.2899999618530273,24464
2026-06-09 14:34:00+00:00,3.29010009765625,3.2999000549316406,3.2899999618530273,3.29010009765625,113765
2026-06-09 14:35:00+00:00,3.289900064468384,3.289900064468384,3.289900064468384,3.289900064468384,5400
2026-06-09 14:36:00+00:00,3.2899999618530273,3.2950000762939453,3.2897000312805176,3.2899999618530273,56730
2026-06-09 14:38:00+00:00,3.2799999713897705,3.2899999618530273,3.2799999713897705,3.2899999618530273,176684
2026-06-09 14:39:00+00:00,3.2899999618530273,3.29010009765625,3.2899999618530273,3.29010009765625,75079
2026-06-09 14:40:00+00:00,3.2899999618530273,3.2899999618530273,3.2897000312805176,3.2897000312805176,16210
2026-06-09 14:41:00+00:00,3.289900064468384,3.2899999618530273,3.289900064468384,3.2899999618530273,19787
2026-06-09 14:42:00+00:00,3.299000024795532,3.300100088119507,3.299000024795532,3.300100088119507,88816
2026-06-09 14:43:00+00:00,3.3099000453948975,3.319999933242798,3.3099000453948975,3.3199000358581543,34300
2026-06-09 14:44:00+00:00,3.315000057220459,3.3399999141693115,3.315000057220459,3.3399999141693115,62152
2026-06-09 14:45:00+00:00,3.3299999237060547,3.3399999141693115,3.325000047683716,3.3350000381469727,91417
2026-06-09 14:46:00+00:00,3.339900016784668,3.3499999046325684,3.3396999835968018,3.3499999046325684,27846
2026-06-09 14:47:00+00:00,3.3499999046325684,3.369999885559082,3.3399999141693115,3.369999885559082,114796
2026-06-09 14:48:00+00:00,3.360100030899048,3.3710999488830566,3.3499999046325684,3.3701000213623047,104975
2026-06-09 14:49:00+00:00,3.3701000213623047,3.380000114440918,3.369999885559082,3.3798999786376953,41629
2026-06-09 14:50:00+00:00,3.375,3.375,3.369999885559082,3.369999885559082,22069
2026-06-09 14:51:00+00:00,3.359999895095825,3.359999895095825,3.3450000286102295,3.3499999046325684,101606
2026-06-09 14:52:00+00:00,3.3450000286102295,3.3499999046325684,3.3399999141693115,3.349900007247925,105796
2026-06-09 14:53:00+00:00,3.3499999046325684,3.3550000190734863,3.3499999046325684,3.3499999046325684,75782
2026-06-09 14:54:00+00:00,3.3499999046325684,3.3499999046325684,3.3299999237060547,3.3299999237060547,80089
2026-06-09 14:55:00+00:00,3.3399999141693115,3.3399999141693115,3.3397998809814453,3.3399999141693115,38499
2026-06-09 14:56:00+00:00,3.3499999046325684,3.359999895095825,3.3498001098632812,3.359999895095825,156011
2026-06-09 14:57:00+00:00,3.360100030899048,3.365000009536743,3.3499999046325684,3.3499999046325684,254784
2026-06-09 14:58:00+00:00,3.3498001098632812,3.3498001098632812,3.340100049972534,3.340100049972534,29484
2026-06-09 15:00:00+00:00,3.340100049972534,3.340100049972534,3.3399999141693115,3.3399999141693115,61407
2026-06-09 15:01:00+00:00,3.3450000286102295,3.358299970626831,3.3450000286102295,3.358299970626831,94188
2026-06-09 15:02:00+00:00,3.3515000343322754,3.3515000343322754,3.3515000343322754,3.3515000343322754,6900
2026-06-09 15:03:00+00:00,3.3499999046325684,3.3506999015808105,3.3399999141693115,3.3399999141693115,140643
2026-06-09 15:04:00+00:00,3.3499999046325684,3.3499999046325684,3.3499999046325684,3.3499999046325684,103446
2026-06-09 15:05:00+00:00,3.359999895095825,3.375,3.359800100326538,3.375,62276
2026-06-09 15:06:00+00:00,3.369999885559082,3.370199918746948,3.359999895095825,3.359999895095825,142635
2026-06-09 15:08:00+00:00,3.3499999046325684,3.3499999046325684,3.3399999141693115,3.349900007247925,146649
2026-06-09 15:09:00+00:00,3.340100049972534,3.3450000286102295,3.3399999141693115,3.3399999141693115,32253
2026-06-09 15:10:00+00:00,3.3299999237060547,3.3299999237060547,3.319999933242798,3.329900026321411,48327
2026-06-09 15:11:00+00:00,3.329900026321411,3.3299999237060547,3.3201000690460205,3.3201000690460205,79566
2026-06-09 15:12:00+00:00,3.3299999237060547,3.3450000286102295,3.3299999237060547,3.3450000286102295,53235
2026-06-09 15:13:00+00:00,3.3450000286102295,3.3450000286102295,3.3299999237060547,3.3301000595092773,105831
2026-06-09 15:14:00+00:00,3.3299999237060547,3.3399999141693115,3.3299999237060547,3.3399999141693115,36033
2026-06-09 15:15:00+00:00,3.339900016784668,3.3450000286102295,3.3350000381469727,3.3450000286102295,64405
2026-06-09 15:16:00+00:00,3.340100049972534,3.3450000286102295,3.340100049972534,3.3450000286102295,12915
2026-06-09 15:17:00+00:00,3.359999895095825,3.359999895095825,3.359999895095825,3.359999895095825,1010
2026-06-09 15:18:00+00:00,3.3550000190734863,3.3550000190734863,3.350100040435791,3.350100040435791,6793
2026-06-09 15:19:00+00:00,3.359800100326538,3.365000009536743,3.359800100326538,3.365000009536743,59320
2026-06-09 15:20:00+00:00,3.360100030899048,3.360100030899048,3.3499999046325684,3.3499999046325684,72145
2026-06-09 15:21:00+00:00,3.3598999977111816,3.359999895095825,3.3550000190734863,3.359999895095825,71800
2026-06-09 15:22:00+00:00,3.3698999881744385,3.380000114440918,3.3698999881744385,3.3798999786376953,14070
2026-06-09 15:23:00+00:00,3.3701000213623047,3.3949999809265137,3.3701000213623047,3.3901000022888184,35972
2026-06-09 15:24:00+00:00,3.3949999809265137,3.3949999809265137,3.3901000022888184,3.3901000022888184,20051
2026-06-09 15:25:00+00:00,3.3949999809265137,3.4000000953674316,3.390000104904175,3.4000000953674316,51510
2026-06-09 15:26:00+00:00,3.4000000953674316,3.4200000762939453,3.4000000953674316,3.4200000762939453,3965
2026-06-09 15:27:00+00:00,3.4198999404907227,3.4198999404907227,3.4149999618530273,3.4149999618530273,3148
2026-06-09 15:28:00+00:00,3.4189999103546143,3.4298999309539795,3.4189999103546143,3.4298999309539795,56786
2026-06-09 15:29:00+00:00,3.4298999309539795,3.440000057220459,3.4200000762939453,3.4200000762939453,116561
2026-06-09 15:30:00+00:00,3.430000066757202,3.430000066757202,3.4200000762939453,3.4200000762939453,28966
2026-06-09 15:31:00+00:00,3.424499988555908,3.4302000999450684,3.424499988555908,3.4302000999450684,116413
2026-06-09 15:32:00+00:00,3.4300999641418457,3.440000057220459,3.4200000762939453,3.440000057220459,188562
2026-06-09 15:33:00+00:00,3.434999942779541,3.434999942779541,3.4200000762939453,3.4200000762939453,117501
2026-06-09 15:34:00+00:00,3.430000066757202,3.4370999336242676,3.430000066757202,3.4300999641418457,37375
2026-06-09 15:35:00+00:00,3.4300999641418457,3.440000057220459,3.4200000762939453,3.4202001094818115,110595
2026-06-09 15:36:00+00:00,3.424999952316284,3.4298999309539795,3.424999952316284,3.424999952316284,917
2026-06-09 15:37:00+00:00,3.424999952316284,3.424999952316284,3.4200000762939453,3.4200000762939453,15707
2026-06-09 15:38:00+00:00,3.4200000762939453,3.440000057220459,3.4200000762939453,3.4398999214172363,126586
2026-06-09 15:39:00+00:00,3.440000057220459,3.440000057220459,3.420099973678589,3.420099973678589,172739
2026-06-09 15:40:00+00:00,3.424999952316284,3.428999900817871,3.4149999618530273,3.428999900817871,15614
2026-06-09 15:41:00+00:00,3.4100000858306885,3.4210000038146973,3.4100000858306885,3.410099983215332,59525
2026-06-09 15:42:00+00:00,3.4100000858306885,3.4100000858306885,3.4000000953674316,3.400099992752075,52303
2026-06-09 15:43:00+00:00,3.4000000953674316,3.4049999713897705,3.4000000953674316,3.4049999713897705,11673
2026-06-09 15:44:00+00:00,3.4000000953674316,3.410099983215332,3.4000000953674316,3.4100000858306885,169014
2026-06-09 15:45:00+00:00,3.4100000858306885,3.4184999465942383,3.4000000953674316,3.410099983215332,423857
2026-06-09 15:46:00+00:00,3.4100000858306885,3.410099983215332,3.4049999713897705,3.4049999713897705,36449
2026-06-09 15:47:00+00:00,3.4049999713897705,3.4100000858306885,3.4049999713897705,3.4100000858306885,21951
2026-06-09 15:48:00+00:00,3.410099983215332,3.410099983215332,3.4000000953674316,3.4000000953674316,61830
2026-06-09 15:49:00+00:00,3.4049999713897705,3.410099983215332,3.4049999713897705,3.4100000858306885,89875
2026-06-09 15:50:00+00:00,3.4149999618530273,3.4149999618530273,3.4149999618530273,3.4149999618530273,302
2026-06-09 15:51:00+00:00,3.4100000858306885,3.4100000858306885,3.3949999809265137,3.3949999809265137,81015
2026-06-09 15:52:00+00:00,3.391900062561035,3.4100000858306885,3.391900062561035,3.4000000953674316,34795
2026-06-09 15:53:00+00:00,3.409899950027466,3.409899950027466,3.4049999713897705,3.4049999713897705,22674
2026-06-09 15:54:00+00:00,3.4100000858306885,3.4298999309539795,3.4100000858306885,3.4298999309539795,50511
2026-06-09 15:55:00+00:00,3.420099973678589,3.43969988822937,3.420099973678589,3.43969988822937,38809
2026-06-09 15:56:00+00:00,3.434999942779541,3.4500999450683594,3.434999942779541,3.4500999450683594,77682
2026-06-09 15:57:00+00:00,3.4600000381469727,3.4700000286102295,3.4600000381469727,3.469899892807007,57138
2026-06-09 15:58:00+00:00,3.4649999141693115,3.4800000190734863,3.4649999141693115,3.4749999046325684,165474
2026-06-09 15:59:00+00:00,3.4700000286102295,3.4749999046325684,3.4600000381469727,3.4749999046325684,107474
2026-06-09 16:00:00+00:00,3.4749999046325684,3.4800000190734863,3.4600000381469727,3.469899892807007,123250
2026-06-09 16:01:00+00:00,3.4649999141693115,3.470099925994873,3.4600000381469727,3.460099935531616,113634
2026-06-09 16:02:00+00:00,3.45989990234375,3.4649999141693115,3.45989990234375,3.4649999141693115,100170
2026-06-09 16:03:00+00:00,3.469899892807007,3.4700000286102295,3.4500999450683594,3.4600000381469727,218556
2026-06-09 16:04:00+00:00,3.4649999141693115,3.469899892807007,3.4600000381469727,3.469899892807007,21309
2026-06-09 16:05:00+00:00,3.4700000286102295,3.4800000190734863,3.4700000286102295,3.4800000190734863,91164
2026-06-09 16:06:00+00:00,3.484999895095825,3.494999885559082,3.4800000190734863,3.4804999828338623,166678
2026-06-09 16:07:00+00:00,3.4899001121520996,3.4900999069213867,3.4800000190734863,3.4900999069213867,39415
2026-06-09 16:08:00+00:00,3.5,3.51990008354187,3.5,3.51990008354187,77910
2026-06-09 16:09:00+00:00,3.5100998878479004,3.5199999809265137,3.5099000930786133,3.5100998878479004,274885
2026-06-09 16:10:00+00:00,3.5100998878479004,3.51990008354187,3.5,3.511100053787231,112228
2026-06-09 16:11:00+00:00,3.5100998878479004,3.51990008354187,3.5,3.509999990463257,236150
2026-06-09 16:12:00+00:00,3.515000104904175,3.5250000953674316,3.515000104904175,3.5199999809265137,69523
2026-06-09 16:13:00+00:00,3.5299999713897705,3.5299999713897705,3.515000104904175,3.515000104904175,97735
2026-06-09 16:14:00+00:00,3.5199999809265137,3.5215001106262207,3.5199999809265137,3.5201001167297363,101427
2026-06-09 16:15:00+00:00,3.509999990463257,3.5299999713897705,3.509999990463257,3.529900074005127,276293
2026-06-09 16:16:00+00:00,3.5399999618530273,3.549799919128418,3.5299999713897705,3.5399999618530273,273547
2026-06-09 16:17:00+00:00,3.541800022125244,3.549999952316284,3.541800022125244,3.547199964523315,49634
2026-06-09 16:18:00+00:00,3.555000066757202,3.555000066757202,3.555000066757202,3.555000066757202,4346
2026-06-09 16:19:00+00:00,3.5599000453948975,3.579900026321411,3.556299924850464,3.575000047683716,201547
2026-06-09 16:20:00+00:00,3.575000047683716,3.579900026321411,3.569999933242798,3.579900026321411,35914
2026-06-09 16:21:00+00:00,3.559999942779541,3.5699000358581543,3.549999952316284,3.559999942779541,135690
2026-06-09 16:22:00+00:00,3.5599000453948975,3.565000057220459,3.549999952316284,3.555000066757202,68284
2026-06-09 16:23:00+00:00,3.559999942779541,3.5601000785827637,3.555000066757202,3.5599000453948975,148608
2026-06-09 16:24:00+00:00,3.5601000785827637,3.5601000785827637,3.5450000762939453,3.549999952316284,162960
2026-06-09 16:25:00+00:00,3.5450000762939453,3.5450000762939453,3.5399999618530273,3.5399999618530273,77748
2026-06-09 16:26:00+00:00,3.5401999950408936,3.549999952316284,3.5399999618530273,3.549999952316284,77385
2026-06-09 16:27:00+00:00,3.558500051498413,3.5601000785827637,3.5510001182556152,3.555000066757202,332404
2026-06-09 16:28:00+00:00,3.559999942779541,3.5699000358581543,3.549999952316284,3.549999952316284,201442
2026-06-09 16:29:00+00:00,3.555000066757202,3.559999942779541,3.550299882888794,3.559999942779541,10876
2026-06-09 16:30:00+00:00,3.559999942779541,3.575000047683716,3.559999942779541,3.575000047683716,54929
2026-06-09 16:31:00+00:00,3.575000047683716,3.575000047683716,3.559999942779541,3.559999942779541,70319
2026-06-09 16:32:00+00:00,3.56030011177063,3.56030011177063,3.5450000762939453,3.555000066757202,112124
2026-06-09 16:33:00+00:00,3.5599000453948975,3.5599000453948975,3.550100088119507,3.555000066757202,45982
2026-06-09 16:34:00+00:00,3.565000057220459,3.569999933242798,3.5597000122070312,3.569999933242798,123648
2026-06-09 16:35:00+00:00,3.5699000358581543,3.5699000358581543,3.559999942779541,3.559999942779541,91896
2026-06-09 16:36:00+00:00,3.559999942779541,3.559999942779541,3.5511999130249023,3.5511999130249023,12111
2026-06-09 16:37:00+00:00,3.5601000785827637,3.5701000690460205,3.5601000785827637,3.5699000358581543,25125
2026-06-09 16:38:00+00:00,3.569700002670288,3.5999999046325684,3.569700002670288,3.5999999046325684,350765
2026-06-09 16:39:00+00:00,3.600100040435791,3.6298999786376953,3.600100040435791,3.619999885559082,103881
2026-06-09 16:40:00+00:00,3.619999885559082,3.619999885559082,3.610100030899048,3.619699954986572,42827
2026-06-09 16:41:00+00:00,3.615000009536743,3.615000009536743,3.5950000286102295,3.600100040435791,110247
2026-06-09 16:42:00+00:00,3.600100040435791,3.600600004196167,3.5913000106811523,3.598900079727173,64154
2026-06-09 16:43:00+00:00,3.589900016784668,3.589900016784668,3.569999933242798,3.575000047683716,18012
2026-06-09 16:44:00+00:00,3.5799999237060547,3.5850000381469727,3.5799999237060547,3.5801000595092773,18229
2026-06-09 16:45:00+00:00,3.5850000381469727,3.5850000381469727,3.569999933242798,3.5801000595092773,125579
2026-06-09 16:46:00+00:00,3.575000047683716,3.5999999046325684,3.575000047683716,3.5999999046325684,26543
2026-06-09 16:47:00+00:00,3.600100040435791,3.6050000190734863,3.598099946975708,3.599900007247925,48321
2026-06-09 16:48:00+00:00,3.5950000286102295,3.5950000286102295,3.5950000286102295,3.5950000286102295,13554
2026-06-09 16:49:00+00:00,3.5999999046325684,3.5999999046325684,3.5899999141693115,3.5899999141693115,131039
2026-06-09 16:50:00+00:00,3.5899999141693115,3.59060001373291,3.5850000381469727,3.5899999141693115,74928
2026-06-09 16:51:00+00:00,3.5999999046325684,3.5999999046325684,3.589900016784668,3.589900016784668,62661
2026-06-09 16:52:00+00:00,3.5801000595092773,3.5999999046325684,3.5801000595092773,3.5999999046325684,87770
2026-06-09 16:53:00+00:00,3.5999999046325684,3.6050000190734863,3.590100049972534,3.5950000286102295,64954
2026-06-09 16:54:00+00:00,3.5950000286102295,3.6050000190734863,3.5950000286102295,3.6050000190734863,19657
2026-06-09 16:55:00+00:00,3.600100040435791,3.601300001144409,3.5850000381469727,3.5850000381469727,80058
2026-06-09 16:56:00+00:00,3.5801000595092773,3.5899999141693115,3.5801000595092773,3.5899999141693115,87063
2026-06-09 16:57:00+00:00,3.5950000286102295,3.5950000286102295,3.5799999237060547,3.5799999237060547,65037
2026-06-09 16:58:00+00:00,3.5850000381469727,3.5850000381469727,3.565000057220459,3.569999933242798,62924
2026-06-09 16:59:00+00:00,3.5601000785827637,3.565000057220459,3.549999952316284,3.5599000453948975,291393
2026-06-09 17:00:00+00:00,3.5599000453948975,3.5601999759674072,3.549999952316284,3.550100088119507,174685
2026-06-09 17:01:00+00:00,3.551500082015991,3.5601000785827637,3.549999952316284,3.559999942779541,35156
2026-06-09 17:02:00+00:00,3.559299945831299,3.5599000453948975,3.531899929046631,3.5383999347686768,31549
2026-06-09 17:03:00+00:00,3.5399999618530273,3.5399999618530273,3.5199999809265137,3.5201001167297363,161117
2026-06-09 17:04:00+00:00,3.5250000953674316,3.5250000953674316,3.515000104904175,3.515000104904175,3601
2026-06-09 17:05:00+00:00,3.515000104904175,3.5250000953674316,3.515000104904175,3.5250000953674316,48514
2026-06-09 17:06:00+00:00,3.5201001167297363,3.5250000953674316,3.5199999809265137,3.5250000953674316,49035
2026-06-09 17:07:00+00:00,3.5218000411987305,3.5250000953674316,3.5218000411987305,3.5250000953674316,121
2026-06-09 17:08:00+00:00,3.5297999382019043,3.5299999713897705,3.5297000408172607,3.529900074005127,66419
2026-06-09 17:09:00+00:00,3.530100107192993,3.530100107192993,3.5100998878479004,3.515000104904175,116008
2026-06-09 17:10:00+00:00,3.51990008354187,3.529900074005127,3.515000104904175,3.529900074005127,24546
2026-06-09 17:11:00+00:00,3.5299999713897705,3.5299999713897705,3.5100998878479004,3.5100998878479004,29208
2026-06-09 17:12:00+00:00,3.51990008354187,3.51990008354187,3.5106000900268555,3.5106000900268555,8249
2026-06-09 17:13:00+00:00,3.5197999477386475,3.5250000953674316,3.510200023651123,3.510200023651123,142556
2026-06-09 17:14:00+00:00,3.509999990463257,3.5100998878479004,3.505000114440918,3.505000114440918,16976
2026-06-09 17:15:00+00:00,3.505000114440918,3.515000104904175,3.5000998973846436,3.515000104904175,53159
2026-06-09 17:16:00+00:00,3.5190999507904053,3.5190999507904053,3.509999990463257,3.5100998878479004,32448
2026-06-09 17:17:00+00:00,3.509999990463257,3.509999990463257,3.505000114440918,3.505000114440918,19693
2026-06-09 17:18:00+00:00,3.4916999340057373,3.494999885559082,3.490000009536743,3.49020004272461,34480
2026-06-09 17:19:00+00:00,3.490000009536743,3.490999937057495,3.484999895095825,3.490000009536743,9360
2026-06-09 17:20:00+00:00,3.4899001121520996,3.490000009536743,3.4800000190734863,3.4800000190734863,41873
2026-06-09 17:21:00+00:00,3.470099925994873,3.4800000190734863,3.4700000286102295,3.470099925994873,37769
2026-06-09 17:22:00+00:00,3.4716999530792236,3.4800000190734863,3.4716999530792236,3.4800000190734863,25139
2026-06-09 17:23:00+00:00,3.4899001121520996,3.5,3.4899001121520996,3.5,42105
2026-06-09 17:24:00+00:00,3.494999885559082,3.5099000930786133,3.4899001121520996,3.490000009536743,55417
2026-06-09 17:25:00+00:00,3.4999001026153564,3.5011000633239746,3.4999001026153564,3.5011000633239746,105544
2026-06-09 17:26:00+00:00,3.5,3.5002999305725098,3.5,3.5,35546
2026-06-09 17:27:00+00:00,3.494999885559082,3.494999885559082,3.4899001121520996,3.4899001121520996,160532
2026-06-09 17:28:00+00:00,3.4800000190734863,3.4809999465942383,3.470099925994873,3.4800000190734863,169942
2026-06-09 17:29:00+00:00,3.4793999195098877,3.488300085067749,3.4749999046325684,3.488300085067749,16246
2026-06-09 17:30:00+00:00,3.490000009536743,3.490000009536743,3.4700000286102295,3.4899001121520996,40992
2026-06-09 17:31:00+00:00,3.4899001121520996,3.490000009536743,3.4899001121520996,3.490000009536743,178910
2026-06-09 17:32:00+00:00,3.481100082397461,3.481100082397461,3.4788999557495117,3.4788999557495117,49965
2026-06-09 17:34:00+00:00,3.4700000286102295,3.4700000286102295,3.4600000381469727,3.4649999141693115,138865
2026-06-09 17:35:00+00:00,3.4600000381469727,3.4798998832702637,3.4600000381469727,3.4798998832702637,17975
2026-06-09 17:36:00+00:00,3.4700000286102295,3.470099925994873,3.4649999141693115,3.4700000286102295,32573
2026-06-09 17:37:00+00:00,3.4649999141693115,3.4649999141693115,3.4602999687194824,3.4602999687194824,3672
2026-06-09 17:38:00+00:00,3.4649999141693115,3.4649999141693115,3.460099935531616,3.461400032043457,10955
2026-06-09 17:39:00+00:00,3.4612998962402344,3.4649999141693115,3.4612998962402344,3.4649999141693115,2108
2026-06-09 17:40:00+00:00,3.4500999450683594,3.45989990234375,3.4500999450683594,3.45989990234375,33410
2026-06-09 17:41:00+00:00,3.4518001079559326,3.4549999237060547,3.4518001079559326,3.4549999237060547,778
2026-06-09 17:42:00+00:00,3.4549999237060547,3.4549999237060547,3.444999933242798,3.444999933242798,8385
2026-06-09 17:43:00+00:00,3.440000057220459,3.440000057220459,3.440000057220459,3.440000057220459,50193
2026-06-09 17:44:00+00:00,3.450000047683716,3.459700107574463,3.450000047683716,3.4549999237060547,5544
2026-06-09 17:45:00+00:00,3.4549999237060547,3.460099935531616,3.4549999237060547,3.4600000381469727,47111
2026-06-09 17:46:00+00:00,3.4649999141693115,3.48009991645813,3.4649999141693115,3.48009991645813,22352
2026-06-09 17:47:00+00:00,3.48009991645813,3.494999885559082,3.4749999046325684,3.494999885559082,127710
2026-06-09 17:48:00+00:00,3.490000009536743,3.5,3.490000009536743,3.5,59573
2026-06-09 17:49:00+00:00,3.5,3.5,3.494999885559082,3.5,68186
2026-06-09 17:50:00+00:00,3.494999885559082,3.494999885559082,3.483599901199341,3.484999895095825,71570
2026-06-09 17:51:00+00:00,3.48009991645813,3.48009991645813,3.469899892807007,3.469899892807007,69839
2026-06-09 17:52:00+00:00,3.4697000980377197,3.4800000190734863,3.4649999141693115,3.4800000190734863,57188
2026-06-09 17:53:00+00:00,3.4798998832702637,3.481100082397461,3.4798998832702637,3.4800000190734863,56097
2026-06-09 17:54:00+00:00,3.481300115585327,3.481300115585327,3.481300115585327,3.481300115585327,0
2026-06-09 17:55:00+00:00,3.48009991645813,3.48009991645813,3.460099935531616,3.460099935531616,59953
2026-06-09 17:56:00+00:00,3.469899892807007,3.469899892807007,3.461699962615967,3.461699962615967,19800
2026-06-09 17:57:00+00:00,3.460099935531616,3.460099935531616,3.45989990234375,3.460099935531616,46812
2026-06-09 17:58:00+00:00,3.460099935531616,3.460099935531616,3.4500999450683594,3.4500999450683594,64802
2026-06-09 17:59:00+00:00,3.458400011062622,3.4600000381469727,3.4549999237060547,3.4600000381469727,48945
2026-06-09 18:00:00+00:00,3.4602999687194824,3.4611001014709473,3.460099935531616,3.460099935531616,26586
2026-06-09 18:01:00+00:00,3.4649999141693115,3.4649999141693115,3.4649999141693115,3.4649999141693115,3900
2026-06-09 18:02:00+00:00,3.4600000381469727,3.4649999141693115,3.4600000381469727,3.4649999141693115,6277
2026-06-09 18:03:00+00:00,3.460099935531616,3.4800000190734863,3.460099935531616,3.4700000286102295,173056
2026-06-09 18:04:00+00:00,3.4749999046325684,3.4749999046325684,3.4700000286102295,3.4749999046325684,63365
2026-06-09 18:05:00+00:00,3.4800000190734863,3.4800000190734863,3.4649999141693115,3.46589994430542,156656
2026-06-09 18:06:00+00:00,3.4700000286102295,3.4798998832702637,3.4649999141693115,3.470099925994873,151071
2026-06-09 18:07:00+00:00,3.4749999046325684,3.4749999046325684,3.460099935531616,3.460099935531616,26321
2026-06-09 18:08:00+00:00,3.4602999687194824,3.4649999141693115,3.450000047683716,3.450000047683716,24722
2026-06-09 18:09:00+00:00,3.4549999237060547,3.4600000381469727,3.4549999237060547,3.45989990234375,321390
2026-06-09 18:10:00+00:00,3.4600000381469727,3.460099935531616,3.45989990234375,3.460099935531616,116490
2026-06-09 18:11:00+00:00,3.4649999141693115,3.4700000286102295,3.460099935531616,3.460099935531616,32000
2026-06-09 18:12:00+00:00,3.460099935531616,3.4649999141693115,3.4600000381469727,3.4649999141693115,77796
2026-06-09 18:14:00+00:00,3.460099935531616,3.460099935531616,3.4583001136779785,3.4583001136779785,57015
2026-06-09 18:15:00+00:00,3.459700107574463,3.4649999141693115,3.459700107574463,3.4649999141693115,89709
2026-06-09 18:16:00+00:00,3.4600000381469727,3.4700000286102295,3.4600000381469727,3.4649999141693115,27001
2026-06-09 18:17:00+00:00,3.468899965286255,3.469899892807007,3.4600000381469727,3.4600000381469727,63702
2026-06-09 18:18:00+00:00,3.460099935531616,3.460099935531616,3.460099935531616,3.460099935531616,7803
2026-06-09 18:19:00+00:00,3.4549999237060547,3.4549999237060547,3.440000057220459,3.440000057220459,50610
2026-06-09 18:20:00+00:00,3.442500114440918,3.442500114440918,3.4402999877929688,3.4402999877929688,6510
2026-06-09 18:21:00+00:00,3.444999933242798,3.449899911880493,3.444999933242798,3.449899911880493,18530
2026-06-09 18:22:00+00:00,3.440000057220459,3.440000057220459,3.430000066757202,3.430000066757202,43800
2026-06-09 18:23:00+00:00,3.4388999938964844,3.4400999546051025,3.434999942779541,3.434999942779541,71666
2026-06-09 18:24:00+00:00,3.430000066757202,3.4300999641418457,3.430000066757202,3.4300999641418457,11942
2026-06-09 18:25:00+00:00,3.4398000240325928,3.4398000240325928,3.4398000240325928,3.4398000240325928,9901
2026-06-09 18:26:00+00:00,3.440000057220459,3.444999933242798,3.440000057220459,3.4400999546051025,23260
2026-06-09 18:27:00+00:00,3.4410998821258545,3.4410998821258545,3.4400999546051025,3.4400999546051025,64740
2026-06-09 18:28:00+00:00,3.4398999214172363,3.4398999214172363,3.4398999214172363,3.4398999214172363,10111
2026-06-09 18:30:00+00:00,3.434999942779541,3.434999942779541,3.4100000858306885,3.4198999404907227,113997
2026-06-09 18:31:00+00:00,3.4200000762939453,3.4205000400543213,3.4200000762939453,3.4200000762939453,86590
2026-06-09 18:32:00+00:00,3.424999952316284,3.424999952316284,3.424999952316284,3.424999952316284,296
2026-06-09 18:33:00+00:00,3.430000066757202,3.430000066757202,3.430000066757202,3.430000066757202,16779
2026-06-09 18:34:00+00:00,3.429800033569336,3.429800033569336,3.429800033569336,3.429800033569336,4395
2026-06-09 18:35:00+00:00,3.4296998977661133,3.430000066757202,3.4296998977661133,3.430000066757202,5100
2026-06-09 18:36:00+00:00,3.4298999309539795,3.430000066757202,3.4200000762939453,3.4202001094818115,90158
2026-06-09 18:37:00+00:00,3.4200000762939453,3.424999952316284,3.4200000762939453,3.424999952316284,8244
2026-06-09 18:40:00+00:00,3.4298999309539795,3.4298999309539795,3.420099973678589,3.420099973678589,6000
2026-06-09 18:41:00+00:00,3.424999952316284,3.4300999641418457,3.422100067138672,3.4300999641418457,130576
2026-06-09 18:42:00+00:00,3.430000066757202,3.430000066757202,3.430000066757202,3.430000066757202,9093
2026-06-09 18:44:00+00:00,3.434999942779541,3.440000057220459,3.434999942779541,3.440000057220459,17777
2026-06-09 18:45:00+00:00,3.4400999546051025,3.444999933242798,3.440000057220459,3.440000057220459,110807
2026-06-09 18:46:00+00:00,3.4398999214172363,3.440000057220459,3.4300999641418457,3.440000057220459,175502
2026-06-09 18:47:00+00:00,3.4398999214172363,3.4398999214172363,3.434999942779541,3.434999942779541,794
2026-06-09 18:49:00+00:00,3.440000057220459,3.440000057220459,3.440000057220459,3.440000057220459,4000
2026-06-09 18:52:00+00:00,3.4300999641418457,3.4300999641418457,3.4202001094818115,3.4202001094818115,38001
2026-06-09 18:53:00+00:00,3.420099973678589,3.424999952316284,3.420099973678589,3.424999952316284,14000
2026-06-09 18:54:00+00:00,3.4298999309539795,3.4300999641418457,3.424999952316284,3.430000066757202,100401
2026-06-09 18:55:00+00:00,3.4300999641418457,3.4300999641418457,3.424999952316284,3.424999952316284,47772
2026-06-09 18:56:00+00:00,3.4298999309539795,3.4298999309539795,3.4298999309539795,3.4298999309539795,36664
2026-06-09 18:57:00+00:00,3.420099973678589,3.420099973678589,3.4200000762939453,3.4200000762939453,17026
2026-06-09 18:58:00+00:00,3.424999952316284,3.424999952316284,3.410099983215332,3.410099983215332,65584
2026-06-09 18:59:00+00:00,3.4100000858306885,3.4100000858306885,3.4100000858306885,3.4100000858306885,10000
2026-06-09 19:00:00+00:00,3.4200000762939453,3.4200000762939453,3.4198999404907227,3.4198999404907227,41296
2026-06-09 19:02:00+00:00,3.4200000762939453,3.424999952316284,3.4149999618530273,3.416300058364868,76473
2026-06-09 19:03:00+00:00,3.4200000762939453,3.4200000762939453,3.4049999713897705,3.4049999713897705,22636
2026-06-09 19:04:00+00:00,3.4000000953674316,3.4000000953674316,3.390000104904175,3.390000104904175,28046
2026-06-09 19:05:00+00:00,3.399899959564209,3.4000000953674316,3.390000104904175,3.396399974822998,84554
2026-06-09 19:06:00+00:00,3.4000000953674316,3.4198999404907227,3.4000000953674316,3.4198999404907227,56603
2026-06-09 19:07:00+00:00,3.4100000858306885,3.4102001190185547,3.4100000858306885,3.4100000858306885,38960
2026-06-09 19:08:00+00:00,3.408600091934204,3.4198999404907227,3.408600091934204,3.4198999404907227,42627
2026-06-09 19:09:00+00:00,3.4200000762939453,3.4200000762939453,3.4198999404907227,3.4198999404907227,74000
2026-06-09 19:10:00+00:00,3.424999952316284,3.430000066757202,3.420099973678589,3.430000066757202,25611
2026-06-09 19:11:00+00:00,3.4300999641418457,3.4302000999450684,3.424999952316284,3.4300999641418457,65823
2026-06-09 19:12:00+00:00,3.4300999641418457,3.4382998943328857,3.4300999641418457,3.434999942779541,48449
2026-06-09 19:14:00+00:00,3.4388999938964844,3.4398999214172363,3.4388999938964844,3.4398999214172363,37100
2026-06-09 19:15:00+00:00,3.440000057220459,3.4549999237060547,3.4398999214172363,3.4500999450683594,100357
2026-06-09 19:16:00+00:00,3.4511001110076904,3.4549999237060547,3.4400999546051025,3.450000047683716,116766
2026-06-09 19:17:00+00:00,3.4511001110076904,3.4511001110076904,3.450000047683716,3.450000047683716,59900
2026-06-09 19:18:00+00:00,3.4549999237060547,3.4600000381469727,3.4511001110076904,3.4600000381469727,83036
2026-06-09 19:19:00+00:00,3.4609999656677246,3.4609999656677246,3.4600000381469727,3.4600000381469727,68160
2026-06-09 19:20:00+00:00,3.45989990234375,3.45989990234375,3.444999933242798,3.444999933242798,18585
2026-06-09 19:21:00+00:00,3.440000057220459,3.450000047683716,3.434999942779541,3.450000047683716,56287
2026-06-09 19:22:00+00:00,3.4502999782562256,3.4511001110076904,3.4500999450683594,3.4500999450683594,52700
2026-06-09 19:23:00+00:00,3.450000047683716,3.450000047683716,3.444999933242798,3.444999933242798,33120
2026-06-09 19:26:00+00:00,3.444999933242798,3.444999933242798,3.444999933242798,3.444999933242798,240
2026-06-09 19:27:00+00:00,3.440000057220459,3.440200090408325,3.440000057220459,3.440000057220459,21661
2026-06-09 19:28:00+00:00,3.430000066757202,3.430000066757202,3.430000066757202,3.430000066757202,5640
2026-06-09 19:29:00+00:00,3.4200000762939453,3.430000066757202,3.4200000762939453,3.430000066757202,33160
2026-06-09 19:30:00+00:00,3.4198999404907227,3.4200000762939453,3.4182000160217285,3.419800043106079,58600
2026-06-09 19:31:00+00:00,3.4100000858306885,3.4100000858306885,3.4049999713897705,3.4049999713897705,73645
2026-06-09 19:32:00+00:00,3.4049999713897705,3.4100000858306885,3.4049999713897705,3.409899950027466,52992
2026-06-09 19:33:00+00:00,3.410099983215332,3.4149999618530273,3.409899950027466,3.4149999618530273,50162
2026-06-09 19:34:00+00:00,3.4149999618530273,3.4149999618530273,3.4100000858306885,3.4100000858306885,5134
2026-06-09 19:35:00+00:00,3.4049999713897705,3.4149999618530273,3.4049999713897705,3.410099983215332,34018
2026-06-09 19:36:00+00:00,3.410099983215332,3.4198999404907227,3.4049999713897705,3.4198999404907227,81163
2026-06-09 19:37:00+00:00,3.4149999618530273,3.4149999618530273,3.4049999713897705,3.4049999713897705,83011
2026-06-09 19:38:00+00:00,3.409899950027466,3.4100000858306885,3.4049999713897705,3.4096999168395996,84656
2026-06-09 19:39:00+00:00,3.4100000858306885,3.4200000762939453,3.4100000858306885,3.4200000762939453,29719
2026-06-09 19:40:00+00:00,3.424999952316284,3.4400999546051025,3.424999952316284,3.440000057220459,289788
2026-06-09 19:41:00+00:00,3.444999933242798,3.444999933242798,3.4398999214172363,3.444999933242798,233147
2026-06-09 19:42:00+00:00,3.440000057220459,3.440000057220459,3.4200000762939453,3.4200000762939453,41116
2026-06-09 19:43:00+00:00,3.424999952316284,3.424999952316284,3.424999952316284,3.424999952316284,3260
2026-06-09 19:44:00+00:00,3.4298999309539795,3.4298999309539795,3.4298999309539795,3.4298999309539795,400
2026-06-09 19:46:00+00:00,3.424999952316284,3.424999952316284,3.4200000762939453,3.420099973678589,24415
2026-06-09 19:47:00+00:00,3.4296998977661133,3.440000057220459,3.420099973678589,3.440000057220459,110588
2026-06-09 19:48:00+00:00,3.4398999214172363,3.440000057220459,3.4398000240325928,3.440000057220459,48100
2026-06-09 19:50:00+00:00,3.430000066757202,3.430000066757202,3.4100000858306885,3.419800043106079,131044
2026-06-09 19:51:00+00:00,3.410099983215332,3.410099983215332,3.4049999713897705,3.4049999713897705,40958
2026-06-09 19:52:00+00:00,3.400099992752075,3.4100000858306885,3.400099992752075,3.409899950027466,43565
2026-06-09 19:53:00+00:00,3.4100000858306885,3.4100000858306885,3.4100000858306885,3.4100000858306885,373107
2026-06-09 19:54:00+00:00,3.410099983215332,3.4149999618530273,3.4100000858306885,3.4100000858306885,99939
2026-06-09 19:55:00+00:00,3.4000000953674316,3.4100000858306885,3.4000000953674316,3.4100000858306885,95284
2026-06-09 19:56:00+00:00,3.4000000953674316,3.4000000953674316,3.4000000953674316,3.4000000953674316,83448
2026-06-09 19:57:00+00:00,3.3949999809265137,3.3949999809265137,3.390000104904175,3.390000104904175,35582
2026-06-09 19:58:00+00:00,3.3898000717163086,3.390000104904175,3.380000114440918,3.380000114440918,36873
2026-06-09 19:59:00+00:00,3.371299982070923,3.371299982070923,3.369999885559082,3.369999885559082,56741
2026-06-09 20:00:00+00:00,3.36,3.36,3.36,3.36,0
2026-06-09 20:01:00+00:00,3.3697,3.3698,3.3697,3.3698,0
2026-06-09 20:03:00+00:00,3.36,3.36,3.36,3.36,0
2026-06-09 20:04:00+00:00,3.36,3.36,3.36,3.36,0
2026-06-09 20:05:00+00:00,3.3498,3.3498,3.3487,3.3487,0
2026-06-09 20:06:00+00:00,3.33,3.33,3.33,3.33,0
2026-06-09 20:07:00+00:00,3.33,3.34,3.33,3.34,0
2026-06-09 20:09:00+00:00,3.35,3.35,3.35,3.35,0
2026-06-09 20:10:00+00:00,3.36,3.36,3.35,3.35,0
2026-06-09 20:12:00+00:00,3.3713,3.3713,3.3713,3.3713,0
2026-06-09 20:13:00+00:00,3.38,3.38,3.3789,3.3789,0
2026-06-09 20:15:00+00:00,3.3702,3.3702,3.3702,3.3702,0
2026-06-09 20:18:00+00:00,3.3699,3.3699,3.3603,3.3603,0
2026-06-09 20:22:00+00:00,3.3703,3.3703,3.3703,3.3703,0
2026-06-09 20:29:00+00:00,3.38,3.38,3.3706,3.3706,0
2026-06-09 20:31:00+00:00,3.372,3.372,3.372,3.372,0
2026-06-09 20:34:00+00:00,3.3705,3.3705,3.3705,3.3705,0
2026-06-09 20:35:00+00:00,3.3799,3.3799,3.3799,3.3799,0
2026-06-09 20:43:00+00:00,3.37,3.37,3.37,3.37,0
2026-06-09 21:28:00+00:00,3.41,3.43,3.41,3.43,0
2026-06-09 21:34:00+00:00,3.41,3.41,3.41,3.41,0
2026-06-09 21:39:00+00:00,3.41,3.41,3.41,3.41,0
2026-06-09 21:40:00+00:00,3.3987,3.3987,3.3987,3.3987,0
2026-06-09 21:42:00+00:00,3.414,3.414,3.414,3.414,0
2026-06-09 21:47:00+00:00,3.4122,3.4122,3.4,3.4,0
2026-06-09 21:48:00+00:00,3.4,3.4,3.4,3.4,0
2026-06-09 21:50:00+00:00,3.41,3.41,3.41,3.41,0
2026-06-09 22:03:00+00:00,3.39,3.39,3.39,3.39,0
2026-06-09 22:08:00+00:00,3.3998,3.3998,3.3998,3.3998,0
2026-06-09 22:09:00+00:00,3.3987,3.3987,3.3987,3.3987,0
2026-06-09 22:10:00+00:00,3.4,3.4,3.4,3.4,0
2026-06-09 22:15:00+00:00,3.39,3.39,3.39,3.39,0
2026-06-09 22:21:00+00:00,3.3903,3.3903,3.3903,3.3903,0
2026-06-09 22:23:00+00:00,3.4,3.41,3.4,3.41,0
2026-06-09 22:24:00+00:00,3.4091,3.4091,3.4091,3.4091,0
2026-06-09 22:25:00+00:00,3.41,3.41,3.41,3.41,0
2026-06-09 22:33:00+00:00,3.4001,3.4001,3.4001,3.4001,0
2026-06-09 22:34:00+00:00,3.41,3.41,3.41,3.41,0
2026-06-09 22:36:00+00:00,3.41,3.415,3.41,3.415,0
2026-06-09 22:37:00+00:00,3.42,3.42,3.42,3.42,0
2026-06-09 22:38:00+00:00,3.4203,3.4203,3.4203,3.4203,0
2026-06-09 22:49:00+00:00,3.42,3.42,3.42,3.42,0
2026-06-09 22:54:00+00:00,3.4298,3.4298,3.4298,3.4298,0
2026-06-09 23:01:00+00:00,3.41,3.41,3.41,3.41,0
2026-06-09 23:03:00+00:00,3.4198,3.4198,3.4198,3.4198,0
2026-06-09 23:04:00+00:00,3.41,3.41,3.41,3.41,0
2026-06-09 23:07:00+00:00,3.41,3.41,3.4,3.4,0
2026-06-09 23:10:00+00:00,3.39,3.39,3.39,3.39,0
2026-06-09 23:23:00+00:00,3.42,3.42,3.42,3.42,0
2026-06-09 23:28:00+00:00,3.4197,3.4197,3.4197,3.4197,0
2026-06-09 23:30:00+00:00,3.42,3.42,3.42,3.42,0
2026-06-09 23:32:00+00:00,3.415,3.42,3.415,3.42,0
2026-06-09 23:36:00+00:00,3.41,3.4101,3.41,3.4101,0
2026-06-09 23:47:00+00:00,3.41,3.41,3.41,3.41,0
2026-06-09 23:49:00+00:00,3.4097,3.4097,3.4097,3.4097,0
2026-06-09 23:51:00+00:00,3.41,3.41,3.41,3.41,0
2026-06-10 08:00:00+00:00,3.47,3.48,3.44,3.44,0
2026-06-10 08:01:00+00:00,3.42,3.48,3.42,3.45,0
2026-06-10 08:09:00+00:00,3.45,3.45,3.45,3.45,0
2026-06-10 08:15:00+00:00,3.46,3.46,3.46,3.46,0
2026-06-10 08:33:00+00:00,3.45,3.45,3.45,3.45,0
2026-06-10 08:44:00+00:00,3.48,3.48,3.48,3.48,0
2026-06-10 08:47:00+00:00,3.4896,3.49,3.4896,3.4899,0
2026-06-10 08:57:00+00:00,3.48,3.48,3.48,3.48,0
2026-06-10 08:58:00+00:00,3.49,3.49,3.49,3.49,0
2026-06-10 09:16:00+00:00,3.5004,3.5004,3.5004,3.5004,0
2026-06-10 09:17:00+00:00,3.4994,3.4994,3.4994,3.4994,0
2026-06-10 09:27:00+00:00,3.4804,3.4804,3.4804,3.4804,0
2026-06-10 09:30:00+00:00,3.48,3.48,3.48,3.48,0
2026-06-10 09:39:00+00:00,3.47,3.47,3.47,3.47,0
2026-06-10 09:40:00+00:00,3.4785,3.4785,3.4785,3.4785,0
2026-06-10 09:43:00+00:00,3.48,3.48,3.48,3.48,0
2026-06-10 10:03:00+00:00,3.47,3.47,3.47,3.47,0
2026-06-10 10:15:00+00:00,3.4782,3.4782,3.4782,3.4782,0
2026-06-10 10:16:00+00:00,3.485,3.485,3.485,3.485,0
2026-06-10 10:31:00+00:00,3.4789,3.4789,3.4789,3.4789,0
2026-06-10 10:42:00+00:00,3.47,3.47,3.47,3.47,0
2026-06-10 11:00:00+00:00,3.4687,3.4699,3.4687,3.4699,0
2026-06-10 11:03:00+00:00,3.46,3.47,3.46,3.47,0
2026-06-10 11:04:00+00:00,3.4799,3.4799,3.4799,3.4799,0
2026-06-10 11:05:00+00:00,3.48,3.49,3.48,3.48,0
2026-06-10 11:07:00+00:00,3.4898,3.4898,3.4898,3.4898,0
2026-06-10 11:08:00+00:00,3.48,3.48,3.48,3.48,0
2026-06-10 11:09:00+00:00,3.48,3.48,3.48,3.48,0
2026-06-10 11:10:00+00:00,3.48,3.4894,3.48,3.4894,0
2026-06-10 11:14:00+00:00,3.49,3.49,3.48,3.48,0
2026-06-10 11:15:00+00:00,3.48,3.48,3.48,3.48,0
2026-06-10 11:18:00+00:00,3.48,3.48,3.48,3.48,0
2026-06-10 11:19:00+00:00,3.48,3.48,3.48,3.48,0
2026-06-10 11:25:00+00:00,3.49,3.49,3.49,3.49,0
2026-06-10 11:27:00+00:00,3.5,3.5,3.5,3.5,0
2026-06-10 11:29:00+00:00,3.49,3.49,3.49,3.49,0
2026-06-10 11:31:00+00:00,3.4887,3.4997,3.4887,3.4997,0
2026-06-10 11:32:00+00:00,3.4998,3.4998,3.4998,3.4998,0
2026-06-10 11:33:00+00:00,3.5,3.5,3.5,3.5,0
2026-06-10 11:35:00+00:00,3.5,3.5,3.5,3.5,0
2026-06-10 11:38:00+00:00,3.4913,3.4913,3.4913,3.4913,0
2026-06-10 11:39:00+00:00,3.5,3.5,3.4999,3.4999,0
2026-06-10 11:42:00+00:00,3.4999,3.4999,3.4999,3.4999,0
2026-06-10 11:44:00+00:00,3.4902,3.4902,3.4902,3.4902,0
2026-06-10 11:45:00+00:00,3.5,3.5,3.5,3.5,0
2026-06-10 11:46:00+00:00,3.5003,3.508,3.5003,3.508,0
2026-06-10 11:47:00+00:00,3.5079,3.51,3.5079,3.51,0
2026-06-10 11:48:00+00:00,3.51,3.51,3.51,3.51,0
2026-06-10 11:50:00+00:00,3.5,3.5,3.5,3.5,0
2026-06-10 11:52:00+00:00,3.49,3.49,3.49,3.49,0
2026-06-10 11:53:00+00:00,3.5,3.5,3.5,3.5,0
2026-06-10 11:56:00+00:00,3.4997,3.4997,3.4997,3.4997,0
2026-06-10 11:57:00+00:00,3.4998,3.4998,3.4998,3.4998,0
2026-06-10 11:58:00+00:00,3.4999,3.4999,3.4999,3.4999,0
2026-06-10 12:00:00+00:00,3.5,3.5,3.5,3.5,0
2026-06-10 12:06:00+00:00,3.4902,3.4902,3.4902,3.4902,0
2026-06-10 12:09:00+00:00,3.498,3.498,3.498,3.498,0
2026-06-10 12:12:00+00:00,3.4989,3.4989,3.4989,3.4989,0
2026-06-10 12:14:00+00:00,3.49,3.49,3.49,3.49,0
2026-06-10 12:16:00+00:00,3.5,3.5,3.5,3.5,0
2026-06-10 12:18:00+00:00,3.495,3.495,3.495,3.495,0
2026-06-10 12:20:00+00:00,3.4998,3.4998,3.4998,3.4998,0
2026-06-10 12:21:00+00:00,3.4913,3.5,3.4913,3.5,0
2026-06-10 12:22:00+00:00,3.4997,3.4997,3.4997,3.4997,0
2026-06-10 12:24:00+00:00,3.48,3.48,3.48,3.48,0
2026-06-10 12:26:00+00:00,3.485,3.485,3.485,3.485,0
2026-06-10 12:27:00+00:00,3.48,3.49,3.48,3.49,0
2026-06-10 12:29:00+00:00,3.49,3.49,3.49,3.49,0
2026-06-10 12:30:00+00:00,3.47,3.48,3.43,3.43,0
2026-06-10 12:31:00+00:00,3.44,3.44,3.44,3.44,0
2026-06-10 12:32:00+00:00,3.4482,3.4482,3.43,3.44,0
2026-06-10 12:33:00+00:00,3.4196,3.4196,3.3921,3.41,0
2026-06-10 12:34:00+00:00,3.3803,3.41,3.3803,3.41,0
2026-06-10 12:35:00+00:00,3.41,3.43,3.41,3.43,0
2026-06-10 12:36:00+00:00,3.42,3.42,3.4197,3.4197,0
2026-06-10 12:39:00+00:00,3.41,3.41,3.41,3.41,0
2026-06-10 12:40:00+00:00,3.4219,3.43,3.42,3.43,0
2026-06-10 12:41:00+00:00,3.43,3.43,3.42,3.4297,0
2026-06-10 12:42:00+00:00,3.41,3.41,3.41,3.41,0
2026-06-10 12:44:00+00:00,3.43,3.43,3.43,3.43,0
2026-06-10 12:47:00+00:00,3.42,3.42,3.42,3.42,0
2026-06-10 12:48:00+00:00,3.42,3.42,3.42,3.42,0
2026-06-10 12:50:00+00:00,3.4105,3.4105,3.4105,3.4105,0
2026-06-10 12:51:00+00:00,3.4197,3.4197,3.4197,3.4197,0
2026-06-10 12:52:00+00:00,3.42,3.43,3.42,3.43,0
2026-06-10 12:55:00+00:00,3.44,3.44,3.44,3.44,0
2026-06-10 12:56:00+00:00,3.4379,3.4383,3.4379,3.4383,0
2026-06-10 12:59:00+00:00,3.43,3.44,3.43,3.44,0
2026-06-10 13:00:00+00:00,3.44,3.44,3.44,3.44,0
2026-06-10 13:02:00+00:00,3.4398,3.4398,3.4379,3.4379,0
2026-06-10 13:04:00+00:00,3.4473,3.4473,3.4473,3.4473,0
2026-06-10 13:06:00+00:00,3.4498,3.45,3.4498,3.45,0
2026-06-10 13:07:00+00:00,3.4473,3.4473,3.4473,3.4473,0
2026-06-10 13:08:00+00:00,3.45,3.45,3.45,3.45,0
2026-06-10 13:09:00+00:00,3.4473,3.4473,3.44,3.44,0
2026-06-10 13:10:00+00:00,3.4381,3.4381,3.4301,3.4301,0
2026-06-10 13:11:00+00:00,3.44,3.44,3.44,3.44,0
2026-06-10 13:18:00+00:00,3.4489,3.4489,3.4489,3.4489,0
2026-06-10 13:21:00+00:00,3.44,3.44,3.4397,3.4397,0
2026-06-10 13:22:00+00:00,3.44,3.44,3.4399,3.4399,0
2026-06-10 13:24:00+00:00,3.43,3.43,3.43,3.43,0
2026-06-10 13:25:00+00:00,3.43,3.43,3.4197,3.4197,0
2026-06-10 13:27:00+00:00,3.4,3.4,3.4,3.4,0
2026-06-10 13:28:00+00:00,3.41,3.4198,3.41,3.4198,0
2026-06-10 13:30:00+00:00,3.434999942779541,3.440000057220459,3.390000104904175,3.4000000953674316,821000
2026-06-10 13:31:00+00:00,3.4000000953674316,3.4300999641418457,3.4000000953674316,3.4200000762939453,58670
2026-06-10 13:32:00+00:00,3.4100000858306885,3.424999952316284,3.4049999713897705,3.424999952316284,70854
2026-06-10 13:33:00+00:00,3.4200000762939453,3.434999942779541,3.41129994392395,3.4200000762939453,59517
2026-06-10 13:34:00+00:00,3.4200000762939453,3.434999942779541,3.4200000762939453,3.434999942779541,49728
2026-06-10 13:35:00+00:00,3.4300999641418457,3.4398999214172363,3.4100000858306885,3.4149999618530273,76484
2026-06-10 13:36:00+00:00,3.4100000858306885,3.4100000858306885,3.4000000953674316,3.4000000953674316,125316
2026-06-10 13:37:00+00:00,3.4000000953674316,3.4100000858306885,3.4000000953674316,3.4000000953674316,117638
2026-06-10 13:38:00+00:00,3.3949999809265137,3.3949999809265137,3.369999885559082,3.375,114080
2026-06-10 13:39:00+00:00,3.375,3.4049999713897705,3.375,3.4049999713897705,56004
2026-06-10 13:40:00+00:00,3.4049999713897705,3.4149999618530273,3.4049999713897705,3.4149999618530273,15651
2026-06-10 13:41:00+00:00,3.4200000762939453,3.444999933242798,3.4198999404907227,3.444999933242798,168961
2026-06-10 13:42:00+00:00,3.444999933242798,3.444999933242798,3.430000066757202,3.430000066757202,64230
2026-06-10 13:43:00+00:00,3.4200000762939453,3.4200000762939453,3.4100000858306885,3.4100000858306885,95723
2026-06-10 13:44:00+00:00,3.4100000858306885,3.4100000858306885,3.390000104904175,3.3949999809265137,8569
2026-06-10 13:45:00+00:00,3.4000000953674316,3.409899950027466,3.390000104904175,3.4000000953674316,129077
2026-06-10 13:46:00+00:00,3.399899959564209,3.409899950027466,3.3949999809265137,3.400099992752075,29837
2026-06-10 13:47:00+00:00,3.4000000953674316,3.4000000953674316,3.380000114440918,3.380000114440918,102169
2026-06-10 13:48:00+00:00,3.3715999126434326,3.3715999126434326,3.369999885559082,3.369999885559082,39816
2026-06-10 13:49:00+00:00,3.359999895095825,3.365000009536743,3.359999895095825,3.365000009536743,55943
2026-06-10 13:50:00+00:00,3.3698999881744385,3.3949999809265137,3.3698999881744385,3.390000104904175,21183
2026-06-10 13:51:00+00:00,3.384999990463257,3.390000104904175,3.380000114440918,3.390000104904175,33552
2026-06-10 13:52:00+00:00,3.4000000953674316,3.4000000953674316,3.4000000953674316,3.4000000953674316,22196
2026-06-10 13:53:00+00:00,3.4049999713897705,3.4100000858306885,3.4000000953674316,3.4100000858306885,28960
2026-06-10 13:54:00+00:00,3.410099983215332,3.4200000762939453,3.410099983215332,3.4200000762939453,24510
2026-06-10 13:55:00+00:00,3.4200000762939453,3.420099973678589,3.4149999618530273,3.4149999618530273,59538
2026-06-10 13:56:00+00:00,3.4149999618530273,3.4149999618530273,3.4100000858306885,3.4100000858306885,92150
2026-06-10 13:57:00+00:00,3.4200000762939453,3.4200000762939453,3.410099983215332,3.410099983215332,108250
2026-06-10 13:58:00+00:00,3.4198999404907227,3.4198999404907227,3.4198999404907227,3.4198999404907227,3632
2026-06-10 13:59:00+00:00,3.4200000762939453,3.430000066757202,3.4200000762939453,3.430000066757202,69293
2026-06-10 14:00:00+00:00,3.420099973678589,3.420099973678589,3.4100000858306885,3.4200000762939453,33318
2026-06-10 14:01:00+00:00,3.4298999309539795,3.4302000999450684,3.420099973678589,3.420099973678589,92662
2026-06-10 14:02:00+00:00,3.4398999214172363,3.4398999214172363,3.420099973678589,3.420099973678589,24143
2026-06-10 14:03:00+00:00,3.4200000762939453,3.420099973678589,3.4100000858306885,3.410099983215332,55715
2026-06-10 14:04:00+00:00,3.4149999618530273,3.4149999618530273,3.4149999618530273,3.4149999618530273,1267
2026-06-10 14:05:00+00:00,3.4200000762939453,3.430000066757202,3.4200000762939453,3.430000066757202,10293
2026-06-10 14:06:00+00:00,3.4100000858306885,3.4100000858306885,3.4049999713897705,3.4049999713897705,3957
2026-06-10 14:07:00+00:00,3.4100000858306885,3.4100000858306885,3.4100000858306885,3.4100000858306885,2626
2026-06-10 14:09:00+00:00,3.380000114440918,3.384999990463257,3.380000114440918,3.3815999031066895,20678
2026-06-10 14:10:00+00:00,3.390000104904175,3.4000000953674316,3.384999990463257,3.4000000953674316,94890
2026-06-10 14:11:00+00:00,3.3901000022888184,3.4000000953674316,3.3901000022888184,3.4000000953674316,14287
2026-06-10 14:12:00+00:00,3.3801000118255615,3.384999990463257,3.3801000118255615,3.384999990463257,5250
2026-06-10 14:13:00+00:00,3.389899969100952,3.399899959564209,3.384999990463257,3.399899959564209,84798
2026-06-10 14:14:00+00:00,3.3949999809265137,3.4000000953674316,3.3949999809265137,3.4000000953674316,35306
2026-06-10 14:15:00+00:00,3.400099992752075,3.400099992752075,3.4000000953674316,3.400099992752075,139092
2026-06-10 14:16:00+00:00,3.410099983215332,3.410099983215332,3.409899950027466,3.409899950027466,53873
2026-06-10 14:17:00+00:00,3.4000000953674316,3.4049999713897705,3.399899959564209,3.4049999713897705,159962
2026-06-10 14:18:00+00:00,3.409899950027466,3.409899950027466,3.409899950027466,3.409899950027466,3766
2026-06-10 14:19:00+00:00,3.4100000858306885,3.4100000858306885,3.400099992752075,3.4049999713897705,85363
2026-06-10 14:20:00+00:00,3.4000000953674316,3.4000000953674316,3.3949999809265137,3.4000000953674316,133977
2026-06-10 14:21:00+00:00,3.409899950027466,3.4100000858306885,3.4000000953674316,3.4049999713897705,20774
2026-06-10 14:22:00+00:00,3.4000000953674316,3.400099992752075,3.4000000953674316,3.4000000953674316,65410
2026-06-10 14:23:00+00:00,3.4000000953674316,3.4000000953674316,3.380000114440918,3.3801000118255615,74625
2026-06-10 14:24:00+00:00,3.3801000118255615,3.380199909210205,3.380000114440918,3.380000114440918,71317
2026-06-10 14:25:00+00:00,3.3798999786376953,3.384999990463257,3.3798999786376953,3.384999990463257,73940
2026-06-10 14:26:00+00:00,3.3798999786376953,3.3798999786376953,3.3701000213623047,3.3798999786376953,50715
2026-06-10 14:27:00+00:00,3.384999990463257,3.384999990463257,3.369999885559082,3.375,76479
2026-06-10 14:28:00+00:00,3.3789000511169434,3.399899959564209,3.378700017929077,3.3901000022888184,157675
2026-06-10 14:30:00+00:00,3.3801000118255615,3.3801000118255615,3.380000114440918,3.380000114440918,36373
2026-06-10 14:31:00+00:00,3.375,3.384999990463257,3.375,3.384999990463257,61991
2026-06-10 14:32:00+00:00,3.390000104904175,3.390000104904175,3.384999990463257,3.389899969100952,60230
2026-06-10 14:33:00+00:00,3.3801000118255615,3.390000104904175,3.380000114440918,3.380000114440918,66036
2026-06-10 14:34:00+00:00,3.369999885559082,3.3701000213623047,3.359999895095825,3.365000009536743,58827
2026-06-10 14:35:00+00:00,3.3698999881744385,3.375,3.361000061035156,3.375,50337
2026-06-10 14:37:00+00:00,3.373500108718872,3.3798999786376953,3.373500108718872,3.3798999786376953,25154
2026-06-10 14:38:00+00:00,3.375,3.375,3.375,3.375,10000
2026-06-10 14:39:00+00:00,3.369999885559082,3.384999990463257,3.369999885559082,3.3801000118255615,145433
2026-06-10 14:40:00+00:00,3.380000114440918,3.380000114440918,3.375,3.3798999786376953,51499
2026-06-10 14:41:00+00:00,3.3798999786376953,3.384999990463257,3.3798999786376953,3.384999990463257,118323
2026-06-10 14:42:00+00:00,3.375,3.390000104904175,3.375,3.390000104904175,59856
2026-06-10 14:43:00+00:00,3.389899969100952,3.389899969100952,3.384999990463257,3.384999990463257,8846
2026-06-10 14:44:00+00:00,3.3898000717163086,3.3949999809265137,3.3898000717163086,3.3949999809265137,69784
2026-06-10 14:45:00+00:00,3.4000000953674316,3.4100000858306885,3.4000000953674316,3.4000000953674316,74332
2026-06-10 14:46:00+00:00,3.409899950027466,3.4100000858306885,3.390300035476685,3.399899959564209,80163
2026-06-10 14:47:00+00:00,3.390199899673462,3.4100000858306885,3.390199899673462,3.4049999713897705,173322
2026-06-10 14:48:00+00:00,3.409899950027466,3.4189999103546143,3.4049999713897705,3.4149999618530273,264258
2026-06-10 14:49:00+00:00,3.4149999618530273,3.424999952316284,3.4149999618530273,3.4200000762939453,256549
2026-06-10 14:50:00+00:00,3.4198999404907227,3.4198999404907227,3.400099992752075,3.400099992752075,37618
2026-06-10 14:51:00+00:00,3.4003000259399414,3.4003000259399414,3.3949999809265137,3.399899959564209,285861
2026-06-10 14:52:00+00:00,3.4100000858306885,3.4200000762939453,3.409899950027466,3.4149999618530273,114820
2026-06-10 14:53:00+00:00,3.410099983215332,3.4149999618530273,3.4100000858306885,3.4149999618530273,195249
2026-06-10 14:54:00+00:00,3.4184000492095947,3.4198999404907227,3.410099983215332,3.4198999404907227,21615
2026-06-10 14:55:00+00:00,3.4149999618530273,3.433500051498413,3.4149999618530273,3.433500051498413,176231
2026-06-10 14:56:00+00:00,3.4398999214172363,3.450000047683716,3.434999942779541,3.440000057220459,223532
2026-06-10 14:57:00+00:00,3.449899911880493,3.4609999656677246,3.444999933242798,3.4600000381469727,167910
2026-06-10 14:58:00+00:00,3.4649999141693115,3.4649999141693115,3.4500999450683594,3.45989990234375,351277
2026-06-10 14:59:00+00:00,3.45989990234375,3.45989990234375,3.444999933242798,3.450000047683716,172740
2026-06-10 15:00:00+00:00,3.449899911880493,3.4649999141693115,3.4498000144958496,3.460099935531616,339679
2026-06-10 15:01:00+00:00,3.460099935531616,3.460099935531616,3.438999891281128,3.440000057220459,228337
2026-06-10 15:02:00+00:00,3.4398000240325928,3.449899911880493,3.4398000240325928,3.440000057220459,302773
2026-06-10 15:03:00+00:00,3.4398999214172363,3.449899911880493,3.434999942779541,3.449899911880493,360880
2026-06-10 15:04:00+00:00,3.4498000144958496,3.4649999141693115,3.4498000144958496,3.4600000381469727,221258
2026-06-10 15:05:00+00:00,3.45989990234375,3.469899892807007,3.450000047683716,3.4600000381469727,342611
2026-06-10 15:06:00+00:00,3.4600000381469727,3.4700000286102295,3.4600000381469727,3.469899892807007,90119
2026-06-10 15:07:00+00:00,3.469899892807007,3.4798998832702637,3.4649999141693115,3.4798998832702637,161381
2026-06-10 15:08:00+00:00,3.4800000190734863,3.490000009536743,3.4798998832702637,3.490000009536743,111610
2026-06-10 15:09:00+00:00,3.484999895095825,3.484999895095825,3.484999895095825,3.484999895095825,15732
2026-06-10 15:10:00+00:00,3.481800079345703,3.490000009536743,3.4800000190734863,3.490000009536743,169663
2026-06-10 15:11:00+00:00,3.4900999069213867,3.498300075531006,3.490000009536743,3.4911000728607178,129232
2026-06-10 15:12:00+00:00,3.5,3.509999990463257,3.4999001026153564,3.5,177380
2026-06-10 15:13:00+00:00,3.500999927520752,3.503499984741211,3.484999895095825,3.490000009536743,535519
2026-06-10 15:14:00+00:00,3.490000009536743,3.505000114440918,3.4899001121520996,3.5000998973846436,331767
2026-06-10 15:15:00+00:00,3.5099000930786133,3.515000104904175,3.5088999271392822,3.515000104904175,100525
2026-06-10 15:16:00+00:00,3.509999990463257,3.515000104904175,3.5000998973846436,3.5099000930786133,150963
2026-06-10 15:17:00+00:00,3.509999990463257,3.5201001167297363,3.505000114440918,3.5201001167297363,225049
2026-06-10 15:18:00+00:00,3.5213000774383545,3.5350000858306885,3.5213000774383545,3.530100107192993,387061
2026-06-10 15:19:00+00:00,3.530100107192993,3.5399999618530273,3.5199999809265137,3.521199941635132,110807
2026-06-10 15:20:00+00:00,3.5297999382019043,3.5297999382019043,3.5199999809265137,3.5250000953674316,95504
2026-06-10 15:21:00+00:00,3.5199999809265137,3.5199999809265137,3.5100998878479004,3.5114998817443848,82018
2026-06-10 15:22:00+00:00,3.515000104904175,3.515000104904175,3.5,3.5100998878479004,397455
2026-06-10 15:23:00+00:00,3.5000998973846436,3.5000998973846436,3.490000009536743,3.4900999069213867,282743
2026-06-10 15:24:00+00:00,3.494999885559082,3.494999885559082,3.48009991645813,3.4900999069213867,187186
2026-06-10 15:25:00+00:00,3.490000009536743,3.4900999069213867,3.4700000286102295,3.4749999046325684,247910
2026-06-10 15:26:00+00:00,3.4800000190734863,3.490000009536743,3.4749999046325684,3.4899001121520996,150905
2026-06-10 15:27:00+00:00,3.4899001121520996,3.494999885559082,3.4899001121520996,3.494999885559082,55853
2026-06-10 15:28:00+00:00,3.4900999069213867,3.4900999069213867,3.489000082015991,3.490000009536743,132401
2026-06-10 15:30:00+00:00,3.494999885559082,3.4999001026153564,3.484999895095825,3.484999895095825,56701
2026-06-10 15:31:00+00:00,3.490000009536743,3.490000009536743,3.484999895095825,3.4899001121520996,56473
2026-06-10 15:32:00+00:00,3.4899001121520996,3.493499994277954,3.4899001121520996,3.4900999069213867,80220
2026-06-10 15:33:00+00:00,3.4900999069213867,3.505000114440918,3.4900999069213867,3.505000114440918,40725
2026-06-10 15:34:00+00:00,3.5011000633239746,3.5011000633239746,3.5,3.5,61301
2026-06-10 15:35:00+00:00,3.494999885559082,3.5,3.494999885559082,3.4999001026153564,40060
2026-06-10 15:36:00+00:00,3.4999001026153564,3.5,3.4900999069213867,3.4900999069213867,96840
2026-06-10 15:37:00+00:00,3.4999001026153564,3.4999001026153564,3.4999001026153564,3.4999001026153564,0
2026-06-10 15:38:00+00:00,3.5,3.5,3.4999001026153564,3.5,31161
2026-06-10 15:39:00+00:00,3.505000114440918,3.509999990463257,3.5,3.5000998973846436,174392
2026-06-10 15:42:00+00:00,3.484999895095825,3.494999885559082,3.484999895095825,3.494999885559082,89126
2026-06-10 15:43:00+00:00,3.490000009536743,3.494999885559082,3.4899001121520996,3.4899001121520996,110458
2026-06-10 15:44:00+00:00,3.49020004272461,3.49020004272461,3.48009991645813,3.48009991645813,50750
2026-06-10 15:45:00+00:00,3.481300115585327,3.484999895095825,3.481300115585327,3.484999895095825,4086
2026-06-10 15:46:00+00:00,3.479300022125244,3.484999895095825,3.4749999046325684,3.4749999046325684,121190
2026-06-10 15:47:00+00:00,3.4798998832702637,3.490000009536743,3.4749999046325684,3.490000009536743,160310
2026-06-10 15:48:00+00:00,3.4999001026153564,3.5201001167297363,3.494999885559082,3.5199999809265137,333921
2026-06-10 15:49:00+00:00,3.5199999809265137,3.5199999809265137,3.505000114440918,3.5199999809265137,180560
2026-06-10 15:50:00+00:00,3.5100998878479004,3.5250000953674316,3.5000998973846436,3.5201001167297363,346739
2026-06-10 15:51:00+00:00,3.5199999809265137,3.5299999713897705,3.515000104904175,3.529900074005127,159664
2026-06-10 15:52:00+00:00,3.5250000953674316,3.5299999713897705,3.5199999809265137,3.5201001167297363,63002
2026-06-10 15:53:00+00:00,3.5100998878479004,3.5100998878479004,3.505000114440918,3.505000114440918,83265
2026-06-10 15:54:00+00:00,3.4900999069213867,3.4900999069213867,3.4881999492645264,3.4881999492645264,42161
2026-06-10 15:55:00+00:00,3.4899001121520996,3.5,3.4899001121520996,3.4999001026153564,232353
2026-06-10 15:56:00+00:00,3.5000998973846436,3.5000998973846436,3.490000009536743,3.496000051498413,89477
2026-06-10 15:57:00+00:00,3.490000009536743,3.490000009536743,3.4700000286102295,3.4781999588012695,79630
2026-06-10 15:58:00+00:00,3.4700000286102295,3.4700000286102295,3.4700000286102295,3.4700000286102295,15112
2026-06-10 15:59:00+00:00,3.4749999046325684,3.4749999046325684,3.4600000381469727,3.4749999046325684,138347
2026-06-10 16:00:00+00:00,3.4749999046325684,3.4749999046325684,3.4700000286102295,3.4700000286102295,65041
2026-06-10 16:01:00+00:00,3.4649999141693115,3.484999895095825,3.4649999141693115,3.48009991645813,66104
2026-06-10 16:02:00+00:00,3.48009991645813,3.484999895095825,3.4700000286102295,3.4765000343322754,198581
2026-06-10 16:03:00+00:00,3.48009991645813,3.4853999614715576,3.4800000190734863,3.4800000190734863,70547
2026-06-10 16:04:00+00:00,3.484999895095825,3.4885001182556152,3.4700000286102295,3.4790000915527344,57207
2026-06-10 16:05:00+00:00,3.4798998832702637,3.4798998832702637,3.4781999588012695,3.4781999588012695,0
2026-06-10 16:06:00+00:00,3.4800000190734863,3.4800000190734863,3.4800000190734863,3.4800000190734863,5100
2026-06-10 16:07:00+00:00,3.4749999046325684,3.4749999046325684,3.4749999046325684,3.4749999046325684,2500
2026-06-10 16:08:00+00:00,3.4798998832702637,3.4798998832702637,3.4798998832702637,3.4798998832702637,7507
2026-06-10 16:09:00+00:00,3.490000009536743,3.4900999069213867,3.484999895095825,3.490000009536743,76381
2026-06-10 16:10:00+00:00,3.5,3.5,3.5,3.5,79122
2026-06-10 16:11:00+00:00,3.505000114440918,3.505000114440918,3.5,3.5011000633239746,5429
2026-06-10 16:12:00+00:00,3.5,3.5,3.5,3.5,36918
2026-06-10 16:13:00+00:00,3.5,3.5,3.5,3.5,37648
2026-06-10 16:14:00+00:00,3.50979995727539,3.509999990463257,3.50979995727539,3.509999990463257,15588
2026-06-10 16:15:00+00:00,3.50819993019104,3.50819993019104,3.50819993019104,3.50819993019104,0
2026-06-10 16:16:00+00:00,3.5,3.505000114440918,3.494999885559082,3.4999001026153564,106717
2026-06-10 16:17:00+00:00,3.4999001026153564,3.5,3.494999885559082,3.5,36212
2026-06-10 16:18:00+00:00,3.505000114440918,3.509999990463257,3.505000114440918,3.505000114440918,71971
2026-06-10 16:19:00+00:00,3.5088999271392822,3.509999990463257,3.5088999271392822,3.5099000930786133,0
2026-06-10 16:21:00+00:00,3.509999990463257,3.5199999809265137,3.509999990463257,3.509999990463257,166374
2026-06-10 16:23:00+00:00,3.5099000930786133,3.5099000930786133,3.5099000930786133,3.5099000930786133,12016
2026-06-10 16:24:00+00:00,3.509999990463257,3.509999990463257,3.509999990463257,3.509999990463257,11494
2026-06-10 16:26:00+00:00,3.5100998878479004,3.5100998878479004,3.5,3.5,21687
2026-06-10 16:27:00+00:00,3.509000062942505,3.509999990463257,3.505000114440918,3.5099000930786133,105206
2026-06-10 16:28:00+00:00,3.5100998878479004,3.515000104904175,3.5099000930786133,3.509999990463257,213011
2026-06-10 16:29:00+00:00,3.5099000930786133,3.5099000930786133,3.5099000930786133,3.5099000930786133,6372
2026-06-10 16:30:00+00:00,3.51990008354187,3.51990008354187,3.509700059890747,3.5099000930786133,182582
2026-06-10 16:31:00+00:00,3.5100998878479004,3.5100998878479004,3.509999990463257,3.5100998878479004,74634
2026-06-10 16:32:00+00:00,3.513499975204468,3.513499975204468,3.505000114440918,3.5099000930786133,44908
2026-06-10 16:33:00+00:00,3.5099000930786133,3.5099000930786133,3.5099000930786133,3.5099000930786133,62999
2026-06-10 16:34:00+00:00,3.505000114440918,3.505000114440918,3.49180006980896,3.49180006980896,58094
2026-06-10 16:35:00+00:00,3.4900999069213867,3.5,3.4900999069213867,3.5,34257
2026-06-10 16:36:00+00:00,3.5,3.5,3.490000009536743,3.4900999069213867,105545
2026-06-10 16:37:00+00:00,3.493499994277954,3.493499994277954,3.490000009536743,3.490000009536743,16112
2026-06-10 16:38:00+00:00,3.482100009918213,3.4899001121520996,3.482100009918213,3.4899001121520996,22143
2026-06-10 16:41:00+00:00,3.4899001121520996,3.494999885559082,3.4899001121520996,3.494999885559082,54750
2026-06-10 16:42:00+00:00,3.49180006980896,3.5,3.49180006980896,3.5,49846
2026-06-10 16:43:00+00:00,3.505000114440918,3.505000114440918,3.505000114440918,3.505000114440918,2000
2026-06-10 16:44:00+00:00,3.5000998973846436,3.5000998973846436,3.5000998973846436,3.5000998973846436,3800
2026-06-10 16:45:00+00:00,3.505000114440918,3.515000104904175,3.505000114440918,3.515000104904175,93884
2026-06-10 16:46:00+00:00,3.51990008354187,3.5199999809265137,3.515000104904175,3.5199999809265137,51583
2026-06-10 16:47:00+00:00,3.51990008354187,3.529900074005127,3.51990008354187,3.52810001373291,17097
2026-06-10 16:48:00+00:00,3.5201001167297363,3.5201001167297363,3.5199999809265137,3.5201001167297363,34094
2026-06-10 16:49:00+00:00,3.5283000469207764,3.5283000469207764,3.515000104904175,3.51990008354187,52302
2026-06-10 16:50:00+00:00,3.515000104904175,3.5201001167297363,3.515000104904175,3.5199999809265137,76286
2026-06-10 16:51:00+00:00,3.5199999809265137,3.5250000953674316,3.515000104904175,3.5250000953674316,130023
2026-06-10 16:52:00+00:00,3.5199999809265137,3.5199999809265137,3.505000114440918,3.505000114440918,18020
2026-06-10 16:53:00+00:00,3.5099000930786133,3.5100998878479004,3.503499984741211,3.5100998878479004,87019
2026-06-10 16:55:00+00:00,3.5199999809265137,3.5250000953674316,3.515000104904175,3.5201001167297363,43880
2026-06-10 16:56:00+00:00,3.5201001167297363,3.5250000953674316,3.515000104904175,3.51990008354187,155134
2026-06-10 16:57:00+00:00,3.5201001167297363,3.5250000953674316,3.5199999809265137,3.5201001167297363,148091
2026-06-10 16:59:00+00:00,3.5199999809265137,3.5199999809265137,3.5199999809265137,3.5199999809265137,0
2026-06-10 17:00:00+00:00,3.51990008354187,3.51990008354187,3.51990008354187,3.51990008354187,34743
2026-06-10 17:01:00+00:00,3.515000104904175,3.5199999809265137,3.515000104904175,3.5199999809265137,81645
2026-06-10 17:02:00+00:00,3.519700050354004,3.51990008354187,3.509999990463257,3.5100998878479004,11182
2026-06-10 17:03:00+00:00,3.509999990463257,3.5100998878479004,3.509999990463257,3.509999990463257,90102
2026-06-10 17:05:00+00:00,3.505000114440918,3.515000104904175,3.505000114440918,3.515000104904175,74472
2026-06-10 17:06:00+00:00,3.515000104904175,3.5199999809265137,3.515000104904175,3.51990008354187,22201
2026-06-10 17:07:00+00:00,3.515000104904175,3.515000104904175,3.515000104904175,3.515000104904175,8486
2026-06-10 17:08:00+00:00,3.5199999809265137,3.5201001167297363,3.51990008354187,3.5201001167297363,69194
2026-06-10 17:09:00+00:00,3.5250000953674316,3.5250000953674316,3.5250000953674316,3.5250000953674316,400
2026-06-10 17:10:00+00:00,3.5250000953674316,3.5299999713897705,3.5250000953674316,3.529900074005127,34313
2026-06-10 17:11:00+00:00,3.5299999713897705,3.5399999618530273,3.5201001167297363,3.5399999618530273,323906
2026-06-10 17:12:00+00:00,3.5350000858306885,3.5350000858306885,3.5299999713897705,3.5299999713897705,21327
2026-06-10 17:13:00+00:00,3.5250000953674316,3.5250000953674316,3.5199999809265137,3.5199999809265137,5706
2026-06-10 17:14:00+00:00,3.5250000953674316,3.5350000858306885,3.5250000953674316,3.5350000858306885,68288
2026-06-10 17:15:00+00:00,3.5299999713897705,3.5299999713897705,3.5299999713897705,3.5299999713897705,28000
2026-06-10 17:16:00+00:00,3.5299999713897705,3.5350000858306885,3.5299999713897705,3.5350000858306885,44028
2026-06-10 17:17:00+00:00,3.529900074005127,3.5299999713897705,3.529900074005127,3.5299999713897705,90827
2026-06-10 17:18:00+00:00,3.5299999713897705,3.5350000858306885,3.529900074005127,3.530100107192993,113819
2026-06-10 17:19:00+00:00,3.5350000858306885,3.5350000858306885,3.5350000858306885,3.5350000858306885,0
2026-06-10 17:21:00+00:00,3.5350000858306885,3.539799928665161,3.5350000858306885,3.539799928665161,771
2026-06-10 17:23:00+00:00,3.5350000858306885,3.5350000858306885,3.5350000858306885,3.5350000858306885,200
2026-06-10 17:24:00+00:00,3.5299999713897705,3.5299999713897705,3.5250000953674316,3.529900074005127,21492
2026-06-10 17:26:00+00:00,3.5299999713897705,3.5350000858306885,3.529900074005127,3.5299999713897705,99478
2026-06-10 17:27:00+00:00,3.5250000953674316,3.5250000953674316,3.5250000953674316,3.5250000953674316,5603
2026-06-10 17:29:00+00:00,3.5250000953674316,3.5250000953674316,3.5250000953674316,3.5250000953674316,880
2026-06-10 17:30:00+00:00,3.5201001167297363,3.5281999111175537,3.5199999809265137,3.5281999111175537,22696
2026-06-10 17:31:00+00:00,3.5297999382019043,3.5297999382019043,3.5297999382019043,3.5297999382019043,11900
2026-06-10 17:32:00+00:00,3.529900074005127,3.5299999713897705,3.5250000953674316,3.5250000953674316,9700
2026-06-10 17:34:00+00:00,3.5199999809265137,3.5250000953674316,3.515000104904175,3.515000104904175,44730
2026-06-10 17:35:00+00:00,3.51990008354187,3.5201001167297363,3.515000104904175,3.5199999809265137,99503
2026-06-10 17:36:00+00:00,3.52020001411438,3.5250000953674316,3.5201001167297363,3.5250000953674316,0
2026-06-10 17:37:00+00:00,3.5201001167297363,3.52020001411438,3.5199999809265137,3.5199999809265137,15981
2026-06-10 17:39:00+00:00,3.5199999809265137,3.5199999809265137,3.5199999809265137,3.5199999809265137,901
2026-06-10 17:41:00+00:00,3.5215001106262207,3.5250000953674316,3.5199999809265137,3.52020001411438,6104
2026-06-10 17:46:00+00:00,3.515000104904175,3.515000104904175,3.490000009536743,3.490000009536743,75845
2026-06-10 17:47:00+00:00,3.4999001026153564,3.5,3.490000009536743,3.4999001026153564,78804
2026-06-10 17:48:00+00:00,3.5,3.5,3.490000009536743,3.4900999069213867,99519
2026-06-10 17:49:00+00:00,3.4900999069213867,3.494999885559082,3.484999895095825,3.4900999069213867,75435
2026-06-10 17:50:00+00:00,3.4900999069213867,3.4900999069213867,3.490000009536743,3.4900999069213867,7451
2026-06-10 17:52:00+00:00,3.4999001026153564,3.5,3.494999885559082,3.5,111229
2026-06-10 17:53:00+00:00,3.505000114440918,3.505000114440918,3.505000114440918,3.505000114440918,6808
2026-06-10 17:54:00+00:00,3.5000998973846436,3.505000114440918,3.490000009536743,3.490000009536743,119548
2026-06-10 17:55:00+00:00,3.4900999069213867,3.4900999069213867,3.4900999069213867,3.4900999069213867,5596
2026-06-10 17:57:00+00:00,3.484999895095825,3.490000009536743,3.48009991645813,3.488899946212769,72770
2026-06-10 17:58:00+00:00,3.490000009536743,3.490000009536743,3.490000009536743,3.490000009536743,0
2026-06-10 17:59:00+00:00,3.490000009536743,3.490000009536743,3.490000009536743,3.490000009536743,7546
2026-06-10 18:00:00+00:00,3.4899001121520996,3.494999885559082,3.488899946212769,3.4900999069213867,87579
2026-06-10 18:01:00+00:00,3.494999885559082,3.494999885559082,3.4918999671936035,3.4918999671936035,2300
2026-06-10 18:03:00+00:00,3.490000009536743,3.4911000728607178,3.490000009536743,3.4900999069213867,62023
2026-06-10 18:04:00+00:00,3.48009991645813,3.48009991645813,3.48009991645813,3.48009991645813,9916
2026-06-10 18:05:00+00:00,3.48009991645813,3.484999895095825,3.48009991645813,3.484999895095825,10163
2026-06-10 18:06:00+00:00,3.48009991645813,3.48009991645813,3.48009991645813,3.48009991645813,0
2026-06-10 18:07:00+00:00,3.4897000789642334,3.494999885559082,3.488600015640259,3.494999885559082,112388
2026-06-10 18:09:00+00:00,3.494999885559082,3.5000998973846436,3.494999885559082,3.5000998973846436,32700
2026-06-10 18:10:00+00:00,3.509999990463257,3.509999990463257,3.4988999366760254,3.5000998973846436,198768
2026-06-10 18:11:00+00:00,3.500200033187866,3.5099000930786133,3.5000998973846436,3.5099000930786133,39500
2026-06-10 18:12:00+00:00,3.5,3.5000998973846436,3.5,3.5000998973846436,59142
2026-06-10 18:13:00+00:00,3.4988999366760254,3.4988999366760254,3.4988999366760254,3.4988999366760254,498
2026-06-10 18:14:00+00:00,3.494999885559082,3.494999885559082,3.494999885559082,3.494999885559082,0
2026-06-10 18:16:00+00:00,3.494999885559082,3.494999885559082,3.494999885559082,3.494999885559082,1550
2026-06-10 18:17:00+00:00,3.494999885559082,3.5,3.494999885559082,3.4999001026153564,62419
2026-06-10 18:18:00+00:00,3.509999990463257,3.509999990463257,3.509999990463257,3.509999990463257,50233
2026-06-10 18:19:00+00:00,3.513499975204468,3.5185000896453857,3.509999990463257,3.5185000896453857,80274
2026-06-10 18:20:00+00:00,3.509999990463257,3.509999990463257,3.505000114440918,3.505000114440918,26066
2026-06-10 18:21:00+00:00,3.5083000659942627,3.509999990463257,3.5083000659942627,3.5099000930786133,50606
2026-06-10 18:22:00+00:00,3.5100998878479004,3.51990008354187,3.5100998878479004,3.51990008354187,15012
2026-06-10 18:26:00+00:00,3.515000104904175,3.515000104904175,3.509999990463257,3.515000104904175,31647
2026-06-10 18:27:00+00:00,3.51990008354187,3.51990008354187,3.51990008354187,3.51990008354187,20335
2026-06-10 18:29:00+00:00,3.509999990463257,3.515000104904175,3.505000114440918,3.515000104904175,89009
2026-06-10 18:30:00+00:00,3.5100998878479004,3.5100998878479004,3.5100998878479004,3.5100998878479004,4604
2026-06-10 18:31:00+00:00,3.51990008354187,3.51990008354187,3.51990008354187,3.51990008354187,1771
2026-06-10 18:32:00+00:00,3.5201001167297363,3.529900074005127,3.5199999809265137,3.5201001167297363,84167
2026-06-10 18:33:00+00:00,3.5199999809265137,3.5199999809265137,3.515000104904175,3.51990008354187,71945
2026-06-10 18:34:00+00:00,3.5199999809265137,3.5199999809265137,3.51990008354187,3.51990008354187,29396
2026-06-10 18:35:00+00:00,3.5250000953674316,3.5250000953674316,3.5199999809265137,3.5199999809265137,56371
2026-06-10 18:37:00+00:00,3.5201001167297363,3.529900074005127,3.5201001167297363,3.529900074005127,21800
2026-06-10 18:39:00+00:00,3.529900074005127,3.529900074005127,3.5250000953674316,3.5250000953674316,0
2026-06-10 18:42:00+00:00,3.529900074005127,3.5299999713897705,3.528899908065796,3.5299999713897705,67611
2026-06-10 18:43:00+00:00,3.529900074005127,3.529900074005127,3.529900074005127,3.529900074005127,0
2026-06-10 18:44:00+00:00,3.5201001167297363,3.5201001167297363,3.5201001167297363,3.5201001167297363,750
2026-06-10 18:45:00+00:00,3.5201001167297363,3.5201001167297363,3.5199999809265137,3.5199999809265137,4400
2026-06-10 18:46:00+00:00,3.5201001167297363,3.5201001167297363,3.5201001167297363,3.5201001167297363,1605
2026-06-10 18:47:00+00:00,3.52020001411438,3.52020001411438,3.52020001411438,3.52020001411438,21204
2026-06-10 18:49:00+00:00,3.5199999809265137,3.5199999809265137,3.5199999809265137,3.5199999809265137,504
2026-06-10 18:50:00+00:00,3.5299999713897705,3.530100107192993,3.5299999713897705,3.530100107192993,38745
2026-06-10 18:51:00+00:00,3.5299999713897705,3.5299999713897705,3.5299999713897705,3.5299999713897705,14058
2026-06-10 18:52:00+00:00,3.5299999713897705,3.5399999618530273,3.5299999713897705,3.539900064468384,43219
2026-06-10 18:53:00+00:00,3.5299999713897705,3.5299999713897705,3.5250000953674316,3.5250000953674316,31945
2026-06-10 18:54:00+00:00,3.5199999809265137,3.5350000858306885,3.5199999809265137,3.530100107192993,41754
2026-06-10 18:56:00+00:00,3.539900064468384,3.5399999618530273,3.5350000858306885,3.5399999618530273,34227
2026-06-10 18:57:00+00:00,3.5350000858306885,3.5399999618530273,3.530100107192993,3.5399999618530273,3415
2026-06-10 18:58:00+00:00,3.5397000312805176,3.5397000312805176,3.530100107192993,3.530100107192993,1135
2026-06-10 18:59:00+00:00,3.539900064468384,3.539900064468384,3.539900064468384,3.539900064468384,1510
2026-06-10 19:00:00+00:00,3.5299999713897705,3.5299999713897705,3.5299999713897705,3.5299999713897705,1901
2026-06-10 19:01:00+00:00,3.5350000858306885,3.5350000858306885,3.5350000858306885,3.5350000858306885,1500
2026-06-10 19:02:00+00:00,3.5299999713897705,3.5299999713897705,3.5299999713897705,3.5299999713897705,21658
2026-06-10 19:03:00+00:00,3.5299999713897705,3.5299999713897705,3.5250000953674316,3.5250000953674316,74484
2026-06-10 19:04:00+00:00,3.5299999713897705,3.5299999713897705,3.5299999713897705,3.5299999713897705,200
2026-06-10 19:05:00+00:00,3.529900074005127,3.5299999713897705,3.5201001167297363,3.529900074005127,62549
2026-06-10 19:06:00+00:00,3.5201001167297363,3.5250000953674316,3.5201001167297363,3.5201001167297363,19125
2026-06-10 19:07:00+00:00,3.52020001411438,3.5211000442504883,3.5199999809265137,3.5211000442504883,50873
2026-06-10 19:08:00+00:00,3.5190000534057617,3.5201001167297363,3.515000104904175,3.5201001167297363,152187
2026-06-10 19:09:00+00:00,3.5199999809265137,3.5199999809265137,3.5199999809265137,3.5199999809265137,4079
2026-06-10 19:10:00+00:00,3.5250000953674316,3.5299999713897705,3.5250000953674316,3.5299999713897705,52278
2026-06-10 19:11:00+00:00,3.5381999015808105,3.5381999015808105,3.530100107192993,3.5350000858306885,19360
2026-06-10 19:16:00+00:00,3.5397000312805176,3.5499000549316406,3.5397000312805176,3.5399999618530273,166078
2026-06-10 19:17:00+00:00,3.5399999618530273,3.5399999618530273,3.5399999618530273,3.5399999618530273,5718
2026-06-10 19:18:00+00:00,3.549999952316284,3.559999942779541,3.5499000549316406,3.559999942779541,373693
2026-06-10 19:20:00+00:00,3.555000066757202,3.5599000453948975,3.550100088119507,3.555000066757202,28938
2026-06-10 19:21:00+00:00,3.551800012588501,3.5599000453948975,3.551800012588501,3.5599000453948975,0
2026-06-10 19:22:00+00:00,3.555000066757202,3.5599000453948975,3.555000066757202,3.555000066757202,19001
2026-06-10 19:23:00+00:00,3.559999942779541,3.559999942779541,3.559999942779541,3.559999942779541,0
2026-06-10 19:24:00+00:00,3.5599000453948975,3.5599000453948975,3.549999952316284,3.549999952316284,20701
2026-06-10 19:26:00+00:00,3.559999942779541,3.559999942779541,3.559999942779541,3.559999942779541,1588
2026-06-10 19:27:00+00:00,3.555000066757202,3.555000066757202,3.555000066757202,3.555000066757202,592
2026-06-10 19:28:00+00:00,3.549999952316284,3.5501999855041504,3.5450000762939453,3.5450000762939453,205605
2026-06-10 19:29:00+00:00,3.54010009765625,3.54010009765625,3.5399999618530273,3.5399999618530273,33405
2026-06-10 19:31:00+00:00,3.5399999618530273,3.5399999618530273,3.5399999618530273,3.5399999618530273,38213
2026-06-10 19:32:00+00:00,3.5390000343322754,3.5399999618530273,3.5390000343322754,3.5399999618530273,28224
2026-06-10 19:33:00+00:00,3.539900064468384,3.5399999618530273,3.539900064468384,3.5399999618530273,21204
2026-06-10 19:34:00+00:00,3.5350000858306885,3.5350000858306885,3.530100107192993,3.530100107192993,9325
2026-06-10 19:35:00+00:00,3.5399999618530273,3.5399999618530273,3.5299999713897705,3.5350000858306885,158399
2026-06-10 19:36:00+00:00,3.5299999713897705,3.530100107192993,3.5299999713897705,3.530100107192993,14826
2026-06-10 19:37:00+00:00,3.5299999713897705,3.5350000858306885,3.5250000953674316,3.5299999713897705,129423
2026-06-10 19:38:00+00:00,3.5250000953674316,3.5250000953674316,3.5201001167297363,3.5250000953674316,17621
2026-06-10 19:39:00+00:00,3.5201001167297363,3.5201001167297363,3.5201001167297363,3.5201001167297363,310
2026-06-10 19:40:00+00:00,3.5199999809265137,3.529900074005127,3.51990008354187,3.529900074005127,146912
2026-06-10 19:41:00+00:00,3.5250000953674316,3.5250000953674316,3.5250000953674316,3.5250000953674316,6352
2026-06-10 19:42:00+00:00,3.5299999713897705,3.5299999713897705,3.5201001167297363,3.5201001167297363,27316
2026-06-10 19:43:00+00:00,3.5283000469207764,3.529900074005127,3.515000104904175,3.515000104904175,158795
2026-06-10 19:44:00+00:00,3.5199999809265137,3.5299999713897705,3.5190000534057617,3.5201001167297363,298195
2026-06-10 19:45:00+00:00,3.521899938583374,3.5299999713897705,3.521899938583374,3.5299999713897705,30704
2026-06-10 19:46:00+00:00,3.530100107192993,3.530100107192993,3.530100107192993,3.530100107192993,42068
2026-06-10 19:47:00+00:00,3.530100107192993,3.530100107192993,3.5299999713897705,3.5299999713897705,60446
2026-06-10 19:48:00+00:00,3.5299999713897705,3.5299999713897705,3.5299999713897705,3.5299999713897705,1700
2026-06-10 19:49:00+00:00,3.5399999618530273,3.5399999618530273,3.5399999618530273,3.5399999618530273,0
2026-06-10 19:50:00+00:00,3.5299999713897705,3.5299999713897705,3.5199999809265137,3.5199999809265137,78385
2026-06-10 19:51:00+00:00,3.51990008354187,3.51990008354187,3.515000104904175,3.515000104904175,6030
2026-06-10 19:52:00+00:00,3.511100053787231,3.515000104904175,3.511100053787231,3.515000104904175,0
2026-06-10 19:53:00+00:00,3.5199999809265137,3.5199999809265137,3.5197999477386475,3.5199999809265137,120955
2026-06-10 19:54:00+00:00,3.5201001167297363,3.5201001167297363,3.5199999809265137,3.5199999809265137,13808
2026-06-10 19:55:00+00:00,3.5201001167297363,3.5413999557495117,3.5201001167297363,3.540299892425537,105103
2026-06-10 19:56:00+00:00,3.5350000858306885,3.5350000858306885,3.5350000858306885,3.5350000858306885,24801
2026-06-10 19:57:00+00:00,3.5350000858306885,3.5350000858306885,3.5299999713897705,3.5299999713897705,57671
2026-06-10 19:58:00+00:00,3.5250000953674316,3.5299999713897705,3.5199999809265137,3.5299999713897705,38719
2026-06-10 19:59:00+00:00,3.5250000953674316,3.530100107192993,3.5250000953674316,3.530100107192993,144403
2026-06-10 20:00:00+00:00,3.53,3.53,3.53,3.53,0
2026-06-10 20:03:00+00:00,3.56,3.56,3.56,3.56,0
2026-06-10 20:04:00+00:00,3.53,3.53,3.53,3.53,0
2026-06-10 20:06:00+00:00,3.56,3.56,3.56,3.56,0
2026-06-10 20:07:00+00:00,3.57,3.5701,3.57,3.5701,0
2026-06-10 20:09:00+00:00,3.5599,3.5599,3.5513,3.5513,0
2026-06-10 20:10:00+00:00,3.53,3.55,3.53,3.55,0
2026-06-10 20:12:00+00:00,3.55,3.55,3.55,3.55,0
2026-06-10 20:13:00+00:00,3.55,3.55,3.55,3.55,0
2026-06-10 20:16:00+00:00,3.55,3.55,3.55,3.55,0
2026-06-10 20:18:00+00:00,3.55,3.55,3.55,3.55,0
2026-06-10 20:19:00+00:00,3.55,3.55,3.55,3.55,0
2026-06-10 20:20:00+00:00,3.55,3.55,3.55,3.55,0
2026-06-10 20:21:00+00:00,3.55,3.55,3.55,3.55,0
2026-06-10 20:22:00+00:00,3.5493,3.5493,3.5493,3.5493,0
2026-06-10 20:24:00+00:00,3.55,3.55,3.55,3.55,0
2026-06-10 20:26:00+00:00,3.54,3.54,3.54,3.54,0
2026-06-10 20:28:00+00:00,3.5601,3.5601,3.5601,3.5601,0
2026-06-10 20:29:00+00:00,3.56,3.57,3.56,3.57,0
2026-06-10 20:37:00+00:00,3.5694,3.5694,3.5694,3.5694,0
2026-06-10 20:38:00+00:00,3.57,3.57,3.56,3.56,0
2026-06-10 20:39:00+00:00,3.5603,3.5603,3.56,3.56,0
2026-06-10 20:41:00+00:00,3.56,3.56,3.56,3.56,0
2026-06-10 20:43:00+00:00,3.56,3.57,3.56,3.57,0
2026-06-10 20:46:00+00:00,3.58,3.58,3.5701,3.5701,0
2026-06-10 20:47:00+00:00,3.58,3.58,3.58,3.58,0
2026-06-10 20:49:00+00:00,3.58,3.5801,3.58,3.5801,0
2026-06-10 20:50:00+00:00,3.58,3.58,3.58,3.58,0
2026-06-10 20:53:00+00:00,3.57,3.571,3.57,3.571,0
2026-06-10 20:57:00+00:00,3.5799,3.5799,3.5799,3.5799,0
2026-06-10 21:04:00+00:00,3.57,3.57,3.57,3.57,0
2026-06-10 21:05:00+00:00,3.58,3.58,3.58,3.58,0
2026-06-10 21:07:00+00:00,3.58,3.58,3.58,3.58,0
2026-06-10 21:08:00+00:00,3.58,3.58,3.58,3.58,0
2026-06-10 21:12:00+00:00,3.5703,3.5703,3.5703,3.5703,0
2026-06-10 21:13:00+00:00,3.58,3.58,3.58,3.58,0
2026-06-10 21:14:00+00:00,3.57,3.57,3.57,3.57,0
2026-06-10 21:15:00+00:00,3.58,3.58,3.5703,3.5703,0
2026-06-10 21:16:00+00:00,3.58,3.58,3.57,3.57,0
2026-06-10 21:26:00+00:00,3.58,3.58,3.58,3.58,0
2026-06-10 21:33:00+00:00,3.5774,3.5774,3.5774,3.5774,0
2026-06-10 21:35:00+00:00,3.57,3.57,3.57,3.57,0
2026-06-10 21:37:00+00:00,3.56,3.56,3.56,3.56,0
2026-06-10 21:44:00+00:00,3.58,3.58,3.58,3.58,0
2026-06-10 21:50:00+00:00,3.5791,3.5791,3.5791,3.5791,0
2026-06-10 21:52:00+00:00,3.58,3.58,3.58,3.58,0
2026-06-10 21:55:00+00:00,3.58,3.58,3.58,3.58,0
2026-06-10 21:56:00+00:00,3.5797,3.5797,3.5797,3.5797,0
2026-06-10 22:06:00+00:00,3.6,3.6,3.6,3.6,0
2026-06-10 22:07:00+00:00,3.61,3.61,3.6099,3.6099,0
2026-06-10 22:14:00+00:00,3.61,3.61,3.6098,3.6098,0
2026-06-10 22:16:00+00:00,3.6098,3.6098,3.6098,3.6098,0
2026-06-10 22:17:00+00:00,3.61,3.61,3.6099,3.6099,0
2026-06-10 22:19:00+00:00,3.6097,3.6097,3.6097,3.6097,0
2026-06-10 22:20:00+00:00,3.6097,3.6098,3.6013,3.6098,0
2026-06-10 22:21:00+00:00,3.61,3.61,3.61,3.61,0
2026-06-10 22:22:00+00:00,3.6,3.6,3.6,3.6,0
2026-06-10 22:24:00+00:00,3.6,3.6,3.6,3.6,0
2026-06-10 22:25:00+00:00,3.6,3.61,3.6,3.61,0
2026-06-10 22:26:00+00:00,3.6,3.6,3.6,3.6,0
2026-06-10 22:28:00+00:00,3.6001,3.6001,3.6001,3.6001,0
2026-06-10 22:38:00+00:00,3.5999,3.5999,3.5999,3.5999,0
2026-06-10 22:41:00+00:00,3.58,3.58,3.58,3.58,0
2026-06-10 22:42:00+00:00,3.58,3.58,3.58,3.58,0
2026-06-10 22:45:00+00:00,3.5913,3.5913,3.5913,3.5913,0
2026-06-10 22:46:00+00:00,3.59,3.595,3.59,3.595,0
2026-06-10 22:47:00+00:00,3.6,3.6,3.6,3.6,0
2026-06-10 22:52:00+00:00,3.5913,3.5913,3.5913,3.5913,0
2026-06-10 22:53:00+00:00,3.6,3.6,3.6,3.6,0
2026-06-10 22:55:00+00:00,3.61,3.61,3.61,3.61,0
2026-06-10 22:56:00+00:00,3.6099,3.61,3.6097,3.6097,0
2026-06-10 22:57:00+00:00,3.61,3.61,3.6098,3.61,0
2026-06-10 22:58:00+00:00,3.61,3.6199,3.61,3.6199,0
2026-06-10 23:01:00+00:00,3.61,3.61,3.61,3.61,0
2026-06-10 23:03:00+00:00,3.61,3.61,3.61,3.61,0
2026-06-10 23:05:00+00:00,3.62,3.62,3.62,3.62,0
2026-06-10 23:11:00+00:00,3.6303,3.6303,3.6303,3.6303,0
2026-06-10 23:14:00+00:00,3.64,3.64,3.64,3.64,0
2026-06-10 23:18:00+00:00,3.6497,3.6497,3.6497,3.6497,0
2026-06-10 23:20:00+00:00,3.63,3.63,3.63,3.63,0
2026-06-10 23:22:00+00:00,3.6399,3.6399,3.6398,3.6398,0
2026-06-10 23:23:00+00:00,3.6201,3.6201,3.62,3.62,0
2026-06-10 23:25:00+00:00,3.6201,3.6201,3.6198,3.6198,0
2026-06-10 23:26:00+00:00,3.6103,3.6103,3.6103,3.6103,0
2026-06-10 23:28:00+00:00,3.6102,3.6102,3.6098,3.6098,0
2026-06-10 23:29:00+00:00,3.6001,3.61,3.6001,3.61,0
2026-06-10 23:31:00+00:00,3.61,3.61,3.61,3.61,0
2026-06-10 23:32:00+00:00,3.6104,3.6104,3.6104,3.6104,0
2026-06-10 23:34:00+00:00,3.63,3.63,3.63,3.63,0
2026-06-10 23:37:00+00:00,3.61,3.61,3.61,3.61,0
2026-06-10 23:41:00+00:00,3.62,3.62,3.62,3.62,0
2026-06-10 23:44:00+00:00,3.59,3.59,3.59,3.59,0
2026-06-10 23:45:00+00:00,3.6,3.6102,3.6,3.6102,0
2026-06-10 23:46:00+00:00,3.62,3.62,3.62,3.62,0
2026-06-10 23:51:00+00:00,3.61,3.61,3.61,3.61,0
2026-06-10 23:52:00+00:00,3.61,3.6101,3.61,3.61,0
2026-06-10 23:53:00+00:00,3.62,3.62,3.62,3.62,0
2026-06-10 23:54:00+00:00,3.62,3.62,3.62,3.62,0
2026-06-10 23:57:00+00:00,3.62,3.62,3.62,3.62,0
2026-06-10 23:58:00+00:00,3.63,3.63,3.62,3.62,0
2026-06-11 08:00:00+00:00,3.49,3.51,3.47,3.47,0
2026-06-11 08:01:00+00:00,3.47,3.52,3.47,3.5,0
2026-06-11 08:08:00+00:00,3.5,3.5,3.5,3.5,0
2026-06-11 08:09:00+00:00,3.51,3.51,3.45,3.45,0
2026-06-11 08:14:00+00:00,3.4307,3.4307,3.4307,3.4307,0
2026-06-11 08:17:00+00:00,3.44,3.44,3.44,3.44,0
2026-06-11 08:19:00+00:00,3.43,3.43,3.43,3.43,0
2026-06-11 08:28:00+00:00,3.4305,3.4305,3.4305,3.4305,0
2026-06-11 08:29:00+00:00,3.43,3.43,3.43,3.43,0
2026-06-11 08:32:00+00:00,3.44,3.44,3.44,3.44,0
2026-06-11 09:03:00+00:00,3.45,3.45,3.45,3.45,0
2026-06-11 09:08:00+00:00,3.4496,3.4496,3.4496,3.4496,0
2026-06-11 09:23:00+00:00,3.46,3.46,3.46,3.46,0
2026-06-11 09:32:00+00:00,3.4796,3.4796,3.4796,3.4796,0
2026-06-11 09:33:00+00:00,3.4796,3.4796,3.4796,3.4796,0
2026-06-11 09:49:00+00:00,3.46,3.46,3.46,3.46,0
2026-06-11 09:50:00+00:00,3.46,3.46,3.46,3.46,0
2026-06-11 09:55:00+00:00,3.4605,3.4605,3.4605,3.4605,0
2026-06-11 10:01:00+00:00,3.45,3.45,3.45,3.45,0
2026-06-11 10:25:00+00:00,3.45,3.45,3.45,3.45,0
2026-06-11 10:47:00+00:00,3.45,3.45,3.45,3.45,0
2026-06-11 10:55:00+00:00,3.4407,3.4495,3.4407,3.4495,0
2026-06-11 11:03:00+00:00,3.45,3.4697,3.45,3.4697,0
2026-06-11 11:08:00+00:00,3.4513,3.46,3.4513,3.46,0
2026-06-11 11:11:00+00:00,3.4698,3.4698,3.4698,3.4698,0
2026-06-11 11:16:00+00:00,3.47,3.47,3.47,3.47,0
2026-06-11 11:31:00+00:00,3.4501,3.4501,3.4501,3.4501,0
2026-06-11 11:32:00+00:00,3.45,3.45,3.45,3.45,0
2026-06-11 11:33:00+00:00,3.452,3.452,3.45,3.45,0
2026-06-11 11:37:00+00:00,3.45,3.45,3.45,3.45,0
2026-06-11 11:38:00+00:00,3.45,3.45,3.45,3.45,0
2026-06-11 11:40:00+00:00,3.45,3.45,3.45,3.45,0
2026-06-11 11:41:00+00:00,3.46,3.46,3.4599,3.46,0
2026-06-11 11:44:00+00:00,3.4513,3.4513,3.4513,3.4513,0
2026-06-11 11:49:00+00:00,3.45,3.45,3.45,3.45,0
2026-06-11 11:51:00+00:00,3.45,3.45,3.45,3.45,0
2026-06-11 11:54:00+00:00,3.442,3.442,3.442,3.442,0
2026-06-11 12:04:00+00:00,3.44,3.44,3.44,3.44,0
2026-06-11 12:05:00+00:00,3.44,3.44,3.44,3.44,0
2026-06-11 12:11:00+00:00,3.4497,3.4497,3.4497,3.4497,0
2026-06-11 12:13:00+00:00,3.45,3.45,3.44,3.44,0
2026-06-11 12:14:00+00:00,3.44,3.44,3.44,3.44,0
2026-06-11 12:17:00+00:00,3.45,3.45,3.45,3.45,0
2026-06-11 12:20:00+00:00,3.45,3.45,3.45,3.45,0
2026-06-11 12:21:00+00:00,3.4525,3.4525,3.4525,3.4525,0
2026-06-11 12:22:00+00:00,3.47,3.47,3.47,3.47,0
2026-06-11 12:23:00+00:00,3.4809,3.4898,3.4809,3.4898,0
2026-06-11 12:26:00+00:00,3.48,3.48,3.48,3.48,0
2026-06-11 12:27:00+00:00,3.48,3.48,3.48,3.48,0
2026-06-11 12:29:00+00:00,3.4913,3.4913,3.4913,3.4913,0
2026-06-11 12:30:00+00:00,3.49,3.49,3.49,3.49,0
2026-06-11 12:31:00+00:00,3.49,3.49,3.49,3.49,0
2026-06-11 12:32:00+00:00,3.5001,3.5001,3.5001,3.5001,0
2026-06-11 12:33:00+00:00,3.5103,3.5103,3.5103,3.5103,0
2026-06-11 12:34:00+00:00,3.51,3.51,3.51,3.51,0
2026-06-11 12:36:00+00:00,3.5,3.5,3.4897,3.4897,0
2026-06-11 12:37:00+00:00,3.4901,3.492,3.49,3.492,0
2026-06-11 12:40:00+00:00,3.4901,3.4901,3.49,3.49,0
2026-06-11 12:43:00+00:00,3.49,3.49,3.49,3.49,0
2026-06-11 12:44:00+00:00,3.49,3.49,3.49,3.49,0
2026-06-11 12:45:00+00:00,3.49,3.49,3.49,3.49,0
2026-06-11 12:51:00+00:00,3.48,3.48,3.48,3.48,0
2026-06-11 12:58:00+00:00,3.47,3.47,3.47,3.47,0
2026-06-11 13:00:00+00:00,3.47,3.4717,3.47,3.4717,0
2026-06-11 13:04:00+00:00,3.4601,3.4601,3.4601,3.4601,0
2026-06-11 13:05:00+00:00,3.469,3.469,3.4601,3.4601,0
2026-06-11 13:10:00+00:00,3.4601,3.47,3.4601,3.4698,0
2026-06-11 13:12:00+00:00,3.4698,3.4698,3.4698,3.4698,0
2026-06-11 13:13:00+00:00,3.4603,3.4603,3.4603,3.4603,0
2026-06-11 13:23:00+00:00,3.46,3.46,3.46,3.46,0
2026-06-11 13:25:00+00:00,3.46,3.4673,3.46,3.4673,0
2026-06-11 13:28:00+00:00,3.4599,3.4599,3.4599,3.4599,0
2026-06-11 13:30:00+00:00,3.4600000381469727,3.4600000381469727,3.430000066757202,3.450000047683716,554486
2026-06-11 13:31:00+00:00,3.440000057220459,3.450000047683716,3.440000057220459,3.450000047683716,70528
2026-06-11 13:32:00+00:00,3.440000057220459,3.450000047683716,3.440000057220459,3.450000047683716,30778
2026-06-11 13:33:00+00:00,3.450000047683716,3.450000047683716,3.430000066757202,3.430000066757202,140819
2026-06-11 13:34:00+00:00,3.424999952316284,3.4298999309539795,3.4200000762939453,3.4200000762939453,12329
2026-06-11 13:35:00+00:00,3.424999952316284,3.424999952316284,3.4000000953674316,3.4000000953674316,63865
2026-06-11 13:36:00+00:00,3.4000000953674316,3.409899950027466,3.3901000022888184,3.399899959564209,23456
2026-06-11 13:37:00+00:00,3.399899959564209,3.4100000858306885,3.399899959564209,3.400099992752075,22770
2026-06-11 13:38:00+00:00,3.4200000762939453,3.4398999214172363,3.4200000762939453,3.4398999214172363,41888
2026-06-11 13:39:00+00:00,3.420099973678589,3.4398999214172363,3.420099973678589,3.4398999214172363,32106
2026-06-11 13:40:00+00:00,3.434999942779541,3.444999933242798,3.430000066757202,3.4375,91225
2026-06-11 13:41:00+00:00,3.43969988822937,3.440000057220459,3.434999942779541,3.4398999214172363,8162
2026-06-11 13:42:00+00:00,3.430000066757202,3.4398999214172363,3.4200000762939453,3.4200000762939453,46991
2026-06-11 13:43:00+00:00,3.4200000762939453,3.424999952316284,3.4000000953674316,3.4000000953674316,71535
2026-06-11 13:44:00+00:00,3.4100000858306885,3.4100000858306885,3.4049999713897705,3.4082999229431152,56366
2026-06-11 13:45:00+00:00,3.4049999713897705,3.4049999713897705,3.369999885559082,3.3798999786376953,110931
2026-06-11 13:46:00+00:00,3.380000114440918,3.380000114440918,3.365000009536743,3.365000009536743,47011
2026-06-11 13:47:00+00:00,3.3694000244140625,3.3712000846862793,3.3694000244140625,3.369999885559082,39431
2026-06-11 13:48:00+00:00,3.380000114440918,3.380000114440918,3.380000114440918,3.380000114440918,8609
2026-06-11 13:49:00+00:00,3.369999885559082,3.369999885559082,3.369999885559082,3.369999885559082,5112
2026-06-11 13:50:00+00:00,3.365000009536743,3.365000009536743,3.3450000286102295,3.3450000286102295,157472
2026-06-11 13:51:00+00:00,3.3499999046325684,3.3499999046325684,3.3299999237060547,3.3301000595092773,69277
2026-06-11 13:52:00+00:00,3.3301000595092773,3.3399999141693115,3.3301000595092773,3.3313000202178955,10843
2026-06-11 13:53:00+00:00,3.3350000381469727,3.3382999897003174,3.319999933242798,3.3201000690460205,35598
2026-06-11 13:54:00+00:00,3.3201000690460205,3.339900016784668,3.3201000690460205,3.339900016784668,12482
2026-06-11 13:55:00+00:00,3.3310000896453857,3.3350000381469727,3.3299999237060547,3.3301000595092773,2468
2026-06-11 13:56:00+00:00,3.338200092315674,3.338200092315674,3.319999933242798,3.329900026321411,28053
2026-06-11 13:57:00+00:00,3.3299999237060547,3.339900016784668,3.325000047683716,3.339900016784668,35867
2026-06-11 13:58:00+00:00,3.3450000286102295,3.3450000286102295,3.3299999237060547,3.3299999237060547,90033
2026-06-11 13:59:00+00:00,3.3299999237060547,3.3499999046325684,3.325000047683716,3.3499999046325684,23838
2026-06-11 14:00:00+00:00,3.340100049972534,3.340100049972534,3.3299999237060547,3.338599920272827,190163
2026-06-11 14:01:00+00:00,3.3301000595092773,3.3301000595092773,3.309999942779541,3.309999942779541,142195
2026-06-11 14:02:00+00:00,3.3101000785827637,3.320199966430664,3.3101000785827637,3.319999933242798,144125
2026-06-11 14:03:00+00:00,3.319999933242798,3.3299999237060547,3.319999933242798,3.3299999237060547,109023
2026-06-11 14:04:00+00:00,3.3301000595092773,3.3399999141693115,3.3299999237060547,3.3299999237060547,94604
2026-06-11 14:05:00+00:00,3.329900026321411,3.3399999141693115,3.329900026321411,3.3399999141693115,70265
2026-06-11 14:06:00+00:00,3.3399999141693115,3.340100049972534,3.3399999141693115,3.3399999141693115,33501
2026-06-11 14:07:00+00:00,3.3392999172210693,3.3399999141693115,3.325000047683716,3.325000047683716,83421
2026-06-11 14:08:00+00:00,3.329900026321411,3.329900026321411,3.3201000690460205,3.3201000690460205,8760
2026-06-11 14:09:00+00:00,3.3299999237060547,3.3399999141693115,3.3299999237060547,3.3399999141693115,42003
2026-06-11 14:10:00+00:00,3.349900007247925,3.3550000190734863,3.349900007247925,3.3550000190734863,29591
2026-06-11 14:11:00+00:00,3.359999895095825,3.369999885559082,3.359999895095825,3.360100030899048,51526
2026-06-11 14:12:00+00:00,3.359999895095825,3.3798999786376953,3.359999895095825,3.3798999786376953,44204
2026-06-11 14:13:00+00:00,3.380000114440918,3.390000104904175,3.379800081253052,3.389899969100952,90120
2026-06-11 14:14:00+00:00,3.389899969100952,3.4000000953674316,3.389899969100952,3.3982999324798584,114231
2026-06-11 14:15:00+00:00,3.3949999809265137,3.4000000953674316,3.390000104904175,3.390000104904175,37633
2026-06-11 14:16:00+00:00,3.3949999809265137,3.418299913406372,3.3929998874664307,3.418299913406372,179005
2026-06-11 14:17:00+00:00,3.410099983215332,3.4200000762939453,3.4000000953674316,3.4000000953674316,161311
2026-06-11 14:18:00+00:00,3.4000000953674316,3.4100000858306885,3.4000000953674316,3.4100000858306885,672784
2026-06-11 14:19:00+00:00,3.4149999618530273,3.4198999404907227,3.4149999618530273,3.4198999404907227,58042
2026-06-11 14:20:00+00:00,3.4198999404907227,3.4198999404907227,3.4049999713897705,3.4049999713897705,220181
2026-06-11 14:21:00+00:00,3.4100000858306885,3.4100000858306885,3.401400089263916,3.409899950027466,85911
2026-06-11 14:22:00+00:00,3.400099992752075,3.400099992752075,3.380000114440918,3.390000104904175,139553
2026-06-11 14:23:00+00:00,3.384999990463257,3.3882999420166016,3.380000114440918,3.3882999420166016,61430
2026-06-11 14:25:00+00:00,3.380000114440918,3.380000114440918,3.369999885559082,3.369999885559082,63552
2026-06-11 14:26:00+00:00,3.380000114440918,3.390000104904175,3.379699945449829,3.384999990463257,378413
2026-06-11 14:27:00+00:00,3.3801000118255615,3.390000104904175,3.380000114440918,3.384999990463257,149750
2026-06-11 14:28:00+00:00,3.389699935913086,3.4000000953674316,3.384999990463257,3.389899969100952,184438
2026-06-11 14:29:00+00:00,3.384999990463257,3.384999990463257,3.360100030899048,3.3698999881744385,177943
2026-06-11 14:30:00+00:00,3.369999885559082,3.3798999786376953,3.369999885559082,3.375,8700
2026-06-11 14:31:00+00:00,3.3798999786376953,3.3798999786376953,3.375,3.375,11001
2026-06-11 14:32:00+00:00,3.3701000213623047,3.3798999786376953,3.360100030899048,3.3798999786376953,142277
2026-06-11 14:33:00+00:00,3.369999885559082,3.3798999786376953,3.369999885559082,3.3798999786376953,75169
2026-06-11 14:34:00+00:00,3.3798999786376953,3.3798999786376953,3.369999885559082,3.3701000213623047,54200
2026-06-11 14:35:00+00:00,3.370199918746948,3.370199918746948,3.369999885559082,3.369999885559082,63870
2026-06-11 14:36:00+00:00,3.359999895095825,3.3698999881744385,3.3499999046325684,3.3499999046325684,77911
2026-06-11 14:37:00+00:00,3.3598999977111816,3.369999885559082,3.359299898147583,3.369999885559082,134553
2026-06-11 14:38:00+00:00,3.3701000213623047,3.3701000213623047,3.360100030899048,3.360100030899048,83269
2026-06-11 14:39:00+00:00,3.369999885559082,3.369999885559082,3.365000009536743,3.369999885559082,199556
2026-06-11 14:40:00+00:00,3.368299961090088,3.3698999881744385,3.368299961090088,3.3698999881744385,240
2026-06-11 14:41:00+00:00,3.360100030899048,3.360100030899048,3.360100030899048,3.360100030899048,8580
2026-06-11 14:42:00+00:00,3.365000009536743,3.365000009536743,3.365000009536743,3.365000009536743,7000
2026-06-11 14:43:00+00:00,3.365000009536743,3.3701000213623047,3.360100030899048,3.3701000213623047,89999
2026-06-11 14:44:00+00:00,3.3798999786376953,3.389899969100952,3.3701000213623047,3.389899969100952,62623
2026-06-11 14:45:00+00:00,3.390000104904175,3.3949999809265137,3.389899969100952,3.3949999809265137,68802
2026-06-11 14:46:00+00:00,3.3901000022888184,3.399899959564209,3.380000114440918,3.399899959564209,218333
2026-06-11 14:47:00+00:00,3.3949999809265137,3.398099899291992,3.390000104904175,3.3901000022888184,23331
2026-06-11 14:48:00+00:00,3.399899959564209,3.4000000953674316,3.390000104904175,3.390000104904175,174902
2026-06-11 14:49:00+00:00,3.3901000022888184,3.3949999809265137,3.380000114440918,3.390000104904175,378270
2026-06-11 14:50:00+00:00,3.3949999809265137,3.399899959564209,3.390000104904175,3.3901000022888184,59100
2026-06-11 14:51:00+00:00,3.3949999809265137,3.399899959564209,3.380000114440918,3.384999990463257,163304
2026-06-11 14:52:00+00:00,3.389899969100952,3.3949999809265137,3.3889000415802,3.3949999809265137,86885
2026-06-11 14:53:00+00:00,3.390000104904175,3.4000000953674316,3.380000114440918,3.399899959564209,147823
2026-06-11 14:54:00+00:00,3.4000000953674316,3.4000000953674316,3.3949999809265137,3.3949999809265137,54201
2026-06-11 14:55:00+00:00,3.399899959564209,3.410099983215332,3.3998000621795654,3.410099983215332,116501
2026-06-11 14:56:00+00:00,3.4198999404907227,3.4298999309539795,3.4100000858306885,3.4298999309539795,40660
2026-06-11 14:57:00+00:00,3.429800033569336,3.434999942779541,3.4217000007629395,3.4300999641418457,157652
2026-06-11 14:58:00+00:00,3.430000066757202,3.440999984741211,3.424999952316284,3.4400999546051025,289502
2026-06-11 14:59:00+00:00,3.440000057220459,3.450000047683716,3.430000066757202,3.434999942779541,365716
2026-06-11 15:00:00+00:00,3.4398999214172363,3.450000047683716,3.4398999214172363,3.449899911880493,483865
2026-06-11 15:01:00+00:00,3.449899911880493,3.4549999237060547,3.444999933242798,3.4549999237060547,328281
2026-06-11 15:02:00+00:00,3.450000047683716,3.450000047683716,3.440000057220459,3.444999933242798,78135
2026-06-11 15:03:00+00:00,3.440000057220459,3.440000057220459,3.430000066757202,3.4398999214172363,47388
2026-06-11 15:04:00+00:00,3.438199996948242,3.4400999546051025,3.430000066757202,3.43969988822937,162348
2026-06-11 15:05:00+00:00,3.4398999214172363,3.440000057220459,3.436500072479248,3.4398999214172363,152850
2026-06-11 15:06:00+00:00,3.444999933242798,3.444999933242798,3.440000057220459,3.4400999546051025,98079
2026-06-11 15:07:00+00:00,3.4300999641418457,3.4300999641418457,3.4289000034332275,3.4289000034332275,41431
2026-06-11 15:08:00+00:00,3.424999952316284,3.4300999641418457,3.424999952316284,3.4300999641418457,130152
2026-06-11 15:09:00+00:00,3.4300999641418457,3.4398999214172363,3.4200000762939453,3.430000066757202,238636
2026-06-11 15:10:00+00:00,3.4319000244140625,3.4319000244140625,3.4200000762939453,3.420099973678589,143224
2026-06-11 15:11:00+00:00,3.420099973678589,3.420099973678589,3.4100000858306885,3.4200000762939453,41348
2026-06-11 15:12:00+00:00,3.421099901199341,3.421099901199341,3.4140000343322754,3.4140000343322754,29876
2026-06-11 15:14:00+00:00,3.4200000762939453,3.4298999309539795,3.4100000858306885,3.4198999404907227,263318
2026-06-11 15:15:00+00:00,3.4135000705718994,3.4149999618530273,3.4049999713897705,3.4049999713897705,37202
2026-06-11 15:16:00+00:00,3.4049999713897705,3.4049999713897705,3.4049999713897705,3.4049999713897705,0
2026-06-11 15:17:00+00:00,3.408900022506714,3.4149999618530273,3.4049999713897705,3.4149999618530273,252342
2026-06-11 15:18:00+00:00,3.410099983215332,3.4298999309539795,3.410099983215332,3.4298999309539795,63063
2026-06-11 15:19:00+00:00,3.420099973678589,3.420099973678589,3.4200000762939453,3.420099973678589,144970
2026-06-11 15:20:00+00:00,3.4202001094818115,3.4202001094818115,3.4000000953674316,3.400099992752075,125721
2026-06-11 15:21:00+00:00,3.4000000953674316,3.4049999713897705,3.4000000953674316,3.4049999713897705,9415
2026-06-11 15:22:00+00:00,3.4049999713897705,3.4100000858306885,3.4049999713897705,3.409899950027466,229391
2026-06-11 15:23:00+00:00,3.4049999713897705,3.4200000762939453,3.4000000953674316,3.4000000953674316,386422
2026-06-11 15:24:00+00:00,3.409899950027466,3.410099983215332,3.408900022506714,3.410099983215332,186420
2026-06-11 15:25:00+00:00,3.409899950027466,3.4149999618530273,3.409899950027466,3.4102001190185547,351561
2026-06-11 15:26:00+00:00,3.4100000858306885,3.4100000858306885,3.4003000259399414,3.401700019836426,17400
2026-06-11 15:27:00+00:00,3.408099889755249,3.410099983215332,3.4049999713897705,3.410099983215332,61088
2026-06-11 15:28:00+00:00,3.4200000762939453,3.4200000762939453,3.4149999618530273,3.4200000762939453,191924
2026-06-11 15:29:00+00:00,3.424999952316284,3.424999952316284,3.4100000858306885,3.4149999618530273,70850
2026-06-11 15:30:00+00:00,3.4200000762939453,3.424999952316284,3.4149999618530273,3.4198999404907227,238973
2026-06-11 15:31:00+00:00,3.4198999404907227,3.420099973678589,3.4100000858306885,3.4198999404907227,133904
2026-06-11 15:32:00+00:00,3.410099983215332,3.410099983215332,3.4000000953674316,3.410099983215332,195860
2026-06-11 15:34:00+00:00,3.4100000858306885,3.4198999404907227,3.400099992752075,3.400099992752075,135951
2026-06-11 15:35:00+00:00,3.400099992752075,3.400099992752075,3.400099992752075,3.400099992752075,5406
2026-06-11 15:37:00+00:00,3.4000000953674316,3.4082000255584717,3.390000104904175,3.4082000255584717,23005
2026-06-11 15:38:00+00:00,3.409899950027466,3.4100000858306885,3.4049999713897705,3.409899950027466,201787
2026-06-11 15:39:00+00:00,3.4049999713897705,3.4049999713897705,3.4049999713897705,3.4049999713897705,0
2026-06-11 15:40:00+00:00,3.4049999713897705,3.4049999713897705,3.4000000953674316,3.4000000953674316,235047
2026-06-11 15:41:00+00:00,3.4000000953674316,3.4100000858306885,3.3949999809265137,3.4100000858306885,155290
2026-06-11 15:43:00+00:00,3.4100000858306885,3.4200000762939453,3.4096999168395996,3.4198999404907227,241156
2026-06-11 15:44:00+00:00,3.4200000762939453,3.4200000762939453,3.4200000762939453,3.4200000762939453,27652
2026-06-11 15:45:00+00:00,3.424999952316284,3.430000066757202,3.424999952316284,3.430000066757202,197834
2026-06-11 15:46:00+00:00,3.424999952316284,3.4298999309539795,3.4100000858306885,3.410099983215332,296801
2026-06-11 15:47:00+00:00,3.4198999404907227,3.424999952316284,3.4198999404907227,3.420099973678589,163546
2026-06-11 15:48:00+00:00,3.424999952316284,3.424999952316284,3.424999952316284,3.424999952316284,702
2026-06-11 15:49:00+00:00,3.4298999309539795,3.430000066757202,3.424999952316284,3.4298999309539795,179251
2026-06-11 15:50:00+00:00,3.430000066757202,3.434999942779541,3.430000066757202,3.4300999641418457,107803
2026-06-11 15:51:00+00:00,3.430000066757202,3.434999942779541,3.430000066757202,3.430000066757202,188378
2026-06-11 15:52:00+00:00,3.434999942779541,3.434999942779541,3.434999942779541,3.434999942779541,7549
2026-06-11 15:53:00+00:00,3.4398999214172363,3.444999933242798,3.434999942779541,3.444999933242798,33854
2026-06-11 15:54:00+00:00,3.444999933242798,3.444999933242798,3.434999942779541,3.434999942779541,83070
2026-06-11 15:55:00+00:00,3.444999933242798,3.444999933242798,3.440000057220459,3.440000057220459,80923
2026-06-11 15:56:00+00:00,3.434999942779541,3.440000057220459,3.434999942779541,3.4398999214172363,185314
2026-06-11 15:57:00+00:00,3.444999933242798,3.444999933242798,3.4200000762939453,3.4200000762939453,184687
2026-06-11 15:58:00+00:00,3.4298999309539795,3.4298999309539795,3.428999900817871,3.428999900817871,24800
2026-06-11 16:00:00+00:00,3.4298999309539795,3.434999942779541,3.4200000762939453,3.420099973678589,444173
2026-06-11 16:01:00+00:00,3.424999952316284,3.424999952316284,3.4189000129699707,3.4200000762939453,321395
2026-06-11 16:02:00+00:00,3.420099973678589,3.424999952316284,3.4200000762939453,3.424999952316284,131006
2026-06-11 16:03:00+00:00,3.4200000762939453,3.424999952316284,3.4200000762939453,3.4200000762939453,19752
2026-06-11 16:04:00+00:00,3.424999952316284,3.4298999309539795,3.424999952316284,3.4298999309539795,13100
2026-06-11 16:05:00+00:00,3.420099973678589,3.424999952316284,3.411900043487549,3.411900043487549,27920
2026-06-11 16:07:00+00:00,3.4149999618530273,3.4149999618530273,3.4149999618530273,3.4149999618530273,1876
2026-06-11 16:08:00+00:00,3.4149999618530273,3.4149999618530273,3.4149999618530273,3.4149999618530273,8800
2026-06-11 16:09:00+00:00,3.4198999404907227,3.4200000762939453,3.4198999404907227,3.4200000762939453,11302
2026-06-11 16:10:00+00:00,3.4149999618530273,3.4149999618530273,3.4149999618530273,3.4149999618530273,716
2026-06-11 16:11:00+00:00,3.4149999618530273,3.4149999618530273,3.410099983215332,3.410099983215332,17103
2026-06-11 16:12:00+00:00,3.4100000858306885,3.410099983215332,3.4000000953674316,3.4003000259399414,26614
2026-06-11 16:14:00+00:00,3.4100000858306885,3.410099983215332,3.4049999713897705,3.410099983215332,238494
2026-06-11 16:15:00+00:00,3.410099983215332,3.4198999404907227,3.4000000953674316,3.410099983215332,146478
2026-06-11 16:16:00+00:00,3.4149999618530273,3.4149999618530273,3.4149999618530273,3.4149999618530273,0
2026-06-11 16:17:00+00:00,3.4149999618530273,3.428999900817871,3.4149999618530273,3.4200000762939453,87782
2026-06-11 16:18:00+00:00,3.4149999618530273,3.4149999618530273,3.413100004196167,3.413100004196167,0
2026-06-11 16:19:00+00:00,3.4149999618530273,3.4149999618530273,3.4149999618530273,3.4149999618530273,0
2026-06-11 16:20:00+00:00,3.4102001190185547,3.4102001190185547,3.4102001190185547,3.4102001190185547,7000
2026-06-11 16:21:00+00:00,3.4149999618530273,3.4200000762939453,3.4149999618530273,3.4200000762939453,165300
2026-06-11 16:22:00+00:00,3.420099973678589,3.4300999641418457,3.4200000762939453,3.4300999641418457,178035
2026-06-11 16:23:00+00:00,3.4300999641418457,3.430299997329712,3.4200000762939453,3.4200000762939453,90716
2026-06-11 16:25:00+00:00,3.4200000762939453,3.430000066757202,3.4200000762939453,3.430000066757202,393312
2026-06-11 16:26:00+00:00,3.430000066757202,3.4300999641418457,3.420099973678589,3.4300999641418457,359641
2026-06-11 16:27:00+00:00,3.434999942779541,3.434999942779541,3.430000066757202,3.430000066757202,68385
2026-06-11 16:28:00+00:00,3.430000066757202,3.434999942779541,3.4200000762939453,3.4298999309539795,170424
2026-06-11 16:29:00+00:00,3.424999952316284,3.434999942779541,3.424999952316284,3.434999942779541,32589
2026-06-11 16:31:00+00:00,3.433500051498413,3.433500051498413,3.433500051498413,3.433500051498413,14000
2026-06-11 16:32:00+00:00,3.434999942779541,3.434999942779541,3.434999942779541,3.434999942779541,3200
2026-06-11 16:33:00+00:00,3.4300999641418457,3.4300999641418457,3.4200000762939453,3.424999952316284,104322
2026-06-11 16:34:00+00:00,3.4200000762939453,3.4200000762939453,3.4000000953674316,3.4100000858306885,288054
2026-06-11 16:37:00+00:00,3.4100000858306885,3.4100000858306885,3.4049999713897705,3.4100000858306885,51042
2026-06-11 16:38:00+00:00,3.4149999618530273,3.4149999618530273,3.4149999618530273,3.4149999618530273,27243
2026-06-11 16:39:00+00:00,3.4189000129699707,3.420099973678589,3.4189000129699707,3.4200000762939453,102027
2026-06-11 16:40:00+00:00,3.424999952316284,3.424999952316284,3.424999952316284,3.424999952316284,0
2026-06-11 16:41:00+00:00,3.424999952316284,3.424999952316284,3.424999952316284,3.424999952316284,5274
2026-06-11 16:42:00+00:00,3.428100109100342,3.428100109100342,3.424999952316284,3.424999952316284,4374
2026-06-11 16:44:00+00:00,3.4200000762939453,3.420099973678589,3.4200000762939453,3.420099973678589,15480
2026-06-11 16:46:00+00:00,3.430000066757202,3.430000066757202,3.430000066757202,3.430000066757202,10028
2026-06-11 16:47:00+00:00,3.421999931335449,3.428200006484986,3.421999931335449,3.428200006484986,12470
2026-06-11 16:48:00+00:00,3.424999952316284,3.424999952316284,3.424999952316284,3.424999952316284,3002
2026-06-11 16:49:00+00:00,3.430000066757202,3.430000066757202,3.4298999309539795,3.4298999309539795,11800
2026-06-11 16:50:00+00:00,3.429800033569336,3.430000066757202,3.429800033569336,3.430000066757202,18507
2026-06-11 16:51:00+00:00,3.4398999214172363,3.440000057220459,3.4398999214172363,3.440000057220459,4947
2026-06-11 16:52:00+00:00,3.440000057220459,3.450000047683716,3.4384000301361084,3.447999954223633,117234
2026-06-11 16:53:00+00:00,3.449899911880493,3.450000047683716,3.4400999546051025,3.449899911880493,101221
2026-06-11 16:54:00+00:00,3.4400999546051025,3.4400999546051025,3.4400999546051025,3.4400999546051025,5600
2026-06-11 16:55:00+00:00,3.4489998817443848,3.4500999450683594,3.444999933242798,3.4500999450683594,22086
2026-06-11 16:56:00+00:00,3.4500999450683594,3.4549999237060547,3.440000057220459,3.440000057220459,288601
2026-06-11 16:57:00+00:00,3.449899911880493,3.450000047683716,3.449899911880493,3.450000047683716,37541
2026-06-11 16:58:00+00:00,3.4500999450683594,3.4500999450683594,3.450000047683716,3.4500999450683594,52750
2026-06-11 16:59:00+00:00,3.4500999450683594,3.4600000381469727,3.4500999450683594,3.4600000381469727,17755
2026-06-11 17:00:00+00:00,3.45989990234375,3.45989990234375,3.4500999450683594,3.4549999237060547,39039
2026-06-11 17:01:00+00:00,3.4500999450683594,3.4549999237060547,3.444999933242798,3.444999933242798,56402
2026-06-11 17:02:00+00:00,3.444999933242798,3.4549999237060547,3.4400999546051025,3.4500999450683594,331690
2026-06-11 17:03:00+00:00,3.45989990234375,3.4700000286102295,3.45989990234375,3.4700000286102295,71632
2026-06-11 17:04:00+00:00,3.4602999687194824,3.46370005607605,3.450000047683716,3.46370005607605,48904
2026-06-11 17:05:00+00:00,3.460099935531616,3.4700000286102295,3.450000047683716,3.4600000381469727,132110
2026-06-11 17:06:00+00:00,3.4600000381469727,3.4600000381469727,3.4600000381469727,3.4600000381469727,70100
2026-06-11 17:07:00+00:00,3.4600000381469727,3.4600000381469727,3.450000047683716,3.4549999237060547,41571
2026-06-11 17:08:00+00:00,3.4549999237060547,3.4600000381469727,3.450000047683716,3.450000047683716,142589
2026-06-11 17:09:00+00:00,3.4549999237060547,3.4549999237060547,3.4500999450683594,3.4500999450683594,0
2026-06-11 17:10:00+00:00,3.4600000381469727,3.4600000381469727,3.450000047683716,3.4549999237060547,76000
2026-06-11 17:11:00+00:00,3.4502999782562256,3.4502999782562256,3.450000047683716,3.450000047683716,69266
2026-06-11 17:12:00+00:00,3.4549999237060547,3.4700000286102295,3.4549999237060547,3.4700000286102295,141917
2026-06-11 17:13:00+00:00,3.4649999141693115,3.4700000286102295,3.4649999141693115,3.4700000286102295,33949
2026-06-11 17:14:00+00:00,3.469899892807007,3.4700000286102295,3.460099935531616,3.4700000286102295,83661
2026-06-11 17:15:00+00:00,3.469899892807007,3.4700000286102295,3.469899892807007,3.4700000286102295,1481
2026-06-11 17:16:00+00:00,3.470099925994873,3.4749999046325684,3.4700000286102295,3.4700000286102295,241172
2026-06-11 17:17:00+00:00,3.4649999141693115,3.470099925994873,3.4649999141693115,3.470099925994873,78848
2026-06-11 17:18:00+00:00,3.4798998832702637,3.4800000190734863,3.4700000286102295,3.4798998832702637,217383
2026-06-11 17:19:00+00:00,3.48009991645813,3.4802000522613525,3.470099925994873,3.4788999557495117,223673
2026-06-11 17:20:00+00:00,3.4749999046325684,3.4802000522613525,3.4749999046325684,3.4800000190734863,71584
2026-06-11 17:21:00+00:00,3.4798998832702637,3.4798998832702637,3.4790000915527344,3.4790000915527344,41041
2026-06-11 17:22:00+00:00,3.4788999557495117,3.48009991645813,3.4788999557495117,3.48009991645813,112266
2026-06-11 17:23:00+00:00,3.4800000190734863,3.484999895095825,3.470099925994873,3.470099925994873,180630
2026-06-11 17:24:00+00:00,3.4763998985290527,3.4763998985290527,3.4763998985290527,3.4763998985290527,0
2026-06-11 17:25:00+00:00,3.4700000286102295,3.4700000286102295,3.4600000381469727,3.4600000381469727,18954
2026-06-11 17:26:00+00:00,3.4600000381469727,3.460099935531616,3.4600000381469727,3.4600000381469727,15722
2026-06-11 17:28:00+00:00,3.450000047683716,3.450000047683716,3.424999952316284,3.424999952316284,253065
2026-06-11 17:29:00+00:00,3.4200000762939453,3.4200000762939453,3.390000104904175,3.390000104904175,53170
2026-06-11 17:30:00+00:00,3.390000104904175,3.390000104904175,3.350100040435791,3.350100040435791,266118
2026-06-11 17:31:00+00:00,3.359999895095825,3.384999990463257,3.359999895095825,3.3798999786376953,182203
2026-06-11 17:32:00+00:00,3.375,3.375,3.359999895095825,3.359999895095825,80890
2026-06-11 17:33:00+00:00,3.3598999977111816,3.359999895095825,3.3399999141693115,3.3499999046325684,131015
2026-06-11 17:34:00+00:00,3.3403000831604004,3.365000009536743,3.3399999141693115,3.365000009536743,70040
2026-06-11 17:35:00+00:00,3.3550000190734863,3.369999885559082,3.3550000190734863,3.359999895095825,58826
2026-06-11 17:36:00+00:00,3.368299961090088,3.369999885559082,3.360100030899048,3.360100030899048,105695
2026-06-11 17:37:00+00:00,3.3698999881744385,3.369999885559082,3.350100040435791,3.350100040435791,290106
2026-06-11 17:38:00+00:00,3.359999895095825,3.360100030899048,3.350100040435791,3.360100030899048,339927
2026-06-11 17:39:00+00:00,3.359999895095825,3.360300064086914,3.3499999046325684,3.359999895095825,326830
2026-06-11 17:40:00+00:00,3.3598999977111816,3.361799955368042,3.350100040435791,3.3550000190734863,204352
2026-06-11 17:41:00+00:00,3.350100040435791,3.3598999977111816,3.3499999046325684,3.3550000190734863,102718
2026-06-11 17:42:00+00:00,3.3503000736236572,3.3550000190734863,3.3499999046325684,3.3550000190734863,973
2026-06-11 17:43:00+00:00,3.3450000286102295,3.3482000827789307,3.3450000286102295,3.3482000827789307,952
2026-06-11 17:44:00+00:00,3.340100049972534,3.340100049972534,3.3399999141693115,3.3399999141693115,450
2026-06-11 17:45:00+00:00,3.3317999839782715,3.3399999141693115,3.3299999237060547,3.3350000381469727,22291
2026-06-11 17:46:00+00:00,3.3350000381469727,3.349900007247925,3.3350000381469727,3.349900007247925,25789
2026-06-11 17:47:00+00:00,3.340100049972534,3.358099937438965,3.340100049972534,3.350100040435791,29761
2026-06-11 17:48:00+00:00,3.3499999046325684,3.3499999046325684,3.3450000286102295,3.349900007247925,21218
2026-06-11 17:49:00+00:00,3.3499999046325684,3.3550000190734863,3.349900007247925,3.350100040435791,165000
2026-06-11 17:50:00+00:00,3.359999895095825,3.360100030899048,3.3592000007629395,3.360100030899048,32621
2026-06-11 17:51:00+00:00,3.3698999881744385,3.3698999881744385,3.3550000190734863,3.3550000190734863,219241
2026-06-11 17:52:00+00:00,3.350100040435791,3.3503000736236572,3.3499999046325684,3.3503000736236572,65835
2026-06-11 17:54:00+00:00,3.3589000701904297,3.3598999977111816,3.3580000400543213,3.3598999977111816,114910
2026-06-11 17:55:00+00:00,3.350100040435791,3.3512001037597656,3.3499999046325684,3.351099967956543,110235
2026-06-11 17:56:00+00:00,3.3550000190734863,3.365000009536743,3.3550000190734863,3.365000009536743,170903
2026-06-11 17:57:00+00:00,3.360100030899048,3.3601999282836914,3.350100040435791,3.350100040435791,84222
2026-06-11 17:59:00+00:00,3.3499999046325684,3.3499999046325684,3.3499999046325684,3.3499999046325684,170
2026-06-11 18:00:00+00:00,3.350100040435791,3.351099967956543,3.3399999141693115,3.3399999141693115,29595
2026-06-11 18:01:00+00:00,3.349900007247925,3.349900007247925,3.3496999740600586,3.3496999740600586,42985
2026-06-11 18:02:00+00:00,3.3499999046325684,3.359999895095825,3.3499999046325684,3.359999895095825,144994
2026-06-11 18:03:00+00:00,3.369800090789795,3.3710999488830566,3.365000009536743,3.3701000213623047,204004
2026-06-11 18:04:00+00:00,3.3701000213623047,3.380000114440918,3.3701000213623047,3.3798999786376953,51099
2026-06-11 18:05:00+00:00,3.369999885559082,3.380000114440918,3.365000009536743,3.3798999786376953,111630
2026-06-11 18:06:00+00:00,3.3798999786376953,3.380000114440918,3.3701000213623047,3.3701000213623047,82850
2026-06-11 18:07:00+00:00,3.375,3.375,3.369999885559082,3.369999885559082,140568
2026-06-11 18:08:00+00:00,3.365000009536743,3.369999885559082,3.365000009536743,3.369999885559082,19500
2026-06-11 18:09:00+00:00,3.369999885559082,3.375,3.360100030899048,3.360100030899048,101158
2026-06-11 18:10:00+00:00,3.3682000637054443,3.3682000637054443,3.360100030899048,3.365000009536743,3221
2026-06-11 18:11:00+00:00,3.359999895095825,3.359999895095825,3.3598999977111816,3.3598999977111816,29600
2026-06-11 18:12:00+00:00,3.359699964523315,3.3598999977111816,3.359699964523315,3.3598999977111816,48894
2026-06-11 18:13:00+00:00,3.3598999977111816,3.3598999977111816,3.350100040435791,3.350100040435791,6800
2026-06-11 18:14:00+00:00,3.3550000190734863,3.3550000190734863,3.3499999046325684,3.350100040435791,12187
2026-06-11 18:15:00+00:00,3.3499999046325684,3.3499999046325684,3.3450000286102295,3.3450000286102295,23506
2026-06-11 18:16:00+00:00,3.340100049972534,3.340100049972534,3.3299999237060547,3.3299999237060547,57185
2026-06-11 18:17:00+00:00,3.339900016784668,3.3399999141693115,3.332799911499023,3.332799911499023,61861
2026-06-11 18:18:00+00:00,3.3397998809814453,3.340100049972534,3.3350000381469727,3.340100049972534,35058
2026-06-11 18:19:00+00:00,3.340100049972534,3.340100049972534,3.3301000595092773,3.3350000381469727,47430
2026-06-11 18:20:00+00:00,3.339900016784668,3.3450000286102295,3.339900016784668,3.3450000286102295,36362
2026-06-11 18:21:00+00:00,3.340100049972534,3.341099977493286,3.3399999141693115,3.3399999141693115,75945
2026-06-11 18:22:00+00:00,3.3598999977111816,3.3598999977111816,3.3496999740600586,3.3496999740600586,59914
2026-06-11 18:24:00+00:00,3.340100049972534,3.347599983215332,3.340100049972534,3.347599983215332,0
2026-06-11 18:25:00+00:00,3.3399999141693115,3.3399999141693115,3.3350000381469727,3.3350000381469727,4647
2026-06-11 18:26:00+00:00,3.3396999835968018,3.349900007247925,3.3396999835968018,3.340100049972534,59205
2026-06-11 18:28:00+00:00,3.3450000286102295,3.3450000286102295,3.3450000286102295,3.3450000286102295,524
2026-06-11 18:29:00+00:00,3.341399908065796,3.341399908065796,3.3399999141693115,3.3399999141693115,29806
2026-06-11 18:30:00+00:00,3.3450000286102295,3.3450000286102295,3.339900016784668,3.339900016784668,0
2026-06-11 18:31:00+00:00,3.3301000595092773,3.3303000926971436,3.3299999237060547,3.3299999237060547,40956
2026-06-11 18:32:00+00:00,3.3310999870300293,3.3450000286102295,3.3310999870300293,3.3450000286102295,52410
2026-06-11 18:33:00+00:00,3.3399999141693115,3.3399999141693115,3.3299999237060547,3.338099956512451,25006
2026-06-11 18:34:00+00:00,3.3350000381469727,3.3450000286102295,3.3350000381469727,3.3450000286102295,39955
2026-06-11 18:35:00+00:00,3.3399999141693115,3.3450000286102295,3.339900016784668,3.3399999141693115,106979
2026-06-11 18:36:00+00:00,3.3350000381469727,3.3350000381469727,3.3350000381469727,3.3350000381469727,0
2026-06-11 18:37:00+00:00,3.3299999237060547,3.3301000595092773,3.3299999237060547,3.3301000595092773,5000
2026-06-11 18:38:00+00:00,3.3350000381469727,3.3350000381469727,3.3350000381469727,3.3350000381469727,0
2026-06-11 18:39:00+00:00,3.339900016784668,3.339900016784668,3.339900016784668,3.339900016784668,5000
2026-06-11 18:40:00+00:00,3.3399999141693115,3.3399999141693115,3.3301000595092773,3.3301000595092773,3317
2026-06-11 18:43:00+00:00,3.3301000595092773,3.3303000926971436,3.319999933242798,3.329900026321411,110125
2026-06-11 18:44:00+00:00,3.3299999237060547,3.3299999237060547,3.3282999992370605,3.3297998905181885,104013
2026-06-11 18:45:00+00:00,3.3299999237060547,3.3299999237060547,3.325000047683716,3.325000047683716,3300
2026-06-11 18:46:00+00:00,3.3201000690460205,3.328200101852417,3.319999933242798,3.319999933242798,14824
2026-06-11 18:47:00+00:00,3.3201000690460205,3.3201000690460205,3.3201000690460205,3.3201000690460205,73
2026-06-11 18:48:00+00:00,3.325000047683716,3.325000047683716,3.315000057220459,3.315000057220459,129565
2026-06-11 18:49:00+00:00,3.309999942779541,3.31850004196167,3.309999942779541,3.31850004196167,5903
2026-06-11 18:50:00+00:00,3.309999942779541,3.309999942779541,3.305000066757202,3.305000066757202,19718
2026-06-11 18:51:00+00:00,3.3099000453948975,3.3101000785827637,3.300100088119507,3.3101000785827637,69025
2026-06-11 18:52:00+00:00,3.309999942779541,3.309999942779541,3.309999942779541,3.309999942779541,1060
2026-06-11 18:53:00+00:00,3.3101000785827637,3.3101000785827637,3.309999942779541,3.309999942779541,15100
2026-06-11 18:54:00+00:00,3.3099000453948975,3.315000057220459,3.3099000453948975,3.315000057220459,45731
2026-06-11 18:55:00+00:00,3.3183000087738037,3.3183000087738037,3.315000057220459,3.315000057220459,2306
2026-06-11 18:56:00+00:00,3.3101000785827637,3.315000057220459,3.3101000785827637,3.315000057220459,10001
2026-06-11 18:57:00+00:00,3.309999942779541,3.3101000785827637,3.309999942779541,3.309999942779541,43259
2026-06-11 19:00:00+00:00,3.305000066757202,3.305000066757202,3.2999000549316406,3.2999000549316406,68629
2026-06-11 19:01:00+00:00,3.29010009765625,3.29010009765625,3.29010009765625,3.29010009765625,2841
2026-06-11 19:02:00+00:00,3.298799991607666,3.298799991607666,3.298799991607666,3.298799991607666,115
2026-06-11 19:03:00+00:00,3.2999000549316406,3.2999000549316406,3.29010009765625,3.2950000762939453,44314
2026-06-11 19:04:00+00:00,3.2950000762939453,3.2950000762939453,3.2950000762939453,3.2950000762939453,2410
2026-06-11 19:05:00+00:00,3.2999000549316406,3.305000066757202,3.2992000579833984,3.300100088119507,77049
2026-06-11 19:06:00+00:00,3.3099000453948975,3.309999942779541,3.3099000453948975,3.309999942779541,20258
2026-06-11 19:07:00+00:00,3.309999942779541,3.3101999759674072,3.299999952316284,3.300100088119507,58233
2026-06-11 19:08:00+00:00,3.2899999618530273,3.2999000549316406,3.2899999618530273,3.2999000549316406,44558
2026-06-11 19:09:00+00:00,3.2899999618530273,3.2899999618530273,3.2899999618530273,3.2899999618530273,1816
2026-06-11 19:10:00+00:00,3.286400079727173,3.286400079727173,3.286400079727173,3.286400079727173,2505
2026-06-11 19:11:00+00:00,3.2899999618530273,3.2899999618530273,3.280100107192993,3.280100107192993,19819
2026-06-11 19:12:00+00:00,3.2799999713897705,3.2850000858306885,3.2699999809265137,3.278899908065796,102291
2026-06-11 19:13:00+00:00,3.278899908065796,3.2850000858306885,3.2701001167297363,3.2718000411987305,71148
2026-06-11 19:14:00+00:00,3.2799999713897705,3.2850000858306885,3.279099941253662,3.2850000858306885,67556
2026-06-11 19:15:00+00:00,3.2802000045776367,3.281100034713745,3.2699999809265137,3.2750000953674316,62536
2026-06-11 19:16:00+00:00,3.2699999809265137,3.275099992752075,3.2697999477386475,3.2697999477386475,16147
2026-06-11 19:17:00+00:00,3.2699999809265137,3.279900074005127,3.266400098800659,3.2750000953674316,169126
2026-06-11 19:18:00+00:00,3.2750000953674316,3.2799999713897705,3.2701001167297363,3.2799999713897705,6823
2026-06-11 19:19:00+00:00,3.2711000442504883,3.2711000442504883,3.2699999809265137,3.2701001167297363,46618
2026-06-11 19:20:00+00:00,3.2701001167297363,3.2750000953674316,3.2699999809265137,3.2750000953674316,2046
2026-06-11 19:21:00+00:00,3.2750000953674316,3.2750000953674316,3.2750000953674316,3.2750000953674316,1700
2026-06-11 19:22:00+00:00,3.270299911499023,3.2750000953674316,3.270299911499023,3.2750000953674316,2628
2026-06-11 19:23:00+00:00,3.2750000953674316,3.2750000953674316,3.2750000953674316,3.2750000953674316,0
2026-06-11 19:24:00+00:00,3.2783000469207764,3.2783000469207764,3.272200107574463,3.272200107574463,2100
2026-06-11 19:25:00+00:00,3.2699999809265137,3.2699999809265137,3.265000104904175,3.265000104904175,44137
2026-06-11 19:26:00+00:00,3.26990008354187,3.2699999809265137,3.2600998878479004,3.2600998878479004,51805
2026-06-11 19:27:00+00:00,3.265000104904175,3.2699999809265137,3.265000104904175,3.2699999809265137,9665
2026-06-11 19:28:00+00:00,3.259999990463257,3.259999990463257,3.255000114440918,3.259999990463257,12642
2026-06-11 19:29:00+00:00,3.2599000930786133,3.26990008354187,3.25,3.26990008354187,87697
2026-06-11 19:30:00+00:00,3.2602999210357666,3.261100053787231,3.2400999069213867,3.2400999069213867,404249
2026-06-11 19:31:00+00:00,3.244999885559082,3.2499001026153564,3.2400999069213867,3.2400999069213867,8412
2026-06-11 19:32:00+00:00,3.240000009536743,3.244999885559082,3.240000009536743,3.244999885559082,9760
2026-06-11 19:33:00+00:00,3.244999885559082,3.25,3.244999885559082,3.25,64299
2026-06-11 19:34:00+00:00,3.244999885559082,3.244999885559082,3.244999885559082,3.244999885559082,1252
2026-06-11 19:36:00+00:00,3.25,3.25,3.2400999069213867,3.2400999069213867,855
2026-06-11 19:37:00+00:00,3.25,3.255000114440918,3.244999885559082,3.2500998973846436,204600
2026-06-11 19:38:00+00:00,3.255000114440918,3.265000104904175,3.255000114440918,3.2600998878479004,95712
2026-06-11 19:39:00+00:00,3.259999990463257,3.2750000953674316,3.259999990463257,3.2701001167297363,137706
2026-06-11 19:40:00+00:00,3.2699999809265137,3.2699999809265137,3.251699924468994,3.251699924468994,221506
2026-06-11 19:41:00+00:00,3.244999885559082,3.244999885559082,3.244999885559082,3.244999885559082,424
2026-06-11 19:42:00+00:00,3.244999885559082,3.244999885559082,3.240000009536743,3.2411000728607178,21691
2026-06-11 19:43:00+00:00,3.2400999069213867,3.2411000728607178,3.2400999069213867,3.2400999069213867,26546
2026-06-11 19:44:00+00:00,3.2499001026153564,3.258500099182129,3.244999885559082,3.244999885559082,105560
2026-06-11 19:45:00+00:00,3.25,3.2500998973846436,3.2499001026153564,3.2500998973846436,94068
2026-06-11 19:46:00+00:00,3.244999885559082,3.255000114440918,3.244999885559082,3.2504000663757324,5821
2026-06-11 19:47:00+00:00,3.2500998973846436,3.2502999305725098,3.244999885559082,3.2497000694274902,107174
2026-06-11 19:48:00+00:00,3.249799966812134,3.255000114440918,3.244999885559082,3.255000114440918,20986
2026-06-11 19:49:00+00:00,3.255000114440918,3.259999990463257,3.2500998973846436,3.2511000633239746,55904
2026-06-11 19:50:00+00:00,3.2500998973846436,3.26990008354187,3.2500998973846436,3.259999990463257,57203
2026-06-11 19:51:00+00:00,3.265000104904175,3.265000104904175,3.25,3.25,76121
2026-06-11 19:54:00+00:00,3.240000009536743,3.240000009536743,3.234999895095825,3.238899946212769,55682
2026-06-11 19:55:00+00:00,3.240000009536743,3.25,3.240000009536743,3.25,461917
2026-06-11 19:56:00+00:00,3.248300075531006,3.248300075531006,3.248300075531006,3.248300075531006,171
2026-06-11 19:57:00+00:00,3.240000009536743,3.2400999069213867,3.240000009536743,3.2400999069213867,11950
2026-06-11 19:58:00+00:00,3.244999885559082,3.244999885559082,3.244999885559082,3.244999885559082,0
2026-06-11 19:59:00+00:00,3.244999885559082,3.244999885559082,3.2400999069213867,3.2400999069213867,48009
2026-06-11 20:00:00+00:00,3.25,3.25,3.24,3.25,0
2026-06-11 20:02:00+00:00,3.25,3.25,3.24,3.24,0
2026-06-11 20:04:00+00:00,3.24,3.24,3.24,3.24,0
2026-06-11 20:05:00+00:00,3.2502,3.2502,3.2502,3.2502,0
2026-06-11 20:06:00+00:00,3.2589,3.2589,3.2589,3.2589,0
2026-06-11 20:07:00+00:00,3.26,3.26,3.2502,3.2502,0
2026-06-11 20:09:00+00:00,3.2501,3.2501,3.2501,3.2501,0
2026-06-11 20:10:00+00:00,3.24,3.24,3.24,3.24,0
2026-06-11 20:12:00+00:00,3.2589,3.2589,3.2589,3.2589,0
2026-06-11 20:20:00+00:00,3.26,3.26,3.26,3.26,0
2026-06-11 20:21:00+00:00,3.26,3.26,3.26,3.26,0
2026-06-11 20:23:00+00:00,3.27,3.27,3.27,3.27,0
2026-06-11 20:38:00+00:00,3.27,3.27,3.2689,3.2689,0
2026-06-11 20:45:00+00:00,3.2602,3.2602,3.2602,3.2602,0
2026-06-11 20:49:00+00:00,3.27,3.27,3.26,3.26,0
2026-06-11 20:51:00+00:00,3.27,3.27,3.27,3.27,0
2026-06-11 21:00:00+00:00,3.261,3.261,3.261,3.261,0
2026-06-11 21:22:00+00:00,3.27,3.27,3.27,3.27,0
2026-06-11 21:25:00+00:00,3.26,3.26,3.26,3.26,0
2026-06-11 21:27:00+00:00,3.2602,3.2602,3.2602,3.2602,0
2026-06-11 21:32:00+00:00,3.27,3.27,3.27,3.27,0
2026-06-11 21:43:00+00:00,3.2519,3.2519,3.2519,3.2519,0
2026-06-11 21:44:00+00:00,3.25,3.2599,3.25,3.2599,0
2026-06-11 21:50:00+00:00,3.28,3.28,3.28,3.28,0
2026-06-11 21:51:00+00:00,3.26,3.26,3.26,3.26,0
2026-06-11 21:54:00+00:00,3.2597,3.2597,3.2597,3.2597,0
2026-06-11 21:57:00+00:00,3.27,3.27,3.27,3.27,0
2026-06-11 21:58:00+00:00,3.2699,3.2699,3.2699,3.2699,0
2026-06-11 22:02:00+00:00,3.25,3.25,3.25,3.25,0
2026-06-11 22:12:00+00:00,3.26,3.26,3.26,3.26,0
2026-06-11 22:18:00+00:00,3.2503,3.2503,3.2503,3.2503,0
2026-06-11 22:21:00+00:00,3.25,3.25,3.25,3.25,0
2026-06-11 22:23:00+00:00,3.25,3.25,3.25,3.25,0
2026-06-11 22:24:00+00:00,3.2406,3.2406,3.2406,3.2406,0
2026-06-11 22:34:00+00:00,3.2411,3.2411,3.2411,3.2411,0
2026-06-11 22:37:00+00:00,3.24,3.24,3.24,3.24,0
2026-06-11 22:40:00+00:00,3.2402,3.2402,3.2402,3.2402,0
2026-06-11 22:41:00+00:00,3.2499,3.2499,3.2499,3.2499,0
2026-06-11 22:44:00+00:00,3.2401,3.2401,3.2401,3.2401,0
2026-06-11 22:45:00+00:00,3.24,3.24,3.24,3.24,0
2026-06-11 22:51:00+00:00,3.248,3.248,3.248,3.248,0
2026-06-11 22:54:00+00:00,3.25,3.25,3.2487,3.2487,0
2026-06-11 22:55:00+00:00,3.2498,3.2498,3.2498,3.2498,0
2026-06-11 22:59:00+00:00,3.2497,3.2497,3.2497,3.2497,0
2026-06-11 23:03:00+00:00,3.25,3.25,3.25,3.25,0
2026-06-11 23:04:00+00:00,3.25,3.25,3.25,3.25,0
2026-06-11 23:05:00+00:00,3.2498,3.2498,3.2498,3.2498,0
2026-06-11 23:10:00+00:00,3.25,3.25,3.25,3.25,0
2026-06-11 23:22:00+00:00,3.2487,3.2487,3.2487,3.2487,0
2026-06-11 23:24:00+00:00,3.25,3.25,3.25,3.25,0
2026-06-11 23:25:00+00:00,3.26,3.26,3.26,3.26,0
2026-06-11 23:27:00+00:00,3.2589,3.2589,3.2589,3.2589,0
2026-06-11 23:30:00+00:00,3.25,3.25,3.25,3.25,0
2026-06-11 23:34:00+00:00,3.2599,3.2599,3.2599,3.2599,0
2026-06-11 23:41:00+00:00,3.24,3.24,3.24,3.24,0
2026-06-11 23:49:00+00:00,3.25,3.25,3.24,3.24,0
2026-06-11 23:50:00+00:00,3.23,3.23,3.23,3.23,0
2026-06-11 23:51:00+00:00,3.24,3.24,3.24,3.24,0
2026-06-11 23:52:00+00:00,3.24,3.24,3.24,3.24,0
2026-06-11 23:53:00+00:00,3.23,3.23,3.23,3.23,0
2026-06-12 08:00:00+00:00,3.2704,3.31,3.23,3.29,0
2026-06-12 08:01:00+00:00,3.28,3.28,3.21,3.2782,0
2026-06-12 08:05:00+00:00,3.2796,3.2796,3.2796,3.2796,0
2026-06-12 08:09:00+00:00,3.275,3.275,3.275,3.275,0
2026-06-12 08:12:00+00:00,3.27,3.27,3.27,3.27,0
2026-06-12 08:14:00+00:00,3.26,3.26,3.26,3.26,0
2026-06-12 08:15:00+00:00,3.27,3.27,3.27,3.27,0
2026-06-12 08:18:00+00:00,3.26,3.26,3.26,3.26,0
2026-06-12 08:43:00+00:00,3.28,3.28,3.28,3.28,0
2026-06-12 09:01:00+00:00,3.28,3.28,3.24,3.24,0
2026-06-12 09:04:00+00:00,3.22,3.22,3.21,3.21,0
2026-06-12 09:05:00+00:00,3.2,3.2,3.2,3.2,0
2026-06-12 09:06:00+00:00,3.21,3.21,3.21,3.21,0
2026-06-12 09:07:00+00:00,3.2,3.2082,3.2,3.2082,0
2026-06-12 09:16:00+00:00,3.2,3.2,3.2,3.2,0
2026-06-12 09:21:00+00:00,3.2,3.2,3.2,3.2,0
2026-06-12 09:22:00+00:00,3.2,3.2,3.2,3.2,0
2026-06-12 09:36:00+00:00,3.19,3.19,3.19,3.19,0
2026-06-12 09:43:00+00:00,3.1904,3.1904,3.1904,3.1904,0
2026-06-12 10:09:00+00:00,3.17,3.17,3.17,3.17,0
2026-06-12 10:14:00+00:00,3.18,3.18,3.18,3.18,0
2026-06-12 10:18:00+00:00,3.19,3.19,3.19,3.19,0
2026-06-12 10:21:00+00:00,3.19,3.19,3.19,3.19,0
2026-06-12 10:36:00+00:00,3.2,3.2,3.2,3.2,0
2026-06-12 10:57:00+00:00,3.2,3.2,3.2,3.2,0
2026-06-12 10:58:00+00:00,3.2,3.2,3.2,3.2,0
2026-06-12 11:00:00+00:00,3.2,3.2,3.2,3.2,0
2026-06-12 11:02:00+00:00,3.19,3.19,3.19,3.19,0
2026-06-12 11:04:00+00:00,3.1803,3.1803,3.1803,3.1803,0
2026-06-12 11:07:00+00:00,3.18,3.18,3.18,3.18,0
2026-06-12 11:13:00+00:00,3.18,3.18,3.18,3.18,0
2026-06-12 11:14:00+00:00,3.1703,3.1703,3.1703,3.1703,0
2026-06-12 11:15:00+00:00,3.1713,3.1713,3.1713,3.1713,0
2026-06-12 11:20:00+00:00,3.1787,3.1787,3.1787,3.1787,0
2026-06-12 11:22:00+00:00,3.1698,3.1698,3.1698,3.1698,0
2026-06-12 11:24:00+00:00,3.1697,3.1697,3.1697,3.1697,0
2026-06-12 11:25:00+00:00,3.1697,3.1697,3.1603,3.1603,0
2026-06-12 11:30:00+00:00,3.1697,3.1697,3.1697,3.1697,0
2026-06-12 11:34:00+00:00,3.162,3.162,3.162,3.162,0
2026-06-12 11:36:00+00:00,3.1699,3.17,3.1699,3.17,0
2026-06-12 11:37:00+00:00,3.16,3.16,3.16,3.16,0
2026-06-12 11:41:00+00:00,3.1799,3.1799,3.1799,3.1799,0
2026-06-12 11:45:00+00:00,3.1787,3.1787,3.1787,3.1787,0
2026-06-12 11:48:00+00:00,3.1787,3.1787,3.1787,3.1787,0
2026-06-12 11:51:00+00:00,3.1713,3.1713,3.1713,3.1713,0
2026-06-12 11:52:00+00:00,3.18,3.18,3.18,3.18,0
2026-06-12 12:08:00+00:00,3.1898,3.1898,3.1898,3.1898,0
2026-06-12 12:16:00+00:00,3.19,3.19,3.19,3.19,0
2026-06-12 12:19:00+00:00,3.19,3.19,3.19,3.19,0
2026-06-12 12:23:00+00:00,3.2,3.2,3.2,3.2,0
2026-06-12 12:24:00+00:00,3.2,3.2,3.2,3.2,0
2026-06-12 12:29:00+00:00,3.205,3.205,3.205,3.205,0
2026-06-12 12:30:00+00:00,3.2005,3.2005,3.2005,3.2005,0
2026-06-12 12:31:00+00:00,3.2001,3.2001,3.2001,3.2001,0
2026-06-12 12:32:00+00:00,3.21,3.21,3.21,3.21,0
2026-06-12 12:33:00+00:00,3.2027,3.2027,3.2027,3.2027,0
2026-06-12 12:43:00+00:00,3.21,3.21,3.21,3.21,0
2026-06-12 12:47:00+00:00,3.2097,3.2097,3.2097,3.2097,0
2026-06-12 12:48:00+00:00,3.21,3.21,3.21,3.21,0
2026-06-12 12:50:00+00:00,3.2101,3.2101,3.2101,3.2101,0
2026-06-12 12:52:00+00:00,3.2113,3.2113,3.2103,3.2103,0
2026-06-12 12:57:00+00:00,3.23,3.23,3.2299,3.2299,0
2026-06-12 12:58:00+00:00,3.23,3.23,3.2282,3.23,0
2026-06-12 12:59:00+00:00,3.2298,3.2298,3.2298,3.2298,0
2026-06-12 13:00:00+00:00,3.2299,3.2299,3.2299,3.2299,0
2026-06-12 13:04:00+00:00,3.2199,3.2199,3.2199,3.2199,0
2026-06-12 13:13:00+00:00,3.21,3.21,3.21,3.21,0
2026-06-12 13:14:00+00:00,3.2103,3.2103,3.2103,3.2103,0
2026-06-12 13:16:00+00:00,3.2098,3.2098,3.2098,3.2098,0
2026-06-12 13:17:00+00:00,3.2005,3.2005,3.2005,3.2005,0
2026-06-12 13:19:00+00:00,3.2,3.2,3.2,3.2,0
2026-06-12 13:21:00+00:00,3.21,3.21,3.21,3.21,0
2026-06-12 13:23:00+00:00,3.22,3.22,3.22,3.22,0
2026-06-12 13:25:00+00:00,3.2,3.21,3.2,3.2,0
2026-06-12 13:26:00+00:00,3.19,3.19,3.19,3.19,0
2026-06-12 13:27:00+00:00,3.17,3.18,3.17,3.17,0
2026-06-12 13:28:00+00:00,3.17,3.17,3.17,3.17,0
2026-06-12 13:30:00+00:00,3.174999952316284,3.2100000381469727,3.174999952316284,3.190000057220459,919205
2026-06-12 13:31:00+00:00,3.200000047683716,3.2049999237060547,3.194999933242798,3.200000047683716,174088
2026-06-12 13:32:00+00:00,3.2049999237060547,3.2049999237060547,3.190000057220459,3.190000057220459,57535
2026-06-12 13:33:00+00:00,3.194999933242798,3.208699941635132,3.1819000244140625,3.1819000244140625,59985
2026-06-12 13:34:00+00:00,3.1898999214172363,3.190000057220459,3.160099983215332,3.1700000762939453,90053
2026-06-12 13:35:00+00:00,3.1649999618530273,3.1649999618530273,3.135499954223633,3.140000104904175,57729
2026-06-12 13:36:00+00:00,3.130000114440918,3.134999990463257,3.119999885559082,3.119999885559082,28550
2026-06-12 13:37:00+00:00,3.120800018310547,3.1549999713897705,3.120800018310547,3.140000104904175,82599
2026-06-12 13:38:00+00:00,3.149899959564209,3.149899959564209,3.130000114440918,3.139899969100952,100171
2026-06-12 13:39:00+00:00,3.139899969100952,3.139899969100952,3.119999885559082,3.119999885559082,54956
2026-06-12 13:40:00+00:00,3.119999885559082,3.140000104904175,3.0999999046325684,3.138700008392334,378688
2026-06-12 13:41:00+00:00,3.149899959564209,3.159899950027466,3.149899959564209,3.159899950027466,53703
2026-06-12 13:42:00+00:00,3.1549999713897705,3.160099983215332,3.150099992752075,3.159899950027466,38251
2026-06-12 13:43:00+00:00,3.1649999618530273,3.1649999618530273,3.1449999809265137,3.1449999809265137,91935
2026-06-12 13:44:00+00:00,3.149899959564209,3.159899950027466,3.149899959564209,3.159899950027466,27786
2026-06-12 13:45:00+00:00,3.1549999713897705,3.1700000762939453,3.150099992752075,3.1700000762939453,169998
2026-06-12 13:46:00+00:00,3.1700000762939453,3.1700000762939453,3.1350998878479004,3.1350998878479004,121979
2026-06-12 13:47:00+00:00,3.1382999420166016,3.1382999420166016,3.119999885559082,3.119999885559082,41660
2026-06-12 13:48:00+00:00,3.130000114440918,3.130000114440918,3.125,3.130000114440918,48610
2026-06-12 13:49:00+00:00,3.1301000118255615,3.140000104904175,3.1280999183654785,3.1289000511169434,28873
2026-06-12 13:50:00+00:00,3.1298999786376953,3.130000114440918,3.125,3.125,120908
2026-06-12 13:51:00+00:00,3.125,3.138200044631958,3.119999885559082,3.119999885559082,60599
2026-06-12 13:52:00+00:00,3.128700017929077,3.1298999786376953,3.1201000213623047,3.125,22129
2026-06-12 13:53:00+00:00,3.125,3.140000104904175,3.119999885559082,3.140000104904175,100545
2026-06-12 13:54:00+00:00,3.1449999809265137,3.1500000953674316,3.132699966430664,3.132699966430664,27714
2026-06-12 13:55:00+00:00,3.140000104904175,3.1449999809265137,3.1298999786376953,3.1298999786376953,104383
2026-06-12 13:56:00+00:00,3.119999885559082,3.119999885559082,3.109999895095825,3.1187000274658203,56693
2026-06-12 13:57:00+00:00,3.1159000396728516,3.1159000396728516,3.0899999141693115,3.099900007247925,120609
2026-06-12 13:58:00+00:00,3.090100049972534,3.0999999046325684,3.0899999141693115,3.0999999046325684,32122
2026-06-12 13:59:00+00:00,3.1050000190734863,3.115000009536743,3.1050000190734863,3.110100030899048,123136
2026-06-12 14:00:00+00:00,3.109999895095825,3.109999895095825,3.0801000595092773,3.0899999141693115,205822
2026-06-12 14:01:00+00:00,3.0799999237060547,3.0899999141693115,3.0799999237060547,3.0850000381469727,43213
2026-06-12 14:02:00+00:00,3.0850000381469727,3.0850000381469727,3.069999933242798,3.069999933242798,172703
2026-06-12 14:03:00+00:00,3.072000026702881,3.0799999237060547,3.069999933242798,3.0701000690460205,42815
2026-06-12 14:04:00+00:00,3.075000047683716,3.0799999237060547,3.069999933242798,3.0799999237060547,8151
2026-06-12 14:05:00+00:00,3.0701000690460205,3.089900016784668,3.069999933242798,3.0801000595092773,202946
2026-06-12 14:06:00+00:00,3.0801000595092773,3.0850000381469727,3.069999933242798,3.0701000690460205,126611
2026-06-12 14:07:00+00:00,3.069999933242798,3.0701000690460205,3.059999942779541,3.059999942779541,39739
2026-06-12 14:08:00+00:00,3.065000057220459,3.065000057220459,3.065000057220459,3.065000057220459,6102
2026-06-12 14:09:00+00:00,3.065000057220459,3.0699000358581543,3.0617001056671143,3.065000057220459,2623
2026-06-12 14:10:00+00:00,3.065000057220459,3.079900026321411,3.059999942779541,3.0685999393463135,91945
2026-06-12 14:11:00+00:00,3.0699000358581543,3.0801000595092773,3.0699000358581543,3.079900026321411,104943
2026-06-12 14:12:00+00:00,3.079900026321411,3.0799999237060547,3.079900026321411,3.079900026321411,47420
2026-06-12 14:13:00+00:00,3.0850000381469727,3.0850000381469727,3.0850000381469727,3.0850000381469727,8250
2026-06-12 14:14:00+00:00,3.0850000381469727,3.0850000381469727,3.069999933242798,3.0713000297546387,161428
2026-06-12 14:15:00+00:00,3.079900026321411,3.079900026321411,3.079900026321411,3.079900026321411,1400
2026-06-12 14:16:00+00:00,3.079900026321411,3.089900016784668,3.079900026321411,3.0850000381469727,14038
2026-06-12 14:17:00+00:00,3.0850000381469727,3.0882999897003174,3.075000047683716,3.075000047683716,5566
2026-06-12 14:18:00+00:00,3.075000047683716,3.075000047683716,3.069999933242798,3.069999933242798,25907
2026-06-12 14:19:00+00:00,3.065000057220459,3.0701000690460205,3.065000057220459,3.065000057220459,107147
2026-06-12 14:20:00+00:00,3.0699000358581543,3.0699000358581543,3.055000066757202,3.059999942779541,90902
2026-06-12 14:21:00+00:00,3.059999942779541,3.0799999237060547,3.059999942779541,3.079699993133545,35744
2026-06-12 14:22:00+00:00,3.078700065612793,3.0850000381469727,3.078700065612793,3.0850000381469727,971
2026-06-12 14:23:00+00:00,3.0801000595092773,3.089900016784668,3.0801000595092773,3.0896999835968018,33963
2026-06-12 14:24:00+00:00,3.0850000381469727,3.0899999141693115,3.0850000381469727,3.0899999141693115,5181
2026-06-12 14:25:00+00:00,3.088900089263916,3.088900089263916,3.071799993515014,3.071799993515014,34781
2026-06-12 14:26:00+00:00,3.069999933242798,3.080199956893921,3.069999933242798,3.0799999237060547,51924
2026-06-12 14:27:00+00:00,3.0801000595092773,3.0801000595092773,3.0801000595092773,3.0801000595092773,15910
2026-06-12 14:28:00+00:00,3.0799999237060547,3.0799999237060547,3.069999933242798,3.0799999237060547,125547
2026-06-12 14:29:00+00:00,3.0799999237060547,3.0850000381469727,3.069999933242798,3.0801000595092773,118700
2026-06-12 14:30:00+00:00,3.0799999237060547,3.0801000595092773,3.069999933242798,3.079900026321411,77271
2026-06-12 14:31:00+00:00,3.075000047683716,3.0801000595092773,3.075000047683716,3.0801000595092773,125702
2026-06-12 14:32:00+00:00,3.0801000595092773,3.0899999141693115,3.069999933242798,3.0834999084472656,203889
2026-06-12 14:33:00+00:00,3.0850000381469727,3.0899999141693115,3.0799999237060547,3.0850000381469727,7082
2026-06-12 14:34:00+00:00,3.089900016784668,3.089900016784668,3.0799999237060547,3.0799999237060547,138974
2026-06-12 14:35:00+00:00,3.075000047683716,3.0850000381469727,3.059999942779541,3.059999942779541,113518
2026-06-12 14:36:00+00:00,3.0699000358581543,3.075000047683716,3.059999942779541,3.069999933242798,137748
2026-06-12 14:37:00+00:00,3.0701000690460205,3.0799999237060547,3.069999933242798,3.0799999237060547,23000
2026-06-12 14:38:00+00:00,3.0799999237060547,3.089900016784668,3.075000047683716,3.0801000595092773,109884
2026-06-12 14:39:00+00:00,3.0799999237060547,3.0799999237060547,3.075000047683716,3.075000047683716,33065
2026-06-12 14:40:00+00:00,3.075000047683716,3.0850000381469727,3.075000047683716,3.0850000381469727,77061
2026-06-12 14:41:00+00:00,3.08870005607605,3.0982000827789307,3.08870005607605,3.090100049972534,48193
2026-06-12 14:42:00+00:00,3.0950000286102295,3.0950000286102295,3.089900016784668,3.089900016784668,18544
2026-06-12 14:43:00+00:00,3.0998001098632812,3.1098999977111816,3.0950000286102295,3.1098999977111816,21010
2026-06-12 14:44:00+00:00,3.100100040435791,3.1080000400543213,3.100100040435791,3.1080000400543213,8210
2026-06-12 14:45:00+00:00,3.100100040435791,3.100100040435791,3.100100040435791,3.100100040435791,10315
2026-06-12 14:46:00+00:00,3.1098999977111816,3.115000009536743,3.1098999977111816,3.110100030899048,35169
2026-06-12 14:47:00+00:00,3.1198999881744385,3.125,3.1198999881744385,3.125,10711
2026-06-12 14:48:00+00:00,3.125,3.130000114440918,3.125,3.130000114440918,9005
2026-06-12 14:49:00+00:00,3.1201000213623047,3.1201000213623047,3.111999988555908,3.1198999881744385,82608
2026-06-12 14:50:00+00:00,3.1198999881744385,3.119999885559082,3.109999895095825,3.1198999881744385,36793
2026-06-12 14:51:00+00:00,3.111500024795532,3.1201000213623047,3.110100030899048,3.1201000213623047,50623
2026-06-12 14:52:00+00:00,3.119999885559082,3.119999885559082,3.0899999141693115,3.090100049972534,431421
2026-06-12 14:53:00+00:00,3.099900007247925,3.099900007247925,3.099900007247925,3.099900007247925,52518
2026-06-12 14:54:00+00:00,3.0913000106811523,3.0950000286102295,3.0899999141693115,3.0950000286102295,33697
2026-06-12 14:55:00+00:00,3.0899999141693115,3.0917999744415283,3.0801000595092773,3.0917999744415283,87710
2026-06-12 14:57:00+00:00,3.089900016784668,3.0899999141693115,3.0850000381469727,3.0850000381469727,87681
2026-06-12 14:59:00+00:00,3.0803000926971436,3.0899999141693115,3.0803000926971436,3.0899999141693115,67774
2026-06-12 15:00:00+00:00,3.0899999141693115,3.090100049972534,3.0799999237060547,3.0899999141693115,72232
2026-06-12 15:01:00+00:00,3.0899999141693115,3.098099946975708,3.0799999237060547,3.0950000286102295,2233
2026-06-12 15:02:00+00:00,3.0899999141693115,3.0903000831604004,3.0899999141693115,3.0899999141693115,364429
2026-06-12 15:05:00+00:00,3.0899999141693115,3.0899999141693115,3.0799999237060547,3.0799999237060547,23744
2026-06-12 15:06:00+00:00,3.0899999141693115,3.090100049972534,3.089900016784668,3.089900016784668,70808
2026-06-12 15:07:00+00:00,3.089900016784668,3.089900016784668,3.0850000381469727,3.0897998809814453,18582
2026-06-12 15:08:00+00:00,3.0899999141693115,3.0899999141693115,3.0850000381469727,3.0850000381469727,33247
2026-06-12 15:09:00+00:00,3.089900016784668,3.089900016784668,3.089900016784668,3.089900016784668,1400
2026-06-12 15:10:00+00:00,3.0801000595092773,3.0801000595092773,3.0801000595092773,3.0801000595092773,8984
2026-06-12 15:12:00+00:00,3.0899999141693115,3.0950000286102295,3.0899999141693115,3.0899999141693115,94623
2026-06-12 15:13:00+00:00,3.090100049972534,3.090100049972534,3.0850000381469727,3.0850000381469727,17494
2026-06-12 15:14:00+00:00,3.0850000381469727,3.088900089263916,3.0799999237060547,3.0799999237060547,42651
2026-06-12 15:15:00+00:00,3.0799999237060547,3.0799999237060547,3.075000047683716,3.0799999237060547,134735
2026-06-12 15:16:00+00:00,3.0801000595092773,3.0801000595092773,3.0801000595092773,3.0801000595092773,13223
2026-06-12 15:17:00+00:00,3.0801000595092773,3.0801000595092773,3.059999942779541,3.059999942779541,121020
2026-06-12 15:18:00+00:00,3.069999933242798,3.069999933242798,3.0664000511169434,3.0664000511169434,9811
2026-06-12 15:20:00+00:00,3.069999933242798,3.075000047683716,3.0601000785827637,3.075000047683716,295478
2026-06-12 15:21:00+00:00,3.0701000690460205,3.075000047683716,3.069999933242798,3.0701000690460205,39545
2026-06-12 15:23:00+00:00,3.079699993133545,3.0799999237060547,3.075000047683716,3.075000047683716,58831
2026-06-12 15:24:00+00:00,3.0701000690460205,3.079900026321411,3.0701000690460205,3.079900026321411,1012
2026-06-12 15:25:00+00:00,3.078200101852417,3.078200101852417,3.069999933242798,3.078200101852417,3009
2026-06-12 15:26:00+00:00,3.075000047683716,3.0785999298095703,3.075000047683716,3.075000047683716,7279
2026-06-12 15:27:00+00:00,3.0799999237060547,3.0799999237060547,3.069999933242798,3.071500062942505,46158
2026-06-12 15:28:00+00:00,3.079900026321411,3.079900026321411,3.075000047683716,3.075000047683716,14657
2026-06-12 15:30:00+00:00,3.075000047683716,3.075000047683716,3.075000047683716,3.075000047683716,600
2026-06-12 15:32:00+00:00,3.079900026321411,3.0799999237060547,3.079900026321411,3.0799999237060547,76259
2026-06-12 15:33:00+00:00,3.0799999237060547,3.0815000534057617,3.075000047683716,3.075000047683716,43543
2026-06-12 15:35:00+00:00,3.079900026321411,3.0799999237060547,3.069999933242798,3.069999933242798,242125
2026-06-12 15:36:00+00:00,3.0701000690460205,3.0701000690460205,3.059999942779541,3.069999933242798,100309
2026-06-12 15:37:00+00:00,3.069999933242798,3.075000047683716,3.069999933242798,3.075000047683716,35909
2026-06-12 15:38:00+00:00,3.079900026321411,3.0897998809814453,3.0797998905181885,3.0897998809814453,77550
2026-06-12 15:39:00+00:00,3.0899999141693115,3.0899999141693115,3.0701000690460205,3.0701000690460205,126385
2026-06-12 15:40:00+00:00,3.075000047683716,3.080199956893921,3.075000047683716,3.080199956893921,111112
2026-06-12 15:41:00+00:00,3.0799999237060547,3.0850000381469727,3.075000047683716,3.0801000595092773,51552
2026-06-12 15:42:00+00:00,3.0850000381469727,3.089900016784668,3.0850000381469727,3.089900016784668,23229
2026-06-12 15:43:00+00:00,3.099900007247925,3.0999999046325684,3.0950000286102295,3.0950000286102295,2284
2026-06-12 15:44:00+00:00,3.0999999046325684,3.109999895095825,3.0999999046325684,3.1050000190734863,54506
2026-06-12 15:45:00+00:00,3.100100040435791,3.100100040435791,3.0950000286102295,3.0999999046325684,24068
2026-06-12 15:46:00+00:00,3.099900007247925,3.099900007247925,3.0950000286102295,3.0950000286102295,7320
2026-06-12 15:47:00+00:00,3.0950000286102295,3.0999999046325684,3.0950000286102295,3.0999999046325684,53289
2026-06-12 15:48:00+00:00,3.1050000190734863,3.119999885559082,3.090100049972534,3.119999885559082,15974
2026-06-12 15:49:00+00:00,3.119999885559082,3.1201000213623047,3.119999885559082,3.119999885559082,22034
2026-06-12 15:50:00+00:00,3.1201000213623047,3.130000114440918,3.119999885559082,3.119999885559082,37442
2026-06-12 15:51:00+00:00,3.1201000213623047,3.130000114440918,3.115000009536743,3.1198999881744385,35743
2026-06-12 15:52:00+00:00,3.1198999881744385,3.1198999881744385,3.100100040435791,3.109999895095825,14974
2026-06-12 15:53:00+00:00,3.109999895095825,3.109999895095825,3.1050000190734863,3.1050000190734863,2881
2026-06-12 15:54:00+00:00,3.1050000190734863,3.1050000190734863,3.1050000190734863,3.1050000190734863,7680
2026-06-12 15:55:00+00:00,3.1050000190734863,3.1050000190734863,3.101300001144409,3.101300001144409,964
2026-06-12 15:56:00+00:00,3.100100040435791,3.115000009536743,3.100100040435791,3.115000009536743,30868
2026-06-12 15:57:00+00:00,3.115000009536743,3.115000009536743,3.115000009536743,3.115000009536743,1050
2026-06-12 15:58:00+00:00,3.1198999881744385,3.125,3.119800090789795,3.125,65500
2026-06-12 15:59:00+00:00,3.130000114440918,3.140000104904175,3.1263999938964844,3.139899969100952,86837
2026-06-12 16:00:00+00:00,3.140000104904175,3.140000104904175,3.130000114440918,3.130000114440918,110384
2026-06-12 16:01:00+00:00,3.1201000213623047,3.120300054550171,3.115000009536743,3.1198999881744385,33920
2026-06-12 16:02:00+00:00,3.119999885559082,3.130000114440918,3.119800090789795,3.130000114440918,24125
2026-06-12 16:03:00+00:00,3.121799945831299,3.121799945831299,3.1201000213623047,3.1201000213623047,9800
2026-06-12 16:04:00+00:00,3.1201000213623047,3.1201000213623047,3.1185998916625977,3.119999885559082,10561
2026-06-12 16:05:00+00:00,3.1198999881744385,3.125,3.115000009536743,3.125,69867
2026-06-12 16:06:00+00:00,3.119999885559082,3.130000114440918,3.110100030899048,3.110100030899048,74755
2026-06-12 16:07:00+00:00,3.115000009536743,3.115000009536743,3.0999999046325684,3.0999999046325684,14488
2026-06-12 16:08:00+00:00,3.1098999977111816,3.1098999977111816,3.0999999046325684,3.0999999046325684,7206
2026-06-12 16:09:00+00:00,3.1050000190734863,3.1050000190734863,3.1050000190734863,3.1050000190734863,1563
2026-06-12 16:10:00+00:00,3.1098999977111816,3.1198999881744385,3.1098999977111816,3.115000009536743,82745
2026-06-12 16:12:00+00:00,3.115000009536743,3.115000009536743,3.109999895095825,3.109999895095825,34252
2026-06-12 16:13:00+00:00,3.109999895095825,3.109999895095825,3.0899999141693115,3.0950000286102295,308100
2026-06-12 16:14:00+00:00,3.0950000286102295,3.099900007247925,3.0950000286102295,3.099900007247925,4166
2026-06-12 16:15:00+00:00,3.098099946975708,3.098099946975708,3.0799999237060547,3.0801000595092773,34244
2026-06-12 16:16:00+00:00,3.0850000381469727,3.0850000381469727,3.0850000381469727,3.0850000381469727,0
2026-06-12 16:17:00+00:00,3.0799999237060547,3.0799999237060547,3.0799999237060547,3.0799999237060547,1000
2026-06-12 16:18:00+00:00,3.0899999141693115,3.0899999141693115,3.0850000381469727,3.0899999141693115,87413
2026-06-12 16:19:00+00:00,3.098099946975708,3.098099946975708,3.098099946975708,3.098099946975708,400
2026-06-12 16:20:00+00:00,3.090100049972534,3.1098999977111816,3.081899881362915,3.1098999977111816,90488
2026-06-12 16:21:00+00:00,3.100100040435791,3.1003000736236572,3.099900007247925,3.099900007247925,49647
2026-06-12 16:23:00+00:00,3.090100049972534,3.090100049972534,3.090100049972534,3.090100049972534,10025
2026-06-12 16:25:00+00:00,3.0950000286102295,3.0950000286102295,3.0950000286102295,3.0950000286102295,2162
2026-06-12 16:26:00+00:00,3.0950000286102295,3.0950000286102295,3.089900016784668,3.0899999141693115,67553
2026-06-12 16:27:00+00:00,3.090100049972534,3.090100049972534,3.090100049972534,3.090100049972534,2502
2026-06-12 16:28:00+00:00,3.090100049972534,3.090100049972534,3.090100049972534,3.090100049972534,5270
2026-06-12 16:29:00+00:00,3.090100049972534,3.090100049972534,3.0899999141693115,3.0899999141693115,4982
2026-06-12 16:30:00+00:00,3.089900016784668,3.089900016784668,3.0850000381469727,3.0850000381469727,2310
2026-06-12 16:31:00+00:00,3.089900016784668,3.0899999141693115,3.089900016784668,3.0899999141693115,56675
2026-06-12 16:32:00+00:00,3.089900016784668,3.099900007247925,3.089900016784668,3.090100049972534,16947
2026-06-12 16:33:00+00:00,3.0950000286102295,3.099900007247925,3.0896999835968018,3.0950000286102295,164684
2026-06-12 16:34:00+00:00,3.0950000286102295,3.0950000286102295,3.0799999237060547,3.0799999237060547,68077
2026-06-12 16:35:00+00:00,3.089900016784668,3.090100049972534,3.0850000381469727,3.090100049972534,58150
2026-06-12 16:37:00+00:00,3.099900007247925,3.099900007247925,3.099900007247925,3.099900007247925,6607
2026-06-12 16:38:00+00:00,3.0950000286102295,3.0950000286102295,3.0950000286102295,3.0950000286102295,8093
2026-06-12 16:39:00+00:00,3.099900007247925,3.099900007247925,3.099900007247925,3.099900007247925,14800
2026-06-12 16:40:00+00:00,3.0999999046325684,3.0999999046325684,3.090100049972534,3.090100049972534,0
2026-06-12 16:41:00+00:00,3.0982000827789307,3.0982000827789307,3.0982000827789307,3.0982000827789307,0
2026-06-12 16:42:00+00:00,3.0999999046325684,3.109999895095825,3.0999999046325684,3.109999895095825,71049
2026-06-12 16:43:00+00:00,3.100100040435791,3.100100040435791,3.099900007247925,3.099900007247925,143247
2026-06-12 16:44:00+00:00,3.0899999141693115,3.1050000190734863,3.0899999141693115,3.1050000190734863,83964
2026-06-12 16:45:00+00:00,3.100100040435791,3.100100040435791,3.100100040435791,3.100100040435791,10959
2026-06-12 16:46:00+00:00,3.0999999046325684,3.0999999046325684,3.0999999046325684,3.0999999046325684,14963
2026-06-12 16:47:00+00:00,3.0999999046325684,3.100100040435791,3.0999999046325684,3.100100040435791,27790
2026-06-12 16:48:00+00:00,3.0999999046325684,3.100100040435791,3.0999999046325684,3.100100040435791,13752
2026-06-12 16:49:00+00:00,3.0999999046325684,3.0999999046325684,3.0999999046325684,3.0999999046325684,76198
2026-06-12 16:51:00+00:00,3.089900016784668,3.089900016784668,3.089900016784668,3.089900016784668,10912
2026-06-12 16:52:00+00:00,3.0850000381469727,3.0850000381469727,3.0850000381469727,3.0850000381469727,0
2026-06-12 16:54:00+00:00,3.0817999839782715,3.0817999839782715,3.0817999839782715,3.0817999839782715,0
2026-06-12 16:55:00+00:00,3.0899999141693115,3.099900007247925,3.0897998809814453,3.0950000286102295,152205
2026-06-12 16:56:00+00:00,3.099900007247925,3.099900007247925,3.099900007247925,3.099900007247925,0
2026-06-12 16:57:00+00:00,3.0950000286102295,3.0950000286102295,3.0899999141693115,3.090100049972534,39686
2026-06-12 16:58:00+00:00,3.090100049972534,3.090100049972534,3.0799999237060547,3.0799999237060547,57536
2026-06-12 16:59:00+00:00,3.080199956893921,3.080199956893921,3.0801000595092773,3.0801000595092773,20094
2026-06-12 17:00:00+00:00,3.0801000595092773,3.0899999141693115,3.0799999237060547,3.0799999237060547,51413
2026-06-12 17:01:00+00:00,3.069999933242798,3.069999933242798,3.069999933242798,3.069999933242798,3341
2026-06-12 17:02:00+00:00,3.0799999237060547,3.0799999237060547,3.0799999237060547,3.0799999237060547,0
2026-06-12 17:03:00+00:00,3.069999933242798,3.069999933242798,3.069999933242798,3.069999933242798,10244
2026-06-12 17:04:00+00:00,3.075000047683716,3.075000047683716,3.065000057220459,3.069999933242798,20164
2026-06-12 17:05:00+00:00,3.069999933242798,3.069999933242798,3.0699000358581543,3.069999933242798,0
2026-06-12 17:06:00+00:00,3.065000057220459,3.065000057220459,3.059999942779541,3.059999942779541,28307
2026-06-12 17:07:00+00:00,3.059999942779541,3.065000057220459,3.059999942779541,3.065000057220459,4518
2026-06-12 17:08:00+00:00,3.0699000358581543,3.0699000358581543,3.0699000358581543,3.0699000358581543,10996
2026-06-12 17:09:00+00:00,3.065000057220459,3.065000057220459,3.065000057220459,3.065000057220459,2254
2026-06-12 17:10:00+00:00,3.059999942779541,3.059999942779541,3.059999942779541,3.059999942779541,28911
2026-06-12 17:11:00+00:00,3.0601000785827637,3.0601000785827637,3.059999942779541,3.059999942779541,10657
2026-06-12 17:13:00+00:00,3.069999933242798,3.069999933242798,3.069700002670288,3.069999933242798,133826
2026-06-12 17:14:00+00:00,3.0780999660491943,3.0785000324249268,3.069999933242798,3.069999933242798,286598
2026-06-12 17:15:00+00:00,3.065000057220459,3.065000057220459,3.065000057220459,3.065000057220459,0
2026-06-12 17:16:00+00:00,3.065000057220459,3.065000057220459,3.065000057220459,3.065000057220459,19901
2026-06-12 17:17:00+00:00,3.059999942779541,3.059999942779541,3.059999942779541,3.059999942779541,17502
2026-06-12 17:18:00+00:00,3.059999942779541,3.059999942779541,3.059999942779541,3.059999942779541,75323
2026-06-12 17:19:00+00:00,3.059999942779541,3.06030011177063,3.049999952316284,3.049999952316284,111289
2026-06-12 17:20:00+00:00,3.0599000453948975,3.065000057220459,3.050100088119507,3.0601000785827637,195368
2026-06-12 17:21:00+00:00,3.0601000785827637,3.065000057220459,3.0601000785827637,3.065000057220459,4224
2026-06-12 17:22:00+00:00,3.059999942779541,3.065000057220459,3.059999942779541,3.065000057220459,111418
2026-06-12 17:23:00+00:00,3.0683000087738037,3.0683000087738037,3.059999942779541,3.059999942779541,3314
2026-06-12 17:24:00+00:00,3.0599000453948975,3.0599000453948975,3.0399999618530273,3.0499000549316406,40382
2026-06-12 17:25:00+00:00,3.0450000762939453,3.0485999584198,3.0450000762939453,3.0485999584198,5278
2026-06-12 17:27:00+00:00,3.0450000762939453,3.049999952316284,3.0450000762939453,3.049999952316284,53410
2026-06-12 17:28:00+00:00,3.0492000579833984,3.055000066757202,3.0450000762939453,3.050100088119507,40620
2026-06-12 17:29:00+00:00,3.049999952316284,3.050100088119507,3.0399999618530273,3.0399999618530273,109956
2026-06-12 17:30:00+00:00,3.0450000762939453,3.049999952316284,3.0450000762939453,3.049999952316284,45574
2026-06-12 17:32:00+00:00,3.050100088119507,3.050100088119507,3.0399999618530273,3.050100088119507,115936
2026-06-12 17:35:00+00:00,3.050299882888794,3.050299882888794,3.04010009765625,3.048500061035156,54908
2026-06-12 17:36:00+00:00,3.0450000762939453,3.0450000762939453,3.0450000762939453,3.0450000762939453,10001
2026-06-12 17:37:00+00:00,3.0399999618530273,3.0399999618530273,3.0399999618530273,3.0399999618530273,101
2026-06-12 17:38:00+00:00,3.04010009765625,3.0481998920440674,3.04010009765625,3.0481998920440674,737
2026-06-12 17:39:00+00:00,3.0481998920440674,3.0481998920440674,3.0481998920440674,3.0481998920440674,660
2026-06-12 17:40:00+00:00,3.049999952316284,3.049999952316284,3.0499000549316406,3.0499000549316406,5686
2026-06-12 17:41:00+00:00,3.049999952316284,3.049999952316284,3.049999952316284,3.049999952316284,0
2026-06-12 17:42:00+00:00,3.0399999618530273,3.04010009765625,3.0299999713897705,3.039900064468384,35621
2026-06-12 17:43:00+00:00,3.039900064468384,3.039900064468384,3.0299999713897705,3.039900064468384,550
2026-06-12 17:44:00+00:00,3.0350000858306885,3.0350000858306885,3.030100107192993,3.030100107192993,13176
2026-06-12 17:45:00+00:00,3.0350000858306885,3.039900064468384,3.0350000858306885,3.0350000858306885,0
2026-06-12 17:46:00+00:00,3.039099931716919,3.0399999618530273,3.039099931716919,3.0399999618530273,19191
2026-06-12 17:47:00+00:00,3.0299999713897705,3.0399999618530273,3.0299999713897705,3.038300037384033,5471
2026-06-12 17:48:00+00:00,3.0350000858306885,3.0350000858306885,3.0350000858306885,3.0350000858306885,206
2026-06-12 17:49:00+00:00,3.0399999618530273,3.0399999618530273,3.0350000858306885,3.0350000858306885,6603
2026-06-12 17:50:00+00:00,3.0350000858306885,3.039900064468384,3.0350000858306885,3.039900064468384,3771
2026-06-12 17:51:00+00:00,3.0399999618530273,3.0399999618530273,3.039900064468384,3.039900064468384,100673
2026-06-12 17:53:00+00:00,3.0387001037597656,3.0387001037597656,3.0387001037597656,3.0387001037597656,507
2026-06-12 17:54:00+00:00,3.0399999618530273,3.04010009765625,3.0399999618530273,3.04010009765625,9912
2026-06-12 17:55:00+00:00,3.0399999618530273,3.0499000549316406,3.0399999618530273,3.0499000549316406,14002
2026-06-12 17:56:00+00:00,3.049999952316284,3.059999942779541,3.0499000549316406,3.050100088119507,46924
2026-06-12 17:57:00+00:00,3.058199882507324,3.058199882507324,3.0399999618530273,3.0450000762939453,66516
2026-06-12 18:00:00+00:00,3.049999952316284,3.055000066757202,3.0499000549316406,3.055000066757202,19384
2026-06-12 18:01:00+00:00,3.0599000453948975,3.0599000453948975,3.04010009765625,3.0599000453948975,61380
2026-06-12 18:02:00+00:00,3.0599000453948975,3.059999942779541,3.059799909591675,3.059999942779541,143851
2026-06-12 18:03:00+00:00,3.065000057220459,3.065000057220459,3.059999942779541,3.065000057220459,35362
2026-06-12 18:05:00+00:00,3.0601000785827637,3.0666000843048096,3.059999942779541,3.0666000843048096,12682
2026-06-12 18:06:00+00:00,3.0699000358581543,3.0703001022338867,3.065000057220459,3.0703001022338867,164855
2026-06-12 18:07:00+00:00,3.075000047683716,3.075000047683716,3.075000047683716,3.075000047683716,1600
2026-06-12 18:08:00+00:00,3.0701000690460205,3.0799999237060547,3.0701000690460205,3.0701000690460205,4876
2026-06-12 18:10:00+00:00,3.069999933242798,3.075000047683716,3.069999933242798,3.0701000690460205,11870
2026-06-12 18:12:00+00:00,3.0680999755859375,3.0680999755859375,3.059999942779541,3.059999942779541,33865
2026-06-12 18:13:00+00:00,3.0699000358581543,3.079900026321411,3.0699000358581543,3.075000047683716,62390
2026-06-12 18:15:00+00:00,3.0850000381469727,3.088200092315674,3.0799999237060547,3.0801000595092773,54541
2026-06-12 18:16:00+00:00,3.0799999237060547,3.080199956893921,3.0799999237060547,3.080199956893921,757
2026-06-12 18:22:00+00:00,3.089900016784668,3.0950000286102295,3.0799999237060547,3.0799999237060547,155621
2026-06-12 18:23:00+00:00,3.0850000381469727,3.0850000381469727,3.0850000381469727,3.0850000381469727,740
2026-06-12 18:24:00+00:00,3.089900016784668,3.089900016784668,3.089900016784668,3.089900016784668,1630
2026-06-12 18:25:00+00:00,3.081899881362915,3.081899881362915,3.081899881362915,3.081899881362915,0
2026-06-12 18:26:00+00:00,3.0850000381469727,3.088099956512451,3.0850000381469727,3.088099956512451,6277
2026-06-12 18:27:00+00:00,3.0799999237060547,3.0799999237060547,3.0799999237060547,3.0799999237060547,16661
2026-06-12 18:28:00+00:00,3.078200101852417,3.078200101852417,3.078200101852417,3.078200101852417,362
2026-06-12 18:31:00+00:00,3.075000047683716,3.075000047683716,3.075000047683716,3.075000047683716,175
2026-06-12 18:34:00+00:00,3.069999933242798,3.0799999237060547,3.069999933242798,3.0799999237060547,300
2026-06-12 18:35:00+00:00,3.075000047683716,3.075000047683716,3.075000047683716,3.075000047683716,1900
2026-06-12 18:36:00+00:00,3.0713000297546387,3.0713000297546387,3.0713000297546387,3.0713000297546387,6500
2026-06-12 18:37:00+00:00,3.075000047683716,3.075000047683716,3.075000047683716,3.075000047683716,100
2026-06-12 18:39:00+00:00,3.0699000358581543,3.069999933242798,3.069000005722046,3.069999933242798,28589
2026-06-12 18:40:00+00:00,3.070199966430664,3.070199966430664,3.0701000690460205,3.0701000690460205,2369
2026-06-12 18:41:00+00:00,3.071500062942505,3.071500062942505,3.071500062942505,3.071500062942505,12128
2026-06-12 18:43:00+00:00,3.069999933242798,3.069999933242798,3.065000057220459,3.0699000358581543,27837
2026-06-12 18:45:00+00:00,3.069999933242798,3.075000047683716,3.065000057220459,3.075000047683716,99551
2026-06-12 18:46:00+00:00,3.069999933242798,3.071199893951416,3.069999933242798,3.069999933242798,63434
2026-06-12 18:47:00+00:00,3.0601000785827637,3.069999933242798,3.0601000785827637,3.069999933242798,23000
2026-06-12 18:48:00+00:00,3.069999933242798,3.069999933242798,3.0699000358581543,3.0699000358581543,77270
2026-06-12 18:55:00+00:00,3.0699000358581543,3.070199966430664,3.0699000358581543,3.0701000690460205,169658
2026-06-12 18:57:00+00:00,3.0799999237060547,3.0799999237060547,3.075000047683716,3.076499938964844,24595
2026-06-12 18:59:00+00:00,3.0850000381469727,3.0850000381469727,3.0850000381469727,3.0850000381469727,1071
2026-06-12 19:00:00+00:00,3.0815000534057617,3.0815000534057617,3.0799999237060547,3.0799999237060547,32671
2026-06-12 19:01:00+00:00,3.0801000595092773,3.0801000595092773,3.0799999237060547,3.0799999237060547,124953
2026-06-12 19:06:00+00:00,3.065000057220459,3.065000057220459,3.065000057220459,3.065000057220459,212
2026-06-12 19:07:00+00:00,3.069999933242798,3.069999933242798,3.065000057220459,3.069999933242798,62956
2026-06-12 19:11:00+00:00,3.0799999237060547,3.089900016784668,3.0797998905181885,3.089900016784668,98045
2026-06-12 19:12:00+00:00,3.0801000595092773,3.081700086593628,3.069999933242798,3.069999933242798,104369
2026-06-12 19:13:00+00:00,3.0701000690460205,3.0701000690460205,3.0701000690460205,3.0701000690460205,24519
2026-06-12 19:14:00+00:00,3.0799999237060547,3.0799999237060547,3.075000047683716,3.079900026321411,73507
2026-06-12 19:15:00+00:00,3.0801000595092773,3.0801000595092773,3.0801000595092773,3.0801000595092773,29725
2026-06-12 19:18:00+00:00,3.0799999237060547,3.0834999084472656,3.0799999237060547,3.0834999084472656,54807
2026-06-12 19:19:00+00:00,3.0799999237060547,3.0799999237060547,3.075000047683716,3.075000047683716,14349
2026-06-12 19:20:00+00:00,3.075000047683716,3.0799999237060547,3.075000047683716,3.0799999237060547,66953
2026-06-12 19:21:00+00:00,3.089900016784668,3.089900016784668,3.089900016784668,3.089900016784668,322
2026-06-12 19:22:00+00:00,3.0899999141693115,3.0899999141693115,3.0899999141693115,3.0899999141693115,6453
2026-06-12 19:24:00+00:00,3.0801000595092773,3.0801000595092773,3.0801000595092773,3.0801000595092773,54688
2026-06-12 19:25:00+00:00,3.069999933242798,3.069999933242798,3.069999933242798,3.069999933242798,26200
2026-06-12 19:26:00+00:00,3.079900026321411,3.0799999237060547,3.075000047683716,3.0799999237060547,78170
2026-06-12 19:27:00+00:00,3.0799999237060547,3.080399990081787,3.0799999237060547,3.0801000595092773,83665
2026-06-12 19:29:00+00:00,3.0899999141693115,3.0899999141693115,3.0850000381469727,3.0850000381469727,6994
2026-06-12 19:30:00+00:00,3.0899999141693115,3.090100049972534,3.0850000381469727,3.090100049972534,86599
2026-06-12 19:32:00+00:00,3.0999999046325684,3.0999999046325684,3.0950000286102295,3.0950000286102295,3546
2026-06-12 19:34:00+00:00,3.0999999046325684,3.0999999046325684,3.0999999046325684,3.0999999046325684,5006
2026-06-12 19:35:00+00:00,3.0999999046325684,3.108299970626831,3.0999999046325684,3.108299970626831,1029
2026-06-12 19:36:00+00:00,3.100100040435791,3.100100040435791,3.0701000690460205,3.0799999237060547,294356
2026-06-12 19:38:00+00:00,3.0899999141693115,3.0950000286102295,3.0850000381469727,3.0950000286102295,109859
2026-06-12 19:40:00+00:00,3.0899999141693115,3.090100049972534,3.0899999141693115,3.090100049972534,13200
2026-06-12 19:41:00+00:00,3.0950000286102295,3.0950000286102295,3.0899999141693115,3.0899999141693115,18684
2026-06-12 19:43:00+00:00,3.075000047683716,3.075000047683716,3.075000047683716,3.075000047683716,52382
2026-06-12 19:44:00+00:00,3.0799999237060547,3.0799999237060547,3.078900098800659,3.0799999237060547,62269
2026-06-12 19:45:00+00:00,3.0897998809814453,3.099900007247925,3.0897998809814453,3.090100049972534,127458
2026-06-12 19:47:00+00:00,3.081899881362915,3.0915000438690186,3.081899881362915,3.090100049972534,134446
2026-06-12 19:48:00+00:00,3.099900007247925,3.099900007247925,3.0899999141693115,3.092600107192993,16062
2026-06-12 19:50:00+00:00,3.0899999141693115,3.0899999141693115,3.081700086593628,3.0899999141693115,36218
2026-06-12 19:51:00+00:00,3.0799999237060547,3.089900016784668,3.0799999237060547,3.089900016784668,28109
2026-06-12 19:52:00+00:00,3.089900016784668,3.0899999141693115,3.0896999835968018,3.089900016784668,56383
2026-06-12 19:53:00+00:00,3.081899881362915,3.0999999046325684,3.081899881362915,3.090100049972534,61458
2026-06-12 19:54:00+00:00,3.0950000286102295,3.0950000286102295,3.0899999141693115,3.0899999141693115,3004
2026-06-12 19:55:00+00:00,3.0899999141693115,3.0950000286102295,3.0885000228881836,3.090100049972534,95493
2026-06-12 19:57:00+00:00,3.099900007247925,3.099900007247925,3.0899999141693115,3.0899999141693115,39385
2026-06-12 19:58:00+00:00,3.090100049972534,3.0950000286102295,3.090100049972534,3.0950000286102295,821
2026-06-12 19:59:00+00:00,3.0950000286102295,3.0950000286102295,3.0950000286102295,3.0950000286102295,15100
2026-06-12 20:00:00+00:00,3.095,3.095,3.095,3.095,0
2026-06-12 20:01:00+00:00,3.1,3.1,3.1,3.1,0
2026-06-12 20:04:00+00:00,3.095,3.095,3.095,3.095,0
2026-06-12 20:05:00+00:00,3.0907,3.0913,3.0903,3.0903,0
2026-06-12 20:07:00+00:00,3.1,3.1,3.1,3.1,0
2026-06-12 20:10:00+00:00,3.095,3.095,3.095,3.095,0
2026-06-12 20:13:00+00:00,3.09,3.09,3.09,3.09,0
2026-06-12 20:20:00+00:00,3.09,3.09,3.09,3.09,0
2026-06-12 20:25:00+00:00,3.09,3.09,3.09,3.09,0
2026-06-12 20:30:00+00:00,3.099,3.099,3.099,3.099,0
2026-06-12 20:33:00+00:00,3.1,3.1,3.1,3.1,0
2026-06-12 20:38:00+00:00,3.1,3.1,3.1,3.1,0
2026-06-12 20:48:00+00:00,3.09,3.09,3.09,3.09,0
2026-06-12 20:53:00+00:00,3.1,3.1,3.0993,3.0993,0
2026-06-12 20:54:00+00:00,3.0993,3.1,3.0993,3.1,0
2026-06-12 21:10:00+00:00,3.1,3.1,3.1,3.1,0
2026-06-12 21:11:00+00:00,3.0999,3.0999,3.09,3.09,0
2026-06-12 21:19:00+00:00,3.0902,3.0902,3.0902,3.0902,0
2026-06-12 21:25:00+00:00,3.09,3.09,3.09,3.09,0
2026-06-12 21:28:00+00:00,3.09,3.09,3.09,3.09,0
2026-06-12 21:37:00+00:00,3.0806,3.0806,3.0806,3.0806,0
2026-06-12 21:43:00+00:00,3.0999,3.0999,3.0999,3.0999,0
2026-06-12 21:49:00+00:00,3.08,3.08,3.08,3.08,0
2026-06-12 22:09:00+00:00,3.09,3.09,3.0802,3.0802,0
2026-06-12 22:13:00+00:00,3.1,3.1,3.1,3.1,0
2026-06-12 22:17:00+00:00,3.1,3.1,3.1,3.1,0
2026-06-12 22:33:00+00:00,3.1,3.1,3.1,3.1,0
2026-06-12 22:34:00+00:00,3.0997,3.0997,3.0997,3.0997,0
2026-06-12 22:44:00+00:00,3.0899,3.0899,3.0899,3.0899,0
2026-06-12 22:49:00+00:00,3.08,3.08,3.08,3.08,0
2026-06-12 22:57:00+00:00,3.08,3.08,3.08,3.08,0
2026-06-12 23:09:00+00:00,3.0986,3.0986,3.0986,3.0986,0
2026-06-12 23:23:00+00:00,3.0812,3.0812,3.0812,3.0812,0
2026-06-12 23:24:00+00:00,3.0899,3.0899,3.0899,3.0899,0
2026-06-12 23:30:00+00:00,3.09,3.09,3.09,3.09,0
2026-06-12 23:31:00+00:00,3.09,3.09,3.09,3.09,0
2026-06-12 23:46:00+00:00,3.08,3.09,3.08,3.09,0
2026-06-12 23:47:00+00:00,3.09,3.09,3.0899,3.09,0
2026-06-12 23:58:00+00:00,3.0709,3.0709,3.0709,3.0709,0
2026-06-15 08:00:00+00:00,2.958,2.97,2.94,2.94,0
2026-06-15 08:01:00+00:00,2.94,2.98,2.94,2.97,0
2026-06-15 08:02:00+00:00,2.95,2.95,2.95,2.95,0
2026-06-15 08:09:00+00:00,2.94,2.97,2.94,2.95,0
2026-06-15 08:14:00+00:00,2.95,2.95,2.95,2.95,0
2026-06-15 08:27:00+00:00,2.9415,2.9415,2.9415,2.9415,0
2026-06-15 09:01:00+00:00,2.9418,2.9418,2.9418,2.9418,0
2026-06-15 09:07:00+00:00,2.9505,2.9505,2.9505,2.9505,0
2026-06-15 09:27:00+00:00,2.96,2.96,2.96,2.96,0
2026-06-15 09:40:00+00:00,2.96,2.96,2.96,2.96,0
2026-06-15 10:06:00+00:00,2.97,2.97,2.97,2.97,0
2026-06-15 10:33:00+00:00,2.9619,2.9619,2.9619,2.9619,0
2026-06-15 10:44:00+00:00,2.9794,2.9794,2.9794,2.9794,0
2026-06-15 11:00:00+00:00,2.97,2.97,2.9687,2.97,0
2026-06-15 11:06:00+00:00,2.97,2.97,2.97,2.97,0
2026-06-15 11:08:00+00:00,2.9625,2.9625,2.962,2.962,0
2026-06-15 11:09:00+00:00,2.97,2.97,2.97,2.97,0
2026-06-15 11:11:00+00:00,2.9619,2.9619,2.9619,2.9619,0
2026-06-15 11:12:00+00:00,2.965,2.965,2.965,2.965,0
2026-06-15 11:13:00+00:00,2.97,2.97,2.97,2.97,0
2026-06-15 11:17:00+00:00,2.962,2.962,2.962,2.962,0
2026-06-15 11:23:00+00:00,2.9698,2.9698,2.9698,2.9698,0
2026-06-15 11:25:00+00:00,2.9603,2.9603,2.9603,2.9603,0
2026-06-15 11:26:00+00:00,2.9613,2.9613,2.9613,2.9613,0
2026-06-15 11:34:00+00:00,2.97,2.97,2.97,2.97,0
2026-06-15 11:37:00+00:00,2.9621,2.9621,2.96,2.96,0
2026-06-15 11:38:00+00:00,2.96,2.96,2.96,2.96,0
2026-06-15 11:39:00+00:00,2.96,2.96,2.96,2.96,0
2026-06-15 11:40:00+00:00,2.96,2.96,2.96,2.96,0
2026-06-15 11:42:00+00:00,2.96,2.96,2.96,2.96,0
2026-06-15 11:44:00+00:00,2.9598,2.9598,2.9598,2.9598,0
2026-06-15 11:45:00+00:00,2.96,2.96,2.9587,2.9587,0
2026-06-15 11:48:00+00:00,2.96,2.96,2.9599,2.9599,0
2026-06-15 11:49:00+00:00,2.96,2.96,2.96,2.96,0
2026-06-15 11:52:00+00:00,2.9501,2.9501,2.9501,2.9501,0
2026-06-15 11:57:00+00:00,2.9527,2.9527,2.9527,2.9527,0
2026-06-15 11:59:00+00:00,2.9525,2.9525,2.9525,2.9525,0
2026-06-15 12:00:00+00:00,2.95,2.95,2.95,2.95,0
2026-06-15 12:03:00+00:00,2.97,2.97,2.97,2.97,0
2026-06-15 12:05:00+00:00,2.9687,2.9687,2.9687,2.9687,0
2026-06-15 12:06:00+00:00,2.97,2.97,2.97,2.97,0
2026-06-15 12:08:00+00:00,2.9699,2.9699,2.9699,2.9699,0
2026-06-15 12:09:00+00:00,2.96,2.96,2.9599,2.9599,0
2026-06-15 12:14:00+00:00,2.9521,2.9521,2.9521,2.9521,0
2026-06-15 12:20:00+00:00,2.96,2.96,2.96,2.96,0
2026-06-15 12:21:00+00:00,2.96,2.96,2.96,2.96,0
2026-06-15 12:27:00+00:00,2.97,2.97,2.97,2.97,0
2026-06-15 12:28:00+00:00,2.97,2.97,2.97,2.97,0
2026-06-15 12:29:00+00:00,2.99,2.99,2.99,2.99,0
2026-06-15 12:32:00+00:00,2.9819,2.9819,2.98,2.98,0
2026-06-15 12:33:00+00:00,2.98,2.9897,2.975,2.9897,0
2026-06-15 12:37:00+00:00,2.9799,2.9799,2.9799,2.9799,0
2026-06-15 12:39:00+00:00,2.98,2.98,2.98,2.98,0
2026-06-15 12:43:00+00:00,2.98,2.98,2.98,2.98,0
2026-06-15 12:44:00+00:00,2.9705,2.9705,2.9705,2.9705,0
2026-06-15 12:45:00+00:00,2.98,2.98,2.9713,2.975,0
2026-06-15 12:47:00+00:00,2.9705,2.98,2.9705,2.98,0
2026-06-15 12:48:00+00:00,2.9787,2.9787,2.9787,2.9787,0
2026-06-15 12:52:00+00:00,2.98,2.98,2.97,2.97,0
2026-06-15 12:53:00+00:00,2.97,2.98,2.97,2.98,0
2026-06-15 12:55:00+00:00,2.97,2.97,2.9602,2.97,0
2026-06-15 12:57:00+00:00,2.97,2.97,2.97,2.97,0
2026-06-15 13:00:00+00:00,2.97,2.97,2.97,2.97,0
2026-06-15 13:05:00+00:00,2.97,2.97,2.97,2.97,0
2026-06-15 13:08:00+00:00,2.96,2.96,2.96,2.96,0
2026-06-15 13:09:00+00:00,2.97,2.97,2.97,2.97,0
2026-06-15 13:12:00+00:00,2.96,2.96,2.96,2.96,0
2026-06-15 13:16:00+00:00,2.96,2.96,2.96,2.96,0
2026-06-15 13:18:00+00:00,2.96,2.96,2.96,2.96,0
2026-06-15 13:20:00+00:00,2.9698,2.9698,2.9698,2.9698,0
2026-06-15 13:28:00+00:00,2.9498,2.9498,2.9498,2.9498,0
2026-06-15 13:30:00+00:00,2.950000047683716,2.9800000190734863,2.944999933242798,2.9489998817443848,912631
2026-06-15 13:31:00+00:00,2.940000057220459,2.940000057220459,2.9000000953674316,2.908900022506714,53698
2026-06-15 13:32:00+00:00,2.9000000953674316,2.9000000953674316,2.880000114440918,2.8949999809265137,69793
2026-06-15 13:33:00+00:00,2.880000114440918,2.880000114440918,2.875,2.875,37978
2026-06-15 13:34:00+00:00,2.8798999786376953,2.8891000747680664,2.8789000511169434,2.880000114440918,25421
2026-06-15 13:35:00+00:00,2.880000114440918,2.888499975204468,2.869999885559082,2.869999885559082,89081
2026-06-15 13:36:00+00:00,2.875,2.880000114440918,2.8701000213623047,2.875,7708
2026-06-15 13:37:00+00:00,2.869999885559082,2.875,2.859999895095825,2.859999895095825,78547
2026-06-15 13:38:00+00:00,2.8698999881744385,2.869999885559082,2.8499999046325684,2.859999895095825,94795
2026-06-15 13:39:00+00:00,2.859999895095825,2.880000114440918,2.859999895095825,2.880000114440918,62538
2026-06-15 13:40:00+00:00,2.8701000213623047,2.880000114440918,2.865000009536743,2.865000009536743,45059
2026-06-15 13:41:00+00:00,2.8698999881744385,2.8698999881744385,2.8550000190734863,2.8550000190734863,23648
2026-06-15 13:42:00+00:00,2.8598999977111816,2.8698999881744385,2.8550000190734863,2.859999895095825,111149
2026-06-15 13:43:00+00:00,2.8499999046325684,2.8550000190734863,2.8499999046325684,2.8550000190734863,156683
2026-06-15 13:44:00+00:00,2.8499999046325684,2.8598999977111816,2.8489999771118164,2.8550000190734863,13401
2026-06-15 13:45:00+00:00,2.8399999141693115,2.8399999141693115,2.819999933242798,2.825000047683716,43435
2026-06-15 13:46:00+00:00,2.8299999237060547,2.8399999141693115,2.8299999237060547,2.8350000381469727,39515
2026-06-15 13:47:00+00:00,2.8299999237060547,2.839900016784668,2.819999933242798,2.8299999237060547,70899
2026-06-15 13:48:00+00:00,2.828200101852417,2.828200101852417,2.815000057220459,2.828200101852417,54188
2026-06-15 13:49:00+00:00,2.825000047683716,2.829900026321411,2.819999933242798,2.819999933242798,4163
2026-06-15 13:50:00+00:00,2.8297998905181885,2.8297998905181885,2.815000057220459,2.825000047683716,69527
2026-06-15 13:51:00+00:00,2.8199000358581543,2.8201000690460205,2.8199000358581543,2.8201000690460205,2529
2026-06-15 13:52:00+00:00,2.828000068664551,2.8336000442504883,2.822000026702881,2.8299999237060547,114756
2026-06-15 13:53:00+00:00,2.838200092315674,2.838200092315674,2.8297998905181885,2.829900026321411,77391
2026-06-15 13:54:00+00:00,2.8350000381469727,2.8399999141693115,2.8350000381469727,2.839900016784668,43193
2026-06-15 13:55:00+00:00,2.8350000381469727,2.8450000286102295,2.8350000381469727,2.8450000286102295,54681
2026-06-15 13:56:00+00:00,2.8499999046325684,2.8499999046325684,2.840100049972534,2.849900007247925,123204
2026-06-15 13:57:00+00:00,2.8499999046325684,2.8499999046325684,2.8450000286102295,2.849900007247925,22369
2026-06-15 13:58:00+00:00,2.8450000286102295,2.859999895095825,2.8450000286102295,2.859999895095825,104952
2026-06-15 13:59:00+00:00,2.865000009536743,2.880000114440918,2.865000009536743,2.880000114440918,112553
2026-06-15 14:00:00+00:00,2.871799945831299,2.880000114440918,2.869999885559082,2.869999885559082,82103
2026-06-15 14:01:00+00:00,2.8701000213623047,2.880000114440918,2.8701000213623047,2.875,63427
2026-06-15 14:02:00+00:00,2.869999885559082,2.880000114440918,2.859999895095825,2.8798999786376953,301392
2026-06-15 14:03:00+00:00,2.869999885559082,2.869999885559082,2.8499999046325684,2.8499999046325684,110893
2026-06-15 14:04:00+00:00,2.840100049972534,2.849900007247925,2.840100049972534,2.848299980163574,48202
2026-06-15 14:05:00+00:00,2.849900007247925,2.849900007247925,2.8450000286102295,2.8450000286102295,8734
2026-06-15 14:06:00+00:00,2.8450000286102295,2.8499999046325684,2.840100049972534,2.8450000286102295,66810
2026-06-15 14:07:00+00:00,2.8399999141693115,2.8582000732421875,2.8399999141693115,2.8582000732421875,48474
2026-06-15 14:08:00+00:00,2.850100040435791,2.850100040435791,2.8499999046325684,2.8499999046325684,14700
2026-06-15 14:09:00+00:00,2.849900007247925,2.8499999046325684,2.8450000286102295,2.8499999046325684,27551
2026-06-15 14:10:00+00:00,2.849900007247925,2.8550000190734863,2.8450000286102295,2.8499999046325684,53371
2026-06-15 14:11:00+00:00,2.8550000190734863,2.8550000190734863,2.8499999046325684,2.850100040435791,52245
2026-06-15 14:12:00+00:00,2.8499999046325684,2.8499999046325684,2.8450000286102295,2.8499999046325684,50344
2026-06-15 14:13:00+00:00,2.859999895095825,2.859999895095825,2.8598999977111816,2.8598999977111816,95001
2026-06-15 14:14:00+00:00,2.8698999881744385,2.8698999881744385,2.8450000286102295,2.849900007247925,78260
2026-06-15 14:15:00+00:00,2.849900007247925,2.8598999977111816,2.8450000286102295,2.8598999977111816,140523
2026-06-15 14:16:00+00:00,2.8499999046325684,2.858299970626831,2.849900007247925,2.858299970626831,13356
2026-06-15 14:17:00+00:00,2.8550000190734863,2.859999895095825,2.8550000190734863,2.859999895095825,13428
2026-06-15 14:18:00+00:00,2.8598999977111816,2.859999895095825,2.8598999977111816,2.8598999977111816,85880
2026-06-15 14:19:00+00:00,2.859999895095825,2.8698999881744385,2.8585000038146973,2.859999895095825,71567
2026-06-15 14:20:00+00:00,2.8598999977111816,2.8698999881744385,2.8598999977111816,2.8698999881744385,57199
2026-06-15 14:21:00+00:00,2.869999885559082,2.875,2.865000009536743,2.875,48256
2026-06-15 14:22:00+00:00,2.8701000213623047,2.880000114440918,2.869999885559082,2.875,11347
2026-06-15 14:23:00+00:00,2.880000114440918,2.880000114440918,2.866499900817871,2.869999885559082,217300
2026-06-15 14:24:00+00:00,2.8698999881744385,2.8698999881744385,2.868799924850464,2.868799924850464,22279
2026-06-15 14:25:00+00:00,2.869999885559082,2.870199918746948,2.8698999881744385,2.8698999881744385,146829
2026-06-15 14:26:00+00:00,2.8698999881744385,2.869999885559082,2.8698999881744385,2.869999885559082,20336
2026-06-15 14:27:00+00:00,2.865000009536743,2.865000009536743,2.865000009536743,2.865000009536743,10363
2026-06-15 14:28:00+00:00,2.859999895095825,2.859999895095825,2.859999895095825,2.859999895095825,34572
2026-06-15 14:29:00+00:00,2.860100030899048,2.865000009536743,2.860100030899048,2.865000009536743,0
2026-06-15 14:31:00+00:00,2.865000009536743,2.865000009536743,2.865000009536743,2.865000009536743,1240
2026-06-15 14:32:00+00:00,2.8696999549865723,2.869999885559082,2.8696999549865723,2.869999885559082,37277
2026-06-15 14:33:00+00:00,2.875,2.875,2.8499999046325684,2.851900100708008,106667
2026-06-15 14:34:00+00:00,2.850100040435791,2.860100030899048,2.850100040435791,2.860100030899048,41297
2026-06-15 14:35:00+00:00,2.8698999881744385,2.869999885559082,2.8698999881744385,2.869999885559082,52418
2026-06-15 14:36:00+00:00,2.875,2.8801000118255615,2.875,2.8798999786376953,112523
2026-06-15 14:37:00+00:00,2.8798999786376953,2.8798999786376953,2.875,2.875,9612
2026-06-15 14:38:00+00:00,2.880000114440918,2.880000114440918,2.875,2.8798999786376953,6933
2026-06-15 14:39:00+00:00,2.880000114440918,2.880000114440918,2.878200054168701,2.8798999786376953,3422
2026-06-15 14:40:00+00:00,2.8787999153137207,2.884999990463257,2.8787999153137207,2.884999990463257,103081
2026-06-15 14:41:00+00:00,2.890000104904175,2.890000104904175,2.8817999362945557,2.8817999362945557,984
2026-06-15 14:42:00+00:00,2.889899969100952,2.890000104904175,2.880000114440918,2.884999990463257,81606
2026-06-15 14:43:00+00:00,2.889899969100952,2.889899969100952,2.889899969100952,2.889899969100952,914
2026-06-15 14:44:00+00:00,2.884999990463257,2.884999990463257,2.8801000118255615,2.8801000118255615,5604
2026-06-15 14:45:00+00:00,2.8801000118255615,2.8880999088287354,2.880000114440918,2.8880999088287354,105602
2026-06-15 14:46:00+00:00,2.880000114440918,2.8882999420166016,2.869999885559082,2.8882999420166016,111626
2026-06-15 14:47:00+00:00,2.884999990463257,2.890000104904175,2.884999990463257,2.890000104904175,16400
2026-06-15 14:48:00+00:00,2.890000104904175,2.890000104904175,2.8880999088287354,2.8880999088287354,109777
2026-06-15 14:49:00+00:00,2.890000104904175,2.890000104904175,2.890000104904175,2.890000104904175,550
2026-06-15 14:50:00+00:00,2.8803000450134277,2.8803000450134277,2.869999885559082,2.869999885559082,123767
2026-06-15 14:51:00+00:00,2.871999979019165,2.875,2.869999885559082,2.869999885559082,112524
2026-06-15 14:52:00+00:00,2.870199918746948,2.8798999786376953,2.870199918746948,2.8798999786376953,8484
2026-06-15 14:57:00+00:00,2.875,2.875,2.875,2.875,8000
2026-06-15 14:58:00+00:00,2.859999895095825,2.865000009536743,2.859999895095825,2.865000009536743,33065
2026-06-15 14:59:00+00:00,2.869999885559082,2.875,2.8698999881744385,2.875,91799
2026-06-15 15:00:00+00:00,2.875,2.875,2.859999895095825,2.860100030899048,83554
2026-06-15 15:03:00+00:00,2.865000009536743,2.865000009536743,2.865000009536743,2.865000009536743,1985
2026-06-15 15:05:00+00:00,2.865000009536743,2.8682000637054443,2.865000009536743,2.8682000637054443,650
2026-06-15 15:06:00+00:00,2.859999895095825,2.859999895095825,2.8499999046325684,2.8499999046325684,9596
2026-06-15 15:09:00+00:00,2.8550000190734863,2.8550000190734863,2.8550000190734863,2.8550000190734863,968
2026-06-15 15:10:00+00:00,2.8499999046325684,2.859999895095825,2.8499999046325684,2.8598999977111816,44991
2026-06-15 15:12:00+00:00,2.858299970626831,2.858299970626831,2.858299970626831,2.858299970626831,225
2026-06-15 15:13:00+00:00,2.8550000190734863,2.859999895095825,2.8550000190734863,2.859999895095825,17033
2026-06-15 15:15:00+00:00,2.8598999977111816,2.8696999549865723,2.8598999977111816,2.8696999549865723,90747
2026-06-15 15:16:00+00:00,2.8698999881744385,2.875,2.865000009536743,2.875,15209
2026-06-15 15:17:00+00:00,2.880000114440918,2.880000114440918,2.880000114440918,2.880000114440918,103
2026-06-15 15:18:00+00:00,2.8782999515533447,2.8782999515533447,2.8782999515533447,2.8782999515533447,200
2026-06-15 15:19:00+00:00,2.8701000213623047,2.870300054550171,2.859999895095825,2.865000009536743,102393
2026-06-15 15:24:00+00:00,2.869999885559082,2.869999885559082,2.869999885559082,2.869999885559082,200
2026-06-15 15:25:00+00:00,2.869999885559082,2.869999885559082,2.866499900817871,2.8698999881744385,52900
2026-06-15 15:26:00+00:00,2.869999885559082,2.869999885559082,2.8698999881744385,2.869999885559082,64483
2026-06-15 15:27:00+00:00,2.875,2.875,2.8701000213623047,2.8701000213623047,55000
2026-06-15 15:28:00+00:00,2.875,2.875,2.859999895095825,2.859999895095825,100761
2026-06-15 15:30:00+00:00,2.865000009536743,2.869999885559082,2.865000009536743,2.8698999881744385,93295
2026-06-15 15:32:00+00:00,2.869999885559082,2.875,2.869999885559082,2.871500015258789,195392
2026-06-15 15:33:00+00:00,2.870500087738037,2.8798999786376953,2.870500087738037,2.8798999786376953,2364
2026-06-15 15:34:00+00:00,2.8798999786376953,2.8801000118255615,2.8798999786376953,2.8801000118255615,106670
2026-06-15 15:35:00+00:00,2.8801000118255615,2.890000104904175,2.8801000118255615,2.888000011444092,15201
2026-06-15 15:37:00+00:00,2.8801000118255615,2.889899969100952,2.880000114440918,2.884999990463257,69703
2026-06-15 15:38:00+00:00,2.889899969100952,2.889899969100952,2.869999885559082,2.869999885559082,126889
2026-06-15 15:39:00+00:00,2.875,2.875,2.875,2.875,1730
2026-06-15 15:40:00+00:00,2.8766000270843506,2.8766000270843506,2.8766000270843506,2.8766000270843506,1009
2026-06-15 15:42:00+00:00,2.875,2.875,2.875,2.875,500
2026-06-15 15:43:00+00:00,2.880000114440918,2.880000114440918,2.875,2.8789000511169434,120566
2026-06-15 15:44:00+00:00,2.875,2.884999990463257,2.875,2.880000114440918,36427
2026-06-15 15:45:00+00:00,2.8801000118255615,2.890000104904175,2.8801000118255615,2.890000104904175,58639
2026-06-15 15:46:00+00:00,2.884000062942505,2.889899969100952,2.884000062942505,2.889899969100952,50100
2026-06-15 15:47:00+00:00,2.890000104904175,2.890000104904175,2.889899969100952,2.889899969100952,468
2026-06-15 15:50:00+00:00,2.889899969100952,2.889899969100952,2.889899969100952,2.889899969100952,2045
2026-06-15 15:54:00+00:00,2.8801000118255615,2.890000104904175,2.8801000118255615,2.890000104904175,2280
2026-06-15 15:56:00+00:00,2.884999990463257,2.884999990463257,2.884999990463257,2.884999990463257,0
2026-06-15 15:57:00+00:00,2.8801000118255615,2.8801000118255615,2.8801000118255615,2.8801000118255615,29900
2026-06-15 15:58:00+00:00,2.884999990463257,2.884999990463257,2.884999990463257,2.884999990463257,0
2026-06-15 16:01:00+00:00,2.890000104904175,2.890000104904175,2.890000104904175,2.890000104904175,6540
2026-06-15 16:02:00+00:00,2.884999990463257,2.884999990463257,2.884999990463257,2.884999990463257,5328
2026-06-15 16:04:00+00:00,2.884999990463257,2.884999990463257,2.884999990463257,2.884999990463257,2000
2026-06-15 16:05:00+00:00,2.8803999423980713,2.8803999423980713,2.880000114440918,2.880000114440918,25827
2026-06-15 16:06:00+00:00,2.880000114440918,2.880000114440918,2.880000114440918,2.880000114440918,1102
2026-06-15 16:07:00+00:00,2.889899969100952,2.889899969100952,2.889899969100952,2.889899969100952,1833
2026-06-15 16:08:00+00:00,2.880000114440918,2.8898000717163086,2.880000114440918,2.8898000717163086,2758
2026-06-15 16:09:00+00:00,2.885499954223633,2.885499954223633,2.8817999362945557,2.8817999362945557,1282
2026-06-15 16:10:00+00:00,2.890000104904175,2.890000104904175,2.890000104904175,2.890000104904175,516
2026-06-15 16:12:00+00:00,2.888499975204468,2.888499975204468,2.880000114440918,2.8801000118255615,37330
2026-06-15 16:13:00+00:00,2.875,2.875,2.875,2.875,3548
2026-06-15 16:14:00+00:00,2.869999885559082,2.8701000213623047,2.869999885559082,2.8701000213623047,10131
2026-06-15 16:16:00+00:00,2.878999948501587,2.878999948501587,2.878999948501587,2.878999948501587,3929
2026-06-15 16:17:00+00:00,2.875,2.875,2.875,2.875,11825
2026-06-15 16:19:00+00:00,2.875,2.875,2.875,2.875,286
2026-06-15 16:20:00+00:00,2.869999885559082,2.869999885559082,2.859999895095825,2.859999895095825,62062
2026-06-15 16:21:00+00:00,2.860100030899048,2.860100030899048,2.859999895095825,2.859999895095825,22981
2026-06-15 16:22:00+00:00,2.8499999046325684,2.8499999046325684,2.8499999046325684,2.8499999046325684,21544
2026-06-15 16:23:00+00:00,2.859999895095825,2.859999895095825,2.859999895095825,2.859999895095825,14650
2026-06-15 16:25:00+00:00,2.8550000190734863,2.859999895095825,2.8550000190734863,2.8598999977111816,63426
2026-06-15 16:26:00+00:00,2.8598999977111816,2.865000009536743,2.8598999977111816,2.860100030899048,72740
2026-06-15 16:27:00+00:00,2.859999895095825,2.8698999881744385,2.859999895095825,2.8698999881744385,2410
2026-06-15 16:28:00+00:00,2.859999895095825,2.8601999282836914,2.859999895095825,2.8601999282836914,19320
2026-06-15 16:29:00+00:00,2.859999895095825,2.865000009536743,2.859999895095825,2.859999895095825,28909
2026-06-15 16:30:00+00:00,2.859999895095825,2.860100030899048,2.8499999046325684,2.8499999046325684,65894
2026-06-15 16:31:00+00:00,2.859699964523315,2.859999895095825,2.8564999103546143,2.859999895095825,95396
2026-06-15 16:32:00+00:00,2.860100030899048,2.865000009536743,2.860100030899048,2.860100030899048,23400
2026-06-15 16:33:00+00:00,2.860300064086914,2.860300064086914,2.860300064086914,2.860300064086914,5400
2026-06-15 16:34:00+00:00,2.8696000576019287,2.869999885559082,2.8696000576019287,2.869800090789795,12096
2026-06-15 16:35:00+00:00,2.869999885559082,2.869999885559082,2.866499900817871,2.869999885559082,51880
2026-06-15 16:38:00+00:00,2.869999885559082,2.869999885559082,2.865000009536743,2.865000009536743,20533
2026-06-15 16:40:00+00:00,2.860100030899048,2.860100030899048,2.860100030899048,2.860100030899048,3600
2026-06-15 16:41:00+00:00,2.8698999881744385,2.8698999881744385,2.866300106048584,2.8698999881744385,6097
2026-06-15 16:43:00+00:00,2.860100030899048,2.86929988861084,2.860100030899048,2.86929988861084,3700
2026-06-15 16:44:00+00:00,2.860100030899048,2.860100030899048,2.860100030899048,2.860100030899048,3900
2026-06-15 16:45:00+00:00,2.865000009536743,2.865000009536743,2.865000009536743,2.865000009536743,0
2026-06-15 16:47:00+00:00,2.869999885559082,2.869999885559082,2.8696999549865723,2.8696999549865723,10130
2026-06-15 16:48:00+00:00,2.869800090789795,2.869800090789795,2.869800090789795,2.869800090789795,200
2026-06-15 16:49:00+00:00,2.869999885559082,2.869999885559082,2.869999885559082,2.869999885559082,5287
2026-06-15 16:52:00+00:00,2.869999885559082,2.869999885559082,2.865000009536743,2.865000009536743,57300
2026-06-15 16:53:00+00:00,2.869999885559082,2.875,2.865000009536743,2.8701000213623047,111715
2026-06-15 16:54:00+00:00,2.869999885559082,2.8701000213623047,2.869999885559082,2.8701000213623047,851
2026-06-15 16:55:00+00:00,2.875,2.875,2.869999885559082,2.869999885559082,52838
2026-06-15 16:57:00+00:00,2.869999885559082,2.8701000213623047,2.869999885559082,2.8701000213623047,51450
2026-06-15 16:58:00+00:00,2.859999895095825,2.859999895095825,2.859999895095825,2.859999895095825,11771
2026-06-15 17:00:00+00:00,2.865000009536743,2.865000009536743,2.865000009536743,2.865000009536743,700
2026-06-15 17:03:00+00:00,2.869999885559082,2.870199918746948,2.865000009536743,2.870199918746948,47700
2026-06-15 17:04:00+00:00,2.870300054550171,2.870300054550171,2.869999885559082,2.869999885559082,30210
2026-06-15 17:05:00+00:00,2.869999885559082,2.869999885559082,2.869999885559082,2.869999885559082,142
2026-06-15 17:07:00+00:00,2.875,2.880000114440918,2.874500036239624,2.874500036239624,23191
2026-06-15 17:14:00+00:00,2.880000114440918,2.880000114440918,2.880000114440918,2.880000114440918,33580
2026-06-15 17:15:00+00:00,2.880000114440918,2.88070011138916,2.880000114440918,2.880000114440918,84428
2026-06-15 17:16:00+00:00,2.880000114440918,2.880000114440918,2.869999885559082,2.869999885559082,22959
2026-06-15 17:19:00+00:00,2.880000114440918,2.880000114440918,2.880000114440918,2.880000114440918,0
2026-06-15 17:20:00+00:00,2.875,2.875,2.875,2.875,692
2026-06-15 17:25:00+00:00,2.8798999786376953,2.8798999786376953,2.8798999786376953,2.8798999786376953,2003
2026-06-15 17:28:00+00:00,2.8701000213623047,2.8701000213623047,2.8701000213623047,2.8701000213623047,270
2026-06-15 17:32:00+00:00,2.872299909591675,2.872299909591675,2.872299909591675,2.872299909591675,700
2026-06-15 17:33:00+00:00,2.875,2.875,2.875,2.875,67
2026-06-15 17:39:00+00:00,2.870199918746948,2.870199918746948,2.859999895095825,2.859999895095825,20521
2026-06-15 17:40:00+00:00,2.869999885559082,2.869999885559082,2.869999885559082,2.869999885559082,11028
2026-06-15 17:41:00+00:00,2.8698999881744385,2.869999885559082,2.8698999881744385,2.869999885559082,17987
2026-06-15 17:42:00+00:00,2.865000009536743,2.865000009536743,2.865000009536743,2.865000009536743,578
2026-06-15 17:44:00+00:00,2.859999895095825,2.859999895095825,2.859999895095825,2.859999895095825,699
2026-06-15 17:45:00+00:00,2.8698999881744385,2.8701000213623047,2.865000009536743,2.8701000213623047,134263
2026-06-15 17:48:00+00:00,2.8780999183654785,2.8780999183654785,2.869999885559082,2.869999885559082,15355
2026-06-15 17:49:00+00:00,2.8701000213623047,2.8701000213623047,2.869999885559082,2.869999885559082,1791
2026-06-15 17:50:00+00:00,2.880000114440918,2.880000114440918,2.880000114440918,2.880000114440918,0
2026-06-15 17:55:00+00:00,2.875,2.875,2.875,2.875,325
2026-06-15 17:59:00+00:00,2.880000114440918,2.880000114440918,2.880000114440918,2.880000114440918,200
2026-06-15 18:00:00+00:00,2.8780999183654785,2.8798999786376953,2.8780999183654785,2.8798999786376953,10344
2026-06-15 18:01:00+00:00,2.880000114440918,2.880000114440918,2.880000114440918,2.880000114440918,37714
2026-06-15 18:02:00+00:00,2.869999885559082,2.871799945831299,2.869999885559082,2.871799945831299,13214
2026-06-15 18:05:00+00:00,2.8798999786376953,2.8798999786376953,2.8798999786376953,2.8798999786376953,735
2026-06-15 18:06:00+00:00,2.880000114440918,2.880000114440918,2.8701000213623047,2.8701000213623047,2490
2026-06-15 18:10:00+00:00,2.875,2.875,2.869999885559082,2.869999885559082,2200
2026-06-15 18:12:00+00:00,2.8782999515533447,2.8782999515533447,2.8782999515533447,2.8782999515533447,0
2026-06-15 18:13:00+00:00,2.875,2.8798999786376953,2.875,2.875,3555
2026-06-15 18:15:00+00:00,2.880000114440918,2.8880999088287354,2.880000114440918,2.8880999088287354,116687
2026-06-15 18:16:00+00:00,2.889899969100952,2.889899969100952,2.880000114440918,2.8808999061584473,22001
2026-06-15 18:17:00+00:00,2.8801000118255615,2.8801000118255615,2.8801000118255615,2.8801000118255615,18601
2026-06-15 18:19:00+00:00,2.869999885559082,2.869999885559082,2.869999885559082,2.869999885559082,7774
2026-06-15 18:20:00+00:00,2.880000114440918,2.880000114440918,2.875,2.880000114440918,79853
2026-06-15 18:21:00+00:00,2.8801000118255615,2.884999990463257,2.8801000118255615,2.8801000118255615,18152
2026-06-15 18:22:00+00:00,2.8801000118255615,2.884999990463257,2.8801000118255615,2.884999990463257,3500
2026-06-15 18:23:00+00:00,2.880000114440918,2.880000114440918,2.880000114440918,2.880000114440918,0
2026-06-15 18:24:00+00:00,2.880000114440918,2.880199909210205,2.880000114440918,2.8801000118255615,52512
2026-06-15 18:25:00+00:00,2.884999990463257,2.8880999088287354,2.884999990463257,2.8880999088287354,1202
2026-06-15 18:26:00+00:00,2.884999990463257,2.884999990463257,2.884999990463257,2.884999990463257,1040
2026-06-15 18:27:00+00:00,2.890000104904175,2.890000104904175,2.884999990463257,2.884999990463257,1600
2026-06-15 18:28:00+00:00,2.88070011138916,2.88070011138916,2.88070011138916,2.88070011138916,51
2026-06-15 18:30:00+00:00,2.884999990463257,2.884999990463257,2.880000114440918,2.884999990463257,1510
2026-06-15 18:31:00+00:00,2.884999990463257,2.888200044631958,2.880000114440918,2.888200044631958,1450
2026-06-15 18:32:00+00:00,2.884999990463257,2.8882999420166016,2.884999990463257,2.888200044631958,2100
2026-06-15 18:33:00+00:00,2.8801000118255615,2.8801000118255615,2.8801000118255615,2.8801000118255615,1500
2026-06-15 18:34:00+00:00,2.8801000118255615,2.8801000118255615,2.8801000118255615,2.8801000118255615,2005
2026-06-15 18:35:00+00:00,2.884999990463257,2.884999990463257,2.884999990463257,2.884999990463257,1000
2026-06-15 18:39:00+00:00,2.8801000118255615,2.8801000118255615,2.869999885559082,2.869999885559082,73500
2026-06-15 18:40:00+00:00,2.880000114440918,2.880000114440918,2.879800081253052,2.880000114440918,101657
2026-06-15 18:41:00+00:00,2.880000114440918,2.884999990463257,2.880000114440918,2.884999990463257,25235
2026-06-15 18:43:00+00:00,2.880000114440918,2.880000114440918,2.869999885559082,2.869999885559082,138674
2026-06-15 18:51:00+00:00,2.869999885559082,2.869999885559082,2.869999885559082,2.869999885559082,1040
2026-06-15 18:53:00+00:00,2.880000114440918,2.880000114440918,2.879800081253052,2.8798999786376953,42616
2026-06-15 18:54:00+00:00,2.8798999786376953,2.8801000118255615,2.8798999786376953,2.8801000118255615,106254
2026-06-15 18:55:00+00:00,2.884999990463257,2.8850998878479004,2.880000114440918,2.880000114440918,60796
2026-06-15 18:56:00+00:00,2.8801000118255615,2.8801000118255615,2.880000114440918,2.880000114440918,43100
2026-06-15 18:57:00+00:00,2.8828001022338867,2.8828001022338867,2.8828001022338867,2.8828001022338867,0
2026-06-15 19:02:00+00:00,2.884999990463257,2.884999990463257,2.884999990463257,2.884999990463257,7392
2026-06-15 19:03:00+00:00,2.884999990463257,2.8901000022888184,2.884999990463257,2.8901000022888184,70488
2026-06-15 19:06:00+00:00,2.899899959564209,2.9000000953674316,2.899899959564209,2.9000000953674316,22222
2026-06-15 19:07:00+00:00,2.9049999713897705,2.9049999713897705,2.890000104904175,2.890000104904175,90508
2026-06-15 19:09:00+00:00,2.890000104904175,2.899899959564209,2.890000104904175,2.899899959564209,15050
2026-06-15 19:12:00+00:00,2.9000000953674316,2.9000000953674316,2.9000000953674316,2.9000000953674316,356
2026-06-15 19:13:00+00:00,2.9000000953674316,2.9000000953674316,2.9000000953674316,2.9000000953674316,10000
2026-06-15 19:15:00+00:00,2.9000000953674316,2.9000000953674316,2.890000104904175,2.890000104904175,6034
2026-06-15 19:17:00+00:00,2.8901000022888184,2.8901000022888184,2.8901000022888184,2.8901000022888184,13715
2026-06-15 19:21:00+00:00,2.8949999809265137,2.8949999809265137,2.8949999809265137,2.8949999809265137,965
2026-06-15 19:22:00+00:00,2.8949999809265137,2.8949999809265137,2.8949999809265137,2.8949999809265137,540
2026-06-15 19:23:00+00:00,2.9000000953674316,2.9000000953674316,2.8949999809265137,2.8949999809265137,12726
2026-06-15 19:24:00+00:00,2.8949999809265137,2.8949999809265137,2.8949999809265137,2.8949999809265137,1015
2026-06-15 19:25:00+00:00,2.890000104904175,2.890000104904175,2.880000114440918,2.880000114440918,101548
2026-06-15 19:27:00+00:00,2.884999990463257,2.884999990463257,2.884999990463257,2.884999990463257,3014
2026-06-15 19:29:00+00:00,2.890000104904175,2.890000104904175,2.8898000717163086,2.890000104904175,59720
2026-06-15 19:30:00+00:00,2.8901000022888184,2.8901000022888184,2.890000104904175,2.890000104904175,75705
2026-06-15 19:32:00+00:00,2.880000114440918,2.880000114440918,2.880000114440918,2.880000114440918,59159
2026-06-15 19:33:00+00:00,2.880000114440918,2.880000114440918,2.880000114440918,2.880000114440918,121320
2026-06-15 19:34:00+00:00,2.875,2.875,2.875,2.875,4351
2026-06-15 19:35:00+00:00,2.880000114440918,2.880000114440918,2.880000114440918,2.880000114440918,4703
2026-06-15 19:36:00+00:00,2.880000114440918,2.880000114440918,2.878200054168701,2.878200054168701,7883
2026-06-15 19:37:00+00:00,2.873300075531006,2.873300075531006,2.873300075531006,2.873300075531006,0
2026-06-15 19:40:00+00:00,2.880000114440918,2.880000114440918,2.875,2.875,191859
2026-06-15 19:41:00+00:00,2.880000114440918,2.880000114440918,2.880000114440918,2.880000114440918,29900
2026-06-15 19:42:00+00:00,2.869999885559082,2.869999885559082,2.869999885559082,2.869999885559082,24452
2026-06-15 19:43:00+00:00,2.8719000816345215,2.8798999786376953,2.8719000816345215,2.8798999786376953,0
2026-06-15 19:44:00+00:00,2.8798999786376953,2.8798999786376953,2.8798999786376953,2.8798999786376953,1000
2026-06-15 19:45:00+00:00,2.880000114440918,2.880000114440918,2.880000114440918,2.880000114440918,36303
2026-06-15 19:46:00+00:00,2.8880999088287354,2.8880999088287354,2.8801000118255615,2.8801000118255615,9914
2026-06-15 19:47:00+00:00,2.8810999393463135,2.8810999393463135,2.880000114440918,2.880000114440918,51676
2026-06-15 19:48:00+00:00,2.875,2.875,2.875,2.875,840
2026-06-15 19:49:00+00:00,2.875,2.880000114440918,2.875,2.880000114440918,35157
2026-06-15 19:50:00+00:00,2.890000104904175,2.890000104904175,2.889899969100952,2.889899969100952,5324
2026-06-15 19:52:00+00:00,2.884999990463257,2.884999990463257,2.884999990463257,2.884999990463257,7121
2026-06-15 19:53:00+00:00,2.880000114440918,2.880000114440918,2.869999885559082,2.869999885559082,432471
2026-06-15 19:54:00+00:00,2.879699945449829,2.879699945449829,2.875,2.875,16395
2026-06-15 19:55:00+00:00,2.880000114440918,2.884999990463257,2.880000114440918,2.884999990463257,22639
2026-06-15 19:56:00+00:00,2.880000114440918,2.880000114440918,2.875,2.880000114440918,106009
2026-06-15 19:57:00+00:00,2.8801000118255615,2.884999990463257,2.8801000118255615,2.884999990463257,13255
2026-06-15 19:58:00+00:00,2.8850998878479004,2.8850998878479004,2.880000114440918,2.880000114440918,29500
2026-06-15 19:59:00+00:00,2.884999990463257,2.884999990463257,2.884999990463257,2.884999990463257,9865
2026-06-15 20:00:00+00:00,2.885,2.885,2.885,2.885,0
2026-06-15 20:04:00+00:00,2.88,2.88,2.88,2.88,0
2026-06-15 20:06:00+00:00,2.87,2.87,2.87,2.87,0
2026-06-15 20:07:00+00:00,2.87,2.87,2.87,2.87,0
2026-06-15 20:08:00+00:00,2.87,2.87,2.87,2.87,0
2026-06-15 20:09:00+00:00,2.87,2.88,2.87,2.87,0
2026-06-15 20:10:00+00:00,2.885,2.885,2.885,2.885,0
2026-06-15 20:11:00+00:00,2.8703,2.8703,2.8703,2.8703,0
2026-06-15 20:14:00+00:00,2.88,2.88,2.88,2.88,0
2026-06-15 20:19:00+00:00,2.88,2.88,2.88,2.88,0
2026-06-15 20:22:00+00:00,2.88,2.88,2.88,2.88,0
2026-06-15 20:30:00+00:00,2.889,2.889,2.889,2.889,0
2026-06-15 20:40:00+00:00,2.8898,2.8898,2.8887,2.8891,0
2026-06-15 20:48:00+00:00,2.89,2.89,2.89,2.89,0
2026-06-15 20:56:00+00:00,2.8898,2.8898,2.8898,2.8898,0
2026-06-15 21:01:00+00:00,2.89,2.89,2.89,2.89,0
2026-06-15 21:03:00+00:00,2.89,2.89,2.89,2.89,0
2026-06-15 21:11:00+00:00,2.89,2.89,2.89,2.89,0
2026-06-15 21:14:00+00:00,2.89,2.89,2.8884,2.8884,0
2026-06-15 21:21:00+00:00,2.8807,2.8807,2.8807,2.8807,0
2026-06-15 21:34:00+00:00,2.88,2.88,2.88,2.88,0
2026-06-15 21:40:00+00:00,2.89,2.89,2.89,2.89,0
2026-06-15 21:43:00+00:00,2.89,2.89,2.88,2.88,0
2026-06-15 21:48:00+00:00,2.8813,2.8813,2.8813,2.8813,0
2026-06-15 21:54:00+00:00,2.8899,2.8899,2.8899,2.8899,0
2026-06-15 21:55:00+00:00,2.8899,2.8899,2.8899,2.8899,0
2026-06-15 22:01:00+00:00,2.89,2.89,2.89,2.89,0
2026-06-15 22:03:00+00:00,2.89,2.89,2.88,2.88,0
2026-06-15 22:13:00+00:00,2.8998,2.8998,2.8998,2.8998,0
2026-06-15 22:14:00+00:00,2.8989,2.8989,2.8989,2.8989,0
2026-06-15 22:15:00+00:00,2.9,2.9,2.9,2.9,0
2026-06-15 22:21:00+00:00,2.9,2.9,2.9,2.9,0
2026-06-15 22:24:00+00:00,2.89,2.89,2.89,2.89,0
2026-06-15 22:26:00+00:00,2.8997,2.8997,2.8997,2.8997,0
2026-06-15 22:27:00+00:00,2.8997,2.8997,2.8997,2.8997,0
2026-06-15 22:28:00+00:00,2.8997,2.8997,2.8997,2.8997,0
2026-06-15 22:32:00+00:00,2.89,2.89,2.89,2.89,0
2026-06-15 22:36:00+00:00,2.89,2.89,2.89,2.89,0
2026-06-15 22:46:00+00:00,2.8999,2.8999,2.8999,2.8999,0
2026-06-15 22:49:00+00:00,2.9,2.9,2.9,2.9,0
2026-06-15 22:50:00+00:00,2.8902,2.8902,2.8902,2.8902,0
2026-06-15 23:00:00+00:00,2.9,2.9,2.9,2.9,0
2026-06-15 23:07:00+00:00,2.9,2.9,2.8998,2.8998,0
2026-06-15 23:19:00+00:00,2.9,2.9,2.9,2.9,0
2026-06-15 23:39:00+00:00,2.9,2.9,2.9,2.9,0
2026-06-15 23:43:00+00:00,2.8987,2.8987,2.8987,2.8987,0
2026-06-15 23:48:00+00:00,2.8999,2.8999,2.8999,2.8999,0
2026-06-15 23:49:00+00:00,2.8913,2.8999,2.8913,2.8999,0
2026-06-16 08:00:00+00:00,2.9,2.9,2.9,2.9,0
2026-06-16 08:01:00+00:00,2.9,2.9,2.89,2.89,0
2026-06-16 08:07:00+00:00,2.89,2.89,2.89,2.89,0
2026-06-16 08:43:00+00:00,2.88,2.88,2.88,2.88,0
2026-06-16 09:08:00+00:00,2.869,2.869,2.869,2.869,0
2026-06-16 09:26:00+00:00,2.8705,2.8705,2.8705,2.8705,0
2026-06-16 09:34:00+00:00,2.8705,2.8705,2.8705,2.8705,0
2026-06-16 10:35:00+00:00,2.8719,2.8719,2.8719,2.8719,0
2026-06-16 10:52:00+00:00,2.8704,2.8704,2.87,2.8704,0
2026-06-16 11:00:00+00:00,2.88,2.88,2.87,2.87,0
2026-06-16 11:01:00+00:00,2.86,2.86,2.86,2.86,0
2026-06-16 11:02:00+00:00,2.8598,2.8598,2.8598,2.8598,0
2026-06-16 11:03:00+00:00,2.8597,2.8598,2.8597,2.8598,0
2026-06-16 11:08:00+00:00,2.86,2.86,2.86,2.86,0
2026-06-16 11:13:00+00:00,2.86,2.86,2.85,2.85,0
2026-06-16 11:14:00+00:00,2.85,2.85,2.85,2.85,0
2026-06-16 11:18:00+00:00,2.85,2.85,2.85,2.85,0
2026-06-16 11:21:00+00:00,2.85,2.85,2.85,2.85,0
2026-06-16 11:26:00+00:00,2.8598,2.8598,2.8598,2.8598,0
2026-06-16 11:34:00+00:00,2.86,2.86,2.86,2.86,0
2026-06-16 11:40:00+00:00,2.8687,2.8687,2.8687,2.8687,0
2026-06-16 11:45:00+00:00,2.87,2.87,2.87,2.87,0
2026-06-16 11:47:00+00:00,2.87,2.87,2.8697,2.8697,0
2026-06-16 11:54:00+00:00,2.8698,2.8698,2.8698,2.8698,0
2026-06-16 12:03:00+00:00,2.87,2.87,2.87,2.87,0
2026-06-16 12:04:00+00:00,2.87,2.87,2.87,2.87,0
2026-06-16 12:17:00+00:00,2.89,2.89,2.89,2.89,0
2026-06-16 12:18:00+00:00,2.8903,2.8903,2.8903,2.8903,0
2026-06-16 12:20:00+00:00,2.89,2.89,2.89,2.89,0
2026-06-16 12:21:00+00:00,2.9,2.9,2.9,2.9,0
2026-06-16 12:22:00+00:00,2.9,2.9,2.9,2.9,0
2026-06-16 12:23:00+00:00,2.9098,2.9098,2.9098,2.9098,0
2026-06-16 12:24:00+00:00,2.91,2.91,2.91,2.91,0
2026-06-16 12:25:00+00:00,2.9105,2.9105,2.91,2.91,0
2026-06-16 12:26:00+00:00,2.91,2.91,2.9,2.9,0
2026-06-16 12:29:00+00:00,2.9073,2.9073,2.9073,2.9073,0
2026-06-16 12:30:00+00:00,2.9,2.9,2.9,2.9,0
2026-06-16 12:31:00+00:00,2.9,2.9,2.9,2.9,0
2026-06-16 12:36:00+00:00,2.9,2.9,2.9,2.9,0
2026-06-16 12:37:00+00:00,2.91,2.91,2.91,2.91,0
2026-06-16 12:38:00+00:00,2.9095,2.9095,2.9095,2.9095,0
2026-06-16 12:39:00+00:00,2.9073,2.9073,2.9073,2.9073,0
2026-06-16 12:42:00+00:00,2.9088,2.9088,2.9088,2.9088,0
2026-06-16 12:45:00+00:00,2.9195,2.9195,2.9195,2.9195,0
2026-06-16 12:46:00+00:00,2.91,2.91,2.91,2.91,0
2026-06-16 12:52:00+00:00,2.91,2.91,2.91,2.91,0
2026-06-16 12:53:00+00:00,2.91,2.9105,2.91,2.9105,0
2026-06-16 12:56:00+00:00,2.91,2.91,2.91,2.91,0
2026-06-16 12:59:00+00:00,2.9113,2.9113,2.9113,2.9113,0
2026-06-16 13:00:00+00:00,2.9177,2.9177,2.9177,2.9177,0
2026-06-16 13:01:00+00:00,2.92,2.92,2.92,2.92,0
2026-06-16 13:02:00+00:00,2.9199,2.9199,2.9187,2.9187,0
2026-06-16 13:04:00+00:00,2.92,2.92,2.92,2.92,0
2026-06-16 13:05:00+00:00,2.9177,2.9177,2.9177,2.9177,0
2026-06-16 13:07:00+00:00,2.92,2.92,2.92,2.92,0
2026-06-16 13:09:00+00:00,2.9203,2.9203,2.9203,2.9203,0
2026-06-16 13:13:00+00:00,2.92,2.92,2.91,2.91,0
2026-06-16 13:18:00+00:00,2.91,2.91,2.91,2.91,0
2026-06-16 13:19:00+00:00,2.9098,2.9098,2.9098,2.9098,0
2026-06-16 13:20:00+00:00,2.9005,2.9005,2.9005,2.9005,0
2026-06-16 13:21:00+00:00,2.9002,2.9005,2.9002,2.9005,0
2026-06-16 13:25:00+00:00,2.9,2.9,2.9,2.9,0
2026-06-16 13:27:00+00:00,2.9,2.9,2.9,2.9,0
2026-06-16 13:28:00+00:00,2.89,2.89,2.89,2.89,0
2026-06-16 13:30:00+00:00,2.890000104904175,2.9100000858306885,2.875,2.8949999809265137,266433
2026-06-16 13:31:00+00:00,2.8949999809265137,2.899899959564209,2.8949999809265137,2.899899959564209,17246
2026-06-16 13:32:00+00:00,2.9000000953674316,2.9100000858306885,2.8949999809265137,2.8949999809265137,99840
2026-06-16 13:33:00+00:00,2.8949999809265137,2.9000000953674316,2.890000104904175,2.9000000953674316,13903
2026-06-16 13:34:00+00:00,2.9000000953674316,2.9100000858306885,2.9000000953674316,2.9100000858306885,22518
2026-06-16 13:35:00+00:00,2.9100000858306885,2.9100000858306885,2.890000104904175,2.890000104904175,31559
2026-06-16 13:36:00+00:00,2.890000104904175,2.8949999809265137,2.890000104904175,2.8949999809265137,36155
2026-06-16 13:37:00+00:00,2.8949999809265137,2.9049999713897705,2.8949999809265137,2.8949999809265137,128674
2026-06-16 13:38:00+00:00,2.9000000953674316,2.9000000953674316,2.8949999809265137,2.8949999809265137,9038
2026-06-16 13:39:00+00:00,2.902899980545044,2.9200000762939453,2.902899980545044,2.9198999404907227,70976
2026-06-16 13:40:00+00:00,2.9149999618530273,2.9200000762939453,2.9100000858306885,2.9100000858306885,25695
2026-06-16 13:41:00+00:00,2.9144999980926514,2.9149999618530273,2.9126999378204346,2.9149999618530273,2923
2026-06-16 13:42:00+00:00,2.9149999618530273,2.9149999618530273,2.9000000953674316,2.9000000953674316,126754
2026-06-16 13:43:00+00:00,2.900099992752075,2.9149999618530273,2.900099992752075,2.9149999618530273,51978
2026-06-16 13:44:00+00:00,2.9149999618530273,2.9200000762939453,2.9117000102996826,2.9200000762939453,7794
2026-06-16 13:45:00+00:00,2.920099973678589,2.928200006484986,2.9100000858306885,2.9100000858306885,99331
2026-06-16 13:46:00+00:00,2.9200000762939453,2.920099973678589,2.9100000858306885,2.910099983215332,70067
2026-06-16 13:47:00+00:00,2.9198999404907227,2.9198999404907227,2.9100000858306885,2.9100000858306885,7632
2026-06-16 13:48:00+00:00,2.9000000953674316,2.9149999618530273,2.9000000953674316,2.9149999618530273,74071
2026-06-16 13:49:00+00:00,2.9182000160217285,2.9198999404907227,2.9100000858306885,2.9198999404907227,16402
2026-06-16 13:50:00+00:00,2.9149999618530273,2.9149999618530273,2.9149999618530273,2.9149999618530273,1011
2026-06-16 13:51:00+00:00,2.9103000164031982,2.9149999618530273,2.9100000858306885,2.9149999618530273,12056
2026-06-16 13:52:00+00:00,2.9149999618530273,2.9149999618530273,2.910099983215332,2.910099983215332,713
2026-06-16 13:53:00+00:00,2.9200000762939453,2.9200000762939453,2.9100000858306885,2.9100000858306885,25921
2026-06-16 13:54:00+00:00,2.9179999828338623,2.9179999828338623,2.9000000953674316,2.9100000858306885,66144
2026-06-16 13:55:00+00:00,2.909899950027466,2.909899950027466,2.909899950027466,2.909899950027466,2600
2026-06-16 13:56:00+00:00,2.9100000858306885,2.910099983215332,2.9100000858306885,2.910099983215332,49736
2026-06-16 13:57:00+00:00,2.9149999618530273,2.9198999404907227,2.9149999618530273,2.9198999404907227,5500
2026-06-16 13:58:00+00:00,2.910099983215332,2.910099983215332,2.910099983215332,2.910099983215332,5200
2026-06-16 13:59:00+00:00,2.9198999404907227,2.920099973678589,2.910099983215332,2.920099973678589,25145
2026-06-16 14:00:00+00:00,2.9200000762939453,2.920099973678589,2.9100000858306885,2.9198999404907227,66530
2026-06-16 14:01:00+00:00,2.9149999618530273,2.924999952316284,2.9149999618530273,2.924999952316284,117801
2026-06-16 14:02:00+00:00,2.9200000762939453,2.924999952316284,2.9100000858306885,2.9149999618530273,114124
2026-06-16 14:03:00+00:00,2.9198999404907227,2.9298999309539795,2.919800043106079,2.9200000762939453,188596
2026-06-16 14:04:00+00:00,2.9200000762939453,2.9200000762939453,2.910099983215332,2.9149999618530273,22908
2026-06-16 14:05:00+00:00,2.9200000762939453,2.9212000370025635,2.9198999404907227,2.920099973678589,92002
2026-06-16 14:06:00+00:00,2.9298999309539795,2.9298999309539795,2.9298999309539795,2.9298999309539795,800
2026-06-16 14:07:00+00:00,2.920099973678589,2.920300006866455,2.9149999618530273,2.9198999404907227,67300
2026-06-16 14:08:00+00:00,2.9198999404907227,2.924999952316284,2.9198999404907227,2.920099973678589,37700
2026-06-16 14:09:00+00:00,2.930000066757202,2.9398999214172363,2.924999952316284,2.9300999641418457,77229
2026-06-16 14:10:00+00:00,2.930000066757202,2.944999933242798,2.930000066757202,2.944999933242798,147538
2026-06-16 14:11:00+00:00,2.9400999546051025,2.948199987411499,2.940000057220459,2.940000057220459,36346
2026-06-16 14:12:00+00:00,2.9300999641418457,2.934999942779541,2.9200000762939453,2.930000066757202,183178
2026-06-16 14:13:00+00:00,2.9298999309539795,2.934999942779541,2.924999952316284,2.934999942779541,81108
2026-06-16 14:14:00+00:00,2.930000066757202,2.934999942779541,2.930000066757202,2.934999942779541,7933
2026-06-16 14:15:00+00:00,2.938199996948242,2.9398999214172363,2.9300999641418457,2.9398999214172363,4835
2026-06-16 14:16:00+00:00,2.934999942779541,2.9398999214172363,2.934999942779541,2.9398999214172363,72696
2026-06-16 14:17:00+00:00,2.9488000869750977,2.9488000869750977,2.9488000869750977,2.9488000869750977,200
2026-06-16 14:18:00+00:00,2.949899911880493,2.9512999057769775,2.9400999546051025,2.9500999450683594,60509
2026-06-16 14:19:00+00:00,2.9549999237060547,2.960099935531616,2.9549999237060547,2.960099935531616,55924
2026-06-16 14:20:00+00:00,2.9681999683380127,2.969899892807007,2.960099935531616,2.9697000980377197,11240
2026-06-16 14:21:00+00:00,2.960099935531616,2.969899892807007,2.9600000381469727,2.969899892807007,186775
2026-06-16 14:22:00+00:00,2.9649999141693115,2.9749999046325684,2.9649999141693115,2.970099925994873,45606
2026-06-16 14:23:00+00:00,2.9700000286102295,2.9899001121520996,2.9700000286102295,2.9899001121520996,139609
2026-06-16 14:24:00+00:00,2.98009991645813,2.98009991645813,2.9700000286102295,2.9749999046325684,112297
2026-06-16 14:25:00+00:00,2.9700000286102295,2.970099925994873,2.9600000381469727,2.9684998989105225,146325
2026-06-16 14:26:00+00:00,2.9649999141693115,2.969899892807007,2.9649999141693115,2.9649999141693115,10000
2026-06-16 14:27:00+00:00,2.961699962615967,2.984999895095825,2.961699962615967,2.984999895095825,199507
2026-06-16 14:28:00+00:00,2.980299949645996,2.984999895095825,2.9700000286102295,2.9798998832702637,299252
2026-06-16 14:29:00+00:00,2.9798998832702637,2.9800000190734863,2.9749999046325684,2.9798998832702637,114203
2026-06-16 14:30:00+00:00,2.9899001121520996,2.9899001121520996,2.9886999130249023,2.9899001121520996,23786
2026-06-16 14:31:00+00:00,2.9899001121520996,2.9999001026153564,2.9899001121520996,2.9999001026153564,55947
2026-06-16 14:32:00+00:00,3.0,3.0099000930786133,2.9900999069213867,3.009700059890747,364945
2026-06-16 14:33:00+00:00,3.0,3.009999990463257,3.0,3.005000114440918,84800
2026-06-16 14:34:00+00:00,3.0000998973846436,3.005000114440918,2.990000009536743,2.994999885559082,285833
2026-06-16 14:35:00+00:00,2.9999001026153564,3.005000114440918,2.990000009536743,3.0,201608
2026-06-16 14:36:00+00:00,2.9900999069213867,2.9999001026153564,2.9800000190734863,2.984999895095825,86072
2026-06-16 14:37:00+00:00,2.9899001121520996,2.997999906539917,2.984999895095825,2.9900999069213867,242332
2026-06-16 14:38:00+00:00,2.98009991645813,2.984999895095825,2.9700000286102295,2.9749999046325684,69888
2026-06-16 14:39:00+00:00,2.9749999046325684,2.9800000190734863,2.9749999046325684,2.9749999046325684,3787
2026-06-16 14:40:00+00:00,2.9798998832702637,2.9798998832702637,2.9600000381469727,2.9600000381469727,63211
2026-06-16 14:41:00+00:00,2.9649999141693115,2.9700000286102295,2.9600000381469727,2.9700000286102295,91115
2026-06-16 14:42:00+00:00,2.9700000286102295,2.9749999046325684,2.9700000286102295,2.9700000286102295,38669
2026-06-16 14:43:00+00:00,2.9749999046325684,2.9749999046325684,2.9749999046325684,2.9749999046325684,200
2026-06-16 14:44:00+00:00,2.970099925994873,2.970099925994873,2.970099925994873,2.970099925994873,89
2026-06-16 14:45:00+00:00,2.978100061416626,2.9881999492645264,2.978100061416626,2.9881999492645264,42255
2026-06-16 14:46:00+00:00,2.9899001121520996,2.9900999069213867,2.98009991645813,2.9899001121520996,196715
2026-06-16 14:47:00+00:00,2.98009991645813,2.990000009536743,2.98009991645813,2.990000009536743,76592
2026-06-16 14:48:00+00:00,2.9900999069213867,2.9918999671936035,2.990000009536743,2.9918999671936035,12421
2026-06-16 14:49:00+00:00,2.9997000694274902,2.9997000694274902,2.994999885559082,2.994999885559082,9344
2026-06-16 14:50:00+00:00,2.990000009536743,2.990000009536743,2.990000009536743,2.990000009536743,26855
2026-06-16 14:51:00+00:00,2.9900999069213867,2.994999885559082,2.9800000190734863,2.9886999130249023,109872
2026-06-16 14:52:00+00:00,2.9899001121520996,3.0,2.9863998889923096,3.0,239836
2026-06-16 14:53:00+00:00,2.9900999069213867,2.9976000785827637,2.9900999069213867,2.994999885559082,53700
2026-06-16 14:54:00+00:00,2.994999885559082,3.0,2.994999885559082,2.9999001026153564,7426
2026-06-16 14:55:00+00:00,3.0,3.0099000930786133,2.994999885559082,3.0064001083374023,126361
2026-06-16 14:56:00+00:00,3.0099000930786133,3.009999990463257,3.0000998973846436,3.0000998973846436,56507
2026-06-16 14:57:00+00:00,3.009200096130371,3.0099000930786133,3.009200096130371,3.0099000930786133,0
2026-06-16 14:58:00+00:00,3.009999990463257,3.0199999809265137,3.009999990463257,3.0199999809265137,45449
2026-06-16 14:59:00+00:00,3.0199999809265137,3.0199999809265137,3.015000104904175,3.015000104904175,30600
2026-06-16 15:00:00+00:00,3.0100998878479004,3.015000104904175,3.0,3.0099000930786133,257347
2026-06-16 15:01:00+00:00,3.0099000930786133,3.0100998878479004,3.0099000930786133,3.009999990463257,147981
2026-06-16 15:03:00+00:00,3.015000104904175,3.0199999809265137,3.005000114440918,3.005000114440918,26527
2026-06-16 15:04:00+00:00,3.0,3.005000114440918,3.0,3.005000114440918,1322
2026-06-16 15:05:00+00:00,3.0000998973846436,3.0000998973846436,2.994999885559082,2.994999885559082,14679
2026-06-16 15:06:00+00:00,2.994999885559082,2.994999885559082,2.994999885559082,2.994999885559082,200
2026-06-16 15:07:00+00:00,2.9999001026153564,3.0,2.9999001026153564,3.0,38800
2026-06-16 15:08:00+00:00,3.0,3.005000114440918,2.990000009536743,2.994999885559082,217435
2026-06-16 15:10:00+00:00,2.9900999069213867,2.994999885559082,2.9800000190734863,2.984999895095825,80997
2026-06-16 15:11:00+00:00,2.9820001125335693,2.9820001125335693,2.9820001125335693,2.9820001125335693,416
2026-06-16 15:12:00+00:00,2.990000009536743,2.994999885559082,2.9899001121520996,2.994999885559082,129938
2026-06-16 15:13:00+00:00,2.994999885559082,3.0,2.984999895095825,2.9899001121520996,229862
2026-06-16 15:14:00+00:00,2.994999885559082,2.994999885559082,2.9900999069213867,2.9900999069213867,120800
2026-06-16 15:15:00+00:00,2.990000009536743,2.990000009536743,2.9800000190734863,2.98009991645813,66887
2026-06-16 15:16:00+00:00,2.9700000286102295,2.970099925994873,2.9700000286102295,2.970099925994873,41456
2026-06-16 15:17:00+00:00,2.9800000190734863,2.984999895095825,2.9749999046325684,2.98009991645813,227439
2026-06-16 15:18:00+00:00,2.984999895095825,2.984999895095825,2.98009991645813,2.98009991645813,5377
2026-06-16 15:19:00+00:00,2.9899001121520996,2.990000009536743,2.984999895095825,2.9899001121520996,76043
2026-06-16 15:20:00+00:00,2.9899001121520996,2.990000009536743,2.9899001121520996,2.990000009536743,15590
2026-06-16 15:21:00+00:00,2.9899001121520996,2.9899001121520996,2.9899001121520996,2.9899001121520996,23515
2026-06-16 15:22:00+00:00,2.9899001121520996,3.0,2.9899001121520996,2.9999001026153564,73815
2026-06-16 15:23:00+00:00,2.9999001026153564,3.009999990463257,2.9999001026153564,3.0099000930786133,100037
2026-06-16 15:24:00+00:00,3.0199999809265137,3.0199999809265137,3.009999990463257,3.010200023651123,238392
2026-06-16 15:25:00+00:00,3.0100998878479004,3.015000104904175,3.0,3.0,65065
2026-06-16 15:26:00+00:00,3.0099000930786133,3.0199999809265137,3.00979995727539,3.0164999961853027,90787
2026-06-16 15:27:00+00:00,3.01990008354187,3.0199999809265137,3.015000104904175,3.0199999809265137,71997
2026-06-16 15:28:00+00:00,3.0220000743865967,3.0250000953674316,3.0199999809265137,3.0199999809265137,180949
2026-06-16 15:29:00+00:00,3.015000104904175,3.015000104904175,3.009999990463257,3.0100998878479004,6841
2026-06-16 15:30:00+00:00,3.015000104904175,3.01990008354187,3.0100998878479004,3.0100998878479004,12141
2026-06-16 15:31:00+00:00,3.0100998878479004,3.0100998878479004,3.0,3.0099000930786133,42144
2026-06-16 15:32:00+00:00,3.009999990463257,3.009999990463257,3.005000114440918,3.005000114440918,30564
2026-06-16 15:34:00+00:00,3.0099000930786133,3.009999990463257,3.005000114440918,3.005000114440918,178545
2026-06-16 15:35:00+00:00,3.0099000930786133,3.0099000930786133,3.0099000930786133,3.0099000930786133,9658
2026-06-16 15:36:00+00:00,3.0072999000549316,3.015000104904175,3.0072999000549316,3.015000104904175,33969
2026-06-16 15:37:00+00:00,3.01990008354187,3.01990008354187,3.0195999145507812,3.0195999145507812,12073
2026-06-16 15:38:00+00:00,3.01990008354187,3.029900074005127,3.009999990463257,3.0199999809265137,502116
2026-06-16 15:39:00+00:00,3.021899938583374,3.0299999713897705,3.021899938583374,3.0299999713897705,108200
2026-06-16 15:40:00+00:00,3.0201001167297363,3.0299999713897705,3.0201001167297363,3.0299999713897705,70274
2026-06-16 15:41:00+00:00,3.029900074005127,3.0299999713897705,3.0199999809265137,3.0250000953674316,22751
2026-06-16 15:42:00+00:00,3.029900074005127,3.0350000858306885,3.029900074005127,3.0299999713897705,133934
2026-06-16 15:43:00+00:00,3.0299999713897705,3.039900064468384,3.0299999713897705,3.039900064468384,1032
2026-06-16 15:44:00+00:00,3.031100034713745,3.0399999618530273,3.0309998989105225,3.0309998989105225,1330
2026-06-16 15:45:00+00:00,3.0350000858306885,3.0350000858306885,3.0350000858306885,3.0350000858306885,2815
2026-06-16 15:46:00+00:00,3.0299999713897705,3.0450000762939453,3.0299999713897705,3.0450000762939453,76343
2026-06-16 15:47:00+00:00,3.0499000549316406,3.0499000549316406,3.0499000549316406,3.0499000549316406,0
2026-06-16 15:48:00+00:00,3.048099994659424,3.0499000549316406,3.0418999195098877,3.0450000762939453,7416
2026-06-16 15:49:00+00:00,3.0450000762939453,3.0450000762939453,3.04010009765625,3.0450000762939453,14418
2026-06-16 15:50:00+00:00,3.0450000762939453,3.049999952316284,3.04010009765625,3.04010009765625,32696
2026-06-16 15:51:00+00:00,3.0399999618530273,3.0450000762939453,3.0399999618530273,3.04010009765625,137890
2026-06-16 15:52:00+00:00,3.0499000549316406,3.0499000549316406,3.0299999713897705,3.039900064468384,17829
2026-06-16 15:53:00+00:00,3.0299999713897705,3.030100107192993,3.0199999809265137,3.0250000953674316,55497
2026-06-16 15:54:00+00:00,3.0199999809265137,3.029900074005127,3.009999990463257,3.0199999809265137,187752
2026-06-16 15:55:00+00:00,3.0199999809265137,3.0199999809265137,3.0199999809265137,3.0199999809265137,464
2026-06-16 15:56:00+00:00,3.0199999809265137,3.029599905014038,3.009999990463257,3.01990008354187,209824
2026-06-16 15:57:00+00:00,3.0181000232696533,3.0181000232696533,3.009999990463257,3.009999990463257,5150
2026-06-16 15:58:00+00:00,3.01990008354187,3.0201001167297363,3.0100998878479004,3.0201001167297363,114530
2026-06-16 15:59:00+00:00,3.0201001167297363,3.0201001167297363,3.0201001167297363,3.0201001167297363,2510
2026-06-16 16:00:00+00:00,3.0199999809265137,3.026099920272827,3.0199999809265137,3.0199999809265137,128439
2026-06-16 16:01:00+00:00,3.009999990463257,3.009999990463257,3.005000114440918,3.0099000930786133,0
2026-06-16 16:02:00+00:00,3.005000114440918,3.0100998878479004,3.005000114440918,3.0100998878479004,173355
2026-06-16 16:04:00+00:00,3.0099000930786133,3.0099000930786133,3.0099000930786133,3.0099000930786133,5000
2026-06-16 16:05:00+00:00,3.0,3.0000998973846436,3.0,3.0000998973846436,4881
2026-06-16 16:06:00+00:00,3.005000114440918,3.0099000930786133,3.0,3.0099000930786133,141396
2026-06-16 16:07:00+00:00,3.0099000930786133,3.0099000930786133,3.0099000930786133,3.0099000930786133,945
2026-06-16 16:08:00+00:00,3.0099000930786133,3.0099000930786133,3.0099000930786133,3.0099000930786133,2546
2026-06-16 16:09:00+00:00,3.0000998973846436,3.0000998973846436,3.0000998973846436,3.0000998973846436,2000
2026-06-16 16:10:00+00:00,3.0,3.005000114440918,3.0,3.005000114440918,2508
2026-06-16 16:11:00+00:00,3.005000114440918,3.005000114440918,3.005000114440918,3.005000114440918,6098
2026-06-16 16:12:00+00:00,3.0099000930786133,3.0099000930786133,3.0,3.0,6451
2026-06-16 16:13:00+00:00,3.000200033187866,3.000200033187866,3.0000998973846436,3.0000998973846436,5000
2026-06-16 16:14:00+00:00,3.009999990463257,3.009999990463257,3.009999990463257,3.009999990463257,0
2026-06-16 16:15:00+00:00,3.005000114440918,3.0099000930786133,3.005000114440918,3.0099000930786133,2440
2026-06-16 16:16:00+00:00,3.0099000930786133,3.009999990463257,3.009299993515014,3.0099000930786133,60968
2026-06-16 16:17:00+00:00,3.005000114440918,3.010499954223633,3.005000114440918,3.009999990463257,145604
2026-06-16 16:18:00+00:00,3.015000104904175,3.015000104904175,3.0100998878479004,3.015000104904175,12352
2026-06-16 16:19:00+00:00,3.0100998878479004,3.010200023651123,3.009999990463257,3.009999990463257,145562
2026-06-16 16:20:00+00:00,3.0,3.0099000930786133,3.0,3.006500005722046,27406
2026-06-16 16:21:00+00:00,3.0000998973846436,3.001800060272217,3.0000998973846436,3.001800060272217,3000
2026-06-16 16:23:00+00:00,3.0000998973846436,3.005000114440918,3.0,3.0,20852
2026-06-16 16:24:00+00:00,3.009999990463257,3.009999990463257,3.009999990463257,3.009999990463257,80548
2026-06-16 16:25:00+00:00,3.009999990463257,3.009999990463257,3.009999990463257,3.009999990463257,5700
2026-06-16 16:28:00+00:00,3.0099000930786133,3.0099000930786133,3.0099000930786133,3.0099000930786133,0
2026-06-16 16:30:00+00:00,3.009999990463257,3.01990008354187,3.005000114440918,3.01990008354187,154970
2026-06-16 16:31:00+00:00,3.015000104904175,3.029900074005127,3.015000104904175,3.029900074005127,107912
2026-06-16 16:33:00+00:00,3.029900074005127,3.029900074005127,3.0208001136779785,3.0208001136779785,0
2026-06-16 16:35:00+00:00,3.029900074005127,3.0350000858306885,3.0297000408172607,3.0299999713897705,319749
2026-06-16 16:38:00+00:00,3.038000106811523,3.038000106811523,3.038000106811523,3.038000106811523,500
2026-06-16 16:39:00+00:00,3.039900064468384,3.039900064468384,3.0350000858306885,3.0350000858306885,8880
2026-06-16 16:40:00+00:00,3.030100107192993,3.0350000858306885,3.030100107192993,3.030100107192993,6425
2026-06-16 16:41:00+00:00,3.0399999618530273,3.0399999618530273,3.0199999809265137,3.0250000953674316,278879
2026-06-16 16:42:00+00:00,3.0299999713897705,3.0299999713897705,3.0299999713897705,3.0299999713897705,0
2026-06-16 16:45:00+00:00,3.0199999809265137,3.0199999809265137,3.0199999809265137,3.0199999809265137,0
2026-06-16 16:47:00+00:00,3.0299999713897705,3.0299999713897705,3.0299999713897705,3.0299999713897705,1823
2026-06-16 16:49:00+00:00,3.0201001167297363,3.0250000953674316,3.0201001167297363,3.0250000953674316,2196
2026-06-16 16:50:00+00:00,3.0250000953674316,3.0250000953674316,3.0250000953674316,3.0250000953674316,0
2026-06-16 16:51:00+00:00,3.0201001167297363,3.0201001167297363,3.0201001167297363,3.0201001167297363,21255
2026-06-16 16:52:00+00:00,3.0250000953674316,3.0250000953674316,3.0250000953674316,3.0250000953674316,3060
2026-06-16 16:54:00+00:00,3.0201001167297363,3.0250000953674316,3.0201001167297363,3.0250000953674316,500
2026-06-16 16:56:00+00:00,3.0299999713897705,3.0299999713897705,3.0299999713897705,3.0299999713897705,4240
2026-06-16 16:59:00+00:00,3.0199999809265137,3.0199999809265137,3.009999990463257,3.009999990463257,26445
2026-06-16 17:02:00+00:00,3.0199999809265137,3.0199999809265137,3.015000104904175,3.01990008354187,75168
2026-06-16 17:03:00+00:00,3.01990008354187,3.0199999809265137,3.0164999961853027,3.0199999809265137,64674
2026-06-16 17:05:00+00:00,3.0197999477386475,3.0199999809265137,3.0197999477386475,3.01990008354187,85600
2026-06-16 17:06:00+00:00,3.0201001167297363,3.0250000953674316,3.0201001167297363,3.0250000953674316,27352
2026-06-16 17:07:00+00:00,3.0250000953674316,3.0250000953674316,3.0201001167297363,3.021699905395508,1000
2026-06-16 17:08:00+00:00,3.0250000953674316,3.0250000953674316,3.0250000953674316,3.0250000953674316,502
2026-06-16 17:12:00+00:00,3.0199999809265137,3.0250000953674316,3.0199999809265137,3.0199999809265137,187111
2026-06-16 17:13:00+00:00,3.0199999809265137,3.0199999809265137,3.009999990463257,3.015000104904175,65837
2026-06-16 17:15:00+00:00,3.015000104904175,3.0199999809265137,3.015000104904175,3.01990008354187,96962
2026-06-16 17:16:00+00:00,3.0201001167297363,3.0250000953674316,3.0199999809265137,3.0201001167297363,129109
2026-06-16 17:17:00+00:00,3.0199999809265137,3.0199999809265137,3.0199999809265137,3.0199999809265137,8948
2026-06-16 17:18:00+00:00,3.015000104904175,3.015000104904175,3.015000104904175,3.015000104904175,0
2026-06-16 17:19:00+00:00,3.01990008354187,3.0201001167297363,3.015000104904175,3.0199999809265137,184187
2026-06-16 17:20:00+00:00,3.0250000953674316,3.0250000953674316,3.0250000953674316,3.0250000953674316,200
2026-06-16 17:21:00+00:00,3.0250000953674316,3.0250000953674316,3.0250000953674316,3.0250000953674316,576
2026-06-16 17:22:00+00:00,3.0250000953674316,3.0299999713897705,3.0250000953674316,3.0299999713897705,4719
2026-06-16 17:30:00+00:00,3.0250000953674316,3.0250000953674316,3.0250000953674316,3.0250000953674316,849
2026-06-16 17:31:00+00:00,3.0250000953674316,3.0250000953674316,3.0250000953674316,3.0250000953674316,34
2026-06-16 17:34:00+00:00,3.0250000953674316,3.0250000953674316,3.0199999809265137,3.0201001167297363,66227
2026-06-16 17:36:00+00:00,3.0250000953674316,3.0297999382019043,3.0250000953674316,3.0250000953674316,1320
2026-06-16 17:37:00+00:00,3.0299999713897705,3.0299999713897705,3.0297999382019043,3.0297999382019043,52747
2026-06-16 17:38:00+00:00,3.028599977493286,3.0299999713897705,3.0264999866485596,3.0299999713897705,126873
2026-06-16 17:39:00+00:00,3.0299999713897705,3.0399999618530273,3.0264999866485596,3.0399999618530273,195373
2026-06-16 17:41:00+00:00,3.030100107192993,3.0350000858306885,3.0299999713897705,3.0299999713897705,59015
2026-06-16 17:42:00+00:00,3.0299999713897705,3.0399999618530273,3.0199999809265137,3.0199999809265137,165084
2026-06-16 17:44:00+00:00,3.021899938583374,3.0299999713897705,3.021899938583374,3.0299999713897705,28290
2026-06-16 17:49:00+00:00,3.0199999809265137,3.020299911499023,3.0199999809265137,3.0201001167297363,31089
2026-06-16 17:50:00+00:00,3.0199999809265137,3.0199999809265137,3.009999990463257,3.01990008354187,25041
2026-06-16 17:51:00+00:00,3.015000104904175,3.015000104904175,3.015000104904175,3.015000104904175,2380
2026-06-16 17:56:00+00:00,3.015000104904175,3.015000104904175,3.015000104904175,3.015000104904175,301
2026-06-16 17:59:00+00:00,3.01990008354187,3.0199999809265137,3.01200008392334,3.01200008392334,117341
2026-06-16 18:00:00+00:00,3.01990008354187,3.0250000953674316,3.01990008354187,3.0201001167297363,53441
2026-06-16 18:04:00+00:00,3.0201001167297363,3.0201001167297363,3.0201001167297363,3.0201001167297363,34750
2026-06-16 18:07:00+00:00,3.0250000953674316,3.0250000953674316,3.0250000953674316,3.0250000953674316,1000
2026-06-16 18:08:00+00:00,3.0199999809265137,3.0299999713897705,3.0199999809265137,3.0299999713897705,16131
2026-06-16 18:09:00+00:00,3.0201001167297363,3.0201001167297363,3.0201001167297363,3.0201001167297363,7898
2026-06-16 18:10:00+00:00,3.0285000801086426,3.0285000801086426,3.0199999809265137,3.0201001167297363,46242
2026-06-16 18:11:00+00:00,3.0250000953674316,3.0250000953674316,3.0250000953674316,3.0250000953674316,592
2026-06-16 18:15:00+00:00,3.0250000953674316,3.0299999713897705,3.0250000953674316,3.0299999713897705,48743
2026-06-16 18:16:00+00:00,3.039799928665161,3.039799928665161,3.039799928665161,3.039799928665161,33526
2026-06-16 18:18:00+00:00,3.0350000858306885,3.0350000858306885,3.0350000858306885,3.0350000858306885,725
2026-06-16 18:19:00+00:00,3.0299999713897705,3.0299999713897705,3.0299999713897705,3.0299999713897705,16400
2026-06-16 18:20:00+00:00,3.038300037384033,3.038300037384033,3.038300037384033,3.038300037384033,150
2026-06-16 18:23:00+00:00,3.0381999015808105,3.0381999015808105,3.0381999015808105,3.0381999015808105,1000
2026-06-16 18:25:00+00:00,3.039900064468384,3.039900064468384,3.039900064468384,3.039900064468384,1900
2026-06-16 18:26:00+00:00,3.0299999713897705,3.030100107192993,3.0199999809265137,3.0199999809265137,72893
2026-06-16 18:27:00+00:00,3.021899938583374,3.0299999713897705,3.021899938583374,3.0299999713897705,57200
2026-06-16 18:28:00+00:00,3.028599977493286,3.0299999713897705,3.0250000953674316,3.0299999713897705,147275
2026-06-16 18:29:00+00:00,3.030100107192993,3.0334999561309814,3.030100107192993,3.030100107192993,20510
2026-06-16 18:30:00+00:00,3.0374999046325684,3.0374999046325684,3.0374999046325684,3.0374999046325684,244
2026-06-16 18:33:00+00:00,3.0399999618530273,3.0399999618530273,3.0390000343322754,3.0390000343322754,8386
2026-06-16 18:34:00+00:00,3.0299999713897705,3.0381999015808105,3.0299999713897705,3.0381999015808105,160838
2026-06-16 18:35:00+00:00,3.0399999618530273,3.049999952316284,3.0350000858306885,3.04010009765625,59211
2026-06-16 18:37:00+00:00,3.0450000762939453,3.0450000762939453,3.0450000762939453,3.0450000762939453,4256
2026-06-16 18:38:00+00:00,3.0450000762939453,3.0450000762939453,3.0450000762939453,3.0450000762939453,0
2026-06-16 18:39:00+00:00,3.0399999618530273,3.0399999618530273,3.0399999618530273,3.0399999618530273,23321
2026-06-16 18:40:00+00:00,3.0450000762939453,3.0450000762939453,3.0399999618530273,3.04010009765625,164924
2026-06-16 18:44:00+00:00,3.0399999618530273,3.0399999618530273,3.0399999618530273,3.0399999618530273,7451
2026-06-16 18:49:00+00:00,3.0450000762939453,3.0450000762939453,3.0450000762939453,3.0450000762939453,12704
2026-06-16 18:52:00+00:00,3.0401999950408936,3.0450000762939453,3.0401999950408936,3.0450000762939453,360
2026-06-16 18:57:00+00:00,3.0499000549316406,3.049999952316284,3.0499000549316406,3.0499000549316406,28512
2026-06-16 18:58:00+00:00,3.0464999675750732,3.0499000549316406,3.0450000762939453,3.0499000549316406,30380
2026-06-16 18:59:00+00:00,3.0399999618530273,3.0399999618530273,3.0399999618530273,3.0399999618530273,0
2026-06-16 19:00:00+00:00,3.0450000762939453,3.0450000762939453,3.040299892425537,3.040299892425537,6800
2026-06-16 19:01:00+00:00,3.0450000762939453,3.0450000762939453,3.04010009765625,3.040299892425537,4006
2026-06-16 19:03:00+00:00,3.0399999618530273,3.0450000762939453,3.0399999618530273,3.0399999618530273,83967
2026-06-16 19:04:00+00:00,3.0350000858306885,3.038100004196167,3.0299999713897705,3.0299999713897705,3640
2026-06-16 19:05:00+00:00,3.0299999713897705,3.0350000858306885,3.0199999809265137,3.030100107192993,104601
2026-06-16 19:06:00+00:00,3.0350000858306885,3.0350000858306885,3.030100107192993,3.030100107192993,6000
2026-06-16 19:07:00+00:00,3.0350000858306885,3.0350000858306885,3.0201001167297363,3.0250000953674316,76549
2026-06-16 19:08:00+00:00,3.029900074005127,3.0299999713897705,3.029900074005127,3.029900074005127,85391
2026-06-16 19:09:00+00:00,3.039900064468384,3.0399999618530273,3.039900064468384,3.039900064468384,24496
2026-06-16 19:10:00+00:00,3.0397000312805176,3.04010009765625,3.0397000312805176,3.04010009765625,51850
2026-06-16 19:11:00+00:00,3.049999952316284,3.049999952316284,3.0450000762939453,3.049999952316284,60902
2026-06-16 19:12:00+00:00,3.049999952316284,3.055000066757202,3.0499000549316406,3.055000066757202,41938
2026-06-16 19:13:00+00:00,3.0515999794006348,3.059999942779541,3.0515999794006348,3.059999942779541,5524
2026-06-16 19:15:00+00:00,3.0599000453948975,3.059999942779541,3.0599000453948975,3.059999942779541,71271
2026-06-16 19:16:00+00:00,3.0615999698638916,3.0699000358581543,3.0615999698638916,3.069700002670288,4970
2026-06-16 19:17:00+00:00,3.059999942779541,3.0697999000549316,3.059999942779541,3.0617001056671143,10804
2026-06-16 19:18:00+00:00,3.059999942779541,3.065000057220459,3.059999942779541,3.065000057220459,6010
2026-06-16 19:19:00+00:00,3.065000057220459,3.065000057220459,3.049999952316284,3.049999952316284,194888
2026-06-16 19:20:00+00:00,3.055000066757202,3.055000066757202,3.0501999855041504,3.0501999855041504,21003
2026-06-16 19:21:00+00:00,3.055000066757202,3.055000066757202,3.055000066757202,3.055000066757202,105
2026-06-16 19:23:00+00:00,3.0580999851226807,3.0580999851226807,3.0580999851226807,3.0580999851226807,300
2026-06-16 19:24:00+00:00,3.049999952316284,3.050100088119507,3.049999952316284,3.050100088119507,36624
2026-06-16 19:26:00+00:00,3.0499000549316406,3.0499000549316406,3.0450000762939453,3.0450000762939453,37216
2026-06-16 19:27:00+00:00,3.0483999252319336,3.0483999252319336,3.0483999252319336,3.0483999252319336,3624
2026-06-16 19:29:00+00:00,3.0399999618530273,3.0401999950408936,3.0399999618530273,3.04010009765625,11000
2026-06-16 19:30:00+00:00,3.04010009765625,3.049999952316284,3.0302999019622803,3.0302999019622803,23243
2026-06-16 19:31:00+00:00,3.0399999618530273,3.0399999618530273,3.0299999713897705,3.0299999713897705,7681
2026-06-16 19:32:00+00:00,3.0399999618530273,3.0399999618530273,3.039900064468384,3.039900064468384,24324
2026-06-16 19:33:00+00:00,3.0350000858306885,3.0350000858306885,3.0350000858306885,3.0350000858306885,2369
2026-06-16 19:34:00+00:00,3.039900064468384,3.0399999618530273,3.039900064468384,3.0399999618530273,72439
2026-06-16 19:35:00+00:00,3.049999952316284,3.055000066757202,3.049799919128418,3.049999952316284,27924
2026-06-16 19:36:00+00:00,3.050100088119507,3.058199882507324,3.049999952316284,3.050100088119507,7700
2026-06-16 19:37:00+00:00,3.055000066757202,3.055000066757202,3.055000066757202,3.055000066757202,9700
2026-06-16 19:38:00+00:00,3.052000045776367,3.0596001148223877,3.052000045776367,3.058799982070923,0
2026-06-16 19:39:00+00:00,3.050100088119507,3.059999942779541,3.050100088119507,3.059999942779541,533
2026-06-16 19:41:00+00:00,3.059999942779541,3.059999942779541,3.059999942779541,3.059999942779541,33678
2026-06-16 19:42:00+00:00,3.0615999698638916,3.069999933242798,3.0615999698638916,3.065000057220459,13259
2026-06-16 19:43:00+00:00,3.0601000785827637,3.0680999755859375,3.059999942779541,3.059999942779541,15138
2026-06-16 19:44:00+00:00,3.059999942779541,3.065000057220459,3.059999942779541,3.059999942779541,90531
2026-06-16 19:45:00+00:00,3.059999942779541,3.065000057220459,3.055000066757202,3.065000057220459,89551
2026-06-16 19:46:00+00:00,3.065000057220459,3.069999933242798,3.0601000785827637,3.065500020980835,30996
2026-06-16 19:47:00+00:00,3.065000057220459,3.0699000358581543,3.065000057220459,3.065000057220459,1301
2026-06-16 19:48:00+00:00,3.0699000358581543,3.0699000358581543,3.0699000358581543,3.0699000358581543,600
2026-06-16 19:49:00+00:00,3.0699000358581543,3.0699000358581543,3.0699000358581543,3.0699000358581543,8741
2026-06-16 19:50:00+00:00,3.065000057220459,3.069999933242798,3.065000057220459,3.069999933242798,35120
2026-06-16 19:51:00+00:00,3.065000057220459,3.065000057220459,3.065000057220459,3.065000057220459,0
2026-06-16 19:52:00+00:00,3.0699000358581543,3.075000047683716,3.0699000358581543,3.075000047683716,13908
2026-06-16 19:53:00+00:00,3.070199966430664,3.075000047683716,3.0701000690460205,3.075000047683716,19577
2026-06-16 19:54:00+00:00,3.069999933242798,3.0701000690460205,3.069999933242798,3.069999933242798,40797
2026-06-16 19:55:00+00:00,3.069999933242798,3.0899999141693115,3.069999933242798,3.0850000381469727,276410
2026-06-16 19:56:00+00:00,3.0850000381469727,3.0850000381469727,3.0799999237060547,3.0799999237060547,299125
2026-06-16 19:57:00+00:00,3.0799999237060547,3.0834999084472656,3.0799999237060547,3.0834999084472656,115959
2026-06-16 19:58:00+00:00,3.0899999141693115,3.0899999141693115,3.0850000381469727,3.0850000381469727,6348
2026-06-16 19:59:00+00:00,3.0801000595092773,3.0801000595092773,3.0801000595092773,3.0801000595092773,0
2026-06-16 20:00:00+00:00,3.09,3.09,3.085,3.085,0
2026-06-16 20:01:00+00:00,3.1,3.1,3.1,3.1,0
2026-06-16 20:02:00+00:00,3.11,3.11,3.0906,3.0906,0
2026-06-16 20:03:00+00:00,3.1,3.1,3.09,3.09,0
2026-06-16 20:04:00+00:00,3.085,3.0999,3.085,3.085,0
2026-06-16 20:05:00+00:00,3.09,3.09,3.09,3.09,0
2026-06-16 20:07:00+00:00,3.1,3.1,3.1,3.1,0
2026-06-16 20:09:00+00:00,3.1,3.1,3.0997,3.0997,0
2026-06-16 20:10:00+00:00,3.085,3.092,3.085,3.092,0
2026-06-16 20:11:00+00:00,3.0901,3.0903,3.0901,3.0903,0
2026-06-16 20:13:00+00:00,3.09,3.09,3.09,3.09,0
2026-06-16 20:16:00+00:00,3.0997,3.0997,3.0997,3.0997,0
2026-06-16 20:18:00+00:00,3.105,3.105,3.105,3.105,0
2026-06-16 20:21:00+00:00,3.1097,3.1097,3.1097,3.1097,0
2026-06-16 20:22:00+00:00,3.1,3.11,3.1,3.11,0
2026-06-16 20:23:00+00:00,3.11,3.11,3.1,3.1001,0
2026-06-16 20:24:00+00:00,3.1013,3.1013,3.1,3.1,0
2026-06-16 20:26:00+00:00,3.1098,3.1098,3.1,3.1,0
2026-06-16 20:27:00+00:00,3.1013,3.1013,3.1013,3.1013,0
2026-06-16 20:30:00+00:00,3.1,3.11,3.1,3.11,0
2026-06-16 20:31:00+00:00,3.11,3.11,3.1,3.1003,0
2026-06-16 20:33:00+00:00,3.1,3.1,3.1,3.1,0
2026-06-16 20:36:00+00:00,3.11,3.11,3.1,3.1,0
2026-06-16 20:37:00+00:00,3.1,3.1,3.1,3.1,0
2026-06-16 20:39:00+00:00,3.1,3.1,3.1,3.1,0
2026-06-16 20:48:00+00:00,3.1,3.1,3.1,3.1,0
2026-06-16 20:52:00+00:00,3.0903,3.0903,3.0903,3.0903,0
2026-06-16 20:54:00+00:00,3.1,3.1,3.1,3.1,0
2026-06-16 20:56:00+00:00,3.0903,3.0903,3.0903,3.0903,0
2026-06-16 20:59:00+00:00,3.1,3.1,3.1,3.1,0
2026-06-16 21:01:00+00:00,3.09,3.09,3.09,3.09,0
2026-06-16 21:08:00+00:00,3.08,3.08,3.08,3.08,0
2026-06-16 21:12:00+00:00,3.08,3.08,3.08,3.08,0
2026-06-16 21:13:00+00:00,3.0797,3.0797,3.0797,3.0797,0
2026-06-16 21:14:00+00:00,3.0713,3.0713,3.0713,3.0713,0
2026-06-16 21:20:00+00:00,3.08,3.08,3.08,3.08,0
2026-06-16 21:21:00+00:00,3.07,3.07,3.07,3.07,0
2026-06-16 21:26:00+00:00,3.07,3.07,3.07,3.07,0
2026-06-16 21:27:00+00:00,3.07,3.07,3.07,3.07,0
2026-06-16 21:33:00+00:00,3.07,3.07,3.07,3.07,0
2026-06-16 21:38:00+00:00,3.07,3.07,3.07,3.07,0
2026-06-16 21:43:00+00:00,3.01,3.01,3.01,3.01,0
2026-06-16 21:46:00+00:00,3.07,3.07,3.07,3.07,0
2026-06-16 22:00:00+00:00,3.07,3.07,3.07,3.07,0
2026-06-16 22:04:00+00:00,3.06,3.06,3.06,3.06,0
2026-06-16 22:06:00+00:00,3.0702,3.0702,3.0702,3.0702,0
2026-06-16 22:23:00+00:00,3.06,3.06,3.06,3.06,0
2026-06-16 22:43:00+00:00,3.0511,3.0511,3.0511,3.0511,0
2026-06-16 22:54:00+00:00,3.0511,3.0511,3.0511,3.0511,0
2026-06-16 22:57:00+00:00,3.06,3.06,3.06,3.06,0
2026-06-16 23:10:00+00:00,3.0599,3.06,3.0599,3.06,0
2026-06-16 23:16:00+00:00,3.0611,3.0611,3.0611,3.0611,0
2026-06-16 23:17:00+00:00,3.06,3.06,3.06,3.06,0
2026-06-16 23:21:00+00:00,3.07,3.07,3.07,3.07,0
2026-06-16 23:32:00+00:00,3.07,3.07,3.07,3.07,0
2026-06-16 23:45:00+00:00,3.072,3.072,3.072,3.072,0
2026-06-16 23:50:00+00:00,3.0713,3.0713,3.0713,3.0713,0
2026-06-16 23:53:00+00:00,3.08,3.08,3.0799,3.0799,0
2026-06-17 08:00:00+00:00,3.02,3.02,3.0,3.01,0
2026-06-17 08:01:00+00:00,3.0,3.02,3.0,3.02,0
2026-06-17 08:17:00+00:00,2.98,2.98,2.98,2.98,0
2026-06-17 08:22:00+00:00,2.9804,2.9804,2.9804,2.9804,0
2026-06-17 08:29:00+00:00,2.99,2.99,2.99,2.99,0
2026-06-17 08:55:00+00:00,3.01,3.01,3.01,3.01,0
2026-06-17 08:57:00+00:00,3.0,3.0,3.0,3.0,0
2026-06-17 08:58:00+00:00,2.995,2.995,2.995,2.995,0
2026-06-17 09:55:00+00:00,3.01,3.01,3.01,3.01,0
2026-06-17 10:12:00+00:00,3.0108,3.0108,3.01,3.01,0
2026-06-17 11:00:00+00:00,3.01,3.01,3.01,3.01,0
2026-06-17 11:06:00+00:00,3.0113,3.0113,3.0113,3.0113,0
2026-06-17 11:07:00+00:00,3.0103,3.0103,3.0103,3.0103,0
2026-06-17 11:19:00+00:00,3.01,3.01,3.01,3.01,0
2026-06-17 11:20:00+00:00,3.0,3.0,3.0,3.0,0
2026-06-17 11:26:00+00:00,3.0,3.0,3.0,3.0,0
2026-06-17 11:29:00+00:00,3.01,3.01,3.01,3.01,0
2026-06-17 11:35:00+00:00,3.0113,3.0113,3.0113,3.0113,0
2026-06-17 11:36:00+00:00,3.02,3.02,3.02,3.02,0
2026-06-17 11:37:00+00:00,3.01,3.01,3.01,3.01,0
2026-06-17 11:42:00+00:00,3.01,3.01,3.01,3.01,0
2026-06-17 11:45:00+00:00,3.02,3.02,3.02,3.02,0
2026-06-17 11:50:00+00:00,3.02,3.02,3.0199,3.0199,0
2026-06-17 11:53:00+00:00,3.0187,3.0187,3.0187,3.0187,0
2026-06-17 11:54:00+00:00,3.0187,3.0187,3.0187,3.0187,0
2026-06-17 11:56:00+00:00,3.0298,3.0299,3.0298,3.0299,0
2026-06-17 12:01:00+00:00,3.03,3.03,3.03,3.03,0
2026-06-17 12:02:00+00:00,3.03,3.03,3.03,3.03,0
2026-06-17 12:03:00+00:00,3.0198,3.0198,3.0198,3.0198,0
2026-06-17 12:07:00+00:00,3.02,3.02,3.02,3.02,0
2026-06-17 12:09:00+00:00,3.02,3.02,3.02,3.02,0
2026-06-17 12:11:00+00:00,3.0103,3.0103,3.0103,3.0103,0
2026-06-17 12:12:00+00:00,3.0101,3.0101,3.0101,3.0101,0
2026-06-17 12:19:00+00:00,3.02,3.02,3.02,3.02,0
2026-06-17 12:21:00+00:00,3.01,3.01,3.01,3.01,0
2026-06-17 12:27:00+00:00,3.0097,3.0097,3.0097,3.0097,0
2026-06-17 12:28:00+00:00,3.01,3.01,3.01,3.01,0
2026-06-17 12:32:00+00:00,3.0087,3.0087,3.0087,3.0087,0
2026-06-17 12:38:00+00:00,3.0005,3.0005,3.0005,3.0005,0
2026-06-17 12:40:00+00:00,3.0103,3.0103,3.0103,3.0103,0
2026-06-17 12:55:00+00:00,3.0021,3.0021,3.0021,3.0021,0
2026-06-17 13:00:00+00:00,3.01,3.01,3.01,3.01,0
2026-06-17 13:04:00+00:00,3.01,3.01,3.01,3.01,0
2026-06-17 13:16:00+00:00,3.0101,3.0101,3.0101,3.0101,0
2026-06-17 13:17:00+00:00,3.01,3.01,3.01,3.01,0
2026-06-17 13:25:00+00:00,3.0,3.0,2.9998,2.9998,0
2026-06-17 13:26:00+00:00,2.99,2.99,2.99,2.99,0
2026-06-17 13:27:00+00:00,2.99,2.99,2.98,2.98,0
2026-06-17 13:28:00+00:00,2.97,2.97,2.96,2.96,0
2026-06-17 13:30:00+00:00,2.9600000381469727,2.984999895095825,2.9600000381469727,2.9809999465942383,645013
2026-06-17 13:31:00+00:00,3.0,3.0299999713897705,3.0,3.0299999713897705,20797
2026-06-17 13:32:00+00:00,3.0350000858306885,3.049999952316284,3.030100107192993,3.0399999618530273,52258
2026-06-17 13:33:00+00:00,3.0350000858306885,3.0499000549316406,3.0350000858306885,3.0499000549316406,10732
2026-06-17 13:34:00+00:00,3.0599000453948975,3.059999942779541,3.049999952316284,3.059999942779541,11947
2026-06-17 13:35:00+00:00,3.059999942779541,3.069999933242798,3.0599000453948975,3.065000057220459,37583
2026-06-17 13:36:00+00:00,3.065000057220459,3.065000057220459,3.0517001152038574,3.059999942779541,112807
2026-06-17 13:37:00+00:00,3.059999942779541,3.069999933242798,3.055000066757202,3.069999933242798,13753
2026-06-17 13:38:00+00:00,3.069999933242798,3.0799999237060547,3.059999942779541,3.0799999237060547,29239
2026-06-17 13:39:00+00:00,3.0799999237060547,3.0799999237060547,3.059999942779541,3.0701000690460205,98659
2026-06-17 13:40:00+00:00,3.069999933242798,3.069999933242798,3.059999942779541,3.059999942779541,82999
2026-06-17 13:41:00+00:00,3.049999952316284,3.050100088119507,3.0350000858306885,3.039900064468384,92818
2026-06-17 13:42:00+00:00,3.0397000312805176,3.0450000762939453,3.0397000312805176,3.04010009765625,96717
2026-06-17 13:43:00+00:00,3.0350000858306885,3.039900064468384,3.0199999809265137,3.0199999809265137,151891
2026-06-17 13:44:00+00:00,3.0201001167297363,3.0201001167297363,3.01200008392334,3.01990008354187,152153
2026-06-17 13:45:00+00:00,3.01990008354187,3.0201001167297363,3.0100998878479004,3.0201001167297363,135115
2026-06-17 13:46:00+00:00,3.0201001167297363,3.0209999084472656,3.01990008354187,3.01990008354187,122800
2026-06-17 13:47:00+00:00,3.015000104904175,3.0350000858306885,3.015000104904175,3.0350000858306885,126203
2026-06-17 13:48:00+00:00,3.0350000858306885,3.0399999618530273,3.030100107192993,3.0350000858306885,73102
2026-06-17 13:49:00+00:00,3.0497000217437744,3.0499000549316406,3.048500061035156,3.0499000549316406,24402
2026-06-17 13:50:00+00:00,3.0464999675750732,3.059999942779541,3.0450000762939453,3.050100088119507,36459
2026-06-17 13:51:00+00:00,3.055000066757202,3.055000066757202,3.0399999618530273,3.0450000762939453,56647
2026-06-17 13:52:00+00:00,3.0499000549316406,3.059999942779541,3.0499000549316406,3.051800012588501,56723
2026-06-17 13:53:00+00:00,3.049999952316284,3.055000066757202,3.0399999618530273,3.055000066757202,52658
2026-06-17 13:54:00+00:00,3.055000066757202,3.055000066757202,3.0399999618530273,3.0499000549316406,63955
2026-06-17 13:55:00+00:00,3.0599000453948975,3.0678999423980713,3.0597000122070312,3.065000057220459,100916
2026-06-17 13:56:00+00:00,3.061899900436402,3.0782999992370605,3.061899900436402,3.0780999660491943,108918
2026-06-17 13:57:00+00:00,3.079900026321411,3.0950000286102295,3.0789999961853027,3.0950000286102295,242474
2026-06-17 13:58:00+00:00,3.0950000286102295,3.0950000286102295,3.069999933242798,3.075000047683716,185462
2026-06-17 13:59:00+00:00,3.079900026321411,3.0850000381469727,3.069999933242798,3.0801000595092773,121237
2026-06-17 14:00:00+00:00,3.088799953460694,3.088799953460694,3.069999933242798,3.075000047683716,168337
2026-06-17 14:01:00+00:00,3.0701000690460205,3.079900026321411,3.069999933242798,3.069999933242798,74437
2026-06-17 14:02:00+00:00,3.075000047683716,3.089900016784668,3.069999933242798,3.069999933242798,284500
2026-06-17 14:03:00+00:00,3.075000047683716,3.079900026321411,3.0699000358581543,3.0699000358581543,216939
2026-06-17 14:04:00+00:00,3.059999942779541,3.069999933242798,3.059999942779541,3.069999933242798,32200
2026-06-17 14:05:00+00:00,3.0699000358581543,3.0699000358581543,3.0683000087738037,3.0699000358581543,22600
2026-06-17 14:06:00+00:00,3.0699000358581543,3.069999933242798,3.065000057220459,3.069999933242798,31423
2026-06-17 14:07:00+00:00,3.0699000358581543,3.0699000358581543,3.059999942779541,3.0601000785827637,197011
2026-06-17 14:08:00+00:00,3.059999942779541,3.065000057220459,3.049999952316284,3.065000057220459,143256
2026-06-17 14:09:00+00:00,3.069999933242798,3.0701000690460205,3.069999933242798,3.0701000690460205,71528
2026-06-17 14:10:00+00:00,3.065000057220459,3.0699000358581543,3.065000057220459,3.0699000358581543,77574
2026-06-17 14:11:00+00:00,3.065000057220459,3.065000057220459,3.0601000785827637,3.065000057220459,14158
2026-06-17 14:12:00+00:00,3.065000057220459,3.065000057220459,3.0399999618530273,3.0450000762939453,83710
2026-06-17 14:13:00+00:00,3.049999952316284,3.049999952316284,3.0420000553131104,3.0499000549316406,61010
2026-06-17 14:14:00+00:00,3.0450000762939453,3.0450000762939453,3.04010009765625,3.0450000762939453,14542
2026-06-17 14:15:00+00:00,3.0450000762939453,3.0499000549316406,3.04010009765625,3.0450000762939453,5613
2026-06-17 14:16:00+00:00,3.0450000762939453,3.0499000549316406,3.0399999618530273,3.0399999618530273,65644
2026-06-17 14:17:00+00:00,3.0350000858306885,3.0350000858306885,3.0299999713897705,3.0299999713897705,38113
2026-06-17 14:18:00+00:00,3.0350000858306885,3.0350000858306885,3.0350000858306885,3.0350000858306885,18523
2026-06-17 14:19:00+00:00,3.039900064468384,3.039900064468384,3.0350000858306885,3.0350000858306885,10992
2026-06-17 14:20:00+00:00,3.0350000858306885,3.0350000858306885,3.030100107192993,3.0350000858306885,50216
2026-06-17 14:21:00+00:00,3.0350000858306885,3.0350000858306885,3.0350000858306885,3.0350000858306885,6035
2026-06-17 14:22:00+00:00,3.0350000858306885,3.0350000858306885,3.0250000953674316,3.0250000953674316,44114
2026-06-17 14:23:00+00:00,3.0199999809265137,3.0201001167297363,3.0,3.015000104904175,143688
2026-06-17 14:24:00+00:00,3.009999990463257,3.009999990463257,3.009999990463257,3.009999990463257,641
2026-06-17 14:25:00+00:00,3.0113000869750977,3.0113000869750977,3.009999990463257,3.009999990463257,22899
2026-06-17 14:26:00+00:00,3.009999990463257,3.0100998878479004,3.0,3.0,211120
2026-06-17 14:27:00+00:00,3.009999990463257,3.015000104904175,3.0099000930786133,3.009999990463257,71752
2026-06-17 14:28:00+00:00,3.0100998878479004,3.0100998878479004,3.0,3.0099000930786133,182466
2026-06-17 14:29:00+00:00,3.0,3.0081000328063965,3.0,3.0081000328063965,14454
2026-06-17 14:30:00+00:00,3.0099000930786133,3.0199999809265137,3.005000114440918,3.015000104904175,118595
2026-06-17 14:31:00+00:00,3.0100998878479004,3.0100998878479004,3.0100998878479004,3.0100998878479004,11216
2026-06-17 14:32:00+00:00,3.0199999809265137,3.0199999809265137,3.0100998878479004,3.0100998878479004,33558
2026-06-17 14:34:00+00:00,3.009999990463257,3.0176000595092773,3.0,3.0,233928
2026-06-17 14:35:00+00:00,3.0,3.005000114440918,2.990000009536743,3.005000114440918,155822
2026-06-17 14:36:00+00:00,3.0099000930786133,3.01990008354187,3.0099000930786133,3.01990008354187,151172
2026-06-17 14:37:00+00:00,3.009999990463257,3.0100998878479004,3.009999990463257,3.0100998878479004,27810
2026-06-17 14:38:00+00:00,3.011899948120117,3.011899948120117,3.011899948120117,3.011899948120117,5864
2026-06-17 14:39:00+00:00,3.015000104904175,3.015000104904175,3.015000104904175,3.015000104904175,9850
2026-06-17 14:40:00+00:00,3.01990008354187,3.01990008354187,3.015000104904175,3.018699884414673,20388
2026-06-17 14:41:00+00:00,3.0199999809265137,3.02020001411438,3.009999990463257,3.015000104904175,101940
2026-06-17 14:42:00+00:00,3.015000104904175,3.015000104904175,3.0100998878479004,3.0100998878479004,17173
2026-06-17 14:43:00+00:00,3.015000104904175,3.01990008354187,3.0,3.005000114440918,49749
2026-06-17 14:44:00+00:00,3.0000998973846436,3.0000998973846436,3.0000998973846436,3.0000998973846436,2638
2026-06-17 14:45:00+00:00,3.005000114440918,3.005000114440918,3.005000114440918,3.005000114440918,28013
2026-06-17 14:47:00+00:00,3.0000998973846436,3.0350000858306885,3.0000998973846436,3.0299999713897705,263434
2026-06-17 14:48:00+00:00,3.0199999809265137,3.0199999809265137,3.015000104904175,3.01990008354187,79954
2026-06-17 14:49:00+00:00,3.0199999809265137,3.0250000953674316,3.009999990463257,3.01990008354187,171637
2026-06-17 14:50:00+00:00,3.01990008354187,3.0199999809265137,3.01990008354187,3.01990008354187,11712
2026-06-17 14:51:00+00:00,3.0100998878479004,3.010200023651123,3.0,3.0,98213
2026-06-17 14:52:00+00:00,3.0,3.0,2.990000009536743,2.990000009536743,25744
2026-06-17 14:53:00+00:00,2.9999001026153564,3.005000114440918,2.999799966812134,3.0002999305725098,126900
2026-06-17 14:54:00+00:00,2.994999885559082,2.994999885559082,2.990000009536743,2.994999885559082,6896
2026-06-17 14:55:00+00:00,2.994999885559082,2.994999885559082,2.994999885559082,2.994999885559082,16502
2026-06-17 14:56:00+00:00,2.9999001026153564,3.0,2.994999885559082,3.0,47682
2026-06-17 14:57:00+00:00,3.009999990463257,3.015000104904175,3.005000114440918,3.0100998878479004,125635
2026-06-17 14:58:00+00:00,3.015000104904175,3.015000104904175,3.015000104904175,3.015000104904175,10520
2026-06-17 14:59:00+00:00,3.0199999809265137,3.0199999809265137,3.0199999809265137,3.0199999809265137,2488
2026-06-17 15:00:00+00:00,3.01990008354187,3.01990008354187,3.01990008354187,3.01990008354187,45060
2026-06-17 15:01:00+00:00,3.0181000232696533,3.0183000564575195,3.0181000232696533,3.0183000564575195,13285
2026-06-17 15:02:00+00:00,3.0100998878479004,3.015000104904175,3.009999990463257,3.0100998878479004,82697
2026-06-17 15:03:00+00:00,3.009999990463257,3.0100998878479004,3.0,3.0,79490
2026-06-17 15:04:00+00:00,3.008699893951416,3.0100998878479004,3.005000114440918,3.0100998878479004,161866
2026-06-17 15:05:00+00:00,3.015000104904175,3.015000104904175,3.009999990463257,3.009999990463257,92756
2026-06-17 15:06:00+00:00,3.005000114440918,3.005000114440918,3.005000114440918,3.005000114440918,48409
2026-06-17 15:07:00+00:00,3.0099000930786133,3.009999990463257,3.0099000930786133,3.009999990463257,44037
2026-06-17 15:08:00+00:00,3.009999990463257,3.0100998878479004,3.009999990463257,3.0100998878479004,32496
2026-06-17 15:09:00+00:00,3.015000104904175,3.015000104904175,3.015000104904175,3.015000104904175,24390
2026-06-17 15:10:00+00:00,3.009999990463257,3.015000104904175,3.005000114440918,3.015000104904175,85262
2026-06-17 15:11:00+00:00,3.0100998878479004,3.011100053787231,3.009999990463257,3.0100998878479004,47063
2026-06-17 15:12:00+00:00,3.009999990463257,3.009999990463257,3.0,3.0,48940
2026-06-17 15:14:00+00:00,3.0000998973846436,3.0000998973846436,2.9999001026153564,2.9999001026153564,54053
2026-06-17 15:15:00+00:00,2.994999885559082,3.005000114440918,2.994999885559082,3.005000114440918,34275
2026-06-17 15:16:00+00:00,3.005000114440918,3.005000114440918,3.0,3.0002999305725098,41659
2026-06-17 15:18:00+00:00,2.994999885559082,2.994999885559082,2.994999885559082,2.994999885559082,2308
2026-06-17 15:19:00+00:00,2.994999885559082,2.9999001026153564,2.994999885559082,2.9999001026153564,100515
2026-06-17 15:20:00+00:00,2.990000009536743,2.990299940109253,2.990000009536743,2.9900999069213867,52744
2026-06-17 15:21:00+00:00,2.99020004272461,2.99020004272461,2.9900999069213867,2.9900999069213867,11358
2026-06-17 15:22:00+00:00,2.9999001026153564,3.0000998973846436,2.9999001026153564,3.0000998973846436,83872
2026-06-17 15:24:00+00:00,3.0000998973846436,3.000200033187866,2.990000009536743,2.994999885559082,98772
2026-06-17 15:25:00+00:00,2.999799966812134,2.9999001026153564,2.999799966812134,2.9999001026153564,8560
2026-06-17 15:27:00+00:00,2.994999885559082,2.9999001026153564,2.994999885559082,2.9999001026153564,2108
2026-06-17 15:28:00+00:00,3.0,3.0,3.0,3.0,38293
2026-06-17 15:31:00+00:00,3.0,3.0,2.9999001026153564,2.9999001026153564,29201
2026-06-17 15:33:00+00:00,2.994999885559082,2.994999885559082,2.990000009536743,2.9900999069213867,10267
2026-06-17 15:34:00+00:00,2.990000009536743,2.994999885559082,2.990000009536743,2.994999885559082,20300
2026-06-17 15:35:00+00:00,2.9999001026153564,2.9999001026153564,2.9999001026153564,2.9999001026153564,6600
2026-06-17 15:37:00+00:00,2.994999885559082,2.994999885559082,2.994999885559082,2.994999885559082,3668
2026-06-17 15:38:00+00:00,2.9900999069213867,2.994999885559082,2.9900999069213867,2.9900999069213867,6377
2026-06-17 15:39:00+00:00,2.9900999069213867,2.9900999069213867,2.9900999069213867,2.9900999069213867,26581
2026-06-17 15:40:00+00:00,2.994999885559082,2.994999885559082,2.994999885559082,2.994999885559082,1850
2026-06-17 15:41:00+00:00,2.994999885559082,2.994999885559082,2.994999885559082,2.994999885559082,6150
2026-06-17 15:44:00+00:00,2.994999885559082,2.994999885559082,2.994999885559082,2.994999885559082,12596
2026-06-17 15:45:00+00:00,2.994999885559082,2.994999885559082,2.994999885559082,2.994999885559082,3971
2026-06-17 15:46:00+00:00,2.994999885559082,2.994999885559082,2.994999885559082,2.994999885559082,0
2026-06-17 15:48:00+00:00,2.9900999069213867,2.9900999069213867,2.9900999069213867,2.9900999069213867,8403
2026-06-17 15:49:00+00:00,2.990000009536743,2.990000009536743,2.990000009536743,2.990000009536743,0
2026-06-17 15:54:00+00:00,2.998199939727783,2.998199939727783,2.998199939727783,2.998199939727783,18436
2026-06-17 15:55:00+00:00,2.9999001026153564,3.0,2.9999001026153564,3.0,6137
2026-06-17 15:56:00+00:00,2.9999001026153564,2.9999001026153564,2.9999001026153564,2.9999001026153564,4700
2026-06-17 15:57:00+00:00,2.994999885559082,2.994999885559082,2.994999885559082,2.994999885559082,4801
2026-06-17 15:58:00+00:00,2.9911999702453613,2.9911999702453613,2.9900999069213867,2.9900999069213867,8300
2026-06-17 15:59:00+00:00,2.994999885559082,2.994999885559082,2.994999885559082,2.994999885559082,0
2026-06-17 16:00:00+00:00,2.990000009536743,2.990000009536743,2.9800000190734863,2.984999895095825,32468
2026-06-17 16:03:00+00:00,2.9899001121520996,2.990000009536743,2.984999895095825,2.990000009536743,89449
2026-06-17 16:06:00+00:00,2.994999885559082,2.994999885559082,2.9900999069213867,2.9900999069213867,26187
2026-06-17 16:07:00+00:00,2.994999885559082,2.994999885559082,2.994999885559082,2.994999885559082,0
2026-06-17 16:08:00+00:00,2.994999885559082,2.994999885559082,2.9900999069213867,2.9900999069213867,5405
2026-06-17 16:09:00+00:00,2.994999885559082,2.994999885559082,2.994999885559082,2.994999885559082,6601
2026-06-17 16:11:00+00:00,2.998699903488159,3.005000114440918,2.994999885559082,3.005000114440918,80186
2026-06-17 16:12:00+00:00,3.0023999214172363,3.0023999214172363,3.0000998973846436,3.0000998973846436,19300
2026-06-17 16:13:00+00:00,3.005000114440918,3.005000114440918,3.005000114440918,3.005000114440918,13250
2026-06-17 16:15:00+00:00,3.009999990463257,3.009999990463257,3.0000998973846436,3.0000998973846436,21367
2026-06-17 16:18:00+00:00,3.0,3.0,3.0,3.0,1000
2026-06-17 16:19:00+00:00,3.0000998973846436,3.005000114440918,3.0,3.0000998973846436,89350
2026-06-17 16:23:00+00:00,2.9918999671936035,2.9918999671936035,2.9918999671936035,2.9918999671936035,11953
2026-06-17 16:25:00+00:00,2.9999001026153564,3.0,2.9999001026153564,2.9999001026153564,79697
2026-06-17 16:27:00+00:00,2.994999885559082,2.994999885559082,2.994999885559082,2.994999885559082,15150
2026-06-17 16:31:00+00:00,2.994999885559082,2.994999885559082,2.994999885559082,2.994999885559082,10428
2026-06-17 16:34:00+00:00,3.0,3.0,2.9999001026153564,2.9999001026153564,75696
2026-06-17 16:35:00+00:00,2.9999001026153564,2.9999001026153564,2.9999001026153564,2.9999001026153564,3801
2026-06-17 16:36:00+00:00,3.0,3.0,3.0,3.0,6001
2026-06-17 16:40:00+00:00,3.000499963760376,3.000499963760376,3.0000998973846436,3.0000998973846436,15800
2026-06-17 16:41:00+00:00,3.0000998973846436,3.0000998973846436,3.0,3.0,47919
2026-06-17 16:48:00+00:00,3.005000114440918,3.005000114440918,3.005000114440918,3.005000114440918,6300
2026-06-17 16:50:00+00:00,3.005000114440918,3.005000114440918,3.005000114440918,3.005000114440918,16925
2026-06-17 16:51:00+00:00,3.0099000930786133,3.0099000930786133,3.0000998973846436,3.0000998973846436,22776
2026-06-17 16:52:00+00:00,3.005000114440918,3.005000114440918,3.005000114440918,3.005000114440918,10500
2026-06-17 16:53:00+00:00,3.005000114440918,3.005000114440918,3.005000114440918,3.005000114440918,6614
2026-06-17 16:57:00+00:00,3.005000114440918,3.005000114440918,3.005000114440918,3.005000114440918,17527
2026-06-17 17:00:00+00:00,3.005000114440918,3.005000114440918,3.005000114440918,3.005000114440918,28648
2026-06-17 17:04:00+00:00,3.0099000930786133,3.0099000930786133,3.005000114440918,3.005000114440918,10600
2026-06-17 17:05:00+00:00,3.005000114440918,3.009999990463257,3.005000114440918,3.0099000930786133,22947
2026-06-17 17:06:00+00:00,3.005000114440918,3.005000114440918,3.005000114440918,3.005000114440918,0
2026-06-17 17:07:00+00:00,3.005000114440918,3.005000114440918,3.005000114440918,3.005000114440918,9629
2026-06-17 17:08:00+00:00,3.005000114440918,3.015000104904175,3.0,3.0,289327
2026-06-17 17:09:00+00:00,3.0000998973846436,3.005000114440918,3.0000998973846436,3.0000998973846436,26059
2026-06-17 17:11:00+00:00,3.009999990463257,3.009999990463257,3.009999990463257,3.009999990463257,700
2026-06-17 17:14:00+00:00,3.0,3.0,2.990000009536743,2.994999885559082,45287
2026-06-17 17:15:00+00:00,2.9999001026153564,3.0000998973846436,2.999799966812134,3.0000998973846436,95128
2026-06-17 17:16:00+00:00,3.0,3.005000114440918,3.0,3.0000998973846436,24187
2026-06-17 17:17:00+00:00,3.0,3.0,3.0,3.0,33737
2026-06-17 17:18:00+00:00,3.0,3.0,3.0,3.0,26492
2026-06-17 17:19:00+00:00,2.994999885559082,2.994999885559082,2.994999885559082,2.994999885559082,29486
2026-06-17 17:22:00+00:00,2.9981000423431396,2.9981000423431396,2.990000009536743,2.990000009536743,0
2026-06-17 17:23:00+00:00,2.984999895095825,2.984999895095825,2.984999895095825,2.984999895095825,3164
2026-06-17 17:26:00+00:00,2.984999895095825,2.984999895095825,2.984999895095825,2.984999895095825,1000
2026-06-17 17:27:00+00:00,2.984999895095825,2.984999895095825,2.984999895095825,2.984999895095825,17063
2026-06-17 17:30:00+00:00,2.984999895095825,2.984999895095825,2.984999895095825,2.984999895095825,1834
2026-06-17 17:31:00+00:00,2.988100051879883,2.988100051879883,2.988100051879883,2.988100051879883,4755
2026-06-17 17:32:00+00:00,2.984999895095825,2.990000009536743,2.984999895095825,2.9899001121520996,139542
2026-06-17 17:33:00+00:00,2.9899001121520996,2.994999885559082,2.984999895095825,2.9900999069213867,174742
2026-06-17 17:34:00+00:00,2.9900999069213867,2.9900999069213867,2.9900999069213867,2.9900999069213867,0
2026-06-17 17:36:00+00:00,2.9900999069213867,2.994999885559082,2.990000009536743,2.994999885559082,42700
2026-06-17 17:37:00+00:00,2.990299940109253,2.990299940109253,2.9800000190734863,2.990000009536743,49326
2026-06-17 17:38:00+00:00,2.990000009536743,2.994999885559082,2.984999895095825,2.994999885559082,186216
2026-06-17 17:39:00+00:00,2.994999885559082,2.994999885559082,2.994999885559082,2.994999885559082,9290
2026-06-17 17:40:00+00:00,2.9900999069213867,2.9900999069213867,2.9900999069213867,2.9900999069213867,17700
2026-06-17 17:41:00+00:00,2.9900999069213867,2.99020004272461,2.9900999069213867,2.99020004272461,13061
2026-06-17 17:43:00+00:00,2.994999885559082,2.994999885559082,2.994999885559082,2.994999885559082,19641
2026-06-17 17:44:00+00:00,2.994999885559082,2.994999885559082,2.994999885559082,2.994999885559082,2000
2026-06-17 17:45:00+00:00,2.9986000061035156,2.9986000061035156,2.9986000061035156,2.9986000061035156,0
2026-06-17 17:46:00+00:00,3.0,3.005000114440918,2.9990999698638916,3.005000114440918,94553
2026-06-17 17:48:00+00:00,3.005000114440918,3.005000114440918,3.005000114440918,3.005000114440918,11600
2026-06-17 17:49:00+00:00,3.005000114440918,3.005000114440918,3.0,3.0,218380
2026-06-17 17:56:00+00:00,2.993499994277954,2.993499994277954,2.993499994277954,2.993499994277954,2000
2026-06-17 18:00:00+00:00,2.994999885559082,3.009999990463257,2.994999885559082,3.009999990463257,94808
2026-06-17 18:01:00+00:00,3.0199999809265137,3.0250000953674316,3.018199920654297,3.018199920654297,31738
2026-06-17 18:02:00+00:00,3.01990008354187,3.0199999809265137,3.01990008354187,3.0199999809265137,33750
2026-06-17 18:03:00+00:00,3.029900074005127,3.030100107192993,3.0297999382019043,3.0299999713897705,139545
2026-06-17 18:04:00+00:00,3.029900074005127,3.0450000762939453,3.029900074005127,3.04010009765625,12403
2026-06-17 18:05:00+00:00,3.0499000549316406,3.066499948501587,3.0497000217437744,3.065000057220459,55840
2026-06-17 18:06:00+00:00,3.065000057220459,3.065000057220459,3.050100088119507,3.050100088119507,19319
2026-06-17 18:07:00+00:00,3.0497000217437744,3.055000066757202,3.0350000858306885,3.04010009765625,166268
2026-06-17 18:08:00+00:00,3.04010009765625,3.04830002784729,3.0199999809265137,3.0350000858306885,157230
2026-06-17 18:09:00+00:00,3.0250000953674316,3.0250000953674316,3.0118000507354736,3.015000104904175,51447
2026-06-17 18:10:00+00:00,3.0199999809265137,3.0199999809265137,3.005000114440918,3.009999990463257,25924
2026-06-17 18:11:00+00:00,3.005500078201294,3.009999990463257,3.0000998973846436,3.0099000930786133,12700
2026-06-17 18:12:00+00:00,3.0099000930786133,3.009999990463257,2.994999885559082,3.009999990463257,107718
2026-06-17 18:13:00+00:00,3.0099000930786133,3.0100998878479004,3.005000114440918,3.0100998878479004,58189
2026-06-17 18:14:00+00:00,3.01990008354187,3.01990008354187,3.0100998878479004,3.0100998878479004,81900
2026-06-17 18:15:00+00:00,3.0100998878479004,3.0100998878479004,2.994999885559082,2.994999885559082,1500
2026-06-17 18:16:00+00:00,2.9999001026153564,3.005000114440918,2.9999001026153564,3.005000114440918,30735
2026-06-17 18:17:00+00:00,3.0099000930786133,3.015000104904175,3.005000114440918,3.0100998878479004,91938
2026-06-17 18:18:00+00:00,3.015000104904175,3.015000104904175,3.0000998973846436,3.005000114440918,42613
2026-06-17 18:19:00+00:00,3.005000114440918,3.005000114440918,3.005000114440918,3.005000114440918,2601
2026-06-17 18:20:00+00:00,3.0099000930786133,3.009999990463257,3.0099000930786133,3.0099000930786133,43954
2026-06-17 18:21:00+00:00,3.0099000930786133,3.015000104904175,3.0099000930786133,3.009999990463257,80458
2026-06-17 18:22:00+00:00,3.019700050354004,3.019700050354004,3.019700050354004,3.019700050354004,11150
2026-06-17 18:23:00+00:00,3.01990008354187,3.01990008354187,3.01990008354187,3.01990008354187,2650
2026-06-17 18:24:00+00:00,3.01990008354187,3.0250000953674316,3.015000104904175,3.0199999809265137,83752
2026-06-17 18:25:00+00:00,3.0250000953674316,3.0299999713897705,3.0250000953674316,3.0299999713897705,0
2026-06-17 18:26:00+00:00,3.0201001167297363,3.0250000953674316,3.0201001167297363,3.0250000953674316,3010
2026-06-17 18:27:00+00:00,3.0299999713897705,3.0299999713897705,3.0250000953674316,3.029900074005127,38000
2026-06-17 18:28:00+00:00,3.0250000953674316,3.0297999382019043,3.0250000953674316,3.0250000953674316,2980
2026-06-17 18:29:00+00:00,3.0201001167297363,3.0201001167297363,3.01990008354187,3.01990008354187,18013
2026-06-17 18:30:00+00:00,3.01990008354187,3.0201001167297363,3.01990008354187,3.0201001167297363,82527
2026-06-17 18:31:00+00:00,3.009999990463257,3.0100998878479004,3.009999990463257,3.009999990463257,61462
2026-06-17 18:32:00+00:00,3.005000114440918,3.0201001167297363,3.0,3.009999990463257,144837
2026-06-17 18:33:00+00:00,3.015000104904175,3.015000104904175,3.006500005722046,3.0099000930786133,71782
2026-06-17 18:34:00+00:00,3.009999990463257,3.013499975204468,3.009999990463257,3.009999990463257,57264
2026-06-17 18:35:00+00:00,3.009999990463257,3.009999990463257,3.005000114440918,3.005000114440918,88587
2026-06-17 18:37:00+00:00,2.999799966812134,2.9999001026153564,2.994999885559082,2.9999001026153564,5100
2026-06-17 18:38:00+00:00,2.994999885559082,2.9999001026153564,2.990000009536743,2.990000009536743,2053
2026-06-17 18:39:00+00:00,2.98009991645813,2.98009991645813,2.9700000286102295,2.98009991645813,126750
2026-06-17 18:40:00+00:00,2.984999895095825,2.984999895095825,2.9700000286102295,2.9798998832702637,70020
2026-06-17 18:41:00+00:00,2.9749999046325684,2.9749999046325684,2.9649999141693115,2.9649999141693115,10370
2026-06-17 18:42:00+00:00,2.960099935531616,2.9649999141693115,2.9600000381469727,2.9600000381469727,42402
2026-06-17 18:43:00+00:00,2.9600000381469727,2.9600000381469727,2.9600000381469727,2.9600000381469727,10035
2026-06-17 18:44:00+00:00,2.944999933242798,2.944999933242798,2.944999933242798,2.944999933242798,3149
2026-06-17 18:45:00+00:00,2.944999933242798,2.959700107574463,2.944999933242798,2.9500999450683594,42105
2026-06-17 18:46:00+00:00,2.950200080871582,2.95989990234375,2.949700117111206,2.95989990234375,73735
2026-06-17 18:47:00+00:00,2.95989990234375,2.9600000381469727,2.950000047683716,2.95989990234375,107735
2026-06-17 18:48:00+00:00,2.95989990234375,2.9600000381469727,2.9549999237060547,2.95989990234375,91335
2026-06-17 18:49:00+00:00,2.960099935531616,2.960200071334839,2.95989990234375,2.95989990234375,93488
2026-06-17 18:50:00+00:00,2.95989990234375,2.9700000286102295,2.95989990234375,2.9700000286102295,46986
2026-06-17 18:51:00+00:00,2.9649999141693115,2.9649999141693115,2.9500999450683594,2.9549999237060547,96476
2026-06-17 18:52:00+00:00,2.959700107574463,2.9649999141693115,2.959700107574463,2.9600000381469727,46604
2026-06-17 18:53:00+00:00,2.9598000049591064,2.9649999141693115,2.9549999237060547,2.9649999141693115,44605
2026-06-17 18:54:00+00:00,2.9649999141693115,2.9649999141693115,2.9649999141693115,2.9649999141693115,1900
2026-06-17 18:55:00+00:00,2.9700000286102295,2.98009991645813,2.9700000286102295,2.98009991645813,73074
2026-06-17 18:56:00+00:00,2.990000009536743,2.994999885559082,2.990000009536743,2.994999885559082,107286
2026-06-17 18:57:00+00:00,3.0000998973846436,3.005000114440918,3.0000998973846436,3.005000114440918,39000
2026-06-17 18:58:00+00:00,3.0000998973846436,3.009999990463257,3.0000998973846436,3.009999990463257,121719
2026-06-17 18:59:00+00:00,3.015000104904175,3.015000104904175,2.994999885559082,2.9999001026153564,153983
2026-06-17 19:00:00+00:00,3.005000114440918,3.005000114440918,2.990000009536743,3.0000998973846436,53289
2026-06-17 19:01:00+00:00,3.0,3.0,2.994999885559082,3.0,92220
2026-06-17 19:02:00+00:00,2.9900999069213867,2.990299940109253,2.984999895095825,2.990000009536743,361634
2026-06-17 19:03:00+00:00,3.0,3.0000998973846436,3.0,3.0000998973846436,87663
2026-06-17 19:04:00+00:00,2.994999885559082,2.994999885559082,2.994999885559082,2.994999885559082,21811
2026-06-17 19:05:00+00:00,3.0,3.0,2.9999001026153564,2.9999001026153564,67926
2026-06-17 19:06:00+00:00,2.9900999069213867,2.9900999069213867,2.984999895095825,2.9899001121520996,89910
2026-06-17 19:07:00+00:00,2.9899001121520996,2.9999001026153564,2.984999895095825,2.9999001026153564,337539
2026-06-17 19:08:00+00:00,2.990000009536743,2.9999001026153564,2.984999895095825,2.994999885559082,168514
2026-06-17 19:09:00+00:00,2.994999885559082,2.9999001026153564,2.994999885559082,2.9999001026153564,9505
2026-06-17 19:10:00+00:00,2.9999001026153564,3.0,2.9999001026153564,3.0,4665
2026-06-17 19:11:00+00:00,3.009999990463257,3.009999990463257,3.009999990463257,3.009999990463257,4014
2026-06-17 19:12:00+00:00,3.0102999210357666,3.011100053787231,3.009999990463257,3.009999990463257,130014
2026-06-17 19:15:00+00:00,2.990000009536743,2.994999885559082,2.98580002784729,2.994999885559082,106494
2026-06-17 19:16:00+00:00,2.9999001026153564,3.005000114440918,2.994999885559082,3.0000998973846436,60802
2026-06-17 19:17:00+00:00,3.0000998973846436,3.0000998973846436,3.0000998973846436,3.0000998973846436,6545
2026-06-17 19:18:00+00:00,3.005000114440918,3.005000114440918,3.005000114440918,3.005000114440918,21110
2026-06-17 19:19:00+00:00,3.0100998878479004,3.010200023651123,3.009999990463257,3.0100998878479004,105878
2026-06-17 19:20:00+00:00,3.009999990463257,3.0250000953674316,3.009999990463257,3.0250000953674316,60961
2026-06-17 19:21:00+00:00,3.0299999713897705,3.030100107192993,3.0299999713897705,3.030100107192993,35797
2026-06-17 19:22:00+00:00,3.030100107192993,3.033600091934204,3.0297999382019043,3.0299999713897705,110770
2026-06-17 19:23:00+00:00,3.0399999618530273,3.0399999618530273,3.0399999618530273,3.0399999618530273,30907
2026-06-17 19:24:00+00:00,3.0399999618530273,3.0399999618530273,3.0350000858306885,3.0350000858306885,24319
2026-06-17 19:25:00+00:00,3.0299999713897705,3.039900064468384,3.0250000953674316,3.0299999713897705,70968
2026-06-17 19:27:00+00:00,3.026400089263916,3.029599905014038,3.026400089263916,3.029599905014038,10473
2026-06-17 19:28:00+00:00,3.029900074005127,3.030100107192993,3.026400089263916,3.0299999713897705,72839
2026-06-17 19:29:00+00:00,3.030100107192993,3.039900064468384,3.030100107192993,3.039900064468384,21683
2026-06-17 19:30:00+00:00,3.030100107192993,3.0399999618530273,3.030100107192993,3.039900064468384,28757
2026-06-17 19:31:00+00:00,3.0350000858306885,3.0350000858306885,3.029900074005127,3.0350000858306885,93657
2026-06-17 19:32:00+00:00,3.0399999618530273,3.055000066757202,3.0399999618530273,3.055000066757202,116548
2026-06-17 19:33:00+00:00,3.049999952316284,3.055000066757202,3.049999952316284,3.055000066757202,97587
2026-06-17 19:34:00+00:00,3.0450000762939453,3.049999952316284,3.0450000762939453,3.0499000549316406,66667
2026-06-17 19:35:00+00:00,3.0499000549316406,3.055000066757202,3.0399999618530273,3.0450000762939453,145218
2026-06-17 19:36:00+00:00,3.0450000762939453,3.0450000762939453,3.0350000858306885,3.0399999618530273,110298
2026-06-17 19:37:00+00:00,3.038300037384033,3.039799928665161,3.030100107192993,3.039799928665161,2149
2026-06-17 19:38:00+00:00,3.0399999618530273,3.055000066757202,3.039900064468384,3.055000066757202,117849
2026-06-17 19:39:00+00:00,3.050100088119507,3.069999933242798,3.049999952316284,3.069999933242798,119435
2026-06-17 19:40:00+00:00,3.069999933242798,3.069999933242798,3.059999942779541,3.0699000358581543,75813
2026-06-17 19:41:00+00:00,3.061300039291382,3.0699000358581543,3.061300039291382,3.065000057220459,37857
2026-06-17 19:43:00+00:00,3.069999933242798,3.069999933242798,3.065000057220459,3.065000057220459,7539
2026-06-17 19:44:00+00:00,3.069999933242798,3.069999933242798,3.065000057220459,3.065000057220459,1285
2026-06-17 19:45:00+00:00,3.059999942779541,3.065000057220459,3.055000066757202,3.0599000453948975,29460
2026-06-17 19:46:00+00:00,3.059999942779541,3.065000057220459,3.059999942779541,3.059999942779541,40172
2026-06-17 19:47:00+00:00,3.055000066757202,3.055000066757202,3.055000066757202,3.055000066757202,40100
2026-06-17 19:48:00+00:00,3.0399999618530273,3.0450000762939453,3.0399999618530273,3.0450000762939453,3697
2026-06-17 19:49:00+00:00,3.040299892425537,3.049999952316284,3.040299892425537,3.049999952316284,91444
2026-06-17 19:50:00+00:00,3.059999942779541,3.069999933242798,3.055000066757202,3.0601000785827637,128802
2026-06-17 19:51:00+00:00,3.0699000358581543,3.069999933242798,3.065000057220459,3.069999933242798,24994
2026-06-17 19:52:00+00:00,3.069999933242798,3.069999933242798,3.0601000785827637,3.0601000785827637,13446
2026-06-17 19:53:00+00:00,3.0697999000549316,3.0697999000549316,3.0599000453948975,3.0599000453948975,40991
2026-06-17 19:54:00+00:00,3.059999942779541,3.065000057220459,3.059999942779541,3.065000057220459,11605
2026-06-17 19:55:00+00:00,3.059999942779541,3.059999942779541,3.050100088119507,3.055000066757202,132123
2026-06-17 19:56:00+00:00,3.058500051498413,3.0599000453948975,3.058500051498413,3.0599000453948975,22229
2026-06-17 19:57:00+00:00,3.058000087738037,3.0599000453948975,3.058000087738037,3.0599000453948975,0
2026-06-17 19:58:00+00:00,3.055000066757202,3.055000066757202,3.055000066757202,3.055000066757202,16044
2026-06-17 19:59:00+00:00,3.059999942779541,3.06820011138916,3.059999942779541,3.059999942779541,88847
2026-06-17 20:00:00+00:00,3.06,3.07,3.06,3.07,0
2026-06-17 20:02:00+00:00,3.052,3.052,3.052,3.052,0
2026-06-17 20:04:00+00:00,3.06,3.0613,3.05,3.0613,0
2026-06-17 20:10:00+00:00,3.06,3.06,3.05,3.05,0
2026-06-17 20:13:00+00:00,3.0503,3.0503,3.0503,3.0503,0
2026-06-17 20:14:00+00:00,3.06,3.06,3.0501,3.0501,0
2026-06-17 20:15:00+00:00,3.0599,3.06,3.0599,3.06,0
2026-06-17 20:18:00+00:00,3.0503,3.0503,3.05,3.05,0
2026-06-17 20:22:00+00:00,3.04,3.04,3.04,3.04,0
2026-06-17 20:23:00+00:00,3.03,3.0305,3.03,3.0305,0
2026-06-17 20:25:00+00:00,3.03,3.03,3.03,3.03,0
2026-06-17 20:29:00+00:00,3.0303,3.0303,3.0303,3.0303,0
2026-06-17 20:30:00+00:00,3.039,3.039,3.039,3.039,0
2026-06-17 20:37:00+00:00,3.03,3.03,3.03,3.03,0
2026-06-17 20:38:00+00:00,3.0307,3.0307,3.0297,3.0297,0
2026-06-17 20:39:00+00:00,3.0213,3.0298,3.0213,3.0298,0
2026-06-17 20:48:00+00:00,3.03,3.03,3.03,3.03,0
2026-06-17 21:10:00+00:00,3.02,3.02,3.02,3.02,0
2026-06-17 21:22:00+00:00,3.0299,3.0299,3.0299,3.0299,0
2026-06-17 21:50:00+00:00,3.04,3.04,3.04,3.04,0
2026-06-17 21:51:00+00:00,3.03,3.03,3.03,3.03,0
2026-06-17 22:08:00+00:00,3.0201,3.0201,3.0201,3.0201,0
2026-06-17 22:10:00+00:00,3.03,3.03,3.03,3.03,0
2026-06-17 22:13:00+00:00,3.01,3.02,3.01,3.02,0
2026-06-17 22:14:00+00:00,3.0101,3.0101,3.0101,3.0101,0
2026-06-17 22:20:00+00:00,3.01,3.01,3.01,3.01,0
2026-06-17 22:39:00+00:00,3.01,3.01,3.01,3.01,0
2026-06-17 22:50:00+00:00,3.0097,3.0097,3.0097,3.0097,0
2026-06-17 23:19:00+00:00,3.0003,3.01,3.0003,3.01,0
2026-06-17 23:20:00+00:00,3.01,3.01,3.01,3.01,0
2026-06-17 23:23:00+00:00,3.0,3.0,3.0,3.0,0
2026-06-17 23:24:00+00:00,3.01,3.01,3.0098,3.0098,0
2026-06-17 23:26:00+00:00,3.0,3.0,3.0,3.0,0
2026-06-17 23:52:00+00:00,3.01,3.01,3.01,3.01,0
2026-06-17 23:54:00+00:00,3.0097,3.0097,3.0097,3.0097,0
2026-06-18 08:00:00+00:00,2.98,2.98,2.98,2.98,0
2026-06-18 08:01:00+00:00,2.99,2.99,2.99,2.99,0
2026-06-18 08:10:00+00:00,2.96,2.96,2.96,2.96,0
2026-06-18 08:13:00+00:00,2.98,2.98,2.98,2.98,0
2026-06-18 08:20:00+00:00,2.9705,2.9705,2.9705,2.9705,0
2026-06-18 09:31:00+00:00,2.97,2.97,2.97,2.97,0
2026-06-18 09:38:00+00:00,2.98,2.98,2.98,2.98,0
2026-06-18 09:53:00+00:00,2.9714,2.9714,2.9714,2.9714,0
2026-06-18 09:55:00+00:00,2.97,2.97,2.97,2.97,0
2026-06-18 10:27:00+00:00,2.969,2.969,2.969,2.969,0
2026-06-18 10:39:00+00:00,2.97,2.97,2.97,2.97,0
2026-06-18 10:41:00+00:00,2.975,2.975,2.975,2.975,0
2026-06-18 10:56:00+00:00,2.98,2.98,2.98,2.98,0
2026-06-18 11:00:00+00:00,2.9787,2.9787,2.9702,2.9713,0
2026-06-18 11:01:00+00:00,2.97,2.97,2.97,2.97,0
2026-06-18 11:05:00+00:00,2.9503,2.9503,2.9503,2.9503,0
2026-06-18 11:07:00+00:00,2.96,2.96,2.96,2.96,0
2026-06-18 11:10:00+00:00,2.97,2.97,2.97,2.97,0
2026-06-18 11:14:00+00:00,2.9627,2.9627,2.9627,2.9627,0
2026-06-18 11:15:00+00:00,2.97,2.97,2.97,2.97,0
2026-06-18 11:32:00+00:00,2.97,2.97,2.97,2.97,0
2026-06-18 11:33:00+00:00,2.9697,2.9697,2.9697,2.9697,0
2026-06-18 11:39:00+00:00,2.97,2.97,2.97,2.97,0
2026-06-18 11:42:00+00:00,2.96,2.96,2.96,2.96,0
2026-06-18 11:43:00+00:00,2.96,2.96,2.96,2.96,0
2026-06-18 11:47:00+00:00,2.9605,2.9605,2.9605,2.9605,0
2026-06-18 11:50:00+00:00,2.97,2.97,2.97,2.97,0
2026-06-18 11:52:00+00:00,2.96,2.96,2.96,2.96,0
2026-06-18 11:53:00+00:00,2.96,2.96,2.96,2.96,0
2026-06-18 11:59:00+00:00,2.96,2.96,2.96,2.96,0
2026-06-18 12:08:00+00:00,2.9521,2.9521,2.9521,2.9521,0
2026-06-18 12:14:00+00:00,2.9597,2.9597,2.9597,2.9597,0
2026-06-18 12:17:00+00:00,2.95,2.95,2.95,2.95,0
2026-06-18 12:19:00+00:00,2.9503,2.9503,2.9503,2.9503,0
2026-06-18 12:20:00+00:00,2.95,2.95,2.95,2.95,0
2026-06-18 12:21:00+00:00,2.95,2.95,2.95,2.95,0
2026-06-18 12:24:00+00:00,2.95,2.95,2.95,2.95,0
2026-06-18 12:26:00+00:00,2.95,2.95,2.95,2.95,0
2026-06-18 12:27:00+00:00,2.95,2.95,2.95,2.95,0
2026-06-18 12:28:00+00:00,2.9487,2.95,2.9487,2.9499,0
2026-06-18 12:29:00+00:00,2.949,2.949,2.949,2.949,0
2026-06-18 12:30:00+00:00,2.95,2.95,2.95,2.95,0
2026-06-18 12:31:00+00:00,2.95,2.95,2.9487,2.9487,0
2026-06-18 12:32:00+00:00,2.95,2.95,2.95,2.95,0
2026-06-18 12:35:00+00:00,2.95,2.95,2.95,2.95,0
2026-06-18 12:37:00+00:00,2.95,2.95,2.95,2.95,0
2026-06-18 12:42:00+00:00,2.95,2.95,2.95,2.95,0
2026-06-18 12:43:00+00:00,2.9402,2.9413,2.9402,2.9413,0
2026-06-18 12:44:00+00:00,2.95,2.95,2.95,2.95,0
2026-06-18 12:45:00+00:00,2.9402,2.9402,2.9402,2.9402,0
2026-06-18 12:57:00+00:00,2.94,2.9499,2.94,2.9499,0
2026-06-18 12:58:00+00:00,2.94,2.94,2.94,2.94,0
2026-06-18 12:59:00+00:00,2.9397,2.94,2.9397,2.94,0
2026-06-18 13:01:00+00:00,2.94,2.94,2.94,2.94,0
2026-06-18 13:08:00+00:00,2.9497,2.9497,2.9497,2.9497,0
2026-06-18 13:11:00+00:00,2.94,2.94,2.94,2.94,0
2026-06-18 13:13:00+00:00,2.9321,2.9321,2.9321,2.9321,0
2026-06-18 13:15:00+00:00,2.94,2.94,2.9399,2.9399,0
2026-06-18 13:19:00+00:00,2.93,2.9302,2.93,2.9302,0
2026-06-18 13:21:00+00:00,2.9398,2.94,2.9397,2.94,0
2026-06-18 13:25:00+00:00,2.9305,2.9305,2.9305,2.9305,0
2026-06-18 13:28:00+00:00,2.94,2.94,2.94,2.94,0
2026-06-18 13:29:00+00:00,2.9402,2.9402,2.9402,2.9402,0
2026-06-18 13:30:00+00:00,2.940000057220459,2.9549999237060547,2.924999952316284,2.9549999237060547,331910
2026-06-18 13:31:00+00:00,2.9649999141693115,2.9749999046325684,2.9649999141693115,2.9700000286102295,15118
2026-06-18 13:32:00+00:00,2.9688000679016113,2.9688000679016113,2.944999933242798,2.944999933242798,48540
2026-06-18 13:33:00+00:00,2.940000057220459,2.949899911880493,2.9300999641418457,2.948699951171875,37317
2026-06-18 13:34:00+00:00,2.9412999153137207,2.949899911880493,2.9400999546051025,2.949899911880493,8215
2026-06-18 13:35:00+00:00,2.9400999546051025,2.944999933242798,2.9398999214172363,2.940000057220459,22205
2026-06-18 13:36:00+00:00,2.940000057220459,2.944999933242798,2.934999942779541,2.944999933242798,72957
2026-06-18 13:37:00+00:00,2.9400999546051025,2.9600000381469727,2.940000057220459,2.9600000381469727,38378
2026-06-18 13:38:00+00:00,2.9600000381469727,2.9600000381469727,2.938699960708618,2.949899911880493,54405
2026-06-18 13:39:00+00:00,2.949899911880493,2.949899911880493,2.934999942779541,2.9400999546051025,103638
2026-06-18 13:40:00+00:00,2.9412999153137207,2.944999933242798,2.9400999546051025,2.944999933242798,53852
2026-06-18 13:41:00+00:00,2.940000057220459,2.940000057220459,2.934999942779541,2.940000057220459,19358
2026-06-18 13:42:00+00:00,2.940000057220459,2.9512999057769775,2.940000057220459,2.9400999546051025,47000
2026-06-18 13:43:00+00:00,2.940000057220459,2.944999933242798,2.9398999214172363,2.9400999546051025,32842
2026-06-18 13:44:00+00:00,2.9502999782562256,2.9502999782562256,2.9502999782562256,2.9502999782562256,54700
2026-06-18 13:45:00+00:00,2.940000057220459,2.949899911880493,2.940000057220459,2.949899911880493,5352
2026-06-18 13:46:00+00:00,2.944999933242798,2.944999933242798,2.940000057220459,2.940000057220459,33134
2026-06-18 13:47:00+00:00,2.9398999214172363,2.9398999214172363,2.9337000846862793,2.9337000846862793,11100
2026-06-18 13:48:00+00:00,2.9398999214172363,2.940000057220459,2.93179988861084,2.93179988861084,26850
2026-06-18 13:49:00+00:00,2.9300999641418457,2.940000057220459,2.9300999641418457,2.934999942779541,4101
2026-06-18 13:50:00+00:00,2.940000057220459,2.9500999450683594,2.940000057220459,2.949899911880493,104497
2026-06-18 13:51:00+00:00,2.9549999237060547,2.9549999237060547,2.9549999237060547,2.9549999237060547,15960
2026-06-18 13:52:00+00:00,2.9500999450683594,2.95989990234375,2.950000047683716,2.95989990234375,26626
2026-06-18 13:54:00+00:00,2.9600000381469727,2.9600000381469727,2.9598000049591064,2.95989990234375,4331
2026-06-18 13:56:00+00:00,2.949899911880493,2.9600000381469727,2.9463000297546387,2.95989990234375,64800
2026-06-18 13:57:00+00:00,2.95989990234375,2.969899892807007,2.95989990234375,2.969899892807007,23400
2026-06-18 13:58:00+00:00,2.969899892807007,2.9800000190734863,2.9649999141693115,2.969899892807007,153362
2026-06-18 13:59:00+00:00,2.969899892807007,2.969899892807007,2.9500999450683594,2.9500999450683594,39518
2026-06-18 14:00:00+00:00,2.9549999237060547,2.969899892807007,2.9549999237060547,2.9649999141693115,34991
2026-06-18 14:01:00+00:00,2.95989990234375,2.9700000286102295,2.95989990234375,2.9700000286102295,6560
2026-06-18 14:02:00+00:00,2.9600000381469727,2.9600000381469727,2.9549999237060547,2.9549999237060547,30226
2026-06-18 14:03:00+00:00,2.950999975204468,2.9549999237060547,2.950000047683716,2.950000047683716,10443
2026-06-18 14:04:00+00:00,2.950000047683716,2.950000047683716,2.940000057220459,2.949899911880493,56961
2026-06-18 14:05:00+00:00,2.949899911880493,2.958699941635132,2.949899911880493,2.958699941635132,70260
2026-06-18 14:06:00+00:00,2.950000047683716,2.950000047683716,2.940000057220459,2.9400999546051025,104325
2026-06-18 14:07:00+00:00,2.9400999546051025,2.948499917984009,2.940000057220459,2.9400999546051025,11211
2026-06-18 14:08:00+00:00,2.944999933242798,2.9500999450683594,2.944999933242798,2.9500999450683594,141244
2026-06-18 14:09:00+00:00,2.9500999450683594,2.9500999450683594,2.940000057220459,2.949899911880493,164968
2026-06-18 14:10:00+00:00,2.953900098800659,2.9600000381469727,2.9500999450683594,2.9600000381469727,53887
2026-06-18 14:11:00+00:00,2.9549999237060547,2.9600000381469727,2.944999933242798,2.944999933242798,198350
2026-06-18 14:12:00+00:00,2.949899911880493,2.950000047683716,2.9498000144958496,2.950000047683716,106200
2026-06-18 14:13:00+00:00,2.949899911880493,2.950000047683716,2.949899911880493,2.950000047683716,21230
2026-06-18 14:14:00+00:00,2.9600000381469727,2.9600000381469727,2.95989990234375,2.95989990234375,10000
2026-06-18 14:15:00+00:00,2.9500999450683594,2.9600000381469727,2.9500999450683594,2.9600000381469727,27200
2026-06-18 14:16:00+00:00,2.940000057220459,2.944999933242798,2.940000057220459,2.944999933242798,48893
2026-06-18 14:17:00+00:00,2.9402999877929688,2.9402999877929688,2.930000066757202,2.930000066757202,78794
2026-06-18 14:18:00+00:00,2.934999942779541,2.934999942779541,2.934999942779541,2.934999942779541,0
2026-06-18 14:19:00+00:00,2.9388999938964844,2.9410998821258545,2.9388999938964844,2.940000057220459,134168
2026-06-18 14:20:00+00:00,2.940000057220459,2.940000057220459,2.940000057220459,2.940000057220459,12018
2026-06-18 14:21:00+00:00,2.9400999546051025,2.9400999546051025,2.930000066757202,2.938699960708618,100382
2026-06-18 14:22:00+00:00,2.9388999938964844,2.9398999214172363,2.9388999938964844,2.9398999214172363,11600
2026-06-18 14:23:00+00:00,2.9310998916625977,2.9310998916625977,2.930000066757202,2.9300999641418457,92064
2026-06-18 14:24:00+00:00,2.930000066757202,2.930000066757202,2.9200000762939453,2.928299903869629,26810
2026-06-18 14:25:00+00:00,2.924999952316284,2.924999952316284,2.924999952316284,2.924999952316284,1974
2026-06-18 14:26:00+00:00,2.924999952316284,2.930000066757202,2.920099973678589,2.930000066757202,98020
2026-06-18 14:27:00+00:00,2.9300999641418457,2.940000057220459,2.930000066757202,2.9398999214172363,216948
2026-06-18 14:28:00+00:00,2.9410998821258545,2.9511001110076904,2.9400999546051025,2.9500999450683594,181674
2026-06-18 14:29:00+00:00,2.950000047683716,2.9500999450683594,2.950000047683716,2.9500999450683594,80654
2026-06-18 14:30:00+00:00,2.9500999450683594,2.9600000381469727,2.9500999450683594,2.9549999237060547,183447
2026-06-18 14:32:00+00:00,2.9598000049591064,2.9600000381469727,2.9598000049591064,2.9600000381469727,62732
2026-06-18 14:33:00+00:00,2.969899892807007,2.969899892807007,2.966200113296509,2.966200113296509,0
2026-06-18 14:34:00+00:00,2.960099935531616,2.9649999141693115,2.9600000381469727,2.9649999141693115,78084
2026-06-18 14:35:00+00:00,2.9649999141693115,2.9649999141693115,2.9649999141693115,2.9649999141693115,501
2026-06-18 14:36:00+00:00,2.9600000381469727,2.960200071334839,2.9600000381469727,2.960099935531616,79210
2026-06-18 14:37:00+00:00,2.9500999450683594,2.9500999450683594,2.9500999450683594,2.9500999450683594,2922
2026-06-18 14:39:00+00:00,2.9519999027252197,2.9519999027252197,2.9519999027252197,2.9519999027252197,1001
2026-06-18 14:40:00+00:00,2.9549999237060547,2.9549999237060547,2.9549999237060547,2.9549999237060547,3100
2026-06-18 14:41:00+00:00,2.9600000381469727,2.9649999141693115,2.9549999237060547,2.960099935531616,129229
2026-06-18 14:42:00+00:00,2.960099935531616,2.960099935531616,2.960099935531616,2.960099935531616,4000
2026-06-18 14:43:00+00:00,2.9649999141693115,2.9649999141693115,2.9649999141693115,2.9649999141693115,8100
2026-06-18 14:44:00+00:00,2.960099935531616,2.960099935531616,2.9549999237060547,2.9600000381469727,80248
2026-06-18 14:45:00+00:00,2.9649999141693115,2.9649999141693115,2.9649999141693115,2.9649999141693115,27527
2026-06-18 14:46:00+00:00,2.950000047683716,2.950000047683716,2.950000047683716,2.950000047683716,40075
2026-06-18 14:47:00+00:00,2.950000047683716,2.950000047683716,2.950000047683716,2.950000047683716,16110
2026-06-18 14:48:00+00:00,2.950000047683716,2.950000047683716,2.940000057220459,2.940000057220459,118677
2026-06-18 14:49:00+00:00,2.944999933242798,2.950000047683716,2.944999933242798,2.950000047683716,45811
2026-06-18 14:52:00+00:00,2.9500999450683594,2.9549999237060547,2.950000047683716,2.950000047683716,63993
2026-06-18 14:53:00+00:00,2.95989990234375,2.95989990234375,2.95989990234375,2.95989990234375,0
2026-06-18 14:54:00+00:00,2.950000047683716,2.950000047683716,2.944999933242798,2.944999933242798,37000
2026-06-18 14:55:00+00:00,2.944999933242798,2.944999933242798,2.944999933242798,2.944999933242798,0
2026-06-18 14:56:00+00:00,2.949899911880493,2.9500999450683594,2.940000057220459,2.944999933242798,178398
2026-06-18 14:58:00+00:00,2.949899911880493,2.949899911880493,2.930000066757202,2.930000066757202,28944
2026-06-18 14:59:00+00:00,2.9300999641418457,2.9300999641418457,2.9300999641418457,2.9300999641418457,1916
2026-06-18 15:00:00+00:00,2.940000057220459,2.949899911880493,2.9398999214172363,2.9400999546051025,138472
2026-06-18 15:01:00+00:00,2.930000066757202,2.940000057220459,2.930000066757202,2.9398999214172363,110820
2026-06-18 15:02:00+00:00,2.940000057220459,2.9402999877929688,2.940000057220459,2.9400999546051025,17610
2026-06-18 15:03:00+00:00,2.940000057220459,2.944999933242798,2.930000066757202,2.930000066757202,115580
2026-06-18 15:04:00+00:00,2.9398999214172363,2.9398999214172363,2.9398999214172363,2.9398999214172363,0
2026-06-18 15:06:00+00:00,2.934999942779541,2.934999942779541,2.934999942779541,2.934999942779541,300
2026-06-18 15:07:00+00:00,2.9398999214172363,2.9398999214172363,2.9300999641418457,2.9300999641418457,7050
2026-06-18 15:08:00+00:00,2.938199996948242,2.938199996948242,2.938199996948242,2.938199996948242,0
2026-06-18 15:09:00+00:00,2.9300999641418457,2.9300999641418457,2.930000066757202,2.930000066757202,61166
2026-06-18 15:10:00+00:00,2.924999952316284,2.924999952316284,2.9200000762939453,2.9200000762939453,1467
2026-06-18 15:11:00+00:00,2.9200000762939453,2.9200000762939453,2.9149999618530273,2.9198999404907227,41177
2026-06-18 15:12:00+00:00,2.9189000129699707,2.9189000129699707,2.9100000858306885,2.910099983215332,12762
2026-06-18 15:13:00+00:00,2.9100000858306885,2.910099983215332,2.9000000953674316,2.9000000953674316,63510
2026-06-18 15:14:00+00:00,2.906100034713745,2.9100000858306885,2.906100034713745,2.9100000858306885,67291
2026-06-18 15:15:00+00:00,2.9149999618530273,2.9200000762939453,2.910099983215332,2.9200000762939453,23720
2026-06-18 15:16:00+00:00,2.910099983215332,2.9200000762939453,2.910099983215332,2.9200000762939453,10000
2026-06-18 15:17:00+00:00,2.9198999404907227,2.924999952316284,2.9198999404907227,2.920099973678589,61168
2026-06-18 15:18:00+00:00,2.930000066757202,2.930000066757202,2.9289000034332275,2.9289000034332275,8935
2026-06-18 15:19:00+00:00,2.930000066757202,2.930000066757202,2.930000066757202,2.930000066757202,12600
2026-06-18 15:20:00+00:00,2.9300999641418457,2.934999942779541,2.928999900817871,2.9298999309539795,123331
2026-06-18 15:22:00+00:00,2.930000066757202,2.934999942779541,2.9200000762939453,2.934999942779541,159813
2026-06-18 15:23:00+00:00,2.9300999641418457,2.9300999641418457,2.9300999641418457,2.9300999641418457,10000
2026-06-18 15:24:00+00:00,2.9300999641418457,2.9398999214172363,2.930000066757202,2.934999942779541,83105
2026-06-18 15:26:00+00:00,2.940000057220459,2.940000057220459,2.940000057220459,2.940000057220459,6749
2026-06-18 15:27:00+00:00,2.9400999546051025,2.9402999877929688,2.9400999546051025,2.9402999877929688,3000
2026-06-18 15:28:00+00:00,2.949899911880493,2.949899911880493,2.949899911880493,2.949899911880493,2450
2026-06-18 15:29:00+00:00,2.948199987411499,2.949899911880493,2.944999933242798,2.944999933242798,30900
2026-06-18 15:30:00+00:00,2.950000047683716,2.950000047683716,2.944999933242798,2.944999933242798,22600
2026-06-18 15:31:00+00:00,2.944999933242798,2.9500999450683594,2.944999933242798,2.950000047683716,53610
2026-06-18 15:32:00+00:00,2.9600000381469727,2.9600000381469727,2.9600000381469727,2.9600000381469727,0
2026-06-18 15:33:00+00:00,2.9600000381469727,2.9600000381469727,2.9549999237060547,2.95989990234375,68400
2026-06-18 15:34:00+00:00,2.9549999237060547,2.9549999237060547,2.9549999237060547,2.9549999237060547,1000
2026-06-18 15:35:00+00:00,2.9600000381469727,2.9649999141693115,2.959700107574463,2.9649999141693115,55101
2026-06-18 15:36:00+00:00,2.9649999141693115,2.9649999141693115,2.9649999141693115,2.9649999141693115,4652
2026-06-18 15:37:00+00:00,2.9609999656677246,2.969899892807007,2.960099935531616,2.969899892807007,14875
2026-06-18 15:38:00+00:00,2.9700000286102295,2.9798998832702637,2.9700000286102295,2.9798998832702637,35695
2026-06-18 15:39:00+00:00,2.970099925994873,2.9749999046325684,2.9600000381469727,2.969899892807007,220962
2026-06-18 15:40:00+00:00,2.9649999141693115,2.9749999046325684,2.9649999141693115,2.970099925994873,162503
2026-06-18 15:41:00+00:00,2.9700000286102295,2.9700000286102295,2.9600000381469727,2.9600000381469727,38073
2026-06-18 15:43:00+00:00,2.9649999141693115,2.9697000980377197,2.9649999141693115,2.9697000980377197,4050
2026-06-18 15:44:00+00:00,2.9700000286102295,2.9700000286102295,2.961999893188477,2.961999893188477,22460
2026-06-18 15:45:00+00:00,2.969899892807007,2.9749999046325684,2.9663000106811523,2.970099925994873,133659
2026-06-18 15:46:00+00:00,2.9800000190734863,2.9800000190734863,2.9800000190734863,2.9800000190734863,0
2026-06-18 15:47:00+00:00,2.9749999046325684,2.9749999046325684,2.9600000381469727,2.9649999141693115,141207
2026-06-18 15:48:00+00:00,2.969899892807007,2.969899892807007,2.969899892807007,2.969899892807007,5000
2026-06-18 15:51:00+00:00,2.9600000381469727,2.9600000381469727,2.9600000381469727,2.9600000381469727,6249
2026-06-18 15:52:00+00:00,2.9600000381469727,2.9600000381469727,2.950000047683716,2.9549999237060547,24624
2026-06-18 15:53:00+00:00,2.9549999237060547,2.9549999237060547,2.9549999237060547,2.9549999237060547,0
2026-06-18 15:55:00+00:00,2.9600000381469727,2.9600000381469727,2.949899911880493,2.949899911880493,57656
2026-06-18 15:58:00+00:00,2.9400999546051025,2.9400999546051025,2.930000066757202,2.930000066757202,49950
2026-06-18 15:59:00+00:00,2.9398999214172363,2.9398999214172363,2.934999942779541,2.934999942779541,9022
2026-06-18 16:00:00+00:00,2.930000066757202,2.9300999641418457,2.924999952316284,2.928999900817871,53795
2026-06-18 16:01:00+00:00,2.9291999340057373,2.930000066757202,2.924999952316284,2.9298999309539795,77500
2026-06-18 16:02:00+00:00,2.924999952316284,2.924999952316284,2.924999952316284,2.924999952316284,212
2026-06-18 16:03:00+00:00,2.930000066757202,2.930000066757202,2.924999952316284,2.930000066757202,162665
2026-06-18 16:04:00+00:00,2.9298999309539795,2.940000057220459,2.9298999309539795,2.940000057220459,84864
2026-06-18 16:05:00+00:00,2.9300999641418457,2.934999942779541,2.924999952316284,2.924999952316284,157138
2026-06-18 16:06:00+00:00,2.9298999309539795,2.9298999309539795,2.9298999309539795,2.9298999309539795,2472
2026-06-18 16:07:00+00:00,2.924999952316284,2.930000066757202,2.924999952316284,2.9298999309539795,113721
2026-06-18 16:08:00+00:00,2.924999952316284,2.930000066757202,2.924999952316284,2.930000066757202,46450
2026-06-18 16:09:00+00:00,2.934999942779541,2.934999942779541,2.934999942779541,2.934999942779541,0
2026-06-18 16:10:00+00:00,2.938100099563598,2.938100099563598,2.938100099563598,2.938100099563598,0
2026-06-18 16:11:00+00:00,2.9398999214172363,2.9398999214172363,2.934999942779541,2.934999942779541,39149
2026-06-18 16:12:00+00:00,2.930000066757202,2.938199996948242,2.930000066757202,2.938199996948242,0
2026-06-18 16:15:00+00:00,2.9398999214172363,2.9398999214172363,2.9398999214172363,2.9398999214172363,17071
2026-06-18 16:16:00+00:00,2.940000057220459,2.944999933242798,2.9398999214172363,2.944999933242798,41980
2026-06-18 16:17:00+00:00,2.9400999546051025,2.944999933242798,2.940000057220459,2.9400999546051025,167493
2026-06-18 16:19:00+00:00,2.9400999546051025,2.9400999546051025,2.940000057220459,2.940000057220459,37298
2026-06-18 16:29:00+00:00,2.934999942779541,2.934999942779541,2.934999942779541,2.934999942779541,531
2026-06-18 16:32:00+00:00,2.930000066757202,2.930000066757202,2.930000066757202,2.930000066757202,4201
2026-06-18 16:33:00+00:00,2.934999942779541,2.934999942779541,2.934999942779541,2.934999942779541,5163
2026-06-18 16:35:00+00:00,2.934999942779541,2.934999942779541,2.934999942779541,2.934999942779541,600
2026-06-18 16:36:00+00:00,2.937999963760376,2.937999963760376,2.937999963760376,2.937999963760376,10057
2026-06-18 16:37:00+00:00,2.934999942779541,2.934999942779541,2.934999942779541,2.934999942779541,0
2026-06-18 16:38:00+00:00,2.93179988861084,2.93179988861084,2.93179988861084,2.93179988861084,2423
2026-06-18 16:40:00+00:00,2.93969988822937,2.944999933242798,2.934999942779541,2.9400999546051025,179494
2026-06-18 16:41:00+00:00,2.9410998821258545,2.9410998821258545,2.930000066757202,2.930000066757202,35657
2026-06-18 16:44:00+00:00,2.940000057220459,2.940000057220459,2.940000057220459,2.940000057220459,720
2026-06-18 16:45:00+00:00,2.934999942779541,2.9398999214172363,2.934999942779541,2.9398999214172363,2411
2026-06-18 16:54:00+00:00,2.940000057220459,2.940000057220459,2.9363999366760254,2.9398999214172363,22350
2026-06-18 16:55:00+00:00,2.9398999214172363,2.944700002670288,2.934999942779541,2.944700002670288,100415
2026-06-18 16:56:00+00:00,2.9400999546051025,2.9481000900268555,2.940000057220459,2.940000057220459,74341
2026-06-18 16:57:00+00:00,2.9400999546051025,2.940200090408325,2.930000066757202,2.934999942779541,45840
2026-06-18 16:59:00+00:00,2.9398999214172363,2.9398999214172363,2.934999942779541,2.934999942779541,1520
2026-06-18 17:00:00+00:00,2.934999942779541,2.940000057220459,2.934999942779541,2.940000057220459,6900
2026-06-18 17:01:00+00:00,2.940000057220459,2.940999984741211,2.940000057220459,2.9400999546051025,37173
2026-06-18 17:03:00+00:00,2.9400999546051025,2.9407999515533447,2.940000057220459,2.940000057220459,49505
2026-06-18 17:04:00+00:00,2.944999933242798,2.944999933242798,2.944999933242798,2.944999933242798,0
2026-06-18 17:05:00+00:00,2.940000057220459,2.940000057220459,2.930000066757202,2.938199996948242,211368
2026-06-18 17:06:00+00:00,2.9388999938964844,2.9388999938964844,2.934999942779541,2.934999942779541,12300
2026-06-18 17:07:00+00:00,2.934999942779541,2.940000057220459,2.934999942779541,2.9398999214172363,17849
2026-06-18 17:12:00+00:00,2.934999942779541,2.934999942779541,2.934999942779541,2.934999942779541,8190
2026-06-18 17:15:00+00:00,2.934999942779541,2.938999891281128,2.934999942779541,2.934999942779541,2900
2026-06-18 17:16:00+00:00,2.940000057220459,2.940000057220459,2.9300999641418457,2.9300999641418457,5050
2026-06-18 17:23:00+00:00,2.9300999641418457,2.9312000274658203,2.9300999641418457,2.9312000274658203,450
2026-06-18 17:25:00+00:00,2.9398999214172363,2.940000057220459,2.9398999214172363,2.940000057220459,7000
2026-06-18 17:26:00+00:00,2.9398999214172363,2.940000057220459,2.9398999214172363,2.940000057220459,95133
2026-06-18 17:27:00+00:00,2.93969988822937,2.950000047683716,2.9382998943328857,2.940000057220459,147556
2026-06-18 17:28:00+00:00,2.9402999877929688,2.944999933242798,2.940000057220459,2.9400999546051025,72047
2026-06-18 17:29:00+00:00,2.9400999546051025,2.9400999546051025,2.9400999546051025,2.9400999546051025,37690
2026-06-18 17:30:00+00:00,2.934999942779541,2.9398999214172363,2.930000066757202,2.9398999214172363,6486
2026-06-18 17:33:00+00:00,2.940000057220459,2.940000057220459,2.940000057220459,2.940000057220459,687
2026-06-18 17:35:00+00:00,2.934999942779541,2.934999942779541,2.934999942779541,2.934999942779541,3874
2026-06-18 17:43:00+00:00,2.9300999641418457,2.9300999641418457,2.9300999641418457,2.9300999641418457,5000
2026-06-18 17:45:00+00:00,2.930000066757202,2.930000066757202,2.930000066757202,2.930000066757202,0
2026-06-18 17:50:00+00:00,2.9312000274658203,2.9312000274658203,2.9312000274658203,2.9312000274658203,219
2026-06-18 17:51:00+00:00,2.930000066757202,2.930000066757202,2.924999952316284,2.9298999309539795,61539
2026-06-18 17:54:00+00:00,2.930000066757202,2.9398999214172363,2.926399946212769,2.9398999214172363,202802
2026-06-18 17:55:00+00:00,2.9300999641418457,2.9300999641418457,2.9300999641418457,2.9300999641418457,6506
2026-06-18 17:57:00+00:00,2.934999942779541,2.934999942779541,2.934999942779541,2.934999942779541,200
2026-06-18 17:58:00+00:00,2.9300999641418457,2.9300999641418457,2.9300999641418457,2.9300999641418457,22102
2026-06-18 18:00:00+00:00,2.9300999641418457,2.9300999641418457,2.9300999641418457,2.9300999641418457,7165
2026-06-18 18:02:00+00:00,2.931299924850464,2.931299924850464,2.931299924850464,2.931299924850464,200
2026-06-18 18:03:00+00:00,2.940000057220459,2.940000057220459,2.934999942779541,2.9398999214172363,62298
2026-06-18 18:04:00+00:00,2.940000057220459,2.944999933242798,2.934999942779541,2.9400999546051025,50109
2026-06-18 18:05:00+00:00,2.9400999546051025,2.950000047683716,2.940000057220459,2.944999933242798,159618
2026-06-18 18:08:00+00:00,2.9400999546051025,2.9400999546051025,2.930000066757202,2.934999942779541,30501
2026-06-18 18:09:00+00:00,2.934999942779541,2.940000057220459,2.934999942779541,2.940000057220459,107951
2026-06-18 18:10:00+00:00,2.940000057220459,2.9400999546051025,2.9398999214172363,2.9400999546051025,64374
2026-06-18 18:11:00+00:00,2.9400999546051025,2.946000099182129,2.940000057220459,2.940000057220459,140548
2026-06-18 18:12:00+00:00,2.940000057220459,2.940000057220459,2.940000057220459,2.940000057220459,6797
2026-06-18 18:18:00+00:00,2.944999933242798,2.944999933242798,2.944999933242798,2.944999933242798,600
2026-06-18 18:19:00+00:00,2.940000057220459,2.944999933242798,2.940000057220459,2.944999933242798,10340
2026-06-18 18:22:00+00:00,2.940000057220459,2.940000057220459,2.940000057220459,2.940000057220459,17908
2026-06-18 18:23:00+00:00,2.944999933242798,2.944999933242798,2.944999933242798,2.944999933242798,291
2026-06-18 18:31:00+00:00,2.944999933242798,2.944999933242798,2.944999933242798,2.944999933242798,204
2026-06-18 18:32:00+00:00,2.944999933242798,2.950000047683716,2.944999933242798,2.950000047683716,40003
2026-06-18 18:42:00+00:00,2.95169997215271,2.95169997215271,2.95169997215271,2.95169997215271,200
2026-06-18 18:45:00+00:00,2.9549999237060547,2.9598000049591064,2.9549999237060547,2.9598000049591064,4725
2026-06-18 18:46:00+00:00,2.9600000381469727,2.9600000381469727,2.9549999237060547,2.95989990234375,76369
2026-06-18 18:47:00+00:00,2.95989990234375,2.9681999683380127,2.9549999237060547,2.9681999683380127,22920
2026-06-18 18:48:00+00:00,2.9700000286102295,2.9700000286102295,2.9600000381469727,2.960099935531616,93460
2026-06-18 18:50:00+00:00,2.968100070953369,2.968100070953369,2.9649999141693115,2.9649999141693115,0
2026-06-18 18:52:00+00:00,2.960099935531616,2.960099935531616,2.950000047683716,2.9549999237060547,42762
2026-06-18 18:53:00+00:00,2.95989990234375,2.95989990234375,2.9549999237060547,2.9549999237060547,1432
2026-06-18 18:55:00+00:00,2.9549999237060547,2.9549999237060547,2.9549999237060547,2.9549999237060547,600
2026-06-18 18:57:00+00:00,2.9549999237060547,2.9549999237060547,2.9549999237060547,2.9549999237060547,0
2026-06-18 19:00:00+00:00,2.9549999237060547,2.9549999237060547,2.9549999237060547,2.9549999237060547,17401
2026-06-18 19:01:00+00:00,2.9549999237060547,2.9549999237060547,2.9549999237060547,2.9549999237060547,5022
2026-06-18 19:02:00+00:00,2.95989990234375,2.95989990234375,2.95989990234375,2.95989990234375,2510
2026-06-18 19:04:00+00:00,2.9549999237060547,2.9549999237060547,2.9549999237060547,2.9549999237060547,5000
2026-06-18 19:06:00+00:00,2.9581000804901123,2.9581000804901123,2.9581000804901123,2.9581000804901123,0
2026-06-18 19:12:00+00:00,2.9600000381469727,2.9600000381469727,2.9600000381469727,2.9600000381469727,4000
2026-06-18 19:14:00+00:00,2.950000047683716,2.950000047683716,2.950000047683716,2.950000047683716,0
2026-06-18 19:15:00+00:00,2.9500999450683594,2.9500999450683594,2.944999933242798,2.944999933242798,99430
2026-06-18 19:20:00+00:00,2.940000057220459,2.940000057220459,2.9398999214172363,2.940000057220459,148119
2026-06-18 19:21:00+00:00,2.934999942779541,2.934999942779541,2.934999942779541,2.934999942779541,0
2026-06-18 19:23:00+00:00,2.940000057220459,2.950000047683716,2.940000057220459,2.950000047683716,19433
2026-06-18 19:24:00+00:00,2.949899911880493,2.949899911880493,2.949899911880493,2.949899911880493,8200
2026-06-18 19:25:00+00:00,2.941999912261963,2.941999912261963,2.941999912261963,2.941999912261963,0
2026-06-18 19:28:00+00:00,2.950000047683716,2.9600000381469727,2.950000047683716,2.9600000381469727,220581
2026-06-18 19:31:00+00:00,2.9500999450683594,2.95989990234375,2.9500999450683594,2.95989990234375,7350
2026-06-18 19:32:00+00:00,2.9549999237060547,2.9549999237060547,2.9549999237060547,2.9549999237060547,1336
2026-06-18 19:33:00+00:00,2.950200080871582,2.950200080871582,2.950000047683716,2.950000047683716,40400
2026-06-18 19:34:00+00:00,2.950000047683716,2.950000047683716,2.950000047683716,2.950000047683716,268003
2026-06-18 19:35:00+00:00,2.940000057220459,2.940000057220459,2.940000057220459,2.940000057220459,7030
2026-06-18 19:36:00+00:00,2.9400999546051025,2.944999933242798,2.9400999546051025,2.944999933242798,8800
2026-06-18 19:37:00+00:00,2.949899911880493,2.949899911880493,2.949899911880493,2.949899911880493,0
2026-06-18 19:38:00+00:00,2.944999933242798,2.944999933242798,2.9400999546051025,2.940700054168701,6370
2026-06-18 19:39:00+00:00,2.944999933242798,2.944999933242798,2.944999933242798,2.944999933242798,153
2026-06-18 19:40:00+00:00,2.940000057220459,2.9400999546051025,2.940000057220459,2.9400999546051025,14154
2026-06-18 19:43:00+00:00,2.949899911880493,2.949899911880493,2.949899911880493,2.949899911880493,6600
2026-06-18 19:44:00+00:00,2.940000057220459,2.940000057220459,2.940000057220459,2.940000057220459,0
2026-06-18 19:45:00+00:00,2.940000057220459,2.940000057220459,2.934999942779541,2.934999942779541,2439
2026-06-18 19:46:00+00:00,2.9354000091552734,2.9354000091552734,2.9354000091552734,2.9354000091552734,501
2026-06-18 19:49:00+00:00,2.934999942779541,2.934999942779541,2.934999942779541,2.934999942779541,3015
2026-06-18 19:50:00+00:00,2.934999942779541,2.940000057220459,2.934999942779541,2.940000057220459,7344
2026-06-18 19:51:00+00:00,2.930000066757202,2.930000066757202,2.924999952316284,2.924999952316284,51451
2026-06-18 19:53:00+00:00,2.9200000762939453,2.924999952316284,2.9200000762939453,2.920099973678589,186866
2026-06-18 19:54:00+00:00,2.9200000762939453,2.9298999309539795,2.9100000858306885,2.9149999618530273,175446
2026-06-18 19:55:00+00:00,2.9149999618530273,2.920099973678589,2.9149999618530273,2.9149999618530273,48523
2026-06-18 19:56:00+00:00,2.9100000858306885,2.9100000858306885,2.9100000858306885,2.9100000858306885,6193
2026-06-18 19:57:00+00:00,2.9049999713897705,2.909899950027466,2.900099992752075,2.900099992752075,1656
2026-06-18 19:58:00+00:00,2.9000000953674316,2.9000000953674316,2.9000000953674316,2.9000000953674316,7100
2026-06-18 19:59:00+00:00,2.9049999713897705,2.9100000858306885,2.9049999713897705,2.9100000858306885,44067
2026-06-18 20:00:00+00:00,2.91,2.92,2.91,2.92,0
2026-06-18 20:01:00+00:00,2.9103,2.9103,2.9103,2.9103,0
2026-06-18 20:02:00+00:00,2.9299,2.9299,2.9299,2.9299,0
2026-06-18 20:03:00+00:00,2.9203,2.93,2.92,2.93,0
2026-06-18 20:04:00+00:00,2.91,2.93,2.91,2.91,0
2026-06-18 20:05:00+00:00,2.92,2.92,2.92,2.92,0
2026-06-18 20:06:00+00:00,2.9197,2.9197,2.9197,2.9197,0
2026-06-18 20:07:00+00:00,2.92,2.92,2.92,2.92,0
2026-06-18 20:09:00+00:00,2.9113,2.9113,2.9113,2.9113,0
2026-06-18 20:10:00+00:00,2.91,2.91,2.91,2.91,0
2026-06-18 20:11:00+00:00,2.9198,2.9198,2.9198,2.9198,0
2026-06-18 20:15:00+00:00,2.91,2.91,2.91,2.91,0
2026-06-18 20:23:00+00:00,2.9102,2.9199,2.9102,2.9199,0
2026-06-18 20:26:00+00:00,2.9111,2.9111,2.9111,2.9111,0
2026-06-18 20:29:00+00:00,2.92,2.92,2.92,2.92,0
2026-06-18 20:30:00+00:00,2.92,2.92,2.92,2.92,0
2026-06-18 20:36:00+00:00,2.92,2.92,2.92,2.92,0
2026-06-18 20:40:00+00:00,2.92,2.92,2.92,2.92,0
2026-06-18 20:44:00+00:00,2.92,2.92,2.92,2.92,0
2026-06-18 20:45:00+00:00,2.9197,2.92,2.9197,2.92,0
2026-06-18 20:53:00+00:00,2.92,2.92,2.92,2.92,0
2026-06-18 21:02:00+00:00,2.92,2.92,2.92,2.92,0
2026-06-18 21:07:00+00:00,2.92,2.92,2.91,2.91,0
2026-06-18 21:08:00+00:00,2.91,2.91,2.91,2.91,0
2026-06-18 21:14:00+00:00,2.91,2.91,2.91,2.91,0
2026-06-18 21:19:00+00:00,2.91,2.91,2.91,2.91,0
2026-06-18 21:20:00+00:00,2.91,2.91,2.91,2.91,0
2026-06-18 21:38:00+00:00,2.91,2.91,2.91,2.91,0
2026-06-18 21:47:00+00:00,2.9195,2.9195,2.9195,2.9195,0
2026-06-18 21:54:00+00:00,2.91,2.91,2.91,2.91,0
2026-06-18 22:19:00+00:00,2.91,2.91,2.91,2.91,0
2026-06-18 22:34:00+00:00,2.92,2.92,2.92,2.92,0
2026-06-18 23:12:00+00:00,2.93,2.93,2.93,2.93,0
2026-06-18 23:42:00+00:00,2.9289,2.9289,2.9289,2.9289,0
2026-06-18 23:43:00+00:00,2.93,2.93,2.93,2.93,0
2026-06-18 23:50:00+00:00,2.93,2.93,2.93,2.93,0
2026-06-22 08:00:00+00:00,2.94,2.94,2.91,2.91,0
2026-06-22 08:01:00+00:00,2.93,2.95,2.91,2.91,0
2026-06-22 08:09:00+00:00,2.92,2.92,2.92,2.92,0
2026-06-22 09:05:00+00:00,2.91,2.91,2.91,2.91,0
2026-06-22 09:45:00+00:00,2.9005,2.9005,2.9005,2.9005,0
2026-06-22 10:29:00+00:00,2.9005,2.9005,2.9005,2.9005,0
2026-06-22 10:30:00+00:00,2.91,2.91,2.91,2.91,0
2026-06-22 11:00:00+00:00,2.9198,2.9198,2.91,2.9101,0
2026-06-22 11:01:00+00:00,2.9103,2.9103,2.9103,2.9103,0
2026-06-22 11:05:00+00:00,2.9,2.9,2.8999,2.8999,0
2026-06-22 11:21:00+00:00,2.91,2.91,2.91,2.91,0
2026-06-22 11:26:00+00:00,2.9,2.9,2.8987,2.9,0
2026-06-22 11:27:00+00:00,2.8987,2.9,2.8987,2.8999,0
2026-06-22 11:37:00+00:00,2.9,2.9,2.9,2.9,0
2026-06-22 11:39:00+00:00,2.9,2.9,2.9,2.9,0
2026-06-22 11:43:00+00:00,2.91,2.91,2.9097,2.9097,0
2026-06-22 11:50:00+00:00,2.91,2.91,2.91,2.91,0
2026-06-22 11:52:00+00:00,2.9095,2.9095,2.9095,2.9095,0
2026-06-22 11:58:00+00:00,2.91,2.91,2.91,2.91,0
2026-06-22 12:00:00+00:00,2.91,2.91,2.91,2.91,0
2026-06-22 12:06:00+00:00,2.9013,2.9013,2.9013,2.9013,0
2026-06-22 12:12:00+00:00,2.91,2.91,2.91,2.91,0
2026-06-22 12:21:00+00:00,2.9,2.9,2.9,2.9,0
2026-06-22 12:26:00+00:00,2.8901,2.8901,2.8901,2.8901,0
2026-06-22 13:09:00+00:00,2.89,2.89,2.89,2.89,0
2026-06-22 13:14:00+00:00,2.8899,2.8899,2.8899,2.8899,0
2026-06-22 13:23:00+00:00,2.8787,2.8787,2.8787,2.8787,0
2026-06-22 13:26:00+00:00,2.8799,2.88,2.8799,2.88,0
2026-06-22 13:27:00+00:00,2.8898,2.8898,2.8898,2.8898,0
2026-06-22 13:30:00+00:00,2.880000114440918,2.880000114440918,2.8499999046325684,2.851300001144409,105638
2026-06-22 13:31:00+00:00,2.8589000701904297,2.859999895095825,2.8499999046325684,2.859999895095825,52930
2026-06-22 13:32:00+00:00,2.880000114440918,2.909899950027466,2.880000114440918,2.909899950027466,63178
2026-06-22 13:33:00+00:00,2.9200000762939453,2.9200000762939453,2.9000000953674316,2.9000000953674316,51973
2026-06-22 13:34:00+00:00,2.8901000022888184,2.899899959564209,2.890000104904175,2.890000104904175,28570
2026-06-22 13:35:00+00:00,2.875,2.880000114440918,2.875,2.880000114440918,30375
2026-06-22 13:37:00+00:00,2.889899969100952,2.890000104904175,2.889899969100952,2.890000104904175,31058
2026-06-22 13:39:00+00:00,2.889899969100952,2.889899969100952,2.884999990463257,2.889899969100952,86435
2026-06-22 13:40:00+00:00,2.889899969100952,2.8901000022888184,2.889899969100952,2.8901000022888184,113185
2026-06-22 13:41:00+00:00,2.8901000022888184,2.8949999809265137,2.890000104904175,2.8949999809265137,0
2026-06-22 13:42:00+00:00,2.8949999809265137,2.899899959564209,2.8919999599456787,2.8919999599456787,12075
2026-06-22 13:43:00+00:00,2.899899959564209,2.9049999713897705,2.899899959564209,2.900099992752075,128012
2026-06-22 13:44:00+00:00,2.9000000953674316,2.9000000953674316,2.889899969100952,2.890000104904175,123788
2026-06-22 13:46:00+00:00,2.869999885559082,2.8736000061035156,2.869999885559082,2.8736000061035156,86269
2026-06-22 13:48:00+00:00,2.8450000286102295,2.849900007247925,2.8399999141693115,2.8399999141693115,7243
2026-06-22 13:49:00+00:00,2.8397998809814453,2.8450000286102295,2.8350000381469727,2.8399999141693115,23820
2026-06-22 13:50:00+00:00,2.825000047683716,2.825000047683716,2.8101000785827637,2.819999933242798,39844
2026-06-22 13:51:00+00:00,2.8101000785827637,2.819999933242798,2.8101000785827637,2.819999933242798,37206
2026-06-22 13:52:00+00:00,2.8101000785827637,2.8101000785827637,2.799999952316284,2.799999952316284,31265
2026-06-22 13:53:00+00:00,2.805000066757202,2.809999942779541,2.799999952316284,2.809000015258789,9762
2026-06-22 13:54:00+00:00,2.809999942779541,2.81030011177063,2.799999952316284,2.805000066757202,59136
2026-06-22 13:55:00+00:00,2.805000066757202,2.805000066757202,2.800100088119507,2.805000066757202,23113
2026-06-22 13:56:00+00:00,2.799999952316284,2.799999952316284,2.789900064468384,2.789900064468384,81870
2026-06-22 13:57:00+00:00,2.7850000858306885,2.7850000858306885,2.780100107192993,2.780100107192993,3426
2026-06-22 13:58:00+00:00,2.7850000858306885,2.789799928665161,2.7850000858306885,2.787100076675415,3960
2026-06-22 13:59:00+00:00,2.7850000858306885,2.7899999618530273,2.7850000858306885,2.7899999618530273,60812
2026-06-22 14:00:00+00:00,2.809999942779541,2.818000078201294,2.809999942779541,2.818000078201294,69258
2026-06-22 14:01:00+00:00,2.8199000358581543,2.8299999237060547,2.8199000358581543,2.825000047683716,36569
2026-06-22 14:02:00+00:00,2.8297998905181885,2.8297998905181885,2.8297998905181885,2.8297998905181885,109
2026-06-22 14:03:00+00:00,2.8297998905181885,2.8297998905181885,2.8297998905181885,2.8297998905181885,31175
2026-06-22 14:04:00+00:00,2.838900089263916,2.838900089263916,2.819999933242798,2.819999933242798,55599
2026-06-22 14:05:00+00:00,2.8299999237060547,2.8299999237060547,2.8201000690460205,2.8299999237060547,47003
2026-06-22 14:06:00+00:00,2.829900026321411,2.829900026321411,2.829900026321411,2.829900026321411,2000
2026-06-22 14:07:00+00:00,2.825000047683716,2.825000047683716,2.825000047683716,2.825000047683716,4160
2026-06-22 14:08:00+00:00,2.8201000690460205,2.8299999237060547,2.819999933242798,2.829900026321411,37900
2026-06-22 14:09:00+00:00,2.8299999237060547,2.8350000381469727,2.8299999237060547,2.8350000381469727,8752
2026-06-22 14:10:00+00:00,2.8299999237060547,2.843600034713745,2.8299999237060547,2.841200113296509,27979
2026-06-22 14:11:00+00:00,2.8482000827789307,2.8499999046325684,2.8482000827789307,2.8499999046325684,52504
2026-06-22 14:12:00+00:00,2.850100040435791,2.850100040435791,2.850100040435791,2.850100040435791,8535
2026-06-22 14:13:00+00:00,2.850100040435791,2.850100040435791,2.850100040435791,2.850100040435791,15000
2026-06-22 14:15:00+00:00,2.859999895095825,2.859999895095825,2.8550000190734863,2.8598999977111816,32466
2026-06-22 14:16:00+00:00,2.859800100326538,2.8610999584198,2.8499999046325684,2.8598999977111816,186063
2026-06-22 14:17:00+00:00,2.8550000190734863,2.859999895095825,2.8499999046325684,2.859999895095825,91965
2026-06-22 14:19:00+00:00,2.865000009536743,2.865000009536743,2.860100030899048,2.860100030899048,13000
2026-06-22 14:20:00+00:00,2.8680999279022217,2.869999885559082,2.8680999279022217,2.8698999881744385,23109
2026-06-22 14:22:00+00:00,2.8698999881744385,2.8698999881744385,2.8698999881744385,2.8698999881744385,600
2026-06-22 14:23:00+00:00,2.865000009536743,2.880000114440918,2.865000009536743,2.8736000061035156,97312
2026-06-22 14:24:00+00:00,2.880000114440918,2.884999990463257,2.8798999786376953,2.8801000118255615,121186
2026-06-22 14:25:00+00:00,2.880000114440918,2.888200044631958,2.875,2.875,42036
2026-06-22 14:26:00+00:00,2.875,2.875,2.875,2.875,0
2026-06-22 14:27:00+00:00,2.8798999786376953,2.880000114440918,2.8789000511169434,2.879699945449829,180559
2026-06-22 14:28:00+00:00,2.8801000118255615,2.884999990463257,2.8780999183654785,2.8780999183654785,162877
2026-06-22 14:30:00+00:00,2.878999948501587,2.880000114440918,2.875,2.880000114440918,85562
2026-06-22 14:31:00+00:00,2.8880999088287354,2.889899969100952,2.880000114440918,2.8819000720977783,58636
2026-06-22 14:32:00+00:00,2.890000104904175,2.890000104904175,2.889899969100952,2.889899969100952,39455
2026-06-22 14:33:00+00:00,2.8901000022888184,2.8901000022888184,2.8901000022888184,2.8901000022888184,600
2026-06-22 14:34:00+00:00,2.8901000022888184,2.8901000022888184,2.880000114440918,2.8801000118255615,52159
2026-06-22 14:35:00+00:00,2.875,2.8798999786376953,2.875,2.8798999786376953,65002
2026-06-22 14:36:00+00:00,2.875,2.875,2.875,2.875,5045
2026-06-22 14:37:00+00:00,2.880000114440918,2.880000114440918,2.8798999786376953,2.880000114440918,72508
2026-06-22 14:38:00+00:00,2.880000114440918,2.880000114440918,2.8798999786376953,2.880000114440918,41024
2026-06-22 14:39:00+00:00,2.884999990463257,2.8949999809265137,2.880000114440918,2.880000114440918,358560
2026-06-22 14:40:00+00:00,2.884999990463257,2.884999990463257,2.869999885559082,2.869999885559082,47300
2026-06-22 14:41:00+00:00,2.880000114440918,2.889899969100952,2.875,2.889899969100952,146381
2026-06-22 14:42:00+00:00,2.889899969100952,2.890000104904175,2.884999990463257,2.884999990463257,23800
2026-06-22 14:43:00+00:00,2.889899969100952,2.890000104904175,2.884999990463257,2.890000104904175,132675
2026-06-22 14:44:00+00:00,2.8901000022888184,2.8949999809265137,2.8901000022888184,2.8949999809265137,12937
2026-06-22 14:45:00+00:00,2.890000104904175,2.8949999809265137,2.880000114440918,2.8801000118255615,224973
2026-06-22 14:46:00+00:00,2.880000114440918,2.884999990463257,2.869999885559082,2.869999885559082,41962
2026-06-22 14:47:00+00:00,2.880000114440918,2.8801000118255615,2.8789000511169434,2.880000114440918,66303
2026-06-22 14:48:00+00:00,2.8810999393463135,2.884999990463257,2.880000114440918,2.884999990463257,34117
2026-06-22 14:49:00+00:00,2.880000114440918,2.880000114440918,2.880000114440918,2.880000114440918,15284
2026-06-22 14:51:00+00:00,2.880000114440918,2.880000114440918,2.869999885559082,2.8798999786376953,40876
2026-06-22 14:53:00+00:00,2.880000114440918,2.884999990463257,2.8798999786376953,2.8801000118255615,130224
2026-06-22 14:54:00+00:00,2.884999990463257,2.893699884414673,2.880000114440918,2.880000114440918,169829
2026-06-22 14:56:00+00:00,2.8801000118255615,2.884999990463257,2.869999885559082,2.875,78506
2026-06-22 14:57:00+00:00,2.869999885559082,2.875,2.869999885559082,2.875,73300
2026-06-22 14:58:00+00:00,2.8701000213623047,2.875,2.8701000213623047,2.8701000213623047,29781
2026-06-22 14:59:00+00:00,2.8698999881744385,2.869999885559082,2.860100030899048,2.8698999881744385,95980
2026-06-22 15:00:00+00:00,2.8698999881744385,2.880000114440918,2.859999895095825,2.859999895095825,156585
2026-06-22 15:01:00+00:00,2.859999895095825,2.860100030899048,2.859999895095825,2.859999895095825,2747
2026-06-22 15:04:00+00:00,2.860100030899048,2.865000009536743,2.860100030899048,2.865000009536743,5351
2026-06-22 15:05:00+00:00,2.869999885559082,2.869999885559082,2.869999885559082,2.869999885559082,13141
2026-06-22 15:06:00+00:00,2.869999885559082,2.869999885559082,2.869999885559082,2.869999885559082,1565
2026-06-22 15:08:00+00:00,2.859999895095825,2.8601999282836914,2.8499999046325684,2.8499999046325684,46542
2026-06-22 15:09:00+00:00,2.8598999977111816,2.8598999977111816,2.8598999977111816,2.8598999977111816,7800
2026-06-22 15:10:00+00:00,2.859999895095825,2.865000009536743,2.859999895095825,2.860100030899048,131531
2026-06-22 15:11:00+00:00,2.8624000549316406,2.8624000549316406,2.8624000549316406,2.8624000549316406,0
2026-06-22 15:12:00+00:00,2.865000009536743,2.8698999881744385,2.865000009536743,2.8698999881744385,7350
2026-06-22 15:14:00+00:00,2.865000009536743,2.865000009536743,2.865000009536743,2.865000009536743,2626
2026-06-22 15:18:00+00:00,2.8601999282836914,2.8624000549316406,2.8550000190734863,2.8550000190734863,351929
2026-06-22 15:19:00+00:00,2.859999895095825,2.859999895095825,2.859999895095825,2.859999895095825,32963
2026-06-22 15:20:00+00:00,2.8696999549865723,2.8696999549865723,2.8696999549865723,2.8696999549865723,4597
2026-06-22 15:21:00+00:00,2.860100030899048,2.8603999614715576,2.860100030899048,2.8603999614715576,15555
2026-06-22 15:22:00+00:00,2.860100030899048,2.860300064086914,2.8499999046325684,2.859999895095825,264928
2026-06-22 15:23:00+00:00,2.865000009536743,2.865000009536743,2.865000009536743,2.865000009536743,9920
2026-06-22 15:24:00+00:00,2.859999895095825,2.859999895095825,2.859999895095825,2.859999895095825,24296
2026-06-22 15:25:00+00:00,2.865000009536743,2.865000009536743,2.865000009536743,2.865000009536743,10322
2026-06-22 15:27:00+00:00,2.859999895095825,2.859999895095825,2.859999895095825,2.859999895095825,0
2026-06-22 15:28:00+00:00,2.869999885559082,2.872299909591675,2.8698999881744385,2.869999885559082,94141
2026-06-22 15:30:00+00:00,2.875,2.875,2.8719000816345215,2.8719000816345215,11492
2026-06-22 15:33:00+00:00,2.869999885559082,2.869999885559082,2.869999885559082,2.869999885559082,48470
2026-06-22 15:34:00+00:00,2.8719000816345215,2.8719000816345215,2.8719000816345215,2.8719000816345215,0
2026-06-22 15:35:00+00:00,2.880000114440918,2.8801000118255615,2.8798999786376953,2.8801000118255615,78986
2026-06-22 15:36:00+00:00,2.8801000118255615,2.889899969100952,2.8801000118255615,2.889899969100952,7630
2026-06-22 15:41:00+00:00,2.880000114440918,2.8801000118255615,2.869999885559082,2.869999885559082,44783
2026-06-22 15:43:00+00:00,2.880000114440918,2.880000114440918,2.880000114440918,2.880000114440918,34398
2026-06-22 15:45:00+00:00,2.884999990463257,2.884999990463257,2.8724000453948975,2.8724000453948975,80515
2026-06-22 15:47:00+00:00,2.8798999786376953,2.884999990463257,2.874000072479248,2.884999990463257,124371
2026-06-22 15:48:00+00:00,2.884999990463257,2.884999990463257,2.884999990463257,2.884999990463257,0
2026-06-22 15:49:00+00:00,2.890000104904175,2.9049999713897705,2.890000104904175,2.900099992752075,153501
2026-06-22 15:50:00+00:00,2.9049999713897705,2.9049999713897705,2.890000104904175,2.890000104904175,74390
2026-06-22 15:51:00+00:00,2.8917999267578125,2.8917999267578125,2.8917999267578125,2.8917999267578125,200
2026-06-22 15:53:00+00:00,2.899899959564209,2.899899959564209,2.899899959564209,2.899899959564209,4700
2026-06-22 15:54:00+00:00,2.9000000953674316,2.904400110244751,2.8949999809265137,2.904400110244751,94339
2026-06-22 15:55:00+00:00,2.901299953460694,2.901299953460694,2.9000000953674316,2.9000000953674316,46816
2026-06-22 15:56:00+00:00,2.900099992752075,2.9049999713897705,2.900099992752075,2.9049999713897705,7720
2026-06-22 15:58:00+00:00,2.9049999713897705,2.9100000858306885,2.9049999713897705,2.9100000858306885,96370
2026-06-22 15:59:00+00:00,2.9100000858306885,2.9200000762939453,2.9100000858306885,2.9200000762939453,132975
2026-06-22 16:00:00+00:00,2.9100000858306885,2.9100000858306885,2.9100000858306885,2.9100000858306885,48146
2026-06-22 16:01:00+00:00,2.9100000858306885,2.9198999404907227,2.9049999713897705,2.9149999618530273,54556
2026-06-22 16:02:00+00:00,2.9149999618530273,2.9149999618530273,2.910099983215332,2.911900043487549,12727
2026-06-22 16:03:00+00:00,2.9149999618530273,2.9149999618530273,2.9149999618530273,2.9149999618530273,1510
2026-06-22 16:04:00+00:00,2.9149999618530273,2.9149999618530273,2.9149999618530273,2.9149999618530273,0
2026-06-22 16:05:00+00:00,2.9184999465942383,2.9184999465942383,2.9184999465942383,2.9184999465942383,4096
2026-06-22 16:07:00+00:00,2.9149999618530273,2.9149999618530273,2.9149999618530273,2.9149999618530273,200
2026-06-22 16:08:00+00:00,2.910099983215332,2.9149999618530273,2.9000000953674316,2.9049999713897705,40291
2026-06-22 16:10:00+00:00,2.900099992752075,2.900099992752075,2.890000104904175,2.8901000022888184,21137
2026-06-22 16:11:00+00:00,2.899899959564209,2.9000000953674316,2.899899959564209,2.9000000953674316,11600
2026-06-22 16:15:00+00:00,2.890700101852417,2.9000000953674316,2.890700101852417,2.8949999809265137,28715
2026-06-22 16:17:00+00:00,2.8949999809265137,2.8949999809265137,2.8949999809265137,2.8949999809265137,0
2026-06-22 16:18:00+00:00,2.899899959564209,2.9000000953674316,2.8949999809265137,2.9000000953674316,42840
2026-06-22 16:19:00+00:00,2.9000000953674316,2.9000000953674316,2.8919999599456787,2.8919999599456787,5458
2026-06-22 16:20:00+00:00,2.8901000022888184,2.8905999660491943,2.890000104904175,2.8901000022888184,94704
2026-06-22 16:21:00+00:00,2.8949999809265137,2.8949999809265137,2.8949999809265137,2.8949999809265137,0
2026-06-22 16:23:00+00:00,2.8949999809265137,2.8949999809265137,2.8949999809265137,2.8949999809265137,106
2026-06-22 16:31:00+00:00,2.8949999809265137,2.8949999809265137,2.8949999809265137,2.8949999809265137,4800
2026-06-22 16:32:00+00:00,2.8901000022888184,2.899899959564209,2.8901000022888184,2.899899959564209,4203
2026-06-22 16:34:00+00:00,2.890000104904175,2.890000104904175,2.890000104904175,2.890000104904175,2301
2026-06-22 16:35:00+00:00,2.9000000953674316,2.9000000953674316,2.8949999809265137,2.899899959564209,154400
2026-06-22 16:36:00+00:00,2.899899959564209,2.900099992752075,2.899899959564209,2.9000000953674316,119960
2026-06-22 16:37:00+00:00,2.9049999713897705,2.9049999713897705,2.9049999713897705,2.9049999713897705,0
2026-06-22 16:39:00+00:00,2.900099992752075,2.900099992752075,2.890000104904175,2.899899959564209,89550
2026-06-22 16:41:00+00:00,2.8901000022888184,2.8901000022888184,2.8901000022888184,2.8901000022888184,2801
2026-06-22 16:46:00+00:00,2.8949999809265137,2.899899959564209,2.8949999809265137,2.8987998962402344,23261
2026-06-22 16:48:00+00:00,2.8901000022888184,2.8901000022888184,2.890000104904175,2.890000104904175,102863
2026-06-22 16:49:00+00:00,2.884999990463257,2.884999990463257,2.8801000118255615,2.8801000118255615,78066
2026-06-22 16:50:00+00:00,2.880000114440918,2.880000114440918,2.869999885559082,2.875,71507
2026-06-22 16:51:00+00:00,2.879699945449829,2.879699945449829,2.879699945449829,2.879699945449829,8207
2026-06-22 16:52:00+00:00,2.8717000484466553,2.8717000484466553,2.8717000484466553,2.8717000484466553,0
2026-06-22 16:53:00+00:00,2.8736000061035156,2.8736000061035156,2.8736000061035156,2.8736000061035156,601
2026-06-22 16:56:00+00:00,2.8798999786376953,2.884999990463257,2.8789000511169434,2.8801000118255615,206526
2026-06-22 16:57:00+00:00,2.8801000118255615,2.8801000118255615,2.8801000118255615,2.8801000118255615,4150
2026-06-22 16:58:00+00:00,2.880000114440918,2.880000114440918,2.875,2.880000114440918,285021
2026-06-22 16:59:00+00:00,2.8798999786376953,2.880000114440918,2.879699945449829,2.879699945449829,70939
2026-06-22 17:05:00+00:00,2.8701000213623047,2.8801000118255615,2.8701000213623047,2.8801000118255615,41059
2026-06-22 17:07:00+00:00,2.890000104904175,2.8949999809265137,2.890000104904175,2.890000104904175,250156
2026-06-22 17:08:00+00:00,2.890000104904175,2.899899959564209,2.890000104904175,2.8910999298095703,38406
2026-06-22 17:09:00+00:00,2.898099899291992,2.898099899291992,2.898099899291992,2.898099899291992,0
2026-06-22 17:13:00+00:00,2.890000104904175,2.890000104904175,2.880000114440918,2.884999990463257,53050
2026-06-22 17:20:00+00:00,2.880000114440918,2.880000114440918,2.880000114440918,2.880000114440918,21471
2026-06-22 17:39:00+00:00,2.880000114440918,2.880000114440918,2.880000114440918,2.880000114440918,13289
2026-06-22 17:40:00+00:00,2.8801000118255615,2.884999990463257,2.8801000118255615,2.884999990463257,5700
2026-06-22 17:42:00+00:00,2.8801000118255615,2.8801000118255615,2.8801000118255615,2.8801000118255615,34802
2026-06-22 17:49:00+00:00,2.8898000717163086,2.8898000717163086,2.8898000717163086,2.8898000717163086,0
2026-06-22 17:50:00+00:00,2.880000114440918,2.880000114440918,2.869999885559082,2.869999885559082,116274
2026-06-22 17:51:00+00:00,2.875,2.8798999786376953,2.875,2.8798999786376953,32668
2026-06-22 17:52:00+00:00,2.8701000213623047,2.8701000213623047,2.8701000213623047,2.8701000213623047,0
2026-06-22 17:53:00+00:00,2.8701000213623047,2.8701000213623047,2.859999895095825,2.8698999881744385,29177
2026-06-22 17:54:00+00:00,2.865000009536743,2.865000009536743,2.865000009536743,2.865000009536743,0
2026-06-22 17:57:00+00:00,2.868299961090088,2.868299961090088,2.868299961090088,2.868299961090088,200
2026-06-22 17:58:00+00:00,2.869999885559082,2.869999885559082,2.8696999549865723,2.869999885559082,212333
2026-06-22 17:59:00+00:00,2.865000009536743,2.8698999881744385,2.865000009536743,2.8698999881744385,10388
2026-06-22 18:00:00+00:00,2.865000009536743,2.865000009536743,2.865000009536743,2.865000009536743,6100
2026-06-22 18:01:00+00:00,2.869999885559082,2.880000114440918,2.859999895095825,2.8701000213623047,96079
2026-06-22 18:02:00+00:00,2.8701000213623047,2.8701000213623047,2.8701000213623047,2.8701000213623047,4902
2026-06-22 18:04:00+00:00,2.8701000213623047,2.875,2.8701000213623047,2.875,11471
2026-06-22 18:10:00+00:00,2.8701000213623047,2.8701000213623047,2.869999885559082,2.8701000213623047,127607
2026-06-22 18:11:00+00:00,2.875,2.875,2.875,2.875,0
2026-06-22 18:16:00+00:00,2.869999885559082,2.869999885559082,2.865000009536743,2.865000009536743,28722
2026-06-22 18:17:00+00:00,2.865000009536743,2.865000009536743,2.865000009536743,2.865000009536743,4600
2026-06-22 18:19:00+00:00,2.865000009536743,2.8698999881744385,2.859999895095825,2.8698999881744385,2853
2026-06-22 18:22:00+00:00,2.869999885559082,2.869999885559082,2.869999885559082,2.869999885559082,20000
2026-06-22 18:24:00+00:00,2.868499994277954,2.869999885559082,2.868499994277954,2.869999885559082,0
2026-06-22 18:25:00+00:00,2.865000009536743,2.865000009536743,2.865000009536743,2.865000009536743,50
2026-06-22 18:26:00+00:00,2.865000009536743,2.871000051498413,2.859999895095825,2.871000051498413,108262
2026-06-22 18:27:00+00:00,2.8701000213623047,2.875,2.869999885559082,2.8701000213623047,35374
2026-06-22 18:30:00+00:00,2.8701000213623047,2.8710999488830566,2.865000009536743,2.865000009536743,92948
2026-06-22 18:31:00+00:00,2.865000009536743,2.865000009536743,2.865000009536743,2.865000009536743,287
2026-06-22 18:35:00+00:00,2.8698999881744385,2.8698999881744385,2.8698999881744385,2.8698999881744385,2502
2026-06-22 18:37:00+00:00,2.865000009536743,2.865000009536743,2.865000009536743,2.865000009536743,173
2026-06-22 18:39:00+00:00,2.865000009536743,2.865000009536743,2.865000009536743,2.865000009536743,206
2026-06-22 18:40:00+00:00,2.865000009536743,2.869999885559082,2.865000009536743,2.8698999881744385,80618
2026-06-22 18:47:00+00:00,2.870300054550171,2.8736000061035156,2.870300054550171,2.8736000061035156,7300
2026-06-22 18:49:00+00:00,2.869999885559082,2.8701000213623047,2.869999885559082,2.869999885559082,140645
2026-06-22 18:51:00+00:00,2.8701000213623047,2.8701000213623047,2.859999895095825,2.865000009536743,38665
2026-06-22 18:52:00+00:00,2.869999885559082,2.869999885559082,2.8696999549865723,2.8698999881744385,257510
2026-06-22 18:53:00+00:00,2.875,2.875,2.8701000213623047,2.8701000213623047,64613
2026-06-22 18:54:00+00:00,2.875,2.875,2.8701000213623047,2.8710999488830566,226491
2026-06-22 18:58:00+00:00,2.869999885559082,2.869999885559082,2.869999885559082,2.869999885559082,201
2026-06-22 19:03:00+00:00,2.869999885559082,2.869999885559082,2.859999895095825,2.865000009536743,42913
2026-06-22 19:05:00+00:00,2.869999885559082,2.869999885559082,2.865000009536743,2.8698999881744385,332050
2026-06-22 19:06:00+00:00,2.865000009536743,2.869999885559082,2.865000009536743,2.869999885559082,58310
2026-06-22 19:07:00+00:00,2.869999885559082,2.8798999786376953,2.869999885559082,2.8701000213623047,37635
2026-06-22 19:08:00+00:00,2.8782999515533447,2.8782999515533447,2.8701000213623047,2.8701000213623047,13900
2026-06-22 19:09:00+00:00,2.8701000213623047,2.875,2.859999895095825,2.859999895095825,286506
2026-06-22 19:12:00+00:00,2.865000009536743,2.865000009536743,2.859999895095825,2.859999895095825,7162
2026-06-22 19:14:00+00:00,2.860100030899048,2.860100030899048,2.860100030899048,2.860100030899048,600
2026-06-22 19:15:00+00:00,2.865000009536743,2.865000009536743,2.865000009536743,2.865000009536743,0
2026-06-22 19:16:00+00:00,2.865000009536743,2.865000009536743,2.865000009536743,2.865000009536743,4100
2026-06-22 19:19:00+00:00,2.865000009536743,2.8698999881744385,2.865000009536743,2.8698999881744385,6453
2026-06-22 19:20:00+00:00,2.869999885559082,2.869999885559082,2.869999885559082,2.869999885559082,27964
2026-06-22 19:23:00+00:00,2.874500036239624,2.880000114440918,2.874500036239624,2.880000114440918,65562
2026-06-22 19:24:00+00:00,2.8701000213623047,2.880000114440918,2.8701000213623047,2.880000114440918,0
2026-06-22 19:31:00+00:00,2.875,2.875,2.875,2.875,13571
2026-06-22 19:32:00+00:00,2.8798999786376953,2.8798999786376953,2.8701000213623047,2.8701000213623047,8600
2026-06-22 19:33:00+00:00,2.8701000213623047,2.8701000213623047,2.869999885559082,2.869999885559082,80040
2026-06-22 19:37:00+00:00,2.859999895095825,2.865000009536743,2.859999895095825,2.865000009536743,72106
2026-06-22 19:39:00+00:00,2.865000009536743,2.865000009536743,2.865000009536743,2.865000009536743,245
2026-06-22 19:41:00+00:00,2.865000009536743,2.865000009536743,2.865000009536743,2.865000009536743,4947
2026-06-22 19:44:00+00:00,2.869999885559082,2.869999885559082,2.869999885559082,2.869999885559082,11900
2026-06-22 19:45:00+00:00,2.869999885559082,2.8701000213623047,2.859999895095825,2.865000009536743,163723
2026-06-22 19:47:00+00:00,2.865000009536743,2.865000009536743,2.865000009536743,2.865000009536743,377
2026-06-22 19:48:00+00:00,2.859999895095825,2.865000009536743,2.859999895095825,2.865000009536743,426
2026-06-22 19:50:00+00:00,2.861000061035156,2.865000009536743,2.861000061035156,2.865000009536743,50041
2026-06-22 19:51:00+00:00,2.8499999046325684,2.850100040435791,2.8499999046325684,2.850100040435791,4406
2026-06-22 19:52:00+00:00,2.8499999046325684,2.8499999046325684,2.8499999046325684,2.8499999046325684,264
2026-06-22 19:53:00+00:00,2.8550000190734863,2.8550000190734863,2.8550000190734863,2.8550000190734863,600
2026-06-22 19:54:00+00:00,2.859999895095825,2.859999895095825,2.859999895095825,2.859999895095825,2682
2026-06-22 19:55:00+00:00,2.850100040435791,2.850100040435791,2.8450000286102295,2.8450000286102295,195972
2026-06-22 19:56:00+00:00,2.8450000286102295,2.8450000286102295,2.8450000286102295,2.8450000286102295,2626
2026-06-22 19:57:00+00:00,2.8499999046325684,2.8499999046325684,2.8482000827789307,2.8482000827789307,37446
2026-06-22 19:59:00+00:00,2.8399999141693115,2.8399999141693115,2.8350000381469727,2.839900016784668,136175
2026-06-22 20:00:00+00:00,2.835,2.841,2.835,2.835,0
2026-06-22 20:04:00+00:00,2.835,2.835,2.835,2.835,0
2026-06-22 20:05:00+00:00,2.84,2.84,2.84,2.84,0
2026-06-22 20:08:00+00:00,2.8399,2.8399,2.8399,2.8399,0
2026-06-22 20:09:00+00:00,2.84,2.84,2.84,2.84,0
2026-06-22 20:10:00+00:00,2.841,2.841,2.841,2.841,0
2026-06-22 20:23:00+00:00,2.84,2.84,2.84,2.84,0
2026-06-22 20:31:00+00:00,2.8397,2.8397,2.8397,2.8397,0
2026-06-22 20:32:00+00:00,2.8393,2.8393,2.8393,2.8393,0
2026-06-22 20:37:00+00:00,2.8403,2.8403,2.8403,2.8403,0
2026-06-22 20:38:00+00:00,2.85,2.85,2.85,2.85,0
2026-06-22 21:06:00+00:00,2.8494,2.8494,2.8494,2.8494,0
2026-06-22 21:20:00+00:00,2.8497,2.8497,2.8497,2.8497,0
2026-06-22 21:21:00+00:00,2.8493,2.8493,2.8493,2.8493,0
2026-06-22 21:33:00+00:00,2.8494,2.8494,2.8494,2.8494,0
2026-06-22 21:36:00+00:00,2.8497,2.8497,2.8493,2.8493,0
2026-06-22 21:46:00+00:00,2.85,2.85,2.85,2.85,0
2026-06-22 21:48:00+00:00,2.8401,2.8401,2.8401,2.8401,0
2026-06-22 21:56:00+00:00,2.8498,2.8498,2.8498,2.8498,0
2026-06-22 22:13:00+00:00,2.84,2.84,2.84,2.84,0
2026-06-22 22:22:00+00:00,2.8496,2.8496,2.8496,2.8496,0
2026-06-22 22:32:00+00:00,2.85,2.85,2.85,2.85,0
2026-06-22 22:35:00+00:00,2.86,2.86,2.86,2.86,0
2026-06-22 22:37:00+00:00,2.86,2.86,2.86,2.86,0
2026-06-22 22:47:00+00:00,2.8601,2.8601,2.8601,2.8601,0
2026-06-22 22:59:00+00:00,2.87,2.87,2.87,2.87,0
2026-06-22 23:00:00+00:00,2.87,2.87,2.87,2.87,0
2026-06-22 23:02:00+00:00,2.8699,2.8699,2.8699,2.8699,0
2026-06-22 23:15:00+00:00,2.87,2.87,2.87,2.87,0
2026-06-22 23:34:00+00:00,2.87,2.87,2.87,2.87,0
2026-06-22 23:38:00+00:00,2.87,2.87,2.87,2.87,0
2026-06-22 23:42:00+00:00,2.8601,2.8601,2.8601,2.8601,0
2026-06-22 23:45:00+00:00,2.8602,2.8602,2.8602,2.8602,0
2026-06-23 08:00:00+00:00,2.89,2.98,2.89,2.98,0
2026-06-23 08:01:00+00:00,2.99,2.99,2.88,2.92,0
2026-06-23 08:03:00+00:00,2.98,2.98,2.98,2.98,0
2026-06-23 08:04:00+00:00,2.9804,2.9804,2.9804,2.9804,0
2026-06-23 08:07:00+00:00,2.98,2.98,2.98,2.98,0
2026-06-23 08:10:00+00:00,2.96,2.96,2.96,2.96,0
2026-06-23 08:18:00+00:00,2.99,2.99,2.99,2.99,0
2026-06-23 08:19:00+00:00,3.0,3.0,3.0,3.0,0
2026-06-23 08:22:00+00:00,3.0,3.0,3.0,3.0,0
2026-06-23 08:23:00+00:00,2.9993,2.9993,2.9993,2.9993,0
2026-06-23 08:26:00+00:00,2.99,2.99,2.99,2.99,0
2026-06-23 08:34:00+00:00,2.9781,2.9781,2.9781,2.9781,0
2026-06-23 08:36:00+00:00,2.985,2.985,2.985,2.985,0
2026-06-23 08:44:00+00:00,2.9886,2.9886,2.9886,2.9886,0
2026-06-23 08:49:00+00:00,2.9896,2.9896,2.9896,2.9896,0
2026-06-23 08:50:00+00:00,2.9883,2.9883,2.9883,2.9883,0
2026-06-23 09:09:00+00:00,2.98,2.98,2.98,2.98,0
2026-06-23 09:12:00+00:00,2.97,2.97,2.97,2.97,0
2026-06-23 09:13:00+00:00,2.9681,2.9681,2.9681,2.9681,0
2026-06-23 09:15:00+00:00,2.96,2.96,2.96,2.96,0
2026-06-23 09:24:00+00:00,2.96,2.96,2.96,2.96,0
2026-06-23 09:43:00+00:00,2.9786,2.9786,2.9786,2.9786,0
2026-06-23 09:55:00+00:00,2.9804,2.9804,2.9804,2.9804,0
2026-06-23 10:00:00+00:00,2.9796,2.9796,2.9796,2.9796,0
2026-06-23 10:01:00+00:00,2.97,2.97,2.97,2.97,0
2026-06-23 10:03:00+00:00,2.97,2.97,2.97,2.97,0
2026-06-23 10:16:00+00:00,2.97,2.97,2.97,2.97,0
2026-06-23 10:27:00+00:00,2.9887,2.9887,2.9887,2.9887,0
2026-06-23 10:29:00+00:00,2.9805,2.9805,2.9805,2.9805,0
2026-06-23 10:44:00+00:00,3.01,3.01,3.01,3.01,0
2026-06-23 10:45:00+00:00,3.0094,3.0094,2.99,2.99,0
2026-06-23 10:48:00+00:00,2.99,2.99,2.99,2.99,0
2026-06-23 10:52:00+00:00,2.9905,2.9905,2.9905,2.9905,0
2026-06-23 10:53:00+00:00,2.9981,2.9981,2.9981,2.9981,0
2026-06-23 11:00:00+00:00,2.985,2.985,2.9813,2.9813,0
2026-06-23 11:01:00+00:00,2.98,2.9801,2.98,2.98,0
2026-06-23 11:03:00+00:00,2.98,2.98,2.98,2.98,0
2026-06-23 11:04:00+00:00,2.9882,2.99,2.9882,2.99,0
2026-06-23 11:05:00+00:00,2.9999,3.0,2.9901,2.991,0
2026-06-23 11:08:00+00:00,2.99,2.99,2.99,2.99,0
2026-06-23 11:10:00+00:00,2.9913,2.9913,2.9913,2.9913,0
2026-06-23 11:13:00+00:00,2.9973,2.9973,2.9973,2.9973,0
2026-06-23 11:17:00+00:00,2.9805,2.9805,2.9805,2.9805,0
2026-06-23 11:18:00+00:00,2.99,2.99,2.99,2.99,0
2026-06-23 11:21:00+00:00,2.9888,2.9888,2.98,2.9801,0
2026-06-23 11:22:00+00:00,2.9898,2.9898,2.9802,2.9802,0
2026-06-23 11:23:00+00:00,2.9897,2.9897,2.9897,2.9897,0
2026-06-23 11:24:00+00:00,2.9805,2.9805,2.9805,2.9805,0
2026-06-23 11:26:00+00:00,2.9801,2.9801,2.9801,2.9801,0
2026-06-23 11:27:00+00:00,2.9801,2.9801,2.9801,2.9801,0
2026-06-23 11:29:00+00:00,2.99,2.99,2.99,2.99,0
2026-06-23 11:30:00+00:00,3.0,3.0,3.0,3.0,0
2026-06-23 11:31:00+00:00,3.0,3.0,2.99,2.99,0
2026-06-23 11:32:00+00:00,2.99,2.99,2.98,2.98,0
2026-06-23 11:33:00+00:00,2.98,2.99,2.98,2.99,0
2026-06-23 11:34:00+00:00,2.9987,2.9987,2.9987,2.9987,0
2026-06-23 11:38:00+00:00,2.991,2.991,2.991,2.991,0
2026-06-23 11:39:00+00:00,2.99,2.9975,2.99,2.9975,0
2026-06-23 11:40:00+00:00,2.9881,2.9881,2.9881,2.9881,0
2026-06-23 11:41:00+00:00,2.99,2.99,2.99,2.99,0
2026-06-23 11:44:00+00:00,2.99,2.99,2.99,2.99,0
2026-06-23 11:45:00+00:00,2.98,2.99,2.98,2.99,0
2026-06-23 11:48:00+00:00,2.99,2.99,2.99,2.99,0
2026-06-23 11:57:00+00:00,2.98,2.9803,2.98,2.9803,0
2026-06-23 11:58:00+00:00,2.9887,2.9887,2.9887,2.9887,0
2026-06-23 11:59:00+00:00,2.9801,2.9801,2.9801,2.9801,0
2026-06-23 12:00:00+00:00,2.99,2.99,2.99,2.99,0
2026-06-23 12:02:00+00:00,2.97,2.97,2.97,2.97,0
2026-06-23 12:03:00+00:00,2.97,2.9702,2.97,2.9701,0
2026-06-23 12:04:00+00:00,2.98,2.98,2.98,2.98,0
2026-06-23 12:07:00+00:00,2.9895,2.9895,2.9895,2.9895,0
2026-06-23 12:12:00+00:00,2.9887,2.9887,2.9887,2.9887,0
2026-06-23 12:14:00+00:00,2.99,2.99,2.99,2.99,0
2026-06-23 12:15:00+00:00,2.99,2.99,2.99,2.99,0
2026-06-23 12:18:00+00:00,2.9905,2.9905,2.9905,2.9905,0
2026-06-23 12:19:00+00:00,2.9987,3.0,2.9987,3.0,0
2026-06-23 12:22:00+00:00,3.0,3.0,3.0,3.0,0
2026-06-23 12:27:00+00:00,3.0005,3.0005,3.0005,3.0005,0
2026-06-23 12:28:00+00:00,3.0099,3.01,3.0,3.01,0
2026-06-23 12:32:00+00:00,3.01,3.0113,3.01,3.0113,0
2026-06-23 12:33:00+00:00,3.0102,3.02,3.0102,3.02,0
2026-06-23 12:37:00+00:00,3.02,3.02,3.02,3.02,0
2026-06-23 12:40:00+00:00,3.0195,3.02,3.0195,3.02,0
2026-06-23 12:41:00+00:00,3.02,3.02,3.02,3.02,0
2026-06-23 12:42:00+00:00,3.0181,3.02,3.0181,3.02,0
2026-06-23 12:44:00+00:00,3.0199,3.02,3.0199,3.02,0
2026-06-23 12:45:00+00:00,3.02,3.02,3.02,3.02,0
2026-06-23 12:48:00+00:00,3.0103,3.0103,3.0103,3.0103,0
2026-06-23 12:49:00+00:00,3.01,3.01,3.01,3.01,0
2026-06-23 12:51:00+00:00,3.0198,3.0198,3.0198,3.0198,0
2026-06-23 12:52:00+00:00,3.02,3.02,3.02,3.02,0
2026-06-23 12:53:00+00:00,3.02,3.02,3.02,3.02,0
2026-06-23 12:54:00+00:00,3.03,3.03,3.03,3.03,0
2026-06-23 12:56:00+00:00,3.0298,3.0298,3.0289,3.0289,0
2026-06-23 12:57:00+00:00,3.0287,3.0296,3.02,3.0296,0
2026-06-23 12:58:00+00:00,3.03,3.03,3.02,3.02,0
2026-06-23 12:59:00+00:00,3.03,3.03,3.03,3.03,0
2026-06-23 13:01:00+00:00,3.0298,3.0298,3.0298,3.0298,0
2026-06-23 13:02:00+00:00,3.03,3.039,3.03,3.039,0
2026-06-23 13:04:00+00:00,3.0303,3.04,3.0303,3.04,0
2026-06-23 13:07:00+00:00,3.04,3.04,3.04,3.04,0
2026-06-23 13:08:00+00:00,3.0475,3.05,3.0401,3.0401,0
2026-06-23 13:11:00+00:00,3.03,3.03,3.03,3.03,0
2026-06-23 13:12:00+00:00,3.04,3.04,3.04,3.04,0
2026-06-23 13:13:00+00:00,3.0301,3.0301,3.0301,3.0301,0
2026-06-23 13:16:00+00:00,3.04,3.0402,3.04,3.0402,0
2026-06-23 13:17:00+00:00,3.0499,3.0499,3.04,3.0419,0
2026-06-23 13:18:00+00:00,3.0398,3.0398,3.0303,3.0303,0
2026-06-23 13:19:00+00:00,3.0303,3.0303,3.0303,3.0303,0
2026-06-23 13:21:00+00:00,3.0297,3.0299,3.0281,3.0281,0
2026-06-23 13:22:00+00:00,3.0202,3.0202,3.0202,3.0202,0
2026-06-23 13:23:00+00:00,3.0205,3.0205,3.0205,3.0205,0
2026-06-23 13:25:00+00:00,3.03,3.03,3.0297,3.0297,0
2026-06-23 13:27:00+00:00,3.0227,3.04,3.0227,3.04,0
2026-06-23 13:28:00+00:00,3.05,3.05,3.05,3.05,0
2026-06-23 13:29:00+00:00,3.04,3.04,3.04,3.04,0
2026-06-23 13:30:00+00:00,3.0299999713897705,3.039900064468384,3.0199999809265137,3.0299999713897705,1071325
2026-06-23 13:31:00+00:00,3.0299999713897705,3.049999952316284,3.0100998878479004,3.0100998878479004,93225
2026-06-23 13:32:00+00:00,3.015000104904175,3.0199999809265137,3.009999990463257,3.015000104904175,38044
2026-06-23 13:33:00+00:00,3.015000104904175,3.015000104904175,2.9900999069213867,2.9900999069213867,44531
2026-06-23 13:34:00+00:00,2.990000009536743,2.992000102996826,2.98009991645813,2.984999895095825,69239
2026-06-23 13:35:00+00:00,2.990000009536743,3.005000114440918,2.990000009536743,3.005000114440918,41516
2026-06-23 13:36:00+00:00,3.009999990463257,3.0199999809265137,3.0,3.015000104904175,136715
2026-06-23 13:37:00+00:00,3.015000104904175,3.015000104904175,3.005000114440918,3.015000104904175,40830
2026-06-23 13:38:00+00:00,3.015000104904175,3.015000104904175,2.9999001026153564,2.9999001026153564,74247
2026-06-23 13:39:00+00:00,3.0000998973846436,3.005000114440918,3.0,3.0,27236
2026-06-23 13:40:00+00:00,3.0,3.0000998973846436,2.985100030899048,2.9899001121520996,92635
2026-06-23 13:41:00+00:00,2.990000009536743,2.9900999069213867,2.984999895095825,2.990000009536743,129649
2026-06-23 13:42:00+00:00,2.9999001026153564,3.0,2.9964001178741455,3.0,138431
2026-06-23 13:43:00+00:00,3.005000114440918,3.015000104904175,3.0000998973846436,3.015000104904175,100729
2026-06-23 13:44:00+00:00,3.015000104904175,3.015000104904175,3.009999990463257,3.015000104904175,24356
2026-06-23 13:45:00+00:00,3.015000104904175,3.015000104904175,3.00979995727539,3.009999990463257,125385
2026-06-23 13:46:00+00:00,3.0100998878479004,3.0199999809265137,3.0100998878479004,3.015000104904175,87067
2026-06-23 13:47:00+00:00,3.015000104904175,3.01990008354187,3.0,3.0,95955
2026-06-23 13:48:00+00:00,2.990000009536743,3.0,2.981800079345703,2.981800079345703,103299
2026-06-23 13:49:00+00:00,2.984999895095825,2.990000009536743,2.98009991645813,2.98009991645813,33910
2026-06-23 13:50:00+00:00,2.984999895095825,2.984999895095825,2.9700000286102295,2.9749999046325684,149357
2026-06-23 13:51:00+00:00,2.970099925994873,2.9749999046325684,2.9649999141693115,2.966399908065796,20245
2026-06-23 13:52:00+00:00,2.9693000316619873,2.9700000286102295,2.9600000381469727,2.9649999141693115,23620
2026-06-23 13:53:00+00:00,2.9649999141693115,2.9649999141693115,2.950000047683716,2.95989990234375,321225
2026-06-23 13:54:00+00:00,2.960099935531616,2.960099935531616,2.950000047683716,2.9600000381469727,141702
2026-06-23 13:55:00+00:00,2.969899892807007,2.969899892807007,2.9649999141693115,2.9649999141693115,22751
2026-06-23 13:56:00+00:00,2.9649999141693115,2.9798998832702637,2.960099935531616,2.9749999046325684,68235
2026-06-23 13:57:00+00:00,2.9749999046325684,2.9749999046325684,2.9600000381469727,2.9700000286102295,321750
2026-06-23 13:58:00+00:00,2.9749999046325684,2.9749999046325684,2.9700000286102295,2.970099925994873,35000
2026-06-23 13:59:00+00:00,2.9749999046325684,2.9749999046325684,2.9600000381469727,2.9600000381469727,174833
2026-06-23 14:00:00+00:00,2.95989990234375,2.9600000381469727,2.9500999450683594,2.9500999450683594,152275
2026-06-23 14:01:00+00:00,2.950000047683716,2.9600000381469727,2.950000047683716,2.9500999450683594,63916
2026-06-23 14:02:00+00:00,2.950000047683716,2.950000047683716,2.940000057220459,2.949899911880493,42971
2026-06-23 14:03:00+00:00,2.949899911880493,2.95989990234375,2.949899911880493,2.9549999237060547,99796
2026-06-23 14:04:00+00:00,2.9518001079559326,2.951900005340576,2.950000047683716,2.951900005340576,85485
2026-06-23 14:05:00+00:00,2.95989990234375,2.969899892807007,2.95989990234375,2.960099935531616,44307
2026-06-23 14:06:00+00:00,2.9700000286102295,2.9749999046325684,2.9649999141693115,2.9700000286102295,265553
2026-06-23 14:07:00+00:00,2.970099925994873,2.970099925994873,2.969899892807007,2.9700000286102295,148201
2026-06-23 14:08:00+00:00,2.9798998832702637,2.9798998832702637,2.9700000286102295,2.9700000286102295,8155
2026-06-23 14:09:00+00:00,2.970099925994873,2.9702000617980957,2.960099935531616,2.960099935531616,15296
2026-06-23 14:11:00+00:00,2.9649999141693115,2.9649999141693115,2.9649999141693115,2.9649999141693115,10350
2026-06-23 14:12:00+00:00,2.9649999141693115,2.9649999141693115,2.9600000381469727,2.9600000381469727,4810
2026-06-23 14:13:00+00:00,2.9700000286102295,2.9700000286102295,2.9600000381469727,2.9600000381469727,84792
2026-06-23 14:15:00+00:00,2.9600000381469727,2.9600000381469727,2.9549999237060547,2.95989990234375,12005
2026-06-23 14:16:00+00:00,2.9600000381469727,2.9649999141693115,2.950000047683716,2.950000047683716,94429
2026-06-23 14:17:00+00:00,2.9600000381469727,2.9600000381469727,2.9600000381469727,2.9600000381469727,37064
2026-06-23 14:18:00+00:00,2.95989990234375,2.95989990234375,2.95989990234375,2.95989990234375,28051
2026-06-23 14:19:00+00:00,2.9600000381469727,2.968100070953369,2.9600000381469727,2.9600000381469727,62237
2026-06-23 14:20:00+00:00,2.9600000381469727,2.965100049972534,2.950000047683716,2.950000047683716,0
2026-06-23 14:21:00+00:00,2.9500999450683594,2.9500999450683594,2.9500999450683594,2.9500999450683594,23681
2026-06-23 14:22:00+00:00,2.9549999237060547,2.969899892807007,2.9549999237060547,2.969899892807007,185358
2026-06-23 14:23:00+00:00,2.9614999294281006,2.9614999294281006,2.950000047683716,2.950000047683716,196298
2026-06-23 14:24:00+00:00,2.95989990234375,2.9649999141693115,2.95989990234375,2.9649999141693115,71676
2026-06-23 14:25:00+00:00,2.960099935531616,2.960099935531616,2.960099935531616,2.960099935531616,17900
2026-06-23 14:26:00+00:00,2.9649999141693115,2.9649999141693115,2.9649999141693115,2.9649999141693115,0
2026-06-23 14:27:00+00:00,2.960099935531616,2.969899892807007,2.9549999237060547,2.969899892807007,101056
2026-06-23 14:28:00+00:00,2.963599920272827,2.963599920272827,2.963599920272827,2.963599920272827,3633
2026-06-23 14:29:00+00:00,2.9600000381469727,2.960099935531616,2.9600000381469727,2.960099935531616,23600
2026-06-23 14:30:00+00:00,2.960099935531616,2.960099935531616,2.960099935531616,2.960099935531616,8200
2026-06-23 14:31:00+00:00,2.969899892807007,2.969899892807007,2.960099935531616,2.960099935531616,4276
2026-06-23 14:32:00+00:00,2.969899892807007,2.9749999046325684,2.968899965286255,2.9749999046325684,113834
2026-06-23 14:33:00+00:00,2.9700000286102295,2.9749999046325684,2.969899892807007,2.969899892807007,158926
2026-06-23 14:34:00+00:00,2.969899892807007,2.969899892807007,2.9649999141693115,2.9649999141693115,25215
2026-06-23 14:35:00+00:00,2.9649999141693115,2.9649999141693115,2.9649999141693115,2.9649999141693115,800
2026-06-23 14:36:00+00:00,2.950000047683716,2.9500999450683594,2.940000057220459,2.940000057220459,116252
2026-06-23 14:37:00+00:00,2.9419000148773193,2.944999933242798,2.9419000148773193,2.944999933242798,598
2026-06-23 14:38:00+00:00,2.950000047683716,2.950000047683716,2.9498000144958496,2.950000047683716,224632
2026-06-23 14:39:00+00:00,2.9549999237060547,2.9600000381469727,2.9549999237060547,2.95989990234375,62064
2026-06-23 14:40:00+00:00,2.9600000381469727,2.9649999141693115,2.9600000381469727,2.9600000381469727,302691
2026-06-23 14:41:00+00:00,2.95989990234375,2.95989990234375,2.9549999237060547,2.959700107574463,37000
2026-06-23 14:42:00+00:00,2.9600000381469727,2.9649999141693115,2.950000047683716,2.9500999450683594,1391411
2026-06-23 14:43:00+00:00,2.9549999237060547,2.9549999237060547,2.950000047683716,2.950000047683716,68520
2026-06-23 14:44:00+00:00,2.9549999237060547,2.9600000381469727,2.9549999237060547,2.9600000381469727,148841
2026-06-23 14:45:00+00:00,2.960200071334839,2.9749999046325684,2.960200071334839,2.970099925994873,171304
2026-06-23 14:46:00+00:00,2.970099925994873,2.9798998832702637,2.9700000286102295,2.9749999046325684,46401
2026-06-23 14:47:00+00:00,2.9800000190734863,2.990000009536743,2.9763998985290527,2.990000009536743,118537
2026-06-23 14:48:00+00:00,2.990000009536743,2.990000009536743,2.9749999046325684,2.9749999046325684,169744
2026-06-23 14:49:00+00:00,2.9800000190734863,2.9800000190734863,2.9800000190734863,2.9800000190734863,1135
2026-06-23 14:50:00+00:00,2.970099925994873,2.970099925994873,2.970099925994873,2.970099925994873,62500
2026-06-23 14:51:00+00:00,2.9600000381469727,2.9600000381469727,2.950000047683716,2.950000047683716,66700
2026-06-23 14:52:00+00:00,2.9600000381469727,2.9600000381469727,2.9500999450683594,2.95989990234375,99161
2026-06-23 14:53:00+00:00,2.95989990234375,2.9749999046325684,2.9549999237060547,2.970099925994873,264772
2026-06-23 14:55:00+00:00,2.9700000286102295,2.970099925994873,2.9700000286102295,2.970099925994873,104036
2026-06-23 14:56:00+00:00,2.9700000286102295,2.9700000286102295,2.9600000381469727,2.969899892807007,35971
2026-06-23 14:57:00+00:00,2.9700000286102295,2.9700000286102295,2.960099935531616,2.960099935531616,138291
2026-06-23 14:58:00+00:00,2.9649999141693115,2.973599910736084,2.9649999141693115,2.973599910736084,113189
2026-06-23 14:59:00+00:00,2.970099925994873,2.9749999046325684,2.9700000286102295,2.970099925994873,305229
2026-06-23 15:00:00+00:00,2.9649999141693115,2.9649999141693115,2.9649999141693115,2.9649999141693115,35800
2026-06-23 15:01:00+00:00,2.960099935531616,2.969899892807007,2.960099935531616,2.969899892807007,11607
2026-06-23 15:02:00+00:00,2.95989990234375,2.9600000381469727,2.95989990234375,2.9600000381469727,143517
2026-06-23 15:03:00+00:00,2.9649999141693115,2.9649999141693115,2.95989990234375,2.9600000381469727,215056
2026-06-23 15:04:00+00:00,2.960099935531616,2.9649999141693115,2.95989990234375,2.95989990234375,141191
2026-06-23 15:05:00+00:00,2.95989990234375,2.9700000286102295,2.9549999237060547,2.9700000286102295,178795
2026-06-23 15:06:00+00:00,2.9700000286102295,2.9749999046325684,2.9700000286102295,2.973599910736084,97675
2026-06-23 15:07:00+00:00,2.9700000286102295,2.970099925994873,2.9600000381469727,2.9649999141693115,153020
2026-06-23 15:08:00+00:00,2.960200071334839,2.9798998832702637,2.960200071334839,2.970099925994873,192839
2026-06-23 15:09:00+00:00,2.970099925994873,2.97979998588562,2.970099925994873,2.97979998588562,33189
2026-06-23 15:10:00+00:00,2.9749999046325684,2.9749999046325684,2.9700000286102295,2.9700000286102295,12420
2026-06-23 15:12:00+00:00,2.9800000190734863,2.984999895095825,2.9700000286102295,2.9700000286102295,283232
2026-06-23 15:13:00+00:00,2.9798998832702637,2.9800000190734863,2.970099925994873,2.9798998832702637,103778
2026-06-23 15:14:00+00:00,2.9800000190734863,2.9800000190734863,2.9798998832702637,2.9798998832702637,5510
2026-06-23 15:15:00+00:00,2.9798998832702637,2.990000009536743,2.9798998832702637,2.98009991645813,125394
2026-06-23 15:16:00+00:00,2.985100030899048,2.985100030899048,2.9800000190734863,2.984999895095825,47984
2026-06-23 15:18:00+00:00,2.988300085067749,2.988300085067749,2.9800000190734863,2.9800000190734863,310
2026-06-23 15:19:00+00:00,2.984999895095825,2.988300085067749,2.984999895095825,2.984999895095825,1278
2026-06-23 15:20:00+00:00,2.98009991645813,2.98009991645813,2.9800000190734863,2.9800000190734863,9254
2026-06-23 15:21:00+00:00,2.9788999557495117,2.9800000190734863,2.9749999046325684,2.9749999046325684,80709
2026-06-23 15:22:00+00:00,2.9800000190734863,2.98009991645813,2.9800000190734863,2.98009991645813,141573
2026-06-23 15:23:00+00:00,2.984999895095825,2.990000009536743,2.984999895095825,2.990000009536743,161521
2026-06-23 15:24:00+00:00,2.9899001121520996,2.990299940109253,2.9899001121520996,2.9900999069213867,167750
2026-06-23 15:25:00+00:00,2.9900999069213867,2.9900999069213867,2.9800000190734863,2.9899001121520996,64697
2026-06-23 15:26:00+00:00,2.9800000190734863,2.98009991645813,2.9800000190734863,2.9800000190734863,120000
2026-06-23 15:27:00+00:00,2.9798998832702637,2.9881999492645264,2.9749999046325684,2.9881999492645264,149075
2026-06-23 15:29:00+00:00,2.98009991645813,2.98009991645813,2.98009991645813,2.98009991645813,8500
2026-06-23 15:30:00+00:00,2.984999895095825,2.984999895095825,2.984999895095825,2.984999895095825,5500
2026-06-23 15:31:00+00:00,2.984999895095825,2.984999895095825,2.9800000190734863,2.98009991645813,134975
2026-06-23 15:32:00+00:00,2.9800000190734863,2.984999895095825,2.9700000286102295,2.9800000190734863,199531
2026-06-23 15:33:00+00:00,2.9809999465942383,2.984999895095825,2.9700000286102295,2.9798998832702637,192067
2026-06-23 15:34:00+00:00,2.98009991645813,2.98009991645813,2.9800000190734863,2.9800000190734863,23128
2026-06-23 15:35:00+00:00,2.9800000190734863,2.9800000190734863,2.9700000286102295,2.9749999046325684,46089
2026-06-23 15:36:00+00:00,2.9700000286102295,2.9700000286102295,2.9700000286102295,2.9700000286102295,16331
2026-06-23 15:38:00+00:00,2.9749999046325684,2.984999895095825,2.9749999046325684,2.984999895095825,56319
2026-06-23 15:39:00+00:00,2.98009991645813,2.9899001121520996,2.98009991645813,2.9899001121520996,5510
2026-06-23 15:40:00+00:00,2.9899001121520996,2.9899001121520996,2.9899001121520996,2.9899001121520996,2501
2026-06-23 15:43:00+00:00,2.980299949645996,2.980299949645996,2.9800000190734863,2.98009991645813,60948
2026-06-23 15:45:00+00:00,2.980299949645996,2.980299949645996,2.980299949645996,2.980299949645996,1000
2026-06-23 15:46:00+00:00,2.9899001121520996,2.9899001121520996,2.9899001121520996,2.9899001121520996,99619
2026-06-23 15:51:00+00:00,2.98009991645813,2.98009991645813,2.9800000190734863,2.98009991645813,42557
2026-06-23 15:54:00+00:00,2.970099925994873,2.970099925994873,2.970099925994873,2.970099925994873,34059
2026-06-23 15:55:00+00:00,2.9749999046325684,2.9800000190734863,2.9749999046325684,2.9749999046325684,6638
2026-06-23 15:56:00+00:00,2.970099925994873,2.970099925994873,2.970099925994873,2.970099925994873,15840
2026-06-23 15:57:00+00:00,2.970099925994873,2.970099925994873,2.9600000381469727,2.969899892807007,61291
2026-06-23 15:58:00+00:00,2.969899892807007,2.969899892807007,2.969899892807007,2.969899892807007,62100
2026-06-23 16:01:00+00:00,2.960099935531616,2.960200071334839,2.9600000381469727,2.960200071334839,38435
2026-06-23 16:03:00+00:00,2.9511001110076904,2.9511001110076904,2.9511001110076904,2.9511001110076904,200
2026-06-23 16:04:00+00:00,2.954600095748902,2.954600095748902,2.950000047683716,2.950000047683716,16814
2026-06-23 16:05:00+00:00,2.9500999450683594,2.9500999450683594,2.940000057220459,2.949899911880493,76006
2026-06-23 16:06:00+00:00,2.949899911880493,2.9600000381469727,2.944999933242798,2.9500999450683594,168163
2026-06-23 16:07:00+00:00,2.9549999237060547,2.9549999237060547,2.9549999237060547,2.9549999237060547,0
2026-06-23 16:08:00+00:00,2.950000047683716,2.9526000022888184,2.950000047683716,2.9500999450683594,104372
2026-06-23 16:10:00+00:00,2.949899911880493,2.949899911880493,2.9482998847961426,2.9482998847961426,18000
2026-06-23 16:11:00+00:00,2.9400999546051025,2.9400999546051025,2.930000066757202,2.9300999641418457,98445
2026-06-23 16:12:00+00:00,2.9398999214172363,2.940000057220459,2.9398999214172363,2.940000057220459,20602
2026-06-23 16:13:00+00:00,2.9398000240325928,2.9398000240325928,2.9398000240325928,2.9398000240325928,10000
2026-06-23 16:14:00+00:00,2.9300999641418457,2.9300999641418457,2.9300999641418457,2.9300999641418457,0
2026-06-23 16:15:00+00:00,2.940000057220459,2.940000057220459,2.940000057220459,2.940000057220459,504
2026-06-23 16:16:00+00:00,2.934999942779541,2.934999942779541,2.934999942779541,2.934999942779541,142
2026-06-23 16:17:00+00:00,2.9398999214172363,2.944999933242798,2.934999942779541,2.944999933242798,288870
2026-06-23 16:18:00+00:00,2.940000057220459,2.9400999546051025,2.940000057220459,2.9400999546051025,44800
2026-06-23 16:19:00+00:00,2.9400999546051025,2.9400999546051025,2.9400999546051025,2.9400999546051025,10142
2026-06-23 16:20:00+00:00,2.949899911880493,2.950000047683716,2.949899911880493,2.949899911880493,44200
2026-06-23 16:21:00+00:00,2.950000047683716,2.9549999237060547,2.950000047683716,2.9500999450683594,194913
2026-06-23 16:22:00+00:00,2.950000047683716,2.9535999298095703,2.950000047683716,2.9535999298095703,9000
2026-06-23 16:23:00+00:00,2.949899911880493,2.949899911880493,2.949899911880493,2.949899911880493,20801
2026-06-23 16:26:00+00:00,2.950000047683716,2.950000047683716,2.948899984359741,2.949899911880493,116169
2026-06-23 16:27:00+00:00,2.949899911880493,2.950000047683716,2.9400999546051025,2.944999933242798,81462
2026-06-23 16:30:00+00:00,2.9400999546051025,2.9400999546051025,2.9400999546051025,2.9400999546051025,34111
2026-06-23 16:31:00+00:00,2.950000047683716,2.9549999237060547,2.950000047683716,2.9500999450683594,32654
2026-06-23 16:32:00+00:00,2.9500999450683594,2.9514000415802,2.950000047683716,2.950000047683716,90714
2026-06-23 16:33:00+00:00,2.950000047683716,2.950000047683716,2.950000047683716,2.950000047683716,30216
2026-06-23 16:41:00+00:00,2.95989990234375,2.95989990234375,2.950000047683716,2.9511001110076904,15280
2026-06-23 16:44:00+00:00,2.9500999450683594,2.9500999450683594,2.9500999450683594,2.9500999450683594,10275
2026-06-23 16:46:00+00:00,2.9549999237060547,2.9549999237060547,2.9549999237060547,2.9549999237060547,4800
2026-06-23 16:47:00+00:00,2.9549999237060547,2.9600000381469727,2.9549999237060547,2.9600000381469727,78620
2026-06-23 16:48:00+00:00,2.960099935531616,2.960099935531616,2.960099935531616,2.960099935531616,22773
2026-06-23 16:51:00+00:00,2.9700000286102295,2.9700000286102295,2.969899892807007,2.9700000286102295,36796
2026-06-23 16:53:00+00:00,2.968899965286255,2.9749999046325684,2.968899965286255,2.970099925994873,114462
2026-06-23 16:54:00+00:00,2.970099925994873,2.9749999046325684,2.970099925994873,2.9749999046325684,23321
2026-06-23 16:55:00+00:00,2.9800000190734863,2.9800000190734863,2.9800000190734863,2.9800000190734863,778
2026-06-23 16:56:00+00:00,2.970099925994873,2.970099925994873,2.970099925994873,2.970099925994873,6940
2026-06-23 16:57:00+00:00,2.9716999530792236,2.9716999530792236,2.9716999530792236,2.9716999530792236,220
2026-06-23 16:58:00+00:00,2.9700000286102295,2.9702000617980957,2.9700000286102295,2.970099925994873,72076
2026-06-23 16:59:00+00:00,2.9700000286102295,2.9700000286102295,2.960099935531616,2.960099935531616,59738
2026-06-23 17:00:00+00:00,2.969899892807007,2.9700000286102295,2.9649999141693115,2.9649999141693115,16350
2026-06-23 17:01:00+00:00,2.9649999141693115,2.9649999141693115,2.9649999141693115,2.9649999141693115,330
2026-06-23 17:02:00+00:00,2.960099935531616,2.9700000286102295,2.960099935531616,2.969899892807007,88000
2026-06-23 17:03:00+00:00,2.969899892807007,2.9700000286102295,2.967900037765503,2.9700000286102295,51137
2026-06-23 17:04:00+00:00,2.970099925994873,2.970099925994873,2.970099925994873,2.970099925994873,21104
2026-06-23 17:05:00+00:00,2.9749999046325684,2.9749999046325684,2.970099925994873,2.970099925994873,9712
2026-06-23 17:07:00+00:00,2.9800000190734863,2.9800000190734863,2.9800000190734863,2.9800000190734863,10003
2026-06-23 17:08:00+00:00,2.970099925994873,2.970099925994873,2.970099925994873,2.970099925994873,19500
2026-06-23 17:09:00+00:00,2.9700000286102295,2.9704999923706055,2.9700000286102295,2.9704999923706055,4852
2026-06-23 17:10:00+00:00,2.9700000286102295,2.9749999046325684,2.9600000381469727,2.9749999046325684,99594
2026-06-23 17:11:00+00:00,2.9649999141693115,2.9649999141693115,2.9649999141693115,2.9649999141693115,0
2026-06-23 17:12:00+00:00,2.9600000381469727,2.9600000381469727,2.9600000381469727,2.9600000381469727,23583
2026-06-23 17:13:00+00:00,2.9500999450683594,2.9500999450683594,2.950000047683716,2.950000047683716,10101
2026-06-23 17:14:00+00:00,2.959700107574463,2.9600000381469727,2.959700107574463,2.9600000381469727,117606
2026-06-23 17:15:00+00:00,2.95989990234375,2.9700000286102295,2.95989990234375,2.960099935531616,127652
2026-06-23 17:16:00+00:00,2.960099935531616,2.960099935531616,2.9600000381469727,2.9600000381469727,83805
2026-06-23 17:21:00+00:00,2.960099935531616,2.9649999141693115,2.9600000381469727,2.9600000381469727,126103
2026-06-23 17:22:00+00:00,2.9600000381469727,2.9600000381469727,2.950000047683716,2.950000047683716,34387
2026-06-23 17:28:00+00:00,2.950000047683716,2.9549999237060547,2.950000047683716,2.9549999237060547,826
2026-06-23 17:30:00+00:00,2.9549999237060547,2.9600000381469727,2.9549999237060547,2.95989990234375,83661
2026-06-23 17:31:00+00:00,2.95989990234375,2.9700000286102295,2.95989990234375,2.9700000286102295,82380
2026-06-23 17:32:00+00:00,2.960099935531616,2.960099935531616,2.95989990234375,2.95989990234375,87386
2026-06-23 17:35:00+00:00,2.9500999450683594,2.9500999450683594,2.9500999450683594,2.9500999450683594,0
2026-06-23 17:37:00+00:00,2.95989990234375,2.9600000381469727,2.9549999237060547,2.956399917602539,62900
2026-06-23 17:38:00+00:00,2.95989990234375,2.9600000381469727,2.95989990234375,2.9600000381469727,65200
2026-06-23 17:39:00+00:00,2.95989990234375,2.9700000286102295,2.95989990234375,2.960099935531616,99833
2026-06-23 17:44:00+00:00,2.968100070953369,2.968100070953369,2.968100070953369,2.968100070953369,314
2026-06-23 17:46:00+00:00,2.9700000286102295,2.9700000286102295,2.9700000286102295,2.9700000286102295,16000
2026-06-23 17:48:00+00:00,2.9649999141693115,2.9649999141693115,2.9649999141693115,2.9649999141693115,0
2026-06-23 17:50:00+00:00,2.969899892807007,2.9749999046325684,2.969899892807007,2.970099925994873,227198
2026-06-23 17:54:00+00:00,2.9798998832702637,2.9798998832702637,2.9798998832702637,2.9798998832702637,10130
2026-06-23 17:55:00+00:00,2.9800000190734863,2.990000009536743,2.97979998588562,2.98009991645813,223402
2026-06-23 17:56:00+00:00,2.98009991645813,2.9885001182556152,2.98009991645813,2.98009991645813,23623
2026-06-23 17:57:00+00:00,2.9899001121520996,2.9899001121520996,2.9820001125335693,2.9820001125335693,825
2026-06-23 17:59:00+00:00,2.984999895095825,2.984999895095825,2.984999895095825,2.984999895095825,0
2026-06-23 18:00:00+00:00,2.988300085067749,2.988800048828125,2.9800000190734863,2.98009991645813,53862
2026-06-23 18:01:00+00:00,2.990000009536743,2.990000009536743,2.9700000286102295,2.9700000286102295,36351
2026-06-23 18:02:00+00:00,2.9749999046325684,2.9749999046325684,2.9749999046325684,2.9749999046325684,0
2026-06-23 18:04:00+00:00,2.9749999046325684,2.9800000190734863,2.9749999046325684,2.9800000190734863,20450
2026-06-23 18:05:00+00:00,2.9779999256134033,2.9798998832702637,2.9779999256134033,2.9798998832702637,5287
2026-06-23 18:06:00+00:00,2.9798998832702637,2.9800000190734863,2.9749999046325684,2.9749999046325684,90929
2026-06-23 18:07:00+00:00,2.9800000190734863,2.990000009536743,2.9798998832702637,2.98009991645813,144522
2026-06-23 18:09:00+00:00,2.98009991645813,2.98009991645813,2.98009991645813,2.98009991645813,3200
2026-06-23 18:10:00+00:00,2.98009991645813,2.984999895095825,2.9800000190734863,2.984999895095825,103939
2026-06-23 18:11:00+00:00,2.98009991645813,2.98009991645813,2.9800000190734863,2.9800000190734863,37619
2026-06-23 18:12:00+00:00,2.9800000190734863,2.980299949645996,2.9700000286102295,2.9798998832702637,70197
2026-06-23 18:16:00+00:00,2.9800000190734863,2.9800000190734863,2.979700088500977,2.979700088500977,11131
2026-06-23 18:17:00+00:00,2.97979998588562,2.97979998588562,2.97979998588562,2.97979998588562,2696
2026-06-23 18:18:00+00:00,2.9800000190734863,2.9800000190734863,2.9800000190734863,2.9800000190734863,16649
2026-06-23 18:19:00+00:00,2.9798998832702637,2.9798998832702637,2.9798998832702637,2.9798998832702637,5024
2026-06-23 18:20:00+00:00,2.9798998832702637,2.9798998832702637,2.9798998832702637,2.9798998832702637,10051
2026-06-23 18:28:00+00:00,2.9749999046325684,2.9749999046325684,2.9749999046325684,2.9749999046325684,671
2026-06-23 18:34:00+00:00,2.9798998832702637,2.9798998832702637,2.97979998588562,2.9798998832702637,22012
2026-06-23 18:39:00+00:00,2.9749999046325684,2.984999895095825,2.9749999046325684,2.984999895095825,95319
2026-06-23 18:40:00+00:00,2.989799976348877,2.989799976348877,2.989799976348877,2.989799976348877,0
2026-06-23 18:41:00+00:00,2.98009991645813,2.98009991645813,2.98009991645813,2.98009991645813,15007
2026-06-23 18:42:00+00:00,2.98009991645813,2.98009991645813,2.98009991645813,2.98009991645813,5012
2026-06-23 18:44:00+00:00,2.9899001121520996,3.0,2.9899001121520996,2.9981000423431396,26004
2026-06-23 18:45:00+00:00,2.998300075531006,3.0,2.990000009536743,3.0,13970
2026-06-23 18:46:00+00:00,3.005000114440918,3.0099000930786133,3.0,3.0099000930786133,27969
2026-06-23 18:48:00+00:00,3.0,3.005000114440918,3.0,3.0000998973846436,52489
2026-06-23 18:50:00+00:00,3.0,3.0,2.990000009536743,2.990000009536743,255514
2026-06-23 18:51:00+00:00,2.9900999069213867,2.9900999069213867,2.990000009536743,2.990000009536743,3796
2026-06-23 18:52:00+00:00,2.9999001026153564,3.0000998973846436,2.994999885559082,3.0,239258
2026-06-23 18:53:00+00:00,3.0,3.0,3.0,3.0,1206
2026-06-23 18:54:00+00:00,3.0,3.0048999786376953,3.0,3.002500057220459,2779
2026-06-23 18:55:00+00:00,3.005000114440918,3.005000114440918,3.005000114440918,3.005000114440918,9996
2026-06-23 18:57:00+00:00,3.005000114440918,3.005000114440918,3.0,3.0,0
2026-06-23 18:58:00+00:00,3.0000998973846436,3.0000998973846436,3.0,3.0,2810
2026-06-23 18:59:00+00:00,3.005000114440918,3.005000114440918,2.990000009536743,2.994999885559082,97492
2026-06-23 19:00:00+00:00,2.9999001026153564,3.0,2.990000009536743,2.994999885559082,76792
2026-06-23 19:01:00+00:00,2.9900999069213867,2.9911000728607178,2.9800000190734863,2.984999895095825,95158
2026-06-23 19:02:00+00:00,2.984999895095825,2.984999895095825,2.98009991645813,2.98009991645813,2271
2026-06-23 19:03:00+00:00,2.9800000190734863,2.9800000190734863,2.9800000190734863,2.9800000190734863,0
2026-06-23 19:04:00+00:00,2.9800000190734863,2.9802000522613525,2.9700000286102295,2.9700000286102295,50566
2026-06-23 19:05:00+00:00,2.9700000286102295,2.9700000286102295,2.9700000286102295,2.9700000286102295,11600
2026-06-23 19:06:00+00:00,2.9800000190734863,2.9800000190734863,2.9749999046325684,2.9800000190734863,74356
2026-06-23 19:07:00+00:00,2.98009991645813,2.98009991645813,2.9800000190734863,2.9800000190734863,9200
2026-06-23 19:08:00+00:00,2.984999895095825,2.994999885559082,2.984999895095825,2.9900999069213867,32858
2026-06-23 19:11:00+00:00,2.990000009536743,2.990000009536743,2.990000009536743,2.990000009536743,33196
2026-06-23 19:12:00+00:00,2.9900999069213867,2.994999885559082,2.9800000190734863,2.9800000190734863,69470
2026-06-23 19:13:00+00:00,2.990000009536743,2.990000009536743,2.9899001121520996,2.9899001121520996,22662
2026-06-23 19:17:00+00:00,2.984999895095825,2.990000009536743,2.984999895095825,2.990000009536743,43282
2026-06-23 19:18:00+00:00,2.9900999069213867,2.9900999069213867,2.9900999069213867,2.9900999069213867,46600
2026-06-23 19:21:00+00:00,2.9900999069213867,2.9900999069213867,2.9900999069213867,2.9900999069213867,0
2026-06-23 19:22:00+00:00,2.994999885559082,2.994999885559082,2.994999885559082,2.994999885559082,3900
2026-06-23 19:23:00+00:00,2.9900999069213867,2.990299940109253,2.9800000190734863,2.9800000190734863,114262
2026-06-23 19:25:00+00:00,2.9800000190734863,2.9800000190734863,2.9800000190734863,2.9800000190734863,0
2026-06-23 19:26:00+00:00,2.9800000190734863,2.9807000160217285,2.9800000190734863,2.9800000190734863,20770
2026-06-23 19:29:00+00:00,2.9800000190734863,2.9800000190734863,2.9700000286102295,2.9700000286102295,35100
2026-06-23 19:30:00+00:00,2.9798998832702637,2.9798998832702637,2.9749999046325684,2.9749999046325684,149
2026-06-23 19:31:00+00:00,2.9800000190734863,2.9800000190734863,2.9798998832702637,2.9798998832702637,24670
2026-06-23 19:32:00+00:00,2.9800000190734863,2.990000009536743,2.9800000190734863,2.9800000190734863,72328
2026-06-23 19:33:00+00:00,2.9798998832702637,2.9798998832702637,2.970099925994873,2.970099925994873,31348
2026-06-23 19:34:00+00:00,2.9763998985290527,2.9763998985290527,2.9763998985290527,2.9763998985290527,200
2026-06-23 19:35:00+00:00,2.9800000190734863,2.9800000190734863,2.9800000190734863,2.9800000190734863,26200
2026-06-23 19:36:00+00:00,2.970099925994873,2.970099925994873,2.970099925994873,2.970099925994873,0
2026-06-23 19:39:00+00:00,2.9798998832702637,2.9798998832702637,2.9798998832702637,2.9798998832702637,4075
2026-06-23 19:41:00+00:00,2.9800000190734863,2.9800000190734863,2.9800000190734863,2.9800000190734863,79463
2026-06-23 19:42:00+00:00,2.990000009536743,2.990000009536743,2.990000009536743,2.990000009536743,6103
2026-06-23 19:46:00+00:00,2.984999895095825,2.984999895095825,2.984999895095825,2.984999895095825,13311
2026-06-23 19:47:00+00:00,2.990000009536743,3.0,2.990000009536743,2.990000009536743,74106
2026-06-23 19:49:00+00:00,2.9900999069213867,2.991499900817871,2.990000009536743,2.991499900817871,13898
2026-06-23 19:50:00+00:00,2.9899001121520996,2.990000009536743,2.9702000617980957,2.9702000617980957,73445
2026-06-23 19:51:00+00:00,2.9800000190734863,2.9800000190734863,2.97979998588562,2.9800000190734863,49040
2026-06-23 19:53:00+00:00,2.990000009536743,2.990000009536743,2.990000009536743,2.990000009536743,85019
2026-06-23 19:55:00+00:00,2.9800000190734863,2.9818999767303467,2.9800000190734863,2.9818999767303467,20153
2026-06-23 19:56:00+00:00,2.9800000190734863,2.9800000190734863,2.9800000190734863,2.9800000190734863,118
2026-06-23 19:58:00+00:00,2.9800000190734863,2.9800000190734863,2.9800000190734863,2.9800000190734863,22614
2026-06-23 19:59:00+00:00,2.9749999046325684,2.9749999046325684,2.9749999046325684,2.9749999046325684,114320
2026-06-23 20:00:00+00:00,2.97,3.0,2.97,3.0,0
2026-06-23 20:02:00+00:00,2.9892,2.9892,2.9892,2.9892,0
2026-06-23 20:04:00+00:00,2.97,2.97,2.97,2.97,0
2026-06-23 20:05:00+00:00,2.97,2.97,2.97,2.97,0
2026-06-23 20:07:00+00:00,2.98,2.98,2.98,2.98,0
2026-06-23 20:08:00+00:00,2.9701,2.9701,2.9701,2.9701,0
2026-06-23 20:09:00+00:00,2.9703,2.9703,2.97,2.97,0
2026-06-23 20:10:00+00:00,2.97,2.97,2.97,2.97,0
2026-06-23 20:11:00+00:00,2.9619,2.9619,2.9619,2.9619,0
2026-06-23 20:20:00+00:00,2.9611,2.9611,2.9611,2.9611,0
2026-06-23 20:24:00+00:00,2.96,2.96,2.96,2.96,0
2026-06-23 20:36:00+00:00,2.9604,2.9604,2.9604,2.9604,0
2026-06-23 20:53:00+00:00,2.9707,2.9707,2.9707,2.9707,0
2026-06-23 21:01:00+00:00,2.97,2.97,2.97,2.97,0
2026-06-23 21:06:00+00:00,2.98,2.98,2.98,2.98,0
2026-06-23 21:23:00+00:00,2.9798,2.9798,2.9798,2.9798,0
2026-06-23 21:42:00+00:00,2.96,2.96,2.96,2.96,0
2026-06-23 21:49:00+00:00,2.9774,2.9774,2.9774,2.9774,0
2026-06-23 21:51:00+00:00,2.97,2.97,2.97,2.97,0
2026-06-23 21:59:00+00:00,2.98,2.98,2.98,2.98,0
2026-06-23 22:16:00+00:00,2.96,2.96,2.96,2.96,0
2026-06-23 22:27:00+00:00,2.98,2.98,2.98,2.98,0
2026-06-23 22:28:00+00:00,2.9711,2.9711,2.9711,2.9711,0
2026-06-23 22:32:00+00:00,2.9787,2.9787,2.9787,2.9787,0
2026-06-23 22:34:00+00:00,2.98,2.98,2.98,2.98,0
2026-06-23 22:47:00+00:00,2.9897,2.9897,2.9897,2.9897,0
2026-06-23 23:00:00+00:00,2.98,2.98,2.98,2.98,0
2026-06-23 23:07:00+00:00,2.9999,2.9999,2.9999,2.9999,0
2026-06-23 23:12:00+00:00,2.99,2.99,2.99,2.99,0
2026-06-23 23:19:00+00:00,2.9897,2.9897,2.9897,2.9897,0
2026-06-23 23:34:00+00:00,2.98,2.98,2.98,2.98,0
2026-06-23 23:42:00+00:00,2.9897,2.9897,2.9897,2.9897,0
2026-06-23 23:45:00+00:00,2.98,2.98,2.9793,2.9793,0
2026-06-23 23:48:00+00:00,2.9699,2.9699,2.9699,2.9699,0
2026-06-23 23:50:00+00:00,2.97,2.97,2.97,2.97,0
2026-06-24 08:00:00+00:00,2.92,2.93,2.92,2.93,0
2026-06-24 08:01:00+00:00,2.93,2.97,2.93,2.97,0
2026-06-24 08:05:00+00:00,2.93,2.93,2.93,2.93,0
2026-06-24 08:21:00+00:00,2.92,2.92,2.92,2.92,0
2026-06-24 08:59:00+00:00,2.925,2.93,2.925,2.93,0
2026-06-24 10:17:00+00:00,2.93,2.93,2.93,2.93,0
2026-06-24 10:33:00+00:00,2.94,2.94,2.94,2.94,0
2026-06-24 11:00:00+00:00,2.9313,2.9313,2.9313,2.9313,0
2026-06-24 11:03:00+00:00,2.94,2.94,2.94,2.94,0
2026-06-24 11:30:00+00:00,2.96,2.96,2.96,2.96,0
2026-06-24 11:31:00+00:00,2.95,2.95,2.95,2.95,0
2026-06-24 11:32:00+00:00,2.95,2.95,2.95,2.95,0
2026-06-24 11:37:00+00:00,2.94,2.94,2.94,2.94,0
2026-06-24 11:43:00+00:00,2.94,2.94,2.94,2.94,0
2026-06-24 11:44:00+00:00,2.95,2.95,2.95,2.95,0
2026-06-24 11:45:00+00:00,2.9405,2.9405,2.9405,2.9405,0
2026-06-24 11:47:00+00:00,2.9405,2.9405,2.9405,2.9405,0
2026-06-24 11:48:00+00:00,2.9405,2.9405,2.9405,2.9405,0
2026-06-24 12:13:00+00:00,2.94,2.94,2.94,2.94,0
2026-06-24 12:17:00+00:00,2.93,2.93,2.93,2.93,0
2026-06-24 12:20:00+00:00,2.94,2.94,2.94,2.94,0
2026-06-24 12:28:00+00:00,2.9417,2.9417,2.9417,2.9417,0
2026-06-24 12:32:00+00:00,2.95,2.95,2.95,2.95,0
2026-06-24 12:41:00+00:00,2.95,2.95,2.95,2.95,0
2026-06-24 12:47:00+00:00,2.95,2.95,2.95,2.95,0
2026-06-24 13:00:00+00:00,2.96,2.96,2.96,2.96,0
2026-06-24 13:01:00+00:00,2.97,2.97,2.97,2.97,0
2026-06-24 13:04:00+00:00,2.97,2.97,2.97,2.97,0
2026-06-24 13:08:00+00:00,2.9797,2.9797,2.9797,2.9797,0
2026-06-24 13:13:00+00:00,2.98,2.98,2.98,2.98,0
2026-06-24 13:20:00+00:00,2.9605,2.9605,2.9605,2.9605,0
2026-06-24 13:22:00+00:00,2.9604,2.9604,2.9604,2.9604,0
2026-06-24 13:23:00+00:00,2.9605,2.9605,2.9605,2.9605,0
2026-06-24 13:25:00+00:00,2.97,2.97,2.97,2.97,0
2026-06-24 13:27:00+00:00,2.96,2.96,2.96,2.96,0
2026-06-24 13:30:00+00:00,2.9700000286102295,2.9800000190734863,2.9700000286102295,2.9800000190734863,144048
2026-06-24 13:31:00+00:00,2.9800000190734863,2.9900999069213867,2.9800000190734863,2.990000009536743,88592
2026-06-24 13:32:00+00:00,2.990000009536743,2.990000009536743,2.950000047683716,2.959700107574463,43272
2026-06-24 13:33:00+00:00,2.9600000381469727,2.9649999141693115,2.9600000381469727,2.9649999141693115,19081
2026-06-24 13:34:00+00:00,2.969899892807007,2.9749999046325684,2.9649999141693115,2.9649999141693115,57038
2026-06-24 13:35:00+00:00,2.9700000286102295,2.984999895095825,2.9700000286102295,2.984999895095825,104707
2026-06-24 13:36:00+00:00,2.98009991645813,3.0083999633789062,2.98009991645813,3.0000998973846436,75911
2026-06-24 13:37:00+00:00,3.0,3.009999990463257,2.990000009536743,2.990000009536743,62134
2026-06-24 13:38:00+00:00,2.9999001026153564,3.005000114440918,2.999799966812134,3.0000998973846436,74249
2026-06-24 13:39:00+00:00,3.0,3.0000998973846436,2.9999001026153564,3.0,74172
2026-06-24 13:40:00+00:00,3.005000114440918,3.01990008354187,3.005000114440918,3.018899917602539,31692
2026-06-24 13:41:00+00:00,3.01990008354187,3.0299999713897705,3.01990008354187,3.0250000953674316,83539
2026-06-24 13:42:00+00:00,3.0299999713897705,3.0299999713897705,3.0199999809265137,3.029900074005127,62990
2026-06-24 13:43:00+00:00,3.0250000953674316,3.0399999618530273,3.0236001014709473,3.030100107192993,63305
2026-06-24 13:44:00+00:00,3.0350000858306885,3.0350000858306885,3.020299911499023,3.020299911499023,17964
2026-06-24 13:45:00+00:00,3.025099992752075,3.025099992752075,3.0000998973846436,3.0000998973846436,95472
2026-06-24 13:46:00+00:00,3.0099000930786133,3.0099000930786133,3.0,3.0,191717
2026-06-24 13:47:00+00:00,2.9999001026153564,3.0000998973846436,2.994999885559082,3.0000998973846436,203689
2026-06-24 13:48:00+00:00,3.0099000930786133,3.015000104904175,3.005000114440918,3.009999990463257,165687
2026-06-24 13:49:00+00:00,3.0,3.0,2.9800000190734863,2.9899001121520996,93158
2026-06-24 13:50:00+00:00,2.9899001121520996,2.9899001121520996,2.9700000286102295,2.9790000915527344,72615
2026-06-24 13:51:00+00:00,2.9800000190734863,2.984999895095825,2.9702999591827393,2.9719998836517334,38226
2026-06-24 13:52:00+00:00,2.9749999046325684,2.9749999046325684,2.9749999046325684,2.9749999046325684,8058
2026-06-24 13:53:00+00:00,2.9749999046325684,2.9749999046325684,2.970099925994873,2.970099925994873,25704
2026-06-24 13:54:00+00:00,2.9600000381469727,2.960099935531616,2.9549999237060547,2.95989990234375,119931
2026-06-24 13:55:00+00:00,2.9600000381469727,2.970099925994873,2.951200008392334,2.968100070953369,226808
2026-06-24 13:56:00+00:00,2.9649999141693115,2.9709999561309814,2.9649999141693115,2.970099925994873,86452
2026-06-24 13:57:00+00:00,2.9749999046325684,2.9798998832702637,2.969899892807007,2.9798998832702637,28193
2026-06-24 13:58:00+00:00,2.9702000617980957,2.9702000617980957,2.9649999141693115,2.969899892807007,21892
2026-06-24 13:59:00+00:00,2.970099925994873,2.970099925994873,2.970099925994873,2.970099925994873,8100
2026-06-24 14:00:00+00:00,2.9700000286102295,2.9800000190734863,2.9649999141693115,2.9798998832702637,361504
2026-06-24 14:01:00+00:00,2.9749999046325684,2.9749999046325684,2.9649999141693115,2.969899892807007,103863
2026-06-24 14:02:00+00:00,2.9700000286102295,2.9702000617980957,2.9600000381469727,2.9700000286102295,189000
2026-06-24 14:03:00+00:00,2.9749999046325684,2.9798998832702637,2.9749999046325684,2.9798998832702637,718
2026-06-24 14:04:00+00:00,2.978100061416626,2.97979998588562,2.9600000381469727,2.969899892807007,114611
2026-06-24 14:05:00+00:00,2.9649999141693115,2.9649999141693115,2.950000047683716,2.9600000381469727,83274
2026-06-24 14:06:00+00:00,2.960099935531616,2.969899892807007,2.960099935531616,2.969899892807007,25660
2026-06-24 14:07:00+00:00,2.9683001041412354,2.9683001041412354,2.960099935531616,2.960099935531616,15722
2026-06-24 14:08:00+00:00,2.969899892807007,2.970099925994873,2.968899965286255,2.970099925994873,183727
2026-06-24 14:09:00+00:00,2.970099925994873,2.9702000617980957,2.9600000381469727,2.966399908065796,198661
2026-06-24 14:10:00+00:00,2.9649999141693115,2.9700000286102295,2.950000047683716,2.956399917602539,206053
2026-06-24 14:11:00+00:00,2.968899965286255,2.969899892807007,2.968899965286255,2.969899892807007,13452
2026-06-24 14:12:00+00:00,2.9700000286102295,2.971100091934204,2.9700000286102295,2.9702000617980957,176296
2026-06-24 14:13:00+00:00,2.9798998832702637,2.984999895095825,2.9749999046325684,2.98009991645813,124515
2026-06-24 14:14:00+00:00,2.9802000522613525,2.9802000522613525,2.9802000522613525,2.9802000522613525,2844
2026-06-24 14:15:00+00:00,2.9800000190734863,3.0,2.9700000286102295,3.0,271521
2026-06-24 14:16:00+00:00,2.9900999069213867,3.0000998973846436,2.9900999069213867,3.0000998973846436,138008
2026-06-24 14:17:00+00:00,3.0000998973846436,3.005000114440918,3.0,3.0000998973846436,157385
2026-06-24 14:18:00+00:00,3.005000114440918,3.009999990463257,3.005000114440918,3.0099000930786133,12938
2026-06-24 14:19:00+00:00,3.009999990463257,3.009999990463257,3.0099000930786133,3.0099000930786133,31720
2026-06-24 14:20:00+00:00,3.009999990463257,3.0250000953674316,3.009999990463257,3.0100998878479004,302294
2026-06-24 14:21:00+00:00,3.01990008354187,3.0299999713897705,3.00979995727539,3.00979995727539,283549
2026-06-24 14:22:00+00:00,3.005000114440918,3.009999990463257,3.005000114440918,3.009999990463257,1143
2026-06-24 14:23:00+00:00,3.0099000930786133,3.0099000930786133,2.9999001026153564,3.0,271731
2026-06-24 14:24:00+00:00,3.009999990463257,3.009999990463257,3.0,3.0000998973846436,39578
2026-06-24 14:25:00+00:00,3.0,3.0,3.0,3.0,15287
2026-06-24 14:27:00+00:00,2.990000009536743,2.9900999069213867,2.9700000286102295,2.9700000286102295,190364
2026-06-24 14:28:00+00:00,2.9714999198913574,2.9714999198913574,2.9714999198913574,2.9714999198913574,2006
2026-06-24 14:29:00+00:00,2.9798998832702637,2.9800000190734863,2.9749999046325684,2.9749999046325684,20572
2026-06-24 14:30:00+00:00,2.970099925994873,2.970099925994873,2.9600000381469727,2.9700000286102295,114260
2026-06-24 14:32:00+00:00,2.9600000381469727,2.9600000381469727,2.950000047683716,2.9600000381469727,88682
2026-06-24 14:33:00+00:00,2.9600000381469727,2.9700000286102295,2.95989990234375,2.969899892807007,405033
2026-06-24 14:34:00+00:00,2.9649999141693115,2.9649999141693115,2.9649999141693115,2.9649999141693115,8056
2026-06-24 14:35:00+00:00,2.9700000286102295,2.9700000286102295,2.950000047683716,2.9500999450683594,424892
2026-06-24 14:36:00+00:00,2.95989990234375,2.95989990234375,2.95989990234375,2.95989990234375,4336
2026-06-24 14:37:00+00:00,2.95989990234375,2.9600000381469727,2.959700107574463,2.9600000381469727,243172
2026-06-24 14:38:00+00:00,2.95989990234375,2.95989990234375,2.95989990234375,2.95989990234375,0
2026-06-24 14:39:00+00:00,2.9600000381469727,2.969899892807007,2.9600000381469727,2.9600000381469727,83810
2026-06-24 14:40:00+00:00,2.960099935531616,2.9649999141693115,2.950000047683716,2.95989990234375,270050
2026-06-24 14:41:00+00:00,2.958899974822998,2.960099935531616,2.9549999237060547,2.960099935531616,234644
2026-06-24 14:43:00+00:00,2.969899892807007,2.9749999046325684,2.969899892807007,2.970099925994873,49004
2026-06-24 14:44:00+00:00,2.970099925994873,2.9749999046325684,2.9600000381469727,2.968899965286255,253183
2026-06-24 14:45:00+00:00,2.9649999141693115,2.9700000286102295,2.9649999141693115,2.9700000286102295,74060
2026-06-24 14:46:00+00:00,2.970099925994873,2.970099925994873,2.9600000381469727,2.9600000381469727,138074
2026-06-24 14:47:00+00:00,2.9600000381469727,2.960099935531616,2.950000047683716,2.950000047683716,98177
2026-06-24 14:48:00+00:00,2.950000047683716,2.95989990234375,2.950000047683716,2.9598000049591064,27714
2026-06-24 14:49:00+00:00,2.9549999237060547,2.9800000190734863,2.9549999237060547,2.9800000190734863,223232
2026-06-24 14:50:00+00:00,2.9700000286102295,2.9702000617980957,2.9649999141693115,2.9688000679016113,112283
2026-06-24 14:51:00+00:00,2.969899892807007,2.9700000286102295,2.9649999141693115,2.969899892807007,55800
2026-06-24 14:52:00+00:00,2.9700000286102295,2.9749999046325684,2.9600000381469727,2.9600000381469727,904354
2026-06-24 14:53:00+00:00,2.968100070953369,2.968100070953369,2.968100070953369,2.968100070953369,690
2026-06-24 14:54:00+00:00,2.9649999141693115,2.984999895095825,2.9649999141693115,2.984999895095825,200916
2026-06-24 14:55:00+00:00,2.9899001121520996,3.0,2.9899001121520996,2.9900999069213867,83674
2026-06-24 14:56:00+00:00,2.990000009536743,2.9900999069213867,2.990000009536743,2.990000009536743,114319
2026-06-24 14:57:00+00:00,2.9900999069213867,2.9900999069213867,2.9900999069213867,2.9900999069213867,20088
2026-06-24 14:58:00+00:00,2.9800000190734863,2.98009991645813,2.9800000190734863,2.98009991645813,100346
2026-06-24 14:59:00+00:00,2.9800000190734863,2.9800000190734863,2.9700000286102295,2.9700000286102295,14372
2026-06-24 15:00:00+00:00,2.9702999591827393,2.9702999591827393,2.9702999591827393,2.9702999591827393,8792
2026-06-24 15:02:00+00:00,2.9700000286102295,2.9700000286102295,2.9649999141693115,2.9649999141693115,128600
2026-06-24 15:03:00+00:00,2.970099925994873,2.970099925994873,2.970099925994873,2.970099925994873,10286
2026-06-24 15:04:00+00:00,2.970099925994873,2.9749999046325684,2.970099925994873,2.9749999046325684,6138
2026-06-24 15:05:00+00:00,2.9749999046325684,2.9749999046325684,2.970099925994873,2.970099925994873,9885
2026-06-24 15:06:00+00:00,2.9798998832702637,2.989799976348877,2.978800058364868,2.989799976348877,48716
2026-06-24 15:07:00+00:00,2.9899001121520996,2.990000009536743,2.98009991645813,2.990000009536743,15504
2026-06-24 15:08:00+00:00,2.9899001121520996,2.9899001121520996,2.9899001121520996,2.9899001121520996,2176
2026-06-24 15:09:00+00:00,2.990000009536743,3.0,2.990000009536743,3.0,49048
2026-06-24 15:10:00+00:00,2.992000102996826,2.994999885559082,2.9800000190734863,2.990000009536743,320556
2026-06-24 15:12:00+00:00,2.9999001026153564,3.0,2.999799966812134,3.0,74725
2026-06-24 15:13:00+00:00,3.0000998973846436,3.005000114440918,3.0,3.0000998973846436,42489
2026-06-24 15:14:00+00:00,3.0,3.0,2.990000009536743,2.990000009536743,18531
2026-06-24 15:15:00+00:00,2.992000102996826,3.0,2.992000102996826,2.9999001026153564,28593
2026-06-24 15:16:00+00:00,2.990000009536743,2.9900999069213867,2.990000009536743,2.990000009536743,13213
2026-06-24 15:17:00+00:00,2.990000009536743,2.990000009536743,2.990000009536743,2.990000009536743,11526
2026-06-24 15:18:00+00:00,3.0,3.0,2.994999885559082,2.994999885559082,828
2026-06-24 15:19:00+00:00,2.9997000694274902,3.0,2.9997000694274902,2.9999001026153564,96208
2026-06-24 15:20:00+00:00,2.994999885559082,2.994999885559082,2.9900999069213867,2.9900999069213867,15142
2026-06-24 15:22:00+00:00,3.0,3.0,2.9999001026153564,3.0,113640
2026-06-24 15:23:00+00:00,3.0,3.0,3.0,3.0,1658
2026-06-24 15:24:00+00:00,2.994999885559082,3.0000998973846436,2.994999885559082,3.0000998973846436,73390
2026-06-24 15:26:00+00:00,3.0000998973846436,3.005000114440918,2.990000009536743,2.9999001026153564,220459
2026-06-24 15:27:00+00:00,2.990000009536743,2.990000009536743,2.990000009536743,2.990000009536743,1076
2026-06-24 15:28:00+00:00,2.990000009536743,2.990000009536743,2.98009991645813,2.98009991645813,22231
2026-06-24 15:29:00+00:00,2.9700000286102295,2.9800000190734863,2.9700000286102295,2.9788999557495117,283833
2026-06-24 15:30:00+00:00,2.9798998832702637,2.990000009536743,2.9700000286102295,2.9700000286102295,297372
2026-06-24 15:31:00+00:00,2.9749999046325684,2.9749999046325684,2.9739999771118164,2.9739999771118164,3628
2026-06-24 15:32:00+00:00,2.9800000190734863,2.9800000190734863,2.979700088500977,2.9798998832702637,26522
2026-06-24 15:33:00+00:00,2.9749999046325684,2.984999895095825,2.9749999046325684,2.98009991645813,104347
2026-06-24 15:34:00+00:00,2.9800000190734863,2.9802000522613525,2.9700000286102295,2.9700000286102295,104744
2026-06-24 15:35:00+00:00,2.9749999046325684,2.9800000190734863,2.9749999046325684,2.9749999046325684,91502
2026-06-24 15:38:00+00:00,2.9798998832702637,2.990000009536743,2.9798998832702637,2.990000009536743,49067
2026-06-24 15:39:00+00:00,2.9899001121520996,2.9899001121520996,2.98009991645813,2.98009991645813,0
2026-06-24 15:42:00+00:00,2.990000009536743,2.994999885559082,2.9899001121520996,2.994999885559082,103040
2026-06-24 15:43:00+00:00,2.9900999069213867,2.994999885559082,2.9900999069213867,2.994999885559082,25800
2026-06-24 15:44:00+00:00,2.9900999069213867,2.994999885559082,2.9899001121520996,2.9899001121520996,189987
2026-06-24 15:45:00+00:00,2.9816999435424805,2.988800048828125,2.9816999435424805,2.988800048828125,2439
2026-06-24 15:46:00+00:00,2.990000009536743,2.9911999702453613,2.989799976348877,2.9900999069213867,142231
2026-06-24 15:48:00+00:00,2.9900999069213867,2.994999885559082,2.9800000190734863,2.994999885559082,57478
2026-06-24 15:49:00+00:00,2.9900999069213867,2.990299940109253,2.9800000190734863,2.9800000190734863,76516
2026-06-24 15:50:00+00:00,2.9700000286102295,2.9700000286102295,2.9700000286102295,2.9700000286102295,8610
2026-06-24 15:51:00+00:00,2.9798998832702637,2.9798998832702637,2.9749999046325684,2.9749999046325684,5642
2026-06-24 15:53:00+00:00,2.970099925994873,2.9749999046325684,2.9600000381469727,2.9600000381469727,55213
2026-06-24 15:54:00+00:00,2.9649999141693115,2.9700000286102295,2.9649999141693115,2.9649999141693115,145575
2026-06-24 15:56:00+00:00,2.9700000286102295,2.9800000190734863,2.9681999683380127,2.9749999046325684,103900
2026-06-24 15:57:00+00:00,2.9700000286102295,2.9749999046325684,2.969899892807007,2.969899892807007,173897
2026-06-24 15:58:00+00:00,2.969899892807007,2.97189998626709,2.969899892807007,2.97189998626709,178020
2026-06-24 16:00:00+00:00,2.970099925994873,2.9749999046325684,2.9700000286102295,2.970099925994873,100094
2026-06-24 16:01:00+00:00,2.9749999046325684,2.9749999046325684,2.9749999046325684,2.9749999046325684,9752
2026-06-24 16:06:00+00:00,2.9749999046325684,2.9800000190734863,2.9749999046325684,2.9798998832702637,102921
2026-06-24 16:07:00+00:00,2.9798998832702637,2.9798998832702637,2.9798998832702637,2.9798998832702637,3652
2026-06-24 16:08:00+00:00,2.9798998832702637,2.9798998832702637,2.9798998832702637,2.9798998832702637,0
2026-06-24 16:09:00+00:00,2.9749999046325684,2.9749999046325684,2.9700000286102295,2.9700000286102295,1944
2026-06-24 16:10:00+00:00,2.970099925994873,2.970099925994873,2.9700000286102295,2.9700000286102295,82338
2026-06-24 16:11:00+00:00,2.9700000286102295,2.9749999046325684,2.9600000381469727,2.969899892807007,169328
2026-06-24 16:12:00+00:00,2.9700000286102295,2.9700000286102295,2.9700000286102295,2.9700000286102295,12166
2026-06-24 16:14:00+00:00,2.970099925994873,2.970099925994873,2.970099925994873,2.970099925994873,21703
2026-06-24 16:16:00+00:00,2.9749999046325684,2.9749999046325684,2.9749999046325684,2.9749999046325684,0
2026-06-24 16:18:00+00:00,2.970099925994873,2.970099925994873,2.970099925994873,2.970099925994873,5500
2026-06-24 16:19:00+00:00,2.9700000286102295,2.9702000617980957,2.9600000381469727,2.9600000381469727,55109
2026-06-24 16:20:00+00:00,2.969899892807007,2.969899892807007,2.9649999141693115,2.9649999141693115,0
2026-06-24 16:21:00+00:00,2.9700000286102295,2.970099925994873,2.9697000980377197,2.970099925994873,119417
2026-06-24 16:22:00+00:00,2.9718000888824463,2.9749999046325684,2.9700000286102295,2.9700000286102295,160115
2026-06-24 16:23:00+00:00,2.9681999683380127,2.9681999683380127,2.9681999683380127,2.9681999683380127,0
2026-06-24 16:25:00+00:00,2.9649999141693115,2.969899892807007,2.9649999141693115,2.9649999141693115,8108
2026-06-24 16:29:00+00:00,2.960099935531616,2.960099935531616,2.960099935531616,2.960099935531616,1200
2026-06-24 16:30:00+00:00,2.9697000980377197,2.9700000286102295,2.9697000980377197,2.9700000286102295,115324
2026-06-24 16:31:00+00:00,2.970099925994873,2.970099925994873,2.970099925994873,2.970099925994873,350
2026-06-24 16:33:00+00:00,2.9749999046325684,2.9749999046325684,2.9749999046325684,2.9749999046325684,0
2026-06-24 16:36:00+00:00,2.9800000190734863,2.9800000190734863,2.9798998832702637,2.9800000190734863,38200
2026-06-24 16:37:00+00:00,2.9793999195098877,2.9798998832702637,2.9793999195098877,2.97979998588562,6446
2026-06-24 16:39:00+00:00,2.9798998832702637,2.9800000190734863,2.9798998832702637,2.9800000190734863,40059
2026-06-24 16:40:00+00:00,2.990000009536743,2.990000009536743,2.98799991607666,2.98799991607666,16783
2026-06-24 16:41:00+00:00,2.9899001121520996,2.9900999069213867,2.9899001121520996,2.9900999069213867,200571
2026-06-24 16:44:00+00:00,2.990299940109253,2.990299940109253,2.990000009536743,2.9900999069213867,64792
2026-06-24 16:50:00+00:00,2.994999885559082,2.994999885559082,2.994999885559082,2.994999885559082,8060
2026-06-24 16:54:00+00:00,2.9999001026153564,2.9999001026153564,2.9999001026153564,2.9999001026153564,5200
2026-06-24 16:55:00+00:00,3.0,3.0099000930786133,3.0,3.0000998973846436,36052
2026-06-24 16:56:00+00:00,3.0,3.0,2.990000009536743,2.9999001026153564,95880
2026-06-24 16:57:00+00:00,3.0,3.0099000930786133,3.0,3.0099000930786133,121600
2026-06-24 16:58:00+00:00,3.005000114440918,3.005000114440918,2.9900999069213867,2.9900999069213867,0
2026-06-24 16:59:00+00:00,2.990000009536743,2.990000009536743,2.990000009536743,2.990000009536743,400
2026-06-24 17:00:00+00:00,2.9999001026153564,3.005000114440918,2.9999001026153564,3.0000998973846436,159717
2026-06-24 17:01:00+00:00,3.0,3.0,2.990000009536743,3.0,123926
2026-06-24 17:02:00+00:00,2.9900999069213867,2.9900999069213867,2.9900999069213867,2.9900999069213867,0
2026-06-24 17:04:00+00:00,2.9900999069213867,2.9900999069213867,2.9900999069213867,2.9900999069213867,1209
2026-06-24 17:05:00+00:00,3.0,3.0,3.0,3.0,100000
2026-06-24 17:06:00+00:00,2.994999885559082,3.009999990463257,2.994999885559082,3.005000114440918,0
2026-06-24 17:07:00+00:00,3.0099000930786133,3.015000104904175,3.00979995727539,3.015000104904175,40990
2026-06-24 17:09:00+00:00,3.015000104904175,3.015000104904175,3.015000104904175,3.015000104904175,5600
2026-06-24 17:10:00+00:00,3.0197999477386475,3.0197999477386475,3.0197999477386475,3.0197999477386475,0
2026-06-24 17:12:00+00:00,3.009999990463257,3.009999990463257,3.009999990463257,3.009999990463257,20000
2026-06-24 17:14:00+00:00,3.01990008354187,3.01990008354187,3.01990008354187,3.01990008354187,0
2026-06-24 17:15:00+00:00,3.015000104904175,3.015000104904175,3.015000104904175,3.015000104904175,783
2026-06-24 17:16:00+00:00,3.018199920654297,3.0201001167297363,3.018199920654297,3.0201001167297363,92624
2026-06-24 17:18:00+00:00,3.029900074005127,3.0350000858306885,3.0295000076293945,3.0350000858306885,156140
2026-06-24 17:19:00+00:00,3.030100107192993,3.0302000045776367,3.0299999713897705,3.0299999713897705,155621
2026-06-24 17:20:00+00:00,3.0299999713897705,3.0299999713897705,3.029900074005127,3.029900074005127,6346
2026-06-24 17:21:00+00:00,3.0299999713897705,3.0350000858306885,3.0299999713897705,3.0299999713897705,59228
2026-06-24 17:23:00+00:00,3.039900064468384,3.039900064468384,3.039900064468384,3.039900064468384,3034
2026-06-24 17:25:00+00:00,3.0399999618530273,3.0399999618530273,3.0350000858306885,3.0350000858306885,84789
2026-06-24 17:26:00+00:00,3.030100107192993,3.030100107192993,3.030100107192993,3.030100107192993,21010
2026-06-24 17:27:00+00:00,3.0350000858306885,3.0350000858306885,3.0350000858306885,3.0350000858306885,0
2026-06-24 17:28:00+00:00,3.0350000858306885,3.049999952316284,3.0350000858306885,3.0436999797821045,59100
2026-06-24 17:29:00+00:00,3.0416998863220215,3.049999952316284,3.0399999618530273,3.0399999618530273,26600
2026-06-24 17:30:00+00:00,3.04010009765625,3.0450000762939453,3.039900064468384,3.039900064468384,89514
2026-06-24 17:31:00+00:00,3.039900064468384,3.049999952316284,3.038800001144409,3.0499000549316406,190929
2026-06-24 17:33:00+00:00,3.0499000549316406,3.049999952316284,3.0450000762939453,3.049999952316284,36491
2026-06-24 17:34:00+00:00,3.0450000762939453,3.0450000762939453,3.030100107192993,3.030100107192993,21443
2026-06-24 17:35:00+00:00,3.0318000316619873,3.0350000858306885,3.0318000316619873,3.0350000858306885,7088
2026-06-24 17:36:00+00:00,3.039900064468384,3.049999952316284,3.0350000858306885,3.0450000762939453,163139
2026-06-24 17:37:00+00:00,3.04010009765625,3.045099973678589,3.04010009765625,3.04010009765625,16800
2026-06-24 17:38:00+00:00,3.0418999195098877,3.0418999195098877,3.0418999195098877,3.0418999195098877,0
2026-06-24 17:39:00+00:00,3.0399999618530273,3.041100025177002,3.0299999713897705,3.0299999713897705,95435
2026-06-24 17:40:00+00:00,3.039900064468384,3.0399999618530273,3.0350000858306885,3.0350000858306885,1288
2026-06-24 17:41:00+00:00,3.031899929046631,3.031899929046631,3.031899929046631,3.031899929046631,2718
2026-06-24 17:46:00+00:00,3.0399999618530273,3.049999952316284,3.0350000858306885,3.0350000858306885,94673
2026-06-24 17:47:00+00:00,3.0350000858306885,3.038100004196167,3.0350000858306885,3.038100004196167,0
2026-06-24 17:48:00+00:00,3.0318000316619873,3.0318000316619873,3.0318000316619873,3.0318000316619873,404
2026-06-24 17:51:00+00:00,3.0299999713897705,3.0299999713897705,3.0299999713897705,3.0299999713897705,5103
2026-06-24 17:52:00+00:00,3.0399999618530273,3.0399999618530273,3.0350000858306885,3.0350000858306885,13978
2026-06-24 17:54:00+00:00,3.0399999618530273,3.0399999618530273,3.0350000858306885,3.0350000858306885,9082
2026-06-24 17:55:00+00:00,3.039900064468384,3.0399999618530273,3.0299999713897705,3.0302000045776367,30900
2026-06-24 17:56:00+00:00,3.0299999713897705,3.030100107192993,3.0199999809265137,3.030100107192993,53739
2026-06-24 17:58:00+00:00,3.039900064468384,3.0399999618530273,3.0350000858306885,3.0399999618530273,25240
2026-06-24 17:59:00+00:00,3.0450000762939453,3.0450000762939453,3.0450000762939453,3.0450000762939453,2700
2026-06-24 18:00:00+00:00,3.0399999618530273,3.0399999618530273,3.0299999713897705,3.039900064468384,196660
2026-06-24 18:01:00+00:00,3.0350000858306885,3.0350000858306885,3.0299999713897705,3.0350000858306885,25502
2026-06-24 18:05:00+00:00,3.0350000858306885,3.0350000858306885,3.0350000858306885,3.0350000858306885,600
2026-06-24 18:06:00+00:00,3.0299999713897705,3.0343000888824463,3.0299999713897705,3.0299999713897705,23793
2026-06-24 18:07:00+00:00,3.0250000953674316,3.029900074005127,3.0199999809265137,3.0199999809265137,9550
2026-06-24 18:11:00+00:00,3.029900074005127,3.029900074005127,3.029900074005127,3.029900074005127,0
2026-06-24 18:12:00+00:00,3.0297000408172607,3.038100004196167,3.0297000408172607,3.030100107192993,9344
2026-06-24 18:13:00+00:00,3.0299999713897705,3.039900064468384,3.0299999713897705,3.039900064468384,1114
2026-06-24 18:15:00+00:00,3.0299999713897705,3.0299999713897705,3.0199999809265137,3.0199999809265137,11205
2026-06-24 18:16:00+00:00,3.02209997177124,3.023699998855591,3.0199999809265137,3.023699998855591,14842
2026-06-24 18:19:00+00:00,3.0199999809265137,3.0199999809265137,3.01990008354187,3.0199999809265137,134824
2026-06-24 18:20:00+00:00,3.0199999809265137,3.0199999809265137,3.015000104904175,3.015000104904175,20047
2026-06-24 18:21:00+00:00,3.0197999477386475,3.0250000953674316,3.0197999477386475,3.0199999809265137,64201
2026-06-24 18:22:00+00:00,3.0199999809265137,3.0201001167297363,3.0199999809265137,3.0201001167297363,124047
2026-06-24 18:23:00+00:00,3.0199999809265137,3.0199999809265137,3.0199999809265137,3.0199999809265137,22332
2026-06-24 18:25:00+00:00,3.009999990463257,3.009999990463257,3.005000114440918,3.005000114440918,22067
2026-06-24 18:31:00+00:00,3.0018999576568604,3.0018999576568604,3.0018999576568604,3.0018999576568604,800
2026-06-24 18:33:00+00:00,3.0,3.015000104904175,3.0,3.015000104904175,155146
2026-06-24 18:37:00+00:00,3.01990008354187,3.01990008354187,3.01990008354187,3.01990008354187,283
2026-06-24 18:38:00+00:00,3.009999990463257,3.009999990463257,3.009999990463257,3.009999990463257,2200
2026-06-24 18:39:00+00:00,3.0199999809265137,3.0299999713897705,3.0199999809265137,3.0199999809265137,65528
2026-06-24 18:40:00+00:00,3.0201001167297363,3.0299999713897705,3.0201001167297363,3.029900074005127,67014
2026-06-24 18:41:00+00:00,3.025099992752075,3.025099992752075,3.025099992752075,3.025099992752075,605
2026-06-24 18:43:00+00:00,3.0255000591278076,3.0255000591278076,3.0255000591278076,3.0255000591278076,6000
2026-06-24 18:45:00+00:00,3.0250000953674316,3.0250000953674316,3.0250000953674316,3.0250000953674316,0
2026-06-24 18:46:00+00:00,3.029900074005127,3.0309998989105225,3.0250000953674316,3.030100107192993,121304
2026-06-24 18:47:00+00:00,3.0350000858306885,3.0350000858306885,3.030100107192993,3.030100107192993,14800
2026-06-24 18:48:00+00:00,3.039900064468384,3.039900064468384,3.039900064468384,3.039900064468384,31505
2026-06-24 18:49:00+00:00,3.0399999618530273,3.049999952316284,3.0399999618530273,3.0399999618530273,54168
2026-06-24 18:50:00+00:00,3.04010009765625,3.04010009765625,3.04010009765625,3.04010009765625,14800
2026-06-24 18:52:00+00:00,3.0450000762939453,3.0499000549316406,3.04010009765625,3.0499000549316406,37991
2026-06-24 18:53:00+00:00,3.049999952316284,3.049999952316284,3.049999952316284,3.049999952316284,2280
2026-06-24 18:54:00+00:00,3.04010009765625,3.049999952316284,3.0399999618530273,3.0399999618530273,187222
2026-06-24 18:57:00+00:00,3.0399999618530273,3.0415000915527344,3.0299999713897705,3.0415000915527344,128827
2026-06-24 18:58:00+00:00,3.049999952316284,3.058000087738037,3.049999952316284,3.055000066757202,70223
2026-06-24 19:00:00+00:00,3.055000066757202,3.055000066757202,3.055000066757202,3.055000066757202,8200
2026-06-24 19:01:00+00:00,3.059999942779541,3.059999942779541,3.0518999099731445,3.0518999099731445,1426
2026-06-24 19:02:00+00:00,3.0599000453948975,3.0599000453948975,3.0399999618530273,3.0399999618530273,161035
2026-06-24 19:03:00+00:00,3.0418999195098877,3.0425000190734863,3.0418999195098877,3.0425000190734863,0
2026-06-24 19:04:00+00:00,3.0350000858306885,3.0350000858306885,3.0350000858306885,3.0350000858306885,6176
2026-06-24 19:05:00+00:00,3.039900064468384,3.0399999618530273,3.039799928665161,3.0399999618530273,53600
2026-06-24 19:06:00+00:00,3.0450000762939453,3.0499000549316406,3.0450000762939453,3.0499000549316406,48940
2026-06-24 19:07:00+00:00,3.059999942779541,3.069999933242798,3.055000066757202,3.055000066757202,180224
2026-06-24 19:08:00+00:00,3.055000066757202,3.065000057220459,3.055000066757202,3.065000057220459,38206
2026-06-24 19:09:00+00:00,3.0601000785827637,3.065000057220459,3.059999942779541,3.06030011177063,43519
2026-06-24 19:12:00+00:00,3.0699000358581543,3.069999933242798,3.0697999000549316,3.0697999000549316,21700
2026-06-24 19:13:00+00:00,3.069999933242798,3.069999933242798,3.065000057220459,3.0699000358581543,41750
2026-06-24 19:14:00+00:00,3.059999942779541,3.065000057220459,3.059999942779541,3.0601000785827637,48038
2026-06-24 19:16:00+00:00,3.069999933242798,3.069999933242798,3.0617001056671143,3.0617001056671143,3916
2026-06-24 19:19:00+00:00,3.059999942779541,3.0601000785827637,3.059999942779541,3.059999942779541,3500
2026-06-24 19:20:00+00:00,3.065000057220459,3.065000057220459,3.065000057220459,3.065000057220459,200
2026-06-24 19:21:00+00:00,3.065000057220459,3.065000057220459,3.065000057220459,3.065000057220459,900
2026-06-24 19:22:00+00:00,3.059999942779541,3.059999942779541,3.059999942779541,3.059999942779541,10546
2026-06-24 19:24:00+00:00,3.049999952316284,3.049999952316284,3.049999952316284,3.049999952316284,36874
2026-06-24 19:25:00+00:00,3.049999952316284,3.049999952316284,3.039799928665161,3.039799928665161,111300
2026-06-24 19:26:00+00:00,3.0399999618530273,3.0399999618530273,3.0299999713897705,3.0311999320983887,26888
2026-06-24 19:27:00+00:00,3.0302999019622803,3.0350000858306885,3.0299999713897705,3.030100107192993,84781
2026-06-24 19:28:00+00:00,3.0350000858306885,3.0350000858306885,3.029900074005127,3.029900074005127,26306
2026-06-24 19:29:00+00:00,3.0299999713897705,3.0299999713897705,3.0299999713897705,3.0299999713897705,0
2026-06-24 19:30:00+00:00,3.0299999713897705,3.0299999713897705,3.029900074005127,3.0299999713897705,33328
2026-06-24 19:33:00+00:00,3.0201001167297363,3.0250000953674316,3.0201001167297363,3.0250000953674316,7505
2026-06-24 19:34:00+00:00,3.0199999809265137,3.0199999809265137,3.0199999809265137,3.0199999809265137,33246
2026-06-24 19:35:00+00:00,3.0199999809265137,3.0199999809265137,3.0199999809265137,3.0199999809265137,0
2026-06-24 19:36:00+00:00,3.0199999809265137,3.0201001167297363,3.0199999809265137,3.0199999809265137,152620
2026-06-24 19:37:00+00:00,3.015000104904175,3.01990008354187,3.015000104904175,3.01990008354187,20576
2026-06-24 19:38:00+00:00,3.0199999809265137,3.0199999809265137,3.015000104904175,3.015000104904175,98249
2026-06-24 19:39:00+00:00,3.009999990463257,3.0104000568389893,3.009999990463257,3.0100998878479004,50000
2026-06-24 19:41:00+00:00,3.0199999809265137,3.0199999809265137,3.019700050354004,3.019700050354004,9661
2026-06-24 19:42:00+00:00,3.01990008354187,3.0299999713897705,3.01990008354187,3.0299999713897705,28161
2026-06-24 19:43:00+00:00,3.0299999713897705,3.0299999713897705,3.0299999713897705,3.0299999713897705,21950
2026-06-24 19:44:00+00:00,3.029900074005127,3.029900074005127,3.0201001167297363,3.0201001167297363,20401
2026-06-24 19:45:00+00:00,3.026900053024292,3.0299999713897705,3.0199999809265137,3.0199999809265137,7438
2026-06-24 19:46:00+00:00,3.0299999713897705,3.0299999713897705,3.029900074005127,3.029900074005127,11800
2026-06-24 19:47:00+00:00,3.0199999809265137,3.0250000953674316,3.015000104904175,3.015000104904175,119134
2026-06-24 19:48:00+00:00,3.015000104904175,3.0199999809265137,3.015000104904175,3.0199999809265137,39312
2026-06-24 19:49:00+00:00,3.009999990463257,3.0199999809265137,3.009999990463257,3.0199999809265137,9421
2026-06-24 19:50:00+00:00,3.015000104904175,3.015000104904175,3.005000114440918,3.005000114440918,352666
2026-06-24 19:51:00+00:00,3.0,3.0,2.994999885559082,3.0,40499
2026-06-24 19:52:00+00:00,2.9999001026153564,2.9999001026153564,2.9999001026153564,2.9999001026153564,1600
2026-06-24 19:54:00+00:00,2.9999001026153564,3.0000998973846436,2.9999001026153564,3.0,127775
2026-06-24 19:55:00+00:00,3.0,3.0,3.0,3.0,1197
2026-06-24 19:56:00+00:00,2.9900999069213867,2.9900999069213867,2.9900999069213867,2.9900999069213867,3460
2026-06-24 19:57:00+00:00,2.990000009536743,2.990000009536743,2.990000009536743,2.990000009536743,0
2026-06-24 19:58:00+00:00,2.994999885559082,2.994999885559082,2.984999895095825,2.9879000186920166,123009
2026-06-24 19:59:00+00:00,2.9899001121520996,2.9899001121520996,2.9800000190734863,2.9800000190734863,31075
2026-06-24 20:00:00+00:00,2.97,2.97,2.97,2.97,0
2026-06-24 20:02:00+00:00,2.95,2.95,2.95,2.95,0
2026-06-24 20:03:00+00:00,2.9502,2.9502,2.9502,2.9502,0
2026-06-24 20:04:00+00:00,2.97,2.97,2.95,2.97,0
2026-06-24 20:05:00+00:00,2.9402,2.9402,2.9402,2.9402,0
2026-06-24 20:06:00+00:00,2.9399,2.9399,2.9203,2.9203,0
2026-06-24 20:07:00+00:00,2.92,2.9303,2.92,2.93,0
2026-06-24 20:08:00+00:00,2.93,2.93,2.92,2.92,0
2026-06-24 20:09:00+00:00,2.9202,2.93,2.9202,2.93,0
2026-06-24 20:10:00+00:00,2.97,2.97,2.9287,2.9287,0
2026-06-24 20:11:00+00:00,2.93,2.93,2.92,2.92,0
2026-06-24 20:12:00+00:00,2.9299,2.93,2.9299,2.93,0
2026-06-24 20:13:00+00:00,2.9299,2.93,2.9299,2.9299,0
2026-06-24 20:15:00+00:00,2.93,2.93,2.93,2.93,0
2026-06-24 20:16:00+00:00,2.93,2.93,2.93,2.93,0
2026-06-24 20:17:00+00:00,2.93,2.93,2.9298,2.9298,0
2026-06-24 20:18:00+00:00,2.93,2.93,2.9299,2.9299,0
2026-06-24 20:20:00+00:00,2.93,2.93,2.92,2.92,0
2026-06-24 20:23:00+00:00,2.9,2.9,2.9,2.9,0
2026-06-24 20:26:00+00:00,2.8797,2.88,2.8797,2.88,0
2026-06-24 20:28:00+00:00,2.88,2.88,2.8701,2.8701,0
2026-06-24 20:29:00+00:00,2.87,2.87,2.87,2.87,0
2026-06-24 20:30:00+00:00,2.8602,2.87,2.8602,2.87,0
2026-06-24 20:31:00+00:00,2.88,2.88,2.88,2.88,0
2026-06-24 20:32:00+00:00,2.878,2.8887,2.878,2.8887,0
2026-06-24 20:33:00+00:00,2.89,2.89,2.8802,2.8802,0
2026-06-24 20:34:00+00:00,2.89,2.89,2.89,2.89,0
2026-06-24 20:35:00+00:00,2.8899,2.89,2.8899,2.89,0
2026-06-24 20:40:00+00:00,2.8803,2.8803,2.88,2.88,0
2026-06-24 20:43:00+00:00,2.88,2.88,2.88,2.88,0
2026-06-24 20:48:00+00:00,2.87,2.87,2.87,2.87,0
2026-06-24 20:49:00+00:00,2.87,2.87,2.87,2.87,0
2026-06-24 20:50:00+00:00,2.8787,2.8787,2.87,2.87,0
2026-06-24 20:51:00+00:00,2.87,2.88,2.87,2.88,0
2026-06-24 20:52:00+00:00,2.8796,2.8796,2.8796,2.8796,0
2026-06-24 20:53:00+00:00,2.8796,2.8796,2.8796,2.8796,0
2026-06-24 20:54:00+00:00,2.8798,2.88,2.8798,2.88,0
2026-06-24 20:55:00+00:00,2.879,2.8797,2.879,2.8797,0
2026-06-24 20:56:00+00:00,2.8796,2.8796,2.8796,2.8796,0
2026-06-24 20:57:00+00:00,2.8796,2.88,2.8796,2.8799,0
2026-06-24 20:59:00+00:00,2.88,2.88,2.8799,2.8799,0
2026-06-24 21:00:00+00:00,2.88,2.88,2.88,2.88,0
2026-06-24 21:02:00+00:00,2.88,2.88,2.88,2.88,0
2026-06-24 21:03:00+00:00,2.88,2.88,2.88,2.88,0
2026-06-24 21:04:00+00:00,2.88,2.88,2.879,2.879,0
2026-06-24 21:07:00+00:00,2.88,2.88,2.8799,2.8799,0
2026-06-24 21:09:00+00:00,2.88,2.88,2.88,2.88,0
2026-06-24 21:11:00+00:00,2.8799,2.8799,2.8799,2.8799,0
2026-06-24 21:12:00+00:00,2.8899,2.8899,2.8899,2.8899,0
2026-06-24 21:13:00+00:00,2.89,2.89,2.89,2.89,0
2026-06-24 21:14:00+00:00,2.89,2.89,2.89,2.89,0
2026-06-24 21:15:00+00:00,2.8898,2.8898,2.8898,2.8898,0
2026-06-24 21:20:00+00:00,2.889,2.889,2.889,2.889,0
2026-06-24 21:22:00+00:00,2.89,2.89,2.89,2.89,0
2026-06-24 21:24:00+00:00,2.88,2.88,2.88,2.88,0
2026-06-24 21:27:00+00:00,2.88,2.88,2.88,2.88,0
2026-06-24 21:29:00+00:00,2.87,2.87,2.87,2.87,0
2026-06-24 21:30:00+00:00,2.88,2.88,2.88,2.88,0
2026-06-24 21:33:00+00:00,2.8704,2.8704,2.8704,2.8704,0
2026-06-24 21:35:00+00:00,2.8705,2.8705,2.8705,2.8705,0
2026-06-24 21:41:00+00:00,2.8708,2.8708,2.8708,2.8708,0
2026-06-24 21:53:00+00:00,2.88,2.88,2.88,2.88,0
2026-06-24 21:56:00+00:00,2.879,2.879,2.879,2.879,0
2026-06-24 21:57:00+00:00,2.8797,2.8797,2.8797,2.8797,0
2026-06-24 21:58:00+00:00,2.8799,2.8799,2.8799,2.8799,0
2026-06-24 22:01:00+00:00,2.87,2.87,2.87,2.87,0
2026-06-24 22:05:00+00:00,2.88,2.88,2.88,2.88,0
2026-06-24 22:08:00+00:00,2.8799,2.8799,2.8799,2.8799,0
2026-06-24 22:09:00+00:00,2.88,2.88,2.88,2.88,0
2026-06-24 22:11:00+00:00,2.8799,2.8799,2.8799,2.8799,0
2026-06-24 22:20:00+00:00,2.8799,2.8799,2.8799,2.8799,0
2026-06-24 22:23:00+00:00,2.86,2.86,2.86,2.86,0
2026-06-24 22:24:00+00:00,2.87,2.87,2.87,2.87,0
2026-06-24 22:27:00+00:00,2.88,2.88,2.88,2.88,0
2026-06-24 22:35:00+00:00,2.8797,2.8797,2.8797,2.8797,0
2026-06-24 22:46:00+00:00,2.8797,2.8797,2.8797,2.8797,0
2026-06-24 22:49:00+00:00,2.87,2.8799,2.87,2.8799,0
2026-06-24 22:50:00+00:00,2.87,2.87,2.87,2.87,0
2026-06-24 22:56:00+00:00,2.88,2.88,2.88,2.88,0
2026-06-24 23:07:00+00:00,2.8798,2.8798,2.8798,2.8798,0
2026-06-24 23:22:00+00:00,2.8713,2.8713,2.8713,2.8713,0
2026-06-24 23:24:00+00:00,2.87,2.87,2.87,2.87,0
2026-06-24 23:33:00+00:00,2.88,2.88,2.8782,2.88,0
2026-06-24 23:37:00+00:00,2.8787,2.8787,2.8787,2.8787,0
2026-06-24 23:38:00+00:00,2.8787,2.8787,2.8787,2.8787,0
2026-06-24 23:45:00+00:00,2.87,2.87,2.87,2.87,0
2026-06-24 23:46:00+00:00,2.86,2.86,2.86,2.86,0
2026-06-24 23:47:00+00:00,2.87,2.87,2.87,2.87,0
2026-06-24 23:58:00+00:00,2.8706,2.8706,2.8706,2.8706,0
2026-06-25 08:00:00+00:00,2.89,2.89,2.89,2.89,0
2026-06-25 10:15:00+00:00,2.87,2.87,2.87,2.87,0
2026-06-25 10:20:00+00:00,2.87,2.87,2.87,2.87,0
2026-06-25 10:37:00+00:00,2.87,2.87,2.87,2.87,0
2026-06-25 10:46:00+00:00,2.865,2.865,2.86,2.86,0
2026-06-25 10:47:00+00:00,2.86,2.86,2.86,2.86,0
2026-06-25 11:00:00+00:00,2.8687,2.8687,2.8687,2.8687,0
2026-06-25 11:03:00+00:00,2.85,2.85,2.85,2.85,0
2026-06-25 11:05:00+00:00,2.85,2.85,2.8499,2.85,0
2026-06-25 11:32:00+00:00,2.8698,2.8698,2.8698,2.8698,0
2026-06-25 11:34:00+00:00,2.8601,2.8601,2.8601,2.8601,0
2026-06-25 11:35:00+00:00,2.87,2.87,2.87,2.87,0
2026-06-25 11:37:00+00:00,2.87,2.87,2.87,2.87,0
2026-06-25 11:50:00+00:00,2.87,2.87,2.87,2.87,0
2026-06-25 12:24:00+00:00,2.87,2.87,2.87,2.87,0
2026-06-25 12:30:00+00:00,2.85,2.85,2.85,2.85,0
2026-06-25 12:31:00+00:00,2.8499,2.8499,2.8498,2.8498,0
2026-06-25 12:35:00+00:00,2.85,2.85,2.85,2.85,0
2026-06-25 12:36:00+00:00,2.8505,2.8505,2.8505,2.8505,0
2026-06-25 12:40:00+00:00,2.85,2.85,2.85,2.85,0
2026-06-25 12:41:00+00:00,2.8419,2.8419,2.8419,2.8419,0
2026-06-25 12:46:00+00:00,2.84,2.84,2.84,2.84,0
2026-06-25 12:48:00+00:00,2.8498,2.8498,2.8498,2.8498,0
2026-06-25 12:49:00+00:00,2.8498,2.8498,2.8498,2.8498,0
2026-06-25 12:51:00+00:00,2.84,2.84,2.84,2.84,0
2026-06-25 12:52:00+00:00,2.8327,2.8327,2.8327,2.8327,0
2026-06-25 12:53:00+00:00,2.84,2.84,2.84,2.84,0
2026-06-25 12:59:00+00:00,2.831,2.831,2.831,2.831,0
2026-06-25 13:00:00+00:00,2.83,2.83,2.83,2.83,0
2026-06-25 13:09:00+00:00,2.85,2.85,2.85,2.85,0
2026-06-25 13:14:00+00:00,2.84,2.84,2.84,2.84,0
2026-06-25 13:18:00+00:00,2.84,2.84,2.84,2.84,0
2026-06-25 13:23:00+00:00,2.85,2.85,2.85,2.85,0
2026-06-25 13:26:00+00:00,2.8499,2.8499,2.8499,2.8499,0
2026-06-25 13:28:00+00:00,2.84,2.84,2.84,2.84,0
2026-06-25 13:30:00+00:00,2.821700096130371,2.8450000286102295,2.819999933242798,2.8350000381469727,156375
2026-06-25 13:31:00+00:00,2.8399999141693115,2.8580000400543213,2.8399999141693115,2.8550000190734863,29593
2026-06-25 13:32:00+00:00,2.8550000190734863,2.859999895095825,2.8399999141693115,2.8399999141693115,67388
2026-06-25 13:33:00+00:00,2.8399999141693115,2.8399999141693115,2.819999933242798,2.8301000595092773,93362
2026-06-25 13:34:00+00:00,2.8350000381469727,2.8350000381469727,2.819999933242798,2.8203001022338867,37780
2026-06-25 13:35:00+00:00,2.825000047683716,2.825000047683716,2.809999942779541,2.809999942779541,42906
2026-06-25 13:36:00+00:00,2.799999952316284,2.8199000358581543,2.799999952316284,2.815000057220459,71502
2026-06-25 13:37:00+00:00,2.815000057220459,2.8199000358581543,2.8101000785827637,2.815000057220459,37100
2026-06-25 13:38:00+00:00,2.815000057220459,2.829900026321411,2.815000057220459,2.825000047683716,58378
2026-06-25 13:39:00+00:00,2.825000047683716,2.8299999237060547,2.819700002670288,2.8299999237060547,70334
2026-06-25 13:40:00+00:00,2.8350000381469727,2.8350000381469727,2.825000047683716,2.8299999237060547,48532
2026-06-25 13:41:00+00:00,2.8301000595092773,2.869800090789795,2.8301000595092773,2.869800090789795,52202
2026-06-25 13:42:00+00:00,2.869999885559082,2.890000104904175,2.868000030517578,2.884999990463257,39722
2026-06-25 13:43:00+00:00,2.890000104904175,2.9049999713897705,2.880000114440918,2.9049999713897705,195257
2026-06-25 13:44:00+00:00,2.9049999713897705,2.9200000762939453,2.8949999809265137,2.9149999618530273,101516
2026-06-25 13:45:00+00:00,2.9114999771118164,2.934999942779541,2.900099992752075,2.934999942779541,199732
2026-06-25 13:46:00+00:00,2.9300999641418457,2.9684998989105225,2.9300999641418457,2.960099935531616,83991
2026-06-25 13:47:00+00:00,2.9649999141693115,2.9800000190734863,2.95989990234375,2.9649999141693115,190897
2026-06-25 13:48:00+00:00,2.9649999141693115,2.9798998832702637,2.9600000381469727,2.970099925994873,57490
2026-06-25 13:49:00+00:00,2.9749999046325684,2.9749999046325684,2.9502999782562256,2.9502999782562256,39784
2026-06-25 13:50:00+00:00,2.9512999057769775,2.9600000381469727,2.934999942779541,2.940000057220459,76325
2026-06-25 13:51:00+00:00,2.949899911880493,2.9899001121520996,2.949899911880493,2.9816999435424805,229735
2026-06-25 13:52:00+00:00,2.9800000190734863,3.0,2.9700000286102295,2.994999885559082,184715
2026-06-25 13:53:00+00:00,2.99180006980896,3.009999990463257,2.984999895095825,3.005000114440918,148792
2026-06-25 13:54:00+00:00,3.009999990463257,3.0199999809265137,3.0000998973846436,3.015000104904175,145257
2026-06-25 13:55:00+00:00,3.015000104904175,3.0350000858306885,3.009999990463257,3.0250000953674316,111958
2026-06-25 13:56:00+00:00,3.0250000953674316,3.0250000953674316,3.009999990463257,3.01990008354187,102341
2026-06-25 13:57:00+00:00,3.0199999809265137,3.0201001167297363,3.009999990463257,3.010200023651123,89835
2026-06-25 13:58:00+00:00,3.0250000953674316,3.039900064468384,3.0201001167297363,3.030100107192993,126532
2026-06-25 13:59:00+00:00,3.0350000858306885,3.050299882888794,3.0315001010894775,3.050299882888794,153576
2026-06-25 14:00:00+00:00,3.0399999618530273,3.0399999618530273,3.0201001167297363,3.0250000953674316,244928
2026-06-25 14:01:00+00:00,3.0350000858306885,3.0399999618530273,3.029900074005127,3.029900074005127,81977
2026-06-25 14:02:00+00:00,3.0299999713897705,3.033600091934204,3.0199999809265137,3.0250000953674316,126076
2026-06-25 14:03:00+00:00,3.021199941635132,3.029900074005127,3.005000114440918,3.0099000930786133,42326
2026-06-25 14:04:00+00:00,3.009999990463257,3.0225000381469727,3.009999990463257,3.0225000381469727,122309
2026-06-25 14:05:00+00:00,3.0201001167297363,3.0201001167297363,2.9900999069213867,3.015000104904175,192068
2026-06-25 14:06:00+00:00,3.0100998878479004,3.0100998878479004,2.9964001178741455,3.0,127556
2026-06-25 14:07:00+00:00,2.990999937057495,2.9999001026153564,2.984999895095825,2.984999895095825,275118
2026-06-25 14:08:00+00:00,2.9899001121520996,2.990299940109253,2.9800000190734863,2.9899001121520996,172833
2026-06-25 14:09:00+00:00,2.984999895095825,2.9900999069213867,2.984999895095825,2.9899001121520996,107653
2026-06-25 14:10:00+00:00,2.9800000190734863,2.98009991645813,2.9649999141693115,2.969899892807007,204303
2026-06-25 14:11:00+00:00,2.960099935531616,2.969899892807007,2.9600000381469727,2.9600000381469727,30630
2026-06-25 14:12:00+00:00,2.9649999141693115,2.975600004196167,2.9600000381469727,2.9700000286102295,67566
2026-06-25 14:13:00+00:00,2.9700000286102295,2.990000009536743,2.969899892807007,2.9899001121520996,126202
2026-06-25 14:14:00+00:00,2.990000009536743,2.9999001026153564,2.990000009536743,2.9999001026153564,36756
2026-06-25 14:15:00+00:00,3.0000998973846436,3.005000114440918,2.98009991645813,2.9900999069213867,387538
2026-06-25 14:16:00+00:00,3.0,3.01990008354187,2.9900999069213867,3.010999917984009,175414
2026-06-25 14:17:00+00:00,3.0100998878479004,3.0100998878479004,2.9900999069213867,3.0,152048
2026-06-25 14:18:00+00:00,3.005000114440918,3.009999990463257,2.994999885559082,3.009999990463257,257491
2026-06-25 14:19:00+00:00,3.009999990463257,3.015000104904175,2.990000009536743,2.990000009536743,321835
2026-06-25 14:20:00+00:00,2.990000009536743,2.990000009536743,2.9798998832702637,2.98009991645813,234950
2026-06-25 14:21:00+00:00,2.9700000286102295,2.9700000286102295,2.9600000381469727,2.9700000286102295,237636
2026-06-25 14:22:00+00:00,2.968899965286255,2.981100082397461,2.968899965286255,2.9798998832702637,153665
2026-06-25 14:23:00+00:00,2.970099925994873,2.985100030899048,2.970099925994873,2.9800000190734863,428862
2026-06-25 14:24:00+00:00,2.9800000190734863,2.994999885559082,2.9798998832702637,2.9900999069213867,218697
2026-06-25 14:25:00+00:00,2.9800000190734863,2.9816999435424805,2.9700000286102295,2.9800000190734863,65036
2026-06-25 14:26:00+00:00,2.9798998832702637,2.9899001121520996,2.9798998832702637,2.98009991645813,163890
2026-06-25 14:27:00+00:00,2.9798998832702637,2.990000009536743,2.97979998588562,2.990000009536743,163208
2026-06-25 14:28:00+00:00,2.9899001121520996,2.994999885559082,2.9800000190734863,2.9800000190734863,383057
2026-06-25 14:29:00+00:00,2.9899001121520996,2.994999885559082,2.988899946212769,2.9899001121520996,150086
2026-06-25 14:30:00+00:00,2.9900999069213867,2.994999885559082,2.984999895095825,2.9899001121520996,205010
2026-06-25 14:31:00+00:00,2.98009991645813,2.994999885559082,2.98009991645813,2.994999885559082,75942
2026-06-25 14:32:00+00:00,2.994999885559082,2.994999885559082,2.9800000190734863,2.990000009536743,170169
2026-06-25 14:33:00+00:00,2.990000009536743,2.990000009536743,2.9700000286102295,2.9700000286102295,72014
2026-06-25 14:34:00+00:00,2.975600004196167,2.9899001121520996,2.9749999046325684,2.98009991645813,8747
2026-06-25 14:35:00+00:00,2.9800000190734863,2.9800000190734863,2.9700000286102295,2.970099925994873,51550
2026-06-25 14:36:00+00:00,2.970099925994873,2.970099925994873,2.970099925994873,2.970099925994873,25854
2026-06-25 14:37:00+00:00,2.9749999046325684,2.994999885559082,2.9749999046325684,2.9900999069213867,302547
2026-06-25 14:38:00+00:00,2.9800000190734863,2.994999885559082,2.9800000190734863,2.990000009536743,136041
2026-06-25 14:39:00+00:00,2.9935998916625977,2.9935998916625977,2.98009991645813,2.9802000522613525,27570
2026-06-25 14:40:00+00:00,2.9800000190734863,2.9800000190734863,2.9700000286102295,2.970099925994873,45700
2026-06-25 14:41:00+00:00,2.969899892807007,2.9798998832702637,2.969899892807007,2.9798998832702637,130535
2026-06-25 14:42:00+00:00,2.9798998832702637,2.990000009536743,2.9749999046325684,2.990000009536743,76887
2026-06-25 14:43:00+00:00,2.9899001121520996,2.994999885559082,2.9800000190734863,2.9899001121520996,100651
2026-06-25 14:44:00+00:00,3.0,3.0,2.9900999069213867,2.9900999069213867,218585
2026-06-25 14:45:00+00:00,2.9916999340057373,3.0,2.990000009536743,2.9999001026153564,106797
2026-06-25 14:46:00+00:00,2.994999885559082,2.994999885559082,2.990000009536743,2.990000009536743,76564
2026-06-25 14:47:00+00:00,2.990999937057495,2.9999001026153564,2.9900999069213867,2.9999001026153564,188645
2026-06-25 14:48:00+00:00,2.990000009536743,2.9900999069213867,2.9800000190734863,2.9800000190734863,97373
2026-06-25 14:49:00+00:00,2.9800000190734863,2.9899001121520996,2.9798998832702637,2.98009991645813,103788
2026-06-25 14:50:00+00:00,2.98009991645813,2.981100082397461,2.9700000286102295,2.9800000190734863,188176
2026-06-25 14:51:00+00:00,2.98009991645813,2.983599901199341,2.9690001010894775,2.9690001010894775,226870
2026-06-25 14:52:00+00:00,2.9649999141693115,2.9798998832702637,2.9649999141693115,2.970099925994873,85445
2026-06-25 14:53:00+00:00,2.969899892807007,2.9700000286102295,2.9649999141693115,2.966399908065796,85774
2026-06-25 14:55:00+00:00,2.9600000381469727,2.9700000286102295,2.9600000381469727,2.960099935531616,22183
2026-06-25 14:56:00+00:00,2.9600000381469727,2.960099935531616,2.9600000381469727,2.960099935531616,20005
2026-06-25 14:57:00+00:00,2.969899892807007,2.9700000286102295,2.969899892807007,2.9700000286102295,22654
2026-06-25 14:58:00+00:00,2.9800000190734863,2.9800000190734863,2.9798998832702637,2.9798998832702637,29814
2026-06-25 14:59:00+00:00,2.98009991645813,2.984999895095825,2.9700000286102295,2.9798998832702637,72747
2026-06-25 15:01:00+00:00,2.984999895095825,2.984999895095825,2.9700000286102295,2.9700000286102295,71271
2026-06-25 15:02:00+00:00,2.9718000888824463,2.9718000888824463,2.9600000381469727,2.9600000381469727,48480
2026-06-25 15:03:00+00:00,2.969899892807007,2.9702999591827393,2.9697000980377197,2.970099925994873,216096
2026-06-25 15:04:00+00:00,2.970099925994873,2.970099925994873,2.9700000286102295,2.9700000286102295,41706
2026-06-25 15:05:00+00:00,2.960099935531616,2.9700000286102295,2.9600000381469727,2.9700000286102295,26950
2026-06-25 15:06:00+00:00,2.9679999351501465,2.970099925994873,2.9679999351501465,2.970099925994873,67068
2026-06-25 15:07:00+00:00,2.9649999141693115,2.9749999046325684,2.9649999141693115,2.970099925994873,139163
2026-06-25 15:08:00+00:00,2.97189998626709,2.97189998626709,2.97189998626709,2.97189998626709,0
2026-06-25 15:09:00+00:00,2.9798998832702637,2.9800000190734863,2.9749999046325684,2.9798998832702637,108860
2026-06-25 15:10:00+00:00,2.9749999046325684,2.9749999046325684,2.9749999046325684,2.9749999046325684,4010
2026-06-25 15:11:00+00:00,2.9800000190734863,2.9800000190734863,2.9800000190734863,2.9800000190734863,0
2026-06-25 15:12:00+00:00,2.98009991645813,2.98009991645813,2.98009991645813,2.98009991645813,2700
2026-06-25 15:13:00+00:00,2.9900999069213867,2.9935998916625977,2.9900999069213867,2.9935998916625977,38075
2026-06-25 15:14:00+00:00,2.9999001026153564,3.0051000118255615,2.9999001026153564,3.0,143768
2026-06-25 15:15:00+00:00,3.0000998973846436,3.0099000930786133,3.0000998973846436,3.0099000930786133,34058
2026-06-25 15:16:00+00:00,3.005000114440918,3.005000114440918,3.0000998973846436,3.0000998973846436,3606
2026-06-25 15:17:00+00:00,3.009999990463257,3.009999990463257,2.990000009536743,2.990000009536743,309106
2026-06-25 15:18:00+00:00,2.990000009536743,2.990799903869629,2.989799976348877,2.989799976348877,44740
2026-06-25 15:19:00+00:00,2.9802000522613525,2.9802000522613525,2.98009991645813,2.98009991645813,4800
2026-06-25 15:20:00+00:00,2.984999895095825,2.990000009536743,2.984999895095825,2.9899001121520996,32297
2026-06-25 15:22:00+00:00,2.9800000190734863,2.9800000190734863,2.9700000286102295,2.9798998832702637,61994
2026-06-25 15:23:00+00:00,2.9798998832702637,2.984999895095825,2.9700000286102295,2.9700000286102295,102250
2026-06-25 15:24:00+00:00,2.9781999588012695,2.9781999588012695,2.9781999588012695,2.9781999588012695,599
2026-06-25 15:25:00+00:00,2.9800000190734863,2.98009991645813,2.9783999919891357,2.9800000190734863,91312
2026-06-25 15:26:00+00:00,2.9863998889923096,2.9863998889923096,2.9863998889923096,2.9863998889923096,0
2026-06-25 15:27:00+00:00,2.98009991645813,2.9834001064300537,2.98009991645813,2.9834001064300537,216
2026-06-25 15:28:00+00:00,2.9899001121520996,2.9900999069213867,2.9899001121520996,2.9900999069213867,58453
2026-06-25 15:29:00+00:00,2.9900999069213867,2.9999001026153564,2.9900999069213867,2.9999001026153564,20926
2026-06-25 15:30:00+00:00,2.990799903869629,2.990799903869629,2.9800000190734863,2.9800000190734863,67908
2026-06-25 15:34:00+00:00,2.984999895095825,2.9899001121520996,2.984999895095825,2.9899001121520996,5034
2026-06-25 15:38:00+00:00,2.9899001121520996,2.9899001121520996,2.9899001121520996,2.9899001121520996,2000
2026-06-25 15:40:00+00:00,2.988899946212769,2.988899946212769,2.9883999824523926,2.9883999824523926,1805
2026-06-25 15:44:00+00:00,2.98009991645813,2.98009991645813,2.98009991645813,2.98009991645813,11017
2026-06-25 15:45:00+00:00,2.9800000190734863,2.9800000190734863,2.9700000286102295,2.970099925994873,37598
2026-06-25 15:46:00+00:00,2.9700000286102295,2.9700000286102295,2.9700000286102295,2.9700000286102295,7442
2026-06-25 15:48:00+00:00,2.9749999046325684,2.9800000190734863,2.9749999046325684,2.9800000190734863,57831
2026-06-25 15:49:00+00:00,2.9798998832702637,2.984999895095825,2.9749999046325684,2.98009991645813,299560
2026-06-25 15:50:00+00:00,2.984999895095825,2.990000009536743,2.9800000190734863,2.9899001121520996,216985
2026-06-25 15:51:00+00:00,2.98009991645813,2.984999895095825,2.9700000286102295,2.9798998832702637,75747
2026-06-25 15:52:00+00:00,2.9790000915527344,2.984999895095825,2.976300001144409,2.984999895095825,57578
2026-06-25 15:53:00+00:00,2.98009991645813,2.985100030899048,2.9800000190734863,2.984999895095825,34375
2026-06-25 15:54:00+00:00,2.9800000190734863,2.98009991645813,2.9800000190734863,2.9800000190734863,55494
2026-06-25 15:56:00+00:00,2.9800000190734863,2.9800000190734863,2.9798998832702637,2.9800000190734863,42249
2026-06-25 15:58:00+00:00,2.9798998832702637,2.9800000190734863,2.9788999557495117,2.9800000190734863,172114
2026-06-25 15:59:00+00:00,2.98009991645813,2.98009991645813,2.98009991645813,2.98009991645813,1600
2026-06-25 16:00:00+00:00,2.985100030899048,2.985100030899048,2.9700000286102295,2.9700000286102295,210820
2026-06-25 16:02:00+00:00,2.9749999046325684,2.9749999046325684,2.970099925994873,2.9707000255584717,29931
2026-06-25 16:03:00+00:00,2.9600000381469727,2.9600000381469727,2.9600000381469727,2.9600000381469727,43400
2026-06-25 16:04:00+00:00,2.9600000381469727,2.9681999683380127,2.9549999237060547,2.9681999683380127,101602
2026-06-25 16:05:00+00:00,2.9700000286102295,2.9700000286102295,2.950000047683716,2.950000047683716,94437
2026-06-25 16:06:00+00:00,2.95169997215271,2.9549999237060547,2.940000057220459,2.944999933242798,41943
2026-06-25 16:09:00+00:00,2.940000057220459,2.940000057220459,2.930000066757202,2.930000066757202,19585
2026-06-25 16:10:00+00:00,2.934999942779541,2.934999942779541,2.934999942779541,2.934999942779541,2000
2026-06-25 16:11:00+00:00,2.9300999641418457,2.9300999641418457,2.9200000762939453,2.924999952316284,57096
2026-06-25 16:12:00+00:00,2.929800033569336,2.929800033569336,2.929800033569336,2.929800033569336,9200
2026-06-25 16:13:00+00:00,2.920099973678589,2.920099973678589,2.920099973678589,2.920099973678589,0
2026-06-25 16:15:00+00:00,2.924999952316284,2.924999952316284,2.9100000858306885,2.9100000858306885,53421
2026-06-25 16:16:00+00:00,2.9196999073028564,2.9196999073028564,2.9196999073028564,2.9196999073028564,197
2026-06-25 16:17:00+00:00,2.9200000762939453,2.9200000762939453,2.9200000762939453,2.9200000762939453,2405
2026-06-25 16:18:00+00:00,2.9198999404907227,2.9198999404907227,2.9198999404907227,2.9198999404907227,12000
2026-06-25 16:19:00+00:00,2.9200000762939453,2.9200000762939453,2.9149999618530273,2.9200000762939453,69181
2026-06-25 16:20:00+00:00,2.920099973678589,2.924999952316284,2.9200000762939453,2.924999952316284,40078
2026-06-25 16:23:00+00:00,2.9298999309539795,2.9298999309539795,2.9298999309539795,2.9298999309539795,2622
2026-06-25 16:24:00+00:00,2.9298999309539795,2.930000066757202,2.924999952316284,2.924999952316284,15594
2026-06-25 16:25:00+00:00,2.9298999309539795,2.9298999309539795,2.920099973678589,2.928800106048584,6034
2026-06-25 16:27:00+00:00,2.920300006866455,2.920300006866455,2.920300006866455,2.920300006866455,6924
2026-06-25 16:28:00+00:00,2.930000066757202,2.930000066757202,2.9298999309539795,2.9298999309539795,11892
2026-06-25 16:29:00+00:00,2.930000066757202,2.9310998916625977,2.930000066757202,2.9300999641418457,74120
2026-06-25 16:30:00+00:00,2.9300999641418457,2.9300999641418457,2.9300999641418457,2.9300999641418457,0
2026-06-25 16:31:00+00:00,2.9300999641418457,2.940000057220459,2.9300999641418457,2.9398999214172363,60332
2026-06-25 16:32:00+00:00,2.934999942779541,2.944499969482422,2.934999942779541,2.9400999546051025,123624
2026-06-25 16:33:00+00:00,2.950000047683716,2.9549999237060547,2.948899984359741,2.9500999450683594,204661
2026-06-25 16:34:00+00:00,2.949199914932251,2.950000047683716,2.944999933242798,2.944999933242798,41217
2026-06-25 16:35:00+00:00,2.9400999546051025,2.9400999546051025,2.9400999546051025,2.9400999546051025,7500
2026-06-25 16:36:00+00:00,2.9400999546051025,2.9400999546051025,2.9400999546051025,2.9400999546051025,0
2026-06-25 16:38:00+00:00,2.949899911880493,2.949899911880493,2.949899911880493,2.949899911880493,5406
2026-06-25 16:39:00+00:00,2.950000047683716,2.9507999420166016,2.947499990463257,2.9507999420166016,24086
2026-06-25 16:41:00+00:00,2.9500999450683594,2.9500999450683594,2.950000047683716,2.950000047683716,25227
2026-06-25 16:43:00+00:00,2.95989990234375,2.9697999954223633,2.957799911499023,2.9697999954223633,42889
2026-06-25 16:45:00+00:00,2.9700000286102295,2.9749999046325684,2.9700000286102295,2.9749999046325684,8700
2026-06-25 16:46:00+00:00,2.9700000286102295,2.970099925994873,2.968100070953369,2.968100070953369,64216
2026-06-25 16:47:00+00:00,2.9600000381469727,2.963599920272827,2.9600000381469727,2.963599920272827,21786
2026-06-25 16:48:00+00:00,2.9583001136779785,2.9583001136779785,2.9583001136779785,2.9583001136779785,1513
2026-06-25 16:51:00+00:00,2.940000057220459,2.950000047683716,2.940000057220459,2.950000047683716,205854
2026-06-25 16:52:00+00:00,2.9500999450683594,2.9500999450683594,2.9500999450683594,2.9500999450683594,14900
2026-06-25 16:53:00+00:00,2.9549999237060547,2.9549999237060547,2.950000047683716,2.9500999450683594,120400
2026-06-25 16:54:00+00:00,2.950000047683716,2.9500999450683594,2.940000057220459,2.949899911880493,58761
2026-06-25 16:55:00+00:00,2.9549999237060547,2.9549999237060547,2.9549999237060547,2.9549999237060547,12878
2026-06-25 16:56:00+00:00,2.95989990234375,2.9600000381469727,2.9598000049591064,2.9600000381469727,8097
2026-06-25 16:57:00+00:00,2.9600000381469727,2.9600000381469727,2.95989990234375,2.95989990234375,36112
2026-06-25 17:03:00+00:00,2.9600000381469727,2.9600000381469727,2.9600000381469727,2.9600000381469727,1000
2026-06-25 17:05:00+00:00,2.9507999420166016,2.9507999420166016,2.9507999420166016,2.9507999420166016,6551
2026-06-25 17:09:00+00:00,2.95989990234375,2.95989990234375,2.9500999450683594,2.9535999298095703,11000
2026-06-25 17:10:00+00:00,2.950000047683716,2.950000047683716,2.940000057220459,2.940000057220459,38247
2026-06-25 17:11:00+00:00,2.9400999546051025,2.9400999546051025,2.9400999546051025,2.9400999546051025,8132
2026-06-25 17:12:00+00:00,2.944999933242798,2.949899911880493,2.944999933242798,2.949899911880493,1899
2026-06-25 17:13:00+00:00,2.944999933242798,2.944999933242798,2.944999933242798,2.944999933242798,2178
2026-06-25 17:14:00+00:00,2.940000057220459,2.940000057220459,2.940000057220459,2.940000057220459,0
2026-06-25 17:15:00+00:00,2.944999933242798,2.944999933242798,2.930000066757202,2.930000066757202,45881
2026-06-25 17:16:00+00:00,2.93969988822937,2.940000057220459,2.93969988822937,2.940000057220459,10781
2026-06-25 17:18:00+00:00,2.9398999214172363,2.9400999546051025,2.9382998943328857,2.9400999546051025,77355
2026-06-25 17:19:00+00:00,2.944999933242798,2.950000047683716,2.944999933242798,2.950000047683716,36088
2026-06-25 17:20:00+00:00,2.9549999237060547,2.9549999237060547,2.9500999450683594,2.9500999450683594,0
2026-06-25 17:21:00+00:00,2.950000047683716,2.9549999237060547,2.940000057220459,2.940000057220459,44764
2026-06-25 17:23:00+00:00,2.949899911880493,2.949899911880493,2.949899911880493,2.949899911880493,2825
2026-06-25 17:24:00+00:00,2.9400999546051025,2.9410998821258545,2.940000057220459,2.940000057220459,47555
2026-06-25 17:26:00+00:00,2.93179988861084,2.93179988861084,2.93179988861084,2.93179988861084,0
2026-06-25 17:28:00+00:00,2.934999942779541,2.934999942779541,2.934999942779541,2.934999942779541,366
2026-06-25 17:32:00+00:00,2.934999942779541,2.940000057220459,2.934999942779541,2.93969988822937,44977
2026-06-25 17:33:00+00:00,2.9398999214172363,2.9398999214172363,2.9398999214172363,2.9398999214172363,33748
2026-06-25 17:34:00+00:00,2.940000057220459,2.940000057220459,2.940000057220459,2.940000057220459,0
2026-06-25 17:35:00+00:00,2.934999942779541,2.934999942779541,2.930000066757202,2.9300999641418457,46504
2026-06-25 17:36:00+00:00,2.9300999641418457,2.9300999641418457,2.9200000762939453,2.924999952316284,26671
2026-06-25 17:37:00+00:00,2.9219000339508057,2.9219000339508057,2.9219000339508057,2.9219000339508057,240
2026-06-25 17:40:00+00:00,2.921799898147583,2.921799898147583,2.921799898147583,2.921799898147583,470
2026-06-25 17:41:00+00:00,2.924999952316284,2.924999952316284,2.924999952316284,2.924999952316284,2191
2026-06-25 17:42:00+00:00,2.921099901199341,2.924999952316284,2.921099901199341,2.924999952316284,5901
2026-06-25 17:43:00+00:00,2.926399946212769,2.9298999309539795,2.926399946212769,2.9298999309539795,22400
2026-06-25 17:44:00+00:00,2.924999952316284,2.934999942779541,2.924999952316284,2.9310998916625977,75455
2026-06-25 17:45:00+00:00,2.930000066757202,2.949899911880493,2.930000066757202,2.9400999546051025,43612
2026-06-25 17:46:00+00:00,2.940000057220459,2.944999933242798,2.940000057220459,2.9400999546051025,19755
2026-06-25 17:48:00+00:00,2.944999933242798,2.944999933242798,2.944999933242798,2.944999933242798,864
2026-06-25 17:49:00+00:00,2.944999933242798,2.944999933242798,2.944999933242798,2.944999933242798,0
2026-06-25 17:50:00+00:00,2.940000057220459,2.9400999546051025,2.940000057220459,2.9400999546051025,59640
2026-06-25 17:51:00+00:00,2.940000057220459,2.940000057220459,2.930000066757202,2.930000066757202,11798
2026-06-25 17:55:00+00:00,2.930000066757202,2.930000066757202,2.930000066757202,2.930000066757202,462
2026-06-25 17:56:00+00:00,2.9300999641418457,2.9300999641418457,2.9300999641418457,2.9300999641418457,68
2026-06-25 17:57:00+00:00,2.930000066757202,2.930000066757202,2.930000066757202,2.930000066757202,9878
2026-06-25 17:58:00+00:00,2.9298999309539795,2.9298999309539795,2.9298999309539795,2.9298999309539795,1513
2026-06-25 18:01:00+00:00,2.9200000762939453,2.9200000762939453,2.9200000762939453,2.9200000762939453,300
2026-06-25 18:02:00+00:00,2.924999952316284,2.9402999877929688,2.924999952316284,2.9402999877929688,163911
2026-06-25 18:03:00+00:00,2.944999933242798,2.944999933242798,2.940000057220459,2.940000057220459,25752
2026-06-25 18:04:00+00:00,2.9400999546051025,2.944999933242798,2.9300999641418457,2.934999942779541,59622
2026-06-25 18:05:00+00:00,2.940000057220459,2.9400999546051025,2.9398999214172363,2.9400999546051025,218258
2026-06-25 18:06:00+00:00,2.9402999877929688,2.9402999877929688,2.940000057220459,2.9400999546051025,0
2026-06-25 18:07:00+00:00,2.934999942779541,2.934999942779541,2.934999942779541,2.934999942779541,9683
2026-06-25 18:09:00+00:00,2.930000066757202,2.9300999641418457,2.928100109100342,2.930000066757202,50592
2026-06-25 18:13:00+00:00,2.9298999309539795,2.930000066757202,2.924999952316284,2.9298999309539795,28249
2026-06-25 18:14:00+00:00,2.934999942779541,2.934999942779541,2.9300999641418457,2.9300999641418457,5928
2026-06-25 18:19:00+00:00,2.9300999641418457,2.9310998916625977,2.924999952316284,2.930000066757202,100261
2026-06-25 18:20:00+00:00,2.930000066757202,2.930000066757202,2.930000066757202,2.930000066757202,22392
2026-06-25 18:21:00+00:00,2.940000057220459,2.940000057220459,2.934999942779541,2.9398999214172363,62622
2026-06-25 18:23:00+00:00,2.940000057220459,2.944999933242798,2.940000057220459,2.9400999546051025,67364
2026-06-25 18:24:00+00:00,2.9451000690460205,2.9451000690460205,2.932499885559082,2.934999942779541,132428
2026-06-25 18:28:00+00:00,2.9300999641418457,2.9300999641418457,2.9300999641418457,2.9300999641418457,14800
2026-06-25 18:29:00+00:00,2.940000057220459,2.940000057220459,2.940000057220459,2.940000057220459,9339
2026-06-25 18:30:00+00:00,2.940000057220459,2.950000047683716,2.9388999938964844,2.950000047683716,30066
2026-06-25 18:31:00+00:00,2.950000047683716,2.9549999237060547,2.944999933242798,2.950000047683716,63272
2026-06-25 18:33:00+00:00,2.95989990234375,2.95989990234375,2.9549999237060547,2.95989990234375,15823
2026-06-25 18:34:00+00:00,2.95989990234375,2.9600000381469727,2.9598000049591064,2.9598000049591064,49302
2026-06-25 18:35:00+00:00,2.9649999141693115,2.9700000286102295,2.9600000381469727,2.9649999141693115,210876
2026-06-25 18:36:00+00:00,2.960099935531616,2.9649999141693115,2.9600000381469727,2.9600000381469727,48427
2026-06-25 18:37:00+00:00,2.95989990234375,2.95989990234375,2.95989990234375,2.95989990234375,24820
2026-06-25 18:41:00+00:00,2.9600000381469727,2.969899892807007,2.958899974822998,2.960099935531616,134260
2026-06-25 18:42:00+00:00,2.9649999141693115,2.9649999141693115,2.944999933242798,2.944999933242798,39179
2026-06-25 18:46:00+00:00,2.949899911880493,2.9500999450683594,2.944999933242798,2.9500999450683594,98365
2026-06-25 18:47:00+00:00,2.9549999237060547,2.9549999237060547,2.9549999237060547,2.9549999237060547,7300
2026-06-25 18:48:00+00:00,2.9507999420166016,2.9549999237060547,2.9507999420166016,2.9549999237060547,0
2026-06-25 18:49:00+00:00,2.950000047683716,2.9500999450683594,2.9407999515533447,2.9407999515533447,14437
2026-06-25 18:52:00+00:00,2.944999933242798,2.944999933242798,2.944999933242798,2.944999933242798,5027
2026-06-25 18:54:00+00:00,2.944999933242798,2.944999933242798,2.944999933242798,2.944999933242798,6070
2026-06-25 18:58:00+00:00,2.9491000175476074,2.9491000175476074,2.9491000175476074,2.9491000175476074,7074
2026-06-25 19:01:00+00:00,2.949899911880493,2.9549999237060547,2.944999933242798,2.9549999237060547,47049
2026-06-25 19:02:00+00:00,2.9549999237060547,2.9549999237060547,2.9500999450683594,2.9549999237060547,10359
2026-06-25 19:03:00+00:00,2.95989990234375,2.9649999141693115,2.95989990234375,2.960099935531616,71689
2026-06-25 19:04:00+00:00,2.961999893188477,2.961999893188477,2.961999893188477,2.961999893188477,0
2026-06-25 19:05:00+00:00,2.969899892807007,2.969899892807007,2.960099935531616,2.960099935531616,21797
2026-06-25 19:06:00+00:00,2.969899892807007,2.969899892807007,2.969899892807007,2.969899892807007,5600
2026-06-25 19:07:00+00:00,2.960099935531616,2.960099935531616,2.9600000381469727,2.9600000381469727,53963
2026-06-25 19:08:00+00:00,2.9600000381469727,2.9649999141693115,2.9600000381469727,2.9600000381469727,8735
2026-06-25 19:10:00+00:00,2.960900068283081,2.960900068283081,2.960900068283081,2.960900068283081,7125
2026-06-25 19:11:00+00:00,2.9600000381469727,2.9600000381469727,2.9549999237060547,2.9549999237060547,42206
2026-06-25 19:13:00+00:00,2.95989990234375,2.9649999141693115,2.95989990234375,2.9649999141693115,9847
2026-06-25 19:14:00+00:00,2.9649999141693115,2.9649999141693115,2.960099935531616,2.960099935531616,28995
2026-06-25 19:16:00+00:00,2.9649999141693115,2.9649999141693115,2.9649999141693115,2.9649999141693115,989
2026-06-25 19:18:00+00:00,2.9700000286102295,2.9700000286102295,2.9697000980377197,2.9697000980377197,13239
2026-06-25 19:19:00+00:00,2.9649999141693115,2.9649999141693115,2.9649999141693115,2.9649999141693115,2510
2026-06-25 19:23:00+00:00,2.9600000381469727,2.960099935531616,2.9600000381469727,2.960099935531616,58225
2026-06-25 19:25:00+00:00,2.9600000381469727,2.9600000381469727,2.9600000381469727,2.9600000381469727,23603
2026-06-25 19:29:00+00:00,2.950000047683716,2.950000047683716,2.950000047683716,2.950000047683716,5300
2026-06-25 19:31:00+00:00,2.95989990234375,2.9600000381469727,2.958899974822998,2.95989990234375,48037
2026-06-25 19:32:00+00:00,2.9600000381469727,2.9600000381469727,2.9600000381469727,2.9600000381469727,0
2026-06-25 19:33:00+00:00,2.95989990234375,2.95989990234375,2.95989990234375,2.95989990234375,22500
2026-06-25 19:34:00+00:00,2.9549999237060547,2.9549999237060547,2.9549999237060547,2.9549999237060547,0
2026-06-25 19:40:00+00:00,2.9549999237060547,2.9549999237060547,2.950000047683716,2.950000047683716,93602
2026-06-25 19:41:00+00:00,2.949899911880493,2.950000047683716,2.940000057220459,2.940000057220459,78419
2026-06-25 19:42:00+00:00,2.940200090408325,2.9410998821258545,2.934999942779541,2.938999891281128,25332
2026-06-25 19:44:00+00:00,2.938999891281128,2.940000057220459,2.938999891281128,2.940000057220459,13763
2026-06-25 19:45:00+00:00,2.9398999214172363,2.940000057220459,2.9398999214172363,2.940000057220459,7791
2026-06-25 19:46:00+00:00,2.940000057220459,2.940000057220459,2.940000057220459,2.940000057220459,33979
2026-06-25 19:47:00+00:00,2.9400999546051025,2.9400999546051025,2.9400999546051025,2.9400999546051025,222327
2026-06-25 19:49:00+00:00,2.949899911880493,2.949899911880493,2.949899911880493,2.949899911880493,2850
2026-06-25 19:50:00+00:00,2.950000047683716,2.9600000381469727,2.950000047683716,2.9500999450683594,18310
2026-06-25 19:51:00+00:00,2.9549999237060547,2.9583001136779785,2.9400999546051025,2.9400999546051025,94890
2026-06-25 19:53:00+00:00,2.940200090408325,2.9402999877929688,2.9400999546051025,2.9400999546051025,13102
2026-06-25 19:54:00+00:00,2.934999942779541,2.934999942779541,2.934999942779541,2.934999942779541,8189
2026-06-25 19:55:00+00:00,2.928299903869629,2.928299903869629,2.9200000762939453,2.9200000762939453,73080
2026-06-25 19:57:00+00:00,2.9100000858306885,2.9100000858306885,2.9100000858306885,2.9100000858306885,24108
2026-06-25 19:58:00+00:00,2.9149999618530273,2.9200000762939453,2.9149999618530273,2.9149999618530273,9265
2026-06-25 19:59:00+00:00,2.9100000858306885,2.9100000858306885,2.9100000858306885,2.9100000858306885,16633
2026-06-25 20:00:00+00:00,2.9,2.9,2.9,2.9,0
2026-06-25 20:01:00+00:00,2.89,2.8902,2.89,2.89,0
2026-06-25 20:04:00+00:00,2.9,2.9,2.9,2.9,0
2026-06-25 20:07:00+00:00,2.9001,2.9001,2.9001,2.9001,0
2026-06-25 20:10:00+00:00,2.9,2.9011,2.9,2.9011,0
2026-06-25 20:11:00+00:00,2.9007,2.9007,2.9007,2.9007,0
2026-06-25 20:23:00+00:00,2.9,2.9,2.9,2.9,0
2026-06-25 20:28:00+00:00,2.9,2.9,2.9,2.9,0
2026-06-25 20:29:00+00:00,2.91,2.91,2.91,2.91,0
2026-06-25 20:37:00+00:00,2.9099,2.9099,2.9099,2.9099,0
2026-06-25 20:39:00+00:00,2.9099,2.9099,2.9099,2.9099,0
2026-06-25 20:41:00+00:00,2.9003,2.9003,2.9003,2.9003,0
2026-06-25 20:47:00+00:00,2.92,2.92,2.92,2.92,0
2026-06-25 20:55:00+00:00,2.9198,2.9198,2.9198,2.9198,0
2026-06-25 21:19:00+00:00,2.9274,2.9274,2.9274,2.9274,0
2026-06-25 21:42:00+00:00,2.92,2.92,2.92,2.92,0
2026-06-25 22:05:00+00:00,2.9296,2.9296,2.9296,2.9296,0
2026-06-25 22:08:00+00:00,2.9299,2.9299,2.9299,2.9299,0
2026-06-25 22:19:00+00:00,2.93,2.93,2.93,2.93,0
2026-06-25 22:20:00+00:00,2.9299,2.9299,2.9299,2.9299,0
2026-06-25 22:21:00+00:00,2.9387,2.9387,2.9387,2.9387,0
2026-06-25 22:23:00+00:00,2.9298,2.9298,2.9298,2.9298,0
2026-06-25 22:40:00+00:00,2.93,2.93,2.93,2.93,0
2026-06-25 22:51:00+00:00,2.9398,2.9398,2.9398,2.9398,0
2026-06-25 22:55:00+00:00,2.93,2.93,2.93,2.93,0
2026-06-25 23:02:00+00:00,2.93,2.93,2.93,2.93,0
2026-06-25 23:03:00+00:00,2.93,2.93,2.93,2.93,0
2026-06-25 23:12:00+00:00,2.93,2.93,2.93,2.93,0
2026-06-25 23:15:00+00:00,2.92,2.92,2.92,2.92,0
2026-06-25 23:18:00+00:00,2.91,2.91,2.91,2.91,0
2026-06-25 23:20:00+00:00,2.89,2.89,2.89,2.89,0
2026-06-25 23:23:00+00:00,2.895,2.895,2.895,2.895,0
2026-06-25 23:26:00+00:00,2.89,2.89,2.89,2.89,0
2026-06-25 23:33:00+00:00,2.91,2.91,2.91,2.91,0
2026-06-25 23:45:00+00:00,2.92,2.92,2.92,2.92,0
2026-06-26 08:00:00+00:00,3.01,3.01,3.0,3.0,0
2026-06-26 08:01:00+00:00,2.98,2.98,2.98,2.98,0
2026-06-26 08:05:00+00:00,2.9885,2.9885,2.9885,2.9885,0
2026-06-26 08:09:00+00:00,2.985,2.985,2.98,2.98,0
2026-06-26 08:17:00+00:00,2.99,2.99,2.99,2.99,0
2026-06-26 08:19:00+00:00,2.99,2.99,2.99,2.99,0
2026-06-26 08:55:00+00:00,2.9981,2.9981,2.9981,2.9981,0
2026-06-26 08:56:00+00:00,3.0005,3.0005,3.0005,3.0005,0
2026-06-26 09:07:00+00:00,3.0183,3.0183,3.0183,3.0183,0
2026-06-26 09:12:00+00:00,3.01,3.01,3.01,3.01,0
2026-06-26 09:16:00+00:00,3.0096,3.0096,3.0096,3.0096,0
2026-06-26 09:20:00+00:00,3.02,3.02,3.02,3.02,0
2026-06-26 09:22:00+00:00,3.0196,3.0196,3.0196,3.0196,0
2026-06-26 10:04:00+00:00,3.0106,3.0106,3.0106,3.0106,0
2026-06-26 10:11:00+00:00,3.01,3.01,3.01,3.01,0
2026-06-26 10:14:00+00:00,3.015,3.015,3.015,3.015,0
2026-06-26 10:15:00+00:00,3.0195,3.0195,3.0195,3.0195,0
2026-06-26 10:19:00+00:00,3.01,3.01,3.01,3.01,0
2026-06-26 11:00:00+00:00,3.01,3.01,3.01,3.01,0
2026-06-26 11:03:00+00:00,3.0001,3.0001,3.0,3.0,0
2026-06-26 11:08:00+00:00,3.01,3.01,3.01,3.01,0
2026-06-26 11:15:00+00:00,3.0097,3.0097,3.0097,3.0097,0
2026-06-26 11:16:00+00:00,3.01,3.01,3.01,3.01,0
2026-06-26 11:18:00+00:00,3.01,3.01,3.01,3.01,0
2026-06-26 11:19:00+00:00,3.0098,3.0098,3.0098,3.0098,0
2026-06-26 11:20:00+00:00,3.01,3.01,3.01,3.01,0
2026-06-26 11:29:00+00:00,3.0103,3.0103,3.0103,3.0103,0
2026-06-26 11:32:00+00:00,3.02,3.02,3.02,3.02,0
2026-06-26 11:34:00+00:00,3.02,3.02,3.02,3.02,0
2026-06-26 11:47:00+00:00,3.0287,3.0287,3.0287,3.0287,0
2026-06-26 11:48:00+00:00,3.0203,3.0203,3.0203,3.0203,0
2026-06-26 11:52:00+00:00,3.02,3.02,3.02,3.02,0
2026-06-26 11:54:00+00:00,3.0295,3.0295,3.0295,3.0295,0
2026-06-26 12:07:00+00:00,3.0105,3.0105,3.01,3.01,0
2026-06-26 12:08:00+00:00,3.02,3.02,3.02,3.02,0
2026-06-26 12:09:00+00:00,3.01,3.01,3.01,3.01,0
2026-06-26 12:10:00+00:00,3.01,3.01,3.01,3.01,0
2026-06-26 12:15:00+00:00,3.01,3.01,3.01,3.01,0
2026-06-26 12:17:00+00:00,3.01,3.01,3.01,3.01,0
2026-06-26 12:19:00+00:00,3.01,3.01,3.01,3.01,0
2026-06-26 12:20:00+00:00,3.02,3.02,3.02,3.02,0
2026-06-26 12:33:00+00:00,3.01,3.01,3.01,3.01,0
2026-06-26 12:37:00+00:00,3.01,3.01,3.01,3.01,0
2026-06-26 12:39:00+00:00,3.02,3.02,3.02,3.02,0
2026-06-26 12:45:00+00:00,3.03,3.03,3.0296,3.0296,0
2026-06-26 12:46:00+00:00,3.0287,3.0287,3.0287,3.0287,0
2026-06-26 12:47:00+00:00,3.0285,3.0285,3.0274,3.0274,0
2026-06-26 12:48:00+00:00,3.02,3.02,3.02,3.02,0
2026-06-26 12:51:00+00:00,3.03,3.03,3.03,3.03,0
2026-06-26 12:52:00+00:00,3.03,3.03,3.03,3.03,0
2026-06-26 12:53:00+00:00,3.0395,3.0395,3.0395,3.0395,0
2026-06-26 12:57:00+00:00,3.04,3.04,3.0399,3.0399,0
2026-06-26 13:04:00+00:00,3.04,3.0479,3.04,3.0479,0
2026-06-26 13:05:00+00:00,3.045,3.0495,3.045,3.0495,0
2026-06-26 13:07:00+00:00,3.04,3.05,3.04,3.05,0
2026-06-26 13:08:00+00:00,3.0485,3.0485,3.0485,3.0485,0
2026-06-26 13:10:00+00:00,3.0487,3.0499,3.0487,3.0499,0
2026-06-26 13:11:00+00:00,3.04,3.04,3.0301,3.0301,0
2026-06-26 13:12:00+00:00,3.0398,3.0398,3.0398,3.0398,0
2026-06-26 13:13:00+00:00,3.04,3.04,3.03,3.03,0
2026-06-26 13:15:00+00:00,3.03,3.03,3.03,3.03,0
2026-06-26 13:16:00+00:00,3.03,3.03,3.03,3.03,0
2026-06-26 13:18:00+00:00,3.0398,3.0398,3.0398,3.0398,0
2026-06-26 13:22:00+00:00,3.03,3.03,3.03,3.03,0
2026-06-26 13:25:00+00:00,3.02,3.02,3.0105,3.0105,0
2026-06-26 13:26:00+00:00,3.0,3.0,3.0,3.0,0
2026-06-26 13:27:00+00:00,3.01,3.01,3.0,3.0,0
2026-06-26 13:28:00+00:00,2.99,2.99,2.9896,2.99,0
2026-06-26 13:29:00+00:00,2.99,2.99,2.9797,2.98,0
2026-06-26 13:30:00+00:00,2.9800000190734863,3.0299999713897705,2.9800000190734863,3.0199999809265137,597001
2026-06-26 13:31:00+00:00,3.0199999809265137,3.0299999713897705,3.015000104904175,3.0299999713897705,16445
2026-06-26 13:32:00+00:00,3.0299999713897705,3.059999942779541,3.0299999713897705,3.055000066757202,68931
2026-06-26 13:33:00+00:00,3.055000066757202,3.065000057220459,3.055000066757202,3.065000057220459,21872
2026-06-26 13:34:00+00:00,3.0692999362945557,3.0692999362945557,3.059999942779541,3.059999942779541,23094
2026-06-26 13:35:00+00:00,3.055000066757202,3.055000066757202,3.030100107192993,3.0350000858306885,18545
2026-06-26 13:36:00+00:00,3.0385000705718994,3.0385000705718994,3.0220000743865967,3.029900074005127,13933
2026-06-26 13:37:00+00:00,3.0250000953674316,3.0299999713897705,3.0250000953674316,3.0250000953674316,40711
2026-06-26 13:38:00+00:00,3.0350000858306885,3.0350000858306885,3.030100107192993,3.0350000858306885,5675
2026-06-26 13:39:00+00:00,3.0399999618530273,3.049999952316284,3.0399999618530273,3.049999952316284,34817
2026-06-26 13:40:00+00:00,3.049999952316284,3.049999952316284,3.0315001010894775,3.0315001010894775,23638
2026-06-26 13:41:00+00:00,3.0350000858306885,3.0399999618530273,3.0350000858306885,3.0350000858306885,10265
2026-06-26 13:42:00+00:00,3.0350000858306885,3.0350000858306885,3.0250000953674316,3.033600091934204,69148
2026-06-26 13:43:00+00:00,3.0250000953674316,3.0250000953674316,3.009999990463257,3.015000104904175,15424
2026-06-26 13:44:00+00:00,3.012399911880493,3.0160999298095703,3.0099000930786133,3.0099000930786133,54295
2026-06-26 13:45:00+00:00,3.009999990463257,3.029900074005127,3.009999990463257,3.029900074005127,41142
2026-06-26 13:46:00+00:00,3.0250000953674316,3.0399999618530273,3.0199999809265137,3.0199999809265137,55639
2026-06-26 13:47:00+00:00,3.009999990463257,3.015000104904175,3.005000114440918,3.015000104904175,130562
2026-06-26 13:48:00+00:00,3.0199999809265137,3.0299999713897705,3.015000104904175,3.029900074005127,134769
2026-06-26 13:49:00+00:00,3.0399999618530273,3.0399999618530273,3.0299999713897705,3.0299999713897705,92713
2026-06-26 13:50:00+00:00,3.0199999809265137,3.026700019836426,3.0199999809265137,3.0201001167297363,103504
2026-06-26 13:51:00+00:00,3.0201001167297363,3.0250000953674316,3.01200008392334,3.015000104904175,26642
2026-06-26 13:52:00+00:00,3.0199999809265137,3.0199999809265137,3.0199999809265137,3.0199999809265137,32282
2026-06-26 13:53:00+00:00,3.0201001167297363,3.0201001167297363,3.01990008354187,3.01990008354187,40660
2026-06-26 13:55:00+00:00,3.015000104904175,3.0299999713897705,3.015000104904175,3.0299999713897705,45212
2026-06-26 13:56:00+00:00,3.0299999713897705,3.0299999713897705,3.01200008392334,3.01200008392334,22581
2026-06-26 13:57:00+00:00,3.009999990463257,3.015000104904175,3.003999948501587,3.005000114440918,110269
2026-06-26 13:58:00+00:00,3.005000114440918,3.0099000930786133,3.0,3.0,53646
2026-06-26 13:59:00+00:00,2.9999001026153564,2.9999001026153564,2.9999001026153564,2.9999001026153564,92785
2026-06-26 14:00:00+00:00,2.98009991645813,2.98009991645813,2.970099925994873,2.973099946975708,75732
2026-06-26 14:01:00+00:00,2.9800000190734863,2.9800000190734863,2.970099925994873,2.970099925994873,34170
2026-06-26 14:02:00+00:00,2.9800000190734863,2.984999895095825,2.9798998832702637,2.9798998832702637,261588
2026-06-26 14:03:00+00:00,2.9798998832702637,2.990000009536743,2.9798998832702637,2.98009991645813,107238
2026-06-26 14:04:00+00:00,2.9899001121520996,2.9899001121520996,2.9700000286102295,2.9700000286102295,216809
2026-06-26 14:05:00+00:00,2.9798998832702637,2.980299949645996,2.9700000286102295,2.9800000190734863,201722
2026-06-26 14:06:00+00:00,2.98009991645813,2.984999895095825,2.9781999588012695,2.9781999588012695,92000
2026-06-26 14:07:00+00:00,2.9798998832702637,2.9798998832702637,2.970099925994873,2.970099925994873,10580
2026-06-26 14:08:00+00:00,2.970099925994873,2.970099925994873,2.9600000381469727,2.9700000286102295,161935
2026-06-26 14:09:00+00:00,2.9749999046325684,2.9749999046325684,2.968899965286255,2.969899892807007,188360
2026-06-26 14:10:00+00:00,2.9749999046325684,2.984999895095825,2.9749999046325684,2.9820001125335693,78860
2026-06-26 14:11:00+00:00,2.9895999431610107,3.0,2.9895999431610107,2.990000009536743,127543
2026-06-26 14:12:00+00:00,2.9900999069213867,2.9900999069213867,2.9800000190734863,2.980299949645996,93512
2026-06-26 14:13:00+00:00,2.970099925994873,2.970099925994873,2.9600000381469727,2.969899892807007,126948
2026-06-26 14:14:00+00:00,2.9690001010894775,2.9709999561309814,2.9649999141693115,2.970099925994873,100900
2026-06-26 14:15:00+00:00,2.9649999141693115,2.9700000286102295,2.9649999141693115,2.9693000316619873,45886
2026-06-26 14:16:00+00:00,2.969899892807007,2.969899892807007,2.9649999141693115,2.9649999141693115,3830
2026-06-26 14:17:00+00:00,2.9649999141693115,2.9749999046325684,2.9649999141693115,2.9749999046325684,316904
2026-06-26 14:18:00+00:00,2.9600000381469727,2.9700000286102295,2.9600000381469727,2.9690001010894775,73249
2026-06-26 14:19:00+00:00,2.960099935531616,2.9700000286102295,2.960099935531616,2.9700000286102295,13783
2026-06-26 14:20:00+00:00,2.970099925994873,2.9702000617980957,2.950000047683716,2.9500999450683594,419056
2026-06-26 14:21:00+00:00,2.95989990234375,2.95989990234375,2.95989990234375,2.95989990234375,22710
2026-06-26 14:22:00+00:00,2.95989990234375,2.968100070953369,2.95989990234375,2.960099935531616,235198
2026-06-26 14:23:00+00:00,2.950000047683716,2.9649999141693115,2.950000047683716,2.95989990234375,744761
2026-06-26 14:24:00+00:00,2.9683001041412354,2.9683001041412354,2.9683001041412354,2.9683001041412354,600
2026-06-26 14:25:00+00:00,2.9600000381469727,2.9602999687194824,2.9598000049591064,2.95989990234375,256259
2026-06-26 14:26:00+00:00,2.9549999237060547,2.960099935531616,2.9549999237060547,2.960099935531616,28003
2026-06-26 14:27:00+00:00,2.960099935531616,2.960900068283081,2.960099935531616,2.960099935531616,25200
2026-06-26 14:28:00+00:00,2.9600000381469727,2.9649999141693115,2.9600000381469727,2.9600000381469727,56869
2026-06-26 14:29:00+00:00,2.9598000049591064,2.9649999141693115,2.958899974822998,2.9649999141693115,212330
2026-06-26 14:30:00+00:00,2.9600000381469727,2.969899892807007,2.95989990234375,2.969899892807007,122660
2026-06-26 14:31:00+00:00,2.969899892807007,2.9700000286102295,2.9649999141693115,2.969899892807007,85906
2026-06-26 14:32:00+00:00,2.9749999046325684,2.984999895095825,2.9749999046325684,2.9800000190734863,96300
2026-06-26 14:33:00+00:00,2.98009991645813,2.98009991645813,2.9700000286102295,2.970099925994873,200688
2026-06-26 14:34:00+00:00,2.970099925994873,2.970099925994873,2.9549999237060547,2.9700000286102295,361565
2026-06-26 14:35:00+00:00,2.969899892807007,2.9700000286102295,2.969899892807007,2.9700000286102295,80264
2026-06-26 14:36:00+00:00,2.9749999046325684,2.9800000190734863,2.9716999530792236,2.9798998832702637,66568
2026-06-26 14:37:00+00:00,2.985100030899048,2.990000009536743,2.9800000190734863,2.990000009536743,224161
2026-06-26 14:39:00+00:00,2.9899001121520996,2.990000009536743,2.984999895095825,2.9899001121520996,101825
2026-06-26 14:40:00+00:00,2.9899001121520996,2.9981000423431396,2.984999895095825,2.9863998889923096,411561
2026-06-26 14:41:00+00:00,2.9800000190734863,2.98009991645813,2.9800000190734863,2.98009991645813,56300
2026-06-26 14:42:00+00:00,2.9800000190734863,2.98009991645813,2.9800000190734863,2.98009991645813,1499
2026-06-26 14:43:00+00:00,2.9800000190734863,2.990000009536743,2.9800000190734863,2.989799976348877,448
2026-06-26 14:44:00+00:00,2.9899001121520996,2.994999885559082,2.989000082015991,2.994999885559082,169342
2026-06-26 14:45:00+00:00,2.990000009536743,2.990299940109253,2.990000009536743,2.990000009536743,105873
2026-06-26 14:46:00+00:00,2.990000009536743,2.990000009536743,2.9800000190734863,2.989799976348877,50507
2026-06-26 14:47:00+00:00,2.988899946212769,2.990000009536743,2.984999895095825,2.984999895095825,88831
2026-06-26 14:48:00+00:00,2.983599901199341,2.983599901199341,2.983599901199341,2.983599901199341,2810
2026-06-26 14:49:00+00:00,2.9899001121520996,2.9899001121520996,2.9899001121520996,2.9899001121520996,4800
2026-06-26 14:50:00+00:00,2.98009991645813,2.984999895095825,2.98009991645813,2.98009991645813,10025
2026-06-26 14:51:00+00:00,2.98009991645813,2.9899001121520996,2.9700000286102295,2.9899001121520996,176916
2026-06-26 14:52:00+00:00,2.990000009536743,2.9937000274658203,2.984999895095825,2.9900999069213867,163197
2026-06-26 14:54:00+00:00,2.9999001026153564,2.9999001026153564,2.9935998916625977,2.9935998916625977,1938
2026-06-26 14:55:00+00:00,2.990000009536743,2.994999885559082,2.98009991645813,2.990000009536743,109389
2026-06-26 14:56:00+00:00,2.990000009536743,3.0,2.9800000190734863,2.9800000190734863,140543
2026-06-26 14:57:00+00:00,2.9899001121520996,2.990000009536743,2.9899001121520996,2.990000009536743,0
2026-06-26 14:58:00+00:00,2.9899001121520996,3.0,2.984999895095825,2.9900999069213867,180099
2026-06-26 14:59:00+00:00,2.994999885559082,2.994999885559082,2.9900999069213867,2.9900999069213867,40950
2026-06-26 15:01:00+00:00,2.9999001026153564,2.9999001026153564,2.9999001026153564,2.9999001026153564,8530
2026-06-26 15:02:00+00:00,2.994999885559082,2.994999885559082,2.994999885559082,2.994999885559082,4503
2026-06-26 15:03:00+00:00,2.9900999069213867,2.9900999069213867,2.9800000190734863,2.9899001121520996,90481
2026-06-26 15:04:00+00:00,2.9863998889923096,2.994999885559082,2.9863998889923096,2.994999885559082,79690
2026-06-26 15:05:00+00:00,3.0,3.0099000930786133,3.0,3.00819993019104,69855
2026-06-26 15:07:00+00:00,3.0,3.0000998973846436,2.990000009536743,2.990000009536743,146350
2026-06-26 15:08:00+00:00,2.994999885559082,3.009999990463257,2.994999885559082,3.009999990463257,101119
2026-06-26 15:09:00+00:00,3.0,3.005000114440918,2.990000009536743,3.0,144856
2026-06-26 15:10:00+00:00,3.0,3.0099000930786133,2.9997000694274902,3.0000998973846436,146528
2026-06-26 15:11:00+00:00,3.005000114440918,3.0099000930786133,3.005000114440918,3.0099000930786133,4977
2026-06-26 15:12:00+00:00,3.0035998821258545,3.0199999809265137,3.0035998821258545,3.009999990463257,272288
2026-06-26 15:13:00+00:00,3.0199999809265137,3.0199999809265137,3.0199999809265137,3.0199999809265137,13022
2026-06-26 15:14:00+00:00,3.015000104904175,3.015000104904175,3.0100998878479004,3.015000104904175,12316
2026-06-26 15:15:00+00:00,3.0199999809265137,3.0199999809265137,3.015000104904175,3.0199999809265137,43925
2026-06-26 15:16:00+00:00,3.0199999809265137,3.020299911499023,3.009999990463257,3.009999990463257,187491
2026-06-26 15:17:00+00:00,3.009999990463257,3.009999990463257,3.0,3.0000998973846436,88524
2026-06-26 15:18:00+00:00,3.0099000930786133,3.0199999809265137,3.005000114440918,3.0100998878479004,235137
2026-06-26 15:19:00+00:00,3.009999990463257,3.0100998878479004,3.0,3.0,167563
2026-06-26 15:20:00+00:00,3.005000114440918,3.01990008354187,3.005000114440918,3.01990008354187,230869
2026-06-26 15:21:00+00:00,3.015000104904175,3.015000104904175,3.005000114440918,3.005000114440918,224454
2026-06-26 15:23:00+00:00,3.0,3.0,2.994999885559082,2.994999885559082,8148
2026-06-26 15:24:00+00:00,2.990299940109253,2.990299940109253,2.990299940109253,2.990299940109253,5060
2026-06-26 15:25:00+00:00,3.0,3.0,2.994999885559082,2.994999885559082,115583
2026-06-26 15:26:00+00:00,3.0,3.005000114440918,3.0,3.005000114440918,85048
2026-06-26 15:27:00+00:00,3.0000998973846436,3.0099000930786133,3.0000998973846436,3.0099000930786133,42500
2026-06-26 15:28:00+00:00,3.005000114440918,3.005000114440918,3.0000998973846436,3.0000998973846436,0
2026-06-26 15:30:00+00:00,3.0002999305725098,3.0002999305725098,2.9800000190734863,2.9800000190734863,211282
2026-06-26 15:31:00+00:00,2.9899001121520996,2.9899001121520996,2.984999895095825,2.9897000789642334,15001
2026-06-26 15:32:00+00:00,2.990000009536743,2.990000009536743,2.9899001121520996,2.990000009536743,85504
2026-06-26 15:33:00+00:00,2.9900999069213867,3.0000998973846436,2.9900999069213867,3.0,110985
2026-06-26 15:34:00+00:00,3.0099000930786133,3.0099000930786133,3.0099000930786133,3.0099000930786133,0
2026-06-26 15:35:00+00:00,3.0,3.005000114440918,3.0,3.0,87258
2026-06-26 15:36:00+00:00,3.0,3.0,2.990000009536743,2.990000009536743,86069
2026-06-26 15:38:00+00:00,2.9900999069213867,2.9900999069213867,2.990000009536743,2.990000009536743,4504
2026-06-26 15:39:00+00:00,2.990000009536743,2.990000009536743,2.990000009536743,2.990000009536743,9000
2026-06-26 15:40:00+00:00,2.990000009536743,2.990000009536743,2.990000009536743,2.990000009536743,0
2026-06-26 15:41:00+00:00,2.994999885559082,2.994999885559082,2.984999895095825,2.984999895095825,19329
2026-06-26 15:42:00+00:00,2.9800000190734863,2.9800000190734863,2.9800000190734863,2.9800000190734863,0
2026-06-26 15:43:00+00:00,2.9800000190734863,2.9800000190734863,2.970099925994873,2.9719998836517334,87760
2026-06-26 15:44:00+00:00,2.9700000286102295,2.9700000286102295,2.9700000286102295,2.9700000286102295,3800
2026-06-26 15:45:00+00:00,2.9798998832702637,2.9798998832702637,2.9798998832702637,2.9798998832702637,0
2026-06-26 15:48:00+00:00,2.9798998832702637,2.9798998832702637,2.9749999046325684,2.9749999046325684,10400
2026-06-26 15:49:00+00:00,2.9800000190734863,2.98009991645813,2.9772000312805176,2.98009991645813,165491
2026-06-26 15:50:00+00:00,2.9800000190734863,2.985100030899048,2.9800000190734863,2.9800000190734863,87138
2026-06-26 15:51:00+00:00,2.9800000190734863,2.9999001026153564,2.9749999046325684,2.9900999069213867,1015700
2026-06-26 15:52:00+00:00,2.990000009536743,2.990000009536743,2.988600015640259,2.990000009536743,300422
2026-06-26 15:53:00+00:00,2.984999895095825,2.994999885559082,2.984999895095825,2.994999885559082,27400
2026-06-26 15:54:00+00:00,2.9999001026153564,3.005000114440918,2.998800039291382,3.0,70827
2026-06-26 15:55:00+00:00,3.0,3.0,3.0,3.0,106842
2026-06-26 15:56:00+00:00,2.9900999069213867,2.9900999069213867,2.9800000190734863,2.9800000190734863,99372
2026-06-26 15:57:00+00:00,2.9800000190734863,2.98009991645813,2.9800000190734863,2.98009991645813,34533
2026-06-26 15:59:00+00:00,2.9749999046325684,2.9749999046325684,2.9749999046325684,2.9749999046325684,310
2026-06-26 16:00:00+00:00,2.9798998832702637,2.98009991645813,2.9798998832702637,2.9800000190734863,118580
2026-06-26 16:01:00+00:00,2.9800000190734863,2.9802000522613525,2.9800000190734863,2.9802000522613525,0
2026-06-26 16:02:00+00:00,2.9798998832702637,2.9899001121520996,2.9788999557495117,2.9899001121520996,110437
2026-06-26 16:03:00+00:00,2.980299949645996,2.9899001121520996,2.980299949645996,2.9899001121520996,693
2026-06-26 16:04:00+00:00,2.9800000190734863,2.9800000190734863,2.9700000286102295,2.970099925994873,144953
2026-06-26 16:05:00+00:00,2.9800000190734863,2.980600118637085,2.9700000286102295,2.9700000286102295,144383
2026-06-26 16:06:00+00:00,2.9800000190734863,2.9800000190734863,2.9798998832702637,2.9798998832702637,9275
2026-06-26 16:07:00+00:00,2.9749999046325684,2.979700088500977,2.9749999046325684,2.979700088500977,1300
2026-06-26 16:08:00+00:00,2.97979998588562,2.9800000190734863,2.9763998985290527,2.979700088500977,94753
2026-06-26 16:09:00+00:00,2.984999895095825,2.984999895095825,2.98009991645813,2.98009991645813,127258
2026-06-26 16:10:00+00:00,2.980299949645996,2.981100082397461,2.970099925994873,2.9800000190734863,137652
2026-06-26 16:11:00+00:00,2.9800000190734863,2.98009991645813,2.9800000190734863,2.98009991645813,80721
2026-06-26 16:12:00+00:00,2.9802000522613525,2.9802000522613525,2.9802000522613525,2.9802000522613525,14381
2026-06-26 16:13:00+00:00,2.990000009536743,2.990000009536743,2.9899001121520996,2.9899001121520996,13604
2026-06-26 16:14:00+00:00,2.98009991645813,2.98009991645813,2.98009991645813,2.98009991645813,2600
2026-06-26 16:16:00+00:00,2.9899001121520996,2.9899001121520996,2.989799976348877,2.9899001121520996,47331
2026-06-26 16:18:00+00:00,2.9899001121520996,2.994999885559082,2.9899001121520996,2.9900999069213867,80770
2026-06-26 16:19:00+00:00,2.990000009536743,2.996000051498413,2.990000009536743,2.990000009536743,98475
2026-06-26 16:20:00+00:00,2.9800000190734863,3.0,2.9800000190734863,2.9999001026153564,397680
2026-06-26 16:21:00+00:00,2.994999885559082,2.994999885559082,2.994999885559082,2.994999885559082,2052
2026-06-26 16:22:00+00:00,2.9900999069213867,2.9900999069213867,2.990000009536743,2.990000009536743,41300
2026-06-26 16:23:00+00:00,2.990000009536743,2.990000009536743,2.990000009536743,2.990000009536743,152301
2026-06-26 16:24:00+00:00,2.9800000190734863,2.9800000190734863,2.9798998832702637,2.9800000190734863,84810
2026-06-26 16:25:00+00:00,2.9800000190734863,2.9800000190734863,2.9798998832702637,2.9798998832702637,632
2026-06-26 16:26:00+00:00,2.9749999046325684,2.9749999046325684,2.9749999046325684,2.9749999046325684,31937
2026-06-26 16:27:00+00:00,2.970099925994873,2.970099925994873,2.970099925994873,2.970099925994873,10942
2026-06-26 16:28:00+00:00,2.9719998836517334,2.9719998836517334,2.9719998836517334,2.9719998836517334,303
2026-06-26 16:29:00+00:00,2.9749999046325684,2.9802000522613525,2.9749999046325684,2.9802000522613525,130948
2026-06-26 16:30:00+00:00,2.9800000190734863,2.9800000190734863,2.9749999046325684,2.9749999046325684,66499
2026-06-26 16:31:00+00:00,2.9749999046325684,2.9749999046325684,2.9749999046325684,2.9749999046325684,3666
2026-06-26 16:32:00+00:00,2.9700000286102295,2.9704999923706055,2.9700000286102295,2.9704999923706055,26629
2026-06-26 16:33:00+00:00,2.9649999141693115,2.9700000286102295,2.9649999141693115,2.9700000286102295,108207
2026-06-26 16:34:00+00:00,2.969899892807007,2.9749999046325684,2.9697000980377197,2.9749999046325684,123807
2026-06-26 16:35:00+00:00,2.9700000286102295,2.9749999046325684,2.9600000381469727,2.9749999046325684,164332
2026-06-26 16:37:00+00:00,2.9749999046325684,2.9749999046325684,2.9749999046325684,2.9749999046325684,2200
2026-06-26 16:39:00+00:00,2.9798998832702637,2.9800000190734863,2.9798998832702637,2.9798998832702637,22913
2026-06-26 16:43:00+00:00,2.970099925994873,2.970099925994873,2.970099925994873,2.970099925994873,3590
2026-06-26 16:44:00+00:00,2.970099925994873,2.974299907684326,2.9649999141693115,2.970099925994873,217130
2026-06-26 16:45:00+00:00,2.9798998832702637,2.9798998832702637,2.970099925994873,2.970099925994873,702
2026-06-26 16:46:00+00:00,2.9749999046325684,2.9749999046325684,2.9749999046325684,2.9749999046325684,1787
2026-06-26 16:49:00+00:00,2.9700000286102295,2.9700000286102295,2.9700000286102295,2.9700000286102295,400
2026-06-26 16:50:00+00:00,2.970099925994873,2.970099925994873,2.9649999141693115,2.9649999141693115,42527
2026-06-26 16:52:00+00:00,2.969899892807007,2.970099925994873,2.9672000408172607,2.970099925994873,108126
2026-06-26 16:54:00+00:00,2.9702000617980957,2.9702000617980957,2.9700000286102295,2.9700000286102295,159054
2026-06-26 16:56:00+00:00,2.9749999046325684,2.9749999046325684,2.9749999046325684,2.9749999046325684,1100
2026-06-26 16:58:00+00:00,2.979700088500977,2.9800000190734863,2.979700088500977,2.9800000190734863,33100
2026-06-26 16:59:00+00:00,2.9798998832702637,2.9798998832702637,2.9798998832702637,2.9798998832702637,0
2026-06-26 17:00:00+00:00,2.9798998832702637,2.9798998832702637,2.9798998832702637,2.9798998832702637,0
2026-06-26 17:01:00+00:00,2.9749999046325684,2.9749999046325684,2.970099925994873,2.970099925994873,3116
2026-06-26 17:06:00+00:00,2.979700088500977,2.979700088500977,2.979700088500977,2.979700088500977,550
2026-06-26 17:08:00+00:00,2.9749999046325684,2.9749999046325684,2.9600000381469727,2.9600000381469727,90337
2026-06-26 17:09:00+00:00,2.9700000286102295,2.9700000286102295,2.969899892807007,2.969899892807007,0
2026-06-26 17:12:00+00:00,2.960099935531616,2.960099935531616,2.960099935531616,2.960099935531616,1025
2026-06-26 17:13:00+00:00,2.9600000381469727,2.9600000381469727,2.9600000381469727,2.9600000381469727,41500
2026-06-26 17:15:00+00:00,2.9700000286102295,2.970099925994873,2.969899892807007,2.970099925994873,78529
2026-06-26 17:17:00+00:00,2.9749999046325684,2.9749999046325684,2.9749999046325684,2.9749999046325684,600
2026-06-26 17:18:00+00:00,2.9798998832702637,2.98009991645813,2.9798998832702637,2.98009991645813,44604
2026-06-26 17:19:00+00:00,2.9800000190734863,2.980299949645996,2.9700000286102295,2.9700000286102295,110350
2026-06-26 17:20:00+00:00,2.9798998832702637,2.9798998832702637,2.9798998832702637,2.9798998832702637,5000
2026-06-26 17:21:00+00:00,2.9800000190734863,2.9800000190734863,2.9749999046325684,2.9798998832702637,69151
2026-06-26 17:23:00+00:00,2.9800000190734863,2.982899904251098,2.9788999557495117,2.98009991645813,49278
2026-06-26 17:24:00+00:00,2.9835000038146973,2.984999895095825,2.9835000038146973,2.984999895095825,14800
2026-06-26 17:25:00+00:00,2.98009991645813,2.98009991645813,2.98009991645813,2.98009991645813,0
2026-06-26 17:27:00+00:00,2.9800000190734863,2.9802000522613525,2.9700000286102295,2.9700000286102295,96389
2026-06-26 17:28:00+00:00,2.9800000190734863,2.9800000190734863,2.960099935531616,2.960099935531616,26591
2026-06-26 17:30:00+00:00,2.960099935531616,2.960099935531616,2.960099935531616,2.960099935531616,25303
2026-06-26 17:31:00+00:00,2.95989990234375,2.9600000381469727,2.9593000411987305,2.9600000381469727,65471
2026-06-26 17:33:00+00:00,2.9549999237060547,2.9549999237060547,2.950000047683716,2.950000047683716,11582
2026-06-26 17:34:00+00:00,2.950000047683716,2.950000047683716,2.950000047683716,2.950000047683716,25369
2026-06-26 17:36:00+00:00,2.9600000381469727,2.9600000381469727,2.9549999237060547,2.9600000381469727,72769
2026-06-26 17:37:00+00:00,2.9526000022888184,2.95989990234375,2.9526000022888184,2.959700107574463,0
2026-06-26 17:38:00+00:00,2.9549999237060547,2.9583001136779785,2.9549999237060547,2.9583001136779785,350
2026-06-26 17:39:00+00:00,2.9600000381469727,2.9600000381469727,2.9600000381469727,2.9600000381469727,36150
2026-06-26 17:40:00+00:00,2.9600000381469727,2.9649999141693115,2.9600000381469727,2.9649999141693115,140847
2026-06-26 17:41:00+00:00,2.969899892807007,2.969899892807007,2.969899892807007,2.969899892807007,3800
2026-06-26 17:43:00+00:00,2.960200071334839,2.960200071334839,2.9600000381469727,2.960099935531616,87100
2026-06-26 17:44:00+00:00,2.9600000381469727,2.9600000381469727,2.9600000381469727,2.9600000381469727,10310
2026-06-26 17:45:00+00:00,2.9649999141693115,2.9649999141693115,2.9649999141693115,2.9649999141693115,401
2026-06-26 17:47:00+00:00,2.9649999141693115,2.9649999141693115,2.9649999141693115,2.9649999141693115,454
2026-06-26 17:48:00+00:00,2.960099935531616,2.960099935531616,2.960099935531616,2.960099935531616,748
2026-06-26 17:49:00+00:00,2.9667000770568848,2.9667000770568848,2.9667000770568848,2.9667000770568848,142
2026-06-26 17:54:00+00:00,2.9700000286102295,2.9700000286102295,2.9700000286102295,2.9700000286102295,16729
2026-06-26 17:55:00+00:00,2.969899892807007,2.970099925994873,2.9649999141693115,2.970099925994873,69430
2026-06-26 18:00:00+00:00,2.97979998588562,2.97979998588562,2.97979998588562,2.97979998588562,20000
2026-06-26 18:01:00+00:00,2.970099925994873,2.970099925994873,2.970099925994873,2.970099925994873,0
2026-06-26 18:02:00+00:00,2.9749999046325684,2.9749999046325684,2.9749999046325684,2.9749999046325684,6500
2026-06-26 18:03:00+00:00,2.9784998893737793,2.9798998832702637,2.9749999046325684,2.9749999046325684,4120
2026-06-26 18:04:00+00:00,2.9800000190734863,2.9800000190734863,2.9749999046325684,2.9749999046325684,3402
2026-06-26 18:06:00+00:00,2.970099925994873,2.970099925994873,2.970099925994873,2.970099925994873,1725
2026-06-26 18:07:00+00:00,2.9800000190734863,2.9800000190734863,2.9790000915527344,2.9798998832702637,76499
2026-06-26 18:08:00+00:00,2.9800000190734863,2.9800000190734863,2.9800000190734863,2.9800000190734863,6524
2026-06-26 18:09:00+00:00,2.984999895095825,2.990000009536743,2.9798998832702637,2.9798998832702637,239789
2026-06-26 18:10:00+00:00,2.9800000190734863,2.9800000190734863,2.9798998832702637,2.9798998832702637,51849
2026-06-26 18:11:00+00:00,2.9798998832702637,2.9798998832702637,2.9798998832702637,2.9798998832702637,0
2026-06-26 18:13:00+00:00,2.9798998832702637,2.9800000190734863,2.9798998832702637,2.9800000190734863,20378
2026-06-26 18:14:00+00:00,2.9798998832702637,2.9798998832702637,2.9798998832702637,2.9798998832702637,2766
2026-06-26 18:16:00+00:00,2.98009991645813,2.984999895095825,2.98009991645813,2.984999895095825,69832
2026-06-26 18:18:00+00:00,2.98009991645813,2.98009991645813,2.9800000190734863,2.9800000190734863,12501
2026-06-26 18:20:00+00:00,2.9897000789642334,2.9899001121520996,2.989300012588501,2.9899001121520996,6550
2026-06-26 18:21:00+00:00,2.98009991645813,2.984999895095825,2.98009991645813,2.984999895095825,8100
2026-06-26 18:22:00+00:00,2.98009991645813,2.98009991645813,2.9800000190734863,2.9800000190734863,21819
2026-06-26 18:24:00+00:00,2.9899001121520996,2.990000009536743,2.9899001121520996,2.990000009536743,46150
2026-06-26 18:25:00+00:00,2.98799991607666,2.98799991607666,2.984999895095825,2.984999895095825,0
2026-06-26 18:26:00+00:00,2.98009991645813,2.98009991645813,2.98009991645813,2.98009991645813,4925
2026-06-26 18:27:00+00:00,2.9899001121520996,2.9899001121520996,2.9899001121520996,2.9899001121520996,2703
2026-06-26 18:29:00+00:00,2.9899001121520996,2.9899001121520996,2.9899001121520996,2.9899001121520996,3000
2026-06-26 18:30:00+00:00,2.990000009536743,3.0,2.984999895095825,3.0,87751
2026-06-26 18:31:00+00:00,2.994999885559082,2.994999885559082,2.990000009536743,2.9900999069213867,53614
2026-06-26 18:32:00+00:00,2.990000009536743,2.990299940109253,2.990000009536743,2.990000009536743,35624
2026-06-26 18:33:00+00:00,2.9900999069213867,2.9900999069213867,2.9800000190734863,2.9800000190734863,53548
2026-06-26 18:34:00+00:00,2.984999895095825,2.984999895095825,2.984999895095825,2.984999895095825,0
2026-06-26 18:36:00+00:00,2.9885001182556152,2.9899001121520996,2.984999895095825,2.984999895095825,21754
2026-06-26 18:38:00+00:00,2.98009991645813,2.98009991645813,2.98009991645813,2.98009991645813,4200
2026-06-26 18:39:00+00:00,2.98009991645813,2.98009991645813,2.98009991645813,2.98009991645813,7900
2026-06-26 18:40:00+00:00,2.9800000190734863,2.9800000190734863,2.9800000190734863,2.9800000190734863,3150
2026-06-26 18:46:00+00:00,2.98009991645813,2.98009991645813,2.98009991645813,2.98009991645813,3300
2026-06-26 18:48:00+00:00,2.9899001121520996,2.9899001121520996,2.984999895095825,2.984999895095825,0
2026-06-26 18:49:00+00:00,2.9800000190734863,2.9800000190734863,2.9800000190734863,2.9800000190734863,4302
2026-06-26 18:55:00+00:00,2.984999895095825,2.984999895095825,2.984999895095825,2.984999895095825,0
2026-06-26 18:57:00+00:00,2.9899001121520996,2.990000009536743,2.9897000789642334,2.990000009536743,86737
2026-06-26 18:58:00+00:00,2.994999885559082,2.994999885559082,2.994999885559082,2.994999885559082,4026
2026-06-26 18:59:00+00:00,2.990000009536743,2.990000009536743,2.990000009536743,2.990000009536743,3605
2026-06-26 19:00:00+00:00,2.9899001121520996,2.9899001121520996,2.9899001121520996,2.9899001121520996,114710
2026-06-26 19:01:00+00:00,2.990000009536743,2.990000009536743,2.984999895095825,2.989799976348877,54302
2026-06-26 19:02:00+00:00,2.987499952316284,2.990000009536743,2.987499952316284,2.990000009536743,0
2026-06-26 19:03:00+00:00,2.9800000190734863,2.994999885559082,2.9800000190734863,2.994999885559082,73706
2026-06-26 19:06:00+00:00,2.994999885559082,2.994999885559082,2.990000009536743,2.994999885559082,57803
2026-06-26 19:07:00+00:00,2.9900999069213867,2.9900999069213867,2.9800000190734863,2.9899001121520996,86227
2026-06-26 19:08:00+00:00,2.98009991645813,2.98009991645813,2.9800000190734863,2.98009991645813,42430
2026-06-26 19:10:00+00:00,2.9749999046325684,2.9798998832702637,2.9749999046325684,2.9798998832702637,12396
2026-06-26 19:11:00+00:00,2.9798998832702637,2.9800000190734863,2.9749999046325684,2.9798998832702637,38008
2026-06-26 19:13:00+00:00,2.9749999046325684,2.9749999046325684,2.9749999046325684,2.9749999046325684,800
2026-06-26 19:14:00+00:00,2.970099925994873,2.9749999046325684,2.9700000286102295,2.9749999046325684,42478
2026-06-26 19:16:00+00:00,2.9749999046325684,2.9749999046325684,2.9749999046325684,2.9749999046325684,2000
2026-06-26 19:17:00+00:00,2.9749999046325684,2.9749999046325684,2.9749999046325684,2.9749999046325684,3823
2026-06-26 19:18:00+00:00,2.9749999046325684,2.9749999046325684,2.9709999561309814,2.9749999046325684,4300
2026-06-26 19:21:00+00:00,2.9800000190734863,2.9800000190734863,2.9800000190734863,2.9800000190734863,0
2026-06-26 19:22:00+00:00,2.9749999046325684,2.984999895095825,2.9749999046325684,2.984999895095825,208565
2026-06-26 19:24:00+00:00,2.9897000789642334,2.9897000789642334,2.9897000789642334,2.9897000789642334,0
2026-06-26 19:29:00+00:00,2.9802000522613525,2.980299949645996,2.9700000286102295,2.9749999046325684,114077
2026-06-26 19:30:00+00:00,2.9798998832702637,2.98009991645813,2.9798998832702637,2.98009991645813,88038
2026-06-26 19:32:00+00:00,2.9800000190734863,2.984999895095825,2.9800000190734863,2.984999895095825,3872
2026-06-26 19:33:00+00:00,2.9804000854492188,2.990000009536743,2.9800000190734863,2.9800000190734863,51491
2026-06-26 19:34:00+00:00,2.9800000190734863,2.9800000190734863,2.9749999046325684,2.9749999046325684,156315
2026-06-26 19:38:00+00:00,2.9798998832702637,2.9798998832702637,2.9798998832702637,2.9798998832702637,3548
2026-06-26 19:39:00+00:00,2.9798998832702637,2.984999895095825,2.979700088500977,2.984999895095825,53936
2026-06-26 19:40:00+00:00,2.990000009536743,2.990000009536743,2.990000009536743,2.990000009536743,3200
2026-06-26 19:41:00+00:00,2.9899001121520996,2.990000009536743,2.9899001121520996,2.990000009536743,4536
2026-06-26 19:42:00+00:00,2.98009991645813,2.981100082397461,2.9700000286102295,2.970099925994873,123028
2026-06-26 19:43:00+00:00,2.978300094604492,2.978300094604492,2.978300094604492,2.978300094604492,0
2026-06-26 19:45:00+00:00,2.9800000190734863,2.9800000190734863,2.9749999046325684,2.9749999046325684,21618
2026-06-26 19:46:00+00:00,2.9798998832702637,2.9800000190734863,2.970099925994873,2.970099925994873,19446
2026-06-26 19:47:00+00:00,2.9798998832702637,2.9798998832702637,2.9798998832702637,2.9798998832702637,2400
2026-06-26 19:48:00+00:00,2.9798998832702637,2.98009991645813,2.9798998832702637,2.98009991645813,44287
2026-06-26 19:49:00+00:00,2.984999895095825,2.984999895095825,2.9802000522613525,2.9802000522613525,14420
2026-06-26 19:50:00+00:00,2.984999895095825,3.005000114440918,2.984999895095825,2.9900999069213867,337099
2026-06-26 19:51:00+00:00,2.994999885559082,3.0000998973846436,2.994999885559082,3.0000998973846436,60704
2026-06-26 19:53:00+00:00,3.0,3.0,3.0,3.0,44141
2026-06-26 19:54:00+00:00,3.005000114440918,3.005000114440918,2.990000009536743,2.990000009536743,845616
2026-06-26 19:55:00+00:00,2.960099935531616,2.9800000190734863,2.960099935531616,2.9749999046325684,59928
2026-06-26 19:56:00+00:00,2.9702000617980957,2.9702000617980957,2.9702000617980957,2.9702000617980957,0
2026-06-26 19:57:00+00:00,2.9700000286102295,2.9700000286102295,2.9600000381469727,2.9600000381469727,73653
2026-06-26 19:58:00+00:00,2.9600000381469727,2.9600000381469727,2.95169997215271,2.95169997215271,49793
2026-06-26 19:59:00+00:00,2.95989990234375,2.9800000190734863,2.95989990234375,2.9800000190734863,431516
2026-06-26 20:00:00+00:00,2.98,2.98,2.98,2.98,0
2026-06-26 20:01:00+00:00,2.96,2.96,2.96,2.96,0
2026-06-26 20:04:00+00:00,2.9798,2.98,2.9798,2.98,0
2026-06-26 20:07:00+00:00,2.9797,2.9797,2.9797,2.9797,0
2026-06-26 20:10:00+00:00,2.98,2.98,2.98,2.98,0
2026-06-26 20:20:00+00:00,2.98,2.98,2.98,2.98,0
2026-06-26 20:21:00+00:00,2.9889,2.9889,2.9889,2.9889,0
2026-06-26 20:23:00+00:00,2.9801,2.9801,2.9801,2.9801,0
2026-06-26 20:31:00+00:00,3.0,3.0,3.0,3.0,0
2026-06-26 20:34:00+00:00,2.9887,2.9887,2.9887,2.9887,0
2026-06-26 20:36:00+00:00,2.985,2.985,2.985,2.985,0
2026-06-26 20:37:00+00:00,2.9889,2.9889,2.9889,2.9889,0
2026-06-26 21:00:00+00:00,2.99,2.99,2.99,2.99,0
2026-06-26 21:18:00+00:00,2.9992,2.9992,2.9992,2.9992,0
2026-06-26 21:21:00+00:00,2.9999,2.9999,2.9999,2.9999,0
2026-06-26 21:22:00+00:00,2.9997,3.0,2.9997,3.0,0
2026-06-26 21:43:00+00:00,2.9903,2.9903,2.9903,2.9903,0
2026-06-26 22:13:00+00:00,2.9999,2.9999,2.9999,2.9999,0
2026-06-26 22:15:00+00:00,3.0,3.0,3.0,3.0,0
2026-06-26 22:19:00+00:00,2.9999,2.9999,2.9999,2.9999,0
2026-06-26 22:21:00+00:00,2.98,2.98,2.98,2.98,0
2026-06-26 22:41:00+00:00,2.98,2.98,2.98,2.98,0
2026-06-26 22:44:00+00:00,2.98,2.9801,2.98,2.9801,0
2026-06-26 22:59:00+00:00,3.0,3.0,3.0,3.0,0
2026-06-26 23:17:00+00:00,2.9803,2.9803,2.9803,2.9803,0
2026-06-26 23:45:00+00:00,2.98,2.98,2.98,2.98,0
2026-06-26 23:49:00+00:00,2.9807,2.9807,2.9807,2.9807,0
2026-06-26 23:53:00+00:00,2.98,2.9801,2.98,2.9801,0
2026-06-29 08:00:00+00:00,2.92,2.92,2.92,2.92,0
2026-06-29 08:02:00+00:00,2.92,2.92,2.92,2.92,0
2026-06-29 08:29:00+00:00,2.91,2.91,2.91,2.91,0
2026-06-29 08:34:00+00:00,2.91,2.91,2.91,2.91,0
2026-06-29 08:55:00+00:00,2.92,2.92,2.92,2.92,0
2026-06-29 10:45:00+00:00,2.92,2.92,2.92,2.92,0
2026-06-29 11:00:00+00:00,2.9294,2.93,2.9294,2.9299,0
2026-06-29 11:03:00+00:00,2.9287,2.9287,2.9287,2.9287,0
2026-06-29 11:30:00+00:00,2.932,2.932,2.932,2.932,0
2026-06-29 11:31:00+00:00,2.9397,2.9397,2.9397,2.9397,0
2026-06-29 11:34:00+00:00,2.9399,2.9399,2.9399,2.9399,0
2026-06-29 11:45:00+00:00,2.94,2.94,2.94,2.94,0
2026-06-29 11:51:00+00:00,2.9387,2.9387,2.9387,2.9387,0
2026-06-29 11:58:00+00:00,2.93,2.93,2.93,2.93,0
2026-06-29 11:59:00+00:00,2.93,2.93,2.93,2.93,0
2026-06-29 12:01:00+00:00,2.9327,2.9327,2.9303,2.9303,0
2026-06-29 12:04:00+00:00,2.93,2.93,2.93,2.93,0
2026-06-29 12:07:00+00:00,2.93,2.9302,2.93,2.9302,0
2026-06-29 12:30:00+00:00,2.9203,2.9203,2.92,2.92,0
2026-06-29 12:33:00+00:00,2.93,2.9399,2.93,2.9399,0
2026-06-29 12:35:00+00:00,2.92,2.93,2.92,2.93,0
2026-06-29 12:41:00+00:00,2.94,2.94,2.94,2.94,0
2026-06-29 12:43:00+00:00,2.9497,2.9497,2.9497,2.9497,0
2026-06-29 12:53:00+00:00,2.94,2.94,2.94,2.94,0
2026-06-29 12:56:00+00:00,2.93,2.93,2.93,2.93,0
2026-06-29 12:57:00+00:00,2.93,2.93,2.93,2.93,0
2026-06-29 13:00:00+00:00,2.93,2.9302,2.93,2.9302,0
2026-06-29 13:05:00+00:00,2.9305,2.9305,2.9305,2.9305,0
2026-06-29 13:09:00+00:00,2.94,2.94,2.9311,2.9311,0
2026-06-29 13:10:00+00:00,2.94,2.94,2.94,2.94,0
2026-06-29 13:11:00+00:00,2.93,2.93,2.93,2.93,0
2026-06-29 13:12:00+00:00,2.9387,2.9387,2.9387,2.9387,0
2026-06-29 13:14:00+00:00,2.93,2.93,2.93,2.93,0
2026-06-29 13:15:00+00:00,2.94,2.94,2.9399,2.9399,0
2026-06-29 13:21:00+00:00,2.94,2.94,2.94,2.94,0
2026-06-29 13:22:00+00:00,2.94,2.94,2.94,2.94,0
2026-06-29 13:30:00+00:00,2.9700000286102295,2.9800000190734863,2.9700000286102295,2.9700000286102295,61935
2026-06-29 13:31:00+00:00,2.9700000286102295,2.98009991645813,2.9600000381469727,2.9600000381469727,26468
2026-06-29 13:32:00+00:00,2.9600000381469727,2.9600000381469727,2.950000047683716,2.950000047683716,18801
2026-06-29 13:33:00+00:00,2.941499948501587,2.941499948501587,2.93969988822937,2.940000057220459,22503
2026-06-29 13:34:00+00:00,2.930000066757202,2.930000066757202,2.9100000858306885,2.9100000858306885,107294
2026-06-29 13:35:00+00:00,2.9184999465942383,2.9184999465942383,2.9000000953674316,2.9000000953674316,12021
2026-06-29 13:36:00+00:00,2.899899959564209,2.9049999713897705,2.8901000022888184,2.9000000953674316,57560
2026-06-29 13:37:00+00:00,2.909899950027466,2.9149999618530273,2.9000000953674316,2.9149999618530273,142717
2026-06-29 13:38:00+00:00,2.910099983215332,2.9498000144958496,2.910099983215332,2.940000057220459,110700
2026-06-29 13:39:00+00:00,2.9600000381469727,2.9600000381469727,2.940000057220459,2.940000057220459,148732
2026-06-29 13:40:00+00:00,2.9398999214172363,2.9398999214172363,2.939300060272217,2.939300060272217,6763
2026-06-29 13:41:00+00:00,2.930000066757202,2.9300999641418457,2.9298999309539795,2.930000066757202,98986
2026-06-29 13:42:00+00:00,2.9400999546051025,2.9400999546051025,2.920099973678589,2.920099973678589,65963
2026-06-29 13:43:00+00:00,2.9298999309539795,2.9298999309539795,2.9198999404907227,2.9200000762939453,148219
2026-06-29 13:44:00+00:00,2.920099973678589,2.9202001094818115,2.910799980163574,2.9198999404907227,179548
2026-06-29 13:45:00+00:00,2.9149999618530273,2.920099973678589,2.9149999618530273,2.920099973678589,0
2026-06-29 13:46:00+00:00,2.9298999309539795,2.940000057220459,2.9298999309539795,2.940000057220459,29284
2026-06-29 13:47:00+00:00,2.949899911880493,2.949899911880493,2.930000066757202,2.9398999214172363,144120
2026-06-29 13:48:00+00:00,2.9398999214172363,2.9549999237060547,2.934999942779541,2.9398999214172363,247870
2026-06-29 13:49:00+00:00,2.9398999214172363,2.9484000205993652,2.9398999214172363,2.944999933242798,51851
2026-06-29 13:50:00+00:00,2.948699951171875,2.9509999752044678,2.944999933242798,2.950000047683716,83316
2026-06-29 13:51:00+00:00,2.9398999214172363,2.9549999237060547,2.934999942779541,2.9549999237060547,155749
2026-06-29 13:52:00+00:00,2.950000047683716,2.9549999237060547,2.949899911880493,2.950000047683716,24499
2026-06-29 13:53:00+00:00,2.950000047683716,2.950000047683716,2.930000066757202,2.940200090408325,106395
2026-06-29 13:54:00+00:00,2.949899911880493,2.969899892807007,2.949899911880493,2.960099935531616,265582
2026-06-29 13:55:00+00:00,2.960200071334839,2.990000009536743,2.95989990234375,2.9899001121520996,269825
2026-06-29 13:56:00+00:00,2.981300115585327,3.005000114440918,2.981300115585327,3.0000998973846436,128624
2026-06-29 13:57:00+00:00,3.0099000930786133,3.015000104904175,3.005000114440918,3.0100998878479004,127929
2026-06-29 13:58:00+00:00,3.0199999809265137,3.0199999809265137,3.009999990463257,3.009999990463257,39644
2026-06-29 13:59:00+00:00,3.015000104904175,3.029900074005127,3.015000104904175,3.015000104904175,92332
2026-06-29 14:00:00+00:00,3.0100998878479004,3.0299999713897705,3.0100998878479004,3.0199999809265137,287019
2026-06-29 14:01:00+00:00,3.015000104904175,3.015000104904175,3.0100998878479004,3.015000104904175,11530
2026-06-29 14:02:00+00:00,3.015000104904175,3.0350000858306885,3.015000104904175,3.0250000953674316,118108
2026-06-29 14:03:00+00:00,3.0199999809265137,3.0199999809265137,3.0,3.0,60768
2026-06-29 14:04:00+00:00,3.009999990463257,3.0190000534057617,3.0097999572753906,3.0190000534057617,170568
2026-06-29 14:05:00+00:00,3.01990008354187,3.029900074005127,3.01990008354187,3.029900074005127,57335
2026-06-29 14:06:00+00:00,3.0250000953674316,3.029900074005127,3.0100998878479004,3.029900074005127,168860
2026-06-29 14:07:00+00:00,3.0299999713897705,3.04010009765625,3.029900074005127,3.04010009765625,90094
2026-06-29 14:08:00+00:00,3.04830002784729,3.049999952316284,3.04010009765625,3.04010009765625,2241
2026-06-29 14:09:00+00:00,3.041100025177002,3.0450000762939453,3.0320000648498535,3.039900064468384,192089
2026-06-29 14:10:00+00:00,3.039900064468384,3.0599000453948975,3.03629994392395,3.050100088119507,142128
2026-06-29 14:11:00+00:00,3.0599000453948975,3.065000057220459,3.050100088119507,3.0601000785827637,14632
2026-06-29 14:12:00+00:00,3.059999942779541,3.075000047683716,3.0599000453948975,3.0701000690460205,234324
2026-06-29 14:13:00+00:00,3.075000047683716,3.090100049972534,3.075000047683716,3.0801000595092773,232907
2026-06-29 14:14:00+00:00,3.089900016784668,3.0899999141693115,3.0801000595092773,3.0850000381469727,81654
2026-06-29 14:15:00+00:00,3.089900016784668,3.0999999046325684,3.0801000595092773,3.089900016784668,212957
2026-06-29 14:16:00+00:00,3.0801000595092773,3.0999999046325684,3.0801000595092773,3.0999999046325684,319739
2026-06-29 14:17:00+00:00,3.100100040435791,3.119999885559082,3.0899999141693115,3.119999885559082,221473
2026-06-29 14:18:00+00:00,3.110100030899048,3.119999885559082,3.0999999046325684,3.1019999980926514,334157
2026-06-29 14:19:00+00:00,3.0899999141693115,3.090100049972534,3.075000047683716,3.079900026321411,114266
2026-06-29 14:20:00+00:00,3.0799999237060547,3.089900016784668,3.069999933242798,3.0780999660491943,502868
2026-06-29 14:21:00+00:00,3.079900026321411,3.0799999237060547,3.075000047683716,3.075000047683716,213063
2026-06-29 14:22:00+00:00,3.0701000690460205,3.075000047683716,3.059999942779541,3.075000047683716,337064
2026-06-29 14:23:00+00:00,3.079900026321411,3.095099925994873,3.079900026321411,3.0801000595092773,347096
2026-06-29 14:24:00+00:00,3.0899999141693115,3.0950000286102295,3.0880000591278076,3.0880000591278076,548699
2026-06-29 14:25:00+00:00,3.0850000381469727,3.0850000381469727,3.0799999237060547,3.0799999237060547,7190
2026-06-29 14:26:00+00:00,3.0850000381469727,3.0850000381469727,3.075000047683716,3.075000047683716,2400
2026-06-29 14:27:00+00:00,3.0701000690460205,3.0701000690460205,3.065000057220459,3.0699000358581543,189757
2026-06-29 14:28:00+00:00,3.0699000358581543,3.0699000358581543,3.049999952316284,3.049999952316284,221655
2026-06-29 14:29:00+00:00,3.049999952316284,3.059999942779541,3.049999952316284,3.055000066757202,100803
2026-06-29 14:30:00+00:00,3.059999942779541,3.059999942779541,3.049999952316284,3.050100088119507,113400
2026-06-29 14:31:00+00:00,3.055000066757202,3.055000066757202,3.0399999618530273,3.0499000549316406,80881
2026-06-29 14:32:00+00:00,3.04010009765625,3.04010009765625,3.0299999713897705,3.0399999618530273,79859
2026-06-29 14:33:00+00:00,3.0399999618530273,3.0399999618530273,3.029900074005127,3.0299999713897705,61600
2026-06-29 14:34:00+00:00,3.030100107192993,3.0350000858306885,3.0299999713897705,3.0299999713897705,58027
2026-06-29 14:36:00+00:00,3.039900064468384,3.0499000549316406,3.0299999713897705,3.0499000549316406,230035
2026-06-29 14:37:00+00:00,3.0499000549316406,3.0499000549316406,3.0299999713897705,3.0299999713897705,83151
2026-06-29 14:38:00+00:00,3.0299999713897705,3.0399999618530273,3.0299999713897705,3.0399999618530273,9608
2026-06-29 14:39:00+00:00,3.0399999618530273,3.0399999618530273,3.0399999618530273,3.0399999618530273,87211
2026-06-29 14:40:00+00:00,3.0450000762939453,3.0450000762939453,3.0450000762939453,3.0450000762939453,23900
2026-06-29 14:41:00+00:00,3.0409998893737793,3.049999952316284,3.0399999618530273,3.049999952316284,36158
2026-06-29 14:42:00+00:00,3.050100088119507,3.050100088119507,3.049999952316284,3.049999952316284,11058
2026-06-29 14:43:00+00:00,3.050100088119507,3.050100088119507,3.050100088119507,3.050100088119507,58000
2026-06-29 14:44:00+00:00,3.059999942779541,3.059999942779541,3.049999952316284,3.049999952316284,0
2026-06-29 14:46:00+00:00,3.059799909591675,3.069700002670288,3.059799909591675,3.069700002670288,94477
2026-06-29 14:47:00+00:00,3.059999942779541,3.0611000061035156,3.0599000453948975,3.0601000785827637,53888
2026-06-29 14:48:00+00:00,3.065000057220459,3.065000057220459,3.065000057220459,3.065000057220459,0
2026-06-29 14:49:00+00:00,3.065000057220459,3.065000057220459,3.049999952316284,3.050100088119507,26132
2026-06-29 14:50:00+00:00,3.049999952316284,3.049999952316284,3.049999952316284,3.049999952316284,12403
2026-06-29 14:52:00+00:00,3.0450000762939453,3.0450000762939453,3.0450000762939453,3.0450000762939453,16000
2026-06-29 14:53:00+00:00,3.0499000549316406,3.050100088119507,3.0399999618530273,3.0399999618530273,117234
2026-06-29 14:54:00+00:00,3.0399999618530273,3.0399999618530273,3.0299999713897705,3.0299999713897705,96886
2026-06-29 14:55:00+00:00,3.0399999618530273,3.0450000762939453,3.0299999713897705,3.0299999713897705,135469
2026-06-29 14:56:00+00:00,3.009999990463257,3.0199999809265137,3.009999990463257,3.01990008354187,122321
2026-06-29 14:57:00+00:00,3.0100998878479004,3.01990008354187,3.009999990463257,3.01990008354187,156204
2026-06-29 14:58:00+00:00,3.015000104904175,3.0250000953674316,3.009999990463257,3.0250000953674316,33865
2026-06-29 14:59:00+00:00,3.0201001167297363,3.0208001136779785,3.009999990463257,3.0100998878479004,58405
2026-06-29 15:00:00+00:00,3.009999990463257,3.009999990463257,3.0,3.0,14259
2026-06-29 15:01:00+00:00,3.009999990463257,3.009999990463257,3.009999990463257,3.009999990463257,4035
2026-06-29 15:03:00+00:00,3.005000114440918,3.005000114440918,3.005000114440918,3.005000114440918,287
2026-06-29 15:04:00+00:00,3.0099000930786133,3.009999990463257,3.0099000930786133,3.009999990463257,30835
2026-06-29 15:05:00+00:00,3.009999990463257,3.0162999629974365,3.0,3.0000998973846436,95824
2026-06-29 15:06:00+00:00,3.0099000930786133,3.0183000564575195,3.0099000930786133,3.0183000564575195,124773
2026-06-29 15:07:00+00:00,3.0116000175476074,3.0116000175476074,3.009999990463257,3.0100998878479004,50273
2026-06-29 15:08:00+00:00,3.0,3.0,3.0,3.0,31918
2026-06-29 15:10:00+00:00,3.0,3.0000998973846436,2.9900999069213867,2.9900999069213867,185196
2026-06-29 15:12:00+00:00,2.9999001026153564,3.0000998973846436,2.990000009536743,2.9900999069213867,144460
2026-06-29 15:13:00+00:00,2.990000009536743,2.9900999069213867,2.990000009536743,2.9900999069213867,31962
2026-06-29 15:14:00+00:00,2.9800000190734863,2.980299949645996,2.9800000190734863,2.9800000190734863,179131
2026-06-29 15:15:00+00:00,2.9618000984191895,2.9618000984191895,2.9618000984191895,2.9618000984191895,4546
2026-06-29 15:16:00+00:00,2.9600000381469727,2.9600000381469727,2.9600000381469727,2.9600000381469727,1182
2026-06-29 15:18:00+00:00,2.9600000381469727,2.9700000286102295,2.9600000381469727,2.969899892807007,56534
2026-06-29 15:19:00+00:00,2.972899913787842,2.9798998832702637,2.972899913787842,2.9798998832702637,3201
2026-06-29 15:20:00+00:00,2.9800000190734863,2.9800000190734863,2.970099925994873,2.970099925994873,42000
2026-06-29 15:21:00+00:00,2.969899892807007,2.969899892807007,2.969899892807007,2.969899892807007,17727
2026-06-29 15:22:00+00:00,2.9649999141693115,2.9700000286102295,2.9649999141693115,2.9700000286102295,20650
2026-06-29 15:23:00+00:00,2.9800000190734863,2.9899001121520996,2.9749999046325684,2.988100051879883,49607
2026-06-29 15:24:00+00:00,2.9899001121520996,2.994999885559082,2.9899001121520996,2.994999885559082,410621
2026-06-29 15:25:00+00:00,2.990000009536743,2.990000009536743,2.9802000522613525,2.9802000522613525,21572
2026-06-29 15:26:00+00:00,2.9798998832702637,2.9798998832702637,2.9798998832702637,2.9798998832702637,9260
2026-06-29 15:27:00+00:00,2.970099925994873,2.970099925994873,2.9700000286102295,2.9700000286102295,1070
2026-06-29 15:28:00+00:00,2.969899892807007,2.9700000286102295,2.9649999141693115,2.969899892807007,92527
2026-06-29 15:29:00+00:00,2.960099935531616,2.960099935531616,2.960099935531616,2.960099935531616,20500
2026-06-29 15:30:00+00:00,2.9600000381469727,2.9602999687194824,2.9500999450683594,2.9500999450683594,60979
2026-06-29 15:31:00+00:00,2.9598000049591064,2.969899892807007,2.958899974822998,2.969899892807007,133654
2026-06-29 15:32:00+00:00,2.9683001041412354,2.9683001041412354,2.9649999141693115,2.9649999141693115,300
2026-06-29 15:33:00+00:00,2.960099935531616,2.971100091934204,2.960099935531616,2.969899892807007,197937
2026-06-29 15:35:00+00:00,2.9700000286102295,2.972599983215332,2.9649999141693115,2.972599983215332,70579
2026-06-29 15:36:00+00:00,2.970099925994873,2.970099925994873,2.9700000286102295,2.9700000286102295,16865
2026-06-29 15:37:00+00:00,2.9600000381469727,2.9600000381469727,2.9600000381469727,2.9600000381469727,18778
2026-06-29 15:38:00+00:00,2.9600000381469727,2.969899892807007,2.9600000381469727,2.9649999141693115,30845
2026-06-29 15:39:00+00:00,2.9600000381469727,2.9600000381469727,2.9600000381469727,2.9600000381469727,53684
2026-06-29 15:41:00+00:00,2.9500999450683594,2.9549999237060547,2.950000047683716,2.9549999237060547,601
2026-06-29 15:43:00+00:00,2.950000047683716,2.950000047683716,2.948899984359741,2.948899984359741,23615
2026-06-29 15:44:00+00:00,2.949899911880493,2.949899911880493,2.949899911880493,2.949899911880493,9951
2026-06-29 15:45:00+00:00,2.950000047683716,2.950000047683716,2.940000057220459,2.950000047683716,170167
2026-06-29 15:46:00+00:00,2.9593000411987305,2.9600000381469727,2.958899974822998,2.9600000381469727,26057
2026-06-29 15:47:00+00:00,2.960099935531616,2.9602999687194824,2.9600000381469727,2.9600000381469727,124054
2026-06-29 15:48:00+00:00,2.95989990234375,2.9600000381469727,2.9549999237060547,2.9600000381469727,36626
2026-06-29 15:50:00+00:00,2.9649999141693115,2.9649999141693115,2.950000047683716,2.950000047683716,152433
2026-06-29 15:57:00+00:00,2.95989990234375,2.95989990234375,2.95989990234375,2.95989990234375,3784
2026-06-29 15:59:00+00:00,2.9500999450683594,2.9583001136779785,2.9500999450683594,2.9583001136779785,3700
2026-06-29 16:00:00+00:00,2.950000047683716,2.9519999027252197,2.950000047683716,2.9519999027252197,1300
2026-06-29 16:01:00+00:00,2.950000047683716,2.950000047683716,2.940000057220459,2.940000057220459,90611
2026-06-29 16:02:00+00:00,2.949899911880493,2.949899911880493,2.9400999546051025,2.940200090408325,10708
2026-06-29 16:03:00+00:00,2.940000057220459,2.940000057220459,2.9398999214172363,2.9398999214172363,13245
2026-06-29 16:04:00+00:00,2.940000057220459,2.940000057220459,2.9382998943328857,2.9382998943328857,2635
2026-06-29 16:06:00+00:00,2.934999942779541,2.940000057220459,2.934999942779541,2.940000057220459,49288
2026-06-29 16:07:00+00:00,2.940000057220459,2.944999933242798,2.940000057220459,2.944999933242798,35943
2026-06-29 16:08:00+00:00,2.940000057220459,2.9402999877929688,2.940000057220459,2.9402999877929688,21041
2026-06-29 16:10:00+00:00,2.9398999214172363,2.940000057220459,2.934999942779541,2.9398999214172363,36048
2026-06-29 16:11:00+00:00,2.9388999938964844,2.9398999214172363,2.934999942779541,2.9398999214172363,124040
2026-06-29 16:12:00+00:00,2.9398999214172363,2.940000057220459,2.9398999214172363,2.9398999214172363,0
2026-06-29 16:13:00+00:00,2.940000057220459,2.944999933242798,2.934999942779541,2.944999933242798,145600
2026-06-29 16:14:00+00:00,2.9451000690460205,2.9451000690460205,2.940000057220459,2.940000057220459,148725
2026-06-29 16:15:00+00:00,2.9300999641418457,2.9310998916625977,2.9200000762939453,2.9200000762939453,123359
2026-06-29 16:16:00+00:00,2.9298999309539795,2.9298999309539795,2.9210000038146973,2.9219000339508057,1810
2026-06-29 16:17:00+00:00,2.9298999309539795,2.934999942779541,2.9263999462127686,2.930000066757202,49127
2026-06-29 16:18:00+00:00,2.930000066757202,2.9302000999450684,2.924999952316284,2.924999952316284,30540
2026-06-29 16:19:00+00:00,2.924999952316284,2.924999952316284,2.924999952316284,2.924999952316284,1623
2026-06-29 16:21:00+00:00,2.928299903869629,2.928299903869629,2.928299903869629,2.928299903869629,101
2026-06-29 16:24:00+00:00,2.920099973678589,2.920099973678589,2.920099973678589,2.920099973678589,7040
2026-06-29 16:25:00+00:00,2.924999952316284,2.9298999309539795,2.924999952316284,2.9298999309539795,9800
2026-06-29 16:26:00+00:00,2.924999952316284,2.924999952316284,2.924999952316284,2.924999952316284,0
2026-06-29 16:27:00+00:00,2.928299903869629,2.928299903869629,2.920099973678589,2.920099973678589,3609
2026-06-29 16:29:00+00:00,2.928299903869629,2.930000066757202,2.928299903869629,2.930000066757202,2345
2026-06-29 16:32:00+00:00,2.929800033569336,2.930000066757202,2.920099973678589,2.930000066757202,109750
2026-06-29 16:33:00+00:00,2.930000066757202,2.930000066757202,2.930000066757202,2.930000066757202,0
2026-06-29 16:34:00+00:00,2.924999952316284,2.924999952316284,2.9200000762939453,2.9200000762939453,113978
2026-06-29 16:35:00+00:00,2.920099973678589,2.920099973678589,2.9149999618530273,2.9149999618530273,1794
2026-06-29 16:36:00+00:00,2.9200000762939453,2.9200000762939453,2.9200000762939453,2.9200000762939453,21538
2026-06-29 16:39:00+00:00,2.924999952316284,2.924999952316284,2.9200000762939453,2.9200000762939453,34409
2026-06-29 16:40:00+00:00,2.920099973678589,2.9202001094818115,2.9182000160217285,2.9182000160217285,1299
2026-06-29 16:42:00+00:00,2.9184999465942383,2.9184999465942383,2.9149999618530273,2.9149999618530273,1850
2026-06-29 16:43:00+00:00,2.9149999618530273,2.9149999618530273,2.9049999713897705,2.9049999713897705,43198
2026-06-29 16:44:00+00:00,2.909899950027466,2.909899950027466,2.909899950027466,2.909899950027466,0
2026-06-29 16:45:00+00:00,2.905600070953369,2.9100000858306885,2.905600070953369,2.9100000858306885,416
2026-06-29 16:46:00+00:00,2.9098000526428223,2.9100000858306885,2.9098000526428223,2.9100000858306885,51721
2026-06-29 16:47:00+00:00,2.9100000858306885,2.9100000858306885,2.9100000858306885,2.9100000858306885,4000
2026-06-29 16:49:00+00:00,2.9149999618530273,2.9149999618530273,2.9149999618530273,2.9149999618530273,1160
2026-06-29 16:53:00+00:00,2.910099983215332,2.9198999404907227,2.9100000858306885,2.9100000858306885,63734
2026-06-29 16:56:00+00:00,2.9100000858306885,2.9100000858306885,2.9049999713897705,2.9100000858306885,62868
2026-06-29 16:57:00+00:00,2.910799980163574,2.910799980163574,2.9100000858306885,2.9100000858306885,43149
2026-06-29 16:58:00+00:00,2.9100000858306885,2.9102001190185547,2.9049999713897705,2.9049999713897705,11615
2026-06-29 17:00:00+00:00,2.900099992752075,2.9100000858306885,2.900099992752075,2.9100000858306885,6300
2026-06-29 17:01:00+00:00,2.9082000255584717,2.9082000255584717,2.9082000255584717,2.9082000255584717,0
2026-06-29 17:02:00+00:00,2.9000000953674316,2.9049999713897705,2.9000000953674316,2.9049999713897705,10050
2026-06-29 17:03:00+00:00,2.900099992752075,2.909899950027466,2.900099992752075,2.909899950027466,5500
2026-06-29 17:04:00+00:00,2.9014999866485596,2.9049999713897705,2.9014999866485596,2.9049999713897705,7631
2026-06-29 17:08:00+00:00,2.9049999713897705,2.9049999713897705,2.9000000953674316,2.9000000953674316,10301
2026-06-29 17:11:00+00:00,2.9049999713897705,2.9049999713897705,2.9049999713897705,2.9049999713897705,8668
2026-06-29 17:12:00+00:00,2.9100000858306885,2.9100000858306885,2.9000000953674316,2.9000000953674316,34658
2026-06-29 17:14:00+00:00,2.8949999809265137,2.8949999809265137,2.8901000022888184,2.8901000022888184,0
2026-06-29 17:15:00+00:00,2.890000104904175,2.890000104904175,2.880000114440918,2.880000114440918,30021
2026-06-29 17:16:00+00:00,2.889899969100952,2.889899969100952,2.869999885559082,2.884999990463257,123239
2026-06-29 17:17:00+00:00,2.888200044631958,2.888200044631958,2.888200044631958,2.888200044631958,0
2026-06-29 17:18:00+00:00,2.888200044631958,2.888200044631958,2.888200044631958,2.888200044631958,354
2026-06-29 17:19:00+00:00,2.880000114440918,2.8801000118255615,2.880000114440918,2.8801000118255615,11975
2026-06-29 17:20:00+00:00,2.880000114440918,2.880000114440918,2.880000114440918,2.880000114440918,5300
2026-06-29 17:21:00+00:00,2.8798999786376953,2.8798999786376953,2.8798999786376953,2.8798999786376953,30335
2026-06-29 17:22:00+00:00,2.8798999786376953,2.884999990463257,2.875,2.880000114440918,228784
2026-06-29 17:23:00+00:00,2.880000114440918,2.880000114440918,2.8798999786376953,2.8798999786376953,1186
2026-06-29 17:24:00+00:00,2.875,2.880000114440918,2.875,2.8798999786376953,47633
2026-06-29 17:25:00+00:00,2.8798999786376953,2.884999990463257,2.8798999786376953,2.882499933242798,93370
2026-06-29 17:26:00+00:00,2.878999948501587,2.878999948501587,2.869999885559082,2.869999885559082,179652
2026-06-29 17:27:00+00:00,2.8601999282836914,2.8601999282836914,2.859999895095825,2.859999895095825,39470
2026-06-29 17:28:00+00:00,2.8598999977111816,2.8598999977111816,2.8598999977111816,2.8598999977111816,1121
2026-06-29 17:30:00+00:00,2.8550000190734863,2.8550000190734863,2.8550000190734863,2.8550000190734863,316
2026-06-29 17:31:00+00:00,2.8501999378204346,2.8501999378204346,2.8501999378204346,2.8501999378204346,451
2026-06-29 17:32:00+00:00,2.8550000190734863,2.8701000213623047,2.8550000190734863,2.8701000213623047,126769
2026-06-29 17:33:00+00:00,2.880000114440918,2.884999990463257,2.8798999786376953,2.884999990463257,66511
2026-06-29 17:34:00+00:00,2.880000114440918,2.890000104904175,2.880000114440918,2.880000114440918,31724
2026-06-29 17:35:00+00:00,2.880000114440918,2.880000114440918,2.880000114440918,2.880000114440918,69404
2026-06-29 17:40:00+00:00,2.8798999786376953,2.8798999786376953,2.8798999786376953,2.8798999786376953,2720
2026-06-29 17:45:00+00:00,2.875,2.875,2.875,2.875,1595
2026-06-29 17:49:00+00:00,2.875,2.875,2.875,2.875,600
2026-06-29 17:50:00+00:00,2.875,2.8798999786376953,2.875,2.8798999786376953,14600
2026-06-29 17:51:00+00:00,2.878200054168701,2.878200054168701,2.878200054168701,2.878200054168701,0
2026-06-29 17:52:00+00:00,2.869999885559082,2.8701000213623047,2.869999885559082,2.8701000213623047,38376
2026-06-29 17:53:00+00:00,2.865000009536743,2.865000009536743,2.865000009536743,2.865000009536743,8000
2026-06-29 17:56:00+00:00,2.8682000637054443,2.8698999881744385,2.8682000637054443,2.8698999881744385,0
2026-06-29 17:57:00+00:00,2.865000009536743,2.8698999881744385,2.865000009536743,2.865000009536743,48400
2026-06-29 17:58:00+00:00,2.8698999881744385,2.875,2.865000009536743,2.875,81046
2026-06-29 17:59:00+00:00,2.875,2.875,2.859999895095825,2.859999895095825,113954
2026-06-29 18:02:00+00:00,2.859999895095825,2.859999895095825,2.858299970626831,2.858299970626831,110438
2026-06-29 18:03:00+00:00,2.859999895095825,2.859999895095825,2.8550000190734863,2.8598999977111816,110962
2026-06-29 18:04:00+00:00,2.8589000701904297,2.869999885559082,2.8589000701904297,2.860100030899048,143686
2026-06-29 18:07:00+00:00,2.860100030899048,2.865000009536743,2.859999895095825,2.8610999584198,43720
2026-06-29 18:08:00+00:00,2.860100030899048,2.860100030899048,2.859999895095825,2.859999895095825,600
2026-06-29 18:09:00+00:00,2.865000009536743,2.865000009536743,2.865000009536743,2.865000009536743,2201
2026-06-29 18:10:00+00:00,2.865000009536743,2.865000009536743,2.865000009536743,2.865000009536743,158
2026-06-29 18:12:00+00:00,2.8680999279022217,2.8680999279022217,2.865000009536743,2.865000009536743,705
2026-06-29 18:16:00+00:00,2.869999885559082,2.869999885559082,2.869999885559082,2.869999885559082,7056
2026-06-29 18:17:00+00:00,2.865000009536743,2.865000009536743,2.865000009536743,2.865000009536743,3900
2026-06-29 18:18:00+00:00,2.869999885559082,2.869999885559082,2.869999885559082,2.869999885559082,0
2026-06-29 18:19:00+00:00,2.860100030899048,2.860100030899048,2.859999895095825,2.859999895095825,40192
2026-06-29 18:20:00+00:00,2.8698999881744385,2.8698999881744385,2.8698999881744385,2.8698999881744385,0
2026-06-29 18:25:00+00:00,2.869999885559082,2.8780999183654785,2.8698999881744385,2.871799945831299,13314
2026-06-29 18:29:00+00:00,2.8798999786376953,2.8798999786376953,2.8798999786376953,2.8798999786376953,4900
2026-06-29 18:30:00+00:00,2.8798999786376953,2.8798999786376953,2.8701000213623047,2.8701000213623047,0
2026-06-29 18:31:00+00:00,2.869999885559082,2.8798999786376953,2.869999885559082,2.8798999786376953,7300
2026-06-29 18:32:00+00:00,2.869999885559082,2.8701000213623047,2.869999885559082,2.869999885559082,79533
2026-06-29 18:33:00+00:00,2.8701000213623047,2.8701000213623047,2.869999885559082,2.8701000213623047,37640
2026-06-29 18:34:00+00:00,2.875,2.875,2.875,2.875,3307
2026-06-29 18:35:00+00:00,2.870300054550171,2.870300054550171,2.8698999881744385,2.869999885559082,106850
2026-06-29 18:36:00+00:00,2.869999885559082,2.869999885559082,2.869999885559082,2.869999885559082,22300
2026-06-29 18:37:00+00:00,2.859999895095825,2.859999895095825,2.859999895095825,2.859999895095825,0
2026-06-29 18:38:00+00:00,2.869999885559082,2.875,2.8685998916625977,2.8701000213623047,49548
2026-06-29 18:39:00+00:00,2.869999885559082,2.8710999488830566,2.869999885559082,2.869999885559082,111116
2026-06-29 18:40:00+00:00,2.859999895095825,2.859999895095825,2.859999895095825,2.859999895095825,89
2026-06-29 18:41:00+00:00,2.859999895095825,2.8682000637054443,2.8550000190734863,2.8682000637054443,105955
2026-06-29 18:42:00+00:00,2.860100030899048,2.860100030899048,2.860100030899048,2.860100030899048,9501
2026-06-29 18:48:00+00:00,2.860100030899048,2.860100030899048,2.860100030899048,2.860100030899048,9496
2026-06-29 18:50:00+00:00,2.869800090789795,2.8698999881744385,2.865000009536743,2.8698999881744385,172359
2026-06-29 18:51:00+00:00,2.869999885559082,2.875,2.869999885559082,2.8736000061035156,8827
2026-06-29 18:52:00+00:00,2.869999885559082,2.870300054550171,2.8698999881744385,2.8701000213623047,212781
2026-06-29 18:53:00+00:00,2.8710999488830566,2.8710999488830566,2.869999885559082,2.869999885559082,5187
2026-06-29 18:54:00+00:00,2.869999885559082,2.869999885559082,2.865000009536743,2.865000009536743,58757
2026-06-29 18:56:00+00:00,2.869999885559082,2.875,2.865000009536743,2.8701000213623047,273679
2026-06-29 18:57:00+00:00,2.875,2.875,2.875,2.875,0
2026-06-29 19:02:00+00:00,2.8798999786376953,2.880000114440918,2.875,2.875,32975
2026-06-29 19:03:00+00:00,2.880000114440918,2.884999990463257,2.880000114440918,2.884999990463257,12441
2026-06-29 19:06:00+00:00,2.8882999420166016,2.8882999420166016,2.884999990463257,2.884999990463257,15218
2026-06-29 19:07:00+00:00,2.8801000118255615,2.8850998878479004,2.869999885559082,2.8798999786376953,362876
2026-06-29 19:09:00+00:00,2.8798999786376953,2.8798999786376953,2.8701000213623047,2.8798999786376953,49300
2026-06-29 19:10:00+00:00,2.8798999786376953,2.884999990463257,2.8798999786376953,2.884999990463257,57653
2026-06-29 19:11:00+00:00,2.8801000118255615,2.8801000118255615,2.880000114440918,2.8801000118255615,68214
2026-06-29 19:12:00+00:00,2.884999990463257,2.884999990463257,2.884999990463257,2.884999990463257,4929
2026-06-29 19:14:00+00:00,2.884999990463257,2.884999990463257,2.884999990463257,2.884999990463257,5443
2026-06-29 19:18:00+00:00,2.8817999362945557,2.884999990463257,2.8817999362945557,2.884999990463257,5544
2026-06-29 19:19:00+00:00,2.889899969100952,2.889899969100952,2.8801000118255615,2.8801000118255615,2559
2026-06-29 19:20:00+00:00,2.880000114440918,2.8801000118255615,2.880000114440918,2.880000114440918,1900
2026-06-29 19:21:00+00:00,2.880000114440918,2.880199909210205,2.8701000213623047,2.8701000213623047,58475
2026-06-29 19:22:00+00:00,2.880000114440918,2.880000114440918,2.880000114440918,2.880000114440918,816
2026-06-29 19:23:00+00:00,2.8798000812530518,2.8798000812530518,2.8798000812530518,2.8798000812530518,113
2026-06-29 19:26:00+00:00,2.8798999786376953,2.884999990463257,2.8798000812530518,2.884999990463257,65305
2026-06-29 19:28:00+00:00,2.884999990463257,2.884999990463257,2.884999990463257,2.884999990463257,1858
2026-06-29 19:29:00+00:00,2.880000114440918,2.881999969482422,2.880000114440918,2.881999969482422,510
2026-06-29 19:30:00+00:00,2.8805999755859375,2.8805999755859375,2.880000114440918,2.880000114440918,73717
2026-06-29 19:37:00+00:00,2.880000114440918,2.880000114440918,2.878499984741211,2.878499984741211,43534
2026-06-29 19:38:00+00:00,2.880000114440918,2.880000114440918,2.8798999786376953,2.8798999786376953,78800
2026-06-29 19:39:00+00:00,2.8798999786376953,2.8798999786376953,2.8798999786376953,2.8798999786376953,0
2026-06-29 19:40:00+00:00,2.869999885559082,2.869999885559082,2.869999885559082,2.869999885559082,7352
2026-06-29 19:41:00+00:00,2.8701000213623047,2.8701000213623047,2.8701000213623047,2.8701000213623047,5811
2026-06-29 19:42:00+00:00,2.880000114440918,2.884999990463257,2.8798999786376953,2.8801000118255615,53464
2026-06-29 19:43:00+00:00,2.8801000118255615,2.8801000118255615,2.8801000118255615,2.8801000118255615,2200
2026-06-29 19:44:00+00:00,2.8801000118255615,2.8810999393463135,2.880000114440918,2.8801000118255615,114956
2026-06-29 19:46:00+00:00,2.875,2.875,2.875,2.875,1267
2026-06-29 19:47:00+00:00,2.869999885559082,2.8798999786376953,2.869999885559082,2.8798999786376953,18765
2026-06-29 19:48:00+00:00,2.8798999786376953,2.8801000118255615,2.8763999938964844,2.880000114440918,234703
2026-06-29 19:49:00+00:00,2.8801000118255615,2.884999990463257,2.875,2.875,236755
2026-06-29 19:50:00+00:00,2.880000114440918,2.890000104904175,2.880000114440918,2.8801000118255615,209265
2026-06-29 19:52:00+00:00,2.880000114440918,2.880000114440918,2.875,2.8798999786376953,49977
2026-06-29 19:54:00+00:00,2.880000114440918,2.880000114440918,2.880000114440918,2.880000114440918,730
2026-06-29 19:55:00+00:00,2.869999885559082,2.8701000213623047,2.869999885559082,2.8701000213623047,61125
2026-06-29 19:57:00+00:00,2.869999885559082,2.8701000213623047,2.869999885559082,2.8701000213623047,1276
2026-06-29 19:58:00+00:00,2.869999885559082,2.869999885559082,2.865000009536743,2.865000009536743,32038
2026-06-29 20:00:00+00:00,2.86,2.86,2.86,2.86,0
2026-06-29 20:04:00+00:00,2.86,2.86,2.86,2.86,0
2026-06-29 20:05:00+00:00,2.8611,2.8611,2.8611,2.8611,0
2026-06-29 20:06:00+00:00,2.8693,2.8693,2.8693,2.8693,0
2026-06-29 20:07:00+00:00,2.8698,2.8698,2.8698,2.8698,0
2026-06-29 20:10:00+00:00,2.86,2.86,2.86,2.86,0
2026-06-29 20:15:00+00:00,2.87,2.87,2.87,2.87,0
2026-06-29 20:16:00+00:00,2.87,2.87,2.87,2.87,0
2026-06-29 20:25:00+00:00,2.87,2.87,2.87,2.87,0
2026-06-29 20:27:00+00:00,2.87,2.87,2.87,2.87,0
2026-06-29 20:32:00+00:00,2.88,2.88,2.88,2.88,0
2026-06-29 20:35:00+00:00,2.879,2.879,2.879,2.879,0
2026-06-29 20:39:00+00:00,2.8701,2.8701,2.8701,2.8701,0
2026-06-29 20:43:00+00:00,2.8799,2.8799,2.8799,2.8799,0
2026-06-29 20:46:00+00:00,2.87,2.87,2.87,2.87,0
2026-06-29 21:09:00+00:00,2.8798,2.8798,2.8798,2.8798,0
2026-06-29 21:10:00+00:00,2.88,2.88,2.88,2.88,0
2026-06-29 21:12:00+00:00,2.88,2.88,2.8713,2.8713,0
2026-06-29 21:20:00+00:00,2.88,2.88,2.88,2.88,0
2026-06-29 21:29:00+00:00,2.8701,2.8701,2.8701,2.8701,0
2026-06-29 21:37:00+00:00,2.88,2.88,2.88,2.88,0
2026-06-29 21:44:00+00:00,2.8787,2.8787,2.8787,2.8787,0
2026-06-29 21:51:00+00:00,2.87,2.87,2.87,2.87,0
2026-06-29 21:59:00+00:00,2.8799,2.8799,2.8799,2.8799,0
2026-06-29 22:54:00+00:00,2.875,2.88,2.875,2.88,0
2026-06-29 23:08:00+00:00,2.8798,2.8798,2.8798,2.8798,0
2026-06-29 23:13:00+00:00,2.87,2.87,2.87,2.87,0
2026-06-29 23:15:00+00:00,2.87,2.87,2.87,2.87,0
2026-06-29 23:18:00+00:00,2.87,2.87,2.87,2.87,0
2026-06-29 23:20:00+00:00,2.87,2.87,2.87,2.87,0
2026-06-29 23:28:00+00:00,2.8602,2.8602,2.8602,2.8602,0
2026-06-29 23:35:00+00:00,2.8697,2.8697,2.8697,2.8697,0
2026-06-29 23:42:00+00:00,2.8601,2.8601,2.8601,2.8601,0
2026-06-30 08:00:00+00:00,2.84,2.86,2.8302,2.86,0
2026-06-30 08:01:00+00:00,2.83,2.83,2.83,2.83,0
2026-06-30 10:08:00+00:00,2.8781,2.8781,2.8781,2.8781,0
2026-06-30 11:09:00+00:00,2.85,2.85,2.85,2.85,0
2026-06-30 11:14:00+00:00,2.845,2.845,2.845,2.845,0
2026-06-30 11:22:00+00:00,2.85,2.85,2.8499,2.8499,0
2026-06-30 11:34:00+00:00,2.8499,2.8499,2.8499,2.8499,0
2026-06-30 11:47:00+00:00,2.8499,2.8499,2.8499,2.8499,0
2026-06-30 11:54:00+00:00,2.85,2.85,2.85,2.85,0
2026-06-30 12:02:00+00:00,2.8487,2.8487,2.8487,2.8487,0
2026-06-30 12:03:00+00:00,2.85,2.85,2.85,2.85,0
2026-06-30 12:04:00+00:00,2.85,2.85,2.85,2.85,0
2026-06-30 12:17:00+00:00,2.86,2.86,2.86,2.86,0
2026-06-30 12:32:00+00:00,2.87,2.87,2.87,2.87,0
2026-06-30 12:34:00+00:00,2.8601,2.8601,2.8601,2.8601,0
2026-06-30 12:35:00+00:00,2.87,2.87,2.87,2.87,0
2026-06-30 12:36:00+00:00,2.87,2.87,2.87,2.87,0
2026-06-30 12:40:00+00:00,2.87,2.87,2.87,2.87,0
2026-06-30 12:43:00+00:00,2.8681,2.8681,2.8681,2.8681,0
2026-06-30 12:51:00+00:00,2.8698,2.8698,2.8698,2.8698,0
2026-06-30 12:58:00+00:00,2.8681,2.8681,2.8681,2.8681,0
2026-06-30 13:04:00+00:00,2.8673,2.8673,2.8673,2.8673,0
2026-06-30 13:05:00+00:00,2.8688,2.8688,2.8688,2.8688,0
2026-06-30 13:07:00+00:00,2.8605,2.8605,2.8605,2.8605,0
2026-06-30 13:08:00+00:00,2.87,2.87,2.8679,2.8679,0
2026-06-30 13:15:00+00:00,2.8698,2.8698,2.8698,2.8698,0
2026-06-30 13:25:00+00:00,2.86,2.86,2.86,2.86,0
2026-06-30 13:26:00+00:00,2.8599,2.8599,2.8599,2.8599,0
2026-06-30 13:27:00+00:00,2.85,2.85,2.8403,2.8497,0
2026-06-30 13:28:00+00:00,2.84,2.84,2.84,2.84,0
2026-06-30 13:29:00+00:00,2.8395,2.8395,2.8303,2.8303,0
2026-06-30 13:30:00+00:00,2.819999933242798,2.8299999237060547,2.7850000858306885,2.7850000858306885,243602
2026-06-30 13:31:00+00:00,2.7850000858306885,2.7850000858306885,2.7679998874664307,2.7679998874664307,70648
2026-06-30 13:32:00+00:00,2.7699999809265137,2.779900074005127,2.759999990463257,2.7699999809265137,90571
2026-06-30 13:33:00+00:00,2.7699999809265137,2.779900074005127,2.758699893951416,2.759999990463257,139769
2026-06-30 13:34:00+00:00,2.765000104904175,2.7699999809265137,2.759999990463257,2.765000104904175,32449
2026-06-30 13:35:00+00:00,2.765000104904175,2.76990008354187,2.755000114440918,2.755000114440918,94813
2026-06-30 13:36:00+00:00,2.7599000930786133,2.76990008354187,2.7599000930786133,2.759999990463257,140138
2026-06-30 13:37:00+00:00,2.765000104904175,2.765000104904175,2.740000009536743,2.740000009536743,65847
2026-06-30 13:38:00+00:00,2.7388999462127686,2.7699999809265137,2.7388999462127686,2.7699999809265137,66383
2026-06-30 13:39:00+00:00,2.76990008354187,2.7750000953674316,2.766400098800659,2.7699999809265137,254060
2026-06-30 13:40:00+00:00,2.7750000953674316,2.7802000045776367,2.7750000953674316,2.7802000045776367,0
2026-06-30 13:41:00+00:00,2.789900064468384,2.7950000762939453,2.786400079727173,2.7950000762939453,218154
2026-06-30 13:42:00+00:00,2.79010009765625,2.799999952316284,2.7813000679016113,2.7950000762939453,58266
2026-06-30 13:43:00+00:00,2.7899999618530273,2.7999000549316406,2.7899999618530273,2.7950000762939453,43900
2026-06-30 13:44:00+00:00,2.7950000762939453,2.8099000453948975,2.7950000762939453,2.800100088119507,129756
2026-06-30 13:45:00+00:00,2.800100088119507,2.805000066757202,2.7899999618530273,2.805000066757202,237494
2026-06-30 13:46:00+00:00,2.805000066757202,2.809999942779541,2.805000066757202,2.807300090789795,150996
2026-06-30 13:47:00+00:00,2.809999942779541,2.809999942779541,2.805000066757202,2.805000066757202,2900
2026-06-30 13:48:00+00:00,2.805000066757202,2.815000057220459,2.800100088119507,2.800100088119507,116279
2026-06-30 13:49:00+00:00,2.808199882507324,2.825000047683716,2.805000066757202,2.8201000690460205,114256
2026-06-30 13:50:00+00:00,2.8299999237060547,2.8299999237060547,2.8101000785827637,2.815000057220459,46984
2026-06-30 13:51:00+00:00,2.815000057220459,2.8199000358581543,2.805000066757202,2.805000066757202,114555
2026-06-30 13:52:00+00:00,2.805000066757202,2.805000066757202,2.799999952316284,2.805000066757202,66185
2026-06-30 13:53:00+00:00,2.805000066757202,2.815000057220459,2.805000066757202,2.815000057220459,45712
2026-06-30 13:54:00+00:00,2.805000066757202,2.8101000785827637,2.805000066757202,2.8101000785827637,115150
2026-06-30 13:55:00+00:00,2.805000066757202,2.8199000358581543,2.800100088119507,2.805000066757202,375859
2026-06-30 13:56:00+00:00,2.7950000762939453,2.7950000762939453,2.7950000762939453,2.7950000762939453,11660
2026-06-30 13:57:00+00:00,2.7950000762939453,2.7950000762939453,2.7950000762939453,2.7950000762939453,2500
2026-06-30 13:58:00+00:00,2.7999000549316406,2.799999952316284,2.7950000762939453,2.7950000762939453,138214
2026-06-30 13:59:00+00:00,2.7901999950408936,2.7901999950408936,2.7799999713897705,2.7799999713897705,212296
2026-06-30 14:00:00+00:00,2.7750000953674316,2.7899999618530273,2.7750000953674316,2.7899999618530273,168112
2026-06-30 14:01:00+00:00,2.7899999618530273,2.799999952316284,2.780100107192993,2.7890000343322754,207920
2026-06-30 14:02:00+00:00,2.7899999618530273,2.7950000762939453,2.7799999713897705,2.7850000858306885,130571
2026-06-30 14:03:00+00:00,2.7799999713897705,2.7799999713897705,2.7701001167297363,2.7701001167297363,42045
2026-06-30 14:04:00+00:00,2.7701001167297363,2.779900074005127,2.76990008354187,2.76990008354187,49048
2026-06-30 14:05:00+00:00,2.7602999210357666,2.7711000442504883,2.7602999210357666,2.765000104904175,369290
2026-06-30 14:06:00+00:00,2.7699999809265137,2.7799999713897705,2.7699999809265137,2.7799999713897705,51851
2026-06-30 14:08:00+00:00,2.780100107192993,2.7850000858306885,2.7799999713897705,2.7799999713897705,215100
2026-06-30 14:09:00+00:00,2.7799999713897705,2.7897000312805176,2.7799999713897705,2.780100107192993,95079
2026-06-30 14:10:00+00:00,2.789900064468384,2.789900064468384,2.789900064468384,2.789900064468384,25728
2026-06-30 14:11:00+00:00,2.789900064468384,2.7899999618530273,2.7850000858306885,2.7850000858306885,37479
2026-06-30 14:12:00+00:00,2.7699999809265137,2.779900074005127,2.7699999809265137,2.779900074005127,56751
2026-06-30 14:13:00+00:00,2.778700113296509,2.778700113296509,2.7750000953674316,2.7750000953674316,0
2026-06-30 14:14:00+00:00,2.779900074005127,2.7813000679016113,2.7750000953674316,2.780100107192993,333800
2026-06-30 14:15:00+00:00,2.780100107192993,2.7850000858306885,2.7750000953674316,2.779900074005127,673946
2026-06-30 14:16:00+00:00,2.779900074005127,2.7850000858306885,2.7699999809265137,2.780100107192993,537741
2026-06-30 14:17:00+00:00,2.7899999618530273,2.7899999618530273,2.7799999713897705,2.780100107192993,144466
2026-06-30 14:18:00+00:00,2.7799999713897705,2.7799999713897705,2.7799999713897705,2.7799999713897705,12700
2026-06-30 14:19:00+00:00,2.7750000953674316,2.7750000953674316,2.759999990463257,2.762200117111206,95937
2026-06-30 14:20:00+00:00,2.76990008354187,2.76990008354187,2.765000104904175,2.765000104904175,31999
2026-06-30 14:21:00+00:00,2.76990008354187,2.7699999809265137,2.76990008354187,2.7699999809265137,10500
2026-06-30 14:22:00+00:00,2.76990008354187,2.76990008354187,2.7600998878479004,2.7600998878479004,40241
2026-06-30 14:23:00+00:00,2.7683000564575195,2.7699999809265137,2.759999990463257,2.7699999809265137,37880
2026-06-30 14:24:00+00:00,2.7690000534057617,2.7690000534057617,2.7690000534057617,2.7690000534057617,39016
2026-06-30 14:25:00+00:00,2.7699999809265137,2.7699999809265137,2.7699999809265137,2.7699999809265137,81054
2026-06-30 14:26:00+00:00,2.7701001167297363,2.7750000953674316,2.759999990463257,2.76990008354187,42749
2026-06-30 14:27:00+00:00,2.765000104904175,2.76990008354187,2.765000104904175,2.76990008354187,24000
2026-06-30 14:28:00+00:00,2.7699999809265137,2.7699999809265137,2.7699999809265137,2.7699999809265137,46917
2026-06-30 14:29:00+00:00,2.7750000953674316,2.7750000953674316,2.7699999809265137,2.7701001167297363,18857
2026-06-30 14:30:00+00:00,2.7600998878479004,2.7600998878479004,2.7600998878479004,2.7600998878479004,14991
2026-06-30 14:31:00+00:00,2.76990008354187,2.76990008354187,2.759999990463257,2.7600998878479004,10019
2026-06-30 14:32:00+00:00,2.76990008354187,2.7699999809265137,2.76990008354187,2.7699999809265137,171811
2026-06-30 14:33:00+00:00,2.7699999809265137,2.7799999713897705,2.7699999809265137,2.7799999713897705,12415
2026-06-30 14:34:00+00:00,2.779900074005127,2.779900074005127,2.772599935531616,2.7750000953674316,7071
2026-06-30 14:35:00+00:00,2.7750000953674316,2.7750000953674316,2.7701001167297363,2.7701001167297363,73339
2026-06-30 14:36:00+00:00,2.7750000953674316,2.7750000953674316,2.7750000953674316,2.7750000953674316,0
2026-06-30 14:37:00+00:00,2.77020001411438,2.7750000953674316,2.7699999809265137,2.7750000953674316,95792
2026-06-30 14:38:00+00:00,2.7799999713897705,2.7799999713897705,2.7799999713897705,2.7799999713897705,1300
2026-06-30 14:39:00+00:00,2.7701001167297363,2.7711000442504883,2.7701001167297363,2.7711000442504883,8089
2026-06-30 14:43:00+00:00,2.779900074005127,2.7799999713897705,2.7699999809265137,2.7699999809265137,76600
2026-06-30 14:44:00+00:00,2.7699999809265137,2.7699999809265137,2.759999990463257,2.759999990463257,60360
2026-06-30 14:45:00+00:00,2.7599000930786133,2.76990008354187,2.755000114440918,2.759999990463257,149498
2026-06-30 14:46:00+00:00,2.76990008354187,2.7850000858306885,2.76990008354187,2.780100107192993,121658
2026-06-30 14:47:00+00:00,2.7850000858306885,2.7899999618530273,2.7699999809265137,2.7750000953674316,68967
2026-06-30 14:48:00+00:00,2.7750000953674316,2.7750000953674316,2.7699999809265137,2.7699999809265137,9415
2026-06-30 14:49:00+00:00,2.779900074005127,2.779900074005127,2.7750000953674316,2.7750000953674316,21062
2026-06-30 14:50:00+00:00,2.779900074005127,2.779900074005127,2.7701001167297363,2.7750000953674316,52022
2026-06-30 14:51:00+00:00,2.7750000953674316,2.7750000953674316,2.7750000953674316,2.7750000953674316,0
2026-06-30 14:52:00+00:00,2.77020001411438,2.77020001411438,2.7701001167297363,2.7701001167297363,49005
2026-06-30 14:56:00+00:00,2.7699999809265137,2.7699999809265137,2.7699999809265137,2.7699999809265137,14672
2026-06-30 14:57:00+00:00,2.763000011444092,2.7699999809265137,2.763000011444092,2.76990008354187,28000
2026-06-30 14:58:00+00:00,2.76990008354187,2.7781999111175537,2.76990008354187,2.7750000953674316,25140
2026-06-30 14:59:00+00:00,2.7750000953674316,2.7750000953674316,2.7701001167297363,2.7701001167297363,23850
2026-06-30 15:00:00+00:00,2.7701001167297363,2.7701001167297363,2.759999990463257,2.7600998878479004,71719
2026-06-30 15:01:00+00:00,2.759999990463257,2.759999990463257,2.759999990463257,2.759999990463257,11437
2026-06-30 15:03:00+00:00,2.7502999305725098,2.7502999305725098,2.748199939727783,2.75,99540
2026-06-30 15:04:00+00:00,2.7499001026153564,2.75,2.7400999069213867,2.7400999069213867,128407
2026-06-30 15:05:00+00:00,2.7400999069213867,2.740299940109253,2.7300000190734863,2.740000009536743,186971
2026-06-30 15:06:00+00:00,2.734999895095825,2.734999895095825,2.7200000286102295,2.72979998588562,79381
2026-06-30 15:07:00+00:00,2.7300000190734863,2.740000009536743,2.7298998832702637,2.7300000190734863,139378
2026-06-30 15:08:00+00:00,2.7200000286102295,2.7298998832702637,2.7200000286102295,2.7298998832702637,20610
2026-06-30 15:09:00+00:00,2.7300000190734863,2.73009991645813,2.7298998832702637,2.73009991645813,220578
2026-06-30 15:10:00+00:00,2.7300000190734863,2.73009991645813,2.7300000190734863,2.73009991645813,27850
2026-06-30 15:11:00+00:00,2.7386999130249023,2.740000009536743,2.7386999130249023,2.7399001121520996,33211
2026-06-30 15:12:00+00:00,2.736299991607666,2.7399001121520996,2.734999895095825,2.734999895095825,12269
2026-06-30 15:13:00+00:00,2.7300000190734863,2.738100051879883,2.7300000190734863,2.738100051879883,42605
2026-06-30 15:14:00+00:00,2.734999895095825,2.734999895095825,2.734999895095825,2.734999895095825,3750
2026-06-30 15:16:00+00:00,2.739799976348877,2.7399001121520996,2.734999895095825,2.734999895095825,15313
2026-06-30 15:17:00+00:00,2.740000009536743,2.740000009536743,2.734999895095825,2.734999895095825,11136
2026-06-30 15:18:00+00:00,2.734999895095825,2.734999895095825,2.7300000190734863,2.73009991645813,7931
2026-06-30 15:20:00+00:00,2.7300000190734863,2.7300000190734863,2.7249999046325684,2.7249999046325684,69276
2026-06-30 15:21:00+00:00,2.7298998832702637,2.7298998832702637,2.728800058364868,2.7298998832702637,20083
2026-06-30 15:23:00+00:00,2.7249999046325684,2.7249999046325684,2.7249999046325684,2.7249999046325684,196
2026-06-30 15:24:00+00:00,2.7300000190734863,2.738100051879883,2.7249999046325684,2.738100051879883,188684
2026-06-30 15:25:00+00:00,2.734999895095825,2.734999895095825,2.7300000190734863,2.7300000190734863,136430
2026-06-30 15:26:00+00:00,2.7300000190734863,2.7300000190734863,2.7249999046325684,2.7298998832702637,16544
2026-06-30 15:27:00+00:00,2.7298998832702637,2.7300000190734863,2.7298998832702637,2.7300000190734863,131603
2026-06-30 15:28:00+00:00,2.740000009536743,2.740000009536743,2.73009991645813,2.734999895095825,41658
2026-06-30 15:29:00+00:00,2.7300000190734863,2.73009991645813,2.7300000190734863,2.7300000190734863,35746
2026-06-30 15:30:00+00:00,2.7300000190734863,2.7399001121520996,2.72979998588562,2.734999895095825,83307
2026-06-30 15:31:00+00:00,2.7300000190734863,2.73009991645813,2.7200000286102295,2.7249999046325684,98660
2026-06-30 15:32:00+00:00,2.7249999046325684,2.7298998832702637,2.7249999046325684,2.7298998832702637,4988
2026-06-30 15:33:00+00:00,2.7249999046325684,2.7298998832702637,2.7249999046325684,2.7298998832702637,1000
2026-06-30 15:34:00+00:00,2.7249999046325684,2.7249999046325684,2.7100000381469727,2.7100000381469727,63350
2026-06-30 15:35:00+00:00,2.7100000381469727,2.7200000286102295,2.7100000381469727,2.7200000286102295,68075
2026-06-30 15:36:00+00:00,2.720099925994873,2.7298998832702637,2.720099925994873,2.7298998832702637,15571
2026-06-30 15:37:00+00:00,2.7249999046325684,2.7300000190734863,2.7149999141693115,2.7149999141693115,115079
2026-06-30 15:38:00+00:00,2.719899892807007,2.720099925994873,2.718899965286255,2.7200000286102295,98694
2026-06-30 15:40:00+00:00,2.720099925994873,2.7202000617980957,2.7100000381469727,2.7149999141693115,67943
2026-06-30 15:41:00+00:00,2.719899892807007,2.719899892807007,2.7100000381469727,2.7100000381469727,35308
2026-06-30 15:42:00+00:00,2.7100000381469727,2.7100000381469727,2.7083001136779785,2.7083001136779785,2200
2026-06-30 15:43:00+00:00,2.7049999237060547,2.7049999237060547,2.690500020980835,2.690500020980835,96230
2026-06-30 15:44:00+00:00,2.690000057220459,2.700000047683716,2.690000057220459,2.700000047683716,8537
2026-06-30 15:45:00+00:00,2.699899911880493,2.699899911880493,2.6849000453948975,2.684999942779541,30766
2026-06-30 15:46:00+00:00,2.690000057220459,2.694999933242798,2.684999942779541,2.694999933242798,32770
2026-06-30 15:47:00+00:00,2.694999933242798,2.6975998878479004,2.690000057220459,2.6975998878479004,23802
2026-06-30 15:48:00+00:00,2.692699909210205,2.700000047683716,2.692699909210205,2.699899911880493,4675
2026-06-30 15:49:00+00:00,2.690000057220459,2.690200090408325,2.6789000034332275,2.6789000034332275,86089
2026-06-30 15:50:00+00:00,2.6798999309539795,2.6798999309539795,2.660099983215332,2.6698999404907227,15533
2026-06-30 15:51:00+00:00,2.6649999618530273,2.6698999404907227,2.6600000858306885,2.6682000160217285,5259
2026-06-30 15:52:00+00:00,2.6689000129699707,2.6689000129699707,2.6689000129699707,2.6689000129699707,11747
2026-06-30 15:53:00+00:00,2.6649999618530273,2.6698999404907227,2.6649999618530273,2.6689000129699707,2942
2026-06-30 15:54:00+00:00,2.6700000762939453,2.6700000762939453,2.6600000858306885,2.6600000858306885,9835
2026-06-30 15:55:00+00:00,2.6698999404907227,2.6700000762939453,2.6649999618530273,2.6649999618530273,11651
2026-06-30 15:56:00+00:00,2.6649999618530273,2.6689000129699707,2.6649999618530273,2.6649999618530273,805
2026-06-30 15:57:00+00:00,2.6698999404907227,2.6698999404907227,2.6698999404907227,2.6698999404907227,18000
2026-06-30 15:58:00+00:00,2.6698999404907227,2.6698999404907227,2.6649999618530273,2.6649999618530273,0
2026-06-30 15:59:00+00:00,2.666599988937378,2.666599988937378,2.660099983215332,2.660099983215332,22116
2026-06-30 16:00:00+00:00,2.6682000160217285,2.680000066757202,2.6600000858306885,2.670099973678589,216097
2026-06-30 16:01:00+00:00,2.6700000762939453,2.670099973678589,2.660099983215332,2.6649999618530273,72502
2026-06-30 16:02:00+00:00,2.6649999618530273,2.6700000762939453,2.6649999618530273,2.6700000762939453,0
2026-06-30 16:03:00+00:00,2.6698999404907227,2.6700000762939453,2.6649999618530273,2.6700000762939453,241170
2026-06-30 16:04:00+00:00,2.6700000762939453,2.680000066757202,2.6700000762939453,2.680000066757202,0
2026-06-30 16:05:00+00:00,2.6710000038146973,2.680000066757202,2.670099973678589,2.680000066757202,72980
2026-06-30 16:06:00+00:00,2.680000066757202,2.680000066757202,2.674999952316284,2.674999952316284,4700
2026-06-30 16:07:00+00:00,2.6700000762939453,2.674999952316284,2.6700000762939453,2.6700000762939453,67619
2026-06-30 16:08:00+00:00,2.6700000762939453,2.6700000762939453,2.6649999618530273,2.6649999618530273,64808
2026-06-30 16:09:00+00:00,2.6700000762939453,2.6700000762939453,2.6700000762939453,2.6700000762939453,310
2026-06-30 16:10:00+00:00,2.6649999618530273,2.6698999404907227,2.6649999618530273,2.6698999404907227,409
2026-06-30 16:11:00+00:00,2.6700000762939453,2.6700000762939453,2.6700000762939453,2.6700000762939453,280
2026-06-30 16:13:00+00:00,2.6600000858306885,2.6677000522613525,2.6500000953674316,2.6579999923706055,108535
2026-06-30 16:14:00+00:00,2.6600000858306885,2.6600000858306885,2.6600000858306885,2.6600000858306885,83207
2026-06-30 16:15:00+00:00,2.668100118637085,2.668100118637085,2.668100118637085,2.668100118637085,328
2026-06-30 16:16:00+00:00,2.6600000858306885,2.6649999618530273,2.6600000858306885,2.6649999618530273,21260
2026-06-30 16:18:00+00:00,2.669800043106079,2.6698999404907227,2.669800043106079,2.6698999404907227,1610
2026-06-30 16:19:00+00:00,2.6700000762939453,2.6700000762939453,2.6700000762939453,2.6700000762939453,7800
2026-06-30 16:20:00+00:00,2.6698999404907227,2.6698999404907227,2.6698999404907227,2.6698999404907227,0
2026-06-30 16:22:00+00:00,2.660900115966797,2.660900115966797,2.660900115966797,2.660900115966797,8000
2026-06-30 16:23:00+00:00,2.6700000762939453,2.6700000762939453,2.6700000762939453,2.6700000762939453,0
2026-06-30 16:24:00+00:00,2.6600000858306885,2.66129994392395,2.6500000953674316,2.6500000953674316,179693
2026-06-30 16:25:00+00:00,2.6582000255584717,2.6600000858306885,2.6549999713897705,2.6549999713897705,65309
2026-06-30 16:26:00+00:00,2.6549999713897705,2.6600000858306885,2.6549999713897705,2.659899950027466,42665
2026-06-30 16:27:00+00:00,2.659899950027466,2.6600000858306885,2.6594998836517334,2.6594998836517334,49100
2026-06-30 16:28:00+00:00,2.659899950027466,2.6700000762939453,2.6549999713897705,2.6649999618530273,91847
2026-06-30 16:29:00+00:00,2.668100118637085,2.668100118637085,2.661900043487549,2.661900043487549,0
2026-06-30 16:30:00+00:00,2.6700000762939453,2.6700000762939453,2.6689000129699707,2.6689000129699707,11065
2026-06-30 16:32:00+00:00,2.6698999404907227,2.6698999404907227,2.6698999404907227,2.6698999404907227,1952
2026-06-30 16:33:00+00:00,2.6700000762939453,2.6700000762939453,2.6698999404907227,2.6698999404907227,38900
2026-06-30 16:34:00+00:00,2.6700000762939453,2.6700000762939453,2.6649999618530273,2.6649999618530273,0
2026-06-30 16:35:00+00:00,2.6612000465393066,2.6619999408721924,2.6612000465393066,2.6612000465393066,809
2026-06-30 16:36:00+00:00,2.660099983215332,2.6619999408721924,2.6600000858306885,2.6612000465393066,32984
2026-06-30 16:37:00+00:00,2.6700000762939453,2.6700000762939453,2.6700000762939453,2.6700000762939453,1575
2026-06-30 16:38:00+00:00,2.6700000762939453,2.6700000762939453,2.669800043106079,2.6698999404907227,100000
2026-06-30 16:39:00+00:00,2.6700000762939453,2.6700000762939453,2.6649999618530273,2.6649999618530273,7446
2026-06-30 16:40:00+00:00,2.6649999618530273,2.6682000160217285,2.6649999618530273,2.6682000160217285,1063
2026-06-30 16:42:00+00:00,2.660099983215332,2.6698999404907227,2.660099983215332,2.6698999404907227,6224
2026-06-30 16:43:00+00:00,2.6649999618530273,2.6649999618530273,2.6649999618530273,2.6649999618530273,14588
2026-06-30 16:44:00+00:00,2.6600000858306885,2.6603000164031982,2.6600000858306885,2.660099983215332,131600
2026-06-30 16:45:00+00:00,2.6649999618530273,2.6649999618530273,2.659899950027466,2.659899950027466,24722
2026-06-30 16:46:00+00:00,2.6600000858306885,2.6600000858306885,2.6549999713897705,2.6549999713897705,0
2026-06-30 16:47:00+00:00,2.6500000953674316,2.6549999713897705,2.6500000953674316,2.6549999713897705,7267
2026-06-30 16:48:00+00:00,2.6517999172210693,2.6517999172210693,2.6517999172210693,2.6517999172210693,1000
2026-06-30 16:49:00+00:00,2.6500000953674316,2.6501998901367188,2.640000104904175,2.640000104904175,131447
2026-06-30 16:50:00+00:00,2.6500000953674316,2.6500000953674316,2.6500000953674316,2.6500000953674316,1302
2026-06-30 16:51:00+00:00,2.6449999809265137,2.6449999809265137,2.6449999809265137,2.6449999809265137,2000
2026-06-30 16:52:00+00:00,2.649899959564209,2.649899959564209,2.6449999809265137,2.6449999809265137,28835
2026-06-30 16:53:00+00:00,2.6401000022888184,2.6449999809265137,2.6401000022888184,2.6449999809265137,2100
2026-06-30 16:54:00+00:00,2.6500000953674316,2.6500000953674316,2.648099899291992,2.648099899291992,263
2026-06-30 16:55:00+00:00,2.6449999809265137,2.6449999809265137,2.6401000022888184,2.6401000022888184,4000
2026-06-30 16:56:00+00:00,2.6449999809265137,2.6449999809265137,2.640000104904175,2.640000104904175,945
2026-06-30 16:57:00+00:00,2.649899959564209,2.6549999713897705,2.649899959564209,2.6549999713897705,198543
2026-06-30 16:58:00+00:00,2.659899950027466,2.659899950027466,2.6549999713897705,2.6549999713897705,0
2026-06-30 17:00:00+00:00,2.650099992752075,2.658099889755249,2.650099992752075,2.658099889755249,27211
2026-06-30 17:01:00+00:00,2.6500000953674316,2.650099992752075,2.640000104904175,2.640000104904175,123370
2026-06-30 17:02:00+00:00,2.6449999809265137,2.6496999263763428,2.6401000022888184,2.6496999263763428,12700
2026-06-30 17:03:00+00:00,2.640000104904175,2.6401000022888184,2.640000104904175,2.6401000022888184,12211
2026-06-30 17:04:00+00:00,2.6449999809265137,2.6449999809265137,2.6449999809265137,2.6449999809265137,3265
2026-06-30 17:06:00+00:00,2.648200035095215,2.648200035095215,2.648200035095215,2.648200035095215,505
2026-06-30 17:07:00+00:00,2.6500000953674316,2.6500000953674316,2.6449999809265137,2.6449999809265137,907
2026-06-30 17:08:00+00:00,2.6482999324798584,2.6482999324798584,2.6449999809265137,2.6482999324798584,2200
2026-06-30 17:10:00+00:00,2.649899959564209,2.6500000953674316,2.6449999809265137,2.6449999809265137,41000
2026-06-30 17:11:00+00:00,2.6500000953674316,2.6600000858306885,2.6449999809265137,2.659899950027466,102960
2026-06-30 17:12:00+00:00,2.6500000953674316,2.6549999713897705,2.6500000953674316,2.6501998901367188,114549
2026-06-30 17:13:00+00:00,2.6500000953674316,2.650099992752075,2.640000104904175,2.649899959564209,74586
2026-06-30 17:14:00+00:00,2.6449999809265137,2.650099992752075,2.6449999809265137,2.650099992752075,114656
2026-06-30 17:16:00+00:00,2.6503000259399414,2.6600000858306885,2.6500000953674316,2.6549999713897705,43366
2026-06-30 17:20:00+00:00,2.659899950027466,2.659899950027466,2.6549999713897705,2.6549999713897705,6121
2026-06-30 17:23:00+00:00,2.6549999713897705,2.6600000858306885,2.6549999713897705,2.6549999713897705,3440
2026-06-30 17:24:00+00:00,2.659899950027466,2.659899950027466,2.659899950027466,2.659899950027466,3576
2026-06-30 17:29:00+00:00,2.650099992752075,2.650099992752075,2.650099992752075,2.650099992752075,200
2026-06-30 17:30:00+00:00,2.6549999713897705,2.6549999713897705,2.6549999713897705,2.6549999713897705,1901
2026-06-30 17:31:00+00:00,2.6582999229431152,2.6582999229431152,2.6582999229431152,2.6582999229431152,200
2026-06-30 17:32:00+00:00,2.6582000255584717,2.6582000255584717,2.6582000255584717,2.6582000255584717,204
2026-06-30 17:33:00+00:00,2.6500000953674316,2.650099992752075,2.6500000953674316,2.650099992752075,36533
2026-06-30 17:34:00+00:00,2.650099992752075,2.6549999713897705,2.640000104904175,2.640000104904175,82068
2026-06-30 17:35:00+00:00,2.6500000953674316,2.6500000953674316,2.6484999656677246,2.6484999656677246,1105
2026-06-30 17:36:00+00:00,2.6449999809265137,2.648200035095215,2.640000104904175,2.648200035095215,710
2026-06-30 17:37:00+00:00,2.648200035095215,2.648200035095215,2.648200035095215,2.648200035095215,405
2026-06-30 17:39:00+00:00,2.6449999809265137,2.6598000526428223,2.6449999809265137,2.6598000526428223,116090
2026-06-30 17:40:00+00:00,2.6582000255584717,2.6582000255584717,2.6582000255584717,2.6582000255584717,430
2026-06-30 17:41:00+00:00,2.6598000526428223,2.6598000526428223,2.6598000526428223,2.6598000526428223,1184
2026-06-30 17:43:00+00:00,2.659899950027466,2.659899950027466,2.659899950027466,2.659899950027466,1930
2026-06-30 17:45:00+00:00,2.6549999713897705,2.6598000526428223,2.6549999713897705,2.6598000526428223,1305
2026-06-30 17:46:00+00:00,2.651099920272827,2.651099920272827,2.651099920272827,2.651099920272827,9940
2026-06-30 17:48:00+00:00,2.651099920272827,2.651099920272827,2.651099920272827,2.651099920272827,9970
2026-06-30 17:50:00+00:00,2.6600000858306885,2.6600000858306885,2.658900022506714,2.658900022506714,46451
2026-06-30 17:51:00+00:00,2.6596999168395996,2.6596999168395996,2.6596999168395996,2.6596999168395996,0
2026-06-30 17:53:00+00:00,2.6582000255584717,2.6600000858306885,2.6582000255584717,2.6600000858306885,3202
2026-06-30 17:54:00+00:00,2.6600000858306885,2.6600000858306885,2.6600000858306885,2.6600000858306885,0
2026-06-30 17:55:00+00:00,2.650099992752075,2.650099992752075,2.650099992752075,2.650099992752075,7599
2026-06-30 17:58:00+00:00,2.658099889755249,2.658099889755249,2.6449999809265137,2.6449999809265137,142069
2026-06-30 18:00:00+00:00,2.6500000953674316,2.6500000953674316,2.6449999809265137,2.6449999809265137,21626
2026-06-30 18:01:00+00:00,2.6487998962402344,2.649899959564209,2.640000104904175,2.64739990234375,35671
2026-06-30 18:02:00+00:00,2.640199899673462,2.6449999809265137,2.6401000022888184,2.6449999809265137,9888
2026-06-30 18:03:00+00:00,2.6449999809265137,2.6449999809265137,2.6449999809265137,2.6449999809265137,10906
2026-06-30 18:04:00+00:00,2.649899959564209,2.649899959564209,2.649899959564209,2.649899959564209,24700
2026-06-30 18:05:00+00:00,2.649899959564209,2.6549999713897705,2.6449999809265137,2.6549999713897705,69079
2026-06-30 18:06:00+00:00,2.650099992752075,2.659899950027466,2.650099992752075,2.656399965286255,22503
2026-06-30 18:07:00+00:00,2.6596999168395996,2.6596999168395996,2.6519999504089355,2.6519999504089355,0
2026-06-30 18:08:00+00:00,2.650099992752075,2.6549999713897705,2.650099992752075,2.6549999713897705,121710
2026-06-30 18:09:00+00:00,2.650099992752075,2.651099920272827,2.6500000953674316,2.6500000953674316,47051
2026-06-30 18:10:00+00:00,2.6500000953674316,2.6500000953674316,2.6500000953674316,2.6500000953674316,800
2026-06-30 18:11:00+00:00,2.6486001014709473,2.649899959564209,2.6449999809265137,2.649899959564209,23879
2026-06-30 18:12:00+00:00,2.649899959564209,2.649899959564209,2.649899959564209,2.649899959564209,5
2026-06-30 18:13:00+00:00,2.6412999629974365,2.648099899291992,2.6412999629974365,2.648099899291992,3400
2026-06-30 18:14:00+00:00,2.649899959564209,2.6500000953674316,2.6449999809265137,2.6500000953674316,107431
2026-06-30 18:15:00+00:00,2.6549999713897705,2.6549999713897705,2.6549999713897705,2.6549999713897705,256
2026-06-30 18:16:00+00:00,2.6582000255584717,2.6582000255584717,2.6582000255584717,2.6582000255584717,73
2026-06-30 18:19:00+00:00,2.6500000953674316,2.659899950027466,2.6500000953674316,2.659899950027466,15500
2026-06-30 18:20:00+00:00,2.6582000255584717,2.6582000255584717,2.6582000255584717,2.6582000255584717,0
2026-06-30 18:21:00+00:00,2.6500000953674316,2.6500000953674316,2.6500000953674316,2.6500000953674316,540
2026-06-30 18:22:00+00:00,2.6596999168395996,2.6596999168395996,2.6596999168395996,2.6596999168395996,3800
2026-06-30 18:23:00+00:00,2.6549999713897705,2.6596999168395996,2.6549999713897705,2.6596999168395996,0
2026-06-30 18:24:00+00:00,2.650099992752075,2.6549999713897705,2.650099992752075,2.650099992752075,40025
2026-06-30 18:25:00+00:00,2.650099992752075,2.650099992752075,2.640000104904175,2.640000104904175,118390
2026-06-30 18:32:00+00:00,2.649899959564209,2.649899959564209,2.640399932861328,2.640399932861328,9925
2026-06-30 18:33:00+00:00,2.640000104904175,2.640000104904175,2.640000104904175,2.640000104904175,16025
2026-06-30 18:35:00+00:00,2.640000104904175,2.640000104904175,2.634999990463257,2.639899969100952,80668
2026-06-30 18:36:00+00:00,2.639899969100952,2.640000104904175,2.634999990463257,2.640000104904175,71994
2026-06-30 18:37:00+00:00,2.634999990463257,2.634999990463257,2.634999990463257,2.634999990463257,0
2026-06-30 18:38:00+00:00,2.639899969100952,2.639899969100952,2.639899969100952,2.639899969100952,12000
2026-06-30 18:40:00+00:00,2.640000104904175,2.640000104904175,2.640000104904175,2.640000104904175,14145
2026-06-30 18:42:00+00:00,2.6301000118255615,2.6301000118255615,2.6301000118255615,2.6301000118255615,8000
2026-06-30 18:43:00+00:00,2.640000104904175,2.640000104904175,2.640000104904175,2.640000104904175,0
2026-06-30 18:44:00+00:00,2.6301000118255615,2.6301000118255615,2.6301000118255615,2.6301000118255615,1055
2026-06-30 18:45:00+00:00,2.639899969100952,2.639899969100952,2.639899969100952,2.639899969100952,8000
2026-06-30 18:46:00+00:00,2.639899969100952,2.639899969100952,2.6301000118255615,2.639899969100952,14299
2026-06-30 18:48:00+00:00,2.635499954223633,2.635499954223633,2.635499954223633,2.635499954223633,840
2026-06-30 18:50:00+00:00,2.639899969100952,2.639899969100952,2.634999990463257,2.634999990463257,6020
2026-06-30 18:51:00+00:00,2.634999990463257,2.634999990463257,2.630000114440918,2.630000114440918,0
2026-06-30 18:54:00+00:00,2.639899969100952,2.639899969100952,2.6382999420166016,2.6382999420166016,6091
2026-06-30 18:57:00+00:00,2.634999990463257,2.634999990463257,2.634999990463257,2.634999990463257,245
2026-06-30 18:59:00+00:00,2.634999990463257,2.649899959564209,2.634999990463257,2.646399974822998,92003
2026-06-30 19:00:00+00:00,2.6482999324798584,2.649899959564209,2.6482999324798584,2.649899959564209,6388
2026-06-30 19:01:00+00:00,2.6401000022888184,2.6500000953674316,2.640000104904175,2.6401000022888184,83449
2026-06-30 19:02:00+00:00,2.640000104904175,2.6401000022888184,2.640000104904175,2.640000104904175,850
2026-06-30 19:03:00+00:00,2.640000104904175,2.6449999809265137,2.640000104904175,2.6449999809265137,12372
2026-06-30 19:04:00+00:00,2.640000104904175,2.640000104904175,2.640000104904175,2.640000104904175,14227
2026-06-30 19:05:00+00:00,2.630000114440918,2.6500000953674316,2.630000114440918,2.6500000953674316,102122
2026-06-30 19:06:00+00:00,2.640000104904175,2.6401000022888184,2.630000114440918,2.630000114440918,72384
2026-06-30 19:07:00+00:00,2.639899969100952,2.639899969100952,2.639899969100952,2.639899969100952,4401
2026-06-30 19:08:00+00:00,2.638000011444092,2.6393001079559326,2.638000011444092,2.6393001079559326,600
2026-06-30 19:09:00+00:00,2.634999990463257,2.634999990463257,2.634999990463257,2.634999990463257,2132
2026-06-30 19:11:00+00:00,2.640000104904175,2.640000104904175,2.630000114440918,2.6301000118255615,55074
2026-06-30 19:14:00+00:00,2.634999990463257,2.634999990463257,2.634999990463257,2.634999990463257,1587
2026-06-30 19:15:00+00:00,2.639899969100952,2.639899969100952,2.638200044631958,2.638200044631958,3045
2026-06-30 19:16:00+00:00,2.634999990463257,2.634999990463257,2.634999990463257,2.634999990463257,0
2026-06-30 19:19:00+00:00,2.634999990463257,2.634999990463257,2.634999990463257,2.634999990463257,2076
2026-06-30 19:20:00+00:00,2.634999990463257,2.634999990463257,2.634999990463257,2.634999990463257,4769
2026-06-30 19:21:00+00:00,2.634999990463257,2.634999990463257,2.619999885559082,2.619999885559082,55071
2026-06-30 19:22:00+00:00,2.625,2.6298999786376953,2.625,2.625,33855
2026-06-30 19:23:00+00:00,2.625,2.630000114440918,2.625,2.630000114440918,5152
2026-06-30 19:24:00+00:00,2.630000114440918,2.630000114440918,2.630000114440918,2.630000114440918,62534
2026-06-30 19:25:00+00:00,2.630000114440918,2.630000114440918,2.630000114440918,2.630000114440918,1035
2026-06-30 19:26:00+00:00,2.634999990463257,2.634999990463257,2.634999990463257,2.634999990463257,0
2026-06-30 19:27:00+00:00,2.639699935913086,2.639899969100952,2.634999990463257,2.639899969100952,9723
2026-06-30 19:30:00+00:00,2.634999990463257,2.634999990463257,2.634999990463257,2.634999990463257,2719
2026-06-30 19:31:00+00:00,2.634999990463257,2.634999990463257,2.634999990463257,2.634999990463257,403
2026-06-30 19:32:00+00:00,2.639899969100952,2.639899969100952,2.634999990463257,2.634999990463257,401
2026-06-30 19:34:00+00:00,2.634999990463257,2.634999990463257,2.634999990463257,2.634999990463257,6723
2026-06-30 19:35:00+00:00,2.639899969100952,2.640000104904175,2.634999990463257,2.634999990463257,9149
2026-06-30 19:36:00+00:00,2.630000114440918,2.630000114440918,2.630000114440918,2.630000114440918,510
2026-06-30 19:37:00+00:00,2.640000104904175,2.6500000953674316,2.6398000717163086,2.6500000953674316,151358
2026-06-30 19:38:00+00:00,2.6449999809265137,2.6449999809265137,2.6401000022888184,2.6449999809265137,450
2026-06-30 19:39:00+00:00,2.6449999809265137,2.6449999809265137,2.6449999809265137,2.6449999809265137,15755
2026-06-30 19:40:00+00:00,2.6401000022888184,2.6449999809265137,2.640000104904175,2.6449999809265137,126444
2026-06-30 19:41:00+00:00,2.6401000022888184,2.6401000022888184,2.6401000022888184,2.6401000022888184,756
2026-06-30 19:42:00+00:00,2.640000104904175,2.640000104904175,2.634999990463257,2.640000104904175,130655
2026-06-30 19:43:00+00:00,2.640000104904175,2.640000104904175,2.640000104904175,2.640000104904175,8851
2026-06-30 19:45:00+00:00,2.634999990463257,2.640000104904175,2.634999990463257,2.640000104904175,30737
2026-06-30 19:46:00+00:00,2.634999990463257,2.640000104904175,2.634999990463257,2.634999990463257,39500
2026-06-30 19:47:00+00:00,2.639899969100952,2.640000104904175,2.639899969100952,2.640000104904175,851
2026-06-30 19:48:00+00:00,2.638200044631958,2.640000104904175,2.634999990463257,2.634999990463257,3102
2026-06-30 19:49:00+00:00,2.630000114440918,2.640000104904175,2.630000114440918,2.634999990463257,4100
2026-06-30 19:50:00+00:00,2.634999990463257,2.649899959564209,2.634999990463257,2.6449999809265137,47758
2026-06-30 19:51:00+00:00,2.6449999809265137,2.6500000953674316,2.640000104904175,2.640000104904175,73472
2026-06-30 19:52:00+00:00,2.640000104904175,2.640000104904175,2.630000114440918,2.634999990463257,56975
2026-06-30 19:53:00+00:00,2.634999990463257,2.638200044631958,2.634999990463257,2.634999990463257,0
2026-06-30 19:54:00+00:00,2.634999990463257,2.640000104904175,2.634999990463257,2.639899969100952,90887
2026-06-30 19:55:00+00:00,2.634999990463257,2.640000104904175,2.634999990463257,2.640000104904175,7714
2026-06-30 19:56:00+00:00,2.634999990463257,2.6380999088287354,2.634999990463257,2.6380999088287354,22129
2026-06-30 19:57:00+00:00,2.639899969100952,2.639899969100952,2.639899969100952,2.639899969100952,16159
2026-06-30 19:58:00+00:00,2.630000114440918,2.639899969100952,2.630000114440918,2.639899969100952,14506
2026-06-30 19:59:00+00:00,2.639899969100952,2.6449999809265137,2.6301000118255615,2.6449999809265137,182276
2026-06-30 20:00:00+00:00,2.65,2.65,2.65,2.65,0
2026-06-30 20:01:00+00:00,2.6499,2.6499,2.6497,2.6497,0
2026-06-30 20:02:00+00:00,2.65,2.65,2.65,2.65,0
2026-06-30 20:03:00+00:00,2.65,2.65,2.65,2.65,0
2026-06-30 20:04:00+00:00,2.65,2.65,2.6499,2.65,0
2026-06-30 20:05:00+00:00,2.65,2.65,2.65,2.65,0
2026-06-30 20:07:00+00:00,2.6487,2.6498,2.6487,2.6498,0
2026-06-30 20:10:00+00:00,2.6403,2.65,2.6403,2.65,0
2026-06-30 20:11:00+00:00,2.65,2.65,2.65,2.65,0
2026-06-30 20:12:00+00:00,2.65,2.65,2.65,2.65,0
2026-06-30 20:13:00+00:00,2.66,2.66,2.66,2.66,0
2026-06-30 20:14:00+00:00,2.6597,2.66,2.6597,2.66,0
2026-06-30 20:15:00+00:00,2.6596,2.6596,2.6596,2.6596,0
2026-06-30 20:16:00+00:00,2.66,2.66,2.66,2.66,0
2026-06-30 20:20:00+00:00,2.6598,2.6598,2.6598,2.6598,0
2026-06-30 20:21:00+00:00,2.6503,2.6503,2.6503,2.6503,0
2026-06-30 20:22:00+00:00,2.66,2.66,2.659,2.659,0
2026-06-30 20:27:00+00:00,2.65,2.65,2.65,2.65,0
2026-06-30 20:28:00+00:00,2.65,2.6503,2.65,2.6503,0
2026-06-30 20:32:00+00:00,2.66,2.66,2.66,2.66,0
2026-06-30 20:34:00+00:00,2.66,2.66,2.66,2.66,0
2026-06-30 20:35:00+00:00,2.6594,2.6594,2.6594,2.6594,0
2026-06-30 20:37:00+00:00,2.6599,2.6599,2.6599,2.6599,0
2026-06-30 20:40:00+00:00,2.6513,2.6513,2.6513,2.6513,0
2026-06-30 20:42:00+00:00,2.6597,2.6597,2.6597,2.6597,0
2026-06-30 20:43:00+00:00,2.6599,2.6599,2.6599,2.6599,0
2026-06-30 20:44:00+00:00,2.65,2.65,2.65,2.65,0
2026-06-30 20:45:00+00:00,2.6598,2.6598,2.6598,2.6598,0
2026-06-30 20:49:00+00:00,2.66,2.66,2.66,2.66,0
2026-06-30 20:51:00+00:00,2.65,2.65,2.65,2.65,0
2026-06-30 20:54:00+00:00,2.6599,2.6599,2.6599,2.6599,0
2026-06-30 20:55:00+00:00,2.65,2.65,2.65,2.65,0
2026-06-30 21:17:00+00:00,2.66,2.66,2.66,2.66,0
2026-06-30 21:23:00+00:00,2.65,2.65,2.65,2.65,0
2026-06-30 21:26:00+00:00,2.65,2.65,2.65,2.65,0
2026-06-30 21:32:00+00:00,2.6501,2.66,2.6501,2.66,0
2026-06-30 21:35:00+00:00,2.6503,2.6503,2.6503,2.6503,0
2026-06-30 21:37:00+00:00,2.66,2.66,2.66,2.66,0
2026-06-30 21:44:00+00:00,2.6587,2.6587,2.6587,2.6587,0
2026-06-30 21:46:00+00:00,2.65,2.65,2.65,2.65,0
2026-06-30 22:01:00+00:00,2.66,2.66,2.66,2.66,0
2026-06-30 22:04:00+00:00,2.66,2.66,2.66,2.66,0
2026-06-30 22:09:00+00:00,2.67,2.67,2.67,2.67,0
2026-06-30 22:10:00+00:00,2.6603,2.6603,2.6603,2.6603,0
2026-06-30 22:11:00+00:00,2.67,2.67,2.67,2.67,0
2026-06-30 22:21:00+00:00,2.67,2.67,2.67,2.67,0
2026-06-30 22:24:00+00:00,2.67,2.67,2.67,2.67,0
2026-06-30 22:25:00+00:00,2.67,2.67,2.67,2.67,0
2026-06-30 22:27:00+00:00,2.67,2.67,2.6697,2.6697,0
2026-06-30 22:35:00+00:00,2.6601,2.6601,2.6601,2.6601,0
2026-06-30 22:36:00+00:00,2.67,2.67,2.67,2.67,0
2026-06-30 22:38:00+00:00,2.669,2.669,2.669,2.669,0
2026-06-30 22:44:00+00:00,2.66,2.66,2.66,2.66,0
2026-06-30 22:46:00+00:00,2.66,2.66,2.66,2.66,0
2026-06-30 22:48:00+00:00,2.66,2.6601,2.66,2.6601,0
2026-06-30 22:53:00+00:00,2.66,2.6602,2.66,2.6602,0
2026-06-30 22:55:00+00:00,2.67,2.67,2.67,2.67,0
2026-06-30 22:56:00+00:00,2.67,2.67,2.67,2.67,0
2026-06-30 22:57:00+00:00,2.6687,2.6687,2.6687,2.6687,0
2026-06-30 22:58:00+00:00,2.67,2.67,2.67,2.67,0
2026-06-30 23:00:00+00:00,2.67,2.67,2.67,2.67,0
2026-06-30 23:04:00+00:00,2.67,2.67,2.66,2.66,0
2026-06-30 23:05:00+00:00,2.66,2.66,2.66,2.66,0
2026-06-30 23:08:00+00:00,2.6699,2.6699,2.6699,2.6699,0
2026-06-30 23:11:00+00:00,2.66,2.66,2.66,2.66,0
2026-06-30 23:14:00+00:00,2.67,2.67,2.67,2.67,0
2026-06-30 23:21:00+00:00,2.67,2.67,2.67,2.67,0
2026-06-30 23:32:00+00:00,2.66,2.66,2.66,2.66,0
2026-06-30 23:35:00+00:00,2.66,2.66,2.66,2.66,0
2026-06-30 23:37:00+00:00,2.65,2.66,2.65,2.66,0
2026-06-30 23:56:00+00:00,2.66,2.66,2.66,2.66,0
2026-06-30 23:58:00+00:00,2.6501,2.6501,2.6501,2.6501,0
2026-07-01 08:00:00+00:00,2.65,2.67,2.65,2.67,0
2026-07-01 08:01:00+00:00,2.69,2.69,2.65,2.66,0
2026-07-01 09:03:00+00:00,2.6804,2.6805,2.6804,2.6805,0
2026-07-01 09:11:00+00:00,2.69,2.69,2.69,2.69,0
2026-07-01 09:16:00+00:00,2.69,2.69,2.69,2.69,0
2026-07-01 10:46:00+00:00,2.6796,2.6796,2.6796,2.6796,0
2026-07-01 10:51:00+00:00,2.675,2.675,2.675,2.675,0
2026-07-01 11:00:00+00:00,2.67,2.67,2.67,2.67,0
2026-07-01 11:01:00+00:00,2.6601,2.6601,2.6601,2.6601,0
2026-07-01 11:03:00+00:00,2.6787,2.6787,2.6787,2.6787,0
2026-07-01 11:05:00+00:00,2.67,2.6709,2.67,2.67,0
2026-07-01 11:06:00+00:00,2.67,2.67,2.6697,2.6697,0
2026-07-01 11:11:00+00:00,2.67,2.67,2.67,2.67,0
2026-07-01 11:12:00+00:00,2.67,2.67,2.67,2.67,0
2026-07-01 11:13:00+00:00,2.67,2.6715,2.67,2.6715,0
2026-07-01 11:17:00+00:00,2.6787,2.68,2.6787,2.68,0
2026-07-01 11:18:00+00:00,2.6787,2.6787,2.6787,2.6787,0
2026-07-01 11:29:00+00:00,2.6703,2.6703,2.6703,2.6703,0
2026-07-01 11:30:00+00:00,2.67,2.67,2.67,2.67,0
2026-07-01 11:32:00+00:00,2.6703,2.6703,2.6703,2.6703,0
2026-07-01 11:46:00+00:00,2.6787,2.6787,2.6787,2.6787,0
2026-07-01 11:47:00+00:00,2.68,2.68,2.68,2.68,0
2026-07-01 11:49:00+00:00,2.67,2.67,2.67,2.67,0
2026-07-01 11:55:00+00:00,2.67,2.67,2.67,2.67,0
2026-07-01 11:56:00+00:00,2.68,2.68,2.68,2.68,0
2026-07-01 11:58:00+00:00,2.68,2.68,2.68,2.68,0
2026-07-01 12:07:00+00:00,2.6897,2.6897,2.6897,2.6897,0
2026-07-01 12:11:00+00:00,2.6802,2.6898,2.6802,2.6898,0
2026-07-01 12:12:00+00:00,2.6887,2.6887,2.6887,2.6887,0
2026-07-01 12:14:00+00:00,2.689,2.69,2.689,2.69,0
2026-07-01 12:17:00+00:00,2.6801,2.6801,2.6801,2.6801,0
2026-07-01 12:29:00+00:00,2.69,2.69,2.69,2.69,0
2026-07-01 12:32:00+00:00,2.6887,2.6887,2.6887,2.6887,0
2026-07-01 12:34:00+00:00,2.69,2.6929,2.69,2.6929,0
2026-07-01 12:36:00+00:00,2.69,2.7,2.69,2.7,0
2026-07-01 12:37:00+00:00,2.71,2.71,2.71,2.71,0
2026-07-01 12:38:00+00:00,2.708,2.71,2.708,2.71,0
2026-07-01 12:39:00+00:00,2.7003,2.71,2.7003,2.71,0
2026-07-01 12:40:00+00:00,2.71,2.7199,2.71,2.7199,0
2026-07-01 12:41:00+00:00,2.72,2.72,2.72,2.72,0
2026-07-01 12:42:00+00:00,2.71,2.7101,2.71,2.7101,0
2026-07-01 12:43:00+00:00,2.72,2.73,2.72,2.72,0
2026-07-01 12:44:00+00:00,2.7198,2.72,2.7198,2.72,0
2026-07-01 12:46:00+00:00,2.72,2.7203,2.72,2.7203,0
2026-07-01 12:47:00+00:00,2.73,2.73,2.73,2.73,0
2026-07-01 12:49:00+00:00,2.73,2.74,2.73,2.74,0
2026-07-01 12:50:00+00:00,2.73,2.7313,2.73,2.73,0
2026-07-01 12:51:00+00:00,2.73,2.7399,2.73,2.7399,0
2026-07-01 12:52:00+00:00,2.7399,2.7399,2.7399,2.7399,0
2026-07-01 12:53:00+00:00,2.73,2.731,2.73,2.73,0
2026-07-01 12:54:00+00:00,2.7397,2.74,2.7303,2.7313,0
2026-07-01 12:55:00+00:00,2.7397,2.7397,2.7397,2.7397,0
2026-07-01 12:56:00+00:00,2.74,2.75,2.74,2.74,0
2026-07-01 12:57:00+00:00,2.7302,2.74,2.7302,2.74,0
2026-07-01 12:58:00+00:00,2.74,2.74,2.74,2.74,0
2026-07-01 13:00:00+00:00,2.732,2.732,2.732,2.732,0
2026-07-01 13:01:00+00:00,2.73,2.7303,2.73,2.7303,0
2026-07-01 13:02:00+00:00,2.7302,2.7302,2.7302,2.7302,0
2026-07-01 13:03:00+00:00,2.7201,2.7201,2.7201,2.7201,0
2026-07-01 13:04:00+00:00,2.73,2.73,2.73,2.73,0
2026-07-01 13:05:00+00:00,2.7238,2.7302,2.7238,2.7302,0
2026-07-01 13:08:00+00:00,2.7399,2.7399,2.7338,2.7338,0
2026-07-01 13:10:00+00:00,2.7402,2.741,2.7402,2.741,0
2026-07-01 13:12:00+00:00,2.7403,2.7413,2.7403,2.7413,0
2026-07-01 13:14:00+00:00,2.75,2.75,2.75,2.75,0
2026-07-01 13:17:00+00:00,2.7403,2.7403,2.74,2.74,0
2026-07-01 13:18:00+00:00,2.7313,2.7313,2.73,2.73,0
2026-07-01 13:19:00+00:00,2.7303,2.74,2.7303,2.74,0
2026-07-01 13:20:00+00:00,2.7499,2.7499,2.7413,2.7413,0
2026-07-01 13:21:00+00:00,2.7431,2.7431,2.74,2.74,0
2026-07-01 13:23:00+00:00,2.7429,2.7431,2.7429,2.7431,0
2026-07-01 13:24:00+00:00,2.74,2.74,2.7308,2.74,0
2026-07-01 13:25:00+00:00,2.74,2.74,2.74,2.74,0
2026-07-01 13:26:00+00:00,2.75,2.75,2.75,2.75,0
2026-07-01 13:27:00+00:00,2.753,2.753,2.74,2.75,0
2026-07-01 13:30:00+00:00,2.765000104904175,2.765000104904175,2.734999895095825,2.734999895095825,1769974
2026-07-01 13:31:00+00:00,2.740000009536743,2.740000009536743,2.7300000190734863,2.7300000190734863,64103
2026-07-01 13:32:00+00:00,2.736999988555908,2.75,2.7249999046325684,2.75,151356
2026-07-01 13:33:00+00:00,2.7600998878479004,2.7699999809265137,2.759999990463257,2.7699999809265137,32074
2026-07-01 13:34:00+00:00,2.7699999809265137,2.7699999809265137,2.75,2.76990008354187,49460
2026-07-01 13:35:00+00:00,2.768699884414673,2.7799999713897705,2.765000104904175,2.7750000953674316,49002
2026-07-01 13:36:00+00:00,2.779900074005127,2.7799999713897705,2.7699999809265137,2.7788000106811523,25125
2026-07-01 13:37:00+00:00,2.7750000953674316,2.7750000953674316,2.7697999477386475,2.7750000953674316,73005
2026-07-01 13:38:00+00:00,2.779900074005127,2.7888998985290527,2.779900074005127,2.7888998985290527,213968
2026-07-01 13:39:00+00:00,2.7850000858306885,2.799999952316284,2.7811999320983887,2.783600091934204,97027
2026-07-01 13:40:00+00:00,2.789599895477295,2.789599895477295,2.759999990463257,2.76990008354187,108261
2026-07-01 13:41:00+00:00,2.7799999713897705,2.7799999713897705,2.7699999809265137,2.7699999809265137,96113
2026-07-01 13:42:00+00:00,2.7699999809265137,2.7699999809265137,2.7699999809265137,2.7699999809265137,1119
2026-07-01 13:43:00+00:00,2.7711000442504883,2.779900074005127,2.7711000442504883,2.779900074005127,8000
2026-07-01 13:44:00+00:00,2.779900074005127,2.779900074005127,2.7701001167297363,2.7701001167297363,26307
2026-07-01 13:45:00+00:00,2.7699999809265137,2.7699999809265137,2.759999990463257,2.7600998878479004,20125
2026-07-01 13:46:00+00:00,2.759999990463257,2.759999990463257,2.75,2.75,46389
2026-07-01 13:47:00+00:00,2.7499001026153564,2.7502999305725098,2.7411000728607178,2.7411000728607178,42120
2026-07-01 13:48:00+00:00,2.740000009536743,2.7400999069213867,2.73009991645813,2.7399001121520996,122566
2026-07-01 13:49:00+00:00,2.7399001121520996,2.7400999069213867,2.7397000789642334,2.7400999069213867,48446
2026-07-01 13:50:00+00:00,2.7400999069213867,2.7400999069213867,2.740000009536743,2.740000009536743,24594
2026-07-01 13:51:00+00:00,2.734999895095825,2.734999895095825,2.7249999046325684,2.7249999046325684,27849
2026-07-01 13:52:00+00:00,2.7249999046325684,2.7399001121520996,2.7249999046325684,2.73009991645813,107443
2026-07-01 13:53:00+00:00,2.740000009536743,2.740000009536743,2.73009991645813,2.7399001121520996,3760
2026-07-01 13:54:00+00:00,2.7399001121520996,2.7499001026153564,2.7399001121520996,2.7499001026153564,91850
2026-07-01 13:55:00+00:00,2.75,2.75,2.73009991645813,2.73009991645813,37573
2026-07-01 13:56:00+00:00,2.730299949645996,2.734999895095825,2.730299949645996,2.734999895095825,6766
2026-07-01 13:57:00+00:00,2.731300115585327,2.731300115585327,2.731300115585327,2.731300115585327,320
2026-07-01 13:58:00+00:00,2.7399001121520996,2.75,2.7399001121520996,2.744999885559082,74195
2026-07-01 13:59:00+00:00,2.740000009536743,2.7499001026153564,2.740000009536743,2.7499001026153564,82685
2026-07-01 14:00:00+00:00,2.744999885559082,2.744999885559082,2.7400999069213867,2.744999885559082,15730
2026-07-01 14:01:00+00:00,2.75,2.75,2.7488999366760254,2.7488999366760254,13236
2026-07-01 14:02:00+00:00,2.7500998973846436,2.7599000930786133,2.75,2.7588000297546387,36894
2026-07-01 14:03:00+00:00,2.75,2.7599000930786133,2.75,2.7599000930786133,4008
2026-07-01 14:04:00+00:00,2.7500998973846436,2.7500998973846436,2.744999885559082,2.7499001026153564,107829
2026-07-01 14:05:00+00:00,2.7500998973846436,2.7500998973846436,2.7500998973846436,2.7500998973846436,49858
2026-07-01 14:06:00+00:00,2.75,2.7500998973846436,2.740000009536743,2.75,67769
2026-07-01 14:07:00+00:00,2.759999990463257,2.759999990463257,2.744999885559082,2.744999885559082,128794
2026-07-01 14:08:00+00:00,2.75,2.75,2.75,2.75,18458
2026-07-01 14:09:00+00:00,2.7497000694274902,2.75,2.7497000694274902,2.75,38176
2026-07-01 14:10:00+00:00,2.7400999069213867,2.744999885559082,2.7400999069213867,2.744999885559082,16226
2026-07-01 14:11:00+00:00,2.7400999069213867,2.7400999069213867,2.7300000190734863,2.740000009536743,324210
2026-07-01 14:13:00+00:00,2.7499001026153564,2.7502999305725098,2.7499001026153564,2.7500998973846436,361298
2026-07-01 14:14:00+00:00,2.7500998973846436,2.759999990463257,2.7500998973846436,2.7599000930786133,286820
2026-07-01 14:15:00+00:00,2.759999990463257,2.7699999809265137,2.75,2.7699999809265137,209568
2026-07-01 14:16:00+00:00,2.765000104904175,2.7750000953674316,2.759999990463257,2.759999990463257,128729
2026-07-01 14:17:00+00:00,2.759999990463257,2.765000104904175,2.755000114440918,2.755000114440918,69324
2026-07-01 14:18:00+00:00,2.7500998973846436,2.7500998973846436,2.7500998973846436,2.7500998973846436,657
2026-07-01 14:19:00+00:00,2.755000114440918,2.755000114440918,2.755000114440918,2.755000114440918,5308
2026-07-01 14:20:00+00:00,2.759999990463257,2.7699999809265137,2.759999990463257,2.7699999809265137,34213
2026-07-01 14:21:00+00:00,2.7699999809265137,2.7699999809265137,2.76990008354187,2.7699999809265137,313412
2026-07-01 14:22:00+00:00,2.7636001110076904,2.765000104904175,2.7636001110076904,2.765000104904175,9964
2026-07-01 14:23:00+00:00,2.761199951171875,2.765000104904175,2.761199951171875,2.765000104904175,6511
2026-07-01 14:24:00+00:00,2.7688000202178955,2.7688000202178955,2.761199951171875,2.7614998817443848,9160
2026-07-01 14:25:00+00:00,2.7697999477386475,2.7697999477386475,2.7697999477386475,2.7697999477386475,310
2026-07-01 14:26:00+00:00,2.759999990463257,2.762200117111206,2.75,2.755000114440918,315719
2026-07-01 14:27:00+00:00,2.75,2.751199960708618,2.75,2.75,8875
2026-07-01 14:28:00+00:00,2.759999990463257,2.761199951171875,2.7588999271392822,2.7600998878479004,56384
2026-07-01 14:29:00+00:00,2.759999990463257,2.760200023651123,2.759999990463257,2.759999990463257,86848
2026-07-01 14:30:00+00:00,2.759999990463257,2.759999990463257,2.759999990463257,2.759999990463257,210
2026-07-01 14:31:00+00:00,2.755000114440918,2.7699999809265137,2.755000114440918,2.7699999809265137,184187
2026-07-01 14:32:00+00:00,2.7699999809265137,2.7750000953674316,2.765000104904175,2.7750000953674316,148607
2026-07-01 14:33:00+00:00,2.7701001167297363,2.7750000953674316,2.7701001167297363,2.7750000953674316,24711
2026-07-01 14:34:00+00:00,2.7701001167297363,2.779900074005127,2.7701001167297363,2.779900074005127,7293
2026-07-01 14:35:00+00:00,2.7799999713897705,2.7850000858306885,2.778899908065796,2.780100107192993,106989
2026-07-01 14:36:00+00:00,2.7799999713897705,2.7850000858306885,2.7699999809265137,2.779900074005127,196309
2026-07-01 14:37:00+00:00,2.7701001167297363,2.7750000953674316,2.759999990463257,2.76990008354187,231898
2026-07-01 14:38:00+00:00,2.7699999809265137,2.771199941635132,2.768899917602539,2.771199941635132,54613
2026-07-01 14:39:00+00:00,2.7750000953674316,2.7750000953674316,2.7701001167297363,2.7701001167297363,42801
2026-07-01 14:40:00+00:00,2.7750000953674316,2.7750000953674316,2.7699999809265137,2.7699999809265137,14198
2026-07-01 14:41:00+00:00,2.779900074005127,2.779900074005127,2.779900074005127,2.779900074005127,770
2026-07-01 14:42:00+00:00,2.7799999713897705,2.7897000312805176,2.7750000953674316,2.7897000312805176,178826
2026-07-01 14:43:00+00:00,2.7811999320983887,2.7899999618530273,2.7799999713897705,2.7899999618530273,13164
2026-07-01 14:44:00+00:00,2.7815001010894775,2.789900064468384,2.7815001010894775,2.789900064468384,6406
2026-07-01 14:45:00+00:00,2.7897000312805176,2.799999952316284,2.7897000312805176,2.7950000762939453,49970
2026-07-01 14:46:00+00:00,2.7915000915527344,2.7999000549316406,2.7915000915527344,2.7950000762939453,111742
2026-07-01 14:47:00+00:00,2.7950000762939453,2.799999952316284,2.7899999618530273,2.7999000549316406,29732
2026-07-01 14:48:00+00:00,2.7999000549316406,2.7999000549316406,2.7999000549316406,2.7999000549316406,6559
2026-07-01 14:49:00+00:00,2.7950000762939453,2.7950000762939453,2.7950000762939453,2.7950000762939453,5220
2026-07-01 14:50:00+00:00,2.79010009765625,2.7950000762939453,2.7799999713897705,2.7899999618530273,135130
2026-07-01 14:51:00+00:00,2.780100107192993,2.780100107192993,2.7699999809265137,2.7799999713897705,114287
2026-07-01 14:52:00+00:00,2.7799999713897705,2.7850000858306885,2.778899908065796,2.7799999713897705,349807
2026-07-01 14:53:00+00:00,2.7850000858306885,2.7850000858306885,2.7699999809265137,2.7699999809265137,48109
2026-07-01 14:54:00+00:00,2.7750000953674316,2.7799999713897705,2.7701001167297363,2.7701001167297363,4245
2026-07-01 14:55:00+00:00,2.7699999809265137,2.7699999809265137,2.7699999809265137,2.7699999809265137,1418
2026-07-01 14:56:00+00:00,2.779900074005127,2.7799999713897705,2.7750000953674316,2.7799999713897705,6886
2026-07-01 14:57:00+00:00,2.7799999713897705,2.789900064468384,2.7797999382019043,2.786600112915039,174599
2026-07-01 14:58:00+00:00,2.7850000858306885,2.7950000762939453,2.7850000858306885,2.7950000762939453,56027
2026-07-01 14:59:00+00:00,2.795799970626831,2.7987000942230225,2.7799999713897705,2.7799999713897705,265342
2026-07-01 15:00:00+00:00,2.7899999618530273,2.7899999618530273,2.7799999713897705,2.7799999713897705,39098
2026-07-01 15:01:00+00:00,2.7799999713897705,2.7799999713897705,2.7699999809265137,2.7736001014709473,26304
2026-07-01 15:03:00+00:00,2.7785000801086426,2.7785000801086426,2.759999990463257,2.759999990463257,56981
2026-07-01 15:04:00+00:00,2.759999990463257,2.759999990463257,2.759999990463257,2.759999990463257,644
2026-07-01 15:05:00+00:00,2.765000104904175,2.7688000202178955,2.7600998878479004,2.7688000202178955,1250
2026-07-01 15:06:00+00:00,2.765000104904175,2.7699999809265137,2.765000104904175,2.7699999809265137,64960
2026-07-01 15:07:00+00:00,2.775099992752075,2.7799999713897705,2.775099992752075,2.7799999713897705,5840
2026-07-01 15:08:00+00:00,2.779900074005127,2.7799999713897705,2.7750000953674316,2.7799999713897705,216539
2026-07-01 15:09:00+00:00,2.7850000858306885,2.7850000858306885,2.780100107192993,2.780100107192993,15661
2026-07-01 15:10:00+00:00,2.780100107192993,2.7850000858306885,2.7799999713897705,2.7799999713897705,18049
2026-07-01 15:11:00+00:00,2.7799999713897705,2.7799999713897705,2.7799999713897705,2.7799999713897705,5520
2026-07-01 15:12:00+00:00,2.782399892807007,2.7850000858306885,2.7799999713897705,2.7799999713897705,183110
2026-07-01 15:13:00+00:00,2.7699999809265137,2.7799999713897705,2.7699999809265137,2.7799999713897705,39529
2026-07-01 15:15:00+00:00,2.7701001167297363,2.7701001167297363,2.7699999809265137,2.7699999809265137,30432
2026-07-01 15:16:00+00:00,2.76990008354187,2.77239990234375,2.765000104904175,2.7699999809265137,65481
2026-07-01 15:17:00+00:00,2.7750000953674316,2.7750000953674316,2.7600998878479004,2.7600998878479004,7797
2026-07-01 15:19:00+00:00,2.759999990463257,2.759999990463257,2.755000114440918,2.755000114440918,271186
2026-07-01 15:20:00+00:00,2.7599000930786133,2.7599000930786133,2.7500998973846436,2.7500998973846436,4632
2026-07-01 15:21:00+00:00,2.759999990463257,2.76990008354187,2.759999990463257,2.759999990463257,100516
2026-07-01 15:22:00+00:00,2.7699999809265137,2.7699999809265137,2.765000104904175,2.765000104904175,850
2026-07-01 15:24:00+00:00,2.7699999809265137,2.7699999809265137,2.7699999809265137,2.7699999809265137,31740
2026-07-01 15:25:00+00:00,2.7780001163482666,2.7780001163482666,2.7780001163482666,2.7780001163482666,232
2026-07-01 15:26:00+00:00,2.7699999809265137,2.7701001167297363,2.765000104904175,2.769700050354004,201405
2026-07-01 15:29:00+00:00,2.765000104904175,2.765000104904175,2.765000104904175,2.765000104904175,241
2026-07-01 15:32:00+00:00,2.765000104904175,2.765000104904175,2.765000104904175,2.765000104904175,223
2026-07-01 15:33:00+00:00,2.7600998878479004,2.7600998878479004,2.759999990463257,2.759999990463257,1032
2026-07-01 15:34:00+00:00,2.759999990463257,2.759999990463257,2.759999990463257,2.759999990463257,493
2026-07-01 15:36:00+00:00,2.761199951171875,2.761199951171875,2.761199951171875,2.761199951171875,496
2026-07-01 15:38:00+00:00,2.7602999210357666,2.7602999210357666,2.7602999210357666,2.7602999210357666,524
2026-07-01 15:39:00+00:00,2.765000104904175,2.765000104904175,2.765000104904175,2.765000104904175,344
2026-07-01 15:40:00+00:00,2.768899917602539,2.7699999809265137,2.768899917602539,2.7699999809265137,64327
2026-07-01 15:41:00+00:00,2.76990008354187,2.772900104522705,2.759999990463257,2.765000104904175,156663
2026-07-01 15:42:00+00:00,2.76990008354187,2.76990008354187,2.76990008354187,2.76990008354187,1780
2026-07-01 15:45:00+00:00,2.7699999809265137,2.7699999809265137,2.7699999809265137,2.7699999809265137,29200
2026-07-01 15:46:00+00:00,2.76990008354187,2.7699999809265137,2.7697999477386475,2.7699999809265137,55237
2026-07-01 15:47:00+00:00,2.7750000953674316,2.7750000953674316,2.7750000953674316,2.7750000953674316,4790
2026-07-01 15:49:00+00:00,2.7799999713897705,2.7799999713897705,2.779900074005127,2.779900074005127,11299
2026-07-01 15:50:00+00:00,2.7799999713897705,2.7802999019622803,2.7799999713897705,2.780100107192993,49820
2026-07-01 15:53:00+00:00,2.7850000858306885,2.7850000858306885,2.7850000858306885,2.7850000858306885,97
2026-07-01 15:54:00+00:00,2.7864999771118164,2.7864999771118164,2.7850000858306885,2.7850000858306885,1100
2026-07-01 15:55:00+00:00,2.7850000858306885,2.7899999618530273,2.7850000858306885,2.7899999618530273,54185
2026-07-01 15:56:00+00:00,2.7899999618530273,2.7999000549316406,2.789900064468384,2.7999000549316406,277982
2026-07-01 15:57:00+00:00,2.790299892425537,2.7923998832702637,2.7799999713897705,2.7850000858306885,68417
2026-07-01 15:58:00+00:00,2.780100107192993,2.780100107192993,2.780100107192993,2.780100107192993,2000
2026-07-01 15:59:00+00:00,2.7850000858306885,2.787400007247925,2.7850000858306885,2.787400007247925,3793
2026-07-01 16:02:00+00:00,2.780100107192993,2.780100107192993,2.7799999713897705,2.780100107192993,41934
2026-07-01 16:03:00+00:00,2.7850000858306885,2.7850000858306885,2.7850000858306885,2.7850000858306885,2600
2026-07-01 16:04:00+00:00,2.7799999713897705,2.7799999713897705,2.7799999713897705,2.7799999713897705,8796
2026-07-01 16:05:00+00:00,2.7850000858306885,2.7850000858306885,2.7850000858306885,2.7850000858306885,285
2026-07-01 16:09:00+00:00,2.7850000858306885,2.7899999618530273,2.7799999713897705,2.7899999618530273,3584
2026-07-01 16:10:00+00:00,2.789900064468384,2.789900064468384,2.789900064468384,2.789900064468384,196
2026-07-01 16:17:00+00:00,2.7850000858306885,2.7850000858306885,2.7850000858306885,2.7850000858306885,10897
2026-07-01 16:20:00+00:00,2.7799999713897705,2.7799999713897705,2.7799999713897705,2.7799999713897705,4700
2026-07-01 16:21:00+00:00,2.780100107192993,2.780100107192993,2.780100107192993,2.780100107192993,0
2026-07-01 16:23:00+00:00,2.7799999713897705,2.7799999713897705,2.7699999809265137,2.7715001106262207,71723
2026-07-01 16:25:00+00:00,2.7716000080108643,2.779900074005127,2.7716000080108643,2.779900074005127,5553
2026-07-01 16:26:00+00:00,2.7750000953674316,2.7750000953674316,2.7750000953674316,2.7750000953674316,6053
2026-07-01 16:28:00+00:00,2.7750000953674316,2.7750000953674316,2.7750000953674316,2.7750000953674316,2779
2026-07-01 16:29:00+00:00,2.779900074005127,2.7850000858306885,2.7767999172210693,2.780100107192993,121952
2026-07-01 16:31:00+00:00,2.7799999713897705,2.7850000858306885,2.7799999713897705,2.7850000858306885,24178
2026-07-01 16:32:00+00:00,2.780100107192993,2.7802000045776367,2.7699999809265137,2.7699999809265137,133581
2026-07-01 16:33:00+00:00,2.77620005607605,2.77620005607605,2.77620005607605,2.77620005607605,0
2026-07-01 16:35:00+00:00,2.7750000953674316,2.7750000953674316,2.7750000953674316,2.7750000953674316,0
2026-07-01 16:38:00+00:00,2.7799999713897705,2.7799999713897705,2.7797000408172607,2.7799999713897705,90636
2026-07-01 16:39:00+00:00,2.779900074005127,2.780100107192993,2.779900074005127,2.780100107192993,82019
2026-07-01 16:40:00+00:00,2.780100107192993,2.780100107192993,2.780100107192993,2.780100107192993,0
2026-07-01 16:47:00+00:00,2.780100107192993,2.780100107192993,2.7699999809265137,2.7699999809265137,138648
2026-07-01 16:51:00+00:00,2.779900074005127,2.7799999713897705,2.779900074005127,2.7799999713897705,18000
2026-07-01 16:52:00+00:00,2.7799999713897705,2.7799999713897705,2.777100086212158,2.779900074005127,64696
2026-07-01 16:55:00+00:00,2.780100107192993,2.780100107192993,2.780100107192993,2.780100107192993,9055
2026-07-01 16:57:00+00:00,2.7850000858306885,2.7850000858306885,2.7799999713897705,2.7802000045776367,17601
2026-07-01 16:58:00+00:00,2.7799999713897705,2.7850000858306885,2.7699999809265137,2.7699999809265137,150859
2026-07-01 16:59:00+00:00,2.7699999809265137,2.7799999713897705,2.7699999809265137,2.7699999809265137,161500
2026-07-01 17:00:00+00:00,2.7699999809265137,2.7699999809265137,2.7699999809265137,2.7699999809265137,0
2026-07-01 17:01:00+00:00,2.7750000953674316,2.7750000953674316,2.7750000953674316,2.7750000953674316,104
2026-07-01 17:02:00+00:00,2.779900074005127,2.779900074005127,2.779900074005127,2.779900074005127,3960
2026-07-01 17:03:00+00:00,2.779900074005127,2.7850000858306885,2.7750000953674316,2.7799999713897705,82783
2026-07-01 17:04:00+00:00,2.7846999168395996,2.7846999168395996,2.7799999713897705,2.7799999713897705,73189
2026-07-01 17:05:00+00:00,2.7899999618530273,2.7899999618530273,2.7850000858306885,2.7850000858306885,6865
2026-07-01 17:06:00+00:00,2.789900064468384,2.7899999618530273,2.789900064468384,2.7899999618530273,38592
2026-07-01 17:11:00+00:00,2.7850000858306885,2.7850000858306885,2.7850000858306885,2.7850000858306885,500
2026-07-01 17:12:00+00:00,2.7850000858306885,2.7850000858306885,2.7850000858306885,2.7850000858306885,2786
2026-07-01 17:13:00+00:00,2.7850000858306885,2.7899999618530273,2.7799999713897705,2.7799999713897705,2116
2026-07-01 17:14:00+00:00,2.7850000858306885,2.7850000858306885,2.7799999713897705,2.7799999713897705,15
2026-07-01 17:15:00+00:00,2.780100107192993,2.7850000858306885,2.7799999713897705,2.7850000858306885,59750
2026-07-01 17:16:00+00:00,2.7799999713897705,2.7802000045776367,2.7699999809265137,2.7750000953674316,38439
2026-07-01 17:17:00+00:00,2.7797999382019043,2.7797999382019043,2.7797999382019043,2.7797999382019043,2973
2026-07-01 17:21:00+00:00,2.7701001167297363,2.7701001167297363,2.7701001167297363,2.7701001167297363,1208
2026-07-01 17:22:00+00:00,2.7699999809265137,2.7699999809265137,2.7699999809265137,2.7699999809265137,5700
2026-07-01 17:23:00+00:00,2.7699999809265137,2.7699999809265137,2.7699999809265137,2.7699999809265137,0
2026-07-01 17:24:00+00:00,2.7699999809265137,2.7699999809265137,2.759999990463257,2.765000104904175,29407
2026-07-01 17:25:00+00:00,2.765000104904175,2.7699999809265137,2.765000104904175,2.7699999809265137,291
2026-07-01 17:26:00+00:00,2.76990008354187,2.7701001167297363,2.76990008354187,2.7701001167297363,34041
2026-07-01 17:34:00+00:00,2.7750000953674316,2.7750000953674316,2.7750000953674316,2.7750000953674316,150
2026-07-01 17:35:00+00:00,2.7750000953674316,2.7750000953674316,2.7750000953674316,2.7750000953674316,2080
2026-07-01 17:38:00+00:00,2.776599884033203,2.776599884033203,2.776599884033203,2.776599884033203,700
2026-07-01 17:41:00+00:00,2.7750000953674316,2.7750000953674316,2.7750000953674316,2.7750000953674316,1154
2026-07-01 17:43:00+00:00,2.7750000953674316,2.7750000953674316,2.7750000953674316,2.7750000953674316,0
2026-07-01 17:45:00+00:00,2.7750000953674316,2.7750000953674316,2.7750000953674316,2.7750000953674316,350
2026-07-01 17:47:00+00:00,2.7799999713897705,2.7899999618530273,2.7799999713897705,2.7899999618530273,90790
2026-07-01 17:50:00+00:00,2.7846999168395996,2.7846999168395996,2.7846999168395996,2.7846999168395996,3870
2026-07-01 17:52:00+00:00,2.7899999618530273,2.7899999618530273,2.7899999618530273,2.7899999618530273,127
2026-07-01 17:55:00+00:00,2.789799928665161,2.789900064468384,2.7897000312805176,2.7897000312805176,17950
2026-07-01 17:58:00+00:00,2.781599998474121,2.781599998474121,2.781599998474121,2.781599998474121,200
2026-07-01 17:59:00+00:00,2.7850000858306885,2.789900064468384,2.7850000858306885,2.789900064468384,7105
2026-07-01 18:03:00+00:00,2.7850000858306885,2.7850000858306885,2.7850000858306885,2.7850000858306885,11664
2026-07-01 18:05:00+00:00,2.7850000858306885,2.7850000858306885,2.7850000858306885,2.7850000858306885,7500
2026-07-01 18:06:00+00:00,2.780100107192993,2.780100107192993,2.780100107192993,2.780100107192993,26675
2026-07-01 18:09:00+00:00,2.7799999713897705,2.7799999713897705,2.7799999713897705,2.7799999713897705,679
2026-07-01 18:10:00+00:00,2.7799999713897705,2.7799999713897705,2.7799999713897705,2.7799999713897705,132
2026-07-01 18:14:00+00:00,2.7850000858306885,2.7950000762939453,2.7850000858306885,2.7950000762939453,165529
2026-07-01 18:15:00+00:00,2.7999000549316406,2.7999000549316406,2.7999000549316406,2.7999000549316406,11901
2026-07-01 18:17:00+00:00,2.7915000915527344,2.7915000915527344,2.7915000915527344,2.7915000915527344,125
2026-07-01 18:18:00+00:00,2.7950000762939453,2.7950000762939453,2.7950000762939453,2.7950000762939453,250
2026-07-01 18:20:00+00:00,2.799999952316284,2.799999952316284,2.7950000762939453,2.7950000762939453,1289
2026-07-01 18:21:00+00:00,2.79010009765625,2.79010009765625,2.79010009765625,2.79010009765625,2900
2026-07-01 18:22:00+00:00,2.7950000762939453,2.7950000762939453,2.7950000762939453,2.7950000762939453,2360
2026-07-01 18:23:00+00:00,2.7950000762939453,2.7950000762939453,2.7950000762939453,2.7950000762939453,21812
2026-07-01 18:30:00+00:00,2.799999952316284,2.799999952316284,2.799999952316284,2.799999952316284,250
2026-07-01 18:31:00+00:00,2.7950000762939453,2.7950000762939453,2.7950000762939453,2.7950000762939453,150
2026-07-01 18:35:00+00:00,2.7950000762939453,2.7950000762939453,2.7950000762939453,2.7950000762939453,1627
2026-07-01 18:36:00+00:00,2.791800022125244,2.791800022125244,2.791800022125244,2.791800022125244,604
2026-07-01 18:38:00+00:00,2.799999952316284,2.799999952316284,2.799999952316284,2.799999952316284,750
2026-07-01 18:41:00+00:00,2.7950000762939453,2.8099000453948975,2.7950000762939453,2.805000066757202,20400
2026-07-01 18:43:00+00:00,2.808799982070923,2.808799982070923,2.808799982070923,2.808799982070923,703
2026-07-01 18:44:00+00:00,2.8099000453948975,2.8099000453948975,2.8099000453948975,2.8099000453948975,211
2026-07-01 18:45:00+00:00,2.809999942779541,2.809999942779541,2.8053998947143555,2.809999942779541,64134
2026-07-01 18:47:00+00:00,2.8136000633239746,2.8136000633239746,2.8101000785827637,2.8101000785827637,10105
2026-07-01 18:50:00+00:00,2.815000057220459,2.815000057220459,2.815000057220459,2.815000057220459,2602
2026-07-01 18:51:00+00:00,2.811300039291382,2.8173999786376953,2.811300039291382,2.8173999786376953,1210
2026-07-01 18:52:00+00:00,2.809999942779541,2.815000057220459,2.809999942779541,2.815000057220459,1235
2026-07-01 18:53:00+00:00,2.816999912261963,2.8185999393463135,2.816999912261963,2.8185999393463135,19000
2026-07-01 18:54:00+00:00,2.815000057220459,2.819999933242798,2.815000057220459,2.815000057220459,650
2026-07-01 18:55:00+00:00,2.819999933242798,2.819999933242798,2.811300039291382,2.811300039291382,1772
2026-07-01 18:58:00+00:00,2.809999942779541,2.8150999546051025,2.799999952316284,2.799999952316284,299647
2026-07-01 19:00:00+00:00,2.809999942779541,2.809999942779541,2.8099000453948975,2.8099000453948975,48902
2026-07-01 19:02:00+00:00,2.800100088119507,2.800100088119507,2.799999952316284,2.800100088119507,60243
2026-07-01 19:04:00+00:00,2.799999952316284,2.799999952316284,2.7899999618530273,2.7899999618530273,42755
2026-07-01 19:06:00+00:00,2.79010009765625,2.79010009765625,2.79010009765625,2.79010009765625,16052
2026-07-01 19:07:00+00:00,2.7901999950408936,2.7901999950408936,2.7901999950408936,2.7901999950408936,701
2026-07-01 19:08:00+00:00,2.7950000762939453,2.7950000762939453,2.7850000858306885,2.7850000858306885,125817
2026-07-01 19:09:00+00:00,2.7815001010894775,2.7815001010894775,2.7799999713897705,2.7799999713897705,670
2026-07-01 19:10:00+00:00,2.7850000858306885,2.7850000858306885,2.7850000858306885,2.7850000858306885,800
2026-07-01 19:11:00+00:00,2.7850000858306885,2.7850000858306885,2.7850000858306885,2.7850000858306885,547
2026-07-01 19:12:00+00:00,2.7850000858306885,2.7850000858306885,2.7850000858306885,2.7850000858306885,104
2026-07-01 19:15:00+00:00,2.7850000858306885,2.7850000858306885,2.7850000858306885,2.7850000858306885,209
2026-07-01 19:18:00+00:00,2.789900064468384,2.7950000762939453,2.789900064468384,2.7950000762939453,57930
2026-07-01 19:19:00+00:00,2.791300058364868,2.7950000762939453,2.79010009765625,2.7950000762939453,38679
2026-07-01 19:20:00+00:00,2.7899999618530273,2.7899999618530273,2.7799999713897705,2.7799999713897705,29030
2026-07-01 19:21:00+00:00,2.7899999618530273,2.7899999618530273,2.7899999618530273,2.7899999618530273,0
2026-07-01 19:25:00+00:00,2.7799999713897705,2.7950000762939453,2.7799999713897705,2.7939999103546143,147454
2026-07-01 19:26:00+00:00,2.79010009765625,2.793600082397461,2.79010009765625,2.793600082397461,21705
2026-07-01 19:27:00+00:00,2.79010009765625,2.79010009765625,2.79010009765625,2.79010009765625,11475
2026-07-01 19:28:00+00:00,2.7850000858306885,2.7850000858306885,2.780100107192993,2.780100107192993,41560
2026-07-01 19:30:00+00:00,2.7799999713897705,2.780100107192993,2.7699999809265137,2.7699999809265137,56783
2026-07-01 19:31:00+00:00,2.7799999713897705,2.7799999713897705,2.779900074005127,2.779900074005127,32520
2026-07-01 19:32:00+00:00,2.7850000858306885,2.7850000858306885,2.7850000858306885,2.7850000858306885,2250
2026-07-01 19:35:00+00:00,2.7899999618530273,2.799999952316284,2.7897000312805176,2.799999952316284,145325
2026-07-01 19:36:00+00:00,2.7999000549316406,2.809999942779541,2.7999000549316406,2.800100088119507,49487
2026-07-01 19:39:00+00:00,2.805000066757202,2.805000066757202,2.805000066757202,2.805000066757202,470
2026-07-01 19:40:00+00:00,2.809999942779541,2.809999942779541,2.805000066757202,2.805000066757202,2260
2026-07-01 19:41:00+00:00,2.8099000453948975,2.809999942779541,2.8099000453948975,2.809999942779541,9804
2026-07-01 19:42:00+00:00,2.8101000785827637,2.815000057220459,2.809999942779541,2.8101000785827637,60622
2026-07-01 19:43:00+00:00,2.815000057220459,2.815000057220459,2.809999942779541,2.809999942779541,88306
2026-07-01 19:44:00+00:00,2.809999942779541,2.8111000061035156,2.809999942779541,2.809999942779541,103206
2026-07-01 19:45:00+00:00,2.815000057220459,2.815000057220459,2.815000057220459,2.815000057220459,1900
2026-07-01 19:46:00+00:00,2.81820011138916,2.81820011138916,2.815000057220459,2.815000057220459,0
2026-07-01 19:47:00+00:00,2.819999933242798,2.819999933242798,2.819999933242798,2.819999933242798,150
2026-07-01 19:49:00+00:00,2.8199000358581543,2.8199000358581543,2.815000057220459,2.815000057220459,3108
2026-07-01 19:50:00+00:00,2.809999942779541,2.809999942779541,2.809999942779541,2.809999942779541,11856
2026-07-01 19:51:00+00:00,2.819999933242798,2.819999933242798,2.819999933242798,2.819999933242798,5977
2026-07-01 19:54:00+00:00,2.809999942779541,2.819999933242798,2.809999942779541,2.819999933242798,474772
2026-07-01 19:55:00+00:00,2.8299999237060547,2.8396999835968018,2.8299999237060547,2.8396999835968018,43053
2026-07-01 19:56:00+00:00,2.8350000381469727,2.8350000381469727,2.8350000381469727,2.8350000381469727,10153
2026-07-01 19:57:00+00:00,2.830199956893921,2.8350000381469727,2.8299999237060547,2.8350000381469727,25790
2026-07-01 19:58:00+00:00,2.839900016784668,2.839900016784668,2.839900016784668,2.839900016784668,2900
2026-07-01 19:59:00+00:00,2.8350000381469727,2.8350000381469727,2.8299999237060547,2.8350000381469727,156931
2026-07-01 20:00:00+00:00,2.83,2.84,2.83,2.84,0
2026-07-01 20:01:00+00:00,2.84,2.84,2.84,2.84,0
2026-07-01 20:02:00+00:00,2.83,2.83,2.83,2.83,0
2026-07-01 20:04:00+00:00,2.83,2.84,2.83,2.83,0
2026-07-01 20:10:00+00:00,2.83,2.8313,2.83,2.8313,0
2026-07-01 20:11:00+00:00,2.8397,2.8397,2.8397,2.8397,0
2026-07-01 20:15:00+00:00,2.8399,2.8399,2.8399,2.8399,0
2026-07-01 20:23:00+00:00,2.84,2.84,2.84,2.84,0
2026-07-01 20:30:00+00:00,2.85,2.85,2.85,2.85,0
2026-07-01 20:31:00+00:00,2.8374,2.8374,2.8374,2.8374,0
2026-07-01 20:33:00+00:00,2.8301,2.8301,2.8301,2.8301,0
2026-07-01 20:37:00+00:00,2.83,2.83,2.83,2.83,0
2026-07-01 20:40:00+00:00,2.8397,2.8397,2.8397,2.8397,0
2026-07-01 20:42:00+00:00,2.8326,2.8326,2.8326,2.8326,0
2026-07-01 21:00:00+00:00,2.82,2.8202,2.82,2.8202,0
2026-07-01 21:01:00+00:00,2.82,2.83,2.82,2.83,0
2026-07-01 21:02:00+00:00,2.825,2.825,2.825,2.825,0
2026-07-01 21:04:00+00:00,2.829,2.829,2.829,2.829,0
2026-07-01 21:05:00+00:00,2.82,2.82,2.82,2.82,0
2026-07-01 21:07:00+00:00,2.8203,2.8203,2.82,2.82,0
2026-07-01 21:19:00+00:00,2.81,2.81,2.81,2.81,0
2026-07-01 21:20:00+00:00,2.81,2.81,2.81,2.81,0
2026-07-01 21:21:00+00:00,2.81,2.81,2.81,2.81,0
2026-07-01 21:24:00+00:00,2.81,2.8104,2.81,2.8104,0
2026-07-01 21:33:00+00:00,2.81,2.81,2.81,2.81,0
2026-07-01 21:36:00+00:00,2.81,2.81,2.81,2.81,0
2026-07-01 21:40:00+00:00,2.81,2.81,2.81,2.81,0
2026-07-01 22:02:00+00:00,2.8102,2.8102,2.8102,2.8102,0
2026-07-01 22:03:00+00:00,2.82,2.82,2.8119,2.8119,0
2026-07-01 22:05:00+00:00,2.8197,2.8197,2.8197,2.8197,0
2026-07-01 22:07:00+00:00,2.82,2.82,2.82,2.82,0
2026-07-01 22:18:00+00:00,2.8226,2.8226,2.8226,2.8226,0
2026-07-01 22:24:00+00:00,2.81,2.81,2.81,2.81,0
2026-07-01 22:26:00+00:00,2.8101,2.8101,2.8101,2.8101,0
2026-07-01 22:35:00+00:00,2.801,2.801,2.801,2.801,0
2026-07-01 22:36:00+00:00,2.809,2.809,2.809,2.809,0
2026-07-01 23:05:00+00:00,2.8,2.8,2.8,2.8,0
2026-07-01 23:07:00+00:00,2.8,2.8,2.8,2.8,0
2026-07-01 23:08:00+00:00,2.8,2.8,2.8,2.8,0
2026-07-01 23:16:00+00:00,2.81,2.81,2.805,2.805,0
2026-07-01 23:17:00+00:00,2.81,2.81,2.805,2.8087,0
2026-07-01 23:26:00+00:00,2.8032,2.8032,2.8032,2.8032,0
2026-07-01 23:35:00+00:00,2.81,2.81,2.81,2.81,0
2026-07-01 23:40:00+00:00,2.81,2.81,2.81,2.81,0
2026-07-01 23:53:00+00:00,2.8199,2.8199,2.8199,2.8199,0
2026-07-01 23:56:00+00:00,2.82,2.82,2.82,2.82,0
2026-07-02 08:00:00+00:00,2.83,2.9,2.83,2.88,0
2026-07-02 08:01:00+00:00,2.87,2.87,2.8,2.81,0
2026-07-02 08:05:00+00:00,2.9,2.9,2.9,2.9,0
2026-07-02 08:07:00+00:00,2.9071,2.9071,2.9071,2.9071,0
2026-07-02 08:11:00+00:00,2.9071,2.9071,2.9071,2.9071,0
2026-07-02 08:12:00+00:00,2.9169,2.9169,2.9169,2.9169,0
2026-07-02 08:14:00+00:00,2.91,2.91,2.91,2.91,0
2026-07-02 08:46:00+00:00,2.87,2.87,2.8605,2.8605,0
2026-07-02 09:00:00+00:00,2.86,2.8605,2.86,2.8605,0
2026-07-02 09:12:00+00:00,2.87,2.87,2.87,2.87,0
2026-07-02 09:16:00+00:00,2.8795,2.8795,2.8795,2.8795,0
2026-07-02 09:17:00+00:00,2.8795,2.8795,2.8795,2.8795,0
2026-07-02 09:25:00+00:00,2.88,2.88,2.88,2.88,0
2026-07-02 09:45:00+00:00,2.8794,2.8794,2.8794,2.8794,0
2026-07-02 10:06:00+00:00,2.8804,2.8804,2.8804,2.8804,0
2026-07-02 10:55:00+00:00,2.8805,2.8805,2.8805,2.8805,0
2026-07-02 11:00:00+00:00,2.8802,2.8802,2.8802,2.8802,0
2026-07-02 11:13:00+00:00,2.8601,2.8601,2.8601,2.8601,0
2026-07-02 11:15:00+00:00,2.8605,2.8605,2.8605,2.8605,0
2026-07-02 11:18:00+00:00,2.8705,2.88,2.8705,2.88,0
2026-07-02 11:21:00+00:00,2.877,2.877,2.877,2.877,0
2026-07-02 11:23:00+00:00,2.87,2.87,2.87,2.87,0
2026-07-02 11:29:00+00:00,2.86,2.86,2.86,2.86,0
2026-07-02 11:31:00+00:00,2.8669,2.8669,2.8669,2.8669,0
2026-07-02 11:35:00+00:00,2.8613,2.8613,2.8613,2.8613,0
2026-07-02 11:38:00+00:00,2.86,2.86,2.86,2.86,0
2026-07-02 11:39:00+00:00,2.86,2.86,2.86,2.86,0
2026-07-02 11:44:00+00:00,2.85,2.85,2.85,2.85,0
2026-07-02 11:45:00+00:00,2.8497,2.8497,2.8497,2.8497,0
2026-07-02 11:48:00+00:00,2.8405,2.8405,2.8405,2.8405,0
2026-07-02 12:06:00+00:00,2.84,2.84,2.83,2.83,0
2026-07-02 12:07:00+00:00,2.823,2.823,2.823,2.823,0
2026-07-02 12:11:00+00:00,2.8199,2.8199,2.81,2.81,0
2026-07-02 12:15:00+00:00,2.8005,2.8005,2.8005,2.8005,0
2026-07-02 12:17:00+00:00,2.8,2.8,2.8,2.8,0
2026-07-02 12:19:00+00:00,2.81,2.81,2.8009,2.8009,0
2026-07-02 12:21:00+00:00,2.8095,2.8095,2.8095,2.8095,0
2026-07-02 12:25:00+00:00,2.8,2.8,2.8,2.8,0
2026-07-02 12:27:00+00:00,2.79,2.79,2.79,2.79,0
2026-07-02 12:28:00+00:00,2.8,2.8,2.8,2.8,0
2026-07-02 12:30:00+00:00,2.79,2.79,2.78,2.78,0
2026-07-02 12:31:00+00:00,2.771,2.78,2.771,2.78,0
2026-07-02 12:32:00+00:00,2.7801,2.7801,2.7801,2.7801,0
2026-07-02 12:33:00+00:00,2.783,2.783,2.783,2.783,0
2026-07-02 12:34:00+00:00,2.79,2.79,2.79,2.79,0
2026-07-02 12:37:00+00:00,2.7695,2.77,2.7695,2.77,0
2026-07-02 12:38:00+00:00,2.7701,2.7701,2.7701,2.7701,0
2026-07-02 12:40:00+00:00,2.79,2.79,2.79,2.79,0
2026-07-02 12:42:00+00:00,2.7862,2.7862,2.7862,2.7862,0
2026-07-02 12:45:00+00:00,2.787,2.787,2.787,2.787,0
2026-07-02 12:46:00+00:00,2.7897,2.7897,2.7897,2.7897,0
2026-07-02 12:54:00+00:00,2.8,2.8,2.8,2.8,0
2026-07-02 12:56:00+00:00,2.8097,2.8097,2.8097,2.8097,0
2026-07-02 12:58:00+00:00,2.81,2.81,2.8097,2.8097,0
2026-07-02 12:59:00+00:00,2.81,2.81,2.81,2.81,0
2026-07-02 13:00:00+00:00,2.8,2.8,2.7999,2.7999,0
2026-07-02 13:03:00+00:00,2.81,2.81,2.81,2.81,0
2026-07-02 13:05:00+00:00,2.8,2.8,2.8,2.8,0
2026-07-02 13:06:00+00:00,2.8097,2.8097,2.8097,2.8097,0
2026-07-02 13:09:00+00:00,2.8,2.8,2.8,2.8,0
2026-07-02 13:12:00+00:00,2.8,2.8,2.8,2.8,0
2026-07-02 13:18:00+00:00,2.7901,2.7901,2.7901,2.7901,0
2026-07-02 13:24:00+00:00,2.79,2.79,2.79,2.79,0
2026-07-02 13:27:00+00:00,2.81,2.81,2.81,2.81,0
2026-07-02 13:28:00+00:00,2.83,2.84,2.83,2.84,0
2026-07-02 13:29:00+00:00,2.84,2.84,2.84,2.84,0
2026-07-02 13:30:00+00:00,2.8399999141693115,2.869999885559082,2.8399999141693115,2.8399999141693115,523775
2026-07-02 13:31:00+00:00,2.8399999141693115,2.875,2.8399999141693115,2.875,50160
2026-07-02 13:32:00+00:00,2.875,2.884999990463257,2.859999895095825,2.880000114440918,124589
2026-07-02 13:33:00+00:00,2.884999990463257,2.884999990463257,2.869999885559082,2.878700017929077,22203
2026-07-02 13:34:00+00:00,2.871299982070923,2.871299982070923,2.8587000370025635,2.860100030899048,38542
2026-07-02 13:35:00+00:00,2.865000009536743,2.865000009536743,2.8499999046325684,2.850100040435791,49974
2026-07-02 13:36:00+00:00,2.859999895095825,2.875,2.859999895095825,2.875,69016
2026-07-02 13:37:00+00:00,2.878700017929077,2.884999990463257,2.878700017929077,2.88100004196167,24656
2026-07-02 13:38:00+00:00,2.890000104904175,2.909899950027466,2.889899969100952,2.9049999713897705,39133
2026-07-02 13:39:00+00:00,2.9000000953674316,2.900099992752075,2.8949999809265137,2.8949999809265137,96706
2026-07-02 13:40:00+00:00,2.8901000022888184,2.8901000022888184,2.880000114440918,2.889899969100952,332046
2026-07-02 13:41:00+00:00,2.890000104904175,2.890000104904175,2.869999885559082,2.869999885559082,121189
2026-07-02 13:42:00+00:00,2.8798999786376953,2.8801000118255615,2.879699945449829,2.8801000118255615,160961
2026-07-02 13:43:00+00:00,2.880000114440918,2.880000114440918,2.8610999584198,2.8610999584198,106945
2026-07-02 13:44:00+00:00,2.869999885559082,2.8798999786376953,2.8698999881744385,2.869999885559082,82621
2026-07-02 13:45:00+00:00,2.8698999881744385,2.8698999881744385,2.860100030899048,2.8698999881744385,165110
2026-07-02 13:46:00+00:00,2.8698999881744385,2.875,2.8698999881744385,2.8698999881744385,104352
2026-07-02 13:47:00+00:00,2.8698999881744385,2.869999885559082,2.8698999881744385,2.869999885559082,4152
2026-07-02 13:49:00+00:00,2.859999895095825,2.860100030899048,2.8499999046325684,2.850100040435791,67395
2026-07-02 13:50:00+00:00,2.8598999977111816,2.8601999282836914,2.8450000286102295,2.859999895095825,195722
2026-07-02 13:51:00+00:00,2.8499999046325684,2.8499999046325684,2.840100049972534,2.840100049972534,40306
2026-07-02 13:52:00+00:00,2.839900016784668,2.839900016784668,2.831199884414673,2.8326001167297363,40101
2026-07-02 13:53:00+00:00,2.8301000595092773,2.8399999141693115,2.8299999237060547,2.8299999237060547,73315
2026-07-02 13:54:00+00:00,2.8387999534606934,2.8387999534606934,2.8387999534606934,2.8387999534606934,0
2026-07-02 13:56:00+00:00,2.8299999237060547,2.8350000381469727,2.829900026321411,2.8350000381469727,170860
2026-07-02 13:57:00+00:00,2.8301000595092773,2.8350000381469727,2.8299999237060547,2.8299999237060547,11894
2026-07-02 13:58:00+00:00,2.819999933242798,2.8201000690460205,2.819999933242798,2.819999933242798,29835
2026-07-02 13:59:00+00:00,2.815000057220459,2.815000057220459,2.815000057220459,2.815000057220459,76347
2026-07-02 14:00:00+00:00,2.8101000785827637,2.8199000358581543,2.8099000453948975,2.8199000358581543,227788
2026-07-02 14:01:00+00:00,2.8199000358581543,2.8199000358581543,2.805000066757202,2.805000066757202,0
2026-07-02 14:02:00+00:00,2.805000066757202,2.805000066757202,2.805000066757202,2.805000066757202,14473
2026-07-02 14:03:00+00:00,2.799999952316284,2.799999952316284,2.799999952316284,2.799999952316284,700
2026-07-02 14:04:00+00:00,2.799999952316284,2.8099000453948975,2.799999952316284,2.8099000453948975,114267
2026-07-02 14:05:00+00:00,2.8101000785827637,2.8199000358581543,2.8101000785827637,2.8199000358581543,39732
2026-07-02 14:06:00+00:00,2.825000047683716,2.825000047683716,2.825000047683716,2.825000047683716,0
2026-07-02 14:07:00+00:00,2.825000047683716,2.825000047683716,2.809999942779541,2.819999933242798,114805
2026-07-02 14:08:00+00:00,2.819999933242798,2.8299999237060547,2.819999933242798,2.829900026321411,98900
2026-07-02 14:09:00+00:00,2.829900026321411,2.8399999141693115,2.829900026321411,2.839900016784668,147434
2026-07-02 14:10:00+00:00,2.8301000595092773,2.8396999835968018,2.8201000690460205,2.8396999835968018,98539
2026-07-02 14:11:00+00:00,2.8399999141693115,2.8399999141693115,2.8399999141693115,2.8399999141693115,0
2026-07-02 14:12:00+00:00,2.8350000381469727,2.8350000381469727,2.8350000381469727,2.8350000381469727,200
2026-07-02 14:13:00+00:00,2.8301000595092773,2.8301000595092773,2.819999933242798,2.8299999237060547,222387
2026-07-02 14:14:00+00:00,2.8299999237060547,2.8299999237060547,2.828700065612793,2.828700065612793,84112
2026-07-02 14:15:00+00:00,2.821199893951416,2.8301000595092773,2.821199893951416,2.8301000595092773,21791
2026-07-02 14:16:00+00:00,2.830199956893921,2.830199956893921,2.819999933242798,2.8299999237060547,158836
2026-07-02 14:17:00+00:00,2.8399999141693115,2.840100049972534,2.839900016784668,2.840100049972534,159096
2026-07-02 14:18:00+00:00,2.8498001098632812,2.8498001098632812,2.8399999141693115,2.8399999141693115,36363
2026-07-02 14:19:00+00:00,2.840100049972534,2.840100049972534,2.8399999141693115,2.8399999141693115,15700
2026-07-02 14:20:00+00:00,2.8399999141693115,2.8399999141693115,2.8397998809814453,2.8399999141693115,72355
2026-07-02 14:21:00+00:00,2.849900007247925,2.8550000190734863,2.849900007247925,2.850100040435791,58751
2026-07-02 14:22:00+00:00,2.8499999046325684,2.8598999977111816,2.8499999046325684,2.8550000190734863,81966
2026-07-02 14:23:00+00:00,2.850100040435791,2.850100040435791,2.8399999141693115,2.8399999141693115,14980
2026-07-02 14:24:00+00:00,2.850100040435791,2.8598999977111816,2.8499999046325684,2.8598999977111816,49282
2026-07-02 14:25:00+00:00,2.8564000129699707,2.8698999881744385,2.8564000129699707,2.865000009536743,52732
2026-07-02 14:26:00+00:00,2.8698999881744385,2.875,2.8698999881744385,2.869999885559082,311374
2026-07-02 14:27:00+00:00,2.875,2.889899969100952,2.875,2.889899969100952,153766
2026-07-02 14:28:00+00:00,2.899899959564209,2.9000000953674316,2.8901000022888184,2.9000000953674316,4227
2026-07-02 14:29:00+00:00,2.9000000953674316,2.9000000953674316,2.890000104904175,2.8901000022888184,61218
2026-07-02 14:30:00+00:00,2.9000000953674316,2.9000000953674316,2.8901000022888184,2.899899959564209,107675
2026-07-02 14:31:00+00:00,2.8949999809265137,2.8949999809265137,2.8914999961853027,2.8914999961853027,0
2026-07-02 14:32:00+00:00,2.899899959564209,2.9100000858306885,2.8987998962402344,2.9100000858306885,116105
2026-07-02 14:33:00+00:00,2.910099983215332,2.910099983215332,2.900099992752075,2.9100000858306885,191727
2026-07-02 14:34:00+00:00,2.9149999618530273,2.9200000762939453,2.9149999618530273,2.9200000762939453,74831
2026-07-02 14:35:00+00:00,2.9200000762939453,2.925100088119507,2.9200000762939453,2.9200000762939453,103453
2026-07-02 14:36:00+00:00,2.9200000762939453,2.9200000762939453,2.9100000858306885,2.9100000858306885,58491
2026-07-02 14:37:00+00:00,2.9049999713897705,2.909899950027466,2.890000104904175,2.8949999809265137,122480
2026-07-02 14:38:00+00:00,2.900099992752075,2.900099992752075,2.900099992752075,2.900099992752075,0
2026-07-02 14:39:00+00:00,2.908799886703491,2.9198999404907227,2.908799886703491,2.9198999404907227,61330
2026-07-02 14:40:00+00:00,2.9198999404907227,2.9200000762939453,2.9198999404907227,2.9200000762939453,33000
2026-07-02 14:41:00+00:00,2.9186999797821045,2.940000057220459,2.9186999797821045,2.940000057220459,81487
2026-07-02 14:42:00+00:00,2.940000057220459,2.950000047683716,2.9398999214172363,2.944999933242798,137212
2026-07-02 14:43:00+00:00,2.950000047683716,2.95989990234375,2.950000047683716,2.95989990234375,3295
2026-07-02 14:44:00+00:00,2.950000047683716,2.9504001140594482,2.950000047683716,2.9500999450683594,119065
2026-07-02 14:45:00+00:00,2.950000047683716,2.95989990234375,2.940000057220459,2.95989990234375,164419
2026-07-02 14:46:00+00:00,2.949899911880493,2.950000047683716,2.941200017929077,2.941200017929077,135447
2026-07-02 14:47:00+00:00,2.9400999546051025,2.9500999450683594,2.930000066757202,2.9500999450683594,181822
2026-07-02 14:48:00+00:00,2.958699941635132,2.958899974822998,2.958699941635132,2.958899974822998,12350
2026-07-02 14:49:00+00:00,2.9500999450683594,2.9500999450683594,2.9400999546051025,2.9400999546051025,153210
2026-07-02 14:50:00+00:00,2.950000047683716,2.950000047683716,2.944999933242798,2.944999933242798,6150
2026-07-02 14:51:00+00:00,2.9498000144958496,2.950000047683716,2.930000066757202,2.944999933242798,648642
2026-07-02 14:52:00+00:00,2.9400999546051025,2.951200008392334,2.9400999546051025,2.9500999450683594,58427
2026-07-02 14:53:00+00:00,2.95989990234375,2.968600034713745,2.95989990234375,2.9600000381469727,103787
2026-07-02 14:54:00+00:00,2.9600000381469727,2.9612998962402344,2.950000047683716,2.9500999450683594,66161
2026-07-02 14:55:00+00:00,2.950000047683716,2.9549999237060547,2.940000057220459,2.941699981689453,500176
2026-07-02 14:56:00+00:00,2.941499948501587,2.944999933242798,2.9400999546051025,2.9400999546051025,6765
2026-07-02 14:57:00+00:00,2.940000057220459,2.949899911880493,2.940000057220459,2.949899911880493,26364
2026-07-02 14:58:00+00:00,2.950000047683716,2.9583001136779785,2.940000057220459,2.940000057220459,493277
2026-07-02 14:59:00+00:00,2.9400999546051025,2.9400999546051025,2.9398999214172363,2.9398999214172363,50782
2026-07-02 15:00:00+00:00,2.940000057220459,2.9400999546051025,2.930000066757202,2.9375998973846436,101690
2026-07-02 15:01:00+00:00,2.934999942779541,2.934999942779541,2.934999942779541,2.934999942779541,3145
2026-07-02 15:02:00+00:00,2.940000057220459,2.944999933242798,2.932300090789795,2.940200090408325,243901
2026-07-02 15:03:00+00:00,2.944999933242798,2.944999933242798,2.944999933242798,2.944999933242798,29960
2026-07-02 15:04:00+00:00,2.944999933242798,2.958699941635132,2.944999933242798,2.958699941635132,84171
2026-07-02 15:05:00+00:00,2.9549999237060547,2.9549999237060547,2.950000047683716,2.9549999237060547,17453
2026-07-02 15:06:00+00:00,2.9535999298095703,2.95989990234375,2.9535999298095703,2.95989990234375,0
2026-07-02 15:07:00+00:00,2.95740008354187,2.95740008354187,2.9549999237060547,2.9549999237060547,1256
2026-07-02 15:08:00+00:00,2.950000047683716,2.950000047683716,2.9484000205993652,2.9484000205993652,32083
2026-07-02 15:10:00+00:00,2.940000057220459,2.944999933242798,2.940000057220459,2.944999933242798,7000
2026-07-02 15:11:00+00:00,2.9426000118255615,2.944999933242798,2.940000057220459,2.940000057220459,14731
2026-07-02 15:12:00+00:00,2.950000047683716,2.950000047683716,2.950000047683716,2.950000047683716,0
2026-07-02 15:14:00+00:00,2.944999933242798,2.9498000144958496,2.944999933242798,2.9498000144958496,7400
2026-07-02 15:15:00+00:00,2.950000047683716,2.950000047683716,2.9498000144958496,2.950000047683716,72517
2026-07-02 15:16:00+00:00,2.9549999237060547,2.9549999237060547,2.9500999450683594,2.9500999450683594,300
2026-07-02 15:17:00+00:00,2.9600000381469727,2.9600000381469727,2.9600000381469727,2.9600000381469727,189
2026-07-02 15:18:00+00:00,2.959700107574463,2.9700000286102295,2.957900047302246,2.9649999141693115,82248
2026-07-02 15:20:00+00:00,2.9649999141693115,2.969899892807007,2.9600000381469727,2.961199998855591,121633
2026-07-02 15:21:00+00:00,2.960099935531616,2.960099935531616,2.9549999237060547,2.9549999237060547,55030
2026-07-02 15:23:00+00:00,2.9549999237060547,2.9549999237060547,2.9549999237060547,2.9549999237060547,4045
2026-07-02 15:24:00+00:00,2.9549999237060547,2.9549999237060547,2.950000047683716,2.950000047683716,2900
2026-07-02 15:25:00+00:00,2.944999933242798,2.9500999450683594,2.944999933242798,2.9500999450683594,21946
2026-07-02 15:26:00+00:00,2.950000047683716,2.950000047683716,2.940000057220459,2.9400999546051025,186790
2026-07-02 15:27:00+00:00,2.940000057220459,2.9400999546051025,2.930000066757202,2.930000066757202,62537
2026-07-02 15:28:00+00:00,2.938699960708618,2.944999933242798,2.938699960708618,2.9400999546051025,214971
2026-07-02 15:29:00+00:00,2.944999933242798,2.950000047683716,2.941200017929077,2.950000047683716,58124
2026-07-02 15:30:00+00:00,2.940000057220459,2.940000057220459,2.934999942779541,2.940000057220459,65711
2026-07-02 15:31:00+00:00,2.944999933242798,2.944999933242798,2.9400999546051025,2.9400999546051025,26715
2026-07-02 15:32:00+00:00,2.944999933242798,2.944999933242798,2.940000057220459,2.940000057220459,36375
2026-07-02 15:34:00+00:00,2.930000066757202,2.930000066757202,2.9200000762939453,2.924999952316284,58903
2026-07-02 15:35:00+00:00,2.928299903869629,2.928299903869629,2.9100000858306885,2.9100000858306885,43105
2026-07-02 15:36:00+00:00,2.9124999046325684,2.9124999046325684,2.9124999046325684,2.9124999046325684,4020
2026-07-02 15:37:00+00:00,2.9100000858306885,2.9149999618530273,2.9000000953674316,2.910099983215332,137478
2026-07-02 15:38:00+00:00,2.910099983215332,2.9149999618530273,2.910099983215332,2.9149999618530273,0
2026-07-02 15:39:00+00:00,2.9186999797821045,2.9200000762939453,2.918600082397461,2.9200000762939453,1150
2026-07-02 15:40:00+00:00,2.9100000858306885,2.9149999618530273,2.9100000858306885,2.9149999618530273,8812
2026-07-02 15:41:00+00:00,2.9149999618530273,2.9149999618530273,2.9149999618530273,2.9149999618530273,110
2026-07-02 15:42:00+00:00,2.9198999404907227,2.9198999404907227,2.9198999404907227,2.9198999404907227,20108
2026-07-02 15:43:00+00:00,2.9198999404907227,2.9200000762939453,2.9198999404907227,2.9200000762939453,48608
2026-07-02 15:44:00+00:00,2.930000066757202,2.930000066757202,2.924999952316284,2.924999952316284,29508
2026-07-02 15:45:00+00:00,2.9298999309539795,2.9298999309539795,2.9298999309539795,2.9298999309539795,32955
2026-07-02 15:46:00+00:00,2.924999952316284,2.924999952316284,2.9200000762939453,2.920099973678589,58014
2026-07-02 15:47:00+00:00,2.9260001182556152,2.9260001182556152,2.9260001182556152,2.9260001182556152,2000
2026-07-02 15:49:00+00:00,2.9333999156951904,2.934999942779541,2.9333999156951904,2.934999942779541,0
2026-07-02 15:50:00+00:00,2.930000066757202,2.930000066757202,2.930000066757202,2.930000066757202,59869
2026-07-02 15:51:00+00:00,2.9300999641418457,2.9300999641418457,2.9200000762939453,2.9200000762939453,9041
2026-07-02 15:52:00+00:00,2.9298999309539795,2.9398999214172363,2.9298999309539795,2.9398999214172363,36500
2026-07-02 15:53:00+00:00,2.940000057220459,2.944999933242798,2.930000066757202,2.930000066757202,276195
2026-07-02 15:54:00+00:00,2.934999942779541,2.940000057220459,2.934999942779541,2.9398999214172363,109000
2026-07-02 15:55:00+00:00,2.930000066757202,2.940000057220459,2.930000066757202,2.940000057220459,119488
2026-07-02 15:56:00+00:00,2.9398999214172363,2.944999933242798,2.938699960708618,2.9400999546051025,159511
2026-07-02 15:59:00+00:00,2.940200090408325,2.940200090408325,2.940000057220459,2.940000057220459,147800
2026-07-02 16:00:00+00:00,2.950000047683716,2.950000047683716,2.950000047683716,2.950000047683716,13994
2026-07-02 16:02:00+00:00,2.9549999237060547,2.9600000381469727,2.9549999237060547,2.95989990234375,106339
2026-07-02 16:03:00+00:00,2.9700000286102295,2.9700000286102295,2.950000047683716,2.9549999237060547,190071
2026-07-02 16:07:00+00:00,2.9509999752044678,2.9509999752044678,2.9509999752044678,2.9509999752044678,2007
2026-07-02 16:09:00+00:00,2.9549999237060547,2.9549999237060547,2.9549999237060547,2.9549999237060547,510
2026-07-02 16:10:00+00:00,2.9549999237060547,2.9549999237060547,2.9549999237060547,2.9549999237060547,450
2026-07-02 16:11:00+00:00,2.9500999450683594,2.950200080871582,2.944999933242798,2.944999933242798,53345
2026-07-02 16:12:00+00:00,2.950000047683716,2.950000047683716,2.940000057220459,2.940000057220459,31923
2026-07-02 16:13:00+00:00,2.9300999641418457,2.9300999641418457,2.9300999641418457,2.9300999641418457,60947
2026-07-02 16:14:00+00:00,2.934999942779541,2.934999942779541,2.934999942779541,2.934999942779541,400
2026-07-02 16:15:00+00:00,2.940000057220459,2.949899911880493,2.9398999214172363,2.9400999546051025,293129
2026-07-02 16:16:00+00:00,2.9400999546051025,2.9400999546051025,2.930000066757202,2.930000066757202,203496
2026-07-02 16:17:00+00:00,2.9398999214172363,2.9398999214172363,2.9398999214172363,2.9398999214172363,103774
2026-07-02 16:18:00+00:00,2.950000047683716,2.950000047683716,2.950000047683716,2.950000047683716,915
2026-07-02 16:19:00+00:00,2.941699981689453,2.944999933242798,2.941699981689453,2.944999933242798,24163
2026-07-02 16:20:00+00:00,2.948699951171875,2.9600000381469727,2.948699951171875,2.9600000381469727,27649
2026-07-02 16:21:00+00:00,2.9549999237060547,2.9549999237060547,2.9500999450683594,2.9500999450683594,3205
2026-07-02 16:22:00+00:00,2.9549999237060547,2.9600000381469727,2.9549999237060547,2.9600000381469727,50700
2026-07-02 16:23:00+00:00,2.95989990234375,2.9649999141693115,2.95989990234375,2.960099935531616,133898
2026-07-02 16:25:00+00:00,2.960099935531616,2.965100049972534,2.9600000381469727,2.9600000381469727,122822
2026-07-02 16:26:00+00:00,2.9549999237060547,2.9600000381469727,2.9549999237060547,2.9600000381469727,88682
2026-07-02 16:27:00+00:00,2.9612998962402344,2.9612998962402344,2.9612998962402344,2.9612998962402344,5005
2026-07-02 16:28:00+00:00,2.9688000679016113,2.9688000679016113,2.9688000679016113,2.9688000679016113,125
2026-07-02 16:30:00+00:00,2.9688000679016113,2.9688000679016113,2.9679999351501465,2.9679999351501465,2574
2026-07-02 16:32:00+00:00,2.969899892807007,2.9700000286102295,2.963200092315674,2.9700000286102295,13414
2026-07-02 16:34:00+00:00,2.969899892807007,2.9749999046325684,2.9672000408172607,2.970099925994873,75937
2026-07-02 16:35:00+00:00,2.972899913787842,2.9800000190734863,2.9700000286102295,2.9800000190734863,3220
2026-07-02 16:36:00+00:00,2.9702000617980957,2.9702000617980957,2.9700000286102295,2.9700000286102295,19555
2026-07-02 16:37:00+00:00,2.9749999046325684,2.9800000190734863,2.9749999046325684,2.9798998832702637,80501
2026-07-02 16:38:00+00:00,2.983299970626831,2.983299970626831,2.983299970626831,2.983299970626831,2326
2026-07-02 16:39:00+00:00,2.984999895095825,2.984999895095825,2.9702000617980957,2.9749999046325684,67364
2026-07-02 16:40:00+00:00,2.9711999893188477,2.9749999046325684,2.9600000381469727,2.9600000381469727,77064
2026-07-02 16:41:00+00:00,2.9700000286102295,2.9700000286102295,2.9649999141693115,2.9649999141693115,505
2026-07-02 16:43:00+00:00,2.9649999141693115,2.9700000286102295,2.960099935531616,2.960099935531616,79365
2026-07-02 16:47:00+00:00,2.9602999687194824,2.9602999687194824,2.9602999687194824,2.9602999687194824,316
2026-07-02 16:50:00+00:00,2.9700000286102295,2.9700000286102295,2.9649999141693115,2.9700000286102295,80830
2026-07-02 16:51:00+00:00,2.9800000190734863,2.9800000190734863,2.960099935531616,2.960099935531616,164195
2026-07-02 16:52:00+00:00,2.9637999534606934,2.9637999534606934,2.9637999534606934,2.9637999534606934,605
2026-07-02 16:53:00+00:00,2.969899892807007,2.9749999046325684,2.969899892807007,2.9749999046325684,33515
2026-07-02 16:54:00+00:00,2.9749999046325684,2.9749999046325684,2.9749999046325684,2.9749999046325684,1080
2026-07-02 16:55:00+00:00,2.9800000190734863,2.9897000789642334,2.9798998832702637,2.9897000789642334,193228
2026-07-02 16:56:00+00:00,2.9800000190734863,2.9899001121520996,2.9800000190734863,2.98009991645813,3620
2026-07-02 16:57:00+00:00,2.98799991607666,2.98799991607666,2.984999895095825,2.984999895095825,4650
2026-07-02 16:58:00+00:00,2.98009991645813,2.98009991645813,2.98009991645813,2.98009991645813,1618
2026-07-02 16:59:00+00:00,2.98009991645813,2.990000009536743,2.98009991645813,2.990000009536743,3692
2026-07-02 17:00:00+00:00,2.984999895095825,2.984999895095825,2.984999895095825,2.984999895095825,5400
2026-07-02 17:01:00+00:00,2.9830000400543213,2.9900999069213867,2.9830000400543213,2.9900999069213867,40224
2026-07-02 17:02:00+00:00,2.994999885559082,2.994999885559082,2.990000009536743,2.990000009536743,264496
2026-07-02 17:03:00+00:00,2.984999895095825,2.9899001121520996,2.984999895095825,2.9899001121520996,3400
2026-07-02 17:04:00+00:00,2.9816999435424805,2.9816999435424805,2.9816999435424805,2.9816999435424805,4474
2026-07-02 17:05:00+00:00,2.984999895095825,2.984999895095825,2.98009991645813,2.98009991645813,30400
2026-07-02 17:06:00+00:00,2.9800000190734863,2.98009991645813,2.9700000286102295,2.9700000286102295,176250
2026-07-02 17:07:00+00:00,2.9700000286102295,2.970099925994873,2.9700000286102295,2.970099925994873,50736
2026-07-02 17:08:00+00:00,2.9749999046325684,2.9798998832702637,2.9749999046325684,2.9798998832702637,40200
2026-07-02 17:09:00+00:00,2.9798998832702637,2.98009991645813,2.9798998832702637,2.98009991645813,43977
2026-07-02 17:10:00+00:00,2.9802000522613525,2.984999895095825,2.98009991645813,2.984999895095825,23007
2026-07-02 17:11:00+00:00,2.984999895095825,2.984999895095825,2.984999895095825,2.984999895095825,12800
2026-07-02 17:12:00+00:00,2.9820001125335693,2.9856998920440674,2.9820001125335693,2.984999895095825,0
2026-07-02 17:14:00+00:00,2.98009991645813,2.98009991645813,2.9800000190734863,2.98009991645813,41000
2026-07-02 17:15:00+00:00,2.984999895095825,2.984999895095825,2.984999895095825,2.984999895095825,0
2026-07-02 17:19:00+00:00,2.9800000190734863,2.984999895095825,2.9786999225616455,2.984999895095825,129525
2026-07-02 17:20:00+00:00,2.983099937438965,2.983099937438965,2.9800000190734863,2.9800000190734863,33147
2026-07-02 17:21:00+00:00,2.9802000522613525,2.9802000522613525,2.9802000522613525,2.9802000522613525,11333
2026-07-02 17:22:00+00:00,2.9700000286102295,2.970099925994873,2.9700000286102295,2.9700000286102295,20819
2026-07-02 17:23:00+00:00,2.9700000286102295,2.9700000286102295,2.9700000286102295,2.9700000286102295,3150
2026-07-02 17:25:00+00:00,2.9800000190734863,2.9800000190734863,2.9798998832702637,2.9800000190734863,38100
2026-07-02 17:26:00+00:00,2.9800000190734863,2.9800000190734863,2.9800000190734863,2.9800000190734863,12000
2026-07-02 17:27:00+00:00,2.9749999046325684,2.9749999046325684,2.970099925994873,2.970099925994873,979
2026-07-02 17:28:00+00:00,2.9800000190734863,2.9800000190734863,2.9711999893188477,2.9711999893188477,3200
2026-07-02 17:30:00+00:00,2.9788999557495117,2.9788999557495117,2.9788999557495117,2.9788999557495117,1474
2026-07-02 17:32:00+00:00,2.978800058364868,2.978800058364868,2.970099925994873,2.970099925994873,6626
2026-07-02 17:33:00+00:00,2.9749999046325684,2.9749999046325684,2.9749999046325684,2.9749999046325684,5400
2026-07-02 17:34:00+00:00,2.9765000343322754,2.9765000343322754,2.9765000343322754,2.9765000343322754,0
2026-07-02 17:35:00+00:00,2.98009991645813,2.984999895095825,2.9800000190734863,2.981300115585327,65403
2026-07-02 17:36:00+00:00,2.9800000190734863,2.98009991645813,2.9700000286102295,2.98009991645813,68854
2026-07-02 17:42:00+00:00,2.9800000190734863,2.98009991645813,2.9800000190734863,2.9800000190734863,144690
2026-07-02 17:43:00+00:00,2.9800000190734863,2.98009991645813,2.9786999225616455,2.98009991645813,44875
2026-07-02 17:45:00+00:00,2.9899001121520996,2.9899001121520996,2.9899001121520996,2.9899001121520996,1096
2026-07-02 17:46:00+00:00,2.994999885559082,2.994999885559082,2.994999885559082,2.994999885559082,540
2026-07-02 17:49:00+00:00,2.994999885559082,2.994999885559082,2.994999885559082,2.994999885559082,501
2026-07-02 17:50:00+00:00,3.0,3.009999990463257,2.994999885559082,3.0000998973846436,313143
2026-07-02 17:51:00+00:00,3.0,3.005000114440918,3.0,3.0000998973846436,36261
2026-07-02 17:52:00+00:00,3.0,3.0,2.990000009536743,2.994999885559082,52508
2026-07-02 17:54:00+00:00,2.994999885559082,2.994999885559082,2.990000009536743,2.990000009536743,10903
2026-07-02 17:56:00+00:00,2.994999885559082,2.994999885559082,2.994999885559082,2.994999885559082,350
2026-07-02 17:57:00+00:00,2.990000009536743,2.990000009536743,2.990000009536743,2.990000009536743,321
2026-07-02 17:58:00+00:00,2.994999885559082,3.0,2.994999885559082,2.9999001026153564,151622
2026-07-02 17:59:00+00:00,2.9999001026153564,3.0,2.994999885559082,2.994999885559082,21381
2026-07-02 18:00:00+00:00,2.990000009536743,2.994999885559082,2.990000009536743,2.994999885559082,2140
2026-07-02 18:01:00+00:00,2.994999885559082,2.994999885559082,2.9900999069213867,2.9900999069213867,4912
2026-07-02 18:04:00+00:00,2.994999885559082,2.994999885559082,2.9900999069213867,2.9900999069213867,3000
2026-07-02 18:05:00+00:00,2.9900999069213867,2.991300106048584,2.9800000190734863,2.9800000190734863,306896
2026-07-02 18:06:00+00:00,2.9800000190734863,2.9800000190734863,2.9800000190734863,2.9800000190734863,1300
2026-07-02 18:07:00+00:00,2.98009991645813,2.984999895095825,2.98009991645813,2.984999895095825,602
2026-07-02 18:08:00+00:00,2.9800000190734863,2.9800000190734863,2.9700000286102295,2.9700000286102295,23585
2026-07-02 18:10:00+00:00,2.970099925994873,2.9749999046325684,2.9600000381469727,2.9749999046325684,168468
2026-07-02 18:11:00+00:00,2.9600000381469727,2.969899892807007,2.9600000381469727,2.969899892807007,36049
2026-07-02 18:12:00+00:00,2.9700000286102295,2.9749999046325684,2.9700000286102295,2.9700000286102295,11059
2026-07-02 18:13:00+00:00,2.9749999046325684,2.978600025177002,2.9749999046325684,2.978600025177002,20381
2026-07-02 18:15:00+00:00,2.9897000789642334,2.9897000789642334,2.9897000789642334,2.9897000789642334,220
2026-07-02 18:16:00+00:00,2.990000009536743,2.990000009536743,2.990000009536743,2.990000009536743,9898
2026-07-02 18:17:00+00:00,2.98009991645813,2.98009991645813,2.98009991645813,2.98009991645813,503
2026-07-02 18:20:00+00:00,2.98009991645813,2.984999895095825,2.971299886703491,2.9784998893737793,43509
2026-07-02 18:21:00+00:00,2.9798998832702637,2.9800000190734863,2.9797000885009766,2.9800000190734863,30063
2026-07-02 18:24:00+00:00,2.9749999046325684,2.9749999046325684,2.9749999046325684,2.9749999046325684,2612
2026-07-02 18:27:00+00:00,2.9800000190734863,2.9800000190734863,2.9800000190734863,2.9800000190734863,8000
2026-07-02 18:28:00+00:00,2.9700000286102295,2.9700000286102295,2.9600000381469727,2.9600000381469727,42800
2026-07-02 18:30:00+00:00,2.9649999141693115,2.9649999141693115,2.9649999141693115,2.9649999141693115,0
2026-07-02 18:32:00+00:00,2.9649999141693115,2.9649999141693115,2.9649999141693115,2.9649999141693115,5855
2026-07-02 18:33:00+00:00,2.960099935531616,2.9612998962402344,2.950000047683716,2.9584999084472656,43617
2026-07-02 18:34:00+00:00,2.9600000381469727,2.970099925994873,2.95989990234375,2.970099925994873,97117
2026-07-02 18:35:00+00:00,2.9700000286102295,2.9700000286102295,2.9649999141693115,2.969899892807007,50044
2026-07-02 18:37:00+00:00,2.9749999046325684,2.9749999046325684,2.9749999046325684,2.9749999046325684,4600
2026-07-02 18:38:00+00:00,2.9702000617980957,2.9714999198913574,2.962899923324585,2.9714999198913574,120076
2026-07-02 18:43:00+00:00,2.9700000286102295,2.970099925994873,2.9700000286102295,2.9700000286102295,76008
2026-07-02 18:44:00+00:00,2.9700000286102295,2.9798998832702637,2.9649999141693115,2.97160005569458,68698
2026-07-02 18:45:00+00:00,2.970099925994873,2.9828999042510986,2.970099925994873,2.9828999042510986,21875
2026-07-02 18:47:00+00:00,2.9800000190734863,2.9800000190734863,2.9700000286102295,2.9700000286102295,30764
2026-07-02 18:49:00+00:00,2.9700000286102295,2.9749999046325684,2.9700000286102295,2.9749999046325684,18729
2026-07-02 18:51:00+00:00,2.9700000286102295,2.9700000286102295,2.9697999954223633,2.9697999954223633,7239
2026-07-02 18:53:00+00:00,2.9612998962402344,2.9612998962402344,2.9612998962402344,2.9612998962402344,0
2026-07-02 18:56:00+00:00,2.969899892807007,2.984999895095825,2.969899892807007,2.984999895095825,29919
2026-07-02 18:57:00+00:00,2.9800000190734863,2.98009991645813,2.9700000286102295,2.9700000286102295,90050
2026-07-02 18:58:00+00:00,2.970099925994873,2.970099925994873,2.970099925994873,2.970099925994873,0
2026-07-02 18:59:00+00:00,2.9700000286102295,2.9700000286102295,2.9700000286102295,2.9700000286102295,1500
2026-07-02 19:00:00+00:00,2.9700000286102295,2.970099925994873,2.9690001010894775,2.969899892807007,142163
2026-07-02 19:01:00+00:00,2.9800000190734863,2.9800000190734863,2.9749999046325684,2.9800000190734863,87935
2026-07-02 19:03:00+00:00,2.9749999046325684,2.9800000190734863,2.970099925994873,2.9798998832702637,104136
2026-07-02 19:04:00+00:00,2.9800000190734863,3.0,2.9800000190734863,3.0,37762
2026-07-02 19:05:00+00:00,2.990999937057495,2.991300106048584,2.990000009536743,2.991300106048584,237353
2026-07-02 19:07:00+00:00,2.9999001026153564,3.005000114440918,2.9999001026153564,3.0,279360
2026-07-02 19:08:00+00:00,3.0099000930786133,3.009999990463257,3.0000998973846436,3.005000114440918,36478
2026-07-02 19:09:00+00:00,3.000200033187866,3.005000114440918,3.0,3.0,3693
2026-07-02 19:12:00+00:00,3.005000114440918,3.005000114440918,3.005000114440918,3.005000114440918,480
2026-07-02 19:13:00+00:00,3.0,3.0,2.990000009536743,2.990000009536743,188658
2026-07-02 19:18:00+00:00,3.0,3.009700059890747,2.9999001026153564,3.009700059890747,67104
2026-07-02 19:19:00+00:00,3.0000998973846436,3.0000998973846436,3.0,3.0000998973846436,63917
2026-07-02 19:20:00+00:00,3.001199960708618,3.001199960708618,3.001199960708618,3.001199960708618,0
2026-07-02 19:22:00+00:00,3.005000114440918,3.005000114440918,3.005000114440918,3.005000114440918,5825
2026-07-02 19:23:00+00:00,3.009700059890747,3.009999990463257,3.009700059890747,3.009999990463257,68122
2026-07-02 19:24:00+00:00,3.0097999572753906,3.0188000202178955,3.008699893951416,3.009999990463257,20112
2026-07-02 19:25:00+00:00,3.015000104904175,3.015000104904175,3.0000998973846436,3.0000998973846436,74240
2026-07-02 19:26:00+00:00,3.0000998973846436,3.009999990463257,3.0000998973846436,3.009999990463257,28600
2026-07-02 19:28:00+00:00,3.0,3.0,2.990000009536743,2.990000009536743,74355
2026-07-02 19:29:00+00:00,2.9900999069213867,2.9900999069213867,2.9800000190734863,2.981300115585327,34409
2026-07-02 19:30:00+00:00,2.990000009536743,2.990000009536743,2.990000009536743,2.990000009536743,19000
2026-07-02 19:31:00+00:00,2.984999895095825,3.0,2.9800000190734863,3.0,64404
2026-07-02 19:32:00+00:00,2.990000009536743,2.990000009536743,2.990000009536743,2.990000009536743,87072
2026-07-02 19:33:00+00:00,2.984999895095825,2.984999895095825,2.984999895095825,2.984999895095825,7100
2026-07-02 19:36:00+00:00,2.984999895095825,2.984999895095825,2.984999895095825,2.984999895095825,0
2026-07-02 19:37:00+00:00,2.984999895095825,2.984999895095825,2.984999895095825,2.984999895095825,2458
2026-07-02 19:38:00+00:00,2.9800000190734863,2.9800000190734863,2.9800000190734863,2.9800000190734863,2188
2026-07-02 19:39:00+00:00,2.9800000190734863,2.9800000190734863,2.9800000190734863,2.9800000190734863,103
2026-07-02 19:41:00+00:00,2.9899001121520996,2.9899001121520996,2.9899001121520996,2.9899001121520996,3197
2026-07-02 19:43:00+00:00,2.984999895095825,2.984999895095825,2.984999895095825,2.984999895095825,11210
2026-07-02 19:44:00+00:00,2.98009991645813,2.98009991645813,2.98009991645813,2.98009991645813,3005
2026-07-02 19:45:00+00:00,2.984999895095825,2.984999895095825,2.984999895095825,2.984999895095825,1525
2026-07-02 19:47:00+00:00,2.9872000217437744,2.9872000217437744,2.9872000217437744,2.9872000217437744,1358
2026-07-02 19:48:00+00:00,2.984999895095825,2.984999895095825,2.9800000190734863,2.9800000190734863,1673
2026-07-02 19:50:00+00:00,2.9800000190734863,2.9800000190734863,2.9700000286102295,2.9700000286102295,74476
2026-07-02 19:51:00+00:00,2.9749999046325684,2.9800000190734863,2.970099925994873,2.970099925994873,31739
2026-07-02 19:52:00+00:00,2.9714999198913574,2.9800000190734863,2.9714999198913574,2.9800000190734863,2008
2026-07-02 19:53:00+00:00,2.9711999893188477,2.9749999046325684,2.9700000286102295,2.9749999046325684,17558
2026-07-02 19:54:00+00:00,2.970099925994873,2.970099925994873,2.9609999656677246,2.9649999141693115,55701
2026-07-02 19:55:00+00:00,2.9700000286102295,2.9700000286102295,2.9649999141693115,2.969899892807007,35302
2026-07-02 19:56:00+00:00,2.9700000286102295,2.9700000286102295,2.9649999141693115,2.9649999141693115,8310
2026-07-02 19:57:00+00:00,2.960099935531616,2.9649999141693115,2.960099935531616,2.9649999141693115,9100
2026-07-02 19:58:00+00:00,2.9600000381469727,2.969899892807007,2.9600000381469727,2.960200071334839,22846
2026-07-02 19:59:00+00:00,2.9600000381469727,2.9600000381469727,2.944999933242798,2.950000047683716,106308
2026-07-02 20:00:00+00:00,2.9603,2.9603,2.96,2.96,0
2026-07-02 20:01:00+00:00,2.95,2.95,2.95,2.95,0
2026-07-02 20:04:00+00:00,2.95,2.95,2.95,2.95,0
2026-07-02 20:06:00+00:00,2.9501,2.9501,2.9501,2.9501,0
2026-07-02 20:10:00+00:00,2.9603,2.9603,2.9603,2.9603,0
2026-07-02 20:13:00+00:00,2.94,2.94,2.94,2.94,0
2026-07-02 20:28:00+00:00,2.9487,2.9487,2.9487,2.9487,0
2026-07-02 20:29:00+00:00,2.941,2.941,2.941,2.941,0
2026-07-02 20:42:00+00:00,2.95,2.95,2.95,2.95,0
2026-07-02 21:02:00+00:00,2.941,2.941,2.941,2.941,0
2026-07-02 21:03:00+00:00,2.9432,2.9432,2.9432,2.9432,0
2026-07-02 21:10:00+00:00,2.9401,2.9401,2.9401,2.9401,0
2026-07-02 21:16:00+00:00,2.9401,2.9401,2.9401,2.9401,0
2026-07-02 21:18:00+00:00,2.9498,2.9498,2.9498,2.9498,0
2026-07-02 21:19:00+00:00,2.94,2.94,2.94,2.94,0
2026-07-02 21:52:00+00:00,2.95,2.95,2.95,2.95,0
2026-07-02 22:24:00+00:00,2.94,2.94,2.94,2.94,0
2026-07-02 22:35:00+00:00,2.9397,2.9397,2.9397,2.9397,0
2026-07-02 22:36:00+00:00,2.94,2.94,2.94,2.94,0
2026-07-02 22:40:00+00:00,2.9303,2.9303,2.9303,2.9303,0
2026-07-02 22:46:00+00:00,2.93,2.93,2.93,2.93,0
2026-07-02 22:51:00+00:00,2.9313,2.9313,2.9313,2.9313,0
2026-07-02 23:06:00+00:00,2.9413,2.9413,2.9413,2.9413,0
2026-07-02 23:12:00+00:00,2.94,2.94,2.94,2.94,0
2026-07-02 23:13:00+00:00,2.95,2.95,2.95,2.95,0
2026-07-02 23:14:00+00:00,2.95,2.95,2.95,2.95,0
2026-07-06 08:00:00+00:00,2.88,2.88,2.87,2.87,0
2026-07-06 08:01:00+00:00,2.88,2.9,2.88,2.9,0
2026-07-06 08:18:00+00:00,2.8896,2.8896,2.8896,2.8896,0
2026-07-06 10:54:00+00:00,2.8796,2.8796,2.8796,2.8796,0
2026-07-06 11:00:00+00:00,2.8798,2.8799,2.86,2.86,0
2026-07-06 11:14:00+00:00,2.86,2.8613,2.86,2.8613,0
2026-07-06 11:17:00+00:00,2.86,2.86,2.86,2.86,0
2026-07-06 11:19:00+00:00,2.85,2.85,2.85,2.85,0
2026-07-06 11:31:00+00:00,2.85,2.85,2.85,2.85,0
2026-07-06 11:32:00+00:00,2.84,2.84,2.84,2.84,0
2026-07-06 11:34:00+00:00,2.85,2.85,2.85,2.85,0
2026-07-06 11:35:00+00:00,2.85,2.85,2.85,2.85,0
2026-07-06 11:47:00+00:00,2.85,2.85,2.85,2.85,0
2026-07-06 11:52:00+00:00,2.8499,2.8499,2.8499,2.8499,0
2026-07-06 11:55:00+00:00,2.8401,2.8401,2.8401,2.8401,0
2026-07-06 12:03:00+00:00,2.85,2.85,2.85,2.85,0
2026-07-06 12:06:00+00:00,2.84,2.84,2.84,2.84,0
2026-07-06 12:13:00+00:00,2.83,2.83,2.83,2.83,0
2026-07-06 12:21:00+00:00,2.8397,2.84,2.8397,2.84,0
2026-07-06 12:22:00+00:00,2.83,2.83,2.83,2.83,0
2026-07-06 12:23:00+00:00,2.8397,2.8397,2.8397,2.8397,0
2026-07-06 12:25:00+00:00,2.8313,2.8313,2.8313,2.8313,0
2026-07-06 12:27:00+00:00,2.8399,2.8399,2.8398,2.8398,0
2026-07-06 12:28:00+00:00,2.8399,2.84,2.8381,2.8392,0
2026-07-06 12:29:00+00:00,2.8397,2.84,2.8397,2.8399,0
2026-07-06 12:30:00+00:00,2.8397,2.84,2.8397,2.84,0
2026-07-06 12:32:00+00:00,2.84,2.84,2.84,2.84,0
2026-07-06 12:33:00+00:00,2.83,2.83,2.83,2.83,0
2026-07-06 12:35:00+00:00,2.84,2.84,2.84,2.84,0
2026-07-06 12:36:00+00:00,2.84,2.84,2.84,2.84,0
2026-07-06 12:40:00+00:00,2.8398,2.8398,2.8398,2.8398,0
2026-07-06 12:44:00+00:00,2.84,2.84,2.8387,2.8399,0
2026-07-06 12:45:00+00:00,2.8399,2.8399,2.8387,2.8387,0
2026-07-06 12:47:00+00:00,2.84,2.84,2.84,2.84,0
2026-07-06 12:52:00+00:00,2.83,2.83,2.83,2.83,0
2026-07-06 12:57:00+00:00,2.8209,2.83,2.8209,2.83,0
2026-07-06 12:58:00+00:00,2.83,2.83,2.82,2.82,0
2026-07-06 13:03:00+00:00,2.84,2.84,2.84,2.84,0
2026-07-06 13:11:00+00:00,2.8387,2.8387,2.8387,2.8387,0
2026-07-06 13:13:00+00:00,2.84,2.84,2.84,2.84,0
2026-07-06 13:28:00+00:00,2.8597,2.8597,2.8597,2.8597,0
2026-07-06 13:30:00+00:00,2.890000104904175,2.890000104904175,2.859999895095825,2.880000114440918,226643
2026-07-06 13:31:00+00:00,2.8901000022888184,2.8949999809265137,2.8499999046325684,2.8499999046325684,99188
2026-07-06 13:32:00+00:00,2.8499999046325684,2.8499999046325684,2.8399999141693115,2.8399999141693115,35915
2026-07-06 13:33:00+00:00,2.8399999141693115,2.849900007247925,2.829900026321411,2.8299999237060547,51881
2026-07-06 13:34:00+00:00,2.819999933242798,2.819999933242798,2.799999952316284,2.799999952316284,132449
2026-07-06 13:35:00+00:00,2.799999952316284,2.809999942779541,2.7999000549316406,2.7999000549316406,61335
2026-07-06 13:36:00+00:00,2.799999952316284,2.8299999237060547,2.799999952316284,2.8299999237060547,121517
2026-07-06 13:37:00+00:00,2.825000047683716,2.825000047683716,2.8101000785827637,2.819999933242798,31300
2026-07-06 13:38:00+00:00,2.815000057220459,2.8199000358581543,2.809999942779541,2.8199000358581543,15232
2026-07-06 13:39:00+00:00,2.81030011177063,2.81030011177063,2.786400079727173,2.789900064468384,148196
2026-07-06 13:40:00+00:00,2.788800001144409,2.805000066757202,2.7799999713897705,2.7799999713897705,84658
2026-07-06 13:41:00+00:00,2.7799999713897705,2.7799999713897705,2.7699999809265137,2.7701001167297363,114788
2026-07-06 13:42:00+00:00,2.76990008354187,2.7799999713897705,2.76990008354187,2.7799999713897705,99583
2026-07-06 13:43:00+00:00,2.7701001167297363,2.7799999713897705,2.76990008354187,2.76990008354187,172145
2026-07-06 13:44:00+00:00,2.76990008354187,2.7699999809265137,2.75,2.7500998973846436,97981
2026-07-06 13:45:00+00:00,2.759999990463257,2.759999990463257,2.7302000522613525,2.7302000522613525,127314
2026-07-06 13:46:00+00:00,2.7300000190734863,2.7399001121520996,2.720099925994873,2.7300000190734863,141788
2026-07-06 13:47:00+00:00,2.7399001121520996,2.7399001121520996,2.73009991645813,2.739799976348877,54149
2026-07-06 13:48:00+00:00,2.744999885559082,2.744999885559082,2.7300000190734863,2.7300000190734863,67185
2026-07-06 13:49:00+00:00,2.7311999797821045,2.740000009536743,2.7311999797821045,2.740000009536743,48687
2026-07-06 13:50:00+00:00,2.734999895095825,2.734999895095825,2.7249999046325684,2.7300000190734863,117088
2026-07-06 13:51:00+00:00,2.734999895095825,2.734999895095825,2.7200000286102295,2.720099925994873,30378
2026-07-06 13:52:00+00:00,2.7298998832702637,2.7298998832702637,2.7249999046325684,2.7249999046325684,37407
2026-07-06 13:53:00+00:00,2.7298998832702637,2.7298998832702637,2.7100000381469727,2.7100000381469727,51040
2026-07-06 13:54:00+00:00,2.7149999141693115,2.7200000286102295,2.7102999687194824,2.7102999687194824,59270
2026-07-06 13:55:00+00:00,2.719899892807007,2.719899892807007,2.711199998855591,2.7188000679016113,8782
2026-07-06 13:56:00+00:00,2.7100000381469727,2.7100000381469727,2.7060000896453857,2.7072999477386475,115604
2026-07-06 13:57:00+00:00,2.7100000381469727,2.719899892807007,2.7100000381469727,2.7149999141693115,32396
2026-07-06 13:58:00+00:00,2.7149999141693115,2.719899892807007,2.7149999141693115,2.7174999713897705,18062
2026-07-06 13:59:00+00:00,2.7102999687194824,2.7102999687194824,2.7049999237060547,2.7100000381469727,220049
2026-07-06 14:00:00+00:00,2.70989990234375,2.7149999141693115,2.7049999237060547,2.7100000381469727,66639
2026-07-06 14:01:00+00:00,2.7149999141693115,2.7149999141693115,2.700000047683716,2.700000047683716,164048
2026-07-06 14:02:00+00:00,2.6970999240875244,2.699899911880493,2.694999933242798,2.699899911880493,44270
2026-07-06 14:03:00+00:00,2.700000047683716,2.7049999237060547,2.699899911880493,2.700000047683716,111381
2026-07-06 14:04:00+00:00,2.699899911880493,2.700000047683716,2.699899911880493,2.700000047683716,59475
2026-07-06 14:05:00+00:00,2.700000047683716,2.7100000381469727,2.700000047683716,2.7000999450683594,99979
2026-07-06 14:06:00+00:00,2.700000047683716,2.700000047683716,2.6700000762939453,2.6798999309539795,99523
2026-07-06 14:07:00+00:00,2.6798999309539795,2.6798999309539795,2.6600000858306885,2.6698999404907227,118946
2026-07-06 14:08:00+00:00,2.6649999618530273,2.6698999404907227,2.651099920272827,2.6649999618530273,180196
2026-07-06 14:09:00+00:00,2.666300058364868,2.670099973678589,2.660099983215332,2.6649999618530273,65677
2026-07-06 14:10:00+00:00,2.6698999404907227,2.6700000762939453,2.6696999073028564,2.6700000762939453,90678
2026-07-06 14:11:00+00:00,2.6649999618530273,2.668800115585327,2.6500000953674316,2.6501998901367188,87246
2026-07-06 14:12:00+00:00,2.6549999713897705,2.6600000858306885,2.6500000953674316,2.659899950027466,26222
2026-07-06 14:13:00+00:00,2.6600000858306885,2.6700000762939453,2.659899950027466,2.6649999618530273,33156
2026-07-06 14:14:00+00:00,2.6663999557495117,2.668800115585327,2.6649999618530273,2.668800115585327,6030
2026-07-06 14:15:00+00:00,2.6649999618530273,2.6700000762939453,2.660099983215332,2.6610000133514404,44864
2026-07-06 14:16:00+00:00,2.6586999893188477,2.6602001190185547,2.6549999713897705,2.6596999168395996,197769
2026-07-06 14:17:00+00:00,2.659899950027466,2.6600000858306885,2.6401000022888184,2.6401000022888184,277752
2026-07-06 14:18:00+00:00,2.6487998962402344,2.659899950027466,2.6401000022888184,2.659899950027466,42926
2026-07-06 14:19:00+00:00,2.6600000858306885,2.6649999618530273,2.659899950027466,2.6649999618530273,137368
2026-07-06 14:20:00+00:00,2.660099983215332,2.6696999073028564,2.660099983215332,2.6696999073028564,15937
2026-07-06 14:21:00+00:00,2.6600000858306885,2.6700000762939453,2.6600000858306885,2.6600000858306885,13742
2026-07-06 14:22:00+00:00,2.669800043106079,2.669800043106079,2.6649999618530273,2.6649999618530273,30624
2026-07-06 14:23:00+00:00,2.660099983215332,2.6602001190185547,2.660099983215332,2.660099983215332,14512
2026-07-06 14:24:00+00:00,2.6600000858306885,2.6649999618530273,2.6600000858306885,2.6649999618530273,345
2026-07-06 14:25:00+00:00,2.6649999618530273,2.6698999404907227,2.6649999618530273,2.6686999797821045,9973
2026-07-06 14:26:00+00:00,2.6686999797821045,2.6698999404907227,2.6686999797821045,2.669800043106079,49764
2026-07-06 14:27:00+00:00,2.6698999404907227,2.6700000762939453,2.6649999618530273,2.6698999404907227,57054
2026-07-06 14:28:00+00:00,2.678800106048584,2.680000066757202,2.6700000762939453,2.680000066757202,65900
2026-07-06 14:29:00+00:00,2.680000066757202,2.680000066757202,2.670099973678589,2.6798999309539795,29079
2026-07-06 14:30:00+00:00,2.6798999309539795,2.6798999309539795,2.674999952316284,2.674999952316284,20875
2026-07-06 14:31:00+00:00,2.6798999309539795,2.6798999309539795,2.674999952316284,2.674999952316284,26236
2026-07-06 14:32:00+00:00,2.6796998977661133,2.6796998977661133,2.670099973678589,2.674999952316284,54812
2026-07-06 14:33:00+00:00,2.670099973678589,2.6770999431610107,2.660099983215332,2.6698999404907227,86594
2026-07-06 14:34:00+00:00,2.6649999618530273,2.6700000762939453,2.6602001190185547,2.6602001190185547,0
2026-07-06 14:35:00+00:00,2.6700000762939453,2.6700000762939453,2.6698999404907227,2.6698999404907227,1140
2026-07-06 14:36:00+00:00,2.6649999618530273,2.6649999618530273,2.6649999618530273,2.6649999618530273,1251
2026-07-06 14:37:00+00:00,2.669800043106079,2.6698999404907227,2.6649999618530273,2.6649999618530273,19169
2026-07-06 14:38:00+00:00,2.660099983215332,2.6661999225616455,2.660099983215332,2.6661999225616455,5990
2026-07-06 14:39:00+00:00,2.6649999618530273,2.6700000762939453,2.6649999618530273,2.6700000762939453,911
2026-07-06 14:40:00+00:00,2.6649999618530273,2.6649999618530273,2.6649999618530273,2.6649999618530273,12149
2026-07-06 14:41:00+00:00,2.6698999404907227,2.678800106048584,2.6686999797821045,2.678800106048584,224834
2026-07-06 14:42:00+00:00,2.670099973678589,2.670099973678589,2.6700000762939453,2.670099973678589,65911
2026-07-06 14:43:00+00:00,2.6649999618530273,2.6649999618530273,2.660099983215332,2.660099983215332,19739
2026-07-06 14:44:00+00:00,2.6698999404907227,2.6698999404907227,2.6549999713897705,2.6698999404907227,198077
2026-07-06 14:45:00+00:00,2.660099983215332,2.660099983215332,2.650099992752075,2.6600000858306885,78658
2026-07-06 14:46:00+00:00,2.650099992752075,2.659899950027466,2.640000104904175,2.6500000953674316,224491
2026-07-06 14:47:00+00:00,2.6512999534606934,2.6512999534606934,2.650099992752075,2.650099992752075,843
2026-07-06 14:48:00+00:00,2.6600000858306885,2.6698999404907227,2.6579999923706055,2.6698999404907227,51184
2026-07-06 14:49:00+00:00,2.6637001037597656,2.6637001037597656,2.650099992752075,2.650099992752075,70419
2026-07-06 14:50:00+00:00,2.6500000953674316,2.6500000953674316,2.640000104904175,2.6487998962402344,60207
2026-07-06 14:51:00+00:00,2.649899959564209,2.6600000858306885,2.6449999809265137,2.659899950027466,323501
2026-07-06 14:52:00+00:00,2.6600000858306885,2.670099973678589,2.659899950027466,2.670099973678589,123015
2026-07-06 14:53:00+00:00,2.680000066757202,2.680000066757202,2.6700000762939453,2.6700000762939453,91817
2026-07-06 14:54:00+00:00,2.660099983215332,2.6700000762939453,2.660099983215332,2.6700000762939453,123875
2026-07-06 14:55:00+00:00,2.6649999618530273,2.6700000762939453,2.6649999618530273,2.6700000762939453,109121
2026-07-06 14:56:00+00:00,2.6700000762939453,2.6798999309539795,2.6700000762939453,2.6798999309539795,181581
2026-07-06 14:57:00+00:00,2.680000066757202,2.680000066757202,2.680000066757202,2.680000066757202,9705
2026-07-06 14:58:00+00:00,2.6700000762939453,2.674999952316284,2.6700000762939453,2.674999952316284,21202
2026-07-06 15:00:00+00:00,2.674999952316284,2.684999942779541,2.674999952316284,2.684999942779541,68643
2026-07-06 15:01:00+00:00,2.680000066757202,2.680000066757202,2.6600000858306885,2.669800043106079,242270
2026-07-06 15:02:00+00:00,2.6649999618530273,2.6649999618530273,2.6572000980377197,2.6575000286102295,29511
2026-07-06 15:03:00+00:00,2.6600000858306885,2.6649999618530273,2.6549999713897705,2.6612000465393066,140661
2026-07-06 15:04:00+00:00,2.660099983215332,2.6649999618530273,2.6600000858306885,2.6649999618530273,159262
2026-07-06 15:05:00+00:00,2.6677000522613525,2.6677000522613525,2.6649999618530273,2.6649999618530273,0
2026-07-06 15:06:00+00:00,2.6700000762939453,2.6700000762939453,2.6698999404907227,2.6698999404907227,1283
2026-07-06 15:07:00+00:00,2.660099983215332,2.6700000762939453,2.660099983215332,2.6700000762939453,48056
2026-07-06 15:08:00+00:00,2.6798999309539795,2.6898000240325928,2.670099973678589,2.6898000240325928,173198
2026-07-06 15:09:00+00:00,2.680000066757202,2.681299924850464,2.674999952316284,2.678499937057495,123003
2026-07-06 15:10:00+00:00,2.676100015640259,2.677000045776367,2.676100015640259,2.677000045776367,11261
2026-07-06 15:11:00+00:00,2.6796998977661133,2.690000057220459,2.6796998977661133,2.684999942779541,126454
2026-07-06 15:12:00+00:00,2.680000066757202,2.6900999546051025,2.680000066757202,2.6900999546051025,137997
2026-07-06 15:13:00+00:00,2.6900999546051025,2.699899911880493,2.690000057220459,2.694999933242798,131651
2026-07-06 15:14:00+00:00,2.6900999546051025,2.699899911880493,2.690000057220459,2.698499917984009,47692
2026-07-06 15:15:00+00:00,2.694999933242798,2.699899911880493,2.694999933242798,2.694999933242798,1080
2026-07-06 15:16:00+00:00,2.699899911880493,2.7014999389648438,2.6930999755859375,2.700000047683716,215104
2026-07-06 15:17:00+00:00,2.7035000324249268,2.7197000980377197,2.7000999450683594,2.7100000381469727,141699
2026-07-06 15:18:00+00:00,2.70989990234375,2.7149999141693115,2.7049999237060547,2.7100000381469727,457914
2026-07-06 15:19:00+00:00,2.70989990234375,2.70989990234375,2.706199884414673,2.706199884414673,31810
2026-07-06 15:20:00+00:00,2.7049999237060547,2.7049999237060547,2.7049999237060547,2.7049999237060547,3081
2026-07-06 15:21:00+00:00,2.7012999057769775,2.7012999057769775,2.700000047683716,2.700000047683716,2422
2026-07-06 15:22:00+00:00,2.7000999450683594,2.7000999450683594,2.690000057220459,2.700000047683716,70694
2026-07-06 15:23:00+00:00,2.700000047683716,2.700000047683716,2.6930999755859375,2.6930999755859375,10633
2026-07-06 15:25:00+00:00,2.690000057220459,2.690000057220459,2.684999942779541,2.684999942779541,7459
2026-07-06 15:26:00+00:00,2.688699960708618,2.688699960708618,2.674999952316284,2.674999952316284,42354
2026-07-06 15:27:00+00:00,2.674999952316284,2.679800033569336,2.674999952316284,2.674999952316284,4885
2026-07-06 15:28:00+00:00,2.6786999702453613,2.680000066757202,2.6700000762939453,2.6700000762939453,9686
2026-07-06 15:29:00+00:00,2.6649999618530273,2.6649999618530273,2.6600000858306885,2.660099983215332,49170
2026-07-06 15:30:00+00:00,2.6600000858306885,2.6686999797821045,2.6584999561309814,2.659899950027466,102977
2026-07-06 15:31:00+00:00,2.6500000953674316,2.65910005569458,2.649899959564209,2.649899959564209,117992
2026-07-06 15:32:00+00:00,2.649899959564209,2.6549999713897705,2.646899938583374,2.650099992752075,452805
2026-07-06 15:33:00+00:00,2.650099992752075,2.6572999954223633,2.650099992752075,2.6572999954223633,28794
2026-07-06 15:34:00+00:00,2.6600000858306885,2.6600000858306885,2.6549999713897705,2.659899950027466,122308
2026-07-06 15:35:00+00:00,2.6600000858306885,2.674999952316284,2.6600000858306885,2.674999952316284,96786
2026-07-06 15:36:00+00:00,2.680000066757202,2.680000066757202,2.666599988937378,2.666599988937378,159261
2026-07-06 15:37:00+00:00,2.6698999404907227,2.678800106048584,2.6663999557495117,2.6700000762939453,269704
2026-07-06 15:38:00+00:00,2.6649999618530273,2.6700000762939453,2.6649999618530273,2.6700000762939453,56439
2026-07-06 15:39:00+00:00,2.6698999404907227,2.6698999404907227,2.6670000553131104,2.6670000553131104,0
2026-07-06 15:40:00+00:00,2.669800043106079,2.674999952316284,2.669800043106079,2.670099973678589,109711
2026-07-06 15:41:00+00:00,2.674999952316284,2.674999952316284,2.6700000762939453,2.670099973678589,78680
2026-07-06 15:42:00+00:00,2.6700000762939453,2.6700000762939453,2.6700000762939453,2.6700000762939453,0
2026-07-06 15:43:00+00:00,2.6649999618530273,2.6663999557495117,2.6649999618530273,2.6663999557495117,2939
2026-07-06 15:44:00+00:00,2.6649999618530273,2.6700000762939453,2.6649999618530273,2.6686999797821045,172202
2026-07-06 15:45:00+00:00,2.6698999404907227,2.680000066757202,2.6698999404907227,2.670099973678589,85659
2026-07-06 15:46:00+00:00,2.670099973678589,2.674999952316284,2.6700000762939453,2.670099973678589,108205
2026-07-06 15:47:00+00:00,2.673099994659424,2.673099994659424,2.670099973678589,2.670099973678589,16247
2026-07-06 15:48:00+00:00,2.670099973678589,2.674999952316284,2.6698999404907227,2.6700000762939453,105409
2026-07-06 15:49:00+00:00,2.6698999404907227,2.6698999404907227,2.6698999404907227,2.6698999404907227,7153
2026-07-06 15:50:00+00:00,2.6649999618530273,2.6649999618530273,2.6649999618530273,2.6649999618530273,1322
2026-07-06 15:51:00+00:00,2.6700000762939453,2.6700000762939453,2.6698999404907227,2.6700000762939453,99108
2026-07-06 15:52:00+00:00,2.670099973678589,2.674999952316284,2.670099973678589,2.674999952316284,40002
2026-07-06 15:53:00+00:00,2.6798999309539795,2.6798999309539795,2.6798999309539795,2.6798999309539795,1413
2026-07-06 15:54:00+00:00,2.6700000762939453,2.6700000762939453,2.6700000762939453,2.6700000762939453,12518
2026-07-06 15:56:00+00:00,2.680000066757202,2.680000066757202,2.674999952316284,2.674999952316284,41970
2026-07-06 15:57:00+00:00,2.6786999702453613,2.680000066757202,2.6786999702453613,2.680000066757202,789
2026-07-06 16:00:00+00:00,2.6798999309539795,2.6898999214172363,2.6763999462127686,2.684999942779541,108011
2026-07-06 16:02:00+00:00,2.680000066757202,2.680000066757202,2.680000066757202,2.680000066757202,36082
2026-07-06 16:03:00+00:00,2.6872000694274902,2.6898999214172363,2.6872000694274902,2.6898999214172363,11580
2026-07-06 16:04:00+00:00,2.687700033187866,2.6898999214172363,2.687700033187866,2.6898999214172363,7843
2026-07-06 16:05:00+00:00,2.688800096511841,2.689300060272217,2.688800096511841,2.689300060272217,412
2026-07-06 16:07:00+00:00,2.6898999214172363,2.6898999214172363,2.6898999214172363,2.6898999214172363,48401
2026-07-06 16:08:00+00:00,2.6800999641418457,2.68969988822937,2.6800999641418457,2.68969988822937,1021
2026-07-06 16:09:00+00:00,2.684999942779541,2.690000057220459,2.680000066757202,2.6898999214172363,176176
2026-07-06 16:10:00+00:00,2.6898999214172363,2.694999933242798,2.680000066757202,2.6898999214172363,425183
2026-07-06 16:11:00+00:00,2.6898999214172363,2.694999933242798,2.6898999214172363,2.6900999546051025,53400
2026-07-06 16:13:00+00:00,2.690000057220459,2.690000057220459,2.684999942779541,2.684999942779541,200525
2026-07-06 16:15:00+00:00,2.684999942779541,2.684999942779541,2.684999942779541,2.684999942779541,4067
2026-07-06 16:17:00+00:00,2.683799982070923,2.690000057220459,2.683799982070923,2.690000057220459,113877
2026-07-06 16:19:00+00:00,2.699899911880493,2.699899911880493,2.699899911880493,2.699899911880493,11851
2026-07-06 16:20:00+00:00,2.694999933242798,2.694999933242798,2.694999933242798,2.694999933242798,288
2026-07-06 16:21:00+00:00,2.699899911880493,2.699899911880493,2.699899911880493,2.699899911880493,210
2026-07-06 16:22:00+00:00,2.690200090408325,2.698699951171875,2.690200090408325,2.698699951171875,3197
2026-07-06 16:23:00+00:00,2.700000047683716,2.700000047683716,2.6965999603271484,2.6965999603271484,10369
2026-07-06 16:24:00+00:00,2.694999933242798,2.694999933242798,2.694999933242798,2.694999933242798,3319
2026-07-06 16:25:00+00:00,2.690000057220459,2.690000057220459,2.690000057220459,2.690000057220459,1245
2026-07-06 16:26:00+00:00,2.697000026702881,2.697000026702881,2.697000026702881,2.697000026702881,1000
2026-07-06 16:27:00+00:00,2.690000057220459,2.699899911880493,2.690000057220459,2.699899911880493,1015
2026-07-06 16:28:00+00:00,2.698699951171875,2.698699951171875,2.6900999546051025,2.694999933242798,6250
2026-07-06 16:31:00+00:00,2.699899911880493,2.699899911880493,2.699899911880493,2.699899911880493,675
2026-07-06 16:32:00+00:00,2.700000047683716,2.700000047683716,2.6967999935150146,2.700000047683716,17801
2026-07-06 16:33:00+00:00,2.70989990234375,2.70989990234375,2.7049999237060547,2.7049999237060547,33950
2026-07-06 16:36:00+00:00,2.7100000381469727,2.7100000381469727,2.70989990234375,2.70989990234375,55026
2026-07-06 16:38:00+00:00,2.7100000381469727,2.7200000286102295,2.7049999237060547,2.7200000286102295,44129
2026-07-06 16:39:00+00:00,2.7200000286102295,2.7200000286102295,2.7100000381469727,2.7109999656677246,15640
2026-07-06 16:40:00+00:00,2.713099956512451,2.719899892807007,2.7100000381469727,2.7100000381469727,252804
2026-07-06 16:41:00+00:00,2.7100000381469727,2.710200071334839,2.70989990234375,2.710200071334839,66237
2026-07-06 16:43:00+00:00,2.7112998962402344,2.7112998962402344,2.7112998962402344,2.7112998962402344,1058
2026-07-06 16:44:00+00:00,2.7184998989105225,2.7184998989105225,2.7184998989105225,2.7184998989105225,1700
2026-07-06 16:45:00+00:00,2.719899892807007,2.723299980163574,2.719899892807007,2.723299980163574,34946
2026-07-06 16:46:00+00:00,2.7200000286102295,2.720099925994873,2.7200000286102295,2.7200000286102295,78679
2026-07-06 16:47:00+00:00,2.7200000286102295,2.7249999046325684,2.710099935531616,2.7249999046325684,85796
2026-07-06 16:48:00+00:00,2.720099925994873,2.720099925994873,2.7188000679016113,2.7188000679016113,146217
2026-07-06 16:50:00+00:00,2.7100000381469727,2.7100000381469727,2.7100000381469727,2.7100000381469727,7417
2026-07-06 16:51:00+00:00,2.7188000679016113,2.7188000679016113,2.7188000679016113,2.7188000679016113,0
2026-07-06 16:52:00+00:00,2.7149999141693115,2.7200000286102295,2.7149999141693115,2.719899892807007,43780
2026-07-06 16:53:00+00:00,2.719899892807007,2.7300000190734863,2.7149999141693115,2.7214999198913574,179467
2026-07-06 16:54:00+00:00,2.7249999046325684,2.7249999046325684,2.720099925994873,2.720099925994873,41351
2026-07-06 16:55:00+00:00,2.7300000190734863,2.7300000190734863,2.7249999046325684,2.7249999046325684,2100
2026-07-06 16:56:00+00:00,2.7298998832702637,2.7298998832702637,2.7298998832702637,2.7298998832702637,0
2026-07-06 16:57:00+00:00,2.720099925994873,2.7258999347686768,2.7149999141693115,2.7197999954223633,79029
2026-07-06 16:58:00+00:00,2.7200000286102295,2.7298998832702637,2.710099935531616,2.7214999198913574,71261
2026-07-06 16:59:00+00:00,2.7300000190734863,2.7300000190734863,2.7300000190734863,2.7300000190734863,4500
2026-07-06 17:00:00+00:00,2.7200000286102295,2.721299886703491,2.7200000286102295,2.7202000617980957,140261
2026-07-06 17:01:00+00:00,2.720099925994873,2.720099925994873,2.720099925994873,2.720099925994873,31200
2026-07-06 17:02:00+00:00,2.7249999046325684,2.7300000190734863,2.7249999046325684,2.7300000190734863,3000
2026-07-06 17:03:00+00:00,2.728800058364868,2.728800058364868,2.728800058364868,2.728800058364868,0
2026-07-06 17:04:00+00:00,2.720099925994873,2.720099925994873,2.720099925994873,2.720099925994873,4000
2026-07-06 17:06:00+00:00,2.7202999591827393,2.7202999591827393,2.7100000381469727,2.7100000381469727,63251
2026-07-06 17:08:00+00:00,2.719899892807007,2.719899892807007,2.719899892807007,2.719899892807007,22654
2026-07-06 17:09:00+00:00,2.7112998962402344,2.7112998962402344,2.7112998962402344,2.7112998962402344,402
2026-07-06 17:10:00+00:00,2.719899892807007,2.719899892807007,2.7149999141693115,2.7149999141693115,36899
2026-07-06 17:11:00+00:00,2.7200000286102295,2.7200000286102295,2.7186999320983887,2.719899892807007,156743
2026-07-06 17:12:00+00:00,2.7249999046325684,2.7249999046325684,2.720099925994873,2.720099925994873,38500
2026-07-06 17:13:00+00:00,2.723599910736084,2.723599910736084,2.723599910736084,2.723599910736084,0
2026-07-06 17:14:00+00:00,2.7249999046325684,2.7249999046325684,2.7249999046325684,2.7249999046325684,9971
2026-07-06 17:17:00+00:00,2.7249999046325684,2.7249999046325684,2.7249999046325684,2.7249999046325684,3074
2026-07-06 17:18:00+00:00,2.7300000190734863,2.7300000190734863,2.7298998832702637,2.7298998832702637,24827
2026-07-06 17:19:00+00:00,2.7399001121520996,2.7399001121520996,2.734999895095825,2.734999895095825,8100
2026-07-06 17:20:00+00:00,2.734999895095825,2.7432000637054443,2.734999895095825,2.7400999069213867,48162
2026-07-06 17:21:00+00:00,2.7400999069213867,2.744999885559082,2.740000009536743,2.744999885559082,66744
2026-07-06 17:22:00+00:00,2.744999885559082,2.748800039291382,2.740000009536743,2.740000009536743,48647
2026-07-06 17:23:00+00:00,2.7499001026153564,2.7499001026153564,2.740000009536743,2.740000009536743,167932
2026-07-06 17:24:00+00:00,2.75,2.75,2.744999885559082,2.744999885559082,9129
2026-07-06 17:25:00+00:00,2.740000009536743,2.740000009536743,2.7300000190734863,2.7300000190734863,38350
2026-07-06 17:26:00+00:00,2.7302000522613525,2.734999895095825,2.7200000286102295,2.7200000286102295,5537
2026-07-06 17:27:00+00:00,2.7249999046325684,2.7300000190734863,2.7200000286102295,2.7300000190734863,221315
2026-07-06 17:28:00+00:00,2.7249999046325684,2.7300000190734863,2.7200000286102295,2.7298998832702637,32134
2026-07-06 17:29:00+00:00,2.7300000190734863,2.738800048828125,2.7284998893737793,2.73009991645813,79095
2026-07-06 17:30:00+00:00,2.73009991645813,2.734999895095825,2.7249999046325684,2.7300000190734863,454867
2026-07-06 17:31:00+00:00,2.7399001121520996,2.744999885559082,2.7399001121520996,2.744999885559082,20768
2026-07-06 17:32:00+00:00,2.740000009536743,2.740000009536743,2.73009991645813,2.73009991645813,164878
2026-07-06 17:33:00+00:00,2.748800039291382,2.748800039291382,2.744999885559082,2.744999885559082,20100
2026-07-06 17:34:00+00:00,2.740000009536743,2.7499001026153564,2.740000009536743,2.7400999069213867,35876
2026-07-06 17:35:00+00:00,2.734999895095825,2.734999895095825,2.734999895095825,2.734999895095825,347
2026-07-06 17:36:00+00:00,2.740000009536743,2.740000009536743,2.740000009536743,2.740000009536743,35283
2026-07-06 17:37:00+00:00,2.7411999702453613,2.75,2.7411999702453613,2.75,16067
2026-07-06 17:38:00+00:00,2.7486000061035156,2.7486000061035156,2.7486000061035156,2.7486000061035156,0
2026-07-06 17:39:00+00:00,2.744999885559082,2.744999885559082,2.744999885559082,2.744999885559082,6000
2026-07-06 17:40:00+00:00,2.740000009536743,2.7497000694274902,2.740000009536743,2.7497000694274902,4553
2026-07-06 17:41:00+00:00,2.7400999069213867,2.759999990463257,2.7400999069213867,2.759999990463257,50306
2026-07-06 17:42:00+00:00,2.751499891281128,2.751499891281128,2.751499891281128,2.751499891281128,476
2026-07-06 17:43:00+00:00,2.759999990463257,2.759999990463257,2.75,2.7500998973846436,64741
2026-07-06 17:44:00+00:00,2.7500998973846436,2.7500998973846436,2.75,2.7500998973846436,4452
2026-07-06 17:46:00+00:00,2.75,2.75,2.75,2.75,1539
2026-07-06 17:47:00+00:00,2.740000009536743,2.7499001026153564,2.740000009536743,2.7499001026153564,51091
2026-07-06 17:48:00+00:00,2.7430999279022217,2.744999885559082,2.7430999279022217,2.744999885559082,898
2026-07-06 17:50:00+00:00,2.743000030517578,2.743000030517578,2.7400999069213867,2.7400999069213867,10632
2026-07-06 17:52:00+00:00,2.744999885559082,2.7499001026153564,2.744999885559082,2.7499001026153564,5939
2026-07-06 17:55:00+00:00,2.75,2.755000114440918,2.7469000816345215,2.755000114440918,157975
2026-07-06 17:56:00+00:00,2.755000114440918,2.755000114440918,2.7500998973846436,2.7500998973846436,10710
2026-07-06 17:57:00+00:00,2.755000114440918,2.755000114440918,2.75,2.7500998973846436,108555
2026-07-06 17:58:00+00:00,2.755000114440918,2.755000114440918,2.755000114440918,2.755000114440918,3000
2026-07-06 18:00:00+00:00,2.759999990463257,2.759999990463257,2.752000093460083,2.755000114440918,6664
2026-07-06 18:02:00+00:00,2.75,2.75,2.7400999069213867,2.7499001026153564,16385
2026-07-06 18:03:00+00:00,2.7402000427246094,2.75,2.7402000427246094,2.744999885559082,10435
2026-07-06 18:06:00+00:00,2.7499001026153564,2.7499001026153564,2.7432000637054443,2.7432000637054443,3900
2026-07-06 18:07:00+00:00,2.744999885559082,2.744999885559082,2.740000009536743,2.7402000427246094,5872
2026-07-06 18:08:00+00:00,2.740000009536743,2.740000009536743,2.734999895095825,2.734999895095825,12463
2026-07-06 18:10:00+00:00,2.7300000190734863,2.73009991645813,2.7300000190734863,2.73009991645813,3990
2026-07-06 18:11:00+00:00,2.734999895095825,2.734999895095825,2.7302000522613525,2.734999895095825,0
2026-07-06 18:14:00+00:00,2.733099937438965,2.7400999069213867,2.733099937438965,2.7400999069213867,239494
2026-07-06 18:15:00+00:00,2.744999885559082,2.744999885559082,2.734999895095825,2.734999895095825,217355
2026-07-06 18:18:00+00:00,2.740000009536743,2.740000009536743,2.740000009536743,2.740000009536743,10247
2026-07-06 18:19:00+00:00,2.73009991645813,2.73009991645813,2.73009991645813,2.73009991645813,207
2026-07-06 18:21:00+00:00,2.734999895095825,2.734999895095825,2.7249999046325684,2.7249999046325684,2586
2026-07-06 18:22:00+00:00,2.7300000190734863,2.7300000190734863,2.7298998832702637,2.7300000190734863,14234
2026-07-06 18:23:00+00:00,2.7298998832702637,2.7300000190734863,2.7298998832702637,2.7300000190734863,46277
2026-07-06 18:24:00+00:00,2.7300000190734863,2.7300000190734863,2.7286999225616455,2.7300000190734863,166260
2026-07-06 18:25:00+00:00,2.7249999046325684,2.73009991645813,2.7239999771118164,2.73009991645813,46000
2026-07-06 18:26:00+00:00,2.73009991645813,2.73009991645813,2.73009991645813,2.73009991645813,7803
2026-07-06 18:27:00+00:00,2.739799976348877,2.740000009536743,2.739799976348877,2.7399001121520996,27157
2026-07-06 18:28:00+00:00,2.7399001121520996,2.7435998916625977,2.734999895095825,2.7435998916625977,80230
2026-07-06 18:31:00+00:00,2.744999885559082,2.744999885559082,2.744999885559082,2.744999885559082,409
2026-07-06 18:32:00+00:00,2.75,2.75,2.75,2.75,56419
2026-07-06 18:34:00+00:00,2.755000114440918,2.755000114440918,2.755000114440918,2.755000114440918,0
2026-07-06 18:36:00+00:00,2.7597999572753906,2.7597999572753906,2.755000114440918,2.755000114440918,300
2026-07-06 18:37:00+00:00,2.7500998973846436,2.755000114440918,2.75,2.7500998973846436,200526
2026-07-06 18:38:00+00:00,2.75,2.75,2.75,2.75,378
2026-07-06 18:43:00+00:00,2.7500998973846436,2.750200033187866,2.75,2.7500998973846436,13560
2026-07-06 18:44:00+00:00,2.7499001026153564,2.75,2.744999885559082,2.75,114140
2026-07-06 18:46:00+00:00,2.7400999069213867,2.7400999069213867,2.740000009536743,2.7400999069213867,81440
2026-07-06 18:47:00+00:00,2.734999895095825,2.75,2.7300000190734863,2.75,39503
2026-07-06 18:49:00+00:00,2.7499001026153564,2.75,2.740000009536743,2.744999885559082,50900
2026-07-06 18:50:00+00:00,2.75,2.75,2.749799966812134,2.7499001026153564,163324
2026-07-06 18:52:00+00:00,2.7497000694274902,2.7497000694274902,2.7497000694274902,2.7497000694274902,7661
2026-07-06 18:53:00+00:00,2.748500108718872,2.750999927520752,2.746999979019165,2.7500998973846436,284908
2026-07-06 18:54:00+00:00,2.750200033187866,2.750200033187866,2.7500998973846436,2.7500998973846436,31598
2026-07-06 18:55:00+00:00,2.7500998973846436,2.751300096511841,2.75,2.7500998973846436,20230
2026-07-06 18:56:00+00:00,2.75,2.75,2.744999885559082,2.744999885559082,30614
2026-07-06 18:57:00+00:00,2.7400999069213867,2.7400999069213867,2.7400999069213867,2.7400999069213867,7350
2026-07-06 18:58:00+00:00,2.7402000427246094,2.744999885559082,2.7402000427246094,2.744999885559082,7001
2026-07-06 19:00:00+00:00,2.7471001148223877,2.7471001148223877,2.7471001148223877,2.7471001148223877,4104
2026-07-06 19:02:00+00:00,2.75,2.75,2.744999885559082,2.75,10490
2026-07-06 19:03:00+00:00,2.75,2.751499891281128,2.744999885559082,2.751499891281128,191564
2026-07-06 19:04:00+00:00,2.7500998973846436,2.759500026702881,2.7500998973846436,2.759500026702881,2096
2026-07-06 19:05:00+00:00,2.7500998973846436,2.755000114440918,2.75,2.75,128169
2026-07-06 19:07:00+00:00,2.759999990463257,2.759999990463257,2.759000062942505,2.759000062942505,26442
2026-07-06 19:12:00+00:00,2.734999895095825,2.734999895095825,2.734999895095825,2.734999895095825,313
2026-07-06 19:14:00+00:00,2.740000009536743,2.740000009536743,2.734999895095825,2.740000009536743,73526
2026-07-06 19:15:00+00:00,2.740000009536743,2.744999885559082,2.7397000789642334,2.744999885559082,43630
2026-07-06 19:16:00+00:00,2.744999885559082,2.744999885559082,2.740000009536743,2.741300106048584,39767
2026-07-06 19:17:00+00:00,2.740000009536743,2.7400999069213867,2.734999895095825,2.734999895095825,870
2026-07-06 19:18:00+00:00,2.734999895095825,2.7399001121520996,2.7328999042510986,2.7399001121520996,3919
2026-07-06 19:20:00+00:00,2.73009991645813,2.73009991645813,2.73009991645813,2.73009991645813,770
2026-07-06 19:22:00+00:00,2.740000009536743,2.740000009536743,2.740000009536743,2.740000009536743,10000
2026-07-06 19:23:00+00:00,2.736999988555908,2.736999988555908,2.7300000190734863,2.7300000190734863,721
2026-07-06 19:26:00+00:00,2.73799991607666,2.73799991607666,2.7309999465942383,2.7309999465942383,21000
2026-07-06 19:30:00+00:00,2.7300000190734863,2.7311999797821045,2.7300000190734863,2.7311999797821045,0
2026-07-06 19:31:00+00:00,2.734999895095825,2.740000009536743,2.734999895095825,2.740000009536743,91743
2026-07-06 19:32:00+00:00,2.741300106048584,2.744999885559082,2.740000009536743,2.744999885559082,70512
2026-07-06 19:33:00+00:00,2.740000009536743,2.740000009536743,2.734999895095825,2.734999895095825,1021
2026-07-06 19:36:00+00:00,2.7399001121520996,2.740000009536743,2.7399001121520996,2.740000009536743,15535
2026-07-06 19:41:00+00:00,2.7300000190734863,2.7300000190734863,2.7200000286102295,2.7200000286102295,45291
2026-07-06 19:43:00+00:00,2.7249999046325684,2.7249999046325684,2.7249999046325684,2.7249999046325684,3466
2026-07-06 19:44:00+00:00,2.7202999591827393,2.7202999591827393,2.7202999591827393,2.7202999591827393,17219
2026-07-06 19:48:00+00:00,2.7211999893188477,2.7211999893188477,2.7200000286102295,2.720099925994873,1275
2026-07-06 19:49:00+00:00,2.7249999046325684,2.7300000190734863,2.7249999046325684,2.7300000190734863,19900
2026-07-06 19:50:00+00:00,2.7300000190734863,2.7499001026153564,2.7300000190734863,2.740000009536743,141096
2026-07-06 19:51:00+00:00,2.740000009536743,2.744999885559082,2.734999895095825,2.740000009536743,102545
2026-07-06 19:53:00+00:00,2.744999885559082,2.7497000694274902,2.744999885559082,2.744999885559082,33531
2026-07-06 19:54:00+00:00,2.75,2.75,2.75,2.75,4000
2026-07-06 19:55:00+00:00,2.75,2.759999990463257,2.75,2.759999990463257,27770
2026-07-06 19:56:00+00:00,2.7588000297546387,2.7588000297546387,2.7588000297546387,2.7588000297546387,11060
2026-07-06 19:57:00+00:00,2.7599000930786133,2.7599000930786133,2.744999885559082,2.749799966812134,76480
2026-07-06 19:58:00+00:00,2.75,2.759999990463257,2.75,2.75,163975
2026-07-06 19:59:00+00:00,2.755000114440918,2.7588000297546387,2.7500998973846436,2.755000114440918,133604
2026-07-06 20:00:00+00:00,2.751,2.751,2.75,2.751,0
2026-07-06 20:01:00+00:00,2.7532,2.7532,2.7532,2.7532,0
2026-07-06 20:04:00+00:00,2.755,2.755,2.75,2.75,0
2026-07-06 20:07:00+00:00,2.7501,2.7501,2.7501,2.7501,0
2026-07-06 20:10:00+00:00,2.75,2.75,2.75,2.75,0
2026-07-06 20:12:00+00:00,2.75,2.75,2.75,2.75,0
2026-07-06 20:15:00+00:00,2.7599,2.7599,2.7599,2.7599,0
2026-07-06 20:21:00+00:00,2.76,2.76,2.76,2.76,0
2026-07-06 20:28:00+00:00,2.7502,2.7502,2.7502,2.7502,0
2026-07-06 20:29:00+00:00,2.75,2.76,2.75,2.76,0
2026-07-06 20:31:00+00:00,2.76,2.76,2.76,2.76,0
2026-07-06 20:32:00+00:00,2.76,2.76,2.75,2.75,0
2026-07-06 20:34:00+00:00,2.76,2.76,2.76,2.76,0
2026-07-06 20:35:00+00:00,2.76,2.76,2.76,2.76,0
2026-07-06 20:41:00+00:00,2.7569,2.7569,2.7569,2.7569,0
2026-07-06 20:43:00+00:00,2.75,2.75,2.75,2.75,0
2026-07-06 20:44:00+00:00,2.76,2.76,2.76,2.76,0
2026-07-06 20:51:00+00:00,2.7568,2.7568,2.7568,2.7568,0
2026-07-06 20:52:00+00:00,2.76,2.76,2.76,2.76,0
2026-07-06 20:54:00+00:00,2.7502,2.7502,2.7502,2.7502,0
2026-07-06 21:03:00+00:00,2.7503,2.7503,2.75,2.75,0
2026-07-06 21:17:00+00:00,2.75,2.75,2.75,2.75,0
2026-07-06 21:26:00+00:00,2.74,2.7404,2.74,2.7404,0
2026-07-06 21:28:00+00:00,2.75,2.75,2.75,2.75,0
2026-07-06 21:36:00+00:00,2.7413,2.75,2.7413,2.75,0
2026-07-06 21:41:00+00:00,2.7499,2.7499,2.7499,2.7499,0
2026-07-06 21:48:00+00:00,2.7402,2.7402,2.74,2.74,0
2026-07-06 22:01:00+00:00,2.74,2.74,2.74,2.74,0
2026-07-06 22:03:00+00:00,2.7499,2.7499,2.7499,2.7499,0
2026-07-06 22:20:00+00:00,2.75,2.75,2.75,2.75,0
2026-07-06 22:26:00+00:00,2.75,2.75,2.75,2.75,0
2026-07-06 22:28:00+00:00,2.7499,2.7499,2.7499,2.7499,0
2026-07-06 22:30:00+00:00,2.75,2.75,2.75,2.75,0
2026-07-06 22:31:00+00:00,2.7498,2.7498,2.7498,2.7498,0
2026-07-06 22:38:00+00:00,2.7497,2.7497,2.7497,2.7497,0
2026-07-06 22:41:00+00:00,2.7498,2.7498,2.7498,2.7498,0
2026-07-06 23:00:00+00:00,2.755,2.755,2.755,2.755,0
2026-07-06 23:04:00+00:00,2.76,2.76,2.76,2.76,0
2026-07-06 23:06:00+00:00,2.75,2.75,2.75,2.75,0
2026-07-06 23:07:00+00:00,2.76,2.76,2.76,2.76,0
2026-07-06 23:10:00+00:00,2.76,2.76,2.76,2.76,0
2026-07-06 23:11:00+00:00,2.76,2.76,2.76,2.76,0
2026-07-06 23:16:00+00:00,2.76,2.76,2.76,2.76,0
2026-07-06 23:17:00+00:00,2.7599,2.7599,2.7599,2.7599,0
2026-07-06 23:18:00+00:00,2.76,2.76,2.76,2.76,0
2026-07-06 23:19:00+00:00,2.7601,2.7601,2.7601,2.7601,0
2026-07-06 23:20:00+00:00,2.7697,2.77,2.7697,2.77,0
2026-07-06 23:21:00+00:00,2.76,2.77,2.76,2.77,0
2026-07-06 23:22:00+00:00,2.76,2.76,2.76,2.76,0
2026-07-06 23:29:00+00:00,2.76,2.76,2.76,2.76,0
2026-07-06 23:32:00+00:00,2.76,2.76,2.76,2.76,0
2026-07-06 23:34:00+00:00,2.7699,2.7699,2.7699,2.7699,0
2026-07-06 23:39:00+00:00,2.77,2.77,2.77,2.77,0
2026-07-06 23:42:00+00:00,2.7613,2.7613,2.7613,2.7613,0
2026-07-06 23:45:00+00:00,2.7601,2.7601,2.7601,2.7601,0
2026-07-06 23:58:00+00:00,2.77,2.77,2.77,2.77,0
2026-07-06 23:59:00+00:00,2.77,2.77,2.77,2.77,0
2026-07-07 08:00:00+00:00,2.82,2.85,2.82,2.82,0
2026-07-07 08:01:00+00:00,2.8,2.85,2.8,2.82,0
2026-07-07 08:02:00+00:00,2.83,2.8399,2.83,2.8399,0
2026-07-07 08:05:00+00:00,2.83,2.83,2.83,2.83,0
2026-07-07 08:07:00+00:00,2.84,2.84,2.84,2.84,0
2026-07-07 08:12:00+00:00,2.8498,2.8498,2.8498,2.8498,0
2026-07-07 08:18:00+00:00,2.84,2.84,2.84,2.84,0
2026-07-07 08:27:00+00:00,2.845,2.845,2.845,2.845,0
2026-07-07 08:36:00+00:00,2.85,2.85,2.85,2.85,0
2026-07-07 08:39:00+00:00,2.85,2.85,2.85,2.85,0
2026-07-07 08:49:00+00:00,2.845,2.845,2.845,2.845,0
2026-07-07 09:43:00+00:00,2.87,2.87,2.87,2.87,0
2026-07-07 09:45:00+00:00,2.8705,2.8705,2.8705,2.8705,0
2026-07-07 11:00:00+00:00,2.86,2.865,2.86,2.86,0
2026-07-07 11:01:00+00:00,2.86,2.8613,2.86,2.86,0
2026-07-07 11:02:00+00:00,2.86,2.8713,2.86,2.8703,0
2026-07-07 11:06:00+00:00,2.8899,2.8899,2.8899,2.8899,0
2026-07-07 11:07:00+00:00,2.89,2.89,2.89,2.89,0
2026-07-07 11:08:00+00:00,2.87,2.8797,2.87,2.8701,0
2026-07-07 11:09:00+00:00,2.8803,2.8803,2.88,2.88,0
2026-07-07 11:10:00+00:00,2.8898,2.8898,2.8898,2.8898,0
2026-07-07 11:11:00+00:00,2.8813,2.8813,2.8813,2.8813,0
2026-07-07 11:12:00+00:00,2.8899,2.8899,2.8899,2.8899,0
2026-07-07 11:15:00+00:00,2.8802,2.8802,2.8802,2.8802,0
2026-07-07 11:16:00+00:00,2.88,2.88,2.88,2.88,0
2026-07-07 11:21:00+00:00,2.88,2.88,2.88,2.88,0
2026-07-07 11:23:00+00:00,2.8799,2.8799,2.8799,2.8799,0
2026-07-07 11:24:00+00:00,2.8701,2.8701,2.8701,2.8701,0
2026-07-07 11:25:00+00:00,2.87,2.87,2.87,2.87,0
2026-07-07 11:26:00+00:00,2.8799,2.8799,2.87,2.87,0
2026-07-07 11:35:00+00:00,2.88,2.88,2.88,2.88,0
2026-07-07 11:38:00+00:00,2.88,2.89,2.88,2.89,0
2026-07-07 11:39:00+00:00,2.88,2.88,2.88,2.88,0
2026-07-07 11:42:00+00:00,2.89,2.89,2.89,2.89,0
2026-07-07 11:43:00+00:00,2.8887,2.8887,2.8884,2.8884,0
2026-07-07 11:44:00+00:00,2.88,2.88,2.88,2.88,0
2026-07-07 11:46:00+00:00,2.87,2.87,2.87,2.87,0
2026-07-07 11:47:00+00:00,2.87,2.87,2.87,2.87,0
2026-07-07 11:48:00+00:00,2.87,2.87,2.87,2.87,0
2026-07-07 11:51:00+00:00,2.875,2.875,2.875,2.875,0
2026-07-07 11:53:00+00:00,2.87,2.8762,2.87,2.8762,0
2026-07-07 11:55:00+00:00,2.88,2.88,2.87,2.8702,0
2026-07-07 11:56:00+00:00,2.8701,2.8701,2.8701,2.8701,0
2026-07-07 11:57:00+00:00,2.87,2.87,2.8697,2.8697,0
2026-07-07 11:58:00+00:00,2.86,2.8613,2.86,2.8613,0
2026-07-07 12:01:00+00:00,2.86,2.8699,2.86,2.8699,0
2026-07-07 12:03:00+00:00,2.86,2.86,2.86,2.86,0
2026-07-07 12:04:00+00:00,2.8603,2.8603,2.8603,2.8603,0
2026-07-07 12:05:00+00:00,2.86,2.86,2.86,2.86,0
2026-07-07 12:06:00+00:00,2.8564,2.8564,2.8564,2.8564,0
2026-07-07 12:08:00+00:00,2.85,2.85,2.85,2.85,0
2026-07-07 12:09:00+00:00,2.8599,2.8599,2.8599,2.8599,0
2026-07-07 12:10:00+00:00,2.8587,2.8587,2.8587,2.8587,0
2026-07-07 12:15:00+00:00,2.857,2.857,2.857,2.857,0
2026-07-07 12:18:00+00:00,2.87,2.87,2.87,2.87,0
2026-07-07 12:20:00+00:00,2.8697,2.8697,2.8697,2.8697,0
2026-07-07 12:26:00+00:00,2.85,2.85,2.85,2.85,0
2026-07-07 12:31:00+00:00,2.87,2.87,2.86,2.8697,0
2026-07-07 12:33:00+00:00,2.86,2.86,2.86,2.86,0
2026-07-07 12:35:00+00:00,2.8602,2.8699,2.8602,2.8602,0
2026-07-07 12:45:00+00:00,2.86,2.86,2.86,2.86,0
2026-07-07 12:48:00+00:00,2.87,2.87,2.87,2.87,0
2026-07-07 12:49:00+00:00,2.88,2.88,2.88,2.88,0
2026-07-07 12:52:00+00:00,2.8705,2.8705,2.8705,2.8705,0
2026-07-07 12:53:00+00:00,2.8791,2.8791,2.8791,2.8791,0
2026-07-07 12:54:00+00:00,2.87,2.87,2.87,2.87,0
2026-07-07 12:55:00+00:00,2.8701,2.8701,2.8701,2.8701,0
2026-07-07 12:56:00+00:00,2.88,2.88,2.88,2.88,0
2026-07-07 12:59:00+00:00,2.88,2.88,2.88,2.88,0
2026-07-07 13:07:00+00:00,2.88,2.88,2.88,2.88,0
2026-07-07 13:09:00+00:00,2.8798,2.8798,2.8798,2.8798,0
2026-07-07 13:11:00+00:00,2.88,2.88,2.88,2.88,0
2026-07-07 13:15:00+00:00,2.88,2.88,2.88,2.88,0
2026-07-07 13:16:00+00:00,2.89,2.89,2.89,2.89,0
2026-07-07 13:17:00+00:00,2.8898,2.8898,2.8897,2.8898,0
2026-07-07 13:18:00+00:00,2.88,2.88,2.88,2.88,0
2026-07-07 13:19:00+00:00,2.8899,2.89,2.88,2.89,0
2026-07-07 13:20:00+00:00,2.88,2.8803,2.88,2.8803,0
2026-07-07 13:21:00+00:00,2.88,2.88,2.88,2.88,0
2026-07-07 13:25:00+00:00,2.8987,2.8987,2.8987,2.8987,0
2026-07-07 13:26:00+00:00,2.9,2.9,2.9,2.9,0
2026-07-07 13:27:00+00:00,2.8999,2.92,2.8999,2.9102,0
2026-07-07 13:28:00+00:00,2.92,2.93,2.92,2.9299,0
2026-07-07 13:29:00+00:00,2.93,2.93,2.93,2.93,0
2026-07-07 13:30:00+00:00,2.930000066757202,2.940000057220459,2.9049999713897705,2.9200000762939453,589866
2026-07-07 13:31:00+00:00,2.9149999618530273,2.934999942779541,2.9149999618530273,2.920099973678589,79269
2026-07-07 13:32:00+00:00,2.924999952316284,2.944999933242798,2.9100000858306885,2.9400999546051025,135380
2026-07-07 13:33:00+00:00,2.940000057220459,2.9581000804901123,2.940000057220459,2.9549999237060547,144086
2026-07-07 13:34:00+00:00,2.9549999237060547,2.9695000648498535,2.950000047683716,2.9600000381469727,238541
2026-07-07 13:35:00+00:00,2.9649999141693115,2.969899892807007,2.950000047683716,2.9588000774383545,41648
2026-07-07 13:36:00+00:00,2.950000047683716,2.950000047683716,2.940000057220459,2.940999984741211,167849
2026-07-07 13:37:00+00:00,2.941200017929077,2.950000047683716,2.940000057220459,2.940000057220459,224627
2026-07-07 13:38:00+00:00,2.950000047683716,2.9600000381469727,2.944999933242798,2.9600000381469727,96356
2026-07-07 13:39:00+00:00,2.9600000381469727,2.9600000381469727,2.944999933242798,2.944999933242798,34210
2026-07-07 13:40:00+00:00,2.950000047683716,2.95989990234375,2.944999933242798,2.944999933242798,144883
2026-07-07 13:41:00+00:00,2.944999933242798,2.950000047683716,2.940000057220459,2.9400999546051025,136558
2026-07-07 13:42:00+00:00,2.9400999546051025,2.944999933242798,2.934999942779541,2.934999942779541,12466
2026-07-07 13:43:00+00:00,2.934999942779541,2.934999942779541,2.9200000762939453,2.930000066757202,173958
2026-07-07 13:44:00+00:00,2.9312000274658203,2.9312000274658203,2.924999952316284,2.924999952316284,54532
2026-07-07 13:45:00+00:00,2.924999952316284,2.930000066757202,2.920099973678589,2.924999952316284,42431
2026-07-07 13:46:00+00:00,2.924999952316284,2.9398999214172363,2.924999952316284,2.930000066757202,140255
2026-07-07 13:47:00+00:00,2.930000066757202,2.934999942779541,2.930000066757202,2.934999942779541,42606
2026-07-07 13:48:00+00:00,2.934999942779541,2.934999942779541,2.924999952316284,2.934999942779541,142737
2026-07-07 13:49:00+00:00,2.934999942779541,2.9400999546051025,2.9300999641418457,2.9400999546051025,283994
2026-07-07 13:50:00+00:00,2.949899911880493,2.949899911880493,2.9300999641418457,2.944999933242798,58795
2026-07-07 13:51:00+00:00,2.944999933242798,2.95989990234375,2.944999933242798,2.9500999450683594,179310
2026-07-07 13:52:00+00:00,2.950000047683716,2.950000047683716,2.9398999214172363,2.949899911880493,157908
2026-07-07 13:53:00+00:00,2.949899911880493,2.95989990234375,2.949899911880493,2.95989990234375,92514
2026-07-07 13:54:00+00:00,2.95989990234375,2.95989990234375,2.9500999450683594,2.951200008392334,39966
2026-07-07 13:55:00+00:00,2.9570000171661377,2.9700000286102295,2.9549999237060547,2.9600000381469727,44270
2026-07-07 13:56:00+00:00,2.96370005607605,2.96370005607605,2.9549999237060547,2.960099935531616,266143
2026-07-07 13:57:00+00:00,2.969899892807007,2.969899892807007,2.9500999450683594,2.95989990234375,119126
2026-07-07 13:58:00+00:00,2.95989990234375,2.9649999141693115,2.950000047683716,2.9500999450683594,191905
2026-07-07 13:59:00+00:00,2.9500999450683594,2.9500999450683594,2.940000057220459,2.949899911880493,106610
2026-07-07 14:00:00+00:00,2.944999933242798,2.944999933242798,2.9400999546051025,2.9400999546051025,19271
2026-07-07 14:01:00+00:00,2.940000057220459,2.944999933242798,2.938699960708618,2.9400999546051025,168222
2026-07-07 14:02:00+00:00,2.9400999546051025,2.9400999546051025,2.930000066757202,2.930000066757202,127770
2026-07-07 14:03:00+00:00,2.934999942779541,2.944999933242798,2.934999942779541,2.944999933242798,181552
2026-07-07 14:04:00+00:00,2.950000047683716,2.9549999237060547,2.949899911880493,2.9500999450683594,287537
2026-07-07 14:05:00+00:00,2.9500999450683594,2.9600000381469727,2.950000047683716,2.950000047683716,0
2026-07-07 14:06:00+00:00,2.9463000297546387,2.9463000297546387,2.930000066757202,2.9398000240325928,269831
2026-07-07 14:07:00+00:00,2.9398999214172363,2.950000047683716,2.934999942779541,2.944999933242798,151424
2026-07-07 14:08:00+00:00,2.9400999546051025,2.9500999450683594,2.9400999546051025,2.950000047683716,513668
2026-07-07 14:09:00+00:00,2.9400999546051025,2.9402999877929688,2.940000057220459,2.940000057220459,78491
2026-07-07 14:10:00+00:00,2.950000047683716,2.9549999237060547,2.944999933242798,2.9549999237060547,142763
2026-07-07 14:11:00+00:00,2.9600000381469727,2.9649999141693115,2.9600000381469727,2.960099935531616,311195
2026-07-07 14:12:00+00:00,2.9649999141693115,2.9649999141693115,2.9649999141693115,2.9649999141693115,23429
2026-07-07 14:13:00+00:00,2.969899892807007,2.9700000286102295,2.9649999141693115,2.969899892807007,166726
2026-07-07 14:14:00+00:00,2.9700000286102295,2.9700000286102295,2.969899892807007,2.9700000286102295,93051
2026-07-07 14:15:00+00:00,2.9749999046325684,2.990000009536743,2.9749999046325684,2.98009991645813,357609
2026-07-07 14:16:00+00:00,2.984999895095825,2.984999895095825,2.970099925994873,2.9800000190734863,256943
2026-07-07 14:17:00+00:00,2.980299949645996,2.990000009536743,2.98009991645813,2.989300012588501,125287
2026-07-07 14:18:00+00:00,2.98009991645813,2.98009991645813,2.9700000286102295,2.9800000190734863,129741
2026-07-07 14:19:00+00:00,2.9800000190734863,2.9800000190734863,2.9700000286102295,2.9700000286102295,30822
2026-07-07 14:20:00+00:00,2.9600000381469727,2.9800000190734863,2.9600000381469727,2.9798998832702637,424022
2026-07-07 14:21:00+00:00,2.9800000190734863,2.9800000190734863,2.970099925994873,2.970099925994873,0
2026-07-07 14:22:00+00:00,2.970099925994873,2.978800058364868,2.970099925994873,2.978800058364868,25561
2026-07-07 14:23:00+00:00,2.9798998832702637,2.9800000190734863,2.9797000885009766,2.9798998832702637,308052
2026-07-07 14:24:00+00:00,2.9800000190734863,2.984999895095825,2.9800000190734863,2.98009991645813,33882
2026-07-07 14:25:00+00:00,2.98009991645813,2.990000009536743,2.98009991645813,2.990000009536743,69242
2026-07-07 14:26:00+00:00,2.9800000190734863,2.990000009536743,2.9800000190734863,2.990000009536743,263598
2026-07-07 14:27:00+00:00,2.9800000190734863,2.9800000190734863,2.9700000286102295,2.970099925994873,159664
2026-07-07 14:28:00+00:00,2.9600000381469727,2.961199998855591,2.9600000381469727,2.961199998855591,53108
2026-07-07 14:29:00+00:00,2.9600000381469727,2.966900110244751,2.9600000381469727,2.966900110244751,21260
2026-07-07 14:30:00+00:00,2.9600000381469727,2.9600000381469727,2.9600000381469727,2.9600000381469727,22400
2026-07-07 14:31:00+00:00,2.9600000381469727,2.9600000381469727,2.950000047683716,2.9549999237060547,65288
2026-07-07 14:32:00+00:00,2.9600000381469727,2.9649999141693115,2.9600000381469727,2.9649999141693115,145065
2026-07-07 14:33:00+00:00,2.960099935531616,2.960099935531616,2.950000047683716,2.95989990234375,155665
2026-07-07 14:34:00+00:00,2.9549999237060547,2.9700000286102295,2.950000047683716,2.9700000286102295,174244
2026-07-07 14:35:00+00:00,2.9697999954223633,2.9800000190734863,2.9697999954223633,2.9797000885009766,465278
2026-07-07 14:36:00+00:00,2.9800000190734863,2.9899001121520996,2.9700000286102295,2.9711999893188477,330879
2026-07-07 14:37:00+00:00,2.9776999950408936,2.9776999950408936,2.9776999950408936,2.9776999950408936,9600
2026-07-07 14:38:00+00:00,2.9800000190734863,2.9800000190734863,2.9749999046325684,2.9800000190734863,313147
2026-07-07 14:39:00+00:00,2.98009991645813,2.984999895095825,2.9700000286102295,2.9798998832702637,493835
2026-07-07 14:40:00+00:00,2.984999895095825,2.984999895095825,2.98009991645813,2.9820001125335693,93079
2026-07-07 14:41:00+00:00,2.990000009536743,3.0,2.9899001121520996,2.994999885559082,152923
2026-07-07 14:42:00+00:00,2.994999885559082,3.0,2.994999885559082,2.994999885559082,15264
2026-07-07 14:43:00+00:00,2.994999885559082,2.994999885559082,2.994999885559082,2.994999885559082,17958
2026-07-07 14:44:00+00:00,2.9999001026153564,3.0,2.990000009536743,2.9999001026153564,244762
2026-07-07 14:45:00+00:00,2.998699903488159,2.998699903488159,2.990000009536743,2.997999906539917,12417
2026-07-07 14:46:00+00:00,2.9999001026153564,2.9999001026153564,2.990000009536743,2.9900999069213867,151134
2026-07-07 14:47:00+00:00,2.9900999069213867,2.990299940109253,2.9800000190734863,2.9800000190734863,498835
2026-07-07 14:48:00+00:00,2.984999895095825,2.990000009536743,2.9825000762939453,2.990000009536743,272308
2026-07-07 14:49:00+00:00,2.991499900817871,2.994999885559082,2.9899001121520996,2.990000009536743,779964
2026-07-07 14:50:00+00:00,2.990000009536743,2.999799966812134,2.9899001121520996,2.990000009536743,35322
2026-07-07 14:51:00+00:00,2.9900999069213867,2.9900999069213867,2.9800000190734863,2.9899001121520996,207589
2026-07-07 14:52:00+00:00,2.9899001121520996,2.9899001121520996,2.9800000190734863,2.9800000190734863,98154
2026-07-07 14:53:00+00:00,2.98009991645813,2.9809999465942383,2.970099925994873,2.970099925994873,187544
2026-07-07 14:54:00+00:00,2.9798998832702637,2.984999895095825,2.9749999046325684,2.984999895095825,167327
2026-07-07 14:55:00+00:00,2.98009991645813,2.984999895095825,2.9700000286102295,2.9798998832702637,376364
2026-07-07 14:56:00+00:00,2.9798998832702637,2.990000009536743,2.9798998832702637,2.984999895095825,165931
2026-07-07 14:57:00+00:00,2.984999895095825,2.990000009536743,2.9700000286102295,2.9700000286102295,363605
2026-07-07 14:58:00+00:00,2.9749999046325684,2.9749999046325684,2.9700000286102295,2.9700000286102295,5972
2026-07-07 14:59:00+00:00,2.9709999561309814,2.9709999561309814,2.9700000286102295,2.9700000286102295,651375
2026-07-07 15:00:00+00:00,2.9711999893188477,2.9798998832702637,2.9711999893188477,2.9749999046325684,40196
2026-07-07 15:01:00+00:00,2.9800000190734863,2.9900999069213867,2.9798998832702637,2.990000009536743,359260
2026-07-07 15:02:00+00:00,2.984999895095825,2.984999895095825,2.984999895095825,2.984999895095825,3875
2026-07-07 15:03:00+00:00,2.980299949645996,2.980299949645996,2.980299949645996,2.980299949645996,20500
2026-07-07 15:04:00+00:00,2.9800000190734863,2.9899001121520996,2.9798998832702637,2.9899001121520996,216084
2026-07-07 15:05:00+00:00,2.98009991645813,2.98009991645813,2.98009991645813,2.98009991645813,49003
2026-07-07 15:07:00+00:00,2.990000009536743,2.990000009536743,2.9899001121520996,2.9899001121520996,76465
2026-07-07 15:09:00+00:00,2.9834001064300537,2.984999895095825,2.9820001125335693,2.984999895095825,2500
2026-07-07 15:10:00+00:00,2.98009991645813,2.98009991645813,2.9790000915527344,2.9790000915527344,151689
2026-07-07 15:11:00+00:00,2.9800000190734863,2.9800000190734863,2.9800000190734863,2.9800000190734863,4930
2026-07-07 15:12:00+00:00,2.9700000286102295,2.9700000286102295,2.9700000286102295,2.9700000286102295,16718
2026-07-07 15:13:00+00:00,2.9700000286102295,2.9700000286102295,2.9600000381469727,2.960099935531616,52096
2026-07-07 15:14:00+00:00,2.9612998962402344,2.9700000286102295,2.9612998962402344,2.969899892807007,66000
2026-07-07 15:15:00+00:00,2.969899892807007,2.9800000190734863,2.969899892807007,2.9800000190734863,61652
2026-07-07 15:16:00+00:00,2.9800000190734863,2.9800000190734863,2.9800000190734863,2.9800000190734863,51500
2026-07-07 15:18:00+00:00,2.98009991645813,2.990000009536743,2.9800000190734863,2.981300115585327,82596
2026-07-07 15:19:00+00:00,2.984999895095825,2.984999895095825,2.9802000522613525,2.9802000522613525,16493
2026-07-07 15:21:00+00:00,2.984999895095825,2.984999895095825,2.984999895095825,2.984999895095825,12061
2026-07-07 15:22:00+00:00,2.9800000190734863,2.98009991645813,2.9749999046325684,2.9800000190734863,335835
2026-07-07 15:23:00+00:00,2.98009991645813,2.98009991645813,2.98009991645813,2.98009991645813,68953
2026-07-07 15:24:00+00:00,2.984999895095825,2.984999895095825,2.984999895095825,2.984999895095825,30106
2026-07-07 15:25:00+00:00,2.984999895095825,2.988800048828125,2.984999895095825,2.988800048828125,27703
2026-07-07 15:26:00+00:00,2.9800000190734863,2.984999895095825,2.9749999046325684,2.9749999046325684,180543
2026-07-07 15:27:00+00:00,2.9800000190734863,2.9800000190734863,2.969899892807007,2.969899892807007,142539
2026-07-07 15:28:00+00:00,2.969899892807007,2.9749999046325684,2.969899892807007,2.9749999046325684,115328
2026-07-07 15:29:00+00:00,2.970099925994873,2.970099925994873,2.9700000286102295,2.9700000286102295,43103
2026-07-07 15:30:00+00:00,2.9649999141693115,2.9649999141693115,2.9600000381469727,2.9600000381469727,15585
2026-07-07 15:32:00+00:00,2.9700000286102295,2.9700000286102295,2.9700000286102295,2.9700000286102295,31712
2026-07-07 15:33:00+00:00,2.9539999961853027,2.9539999961853027,2.9539999961853027,2.9539999961853027,1693
2026-07-07 15:34:00+00:00,2.9600000381469727,2.9600000381469727,2.9600000381469727,2.9600000381469727,1692
2026-07-07 15:35:00+00:00,2.9600000381469727,2.9649999141693115,2.9549999237060547,2.9649999141693115,195169
2026-07-07 15:36:00+00:00,2.960099935531616,2.9649999141693115,2.9516000747680664,2.9600000381469727,386755
2026-07-07 15:39:00+00:00,2.9649999141693115,2.9649999141693115,2.9649999141693115,2.9649999141693115,5293
2026-07-07 15:40:00+00:00,2.9697000980377197,2.9719998836517334,2.9612998962402344,2.970099925994873,231747
2026-07-07 15:41:00+00:00,2.9798998832702637,2.9798998832702637,2.9700000286102295,2.9700000286102295,22872
2026-07-07 15:42:00+00:00,2.9625000953674316,2.9625000953674316,2.9625000953674316,2.9625000953674316,152985
2026-07-07 15:43:00+00:00,2.9649999141693115,2.9649999141693115,2.9649999141693115,2.9649999141693115,18401
2026-07-07 15:44:00+00:00,2.9600000381469727,2.9600000381469727,2.9600000381469727,2.9600000381469727,77669
2026-07-07 15:48:00+00:00,2.9549999237060547,2.9549999237060547,2.9549999237060547,2.9549999237060547,468
2026-07-07 15:49:00+00:00,2.95989990234375,2.95989990234375,2.9549999237060547,2.95989990234375,25949
2026-07-07 15:52:00+00:00,2.9500999450683594,2.9549999237060547,2.950000047683716,2.950000047683716,105117
2026-07-07 15:54:00+00:00,2.944999933242798,2.944999933242798,2.944999933242798,2.944999933242798,9500
2026-07-07 15:57:00+00:00,2.940200090408325,2.940200090408325,2.940200090408325,2.940200090408325,9388
2026-07-07 15:58:00+00:00,2.940000057220459,2.950000047683716,2.940000057220459,2.944999933242798,18455
2026-07-07 15:59:00+00:00,2.944999933242798,2.944999933242798,2.944999933242798,2.944999933242798,0
2026-07-07 16:00:00+00:00,2.944999933242798,2.944999933242798,2.940000057220459,2.940000057220459,3101
2026-07-07 16:01:00+00:00,2.9312000274658203,2.934999942779541,2.9312000274658203,2.934999942779541,24308
2026-07-07 16:02:00+00:00,2.930000066757202,2.930000066757202,2.9212000370025635,2.9212000370025635,19677
2026-07-07 16:03:00+00:00,2.924999952316284,2.924999952316284,2.924999952316284,2.924999952316284,7320
2026-07-07 16:05:00+00:00,2.924999952316284,2.934999942779541,2.924999952316284,2.930000066757202,378624
2026-07-07 16:06:00+00:00,2.9202001094818115,2.9202001094818115,2.9100000858306885,2.9100000858306885,108170
2026-07-07 16:07:00+00:00,2.9149999618530273,2.924999952316284,2.9149999618530273,2.920099973678589,176800
2026-07-07 16:09:00+00:00,2.9268999099731445,2.9298999309539795,2.9268999099731445,2.9298999309539795,303
2026-07-07 16:10:00+00:00,2.924999952316284,2.924999952316284,2.924999952316284,2.924999952316284,8204
2026-07-07 16:12:00+00:00,2.920099973678589,2.921299934387207,2.9149999618530273,2.9149999618530273,114910
2026-07-07 16:14:00+00:00,2.9163999557495117,2.9163999557495117,2.9163999557495117,2.9163999557495117,1630
2026-07-07 16:15:00+00:00,2.9149999618530273,2.918800115585327,2.9149999618530273,2.918800115585327,2450
2026-07-07 16:17:00+00:00,2.9149999618530273,2.9149999618530273,2.9149999618530273,2.9149999618530273,12121
2026-07-07 16:18:00+00:00,2.9182000160217285,2.9200000762939453,2.9182000160217285,2.9198999404907227,122769
2026-07-07 16:19:00+00:00,2.9198999404907227,2.9198999404907227,2.9198999404907227,2.9198999404907227,18000
2026-07-07 16:20:00+00:00,2.910099983215332,2.910099983215332,2.9100000858306885,2.9100000858306885,122020
2026-07-07 16:21:00+00:00,2.910099983215332,2.912600040435791,2.9100000858306885,2.912600040435791,13840
2026-07-07 16:22:00+00:00,2.9100000858306885,2.9100000858306885,2.9049999713897705,2.9049999713897705,42655
2026-07-07 16:23:00+00:00,2.9000000953674316,2.9049999713897705,2.9000000953674316,2.9049999713897705,11536
2026-07-07 16:24:00+00:00,2.9082000255584717,2.9128000736236572,2.9082000255584717,2.9128000736236572,31673
2026-07-07 16:25:00+00:00,2.9100000858306885,2.9100000858306885,2.9100000858306885,2.9100000858306885,5762
2026-07-07 16:26:00+00:00,2.909899950027466,2.909899950027466,2.9000000953674316,2.9000000953674316,43921
2026-07-07 16:27:00+00:00,2.900099992752075,2.900099992752075,2.900099992752075,2.900099992752075,12632
2026-07-07 16:28:00+00:00,2.9000000953674316,2.9000000953674316,2.8949999809265137,2.8949999809265137,27683
2026-07-07 16:31:00+00:00,2.9000000953674316,2.9000000953674316,2.8949999809265137,2.8949999809265137,3759
2026-07-07 16:32:00+00:00,2.899899959564209,2.899899959564209,2.899899959564209,2.899899959564209,18768
2026-07-07 16:33:00+00:00,2.899899959564209,2.9086999893188477,2.899899959564209,2.9086999893188477,168144
2026-07-07 16:34:00+00:00,2.9012999534606934,2.9012999534606934,2.9012999534606934,2.9012999534606934,25159
2026-07-07 16:35:00+00:00,2.909899950027466,2.9198999404907227,2.9049999713897705,2.9198999404907227,136898
2026-07-07 16:37:00+00:00,2.910099983215332,2.9149999618530273,2.9100000858306885,2.910099983215332,136652
2026-07-07 16:39:00+00:00,2.9149999618530273,2.9149999618530273,2.9149999618530273,2.9149999618530273,10112
2026-07-07 16:40:00+00:00,2.9149999618530273,2.919800043106079,2.910099983215332,2.910099983215332,8725
2026-07-07 16:41:00+00:00,2.9200000762939453,2.9200000762939453,2.9200000762939453,2.9200000762939453,501
2026-07-07 16:42:00+00:00,2.9198999404907227,2.9200000762939453,2.9198999404907227,2.9200000762939453,37534
2026-07-07 16:43:00+00:00,2.9100000858306885,2.9149999618530273,2.9100000858306885,2.910099983215332,39725
2026-07-07 16:44:00+00:00,2.9131999015808105,2.9131999015808105,2.9131999015808105,2.9131999015808105,5082
2026-07-07 16:45:00+00:00,2.910099983215332,2.9149999618530273,2.9100000858306885,2.9100000858306885,121103
2026-07-07 16:46:00+00:00,2.9056999683380127,2.9100000858306885,2.9056999683380127,2.9100000858306885,13709
2026-07-07 16:49:00+00:00,2.9049999713897705,2.9049999713897705,2.9049999713897705,2.9049999713897705,11020
2026-07-07 16:50:00+00:00,2.900099992752075,2.900099992752075,2.900099992752075,2.900099992752075,490
2026-07-07 16:51:00+00:00,2.9003000259399414,2.9003000259399414,2.9003000259399414,2.9003000259399414,2726
2026-07-07 16:54:00+00:00,2.9049999713897705,2.9100000858306885,2.9049999713897705,2.9100000858306885,3508
2026-07-07 16:55:00+00:00,2.909899950027466,2.9149999618530273,2.9049999713897705,2.9114999771118164,379461
2026-07-07 16:56:00+00:00,2.910099983215332,2.910099983215332,2.910099983215332,2.910099983215332,14308
2026-07-07 16:57:00+00:00,2.9200000762939453,2.9200000762939453,2.918800115585327,2.918800115585327,4979
2026-07-07 16:59:00+00:00,2.910099983215332,2.9149999618530273,2.9100000858306885,2.9100000858306885,314442
2026-07-07 17:01:00+00:00,2.9049999713897705,2.9049999713897705,2.9049999713897705,2.9049999713897705,2398
2026-07-07 17:02:00+00:00,2.9100000858306885,2.9105000495910645,2.9086999893188477,2.9105000495910645,37974
2026-07-07 17:03:00+00:00,2.9149999618530273,2.9149999618530273,2.9149999618530273,2.9149999618530273,14338
2026-07-07 17:04:00+00:00,2.9200000762939453,2.9200000762939453,2.9200000762939453,2.9200000762939453,18601
2026-07-07 17:05:00+00:00,2.910099983215332,2.91129994392395,2.9100000858306885,2.9100000858306885,50928
2026-07-07 17:06:00+00:00,2.9149999618530273,2.9149999618530273,2.9049999713897705,2.9049999713897705,43613
2026-07-07 17:07:00+00:00,2.9049999713897705,2.9049999713897705,2.9049999713897705,2.9049999713897705,22712
2026-07-07 17:08:00+00:00,2.900099992752075,2.9079999923706055,2.900099992752075,2.9079999923706055,16309
2026-07-07 17:09:00+00:00,2.9019999504089355,2.9019999504089355,2.9019999504089355,2.9019999504089355,10687
2026-07-07 17:10:00+00:00,2.909899950027466,2.9200000762939453,2.909899950027466,2.9200000762939453,177761
2026-07-07 17:11:00+00:00,2.910099983215332,2.9198999404907227,2.910099983215332,2.9198999404907227,5836
2026-07-07 17:18:00+00:00,2.9186999797821045,2.9186999797821045,2.9186999797821045,2.9186999797821045,22790
2026-07-07 17:19:00+00:00,2.9149999618530273,2.9149999618530273,2.9149999618530273,2.9149999618530273,16162
2026-07-07 17:21:00+00:00,2.9100000858306885,2.9100000858306885,2.9049999713897705,2.9086999893188477,81976
2026-07-07 17:22:00+00:00,2.9049999713897705,2.9049999713897705,2.9049999713897705,2.9049999713897705,27407
2026-07-07 17:26:00+00:00,2.9049999713897705,2.9049999713897705,2.9049999713897705,2.9049999713897705,201
2026-07-07 17:28:00+00:00,2.909899950027466,2.9200000762939453,2.9084999561309814,2.9133999347686768,170029
2026-07-07 17:30:00+00:00,2.910099983215332,2.910099983215332,2.910099983215332,2.910099983215332,5600
2026-07-07 17:31:00+00:00,2.9100000858306885,2.9149999618530273,2.9100000858306885,2.9100000858306885,119827
2026-07-07 17:33:00+00:00,2.9100000858306885,2.9100000858306885,2.9100000858306885,2.9100000858306885,10027
2026-07-07 17:35:00+00:00,2.9100000858306885,2.9100000858306885,2.9100000858306885,2.9100000858306885,161
2026-07-07 17:40:00+00:00,2.9000000953674316,2.9000000953674316,2.9000000953674316,2.9000000953674316,38207
2026-07-07 17:43:00+00:00,2.9049999713897705,2.9049999713897705,2.9049999713897705,2.9049999713897705,718
2026-07-07 17:44:00+00:00,2.9000000953674316,2.9000000953674316,2.9000000953674316,2.9000000953674316,1025
2026-07-07 17:45:00+00:00,2.9049999713897705,2.9049999713897705,2.9049999713897705,2.9049999713897705,236
2026-07-07 17:46:00+00:00,2.9100000858306885,2.9100000858306885,2.9100000858306885,2.9100000858306885,69224
2026-07-07 17:50:00+00:00,2.9149999618530273,2.9149999618530273,2.9149999618530273,2.9149999618530273,4410
2026-07-07 17:56:00+00:00,2.9100000858306885,2.9100000858306885,2.9100000858306885,2.9100000858306885,44029
2026-07-07 17:57:00+00:00,2.9100000858306885,2.9100000858306885,2.9100000858306885,2.9100000858306885,121100
2026-07-07 18:02:00+00:00,2.9100000858306885,2.9198999404907227,2.909899950027466,2.9149999618530273,328938
2026-07-07 18:05:00+00:00,2.910099983215332,2.910099983215332,2.910099983215332,2.910099983215332,40000
2026-07-07 18:08:00+00:00,2.910099983215332,2.910099983215332,2.9100000858306885,2.9100000858306885,63807
2026-07-07 18:12:00+00:00,2.9100000858306885,2.9100000858306885,2.9049999713897705,2.9049999713897705,208521
2026-07-07 18:15:00+00:00,2.909899950027466,2.909899950027466,2.909899950027466,2.909899950027466,6951
2026-07-07 18:17:00+00:00,2.909899950027466,2.9100000858306885,2.9098000526428223,2.9100000858306885,168404
2026-07-07 18:18:00+00:00,2.9149999618530273,2.9149999618530273,2.9100000858306885,2.910099983215332,101135
2026-07-07 18:19:00+00:00,2.9103000164031982,2.9103000164031982,2.9100000858306885,2.9100000858306885,38544
2026-07-07 18:23:00+00:00,2.900099992752075,2.900099992752075,2.900099992752075,2.900099992752075,14669
2026-07-07 18:25:00+00:00,2.9049999713897705,2.9049999713897705,2.9049999713897705,2.9049999713897705,5732
2026-07-07 18:29:00+00:00,2.9100000858306885,2.9149999618530273,2.9068000316619873,2.9149999618530273,226947
2026-07-07 18:30:00+00:00,2.910099983215332,2.910099983215332,2.9100000858306885,2.9100000858306885,31275
2026-07-07 18:31:00+00:00,2.9100000858306885,2.9100000858306885,2.9100000858306885,2.9100000858306885,67601
2026-07-07 18:32:00+00:00,2.9049999713897705,2.9049999713897705,2.9049999713897705,2.9049999713897705,27012
2026-07-07 18:33:00+00:00,2.909899950027466,2.909899950027466,2.909899950027466,2.909899950027466,275
2026-07-07 18:36:00+00:00,2.9082000255584717,2.9110000133514404,2.906899929046631,2.910099983215332,231112
2026-07-07 18:37:00+00:00,2.9200000762939453,2.9200000762939453,2.9100000858306885,2.91129994392395,52081
2026-07-07 18:41:00+00:00,2.918299913406372,2.9200000762939453,2.918299913406372,2.9200000762939453,0
2026-07-07 18:42:00+00:00,2.9200000762939453,2.930000066757202,2.9200000762939453,2.9298999309539795,42534
2026-07-07 18:43:00+00:00,2.930000066757202,2.930000066757202,2.930000066757202,2.930000066757202,0
2026-07-07 18:44:00+00:00,2.920099973678589,2.920099973678589,2.920099973678589,2.920099973678589,13124
2026-07-07 18:45:00+00:00,2.930000066757202,2.930000066757202,2.924999952316284,2.924999952316284,11201
2026-07-07 18:48:00+00:00,2.9210000038146973,2.9210000038146973,2.9200000762939453,2.9200000762939453,64556
2026-07-07 18:49:00+00:00,2.9200000762939453,2.924999952316284,2.9149999618530273,2.920099973678589,172490
2026-07-07 18:51:00+00:00,2.924999952316284,2.924999952316284,2.924999952316284,2.924999952316284,813
2026-07-07 18:53:00+00:00,2.9200000762939453,2.9200000762939453,2.9200000762939453,2.9200000762939453,22868
2026-07-07 18:57:00+00:00,2.9298999309539795,2.940000057220459,2.9298999309539795,2.940000057220459,43062
2026-07-07 18:58:00+00:00,2.9302000999450684,2.9302000999450684,2.920099973678589,2.9298999309539795,86594
2026-07-07 18:59:00+00:00,2.930000066757202,2.939300060272217,2.930000066757202,2.939300060272217,50269
2026-07-07 19:02:00+00:00,2.940000057220459,2.940000057220459,2.940000057220459,2.940000057220459,4928
2026-07-07 19:04:00+00:00,2.934999942779541,2.944999933242798,2.934999942779541,2.940000057220459,192269
2026-07-07 19:05:00+00:00,2.934999942779541,2.934999942779541,2.920099973678589,2.920099973678589,64134
2026-07-07 19:06:00+00:00,2.930000066757202,2.940000057220459,2.930000066757202,2.9398999214172363,132852
2026-07-07 19:07:00+00:00,2.940000057220459,2.950000047683716,2.936800003051758,2.950000047683716,125128
2026-07-07 19:08:00+00:00,2.9514999389648438,2.95989990234375,2.950000047683716,2.9549999237060547,29471
2026-07-07 19:09:00+00:00,2.95989990234375,2.95989990234375,2.9500999450683594,2.9500999450683594,27891
2026-07-07 19:11:00+00:00,2.9600000381469727,2.9600000381469727,2.9549999237060547,2.9549999237060547,3692
2026-07-07 19:12:00+00:00,2.9549999237060547,2.9549999237060547,2.9549999237060547,2.9549999237060547,1090
2026-07-07 19:15:00+00:00,2.9549999237060547,2.9549999237060547,2.9549999237060547,2.9549999237060547,14698
2026-07-07 19:16:00+00:00,2.9549999237060547,2.9600000381469727,2.9549999237060547,2.95989990234375,78614
2026-07-07 19:17:00+00:00,2.9600000381469727,2.9600000381469727,2.9549999237060547,2.9600000381469727,26399
2026-07-07 19:19:00+00:00,2.9649999141693115,2.9649999141693115,2.9649999141693115,2.9649999141693115,29071
2026-07-07 19:20:00+00:00,2.969899892807007,2.969899892807007,2.9697999954223633,2.9697999954223633,19286
2026-07-07 19:23:00+00:00,2.9649999141693115,2.9649999141693115,2.9649999141693115,2.9649999141693115,47600
2026-07-07 19:24:00+00:00,2.969899892807007,2.969899892807007,2.9649999141693115,2.9649999141693115,0
2026-07-07 19:25:00+00:00,2.969899892807007,2.9749999046325684,2.969899892807007,2.970099925994873,109743
2026-07-07 19:27:00+00:00,2.9749999046325684,2.9749999046325684,2.9700000286102295,2.9700000286102295,172123
2026-07-07 19:28:00+00:00,2.960099935531616,2.960099935531616,2.960099935531616,2.960099935531616,64690
2026-07-07 19:30:00+00:00,2.9600000381469727,2.9600000381469727,2.951200008392334,2.951200008392334,80997
2026-07-07 19:31:00+00:00,2.9502999782562256,2.9549999237060547,2.9502999782562256,2.9549999237060547,23536
2026-07-07 19:32:00+00:00,2.9549999237060547,2.9549999237060547,2.950000047683716,2.950000047683716,24121
2026-07-07 19:35:00+00:00,2.9600000381469727,2.9649999141693115,2.9600000381469727,2.9649999141693115,290305
2026-07-07 19:36:00+00:00,2.9649999141693115,2.9649999141693115,2.9649999141693115,2.9649999141693115,15384
2026-07-07 19:37:00+00:00,2.9700000286102295,2.9749999046325684,2.9649999141693115,2.9700000286102295,282603
2026-07-07 19:39:00+00:00,2.9649999141693115,2.9649999141693115,2.9649999141693115,2.9649999141693115,11200
2026-07-07 19:40:00+00:00,2.9700000286102295,2.9798998832702637,2.969899892807007,2.970099925994873,150803
2026-07-07 19:41:00+00:00,2.9709999561309814,2.9709999561309814,2.9649999141693115,2.9649999141693115,65820
2026-07-07 19:42:00+00:00,2.9600000381469727,2.9600000381469727,2.9600000381469727,2.9600000381469727,1027
2026-07-07 19:43:00+00:00,2.9600000381469727,2.9600000381469727,2.9600000381469727,2.9600000381469727,67109
2026-07-07 19:50:00+00:00,2.9649999141693115,2.9649999141693115,2.9649999141693115,2.9649999141693115,14504
2026-07-07 19:51:00+00:00,2.960200071334839,2.960200071334839,2.960200071334839,2.960200071334839,17558
2026-07-07 19:52:00+00:00,2.969899892807007,2.969899892807007,2.969899892807007,2.969899892807007,78771
2026-07-07 19:53:00+00:00,2.9700000286102295,2.9700000286102295,2.9600000381469727,2.9600000381469727,0
2026-07-07 19:54:00+00:00,2.9649999141693115,2.9649999141693115,2.9649999141693115,2.9649999141693115,34921
2026-07-07 19:55:00+00:00,2.9549999237060547,2.9549999237060547,2.944999933242798,2.944999933242798,32578
2026-07-07 19:56:00+00:00,2.9400999546051025,2.944999933242798,2.9400999546051025,2.944999933242798,743
2026-07-07 19:57:00+00:00,2.944999933242798,2.944999933242798,2.940500020980835,2.944999933242798,7818
2026-07-07 19:58:00+00:00,2.944999933242798,2.950000047683716,2.944999933242798,2.950000047683716,43997
2026-07-07 19:59:00+00:00,2.944999933242798,2.949899911880493,2.934999942779541,2.934999942779541,80208
2026-07-07 20:00:00+00:00,2.941,2.941,2.93,2.941,0
2026-07-07 20:01:00+00:00,2.91,2.91,2.91,2.91,0
2026-07-07 20:02:00+00:00,2.9269,2.9269,2.9269,2.9269,0
2026-07-07 20:04:00+00:00,2.93,2.93,2.9224,2.93,0
2026-07-07 20:10:00+00:00,2.93,2.93,2.93,2.93,0
2026-07-07 20:17:00+00:00,2.92,2.92,2.92,2.92,0
2026-07-07 21:11:00+00:00,2.93,2.93,2.93,2.93,0
2026-07-07 21:18:00+00:00,2.93,2.93,2.93,2.93,0
2026-07-07 21:21:00+00:00,2.9299,2.9299,2.9297,2.9297,0
2026-07-07 21:26:00+00:00,2.9402,2.9402,2.9402,2.9402,0
2026-07-07 21:30:00+00:00,2.95,2.95,2.95,2.95,0
2026-07-07 21:34:00+00:00,2.9307,2.9307,2.9307,2.9307,0
2026-07-07 21:40:00+00:00,2.95,2.95,2.93,2.93,0
2026-07-07 21:41:00+00:00,2.95,2.95,2.95,2.95,0
2026-07-07 21:45:00+00:00,2.93,2.93,2.93,2.93,0
2026-07-07 21:52:00+00:00,2.9499,2.9499,2.9499,2.9499,0
2026-07-07 22:05:00+00:00,2.96,2.96,2.9599,2.9599,0
2026-07-07 22:16:00+00:00,2.9497,2.9497,2.9497,2.9497,0
2026-07-07 22:18:00+00:00,2.94,2.94,2.94,2.94,0
2026-07-07 22:20:00+00:00,2.94,2.94,2.9399,2.9399,0
2026-07-07 22:22:00+00:00,2.94,2.94,2.94,2.94,0
2026-07-07 22:28:00+00:00,2.93,2.93,2.93,2.93,0
2026-07-07 22:29:00+00:00,2.93,2.93,2.93,2.93,0
2026-07-07 22:41:00+00:00,2.92,2.92,2.92,2.92,0
2026-07-07 22:45:00+00:00,2.93,2.93,2.93,2.93,0
2026-07-07 22:52:00+00:00,2.93,2.93,2.93,2.93,0
2026-07-07 22:54:00+00:00,2.9232,2.9232,2.9232,2.9232,0
2026-07-07 23:10:00+00:00,2.93,2.93,2.93,2.93,0
2026-07-07 23:11:00+00:00,2.94,2.94,2.94,2.94,0
2026-07-07 23:12:00+00:00,2.94,2.94,2.94,2.94,0
2026-07-07 23:20:00+00:00,2.93,2.93,2.93,2.93,0
2026-07-07 23:21:00+00:00,2.94,2.94,2.94,2.94,0
2026-07-07 23:42:00+00:00,2.9499,2.9499,2.9499,2.9499,0
2026-07-07 23:51:00+00:00,2.9568,2.9568,2.9568,2.9568,0
2026-07-07 23:52:00+00:00,2.9596,2.9596,2.9596,2.9596,0
2026-07-07 23:59:00+00:00,2.96,2.96,2.96,2.96,0
