date,open,high,low,close,volume
2026-06-25 08:00:00+00:00,14.19,14.27,14.02,14.21,0
2026-06-25 08:01:00+00:00,14.16,14.25,14.02,14.23,0
2026-06-25 08:02:00+00:00,14.23,14.25,14.23,14.2403,0
2026-06-25 08:03:00+00:00,14.25,14.25,14.04,14.08,0
2026-06-25 08:04:00+00:00,14.15,14.24,14.04,14.17,0
2026-06-25 08:05:00+00:00,14.19,14.26,14.02,14.1,0
2026-06-25 08:06:00+00:00,14.19,14.26,14.02,14.1801,0
2026-06-25 08:07:00+00:00,14.19,14.2,14.185,14.2,0
2026-06-25 08:08:00+00:00,14.1986,14.2,14.19,14.1911,0
2026-06-25 08:09:00+00:00,14.2,14.24,14.13,14.19,0
2026-06-25 08:10:00+00:00,14.185,14.1995,14.18,14.1808,0
2026-06-25 08:11:00+00:00,14.1896,14.2,14.1896,14.19,0
2026-06-25 08:12:00+00:00,14.1895,14.19,14.1603,14.17,0
2026-06-25 08:13:00+00:00,14.1686,14.17,14.16,14.1603,0
2026-06-25 08:14:00+00:00,14.16,14.17,14.15,14.15,0
2026-06-25 08:15:00+00:00,14.15,14.18,14.145,14.18,0
2026-06-25 08:16:00+00:00,14.19,14.19,14.18,14.18,0
2026-06-25 08:17:00+00:00,14.1795,14.18,14.17,14.18,0
2026-06-25 08:18:00+00:00,14.1895,14.1895,14.145,14.155,0
2026-06-25 08:19:00+00:00,14.15,14.155,14.13,14.13,0
2026-06-25 08:20:00+00:00,14.1395,14.145,14.11,14.11,0
2026-06-25 08:21:00+00:00,14.1099,14.13,14.1099,14.13,0
2026-06-25 08:22:00+00:00,14.15,14.19,14.15,14.1805,0
2026-06-25 08:23:00+00:00,14.18,14.18,14.16,14.1604,0
2026-06-25 08:24:00+00:00,14.17,14.18,14.17,14.17,0
2026-06-25 08:25:00+00:00,14.18,14.225,14.18,14.2087,0
2026-06-25 08:26:00+00:00,14.2005,14.2005,14.1895,14.195,0
2026-06-25 08:27:00+00:00,14.1908,14.2,14.1904,14.1995,0
2026-06-25 08:28:00+00:00,14.19,14.19,14.18,14.19,0
2026-06-25 08:29:00+00:00,14.18,14.18,14.17,14.17,0
2026-06-25 08:30:00+00:00,14.17,14.1704,14.16,14.17,0
2026-06-25 08:31:00+00:00,14.17,14.18,14.16,14.18,0
2026-06-25 08:32:00+00:00,14.1897,14.19,14.18,14.1897,0
2026-06-25 08:33:00+00:00,14.185,14.2,14.185,14.2,0
2026-06-25 08:34:00+00:00,14.2,14.2,14.1905,14.2,0
2026-06-25 08:35:00+00:00,14.21,14.235,14.21,14.2295,0
2026-06-25 08:36:00+00:00,14.2297,14.23,14.2188,14.22,0
2026-06-25 08:37:00+00:00,14.2105,14.22,14.1997,14.2,0
2026-06-25 08:38:00+00:00,14.2,14.205,14.18,14.19,0
2026-06-25 08:39:00+00:00,14.1887,14.2,14.185,14.2,0
2026-06-25 08:40:00+00:00,14.195,14.2,14.19,14.19,0
2026-06-25 08:41:00+00:00,14.19,14.2,14.175,14.19,0
2026-06-25 08:42:00+00:00,14.19,14.19,14.175,14.18,0
2026-06-25 08:43:00+00:00,14.1795,14.18,14.1787,14.18,0
2026-06-25 08:44:00+00:00,14.18,14.19,14.18,14.19,0
2026-06-25 08:45:00+00:00,14.18,14.1895,14.18,14.1895,0
2026-06-25 08:46:00+00:00,14.1897,14.1897,14.16,14.17,0
2026-06-25 08:47:00+00:00,14.18,14.18,14.17,14.17,0
2026-06-25 08:48:00+00:00,14.18,14.195,14.18,14.185,0
2026-06-25 08:49:00+00:00,14.18,14.19,14.1795,14.1798,0
2026-06-25 08:50:00+00:00,14.1703,14.18,14.165,14.17,0
2026-06-25 08:51:00+00:00,14.16,14.16,14.1506,14.1506,0
2026-06-25 08:52:00+00:00,14.15,14.16,14.15,14.16,0
2026-06-25 08:53:00+00:00,14.16,14.16,14.15,14.15,0
2026-06-25 08:54:00+00:00,14.15,14.16,14.15,14.16,0
2026-06-25 08:55:00+00:00,14.15,14.17,14.15,14.17,0
2026-06-25 08:56:00+00:00,14.1605,14.17,14.15,14.16,0
2026-06-25 08:57:00+00:00,14.1595,14.1595,14.12,14.14,0
2026-06-25 08:58:00+00:00,14.14,14.1595,14.13,14.13,0
2026-06-25 08:59:00+00:00,14.13,14.14,14.12,14.12,0
2026-06-25 09:00:00+00:00,14.12,14.13,14.12,14.13,0
2026-06-25 09:01:00+00:00,14.1313,14.15,14.13,14.14,0
2026-06-25 09:02:00+00:00,14.13,14.14,14.13,14.13,0
2026-06-25 09:03:00+00:00,14.1312,14.15,14.13,14.14,0
2026-06-25 09:04:00+00:00,14.1487,14.15,14.14,14.1493,0
2026-06-25 09:05:00+00:00,14.14,14.15,14.14,14.15,0
2026-06-25 09:06:00+00:00,14.15,14.15,14.14,14.15,0
2026-06-25 09:07:00+00:00,14.1495,14.16,14.1495,14.16,0
2026-06-25 09:08:00+00:00,14.1595,14.16,14.15,14.15,0
2026-06-25 09:09:00+00:00,14.15,14.15,14.14,14.14,0
2026-06-25 09:10:00+00:00,14.1404,14.16,14.13,14.16,0
2026-06-25 09:11:00+00:00,14.15,14.15,14.15,14.15,0
2026-06-25 09:12:00+00:00,14.15,14.16,14.15,14.1597,0
2026-06-25 09:13:00+00:00,14.15,14.15,14.145,14.145,0
2026-06-25 09:14:00+00:00,14.14,14.15,14.14,14.14,0
2026-06-25 09:15:00+00:00,14.135,14.14,14.1312,14.1312,0
2026-06-25 09:16:00+00:00,14.1301,14.1497,14.12,14.1497,0
2026-06-25 09:17:00+00:00,14.14,14.14,14.13,14.1305,0
2026-06-25 09:18:00+00:00,14.139,14.139,14.13,14.13,0
2026-06-25 09:19:00+00:00,14.14,14.14,14.12,14.1287,0
2026-06-25 09:20:00+00:00,14.13,14.14,14.13,14.1301,0
2026-06-25 09:21:00+00:00,14.14,14.14,14.1302,14.1302,0
2026-06-25 09:22:00+00:00,14.1395,14.1397,14.1296,14.1314,0
2026-06-25 09:23:00+00:00,14.1303,14.1303,14.1301,14.1301,0
2026-06-25 09:24:00+00:00,14.1397,14.16,14.1395,14.15,0
2026-06-25 09:25:00+00:00,14.1501,14.1505,14.15,14.15,0
2026-06-25 09:26:00+00:00,14.1497,14.16,14.1497,14.1497,0
2026-06-25 09:27:00+00:00,14.141,14.15,14.1397,14.1397,0
2026-06-25 09:28:00+00:00,14.14,14.14,14.1398,14.1398,0
2026-06-25 09:29:00+00:00,14.14,14.14,14.1397,14.1397,0
2026-06-25 09:30:00+00:00,14.14,14.14,14.1394,14.1395,0
2026-06-25 09:31:00+00:00,14.1402,14.15,14.135,14.135,0
2026-06-25 09:32:00+00:00,14.139,14.14,14.125,14.1396,0
2026-06-25 09:33:00+00:00,14.13,14.13,14.12,14.13,0
2026-06-25 09:34:00+00:00,14.13,14.13,14.12,14.13,0
2026-06-25 09:35:00+00:00,14.13,14.13,14.125,14.1296,0
2026-06-25 09:36:00+00:00,14.1204,14.13,14.12,14.12,0
2026-06-25 09:37:00+00:00,14.12,14.13,14.12,14.13,0
2026-06-25 09:38:00+00:00,14.13,14.15,14.13,14.15,0
2026-06-25 09:39:00+00:00,14.15,14.15,14.1405,14.1405,0
2026-06-25 09:40:00+00:00,14.1405,14.1487,14.14,14.14,0
2026-06-25 09:41:00+00:00,14.15,14.15,14.14,14.14,0
2026-06-25 09:42:00+00:00,14.15,14.15,14.14,14.14,0
2026-06-25 09:43:00+00:00,14.13,14.16,14.13,14.16,0
2026-06-25 09:44:00+00:00,14.1591,14.1591,14.1505,14.155,0
2026-06-25 09:45:00+00:00,14.1504,14.1597,14.15,14.15,0
2026-06-25 09:46:00+00:00,14.1514,14.1514,14.1514,14.1514,0
2026-06-25 09:47:00+00:00,14.1596,14.16,14.1595,14.16,0
2026-06-25 09:48:00+00:00,14.16,14.16,14.16,14.16,0
2026-06-25 09:49:00+00:00,14.1595,14.16,14.1592,14.16,0
2026-06-25 09:50:00+00:00,14.1595,14.16,14.1595,14.16,0
2026-06-25 09:51:00+00:00,14.16,14.16,14.159,14.159,0
2026-06-25 09:52:00+00:00,14.16,14.16,14.15,14.16,0
2026-06-25 09:53:00+00:00,14.16,14.17,14.15,14.17,0
2026-06-25 09:54:00+00:00,14.18,14.18,14.1701,14.18,0
2026-06-25 09:55:00+00:00,14.17,14.1797,14.17,14.1797,0
2026-06-25 09:56:00+00:00,14.1797,14.18,14.17,14.17,0
2026-06-25 09:57:00+00:00,14.17,14.19,14.16,14.1801,0
2026-06-25 09:58:00+00:00,14.19,14.2,14.18,14.19,0
2026-06-25 09:59:00+00:00,14.19,14.1901,14.18,14.18,0
2026-06-25 10:00:00+00:00,14.1809,14.2,14.1805,14.2,0
2026-06-25 10:01:00+00:00,14.2,14.2,14.19,14.19,0
2026-06-25 10:02:00+00:00,14.1991,14.2,14.19,14.19,0
2026-06-25 10:03:00+00:00,14.19,14.2,14.19,14.195,0
2026-06-25 10:04:00+00:00,14.2,14.2,14.1995,14.1995,0
2026-06-25 10:05:00+00:00,14.1988,14.2,14.19,14.19,0
2026-06-25 10:06:00+00:00,14.19,14.19,14.18,14.19,0
2026-06-25 10:07:00+00:00,14.2,14.21,14.19,14.21,0
2026-06-25 10:08:00+00:00,14.2,14.21,14.2,14.21,0
2026-06-25 10:09:00+00:00,14.22,14.23,14.22,14.2202,0
2026-06-25 10:10:00+00:00,14.2297,14.23,14.2195,14.225,0
2026-06-25 10:11:00+00:00,14.225,14.23,14.22,14.2202,0
2026-06-25 10:12:00+00:00,14.23,14.23,14.22,14.23,0
2026-06-25 10:13:00+00:00,14.225,14.23,14.22,14.2288,0
2026-06-25 10:14:00+00:00,14.23,14.23,14.22,14.23,0
2026-06-25 10:15:00+00:00,14.23,14.23,14.22,14.2213,0
2026-06-25 10:16:00+00:00,14.23,14.23,14.22,14.2214,0
2026-06-25 10:17:00+00:00,14.23,14.23,14.22,14.2209,0
2026-06-25 10:18:00+00:00,14.23,14.24,14.23,14.24,0
2026-06-25 10:19:00+00:00,14.23,14.24,14.23,14.23,0
2026-06-25 10:20:00+00:00,14.23,14.23,14.21,14.215,0
2026-06-25 10:21:00+00:00,14.215,14.22,14.21,14.2105,0
2026-06-25 10:22:00+00:00,14.21,14.22,14.21,14.21,0
2026-06-25 10:23:00+00:00,14.22,14.23,14.21,14.2287,0
2026-06-25 10:24:00+00:00,14.2288,14.23,14.2214,14.23,0
2026-06-25 10:25:00+00:00,14.23,14.24,14.23,14.2396,0
2026-06-25 10:26:00+00:00,14.23,14.25,14.23,14.24,0
2026-06-25 10:27:00+00:00,14.2487,14.2496,14.2303,14.2303,0
2026-06-25 10:28:00+00:00,14.2388,14.24,14.23,14.2397,0
2026-06-25 10:29:00+00:00,14.24,14.24,14.22,14.23,0
2026-06-25 10:30:00+00:00,14.23,14.23,14.22,14.2213,0
2026-06-25 10:31:00+00:00,14.23,14.23,14.22,14.2214,0
2026-06-25 10:32:00+00:00,14.23,14.23,14.22,14.23,0
2026-06-25 10:33:00+00:00,14.225,14.23,14.22,14.23,0
2026-06-25 10:34:00+00:00,14.23,14.24,14.22,14.23,0
2026-06-25 10:35:00+00:00,14.22,14.22,14.21,14.21,0
2026-06-25 10:36:00+00:00,14.2187,14.23,14.2,14.23,0
2026-06-25 10:37:00+00:00,14.23,14.23,14.22,14.2201,0
2026-06-25 10:38:00+00:00,14.2203,14.23,14.22,14.23,0
2026-06-25 10:39:00+00:00,14.23,14.23,14.22,14.2287,0
2026-06-25 10:40:00+00:00,14.23,14.24,14.22,14.23,0
2026-06-25 10:41:00+00:00,14.225,14.23,14.22,14.225,0
2026-06-25 10:42:00+00:00,14.22,14.2294,14.21,14.21,0
2026-06-25 10:43:00+00:00,14.2197,14.2197,14.2,14.2,0
2026-06-25 10:44:00+00:00,14.2095,14.21,14.18,14.18,0
2026-06-25 10:45:00+00:00,14.18,14.19,14.18,14.18,0
2026-06-25 10:46:00+00:00,14.19,14.19,14.18,14.19,0
2026-06-25 10:47:00+00:00,14.1805,14.2,14.18,14.19,0
2026-06-25 10:48:00+00:00,14.1995,14.21,14.1995,14.21,0
2026-06-25 10:49:00+00:00,14.21,14.21,14.185,14.19,0
2026-06-25 10:50:00+00:00,14.1999,14.2,14.17,14.17,0
2026-06-25 10:51:00+00:00,14.17,14.18,14.17,14.18,0
2026-06-25 10:52:00+00:00,14.18,14.18,14.17,14.17,0
2026-06-25 10:53:00+00:00,14.17,14.17,14.1697,14.17,0
2026-06-25 10:54:00+00:00,14.1795,14.18,14.17,14.18,0
2026-06-25 10:55:00+00:00,14.1797,14.18,14.17,14.179,0
2026-06-25 10:56:00+00:00,14.18,14.18,14.16,14.1696,0
2026-06-25 10:57:00+00:00,14.165,14.17,14.16,14.1698,0
2026-06-25 10:58:00+00:00,14.16,14.16,14.15,14.16,0
2026-06-25 10:59:00+00:00,14.15,14.1599,14.1495,14.15,0
2026-06-25 11:00:00+00:00,14.155,14.19,14.15,14.19,0
2026-06-25 11:01:00+00:00,14.1801,14.23,14.18,14.22,0
2026-06-25 11:02:00+00:00,14.22,14.2499,14.22,14.2381,0
2026-06-25 11:03:00+00:00,14.23,14.23,14.21,14.21,0
2026-06-25 11:04:00+00:00,14.21,14.22,14.21,14.22,0
2026-06-25 11:05:00+00:00,14.225,14.23,14.2,14.2,0
2026-06-25 11:06:00+00:00,14.2,14.2,14.19,14.19,0
2026-06-25 11:07:00+00:00,14.19,14.2,14.18,14.18,0
2026-06-25 11:08:00+00:00,14.1702,14.18,14.17,14.1786,0
2026-06-25 11:09:00+00:00,14.1701,14.18,14.17,14.178,0
2026-06-25 11:10:00+00:00,14.18,14.18,14.17,14.1799,0
2026-06-25 11:11:00+00:00,14.18,14.18,14.17,14.18,0
2026-06-25 11:12:00+00:00,14.18,14.18,14.17,14.17,0
2026-06-25 11:13:00+00:00,14.1705,14.18,14.14,14.15,0
2026-06-25 11:14:00+00:00,14.15,14.1598,14.14,14.14,0
2026-06-25 11:15:00+00:00,14.15,14.15,14.14,14.14,0
2026-06-25 11:16:00+00:00,14.1413,14.16,14.13,14.14,0
2026-06-25 11:17:00+00:00,14.13,14.15,14.12,14.15,0
2026-06-25 11:18:00+00:00,14.1497,14.15,14.13,14.1395,0
2026-06-25 11:19:00+00:00,14.14,14.1499,14.12,14.13,0
2026-06-25 11:20:00+00:00,14.1219,14.13,14.12,14.1288,0
2026-06-25 11:21:00+00:00,14.12,14.13,14.1105,14.1297,0
2026-06-25 11:22:00+00:00,14.13,14.14,14.1296,14.135,0
2026-06-25 11:23:00+00:00,14.1399,14.14,14.13,14.13,0
2026-06-25 11:24:00+00:00,14.13,14.13,14.12,14.1286,0
2026-06-25 11:25:00+00:00,14.13,14.14,14.13,14.1313,0
2026-06-25 11:26:00+00:00,14.1386,14.14,14.125,14.13,0
2026-06-25 11:27:00+00:00,14.135,14.14,14.13,14.13,0
2026-06-25 11:28:00+00:00,14.13,14.14,14.11,14.12,0
2026-06-25 11:29:00+00:00,14.1189,14.14,14.11,14.13,0
2026-06-25 11:30:00+00:00,14.13,14.14,14.1201,14.1201,0
2026-06-25 11:31:00+00:00,14.13,14.14,14.12,14.13,0
2026-06-25 11:32:00+00:00,14.13,14.15,14.13,14.15,0
2026-06-25 11:33:00+00:00,14.1495,14.16,14.145,14.16,0
2026-06-25 11:34:00+00:00,14.1596,14.16,14.14,14.1497,0
2026-06-25 11:35:00+00:00,14.15,14.15,14.14,14.1497,0
2026-06-25 11:36:00+00:00,14.14,14.15,14.13,14.14,0
2026-06-25 11:37:00+00:00,14.1391,14.14,14.135,14.14,0
2026-06-25 11:38:00+00:00,14.1308,14.14,14.1205,14.1205,0
2026-06-25 11:39:00+00:00,14.13,14.14,14.13,14.1397,0
2026-06-25 11:40:00+00:00,14.14,14.15,14.13,14.15,0
2026-06-25 11:41:00+00:00,14.1405,14.17,14.1405,14.1699,0
2026-06-25 11:42:00+00:00,14.17,14.17,14.16,14.1603,0
2026-06-25 11:43:00+00:00,14.17,14.17,14.16,14.16,0
2026-06-25 11:44:00+00:00,14.16,14.17,14.155,14.1596,0
2026-06-25 11:45:00+00:00,14.16,14.17,14.16,14.1698,0
2026-06-25 11:46:00+00:00,14.165,14.17,14.16,14.16,0
2026-06-25 11:47:00+00:00,14.16,14.17,14.15,14.1505,0
2026-06-25 11:48:00+00:00,14.16,14.165,14.15,14.165,0
2026-06-25 11:49:00+00:00,14.17,14.171,14.16,14.171,0
2026-06-25 11:50:00+00:00,14.175,14.18,14.17,14.17,0
2026-06-25 11:51:00+00:00,14.17,14.18,14.17,14.18,0
2026-06-25 11:52:00+00:00,14.18,14.18,14.17,14.175,0
2026-06-25 11:53:00+00:00,14.18,14.18,14.165,14.17,0
2026-06-25 11:54:00+00:00,14.17,14.17,14.155,14.17,0
2026-06-25 11:55:00+00:00,14.17,14.17,14.16,14.17,0
2026-06-25 11:56:00+00:00,14.17,14.17,14.15,14.17,0
2026-06-25 11:57:00+00:00,14.1786,14.18,14.17,14.18,0
2026-06-25 11:58:00+00:00,14.18,14.18,14.16,14.175,0
2026-06-25 11:59:00+00:00,14.18,14.21,14.1701,14.2095,0
2026-06-25 12:00:00+00:00,14.209,14.21,14.18,14.19,0
2026-06-25 12:01:00+00:00,14.1886,14.19,14.16,14.17,0
2026-06-25 12:02:00+00:00,14.1703,14.18,14.16,14.16,0
2026-06-25 12:03:00+00:00,14.1696,14.17,14.16,14.1698,0
2026-06-25 12:04:00+00:00,14.17,14.17,14.16,14.17,0
2026-06-25 12:05:00+00:00,14.18,14.2,14.17,14.2,0
2026-06-25 12:06:00+00:00,14.2098,14.21,14.2,14.205,0
2026-06-25 12:07:00+00:00,14.2,14.21,14.195,14.205,0
2026-06-25 12:08:00+00:00,14.21,14.22,14.2,14.22,0
2026-06-25 12:09:00+00:00,14.2297,14.245,14.22,14.2391,0
2026-06-25 12:10:00+00:00,14.23,14.25,14.2287,14.2499,0
2026-06-25 12:11:00+00:00,14.25,14.25,14.22,14.22,0
2026-06-25 12:12:00+00:00,14.22,14.23,14.21,14.23,0
2026-06-25 12:13:00+00:00,14.225,14.2313,14.2,14.21,0
2026-06-25 12:14:00+00:00,14.21,14.225,14.2087,14.22,0
2026-06-25 12:15:00+00:00,14.2204,14.235,14.22,14.235,0
2026-06-25 12:16:00+00:00,14.24,14.24,14.2113,14.22,0
2026-06-25 12:17:00+00:00,14.2105,14.2298,14.2,14.2298,0
2026-06-25 12:18:00+00:00,14.22,14.22,14.21,14.22,0
2026-06-25 12:19:00+00:00,14.22,14.23,14.2,14.2089,0
2026-06-25 12:20:00+00:00,14.2003,14.22,14.2,14.21,0
2026-06-25 12:21:00+00:00,14.22,14.22,14.2,14.21,0
2026-06-25 12:22:00+00:00,14.2097,14.21,14.2,14.21,0
2026-06-25 12:23:00+00:00,14.21,14.21,14.2,14.2098,0
2026-06-25 12:24:00+00:00,14.2,14.22,14.2,14.205,0
2026-06-25 12:25:00+00:00,14.21,14.22,14.21,14.21,0
2026-06-25 12:26:00+00:00,14.2189,14.22,14.2001,14.2003,0
2026-06-25 12:27:00+00:00,14.21,14.23,14.21,14.2199,0
2026-06-25 12:28:00+00:00,14.2199,14.22,14.2,14.22,0
2026-06-25 12:29:00+00:00,14.22,14.22,14.19,14.19,0
2026-06-25 12:30:00+00:00,14.1916,14.3297,14.19,14.32,0
2026-06-25 12:31:00+00:00,14.31,14.32,14.2624,14.29,0
2026-06-25 12:32:00+00:00,14.3,14.3174,14.27,14.28,0
2026-06-25 12:33:00+00:00,14.27,14.28,14.235,14.26,0
2026-06-25 12:34:00+00:00,14.26,14.28,14.25,14.28,0
2026-06-25 12:35:00+00:00,14.29,14.3,14.27,14.27,0
2026-06-25 12:36:00+00:00,14.27,14.3,14.27,14.285,0
2026-06-25 12:37:00+00:00,14.2896,14.3,14.28,14.2897,0
2026-06-25 12:38:00+00:00,14.2803,14.3,14.24,14.295,0
2026-06-25 12:39:00+00:00,14.29,14.3002,14.29,14.29,0
2026-06-25 12:40:00+00:00,14.29,14.3,14.2797,14.28,0
2026-06-25 12:41:00+00:00,14.28,14.28,14.2501,14.2699,0
2026-06-25 12:42:00+00:00,14.2695,14.3098,14.2695,14.285,0
2026-06-25 12:43:00+00:00,14.29,14.3,14.28,14.28,0
2026-06-25 12:44:00+00:00,14.285,14.3,14.2808,14.2997,0
2026-06-25 12:45:00+00:00,14.2999,14.3,14.2818,14.3,0
2026-06-25 12:46:00+00:00,14.2978,14.3,14.28,14.2999,0
2026-06-25 12:47:00+00:00,14.3,14.31,14.29,14.2988,0
2026-06-25 12:48:00+00:00,14.3,14.3088,14.29,14.3088,0
2026-06-25 12:49:00+00:00,14.3092,14.31,14.29,14.31,0
2026-06-25 12:50:00+00:00,14.3001,14.3099,14.29,14.3,0
2026-06-25 12:51:00+00:00,14.2988,14.31,14.275,14.31,0
2026-06-25 12:52:00+00:00,14.31,14.32,14.29,14.295,0
2026-06-25 12:53:00+00:00,14.3,14.34,14.2905,14.33,0
2026-06-25 12:54:00+00:00,14.3212,14.33,14.3186,14.33,0
2026-06-25 12:55:00+00:00,14.3299,14.33,14.31,14.3189,0
2026-06-25 12:56:00+00:00,14.32,14.32,14.27,14.29,0
2026-06-25 12:57:00+00:00,14.2899,14.29,14.26,14.2698,0
2026-06-25 12:58:00+00:00,14.26,14.27,14.24,14.25,0
2026-06-25 12:59:00+00:00,14.2498,14.25,14.22,14.2301,0
2026-06-25 13:00:00+00:00,14.2304,14.25,14.23,14.24,0
2026-06-25 13:01:00+00:00,14.2399,14.2499,14.23,14.24,0
2026-06-25 13:02:00+00:00,14.23,14.24,14.22,14.24,0
2026-06-25 13:03:00+00:00,14.2499,14.25,14.23,14.24,0
2026-06-25 13:04:00+00:00,14.2303,14.24,14.22,14.22,0
2026-06-25 13:05:00+00:00,14.225,14.23,14.21,14.21,0
2026-06-25 13:06:00+00:00,14.2197,14.23,14.21,14.2201,0
2026-06-25 13:07:00+00:00,14.23,14.25,14.225,14.24,0
2026-06-25 13:08:00+00:00,14.24,14.24,14.225,14.24,0
2026-06-25 13:09:00+00:00,14.2303,14.24,14.2199,14.22,0
2026-06-25 13:10:00+00:00,14.2203,14.23,14.19,14.2,0
2026-06-25 13:11:00+00:00,14.2003,14.21,14.19,14.205,0
2026-06-25 13:12:00+00:00,14.2,14.22,14.2,14.21,0
2026-06-25 13:13:00+00:00,14.21,14.22,14.2011,14.205,0
2026-06-25 13:14:00+00:00,14.2097,14.21,14.18,14.19,0
2026-06-25 13:30:00+00:00,14.130000114440918,14.140000343322754,14.041899681091309,14.140000343322754,8308869
2026-06-25 13:31:00+00:00,14.130000114440918,14.15999984741211,14.0600004196167,14.0600004196167,394728
2026-06-25 13:32:00+00:00,14.079899787902832,14.095000267028809,14.020000457763672,14.024999618530273,378214
2026-06-25 13:33:00+00:00,14.029999732971191,14.039999961853027,13.930000305175781,13.9350004196167,549345
2026-06-25 13:34:00+00:00,13.9350004196167,14.010000228881836,13.933600425720215,13.994999885559082,490437
2026-06-25 13:35:00+00:00,13.989999771118164,14.079999923706055,13.989999771118164,14.074999809265137,381478
2026-06-25 13:36:00+00:00,14.074999809265137,14.079899787902832,14.020000457763672,14.024999618530273,344997
2026-06-25 13:37:00+00:00,14.024999618530273,14.0600004196167,14.020000457763672,14.03499984741211,267368
2026-06-25 13:38:00+00:00,14.03499984741211,14.050000190734863,13.989999771118164,14.039999961853027,473364
2026-06-25 13:39:00+00:00,14.039999961853027,14.089699745178223,14.039999961853027,14.055000305175781,271580
2026-06-25 13:40:00+00:00,14.0600004196167,14.09000015258789,14.005000114440918,14.03499984741211,289496
2026-06-25 13:41:00+00:00,14.03499984741211,14.039999961853027,13.930000305175781,13.944999694824219,456207
2026-06-25 13:42:00+00:00,13.949000358581543,13.96500015258789,13.89009952545166,13.89900016784668,534520
2026-06-25 13:43:00+00:00,13.899299621582031,13.914999961853027,13.829999923706055,13.845000267028809,541736
2026-06-25 13:44:00+00:00,13.850000381469727,13.85990047454834,13.8100004196167,13.820099830627441,305867
2026-06-25 13:45:00+00:00,13.824999809265137,13.84000015258789,13.750100135803223,13.771300315856934,590588
2026-06-25 13:46:00+00:00,13.772700309753418,13.78499984741211,13.710000038146973,13.733099937438965,423459
2026-06-25 13:47:00+00:00,13.739999771118164,13.787599563598633,13.6899995803833,13.725000381469727,570631
2026-06-25 13:48:00+00:00,13.728300094604492,13.75,13.65999984741211,13.660400390625,285179
2026-06-25 13:49:00+00:00,13.664999961853027,13.765000343322754,13.664999961853027,13.749899864196777,235291
2026-06-25 13:50:00+00:00,13.744999885559082,13.76990032196045,13.699999809265137,13.70930004119873,221686
2026-06-25 13:51:00+00:00,13.704999923706055,13.708100318908691,13.609999656677246,13.618499755859375,288152
2026-06-25 13:52:00+00:00,13.610099792480469,13.628399848937988,13.529999732971191,13.55049991607666,360586
2026-06-25 13:53:00+00:00,13.5600004196167,13.5600004196167,13.479999542236328,13.48009967803955,614070
2026-06-25 13:54:00+00:00,13.48009967803955,13.510000228881836,13.449999809265137,13.470000267028809,723249
2026-06-25 13:55:00+00:00,13.470000267028809,13.489999771118164,13.380000114440918,13.40999984741211,921248
2026-06-25 13:56:00+00:00,13.420000076293945,13.449999809265137,13.380000114440918,13.400300025939941,434475
2026-06-25 13:57:00+00:00,13.400300025939941,13.479999542236328,13.400099754333496,13.449600219726562,682205
2026-06-25 13:58:00+00:00,13.449999809265137,13.449999809265137,13.393823623657227,13.398300170898438,302621
2026-06-25 13:59:00+00:00,13.402799606323242,13.420000076293945,13.359999656677246,13.364999771118164,273469
2026-06-25 14:00:00+00:00,13.369999885559082,13.479000091552734,13.369999885559082,13.425000190734863,335380
2026-06-25 14:01:00+00:00,13.425000190734863,13.5,13.390000343322754,13.45989990234375,760015
2026-06-25 14:02:00+00:00,13.45989990234375,13.45989990234375,13.380000114440918,13.40999984741211,612822
2026-06-25 14:03:00+00:00,13.399999618530273,13.489999771118164,13.390000343322754,13.439000129699707,405611
2026-06-25 14:04:00+00:00,13.430000305175781,13.479999542236328,13.420000076293945,13.46500015258789,532583
2026-06-25 14:05:00+00:00,13.46500015258789,13.520000457763672,13.449999809265137,13.484999656677246,466235
2026-06-25 14:06:00+00:00,13.487600326538086,13.600099563598633,13.475000381469727,13.600000381469727,472701
2026-06-25 14:07:00+00:00,13.599900245666504,13.6899995803833,13.595000267028809,13.669899940490723,377941
2026-06-25 14:08:00+00:00,13.664999961853027,13.720000267028809,13.649999618530273,13.681400299072266,374614
2026-06-25 14:09:00+00:00,13.6850004196167,13.75,13.675000190734863,13.735372543334961,251778
2026-06-25 14:10:00+00:00,13.742300033569336,13.859999656677246,13.729999542236328,13.84000015258789,586202
2026-06-25 14:11:00+00:00,13.845000267028809,13.90999984741211,13.835000038146973,13.890000343322754,517338
2026-06-25 14:12:00+00:00,13.88010025024414,13.930000305175781,13.864999771118164,13.893500328063965,320377
2026-06-25 14:13:00+00:00,13.899999618530273,13.920000076293945,13.84000015258789,13.864999771118164,718239
2026-06-25 14:14:00+00:00,13.864999771118164,13.869999885559082,13.800000190734863,13.810199737548828,361241
2026-06-25 14:15:00+00:00,13.810999870300293,13.895000457763672,13.789999961853027,13.805000305175781,463618
2026-06-25 14:16:00+00:00,13.800000190734863,13.8149995803833,13.739999771118164,13.789799690246582,274462
2026-06-25 14:17:00+00:00,13.78499984741211,13.829999923706055,13.774999618530273,13.810999870300293,164140
2026-06-25 14:18:00+00:00,13.819999694824219,13.850000381469727,13.8100004196167,13.839900016784668,240473
2026-06-25 14:19:00+00:00,13.838399887084961,13.927200317382812,13.819999694824219,13.919899940490723,304025
2026-06-25 14:20:00+00:00,13.914999961853027,13.989999771118164,13.904999732971191,13.921699523925781,421232
2026-06-25 14:21:00+00:00,13.925000190734863,14.0,13.910099983215332,13.994999885559082,356765
2026-06-25 14:22:00+00:00,13.989999771118164,14.010000228881836,13.925000190734863,13.930000305175781,488865
2026-06-25 14:23:00+00:00,13.925000190734863,13.929900169372559,13.880000114440918,13.882100105285645,163346
2026-06-25 14:24:00+00:00,13.885000228881836,13.885000228881836,13.829999923706055,13.864999771118164,175835
2026-06-25 14:25:00+00:00,13.869999885559082,13.930000305175781,13.867899894714355,13.904999732971191,192448
2026-06-25 14:26:00+00:00,13.90999984741211,13.930000305175781,13.869999885559082,13.914999961853027,189124
2026-06-25 14:27:00+00:00,13.914999961853027,13.9399995803833,13.889300346374512,13.89169979095459,122408
2026-06-25 14:28:00+00:00,13.895000457763672,13.90999984741211,13.869999885559082,13.895000457763672,220514
2026-06-25 14:29:00+00:00,13.895000457763672,13.925000190734863,13.880000114440918,13.903164863586426,130397
2026-06-25 14:30:00+00:00,13.899999618530273,13.975000381469727,13.899999618530273,13.944999694824219,172942
2026-06-25 14:31:00+00:00,13.949999809265137,13.970000267028809,13.90999984741211,13.90999984741211,122140
2026-06-25 14:32:00+00:00,13.917699813842773,13.989999771118164,13.899999618530273,13.975000381469727,214790
2026-06-25 14:33:00+00:00,13.975000381469727,14.039999961853027,13.96500015258789,13.970000267028809,560393
2026-06-25 14:34:00+00:00,13.975000381469727,13.999899864196777,13.920000076293945,13.970000267028809,169925
2026-06-25 14:35:00+00:00,13.970000267028809,13.989999771118164,13.930000305175781,13.940099716186523,217988
2026-06-25 14:36:00+00:00,13.942399978637695,13.960000038146973,13.920000076293945,13.938599586486816,148033
2026-06-25 14:37:00+00:00,13.939900398254395,13.949999809265137,13.890000343322754,13.900099754333496,191162
2026-06-25 14:38:00+00:00,13.904999732971191,13.9399995803833,13.904999732971191,13.914999961853027,120702
2026-06-25 14:39:00+00:00,13.914999961853027,13.970000267028809,13.910099983215332,13.970000267028809,147881
2026-06-25 14:40:00+00:00,13.970000267028809,14.010000228881836,13.960000038146973,13.997900009155273,354673
2026-06-25 14:41:00+00:00,13.994999885559082,14.020000457763672,13.970000267028809,13.984999656677246,196736
2026-06-25 14:42:00+00:00,13.982099533081055,13.989999771118164,13.940199851989746,13.95989990234375,357017
2026-06-25 14:43:00+00:00,13.960000038146973,13.979900360107422,13.899999618530273,13.900500297546387,169998
2026-06-25 14:44:00+00:00,13.900300025939941,13.914999961853027,13.875,13.904999732971191,253869
2026-06-25 14:45:00+00:00,13.908599853515625,13.914999961853027,13.859999656677246,13.89900016784668,118848
2026-06-25 14:46:00+00:00,13.890000343322754,13.904999732971191,13.869999885559082,13.869999885559082,210002
2026-06-25 14:47:00+00:00,13.875,13.899999618530273,13.875,13.888999938964844,162273
2026-06-25 14:48:00+00:00,13.880000114440918,13.930000305175781,13.880000114440918,13.925000190734863,150590
2026-06-25 14:49:00+00:00,13.923600196838379,13.960000038146973,13.923600196838379,13.944999694824219,108829
2026-06-25 14:50:00+00:00,13.9399995803833,13.975000381469727,13.9350004196167,13.94789981842041,196893
2026-06-25 14:51:00+00:00,13.949999809265137,13.979999542236328,13.930000305175781,13.975000381469727,111722
2026-06-25 14:52:00+00:00,13.975000381469727,14.0,13.96500015258789,14.0,175569
2026-06-25 14:53:00+00:00,13.994999885559082,14.010000228881836,13.960000038146973,13.975000381469727,317052
2026-06-25 14:54:00+00:00,13.975000381469727,14.020000457763672,13.973600387573242,13.994999885559082,213120
2026-06-25 14:55:00+00:00,14.0,14.0,13.949999809265137,13.98009967803955,119348
2026-06-25 14:56:00+00:00,13.979999542236328,13.999899864196777,13.979999542236328,13.994999885559082,242660
2026-06-25 14:57:00+00:00,13.994999885559082,13.994999885559082,13.949999809265137,13.95009994506836,128798
2026-06-25 14:58:00+00:00,13.954999923706055,13.989999771118164,13.952300071716309,13.95989990234375,203998
2026-06-25 14:59:00+00:00,13.954999923706055,13.979999542236328,13.949999809265137,13.961600303649902,200290
2026-06-25 15:00:00+00:00,13.970000267028809,13.989899635314941,13.954999923706055,13.9822998046875,143076
2026-06-25 15:01:00+00:00,13.984999656677246,14.0,13.960000038146973,13.96660041809082,202172
2026-06-25 15:02:00+00:00,13.968999862670898,13.989999771118164,13.949999809265137,13.979999542236328,195674
2026-06-25 15:03:00+00:00,13.981800079345703,13.989899635314941,13.95930004119873,13.98859977722168,103823
2026-06-25 15:04:00+00:00,13.984999656677246,14.01990032196045,13.979999542236328,14.01990032196045,306611
2026-06-25 15:05:00+00:00,14.010000228881836,14.015000343322754,13.960000038146973,13.96500015258789,180792
2026-06-25 15:06:00+00:00,13.970000267028809,13.975000381469727,13.9399995803833,13.96500015258789,241613
2026-06-25 15:07:00+00:00,13.960000038146973,13.970000267028809,13.9399995803833,13.954999923706055,391200
2026-06-25 15:08:00+00:00,13.954999923706055,13.989999771118164,13.944999694824219,13.957599639892578,147115
2026-06-25 15:09:00+00:00,13.949999809265137,13.960000038146973,13.920000076293945,13.9350004196167,149017
2026-06-25 15:10:00+00:00,13.9399995803833,13.949999809265137,13.90999984741211,13.944999694824219,84795
2026-06-25 15:11:00+00:00,13.944999694824219,13.944999694824219,13.890000343322754,13.904999732971191,134099
2026-06-25 15:12:00+00:00,13.904999732971191,13.904999732971191,13.864999771118164,13.871100425720215,107563
2026-06-25 15:13:00+00:00,13.875,13.885000228881836,13.84000015258789,13.84000015258789,244603
2026-06-25 15:14:00+00:00,13.849900245666504,13.854999542236328,13.819999694824219,13.835000038146973,233020
2026-06-25 15:15:00+00:00,13.835000038146973,13.835000038146973,13.79010009765625,13.8149995803833,285352
2026-06-25 15:16:00+00:00,13.8149995803833,13.824999809265137,13.789999961853027,13.822199821472168,160022
2026-06-25 15:17:00+00:00,13.824999809265137,13.829999923706055,13.800000190734863,13.810099601745605,131541
2026-06-25 15:18:00+00:00,13.8149995803833,13.869999885559082,13.811100006103516,13.845000267028809,214403
2026-06-25 15:19:00+00:00,13.84000015258789,13.890000343322754,13.84000015258789,13.869999885559082,189747
2026-06-25 15:20:00+00:00,13.875,13.880000114440918,13.854999542236328,13.875,183455
2026-06-25 15:21:00+00:00,13.875,13.914999961853027,13.875,13.914999961853027,176339
2026-06-25 15:22:00+00:00,13.914999961853027,13.919400215148926,13.895000457763672,13.904999732971191,62585
2026-06-25 15:23:00+00:00,13.904999732971191,13.919899940490723,13.890000343322754,13.904999732971191,68647
2026-06-25 15:24:00+00:00,13.904999732971191,13.9399995803833,13.904999732971191,13.930000305175781,160954
2026-06-25 15:25:00+00:00,13.920000076293945,13.939200401306152,13.904999732971191,13.930000305175781,189327
2026-06-25 15:26:00+00:00,13.925000190734863,13.9399995803833,13.90999984741211,13.929300308227539,96239
2026-06-25 15:27:00+00:00,13.926199913024902,13.949899673461914,13.914999961853027,13.918399810791016,80201
2026-06-25 15:28:00+00:00,13.914999961853027,13.920000076293945,13.899999618530273,13.904999732971191,112930
2026-06-25 15:29:00+00:00,13.904999732971191,13.90999984741211,13.870100021362305,13.885000228881836,284935
2026-06-25 15:30:00+00:00,13.885000228881836,13.899999618530273,13.880000114440918,13.899900436401367,97960
2026-06-25 15:31:00+00:00,13.895000457763672,13.90999984741211,13.890000343322754,13.895000457763672,27275
2026-06-25 15:32:00+00:00,13.899999618530273,13.9399995803833,13.890000343322754,13.914999961853027,165141
2026-06-25 15:33:00+00:00,13.914999961853027,13.920000076293945,13.890000343322754,13.898699760437012,31525
2026-06-25 15:34:00+00:00,13.895000457763672,13.899700164794922,13.869999885559082,13.875,45823
2026-06-25 15:35:00+00:00,13.870400428771973,13.890000343322754,13.87030029296875,13.875,50428
2026-06-25 15:36:00+00:00,13.880000114440918,13.880000114440918,13.850000381469727,13.86989974975586,100603
2026-06-25 15:37:00+00:00,13.860699653625488,13.880000114440918,13.859999656677246,13.864999771118164,43659
2026-06-25 15:38:00+00:00,13.864999771118164,13.899999618530273,13.864999771118164,13.885000228881836,148513
2026-06-25 15:39:00+00:00,13.885000228881836,13.885000228881836,13.854999542236328,13.854999542236328,33359
2026-06-25 15:40:00+00:00,13.854999542236328,13.869999885559082,13.850000381469727,13.86989974975586,82719
2026-06-25 15:41:00+00:00,13.865400314331055,13.86769962310791,13.845000267028809,13.850000381469727,117596
2026-06-25 15:42:00+00:00,13.850000381469727,13.859999656677246,13.84000015258789,13.859999656677246,95710
2026-06-25 15:43:00+00:00,13.859999656677246,13.869999885559082,13.851499557495117,13.864999771118164,45601
2026-06-25 15:44:00+00:00,13.864999771118164,13.880000114440918,13.859999656677246,13.875,48913
2026-06-25 15:45:00+00:00,13.875,13.90999984741211,13.869999885559082,13.909299850463867,178196
2026-06-25 15:46:00+00:00,13.900699615478516,13.920000076293945,13.899999618530273,13.90999984741211,43166
2026-06-25 15:47:00+00:00,13.904999732971191,13.920000076293945,13.899999618530273,13.920000076293945,56730
2026-06-25 15:48:00+00:00,13.90999984741211,13.90999984741211,13.869999885559082,13.875,148156
2026-06-25 15:49:00+00:00,13.875,13.879899978637695,13.84000015258789,13.854999542236328,57763
2026-06-25 15:50:00+00:00,13.854999542236328,13.869999885559082,13.84000015258789,13.864999771118164,54936
2026-06-25 15:51:00+00:00,13.864999771118164,13.890000343322754,13.860099792480469,13.880000114440918,28624
2026-06-25 15:52:00+00:00,13.880000114440918,13.899999618530273,13.880000114440918,13.890000343322754,35445
2026-06-25 15:53:00+00:00,13.890000343322754,13.899999618530273,13.87030029296875,13.885000228881836,170757
2026-06-25 15:54:00+00:00,13.885000228881836,13.90999984741211,13.884162902832031,13.904999732971191,62250
2026-06-25 15:55:00+00:00,13.904999732971191,13.90999984741211,13.891200065612793,13.899999618530273,51735
2026-06-25 15:56:00+00:00,13.897600173950195,13.899999618530273,13.890000343322754,13.890700340270996,23669
2026-06-25 15:57:00+00:00,13.890000343322754,13.90999984741211,13.890000343322754,13.895000457763672,49161
2026-06-25 15:58:00+00:00,13.899299621582031,13.899999618530273,13.859999656677246,13.864999771118164,114733
2026-06-25 15:59:00+00:00,13.864999771118164,13.875,13.859999656677246,13.864999771118164,42807
2026-06-25 16:00:00+00:00,13.864999771118164,13.879899978637695,13.854999542236328,13.875,80033
2026-06-25 16:01:00+00:00,13.875,13.880000114440918,13.859999656677246,13.875,50992
2026-06-25 16:02:00+00:00,13.875,13.880000114440918,13.859999656677246,13.864999771118164,31631
2026-06-25 16:03:00+00:00,13.860099792480469,13.880000114440918,13.859999656677246,13.869999885559082,37308
2026-06-25 16:04:00+00:00,13.875,13.899999618530273,13.870100021362305,13.895000457763672,94062
2026-06-25 16:05:00+00:00,13.895000457763672,13.920000076293945,13.88010025024414,13.914999961853027,53276
2026-06-25 16:06:00+00:00,13.914999961853027,13.944999694824219,13.90999984741211,13.940999984741211,67602
2026-06-25 16:07:00+00:00,13.9399995803833,13.9399995803833,13.930000305175781,13.9399995803833,58981
2026-06-25 16:08:00+00:00,13.940099716186523,13.960000038146973,13.930000305175781,13.960000038146973,67881
2026-06-25 16:09:00+00:00,13.954999923706055,13.975000381469727,13.940099716186523,13.975000381469727,76497
2026-06-25 16:10:00+00:00,13.975000381469727,13.989999771118164,13.960000038146973,13.975000381469727,86862
2026-06-25 16:11:00+00:00,13.975000381469727,13.999899864196777,13.975000381469727,13.984999656677246,98691
2026-06-25 16:12:00+00:00,13.9891996383667,14.010000228881836,13.979999542236328,14.001999855041504,287376
2026-06-25 16:13:00+00:00,14.000100135803223,14.0600004196167,14.0,14.050100326538086,230674
2026-06-25 16:14:00+00:00,14.055000305175781,14.077981948852539,14.045000076293945,14.0649995803833,296434
2026-06-25 16:15:00+00:00,14.0649995803833,14.079999923706055,14.055000305175781,14.07229995727539,142965
2026-06-25 16:16:00+00:00,14.069999694824219,14.069999694824219,14.050000190734863,14.0649995803833,176026
2026-06-25 16:17:00+00:00,14.0649995803833,14.0649995803833,14.050000190734863,14.0600004196167,96599
2026-06-25 16:18:00+00:00,14.05049991607666,14.069999694824219,14.03499984741211,14.03499984741211,80554
2026-06-25 16:19:00+00:00,14.03499984741211,14.03499984741211,14.001799583435059,14.005000114440918,132964
2026-06-25 16:20:00+00:00,14.010000228881836,14.020000457763672,13.990300178527832,14.0,256780
2026-06-25 16:21:00+00:00,13.994999885559082,14.010000228881836,13.989999771118164,14.008399963378906,84973
2026-06-25 16:22:00+00:00,14.005000114440918,14.008700370788574,13.99020004272461,13.994999885559082,39321
2026-06-25 16:23:00+00:00,13.99899959564209,14.0,13.970000267028809,13.978400230407715,95526
2026-06-25 16:24:00+00:00,13.975000381469727,13.989999771118164,13.970000267028809,13.987600326538086,56471
2026-06-25 16:25:00+00:00,13.989999771118164,14.0,13.970000267028809,13.982399940490723,83751
2026-06-25 16:26:00+00:00,13.984999656677246,14.010000228881836,13.979999542236328,13.994999885559082,92878
2026-06-25 16:27:00+00:00,13.994999885559082,14.0,13.984999656677246,13.994999885559082,38962
2026-06-25 16:28:00+00:00,13.994999885559082,14.020000457763672,13.989999771118164,14.005000114440918,81115
2026-06-25 16:29:00+00:00,14.010000228881836,14.029899597167969,14.0,14.027999877929688,47625
2026-06-25 16:30:00+00:00,14.020099639892578,14.020099639892578,13.989999771118164,13.997400283813477,96623
2026-06-25 16:31:00+00:00,13.994999885559082,14.0,13.979999542236328,13.979999542236328,65040
2026-06-25 16:32:00+00:00,13.979999542236328,13.989999771118164,13.970999717712402,13.975000381469727,71093
2026-06-25 16:33:00+00:00,13.979999542236328,13.979999542236328,13.949999809265137,13.975000381469727,140229
2026-06-25 16:34:00+00:00,13.975000381469727,13.979999542236328,13.960000038146973,13.973400115966797,42643
2026-06-25 16:35:00+00:00,13.975000381469727,13.989999771118164,13.970000267028809,13.984999656677246,59788
2026-06-25 16:36:00+00:00,13.984999656677246,14.0,13.975000381469727,13.975000381469727,72493
2026-06-25 16:37:00+00:00,13.975000381469727,13.978099822998047,13.960000038146973,13.96500015258789,47187
2026-06-25 16:38:00+00:00,13.96500015258789,13.970000267028809,13.949999809265137,13.958600044250488,67675
2026-06-25 16:39:00+00:00,13.954999923706055,13.95989990234375,13.930000305175781,13.9399995803833,85372
2026-06-25 16:40:00+00:00,13.9350004196167,13.949999809265137,13.930000305175781,13.930100440979004,104880
2026-06-25 16:41:00+00:00,13.9350004196167,13.946026802062988,13.913000106811523,13.913000106811523,38739
2026-06-25 16:42:00+00:00,13.910099983215332,13.938400268554688,13.90999984741211,13.925000190734863,83546
2026-06-25 16:43:00+00:00,13.922300338745117,13.9350004196167,13.90999984741211,13.910699844360352,56614
2026-06-25 16:44:00+00:00,13.914999961853027,13.929900169372559,13.90999984741211,13.920000076293945,81552
2026-06-25 16:45:00+00:00,13.920000076293945,13.929300308227539,13.880000114440918,13.885000228881836,86843
2026-06-25 16:46:00+00:00,13.885000228881836,13.919699668884277,13.869999885559082,13.914999961853027,177609
2026-06-25 16:47:00+00:00,13.910099983215332,13.949899673461914,13.910099983215332,13.9399995803833,56292
2026-06-25 16:48:00+00:00,13.949899673461914,13.95989990234375,13.9399995803833,13.954999923706055,44926
2026-06-25 16:49:00+00:00,13.959699630737305,13.960000038146973,13.940699577331543,13.954999923706055,40164
2026-06-25 16:50:00+00:00,13.954999923706055,13.96500015258789,13.940099716186523,13.95989990234375,66151
2026-06-25 16:51:00+00:00,13.954999923706055,13.960000038146973,13.94320011138916,13.94320011138916,31859
2026-06-25 16:52:00+00:00,13.9399995803833,13.960000038146973,13.930000305175781,13.954999923706055,43594
2026-06-25 16:53:00+00:00,13.954999923706055,13.970000267028809,13.95009994506836,13.954999923706055,43864
2026-06-25 16:54:00+00:00,13.954999923706055,13.970000267028809,13.954999923706055,13.960100173950195,30428
2026-06-25 16:55:00+00:00,13.960100173950195,13.970000267028809,13.930000305175781,13.9350004196167,53451
2026-06-25 16:56:00+00:00,13.9399995803833,13.95989990234375,13.930100440979004,13.9399995803833,77187
2026-06-25 16:57:00+00:00,13.9350004196167,13.960000038146973,13.9350004196167,13.95009994506836,52122
2026-06-25 16:58:00+00:00,13.95009994506836,13.989999771118164,13.95009994506836,13.984999656677246,88579
2026-06-25 16:59:00+00:00,13.984999656677246,13.989999771118164,13.970000267028809,13.975000381469727,74604
2026-06-25 17:00:00+00:00,13.979999542236328,14.0,13.975000381469727,13.989899635314941,83345
2026-06-25 17:01:00+00:00,13.98960018157959,13.989899635314941,13.970100402832031,13.984999656677246,65573
2026-06-25 17:02:00+00:00,13.980199813842773,13.989999771118164,13.960000038146973,13.984999656677246,130071
2026-06-25 17:03:00+00:00,13.979999542236328,14.0,13.979999542236328,13.994999885559082,60217
2026-06-25 17:04:00+00:00,13.994999885559082,14.0,13.970000267028809,13.975000381469727,74702
2026-06-25 17:05:00+00:00,13.979999542236328,13.979999542236328,13.960200309753418,13.970000267028809,57698
2026-06-25 17:06:00+00:00,13.975000381469727,13.979999542236328,13.949999809265137,13.954999923706055,21473
2026-06-25 17:07:00+00:00,13.954999923706055,13.970000267028809,13.949999809265137,13.96500015258789,62293
2026-06-25 17:08:00+00:00,13.96500015258789,13.979900360107422,13.954999923706055,13.954999923706055,35950
2026-06-25 17:09:00+00:00,13.954999923706055,13.96500015258789,13.949999809265137,13.954999923706055,33760
2026-06-25 17:10:00+00:00,13.954999923706055,13.979999542236328,13.949999809265137,13.975000381469727,40850
2026-06-25 17:11:00+00:00,13.975000381469727,13.989999771118164,13.970000267028809,13.970000267028809,42928
2026-06-25 17:12:00+00:00,13.979999542236328,13.979999542236328,13.960000038146973,13.96500015258789,41537
2026-06-25 17:13:00+00:00,13.96500015258789,13.98960018157959,13.961299896240234,13.979999542236328,55141
2026-06-25 17:14:00+00:00,13.975000381469727,13.989899635314941,13.96500015258789,13.96500015258789,45309
2026-06-25 17:15:00+00:00,13.969300270080566,14.010000228881836,13.960000038146973,14.005000114440918,168407
2026-06-25 17:16:00+00:00,14.005000114440918,14.015000343322754,14.0,14.005000114440918,46789
2026-06-25 17:17:00+00:00,14.005000114440918,14.005000114440918,13.984999656677246,13.990099906921387,54792
2026-06-25 17:18:00+00:00,13.994999885559082,13.994999885559082,13.960000038146973,13.960000038146973,55741
2026-06-25 17:19:00+00:00,13.960000038146973,13.970000267028809,13.949999809265137,13.954999923706055,81080
2026-06-25 17:20:00+00:00,13.957799911499023,13.960000038146973,13.9350004196167,13.949999809265137,117364
2026-06-25 17:21:00+00:00,13.944999694824219,13.949899673461914,13.9350004196167,13.949299812316895,162642
2026-06-25 17:22:00+00:00,13.944999694824219,13.960000038146973,13.930000305175781,13.944999694824219,141850
2026-06-25 17:23:00+00:00,13.944999694824219,13.949600219726562,13.930000305175781,13.9399995803833,54018
2026-06-25 17:24:00+00:00,13.9350004196167,13.954999923706055,13.9350004196167,13.95009994506836,31675
2026-06-25 17:25:00+00:00,13.949999809265137,13.95989990234375,13.9399995803833,13.944999694824219,44666
2026-06-25 17:26:00+00:00,13.940099716186523,13.970000267028809,13.940099716186523,13.96500015258789,38488
2026-06-25 17:27:00+00:00,13.96500015258789,13.970000267028809,13.954999923706055,13.968500137329102,38679
2026-06-25 17:28:00+00:00,13.96500015258789,13.96500015258789,13.9399995803833,13.9399995803833,68733
2026-06-25 17:29:00+00:00,13.9399995803833,13.954999923706055,13.9399995803833,13.9399995803833,36641
2026-06-25 17:30:00+00:00,13.948200225830078,13.970000267028809,13.948200225830078,13.960000038146973,80281
2026-06-25 17:31:00+00:00,13.960000038146973,13.960000038146973,13.9399995803833,13.9399995803833,25433
2026-06-25 17:32:00+00:00,13.944999694824219,13.949999809265137,13.930000305175781,13.930000305175781,23843
2026-06-25 17:33:00+00:00,13.9350004196167,13.939900398254395,13.920000076293945,13.9350004196167,59257
2026-06-25 17:34:00+00:00,13.9350004196167,13.9399995803833,13.930000305175781,13.9350004196167,22506
2026-06-25 17:35:00+00:00,13.9350004196167,13.9399995803833,13.930000305175781,13.930100440979004,25762
2026-06-25 17:36:00+00:00,13.9350004196167,13.960000038146973,13.930000305175781,13.954999923706055,90917
2026-06-25 17:37:00+00:00,13.954999923706055,13.954999923706055,13.9399995803833,13.944999694824219,24594
2026-06-25 17:38:00+00:00,13.944999694824219,13.970000267028809,13.944999694824219,13.96500015258789,55156
2026-06-25 17:39:00+00:00,13.96500015258789,13.970000267028809,13.960000038146973,13.96500015258789,17384
2026-06-25 17:40:00+00:00,13.96500015258789,13.979999542236328,13.96500015258789,13.975000381469727,22769
2026-06-25 17:41:00+00:00,13.975000381469727,13.979999542236328,13.960100173950195,13.96500015258789,36092
2026-06-25 17:42:00+00:00,13.96500015258789,13.969900131225586,13.940999984741211,13.95199966430664,92677
2026-06-25 17:43:00+00:00,13.954999923706055,13.960000038146973,13.920000076293945,13.939000129699707,89399
2026-06-25 17:44:00+00:00,13.9350004196167,13.9350004196167,13.920000076293945,13.925000190734863,53227
2026-06-25 17:45:00+00:00,13.920000076293945,13.930000305175781,13.899999618530273,13.901300430297852,87456
2026-06-25 17:46:00+00:00,13.900899887084961,13.920000076293945,13.899999618530273,13.899999618530273,113624
2026-06-25 17:47:00+00:00,13.904999732971191,13.904999732971191,13.890000343322754,13.895000457763672,51465
2026-06-25 17:48:00+00:00,13.895000457763672,13.899999618530273,13.890000343322754,13.895000457763672,124393
2026-06-25 17:49:00+00:00,13.890000343322754,13.899999618530273,13.890000343322754,13.899999618530273,59206
2026-06-25 17:50:00+00:00,13.895000457763672,13.914999961853027,13.890000343322754,13.899999618530273,61176
2026-06-25 17:51:00+00:00,13.899999618530273,13.90999984741211,13.890899658203125,13.904999732971191,64048
2026-06-25 17:52:00+00:00,13.904999732971191,13.90999984741211,13.899999618530273,13.904999732971191,34017
2026-06-25 17:53:00+00:00,13.904999732971191,13.929900169372559,13.899999618530273,13.925000190734863,57073
2026-06-25 17:54:00+00:00,13.925000190734863,13.930000305175781,13.920000076293945,13.925000190734863,14414
2026-06-25 17:55:00+00:00,13.925000190734863,13.930000305175781,13.90999984741211,13.925000190734863,78351
2026-06-25 17:56:00+00:00,13.92020034790039,13.9399995803833,13.920000076293945,13.9350004196167,71521
2026-06-25 17:57:00+00:00,13.9399995803833,13.949999809265137,13.9350004196167,13.949899673461914,42909
2026-06-25 17:58:00+00:00,13.944999694824219,13.960000038146973,13.9399995803833,13.954999923706055,77310
2026-06-25 17:59:00+00:00,13.954999923706055,13.970000267028809,13.949999809265137,13.969900131225586,33257
2026-06-25 18:00:00+00:00,13.96500015258789,13.970000267028809,13.950799942016602,13.96500015258789,85481
2026-06-25 18:01:00+00:00,13.960000038146973,13.979999542236328,13.960000038146973,13.979900360107422,37695
2026-06-25 18:02:00+00:00,13.975000381469727,13.975000381469727,13.90999984741211,13.914999961853027,90693
2026-06-25 18:03:00+00:00,13.914999961853027,13.954999923706055,13.914999961853027,13.925000190734863,103550
2026-06-25 18:04:00+00:00,13.920000076293945,13.958399772644043,13.920000076293945,13.954999923706055,72605
2026-06-25 18:05:00+00:00,13.949999809265137,13.949999809265137,13.931699752807617,13.944999694824219,41758
2026-06-25 18:06:00+00:00,13.944999694824219,13.970000267028809,13.940099716186523,13.954999923706055,47037
2026-06-25 18:07:00+00:00,13.954999923706055,13.979999542236328,13.954999923706055,13.96500015258789,79873
2026-06-25 18:08:00+00:00,13.970000267028809,13.979999542236328,13.961400032043457,13.96500015258789,48722
2026-06-25 18:09:00+00:00,13.968299865722656,13.979999542236328,13.960000038146973,13.973999977111816,81559
2026-06-25 18:10:00+00:00,13.975000381469727,13.989999771118164,13.96500015258789,13.970000267028809,158071
2026-06-25 18:11:00+00:00,13.970000267028809,13.989999771118164,13.970000267028809,13.98840045928955,79028
2026-06-25 18:12:00+00:00,13.984999656677246,13.994999885559082,13.979999542236328,13.984999656677246,55295
2026-06-25 18:13:00+00:00,13.98009967803955,13.984999656677246,13.960800170898438,13.960800170898438,53441
2026-06-25 18:14:00+00:00,13.96500015258789,13.975000381469727,13.960000038146973,13.975000381469727,58802
2026-06-25 18:15:00+00:00,13.979999542236328,13.979999542236328,13.960000038146973,13.96500015258789,30098
2026-06-25 18:16:00+00:00,13.970000267028809,13.998200416564941,13.96500015258789,13.9975004196167,79834
2026-06-25 18:17:00+00:00,13.994999885559082,13.994999885559082,13.972100257873535,13.979999542236328,117236
2026-06-25 18:18:00+00:00,13.975000381469727,13.994999885559082,13.970000267028809,13.994999885559082,184117
2026-06-25 18:19:00+00:00,13.989999771118164,14.024999618530273,13.989999771118164,13.994999885559082,173140
2026-06-25 18:20:00+00:00,13.994999885559082,14.010000228881836,13.994999885559082,14.0,64167
2026-06-25 18:21:00+00:00,13.994999885559082,14.0,13.984999656677246,13.994999885559082,81125
2026-06-25 18:22:00+00:00,14.0,14.010000228881836,13.990099906921387,13.990099906921387,61013
2026-06-25 18:23:00+00:00,13.994999885559082,14.008299827575684,13.989999771118164,14.008299827575684,89072
2026-06-25 18:24:00+00:00,14.005000114440918,14.029999732971191,14.005000114440918,14.020000457763672,124853
2026-06-25 18:25:00+00:00,14.024999618530273,14.050000190734863,14.020000457763672,14.045000076293945,100448
2026-06-25 18:26:00+00:00,14.045000076293945,14.074999809265137,14.04069995880127,14.074999809265137,293254
2026-06-25 18:27:00+00:00,14.074999809265137,14.09000015258789,14.0649995803833,14.085000038146973,261965
2026-06-25 18:28:00+00:00,14.085000038146973,14.100000381469727,14.079999923706055,14.079999923706055,87289
2026-06-25 18:29:00+00:00,14.085000038146973,14.100000381469727,14.079999923706055,14.085000038146973,174864
2026-06-25 18:30:00+00:00,14.09000015258789,14.09000015258789,14.045000076293945,14.045000076293945,166352
2026-06-25 18:31:00+00:00,14.050000190734863,14.0600004196167,14.050000190734863,14.050000190734863,76530
2026-06-25 18:32:00+00:00,14.055000305175781,14.0600004196167,14.029999732971191,14.03499984741211,134098
2026-06-25 18:33:00+00:00,14.03499984741211,14.039999961853027,14.015000343322754,14.015000343322754,57048
2026-06-25 18:34:00+00:00,14.015000343322754,14.018500328063965,14.0,14.007800102233887,67673
2026-06-25 18:35:00+00:00,14.005000114440918,14.020000457763672,13.979999542236328,14.010000228881836,165200
2026-06-25 18:36:00+00:00,14.020000457763672,14.029999732971191,14.010000228881836,14.020000457763672,156273
2026-06-25 18:37:00+00:00,14.020000457763672,14.03499984741211,14.015000343322754,14.024999618530273,272407
2026-06-25 18:38:00+00:00,14.020099639892578,14.03499984741211,14.020000457763672,14.024999618530273,49166
2026-06-25 18:39:00+00:00,14.029999732971191,14.029999732971191,14.005000114440918,14.020000457763672,81660
2026-06-25 18:40:00+00:00,14.020000457763672,14.024999618530273,14.005000114440918,14.015000343322754,52333
2026-06-25 18:41:00+00:00,14.000100135803223,14.00979995727539,13.994999885559082,14.008999824523926,65073
2026-06-25 18:42:00+00:00,14.010000228881836,14.020000457763672,14.0,14.015000343322754,65328
2026-06-25 18:43:00+00:00,14.020000457763672,14.029999732971191,14.010600090026855,14.020000457763672,23995
2026-06-25 18:44:00+00:00,14.024999618530273,14.0600004196167,14.020099639892578,14.024999618530273,225845
2026-06-25 18:45:00+00:00,14.022000312805176,14.024999618530273,13.970000267028809,13.984999656677246,176539
2026-06-25 18:46:00+00:00,13.984999656677246,14.0,13.970000267028809,13.975000381469727,59474
2026-06-25 18:47:00+00:00,13.970000267028809,13.975000381469727,13.950300216674805,13.96500015258789,78307
2026-06-25 18:48:00+00:00,13.960100173950195,13.970000267028809,13.960000038146973,13.96500015258789,52276
2026-06-25 18:49:00+00:00,13.970000267028809,13.979999542236328,13.960000038146973,13.96500015258789,38769
2026-06-25 18:50:00+00:00,13.96500015258789,13.979900360107422,13.960000038146973,13.970000267028809,44281
2026-06-25 18:51:00+00:00,13.970000267028809,13.975000381469727,13.960000038146973,13.970000267028809,96296
2026-06-25 18:52:00+00:00,13.960000038146973,14.010000228881836,13.960000038146973,14.010000228881836,137987
2026-06-25 18:53:00+00:00,14.005000114440918,14.008399963378906,13.989999771118164,13.994999885559082,31463
2026-06-25 18:54:00+00:00,13.994999885559082,13.999899864196777,13.960000038146973,13.979999542236328,207990
2026-06-25 18:55:00+00:00,13.975000381469727,14.010000228881836,13.97070026397705,13.999699592590332,93077
2026-06-25 18:56:00+00:00,13.994999885559082,14.0,13.979999542236328,13.994999885559082,67963
2026-06-25 18:57:00+00:00,13.998000144958496,14.0,13.975000381469727,13.984999656677246,70044
2026-06-25 18:58:00+00:00,13.984999656677246,13.989999771118164,13.972299575805664,13.975000381469727,29937
2026-06-25 18:59:00+00:00,13.975000381469727,13.989999771118164,13.975000381469727,13.979999542236328,43398
2026-06-25 19:00:00+00:00,13.989999771118164,13.994999885559082,13.979999542236328,13.979999542236328,44573
2026-06-25 19:01:00+00:00,13.98799991607666,13.989999771118164,13.970000267028809,13.975000381469727,40157
2026-06-25 19:02:00+00:00,13.975000381469727,13.975000381469727,13.949999809265137,13.949999809265137,76181
2026-06-25 19:03:00+00:00,13.957300186157227,13.95989990234375,13.9350004196167,13.954999923706055,174297
2026-06-25 19:04:00+00:00,13.954999923706055,13.960000038146973,13.940099716186523,13.944999694824219,73057
2026-06-25 19:05:00+00:00,13.9399995803833,13.954999923706055,13.930000305175781,13.9350004196167,65680
2026-06-25 19:06:00+00:00,13.9350004196167,13.949999809265137,13.930000305175781,13.946900367736816,38215
2026-06-25 19:07:00+00:00,13.9399995803833,13.949999809265137,13.930000305175781,13.9350004196167,71769
2026-06-25 19:08:00+00:00,13.9350004196167,13.954999923706055,13.930000305175781,13.949999809265137,63713
2026-06-25 19:09:00+00:00,13.954999923706055,13.954999923706055,13.9350004196167,13.944999694824219,156740
2026-06-25 19:10:00+00:00,13.944999694824219,13.960000038146973,13.9399995803833,13.944999694824219,65658
2026-06-25 19:11:00+00:00,13.942000389099121,13.970000267028809,13.9399995803833,13.96500015258789,76394
2026-06-25 19:12:00+00:00,13.960399627685547,13.979999542236328,13.949999809265137,13.975000381469727,506059
2026-06-25 19:13:00+00:00,13.970000267028809,13.979999542236328,13.954999923706055,13.960000038146973,46101
2026-06-25 19:14:00+00:00,13.96500015258789,13.970000267028809,13.949999809265137,13.954999923706055,68491
2026-06-25 19:15:00+00:00,13.954999923706055,13.954999923706055,13.930000305175781,13.9399995803833,94509
2026-06-25 19:16:00+00:00,13.9350004196167,13.949999809265137,13.930000305175781,13.949899673461914,84515
2026-06-25 19:17:00+00:00,13.944999694824219,13.944999694824219,13.899999618530273,13.904999732971191,104466
2026-06-25 19:18:00+00:00,13.904999732971191,13.90999984741211,13.885000228881836,13.888299942016602,115618
2026-06-25 19:19:00+00:00,13.885000228881836,13.904999732971191,13.880000114440918,13.904999732971191,143214
2026-06-25 19:20:00+00:00,13.904999732971191,13.914999961853027,13.89009952545166,13.904999732971191,181718
2026-06-25 19:21:00+00:00,13.904999732971191,13.920000076293945,13.899999618530273,13.904999732971191,113535
2026-06-25 19:22:00+00:00,13.908100128173828,13.911399841308594,13.899999618530273,13.904999732971191,29470
2026-06-25 19:23:00+00:00,13.904999732971191,13.930000305175781,13.899999618530273,13.925000190734863,38696
2026-06-25 19:24:00+00:00,13.925000190734863,13.9399995803833,13.920000076293945,13.932700157165527,87740
2026-06-25 19:25:00+00:00,13.9350004196167,13.970000267028809,13.9350004196167,13.960000038146973,94984
2026-06-25 19:26:00+00:00,13.96500015258789,13.970000267028809,13.960000038146973,13.970000267028809,53818
2026-06-25 19:27:00+00:00,13.96500015258789,13.975000381469727,13.949999809265137,13.975000381469727,224268
2026-06-25 19:28:00+00:00,13.975000381469727,13.979999542236328,13.960000038146973,13.975000381469727,88036
2026-06-25 19:29:00+00:00,13.975000381469727,14.010000228881836,13.970000267028809,13.990500450134277,218359
2026-06-25 19:30:00+00:00,13.994999885559082,13.994999885559082,13.960000038146973,13.960000038146973,91442
2026-06-25 19:31:00+00:00,13.960000038146973,13.960000038146973,13.930000305175781,13.9350004196167,89308
2026-06-25 19:32:00+00:00,13.9350004196167,13.94950008392334,13.920000076293945,13.925000190734863,106098
2026-06-25 19:33:00+00:00,13.920000076293945,13.930000305175781,13.90999984741211,13.922100067138672,83811
2026-06-25 19:34:00+00:00,13.925000190734863,13.9399995803833,13.920000076293945,13.930000305175781,63880
2026-06-25 19:35:00+00:00,13.939900398254395,13.939900398254395,13.914999961853027,13.925000190734863,83432
2026-06-25 19:36:00+00:00,13.929900169372559,13.930000305175781,13.920000076293945,13.930000305175781,41965
2026-06-25 19:37:00+00:00,13.925000190734863,13.9350004196167,13.910099983215332,13.9350004196167,4605319
2026-06-25 19:38:00+00:00,13.930000305175781,13.9350004196167,13.920000076293945,13.925000190734863,85028
2026-06-25 19:39:00+00:00,13.920000076293945,13.930000305175781,13.920000076293945,13.925000190734863,57467
2026-06-25 19:40:00+00:00,13.930000305175781,13.949999809265137,13.925000190734863,13.925000190734863,125789
2026-06-25 19:41:00+00:00,13.925000190734863,13.9399995803833,13.914999961853027,13.9350004196167,64570
2026-06-25 19:42:00+00:00,13.9350004196167,13.949999809265137,13.930100440979004,13.944999694824219,145370
2026-06-25 19:43:00+00:00,13.944999694824219,13.949999809265137,13.939900398254395,13.9399995803833,61260
2026-06-25 19:44:00+00:00,13.944999694824219,13.946599960327148,13.920000076293945,13.9350004196167,66104
2026-06-25 19:45:00+00:00,13.9350004196167,13.956399917602539,13.9350004196167,13.949999809265137,237811
2026-06-25 19:46:00+00:00,13.944999694824219,13.95989990234375,13.9350004196167,13.9399995803833,119080
2026-06-25 19:47:00+00:00,13.944999694824219,13.969400405883789,13.944999694824219,13.954999923706055,124040
2026-06-25 19:48:00+00:00,13.954999923706055,13.954999923706055,13.9399995803833,13.9399995803833,84763
2026-06-25 19:49:00+00:00,13.944999694824219,13.949999809265137,13.930000305175781,13.944999694824219,127786
2026-06-25 19:50:00+00:00,13.9399995803833,13.944999694824219,13.920000076293945,13.9350004196167,150419
2026-06-25 19:51:00+00:00,13.930000305175781,13.949999809265137,13.920000076293945,13.9399995803833,94625
2026-06-25 19:52:00+00:00,13.9350004196167,13.949999809265137,13.9350004196167,13.9399995803833,122766
2026-06-25 19:53:00+00:00,13.949999809265137,13.960000038146973,13.9399995803833,13.944999694824219,110897
2026-06-25 19:54:00+00:00,13.944999694824219,13.949999809265137,13.914999961853027,13.920000076293945,286125
2026-06-25 19:55:00+00:00,13.920000076293945,13.9399995803833,13.920000076293945,13.920000076293945,220445
2026-06-25 19:56:00+00:00,13.920000076293945,13.925000190734863,13.899999618530273,13.904999732971191,250909
2026-06-25 19:57:00+00:00,13.90999984741211,13.930000305175781,13.904999732971191,13.925000190734863,239634
2026-06-25 19:58:00+00:00,13.925000190734863,13.930000305175781,13.90999984741211,13.925000190734863,501292
2026-06-25 19:59:00+00:00,13.925000190734863,13.979999542236328,13.925000190734863,13.954999923706055,985613
2026-06-25 20:00:00+00:00,13.96,13.99,13.92,13.99,11352
2026-06-25 20:01:00+00:00,13.96,13.99,13.92,13.97,0
2026-06-25 20:02:00+00:00,13.955,13.99,13.95,13.96,0
2026-06-25 20:03:00+00:00,13.96,13.97,13.92,13.97,0
2026-06-25 20:04:00+00:00,13.97,14.01,13.95,14.0065,75186676
2026-06-25 20:05:00+00:00,13.9902,14.02,13.99,14.005,0
2026-06-25 20:06:00+00:00,13.99,14.03,13.99,14.02,0
2026-06-25 20:07:00+00:00,14.02,14.06,14.0,14.04,0
2026-06-25 20:08:00+00:00,14.0694,14.07,13.98,14.0233,0
2026-06-25 20:09:00+00:00,14.04,14.06,14.02,14.035,0
2026-06-25 20:10:00+00:00,14.03,14.05,13.98,14.0355,0
2026-06-25 20:11:00+00:00,14.0326,14.0492,14.02,14.0206,0
2026-06-25 20:12:00+00:00,14.0492,14.0492,14.0,14.0,0
2026-06-25 20:13:00+00:00,14.02,14.02,13.98,13.99,0
2026-06-25 20:14:00+00:00,13.99,13.99,13.965,13.98,0
2026-06-25 20:15:00+00:00,13.98,13.98,13.95,13.97,0
2026-06-25 20:16:00+00:00,13.97,13.99,13.95,13.95,0
2026-06-25 20:17:00+00:00,13.98,13.99,13.95,13.99,0
2026-06-25 20:18:00+00:00,13.99,13.99,13.9509,13.9885,0
2026-06-25 20:19:00+00:00,13.95,13.99,13.95,13.9895,0
2026-06-25 20:20:00+00:00,13.99,14.0,13.98,13.995,0
2026-06-25 20:21:00+00:00,13.9999,14.04,13.99,14.0014,0
2026-06-25 20:22:00+00:00,14.04,14.04,14.0017,14.03,0
2026-06-25 20:23:00+00:00,14.04,14.04,14.02,14.03,0
2026-06-25 20:24:00+00:00,14.03,14.04,14.03,14.0384,0
2026-06-25 20:25:00+00:00,14.04,14.04,14.0,14.04,0
2026-06-25 20:26:00+00:00,14.04,14.04,14.0,14.0,0
2026-06-25 20:27:00+00:00,14.04,14.04,14.0,14.004,0
2026-06-25 20:28:00+00:00,14.01,14.04,14.0084,14.04,0
2026-06-25 20:29:00+00:00,14.04,14.04,14.0,14.01,0
2026-06-25 20:30:00+00:00,14.01,14.04,14.01,14.04,0
2026-06-25 20:31:00+00:00,14.0395,14.04,14.0,14.0261,0
2026-06-25 20:32:00+00:00,14.02,14.03,14.0,14.0261,0
2026-06-25 20:33:00+00:00,14.03,14.03,14.01,14.015,0
2026-06-25 20:34:00+00:00,14.01,14.03,14.0097,14.03,0
2026-06-25 20:35:00+00:00,14.03,14.03,14.01,14.02,0
2026-06-25 20:36:00+00:00,14.01,14.03,14.01,14.03,0
2026-06-25 20:37:00+00:00,14.0299,14.03,14.0101,14.024,0
2026-06-25 20:38:00+00:00,14.01,14.03,14.0,14.02,0
2026-06-25 20:39:00+00:00,14.02,14.02,14.0,14.0,0
2026-06-25 20:40:00+00:00,14.02,14.02,14.0,14.0,0
2026-06-25 20:41:00+00:00,14.02,14.02,14.01,14.02,0
2026-06-25 20:42:00+00:00,14.02,14.02,14.01,14.01,0
2026-06-25 20:43:00+00:00,14.02,14.02,14.01,14.0129,0
2026-06-25 20:44:00+00:00,14.0198,14.02,14.01,14.02,0
2026-06-25 20:45:00+00:00,14.01,14.02,14.01,14.02,0
2026-06-25 20:46:00+00:00,14.0102,14.02,14.01,14.01,0
2026-06-25 20:47:00+00:00,14.01,14.02,14.01,14.02,0
2026-06-25 20:48:00+00:00,14.02,14.02,14.01,14.015,0
2026-06-25 20:49:00+00:00,14.02,14.03,14.01,14.03,0
2026-06-25 20:50:00+00:00,14.03,14.03,14.01,14.02,0
2026-06-25 20:51:00+00:00,14.0292,14.03,14.01,14.03,0
2026-06-25 20:52:00+00:00,14.03,14.03,14.02,14.02,0
2026-06-25 20:53:00+00:00,14.03,14.03,14.017,14.03,0
2026-06-25 20:54:00+00:00,14.03,14.03,14.0213,14.025,0
2026-06-25 20:55:00+00:00,14.03,14.03,14.02,14.025,0
2026-06-25 20:56:00+00:00,14.03,14.04,14.03,14.0374,0
2026-06-25 20:57:00+00:00,14.04,14.04,14.03,14.0391,0
2026-06-25 20:58:00+00:00,14.04,14.04,14.0226,14.03,0
2026-06-25 20:59:00+00:00,14.04,14.04,14.02,14.0203,0
2026-06-25 21:00:00+00:00,14.03,14.04,14.02,14.0295,0
2026-06-25 21:01:00+00:00,14.04,14.04,14.02,14.04,0
2026-06-25 21:02:00+00:00,14.04,14.04,14.02,14.03,0
2026-06-25 21:03:00+00:00,14.04,14.04,14.02,14.02,0
2026-06-25 21:04:00+00:00,14.04,14.04,14.03,14.03,0
2026-06-25 21:05:00+00:00,14.03,14.04,14.02,14.03,0
2026-06-25 21:06:00+00:00,14.02,14.04,14.02,14.02,0
2026-06-25 21:07:00+00:00,14.04,14.04,14.02,14.04,0
2026-06-25 21:08:00+00:00,14.04,14.04,14.03,14.035,0
2026-06-25 21:09:00+00:00,14.04,14.04,14.03,14.03,0
2026-06-25 21:10:00+00:00,14.04,14.05,14.04,14.05,0
2026-06-25 21:11:00+00:00,14.045,14.05,14.04,14.04,0
2026-06-25 21:12:00+00:00,14.047,14.05,14.04,14.0497,0
2026-06-25 21:13:00+00:00,14.05,14.05,14.04,14.05,0
2026-06-25 21:14:00+00:00,14.05,14.07,14.0403,14.0671,0
2026-06-25 21:15:00+00:00,14.0628,14.07,14.0628,14.07,0
2026-06-25 21:16:00+00:00,14.07,14.1,14.0616,14.1,0
2026-06-25 21:17:00+00:00,14.09,14.1,14.09,14.09,0
2026-06-25 21:18:00+00:00,14.0954,14.1,14.06,14.09,0
2026-06-25 21:19:00+00:00,14.09,14.1,14.06,14.0892,0
2026-06-25 21:20:00+00:00,14.09,14.09,14.075,14.08,0
2026-06-25 21:21:00+00:00,14.08,14.09,14.061,14.08,0
2026-06-25 21:22:00+00:00,14.07,14.08,14.07,14.0793,0
2026-06-25 21:23:00+00:00,14.08,14.1,14.08,14.0943,0
2026-06-25 21:24:00+00:00,14.1,14.1,14.0805,14.085,0
2026-06-25 21:25:00+00:00,14.09,14.1,14.08,14.08,0
2026-06-25 21:26:00+00:00,14.085,14.085,14.0606,14.08,0
2026-06-25 21:27:00+00:00,14.08,14.08,14.06,14.08,0
2026-06-25 21:28:00+00:00,14.0793,14.08,14.06,14.06,0
2026-06-25 21:29:00+00:00,14.08,14.08,14.06,14.08,0
2026-06-25 21:30:00+00:00,14.08,14.08,14.04,14.04,0
2026-06-25 21:31:00+00:00,14.06,14.08,14.04,14.08,0
2026-06-25 21:32:00+00:00,14.04,14.07,14.04,14.07,0
2026-06-25 21:33:00+00:00,14.08,14.08,13.98,14.04,0
2026-06-25 21:34:00+00:00,14.07,14.08,14.04,14.074,0
2026-06-25 21:35:00+00:00,14.06,14.07,14.04,14.06,0
2026-06-25 21:36:00+00:00,14.04,14.0644,14.04,14.0644,0
2026-06-25 21:37:00+00:00,14.044,14.06,14.04,14.04,0
2026-06-25 21:38:00+00:00,14.07,14.07,14.04,14.06,0
2026-06-25 21:39:00+00:00,14.04,14.06,14.04,14.06,0
2026-06-25 21:40:00+00:00,14.06,14.06,14.04,14.05,0
2026-06-25 21:41:00+00:00,14.06,14.06,14.05,14.05,0
2026-06-25 21:42:00+00:00,14.05,14.06,14.05,14.06,0
2026-06-25 21:43:00+00:00,14.05,14.06,14.04,14.04,0
2026-06-25 21:44:00+00:00,14.06,14.06,14.04,14.0459,0
2026-06-25 21:45:00+00:00,14.04,14.06,14.04,14.05,0
2026-06-25 21:46:00+00:00,14.06,14.06,14.04,14.0408,0
2026-06-25 21:47:00+00:00,14.04,14.06,14.04,14.04,0
2026-06-25 21:48:00+00:00,14.04,14.047,14.04,14.045,0
2026-06-25 21:49:00+00:00,14.0594,14.06,14.04,14.0536,0
2026-06-25 21:50:00+00:00,14.04,14.06,14.04,14.059,0
2026-06-25 21:51:00+00:00,14.0405,14.06,14.0405,14.05,0
2026-06-25 21:52:00+00:00,14.0409,14.06,14.04,14.0543,0
2026-06-25 21:53:00+00:00,14.04,14.06,14.04,14.05,0
2026-06-25 21:54:00+00:00,14.05,14.06,14.04,14.054,0
2026-06-25 21:55:00+00:00,14.054,14.06,14.04,14.0544,0
2026-06-25 21:56:00+00:00,14.05,14.05,14.04,14.04,0
2026-06-25 21:57:00+00:00,14.0495,14.05,14.04,14.0499,0
2026-06-25 21:58:00+00:00,14.05,14.05,14.04,14.0497,0
2026-06-25 21:59:00+00:00,14.045,14.06,14.04,14.0401,0
2026-06-25 22:00:00+00:00,14.05,14.05,14.035,14.045,0
2026-06-25 22:01:00+00:00,14.0495,14.05,14.03,14.04,0
2026-06-25 22:02:00+00:00,14.04,14.04,14.027,14.0272,0
2026-06-25 22:03:00+00:00,14.0202,14.04,14.02,14.03,0
2026-06-25 22:04:00+00:00,14.0372,14.04,14.03,14.04,0
2026-06-25 22:05:00+00:00,14.03,14.03,14.02,14.0298,0
2026-06-25 22:06:00+00:00,14.02,14.04,14.02,14.02,0
2026-06-25 22:07:00+00:00,14.02,14.03,14.02,14.027,0
2026-06-25 22:08:00+00:00,14.02,14.03,14.01,14.02,0
2026-06-25 22:09:00+00:00,14.01,14.01,13.99,13.99,0
2026-06-25 22:10:00+00:00,13.98,13.99,13.97,13.97,0
2026-06-25 22:11:00+00:00,13.97,13.98,13.95,13.97,0
2026-06-25 22:12:00+00:00,13.97,14.0,13.96,13.99,0
2026-06-25 22:13:00+00:00,13.99,13.99,13.96,13.9609,0
2026-06-25 22:14:00+00:00,13.96,13.99,13.96,13.99,0
2026-06-25 22:15:00+00:00,13.98,14.0,13.96,13.97,0
2026-06-25 22:16:00+00:00,13.9688,13.98,13.96,13.96,0
2026-06-25 22:17:00+00:00,13.97,14.0,13.95,13.997,0
2026-06-25 22:18:00+00:00,13.9704,13.99,13.9704,13.984,0
2026-06-25 22:19:00+00:00,13.9801,13.99,13.97,13.9771,0
2026-06-25 22:20:00+00:00,13.97,13.9896,13.97,13.98,0
2026-06-25 22:21:00+00:00,13.98,13.99,13.97,13.98,0
2026-06-25 22:22:00+00:00,13.9774,13.99,13.95,13.95,0
2026-06-25 22:23:00+00:00,13.95,13.99,13.95,13.9869,0
2026-06-25 22:24:00+00:00,13.9858,13.9896,13.97,13.98,0
2026-06-25 22:25:00+00:00,13.98,13.99,13.94,13.97,0
2026-06-25 22:26:00+00:00,13.95,13.96,13.9,13.9589,0
2026-06-25 22:27:00+00:00,13.9244,13.95,13.9226,13.9494,0
2026-06-25 22:28:00+00:00,13.94,13.95,13.91,13.95,0
2026-06-25 22:29:00+00:00,13.94,13.95,13.92,13.94,0
2026-06-25 22:30:00+00:00,13.92,13.95,13.92,13.9496,0
2026-06-25 22:31:00+00:00,13.93,13.9447,13.92,13.9246,0
2026-06-25 22:32:00+00:00,13.93,13.93,13.925,13.925,0
2026-06-25 22:33:00+00:00,13.927,13.93,13.92,13.92,0
2026-06-25 22:34:00+00:00,13.92,13.92,13.91,13.92,0
2026-06-25 22:35:00+00:00,13.9199,13.93,13.9197,13.92,0
2026-06-25 22:36:00+00:00,13.93,13.93,13.925,13.925,0
2026-06-25 22:37:00+00:00,13.927,13.93,13.92,13.9298,0
2026-06-25 22:38:00+00:00,13.9271,13.93,13.92,13.923,0
2026-06-25 22:39:00+00:00,13.93,13.94,13.925,13.925,0
2026-06-25 22:40:00+00:00,13.9395,13.94,13.91,13.93,0
2026-06-25 22:41:00+00:00,13.94,13.94,13.9203,13.9341,0
2026-06-25 22:42:00+00:00,13.9297,13.94,13.9205,13.9343,0
2026-06-25 22:43:00+00:00,13.9259,13.94,13.92,13.94,0
2026-06-25 22:44:00+00:00,13.934,13.94,13.9205,13.9343,0
2026-06-25 22:45:00+00:00,13.92,13.94,13.92,13.93,0
2026-06-25 22:46:00+00:00,13.925,13.9271,13.92,13.92,0
2026-06-25 22:47:00+00:00,13.9229,13.93,13.92,13.923,0
2026-06-25 22:48:00+00:00,13.9298,13.93,13.925,13.9298,0
2026-06-25 22:49:00+00:00,13.93,13.93,13.92,13.9299,0
2026-06-25 22:50:00+00:00,13.93,13.93,13.9298,13.93,0
2026-06-25 22:51:00+00:00,13.927,13.93,13.92,13.92,0
2026-06-25 22:52:00+00:00,13.93,13.93,13.92,13.9299,0
2026-06-25 22:53:00+00:00,13.92,13.93,13.92,13.9287,0
2026-06-25 22:54:00+00:00,13.93,13.93,13.9228,13.9229,0
2026-06-25 22:55:00+00:00,13.9299,13.93,13.9271,13.9287,0
2026-06-25 22:56:00+00:00,13.93,13.93,13.92,13.9297,0
2026-06-25 22:57:00+00:00,13.92,13.94,13.92,13.94,0
2026-06-25 22:58:00+00:00,13.933,13.9474,13.93,13.936,0
2026-06-25 22:59:00+00:00,13.95,13.95,13.94,13.945,0
2026-06-25 23:00:00+00:00,13.95,13.95,13.94,13.9403,0
2026-06-25 23:01:00+00:00,13.95,13.95,13.93,13.95,0
2026-06-25 23:02:00+00:00,13.94,13.95,13.94,13.95,0
2026-06-25 23:03:00+00:00,13.95,13.95,13.93,13.95,0
2026-06-25 23:04:00+00:00,13.9305,13.95,13.9305,13.9357,0
2026-06-25 23:05:00+00:00,13.94,13.95,13.93,13.9355,0
2026-06-25 23:06:00+00:00,13.95,13.9661,13.93,13.9661,0
2026-06-25 23:07:00+00:00,13.97,13.97,13.93,13.9643,0
2026-06-25 23:08:00+00:00,13.97,13.97,13.95,13.97,0
2026-06-25 23:09:00+00:00,13.9696,13.97,13.9491,13.9491,0
2026-06-25 23:10:00+00:00,13.95,13.97,13.94,13.97,0
2026-06-25 23:11:00+00:00,13.94,13.97,13.94,13.9402,0
2026-06-25 23:12:00+00:00,13.9678,13.9678,13.94,13.96,0
2026-06-25 23:13:00+00:00,13.96,13.97,13.94,13.9695,0
2026-06-25 23:14:00+00:00,13.97,13.99,13.97,13.9899,0
2026-06-25 23:15:00+00:00,13.99,13.99,13.98,13.99,0
2026-06-25 23:16:00+00:00,13.985,13.9873,13.98,13.98,0
2026-06-25 23:17:00+00:00,13.98,13.99,13.98,13.99,0
2026-06-25 23:18:00+00:00,13.99,13.99,13.98,13.99,0
2026-06-25 23:19:00+00:00,13.98,13.99,13.98,13.99,0
2026-06-25 23:20:00+00:00,13.9872,13.99,13.98,13.98,0
2026-06-25 23:21:00+00:00,13.99,14.03,13.99,14.02,0
2026-06-25 23:22:00+00:00,14.03,14.05,13.99,14.03,0
2026-06-25 23:23:00+00:00,14.038,14.05,14.02,14.02,0
2026-06-25 23:24:00+00:00,14.05,14.05,14.01,14.05,0
2026-06-25 23:25:00+00:00,14.03,14.03,14.0092,14.0092,0
2026-06-25 23:26:00+00:00,14.01,14.01,14.0,14.01,0
2026-06-25 23:27:00+00:00,14.01,14.03,13.99,14.01,0
2026-06-25 23:28:00+00:00,14.0017,14.03,14.0,14.025,0
2026-06-25 23:29:00+00:00,14.03,14.05,14.0,14.03,0
2026-06-25 23:30:00+00:00,14.02,14.05,14.0011,14.05,0
2026-06-25 23:31:00+00:00,14.024,14.05,14.0,14.05,0
2026-06-25 23:32:00+00:00,14.0,14.05,14.0,14.03,0
2026-06-25 23:33:00+00:00,14.03,14.03,14.0265,14.0265,0
2026-06-25 23:34:00+00:00,14.0298,14.03,14.0,14.015,0
2026-06-25 23:35:00+00:00,14.02,14.03,14.0,14.0291,0
2026-06-25 23:36:00+00:00,14.03,14.03,14.0,14.0,0
2026-06-25 23:37:00+00:00,14.03,14.03,14.015,14.02,0
2026-06-25 23:38:00+00:00,14.0,14.03,14.0,14.02,0
2026-06-25 23:39:00+00:00,14.0,14.02,14.0,14.01,0
2026-06-25 23:40:00+00:00,14.0,14.01,14.0,14.0099,0
2026-06-25 23:41:00+00:00,14.0096,14.01,14.0,14.0,0
2026-06-25 23:42:00+00:00,13.99,14.0,13.9701,13.9859,0
2026-06-25 23:43:00+00:00,13.98,13.9997,13.9701,13.9973,0
2026-06-25 23:44:00+00:00,13.99,13.99,13.9894,13.99,0
2026-06-25 23:45:00+00:00,13.98,13.9842,13.97,13.97,0
2026-06-25 23:46:00+00:00,13.96,13.97,13.96,13.97,0
2026-06-25 23:47:00+00:00,13.98,14.0,13.96,13.996,0
2026-06-25 23:48:00+00:00,13.961,13.9965,13.961,13.9965,0
2026-06-25 23:49:00+00:00,13.96,14.0,13.96,13.99,0
2026-06-25 23:50:00+00:00,14.0,14.0,13.92,13.958,0
2026-06-25 23:51:00+00:00,13.9699,14.0,13.94,14.0,0
2026-06-25 23:52:00+00:00,13.9808,14.0,13.95,13.96,0
2026-06-25 23:53:00+00:00,13.96,14.0,13.91,13.99,0
2026-06-25 23:54:00+00:00,13.95,14.0,13.91,14.0,0
2026-06-25 23:55:00+00:00,13.97,14.0,13.91,14.0,0
2026-06-25 23:56:00+00:00,14.0,14.0,13.95,13.97,0
2026-06-25 23:57:00+00:00,13.95,13.97,13.95,13.95,0
2026-06-25 23:58:00+00:00,13.9557,13.97,13.9503,13.9503,0
2026-06-25 23:59:00+00:00,13.97,13.97,13.95,13.97,0
2026-06-26 08:00:00+00:00,13.55,13.75,13.3997,13.5788,0
2026-06-26 08:01:00+00:00,13.5751,13.63,13.41,13.55,0
2026-06-26 08:02:00+00:00,13.5488,13.5488,13.53,13.53,0
2026-06-26 08:03:00+00:00,13.53,13.53,13.5206,13.5299,0
2026-06-26 08:04:00+00:00,13.53,13.53,13.52,13.53,0
2026-06-26 08:05:00+00:00,13.52,13.58,13.4,13.56,0
2026-06-26 08:06:00+00:00,13.43,13.58,13.4,13.52,0
2026-06-26 08:07:00+00:00,13.52,13.75,13.46,13.53,0
2026-06-26 08:08:00+00:00,13.5,13.75,13.4,13.45,0
2026-06-26 08:09:00+00:00,13.45,13.59,13.45,13.55,0
2026-06-26 08:10:00+00:00,13.545,13.73,13.42,13.54,0
2026-06-26 08:11:00+00:00,13.54,13.56,13.54,13.55,0
2026-06-26 08:12:00+00:00,13.5595,13.56,13.55,13.56,0
2026-06-26 08:13:00+00:00,13.5588,13.56,13.545,13.5497,0
2026-06-26 08:14:00+00:00,13.5405,13.5405,13.54,13.54,0
2026-06-26 08:15:00+00:00,13.55,13.55,13.54,13.55,0
2026-06-26 08:16:00+00:00,13.55,13.5587,13.55,13.55,0
2026-06-26 08:17:00+00:00,13.54,13.54,13.5305,13.54,0
2026-06-26 08:18:00+00:00,13.54,13.5492,13.53,13.53,0
2026-06-26 08:19:00+00:00,13.53,13.53,13.52,13.52,0
2026-06-26 08:20:00+00:00,13.52,13.52,13.51,13.51,0
2026-06-26 08:21:00+00:00,13.52,13.55,13.52,13.55,0
2026-06-26 08:22:00+00:00,13.54,13.55,13.54,13.54,0
2026-06-26 08:23:00+00:00,13.5495,13.5497,13.5391,13.5392,0
2026-06-26 08:24:00+00:00,13.54,13.54,13.535,13.535,0
2026-06-26 08:25:00+00:00,13.54,13.5488,13.5386,13.54,0
2026-06-26 08:26:00+00:00,13.53,13.54,13.53,13.54,0
2026-06-26 08:27:00+00:00,13.539,13.54,13.53,13.54,0
2026-06-26 08:28:00+00:00,13.53,13.565,13.53,13.56,0
2026-06-26 08:29:00+00:00,13.559,13.58,13.559,13.58,0
2026-06-26 08:30:00+00:00,13.58,13.58,13.5695,13.57,0
2026-06-26 08:31:00+00:00,13.57,13.57,13.57,13.57,0
2026-06-26 08:32:00+00:00,13.57,13.58,13.57,13.58,0
2026-06-26 08:33:00+00:00,13.5787,13.5787,13.56,13.56,0
2026-06-26 08:34:00+00:00,13.56,13.56,13.55,13.55,0
2026-06-26 08:35:00+00:00,13.55,13.5505,13.55,13.5505,0
2026-06-26 08:36:00+00:00,13.55,13.57,13.55,13.57,0
2026-06-26 08:37:00+00:00,13.5695,13.57,13.5695,13.57,0
2026-06-26 08:38:00+00:00,13.575,13.575,13.56,13.5697,0
2026-06-26 08:39:00+00:00,13.56,13.56,13.56,13.56,0
2026-06-26 08:40:00+00:00,13.56,13.56,13.55,13.55,0
2026-06-26 08:41:00+00:00,13.559,13.56,13.559,13.56,0
2026-06-26 08:42:00+00:00,13.57,13.57,13.57,13.57,0
2026-06-26 08:43:00+00:00,13.57,13.57,13.54,13.54,0
2026-06-26 08:44:00+00:00,13.5492,13.5492,13.5305,13.535,0
2026-06-26 08:45:00+00:00,13.54,13.54,13.5395,13.5395,0
2026-06-26 08:46:00+00:00,13.5392,13.54,13.53,13.5304,0
2026-06-26 08:47:00+00:00,13.53,13.53,13.515,13.52,0
2026-06-26 08:48:00+00:00,13.52,13.53,13.51,13.53,0
2026-06-26 08:49:00+00:00,13.5387,13.54,13.52,13.529,0
2026-06-26 08:50:00+00:00,13.53,13.53,13.52,13.525,0
2026-06-26 08:51:00+00:00,13.52,13.52,13.51,13.5198,0
2026-06-26 08:52:00+00:00,13.51,13.525,13.51,13.52,0
2026-06-26 08:53:00+00:00,13.52,13.53,13.51,13.5197,0
2026-06-26 08:54:00+00:00,13.5104,13.5104,13.51,13.51,0
2026-06-26 08:55:00+00:00,13.51,13.51,13.5,13.505,0
2026-06-26 08:56:00+00:00,13.5,13.51,13.5,13.51,0
2026-06-26 08:57:00+00:00,13.5,13.51,13.49,13.49,0
2026-06-26 08:58:00+00:00,13.49,13.53,13.49,13.52,0
2026-06-26 08:59:00+00:00,13.52,13.52,13.51,13.51,0
2026-06-26 09:00:00+00:00,13.52,13.52,13.4988,13.51,0
2026-06-26 09:01:00+00:00,13.5,13.51,13.5,13.51,0
2026-06-26 09:02:00+00:00,13.51,13.51,13.49,13.49,0
2026-06-26 09:03:00+00:00,13.5,13.51,13.5,13.5,0
2026-06-26 09:04:00+00:00,13.5,13.5,13.4788,13.4788,0
2026-06-26 09:05:00+00:00,13.47,13.4805,13.46,13.47,0
2026-06-26 09:06:00+00:00,13.47,13.47,13.45,13.45,0
2026-06-26 09:07:00+00:00,13.45,13.4595,13.4499,13.4595,0
2026-06-26 09:08:00+00:00,13.4599,13.48,13.4595,13.46,0
2026-06-26 09:09:00+00:00,13.46,13.46,13.4596,13.46,0
2026-06-26 09:10:00+00:00,13.46,13.46,13.45,13.45,0
2026-06-26 09:11:00+00:00,13.455,13.455,13.43,13.44,0
2026-06-26 09:12:00+00:00,13.45,13.45,13.44,13.4498,0
2026-06-26 09:13:00+00:00,13.44,13.46,13.4395,13.45,0
2026-06-26 09:14:00+00:00,13.46,13.47,13.46,13.4695,0
2026-06-26 09:15:00+00:00,13.4688,13.47,13.46,13.4605,0
2026-06-26 09:16:00+00:00,13.47,13.47,13.4595,13.4597,0
2026-06-26 09:17:00+00:00,13.46,13.48,13.4588,13.47,0
2026-06-26 09:18:00+00:00,13.47,13.48,13.47,13.48,0
2026-06-26 09:19:00+00:00,13.47,13.47,13.4505,13.46,0
2026-06-26 09:20:00+00:00,13.45,13.46,13.45,13.46,0
2026-06-26 09:21:00+00:00,13.46,13.47,13.46,13.4697,0
2026-06-26 09:22:00+00:00,13.46,13.47,13.46,13.46,0
2026-06-26 09:23:00+00:00,13.46,13.47,13.45,13.47,0
2026-06-26 09:24:00+00:00,13.46,13.46,13.45,13.45,0
2026-06-26 09:25:00+00:00,13.45,13.46,13.45,13.46,0
2026-06-26 09:26:00+00:00,13.46,13.46,13.46,13.46,0
2026-06-26 09:27:00+00:00,13.46,13.48,13.46,13.48,0
2026-06-26 09:28:00+00:00,13.465,13.47,13.46,13.47,0
2026-06-26 09:29:00+00:00,13.47,13.47,13.47,13.47,0
2026-06-26 09:30:00+00:00,13.4703,13.48,13.4703,13.4791,0
2026-06-26 09:31:00+00:00,13.48,13.49,13.4795,13.4795,0
2026-06-26 09:32:00+00:00,13.48,13.48,13.47,13.4795,0
2026-06-26 09:33:00+00:00,13.47,13.471,13.4697,13.47,0
2026-06-26 09:34:00+00:00,13.46,13.48,13.46,13.48,0
2026-06-26 09:35:00+00:00,13.48,13.49,13.47,13.4705,0
2026-06-26 09:36:00+00:00,13.4787,13.48,13.47,13.48,0
2026-06-26 09:37:00+00:00,13.48,13.49,13.4795,13.4897,0
2026-06-26 09:38:00+00:00,13.49,13.49,13.48,13.4896,0
2026-06-26 09:39:00+00:00,13.4896,13.49,13.48,13.4894,0
2026-06-26 09:40:00+00:00,13.48,13.5097,13.48,13.5097,0
2026-06-26 09:41:00+00:00,13.51,13.51,13.5,13.5,0
2026-06-26 09:42:00+00:00,13.5,13.52,13.5,13.51,0
2026-06-26 09:43:00+00:00,13.5,13.51,13.5,13.5097,0
2026-06-26 09:44:00+00:00,13.51,13.51,13.505,13.51,0
2026-06-26 09:45:00+00:00,13.5097,13.51,13.5,13.5096,0
2026-06-26 09:46:00+00:00,13.5,13.51,13.49,13.49,0
2026-06-26 09:47:00+00:00,13.4989,13.5,13.49,13.4988,0
2026-06-26 09:48:00+00:00,13.4996,13.5086,13.49,13.5086,0
2026-06-26 09:49:00+00:00,13.5,13.51,13.49,13.49,0
2026-06-26 09:50:00+00:00,13.49,13.5,13.48,13.4896,0
2026-06-26 09:51:00+00:00,13.48,13.4986,13.48,13.4986,0
2026-06-26 09:52:00+00:00,13.4988,13.5,13.48,13.49,0
2026-06-26 09:53:00+00:00,13.49,13.5,13.49,13.4992,0
2026-06-26 09:54:00+00:00,13.49,13.49,13.48,13.49,0
2026-06-26 09:55:00+00:00,13.48,13.49,13.47,13.47,0
2026-06-26 09:56:00+00:00,13.47,13.5,13.47,13.49,0
2026-06-26 09:57:00+00:00,13.49,13.49,13.48,13.49,0
2026-06-26 09:58:00+00:00,13.49,13.49,13.49,13.49,0
2026-06-26 09:59:00+00:00,13.49,13.49,13.4893,13.49,0
2026-06-26 10:00:00+00:00,13.48,13.48,13.455,13.46,0
2026-06-26 10:01:00+00:00,13.46,13.46,13.435,13.45,0
2026-06-26 10:02:00+00:00,13.449,13.45,13.4397,13.4397,0
2026-06-26 10:03:00+00:00,13.4395,13.45,13.43,13.45,0
2026-06-26 10:04:00+00:00,13.45,13.4505,13.44,13.45,0
2026-06-26 10:05:00+00:00,13.45,13.46,13.44,13.45,0
2026-06-26 10:06:00+00:00,13.45,13.47,13.45,13.469,0
2026-06-26 10:07:00+00:00,13.46,13.48,13.46,13.47,0
2026-06-26 10:08:00+00:00,13.48,13.48,13.43,13.44,0
2026-06-26 10:09:00+00:00,13.43,13.445,13.43,13.44,0
2026-06-26 10:10:00+00:00,13.4486,13.45,13.43,13.4389,0
2026-06-26 10:11:00+00:00,13.43,13.44,13.43,13.43,0
2026-06-26 10:12:00+00:00,13.43,13.43,13.43,13.43,0
2026-06-26 10:13:00+00:00,13.43,13.435,13.42,13.42,0
2026-06-26 10:14:00+00:00,13.42,13.42,13.41,13.4188,0
2026-06-26 10:15:00+00:00,13.415,13.47,13.415,13.47,0
2026-06-26 10:16:00+00:00,13.4614,13.4806,13.46,13.4806,0
2026-06-26 10:17:00+00:00,13.4805,13.4805,13.47,13.48,0
2026-06-26 10:18:00+00:00,13.47,13.48,13.47,13.47,0
2026-06-26 10:19:00+00:00,13.48,13.48,13.4695,13.4695,0
2026-06-26 10:20:00+00:00,13.46,13.48,13.46,13.46,0
2026-06-26 10:21:00+00:00,13.46,13.4687,13.46,13.46,0
2026-06-26 10:22:00+00:00,13.4687,13.4697,13.46,13.4604,0
2026-06-26 10:23:00+00:00,13.47,13.47,13.46,13.4687,0
2026-06-26 10:24:00+00:00,13.4688,13.47,13.4605,13.4605,0
2026-06-26 10:25:00+00:00,13.46,13.46,13.45,13.46,0
2026-06-26 10:26:00+00:00,13.47,13.48,13.46,13.48,0
2026-06-26 10:27:00+00:00,13.48,13.48,13.47,13.47,0
2026-06-26 10:28:00+00:00,13.47,13.49,13.47,13.48,0
2026-06-26 10:29:00+00:00,13.4805,13.49,13.48,13.49,0
2026-06-26 10:30:00+00:00,13.49,13.49,13.47,13.48,0
2026-06-26 10:31:00+00:00,13.48,13.4804,13.48,13.48,0
2026-06-26 10:32:00+00:00,13.4888,13.4888,13.48,13.48,0
2026-06-26 10:33:00+00:00,13.48,13.48,13.4796,13.48,0
2026-06-26 10:34:00+00:00,13.48,13.48,13.4733,13.48,0
2026-06-26 10:35:00+00:00,13.48,13.48,13.46,13.46,0
2026-06-26 10:36:00+00:00,13.46,13.46,13.44,13.44,0
2026-06-26 10:37:00+00:00,13.44,13.44,13.4303,13.44,0
2026-06-26 10:38:00+00:00,13.45,13.46,13.45,13.4503,0
2026-06-26 10:39:00+00:00,13.46,13.46,13.45,13.4598,0
2026-06-26 10:40:00+00:00,13.4589,13.46,13.45,13.45,0
2026-06-26 10:41:00+00:00,13.4598,13.4598,13.45,13.45,0
2026-06-26 10:42:00+00:00,13.45,13.45,13.44,13.45,0
2026-06-26 10:43:00+00:00,13.45,13.45,13.45,13.45,0
2026-06-26 10:44:00+00:00,13.44,13.45,13.42,13.43,0
2026-06-26 10:45:00+00:00,13.43,13.43,13.42,13.4204,0
2026-06-26 10:46:00+00:00,13.43,13.43,13.42,13.43,0
2026-06-26 10:47:00+00:00,13.4201,13.43,13.4201,13.43,0
2026-06-26 10:48:00+00:00,13.43,13.43,13.43,13.43,0
2026-06-26 10:49:00+00:00,13.43,13.43,13.42,13.43,0
2026-06-26 10:50:00+00:00,13.43,13.49,13.43,13.49,0
2026-06-26 10:51:00+00:00,13.4895,13.4895,13.4788,13.4788,0
2026-06-26 10:52:00+00:00,13.48,13.4895,13.4798,13.4803,0
2026-06-26 10:53:00+00:00,13.49,13.5,13.48,13.491,0
2026-06-26 10:54:00+00:00,13.5,13.51,13.49,13.51,0
2026-06-26 10:55:00+00:00,13.51,13.52,13.49,13.4991,0
2026-06-26 10:56:00+00:00,13.5,13.52,13.5,13.52,0
2026-06-26 10:57:00+00:00,13.51,13.51,13.5,13.5,0
2026-06-26 10:58:00+00:00,13.5097,13.5097,13.5,13.5088,0
2026-06-26 10:59:00+00:00,13.5088,13.51,13.5088,13.51,0
2026-06-26 11:00:00+00:00,13.51,13.53,13.51,13.52,0
2026-06-26 11:01:00+00:00,13.52,13.53,13.51,13.51,0
2026-06-26 11:02:00+00:00,13.5098,13.5201,13.5,13.52,0
2026-06-26 11:03:00+00:00,13.52,13.54,13.51,13.54,0
2026-06-26 11:04:00+00:00,13.54,13.54,13.51,13.51,0
2026-06-26 11:05:00+00:00,13.5101,13.52,13.5,13.5,0
2026-06-26 11:06:00+00:00,13.5,13.5,13.48,13.4978,0
2026-06-26 11:07:00+00:00,13.4996,13.5,13.49,13.4902,0
2026-06-26 11:08:00+00:00,13.4997,13.5,13.49,13.49,0
2026-06-26 11:09:00+00:00,13.4904,13.52,13.48,13.52,0
2026-06-26 11:10:00+00:00,13.5199,13.52,13.51,13.5197,0
2026-06-26 11:11:00+00:00,13.53,13.53,13.5,13.5002,0
2026-06-26 11:12:00+00:00,13.5,13.52,13.5,13.5197,0
2026-06-26 11:13:00+00:00,13.51,13.52,13.51,13.52,0
2026-06-26 11:14:00+00:00,13.51,13.52,13.5,13.5002,0
2026-06-26 11:15:00+00:00,13.51,13.51,13.49,13.49,0
2026-06-26 11:16:00+00:00,13.5,13.5,13.49,13.49,0
2026-06-26 11:17:00+00:00,13.49,13.4901,13.4895,13.4901,0
2026-06-26 11:18:00+00:00,13.49,13.5,13.49,13.4995,0
2026-06-26 11:19:00+00:00,13.49,13.5,13.49,13.495,0
2026-06-26 11:20:00+00:00,13.4998,13.4998,13.48,13.48,0
2026-06-26 11:21:00+00:00,13.4898,13.49,13.48,13.48,0
2026-06-26 11:22:00+00:00,13.48,13.49,13.47,13.49,0
2026-06-26 11:23:00+00:00,13.49,13.4998,13.48,13.495,0
2026-06-26 11:24:00+00:00,13.49,13.51,13.49,13.51,0
2026-06-26 11:25:00+00:00,13.51,13.51,13.5002,13.51,0
2026-06-26 11:26:00+00:00,13.51,13.51,13.5002,13.51,0
2026-06-26 11:27:00+00:00,13.5,13.51,13.49,13.495,0
2026-06-26 11:28:00+00:00,13.5,13.5,13.4901,13.5,0
2026-06-26 11:29:00+00:00,13.49,13.49,13.47,13.475,0
2026-06-26 11:30:00+00:00,13.48,13.48,13.45,13.4691,0
2026-06-26 11:31:00+00:00,13.4697,13.47,13.45,13.4603,0
2026-06-26 11:32:00+00:00,13.47,13.47,13.45,13.455,0
2026-06-26 11:33:00+00:00,13.4514,13.46,13.45,13.4599,0
2026-06-26 11:34:00+00:00,13.4596,13.47,13.45,13.46,0
2026-06-26 11:35:00+00:00,13.46,13.47,13.46,13.4698,0
2026-06-26 11:36:00+00:00,13.4695,13.47,13.45,13.4598,0
2026-06-26 11:37:00+00:00,13.4505,13.46,13.4501,13.4513,0
2026-06-26 11:38:00+00:00,13.45,13.46,13.42,13.4305,0
2026-06-26 11:39:00+00:00,13.44,13.45,13.42,13.44,0
2026-06-26 11:40:00+00:00,13.44,13.455,13.43,13.455,0
2026-06-26 11:41:00+00:00,13.45,13.46,13.45,13.46,0
2026-06-26 11:42:00+00:00,13.45,13.46,13.44,13.4491,0
2026-06-26 11:43:00+00:00,13.44,13.46,13.44,13.4497,0
2026-06-26 11:44:00+00:00,13.4499,13.46,13.4499,13.4587,0
2026-06-26 11:45:00+00:00,13.46,13.46,13.4501,13.4587,0
2026-06-26 11:46:00+00:00,13.4501,13.46,13.45,13.45,0
2026-06-26 11:47:00+00:00,13.4596,13.47,13.45,13.47,0
2026-06-26 11:48:00+00:00,13.48,13.48,13.4701,13.4797,0
2026-06-26 11:49:00+00:00,13.4709,13.48,13.46,13.4699,0
2026-06-26 11:50:00+00:00,13.4687,13.47,13.4603,13.47,0
2026-06-26 11:51:00+00:00,13.47,13.47,13.44,13.44,0
2026-06-26 11:52:00+00:00,13.44,13.44,13.42,13.43,0
2026-06-26 11:53:00+00:00,13.43,13.44,13.42,13.4292,0
2026-06-26 11:54:00+00:00,13.4299,13.43,13.42,13.425,0
2026-06-26 11:55:00+00:00,13.43,13.44,13.43,13.44,0
2026-06-26 11:56:00+00:00,13.431,13.44,13.43,13.44,0
2026-06-26 11:57:00+00:00,13.44,13.44,13.43,13.4387,0
2026-06-26 11:58:00+00:00,13.435,13.45,13.43,13.4478,0
2026-06-26 11:59:00+00:00,13.44,13.45,13.4301,13.44,0
2026-06-26 12:00:00+00:00,13.4486,13.45,13.44,13.45,0
2026-06-26 12:01:00+00:00,13.4498,13.46,13.4402,13.46,0
2026-06-26 12:02:00+00:00,13.46,13.47,13.46,13.47,0
2026-06-26 12:03:00+00:00,13.47,13.47,13.45,13.455,0
2026-06-26 12:04:00+00:00,13.4501,13.46,13.45,13.46,0
2026-06-26 12:05:00+00:00,13.4598,13.49,13.4598,13.48,0
2026-06-26 12:06:00+00:00,13.4789,13.4789,13.46,13.47,0
2026-06-26 12:07:00+00:00,13.47,13.47,13.46,13.47,0
2026-06-26 12:08:00+00:00,13.47,13.49,13.47,13.49,0
2026-06-26 12:09:00+00:00,13.4805,13.5,13.48,13.48,0
2026-06-26 12:10:00+00:00,13.49,13.49,13.46,13.4603,0
2026-06-26 12:11:00+00:00,13.4605,13.47,13.46,13.4601,0
2026-06-26 12:12:00+00:00,13.46,13.48,13.46,13.47,0
2026-06-26 12:13:00+00:00,13.4788,13.51,13.47,13.5,0
2026-06-26 12:14:00+00:00,13.5,13.51,13.49,13.495,0
2026-06-26 12:15:00+00:00,13.4995,13.51,13.49,13.51,0
2026-06-26 12:16:00+00:00,13.5089,13.52,13.5,13.5003,0
2026-06-26 12:17:00+00:00,13.5095,13.51,13.5,13.51,0
2026-06-26 12:18:00+00:00,13.5005,13.52,13.5,13.5098,0
2026-06-26 12:19:00+00:00,13.5096,13.51,13.49,13.5,0
2026-06-26 12:20:00+00:00,13.51,13.51,13.49,13.505,0
2026-06-26 12:21:00+00:00,13.5087,13.5087,13.47,13.48,0
2026-06-26 12:22:00+00:00,13.47,13.47,13.46,13.4691,0
2026-06-26 12:23:00+00:00,13.4604,13.49,13.4601,13.475,0
2026-06-26 12:24:00+00:00,13.4798,13.48,13.47,13.47,0
2026-06-26 12:25:00+00:00,13.47,13.4799,13.47,13.47,0
2026-06-26 12:26:00+00:00,13.47,13.4796,13.4697,13.47,0
2026-06-26 12:27:00+00:00,13.4798,13.48,13.46,13.4697,0
2026-06-26 12:28:00+00:00,13.4697,13.47,13.46,13.47,0
2026-06-26 12:29:00+00:00,13.4605,13.48,13.46,13.47,0
2026-06-26 12:30:00+00:00,13.4796,13.4796,13.46,13.46,0
2026-06-26 12:31:00+00:00,13.46,13.48,13.46,13.465,0
2026-06-26 12:32:00+00:00,13.46,13.47,13.46,13.4605,0
2026-06-26 12:33:00+00:00,13.47,13.47,13.45,13.45,0
2026-06-26 12:34:00+00:00,13.45,13.46,13.45,13.4503,0
2026-06-26 12:35:00+00:00,13.4505,13.4505,13.43,13.44,0
2026-06-26 12:36:00+00:00,13.43,13.45,13.43,13.45,0
2026-06-26 12:37:00+00:00,13.4403,13.4495,13.43,13.439,0
2026-06-26 12:38:00+00:00,13.43,13.45,13.43,13.44,0
2026-06-26 12:39:00+00:00,13.44,13.46,13.44,13.4497,0
2026-06-26 12:40:00+00:00,13.44,13.45,13.44,13.4488,0
2026-06-26 12:41:00+00:00,13.45,13.45,13.43,13.43,0
2026-06-26 12:42:00+00:00,13.44,13.44,13.43,13.4388,0
2026-06-26 12:43:00+00:00,13.43,13.44,13.42,13.44,0
2026-06-26 12:44:00+00:00,13.43,13.45,13.43,13.45,0
2026-06-26 12:45:00+00:00,13.44,13.45,13.42,13.4413,0
2026-06-26 12:46:00+00:00,13.44,13.46,13.44,13.4597,0
2026-06-26 12:47:00+00:00,13.455,13.46,13.44,13.4403,0
2026-06-26 12:48:00+00:00,13.4478,13.45,13.43,13.44,0
2026-06-26 12:49:00+00:00,13.43,13.4413,13.43,13.4301,0
2026-06-26 12:50:00+00:00,13.4305,13.4597,13.43,13.44,0
2026-06-26 12:51:00+00:00,13.4387,13.44,13.43,13.4389,0
2026-06-26 12:52:00+00:00,13.4301,13.4401,13.42,13.4401,0
2026-06-26 12:53:00+00:00,13.4489,13.45,13.44,13.45,0
2026-06-26 12:54:00+00:00,13.4401,13.46,13.4401,13.45,0
2026-06-26 12:55:00+00:00,13.45,13.46,13.45,13.4502,0
2026-06-26 12:56:00+00:00,13.46,13.46,13.45,13.45,0
2026-06-26 12:57:00+00:00,13.4598,13.46,13.44,13.45,0
2026-06-26 12:58:00+00:00,13.4407,13.46,13.44,13.46,0
2026-06-26 12:59:00+00:00,13.45,13.46,13.44,13.45,0
2026-06-26 13:00:00+00:00,13.46,13.46,13.42,13.42,0
2026-06-26 13:01:00+00:00,13.4298,13.43,13.41,13.41,0
2026-06-26 13:02:00+00:00,13.4187,13.44,13.4101,13.4297,0
2026-06-26 13:03:00+00:00,13.4205,13.44,13.42,13.4201,0
2026-06-26 13:04:00+00:00,13.43,13.44,13.4101,13.4101,0
2026-06-26 13:05:00+00:00,13.41,13.42,13.41,13.41,0
2026-06-26 13:06:00+00:00,13.41,13.41,13.37,13.3703,0
2026-06-26 13:07:00+00:00,13.3796,13.38,13.35,13.35,0
2026-06-26 13:08:00+00:00,13.35,13.395,13.35,13.39,0
2026-06-26 13:09:00+00:00,13.3889,13.4,13.38,13.399,0
2026-06-26 13:10:00+00:00,13.395,13.4,13.38,13.385,0
2026-06-26 13:11:00+00:00,13.3899,13.4008,13.38,13.4,0
2026-06-26 13:12:00+00:00,13.4004,13.41,13.4,13.4002,0
2026-06-26 13:13:00+00:00,13.4097,13.41,13.4,13.4,0
2026-06-26 13:14:00+00:00,13.41,13.41,13.4,13.41,0
2026-06-26 13:30:00+00:00,13.4399995803833,13.4399995803833,13.239999771118164,13.265000343322754,6541035
2026-06-26 13:31:00+00:00,13.265000343322754,13.26990032196045,13.199999809265137,13.225000381469727,550042
2026-06-26 13:32:00+00:00,13.229999542236328,13.28499984741211,13.180000305175781,13.180700302124023,762197
2026-06-26 13:33:00+00:00,13.180100440979004,13.1850004196167,13.0600004196167,13.100000381469727,1098325
2026-06-26 13:34:00+00:00,13.099599838256836,13.104999542236328,13.050000190734863,13.079299926757812,820380
2026-06-26 13:35:00+00:00,13.079999923706055,13.1697998046875,13.0600004196167,13.140000343322754,759580
2026-06-26 13:36:00+00:00,13.148300170898438,13.170000076293945,13.079999923706055,13.095000267028809,1031170
2026-06-26 13:37:00+00:00,13.095000267028809,13.109999656677246,13.029999732971191,13.03499984741211,885131
2026-06-26 13:38:00+00:00,13.03499984741211,13.050000190734863,13.010000228881836,13.030099868774414,571255
2026-06-26 13:39:00+00:00,13.029999732971191,13.03499984741211,12.989999771118164,13.024999618530273,1353016
2026-06-26 13:40:00+00:00,13.024999618530273,13.069999694824219,13.0,13.015000343322754,447880
2026-06-26 13:41:00+00:00,13.01200008392334,13.050000190734863,13.010000228881836,13.039999961853027,352873
2026-06-26 13:42:00+00:00,13.03499984741211,13.09000015258789,13.020999908447266,13.050000190734863,527835
2026-06-26 13:43:00+00:00,13.055000305175781,13.140000343322754,13.050000190734863,13.097999572753906,476823
2026-06-26 13:44:00+00:00,13.099300384521484,13.10890007019043,13.069999694824219,13.074999809265137,480707
2026-06-26 13:45:00+00:00,13.074999809265137,13.079999923706055,13.010000228881836,13.015000343322754,622957
2026-06-26 13:46:00+00:00,13.015000343322754,13.079999923706055,13.005000114440918,13.0600004196167,386645
2026-06-26 13:47:00+00:00,13.0649995803833,13.109999656677246,13.056400299072266,13.069999694824219,454021
2026-06-26 13:48:00+00:00,13.0649995803833,13.100000381469727,13.050000190734863,13.055000305175781,347941
2026-06-26 13:49:00+00:00,13.050000190734863,13.069999694824219,13.039999961853027,13.056400299072266,265258
2026-06-26 13:50:00+00:00,13.055000305175781,13.079999923706055,13.020000457763672,13.051382064819336,250069
2026-06-26 13:51:00+00:00,13.055000305175781,13.079999923706055,13.045000076293945,13.0600004196167,218598
2026-06-26 13:52:00+00:00,13.0600004196167,13.079999923706055,13.020000457763672,13.027899742126465,492394
2026-06-26 13:53:00+00:00,13.029899597167969,13.050000190734863,13.020000457763672,13.029999732971191,291104
2026-06-26 13:54:00+00:00,13.03499984741211,13.079999923706055,13.029999732971191,13.0649995803833,156403
2026-06-26 13:55:00+00:00,13.0649995803833,13.079999923706055,13.03499984741211,13.03499984741211,390129
2026-06-26 13:56:00+00:00,13.03499984741211,13.170000076293945,13.030099868774414,13.164999961853027,376840
2026-06-26 13:57:00+00:00,13.164999961853027,13.199799537658691,13.140000343322754,13.160400390625,425012
2026-06-26 13:58:00+00:00,13.164999961853027,13.234999656677246,13.15999984741211,13.225000381469727,294237
2026-06-26 13:59:00+00:00,13.229399681091309,13.229999542236328,13.170000076293945,13.194999694824219,522926
2026-06-26 14:00:00+00:00,13.199999809265137,13.249799728393555,13.175000190734863,13.1850004196167,346988
2026-06-26 14:01:00+00:00,13.1899995803833,13.219900131225586,13.170000076293945,13.219599723815918,293425
2026-06-26 14:02:00+00:00,13.21500015258789,13.220000267028809,13.1850004196167,13.209500312805176,219575
2026-06-26 14:03:00+00:00,13.210000038146973,13.225000381469727,13.1899995803833,13.220000267028809,298147
2026-06-26 14:04:00+00:00,13.21500015258789,13.25,13.204999923706055,13.244999885559082,219108
2026-06-26 14:05:00+00:00,13.241399765014648,13.25,13.1899995803833,13.199999809265137,540321
2026-06-26 14:06:00+00:00,13.204999923706055,13.25,13.204999923706055,13.21500015258789,337798
2026-06-26 14:07:00+00:00,13.21500015258789,13.25,13.199999809265137,13.25,249378
2026-06-26 14:08:00+00:00,13.249899864196777,13.289999961853027,13.239999771118164,13.244999885559082,477616
2026-06-26 14:09:00+00:00,13.239999771118164,13.25,13.220000267028809,13.236900329589844,283283
2026-06-26 14:10:00+00:00,13.23859977722168,13.23859977722168,13.180000305175781,13.1899995803833,466562
2026-06-26 14:11:00+00:00,13.181099891662598,13.1899995803833,13.150099754333496,13.150099754333496,275901
2026-06-26 14:12:00+00:00,13.154999732971191,13.220000267028809,13.149999618530273,13.21500015258789,374798
2026-06-26 14:13:00+00:00,13.21500015258789,13.244999885559082,13.194999694824219,13.204999923706055,281959
2026-06-26 14:14:00+00:00,13.204999923706055,13.210000038146973,13.164999961853027,13.174699783325195,123888
2026-06-26 14:15:00+00:00,13.175000190734863,13.199999809265137,13.170000076293945,13.1850004196167,220287
2026-06-26 14:16:00+00:00,13.1850004196167,13.199999809265137,13.170000076293945,13.175000190734863,213568
2026-06-26 14:17:00+00:00,13.180000305175781,13.1850004196167,13.12339973449707,13.140000343322754,380880
2026-06-26 14:18:00+00:00,13.149900436401367,13.180000305175781,13.140000343322754,13.175000190734863,357823
2026-06-26 14:19:00+00:00,13.175000190734863,13.194999694824219,13.125,13.125,353999
2026-06-26 14:20:00+00:00,13.125,13.220000267028809,13.125,13.199999809265137,235546
2026-06-26 14:21:00+00:00,13.199999809265137,13.234999656677246,13.1850004196167,13.229900360107422,250485
2026-06-26 14:22:00+00:00,13.225000381469727,13.239999771118164,13.210000038146973,13.225000381469727,200423
2026-06-26 14:23:00+00:00,13.225000381469727,13.244999885559082,13.1899995803833,13.199999809265137,293528
2026-06-26 14:24:00+00:00,13.196000099182129,13.210000038146973,13.170000076293945,13.198399543762207,193166
2026-06-26 14:25:00+00:00,13.194999694824219,13.225000381469727,13.1899995803833,13.204999923706055,154997
2026-06-26 14:26:00+00:00,13.199999809265137,13.210000038146973,13.119999885559082,13.125,332154
2026-06-26 14:27:00+00:00,13.119999885559082,13.15999984741211,13.119999885559082,13.154999732971191,159581
2026-06-26 14:28:00+00:00,13.149999618530273,13.180000305175781,13.149999618530273,13.158699989318848,154796
2026-06-26 14:29:00+00:00,13.149999618530273,13.15999984741211,13.130000114440918,13.15999984741211,152437
2026-06-26 14:30:00+00:00,13.149999618530273,13.180000305175781,13.140000343322754,13.145000457763672,354943
2026-06-26 14:31:00+00:00,13.145000457763672,13.149999618530273,13.130000114440918,13.130599975585938,200171
2026-06-26 14:32:00+00:00,13.135000228881836,13.146400451660156,13.100000381469727,13.109999656677246,289059
2026-06-26 14:33:00+00:00,13.109999656677246,13.119999885559082,13.081600189208984,13.095000267028809,275788
2026-06-26 14:34:00+00:00,13.095000267028809,13.140000343322754,13.095000267028809,13.125,119596
2026-06-26 14:35:00+00:00,13.128000259399414,13.130000114440918,13.083700180053711,13.090100288391113,127852
2026-06-26 14:36:00+00:00,13.095000267028809,13.100000381469727,13.0600004196167,13.0649995803833,219794
2026-06-26 14:37:00+00:00,13.0600004196167,13.069999694824219,13.041600227355957,13.055000305175781,330010
2026-06-26 14:38:00+00:00,13.055000305175781,13.0600004196167,13.020000457763672,13.045000076293945,301025
2026-06-26 14:39:00+00:00,13.045000076293945,13.0600004196167,13.029999732971191,13.04640007019043,156181
2026-06-26 14:40:00+00:00,13.045000076293945,13.045000076293945,13.020000457763672,13.03499984741211,128281
2026-06-26 14:41:00+00:00,13.039999961853027,13.079999923706055,13.03499984741211,13.060099601745605,227478
2026-06-26 14:42:00+00:00,13.06719970703125,13.074999809265137,13.050000190734863,13.051400184631348,231299
2026-06-26 14:43:00+00:00,13.055000305175781,13.0600004196167,13.029999732971191,13.039999961853027,177489
2026-06-26 14:44:00+00:00,13.039999961853027,13.045000076293945,13.0,13.005000114440918,759142
2026-06-26 14:45:00+00:00,13.005000114440918,13.020000457763672,13.0,13.015000343322754,248167
2026-06-26 14:46:00+00:00,13.015000343322754,13.079999923706055,13.010000228881836,13.052000045776367,320264
2026-06-26 14:47:00+00:00,13.055000305175781,13.079999923706055,13.050000190734863,13.0649995803833,164286
2026-06-26 14:48:00+00:00,13.068900108337402,13.09000015258789,13.050000190734863,13.088800430297852,126918
2026-06-26 14:49:00+00:00,13.089500427246094,13.119999885559082,13.079999923706055,13.09000015258789,240435
2026-06-26 14:50:00+00:00,13.100000381469727,13.141900062561035,13.100000381469727,13.141900062561035,179193
2026-06-26 14:51:00+00:00,13.145000457763672,13.15999984741211,13.119999885559082,13.125,326838
2026-06-26 14:52:00+00:00,13.122200012207031,13.130000114440918,13.03499984741211,13.037699699401855,639905
2026-06-26 14:53:00+00:00,13.03499984741211,13.039999961853027,13.010000228881836,13.028200149536133,293657
2026-06-26 14:54:00+00:00,13.024999618530273,13.050000190734863,13.020000457763672,13.045000076293945,102702
2026-06-26 14:55:00+00:00,13.050000190734863,13.0600004196167,13.039999961853027,13.045000076293945,322852
2026-06-26 14:56:00+00:00,13.041999816894531,13.069700241088867,13.029999732971191,13.059700012207031,229099
2026-06-26 14:57:00+00:00,13.055000305175781,13.079999923706055,13.039999961853027,13.055000305175781,238022
2026-06-26 14:58:00+00:00,13.055000305175781,13.059300422668457,13.039999961853027,13.050000190734863,80260
2026-06-26 14:59:00+00:00,13.049200057983398,13.0649995803833,13.041399955749512,13.059800148010254,169702
2026-06-26 15:00:00+00:00,13.05739974975586,13.0649995803833,13.03499984741211,13.03499984741211,271074
2026-06-26 15:01:00+00:00,13.03499984741211,13.055000305175781,13.029999732971191,13.045000076293945,120814
2026-06-26 15:02:00+00:00,13.045000076293945,13.069999694824219,13.041600227355957,13.0649995803833,68802
2026-06-26 15:03:00+00:00,13.066900253295898,13.074999809265137,13.0600004196167,13.069899559020996,79794
2026-06-26 15:04:00+00:00,13.067299842834473,13.067299842834473,13.039999961853027,13.05571460723877,85623
2026-06-26 15:05:00+00:00,13.055000305175781,13.069999694824219,13.022000312805176,13.030599594116211,241934
2026-06-26 15:06:00+00:00,13.036999702453613,13.039999961853027,13.020000457763672,13.03499984741211,291042
2026-06-26 15:07:00+00:00,13.03499984741211,13.050000190734863,13.020000457763672,13.03499984741211,161144
2026-06-26 15:08:00+00:00,13.039999961853027,13.050000190734863,12.994999885559082,13.0024995803833,1500903
2026-06-26 15:09:00+00:00,13.005000114440918,13.0600004196167,13.002400398254395,13.057499885559082,523870
2026-06-26 15:10:00+00:00,13.055000305175781,13.059900283813477,13.023799896240234,13.031999588012695,181698
2026-06-26 15:11:00+00:00,13.03499984741211,13.03499984741211,13.010000228881836,13.020000457763672,297269
2026-06-26 15:12:00+00:00,13.029999732971191,13.029999732971191,12.970000267028809,12.970000267028809,620500
2026-06-26 15:13:00+00:00,12.97700023651123,12.996600151062012,12.970000267028809,12.982000350952148,243422
2026-06-26 15:14:00+00:00,12.9822998046875,12.989999771118164,12.970000267028809,12.975000381469727,209505
2026-06-26 15:15:00+00:00,12.975000381469727,12.978599548339844,12.930000305175781,12.951000213623047,927933
2026-06-26 15:16:00+00:00,12.95009994506836,12.989999771118164,12.949999809265137,12.984999656677246,177892
2026-06-26 15:17:00+00:00,12.989899635314941,13.005000114440918,12.970000267028809,12.979999542236328,388780
2026-06-26 15:18:00+00:00,12.975000381469727,12.989999771118164,12.970000267028809,12.971099853515625,131939
2026-06-26 15:19:00+00:00,12.976400375366211,13.020000457763672,12.975000381469727,13.005000114440918,277089
2026-06-26 15:20:00+00:00,13.0,13.020000457763672,12.979999542236328,12.979999542236328,242392
2026-06-26 15:21:00+00:00,12.980199813842773,13.0,12.979999542236328,12.994999885559082,196510
2026-06-26 15:22:00+00:00,13.0,13.020000457763672,12.994999885559082,13.0,392792
2026-06-26 15:23:00+00:00,13.005000114440918,13.03499984741211,13.0,13.020000457763672,223563
2026-06-26 15:24:00+00:00,13.029999732971191,13.038299560546875,13.0,13.029999732971191,326883
2026-06-26 15:25:00+00:00,13.029999732971191,13.029999732971191,13.005000114440918,13.010000228881836,241825
2026-06-26 15:26:00+00:00,13.005000114440918,13.010000228881836,12.989999771118164,12.989999771118164,150951
2026-06-26 15:27:00+00:00,12.989999771118164,13.0,12.970100402832031,12.984999656677246,243237
2026-06-26 15:28:00+00:00,12.984999656677246,13.0,12.98009967803955,12.984999656677246,102428
2026-06-26 15:29:00+00:00,12.980199813842773,13.010000228881836,12.960000038146973,13.010000228881836,621387
2026-06-26 15:30:00+00:00,13.01669979095459,13.050000190734863,13.010000228881836,13.024999618530273,251052
2026-06-26 15:31:00+00:00,13.024999618530273,13.029999732971191,12.989999771118164,12.994999885559082,150612
2026-06-26 15:32:00+00:00,12.994999885559082,12.997699737548828,12.975000381469727,12.984999656677246,171354
2026-06-26 15:33:00+00:00,12.980999946594238,12.999899864196777,12.949999809265137,12.949999809265137,153965
2026-06-26 15:34:00+00:00,12.949999809265137,12.970000267028809,12.920000076293945,12.9350004196167,539452
2026-06-26 15:35:00+00:00,12.9350004196167,12.9399995803833,12.912099838256836,12.939900398254395,652559
2026-06-26 15:36:00+00:00,12.9350004196167,12.960000038146973,12.930000305175781,12.954999923706055,161521
2026-06-26 15:37:00+00:00,12.960000038146973,12.970000267028809,12.949999809265137,12.954999923706055,222017
2026-06-26 15:38:00+00:00,12.960000038146973,12.970000267028809,12.949999809265137,12.954999923706055,134886
2026-06-26 15:39:00+00:00,12.954999923706055,12.989999771118164,12.954999923706055,12.98009967803955,300778
2026-06-26 15:40:00+00:00,12.984999656677246,12.999799728393555,12.973400115966797,12.988300323486328,247136
2026-06-26 15:41:00+00:00,12.982000350952148,12.989999771118164,12.970000267028809,12.984999656677246,217775
2026-06-26 15:42:00+00:00,12.984999656677246,13.020000457763672,12.979999542236328,13.015000343322754,216400
2026-06-26 15:43:00+00:00,13.015000343322754,13.050000190734863,13.001700401306152,13.024999618530273,206366
2026-06-26 15:44:00+00:00,13.024999618530273,13.050000190734863,13.020000457763672,13.023599624633789,278648
2026-06-26 15:45:00+00:00,13.024999618530273,13.03499984741211,13.0,13.010000228881836,233536
2026-06-26 15:46:00+00:00,13.001899719238281,13.010000228881836,12.989999771118164,12.994999885559082,305253
2026-06-26 15:47:00+00:00,12.994999885559082,12.994999885559082,12.949999809265137,12.949999809265137,5574704
2026-06-26 15:48:00+00:00,12.949999809265137,12.975000381469727,12.930000305175781,12.96500015258789,626755
2026-06-26 15:49:00+00:00,12.960000038146973,12.977700233459473,12.949999809265137,12.951000213623047,302239
2026-06-26 15:50:00+00:00,12.954999923706055,12.979999542236328,12.952400207519531,12.962300300598145,97829
2026-06-26 15:51:00+00:00,12.96500015258789,12.979999542236328,12.923299789428711,12.9350004196167,495448
2026-06-26 15:52:00+00:00,12.9350004196167,12.960000038146973,12.930000305175781,12.9350004196167,133891
2026-06-26 15:53:00+00:00,12.9399995803833,12.950699806213379,12.9399995803833,12.944999694824219,217551
2026-06-26 15:54:00+00:00,12.9399995803833,12.9399995803833,12.899999618530273,12.939299583435059,300122
2026-06-26 15:55:00+00:00,12.930000305175781,12.968899726867676,12.930000305175781,12.949999809265137,147841
2026-06-26 15:56:00+00:00,12.960000038146973,12.989999771118164,12.954999923706055,12.984999656677246,119618
2026-06-26 15:57:00+00:00,12.984999656677246,13.020000457763672,12.984999656677246,13.015000343322754,152650
2026-06-26 15:58:00+00:00,13.015000343322754,13.020000457763672,12.989999771118164,12.991800308227539,119693
2026-06-26 15:59:00+00:00,12.996600151062012,13.0,12.951700210571289,12.960000038146973,239841
2026-06-26 16:00:00+00:00,12.95989990234375,12.970000267028809,12.9399995803833,12.969300270080566,205361
2026-06-26 16:01:00+00:00,12.96500015258789,12.975000381469727,12.949999809265137,12.95009994506836,151376
2026-06-26 16:02:00+00:00,12.949999809265137,12.958499908447266,12.922499656677246,12.925000190734863,94238
2026-06-26 16:03:00+00:00,12.930000305175781,12.960000038146973,12.930000305175781,12.9399995803833,145454
2026-06-26 16:04:00+00:00,12.944999694824219,12.949999809265137,12.930000305175781,12.9350004196167,135105
2026-06-26 16:05:00+00:00,12.939900398254395,12.949999809265137,12.920000076293945,12.925000190734863,91360
2026-06-26 16:06:00+00:00,12.925000190734863,12.939000129699707,12.899999618530273,12.904999732971191,239338
2026-06-26 16:07:00+00:00,12.909799575805664,12.920000076293945,12.899999618530273,12.904999732971191,151802
2026-06-26 16:08:00+00:00,12.904999732971191,12.90999984741211,12.890000343322754,12.899900436401367,385366
2026-06-26 16:09:00+00:00,12.890000343322754,12.899999618530273,12.869999885559082,12.885000228881836,657783
2026-06-26 16:10:00+00:00,12.885000228881836,12.890000343322754,12.864999771118164,12.885000228881836,391589
2026-06-26 16:11:00+00:00,12.88010025024414,12.890000343322754,12.869999885559082,12.875,164674
2026-06-26 16:12:00+00:00,12.875,12.880000114440918,12.84000015258789,12.84000015258789,604012
2026-06-26 16:13:00+00:00,12.842000007629395,12.859999656677246,12.819999694824219,12.835000038146973,629902
2026-06-26 16:14:00+00:00,12.838600158691406,12.86929988861084,12.838600158691406,12.842399597167969,608325
2026-06-26 16:15:00+00:00,12.845000267028809,12.880000114440918,12.84000015258789,12.859999656677246,581444
2026-06-26 16:16:00+00:00,12.869999885559082,12.890000343322754,12.859999656677246,12.88070011138916,92384
2026-06-26 16:17:00+00:00,12.880000114440918,12.889900207519531,12.870100021362305,12.875,116774
2026-06-26 16:18:00+00:00,12.872699737548828,12.880000114440918,12.84000015258789,12.864999771118164,1035062
2026-06-26 16:19:00+00:00,12.864999771118164,12.869999885559082,12.859999656677246,12.864999771118164,85653
2026-06-26 16:20:00+00:00,12.869999885559082,12.880000114440918,12.845000267028809,12.869999885559082,323028
2026-06-26 16:21:00+00:00,12.859999656677246,12.869999885559082,12.845000267028809,12.850000381469727,201702
2026-06-26 16:22:00+00:00,12.850000381469727,12.859999656677246,12.829999923706055,12.835000038146973,161856
2026-06-26 16:23:00+00:00,12.836600303649902,12.859999656677246,12.819999694824219,12.854999542236328,223733
2026-06-26 16:24:00+00:00,12.853400230407715,12.86989974975586,12.850000381469727,12.864999771118164,263478
2026-06-26 16:25:00+00:00,12.859999656677246,12.869999885559082,12.850000381469727,12.850000381469727,70207
2026-06-26 16:26:00+00:00,12.8503999710083,12.86989974975586,12.842000007629395,12.864999771118164,182981
2026-06-26 16:27:00+00:00,12.869999885559082,12.880000114440918,12.862000465393066,12.875,210030
2026-06-26 16:28:00+00:00,12.875,12.880000114440918,12.869999885559082,12.875,49552
2026-06-26 16:29:00+00:00,12.875,12.880000114440918,12.859999656677246,12.869999885559082,113507
2026-06-26 16:30:00+00:00,12.87969970703125,12.90999984741211,12.875,12.90999984741211,774383
2026-06-26 16:31:00+00:00,12.90999984741211,12.920000076293945,12.890000343322754,12.895000457763672,132306
2026-06-26 16:32:00+00:00,12.891799926757812,12.920000076293945,12.885000228881836,12.918800354003906,232257
2026-06-26 16:33:00+00:00,12.920000076293945,12.920000076293945,12.904999732971191,12.90999984741211,311313
2026-06-26 16:34:00+00:00,12.914999961853027,12.920000076293945,12.890000343322754,12.904999732971191,227482
2026-06-26 16:35:00+00:00,12.904999732971191,12.90999984741211,12.880000114440918,12.899999618530273,422358
2026-06-26 16:36:00+00:00,12.899999618530273,12.90999984741211,12.890000343322754,12.904999732971191,98299
2026-06-26 16:37:00+00:00,12.908900260925293,12.928999900817871,12.899999618530273,12.916600227355957,242136
2026-06-26 16:38:00+00:00,12.914999961853027,12.9399995803833,12.910099983215332,12.9350004196167,127277
2026-06-26 16:39:00+00:00,12.9399995803833,12.9399995803833,12.90999984741211,12.925000190734863,212160
2026-06-26 16:40:00+00:00,12.920700073242188,12.930000305175781,12.899999618530273,12.90999984741211,135371
2026-06-26 16:41:00+00:00,12.899999618530273,12.919899940490723,12.890000343322754,12.910200119018555,149105
2026-06-26 16:42:00+00:00,12.914999961853027,12.939399719238281,12.90999984741211,12.939399719238281,340001
2026-06-26 16:43:00+00:00,12.9350004196167,12.9399995803833,12.920000076293945,12.925000190734863,92162
2026-06-26 16:44:00+00:00,12.920000076293945,12.9399995803833,12.90999984741211,12.920000076293945,119764
2026-06-26 16:45:00+00:00,12.914999961853027,12.929900169372559,12.90999984741211,12.928799629211426,102218
2026-06-26 16:46:00+00:00,12.925000190734863,12.930000305175781,12.899999618530273,12.904999732971191,154746
2026-06-26 16:47:00+00:00,12.899999618530273,12.90999984741211,12.890000343322754,12.90999984741211,91981
2026-06-26 16:48:00+00:00,12.90999984741211,12.920000076293945,12.899999618530273,12.909700393676758,42633
2026-06-26 16:49:00+00:00,12.904999732971191,12.920000076293945,12.899999618530273,12.919899940490723,53745
2026-06-26 16:50:00+00:00,12.914999961853027,12.930000305175781,12.90999984741211,12.914999961853027,326231
2026-06-26 16:51:00+00:00,12.914999961853027,12.9399995803833,12.912400245666504,12.925000190734863,148325
2026-06-26 16:52:00+00:00,12.928600311279297,12.944999694824219,12.920599937438965,12.9350004196167,403418
2026-06-26 16:53:00+00:00,12.9350004196167,12.949999809265137,12.932299613952637,12.9399995803833,246202
2026-06-26 16:54:00+00:00,12.9350004196167,12.948699951171875,12.930000305175781,12.9350004196167,70414
2026-06-26 16:55:00+00:00,12.939299583435059,12.939299583435059,12.90999984741211,12.920000076293945,96805
2026-06-26 16:56:00+00:00,12.925000190734863,12.930000305175781,12.920000076293945,12.929800033569336,105754
2026-06-26 16:57:00+00:00,12.925000190734863,12.9399995803833,12.925000190734863,12.9350004196167,47667
2026-06-26 16:58:00+00:00,12.9350004196167,12.949999809265137,12.930000305175781,12.9350004196167,66345
2026-06-26 16:59:00+00:00,12.9350004196167,12.9399995803833,12.930000305175781,12.9350004196167,76571
2026-06-26 17:00:00+00:00,12.9350004196167,12.9399995803833,12.930000305175781,12.9399995803833,65930
2026-06-26 17:01:00+00:00,12.9399995803833,12.960000038146973,12.9399995803833,12.949899673461914,313476
2026-06-26 17:02:00+00:00,12.944999694824219,12.960000038146973,12.940999984741211,12.95009994506836,61855
2026-06-26 17:03:00+00:00,12.949999809265137,12.960000038146973,12.949999809265137,12.949999809265137,119134
2026-06-26 17:04:00+00:00,12.954999923706055,12.960000038146973,12.949999809265137,12.949999809265137,148544
2026-06-26 17:05:00+00:00,12.95930004119873,12.979999542236328,12.954999923706055,12.96500015258789,288428
2026-06-26 17:06:00+00:00,12.96500015258789,12.989999771118164,12.960000038146973,12.984999656677246,115332
2026-06-26 17:07:00+00:00,12.984999656677246,12.986700057983398,12.970000267028809,12.979700088500977,133832
2026-06-26 17:08:00+00:00,12.975000381469727,13.029999732971191,12.972299575805664,13.029999732971191,722694
2026-06-26 17:09:00+00:00,13.029999732971191,13.039999961853027,13.020000457763672,13.039999961853027,172540
2026-06-26 17:10:00+00:00,13.038200378417969,13.050000190734863,13.020000457763672,13.020000457763672,147157
2026-06-26 17:11:00+00:00,13.020000457763672,13.029999732971191,13.010000228881836,13.024999618530273,107254
2026-06-26 17:12:00+00:00,13.024999618530273,13.0600004196167,13.020000457763672,13.050000190734863,360782
2026-06-26 17:13:00+00:00,13.055000305175781,13.0600004196167,13.029999732971191,13.03320026397705,85641
2026-06-26 17:14:00+00:00,13.039999961853027,13.04990005493164,13.029999732971191,13.045000076293945,132984
2026-06-26 17:15:00+00:00,13.045000076293945,13.048600196838379,13.0,13.00100040435791,142911
2026-06-26 17:16:00+00:00,13.005000114440918,13.024999618530273,13.000300407409668,13.009900093078613,158450
2026-06-26 17:17:00+00:00,13.007499694824219,13.010000228881836,12.989999771118164,12.994999885559082,112605
2026-06-26 17:18:00+00:00,12.994999885559082,13.010000228881836,12.989999771118164,13.005000114440918,52648
2026-06-26 17:19:00+00:00,13.000699996948242,13.019599914550781,13.0,13.010000228881836,103782
2026-06-26 17:20:00+00:00,13.01990032196045,13.020000457763672,13.0,13.0,76149
2026-06-26 17:21:00+00:00,13.005000114440918,13.015000343322754,12.989999771118164,13.010000228881836,197406
2026-06-26 17:22:00+00:00,13.010000228881836,13.020000457763672,13.0,13.005000114440918,94670
2026-06-26 17:23:00+00:00,13.010000228881836,13.010000228881836,12.989999771118164,13.005000114440918,136280
2026-06-26 17:24:00+00:00,13.0,13.017800331115723,13.0,13.015000343322754,54651
2026-06-26 17:25:00+00:00,13.015000343322754,13.020000457763672,13.0,13.020000457763672,40552
2026-06-26 17:26:00+00:00,13.015000343322754,13.026399612426758,13.010000228881836,13.015000343322754,69581
2026-06-26 17:27:00+00:00,13.015000343322754,13.050000190734863,13.015000343322754,13.03499984741211,275314
2026-06-26 17:28:00+00:00,13.036999702453613,13.04990005493164,13.029999732971191,13.030500411987305,48273
2026-06-26 17:29:00+00:00,13.030900001525879,13.039999961853027,13.020000457763672,13.027400016784668,59067
2026-06-26 17:30:00+00:00,13.024999618530273,13.050000190734863,13.020000457763672,13.024999618530273,161914
2026-06-26 17:31:00+00:00,13.020000457763672,13.03499984741211,13.0,13.024999618530273,5271846
2026-06-26 17:32:00+00:00,13.024999618530273,13.029899597167969,12.984999656677246,12.999600410461426,166396
2026-06-26 17:33:00+00:00,12.991900444030762,13.005000114440918,12.984999656677246,13.005000114440918,74461
2026-06-26 17:34:00+00:00,13.0,13.020000457763672,13.0,13.005000114440918,84586
2026-06-26 17:35:00+00:00,13.005000114440918,13.005000114440918,12.989999771118164,12.990099906921387,48396
2026-06-26 17:36:00+00:00,12.994999885559082,13.008000373840332,12.984999656677246,12.999500274658203,197638
2026-06-26 17:37:00+00:00,13.0,13.0,12.989999771118164,12.990300178527832,49508
2026-06-26 17:38:00+00:00,12.989999771118164,12.99899959564209,12.979999542236328,12.98009967803955,74096
2026-06-26 17:39:00+00:00,12.984999656677246,12.989999771118164,12.979999542236328,12.98009967803955,35154
2026-06-26 17:40:00+00:00,12.984999656677246,12.989999771118164,12.970000267028809,12.984999656677246,120010
2026-06-26 17:41:00+00:00,12.989999771118164,12.989999771118164,12.979999542236328,12.98900032043457,29098
2026-06-26 17:42:00+00:00,12.987199783325195,13.010000228881836,12.979999542236328,13.0,165587
2026-06-26 17:43:00+00:00,13.005000114440918,13.01990032196045,13.0,13.010000228881836,72121
2026-06-26 17:44:00+00:00,13.010000228881836,13.029999732971191,13.005000114440918,13.015000343322754,47926
2026-06-26 17:45:00+00:00,13.015000343322754,13.028200149536133,13.010000228881836,13.010000228881836,39337
2026-06-26 17:46:00+00:00,13.020000457763672,13.029999732971191,13.020000457763672,13.0201997756958,47740
2026-06-26 17:47:00+00:00,13.024999618530273,13.029999732971191,13.0,13.009900093078613,163324
2026-06-26 17:48:00+00:00,13.010000228881836,13.01990032196045,12.994999885559082,12.99940013885498,94347
2026-06-26 17:49:00+00:00,12.994999885559082,13.0,12.989999771118164,12.994999885559082,29851
2026-06-26 17:50:00+00:00,12.994999885559082,13.0,12.989999771118164,12.99779987335205,64790
2026-06-26 17:51:00+00:00,12.999799728393555,13.010000228881836,12.991100311279297,13.009300231933594,47792
2026-06-26 17:52:00+00:00,13.005000114440918,13.018400192260742,13.0,13.000699996948242,38529
2026-06-26 17:53:00+00:00,13.009900093078613,13.010000228881836,12.989999771118164,12.994999885559082,78346
2026-06-26 17:54:00+00:00,12.994999885559082,13.010000228881836,12.989999771118164,13.005000114440918,29748
2026-06-26 17:55:00+00:00,13.006999969482422,13.006999969482422,12.989999771118164,12.993300437927246,30163
2026-06-26 17:56:00+00:00,12.994999885559082,12.994999885559082,12.975000381469727,12.984999656677246,100497
2026-06-26 17:57:00+00:00,12.984999656677246,12.989999771118164,12.970000267028809,12.979999542236328,103551
2026-06-26 17:58:00+00:00,12.979999542236328,12.989899635314941,12.970000267028809,12.984999656677246,33433
2026-06-26 17:59:00+00:00,12.984999656677246,12.989999771118164,12.979999542236328,12.979999542236328,22752
2026-06-26 18:00:00+00:00,12.984999656677246,12.989999771118164,12.970000267028809,12.979999542236328,45801
2026-06-26 18:01:00+00:00,12.975000381469727,12.989999771118164,12.975000381469727,12.989800453186035,48043
2026-06-26 18:02:00+00:00,12.984999656677246,12.989999771118164,12.975000381469727,12.979999542236328,82030
2026-06-26 18:03:00+00:00,12.979999542236328,13.0,12.970000267028809,12.991299629211426,58164
2026-06-26 18:04:00+00:00,12.994999885559082,13.0,12.989999771118164,12.994999885559082,11943
2026-06-26 18:05:00+00:00,13.0,13.010000228881836,13.0,13.010000228881836,68221
2026-06-26 18:06:00+00:00,13.005000114440918,13.01990032196045,13.0,13.005000114440918,89684
2026-06-26 18:07:00+00:00,13.008199691772461,13.009900093078613,12.984999656677246,12.99940013885498,157443
2026-06-26 18:08:00+00:00,12.989999771118164,13.0,12.984999656677246,12.989800453186035,57615
2026-06-26 18:09:00+00:00,12.989999771118164,13.0,12.989999771118164,12.994999885559082,50117
2026-06-26 18:10:00+00:00,12.989999771118164,12.999899864196777,12.979999542236328,12.979999542236328,29014
2026-06-26 18:11:00+00:00,12.984999656677246,13.0,12.979999542236328,12.999899864196777,38495
2026-06-26 18:12:00+00:00,12.989999771118164,13.0,12.989999771118164,12.994999885559082,38860
2026-06-26 18:13:00+00:00,12.999300003051758,13.0,12.989999771118164,12.989999771118164,16286
2026-06-26 18:14:00+00:00,12.994999885559082,13.0,12.979999542236328,12.991999626159668,58913
2026-06-26 18:15:00+00:00,12.994999885559082,13.010000228881836,12.989999771118164,12.999099731445312,38011
2026-06-26 18:16:00+00:00,12.994999885559082,13.010000228881836,12.982600212097168,12.982600212097168,81732
2026-06-26 18:17:00+00:00,12.988300323486328,12.994999885559082,12.979999542236328,12.989999771118164,58048
2026-06-26 18:18:00+00:00,12.984999656677246,12.989999771118164,12.970000267028809,12.970000267028809,63080
2026-06-26 18:19:00+00:00,12.97029972076416,12.97029972076416,12.949999809265137,12.970000267028809,205852
2026-06-26 18:20:00+00:00,12.969499588012695,12.970000267028809,12.9399995803833,12.9399995803833,537043
2026-06-26 18:21:00+00:00,12.944999694824219,12.949999809265137,12.930000305175781,12.949700355529785,608920
2026-06-26 18:22:00+00:00,12.944999694824219,12.960000038146973,12.9399995803833,12.944999694824219,59720
2026-06-26 18:23:00+00:00,12.944999694824219,12.948599815368652,12.930000305175781,12.932600021362305,85260
2026-06-26 18:24:00+00:00,12.939900398254395,12.9399995803833,12.920000076293945,12.925000190734863,64742
2026-06-26 18:25:00+00:00,12.925000190734863,12.9399995803833,12.920000076293945,12.9350004196167,174776
2026-06-26 18:26:00+00:00,12.9350004196167,12.949999809265137,12.930000305175781,12.930000305175781,81947
2026-06-26 18:27:00+00:00,12.9350004196167,12.9399995803833,12.90999984741211,12.914999961853027,105246
2026-06-26 18:28:00+00:00,12.914999961853027,12.920000076293945,12.88010025024414,12.890000343322754,335559
2026-06-26 18:29:00+00:00,12.895000457763672,12.904999732971191,12.890000343322754,12.897000312805176,326280
2026-06-26 18:30:00+00:00,12.895000457763672,12.899999618530273,12.869999885559082,12.869999885559082,291826
2026-06-26 18:31:00+00:00,12.880000114440918,12.890000343322754,12.880000114440918,12.888099670410156,74172
2026-06-26 18:32:00+00:00,12.890000343322754,12.899299621582031,12.890000343322754,12.897000312805176,111508
2026-06-26 18:33:00+00:00,12.895000457763672,12.904999732971191,12.890000343322754,12.899999618530273,274532
2026-06-26 18:34:00+00:00,12.904999732971191,12.90999984741211,12.890000343322754,12.89109992980957,65680
2026-06-26 18:35:00+00:00,12.899999618530273,12.899999618530273,12.890000343322754,12.895000457763672,83697
2026-06-26 18:36:00+00:00,12.890000343322754,12.895000457763672,12.880000114440918,12.885000228881836,103076
2026-06-26 18:37:00+00:00,12.880000114440918,12.890000343322754,12.875,12.890000343322754,139972
2026-06-26 18:38:00+00:00,12.885000228881836,12.895000457763672,12.869999885559082,12.885000228881836,249562
2026-06-26 18:39:00+00:00,12.885000228881836,12.890000343322754,12.869999885559082,12.879899978637695,301114
2026-06-26 18:40:00+00:00,12.875,12.875,12.859999656677246,12.869999885559082,251441
2026-06-26 18:41:00+00:00,12.864999771118164,12.869999885559082,12.850000381469727,12.864999771118164,483232
2026-06-26 18:42:00+00:00,12.864999771118164,12.869999885559082,12.859999656677246,12.864999771118164,85481
2026-06-26 18:43:00+00:00,12.863800048828125,12.869999885559082,12.859999656677246,12.864999771118164,95208
2026-06-26 18:44:00+00:00,12.864999771118164,12.880000114440918,12.859999656677246,12.869999885559082,189985
2026-06-26 18:45:00+00:00,12.859999656677246,12.864999771118164,12.850000381469727,12.854999542236328,148110
2026-06-26 18:46:00+00:00,12.853500366210938,12.859999656677246,12.84000015258789,12.845000267028809,152852
2026-06-26 18:47:00+00:00,12.84000015258789,12.850000381469727,12.819999694824219,12.822099685668945,257983
2026-06-26 18:48:00+00:00,12.824999809265137,12.829899787902832,12.789999961853027,12.805000305175781,1112392
2026-06-26 18:49:00+00:00,12.802300453186035,12.819999694824219,12.800000190734863,12.8149995803833,369701
2026-06-26 18:50:00+00:00,12.8149995803833,12.81879997253418,12.800000190734863,12.805000305175781,172682
2026-06-26 18:51:00+00:00,12.800999641418457,12.8100004196167,12.800000190734863,12.805000305175781,257168
2026-06-26 18:52:00+00:00,12.805000305175781,12.829999923706055,12.802300453186035,12.826248168945312,209662
2026-06-26 18:53:00+00:00,12.820300102233887,12.829999923706055,12.8100004196167,12.824999809265137,272364
2026-06-26 18:54:00+00:00,12.824999809265137,12.84000015258789,12.819999694824219,12.819999694824219,99094
2026-06-26 18:55:00+00:00,12.822099685668945,12.84000015258789,12.819999694824219,12.84000015258789,100936
2026-06-26 18:56:00+00:00,12.835000038146973,12.84000015258789,12.829999923706055,12.835000038146973,61365
2026-06-26 18:57:00+00:00,12.835000038146973,12.838899612426758,12.789999961853027,12.800000190734863,208945
2026-06-26 18:58:00+00:00,12.8100004196167,12.819999694824219,12.80109977722168,12.8100004196167,75171
2026-06-26 18:59:00+00:00,12.8100004196167,12.8100004196167,12.779999732971191,12.789999961853027,229173
2026-06-26 19:00:00+00:00,12.795000076293945,12.800000190734863,12.779999732971191,12.78499984741211,215344
2026-06-26 19:01:00+00:00,12.78499984741211,12.800000190734863,12.779999732971191,12.795000076293945,71979
2026-06-26 19:02:00+00:00,12.795000076293945,12.8100004196167,12.792200088500977,12.805000305175781,669645
2026-06-26 19:03:00+00:00,12.805000305175781,12.8100004196167,12.795000076293945,12.807000160217285,181259
2026-06-26 19:04:00+00:00,12.800000190734863,12.8100004196167,12.800000190734863,12.805000305175781,78249
2026-06-26 19:05:00+00:00,12.805000305175781,12.808699607849121,12.789999961853027,12.795000076293945,145699
2026-06-26 19:06:00+00:00,12.794500350952148,12.829999923706055,12.789999961853027,12.829999923706055,130216
2026-06-26 19:07:00+00:00,12.824999809265137,12.84000015258789,12.8100004196167,12.839900016784668,180392
2026-06-26 19:08:00+00:00,12.835000038146973,12.850000381469727,12.829999923706055,12.830100059509277,106939
2026-06-26 19:09:00+00:00,12.835000038146973,12.859999656677246,12.835000038146973,12.845000267028809,237624
2026-06-26 19:10:00+00:00,12.845000267028809,12.85990047454834,12.84000015258789,12.84000015258789,251598
2026-06-26 19:11:00+00:00,12.84000015258789,12.859999656677246,12.831700325012207,12.845000267028809,220135
2026-06-26 19:12:00+00:00,12.845999717712402,12.850000381469727,12.830100059509277,12.84000015258789,125508
2026-06-26 19:13:00+00:00,12.84000015258789,12.850000381469727,12.84000015258789,12.842499732971191,240110
2026-06-26 19:14:00+00:00,12.850000381469727,12.869999885559082,12.84000015258789,12.864999771118164,177089
2026-06-26 19:15:00+00:00,12.864999771118164,12.869999885559082,12.859999656677246,12.864999771118164,93038
2026-06-26 19:16:00+00:00,12.864999771118164,12.869999885559082,12.84000015258789,12.854999542236328,220131
2026-06-26 19:17:00+00:00,12.854999542236328,12.859999656677246,12.850000381469727,12.85949993133545,94932
2026-06-26 19:18:00+00:00,12.854999542236328,12.859999656677246,12.84000015258789,12.845000267028809,186292
2026-06-26 19:19:00+00:00,12.845000267028809,12.850000381469727,12.84000015258789,12.840100288391113,56016
2026-06-26 19:20:00+00:00,12.842000007629395,12.847100257873535,12.819999694824219,12.824999809265137,290792
2026-06-26 19:21:00+00:00,12.824999809265137,12.84000015258789,12.819999694824219,12.819999694824219,131132
2026-06-26 19:22:00+00:00,12.819999694824219,12.829999923706055,12.789999961853027,12.795000076293945,305481
2026-06-26 19:23:00+00:00,12.789999961853027,12.829999923706055,12.789999961853027,12.8149995803833,688225
2026-06-26 19:24:00+00:00,12.819899559020996,12.839300155639648,12.805000305175781,12.835000038146973,135928
2026-06-26 19:25:00+00:00,12.835000038146973,12.850000381469727,12.829999923706055,12.835000038146973,98642
2026-06-26 19:26:00+00:00,12.84000015258789,12.84000015258789,12.821999549865723,12.824999809265137,119914
2026-06-26 19:27:00+00:00,12.829899787902832,12.829999923706055,12.819999694824219,12.824999809265137,151722
2026-06-26 19:28:00+00:00,12.824999809265137,12.829999923706055,12.8100004196167,12.8149995803833,224469
2026-06-26 19:29:00+00:00,12.812899589538574,12.819999694824219,12.8100004196167,12.8100004196167,516098
2026-06-26 19:30:00+00:00,12.8149995803833,12.824999809265137,12.800000190734863,12.805000305175781,500957
2026-06-26 19:31:00+00:00,12.809900283813477,12.8100004196167,12.795000076293945,12.796799659729004,389917
2026-06-26 19:32:00+00:00,12.795000076293945,12.800000190734863,12.789999961853027,12.795000076293945,638733
2026-06-26 19:33:00+00:00,12.79010009765625,12.850000381469727,12.79010009765625,12.845000267028809,681612
2026-06-26 19:34:00+00:00,12.845000267028809,12.880000114440918,12.84000015258789,12.864999771118164,259756
2026-06-26 19:35:00+00:00,12.864999771118164,12.864999771118164,12.824999809265137,12.835000038146973,650070
2026-06-26 19:36:00+00:00,12.83180046081543,12.84000015258789,12.829999923706055,12.835000038146973,1157561
2026-06-26 19:37:00+00:00,12.829999923706055,12.835000038146973,12.8100004196167,12.829999923706055,198191
2026-06-26 19:38:00+00:00,12.829999923706055,12.850000381469727,12.829999923706055,12.829999923706055,176017
2026-06-26 19:39:00+00:00,12.84000015258789,12.850000381469727,12.835000038146973,12.845000267028809,127104
2026-06-26 19:40:00+00:00,12.84000015258789,12.869999885559082,12.84000015258789,12.864999771118164,160610
2026-06-26 19:41:00+00:00,12.859999656677246,12.869999885559082,12.850000381469727,12.864999771118164,587420
2026-06-26 19:42:00+00:00,12.864999771118164,12.890000343322754,12.859999656677246,12.880000114440918,423731
2026-06-26 19:43:00+00:00,12.875,12.890000343322754,12.859999656677246,12.875,357824
2026-06-26 19:44:00+00:00,12.869999885559082,12.880000114440918,12.859999656677246,12.86989974975586,388543
2026-06-26 19:45:00+00:00,12.869999885559082,12.899999618530273,12.859999656677246,12.890000343322754,364011
2026-06-26 19:46:00+00:00,12.890000343322754,12.899999618530273,12.880000114440918,12.895000457763672,269952
2026-06-26 19:47:00+00:00,12.895000457763672,12.899999618530273,12.890000343322754,12.895000457763672,310772
2026-06-26 19:48:00+00:00,12.895000457763672,12.899999618530273,12.875,12.880000114440918,411991
2026-06-26 19:49:00+00:00,12.890000343322754,12.890000343322754,12.869999885559082,12.875,447900
2026-06-26 19:50:00+00:00,12.869999885559082,12.960000038146973,12.864999771118164,12.954999923706055,1506109
2026-06-26 19:51:00+00:00,12.954999923706055,12.989999771118164,12.925000190734863,12.925000190734863,961484
2026-06-26 19:52:00+00:00,12.929900169372559,12.960000038146973,12.90999984741211,12.944999694824219,1005851
2026-06-26 19:53:00+00:00,12.944999694824219,12.949999809265137,12.930000305175781,12.930100440979004,466268
2026-06-26 19:54:00+00:00,12.9350004196167,12.9399995803833,12.899999618530273,12.899999618530273,786559
2026-06-26 19:55:00+00:00,12.899999618530273,12.954999923706055,12.869999885559082,12.904999732971191,2499900
2026-06-26 19:56:00+00:00,12.904999732971191,12.949999809265137,12.899999618530273,12.944100379943848,545599
2026-06-26 19:57:00+00:00,12.944999694824219,12.96500015258789,12.930000305175781,12.96500015258789,929759
2026-06-26 19:58:00+00:00,12.960000038146973,12.989999771118164,12.949999809265137,12.965200424194336,1935701
2026-06-26 19:59:00+00:00,12.960000038146973,13.020000457763672,12.954999923706055,13.0,4994553
2026-06-26 20:00:00+00:00,12.92,13.02,12.92,12.98,3809
2026-06-26 20:01:00+00:00,12.99,12.99,12.91,12.9382,0
2026-06-26 20:02:00+00:00,12.93,12.97,12.9,12.96,0
2026-06-26 20:03:00+00:00,12.945,13.0099,12.92,13.0,0
2026-06-26 20:04:00+00:00,12.98,13.03,12.97,13.0196,141677308
2026-06-26 20:05:00+00:00,13.0002,13.02,13.0,13.01,0
2026-06-26 20:06:00+00:00,13.01,13.01,12.96,12.98,0
2026-06-26 20:07:00+00:00,12.98,12.99,12.97,12.9897,0
2026-06-26 20:08:00+00:00,12.99,13.01,12.975,12.9802,0
2026-06-26 20:09:00+00:00,12.9874,12.99,12.96,12.96,0
2026-06-26 20:10:00+00:00,12.96,13.01,12.95,12.96,0
2026-06-26 20:11:00+00:00,12.95,12.97,12.95,12.95,0
2026-06-26 20:12:00+00:00,12.97,12.97,12.95,12.95,0
2026-06-26 20:13:00+00:00,12.96,12.97,12.95,12.97,0
2026-06-26 20:14:00+00:00,12.97,12.99,12.96,12.975,0
2026-06-26 20:15:00+00:00,12.96,12.98,12.96,12.97,0
2026-06-26 20:16:00+00:00,12.9743,12.98,12.96,12.96,0
2026-06-26 20:17:00+00:00,12.9674,12.98,12.9629,12.9701,0
2026-06-26 20:18:00+00:00,12.97,13.0,12.96,13.0,0
2026-06-26 20:19:00+00:00,12.99,13.0,12.99,13.0,0
2026-06-26 20:20:00+00:00,12.9883,13.0,12.98,12.9996,0
2026-06-26 20:21:00+00:00,12.9837,13.0,12.98,12.98,0
2026-06-26 20:22:00+00:00,12.9994,13.0,12.98,13.0,0
2026-06-26 20:23:00+00:00,12.994,13.0,12.98,12.987,0
2026-06-26 20:24:00+00:00,12.9872,13.0,12.9872,12.99,0
2026-06-26 20:25:00+00:00,13.0,13.0,12.98,13.0,0
2026-06-26 20:26:00+00:00,12.9998,13.0,12.99,12.99,0
2026-06-26 20:27:00+00:00,12.997,13.0,12.99,13.0,0
2026-06-26 20:28:00+00:00,12.9999,13.0,12.99,13.0,0
2026-06-26 20:29:00+00:00,13.0,13.0,12.99,12.9999,0
2026-06-26 20:30:00+00:00,12.99,13.0,12.95,12.95,0
2026-06-26 20:31:00+00:00,12.957,12.97,12.9,12.93,0
2026-06-26 20:32:00+00:00,12.95,12.95,12.92,12.9272,0
2026-06-26 20:33:00+00:00,12.93,12.93,12.92,12.9272,0
2026-06-26 20:34:00+00:00,12.92,12.94,12.9103,12.94,0
2026-06-26 20:35:00+00:00,12.9161,12.94,12.9161,12.9303,0
2026-06-26 20:36:00+00:00,12.94,12.9497,12.93,12.93,0
2026-06-26 20:37:00+00:00,12.94,12.95,12.93,12.94,0
2026-06-26 20:38:00+00:00,12.94,12.97,12.91,12.95,0
2026-06-26 20:39:00+00:00,12.91,12.96,12.91,12.94,0
2026-06-26 20:40:00+00:00,12.9409,12.97,12.9406,12.9412,0
2026-06-26 20:41:00+00:00,12.95,12.97,12.91,12.9139,0
2026-06-26 20:42:00+00:00,12.93,12.94,12.91,12.9294,0
2026-06-26 20:43:00+00:00,12.93,12.93,12.91,12.916,0
2026-06-26 20:44:00+00:00,12.92,12.93,12.91,12.9242,0
2026-06-26 20:45:00+00:00,12.93,12.93,12.92,12.93,0
2026-06-26 20:46:00+00:00,12.92,12.93,12.92,12.9201,0
2026-06-26 20:47:00+00:00,12.93,12.93,12.9272,12.93,0
2026-06-26 20:48:00+00:00,12.92,12.93,12.91,12.93,0
2026-06-26 20:49:00+00:00,12.93,12.94,12.91,12.93,0
2026-06-26 20:50:00+00:00,12.93,12.94,12.92,12.93,0
2026-06-26 20:51:00+00:00,12.9299,12.93,12.92,12.92,0
2026-06-26 20:52:00+00:00,12.93,12.93,12.9115,12.93,0
2026-06-26 20:53:00+00:00,12.93,12.94,12.93,12.9301,0
2026-06-26 20:54:00+00:00,12.9372,12.94,12.93,12.937,0
2026-06-26 20:55:00+00:00,12.94,12.94,12.93,12.9397,0
2026-06-26 20:56:00+00:00,12.94,12.97,12.94,12.95,0
2026-06-26 20:57:00+00:00,12.95,12.96,12.94,12.95,0
2026-06-26 20:58:00+00:00,12.9556,12.97,12.95,12.9639,0
2026-06-26 20:59:00+00:00,12.97,12.97,12.95,12.96,0
2026-06-26 21:00:00+00:00,12.97,12.97,12.93,12.97,0
2026-06-26 21:01:00+00:00,12.97,12.97,12.93,12.95,0
2026-06-26 21:02:00+00:00,12.93,12.95,12.93,12.95,0
2026-06-26 21:03:00+00:00,12.93,12.95,12.93,12.9494,0
2026-06-26 21:04:00+00:00,12.94,12.95,12.93,12.9494,0
2026-06-26 21:05:00+00:00,12.95,12.95,12.92,12.9227,0
2026-06-26 21:06:00+00:00,12.92,12.93,12.92,12.93,0
2026-06-26 21:07:00+00:00,12.9201,12.93,12.92,12.93,0
2026-06-26 21:08:00+00:00,12.93,12.93,12.91,12.915,0
2026-06-26 21:09:00+00:00,12.9197,12.92,12.91,12.9197,0
2026-06-26 21:10:00+00:00,12.91,12.919,12.91,12.91,0
2026-06-26 21:11:00+00:00,12.9129,12.92,12.89,12.92,0
2026-06-26 21:12:00+00:00,12.9,12.92,12.9,12.91,0
2026-06-26 21:13:00+00:00,12.9098,12.91,12.9,12.9099,0
2026-06-26 21:14:00+00:00,12.908,12.91,12.9029,12.9029,0
2026-06-26 21:15:00+00:00,12.91,12.91,12.9,12.91,0
2026-06-26 21:16:00+00:00,12.9029,12.91,12.9,12.91,0
2026-06-26 21:17:00+00:00,12.9071,12.91,12.9,12.9027,0
2026-06-26 21:18:00+00:00,12.91,12.91,12.9,12.903,0
2026-06-26 21:19:00+00:00,12.9072,12.91,12.9,12.9,0
2026-06-26 21:20:00+00:00,12.9099,12.91,12.9,12.9,0
2026-06-26 21:21:00+00:00,12.91,12.92,12.9,12.92,0
2026-06-26 21:22:00+00:00,12.92,12.92,12.91,12.9102,0
2026-06-26 21:23:00+00:00,12.92,12.92,12.91,12.92,0
2026-06-26 21:24:00+00:00,12.92,12.92,12.9171,12.92,0
2026-06-26 21:25:00+00:00,12.92,12.92,12.91,12.92,0
2026-06-26 21:26:00+00:00,12.92,12.92,12.91,12.9127,0
2026-06-26 21:27:00+00:00,12.92,13.01,12.91,12.92,0
2026-06-26 21:28:00+00:00,12.92,12.92,12.91,12.92,0
2026-06-26 21:29:00+00:00,12.92,12.92,12.91,12.9199,0
2026-06-26 21:30:00+00:00,12.915,12.92,12.91,12.91,0
2026-06-26 21:31:00+00:00,12.92,12.92,12.91,12.9198,0
2026-06-26 21:32:00+00:00,12.91,12.92,12.91,12.92,0
2026-06-26 21:33:00+00:00,12.9197,12.92,12.91,12.92,0
2026-06-26 21:34:00+00:00,12.91,12.92,12.91,12.91,0
2026-06-26 21:35:00+00:00,12.91,12.92,12.91,12.91,0
2026-06-26 21:36:00+00:00,12.91,12.92,12.91,12.91,0
2026-06-26 21:37:00+00:00,12.91,12.92,12.91,12.915,0
2026-06-26 21:38:00+00:00,12.9197,12.92,12.91,12.915,0
2026-06-26 21:39:00+00:00,12.92,12.92,12.91,12.9197,0
2026-06-26 21:40:00+00:00,12.92,12.92,12.91,12.91,0
2026-06-26 21:41:00+00:00,12.91,12.91,12.9,12.9,0
2026-06-26 21:42:00+00:00,12.9,12.91,12.9,12.91,0
2026-06-26 21:43:00+00:00,12.91,12.91,12.9,12.9013,0
2026-06-26 21:44:00+00:00,12.91,12.92,12.9001,12.91,0
2026-06-26 21:45:00+00:00,12.92,12.92,12.9,12.92,0
2026-06-26 21:46:00+00:00,12.92,12.92,12.9057,12.92,0
2026-06-26 21:47:00+00:00,12.9,12.92,12.9,12.9103,0
2026-06-26 21:48:00+00:00,12.92,12.92,12.91,12.9198,0
2026-06-26 21:49:00+00:00,12.9198,12.92,12.9101,12.9113,0
2026-06-26 21:50:00+00:00,12.91,12.92,12.91,12.9199,0
2026-06-26 21:51:00+00:00,12.9197,12.92,12.9,12.91,0
2026-06-26 21:52:00+00:00,12.91,12.91,12.9,12.91,0
2026-06-26 21:53:00+00:00,12.9087,12.91,12.9,12.91,0
2026-06-26 21:54:00+00:00,12.91,12.91,12.9003,12.91,0
2026-06-26 21:55:00+00:00,12.91,12.91,12.9,12.91,0
2026-06-26 21:56:00+00:00,12.91,12.91,12.9,12.9,0
2026-06-26 21:57:00+00:00,12.91,12.91,12.9,12.91,0
2026-06-26 21:58:00+00:00,12.91,12.91,12.9,12.9099,0
2026-06-26 21:59:00+00:00,12.9,12.91,12.9,12.91,0
2026-06-26 22:00:00+00:00,12.91,12.91,12.9,12.91,0
2026-06-26 22:01:00+00:00,12.91,12.91,12.9,12.91,0
2026-06-26 22:02:00+00:00,12.91,12.91,12.9,12.91,0
2026-06-26 22:03:00+00:00,12.91,12.91,12.9,12.91,0
2026-06-26 22:04:00+00:00,12.9099,12.91,12.905,12.91,0
2026-06-26 22:05:00+00:00,12.91,12.91,12.9,12.91,0
2026-06-26 22:06:00+00:00,12.903,12.91,12.9,12.9,0
2026-06-26 22:07:00+00:00,12.9,12.91,12.9,12.91,0
2026-06-26 22:08:00+00:00,12.91,12.91,12.9,12.905,0
2026-06-26 22:09:00+00:00,12.91,12.91,12.9,12.91,0
2026-06-26 22:10:00+00:00,12.91,12.91,12.9,12.9,0
2026-06-26 22:11:00+00:00,12.91,12.91,12.9,12.9,0
2026-06-26 22:12:00+00:00,12.91,12.91,12.9095,12.91,0
2026-06-26 22:13:00+00:00,12.9,12.91,12.9,12.91,0
2026-06-26 22:14:00+00:00,12.91,12.91,12.9013,12.9097,0
2026-06-26 22:15:00+00:00,12.91,12.91,12.9,12.91,0
2026-06-26 22:16:00+00:00,12.91,12.92,12.9,12.92,0
2026-06-26 22:17:00+00:00,12.92,12.92,12.9,12.92,0
2026-06-26 22:18:00+00:00,12.92,12.93,12.91,12.93,0
2026-06-26 22:19:00+00:00,12.93,12.97,12.93,12.955,0
2026-06-26 22:20:00+00:00,12.955,12.97,12.94,12.95,0
2026-06-26 22:21:00+00:00,12.94,12.97,12.94,12.96,0
2026-06-26 22:22:00+00:00,12.96,12.96,12.94,12.94,0
2026-06-26 22:23:00+00:00,12.93,12.97,12.9196,12.97,0
2026-06-26 22:24:00+00:00,12.95,12.97,12.9206,12.9206,0
2026-06-26 22:25:00+00:00,12.97,12.97,12.93,12.93,0
2026-06-26 22:26:00+00:00,12.91,12.95,12.91,12.93,0
2026-06-26 22:27:00+00:00,12.93,12.95,12.93,12.9441,0
2026-06-26 22:28:00+00:00,12.944,12.96,12.94,12.94,0
2026-06-26 22:29:00+00:00,12.94,12.96,12.94,12.95,0
2026-06-26 22:30:00+00:00,12.94,12.96,12.94,12.95,0
2026-06-26 22:31:00+00:00,12.96,12.96,12.94,12.96,0
2026-06-26 22:32:00+00:00,12.9685,12.98,12.96,12.98,0
2026-06-26 22:33:00+00:00,12.97,12.98,12.94,12.94,0
2026-06-26 22:34:00+00:00,12.98,12.98,12.95,12.9557,0
2026-06-26 22:35:00+00:00,12.96,12.97,12.95,12.95,0
2026-06-26 22:36:00+00:00,12.95,12.97,12.95,12.9695,0
2026-06-26 22:37:00+00:00,12.96,12.97,12.947,12.95,0
2026-06-26 22:38:00+00:00,12.95,12.97,12.9471,12.96,0
2026-06-26 22:39:00+00:00,12.9598,12.96,12.95,12.95,0
2026-06-26 22:40:00+00:00,12.9599,12.9694,12.95,12.9641,0
2026-06-26 22:41:00+00:00,12.96,12.97,12.95,12.95,0
2026-06-26 22:42:00+00:00,12.95,12.96,12.95,12.9598,0
2026-06-26 22:43:00+00:00,12.96,12.96,12.95,12.95,0
2026-06-26 22:44:00+00:00,12.9597,12.96,12.95,12.96,0
2026-06-26 22:45:00+00:00,12.96,12.96,12.96,12.96,0
2026-06-26 22:46:00+00:00,12.953,12.96,12.95,12.95,0
2026-06-26 22:47:00+00:00,12.9501,12.9501,12.9405,12.9405,0
2026-06-26 22:48:00+00:00,12.9401,12.95,12.91,12.94,0
2026-06-26 22:49:00+00:00,12.91,12.95,12.91,12.95,0
2026-06-26 22:50:00+00:00,12.95,12.95,12.92,12.92,0
2026-06-26 22:51:00+00:00,12.95,12.95,12.92,12.94,0
2026-06-26 22:52:00+00:00,12.94,12.94,12.93,12.94,0
2026-06-26 22:53:00+00:00,12.9399,12.94,12.93,12.9303,0
2026-06-26 22:54:00+00:00,12.94,12.95,12.93,12.95,0
2026-06-26 22:55:00+00:00,12.95,12.95,12.9307,12.94,0
2026-06-26 22:56:00+00:00,12.94,12.95,12.9303,12.94,0
2026-06-26 22:57:00+00:00,12.94,12.96,12.93,12.95,0
2026-06-26 22:58:00+00:00,12.9598,12.96,12.95,12.9598,0
2026-06-26 22:59:00+00:00,12.96,12.96,12.95,12.9592,0
2026-06-26 23:00:00+00:00,12.96,12.96,12.93,12.95,0
2026-06-26 23:01:00+00:00,12.95,12.95,12.93,12.935,0
2026-06-26 23:02:00+00:00,12.94,12.95,12.93,12.9399,0
2026-06-26 23:03:00+00:00,12.94,12.96,12.93,12.94,0
2026-06-26 23:04:00+00:00,12.94,12.96,12.94,12.96,0
2026-06-26 23:05:00+00:00,12.96,12.96,12.95,12.95,0
2026-06-26 23:06:00+00:00,12.95,12.95,12.94,12.95,0
2026-06-26 23:07:00+00:00,12.95,12.96,12.94,12.94,0
2026-06-26 23:08:00+00:00,12.96,12.96,12.93,12.93,0
2026-06-26 23:09:00+00:00,12.93,12.93,12.92,12.9228,0
2026-06-26 23:10:00+00:00,12.93,12.93,12.925,12.925,0
2026-06-26 23:11:00+00:00,12.93,12.93,12.9103,12.92,0
2026-06-26 23:12:00+00:00,12.92,12.93,12.9101,12.93,0
2026-06-26 23:13:00+00:00,12.9105,12.93,12.91,12.93,0
2026-06-26 23:14:00+00:00,12.9292,12.9292,12.92,12.92,0
2026-06-26 23:15:00+00:00,12.92,12.93,12.91,12.93,0
2026-06-26 23:16:00+00:00,12.93,12.93,12.9164,12.9202,0
2026-06-26 23:17:00+00:00,12.9297,12.93,12.92,12.93,0
2026-06-26 23:18:00+00:00,12.93,12.95,12.9207,12.9232,0
2026-06-26 23:19:00+00:00,12.95,12.95,12.92,12.935,0
2026-06-26 23:20:00+00:00,12.9499,12.95,12.92,12.95,0
2026-06-26 23:21:00+00:00,12.95,12.95,12.9498,12.95,0
2026-06-26 23:22:00+00:00,12.9401,12.95,12.94,12.9499,0
2026-06-26 23:23:00+00:00,12.95,12.95,12.9498,12.9499,0
2026-06-26 23:24:00+00:00,12.95,12.96,12.94,12.95,0
2026-06-26 23:25:00+00:00,12.96,12.96,12.95,12.95,0
2026-06-26 23:26:00+00:00,12.9403,12.96,12.94,12.9596,0
2026-06-26 23:27:00+00:00,12.96,12.96,12.9403,12.9403,0
2026-06-26 23:28:00+00:00,12.95,12.95,12.9312,12.936,0
2026-06-26 23:29:00+00:00,12.9496,12.95,12.9357,12.95,0
2026-06-26 23:30:00+00:00,12.9498,12.95,12.94,12.95,0
2026-06-26 23:31:00+00:00,12.95,12.96,12.94,12.95,0
2026-06-26 23:32:00+00:00,12.95,12.96,12.94,12.94,0
2026-06-26 23:33:00+00:00,12.94,12.96,12.94,12.94,0
2026-06-26 23:34:00+00:00,12.95,12.96,12.93,12.9501,0
2026-06-26 23:35:00+00:00,12.96,12.96,12.95,12.96,0
2026-06-26 23:36:00+00:00,12.9503,12.96,12.9503,12.96,0
2026-06-26 23:37:00+00:00,12.96,12.96,12.95,12.9599,0
2026-06-26 23:38:00+00:00,12.96,12.96,12.94,12.96,0
2026-06-26 23:39:00+00:00,12.96,12.96,12.9473,12.96,0
2026-06-26 23:40:00+00:00,12.96,12.96,12.95,12.96,0
2026-06-26 23:41:00+00:00,12.96,12.96,12.95,12.95,0
2026-06-26 23:42:00+00:00,12.95,12.96,12.945,12.95,0
2026-06-26 23:43:00+00:00,12.95,12.95,12.945,12.95,0
2026-06-26 23:44:00+00:00,12.94,12.95,12.94,12.94,0
2026-06-26 23:45:00+00:00,12.95,12.95,12.94,12.9499,0
2026-06-26 23:46:00+00:00,12.95,12.95,12.94,12.9499,0
2026-06-26 23:47:00+00:00,12.95,12.95,12.93,12.93,0
2026-06-26 23:48:00+00:00,12.94,12.94,12.93,12.94,0
2026-06-26 23:49:00+00:00,12.94,12.94,12.9302,12.935,0
2026-06-26 23:50:00+00:00,12.94,12.94,12.93,12.94,0
2026-06-26 23:51:00+00:00,12.94,12.94,12.93,12.9399,0
2026-06-26 23:52:00+00:00,12.93,12.94,12.92,12.9203,0
2026-06-26 23:53:00+00:00,12.94,12.94,12.92,12.9374,0
2026-06-26 23:54:00+00:00,12.93,12.94,12.92,12.94,0
2026-06-26 23:55:00+00:00,12.94,12.94,12.92,12.9387,0
2026-06-26 23:56:00+00:00,12.93,12.94,12.92,12.93,0
2026-06-26 23:57:00+00:00,12.93,12.94,12.923,12.93,0
2026-06-26 23:58:00+00:00,12.94,12.94,12.93,12.94,0
2026-06-26 23:59:00+00:00,12.93,12.94,12.92,12.92,0
2026-06-29 08:00:00+00:00,12.97,13.12,12.82,13.0,0
2026-06-29 08:01:00+00:00,12.82,13.04,12.82,13.0,0
2026-06-29 08:02:00+00:00,13.0,13.0003,12.99,13.0,0
2026-06-29 08:03:00+00:00,12.88,13.0005,12.82,12.87,0
2026-06-29 08:04:00+00:00,12.98,13.09,12.82,12.94,0
2026-06-29 08:05:00+00:00,12.95,13.02,12.82,13.0,0
2026-06-29 08:06:00+00:00,12.99,13.0,12.99,12.995,0
2026-06-29 08:07:00+00:00,12.9987,13.0,12.96,12.97,0
2026-06-29 08:08:00+00:00,12.9695,12.9798,12.9603,12.97,0
2026-06-29 08:09:00+00:00,12.98,13.01,12.84,12.99,0
2026-06-29 08:10:00+00:00,12.9898,12.999,12.98,12.9813,0
2026-06-29 08:11:00+00:00,12.99,12.99,12.96,12.9788,0
2026-06-29 08:12:00+00:00,12.98,12.98,12.97,12.97,0
2026-06-29 08:13:00+00:00,12.97,12.99,12.97,12.99,0
2026-06-29 08:14:00+00:00,12.99,13.0,12.99,12.9905,0
2026-06-29 08:15:00+00:00,12.9997,13.01,12.99,12.9988,0
2026-06-29 08:16:00+00:00,12.995,12.9995,12.9786,12.9786,0
2026-06-29 08:17:00+00:00,12.9797,12.98,12.97,12.98,0
2026-06-29 08:18:00+00:00,12.98,13.0,12.98,13.0,0
2026-06-29 08:19:00+00:00,12.99,12.99,12.9799,12.98,0
2026-06-29 08:20:00+00:00,12.97,13.0,12.97,12.99,0
2026-06-29 08:21:00+00:00,12.98,12.995,12.98,12.995,0
2026-06-29 08:22:00+00:00,12.99,12.99,12.9712,12.975,0
2026-06-29 08:23:00+00:00,12.9799,12.98,12.97,12.98,0
2026-06-29 08:24:00+00:00,12.97,12.9786,12.97,12.9786,0
2026-06-29 08:25:00+00:00,12.97,12.99,12.97,12.9886,0
2026-06-29 08:26:00+00:00,12.98,12.98,12.97,12.9703,0
2026-06-29 08:27:00+00:00,12.97,12.98,12.97,12.98,0
2026-06-29 08:28:00+00:00,12.9795,12.98,12.9787,12.98,0
2026-06-29 08:29:00+00:00,12.98,12.98,12.97,12.9797,0
2026-06-29 08:30:00+00:00,12.97,12.9786,12.97,12.97,0
2026-06-29 08:31:00+00:00,12.9787,12.98,12.9703,12.9795,0
2026-06-29 08:32:00+00:00,12.98,12.98,12.97,12.98,0
2026-06-29 08:33:00+00:00,12.98,12.98,12.9712,12.98,0
2026-06-29 08:34:00+00:00,12.9795,12.98,12.97,12.97,0
2026-06-29 08:35:00+00:00,12.97,12.97,12.97,12.97,0
2026-06-29 08:36:00+00:00,12.9799,12.99,12.97,12.99,0
2026-06-29 08:37:00+00:00,12.99,13.0,12.9893,12.99,0
2026-06-29 08:38:00+00:00,12.98,12.9899,12.9787,12.9787,0
2026-06-29 08:39:00+00:00,12.98,12.99,12.98,12.99,0
2026-06-29 08:40:00+00:00,12.98,12.98,12.97,12.97,0
2026-06-29 08:41:00+00:00,12.97,12.97,12.96,12.965,0
2026-06-29 08:42:00+00:00,12.97,12.98,12.96,12.97,0
2026-06-29 08:43:00+00:00,12.9703,12.98,12.9703,12.9795,0
2026-06-29 08:44:00+00:00,12.9702,12.98,12.9702,12.975,0
2026-06-29 08:45:00+00:00,12.9793,12.98,12.965,12.97,0
2026-06-29 08:46:00+00:00,12.96,12.97,12.96,12.97,0
2026-06-29 08:47:00+00:00,12.97,12.97,12.9602,12.9602,0
2026-06-29 08:48:00+00:00,12.97,12.98,12.9605,12.98,0
2026-06-29 08:49:00+00:00,12.97,12.97,12.97,12.97,0
2026-06-29 08:50:00+00:00,12.9795,12.9795,12.97,12.97,0
2026-06-29 08:51:00+00:00,12.98,12.98,12.9795,12.9795,0
2026-06-29 08:52:00+00:00,12.9787,12.9795,12.97,12.97,0
2026-06-29 08:53:00+00:00,12.98,12.98,12.97,12.97,0
2026-06-29 08:54:00+00:00,12.9611,12.9611,12.94,12.94,0
2026-06-29 08:55:00+00:00,12.9491,12.97,12.94,12.95,0
2026-06-29 08:56:00+00:00,12.95,12.9597,12.95,12.9597,0
2026-06-29 08:57:00+00:00,12.95,12.96,12.95,12.95,0
2026-06-29 08:58:00+00:00,12.95,12.96,12.95,12.96,0
2026-06-29 08:59:00+00:00,12.9692,12.97,12.9692,12.97,0
2026-06-29 09:00:00+00:00,12.965,12.98,12.96,12.9786,0
2026-06-29 09:01:00+00:00,12.98,12.98,12.97,12.98,0
2026-06-29 09:02:00+00:00,12.97,12.97,12.97,12.97,0
2026-06-29 09:03:00+00:00,12.9687,12.97,12.96,12.9688,0
2026-06-29 09:04:00+00:00,12.97,12.97,12.965,12.97,0
2026-06-29 09:05:00+00:00,12.9693,12.97,12.95,12.95,0
2026-06-29 09:06:00+00:00,12.95,12.96,12.95,12.95,0
2026-06-29 09:07:00+00:00,12.95,12.95,12.94,12.94,0
2026-06-29 09:08:00+00:00,12.94,12.95,12.94,12.9499,0
2026-06-29 09:09:00+00:00,12.95,12.95,12.94,12.9401,0
2026-06-29 09:10:00+00:00,12.94,12.95,12.94,12.95,0
2026-06-29 09:11:00+00:00,12.95,12.95,12.95,12.95,0
2026-06-29 09:12:00+00:00,12.94,12.94,12.94,12.94,0
2026-06-29 09:13:00+00:00,12.93,12.94,12.93,12.93,0
2026-06-29 09:14:00+00:00,12.9312,12.94,12.9305,12.94,0
2026-06-29 09:15:00+00:00,12.94,12.95,12.935,12.94,0
2026-06-29 09:16:00+00:00,12.94,12.94,12.94,12.94,0
2026-06-29 09:17:00+00:00,12.93,12.9397,12.93,12.9397,0
2026-06-29 09:18:00+00:00,12.94,12.94,12.93,12.9395,0
2026-06-29 09:19:00+00:00,12.9396,12.9396,12.93,12.9301,0
2026-06-29 09:20:00+00:00,12.94,12.95,12.94,12.95,0
2026-06-29 09:21:00+00:00,12.94,12.9489,12.935,12.935,0
2026-06-29 09:22:00+00:00,12.9392,12.95,12.93,12.95,0
2026-06-29 09:23:00+00:00,12.95,12.96,12.94,12.9595,0
2026-06-29 09:24:00+00:00,12.96,12.96,12.95,12.9595,0
2026-06-29 09:25:00+00:00,12.955,12.96,12.95,12.9595,0
2026-06-29 09:26:00+00:00,12.9501,12.9588,12.95,12.9509,0
2026-06-29 09:27:00+00:00,12.95,12.96,12.95,12.96,0
2026-06-29 09:28:00+00:00,12.96,12.98,12.95,12.98,0
2026-06-29 09:30:00+00:00,12.98,12.98,12.9795,12.98,0
2026-06-29 09:31:00+00:00,12.9798,12.98,12.9786,12.9786,0
2026-06-29 09:32:00+00:00,12.9705,12.975,12.96,12.96,0
2026-06-29 09:33:00+00:00,12.96,12.98,12.96,12.975,0
2026-06-29 09:34:00+00:00,12.9712,12.98,12.97,12.98,0
2026-06-29 09:35:00+00:00,12.9704,12.9704,12.96,12.96,0
2026-06-29 09:36:00+00:00,12.95,12.95,12.9493,12.95,0
2026-06-29 09:37:00+00:00,12.95,12.95,12.95,12.95,0
2026-06-29 09:38:00+00:00,12.9497,12.95,12.94,12.94,0
2026-06-29 09:39:00+00:00,12.9403,12.9403,12.9403,12.9403,0
2026-06-29 09:40:00+00:00,12.9499,12.95,12.945,12.95,0
2026-06-29 09:41:00+00:00,12.9497,12.95,12.9487,12.9487,0
2026-06-29 09:42:00+00:00,12.9403,12.95,12.94,12.9405,0
2026-06-29 09:43:00+00:00,12.9486,12.9488,12.94,12.94,0
2026-06-29 09:44:00+00:00,12.94,12.95,12.9312,12.95,0
2026-06-29 09:45:00+00:00,12.95,12.95,12.94,12.95,0
2026-06-29 09:46:00+00:00,12.9489,12.95,12.94,12.9412,0
2026-06-29 09:47:00+00:00,12.9405,12.95,12.9405,12.95,0
2026-06-29 09:48:00+00:00,12.95,12.95,12.94,12.94,0
2026-06-29 09:49:00+00:00,12.94,12.9497,12.94,12.9497,0
2026-06-29 09:50:00+00:00,12.94,12.96,12.94,12.9593,0
2026-06-29 09:51:00+00:00,12.9503,12.9587,12.94,12.94,0
2026-06-29 09:52:00+00:00,12.9386,12.9386,12.935,12.935,0
2026-06-29 09:53:00+00:00,12.93,12.9395,12.93,12.9395,0
2026-06-29 09:54:00+00:00,12.9303,12.9387,12.93,12.9302,0
2026-06-29 09:55:00+00:00,12.9302,12.94,12.93,12.93,0
2026-06-29 09:56:00+00:00,12.9387,12.94,12.9387,12.94,0
2026-06-29 09:57:00+00:00,12.94,12.94,12.94,12.94,0
2026-06-29 09:58:00+00:00,12.9396,12.94,12.9387,12.9395,0
2026-06-29 09:59:00+00:00,12.9388,12.9514,12.935,12.95,0
2026-06-29 10:00:00+00:00,12.97,12.97,12.9603,12.97,0
2026-06-29 10:01:00+00:00,12.965,12.97,12.961,12.97,0
2026-06-29 10:02:00+00:00,12.98,12.99,12.97,12.9704,0
2026-06-29 10:03:00+00:00,12.98,12.98,12.96,12.96,0
2026-06-29 10:04:00+00:00,12.9687,12.97,12.9687,12.9689,0
2026-06-29 10:05:00+00:00,12.9695,12.97,12.94,12.94,0
2026-06-29 10:06:00+00:00,12.9498,12.95,12.94,12.95,0
2026-06-29 10:07:00+00:00,12.9586,12.9586,12.94,12.94,0
2026-06-29 10:08:00+00:00,12.94,12.9405,12.94,12.94,0
2026-06-29 10:09:00+00:00,12.94,12.9495,12.94,12.9494,0
2026-06-29 10:10:00+00:00,12.94,12.95,12.94,12.94,0
2026-06-29 10:11:00+00:00,12.9489,12.95,12.94,12.9402,0
2026-06-29 10:12:00+00:00,12.9404,12.95,12.94,12.95,0
2026-06-29 10:13:00+00:00,12.94,12.94,12.94,12.94,0
2026-06-29 10:14:00+00:00,12.94,12.9486,12.9313,12.9313,0
2026-06-29 10:15:00+00:00,12.9303,12.94,12.93,12.94,0
2026-06-29 10:16:00+00:00,12.9386,12.94,12.9386,12.94,0
2026-06-29 10:17:00+00:00,12.9304,12.9405,12.93,12.9405,0
2026-06-29 10:18:00+00:00,12.94,12.94,12.935,12.9395,0
2026-06-29 10:19:00+00:00,12.94,12.94,12.94,12.94,0
2026-06-29 10:20:00+00:00,12.94,12.95,12.94,12.95,0
2026-06-29 10:21:00+00:00,12.95,12.95,12.949,12.949,0
2026-06-29 10:22:00+00:00,12.94,12.94,12.93,12.9392,0
2026-06-29 10:23:00+00:00,12.9303,12.94,12.9303,12.94,0
2026-06-29 10:24:00+00:00,12.9303,12.9303,12.93,12.93,0
2026-06-29 10:25:00+00:00,12.93,12.94,12.93,12.94,0
2026-06-29 10:26:00+00:00,12.9395,12.945,12.9309,12.945,0
2026-06-29 10:27:00+00:00,12.94,12.94,12.9395,12.94,0
2026-06-29 10:28:00+00:00,12.94,12.95,12.94,12.95,0
2026-06-29 10:29:00+00:00,12.945,12.95,12.94,12.95,0
2026-06-29 10:30:00+00:00,12.95,12.96,12.95,12.96,0
2026-06-29 10:31:00+00:00,12.96,12.96,12.95,12.9513,0
2026-06-29 10:32:00+00:00,12.96,12.96,12.95,12.95,0
2026-06-29 10:33:00+00:00,12.95,12.95,12.94,12.94,0
2026-06-29 10:34:00+00:00,12.94,12.96,12.93,12.96,0
2026-06-29 10:35:00+00:00,12.95,12.95,12.9488,12.9491,0
2026-06-29 10:36:00+00:00,12.94,12.9405,12.94,12.9405,0
2026-06-29 10:37:00+00:00,12.95,12.97,12.94,12.97,0
2026-06-29 10:38:00+00:00,12.97,12.97,12.96,12.96,0
2026-06-29 10:39:00+00:00,12.96,12.96,12.96,12.96,0
2026-06-29 10:40:00+00:00,12.96,12.97,12.96,12.97,0
2026-06-29 10:41:00+00:00,12.97,12.97,12.9602,12.9688,0
2026-06-29 10:42:00+00:00,12.96,12.96,12.96,12.96,0
2026-06-29 10:43:00+00:00,12.9695,12.9695,12.9689,12.9689,0
2026-06-29 10:44:00+00:00,12.9686,12.9695,12.95,12.95,0
2026-06-29 10:45:00+00:00,12.95,12.9595,12.95,12.9595,0
2026-06-29 10:46:00+00:00,12.96,12.96,12.95,12.9586,0
2026-06-29 10:47:00+00:00,12.95,12.95,12.94,12.94,0
2026-06-29 10:48:00+00:00,12.94,12.94,12.9393,12.9393,0
2026-06-29 10:49:00+00:00,12.9397,12.94,12.93,12.94,0
2026-06-29 10:50:00+00:00,12.94,12.94,12.939,12.94,0
2026-06-29 10:51:00+00:00,12.9392,12.94,12.939,12.9397,0
2026-06-29 10:52:00+00:00,12.93,12.94,12.93,12.94,0
2026-06-29 10:53:00+00:00,12.94,12.94,12.94,12.94,0
2026-06-29 10:54:00+00:00,12.94,12.94,12.9395,12.9395,0
2026-06-29 10:55:00+00:00,12.94,12.94,12.93,12.94,0
2026-06-29 10:56:00+00:00,12.935,12.94,12.93,12.94,0
2026-06-29 10:57:00+00:00,12.93,12.94,12.93,12.93,0
2026-06-29 10:58:00+00:00,12.94,12.94,12.931,12.931,0
2026-06-29 10:59:00+00:00,12.94,12.94,12.9303,12.9305,0
2026-06-29 11:00:00+00:00,12.94,12.97,12.93,12.95,0
2026-06-29 11:01:00+00:00,12.94,12.945,12.94,12.94,0
2026-06-29 11:02:00+00:00,12.94,12.95,12.9302,12.94,0
2026-06-29 11:03:00+00:00,12.9401,12.95,12.94,12.95,0
2026-06-29 11:04:00+00:00,12.9403,12.955,12.94,12.9495,0
2026-06-29 11:05:00+00:00,12.95,12.955,12.94,12.9497,0
2026-06-29 11:06:00+00:00,12.95,12.95,12.94,12.9405,0
2026-06-29 11:07:00+00:00,12.9407,12.9497,12.9395,12.9395,0
2026-06-29 11:08:00+00:00,12.94,12.94,12.93,12.93,0
2026-06-29 11:09:00+00:00,12.94,12.94,12.93,12.94,0
2026-06-29 11:10:00+00:00,12.9395,12.94,12.93,12.93,0
2026-06-29 11:11:00+00:00,12.93,12.9399,12.93,12.9389,0
2026-06-29 11:12:00+00:00,12.9396,12.94,12.92,12.9298,0
2026-06-29 11:13:00+00:00,12.93,12.93,12.91,12.91,0
2026-06-29 11:14:00+00:00,12.9197,12.92,12.9,12.91,0
2026-06-29 11:15:00+00:00,12.91,12.91,12.9,12.9011,0
2026-06-29 11:16:00+00:00,12.9,12.9003,12.8895,12.8895,0
2026-06-29 11:17:00+00:00,12.8805,12.89,12.87,12.8703,0
2026-06-29 11:18:00+00:00,12.87,12.88,12.87,12.8795,0
2026-06-29 11:19:00+00:00,12.875,12.88,12.86,12.87,0
2026-06-29 11:20:00+00:00,12.86,12.87,12.85,12.86,0
2026-06-29 11:21:00+00:00,12.86,12.88,12.85,12.87,0
2026-06-29 11:22:00+00:00,12.87,12.8889,12.87,12.8889,0
2026-06-29 11:23:00+00:00,12.889,12.89,12.86,12.87,0
2026-06-29 11:24:00+00:00,12.86,12.87,12.86,12.8698,0
2026-06-29 11:25:00+00:00,12.86,12.88,12.86,12.88,0
2026-06-29 11:26:00+00:00,12.8796,12.8899,12.87,12.8889,0
2026-06-29 11:27:00+00:00,12.89,12.92,12.885,12.91,0
2026-06-29 11:28:00+00:00,12.91,12.92,12.9096,12.91,0
2026-06-29 11:29:00+00:00,12.9102,12.92,12.91,12.9198,0
2026-06-29 11:30:00+00:00,12.9197,12.9198,12.9,12.91,0
2026-06-29 11:31:00+00:00,12.9094,12.94,12.8998,12.8998,0
2026-06-29 11:32:00+00:00,12.89,12.89,12.88,12.8898,0
2026-06-29 11:33:00+00:00,12.8803,12.89,12.8803,12.89,0
2026-06-29 11:34:00+00:00,12.89,12.89,12.88,12.8813,0
2026-06-29 11:35:00+00:00,12.888,12.89,12.88,12.89,0
2026-06-29 11:36:00+00:00,12.8898,12.89,12.88,12.89,0
2026-06-29 11:37:00+00:00,12.89,12.895,12.88,12.89,0
2026-06-29 11:38:00+00:00,12.89,12.89,12.87,12.8798,0
2026-06-29 11:39:00+00:00,12.8798,12.8798,12.86,12.87,0
2026-06-29 11:40:00+00:00,12.8692,12.87,12.845,12.855,0
2026-06-29 11:41:00+00:00,12.8598,12.87,12.85,12.8603,0
2026-06-29 11:42:00+00:00,12.87,12.8705,12.86,12.8705,0
2026-06-29 11:43:00+00:00,12.8779,12.8798,12.85,12.8503,0
2026-06-29 11:44:00+00:00,12.8597,12.87,12.85,12.86,0
2026-06-29 11:45:00+00:00,12.8697,12.87,12.85,12.85,0
2026-06-29 11:46:00+00:00,12.85,12.88,12.85,12.87,0
2026-06-29 11:47:00+00:00,12.879,13.1,12.85,12.8791,0
2026-06-29 11:48:00+00:00,12.87,12.88,12.87,12.87,0
2026-06-29 11:49:00+00:00,12.88,12.88,12.85,12.86,0
2026-06-29 11:50:00+00:00,12.8598,12.87,12.85,12.87,0
2026-06-29 11:51:00+00:00,12.87,12.87,12.85,12.858,0
2026-06-29 11:52:00+00:00,12.8585,12.87,12.85,12.86,0
2026-06-29 11:53:00+00:00,12.86,12.87,12.86,12.86,0
2026-06-29 11:54:00+00:00,12.865,12.87,12.86,12.8605,0
2026-06-29 11:55:00+00:00,12.86,12.87,12.85,12.86,0
2026-06-29 11:56:00+00:00,12.8608,12.87,12.86,12.86,0
2026-06-29 11:57:00+00:00,12.8681,12.87,12.86,12.868,0
2026-06-29 11:58:00+00:00,12.87,12.87,12.8495,12.8495,0
2026-06-29 11:59:00+00:00,12.848,12.85,12.84,12.85,0
2026-06-29 12:00:00+00:00,12.8482,12.87,12.8391,12.8582,0
2026-06-29 12:01:00+00:00,12.85,12.86,12.8403,12.8403,0
2026-06-29 12:02:00+00:00,12.85,12.85,12.84,12.8499,0
2026-06-29 12:03:00+00:00,12.85,12.85,12.83,12.85,0
2026-06-29 12:04:00+00:00,12.84,12.85,12.84,12.84,0
2026-06-29 12:05:00+00:00,12.85,12.85,12.84,12.8498,0
2026-06-29 12:06:00+00:00,12.85,12.85,12.84,12.84,0
2026-06-29 12:07:00+00:00,12.85,12.85,12.83,12.8395,0
2026-06-29 12:08:00+00:00,12.8394,12.84,12.83,12.84,0
2026-06-29 12:09:00+00:00,12.84,12.84,12.83,12.8398,0
2026-06-29 12:10:00+00:00,12.8302,12.84,12.83,12.84,0
2026-06-29 12:11:00+00:00,12.84,12.85,12.83,12.84,0
2026-06-29 12:12:00+00:00,12.8493,12.85,12.84,12.85,0
2026-06-29 12:13:00+00:00,12.8487,12.86,12.84,12.8596,0
2026-06-29 12:14:00+00:00,12.86,12.86,12.85,12.85,0
2026-06-29 12:15:00+00:00,12.85,12.85,12.8296,12.8296,0
2026-06-29 12:16:00+00:00,12.8297,12.84,12.8297,12.83,0
2026-06-29 12:17:00+00:00,12.8295,12.83,12.82,12.8209,0
2026-06-29 12:18:00+00:00,12.8297,12.84,12.82,12.84,0
2026-06-29 12:19:00+00:00,12.8303,12.8303,12.82,12.82,0
2026-06-29 12:20:00+00:00,12.8203,12.83,12.82,12.825,0
2026-06-29 12:21:00+00:00,12.83,12.83,12.82,12.82,0
2026-06-29 12:22:00+00:00,12.83,12.83,12.81,12.81,0
2026-06-29 12:23:00+00:00,12.8113,12.82,12.81,12.8198,0
2026-06-29 12:24:00+00:00,12.8186,12.82,12.81,12.8199,0
2026-06-29 12:25:00+00:00,12.8195,12.83,12.81,12.82,0
2026-06-29 12:26:00+00:00,12.83,12.83,12.8101,12.82,0
2026-06-29 12:27:00+00:00,12.82,12.82,12.81,12.82,0
2026-06-29 12:28:00+00:00,12.82,12.83,12.81,12.83,0
2026-06-29 12:29:00+00:00,12.8286,12.83,12.82,12.828,0
2026-06-29 12:30:00+00:00,12.82,12.83,12.82,12.82,0
2026-06-29 12:31:00+00:00,12.83,12.83,12.82,12.8298,0
2026-06-29 12:32:00+00:00,12.83,12.84,12.82,12.8296,0
2026-06-29 12:33:00+00:00,12.83,12.84,12.82,12.82,0
2026-06-29 12:34:00+00:00,12.8295,12.83,12.8201,12.8299,0
2026-06-29 12:35:00+00:00,12.828,12.83,12.82,12.83,0
2026-06-29 12:36:00+00:00,12.8299,12.8399,12.8211,12.8392,0
2026-06-29 12:37:00+00:00,12.8301,12.8387,12.82,12.82,0
2026-06-29 12:38:00+00:00,12.82,12.82,12.81,12.8194,0
2026-06-29 12:39:00+00:00,12.82,12.82,12.81,12.8101,0
2026-06-29 12:40:00+00:00,12.82,12.82,12.8088,12.8088,0
2026-06-29 12:41:00+00:00,12.8,12.81,12.78,12.78,0
2026-06-29 12:42:00+00:00,12.78,12.79,12.77,12.78,0
2026-06-29 12:43:00+00:00,12.77,12.78,12.77,12.77,0
2026-06-29 12:44:00+00:00,12.78,12.8,12.78,12.7998,0
2026-06-29 12:45:00+00:00,12.8,12.8,12.79,12.7989,0
2026-06-29 12:46:00+00:00,12.8,12.81,12.79,12.81,0
2026-06-29 12:47:00+00:00,12.82,12.82,12.81,12.8187,0
2026-06-29 12:48:00+00:00,12.82,12.82,12.8101,12.8195,0
2026-06-29 12:49:00+00:00,12.8178,12.82,12.8,12.805,0
2026-06-29 12:50:00+00:00,12.81,12.81,12.8,12.81,0
2026-06-29 12:51:00+00:00,12.81,12.81,12.795,12.8002,0
2026-06-29 12:52:00+00:00,12.81,12.81,12.8,12.8001,0
2026-06-29 12:53:00+00:00,12.8086,12.82,12.8086,12.82,0
2026-06-29 12:54:00+00:00,12.8103,12.82,12.81,12.81,0
2026-06-29 12:55:00+00:00,12.81,12.82,12.81,12.81,0
2026-06-29 12:56:00+00:00,12.82,12.83,12.82,12.83,0
2026-06-29 12:57:00+00:00,12.8287,12.83,12.82,12.825,0
2026-06-29 12:58:00+00:00,12.83,12.83,12.82,12.83,0
2026-06-29 12:59:00+00:00,12.8213,12.83,12.82,12.83,0
2026-06-29 13:00:00+00:00,12.83,12.84,12.83,12.8387,0
2026-06-29 13:01:00+00:00,12.835,12.84,12.83,12.84,0
2026-06-29 13:02:00+00:00,12.83,12.84,12.83,12.84,0
2026-06-29 13:03:00+00:00,12.8386,12.84,12.83,12.8399,0
2026-06-29 13:04:00+00:00,12.8387,12.84,12.83,12.8303,0
2026-06-29 13:05:00+00:00,12.84,12.84,12.8301,12.8387,0
2026-06-29 13:06:00+00:00,12.83,13.01,12.8286,12.8299,0
2026-06-29 13:07:00+00:00,12.8217,12.84,12.82,12.83,0
2026-06-29 13:08:00+00:00,12.82,12.82,12.8,12.8098,0
2026-06-29 13:09:00+00:00,12.81,12.81,12.8,12.81,0
2026-06-29 13:10:00+00:00,12.8,12.81,12.8,12.8082,0
2026-06-29 13:11:00+00:00,12.8,12.81,12.8,12.81,0
2026-06-29 13:12:00+00:00,12.8098,12.81,12.8,12.802,0
2026-06-29 13:13:00+00:00,12.8002,12.8299,12.8,12.8278,0
2026-06-29 13:14:00+00:00,12.83,12.83,12.82,12.8299,0
2026-06-29 13:30:00+00:00,12.850000381469727,12.890000343322754,12.739999771118164,12.74020004272461,9126054
2026-06-29 13:31:00+00:00,12.742300033569336,12.75,12.645000457763672,12.702699661254883,1107204
2026-06-29 13:32:00+00:00,12.707200050354004,12.746399879455566,12.680000305175781,12.681900024414062,689280
2026-06-29 13:33:00+00:00,12.680000305175781,12.6850004196167,12.619999885559082,12.63010025024414,526857
2026-06-29 13:34:00+00:00,12.638999938964844,12.770000457763672,12.63010025024414,12.759900093078613,610072
2026-06-29 13:35:00+00:00,12.75,12.78499984741211,12.739999771118164,12.765000343322754,591267
2026-06-29 13:36:00+00:00,12.769599914550781,12.779999732971191,12.699999809265137,12.720000267028809,515573
2026-06-29 13:37:00+00:00,12.72070026397705,12.729999542236328,12.65999984741211,12.692000389099121,473566
2026-06-29 13:38:00+00:00,12.692099571228027,12.699999809265137,12.65999984741211,12.68179988861084,290134
2026-06-29 13:39:00+00:00,12.6899995803833,12.710000038146973,12.670000076293945,12.700599670410156,350529
2026-06-29 13:40:00+00:00,12.704999923706055,12.729999542236328,12.680000305175781,12.720000267028809,850805
2026-06-29 13:41:00+00:00,12.71500015258789,12.75,12.699999809265137,12.734999656677246,235950
2026-06-29 13:42:00+00:00,12.729999542236328,12.739999771118164,12.710100173950195,12.729999542236328,195459
2026-06-29 13:43:00+00:00,12.729999542236328,12.73009967803955,12.65999984741211,12.692399978637695,725313
2026-06-29 13:44:00+00:00,12.6899995803833,12.760000228881836,12.6899995803833,12.73960018157959,456536
2026-06-29 13:45:00+00:00,12.7391996383667,12.75,12.690299987792969,12.722599983215332,240093
2026-06-29 13:46:00+00:00,12.720000267028809,12.729999542236328,12.671600341796875,12.680999755859375,346137
2026-06-29 13:47:00+00:00,12.680000305175781,12.739700317382812,12.675000190734863,12.688199996948242,436992
2026-06-29 13:48:00+00:00,12.680000305175781,12.6899995803833,12.64009952545166,12.650199890136719,366419
2026-06-29 13:49:00+00:00,12.657899856567383,12.65999984741211,12.600000381469727,12.625,740513
2026-06-29 13:50:00+00:00,12.619999885559082,12.635000228881836,12.579999923706055,12.619999885559082,586691
2026-06-29 13:51:00+00:00,12.619999885559082,12.65999984741211,12.619999885559082,12.639800071716309,605436
2026-06-29 13:52:00+00:00,12.63029956817627,12.65999984741211,12.619999885559082,12.622200012207031,309344
2026-06-29 13:53:00+00:00,12.628700256347656,12.630000114440918,12.574999809265137,12.579999923706055,344152
2026-06-29 13:54:00+00:00,12.574999809265137,12.579999923706055,12.520000457763672,12.520000457763672,736129
2026-06-29 13:55:00+00:00,12.524999618530273,12.524999618530273,12.46500015258789,12.475000381469727,1160559
2026-06-29 13:56:00+00:00,12.475000381469727,12.479999542236328,12.4399995803833,12.444999694824219,933560
2026-06-29 13:57:00+00:00,12.440299987792969,12.449999809265137,12.380000114440918,12.425000190734863,1145049
2026-06-29 13:58:00+00:00,12.425000190734863,12.479999542236328,12.40999984741211,12.460000038146973,534600
2026-06-29 13:59:00+00:00,12.466400146484375,12.479999542236328,12.399999618530273,12.46500015258789,384439
2026-06-29 14:00:00+00:00,12.46500015258789,12.470000267028809,12.412099838256836,12.4399995803833,263584
2026-06-29 14:01:00+00:00,12.444999694824219,12.449999809265137,12.390000343322754,12.411100387573242,976342
2026-06-29 14:02:00+00:00,12.414999961853027,12.420000076293945,12.369999885559082,12.385000228881836,538437
2026-06-29 14:03:00+00:00,12.385000228881836,12.420000076293945,12.380000114440918,12.401000022888184,524833
2026-06-29 14:04:00+00:00,12.399999618530273,12.427300453186035,12.385000228881836,12.395000457763672,451704
2026-06-29 14:05:00+00:00,12.395000457763672,12.425000190734863,12.395000457763672,12.404999732971191,607235
2026-06-29 14:06:00+00:00,12.404999732971191,12.449199676513672,12.380000114440918,12.380000114440918,593998
2026-06-29 14:07:00+00:00,12.385000228881836,12.390000343322754,12.34000015258789,12.342000007629395,494031
2026-06-29 14:08:00+00:00,12.345000267028809,12.359999656677246,12.305000305175781,12.354999542236328,1464203
2026-06-29 14:09:00+00:00,12.354999542236328,12.389900207519531,12.329999923706055,12.34000015258789,792973
2026-06-29 14:10:00+00:00,12.34000015258789,12.354999542236328,12.300000190734863,12.3100004196167,507040
2026-06-29 14:11:00+00:00,12.319999694824219,12.34000015258789,12.300000190734863,12.329999923706055,410084
2026-06-29 14:12:00+00:00,12.324999809265137,12.338600158691406,12.234999656677246,12.234999656677246,2293937
2026-06-29 14:13:00+00:00,12.239299774169922,12.244999885559082,12.210000038146973,12.225099563598633,701355
2026-06-29 14:14:00+00:00,12.225000381469727,12.239999771118164,12.180000305175781,12.198599815368652,995037
2026-06-29 14:15:00+00:00,12.1899995803833,12.229999542236328,12.15999984741211,12.225000381469727,938210
2026-06-29 14:16:00+00:00,12.229999542236328,12.260000228881836,12.194999694824219,12.194999694824219,864877
2026-06-29 14:17:00+00:00,12.199999809265137,12.229999542236328,12.180100440979004,12.194999694824219,588081
2026-06-29 14:18:00+00:00,12.194999694824219,12.210000038146973,12.170000076293945,12.194999694824219,346891
2026-06-29 14:19:00+00:00,12.194999694824219,12.25,12.1899995803833,12.246700286865234,496474
2026-06-29 14:20:00+00:00,12.25,12.255000114440918,12.1899995803833,12.204999923706055,603222
2026-06-29 14:21:00+00:00,12.207200050354004,12.25,12.180000305175781,12.239999771118164,406274
2026-06-29 14:22:00+00:00,12.25,12.289999961853027,12.240099906921387,12.260000228881836,377817
2026-06-29 14:23:00+00:00,12.25,12.260000228881836,12.21500015258789,12.255000114440918,182863
2026-06-29 14:24:00+00:00,12.255000114440918,12.3100004196167,12.244999885559082,12.289999961853027,330416
2026-06-29 14:25:00+00:00,12.289999961853027,12.350000381469727,12.279999732971191,12.319999694824219,477739
2026-06-29 14:26:00+00:00,12.3149995803833,12.380000114440918,12.3149995803833,12.364999771118164,553812
2026-06-29 14:27:00+00:00,12.361300468444824,12.420000076293945,12.361300468444824,12.414999961853027,300040
2026-06-29 14:28:00+00:00,12.411999702453613,12.449999809265137,12.400099754333496,12.444999694824219,260557
2026-06-29 14:29:00+00:00,12.444999694824219,12.479999542236328,12.444999694824219,12.470000267028809,317005
2026-06-29 14:30:00+00:00,12.46500015258789,12.510000228881836,12.460000038146973,12.489700317382812,406187
2026-06-29 14:31:00+00:00,12.484999656677246,12.489999771118164,12.461299896240234,12.475000381469727,175028
2026-06-29 14:32:00+00:00,12.475000381469727,12.489999771118164,12.420000076293945,12.425000190734863,436418
2026-06-29 14:33:00+00:00,12.425000190734863,12.460000038146973,12.399999618530273,12.454999923706055,483156
2026-06-29 14:34:00+00:00,12.454999923706055,12.46500015258789,12.425000190734863,12.434700012207031,192174
2026-06-29 14:35:00+00:00,12.4399995803833,12.46500015258789,12.430000305175781,12.435999870300293,227573
2026-06-29 14:36:00+00:00,12.430000305175781,12.4399995803833,12.40999984741211,12.40999984741211,256265
2026-06-29 14:37:00+00:00,12.414999961853027,12.425000190734863,12.390000343322754,12.414999961853027,317760
2026-06-29 14:38:00+00:00,12.40999984741211,12.4399995803833,12.40999984741211,12.425000190734863,179773
2026-06-29 14:39:00+00:00,12.425000190734863,12.449999809265137,12.399999618530273,12.414999961853027,112755
2026-06-29 14:40:00+00:00,12.414999961853027,12.4399995803833,12.40999984741211,12.420000076293945,143497
2026-06-29 14:41:00+00:00,12.420000076293945,12.4399995803833,12.40999984741211,12.40999984741211,87008
2026-06-29 14:42:00+00:00,12.40999984741211,12.4350004196167,12.40999984741211,12.422499656677246,154253
2026-06-29 14:43:00+00:00,12.421199798583984,12.430000305175781,12.40999984741211,12.414999961853027,137378
2026-06-29 14:44:00+00:00,12.420000076293945,12.430000305175781,12.390000343322754,12.399999618530273,219542
2026-06-29 14:45:00+00:00,12.40999984741211,12.414999961853027,12.390000343322754,12.3927001953125,127816
2026-06-29 14:46:00+00:00,12.395000457763672,12.404999732971191,12.345000267028809,12.359999656677246,533602
2026-06-29 14:47:00+00:00,12.359999656677246,12.390000343322754,12.350000381469727,12.364999771118164,481758
2026-06-29 14:48:00+00:00,12.359999656677246,12.409899711608887,12.350000381469727,12.385000228881836,197128
2026-06-29 14:49:00+00:00,12.385000228881836,12.460000038146973,12.380000114440918,12.454999923706055,213868
2026-06-29 14:50:00+00:00,12.45989990234375,12.489999771118164,12.451800346374512,12.483842849731445,132552
2026-06-29 14:51:00+00:00,12.486499786376953,12.5,12.470000267028809,12.489899635314941,286988
2026-06-29 14:52:00+00:00,12.479999542236328,12.489999771118164,12.46500015258789,12.475000381469727,122354
2026-06-29 14:53:00+00:00,12.475000381469727,12.510000228881836,12.460000038146973,12.5,152943
2026-06-29 14:54:00+00:00,12.505000114440918,12.5600004196167,12.5,12.539999961853027,359135
2026-06-29 14:55:00+00:00,12.545000076293945,12.5600004196167,12.5,12.5600004196167,588982
2026-06-29 14:56:00+00:00,12.560099601745605,12.585000038146973,12.555000305175781,12.577500343322754,211582
2026-06-29 14:57:00+00:00,12.574999809265137,12.59000015258789,12.5600004196167,12.574999809265137,1576910
2026-06-29 14:58:00+00:00,12.574999809265137,12.599800109863281,12.5600004196167,12.579899787902832,204920
2026-06-29 14:59:00+00:00,12.574999809265137,12.604999542236328,12.569999694824219,12.600000381469727,236082
2026-06-29 15:00:00+00:00,12.595000267028809,12.619999885559082,12.59000015258789,12.604999542236328,285602
2026-06-29 15:01:00+00:00,12.600000381469727,12.630000114440918,12.59000015258789,12.625,217481
2026-06-29 15:02:00+00:00,12.625,12.649900436401367,12.614999771118164,12.619999885559082,409121
2026-06-29 15:03:00+00:00,12.625,12.649999618530273,12.609999656677246,12.639900207519531,153368
2026-06-29 15:04:00+00:00,12.630000114440918,12.640000343322754,12.609999656677246,12.630000114440918,149344
2026-06-29 15:05:00+00:00,12.635000228881836,12.670000076293945,12.619999885559082,12.668999671936035,291500
2026-06-29 15:06:00+00:00,12.664999961853027,12.675000190734863,12.600000381469727,12.654999732971191,450711
2026-06-29 15:07:00+00:00,12.654999732971191,12.710000038146973,12.649999618530273,12.704999923706055,330920
2026-06-29 15:08:00+00:00,12.710000038146973,12.75,12.699999809265137,12.744099617004395,160317
2026-06-29 15:09:00+00:00,12.739999771118164,12.75,12.73009967803955,12.731100082397461,177166
2026-06-29 15:10:00+00:00,12.734999656677246,12.749199867248535,12.720000267028809,12.73639965057373,238151
2026-06-29 15:11:00+00:00,12.734999656677246,12.735099792480469,12.710000038146973,12.71500015258789,190922
2026-06-29 15:12:00+00:00,12.71500015258789,12.739999771118164,12.711099624633789,12.725000381469727,187750
2026-06-29 15:13:00+00:00,12.725000381469727,12.770000457763672,12.725000381469727,12.760100364685059,348257
2026-06-29 15:14:00+00:00,12.765000343322754,12.800000190734863,12.75,12.795000076293945,171416
2026-06-29 15:15:00+00:00,12.795000076293945,12.8100004196167,12.779999732971191,12.805000305175781,288871
2026-06-29 15:16:00+00:00,12.8100004196167,12.8100004196167,12.765000343322754,12.779000282287598,148957
2026-06-29 15:17:00+00:00,12.776599884033203,12.776599884033203,12.760000228881836,12.760000228881836,105586
2026-06-29 15:18:00+00:00,12.765000343322754,12.789999961853027,12.75,12.770000457763672,221837
2026-06-29 15:19:00+00:00,12.767900466918945,12.770000457763672,12.739999771118164,12.769700050354004,187076
2026-06-29 15:20:00+00:00,12.760000228881836,12.770000457763672,12.755000114440918,12.765000343322754,120045
2026-06-29 15:21:00+00:00,12.765000343322754,12.8100004196167,12.765000343322754,12.805000305175781,284541
2026-06-29 15:22:00+00:00,12.805000305175781,12.8100004196167,12.779999732971191,12.800000190734863,326843
2026-06-29 15:23:00+00:00,12.795000076293945,12.800000190734863,12.780099868774414,12.789999961853027,134670
2026-06-29 15:24:00+00:00,12.789999961853027,12.795000076293945,12.765000343322754,12.765000343322754,154451
2026-06-29 15:25:00+00:00,12.770000457763672,12.779999732971191,12.760000228881836,12.760000228881836,140148
2026-06-29 15:26:00+00:00,12.763299942016602,12.770000457763672,12.760000228881836,12.765000343322754,205549
2026-06-29 15:27:00+00:00,12.766799926757812,12.766900062561035,12.75,12.750100135803223,172678
2026-06-29 15:28:00+00:00,12.755000114440918,12.770000457763672,12.75,12.757399559020996,269347
2026-06-29 15:29:00+00:00,12.75,12.8100004196167,12.75,12.800000190734863,246295
2026-06-29 15:30:00+00:00,12.795000076293945,12.839900016784668,12.789999961853027,12.819999694824219,148111
2026-06-29 15:31:00+00:00,12.819999694824219,12.819999694824219,12.8100004196167,12.8100004196167,93543
2026-06-29 15:32:00+00:00,12.819899559020996,12.819999694824219,12.801440238952637,12.809300422668457,96328
2026-06-29 15:33:00+00:00,12.805000305175781,12.819999694824219,12.800000190734863,12.8149995803833,148438
2026-06-29 15:34:00+00:00,12.8149995803833,12.829999923706055,12.811100006103516,12.8149995803833,82444
2026-06-29 15:35:00+00:00,12.8100004196167,12.8149995803833,12.800000190734863,12.8149995803833,108234
2026-06-29 15:36:00+00:00,12.8149995803833,12.829999923706055,12.8100004196167,12.81149959564209,105751
2026-06-29 15:37:00+00:00,12.8149995803833,12.859999656677246,12.8149995803833,12.849300384521484,157187
2026-06-29 15:38:00+00:00,12.848999977111816,12.859999656677246,12.829999923706055,12.835000038146973,77471
2026-06-29 15:39:00+00:00,12.835000038146973,12.839900016784668,12.819999694824219,12.839900016784668,83464
2026-06-29 15:40:00+00:00,12.835000038146973,12.84000015258789,12.819999694824219,12.84000015258789,86420
2026-06-29 15:41:00+00:00,12.835100173950195,12.84000015258789,12.8100004196167,12.833100318908691,295902
2026-06-29 15:42:00+00:00,12.833100318908691,12.850000381469727,12.83240032196045,12.84000015258789,100093
2026-06-29 15:43:00+00:00,12.84000015258789,12.850000381469727,12.829999923706055,12.847999572753906,102669
2026-06-29 15:44:00+00:00,12.845000267028809,12.869999885559082,12.845000267028809,12.861900329589844,105563
2026-06-29 15:45:00+00:00,12.859999656677246,12.869999885559082,12.859999656677246,12.869000434875488,35754
2026-06-29 15:46:00+00:00,12.864999771118164,12.864999771118164,12.829999923706055,12.835000038146973,125956
2026-06-29 15:47:00+00:00,12.838000297546387,12.857099533081055,12.829999923706055,12.850000381469727,369428
2026-06-29 15:48:00+00:00,12.845000267028809,12.850000381469727,12.829999923706055,12.840100288391113,85141
2026-06-29 15:49:00+00:00,12.845000267028809,12.850000381469727,12.84000015258789,12.850000381469727,27471
2026-06-29 15:50:00+00:00,12.845000267028809,12.854999542236328,12.829999923706055,12.840100288391113,193593
2026-06-29 15:51:00+00:00,12.845000267028809,12.850000381469727,12.824999809265137,12.829999923706055,133180
2026-06-29 15:52:00+00:00,12.824999809265137,12.829999923706055,12.819999694824219,12.820099830627441,88210
2026-06-29 15:53:00+00:00,12.824999809265137,12.84000015258789,12.8100004196167,12.819999694824219,310884
2026-06-29 15:54:00+00:00,12.819899559020996,12.819999694824219,12.789999961853027,12.8100004196167,146962
2026-06-29 15:55:00+00:00,12.812299728393555,12.81980037689209,12.795000076293945,12.80049991607666,88916
2026-06-29 15:56:00+00:00,12.800200462341309,12.800999641418457,12.779999732971191,12.780599594116211,168913
2026-06-29 15:57:00+00:00,12.781000137329102,12.78499984741211,12.770000457763672,12.774999618530273,118511
2026-06-29 15:58:00+00:00,12.774999618530273,12.795000076293945,12.770099639892578,12.78499984741211,92940
2026-06-29 15:59:00+00:00,12.789999961853027,12.8100004196167,12.78499984741211,12.795000076293945,78553
2026-06-29 16:00:00+00:00,12.800000190734863,12.819999694824219,12.795000076293945,12.8149995803833,62468
2026-06-29 16:01:00+00:00,12.819299697875977,12.84000015258789,12.819299697875977,12.835000038146973,77713
2026-06-29 16:02:00+00:00,12.84000015258789,12.859999656677246,12.829999923706055,12.854999542236328,191368
2026-06-29 16:03:00+00:00,12.850000381469727,12.859999656677246,12.845000267028809,12.854999542236328,243449
2026-06-29 16:04:00+00:00,12.850000381469727,12.869999885559082,12.850000381469727,12.859999656677246,132684
2026-06-29 16:05:00+00:00,12.864999771118164,12.890000343322754,12.859999656677246,12.890000343322754,340991
2026-06-29 16:06:00+00:00,12.885000228881836,12.895000457763672,12.869999885559082,12.889900207519531,122953
2026-06-29 16:07:00+00:00,12.889800071716309,12.899999618530273,12.885000228881836,12.895000457763672,55163
2026-06-29 16:08:00+00:00,12.898599624633789,12.899999618530273,12.890000343322754,12.895000457763672,66719
2026-06-29 16:09:00+00:00,12.899999618530273,12.90999984741211,12.890000343322754,12.904999732971191,150912
2026-06-29 16:10:00+00:00,12.904999732971191,12.90999984741211,12.870699882507324,12.873900413513184,330271
2026-06-29 16:11:00+00:00,12.877699851989746,12.889900207519531,12.869999885559082,12.880000114440918,149867
2026-06-29 16:12:00+00:00,12.875,12.880000114440918,12.869999885559082,12.871899604797363,52214
2026-06-29 16:13:00+00:00,12.875,12.880000114440918,12.859999656677246,12.860699653625488,88245
2026-06-29 16:14:00+00:00,12.859999656677246,12.865500450134277,12.850000381469727,12.850000381469727,115939
2026-06-29 16:15:00+00:00,12.850000381469727,12.880000114440918,12.850000381469727,12.875,94800
2026-06-29 16:16:00+00:00,12.875,12.890000343322754,12.869999885559082,12.885000228881836,199561
2026-06-29 16:17:00+00:00,12.885000228881836,12.890000343322754,12.829999923706055,12.850000381469727,400825
2026-06-29 16:18:00+00:00,12.850000381469727,12.869999885559082,12.800000190734863,12.864999771118164,393723
2026-06-29 16:19:00+00:00,12.864999771118164,12.890000343322754,12.859999656677246,12.885000228881836,73064
2026-06-29 16:20:00+00:00,12.885000228881836,12.899999618530273,12.880000114440918,12.897899627685547,64463
2026-06-29 16:21:00+00:00,12.895000457763672,12.899999618530273,12.880000114440918,12.885000228881836,63748
2026-06-29 16:22:00+00:00,12.885000228881836,12.899999618530273,12.880000114440918,12.890000343322754,49909
2026-06-29 16:23:00+00:00,12.899999618530273,12.899999618530273,12.890000343322754,12.895000457763672,28890
2026-06-29 16:24:00+00:00,12.895000457763672,12.899999618530273,12.890000343322754,12.895000457763672,49288
2026-06-29 16:25:00+00:00,12.895000457763672,12.899999618530273,12.869999885559082,12.869999885559082,99454
2026-06-29 16:26:00+00:00,12.87030029296875,12.890000343322754,12.869999885559082,12.869999885559082,104692
2026-06-29 16:27:00+00:00,12.875,12.890000343322754,12.854999542236328,12.859999656677246,171715
2026-06-29 16:28:00+00:00,12.858099937438965,12.859999656677246,12.850000381469727,12.850199699401855,31908
2026-06-29 16:29:00+00:00,12.850000381469727,12.869999885559082,12.850000381469727,12.854999542236328,98855
2026-06-29 16:30:00+00:00,12.859999656677246,12.869999885559082,12.859999656677246,12.859999656677246,55559
2026-06-29 16:31:00+00:00,12.859999656677246,12.869999885559082,12.84000015258789,12.847100257873535,74820
2026-06-29 16:32:00+00:00,12.847999572753906,12.849900245666504,12.829999923706055,12.829999923706055,84169
2026-06-29 16:33:00+00:00,12.829999923706055,12.859999656677246,12.829999923706055,12.830699920654297,288118
2026-06-29 16:34:00+00:00,12.837800025939941,12.849900245666504,12.829999923706055,12.835000038146973,74680
2026-06-29 16:35:00+00:00,12.835000038146973,12.84000015258789,12.829999923706055,12.839900016784668,89846
2026-06-29 16:36:00+00:00,12.835000038146973,12.84000015258789,12.819999694824219,12.819999694824219,117747
2026-06-29 16:37:00+00:00,12.829999923706055,12.845000267028809,12.829999923706055,12.845000267028809,78780
2026-06-29 16:38:00+00:00,12.850000381469727,12.850000381469727,12.829999923706055,12.829999923706055,168173
2026-06-29 16:39:00+00:00,12.84000015258789,12.850000381469727,12.829999923706055,12.845000267028809,83907
2026-06-29 16:40:00+00:00,12.84000015258789,12.859999656677246,12.84000015258789,12.854999542236328,91126
2026-06-29 16:41:00+00:00,12.85200023651123,12.869999885559082,12.850000381469727,12.864999771118164,42978
2026-06-29 16:42:00+00:00,12.864999771118164,12.869999885559082,12.859999656677246,12.864999771118164,41207
2026-06-29 16:43:00+00:00,12.86989974975586,12.875,12.854999542236328,12.875,255863
2026-06-29 16:44:00+00:00,12.875100135803223,12.899999618530273,12.869999885559082,12.895000457763672,111603
2026-06-29 16:45:00+00:00,12.895000457763672,12.895099639892578,12.869999885559082,12.869999885559082,89361
2026-06-29 16:46:00+00:00,12.875,12.880000114440918,12.845000267028809,12.854999542236328,333103
2026-06-29 16:47:00+00:00,12.854999542236328,12.859999656677246,12.850000381469727,12.854999542236328,105257
2026-06-29 16:48:00+00:00,12.858599662780762,12.869999885559082,12.850000381469727,12.850099563598633,106497
2026-06-29 16:49:00+00:00,12.854999542236328,12.869999885559082,12.850000381469727,12.866399765014648,104126
2026-06-29 16:50:00+00:00,12.864999771118164,12.869999885559082,12.854999542236328,12.864999771118164,93634
2026-06-29 16:51:00+00:00,12.864999771118164,12.875,12.860099792480469,12.864999771118164,139209
2026-06-29 16:52:00+00:00,12.864999771118164,12.885000228881836,12.854999542236328,12.885000228881836,101558
2026-06-29 16:53:00+00:00,12.885000228881836,12.90999984741211,12.885000228881836,12.904999732971191,206024
2026-06-29 16:54:00+00:00,12.904999732971191,12.90999984741211,12.895000457763672,12.902099609375,102853
2026-06-29 16:55:00+00:00,12.904999732971191,12.909700393676758,12.880000114440918,12.895000457763672,300340
2026-06-29 16:56:00+00:00,12.895000457763672,12.920000076293945,12.880000114440918,12.914999961853027,223862
2026-06-29 16:57:00+00:00,12.914999961853027,12.930000305175781,12.914299964904785,12.930000305175781,141928
2026-06-29 16:58:00+00:00,12.930000305175781,12.9399995803833,12.920000076293945,12.925000190734863,188631
2026-06-29 16:59:00+00:00,12.925000190734863,12.930000305175781,12.920000076293945,12.920000076293945,62149
2026-06-29 17:00:00+00:00,12.921500205993652,12.9399995803833,12.90999984741211,12.937700271606445,168156
2026-06-29 17:01:00+00:00,12.9350004196167,12.938400268554688,12.90999984741211,12.914999961853027,148124
2026-06-29 17:02:00+00:00,12.914999961853027,12.930000305175781,12.890000343322754,12.895000457763672,283512
2026-06-29 17:03:00+00:00,12.899999618530273,12.899999618530273,12.88029956817627,12.895000457763672,104063
2026-06-29 17:04:00+00:00,12.89009952545166,12.899999618530273,12.880000114440918,12.895000457763672,76524
2026-06-29 17:05:00+00:00,12.890299797058105,12.90999984741211,12.890000343322754,12.895000457763672,77491
2026-06-29 17:06:00+00:00,12.895000457763672,12.899999618530273,12.890000343322754,12.895000457763672,80553
2026-06-29 17:07:00+00:00,12.890700340270996,12.899999618530273,12.869999885559082,12.875,198036
2026-06-29 17:08:00+00:00,12.875,12.885000228881836,12.864999771118164,12.875,128780
2026-06-29 17:09:00+00:00,12.875,12.889900207519531,12.87399959564209,12.885000228881836,59304
2026-06-29 17:10:00+00:00,12.885000228881836,12.890000343322754,12.869999885559082,12.875,181098
2026-06-29 17:11:00+00:00,12.880000114440918,12.899999618530273,12.869999885559082,12.895000457763672,66423
2026-06-29 17:12:00+00:00,12.895000457763672,12.895099639892578,12.875,12.882200241088867,55501
2026-06-29 17:13:00+00:00,12.88070011138916,12.90999984741211,12.8100004196167,12.904999732971191,589682
2026-06-29 17:14:00+00:00,12.90999984741211,12.90999984741211,12.890000343322754,12.895000457763672,115255
2026-06-29 17:15:00+00:00,12.895000457763672,12.899999618530273,12.880000114440918,12.880000114440918,255308
2026-06-29 17:16:00+00:00,12.88010025024414,12.890000343322754,12.860099792480469,12.869000434875488,53092
2026-06-29 17:17:00+00:00,12.864999771118164,12.890000343322754,12.862000465393066,12.885000228881836,76506
2026-06-29 17:18:00+00:00,12.882399559020996,12.890000343322754,12.880000114440918,12.885000228881836,31161
2026-06-29 17:19:00+00:00,12.890000343322754,12.899999618530273,12.880000114440918,12.895000457763672,52957
2026-06-29 17:20:00+00:00,12.890000343322754,12.895000457763672,12.880000114440918,12.890000343322754,118679
2026-06-29 17:21:00+00:00,12.890000343322754,12.895000457763672,12.869999885559082,12.880000114440918,75783
2026-06-29 17:22:00+00:00,12.869999885559082,12.875,12.850000381469727,12.861700057983398,120471
2026-06-29 17:23:00+00:00,12.861900329589844,12.869999885559082,12.84000015258789,12.85990047454834,137524
2026-06-29 17:24:00+00:00,12.854999542236328,12.869999885559082,12.854999542236328,12.859999656677246,102784
2026-06-29 17:25:00+00:00,12.864999771118164,12.869999885559082,12.859999656677246,12.860300064086914,42161
2026-06-29 17:26:00+00:00,12.864999771118164,12.880000114440918,12.859999656677246,12.875,137598
2026-06-29 17:27:00+00:00,12.869999885559082,12.880000114440918,12.869999885559082,12.875,38092
2026-06-29 17:28:00+00:00,12.875,12.899999618530273,12.8100004196167,12.89009952545166,418943
2026-06-29 17:29:00+00:00,12.895000457763672,12.90999984741211,12.890000343322754,12.89009952545166,83073
2026-06-29 17:30:00+00:00,12.895000457763672,12.899999618530273,12.885000228881836,12.888999938964844,90242
2026-06-29 17:31:00+00:00,12.880900382995605,12.890000343322754,12.88010025024414,12.885000228881836,39832
2026-06-29 17:32:00+00:00,12.889900207519531,12.889900207519531,12.854999542236328,12.854999542236328,127215
2026-06-29 17:33:00+00:00,12.859999656677246,12.875,12.854999542236328,12.875,86102
2026-06-29 17:34:00+00:00,12.87090015411377,12.880000114440918,12.864999771118164,12.875,88495
2026-06-29 17:35:00+00:00,12.869999885559082,12.885000228881836,12.869999885559082,12.875,55081
2026-06-29 17:36:00+00:00,12.878499984741211,12.879899978637695,12.845000267028809,12.861000061035156,192715
2026-06-29 17:37:00+00:00,12.864999771118164,12.869999885559082,12.859999656677246,12.869999885559082,39434
2026-06-29 17:38:00+00:00,12.869999885559082,12.869999885559082,12.859999656677246,12.864999771118164,56174
2026-06-29 17:39:00+00:00,12.864999771118164,12.875,12.859999656677246,12.875,42391
2026-06-29 17:40:00+00:00,12.880000114440918,12.880000114440918,12.869999885559082,12.8725004196167,46246
2026-06-29 17:41:00+00:00,12.875,12.880000114440918,12.859999656677246,12.869999885559082,59168
2026-06-29 17:42:00+00:00,12.880000114440918,12.890000343322754,12.870100021362305,12.87969970703125,83782
2026-06-29 17:43:00+00:00,12.875,12.880000114440918,12.869999885559082,12.870100021362305,21608
2026-06-29 17:44:00+00:00,12.878399848937988,12.880000114440918,12.869999885559082,12.880000114440918,22086
2026-06-29 17:45:00+00:00,12.875,12.878999710083008,12.859999656677246,12.875,38993
2026-06-29 17:46:00+00:00,12.875,12.880000114440918,12.869999885559082,12.875,20363
2026-06-29 17:47:00+00:00,12.869999885559082,12.880000114440918,12.869999885559082,12.875,92415
2026-06-29 17:48:00+00:00,12.875,12.880000114440918,12.869999885559082,12.875,42839
2026-06-29 17:49:00+00:00,12.875,12.880000114440918,12.869999885559082,12.875,32219
2026-06-29 17:50:00+00:00,12.872200012207031,12.880000114440918,12.869999885559082,12.869999885559082,33626
2026-06-29 17:51:00+00:00,12.875,12.880000114440918,12.869999885559082,12.875,37194
2026-06-29 17:52:00+00:00,12.879400253295898,12.890000343322754,12.875,12.885000228881836,193759
2026-06-29 17:53:00+00:00,12.885000228881836,12.899999618530273,12.885000228881836,12.895000457763672,257187
2026-06-29 17:54:00+00:00,12.899999618530273,12.899999618530273,12.89050006866455,12.89050006866455,24426
2026-06-29 17:55:00+00:00,12.895000457763672,12.899999618530273,12.890000343322754,12.895000457763672,20386
2026-06-29 17:56:00+00:00,12.89900016784668,12.899999618530273,12.890000343322754,12.899999618530273,27657
2026-06-29 17:57:00+00:00,12.895000457763672,12.899999618530273,12.881799697875977,12.885000228881836,48772
2026-06-29 17:58:00+00:00,12.885000228881836,12.889900207519531,12.829999923706055,12.84000015258789,302925
2026-06-29 17:59:00+00:00,12.84000015258789,12.858400344848633,12.835000038146973,12.854999542236328,74569
2026-06-29 18:00:00+00:00,12.850000381469727,12.859600067138672,12.842499732971191,12.852899551391602,89044
2026-06-29 18:01:00+00:00,12.854999542236328,12.86989974975586,12.850000381469727,12.860099792480469,44697
2026-06-29 18:02:00+00:00,12.859999656677246,12.859999656677246,12.850000381469727,12.850099563598633,56605
2026-06-29 18:03:00+00:00,12.852399826049805,12.864999771118164,12.850000381469727,12.864999771118164,37406
2026-06-29 18:04:00+00:00,12.864999771118164,12.869999885559082,12.850000381469727,12.864999771118164,96690
2026-06-29 18:05:00+00:00,12.861300468444824,12.880000114440918,12.829999923706055,12.875,342367
2026-06-29 18:06:00+00:00,12.875,12.885000228881836,12.869999885559082,12.875,44139
2026-06-29 18:07:00+00:00,12.880000114440918,12.890000343322754,12.875,12.889800071716309,35279
2026-06-29 18:08:00+00:00,12.885000228881836,12.90999984741211,12.885000228881836,12.90999984741211,101743
2026-06-29 18:09:00+00:00,12.907699584960938,12.90999984741211,12.899999618530273,12.90999984741211,19709
2026-06-29 18:10:00+00:00,12.904999732971191,12.920000076293945,12.899999618530273,12.919899940490723,138863
2026-06-29 18:11:00+00:00,12.914999961853027,12.930000305175781,12.90999984741211,12.930000305175781,54861
2026-06-29 18:12:00+00:00,12.925000190734863,12.930000305175781,12.90999984741211,12.90999984741211,49335
2026-06-29 18:13:00+00:00,12.914999961853027,12.930000305175781,12.90999984741211,12.925000190734863,122494
2026-06-29 18:14:00+00:00,12.930000305175781,12.930000305175781,12.90999984741211,12.914999961853027,85453
2026-06-29 18:15:00+00:00,12.914999961853027,12.920000076293945,12.90999984741211,12.90999984741211,51895
2026-06-29 18:16:00+00:00,12.920000076293945,12.925000190734863,12.90999984741211,12.914999961853027,64892
2026-06-29 18:17:00+00:00,12.914999961853027,12.920000076293945,12.90999984741211,12.914999961853027,28051
2026-06-29 18:18:00+00:00,12.917499542236328,12.920000076293945,12.90999984741211,12.914999961853027,88206
2026-06-29 18:19:00+00:00,12.920000076293945,12.930000305175781,12.914999961853027,12.930000305175781,129898
2026-06-29 18:20:00+00:00,12.929900169372559,12.929900169372559,12.899999618530273,12.914999961853027,101739
2026-06-29 18:21:00+00:00,12.914999961853027,12.9399995803833,12.859999656677246,12.9350004196167,437135
2026-06-29 18:22:00+00:00,12.9350004196167,12.9399995803833,12.930000305175781,12.930000305175781,17816
2026-06-29 18:23:00+00:00,12.930299758911133,12.9399995803833,12.920100212097168,12.9350004196167,111248
2026-06-29 18:24:00+00:00,12.9399995803833,12.9399995803833,12.920000076293945,12.930100440979004,282686
2026-06-29 18:25:00+00:00,12.938899993896484,12.9399995803833,12.925000190734863,12.930000305175781,84373
2026-06-29 18:26:00+00:00,12.930000305175781,12.949999809265137,12.930000305175781,12.930000305175781,245294
2026-06-29 18:27:00+00:00,12.930000305175781,12.9399995803833,12.930000305175781,12.930000305175781,225713
2026-06-29 18:28:00+00:00,12.930000305175781,12.9350004196167,12.920100212097168,12.9350004196167,45440
2026-06-29 18:29:00+00:00,12.9350004196167,12.9399995803833,12.930000305175781,12.9306001663208,22223
2026-06-29 18:30:00+00:00,12.9350004196167,12.9399995803833,12.90999984741211,12.90999984741211,77451
2026-06-29 18:31:00+00:00,12.90999984741211,12.930000305175781,12.90999984741211,12.914999961853027,34988
2026-06-29 18:32:00+00:00,12.914999961853027,12.920000076293945,12.90999984741211,12.920000076293945,75660
2026-06-29 18:33:00+00:00,12.914999961853027,12.920000076293945,12.90999984741211,12.90999984741211,42138
2026-06-29 18:34:00+00:00,12.914999961853027,12.920000076293945,12.90999984741211,12.91819953918457,60102
2026-06-29 18:35:00+00:00,12.914999961853027,12.930000305175781,12.90999984741211,12.910200119018555,209058
2026-06-29 18:36:00+00:00,12.90999984741211,12.925000190734863,12.90999984741211,12.925000190734863,48516
2026-06-29 18:37:00+00:00,12.930000305175781,12.930000305175781,12.920000076293945,12.925000190734863,31971
2026-06-29 18:38:00+00:00,12.925000190734863,12.930000305175781,12.920000076293945,12.930000305175781,21414
2026-06-29 18:39:00+00:00,12.925000190734863,12.930000305175781,12.920000076293945,12.925000190734863,36351
2026-06-29 18:40:00+00:00,12.930000305175781,12.9399995803833,12.925000190734863,12.930000305175781,74322
2026-06-29 18:41:00+00:00,12.931599617004395,12.9399995803833,12.930000305175781,12.932000160217285,12908
2026-06-29 18:42:00+00:00,12.9350004196167,12.9399995803833,12.922200202941895,12.930000305175781,97047
2026-06-29 18:43:00+00:00,12.937399864196777,12.9399995803833,12.930100440979004,12.930100440979004,15067
2026-06-29 18:44:00+00:00,12.9350004196167,12.949999809265137,12.9350004196167,12.944999694824219,67687
2026-06-29 18:45:00+00:00,12.944999694824219,12.949999809265137,12.9399995803833,12.949999809265137,128237
2026-06-29 18:46:00+00:00,12.949999809265137,12.960000038146973,12.941800117492676,12.954999923706055,123297
2026-06-29 18:47:00+00:00,12.954999923706055,12.960000038146973,12.949999809265137,12.954999923706055,54297
2026-06-29 18:48:00+00:00,12.954999923706055,12.960000038146973,12.949999809265137,12.949999809265137,77330
2026-06-29 18:49:00+00:00,12.960000038146973,12.960000038146973,12.949999809265137,12.954999923706055,83638
2026-06-29 18:50:00+00:00,12.954999923706055,12.954999923706055,12.9399995803833,12.9399995803833,53551
2026-06-29 18:51:00+00:00,12.9399995803833,12.949999809265137,12.9350004196167,12.9399995803833,102996
2026-06-29 18:52:00+00:00,12.9399995803833,12.9483003616333,12.9350004196167,12.9350004196167,53879
2026-06-29 18:53:00+00:00,12.9350004196167,12.944999694824219,12.930700302124023,12.9350004196167,39314
2026-06-29 18:54:00+00:00,12.9350004196167,12.9399995803833,12.930000305175781,12.9350004196167,72235
2026-06-29 18:55:00+00:00,12.9350004196167,12.939800262451172,12.930000305175781,12.9350004196167,29185
2026-06-29 18:56:00+00:00,12.930000305175781,12.9399995803833,12.930000305175781,12.9399995803833,22325
2026-06-29 18:57:00+00:00,12.930000305175781,12.930000305175781,12.920000076293945,12.925000190734863,71212
2026-06-29 18:58:00+00:00,12.925000190734863,12.929900169372559,12.920000076293945,12.925000190734863,23748
2026-06-29 18:59:00+00:00,12.925000190734863,12.930000305175781,12.920000076293945,12.928899765014648,29626
2026-06-29 19:00:00+00:00,12.925000190734863,12.930000305175781,12.90999984741211,12.90999984741211,110913
2026-06-29 19:01:00+00:00,12.914999961853027,12.929900169372559,12.90999984741211,12.914999961853027,209199
2026-06-29 19:02:00+00:00,12.914999961853027,12.920000076293945,12.899999618530273,12.899999618530273,80357
2026-06-29 19:03:00+00:00,12.90999984741211,12.920000076293945,12.907999992370605,12.914999961853027,26765
2026-06-29 19:04:00+00:00,12.90999984741211,12.920000076293945,12.90999984741211,12.911999702453613,26980
2026-06-29 19:05:00+00:00,12.914999961853027,12.914999961853027,12.899999618530273,12.899999618530273,62380
2026-06-29 19:06:00+00:00,12.90999984741211,12.919899940490723,12.899999618530273,12.914999961853027,54717
2026-06-29 19:07:00+00:00,12.90999984741211,12.928000450134277,12.90999984741211,12.914999961853027,118975
2026-06-29 19:08:00+00:00,12.914999961853027,12.919300079345703,12.899999618530273,12.901000022888184,49884
2026-06-29 19:09:00+00:00,12.904999732971191,12.90999984741211,12.899999618530273,12.899999618530273,29103
2026-06-29 19:10:00+00:00,12.899999618530273,12.920000076293945,12.895000457763672,12.904999732971191,160002
2026-06-29 19:11:00+00:00,12.904999732971191,12.920000076293945,12.904999732971191,12.914999961853027,47693
2026-06-29 19:12:00+00:00,12.914999961853027,12.920000076293945,12.90999984741211,12.914999961853027,18647
2026-06-29 19:13:00+00:00,12.914161682128906,12.920000076293945,12.90999984741211,12.914999961853027,38420
2026-06-29 19:14:00+00:00,12.914999961853027,12.920000076293945,12.899999618530273,12.914999961853027,106778
2026-06-29 19:15:00+00:00,12.910099983215332,12.920000076293945,12.90999984741211,12.914999961853027,46361
2026-06-29 19:16:00+00:00,12.914999961853027,12.930000305175781,12.914999961853027,12.930000305175781,35313
2026-06-29 19:17:00+00:00,12.930000305175781,12.930000305175781,12.920000076293945,12.930000305175781,22312
2026-06-29 19:18:00+00:00,12.925000190734863,12.9399995803833,12.920000076293945,12.9399995803833,107009
2026-06-29 19:19:00+00:00,12.9350004196167,12.949999809265137,12.930000305175781,12.944999694824219,103467
2026-06-29 19:20:00+00:00,12.944999694824219,12.949999809265137,12.9399995803833,12.949999809265137,39558
2026-06-29 19:21:00+00:00,12.947500228881836,12.949999809265137,12.940099716186523,12.949999809265137,37817
2026-06-29 19:22:00+00:00,12.944999694824219,12.970000267028809,12.9399995803833,12.96500015258789,120353
2026-06-29 19:23:00+00:00,12.969300270080566,12.970000267028809,12.960000038146973,12.96500015258789,54245
2026-06-29 19:24:00+00:00,12.96500015258789,12.970000267028809,12.960000038146973,12.960000038146973,36019
2026-06-29 19:25:00+00:00,12.960000038146973,12.960000038146973,12.949999809265137,12.949999809265137,63301
2026-06-29 19:26:00+00:00,12.950599670410156,12.960000038146973,12.949999809265137,12.955635070800781,19735
2026-06-29 19:27:00+00:00,12.954999923706055,12.960000038146973,12.931699752807617,12.9399995803833,115396
2026-06-29 19:28:00+00:00,12.9399995803833,12.949999809265137,12.930000305175781,12.944999694824219,58106
2026-06-29 19:29:00+00:00,12.944999694824219,12.949999809265137,12.9399995803833,12.944999694824219,40327
2026-06-29 19:30:00+00:00,12.944999694824219,12.960000038146973,12.9399995803833,12.949999809265137,98393
2026-06-29 19:31:00+00:00,12.949999809265137,12.96500015258789,12.944999694824219,12.96500015258789,70185
2026-06-29 19:32:00+00:00,12.960000038146973,12.969900131225586,12.949999809265137,12.954999923706055,36456
2026-06-29 19:33:00+00:00,12.954999923706055,12.960000038146973,12.949999809265137,12.960000038146973,33224
2026-06-29 19:34:00+00:00,12.954999923706055,12.960000038146973,12.949999809265137,12.954999923706055,63667
2026-06-29 19:35:00+00:00,12.954999923706055,12.960000038146973,12.949999809265137,12.960000038146973,32193
2026-06-29 19:36:00+00:00,12.950599670410156,12.960000038146973,12.949999809265137,12.960000038146973,100410
2026-06-29 19:37:00+00:00,12.954999923706055,12.960000038146973,12.944999694824219,12.954999923706055,104013
2026-06-29 19:38:00+00:00,12.949999809265137,12.954999923706055,12.930000305175781,12.9350004196167,279587
2026-06-29 19:39:00+00:00,12.9350004196167,12.949999809265137,12.930000305175781,12.949999809265137,166110
2026-06-29 19:40:00+00:00,12.944999694824219,12.960000038146973,12.941499710083008,12.960000038146973,111267
2026-06-29 19:41:00+00:00,12.954999923706055,12.979999542236328,12.949999809265137,12.975000381469727,369380
2026-06-29 19:42:00+00:00,12.975000381469727,12.975000381469727,12.954999923706055,12.954999923706055,166354
2026-06-29 19:43:00+00:00,12.954999923706055,12.968400001525879,12.949999809265137,12.96500015258789,162519
2026-06-29 19:44:00+00:00,12.960000038146973,12.970000267028809,12.960000038146973,12.96500015258789,45895
2026-06-29 19:45:00+00:00,12.96500015258789,12.970000267028809,12.960000038146973,12.96500015258789,115657
2026-06-29 19:46:00+00:00,12.96500015258789,12.970000267028809,12.960000038146973,12.962499618530273,164857
2026-06-29 19:47:00+00:00,12.96500015258789,12.975000381469727,12.960000038146973,12.96500015258789,180177
2026-06-29 19:48:00+00:00,12.96500015258789,12.970000267028809,12.949999809265137,12.954999923706055,206321
2026-06-29 19:49:00+00:00,12.954999923706055,12.960000038146973,12.949999809265137,12.954999923706055,88662
2026-06-29 19:50:00+00:00,12.960000038146973,12.970000267028809,12.930000305175781,12.95989990234375,611857
2026-06-29 19:51:00+00:00,12.954999923706055,12.960000038146973,12.949999809265137,12.954999923706055,101664
2026-06-29 19:52:00+00:00,12.954999923706055,12.96500015258789,12.949999809265137,12.954999923706055,246539
2026-06-29 19:53:00+00:00,12.949999809265137,12.954999923706055,12.9350004196167,12.949999809265137,325181
2026-06-29 19:54:00+00:00,12.944999694824219,12.949999809265137,12.930000305175781,12.9399995803833,203694
2026-06-29 19:55:00+00:00,12.944999694824219,12.960000038146973,12.9399995803833,12.944999694824219,423132
2026-06-29 19:56:00+00:00,12.945199966430664,12.960000038146973,12.944999694824219,12.954999923706055,290818
2026-06-29 19:57:00+00:00,12.954999923706055,12.979999542236328,12.949999809265137,12.975000381469727,869569
2026-06-29 19:58:00+00:00,12.970000267028809,13.0,12.970000267028809,13.0,611838
2026-06-29 19:59:00+00:00,12.994999885559082,13.020000457763672,12.989999771118164,13.020000457763672,1652296
2026-06-29 20:00:00+00:00,13.02,13.04,13.015,13.04,25345
2026-06-29 20:01:00+00:00,13.0397,13.1,13.03,13.09,0
2026-06-29 20:02:00+00:00,13.09,13.0994,13.04,13.05,0
2026-06-29 20:03:00+00:00,13.04,13.0593,13.0,13.03,0
2026-06-29 20:04:00+00:00,13.03,13.05,13.0,13.025,95811455
2026-06-29 20:05:00+00:00,13.0287,13.03,13.01,13.02,0
2026-06-29 20:06:00+00:00,13.0171,13.03,13.01,13.0172,0
2026-06-29 20:07:00+00:00,13.0198,13.0198,12.98,12.9942,0
2026-06-29 20:08:00+00:00,12.99,13.03,12.99,13.0142,0
2026-06-29 20:09:00+00:00,13.02,13.02,12.98,13.0,0
2026-06-29 20:10:00+00:00,13.03,13.03,12.98,12.9899,0
2026-06-29 20:11:00+00:00,12.99,13.0,12.97,12.99,0
2026-06-29 20:12:00+00:00,12.9805,13.0,12.9805,12.9929,0
2026-06-29 20:13:00+00:00,12.995,13.0,12.98,12.98,0
2026-06-29 20:14:00+00:00,12.9891,13.0,12.97,12.97,0
2026-06-29 20:15:00+00:00,12.98,13.0,12.98,13.0,0
2026-06-29 20:16:00+00:00,12.99,13.0,12.97,12.97,0
2026-06-29 20:17:00+00:00,13.0,13.0,12.97,12.9713,0
2026-06-29 20:18:00+00:00,12.985,13.0,12.9506,12.97,0
2026-06-29 20:19:00+00:00,12.97,13.0,12.9504,12.99,0
2026-06-29 20:20:00+00:00,12.9861,12.99,12.9768,12.99,0
2026-06-29 20:21:00+00:00,12.98,12.99,12.86,12.9855,0
2026-06-29 20:22:00+00:00,12.96,12.99,12.92,12.99,0
2026-06-29 20:23:00+00:00,12.96,12.99,12.96,12.98,0
2026-06-29 20:24:00+00:00,12.98,12.98,12.9608,12.97,0
2026-06-29 20:25:00+00:00,12.97,12.98,12.96,12.9774,0
2026-06-29 20:26:00+00:00,12.9739,12.98,12.96,12.98,0
2026-06-29 20:27:00+00:00,12.98,12.98,12.97,12.97,0
2026-06-29 20:28:00+00:00,12.98,12.98,12.97,12.98,0
2026-06-29 20:29:00+00:00,12.9657,12.98,12.9657,12.9728,0
2026-06-29 20:30:00+00:00,12.9728,12.98,12.97,12.98,0
2026-06-29 20:31:00+00:00,12.97,12.98,12.96,12.98,0
2026-06-29 20:32:00+00:00,12.98,12.98,12.96,12.9604,0
2026-06-29 20:33:00+00:00,12.9738,12.98,12.95,12.9532,0
2026-06-29 20:34:00+00:00,12.9505,12.9789,12.95,12.957,0
2026-06-29 20:35:00+00:00,12.9598,12.96,12.95,12.96,0
2026-06-29 20:36:00+00:00,12.96,12.96,12.95,12.96,0
2026-06-29 20:37:00+00:00,12.955,12.96,12.95,12.96,0
2026-06-29 20:38:00+00:00,12.96,12.96,12.95,12.9599,0
2026-06-29 20:39:00+00:00,12.9599,12.97,12.95,12.97,0
2026-06-29 20:40:00+00:00,12.97,12.97,12.95,12.96,0
2026-06-29 20:41:00+00:00,12.95,12.96,12.95,12.9503,0
2026-06-29 20:42:00+00:00,12.95,12.96,12.95,12.96,0
2026-06-29 20:43:00+00:00,12.957,12.96,12.95,12.95,0
2026-06-29 20:44:00+00:00,12.955,12.96,12.95,12.955,0
2026-06-29 20:45:00+00:00,12.95,12.96,12.95,12.955,0
2026-06-29 20:46:00+00:00,12.96,12.96,12.95,12.96,0
2026-06-29 20:47:00+00:00,12.96,12.96,12.9529,12.955,0
2026-06-29 20:48:00+00:00,12.96,12.96,12.9598,12.96,0
2026-06-29 20:49:00+00:00,12.9599,12.9599,12.9501,12.955,0
2026-06-29 20:50:00+00:00,12.96,12.96,12.95,12.95,0
2026-06-29 20:51:00+00:00,12.95,12.955,12.95,12.9529,0
2026-06-29 20:52:00+00:00,12.95,12.96,12.95,12.96,0
2026-06-29 20:53:00+00:00,12.95,12.96,12.95,12.96,0
2026-06-29 20:54:00+00:00,12.9529,12.96,12.95,12.9529,0
2026-06-29 20:55:00+00:00,12.9529,12.96,12.9529,12.96,0
2026-06-29 20:56:00+00:00,12.9529,12.96,12.9529,12.9597,0
2026-06-29 20:57:00+00:00,12.96,12.9638,12.95,12.96,0
2026-06-29 20:58:00+00:00,12.96,12.97,12.95,12.96,0
2026-06-29 20:59:00+00:00,12.97,12.97,12.9588,12.96,0
2026-06-29 21:00:00+00:00,12.96,12.9999,12.96,12.98,0
2026-06-29 21:01:00+00:00,12.98,12.99,12.9745,12.99,0
2026-06-29 21:02:00+00:00,12.99,13.0,12.98,12.98,0
2026-06-29 21:03:00+00:00,12.98,12.9986,12.98,12.98,0
2026-06-29 21:04:00+00:00,12.98,13.0,12.98,13.0,0
2026-06-29 21:05:00+00:00,13.0,13.0,12.997,12.9986,0
2026-06-29 21:06:00+00:00,12.9961,12.9961,12.9959,12.9959,0
2026-06-29 21:07:00+00:00,12.98,13.0,12.96,13.0,0
2026-06-29 21:08:00+00:00,13.0,13.0,12.98,12.985,0
2026-06-29 21:09:00+00:00,12.99,13.0,12.98,13.0,0
2026-06-29 21:10:00+00:00,12.98,13.0,12.98,12.98,0
2026-06-29 21:11:00+00:00,12.99,12.99,12.99,12.99,0
2026-06-29 21:12:00+00:00,12.99,13.0,12.99,13.0,0
2026-06-29 21:13:00+00:00,12.99,13.0,12.96,12.99,0
2026-06-29 21:14:00+00:00,12.99,13.0,12.99,13.0,0
2026-06-29 21:15:00+00:00,12.99,12.99,12.97,12.99,0
2026-06-29 21:16:00+00:00,12.99,12.99,12.98,12.98,0
2026-06-29 21:17:00+00:00,12.99,12.99,12.96,12.96,0
2026-06-29 21:18:00+00:00,12.99,12.99,12.96,12.99,0
2026-06-29 21:19:00+00:00,12.99,12.99,12.975,12.99,0
2026-06-29 21:20:00+00:00,12.9899,12.99,12.9899,12.99,0
2026-06-29 21:21:00+00:00,12.98,12.99,12.98,12.99,0
2026-06-29 21:22:00+00:00,12.98,12.985,12.98,12.98,0
2026-06-29 21:23:00+00:00,12.99,12.99,12.98,12.99,0
2026-06-29 21:24:00+00:00,12.99,12.99,12.98,12.99,0
2026-06-29 21:25:00+00:00,12.9813,12.9813,12.98,12.98,0
2026-06-29 21:26:00+00:00,12.99,12.99,12.98,12.99,0
2026-06-29 21:27:00+00:00,12.99,12.99,12.96,12.99,0
2026-06-29 21:28:00+00:00,12.97,12.99,12.97,12.98,0
2026-06-29 21:29:00+00:00,12.98,12.9871,12.97,12.98,0
2026-06-29 21:30:00+00:00,12.99,12.99,12.98,12.99,0
2026-06-29 21:31:00+00:00,12.99,12.99,12.98,12.98,0
2026-06-29 21:32:00+00:00,12.99,12.99,12.97,12.99,0
2026-06-29 21:33:00+00:00,12.96,12.99,12.96,12.97,0
2026-06-29 21:34:00+00:00,12.98,13.03,12.98,12.98,0
2026-06-29 21:35:00+00:00,12.99,12.99,12.97,12.99,0
2026-06-29 21:36:00+00:00,12.99,12.99,12.96,12.99,0
2026-06-29 21:37:00+00:00,12.98,12.98,12.97,12.97,0
2026-06-29 21:38:00+00:00,12.97,12.99,12.97,12.99,0
2026-06-29 21:39:00+00:00,12.97,12.99,12.96,12.96,0
2026-06-29 21:40:00+00:00,12.99,12.99,12.97,12.983,0
2026-06-29 21:41:00+00:00,12.98,12.99,12.96,12.98,0
2026-06-29 21:42:00+00:00,12.98,12.99,12.97,12.99,0
2026-06-29 21:43:00+00:00,12.99,12.99,12.98,12.98,0
2026-06-29 21:44:00+00:00,12.99,13.0,12.9801,13.0,0
2026-06-29 21:45:00+00:00,12.99,12.99,12.98,12.9826,0
2026-06-29 21:46:00+00:00,12.985,12.99,12.985,12.985,0
2026-06-29 21:47:00+00:00,12.99,12.99,12.98,12.99,0
2026-06-29 21:48:00+00:00,12.985,12.99,12.9601,12.9601,0
2026-06-29 21:49:00+00:00,12.99,12.99,12.97,12.97,0
2026-06-29 21:50:00+00:00,12.97,12.99,12.96,12.99,0
2026-06-29 21:51:00+00:00,12.99,12.99,12.9899,12.9899,0
2026-06-29 21:52:00+00:00,12.98,12.99,12.96,12.9892,0
2026-06-29 21:53:00+00:00,12.9899,12.99,12.97,12.97,0
2026-06-29 21:54:00+00:00,12.99,12.99,12.96,12.99,0
2026-06-29 21:55:00+00:00,12.97,13.0,12.97,13.0,0
2026-06-29 21:56:00+00:00,13.0,13.0,12.99,12.99,0
2026-06-29 21:57:00+00:00,13.0,13.0,12.96,12.98,0
2026-06-29 21:58:00+00:00,12.9992,13.0,12.99,13.0,0
2026-06-29 21:59:00+00:00,12.99,12.99,12.97,12.97,0
2026-06-29 22:00:00+00:00,13.0,13.0,12.99,13.0,0
2026-06-29 22:01:00+00:00,13.0,13.0,12.9805,12.99,0
2026-06-29 22:02:00+00:00,12.99,12.9997,12.99,12.9997,0
2026-06-29 22:03:00+00:00,13.0,13.0,12.99,13.0,0
2026-06-29 22:04:00+00:00,12.99,13.0,12.99,12.993,0
2026-06-29 22:05:00+00:00,12.9998,13.0,12.99,13.0,0
2026-06-29 22:06:00+00:00,12.995,13.0,12.99,12.99,0
2026-06-29 22:07:00+00:00,12.99,12.99,12.9726,12.9726,0
2026-06-29 22:08:00+00:00,12.9723,12.99,12.97,12.99,0
2026-06-29 22:09:00+00:00,12.9897,13.0,12.9897,13.0,0
2026-06-29 22:10:00+00:00,13.0,13.0,12.99,12.9929,0
2026-06-29 22:11:00+00:00,12.99,13.0,12.99,12.99,0
2026-06-29 22:12:00+00:00,13.0,13.0,12.9998,13.0,0
2026-06-29 22:13:00+00:00,13.0,13.0,12.99,13.0,0
2026-06-29 22:14:00+00:00,12.9902,13.02,12.9902,13.02,0
2026-06-29 22:15:00+00:00,13.005,13.02,12.9925,13.0,0
2026-06-29 22:16:00+00:00,13.01,13.02,13.0,13.01,0
2026-06-29 22:17:00+00:00,13.0,13.02,13.0,13.02,0
2026-06-29 22:18:00+00:00,13.0146,13.02,13.01,13.0199,0
2026-06-29 22:19:00+00:00,13.02,13.02,13.0,13.02,0
2026-06-29 22:20:00+00:00,13.0192,13.02,13.01,13.02,0
2026-06-29 22:21:00+00:00,13.0194,13.02,13.0141,13.02,0
2026-06-29 22:22:00+00:00,13.01,13.02,13.01,13.02,0
2026-06-29 22:23:00+00:00,13.0003,13.01,13.0,13.01,0
2026-06-29 22:24:00+00:00,13.0,13.02,13.0,13.01,0
2026-06-29 22:25:00+00:00,13.02,13.02,13.01,13.02,0
2026-06-29 22:26:00+00:00,13.02,13.02,13.01,13.02,0
2026-06-29 22:27:00+00:00,13.02,13.02,13.0,13.0,0
2026-06-29 22:28:00+00:00,13.0174,13.0174,13.01,13.0172,0
2026-06-29 22:29:00+00:00,13.01,13.02,13.005,13.005,0
2026-06-29 22:30:00+00:00,13.01,13.01,13.0,13.0,0
2026-06-29 22:31:00+00:00,13.01,13.01,13.0,13.0,0
2026-06-29 22:32:00+00:00,13.0029,13.02,13.0,13.0,0
2026-06-29 22:33:00+00:00,13.01,13.02,13.0,13.01,0
2026-06-29 22:34:00+00:00,13.01,13.02,13.01,13.0198,0
2026-06-29 22:35:00+00:00,13.02,13.02,13.0101,13.02,0
2026-06-29 22:36:00+00:00,13.0197,13.02,13.01,13.01,0
2026-06-29 22:37:00+00:00,13.02,13.02,13.01,13.01,0
2026-06-29 22:38:00+00:00,13.01,13.02,13.01,13.02,0
2026-06-29 22:39:00+00:00,13.02,13.02,13.0,13.01,0
2026-06-29 22:40:00+00:00,13.0069,13.01,13.0,13.01,0
2026-06-29 22:41:00+00:00,13.0,13.01,13.0,13.0,0
2026-06-29 22:42:00+00:00,13.02,13.02,13.01,13.01,0
2026-06-29 22:43:00+00:00,13.01,13.02,13.0,13.0,0
2026-06-29 22:44:00+00:00,13.0174,13.0174,13.0009,13.01,0
2026-06-29 22:45:00+00:00,13.02,13.02,13.0,13.02,0
2026-06-29 22:46:00+00:00,13.0,13.01,13.0,13.0029,0
2026-06-29 22:47:00+00:00,13.0028,13.005,13.0028,13.005,0
2026-06-29 22:48:00+00:00,13.005,13.01,13.0,13.01,0
2026-06-29 22:49:00+00:00,13.0,13.01,13.0,13.0,0
2026-06-29 22:50:00+00:00,13.0098,13.01,13.0,13.0,0
2026-06-29 22:51:00+00:00,13.0,13.02,13.0,13.02,0
2026-06-29 22:52:00+00:00,13.0,13.02,13.0,13.01,0
2026-06-29 22:53:00+00:00,13.01,13.01,13.0004,13.01,0
2026-06-29 22:54:00+00:00,13.01,13.0195,12.99,13.0,0
2026-06-29 22:55:00+00:00,13.0,13.02,13.0,13.02,0
2026-06-29 22:56:00+00:00,13.0,13.03,13.0,13.0298,0
2026-06-29 22:57:00+00:00,13.0271,13.03,13.02,13.02,0
2026-06-29 22:58:00+00:00,13.01,13.0299,13.0061,13.0299,0
2026-06-29 22:59:00+00:00,13.015,13.015,13.0,13.001,0
2026-06-29 23:00:00+00:00,13.0271,13.0271,13.0008,13.0197,0
2026-06-29 23:01:00+00:00,13.02,13.02,13.0,13.02,0
2026-06-29 23:02:00+00:00,13.0193,13.02,13.0,13.0002,0
2026-06-29 23:03:00+00:00,13.02,13.02,13.0007,13.005,0
2026-06-29 23:04:00+00:00,13.01,13.01,13.0,13.0099,0
2026-06-29 23:05:00+00:00,13.01,13.01,13.0,13.0,0
2026-06-29 23:06:00+00:00,13.0,13.01,13.0,13.0071,0
2026-06-29 23:07:00+00:00,13.005,13.01,13.0,13.0,0
2026-06-29 23:08:00+00:00,13.0002,13.01,13.0002,13.01,0
2026-06-29 23:09:00+00:00,13.0,13.0097,13.0,13.0097,0
2026-06-29 23:10:00+00:00,13.01,13.01,13.0,13.0,0
2026-06-29 23:11:00+00:00,13.01,13.01,13.0,13.0,0
2026-06-29 23:12:00+00:00,13.0,13.0,12.99,13.0,0
2026-06-29 23:13:00+00:00,13.0,13.0,12.99,12.99,0
2026-06-29 23:14:00+00:00,12.99,13.0,12.99,12.9997,0
2026-06-29 23:15:00+00:00,12.9997,13.0,12.9903,12.993,0
2026-06-29 23:16:00+00:00,12.99,12.9987,12.99,12.995,0
2026-06-29 23:17:00+00:00,13.0,13.0,12.99,12.9997,0
2026-06-29 23:18:00+00:00,13.0,13.0,12.9902,12.9902,0
2026-06-29 23:19:00+00:00,12.9903,13.0,12.9903,12.995,0
2026-06-29 23:20:00+00:00,12.9927,13.0,12.9913,12.9928,0
2026-06-29 23:21:00+00:00,12.99,13.0,12.99,12.9902,0
2026-06-29 23:22:00+00:00,12.99,12.993,12.99,12.99,0
2026-06-29 23:23:00+00:00,12.995,13.0,12.99,12.9926,0
2026-06-29 23:24:00+00:00,12.9913,13.0,12.99,13.0,0
2026-06-29 23:25:00+00:00,13.0,13.0,12.99,13.0,0
2026-06-29 23:26:00+00:00,13.0,13.0,12.99,13.0,0
2026-06-29 23:27:00+00:00,12.99,13.0,12.99,12.995,0
2026-06-29 23:28:00+00:00,12.9903,13.0,12.9903,12.995,0
2026-06-29 23:29:00+00:00,12.9987,13.0,12.98,12.99,0
2026-06-29 23:30:00+00:00,12.9946,13.0,12.9809,12.99,0
2026-06-29 23:31:00+00:00,12.985,12.99,12.98,12.99,0
2026-06-29 23:32:00+00:00,12.99,13.0,12.98,12.99,0
2026-06-29 23:33:00+00:00,12.99,12.99,12.98,12.99,0
2026-06-29 23:34:00+00:00,12.98,12.99,12.98,12.99,0
2026-06-29 23:35:00+00:00,12.9898,12.99,12.9897,12.99,0
2026-06-29 23:36:00+00:00,12.99,13.0,12.99,12.9901,0
2026-06-29 23:37:00+00:00,13.0,13.0,12.99,12.99,0
2026-06-29 23:38:00+00:00,12.99,12.99,12.9857,12.9857,0
2026-06-29 23:39:00+00:00,12.994,13.0,12.98,12.98,0
2026-06-29 23:40:00+00:00,12.9828,13.0,12.98,13.0,0
2026-06-29 23:41:00+00:00,13.01,13.01,13.0098,13.01,0
2026-06-29 23:42:00+00:00,12.98,12.9998,12.98,12.9998,0
2026-06-29 23:43:00+00:00,12.9859,13.0,12.98,13.0,0
2026-06-29 23:44:00+00:00,12.9945,13.0,12.9859,12.9859,0
2026-06-29 23:45:00+00:00,12.9992,13.0,12.98,12.9901,0
2026-06-29 23:46:00+00:00,12.995,12.9999,12.98,12.9999,0
2026-06-29 23:47:00+00:00,12.9999,13.0,12.99,12.9942,0
2026-06-29 23:48:00+00:00,13.0,13.0,12.98,13.0,0
2026-06-29 23:49:00+00:00,13.0,13.0,12.99,12.9997,0
2026-06-29 23:50:00+00:00,13.0,13.0,12.99,13.0,0
2026-06-29 23:51:00+00:00,12.995,12.9972,12.995,12.9972,0
2026-06-29 23:52:00+00:00,13.0,13.0,12.99,12.99,0
2026-06-29 23:53:00+00:00,13.0,13.0,12.99,13.0,0
2026-06-29 23:54:00+00:00,13.0,13.0,12.99,12.9999,0
2026-06-29 23:55:00+00:00,13.0,13.01,12.9909,12.9909,0
2026-06-29 23:56:00+00:00,13.0,13.01,13.0,13.0,0
2026-06-29 23:57:00+00:00,13.0087,13.01,13.0,13.01,0
2026-06-29 23:58:00+00:00,13.0,13.0,12.99,12.992,0
2026-06-29 23:59:00+00:00,13.0,13.0,12.99,12.9902,0
2026-06-30 08:00:00+00:00,13.31,13.3692,12.83,13.3195,0
2026-06-30 08:01:00+00:00,13.33,13.36,12.83,13.31,0
2026-06-30 08:02:00+00:00,13.31,13.32,12.88,12.91,0
2026-06-30 08:03:00+00:00,12.89,13.37,12.83,13.35,0
2026-06-30 08:04:00+00:00,13.35,13.37,12.88,13.29,0
2026-06-30 08:05:00+00:00,13.3,13.31,13.29,13.3,0
2026-06-30 08:06:00+00:00,13.3005,13.3087,13.3,13.3,0
2026-06-30 08:07:00+00:00,13.29,13.34,12.84,13.28,0
2026-06-30 08:08:00+00:00,13.28,13.34,12.92,13.2888,0
2026-06-30 08:09:00+00:00,13.28,13.28,13.2505,13.2505,0
2026-06-30 08:10:00+00:00,13.26,13.27,13.25,13.2509,0
2026-06-30 08:11:00+00:00,13.26,13.26,13.25,13.25,0
2026-06-30 08:12:00+00:00,13.26,13.3,13.255,13.2895,0
2026-06-30 08:13:00+00:00,13.29,13.29,13.27,13.28,0
2026-06-30 08:14:00+00:00,13.28,13.28,13.27,13.28,0
2026-06-30 08:15:00+00:00,13.27,13.27,13.26,13.26,0
2026-06-30 08:16:00+00:00,13.27,13.27,13.26,13.27,0
2026-06-30 08:17:00+00:00,13.265,13.27,13.2599,13.2599,0
2026-06-30 08:18:00+00:00,13.26,13.27,13.25,13.26,0
2026-06-30 08:19:00+00:00,13.265,13.265,13.2599,13.2599,0
2026-06-30 08:20:00+00:00,13.2505,13.28,13.25,13.28,0
2026-06-30 08:21:00+00:00,13.28,13.28,13.28,13.28,0
2026-06-30 08:22:00+00:00,13.28,13.2893,13.27,13.28,0
2026-06-30 08:23:00+00:00,13.285,13.285,13.28,13.28,0
2026-06-30 08:24:00+00:00,13.28,13.29,13.28,13.29,0
2026-06-30 08:25:00+00:00,13.3,13.3,13.29,13.3,0
2026-06-30 08:26:00+00:00,13.29,13.3,13.28,13.28,0
2026-06-30 08:27:00+00:00,13.29,13.3,13.28,13.28,0
2026-06-30 08:28:00+00:00,13.2805,13.29,13.2805,13.29,0
2026-06-30 08:29:00+00:00,13.29,13.3,13.29,13.29,0
2026-06-30 08:30:00+00:00,13.2905,13.3,13.2905,13.3,0
2026-06-30 08:31:00+00:00,13.29,13.3,13.2802,13.3,0
2026-06-30 08:32:00+00:00,13.2903,13.3,13.29,13.29,0
2026-06-30 08:33:00+00:00,13.2898,13.29,13.2805,13.2805,0
2026-06-30 08:34:00+00:00,13.28,13.28,13.27,13.27,0
2026-06-30 08:35:00+00:00,13.2704,13.28,13.27,13.27,0
2026-06-30 08:36:00+00:00,13.27,13.28,13.2694,13.2694,0
2026-06-30 08:37:00+00:00,13.26,13.27,13.26,13.26,0
2026-06-30 08:38:00+00:00,13.26,13.26,13.2495,13.25,0
2026-06-30 08:39:00+00:00,13.25,13.26,13.25,13.2589,0
2026-06-30 08:40:00+00:00,13.2504,13.26,13.23,13.25,0
2026-06-30 08:41:00+00:00,13.2412,13.26,13.2412,13.26,0
2026-06-30 08:42:00+00:00,13.2586,13.26,13.25,13.2596,0
2026-06-30 08:43:00+00:00,13.25,13.26,13.25,13.2588,0
2026-06-30 08:44:00+00:00,13.2512,13.27,13.25,13.25,0
2026-06-30 08:45:00+00:00,13.2586,13.26,13.25,13.255,0
2026-06-30 08:46:00+00:00,13.2595,13.26,13.25,13.2595,0
2026-06-30 08:47:00+00:00,13.26,13.26,13.25,13.2597,0
2026-06-30 08:48:00+00:00,13.255,13.255,13.255,13.255,0
2026-06-30 08:49:00+00:00,13.26,13.26,13.25,13.26,0
2026-06-30 08:50:00+00:00,13.26,13.28,13.26,13.28,0
2026-06-30 08:51:00+00:00,13.28,13.28,13.26,13.27,0
2026-06-30 08:52:00+00:00,13.2695,13.29,13.2695,13.29,0
2026-06-30 08:53:00+00:00,13.29,13.29,13.2795,13.28,0
2026-06-30 08:54:00+00:00,13.28,13.29,13.28,13.29,0
2026-06-30 08:55:00+00:00,13.28,13.3,13.28,13.2905,0
2026-06-30 08:56:00+00:00,13.2997,13.3,13.2995,13.3,0
2026-06-30 08:57:00+00:00,13.2987,13.2995,13.29,13.2995,0
2026-06-30 08:58:00+00:00,13.3,13.3,13.2905,13.2905,0
2026-06-30 08:59:00+00:00,13.3,13.32,13.3,13.3104,0
2026-06-30 09:00:00+00:00,13.32,13.33,13.32,13.33,0
2026-06-30 09:01:00+00:00,13.32,13.335,13.32,13.33,0
2026-06-30 09:02:00+00:00,13.34,13.35,13.33,13.34,0
2026-06-30 09:03:00+00:00,13.34,13.38,13.34,13.37,0
2026-06-30 09:04:00+00:00,13.37,13.4,13.37,13.39,0
2026-06-30 09:05:00+00:00,13.39,13.39,13.38,13.39,0
2026-06-30 09:06:00+00:00,13.39,13.4,13.39,13.39,0
2026-06-30 09:07:00+00:00,13.39,13.4,13.389,13.39,0
2026-06-30 09:08:00+00:00,13.39,13.395,13.38,13.3897,0
2026-06-30 09:09:00+00:00,13.38,13.39,13.37,13.3703,0
2026-06-30 09:10:00+00:00,13.37,13.38,13.37,13.38,0
2026-06-30 09:11:00+00:00,13.37,13.3895,13.37,13.37,0
2026-06-30 09:12:00+00:00,13.3695,13.3695,13.345,13.36,0
2026-06-30 09:13:00+00:00,13.36,13.36,13.35,13.35,0
2026-06-30 09:14:00+00:00,13.35,13.35,13.33,13.34,0
2026-06-30 09:15:00+00:00,13.3397,13.3397,13.3389,13.3389,0
2026-06-30 09:16:00+00:00,13.33,13.33,13.32,13.32,0
2026-06-30 09:17:00+00:00,13.315,13.33,13.315,13.33,0
2026-06-30 09:18:00+00:00,13.33,13.34,13.33,13.34,0
2026-06-30 09:19:00+00:00,13.33,13.3393,13.33,13.33,0
2026-06-30 09:20:00+00:00,13.3305,13.3394,13.32,13.32,0
2026-06-30 09:21:00+00:00,13.32,13.33,13.32,13.3287,0
2026-06-30 09:22:00+00:00,13.32,13.32,13.3191,13.32,0
2026-06-30 09:23:00+00:00,13.33,13.33,13.32,13.32,0
2026-06-30 09:24:00+00:00,13.32,13.3286,13.32,13.32,0
2026-06-30 09:25:00+00:00,13.32,13.32,13.32,13.32,0
2026-06-30 09:26:00+00:00,13.33,13.34,13.33,13.34,0
2026-06-30 09:27:00+00:00,13.3395,13.34,13.33,13.3398,0
2026-06-30 09:28:00+00:00,13.33,13.33,13.32,13.3295,0
2026-06-30 09:29:00+00:00,13.3297,13.33,13.3201,13.3295,0
2026-06-30 09:30:00+00:00,13.33,13.33,13.32,13.32,0
2026-06-30 09:31:00+00:00,13.32,13.33,13.3196,13.32,0
2026-06-30 09:32:00+00:00,13.32,13.33,13.32,13.33,0
2026-06-30 09:33:00+00:00,13.33,13.33,13.32,13.32,0
2026-06-30 09:34:00+00:00,13.32,13.32,13.31,13.31,0
2026-06-30 09:35:00+00:00,13.32,13.3201,13.31,13.32,0
2026-06-30 09:36:00+00:00,13.32,13.34,13.32,13.34,0
2026-06-30 09:37:00+00:00,13.3413,13.35,13.34,13.3498,0
2026-06-30 09:38:00+00:00,13.34,13.35,13.34,13.35,0
2026-06-30 09:39:00+00:00,13.34,13.35,13.34,13.35,0
2026-06-30 09:40:00+00:00,13.35,13.36,13.33,13.34,0
2026-06-30 09:41:00+00:00,13.34,13.34,13.34,13.34,0
2026-06-30 09:42:00+00:00,13.35,13.35,13.33,13.34,0
2026-06-30 09:43:00+00:00,13.3387,13.3387,13.3286,13.3286,0
2026-06-30 09:44:00+00:00,13.33,13.33,13.32,13.33,0
2026-06-30 09:45:00+00:00,13.32,13.32,13.31,13.31,0
2026-06-30 09:46:00+00:00,13.31,13.3102,13.31,13.31,0
2026-06-30 09:47:00+00:00,13.3105,13.32,13.31,13.32,0
2026-06-30 09:48:00+00:00,13.3196,13.3196,13.3107,13.3107,0
2026-06-30 09:49:00+00:00,13.315,13.32,13.31,13.32,0
2026-06-30 09:50:00+00:00,13.32,13.32,13.3111,13.3113,0
2026-06-30 09:51:00+00:00,13.3113,13.34,13.3113,13.34,0
2026-06-30 09:52:00+00:00,13.3313,13.34,13.33,13.33,0
2026-06-30 09:53:00+00:00,13.3313,13.3387,13.33,13.3303,0
2026-06-30 09:54:00+00:00,13.3397,13.34,13.3397,13.34,0
2026-06-30 09:55:00+00:00,13.33,13.34,13.33,13.335,0
2026-06-30 09:56:00+00:00,13.3389,13.34,13.33,13.34,0
2026-06-30 09:57:00+00:00,13.345,13.35,13.34,13.35,0
2026-06-30 09:58:00+00:00,13.35,13.3504,13.35,13.3504,0
2026-06-30 09:59:00+00:00,13.3506,13.3506,13.35,13.35,0
2026-06-30 10:00:00+00:00,13.35,13.35,13.34,13.34,0
2026-06-30 10:01:00+00:00,13.3494,13.3505,13.3494,13.3505,0
2026-06-30 10:02:00+00:00,13.3506,13.3506,13.3505,13.3505,0
2026-06-30 10:03:00+00:00,13.35,13.35,13.32,13.3205,0
2026-06-30 10:04:00+00:00,13.325,13.33,13.32,13.33,0
2026-06-30 10:05:00+00:00,13.32,13.33,13.32,13.3295,0
2026-06-30 10:06:00+00:00,13.33,13.34,13.33,13.3362,0
2026-06-30 10:07:00+00:00,13.33,13.33,13.33,13.33,0
2026-06-30 10:08:00+00:00,13.33,13.33,13.32,13.33,0
2026-06-30 10:09:00+00:00,13.32,13.33,13.32,13.3295,0
2026-06-30 10:10:00+00:00,13.32,13.33,13.3189,13.32,0
2026-06-30 10:11:00+00:00,13.3189,13.32,13.31,13.32,0
2026-06-30 10:12:00+00:00,13.31,13.32,13.31,13.32,0
2026-06-30 10:13:00+00:00,13.32,13.32,13.31,13.31,0
2026-06-30 10:14:00+00:00,13.31,13.3106,13.31,13.3105,0
2026-06-30 10:15:00+00:00,13.31,13.34,13.31,13.34,0
2026-06-30 10:16:00+00:00,13.3395,13.34,13.3301,13.3301,0
2026-06-30 10:17:00+00:00,13.33,13.34,13.33,13.3309,0
2026-06-30 10:18:00+00:00,13.3395,13.3395,13.3395,13.3395,0
2026-06-30 10:19:00+00:00,13.33,13.34,13.33,13.3388,0
2026-06-30 10:20:00+00:00,13.33,13.33,13.32,13.32,0
2026-06-30 10:21:00+00:00,13.3205,13.3205,13.32,13.32,0
2026-06-30 10:22:00+00:00,13.32,13.3205,13.32,13.3205,0
2026-06-30 10:23:00+00:00,13.32,13.32,13.31,13.315,0
2026-06-30 10:24:00+00:00,13.31,13.32,13.31,13.31,0
2026-06-30 10:25:00+00:00,13.3102,13.33,13.3102,13.32,0
2026-06-30 10:26:00+00:00,13.33,13.33,13.3295,13.3295,0
2026-06-30 10:27:00+00:00,13.32,13.33,13.32,13.33,0
2026-06-30 10:28:00+00:00,13.32,13.3204,13.32,13.32,0
2026-06-30 10:29:00+00:00,13.32,13.349,13.32,13.349,0
2026-06-30 10:30:00+00:00,13.34,13.34,13.32,13.32,0
2026-06-30 10:31:00+00:00,13.33,13.33,13.32,13.33,0
2026-06-30 10:32:00+00:00,13.32,13.33,13.32,13.3205,0
2026-06-30 10:33:00+00:00,13.33,13.33,13.3201,13.33,0
2026-06-30 10:34:00+00:00,13.33,13.33,13.33,13.33,0
2026-06-30 10:35:00+00:00,13.33,13.34,13.33,13.34,0
2026-06-30 10:36:00+00:00,13.33,13.33,13.32,13.33,0
2026-06-30 10:37:00+00:00,13.33,13.33,13.32,13.33,0
2026-06-30 10:38:00+00:00,13.3213,13.33,13.32,13.3286,0
2026-06-30 10:39:00+00:00,13.33,13.34,13.33,13.339,0
2026-06-30 10:40:00+00:00,13.33,13.34,13.33,13.33,0
2026-06-30 10:41:00+00:00,13.34,13.34,13.33,13.3303,0
2026-06-30 10:42:00+00:00,13.34,13.35,13.34,13.34,0
2026-06-30 10:43:00+00:00,13.3495,13.3495,13.34,13.34,0
2026-06-30 10:44:00+00:00,13.34,13.35,13.33,13.33,0
2026-06-30 10:45:00+00:00,13.33,13.35,13.33,13.34,0
2026-06-30 10:46:00+00:00,13.34,13.34,13.34,13.34,0
2026-06-30 10:47:00+00:00,13.34,13.34,13.33,13.34,0
2026-06-30 10:48:00+00:00,13.335,13.35,13.335,13.35,0
2026-06-30 10:49:00+00:00,13.34,13.34,13.3396,13.3396,0
2026-06-30 10:50:00+00:00,13.3386,13.34,13.33,13.33,0
2026-06-30 10:51:00+00:00,13.3287,13.33,13.3205,13.3292,0
2026-06-30 10:52:00+00:00,13.32,13.33,13.32,13.33,0
2026-06-30 10:53:00+00:00,13.33,13.34,13.33,13.34,0
2026-06-30 10:54:00+00:00,13.34,13.34,13.329,13.329,0
2026-06-30 10:55:00+00:00,13.32,13.33,13.32,13.33,0
2026-06-30 10:56:00+00:00,13.34,13.34,13.3388,13.3388,0
2026-06-30 10:57:00+00:00,13.33,13.34,13.33,13.34,0
2026-06-30 10:58:00+00:00,13.3395,13.3399,13.3305,13.3399,0
2026-06-30 10:59:00+00:00,13.33,13.34,13.33,13.34,0
2026-06-30 11:00:00+00:00,13.33,13.38,13.32,13.38,0
2026-06-30 11:01:00+00:00,13.38,13.4,13.37,13.3802,0
2026-06-30 11:02:00+00:00,13.3882,13.39,13.3703,13.3796,0
2026-06-30 11:03:00+00:00,13.37,13.37,13.34,13.36,0
2026-06-30 11:04:00+00:00,13.355,13.36,13.34,13.3597,0
2026-06-30 11:05:00+00:00,13.3502,13.36,13.35,13.36,0
2026-06-30 11:06:00+00:00,13.3502,13.38,13.3501,13.3687,0
2026-06-30 11:07:00+00:00,13.365,13.365,13.34,13.34,0
2026-06-30 11:08:00+00:00,13.3405,13.35,13.33,13.3301,0
2026-06-30 11:09:00+00:00,13.33,13.34,13.33,13.34,0
2026-06-30 11:10:00+00:00,13.3303,13.34,13.33,13.33,0
2026-06-30 11:11:00+00:00,13.33,13.3301,13.33,13.33,0
2026-06-30 11:12:00+00:00,13.33,13.33,13.32,13.32,0
2026-06-30 11:13:00+00:00,13.32,13.3399,13.32,13.3399,0
2026-06-30 11:14:00+00:00,13.3398,13.34,13.33,13.34,0
2026-06-30 11:15:00+00:00,13.34,13.34,13.34,13.34,0
2026-06-30 11:16:00+00:00,13.35,13.36,13.33,13.33,0
2026-06-30 11:17:00+00:00,13.3398,13.34,13.33,13.34,0
2026-06-30 11:18:00+00:00,13.34,13.34,13.3302,13.34,0
2026-06-30 11:19:00+00:00,13.33,13.34,13.33,13.335,0
2026-06-30 11:20:00+00:00,13.3304,13.35,13.33,13.3319,0
2026-06-30 11:21:00+00:00,13.3395,13.34,13.3387,13.3397,0
2026-06-30 11:22:00+00:00,13.33,13.34,13.33,13.3399,0
2026-06-30 11:23:00+00:00,13.34,13.34,13.33,13.33,0
2026-06-30 11:24:00+00:00,13.34,13.34,13.325,13.34,0
2026-06-30 11:25:00+00:00,13.3396,13.3396,13.32,13.3201,0
2026-06-30 11:26:00+00:00,13.3201,13.33,13.3201,13.3214,0
2026-06-30 11:27:00+00:00,13.33,13.33,13.32,13.3299,0
2026-06-30 11:28:00+00:00,13.3299,13.34,13.3299,13.3395,0
2026-06-30 11:29:00+00:00,13.3397,13.3398,13.32,13.32,0
2026-06-30 11:30:00+00:00,13.33,13.33,13.3201,13.33,0
2026-06-30 11:31:00+00:00,13.3208,13.33,13.3202,13.3295,0
2026-06-30 11:32:00+00:00,13.3289,13.33,13.32,13.3287,0
2026-06-30 11:33:00+00:00,13.32,13.32,13.31,13.3187,0
2026-06-30 11:34:00+00:00,13.3197,13.34,13.3197,13.32,0
2026-06-30 11:35:00+00:00,13.3299,13.3299,13.3102,13.3197,0
2026-06-30 11:36:00+00:00,13.3103,13.3103,13.3003,13.31,0
2026-06-30 11:37:00+00:00,13.3014,13.31,13.3003,13.3003,0
2026-06-30 11:38:00+00:00,13.31,13.31,13.3016,13.31,0
2026-06-30 11:39:00+00:00,13.3091,13.31,13.3,13.305,0
2026-06-30 11:40:00+00:00,13.3098,13.31,13.3,13.3088,0
2026-06-30 11:41:00+00:00,13.3098,13.31,13.3,13.3,0
2026-06-30 11:42:00+00:00,13.3001,13.32,13.3,13.3197,0
2026-06-30 11:43:00+00:00,13.31,13.32,13.31,13.3115,0
2026-06-30 11:44:00+00:00,13.3199,13.32,13.31,13.31,0
2026-06-30 11:45:00+00:00,13.31,13.31,13.3,13.31,0
2026-06-30 11:46:00+00:00,13.3099,13.32,13.3099,13.315,0
2026-06-30 11:47:00+00:00,13.31,13.32,13.31,13.3187,0
2026-06-30 11:48:00+00:00,13.315,13.32,13.31,13.31,0
2026-06-30 11:49:00+00:00,13.31,13.32,13.31,13.3101,0
2026-06-30 11:50:00+00:00,13.3199,13.34,13.31,13.3302,0
2026-06-30 11:51:00+00:00,13.34,13.34,13.3202,13.328,0
2026-06-30 11:52:00+00:00,13.3299,13.33,13.32,13.3295,0
2026-06-30 11:53:00+00:00,13.33,13.33,13.32,13.3204,0
2026-06-30 11:54:00+00:00,13.3297,13.33,13.32,13.3201,0
2026-06-30 11:55:00+00:00,13.3297,13.3399,13.32,13.3299,0
2026-06-30 11:56:00+00:00,13.33,13.33,13.32,13.3212,0
2026-06-30 11:57:00+00:00,13.3286,13.33,13.31,13.31,0
2026-06-30 11:58:00+00:00,13.32,13.34,13.3199,13.325,0
2026-06-30 11:59:00+00:00,13.32,13.325,13.32,13.32,0
2026-06-30 12:00:00+00:00,13.3106,13.32,13.31,13.32,0
2026-06-30 12:01:00+00:00,13.31,13.32,13.29,13.31,0
2026-06-30 12:02:00+00:00,13.3006,13.31,13.3,13.3097,0
2026-06-30 12:03:00+00:00,13.3,13.31,13.285,13.29,0
2026-06-30 12:04:00+00:00,13.29,13.3,13.29,13.2901,0
2026-06-30 12:05:00+00:00,13.29,13.3,13.28,13.29,0
2026-06-30 12:06:00+00:00,13.2896,13.2898,13.275,13.275,0
2026-06-30 12:07:00+00:00,13.28,13.29,13.28,13.2897,0
2026-06-30 12:08:00+00:00,13.2804,13.3,13.26,13.29,0
2026-06-30 12:09:00+00:00,13.2818,13.29,13.28,13.2803,0
2026-06-30 12:10:00+00:00,13.2895,13.29,13.28,13.28,0
2026-06-30 12:11:00+00:00,13.285,13.29,13.28,13.285,0
2026-06-30 12:12:00+00:00,13.28,13.29,13.28,13.2813,0
2026-06-30 12:13:00+00:00,13.28,13.28,13.27,13.28,0
2026-06-30 12:14:00+00:00,13.27,13.29,13.27,13.29,0
2026-06-30 12:15:00+00:00,13.29,13.29,13.28,13.29,0
2026-06-30 12:16:00+00:00,13.28,13.29,13.275,13.2809,0
2026-06-30 12:17:00+00:00,13.2896,13.29,13.28,13.29,0
2026-06-30 12:18:00+00:00,13.281,13.2999,13.28,13.29,0
2026-06-30 12:19:00+00:00,13.2901,13.2997,13.28,13.285,0
2026-06-30 12:20:00+00:00,13.2811,13.29,13.28,13.2893,0
2026-06-30 12:21:00+00:00,13.2887,13.29,13.24,13.25,0
2026-06-30 12:22:00+00:00,13.25,13.25,13.23,13.2397,0
2026-06-30 12:23:00+00:00,13.23,13.24,13.23,13.24,0
2026-06-30 12:24:00+00:00,13.24,13.24,13.23,13.2305,0
2026-06-30 12:25:00+00:00,13.2389,13.2389,13.22,13.23,0
2026-06-30 12:26:00+00:00,13.23,13.25,13.23,13.2404,0
2026-06-30 12:27:00+00:00,13.24,13.24,13.22,13.23,0
2026-06-30 12:28:00+00:00,13.2203,13.23,13.22,13.2287,0
2026-06-30 12:29:00+00:00,13.23,13.23,13.21,13.2199,0
2026-06-30 12:30:00+00:00,13.2103,13.23,13.2,13.2203,0
2026-06-30 12:31:00+00:00,13.22,13.22,13.21,13.22,0
2026-06-30 12:32:00+00:00,13.22,13.22,13.1803,13.185,0
2026-06-30 12:33:00+00:00,13.19,13.19,13.17,13.17,0
2026-06-30 12:34:00+00:00,13.1789,13.19,13.17,13.1802,0
2026-06-30 12:35:00+00:00,13.1813,13.22,13.1813,13.2098,0
2026-06-30 12:36:00+00:00,13.212,13.2181,13.1902,13.1902,0
2026-06-30 12:37:00+00:00,13.1917,13.21,13.1901,13.2,0
2026-06-30 12:38:00+00:00,13.2001,13.2098,13.2,13.205,0
2026-06-30 12:39:00+00:00,13.2,13.21,13.2,13.21,0
2026-06-30 12:40:00+00:00,13.21,13.21,13.2,13.2,0
2026-06-30 12:41:00+00:00,13.21,13.21,13.2,13.21,0
2026-06-30 12:42:00+00:00,13.2005,13.21,13.2,13.2088,0
2026-06-30 12:43:00+00:00,13.2078,13.2178,13.2,13.21,0
2026-06-30 12:44:00+00:00,13.21,13.21,13.2003,13.205,0
2026-06-30 12:45:00+00:00,13.2078,13.21,13.2011,13.2097,0
2026-06-30 12:46:00+00:00,13.21,13.21,13.181,13.2,0
2026-06-30 12:47:00+00:00,13.2,13.21,13.1905,13.2013,0
2026-06-30 12:48:00+00:00,13.2099,13.21,13.2,13.2,0
2026-06-30 12:49:00+00:00,13.1996,13.2,13.19,13.2,0
2026-06-30 12:50:00+00:00,13.195,13.21,13.19,13.1919,0
2026-06-30 12:51:00+00:00,13.1922,13.2,13.19,13.2,0
2026-06-30 12:52:00+00:00,13.2,13.21,13.2,13.2003,0
2026-06-30 12:53:00+00:00,13.2,13.2098,13.2,13.2089,0
2026-06-30 12:54:00+00:00,13.21,13.21,13.1802,13.1802,0
2026-06-30 12:55:00+00:00,13.1895,13.2,13.18,13.19,0
2026-06-30 12:56:00+00:00,13.19,13.2,13.18,13.2,0
2026-06-30 12:57:00+00:00,13.1998,13.22,13.1903,13.22,0
2026-06-30 12:58:00+00:00,13.21,13.22,13.19,13.1986,0
2026-06-30 12:59:00+00:00,13.19,13.2,13.17,13.17,0
2026-06-30 13:00:00+00:00,13.17,13.19,13.17,13.185,0
2026-06-30 13:01:00+00:00,13.19,13.2,13.18,13.2,0
2026-06-30 13:02:00+00:00,13.1991,13.21,13.19,13.2,0
2026-06-30 13:03:00+00:00,13.1987,13.2,13.17,13.1798,0
2026-06-30 13:04:00+00:00,13.1787,13.21,13.17,13.2004,0
2026-06-30 13:05:00+00:00,13.21,13.24,13.21,13.23,0
2026-06-30 13:06:00+00:00,13.23,13.23,13.22,13.23,0
2026-06-30 13:07:00+00:00,13.22,13.23,13.2099,13.2099,0
2026-06-30 13:08:00+00:00,13.21,13.23,13.21,13.2196,0
2026-06-30 13:09:00+00:00,13.2196,13.23,13.2,13.22,0
2026-06-30 13:10:00+00:00,13.225,13.23,13.2195,13.2195,0
2026-06-30 13:11:00+00:00,13.2186,13.25,13.21,13.245,0
2026-06-30 13:12:00+00:00,13.24,13.25,13.2311,13.24,0
2026-06-30 13:13:00+00:00,13.2395,13.24,13.23,13.24,0
2026-06-30 13:14:00+00:00,13.24,13.26,13.2399,13.25,0
2026-06-30 13:30:00+00:00,13.239999771118164,13.34000015258789,13.239999771118164,13.283100128173828,6843887
2026-06-30 13:31:00+00:00,13.28499984741211,13.3100004196167,13.260000228881836,13.289999961853027,456073
2026-06-30 13:32:00+00:00,13.295000076293945,13.300000190734863,13.25100040435791,13.260000228881836,472903
2026-06-30 13:33:00+00:00,13.260000228881836,13.368599891662598,13.250100135803223,13.289899826049805,557071
2026-06-30 13:34:00+00:00,13.279999732971191,13.350000381469727,13.279800415039062,13.329999923706055,313226
2026-06-30 13:35:00+00:00,13.319999694824219,13.430000305175781,13.29010009765625,13.404999732971191,539873
2026-06-30 13:36:00+00:00,13.404999732971191,13.408300399780273,13.34000015258789,13.347999572753906,488930
2026-06-30 13:37:00+00:00,13.349900245666504,13.4399995803833,13.345000267028809,13.4399995803833,279375
2026-06-30 13:38:00+00:00,13.4350004196167,13.4399995803833,13.398300170898438,13.410499572753906,357314
2026-06-30 13:39:00+00:00,13.420000076293945,13.4399995803833,13.399999618530273,13.419899940490723,313793
2026-06-30 13:40:00+00:00,13.414999961853027,13.470000267028809,13.380000114440918,13.444000244140625,627517
2026-06-30 13:41:00+00:00,13.449999809265137,13.470000267028809,13.4399995803833,13.45989990234375,258000
2026-06-30 13:42:00+00:00,13.460000038146973,13.489999771118164,13.420000076293945,13.427399635314941,289728
2026-06-30 13:43:00+00:00,13.420100212097168,13.4399995803833,13.40999984741211,13.425000190734863,352708
2026-06-30 13:44:00+00:00,13.420100212097168,13.430000305175781,13.300000190734863,13.3149995803833,418282
2026-06-30 13:45:00+00:00,13.319999694824219,13.380000114440918,13.305000305175781,13.359700202941895,289231
2026-06-30 13:46:00+00:00,13.350000381469727,13.369999885559082,13.300000190734863,13.329999923706055,253188
2026-06-30 13:47:00+00:00,13.320099830627441,13.34000015258789,13.289999961853027,13.300000190734863,141844
2026-06-30 13:48:00+00:00,13.295000076293945,13.329999923706055,13.279999732971191,13.28499984741211,251936
2026-06-30 13:49:00+00:00,13.28499984741211,13.28499984741211,13.21500015258789,13.220000267028809,402157
2026-06-30 13:50:00+00:00,13.220000267028809,13.300000190734863,13.220000267028809,13.289999961853027,214781
2026-06-30 13:51:00+00:00,13.289999961853027,13.350000381469727,13.287599563598633,13.311400413513184,432196
2026-06-30 13:52:00+00:00,13.317899703979492,13.380000114440918,13.3149995803833,13.367799758911133,224789
2026-06-30 13:53:00+00:00,13.36989974975586,13.375,13.289999961853027,13.324999809265137,234243
2026-06-30 13:54:00+00:00,13.324999809265137,13.354999542236328,13.3100004196167,13.319700241088867,81303
2026-06-30 13:55:00+00:00,13.318599700927734,13.34000015258789,13.305000305175781,13.329999923706055,123571
2026-06-30 13:56:00+00:00,13.324999809265137,13.335000038146973,13.274999618530273,13.274999618530273,206393
2026-06-30 13:57:00+00:00,13.274999618530273,13.3100004196167,13.271400451660156,13.295000076293945,139440
2026-06-30 13:58:00+00:00,13.300000190734863,13.3100004196167,13.289999961853027,13.305000305175781,100112
2026-06-30 13:59:00+00:00,13.3100004196167,13.369999885559082,13.3100004196167,13.364999771118164,205918
2026-06-30 14:00:00+00:00,13.369999885559082,13.369999885559082,13.324999809265137,13.338600158691406,298566
2026-06-30 14:01:00+00:00,13.335000038146973,13.345000267028809,13.28499984741211,13.309300422668457,272829
2026-06-30 14:02:00+00:00,13.305000305175781,13.319999694824219,13.279999732971191,13.3149995803833,330599
2026-06-30 14:03:00+00:00,13.319999694824219,13.350000381469727,13.319999694824219,13.348400115966797,118198
2026-06-30 14:04:00+00:00,13.340200424194336,13.399999618530273,13.335000038146973,13.375,608568
2026-06-30 14:05:00+00:00,13.375,13.385000228881836,13.319999694824219,13.345000267028809,251377
2026-06-30 14:06:00+00:00,13.345000267028809,13.359999656677246,13.320099830627441,13.335000038146973,199168
2026-06-30 14:07:00+00:00,13.335000038146973,13.345000267028809,13.319999694824219,13.323200225830078,121891
2026-06-30 14:08:00+00:00,13.324999809265137,13.375,13.324999809265137,13.369999885559082,205689
2026-06-30 14:09:00+00:00,13.380000114440918,13.399999618530273,13.369999885559082,13.390000343322754,153124
2026-06-30 14:10:00+00:00,13.390999794006348,13.420000076293945,13.350000381469727,13.391799926757812,456850
2026-06-30 14:11:00+00:00,13.395000457763672,13.4399995803833,13.395000457763672,13.40999984741211,151818
2026-06-30 14:12:00+00:00,13.419300079345703,13.420000076293945,13.3818998336792,13.385000228881836,128247
2026-06-30 14:13:00+00:00,13.389300346374512,13.4399995803833,13.380000114440918,13.4350004196167,111415
2026-06-30 14:14:00+00:00,13.4399995803833,13.4399995803833,13.399999618530273,13.416576385498047,134728
2026-06-30 14:15:00+00:00,13.414999961853027,13.418600082397461,13.395000457763672,13.399999618530273,179583
2026-06-30 14:16:00+00:00,13.399999618530273,13.416399955749512,13.388999938964844,13.395000457763672,163448
2026-06-30 14:17:00+00:00,13.399999618530273,13.40999984741211,13.385000228881836,13.400099754333496,94366
2026-06-30 14:18:00+00:00,13.399999618530273,13.399999618530273,13.319999694824219,13.345000267028809,249404
2026-06-30 14:19:00+00:00,13.345000267028809,13.359999656677246,13.329999923706055,13.335000038146973,161114
2026-06-30 14:20:00+00:00,13.335000038146973,13.350000381469727,13.322400093078613,13.324999809265137,95192
2026-06-30 14:21:00+00:00,13.324999809265137,13.34000015258789,13.310099601745605,13.310099601745605,162642
2026-06-30 14:22:00+00:00,13.3100004196167,13.358400344848633,13.305000305175781,13.354999542236328,104111
2026-06-30 14:23:00+00:00,13.354999542236328,13.390000343322754,13.354999542236328,13.369999885559082,76189
2026-06-30 14:24:00+00:00,13.375,13.390000343322754,13.359999656677246,13.385000228881836,68994
2026-06-30 14:25:00+00:00,13.385000228881836,13.390000343322754,13.331100463867188,13.338000297546387,340078
2026-06-30 14:26:00+00:00,13.335000038146973,13.359999656677246,13.335000038146973,13.359999656677246,119937
2026-06-30 14:27:00+00:00,13.359999656677246,13.369999885559082,13.350000381469727,13.364999771118164,49272
2026-06-30 14:28:00+00:00,13.364999771118164,13.36989974975586,13.319999694824219,13.324999809265137,203810
2026-06-30 14:29:00+00:00,13.329899787902832,13.335000038146973,13.319999694824219,13.324999809265137,67140
2026-06-30 14:30:00+00:00,13.324999809265137,13.359999656677246,13.319999694824219,13.355999946594238,122270
2026-06-30 14:31:00+00:00,13.354999542236328,13.357600212097168,13.335000038146973,13.349900245666504,108916
2026-06-30 14:32:00+00:00,13.350000381469727,13.359999656677246,13.329999923706055,13.329999923706055,230912
2026-06-30 14:33:00+00:00,13.330300331115723,13.34000015258789,13.321399688720703,13.329999923706055,81583
2026-06-30 14:34:00+00:00,13.324999809265137,13.329999923706055,13.3149995803833,13.324999809265137,119580
2026-06-30 14:35:00+00:00,13.329000473022461,13.329999923706055,13.3100004196167,13.3100004196167,122373
2026-06-30 14:36:00+00:00,13.3149995803833,13.319999694824219,13.295000076293945,13.3149995803833,201323
2026-06-30 14:37:00+00:00,13.3149995803833,13.328800201416016,13.29010009765625,13.300999641418457,157361
2026-06-30 14:38:00+00:00,13.305000305175781,13.3149995803833,13.300000190734863,13.305000305175781,101292
2026-06-30 14:39:00+00:00,13.300000190734863,13.319999694824219,13.295000076293945,13.295000076293945,92076
2026-06-30 14:40:00+00:00,13.300000190734863,13.319999694824219,13.300000190734863,13.3149995803833,146779
2026-06-30 14:41:00+00:00,13.319999694824219,13.329999923706055,13.289999961853027,13.295000076293945,138980
2026-06-30 14:42:00+00:00,13.289999961853027,13.295000076293945,13.270999908447266,13.289999961853027,234587
2026-06-30 14:43:00+00:00,13.28499984741211,13.300000190734863,13.279999732971191,13.295000076293945,103574
2026-06-30 14:44:00+00:00,13.300000190734863,13.319999694824219,13.300000190734863,13.305000305175781,149170
2026-06-30 14:45:00+00:00,13.309599876403809,13.3100004196167,13.289999961853027,13.295000076293945,125254
2026-06-30 14:46:00+00:00,13.290900230407715,13.295000076293945,13.260000228881836,13.265000343322754,239579
2026-06-30 14:47:00+00:00,13.265000343322754,13.278499603271484,13.260100364685059,13.266300201416016,130735
2026-06-30 14:48:00+00:00,13.265000343322754,13.28499984741211,13.260000228881836,13.265000343322754,121779
2026-06-30 14:49:00+00:00,13.270000457763672,13.28499984741211,13.270000457763672,13.270000457763672,124550
2026-06-30 14:50:00+00:00,13.265000343322754,13.300000190734863,13.265000343322754,13.291000366210938,120420
2026-06-30 14:51:00+00:00,13.295000076293945,13.30840015411377,13.279999732971191,13.28689956665039,142473
2026-06-30 14:52:00+00:00,13.28499984741211,13.289999961853027,13.260000228881836,13.265000343322754,178848
2026-06-30 14:53:00+00:00,13.260000228881836,13.289999961853027,13.260000228881836,13.28499984741211,59889
2026-06-30 14:54:00+00:00,13.28279972076416,13.28499984741211,13.265000343322754,13.265000343322754,141509
2026-06-30 14:55:00+00:00,13.265000343322754,13.28499984741211,13.255000114440918,13.274999618530273,152184
2026-06-30 14:56:00+00:00,13.274999618530273,13.274999618530273,13.25,13.260000228881836,211601
2026-06-30 14:57:00+00:00,13.25,13.270000457763672,13.229999542236328,13.239999771118164,181576
2026-06-30 14:58:00+00:00,13.241399765014648,13.244999885559082,13.220000267028809,13.239999771118164,248923
2026-06-30 14:59:00+00:00,13.23069953918457,13.25,13.199999809265137,13.20740032196045,300184
2026-06-30 15:00:00+00:00,13.199999809265137,13.227100372314453,13.199999809265137,13.21500015258789,169245
2026-06-30 15:01:00+00:00,13.21500015258789,13.236599922180176,13.210000038146973,13.223299980163574,111640
2026-06-30 15:02:00+00:00,13.225000381469727,13.229900360107422,13.210000038146973,13.210000038146973,81523
2026-06-30 15:03:00+00:00,13.21500015258789,13.220000267028809,13.210000038146973,13.220000267028809,85531
2026-06-30 15:04:00+00:00,13.218099594116211,13.220000267028809,13.199999809265137,13.200200080871582,162956
2026-06-30 15:05:00+00:00,13.204999923706055,13.210000038146973,13.1899995803833,13.204999923706055,230164
2026-06-30 15:06:00+00:00,13.204999923706055,13.210000038146973,13.190099716186523,13.194999694824219,92947
2026-06-30 15:07:00+00:00,13.194999694824219,13.199999809265137,13.1899995803833,13.190199851989746,52368
2026-06-30 15:08:00+00:00,13.1899995803833,13.225000381469727,13.1899995803833,13.219900131225586,144798
2026-06-30 15:09:00+00:00,13.210000038146973,13.219900131225586,13.1899995803833,13.194999694824219,139446
2026-06-30 15:10:00+00:00,13.194999694824219,13.210000038146973,13.1899995803833,13.194999694824219,232847
2026-06-30 15:11:00+00:00,13.1899995803833,13.194999694824219,13.170100212097168,13.1850004196167,202502
2026-06-30 15:12:00+00:00,13.183300018310547,13.210000038146973,13.182000160217285,13.204999923706055,104474
2026-06-30 15:13:00+00:00,13.20930004119873,13.220000267028809,13.199999809265137,13.204999923706055,95496
2026-06-30 15:14:00+00:00,13.199999809265137,13.210000038146973,13.180000305175781,13.186599731445312,220845
2026-06-30 15:15:00+00:00,13.1850004196167,13.199999809265137,13.149999618530273,13.149999618530273,269053
2026-06-30 15:16:00+00:00,13.149999618530273,13.170000076293945,13.149999618530273,13.164999961853027,95606
2026-06-30 15:17:00+00:00,13.15999984741211,13.170000076293945,13.149999618530273,13.154999732971191,87585
2026-06-30 15:18:00+00:00,13.154999732971191,13.170000076293945,13.140000343322754,13.141400337219238,146480
2026-06-30 15:19:00+00:00,13.145000457763672,13.149999618530273,13.14009952545166,13.145000457763672,53928
2026-06-30 15:20:00+00:00,13.149999618530273,13.149999618530273,13.130000114440918,13.133099555969238,131801
2026-06-30 15:21:00+00:00,13.135000228881836,13.149999618530273,13.130000114440918,13.135000228881836,81206
2026-06-30 15:22:00+00:00,13.135000228881836,13.15999984741211,13.135000228881836,13.147000312805176,156972
2026-06-30 15:23:00+00:00,13.145000457763672,13.164999961853027,13.130000114440918,13.164999961853027,167606
2026-06-30 15:24:00+00:00,13.164999961853027,13.170000076293945,13.140000343322754,13.140000343322754,123104
2026-06-30 15:25:00+00:00,13.145000457763672,13.170000076293945,13.145000457763672,13.145000457763672,211324
2026-06-30 15:26:00+00:00,13.140000343322754,13.15999984741211,13.140000343322754,13.159899711608887,125531
2026-06-30 15:27:00+00:00,13.152000427246094,13.180000305175781,13.152000427246094,13.180000305175781,114226
2026-06-30 15:28:00+00:00,13.175000190734863,13.180000305175781,13.154999732971191,13.154999732971191,94299
2026-06-30 15:29:00+00:00,13.154999732971191,13.1899995803833,13.141599655151367,13.152899742126465,621332
2026-06-30 15:30:00+00:00,13.152899742126465,13.164999961853027,13.149999618530273,13.154999732971191,191067
2026-06-30 15:31:00+00:00,13.159299850463867,13.170000076293945,13.151000022888184,13.160099983215332,60629
2026-06-30 15:32:00+00:00,13.164999961853027,13.189900398254395,13.164999961853027,13.1850004196167,80816
2026-06-30 15:33:00+00:00,13.18970012664795,13.1899995803833,13.170000076293945,13.175000190734863,84897
2026-06-30 15:34:00+00:00,13.175000190734863,13.1899995803833,13.170000076293945,13.180000305175781,62887
2026-06-30 15:35:00+00:00,13.1899995803833,13.1899995803833,13.170999526977539,13.180000305175781,66492
2026-06-30 15:36:00+00:00,13.175000190734863,13.180000305175781,13.149999618530273,13.175000190734863,65702
2026-06-30 15:37:00+00:00,13.175000190734863,13.1899995803833,13.170000076293945,13.1899995803833,65489
2026-06-30 15:38:00+00:00,13.1850004196167,13.1899995803833,13.180000305175781,13.188400268554688,17754
2026-06-30 15:39:00+00:00,13.189900398254395,13.199999809265137,13.180000305175781,13.1850004196167,89395
2026-06-30 15:40:00+00:00,13.180000305175781,13.1899995803833,13.180000305175781,13.180000305175781,91760
2026-06-30 15:41:00+00:00,13.180000305175781,13.180000305175781,13.150099754333496,13.160300254821777,86404
2026-06-30 15:42:00+00:00,13.164999961853027,13.180000305175781,13.15060043334961,13.180000305175781,80654
2026-06-30 15:43:00+00:00,13.175000190734863,13.1899995803833,13.170000076293945,13.1850004196167,74317
2026-06-30 15:44:00+00:00,13.1850004196167,13.210000038146973,13.180100440979004,13.194999694824219,364667
2026-06-30 15:45:00+00:00,13.199999809265137,13.210000038146973,13.180000305175781,13.1850004196167,158342
2026-06-30 15:46:00+00:00,13.1899995803833,13.1899995803833,13.170100212097168,13.179900169372559,37719
2026-06-30 15:47:00+00:00,13.170000076293945,13.180000305175781,13.170000076293945,13.175000190734863,28668
2026-06-30 15:48:00+00:00,13.180000305175781,13.1899995803833,13.170000076293945,13.1850004196167,82754
2026-06-30 15:49:00+00:00,13.180100440979004,13.1899995803833,13.175000190734863,13.180000305175781,52048
2026-06-30 15:50:00+00:00,13.180000305175781,13.1899995803833,13.170299530029297,13.189800262451172,48748
2026-06-30 15:51:00+00:00,13.189900398254395,13.199999809265137,13.180000305175781,13.1850004196167,56442
2026-06-30 15:52:00+00:00,13.180000305175781,13.189900398254395,13.170000076293945,13.170000076293945,54017
2026-06-30 15:53:00+00:00,13.170000076293945,13.18970012664795,13.15999984741211,13.18970012664795,30220
2026-06-30 15:54:00+00:00,13.189900398254395,13.1899995803833,13.170000076293945,13.189800262451172,89012
2026-06-30 15:55:00+00:00,13.1899995803833,13.1899995803833,13.180100440979004,13.1875,34824
2026-06-30 15:56:00+00:00,13.1899995803833,13.204999923706055,13.1850004196167,13.190099716186523,361767
2026-06-30 15:57:00+00:00,13.1899995803833,13.199899673461914,13.180000305175781,13.18239974975586,60245
2026-06-30 15:58:00+00:00,13.1850004196167,13.189900398254395,13.180000305175781,13.180100440979004,5136
2026-06-30 15:59:00+00:00,13.187399864196777,13.1899995803833,13.170000076293945,13.175000190734863,82343
2026-06-30 16:00:00+00:00,13.179100036621094,13.1899995803833,13.171500205993652,13.1850004196167,50531
2026-06-30 16:01:00+00:00,13.1850004196167,13.220000267028809,13.1850004196167,13.220000267028809,54433
2026-06-30 16:02:00+00:00,13.21500015258789,13.220000267028809,13.210000038146973,13.210100173950195,26067
2026-06-30 16:03:00+00:00,13.21500015258789,13.220000267028809,13.210100173950195,13.219900131225586,43586
2026-06-30 16:04:00+00:00,13.21500015258789,13.220000267028809,13.199999809265137,13.204999923706055,62857
2026-06-30 16:05:00+00:00,13.210000038146973,13.210000038146973,13.199999809265137,13.204999923706055,17698
2026-06-30 16:06:00+00:00,13.20009994506836,13.210000038146973,13.199999809265137,13.208999633789062,25826
2026-06-30 16:07:00+00:00,13.208499908447266,13.20989990234375,13.199999809265137,13.204999923706055,15354
2026-06-30 16:08:00+00:00,13.210000038146973,13.21500015258789,13.199999809265137,13.208000183105469,27144
2026-06-30 16:09:00+00:00,13.210000038146973,13.220000267028809,13.210000038146973,13.21500015258789,53837
2026-06-30 16:10:00+00:00,13.21500015258789,13.225000381469727,13.210000038146973,13.210000038146973,118752
2026-06-30 16:11:00+00:00,13.21500015258789,13.220000267028809,13.1899995803833,13.194999694824219,83725
2026-06-30 16:12:00+00:00,13.1899995803833,13.210000038146973,13.1899995803833,13.204999923706055,39673
2026-06-30 16:13:00+00:00,13.20009994506836,13.20989990234375,13.191499710083008,13.194999694824219,26809
2026-06-30 16:14:00+00:00,13.191399574279785,13.199899673461914,13.1899995803833,13.1899995803833,43487
2026-06-30 16:15:00+00:00,13.194999694824219,13.208000183105469,13.1899995803833,13.204999923706055,45106
2026-06-30 16:16:00+00:00,13.204999923706055,13.210000038146973,13.1899995803833,13.201399803161621,52310
2026-06-30 16:17:00+00:00,13.199999809265137,13.208600044250488,13.1899995803833,13.194999694824219,43005
2026-06-30 16:18:00+00:00,13.194999694824219,13.194999694824219,13.180000305175781,13.188400268554688,82903
2026-06-30 16:19:00+00:00,13.1899995803833,13.1899995803833,13.180000305175781,13.1899995803833,56396
2026-06-30 16:20:00+00:00,13.1899995803833,13.1899995803833,13.180000305175781,13.180100440979004,14032
2026-06-30 16:21:00+00:00,13.180000305175781,13.1899995803833,13.170000076293945,13.177399635314941,106638
2026-06-30 16:22:00+00:00,13.175800323486328,13.180000305175781,13.170000076293945,13.180000305175781,25282
2026-06-30 16:23:00+00:00,13.178400039672852,13.180000305175781,13.170000076293945,13.17590045928955,164298
2026-06-30 16:24:00+00:00,13.175000190734863,13.1899995803833,13.170000076293945,13.175000190734863,66053
2026-06-30 16:25:00+00:00,13.170000076293945,13.175000190734863,13.15999984741211,13.170000076293945,65580
2026-06-30 16:26:00+00:00,13.164999961853027,13.169899940490723,13.15999984741211,13.15999984741211,20504
2026-06-30 16:27:00+00:00,13.164999961853027,13.16919994354248,13.15999984741211,13.164999961853027,11108
2026-06-30 16:28:00+00:00,13.164999961853027,13.180000305175781,13.15999984741211,13.176600456237793,40826
2026-06-30 16:29:00+00:00,13.175000190734863,13.180000305175781,13.170000076293945,13.175000190734863,44684
2026-06-30 16:30:00+00:00,13.179900169372559,13.179900169372559,13.170000076293945,13.175000190734863,18021
2026-06-30 16:31:00+00:00,13.175000190734863,13.180000305175781,13.170000076293945,13.17199993133545,22750
2026-06-30 16:32:00+00:00,13.175000190734863,13.180000305175781,13.170000076293945,13.175000190734863,28806
2026-06-30 16:33:00+00:00,13.175000190734863,13.1899995803833,13.175000190734863,13.189900398254395,40307
2026-06-30 16:34:00+00:00,13.1850004196167,13.1899995803833,13.180000305175781,13.1850004196167,19997
2026-06-30 16:35:00+00:00,13.1850004196167,13.1899995803833,13.180000305175781,13.1899995803833,10484
2026-06-30 16:36:00+00:00,13.1850004196167,13.199999809265137,13.180000305175781,13.199899673461914,87948
2026-06-30 16:37:00+00:00,13.194999694824219,13.210000038146973,13.193400382995605,13.194999694824219,95962
2026-06-30 16:38:00+00:00,13.194999694824219,13.199999809265137,13.1899995803833,13.194999694824219,19324
2026-06-30 16:39:00+00:00,13.194999694824219,13.199999809265137,13.1899995803833,13.199999809265137,35732
2026-06-30 16:40:00+00:00,13.194999694824219,13.199899673461914,13.180000305175781,13.1850004196167,48738
2026-06-30 16:41:00+00:00,13.180000305175781,13.1899995803833,13.180000305175781,13.188199996948242,15203
2026-06-30 16:42:00+00:00,13.180000305175781,13.1899995803833,13.180000305175781,13.18970012664795,21116
2026-06-30 16:43:00+00:00,13.1850004196167,13.198699951171875,13.1850004196167,13.1850004196167,44763
2026-06-30 16:44:00+00:00,13.180000305175781,13.1899995803833,13.180000305175781,13.1899995803833,18616
2026-06-30 16:45:00+00:00,13.189900398254395,13.199899673461914,13.180000305175781,13.197400093078613,33244
2026-06-30 16:46:00+00:00,13.199999809265137,13.199999809265137,13.1899995803833,13.194999694824219,41093
2026-06-30 16:47:00+00:00,13.194999694824219,13.199999809265137,13.1899995803833,13.194999694824219,11355
2026-06-30 16:48:00+00:00,13.194999694824219,13.210000038146973,13.191699981689453,13.210000038146973,59922
2026-06-30 16:49:00+00:00,13.20989990234375,13.210000038146973,13.199999809265137,13.20989990234375,24054
2026-06-30 16:50:00+00:00,13.20740032196045,13.210000038146973,13.199999809265137,13.204999923706055,30345
2026-06-30 16:51:00+00:00,13.20989990234375,13.220000267028809,13.199999809265137,13.210000038146973,90680
2026-06-30 16:52:00+00:00,13.210000038146973,13.220000267028809,13.210000038146973,13.21500015258789,27229
2026-06-30 16:53:00+00:00,13.21500015258789,13.220000267028809,13.210000038146973,13.218199729919434,107015
2026-06-30 16:54:00+00:00,13.219900131225586,13.229999542236328,13.210000038146973,13.218199729919434,80698
2026-06-30 16:55:00+00:00,13.220000267028809,13.220000267028809,13.199999809265137,13.21500015258789,49482
2026-06-30 16:56:00+00:00,13.21500015258789,13.220000267028809,13.200200080871582,13.205100059509277,35204
2026-06-30 16:57:00+00:00,13.199999809265137,13.210000038146973,13.199999809265137,13.204999923706055,42469
2026-06-30 16:58:00+00:00,13.199999809265137,13.204999923706055,13.1899995803833,13.199999809265137,53069
2026-06-30 16:59:00+00:00,13.1899995803833,13.199999809265137,13.180000305175781,13.1850004196167,47825
2026-06-30 17:00:00+00:00,13.189900398254395,13.199999809265137,13.18239974975586,13.194999694824219,25913
2026-06-30 17:01:00+00:00,13.1899995803833,13.199999809265137,13.1899995803833,13.194999694824219,32709
2026-06-30 17:02:00+00:00,13.199299812316895,13.204999923706055,13.1899995803833,13.199999809265137,40843
2026-06-30 17:03:00+00:00,13.199999809265137,13.217100143432617,13.199999809265137,13.204999923706055,72146
2026-06-30 17:04:00+00:00,13.210000038146973,13.210000038146973,13.199999809265137,13.204999923706055,36522
2026-06-30 17:05:00+00:00,13.199999809265137,13.199999809265137,13.1899995803833,13.192700386047363,25557
2026-06-30 17:06:00+00:00,13.194999694824219,13.210000038146973,13.194999694824219,13.210000038146973,57554
2026-06-30 17:07:00+00:00,13.210000038146973,13.210000038146973,13.180000305175781,13.186699867248535,398950
2026-06-30 17:08:00+00:00,13.186599731445312,13.199999809265137,13.186599731445312,13.199999809265137,59944
2026-06-30 17:09:00+00:00,13.194999694824219,13.210000038146973,13.190099716186523,13.207300186157227,105314
2026-06-30 17:10:00+00:00,13.20989990234375,13.20989990234375,13.194999694824219,13.204999923706055,38205
2026-06-30 17:11:00+00:00,13.207500457763672,13.207500457763672,13.194999694824219,13.194999694824219,17035
2026-06-30 17:12:00+00:00,13.192700386047363,13.199899673461914,13.181699752807617,13.1899995803833,50135
2026-06-30 17:13:00+00:00,13.1850004196167,13.194999694824219,13.180000305175781,13.180000305175781,26978
2026-06-30 17:14:00+00:00,13.1850004196167,13.1850004196167,13.15999984741211,13.175000190734863,123237
2026-06-30 17:15:00+00:00,13.172599792480469,13.179900169372559,13.164999961853027,13.175000190734863,70847
2026-06-30 17:16:00+00:00,13.175000190734863,13.199999809265137,13.170000076293945,13.199999809265137,37154
2026-06-30 17:17:00+00:00,13.1899995803833,13.199999809265137,13.1899995803833,13.199999809265137,23894
2026-06-30 17:18:00+00:00,13.1899995803833,13.199999809265137,13.180000305175781,13.1899995803833,79657
2026-06-30 17:19:00+00:00,13.199999809265137,13.220000267028809,13.190099716186523,13.217900276184082,103660
2026-06-30 17:20:00+00:00,13.220000267028809,13.220000267028809,13.210000038146973,13.21500015258789,59060
2026-06-30 17:21:00+00:00,13.21500015258789,13.220000267028809,13.199999809265137,13.209699630737305,78073
2026-06-30 17:22:00+00:00,13.204999923706055,13.208900451660156,13.190099716186523,13.202300071716309,51610
2026-06-30 17:23:00+00:00,13.204999923706055,13.210000038146973,13.199999809265137,13.20009994506836,19382
2026-06-30 17:24:00+00:00,13.210000038146973,13.210000038146973,13.199999809265137,13.210000038146973,11837
2026-06-30 17:25:00+00:00,13.209699630737305,13.220000267028809,13.199999809265137,13.21500015258789,58815
2026-06-30 17:26:00+00:00,13.21500015258789,13.220000267028809,13.199999809265137,13.210000038146973,31413
2026-06-30 17:27:00+00:00,13.199999809265137,13.210000038146973,13.1899995803833,13.204999923706055,46651
2026-06-30 17:28:00+00:00,13.199999809265137,13.210000038146973,13.1899995803833,13.204999923706055,69386
2026-06-30 17:29:00+00:00,13.204999923706055,13.210000038146973,13.1899995803833,13.204999923706055,30814
2026-06-30 17:30:00+00:00,13.210000038146973,13.210200309753418,13.20009994506836,13.210200309753418,30533
2026-06-30 17:31:00+00:00,13.210000038146973,13.21969985961914,13.199999809265137,13.21500015258789,51384
2026-06-30 17:32:00+00:00,13.21500015258789,13.220000267028809,13.210000038146973,13.210000038146973,14609
2026-06-30 17:33:00+00:00,13.21500015258789,13.220000267028809,13.210000038146973,13.220000267028809,20812
2026-06-30 17:34:00+00:00,13.220000267028809,13.220000267028809,13.210000038146973,13.219900131225586,29097
2026-06-30 17:35:00+00:00,13.21500015258789,13.220000267028809,13.210000038146973,13.220000267028809,40507
2026-06-30 17:36:00+00:00,13.21500015258789,13.225000381469727,13.210000038146973,13.220000267028809,103780
2026-06-30 17:37:00+00:00,13.21500015258789,13.220000267028809,13.210000038146973,13.21500015258789,19146
2026-06-30 17:38:00+00:00,13.219900131225586,13.220000267028809,13.199999809265137,13.204999923706055,80985
2026-06-30 17:39:00+00:00,13.204999923706055,13.210000038146973,13.199999809265137,13.204999923706055,22522
2026-06-30 17:40:00+00:00,13.199999809265137,13.210000038146973,13.199999809265137,13.204999923706055,25082
2026-06-30 17:41:00+00:00,13.210000038146973,13.210000038146973,13.199999809265137,13.204999923706055,29139
2026-06-30 17:42:00+00:00,13.199999809265137,13.210000038146973,13.199999809265137,13.204999923706055,11679
2026-06-30 17:43:00+00:00,13.20989990234375,13.220000267028809,13.204999923706055,13.220000267028809,22332
2026-06-30 17:44:00+00:00,13.220000267028809,13.220000267028809,13.210000038146973,13.21969985961914,34907
2026-06-30 17:45:00+00:00,13.220000267028809,13.220000267028809,13.210000038146973,13.21500015258789,36001
2026-06-30 17:46:00+00:00,13.210000038146973,13.220000267028809,13.199999809265137,13.21500015258789,65243
2026-06-30 17:47:00+00:00,13.211099624633789,13.220000267028809,13.210000038146973,13.21500015258789,20646
2026-06-30 17:48:00+00:00,13.220000267028809,13.220000267028809,13.210000038146973,13.21030044555664,9383
2026-06-30 17:49:00+00:00,13.21500015258789,13.220000267028809,13.210000038146973,13.21500015258789,11205
2026-06-30 17:50:00+00:00,13.210000038146973,13.21500015258789,13.199999809265137,13.204999923706055,24761
2026-06-30 17:51:00+00:00,13.201600074768066,13.220000267028809,13.199999809265137,13.217900276184082,39808
2026-06-30 17:52:00+00:00,13.220000267028809,13.229999542236328,13.21310043334961,13.225000381469727,30129
2026-06-30 17:53:00+00:00,13.225000381469727,13.248600006103516,13.225000381469727,13.244999885559082,55717
2026-06-30 17:54:00+00:00,13.25,13.25,13.240099906921387,13.244999885559082,59872
2026-06-30 17:55:00+00:00,13.244999885559082,13.279999732971191,13.244999885559082,13.265000343322754,240921
2026-06-30 17:56:00+00:00,13.260000228881836,13.260000228881836,13.25,13.255000114440918,65322
2026-06-30 17:57:00+00:00,13.260000228881836,13.269800186157227,13.259900093078613,13.265000343322754,24711
2026-06-30 17:58:00+00:00,13.26669979095459,13.267800331115723,13.239999771118164,13.244999885559082,80170
2026-06-30 17:59:00+00:00,13.244999885559082,13.25,13.239999771118164,13.244999885559082,15571
2026-06-30 18:00:00+00:00,13.25,13.25,13.239999771118164,13.244999885559082,35342
2026-06-30 18:01:00+00:00,13.244999885559082,13.25,13.239999771118164,13.25,17689
2026-06-30 18:02:00+00:00,13.25,13.26990032196045,13.244999885559082,13.268199920654297,111536
2026-06-30 18:03:00+00:00,13.261899948120117,13.270000457763672,13.260000228881836,13.267000198364258,56241
2026-06-30 18:04:00+00:00,13.260000228881836,13.26990032196045,13.252799987792969,13.255000114440918,31176
2026-06-30 18:05:00+00:00,13.255000114440918,13.260000228881836,13.25,13.25,30837
2026-06-30 18:06:00+00:00,13.25,13.279999732971191,13.239999771118164,13.260000228881836,335480
2026-06-30 18:07:00+00:00,13.260000228881836,13.274999618530273,13.251799583435059,13.262299537658691,146081
2026-06-30 18:08:00+00:00,13.265000343322754,13.28499984741211,13.265000343322754,13.279999732971191,102572
2026-06-30 18:09:00+00:00,13.279999732971191,13.288700103759766,13.270000457763672,13.270000457763672,63115
2026-06-30 18:10:00+00:00,13.270000457763672,13.279999732971191,13.260000228881836,13.26200008392334,17690
2026-06-30 18:11:00+00:00,13.260499954223633,13.268199920654297,13.260000228881836,13.260299682617188,20435
2026-06-30 18:12:00+00:00,13.260000228881836,13.265000343322754,13.25,13.257399559020996,21366
2026-06-30 18:13:00+00:00,13.25,13.260000228881836,13.25,13.260000228881836,41812
2026-06-30 18:14:00+00:00,13.255000114440918,13.258899688720703,13.239999771118164,13.25,39701
2026-06-30 18:15:00+00:00,13.255000114440918,13.260000228881836,13.240099906921387,13.244999885559082,49270
2026-06-30 18:16:00+00:00,13.241399765014648,13.244999885559082,13.239999771118164,13.239999771118164,15856
2026-06-30 18:17:00+00:00,13.244999885559082,13.25,13.239999771118164,13.244999885559082,9692
2026-06-30 18:18:00+00:00,13.244999885559082,13.25,13.229999542236328,13.25,46671
2026-06-30 18:19:00+00:00,13.244999885559082,13.260000228881836,13.241100311279297,13.255000114440918,32170
2026-06-30 18:20:00+00:00,13.25,13.260000228881836,13.25,13.251500129699707,50379
2026-06-30 18:21:00+00:00,13.257200241088867,13.279999732971191,13.255000114440918,13.279999732971191,159346
2026-06-30 18:22:00+00:00,13.277600288391113,13.279999732971191,13.270000457763672,13.274999618530273,34215
2026-06-30 18:23:00+00:00,13.270000457763672,13.279999732971191,13.270000457763672,13.274999618530273,33429
2026-06-30 18:24:00+00:00,13.270000457763672,13.279999732971191,13.270000457763672,13.276399612426758,16648
2026-06-30 18:25:00+00:00,13.274999618530273,13.289999961853027,13.270000457763672,13.279999732971191,85086
2026-06-30 18:26:00+00:00,13.279999732971191,13.289999961853027,13.279999732971191,13.28499984741211,20399
2026-06-30 18:27:00+00:00,13.279999732971191,13.28499984741211,13.270000457763672,13.274999618530273,36161
2026-06-30 18:28:00+00:00,13.279999732971191,13.279999732971191,13.274999618530273,13.274999618530273,7836
2026-06-30 18:29:00+00:00,13.274999618530273,13.279999732971191,13.270000457763672,13.274999618530273,6964
2026-06-30 18:30:00+00:00,13.274999618530273,13.287599563598633,13.270000457763672,13.287599563598633,104007
2026-06-30 18:31:00+00:00,13.279999732971191,13.289899826049805,13.274999618530273,13.279999732971191,73968
2026-06-30 18:32:00+00:00,13.289899826049805,13.300000190734863,13.28499984741211,13.292400360107422,227275
2026-06-30 18:33:00+00:00,13.295000076293945,13.3100004196167,13.279999732971191,13.300000190734863,146450
2026-06-30 18:34:00+00:00,13.305000305175781,13.3100004196167,13.300000190734863,13.3100004196167,11775
2026-06-30 18:35:00+00:00,13.309700012207031,13.3100004196167,13.300000190734863,13.305000305175781,47497
2026-06-30 18:36:00+00:00,13.300000190734863,13.3056001663208,13.300000190734863,13.300000190734863,40401
2026-06-30 18:37:00+00:00,13.3100004196167,13.3100004196167,13.289999961853027,13.300000190734863,81534
2026-06-30 18:38:00+00:00,13.305000305175781,13.3100004196167,13.295000076293945,13.305000305175781,78650
2026-06-30 18:39:00+00:00,13.309900283813477,13.319999694824219,13.300000190734863,13.3149995803833,87907
2026-06-30 18:40:00+00:00,13.3149995803833,13.319999694824219,13.3100004196167,13.317500114440918,35747
2026-06-30 18:41:00+00:00,13.3149995803833,13.329999923706055,13.3100004196167,13.324999809265137,61961
2026-06-30 18:42:00+00:00,13.319999694824219,13.329999923706055,13.319999694824219,13.329899787902832,13811
2026-06-30 18:43:00+00:00,13.329999923706055,13.369999885559082,13.319999694824219,13.369999885559082,150587
2026-06-30 18:44:00+00:00,13.369999885559082,13.369999885559082,13.34000015258789,13.35770034790039,150788
2026-06-30 18:45:00+00:00,13.354999542236328,13.354999542236328,13.34000015258789,13.345000267028809,35356
2026-06-30 18:46:00+00:00,13.345000267028809,13.369999885559082,13.345000267028809,13.364999771118164,86756
2026-06-30 18:47:00+00:00,13.364999771118164,13.380000114440918,13.359999656677246,13.369999885559082,161043
2026-06-30 18:48:00+00:00,13.375,13.399999618530273,13.369999885559082,13.390000343322754,158378
2026-06-30 18:49:00+00:00,13.390000343322754,13.390000343322754,13.380000114440918,13.38010025024414,74574
2026-06-30 18:50:00+00:00,13.384099960327148,13.390000343322754,13.375,13.385000228881836,70769
2026-06-30 18:51:00+00:00,13.380000114440918,13.390000343322754,13.359999656677246,13.364999771118164,99876
2026-06-30 18:52:00+00:00,13.364999771118164,13.375,13.350000381469727,13.354999542236328,89664
2026-06-30 18:53:00+00:00,13.352100372314453,13.359999656677246,13.34000015258789,13.35990047454834,136592
2026-06-30 18:54:00+00:00,13.354999542236328,13.359999656677246,13.340900421142578,13.359999656677246,60675
2026-06-30 18:55:00+00:00,13.359999656677246,13.359999656677246,13.350000381469727,13.351799964904785,52628
2026-06-30 18:56:00+00:00,13.354999542236328,13.359999656677246,13.350000381469727,13.354999542236328,26060
2026-06-30 18:57:00+00:00,13.354999542236328,13.359999656677246,13.350000381469727,13.359999656677246,10594
2026-06-30 18:58:00+00:00,13.350000381469727,13.359999656677246,13.34000015258789,13.34000015258789,76043
2026-06-30 18:59:00+00:00,13.34000015258789,13.345000267028809,13.321800231933594,13.34000015258789,119611
2026-06-30 19:00:00+00:00,13.332799911499023,13.34000015258789,13.319999694824219,13.320099830627441,71932
2026-06-30 19:01:00+00:00,13.324999809265137,13.335000038146973,13.319999694824219,13.319999694824219,55453
2026-06-30 19:02:00+00:00,13.326000213623047,13.348299980163574,13.319999694824219,13.339900016784668,150325
2026-06-30 19:03:00+00:00,13.335000038146973,13.34000015258789,13.329999923706055,13.34000015258789,18693
2026-06-30 19:04:00+00:00,13.330100059509277,13.339900016784668,13.3100004196167,13.324999809265137,91391
2026-06-30 19:05:00+00:00,13.324999809265137,13.324999809265137,13.300000190734863,13.306400299072266,178711
2026-06-30 19:06:00+00:00,13.305000305175781,13.329999923706055,13.301300048828125,13.319999694824219,79517
2026-06-30 19:07:00+00:00,13.324999809265137,13.329999923706055,13.319999694824219,13.324999809265137,21294
2026-06-30 19:08:00+00:00,13.324999809265137,13.335000038146973,13.319999694824219,13.331600189208984,53525
2026-06-30 19:09:00+00:00,13.329999923706055,13.34000015258789,13.329999923706055,13.34000015258789,31026
2026-06-30 19:10:00+00:00,13.335000038146973,13.34000015258789,13.330100059509277,13.337900161743164,89142
2026-06-30 19:11:00+00:00,13.34000015258789,13.350000381469727,13.329999923706055,13.345000267028809,25362
2026-06-30 19:12:00+00:00,13.350000381469727,13.359999656677246,13.350000381469727,13.354999542236328,45555
2026-06-30 19:13:00+00:00,13.359999656677246,13.359999656677246,13.350000381469727,13.354999542236328,18083
2026-06-30 19:14:00+00:00,13.354999542236328,13.354999542236328,13.34000015258789,13.345000267028809,55319
2026-06-30 19:15:00+00:00,13.345000267028809,13.347100257873535,13.329999923706055,13.335000038146973,22153
2026-06-30 19:16:00+00:00,13.339900016784668,13.350000381469727,13.331399917602539,13.345000267028809,38210
2026-06-30 19:17:00+00:00,13.343199729919434,13.349900245666504,13.329999923706055,13.335000038146973,60094
2026-06-30 19:18:00+00:00,13.34000015258789,13.359999656677246,13.335000038146973,13.350000381469727,84716
2026-06-30 19:19:00+00:00,13.350000381469727,13.357399940490723,13.34000015258789,13.350000381469727,94264
2026-06-30 19:20:00+00:00,13.345000267028809,13.349300384521484,13.34000015258789,13.345000267028809,15725
2026-06-30 19:21:00+00:00,13.350000381469727,13.350000381469727,13.342000007629395,13.345000267028809,17541
2026-06-30 19:22:00+00:00,13.345000267028809,13.350000381469727,13.34000015258789,13.350000381469727,14980
2026-06-30 19:23:00+00:00,13.34000015258789,13.359999656677246,13.34000015258789,13.354999542236328,90485
2026-06-30 19:24:00+00:00,13.350099563598633,13.359999656677246,13.350000381469727,13.354999542236328,19992
2026-06-30 19:25:00+00:00,13.354999542236328,13.359999656677246,13.350000381469727,13.354999542236328,82492
2026-06-30 19:26:00+00:00,13.350000381469727,13.358200073242188,13.329999923706055,13.339900016784668,85399
2026-06-30 19:27:00+00:00,13.335000038146973,13.345000267028809,13.329999923706055,13.335000038146973,57483
2026-06-30 19:28:00+00:00,13.34000015258789,13.34000015258789,13.329999923706055,13.329999923706055,38004
2026-06-30 19:29:00+00:00,13.335000038146973,13.34000015258789,13.329999923706055,13.329999923706055,21657
2026-06-30 19:30:00+00:00,13.335000038146973,13.338600158691406,13.322400093078613,13.329999923706055,126048
2026-06-30 19:31:00+00:00,13.335000038146973,13.339900016784668,13.324999809265137,13.335000038146973,109736
2026-06-30 19:32:00+00:00,13.335100173950195,13.34000015258789,13.329999923706055,13.335000038146973,51361
2026-06-30 19:33:00+00:00,13.329999923706055,13.34000015258789,13.329999923706055,13.335000038146973,48528
2026-06-30 19:34:00+00:00,13.330699920654297,13.34000015258789,13.329999923706055,13.33080005645752,61978
2026-06-30 19:35:00+00:00,13.335000038146973,13.335000038146973,13.3149995803833,13.324999809265137,112846
2026-06-30 19:36:00+00:00,13.319999694824219,13.326199531555176,13.310099601745605,13.319999694824219,145178
2026-06-30 19:37:00+00:00,13.321499824523926,13.324999809265137,13.289999961853027,13.296199798583984,129314
2026-06-30 19:38:00+00:00,13.295000076293945,13.29990005493164,13.289999961853027,13.289999961853027,85686
2026-06-30 19:39:00+00:00,13.295000076293945,13.3100004196167,13.289999961853027,13.305000305175781,99168
2026-06-30 19:40:00+00:00,13.300000190734863,13.3100004196167,13.300000190734863,13.300000190734863,120370
2026-06-30 19:41:00+00:00,13.300100326538086,13.31820011138916,13.300000190734863,13.3149995803833,69268
2026-06-30 19:42:00+00:00,13.3149995803833,13.31719970703125,13.300000190734863,13.306099891662598,47917
2026-06-30 19:43:00+00:00,13.305000305175781,13.309900283813477,13.300000190734863,13.300000190734863,37128
2026-06-30 19:44:00+00:00,13.306300163269043,13.3149995803833,13.300000190734863,13.3149995803833,117963
2026-06-30 19:45:00+00:00,13.319000244140625,13.319999694824219,13.300000190734863,13.305000305175781,66636
2026-06-30 19:46:00+00:00,13.305000305175781,13.3100004196167,13.300000190734863,13.300000190734863,78055
2026-06-30 19:47:00+00:00,13.305000305175781,13.30840015411377,13.300000190734863,13.300000190734863,91584
2026-06-30 19:48:00+00:00,13.3100004196167,13.3100004196167,13.289999961853027,13.295000076293945,105212
2026-06-30 19:49:00+00:00,13.295000076293945,13.300000190734863,13.289999961853027,13.29520034790039,87467
2026-06-30 19:50:00+00:00,13.289999961853027,13.295000076293945,13.270000457763672,13.274999618530273,217472
2026-06-30 19:51:00+00:00,13.274999618530273,13.305000305175781,13.270000457763672,13.300000190734863,299400
2026-06-30 19:52:00+00:00,13.295000076293945,13.3100004196167,13.289999961853027,13.295000076293945,129591
2026-06-30 19:53:00+00:00,13.295000076293945,13.300000190734863,13.279999732971191,13.295000076293945,144576
2026-06-30 19:54:00+00:00,13.295000076293945,13.300000190734863,13.289999961853027,13.295000076293945,86299
2026-06-30 19:55:00+00:00,13.289999961853027,13.300000190734863,13.260000228881836,13.265000343322754,440380
2026-06-30 19:56:00+00:00,13.260000228881836,13.270000457763672,13.260000228881836,13.265000343322754,189219
2026-06-30 19:57:00+00:00,13.265000343322754,13.279899597167969,13.260000228881836,13.265000343322754,335754
2026-06-30 19:58:00+00:00,13.260000228881836,13.265000343322754,13.25,13.255000114440918,382926
2026-06-30 19:59:00+00:00,13.255000114440918,13.279999732971191,13.239999771118164,13.260000228881836,1229348
2026-06-30 20:00:00+00:00,13.26,13.29,13.26,13.29,26203
2026-06-30 20:01:00+00:00,13.28,13.28,13.25,13.2603,0
2026-06-30 20:02:00+00:00,13.27,13.27,13.25,13.25,0
2026-06-30 20:03:00+00:00,13.26,13.26,13.25,13.2513,0
2026-06-30 20:04:00+00:00,13.2513,13.28,13.25,13.28,52221789
2026-06-30 20:05:00+00:00,13.257,13.28,13.2507,13.2555,0
2026-06-30 20:06:00+00:00,13.2501,13.27,13.25,13.26,0
2026-06-30 20:07:00+00:00,13.28,13.3,13.26,13.2997,0
2026-06-30 20:08:00+00:00,13.3,13.3,13.28,13.28,0
2026-06-30 20:09:00+00:00,13.29,13.3,13.2702,13.2757,0
2026-06-30 20:10:00+00:00,13.28,13.28,13.26,13.27,0
2026-06-30 20:11:00+00:00,13.2662,13.2843,13.26,13.27,0
2026-06-30 20:12:00+00:00,13.2896,13.29,13.28,13.29,0
2026-06-30 20:13:00+00:00,13.28,13.29,13.27,13.28,0
2026-06-30 20:14:00+00:00,13.27,13.29,13.27,13.277,0
2026-06-30 20:15:00+00:00,13.28,13.29,13.27,13.2898,0
2026-06-30 20:16:00+00:00,13.28,13.29,13.27,13.2799,0
2026-06-30 20:17:00+00:00,13.2799,13.28,13.27,13.27,0
2026-06-30 20:18:00+00:00,13.2623,13.27,13.26,13.2626,0
2026-06-30 20:19:00+00:00,13.27,13.27,13.26,13.27,0
2026-06-30 20:20:00+00:00,13.263,13.2697,13.263,13.2697,0
2026-06-30 20:21:00+00:00,13.26,13.27,13.25,13.26,0
2026-06-30 20:22:00+00:00,13.26,13.27,13.26,13.27,0
2026-06-30 20:23:00+00:00,13.26,13.27,13.26,13.26,0
2026-06-30 20:24:00+00:00,13.26,13.27,13.26,13.27,0
2026-06-30 20:25:00+00:00,13.2628,13.27,13.26,13.26,0
2026-06-30 20:26:00+00:00,13.26,13.27,13.25,13.2573,0
2026-06-30 20:27:00+00:00,13.2571,13.2572,13.11,13.11,0
2026-06-30 20:28:00+00:00,13.26,13.26,13.23,13.2357,0
2026-06-30 20:29:00+00:00,13.2309,13.25,13.23,13.2489,0
2026-06-30 20:30:00+00:00,13.2496,13.25,13.23,13.25,0
2026-06-30 20:31:00+00:00,13.23,13.25,13.23,13.25,0
2026-06-30 20:32:00+00:00,13.2416,13.2416,13.23,13.23,0
2026-06-30 20:33:00+00:00,13.24,13.24,13.23,13.235,0
2026-06-30 20:34:00+00:00,13.2398,13.24,13.23,13.23,0
2026-06-30 20:35:00+00:00,13.2329,13.24,13.2329,13.2373,0
2026-06-30 20:36:00+00:00,13.235,13.24,13.235,13.2398,0
2026-06-30 20:37:00+00:00,13.23,13.24,13.23,13.2302,0
2026-06-30 20:38:00+00:00,13.2371,13.24,13.23,13.24,0
2026-06-30 20:39:00+00:00,13.2373,13.24,13.2303,13.24,0
2026-06-30 20:40:00+00:00,13.24,13.24,13.235,13.24,0
2026-06-30 20:41:00+00:00,13.24,13.24,13.2329,13.237,0
2026-06-30 20:42:00+00:00,13.24,13.24,13.23,13.2327,0
2026-06-30 20:43:00+00:00,13.2329,13.24,13.23,13.235,0
2026-06-30 20:44:00+00:00,13.24,13.24,13.23,13.23,0
2026-06-30 20:45:00+00:00,13.24,13.24,13.23,13.24,0
2026-06-30 20:46:00+00:00,13.2329,13.235,13.23,13.23,0
2026-06-30 20:47:00+00:00,13.235,13.24,12.914,13.233,0
2026-06-30 20:48:00+00:00,13.24,13.24,13.23,13.24,0
2026-06-30 20:49:00+00:00,13.2397,13.24,13.23,13.24,0
2026-06-30 20:50:00+00:00,13.2399,13.24,13.23,13.23,0
2026-06-30 20:51:00+00:00,13.24,13.28,13.2398,13.28,0
2026-06-30 20:52:00+00:00,13.23,13.24,13.23,13.24,0
2026-06-30 20:53:00+00:00,13.24,13.24,12.7501,13.2303,0
2026-06-30 20:54:00+00:00,13.2329,13.24,13.2302,13.2399,0
2026-06-30 20:55:00+00:00,13.2387,13.24,13.23,13.23,0
2026-06-30 20:56:00+00:00,13.2398,13.24,13.23,13.24,0
2026-06-30 20:57:00+00:00,13.24,13.24,12.7501,13.2399,0
2026-06-30 20:58:00+00:00,13.24,13.24,13.2303,13.24,0
2026-06-30 20:59:00+00:00,13.24,13.24,13.23,13.2329,0
2026-06-30 21:00:00+00:00,13.2397,13.24,13.2301,13.24,0
2026-06-30 21:01:00+00:00,13.24,13.24,13.23,13.24,0
2026-06-30 21:02:00+00:00,13.24,13.24,13.2398,13.24,0
2026-06-30 21:03:00+00:00,13.23,13.24,13.23,13.2399,0
2026-06-30 21:04:00+00:00,13.23,13.2399,13.23,13.23,0
2026-06-30 21:05:00+00:00,13.23,13.2313,13.23,13.2313,0
2026-06-30 21:06:00+00:00,13.24,13.24,13.23,13.235,0
2026-06-30 21:07:00+00:00,13.2328,13.24,13.2313,13.24,0
2026-06-30 21:08:00+00:00,13.2397,13.2397,13.23,13.235,0
2026-06-30 21:09:00+00:00,13.23,13.24,13.23,13.24,0
2026-06-30 21:10:00+00:00,13.24,13.24,13.23,13.2398,0
2026-06-30 21:11:00+00:00,13.24,13.24,13.2398,13.24,0
2026-06-30 21:12:00+00:00,13.24,13.24,13.23,13.24,0
2026-06-30 21:13:00+00:00,13.24,13.24,13.23,13.23,0
2026-06-30 21:14:00+00:00,12.914,13.24,12.914,13.2303,0
2026-06-30 21:15:00+00:00,13.235,13.2429,13.235,13.2429,0
2026-06-30 21:16:00+00:00,13.2498,13.27,13.2498,13.26,0
2026-06-30 21:17:00+00:00,13.2692,13.27,13.25,13.27,0
2026-06-30 21:18:00+00:00,13.2695,13.27,13.25,13.27,0
2026-06-30 21:19:00+00:00,13.27,13.27,13.26,13.27,0
2026-06-30 21:20:00+00:00,13.2698,13.27,13.26,13.27,0
2026-06-30 21:21:00+00:00,13.27,13.28,13.27,13.274,0
2026-06-30 21:22:00+00:00,13.275,13.28,13.27,13.27,0
2026-06-30 21:23:00+00:00,13.27,13.28,13.27,13.275,0
2026-06-30 21:24:00+00:00,13.27,13.29,13.26,13.27,0
2026-06-30 21:25:00+00:00,13.2697,13.27,13.26,13.27,0
2026-06-30 21:26:00+00:00,13.25,13.27,13.25,13.25,0
2026-06-30 21:27:00+00:00,13.2674,13.2674,13.2674,13.2674,0
2026-06-30 21:28:00+00:00,13.2698,13.28,13.25,13.25,0
2026-06-30 21:29:00+00:00,13.27,13.27,13.25,13.25,0
2026-06-30 21:30:00+00:00,13.25,13.28,13.25,13.265,0
2026-06-30 21:31:00+00:00,13.28,13.28,13.28,13.28,0
2026-06-30 21:32:00+00:00,13.27,13.27,13.2699,13.2699,0
2026-06-30 21:33:00+00:00,13.269,13.27,13.26,13.266,0
2026-06-30 21:34:00+00:00,13.2641,13.27,13.25,13.25,0
2026-06-30 21:35:00+00:00,13.27,13.27,13.264,13.264,0
2026-06-30 21:36:00+00:00,13.254,13.2697,13.25,13.2697,0
2026-06-30 21:37:00+00:00,13.26,13.27,13.25,13.27,0
2026-06-30 21:38:00+00:00,13.25,13.27,13.25,13.27,0
2026-06-30 21:39:00+00:00,13.2693,13.2697,13.25,13.26,0
2026-06-30 21:40:00+00:00,13.26,13.27,13.25,13.25,0
2026-06-30 21:41:00+00:00,13.25,13.25,13.24,13.25,0
2026-06-30 21:42:00+00:00,13.2498,13.25,13.24,13.2428,0
2026-06-30 21:43:00+00:00,13.24,13.25,13.24,13.2497,0
2026-06-30 21:44:00+00:00,13.2428,13.25,13.24,13.24,0
2026-06-30 21:45:00+00:00,13.25,13.25,13.24,13.243,0
2026-06-30 21:46:00+00:00,13.2497,13.25,13.2497,13.25,0
2026-06-30 21:47:00+00:00,13.2498,13.25,13.23,13.23,0
2026-06-30 21:48:00+00:00,13.23,13.25,13.23,13.25,0
2026-06-30 21:49:00+00:00,13.2305,13.25,13.2305,13.2309,0
2026-06-30 21:50:00+00:00,13.25,13.25,13.247,13.247,0
2026-06-30 21:51:00+00:00,13.247,13.25,13.2401,13.25,0
2026-06-30 21:52:00+00:00,13.25,13.25,13.24,13.24,0
2026-06-30 21:53:00+00:00,13.25,13.25,13.23,13.24,0
2026-06-30 21:54:00+00:00,13.25,13.25,13.23,13.23,0
2026-06-30 21:55:00+00:00,13.25,13.25,13.24,13.25,0
2026-06-30 21:56:00+00:00,13.25,13.25,13.25,13.25,0
2026-06-30 21:57:00+00:00,13.25,13.25,13.2473,13.25,0
2026-06-30 21:58:00+00:00,13.25,13.25,13.24,13.2401,0
2026-06-30 21:59:00+00:00,13.25,13.26,13.2402,13.2505,0
2026-06-30 22:00:00+00:00,13.25,13.27,13.2402,13.27,0
2026-06-30 22:01:00+00:00,13.27,13.27,13.2603,13.2628,0
2026-06-30 22:02:00+00:00,13.25,13.2502,13.25,13.2502,0
2026-06-30 22:03:00+00:00,13.2557,13.264,13.2508,13.264,0
2026-06-30 22:04:00+00:00,13.2558,13.27,13.2558,13.26,0
2026-06-30 22:05:00+00:00,13.27,13.28,13.253,13.27,0
2026-06-30 22:06:00+00:00,13.28,13.28,13.2557,13.2793,0
2026-06-30 22:07:00+00:00,13.26,13.28,13.26,13.28,0
2026-06-30 22:08:00+00:00,13.27,13.28,13.27,13.2772,0
2026-06-30 22:09:00+00:00,13.2727,13.28,13.2727,13.28,0
2026-06-30 22:10:00+00:00,13.27,13.28,13.27,13.2772,0
2026-06-30 22:11:00+00:00,13.27,13.28,13.27,13.28,0
2026-06-30 22:12:00+00:00,13.2728,13.28,13.27,13.28,0
2026-06-30 22:13:00+00:00,13.28,13.28,13.27,13.278,0
2026-06-30 22:14:00+00:00,13.28,13.28,13.27,13.28,0
2026-06-30 22:15:00+00:00,13.28,13.28,13.27,13.27,0
2026-06-30 22:16:00+00:00,13.2672,13.2698,13.2672,13.2698,0
2026-06-30 22:17:00+00:00,13.2698,13.27,13.26,13.27,0
2026-06-30 22:18:00+00:00,13.2671,13.27,13.26,13.26,0
2026-06-30 22:19:00+00:00,13.27,13.27,13.26,13.2673,0
2026-06-30 22:20:00+00:00,13.26,13.26,13.26,13.26,0
2026-06-30 22:21:00+00:00,13.267,13.267,13.25,13.26,0
2026-06-30 22:22:00+00:00,13.26,13.26,13.255,13.255,0
2026-06-30 22:23:00+00:00,13.2571,13.26,13.2503,13.26,0
2026-06-30 22:24:00+00:00,13.2571,13.26,13.25,13.2513,0
2026-06-30 22:25:00+00:00,13.26,13.26,13.26,13.26,0
2026-06-30 22:26:00+00:00,13.2571,13.26,13.25,13.255,0
2026-06-30 22:27:00+00:00,13.253,13.2599,13.25,13.25,0
2026-06-30 22:28:00+00:00,13.25,13.26,13.25,13.2503,0
2026-06-30 22:29:00+00:00,13.2503,13.26,13.2503,13.255,0
2026-06-30 22:30:00+00:00,13.2501,13.26,13.2501,13.2571,0
2026-06-30 22:31:00+00:00,13.257,13.27,13.25,13.26,0
2026-06-30 22:32:00+00:00,13.2599,13.2599,13.2599,13.2599,0
2026-06-30 22:33:00+00:00,13.25,13.26,13.25,13.257,0
2026-06-30 22:34:00+00:00,13.2571,13.2571,13.2571,13.2571,0
2026-06-30 22:35:00+00:00,13.258,13.26,13.25,13.2571,0
2026-06-30 22:36:00+00:00,13.2567,13.2567,13.2525,13.2525,0
2026-06-30 22:37:00+00:00,13.2571,13.26,13.2502,13.2502,0
2026-06-30 22:38:00+00:00,13.2572,13.26,13.25,13.2587,0
2026-06-30 22:39:00+00:00,13.26,13.27,13.25,13.27,0
2026-06-30 22:40:00+00:00,13.26,13.27,13.26,13.27,0
2026-06-30 22:41:00+00:00,13.26,13.27,13.26,13.2672,0
2026-06-30 22:42:00+00:00,13.2697,13.2697,13.2671,13.2671,0
2026-06-30 22:43:00+00:00,13.26,13.27,13.26,13.26,0
2026-06-30 22:44:00+00:00,13.27,13.27,13.27,13.27,0
2026-06-30 22:45:00+00:00,13.27,13.27,13.26,13.26,0
2026-06-30 22:46:00+00:00,13.26,13.27,13.25,13.26,0
2026-06-30 22:47:00+00:00,13.2643,13.27,13.2501,13.27,0
2026-06-30 22:48:00+00:00,13.2697,13.27,13.25,13.27,0
2026-06-30 22:49:00+00:00,13.25,13.27,13.25,13.27,0
2026-06-30 22:50:00+00:00,13.25,13.26,13.25,13.2599,0
2026-06-30 22:51:00+00:00,13.2598,13.26,13.25,13.2587,0
2026-06-30 22:52:00+00:00,13.2571,13.2598,13.25,13.25,0
2026-06-30 22:53:00+00:00,13.25,13.2599,13.25,13.2599,0
2026-06-30 22:54:00+00:00,13.2501,13.253,13.25,13.253,0
2026-06-30 22:55:00+00:00,13.2525,13.26,13.2525,13.26,0
2026-06-30 22:56:00+00:00,13.2598,13.2598,13.2598,13.2598,0
2026-06-30 22:57:00+00:00,13.257,13.26,13.25,13.25,0
2026-06-30 22:58:00+00:00,13.26,13.26,13.2528,13.2528,0
2026-06-30 22:59:00+00:00,13.2502,13.26,13.25,13.26,0
2026-06-30 23:00:00+00:00,13.26,13.26,13.25,13.26,0
2026-06-30 23:01:00+00:00,13.26,13.26,13.25,13.2573,0
2026-06-30 23:02:00+00:00,13.2571,13.2599,13.2502,13.2599,0
2026-06-30 23:03:00+00:00,13.26,13.26,13.25,13.2527,0
2026-06-30 23:04:00+00:00,13.2587,13.26,13.2587,13.26,0
2026-06-30 23:05:00+00:00,13.2572,13.26,13.255,13.26,0
2026-06-30 23:06:00+00:00,13.26,13.26,13.25,13.257,0
2026-06-30 23:07:00+00:00,13.2599,13.2599,13.2502,13.255,0
2026-06-30 23:08:00+00:00,13.26,13.26,13.2599,13.2599,0
2026-06-30 23:09:00+00:00,13.26,13.26,13.2529,13.2529,0
2026-06-30 23:10:00+00:00,13.2599,13.26,13.25,13.26,0
2026-06-30 23:11:00+00:00,13.25,13.2598,13.25,13.2528,0
2026-06-30 23:12:00+00:00,13.25,13.26,13.25,13.26,0
2026-06-30 23:13:00+00:00,13.26,13.26,13.25,13.2598,0
2026-06-30 23:14:00+00:00,13.25,13.26,13.25,13.255,0
2026-06-30 23:15:00+00:00,13.2529,13.2529,13.2525,13.2525,0
2026-06-30 23:16:00+00:00,13.25,13.26,13.25,13.2501,0
2026-06-30 23:17:00+00:00,13.2599,13.2599,13.257,13.257,0
2026-06-30 23:18:00+00:00,13.26,13.26,13.25,13.257,0
2026-06-30 23:19:00+00:00,13.2598,13.26,13.25,13.25,0
2026-06-30 23:20:00+00:00,13.26,13.26,13.257,13.26,0
2026-06-30 23:21:00+00:00,13.2529,13.2597,13.2529,13.2597,0
2026-06-30 23:22:00+00:00,13.25,13.26,13.25,13.26,0
2026-06-30 23:23:00+00:00,13.26,13.26,13.25,13.26,0
2026-06-30 23:24:00+00:00,13.255,13.2599,13.25,13.25,0
2026-06-30 23:25:00+00:00,13.2573,13.26,13.25,13.255,0
2026-06-30 23:26:00+00:00,13.25,13.2599,13.25,13.2599,0
2026-06-30 23:27:00+00:00,13.25,13.26,13.25,13.26,0
2026-06-30 23:28:00+00:00,13.2599,13.26,13.253,13.2571,0
2026-06-30 23:29:00+00:00,13.26,13.26,13.25,13.25,0
2026-06-30 23:30:00+00:00,13.2598,13.26,13.25,13.2501,0
2026-06-30 23:31:00+00:00,13.2571,13.2599,13.25,13.257,0
2026-06-30 23:32:00+00:00,13.2597,13.2597,13.2503,13.2503,0
2026-06-30 23:33:00+00:00,13.2503,13.2573,13.2503,13.2571,0
2026-06-30 23:34:00+00:00,13.2599,13.26,13.2501,13.26,0
2026-06-30 23:35:00+00:00,13.257,13.2598,13.25,13.2573,0
2026-06-30 23:36:00+00:00,13.2572,13.2599,13.25,13.2599,0
2026-06-30 23:37:00+00:00,13.259,13.259,13.2571,13.2571,0
2026-06-30 23:38:00+00:00,13.25,13.26,13.25,13.2502,0
2026-06-30 23:39:00+00:00,13.2573,13.2573,13.2501,13.255,0
2026-06-30 23:40:00+00:00,13.26,13.26,13.25,13.26,0
2026-06-30 23:41:00+00:00,13.2513,13.26,13.25,13.255,0
2026-06-30 23:42:00+00:00,13.25,13.2599,13.25,13.25,0
2026-06-30 23:43:00+00:00,13.2572,13.26,13.25,13.2571,0
2026-06-30 23:44:00+00:00,13.2597,13.26,13.25,13.25,0
2026-06-30 23:45:00+00:00,13.2501,13.26,13.2501,13.259,0
2026-06-30 23:46:00+00:00,13.26,13.26,13.26,13.26,0
2026-06-30 23:47:00+00:00,13.2599,13.26,13.25,13.257,0
2026-06-30 23:48:00+00:00,13.2528,13.26,13.2528,13.255,0
2026-06-30 23:49:00+00:00,13.253,13.26,13.253,13.2571,0
2026-06-30 23:50:00+00:00,13.2502,13.26,13.25,13.26,0
2026-06-30 23:51:00+00:00,13.26,13.26,13.2599,13.2599,0
2026-06-30 23:52:00+00:00,13.26,13.26,13.25,13.25,0
2026-06-30 23:53:00+00:00,13.253,13.2598,13.253,13.2598,0
2026-06-30 23:54:00+00:00,13.2599,13.26,13.25,13.2501,0
2026-06-30 23:55:00+00:00,13.25,13.2599,13.25,13.25,0
2026-06-30 23:56:00+00:00,13.2502,13.2599,13.25,13.2572,0
2026-06-30 23:57:00+00:00,13.2526,13.26,13.2526,13.26,0
2026-06-30 23:58:00+00:00,13.26,13.26,13.2501,13.26,0
2026-06-30 23:59:00+00:00,13.26,13.26,13.2502,13.26,0
2026-07-01 08:00:00+00:00,13.35,13.39,13.08,13.34,0
2026-07-01 08:01:00+00:00,13.36,13.36,13.09,13.14,0
2026-07-01 08:02:00+00:00,13.18,13.34,13.1,13.13,0
2026-07-01 08:03:00+00:00,13.12,13.31,13.09,13.25,0
2026-07-01 08:04:00+00:00,13.25,13.39,13.09,13.26,0
2026-07-01 08:05:00+00:00,13.35,13.39,13.1,13.2609,0
2026-07-01 08:06:00+00:00,13.2606,13.27,13.2606,13.27,0
2026-07-01 08:07:00+00:00,13.265,13.265,13.25,13.26,0
2026-07-01 08:08:00+00:00,13.26,13.26,13.26,13.26,0
2026-07-01 08:09:00+00:00,13.26,13.33,13.09,13.26,0
2026-07-01 08:10:00+00:00,13.27,13.2705,13.27,13.27,0
2026-07-01 08:11:00+00:00,13.27,13.27,13.25,13.25,0
2026-07-01 08:12:00+00:00,13.25,13.26,13.245,13.2511,0
2026-07-01 08:13:00+00:00,13.25,13.26,13.25,13.26,0
2026-07-01 08:14:00+00:00,13.26,13.27,13.2593,13.2593,0
2026-07-01 08:15:00+00:00,13.26,13.26,13.2588,13.26,0
2026-07-01 08:16:00+00:00,13.25,13.25,13.22,13.22,0
2026-07-01 08:17:00+00:00,13.2205,13.23,13.22,13.23,0
2026-07-01 08:18:00+00:00,13.23,13.23,13.22,13.23,0
2026-07-01 08:19:00+00:00,13.23,13.23,13.22,13.22,0
2026-07-01 08:20:00+00:00,13.23,13.23,13.22,13.2295,0
2026-07-01 08:21:00+00:00,13.23,13.23,13.21,13.21,0
2026-07-01 08:22:00+00:00,13.21,13.23,13.21,13.22,0
2026-07-01 08:23:00+00:00,13.22,13.28,13.22,13.27,0
2026-07-01 08:24:00+00:00,13.2691,13.28,13.26,13.28,0
2026-07-01 08:25:00+00:00,13.27,13.2901,13.27,13.29,0
2026-07-01 08:26:00+00:00,13.29,13.29,13.28,13.28,0
2026-07-01 08:27:00+00:00,13.29,13.3,13.29,13.3,0
2026-07-01 08:28:00+00:00,13.3,13.3,13.28,13.28,0
2026-07-01 08:29:00+00:00,13.28,13.2889,13.28,13.2811,0
2026-07-01 08:30:00+00:00,13.2889,13.2891,13.25,13.25,0
2026-07-01 08:31:00+00:00,13.26,13.26,13.25,13.2506,0
2026-07-01 08:32:00+00:00,13.25,13.2588,13.25,13.2511,0
2026-07-01 08:33:00+00:00,13.2588,13.26,13.24,13.24,0
2026-07-01 08:34:00+00:00,13.25,13.27,13.25,13.2616,0
2026-07-01 08:35:00+00:00,13.27,13.31,13.27,13.2916,0
2026-07-01 08:36:00+00:00,13.2989,13.309,13.2912,13.3012,0
2026-07-01 08:37:00+00:00,13.3,13.3,13.2889,13.2905,0
2026-07-01 08:38:00+00:00,13.29,13.29,13.28,13.29,0
2026-07-01 08:39:00+00:00,13.29,13.31,13.29,13.3,0
2026-07-01 08:40:00+00:00,13.299,13.299,13.281,13.2909,0
2026-07-01 08:41:00+00:00,13.29,13.29,13.2888,13.2888,0
2026-07-01 08:42:00+00:00,13.28,13.3,13.28,13.3,0
2026-07-01 08:43:00+00:00,13.29,13.32,13.29,13.32,0
2026-07-01 08:44:00+00:00,13.3195,13.35,13.3195,13.35,0
2026-07-01 08:45:00+00:00,13.34,13.34,13.3206,13.33,0
2026-07-01 08:46:00+00:00,13.33,13.33,13.32,13.33,0
2026-07-01 08:47:00+00:00,13.3292,13.35,13.3292,13.3411,0
2026-07-01 08:48:00+00:00,13.34,13.34,13.33,13.33,0
2026-07-01 08:49:00+00:00,13.3288,13.3288,13.32,13.32,0
2026-07-01 08:50:00+00:00,13.3105,13.3195,13.3105,13.3195,0
2026-07-01 08:51:00+00:00,13.315,13.3193,13.315,13.3193,0
2026-07-01 08:52:00+00:00,13.32,13.33,13.32,13.33,0
2026-07-01 08:53:00+00:00,13.3312,13.34,13.3309,13.3309,0
2026-07-01 08:54:00+00:00,13.33,13.335,13.33,13.3307,0
2026-07-01 08:55:00+00:00,13.34,13.36,13.3391,13.3594,0
2026-07-01 08:56:00+00:00,13.3512,13.38,13.3512,13.37,0
2026-07-01 08:57:00+00:00,13.37,13.37,13.3606,13.37,0
2026-07-01 08:58:00+00:00,13.37,13.37,13.36,13.37,0
2026-07-01 08:59:00+00:00,13.36,13.41,13.36,13.4092,0
2026-07-01 09:00:00+00:00,13.4095,13.43,13.3993,13.4083,0
2026-07-01 09:01:00+00:00,13.39,13.41,13.39,13.4,0
2026-07-01 09:02:00+00:00,13.41,13.4194,13.41,13.4105,0
2026-07-01 09:03:00+00:00,13.41,13.41,13.4,13.4,0
2026-07-01 09:04:00+00:00,13.4007,13.41,13.4,13.41,0
2026-07-01 09:05:00+00:00,13.41,13.415,13.4,13.41,0
2026-07-01 09:06:00+00:00,13.41,13.41,13.39,13.39,0
2026-07-01 09:07:00+00:00,13.39,13.39,13.37,13.37,0
2026-07-01 09:08:00+00:00,13.37,13.37,13.35,13.35,0
2026-07-01 09:09:00+00:00,13.34,13.35,13.34,13.34,0
2026-07-01 09:10:00+00:00,13.3495,13.3495,13.33,13.34,0
2026-07-01 09:11:00+00:00,13.33,13.33,13.32,13.33,0
2026-07-01 09:12:00+00:00,13.34,13.3405,13.34,13.3405,0
2026-07-01 09:13:00+00:00,13.34,13.34,13.34,13.34,0
2026-07-01 09:14:00+00:00,13.34,13.34,13.3305,13.3305,0
2026-07-01 09:15:00+00:00,13.3305,13.34,13.3305,13.34,0
2026-07-01 09:16:00+00:00,13.3395,13.34,13.3395,13.34,0
2026-07-01 09:17:00+00:00,13.34,13.34,13.3389,13.3396,0
2026-07-01 09:18:00+00:00,13.33,13.34,13.33,13.34,0
2026-07-01 09:19:00+00:00,13.3395,13.3395,13.33,13.33,0
2026-07-01 09:20:00+00:00,13.33,13.34,13.32,13.3209,0
2026-07-01 09:21:00+00:00,13.3212,13.33,13.32,13.33,0
2026-07-01 09:22:00+00:00,13.3292,13.33,13.3205,13.3205,0
2026-07-01 09:23:00+00:00,13.33,13.33,13.32,13.32,0
2026-07-01 09:24:00+00:00,13.33,13.33,13.3292,13.3292,0
2026-07-01 09:25:00+00:00,13.3293,13.3293,13.3293,13.3293,0
2026-07-01 09:26:00+00:00,13.33,13.33,13.32,13.32,0
2026-07-01 09:27:00+00:00,13.31,13.31,13.29,13.29,0
2026-07-01 09:28:00+00:00,13.299,13.3,13.2905,13.3,0
2026-07-01 09:29:00+00:00,13.3,13.3,13.2912,13.2912,0
2026-07-01 09:30:00+00:00,13.2994,13.31,13.2905,13.2905,0
2026-07-01 09:31:00+00:00,13.3,13.3,13.3,13.3,0
2026-07-01 09:32:00+00:00,13.3,13.3,13.3,13.3,0
2026-07-01 09:33:00+00:00,13.2991,13.32,13.29,13.32,0
2026-07-01 09:34:00+00:00,13.3106,13.3189,13.3101,13.3112,0
2026-07-01 09:35:00+00:00,13.31,13.32,13.31,13.32,0
2026-07-01 09:36:00+00:00,13.31,13.31,13.3,13.31,0
2026-07-01 09:37:00+00:00,13.3095,13.3095,13.3,13.3,0
2026-07-01 09:38:00+00:00,13.3,13.3,13.3,13.3,0
2026-07-01 09:39:00+00:00,13.29,13.298,13.29,13.29,0
2026-07-01 09:40:00+00:00,13.29,13.29,13.29,13.29,0
2026-07-01 09:41:00+00:00,13.29,13.3,13.29,13.29,0
2026-07-01 09:42:00+00:00,13.3,13.3,13.3,13.3,0
2026-07-01 09:43:00+00:00,13.29,13.305,13.29,13.3,0
2026-07-01 09:45:00+00:00,13.3,13.31,13.3,13.31,0
2026-07-01 09:46:00+00:00,13.3,13.31,13.3,13.3088,0
2026-07-01 09:47:00+00:00,13.3095,13.31,13.3095,13.31,0
2026-07-01 09:49:00+00:00,13.3089,13.31,13.3089,13.31,0
2026-07-01 09:50:00+00:00,13.305,13.315,13.3,13.3,0
2026-07-01 09:51:00+00:00,13.3,13.3,13.3,13.3,0
2026-07-01 09:52:00+00:00,13.2988,13.3,13.2988,13.3,0
2026-07-01 09:53:00+00:00,13.3,13.3,13.3,13.3,0
2026-07-01 09:54:00+00:00,13.3,13.3,13.3,13.3,0
2026-07-01 09:55:00+00:00,13.29,13.29,13.29,13.29,0
2026-07-01 09:56:00+00:00,13.29,13.29,13.29,13.29,0
2026-07-01 09:57:00+00:00,13.29,13.29,13.27,13.28,0
2026-07-01 09:58:00+00:00,13.2795,13.2808,13.2795,13.2808,0
2026-07-01 09:59:00+00:00,13.2799,13.2799,13.26,13.27,0
2026-07-01 10:00:00+00:00,13.27,13.27,13.27,13.27,0
2026-07-01 10:02:00+00:00,13.27,13.27,13.265,13.27,0
2026-07-01 10:03:00+00:00,13.28,13.28,13.27,13.2705,0
2026-07-01 10:04:00+00:00,13.2709,13.28,13.27,13.28,0
2026-07-01 10:05:00+00:00,13.27,13.28,13.265,13.28,0
2026-07-01 10:06:00+00:00,13.28,13.28,13.25,13.25,0
2026-07-01 10:07:00+00:00,13.25,13.25,13.25,13.25,0
2026-07-01 10:08:00+00:00,13.26,13.26,13.26,13.26,0
2026-07-01 10:09:00+00:00,13.26,13.26,13.26,13.26,0
2026-07-01 10:11:00+00:00,13.27,13.27,13.25,13.25,0
2026-07-01 10:12:00+00:00,13.2605,13.27,13.26,13.26,0
2026-07-01 10:13:00+00:00,13.2512,13.2512,13.25,13.2505,0
2026-07-01 10:14:00+00:00,13.25,13.25,13.25,13.25,0
2026-07-01 10:15:00+00:00,13.2511,13.265,13.25,13.26,0
2026-07-01 10:16:00+00:00,13.259,13.259,13.259,13.259,0
2026-07-01 10:17:00+00:00,13.26,13.29,13.26,13.2794,0
2026-07-01 10:18:00+00:00,13.27,13.27,13.26,13.26,0
2026-07-01 10:20:00+00:00,13.28,13.3,13.28,13.3,0
2026-07-01 10:21:00+00:00,13.3,13.3,13.2995,13.3,0
2026-07-01 10:22:00+00:00,13.3,13.3,13.2992,13.2992,0
2026-07-01 10:23:00+00:00,13.28,13.29,13.28,13.2889,0
2026-07-01 10:26:00+00:00,13.29,13.3,13.29,13.29,0
2026-07-01 10:27:00+00:00,13.2995,13.3,13.2905,13.299,0
2026-07-01 10:29:00+00:00,13.3,13.3,13.29,13.3,0
2026-07-01 10:30:00+00:00,13.2994,13.3,13.29,13.29,0
2026-07-01 10:31:00+00:00,13.2995,13.2995,13.29,13.29,0
2026-07-01 10:32:00+00:00,13.28,13.28,13.28,13.28,0
2026-07-01 10:33:00+00:00,13.28,13.29,13.28,13.28,0
2026-07-01 10:34:00+00:00,13.3,13.31,13.3,13.31,0
2026-07-01 10:35:00+00:00,13.3095,13.3095,13.3,13.3,0
2026-07-01 10:36:00+00:00,13.3,13.3,13.3,13.3,0
2026-07-01 10:37:00+00:00,13.3,13.3005,13.3,13.3,0
2026-07-01 10:38:00+00:00,13.3,13.3,13.3,13.3,0
2026-07-01 10:39:00+00:00,13.2994,13.2994,13.2994,13.2994,0
2026-07-01 10:40:00+00:00,13.29,13.29,13.29,13.29,0
2026-07-01 10:41:00+00:00,13.29,13.29,13.28,13.28,0
2026-07-01 10:42:00+00:00,13.28,13.28,13.28,13.28,0
2026-07-01 10:43:00+00:00,13.2797,13.28,13.27,13.2709,0
2026-07-01 10:44:00+00:00,13.2795,13.28,13.27,13.27,0
2026-07-01 10:45:00+00:00,13.28,13.28,13.28,13.28,0
2026-07-01 10:48:00+00:00,13.2705,13.28,13.2705,13.28,0
2026-07-01 10:49:00+00:00,13.2795,13.2795,13.27,13.27,0
2026-07-01 10:50:00+00:00,13.27,13.285,13.27,13.2801,0
2026-07-01 10:51:00+00:00,13.2995,13.2995,13.2995,13.2995,0
2026-07-01 10:52:00+00:00,13.3,13.3,13.2991,13.2991,0
2026-07-01 10:53:00+00:00,13.29,13.3,13.29,13.3,0
2026-07-01 10:54:00+00:00,13.29,13.29,13.29,13.29,0
2026-07-01 10:55:00+00:00,13.29,13.31,13.29,13.31,0
2026-07-01 10:56:00+00:00,13.31,13.31,13.31,13.31,0
2026-07-01 10:57:00+00:00,13.3006,13.3006,13.3006,13.3006,0
2026-07-01 10:58:00+00:00,13.31,13.31,13.3005,13.3005,0
2026-07-01 10:59:00+00:00,13.31,13.31,13.31,13.31,0
2026-07-01 11:00:00+00:00,13.31,13.32,13.3,13.31,0
2026-07-01 11:01:00+00:00,13.31,13.31,13.3,13.3091,0
2026-07-01 11:02:00+00:00,13.3095,13.31,13.3,13.3097,0
2026-07-01 11:03:00+00:00,13.315,13.32,13.31,13.32,0
2026-07-01 11:04:00+00:00,13.32,13.32,13.31,13.3192,0
2026-07-01 11:05:00+00:00,13.3105,13.32,13.3105,13.3199,0
2026-07-01 11:06:00+00:00,13.32,13.32,13.31,13.3105,0
2026-07-01 11:07:00+00:00,13.31,13.32,13.31,13.3191,0
2026-07-01 11:08:00+00:00,13.3198,13.32,13.31,13.315,0
2026-07-01 11:09:00+00:00,13.3107,13.3107,13.305,13.3101,0
2026-07-01 11:10:00+00:00,13.31,13.31,13.3,13.305,0
2026-07-01 11:11:00+00:00,13.31,13.3105,13.3095,13.31,0
2026-07-01 11:12:00+00:00,13.3,13.31,13.3,13.31,0
2026-07-01 11:13:00+00:00,13.3001,13.31,13.295,13.305,0
2026-07-01 11:14:00+00:00,13.3,13.31,13.3,13.3,0
2026-07-01 11:15:00+00:00,13.308,13.31,13.3,13.31,0
2026-07-01 11:16:00+00:00,13.3095,13.31,13.3,13.3,0
2026-07-01 11:17:00+00:00,13.3099,13.3099,13.29,13.29,0
2026-07-01 11:18:00+00:00,13.29,13.29,13.26,13.28,0
2026-07-01 11:19:00+00:00,13.27,13.27,13.26,13.26,0
2026-07-01 11:20:00+00:00,13.2613,13.2613,13.2392,13.2493,0
2026-07-01 11:21:00+00:00,13.2488,13.2597,13.24,13.2597,0
2026-07-01 11:22:00+00:00,13.2571,13.26,13.24,13.24,0
2026-07-01 11:23:00+00:00,13.2399,13.24,13.22,13.225,0
2026-07-01 11:24:00+00:00,13.2297,13.23,13.21,13.23,0
2026-07-01 11:25:00+00:00,13.24,13.24,13.2287,13.23,0
2026-07-01 11:26:00+00:00,13.23,13.24,13.23,13.24,0
2026-07-01 11:27:00+00:00,13.2399,13.24,13.23,13.24,0
2026-07-01 11:28:00+00:00,13.25,13.25,13.2403,13.2403,0
2026-07-01 11:29:00+00:00,13.2491,13.25,13.24,13.2492,0
2026-07-01 11:30:00+00:00,13.25,13.26,13.24,13.2508,0
2026-07-01 11:31:00+00:00,13.2597,13.2597,13.25,13.25,0
2026-07-01 11:32:00+00:00,13.25,13.25,13.23,13.231,0
2026-07-01 11:33:00+00:00,13.245,13.25,13.24,13.24,0
2026-07-01 11:34:00+00:00,13.24,13.24,13.23,13.2394,0
2026-07-01 11:35:00+00:00,13.2302,13.2387,13.23,13.23,0
2026-07-01 11:36:00+00:00,13.2369,13.2395,13.23,13.2305,0
2026-07-01 11:37:00+00:00,13.23,13.23,13.22,13.2202,0
2026-07-01 11:38:00+00:00,13.2278,13.23,13.22,13.22,0
2026-07-01 11:39:00+00:00,13.2269,13.24,13.21,13.23,0
2026-07-01 11:40:00+00:00,13.23,13.24,13.23,13.24,0
2026-07-01 11:41:00+00:00,13.23,13.24,13.2233,13.2233,0
2026-07-01 11:42:00+00:00,13.22,13.23,13.22,13.22,0
2026-07-01 11:43:00+00:00,13.2297,13.23,13.22,13.23,0
2026-07-01 11:44:00+00:00,13.2389,13.24,13.23,13.24,0
2026-07-01 11:45:00+00:00,13.2391,13.24,13.23,13.23,0
2026-07-01 11:46:00+00:00,13.24,13.24,13.2305,13.2398,0
2026-07-01 11:47:00+00:00,13.2394,13.24,13.23,13.2331,0
2026-07-01 11:48:00+00:00,13.2329,13.24,13.2329,13.24,0
2026-07-01 11:49:00+00:00,13.24,13.24,13.23,13.2398,0
2026-07-01 11:50:00+00:00,13.23,13.24,13.23,13.2395,0
2026-07-01 11:51:00+00:00,13.24,13.24,13.23,13.23,0
2026-07-01 11:52:00+00:00,13.2395,13.24,13.22,13.23,0
2026-07-01 11:53:00+00:00,13.23,13.24,13.23,13.23,0
2026-07-01 11:54:00+00:00,13.23,13.2397,13.22,13.2262,0
2026-07-01 11:55:00+00:00,13.2269,13.23,13.22,13.2271,0
2026-07-01 11:56:00+00:00,13.22,13.22,13.21,13.21,0
2026-07-01 11:57:00+00:00,13.2192,13.23,13.2192,13.22,0
2026-07-01 11:58:00+00:00,13.2294,13.23,13.2294,13.2298,0
2026-07-01 11:59:00+00:00,13.23,13.23,13.2201,13.23,0
2026-07-01 12:00:00+00:00,13.23,13.24,13.2223,13.24,0
2026-07-01 12:01:00+00:00,13.24,13.24,13.225,13.23,0
2026-07-01 12:02:00+00:00,13.225,13.2301,13.21,13.21,0
2026-07-01 12:03:00+00:00,13.219,13.22,13.21,13.22,0
2026-07-01 12:04:00+00:00,13.215,13.22,13.21,13.2101,0
2026-07-01 12:05:00+00:00,13.2195,13.22,13.2103,13.211,0
2026-07-01 12:06:00+00:00,13.21,13.22,13.21,13.21,0
2026-07-01 12:07:00+00:00,13.21,13.22,13.2,13.2,0
2026-07-01 12:08:00+00:00,13.205,13.21,13.2,13.2,0
2026-07-01 12:09:00+00:00,13.21,13.22,13.21,13.215,0
2026-07-01 12:10:00+00:00,13.21,13.22,13.21,13.2197,0
2026-07-01 12:11:00+00:00,13.22,13.22,13.21,13.21,0
2026-07-01 12:12:00+00:00,13.209,13.21,13.2,13.2098,0
2026-07-01 12:13:00+00:00,13.2,13.2,13.19,13.1999,0
2026-07-01 12:14:00+00:00,13.2,13.2098,13.2,13.2098,0
2026-07-01 12:15:00+00:00,13.21,13.22,13.21,13.2192,0
2026-07-01 12:16:00+00:00,13.21,13.22,13.2,13.2,0
2026-07-01 12:17:00+00:00,13.21,13.21,13.2,13.2,0
2026-07-01 12:18:00+00:00,13.2005,13.21,13.19,13.1916,0
2026-07-01 12:19:00+00:00,13.2,13.22,13.19,13.2,0
2026-07-01 12:20:00+00:00,13.2,13.2,13.18,13.18,0
2026-07-01 12:21:00+00:00,13.18,13.19,13.18,13.1802,0
2026-07-01 12:22:00+00:00,13.18,13.18,13.17,13.18,0
2026-07-01 12:23:00+00:00,13.1701,13.18,13.17,13.18,0
2026-07-01 12:24:00+00:00,13.1801,13.1899,13.1706,13.1899,0
2026-07-01 12:25:00+00:00,13.185,13.19,13.18,13.185,0
2026-07-01 12:26:00+00:00,13.18,13.18,13.17,13.175,0
2026-07-01 12:27:00+00:00,13.17,13.18,13.17,13.1798,0
2026-07-01 12:28:00+00:00,13.1703,13.28,13.17,13.18,0
2026-07-01 12:29:00+00:00,13.1798,13.18,13.17,13.1791,0
2026-07-01 12:30:00+00:00,13.1791,13.18,13.1601,13.169,0
2026-07-01 12:31:00+00:00,13.1669,13.17,13.1434,13.1434,0
2026-07-01 12:32:00+00:00,13.1492,13.16,13.14,13.15,0
2026-07-01 12:33:00+00:00,13.1599,13.28,13.15,13.18,0
2026-07-01 12:34:00+00:00,13.18,13.18,13.105,13.11,0
2026-07-01 12:35:00+00:00,13.11,13.11,13.065,13.09,0
2026-07-01 12:36:00+00:00,13.08,13.1,13.06,13.07,0
2026-07-01 12:37:00+00:00,13.07,13.08,13.06,13.0695,0
2026-07-01 12:38:00+00:00,13.0691,13.08,13.06,13.06,0
2026-07-01 12:39:00+00:00,13.0601,13.07,13.06,13.0677,0
2026-07-01 12:40:00+00:00,13.0698,13.07,13.04,13.0599,0
2026-07-01 12:41:00+00:00,13.06,13.07,13.06,13.06,0
2026-07-01 12:42:00+00:00,13.0603,13.07,13.02,13.0294,0
2026-07-01 12:43:00+00:00,13.03,13.04,13.02,13.0308,0
2026-07-01 12:44:00+00:00,13.0308,13.05,13.0194,13.02,0
2026-07-01 12:45:00+00:00,13.02,13.03,13.01,13.0298,0
2026-07-01 12:46:00+00:00,13.03,13.05,13.0,13.0199,0
2026-07-01 12:47:00+00:00,13.015,13.02,13.0028,13.01,0
2026-07-01 12:48:00+00:00,13.0,13.01,12.99,13.01,0
2026-07-01 12:49:00+00:00,13.01,13.011,12.98,12.98,0
2026-07-01 12:50:00+00:00,12.99,13.01,12.98,13.01,0
2026-07-01 12:51:00+00:00,13.02,13.02,12.98,12.98,0
2026-07-01 12:52:00+00:00,12.9896,12.99,12.97,12.97,0
2026-07-01 12:53:00+00:00,12.9794,12.98,12.96,12.965,0
2026-07-01 12:54:00+00:00,12.96,12.9601,12.95,12.9601,0
2026-07-01 12:55:00+00:00,12.97,12.97,12.95,12.97,0
2026-07-01 12:56:00+00:00,12.97,13.01,12.9692,13.0002,0
2026-07-01 12:57:00+00:00,13.0,13.02,12.9929,13.0092,0
2026-07-01 12:58:00+00:00,13.0099,13.01,12.98,12.99,0
2026-07-01 12:59:00+00:00,12.995,12.995,12.96,12.9687,0
2026-07-01 13:00:00+00:00,12.96,12.98,12.96,12.96,0
2026-07-01 13:01:00+00:00,12.9605,12.98,12.96,12.9793,0
2026-07-01 13:02:00+00:00,12.9705,12.98,12.95,12.9503,0
2026-07-01 13:03:00+00:00,12.9595,12.97,12.95,12.95,0
2026-07-01 13:04:00+00:00,12.95,12.96,12.95,12.955,0
2026-07-01 13:05:00+00:00,12.959,12.96,12.95,12.95,0
2026-07-01 13:06:00+00:00,12.95,13.28,12.93,12.93,0
2026-07-01 13:07:00+00:00,12.93,12.94,12.91,12.91,0
2026-07-01 13:08:00+00:00,12.92,12.92,12.89,12.9,0
2026-07-01 13:09:00+00:00,12.89,12.9,12.88,12.89,0
2026-07-01 13:10:00+00:00,12.9,12.915,12.89,12.91,0
2026-07-01 13:11:00+00:00,12.91,12.93,12.91,12.9291,0
2026-07-01 13:12:00+00:00,12.93,12.94,12.8901,12.8901,0
2026-07-01 13:13:00+00:00,12.8992,12.93,12.8905,12.905,0
2026-07-01 13:14:00+00:00,12.91,12.92,12.9,12.91,0
2026-07-01 13:30:00+00:00,12.84000015258789,12.866700172424316,12.8100004196167,12.854999542236328,6191002
2026-07-01 13:31:00+00:00,12.854999542236328,12.854999542236328,12.75,12.8149995803833,537586
2026-07-01 13:32:00+00:00,12.819000244140625,12.880000114440918,12.8100004196167,12.864999771118164,241634
2026-07-01 13:33:00+00:00,12.859999656677246,12.90999984741211,12.854999542236328,12.899999618530273,316238
2026-07-01 13:34:00+00:00,12.895000457763672,12.89799976348877,12.850000381469727,12.885000228881836,226153
2026-07-01 13:35:00+00:00,12.880000114440918,12.904999732971191,12.850000381469727,12.897700309753418,293561
2026-07-01 13:36:00+00:00,12.899999618530273,12.970000267028809,12.899999618530273,12.920000076293945,280631
2026-07-01 13:37:00+00:00,12.926400184631348,12.95989990234375,12.899999618530273,12.899999618530273,199079
2026-07-01 13:38:00+00:00,12.904999732971191,12.944999694824219,12.864999771118164,12.944999694824219,297293
2026-07-01 13:39:00+00:00,12.944999694824219,12.949899673461914,12.904999732971191,12.904999732971191,137223
2026-07-01 13:40:00+00:00,12.899999618530273,12.989999771118164,12.899999618530273,12.975000381469727,167014
2026-07-01 13:41:00+00:00,12.971699714660645,13.050000190734863,12.96500015258789,13.03499984741211,366560
2026-07-01 13:42:00+00:00,13.029999732971191,13.050000190734863,13.010100364685059,13.03600025177002,162017
2026-07-01 13:43:00+00:00,13.029999732971191,13.0600004196167,13.0,13.000100135803223,129242
2026-07-01 13:44:00+00:00,13.0,13.050000190734863,13.0,13.029999732971191,88474
2026-07-01 13:45:00+00:00,13.024999618530273,13.09000015258789,13.015000343322754,13.079999923706055,160154
2026-07-01 13:46:00+00:00,13.09000015258789,13.100000381469727,13.079899787902832,13.086899757385254,218499
2026-07-01 13:47:00+00:00,13.089300155639648,13.099900245666504,13.0600004196167,13.0649995803833,147233
2026-07-01 13:48:00+00:00,13.069299697875977,13.069999694824219,13.050000190734863,13.055000305175781,66278
2026-07-01 13:49:00+00:00,13.050000190734863,13.0600004196167,13.020000457763672,13.055000305175781,277257
2026-07-01 13:50:00+00:00,13.055000305175781,13.055000305175781,13.024999618530273,13.055000305175781,208693
2026-07-01 13:51:00+00:00,13.055000305175781,13.069999694824219,13.050000190734863,13.068599700927734,135796
2026-07-01 13:52:00+00:00,13.067299842834473,13.079999923706055,13.03499984741211,13.055000305175781,173756
2026-07-01 13:53:00+00:00,13.0600004196167,13.069999694824219,13.0,13.009900093078613,222789
2026-07-01 13:54:00+00:00,13.0,13.005000114440918,12.979999542236328,12.989899635314941,126812
2026-07-01 13:55:00+00:00,12.984999656677246,12.999899864196777,12.970000267028809,12.984999656677246,372244
2026-07-01 13:56:00+00:00,12.982000350952148,13.0,12.970000267028809,12.989999771118164,135297
2026-07-01 13:57:00+00:00,12.989999771118164,13.0,12.980899810791016,12.980899810791016,110831
2026-07-01 13:58:00+00:00,12.984999656677246,13.0,12.975000381469727,12.979999542236328,162761
2026-07-01 13:59:00+00:00,12.979999542236328,13.020000457763672,12.979999542236328,13.017999649047852,165602
2026-07-01 14:00:00+00:00,13.020000457763672,13.045000076293945,13.0,13.015000343322754,150669
2026-07-01 14:01:00+00:00,13.018799781799316,13.024999618530273,12.984999656677246,13.020000457763672,191179
2026-07-01 14:02:00+00:00,13.010700225830078,13.020000457763672,12.989999771118164,12.994999885559082,156352
2026-07-01 14:03:00+00:00,12.989999771118164,12.989999771118164,12.970000267028809,12.984999656677246,159420
2026-07-01 14:04:00+00:00,12.98289966583252,13.079999923706055,12.98289966583252,13.0649995803833,237639
2026-07-01 14:05:00+00:00,13.0649995803833,13.069999694824219,13.0,13.029999732971191,229916
2026-07-01 14:06:00+00:00,13.024999618530273,13.050000190734863,13.024999618530273,13.031900405883789,59347
2026-07-01 14:07:00+00:00,13.029999732971191,13.0600004196167,13.029999732971191,13.050000190734863,52311
2026-07-01 14:08:00+00:00,13.055000305175781,13.0600004196167,13.030099868774414,13.045000076293945,43227
2026-07-01 14:09:00+00:00,13.045000076293945,13.0600004196167,13.020000457763672,13.020000457763672,94257
2026-07-01 14:10:00+00:00,13.029999732971191,13.038900375366211,13.010000228881836,13.029999732971191,146545
2026-07-01 14:11:00+00:00,13.029999732971191,13.045000076293945,13.021300315856934,13.045000076293945,86657
2026-07-01 14:12:00+00:00,13.039999961853027,13.050000190734863,13.020000457763672,13.045000076293945,60975
2026-07-01 14:13:00+00:00,13.045000076293945,13.045000076293945,13.010000228881836,13.024999618530273,93929
2026-07-01 14:14:00+00:00,13.024999618530273,13.029999732971191,12.994999885559082,13.015000343322754,86963
2026-07-01 14:15:00+00:00,13.015000343322754,13.020000457763672,12.984999656677246,12.984999656677246,197876
2026-07-01 14:16:00+00:00,12.984999656677246,12.998100280761719,12.949999809265137,12.984999656677246,125263
2026-07-01 14:17:00+00:00,12.980600357055664,13.0,12.979999542236328,13.0,57721
2026-07-01 14:18:00+00:00,13.0,13.024999618530273,12.991000175476074,12.994999885559082,180819
2026-07-01 14:19:00+00:00,12.994999885559082,13.010000228881836,12.979999542236328,13.005000114440918,54882
2026-07-01 14:20:00+00:00,13.005000114440918,13.005000114440918,12.979999542236328,12.979999542236328,62165
2026-07-01 14:21:00+00:00,12.988699913024902,12.989999771118164,12.970000267028809,12.983799934387207,82845
2026-07-01 14:22:00+00:00,12.984999656677246,13.0,12.975000381469727,12.994999885559082,101190
2026-07-01 14:23:00+00:00,12.994999885559082,13.010000228881836,12.989999771118164,12.994999885559082,184792
2026-07-01 14:24:00+00:00,12.994999885559082,13.00510025024414,12.960000038146973,12.961299896240234,465946
2026-07-01 14:25:00+00:00,12.961600303649902,12.970000267028809,12.9399995803833,12.949999809265137,206085
2026-07-01 14:26:00+00:00,12.960000038146973,12.960000038146973,12.949999809265137,12.9576997756958,43941
2026-07-01 14:27:00+00:00,12.954999923706055,12.956399917602539,12.920000076293945,12.944999694824219,206213
2026-07-01 14:28:00+00:00,12.946000099182129,12.949899673461914,12.920000076293945,12.925000190734863,55122
2026-07-01 14:29:00+00:00,12.929900169372559,12.949999809265137,12.914999961853027,12.928999900817871,101692
2026-07-01 14:30:00+00:00,12.925000190734863,12.9399995803833,12.920000076293945,12.925000190734863,61807
2026-07-01 14:31:00+00:00,12.920100212097168,12.930000305175781,12.904500007629395,12.904999732971191,141373
2026-07-01 14:32:00+00:00,12.909899711608887,12.930000305175781,12.899999618530273,12.914999961853027,182518
2026-07-01 14:33:00+00:00,12.914999961853027,12.925000190734863,12.899999618530273,12.900400161743164,85844
2026-07-01 14:34:00+00:00,12.904999732971191,12.90999984741211,12.890000343322754,12.895000457763672,155862
2026-07-01 14:35:00+00:00,12.890000343322754,12.899999618530273,12.880000114440918,12.885000228881836,125147
2026-07-01 14:36:00+00:00,12.890000343322754,12.899999618530273,12.869999885559082,12.876099586486816,276081
2026-07-01 14:37:00+00:00,12.879899978637695,12.899399757385254,12.875,12.888500213623047,211652
2026-07-01 14:38:00+00:00,12.885000228881836,12.899999618530273,12.869999885559082,12.899100303649902,218834
2026-07-01 14:39:00+00:00,12.895000457763672,12.899999618530273,12.890000343322754,12.899999618530273,36096
2026-07-01 14:40:00+00:00,12.890000343322754,12.899999618530273,12.880000114440918,12.887999534606934,113500
2026-07-01 14:41:00+00:00,12.885000228881836,12.885000228881836,12.869999885559082,12.879899978637695,87102
2026-07-01 14:42:00+00:00,12.869999885559082,12.875,12.859999656677246,12.860199928283691,128860
2026-07-01 14:43:00+00:00,12.860699653625488,12.869999885559082,12.859999656677246,12.865900039672852,94078
2026-07-01 14:44:00+00:00,12.859999656677246,12.864999771118164,12.850000381469727,12.85990047454834,204710
2026-07-01 14:45:00+00:00,12.854999542236328,12.858599662780762,12.835000038146973,12.835000038146973,173172
2026-07-01 14:46:00+00:00,12.830100059509277,12.84000015258789,12.8100004196167,12.8149995803833,167496
2026-07-01 14:47:00+00:00,12.8149995803833,12.824999809265137,12.800000190734863,12.800000190734863,395872
2026-07-01 14:48:00+00:00,12.800000190734863,12.818599700927734,12.789999961853027,12.795000076293945,265801
2026-07-01 14:49:00+00:00,12.79170036315918,12.824999809265137,12.789999961853027,12.8100004196167,331436
2026-07-01 14:50:00+00:00,12.812000274658203,12.848799705505371,12.8100004196167,12.843099594116211,181520
2026-07-01 14:51:00+00:00,12.845000267028809,12.859999656677246,12.829999923706055,12.835000038146973,90806
2026-07-01 14:52:00+00:00,12.829999923706055,12.829999923706055,12.805000305175781,12.809900283813477,293695
2026-07-01 14:53:00+00:00,12.8100004196167,12.829999923706055,12.8100004196167,12.824999809265137,79953
2026-07-01 14:54:00+00:00,12.824999809265137,12.829999923706055,12.8100004196167,12.810199737548828,67059
2026-07-01 14:55:00+00:00,12.8100004196167,12.8149995803833,12.800000190734863,12.809900283813477,197932
2026-07-01 14:56:00+00:00,12.800000190734863,12.8100004196167,12.779999732971191,12.781000137329102,152255
2026-07-01 14:57:00+00:00,12.779999732971191,12.789899826049805,12.770000457763672,12.774999618530273,70459
2026-07-01 14:58:00+00:00,12.774999618530273,12.779899597167969,12.720000267028809,12.72029972076416,440095
2026-07-01 14:59:00+00:00,12.725000381469727,12.779999732971191,12.720000267028809,12.774999618530273,253310
2026-07-01 15:00:00+00:00,12.779999732971191,12.8100004196167,12.779999732971191,12.800100326538086,93645
2026-07-01 15:01:00+00:00,12.800000190734863,12.809700012207031,12.779999732971191,12.789999961853027,629529
2026-07-01 15:02:00+00:00,12.798600196838379,12.805000305175781,12.78499984741211,12.805000305175781,1356044
2026-07-01 15:03:00+00:00,12.805000305175781,12.829999923706055,12.800000190734863,12.824999809265137,1896091
2026-07-01 15:04:00+00:00,12.824999809265137,12.845000267028809,12.819999694824219,12.845000267028809,580799
2026-07-01 15:05:00+00:00,12.84000015258789,12.850000381469727,12.824999809265137,12.842100143432617,124674
2026-07-01 15:06:00+00:00,12.850000381469727,12.850000381469727,12.829999923706055,12.835000038146973,49679
2026-07-01 15:07:00+00:00,12.835000038146973,12.859999656677246,12.835000038146973,12.840100288391113,124477
2026-07-01 15:08:00+00:00,12.845000267028809,12.845000267028809,12.819999694824219,12.824999809265137,60612
2026-07-01 15:09:00+00:00,12.824999809265137,12.829999923706055,12.8100004196167,12.819000244140625,137657
2026-07-01 15:10:00+00:00,12.8149995803833,12.819999694824219,12.789999961853027,12.819600105285645,247828
2026-07-01 15:11:00+00:00,12.815099716186523,12.829000473022461,12.800000190734863,12.829000473022461,127316
2026-07-01 15:12:00+00:00,12.829999923706055,12.869999885559082,12.819999694824219,12.869999885559082,69042
2026-07-01 15:13:00+00:00,12.864999771118164,12.875,12.850000381469727,12.854999542236328,173712
2026-07-01 15:14:00+00:00,12.850000381469727,12.859999656677246,12.84000015258789,12.85830020904541,119887
2026-07-01 15:15:00+00:00,12.854999542236328,12.880000114440918,12.854999542236328,12.875,91552
2026-07-01 15:16:00+00:00,12.875,12.890000343322754,12.869999885559082,12.885000228881836,176839
2026-07-01 15:17:00+00:00,12.889100074768066,12.90999984741211,12.881400108337402,12.90999984741211,118257
2026-07-01 15:18:00+00:00,12.90999984741211,12.920000076293945,12.899999618530273,12.914999961853027,220628
2026-07-01 15:19:00+00:00,12.915399551391602,12.920000076293945,12.904999732971191,12.914999961853027,71548
2026-07-01 15:20:00+00:00,12.90999984741211,12.930000305175781,12.90999984741211,12.920000076293945,104993
2026-07-01 15:21:00+00:00,12.92199993133545,12.930000305175781,12.904999732971191,12.909899711608887,91205
2026-07-01 15:22:00+00:00,12.904999732971191,12.930000305175781,12.899999618530273,12.914999961853027,138512
2026-07-01 15:23:00+00:00,12.914999961853027,12.920000076293945,12.90999984741211,12.914999961853027,23165
2026-07-01 15:24:00+00:00,12.914999961853027,12.920000076293945,12.890000343322754,12.897899627685547,195552
2026-07-01 15:25:00+00:00,12.895000457763672,12.930000305175781,12.890000343322754,12.930000305175781,137157
2026-07-01 15:26:00+00:00,12.929300308227539,12.949999809265137,12.920000076293945,12.925000190734863,157259
2026-07-01 15:27:00+00:00,12.920000076293945,12.9399995803833,12.920000076293945,12.9350004196167,99798
2026-07-01 15:28:00+00:00,12.939900398254395,12.949999809265137,12.930000305175781,12.937399864196777,180368
2026-07-01 15:29:00+00:00,12.9399995803833,12.96500015258789,12.9399995803833,12.947999954223633,235217
2026-07-01 15:30:00+00:00,12.944999694824219,12.96500015258789,12.9399995803833,12.960000038146973,191980
2026-07-01 15:31:00+00:00,12.960000038146973,12.979900360107422,12.953900337219238,12.970499992370605,181204
2026-07-01 15:32:00+00:00,12.975000381469727,12.979999542236328,12.960000038146973,12.975000381469727,73782
2026-07-01 15:33:00+00:00,12.979299545288086,12.979999542236328,12.96500015258789,12.970000267028809,54927
2026-07-01 15:34:00+00:00,12.969900131225586,13.0,12.960000038146973,12.984999656677246,575958
2026-07-01 15:35:00+00:00,12.989999771118164,12.994999885559082,12.960100173950195,12.960100173950195,303200
2026-07-01 15:36:00+00:00,12.96500015258789,12.96500015258789,12.930000305175781,12.949999809265137,167412
2026-07-01 15:37:00+00:00,12.944999694824219,12.960000038146973,12.9399995803833,12.947799682617188,112924
2026-07-01 15:38:00+00:00,12.944999694824219,12.954999923706055,12.9399995803833,12.944999694824219,53947
2026-07-01 15:39:00+00:00,12.949999809265137,12.949999809265137,12.930000305175781,12.930100440979004,100399
2026-07-01 15:40:00+00:00,12.930000305175781,12.9399995803833,12.920000076293945,12.920100212097168,141163
2026-07-01 15:41:00+00:00,12.925000190734863,12.949999809265137,12.920000076293945,12.944999694824219,57336
2026-07-01 15:42:00+00:00,12.942299842834473,12.949899673461914,12.925000190734863,12.925000190734863,79188
2026-07-01 15:43:00+00:00,12.925894737243652,12.930000305175781,12.90999984741211,12.925000190734863,60633
2026-07-01 15:44:00+00:00,12.925000190734863,12.930000305175781,12.914999961853027,12.925000190734863,64448
2026-07-01 15:45:00+00:00,12.925000190734863,12.960000038146973,12.90999984741211,12.95989990234375,179013
2026-07-01 15:46:00+00:00,12.949999809265137,12.949999809265137,12.940099716186523,12.940099716186523,41576
2026-07-01 15:47:00+00:00,12.944999694824219,12.960000038146973,12.930000305175781,12.944999694824219,100013
2026-07-01 15:48:00+00:00,12.941499710083008,12.960000038146973,12.9399995803833,12.954999923706055,56641
2026-07-01 15:49:00+00:00,12.954999923706055,12.954999923706055,12.931300163269043,12.9350004196167,68430
2026-07-01 15:50:00+00:00,12.939000129699707,12.954999923706055,12.930100440979004,12.954999923706055,70645
2026-07-01 15:51:00+00:00,12.95009994506836,12.960000038146973,12.940099716186523,12.944999694824219,88034
2026-07-01 15:52:00+00:00,12.944999694824219,12.954999923706055,12.9399995803833,12.954999923706055,49716
2026-07-01 15:53:00+00:00,12.954999923706055,12.960000038146973,12.9399995803833,12.954999923706055,281881
2026-07-01 15:54:00+00:00,12.954999923706055,12.954999923706055,12.930000305175781,12.930000305175781,118127
2026-07-01 15:55:00+00:00,12.930100440979004,12.9350004196167,12.920000076293945,12.920999526977539,118778
2026-07-01 15:56:00+00:00,12.920000076293945,12.920000076293945,12.90999984741211,12.914999961853027,66816
2026-07-01 15:57:00+00:00,12.914999961853027,12.9399995803833,12.90999984741211,12.9399995803833,74215
2026-07-01 15:58:00+00:00,12.9399995803833,12.949999809265137,12.9350004196167,12.941100120544434,63806
2026-07-01 15:59:00+00:00,12.9399995803833,12.949999809265137,12.9399995803833,12.944999694824219,87840
2026-07-01 16:00:00+00:00,12.944999694824219,12.960000038146973,12.9350004196167,12.95989990234375,167764
2026-07-01 16:01:00+00:00,12.954999923706055,12.960000038146973,12.949999809265137,12.954999923706055,109319
2026-07-01 16:02:00+00:00,12.954999923706055,12.979900360107422,12.949999809265137,12.965100288391113,270780
2026-07-01 16:03:00+00:00,12.96500015258789,12.989999771118164,12.960000038146973,12.969300270080566,199360
2026-07-01 16:04:00+00:00,12.970000267028809,12.979999542236328,12.96500015258789,12.977700233459473,517932
2026-07-01 16:05:00+00:00,12.970000267028809,12.972800254821777,12.960000038146973,12.970000267028809,89677
2026-07-01 16:06:00+00:00,12.970000267028809,12.979999542236328,12.960100173950195,12.975000381469727,86182
2026-07-01 16:07:00+00:00,12.97070026397705,12.979499816894531,12.970000267028809,12.975000381469727,22572
2026-07-01 16:08:00+00:00,12.975000381469727,12.979700088500977,12.970000267028809,12.975000381469727,18032
2026-07-01 16:09:00+00:00,12.975000381469727,12.975000381469727,12.9399995803833,12.95009994506836,214215
2026-07-01 16:10:00+00:00,12.954999923706055,12.959600448608398,12.9399995803833,12.949999809265137,76446
2026-07-01 16:11:00+00:00,12.954999923706055,12.960000038146973,12.949999809265137,12.954999923706055,30771
2026-07-01 16:12:00+00:00,12.95259952545166,12.960000038146973,12.949999809265137,12.949999809265137,50352
2026-07-01 16:13:00+00:00,12.951000213623047,12.95740032196045,12.930000305175781,12.930000305175781,90992
2026-07-01 16:14:00+00:00,12.930000305175781,12.939900398254395,12.920000076293945,12.925000190734863,57002
2026-07-01 16:15:00+00:00,12.925000190734863,12.9399995803833,12.920000076293945,12.920000076293945,113068
2026-07-01 16:16:00+00:00,12.920000076293945,12.930000305175781,12.920000076293945,12.925000190734863,25628
2026-07-01 16:17:00+00:00,12.925000190734863,12.9399995803833,12.925000190734863,12.9350004196167,65270
2026-07-01 16:18:00+00:00,12.939499855041504,12.939499855041504,12.920000076293945,12.925000190734863,50933
2026-07-01 16:19:00+00:00,12.922800064086914,12.94789981842041,12.92039966583252,12.944999694824219,66721
2026-07-01 16:20:00+00:00,12.9399995803833,12.954999923706055,12.9399995803833,12.954999923706055,86948
2026-07-01 16:21:00+00:00,12.954999923706055,12.959799766540527,12.949999809265137,12.954999923706055,22636
2026-07-01 16:22:00+00:00,12.95009994506836,12.960000038146973,12.949999809265137,12.954999923706055,31449
2026-07-01 16:23:00+00:00,12.949999809265137,12.989999771118164,12.949999809265137,12.984999656677246,112013
2026-07-01 16:24:00+00:00,12.989999771118164,12.989999771118164,12.979999542236328,12.984999656677246,49376
2026-07-01 16:25:00+00:00,12.984999656677246,13.0,12.975000381469727,12.984999656677246,173451
2026-07-01 16:26:00+00:00,12.98009967803955,13.0,12.979999542236328,12.989999771118164,73128
2026-07-01 16:27:00+00:00,12.989999771118164,13.0,12.989999771118164,12.989999771118164,10067
2026-07-01 16:28:00+00:00,12.994999885559082,13.0,12.984999656677246,13.0,56320
2026-07-01 16:29:00+00:00,12.994999885559082,13.010000228881836,12.989999771118164,13.010000228881836,113672
2026-07-01 16:30:00+00:00,13.005000114440918,13.007399559020996,12.989999771118164,12.990099906921387,92064
2026-07-01 16:31:00+00:00,12.994999885559082,13.0,12.989999771118164,13.0,18809
2026-07-01 16:32:00+00:00,12.989999771118164,13.010000228881836,12.98009967803955,13.001399993896484,146963
2026-07-01 16:33:00+00:00,13.005499839782715,13.01990032196045,13.0,13.012299537658691,36599
2026-07-01 16:34:00+00:00,13.015000343322754,13.015000343322754,13.0,13.010000228881836,48375
2026-07-01 16:35:00+00:00,13.005000114440918,13.005000114440918,12.970100402832031,12.979999542236328,135741
2026-07-01 16:36:00+00:00,12.989999771118164,12.989999771118164,12.970000267028809,12.970000267028809,35839
2026-07-01 16:37:00+00:00,12.975000381469727,12.989999771118164,12.970000267028809,12.984999656677246,134881
2026-07-01 16:38:00+00:00,12.98859977722168,12.98859977722168,12.970000267028809,12.975000381469727,48175
2026-07-01 16:39:00+00:00,12.975000381469727,12.979299545288086,12.970000267028809,12.975000381469727,25329
2026-07-01 16:40:00+00:00,12.970000267028809,12.970000267028809,12.960000038146973,12.96500015258789,39136
2026-07-01 16:41:00+00:00,12.960000038146973,12.970000267028809,12.960000038146973,12.960000038146973,112520
2026-07-01 16:42:00+00:00,12.960000038146973,12.979999542236328,12.960000038146973,12.975000381469727,217964
2026-07-01 16:43:00+00:00,12.975000381469727,12.979999542236328,12.970000267028809,12.977499961853027,11199
2026-07-01 16:44:00+00:00,12.975000381469727,12.979999542236328,12.970000267028809,12.975000381469727,31148
2026-07-01 16:45:00+00:00,12.970000267028809,12.979999542236328,12.970000267028809,12.975000381469727,9441
2026-07-01 16:46:00+00:00,12.979599952697754,12.979599952697754,12.970000267028809,12.975000381469727,12335
2026-07-01 16:47:00+00:00,12.975000381469727,12.989999771118164,12.970000267028809,12.984999656677246,96645
2026-07-01 16:48:00+00:00,12.984999656677246,12.989999771118164,12.98009967803955,12.984999656677246,38669
2026-07-01 16:49:00+00:00,12.984999656677246,12.989999771118164,12.979999542236328,12.984999656677246,109628
2026-07-01 16:50:00+00:00,12.984999656677246,12.989999771118164,12.979999542236328,12.984999656677246,14653
2026-07-01 16:51:00+00:00,12.984999656677246,12.987099647521973,12.970000267028809,12.975000381469727,75518
2026-07-01 16:52:00+00:00,12.975000381469727,12.979999542236328,12.960000038146973,12.96500015258789,25036
2026-07-01 16:53:00+00:00,12.960100173950195,12.979999542236328,12.960100173950195,12.979999542236328,33289
2026-07-01 16:54:00+00:00,12.975000381469727,12.989999771118164,12.970000267028809,12.989999771118164,40767
2026-07-01 16:55:00+00:00,12.984999656677246,12.989999771118164,12.975000381469727,12.975000381469727,50661
2026-07-01 16:56:00+00:00,12.975000381469727,12.984999656677246,12.970000267028809,12.982199668884277,25402
2026-07-01 16:57:00+00:00,12.984999656677246,12.989999771118164,12.979999542236328,12.989999771118164,20844
2026-07-01 16:58:00+00:00,12.984999656677246,12.989999771118164,12.979999542236328,12.979999542236328,15523
2026-07-01 16:59:00+00:00,12.980999946594238,12.984999656677246,12.970000267028809,12.975000381469727,69513
2026-07-01 17:00:00+00:00,12.979999542236328,13.0,12.979999542236328,12.995100021362305,41291
2026-07-01 17:01:00+00:00,13.0,13.010000228881836,12.989999771118164,13.0,112505
2026-07-01 17:02:00+00:00,13.005000114440918,13.005000114440918,12.989999771118164,12.990699768066406,29214
2026-07-01 17:03:00+00:00,12.994999885559082,12.994999885559082,12.96500015258789,12.968600273132324,85684
2026-07-01 17:04:00+00:00,12.970000267028809,12.979999542236328,12.962300300598145,12.975000381469727,45923
2026-07-01 17:05:00+00:00,12.975000381469727,12.975000381469727,12.949999809265137,12.949999809265137,75195
2026-07-01 17:06:00+00:00,12.949999809265137,12.956100463867188,12.949999809265137,12.954999923706055,7166
2026-07-01 17:07:00+00:00,12.954999923706055,12.970000267028809,12.954999923706055,12.961600303649902,38765
2026-07-01 17:08:00+00:00,12.96500015258789,12.970000267028809,12.960000038146973,12.970000267028809,16347
2026-07-01 17:09:00+00:00,12.969900131225586,12.970000267028809,12.960100173950195,12.96500015258789,14913
2026-07-01 17:10:00+00:00,12.960000038146973,12.960000038146973,12.949999809265137,12.949999809265137,93491
2026-07-01 17:11:00+00:00,12.951399803161621,12.960000038146973,12.949999809265137,12.954999923706055,34254
2026-07-01 17:12:00+00:00,12.954999923706055,12.968400001525879,12.954999923706055,12.96500015258789,38619
2026-07-01 17:13:00+00:00,12.96500015258789,12.967700004577637,12.930000305175781,12.930000305175781,244420
2026-07-01 17:14:00+00:00,12.939800262451172,12.9399995803833,12.930000305175781,12.9350004196167,12797
2026-07-01 17:15:00+00:00,12.9350004196167,12.949999809265137,12.9350004196167,12.9350004196167,57104
2026-07-01 17:16:00+00:00,12.939900398254395,12.949999809265137,12.9350004196167,12.9399995803833,45370
2026-07-01 17:17:00+00:00,12.944999694824219,12.949999809265137,12.930999755859375,12.9350004196167,35691
2026-07-01 17:18:00+00:00,12.938599586486816,12.956000328063965,12.930800437927246,12.941699981689453,83423
2026-07-01 17:19:00+00:00,12.9399995803833,12.960000038146973,12.9399995803833,12.954999923706055,52520
2026-07-01 17:20:00+00:00,12.95009994506836,12.960000038146973,12.942004203796387,12.944999694824219,65048
2026-07-01 17:21:00+00:00,12.944999694824219,12.948699951171875,12.9399995803833,12.9399995803833,6123
2026-07-01 17:22:00+00:00,12.947099685668945,12.949999809265137,12.940099716186523,12.940099716186523,18971
2026-07-01 17:23:00+00:00,12.944999694824219,12.954999923706055,12.944999694824219,12.949999809265137,54480
2026-07-01 17:24:00+00:00,12.949999809265137,12.954999923706055,12.940099716186523,12.954999923706055,89879
2026-07-01 17:25:00+00:00,12.951399803161621,12.960000038146973,12.949899673461914,12.949899673461914,124584
2026-07-01 17:26:00+00:00,12.949999809265137,12.949999809265137,12.944999694824219,12.949999809265137,53367
2026-07-01 17:27:00+00:00,12.944999694824219,12.949999809265137,12.9399995803833,12.949299812316895,12778
2026-07-01 17:28:00+00:00,12.944999694824219,12.949999809265137,12.9399995803833,12.944999694824219,21275
2026-07-01 17:29:00+00:00,12.944999694824219,12.949999809265137,12.9399995803833,12.9399995803833,7244
2026-07-01 17:30:00+00:00,12.944999694824219,12.949999809265137,12.9399995803833,12.949999809265137,57537
2026-07-01 17:31:00+00:00,12.942099571228027,12.970000267028809,12.942099571228027,12.960000038146973,190274
2026-07-01 17:32:00+00:00,12.960000038146973,12.96500015258789,12.9306001663208,12.93970012664795,111726
2026-07-01 17:33:00+00:00,12.9350004196167,12.946700096130371,12.930000305175781,12.944999694824219,44555
2026-07-01 17:34:00+00:00,12.9399995803833,12.949999809265137,12.9399995803833,12.944999694824219,8395
2026-07-01 17:35:00+00:00,12.944999694824219,12.949999809265137,12.9399995803833,12.944999694824219,15555
2026-07-01 17:36:00+00:00,12.944999694824219,12.944999694824219,12.930000305175781,12.930000305175781,108536
2026-07-01 17:37:00+00:00,12.930000305175781,12.9399995803833,12.930000305175781,12.9399995803833,22462
2026-07-01 17:38:00+00:00,12.9350004196167,12.9399995803833,12.930000305175781,12.9350004196167,24478
2026-07-01 17:39:00+00:00,12.9350004196167,12.939900398254395,12.930100440979004,12.9350004196167,9969
2026-07-01 17:40:00+00:00,12.9350004196167,12.949999809265137,12.930000305175781,12.949999809265137,68925
2026-07-01 17:41:00+00:00,12.9399995803833,12.9399995803833,12.9306001663208,12.9350004196167,22816
2026-07-01 17:42:00+00:00,12.9350004196167,12.9399995803833,12.930100440979004,12.9350004196167,10231
2026-07-01 17:43:00+00:00,12.9399995803833,12.9399995803833,12.930000305175781,12.930100440979004,10012
2026-07-01 17:44:00+00:00,12.9350004196167,12.9399995803833,12.932299613952637,12.9350004196167,19838
2026-07-01 17:45:00+00:00,12.9350004196167,12.9399995803833,12.920000076293945,12.930000305175781,101254
2026-07-01 17:46:00+00:00,12.930000305175781,12.9350004196167,12.925000190734863,12.928099632263184,23426
2026-07-01 17:47:00+00:00,12.925000190734863,12.930000305175781,12.920000076293945,12.925000190734863,8376
2026-07-01 17:48:00+00:00,12.925000190734863,12.930000305175781,12.920000076293945,12.920000076293945,22164
2026-07-01 17:49:00+00:00,12.925000190734863,12.929800033569336,12.920000076293945,12.925000190734863,16272
2026-07-01 17:50:00+00:00,12.925000190734863,12.9399995803833,12.920000076293945,12.9350004196167,62438
2026-07-01 17:51:00+00:00,12.930100440979004,12.949999809265137,12.922200202941895,12.929400444030762,144243
2026-07-01 17:52:00+00:00,12.930000305175781,12.930899620056152,12.920000076293945,12.920499801635742,57462
2026-07-01 17:53:00+00:00,12.925000190734863,12.930000305175781,12.920000076293945,12.920000076293945,11986
2026-07-01 17:54:00+00:00,12.925000190734863,12.930000305175781,12.920299530029297,12.92300033569336,18431
2026-07-01 17:55:00+00:00,12.928600311279297,12.930000305175781,12.914999961853027,12.922900199890137,69320
2026-07-01 17:56:00+00:00,12.925000190734863,12.928999900817871,12.90999984741211,12.920000076293945,65625
2026-07-01 17:57:00+00:00,12.925000190734863,12.929900169372559,12.911299705505371,12.917099952697754,28175
2026-07-01 17:58:00+00:00,12.914999961853027,12.920000076293945,12.899999618530273,12.914999961853027,74762
2026-07-01 17:59:00+00:00,12.90999984741211,12.920000076293945,12.899999618530273,12.90999984741211,205638
2026-07-01 18:00:00+00:00,12.914999961853027,12.920000076293945,12.90999984741211,12.914999961853027,15628
2026-07-01 18:01:00+00:00,12.911999702453613,12.925000190734863,12.90999984741211,12.920000076293945,39562
2026-07-01 18:02:00+00:00,12.925000190734863,12.930000305175781,12.920000076293945,12.925000190734863,37678
2026-07-01 18:03:00+00:00,12.925000190734863,12.949899673461914,12.925000190734863,12.939900398254395,136882
2026-07-01 18:04:00+00:00,12.9350004196167,12.9399995803833,12.930000305175781,12.9350004196167,13402
2026-07-01 18:05:00+00:00,12.936400413513184,12.936400413513184,12.920000076293945,12.925000190734863,73483
2026-07-01 18:06:00+00:00,12.925000190734863,12.939900398254395,12.922499656677246,12.922499656677246,79465
2026-07-01 18:07:00+00:00,12.928999900817871,12.944999694824219,12.925000190734863,12.9399995803833,172824
2026-07-01 18:08:00+00:00,12.936300277709961,12.949999809265137,12.930100440979004,12.949999809265137,19486
2026-07-01 18:09:00+00:00,12.944999694824219,12.949999809265137,12.920000076293945,12.9350004196167,352335
2026-07-01 18:10:00+00:00,12.930000305175781,12.939000129699707,12.920000076293945,12.925000190734863,37158
2026-07-01 18:11:00+00:00,12.925000190734863,12.929900169372559,12.920000076293945,12.925000190734863,16514
2026-07-01 18:12:00+00:00,12.925000190734863,12.9399995803833,12.920000076293945,12.929900169372559,67716
2026-07-01 18:13:00+00:00,12.930000305175781,12.939900398254395,12.930000305175781,12.932299613952637,21472
2026-07-01 18:14:00+00:00,12.9350004196167,12.9399995803833,12.93019962310791,12.9350004196167,19146
2026-07-01 18:15:00+00:00,12.9350004196167,12.9399995803833,12.930000305175781,12.9350004196167,30255
2026-07-01 18:16:00+00:00,12.930100440979004,12.938599586486816,12.930000305175781,12.9350004196167,44088
2026-07-01 18:17:00+00:00,12.9350004196167,12.954999923706055,12.932000160217285,12.949999809265137,176595
2026-07-01 18:18:00+00:00,12.944999694824219,12.954999923706055,12.9399995803833,12.9399995803833,41680
2026-07-01 18:19:00+00:00,12.944999694824219,12.960000038146973,12.9399995803833,12.954999923706055,51355
2026-07-01 18:20:00+00:00,12.954999923706055,12.960000038146973,12.949999809265137,12.954999923706055,36918
2026-07-01 18:21:00+00:00,12.954999923706055,12.954999923706055,12.940099716186523,12.944999694824219,39148
2026-07-01 18:22:00+00:00,12.944999694824219,12.960000038146973,12.940099716186523,12.954999923706055,40631
2026-07-01 18:23:00+00:00,12.949999809265137,12.960000038146973,12.9399995803833,12.944999694824219,45866
2026-07-01 18:24:00+00:00,12.949999809265137,12.949999809265137,12.940500259399414,12.944999694824219,81780
2026-07-01 18:25:00+00:00,12.949999809265137,12.960000038146973,12.949999809265137,12.954999923706055,71455
2026-07-01 18:26:00+00:00,12.949999809265137,12.95989990234375,12.9399995803833,12.954999923706055,49487
2026-07-01 18:27:00+00:00,12.954999923706055,12.960000038146973,12.940099716186523,12.944999694824219,44243
2026-07-01 18:28:00+00:00,12.944999694824219,12.949999809265137,12.9399995803833,12.948399543762207,14869
2026-07-01 18:29:00+00:00,12.940400123596191,12.949999809265137,12.9399995803833,12.944999694824219,21589
2026-07-01 18:30:00+00:00,12.9399995803833,12.944999694824219,12.930000305175781,12.933334350585938,108784
2026-07-01 18:31:00+00:00,12.930100440979004,12.939900398254395,12.930000305175781,12.9375,24470
2026-07-01 18:32:00+00:00,12.9350004196167,12.944999694824219,12.930000305175781,12.9350004196167,83823
2026-07-01 18:33:00+00:00,12.9350004196167,12.9399995803833,12.930000305175781,12.9350004196167,21340
2026-07-01 18:34:00+00:00,12.9399995803833,12.9399995803833,12.930000305175781,12.9399995803833,63127
2026-07-01 18:35:00+00:00,12.9399995803833,12.949999809265137,12.930000305175781,12.930000305175781,142873
2026-07-01 18:36:00+00:00,12.9399995803833,12.944999694824219,12.930000305175781,12.9350004196167,52300
2026-07-01 18:37:00+00:00,12.9350004196167,12.9399995803833,12.920000076293945,12.926475524902344,52056
2026-07-01 18:38:00+00:00,12.925000190734863,12.930000305175781,12.920000076293945,12.92199993133545,17085
2026-07-01 18:39:00+00:00,12.920700073242188,12.930000305175781,12.920000076293945,12.925000190734863,13536
2026-07-01 18:40:00+00:00,12.925000190734863,12.930000305175781,12.910799980163574,12.920100212097168,87443
2026-07-01 18:41:00+00:00,12.925000190734863,12.925000190734863,12.90999984741211,12.914999961853027,25732
2026-07-01 18:42:00+00:00,12.914999961853027,12.914999961853027,12.899999618530273,12.904999732971191,53736
2026-07-01 18:43:00+00:00,12.90999984741211,12.90999984741211,12.899999618530273,12.904999732971191,33692
2026-07-01 18:44:00+00:00,12.904999732971191,12.90999984741211,12.890000343322754,12.909899711608887,153641
2026-07-01 18:45:00+00:00,12.90999984741211,12.90999984741211,12.899999618530273,12.904999732971191,24201
2026-07-01 18:46:00+00:00,12.904999732971191,12.90999984741211,12.899999618530273,12.904999732971191,23433
2026-07-01 18:47:00+00:00,12.900099754333496,12.904999732971191,12.880000114440918,12.885000228881836,134852
2026-07-01 18:48:00+00:00,12.88070011138916,12.899999618530273,12.88070011138916,12.895000457763672,47660
2026-07-01 18:49:00+00:00,12.895000457763672,12.899999618530273,12.890000343322754,12.899499893188477,18961
2026-07-01 18:50:00+00:00,12.895000457763672,12.899999618530273,12.890000343322754,12.895000457763672,9451
2026-07-01 18:51:00+00:00,12.890700340270996,12.904999732971191,12.890000343322754,12.904999732971191,106789
2026-07-01 18:52:00+00:00,12.909000396728516,12.909000396728516,12.885000228881836,12.895000457763672,112369
2026-07-01 18:53:00+00:00,12.895000457763672,12.895000457763672,12.869999885559082,12.8858003616333,141478
2026-07-01 18:54:00+00:00,12.885000228881836,12.890000343322754,12.880000114440918,12.885000228881836,14466
2026-07-01 18:55:00+00:00,12.885000228881836,12.890000343322754,12.880000114440918,12.885000228881836,20289
2026-07-01 18:56:00+00:00,12.885000228881836,12.885000228881836,12.859999656677246,12.861000061035156,309864
2026-07-01 18:57:00+00:00,12.864999771118164,12.879400253295898,12.860099792480469,12.879400253295898,35049
2026-07-01 18:58:00+00:00,12.875,12.889900207519531,12.875,12.885000228881836,58280
2026-07-01 18:59:00+00:00,12.88010025024414,12.890000343322754,12.880000114440918,12.885000228881836,48058
2026-07-01 19:00:00+00:00,12.880000114440918,12.899999618530273,12.880000114440918,12.885000228881836,205363
2026-07-01 19:01:00+00:00,12.885000228881836,12.890000343322754,12.880000114440918,12.885000228881836,53679
2026-07-01 19:02:00+00:00,12.880000114440918,12.90999984741211,12.880000114440918,12.904999732971191,111218
2026-07-01 19:03:00+00:00,12.904999732971191,12.90999984741211,12.899999618530273,12.909899711608887,34560
2026-07-01 19:04:00+00:00,12.900099754333496,12.92650032043457,12.899999618530273,12.914999961853027,155587
2026-07-01 19:05:00+00:00,12.914999961853027,12.930000305175781,12.914999961853027,12.92140007019043,80096
2026-07-01 19:06:00+00:00,12.925000190734863,12.925000190734863,12.914999961853027,12.920000076293945,49810
2026-07-01 19:07:00+00:00,12.914999961853027,12.926600456237793,12.90999984741211,12.920000076293945,53818
2026-07-01 19:08:00+00:00,12.9197998046875,12.929200172424316,12.914999961853027,12.92645263671875,70568
2026-07-01 19:09:00+00:00,12.925000190734863,12.930000305175781,12.920000076293945,12.925000190734863,27157
2026-07-01 19:10:00+00:00,12.925000190734863,12.930000305175781,12.920000076293945,12.930000305175781,33248
2026-07-01 19:11:00+00:00,12.925000190734863,12.930000305175781,12.920000076293945,12.929900169372559,31071
2026-07-01 19:12:00+00:00,12.920000076293945,12.930000305175781,12.90999984741211,12.920000076293945,135891
2026-07-01 19:13:00+00:00,12.920000076293945,12.930000305175781,12.90999984741211,12.90999984741211,70259
2026-07-01 19:14:00+00:00,12.914999961853027,12.930000305175781,12.90999984741211,12.914999961853027,86079
2026-07-01 19:15:00+00:00,12.914999961853027,12.91759967803955,12.90999984741211,12.90999984741211,9243
2026-07-01 19:16:00+00:00,12.914999961853027,12.920000076293945,12.899999618530273,12.917400360107422,87898
2026-07-01 19:17:00+00:00,12.91510009765625,12.91510009765625,12.899999618530273,12.904999732971191,52676
2026-07-01 19:18:00+00:00,12.904999732971191,12.920000076293945,12.904999732971191,12.914999961853027,123753
2026-07-01 19:19:00+00:00,12.914999961853027,12.9350004196167,12.90999984741211,12.9350004196167,38942
2026-07-01 19:20:00+00:00,12.9350004196167,12.949999809265137,12.930000305175781,12.944999694824219,55338
2026-07-01 19:21:00+00:00,12.944999694824219,12.954999923706055,12.9399995803833,12.949999809265137,120537
2026-07-01 19:22:00+00:00,12.944999694824219,12.960000038146973,12.940099716186523,12.954500198364258,171773
2026-07-01 19:23:00+00:00,12.954999923706055,12.960000038146973,12.949999809265137,12.954999923706055,23367
2026-07-01 19:24:00+00:00,12.95009994506836,12.960000038146973,12.949999809265137,12.954999923706055,21442
2026-07-01 19:25:00+00:00,12.954999923706055,12.959699630737305,12.925000190734863,12.944999694824219,215576
2026-07-01 19:26:00+00:00,12.9399995803833,12.949999809265137,12.9399995803833,12.9399995803833,24264
2026-07-01 19:27:00+00:00,12.944999694824219,12.949999809265137,12.9399995803833,12.9399995803833,11918
2026-07-01 19:28:00+00:00,12.944999694824219,12.960000038146973,12.9399995803833,12.954999923706055,86604
2026-07-01 19:29:00+00:00,12.960000038146973,12.970000267028809,12.954999923706055,12.96500015258789,98316
2026-07-01 19:30:00+00:00,12.960000038146973,12.979999542236328,12.960000038146973,12.970999717712402,108082
2026-07-01 19:31:00+00:00,12.970000267028809,12.975000381469727,12.960000038146973,12.969099998474121,69379
2026-07-01 19:32:00+00:00,12.96500015258789,12.970000267028809,12.960000038146973,12.96500015258789,48578
2026-07-01 19:33:00+00:00,12.96500015258789,12.970000267028809,12.960000038146973,12.96500015258789,20497
2026-07-01 19:34:00+00:00,12.96500015258789,12.970000267028809,12.960000038146973,12.960000038146973,45956
2026-07-01 19:35:00+00:00,12.96500015258789,12.96500015258789,12.949999809265137,12.954999923706055,194220
2026-07-01 19:36:00+00:00,12.954999923706055,12.960000038146973,12.949999809265137,12.955400466918945,38703
2026-07-01 19:37:00+00:00,12.954999923706055,12.960000038146973,12.949999809265137,12.958399772644043,28188
2026-07-01 19:38:00+00:00,12.949999809265137,12.960000038146973,12.949999809265137,12.954999923706055,27177
2026-07-01 19:39:00+00:00,12.954999923706055,12.960000038146973,12.9399995803833,12.9399995803833,164420
2026-07-01 19:40:00+00:00,12.944999694824219,12.944999694824219,12.914999961853027,12.914999961853027,86331
2026-07-01 19:41:00+00:00,12.920000076293945,12.920000076293945,12.899999618530273,12.904999732971191,121548
2026-07-01 19:42:00+00:00,12.904999732971191,12.90999984741211,12.899999618530273,12.903200149536133,107819
2026-07-01 19:43:00+00:00,12.904999732971191,12.90999984741211,12.895000457763672,12.895000457763672,76826
2026-07-01 19:44:00+00:00,12.895000457763672,12.899999618530273,12.880999565124512,12.890000343322754,101014
2026-07-01 19:45:00+00:00,12.885000228881836,12.890000343322754,12.880000114440918,12.885000228881836,62917
2026-07-01 19:46:00+00:00,12.884900093078613,12.899999618530273,12.884900093078613,12.895000457763672,305939
2026-07-01 19:47:00+00:00,12.895000457763672,12.899999618530273,12.890000343322754,12.899999618530273,38495
2026-07-01 19:48:00+00:00,12.899999618530273,12.914999961853027,12.890000343322754,12.899999618530273,256791
2026-07-01 19:49:00+00:00,12.904999732971191,12.90999984741211,12.899999618530273,12.904999732971191,86026
2026-07-01 19:50:00+00:00,12.90999984741211,12.930000305175781,12.904999732971191,12.920000076293945,171686
2026-07-01 19:51:00+00:00,12.925000190734863,12.925000190734863,12.89009952545166,12.89009952545166,204770
2026-07-01 19:52:00+00:00,12.895000457763672,12.90999984741211,12.890000343322754,12.895000457763672,125795
2026-07-01 19:53:00+00:00,12.895000457763672,12.920000076293945,12.890000343322754,12.914999961853027,259877
2026-07-01 19:54:00+00:00,12.914999961853027,12.920000076293945,12.895000457763672,12.914999961853027,289532
2026-07-01 19:55:00+00:00,12.910099983215332,12.910099983215332,12.869999885559082,12.885000228881836,457480
2026-07-01 19:56:00+00:00,12.885000228881836,12.899999618530273,12.880000114440918,12.895000457763672,241021
2026-07-01 19:57:00+00:00,12.890000343322754,12.899999618530273,12.869999885559082,12.875,252173
2026-07-01 19:58:00+00:00,12.875,12.890000343322754,12.875,12.890000343322754,409817
2026-07-01 19:59:00+00:00,12.895000457763672,12.920000076293945,12.89009952545166,12.904999732971191,970966
2026-07-01 20:00:00+00:00,12.91,12.91,12.89,12.9,1232
2026-07-01 20:01:00+00:00,12.9,12.9,12.89,12.9,0
2026-07-01 20:02:00+00:00,12.89,12.89,12.86,12.88,0
2026-07-01 20:03:00+00:00,12.885,12.89,12.87,12.88,0
2026-07-01 20:04:00+00:00,12.8739,12.91,12.87,12.91,54515441
2026-07-01 20:05:00+00:00,12.89,12.91,12.88,12.88,0
2026-07-01 20:06:00+00:00,12.885,12.89,12.87,12.8703,0
2026-07-01 20:07:00+00:00,12.87,12.88,12.86,12.88,0
2026-07-01 20:08:00+00:00,12.88,12.91,12.87,12.88,0
2026-07-01 20:09:00+00:00,12.88,12.91,12.875,12.88,0
2026-07-01 20:10:00+00:00,12.89,12.91,12.8776,12.8776,0
2026-07-01 20:11:00+00:00,12.86,12.9,12.86,12.875,0
2026-07-01 20:12:00+00:00,12.88,12.88,12.86,12.88,0
2026-07-01 20:13:00+00:00,12.86,12.91,12.86,12.91,0
2026-07-01 20:14:00+00:00,12.88,12.91,12.88,12.9,0
2026-07-01 20:15:00+00:00,12.9092,12.91,12.87,12.87,0
2026-07-01 20:16:00+00:00,12.87,12.91,12.87,12.89,0
2026-07-01 20:17:00+00:00,12.86,12.8801,12.86,12.8801,0
2026-07-01 20:18:00+00:00,12.8887,12.8896,12.875,12.875,0
2026-07-01 20:19:00+00:00,12.89,12.89,12.86,12.875,0
2026-07-01 20:20:00+00:00,12.89,12.89,12.86,12.875,0
2026-07-01 20:21:00+00:00,12.87,12.89,12.86,12.86,0
2026-07-01 20:22:00+00:00,12.88,12.89,12.8601,12.88,0
2026-07-01 20:23:00+00:00,12.8605,12.88,12.86,12.88,0
2026-07-01 20:24:00+00:00,12.8799,12.88,12.86,12.86,0
2026-07-01 20:25:00+00:00,12.88,12.88,12.86,12.88,0
2026-07-01 20:26:00+00:00,12.8798,12.8798,12.86,12.87,0
2026-07-01 20:27:00+00:00,12.86,12.88,12.86,12.86,0
2026-07-01 20:28:00+00:00,12.86,12.88,12.86,12.865,0
2026-07-01 20:29:00+00:00,12.85,12.88,12.85,12.87,0
2026-07-01 20:30:00+00:00,12.8794,12.88,12.85,12.85,0
2026-07-01 20:31:00+00:00,12.87,12.88,12.86,12.86,0
2026-07-01 20:32:00+00:00,12.86,12.87,12.86,12.86,0
2026-07-01 20:33:00+00:00,12.87,12.87,12.86,12.86,0
2026-07-01 20:34:00+00:00,12.85,12.87,12.85,12.87,0
2026-07-01 20:35:00+00:00,12.86,12.87,12.86,12.86,0
2026-07-01 20:36:00+00:00,12.87,12.87,12.85,12.86,0
2026-07-01 20:37:00+00:00,12.85,12.86,12.85,12.85,0
2026-07-01 20:38:00+00:00,12.8599,12.8599,12.85,12.85,0
2026-07-01 20:39:00+00:00,12.8599,12.86,12.85,12.86,0
2026-07-01 20:40:00+00:00,12.86,12.86,12.85,12.85,0
2026-07-01 20:41:00+00:00,12.85,12.86,12.84,12.84,0
2026-07-01 20:42:00+00:00,12.85,12.86,12.84,12.85,0
2026-07-01 20:43:00+00:00,12.8597,12.86,12.8403,12.85,0
2026-07-01 20:44:00+00:00,12.86,12.86,12.85,12.86,0
2026-07-01 20:45:00+00:00,12.86,12.86,12.85,12.85,0
2026-07-01 20:46:00+00:00,12.8598,12.8598,12.8426,12.85,0
2026-07-01 20:47:00+00:00,12.86,12.87,12.85,12.87,0
2026-07-01 20:48:00+00:00,12.86,12.86,12.86,12.86,0
2026-07-01 20:49:00+00:00,12.4523,12.8699,12.4523,12.8695,0
2026-07-01 20:50:00+00:00,12.86,12.87,12.85,12.8693,0
2026-07-01 20:51:00+00:00,11.9645,12.87,11.9645,12.87,0
2026-07-01 20:52:00+00:00,12.8577,12.87,12.8577,12.87,0
2026-07-01 20:53:00+00:00,12.85,12.87,12.85,12.87,0
2026-07-01 20:54:00+00:00,12.87,12.87,12.86,12.8608,0
2026-07-01 20:55:00+00:00,12.8601,12.87,12.86,12.8602,0
2026-07-01 20:56:00+00:00,12.86,12.88,11.9645,12.8797,0
2026-07-01 20:57:00+00:00,12.8793,12.88,12.6469,12.86,0
2026-07-01 20:58:00+00:00,12.86,12.88,12.86,12.88,0
2026-07-01 20:59:00+00:00,12.88,12.88,12.86,12.88,0
2026-07-01 21:00:00+00:00,12.86,12.88,12.5925,12.88,0
2026-07-01 21:01:00+00:00,12.8653,12.88,12.86,12.87,0
2026-07-01 21:02:00+00:00,12.88,12.88,12.88,12.88,0
2026-07-01 21:03:00+00:00,12.88,12.88,12.86,12.88,0
2026-07-01 21:04:00+00:00,12.86,12.88,12.86,12.87,0
2026-07-01 21:05:00+00:00,12.88,12.88,12.8702,12.88,0
2026-07-01 21:06:00+00:00,12.88,12.88,12.88,12.88,0
2026-07-01 21:07:00+00:00,12.8799,12.8799,12.86,12.861,0
2026-07-01 21:08:00+00:00,12.8603,12.88,12.8603,12.88,0
2026-07-01 21:09:00+00:00,12.8608,12.8611,12.86,12.86,0
2026-07-01 21:10:00+00:00,12.88,12.88,12.86,12.88,0
2026-07-01 21:11:00+00:00,12.88,12.88,12.876,12.8774,0
2026-07-01 21:12:00+00:00,12.88,12.88,12.86,12.87,0
2026-07-01 21:13:00+00:00,12.88,12.88,12.86,12.86,0
2026-07-01 21:14:00+00:00,12.88,12.88,12.8606,12.87,0
2026-07-01 21:15:00+00:00,12.8697,12.88,12.865,12.88,0
2026-07-01 21:16:00+00:00,12.88,12.88,12.87,12.88,0
2026-07-01 21:17:00+00:00,12.8799,12.88,12.87,12.88,0
2026-07-01 21:18:00+00:00,12.86,12.88,12.86,12.88,0
2026-07-01 21:19:00+00:00,12.88,12.88,12.86,12.88,0
2026-07-01 21:20:00+00:00,12.88,12.88,12.86,12.88,0
2026-07-01 21:21:00+00:00,12.87,12.88,12.87,12.88,0
2026-07-01 21:22:00+00:00,12.8774,12.88,12.8648,12.8648,0
2026-07-01 21:23:00+00:00,12.87,12.88,12.87,12.88,0
2026-07-01 21:24:00+00:00,12.88,12.89,12.86,12.8791,0
2026-07-01 21:25:00+00:00,12.8642,12.89,12.86,12.87,0
2026-07-01 21:26:00+00:00,12.864,12.89,12.864,12.875,0
2026-07-01 21:27:00+00:00,12.8639,12.89,12.86,12.86,0
2026-07-01 21:28:00+00:00,12.8893,12.89,12.86,12.89,0
2026-07-01 21:29:00+00:00,12.91,12.91,12.86,12.875,0
2026-07-01 21:30:00+00:00,12.89,12.89,12.875,12.89,0
2026-07-01 21:31:00+00:00,12.89,12.89,12.89,12.89,0
2026-07-01 21:32:00+00:00,12.88,12.89,12.875,12.89,0
2026-07-01 21:33:00+00:00,12.89,12.89,12.885,12.89,0
2026-07-01 21:34:00+00:00,12.88,12.89,12.88,12.89,0
2026-07-01 21:35:00+00:00,12.8801,12.89,12.8801,12.89,0
2026-07-01 21:36:00+00:00,12.89,12.89,12.8813,12.8813,0
2026-07-01 21:37:00+00:00,12.88,12.88,12.88,12.88,0
2026-07-01 21:38:00+00:00,12.89,12.89,12.88,12.89,0
2026-07-01 21:39:00+00:00,12.89,12.89,12.88,12.88,0
2026-07-01 21:40:00+00:00,12.8899,12.89,12.885,12.8899,0
2026-07-01 21:41:00+00:00,12.89,12.89,12.89,12.89,0
2026-07-01 21:42:00+00:00,12.88,12.89,12.88,12.88,0
2026-07-01 21:43:00+00:00,12.89,12.89,12.89,12.89,0
2026-07-01 21:44:00+00:00,12.88,12.88,12.86,12.86,0
2026-07-01 21:45:00+00:00,12.88,12.89,12.88,12.89,0
2026-07-01 21:46:00+00:00,12.8894,12.8894,12.87,12.87,0
2026-07-01 21:47:00+00:00,12.88,12.89,12.88,12.89,0
2026-07-01 21:48:00+00:00,12.87,12.89,12.87,12.89,0
2026-07-01 21:49:00+00:00,12.89,12.89,12.8803,12.89,0
2026-07-01 21:50:00+00:00,12.8887,12.8899,12.88,12.88,0
2026-07-01 21:51:00+00:00,12.89,12.89,12.8887,12.8899,0
2026-07-01 21:52:00+00:00,12.8887,12.8998,12.8887,12.89,0
2026-07-01 21:53:00+00:00,12.9,12.9,12.89,12.89,0
2026-07-01 21:54:00+00:00,12.89,12.91,12.89,12.91,0
2026-07-01 21:55:00+00:00,12.9,12.91,12.9,12.91,0
2026-07-01 21:56:00+00:00,12.9057,12.91,12.8908,12.9,0
2026-07-01 21:57:00+00:00,12.9,12.9,12.89,12.89,0
2026-07-01 21:58:00+00:00,12.9,12.9,12.8999,12.9,0
2026-07-01 21:59:00+00:00,12.8907,12.895,12.89,12.895,0
2026-07-01 22:00:00+00:00,12.895,12.9,12.89,12.895,0
2026-07-01 22:01:00+00:00,12.9,12.9097,12.8908,12.8908,0
2026-07-01 22:02:00+00:00,12.9,12.9,12.89,12.9,0
2026-07-01 22:03:00+00:00,12.9,12.9,12.89,12.895,0
2026-07-01 22:04:00+00:00,12.895,12.895,12.89,12.895,0
2026-07-01 22:05:00+00:00,12.89,12.9,12.89,12.9,0
2026-07-01 22:06:00+00:00,12.9,12.9,12.8997,12.9,0
2026-07-01 22:07:00+00:00,12.8998,12.8998,12.895,12.895,0
2026-07-01 22:08:00+00:00,12.89,12.9,12.89,12.8913,0
2026-07-01 22:09:00+00:00,12.895,12.8987,12.895,12.8987,0
2026-07-01 22:10:00+00:00,12.9,12.9,12.9,12.9,0
2026-07-01 22:11:00+00:00,12.9,12.9,12.8903,12.9,0
2026-07-01 22:12:00+00:00,12.9,12.9,12.8999,12.8999,0
2026-07-01 22:13:00+00:00,12.89,12.89,12.89,12.89,0
2026-07-01 22:14:00+00:00,12.895,12.895,12.89,12.895,0
2026-07-01 22:15:00+00:00,12.89,12.9,12.89,12.89,0
2026-07-01 22:16:00+00:00,12.89,12.89,12.89,12.89,0
2026-07-01 22:17:00+00:00,12.8803,12.89,12.88,12.88,0
2026-07-01 22:18:00+00:00,12.89,12.89,12.86,12.87,0
2026-07-01 22:19:00+00:00,12.88,12.89,12.86,12.89,0
2026-07-01 22:20:00+00:00,12.89,12.89,12.875,12.8758,0
2026-07-01 22:21:00+00:00,12.89,12.89,12.89,12.89,0
2026-07-01 22:22:00+00:00,12.885,12.885,12.885,12.885,0
2026-07-01 22:23:00+00:00,12.8899,12.89,12.88,12.89,0
2026-07-01 22:24:00+00:00,12.89,12.89,12.88,12.88,0
2026-07-01 22:25:00+00:00,12.88,12.8899,12.88,12.88,0
2026-07-01 22:26:00+00:00,12.8802,12.89,12.88,12.89,0
2026-07-01 22:27:00+00:00,12.89,12.89,12.88,12.89,0
2026-07-01 22:28:00+00:00,12.89,12.89,12.88,12.89,0
2026-07-01 22:29:00+00:00,12.8802,12.8898,12.8802,12.8803,0
2026-07-01 22:30:00+00:00,12.89,12.89,12.89,12.89,0
2026-07-01 22:31:00+00:00,12.88,12.8999,12.88,12.8999,0
2026-07-01 22:32:00+00:00,12.9,12.9,12.89,12.89,0
2026-07-01 22:33:00+00:00,12.9,12.9,12.88,12.89,0
2026-07-01 22:34:00+00:00,12.8993,12.9,12.89,12.9,0
2026-07-01 22:35:00+00:00,12.9,12.9,12.887,12.89,0
2026-07-01 22:36:00+00:00,12.9,12.92,12.89,12.9,0
2026-07-01 22:37:00+00:00,12.9098,12.9098,12.9,12.9,0
2026-07-01 22:38:00+00:00,12.9097,12.9099,12.9,12.9,0
2026-07-01 22:39:00+00:00,12.9,12.908,12.9,12.9061,0
2026-07-01 22:40:00+00:00,12.9074,12.91,12.89,12.91,0
2026-07-01 22:41:00+00:00,12.89,12.9091,12.89,12.89,0
2026-07-01 22:42:00+00:00,12.89,12.9,12.89,12.8921,0
2026-07-01 22:43:00+00:00,12.89,12.9,12.89,12.9,0
2026-07-01 22:44:00+00:00,12.91,12.91,12.8839,12.91,0
2026-07-01 22:45:00+00:00,12.89,12.9099,12.89,12.9099,0
2026-07-01 22:46:00+00:00,12.88,12.9062,12.88,12.9,0
2026-07-01 22:47:00+00:00,12.9,12.91,12.895,12.9,0
2026-07-01 22:48:00+00:00,12.9,12.91,12.9,12.9068,0
2026-07-01 22:49:00+00:00,12.895,12.9099,12.88,12.88,0
2026-07-01 22:50:00+00:00,12.91,12.91,12.88,12.895,0
2026-07-01 22:51:00+00:00,12.88,12.91,12.88,12.8847,0
2026-07-01 22:52:00+00:00,12.9092,12.9092,12.8826,12.8826,0
2026-07-01 22:53:00+00:00,12.88,12.9099,12.88,12.9099,0
2026-07-01 22:54:00+00:00,12.88,12.91,12.88,12.91,0
2026-07-01 22:55:00+00:00,12.91,12.91,12.89,12.89,0
2026-07-01 22:56:00+00:00,12.9,12.9,12.89,12.9,0
2026-07-01 22:57:00+00:00,12.89,12.9,12.88,12.89,0
2026-07-01 22:58:00+00:00,12.88,12.9,12.88,12.9,0
2026-07-01 22:59:00+00:00,12.89,12.9,12.8806,12.9,0
2026-07-01 23:00:00+00:00,12.8809,12.9,12.8809,12.8991,0
2026-07-01 23:01:00+00:00,12.88,12.89,12.88,12.88,0
2026-07-01 23:02:00+00:00,12.8801,12.9,12.88,12.88,0
2026-07-01 23:03:00+00:00,12.8805,12.9,12.88,12.8999,0
2026-07-01 23:04:00+00:00,12.9,12.9,12.89,12.89,0
2026-07-01 23:05:00+00:00,12.89,12.9,12.87,12.87,0
2026-07-01 23:06:00+00:00,12.885,12.885,12.8787,12.88,0
2026-07-01 23:07:00+00:00,12.87,12.9,12.87,12.9,0
2026-07-01 23:08:00+00:00,12.9,12.9,12.87,12.9,0
2026-07-01 23:09:00+00:00,12.9,12.9,12.87,12.89,0
2026-07-01 23:10:00+00:00,12.89,12.9,12.885,12.89,0
2026-07-01 23:11:00+00:00,12.89,12.89,12.87,12.89,0
2026-07-01 23:12:00+00:00,12.885,12.89,12.885,12.89,0
2026-07-01 23:13:00+00:00,12.875,12.8894,12.875,12.88,0
2026-07-01 23:14:00+00:00,12.88,12.88,12.88,12.88,0
2026-07-01 23:15:00+00:00,12.8799,12.8799,12.87,12.87,0
2026-07-01 23:16:00+00:00,12.87,12.88,12.865,12.865,0
2026-07-01 23:17:00+00:00,12.8627,12.87,12.86,12.87,0
2026-07-01 23:18:00+00:00,12.87,12.87,12.8697,12.8697,0
2026-07-01 23:19:00+00:00,12.8697,12.87,12.86,12.86,0
2026-07-01 23:20:00+00:00,12.8697,12.87,12.86,12.86,0
2026-07-01 23:21:00+00:00,12.87,12.87,12.8599,12.8599,0
2026-07-01 23:22:00+00:00,12.86,12.86,12.8595,12.8598,0
2026-07-01 23:23:00+00:00,12.8503,12.86,12.85,12.8502,0
2026-07-01 23:24:00+00:00,12.85,12.86,12.85,12.85,0
2026-07-01 23:25:00+00:00,12.8598,12.86,12.859,12.86,0
2026-07-01 23:26:00+00:00,12.86,12.86,12.8501,12.8501,0
2026-07-01 23:27:00+00:00,12.8599,12.86,12.85,12.85,0
2026-07-01 23:28:00+00:00,12.85,12.86,12.85,12.86,0
2026-07-01 23:29:00+00:00,12.85,12.8596,12.84,12.8596,0
2026-07-01 23:30:00+00:00,12.84,12.86,12.83,12.86,0
2026-07-01 23:31:00+00:00,12.86,12.86,12.86,12.86,0
2026-07-01 23:32:00+00:00,12.85,12.87,12.82,12.86,0
2026-07-01 23:33:00+00:00,12.82,12.87,12.82,12.84,0
2026-07-01 23:34:00+00:00,12.84,12.85,12.82,12.85,0
2026-07-01 23:35:00+00:00,12.86,12.86,12.83,12.845,0
2026-07-01 23:36:00+00:00,12.84,12.86,12.83,12.84,0
2026-07-01 23:37:00+00:00,12.83,12.86,12.83,12.86,0
2026-07-01 23:38:00+00:00,12.8309,12.86,12.8309,12.845,0
2026-07-01 23:39:00+00:00,12.8561,12.86,12.845,12.845,0
2026-07-01 23:40:00+00:00,12.8594,12.8594,12.8594,12.8594,0
2026-07-01 23:41:00+00:00,12.845,12.845,12.845,12.845,0
2026-07-01 23:42:00+00:00,12.8305,12.85,12.83,12.85,0
2026-07-01 23:43:00+00:00,12.84,12.85,12.84,12.85,0
2026-07-01 23:44:00+00:00,12.8485,12.86,12.8485,12.85,0
2026-07-01 23:45:00+00:00,12.8582,12.8582,12.8582,12.8582,0
2026-07-01 23:46:00+00:00,12.83,12.8585,12.82,12.82,0
2026-07-01 23:47:00+00:00,12.83,12.8395,12.82,12.83,0
2026-07-01 23:48:00+00:00,12.84,12.84,12.83,12.83,0
2026-07-01 23:49:00+00:00,12.84,12.84,12.82,12.82,0
2026-07-01 23:50:00+00:00,12.8391,12.84,12.82,12.83,0
2026-07-01 23:51:00+00:00,12.83,12.83,12.82,12.83,0
2026-07-01 23:52:00+00:00,12.839,12.84,12.82,12.83,0
2026-07-01 23:53:00+00:00,12.8298,12.83,12.8126,12.825,0
2026-07-01 23:54:00+00:00,12.83,12.845,12.83,12.83,0
2026-07-01 23:55:00+00:00,12.84,12.84,12.83,12.8301,0
2026-07-01 23:56:00+00:00,12.84,12.84,12.83,12.84,0
2026-07-01 23:57:00+00:00,12.84,12.86,12.84,12.85,0
2026-07-01 23:58:00+00:00,12.85,12.85,12.84,12.84,0
2026-07-01 23:59:00+00:00,12.8598,12.86,12.85,12.85,0
2026-07-02 08:00:00+00:00,12.56,12.7688,12.5,12.56,0
2026-07-02 08:01:00+00:00,12.56,12.77,12.51,12.57,0
2026-07-02 08:02:00+00:00,12.57,12.5889,12.55,12.5591,0
2026-07-02 08:03:00+00:00,12.55,12.77,12.55,12.74,0
2026-07-02 08:04:00+00:00,12.71,12.78,12.54,12.62,0
2026-07-02 08:05:00+00:00,12.56,12.7,12.5,12.61,0
2026-07-02 08:06:00+00:00,12.61,12.7,12.5,12.53,0
2026-07-02 08:07:00+00:00,12.61,12.62,12.5,12.55,0
2026-07-02 08:08:00+00:00,12.54,12.73,12.53,12.54,0
2026-07-02 08:09:00+00:00,12.72,12.77,12.53,12.5491,0
2026-07-02 08:10:00+00:00,12.54,12.54,12.53,12.54,0
2026-07-02 08:11:00+00:00,12.54,12.54,12.53,12.53,0
2026-07-02 08:12:00+00:00,12.53,12.53,12.52,12.52,0
2026-07-02 08:13:00+00:00,12.52,12.52,12.51,12.5105,0
2026-07-02 08:14:00+00:00,12.51,12.5106,12.49,12.5008,0
2026-07-02 08:15:00+00:00,12.51,12.52,12.5,12.5,0
2026-07-02 08:16:00+00:00,12.51,12.52,12.5,12.5,0
2026-07-02 08:17:00+00:00,12.51,12.52,12.5,12.5,0
2026-07-02 08:18:00+00:00,12.5,12.52,12.5,12.52,0
2026-07-02 08:19:00+00:00,12.52,12.5466,12.52,12.5466,0
2026-07-02 08:20:00+00:00,12.53,12.55,12.53,12.53,0
2026-07-02 08:21:00+00:00,12.5395,12.56,12.5395,12.545,0
2026-07-02 08:22:00+00:00,12.5493,12.56,12.5493,12.56,0
2026-07-02 08:23:00+00:00,12.5597,12.57,12.55,12.57,0
2026-07-02 08:24:00+00:00,12.5595,12.56,12.55,12.56,0
2026-07-02 08:25:00+00:00,12.5509,12.56,12.55,12.56,0
2026-07-02 08:26:00+00:00,12.545,12.56,12.545,12.56,0
2026-07-02 08:27:00+00:00,12.56,12.58,12.56,12.57,0
2026-07-02 08:28:00+00:00,12.5705,12.5705,12.569,12.569,0
2026-07-02 08:29:00+00:00,12.57,12.5708,12.56,12.57,0
2026-07-02 08:30:00+00:00,12.57,12.5705,12.56,12.56,0
2026-07-02 08:31:00+00:00,12.56,12.6,12.56,12.6,0
2026-07-02 08:32:00+00:00,12.61,12.62,12.6,12.6,0
2026-07-02 08:33:00+00:00,12.59,12.6,12.59,12.6,0
2026-07-02 08:34:00+00:00,12.61,12.61,12.6,12.61,0
2026-07-02 08:35:00+00:00,12.6004,12.6112,12.6,12.6112,0
2026-07-02 08:36:00+00:00,12.61,12.62,12.61,12.62,0
2026-07-02 08:37:00+00:00,12.63,12.63,12.62,12.62,0
2026-07-02 08:38:00+00:00,12.62,12.625,12.62,12.62,0
2026-07-02 08:39:00+00:00,12.6195,12.62,12.61,12.61,0
2026-07-02 08:40:00+00:00,12.61,12.62,12.605,12.6088,0
2026-07-02 08:41:00+00:00,12.61,12.61,12.6091,12.6091,0
2026-07-02 08:42:00+00:00,12.61,12.6195,12.61,12.619,0
2026-07-02 08:43:00+00:00,12.6195,12.6195,12.6195,12.6195,0
2026-07-02 08:44:00+00:00,12.61,12.62,12.6091,12.6091,0
2026-07-02 08:45:00+00:00,12.605,12.605,12.59,12.5994,0
2026-07-02 08:46:00+00:00,12.6,12.61,12.6,12.61,0
2026-07-02 08:47:00+00:00,12.6108,12.6108,12.5995,12.5995,0
2026-07-02 08:48:00+00:00,12.6093,12.61,12.6093,12.61,0
2026-07-02 08:49:00+00:00,12.61,12.6192,12.61,12.6192,0
2026-07-02 08:50:00+00:00,12.62,12.63,12.6188,12.63,0
2026-07-02 08:51:00+00:00,12.63,12.64,12.63,12.64,0
2026-07-02 08:52:00+00:00,12.63,12.63,12.63,12.63,0
2026-07-02 08:53:00+00:00,12.63,12.64,12.63,12.639,0
2026-07-02 08:54:00+00:00,12.63,12.64,12.63,12.64,0
2026-07-02 08:55:00+00:00,12.6389,12.64,12.6389,12.6395,0
2026-07-02 08:56:00+00:00,12.64,12.65,12.64,12.6497,0
2026-07-02 08:57:00+00:00,12.6495,12.65,12.6405,12.65,0
2026-07-02 08:58:00+00:00,12.65,12.65,12.6494,12.6494,0
2026-07-02 08:59:00+00:00,12.65,12.65,12.65,12.65,0
2026-07-02 09:00:00+00:00,12.6489,12.66,12.6305,12.64,0
2026-07-02 09:01:00+00:00,12.65,12.65,12.64,12.65,0
2026-07-02 09:02:00+00:00,12.64,12.65,12.6392,12.64,0
2026-07-02 09:03:00+00:00,12.63,12.6397,12.63,12.63,0
2026-07-02 09:04:00+00:00,12.63,12.64,12.63,12.64,0
2026-07-02 09:05:00+00:00,12.64,12.64,12.63,12.63,0
2026-07-02 09:06:00+00:00,12.63,12.63,12.6189,12.6194,0
2026-07-02 09:07:00+00:00,12.6,12.6005,12.6,12.6005,0
2026-07-02 09:08:00+00:00,12.6005,12.6005,12.6,12.6,0
2026-07-02 09:09:00+00:00,12.6002,12.6002,12.6002,12.6002,0
2026-07-02 09:10:00+00:00,12.61,12.61,12.61,12.61,0
2026-07-02 09:11:00+00:00,12.61,12.6195,12.61,12.6195,0
2026-07-02 09:12:00+00:00,12.62,12.63,12.61,12.62,0
2026-07-02 09:13:00+00:00,12.63,12.63,12.63,12.63,0
2026-07-02 09:14:00+00:00,12.63,12.63,12.62,12.62,0
2026-07-02 09:15:00+00:00,12.62,12.62,12.6005,12.61,0
2026-07-02 09:16:00+00:00,12.61,12.61,12.6,12.61,0
2026-07-02 09:17:00+00:00,12.62,12.63,12.62,12.63,0
2026-07-02 09:18:00+00:00,12.6292,12.6292,12.62,12.62,0
2026-07-02 09:19:00+00:00,12.63,12.63,12.61,12.61,0
2026-07-02 09:20:00+00:00,12.62,12.62,12.61,12.61,0
2026-07-02 09:21:00+00:00,12.61,12.61,12.6,12.6,0
2026-07-02 09:22:00+00:00,12.6,12.6192,12.6,12.61,0
2026-07-02 09:23:00+00:00,12.6297,12.6297,12.6297,12.6297,0
2026-07-02 09:24:00+00:00,12.62,12.62,12.62,12.62,0
2026-07-02 09:25:00+00:00,12.6,12.6,12.59,12.59,0
2026-07-02 09:26:00+00:00,12.5995,12.5995,12.5995,12.5995,0
2026-07-02 09:27:00+00:00,12.6,12.6,12.6,12.6,0
2026-07-02 09:28:00+00:00,12.6,12.6,12.6,12.6,0
2026-07-02 09:29:00+00:00,12.6,12.6006,12.59,12.59,0
2026-07-02 09:30:00+00:00,12.59,12.5907,12.56,12.5695,0
2026-07-02 09:31:00+00:00,12.56,12.57,12.56,12.56,0
2026-07-02 09:32:00+00:00,12.5695,12.58,12.5695,12.58,0
2026-07-02 09:33:00+00:00,12.579,12.58,12.579,12.58,0
2026-07-02 09:34:00+00:00,12.5805,12.6,12.58,12.58,0
2026-07-02 09:35:00+00:00,12.585,12.5899,12.58,12.5895,0
2026-07-02 09:36:00+00:00,12.58,12.6095,12.57,12.6095,0
2026-07-02 09:37:00+00:00,12.5888,12.5888,12.5888,12.5888,0
2026-07-02 09:38:00+00:00,12.58,12.5912,12.58,12.5912,0
2026-07-02 09:39:00+00:00,12.59,12.59,12.58,12.59,0
2026-07-02 09:40:00+00:00,12.59,12.59,12.5809,12.585,0
2026-07-02 09:41:00+00:00,12.5889,12.59,12.58,12.59,0
2026-07-02 09:42:00+00:00,12.58,12.5987,12.58,12.5987,0
2026-07-02 09:43:00+00:00,12.6,12.6,12.5805,12.59,0
2026-07-02 09:44:00+00:00,12.58,12.5893,12.58,12.5804,0
2026-07-02 09:45:00+00:00,12.58,12.59,12.57,12.5812,0
2026-07-02 09:46:00+00:00,12.58,12.59,12.58,12.58,0
2026-07-02 09:47:00+00:00,12.5705,12.58,12.5705,12.58,0
2026-07-02 09:48:00+00:00,12.59,12.6,12.59,12.59,0
2026-07-02 09:49:00+00:00,12.5995,12.5995,12.58,12.5805,0
2026-07-02 09:50:00+00:00,12.59,12.59,12.58,12.59,0
2026-07-02 09:51:00+00:00,12.58,12.59,12.58,12.5891,0
2026-07-02 09:52:00+00:00,12.59,12.59,12.5895,12.5895,0
2026-07-02 09:53:00+00:00,12.58,12.5809,12.58,12.5809,0
2026-07-02 09:54:00+00:00,12.58,12.59,12.58,12.59,0
2026-07-02 09:55:00+00:00,12.58,12.59,12.57,12.57,0
2026-07-02 09:56:00+00:00,12.58,12.58,12.57,12.57,0
2026-07-02 09:57:00+00:00,12.57,12.57,12.57,12.57,0
2026-07-02 09:58:00+00:00,12.579,12.5795,12.57,12.5795,0
2026-07-02 09:59:00+00:00,12.5705,12.5705,12.56,12.57,0
2026-07-02 10:00:00+00:00,12.57,12.57,12.565,12.5679,0
2026-07-02 10:01:00+00:00,12.56,12.56,12.56,12.56,0
2026-07-02 10:02:00+00:00,12.56,12.56,12.55,12.55,0
2026-07-02 10:03:00+00:00,12.55,12.55,12.55,12.55,0
2026-07-02 10:04:00+00:00,12.56,12.57,12.55,12.57,0
2026-07-02 10:05:00+00:00,12.56,12.5701,12.56,12.5701,0
2026-07-02 10:06:00+00:00,12.57,12.58,12.57,12.5712,0
2026-07-02 10:07:00+00:00,12.57,12.58,12.56,12.56,0
2026-07-02 10:08:00+00:00,12.56,12.56,12.56,12.56,0
2026-07-02 10:09:00+00:00,12.5694,12.57,12.56,12.565,0
2026-07-02 10:10:00+00:00,12.565,12.57,12.565,12.57,0
2026-07-02 10:11:00+00:00,12.57,12.57,12.56,12.56,0
2026-07-02 10:12:00+00:00,12.5693,12.5693,12.56,12.5605,0
2026-07-02 10:13:00+00:00,12.57,12.57,12.56,12.56,0
2026-07-02 10:14:00+00:00,12.5614,12.5614,12.561,12.561,0
2026-07-02 10:15:00+00:00,12.56,12.56,12.56,12.56,0
2026-07-02 10:16:00+00:00,12.56,12.5612,12.56,12.56,0
2026-07-02 10:17:00+00:00,12.5693,12.57,12.5693,12.57,0
2026-07-02 10:18:00+00:00,12.57,12.57,12.56,12.5688,0
2026-07-02 10:19:00+00:00,12.56,12.59,12.56,12.58,0
2026-07-02 10:20:00+00:00,12.58,12.58,12.57,12.58,0
2026-07-02 10:21:00+00:00,12.5789,12.58,12.5709,12.58,0
2026-07-02 10:22:00+00:00,12.58,12.58,12.58,12.58,0
2026-07-02 10:23:00+00:00,12.585,12.5888,12.58,12.58,0
2026-07-02 10:24:00+00:00,12.59,12.59,12.5895,12.59,0
2026-07-02 10:25:00+00:00,12.59,12.6,12.59,12.6,0
2026-07-02 10:26:00+00:00,12.6005,12.605,12.6,12.6,0
2026-07-02 10:27:00+00:00,12.6,12.6,12.5995,12.5995,0
2026-07-02 10:28:00+00:00,12.5992,12.5992,12.59,12.59,0
2026-07-02 10:29:00+00:00,12.5802,12.6,12.5802,12.6,0
2026-07-02 10:30:00+00:00,12.5993,12.6,12.59,12.6,0
2026-07-02 10:31:00+00:00,12.6,12.61,12.6,12.6,0
2026-07-02 10:32:00+00:00,12.6005,12.61,12.6002,12.6002,0
2026-07-02 10:33:00+00:00,12.6088,12.61,12.6,12.61,0
2026-07-02 10:34:00+00:00,12.6102,12.62,12.61,12.61,0
2026-07-02 10:35:00+00:00,12.62,12.62,12.6,12.6,0
2026-07-02 10:36:00+00:00,12.6,12.609,12.6,12.609,0
2026-07-02 10:37:00+00:00,12.6,12.6095,12.6,12.6,0
2026-07-02 10:38:00+00:00,12.6,12.6006,12.6,12.6006,0
2026-07-02 10:39:00+00:00,12.6,12.6,12.6,12.6,0
2026-07-02 10:40:00+00:00,12.61,12.61,12.61,12.61,0
2026-07-02 10:41:00+00:00,12.61,12.61,12.6,12.6,0
2026-07-02 10:42:00+00:00,12.61,12.61,12.6095,12.6095,0
2026-07-02 10:43:00+00:00,12.6,12.6,12.5995,12.6,0
2026-07-02 10:44:00+00:00,12.6,12.6,12.5988,12.5988,0
2026-07-02 10:45:00+00:00,12.5912,12.6,12.59,12.6,0
2026-07-02 10:46:00+00:00,12.6005,12.6105,12.6,12.6105,0
2026-07-02 10:47:00+00:00,12.61,12.6191,12.61,12.6191,0
2026-07-02 10:49:00+00:00,12.61,12.61,12.61,12.61,0
2026-07-02 10:50:00+00:00,12.6,12.61,12.6,12.61,0
2026-07-02 10:51:00+00:00,12.61,12.61,12.6,12.6,0
2026-07-02 10:52:00+00:00,12.61,12.61,12.6005,12.6005,0
2026-07-02 10:53:00+00:00,12.6083,12.61,12.6,12.61,0
2026-07-02 10:54:00+00:00,12.6086,12.61,12.6086,12.61,0
2026-07-02 10:55:00+00:00,12.61,12.61,12.6,12.6,0
2026-07-02 10:56:00+00:00,12.6,12.6,12.6,12.6,0
2026-07-02 10:57:00+00:00,12.6005,12.6005,12.6005,12.6005,0
2026-07-02 10:58:00+00:00,12.6,12.61,12.6,12.61,0
2026-07-02 10:59:00+00:00,12.6095,12.61,12.6,12.6,0
2026-07-02 11:00:00+00:00,12.605,12.61,12.59,12.5995,0
2026-07-02 11:01:00+00:00,12.59,12.6,12.59,12.599,0
2026-07-02 11:02:00+00:00,12.5918,12.6,12.59,12.5997,0
2026-07-02 11:03:00+00:00,12.59,12.6,12.58,12.58,0
2026-07-02 11:04:00+00:00,12.5864,12.5864,12.5794,12.58,0
2026-07-02 11:05:00+00:00,12.58,12.58,12.57,12.57,0
2026-07-02 11:06:00+00:00,12.57,12.58,12.57,12.5701,0
2026-07-02 11:07:00+00:00,12.58,12.58,12.57,12.58,0
2026-07-02 11:08:00+00:00,12.5704,12.58,12.57,12.58,0
2026-07-02 11:09:00+00:00,12.5801,12.6,12.58,12.5905,0
2026-07-02 11:10:00+00:00,12.595,12.6,12.59,12.5913,0
2026-07-02 11:11:00+00:00,12.5952,12.6,12.5952,12.5965,0
2026-07-02 11:12:00+00:00,12.5913,12.62,12.5913,12.62,0
2026-07-02 11:13:00+00:00,12.61,12.62,12.61,12.61,0
2026-07-02 11:14:00+00:00,12.61,12.62,12.61,12.6184,0
2026-07-02 11:15:00+00:00,12.62,12.62,12.5995,12.5995,0
2026-07-02 11:16:00+00:00,12.6,12.609,12.59,12.609,0
2026-07-02 11:17:00+00:00,12.6,12.61,12.6,12.6,0
2026-07-02 11:18:00+00:00,12.59,12.6,12.59,12.595,0
2026-07-02 11:19:00+00:00,12.5903,12.61,12.5902,12.6097,0
2026-07-02 11:20:00+00:00,12.61,12.61,12.6,12.6099,0
2026-07-02 11:21:00+00:00,12.6,12.6,12.5901,12.5906,0
2026-07-02 11:22:00+00:00,12.5998,12.6,12.59,12.595,0
2026-07-02 11:23:00+00:00,12.6,12.6164,12.5901,12.6007,0
2026-07-02 11:24:00+00:00,12.62,12.62,12.61,12.6161,0
2026-07-02 11:25:00+00:00,12.615,12.6188,12.6,12.6188,0
2026-07-02 11:26:00+00:00,12.61,12.6199,12.61,12.6113,0
2026-07-02 11:27:00+00:00,12.6195,12.62,12.61,12.6162,0
2026-07-02 11:28:00+00:00,12.62,12.62,12.61,12.62,0
2026-07-02 11:29:00+00:00,12.612,12.62,12.61,12.62,0
2026-07-02 11:30:00+00:00,12.6199,12.62,12.61,12.61,0
2026-07-02 11:31:00+00:00,12.6198,12.62,12.61,12.62,0
2026-07-02 11:32:00+00:00,12.62,12.62,12.615,12.6198,0
2026-07-02 11:33:00+00:00,12.61,12.62,12.61,12.619,0
2026-07-02 11:34:00+00:00,12.6198,12.62,12.609,12.61,0
2026-07-02 11:35:00+00:00,12.6066,12.6066,12.59,12.59,0
2026-07-02 11:36:00+00:00,12.6,12.61,12.6,12.6,0
2026-07-02 11:37:00+00:00,12.61,12.61,12.609,12.609,0
2026-07-02 11:38:00+00:00,12.61,12.65,12.61,12.65,0
2026-07-02 11:39:00+00:00,12.65,12.66,12.65,12.66,0
2026-07-02 11:40:00+00:00,12.66,12.66,12.65,12.65,0
2026-07-02 11:41:00+00:00,12.65,12.6505,12.6411,12.6505,0
2026-07-02 11:42:00+00:00,12.66,12.67,12.65,12.66,0
2026-07-02 11:43:00+00:00,12.6507,12.66,12.6507,12.66,0
2026-07-02 11:44:00+00:00,12.66,12.67,12.655,12.67,0
2026-07-02 11:45:00+00:00,12.6695,12.68,12.66,12.6626,0
2026-07-02 11:46:00+00:00,12.665,12.67,12.66,12.6688,0
2026-07-02 11:47:00+00:00,12.6696,12.68,12.6696,12.675,0
2026-07-02 11:48:00+00:00,12.67,12.68,12.67,12.68,0
2026-07-02 11:49:00+00:00,12.6799,12.7,12.67,12.688,0
2026-07-02 11:50:00+00:00,12.682,12.69,12.68,12.6893,0
2026-07-02 11:51:00+00:00,12.689,12.69,12.6795,12.6795,0
2026-07-02 11:52:00+00:00,12.68,12.6899,12.68,12.68,0
2026-07-02 11:53:00+00:00,12.69,12.69,12.67,12.6709,0
2026-07-02 11:54:00+00:00,12.67,12.7,12.67,12.6897,0
2026-07-02 11:55:00+00:00,12.6895,12.7,12.6895,12.7,0
2026-07-02 11:56:00+00:00,12.6931,12.7,12.69,12.7,0
2026-07-02 11:57:00+00:00,12.7,12.7,12.6895,12.6899,0
2026-07-02 11:58:00+00:00,12.6895,12.6895,12.67,12.67,0
2026-07-02 11:59:00+00:00,12.67,12.6799,12.66,12.6798,0
2026-07-02 12:00:00+00:00,12.67,12.67,12.66,12.6604,0
2026-07-02 12:01:00+00:00,12.66,12.6799,12.66,12.6737,0
2026-07-02 12:02:00+00:00,12.67,12.69,12.67,12.6896,0
2026-07-02 12:03:00+00:00,12.6897,12.73,12.6895,12.73,0
2026-07-02 12:04:00+00:00,12.72,12.7399,12.71,12.7399,0
2026-07-02 12:05:00+00:00,12.7301,12.74,12.7295,12.73,0
2026-07-02 12:06:00+00:00,12.7301,12.74,12.72,12.74,0
2026-07-02 12:07:00+00:00,12.74,12.74,12.72,12.72,0
2026-07-02 12:08:00+00:00,12.72,12.74,12.7105,12.74,0
2026-07-02 12:09:00+00:00,12.74,12.76,12.73,12.76,0
2026-07-02 12:10:00+00:00,12.76,12.77,12.745,12.745,0
2026-07-02 12:11:00+00:00,12.76,12.78,12.74,12.78,0
2026-07-02 12:12:00+00:00,12.78,12.78,12.77,12.78,0
2026-07-02 12:13:00+00:00,12.7798,12.79,12.7705,12.785,0
2026-07-02 12:14:00+00:00,12.79,12.79,12.78,12.78,0
2026-07-02 12:15:00+00:00,12.78,12.79,12.78,12.79,0
2026-07-02 12:16:00+00:00,12.7895,12.82,12.7889,12.79,0
2026-07-02 12:17:00+00:00,12.79,12.8,12.79,12.8,0
2026-07-02 12:18:00+00:00,12.8,12.8,12.79,12.8,0
2026-07-02 12:19:00+00:00,12.7999,12.8,12.78,12.7832,0
2026-07-02 12:20:00+00:00,12.7897,12.8,12.7805,12.799,0
2026-07-02 12:21:00+00:00,12.794,12.81,12.79,12.79,0
2026-07-02 12:22:00+00:00,12.8,12.81,12.78,12.79,0
2026-07-02 12:23:00+00:00,12.7898,12.79,12.78,12.7845,0
2026-07-02 12:24:00+00:00,12.79,12.8,12.78,12.8,0
2026-07-02 12:25:00+00:00,12.79,12.83,12.79,12.8201,0
2026-07-02 12:26:00+00:00,12.825,12.83,12.8,12.819,0
2026-07-02 12:27:00+00:00,12.82,12.82,12.78,12.78,0
2026-07-02 12:28:00+00:00,12.79,12.815,12.78,12.7987,0
2026-07-02 12:29:00+00:00,12.7984,12.82,12.7905,12.8,0
2026-07-02 12:30:00+00:00,12.83,12.91,12.8206,12.91,0
2026-07-02 12:31:00+00:00,12.9089,12.9089,12.86,12.8734,0
2026-07-02 12:32:00+00:00,12.89,12.9,12.88,12.89,0
2026-07-02 12:33:00+00:00,12.8808,12.91,12.86,12.9097,0
2026-07-02 12:34:00+00:00,12.8962,12.92,12.8962,12.92,0
2026-07-02 12:35:00+00:00,12.9189,12.9398,12.91,12.93,0
2026-07-02 12:36:00+00:00,12.93,12.95,12.93,12.9497,0
2026-07-02 12:37:00+00:00,12.9412,12.95,12.94,12.9488,0
2026-07-02 12:38:00+00:00,12.95,12.95,12.9226,12.9335,0
2026-07-02 12:39:00+00:00,12.9394,12.96,12.9394,12.96,0
2026-07-02 12:40:00+00:00,12.9695,12.98,12.9592,12.9592,0
2026-07-02 12:41:00+00:00,12.9504,12.9677,12.93,12.94,0
2026-07-02 12:42:00+00:00,12.94,12.97,12.94,12.97,0
2026-07-02 12:43:00+00:00,12.97,12.97,12.95,12.95,0
2026-07-02 12:44:00+00:00,12.96,12.96,12.95,12.9513,0
2026-07-02 12:45:00+00:00,12.96,12.9691,12.95,12.9524,0
2026-07-02 12:46:00+00:00,12.9598,12.96,12.95,12.96,0
2026-07-02 12:47:00+00:00,12.9599,12.96,12.945,12.95,0
2026-07-02 12:48:00+00:00,12.9492,12.99,12.94,12.99,0
2026-07-02 12:49:00+00:00,12.98,12.98,12.96,12.96,0
2026-07-02 12:50:00+00:00,12.9691,12.99,12.96,12.99,0
2026-07-02 12:51:00+00:00,12.9833,12.99,12.95,12.9588,0
2026-07-02 12:52:00+00:00,12.9502,12.96,12.95,12.9598,0
2026-07-02 12:53:00+00:00,12.95,12.96,12.93,12.93,0
2026-07-02 12:54:00+00:00,12.94,12.94,12.91,12.92,0
2026-07-02 12:55:00+00:00,12.9299,12.93,12.9,12.905,0
2026-07-02 12:56:00+00:00,12.9092,12.9099,12.88,12.89,0
2026-07-02 12:57:00+00:00,12.89,12.89,12.8717,12.8798,0
2026-07-02 12:58:00+00:00,12.8799,12.8897,12.87,12.88,0
2026-07-02 12:59:00+00:00,12.8799,12.88,12.87,12.8702,0
2026-07-02 13:00:00+00:00,12.88,12.89,12.87,12.88,0
2026-07-02 13:01:00+00:00,12.871,12.871,12.84,12.85,0
2026-07-02 13:02:00+00:00,12.85,12.86,12.84,12.84,0
2026-07-02 13:03:00+00:00,12.84,12.8508,12.84,12.8401,0
2026-07-02 13:04:00+00:00,12.84,12.8605,12.84,12.8605,0
2026-07-02 13:05:00+00:00,12.87,12.87,12.83,12.83,0
2026-07-02 13:06:00+00:00,12.8305,12.84,12.8305,12.8391,0
2026-07-02 13:07:00+00:00,12.8399,12.8399,12.82,12.8205,0
2026-07-02 13:08:00+00:00,12.83,12.83,12.8,12.8101,0
2026-07-02 13:09:00+00:00,12.82,12.82,12.81,12.81,0
2026-07-02 13:10:00+00:00,12.81,12.81,12.7802,12.7974,0
2026-07-02 13:11:00+00:00,12.79,12.8,12.7842,12.8,0
2026-07-02 13:12:00+00:00,12.7909,12.81,12.79,12.8,0
2026-07-02 13:13:00+00:00,12.81,12.81,12.8,12.81,0
2026-07-02 13:14:00+00:00,12.8,12.8008,12.7927,12.7998,0
2026-07-02 13:30:00+00:00,12.65999984741211,12.6899995803833,12.630000114440918,12.664999961853027,4892671
2026-07-02 13:31:00+00:00,12.65999984741211,12.670000076293945,12.59000015258789,12.649999618530273,453652
2026-07-02 13:32:00+00:00,12.654999732971191,12.739999771118164,12.649999618530273,12.725000381469727,260861
2026-07-02 13:33:00+00:00,12.725000381469727,12.739999771118164,12.6899995803833,12.720000267028809,238327
2026-07-02 13:34:00+00:00,12.729700088500977,12.765000343322754,12.720000267028809,12.72819995880127,331988
2026-07-02 13:35:00+00:00,12.729999542236328,12.800000190734863,12.729999542236328,12.774999618530273,117166
2026-07-02 13:36:00+00:00,12.779899597167969,12.779999732971191,12.725000381469727,12.779999732971191,130738
2026-07-02 13:37:00+00:00,12.779899597167969,12.789999961853027,12.739999771118164,12.740099906921387,118723
2026-07-02 13:38:00+00:00,12.744999885559082,12.749899864196777,12.699999809265137,12.704999923706055,144786
2026-07-02 13:39:00+00:00,12.701499938964844,12.729999542236328,12.6899995803833,12.719900131225586,193901
2026-07-02 13:40:00+00:00,12.720000267028809,12.765000343322754,12.710000038146973,12.734999656677246,106022
2026-07-02 13:41:00+00:00,12.739999771118164,12.800000190734863,12.739899635314941,12.78499984741211,133543
2026-07-02 13:42:00+00:00,12.78499984741211,12.805000305175781,12.779999732971191,12.789999961853027,145578
2026-07-02 13:43:00+00:00,12.795000076293945,12.875,12.789999961853027,12.84000015258789,176969
2026-07-02 13:44:00+00:00,12.835000038146973,12.850000381469727,12.8149995803833,12.84000015258789,110744
2026-07-02 13:45:00+00:00,12.830499649047852,12.830499649047852,12.789999961853027,12.797699928283691,233307
2026-07-02 13:46:00+00:00,12.795000076293945,12.805000305175781,12.770999908447266,12.781499862670898,98872
2026-07-02 13:47:00+00:00,12.788000106811523,12.819999694824219,12.779999732971191,12.802300453186035,146030
2026-07-02 13:48:00+00:00,12.807499885559082,12.82509994506836,12.800000190734863,12.8149995803833,80195
2026-07-02 13:49:00+00:00,12.8149995803833,12.84000015258789,12.770000457763672,12.774999618530273,342123
2026-07-02 13:50:00+00:00,12.774999618530273,12.800000190734863,12.760000228881836,12.781700134277344,205063
2026-07-02 13:51:00+00:00,12.789999961853027,12.859999656677246,12.783499717712402,12.85990047454834,162836
2026-07-02 13:52:00+00:00,12.850099563598633,12.899999618530273,12.850000381469727,12.889900207519531,403859
2026-07-02 13:53:00+00:00,12.885000228881836,12.90999984741211,12.873200416564941,12.899999618530273,245223
2026-07-02 13:54:00+00:00,12.899999618530273,12.90999984741211,12.869999885559082,12.899999618530273,111282
2026-07-02 13:55:00+00:00,12.889900207519531,12.900099754333496,12.880000114440918,12.890000343322754,102493
2026-07-02 13:56:00+00:00,12.895000457763672,12.899999618530273,12.854999542236328,12.885000228881836,120339
2026-07-02 13:57:00+00:00,12.885000228881836,12.899999618530273,12.869999885559082,12.875,277398
2026-07-02 13:58:00+00:00,12.875,12.90999984741211,12.875,12.899999618530273,241783
2026-07-02 13:59:00+00:00,12.899800300598145,12.90999984741211,12.880000114440918,12.895000457763672,62052
2026-07-02 14:00:00+00:00,12.895000457763672,12.899999618530273,12.850000381469727,12.860099792480469,147878
2026-07-02 14:01:00+00:00,12.864999771118164,12.899999618530273,12.841400146484375,12.899999618530273,145412
2026-07-02 14:02:00+00:00,12.899999618530273,12.899999618530273,12.864999771118164,12.899900436401367,75608
2026-07-02 14:03:00+00:00,12.899999618530273,12.90999984741211,12.890000343322754,12.89009952545166,65156
2026-07-02 14:04:00+00:00,12.89840030670166,12.90999984741211,12.869999885559082,12.880000114440918,101460
2026-07-02 14:05:00+00:00,12.888500213623047,12.888500213623047,12.84000015258789,12.84000015258789,99609
2026-07-02 14:06:00+00:00,12.84000015258789,12.859999656677246,12.835000038146973,12.84000015258789,84074
2026-07-02 14:07:00+00:00,12.84000015258789,12.869999885559082,12.84000015258789,12.862500190734863,85035
2026-07-02 14:08:00+00:00,12.864999771118164,12.864999771118164,12.8149995803833,12.8149995803833,98374
2026-07-02 14:09:00+00:00,12.8149995803833,12.829899787902832,12.800000190734863,12.8149995803833,55658
2026-07-02 14:10:00+00:00,12.819999694824219,12.819999694824219,12.75,12.781200408935547,185602
2026-07-02 14:11:00+00:00,12.779999732971191,12.805000305175781,12.779999732971191,12.800000190734863,82123
2026-07-02 14:12:00+00:00,12.800000190734863,12.850000381469727,12.791099548339844,12.839099884033203,75531
2026-07-02 14:13:00+00:00,12.835000038146973,12.864999771118164,12.835000038146973,12.850000381469727,71386
2026-07-02 14:14:00+00:00,12.850000381469727,12.859999656677246,12.84000015258789,12.8503999710083,55876
2026-07-02 14:15:00+00:00,12.854999542236328,12.859999656677246,12.829999923706055,12.835000038146973,63493
2026-07-02 14:16:00+00:00,12.835000038146973,12.837400436401367,12.79010009765625,12.795000076293945,177594
2026-07-02 14:17:00+00:00,12.795000076293945,12.805000305175781,12.770000457763672,12.774999618530273,57144
2026-07-02 14:18:00+00:00,12.774999618530273,12.789999961853027,12.75,12.750300407409668,323215
2026-07-02 14:19:00+00:00,12.755000114440918,12.774999618530273,12.75,12.76990032196045,62748
2026-07-02 14:20:00+00:00,12.765000343322754,12.779999732971191,12.710000038146973,12.720000267028809,123742
2026-07-02 14:21:00+00:00,12.711000442504883,12.717700004577637,12.670000076293945,12.690099716186523,194475
2026-07-02 14:22:00+00:00,12.694999694824219,12.694999694824219,12.649999618530273,12.675000190734863,500889
2026-07-02 14:23:00+00:00,12.675000190734863,12.688599586486816,12.630000114440918,12.645000457763672,198440
2026-07-02 14:24:00+00:00,12.6496000289917,12.680000305175781,12.630000114440918,12.630000114440918,84028
2026-07-02 14:25:00+00:00,12.630399703979492,12.649999618530273,12.600000381469727,12.610099792480469,206898
2026-07-02 14:26:00+00:00,12.609999656677246,12.630000114440918,12.600000381469727,12.602299690246582,85720
2026-07-02 14:27:00+00:00,12.604999542236328,12.608699798583984,12.550000190734863,12.5600004196167,246015
2026-07-02 14:28:00+00:00,12.5600004196167,12.569999694824219,12.529999732971191,12.545000076293945,261023
2026-07-02 14:29:00+00:00,12.545000076293945,12.56980037689209,12.529999732971191,12.545000076293945,210939
2026-07-02 14:30:00+00:00,12.545000076293945,12.579999923706055,12.520000457763672,12.545000076293945,608605
2026-07-02 14:31:00+00:00,12.550000190734863,12.579999923706055,12.539999961853027,12.555000305175781,134943
2026-07-02 14:32:00+00:00,12.559000015258789,12.574999809265137,12.520000457763672,12.524999618530273,174623
2026-07-02 14:33:00+00:00,12.524999618530273,12.539999961853027,12.5,12.524999618530273,367834
2026-07-02 14:34:00+00:00,12.529500007629395,12.539999961853027,12.510000228881836,12.510100364685059,196568
2026-07-02 14:35:00+00:00,12.515000343322754,12.524999618530273,12.5,12.5,215360
2026-07-02 14:36:00+00:00,12.505000114440918,12.541399955749512,12.5,12.541399955749512,188729
2026-07-02 14:37:00+00:00,12.550000190734863,12.56760025024414,12.524999618530273,12.550000190734863,506249
2026-07-02 14:38:00+00:00,12.550999641418457,12.555000305175781,12.520000457763672,12.539899826049805,111226
2026-07-02 14:39:00+00:00,12.53279972076416,12.550000190734863,12.510000228881836,12.5108003616333,67294
2026-07-02 14:40:00+00:00,12.515000343322754,12.51990032196045,12.470000267028809,12.475000381469727,429430
2026-07-02 14:41:00+00:00,12.472599983215332,12.479999542236328,12.4399995803833,12.442999839782715,277047
2026-07-02 14:42:00+00:00,12.440099716186523,12.449999809265137,12.404999732971191,12.425000190734863,375621
2026-07-02 14:43:00+00:00,12.430000305175781,12.4399995803833,12.399999618530273,12.399999618530273,254757
2026-07-02 14:44:00+00:00,12.400400161743164,12.430000305175781,12.399999618530273,12.400099754333496,361132
2026-07-02 14:45:00+00:00,12.404999732971191,12.460000038146973,12.399999618530273,12.446200370788574,294224
2026-07-02 14:46:00+00:00,12.444999694824219,12.488300323486328,12.430000305175781,12.479999542236328,395065
2026-07-02 14:47:00+00:00,12.484999656677246,12.5,12.430000305175781,12.449999809265137,318805
2026-07-02 14:48:00+00:00,12.4399995803833,12.444999694824219,12.399999618530273,12.414999961853027,144025
2026-07-02 14:49:00+00:00,12.40999984741211,12.470000267028809,12.399999618530273,12.444999694824219,188471
2026-07-02 14:50:00+00:00,12.449999809265137,12.460000038146973,12.404999732971191,12.430000305175781,182471
2026-07-02 14:51:00+00:00,12.420000076293945,12.479999542236328,12.420000076293945,12.449999809265137,220898
2026-07-02 14:52:00+00:00,12.449999809265137,12.454999923706055,12.399999618530273,12.419899940490723,188366
2026-07-02 14:53:00+00:00,12.414999961853027,12.425000190734863,12.369999885559082,12.385000228881836,623253
2026-07-02 14:54:00+00:00,12.385000228881836,12.430000305175781,12.380000114440918,12.413000106811523,265397
2026-07-02 14:55:00+00:00,12.41189956665039,12.430000305175781,12.399999618530273,12.414999961853027,215499
2026-07-02 14:56:00+00:00,12.420000076293945,12.447500228881836,12.420000076293945,12.422800064086914,169555
2026-07-02 14:57:00+00:00,12.420000076293945,12.430000305175781,12.399999618530273,12.419899940490723,320281
2026-07-02 14:58:00+00:00,12.414999961853027,12.444999694824219,12.414999961853027,12.4350004196167,115426
2026-07-02 14:59:00+00:00,12.438899993896484,12.46500015258789,12.4350004196167,12.460000038146973,174174
2026-07-02 15:00:00+00:00,12.449999809265137,12.460000038146973,12.430100440979004,12.460000038146973,142237
2026-07-02 15:01:00+00:00,12.460000038146973,12.46500015258789,12.431400299072266,12.431400299072266,309731
2026-07-02 15:02:00+00:00,12.4350004196167,12.448028564453125,12.420000076293945,12.4350004196167,99416
2026-07-02 15:03:00+00:00,12.430000305175781,12.4399995803833,12.380000114440918,12.395000457763672,266451
2026-07-02 15:04:00+00:00,12.390700340270996,12.399999618530273,12.34000015258789,12.345000267028809,238823
2026-07-02 15:05:00+00:00,12.350000381469727,12.354999542236328,12.3100004196167,12.320099830627441,468282
2026-07-02 15:06:00+00:00,12.320099830627441,12.329999923706055,12.3100004196167,12.310099601745605,328915
2026-07-02 15:07:00+00:00,12.3149995803833,12.319999694824219,12.305000305175781,12.3149995803833,151269
2026-07-02 15:08:00+00:00,12.3149995803833,12.350000381469727,12.3149995803833,12.340700149536133,235887
2026-07-02 15:09:00+00:00,12.345000267028809,12.369999885559082,12.329999923706055,12.345000267028809,421025
2026-07-02 15:10:00+00:00,12.349499702453613,12.380000114440918,12.34000015258789,12.360099792480469,194100
2026-07-02 15:11:00+00:00,12.367899894714355,12.408699989318848,12.364999771118164,12.395000457763672,312856
2026-07-02 15:12:00+00:00,12.395000457763672,12.399999618530273,12.369999885559082,12.375,269681
2026-07-02 15:13:00+00:00,12.370100021362305,12.40999984741211,12.369999885559082,12.395000457763672,212528
2026-07-02 15:14:00+00:00,12.395000457763672,12.395000457763672,12.369999885559082,12.369999885559082,162457
2026-07-02 15:15:00+00:00,12.375,12.390000343322754,12.34000015258789,12.341400146484375,213964
2026-07-02 15:16:00+00:00,12.345000267028809,12.350000381469727,12.324999809265137,12.330300331115723,164617
2026-07-02 15:17:00+00:00,12.335000038146973,12.350000381469727,12.319999694824219,12.329999923706055,292718
2026-07-02 15:18:00+00:00,12.329999923706055,12.34000015258789,12.3100004196167,12.310999870300293,203832
2026-07-02 15:19:00+00:00,12.3149995803833,12.3149995803833,12.289999961853027,12.309800148010254,415950
2026-07-02 15:20:00+00:00,12.303600311279297,12.329700469970703,12.300000190734863,12.324999809265137,211337
2026-07-02 15:21:00+00:00,12.320099830627441,12.348400115966797,12.3100004196167,12.324999809265137,329657
2026-07-02 15:22:00+00:00,12.324999809265137,12.34000015258789,12.319999694824219,12.324999809265137,128027
2026-07-02 15:23:00+00:00,12.319999694824219,12.320099830627441,12.279999732971191,12.305000305175781,480695
2026-07-02 15:24:00+00:00,12.300000190734863,12.329899787902832,12.289999961853027,12.3149995803833,165793
2026-07-02 15:25:00+00:00,12.319999694824219,12.329999923706055,12.279999732971191,12.289999961853027,266620
2026-07-02 15:26:00+00:00,12.295000076293945,12.319999694824219,12.289999961853027,12.2923002243042,210278
2026-07-02 15:27:00+00:00,12.295000076293945,12.3149995803833,12.295000076293945,12.3100004196167,204016
2026-07-02 15:28:00+00:00,12.309000015258789,12.3100004196167,12.289999961853027,12.295000076293945,197502
2026-07-02 15:29:00+00:00,12.295000076293945,12.324999809265137,12.279999732971191,12.295000076293945,687806
2026-07-02 15:30:00+00:00,12.29990005493164,12.34000015258789,12.289999961853027,12.324999809265137,320807
2026-07-02 15:31:00+00:00,12.319999694824219,12.335000038146973,12.3100004196167,12.324999809265137,272669
2026-07-02 15:32:00+00:00,12.321999549865723,12.34000015258789,12.300000190734863,12.3149995803833,206213
2026-07-02 15:33:00+00:00,12.3149995803833,12.319999694824219,12.289999961853027,12.3149995803833,221423
2026-07-02 15:34:00+00:00,12.319999694824219,12.329999923706055,12.3100004196167,12.319999694824219,164812
2026-07-02 15:35:00+00:00,12.324999809265137,12.350000381469727,12.319999694824219,12.34000015258789,93460
2026-07-02 15:36:00+00:00,12.34000015258789,12.350000381469727,12.329999923706055,12.338000297546387,62250
2026-07-02 15:37:00+00:00,12.337699890136719,12.350000381469727,12.319999694824219,12.329999923706055,88551
2026-07-02 15:38:00+00:00,12.331399917602539,12.350000381469727,12.319999694824219,12.329999923706055,157811
2026-07-02 15:39:00+00:00,12.336099624633789,12.336099624633789,12.3100004196167,12.3149995803833,87849
2026-07-02 15:40:00+00:00,12.3149995803833,12.329999923706055,12.310099601745605,12.319999694824219,67888
2026-07-02 15:41:00+00:00,12.319999694824219,12.319999694824219,12.300000190734863,12.305000305175781,59067
2026-07-02 15:42:00+00:00,12.3100004196167,12.3100004196167,12.279999732971191,12.289999961853027,81738
2026-07-02 15:43:00+00:00,12.295000076293945,12.299500465393066,12.279999732971191,12.28499984741211,55074
2026-07-02 15:44:00+00:00,12.289999961853027,12.289999961853027,12.270000457763672,12.274999618530273,90033
2026-07-02 15:45:00+00:00,12.279899597167969,12.289999961853027,12.270000457763672,12.274999618530273,92177
2026-07-02 15:46:00+00:00,12.274999618530273,12.288200378417969,12.265000343322754,12.270000457763672,73947
2026-07-02 15:47:00+00:00,12.274999618530273,12.289999961853027,12.255000114440918,12.281399726867676,308916
2026-07-02 15:48:00+00:00,12.28499984741211,12.3100004196167,12.279999732971191,12.287400245666504,269323
2026-07-02 15:49:00+00:00,12.279999732971191,12.288999557495117,12.25,12.255000114440918,135088
2026-07-02 15:50:00+00:00,12.260000228881836,12.260000228881836,12.239999771118164,12.244999885559082,162158
2026-07-02 15:51:00+00:00,12.240099906921387,12.270000457763672,12.239999771118164,12.255000114440918,83493
2026-07-02 15:52:00+00:00,12.260000228881836,12.270000457763672,12.220399856567383,12.23009967803955,143166
2026-07-02 15:53:00+00:00,12.234999656677246,12.234999656677246,12.220000267028809,12.225000381469727,61146
2026-07-02 15:54:00+00:00,12.229999542236328,12.234999656677246,12.220000267028809,12.225000381469727,247428
2026-07-02 15:55:00+00:00,12.220600128173828,12.239999771118164,12.210000038146973,12.21500015258789,132654
2026-07-02 15:56:00+00:00,12.211700439453125,12.225000381469727,12.210000038146973,12.21500015258789,91025
2026-07-02 15:57:00+00:00,12.220000267028809,12.229999542236328,12.210000038146973,12.225000381469727,79998
2026-07-02 15:58:00+00:00,12.220000267028809,12.229999542236328,12.210000038146973,12.229999542236328,130239
2026-07-02 15:59:00+00:00,12.229999542236328,12.25,12.220000267028809,12.238499641418457,79592
2026-07-02 16:00:00+00:00,12.229999542236328,12.239999771118164,12.220000267028809,12.220000267028809,58066
2026-07-02 16:01:00+00:00,12.225000381469727,12.225000381469727,12.1899995803833,12.1899995803833,410477
2026-07-02 16:02:00+00:00,12.199999809265137,12.199999809265137,12.180000305175781,12.1899995803833,94554
2026-07-02 16:03:00+00:00,12.1850004196167,12.210000038146973,12.180000305175781,12.1850004196167,269796
2026-07-02 16:04:00+00:00,12.189299583435059,12.1899995803833,12.180000305175781,12.1850004196167,119878
2026-07-02 16:05:00+00:00,12.1899995803833,12.199999809265137,12.180000305175781,12.1850004196167,310033
2026-07-02 16:06:00+00:00,12.1850004196167,12.1899995803833,12.170000076293945,12.175000190734863,143311
2026-07-02 16:07:00+00:00,12.175000190734863,12.199999809265137,12.175000190734863,12.194999694824219,142454
2026-07-02 16:08:00+00:00,12.190099716186523,12.199999809265137,12.180000305175781,12.190099716186523,104572
2026-07-02 16:09:00+00:00,12.194999694824219,12.199999809265137,12.180000305175781,12.1899995803833,78045
2026-07-02 16:10:00+00:00,12.1850004196167,12.220000267028809,12.180000305175781,12.21500015258789,175746
2026-07-02 16:11:00+00:00,12.210000038146973,12.229999542236328,12.210000038146973,12.210000038146973,116928
2026-07-02 16:12:00+00:00,12.210000038146973,12.220000267028809,12.199999809265137,12.219799995422363,127433
2026-07-02 16:13:00+00:00,12.210000038146973,12.229999542236328,12.210000038146973,12.229999542236328,68872
2026-07-02 16:14:00+00:00,12.225000381469727,12.234999656677246,12.199999809265137,12.199999809265137,164097
2026-07-02 16:15:00+00:00,12.204999923706055,12.210000038146973,12.180000305175781,12.194999694824219,107423
2026-07-02 16:16:00+00:00,12.194999694824219,12.210000038146973,12.1899995803833,12.1899995803833,56353
2026-07-02 16:17:00+00:00,12.19950008392334,12.199899673461914,12.15999984741211,12.164999961853027,232871
2026-07-02 16:18:00+00:00,12.164999961853027,12.1850004196167,12.15999984741211,12.178000450134277,169823
2026-07-02 16:19:00+00:00,12.170299530029297,12.197400093078613,12.15999984741211,12.164999961853027,141678
2026-07-02 16:20:00+00:00,12.170000076293945,12.170000076293945,12.130000114440918,12.140000343322754,579725
2026-07-02 16:21:00+00:00,12.141500473022461,12.149999618530273,12.130000114440918,12.131500244140625,171807
2026-07-02 16:22:00+00:00,12.134499549865723,12.149999618530273,12.119999885559082,12.145000457763672,219348
2026-07-02 16:23:00+00:00,12.145000457763672,12.149900436401367,12.109999656677246,12.114999771118164,477424
2026-07-02 16:24:00+00:00,12.114999771118164,12.119999885559082,12.109999656677246,12.11299991607666,79283
2026-07-02 16:25:00+00:00,12.114999771118164,12.140000343322754,12.109999656677246,12.135000228881836,137795
2026-07-02 16:26:00+00:00,12.135000228881836,12.135000228881836,12.109999656677246,12.109999656677246,358566
2026-07-02 16:27:00+00:00,12.114999771118164,12.130000114440918,12.109999656677246,12.114999771118164,111399
2026-07-02 16:28:00+00:00,12.114999771118164,12.13539981842041,12.109999656677246,12.13010025024414,129324
2026-07-02 16:29:00+00:00,12.135000228881836,12.140000343322754,12.100000381469727,12.10990047454834,130789
2026-07-02 16:30:00+00:00,12.109999656677246,12.114999771118164,12.069999694824219,12.081399917602539,278007
2026-07-02 16:31:00+00:00,12.085000038146973,12.09000015258789,12.069999694824219,12.069999694824219,381616
2026-07-02 16:32:00+00:00,12.074999809265137,12.088899612426758,12.0600004196167,12.0649995803833,527475
2026-07-02 16:33:00+00:00,12.060099601745605,12.079999923706055,12.050000190734863,12.050000190734863,278798
2026-07-02 16:34:00+00:00,12.055000305175781,12.055000305175781,12.029999732971191,12.040399551391602,411933
2026-07-02 16:35:00+00:00,12.039999961853027,12.0649995803833,12.039999961853027,12.0600004196167,110782
2026-07-02 16:36:00+00:00,12.0600004196167,12.06029987335205,12.03499984741211,12.045000076293945,142003
2026-07-02 16:37:00+00:00,12.045000076293945,12.055000305175781,12.024999618530273,12.03499984741211,184386
2026-07-02 16:38:00+00:00,12.03499984741211,12.039999961853027,12.029999732971191,12.029999732971191,129081
2026-07-02 16:39:00+00:00,12.029999732971191,12.050000190734863,12.029999732971191,12.045000076293945,225234
2026-07-02 16:40:00+00:00,12.043600082397461,12.100000381469727,12.043600082397461,12.098999977111816,151514
2026-07-02 16:41:00+00:00,12.09000015258789,12.109999656677246,12.09000015258789,12.09000015258789,111108
2026-07-02 16:42:00+00:00,12.09000015258789,12.10990047454834,12.09000015258789,12.095000267028809,108138
2026-07-02 16:43:00+00:00,12.095000267028809,12.109999656677246,12.095000267028809,12.104999542236328,136389
2026-07-02 16:44:00+00:00,12.100099563598633,12.130000114440918,12.100099563598633,12.119999885559082,92411
2026-07-02 16:45:00+00:00,12.125,12.130000114440918,12.079999923706055,12.09000015258789,91557
2026-07-02 16:46:00+00:00,12.09000015258789,12.099900245666504,12.09000015258789,12.091300010681152,38308
2026-07-02 16:47:00+00:00,12.095000267028809,12.109999656677246,12.085000038146973,12.104999542236328,62639
2026-07-02 16:48:00+00:00,12.104999542236328,12.110099792480469,12.090100288391113,12.095000267028809,151625
2026-07-02 16:49:00+00:00,12.092000007629395,12.109999656677246,12.09000015258789,12.095000267028809,66300
2026-07-02 16:50:00+00:00,12.095000267028809,12.095000267028809,12.069999694824219,12.079999923706055,78697
2026-07-02 16:51:00+00:00,12.079899787902832,12.109999656677246,12.069999694824219,12.100000381469727,116081
2026-07-02 16:52:00+00:00,12.104999542236328,12.109999656677246,12.09000015258789,12.106900215148926,33404
2026-07-02 16:53:00+00:00,12.104999542236328,12.10890007019043,12.079999923706055,12.085000038146973,72641
2026-07-02 16:54:00+00:00,12.079999923706055,12.095000267028809,12.069999694824219,12.085000038146973,127271
2026-07-02 16:55:00+00:00,12.09000015258789,12.09000015258789,12.039999961853027,12.050000190734863,235151
2026-07-02 16:56:00+00:00,12.050100326538086,12.0600004196167,12.029999732971191,12.039999961853027,65111
2026-07-02 16:57:00+00:00,12.029999732971191,12.0600004196167,12.029999732971191,12.04990005493164,199642
2026-07-02 16:58:00+00:00,12.050000190734863,12.055000305175781,12.045000076293945,12.055000305175781,54548
2026-07-02 16:59:00+00:00,12.059000015258789,12.069999694824219,12.055000305175781,12.060600280761719,59834
2026-07-02 17:00:00+00:00,12.0649995803833,12.069999694824219,12.045000076293945,12.045000076293945,60819
2026-07-02 17:01:00+00:00,12.045000076293945,12.050000190734863,12.029999732971191,12.03499984741211,139334
2026-07-02 17:02:00+00:00,12.03499984741211,12.055000305175781,12.020000457763672,12.030099868774414,158861
2026-07-02 17:03:00+00:00,12.029999732971191,12.039999961853027,12.020000457763672,12.029999732971191,139061
2026-07-02 17:04:00+00:00,12.037599563598633,12.037599563598633,12.010000228881836,12.026399612426758,136509
2026-07-02 17:05:00+00:00,12.024999618530273,12.058600425720215,12.010100364685059,12.050000190734863,73236
2026-07-02 17:06:00+00:00,12.059599876403809,12.099499702453613,12.050000190734863,12.099499702453613,103190
2026-07-02 17:07:00+00:00,12.09000015258789,12.109999656677246,12.085000038146973,12.097599983215332,394986
2026-07-02 17:08:00+00:00,12.090100288391113,12.090999603271484,12.061400413513184,12.069999694824219,160277
2026-07-02 17:09:00+00:00,12.074999809265137,12.079999923706055,12.0600004196167,12.06089973449707,85465
2026-07-02 17:10:00+00:00,12.0649995803833,12.069999694824219,12.050000190734863,12.0600004196167,85934
2026-07-02 17:11:00+00:00,12.067999839782715,12.067999839782715,12.050000190734863,12.0600004196167,56958
2026-07-02 17:12:00+00:00,12.050000190734863,12.050000190734863,12.029999732971191,12.045000076293945,150407
2026-07-02 17:13:00+00:00,12.039999961853027,12.039999961853027,12.020000457763672,12.03499984741211,205918
2026-07-02 17:14:00+00:00,12.03499984741211,12.059900283813477,12.029999732971191,12.050000190734863,81016
2026-07-02 17:15:00+00:00,12.059499740600586,12.0600004196167,12.039999961853027,12.045000076293945,85726
2026-07-02 17:16:00+00:00,12.04069995880127,12.0600004196167,12.04069995880127,12.05090045928955,45186
2026-07-02 17:17:00+00:00,12.055000305175781,12.069999694824219,12.055000305175781,12.055000305175781,58157
2026-07-02 17:18:00+00:00,12.055000305175781,12.069999694824219,12.050000190734863,12.055000305175781,81994
2026-07-02 17:19:00+00:00,12.055000305175781,12.055000305175781,12.039999961853027,12.045000076293945,50937
2026-07-02 17:20:00+00:00,12.045000076293945,12.050000190734863,12.039999961853027,12.049500465393066,60286
2026-07-02 17:21:00+00:00,12.045000076293945,12.069999694824219,12.045000076293945,12.050000190734863,58128
2026-07-02 17:22:00+00:00,12.055000305175781,12.069999694824219,12.045000076293945,12.045000076293945,75542
2026-07-02 17:23:00+00:00,12.047900199890137,12.0600004196167,12.029999732971191,12.045000076293945,66973
2026-07-02 17:24:00+00:00,12.049400329589844,12.050000190734863,12.029999732971191,12.03499984741211,72713
2026-07-02 17:25:00+00:00,12.03499984741211,12.039999961853027,12.029999732971191,12.03499984741211,56367
2026-07-02 17:26:00+00:00,12.036399841308594,12.050000190734863,12.029999732971191,12.039899826049805,70364
2026-07-02 17:27:00+00:00,12.038000106811523,12.04990005493164,12.029999732971191,12.04010009765625,63590
2026-07-02 17:28:00+00:00,12.04740047454834,12.04740047454834,12.029999732971191,12.029999732971191,70525
2026-07-02 17:29:00+00:00,12.039999961853027,12.048999786376953,12.029999732971191,12.039899826049805,124304
2026-07-02 17:30:00+00:00,12.03499984741211,12.050000190734863,12.029999732971191,12.03499984741211,48477
2026-07-02 17:31:00+00:00,12.03499984741211,12.045000076293945,12.03499984741211,12.03499984741211,72695
2026-07-02 17:32:00+00:00,12.030099868774414,12.039999961853027,12.020000457763672,12.029999732971191,98809
2026-07-02 17:33:00+00:00,12.029999732971191,12.029999732971191,12.010000228881836,12.019599914550781,146133
2026-07-02 17:34:00+00:00,12.010100364685059,12.020000457763672,11.970000267028809,11.979499816894531,1094070
2026-07-02 17:35:00+00:00,11.970399856567383,11.989899635314941,11.960000038146973,11.970100402832031,110356
2026-07-02 17:36:00+00:00,11.977899551391602,11.979999542236328,11.949999809265137,11.960100173950195,241227
2026-07-02 17:37:00+00:00,11.968600273132324,11.970000267028809,11.954999923706055,11.96500015258789,85887
2026-07-02 17:38:00+00:00,11.960100173950195,11.970000267028809,11.9399995803833,11.9399995803833,237700
2026-07-02 17:39:00+00:00,11.941499710083008,11.960000038146973,11.9399995803833,11.954999923706055,166066
2026-07-02 17:40:00+00:00,11.954999923706055,11.970000267028809,11.949999809265137,11.970000267028809,209513
2026-07-02 17:41:00+00:00,11.96500015258789,11.989999771118164,11.96500015258789,11.984999656677246,207983
2026-07-02 17:42:00+00:00,11.982000350952148,11.99899959564209,11.979999542236328,11.980299949645996,152220
2026-07-02 17:43:00+00:00,11.979999542236328,11.979999542236328,11.970000267028809,11.970000267028809,67681
2026-07-02 17:44:00+00:00,11.970000267028809,11.979999542236328,11.960000038146973,11.970000267028809,80967
2026-07-02 17:45:00+00:00,11.975000381469727,11.975000381469727,11.949999809265137,11.951499938964844,82339
2026-07-02 17:46:00+00:00,11.952799797058105,11.955499649047852,11.930000305175781,11.930000305175781,146977
2026-07-02 17:47:00+00:00,11.930000305175781,11.937999725341797,11.899999618530273,11.904999732971191,152910
2026-07-02 17:48:00+00:00,11.899999618530273,11.927499771118164,11.895000457763672,11.920000076293945,374159
2026-07-02 17:49:00+00:00,11.920000076293945,11.930000305175781,11.920000076293945,11.920999526977539,65435
2026-07-02 17:50:00+00:00,11.925000190734863,11.930000305175781,11.899999618530273,11.92039966583252,130684
2026-07-02 17:51:00+00:00,11.920000076293945,11.930000305175781,11.920000076293945,11.920999526977539,64159
2026-07-02 17:52:00+00:00,11.92140007019043,11.9399995803833,11.920000076293945,11.929499626159668,77720
2026-07-02 17:53:00+00:00,11.925000190734863,11.9399995803833,11.920000076293945,11.9350004196167,133831
2026-07-02 17:54:00+00:00,11.9350004196167,11.960000038146973,11.9350004196167,11.954999923706055,159193
2026-07-02 17:55:00+00:00,11.949999809265137,11.960000038146973,11.930100440979004,11.944999694824219,116547
2026-07-02 17:56:00+00:00,11.940099716186523,11.944999694824219,11.920000076293945,11.920100212097168,78968
2026-07-02 17:57:00+00:00,11.928500175476074,11.939900398254395,11.920000076293945,11.925000190734863,103129
2026-07-02 17:58:00+00:00,11.930000305175781,11.930000305175781,11.899999618530273,11.909600257873535,213583
2026-07-02 17:59:00+00:00,11.899999618530273,11.90999984741211,11.899999618530273,11.904999732971191,107612
2026-07-02 18:00:00+00:00,11.90999984741211,11.9350004196167,11.899999618530273,11.9350004196167,244873
2026-07-02 18:01:00+00:00,11.9350004196167,11.949999809265137,11.920000076293945,11.944999694824219,169476
2026-07-02 18:02:00+00:00,11.9399995803833,11.947699546813965,11.930000305175781,11.9350004196167,148291
2026-07-02 18:03:00+00:00,11.9350004196167,11.960000038146973,11.930000305175781,11.949999809265137,140232
2026-07-02 18:04:00+00:00,11.954999923706055,11.989999771118164,11.950200080871582,11.975000381469727,152777
2026-07-02 18:05:00+00:00,11.977999687194824,12.010000228881836,11.970000267028809,11.998000144958496,162985
2026-07-02 18:06:00+00:00,12.0,12.029999732971191,11.994999885559082,12.028599739074707,119424
2026-07-02 18:07:00+00:00,12.020000457763672,12.039999961853027,12.010100364685059,12.024999618530273,165683
2026-07-02 18:08:00+00:00,12.024999618530273,12.04990005493164,12.020000457763672,12.03499984741211,221456
2026-07-02 18:09:00+00:00,12.039999961853027,12.059399604797363,12.03499984741211,12.059000015258789,120467
2026-07-02 18:10:00+00:00,12.055000305175781,12.069999694824219,12.020000457763672,12.03499984741211,293300
2026-07-02 18:11:00+00:00,12.039999961853027,12.048600196838379,12.024999618530273,12.029999732971191,107147
2026-07-02 18:12:00+00:00,12.029999732971191,12.029999732971191,12.010100364685059,12.024999618530273,232454
2026-07-02 18:13:00+00:00,12.020000457763672,12.029999732971191,12.005000114440918,12.015000343322754,231596
2026-07-02 18:14:00+00:00,12.015000343322754,12.020000457763672,11.979999542236328,12.0,215376
2026-07-02 18:15:00+00:00,11.99940013885498,12.0,11.970000267028809,11.982000350952148,232055
2026-07-02 18:16:00+00:00,11.982000350952148,11.989999771118164,11.979999542236328,11.984999656677246,46841
2026-07-02 18:17:00+00:00,11.979999542236328,11.989299774169922,11.960000038146973,11.970000267028809,106227
2026-07-02 18:18:00+00:00,11.96500015258789,11.979900360107422,11.960000038146973,11.975000381469727,132094
2026-07-02 18:19:00+00:00,11.975000381469727,11.984999656677246,11.96500015258789,11.979999542236328,385721
2026-07-02 18:20:00+00:00,11.984999656677246,12.0,11.975000381469727,11.989999771118164,56553
2026-07-02 18:21:00+00:00,11.994999885559082,11.999500274658203,11.979999542236328,11.989999771118164,76832
2026-07-02 18:22:00+00:00,11.984999656677246,12.005000114440918,11.979999542236328,11.998900413513184,80847
2026-07-02 18:23:00+00:00,11.994999885559082,12.005000114440918,11.989999771118164,11.989999771118164,60260
2026-07-02 18:24:00+00:00,11.997400283813477,12.005000114440918,11.989999771118164,12.001700401306152,77074
2026-07-02 18:25:00+00:00,12.005000114440918,12.015000343322754,12.0,12.0,42792
2026-07-02 18:26:00+00:00,12.0,12.0,11.989999771118164,12.0,37121
2026-07-02 18:27:00+00:00,11.994999885559082,12.010000228881836,11.989999771118164,12.009900093078613,47065
2026-07-02 18:28:00+00:00,12.010000228881836,12.029999732971191,12.005000114440918,12.015000343322754,56983
2026-07-02 18:29:00+00:00,12.015000343322754,12.029999732971191,12.015000343322754,12.024999618530273,127693
2026-07-02 18:30:00+00:00,12.020000457763672,12.050000190734863,12.020000457763672,12.045000076293945,99985
2026-07-02 18:31:00+00:00,12.045000076293945,12.055000305175781,12.039999961853027,12.045000076293945,133746
2026-07-02 18:32:00+00:00,12.050000190734863,12.050000190734863,12.029999732971191,12.04990005493164,126069
2026-07-02 18:33:00+00:00,12.045000076293945,12.0600004196167,12.045000076293945,12.0600004196167,51709
2026-07-02 18:34:00+00:00,12.050000190734863,12.050000190734863,12.010000228881836,12.024999618530273,174073
2026-07-02 18:35:00+00:00,12.029999732971191,12.045000076293945,12.020000457763672,12.024999618530273,93358
2026-07-02 18:36:00+00:00,12.029500007629395,12.03499984741211,12.010000228881836,12.020000457763672,115834
2026-07-02 18:37:00+00:00,12.020000457763672,12.039999961853027,12.020000457763672,12.03499984741211,157863
2026-07-02 18:38:00+00:00,12.030799865722656,12.049500465393066,12.029999732971191,12.029999732971191,124733
2026-07-02 18:39:00+00:00,12.03499984741211,12.047499656677246,12.029999732971191,12.03499984741211,89780
2026-07-02 18:40:00+00:00,12.03499984741211,12.039999961853027,12.029999732971191,12.03499984741211,24093
2026-07-02 18:41:00+00:00,12.029999732971191,12.03499984741211,12.010000228881836,12.029899597167969,130970
2026-07-02 18:42:00+00:00,12.024999618530273,12.039999961853027,12.020000457763672,12.03499984741211,54586
2026-07-02 18:43:00+00:00,12.03499984741211,12.039999961853027,12.029999732971191,12.03499984741211,48360
2026-07-02 18:44:00+00:00,12.03499984741211,12.039999961853027,12.020000457763672,12.024999618530273,149832
2026-07-02 18:45:00+00:00,12.024999618530273,12.024999618530273,12.0,12.015000343322754,191179
2026-07-02 18:46:00+00:00,12.010000228881836,12.018500328063965,12.005000114440918,12.015000343322754,109653
2026-07-02 18:47:00+00:00,12.010000228881836,12.03499984741211,12.010000228881836,12.03499984741211,118465
2026-07-02 18:48:00+00:00,12.03499984741211,12.0600004196167,12.029999732971191,12.0600004196167,141954
2026-07-02 18:49:00+00:00,12.0600004196167,12.069999694824219,12.050000190734863,12.0649995803833,76857
2026-07-02 18:50:00+00:00,12.069899559020996,12.069899559020996,12.050000190734863,12.0649995803833,107314
2026-07-02 18:51:00+00:00,12.069999694824219,12.079999923706055,12.0600004196167,12.069499969482422,124628
2026-07-02 18:52:00+00:00,12.0649995803833,12.09000015258789,12.0649995803833,12.074999809265137,114369
2026-07-02 18:53:00+00:00,12.079500198364258,12.079999923706055,12.0600004196167,12.069899559020996,86680
2026-07-02 18:54:00+00:00,12.0649995803833,12.074999809265137,12.0600004196167,12.06980037689209,56850
2026-07-02 18:55:00+00:00,12.0649995803833,12.069999694824219,12.0600004196167,12.0649995803833,93869
2026-07-02 18:56:00+00:00,12.0649995803833,12.074999809265137,12.030099868774414,12.03499984741211,170094
2026-07-02 18:57:00+00:00,12.029999732971191,12.057100296020508,12.029999732971191,12.055000305175781,59603
2026-07-02 18:58:00+00:00,12.050000190734863,12.069999694824219,12.050000190734863,12.0649995803833,95780
2026-07-02 18:59:00+00:00,12.0600004196167,12.069899559020996,12.050000190734863,12.069899559020996,91089
2026-07-02 19:00:00+00:00,12.0649995803833,12.089900016784668,12.039999961853027,12.045000076293945,149357
2026-07-02 19:01:00+00:00,12.045000076293945,12.058300018310547,12.03499984741211,12.050000190734863,42773
2026-07-02 19:02:00+00:00,12.050100326538086,12.069899559020996,12.050000190734863,12.055000305175781,77592
2026-07-02 19:03:00+00:00,12.055000305175781,12.0600004196167,12.029999732971191,12.039899826049805,140032
2026-07-02 19:04:00+00:00,12.029999732971191,12.039999961853027,12.0,12.000100135803223,286755
2026-07-02 19:05:00+00:00,12.010000228881836,12.010000228881836,11.989999771118164,11.994999885559082,112469
2026-07-02 19:06:00+00:00,12.0,12.029899597167969,11.989999771118164,12.00510025024414,334605
2026-07-02 19:07:00+00:00,12.005000114440918,12.020000457763672,11.979999542236328,11.989999771118164,262226
2026-07-02 19:08:00+00:00,11.994999885559082,12.010000228881836,11.989999771118164,12.005000114440918,113615
2026-07-02 19:09:00+00:00,12.005000114440918,12.010000228881836,11.994999885559082,11.994999885559082,120902
2026-07-02 19:10:00+00:00,11.994999885559082,12.0,11.979999542236328,11.984999656677246,52813
2026-07-02 19:11:00+00:00,11.988699913024902,11.999600410461426,11.98009967803955,11.994999885559082,90162
2026-07-02 19:12:00+00:00,11.994999885559082,12.015000343322754,11.990099906921387,12.005000114440918,137884
2026-07-02 19:13:00+00:00,12.005000114440918,12.010000228881836,11.989999771118164,11.994999885559082,75677
2026-07-02 19:14:00+00:00,11.994999885559082,12.00510025024414,11.989999771118164,12.0,86725
2026-07-02 19:15:00+00:00,11.994999885559082,12.005000114440918,11.994999885559082,12.005000114440918,82858
2026-07-02 19:16:00+00:00,12.0,12.005000114440918,11.994999885559082,11.994999885559082,31552
2026-07-02 19:17:00+00:00,11.994999885559082,12.0,11.989999771118164,11.994999885559082,44517
2026-07-02 19:18:00+00:00,11.989999771118164,11.989999771118164,11.979999542236328,11.984999656677246,103602
2026-07-02 19:19:00+00:00,11.989999771118164,12.009900093078613,11.984999656677246,11.994999885559082,129260
2026-07-02 19:20:00+00:00,11.993581771850586,12.0,11.979999542236328,11.984999656677246,66101
2026-07-02 19:21:00+00:00,11.984999656677246,11.989999771118164,11.970000267028809,11.984999656677246,102694
2026-07-02 19:22:00+00:00,11.979999542236328,11.979999542236328,11.960000038146973,11.970000267028809,190645
2026-07-02 19:23:00+00:00,11.96500015258789,11.979900360107422,11.960000038146973,11.970100402832031,195248
2026-07-02 19:24:00+00:00,11.973099708557129,11.975000381469727,11.960000038146973,11.960100173950195,83460
2026-07-02 19:25:00+00:00,11.96500015258789,11.970000267028809,11.949999809265137,11.95009994506836,122344
2026-07-02 19:26:00+00:00,11.954999923706055,11.97760009765625,11.949999809265137,11.970199584960938,145737
2026-07-02 19:27:00+00:00,11.971400260925293,11.999899864196777,11.971400260925293,11.98009967803955,156409
2026-07-02 19:28:00+00:00,11.984999656677246,12.045000076293945,11.979999542236328,12.03499984741211,361519
2026-07-02 19:29:00+00:00,12.03499984741211,12.050000190734863,12.020000457763672,12.020000457763672,185103
2026-07-02 19:30:00+00:00,12.020000457763672,12.03499984741211,12.010000228881836,12.029999732971191,108005
2026-07-02 19:31:00+00:00,12.029999732971191,12.039999961853027,11.994999885559082,12.005000114440918,291061
2026-07-02 19:32:00+00:00,12.010000228881836,12.039999961853027,12.005000114440918,12.020299911499023,130360
2026-07-02 19:33:00+00:00,12.020000457763672,12.039999961853027,12.020000457763672,12.031000137329102,142547
2026-07-02 19:34:00+00:00,12.030099868774414,12.039999961853027,12.02079963684082,12.030200004577637,129209
2026-07-02 19:35:00+00:00,12.039999961853027,12.039999961853027,12.020000457763672,12.024999618530273,154986
2026-07-02 19:36:00+00:00,12.024999618530273,12.029399871826172,12.012700080871582,12.015000343322754,119352
2026-07-02 19:37:00+00:00,12.019499778747559,12.019499778747559,11.994999885559082,12.00979995727539,363606
2026-07-02 19:38:00+00:00,12.005000114440918,12.020000457763672,12.00100040435791,12.015000343322754,126630
2026-07-02 19:39:00+00:00,12.010000228881836,12.020000457763672,12.0,12.005000114440918,172422
2026-07-02 19:40:00+00:00,12.005000114440918,12.010000228881836,11.989999771118164,12.009099960327148,153252
2026-07-02 19:41:00+00:00,12.010000228881836,12.015000343322754,12.0,12.008999824523926,196190
2026-07-02 19:42:00+00:00,12.005000114440918,12.019499778747559,12.0,12.019499778747559,97248
2026-07-02 19:43:00+00:00,12.015000343322754,12.020000457763672,12.010000228881836,12.01990032196045,88255
2026-07-02 19:44:00+00:00,12.020000457763672,12.029999732971191,12.010000228881836,12.015000343322754,193212
2026-07-02 19:45:00+00:00,12.015000343322754,12.027799606323242,12.010000228881836,12.024999618530273,136795
2026-07-02 19:46:00+00:00,12.020000457763672,12.029999732971191,12.010000228881836,12.022000312805176,227056
2026-07-02 19:47:00+00:00,12.024999618530273,12.029999732971191,12.010000228881836,12.016599655151367,208859
2026-07-02 19:48:00+00:00,12.015000343322754,12.039299964904785,12.011099815368652,12.024999618530273,232675
2026-07-02 19:49:00+00:00,12.024999618530273,12.029999732971191,12.020000457763672,12.024999618530273,147230
2026-07-02 19:50:00+00:00,12.024999618530273,12.069999694824219,12.024999618530273,12.045000076293945,615143
2026-07-02 19:51:00+00:00,12.04010009765625,12.04010009765625,12.020000457763672,12.03499984741211,368847
2026-07-02 19:52:00+00:00,12.029999732971191,12.050000190734863,12.029999732971191,12.039999961853027,134921
2026-07-02 19:53:00+00:00,12.045000076293945,12.0600004196167,12.039999961853027,12.050000190734863,125746
2026-07-02 19:54:00+00:00,12.045000076293945,12.069999694824219,12.039999961853027,12.068499565124512,301491
2026-07-02 19:55:00+00:00,12.0649995803833,12.069999694824219,12.045000076293945,12.055000305175781,434462
2026-07-02 19:56:00+00:00,12.055000305175781,12.085000038146973,12.039999961853027,12.085000038146973,470249
2026-07-02 19:57:00+00:00,12.085000038146973,12.100000381469727,12.079999923706055,12.085000038146973,257421
2026-07-02 19:58:00+00:00,12.085000038146973,12.09000015258789,12.050000190734863,12.055000305175781,781880
2026-07-02 19:59:00+00:00,12.055000305175781,12.069999694824219,12.045000076293945,12.055000305175781,1319077
2026-07-02 20:00:00+00:00,12.01,12.07,12.01,12.065,0
2026-07-02 20:01:00+00:00,12.065,12.07,12.04,12.04,0
2026-07-02 20:02:00+00:00,12.0563,12.06,12.01,12.05,0
2026-07-02 20:03:00+00:00,12.05,12.06,12.045,12.06,0
2026-07-02 20:04:00+00:00,12.0577,12.1,12.0577,12.0708,0
2026-07-02 20:05:00+00:00,12.0739,12.08,12.06,12.06,76347742
2026-07-02 20:06:00+00:00,12.06,12.08,12.05,12.0792,0
2026-07-02 20:07:00+00:00,12.06,12.08,12.05,12.07,0
2026-07-02 20:08:00+00:00,12.06,12.07,12.05,12.0697,0
2026-07-02 20:09:00+00:00,12.0692,12.11,12.02,12.0591,0
2026-07-02 20:10:00+00:00,12.0599,12.07,12.03,12.03,0
2026-07-02 20:11:00+00:00,12.05,12.05,12.0491,12.0497,0
2026-07-02 20:12:00+00:00,12.05,12.07,12.0368,12.04,0
2026-07-02 20:13:00+00:00,12.03,12.05,12.03,12.0493,0
2026-07-02 20:14:00+00:00,12.05,12.05,12.03,12.03,0
2026-07-02 20:15:00+00:00,12.05,12.05,12.0328,12.0498,0
2026-07-02 20:16:00+00:00,12.0324,12.05,12.0324,12.0479,0
2026-07-02 20:17:00+00:00,12.03,12.05,12.03,12.043,0
2026-07-02 20:18:00+00:00,12.04,12.05,12.0343,12.05,0
2026-07-02 20:19:00+00:00,12.05,12.05,12.04,12.05,0
2026-07-02 20:20:00+00:00,12.05,12.05,12.0403,12.05,0
2026-07-02 20:21:00+00:00,12.05,12.05,12.04,12.045,0
2026-07-02 20:22:00+00:00,12.04,12.05,12.04,12.045,0
2026-07-02 20:23:00+00:00,12.0494,12.05,12.04,12.04,0
2026-07-02 20:24:00+00:00,12.04,12.05,12.04,12.0499,0
2026-07-02 20:25:00+00:00,12.0498,12.05,12.0497,12.0498,0
2026-07-02 20:26:00+00:00,12.05,12.05,12.04,12.05,0
2026-07-02 20:27:00+00:00,12.0491,12.05,12.04,12.05,0
2026-07-02 20:28:00+00:00,12.04,12.05,12.04,12.05,0
2026-07-02 20:29:00+00:00,12.05,12.05,12.04,12.0499,0
2026-07-02 20:30:00+00:00,12.0487,12.05,12.0401,12.045,0
2026-07-02 20:31:00+00:00,12.04,12.05,12.04,12.05,0
2026-07-02 20:32:00+00:00,12.0498,12.05,12.04,12.05,0
2026-07-02 20:33:00+00:00,12.0402,12.05,12.04,12.05,0
2026-07-02 20:34:00+00:00,12.04,12.05,12.04,12.05,0
2026-07-02 20:35:00+00:00,12.0499,12.05,12.04,12.05,0
2026-07-02 20:36:00+00:00,12.04,12.05,12.04,12.05,0
2026-07-02 20:37:00+00:00,12.04,12.05,12.04,12.0499,0
2026-07-02 20:38:00+00:00,12.05,12.05,12.04,12.05,0
2026-07-02 20:39:00+00:00,12.05,12.05,12.04,12.04,0
2026-07-02 20:40:00+00:00,12.045,12.05,12.04,12.0484,0
2026-07-02 20:41:00+00:00,12.04,12.05,12.04,12.05,0
2026-07-02 20:42:00+00:00,12.0403,12.05,12.0203,12.0287,0
2026-07-02 20:43:00+00:00,12.0299,12.03,12.0202,12.0202,0
2026-07-02 20:44:00+00:00,12.03,12.03,12.02,12.0287,0
2026-07-02 20:45:00+00:00,12.05,12.05,12.02,12.029,0
2026-07-02 20:46:00+00:00,12.03,12.03,12.02,12.0201,0
2026-07-02 20:47:00+00:00,12.02,12.03,12.02,12.03,0
2026-07-02 20:48:00+00:00,12.0201,12.03,12.01,12.03,0
2026-07-02 20:49:00+00:00,12.025,12.0304,12.0128,12.0304,0
2026-07-02 20:50:00+00:00,12.03,12.04,12.0124,12.04,0
2026-07-02 20:51:00+00:00,12.02,12.04,12.02,12.025,0
2026-07-02 20:52:00+00:00,12.03,12.03,12.02,12.0201,0
2026-07-02 20:53:00+00:00,12.0292,12.04,12.02,12.0202,0
2026-07-02 20:54:00+00:00,12.02,12.04,12.02,12.04,0
2026-07-02 20:55:00+00:00,12.03,12.04,12.02,12.04,0
2026-07-02 20:56:00+00:00,12.04,12.04,12.02,12.04,0
2026-07-02 20:57:00+00:00,12.0282,12.04,12.0209,12.04,0
2026-07-02 20:58:00+00:00,12.02,12.04,12.02,12.04,0
2026-07-02 20:59:00+00:00,12.0204,12.04,12.02,12.0264,0
2026-07-02 21:00:00+00:00,12.0224,12.04,12.0224,12.0397,0
2026-07-02 21:01:00+00:00,12.04,12.04,12.0201,12.0201,0
2026-07-02 21:02:00+00:00,12.04,12.04,12.02,12.04,0
2026-07-02 21:03:00+00:00,12.03,12.04,12.02,12.0298,0
2026-07-02 21:04:00+00:00,12.03,12.03,12.0124,12.03,0
2026-07-02 21:05:00+00:00,12.01,12.02,12.01,12.0194,0
2026-07-02 21:06:00+00:00,12.0194,12.03,12.01,12.01,0
2026-07-02 21:07:00+00:00,12.01,12.03,12.01,12.03,0
2026-07-02 21:08:00+00:00,12.0101,12.02,12.01,12.015,0
2026-07-02 21:09:00+00:00,12.015,12.02,12.01,12.02,0
2026-07-02 21:10:00+00:00,12.02,12.1201,12.0102,12.015,0
2026-07-02 21:11:00+00:00,12.02,12.02,12.0,12.0,0
2026-07-02 21:12:00+00:00,11.99,12.07,11.99,11.99,0
2026-07-02 21:13:00+00:00,12.0,12.0,11.99,11.9901,0
2026-07-02 21:14:00+00:00,11.99,12.1201,11.99,11.9997,0
2026-07-02 21:15:00+00:00,11.9902,12.0,11.99,12.0,0
2026-07-02 21:16:00+00:00,12.0,12.0,11.9803,11.9999,0
2026-07-02 21:17:00+00:00,12.0,12.0,11.99,12.0,0
2026-07-02 21:18:00+00:00,12.0,12.0,11.99,12.0,0
2026-07-02 21:19:00+00:00,12.0,12.0,11.99,11.995,0
2026-07-02 21:20:00+00:00,11.9956,12.0,11.99,11.9979,0
2026-07-02 21:21:00+00:00,11.995,12.0,11.99,11.99,0
2026-07-02 21:22:00+00:00,11.9916,12.0,11.98,12.0,0
2026-07-02 21:23:00+00:00,11.995,11.995,11.995,11.995,0
2026-07-02 21:24:00+00:00,11.9901,12.0,11.9901,11.9928,0
2026-07-02 21:25:00+00:00,11.99,12.0,11.99,11.9999,0
2026-07-02 21:26:00+00:00,12.0,12.0,11.99,11.9957,0
2026-07-02 21:27:00+00:00,11.995,12.0,11.99,11.99,0
2026-07-02 21:28:00+00:00,11.9894,11.9894,11.98,11.98,0
2026-07-02 21:29:00+00:00,11.99,11.99,11.98,11.9899,0
2026-07-02 21:30:00+00:00,11.98,11.99,11.98,11.99,0
2026-07-02 21:31:00+00:00,11.99,11.99,11.98,11.99,0
2026-07-02 21:32:00+00:00,11.99,11.99,11.98,11.9898,0
2026-07-02 21:33:00+00:00,11.98,11.99,11.98,11.981,0
2026-07-02 21:34:00+00:00,11.98,11.99,11.97,11.9861,0
2026-07-02 21:35:00+00:00,11.98,11.99,11.97,11.99,0
2026-07-02 21:36:00+00:00,11.97,11.99,11.97,11.97,0
2026-07-02 21:37:00+00:00,11.98,11.99,11.98,11.9883,0
2026-07-02 21:38:00+00:00,11.985,11.99,11.985,11.986,0
2026-07-02 21:39:00+00:00,11.986,12.07,11.98,11.98,0
2026-07-02 21:40:00+00:00,11.99,11.99,11.986,11.9891,0
2026-07-02 21:41:00+00:00,11.98,11.99,11.98,11.99,0
2026-07-02 21:42:00+00:00,11.98,11.99,11.98,11.98,0
2026-07-02 21:43:00+00:00,11.9865,11.99,11.98,11.9885,0
2026-07-02 21:44:00+00:00,11.9892,11.99,11.98,11.99,0
2026-07-02 21:45:00+00:00,11.9862,11.99,11.97,11.98,0
2026-07-02 21:46:00+00:00,11.98,11.98,11.97,11.98,0
2026-07-02 21:47:00+00:00,11.9792,11.98,11.96,11.96,0
2026-07-02 21:48:00+00:00,11.9683,11.97,11.96,11.9693,0
2026-07-02 21:49:00+00:00,11.96,11.97,11.96,11.97,0
2026-07-02 21:50:00+00:00,11.97,11.97,11.95,11.97,0
2026-07-02 21:51:00+00:00,11.96,11.9761,11.9501,11.964,0
2026-07-02 21:52:00+00:00,11.98,11.98,11.97,11.97,0
2026-07-02 21:53:00+00:00,11.97,12.0,11.97,11.99,0
2026-07-02 21:54:00+00:00,11.99,11.99,11.98,11.99,0
2026-07-02 21:55:00+00:00,11.9898,11.99,11.9788,11.99,0
2026-07-02 21:56:00+00:00,11.9892,11.99,11.98,11.99,0
2026-07-02 21:57:00+00:00,11.9892,11.99,11.9892,11.99,0
2026-07-02 21:58:00+00:00,11.9874,11.99,11.9793,11.9793,0
2026-07-02 21:59:00+00:00,11.99,11.99,11.9702,11.9892,0
2026-07-02 22:00:00+00:00,11.99,11.99,11.9893,11.99,0
2026-07-02 22:01:00+00:00,11.99,11.99,11.97,11.9891,0
2026-07-02 22:02:00+00:00,11.99,11.99,11.9703,11.98,0
2026-07-02 22:03:00+00:00,11.99,11.99,11.98,11.98,0
2026-07-02 22:04:00+00:00,11.99,12.0,11.97,12.0,0
2026-07-02 22:05:00+00:00,12.0,12.0,11.985,11.985,0
2026-07-02 22:06:00+00:00,11.99,12.0,11.973,11.9996,0
2026-07-02 22:07:00+00:00,12.0,12.0,11.9898,12.0,0
2026-07-02 22:08:00+00:00,11.995,12.0,11.99,11.9998,0
2026-07-02 22:09:00+00:00,11.995,12.0,11.99,12.0,0
2026-07-02 22:10:00+00:00,11.995,12.0,11.98,11.9805,0
2026-07-02 22:11:00+00:00,11.985,11.99,11.985,11.9897,0
2026-07-02 22:12:00+00:00,11.99,11.99,11.97,11.98,0
2026-07-02 22:13:00+00:00,11.98,11.99,11.9721,11.99,0
2026-07-02 22:14:00+00:00,11.99,11.99,11.98,11.99,0
2026-07-02 22:15:00+00:00,11.99,11.99,11.97,11.98,0
2026-07-02 22:16:00+00:00,11.98,11.98,11.97,11.98,0
2026-07-02 22:17:00+00:00,11.98,11.99,11.97,11.98,0
2026-07-02 22:18:00+00:00,11.98,11.99,11.97,11.99,0
2026-07-02 22:19:00+00:00,11.99,11.99,11.97,11.97,0
2026-07-02 22:20:00+00:00,11.99,11.99,11.98,11.98,0
2026-07-02 22:21:00+00:00,11.9739,11.99,11.97,11.98,0
2026-07-02 22:22:00+00:00,11.9701,11.9803,11.97,11.98,0
2026-07-02 22:23:00+00:00,11.9898,11.99,11.985,11.99,0
2026-07-02 22:24:00+00:00,11.9899,11.99,11.98,11.99,0
2026-07-02 22:25:00+00:00,11.99,11.99,11.98,11.9802,0
2026-07-02 22:26:00+00:00,11.99,11.99,11.98,11.9807,0
2026-07-02 22:27:00+00:00,11.99,11.99,11.9898,11.99,0
2026-07-02 22:28:00+00:00,11.98,12.0,11.98,12.0,0
2026-07-02 22:29:00+00:00,11.99,12.0,11.99,11.99,0
2026-07-02 22:30:00+00:00,12.0,12.0,11.99,11.995,0
2026-07-02 22:31:00+00:00,11.995,11.9999,11.99,11.995,0
2026-07-02 22:32:00+00:00,12.0,12.0,11.98,11.99,0
2026-07-02 22:33:00+00:00,11.9842,12.0,11.98,11.99,0
2026-07-02 22:34:00+00:00,11.99,12.01,11.9814,11.9915,0
2026-07-02 22:35:00+00:00,11.99,12.0,11.9802,11.9994,0
2026-07-02 22:36:00+00:00,11.98,12.0,11.98,12.0,0
2026-07-02 22:37:00+00:00,12.0,12.0,11.9918,11.9996,0
2026-07-02 22:38:00+00:00,12.0,12.0,11.9801,12.0,0
2026-07-02 22:39:00+00:00,12.0,12.0,11.99,12.0,0
2026-07-02 22:40:00+00:00,12.0,12.0,11.995,11.9998,0
2026-07-02 22:41:00+00:00,12.0,12.0,11.99,11.995,0
2026-07-02 22:42:00+00:00,11.99,12.0,11.99,12.0,0
2026-07-02 22:43:00+00:00,11.99,12.0,11.99,11.995,0
2026-07-02 22:44:00+00:00,11.9906,12.0,11.99,12.0,0
2026-07-02 22:45:00+00:00,11.99,12.0,11.99,12.0,0
2026-07-02 22:46:00+00:00,11.995,12.0,11.9909,11.9999,0
2026-07-02 22:47:00+00:00,11.9998,12.0,11.99,12.0,0
2026-07-02 22:48:00+00:00,12.0,12.0,11.99,11.9998,0
2026-07-02 22:49:00+00:00,11.995,12.0,11.99,12.0,0
2026-07-02 22:50:00+00:00,11.99,12.0,11.99,11.995,0
2026-07-02 22:51:00+00:00,11.9999,12.0,11.99,11.99,0
2026-07-02 22:52:00+00:00,11.9985,12.0,11.9901,12.0,0
2026-07-02 22:53:00+00:00,11.99,12.0,11.99,11.9997,0
2026-07-02 22:54:00+00:00,11.9975,12.0,11.98,11.98,0
2026-07-02 22:55:00+00:00,11.9897,12.0,11.9897,12.0,0
2026-07-02 22:56:00+00:00,11.9987,12.0,11.9987,12.0,0
2026-07-02 22:57:00+00:00,11.99,12.0,11.99,12.0,0
2026-07-02 22:58:00+00:00,12.0,12.0,11.9901,11.9901,0
2026-07-02 22:59:00+00:00,12.0,12.0,11.99,12.0,0
2026-07-02 23:00:00+00:00,12.0,12.0,11.99,11.9953,0
2026-07-02 23:01:00+00:00,12.0,12.0,11.99,12.0,0
2026-07-02 23:02:00+00:00,11.99,11.9999,11.99,11.99,0
2026-07-02 23:03:00+00:00,11.995,12.0,11.995,11.995,0
2026-07-02 23:04:00+00:00,11.9968,12.0,11.99,11.99,0
2026-07-02 23:05:00+00:00,11.99,12.0,11.99,11.995,0
2026-07-02 23:06:00+00:00,11.9906,12.0,11.9901,12.0,0
2026-07-02 23:07:00+00:00,12.0,12.0,11.9975,11.9975,0
2026-07-02 23:08:00+00:00,12.0,12.0,11.99,12.0,0
2026-07-02 23:09:00+00:00,12.0,12.0,11.99,12.0,0
2026-07-02 23:10:00+00:00,11.9999,12.0,11.99,11.9901,0
2026-07-02 23:11:00+00:00,12.0,12.0,11.9999,12.0,0
2026-07-02 23:12:00+00:00,11.99,12.0,11.99,12.0,0
2026-07-02 23:13:00+00:00,12.0,12.0,11.9899,11.9899,0
2026-07-02 23:14:00+00:00,11.99,11.99,11.9898,11.99,0
2026-07-02 23:15:00+00:00,11.99,11.99,11.98,11.985,0
2026-07-02 23:16:00+00:00,11.99,11.99,11.98,11.9899,0
2026-07-02 23:17:00+00:00,11.99,11.99,11.98,11.98,0
2026-07-02 23:18:00+00:00,11.99,11.99,11.98,11.99,0
2026-07-02 23:19:00+00:00,11.98,11.99,11.98,11.99,0
2026-07-02 23:20:00+00:00,11.98,11.99,11.98,11.99,0
2026-07-02 23:21:00+00:00,11.99,11.99,11.98,11.99,0
2026-07-02 23:22:00+00:00,11.99,12.0,11.9801,11.99,0
2026-07-02 23:23:00+00:00,11.98,12.0,11.98,11.99,0
2026-07-02 23:24:00+00:00,12.0,12.0,11.98,11.99,0
2026-07-02 23:25:00+00:00,12.0,12.0,11.99,12.0,0
2026-07-02 23:26:00+00:00,12.0,12.0,11.99,11.9931,0
2026-07-02 23:27:00+00:00,12.0,12.0,11.99,12.0,0
2026-07-02 23:28:00+00:00,12.0,12.0,11.99,11.99,0
2026-07-02 23:29:00+00:00,11.99,12.0,11.99,12.0,0
2026-07-02 23:30:00+00:00,12.0,12.0,11.99,11.9913,0
2026-07-02 23:31:00+00:00,12.0,12.0,11.99,11.9999,0
2026-07-02 23:32:00+00:00,11.99,12.0,11.99,11.9999,0
2026-07-02 23:33:00+00:00,11.9997,12.0,11.9997,11.9997,0
2026-07-02 23:34:00+00:00,12.0,12.0,11.99,11.9996,0
2026-07-02 23:35:00+00:00,11.9968,12.0,11.99,11.995,0
2026-07-02 23:36:00+00:00,12.0,12.01,11.99,11.9949,0
2026-07-02 23:37:00+00:00,12.0073,12.01,12.0,12.0092,0
2026-07-02 23:38:00+00:00,12.01,12.01,12.0,12.0,0
2026-07-02 23:39:00+00:00,12.01,12.01,12.0008,12.01,0
2026-07-02 23:40:00+00:00,12.0095,12.01,12.0,12.008,0
2026-07-02 23:41:00+00:00,12.01,12.01,12.0001,12.0091,0
2026-07-02 23:42:00+00:00,12.01,12.01,12.0,12.0091,0
2026-07-02 23:43:00+00:00,12.0099,12.01,12.0,12.0099,0
2026-07-02 23:44:00+00:00,12.0002,12.01,12.0,12.0,0
2026-07-02 23:45:00+00:00,12.0063,12.01,11.9978,12.0,0
2026-07-02 23:46:00+00:00,11.99,12.0098,11.99,12.0001,0
2026-07-02 23:47:00+00:00,12.0,12.04,12.0,12.03,0
2026-07-02 23:48:00+00:00,12.04,12.06,12.0,12.05,0
2026-07-02 23:49:00+00:00,12.05,12.06,12.05,12.0501,0
2026-07-02 23:50:00+00:00,12.0531,12.0587,12.05,12.0587,0
2026-07-02 23:51:00+00:00,12.05,12.065,12.05,12.06,0
2026-07-02 23:52:00+00:00,12.0508,12.08,12.02,12.03,0
2026-07-02 23:53:00+00:00,12.03,12.08,12.02,12.08,0
2026-07-02 23:54:00+00:00,12.07,12.07,12.05,12.05,0
2026-07-02 23:55:00+00:00,12.07,12.07,12.05,12.0526,0
2026-07-02 23:56:00+00:00,12.06,12.07,12.05,12.0679,0
2026-07-02 23:57:00+00:00,12.05,12.05,12.02,12.0352,0
2026-07-02 23:58:00+00:00,12.05,12.07,12.04,12.054,0
2026-07-02 23:59:00+00:00,12.0676,12.07,12.05,12.05,0
2026-07-06 08:00:00+00:00,12.45,12.5,12.27,12.43,0
2026-07-06 08:01:00+00:00,12.45,12.5,12.28,12.44,0
2026-07-06 08:02:00+00:00,12.44,12.45,12.43,12.44,0
2026-07-06 08:03:00+00:00,12.42,12.44,12.26,12.3,0
2026-07-06 08:04:00+00:00,12.31,12.46,12.25,12.4,0
2026-07-06 08:05:00+00:00,12.45,12.51,12.31,12.36,0
2026-07-06 08:06:00+00:00,12.39,12.48,12.37,12.47,0
2026-07-06 08:07:00+00:00,12.47,12.48,12.4692,12.47,0
2026-07-06 08:08:00+00:00,12.47,12.48,12.46,12.48,0
2026-07-06 08:09:00+00:00,12.4794,12.5,12.38,12.4609,0
2026-07-06 08:10:00+00:00,12.469,12.47,12.4594,12.4594,0
2026-07-06 08:11:00+00:00,12.46,12.47,12.44,12.45,0
2026-07-06 08:12:00+00:00,12.45,12.45,12.4399,12.4399,0
2026-07-06 08:13:00+00:00,12.43,12.44,12.43,12.43,0
2026-07-06 08:14:00+00:00,12.43,12.44,12.43,12.4307,0
2026-07-06 08:15:00+00:00,12.44,12.44,12.42,12.42,0
2026-07-06 08:16:00+00:00,12.42,12.43,12.41,12.41,0
2026-07-06 08:17:00+00:00,12.41,12.43,12.41,12.4189,0
2026-07-06 08:18:00+00:00,12.41,12.44,12.41,12.42,0
2026-07-06 08:19:00+00:00,12.42,12.43,12.4188,12.43,0
2026-07-06 08:20:00+00:00,12.43,12.45,12.4205,12.44,0
2026-07-06 08:21:00+00:00,12.44,12.44,12.43,12.43,0
2026-07-06 08:22:00+00:00,12.44,12.44,12.44,12.44,0
2026-07-06 08:23:00+00:00,12.431,12.44,12.42,12.42,0
2026-07-06 08:24:00+00:00,12.43,12.43,12.43,12.43,0
2026-07-06 08:25:00+00:00,12.42,12.44,12.42,12.43,0
2026-07-06 08:26:00+00:00,12.43,12.43,12.4295,12.43,0
2026-07-06 08:27:00+00:00,12.43,12.44,12.43,12.4306,0
2026-07-06 08:28:00+00:00,12.44,12.44,12.4395,12.4395,0
2026-07-06 08:29:00+00:00,12.44,12.46,12.44,12.45,0
2026-07-06 08:30:00+00:00,12.46,12.46,12.44,12.44,0
2026-07-06 08:31:00+00:00,12.44,12.46,12.44,12.46,0
2026-07-06 08:32:00+00:00,12.46,12.46,12.46,12.46,0
2026-07-06 08:33:00+00:00,12.46,12.49,12.46,12.4811,0
2026-07-06 08:34:00+00:00,12.48,12.48,12.47,12.47,0
2026-07-06 08:35:00+00:00,12.47,12.47,12.46,12.47,0
2026-07-06 08:36:00+00:00,12.47,12.48,12.47,12.47,0
2026-07-06 08:37:00+00:00,12.47,12.47,12.4618,12.4688,0
2026-07-06 08:38:00+00:00,12.46,12.46,12.4588,12.459,0
2026-07-06 08:39:00+00:00,12.46,12.46,12.45,12.45,0
2026-07-06 08:40:00+00:00,12.45,12.48,12.45,12.47,0
2026-07-06 08:41:00+00:00,12.47,12.47,12.46,12.47,0
2026-07-06 08:42:00+00:00,12.4695,12.51,12.4695,12.51,0
2026-07-06 08:43:00+00:00,12.51,12.53,12.51,12.53,0
2026-07-06 08:44:00+00:00,12.53,12.55,12.52,12.54,0
2026-07-06 08:45:00+00:00,12.5498,12.55,12.54,12.54,0
2026-07-06 08:46:00+00:00,12.54,12.55,12.53,12.55,0
2026-07-06 08:47:00+00:00,12.55,12.55,12.54,12.54,0
2026-07-06 08:48:00+00:00,12.55,12.55,12.54,12.54,0
2026-07-06 08:49:00+00:00,12.5494,12.55,12.54,12.5488,0
2026-07-06 08:50:00+00:00,12.5392,12.54,12.533,12.533,0
2026-07-06 08:51:00+00:00,12.54,12.55,12.54,12.55,0
2026-07-06 08:52:00+00:00,12.55,12.55,12.541,12.541,0
2026-07-06 08:53:00+00:00,12.533,12.54,12.53,12.5318,0
2026-07-06 08:54:00+00:00,12.53,12.54,12.53,12.5325,0
2026-07-06 08:55:00+00:00,12.5325,12.5326,12.53,12.5325,0
2026-07-06 08:56:00+00:00,12.5393,12.55,12.5393,12.55,0
2026-07-06 08:57:00+00:00,12.55,12.55,12.54,12.5495,0
2026-07-06 08:58:00+00:00,12.55,12.55,12.54,12.55,0
2026-07-06 08:59:00+00:00,12.55,12.56,12.55,12.5509,0
2026-07-06 09:00:00+00:00,12.5506,12.5506,12.54,12.5492,0
2026-07-06 09:01:00+00:00,12.55,12.55,12.54,12.54,0
2026-07-06 09:02:00+00:00,12.54,12.55,12.54,12.55,0
2026-07-06 09:03:00+00:00,12.54,12.55,12.51,12.52,0
2026-07-06 09:04:00+00:00,12.52,12.52,12.51,12.51,0
2026-07-06 09:05:00+00:00,12.5108,12.52,12.5,12.51,0
2026-07-06 09:06:00+00:00,12.505,12.55,12.505,12.54,0
2026-07-06 09:07:00+00:00,12.54,12.54,12.52,12.53,0
2026-07-06 09:08:00+00:00,12.53,12.54,12.53,12.53,0
2026-07-06 09:09:00+00:00,12.53,12.55,12.52,12.55,0
2026-07-06 09:10:00+00:00,12.5495,12.5495,12.52,12.5209,0
2026-07-06 09:11:00+00:00,12.52,12.52,12.52,12.52,0
2026-07-06 09:12:00+00:00,12.53,12.53,12.5192,12.5192,0
2026-07-06 09:13:00+00:00,12.5194,12.52,12.5,12.51,0
2026-07-06 09:14:00+00:00,12.5005,12.51,12.5,12.5095,0
2026-07-06 09:15:00+00:00,12.5,12.5095,12.4989,12.5,0
2026-07-06 09:16:00+00:00,12.5,12.51,12.5,12.51,0
2026-07-06 09:17:00+00:00,12.5089,12.5095,12.5089,12.5095,0
2026-07-06 09:18:00+00:00,12.51,12.51,12.51,12.51,0
2026-07-06 09:19:00+00:00,12.5,12.5,12.4889,12.4889,0
2026-07-06 09:20:00+00:00,12.49,12.49,12.4889,12.4889,0
2026-07-06 09:21:00+00:00,12.5,12.5,12.5,12.5,0
2026-07-06 09:22:00+00:00,12.499,12.499,12.4908,12.4908,0
2026-07-06 09:23:00+00:00,12.4906,12.4995,12.49,12.4995,0
2026-07-06 09:24:00+00:00,12.4895,12.49,12.48,12.48,0
2026-07-06 09:25:00+00:00,12.4895,12.4895,12.48,12.4895,0
2026-07-06 09:26:00+00:00,12.49,12.51,12.49,12.51,0
2026-07-06 09:27:00+00:00,12.515,12.52,12.51,12.51,0
2026-07-06 09:28:00+00:00,12.51,12.53,12.51,12.53,0
2026-07-06 09:29:00+00:00,12.535,12.5412,12.53,12.54,0
2026-07-06 09:30:00+00:00,12.5412,12.5412,12.54,12.54,0
2026-07-06 09:31:00+00:00,12.54,12.54,12.52,12.53,0
2026-07-06 09:32:00+00:00,12.54,12.54,12.53,12.53,0
2026-07-06 09:33:00+00:00,12.5388,12.5388,12.5291,12.5291,0
2026-07-06 09:34:00+00:00,12.5214,12.5217,12.52,12.5217,0
2026-07-06 09:35:00+00:00,12.53,12.535,12.53,12.53,0
2026-07-06 09:36:00+00:00,12.54,12.54,12.54,12.54,0
2026-07-06 09:37:00+00:00,12.5391,12.5391,12.53,12.53,0
2026-07-06 09:38:00+00:00,12.53,12.54,12.53,12.53,0
2026-07-06 09:39:00+00:00,12.53,12.53,12.52,12.53,0
2026-07-06 09:40:00+00:00,12.53,12.54,12.52,12.5307,0
2026-07-06 09:41:00+00:00,12.54,12.55,12.53,12.55,0
2026-07-06 09:42:00+00:00,12.54,12.57,12.53,12.57,0
2026-07-06 09:43:00+00:00,12.56,12.56,12.55,12.551,0
2026-07-06 09:44:00+00:00,12.56,12.57,12.5591,12.57,0
2026-07-06 09:45:00+00:00,12.57,12.57,12.55,12.55,0
2026-07-06 09:46:00+00:00,12.55,12.55,12.55,12.55,0
2026-07-06 09:47:00+00:00,12.55,12.5589,12.5492,12.5589,0
2026-07-06 09:48:00+00:00,12.56,12.56,12.55,12.55,0
2026-07-06 09:49:00+00:00,12.54,12.54,12.53,12.53,0
2026-07-06 09:50:00+00:00,12.52,12.53,12.49,12.53,0
2026-07-06 09:51:00+00:00,12.54,12.55,12.54,12.5408,0
2026-07-06 09:52:00+00:00,12.54,12.54,12.54,12.54,0
2026-07-06 09:53:00+00:00,12.54,12.54,12.52,12.52,0
2026-07-06 09:54:00+00:00,12.52,12.53,12.52,12.5295,0
2026-07-06 09:55:00+00:00,12.53,12.53,12.5293,12.5293,0
2026-07-06 09:56:00+00:00,12.53,12.53,12.5295,12.5295,0
2026-07-06 09:57:00+00:00,12.53,12.53,12.52,12.52,0
2026-07-06 09:58:00+00:00,12.52,12.5212,12.52,12.5212,0
2026-07-06 09:59:00+00:00,12.5205,12.5205,12.5205,12.5205,0
2026-07-06 10:00:00+00:00,12.53,12.53,12.53,12.53,0
2026-07-06 10:01:00+00:00,12.53,12.53,12.53,12.53,0
2026-07-06 10:02:00+00:00,12.52,12.53,12.52,12.5288,0
2026-07-06 10:03:00+00:00,12.52,12.53,12.52,12.53,0
2026-07-06 10:04:00+00:00,12.53,12.53,12.5,12.5,0
2026-07-06 10:05:00+00:00,12.5,12.5,12.5,12.5,0
2026-07-06 10:06:00+00:00,12.5005,12.5007,12.5,12.5,0
2026-07-06 10:07:00+00:00,12.5,12.5,12.47,12.49,0
2026-07-06 10:08:00+00:00,12.49,12.49,12.48,12.49,0
2026-07-06 10:09:00+00:00,12.49,12.5,12.49,12.5,0
2026-07-06 10:10:00+00:00,12.5,12.5,12.4995,12.4995,0
2026-07-06 10:11:00+00:00,12.49,12.5,12.49,12.5,0
2026-07-06 10:12:00+00:00,12.5095,12.5095,12.5095,12.5095,0
2026-07-06 10:13:00+00:00,12.5,12.5,12.49,12.49,0
2026-07-06 10:14:00+00:00,12.5001,12.5001,12.5001,12.5001,0
2026-07-06 10:15:00+00:00,12.51,12.51,12.51,12.51,0
2026-07-06 10:16:00+00:00,12.52,12.52,12.5195,12.52,0
2026-07-06 10:17:00+00:00,12.51,12.5194,12.51,12.51,0
2026-07-06 10:18:00+00:00,12.5105,12.52,12.51,12.52,0
2026-07-06 10:19:00+00:00,12.52,12.53,12.52,12.53,0
2026-07-06 10:20:00+00:00,12.53,12.53,12.53,12.53,0
2026-07-06 10:21:00+00:00,12.52,12.52,12.52,12.52,0
2026-07-06 10:22:00+00:00,12.52,12.52,12.5191,12.52,0
2026-07-06 10:23:00+00:00,12.51,12.52,12.51,12.52,0
2026-07-06 10:24:00+00:00,12.5195,12.5195,12.5195,12.5195,0
2026-07-06 10:25:00+00:00,12.52,12.52,12.52,12.52,0
2026-07-06 10:26:00+00:00,12.5195,12.5195,12.5195,12.5195,0
2026-07-06 10:27:00+00:00,12.5195,12.52,12.51,12.52,0
2026-07-06 10:28:00+00:00,12.5108,12.5108,12.51,12.51,0
2026-07-06 10:29:00+00:00,12.51,12.5192,12.5,12.5005,0
2026-07-06 10:30:00+00:00,12.5,12.5,12.49,12.5,0
2026-07-06 10:31:00+00:00,12.5,12.51,12.5,12.51,0
2026-07-06 10:32:00+00:00,12.511,12.52,12.511,12.52,0
2026-07-06 10:33:00+00:00,12.51,12.51,12.5,12.51,0
2026-07-06 10:34:00+00:00,12.52,12.52,12.52,12.52,0
2026-07-06 10:35:00+00:00,12.51,12.51,12.51,12.51,0
2026-07-06 10:36:00+00:00,12.51,12.54,12.49,12.54,0
2026-07-06 10:37:00+00:00,12.53,12.56,12.53,12.55,0
2026-07-06 10:38:00+00:00,12.56,12.56,12.5495,12.55,0
2026-07-06 10:39:00+00:00,12.55,12.5592,12.55,12.55,0
2026-07-06 10:40:00+00:00,12.5495,12.5495,12.5492,12.5495,0
2026-07-06 10:41:00+00:00,12.55,12.55,12.54,12.55,0
2026-07-06 10:42:00+00:00,12.55,12.55,12.54,12.54,0
2026-07-06 10:43:00+00:00,12.5388,12.55,12.5388,12.54,0
2026-07-06 10:44:00+00:00,12.54,12.55,12.53,12.55,0
2026-07-06 10:45:00+00:00,12.53,12.54,12.53,12.53,0
2026-07-06 10:46:00+00:00,12.54,12.54,12.53,12.53,0
2026-07-06 10:47:00+00:00,12.53,12.5393,12.53,12.5393,0
2026-07-06 10:48:00+00:00,12.54,12.55,12.53,12.55,0
2026-07-06 10:50:00+00:00,12.55,12.55,12.54,12.54,0
2026-07-06 10:51:00+00:00,12.55,12.55,12.5488,12.5488,0
2026-07-06 10:52:00+00:00,12.55,12.56,12.55,12.55,0
2026-07-06 10:53:00+00:00,12.55,12.55,12.541,12.541,0
2026-07-06 10:54:00+00:00,12.55,12.55,12.54,12.55,0
2026-07-06 10:55:00+00:00,12.55,12.55,12.5405,12.5405,0
2026-07-06 10:56:00+00:00,12.55,12.55,12.54,12.55,0
2026-07-06 10:57:00+00:00,12.55,12.55,12.55,12.55,0
2026-07-06 10:58:00+00:00,12.55,12.55,12.5495,12.55,0
2026-07-06 10:59:00+00:00,12.54,12.55,12.54,12.5494,0
2026-07-06 11:00:00+00:00,12.54,12.59,12.54,12.5597,0
2026-07-06 11:01:00+00:00,12.555,12.56,12.51,12.52,0
2026-07-06 11:02:00+00:00,12.5197,12.52,12.5,12.51,0
2026-07-06 11:03:00+00:00,12.51,12.51,12.49,12.51,0
2026-07-06 11:04:00+00:00,12.505,12.51,12.5,12.5097,0
2026-07-06 11:05:00+00:00,12.5095,12.51,12.5,12.505,0
2026-07-06 11:06:00+00:00,12.51,12.51,12.5,12.51,0
2026-07-06 11:07:00+00:00,12.51,12.51,12.5,12.51,0
2026-07-06 11:08:00+00:00,12.5097,12.52,12.49,12.52,0
2026-07-06 11:09:00+00:00,12.52,12.52,12.51,12.52,0
2026-07-06 11:10:00+00:00,12.5196,12.5196,12.5,12.5072,0
2026-07-06 11:11:00+00:00,12.5097,12.52,12.5,12.511,0
2026-07-06 11:12:00+00:00,12.51,12.5107,12.5,12.5,0
2026-07-06 11:13:00+00:00,12.509,12.5098,12.5,12.5098,0
2026-07-06 11:14:00+00:00,12.5,12.51,12.5,12.5,0
2026-07-06 11:15:00+00:00,12.51,12.51,12.5003,12.51,0
2026-07-06 11:16:00+00:00,12.5005,12.51,12.5,12.5009,0
2026-07-06 11:17:00+00:00,12.5002,12.5087,12.5,12.5003,0
2026-07-06 11:18:00+00:00,12.5002,12.51,12.5,12.51,0
2026-07-06 11:19:00+00:00,12.5,12.51,12.49,12.5,0
2026-07-06 11:20:00+00:00,12.4901,12.5,12.4901,12.5,0
2026-07-06 11:21:00+00:00,12.4995,12.51,12.4995,12.51,0
2026-07-06 11:22:00+00:00,12.51,12.52,12.51,12.517,0
2026-07-06 11:23:00+00:00,12.515,12.515,12.51,12.51,0
2026-07-06 11:24:00+00:00,12.52,12.52,12.515,12.515,0
2026-07-06 11:25:00+00:00,12.51,12.53,12.5,12.5,0
2026-07-06 11:26:00+00:00,12.5001,12.51,12.5,12.5003,0
2026-07-06 11:27:00+00:00,12.5,12.51,12.4901,12.5,0
2026-07-06 11:28:00+00:00,12.51,12.51,12.4981,12.5002,0
2026-07-06 11:29:00+00:00,12.5099,12.51,12.5,12.5,0
2026-07-06 11:30:00+00:00,12.4996,12.4996,12.48,12.49,0
2026-07-06 11:31:00+00:00,12.48,12.49,12.48,12.49,0
2026-07-06 11:32:00+00:00,12.485,12.49,12.4801,12.49,0
2026-07-06 11:33:00+00:00,12.49,12.51,12.48,12.48,0
2026-07-06 11:34:00+00:00,12.48,12.52,12.48,12.51,0
2026-07-06 11:35:00+00:00,12.5098,12.51,12.5,12.5,0
2026-07-06 11:36:00+00:00,12.5,12.5,12.49,12.495,0
2026-07-06 11:37:00+00:00,12.49,12.5,12.49,12.4909,0
2026-07-06 11:38:00+00:00,12.4991,12.4994,12.48,12.4808,0
2026-07-06 11:39:00+00:00,12.489,12.5,12.48,12.5,0
2026-07-06 11:40:00+00:00,12.49,12.4993,12.49,12.4902,0
2026-07-06 11:41:00+00:00,12.5,12.5,12.49,12.49,0
2026-07-06 11:42:00+00:00,12.49,12.5,12.49,12.4999,0
2026-07-06 11:43:00+00:00,12.4995,12.5,12.49,12.5,0
2026-07-06 11:44:00+00:00,12.4905,12.51,12.49,12.5,0
2026-07-06 11:45:00+00:00,12.5,12.52,12.5,12.52,0
2026-07-06 11:46:00+00:00,12.5196,12.53,12.517,12.5213,0
2026-07-06 11:47:00+00:00,12.5212,12.53,12.52,12.52,0
2026-07-06 11:48:00+00:00,12.5291,12.53,12.5201,12.5205,0
2026-07-06 11:49:00+00:00,12.5268,12.53,12.52,12.52,0
2026-07-06 11:50:00+00:00,12.53,12.53,12.53,12.53,0
2026-07-06 11:51:00+00:00,12.53,12.53,12.5201,12.5201,0
2026-07-06 11:52:00+00:00,12.53,12.53,12.52,12.53,0
2026-07-06 11:53:00+00:00,12.525,12.53,12.52,12.5203,0
2026-07-06 11:54:00+00:00,12.52,12.52,12.5103,12.5191,0
2026-07-06 11:55:00+00:00,12.519,12.55,12.519,12.5498,0
2026-07-06 11:56:00+00:00,12.541,12.541,12.53,12.54,0
2026-07-06 11:57:00+00:00,12.54,12.54,12.52,12.54,0
2026-07-06 11:58:00+00:00,12.53,12.53,12.52,12.5205,0
2026-07-06 11:59:00+00:00,12.52,12.53,12.52,12.5295,0
2026-07-06 12:00:00+00:00,12.53,12.5397,12.52,12.53,0
2026-07-06 12:01:00+00:00,12.53,12.55,12.5224,12.55,0
2026-07-06 12:02:00+00:00,12.548,12.548,12.07,12.53,0
2026-07-06 12:03:00+00:00,12.53,12.55,12.52,12.55,0
2026-07-06 12:04:00+00:00,12.5499,12.55,12.54,12.545,0
2026-07-06 12:05:00+00:00,12.55,12.55,12.53,12.539,0
2026-07-06 12:06:00+00:00,12.54,12.57,12.53,12.55,0
2026-07-06 12:07:00+00:00,12.56,12.57,12.5509,12.5598,0
2026-07-06 12:08:00+00:00,12.5588,12.59,12.5504,12.58,0
2026-07-06 12:09:00+00:00,12.5799,12.58,12.57,12.57,0
2026-07-06 12:10:00+00:00,12.57,12.6,12.57,12.59,0
2026-07-06 12:11:00+00:00,12.5894,12.6,12.58,12.5969,0
2026-07-06 12:12:00+00:00,12.6,12.6,12.58,12.58,0
2026-07-06 12:13:00+00:00,12.59,12.61,12.59,12.5902,0
2026-07-06 12:14:00+00:00,12.6,12.6,12.59,12.5981,0
2026-07-06 12:15:00+00:00,12.5901,12.6,12.59,12.595,0
2026-07-06 12:16:00+00:00,12.5987,12.6,12.59,12.59,0
2026-07-06 12:17:00+00:00,12.5997,12.6,12.588,12.59,0
2026-07-06 12:18:00+00:00,12.5806,12.59,12.5704,12.58,0
2026-07-06 12:19:00+00:00,12.59,12.59,12.58,12.59,0
2026-07-06 12:20:00+00:00,12.5809,12.59,12.55,12.5503,0
2026-07-06 12:21:00+00:00,12.56,12.56,12.55,12.55,0
2026-07-06 12:22:00+00:00,12.55,12.56,12.54,12.5405,0
2026-07-06 12:23:00+00:00,12.54,12.54,12.5209,12.5313,0
2026-07-06 12:24:00+00:00,12.5316,12.54,12.53,12.53,0
2026-07-06 12:25:00+00:00,12.53,12.53,12.51,12.52,0
2026-07-06 12:26:00+00:00,12.5298,12.53,12.5,12.51,0
2026-07-06 12:27:00+00:00,12.5,12.5001,12.4901,12.5,0
2026-07-06 12:28:00+00:00,12.495,12.51,12.49,12.49,0
2026-07-06 12:29:00+00:00,12.4905,12.5,12.49,12.4996,0
2026-07-06 12:30:00+00:00,12.4901,12.5,12.49,12.4966,0
2026-07-06 12:31:00+00:00,12.4996,12.5,12.49,12.4968,0
2026-07-06 12:32:00+00:00,12.4991,12.4991,12.49,12.4972,0
2026-07-06 12:33:00+00:00,12.5,12.5,12.48,12.48,0
2026-07-06 12:34:00+00:00,12.4897,12.5,12.48,12.4995,0
2026-07-06 12:35:00+00:00,12.5,12.5,12.48,12.4997,0
2026-07-06 12:36:00+00:00,12.4972,12.4973,12.48,12.4801,0
2026-07-06 12:37:00+00:00,12.4899,12.5,12.48,12.5,0
2026-07-06 12:38:00+00:00,12.49,12.5,12.49,12.5,0
2026-07-06 12:39:00+00:00,12.5,12.5,12.49,12.5,0
2026-07-06 12:40:00+00:00,12.5,12.51,12.4992,12.51,0
2026-07-06 12:41:00+00:00,12.5,12.5,12.4993,12.5,0
2026-07-06 12:42:00+00:00,12.5,12.51,12.49,12.4908,0
2026-07-06 12:43:00+00:00,12.49,12.49,12.4708,12.48,0
2026-07-06 12:44:00+00:00,12.4799,12.48,12.47,12.4795,0
2026-07-06 12:45:00+00:00,12.4895,12.49,12.46,12.4687,0
2026-07-06 12:46:00+00:00,12.47,12.48,12.46,12.4601,0
2026-07-06 12:47:00+00:00,12.47,12.49,12.46,12.49,0
2026-07-06 12:48:00+00:00,12.49,12.49,12.48,12.4899,0
2026-07-06 12:49:00+00:00,12.482,12.49,12.48,12.4873,0
2026-07-06 12:50:00+00:00,12.4899,12.49,12.46,12.4695,0
2026-07-06 12:51:00+00:00,12.46,12.46,12.44,12.46,0
2026-07-06 12:52:00+00:00,12.4698,12.49,12.4698,12.48,0
2026-07-06 12:53:00+00:00,12.48,12.49,12.48,12.48,0
2026-07-06 12:54:00+00:00,12.49,12.49,12.48,12.49,0
2026-07-06 12:55:00+00:00,12.49,12.49,12.47,12.4798,0
2026-07-06 12:56:00+00:00,12.4713,12.48,12.46,12.46,0
2026-07-06 12:57:00+00:00,12.45,12.45,12.44,12.4471,0
2026-07-06 12:58:00+00:00,12.4494,12.46,12.44,12.45,0
2026-07-06 12:59:00+00:00,12.459,12.4591,12.45,12.45,0
2026-07-06 13:00:00+00:00,12.45,12.46,12.45,12.4501,0
2026-07-06 13:01:00+00:00,12.4501,12.48,12.4443,12.475,0
2026-07-06 13:02:00+00:00,12.47,12.47,12.44,12.45,0
2026-07-06 13:03:00+00:00,12.4403,12.45,12.4398,12.445,0
2026-07-06 13:04:00+00:00,12.44,12.45,12.44,12.445,0
2026-07-06 13:05:00+00:00,12.445,12.445,12.43,12.44,0
2026-07-06 13:06:00+00:00,12.44,12.45,12.42,12.43,0
2026-07-06 13:07:00+00:00,12.44,12.46,12.4301,12.46,0
2026-07-06 13:08:00+00:00,12.45,12.45,12.43,12.44,0
2026-07-06 13:09:00+00:00,12.44,12.46,12.44,12.455,0
2026-07-06 13:10:00+00:00,12.45,12.46,12.4495,12.4595,0
2026-07-06 13:11:00+00:00,12.46,12.46,12.45,12.46,0
2026-07-06 13:12:00+00:00,12.46,12.465,12.45,12.455,0
2026-07-06 13:13:00+00:00,12.46,12.46,12.42,12.4202,0
2026-07-06 13:14:00+00:00,12.42,12.43,12.41,12.42,0
2026-07-06 13:30:00+00:00,12.460000038146973,12.489800453186035,12.385000228881836,12.390000343322754,9779915
2026-07-06 13:31:00+00:00,12.385000228881836,12.399999618530273,12.350000381469727,12.362000465393066,406199
2026-07-06 13:32:00+00:00,12.369999885559082,12.444999694824219,12.360099792480469,12.4399995803833,387101
2026-07-06 13:33:00+00:00,12.449999809265137,12.460000038146973,12.430100440979004,12.439000129699707,141358
2026-07-06 13:34:00+00:00,12.430000305175781,12.444999694824219,12.40999984741211,12.444999694824219,335488
2026-07-06 13:35:00+00:00,12.444999694824219,12.489999771118164,12.410099983215332,12.475000381469727,261277
2026-07-06 13:36:00+00:00,12.470000267028809,12.489999771118164,12.414999961853027,12.430999755859375,260020
2026-07-06 13:37:00+00:00,12.4399995803833,12.479999542236328,12.410099983215332,12.420000076293945,306318
2026-07-06 13:38:00+00:00,12.425000190734863,12.489999771118164,12.420000076293945,12.48009967803955,232160
2026-07-06 13:39:00+00:00,12.470100402832031,12.539899826049805,12.470100402832031,12.529899597167969,285074
2026-07-06 13:40:00+00:00,12.524999618530273,12.539999961853027,12.510000228881836,12.53499984741211,246268
2026-07-06 13:41:00+00:00,12.53499984741211,12.569999694824219,12.524999618530273,12.550100326538086,255930
2026-07-06 13:42:00+00:00,12.555000305175781,12.560500144958496,12.5,12.560500144958496,390738
2026-07-06 13:43:00+00:00,12.5649995803833,12.59000015258789,12.529999732971191,12.53499984741211,390140
2026-07-06 13:44:00+00:00,12.538399696350098,12.585000038146973,12.531900405883789,12.549799919128418,296753
2026-07-06 13:45:00+00:00,12.550000190734863,12.5600004196167,12.501099586486816,12.5600004196167,264048
2026-07-06 13:46:00+00:00,12.550000190734863,12.579999923706055,12.545000076293945,12.545000076293945,197458
2026-07-06 13:47:00+00:00,12.545000076293945,12.5600004196167,12.515000343322754,12.550000190734863,231061
2026-07-06 13:48:00+00:00,12.555000305175781,12.5600004196167,12.53499984741211,12.53499984741211,131709
2026-07-06 13:49:00+00:00,12.532699584960938,12.569999694824219,12.529999732971191,12.539999961853027,265372
2026-07-06 13:50:00+00:00,12.545000076293945,12.569999694824219,12.539999961853027,12.555000305175781,247342
2026-07-06 13:51:00+00:00,12.558699607849121,12.630000114440918,12.550000190734863,12.60830020904541,527267
2026-07-06 13:52:00+00:00,12.604999542236328,12.609999656677246,12.5649995803833,12.5649995803833,242399
2026-07-06 13:53:00+00:00,12.5600004196167,12.59000015258789,12.53499984741211,12.585000038146973,229976
2026-07-06 13:54:00+00:00,12.585000038146973,12.604999542236328,12.569999694824219,12.581700325012207,196013
2026-07-06 13:55:00+00:00,12.59000015258789,12.595000267028809,12.5600004196167,12.574999809265137,166521
2026-07-06 13:56:00+00:00,12.574999809265137,12.579999923706055,12.555000305175781,12.574999809265137,124568
2026-07-06 13:57:00+00:00,12.574999809265137,12.579899787902832,12.539999961853027,12.550000190734863,217778
2026-07-06 13:58:00+00:00,12.550000190734863,12.56760025024414,12.520600318908691,12.53499984741211,157074
2026-07-06 13:59:00+00:00,12.531900405883789,12.5649995803833,12.520000457763672,12.5649995803833,265798
2026-07-06 14:00:00+00:00,12.5600004196167,12.59000015258789,12.53499984741211,12.560099601745605,378981
2026-07-06 14:01:00+00:00,12.569999694824219,12.614999771118164,12.5649995803833,12.609999656677246,142449
2026-07-06 14:02:00+00:00,12.609999656677246,12.619999885559082,12.59000015258789,12.604999542236328,120487
2026-07-06 14:03:00+00:00,12.609199523925781,12.65999984741211,12.600099563598633,12.625,210615
2026-07-06 14:04:00+00:00,12.625,12.635000228881836,12.600000381469727,12.604999542236328,210196
2026-07-06 14:05:00+00:00,12.604999542236328,12.60990047454834,12.579999923706055,12.595000267028809,72248
2026-07-06 14:06:00+00:00,12.600000381469727,12.645000457763672,12.600000381469727,12.640000343322754,227933
2026-07-06 14:07:00+00:00,12.635000228881836,12.649999618530273,12.630000114440918,12.645000457763672,221287
2026-07-06 14:08:00+00:00,12.645000457763672,12.65999984741211,12.635000228881836,12.645000457763672,212483
2026-07-06 14:09:00+00:00,12.645000457763672,12.699999809265137,12.645000457763672,12.694999694824219,258781
2026-07-06 14:10:00+00:00,12.699899673461914,12.729999542236328,12.6850004196167,12.725000381469727,205316
2026-07-06 14:11:00+00:00,12.729999542236328,12.760000228881836,12.701499938964844,12.707900047302246,533546
2026-07-06 14:12:00+00:00,12.710000038146973,12.710000038146973,12.6899995803833,12.694999694824219,182854
2026-07-06 14:13:00+00:00,12.694999694824219,12.699999809265137,12.670000076293945,12.6850004196167,106238
2026-07-06 14:14:00+00:00,12.6850004196167,12.710000038146973,12.680000305175781,12.704999923706055,95393
2026-07-06 14:15:00+00:00,12.710000038146973,12.729999542236328,12.699999809265137,12.720499992370605,194421
2026-07-06 14:16:00+00:00,12.725000381469727,12.75,12.71500015258789,12.744999885559082,145654
2026-07-06 14:17:00+00:00,12.75,12.755000114440918,12.739999771118164,12.75,205419
2026-07-06 14:18:00+00:00,12.744999885559082,12.755000114440918,12.711600303649902,12.7121000289917,240945
2026-07-06 14:19:00+00:00,12.71500015258789,12.739999771118164,12.704999923706055,12.725000381469727,179317
2026-07-06 14:20:00+00:00,12.729999542236328,12.739999771118164,12.720000267028809,12.720000267028809,146935
2026-07-06 14:21:00+00:00,12.725000381469727,12.729000091552734,12.694999694824219,12.704999923706055,148781
2026-07-06 14:22:00+00:00,12.704999923706055,12.718600273132324,12.699999809265137,12.704999923706055,81480
2026-07-06 14:23:00+00:00,12.704999923706055,12.720000267028809,12.700699806213379,12.71500015258789,78239
2026-07-06 14:24:00+00:00,12.71500015258789,12.720000267028809,12.680000305175781,12.680000305175781,172534
2026-07-06 14:25:00+00:00,12.6850004196167,12.710000038146973,12.680100440979004,12.710000038146973,115682
2026-07-06 14:26:00+00:00,12.70989990234375,12.720000267028809,12.701399803161621,12.710100173950195,79886
2026-07-06 14:27:00+00:00,12.71500015258789,12.71500015258789,12.670100212097168,12.689900398254395,204517
2026-07-06 14:28:00+00:00,12.6899995803833,12.704999923706055,12.670000076293945,12.675000190734863,146084
2026-07-06 14:29:00+00:00,12.675000190734863,12.6899995803833,12.670000076293945,12.6850004196167,105959
2026-07-06 14:30:00+00:00,12.6899995803833,12.699999809265137,12.680100440979004,12.6850004196167,125483
2026-07-06 14:31:00+00:00,12.6850004196167,12.699999809265137,12.68179988861084,12.699899673461914,108931
2026-07-06 14:32:00+00:00,12.694999694824219,12.704999923706055,12.680000305175781,12.6850004196167,197977
2026-07-06 14:33:00+00:00,12.6850004196167,12.720000267028809,12.683099746704102,12.710000038146973,137825
2026-07-06 14:34:00+00:00,12.70009994506836,12.710000038146973,12.6899995803833,12.699999809265137,60992
2026-07-06 14:35:00+00:00,12.699999809265137,12.710000038146973,12.6899995803833,12.704999923706055,91820
2026-07-06 14:36:00+00:00,12.704999923706055,12.720000267028809,12.704999923706055,12.710000038146973,55628
2026-07-06 14:37:00+00:00,12.71500015258789,12.720000267028809,12.699999809265137,12.704999923706055,93393
2026-07-06 14:38:00+00:00,12.704999923706055,12.710000038146973,12.699999809265137,12.70989990234375,43374
2026-07-06 14:39:00+00:00,12.699999809265137,12.699999809265137,12.675000190734863,12.6850004196167,261349
2026-07-06 14:40:00+00:00,12.6850004196167,12.699999809265137,12.680000305175781,12.6850004196167,121705
2026-07-06 14:41:00+00:00,12.680000305175781,12.6899995803833,12.65999984741211,12.66100025177002,172247
2026-07-06 14:42:00+00:00,12.670000076293945,12.675000190734863,12.649999618530273,12.649999618530273,154537
2026-07-06 14:43:00+00:00,12.654999732971191,12.680000305175781,12.649999618530273,12.670000076293945,102165
2026-07-06 14:44:00+00:00,12.675000190734863,12.6899995803833,12.670000076293945,12.680000305175781,149436
2026-07-06 14:45:00+00:00,12.6899995803833,12.6899995803833,12.680000305175781,12.6850004196167,56302
2026-07-06 14:46:00+00:00,12.689800262451172,12.699999809265137,12.670100212097168,12.6850004196167,107462
2026-07-06 14:47:00+00:00,12.6850004196167,12.694999694824219,12.670000076293945,12.670700073242188,94714
2026-07-06 14:48:00+00:00,12.675000190734863,12.675000190734863,12.65999984741211,12.664999961853027,90692
2026-07-06 14:49:00+00:00,12.664999961853027,12.680000305175781,12.664999961853027,12.680000305175781,40258
2026-07-06 14:50:00+00:00,12.679900169372559,12.696399688720703,12.670000076293945,12.6850004196167,128922
2026-07-06 14:51:00+00:00,12.6850004196167,12.6899995803833,12.680000305175781,12.6850004196167,89777
2026-07-06 14:52:00+00:00,12.680500030517578,12.6850004196167,12.65999984741211,12.660099983215332,126482
2026-07-06 14:53:00+00:00,12.664999961853027,12.6899995803833,12.65999984741211,12.680000305175781,137849
2026-07-06 14:54:00+00:00,12.689800262451172,12.6899995803833,12.649999618530273,12.654999732971191,103124
2026-07-06 14:55:00+00:00,12.654999732971191,12.65999984741211,12.635000228881836,12.635000228881836,147593
2026-07-06 14:56:00+00:00,12.640000343322754,12.640000343322754,12.619999885559082,12.620800018310547,104802
2026-07-06 14:57:00+00:00,12.625,12.640000343322754,12.619999885559082,12.630000114440918,198292
2026-07-06 14:58:00+00:00,12.640000343322754,12.654999732971191,12.630000114440918,12.640000343322754,102980
2026-07-06 14:59:00+00:00,12.640000343322754,12.649999618530273,12.630000114440918,12.630000114440918,118949
2026-07-06 15:00:00+00:00,12.630000114440918,12.640000343322754,12.609999656677246,12.614999771118164,92097
2026-07-06 15:01:00+00:00,12.614999771118164,12.619999885559082,12.609999656677246,12.609999656677246,57005
2026-07-06 15:02:00+00:00,12.610099792480469,12.637399673461914,12.609999656677246,12.635000228881836,85272
2026-07-06 15:03:00+00:00,12.639900207519531,12.649999618530273,12.630000114440918,12.640000343322754,83474
2026-07-06 15:04:00+00:00,12.640000343322754,12.640000343322754,12.625,12.635000228881836,52178
2026-07-06 15:05:00+00:00,12.635000228881836,12.640000343322754,12.619999885559082,12.640000343322754,72923
2026-07-06 15:06:00+00:00,12.638999938964844,12.645000457763672,12.630000114440918,12.639200210571289,90256
2026-07-06 15:07:00+00:00,12.635000228881836,12.637499809265137,12.600000381469727,12.600000381469727,159059
2026-07-06 15:08:00+00:00,12.604999542236328,12.60830020904541,12.580100059509277,12.59220027923584,354521
2026-07-06 15:09:00+00:00,12.600000381469727,12.604999542236328,12.59000015258789,12.600000381469727,87915
2026-07-06 15:10:00+00:00,12.600000381469727,12.600000381469727,12.59000015258789,12.595000267028809,72272
2026-07-06 15:11:00+00:00,12.59000015258789,12.595000267028809,12.569999694824219,12.578499794006348,90990
2026-07-06 15:12:00+00:00,12.571000099182129,12.571000099182129,12.550000190734863,12.5600004196167,105019
2026-07-06 15:13:00+00:00,12.5649995803833,12.579999923706055,12.550000190734863,12.555000305175781,120921
2026-07-06 15:14:00+00:00,12.555000305175781,12.579999923706055,12.555000305175781,12.571000099182129,81289
2026-07-06 15:15:00+00:00,12.570099830627441,12.579999923706055,12.5600004196167,12.574999809265137,77124
2026-07-06 15:16:00+00:00,12.574999809265137,12.579999923706055,12.5600004196167,12.569499969482422,158490
2026-07-06 15:17:00+00:00,12.569899559020996,12.579999923706055,12.5600004196167,12.569999694824219,68666
2026-07-06 15:18:00+00:00,12.574999809265137,12.585000038146973,12.5600004196167,12.585000038146973,81245
2026-07-06 15:19:00+00:00,12.585000038146973,12.59000015258789,12.579999923706055,12.585000038146973,86430
2026-07-06 15:20:00+00:00,12.585000038146973,12.589699745178223,12.5600004196167,12.572099685668945,151774
2026-07-06 15:21:00+00:00,12.574999809265137,12.59000015258789,12.569999694824219,12.59000015258789,73427
2026-07-06 15:22:00+00:00,12.59000015258789,12.600000381469727,12.579999923706055,12.595000267028809,185075
2026-07-06 15:23:00+00:00,12.595000267028809,12.600000381469727,12.585000038146973,12.600000381469727,129636
2026-07-06 15:24:00+00:00,12.595000267028809,12.600000381469727,12.579999923706055,12.585000038146973,173864
2026-07-06 15:25:00+00:00,12.582500457763672,12.600000381469727,12.574999809265137,12.59000015258789,232667
2026-07-06 15:26:00+00:00,12.595000267028809,12.595000267028809,12.579999923706055,12.579999923706055,63951
2026-07-06 15:27:00+00:00,12.585000038146973,12.585000038146973,12.5600004196167,12.569999694824219,497845
2026-07-06 15:28:00+00:00,12.574999809265137,12.574999809265137,12.539999961853027,12.539999961853027,310037
2026-07-06 15:29:00+00:00,12.545000076293945,12.569999694824219,12.539999961853027,12.5649995803833,288828
2026-07-06 15:30:00+00:00,12.569999694824219,12.579999923706055,12.5600004196167,12.574999809265137,153615
2026-07-06 15:31:00+00:00,12.570099830627441,12.59000015258789,12.570099830627441,12.585000038146973,66639
2026-07-06 15:32:00+00:00,12.585000038146973,12.585000038146973,12.569999694824219,12.574999809265137,377136
2026-07-06 15:33:00+00:00,12.579899787902832,12.59000015258789,12.570099830627441,12.585000038146973,21226
2026-07-06 15:34:00+00:00,12.579999923706055,12.59000015258789,12.579999923706055,12.588399887084961,16188
2026-07-06 15:35:00+00:00,12.579999923706055,12.59000015258789,12.574999809265137,12.579999923706055,91398
2026-07-06 15:36:00+00:00,12.574999809265137,12.59000015258789,12.569999694824219,12.58810043334961,42365
2026-07-06 15:37:00+00:00,12.59000015258789,12.600000381469727,12.569999694824219,12.590100288391113,341671
2026-07-06 15:38:00+00:00,12.59000015258789,12.600000381469727,12.579999923706055,12.585000038146973,47861
2026-07-06 15:39:00+00:00,12.585000038146973,12.595000267028809,12.574999809265137,12.595000267028809,113246
2026-07-06 15:40:00+00:00,12.591300010681152,12.600000381469727,12.59000015258789,12.599800109863281,31791
2026-07-06 15:41:00+00:00,12.595000267028809,12.604999542236328,12.59000015258789,12.595000267028809,74758
2026-07-06 15:42:00+00:00,12.595000267028809,12.604999542236328,12.59000015258789,12.595000267028809,82138
2026-07-06 15:43:00+00:00,12.595000267028809,12.600000381469727,12.59000015258789,12.590499877929688,36811
2026-07-06 15:44:00+00:00,12.59000015258789,12.599100112915039,12.59000015258789,12.59000015258789,16879
2026-07-06 15:45:00+00:00,12.595000267028809,12.595000267028809,12.59000015258789,12.595000267028809,20929
2026-07-06 15:46:00+00:00,12.595000267028809,12.609999656677246,12.592399597167969,12.604999542236328,40664
2026-07-06 15:47:00+00:00,12.604999542236328,12.619999885559082,12.600000381469727,12.614999771118164,154871
2026-07-06 15:48:00+00:00,12.618499755859375,12.619999885559082,12.600000381469727,12.600000381469727,55382
2026-07-06 15:49:00+00:00,12.604999542236328,12.609999656677246,12.600000381469727,12.604999542236328,45646
2026-07-06 15:50:00+00:00,12.600799560546875,12.61989974975586,12.600000381469727,12.61989974975586,66604
2026-07-06 15:51:00+00:00,12.610099792480469,12.619999885559082,12.600000381469727,12.604999542236328,129409
2026-07-06 15:52:00+00:00,12.60830020904541,12.61989974975586,12.600000381469727,12.604999542236328,85609
2026-07-06 15:53:00+00:00,12.604999542236328,12.604999542236328,12.600000381469727,12.600000381469727,7825
2026-07-06 15:54:00+00:00,12.600000381469727,12.60990047454834,12.579999923706055,12.59000015258789,41209
2026-07-06 15:55:00+00:00,12.585000038146973,12.59000015258789,12.579999923706055,12.585000038146973,54722
2026-07-06 15:56:00+00:00,12.585000038146973,12.604999542236328,12.579999923706055,12.604999542236328,57489
2026-07-06 15:57:00+00:00,12.600000381469727,12.604999542236328,12.579999923706055,12.585000038146973,58485
2026-07-06 15:58:00+00:00,12.585000038146973,12.59000015258789,12.569999694824219,12.57919979095459,32640
2026-07-06 15:59:00+00:00,12.574999809265137,12.579999923706055,12.569999694824219,12.569999694824219,15896
2026-07-06 16:00:00+00:00,12.574999809265137,12.579899787902832,12.569999694824219,12.574999809265137,12884
2026-07-06 16:01:00+00:00,12.574999809265137,12.579299926757812,12.569999694824219,12.569999694824219,25008
2026-07-06 16:02:00+00:00,12.576399803161621,12.579999923706055,12.5600004196167,12.5600004196167,46097
2026-07-06 16:03:00+00:00,12.5649995803833,12.5649995803833,12.550000190734863,12.55739974975586,30868
2026-07-06 16:04:00+00:00,12.550000190734863,12.5600004196167,12.550000190734863,12.5600004196167,57390
2026-07-06 16:05:00+00:00,12.555000305175781,12.568656921386719,12.550000190734863,12.5600004196167,87643
2026-07-06 16:06:00+00:00,12.5600004196167,12.569999694824219,12.550000190734863,12.555000305175781,42253
2026-07-06 16:07:00+00:00,12.559900283813477,12.5600004196167,12.550000190734863,12.5600004196167,41131
2026-07-06 16:08:00+00:00,12.5600004196167,12.569999694824219,12.550000190734863,12.555000305175781,62186
2026-07-06 16:09:00+00:00,12.5600004196167,12.59000015258789,12.5600004196167,12.569999694824219,139114
2026-07-06 16:10:00+00:00,12.569999694824219,12.579999923706055,12.569999694824219,12.57979965209961,30389
2026-07-06 16:11:00+00:00,12.574999809265137,12.579999923706055,12.5600004196167,12.569499969482422,61296
2026-07-06 16:12:00+00:00,12.5649995803833,12.569999694824219,12.5600004196167,12.5649995803833,26829
2026-07-06 16:13:00+00:00,12.5649995803833,12.574999809265137,12.5600004196167,12.574999809265137,55148
2026-07-06 16:14:00+00:00,12.569999694824219,12.57979965209961,12.5600004196167,12.560700416564941,39433
2026-07-06 16:15:00+00:00,12.5649995803833,12.569299697875977,12.5600004196167,12.5649995803833,21453
2026-07-06 16:16:00+00:00,12.569999694824219,12.579999923706055,12.5600004196167,12.574999809265137,37035
2026-07-06 16:17:00+00:00,12.574999809265137,12.579999923706055,12.562299728393555,12.569999694824219,28028
2026-07-06 16:18:00+00:00,12.57730484008789,12.577699661254883,12.5600004196167,12.5600004196167,20637
2026-07-06 16:19:00+00:00,12.5649995803833,12.569999694824219,12.5600004196167,12.5649995803833,23184
2026-07-06 16:20:00+00:00,12.569999694824219,12.579999923706055,12.569999694824219,12.569999694824219,37855
2026-07-06 16:21:00+00:00,12.579999923706055,12.579999923706055,12.5600004196167,12.5600004196167,41832
2026-07-06 16:22:00+00:00,12.5649995803833,12.569999694824219,12.5600004196167,12.5649995803833,12782
2026-07-06 16:23:00+00:00,12.5600004196167,12.574999809265137,12.5600004196167,12.5649995803833,63569
2026-07-06 16:24:00+00:00,12.569999694824219,12.569999694824219,12.5600004196167,12.5649995803833,11538
2026-07-06 16:25:00+00:00,12.5649995803833,12.568099975585938,12.550000190734863,12.559900283813477,47481
2026-07-06 16:26:00+00:00,12.552200317382812,12.5600004196167,12.550000190734863,12.555000305175781,43931
2026-07-06 16:27:00+00:00,12.5600004196167,12.5600004196167,12.550000190734863,12.555000305175781,58468
2026-07-06 16:28:00+00:00,12.550100326538086,12.555000305175781,12.539999961853027,12.545000076293945,49188
2026-07-06 16:29:00+00:00,12.545000076293945,12.550000190734863,12.539999961853027,12.545000076293945,42449
2026-07-06 16:30:00+00:00,12.545000076293945,12.550000190734863,12.529999732971191,12.53499984741211,62225
2026-07-06 16:31:00+00:00,12.539999961853027,12.550000190734863,12.539999961853027,12.545000076293945,24359
2026-07-06 16:32:00+00:00,12.544513702392578,12.556699752807617,12.539999961853027,12.550000190734863,51253
2026-07-06 16:33:00+00:00,12.550000190734863,12.559399604797363,12.550000190734863,12.555000305175781,5626
2026-07-06 16:34:00+00:00,12.550000190734863,12.559100151062012,12.539999961853027,12.539999961853027,49879
2026-07-06 16:35:00+00:00,12.54010009765625,12.550000190734863,12.53499984741211,12.545000076293945,47112
2026-07-06 16:36:00+00:00,12.545000076293945,12.547699928283691,12.54010009765625,12.54010009765625,5650
2026-07-06 16:37:00+00:00,12.539999961853027,12.54990005493164,12.539999961853027,12.545000076293945,7347
2026-07-06 16:38:00+00:00,12.545000076293945,12.550000190734863,12.529999732971191,12.529999732971191,19531
2026-07-06 16:39:00+00:00,12.530099868774414,12.539199829101562,12.529999732971191,12.53499984741211,12772
2026-07-06 16:40:00+00:00,12.539999961853027,12.555000305175781,12.530099868774414,12.550000190734863,105368
2026-07-06 16:41:00+00:00,12.555000305175781,12.555000305175781,12.539999961853027,12.545000076293945,43781
2026-07-06 16:42:00+00:00,12.539999961853027,12.550000190734863,12.529999732971191,12.53499984741211,16036
2026-07-06 16:43:00+00:00,12.539999961853027,12.550000190734863,12.53499984741211,12.545000076293945,21774
2026-07-06 16:44:00+00:00,12.541299819946289,12.550000190734863,12.539999961853027,12.539999961853027,20287
2026-07-06 16:45:00+00:00,12.545000076293945,12.545000076293945,12.529999732971191,12.53499984741211,21356
2026-07-06 16:46:00+00:00,12.538100242614746,12.550000190734863,12.529999732971191,12.54990005493164,148988
2026-07-06 16:47:00+00:00,12.540499687194824,12.550000190734863,12.539999961853027,12.539999961853027,13636
2026-07-06 16:48:00+00:00,12.54800033569336,12.548999786376953,12.539999961853027,12.540499687194824,12112
2026-07-06 16:49:00+00:00,12.545000076293945,12.545000076293945,12.539999961853027,12.545000076293945,17772
2026-07-06 16:50:00+00:00,12.541000366210938,12.550000190734863,12.539999961853027,12.545000076293945,24003
2026-07-06 16:51:00+00:00,12.550000190734863,12.5600004196167,12.529999732971191,12.539999961853027,54051
2026-07-06 16:52:00+00:00,12.538700103759766,12.539199829101562,12.529999732971191,12.529999732971191,12117
2026-07-06 16:53:00+00:00,12.539999961853027,12.539999961853027,12.510000228881836,12.515000343322754,165167
2026-07-06 16:54:00+00:00,12.515000343322754,12.520000457763672,12.5,12.500100135803223,133153
2026-07-06 16:55:00+00:00,12.505000114440918,12.505000114440918,12.489999771118164,12.500100135803223,102112
2026-07-06 16:56:00+00:00,12.501399993896484,12.501399993896484,12.489999771118164,12.494999885559082,50331
2026-07-06 16:57:00+00:00,12.494999885559082,12.5,12.489999771118164,12.494999885559082,44944
2026-07-06 16:58:00+00:00,12.5,12.5,12.489999771118164,12.492500305175781,32424
2026-07-06 16:59:00+00:00,12.494999885559082,12.499899864196777,12.489999771118164,12.494999885559082,19275
2026-07-06 17:00:00+00:00,12.494999885559082,12.499899864196777,12.479999542236328,12.494999885559082,71908
2026-07-06 17:01:00+00:00,12.494999885559082,12.5,12.479999542236328,12.479999542236328,56695
2026-07-06 17:02:00+00:00,12.484999656677246,12.489999771118164,12.479999542236328,12.484999656677246,16656
2026-07-06 17:03:00+00:00,12.484999656677246,12.524999618530273,12.48009967803955,12.524999618530273,101384
2026-07-06 17:04:00+00:00,12.524999618530273,12.529600143432617,12.520000457763672,12.524999618530273,13164
2026-07-06 17:05:00+00:00,12.524999618530273,12.539999961853027,12.520099639892578,12.53499984741211,41855
2026-07-06 17:06:00+00:00,12.539999961853027,12.555000305175781,12.530099868774414,12.550000190734863,76120
2026-07-06 17:07:00+00:00,12.539999961853027,12.550000190734863,12.539999961853027,12.548999786376953,14387
2026-07-06 17:08:00+00:00,12.545000076293945,12.550000190734863,12.54010009765625,12.545000076293945,9075
2026-07-06 17:09:00+00:00,12.545000076293945,12.5649995803833,12.539999961853027,12.555000305175781,85755
2026-07-06 17:10:00+00:00,12.555000305175781,12.5600004196167,12.550299644470215,12.555000305175781,13207
2026-07-06 17:11:00+00:00,12.555000305175781,12.555000305175781,12.54010009765625,12.550000190734863,42441
2026-07-06 17:12:00+00:00,12.54990005493164,12.5600004196167,12.540900230407715,12.555000305175781,28370
2026-07-06 17:13:00+00:00,12.550100326538086,12.559900283813477,12.550000190734863,12.555000305175781,20221
2026-07-06 17:14:00+00:00,12.555000305175781,12.559900283813477,12.539999961853027,12.545000076293945,29829
2026-07-06 17:15:00+00:00,12.542499542236328,12.550000190734863,12.539999961853027,12.549200057983398,17096
2026-07-06 17:16:00+00:00,12.542400360107422,12.550000190734863,12.54010009765625,12.54990005493164,14919
2026-07-06 17:17:00+00:00,12.539999961853027,12.548700332641602,12.539999961853027,12.545000076293945,6916
2026-07-06 17:18:00+00:00,12.545000076293945,12.546199798583984,12.529999732971191,12.53499984741211,64036
2026-07-06 17:19:00+00:00,12.53499984741211,12.539999961853027,12.529999732971191,12.53950023651123,24630
2026-07-06 17:20:00+00:00,12.530099868774414,12.539999961853027,12.520000457763672,12.524999618530273,33045
2026-07-06 17:21:00+00:00,12.522000312805176,12.529999732971191,12.520099639892578,12.524999618530273,11790
2026-07-06 17:22:00+00:00,12.524999618530273,12.529899597167969,12.510000228881836,12.520099639892578,90664
2026-07-06 17:23:00+00:00,12.524999618530273,12.52929973602295,12.520000457763672,12.524999618530273,10298
2026-07-06 17:24:00+00:00,12.524999618530273,12.529999732971191,12.510100364685059,12.524999618530273,118882
2026-07-06 17:25:00+00:00,12.524999618530273,12.53499984741211,12.520000457763672,12.524999618530273,113433
2026-07-06 17:26:00+00:00,12.524999618530273,12.529999732971191,12.515000343322754,12.528900146484375,137310
2026-07-06 17:27:00+00:00,12.524999618530273,12.524999618530273,12.510000228881836,12.515000343322754,39002
2026-07-06 17:28:00+00:00,12.51140022277832,12.520000457763672,12.510000228881836,12.510000228881836,17912
2026-07-06 17:29:00+00:00,12.515000343322754,12.515000343322754,12.5,12.505000114440918,88728
2026-07-06 17:30:00+00:00,12.500300407409668,12.509900093078613,12.489999771118164,12.494999885559082,134935
2026-07-06 17:31:00+00:00,12.494999885559082,12.5,12.489999771118164,12.5,41570
2026-07-06 17:32:00+00:00,12.494999885559082,12.499699592590332,12.479999542236328,12.487600326538086,145866
2026-07-06 17:33:00+00:00,12.479999542236328,12.484999656677246,12.449999809265137,12.470000267028809,142696
2026-07-06 17:34:00+00:00,12.470000267028809,12.478799819946289,12.470000267028809,12.475000381469727,146522
2026-07-06 17:35:00+00:00,12.479999542236328,12.479999542236328,12.460100173950195,12.46500015258789,115399
2026-07-06 17:36:00+00:00,12.46500015258789,12.470000267028809,12.454999923706055,12.46500015258789,43630
2026-07-06 17:37:00+00:00,12.469900131225586,12.489999771118164,12.460100173950195,12.484999656677246,53156
2026-07-06 17:38:00+00:00,12.484999656677246,12.489999771118164,12.479999542236328,12.489899635314941,64837
2026-07-06 17:39:00+00:00,12.479999542236328,12.489999771118164,12.479999542236328,12.4891996383667,32923
2026-07-06 17:40:00+00:00,12.484999656677246,12.489399909973145,12.479999542236328,12.479999542236328,37400
2026-07-06 17:41:00+00:00,12.48009967803955,12.48009967803955,12.470100402832031,12.475000381469727,40489
2026-07-06 17:42:00+00:00,12.475000381469727,12.479900360107422,12.460100173950195,12.460100173950195,62460
2026-07-06 17:43:00+00:00,12.46500015258789,12.470000267028809,12.460000038146973,12.46500015258789,29501
2026-07-06 17:44:00+00:00,12.470000267028809,12.479999542236328,12.470000267028809,12.475000381469727,22479
2026-07-06 17:45:00+00:00,12.470000267028809,12.475000381469727,12.460100173950195,12.470000267028809,54337
2026-07-06 17:46:00+00:00,12.479999542236328,12.489999771118164,12.475000381469727,12.484999656677246,61973
2026-07-06 17:47:00+00:00,12.489999771118164,12.5,12.484999656677246,12.494999885559082,14348
2026-07-06 17:48:00+00:00,12.494999885559082,12.5,12.489999771118164,12.494999885559082,12613
2026-07-06 17:49:00+00:00,12.489999771118164,12.5,12.484999656677246,12.5,47860
2026-07-06 17:50:00+00:00,12.49209976196289,12.510000228881836,12.49209976196289,12.510000228881836,39026
2026-07-06 17:51:00+00:00,12.5,12.509900093078613,12.5,12.505000114440918,7815
2026-07-06 17:52:00+00:00,12.505000114440918,12.505000114440918,12.481399536132812,12.481399536132812,70027
2026-07-06 17:53:00+00:00,12.479999542236328,12.489999771118164,12.479999542236328,12.484999656677246,45469
2026-07-06 17:54:00+00:00,12.484999656677246,12.489999771118164,12.479999542236328,12.484999656677246,10377
2026-07-06 17:55:00+00:00,12.484999656677246,12.489999771118164,12.470000267028809,12.478400230407715,20356
2026-07-06 17:56:00+00:00,12.475000381469727,12.479999542236328,12.470000267028809,12.475000381469727,23873
2026-07-06 17:57:00+00:00,12.475000381469727,12.479999542236328,12.470100402832031,12.470100402832031,19162
2026-07-06 17:58:00+00:00,12.470000267028809,12.479999542236328,12.449999809265137,12.449999809265137,100877
2026-07-06 17:59:00+00:00,12.454999923706055,12.46500015258789,12.449999809265137,12.46500015258789,34418
2026-07-06 18:00:00+00:00,12.46500015258789,12.470000267028809,12.449999809265137,12.46500015258789,60154
2026-07-06 18:01:00+00:00,12.460000038146973,12.475000381469727,12.460000038146973,12.475000381469727,18201
2026-07-06 18:02:00+00:00,12.475000381469727,12.489999771118164,12.475000381469727,12.479999542236328,47961
2026-07-06 18:03:00+00:00,12.484999656677246,12.489999771118164,12.479999542236328,12.489999771118164,14172
2026-07-06 18:04:00+00:00,12.489999771118164,12.489999771118164,12.470000267028809,12.475000381469727,70944
2026-07-06 18:05:00+00:00,12.475000381469727,12.479999542236328,12.470000267028809,12.470600128173828,23692
2026-07-06 18:06:00+00:00,12.470199584960938,12.489999771118164,12.470000267028809,12.489999771118164,52128
2026-07-06 18:07:00+00:00,12.489999771118164,12.5,12.480999946594238,12.5,16785
2026-07-06 18:08:00+00:00,12.5,12.510000228881836,12.494999885559082,12.510000228881836,34315
2026-07-06 18:09:00+00:00,12.505000114440918,12.510000228881836,12.5,12.505000114440918,55320
2026-07-06 18:10:00+00:00,12.505000114440918,12.520000457763672,12.50469970703125,12.510000228881836,36665
2026-07-06 18:11:00+00:00,12.510000228881836,12.515000343322754,12.500200271606445,12.505000114440918,55343
2026-07-06 18:12:00+00:00,12.505000114440918,12.509200096130371,12.5,12.505000114440918,28442
2026-07-06 18:13:00+00:00,12.505000114440918,12.508000373840332,12.5,12.5,16262
2026-07-06 18:14:00+00:00,12.5,12.510000228881836,12.5,12.5,28380
2026-07-06 18:15:00+00:00,12.505000114440918,12.510000228881836,12.500900268554688,12.509499549865723,35180
2026-07-06 18:16:00+00:00,12.505000114440918,12.520000457763672,12.501999855041504,12.515000343322754,56745
2026-07-06 18:17:00+00:00,12.510000228881836,12.519599914550781,12.505000114440918,12.510100364685059,43389
2026-07-06 18:18:00+00:00,12.515000343322754,12.515000343322754,12.510000228881836,12.515000343322754,15509
2026-07-06 18:19:00+00:00,12.515000343322754,12.524999618530273,12.510000228881836,12.51990032196045,95886
2026-07-06 18:20:00+00:00,12.510000228881836,12.515000343322754,12.5,12.509099960327148,48683
2026-07-06 18:21:00+00:00,12.500100135803223,12.509499549865723,12.5,12.5,7795
2026-07-06 18:22:00+00:00,12.505000114440918,12.510000228881836,12.5,12.505000114440918,18648
2026-07-06 18:23:00+00:00,12.5,12.509900093078613,12.494999885559082,12.502300262451172,56182
2026-07-06 18:24:00+00:00,12.500699996948242,12.510000228881836,12.500100135803223,12.505000114440918,29564
2026-07-06 18:25:00+00:00,12.505000114440918,12.510000228881836,12.505000114440918,12.505499839782715,16615
2026-07-06 18:26:00+00:00,12.510000228881836,12.520000457763672,12.505000114440918,12.510100364685059,41757
2026-07-06 18:27:00+00:00,12.515000343322754,12.515000343322754,12.494999885559082,12.494999885559082,54612
2026-07-06 18:28:00+00:00,12.489999771118164,12.5,12.489999771118164,12.494999885559082,9541
2026-07-06 18:29:00+00:00,12.498600006103516,12.5,12.489999771118164,12.498600006103516,21421
2026-07-06 18:30:00+00:00,12.494999885559082,12.5,12.489999771118164,12.494999885559082,10284
2026-07-06 18:31:00+00:00,12.494999885559082,12.5,12.484999656677246,12.484999656677246,39987
2026-07-06 18:32:00+00:00,12.484999656677246,12.484999656677246,12.475000381469727,12.484999656677246,79069
2026-07-06 18:33:00+00:00,12.484999656677246,12.489999771118164,12.471400260925293,12.479900360107422,36526
2026-07-06 18:34:00+00:00,12.475000381469727,12.479999542236328,12.470499992370605,12.475000381469727,14838
2026-07-06 18:35:00+00:00,12.475000381469727,12.479999542236328,12.47089958190918,12.475000381469727,14577
2026-07-06 18:36:00+00:00,12.475000381469727,12.484999656677246,12.470100402832031,12.48009967803955,68421
2026-07-06 18:37:00+00:00,12.484999656677246,12.489999771118164,12.479999542236328,12.484999656677246,8777
2026-07-06 18:38:00+00:00,12.484999656677246,12.484999656677246,12.475000381469727,12.475000381469727,32262
2026-07-06 18:39:00+00:00,12.475000381469727,12.479999542236328,12.470000267028809,12.475000381469727,6910
2026-07-06 18:40:00+00:00,12.479999542236328,12.479999542236328,12.470000267028809,12.475000381469727,13991
2026-07-06 18:41:00+00:00,12.475000381469727,12.489999771118164,12.47144603729248,12.484999656677246,49819
2026-07-06 18:42:00+00:00,12.484999656677246,12.489999771118164,12.479999542236328,12.489999771118164,19674
2026-07-06 18:43:00+00:00,12.489999771118164,12.489999771118164,12.479999542236328,12.484999656677246,16702
2026-07-06 18:44:00+00:00,12.484999656677246,12.484999656677246,12.460000038146973,12.470000267028809,115808
2026-07-06 18:45:00+00:00,12.475000381469727,12.479999542236328,12.470100402832031,12.475000381469727,13047
2026-07-06 18:46:00+00:00,12.475000381469727,12.489999771118164,12.475000381469727,12.479999542236328,47542
2026-07-06 18:47:00+00:00,12.479999542236328,12.489999771118164,12.479999542236328,12.479999542236328,51545
2026-07-06 18:48:00+00:00,12.484999656677246,12.489999771118164,12.475000381469727,12.475000381469727,39572
2026-07-06 18:49:00+00:00,12.470000267028809,12.479999542236328,12.470000267028809,12.475600242614746,29214
2026-07-06 18:50:00+00:00,12.472000122070312,12.477700233459473,12.470000267028809,12.475000381469727,7943
2026-07-06 18:51:00+00:00,12.475000381469727,12.484999656677246,12.470000267028809,12.475000381469727,65938
2026-07-06 18:52:00+00:00,12.479999542236328,12.479999542236328,12.470000267028809,12.475000381469727,15549
2026-07-06 18:53:00+00:00,12.475000381469727,12.479999542236328,12.470000267028809,12.475000381469727,23544
2026-07-06 18:54:00+00:00,12.475000381469727,12.479999542236328,12.46500015258789,12.470000267028809,54649
2026-07-06 18:55:00+00:00,12.470000267028809,12.479999542236328,12.46500015258789,12.470000267028809,69057
2026-07-06 18:56:00+00:00,12.475000381469727,12.479999542236328,12.470000267028809,12.479000091552734,19290
2026-07-06 18:57:00+00:00,12.475000381469727,12.479999542236328,12.470000267028809,12.475000381469727,39195
2026-07-06 18:58:00+00:00,12.478500366210938,12.479999542236328,12.470000267028809,12.479900360107422,45493
2026-07-06 18:59:00+00:00,12.475000381469727,12.477499961853027,12.470000267028809,12.475000381469727,11559
2026-07-06 19:00:00+00:00,12.475500106811523,12.487500190734863,12.470000267028809,12.475000381469727,57942
2026-07-06 19:01:00+00:00,12.475000381469727,12.479999542236328,12.470000267028809,12.475000381469727,12018
2026-07-06 19:02:00+00:00,12.479999542236328,12.484999656677246,12.470000267028809,12.475000381469727,42436
2026-07-06 19:03:00+00:00,12.475000381469727,12.475000381469727,12.460000038146973,12.469900131225586,46518
2026-07-06 19:04:00+00:00,12.46500015258789,12.479999542236328,12.46500015258789,12.475000381469727,45495
2026-07-06 19:05:00+00:00,12.475000381469727,12.479999542236328,12.470000267028809,12.479999542236328,17897
2026-07-06 19:06:00+00:00,12.479900360107422,12.489999771118164,12.475000381469727,12.487600326538086,50394
2026-07-06 19:07:00+00:00,12.484999656677246,12.489999771118164,12.470100402832031,12.470100402832031,40762
2026-07-06 19:08:00+00:00,12.470000267028809,12.477899551391602,12.460000038146973,12.46500015258789,63937
2026-07-06 19:09:00+00:00,12.46500015258789,12.475000381469727,12.460800170898438,12.475000381469727,43886
2026-07-06 19:10:00+00:00,12.475000381469727,12.479999542236328,12.460000038146973,12.46500015258789,34496
2026-07-06 19:11:00+00:00,12.470000267028809,12.475000381469727,12.46500015258789,12.470000267028809,112315
2026-07-06 19:12:00+00:00,12.469900131225586,12.470000267028809,12.460000038146973,12.470000267028809,14393
2026-07-06 19:13:00+00:00,12.46500015258789,12.470000267028809,12.460100173950195,12.470000267028809,21466
2026-07-06 19:14:00+00:00,12.46500015258789,12.470000267028809,12.460000038146973,12.460000038146973,38704
2026-07-06 19:15:00+00:00,12.461999893188477,12.479999542236328,12.460000038146973,12.479999542236328,62122
2026-07-06 19:16:00+00:00,12.47130012512207,12.479999542236328,12.470000267028809,12.475000381469727,24551
2026-07-06 19:17:00+00:00,12.475000381469727,12.479999542236328,12.470000267028809,12.475000381469727,61198
2026-07-06 19:18:00+00:00,12.475000381469727,12.479999542236328,12.470000267028809,12.475000381469727,83196
2026-07-06 19:19:00+00:00,12.470000267028809,12.479900360107422,12.470000267028809,12.475000381469727,37305
2026-07-06 19:20:00+00:00,12.475000381469727,12.478699684143066,12.46049976348877,12.475000381469727,159915
2026-07-06 19:21:00+00:00,12.479999542236328,12.479999542236328,12.470000267028809,12.475000381469727,25783
2026-07-06 19:22:00+00:00,12.475000381469727,12.479999542236328,12.470100402832031,12.479999542236328,17660
2026-07-06 19:23:00+00:00,12.479999542236328,12.479999542236328,12.475000381469727,12.47819995880127,25892
2026-07-06 19:24:00+00:00,12.479999542236328,12.489999771118164,12.475000381469727,12.484999656677246,30929
2026-07-06 19:25:00+00:00,12.484999656677246,12.484999656677246,12.470000267028809,12.484999656677246,48705
2026-07-06 19:26:00+00:00,12.479999542236328,12.489999771118164,12.470000267028809,12.484999656677246,39344
2026-07-06 19:27:00+00:00,12.484999656677246,12.489999771118164,12.479999542236328,12.484999656677246,35416
2026-07-06 19:28:00+00:00,12.481399536132812,12.5,12.481399536132812,12.494999885559082,54240
2026-07-06 19:29:00+00:00,12.5,12.5,12.489999771118164,12.499899864196777,16160
2026-07-06 19:30:00+00:00,12.494999885559082,12.5,12.484999656677246,12.489999771118164,111000
2026-07-06 19:31:00+00:00,12.494999885559082,12.505000114440918,12.484999656677246,12.494999885559082,208871
2026-07-06 19:32:00+00:00,12.490500450134277,12.5,12.489999771118164,12.494999885559082,29652
2026-07-06 19:33:00+00:00,12.494999885559082,12.494999885559082,12.479999542236328,12.49020004272461,92006
2026-07-06 19:34:00+00:00,12.5,12.5,12.489999771118164,12.494999885559082,46377
2026-07-06 19:35:00+00:00,12.494999885559082,12.5,12.470000267028809,12.475000381469727,248262
2026-07-06 19:36:00+00:00,12.475000381469727,12.479999542236328,12.449999809265137,12.449999809265137,367599
2026-07-06 19:37:00+00:00,12.449999809265137,12.460000038146973,12.430000305175781,12.4350004196167,201127
2026-07-06 19:38:00+00:00,12.4350004196167,12.479999542236328,12.4350004196167,12.479000091552734,405471
2026-07-06 19:39:00+00:00,12.479999542236328,12.479999542236328,12.470000267028809,12.479999542236328,21625
2026-07-06 19:40:00+00:00,12.475000381469727,12.479999542236328,12.47130012512207,12.479999542236328,29266
2026-07-06 19:41:00+00:00,12.475000381469727,12.510000228881836,12.475000381469727,12.510000228881836,208082
2026-07-06 19:42:00+00:00,12.510000228881836,12.510000228881836,12.5,12.505000114440918,79214
2026-07-06 19:43:00+00:00,12.5,12.510000228881836,12.5,12.505000114440918,41173
2026-07-06 19:44:00+00:00,12.505000114440918,12.510000228881836,12.489999771118164,12.494999885559082,111321
2026-07-06 19:45:00+00:00,12.499799728393555,12.505000114440918,12.492899894714355,12.5,141027
2026-07-06 19:46:00+00:00,12.5,12.510000228881836,12.490099906921387,12.505000114440918,133622
2026-07-06 19:47:00+00:00,12.509900093078613,12.515000343322754,12.5,12.515000343322754,69050
2026-07-06 19:48:00+00:00,12.515000343322754,12.529999732971191,12.505000114440918,12.524999618530273,300472
2026-07-06 19:49:00+00:00,12.524999618530273,12.529999732971191,12.520000457763672,12.524999618530273,139160
2026-07-06 19:50:00+00:00,12.520000457763672,12.520000457763672,12.5,12.51609992980957,269331
2026-07-06 19:51:00+00:00,12.515000343322754,12.519800186157227,12.510000228881836,12.510000228881836,88693
2026-07-06 19:52:00+00:00,12.510000228881836,12.517200469970703,12.489999771118164,12.494999885559082,149758
2026-07-06 19:53:00+00:00,12.489999771118164,12.5,12.489999771118164,12.494999885559082,93512
2026-07-06 19:54:00+00:00,12.494999885559082,12.505000114440918,12.489999771118164,12.494999885559082,291565
2026-07-06 19:55:00+00:00,12.494999885559082,12.5,12.479999542236328,12.484999656677246,308339
2026-07-06 19:56:00+00:00,12.484999656677246,12.489999771118164,12.470000267028809,12.484999656677246,219022
2026-07-06 19:57:00+00:00,12.484999656677246,12.489999771118164,12.470000267028809,12.475000381469727,212316
2026-07-06 19:58:00+00:00,12.475000381469727,12.489999771118164,12.470000267028809,12.479999542236328,222803
2026-07-06 19:59:00+00:00,12.484999656677246,12.520000457763672,12.484999656677246,12.520000457763672,821708
2026-07-06 20:00:00+00:00,12.5158,12.53,12.5158,12.52,0
2026-07-06 20:01:00+00:00,12.53,12.53,12.5213,12.53,0
2026-07-06 20:02:00+00:00,12.53,12.53,12.52,12.53,0
2026-07-06 20:03:00+00:00,12.525,12.53,12.525,12.525,0
2026-07-06 20:04:00+00:00,12.53,12.53,12.51,12.5297,49500890
2026-07-06 20:05:00+00:00,12.52,12.53,12.52,12.53,0
2026-07-06 20:06:00+00:00,12.5287,12.53,12.52,12.525,0
2026-07-06 20:07:00+00:00,12.52,12.52,12.515,12.515,0
2026-07-06 20:08:00+00:00,12.51,12.52,12.51,12.52,0
2026-07-06 20:09:00+00:00,12.52,12.52,12.51,12.5102,0
2026-07-06 20:10:00+00:00,12.51,12.5199,12.51,12.51,0
2026-07-06 20:11:00+00:00,12.515,12.52,12.51,12.51,0
2026-07-06 20:12:00+00:00,12.52,12.52,12.51,12.5103,0
2026-07-06 20:13:00+00:00,12.5103,12.515,12.51,12.5101,0
2026-07-06 20:14:00+00:00,12.52,12.52,12.51,12.5183,0
2026-07-06 20:15:00+00:00,12.51,12.52,12.51,12.51,0
2026-07-06 20:16:00+00:00,12.51,12.51,12.51,12.51,0
2026-07-06 20:17:00+00:00,12.5192,12.52,12.51,12.52,0
2026-07-06 20:18:00+00:00,12.52,12.52,12.51,12.51,0
2026-07-06 20:19:00+00:00,12.52,12.52,12.51,12.5101,0
2026-07-06 20:20:00+00:00,12.5161,12.52,12.51,12.51,0
2026-07-06 20:21:00+00:00,12.52,12.52,12.5199,12.5199,0
2026-07-06 20:22:00+00:00,12.51,12.5199,12.51,12.5199,0
2026-07-06 20:23:00+00:00,12.5199,12.52,12.51,12.515,0
2026-07-06 20:24:00+00:00,12.51,12.51,12.5,12.51,0
2026-07-06 20:25:00+00:00,12.51,12.52,12.51,12.51,0
2026-07-06 20:26:00+00:00,12.52,12.52,12.51,12.5195,0
2026-07-06 20:27:00+00:00,12.5196,12.5197,12.5177,12.5197,0
2026-07-06 20:28:00+00:00,12.52,12.52,12.5,12.5,0
2026-07-06 20:29:00+00:00,12.5,12.5192,12.5,12.5192,0
2026-07-06 20:30:00+00:00,12.5176,12.52,12.5,12.5,0
2026-07-06 20:31:00+00:00,12.5,12.52,12.5,12.52,0
2026-07-06 20:32:00+00:00,12.5194,12.5194,12.5,12.51,0
2026-07-06 20:33:00+00:00,12.51,12.52,12.5,12.5174,0
2026-07-06 20:34:00+00:00,12.5,12.52,12.5,12.52,0
2026-07-06 20:35:00+00:00,12.5188,12.52,12.5,12.52,0
2026-07-06 20:36:00+00:00,12.516,12.5179,12.516,12.5179,0
2026-07-06 20:37:00+00:00,12.52,12.52,12.5189,12.52,0
2026-07-06 20:38:00+00:00,12.52,12.52,12.51,12.51,0
2026-07-06 20:39:00+00:00,12.5195,12.52,12.5,12.5,0
2026-07-06 20:40:00+00:00,12.5199,12.52,12.5,12.52,0
2026-07-06 20:41:00+00:00,12.52,12.52,12.5131,12.5131,0
2026-07-06 20:42:00+00:00,12.5193,12.52,12.5,12.5,0
2026-07-06 20:43:00+00:00,12.5178,12.5178,12.5175,12.5175,0
2026-07-06 20:44:00+00:00,12.5131,12.5131,12.5131,12.5131,0
2026-07-06 20:45:00+00:00,12.52,12.52,12.52,12.52,0
2026-07-06 20:46:00+00:00,12.52,12.52,12.5193,12.5193,0
2026-07-06 20:47:00+00:00,12.5,12.52,12.5,12.52,0
2026-07-06 20:48:00+00:00,12.5197,12.52,12.51,12.51,0
2026-07-06 20:49:00+00:00,12.52,12.52,12.5,12.5,0
2026-07-06 20:50:00+00:00,12.5,12.5198,12.5,12.5198,0
2026-07-06 20:51:00+00:00,12.51,12.52,12.51,12.51,0
2026-07-06 20:52:00+00:00,12.51,12.52,12.51,12.5103,0
2026-07-06 20:53:00+00:00,12.5101,12.5199,12.51,12.51,0
2026-07-06 20:55:00+00:00,12.51,12.52,12.51,12.52,0
2026-07-06 20:56:00+00:00,12.5026,12.52,12.5026,12.5174,0
2026-07-06 20:57:00+00:00,12.52,12.52,12.5,12.5,0
2026-07-06 20:58:00+00:00,12.52,12.52,12.5026,12.52,0
2026-07-06 20:59:00+00:00,12.5195,12.5195,12.51,12.5161,0
2026-07-06 21:00:00+00:00,12.52,12.52,12.52,12.52,0
2026-07-06 21:01:00+00:00,12.5,12.51,12.5,12.51,0
2026-07-06 21:02:00+00:00,12.51,12.51,12.51,12.51,0
2026-07-06 21:03:00+00:00,12.5189,12.5189,12.51,12.51,0
2026-07-06 21:04:00+00:00,12.5197,12.5197,12.51,12.51,0
2026-07-06 21:05:00+00:00,12.52,12.52,12.51,12.51,0
2026-07-06 21:06:00+00:00,12.5177,12.52,12.51,12.51,0
2026-07-06 21:07:00+00:00,12.51,12.52,12.51,12.52,0
2026-07-06 21:08:00+00:00,12.52,12.52,12.51,12.51,0
2026-07-06 21:09:00+00:00,12.51,12.52,12.51,12.5191,0
2026-07-06 21:10:00+00:00,12.1668,12.52,12.1668,12.51,0
2026-07-06 21:11:00+00:00,12.51,12.52,12.51,12.52,0
2026-07-06 21:12:00+00:00,12.5299,12.53,12.52,12.53,0
2026-07-06 21:13:00+00:00,12.52,12.53,12.52,12.52,0
2026-07-06 21:14:00+00:00,12.52,12.53,12.52,12.53,0
2026-07-06 21:15:00+00:00,12.5298,12.5298,12.52,12.52,0
2026-07-06 21:16:00+00:00,12.5293,12.5297,12.5293,12.5297,0
2026-07-06 21:17:00+00:00,12.53,12.53,12.51,12.5108,0
2026-07-06 21:18:00+00:00,12.53,12.53,12.5,12.5275,0
2026-07-06 21:19:00+00:00,12.5294,12.5296,12.51,12.51,0
2026-07-06 21:20:00+00:00,12.51,12.53,12.51,12.52,0
2026-07-06 21:21:00+00:00,12.52,12.52,12.51,12.51,0
2026-07-06 21:22:00+00:00,12.53,12.53,12.1668,12.52,0
2026-07-06 21:23:00+00:00,12.52,12.5294,12.52,12.52,0
2026-07-06 21:24:00+00:00,12.52,12.53,12.51,12.51,0
2026-07-06 21:25:00+00:00,12.52,12.52,12.52,12.52,0
2026-07-06 21:26:00+00:00,12.52,12.53,12.52,12.52,0
2026-07-06 21:27:00+00:00,12.53,12.53,12.52,12.5288,0
2026-07-06 21:28:00+00:00,12.53,12.53,12.515,12.5188,0
2026-07-06 21:29:00+00:00,12.51,12.52,12.51,12.52,0
2026-07-06 21:30:00+00:00,12.5184,12.52,12.51,12.5193,0
2026-07-06 21:31:00+00:00,12.5191,12.52,12.51,12.515,0
2026-07-06 21:32:00+00:00,12.5194,12.52,12.51,12.51,0
2026-07-06 21:33:00+00:00,12.5191,12.5199,12.51,12.5199,0
2026-07-06 21:35:00+00:00,12.5194,12.5307,12.5194,12.5307,0
2026-07-06 21:36:00+00:00,12.54,12.54,12.54,12.54,0
2026-07-06 21:37:00+00:00,12.5202,12.54,12.52,12.54,0
2026-07-06 21:38:00+00:00,12.53,12.54,12.52,12.54,0
2026-07-06 21:39:00+00:00,12.54,12.54,12.52,12.5208,0
2026-07-06 21:40:00+00:00,12.53,12.5398,12.52,12.5398,0
2026-07-06 21:41:00+00:00,12.53,12.5399,12.52,12.52,0
2026-07-06 21:43:00+00:00,12.52,12.53,12.52,12.53,0
2026-07-06 21:44:00+00:00,12.54,12.54,12.51,12.54,0
2026-07-06 21:45:00+00:00,12.54,12.54,12.54,12.54,0
2026-07-06 21:46:00+00:00,12.53,12.53,12.53,12.53,0
2026-07-06 21:47:00+00:00,12.53,12.53,12.53,12.53,0
2026-07-06 21:48:00+00:00,12.53,12.53,12.52,12.5294,0
2026-07-06 21:49:00+00:00,12.52,12.53,12.52,12.5203,0
2026-07-06 21:50:00+00:00,12.5299,12.53,12.5294,12.53,0
2026-07-06 21:51:00+00:00,12.5201,12.53,12.52,12.53,0
2026-07-06 21:52:00+00:00,12.52,12.53,12.52,12.5298,0
2026-07-06 21:53:00+00:00,12.52,12.53,12.52,12.5293,0
2026-07-06 21:54:00+00:00,12.52,12.5232,12.52,12.52,0
2026-07-06 21:55:00+00:00,12.5298,12.54,12.52,12.53,0
2026-07-06 21:56:00+00:00,12.5213,12.53,12.5213,12.5299,0
2026-07-06 21:57:00+00:00,12.5201,12.53,12.5201,12.5292,0
2026-07-06 21:58:00+00:00,12.5299,12.53,12.52,12.5299,0
2026-07-06 21:59:00+00:00,12.52,12.53,12.52,12.5278,0
2026-07-06 22:00:00+00:00,12.52,12.52,12.52,12.52,0
2026-07-06 22:01:00+00:00,12.5299,12.53,12.5299,12.53,0
2026-07-06 22:02:00+00:00,12.53,12.53,12.53,12.53,0
2026-07-06 22:03:00+00:00,12.5274,12.53,12.52,12.53,0
2026-07-06 22:04:00+00:00,12.53,12.53,12.528,12.528,0
2026-07-06 22:06:00+00:00,12.53,12.53,12.51,12.51,0
2026-07-06 22:07:00+00:00,12.5298,12.5298,12.5179,12.52,0
2026-07-06 22:08:00+00:00,12.52,12.52,12.51,12.52,0
2026-07-06 22:09:00+00:00,12.51,12.52,12.51,12.52,0
2026-07-06 22:10:00+00:00,12.52,12.52,12.51,12.52,0
2026-07-06 22:11:00+00:00,12.52,12.52,12.5181,12.5181,0
2026-07-06 22:12:00+00:00,12.52,12.52,12.51,12.5101,0
2026-07-06 22:13:00+00:00,12.52,12.52,12.52,12.52,0
2026-07-06 22:14:00+00:00,12.52,12.52,12.5113,12.52,0
2026-07-06 22:15:00+00:00,12.5192,12.52,12.5192,12.52,0
2026-07-06 22:16:00+00:00,12.52,12.52,12.51,12.5187,0
2026-07-06 22:17:00+00:00,12.51,12.5192,12.51,12.515,0
2026-07-06 22:19:00+00:00,12.5197,12.5197,12.51,12.5105,0
2026-07-06 22:20:00+00:00,12.52,12.52,12.51,12.51,0
2026-07-06 22:21:00+00:00,12.51,12.52,12.51,12.51,0
2026-07-06 22:22:00+00:00,12.5197,12.5197,12.5192,12.5192,0
2026-07-06 22:23:00+00:00,12.5197,12.5197,12.5197,12.5197,0
2026-07-06 22:24:00+00:00,12.5199,12.5199,12.51,12.51,0
2026-07-06 22:25:00+00:00,12.51,12.52,12.51,12.51,0
2026-07-06 22:26:00+00:00,12.52,12.52,12.52,12.52,0
2026-07-06 22:27:00+00:00,12.5197,12.5197,12.5197,12.5197,0
2026-07-06 22:28:00+00:00,12.51,12.51,12.51,12.51,0
2026-07-06 22:29:00+00:00,12.51,12.51,12.51,12.51,0
2026-07-06 22:30:00+00:00,12.51,12.52,12.51,12.51,0
2026-07-06 22:31:00+00:00,12.5195,12.5195,12.5192,12.5192,0
2026-07-06 22:32:00+00:00,12.51,12.52,12.5,12.5,0
2026-07-06 22:33:00+00:00,12.51,12.51,12.51,12.51,0
2026-07-06 22:34:00+00:00,12.51,12.51,12.5,12.5,0
2026-07-06 22:35:00+00:00,12.5195,12.52,12.5174,12.5174,0
2026-07-06 22:36:00+00:00,12.516,12.516,12.5,12.5,0
2026-07-06 22:37:00+00:00,12.51,12.52,12.5,12.51,0
2026-07-06 22:38:00+00:00,12.51,12.51,12.5098,12.5098,0
2026-07-06 22:39:00+00:00,12.52,12.52,12.52,12.52,0
2026-07-06 22:40:00+00:00,12.5,12.51,12.5,12.51,0
2026-07-06 22:41:00+00:00,12.5163,12.5163,12.5101,12.5101,0
2026-07-06 22:42:00+00:00,12.52,12.52,12.5,12.5002,0
2026-07-06 22:43:00+00:00,12.52,12.52,12.52,12.52,0
2026-07-06 22:44:00+00:00,12.52,12.52,12.51,12.51,0
2026-07-06 22:45:00+00:00,12.5174,12.52,12.51,12.51,0
2026-07-06 22:46:00+00:00,12.51,12.51,12.5,12.5,0
2026-07-06 22:47:00+00:00,12.5002,12.5087,12.5,12.5087,0
2026-07-06 22:48:00+00:00,12.51,12.51,12.51,12.51,0
2026-07-06 22:50:00+00:00,12.51,12.51,12.505,12.505,0
2026-07-06 22:51:00+00:00,12.5,12.51,12.5,12.5,0
2026-07-06 22:52:00+00:00,12.5,12.5076,12.49,12.49,0
2026-07-06 22:53:00+00:00,12.49,12.51,12.4801,12.5094,0
2026-07-06 22:54:00+00:00,12.51,12.51,12.48,12.5,0
2026-07-06 22:55:00+00:00,12.482,12.51,12.482,12.5,0
2026-07-06 22:56:00+00:00,12.48,12.5,12.48,12.5,0
2026-07-06 22:57:00+00:00,12.4801,12.4805,12.4801,12.4803,0
2026-07-06 22:58:00+00:00,12.4803,12.49,12.48,12.4801,0
2026-07-06 22:59:00+00:00,12.48,12.48,12.47,12.475,0
2026-07-06 23:00:00+00:00,12.4702,12.48,12.47,12.47,0
2026-07-06 23:01:00+00:00,12.47,12.47,12.47,12.47,0
2026-07-06 23:02:00+00:00,12.49,12.49,12.49,12.49,0
2026-07-06 23:03:00+00:00,12.4888,12.49,12.4888,12.49,0
2026-07-06 23:04:00+00:00,12.49,12.49,12.4708,12.4708,0
2026-07-06 23:05:00+00:00,12.47,12.47,12.47,12.47,0
2026-07-06 23:06:00+00:00,12.49,12.49,12.4893,12.4893,0
2026-07-06 23:07:00+00:00,12.4707,12.48,12.4707,12.4723,0
2026-07-06 23:08:00+00:00,12.4874,12.4893,12.48,12.4893,0
2026-07-06 23:09:00+00:00,12.47,12.472,12.47,12.472,0
2026-07-06 23:10:00+00:00,12.49,12.49,12.4723,12.4723,0
2026-07-06 23:11:00+00:00,12.49,12.49,12.4874,12.4874,0
2026-07-06 23:13:00+00:00,12.4891,12.4891,12.4703,12.4703,0
2026-07-06 23:14:00+00:00,12.48,12.49,12.48,12.49,0
2026-07-06 23:15:00+00:00,12.48,12.48,12.47,12.48,0
2026-07-06 23:16:00+00:00,12.48,12.48,12.4703,12.48,0
2026-07-06 23:17:00+00:00,12.48,12.48,12.48,12.48,0
2026-07-06 23:18:00+00:00,12.48,12.48,12.47,12.48,0
2026-07-06 23:19:00+00:00,12.4702,12.475,12.4507,12.4507,0
2026-07-06 23:20:00+00:00,12.47,12.47,12.45,12.465,0
2026-07-06 23:21:00+00:00,12.46,12.46,12.4501,12.455,0
2026-07-06 23:22:00+00:00,12.4515,12.46,12.45,12.46,0
2026-07-06 23:23:00+00:00,12.46,12.46,12.4501,12.4503,0
2026-07-06 23:24:00+00:00,12.46,12.48,12.455,12.48,0
2026-07-06 23:25:00+00:00,12.47,12.47,12.4626,12.4626,0
2026-07-06 23:26:00+00:00,12.47,12.47,12.46,12.46,0
2026-07-06 23:27:00+00:00,12.465,12.47,12.46,12.46,0
2026-07-06 23:28:00+00:00,12.4601,12.47,12.46,12.47,0
2026-07-06 23:29:00+00:00,12.46,12.47,12.46,12.47,0
2026-07-06 23:30:00+00:00,12.46,12.47,12.46,12.46,0
2026-07-06 23:31:00+00:00,12.46,12.47,12.46,12.46,0
2026-07-06 23:32:00+00:00,12.46,12.46,12.46,12.46,0
2026-07-06 23:33:00+00:00,12.46,12.4698,12.46,12.46,0
2026-07-06 23:34:00+00:00,12.48,12.48,12.4609,12.4609,0
2026-07-06 23:35:00+00:00,12.48,12.48,12.4608,12.4608,0
2026-07-06 23:37:00+00:00,12.4606,12.48,12.46,12.48,0
2026-07-06 23:38:00+00:00,12.48,12.48,12.46,12.465,0
2026-07-06 23:39:00+00:00,12.4605,12.48,12.4605,12.47,0
2026-07-06 23:40:00+00:00,12.46,12.48,12.46,12.48,0
2026-07-06 23:41:00+00:00,12.46,12.48,12.46,12.47,0
2026-07-06 23:42:00+00:00,12.4608,12.48,12.46,12.46,0
2026-07-06 23:43:00+00:00,12.46,12.46,12.46,12.46,0
2026-07-06 23:44:00+00:00,12.46,12.47,12.46,12.47,0
2026-07-06 23:45:00+00:00,12.46,12.47,12.46,12.4697,0
2026-07-06 23:47:00+00:00,12.4602,12.4699,12.4602,12.4699,0
2026-07-06 23:48:00+00:00,12.46,12.47,12.46,12.46,0
2026-07-06 23:49:00+00:00,12.47,12.47,12.46,12.46,0
2026-07-06 23:50:00+00:00,12.4603,12.48,12.46,12.4601,0
2026-07-06 23:51:00+00:00,12.47,12.47,12.47,12.47,0
2026-07-06 23:52:00+00:00,12.4697,12.4698,12.46,12.46,0
2026-07-06 23:53:00+00:00,12.47,12.47,12.4203,12.46,0
2026-07-06 23:54:00+00:00,12.44,12.47,12.44,12.4622,0
2026-07-06 23:55:00+00:00,12.44,12.47,12.43,12.45,0
2026-07-06 23:56:00+00:00,12.4598,12.47,12.445,12.445,0
2026-07-06 23:57:00+00:00,12.445,12.45,12.41,12.41,0
2026-07-06 23:58:00+00:00,12.45,12.45,12.43,12.43,0
2026-07-06 23:59:00+00:00,12.42,12.429,12.42,12.429,0
2026-07-07 00:00:00+00:00,12.429,12.429,12.429,12.429,0
