date,open,high,low,close,volume
2026-06-22 08:00:00+00:00,223.95,228.6833,223.01,228.2609,0
2026-06-22 08:01:00+00:00,228.29,228.6,223.0,228.3,0
2026-06-22 08:02:00+00:00,228.1,228.23,227.75,227.8,0
2026-06-22 08:03:00+00:00,228.3,228.3,227.3,227.3,0
2026-06-22 08:04:00+00:00,227.5,227.5152,227.22,227.22,0
2026-06-22 08:05:00+00:00,227.2,227.2,226.96,226.96,0
2026-06-22 08:06:00+00:00,226.85,227.48,226.85,227.0,0
2026-06-22 08:07:00+00:00,227.0,227.42,225.81,225.9797,0
2026-06-22 08:08:00+00:00,225.97,226.78,225.62,226.53,0
2026-06-22 08:09:00+00:00,226.7,228.49,223.16,228.04,0
2026-06-22 08:10:00+00:00,226.9,226.91,226.0,226.91,0
2026-06-22 08:11:00+00:00,226.96,227.14,225.0448,225.0448,0
2026-06-22 08:12:00+00:00,225.49,225.75,224.31,225.27,0
2026-06-22 08:13:00+00:00,224.7497,226.44,224.7497,225.27,0
2026-06-22 08:14:00+00:00,225.3,226.3467,225.3,225.57,0
2026-06-22 08:15:00+00:00,225.64,226.11,224.76,224.86,0
2026-06-22 08:16:00+00:00,225.0,225.0,224.39,224.9554,0
2026-06-22 08:17:00+00:00,224.49,224.49,223.2412,223.2412,0
2026-06-22 08:18:00+00:00,223.15,223.99,223.02,223.83,0
2026-06-22 08:19:00+00:00,223.98,223.98,223.47,223.6065,0
2026-06-22 08:20:00+00:00,223.65,223.7,223.0,223.0,0
2026-06-22 08:21:00+00:00,223.28,223.28,222.0,222.1,0
2026-06-22 08:22:00+00:00,222.75,222.75,222.02,222.3,0
2026-06-22 08:23:00+00:00,222.3,222.3,222.02,222.02,0
2026-06-22 08:24:00+00:00,222.0642,224.7788,222.02,224.7788,0
2026-06-22 08:25:00+00:00,223.69,223.69,223.47,223.47,0
2026-06-22 08:26:00+00:00,223.5,224.0,223.02,223.02,0
2026-06-22 08:27:00+00:00,223.02,223.86,223.0,223.86,0
2026-06-22 08:28:00+00:00,223.05,223.86,223.0444,223.86,0
2026-06-22 08:29:00+00:00,223.86,223.86,223.01,223.47,0
2026-06-22 08:30:00+00:00,223.4,223.42,223.0,223.0,0
2026-06-22 08:31:00+00:00,223.15,223.41,223.01,223.41,0
2026-06-22 08:32:00+00:00,223.45,223.82,223.06,223.65,0
2026-06-22 08:34:00+00:00,223.65,223.9997,223.2,223.9997,0
2026-06-22 08:35:00+00:00,223.65,224.37,223.65,224.3351,0
2026-06-22 08:36:00+00:00,224.14,224.6,224.0,224.29,0
2026-06-22 08:37:00+00:00,224.38,224.39,224.15,224.2,0
2026-06-22 08:38:00+00:00,224.02,224.3644,223.9,223.9,0
2026-06-22 08:39:00+00:00,224.0203,224.6,224.0203,224.6,0
2026-06-22 08:41:00+00:00,224.7365,224.8,224.7156,224.72,0
2026-06-22 08:42:00+00:00,224.7,225.16,224.7,225.1412,0
2026-06-22 08:43:00+00:00,224.86,224.86,224.85,224.85,0
2026-06-22 08:44:00+00:00,225.54,225.54,224.91,224.91,0
2026-06-22 08:46:00+00:00,225.1,225.4,224.5,224.5,0
2026-06-22 08:47:00+00:00,224.5,224.9,224.4,224.59,0
2026-06-22 08:48:00+00:00,224.59,224.89,224.1317,224.89,0
2026-06-22 08:49:00+00:00,224.59,224.89,224.0,224.3,0
2026-06-22 08:50:00+00:00,224.3,224.3,224.3,224.3,0
2026-06-22 08:51:00+00:00,224.3,224.5,224.12,224.41,0
2026-06-22 08:52:00+00:00,224.5,224.5,224.5,224.5,0
2026-06-22 08:53:00+00:00,224.5,224.5,224.4812,224.5,0
2026-06-22 08:54:00+00:00,224.5,224.5,224.14,224.14,0
2026-06-22 08:55:00+00:00,224.5,224.5,224.4692,224.4692,0
2026-06-22 08:56:00+00:00,224.48,224.82,224.15,224.82,0
2026-06-22 08:57:00+00:00,224.54,224.54,224.28,224.28,0
2026-06-22 08:58:00+00:00,224.48,224.48,224.48,224.48,0
2026-06-22 08:59:00+00:00,224.57,224.57,224.14,224.48,0
2026-06-22 09:00:00+00:00,224.09,224.09,223.54,223.57,0
2026-06-22 09:01:00+00:00,223.99,223.99,223.99,223.99,0
2026-06-22 09:02:00+00:00,223.4,223.66,223.4,223.66,0
2026-06-22 09:03:00+00:00,224.44,224.84,223.4,224.58,0
2026-06-22 09:04:00+00:00,224.89,224.9,224.2612,224.9,0
2026-06-22 09:05:00+00:00,224.9,224.9,224.9,224.9,0
2026-06-22 09:06:00+00:00,224.9,224.9,224.7506,224.9,0
2026-06-22 09:07:00+00:00,224.9,224.9,224.61,224.61,0
2026-06-22 09:08:00+00:00,224.9,224.9,224.863,224.863,0
2026-06-22 09:09:00+00:00,224.85,224.86,224.0446,224.0446,0
2026-06-22 09:10:00+00:00,224.9,224.9,224.9,224.9,0
2026-06-22 09:11:00+00:00,224.0446,224.9,224.0446,224.9,0
2026-06-22 09:12:00+00:00,224.9,224.9,224.8199,224.9,0
2026-06-22 09:13:00+00:00,224.9,224.9,224.68,224.76,0
2026-06-22 09:15:00+00:00,224.9,224.9,224.4,224.73,0
2026-06-22 09:16:00+00:00,224.45,224.45,224.45,224.45,0
2026-06-22 09:17:00+00:00,224.73,224.82,224.4487,224.4487,0
2026-06-22 09:18:00+00:00,224.45,224.45,224.37,224.4,0
2026-06-22 09:19:00+00:00,224.25,224.8,224.06,224.8,0
2026-06-22 09:20:00+00:00,224.74,224.74,224.12,224.12,0
2026-06-22 09:21:00+00:00,224.1792,224.1792,224.1792,224.1792,0
2026-06-22 09:22:00+00:00,224.55,224.55,224.55,224.55,0
2026-06-22 09:24:00+00:00,224.59,224.59,224.1831,224.1831,0
2026-06-22 09:26:00+00:00,224.18,224.6,224.18,224.6,0
2026-06-22 09:27:00+00:00,224.6,224.7825,224.2,224.47,0
2026-06-22 09:28:00+00:00,224.47,224.55,224.1,224.2,0
2026-06-22 09:29:00+00:00,224.2,224.5,224.1363,224.1363,0
2026-06-22 09:30:00+00:00,224.14,224.14,224.1363,224.1363,0
2026-06-22 09:33:00+00:00,224.49,224.49,224.49,224.49,0
2026-06-22 09:34:00+00:00,224.2035,224.2035,224.13,224.19,0
2026-06-22 09:35:00+00:00,224.19,224.19,224.19,224.19,0
2026-06-22 09:36:00+00:00,224.2,224.6906,224.1975,224.6906,0
2026-06-22 09:37:00+00:00,224.4,224.4,224.4,224.4,0
2026-06-22 09:38:00+00:00,224.4,224.4,224.4,224.4,0
2026-06-22 09:39:00+00:00,224.4,224.4,224.4,224.4,0
2026-06-22 09:40:00+00:00,224.8,224.8,224.01,224.01,0
2026-06-22 09:41:00+00:00,224.26,224.26,224.14,224.14,0
2026-06-22 09:42:00+00:00,224.7802,224.7802,224.13,224.13,0
2026-06-22 09:43:00+00:00,224.05,224.05,224.05,224.05,0
2026-06-22 09:45:00+00:00,224.69,224.69,224.69,224.69,0
2026-06-22 09:46:00+00:00,224.26,224.26,224.26,224.26,0
2026-06-22 09:48:00+00:00,224.7825,224.7825,224.7825,224.7825,0
2026-06-22 09:49:00+00:00,224.1,224.1565,224.1,224.1565,0
2026-06-22 09:50:00+00:00,224.2668,224.2668,224.2668,224.2668,0
2026-06-22 09:52:00+00:00,224.77,224.77,224.69,224.69,0
2026-06-22 09:54:00+00:00,224.6085,224.69,224.6085,224.69,0
2026-06-22 09:55:00+00:00,224.6194,224.6194,224.6194,224.6194,0
2026-06-22 09:56:00+00:00,224.61,224.61,224.61,224.61,0
2026-06-22 09:57:00+00:00,224.61,224.61,224.1687,224.2245,0
2026-06-22 09:58:00+00:00,224.2488,224.2488,224.2488,224.2488,0
2026-06-22 09:59:00+00:00,224.2,224.2,224.2,224.2,0
2026-06-22 10:00:00+00:00,224.2,224.2625,224.2,224.2255,0
2026-06-22 10:01:00+00:00,224.35,224.35,224.35,224.35,0
2026-06-22 10:02:00+00:00,224.69,224.77,224.69,224.77,0
2026-06-22 10:03:00+00:00,224.8,224.8,224.397,224.54,0
2026-06-22 10:04:00+00:00,224.89,224.9,224.29,224.89,0
2026-06-22 10:05:00+00:00,224.71,224.87,224.54,224.87,0
2026-06-22 10:06:00+00:00,224.9,225.4,224.32,225.4,0
2026-06-22 10:07:00+00:00,225.49,225.6,224.96,225.6,0
2026-06-22 10:08:00+00:00,226.5,226.5,226.07,226.26,0
2026-06-22 10:09:00+00:00,226.2,226.44,226.2,226.44,0
2026-06-22 10:10:00+00:00,226.44,226.5,226.44,226.5,0
2026-06-22 10:11:00+00:00,226.5,226.5,226.08,226.25,0
2026-06-22 10:12:00+00:00,226.25,226.5,226.22,226.5,0
2026-06-22 10:13:00+00:00,226.49,226.5,226.1,226.5,0
2026-06-22 10:14:00+00:00,226.5068,226.5068,226.5,226.5,0
2026-06-22 10:15:00+00:00,226.5,227.0,226.5,226.65,0
2026-06-22 10:16:00+00:00,226.65,226.9,226.65,226.9,0
2026-06-22 10:17:00+00:00,226.0,226.17,226.0,226.0,0
2026-06-22 10:18:00+00:00,226.045,226.1,226.045,226.1,0
2026-06-22 10:19:00+00:00,226.0,226.17,225.6,226.17,0
2026-06-22 10:20:00+00:00,225.9312,225.9312,225.9312,225.9312,0
2026-06-22 10:21:00+00:00,226.26,226.99,226.26,226.99,0
2026-06-22 10:22:00+00:00,226.6513,226.6513,226.19,226.55,0
2026-06-22 10:23:00+00:00,226.55,226.55,226.55,226.55,0
2026-06-22 10:24:00+00:00,226.38,226.55,226.38,226.55,0
2026-06-22 10:25:00+00:00,226.5175,226.53,226.19,226.53,0
2026-06-22 10:26:00+00:00,226.53,226.53,226.26,226.28,0
2026-06-22 10:27:00+00:00,226.25,226.25,226.06,226.06,0
2026-06-22 10:28:00+00:00,226.5,227.0,226.5,226.84,0
2026-06-22 10:29:00+00:00,226.5608,226.75,226.5608,226.7,0
2026-06-22 10:30:00+00:00,226.7,226.75,222.2,222.2,0
2026-06-22 10:31:00+00:00,223.91,224.4,222.4412,222.66,0
2026-06-22 10:32:00+00:00,223.95,225.3,223.45,223.45,0
2026-06-22 10:33:00+00:00,223.0,223.68,223.0,223.68,0
2026-06-22 10:34:00+00:00,223.5,223.5,222.87,222.87,0
2026-06-22 10:35:00+00:00,222.87,223.1557,222.87,223.1557,0
2026-06-22 10:36:00+00:00,223.15,223.15,222.56,222.98,0
2026-06-22 10:37:00+00:00,222.6553,222.93,221.89,221.89,0
2026-06-22 10:38:00+00:00,221.83,221.89,220.56,220.56,0
2026-06-22 10:39:00+00:00,220.56,220.9997,220.31,220.4,0
2026-06-22 10:40:00+00:00,220.4336,220.4336,219.6763,219.72,0
2026-06-22 10:41:00+00:00,219.5604,219.78,219.5604,219.72,0
2026-06-22 10:42:00+00:00,219.72,219.76,219.6431,219.66,0
2026-06-22 10:43:00+00:00,219.7207,219.74,219.72,219.72,0
2026-06-22 10:44:00+00:00,219.95,222.0,219.55,221.89,0
2026-06-22 10:45:00+00:00,221.87,221.93,221.5,221.9,0
2026-06-22 10:46:00+00:00,221.9,221.93,221.5205,221.9297,0
2026-06-22 10:47:00+00:00,221.5533,221.84,221.5,221.5,0
2026-06-22 10:48:00+00:00,221.5,221.8,221.5,221.8,0
2026-06-22 10:49:00+00:00,221.56,223.06,221.06,222.98,0
2026-06-22 10:50:00+00:00,222.83,223.48,222.83,223.48,0
2026-06-22 10:51:00+00:00,223.48,223.48,223.0,223.0,0
2026-06-22 10:52:00+00:00,223.0,223.12,223.0,223.1,0
2026-06-22 10:53:00+00:00,222.3821,222.73,221.5,221.5,0
2026-06-22 10:54:00+00:00,221.8,222.0,221.0,221.0,0
2026-06-22 10:55:00+00:00,221.5,222.0,221.0,222.0,0
2026-06-22 10:56:00+00:00,222.0,222.15,221.95,222.14,0
2026-06-22 10:57:00+00:00,222.0598,222.0598,221.38,221.94,0
2026-06-22 10:58:00+00:00,221.4227,222.2,221.4227,222.2,0
2026-06-22 10:59:00+00:00,222.1019,222.5436,222.0,222.5436,0
2026-06-22 11:00:00+00:00,223.07,224.5,222.8,223.66,0
2026-06-22 11:01:00+00:00,223.77,224.01,223.0,223.99,0
2026-06-22 11:02:00+00:00,223.2,224.08,223.0003,224.08,0
2026-06-22 11:03:00+00:00,223.91,224.0,223.1,223.89,0
2026-06-22 11:04:00+00:00,223.64,224.48,223.49,224.48,0
2026-06-22 11:05:00+00:00,224.03,224.28,223.2185,223.8003,0
2026-06-22 11:06:00+00:00,224.13,225.0,224.0,224.5,0
2026-06-22 11:07:00+00:00,224.39,224.5,223.8,224.5,0
2026-06-22 11:08:00+00:00,223.4,224.5,223.23,223.8,0
2026-06-22 11:09:00+00:00,223.7698,223.7698,223.5,223.65,0
2026-06-22 11:10:00+00:00,223.25,223.8,223.14,223.5,0
2026-06-22 11:11:00+00:00,223.03,223.42,222.9,222.9,0
2026-06-22 11:12:00+00:00,222.9,222.9,221.5,221.5,0
2026-06-22 11:13:00+00:00,221.92,223.1,221.6845,222.12,0
2026-06-22 11:14:00+00:00,222.1655,222.1655,221.6,221.6,0
2026-06-22 11:15:00+00:00,221.6,222.0981,221.6,221.99,0
2026-06-22 11:16:00+00:00,221.99,222.24,221.99,222.24,0
2026-06-22 11:17:00+00:00,222.1785,222.31,222.12,222.14,0
2026-06-22 11:18:00+00:00,222.2285,223.1,222.2285,223.1,0
2026-06-22 11:19:00+00:00,222.5643,222.9527,222.5643,222.69,0
2026-06-22 11:20:00+00:00,222.97,223.8,222.97,223.0784,0
2026-06-22 11:21:00+00:00,223.5,223.5,223.33,223.38,0
2026-06-22 11:22:00+00:00,223.696,223.696,223.12,223.21,0
2026-06-22 11:23:00+00:00,223.21,223.21,223.21,223.21,0
2026-06-22 11:24:00+00:00,223.19,223.6125,223.19,223.21,0
2026-06-22 11:25:00+00:00,223.8,223.8,222.75,223.0198,0
2026-06-22 11:26:00+00:00,223.02,223.8,223.02,223.3,0
2026-06-22 11:27:00+00:00,223.3,223.696,223.3,223.696,0
2026-06-22 11:28:00+00:00,223.79,223.79,223.6525,223.6525,0
2026-06-22 11:29:00+00:00,223.5375,223.75,223.02,223.2,0
2026-06-22 11:30:00+00:00,223.7109,224.0,223.3,223.41,0
2026-06-22 11:31:00+00:00,224.3,224.3,223.71,223.83,0
2026-06-22 11:32:00+00:00,223.71,223.9962,223.2,223.51,0
2026-06-22 11:33:00+00:00,224.0,224.0,223.7,223.9,0
2026-06-22 11:34:00+00:00,223.85,223.85,223.2,223.5,0
2026-06-22 11:35:00+00:00,223.86,224.4,223.2444,223.3995,0
2026-06-22 11:36:00+00:00,224.4,224.4,223.25,223.42,0
2026-06-22 11:37:00+00:00,224.3556,224.4,223.75,223.75,0
2026-06-22 11:38:00+00:00,223.5,223.9,223.5,223.67,0
2026-06-22 11:39:00+00:00,223.75,223.75,223.3995,223.3995,0
2026-06-22 11:40:00+00:00,223.5,224.2505,223.4,223.4,0
2026-06-22 11:41:00+00:00,224.4,224.4,223.25,223.25,0
2026-06-22 11:42:00+00:00,223.6,223.67,223.1997,223.25,0
2026-06-22 11:43:00+00:00,223.13,223.5,223.01,223.01,0
2026-06-22 11:44:00+00:00,223.3,223.5,223.25,223.3,0
2026-06-22 11:45:00+00:00,223.28,223.8188,223.13,223.28,0
2026-06-22 11:46:00+00:00,223.5,223.5,223.01,223.01,0
2026-06-22 11:47:00+00:00,224.0031,224.0031,223.01,223.28,0
2026-06-22 11:48:00+00:00,223.28,223.28,223.0245,223.28,0
2026-06-22 11:49:00+00:00,223.02,223.4173,223.02,223.02,0
2026-06-22 11:50:00+00:00,223.02,223.02,223.02,223.02,0
2026-06-22 11:51:00+00:00,223.0,223.28,223.0,223.0,0
2026-06-22 11:52:00+00:00,223.0,223.38,223.0,223.0261,0
2026-06-22 11:53:00+00:00,223.05,223.5,223.05,223.21,0
2026-06-22 11:54:00+00:00,223.21,223.5,223.115,223.115,0
2026-06-22 11:55:00+00:00,223.05,223.5,223.05,223.49,0
2026-06-22 11:56:00+00:00,223.9,224.03,223.49,223.9,0
2026-06-22 11:57:00+00:00,223.8887,223.8887,223.0544,223.5,0
2026-06-22 11:58:00+00:00,223.89,224.4,223.6,224.31,0
2026-06-22 11:59:00+00:00,224.35,224.94,224.1286,224.59,0
2026-06-22 12:00:00+00:00,224.8457,225.0,224.39,224.6184,0
2026-06-22 12:01:00+00:00,224.6868,224.6868,224.6868,224.6868,0
2026-06-22 12:02:00+00:00,224.6893,224.99,224.652,224.8,0
2026-06-22 12:03:00+00:00,224.8,225.06,224.8,225.0,0
2026-06-22 12:04:00+00:00,224.81,224.9065,224.61,224.61,0
2026-06-22 12:05:00+00:00,224.66,224.7488,224.45,224.4625,0
2026-06-22 12:06:00+00:00,224.4,224.6655,224.11,224.6655,0
2026-06-22 12:07:00+00:00,224.21,224.24,223.5,224.0,0
2026-06-22 12:08:00+00:00,223.4,224.0,223.4,224.0,0
2026-06-22 12:09:00+00:00,223.6,224.2,223.6,224.2,0
2026-06-22 12:10:00+00:00,224.36,224.5788,224.0,224.37,0
2026-06-22 12:11:00+00:00,224.47,224.6,223.6,224.47,0
2026-06-22 12:12:00+00:00,224.6,224.6,224.3,224.5,0
2026-06-22 12:13:00+00:00,224.7097,225.78,224.6317,225.78,0
2026-06-22 12:14:00+00:00,225.0,225.0,224.81,224.9,0
2026-06-22 12:15:00+00:00,225.8,225.8,224.6,225.0,0
2026-06-22 12:16:00+00:00,225.0,225.0,225.0,225.0,0
2026-06-22 12:17:00+00:00,224.99,224.99,224.04,224.2,0
2026-06-22 12:18:00+00:00,224.2,224.4,223.6,223.6,0
2026-06-22 12:19:00+00:00,224.0,224.15,223.7599,223.7599,0
2026-06-22 12:20:00+00:00,224.09,224.3897,224.09,224.09,0
2026-06-22 12:21:00+00:00,224.2892,224.4,224.2892,224.4,0
2026-06-22 12:22:00+00:00,224.4,224.9,224.4,224.79,0
2026-06-22 12:23:00+00:00,224.7,224.7,224.0,224.0,0
2026-06-22 12:24:00+00:00,225.0,225.0,224.41,224.98,0
2026-06-22 12:25:00+00:00,224.5,224.78,224.0001,224.0001,0
2026-06-22 12:26:00+00:00,224.53,225.56,224.52,225.22,0
2026-06-22 12:27:00+00:00,225.22,225.8,225.0,225.0,0
2026-06-22 12:28:00+00:00,225.8,225.8799,225.0,225.5013,0
2026-06-22 12:29:00+00:00,225.3378,226.27,225.3378,226.24,0
2026-06-22 12:30:00+00:00,226.0537,226.25,225.2,225.2,0
2026-06-22 12:31:00+00:00,225.85,225.97,225.525,225.525,0
2026-06-22 12:32:00+00:00,225.6,226.0,225.6,225.76,0
2026-06-22 12:33:00+00:00,226.0,226.0,225.8282,225.8282,0
2026-06-22 12:34:00+00:00,225.83,226.5,225.61,226.5,0
2026-06-22 12:35:00+00:00,226.49,226.49,225.99,226.23,0
2026-06-22 12:36:00+00:00,226.23,226.23,225.99,226.14,0
2026-06-22 12:37:00+00:00,226.14,226.5,226.0974,226.5,0
2026-06-22 12:38:00+00:00,226.15,226.1997,226.01,226.01,0
2026-06-22 12:39:00+00:00,226.01,226.5,226.01,226.05,0
2026-06-22 12:40:00+00:00,226.0,226.1001,225.9404,225.9404,0
2026-06-22 12:41:00+00:00,226.45,226.45,225.4,226.1,0
2026-06-22 12:42:00+00:00,225.82,226.45,225.2,225.2,0
2026-06-22 12:43:00+00:00,225.2,225.67,225.2,225.2,0
2026-06-22 12:44:00+00:00,225.7,226.45,225.7,225.8,0
2026-06-22 12:45:00+00:00,225.87,226.03,225.83,226.03,0
2026-06-22 12:46:00+00:00,225.4,226.4,225.4,226.4,0
2026-06-22 12:47:00+00:00,226.3,226.58,225.8,226.03,0
2026-06-22 12:48:00+00:00,226.03,226.59,226.03,226.4052,0
2026-06-22 12:49:00+00:00,226.59,226.59,226.03,226.49,0
2026-06-22 12:50:00+00:00,226.49,226.49,226.49,226.49,0
2026-06-22 12:51:00+00:00,226.48,226.5,226.17,226.4251,0
2026-06-22 12:52:00+00:00,226.25,226.3,226.0,226.3,0
2026-06-22 12:53:00+00:00,226.03,226.5,226.03,226.2,0
2026-06-22 12:54:00+00:00,226.3965,226.5,225.91,225.91,0
2026-06-22 12:55:00+00:00,225.9,225.99,225.4,225.85,0
2026-06-22 12:56:00+00:00,225.86,225.91,225.66,225.91,0
2026-06-22 12:57:00+00:00,225.5672,225.77,225.4001,225.4001,0
2026-06-22 12:58:00+00:00,225.5002,225.59,225.4012,225.438,0
2026-06-22 12:59:00+00:00,225.8,225.8,225.0,225.0,0
2026-06-22 13:00:00+00:00,225.2984,225.87,225.2984,225.8039,0
2026-06-22 13:01:00+00:00,226.0,226.1,225.4,225.42,0
2026-06-22 13:02:00+00:00,225.8922,225.9159,225.42,225.5034,0
2026-06-22 13:03:00+00:00,225.5421,226.0,225.5421,225.55,0
2026-06-22 13:04:00+00:00,225.59,226.192,225.59,226.192,0
2026-06-22 13:05:00+00:00,226.49,226.49,225.9,225.9,0
2026-06-22 13:06:00+00:00,225.9,225.9,225.21,225.21,0
2026-06-22 13:07:00+00:00,225.4505,225.4505,225.0,225.2,0
2026-06-22 13:08:00+00:00,225.3707,225.42,225.02,225.2028,0
2026-06-22 13:09:00+00:00,225.0,225.5,225.0,225.237,0
2026-06-22 13:10:00+00:00,225.0,225.48,224.6,225.2247,0
2026-06-22 13:11:00+00:00,225.49,225.5,225.2138,225.3155,0
2026-06-22 13:12:00+00:00,225.31,226.0,225.31,226.0,0
2026-06-22 13:13:00+00:00,225.5,226.0,225.49,225.5,0
2026-06-22 13:14:00+00:00,225.4521,225.91,225.4201,225.75,0
2026-06-22 13:15:00+00:00,225.62,225.9552,224.8,225.5,0
2026-06-22 13:16:00+00:00,225.71,225.8,225.71,225.71,0
2026-06-22 13:17:00+00:00,225.5,225.95,225.38,225.38,0
2026-06-22 13:18:00+00:00,225.76,225.76,225.33,225.5,0
2026-06-22 13:19:00+00:00,225.835,225.84,225.0,225.0,0
2026-06-22 13:20:00+00:00,225.4095,225.41,225.25,225.3528,0
2026-06-22 13:21:00+00:00,225.35,225.42,225.0,225.399,0
2026-06-22 13:22:00+00:00,225.3,225.7809,225.0,225.6,0
2026-06-22 13:23:00+00:00,225.4063,226.0,225.2,225.415,0
2026-06-22 13:24:00+00:00,225.3948,225.56,225.2,225.42,0
2026-06-22 13:25:00+00:00,225.96,225.96,224.6,225.4265,0
2026-06-22 13:26:00+00:00,224.7,225.55,224.5,224.5,0
2026-06-22 13:27:00+00:00,224.01,225.55,222.79,222.85,0
2026-06-22 13:28:00+00:00,222.61,222.61,221.94,222.37,0
2026-06-22 13:29:00+00:00,222.26,222.7,221.71,222.69,0
2026-06-22 13:30:00+00:00,223.0800018310547,225.69000244140625,222.25,223.0500030517578,1161948
2026-06-22 13:31:00+00:00,222.94000244140625,223.0500030517578,218.29429626464844,218.5,178612
2026-06-22 13:32:00+00:00,218.38499450683594,218.46499633789062,215.80999755859375,216.19000244140625,154227
2026-06-22 13:33:00+00:00,216.0500030517578,216.39779663085938,215.5,215.66160583496094,170640
2026-06-22 13:34:00+00:00,215.6649932861328,217.6750030517578,215.6649932861328,217.6699981689453,110285
2026-06-22 13:35:00+00:00,217.9199981689453,219.39999389648438,217.77999877929688,219.22000122070312,87691
2026-06-22 13:36:00+00:00,219.24000549316406,220.36500549316406,218.5,219.21499633789062,127050
2026-06-22 13:37:00+00:00,219.02999877929688,219.77999877929688,217.61000061035156,217.75999450683594,184721
2026-06-22 13:38:00+00:00,217.92999267578125,219.94000244140625,217.88009643554688,219.26499938964844,242064
2026-06-22 13:39:00+00:00,219.4394073486328,219.4394073486328,218.11000061035156,219.139892578125,151575
2026-06-22 13:40:00+00:00,219.13999938964844,219.27999877929688,218.0,218.44500732421875,173259
2026-06-22 13:41:00+00:00,218.44500732421875,219.08999633789062,218.42999267578125,218.5,148284
2026-06-22 13:42:00+00:00,218.6199951171875,219.49000549316406,218.0399932861328,218.62710571289062,117926
2026-06-22 13:43:00+00:00,218.55149841308594,220.10000610351562,218.0,219.7949981689453,100377
2026-06-22 13:44:00+00:00,219.7949981689453,222.77000427246094,219.7949981689453,222.4199981689453,79231
2026-06-22 13:45:00+00:00,222.6300048828125,224.0,222.3699951171875,222.3699951171875,116949
2026-06-22 13:46:00+00:00,222.5399932861328,223.11000061035156,222.0,222.38999938964844,91532
2026-06-22 13:47:00+00:00,222.55999755859375,223.6300048828125,222.22999572753906,223.48500061035156,43668
2026-06-22 13:48:00+00:00,223.77000427246094,223.77000427246094,222.10000610351562,222.84500122070312,54158
2026-06-22 13:49:00+00:00,222.63999938964844,224.13499450683594,222.5500030517578,223.6649932861328,79436
2026-06-22 13:50:00+00:00,223.82000732421875,225.1999969482422,223.82000732421875,225.0800018310547,90441
2026-06-22 13:51:00+00:00,225.13499450683594,226.65989685058594,225.13499450683594,226.37269592285156,70219
2026-06-22 13:52:00+00:00,226.21499633789062,227.22999572753906,224.63999938964844,224.63999938964844,100630
2026-06-22 13:53:00+00:00,224.97000122070312,225.1699981689453,223.75,223.9600067138672,44701
2026-06-22 13:54:00+00:00,223.75,225.4600067138672,223.6699981689453,225.19000244140625,55087
2026-06-22 13:55:00+00:00,225.125,225.82000732421875,224.77999877929688,225.75999450683594,29263
2026-06-22 13:56:00+00:00,225.72999572753906,226.9499969482422,225.57000732421875,226.3249969482422,47544
2026-06-22 13:57:00+00:00,226.4600067138672,227.95989990234375,226.02000427246094,227.81500244140625,42991
2026-06-22 13:58:00+00:00,227.79100036621094,228.17999267578125,227.0500030517578,228.14999389648438,57967
2026-06-22 13:59:00+00:00,228.1199951171875,228.38999938964844,227.64999389648438,228.32000732421875,61217
2026-06-22 14:00:00+00:00,228.25,228.94000244140625,227.7834930419922,228.32000732421875,55816
2026-06-22 14:01:00+00:00,228.52000427246094,228.86000061035156,227.8686065673828,228.60000610351562,39825
2026-06-22 14:02:00+00:00,228.60499572753906,231.11000061035156,228.60499572753906,230.47000122070312,154678
2026-06-22 14:03:00+00:00,230.3699951171875,230.6999969482422,229.13409423828125,229.13409423828125,65198
2026-06-22 14:04:00+00:00,229.1999969482422,229.1999969482422,228.50010681152344,228.71499633789062,40235
2026-06-22 14:05:00+00:00,228.71499633789062,229.47999572753906,228.4499969482422,229.3325958251953,38977
2026-06-22 14:06:00+00:00,229.56500244140625,229.97000122070312,228.8699951171875,229.64999389648438,68331
2026-06-22 14:07:00+00:00,229.6125946044922,229.91000366210938,229.25999450683594,229.57000732421875,40030
2026-06-22 14:08:00+00:00,229.6750030517578,230.45989990234375,229.47000122070312,229.875,41683
2026-06-22 14:09:00+00:00,229.875,230.27999877929688,229.5,229.94000244140625,48780
2026-06-22 14:10:00+00:00,229.80499267578125,231.47999572753906,229.80499267578125,231.0800018310547,61802
2026-06-22 14:11:00+00:00,231.06500244140625,231.58999633789062,230.93499755859375,231.3800048828125,91692
2026-06-22 14:12:00+00:00,231.3800048828125,231.92999267578125,231.00010681152344,231.63999938964844,55657
2026-06-22 14:13:00+00:00,231.57000732421875,232.44000244140625,231.27000427246094,231.9600067138672,70116
2026-06-22 14:14:00+00:00,231.9199981689453,233.32000732421875,231.75,233.1750030517578,101585
2026-06-22 14:15:00+00:00,233.30999755859375,233.44400024414062,231.7097930908203,232.5050048828125,85750
2026-06-22 14:16:00+00:00,232.47500610351562,232.5800018310547,231.39010620117188,231.67999267578125,36008
2026-06-22 14:17:00+00:00,231.67999267578125,231.83999633789062,230.58999633789062,230.88229370117188,64030
2026-06-22 14:18:00+00:00,230.80499267578125,231.87139892578125,230.5399932861328,231.53500366210938,50688
2026-06-22 14:19:00+00:00,231.51499938964844,232.22000122070312,230.8195037841797,231.0500030517578,44554
2026-06-22 14:20:00+00:00,231.0,231.10000610351562,229.33009338378906,229.91000366210938,88446
2026-06-22 14:21:00+00:00,229.8699951171875,230.52999877929688,229.35000610351562,230.16000366210938,45197
2026-06-22 14:22:00+00:00,230.3000030517578,230.5399932861328,230.0,230.1999969482422,38256
2026-06-22 14:23:00+00:00,230.22999572753906,230.25369262695312,229.3314971923828,229.4550018310547,37995
2026-06-22 14:24:00+00:00,229.4550018310547,229.4550018310547,228.52999877929688,229.1300048828125,57766
2026-06-22 14:25:00+00:00,229.19000244140625,230.19000244140625,228.97999572753906,230.14999389648438,35209
2026-06-22 14:26:00+00:00,230.06500244140625,230.17999267578125,229.72000122070312,229.8699951171875,37310
2026-06-22 14:27:00+00:00,229.97999572753906,229.97999572753906,228.9199981689453,229.14999389648438,39680
2026-06-22 14:28:00+00:00,229.13999938964844,230.33230590820312,229.08639526367188,230.33230590820312,35688
2026-06-22 14:29:00+00:00,230.2050018310547,230.49989318847656,229.56820678710938,230.47329711914062,35087
2026-06-22 14:30:00+00:00,230.5,231.21409606933594,229.83949279785156,229.83949279785156,75705
2026-06-22 14:31:00+00:00,230.00880432128906,230.50999450683594,229.0800018310547,229.19500732421875,64528
2026-06-22 14:32:00+00:00,229.01010131835938,229.35000610351562,228.24000549316406,228.34500122070312,54185
2026-06-22 14:33:00+00:00,228.34500122070312,228.61500549316406,227.25999450683594,227.49000549316406,58978
2026-06-22 14:34:00+00:00,227.27999877929688,228.39999389648438,227.27999877929688,227.80499267578125,94372
2026-06-22 14:35:00+00:00,227.99989318847656,228.52999877929688,227.63999938964844,228.43499755859375,70348
2026-06-22 14:36:00+00:00,228.30999755859375,228.44000244140625,227.85000610351562,227.89999389648438,47020
2026-06-22 14:37:00+00:00,227.9250030517578,227.97500610351562,227.57000732421875,227.89990234375,35646
2026-06-22 14:38:00+00:00,227.75,227.89849853515625,226.4499969482422,226.4499969482422,46862
2026-06-22 14:39:00+00:00,226.41000366210938,226.4199981689453,225.91000366210938,226.1999969482422,48734
2026-06-22 14:40:00+00:00,226.24000549316406,226.7550048828125,225.82009887695312,225.94000244140625,56397
2026-06-22 14:41:00+00:00,226.0449981689453,226.2180938720703,225.11000061035156,225.2100067138672,42978
2026-06-22 14:42:00+00:00,225.14999389648438,225.49130249023438,224.83999633789062,225.3000030517578,55454
2026-06-22 14:43:00+00:00,225.02000427246094,225.02000427246094,224.3699951171875,224.3699951171875,37373
2026-06-22 14:44:00+00:00,224.44000244140625,224.91000366210938,224.2899932861328,224.77999877929688,49111
2026-06-22 14:45:00+00:00,224.8300018310547,225.37989807128906,224.59170532226562,225.0050048828125,37577
2026-06-22 14:46:00+00:00,225.0050048828125,226.3000030517578,224.91099548339844,226.13499450683594,47079
2026-06-22 14:47:00+00:00,226.25999450683594,226.4600067138672,225.72999572753906,225.99000549316406,59854
2026-06-22 14:48:00+00:00,225.9550018310547,226.46099853515625,225.89999389648438,226.3350067138672,44980
2026-06-22 14:49:00+00:00,226.4698944091797,226.4698944091797,225.77999877929688,226.35000610351562,36175
2026-06-22 14:50:00+00:00,226.4499969482422,227.24099731445312,225.99000549316406,226.9499969482422,28930
2026-06-22 14:51:00+00:00,226.86610412597656,226.9499969482422,226.3000030517578,226.4571075439453,23550
2026-06-22 14:52:00+00:00,226.5449981689453,227.5998992919922,226.5449981689453,227.43499755859375,25841
2026-06-22 14:53:00+00:00,227.44500732421875,227.59129333496094,226.72999572753906,227.4499969482422,60610
2026-06-22 14:54:00+00:00,227.19000244140625,227.19000244140625,225.9600067138672,226.66000366210938,38129
2026-06-22 14:55:00+00:00,226.75,227.32000732421875,226.5500030517578,227.08749389648438,36799
2026-06-22 14:56:00+00:00,227.05499267578125,227.4698944091797,227.0,227.39500427246094,18204
2026-06-22 14:57:00+00:00,227.33999633789062,227.75,227.24009704589844,227.75,25829
2026-06-22 14:58:00+00:00,227.8800048828125,228.47000122070312,227.7899932861328,228.08999633789062,36336
2026-06-22 14:59:00+00:00,228.15499877929688,228.15499877929688,227.27999877929688,227.36500549316406,25211
2026-06-22 15:00:00+00:00,227.36500549316406,228.10000610351562,227.36500549316406,227.72999572753906,21425
2026-06-22 15:01:00+00:00,227.86500549316406,228.72999572753906,227.86500549316406,228.5950927734375,29575
2026-06-22 15:02:00+00:00,228.58999633789062,228.8000030517578,228.2899932861328,228.72500610351562,23481
2026-06-22 15:03:00+00:00,228.72500610351562,229.14999389648438,228.0800018310547,229.14999389648438,37831
2026-06-22 15:04:00+00:00,229.14999389648438,229.39999389648438,228.54010009765625,229.27499389648438,27374
2026-06-22 15:05:00+00:00,229.40499877929688,229.40499877929688,228.85000610351562,229.07000732421875,22002
2026-06-22 15:06:00+00:00,229.0749969482422,229.0749969482422,228.52999877929688,228.57000732421875,41119
2026-06-22 15:07:00+00:00,228.84120178222656,229.06500244140625,228.22000122070312,228.7100067138672,42164
2026-06-22 15:08:00+00:00,228.75999450683594,229.39999389648438,228.75999450683594,229.3350067138672,19713
2026-06-22 15:09:00+00:00,229.35000610351562,229.50999450683594,228.9199981689453,229.0,43577
2026-06-22 15:10:00+00:00,228.99000549316406,229.28939819335938,228.3300018310547,228.36000061035156,53529
2026-06-22 15:11:00+00:00,228.4499969482422,229.1649932861328,228.36000061035156,229.1649932861328,20550
2026-06-22 15:12:00+00:00,229.0399932861328,229.0399932861328,228.47999572753906,228.7050018310547,16783
2026-06-22 15:13:00+00:00,228.8424072265625,228.8424072265625,228.3699951171875,228.38999938964844,19188
2026-06-22 15:14:00+00:00,228.77999877929688,228.7899932861328,228.3699951171875,228.6649932861328,24823
2026-06-22 15:15:00+00:00,228.60000610351562,229.47000122070312,228.60000610351562,229.3350067138672,24878
2026-06-22 15:16:00+00:00,229.17999267578125,229.94000244140625,229.02999877929688,229.72000122070312,27402
2026-06-22 15:17:00+00:00,229.75999450683594,230.02999877929688,229.3800048828125,229.53509521484375,49831
2026-06-22 15:18:00+00:00,229.56500244140625,230.0518035888672,229.02000427246094,229.2100067138672,24775
2026-06-22 15:19:00+00:00,229.1199951171875,229.1199951171875,228.2899932861328,228.4199981689453,33428
2026-06-22 15:20:00+00:00,228.67379760742188,228.7899932861328,228.35000610351562,228.5749969482422,22722
2026-06-22 15:21:00+00:00,228.77999877929688,229.11000061035156,228.6199951171875,229.0800018310547,20494
2026-06-22 15:22:00+00:00,229.19000244140625,229.38999938964844,228.50999450683594,228.63999938964844,32885
2026-06-22 15:23:00+00:00,228.63999938964844,229.3498992919922,228.63999938964844,229.22000122070312,28671
2026-06-22 15:24:00+00:00,229.4199981689453,229.52999877929688,229.19000244140625,229.4149932861328,18948
2026-06-22 15:25:00+00:00,229.41009521484375,229.79989624023438,229.1199951171875,229.48800659179688,33817
2026-06-22 15:26:00+00:00,229.4600067138672,229.5019073486328,229.11000061035156,229.32989501953125,16986
2026-06-22 15:27:00+00:00,229.21499633789062,229.44500732421875,229.21499633789062,229.4149932861328,15038
2026-06-22 15:28:00+00:00,229.4199981689453,229.5,229.0800018310547,229.25010681152344,13242
2026-06-22 15:29:00+00:00,229.41000366210938,229.60000610351562,229.1999969482422,229.44000244140625,14775
2026-06-22 15:30:00+00:00,229.5,229.61000061035156,229.13999938964844,229.30999755859375,15862
2026-06-22 15:31:00+00:00,229.17999267578125,229.42999267578125,228.91000366210938,229.125,24043
2026-06-22 15:32:00+00:00,229.24000549316406,229.24000549316406,228.85000610351562,228.99000549316406,16307
2026-06-22 15:33:00+00:00,228.9949951171875,229.3300018310547,228.75999450683594,229.1750030517578,26927
2026-06-22 15:34:00+00:00,229.2899932861328,229.7899932861328,229.1750030517578,229.52000427246094,39868
2026-06-22 15:35:00+00:00,229.58999633789062,229.6999969482422,229.3000030517578,229.61500549316406,15673
2026-06-22 15:36:00+00:00,229.6199951171875,229.85000610351562,229.47000122070312,229.6750030517578,22650
2026-06-22 15:37:00+00:00,229.61000061035156,229.76119995117188,229.18499755859375,229.625,17437
2026-06-22 15:38:00+00:00,229.50779724121094,229.55999755859375,229.1199951171875,229.1199951171875,10420
2026-06-22 15:39:00+00:00,229.1300048828125,229.39999389648438,229.0800018310547,229.3350067138672,18233
2026-06-22 15:40:00+00:00,229.39500427246094,229.77999877929688,229.2700958251953,229.59500122070312,26338
2026-06-22 15:41:00+00:00,229.6649932861328,230.22500610351562,229.6649932861328,230.11000061035156,21472
2026-06-22 15:42:00+00:00,230.13499450683594,230.47999572753906,230.13499450683594,230.27999877929688,43852
2026-06-22 15:43:00+00:00,230.38499450683594,230.86000061035156,230.38499450683594,230.75999450683594,26960
2026-06-22 15:44:00+00:00,230.75999450683594,230.86000061035156,230.35000610351562,230.64999389648438,36708
2026-06-22 15:45:00+00:00,230.49000549316406,231.48989868164062,230.49000549316406,231.3350067138672,32982
2026-06-22 15:46:00+00:00,231.3350067138672,231.64990234375,230.8699951171875,230.99000549316406,35113
2026-06-22 15:47:00+00:00,230.99000549316406,230.99000549316406,230.58999633789062,230.69000244140625,22924
2026-06-22 15:48:00+00:00,230.6300048828125,230.6300048828125,230.1699981689453,230.1699981689453,14461
2026-06-22 15:49:00+00:00,230.11000061035156,230.11000061035156,229.11000061035156,229.32000732421875,58629
2026-06-22 15:50:00+00:00,229.22000122070312,229.66000366210938,229.0,229.5998992919922,38613
2026-06-22 15:51:00+00:00,229.55999755859375,229.75999450683594,228.8300018310547,228.8300018310547,23808
2026-06-22 15:52:00+00:00,228.86500549316406,228.97999572753906,228.35009765625,228.5,18668
2026-06-22 15:53:00+00:00,228.47500610351562,228.67709350585938,228.30999755859375,228.47500610351562,14488
2026-06-22 15:54:00+00:00,228.43499755859375,228.5050048828125,228.0,228.15499877929688,19540
2026-06-22 15:55:00+00:00,228.15499877929688,228.52000427246094,227.86000061035156,228.38499450683594,39305
2026-06-22 15:56:00+00:00,228.3300018310547,228.47000122070312,227.94000244140625,228.1999969482422,25714
2026-06-22 15:57:00+00:00,227.97000122070312,228.49989318847656,227.97000122070312,228.49989318847656,10297
2026-06-22 15:58:00+00:00,228.31500244140625,228.31500244140625,227.63999938964844,227.7100067138672,19373
2026-06-22 15:59:00+00:00,227.8249969482422,228.36900329589844,227.63999938964844,227.83999633789062,21225
2026-06-22 16:00:00+00:00,227.77000427246094,227.8800048828125,227.14999389648438,227.8800048828125,17450
2026-06-22 16:01:00+00:00,227.4604034423828,227.6199951171875,226.8699951171875,227.11000061035156,18135
2026-06-22 16:02:00+00:00,227.13499450683594,227.1699981689453,226.6501007080078,226.85000610351562,10097
2026-06-22 16:03:00+00:00,226.85000610351562,227.0,226.3300018310547,226.3300018310547,13829
2026-06-22 16:04:00+00:00,226.32000732421875,226.5399932861328,226.22999572753906,226.5399932861328,8988
2026-06-22 16:05:00+00:00,226.4149932861328,226.99989318847656,226.4149932861328,226.75999450683594,13064
2026-06-22 16:06:00+00:00,226.6300048828125,227.36000061035156,226.6300048828125,227.13999938964844,16228
2026-06-22 16:07:00+00:00,227.3800048828125,227.49000549316406,227.13999938964844,227.46499633789062,15677
2026-06-22 16:08:00+00:00,227.4550018310547,227.58999633789062,227.1999969482422,227.30999755859375,18283
2026-06-22 16:09:00+00:00,227.4199981689453,227.42999267578125,227.00999450683594,227.27000427246094,11483
2026-06-22 16:10:00+00:00,227.2313995361328,227.67999267578125,227.2313995361328,227.4499969482422,21830
2026-06-22 16:11:00+00:00,227.42999267578125,227.82000732421875,227.30499267578125,227.61500549316406,10163
2026-06-22 16:12:00+00:00,227.61000061035156,227.67999267578125,227.3800048828125,227.67999267578125,27449
2026-06-22 16:13:00+00:00,227.72000122070312,228.6134033203125,227.66000366210938,228.50999450683594,19861
2026-06-22 16:14:00+00:00,228.50999450683594,228.85000610351562,228.1999969482422,228.375,11113
2026-06-22 16:15:00+00:00,228.2001953125,228.375,227.6699981689453,227.6699981689453,21428
2026-06-22 16:16:00+00:00,227.82000732421875,228.02999877929688,227.69000244140625,227.80499267578125,9878
2026-06-22 16:17:00+00:00,227.75,228.0,227.67999267578125,228.0,6626
2026-06-22 16:18:00+00:00,227.8179931640625,227.86000061035156,227.34500122070312,227.8000030517578,14895
2026-06-22 16:19:00+00:00,227.89990234375,227.97999572753906,227.66000366210938,227.6999969482422,15158
2026-06-22 16:20:00+00:00,227.99000549316406,228.39999389648438,227.9199981689453,228.27000427246094,10754
2026-06-22 16:21:00+00:00,228.49989318847656,228.75999450683594,228.36709594726562,228.75999450683594,9051
2026-06-22 16:22:00+00:00,228.6199951171875,228.65499877929688,227.92999267578125,228.25999450683594,14976
2026-06-22 16:23:00+00:00,228.12600708007812,228.5399932861328,228.1199951171875,228.3000030517578,11605
2026-06-22 16:24:00+00:00,228.3350067138672,228.38499450683594,228.0399932861328,228.2100067138672,5451
2026-06-22 16:25:00+00:00,228.2100067138672,228.22999572753906,227.9600067138672,228.0449981689453,4803
2026-06-22 16:26:00+00:00,228.0749969482422,228.19000244140625,227.82000732421875,227.82000732421875,10236
2026-06-22 16:27:00+00:00,227.77000427246094,227.8300018310547,227.52999877929688,227.69500732421875,10331
2026-06-22 16:28:00+00:00,227.69500732421875,227.8300018310547,227.52000427246094,227.77000427246094,7947
2026-06-22 16:29:00+00:00,227.7949981689453,228.14999389648438,227.74000549316406,228.0,7236
2026-06-22 16:30:00+00:00,227.8800048828125,228.0,227.77000427246094,227.8000030517578,12191
2026-06-22 16:31:00+00:00,227.7899932861328,227.96600341796875,227.32009887695312,227.49000549316406,9951
2026-06-22 16:32:00+00:00,227.32000732421875,227.33999633789062,226.74000549316406,226.80999755859375,16118
2026-06-22 16:33:00+00:00,226.8300018310547,226.88499450683594,226.52999877929688,226.88499450683594,10370
2026-06-22 16:34:00+00:00,226.8300018310547,227.08999633789062,226.80999755859375,226.9600067138672,17842
2026-06-22 16:35:00+00:00,226.97999572753906,227.0050048828125,226.67999267578125,226.72999572753906,10089
2026-06-22 16:36:00+00:00,226.6199951171875,227.0500030517578,226.6199951171875,226.89999389648438,7976
2026-06-22 16:37:00+00:00,226.97000122070312,227.11500549316406,226.8000030517578,227.11500549316406,5279
2026-06-22 16:38:00+00:00,227.07000732421875,227.23989868164062,226.83999633789062,227.02999877929688,8458
2026-06-22 16:39:00+00:00,227.3800048828125,227.60000610351562,227.3800048828125,227.60000610351562,4354
2026-06-22 16:40:00+00:00,227.48500061035156,227.69500732421875,227.0,227.01840209960938,14786
2026-06-22 16:41:00+00:00,227.02000427246094,227.3699951171875,227.02000427246094,227.27999877929688,6831
2026-06-22 16:42:00+00:00,227.19009399414062,227.4315948486328,227.19000244140625,227.25,6367
2026-06-22 16:43:00+00:00,227.17779541015625,227.3300018310547,227.0500030517578,227.19500732421875,9336
2026-06-22 16:44:00+00:00,227.22000122070312,227.75999450683594,227.08999633789062,227.75999450683594,13490
2026-06-22 16:45:00+00:00,227.6649932861328,227.6649932861328,227.07000732421875,227.14999389648438,22429
2026-06-22 16:46:00+00:00,226.97999572753906,227.64999389648438,226.97999572753906,227.52999877929688,32155
2026-06-22 16:47:00+00:00,227.52999877929688,228.0800018310547,227.5,228.0800018310547,30444
2026-06-22 16:48:00+00:00,228.0749969482422,228.38999938964844,227.9001007080078,228.3249969482422,17229
2026-06-22 16:49:00+00:00,228.3249969482422,229.17999267578125,228.13999938964844,229.0449981689453,37026
2026-06-22 16:50:00+00:00,229.17970275878906,229.71099853515625,229.0800018310547,229.61500549316406,27365
2026-06-22 16:51:00+00:00,229.64230346679688,229.66000366210938,229.1999969482422,229.31500244140625,23742
2026-06-22 16:52:00+00:00,229.30999755859375,229.5,229.30999755859375,229.4149932861328,23562
2026-06-22 16:53:00+00:00,229.36000061035156,229.48989868164062,229.05999755859375,229.08999633789062,24651
2026-06-22 16:54:00+00:00,229.25,229.30999755859375,228.83999633789062,229.03750610351562,11611
2026-06-22 16:55:00+00:00,229.1300048828125,229.1300048828125,228.50999450683594,228.82000732421875,17845
2026-06-22 16:56:00+00:00,228.82000732421875,229.0800018310547,228.625,229.0800018310547,8002
2026-06-22 16:57:00+00:00,228.92999267578125,228.92999267578125,228.6999969482422,228.89990234375,13299
2026-06-22 16:58:00+00:00,228.8800048828125,229.14500427246094,228.8800048828125,229.08999633789062,18059
2026-06-22 16:59:00+00:00,228.97999572753906,229.10000610351562,228.89999389648438,229.0850067138672,5983
2026-06-22 17:00:00+00:00,229.10499572753906,229.22999572753906,228.9600067138672,229.1999969482422,5670
2026-06-22 17:01:00+00:00,229.25999450683594,229.35000610351562,229.00999450683594,229.27999877929688,9253
2026-06-22 17:02:00+00:00,229.27999877929688,229.46499633789062,228.97999572753906,229.3300018310547,74945
2026-06-22 17:03:00+00:00,229.3300018310547,229.68760681152344,229.3300018310547,229.5,7469
2026-06-22 17:04:00+00:00,229.3800048828125,229.92990112304688,229.3800048828125,229.71499633789062,21419
2026-06-22 17:05:00+00:00,229.6300048828125,229.64500427246094,229.22999572753906,229.3249969482422,17369
2026-06-22 17:06:00+00:00,229.36000061035156,229.36000061035156,228.78199768066406,228.9550018310547,17254
2026-06-22 17:07:00+00:00,228.9600067138672,228.9600067138672,228.6999969482422,228.9499969482422,11816
2026-06-22 17:08:00+00:00,228.84500122070312,229.08999633789062,228.8000030517578,228.8000030517578,11319
2026-06-22 17:09:00+00:00,228.80499267578125,229.10000610351562,228.8000030517578,228.84500122070312,9540
2026-06-22 17:10:00+00:00,228.8000030517578,228.8699951171875,228.57000732421875,228.8699951171875,19319
2026-06-22 17:11:00+00:00,228.8000030517578,229.13900756835938,228.8000030517578,228.97500610351562,10160
2026-06-22 17:12:00+00:00,228.9488983154297,229.27999877929688,228.9488983154297,229.23109436035156,8936
2026-06-22 17:13:00+00:00,229.27999877929688,229.50999450683594,229.1300048828125,229.47999572753906,10469
2026-06-22 17:14:00+00:00,229.38999938964844,229.47999572753906,229.1999969482422,229.3800048828125,9831
2026-06-22 17:15:00+00:00,229.5500030517578,229.86000061035156,229.5399932861328,229.7449951171875,18179
2026-06-22 17:16:00+00:00,229.67999267578125,229.7899932861328,229.40499877929688,229.7899932861328,10761
2026-06-22 17:17:00+00:00,229.85000610351562,229.8800048828125,229.30999755859375,229.30999755859375,9428
2026-06-22 17:18:00+00:00,229.3699951171875,229.55999755859375,229.31500244140625,229.44000244140625,6872
2026-06-22 17:19:00+00:00,229.3699951171875,229.55999755859375,229.3300018310547,229.47999572753906,9121
2026-06-22 17:20:00+00:00,229.62489318847656,229.74000549316406,229.41000366210938,229.44000244140625,14052
2026-06-22 17:21:00+00:00,229.33999633789062,229.55999755859375,229.27999877929688,229.27999877929688,9929
2026-06-22 17:22:00+00:00,229.5,229.5,229.2899932861328,229.2899932861328,7652
2026-06-22 17:23:00+00:00,229.39500427246094,229.82000732421875,229.36500549316406,229.51010131835938,17853
2026-06-22 17:24:00+00:00,229.61500549316406,230.00999450683594,229.52000427246094,230.0,38628
2026-06-22 17:25:00+00:00,229.94500732421875,230.39999389648438,229.94000244140625,230.1699981689453,30938
2026-06-22 17:26:00+00:00,230.1300048828125,230.42999267578125,229.9322967529297,230.42999267578125,21738
2026-06-22 17:27:00+00:00,230.20010375976562,230.38999938964844,229.9499969482422,229.9499969482422,12696
2026-06-22 17:28:00+00:00,229.92999267578125,230.0,229.75999450683594,229.89500427246094,11800
2026-06-22 17:29:00+00:00,229.7899932861328,229.7899932861328,229.38999938964844,229.38999938964844,16598
2026-06-22 17:30:00+00:00,229.6999969482422,229.6999969482422,229.5,229.5970001220703,12749
2026-06-22 17:31:00+00:00,229.5,229.6300048828125,229.34500122070312,229.42999267578125,7565
2026-06-22 17:32:00+00:00,229.41000366210938,229.4600067138672,229.27000427246094,229.2700958251953,6158
2026-06-22 17:33:00+00:00,229.36500549316406,229.4499969482422,229.27999877929688,229.3300018310547,16641
2026-06-22 17:34:00+00:00,229.35000610351562,229.60000610351562,229.3000030517578,229.38499450683594,10400
2026-06-22 17:35:00+00:00,229.35499572753906,229.5500030517578,229.2899932861328,229.3699951171875,109679
2026-06-22 17:36:00+00:00,229.3800048828125,229.3800048828125,228.83999633789062,228.96499633789062,42073
2026-06-22 17:37:00+00:00,229.1300048828125,229.2100067138672,229.0601043701172,229.14999389648438,7863
2026-06-22 17:38:00+00:00,229.14999389648438,229.3000030517578,229.05999755859375,229.07000732421875,17505
2026-06-22 17:39:00+00:00,229.07000732421875,229.1199951171875,228.7899932861328,229.07000732421875,14591
2026-06-22 17:40:00+00:00,229.0998992919922,229.16000366210938,228.82000732421875,228.89500427246094,15911
2026-06-22 17:41:00+00:00,228.89500427246094,228.89500427246094,228.7899932861328,228.8000030517578,4570
2026-06-22 17:42:00+00:00,228.80499267578125,228.85740661621094,228.58999633789062,228.69500732421875,15898
2026-06-22 17:43:00+00:00,228.6300048828125,228.75,228.5399932861328,228.75,6180
2026-06-22 17:44:00+00:00,228.75,228.75,228.4199981689453,228.4199981689453,13046
2026-06-22 17:45:00+00:00,228.43499755859375,228.52499389648438,228.30999755859375,228.47999572753906,12357
2026-06-22 17:46:00+00:00,228.33999633789062,228.60000610351562,228.3000030517578,228.60000610351562,13791
2026-06-22 17:47:00+00:00,228.5500030517578,228.5500030517578,228.30999755859375,228.52999877929688,8865
2026-06-22 17:48:00+00:00,228.44500732421875,228.6649932861328,228.44000244140625,228.55990600585938,10915
2026-06-22 17:49:00+00:00,228.55999755859375,228.8800048828125,228.5500030517578,228.8300018310547,12833
2026-06-22 17:50:00+00:00,228.58999633789062,228.85000610351562,228.5399932861328,228.65499877929688,15327
2026-06-22 17:51:00+00:00,228.72999572753906,228.75,228.44000244140625,228.51499938964844,8015
2026-06-22 17:52:00+00:00,228.66000366210938,228.8699951171875,228.64999389648438,228.76499938964844,5688
2026-06-22 17:53:00+00:00,228.7449951171875,228.92999267578125,228.7449951171875,228.84500122070312,6061
2026-06-22 17:54:00+00:00,228.92999267578125,229.05999755859375,228.74000549316406,228.74000549316406,12979
2026-06-22 17:55:00+00:00,228.8350067138672,228.8350067138672,228.38009643554688,228.49000549316406,15427
2026-06-22 17:56:00+00:00,228.52499389648438,228.53500366210938,228.4499969482422,228.53500366210938,3295
2026-06-22 17:57:00+00:00,228.4600067138672,228.6300048828125,228.38999938964844,228.42999267578125,13229
2026-06-22 17:58:00+00:00,228.37010192871094,228.5,228.32000732421875,228.33999633789062,11634
2026-06-22 17:59:00+00:00,228.34500122070312,228.41000366210938,228.17010498046875,228.17010498046875,17360
2026-06-22 18:00:00+00:00,228.1699981689453,228.25999450683594,227.63499450683594,227.6999969482422,26086
2026-06-22 18:01:00+00:00,227.66000366210938,228.02999877929688,227.49000549316406,227.9199981689453,26694
2026-06-22 18:02:00+00:00,227.9199981689453,228.14999389648438,227.85000610351562,228.0399932861328,18928
2026-06-22 18:03:00+00:00,228.00999450683594,228.00999450683594,227.44000244140625,227.4553985595703,14680
2026-06-22 18:04:00+00:00,227.6199951171875,227.9600067138672,227.38999938964844,227.86000061035156,15191
2026-06-22 18:05:00+00:00,227.88999938964844,227.99989318847656,227.75999450683594,227.99989318847656,14572
2026-06-22 18:06:00+00:00,227.90499877929688,227.90499877929688,227.52000427246094,227.7899932861328,9669
2026-06-22 18:07:00+00:00,227.8000030517578,227.83990478515625,227.67999267578125,227.68820190429688,7332
2026-06-22 18:08:00+00:00,227.72000122070312,227.7344970703125,227.6300048828125,227.6300048828125,5997
2026-06-22 18:09:00+00:00,227.66000366210938,227.71499633789062,227.5800018310547,227.67999267578125,8198
2026-06-22 18:10:00+00:00,227.75999450683594,227.82000732421875,227.72000122070312,227.82000732421875,10029
2026-06-22 18:11:00+00:00,227.82000732421875,227.86000061035156,227.32899475097656,227.47999572753906,16653
2026-06-22 18:12:00+00:00,227.52499389648438,227.52499389648438,227.36000061035156,227.45919799804688,6916
2026-06-22 18:13:00+00:00,227.60000610351562,227.8000030517578,227.60000610351562,227.7050018310547,10719
2026-06-22 18:14:00+00:00,227.72999572753906,227.76499938964844,227.6699981689453,227.6699981689453,4633
2026-06-22 18:15:00+00:00,227.6199951171875,227.8199005126953,227.6199951171875,227.71299743652344,11019
2026-06-22 18:16:00+00:00,227.75999450683594,227.89999389648438,227.7100067138672,227.89999389648438,7310
2026-06-22 18:17:00+00:00,227.89999389648438,227.94000244140625,227.77999877929688,227.78419494628906,11318
2026-06-22 18:18:00+00:00,227.86000061035156,228.0,227.77999877929688,227.77999877929688,11287
2026-06-22 18:19:00+00:00,227.72000122070312,227.72000122070312,227.0,227.22999572753906,26663
2026-06-22 18:20:00+00:00,227.13999938964844,227.42999267578125,227.02000427246094,227.42999267578125,18536
2026-06-22 18:21:00+00:00,227.35499572753906,227.3800048828125,226.97999572753906,227.00999450683594,19354
2026-06-22 18:22:00+00:00,226.99000549316406,227.1699981689453,226.8800048828125,227.01010131835938,12547
2026-06-22 18:23:00+00:00,227.00999450683594,227.1999969482422,226.77000427246094,226.8300018310547,16150
2026-06-22 18:24:00+00:00,226.8249969482422,226.9799041748047,226.82000732421875,226.90499877929688,10554
2026-06-22 18:25:00+00:00,226.90499877929688,227.1999969482422,226.83999633789062,226.98500061035156,18796
2026-06-22 18:26:00+00:00,226.8300018310547,226.9600067138672,226.65499877929688,226.65499877929688,14724
2026-06-22 18:27:00+00:00,226.6699981689453,226.97500610351562,226.61000061035156,226.61000061035156,14146
2026-06-22 18:28:00+00:00,226.6699981689453,226.77000427246094,226.25999450683594,226.42999267578125,13414
2026-06-22 18:29:00+00:00,226.4499969482422,226.5,226.30999755859375,226.4149932861328,14810
2026-06-22 18:30:00+00:00,226.3800048828125,226.57000732421875,225.7100067138672,225.81260681152344,31225
2026-06-22 18:31:00+00:00,225.66000366210938,225.8000030517578,225.55999755859375,225.74000549316406,18083
2026-06-22 18:32:00+00:00,225.67999267578125,225.9600067138672,225.47000122070312,225.9250030517578,43374
2026-06-22 18:33:00+00:00,225.8800048828125,226.02000427246094,225.66000366210938,225.66000366210938,17416
2026-06-22 18:34:00+00:00,225.77499389648438,225.77499389648438,225.2899932861328,225.38999938964844,35296
2026-06-22 18:35:00+00:00,225.41000366210938,225.64999389648438,225.38999938964844,225.55999755859375,19066
2026-06-22 18:36:00+00:00,225.52999877929688,225.75999450683594,225.52999877929688,225.75,27561
2026-06-22 18:37:00+00:00,225.66000366210938,225.75,225.00999450683594,225.11000061035156,31671
2026-06-22 18:38:00+00:00,225.0500030517578,225.47000122070312,225.0301055908203,225.39500427246094,18327
2026-06-22 18:39:00+00:00,225.39999389648438,225.42689514160156,225.13999938964844,225.18499755859375,23375
2026-06-22 18:40:00+00:00,225.10000610351562,225.1300048828125,224.5,224.5,34262
2026-06-22 18:41:00+00:00,224.47000122070312,224.5500030517578,224.16000366210938,224.52999877929688,28730
2026-06-22 18:42:00+00:00,224.52999877929688,224.8000030517578,224.50010681152344,224.50010681152344,22157
2026-06-22 18:43:00+00:00,224.63999938964844,224.7449951171875,224.32000732421875,224.39999389648438,14470
2026-06-22 18:44:00+00:00,224.39999389648438,224.49549865722656,224.19500732421875,224.19500732421875,13776
2026-06-22 18:45:00+00:00,224.32000732421875,224.64739990234375,224.27000427246094,224.4499969482422,22967
2026-06-22 18:46:00+00:00,224.36000061035156,224.72000122070312,224.16000366210938,224.4600067138672,22911
2026-06-22 18:47:00+00:00,224.7198944091797,224.75999450683594,224.58999633789062,224.67999267578125,21254
2026-06-22 18:48:00+00:00,224.67999267578125,224.67999267578125,224.1300048828125,224.1300048828125,29616
2026-06-22 18:49:00+00:00,224.2449951171875,224.25,224.0,224.19000244140625,33963
2026-06-22 18:50:00+00:00,224.14999389648438,224.15499877929688,223.75999450683594,223.8300018310547,19361
2026-06-22 18:51:00+00:00,223.83999633789062,223.89999389648438,223.50999450683594,223.61000061035156,29332
2026-06-22 18:52:00+00:00,223.5500030517578,223.6300048828125,223.4199981689453,223.5500030517578,32512
2026-06-22 18:53:00+00:00,223.60000610351562,223.67999267578125,223.11000061035156,223.5334930419922,34671
2026-06-22 18:54:00+00:00,223.39999389648438,223.5050048828125,223.16000366210938,223.39999389648438,20380
2026-06-22 18:55:00+00:00,223.2899932861328,223.3350067138672,222.91000366210938,223.13999938964844,34241
2026-06-22 18:56:00+00:00,223.13999938964844,223.1750030517578,222.8441925048828,223.0,27079
2026-06-22 18:57:00+00:00,222.97000122070312,223.10499572753906,222.82000732421875,222.82000732421875,14923
2026-06-22 18:58:00+00:00,222.7899932861328,222.8300018310547,222.4600067138672,222.49000549316406,25588
2026-06-22 18:59:00+00:00,222.4949951171875,222.64999389648438,222.4199981689453,222.64999389648438,19570
2026-06-22 19:00:00+00:00,222.66000366210938,222.7899932861328,222.42640686035156,222.4499969482422,30713
2026-06-22 19:01:00+00:00,222.4499969482422,222.4499969482422,222.0447998046875,222.10000610351562,29381
2026-06-22 19:02:00+00:00,222.18499755859375,222.3800048828125,222.07000732421875,222.25999450683594,20430
2026-06-22 19:03:00+00:00,222.3350067138672,222.7075958251953,222.3350067138672,222.3699951171875,29701
2026-06-22 19:04:00+00:00,222.30999755859375,222.4600067138672,222.16000366210938,222.3249969482422,21492
2026-06-22 19:05:00+00:00,222.3249969482422,222.4398956298828,221.86000061035156,222.03460693359375,32102
2026-06-22 19:06:00+00:00,222.0500030517578,222.35000610351562,221.89059448242188,222.26499938964844,17836
2026-06-22 19:07:00+00:00,222.22999572753906,222.28109741210938,221.83749389648438,221.8800048828125,18894
2026-06-22 19:08:00+00:00,221.80999755859375,221.8300018310547,221.47000122070312,221.72999572753906,35840
2026-06-22 19:09:00+00:00,221.74000549316406,221.98989868164062,221.61000061035156,221.89199829101562,18606
2026-06-22 19:10:00+00:00,221.7550048828125,221.89999389648438,221.3699951171875,221.3699951171875,17837
2026-06-22 19:11:00+00:00,221.5,222.0657958984375,221.4001007080078,221.86000061035156,35479
2026-06-22 19:12:00+00:00,221.9199981689453,221.93499755859375,221.55499267578125,221.56500244140625,19010
2026-06-22 19:13:00+00:00,221.63999938964844,221.69000244140625,221.49000549316406,221.61000061035156,21074
2026-06-22 19:14:00+00:00,221.69000244140625,221.9550018310547,221.57000732421875,221.88999938964844,22763
2026-06-22 19:15:00+00:00,221.88999938964844,222.0850067138672,221.74000549316406,221.74000549316406,29215
2026-06-22 19:16:00+00:00,221.82000732421875,221.9550018310547,221.67999267578125,221.80999755859375,14632
2026-06-22 19:17:00+00:00,221.77000427246094,222.07000732421875,221.77000427246094,221.9499969482422,19284
2026-06-22 19:18:00+00:00,222.0,222.25,221.97000122070312,222.2100067138672,17579
2026-06-22 19:19:00+00:00,222.25,222.39999389648438,222.08999633789062,222.3800048828125,30227
2026-06-22 19:20:00+00:00,222.3800048828125,222.97999572753906,222.25,222.3350067138672,39811
2026-06-22 19:21:00+00:00,222.25,222.27000427246094,221.89999389648438,221.89999389648438,21803
2026-06-22 19:22:00+00:00,221.9149932861328,221.99000549316406,221.5500030517578,221.6291046142578,22740
2026-06-22 19:23:00+00:00,221.63499450683594,221.77999877929688,221.50010681152344,221.61500549316406,16125
2026-06-22 19:24:00+00:00,221.61000061035156,222.0800018310547,221.61000061035156,221.92999267578125,19888
2026-06-22 19:25:00+00:00,221.92999267578125,222.0198974609375,221.6199951171875,221.6300048828125,17732
2026-06-22 19:26:00+00:00,221.64999389648438,222.0,221.50999450683594,221.85009765625,23457
2026-06-22 19:27:00+00:00,221.95689392089844,222.00999450683594,221.64999389648438,221.75,17594
2026-06-22 19:28:00+00:00,221.7449951171875,222.16000366210938,221.72000122070312,222.02000427246094,25757
2026-06-22 19:29:00+00:00,222.02000427246094,222.39999389648438,222.02000427246094,222.05999755859375,28624
2026-06-22 19:30:00+00:00,222.0800018310547,222.41000366210938,222.0800018310547,222.16000366210938,29474
2026-06-22 19:31:00+00:00,222.21499633789062,222.21499633789062,221.8300018310547,221.86000061035156,24797
2026-06-22 19:32:00+00:00,222.01019287109375,222.6038055419922,221.7100067138672,222.55499267578125,28949
2026-06-22 19:33:00+00:00,222.55499267578125,223.21719360351562,222.55499267578125,223.0,33982
2026-06-22 19:34:00+00:00,223.03500366210938,223.2899932861328,223.0,223.08999633789062,26139
2026-06-22 19:35:00+00:00,223.0500030517578,223.3300018310547,222.89999389648438,222.9949951171875,28627
2026-06-22 19:36:00+00:00,222.91000366210938,223.09970092773438,222.8000030517578,222.8350067138672,20999
2026-06-22 19:37:00+00:00,222.8350067138672,223.05999755859375,222.77000427246094,222.88999938964844,22415
2026-06-22 19:38:00+00:00,222.9600067138672,223.11500549316406,222.88999938964844,223.0800018310547,18048
2026-06-22 19:39:00+00:00,223.13729858398438,223.13729858398438,222.89999389648438,222.9550018310547,20934
2026-06-22 19:40:00+00:00,222.99000549316406,222.99000549316406,222.6699981689453,222.8300018310547,41819
2026-06-22 19:41:00+00:00,222.98599243164062,223.02000427246094,222.77000427246094,222.83999633789062,17447
2026-06-22 19:42:00+00:00,222.83999633789062,222.91000366210938,222.55999755859375,222.64500427246094,21955
2026-06-22 19:43:00+00:00,222.66000366210938,222.7899932861328,222.5500030517578,222.60000610351562,27892
2026-06-22 19:44:00+00:00,222.59500122070312,222.80999755859375,222.52999877929688,222.7100067138672,26416
2026-06-22 19:45:00+00:00,222.86500549316406,223.14999389648438,222.71009826660156,222.80499267578125,30950
2026-06-22 19:46:00+00:00,222.7899932861328,222.91000366210938,222.72000122070312,222.8300018310547,25656
2026-06-22 19:47:00+00:00,222.8300018310547,223.05999755859375,222.75999450683594,222.9600067138672,24246
2026-06-22 19:48:00+00:00,223.00999450683594,223.00999450683594,222.64999389648438,222.72500610351562,25167
2026-06-22 19:49:00+00:00,222.75,223.0,222.6999969482422,222.9199981689453,26690
2026-06-22 19:50:00+00:00,222.86000061035156,223.0500030517578,222.22999572753906,222.64999389648438,57041
2026-06-22 19:51:00+00:00,222.7100067138672,223.22999572753906,222.6300048828125,222.89999389648438,55197
2026-06-22 19:52:00+00:00,222.91000366210938,223.19000244140625,222.91000366210938,223.0050048828125,37809
2026-06-22 19:53:00+00:00,222.94500732421875,222.94500732421875,222.3249969482422,222.5500030517578,53184
2026-06-22 19:54:00+00:00,222.55999755859375,223.14999389648438,222.17999267578125,222.24000549316406,77796
2026-06-22 19:55:00+00:00,222.5,222.5500030517578,222.14999389648438,222.17999267578125,62421
2026-06-22 19:56:00+00:00,222.2050018310547,222.2899932861328,221.9250030517578,221.9600067138672,72472
2026-06-22 19:57:00+00:00,221.97999572753906,222.08999633789062,221.27999877929688,221.375,118416
2026-06-22 19:58:00+00:00,221.40499877929688,221.4499969482422,221.27999877929688,221.3300018310547,178495
2026-06-22 19:59:00+00:00,221.33999633789062,222.00999450683594,221.30999755859375,221.97000122070312,480076
2026-06-22 20:00:00+00:00,221.9,221.9,220.69,221.68,0
2026-06-22 20:01:00+00:00,221.57,221.9,221.57,221.9,0
2026-06-22 20:02:00+00:00,221.89,223.0,221.78,223.0,0
2026-06-22 20:03:00+00:00,222.28,223.43,221.68,223.0,0
2026-06-22 20:04:00+00:00,222.8,222.8,221.8,221.9,0
2026-06-22 20:05:00+00:00,222.5,222.7,222.02,222.5,0
2026-06-22 20:06:00+00:00,222.23,222.7,221.3,221.3,0
2026-06-22 20:07:00+00:00,222.0,222.7,221.2943,222.0,0
2026-06-22 20:08:00+00:00,221.2,222.544,221.2,222.0,0
2026-06-22 20:09:00+00:00,222.0,222.6,222.0,222.6,0
2026-06-22 20:10:00+00:00,221.9,221.9,221.643,221.8,0
2026-06-22 20:11:00+00:00,221.5,221.9,221.03,221.05,0
2026-06-22 20:12:00+00:00,221.0,221.01,220.86,220.86,0
2026-06-22 20:13:00+00:00,222.6,222.6,220.69,220.69,0
2026-06-22 20:14:00+00:00,220.87,222.6,220.77,222.6,0
2026-06-22 20:15:00+00:00,222.3517,222.3517,220.81,220.81,0
2026-06-22 20:16:00+00:00,222.6,222.6,220.8,222.28,0
2026-06-22 20:17:00+00:00,221.0,222.2821,220.69,221.51,0
2026-06-22 20:18:00+00:00,221.892,222.0,220.82,222.0,0
2026-06-22 20:19:00+00:00,222.0,222.0,220.82,221.8,0
2026-06-22 20:20:00+00:00,221.9,222.0,220.75,220.82,0
2026-06-22 20:21:00+00:00,221.13,221.34,220.2,220.42,0
2026-06-22 20:22:00+00:00,220.03,220.09,219.48,220.0,0
2026-06-22 20:23:00+00:00,221.0,221.2,219.92,221.2,0
2026-06-22 20:24:00+00:00,220.5,221.9,220.01,220.01,0
2026-06-22 20:25:00+00:00,220.1647,221.2,220.1647,220.54,0
2026-06-22 20:26:00+00:00,221.2,221.2,220.27,220.54,0
2026-06-22 20:27:00+00:00,221.2,221.2,220.27,220.48,0
2026-06-22 20:28:00+00:00,220.48,221.22,220.16,221.22,0
2026-06-22 20:29:00+00:00,221.22,221.22,221.0,221.22,0
2026-06-22 20:30:00+00:00,221.0,221.0,220.78,220.78,0
2026-06-22 20:31:00+00:00,220.16,221.22,220.16,221.21,0
2026-06-22 20:32:00+00:00,221.1746,221.21,220.66,220.66,0
2026-06-22 20:33:00+00:00,220.66,221.155,220.66,220.97,0
2026-06-22 20:34:00+00:00,220.8,220.97,220.7559,220.97,0
2026-06-22 20:35:00+00:00,220.66,221.19,220.66,221.19,0
2026-06-22 20:36:00+00:00,221.21,221.21,220.8,221.14,0
2026-06-22 20:37:00+00:00,221.1296,221.1296,221.1296,221.1296,0
2026-06-22 20:38:00+00:00,221.0,221.0,220.5,221.0,0
2026-06-22 20:39:00+00:00,221.22,221.22,220.6037,220.6037,0
2026-06-22 20:40:00+00:00,220.227,220.23,220.227,220.23,0
2026-06-22 20:41:00+00:00,220.604,220.604,220.604,220.604,0
2026-06-22 20:42:00+00:00,220.6,221.08,220.41,220.41,0
2026-06-22 20:43:00+00:00,220.52,220.52,220.4,220.4,0
2026-06-22 20:44:00+00:00,220.25,221.0509,220.25,220.46,0
2026-06-22 20:45:00+00:00,220.45,221.21,220.31,221.21,0
2026-06-22 20:46:00+00:00,220.5,221.9,220.35,221.9,0
2026-06-22 20:47:00+00:00,220.4109,221.0,220.4109,220.72,0
2026-06-22 20:48:00+00:00,221.15,221.15,220.71,221.0,0
2026-06-22 20:49:00+00:00,221.18,222.95,220.72,221.0,0
2026-06-22 20:51:00+00:00,221.29,221.46,221.01,221.2,0
2026-06-22 20:52:00+00:00,221.4599,221.48,221.03,221.48,0
2026-06-22 20:53:00+00:00,221.35,221.46,220.66,220.66,0
2026-06-22 20:54:00+00:00,220.66,220.66,220.48,220.48,0
2026-06-22 20:55:00+00:00,221.03,221.46,220.8,220.8,0
2026-06-22 20:56:00+00:00,220.5,220.5,220.5,220.5,0
2026-06-22 20:57:00+00:00,220.53,221.48,220.4,220.4,0
2026-06-22 20:58:00+00:00,220.5365,220.54,220.5365,220.54,0
2026-06-22 20:59:00+00:00,221.19,221.19,220.5,220.5,0
2026-06-22 21:00:00+00:00,220.73,220.7301,220.6,220.626,0
2026-06-22 21:01:00+00:00,221.33,221.33,220.8,220.8,0
2026-06-22 21:02:00+00:00,220.8,220.8098,220.8,220.8098,0
2026-06-22 21:03:00+00:00,221.28,221.89,221.16,221.88,0
2026-06-22 21:04:00+00:00,221.89,221.89,221.5281,221.5411,0
2026-06-22 21:05:00+00:00,221.19,221.65,220.96,221.0,0
2026-06-22 21:06:00+00:00,221.35,221.65,221.0,221.0,0
2026-06-22 21:07:00+00:00,221.35,221.5999,220.8935,220.8935,0
2026-06-22 21:08:00+00:00,221.09,221.21,221.0,221.0,0
2026-06-22 21:09:00+00:00,221.6,221.6,220.8,220.8,0
2026-06-22 21:10:00+00:00,221.4823,221.65,220.9105,221.65,0
2026-06-22 21:11:00+00:00,221.5485,221.5485,221.5485,221.5485,0
2026-06-22 21:12:00+00:00,221.65,221.65,220.8,221.65,0
2026-06-22 21:13:00+00:00,221.0,221.65,221.0,221.65,0
2026-06-22 21:14:00+00:00,221.43,221.5,221.43,221.46,0
2026-06-22 21:15:00+00:00,221.5,221.65,221.35,221.65,0
2026-06-22 21:16:00+00:00,221.35,221.45,221.35,221.4374,0
2026-06-22 21:17:00+00:00,221.44,221.45,221.35,221.45,0
2026-06-22 21:18:00+00:00,221.4,221.4,221.0753,221.0753,0
2026-06-22 21:19:00+00:00,221.0832,221.45,221.0832,221.45,0
2026-06-22 21:20:00+00:00,221.3915,221.44,221.0,221.0,0
2026-06-22 21:21:00+00:00,221.45,221.45,221.45,221.45,0
2026-06-22 21:22:00+00:00,221.44,221.45,221.32,221.32,0
2026-06-22 21:23:00+00:00,221.225,221.44,221.0,221.2,0
2026-06-22 21:24:00+00:00,221.44,221.45,221.0,221.0,0
2026-06-22 21:25:00+00:00,221.45,221.87,221.0,221.87,0
2026-06-22 21:26:00+00:00,221.7,221.8,221.7,221.79,0
2026-06-22 21:27:00+00:00,221.33,221.8,221.25,221.8,0
2026-06-22 21:28:00+00:00,221.11,221.7581,221.11,221.49,0
2026-06-22 21:29:00+00:00,221.8,221.8,221.8,221.8,0
2026-06-22 21:30:00+00:00,221.35,221.8,221.35,221.79,0
2026-06-22 21:31:00+00:00,221.25,221.25,221.25,221.25,0
2026-06-22 21:32:00+00:00,221.79,221.79,221.6899,221.78,0
2026-06-22 21:33:00+00:00,221.7533,221.7533,221.75,221.75,0
2026-06-22 21:34:00+00:00,221.79,221.79,221.75,221.79,0
2026-06-22 21:35:00+00:00,221.5,221.79,221.5,221.75,0
2026-06-22 21:36:00+00:00,221.6966,221.79,221.5,221.79,0
2026-06-22 21:37:00+00:00,221.5,221.79,221.1201,221.1201,0
2026-06-22 21:38:00+00:00,221.02,221.4,221.02,221.02,0
2026-06-22 21:39:00+00:00,221.41,221.6706,221.41,221.6706,0
2026-06-22 21:40:00+00:00,221.5,221.5,221.5,221.5,0
2026-06-22 21:41:00+00:00,221.5,221.5,221.25,221.25,0
2026-06-22 21:42:00+00:00,221.25,221.49,221.25,221.44,0
2026-06-22 21:43:00+00:00,221.45,221.45,221.44,221.44,0
2026-06-22 21:44:00+00:00,221.122,221.122,221.122,221.122,0
2026-06-22 21:45:00+00:00,221.0993,221.25,220.5,220.5001,0
2026-06-22 21:46:00+00:00,220.6777,220.7503,220.6777,220.75,0
2026-06-22 21:47:00+00:00,220.75,221.2702,220.5,220.99,0
2026-06-22 21:49:00+00:00,221.3052,221.3899,221.3052,221.3899,0
2026-06-22 21:50:00+00:00,221.19,221.19,221.19,221.19,0
2026-06-22 21:51:00+00:00,221.19,221.19,220.99,220.995,0
2026-06-22 21:52:00+00:00,220.99,221.0,220.62,221.0,0
2026-06-22 21:53:00+00:00,221.0,221.0,221.0,221.0,0
2026-06-22 21:54:00+00:00,221.0,221.0,220.89,220.89,0
2026-06-22 21:55:00+00:00,220.89,220.89,220.5,220.5,0
2026-06-22 21:56:00+00:00,220.9411,220.99,220.9411,220.99,0
2026-06-22 21:57:00+00:00,220.63,220.63,220.63,220.63,0
2026-06-22 21:58:00+00:00,220.6,220.6,220.6,220.6,0
2026-06-22 21:59:00+00:00,221.0,221.39,220.5,221.274,0
2026-06-22 22:00:00+00:00,220.85,221.2898,220.71,220.71,0
2026-06-22 22:01:00+00:00,221.0,221.9,220.97,221.28,0
2026-06-22 22:02:00+00:00,221.19,221.19,220.62,221.19,0
2026-06-22 22:03:00+00:00,220.77,221.76,220.77,221.76,0
2026-06-22 22:04:00+00:00,221.46,221.46,221.46,221.46,0
2026-06-22 22:05:00+00:00,221.65,221.7315,220.6203,221.46,0
2026-06-22 22:06:00+00:00,221.4,221.46,221.1,221.1,0
2026-06-22 22:07:00+00:00,221.08,221.9,220.63,221.9,0
2026-06-22 22:08:00+00:00,220.7,221.0,220.62,221.0,0
2026-06-22 22:09:00+00:00,221.0,221.76,220.65,221.3,0
2026-06-22 22:10:00+00:00,221.28,221.28,221.28,221.28,0
2026-06-22 22:11:00+00:00,221.28,221.28,221.28,221.28,0
2026-06-22 22:12:00+00:00,221.0767,221.0767,221.0767,221.0767,0
2026-06-22 22:13:00+00:00,221.5133,221.5133,221.0962,221.27,0
2026-06-22 22:14:00+00:00,221.0,221.3499,221.0,221.26,0
2026-06-22 22:15:00+00:00,221.35,221.35,221.14,221.34,0
2026-06-22 22:16:00+00:00,221.34,221.34,221.34,221.34,0
2026-06-22 22:17:00+00:00,221.34,221.34,221.14,221.34,0
2026-06-22 22:18:00+00:00,221.1737,221.35,221.1737,221.3045,0
2026-06-22 22:19:00+00:00,221.34,221.34,221.0,221.0,0
2026-06-22 22:20:00+00:00,220.91,220.9627,220.91,220.9627,0
2026-06-22 22:21:00+00:00,220.96,220.96,220.93,220.93,0
2026-06-22 22:22:00+00:00,220.93,220.93,220.93,220.93,0
2026-06-22 22:23:00+00:00,220.6955,220.7,220.6955,220.7,0
2026-06-22 22:24:00+00:00,220.99,221.0,220.7,221.0,0
2026-06-22 22:25:00+00:00,220.9671,221.0,220.7552,220.7552,0
2026-06-22 22:26:00+00:00,220.95,221.2,220.76,221.2,0
2026-06-22 22:27:00+00:00,220.92,221.6,220.92,221.27,0
2026-06-22 22:28:00+00:00,221.2,221.2,220.77,220.77,0
2026-06-22 22:29:00+00:00,220.75,220.78,220.75,220.78,0
2026-06-22 22:30:00+00:00,220.78,220.78,220.75,220.75,0
2026-06-22 22:31:00+00:00,221.1,221.1,220.5,220.6,0
2026-06-22 22:32:00+00:00,220.6,220.6,220.51,220.51,0
2026-06-22 22:33:00+00:00,220.5,221.38,220.39,220.39,0
2026-06-22 22:34:00+00:00,220.3682,221.38,220.01,221.2006,0
2026-06-22 22:35:00+00:00,220.2859,220.2859,220.1,220.1,0
2026-06-22 22:36:00+00:00,220.07,221.0,220.07,221.0,0
2026-06-22 22:37:00+00:00,220.0,220.4423,219.9981,219.9981,0
2026-06-22 22:38:00+00:00,219.8,220.5,219.5,220.5,0
2026-06-22 22:39:00+00:00,219.6213,220.47,219.6213,220.0,0
2026-06-22 22:40:00+00:00,220.0,220.5,219.65,220.4,0
2026-06-22 22:41:00+00:00,219.7543,220.0,219.7543,219.94,0
2026-06-22 22:42:00+00:00,219.95,220.22,219.94,219.94,0
2026-06-22 22:43:00+00:00,220.31,220.31,219.65,219.76,0
2026-06-22 22:44:00+00:00,220.29,220.4018,219.66,219.66,0
2026-06-22 22:45:00+00:00,219.67,220.4018,219.67,220.4018,0
2026-06-22 22:46:00+00:00,219.66,220.49,219.66,220.49,0
2026-06-22 22:47:00+00:00,220.49,220.49,220.32,220.32,0
2026-06-22 22:48:00+00:00,220.0,220.0,220.0,220.0,0
2026-06-22 22:49:00+00:00,220.5,220.5,220.5,220.5,0
2026-06-22 22:50:00+00:00,220.5,220.5,220.0,220.3,0
2026-06-22 22:51:00+00:00,219.7,220.44,219.7,220.396,0
2026-06-22 22:52:00+00:00,220.0,220.5,220.0,220.5,0
2026-06-22 22:53:00+00:00,220.39,220.5,220.39,220.3948,0
2026-06-22 22:54:00+00:00,220.0,220.0,220.0,220.0,0
2026-06-22 22:55:00+00:00,220.0,220.5,220.0,220.5,0
2026-06-22 22:56:00+00:00,220.48,220.48,220.48,220.48,0
2026-06-22 22:57:00+00:00,220.1,220.4899,220.1,220.4705,0
2026-06-22 22:59:00+00:00,220.48,220.48,220.48,220.48,0
2026-06-22 23:00:00+00:00,220.45,220.45,220.0,220.0,0
2026-06-22 23:01:00+00:00,220.1,220.5,220.1,220.2,0
2026-06-22 23:02:00+00:00,220.28,220.5,220.0,220.152,0
2026-06-22 23:03:00+00:00,220.15,220.15,220.15,220.15,0
2026-06-22 23:04:00+00:00,220.15,220.15,220.0874,220.0874,0
2026-06-22 23:05:00+00:00,220.0008,220.0008,220.0008,220.0008,0
2026-06-22 23:06:00+00:00,220.0998,220.0998,220.0998,220.0998,0
2026-06-22 23:07:00+00:00,220.1,220.1,220.0,220.0,0
2026-06-22 23:09:00+00:00,220.0887,220.0887,220.0,220.0,0
2026-06-22 23:10:00+00:00,220.0889,220.0889,220.0,220.0,0
2026-06-22 23:11:00+00:00,220.0688,220.0688,220.0,220.0,0
2026-06-22 23:12:00+00:00,219.91,219.91,219.87,219.87,0
2026-06-22 23:13:00+00:00,219.91,219.91,219.7,219.7,0
2026-06-22 23:15:00+00:00,219.66,219.76,219.26,219.76,0
2026-06-22 23:16:00+00:00,219.75,219.75,219.75,219.75,0
2026-06-22 23:17:00+00:00,219.48,219.48,219.48,219.48,0
2026-06-22 23:18:00+00:00,219.4332,219.48,219.4332,219.48,0
2026-06-22 23:19:00+00:00,219.48,219.48,219.0828,219.0828,0
2026-06-22 23:20:00+00:00,219.4,219.4,219.35,219.35,0
2026-06-22 23:21:00+00:00,219.2,219.72,219.005,219.72,0
2026-06-22 23:22:00+00:00,219.32,219.5,219.32,219.5,0
2026-06-22 23:23:00+00:00,219.5,219.87,219.3,219.87,0
2026-06-22 23:24:00+00:00,219.5,219.5,219.0,219.24,0
2026-06-22 23:25:00+00:00,220.0,220.0,219.2,219.2,0
2026-06-22 23:26:00+00:00,219.347,219.9751,219.26,219.9751,0
2026-06-22 23:27:00+00:00,219.97,219.97,219.3,219.3,0
2026-06-22 23:28:00+00:00,219.39,219.39,219.39,219.39,0
2026-06-22 23:29:00+00:00,219.25,220.2,219.25,219.36,0
2026-06-22 23:30:00+00:00,219.31,220.6,219.31,220.3019,0
2026-06-22 23:31:00+00:00,219.75,220.6,219.59,220.6,0
2026-06-22 23:32:00+00:00,219.81,220.16,219.8,219.8,0
2026-06-22 23:33:00+00:00,219.8,219.8,219.8,219.8,0
2026-06-22 23:34:00+00:00,220.0,220.26,219.8,220.0,0
2026-06-22 23:35:00+00:00,220.3,220.3,219.4,220.07,0
2026-06-22 23:36:00+00:00,220.2,220.2,220.1,220.1,0
2026-06-22 23:37:00+00:00,220.09,220.97,220.0,220.97,0
2026-06-22 23:38:00+00:00,220.1176,220.9,220.07,220.9,0
2026-06-22 23:39:00+00:00,220.1,220.6973,220.1,220.6973,0
2026-06-22 23:40:00+00:00,220.45,220.5446,220.15,220.5446,0
2026-06-22 23:41:00+00:00,220.4648,220.6,220.45,220.45,0
2026-06-22 23:42:00+00:00,220.43,220.45,220.4,220.42,0
2026-06-22 23:43:00+00:00,220.31,220.31,220.31,220.31,0
2026-06-22 23:44:00+00:00,220.45,221.0,220.3,220.38,0
2026-06-22 23:45:00+00:00,221.0,221.0,220.36,220.36,0
2026-06-22 23:46:00+00:00,220.38,220.38,220.3,220.3,0
2026-06-22 23:47:00+00:00,220.0,220.0,220.0,220.0,0
2026-06-22 23:48:00+00:00,219.9,220.5,219.9,220.41,0
2026-06-22 23:49:00+00:00,219.6,220.965,219.6,220.965,0
2026-06-22 23:50:00+00:00,220.97,221.0,220.0,221.0,0
2026-06-22 23:51:00+00:00,220.75,221.0,220.0,220.0,0
2026-06-22 23:52:00+00:00,220.5,220.5,220.5,220.5,0
2026-06-22 23:53:00+00:00,220.4,220.818,220.4,220.818,0
2026-06-22 23:54:00+00:00,220.0,221.0,219.96,220.35,0
2026-06-22 23:55:00+00:00,220.35,220.35,219.8,220.35,0
2026-06-22 23:56:00+00:00,221.0,221.0,219.97,219.97,0
2026-06-22 23:57:00+00:00,221.0,221.0,220.5,220.5,0
2026-06-22 23:58:00+00:00,221.0,221.0,221.0,221.0,0
2026-06-22 23:59:00+00:00,220.5,221.0,219.8,221.0,0
2026-06-23 08:00:00+00:00,210.0,219.05,209.22,210.3267,0
2026-06-23 08:01:00+00:00,209.93,219.11,209.0,209.92,0
2026-06-23 08:02:00+00:00,210.6793,216.87,210.0,210.36,0
2026-06-23 08:03:00+00:00,210.31,210.6,209.9,210.0,0
2026-06-23 08:04:00+00:00,210.3049,211.0,209.3,209.87,0
2026-06-23 08:05:00+00:00,209.87,211.39,209.52,210.05,0
2026-06-23 08:06:00+00:00,210.05,210.98,210.0,210.37,0
2026-06-23 08:07:00+00:00,210.0456,211.2881,210.0456,210.16,0
2026-06-23 08:08:00+00:00,210.2019,210.8,210.2019,210.8,0
2026-06-23 08:09:00+00:00,210.2399,211.33,210.16,210.16,0
2026-06-23 08:10:00+00:00,210.1798,210.8,210.16,210.17,0
2026-06-23 08:11:00+00:00,210.2763,210.3002,210.16,210.3002,0
2026-06-23 08:12:00+00:00,210.5,210.9583,210.2,210.3365,0
2026-06-23 08:13:00+00:00,210.78,219.01,209.57,210.2,0
2026-06-23 08:14:00+00:00,210.42,211.3017,210.2,211.0,0
2026-06-23 08:15:00+00:00,211.25,211.85,210.8,211.62,0
2026-06-23 08:16:00+00:00,211.16,211.16,210.242,210.242,0
2026-06-23 08:17:00+00:00,210.98,211.25,210.52,210.79,0
2026-06-23 08:18:00+00:00,210.79,210.8,210.2,210.5,0
2026-06-23 08:19:00+00:00,210.65,210.71,210.16,210.2539,0
2026-06-23 08:20:00+00:00,210.36,210.95,210.36,210.46,0
2026-06-23 08:21:00+00:00,210.8,210.8,210.16,210.16,0
2026-06-23 08:22:00+00:00,210.2058,211.0,210.16,210.72,0
2026-06-23 08:23:00+00:00,210.2,210.56,209.99,209.99,0
2026-06-23 08:24:00+00:00,209.99,209.99,209.0,209.39,0
2026-06-23 08:25:00+00:00,209.39,209.99,209.0,209.55,0
2026-06-23 08:26:00+00:00,209.55,209.55,209.1,209.1,0
2026-06-23 08:27:00+00:00,209.99,209.99,209.1,209.5,0
2026-06-23 08:28:00+00:00,209.1,209.99,209.1,209.46,0
2026-06-23 08:29:00+00:00,209.1,209.46,209.1,209.46,0
2026-06-23 08:30:00+00:00,209.47,210.0,209.1,209.1922,0
2026-06-23 08:31:00+00:00,209.6,209.6812,209.6,209.6812,0
2026-06-23 08:32:00+00:00,210.5,210.77,210.27,210.3736,0
2026-06-23 08:33:00+00:00,210.6,210.88,210.36,210.79,0
2026-06-23 08:34:00+00:00,210.71,211.0,210.1087,210.1087,0
2026-06-23 08:35:00+00:00,210.45,211.4581,210.01,211.4581,0
2026-06-23 08:36:00+00:00,210.56,211.28,210.4,210.84,0
2026-06-23 08:37:00+00:00,210.75,211.1,210.13,210.5,0
2026-06-23 08:38:00+00:00,210.53,211.0285,210.26,211.0285,0
2026-06-23 08:39:00+00:00,210.26,211.0,210.26,210.5,0
2026-06-23 08:40:00+00:00,210.5,211.2,210.5,211.2,0
2026-06-23 08:41:00+00:00,211.6,211.85,211.24,211.24,0
2026-06-23 08:42:00+00:00,211.45,212.0,210.9,210.9,0
2026-06-23 08:43:00+00:00,210.86,210.92,210.39,210.47,0
2026-06-23 08:44:00+00:00,211.37,211.37,210.45,210.45,0
2026-06-23 08:45:00+00:00,210.5885,210.93,210.48,210.5,0
2026-06-23 08:46:00+00:00,210.5,210.75,209.91,210.06,0
2026-06-23 08:47:00+00:00,210.45,210.5,209.8175,210.0261,0
2026-06-23 08:48:00+00:00,210.0,210.0,209.14,209.1412,0
2026-06-23 08:49:00+00:00,209.975,209.975,209.2047,209.2047,0
2026-06-23 08:50:00+00:00,209.0417,210.46,209.0417,209.98,0
2026-06-23 08:51:00+00:00,209.2074,210.0,209.2074,210.0,0
2026-06-23 08:52:00+00:00,210.0,210.0,209.2,209.2,0
2026-06-23 08:53:00+00:00,209.76,209.76,209.2671,209.2671,0
2026-06-23 08:54:00+00:00,210.4,210.4,209.2775,209.82,0
2026-06-23 08:55:00+00:00,209.29,210.3997,209.29,209.3,0
2026-06-23 08:56:00+00:00,209.32,209.32,208.18,208.4416,0
2026-06-23 08:57:00+00:00,210.0,210.0,208.43,208.58,0
2026-06-23 08:58:00+00:00,208.56,209.03,208.36,209.03,0
2026-06-23 08:59:00+00:00,209.86,210.3178,208.49,210.3178,0
2026-06-23 09:00:00+00:00,208.87,208.87,208.74,208.74,0
2026-06-23 09:01:00+00:00,208.9,210.22,208.9,210.22,0
2026-06-23 09:02:00+00:00,209.05,209.16,209.05,209.16,0
2026-06-23 09:03:00+00:00,209.1642,210.31,208.8,209.23,0
2026-06-23 09:04:00+00:00,209.49,210.2137,208.6416,209.49,0
2026-06-23 09:05:00+00:00,209.26,210.16,208.6,208.6,0
2026-06-23 09:06:00+00:00,209.1,210.16,209.1,209.9,0
2026-06-23 09:07:00+00:00,209.52,210.18,209.0,209.0,0
2026-06-23 09:08:00+00:00,209.13,209.59,208.72,208.72,0
2026-06-23 09:09:00+00:00,209.65,209.9,208.8,209.36,0
2026-06-23 09:10:00+00:00,209.0003,209.27,208.8,208.8,0
2026-06-23 09:11:00+00:00,209.0,210.0,209.0,210.0,0
2026-06-23 09:12:00+00:00,209.99,209.99,209.12,209.12,0
2026-06-23 09:13:00+00:00,209.45,210.0,209.18,209.98,0
2026-06-23 09:14:00+00:00,209.15,209.96,209.15,209.96,0
2026-06-23 09:15:00+00:00,209.4,209.94,209.19,209.31,0
2026-06-23 09:16:00+00:00,209.4,210.0,209.15,210.0,0
2026-06-23 09:17:00+00:00,209.13,209.99,208.5,208.5,0
2026-06-23 09:18:00+00:00,208.86,209.14,208.2,208.2722,0
2026-06-23 09:19:00+00:00,209.07,209.77,209.07,209.5433,0
2026-06-23 09:20:00+00:00,209.6,209.6,209.26,209.26,0
2026-06-23 09:21:00+00:00,209.38,209.6,209.26,209.2709,0
2026-06-23 09:22:00+00:00,209.7,210.01,209.7,209.99,0
2026-06-23 09:23:00+00:00,209.99,210.0,209.21,210.0,0
2026-06-23 09:24:00+00:00,210.5,210.74,210.5,210.74,0
2026-06-23 09:25:00+00:00,210.53,210.55,210.31,210.31,0
2026-06-23 09:26:00+00:00,210.4,210.45,210.2,210.41,0
2026-06-23 09:27:00+00:00,210.21,210.45,210.21,210.45,0
2026-06-23 09:28:00+00:00,210.8,210.8,210.4498,210.79,0
2026-06-23 09:30:00+00:00,210.5,210.5,210.5,210.5,0
2026-06-23 09:31:00+00:00,210.79,210.79,210.79,210.79,0
2026-06-23 09:32:00+00:00,210.72,210.7997,210.72,210.7997,0
2026-06-23 09:33:00+00:00,210.72,210.74,210.6,210.6,0
2026-06-23 09:34:00+00:00,210.6,210.74,210.57,210.74,0
2026-06-23 09:35:00+00:00,210.74,210.74,210.3,210.3,0
2026-06-23 09:36:00+00:00,210.8,210.8,210.3,210.3,0
2026-06-23 09:37:00+00:00,210.3,210.3,209.2,209.8,0
2026-06-23 09:38:00+00:00,210.4,210.4,209.4,209.4,0
2026-06-23 09:39:00+00:00,209.75,210.1,209.6,209.6,0
2026-06-23 09:40:00+00:00,209.88,209.88,209.6,209.803,0
2026-06-23 09:41:00+00:00,209.26,209.5571,209.08,209.5571,0
2026-06-23 09:42:00+00:00,209.56,209.56,209.0,209.2,0
2026-06-23 09:43:00+00:00,209.56,210.39,209.56,210.38,0
2026-06-23 09:44:00+00:00,209.64,210.39,209.64,210.39,0
2026-06-23 09:45:00+00:00,210.1983,210.1983,209.6412,209.6412,0
2026-06-23 09:46:00+00:00,209.7875,209.97,209.7875,209.97,0
2026-06-23 09:47:00+00:00,210.17,210.33,209.97,210.0,0
2026-06-23 09:48:00+00:00,209.9035,209.9035,209.9035,209.9035,0
2026-06-23 09:49:00+00:00,209.0,209.6,209.0,209.0,0
2026-06-23 09:50:00+00:00,209.0,209.16,209.0,209.16,0
2026-06-23 09:51:00+00:00,209.0,209.84,209.0,209.16,0
2026-06-23 09:52:00+00:00,209.87,209.98,209.59,209.87,0
2026-06-23 09:53:00+00:00,209.23,209.23,209.0,209.0,0
2026-06-23 09:54:00+00:00,208.6,208.6,208.6,208.6,0
2026-06-23 09:55:00+00:00,209.4,209.7705,209.36,209.7705,0
2026-06-23 09:56:00+00:00,209.7604,209.7604,209.7604,209.7604,0
2026-06-23 09:57:00+00:00,209.76,209.76,209.7,209.7,0
2026-06-23 09:58:00+00:00,209.67,209.76,209.51,209.56,0
2026-06-23 09:59:00+00:00,209.56,209.56,209.56,209.56,0
2026-06-23 10:00:00+00:00,209.78,209.78,209.78,209.78,0
2026-06-23 10:01:00+00:00,209.5,209.5,209.01,209.01,0
2026-06-23 10:03:00+00:00,209.31,209.31,209.31,209.31,0
2026-06-23 10:04:00+00:00,209.31,209.38,209.24,209.38,0
2026-06-23 10:05:00+00:00,209.7385,209.7385,208.61,208.63,0
2026-06-23 10:06:00+00:00,208.75,208.88,208.5,208.5,0
2026-06-23 10:07:00+00:00,208.5,209.0,208.5,208.97,0
2026-06-23 10:08:00+00:00,208.8866,208.8866,208.71,208.71,0
2026-06-23 10:09:00+00:00,208.49,208.49,208.49,208.49,0
2026-06-23 10:10:00+00:00,209.9535,209.9535,208.49,208.5,0
2026-06-23 10:11:00+00:00,208.5,208.5,208.35,208.35,0
2026-06-23 10:12:00+00:00,208.3,208.65,208.3,208.65,0
2026-06-23 10:14:00+00:00,208.32,208.428,208.3,208.428,0
2026-06-23 10:16:00+00:00,208.73,208.73,208.3,208.37,0
2026-06-23 10:17:00+00:00,208.5,208.5,208.35,208.35,0
2026-06-23 10:18:00+00:00,208.37,208.5,208.2,208.2,0
2026-06-23 10:19:00+00:00,208.1,208.29,208.1,208.2,0
2026-06-23 10:20:00+00:00,208.29,208.66,208.0,208.66,0
2026-06-23 10:21:00+00:00,208.72,208.72,208.5,208.5,0
2026-06-23 10:22:00+00:00,208.5,208.5,208.5,208.5,0
2026-06-23 10:23:00+00:00,208.21,208.22,208.21,208.21,0
2026-06-23 10:24:00+00:00,208.0,208.2775,207.38,207.84,0
2026-06-23 10:26:00+00:00,207.6,208.361,207.38,208.361,0
2026-06-23 10:27:00+00:00,207.04,207.776,207.0,207.32,0
2026-06-23 10:28:00+00:00,207.07,207.765,206.99,207.2,0
2026-06-23 10:29:00+00:00,207.2,207.2,207.0,207.0,0
2026-06-23 10:30:00+00:00,206.98,207.05,206.91,207.0,0
2026-06-23 10:31:00+00:00,206.81,206.9455,206.81,206.81,0
2026-06-23 10:32:00+00:00,206.85,207.01,206.4449,206.92,0
2026-06-23 10:33:00+00:00,206.85,207.1,206.78,207.0,0
2026-06-23 10:34:00+00:00,206.57,206.975,206.57,206.97,0
2026-06-23 10:35:00+00:00,206.57,206.8462,206.0,206.57,0
2026-06-23 10:36:00+00:00,206.4739,206.97,206.39,206.39,0
2026-06-23 10:37:00+00:00,206.68,206.936,206.01,206.936,0
2026-06-23 10:38:00+00:00,206.71,207.18,206.62,207.18,0
2026-06-23 10:39:00+00:00,207.02,207.02,207.02,207.02,0
2026-06-23 10:40:00+00:00,207.03,208.1525,207.02,207.02,0
2026-06-23 10:41:00+00:00,206.97,207.3,206.3671,206.3671,0
2026-06-23 10:42:00+00:00,206.3,206.3872,205.5,205.5,0
2026-06-23 10:43:00+00:00,205.98,206.96,205.5,206.83,0
2026-06-23 10:44:00+00:00,206.1024,207.0,206.0,207.0,0
2026-06-23 10:45:00+00:00,206.4,206.82,206.4,206.82,0
2026-06-23 10:46:00+00:00,207.1,207.1,207.1,207.1,0
2026-06-23 10:47:00+00:00,206.4,207.12,206.4,207.12,0
2026-06-23 10:48:00+00:00,207.1,207.4,206.4,207.3144,0
2026-06-23 10:49:00+00:00,207.31,207.31,207.31,207.31,0
2026-06-23 10:50:00+00:00,207.14,207.14,207.14,207.14,0
2026-06-23 10:51:00+00:00,207.4,207.4,207.32,207.32,0
2026-06-23 10:52:00+00:00,207.5,207.5,206.6,207.3652,0
2026-06-23 10:53:00+00:00,207.4775,207.4775,207.4775,207.4775,0
2026-06-23 10:54:00+00:00,207.34,207.4,206.6,207.36,0
2026-06-23 10:55:00+00:00,207.15,207.5,207.15,207.5,0
2026-06-23 10:56:00+00:00,207.6,207.77,207.6,207.77,0
2026-06-23 10:57:00+00:00,207.77,207.77,207.77,207.77,0
2026-06-23 10:58:00+00:00,208.0,208.53,208.0,208.31,0
2026-06-23 10:59:00+00:00,208.4,208.4,208.27,208.27,0
2026-06-23 11:00:00+00:00,208.5,208.8,207.19,208.48,0
2026-06-23 11:01:00+00:00,208.32,208.8,207.8,207.99,0
2026-06-23 11:02:00+00:00,208.48,208.6,208.0,208.55,0
2026-06-23 11:03:00+00:00,208.2,208.55,208.01,208.3,0
2026-06-23 11:04:00+00:00,208.01,208.55,207.71,207.71,0
2026-06-23 11:05:00+00:00,207.99,207.99,207.05,207.11,0
2026-06-23 11:06:00+00:00,207.2746,208.0,207.2746,207.98,0
2026-06-23 11:07:00+00:00,207.3041,208.7685,207.1,208.08,0
2026-06-23 11:08:00+00:00,207.54,208.45,207.54,208.4,0
2026-06-23 11:09:00+00:00,208.01,208.48,208.0,208.3,0
2026-06-23 11:10:00+00:00,208.3,208.8,208.0,208.68,0
2026-06-23 11:11:00+00:00,208.48,208.8,208.2,208.696,0
2026-06-23 11:12:00+00:00,208.22,208.6509,208.1,208.3,0
2026-06-23 11:13:00+00:00,208.0,208.5,208.0,208.0,0
2026-06-23 11:14:00+00:00,208.49,208.8,208.23,208.8,0
2026-06-23 11:15:00+00:00,208.5,209.2,208.37,208.7,0
2026-06-23 11:16:00+00:00,209.175,209.175,208.21,208.5,0
2026-06-23 11:17:00+00:00,208.5,208.6,208.0,208.6,0
2026-06-23 11:18:00+00:00,208.16,208.5,208.0,208.2,0
2026-06-23 11:19:00+00:00,208.34,208.8,208.1012,208.5,0
2026-06-23 11:20:00+00:00,208.4,208.8,207.66,208.37,0
2026-06-23 11:21:00+00:00,208.2,208.8057,207.2,207.5,0
2026-06-23 11:22:00+00:00,207.5,208.9587,207.5,208.5,0
2026-06-23 11:23:00+00:00,208.0,208.53,208.0,208.0687,0
2026-06-23 11:24:00+00:00,208.47,208.53,208.0,208.4741,0
2026-06-23 11:25:00+00:00,208.17,208.53,208.0,208.0,0
2026-06-23 11:26:00+00:00,208.0,208.5,208.0,208.0,0
2026-06-23 11:27:00+00:00,208.08,208.5,207.7,208.5,0
2026-06-23 11:28:00+00:00,208.14,208.24,207.25,207.5,0
2026-06-23 11:29:00+00:00,208.2,208.22,207.1,207.79,0
2026-06-23 11:30:00+00:00,207.1,208.2758,207.1,207.1,0
2026-06-23 11:31:00+00:00,208.0,208.5,207.2,207.2,0
2026-06-23 11:32:00+00:00,207.58,208.28,207.3144,208.0,0
2026-06-23 11:33:00+00:00,208.28,208.5042,207.7822,208.5042,0
2026-06-23 11:34:00+00:00,208.4161,208.53,207.8,208.4082,0
2026-06-23 11:35:00+00:00,208.26,208.53,208.26,208.4611,0
2026-06-23 11:36:00+00:00,208.0,208.47,208.0,208.1203,0
2026-06-23 11:37:00+00:00,208.18,208.2,207.8,208.2,0
2026-06-23 11:38:00+00:00,208.2,208.5,207.7413,208.5,0
2026-06-23 11:39:00+00:00,208.49,208.72,208.4,208.5461,0
2026-06-23 11:40:00+00:00,208.1,208.7199,208.08,208.3882,0
2026-06-23 11:41:00+00:00,208.33,208.4,208.05,208.25,0
2026-06-23 11:42:00+00:00,208.24,208.25,208.05,208.05,0
2026-06-23 11:43:00+00:00,208.3079,208.4,208.01,208.4,0
2026-06-23 11:44:00+00:00,208.11,208.4,208.0,208.0,0
2026-06-23 11:45:00+00:00,208.052,208.4,207.63,207.8,0
2026-06-23 11:46:00+00:00,207.8,208.4,207.5,208.1,0
2026-06-23 11:47:00+00:00,208.1,208.4,207.41,208.0,0
2026-06-23 11:48:00+00:00,207.5,208.2934,207.5,208.0,0
2026-06-23 11:49:00+00:00,208.4,208.4,207.58,208.0,0
2026-06-23 11:50:00+00:00,208.0,208.4,208.0,208.4,0
2026-06-23 11:51:00+00:00,208.22,208.4,207.7253,208.06,0
2026-06-23 11:52:00+00:00,208.18,208.49,207.7344,208.49,0
2026-06-23 11:53:00+00:00,208.41,208.5,208.1,208.49,0
2026-06-23 11:54:00+00:00,208.15,208.72,208.15,208.5,0
2026-06-23 11:55:00+00:00,208.5869,208.72,208.21,208.5,0
2026-06-23 11:56:00+00:00,208.5,208.72,208.18,208.72,0
2026-06-23 11:57:00+00:00,208.22,208.72,208.21,208.46,0
2026-06-23 11:58:00+00:00,208.44,209.0,208.3068,208.8,0
2026-06-23 11:59:00+00:00,208.8,208.9,208.5,208.5,0
2026-06-23 12:00:00+00:00,208.7078,208.79,208.15,208.7515,0
2026-06-23 12:01:00+00:00,208.5,209.0,208.1,208.96,0
2026-06-23 12:02:00+00:00,208.55,209.0,208.55,208.92,0
2026-06-23 12:03:00+00:00,208.9201,209.0,208.6,208.6,0
2026-06-23 12:04:00+00:00,208.95,209.0,208.6,208.99,0
2026-06-23 12:05:00+00:00,208.5,208.5,208.1,208.1,0
2026-06-23 12:06:00+00:00,208.7,208.7,208.11,208.69,0
2026-06-23 12:07:00+00:00,208.6999,208.6999,208.1,208.5698,0
2026-06-23 12:08:00+00:00,208.5836,208.6,208.1,208.4,0
2026-06-23 12:09:00+00:00,208.2,208.3,208.0,208.24,0
2026-06-23 12:10:00+00:00,208.11,208.69,208.0,208.5145,0
2026-06-23 12:11:00+00:00,208.09,208.7,208.0,208.03,0
2026-06-23 12:12:00+00:00,208.0,208.68,207.95,208.68,0
2026-06-23 12:13:00+00:00,207.89,208.07,207.5,207.8,0
2026-06-23 12:14:00+00:00,207.8,208.0,207.6,207.7,0
2026-06-23 12:15:00+00:00,208.26,208.68,208.0,208.0884,0
2026-06-23 12:16:00+00:00,208.129,208.68,208.07,208.3425,0
2026-06-23 12:17:00+00:00,208.34,208.68,207.5,208.68,0
2026-06-23 12:18:00+00:00,208.0,208.07,207.5,207.93,0
2026-06-23 12:19:00+00:00,208.0,208.0,207.74,207.97,0
2026-06-23 12:20:00+00:00,207.93,208.05,207.5,207.5,0
2026-06-23 12:21:00+00:00,207.73,208.0,207.25,207.5,0
2026-06-23 12:22:00+00:00,207.5,208.0,207.25,207.26,0
2026-06-23 12:23:00+00:00,207.5,207.9,207.25,207.75,0
2026-06-23 12:24:00+00:00,208.0,208.0,207.5,208.0,0
2026-06-23 12:25:00+00:00,207.63,207.63,207.26,207.27,0
2026-06-23 12:26:00+00:00,207.35,207.88,207.35,207.8471,0
2026-06-23 12:27:00+00:00,207.67,207.7458,207.27,207.3559,0
2026-06-23 12:28:00+00:00,207.6,208.0,207.2625,207.3645,0
2026-06-23 12:29:00+00:00,208.2,208.2,207.55,207.68,0
2026-06-23 12:30:00+00:00,207.9,207.9,207.505,207.8,0
2026-06-23 12:31:00+00:00,207.3511,207.9,207.26,207.8,0
2026-06-23 12:32:00+00:00,207.8,207.9,207.3,207.3,0
2026-06-23 12:33:00+00:00,207.7467,207.9,207.27,207.7,0
2026-06-23 12:34:00+00:00,207.3953,207.3953,207.0,207.147,0
2026-06-23 12:35:00+00:00,206.76,207.25,206.2,206.57,0
2026-06-23 12:36:00+00:00,206.8104,207.0,206.304,206.5,0
2026-06-23 12:37:00+00:00,206.6,206.935,206.5,206.69,0
2026-06-23 12:38:00+00:00,206.75,207.0,206.5,206.67,0
2026-06-23 12:39:00+00:00,206.63,206.99,206.5,206.67,0
2026-06-23 12:40:00+00:00,206.5,207.22,206.5,207.11,0
2026-06-23 12:41:00+00:00,207.02,207.29,207.0,207.0,0
2026-06-23 12:42:00+00:00,206.7855,207.3546,206.7855,207.3,0
2026-06-23 12:43:00+00:00,207.08,207.43,206.8501,207.43,0
2026-06-23 12:44:00+00:00,207.3,207.3998,206.88,207.1425,0
2026-06-23 12:45:00+00:00,207.111,207.15,206.85,206.85,0
2026-06-23 12:46:00+00:00,206.85,207.106,206.85,206.85,0
2026-06-23 12:47:00+00:00,206.85,207.43,206.8,206.85,0
2026-06-23 12:48:00+00:00,207.0,207.3741,206.85,207.3,0
2026-06-23 12:49:00+00:00,207.01,207.43,207.0,207.0613,0
2026-06-23 12:50:00+00:00,207.0224,207.43,206.67,206.67,0
2026-06-23 12:51:00+00:00,206.5,207.0,206.2,206.2,0
2026-06-23 12:52:00+00:00,207.43,207.43,206.2,206.77,0
2026-06-23 12:53:00+00:00,206.2,207.184,206.2,206.2,0
2026-06-23 12:54:00+00:00,206.82,206.82,206.411,206.75,0
2026-06-23 12:55:00+00:00,207.0,207.0,206.502,206.8374,0
2026-06-23 12:56:00+00:00,206.8,206.99,206.6,206.7,0
2026-06-23 12:57:00+00:00,206.691,206.922,206.691,206.8,0
2026-06-23 12:58:00+00:00,207.05,207.4,206.89,206.98,0
2026-06-23 12:59:00+00:00,206.81,207.0,206.81,207.0,0
2026-06-23 13:00:00+00:00,207.0,207.34,206.8,206.8,0
2026-06-23 13:01:00+00:00,206.9,207.4,206.2,206.51,0
2026-06-23 13:02:00+00:00,206.5,207.2,206.2,206.4,0
2026-06-23 13:03:00+00:00,206.45,207.0,206.2,206.67,0
2026-06-23 13:04:00+00:00,206.02,207.0,206.0,206.3,0
2026-06-23 13:05:00+00:00,206.3,206.8,206.01,206.02,0
2026-06-23 13:06:00+00:00,206.26,206.5,205.5,205.75,0
2026-06-23 13:07:00+00:00,205.58,205.75,205.0,205.3,0
2026-06-23 13:08:00+00:00,205.0,206.0,205.0,205.67,0
2026-06-23 13:09:00+00:00,205.45,205.9592,205.01,205.763,0
2026-06-23 13:10:00+00:00,205.51,205.88,205.01,205.01,0
2026-06-23 13:11:00+00:00,205.9,206.0,205.05,205.6,0
2026-06-23 13:12:00+00:00,205.879,207.0,205.6,206.91,0
2026-06-23 13:13:00+00:00,206.2488,207.4,206.0,207.2,0
2026-06-23 13:14:00+00:00,206.56,206.99,206.56,206.9373,0
2026-06-23 13:15:00+00:00,206.99,206.99,206.11,206.2157,0
2026-06-23 13:16:00+00:00,206.1598,206.56,206.1,206.4602,0
2026-06-23 13:17:00+00:00,206.507,206.99,206.1,206.81,0
2026-06-23 13:18:00+00:00,207.0,207.4,206.84,207.0,0
2026-06-23 13:19:00+00:00,207.0,207.75,206.84,207.74,0
2026-06-23 13:20:00+00:00,207.4,208.4,207.01,207.84,0
2026-06-23 13:21:00+00:00,207.73,208.4,207.0513,208.11,0
2026-06-23 13:22:00+00:00,208.11,208.36,207.56,207.775,0
2026-06-23 13:23:00+00:00,208.0,208.5,207.95,208.14,0
2026-06-23 13:24:00+00:00,207.99,208.0,207.5,207.77,0
2026-06-23 13:25:00+00:00,207.75,208.5,207.6,207.855,0
2026-06-23 13:26:00+00:00,208.36,208.36,207.6,208.0,0
2026-06-23 13:27:00+00:00,207.9,207.99,206.19,207.65,0
2026-06-23 13:28:00+00:00,206.41,207.11,206.28,206.95,0
2026-06-23 13:29:00+00:00,206.69,208.0,206.47,208.0,0
2026-06-23 13:30:00+00:00,207.33999633789062,207.85000610351562,203.60000610351562,204.40499877929688,1080427
2026-06-23 13:31:00+00:00,204.40499877929688,207.5399932861328,204.35000610351562,207.39999389648438,148405
2026-06-23 13:32:00+00:00,207.53199768066406,208.0399932861328,206.08999633789062,206.69500732421875,191880
2026-06-23 13:33:00+00:00,206.7050018310547,207.5500030517578,205.3249969482422,205.58999633789062,136671
2026-06-23 13:34:00+00:00,205.55999755859375,206.8699951171875,205.44000244140625,206.0850067138672,116182
2026-06-23 13:35:00+00:00,206.0850067138672,206.25,204.24000549316406,204.3300018310547,119406
2026-06-23 13:36:00+00:00,204.3300018310547,204.50999450683594,202.3000030517578,202.6999969482422,191748
2026-06-23 13:37:00+00:00,202.6999969482422,203.77999877929688,202.02000427246094,202.48500061035156,241384
2026-06-23 13:38:00+00:00,202.48500061035156,203.5,202.48500061035156,203.1999969482422,147217
2026-06-23 13:39:00+00:00,203.1300048828125,204.2100067138672,203.0,203.32000732421875,101815
2026-06-23 13:40:00+00:00,203.27999877929688,205.4600067138672,202.91000366210938,205.0800018310547,143631
2026-06-23 13:41:00+00:00,205.11000061035156,205.39999389648438,203.7050018310547,203.9949951171875,132893
2026-06-23 13:42:00+00:00,203.75,204.3699951171875,203.0800018310547,203.4600067138672,150998
2026-06-23 13:43:00+00:00,203.33999633789062,203.73989868164062,202.5500030517578,202.8699951171875,80605
2026-06-23 13:44:00+00:00,202.94000244140625,203.3350067138672,202.5500946044922,202.5500946044922,57550
2026-06-23 13:45:00+00:00,202.80999755859375,203.5749969482422,202.62269592285156,203.05999755859375,56032
2026-06-23 13:46:00+00:00,203.31500244140625,203.58999633789062,202.3699951171875,202.75509643554688,70475
2026-06-23 13:47:00+00:00,202.72999572753906,203.52000427246094,202.39999389648438,202.9600067138672,153691
2026-06-23 13:48:00+00:00,202.91000366210938,203.74000549316406,202.8000030517578,203.27999877929688,94642
2026-06-23 13:49:00+00:00,203.27999877929688,203.5800018310547,202.5800018310547,202.73500061035156,107785
2026-06-23 13:50:00+00:00,202.74000549316406,204.00799560546875,202.74000549316406,203.94000244140625,158332
2026-06-23 13:51:00+00:00,203.93499755859375,204.91000366210938,203.71499633789062,204.76499938964844,71378
2026-06-23 13:52:00+00:00,204.75,205.50999450683594,204.3000030517578,205.36500549316406,101194
2026-06-23 13:53:00+00:00,205.3625030517578,205.50999450683594,204.55999755859375,204.69000244140625,71907
2026-06-23 13:54:00+00:00,204.78990173339844,205.7899932861328,204.77499389648438,205.0399932861328,93056
2026-06-23 13:55:00+00:00,205.1699981689453,206.57000732421875,205.0800018310547,206.14999389648438,127891
2026-06-23 13:56:00+00:00,206.16000366210938,206.5,205.19000244140625,205.6197967529297,80148
2026-06-23 13:57:00+00:00,205.68499755859375,207.0800018310547,205.68499755859375,206.5,101236
2026-06-23 13:58:00+00:00,206.6699981689453,207.35000610351562,206.5800018310547,207.1199951171875,131999
2026-06-23 13:59:00+00:00,207.10000610351562,208.1199951171875,207.0800018310547,207.7100067138672,96895
2026-06-23 14:00:00+00:00,207.66000366210938,208.33999633789062,207.38999938964844,208.125,100368
2026-06-23 14:01:00+00:00,208.125,209.1699981689453,208.09500122070312,208.74000549316406,100718
2026-06-23 14:02:00+00:00,208.44000244140625,208.94000244140625,208.13499450683594,208.6199951171875,58934
2026-06-23 14:03:00+00:00,208.75,209.17999267578125,207.35000610351562,207.5850067138672,100296
2026-06-23 14:04:00+00:00,207.5800018310547,208.52000427246094,207.5800018310547,207.96499633789062,63683
2026-06-23 14:05:00+00:00,207.84500122070312,208.11000061035156,207.00999450683594,207.1649932861328,49100
2026-06-23 14:06:00+00:00,207.1649932861328,207.72000122070312,206.36000061035156,206.4853973388672,50468
2026-06-23 14:07:00+00:00,206.89990234375,207.74000549316406,206.4550018310547,206.8000030517578,70666
2026-06-23 14:08:00+00:00,206.88009643554688,207.22500610351562,206.63999938964844,206.75,28018
2026-06-23 14:09:00+00:00,206.85499572753906,208.1999969482422,206.71499633789062,207.83999633789062,53471
2026-06-23 14:10:00+00:00,207.97000122070312,208.42999267578125,207.46009826660156,207.8699951171875,52713
2026-06-23 14:11:00+00:00,207.80499267578125,207.97999572753906,206.87010192871094,207.14999389648438,49590
2026-06-23 14:12:00+00:00,206.91000366210938,207.38999938964844,206.69000244140625,206.99000549316406,34373
2026-06-23 14:13:00+00:00,207.2100067138672,207.64999389648438,207.05999755859375,207.24899291992188,59790
2026-06-23 14:14:00+00:00,207.24000549316406,207.4949951171875,206.92999267578125,207.1999969482422,43444
2026-06-23 14:15:00+00:00,207.2100067138672,207.35000610351562,205.8000030517578,205.83999633789062,60910
2026-06-23 14:16:00+00:00,205.83999633789062,206.8300018310547,205.79519653320312,206.8300018310547,34007
2026-06-23 14:17:00+00:00,206.72999572753906,206.7899932861328,206.38999938964844,206.6999969482422,23553
2026-06-23 14:18:00+00:00,206.52000427246094,206.9499969482422,206.35009765625,206.66000366210938,28560
2026-06-23 14:19:00+00:00,206.6999969482422,206.8000030517578,205.9600067138672,206.67999267578125,32181
2026-06-23 14:20:00+00:00,206.85000610351562,207.52000427246094,206.5399932861328,207.4550018310547,24651
2026-06-23 14:21:00+00:00,207.4550018310547,207.6199951171875,206.6649932861328,206.79989624023438,39312
2026-06-23 14:22:00+00:00,206.6999969482422,206.9499969482422,206.1699981689453,206.1699981689453,20320
2026-06-23 14:23:00+00:00,206.1699981689453,207.44000244140625,206.15499877929688,207.2899932861328,24542
2026-06-23 14:24:00+00:00,207.1300048828125,207.25999450683594,206.3699951171875,206.47000122070312,31906
2026-06-23 14:25:00+00:00,206.67999267578125,206.77999877929688,206.1199951171875,206.1199951171875,16860
2026-06-23 14:26:00+00:00,206.1199951171875,206.1300048828125,205.5399932861328,205.96499633789062,23719
2026-06-23 14:27:00+00:00,206.08999633789062,206.30999755859375,205.67010498046875,205.83999633789062,43872
2026-06-23 14:28:00+00:00,205.75,205.83999633789062,205.0,205.5,48768
2026-06-23 14:29:00+00:00,205.4250030517578,205.83999633789062,205.25999450683594,205.57000732421875,26337
2026-06-23 14:30:00+00:00,205.47500610351562,205.75999450683594,205.0800018310547,205.4499969482422,41480
2026-06-23 14:31:00+00:00,205.4499969482422,205.5500030517578,204.77999877929688,204.82000732421875,32769
2026-06-23 14:32:00+00:00,204.78500366210938,204.78500366210938,204.11000061035156,204.16000366210938,42068
2026-06-23 14:33:00+00:00,204.2899932861328,204.7899932861328,204.25999450683594,204.52999877929688,40547
2026-06-23 14:34:00+00:00,204.55499267578125,205.16000366210938,204.38999938964844,205.02999877929688,29590
2026-06-23 14:35:00+00:00,205.00999450683594,205.1999969482422,204.82000732421875,205.0,27321
2026-06-23 14:36:00+00:00,205.17999267578125,206.10000610351562,204.91000366210938,205.5299072265625,54843
2026-06-23 14:37:00+00:00,205.4499969482422,205.57000732421875,204.7100067138672,205.02000427246094,44301
2026-06-23 14:38:00+00:00,205.02999877929688,205.02999877929688,204.02999877929688,204.07000732421875,37717
2026-06-23 14:39:00+00:00,204.07510375976562,204.30999755859375,203.75,203.75,53838
2026-06-23 14:40:00+00:00,203.83999633789062,203.99000549316406,203.35000610351562,203.50999450683594,59320
2026-06-23 14:41:00+00:00,203.625,203.625,203.0,203.16000366210938,58292
2026-06-23 14:42:00+00:00,203.05999755859375,203.25489807128906,202.69000244140625,203.0449981689453,76070
2026-06-23 14:43:00+00:00,203.0843048095703,203.0843048095703,202.64999389648438,202.8350067138672,50975
2026-06-23 14:44:00+00:00,202.94000244140625,202.94000244140625,201.7100067138672,201.93499755859375,162348
2026-06-23 14:45:00+00:00,201.94000244140625,202.11000061035156,201.2100067138672,201.24000549316406,130626
2026-06-23 14:46:00+00:00,201.31500244140625,201.5500030517578,200.6199951171875,200.7949981689453,137535
2026-06-23 14:47:00+00:00,200.7949981689453,200.7949981689453,200.0800018310547,200.14999389648438,205891
2026-06-23 14:48:00+00:00,200.13999938964844,200.5,199.4499969482422,199.4499969482422,442869
2026-06-23 14:49:00+00:00,199.6300048828125,199.97500610351562,199.14999389648438,199.60000610351562,244632
2026-06-23 14:50:00+00:00,199.61000061035156,199.74000549316406,198.80999755859375,199.6699981689453,147193
2026-06-23 14:51:00+00:00,199.72000122070312,200.49000549316406,199.7030029296875,200.2698974609375,128010
2026-06-23 14:52:00+00:00,200.2698974609375,200.2698974609375,199.41000366210938,199.66000366210938,122849
2026-06-23 14:53:00+00:00,199.69500732421875,199.75999450683594,198.89500427246094,199.5800018310547,67239
2026-06-23 14:54:00+00:00,199.63499450683594,199.66000366210938,199.2100067138672,199.61000061035156,32632
2026-06-23 14:55:00+00:00,199.5449981689453,199.85000610351562,199.22509765625,199.75999450683594,41506
2026-06-23 14:56:00+00:00,199.85000610351562,200.58999633789062,199.85000610351562,200.02999877929688,62851
2026-06-23 14:57:00+00:00,200.0,200.4080047607422,199.7899932861328,199.99000549316406,33260
2026-06-23 14:58:00+00:00,199.86000061035156,199.89999389648438,199.0800018310547,199.26499938964844,52747
2026-06-23 14:59:00+00:00,199.33999633789062,199.8300018310547,199.2100067138672,199.67999267578125,43364
2026-06-23 15:00:00+00:00,199.67999267578125,200.07789611816406,199.50999450683594,199.86000061035156,63581
2026-06-23 15:01:00+00:00,199.88499450683594,200.23989868164062,199.6529998779297,200.110107421875,50756
2026-06-23 15:02:00+00:00,200.1750030517578,200.47799682617188,200.0,200.25,28475
2026-06-23 15:03:00+00:00,200.2050018310547,200.5334930419922,199.75,199.8699951171875,105712
2026-06-23 15:04:00+00:00,199.9499969482422,200.33999633789062,199.7899932861328,200.3000030517578,46460
2026-06-23 15:05:00+00:00,200.0749969482422,200.5,199.50010681152344,199.50010681152344,40660
2026-06-23 15:06:00+00:00,199.60000610351562,199.69000244140625,199.2200927734375,199.3000030517578,50125
2026-06-23 15:07:00+00:00,199.3800048828125,200.0500030517578,199.25999450683594,200.0399932861328,42920
2026-06-23 15:08:00+00:00,199.97999572753906,200.0500030517578,199.0,199.35000610351562,90749
2026-06-23 15:09:00+00:00,199.3000030517578,199.64559936523438,199.0500030517578,199.63400268554688,44203
2026-06-23 15:10:00+00:00,199.64999389648438,199.91000366210938,199.25,199.6199951171875,47524
2026-06-23 15:11:00+00:00,199.6999969482422,200.00999450683594,199.50999450683594,199.52000427246094,48265
2026-06-23 15:12:00+00:00,199.6407928466797,199.7100067138672,199.25999450683594,199.64999389648438,33495
2026-06-23 15:13:00+00:00,199.625,199.625,198.93499755859375,199.26499938964844,59514
2026-06-23 15:14:00+00:00,199.3300018310547,199.55999755859375,199.2949981689453,199.4600067138672,30187
2026-06-23 15:15:00+00:00,199.36000061035156,199.5,198.80999755859375,198.89999389648438,57792
2026-06-23 15:16:00+00:00,198.99000549316406,198.99000549316406,198.57000732421875,198.6999969482422,45697
2026-06-23 15:17:00+00:00,198.85000610351562,199.0,198.57009887695312,198.9199981689453,33912
2026-06-23 15:18:00+00:00,198.9199981689453,198.9199981689453,198.48500061035156,198.52000427246094,35603
2026-06-23 15:19:00+00:00,198.44020080566406,198.89999389648438,198.44000244140625,198.52999877929688,48545
2026-06-23 15:20:00+00:00,198.51499938964844,199.44000244140625,198.47000122070312,199.2899932861328,35094
2026-06-23 15:21:00+00:00,199.27999877929688,199.5,199.0,199.0800018310547,30894
2026-06-23 15:22:00+00:00,199.16000366210938,199.3699951171875,199.13999938964844,199.2301025390625,22053
2026-06-23 15:23:00+00:00,199.22999572753906,199.3300018310547,198.8000030517578,198.8000030517578,61773
2026-06-23 15:24:00+00:00,198.85499572753906,199.0500030517578,198.58999633789062,199.0500030517578,52179
2026-06-23 15:25:00+00:00,199.05999755859375,199.25,198.91000366210938,199.19000244140625,47397
2026-06-23 15:26:00+00:00,199.3000030517578,199.9199981689453,199.2449951171875,199.63580322265625,43844
2026-06-23 15:27:00+00:00,199.6060028076172,199.80999755859375,199.13009643554688,199.13009643554688,16947
2026-06-23 15:28:00+00:00,199.27499389648438,199.30499267578125,199.02999877929688,199.22000122070312,43058
2026-06-23 15:29:00+00:00,199.22999572753906,199.35000610351562,198.94000244140625,198.9499969482422,32185
2026-06-23 15:30:00+00:00,199.10000610351562,199.3300018310547,198.89999389648438,199.17999267578125,38295
2026-06-23 15:31:00+00:00,199.17999267578125,199.64999389648438,199.1699981689453,199.5500030517578,37336
2026-06-23 15:32:00+00:00,199.55499267578125,199.80499267578125,199.39999389648438,199.49290466308594,32589
2026-06-23 15:33:00+00:00,199.55499267578125,199.8699951171875,199.46009826660156,199.77499389648438,29814
2026-06-23 15:34:00+00:00,199.75010681152344,199.89990234375,199.47999572753906,199.59500122070312,32129
2026-06-23 15:35:00+00:00,199.60000610351562,200.3699951171875,199.60000610351562,200.3699951171875,50480
2026-06-23 15:36:00+00:00,200.3000030517578,201.06500244140625,200.3000030517578,200.73049926757812,70545
2026-06-23 15:37:00+00:00,200.71099853515625,200.76800537109375,199.99000549316406,199.99000549316406,51836
2026-06-23 15:38:00+00:00,199.92999267578125,200.10000610351562,199.24099731445312,199.61500549316406,52171
2026-06-23 15:39:00+00:00,199.6199951171875,199.69000244140625,199.3800048828125,199.47999572753906,36884
2026-06-23 15:40:00+00:00,199.49000549316406,199.5800018310547,199.110107421875,199.39500427246094,30020
2026-06-23 15:41:00+00:00,199.30999755859375,199.9499969482422,199.27000427246094,199.75999450683594,37839
2026-06-23 15:42:00+00:00,199.83999633789062,200.85000610351562,199.6999969482422,200.85000610351562,63559
2026-06-23 15:43:00+00:00,200.77000427246094,201.48500061035156,200.74000549316406,201.33999633789062,69798
2026-06-23 15:44:00+00:00,201.41000366210938,201.6699981689453,201.1199951171875,201.2899932861328,45977
2026-06-23 15:45:00+00:00,201.33999633789062,201.41000366210938,201.08999633789062,201.25999450683594,63413
2026-06-23 15:46:00+00:00,201.25999450683594,201.25999450683594,200.89759826660156,200.9199981689453,58282
2026-06-23 15:47:00+00:00,200.9199981689453,201.25999450683594,200.80999755859375,201.17999267578125,36714
2026-06-23 15:48:00+00:00,201.19000244140625,201.60989379882812,201.10000610351562,201.44000244140625,51034
2026-06-23 15:49:00+00:00,201.47999572753906,201.61000061035156,201.06500244140625,201.09500122070312,48751
2026-06-23 15:50:00+00:00,201.1024932861328,201.57000732421875,201.0601043701172,201.47999572753906,31081
2026-06-23 15:51:00+00:00,201.4550018310547,202.0800018310547,201.32000732421875,202.06410217285156,50599
2026-06-23 15:52:00+00:00,202.02000427246094,202.5500030517578,201.85009765625,202.42999267578125,42541
2026-06-23 15:53:00+00:00,202.47250366210938,202.69000244140625,202.3000946044922,202.6199951171875,34287
2026-06-23 15:54:00+00:00,202.5500030517578,203.0,202.33999633789062,202.46499633789062,45214
2026-06-23 15:55:00+00:00,202.42999267578125,202.47000122070312,201.92100524902344,202.3000030517578,38273
2026-06-23 15:56:00+00:00,202.26499938964844,202.69859313964844,202.11000061035156,202.5850067138672,46854
2026-06-23 15:57:00+00:00,202.6999969482422,203.30999755859375,202.50010681152344,203.0,41040
2026-06-23 15:58:00+00:00,203.0,203.13999938964844,202.72000122070312,202.7899932861328,39610
2026-06-23 15:59:00+00:00,202.91000366210938,203.0,202.6501007080078,202.99989318847656,26755
2026-06-23 16:00:00+00:00,203.10000610351562,203.32000732421875,202.75999450683594,203.32000732421875,30249
2026-06-23 16:01:00+00:00,203.3350067138672,203.99000549316406,203.24009704589844,203.6699981689453,40827
2026-06-23 16:02:00+00:00,203.6750030517578,204.0500030517578,203.39999389648438,203.51499938964844,57328
2026-06-23 16:03:00+00:00,203.6999969482422,203.72999572753906,203.2899932861328,203.58999633789062,29731
2026-06-23 16:04:00+00:00,203.6699981689453,204.30999755859375,203.57449340820312,203.9149932861328,63269
2026-06-23 16:05:00+00:00,203.8300018310547,204.30999755859375,203.77999877929688,203.91000366210938,58876
2026-06-23 16:06:00+00:00,203.75,203.8000030517578,203.0800018310547,203.51499938964844,34914
2026-06-23 16:07:00+00:00,203.51499938964844,203.85499572753906,203.2899932861328,203.36000061035156,30911
2026-06-23 16:08:00+00:00,203.47999572753906,203.7899932861328,203.36000061035156,203.7899932861328,18554
2026-06-23 16:09:00+00:00,203.83999633789062,204.0198974609375,203.66009521484375,204.00999450683594,18999
2026-06-23 16:10:00+00:00,203.94000244140625,204.11000061035156,203.7899932861328,203.82000732421875,24301
2026-06-23 16:11:00+00:00,203.8300018310547,204.27000427246094,203.7100067138672,204.27000427246094,22572
2026-06-23 16:12:00+00:00,204.2449951171875,204.63999938964844,204.10000610351562,204.63999938964844,30867
2026-06-23 16:13:00+00:00,204.66000366210938,204.90750122070312,204.60000610351562,204.60000610351562,28998
2026-06-23 16:14:00+00:00,204.55999755859375,204.75509643554688,204.13999938964844,204.1999969482422,34084
2026-06-23 16:15:00+00:00,204.1699981689453,204.372802734375,203.5,203.50509643554688,31874
2026-06-23 16:16:00+00:00,203.55999755859375,203.95379638671875,203.19940185546875,203.64999389648438,26569
2026-06-23 16:17:00+00:00,203.58999633789062,203.81500244140625,203.12010192871094,203.22000122070312,25530
2026-06-23 16:18:00+00:00,203.2100067138672,203.5699005126953,203.00010681152344,203.00010681152344,22482
2026-06-23 16:19:00+00:00,203.0,203.32000732421875,202.610107421875,202.68829345703125,24384
2026-06-23 16:20:00+00:00,202.80999755859375,202.82000732421875,202.21009826660156,202.26499938964844,33726
2026-06-23 16:21:00+00:00,202.25999450683594,202.44000244140625,202.00100708007812,202.3699951171875,43870
2026-06-23 16:22:00+00:00,202.4199981689453,202.72000122070312,202.375,202.52999877929688,27435
2026-06-23 16:23:00+00:00,202.6999969482422,203.0449981689453,202.61000061035156,203.0449981689453,42082
2026-06-23 16:24:00+00:00,202.9600067138672,203.54989624023438,202.9199981689453,203.35000610351562,28895
2026-06-23 16:25:00+00:00,203.33999633789062,203.5500030517578,203.2100067138672,203.24000549316406,28313
2026-06-23 16:26:00+00:00,203.13499450683594,203.25999450683594,202.72000122070312,202.889892578125,22382
2026-06-23 16:27:00+00:00,202.7050018310547,203.0800018310547,202.54010009765625,202.87730407714844,24006
2026-06-23 16:28:00+00:00,203.10000610351562,203.39999389648438,202.9250030517578,203.1999969482422,30090
2026-06-23 16:29:00+00:00,203.19000244140625,203.5800018310547,203.13999938964844,203.34500122070312,33480
2026-06-23 16:30:00+00:00,203.36000061035156,203.75999450683594,203.26510620117188,203.37989807128906,25813
2026-06-23 16:31:00+00:00,203.25999450683594,203.27000427246094,202.75010681152344,203.16000366210938,30275
2026-06-23 16:32:00+00:00,203.2550048828125,203.5,203.13009643554688,203.44000244140625,10951
2026-06-23 16:33:00+00:00,203.32000732421875,203.42999267578125,203.14999389648438,203.2449951171875,15324
2026-06-23 16:34:00+00:00,203.19000244140625,203.20509338378906,202.8300018310547,203.0,33118
2026-06-23 16:35:00+00:00,203.0,203.04989624023438,202.49000549316406,202.5800018310547,16673
2026-06-23 16:36:00+00:00,202.52749633789062,202.8800048828125,202.4510040283203,202.64999389648438,24969
2026-06-23 16:37:00+00:00,202.63999938964844,202.7899932861328,202.47999572753906,202.60000610351562,16792
2026-06-23 16:38:00+00:00,202.61000061035156,202.6999969482422,202.4499969482422,202.50999450683594,16524
2026-06-23 16:39:00+00:00,202.58999633789062,203.0299072265625,202.56500244140625,203.0299072265625,27342
2026-06-23 16:40:00+00:00,202.91000366210938,203.2100067138672,202.91000366210938,203.17999267578125,13215
2026-06-23 16:41:00+00:00,203.1699981689453,203.33999633789062,203.05999755859375,203.0800018310547,21590
2026-06-23 16:42:00+00:00,203.0850067138672,203.19000244140625,202.9001007080078,203.13999938964844,14326
2026-06-23 16:43:00+00:00,203.13499450683594,203.32000732421875,203.05999755859375,203.1649932861328,37358
2026-06-23 16:44:00+00:00,203.15499877929688,203.61000061035156,203.15499877929688,203.42999267578125,22555
2026-06-23 16:45:00+00:00,203.38999938964844,203.48500061035156,202.77999877929688,202.88499450683594,15610
2026-06-23 16:46:00+00:00,202.89999389648438,202.89999389648438,202.52000427246094,202.72000122070312,16878
2026-06-23 16:47:00+00:00,202.5,202.5,202.11000061035156,202.3300018310547,24519
2026-06-23 16:48:00+00:00,202.2899932861328,202.4499969482422,201.72999572753906,201.86000061035156,25723
2026-06-23 16:49:00+00:00,201.74000549316406,202.14999389648438,201.72999572753906,202.0800018310547,22989
2026-06-23 16:50:00+00:00,202.0800018310547,202.14999389648438,201.64999389648438,201.97999572753906,20010
2026-06-23 16:51:00+00:00,201.91000366210938,201.94500732421875,201.6501007080078,201.88999938964844,14972
2026-06-23 16:52:00+00:00,201.8800048828125,202.1300048828125,201.77000427246094,201.86000061035156,15033
2026-06-23 16:53:00+00:00,201.83999633789062,201.83999633789062,201.4199981689453,201.72000122070312,27609
2026-06-23 16:54:00+00:00,201.74000549316406,201.83990478515625,201.4600067138672,201.60009765625,19051
2026-06-23 16:55:00+00:00,201.74000549316406,201.83999633789062,201.33999633789062,201.47999572753906,25386
2026-06-23 16:56:00+00:00,201.47999572753906,201.89999389648438,201.4600067138672,201.6999969482422,27462
2026-06-23 16:57:00+00:00,201.52000427246094,201.82000732421875,201.50999450683594,201.74000549316406,13893
2026-06-23 16:58:00+00:00,201.75,202.0800018310547,201.7449951171875,202.0800018310547,19119
2026-06-23 16:59:00+00:00,202.00999450683594,202.2449951171875,201.89500427246094,201.89500427246094,15274
2026-06-23 17:00:00+00:00,201.89500427246094,201.89500427246094,201.72999572753906,201.74000549316406,7269
2026-06-23 17:01:00+00:00,201.50010681152344,201.8800048828125,201.50010681152344,201.7949981689453,23594
2026-06-23 17:02:00+00:00,201.8000030517578,201.8000030517578,201.5,201.5500030517578,16722
2026-06-23 17:03:00+00:00,201.4499969482422,201.5800018310547,201.28750610351562,201.35000610351562,19068
2026-06-23 17:04:00+00:00,201.27999877929688,201.4600067138672,201.1501007080078,201.38999938964844,16037
2026-06-23 17:05:00+00:00,201.47999572753906,201.47999572753906,201.13999938964844,201.3699951171875,21510
2026-06-23 17:06:00+00:00,201.3699951171875,201.47000122070312,201.17999267578125,201.17999267578125,20260
2026-06-23 17:07:00+00:00,201.26499938964844,201.3800048828125,201.1199951171875,201.14999389648438,13085
2026-06-23 17:08:00+00:00,201.19000244140625,201.42990112304688,201.14999389648438,201.3350067138672,18766
2026-06-23 17:09:00+00:00,201.3300018310547,201.55999755859375,201.2100067138672,201.52499389648438,23203
2026-06-23 17:10:00+00:00,201.52499389648438,202.07000732421875,201.52499389648438,202.06500244140625,15099
2026-06-23 17:11:00+00:00,202.07000732421875,202.68499755859375,202.07000732421875,202.61000061035156,16016
2026-06-23 17:12:00+00:00,202.55999755859375,202.88999938964844,202.44000244140625,202.77999877929688,20188
2026-06-23 17:13:00+00:00,202.77999877929688,202.9499969482422,202.66000366210938,202.9499969482422,14693
2026-06-23 17:14:00+00:00,202.8699951171875,203.8199005126953,202.1699981689453,202.1699981689453,36251
2026-06-23 17:15:00+00:00,202.2899932861328,202.50999450683594,202.22999572753906,202.36500549316406,20280
2026-06-23 17:16:00+00:00,202.375,202.6300048828125,202.32000732421875,202.56759643554688,14246
2026-06-23 17:17:00+00:00,202.58999633789062,202.66000366210938,202.0500030517578,202.125,21071
2026-06-23 17:18:00+00:00,202.2100067138672,202.4499969482422,202.14999389648438,202.43099975585938,13791
2026-06-23 17:19:00+00:00,202.39500427246094,202.49000549316406,202.27000427246094,202.40499877929688,11006
2026-06-23 17:20:00+00:00,202.49000549316406,202.5,202.19000244140625,202.33999633789062,10684
2026-06-23 17:21:00+00:00,202.5500030517578,203.00999450683594,202.39999389648438,202.73500061035156,16528
2026-06-23 17:22:00+00:00,202.77000427246094,203.03500366210938,202.6300048828125,202.98500061035156,8178
2026-06-23 17:23:00+00:00,202.94000244140625,203.0,202.7550048828125,202.83999633789062,10825
2026-06-23 17:24:00+00:00,202.91000366210938,203.14999389648438,202.86000061035156,202.98500061035156,11575
2026-06-23 17:25:00+00:00,202.88999938964844,203.40989685058594,202.88999938964844,202.99000549316406,20378
2026-06-23 17:26:00+00:00,203.0,203.2198944091797,202.8350067138672,203.2198944091797,13212
2026-06-23 17:27:00+00:00,203.1649932861328,203.39999389648438,202.9810028076172,203.24000549316406,36022
2026-06-23 17:28:00+00:00,203.22000122070312,203.38999938964844,203.10000610351562,203.14999389648438,22515
2026-06-23 17:29:00+00:00,203.15499877929688,203.27000427246094,202.89999389648438,203.02999877929688,18188
2026-06-23 17:30:00+00:00,202.97999572753906,203.02499389648438,202.3376007080078,202.47999572753906,18367
2026-06-23 17:31:00+00:00,202.38369750976562,202.50999450683594,202.1999969482422,202.30999755859375,22956
2026-06-23 17:32:00+00:00,202.4499969482422,202.85989379882812,202.4499969482422,202.77499389648438,16424
2026-06-23 17:33:00+00:00,202.77499389648438,202.8000030517578,202.5399932861328,202.5399932861328,9507
2026-06-23 17:34:00+00:00,202.50999450683594,202.71949768066406,202.25999450683594,202.63499450683594,13198
2026-06-23 17:35:00+00:00,202.5800018310547,202.8000030517578,202.5749969482422,202.72999572753906,17943
2026-06-23 17:36:00+00:00,202.77000427246094,202.77000427246094,202.60009765625,202.60009765625,7906
2026-06-23 17:37:00+00:00,202.75,202.75,202.2801055908203,202.36000061035156,11507
2026-06-23 17:38:00+00:00,202.25999450683594,202.5,202.14999389648438,202.5,19126
2026-06-23 17:39:00+00:00,202.49000549316406,202.5,202.22999572753906,202.30999755859375,12156
2026-06-23 17:40:00+00:00,202.3300018310547,202.3300018310547,202.07000732421875,202.16000366210938,14213
2026-06-23 17:41:00+00:00,202.10000610351562,202.3699951171875,201.92999267578125,202.22999572753906,24038
2026-06-23 17:42:00+00:00,202.22999572753906,202.4199981689453,202.16000366210938,202.34500122070312,10424
2026-06-23 17:43:00+00:00,202.3509979248047,202.47000122070312,202.02000427246094,202.12159729003906,15433
2026-06-23 17:44:00+00:00,202.10000610351562,202.24000549316406,201.99000549316406,202.19000244140625,23399
2026-06-23 17:45:00+00:00,202.1300048828125,202.33999633789062,202.10000610351562,202.17999267578125,18305
2026-06-23 17:46:00+00:00,202.22999572753906,202.30999755859375,201.95799255371094,202.0449981689453,17247
2026-06-23 17:47:00+00:00,202.0449981689453,202.1190948486328,201.84080505371094,201.89999389648438,9605
2026-06-23 17:48:00+00:00,201.8800048828125,202.13999938964844,201.86000061035156,202.02999877929688,17687
2026-06-23 17:49:00+00:00,202.02999877929688,202.1999969482422,201.92010498046875,201.97000122070312,19218
2026-06-23 17:50:00+00:00,201.97000122070312,202.0,201.75010681152344,201.8800048828125,19140
2026-06-23 17:51:00+00:00,201.88499450683594,201.91000366210938,201.69000244140625,201.75,24186
2026-06-23 17:52:00+00:00,201.75,201.83999633789062,201.63009643554688,201.6999969482422,16865
2026-06-23 17:53:00+00:00,201.77499389648438,201.77499389648438,201.55999755859375,201.6999969482422,18073
2026-06-23 17:54:00+00:00,201.6999969482422,201.82000732421875,201.57000732421875,201.68499755859375,33053
2026-06-23 17:55:00+00:00,201.68499755859375,201.68499755859375,201.26370239257812,201.4199981689453,19107
2026-06-23 17:56:00+00:00,201.32000732421875,201.39999389648438,201.1300048828125,201.3300018310547,19936
2026-06-23 17:57:00+00:00,201.3000030517578,201.40989685058594,201.1999969482422,201.1999969482422,17123
2026-06-23 17:58:00+00:00,201.25,201.47999572753906,201.25,201.25999450683594,22615
2026-06-23 17:59:00+00:00,201.25999450683594,201.49920654296875,201.1999969482422,201.2550048828125,16827
2026-06-23 18:00:00+00:00,201.22999572753906,201.822998046875,201.2100067138672,201.822998046875,29788
2026-06-23 18:01:00+00:00,201.74000549316406,201.97999572753906,201.71499633789062,201.7899932861328,35247
2026-06-23 18:02:00+00:00,201.88499450683594,201.99000549316406,201.67999267578125,201.67999267578125,11650
2026-06-23 18:03:00+00:00,201.58999633789062,202.28990173339844,201.5800018310547,201.9949951171875,24560
2026-06-23 18:04:00+00:00,201.9949951171875,202.08999633789062,201.84010314941406,201.92999267578125,16695
2026-06-23 18:05:00+00:00,201.8000030517578,202.02999877929688,201.77000427246094,202.02999877929688,9217
2026-06-23 18:06:00+00:00,201.9600067138672,202.05499267578125,201.68499755859375,201.68499755859375,21773
2026-06-23 18:07:00+00:00,201.88999938964844,201.99989318847656,201.72999572753906,201.7949981689453,18987
2026-06-23 18:08:00+00:00,201.85000610351562,201.92999267578125,201.75999450683594,201.86500549316406,18704
2026-06-23 18:09:00+00:00,201.89999389648438,202.02999877929688,201.88510131835938,201.88999938964844,22189
2026-06-23 18:10:00+00:00,201.88999938964844,201.98849487304688,201.83999633789062,201.97999572753906,12872
2026-06-23 18:11:00+00:00,202.0,202.1175994873047,201.94000244140625,202.0,16383
2026-06-23 18:12:00+00:00,202.1199951171875,202.27000427246094,202.08999633789062,202.11000061035156,20474
2026-06-23 18:13:00+00:00,202.14500427246094,202.38499450683594,202.11000061035156,202.27000427246094,13648
2026-06-23 18:14:00+00:00,202.3000030517578,202.66000366210938,202.28500366210938,202.55999755859375,12715
2026-06-23 18:15:00+00:00,202.6649932861328,202.80999755859375,202.38099670410156,202.41000366210938,15767
2026-06-23 18:16:00+00:00,202.5,202.5,202.01010131835938,202.01010131835938,17789
2026-06-23 18:17:00+00:00,202.0500030517578,202.3300018310547,202.00999450683594,202.00999450683594,15887
2026-06-23 18:18:00+00:00,202.164794921875,202.19000244140625,202.0500030517578,202.05999755859375,33189
2026-06-23 18:19:00+00:00,202.09500122070312,202.36000061035156,202.0500030517578,202.26499938964844,22083
2026-06-23 18:20:00+00:00,202.27999877929688,202.35000610351562,202.14999389648438,202.2209930419922,17860
2026-06-23 18:21:00+00:00,202.3000030517578,202.39999389648438,202.22000122070312,202.22000122070312,13482
2026-06-23 18:22:00+00:00,202.20010375976562,202.6300048828125,202.20010375976562,202.58999633789062,25364
2026-06-23 18:23:00+00:00,202.52999877929688,202.66000366210938,202.52000427246094,202.66000366210938,20413
2026-06-23 18:24:00+00:00,202.9600067138672,203.2899932861328,202.9600067138672,203.2100067138672,26195
2026-06-23 18:25:00+00:00,203.20010375976562,203.27999877929688,203.07000732421875,203.13999938964844,25290
2026-06-23 18:26:00+00:00,203.1750030517578,203.4600067138672,203.1529998779297,203.34500122070312,25406
2026-06-23 18:27:00+00:00,203.39999389648438,203.78990173339844,203.39999389648438,203.47999572753906,15662
2026-06-23 18:28:00+00:00,203.4600067138672,203.77999877929688,203.4600067138672,203.69000244140625,21322
2026-06-23 18:29:00+00:00,203.68499755859375,204.00999450683594,203.5399932861328,203.94000244140625,31390
2026-06-23 18:30:00+00:00,203.86000061035156,203.92999267578125,203.70419311523438,203.75,21042
2026-06-23 18:31:00+00:00,203.74000549316406,203.91000366210938,203.58999633789062,203.80499267578125,32531
2026-06-23 18:32:00+00:00,203.78500366210938,203.78500366210938,203.55999755859375,203.72000122070312,30370
2026-06-23 18:33:00+00:00,203.72000122070312,203.8199005126953,203.47999572753906,203.64500427246094,18970
2026-06-23 18:34:00+00:00,203.54400634765625,203.66000366210938,203.3000030517578,203.3300018310547,14251
2026-06-23 18:35:00+00:00,203.4199981689453,203.69000244140625,203.4199981689453,203.49000549316406,16621
2026-06-23 18:36:00+00:00,203.47000122070312,203.6999053955078,203.33009338378906,203.41000366210938,14380
2026-06-23 18:37:00+00:00,203.41000366210938,203.49000549316406,203.27999877929688,203.36000061035156,17619
2026-06-23 18:38:00+00:00,203.36000061035156,203.36000061035156,203.1199951171875,203.2100067138672,12338
2026-06-23 18:39:00+00:00,203.1300048828125,203.25999450683594,203.11000061035156,203.2100067138672,18717
2026-06-23 18:40:00+00:00,203.25999450683594,203.25999450683594,202.71009826660156,202.80999755859375,42357
2026-06-23 18:41:00+00:00,202.89999389648438,203.09500122070312,202.77000427246094,202.8300018310547,25902
2026-06-23 18:42:00+00:00,202.8123016357422,202.85499572753906,202.5,202.61000061035156,23878
2026-06-23 18:43:00+00:00,202.5500030517578,202.74000549316406,202.5,202.6300048828125,24789
2026-06-23 18:44:00+00:00,202.5500030517578,202.57000732421875,202.05999755859375,202.19000244140625,30025
2026-06-23 18:45:00+00:00,202.2100067138672,202.3000030517578,202.0260009765625,202.02999877929688,43887
2026-06-23 18:46:00+00:00,202.0850067138672,202.2899932861328,201.8300018310547,201.9199981689453,32626
2026-06-23 18:47:00+00:00,201.89999389648438,202.05999755859375,201.7100067138672,201.72000122070312,37593
2026-06-23 18:48:00+00:00,201.77000427246094,202.27999877929688,201.7050018310547,202.23500061035156,27120
2026-06-23 18:49:00+00:00,202.27000427246094,202.32000732421875,202.11000061035156,202.22500610351562,16725
2026-06-23 18:50:00+00:00,202.22000122070312,202.7050018310547,202.13999938964844,202.52499389648438,28027
2026-06-23 18:51:00+00:00,202.52999877929688,202.67999267578125,202.38999938964844,202.52999877929688,31022
2026-06-23 18:52:00+00:00,202.5850067138672,202.6300048828125,202.13009643554688,202.2100067138672,22906
2026-06-23 18:53:00+00:00,202.17999267578125,202.25,201.77000427246094,201.82000732421875,26636
2026-06-23 18:54:00+00:00,201.77000427246094,202.0749969482422,201.63059997558594,202.0500030517578,26259
2026-06-23 18:55:00+00:00,202.0749969482422,202.10000610351562,201.8300018310547,202.0500030517578,24769
2026-06-23 18:56:00+00:00,202.2100067138672,202.3000030517578,202.00010681152344,202.17999267578125,19719
2026-06-23 18:57:00+00:00,202.1300048828125,202.30999755859375,201.97999572753906,202.15750122070312,19762
2026-06-23 18:58:00+00:00,202.10000610351562,202.2899932861328,201.85000610351562,202.25999450683594,31512
2026-06-23 18:59:00+00:00,202.36500549316406,202.6649932861328,202.36000061035156,202.6199951171875,22273
2026-06-23 19:00:00+00:00,202.57000732421875,202.61500549316406,202.26010131835938,202.49000549316406,23214
2026-06-23 19:01:00+00:00,202.61990356445312,203.55999755859375,202.5399932861328,203.375,40338
2026-06-23 19:02:00+00:00,203.32000732421875,203.43499755859375,203.00999450683594,203.27000427246094,123367
2026-06-23 19:03:00+00:00,203.27000427246094,204.0865020751953,203.17999267578125,204.0865020751953,42513
2026-06-23 19:04:00+00:00,203.92999267578125,204.13999938964844,203.7200927734375,203.88180541992188,47000
2026-06-23 19:05:00+00:00,203.8249969482422,204.3800048828125,203.71670532226562,204.1300048828125,50667
2026-06-23 19:06:00+00:00,204.07000732421875,204.39999389648438,203.50999450683594,203.6199951171875,35154
2026-06-23 19:07:00+00:00,203.63499450683594,203.65499877929688,203.13999938964844,203.27499389648438,39778
2026-06-23 19:08:00+00:00,203.27499389648438,203.4949951171875,203.02999877929688,203.19500732421875,26468
2026-06-23 19:09:00+00:00,203.27999877929688,203.38999938964844,202.83999633789062,202.9674072265625,35335
2026-06-23 19:10:00+00:00,203.03500366210938,203.07000732421875,202.57000732421875,202.60000610351562,49696
2026-06-23 19:11:00+00:00,202.61000061035156,203.39999389648438,202.61000061035156,203.39999389648438,40794
2026-06-23 19:12:00+00:00,203.4149932861328,203.7899932861328,203.30999755859375,203.71499633789062,31876
2026-06-23 19:13:00+00:00,203.66000366210938,203.69000244140625,203.02000427246094,203.2899932861328,37385
2026-06-23 19:14:00+00:00,203.27999877929688,203.85000610351562,203.22999572753906,203.64999389648438,35085
2026-06-23 19:15:00+00:00,203.5399932861328,203.77999877929688,203.4199981689453,203.72999572753906,42338
2026-06-23 19:16:00+00:00,203.7899932861328,204.00999450683594,203.61000061035156,203.74000549316406,29424
2026-06-23 19:17:00+00:00,203.8000030517578,203.80999755859375,203.13999938964844,203.2899932861328,34635
2026-06-23 19:18:00+00:00,203.2949981689453,203.55499267578125,203.1999969482422,203.5500030517578,27397
2026-06-23 19:19:00+00:00,203.5,203.61500549316406,203.13999938964844,203.13999938964844,35533
2026-06-23 19:20:00+00:00,203.2100067138672,203.42999267578125,203.11000061035156,203.1699981689453,31930
2026-06-23 19:21:00+00:00,203.27000427246094,203.55499267578125,203.0800018310547,203.54249572753906,30714
2026-06-23 19:22:00+00:00,203.54249572753906,203.69000244140625,203.36000061035156,203.50999450683594,30802
2026-06-23 19:23:00+00:00,203.51499938964844,204.60499572753906,203.4199981689453,204.60499572753906,47807
2026-06-23 19:24:00+00:00,204.5,204.6999969482422,204.2301025390625,204.26499938964844,22729
2026-06-23 19:25:00+00:00,204.30999755859375,204.58999633789062,204.1199951171875,204.4600067138672,33823
2026-06-23 19:26:00+00:00,204.5050048828125,204.94500732421875,204.5050048828125,204.50999450683594,37698
2026-06-23 19:27:00+00:00,204.52999877929688,204.6699981689453,204.36000061035156,204.44500732421875,26882
2026-06-23 19:28:00+00:00,204.44500732421875,204.75999450683594,204.2899932861328,204.58999633789062,31809
2026-06-23 19:29:00+00:00,204.6699981689453,205.11990356445312,204.5800018310547,204.75010681152344,42769
2026-06-23 19:30:00+00:00,204.74000549316406,205.11000061035156,204.39999389648438,204.6475067138672,46390
2026-06-23 19:31:00+00:00,204.77999877929688,204.8699951171875,204.25619506835938,204.57000732421875,42268
2026-06-23 19:32:00+00:00,204.47999572753906,204.92999267578125,204.36000061035156,204.88999938964844,36316
2026-06-23 19:33:00+00:00,204.89999389648438,205.2191925048828,204.52000427246094,205.125,43883
2026-06-23 19:34:00+00:00,205.0500030517578,205.46499633789062,205.02000427246094,205.30499267578125,50296
2026-06-23 19:35:00+00:00,205.3699951171875,205.3699951171875,204.6300048828125,204.91000366210938,43008
2026-06-23 19:36:00+00:00,204.86000061035156,205.17999267578125,204.5800018310547,204.84500122070312,55475
2026-06-23 19:37:00+00:00,204.82000732421875,204.88999938964844,204.5,204.6300048828125,32961
2026-06-23 19:38:00+00:00,204.67999267578125,204.92999267578125,204.52999877929688,204.5800018310547,37514
2026-06-23 19:39:00+00:00,204.65499877929688,204.7899932861328,204.5,204.5449981689453,34153
2026-06-23 19:40:00+00:00,204.50999450683594,204.61000061035156,204.0800018310547,204.19000244140625,41877
2026-06-23 19:41:00+00:00,204.19000244140625,204.22000122070312,203.88999938964844,203.9550018310547,48182
2026-06-23 19:42:00+00:00,203.89999389648438,204.14990234375,203.52000427246094,203.71499633789062,41989
2026-06-23 19:43:00+00:00,203.69000244140625,203.84500122070312,203.56500244140625,203.6699981689453,49095
2026-06-23 19:44:00+00:00,203.69500732421875,203.99000549316406,203.66000366210938,203.8699951171875,42347
2026-06-23 19:45:00+00:00,203.97000122070312,203.97000122070312,203.52000427246094,203.77999877929688,48007
2026-06-23 19:46:00+00:00,203.72999572753906,204.30999755859375,203.60000610351562,203.60000610351562,53922
2026-06-23 19:47:00+00:00,203.61000061035156,203.83999633789062,203.58999633789062,203.6699981689453,44976
2026-06-23 19:48:00+00:00,203.70509338378906,203.7100067138672,203.41000366210938,203.7100067138672,45736
2026-06-23 19:49:00+00:00,203.75999450683594,204.22000122070312,203.72999572753906,204.14999389648438,49823
2026-06-23 19:50:00+00:00,204.1699981689453,204.32000732421875,203.52000427246094,204.08999633789062,104195
2026-06-23 19:51:00+00:00,204.24000549316406,204.2899932861328,203.75999450683594,203.87989807128906,79226
2026-06-23 19:52:00+00:00,203.8249969482422,203.97000122070312,203.50999450683594,203.97000122070312,107341
2026-06-23 19:53:00+00:00,203.9600067138672,203.9600067138672,203.00999450683594,203.889892578125,118141
2026-06-23 19:54:00+00:00,203.8249969482422,204.44000244140625,203.66000366210938,204.23330688476562,104622
2026-06-23 19:55:00+00:00,204.1999969482422,204.85000610351562,203.72000122070312,204.0850067138672,149889
2026-06-23 19:56:00+00:00,204.1300048828125,204.27000427246094,203.8699951171875,204.1300048828125,142558
2026-06-23 19:57:00+00:00,204.11000061035156,204.27999877929688,203.92999267578125,204.0850067138672,186542
2026-06-23 19:58:00+00:00,204.0850067138672,204.2899932861328,203.97999572753906,204.18499755859375,288512
2026-06-23 19:59:00+00:00,204.18499755859375,204.2899932861328,204.0,204.2100067138672,470264
2026-06-23 20:00:00+00:00,204.13,204.13,202.54,203.31,4068160
2026-06-23 20:01:00+00:00,203.31,204.0,202.7181,202.7181,0
2026-06-23 20:02:00+00:00,203.32,203.91,202.54,203.5644,0
2026-06-23 20:03:00+00:00,203.0,203.69,203.0,203.552,0
2026-06-23 20:04:00+00:00,204.13,204.13,203.0,204.13,0
2026-06-23 20:05:00+00:00,203.46,203.46,203.0,203.0,0
2026-06-23 20:06:00+00:00,202.9,203.6,202.6359,202.6359,0
2026-06-23 20:07:00+00:00,203.68,203.68,203.18,203.64,0
2026-06-23 20:08:00+00:00,203.64,204.13,202.64,204.13,0
2026-06-23 20:09:00+00:00,203.68,203.68,203.35,203.66,0
2026-06-23 20:10:00+00:00,204.13,204.13,202.64,202.64,0
2026-06-23 20:11:00+00:00,203.39,203.4064,203.3222,203.4,0
2026-06-23 20:12:00+00:00,203.4,203.4,202.86,203.1731,0
2026-06-23 20:13:00+00:00,203.25,203.4,202.8601,203.23,0
2026-06-23 20:14:00+00:00,203.46,203.883,203.02,203.883,0
2026-06-23 20:15:00+00:00,203.9148,203.9148,203.39,203.41,0
2026-06-23 20:16:00+00:00,203.41,204.13,203.2988,203.41,0
2026-06-23 20:17:00+00:00,203.41,203.5,203.41,203.41,0
2026-06-23 20:18:00+00:00,203.3498,203.41,203.31,203.31,0
2026-06-23 20:19:00+00:00,203.31,203.5922,203.31,203.55,0
2026-06-23 20:20:00+00:00,204.13,204.13,203.54,203.5703,0
2026-06-23 20:21:00+00:00,203.4966,203.61,203.4966,203.61,0
2026-06-23 20:22:00+00:00,203.42,203.69,203.12,203.5,0
2026-06-23 20:23:00+00:00,203.674,203.7048,203.55,203.55,0
2026-06-23 20:24:00+00:00,203.74,203.74,203.5,203.5,0
2026-06-23 20:25:00+00:00,203.5,203.98,203.5,203.98,0
2026-06-23 20:26:00+00:00,203.6546,204.0,203.6546,203.99,0
2026-06-23 20:27:00+00:00,203.98,203.98,203.9646,203.9646,0
2026-06-23 20:28:00+00:00,204.0,204.13,203.872,203.872,0
2026-06-23 20:29:00+00:00,204.6,204.76,204.5,204.5,0
2026-06-23 20:30:00+00:00,204.4467,204.5,204.11,204.1726,0
2026-06-23 20:31:00+00:00,204.28,204.49,204.28,204.3677,0
2026-06-23 20:32:00+00:00,204.39,204.39,204.3,204.3,0
2026-06-23 20:33:00+00:00,204.37,204.4,204.2,204.4,0
2026-06-23 20:34:00+00:00,204.368,204.368,204.3635,204.3635,0
2026-06-23 20:35:00+00:00,204.39,204.4,204.39,204.4,0
2026-06-23 20:36:00+00:00,204.4,204.4,204.16,204.1765,0
2026-06-23 20:37:00+00:00,204.2,204.4,204.18,204.3,0
2026-06-23 20:38:00+00:00,204.287,204.4,204.24,204.35,0
2026-06-23 20:39:00+00:00,204.35,204.39,204.35,204.39,0
2026-06-23 20:40:00+00:00,204.3,204.3,204.0,204.0987,0
2026-06-23 20:41:00+00:00,204.0,204.2,204.0,204.1499,0
2026-06-23 20:42:00+00:00,203.9552,203.9552,203.9552,203.9552,0
2026-06-23 20:43:00+00:00,203.82,204.0793,203.82,204.0236,0
2026-06-23 20:44:00+00:00,204.0561,204.0795,204.0104,204.03,0
2026-06-23 20:45:00+00:00,204.01,204.2,204.01,204.2,0
2026-06-23 20:46:00+00:00,204.13,204.13,204.0,204.13,0
2026-06-23 20:47:00+00:00,204.13,204.2,204.02,204.0537,0
2026-06-23 20:48:00+00:00,204.13,204.13,203.98,203.98,0
2026-06-23 20:49:00+00:00,203.98,203.98,203.6,203.78,0
2026-06-23 20:50:00+00:00,203.7,203.78,203.7,203.78,0
2026-06-23 20:51:00+00:00,203.7,203.9,203.7,203.78,0
2026-06-23 20:52:00+00:00,204.1358,204.1358,203.9,203.9,0
2026-06-23 20:53:00+00:00,204.13,204.2,203.9,203.9,0
2026-06-23 20:54:00+00:00,203.87,204.0698,203.84,204.0698,0
2026-06-23 20:55:00+00:00,204.0,204.13,204.0,204.13,0
2026-06-23 20:56:00+00:00,204.13,204.29,203.29,203.29,0
2026-06-23 20:57:00+00:00,204.0,204.29,204.0,204.29,0
2026-06-23 20:58:00+00:00,204.23,204.23,203.9,203.9,0
2026-06-23 20:59:00+00:00,204.3,204.3,204.14,204.14,0
2026-06-23 21:00:00+00:00,204.13,204.16,204.13,204.16,0
2026-06-23 21:01:00+00:00,204.24,204.3368,190.471,204.15,0
2026-06-23 21:02:00+00:00,204.17,204.17,204.17,204.17,0
2026-06-23 21:03:00+00:00,204.15,205.0,204.1403,204.1403,0
2026-06-23 21:04:00+00:00,204.6,205.0,204.5,204.5,0
2026-06-23 21:05:00+00:00,204.6,204.6,203.98,204.0,0
2026-06-23 21:06:00+00:00,204.45,204.45,204.45,204.45,0
2026-06-23 21:07:00+00:00,204.45,204.45,204.45,204.45,0
2026-06-23 21:09:00+00:00,203.8453,204.55,203.8453,204.55,0
2026-06-23 21:10:00+00:00,204.32,204.55,204.32,204.54,0
2026-06-23 21:11:00+00:00,204.5095,204.5095,204.0,204.37,0
2026-06-23 21:12:00+00:00,204.55,204.55,204.0,204.0,0
2026-06-23 21:13:00+00:00,204.55,204.55,204.13,204.13,0
2026-06-23 21:14:00+00:00,204.55,204.55,204.48,204.48,0
2026-06-23 21:15:00+00:00,204.28,204.55,204.0,204.39,0
2026-06-23 21:16:00+00:00,204.28,204.55,204.28,204.55,0
2026-06-23 21:17:00+00:00,204.13,204.55,204.13,204.5092,0
2026-06-23 21:18:00+00:00,204.4,204.4497,204.0,204.4497,0
2026-06-23 21:19:00+00:00,204.0,204.4,204.0,204.13,0
2026-06-23 21:20:00+00:00,204.0,204.4689,204.0,204.45,0
2026-06-23 21:21:00+00:00,204.13,204.54,204.13,204.4572,0
2026-06-23 21:22:00+00:00,204.45,204.47,204.0,204.4698,0
2026-06-23 21:23:00+00:00,204.25,204.54,204.25,204.45,0
2026-06-23 21:24:00+00:00,204.45,204.54,204.25,204.45,0
2026-06-23 21:25:00+00:00,204.45,204.54,204.45,204.45,0
2026-06-23 21:26:00+00:00,204.39,204.39,204.39,204.39,0
2026-06-23 21:27:00+00:00,204.39,204.4,204.0,204.13,0
2026-06-23 21:28:00+00:00,204.05,204.05,204.04,204.04,0
2026-06-23 21:29:00+00:00,204.29,204.41,204.29,204.39,0
2026-06-23 21:30:00+00:00,204.38,204.538,204.38,204.48,0
2026-06-23 21:31:00+00:00,204.48,204.54,204.48,204.54,0
2026-06-23 21:32:00+00:00,204.54,204.54,204.54,204.54,0
2026-06-23 21:33:00+00:00,204.3,204.3,204.3,204.3,0
2026-06-23 21:34:00+00:00,204.54,204.54,204.54,204.54,0
2026-06-23 21:35:00+00:00,204.3,204.3,204.25,204.25,0
2026-06-23 21:36:00+00:00,204.25,204.25,204.25,204.25,0
2026-06-23 21:37:00+00:00,204.25,204.54,204.25,204.54,0
2026-06-23 21:38:00+00:00,204.4698,204.4698,204.4,204.4,0
2026-06-23 21:39:00+00:00,204.54,204.54,204.54,204.54,0
2026-06-23 21:40:00+00:00,204.42,204.54,204.42,204.54,0
2026-06-23 21:41:00+00:00,204.35,204.35,204.0,204.0,0
2026-06-23 21:42:00+00:00,204.54,204.54,204.4945,204.5089,0
2026-06-23 21:44:00+00:00,204.5105,204.54,204.5105,204.54,0
2026-06-23 21:45:00+00:00,204.534,204.54,204.534,204.54,0
2026-06-23 21:47:00+00:00,204.51,204.55,204.502,204.55,0
2026-06-23 21:48:00+00:00,204.55,204.55,204.3,204.3,0
2026-06-23 21:49:00+00:00,204.5213,204.55,204.51,204.55,0
2026-06-23 21:50:00+00:00,204.54,204.55,204.54,204.55,0
2026-06-23 21:51:00+00:00,204.55,205.0,204.55,204.8423,0
2026-06-23 21:52:00+00:00,204.83,205.0,204.83,204.83,0
2026-06-23 21:53:00+00:00,204.83,205.0,204.76,204.935,0
2026-06-23 21:54:00+00:00,204.99,204.99,204.76,204.76,0
2026-06-23 21:55:00+00:00,204.99,204.99,204.75,204.75,0
2026-06-23 21:56:00+00:00,204.7,204.99,204.7,204.99,0
2026-06-23 21:57:00+00:00,204.96,205.2047,204.5202,205.029,0
2026-06-23 21:58:00+00:00,205.0,205.31,205.0,205.09,0
2026-06-23 21:59:00+00:00,205.09,205.09,204.9142,205.0,0
2026-06-23 22:00:00+00:00,205.19,205.2432,205.19,205.2432,0
2026-06-23 22:01:00+00:00,205.06,205.24,204.56,204.99,0
2026-06-23 22:02:00+00:00,205.3,205.3,204.5,204.57,0
2026-06-23 22:03:00+00:00,204.75,205.2,204.75,205.2,0
2026-06-23 22:04:00+00:00,204.6,205.19,204.6,205.19,0
2026-06-23 22:05:00+00:00,204.9,204.99,204.56,204.99,0
2026-06-23 22:06:00+00:00,204.92,204.92,204.6483,204.6483,0
2026-06-23 22:07:00+00:00,205.0,205.0,204.6948,205.0,0
2026-06-23 22:08:00+00:00,204.732,204.75,204.732,204.7335,0
2026-06-23 22:09:00+00:00,204.7975,204.882,204.7975,204.882,0
2026-06-23 22:10:00+00:00,205.0999,205.1,204.8953,205.02,0
2026-06-23 22:11:00+00:00,205.02,205.3501,205.02,205.3501,0
2026-06-23 22:12:00+00:00,205.6,205.8,205.41,205.8,0
2026-06-23 22:13:00+00:00,205.73,206.0,205.41,205.46,0
2026-06-23 22:14:00+00:00,205.4,205.5,205.4,205.5,0
2026-06-23 22:15:00+00:00,205.6616,205.7,205.41,205.41,0
2026-06-23 22:16:00+00:00,205.63,205.68,205.4579,205.68,0
2026-06-23 22:17:00+00:00,205.67,205.67,205.46,205.46,0
2026-06-23 22:18:00+00:00,205.45,205.489,205.4016,205.45,0
2026-06-23 22:19:00+00:00,205.1455,205.45,205.09,205.43,0
2026-06-23 22:20:00+00:00,205.05,205.43,205.0,205.0,0
2026-06-23 22:21:00+00:00,204.9,204.9,204.75,204.75,0
2026-06-23 22:22:00+00:00,204.8289,204.8289,204.76,204.76,0
2026-06-23 22:23:00+00:00,204.7712,204.8,204.51,204.51,0
2026-06-23 22:24:00+00:00,204.5,204.7,204.33,204.7,0
2026-06-23 22:25:00+00:00,204.7,204.761,204.5,204.5,0
2026-06-23 22:26:00+00:00,204.5,204.75,204.01,204.01,0
2026-06-23 22:27:00+00:00,204.3,204.3,204.06,204.29,0
2026-06-23 22:28:00+00:00,204.14,204.3,204.14,204.3,0
2026-06-23 22:29:00+00:00,204.252,204.59,204.21,204.21,0
2026-06-23 22:31:00+00:00,204.3,204.37,204.3,204.37,0
2026-06-23 22:32:00+00:00,204.62,204.62,204.4,204.4,0
2026-06-23 22:33:00+00:00,204.5215,204.5215,204.02,204.02,0
2026-06-23 22:34:00+00:00,204.7,205.0,204.1,204.1,0
2026-06-23 22:35:00+00:00,204.11,204.11,204.0,204.0001,0
2026-06-23 22:36:00+00:00,204.0005,204.0087,204.0,204.0087,0
2026-06-23 22:37:00+00:00,203.88,203.95,203.75,203.95,0
2026-06-23 22:38:00+00:00,204.2,204.2,204.0,204.0,0
2026-06-23 22:39:00+00:00,204.2,204.2,203.74,203.74,0
2026-06-23 22:40:00+00:00,203.75,204.0,203.51,204.0,0
2026-06-23 22:41:00+00:00,203.95,203.95,203.935,203.935,0
2026-06-23 22:42:00+00:00,204.0,204.0,203.5,203.5612,0
2026-06-23 22:43:00+00:00,203.5,204.0,203.5,204.0,0
2026-06-23 22:44:00+00:00,203.5,203.98,203.12,203.2705,0
2026-06-23 22:46:00+00:00,203.7,203.7,203.54,203.54,0
2026-06-23 22:47:00+00:00,203.49,203.49,203.12,203.25,0
2026-06-23 22:48:00+00:00,203.26,203.4488,203.12,203.12,0
2026-06-23 22:49:00+00:00,203.5,203.52,203.28,203.52,0
2026-06-23 22:51:00+00:00,203.7311,203.77,203.7311,203.77,0
2026-06-23 22:52:00+00:00,203.8,203.8,203.28,203.39,0
2026-06-23 22:53:00+00:00,203.79,203.79,203.79,203.79,0
2026-06-23 22:55:00+00:00,203.79,203.8,203.79,203.8,0
2026-06-23 22:56:00+00:00,203.8,203.8,203.8,203.8,0
2026-06-23 22:57:00+00:00,203.55,203.55,203.27,203.44,0
2026-06-23 22:58:00+00:00,203.5,203.7366,203.4823,203.4823,0
2026-06-23 22:59:00+00:00,203.8,203.8,203.8,203.8,0
2026-06-23 23:01:00+00:00,203.79,203.79,203.79,203.79,0
2026-06-23 23:02:00+00:00,203.5,203.79,203.5,203.5,0
2026-06-23 23:03:00+00:00,203.5,203.7341,203.3389,203.7341,0
2026-06-23 23:04:00+00:00,203.27,203.75,203.27,203.48,0
2026-06-23 23:05:00+00:00,203.48,203.48,203.0,203.0681,0
2026-06-23 23:06:00+00:00,203.0,203.56,202.906,203.4547,0
2026-06-23 23:07:00+00:00,203.07,203.4,202.76,202.8551,0
2026-06-23 23:08:00+00:00,202.766,203.07,202.65,202.65,0
2026-06-23 23:09:00+00:00,202.68,203.56,202.65,203.56,0
2026-06-23 23:10:00+00:00,203.22,203.22,203.0,203.0,0
2026-06-23 23:11:00+00:00,203.21,203.56,202.65,203.4594,0
2026-06-23 23:12:00+00:00,203.0729,203.48,203.0729,203.45,0
2026-06-23 23:13:00+00:00,203.0,203.48,203.0,203.0,0
2026-06-23 23:14:00+00:00,203.48,203.48,203.36,203.36,0
2026-06-23 23:15:00+00:00,203.48,203.48,203.35,203.35,0
2026-06-23 23:16:00+00:00,203.36,203.5327,203.36,203.3773,0
2026-06-23 23:17:00+00:00,203.36,203.36,203.36,203.36,0
2026-06-23 23:19:00+00:00,203.44,203.45,203.36,203.45,0
2026-06-23 23:22:00+00:00,203.35,203.35,203.35,203.35,0
2026-06-23 23:24:00+00:00,203.56,203.56,203.4481,203.4952,0
2026-06-23 23:25:00+00:00,203.5916,203.5916,203.5916,203.5916,0
2026-06-23 23:26:00+00:00,203.59,203.68,203.59,203.68,0
2026-06-23 23:27:00+00:00,203.5,203.79,203.5,203.79,0
2026-06-23 23:28:00+00:00,203.2001,203.51,203.2001,203.51,0
2026-06-23 23:29:00+00:00,203.5,203.5,203.5,203.5,0
2026-06-23 23:31:00+00:00,203.53,203.79,203.5,203.79,0
2026-06-23 23:32:00+00:00,203.6825,203.6825,203.6825,203.6825,0
2026-06-23 23:33:00+00:00,203.6,203.61,203.5,203.5,0
2026-06-23 23:34:00+00:00,203.35,203.78,203.26,203.672,0
2026-06-23 23:35:00+00:00,203.8,203.8,203.8,203.8,0
2026-06-23 23:36:00+00:00,203.21,203.5,203.21,203.49,0
2026-06-23 23:37:00+00:00,203.32,203.33,203.21,203.21,0
2026-06-23 23:38:00+00:00,203.2779,203.2779,203.2779,203.2779,0
2026-06-23 23:39:00+00:00,203.21,203.21,203.2,203.21,0
2026-06-23 23:40:00+00:00,203.55,203.55,203.1,203.55,0
2026-06-23 23:41:00+00:00,203.0829,203.33,203.0,203.0,0
2026-06-23 23:42:00+00:00,203.4,203.4,203.4,203.4,0
2026-06-23 23:43:00+00:00,203.25,203.33,203.25,203.33,0
2026-06-23 23:44:00+00:00,203.33,203.33,203.1014,203.1014,0
2026-06-23 23:45:00+00:00,203.1555,203.7,203.1555,203.7,0
2026-06-23 23:46:00+00:00,203.8,204.36,203.15,203.15,0
2026-06-23 23:47:00+00:00,204.2092,204.21,204.2092,204.21,0
2026-06-23 23:48:00+00:00,204.23,204.23,204.23,204.23,0
2026-06-23 23:49:00+00:00,203.75,204.0,203.75,204.0,0
2026-06-23 23:50:00+00:00,203.9506,203.9675,203.47,203.47,0
2026-06-23 23:51:00+00:00,203.95,203.95,203.74,203.94,0
2026-06-23 23:52:00+00:00,203.94,203.94,203.84,203.84,0
2026-06-23 23:53:00+00:00,203.99,204.23,203.99,204.23,0
2026-06-23 23:54:00+00:00,204.1481,204.1481,203.625,204.1212,0
2026-06-23 23:55:00+00:00,203.64,204.0411,203.3235,203.6292,0
2026-06-23 23:56:00+00:00,203.64,203.7123,203.64,203.7123,0
2026-06-23 23:57:00+00:00,203.66,204.15,203.66,204.15,0
2026-06-23 23:58:00+00:00,204.15,204.2454,203.751,204.2454,0
2026-06-23 23:59:00+00:00,204.269,204.269,204.15,204.15,0
2026-06-24 08:00:00+00:00,209.76,215.08,204.13,209.9,0
2026-06-24 08:01:00+00:00,210.65,215.33,204.01,210.423,0
2026-06-24 08:02:00+00:00,210.0912,213.33,210.0912,210.48,0
2026-06-24 08:03:00+00:00,210.24,212.45,210.0,210.8726,0
2026-06-24 08:04:00+00:00,211.37,211.59,210.0,211.0,0
2026-06-24 08:05:00+00:00,210.0,210.84,210.0,210.71,0
2026-06-24 08:06:00+00:00,211.0,211.0,210.27,210.99,0
2026-06-24 08:07:00+00:00,210.99,211.3819,210.96,211.3819,0
2026-06-24 08:08:00+00:00,211.4013,211.43,211.0,211.3,0
2026-06-24 08:09:00+00:00,210.94,215.25,204.15,210.61,0
2026-06-24 08:10:00+00:00,210.77,210.77,210.77,210.77,0
2026-06-24 08:11:00+00:00,210.6,211.4,210.6,211.36,0
2026-06-24 08:12:00+00:00,211.2549,211.2549,210.61,211.1,0
2026-06-24 08:13:00+00:00,210.6,211.3,210.6,210.99,0
2026-06-24 08:14:00+00:00,210.86,211.3,210.86,211.3,0
2026-06-24 08:15:00+00:00,210.6365,210.91,210.6365,210.72,0
2026-06-24 08:16:00+00:00,210.6,211.3,210.6,211.3,0
2026-06-24 08:17:00+00:00,210.86,210.9,210.8,210.88,0
2026-06-24 08:18:00+00:00,210.6,210.75,210.48,210.75,0
2026-06-24 08:19:00+00:00,210.5,210.6947,209.53,209.9,0
2026-06-24 08:20:00+00:00,210.0062,210.58,209.9,210.22,0
2026-06-24 08:21:00+00:00,210.12,210.3,210.12,210.3,0
2026-06-24 08:22:00+00:00,210.2,210.2,210.0,210.0,0
2026-06-24 08:23:00+00:00,209.88,209.88,209.88,209.88,0
2026-06-24 08:24:00+00:00,210.77,210.77,209.858,209.88,0
2026-06-24 08:25:00+00:00,209.88,209.88,209.4,209.4,0
2026-06-24 08:26:00+00:00,209.35,209.35,209.35,209.35,0
2026-06-24 08:28:00+00:00,209.35,210.0,209.22,210.0,0
2026-06-24 08:29:00+00:00,210.0,210.0,209.1068,209.1068,0
2026-06-24 08:30:00+00:00,209.58,209.59,209.58,209.59,0
2026-06-24 08:31:00+00:00,209.49,210.07,209.49,210.07,0
2026-06-24 08:32:00+00:00,210.4888,210.4888,209.4,210.0,0
2026-06-24 08:33:00+00:00,210.0,210.0,209.49,209.65,0
2026-06-24 08:34:00+00:00,209.65,210.07,209.65,210.0,0
2026-06-24 08:35:00+00:00,210.0,210.0,209.65,209.65,0
2026-06-24 08:36:00+00:00,209.68,210.0,209.0,209.0,0
2026-06-24 08:37:00+00:00,209.0,209.0,209.0,209.0,0
2026-06-24 08:39:00+00:00,209.55,209.55,209.37,209.37,0
2026-06-24 08:40:00+00:00,209.12,209.52,209.12,209.43,0
2026-06-24 08:41:00+00:00,209.43,209.43,209.43,209.43,0
2026-06-24 08:42:00+00:00,208.4216,209.55,208.4216,209.22,0
2026-06-24 08:43:00+00:00,209.49,209.49,209.0,209.0,0
2026-06-24 08:44:00+00:00,209.0,209.22,209.0,209.0,0
2026-06-24 08:45:00+00:00,209.26,209.26,209.18,209.25,0
2026-06-24 08:46:00+00:00,209.22,209.26,209.0511,209.0774,0
2026-06-24 08:47:00+00:00,209.39,209.39,208.8,208.8,0
2026-06-24 08:48:00+00:00,208.8,209.5,208.7,208.8287,0
2026-06-24 08:49:00+00:00,208.71,209.7,208.71,209.2,0
2026-06-24 08:50:00+00:00,208.96,209.3,208.8,209.3,0
2026-06-24 08:51:00+00:00,209.3,209.3,208.98,209.25,0
2026-06-24 08:52:00+00:00,209.36,209.36,209.36,209.36,0
2026-06-24 08:53:00+00:00,209.47,209.5,208.71,209.5,0
2026-06-24 08:54:00+00:00,208.7816,208.7816,208.7816,208.7816,0
2026-06-24 08:55:00+00:00,209.38,209.38,209.38,209.38,0
2026-06-24 08:56:00+00:00,209.68,209.68,209.68,209.68,0
2026-06-24 08:57:00+00:00,209.51,209.68,209.51,209.53,0
2026-06-24 08:58:00+00:00,209.41,209.5885,209.07,209.07,0
2026-06-24 08:59:00+00:00,209.34,209.34,209.34,209.34,0
2026-06-24 09:00:00+00:00,209.4,209.9584,209.4,209.9584,0
2026-06-24 09:01:00+00:00,209.0,209.0,209.0,209.0,0
2026-06-24 09:02:00+00:00,209.0,209.0,208.06,208.53,0
2026-06-24 09:03:00+00:00,208.56,208.56,208.53,208.53,0
2026-06-24 09:04:00+00:00,209.19,209.19,208.53,208.53,0
2026-06-24 09:05:00+00:00,208.84,208.84,208.84,208.84,0
2026-06-24 09:06:00+00:00,208.76,208.76,208.76,208.76,0
2026-06-24 09:08:00+00:00,208.6085,208.76,208.53,208.76,0
2026-06-24 09:09:00+00:00,208.38,208.38,208.38,208.38,0
2026-06-24 09:10:00+00:00,209.2386,209.2386,209.1859,209.1859,0
2026-06-24 09:11:00+00:00,209.24,209.24,208.5401,208.5401,0
2026-06-24 09:12:00+00:00,209.13,209.3,209.0,209.3,0
2026-06-24 09:13:00+00:00,209.28,209.3,209.28,209.3,0
2026-06-24 09:14:00+00:00,209.2,209.32,209.2,209.28,0
2026-06-24 09:15:00+00:00,209.28,209.56,209.28,209.56,0
2026-06-24 09:16:00+00:00,209.5,209.54,209.02,209.02,0
2026-06-24 09:18:00+00:00,208.86,208.86,208.86,208.86,0
2026-06-24 09:20:00+00:00,209.13,209.13,209.13,209.13,0
2026-06-24 09:21:00+00:00,209.1,209.13,209.05,209.13,0
2026-06-24 09:24:00+00:00,209.13,209.13,209.13,209.13,0
2026-06-24 09:25:00+00:00,209.21,209.45,209.2,209.45,0
2026-06-24 09:26:00+00:00,209.31,209.31,208.94,208.94,0
2026-06-24 09:27:00+00:00,209.0,209.0,209.0,209.0,0
2026-06-24 09:28:00+00:00,209.807,209.807,209.807,209.807,0
2026-06-24 09:29:00+00:00,209.81,209.9584,209.06,209.9584,0
2026-06-24 09:31:00+00:00,209.1991,209.27,208.7,208.7,0
2026-06-24 09:32:00+00:00,208.71,208.71,208.59,208.66,0
2026-06-24 09:33:00+00:00,208.67,208.67,208.6582,208.6582,0
2026-06-24 09:35:00+00:00,208.31,208.6888,208.0,208.11,0
2026-06-24 09:36:00+00:00,208.12,208.12,208.11,208.11,0
2026-06-24 09:37:00+00:00,208.11,208.72,208.11,208.6463,0
2026-06-24 09:38:00+00:00,208.07,208.3877,207.0413,207.0413,0
2026-06-24 09:39:00+00:00,208.0,208.3,208.0,208.2,0
2026-06-24 09:40:00+00:00,207.88,208.23,207.56,207.87,0
2026-06-24 09:41:00+00:00,207.9877,207.9877,207.9877,207.9877,0
2026-06-24 09:43:00+00:00,207.98,207.98,207.98,207.98,0
2026-06-24 09:44:00+00:00,207.83,207.92,207.83,207.92,0
2026-06-24 09:45:00+00:00,208.0421,208.0421,208.0421,208.0421,0
2026-06-24 09:46:00+00:00,207.9,207.9,207.87,207.87,0
2026-06-24 09:47:00+00:00,207.77,207.87,207.77,207.79,0
2026-06-24 09:48:00+00:00,207.8759,208.4727,207.8759,208.4727,0
2026-06-24 09:49:00+00:00,207.9,208.29,207.9,208.07,0
2026-06-24 09:50:00+00:00,208.28,208.28,208.28,208.28,0
2026-06-24 09:51:00+00:00,208.14,208.14,208.14,208.14,0
2026-06-24 09:52:00+00:00,208.1348,208.96,208.1348,208.96,0
2026-06-24 09:53:00+00:00,208.8823,208.8823,208.55,208.55,0
2026-06-24 09:54:00+00:00,208.55,208.85,208.55,208.85,0
2026-06-24 09:55:00+00:00,208.5,208.65,208.44,208.65,0
2026-06-24 09:58:00+00:00,208.8084,208.8084,208.5,208.5,0
2026-06-24 09:59:00+00:00,208.43,208.9586,208.24,208.9586,0
2026-06-24 10:00:00+00:00,208.24,208.24,208.1,208.11,0
2026-06-24 10:01:00+00:00,208.51,208.51,208.51,208.51,0
2026-06-24 10:02:00+00:00,208.51,208.51,208.24,208.24,0
2026-06-24 10:03:00+00:00,208.24,208.24,208.24,208.24,0
2026-06-24 10:04:00+00:00,208.86,208.86,208.86,208.86,0
2026-06-24 10:05:00+00:00,208.87,208.87,208.87,208.87,0
2026-06-24 10:06:00+00:00,208.24,208.35,208.14,208.14,0
2026-06-24 10:07:00+00:00,208.8388,208.8388,208.7175,208.8,0
2026-06-24 10:08:00+00:00,208.9588,208.9588,208.9588,208.9588,0
2026-06-24 10:09:00+00:00,208.5,208.5,208.5,208.5,0
2026-06-24 10:10:00+00:00,208.5,208.5,208.5,208.5,0
2026-06-24 10:11:00+00:00,208.4,208.4,208.36,208.36,0
2026-06-24 10:12:00+00:00,208.28,208.4,208.0,208.34,0
2026-06-24 10:13:00+00:00,208.6034,208.6034,208.5,208.5,0
2026-06-24 10:14:00+00:00,208.43,208.43,208.43,208.43,0
2026-06-24 10:15:00+00:00,208.55,208.6,208.55,208.6,0
2026-06-24 10:19:00+00:00,208.43,208.46,208.2,208.43,0
2026-06-24 10:20:00+00:00,208.43,208.43,208.43,208.43,0
2026-06-24 10:21:00+00:00,208.21,208.3,208.2,208.29,0
2026-06-24 10:22:00+00:00,208.29,208.31,208.29,208.31,0
2026-06-24 10:23:00+00:00,208.31,208.31,208.04,208.04,0
2026-06-24 10:24:00+00:00,208.16,208.8046,208.16,208.7927,0
2026-06-24 10:25:00+00:00,208.62,208.62,208.51,208.51,0
2026-06-24 10:26:00+00:00,208.14,208.14,208.14,208.14,0
2026-06-24 10:27:00+00:00,208.0,208.11,208.0,208.09,0
2026-06-24 10:29:00+00:00,208.11,208.11,208.09,208.09,0
2026-06-24 10:32:00+00:00,208.1033,208.1033,208.1033,208.1033,0
2026-06-24 10:34:00+00:00,208.62,208.62,208.29,208.29,0
2026-06-24 10:36:00+00:00,208.5,208.87,208.5,208.55,0
2026-06-24 10:37:00+00:00,208.79,209.0,208.79,209.0,0
2026-06-24 10:38:00+00:00,209.01,209.15,209.01,209.01,0
2026-06-24 10:39:00+00:00,209.14,209.14,209.14,209.14,0
2026-06-24 10:40:00+00:00,209.2,209.2,209.0,209.0,0
2026-06-24 10:41:00+00:00,209.0,209.1165,209.0,209.1165,0
2026-06-24 10:42:00+00:00,209.0,209.0,209.0,209.0,0
2026-06-24 10:43:00+00:00,209.12,209.12,209.09,209.09,0
2026-06-24 10:44:00+00:00,209.0,209.0,209.0,209.0,0
2026-06-24 10:45:00+00:00,209.06,209.15,209.06,209.15,0
2026-06-24 10:46:00+00:00,209.0,209.4707,208.96,208.96,0
2026-06-24 10:47:00+00:00,208.96,208.96,208.96,208.96,0
2026-06-24 10:49:00+00:00,209.4585,209.4585,209.45,209.45,0
2026-06-24 10:50:00+00:00,209.08,209.08,208.61,208.61,0
2026-06-24 10:51:00+00:00,208.45,208.86,208.4,208.4,0
2026-06-24 10:53:00+00:00,208.4067,208.8303,208.404,208.404,0
2026-06-24 10:54:00+00:00,208.29,208.55,208.29,208.55,0
2026-06-24 10:55:00+00:00,208.56,208.67,208.56,208.67,0
2026-06-24 10:56:00+00:00,208.6378,209.0,208.4013,209.0,0
2026-06-24 10:57:00+00:00,208.79,208.81,208.79,208.81,0
2026-06-24 10:58:00+00:00,208.81,208.94,208.81,208.94,0
2026-06-24 10:59:00+00:00,208.5,208.5,208.5,208.5,0
2026-06-24 11:00:00+00:00,208.87,208.935,208.29,208.935,0
2026-06-24 11:01:00+00:00,208.91,208.93,208.5,208.83,0
2026-06-24 11:02:00+00:00,208.6,208.6,208.3821,208.5,0
2026-06-24 11:03:00+00:00,208.5,208.845,208.5,208.845,0
2026-06-24 11:04:00+00:00,208.848,208.85,208.5,208.5,0
2026-06-24 11:05:00+00:00,208.5,208.7775,208.29,208.7775,0
2026-06-24 11:06:00+00:00,208.7145,208.7194,208.0,208.0,0
2026-06-24 11:07:00+00:00,207.77,208.0,207.5,207.7,0
2026-06-24 11:08:00+00:00,207.62,208.69,207.5,208.69,0
2026-06-24 11:09:00+00:00,207.75,208.2133,207.7,207.7305,0
2026-06-24 11:10:00+00:00,207.7,208.1,207.7,208.0,0
2026-06-24 11:11:00+00:00,207.674,207.68,207.5,207.5,0
2026-06-24 11:12:00+00:00,207.7,208.0,207.5,207.5,0
2026-06-24 11:13:00+00:00,207.6043,208.3,207.25,207.55,0
2026-06-24 11:14:00+00:00,207.55,207.55,207.0,207.0,0
2026-06-24 11:15:00+00:00,207.33,207.55,207.0,207.0,0
2026-06-24 11:16:00+00:00,206.75,207.55,206.33,206.81,0
2026-06-24 11:17:00+00:00,207.11,207.55,207.11,207.25,0
2026-06-24 11:18:00+00:00,207.0,207.55,206.33,207.0,0
2026-06-24 11:19:00+00:00,206.95,207.55,206.95,207.55,0
2026-06-24 11:20:00+00:00,207.55,207.55,206.33,206.33,0
2026-06-24 11:21:00+00:00,207.25,207.35,206.85,207.25,0
2026-06-24 11:22:00+00:00,207.25,207.25,206.81,207.1249,0
2026-06-24 11:23:00+00:00,207.02,207.146,207.02,207.14,0
2026-06-24 11:24:00+00:00,206.33,207.25,206.33,207.25,0
2026-06-24 11:25:00+00:00,207.05,207.35,207.0,207.29,0
2026-06-24 11:26:00+00:00,206.9,207.3,206.9,207.3,0
2026-06-24 11:27:00+00:00,207.2,207.3,207.08,207.3,0
2026-06-24 11:28:00+00:00,207.3,207.3,206.33,207.29,0
2026-06-24 11:29:00+00:00,206.82,207.28,206.82,207.0,0
2026-06-24 11:30:00+00:00,207.0,207.0,206.82,207.0,0
2026-06-24 11:31:00+00:00,207.0,207.55,207.0,207.55,0
2026-06-24 11:32:00+00:00,207.54,207.55,207.21,207.21,0
2026-06-24 11:33:00+00:00,207.0,207.54,207.0,207.54,0
2026-06-24 11:34:00+00:00,207.54,207.55,207.01,207.01,0
2026-06-24 11:35:00+00:00,207.4434,207.54,207.08,207.4161,0
2026-06-24 11:36:00+00:00,207.4274,207.54,207.01,207.01,0
2026-06-24 11:37:00+00:00,207.2161,207.99,207.2,207.7656,0
2026-06-24 11:38:00+00:00,207.7652,207.95,207.0,207.0,0
2026-06-24 11:39:00+00:00,207.66,207.66,207.01,207.27,0
2026-06-24 11:40:00+00:00,207.18,207.9555,207.18,207.95,0
2026-06-24 11:41:00+00:00,207.47,207.99,207.47,207.66,0
2026-06-24 11:42:00+00:00,207.0819,207.5094,207.0819,207.5094,0
2026-06-24 11:43:00+00:00,207.3966,207.6699,207.3,207.3,0
2026-06-24 11:44:00+00:00,207.3,207.3,207.0,207.28,0
2026-06-24 11:45:00+00:00,207.0526,207.3048,207.0,207.11,0
2026-06-24 11:46:00+00:00,207.11,207.39,207.0,207.0,0
2026-06-24 11:47:00+00:00,207.2,207.348,207.052,207.15,0
2026-06-24 11:48:00+00:00,207.348,207.7488,207.26,207.65,0
2026-06-24 11:49:00+00:00,207.88,207.88,207.22,207.8536,0
2026-06-24 11:50:00+00:00,207.832,207.832,207.6,207.6,0
2026-06-24 11:51:00+00:00,207.81,207.91,207.61,207.78,0
2026-06-24 11:52:00+00:00,207.99,207.99,205.93,206.25,0
2026-06-24 11:53:00+00:00,205.2,205.96,205.2,205.96,0
2026-06-24 11:54:00+00:00,206.2,206.3,205.98,206.17,0
2026-06-24 11:55:00+00:00,206.3,207.5,206.17,207.5,0
2026-06-24 11:56:00+00:00,207.5,207.5,206.17,207.37,0
2026-06-24 11:57:00+00:00,207.37,207.37,206.21,207.3,0
2026-06-24 11:58:00+00:00,206.3169,207.29,206.17,207.29,0
2026-06-24 11:59:00+00:00,207.1939,207.1939,206.48,206.63,0
2026-06-24 12:00:00+00:00,206.8591,207.0,206.17,206.5,0
2026-06-24 12:01:00+00:00,206.2,206.91,206.2,206.91,0
2026-06-24 12:02:00+00:00,206.51,206.9,206.51,206.8,0
2026-06-24 12:03:00+00:00,206.7671,206.7671,206.68,206.68,0
2026-06-24 12:04:00+00:00,207.0,207.3,207.0,207.0,0
2026-06-24 12:05:00+00:00,207.1818,207.35,207.1818,207.35,0
2026-06-24 12:06:00+00:00,206.94,207.4,206.55,206.89,0
2026-06-24 12:07:00+00:00,207.25,207.25,206.31,206.66,0
2026-06-24 12:08:00+00:00,206.37,207.0,205.81,206.959,0
2026-06-24 12:09:00+00:00,206.0,206.85,206.0,206.85,0
2026-06-24 12:10:00+00:00,207.0,207.0,206.6,207.0,0
2026-06-24 12:11:00+00:00,206.625,207.0,206.5,206.9353,0
2026-06-24 12:12:00+00:00,206.63,207.0,206.51,206.8,0
2026-06-24 12:13:00+00:00,206.8753,207.0,206.7842,206.9302,0
2026-06-24 12:14:00+00:00,207.0,207.63,207.0,207.63,0
2026-06-24 12:15:00+00:00,207.1,207.5156,206.75,207.18,0
2026-06-24 12:16:00+00:00,207.0,207.63,206.923,207.5156,0
2026-06-24 12:17:00+00:00,207.4,207.52,207.13,207.13,0
2026-06-24 12:18:00+00:00,207.21,207.4567,207.13,207.4567,0
2026-06-24 12:19:00+00:00,207.25,207.51,207.25,207.3,0
2026-06-24 12:20:00+00:00,207.51,207.63,207.3,207.4787,0
2026-06-24 12:21:00+00:00,207.48,207.63,207.48,207.5,0
2026-06-24 12:22:00+00:00,207.5,207.5,207.0,207.3,0
2026-06-24 12:23:00+00:00,207.38,207.51,207.31,207.3645,0
2026-06-24 12:24:00+00:00,207.5,207.6,207.34,207.52,0
2026-06-24 12:25:00+00:00,207.63,207.68,207.378,207.378,0
2026-06-24 12:26:00+00:00,207.44,207.6,207.04,207.2,0
2026-06-24 12:27:00+00:00,207.174,207.3,207.0,207.3,0
2026-06-24 12:28:00+00:00,207.2483,207.29,207.06,207.29,0
2026-06-24 12:29:00+00:00,207.29,207.32,207.2698,207.31,0
2026-06-24 12:30:00+00:00,207.3,207.6,207.12,207.6,0
2026-06-24 12:31:00+00:00,207.1,207.1,207.0919,207.0919,0
2026-06-24 12:32:00+00:00,207.09,207.48,206.9542,206.9542,0
2026-06-24 12:33:00+00:00,207.08,207.48,206.5,206.51,0
2026-06-24 12:34:00+00:00,207.0,207.15,206.41,207.0,0
2026-06-24 12:35:00+00:00,207.15,207.48,206.12,206.3,0
2026-06-24 12:36:00+00:00,206.1001,206.3153,206.1,206.22,0
2026-06-24 12:37:00+00:00,206.1,207.0,206.1,206.1,0
2026-06-24 12:38:00+00:00,207.15,207.15,206.1,206.3,0
2026-06-24 12:39:00+00:00,206.5,207.15,206.5,206.56,0
2026-06-24 12:40:00+00:00,207.0,207.15,206.1,207.15,0
2026-06-24 12:41:00+00:00,206.65,206.75,206.0,206.32,0
2026-06-24 12:42:00+00:00,207.0,207.0,206.0,206.02,0
2026-06-24 12:43:00+00:00,206.02,207.1212,206.01,206.14,0
2026-06-24 12:44:00+00:00,206.14,207.0,206.14,207.0,0
2026-06-24 12:45:00+00:00,206.32,206.39,206.32,206.39,0
2026-06-24 12:46:00+00:00,206.35,206.75,206.32,206.65,0
2026-06-24 12:47:00+00:00,207.0,207.0,206.5,206.5,0
2026-06-24 12:48:00+00:00,206.7,206.98,206.7,206.98,0
2026-06-24 12:49:00+00:00,206.65,206.98,206.0,206.65,0
2026-06-24 12:50:00+00:00,206.32,206.32,205.8,205.8,0
2026-06-24 12:51:00+00:00,206.69,206.69,205.9157,206.68,0
2026-06-24 12:52:00+00:00,206.19,206.55,206.19,206.3394,0
2026-06-24 12:53:00+00:00,206.1,206.69,205.9157,206.68,0
2026-06-24 12:54:00+00:00,206.68,206.69,206.68,206.68,0
2026-06-24 12:55:00+00:00,206.59,206.59,205.89,205.97,0
2026-06-24 12:56:00+00:00,206.59,206.59,205.9,206.29,0
2026-06-24 12:57:00+00:00,206.29,206.4,205.8,206.29,0
2026-06-24 12:58:00+00:00,206.0,206.4,205.8,206.2568,0
2026-06-24 12:59:00+00:00,206.1,206.1,205.8,206.0,0
2026-06-24 13:00:00+00:00,205.97,206.29,205.5,205.6641,0
2026-06-24 13:01:00+00:00,205.8,206.39,205.1,205.1,0
2026-06-24 13:02:00+00:00,205.88,206.29,205.2508,205.5,0
2026-06-24 13:03:00+00:00,205.7,206.29,205.16,205.49,0
2026-06-24 13:04:00+00:00,206.0483,206.0483,205.1,206.0,0
2026-06-24 13:05:00+00:00,205.3,205.8,205.1,205.8,0
2026-06-24 13:06:00+00:00,205.02,205.79,204.5,205.0,0
2026-06-24 13:07:00+00:00,204.5,205.0,204.43,204.5,0
2026-06-24 13:08:00+00:00,204.56,204.9609,204.35,204.35,0
2026-06-24 13:09:00+00:00,205.0,205.0,204.37,204.57,0
2026-06-24 13:10:00+00:00,204.41,204.8,204.39,204.39,0
2026-06-24 13:11:00+00:00,204.77,205.0,204.25,204.58,0
2026-06-24 13:12:00+00:00,204.6,204.99,204.55,204.99,0
2026-06-24 13:13:00+00:00,204.71,204.71,204.3654,204.3654,0
2026-06-24 13:14:00+00:00,204.304,235.74,204.2,204.76,0
2026-06-24 13:15:00+00:00,204.76,205.4,204.76,205.4,0
2026-06-24 13:16:00+00:00,205.4,205.4,204.89,205.2934,0
2026-06-24 13:17:00+00:00,205.4,205.88,204.58,205.69,0
2026-06-24 13:18:00+00:00,205.7,205.7,204.87,205.04,0
2026-06-24 13:19:00+00:00,205.02,205.3,204.88,205.3,0
2026-06-24 13:20:00+00:00,205.03,205.05,204.24,204.98,0
2026-06-24 13:21:00+00:00,205.2,205.6,205.01,205.01,0
2026-06-24 13:22:00+00:00,205.0,205.11,204.24,204.582,0
2026-06-24 13:23:00+00:00,204.9012,204.99,204.43,204.99,0
2026-06-24 13:24:00+00:00,204.844,204.99,204.32,204.99,0
2026-06-24 13:25:00+00:00,204.89,205.0,204.29,204.6,0
2026-06-24 13:26:00+00:00,204.4,205.0,204.3,204.65,0
2026-06-24 13:27:00+00:00,204.44,204.66,203.0987,204.12,0
2026-06-24 13:28:00+00:00,203.0,204.4,202.65,202.65,0
2026-06-24 13:29:00+00:00,202.65,202.99,202.18,202.28,0
2026-06-24 13:30:00+00:00,202.57000732421875,202.57000732421875,200.1999969482422,200.25999450683594,723350
2026-06-24 13:31:00+00:00,200.22000122070312,201.39939880371094,196.8000030517578,197.0050048828125,173003
2026-06-24 13:32:00+00:00,196.8000030517578,198.67999267578125,196.41009521484375,198.27000427246094,164257
2026-06-24 13:33:00+00:00,198.22999572753906,198.4199981689453,197.2449951171875,197.99000549316406,128486
2026-06-24 13:34:00+00:00,198.01499938964844,199.77999877929688,197.86500549316406,199.39500427246094,94135
2026-06-24 13:35:00+00:00,198.875,201.07989501953125,198.60009765625,200.60499572753906,100072
2026-06-24 13:36:00+00:00,200.67999267578125,200.8300018310547,198.0,198.00999450683594,67387
2026-06-24 13:37:00+00:00,198.20480346679688,199.22999572753906,198.00999450683594,198.5850067138672,47404
2026-06-24 13:38:00+00:00,198.5449981689453,198.85000610351562,197.27000427246094,197.4550018310547,47726
2026-06-24 13:39:00+00:00,197.47999572753906,197.75,197.16000366210938,197.16000366210938,66203
2026-06-24 13:40:00+00:00,197.35499572753906,197.63999938964844,196.13499450683594,196.1999969482422,77474
2026-06-24 13:41:00+00:00,196.3000030517578,196.3000030517578,195.02000427246094,195.02540588378906,111417
2026-06-24 13:42:00+00:00,195.13999938964844,195.9199981689453,194.77000427246094,195.66000366210938,95419
2026-06-24 13:43:00+00:00,195.69500732421875,196.49000549316406,195.25,196.1199951171875,85186
2026-06-24 13:44:00+00:00,196.1580047607422,197.2100067138672,195.88999938964844,197.02999877929688,74652
2026-06-24 13:45:00+00:00,196.97999572753906,198.44500732421875,196.92010498046875,197.93499755859375,166452
2026-06-24 13:46:00+00:00,197.9600067138672,199.1291046142578,197.75,199.05999755859375,75446
2026-06-24 13:47:00+00:00,199.0749969482422,199.0749969482422,197.57000732421875,197.74000549316406,102053
2026-06-24 13:48:00+00:00,197.77000427246094,197.8000030517578,196.60009765625,196.75999450683594,74177
2026-06-24 13:49:00+00:00,196.88499450683594,197.99000549316406,196.88499450683594,197.60000610351562,80410
2026-06-24 13:50:00+00:00,197.54629516601562,198.0,197.05999755859375,197.8000030517578,51682
2026-06-24 13:51:00+00:00,197.85499572753906,198.10000610351562,197.48500061035156,197.88999938964844,82213
2026-06-24 13:52:00+00:00,197.75999450683594,197.9499969482422,196.66000366210938,197.0449981689453,66971
2026-06-24 13:53:00+00:00,196.99000549316406,197.3249969482422,196.8300018310547,197.22250366210938,47077
2026-06-24 13:54:00+00:00,197.2100067138672,197.5,196.84010314941406,196.94500732421875,46749
2026-06-24 13:55:00+00:00,196.93499755859375,196.93499755859375,195.3800048828125,195.64999389648438,51468
2026-06-24 13:56:00+00:00,195.62750244140625,195.70069885253906,194.63999938964844,195.13499450683594,92747
2026-06-24 13:57:00+00:00,195.13999938964844,195.7729949951172,195.08999633789062,195.15499877929688,83819
2026-06-24 13:58:00+00:00,195.15499877929688,195.97999572753906,194.77999877929688,195.8800048828125,87562
2026-06-24 13:59:00+00:00,196.0749969482422,196.38999938964844,195.7100067138672,195.99000549316406,69970
2026-06-24 14:00:00+00:00,195.99000549316406,196.5377960205078,195.39999389648438,195.4149932861328,62960
2026-06-24 14:01:00+00:00,195.3000946044922,195.98989868164062,195.22999572753906,195.75,38549
2026-06-24 14:02:00+00:00,195.50999450683594,196.10000610351562,194.75,195.36000061035156,79468
2026-06-24 14:03:00+00:00,195.39999389648438,195.39999389648438,194.63999938964844,194.83999633789062,41034
2026-06-24 14:04:00+00:00,194.87249755859375,195.49000549316406,194.80999755859375,194.92999267578125,40163
2026-06-24 14:05:00+00:00,194.9499969482422,196.19000244140625,194.9499969482422,195.86000061035156,40228
2026-06-24 14:06:00+00:00,195.875,196.5800018310547,195.5167999267578,195.85000610351562,38903
2026-06-24 14:07:00+00:00,195.7100067138672,196.39999389648438,195.7100067138672,195.8699951171875,37023
2026-06-24 14:08:00+00:00,195.88999938964844,196.08999633789062,195.57000732421875,195.60000610351562,33157
2026-06-24 14:09:00+00:00,195.8000030517578,196.5800018310547,195.8000030517578,196.4949951171875,64482
2026-06-24 14:10:00+00:00,196.49819946289062,197.90550231933594,196.35000610351562,197.80999755859375,81531
2026-06-24 14:11:00+00:00,197.8800048828125,198.1699981689453,197.74000549316406,197.8699951171875,60356
2026-06-24 14:12:00+00:00,197.86000061035156,198.0,197.00999450683594,197.72999572753906,44624
2026-06-24 14:13:00+00:00,197.5605926513672,197.7050018310547,197.1300048828125,197.55999755859375,28129
2026-06-24 14:14:00+00:00,197.52999877929688,197.52999877929688,196.53500366210938,196.60000610351562,29022
2026-06-24 14:15:00+00:00,196.7050018310547,197.14500427246094,196.2100067138672,196.22000122070312,29484
2026-06-24 14:16:00+00:00,196.24000549316406,196.30999755859375,195.6199951171875,195.74000549316406,41085
2026-06-24 14:17:00+00:00,195.71499633789062,195.97000122070312,195.07000732421875,195.07000732421875,34691
2026-06-24 14:18:00+00:00,195.22999572753906,195.98989868164062,195.22999572753906,195.89999389648438,23735
2026-06-24 14:19:00+00:00,195.88999938964844,195.98989868164062,195.50010681152344,195.67999267578125,17145
2026-06-24 14:20:00+00:00,195.52999877929688,195.52999877929688,194.8000030517578,195.0,94911
2026-06-24 14:21:00+00:00,194.8300018310547,196.14999389648438,194.60009765625,196.11000061035156,65371
2026-06-24 14:22:00+00:00,195.9499969482422,196.76499938964844,195.63009643554688,196.58999633789062,44828
2026-06-24 14:23:00+00:00,196.58999633789062,196.7899932861328,196.07000732421875,196.47000122070312,37345
2026-06-24 14:24:00+00:00,196.35000610351562,196.4698944091797,195.8000946044922,195.99560546875,14419
2026-06-24 14:25:00+00:00,195.9550018310547,196.38999938964844,195.72000122070312,195.81500244140625,17727
2026-06-24 14:26:00+00:00,195.85499572753906,196.3000030517578,195.62010192871094,195.8000030517578,28478
2026-06-24 14:27:00+00:00,195.91000366210938,196.57000732421875,195.75999450683594,196.49000549316406,24834
2026-06-24 14:28:00+00:00,196.34500122070312,196.67999267578125,196.1199951171875,196.17010498046875,23432
2026-06-24 14:29:00+00:00,196.1699981689453,196.3699951171875,196.0,196.17999267578125,35398
2026-06-24 14:30:00+00:00,196.1999969482422,197.23500061035156,196.1999969482422,197.23500061035156,36900
2026-06-24 14:31:00+00:00,197.0500030517578,197.875,197.0500030517578,197.64010620117188,36970
2026-06-24 14:32:00+00:00,197.75999450683594,197.8800048828125,197.3101043701172,197.4499969482422,30433
2026-06-24 14:33:00+00:00,197.41000366210938,197.47999572753906,197.05999755859375,197.3300018310547,19733
2026-06-24 14:34:00+00:00,197.52999877929688,197.86000061035156,197.4499969482422,197.63999938964844,24271
2026-06-24 14:35:00+00:00,197.75,198.0399932861328,197.6300048828125,198.02999877929688,20039
2026-06-24 14:36:00+00:00,198.0355987548828,198.5500030517578,197.860107421875,197.860107421875,41902
2026-06-24 14:37:00+00:00,197.99000549316406,197.99000549316406,197.0,197.22000122070312,36247
2026-06-24 14:38:00+00:00,197.14999389648438,197.50999450683594,197.05589294433594,197.22500610351562,19177
2026-06-24 14:39:00+00:00,197.0399932861328,197.0399932861328,196.22000122070312,196.22000122070312,50756
2026-06-24 14:40:00+00:00,196.55990600585938,196.67999267578125,196.1999969482422,196.3249969482422,24481
2026-06-24 14:41:00+00:00,196.3300018310547,196.3300018310547,195.85000610351562,196.0449981689453,32784
2026-06-24 14:42:00+00:00,196.14999389648438,196.14999389648438,195.67999267578125,195.86000061035156,28031
2026-06-24 14:43:00+00:00,195.9600067138672,196.0,195.7100067138672,195.84500122070312,22949
2026-06-24 14:44:00+00:00,195.75999450683594,196.5509033203125,195.75999450683594,196.52000427246094,22803
2026-06-24 14:45:00+00:00,196.44000244140625,196.6699981689453,196.3699951171875,196.52999877929688,17796
2026-06-24 14:46:00+00:00,196.55999755859375,197.84849548339844,196.5,197.306396484375,33730
2026-06-24 14:47:00+00:00,197.4199981689453,197.74000549316406,197.23500061035156,197.74000549316406,23564
2026-06-24 14:48:00+00:00,197.7449951171875,197.8000030517578,197.1699981689453,197.25999450683594,22916
2026-06-24 14:49:00+00:00,197.16549682617188,197.33999633789062,196.97999572753906,197.3300018310547,18146
2026-06-24 14:50:00+00:00,197.22999572753906,197.7899932861328,197.2050018310547,197.3300018310547,25675
2026-06-24 14:51:00+00:00,197.3000030517578,197.56500244140625,197.0500030517578,197.56500244140625,16821
2026-06-24 14:52:00+00:00,197.6300048828125,197.67999267578125,197.43190002441406,197.60000610351562,21920
2026-06-24 14:53:00+00:00,197.58999633789062,197.75999450683594,197.368896484375,197.5749969482422,19376
2026-06-24 14:54:00+00:00,197.59140014648438,197.91000366210938,197.1800994873047,197.19000244140625,27979
2026-06-24 14:55:00+00:00,197.17999267578125,197.22999572753906,196.75,197.22999572753906,29464
2026-06-24 14:56:00+00:00,197.24000549316406,197.5399932861328,197.1199951171875,197.27000427246094,19986
2026-06-24 14:57:00+00:00,197.30499267578125,197.74000549316406,197.30499267578125,197.6999969482422,32046
2026-06-24 14:58:00+00:00,197.61000061035156,198.36000061035156,197.5800018310547,198.11000061035156,50028
2026-06-24 14:59:00+00:00,198.16000366210938,198.67999267578125,198.09500122070312,198.60499572753906,20412
2026-06-24 15:00:00+00:00,198.60499572753906,199.0,198.5,198.7449951171875,53399
2026-06-24 15:01:00+00:00,198.7449951171875,199.23989868164062,198.5305938720703,198.89999389648438,50055
2026-06-24 15:02:00+00:00,198.8699951171875,199.0688934326172,198.5800018310547,198.7899932861328,30387
2026-06-24 15:03:00+00:00,198.78500366210938,199.16990661621094,198.6300048828125,198.98500061035156,22068
2026-06-24 15:04:00+00:00,198.98500061035156,199.69000244140625,198.98500061035156,199.32000732421875,50164
2026-06-24 15:05:00+00:00,199.4600067138672,199.75999450683594,199.3300018310547,199.5,33304
2026-06-24 15:06:00+00:00,199.63999938964844,199.6699981689453,198.85000610351562,198.9600067138672,34386
2026-06-24 15:07:00+00:00,199.05990600585938,199.25999450683594,198.85000610351562,199.22999572753906,24432
2026-06-24 15:08:00+00:00,199.25,199.52999877929688,198.8000030517578,198.90499877929688,34016
2026-06-24 15:09:00+00:00,198.8000030517578,199.1699981689453,198.61500549316406,199.09970092773438,27357
2026-06-24 15:10:00+00:00,199.0749969482422,199.3699951171875,198.52000427246094,198.52999877929688,33772
2026-06-24 15:11:00+00:00,198.5,198.5399932861328,198.0,198.13499450683594,27510
2026-06-24 15:12:00+00:00,198.02000427246094,198.07989501953125,197.2301025390625,197.2301025390625,29430
2026-06-24 15:13:00+00:00,197.27999877929688,197.57000732421875,197.2100067138672,197.4199981689453,23686
2026-06-24 15:14:00+00:00,197.4550018310547,198.08999633789062,197.4550018310547,197.89999389648438,25391
2026-06-24 15:15:00+00:00,197.89999389648438,197.89999389648438,197.47999572753906,197.5800018310547,20856
2026-06-24 15:16:00+00:00,197.5800018310547,198.12899780273438,197.3699951171875,197.98500061035156,24707
2026-06-24 15:17:00+00:00,198.1199951171875,198.5399932861328,197.8249969482422,198.4499969482422,26420
2026-06-24 15:18:00+00:00,198.47000122070312,198.47999572753906,197.88999938964844,198.07000732421875,26585
2026-06-24 15:19:00+00:00,197.89500427246094,197.98500061035156,197.4600067138672,197.75,14862
2026-06-24 15:20:00+00:00,197.7624969482422,198.11000061035156,197.63499450683594,197.6699981689453,20886
2026-06-24 15:21:00+00:00,197.6699981689453,197.72999572753906,197.35009765625,197.35009765625,20227
2026-06-24 15:22:00+00:00,197.4199981689453,197.6199951171875,197.36019897460938,197.5449981689453,19305
2026-06-24 15:23:00+00:00,197.6300048828125,197.6699981689453,197.35000610351562,197.47000122070312,31858
2026-06-24 15:24:00+00:00,197.4949951171875,197.4949951171875,196.52000427246094,196.5800018310547,43175
2026-06-24 15:25:00+00:00,196.52000427246094,196.52000427246094,195.8751983642578,195.91000366210938,44706
2026-06-24 15:26:00+00:00,196.1199951171875,196.47549438476562,196.08999633789062,196.3800048828125,50479
2026-06-24 15:27:00+00:00,196.31500244140625,196.72999572753906,196.31500244140625,196.64990234375,44943
2026-06-24 15:28:00+00:00,196.5800018310547,197.07000732421875,196.55499267578125,196.75999450683594,81242
2026-06-24 15:29:00+00:00,196.7100067138672,196.9499969482422,196.5399932861328,196.74000549316406,19302
2026-06-24 15:30:00+00:00,196.75,197.00999450683594,196.5500030517578,196.80999755859375,73975
2026-06-24 15:31:00+00:00,196.7949981689453,196.8000030517578,196.58999633789062,196.64999389648438,13522
2026-06-24 15:32:00+00:00,196.60499572753906,196.75999450683594,196.38999938964844,196.50999450683594,22594
2026-06-24 15:33:00+00:00,196.50999450683594,196.62989807128906,196.10000610351562,196.2449951171875,9734
2026-06-24 15:34:00+00:00,196.27999877929688,196.7100067138672,196.27999877929688,196.50999450683594,16486
2026-06-24 15:35:00+00:00,196.50999450683594,196.8000030517578,196.36000061035156,196.8000030517578,13430
2026-06-24 15:36:00+00:00,196.8000030517578,196.91990661621094,196.5800018310547,196.75,15162
2026-06-24 15:37:00+00:00,196.72000122070312,196.80499267578125,196.53500366210938,196.80499267578125,13805
2026-06-24 15:38:00+00:00,196.80999755859375,196.80999755859375,196.50999450683594,196.69000244140625,12582
2026-06-24 15:39:00+00:00,196.70849609375,196.70849609375,196.3000030517578,196.48500061035156,20846
2026-06-24 15:40:00+00:00,196.48500061035156,196.61500549316406,196.39999389648438,196.50999450683594,21085
2026-06-24 15:41:00+00:00,196.50999450683594,196.50999450683594,196.24000549316406,196.2550048828125,15533
2026-06-24 15:42:00+00:00,196.26499938964844,196.27000427246094,195.97999572753906,196.10000610351562,30010
2026-06-24 15:43:00+00:00,196.08999633789062,196.22999572753906,195.6800994873047,195.82040405273438,27681
2026-06-24 15:44:00+00:00,195.82000732421875,196.1300048828125,195.72999572753906,196.1300048828125,29714
2026-06-24 15:45:00+00:00,196.10499572753906,196.17990112304688,195.8800048828125,196.09500122070312,17871
2026-06-24 15:46:00+00:00,196.00999450683594,196.17990112304688,195.64999389648438,195.64999389648438,18325
2026-06-24 15:47:00+00:00,195.72000122070312,196.0800018310547,195.6300048828125,195.86000061035156,24474
2026-06-24 15:48:00+00:00,195.85499572753906,196.2698974609375,195.85499572753906,196.0200958251953,19138
2026-06-24 15:49:00+00:00,196.13999938964844,196.97000122070312,196.05999755859375,196.8300018310547,19182
2026-06-24 15:50:00+00:00,196.8300018310547,197.08929443359375,196.77000427246094,196.8925018310547,17861
2026-06-24 15:51:00+00:00,197.0,197.1300048828125,196.82110595703125,196.9199981689453,17616
2026-06-24 15:52:00+00:00,197.0050048828125,197.14999389648438,196.72000122070312,197.14999389648438,15116
2026-06-24 15:53:00+00:00,197.1300048828125,197.60989379882812,197.0800018310547,197.4199981689453,24023
2026-06-24 15:54:00+00:00,197.39999389648438,197.39999389648438,196.96499633789062,197.08799743652344,15736
2026-06-24 15:55:00+00:00,196.91000366210938,197.16000366210938,196.91000366210938,196.92999267578125,10623
2026-06-24 15:56:00+00:00,196.9499969482422,196.9499969482422,196.50999450683594,196.67999267578125,10733
2026-06-24 15:57:00+00:00,196.65199279785156,196.906005859375,196.65199279785156,196.77000427246094,13329
2026-06-24 15:58:00+00:00,196.75999450683594,196.75999450683594,196.11000061035156,196.11000061035156,48630
2026-06-24 15:59:00+00:00,196.19960021972656,196.32000732421875,196.07000732421875,196.25999450683594,22079
2026-06-24 16:00:00+00:00,196.2050018310547,196.69000244140625,196.05499267578125,196.5500030517578,18961
2026-06-24 16:01:00+00:00,196.48680114746094,196.89990234375,196.48680114746094,196.55499267578125,35740
2026-06-24 16:02:00+00:00,196.4611053466797,196.5800018310547,196.4611053466797,196.55999755859375,13209
2026-06-24 16:03:00+00:00,196.47999572753906,196.6199951171875,196.25010681152344,196.52000427246094,14387
2026-06-24 16:04:00+00:00,196.6699981689453,196.8000030517578,196.58009338378906,196.6999969482422,14195
2026-06-24 16:05:00+00:00,196.68499755859375,196.7050018310547,196.27999877929688,196.4445037841797,15270
2026-06-24 16:06:00+00:00,196.52999877929688,196.63999938964844,196.2899932861328,196.2899932861328,12018
2026-06-24 16:07:00+00:00,196.33999633789062,196.64999389648438,196.30999755859375,196.64999389648438,13504
2026-06-24 16:08:00+00:00,196.6649932861328,196.86500549316406,196.6300048828125,196.63499450683594,10701
2026-06-24 16:09:00+00:00,196.58999633789062,196.9499969482422,196.47000122070312,196.9499969482422,10074
2026-06-24 16:10:00+00:00,196.75,197.0800018310547,196.61000061035156,197.05499267578125,15471
2026-06-24 16:11:00+00:00,197.0,197.33999633789062,196.77999877929688,196.85000610351562,27290
2026-06-24 16:12:00+00:00,196.75999450683594,196.8513946533203,196.56210327148438,196.69000244140625,8731
2026-06-24 16:13:00+00:00,196.58999633789062,196.8300018310547,196.3699951171875,196.8300018310547,23738
2026-06-24 16:14:00+00:00,196.8249969482422,197.0500030517578,196.8000030517578,196.97999572753906,12970
2026-06-24 16:15:00+00:00,196.99000549316406,197.0500030517578,196.83999633789062,197.0399932861328,20118
2026-06-24 16:16:00+00:00,197.0,197.0198974609375,196.52999877929688,196.60499572753906,25692
2026-06-24 16:17:00+00:00,196.60499572753906,196.6999969482422,196.4600067138672,196.60000610351562,18159
2026-06-24 16:18:00+00:00,196.52499389648438,196.8699951171875,196.26499938964844,196.8699951171875,20522
2026-06-24 16:19:00+00:00,196.77999877929688,197.0,196.6999969482422,196.9149932861328,10412
2026-06-24 16:20:00+00:00,196.86570739746094,197.0850067138672,196.77000427246094,197.0500030517578,10174
2026-06-24 16:21:00+00:00,197.0500030517578,197.0500030517578,196.58819580078125,196.66000366210938,13282
2026-06-24 16:22:00+00:00,196.7449951171875,197.22000122070312,196.72000122070312,197.07000732421875,10057
2026-06-24 16:23:00+00:00,197.12649536132812,197.32989501953125,197.0500030517578,197.32989501953125,10142
2026-06-24 16:24:00+00:00,197.1199951171875,197.28990173339844,197.01010131835938,197.18499755859375,13842
2026-06-24 16:25:00+00:00,197.19500732421875,197.19500732421875,196.7700958251953,196.7864990234375,23517
2026-06-24 16:26:00+00:00,196.75999450683594,196.92999267578125,196.69000244140625,196.8800048828125,7441
2026-06-24 16:27:00+00:00,196.97000122070312,197.07000732421875,196.82000732421875,197.07000732421875,11553
2026-06-24 16:28:00+00:00,197.02000427246094,197.2899932861328,197.02000427246094,197.1999969482422,12299
2026-06-24 16:29:00+00:00,197.3278045654297,197.57000732421875,197.3278045654297,197.3656005859375,15345
2026-06-24 16:30:00+00:00,197.38999938964844,197.38999938964844,196.92999267578125,197.0,21817
2026-06-24 16:31:00+00:00,197.0,197.10000610351562,196.81500244140625,196.96499633789062,24209
2026-06-24 16:32:00+00:00,196.89999389648438,197.1199951171875,196.8302001953125,197.0,22060
2026-06-24 16:33:00+00:00,197.0113067626953,197.1199951171875,196.76010131835938,196.88499450683594,26651
2026-06-24 16:34:00+00:00,196.8300018310547,196.99000549316406,196.75999450683594,196.9600067138672,33091
2026-06-24 16:35:00+00:00,196.91000366210938,197.35000610351562,196.91000366210938,197.35000610351562,32711
2026-06-24 16:36:00+00:00,197.22999572753906,197.22999572753906,196.4199981689453,196.52000427246094,28828
2026-06-24 16:37:00+00:00,196.46510314941406,196.56460571289062,196.21499633789062,196.3000030517578,18847
2026-06-24 16:38:00+00:00,196.3300018310547,196.69000244140625,196.2550048828125,196.52999877929688,17361
2026-06-24 16:39:00+00:00,196.48500061035156,196.5500030517578,196.20010375976562,196.47500610351562,21280
2026-06-24 16:40:00+00:00,196.47500610351562,196.47500610351562,196.00999450683594,196.1999969482422,16916
2026-06-24 16:41:00+00:00,196.21499633789062,196.33999633789062,195.9499969482422,196.22999572753906,32486
2026-06-24 16:42:00+00:00,196.22999572753906,196.22999572753906,195.9499969482422,196.04209899902344,17614
2026-06-24 16:43:00+00:00,196.02499389648438,196.21499633789062,196.02499389648438,196.21499633789062,15020
2026-06-24 16:44:00+00:00,196.2899932861328,196.3300018310547,196.19000244140625,196.25999450683594,6760
2026-06-24 16:45:00+00:00,196.14999389648438,196.19479370117188,195.72500610351562,195.7899932861328,23448
2026-06-24 16:46:00+00:00,195.7550048828125,196.1199951171875,195.7550048828125,196.0,25283
2026-06-24 16:47:00+00:00,195.92010498046875,196.52000427246094,195.92010498046875,196.47000122070312,38758
2026-06-24 16:48:00+00:00,196.39500427246094,196.61000061035156,196.0601043701172,196.0601043701172,34541
2026-06-24 16:49:00+00:00,196.14500427246094,196.30999755859375,196.08999633789062,196.08999633789062,8789
2026-06-24 16:50:00+00:00,196.16000366210938,196.63999938964844,196.16000366210938,196.5800018310547,8649
2026-06-24 16:51:00+00:00,196.5399932861328,196.5800018310547,196.35009765625,196.43499755859375,9683
2026-06-24 16:52:00+00:00,196.39999389648438,196.50999450683594,196.36000061035156,196.3800048828125,10611
2026-06-24 16:53:00+00:00,196.27000427246094,196.6300048828125,196.24000549316406,196.43499755859375,13564
2026-06-24 16:54:00+00:00,196.39010620117188,196.39010620117188,196.0,196.0,10274
2026-06-24 16:55:00+00:00,196.02499389648438,196.27999877929688,195.89999389648438,196.27999877929688,18017
2026-06-24 16:56:00+00:00,196.3000030517578,196.52999877929688,196.3000030517578,196.38499450683594,10467
2026-06-24 16:57:00+00:00,196.3300018310547,196.3300018310547,196.11000061035156,196.1118927001953,11809
2026-06-24 16:58:00+00:00,196.15499877929688,196.35940551757812,196.08009338378906,196.1300048828125,9625
2026-06-24 16:59:00+00:00,196.2100067138672,196.2100067138672,196.00999450683594,196.1199951171875,10629
2026-06-24 17:00:00+00:00,196.0399932861328,196.11000061035156,195.83999633789062,196.0500030517578,28666
2026-06-24 17:01:00+00:00,196.0500030517578,196.25,195.94000244140625,196.25,18292
2026-06-24 17:02:00+00:00,196.30999755859375,196.6999969482422,196.16000366210938,196.5399932861328,16981
2026-06-24 17:03:00+00:00,196.5500030517578,196.88999938964844,196.43499755859375,196.77499389648438,11331
2026-06-24 17:04:00+00:00,196.85000610351562,196.88999938964844,196.625,196.74000549316406,10770
2026-06-24 17:05:00+00:00,196.8634033203125,196.8634033203125,196.41000366210938,196.41000366210938,7719
2026-06-24 17:06:00+00:00,196.3800048828125,196.3800048828125,195.85000610351562,195.9949951171875,13748
2026-06-24 17:07:00+00:00,195.9600067138672,196.0399932861328,195.30999755859375,195.32000732421875,35153
2026-06-24 17:08:00+00:00,195.3114013671875,195.49960327148438,195.17999267578125,195.3300018310547,36082
2026-06-24 17:09:00+00:00,195.35000610351562,195.3800048828125,195.25,195.3350067138672,15614
2026-06-24 17:10:00+00:00,195.42999267578125,195.6199951171875,195.33999633789062,195.57000732421875,19285
2026-06-24 17:11:00+00:00,195.57000732421875,195.57000732421875,195.34500122070312,195.3699951171875,19402
2026-06-24 17:12:00+00:00,195.25999450683594,195.4199981689453,195.17999267578125,195.2100067138672,25089
2026-06-24 17:13:00+00:00,195.14999389648438,195.16000366210938,194.89999389648438,195.02999877929688,62325
2026-06-24 17:14:00+00:00,194.88009643554688,195.25,194.88009643554688,195.0,12752
2026-06-24 17:15:00+00:00,194.94009399414062,195.44000244140625,194.94009399414062,195.08999633789062,21476
2026-06-24 17:16:00+00:00,195.05999755859375,195.05999755859375,194.19000244140625,194.19000244140625,51983
2026-06-24 17:17:00+00:00,194.27999877929688,194.5500030517578,194.1300048828125,194.50999450683594,25449
2026-06-24 17:18:00+00:00,194.41000366210938,194.41000366210938,194.0399932861328,194.11000061035156,22780
2026-06-24 17:19:00+00:00,194.18499755859375,194.50999450683594,194.18499755859375,194.28500366210938,16193
2026-06-24 17:20:00+00:00,194.3000030517578,194.49899291992188,194.10000610351562,194.2938995361328,16908
2026-06-24 17:21:00+00:00,194.19500732421875,194.22999572753906,193.77000427246094,194.11000061035156,63947
2026-06-24 17:22:00+00:00,194.1300048828125,194.5644073486328,194.0590057373047,194.11500549316406,38311
2026-06-24 17:23:00+00:00,194.11500549316406,194.1300048828125,193.82049560546875,193.85499572753906,14653
2026-06-24 17:24:00+00:00,193.9259033203125,194.52999877929688,193.77999877929688,194.47999572753906,30066
2026-06-24 17:25:00+00:00,194.44000244140625,194.85000610351562,194.14999389648438,194.7899932861328,63852
2026-06-24 17:26:00+00:00,194.85000610351562,195.49879455566406,194.85000610351562,195.07000732421875,49316
2026-06-24 17:27:00+00:00,194.9801025390625,195.6199951171875,194.9801025390625,195.47000122070312,39977
2026-06-24 17:28:00+00:00,195.39999389648438,195.72999572753906,195.3300018310547,195.5,34121
2026-06-24 17:29:00+00:00,195.5,195.86000061035156,195.47500610351562,195.72500610351562,35522
2026-06-24 17:30:00+00:00,195.7899932861328,196.0500030517578,195.60000610351562,195.88999938964844,53322
2026-06-24 17:31:00+00:00,195.83999633789062,195.83999633789062,194.87010192871094,194.94000244140625,35790
2026-06-24 17:32:00+00:00,194.9499969482422,195.16000366210938,194.80999755859375,194.97999572753906,40821
2026-06-24 17:33:00+00:00,194.88009643554688,195.3800048828125,194.77000427246094,195.25,45429
2026-06-24 17:34:00+00:00,195.3300018310547,196.08999633789062,195.3300018310547,196.03500366210938,22482
2026-06-24 17:35:00+00:00,196.03500366210938,196.39999389648438,195.75999450683594,195.75999450683594,27295
2026-06-24 17:36:00+00:00,195.58999633789062,195.7449951171875,195.1199951171875,195.32000732421875,30175
2026-06-24 17:37:00+00:00,195.3300018310547,195.35000610351562,195.1300048828125,195.33999633789062,31565
2026-06-24 17:38:00+00:00,195.30999755859375,195.4199981689453,195.04249572753906,195.34500122070312,42526
2026-06-24 17:39:00+00:00,195.30999755859375,195.68040466308594,195.25,195.64500427246094,22675
2026-06-24 17:40:00+00:00,195.57000732421875,195.70010375976562,195.33999633789062,195.47000122070312,30195
2026-06-24 17:41:00+00:00,195.47000122070312,195.66000366210938,195.32000732421875,195.58999633789062,23246
2026-06-24 17:42:00+00:00,195.58999633789062,195.73500061035156,195.4149932861328,195.62899780273438,48245
2026-06-24 17:43:00+00:00,195.58999633789062,195.58999633789062,195.10000610351562,195.11000061035156,33856
2026-06-24 17:44:00+00:00,195.13999938964844,195.14999389648438,194.52000427246094,194.8350067138672,36705
2026-06-24 17:45:00+00:00,194.85499572753906,194.92990112304688,194.3699951171875,194.3699951171875,34413
2026-06-24 17:46:00+00:00,194.39500427246094,194.94000244140625,194.32000732421875,194.86000061035156,30532
2026-06-24 17:47:00+00:00,194.7801055908203,195.30999755859375,194.7801055908203,195.2899932861328,25666
2026-06-24 17:48:00+00:00,195.31500244140625,195.7274932861328,195.22999572753906,195.46499633789062,30178
2026-06-24 17:49:00+00:00,195.47000122070312,195.66400146484375,195.39999389648438,195.55499267578125,24293
2026-06-24 17:50:00+00:00,195.48800659179688,195.58999633789062,195.33999633789062,195.47999572753906,23551
2026-06-24 17:51:00+00:00,195.52999877929688,195.63999938964844,195.36000061035156,195.5998992919922,31959
2026-06-24 17:52:00+00:00,195.4600067138672,195.61000061035156,195.24000549316406,195.39500427246094,47559
2026-06-24 17:53:00+00:00,195.44000244140625,195.52999877929688,195.3350067138672,195.49989318847656,44736
2026-06-24 17:54:00+00:00,195.5,195.82000732421875,195.5,195.77999877929688,45228
2026-06-24 17:55:00+00:00,195.8800048828125,196.38999938964844,195.8800048828125,196.2899932861328,28948
2026-06-24 17:56:00+00:00,196.2899932861328,196.4600067138672,195.84500122070312,196.08999633789062,47014
2026-06-24 17:57:00+00:00,196.02999877929688,196.0850067138672,195.6999969482422,195.77499389648438,37244
2026-06-24 17:58:00+00:00,195.75,195.75,195.3249969482422,195.47000122070312,48601
2026-06-24 17:59:00+00:00,195.35000610351562,195.58999633789062,195.1699981689453,195.42999267578125,29237
2026-06-24 18:00:00+00:00,195.30999755859375,195.55999755859375,195.16000366210938,195.30499267578125,30205
2026-06-24 18:01:00+00:00,195.24169921875,195.89999389648438,195.24169921875,195.64999389648438,18748
2026-06-24 18:02:00+00:00,195.5225067138672,195.55499267578125,195.1699981689453,195.50999450683594,25398
2026-06-24 18:03:00+00:00,195.5399932861328,195.93499755859375,195.3699951171875,195.77999877929688,15339
2026-06-24 18:04:00+00:00,195.78500366210938,195.89990234375,195.5500030517578,195.6699981689453,18211
2026-06-24 18:05:00+00:00,195.73829650878906,195.8800048828125,195.0,195.07000732421875,40200
2026-06-24 18:06:00+00:00,195.1699981689453,195.17999267578125,194.5749969482422,194.5749969482422,48397
2026-06-24 18:07:00+00:00,194.58999633789062,194.875,194.27999877929688,194.41000366210938,101869
2026-06-24 18:08:00+00:00,194.5,194.9499969482422,194.38999938964844,194.5,61106
2026-06-24 18:09:00+00:00,194.61500549316406,194.8000030517578,194.41000366210938,194.77000427246094,22872
2026-06-24 18:10:00+00:00,194.9329071044922,194.9604034423828,194.47000122070312,194.47000122070312,15565
2026-06-24 18:11:00+00:00,194.4499969482422,194.52999877929688,194.30999755859375,194.32000732421875,17633
2026-06-24 18:12:00+00:00,194.2899932861328,194.63999938964844,194.1199951171875,194.39999389648438,28174
2026-06-24 18:13:00+00:00,194.39999389648438,194.90289306640625,194.2899932861328,194.90289306640625,34006
2026-06-24 18:14:00+00:00,194.7899932861328,195.35000610351562,194.33999633789062,195.30999755859375,43061
2026-06-24 18:15:00+00:00,195.32000732421875,195.80999755859375,195.2899932861328,195.72999572753906,29300
2026-06-24 18:16:00+00:00,195.5399932861328,195.5699005126953,195.27000427246094,195.50999450683594,14799
2026-06-24 18:17:00+00:00,195.51499938964844,195.75,195.30999755859375,195.75,18709
2026-06-24 18:18:00+00:00,195.64999389648438,195.72000122070312,195.22999572753906,195.72000122070312,16584
2026-06-24 18:19:00+00:00,195.61500549316406,196.09609985351562,195.61500549316406,195.8188934326172,15272
2026-06-24 18:20:00+00:00,195.86749267578125,196.0,195.63999938964844,195.80999755859375,20705
2026-06-24 18:21:00+00:00,195.67999267578125,196.0050048828125,195.67999267578125,196.0,15326
2026-06-24 18:22:00+00:00,196.11000061035156,196.9687042236328,196.11000061035156,196.6999969482422,39425
2026-06-24 18:23:00+00:00,196.75999450683594,196.914306640625,196.30999755859375,196.34500122070312,16351
2026-06-24 18:24:00+00:00,196.30999755859375,196.6999053955078,196.3000030517578,196.61000061035156,33743
2026-06-24 18:25:00+00:00,196.6699981689453,196.77999877929688,196.32000732421875,196.7100067138672,44351
2026-06-24 18:26:00+00:00,196.6999969482422,196.6999969482422,196.27000427246094,196.42999267578125,20357
2026-06-24 18:27:00+00:00,196.3000030517578,196.64500427246094,196.26809692382812,196.5449981689453,19588
2026-06-24 18:28:00+00:00,196.5500030517578,196.86749267578125,196.47000122070312,196.86749267578125,26647
2026-06-24 18:29:00+00:00,196.86500549316406,197.75660705566406,196.74000549316406,197.21499633789062,62462
2026-06-24 18:30:00+00:00,197.3000030517578,197.47000122070312,196.72000122070312,196.75,22950
2026-06-24 18:31:00+00:00,196.6300048828125,196.7100067138672,196.52999877929688,196.5800018310547,24461
2026-06-24 18:32:00+00:00,196.5800018310547,196.64999389648438,196.13009643554688,196.28500366210938,38404
2026-06-24 18:33:00+00:00,196.25,196.3000030517578,195.64010620117188,195.64010620117188,24541
2026-06-24 18:34:00+00:00,195.8300018310547,196.1699981689453,195.8300018310547,196.07989501953125,35256
2026-06-24 18:35:00+00:00,196.07000732421875,196.1999969482422,195.36000061035156,195.52999877929688,19893
2026-06-24 18:36:00+00:00,195.4550018310547,195.66000366210938,194.8800048828125,195.39999389648438,82972
2026-06-24 18:37:00+00:00,195.3000030517578,195.86000061035156,194.86000061035156,195.1199951171875,39672
2026-06-24 18:38:00+00:00,194.97999572753906,195.22999572753906,194.75999450683594,195.0,38169
2026-06-24 18:39:00+00:00,195.02999877929688,195.12730407714844,194.5,194.85000610351562,45574
2026-06-24 18:40:00+00:00,194.8300018310547,194.91000366210938,194.4199981689453,194.77000427246094,20829
2026-06-24 18:41:00+00:00,194.58999633789062,195.60989379882812,194.58999633789062,195.4499969482422,44697
2026-06-24 18:42:00+00:00,195.39500427246094,200.5749969482422,195.39500427246094,199.2906036376953,453609
2026-06-24 18:43:00+00:00,199.25999450683594,199.44000244140625,196.63999938964844,196.99000549316406,153653
2026-06-24 18:44:00+00:00,197.19000244140625,198.5,195.69000244140625,197.69000244140625,289310
2026-06-24 18:45:00+00:00,197.80349731445312,197.80349731445312,195.11000061035156,195.3350067138672,133230
2026-06-24 18:46:00+00:00,195.42999267578125,195.52000427246094,193.8000030517578,193.91050720214844,140945
2026-06-24 18:47:00+00:00,193.98500061035156,194.39999389648438,192.89999389648438,193.08999633789062,204042
2026-06-24 18:48:00+00:00,193.10000610351562,193.6199951171875,192.77749633789062,193.05499267578125,100353
2026-06-24 18:49:00+00:00,193.15499877929688,193.4600067138672,192.76010131835938,193.125,66303
2026-06-24 18:50:00+00:00,193.08999633789062,193.08999633789062,191.61000061035156,191.90980529785156,189529
2026-06-24 18:51:00+00:00,192.1999969482422,192.34939575195312,191.3300018310547,191.55499267578125,105848
2026-06-24 18:52:00+00:00,191.52999877929688,191.7899932861328,191.02000427246094,191.22000122070312,91500
2026-06-24 18:53:00+00:00,191.22000122070312,192.10000610351562,191.17999267578125,191.7100067138672,71520
2026-06-24 18:54:00+00:00,191.72000122070312,195.19000244140625,191.66000366210938,193.92010498046875,357349
2026-06-24 18:55:00+00:00,194.0,194.89999389648438,192.80999755859375,193.4550018310547,116412
2026-06-24 18:56:00+00:00,193.6999969482422,198.75,193.4600067138672,198.5,283459
2026-06-24 18:57:00+00:00,198.2550048828125,201.48989868164062,197.0,197.27000427246094,404678
2026-06-24 18:58:00+00:00,197.42999267578125,197.52999877929688,194.64999389648438,194.80999755859375,152009
2026-06-24 18:59:00+00:00,194.66000366210938,195.0800018310547,193.88999938964844,194.6750030517578,112058
2026-06-24 19:00:00+00:00,194.75,195.00999450683594,193.14999389648438,193.60000610351562,133152
2026-06-24 19:01:00+00:00,193.5,194.60989379882812,193.13999938964844,193.5500030517578,106274
2026-06-24 19:02:00+00:00,193.32009887695312,195.27999877929688,193.32009887695312,194.69000244140625,128932
2026-06-24 19:03:00+00:00,194.99000549316406,195.9600067138672,194.63999938964844,195.55999755859375,170034
2026-06-24 19:04:00+00:00,195.33999633789062,195.91000366210938,194.86000061035156,195.13999938964844,78297
2026-06-24 19:05:00+00:00,195.3000030517578,195.6999969482422,194.60000610351562,194.86000061035156,109838
2026-06-24 19:06:00+00:00,194.60000610351562,194.75999450683594,193.1300048828125,193.1300048828125,98212
2026-06-24 19:07:00+00:00,193.30999755859375,193.45989990234375,192.5395965576172,192.7449951171875,79308
2026-06-24 19:08:00+00:00,192.7449951171875,193.0399932861328,192.32000732421875,193.0399932861328,60323
2026-06-24 19:09:00+00:00,192.88999938964844,193.63999938964844,192.88999938964844,193.1300048828125,47050
2026-06-24 19:10:00+00:00,193.07000732421875,193.1663055419922,192.02000427246094,192.68499755859375,72325
2026-06-24 19:11:00+00:00,192.68499755859375,192.74000549316406,192.17999267578125,192.36500549316406,42026
2026-06-24 19:12:00+00:00,192.36500549316406,192.85989379882812,192.00999450683594,192.2100067138672,54827
2026-06-24 19:13:00+00:00,192.2100067138672,192.2100067138672,191.6800994873047,191.8699951171875,48954
2026-06-24 19:14:00+00:00,192.0,193.5,192.0,193.39999389648438,90073
2026-06-24 19:15:00+00:00,193.3249969482422,193.3686981201172,192.7100067138672,192.82000732421875,39222
2026-06-24 19:16:00+00:00,192.82000732421875,192.9600067138672,192.52000427246094,192.63999938964844,40885
2026-06-24 19:17:00+00:00,192.58999633789062,193.22999572753906,192.58999633789062,192.99000549316406,49112
2026-06-24 19:18:00+00:00,193.03500366210938,193.05999755859375,192.6300048828125,193.05999755859375,53569
2026-06-24 19:19:00+00:00,193.0800018310547,193.64999389648438,192.8800048828125,193.10499572753906,64193
2026-06-24 19:20:00+00:00,193.2899932861328,193.4199981689453,192.78750610351562,192.8699951171875,41727
2026-06-24 19:21:00+00:00,192.8000030517578,193.38999938964844,192.8000030517578,193.00999450683594,47698
2026-06-24 19:22:00+00:00,193.00999450683594,193.24000549316406,192.52999877929688,192.95150756835938,71381
2026-06-24 19:23:00+00:00,193.0050048828125,193.4398956298828,192.88999938964844,192.88999938964844,44212
2026-06-24 19:24:00+00:00,192.98500061035156,193.58999633789062,192.58999633789062,193.39999389648438,56328
2026-06-24 19:25:00+00:00,193.4949951171875,193.98989868164062,193.22000122070312,193.26499938964844,88599
2026-06-24 19:26:00+00:00,193.16000366210938,194.14999389648438,193.16000366210938,194.00999450683594,64355
2026-06-24 19:27:00+00:00,194.05999755859375,194.285400390625,193.22999572753906,193.72999572753906,62825
2026-06-24 19:28:00+00:00,193.77000427246094,194.35000610351562,193.60000610351562,194.30999755859375,55596
2026-06-24 19:29:00+00:00,194.30999755859375,194.5800018310547,194.13999938964844,194.24000549316406,68661
2026-06-24 19:30:00+00:00,194.27000427246094,196.33999633789062,194.27000427246094,195.36000061035156,246154
2026-06-24 19:31:00+00:00,195.02999877929688,195.44500732421875,194.35000610351562,194.52000427246094,68374
2026-06-24 19:32:00+00:00,194.53500366210938,194.72000122070312,193.36000061035156,194.23500061035156,85279
2026-06-24 19:33:00+00:00,194.22999572753906,194.5850067138672,194.07000732421875,194.29249572753906,39685
2026-06-24 19:34:00+00:00,194.3000030517578,194.6999969482422,194.3000030517578,194.37010192871094,40355
2026-06-24 19:35:00+00:00,194.6199951171875,194.77000427246094,194.19000244140625,194.64999389648438,43619
2026-06-24 19:36:00+00:00,194.7050018310547,195.5157012939453,194.6031951904297,195.30250549316406,38547
2026-06-24 19:37:00+00:00,195.17999267578125,195.7100067138672,195.11500549316406,195.3101043701172,45091
2026-06-24 19:38:00+00:00,195.42999267578125,195.6300048828125,195.11000061035156,195.11000061035156,38411
2026-06-24 19:39:00+00:00,195.15499877929688,195.5,194.92999267578125,195.00999450683594,58572
2026-06-24 19:40:00+00:00,195.00999450683594,195.19000244140625,194.5500030517578,194.75,41596
2026-06-24 19:41:00+00:00,194.6999969482422,194.99000549316406,194.1945037841797,194.28500366210938,48806
2026-06-24 19:42:00+00:00,194.3300018310547,194.3300018310547,193.64999389648438,193.72000122070312,62779
2026-06-24 19:43:00+00:00,193.72000122070312,194.4199981689453,193.72000122070312,194.3800048828125,45550
2026-06-24 19:44:00+00:00,194.3300018310547,194.63999938964844,194.17999267578125,194.2100067138672,50968
2026-06-24 19:45:00+00:00,194.2899932861328,194.41000366210938,193.8000030517578,194.23500061035156,40400
2026-06-24 19:46:00+00:00,194.1300048828125,194.25750732421875,193.25999450683594,193.5800018310547,78994
2026-06-24 19:47:00+00:00,193.49000549316406,194.1300048828125,193.44000244140625,194.02999877929688,57523
2026-06-24 19:48:00+00:00,194.02999877929688,194.17999267578125,193.7899932861328,193.94000244140625,70558
2026-06-24 19:49:00+00:00,193.9499969482422,194.08999633789062,193.75100708007812,193.9499969482422,75539
2026-06-24 19:50:00+00:00,193.88999938964844,194.44000244140625,193.27000427246094,194.30999755859375,130882
2026-06-24 19:51:00+00:00,194.2050018310547,194.97650146484375,194.19000244140625,194.61000061035156,106785
2026-06-24 19:52:00+00:00,194.72999572753906,194.86000061035156,194.19000244140625,194.86000061035156,106990
2026-06-24 19:53:00+00:00,194.76499938964844,195.64999389648438,194.5449981689453,195.33999633789062,117721
2026-06-24 19:54:00+00:00,195.3699951171875,195.58999633789062,195.0,195.10870361328125,116180
2026-06-24 19:55:00+00:00,195.0800018310547,196.56500244140625,195.0800018310547,196.53500366210938,125814
2026-06-24 19:56:00+00:00,196.5,196.94000244140625,196.32000732421875,196.48500061035156,149858
2026-06-24 19:57:00+00:00,196.48500061035156,196.5565948486328,196.0500030517578,196.36000061035156,201876
2026-06-24 19:58:00+00:00,196.35000610351562,196.42999267578125,195.77000427246094,196.0850067138672,226590
2026-06-24 19:59:00+00:00,196.0850067138672,197.4698944091797,196.0500030517578,197.39999389648438,472376
2026-06-24 20:00:00+00:00,197.41,198.25,197.325,198.25,2871732
2026-06-24 20:01:00+00:00,198.14,199.5,197.79,199.49,0
2026-06-24 20:02:00+00:00,199.16,199.99,197.5501,199.1694,0
2026-06-24 20:03:00+00:00,199.5,200.0,198.47,200.0,0
2026-06-24 20:04:00+00:00,200.0,202.6,197.41,202.6,0
2026-06-24 20:05:00+00:00,202.4,202.61,201.0774,201.22,0
2026-06-24 20:06:00+00:00,201.0,202.0,201.0,201.55,0
2026-06-24 20:07:00+00:00,202.0,203.9,201.5,202.5,0
2026-06-24 20:08:00+00:00,202.5,202.5,201.5,201.5596,0
2026-06-24 20:09:00+00:00,201.71,202.0,200.89,200.9985,0
2026-06-24 20:10:00+00:00,201.0562,202.0,197.41,202.0,0
2026-06-24 20:11:00+00:00,201.9264,202.0,201.24,201.63,0
2026-06-24 20:12:00+00:00,201.44,201.75,200.44,201.0,0
2026-06-24 20:13:00+00:00,200.0,201.0,198.0,199.0101,0
2026-06-24 20:14:00+00:00,199.0,200.0,199.0,199.4866,0
2026-06-24 20:15:00+00:00,199.7,201.25,198.79,201.25,0
2026-06-24 20:16:00+00:00,201.49,201.5,200.02,200.14,0
2026-06-24 20:17:00+00:00,200.4137,200.8,199.87,200.15,0
2026-06-24 20:18:00+00:00,200.384,201.47,200.0,200.6,0
2026-06-24 20:19:00+00:00,200.6,201.0,200.1,200.99,0
2026-06-24 20:20:00+00:00,200.74,203.92,199.01,200.22,0
2026-06-24 20:21:00+00:00,199.41,203.38,197.55,202.91,0
2026-06-24 20:22:00+00:00,202.249,207.0,202.0,204.6,0
2026-06-24 20:23:00+00:00,204.9326,207.0,204.6,206.0,0
2026-06-24 20:24:00+00:00,206.01,208.98,206.0,208.92,0
2026-06-24 20:25:00+00:00,208.76,216.88,208.71,216.88,0
2026-06-24 20:26:00+00:00,216.35,217.0,211.5,213.0,0
2026-06-24 20:27:00+00:00,213.0095,213.8,209.0,210.0344,0
2026-06-24 20:28:00+00:00,209.02,211.5,209.0,211.47,0
2026-06-24 20:29:00+00:00,211.49,213.29,210.0,212.45,0
2026-06-24 20:30:00+00:00,212.64,213.46,212.5,213.01,0
2026-06-24 20:31:00+00:00,213.0,213.2,212.0,212.5,0
2026-06-24 20:32:00+00:00,212.59,216.0,212.0,215.017,0
2026-06-24 20:33:00+00:00,215.15,218.0,214.99,217.0,0
2026-06-24 20:34:00+00:00,217.0,217.01,215.0,216.11,0
2026-06-24 20:35:00+00:00,216.07,216.8,215.0,215.0,0
2026-06-24 20:36:00+00:00,215.37,216.7797,215.0,215.55,0
2026-06-24 20:37:00+00:00,215.55,215.84,215.0,215.4,0
2026-06-24 20:38:00+00:00,216.0,218.96,215.84,216.9,0
2026-06-24 20:39:00+00:00,216.2,219.0609,216.0,219.0609,0
2026-06-24 20:40:00+00:00,219.17,221.0,217.5,220.65,0
2026-06-24 20:41:00+00:00,220.45,224.17,220.07,223.38,0
2026-06-24 20:42:00+00:00,223.77,225.88,221.98,225.36,0
2026-06-24 20:43:00+00:00,225.72,228.0,224.07,226.48,0
2026-06-24 20:44:00+00:00,226.48,227.0,225.0,225.35,0
2026-06-24 20:45:00+00:00,225.1132,226.5,224.27,225.75,0
2026-06-24 20:46:00+00:00,226.74,226.74,225.0,225.341,0
2026-06-24 20:47:00+00:00,225.4,228.5,225.14,227.5,0
2026-06-24 20:48:00+00:00,227.539,227.79,225.49,227.7174,0
2026-06-24 20:49:00+00:00,227.9,228.6,227.0,228.45,0
2026-06-24 20:50:00+00:00,228.506,229.5,227.744,229.4499,0
2026-06-24 20:51:00+00:00,229.45,229.65,224.0,225.0952,0
2026-06-24 20:52:00+00:00,225.01,226.74,225.01,226.09,0
2026-06-24 20:53:00+00:00,225.81,226.0,224.0,225.9588,0
2026-06-24 20:54:00+00:00,225.0,226.74,224.11,224.56,0
2026-06-24 20:55:00+00:00,224.31,224.56,219.95,222.99,0
2026-06-24 20:56:00+00:00,222.0,223.0,220.5,220.66,0
2026-06-24 20:57:00+00:00,220.9608,222.71,220.66,222.68,0
2026-06-24 20:58:00+00:00,222.1021,223.8,221.0,221.01,0
2026-06-24 20:59:00+00:00,221.01,221.75,219.0,220.0,0
2026-06-24 21:00:00+00:00,219.69,222.88,219.12,222.0,0
2026-06-24 21:01:00+00:00,222.0,222.0,219.48,219.48,0
2026-06-24 21:02:00+00:00,220.2,220.2,218.0,218.56,0
2026-06-24 21:03:00+00:00,218.5,220.2,218.5,220.0,0
2026-06-24 21:04:00+00:00,219.7891,222.0,219.7115,221.92,0
2026-06-24 21:05:00+00:00,221.92,222.0,221.45,221.53,0
2026-06-24 21:06:00+00:00,221.85,222.0,220.28,220.96,0
2026-06-24 21:07:00+00:00,220.5,222.0,220.29,220.92,0
2026-06-24 21:08:00+00:00,221.5,223.6391,220.86,223.02,0
2026-06-24 21:09:00+00:00,223.05,223.7092,221.0,222.5573,0
2026-06-24 21:10:00+00:00,222.0,222.73,221.04,222.36,0
2026-06-24 21:11:00+00:00,222.44,222.44,220.2117,220.2117,0
2026-06-24 21:12:00+00:00,221.0,221.03,218.0001,218.94,0
2026-06-24 21:13:00+00:00,219.4,221.0,218.93,220.1654,0
2026-06-24 21:14:00+00:00,220.99,220.99,219.0097,219.11,0
2026-06-24 21:15:00+00:00,219.2,219.85,218.8,219.27,0
2026-06-24 21:16:00+00:00,219.27,220.25,218.82,219.5,0
2026-06-24 21:17:00+00:00,219.085,219.99,218.8969,219.92,0
2026-06-24 21:18:00+00:00,219.98,220.9699,219.22,220.3,0
2026-06-24 21:19:00+00:00,221.04,221.33,219.01,219.99,0
2026-06-24 21:20:00+00:00,219.7,220.0,219.0101,219.5,0
2026-06-24 21:21:00+00:00,219.21,220.0,219.1,219.2495,0
2026-06-24 21:22:00+00:00,219.32,220.0,219.1001,219.82,0
2026-06-24 21:23:00+00:00,219.22,219.89,219.22,219.52,0
2026-06-24 21:24:00+00:00,219.524,221.93,219.5,220.24,0
2026-06-24 21:25:00+00:00,221.0,221.3,220.11,221.15,0
2026-06-24 21:26:00+00:00,221.15,222.0,220.5,221.6,0
2026-06-24 21:27:00+00:00,222.0,222.0,221.0,221.75,0
2026-06-24 21:28:00+00:00,221.11,224.0,221.11,223.73,0
2026-06-24 21:29:00+00:00,223.87,224.0494,223.0,223.25,0
2026-06-24 21:30:00+00:00,223.21,223.97,222.0,223.35,0
2026-06-24 21:31:00+00:00,223.87,223.87,221.99,222.0,0
2026-06-24 21:32:00+00:00,222.01,223.15,221.5,222.51,0
2026-06-24 21:33:00+00:00,223.0,223.0,221.6301,222.2,0
2026-06-24 21:34:00+00:00,222.9,223.0,221.63,222.09,0
2026-06-24 21:35:00+00:00,222.09,222.46,221.35,221.36,0
2026-06-24 21:36:00+00:00,221.5001,222.0,220.77,221.2925,0
2026-06-24 21:37:00+00:00,220.558,221.38,220.1,220.52,0
2026-06-24 21:38:00+00:00,220.9268,221.38,220.5,221.3308,0
2026-06-24 21:39:00+00:00,221.71,221.98,221.1,221.6,0
2026-06-24 21:40:00+00:00,221.7342,222.0,221.4258,221.5,0
2026-06-24 21:41:00+00:00,221.11,221.89,220.61,220.6671,0
2026-06-24 21:42:00+00:00,220.99,222.0,220.61,221.64,0
2026-06-24 21:43:00+00:00,221.25,223.2,221.25,223.1041,0
2026-06-24 21:44:00+00:00,223.19,223.72,222.6,223.72,0
2026-06-24 21:45:00+00:00,223.5,225.85,223.5,225.85,0
2026-06-24 21:46:00+00:00,225.01,225.78,223.77,224.59,0
2026-06-24 21:47:00+00:00,223.8649,224.5617,223.77,224.11,0
2026-06-24 21:48:00+00:00,224.34,225.0,223.61,224.9768,0
2026-06-24 21:49:00+00:00,224.81,225.304,224.77,224.9426,0
2026-06-24 21:50:00+00:00,224.9363,224.9401,224.0,224.1501,0
2026-06-24 21:51:00+00:00,224.42,224.7337,223.85,223.9477,0
2026-06-24 21:52:00+00:00,223.61,224.19,223.3,223.89,0
2026-06-24 21:53:00+00:00,224.1806,224.1806,223.02,223.5099,0
2026-06-24 21:54:00+00:00,223.0726,224.0,223.03,223.99,0
2026-06-24 21:55:00+00:00,223.99,224.9,223.7916,224.51,0
2026-06-24 21:56:00+00:00,224.7374,224.7374,223.73,224.0,0
2026-06-24 21:57:00+00:00,223.8253,224.68,223.8253,224.4,0
2026-06-24 21:58:00+00:00,224.21,224.47,223.03,223.03,0
2026-06-24 21:59:00+00:00,223.0846,223.49,223.03,223.1013,0
2026-06-24 22:00:00+00:00,223.27,224.5,223.27,224.305,0
2026-06-24 22:01:00+00:00,224.3239,225.4,223.95,225.38,0
2026-06-24 22:02:00+00:00,225.01,226.0,225.0,225.0,0
2026-06-24 22:03:00+00:00,225.0,225.35,223.03,224.0,0
2026-06-24 22:04:00+00:00,223.94,224.5,223.31,223.909,0
2026-06-24 22:05:00+00:00,223.98,224.322,223.3,224.0218,0
2026-06-24 22:06:00+00:00,224.13,224.5,224.02,224.5,0
2026-06-24 22:07:00+00:00,224.03,224.5,224.0,224.0,0
2026-06-24 22:08:00+00:00,224.0,224.4,223.49,224.4,0
2026-06-24 22:09:00+00:00,224.0,225.3,223.78,224.64,0
2026-06-24 22:10:00+00:00,224.65,225.0,224.01,225.0,0
2026-06-24 22:11:00+00:00,224.6901,225.1337,224.69,224.75,0
2026-06-24 22:12:00+00:00,224.21,225.0,224.2,224.896,0
2026-06-24 22:13:00+00:00,224.79,225.3,224.5,224.52,0
2026-06-24 22:14:00+00:00,225.0,225.25,224.6,225.12,0
2026-06-24 22:15:00+00:00,224.8,225.47,224.76,225.46,0
2026-06-24 22:16:00+00:00,225.49,225.97,225.01,225.29,0
2026-06-24 22:17:00+00:00,225.27,225.5,224.791,224.791,0
2026-06-24 22:18:00+00:00,224.7,225.49,224.5,224.5,0
2026-06-24 22:19:00+00:00,224.612,225.3,224.0,224.2,0
2026-06-24 22:20:00+00:00,224.7,225.0,224.2,224.65,0
2026-06-24 22:21:00+00:00,224.9428,225.34,224.65,224.94,0
2026-06-24 22:22:00+00:00,225.0,225.42,224.92,225.0024,0
2026-06-24 22:23:00+00:00,225.0,225.3,224.9,225.0,0
2026-06-24 22:24:00+00:00,224.7088,225.0,224.1,224.73,0
2026-06-24 22:25:00+00:00,224.8656,225.0,224.13,224.71,0
2026-06-24 22:26:00+00:00,224.73,225.0,224.1,224.844,0
2026-06-24 22:27:00+00:00,224.36,225.2,224.36,225.0,0
2026-06-24 22:28:00+00:00,225.0001,225.4,224.94,225.1383,0
2026-06-24 22:29:00+00:00,225.2,225.29,224.8396,225.0,0
2026-06-24 22:30:00+00:00,225.164,225.7,225.0,225.58,0
2026-06-24 22:31:00+00:00,225.79,225.87,225.32,225.32,0
2026-06-24 22:32:00+00:00,225.38,225.75,225.0001,225.0001,0
2026-06-24 22:33:00+00:00,225.01,225.348,224.8,224.9726,0
2026-06-24 22:34:00+00:00,224.95,225.0,224.8,224.9624,0
2026-06-24 22:35:00+00:00,224.9668,225.1839,224.8,224.8005,0
2026-06-24 22:36:00+00:00,224.51,225.2,224.5,224.73,0
2026-06-24 22:37:00+00:00,224.73,225.0,224.57,224.6494,0
2026-06-24 22:38:00+00:00,224.647,225.16,224.6,224.83,0
2026-06-24 22:39:00+00:00,225.0,225.35,224.89,224.9,0
2026-06-24 22:40:00+00:00,225.0,225.03,224.8,224.8,0
2026-06-24 22:41:00+00:00,224.961,225.0,224.6,224.93,0
2026-06-24 22:42:00+00:00,225.0,225.0,224.6,224.63,0
2026-06-24 22:43:00+00:00,224.7,225.0,224.61,224.9,0
2026-06-24 22:44:00+00:00,224.83,225.2,224.61,225.0,0
2026-06-24 22:45:00+00:00,225.0131,225.2,223.41,223.97,0
2026-06-24 22:46:00+00:00,223.95,224.0204,223.22,223.99,0
2026-06-24 22:47:00+00:00,223.5,223.99,222.97,223.36,0
2026-06-24 22:48:00+00:00,223.57,224.4,223.23,223.8,0
2026-06-24 22:49:00+00:00,224.05,224.05,223.01,223.03,0
2026-06-24 22:50:00+00:00,223.37,223.81,223.03,223.38,0
2026-06-24 22:51:00+00:00,223.37,223.541,223.06,223.06,0
2026-06-24 22:52:00+00:00,223.0952,223.38,222.06,222.41,0
2026-06-24 22:53:00+00:00,222.13,222.9619,222.01,222.9619,0
2026-06-24 22:54:00+00:00,222.99,223.38,222.25,222.25,0
2026-06-24 22:55:00+00:00,223.3,223.38,222.95,223.215,0
2026-06-24 22:56:00+00:00,223.2146,223.24,222.5962,222.93,0
2026-06-24 22:57:00+00:00,222.74,223.0,222.5,222.99,0
2026-06-24 22:58:00+00:00,222.9,223.0,221.56,221.7619,0
2026-06-24 22:59:00+00:00,221.6,222.41,221.5,222.34,0
2026-06-24 23:00:00+00:00,222.34,223.04,221.6,221.6,0
2026-06-24 23:01:00+00:00,221.52,222.0,221.51,221.99,0
2026-06-24 23:02:00+00:00,221.76,222.4379,221.7,222.4379,0
2026-06-24 23:03:00+00:00,222.008,222.74,222.0,222.45,0
2026-06-24 23:04:00+00:00,222.29,222.5,222.052,222.052,0
2026-06-24 23:05:00+00:00,222.045,223.0,222.045,223.0,0
2026-06-24 23:06:00+00:00,223.0,223.0,222.2523,222.909,0
2026-06-24 23:07:00+00:00,223.0,223.5,222.81,223.5,0
2026-06-24 23:08:00+00:00,223.5,223.9165,223.01,223.45,0
2026-06-24 23:09:00+00:00,223.3,223.7988,222.58,223.0,0
2026-06-24 23:10:00+00:00,223.0,223.2,222.58,222.65,0
2026-06-24 23:11:00+00:00,222.65,223.1,222.58,222.8427,0
2026-06-24 23:12:00+00:00,222.85,222.9,222.1,222.4063,0
2026-06-24 23:13:00+00:00,222.5,222.5,221.35,221.35,0
2026-06-24 23:14:00+00:00,221.49,221.79,221.1,221.48,0
2026-06-24 23:15:00+00:00,221.49,221.79,221.11,221.7112,0
2026-06-24 23:16:00+00:00,221.7111,222.4,221.7,222.21,0
2026-06-24 23:17:00+00:00,222.21,223.0,221.7901,222.64,0
2026-06-24 23:18:00+00:00,222.9999,223.0,222.21,222.8973,0
2026-06-24 23:19:00+00:00,222.6497,223.0,222.21,222.5601,0
2026-06-24 23:20:00+00:00,222.5,223.0,222.5,222.5901,0
2026-06-24 23:21:00+00:00,222.5381,222.8,222.165,222.8,0
2026-06-24 23:22:00+00:00,222.8,223.0,222.23,222.9,0
2026-06-24 23:23:00+00:00,222.23,222.9,222.1,222.9,0
2026-06-24 23:24:00+00:00,222.89,222.9,222.1,222.6,0
2026-06-24 23:25:00+00:00,222.7,223.18,222.25,223.18,0
2026-06-24 23:26:00+00:00,223.18,223.18,222.99,222.99,0
2026-06-24 23:27:00+00:00,222.9415,223.17,222.25,223.0,0
2026-06-24 23:28:00+00:00,223.0,223.06,222.49,222.6967,0
2026-06-24 23:29:00+00:00,222.7,222.7,222.01,222.01,0
2026-06-24 23:30:00+00:00,222.24,222.3,222.0,222.0234,0
2026-06-24 23:31:00+00:00,222.25,223.0,222.18,222.38,0
2026-06-24 23:32:00+00:00,222.58,222.8299,222.3,222.8299,0
2026-06-24 23:33:00+00:00,222.65,222.65,222.0,222.5,0
2026-06-24 23:34:00+00:00,222.4,222.8,222.25,222.65,0
2026-06-24 23:35:00+00:00,222.7,223.0,222.3,222.9341,0
2026-06-24 23:36:00+00:00,223.0,223.18,222.61,223.11,0
2026-06-24 23:37:00+00:00,222.82,222.94,222.5,222.71,0
2026-06-24 23:38:00+00:00,222.95,223.0,222.5,222.5,0
2026-06-24 23:39:00+00:00,222.85,223.0,222.562,223.0,0
2026-06-24 23:40:00+00:00,223.0,223.0,222.55,222.55,0
2026-06-24 23:41:00+00:00,223.0,223.1001,222.56,223.1001,0
2026-06-24 23:42:00+00:00,223.18,223.98,223.18,223.5567,0
2026-06-24 23:43:00+00:00,223.6,223.79,223.215,223.5399,0
2026-06-24 23:44:00+00:00,223.31,223.8,223.31,223.73,0
2026-06-24 23:45:00+00:00,223.73,223.8,223.6,223.8,0
2026-06-24 23:46:00+00:00,223.8,223.88,223.4,223.42,0
2026-06-24 23:47:00+00:00,223.42,223.8,222.55,222.76,0
2026-06-24 23:48:00+00:00,222.8,222.9,222.51,222.87,0
2026-06-24 23:49:00+00:00,222.8521,223.2,222.8,222.9983,0
2026-06-24 23:50:00+00:00,223.0,223.78,222.9,223.5,0
2026-06-24 23:51:00+00:00,222.96,223.02,222.71,223.0,0
2026-06-24 23:52:00+00:00,222.9765,223.5,222.9,223.5,0
2026-06-24 23:53:00+00:00,223.0,223.8,223.0,223.69,0
2026-06-24 23:54:00+00:00,223.7,223.86,223.05,223.468,0
2026-06-24 23:55:00+00:00,223.4,223.86,223.3293,223.45,0
2026-06-24 23:56:00+00:00,223.86,224.0,223.4,223.42,0
2026-06-24 23:57:00+00:00,223.32,223.74,223.26,223.68,0
2026-06-24 23:58:00+00:00,223.14,223.5,222.83,223.0,0
2026-06-24 23:59:00+00:00,222.51,223.0,222.5001,222.62,0
2026-06-25 08:00:00+00:00,222.83,224.3088,197.41,223.26,0
2026-06-25 08:01:00+00:00,223.24,223.78,219.65,223.78,0
2026-06-25 08:02:00+00:00,223.9625,224.12,222.5,223.59,0
2026-06-25 08:03:00+00:00,222.0,223.69,222.0,222.5402,0
2026-06-25 08:04:00+00:00,222.6288,222.63,220.88,221.57,0
2026-06-25 08:05:00+00:00,221.856,222.69,220.59,220.844,0
2026-06-25 08:06:00+00:00,220.7,222.1,220.7,222.0,0
2026-06-25 08:07:00+00:00,221.7,222.6,221.34,222.6,0
2026-06-25 08:08:00+00:00,222.656,223.07,219.74,222.4,0
2026-06-25 08:09:00+00:00,222.13,222.9,221.2441,222.8359,0
2026-06-25 08:10:00+00:00,222.8,223.5,222.5,222.66,0
2026-06-25 08:11:00+00:00,222.8,223.31,222.8,222.93,0
2026-06-25 08:12:00+00:00,223.0,223.33,222.8,222.86,0
2026-06-25 08:13:00+00:00,223.1282,223.1282,222.52,222.86,0
2026-06-25 08:14:00+00:00,221.8,222.58,221.8,222.2,0
2026-06-25 08:15:00+00:00,222.2,222.2,221.95,221.95,0
2026-06-25 08:16:00+00:00,221.9,221.98,221.52,221.7,0
2026-06-25 08:17:00+00:00,221.7,222.37,221.5,222.05,0
2026-06-25 08:18:00+00:00,221.536,222.0,221.536,221.88,0
2026-06-25 08:19:00+00:00,221.84,222.0,221.5261,221.88,0
2026-06-25 08:20:00+00:00,221.91,222.05,220.8,221.24,0
2026-06-25 08:21:00+00:00,221.57,221.9197,220.844,221.0,0
2026-06-25 08:22:00+00:00,221.33,221.63,220.8,221.1,0
2026-06-25 08:23:00+00:00,221.2,221.46,221.0,221.11,0
2026-06-25 08:24:00+00:00,221.39,222.8,221.39,221.5,0
2026-06-25 08:25:00+00:00,220.8,222.165,220.8,221.346,0
2026-06-25 08:26:00+00:00,221.36,221.6,220.95,221.6,0
2026-06-25 08:27:00+00:00,221.56,221.8,220.8,221.24,0
2026-06-25 08:28:00+00:00,221.39,221.9,221.39,221.9,0
2026-06-25 08:29:00+00:00,221.59,222.1797,221.5147,222.05,0
2026-06-25 08:30:00+00:00,222.2,222.2,221.0545,221.2,0
2026-06-25 08:32:00+00:00,221.3,222.1988,221.0,221.0,0
2026-06-25 08:33:00+00:00,221.6,221.83,221.6,221.83,0
2026-06-25 08:34:00+00:00,221.2,221.5,221.0,221.1246,0
2026-06-25 08:35:00+00:00,221.0,221.814,221.0,221.814,0
2026-06-25 08:36:00+00:00,221.43,221.43,221.0,221.0,0
2026-06-25 08:37:00+00:00,221.3,221.35,221.1284,221.34,0
2026-06-25 08:38:00+00:00,221.39,221.97,221.34,221.8,0
2026-06-25 08:39:00+00:00,221.8,222.0,221.6164,221.94,0
2026-06-25 08:40:00+00:00,221.68,222.0,221.46,221.46,0
2026-06-25 08:41:00+00:00,221.0162,221.4,221.0162,221.044,0
2026-06-25 08:42:00+00:00,221.29,221.48,219.9962,220.92,0
2026-06-25 08:43:00+00:00,220.864,220.864,220.864,220.864,0
2026-06-25 08:44:00+00:00,221.02,221.196,221.02,221.196,0
2026-06-25 08:45:00+00:00,221.11,221.335,221.02,221.11,0
2026-06-25 08:46:00+00:00,221.02,221.24,220.82,221.24,0
2026-06-25 08:47:00+00:00,221.48,221.56,220.85,220.85,0
2026-06-25 08:48:00+00:00,220.85,221.5,220.85,221.5,0
2026-06-25 08:49:00+00:00,221.35,221.4,221.11,221.16,0
2026-06-25 08:50:00+00:00,221.23,221.2862,220.86,220.86,0
2026-06-25 08:51:00+00:00,220.85,221.2,220.0,221.2,0
2026-06-25 08:52:00+00:00,220.0258,220.71,220.0258,220.5,0
2026-06-25 08:53:00+00:00,220.7,220.71,220.4,220.4,0
2026-06-25 08:54:00+00:00,220.8,220.8,220.0,220.0,0
2026-06-25 08:55:00+00:00,220.59,220.9,220.0,220.0,0
2026-06-25 08:56:00+00:00,220.8,220.8,220.0,220.3936,0
2026-06-25 08:57:00+00:00,220.383,220.88,220.383,220.48,0
2026-06-25 08:58:00+00:00,220.5,220.5,220.12,220.12,0
2026-06-25 08:59:00+00:00,220.77,220.77,220.77,220.77,0
2026-06-25 09:00:00+00:00,220.6,220.775,220.6,220.775,0
2026-06-25 09:01:00+00:00,220.7,220.78,220.12,220.12,0
2026-06-25 09:02:00+00:00,220.29,220.6256,220.0,220.1993,0
2026-06-25 09:03:00+00:00,220.1993,220.85,220.1993,220.85,0
2026-06-25 09:04:00+00:00,220.84,220.95,220.77,220.95,0
2026-06-25 09:05:00+00:00,220.85,222.22,220.85,222.2,0
2026-06-25 09:06:00+00:00,222.2,222.5,222.0,222.13,0
2026-06-25 09:07:00+00:00,222.25,222.4739,221.5613,221.5613,0
2026-06-25 09:08:00+00:00,221.62,222.0,221.57,221.57,0
2026-06-25 09:09:00+00:00,221.86,222.0,221.5,221.75,0
2026-06-25 09:10:00+00:00,221.93,221.93,221.6,221.6,0
2026-06-25 09:11:00+00:00,222.0,222.0,221.5,221.63,0
2026-06-25 09:12:00+00:00,221.95,222.0,221.9258,221.9258,0
2026-06-25 09:13:00+00:00,221.98,221.98,221.5261,221.5261,0
2026-06-25 09:14:00+00:00,221.98,222.0,221.5012,221.9342,0
2026-06-25 09:15:00+00:00,221.93,221.93,221.6,221.7879,0
2026-06-25 09:16:00+00:00,222.0,222.0,221.5,221.72,0
2026-06-25 09:17:00+00:00,221.72,221.72,221.61,221.72,0
2026-06-25 09:18:00+00:00,221.53,221.72,221.5,221.72,0
2026-06-25 09:19:00+00:00,221.5,222.0,221.5,221.65,0
2026-06-25 09:20:00+00:00,221.63,222.0,221.63,221.74,0
2026-06-25 09:21:00+00:00,221.5,221.5,221.5,221.5,0
2026-06-25 09:22:00+00:00,221.68,221.68,221.5,221.56,0
2026-06-25 09:23:00+00:00,221.6715,221.6715,221.4629,221.5931,0
2026-06-25 09:24:00+00:00,221.4,221.68,221.4,221.66,0
2026-06-25 09:25:00+00:00,221.8203,221.8203,221.05,221.2,0
2026-06-25 09:26:00+00:00,221.09,221.95,221.09,221.4,0
2026-06-25 09:27:00+00:00,221.8,221.8,221.25,221.25,0
2026-06-25 09:28:00+00:00,221.4,221.4,221.31,221.31,0
2026-06-25 09:29:00+00:00,221.31,221.31,221.31,221.31,0
2026-06-25 09:30:00+00:00,221.16,221.57,221.16,221.57,0
2026-06-25 09:31:00+00:00,221.5728,221.5728,220.94,221.04,0
2026-06-25 09:32:00+00:00,221.06,221.4514,221.06,221.1,0
2026-06-25 09:33:00+00:00,221.2,221.6,221.2,221.38,0
2026-06-25 09:34:00+00:00,221.38,221.38,220.43,220.43,0
2026-06-25 09:35:00+00:00,221.2,221.6,221.2,221.5707,0
2026-06-25 09:36:00+00:00,221.57,221.6,221.2,221.6,0
2026-06-25 09:37:00+00:00,221.65,221.65,221.2,221.2,0
2026-06-25 09:38:00+00:00,221.2,221.2,221.2,221.2,0
2026-06-25 09:39:00+00:00,221.2,221.6,221.2,221.2,0
2026-06-25 09:40:00+00:00,221.2,221.3723,221.0,221.0,0
2026-06-25 09:41:00+00:00,221.4,221.5,221.2,221.2,0
2026-06-25 09:42:00+00:00,221.51,221.51,221.51,221.51,0
2026-06-25 09:43:00+00:00,221.51,221.51,221.51,221.51,0
2026-06-25 09:44:00+00:00,221.31,221.3872,220.54,220.54,0
2026-06-25 09:45:00+00:00,220.78,220.78,220.47,220.47,0
2026-06-25 09:46:00+00:00,220.47,220.5,220.46,220.5,0
2026-06-25 09:47:00+00:00,220.4387,220.5,220.4387,220.5,0
2026-06-25 09:48:00+00:00,220.25,220.25,219.5,219.8,0
2026-06-25 09:49:00+00:00,219.9,220.0,219.63,220.0,0
2026-06-25 09:50:00+00:00,220.0,220.4,220.0,220.13,0
2026-06-25 09:51:00+00:00,220.23,220.23,220.13,220.13,0
2026-06-25 09:52:00+00:00,219.9046,219.9083,219.83,219.9083,0
2026-06-25 09:53:00+00:00,219.9,220.34,219.89,220.34,0
2026-06-25 09:54:00+00:00,220.34,220.34,219.9,219.96,0
2026-06-25 09:55:00+00:00,219.96,219.96,219.77,219.77,0
2026-06-25 09:56:00+00:00,219.5,220.2142,219.0506,219.0506,0
2026-06-25 09:57:00+00:00,219.0,219.54,218.8,219.15,0
2026-06-25 09:58:00+00:00,218.9724,219.0,218.6,218.6,0
2026-06-25 09:59:00+00:00,218.6,219.0,218.6,218.88,0
2026-06-25 10:00:00+00:00,218.88,219.0,218.25,218.9,0
2026-06-25 10:01:00+00:00,218.86,218.9509,218.76,218.896,0
2026-06-25 10:02:00+00:00,218.8,219.0,218.7,219.0,0
2026-06-25 10:03:00+00:00,219.29,219.6635,219.29,219.6635,0
2026-06-25 10:04:00+00:00,219.5,220.6,219.0,220.5563,0
2026-06-25 10:05:00+00:00,220.0,220.5563,219.56,219.56,0
2026-06-25 10:06:00+00:00,219.58,219.87,219.5,219.5,0
2026-06-25 10:07:00+00:00,220.3675,220.3675,219.39,219.39,0
2026-06-25 10:08:00+00:00,219.35,220.2,219.21,219.9,0
2026-06-25 10:09:00+00:00,219.237,220.0,219.237,219.97,0
2026-06-25 10:10:00+00:00,219.936,219.936,219.67,219.7151,0
2026-06-25 10:11:00+00:00,219.8,219.8,219.8,219.8,0
2026-06-25 10:12:00+00:00,219.8,220.2,219.7137,219.7137,0
2026-06-25 10:13:00+00:00,220.2,220.2,220.0187,220.0187,0
2026-06-25 10:14:00+00:00,220.18,220.46,220.0,220.0,0
2026-06-25 10:15:00+00:00,220.2,220.46,219.9,220.1922,0
2026-06-25 10:16:00+00:00,220.3,220.46,220.0,220.4014,0
2026-06-25 10:17:00+00:00,220.424,220.46,219.61,219.7,0
2026-06-25 10:18:00+00:00,219.6282,221.0725,219.51,220.69,0
2026-06-25 10:19:00+00:00,220.5433,221.0,220.5,221.0,0
2026-06-25 10:20:00+00:00,220.63,220.63,220.25,220.38,0
2026-06-25 10:21:00+00:00,220.38,220.5,220.0,220.0,0
2026-06-25 10:22:00+00:00,220.025,220.24,219.99,220.24,0
2026-06-25 10:23:00+00:00,220.1526,220.31,220.0,220.31,0
2026-06-25 10:24:00+00:00,221.0,221.0,220.0,220.0,0
2026-06-25 10:25:00+00:00,220.0,220.4,219.97,220.4,0
2026-06-25 10:26:00+00:00,220.68,220.86,220.11,220.3762,0
2026-06-25 10:27:00+00:00,220.38,220.4739,220.0,220.25,0
2026-06-25 10:28:00+00:00,220.06,220.45,220.05,220.45,0
2026-06-25 10:29:00+00:00,220.3858,220.44,220.0,220.25,0
2026-06-25 10:30:00+00:00,220.09,220.74,220.06,220.5,0
2026-06-25 10:31:00+00:00,220.12,220.44,220.0261,220.41,0
2026-06-25 10:32:00+00:00,220.25,220.5,220.0203,220.5,0
2026-06-25 10:33:00+00:00,220.36,220.36,220.05,220.05,0
2026-06-25 10:34:00+00:00,220.05,220.25,219.46,219.55,0
2026-06-25 10:35:00+00:00,219.75,219.98,219.5,219.98,0
2026-06-25 10:36:00+00:00,219.89,220.25,219.78,220.22,0
2026-06-25 10:37:00+00:00,220.25,220.25,220.0,220.0,0
2026-06-25 10:38:00+00:00,220.01,220.25,220.01,220.2056,0
2026-06-25 10:39:00+00:00,220.25,220.75,220.25,220.75,0
2026-06-25 10:40:00+00:00,220.75,220.75,220.45,220.45,0
2026-06-25 10:41:00+00:00,220.34,220.55,220.27,220.2851,0
2026-06-25 10:42:00+00:00,220.78,220.8,220.31,220.78,0
2026-06-25 10:43:00+00:00,220.68,220.78,220.2,220.215,0
2026-06-25 10:44:00+00:00,220.28,220.28,220.0,220.0,0
2026-06-25 10:45:00+00:00,219.99,219.99,219.5,219.5,0
2026-06-25 10:46:00+00:00,220.0,220.11,219.9391,220.0,0
2026-06-25 10:47:00+00:00,220.22,220.7217,220.22,220.35,0
2026-06-25 10:48:00+00:00,220.4,220.5,220.0,220.0,0
2026-06-25 10:49:00+00:00,220.68,220.68,220.6,220.6,0
2026-06-25 10:50:00+00:00,220.5497,221.0,220.48,221.0,0
2026-06-25 10:51:00+00:00,220.2,221.25,220.2,221.05,0
2026-06-25 10:52:00+00:00,221.07,221.25,221.0,221.0,0
2026-06-25 10:53:00+00:00,220.93,221.25,220.86,221.25,0
2026-06-25 10:54:00+00:00,221.0,221.0,220.5391,220.6,0
2026-06-25 10:55:00+00:00,220.61,220.7844,220.6,220.74,0
2026-06-25 10:56:00+00:00,220.55,220.55,220.24,220.24,0
2026-06-25 10:57:00+00:00,220.8,221.0,220.48,221.0,0
2026-06-25 10:58:00+00:00,220.04,220.31,219.5,219.69,0
2026-06-25 11:00:00+00:00,220.05,221.0,219.96,220.37,0
2026-06-25 11:01:00+00:00,220.6,221.0,220.51,220.8199,0
2026-06-25 11:02:00+00:00,220.52,220.6886,220.0,220.0,0
2026-06-25 11:03:00+00:00,220.1604,220.7,220.0,220.49,0
2026-06-25 11:04:00+00:00,220.316,220.7,220.021,220.7,0
2026-06-25 11:05:00+00:00,220.7,220.7,219.97,220.6077,0
2026-06-25 11:06:00+00:00,220.45,220.6,219.58,220.0,0
2026-06-25 11:07:00+00:00,220.0,220.0,219.45,219.53,0
2026-06-25 11:08:00+00:00,219.4621,219.49,218.12,218.99,0
2026-06-25 11:09:00+00:00,218.58,219.16,218.12,218.835,0
2026-06-25 11:10:00+00:00,219.21,219.5,218.91,219.36,0
2026-06-25 11:11:00+00:00,219.4,219.49,218.99,219.0816,0
2026-06-25 11:12:00+00:00,219.49,219.49,218.8,219.3203,0
2026-06-25 11:13:00+00:00,219.348,219.4,218.07,218.15,0
2026-06-25 11:14:00+00:00,218.09,218.89,218.01,218.65,0
2026-06-25 11:15:00+00:00,218.67,219.3,218.67,218.97,0
2026-06-25 11:16:00+00:00,218.97,219.4,218.97,219.39,0
2026-06-25 11:17:00+00:00,219.3544,219.4,219.0868,219.3178,0
2026-06-25 11:18:00+00:00,219.04,219.4,218.0,218.55,0
2026-06-25 11:19:00+00:00,219.4,219.4,218.01,218.69,0
2026-06-25 11:20:00+00:00,218.69,219.3077,217.5,217.5,0
2026-06-25 11:21:00+00:00,218.38,218.47,217.05,217.78,0
2026-06-25 11:22:00+00:00,217.8765,217.8953,217.05,217.5,0
2026-06-25 11:23:00+00:00,217.6087,218.0,217.2,217.5,0
2026-06-25 11:24:00+00:00,217.2,217.8048,216.84,216.97,0
2026-06-25 11:25:00+00:00,216.8,217.3,216.5,217.3,0
2026-06-25 11:26:00+00:00,217.3,218.0,217.3,217.8723,0
2026-06-25 11:27:00+00:00,217.4101,218.38,217.3,217.6,0
2026-06-25 11:28:00+00:00,217.9,217.9,217.3313,217.8,0
2026-06-25 11:29:00+00:00,217.8,217.822,217.3,217.79,0
2026-06-25 11:30:00+00:00,217.6,217.8,217.0,217.104,0
2026-06-25 11:31:00+00:00,217.12,218.41,216.96,217.5859,0
2026-06-25 11:32:00+00:00,218.49,218.74,218.01,218.5,0
2026-06-25 11:33:00+00:00,218.25,218.74,218.0,218.5,0
2026-06-25 11:34:00+00:00,218.5,218.5,217.37,218.0,0
2026-06-25 11:35:00+00:00,218.0,218.44,217.37,218.44,0
2026-06-25 11:36:00+00:00,218.24,218.74,218.24,218.69,0
2026-06-25 11:37:00+00:00,218.32,218.7,217.7,217.71,0
2026-06-25 11:38:00+00:00,217.86,218.36,217.7,218.16,0
2026-06-25 11:39:00+00:00,218.0,218.5,217.75,218.36,0
2026-06-25 11:40:00+00:00,218.36,218.5,218.0,218.5,0
2026-06-25 11:41:00+00:00,218.21,218.5,217.75,218.18,0
2026-06-25 11:42:00+00:00,218.32,218.5,218.2,218.23,0
2026-06-25 11:43:00+00:00,218.4209,218.5,218.2,218.374,0
2026-06-25 11:44:00+00:00,218.2,218.5,218.03,218.13,0
2026-06-25 11:45:00+00:00,218.28,218.5,217.7787,218.5,0
2026-06-25 11:46:00+00:00,218.4297,218.5,218.0,218.3752,0
2026-06-25 11:47:00+00:00,218.34,218.44,216.9,217.2296,0
2026-06-25 11:48:00+00:00,217.0235,217.45,216.855,217.2,0
2026-06-25 11:49:00+00:00,217.2,217.95,217.2,217.22,0
2026-06-25 11:50:00+00:00,217.5,218.0,217.0,217.4,0
2026-06-25 11:51:00+00:00,217.2,217.8,217.07,217.3,0
2026-06-25 11:52:00+00:00,217.46,218.0,217.304,217.5,0
2026-06-25 11:53:00+00:00,217.3,217.8,217.2,217.2,0
2026-06-25 11:54:00+00:00,217.4,217.8,217.0261,217.46,0
2026-06-25 11:55:00+00:00,217.8,217.8,216.89,216.89,0
2026-06-25 11:56:00+00:00,217.2407,217.435,217.0,217.36,0
2026-06-25 11:57:00+00:00,216.978,217.94,216.978,217.8,0
2026-06-25 11:58:00+00:00,217.7348,217.8,216.9,217.239,0
2026-06-25 11:59:00+00:00,217.4536,217.5,216.9,217.15,0
2026-06-25 12:00:00+00:00,217.59,217.75,217.2085,217.75,0
2026-06-25 12:01:00+00:00,217.75,217.75,216.9,217.5,0
2026-06-25 12:02:00+00:00,217.19,217.75,216.9,217.6576,0
2026-06-25 12:03:00+00:00,217.6169,218.3,217.25,217.7075,0
2026-06-25 12:04:00+00:00,218.2,218.5,217.5001,218.5,0
2026-06-25 12:05:00+00:00,218.5,218.5,218.1201,218.3548,0
2026-06-25 12:06:00+00:00,218.389,218.5,218.07,218.5,0
2026-06-25 12:07:00+00:00,218.4428,218.4428,216.97,217.9428,0
2026-06-25 12:08:00+00:00,218.0,218.74,217.6692,218.74,0
2026-06-25 12:09:00+00:00,218.7,218.74,218.15,218.21,0
2026-06-25 12:10:00+00:00,218.5655,218.65,218.02,218.5,0
2026-06-25 12:11:00+00:00,218.501,218.61,218.1095,218.39,0
2026-06-25 12:12:00+00:00,218.3,218.59,218.065,218.5,0
2026-06-25 12:13:00+00:00,218.5655,218.74,218.27,218.55,0
2026-06-25 12:14:00+00:00,218.15,218.7,217.7,218.15,0
2026-06-25 12:15:00+00:00,218.17,218.74,218.1,218.74,0
2026-06-25 12:16:00+00:00,218.5,218.74,218.27,218.5342,0
2026-06-25 12:17:00+00:00,218.7275,218.7275,218.0,218.5,0
2026-06-25 12:18:00+00:00,218.5,218.7985,218.25,218.7959,0
2026-06-25 12:19:00+00:00,218.8,219.0,218.77,218.9683,0
2026-06-25 12:20:00+00:00,218.9,219.0,218.515,218.69,0
2026-06-25 12:21:00+00:00,218.6,218.8,218.18,218.5,0
2026-06-25 12:22:00+00:00,218.29,218.8,218.0,218.0,0
2026-06-25 12:23:00+00:00,218.2,218.89,216.8,217.0,0
2026-06-25 12:24:00+00:00,216.9,217.7,216.8,217.18,0
2026-06-25 12:25:00+00:00,217.18,217.6,216.01,216.12,0
2026-06-25 12:26:00+00:00,216.68,216.7988,215.58,215.6,0
2026-06-25 12:27:00+00:00,215.8911,216.7,215.6,216.49,0
2026-06-25 12:28:00+00:00,216.8,216.8,215.5,215.6,0
2026-06-25 12:29:00+00:00,215.95,216.5,215.6,216.5,0
2026-06-25 12:30:00+00:00,216.3,219.0,215.98,218.0,0
2026-06-25 12:31:00+00:00,218.01,218.5,217.0,217.64,0
2026-06-25 12:32:00+00:00,217.36,218.0,216.7,216.7,0
2026-06-25 12:33:00+00:00,217.75,217.75,216.7,216.99,0
2026-06-25 12:34:00+00:00,216.5687,217.01,216.56,217.0,0
2026-06-25 12:35:00+00:00,216.88,217.01,214.22,215.0,0
2026-06-25 12:36:00+00:00,215.18,216.49,214.99,216.25,0
2026-06-25 12:37:00+00:00,216.25,216.8,215.6003,216.01,0
2026-06-25 12:38:00+00:00,216.59,216.8,215.5,216.18,0
2026-06-25 12:39:00+00:00,216.5,216.96,215.55,216.2345,0
2026-06-25 12:40:00+00:00,216.71,217.0,216.3,216.9,0
2026-06-25 12:41:00+00:00,216.391,217.0,216.21,216.675,0
2026-06-25 12:42:00+00:00,216.77,217.5,216.59,217.13,0
2026-06-25 12:43:00+00:00,216.9181,217.4179,216.48,216.48,0
2026-06-25 12:44:00+00:00,216.88,217.0,216.1001,216.941,0
2026-06-25 12:45:00+00:00,216.955,217.0,216.1,217.0,0
2026-06-25 12:46:00+00:00,217.0,217.331,216.293,217.0,0
2026-06-25 12:47:00+00:00,217.12,217.25,216.7213,217.19,0
2026-06-25 12:48:00+00:00,217.2,217.77,216.717,217.68,0
2026-06-25 12:49:00+00:00,217.64,217.9,217.2,217.89,0
2026-06-25 12:50:00+00:00,217.89,218.0,217.6,217.99,0
2026-06-25 12:51:00+00:00,217.9,218.55,217.9,218.37,0
2026-06-25 12:52:00+00:00,218.01,218.55,217.2,217.6274,0
2026-06-25 12:53:00+00:00,217.935,218.55,217.4001,218.36,0
2026-06-25 12:54:00+00:00,218.5,218.52,217.36,217.48,0
2026-06-25 12:55:00+00:00,217.75,217.95,217.25,217.75,0
2026-06-25 12:56:00+00:00,217.6425,217.79,216.13,217.74,0
2026-06-25 12:57:00+00:00,217.3,217.77,216.31,216.31,0
2026-06-25 12:58:00+00:00,216.73,216.73,214.88,215.8029,0
2026-06-25 12:59:00+00:00,215.26,215.7916,215.0,215.74,0
2026-06-25 13:00:00+00:00,215.95,215.95,213.26,213.92,0
2026-06-25 13:01:00+00:00,213.81,214.36,213.26,213.88,0
2026-06-25 13:02:00+00:00,214.02,214.37,213.05,213.05,0
2026-06-25 13:03:00+00:00,213.2952,213.85,211.84,212.4628,0
2026-06-25 13:04:00+00:00,212.05,212.87,211.84,212.6943,0
2026-06-25 13:05:00+00:00,212.85,212.85,210.58,211.34,0
2026-06-25 13:06:00+00:00,211.34,212.5,210.58,212.16,0
2026-06-25 13:07:00+00:00,212.4263,212.49,211.55,212.4,0
2026-06-25 13:08:00+00:00,212.05,212.58,211.0,212.0,0
2026-06-25 13:09:00+00:00,211.48,212.18,211.39,211.8,0
2026-06-25 13:10:00+00:00,211.6,212.8051,211.39,212.4382,0
2026-06-25 13:11:00+00:00,212.69,212.96,211.58,212.6,0
2026-06-25 13:12:00+00:00,212.3,212.98,212.1339,212.94,0
2026-06-25 13:13:00+00:00,212.81,213.5,212.5,212.8557,0
2026-06-25 13:14:00+00:00,213.4089,213.64,212.68,213.64,0
2026-06-25 13:15:00+00:00,213.51,213.75,212.7196,213.49,0
2026-06-25 13:16:00+00:00,213.55,213.75,212.25,212.9899,0
2026-06-25 13:17:00+00:00,212.8834,212.99,212.5,212.8,0
2026-06-25 13:18:00+00:00,213.0265,213.5,212.99,213.4349,0
2026-06-25 13:19:00+00:00,213.5727,213.65,212.6,213.0972,0
2026-06-25 13:20:00+00:00,213.475,213.5,213.0183,213.2,0
2026-06-25 13:21:00+00:00,213.4,213.4,212.99,213.25,0
2026-06-25 13:22:00+00:00,213.1333,214.0,213.1333,214.0,0
2026-06-25 13:23:00+00:00,213.9878,214.0,213.478,213.68,0
2026-06-25 13:24:00+00:00,213.78,214.01,213.5,214.0,0
2026-06-25 13:25:00+00:00,214.3,216.89,214.3,216.024,0
2026-06-25 13:26:00+00:00,215.94,216.6,215.4,216.53,0
2026-06-25 13:27:00+00:00,216.59,217.49,216.1621,217.2,0
2026-06-25 13:28:00+00:00,217.21,219.7,217.21,219.7,0
2026-06-25 13:29:00+00:00,219.21,220.0,217.67,219.11,0
2026-06-25 13:30:00+00:00,218.8000030517578,219.0,215.39999389648438,216.2899932861328,2623802
2026-06-25 13:31:00+00:00,216.2899932861328,217.75,215.18569946289062,216.360107421875,211809
2026-06-25 13:32:00+00:00,216.5850067138672,216.99000549316406,213.75,214.7899932861328,415638
2026-06-25 13:33:00+00:00,215.10000610351562,216.94000244140625,214.92999267578125,216.7299041748047,229118
2026-06-25 13:34:00+00:00,216.4949951171875,217.9698944091797,216.0,216.0200958251953,261866
2026-06-25 13:35:00+00:00,216.22500610351562,217.44000244140625,213.89999389648438,216.38999938964844,328876
2026-06-25 13:36:00+00:00,216.27000427246094,216.56370544433594,214.5399932861328,215.02000427246094,271398
2026-06-25 13:37:00+00:00,215.02000427246094,216.16000366210938,213.61000061035156,215.46209716796875,199880
2026-06-25 13:38:00+00:00,215.6199951171875,215.6999053955078,214.17999267578125,214.17999267578125,246631
2026-06-25 13:39:00+00:00,214.5,214.75,212.72000122070312,212.82000732421875,201598
2026-06-25 13:40:00+00:00,212.94000244140625,213.3000030517578,211.75900268554688,212.25289916992188,223639
2026-06-25 13:41:00+00:00,212.21499633789062,213.1999969482422,209.82000732421875,210.2700958251953,384084
2026-06-25 13:42:00+00:00,210.5,210.50999450683594,208.2899932861328,208.30999755859375,345925
2026-06-25 13:43:00+00:00,208.39500427246094,208.7899932861328,207.0,207.22000122070312,361936
2026-06-25 13:44:00+00:00,207.23500061035156,209.2100067138672,207.02000427246094,208.9949951171875,330605
2026-06-25 13:45:00+00:00,209.10000610351562,209.41000366210938,207.63009643554688,208.2550048828125,194071
2026-06-25 13:46:00+00:00,208.4250030517578,208.72000122070312,206.61000061035156,207.2050018310547,215282
2026-06-25 13:47:00+00:00,207.41000366210938,207.58999633789062,205.57000732421875,207.02999877929688,271791
2026-06-25 13:48:00+00:00,207.02499389648438,207.42999267578125,204.6999969482422,204.7301025390625,142553
2026-06-25 13:49:00+00:00,204.63999938964844,206.0800018310547,204.63999938964844,205.85000610351562,220342
2026-06-25 13:50:00+00:00,205.85000610351562,206.85000610351562,205.11000061035156,205.86500549316406,230455
2026-06-25 13:51:00+00:00,205.67129516601562,206.1295928955078,203.9199981689453,203.94500732421875,193038
2026-06-25 13:52:00+00:00,204.10000610351562,204.55999755859375,202.9499969482422,203.25010681152344,169961
2026-06-25 13:53:00+00:00,203.29600524902344,203.8300018310547,202.1199951171875,202.1699981689453,236684
2026-06-25 13:54:00+00:00,202.26499938964844,202.9508056640625,201.1699981689453,201.24000549316406,143878
2026-06-25 13:55:00+00:00,201.5399932861328,201.82000732421875,199.82000732421875,200.67999267578125,285422
2026-06-25 13:56:00+00:00,200.42999267578125,201.44000244140625,200.41000366210938,200.8249969482422,204100
2026-06-25 13:57:00+00:00,200.85499572753906,202.6199951171875,200.61000061035156,202.3699951171875,225959
2026-06-25 13:58:00+00:00,202.30999755859375,202.72999572753906,201.68499755859375,202.1999053955078,213534
2026-06-25 13:59:00+00:00,201.9949951171875,202.639892578125,200.8800048828125,202.13999938964844,170160
2026-06-25 14:00:00+00:00,202.14999389648438,203.6699981689453,202.13999938964844,203.25,191449
2026-06-25 14:01:00+00:00,203.25,204.08999633789062,202.14999389648438,203.49000549316406,262184
2026-06-25 14:02:00+00:00,203.5800018310547,204.4199981689453,203.11000061035156,203.97999572753906,165091
2026-06-25 14:03:00+00:00,203.91000366210938,205.63999938964844,203.52999877929688,204.6649932861328,248095
2026-06-25 14:04:00+00:00,204.61000061035156,204.7949981689453,203.3470001220703,204.0050048828125,132041
2026-06-25 14:05:00+00:00,203.9600067138672,205.15989685058594,203.89999389648438,204.2050018310547,117142
2026-06-25 14:06:00+00:00,204.2100067138672,206.2198944091797,204.2100067138672,205.74000549316406,293031
2026-06-25 14:07:00+00:00,205.74000549316406,206.88999938964844,205.6999969482422,206.25999450683594,118761
2026-06-25 14:08:00+00:00,206.3350067138672,207.1999053955078,206.16000366210938,206.55999755859375,191279
2026-06-25 14:09:00+00:00,206.60000610351562,207.6699981689453,206.5399932861328,206.89999389648438,201069
2026-06-25 14:10:00+00:00,206.7801055908203,208.77000427246094,206.7801055908203,208.44500732421875,210676
2026-06-25 14:11:00+00:00,208.35000610351562,209.34019470214844,208.10000610351562,208.86000061035156,238458
2026-06-25 14:12:00+00:00,208.91000366210938,209.1300048828125,207.59100341796875,207.89999389648438,134253
2026-06-25 14:13:00+00:00,207.7449951171875,208.11000061035156,206.9600067138672,207.4199981689453,122728
2026-06-25 14:14:00+00:00,207.4199981689453,207.47999572753906,206.02999877929688,206.34500122070312,117388
2026-06-25 14:15:00+00:00,206.52999877929688,208.16000366210938,206.41000366210938,206.8000030517578,95373
2026-06-25 14:16:00+00:00,206.60000610351562,206.61000061035156,205.1199951171875,205.86000061035156,94475
2026-06-25 14:17:00+00:00,205.82000732421875,206.24000549316406,205.0,205.5,83899
2026-06-25 14:18:00+00:00,205.5800018310547,205.8800048828125,205.09010314941406,205.48500061035156,67558
2026-06-25 14:19:00+00:00,205.48500061035156,207.08999633789062,205.08999633789062,206.97000122070312,123945
2026-06-25 14:20:00+00:00,206.8249969482422,207.91000366210938,206.7899932861328,207.66000366210938,96001
2026-06-25 14:21:00+00:00,207.46249389648438,208.22000122070312,207.27999877929688,207.89500427246094,85723
2026-06-25 14:22:00+00:00,207.89500427246094,208.14999389648438,206.89999389648438,206.9149932861328,124164
2026-06-25 14:23:00+00:00,206.9199981689453,206.9199981689453,205.82000732421875,206.07000732421875,88148
2026-06-25 14:24:00+00:00,205.94000244140625,205.94000244140625,204.52999877929688,205.33999633789062,90788
2026-06-25 14:25:00+00:00,205.11000061035156,205.72999572753906,204.61000061035156,204.79010009765625,62603
2026-06-25 14:26:00+00:00,204.7100067138672,205.98980712890625,204.38499450683594,205.74000549316406,57451
2026-06-25 14:27:00+00:00,205.73500061035156,205.85079956054688,204.52000427246094,204.82000732421875,50642
2026-06-25 14:28:00+00:00,204.6750030517578,205.74000549316406,204.51499938964844,205.1199951171875,70020
2026-06-25 14:29:00+00:00,205.02000427246094,206.0399932861328,204.97999572753906,205.27499389648438,102946
2026-06-25 14:30:00+00:00,205.27000427246094,206.11500549316406,205.07009887695312,205.72000122070312,87551
2026-06-25 14:31:00+00:00,205.72999572753906,206.27200317382812,205.25379943847656,205.53500366210938,136586
2026-06-25 14:32:00+00:00,205.40499877929688,206.3300018310547,205.22000122070312,205.6300048828125,83521
2026-06-25 14:33:00+00:00,205.5399932861328,206.7519989013672,205.42999267578125,205.89999389648438,75330
2026-06-25 14:34:00+00:00,205.89500427246094,206.27999877929688,205.02000427246094,205.7050018310547,117156
2026-06-25 14:35:00+00:00,205.7050018310547,206.00999450683594,205.11900329589844,205.3350067138672,83831
2026-06-25 14:36:00+00:00,205.2548065185547,205.74000549316406,205.12869262695312,205.30250549316406,44677
2026-06-25 14:37:00+00:00,205.41000366210938,205.85989379882812,204.82000732421875,205.02000427246094,115610
2026-06-25 14:38:00+00:00,204.9600067138672,205.38999938964844,204.60000610351562,205.3699951171875,43104
2026-06-25 14:39:00+00:00,205.27999877929688,206.39999389648438,205.17010498046875,205.8448944091797,62034
2026-06-25 14:40:00+00:00,205.83999633789062,206.01499938964844,205.44000244140625,205.76499938964844,42146
2026-06-25 14:41:00+00:00,205.60069274902344,206.11000061035156,205.20289611816406,205.49000549316406,48071
2026-06-25 14:42:00+00:00,205.35000610351562,205.77999877929688,204.89999389648438,205.67999267578125,73661
2026-06-25 14:43:00+00:00,205.7899932861328,205.80999755859375,204.7801055908203,204.91000366210938,100944
2026-06-25 14:44:00+00:00,205.0,205.0500030517578,204.13999938964844,204.38999938964844,194901
2026-06-25 14:45:00+00:00,204.3800048828125,204.9600067138672,203.6999969482422,204.89999389648438,87703
2026-06-25 14:46:00+00:00,204.77999877929688,205.27000427246094,204.1999969482422,204.26499938964844,71578
2026-06-25 14:47:00+00:00,204.2550048828125,204.6300048828125,203.77000427246094,204.1199951171875,48230
2026-06-25 14:48:00+00:00,204.1199951171875,205.22000122070312,204.1199951171875,205.05999755859375,43749
2026-06-25 14:49:00+00:00,205.17750549316406,205.97000122070312,205.10000610351562,205.11500549316406,44202
2026-06-25 14:50:00+00:00,205.0,205.8800048828125,204.90499877929688,205.1699981689453,77730
2026-06-25 14:51:00+00:00,205.16000366210938,205.86000061035156,204.69500732421875,205.14999389648438,116174
2026-06-25 14:52:00+00:00,205.1199951171875,205.85000610351562,205.1199951171875,205.5800018310547,80912
2026-06-25 14:53:00+00:00,205.5,206.19000244140625,205.16000366210938,206.13999938964844,127692
2026-06-25 14:54:00+00:00,206.125,206.968994140625,206.08999633789062,206.65499877929688,67311
2026-06-25 14:55:00+00:00,206.6999969482422,206.6999969482422,205.22079467773438,205.75999450683594,65384
2026-06-25 14:56:00+00:00,205.69500732421875,205.8699951171875,205.39999389648438,205.52999877929688,40193
2026-06-25 14:57:00+00:00,205.39999389648438,205.46499633789062,204.0399932861328,204.11500549316406,74806
2026-06-25 14:58:00+00:00,204.19000244140625,204.38999938964844,203.6999969482422,203.78500366210938,79310
2026-06-25 14:59:00+00:00,203.8000030517578,205.0,203.77999877929688,204.89999389648438,86351
2026-06-25 15:00:00+00:00,204.89999389648438,205.07000732421875,204.35000610351562,205.02499389648438,66628
2026-06-25 15:01:00+00:00,205.05999755859375,205.5399932861328,204.91000366210938,204.94000244140625,52751
2026-06-25 15:02:00+00:00,204.99000549316406,205.7899932861328,204.9600067138672,205.7899932861328,61552
2026-06-25 15:03:00+00:00,205.77999877929688,205.9250030517578,205.1750030517578,205.75,116994
2026-06-25 15:04:00+00:00,205.80999755859375,205.99000549316406,205.47000122070312,205.8249969482422,105474
2026-06-25 15:05:00+00:00,205.89999389648438,206.08999633789062,204.52999877929688,204.88999938964844,210626
2026-06-25 15:06:00+00:00,204.875,205.5399932861328,204.875,205.28500366210938,62915
2026-06-25 15:07:00+00:00,205.28500366210938,205.38999938964844,204.74000549316406,204.99000549316406,34563
2026-06-25 15:08:00+00:00,204.9998016357422,205.39999389648438,204.85000610351562,204.9499969482422,29874
2026-06-25 15:09:00+00:00,204.92999267578125,205.36000061035156,204.6999969482422,204.97999572753906,58587
2026-06-25 15:10:00+00:00,204.97999572753906,205.16000366210938,204.6999969482422,204.75,39045
2026-06-25 15:11:00+00:00,204.76499938964844,204.8350067138672,203.80999755859375,204.2449951171875,88809
2026-06-25 15:12:00+00:00,204.2449951171875,204.33999633789062,203.8000030517578,203.96499633789062,43234
2026-06-25 15:13:00+00:00,203.9600067138672,204.2100067138672,203.1750030517578,203.4550018310547,56582
2026-06-25 15:14:00+00:00,203.58999633789062,203.68760681152344,202.86000061035156,202.94500732421875,47024
2026-06-25 15:15:00+00:00,202.94500732421875,202.94500732421875,201.57000732421875,202.0,104471
2026-06-25 15:16:00+00:00,201.97000122070312,202.1999969482422,201.52999877929688,202.13999938964844,98237
2026-06-25 15:17:00+00:00,202.16000366210938,203.05999755859375,202.0301055908203,202.8699951171875,62382
2026-06-25 15:18:00+00:00,202.97999572753906,203.3300018310547,202.75,202.81500244140625,39894
2026-06-25 15:19:00+00:00,202.8762969970703,203.88999938964844,202.78720092773438,203.75999450683594,67538
2026-06-25 15:20:00+00:00,203.6999969482422,204.01499938964844,203.35000610351562,203.74000549316406,83001
2026-06-25 15:21:00+00:00,203.6750030517578,204.41000366210938,203.4499969482422,204.34320068359375,79936
2026-06-25 15:22:00+00:00,204.24000549316406,204.7050018310547,204.1024932861328,204.34500122070312,48435
2026-06-25 15:23:00+00:00,204.34500122070312,204.88619995117188,204.22999572753906,204.67999267578125,36695
2026-06-25 15:24:00+00:00,204.75,205.44000244140625,204.5,205.11000061035156,109262
2026-06-25 15:25:00+00:00,205.1999969482422,205.1999969482422,204.47999572753906,204.5,59828
2026-06-25 15:26:00+00:00,204.47000122070312,204.63999938964844,204.14999389648438,204.5500030517578,43994
2026-06-25 15:27:00+00:00,204.5500030517578,204.92539978027344,204.49000549316406,204.61000061035156,26612
2026-06-25 15:28:00+00:00,204.6300048828125,204.9250030517578,204.3800048828125,204.82000732421875,31574
2026-06-25 15:29:00+00:00,204.89999389648438,205.07000732421875,204.72000122070312,204.9499969482422,43445
2026-06-25 15:30:00+00:00,204.89500427246094,205.05999755859375,204.63999938964844,204.85000610351562,22502
2026-06-25 15:31:00+00:00,204.85000610351562,205.14999389648438,204.75999450683594,204.99000549316406,35200
2026-06-25 15:32:00+00:00,205.0,205.5399932861328,204.9375,205.5,96113
2026-06-25 15:33:00+00:00,205.5,205.61000061035156,205.14999389648438,205.38999938964844,62498
2026-06-25 15:34:00+00:00,205.26499938964844,205.52999877929688,204.66009521484375,204.77000427246094,47430
2026-06-25 15:35:00+00:00,204.77000427246094,204.78500366210938,204.36000061035156,204.7100067138672,28760
2026-06-25 15:36:00+00:00,204.64500427246094,204.83999633789062,204.57000732421875,204.71009826660156,18447
2026-06-25 15:37:00+00:00,204.75999450683594,204.82000732421875,204.61000061035156,204.6300048828125,21486
2026-06-25 15:38:00+00:00,204.67999267578125,204.88999938964844,204.5301055908203,204.7100067138672,26657
2026-06-25 15:39:00+00:00,204.70750427246094,204.8350067138672,204.43499755859375,204.6300048828125,23161
2026-06-25 15:40:00+00:00,204.74000549316406,205.3000030517578,204.68499755859375,205.07000732421875,51169
2026-06-25 15:41:00+00:00,205.15499877929688,205.5,204.70010375976562,204.98500061035156,57094
2026-06-25 15:42:00+00:00,204.89999389648438,204.9499969482422,204.25,204.8350067138672,38562
2026-06-25 15:43:00+00:00,204.7989044189453,205.25,204.7989044189453,205.0050048828125,12498
2026-06-25 15:44:00+00:00,204.91000366210938,205.41000366210938,204.91000366210938,205.3300018310547,37915
2026-06-25 15:45:00+00:00,205.35000610351562,206.10499572753906,205.19000244140625,205.86500549316406,124894
2026-06-25 15:46:00+00:00,205.86500549316406,206.14500427246094,205.74000549316406,205.81500244140625,63067
2026-06-25 15:47:00+00:00,205.8699951171875,206.02000427246094,205.7100067138672,205.86000061035156,29725
2026-06-25 15:48:00+00:00,205.7899932861328,205.91839599609375,205.36000061035156,205.4499969482422,28590
2026-06-25 15:49:00+00:00,205.41000366210938,205.7899932861328,205.1999969482422,205.76499938964844,42451
2026-06-25 15:50:00+00:00,205.91000366210938,206.09500122070312,205.4541015625,205.93499755859375,29840
2026-06-25 15:51:00+00:00,205.92669677734375,207.3000030517578,205.88330078125,207.25,70270
2026-06-25 15:52:00+00:00,207.14999389648438,207.64990234375,207.0500030517578,207.22500610351562,50676
2026-06-25 15:53:00+00:00,207.39999389648438,207.58999633789062,207.0,207.15499877929688,46554
2026-06-25 15:54:00+00:00,207.24000549316406,208.42999267578125,207.1999969482422,208.23500061035156,80029
2026-06-25 15:55:00+00:00,208.27999877929688,208.61900329589844,207.99000549316406,208.53500366210938,63422
2026-06-25 15:56:00+00:00,208.52000427246094,208.86000061035156,208.46249389648438,208.6300048828125,65750
2026-06-25 15:57:00+00:00,208.64999389648438,209.1999969482422,208.57000732421875,208.9340057373047,65626
2026-06-25 15:58:00+00:00,208.90499877929688,209.07000732421875,208.3300018310547,208.58999633789062,69878
2026-06-25 15:59:00+00:00,208.47999572753906,208.73989868164062,208.24000549316406,208.58999633789062,26608
2026-06-25 16:00:00+00:00,208.58999633789062,208.95989990234375,208.19000244140625,208.7949981689453,67887
2026-06-25 16:01:00+00:00,208.7899932861328,209.1699981689453,208.47000122070312,208.86000061035156,61381
2026-06-25 16:02:00+00:00,208.94000244140625,209.3300018310547,208.72999572753906,208.98500061035156,70245
2026-06-25 16:03:00+00:00,208.85000610351562,209.0449981689453,208.52999877929688,208.9149932861328,39965
2026-06-25 16:04:00+00:00,208.9499969482422,209.55999755859375,208.9499969482422,209.55999755859375,39417
2026-06-25 16:05:00+00:00,209.59959411621094,210.4882049560547,209.2100067138672,210.35000610351562,95803
2026-06-25 16:06:00+00:00,210.44500732421875,211.17999267578125,210.07000732421875,211.0399932861328,117689
2026-06-25 16:07:00+00:00,211.02000427246094,211.4199981689453,210.80999755859375,211.22999572753906,77814
2026-06-25 16:08:00+00:00,211.22000122070312,211.8300018310547,211.0500030517578,211.8300018310547,61776
2026-06-25 16:09:00+00:00,211.7449951171875,211.86000061035156,211.4499969482422,211.72500610351562,42808
2026-06-25 16:10:00+00:00,211.6750030517578,212.52000427246094,211.5500030517578,212.52000427246094,94221
2026-06-25 16:11:00+00:00,212.48500061035156,212.6199951171875,212.00999450683594,212.08160400390625,73468
2026-06-25 16:12:00+00:00,212.11500549316406,212.64999389648438,211.89999389648438,212.38009643554688,70280
2026-06-25 16:13:00+00:00,212.3800048828125,212.97999572753906,212.2801055908203,212.88999938964844,70390
2026-06-25 16:14:00+00:00,212.81500244140625,212.99000549316406,212.1999969482422,212.1999969482422,60580
2026-06-25 16:15:00+00:00,212.41000366210938,212.98989868164062,212.38499450683594,212.89999389648438,45286
2026-06-25 16:16:00+00:00,212.83999633789062,212.9499969482422,212.39999389648438,212.8800048828125,58554
2026-06-25 16:17:00+00:00,212.8699951171875,213.0,212.63009643554688,212.92999267578125,61157
2026-06-25 16:18:00+00:00,213.0,213.10000610351562,212.5334014892578,212.6750030517578,45892
2026-06-25 16:19:00+00:00,212.64999389648438,212.9499969482422,212.4199981689453,212.86500549316406,64884
2026-06-25 16:20:00+00:00,212.74920654296875,213.14999389648438,212.6699981689453,212.7899932861328,59116
2026-06-25 16:21:00+00:00,212.76499938964844,212.89500427246094,212.3000030517578,212.68499755859375,45930
2026-06-25 16:22:00+00:00,212.82000732421875,212.9600067138672,212.5500030517578,212.57130432128906,57657
2026-06-25 16:23:00+00:00,212.60000610351562,212.92999267578125,212.5319061279297,212.75999450683594,40700
2026-06-25 16:24:00+00:00,212.77000427246094,213.1999969482422,212.54469299316406,212.9499969482422,48387
2026-06-25 16:25:00+00:00,212.97000122070312,213.0,212.5399932861328,212.6199951171875,52849
2026-06-25 16:26:00+00:00,212.63999938964844,213.3000030517578,212.50999450683594,213.3000030517578,45346
2026-06-25 16:27:00+00:00,213.1999969482422,214.14999389648438,213.1999969482422,213.93499755859375,71266
2026-06-25 16:28:00+00:00,213.92999267578125,214.63999938964844,213.89999389648438,214.6300048828125,92139
2026-06-25 16:29:00+00:00,214.58999633789062,214.99000549316406,214.22000122070312,214.75,83953
2026-06-25 16:30:00+00:00,214.81080627441406,214.81080627441406,213.97999572753906,214.36000061035156,83459
2026-06-25 16:31:00+00:00,214.4031982421875,214.60000610351562,213.27000427246094,213.30999755859375,70012
2026-06-25 16:32:00+00:00,213.38499450683594,213.5,213.1699981689453,213.27999877929688,62322
2026-06-25 16:33:00+00:00,213.27999877929688,213.30499267578125,212.42999267578125,213.13499450683594,68431
2026-06-25 16:34:00+00:00,213.10000610351562,213.30999755859375,212.70010375976562,212.94000244140625,60598
2026-06-25 16:35:00+00:00,212.88999938964844,212.9499969482422,212.5500946044922,212.77000427246094,39513
2026-06-25 16:36:00+00:00,212.74000549316406,212.8000030517578,211.6300048828125,211.72500610351562,52660
2026-06-25 16:37:00+00:00,211.625,212.52000427246094,211.625,212.44000244140625,41308
2026-06-25 16:38:00+00:00,212.46499633789062,212.46499633789062,212.0500030517578,212.15499877929688,28355
2026-06-25 16:39:00+00:00,212.1999969482422,212.21499633789062,211.9250030517578,212.06500244140625,25835
2026-06-25 16:40:00+00:00,212.0500030517578,212.0500030517578,211.63999938964844,211.77000427246094,25669
2026-06-25 16:41:00+00:00,211.77499389648438,212.36000061035156,211.72000122070312,211.72000122070312,42607
2026-06-25 16:42:00+00:00,211.67999267578125,211.89999389648438,211.36000061035156,211.57000732421875,41692
2026-06-25 16:43:00+00:00,211.6999969482422,211.8000030517578,211.38999938964844,211.60000610351562,18185
2026-06-25 16:44:00+00:00,211.52000427246094,211.85000610351562,211.2949981689453,211.46749877929688,30830
2026-06-25 16:45:00+00:00,211.49000549316406,211.64990234375,210.2200927734375,210.42999267578125,88399
2026-06-25 16:46:00+00:00,210.4300994873047,211.47999572753906,210.4300994873047,211.47999572753906,60493
2026-06-25 16:47:00+00:00,211.49000549316406,212.8000030517578,211.35000610351562,212.08999633789062,53718
2026-06-25 16:48:00+00:00,212.21499633789062,212.72000122070312,211.97000122070312,212.36000061035156,43881
2026-06-25 16:49:00+00:00,212.38999938964844,212.99000549316406,212.25,212.7949981689453,40755
2026-06-25 16:50:00+00:00,212.61000061035156,212.91000366210938,212.05140686035156,212.88499450683594,40539
2026-06-25 16:51:00+00:00,212.77999877929688,213.0800018310547,212.13499450683594,212.13999938964844,42360
2026-06-25 16:52:00+00:00,212.22000122070312,212.52000427246094,212.10499572753906,212.44000244140625,25513
2026-06-25 16:53:00+00:00,212.57000732421875,213.0198974609375,212.5200958251953,212.66000366210938,22582
2026-06-25 16:54:00+00:00,212.75999450683594,213.03500366210938,212.57000732421875,212.64999389648438,25847
2026-06-25 16:55:00+00:00,212.6699981689453,212.82989501953125,212.14999389648438,212.47000122070312,40359
2026-06-25 16:56:00+00:00,212.47000122070312,212.5800018310547,212.16000366210938,212.30999755859375,30626
2026-06-25 16:57:00+00:00,212.32000732421875,212.69900512695312,212.22000122070312,212.3699951171875,25165
2026-06-25 16:58:00+00:00,212.3000030517578,212.9149932861328,212.3000030517578,212.69009399414062,24183
2026-06-25 16:59:00+00:00,212.6699981689453,212.92999267578125,212.3800048828125,212.52000427246094,17035
2026-06-25 17:00:00+00:00,212.66000366210938,213.39999389648438,212.52999877929688,213.19000244140625,37290
2026-06-25 17:01:00+00:00,213.35000610351562,213.74000549316406,213.00010681152344,213.6750030517578,34604
2026-06-25 17:02:00+00:00,213.52999877929688,213.9799041748047,213.22999572753906,213.63499450683594,51900
2026-06-25 17:03:00+00:00,213.44000244140625,213.80999755859375,213.14500427246094,213.65499877929688,29323
2026-06-25 17:04:00+00:00,213.58999633789062,213.61990356445312,213.33160400390625,213.5,21626
2026-06-25 17:05:00+00:00,213.55999755859375,213.6199951171875,213.3699951171875,213.47000122070312,29457
2026-06-25 17:06:00+00:00,213.47000122070312,213.6475067138672,213.00570678710938,213.1649932861328,40721
2026-06-25 17:07:00+00:00,213.1649932861328,213.2899932861328,213.02999877929688,213.21499633789062,22801
2026-06-25 17:08:00+00:00,213.21499633789062,213.5998992919922,213.2100067138672,213.27499389648438,26972
2026-06-25 17:09:00+00:00,213.27499389648438,213.47999572753906,213.0800018310547,213.375,16349
2026-06-25 17:10:00+00:00,213.44000244140625,213.9593963623047,213.39500427246094,213.8699951171875,46414
2026-06-25 17:11:00+00:00,213.77499389648438,214.3300018310547,213.77000427246094,214.0800018310547,44584
2026-06-25 17:12:00+00:00,214.11500549316406,214.17990112304688,213.72999572753906,214.0850067138672,31975
2026-06-25 17:13:00+00:00,214.0850067138672,214.17999267578125,213.99000549316406,214.06500244140625,21257
2026-06-25 17:14:00+00:00,214.13999938964844,214.5399932861328,213.82009887695312,213.9250030517578,62877
2026-06-25 17:15:00+00:00,213.9138946533203,214.97999572753906,213.9138946533203,214.9499053955078,40771
2026-06-25 17:16:00+00:00,214.80999755859375,215.3000030517578,214.80999755859375,214.9600067138672,70700
2026-06-25 17:17:00+00:00,215.05499267578125,215.25,214.63250732421875,214.85000610351562,46724
2026-06-25 17:18:00+00:00,214.8000030517578,214.91000366210938,213.6501007080078,213.9499969482422,72932
2026-06-25 17:19:00+00:00,213.8699951171875,213.97000122070312,213.17999267578125,213.26499938964844,23872
2026-06-25 17:20:00+00:00,213.33999633789062,213.35000610351562,212.5,213.2899932861328,48760
2026-06-25 17:21:00+00:00,213.28500366210938,213.40460205078125,212.77000427246094,213.27999877929688,34900
2026-06-25 17:22:00+00:00,213.02999877929688,213.10000610351562,212.3000030517578,212.4149932861328,35779
2026-06-25 17:23:00+00:00,212.4149932861328,212.83999633789062,212.27000427246094,212.8350067138672,24284
2026-06-25 17:24:00+00:00,212.8350067138672,213.49000549316406,212.8350067138672,213.4600067138672,35390
2026-06-25 17:25:00+00:00,213.4600067138672,213.5399932861328,212.69000244140625,212.8300018310547,30239
2026-06-25 17:26:00+00:00,212.97999572753906,213.47000122070312,212.82000732421875,213.30499267578125,20633
2026-06-25 17:27:00+00:00,213.2949981689453,213.5399932861328,213.19000244140625,213.3800048828125,34516
2026-06-25 17:28:00+00:00,213.30999755859375,213.63999938964844,213.10000610351562,213.63999938964844,42934
2026-06-25 17:29:00+00:00,213.63999938964844,213.82749938964844,213.5500030517578,213.72500610351562,30218
2026-06-25 17:30:00+00:00,213.72999572753906,213.91299438476562,213.59500122070312,213.85000610351562,24576
2026-06-25 17:31:00+00:00,213.77999877929688,214.0,213.71009826660156,213.77499389648438,21852
2026-06-25 17:32:00+00:00,213.77000427246094,213.89500427246094,213.6300048828125,213.7449951171875,20141
2026-06-25 17:33:00+00:00,213.7449951171875,214.19000244140625,213.55999755859375,214.09500122070312,31570
2026-06-25 17:34:00+00:00,214.08999633789062,214.10699462890625,213.40499877929688,213.50999450683594,20310
2026-06-25 17:35:00+00:00,213.41250610351562,213.57000732421875,213.16000366210938,213.24009704589844,21426
2026-06-25 17:36:00+00:00,213.36000061035156,213.39999389648438,212.7899932861328,212.99000549316406,20798
2026-06-25 17:37:00+00:00,212.99000549316406,213.08999633789062,212.59010314941406,212.82000732421875,37062
2026-06-25 17:38:00+00:00,212.75,213.07989501953125,212.72259521484375,213.07989501953125,19758
2026-06-25 17:39:00+00:00,212.9550018310547,213.18499755859375,212.8502960205078,213.05999755859375,36555
2026-06-25 17:40:00+00:00,212.9718017578125,213.47999572753906,212.9718017578125,213.42999267578125,29475
2026-06-25 17:41:00+00:00,213.42999267578125,213.60499572753906,213.17010498046875,213.28500366210938,42549
2026-06-25 17:42:00+00:00,213.28509521484375,213.66000366210938,213.22999572753906,213.64999389648438,31850
2026-06-25 17:43:00+00:00,213.625,213.6999969482422,213.13999938964844,213.35000610351562,37523
2026-06-25 17:44:00+00:00,213.34500122070312,213.49000549316406,212.92999267578125,213.02000427246094,20836
2026-06-25 17:45:00+00:00,213.02499389648438,213.02499389648438,212.36000061035156,212.5399932861328,31521
2026-06-25 17:46:00+00:00,212.4949951171875,212.7899932861328,212.360107421875,212.360107421875,19554
2026-06-25 17:47:00+00:00,212.47999572753906,212.47999572753906,211.8101043701172,212.0500030517578,27116
2026-06-25 17:48:00+00:00,211.9949951171875,212.30999755859375,211.9600067138672,212.22000122070312,31887
2026-06-25 17:49:00+00:00,212.1199951171875,212.1699981689453,211.75,211.91000366210938,30802
2026-06-25 17:50:00+00:00,211.8699951171875,212.00999450683594,211.6199951171875,211.8300018310547,31110
2026-06-25 17:51:00+00:00,211.8300018310547,212.07000732421875,211.75,211.83999633789062,25215
2026-06-25 17:52:00+00:00,211.77499389648438,212.08999633789062,211.75,211.86500549316406,14409
2026-06-25 17:53:00+00:00,211.8000030517578,212.33999633789062,211.71499633789062,212.27999877929688,23336
2026-06-25 17:54:00+00:00,212.2899932861328,212.5800018310547,212.05999755859375,212.5,16908
2026-06-25 17:55:00+00:00,212.5,212.63999938964844,212.25010681152344,212.38999938964844,17432
2026-06-25 17:56:00+00:00,212.3300018310547,212.4499053955078,211.99000549316406,212.2899932861328,32096
2026-06-25 17:57:00+00:00,212.36000061035156,212.69000244140625,212.36000061035156,212.55999755859375,20736
2026-06-25 17:58:00+00:00,212.55999755859375,212.9199981689453,212.55999755859375,212.9199981689453,19923
2026-06-25 17:59:00+00:00,212.85000610351562,212.91000366210938,212.3000030517578,212.50999450683594,21576
2026-06-25 18:00:00+00:00,212.53500366210938,212.74000549316406,212.32000732421875,212.55999755859375,23376
2026-06-25 18:01:00+00:00,212.69000244140625,212.89999389648438,212.47500610351562,212.6199951171875,27353
2026-06-25 18:02:00+00:00,212.4600067138672,212.4600067138672,211.39999389648438,211.68499755859375,44381
2026-06-25 18:03:00+00:00,211.8800048828125,212.07000732421875,211.55999755859375,211.72999572753906,49240
2026-06-25 18:04:00+00:00,211.72999572753906,212.14500427246094,211.52000427246094,211.52000427246094,25679
2026-06-25 18:05:00+00:00,211.57000732421875,211.5800018310547,211.08999633789062,211.16000366210938,32396
2026-06-25 18:06:00+00:00,211.3000030517578,211.61990356445312,211.18499755859375,211.46499633789062,26511
2026-06-25 18:07:00+00:00,211.4199981689453,211.85000610351562,211.25999450683594,211.49000549316406,32271
2026-06-25 18:08:00+00:00,211.64999389648438,211.8000030517578,211.4499969482422,211.78990173339844,19198
2026-06-25 18:09:00+00:00,211.6750030517578,211.92999267578125,211.41000366210938,211.41000366210938,33022
2026-06-25 18:10:00+00:00,211.50999450683594,211.72000122070312,211.2801971435547,211.3000030517578,19391
2026-06-25 18:11:00+00:00,211.5489959716797,211.6790008544922,211.32000732421875,211.47500610351562,11797
2026-06-25 18:12:00+00:00,211.32000732421875,211.5399932861328,211.10000610351562,211.10000610351562,31078
2026-06-25 18:13:00+00:00,211.4123992919922,211.4123992919922,210.6300048828125,210.64010620117188,75015
2026-06-25 18:14:00+00:00,210.63999938964844,211.3249969482422,210.57000732421875,211.10000610351562,38335
2026-06-25 18:15:00+00:00,211.08999633789062,211.08999633789062,210.38999938964844,210.47000122070312,26112
2026-06-25 18:16:00+00:00,210.47999572753906,210.8699951171875,210.41000366210938,210.71499633789062,46549
2026-06-25 18:17:00+00:00,210.71499633789062,210.7899932861328,210.44500732421875,210.50999450683594,30564
2026-06-25 18:18:00+00:00,210.52499389648438,210.77999877929688,210.36000061035156,210.7050018310547,36411
2026-06-25 18:19:00+00:00,210.77000427246094,211.0,210.5800018310547,210.6999969482422,48980
2026-06-25 18:20:00+00:00,210.68499755859375,211.0399932861328,210.5850067138672,210.62399291992188,24618
2026-06-25 18:21:00+00:00,210.5800018310547,210.63999938964844,210.3699951171875,210.50509643554688,21794
2026-06-25 18:22:00+00:00,210.5800018310547,210.82000732421875,210.52999877929688,210.57000732421875,22846
2026-06-25 18:23:00+00:00,210.5800018310547,210.97999572753906,210.52000427246094,210.93499755859375,13992
2026-06-25 18:24:00+00:00,211.02000427246094,211.2050018310547,210.74000549316406,210.97000122070312,36878
2026-06-25 18:25:00+00:00,210.97000122070312,211.41000366210938,210.88999938964844,211.35000610351562,22753
2026-06-25 18:26:00+00:00,211.4499969482422,211.7198944091797,211.22000122070312,211.64999389648438,31740
2026-06-25 18:27:00+00:00,211.65499877929688,211.65499877929688,211.3300018310547,211.50999450683594,30032
2026-06-25 18:28:00+00:00,211.61000061035156,211.8300018310547,211.3249969482422,211.3249969482422,34979
2026-06-25 18:29:00+00:00,211.33999633789062,211.52999877929688,211.1999969482422,211.22000122070312,27445
2026-06-25 18:30:00+00:00,211.1999969482422,211.1999969482422,210.0,210.11000061035156,46835
2026-06-25 18:31:00+00:00,210.11000061035156,210.1300048828125,209.77999877929688,209.84109497070312,35659
2026-06-25 18:32:00+00:00,209.83200073242188,209.9600067138672,209.22999572753906,209.22999572753906,34677
2026-06-25 18:33:00+00:00,209.28509521484375,209.41000366210938,209.02499389648438,209.02499389648438,27032
2026-06-25 18:34:00+00:00,209.14500427246094,209.24000549316406,208.8800048828125,208.92010498046875,26175
2026-06-25 18:35:00+00:00,208.99000549316406,209.14999389648438,208.63009643554688,208.72999572753906,125852
2026-06-25 18:36:00+00:00,208.75999450683594,209.08999633789062,208.69500732421875,208.73500061035156,38030
2026-06-25 18:37:00+00:00,208.7550048828125,208.7550048828125,208.27999877929688,208.52000427246094,30915
2026-06-25 18:38:00+00:00,208.5050048828125,209.31500244140625,208.39999389648438,209.125,37038
2026-06-25 18:39:00+00:00,209.10499572753906,209.2198028564453,208.7449951171875,209.02000427246094,20985
2026-06-25 18:40:00+00:00,209.0,209.139892578125,208.80999755859375,208.8300018310547,16220
2026-06-25 18:41:00+00:00,208.8209991455078,208.88499450683594,208.3000030517578,208.42999267578125,21532
2026-06-25 18:42:00+00:00,208.52000427246094,208.89999389648438,208.50999450683594,208.8300018310547,13796
2026-06-25 18:43:00+00:00,208.90499877929688,209.33999633789062,208.9001007080078,209.33999633789062,37091
2026-06-25 18:44:00+00:00,209.3975067138672,209.4499969482422,209.17999267578125,209.24000549316406,18430
2026-06-25 18:45:00+00:00,209.3011932373047,209.3011932373047,208.27999877929688,208.66990661621094,25795
2026-06-25 18:46:00+00:00,208.55999755859375,208.7100067138672,208.0800018310547,208.0800018310547,30286
2026-06-25 18:47:00+00:00,208.0399932861328,208.16000366210938,207.58999633789062,207.7913055419922,46004
2026-06-25 18:48:00+00:00,208.05999755859375,208.1699981689453,207.74000549316406,207.91000366210938,28765
2026-06-25 18:49:00+00:00,208.02000427246094,208.3300018310547,207.91000366210938,208.3300018310547,26997
2026-06-25 18:50:00+00:00,208.24000549316406,208.47390747070312,208.0800018310547,208.26620483398438,25287
2026-06-25 18:51:00+00:00,208.30999755859375,208.3300018310547,207.8800048828125,207.8800048828125,29763
2026-06-25 18:52:00+00:00,207.97000122070312,208.9949951171875,207.83009338378906,208.75999450683594,23350
2026-06-25 18:53:00+00:00,208.64999389648438,208.8502960205078,208.36500549316406,208.36500549316406,19673
2026-06-25 18:54:00+00:00,208.39999389648438,208.61000061035156,208.26019287109375,208.55999755859375,28904
2026-06-25 18:55:00+00:00,208.60000610351562,208.89599609375,208.55999755859375,208.71499633789062,27494
2026-06-25 18:56:00+00:00,208.6300048828125,208.69000244140625,208.3000030517578,208.54010009765625,28906
2026-06-25 18:57:00+00:00,208.4199981689453,208.55990600585938,207.9499969482422,208.19000244140625,30422
2026-06-25 18:58:00+00:00,208.19000244140625,208.4199981689453,208.0500946044922,208.2050018310547,18978
2026-06-25 18:59:00+00:00,208.18499755859375,208.4499969482422,208.1199951171875,208.34500122070312,20004
2026-06-25 19:00:00+00:00,208.1300048828125,208.35499572753906,208.0780029296875,208.21499633789062,25332
2026-06-25 19:01:00+00:00,208.21499633789062,208.3000030517578,207.99000549316406,208.0500030517578,23441
2026-06-25 19:02:00+00:00,207.99000549316406,207.99000549316406,207.42010498046875,207.44000244140625,34283
2026-06-25 19:03:00+00:00,207.4499969482422,207.60000610351562,207.04010009765625,207.19000244140625,45271
2026-06-25 19:04:00+00:00,207.2449951171875,207.30999755859375,206.80999755859375,206.80999755859375,37501
2026-06-25 19:05:00+00:00,206.86000061035156,206.97000122070312,206.38999938964844,206.38999938964844,41301
2026-06-25 19:06:00+00:00,206.3800048828125,206.90989685058594,206.32000732421875,206.61000061035156,29029
2026-06-25 19:07:00+00:00,206.72000122070312,207.00999450683594,206.5500030517578,206.9149932861328,24962
2026-06-25 19:08:00+00:00,206.9499969482422,207.00999450683594,206.77999877929688,206.97999572753906,20234
2026-06-25 19:09:00+00:00,206.85000610351562,207.0399932861328,206.69000244140625,206.89999389648438,47343
2026-06-25 19:10:00+00:00,206.93499755859375,206.94000244140625,206.50999450683594,206.77999877929688,25804
2026-06-25 19:11:00+00:00,206.72000122070312,207.0,206.71499633789062,206.89999389648438,20088
2026-06-25 19:12:00+00:00,206.82009887695312,207.0500030517578,206.64999389648438,206.97500610351562,16992
2026-06-25 19:13:00+00:00,206.96249389648438,206.98500061035156,206.52000427246094,206.52000427246094,31162
2026-06-25 19:14:00+00:00,206.67999267578125,206.75999450683594,206.39999389648438,206.48500061035156,28111
2026-06-25 19:15:00+00:00,206.39999389648438,206.42999267578125,206.14999389648438,206.22500610351562,32992
2026-06-25 19:16:00+00:00,206.27999877929688,206.64999389648438,206.2100067138672,206.3800048828125,37323
2026-06-25 19:17:00+00:00,206.32000732421875,206.43499755859375,205.82000732421875,205.85000610351562,47800
2026-06-25 19:18:00+00:00,205.92999267578125,206.12989807128906,205.61500549316406,205.67999267578125,38473
2026-06-25 19:19:00+00:00,205.64999389648438,206.35499572753906,205.58999633789062,206.3249969482422,39872
2026-06-25 19:20:00+00:00,206.31500244140625,206.41000366210938,205.86000061035156,206.0850067138672,34184
2026-06-25 19:21:00+00:00,206.02999877929688,206.42990112304688,205.97999572753906,205.97999572753906,25184
2026-06-25 19:22:00+00:00,205.97500610351562,206.25,205.8800048828125,206.11000061035156,22596
2026-06-25 19:23:00+00:00,206.14500427246094,206.375,206.0500030517578,206.1199951171875,24144
2026-06-25 19:24:00+00:00,206.1199951171875,206.47000122070312,206.00999450683594,206.47000122070312,25310
2026-06-25 19:25:00+00:00,206.58999633789062,207.05999755859375,206.52999877929688,206.6999969482422,60283
2026-06-25 19:26:00+00:00,206.6999969482422,207.139892578125,206.58999633789062,207.00999450683594,44691
2026-06-25 19:27:00+00:00,207.02000427246094,207.0500030517578,206.71009826660156,206.80499267578125,44485
2026-06-25 19:28:00+00:00,206.7899932861328,206.8800048828125,206.60000610351562,206.625,36939
2026-06-25 19:29:00+00:00,206.5800018310547,207.42999267578125,206.5800018310547,207.24000549316406,43520
2026-06-25 19:30:00+00:00,207.1750030517578,207.1988067626953,206.3000030517578,206.3000030517578,41178
2026-06-25 19:31:00+00:00,206.2899932861328,206.3300018310547,205.5500030517578,205.82000732421875,35813
2026-06-25 19:32:00+00:00,205.71470642089844,206.05999755859375,205.35000610351562,205.39999389648438,49355
2026-06-25 19:33:00+00:00,205.4199981689453,205.53990173339844,205.11000061035156,205.44000244140625,42896
2026-06-25 19:34:00+00:00,205.41000366210938,205.78990173339844,205.3800048828125,205.71499633789062,38446
2026-06-25 19:35:00+00:00,205.60000610351562,205.61000061035156,205.0500030517578,205.22999572753906,38191
2026-06-25 19:36:00+00:00,205.22999572753906,205.52000427246094,205.02000427246094,205.02000427246094,63970
2026-06-25 19:37:00+00:00,205.0601043701172,205.47000122070312,205.02000427246094,205.29010009765625,32003
2026-06-25 19:38:00+00:00,205.36000061035156,205.44000244140625,205.0500030517578,205.1199951171875,31595
2026-06-25 19:39:00+00:00,205.13999938964844,205.3300018310547,205.0399932861328,205.2899932861328,31782
2026-06-25 19:40:00+00:00,205.32000732421875,205.89999389648438,205.25999450683594,205.59500122070312,49998
2026-06-25 19:41:00+00:00,205.59500122070312,206.39999389648438,205.4199981689453,206.2899932861328,50309
2026-06-25 19:42:00+00:00,206.27999877929688,206.60000610351562,206.22000122070312,206.25999450683594,31905
2026-06-25 19:43:00+00:00,206.39999389648438,206.4600067138672,206.10000610351562,206.14999389648438,45030
2026-06-25 19:44:00+00:00,206.21499633789062,206.3000030517578,205.9700927734375,205.99000549316406,30890
2026-06-25 19:45:00+00:00,206.02000427246094,206.0749969482422,205.58999633789062,205.83999633789062,40784
2026-06-25 19:46:00+00:00,205.89999389648438,206.19000244140625,205.50999450683594,205.89999389648438,46847
2026-06-25 19:47:00+00:00,205.85000610351562,206.3000030517578,205.85000610351562,205.89999389648438,34568
2026-06-25 19:48:00+00:00,205.83999633789062,205.97000122070312,205.3350067138672,205.44000244140625,40358
2026-06-25 19:49:00+00:00,205.47000122070312,205.5749969482422,205.27000427246094,205.47000122070312,45750
2026-06-25 19:50:00+00:00,205.27000427246094,205.6790008544922,205.0399932861328,205.35000610351562,68871
2026-06-25 19:51:00+00:00,205.4199981689453,205.60000610351562,205.0,205.28500366210938,77475
2026-06-25 19:52:00+00:00,205.28500366210938,205.64999389648438,205.28500366210938,205.36500549316406,60799
2026-06-25 19:53:00+00:00,205.3300018310547,205.47000122070312,205.00999450683594,205.16000366210938,61297
2026-06-25 19:54:00+00:00,205.1999969482422,205.32000732421875,204.55999755859375,204.72000122070312,110321
2026-06-25 19:55:00+00:00,204.75999450683594,205.60989379882812,204.75999450683594,205.26060485839844,116423
2026-06-25 19:56:00+00:00,205.17999267578125,205.27000427246094,204.6699981689453,204.6699981689453,119029
2026-06-25 19:57:00+00:00,204.63499450683594,204.97999572753906,204.63499450683594,204.6999969482422,158907
2026-06-25 19:58:00+00:00,204.75,204.86000061035156,204.5500030517578,204.60000610351562,219082
2026-06-25 19:59:00+00:00,204.6199951171875,205.02000427246094,204.60000610351562,204.63999938964844,566425
2026-06-25 20:00:00+00:00,204.9,206.01,204.5,206.01,2566355
2026-06-25 20:01:00+00:00,205.1074,207.27,205.1074,207.01,0
2026-06-25 20:02:00+00:00,206.1418,207.06,206.0,206.8,0
2026-06-25 20:03:00+00:00,204.89,207.0,204.89,206.5,0
2026-06-25 20:04:00+00:00,204.9,206.11,204.9,206.0,0
2026-06-25 20:05:00+00:00,205.6259,206.5,204.9,205.77,0
2026-06-25 20:06:00+00:00,205.75,206.25,205.6,206.0,0
2026-06-25 20:07:00+00:00,205.84,206.25,205.8,206.2,0
2026-06-25 20:08:00+00:00,206.18,206.25,205.8,206.0125,0
2026-06-25 20:09:00+00:00,206.23,206.3,204.9,204.9,0
2026-06-25 20:10:00+00:00,206.04,206.209,204.9,206.0935,0
2026-06-25 20:11:00+00:00,206.2077,206.28,206.0,206.1,0
2026-06-25 20:12:00+00:00,205.95,206.29,205.6,206.0,0
2026-06-25 20:13:00+00:00,205.91,206.02,205.9,206.0,0
2026-06-25 20:14:00+00:00,206.29,206.29,206.0,206.1462,0
2026-06-25 20:15:00+00:00,206.15,206.25,206.0,206.1,0
2026-06-25 20:16:00+00:00,206.15,206.38,206.0195,206.38,0
2026-06-25 20:17:00+00:00,206.435,206.9,204.9,206.5,0
2026-06-25 20:18:00+00:00,206.3,206.8997,206.3,206.79,0
2026-06-25 20:19:00+00:00,206.55,206.79,206.1897,206.51,0
2026-06-25 20:20:00+00:00,206.2,206.6959,206.2,206.3,0
2026-06-25 20:21:00+00:00,206.48,206.77,206.43,206.77,0
2026-06-25 20:22:00+00:00,206.89,206.9,206.58,206.6216,0
2026-06-25 20:23:00+00:00,206.58,206.9,206.58,206.6521,0
2026-06-25 20:24:00+00:00,206.6,206.9,206.6,206.68,0
2026-06-25 20:25:00+00:00,206.61,206.84,204.9,206.2,0
2026-06-25 20:26:00+00:00,206.68,206.84,206.4,206.84,0
2026-06-25 20:27:00+00:00,206.7568,206.84,206.48,206.84,0
2026-06-25 20:28:00+00:00,206.4,206.84,206.4,206.4,0
2026-06-25 20:29:00+00:00,206.6,206.6,206.2,206.2486,0
2026-06-25 20:30:00+00:00,206.2433,206.55,206.2,206.55,0
2026-06-25 20:31:00+00:00,206.51,206.522,206.01,206.07,0
2026-06-25 20:32:00+00:00,206.3,206.5,206.0,206.5,0
2026-06-25 20:33:00+00:00,206.3,206.3,205.92,206.3,0
2026-06-25 20:34:00+00:00,206.3,206.3,205.91,206.25,0
2026-06-25 20:35:00+00:00,206.25,206.46,205.96,205.96,0
2026-06-25 20:36:00+00:00,206.4845,206.4845,206.4845,206.4845,0
2026-06-25 20:37:00+00:00,206.3,206.3,205.5,205.68,0
2026-06-25 20:38:00+00:00,205.5,205.99,205.41,205.9727,0
2026-06-25 20:39:00+00:00,205.41,205.99,205.0579,205.1,0
2026-06-25 20:40:00+00:00,205.53,205.99,205.01,205.99,0
2026-06-25 20:41:00+00:00,205.3,205.99,205.3,205.99,0
2026-06-25 20:42:00+00:00,205.9,205.99,205.01,205.99,0
2026-06-25 20:43:00+00:00,205.3,205.99,205.01,205.5,0
2026-06-25 20:44:00+00:00,205.76,205.99,205.5,205.5,0
2026-06-25 20:45:00+00:00,205.5,205.99,205.5,205.8089,0
2026-06-25 20:46:00+00:00,205.85,205.85,205.78,205.78,0
2026-06-25 20:47:00+00:00,205.8,205.8,205.5,205.6,0
2026-06-25 20:48:00+00:00,205.5,205.85,205.28,205.6,0
2026-06-25 20:49:00+00:00,205.5,205.6,205.2955,205.5,0
2026-06-25 20:50:00+00:00,205.45,205.5545,205.37,205.5,0
2026-06-25 20:51:00+00:00,205.5,205.5,205.289,205.289,0
2026-06-25 20:52:00+00:00,205.5425,205.55,205.25,205.3,0
2026-06-25 20:53:00+00:00,205.55,205.55,205.0802,205.0802,0
2026-06-25 20:54:00+00:00,205.55,205.55,205.26,205.31,0
2026-06-25 20:55:00+00:00,205.2,205.5,204.9,205.2,0
2026-06-25 20:56:00+00:00,205.2,205.2,205.0477,205.17,0
2026-06-25 20:57:00+00:00,205.2485,205.2485,205.0589,205.13,0
2026-06-25 20:58:00+00:00,205.18,205.39,205.01,205.39,0
2026-06-25 20:59:00+00:00,205.13,205.4,205.01,205.4,0
2026-06-25 21:00:00+00:00,205.4,205.4,205.01,205.2195,0
2026-06-25 21:01:00+00:00,205.21,205.35,205.01,205.35,0
2026-06-25 21:02:00+00:00,204.9,205.15,204.9,205.15,0
2026-06-25 21:03:00+00:00,205.3058,205.35,205.3058,205.35,0
2026-06-25 21:04:00+00:00,205.3105,205.35,205.01,205.3,0
2026-06-25 21:05:00+00:00,205.0793,205.35,205.0185,205.3318,0
2026-06-25 21:06:00+00:00,205.29,205.35,205.21,205.21,0
2026-06-25 21:07:00+00:00,205.28,205.35,205.28,205.34,0
2026-06-25 21:08:00+00:00,205.34,205.35,205.23,205.34,0
2026-06-25 21:09:00+00:00,205.31,205.35,205.08,205.24,0
2026-06-25 21:10:00+00:00,205.08,205.35,205.08,205.35,0
2026-06-25 21:11:00+00:00,205.1743,205.3,205.15,205.2232,0
2026-06-25 21:12:00+00:00,205.241,205.35,205.241,205.25,0
2026-06-25 21:13:00+00:00,205.324,205.35,205.1971,205.35,0
2026-06-25 21:14:00+00:00,205.3479,205.35,205.25,205.3412,0
2026-06-25 21:15:00+00:00,205.34,205.34,205.2486,205.2486,0
2026-06-25 21:16:00+00:00,205.319,205.32,205.15,205.32,0
2026-06-25 21:17:00+00:00,205.32,205.32,205.1516,205.1516,0
2026-06-25 21:18:00+00:00,205.32,205.32,205.32,205.32,0
2026-06-25 21:19:00+00:00,205.3199,205.3199,205.19,205.2,0
2026-06-25 21:20:00+00:00,205.2,205.26,205.17,205.26,0
2026-06-25 21:21:00+00:00,205.26,205.26,205.01,205.0555,0
2026-06-25 21:22:00+00:00,205.3145,205.3145,205.3145,205.3145,0
2026-06-25 21:23:00+00:00,205.34,205.35,205.01,205.35,0
2026-06-25 21:24:00+00:00,205.2,205.36,205.0,205.09,0
2026-06-25 21:25:00+00:00,205.09,205.3132,205.09,205.2,0
2026-06-25 21:26:00+00:00,205.05,205.2,205.03,205.03,0
2026-06-25 21:27:00+00:00,205.0365,205.24,205.0365,205.24,0
2026-06-25 21:28:00+00:00,205.03,205.17,205.03,205.0356,0
2026-06-25 21:29:00+00:00,205.25,205.29,205.06,205.06,0
2026-06-25 21:30:00+00:00,205.06,205.29,205.0,205.25,0
2026-06-25 21:31:00+00:00,205.06,205.25,205.06,205.07,0
2026-06-25 21:32:00+00:00,205.23,205.36,205.0601,205.36,0
2026-06-25 21:33:00+00:00,205.36,205.36,205.03,205.03,0
2026-06-25 21:34:00+00:00,205.08,205.1,204.95,205.1,0
2026-06-25 21:35:00+00:00,204.91,205.35,204.91,204.989,0
2026-06-25 21:36:00+00:00,205.0,205.0,204.95,204.97,0
2026-06-25 21:37:00+00:00,204.91,205.0,204.5,205.0,0
2026-06-25 21:38:00+00:00,204.95,204.95,204.74,204.74,0
2026-06-25 21:39:00+00:00,204.74,204.9,204.74,204.79,0
2026-06-25 21:40:00+00:00,204.9999,204.9999,204.7,204.7,0
2026-06-25 21:41:00+00:00,204.7,205.0,204.7,204.99,0
2026-06-25 21:42:00+00:00,204.74,204.961,204.74,204.9,0
2026-06-25 21:43:00+00:00,205.0,205.0,204.7,204.7,0
2026-06-25 21:44:00+00:00,204.7,205.0,204.7,205.0,0
2026-06-25 21:45:00+00:00,205.0,205.0,204.974,204.974,0
2026-06-25 21:46:00+00:00,204.99,204.99,204.8,204.97,0
2026-06-25 21:47:00+00:00,204.9,205.0,204.9,204.94,0
2026-06-25 21:48:00+00:00,204.92,205.0,204.85,205.0,0
2026-06-25 21:49:00+00:00,205.0,205.0,204.7465,204.9682,0
2026-06-25 21:50:00+00:00,205.0,205.0,204.97,204.97,0
2026-06-25 21:51:00+00:00,204.9682,204.97,204.8,204.8671,0
2026-06-25 21:52:00+00:00,205.0,205.0,204.9,204.97,0
2026-06-25 21:53:00+00:00,204.97,205.0,204.85,205.0,0
2026-06-25 21:54:00+00:00,205.0,205.0,204.98,204.98,0
2026-06-25 21:55:00+00:00,204.9003,205.35,204.9003,205.3499,0
2026-06-25 21:56:00+00:00,205.34,205.34,204.915,205.13,0
2026-06-25 21:57:00+00:00,205.35,205.35,205.13,205.35,0
2026-06-25 21:58:00+00:00,204.85,205.285,204.85,205.285,0
2026-06-25 21:59:00+00:00,205.0,205.0,204.8632,204.956,0
2026-06-25 22:00:00+00:00,205.46,206.2,205.46,206.2,0
2026-06-25 22:01:00+00:00,205.2,205.2488,204.94,204.94,0
2026-06-25 22:02:00+00:00,204.94,205.21,204.8,205.21,0
2026-06-25 22:03:00+00:00,205.24,205.5,205.0478,205.5,0
2026-06-25 22:04:00+00:00,205.4952,205.4952,205.065,205.4364,0
2026-06-25 22:05:00+00:00,205.5,205.5,204.95,204.95,0
2026-06-25 22:06:00+00:00,205.11,205.5,204.9245,204.95,0
2026-06-25 22:07:00+00:00,204.95,205.33,204.95,205.0,0
2026-06-25 22:08:00+00:00,205.0,205.4,204.68,204.68,0
2026-06-25 22:09:00+00:00,204.68,205.4,204.68,204.9714,0
2026-06-25 22:10:00+00:00,204.8,205.0,204.1012,204.1012,0
2026-06-25 22:11:00+00:00,204.46,204.58,204.01,204.365,0
2026-06-25 22:12:00+00:00,204.69,204.69,204.01,204.01,0
2026-06-25 22:13:00+00:00,204.37,204.5,204.01,204.01,0
2026-06-25 22:14:00+00:00,204.0546,204.33,204.0546,204.33,0
2026-06-25 22:15:00+00:00,204.5,204.5,204.0785,204.27,0
2026-06-25 22:16:00+00:00,204.01,205.0,204.01,204.68,0
2026-06-25 22:17:00+00:00,204.7,204.7,204.68,204.68,0
2026-06-25 22:18:00+00:00,204.01,204.63,204.01,204.63,0
2026-06-25 22:19:00+00:00,204.63,204.63,204.01,204.5,0
2026-06-25 22:20:00+00:00,204.5,204.5,204.02,204.1,0
2026-06-25 22:21:00+00:00,204.43,204.5,204.0,204.0632,0
2026-06-25 22:22:00+00:00,204.0,204.4521,204.0,204.2,0
2026-06-25 22:23:00+00:00,205.3,205.3,204.2,204.21,0
2026-06-25 22:24:00+00:00,204.5,204.5,204.21,204.21,0
2026-06-25 22:25:00+00:00,204.3,204.3,204.0399,204.16,0
2026-06-25 22:26:00+00:00,204.19,204.3,204.03,204.03,0
2026-06-25 22:27:00+00:00,204.03,204.3,204.0,204.2,0
2026-06-25 22:28:00+00:00,204.2,205.0,204.0,204.18,0
2026-06-25 22:29:00+00:00,204.0,204.72,204.0,204.72,0
2026-06-25 22:30:00+00:00,204.7,204.7,204.0,204.12,0
2026-06-25 22:31:00+00:00,204.0,204.7,204.0,204.0968,0
2026-06-25 22:32:00+00:00,204.53,204.53,204.53,204.53,0
2026-06-25 22:33:00+00:00,204.09,204.4999,204.09,204.4999,0
2026-06-25 22:34:00+00:00,204.5,204.5,204.0,204.17,0
2026-06-25 22:35:00+00:00,204.2,204.25,204.2,204.25,0
2026-06-25 22:36:00+00:00,204.435,204.4394,204.25,204.4392,0
2026-06-25 22:37:00+00:00,204.4,204.5,204.25,204.5,0
2026-06-25 22:38:00+00:00,204.4341,204.49,204.4,204.456,0
2026-06-25 22:39:00+00:00,204.4665,204.5,204.4025,204.45,0
2026-06-25 22:40:00+00:00,204.4,204.5,204.25,204.25,0
2026-06-25 22:41:00+00:00,204.2355,204.25,204.0,204.18,0
2026-06-25 22:42:00+00:00,204.2,204.2,204.0,204.1,0
2026-06-25 22:43:00+00:00,204.01,204.5,204.01,204.44,0
2026-06-25 22:44:00+00:00,204.2,204.448,204.2,204.448,0
2026-06-25 22:45:00+00:00,204.25,204.5,204.25,204.4,0
2026-06-25 22:46:00+00:00,204.1,204.49,204.1,204.47,0
2026-06-25 22:47:00+00:00,204.47,204.47,204.3,204.3,0
2026-06-25 22:48:00+00:00,204.47,204.5,204.3,204.3,0
2026-06-25 22:49:00+00:00,204.4505,204.4505,204.1,204.1538,0
2026-06-25 22:50:00+00:00,204.45,204.47,204.0,204.0,0
2026-06-25 22:51:00+00:00,204.02,204.4999,204.0,204.435,0
2026-06-25 22:52:00+00:00,204.3,204.3,204.0,204.039,0
2026-06-25 22:53:00+00:00,204.3,204.38,204.3,204.3,0
2026-06-25 22:54:00+00:00,204.3,204.5,204.3,204.41,0
2026-06-25 22:55:00+00:00,204.67,205.0,204.45,204.5735,0
2026-06-25 22:56:00+00:00,204.57,204.67,204.5,204.5,0
2026-06-25 22:57:00+00:00,204.5,204.89,204.45,204.89,0
2026-06-25 22:58:00+00:00,204.89,204.89,204.4,204.4,0
2026-06-25 22:59:00+00:00,204.46,204.67,204.4,204.5,0
2026-06-25 23:00:00+00:00,204.46,204.67,204.46,204.67,0
2026-06-25 23:01:00+00:00,204.7,205.115,204.6,204.8,0
2026-06-25 23:02:00+00:00,204.8,204.8,204.6,204.6957,0
2026-06-25 23:03:00+00:00,204.69,205.4,204.69,205.23,0
2026-06-25 23:04:00+00:00,205.0,205.23,205.0,205.23,0
2026-06-25 23:05:00+00:00,204.9,204.9,204.5,204.5949,0
2026-06-25 23:06:00+00:00,204.59,204.6819,204.59,204.6819,0
2026-06-25 23:07:00+00:00,205.23,205.23,204.98,205.0,0
2026-06-25 23:08:00+00:00,205.0,205.0,204.99,204.99,0
2026-06-25 23:09:00+00:00,204.9985,204.9991,204.93,204.99,0
2026-06-25 23:10:00+00:00,204.948,205.0,204.82,205.0,0
2026-06-25 23:11:00+00:00,204.98,205.0,204.85,204.85,0
2026-06-25 23:12:00+00:00,204.85,205.0,204.8375,205.0,0
2026-06-25 23:13:00+00:00,205.0,205.341,203.9,204.0,0
2026-06-25 23:14:00+00:00,204.5,204.5,203.87,203.99,0
2026-06-25 23:15:00+00:00,204.0,204.0,203.83,203.83,0
2026-06-25 23:16:00+00:00,203.97,204.0,203.94,203.9558,0
2026-06-25 23:17:00+00:00,204.0,205.4,203.99,205.4,0
2026-06-25 23:18:00+00:00,204.88,205.4,204.0,205.4,0
2026-06-25 23:19:00+00:00,205.4,205.4,205.3,205.4,0
2026-06-25 23:20:00+00:00,205.4,205.7097,205.3,205.69,0
2026-06-25 23:21:00+00:00,205.6,206.0,205.2,205.79,0
2026-06-25 23:22:00+00:00,206.0,206.0,205.8,205.8,0
2026-06-25 23:23:00+00:00,205.94,206.34,205.94,206.34,0
2026-06-25 23:24:00+00:00,205.55,206.5997,205.55,205.7,0
2026-06-25 23:25:00+00:00,206.37,206.37,205.73,205.99,0
2026-06-25 23:26:00+00:00,205.99,206.0,205.95,205.99,0
2026-06-25 23:27:00+00:00,205.89,205.9,205.51,205.85,0
2026-06-25 23:28:00+00:00,205.85,205.9999,205.55,205.55,0
2026-06-25 23:29:00+00:00,205.9459,206.0,205.5,205.5,0
2026-06-25 23:30:00+00:00,205.85,205.85,205.72,205.72,0
2026-06-25 23:31:00+00:00,205.1832,205.74,205.1832,205.6541,0
2026-06-25 23:32:00+00:00,205.34,205.74,205.1,205.74,0
2026-06-25 23:33:00+00:00,205.69,205.69,205.4771,205.49,0
2026-06-25 23:34:00+00:00,205.49,205.74,205.2646,205.6611,0
2026-06-25 23:35:00+00:00,205.5675,205.5675,205.5675,205.5675,0
2026-06-25 23:36:00+00:00,205.57,205.7,205.1,205.7,0
2026-06-25 23:37:00+00:00,205.2,205.7,205.2,205.59,0
2026-06-25 23:38:00+00:00,205.45,205.45,205.178,205.3,0
2026-06-25 23:39:00+00:00,205.45,205.5,205.12,205.5,0
2026-06-25 23:40:00+00:00,205.15,205.5,205.1,205.5,0
2026-06-25 23:41:00+00:00,205.5,205.5,205.0,205.01,0
2026-06-25 23:42:00+00:00,205.25,205.5,204.54,205.2,0
2026-06-25 23:43:00+00:00,204.54,205.2,204.54,205.15,0
2026-06-25 23:44:00+00:00,205.0655,205.0655,205.0655,205.0655,0
2026-06-25 23:45:00+00:00,204.8,205.0,204.5,204.6279,0
2026-06-25 23:46:00+00:00,205.2,205.2,204.6111,204.93,0
2026-06-25 23:47:00+00:00,204.6,204.93,204.5,204.85,0
2026-06-25 23:48:00+00:00,204.79,204.79,204.5,204.7591,0
2026-06-25 23:49:00+00:00,204.5519,205.5,204.5,205.5,0
2026-06-25 23:50:00+00:00,204.5,204.5,204.26,204.293,0
2026-06-25 23:51:00+00:00,204.46,204.95,204.0,204.0,0
2026-06-25 23:52:00+00:00,204.08,204.08,203.7,203.81,0
2026-06-25 23:53:00+00:00,203.9999,204.0,203.5,204.0,0
2026-06-25 23:54:00+00:00,203.9446,204.4785,203.8,204.4785,0
2026-06-25 23:55:00+00:00,204.4785,204.4785,204.43,204.43,0
2026-06-25 23:56:00+00:00,204.0,204.25,203.85,203.85,0
2026-06-25 23:57:00+00:00,203.75,203.8,203.3,203.8,0
2026-06-25 23:58:00+00:00,203.5,203.8,203.365,203.42,0
2026-06-25 23:59:00+00:00,203.3,203.75,203.3,203.75,0
2026-06-26 08:00:00+00:00,198.0,204.9,197.2595,202.43,0
2026-06-26 08:01:00+00:00,201.66,202.99,197.2,202.26,0
2026-06-26 08:02:00+00:00,202.1922,202.49,202.0,202.135,0
2026-06-26 08:03:00+00:00,202.1349,202.1349,202.1349,202.1349,0
2026-06-26 08:04:00+00:00,202.16,202.16,202.0,202.0,0
2026-06-26 08:05:00+00:00,201.96,201.96,200.1,201.95,0
2026-06-26 08:06:00+00:00,201.67,201.96,199.0,201.96,0
2026-06-26 08:07:00+00:00,201.85,202.99,201.31,201.96,0
2026-06-26 08:08:00+00:00,202.5,202.5,201.7,202.28,0
2026-06-26 08:09:00+00:00,202.28,202.28,201.21,201.74,0
2026-06-26 08:10:00+00:00,202.1942,202.8,197.38,201.4,0
2026-06-26 08:11:00+00:00,201.11,201.11,201.11,201.11,0
2026-06-26 08:12:00+00:00,201.51,201.51,201.0401,201.0401,0
2026-06-26 08:13:00+00:00,201.04,201.25,201.0,201.0,0
2026-06-26 08:14:00+00:00,200.77,200.77,200.77,200.77,0
2026-06-26 08:15:00+00:00,200.5,201.0,200.5,201.0,0
2026-06-26 08:16:00+00:00,201.5,201.5,201.5,201.5,0
2026-06-26 08:17:00+00:00,201.36,201.5,201.36,201.5,0
2026-06-26 08:18:00+00:00,201.03,201.24,200.8,201.24,0
2026-06-26 08:19:00+00:00,201.24,201.24,200.81,201.0,0
2026-06-26 08:20:00+00:00,200.8,200.8,200.8,200.8,0
2026-06-26 08:21:00+00:00,200.67,200.86,200.67,200.86,0
2026-06-26 08:22:00+00:00,200.79,202.0,200.52,201.85,0
2026-06-26 08:23:00+00:00,201.85,201.85,201.85,201.85,0
2026-06-26 08:25:00+00:00,201.83,201.85,201.6,201.6,0
2026-06-26 08:26:00+00:00,201.65,201.65,201.0,201.0,0
2026-06-26 08:27:00+00:00,201.54,202.0,201.3,202.0,0
2026-06-26 08:28:00+00:00,201.44,201.8102,201.44,201.8102,0
2026-06-26 08:29:00+00:00,201.8,201.8,201.8,201.8,0
2026-06-26 08:30:00+00:00,202.1552,202.1552,200.8,200.8,0
2026-06-26 08:31:00+00:00,201.28,201.28,201.28,201.28,0
2026-06-26 08:32:00+00:00,201.86,201.86,201.86,201.86,0
2026-06-26 08:33:00+00:00,201.78,201.78,201.78,201.78,0
2026-06-26 08:34:00+00:00,201.24,201.31,201.2,201.31,0
2026-06-26 08:35:00+00:00,201.33,201.85,201.33,201.85,0
2026-06-26 08:37:00+00:00,201.85,201.85,201.85,201.85,0
2026-06-26 08:38:00+00:00,201.7033,201.78,201.46,201.46,0
2026-06-26 08:40:00+00:00,201.5274,201.7,201.5274,201.7,0
2026-06-26 08:41:00+00:00,202.0,202.0,201.649,201.83,0
2026-06-26 08:42:00+00:00,201.46,202.0,201.46,201.9988,0
2026-06-26 08:43:00+00:00,202.0,202.0,201.32,201.32,0
2026-06-26 08:44:00+00:00,201.1,201.1,201.0,201.0,0
2026-06-26 08:45:00+00:00,201.32,201.32,200.9303,200.9303,0
2026-06-26 08:46:00+00:00,201.0,201.0,200.8,200.8,0
2026-06-26 08:47:00+00:00,201.0,201.0,201.0,201.0,0
2026-06-26 08:49:00+00:00,201.0,201.24,201.0,201.0,0
2026-06-26 08:50:00+00:00,200.81,201.05,200.2,200.62,0
2026-06-26 08:51:00+00:00,200.8,200.8,200.4,200.4,0
2026-06-26 08:52:00+00:00,201.1988,201.1988,200.0,200.0,0
2026-06-26 08:53:00+00:00,200.4,200.62,200.0,200.0,0
2026-06-26 08:54:00+00:00,200.38,200.57,200.38,200.57,0
2026-06-26 08:55:00+00:00,200.57,200.8,200.0,200.0,0
2026-06-26 08:56:00+00:00,200.01,200.01,200.0097,200.0097,0
2026-06-26 08:57:00+00:00,200.08,201.36,200.08,201.0,0
2026-06-26 08:58:00+00:00,200.0,200.7,200.0,200.7,0
2026-06-26 08:59:00+00:00,200.0001,200.2644,200.0,200.2644,0
2026-06-26 09:00:00+00:00,200.11,200.66,200.11,200.11,0
2026-06-26 09:01:00+00:00,200.11,200.1499,200.11,200.11,0
2026-06-26 09:02:00+00:00,200.11,200.11,199.08,199.5188,0
2026-06-26 09:03:00+00:00,199.77,199.97,199.77,199.79,0
2026-06-26 09:04:00+00:00,199.5056,199.87,199.2,199.83,0
2026-06-26 09:05:00+00:00,200.0,201.5601,200.0,200.5275,0
2026-06-26 09:06:00+00:00,200.64,201.0,200.29,200.29,0
2026-06-26 09:07:00+00:00,200.71,200.76,200.71,200.76,0
2026-06-26 09:08:00+00:00,200.805,201.3601,200.69,200.72,0
2026-06-26 09:09:00+00:00,200.62,200.72,200.62,200.67,0
2026-06-26 09:10:00+00:00,200.62,200.62,200.62,200.62,0
2026-06-26 09:11:00+00:00,200.72,200.95,200.65,200.95,0
2026-06-26 09:12:00+00:00,201.3601,201.3601,200.65,200.76,0
2026-06-26 09:13:00+00:00,200.5,200.78,200.5,200.78,0
2026-06-26 09:14:00+00:00,200.78,200.78,200.45,200.45,0
2026-06-26 09:15:00+00:00,200.45,201.8,200.45,200.49,0
2026-06-26 09:16:00+00:00,201.8,201.8,200.5,200.5,0
2026-06-26 09:17:00+00:00,201.36,201.36,201.18,201.18,0
2026-06-26 09:18:00+00:00,201.1109,201.5,201.1109,201.5,0
2026-06-26 09:19:00+00:00,201.2,201.2,200.86,200.86,0
2026-06-26 09:20:00+00:00,200.86,201.5,200.86,201.14,0
2026-06-26 09:21:00+00:00,201.1,201.6,200.43,201.6,0
2026-06-26 09:22:00+00:00,201.6,201.6,200.75,200.75,0
2026-06-26 09:23:00+00:00,200.1699,201.5,200.1699,201.5,0
2026-06-26 09:24:00+00:00,201.5,201.5,201.5,201.5,0
2026-06-26 09:25:00+00:00,200.82,201.5,200.82,201.5,0
2026-06-26 09:26:00+00:00,200.1674,200.8,200.06,200.06,0
2026-06-26 09:27:00+00:00,200.77,200.77,200.77,200.77,0
2026-06-26 09:28:00+00:00,200.5,200.77,200.5,200.77,0
2026-06-26 09:29:00+00:00,200.76,201.3601,200.76,201.3601,0
2026-06-26 09:30:00+00:00,200.9,200.9,200.9,200.9,0
2026-06-26 09:31:00+00:00,200.06,200.53,200.06,200.46,0
2026-06-26 09:32:00+00:00,200.58,201.0,200.58,201.0,0
2026-06-26 09:34:00+00:00,201.04,201.44,201.04,201.28,0
2026-06-26 09:35:00+00:00,201.0112,201.28,201.0112,201.28,0
2026-06-26 09:36:00+00:00,201.5,201.5,201.5,201.5,0
2026-06-26 09:37:00+00:00,201.01,201.01,201.01,201.01,0
2026-06-26 09:38:00+00:00,201.46,201.46,201.01,201.27,0
2026-06-26 09:40:00+00:00,201.25,201.25,201.25,201.25,0
2026-06-26 09:41:00+00:00,201.5,201.75,201.5,201.68,0
2026-06-26 09:42:00+00:00,201.68,202.5,201.66,202.12,0
2026-06-26 09:43:00+00:00,202.12,202.12,202.12,202.12,0
2026-06-26 09:45:00+00:00,202.01,202.01,201.89,201.89,0
2026-06-26 09:46:00+00:00,201.7602,201.95,201.7602,201.95,0
2026-06-26 09:47:00+00:00,202.48,202.48,201.89,201.89,0
2026-06-26 09:48:00+00:00,201.91,202.5,201.85,202.09,0
2026-06-26 09:50:00+00:00,201.85,201.85,201.74,201.74,0
2026-06-26 09:51:00+00:00,201.5,201.71,201.5,201.5003,0
2026-06-26 09:52:00+00:00,201.5994,202.2,201.5994,202.2,0
2026-06-26 09:53:00+00:00,202.0,202.0,201.56,201.56,0
2026-06-26 09:54:00+00:00,201.5,202.2,201.29,201.5,0
2026-06-26 09:55:00+00:00,201.5871,202.2,201.5871,202.2,0
2026-06-26 09:56:00+00:00,201.55,201.64,201.55,201.64,0
2026-06-26 09:57:00+00:00,201.64,201.64,201.5,201.5,0
2026-06-26 09:58:00+00:00,201.5,201.5,201.5,201.5,0
2026-06-26 09:59:00+00:00,201.2365,201.2365,201.2365,201.2365,0
2026-06-26 10:00:00+00:00,201.5,201.73,201.17,201.17,0
2026-06-26 10:01:00+00:00,201.5,201.5,201.16,201.16,0
2026-06-26 10:02:00+00:00,201.24,201.24,201.24,201.24,0
2026-06-26 10:03:00+00:00,201.0687,201.25,201.0,201.0,0
2026-06-26 10:05:00+00:00,201.0,201.46,200.51,201.042,0
2026-06-26 10:06:00+00:00,201.02,201.39,201.02,201.39,0
2026-06-26 10:07:00+00:00,201.2,201.2,201.16,201.19,0
2026-06-26 10:08:00+00:00,201.19,201.21,201.19,201.21,0
2026-06-26 10:11:00+00:00,201.8,201.8,200.52,200.52,0
2026-06-26 10:12:00+00:00,200.52,200.52,200.52,200.52,0
2026-06-26 10:13:00+00:00,200.87,200.92,200.51,200.51,0
2026-06-26 10:14:00+00:00,200.92,201.0,200.9,200.9,0
2026-06-26 10:15:00+00:00,200.9,200.9,200.9,200.9,0
2026-06-26 10:16:00+00:00,200.9,200.9,200.9,200.9,0
2026-06-26 10:17:00+00:00,200.9,200.9,200.9,200.9,0
2026-06-26 10:18:00+00:00,200.51,200.9,200.4987,200.9,0
2026-06-26 10:19:00+00:00,200.9,200.9,200.9,200.9,0
2026-06-26 10:20:00+00:00,200.7754,200.7754,200.7754,200.7754,0
2026-06-26 10:21:00+00:00,200.58,200.58,200.58,200.58,0
2026-06-26 10:22:00+00:00,200.58,200.58,200.58,200.58,0
2026-06-26 10:23:00+00:00,200.519,200.519,200.519,200.519,0
2026-06-26 10:24:00+00:00,200.26,200.33,200.26,200.33,0
2026-06-26 10:27:00+00:00,200.33,200.62,200.33,200.62,0
2026-06-26 10:28:00+00:00,200.74,200.74,200.6,200.6,0
2026-06-26 10:29:00+00:00,201.2,201.2,200.8653,200.89,0
2026-06-26 10:30:00+00:00,200.5,200.5,200.5,200.5,0
2026-06-26 10:31:00+00:00,200.99,200.99,200.99,200.99,0
2026-06-26 10:32:00+00:00,201.0,201.1232,201.0,201.1232,0
2026-06-26 10:33:00+00:00,201.1601,201.2,200.7,201.0,0
2026-06-26 10:34:00+00:00,201.0,201.0,201.0,201.0,0
2026-06-26 10:36:00+00:00,201.0,201.0,201.0,201.0,0
2026-06-26 10:37:00+00:00,200.9,201.2,200.78,201.2,0
2026-06-26 10:38:00+00:00,201.2,201.2,201.2,201.2,0
2026-06-26 10:39:00+00:00,201.1268,201.1268,201.1268,201.1268,0
2026-06-26 10:40:00+00:00,200.78,201.0,200.7439,200.7439,0
2026-06-26 10:41:00+00:00,200.7435,200.7435,200.74,200.74,0
2026-06-26 10:42:00+00:00,200.8,200.8,200.74,200.74,0
2026-06-26 10:43:00+00:00,200.8,200.8,200.8,200.8,0
2026-06-26 10:44:00+00:00,200.99,200.99,200.98,200.98,0
2026-06-26 10:45:00+00:00,200.88,200.98,200.7,200.7,0
2026-06-26 10:46:00+00:00,200.7428,201.9,200.7428,201.9,0
2026-06-26 10:47:00+00:00,201.5,201.5,201.2,201.5,0
2026-06-26 10:48:00+00:00,201.46,201.56,201.46,201.5,0
2026-06-26 10:49:00+00:00,201.8825,201.8825,201.7548,201.7548,0
2026-06-26 10:50:00+00:00,201.6,201.75,201.6,201.75,0
2026-06-26 10:51:00+00:00,201.2692,201.33,201.2,201.33,0
2026-06-26 10:52:00+00:00,201.5,201.5,201.2563,201.2563,0
2026-06-26 10:53:00+00:00,201.61,201.61,201.26,201.26,0
2026-06-26 10:54:00+00:00,201.28,201.6,201.28,201.6,0
2026-06-26 10:56:00+00:00,201.47,201.47,201.47,201.47,0
2026-06-26 10:57:00+00:00,201.55,201.55,201.2271,201.2271,0
2026-06-26 10:58:00+00:00,201.3,201.3,201.3,201.3,0
2026-06-26 10:59:00+00:00,201.2,201.2581,201.2,201.2581,0
2026-06-26 11:00:00+00:00,201.35,201.9,201.239,201.7386,0
2026-06-26 11:01:00+00:00,201.5,201.89,201.2,201.89,0
2026-06-26 11:02:00+00:00,201.89,201.9,201.552,201.7371,0
2026-06-26 11:03:00+00:00,201.2,201.89,201.2,201.809,0
2026-06-26 11:04:00+00:00,201.89,201.89,201.8,201.8,0
2026-06-26 11:05:00+00:00,201.8999,201.8999,201.6,201.6,0
2026-06-26 11:06:00+00:00,201.809,201.89,201.5,201.5,0
2026-06-26 11:07:00+00:00,201.9,201.9,201.5515,201.58,0
2026-06-26 11:08:00+00:00,201.56,201.9,201.49,201.68,0
2026-06-26 11:09:00+00:00,201.8148,201.9,201.35,201.35,0
2026-06-26 11:10:00+00:00,201.35,201.8,201.2,201.8,0
2026-06-26 11:11:00+00:00,201.66,201.8,201.2,201.79,0
2026-06-26 11:12:00+00:00,201.7,201.8,201.2,201.6675,0
2026-06-26 11:13:00+00:00,201.8,201.8,201.278,201.6594,0
2026-06-26 11:14:00+00:00,201.64,201.8,201.23,201.79,0
2026-06-26 11:15:00+00:00,201.56,201.78,201.2,201.5,0
2026-06-26 11:16:00+00:00,201.2,201.5752,201.2,201.5752,0
2026-06-26 11:17:00+00:00,201.5,201.79,201.2,201.5,0
2026-06-26 11:18:00+00:00,201.5,201.79,201.2,201.2,0
2026-06-26 11:19:00+00:00,201.75,201.75,201.2,201.2,0
2026-06-26 11:20:00+00:00,201.11,201.75,201.08,201.3,0
2026-06-26 11:21:00+00:00,201.1,201.24,200.909,200.909,0
2026-06-26 11:22:00+00:00,200.7,200.7,200.7,200.7,0
2026-06-26 11:23:00+00:00,201.05,201.05,201.0,201.0,0
2026-06-26 11:24:00+00:00,201.75,201.75,200.75,201.0,0
2026-06-26 11:25:00+00:00,201.0,201.75,200.6,201.75,0
2026-06-26 11:26:00+00:00,200.65,201.0,200.65,200.8289,0
2026-06-26 11:27:00+00:00,201.1,201.1,201.1,201.1,0
2026-06-26 11:28:00+00:00,200.6673,201.0,200.6614,200.9417,0
2026-06-26 11:29:00+00:00,201.0,201.75,200.8,201.36,0
2026-06-26 11:30:00+00:00,201.0,201.0292,201.0,201.0292,0
2026-06-26 11:31:00+00:00,201.36,201.36,201.36,201.36,0
2026-06-26 11:32:00+00:00,201.5,201.5,201.01,201.36,0
2026-06-26 11:33:00+00:00,201.36,201.5,201.0637,201.36,0
2026-06-26 11:34:00+00:00,201.2,201.5,201.01,201.36,0
2026-06-26 11:35:00+00:00,201.0101,201.36,201.0,201.0,0
2026-06-26 11:36:00+00:00,201.31,201.75,201.31,201.75,0
2026-06-26 11:37:00+00:00,201.53,201.75,201.41,201.5,0
2026-06-26 11:38:00+00:00,201.7323,201.7323,201.6701,201.6701,0
2026-06-26 11:39:00+00:00,201.6726,201.7058,201.4539,201.6,0
2026-06-26 11:40:00+00:00,201.6698,201.75,201.6698,201.75,0
2026-06-26 11:41:00+00:00,201.41,201.75,201.41,201.5002,0
2026-06-26 11:42:00+00:00,201.5,201.74,201.5,201.62,0
2026-06-26 11:43:00+00:00,201.609,201.75,201.16,201.16,0
2026-06-26 11:44:00+00:00,201.0298,201.39,201.0298,201.39,0
2026-06-26 11:45:00+00:00,201.1082,201.75,201.01,201.75,0
2026-06-26 11:46:00+00:00,201.0,201.5,201.0,201.21,0
2026-06-26 11:47:00+00:00,201.0,201.2,200.8555,200.8555,0
2026-06-26 11:48:00+00:00,201.148,201.25,200.97,201.2,0
2026-06-26 11:49:00+00:00,200.8,201.25,200.8,201.0,0
2026-06-26 11:50:00+00:00,201.0,201.0,201.0,201.0,0
2026-06-26 11:51:00+00:00,200.8,201.115,200.8,200.8,0
2026-06-26 11:52:00+00:00,201.2,201.2,200.65,200.7999,0
2026-06-26 11:53:00+00:00,200.73,201.2,200.73,201.0488,0
2026-06-26 11:54:00+00:00,200.4,201.0,200.2,200.54,0
2026-06-26 11:55:00+00:00,200.5,200.54,200.2,200.42,0
2026-06-26 11:56:00+00:00,201.2,201.2,200.2,200.42,0
2026-06-26 11:57:00+00:00,200.6966,200.8,200.6966,200.76,0
2026-06-26 11:58:00+00:00,200.85,200.85,200.4585,200.5102,0
2026-06-26 11:59:00+00:00,200.4,200.85,200.4,200.85,0
2026-06-26 12:00:00+00:00,200.81,201.2,200.6925,200.75,0
2026-06-26 12:01:00+00:00,200.68,201.1601,200.504,200.504,0
2026-06-26 12:02:00+00:00,200.5718,201.0,200.5718,201.0,0
2026-06-26 12:03:00+00:00,200.92,201.1988,200.85,201.0,0
2026-06-26 12:04:00+00:00,201.0,201.2,200.504,201.14,0
2026-06-26 12:05:00+00:00,201.08,201.35,201.05,201.35,0
2026-06-26 12:06:00+00:00,201.16,201.71,200.8365,200.9442,0
2026-06-26 12:07:00+00:00,201.25,201.51,201.25,201.25,0
2026-06-26 12:08:00+00:00,201.0,201.75,200.9511,201.75,0
2026-06-26 12:09:00+00:00,201.75,201.75,201.0,201.0,0
2026-06-26 12:10:00+00:00,201.75,201.75,201.0,201.18,0
2026-06-26 12:12:00+00:00,201.75,201.75,201.0,201.28,0
2026-06-26 12:13:00+00:00,201.34,201.74,201.0666,201.5,0
2026-06-26 12:14:00+00:00,200.85,201.57,200.85,201.1,0
2026-06-26 12:15:00+00:00,201.5947,201.6,201.3,201.3,0
2026-06-26 12:16:00+00:00,201.64,201.92,201.5,201.92,0
2026-06-26 12:17:00+00:00,201.55,201.77,201.2,201.32,0
2026-06-26 12:18:00+00:00,201.5,201.89,201.0,201.29,0
2026-06-26 12:19:00+00:00,201.39,201.39,200.95,201.2,0
2026-06-26 12:20:00+00:00,201.5,201.5,200.9787,201.0322,0
2026-06-26 12:21:00+00:00,201.1,201.3568,200.5,201.15,0
2026-06-26 12:22:00+00:00,201.3388,201.3388,200.83,200.83,0
2026-06-26 12:23:00+00:00,200.57,201.35,200.57,200.6,0
2026-06-26 12:24:00+00:00,201.5,201.5,200.25,201.5,0
2026-06-26 12:25:00+00:00,201.3132,201.5,200.25,201.0,0
2026-06-26 12:26:00+00:00,200.81,200.81,200.4,200.4,0
2026-06-26 12:27:00+00:00,200.4,201.0,200.4,200.6172,0
2026-06-26 12:28:00+00:00,201.0,201.0,200.506,200.8,0
2026-06-26 12:29:00+00:00,200.9038,200.91,200.5,200.896,0
2026-06-26 12:30:00+00:00,200.99,201.5,200.2,200.2,0
2026-06-26 12:31:00+00:00,200.2,200.97,200.2,200.2,0
2026-06-26 12:32:00+00:00,200.2,201.03,200.2,200.5,0
2026-06-26 12:33:00+00:00,200.9743,201.03,200.25,201.0,0
2026-06-26 12:34:00+00:00,201.03,201.03,200.26,200.55,0
2026-06-26 12:35:00+00:00,200.58,200.9997,200.2,200.3218,0
2026-06-26 12:36:00+00:00,200.2,201.0,200.2,200.2,0
2026-06-26 12:37:00+00:00,200.7,200.7,200.2,200.2,0
2026-06-26 12:38:00+00:00,200.79,201.0,200.2012,200.2012,0
2026-06-26 12:39:00+00:00,201.0,201.0,200.22,200.72,0
2026-06-26 12:40:00+00:00,200.47,200.8786,200.2,200.8786,0
2026-06-26 12:41:00+00:00,200.5,200.98,200.5,200.5,0
2026-06-26 12:42:00+00:00,200.51,200.51,200.3649,200.3649,0
2026-06-26 12:43:00+00:00,200.25,200.85,200.06,200.2,0
2026-06-26 12:44:00+00:00,200.06,200.2103,200.01,200.2103,0
2026-06-26 12:45:00+00:00,200.45,200.45,200.01,200.0903,0
2026-06-26 12:46:00+00:00,200.3593,200.8,200.05,200.8,0
2026-06-26 12:47:00+00:00,200.25,200.32,199.76,199.99,0
2026-06-26 12:48:00+00:00,199.9324,200.0,199.25,199.7285,0
2026-06-26 12:49:00+00:00,199.6415,200.0,199.6415,199.97,0
2026-06-26 12:50:00+00:00,199.9401,200.0,199.7,200.0,0
2026-06-26 12:51:00+00:00,200.0,200.0,199.25,199.3,0
2026-06-26 12:52:00+00:00,199.625,200.0,199.25,200.0,0
2026-06-26 12:53:00+00:00,199.4163,200.0,199.3475,199.6,0
2026-06-26 12:54:00+00:00,199.81,199.99,199.6346,199.98,0
2026-06-26 12:55:00+00:00,199.96,200.0,199.7,199.7,0
2026-06-26 12:56:00+00:00,199.5908,199.9875,199.567,199.9875,0
2026-06-26 12:57:00+00:00,199.6083,200.0,199.5,199.7,0
2026-06-26 12:58:00+00:00,200.0,200.0,199.25,199.25,0
2026-06-26 12:59:00+00:00,199.43,199.511,199.25,199.36,0
2026-06-26 13:00:00+00:00,199.36,199.4946,199.1,199.24,0
2026-06-26 13:01:00+00:00,199.135,199.4,199.1,199.4,0
2026-06-26 13:02:00+00:00,199.11,199.709,199.1,199.1,0
2026-06-26 13:03:00+00:00,199.12,199.7,199.0,199.0,0
2026-06-26 13:04:00+00:00,198.9872,199.67,198.88,199.32,0
2026-06-26 13:05:00+00:00,199.6688,199.6688,198.6,199.06,0
2026-06-26 13:06:00+00:00,199.58,199.59,199.06,199.06,0
2026-06-26 13:07:00+00:00,199.5,199.67,198.84,198.84,0
2026-06-26 13:08:00+00:00,198.6,199.49,198.5003,199.06,0
2026-06-26 13:09:00+00:00,198.5,199.0,198.5,198.7,0
2026-06-26 13:10:00+00:00,198.7,199.4,198.5,198.51,0
2026-06-26 13:11:00+00:00,198.5,199.1,198.5,199.1,0
2026-06-26 13:12:00+00:00,198.5225,199.3,198.5225,199.2515,0
2026-06-26 13:13:00+00:00,199.3,199.4,199.0,199.0,0
2026-06-26 13:14:00+00:00,199.2814,199.67,199.0,199.01,0
2026-06-26 13:15:00+00:00,199.67,199.67,199.01,199.67,0
2026-06-26 13:16:00+00:00,199.512,199.67,199.0,199.0001,0
2026-06-26 13:17:00+00:00,199.0,199.67,199.0,199.0,0
2026-06-26 13:18:00+00:00,199.47,199.65,198.75,198.8994,0
2026-06-26 13:19:00+00:00,199.0,199.28,198.6,198.63,0
2026-06-26 13:20:00+00:00,198.7828,199.47,198.6,198.61,0
2026-06-26 13:21:00+00:00,199.2,199.67,199.2,199.39,0
2026-06-26 13:22:00+00:00,198.8,199.67,198.8,199.4039,0
2026-06-26 13:23:00+00:00,199.3,199.5,199.3,199.46,0
2026-06-26 13:24:00+00:00,199.69,199.7018,199.06,199.7,0
2026-06-26 13:25:00+00:00,199.5,200.0,199.07,200.0,0
2026-06-26 13:26:00+00:00,199.8993,200.6,199.88,200.0,0
2026-06-26 13:27:00+00:00,200.08,200.5988,198.62,200.09,0
2026-06-26 13:28:00+00:00,200.74,202.2,200.74,201.73,0
2026-06-26 13:29:00+00:00,201.77,202.19,201.31,201.55,0
2026-06-26 13:30:00+00:00,201.8000030517578,203.10000610351562,200.80999755859375,201.07000732421875,1027798
2026-06-26 13:31:00+00:00,200.89999389648438,204.33990478515625,199.875,204.07000732421875,183280
2026-06-26 13:32:00+00:00,204.0399932861328,205.0800018310547,202.6501007080078,203.3300018310547,110536
2026-06-26 13:33:00+00:00,203.5399932861328,204.97000122070312,202.44000244140625,202.47999572753906,61658
2026-06-26 13:34:00+00:00,202.60499572753906,204.6999969482422,202.60499572753906,204.17999267578125,81697
2026-06-26 13:35:00+00:00,203.77999877929688,204.79989624023438,203.11419677734375,204.32000732421875,53051
2026-06-26 13:36:00+00:00,204.36000061035156,205.17999267578125,203.9199981689453,204.27499389648438,63328
2026-06-26 13:37:00+00:00,204.26100158691406,204.75,203.00430297851562,203.13999938964844,37090
2026-06-26 13:38:00+00:00,203.41000366210938,203.49000549316406,201.2200927734375,201.86000061035156,62013
2026-06-26 13:39:00+00:00,201.8000030517578,202.8699951171875,201.16000366210938,202.4499969482422,116543
2026-06-26 13:40:00+00:00,202.16000366210938,203.13499450683594,202.0,202.0,43184
2026-06-26 13:41:00+00:00,202.11500549316406,203.22999572753906,202.11000061035156,202.69039916992188,58102
2026-06-26 13:42:00+00:00,202.91510009765625,203.3699951171875,201.97000122070312,202.79119873046875,31680
2026-06-26 13:43:00+00:00,202.6999969482422,204.17999267578125,202.6999969482422,203.39999389648438,59136
2026-06-26 13:44:00+00:00,203.4149932861328,205.1999969482422,202.97000122070312,204.93499755859375,77454
2026-06-26 13:45:00+00:00,204.92999267578125,205.28939819335938,203.57000732421875,203.75,66892
2026-06-26 13:46:00+00:00,203.87840270996094,204.9199981689453,203.57000732421875,204.38999938964844,39954
2026-06-26 13:47:00+00:00,204.38999938964844,205.8800048828125,204.38999938964844,205.4405059814453,82776
2026-06-26 13:48:00+00:00,205.14999389648438,205.3800048828125,204.5,204.91000366210938,73624
2026-06-26 13:49:00+00:00,205.08999633789062,205.11000061035156,204.07000732421875,204.30999755859375,35949
2026-06-26 13:50:00+00:00,204.30999755859375,205.27999877929688,204.3000030517578,204.9739990234375,47746
2026-06-26 13:51:00+00:00,205.01499938964844,206.10000610351562,204.94749450683594,206.01499938964844,63697
2026-06-26 13:52:00+00:00,205.8350067138672,206.08999633789062,204.36500549316406,204.8000030517578,49234
2026-06-26 13:53:00+00:00,204.8300018310547,205.1300048828125,204.07000732421875,204.88999938964844,51851
2026-06-26 13:54:00+00:00,204.8800048828125,206.41000366210938,204.6699981689453,206.1300048828125,41433
2026-06-26 13:55:00+00:00,206.13999938964844,206.3000030517578,205.4600067138672,205.80999755859375,36023
2026-06-26 13:56:00+00:00,205.7100067138672,207.32989501953125,205.47500610351562,207.32989501953125,71414
2026-06-26 13:57:00+00:00,207.22999572753906,208.4199981689453,206.74000549316406,207.8000030517578,79335
2026-06-26 13:58:00+00:00,207.67999267578125,208.1999969482422,207.39999389648438,208.14999389648438,63496
2026-06-26 13:59:00+00:00,208.14999389648438,208.30999755859375,207.22000122070312,207.82000732421875,69358
2026-06-26 14:00:00+00:00,207.76499938964844,208.83999633789062,207.52999877929688,208.5,59598
2026-06-26 14:01:00+00:00,208.5,208.86000061035156,207.5543975830078,207.7570037841797,46605
2026-06-26 14:02:00+00:00,207.57000732421875,207.99000549316406,206.72999572753906,207.41000366210938,56692
2026-06-26 14:03:00+00:00,207.60499572753906,208.2449951171875,207.11819458007812,207.20010375976562,36747
2026-06-26 14:04:00+00:00,207.4149932861328,207.9600067138672,207.1999969482422,207.95989990234375,21900
2026-06-26 14:05:00+00:00,207.77999877929688,208.0,207.10000610351562,207.24000549316406,37199
2026-06-26 14:06:00+00:00,207.08999633789062,207.75990295410156,206.42999267578125,206.625,45022
2026-06-26 14:07:00+00:00,206.36000061035156,206.89999389648438,206.17010498046875,206.80999755859375,26722
2026-06-26 14:08:00+00:00,206.83999633789062,207.0,205.8000030517578,205.8000030517578,31652
2026-06-26 14:09:00+00:00,205.9499969482422,207.32000732421875,205.9499969482422,206.97000122070312,32934
2026-06-26 14:10:00+00:00,206.96499633789062,207.1300048828125,205.44000244140625,205.5,32973
2026-06-26 14:11:00+00:00,205.42999267578125,205.42999267578125,204.6300048828125,205.2100067138672,41686
2026-06-26 14:12:00+00:00,205.19000244140625,206.08999633789062,205.13999938964844,205.9149932861328,34093
2026-06-26 14:13:00+00:00,206.02499389648438,206.32000732421875,205.30999755859375,205.76499938964844,82895
2026-06-26 14:14:00+00:00,205.83999633789062,205.83999633789062,204.44000244140625,205.2299041748047,65789
2026-06-26 14:15:00+00:00,205.11000061035156,205.3300018310547,204.6699981689453,204.9250030517578,18618
2026-06-26 14:16:00+00:00,204.9250030517578,205.36000061035156,204.50010681152344,204.8699951171875,20795
2026-06-26 14:17:00+00:00,204.66000366210938,205.0,204.44000244140625,204.92999267578125,45740
2026-06-26 14:18:00+00:00,205.02000427246094,205.39999389648438,204.77999877929688,205.21749877929688,21316
2026-06-26 14:19:00+00:00,205.3000030517578,205.7100067138672,204.69000244140625,204.7550048828125,31351
2026-06-26 14:20:00+00:00,204.85000610351562,206.67999267578125,204.78500366210938,206.5,48671
2026-06-26 14:21:00+00:00,206.27000427246094,207.14999389648438,205.8701934814453,207.14999389648438,38784
2026-06-26 14:22:00+00:00,207.1300048828125,207.5,207.0,207.1947021484375,81250
2026-06-26 14:23:00+00:00,207.23500061035156,207.44000244140625,206.26010131835938,206.5399932861328,75923
2026-06-26 14:24:00+00:00,206.47999572753906,206.61990356445312,205.72000122070312,206.45289611816406,49944
2026-06-26 14:25:00+00:00,206.57000732421875,206.97000122070312,206.23350524902344,206.6699981689453,25898
2026-06-26 14:26:00+00:00,206.68499755859375,206.8800048828125,205.6300048828125,205.88499450683594,29210
2026-06-26 14:27:00+00:00,206.02999877929688,206.36990356445312,205.67779541015625,206.1699981689453,18365
2026-06-26 14:28:00+00:00,206.1750030517578,206.40499877929688,205.68499755859375,205.72999572753906,24115
2026-06-26 14:29:00+00:00,205.66329956054688,206.22000122070312,205.5,206.1699981689453,26858
2026-06-26 14:30:00+00:00,206.1699981689453,206.5399932861328,205.70030212402344,205.70030212402344,42126
2026-06-26 14:31:00+00:00,205.8800048828125,206.0,205.61000061035156,205.74000549316406,29309
2026-06-26 14:32:00+00:00,205.92999267578125,205.92999267578125,204.8699951171875,205.0749969482422,31521
2026-06-26 14:33:00+00:00,205.1699981689453,205.64999389648438,204.61000061035156,205.44000244140625,33851
2026-06-26 14:34:00+00:00,205.2899932861328,206.30999755859375,205.2899932861328,205.6999969482422,21990
2026-06-26 14:35:00+00:00,206.0,206.0,205.30369567871094,205.6649932861328,26760
2026-06-26 14:36:00+00:00,205.72999572753906,205.94000244140625,205.0,205.15499877929688,32173
2026-06-26 14:37:00+00:00,205.10499572753906,205.64999389648438,205.05499267578125,205.1999969482422,18102
2026-06-26 14:38:00+00:00,205.2050018310547,205.74000549316406,205.07000732421875,205.5399932861328,23715
2026-06-26 14:39:00+00:00,205.6199951171875,205.75,204.8032989501953,204.88900756835938,21293
2026-06-26 14:40:00+00:00,204.96499633789062,205.2899932861328,204.6199951171875,205.13999938964844,30639
2026-06-26 14:41:00+00:00,205.02999877929688,206.19000244140625,205.02999877929688,205.99000549316406,36596
2026-06-26 14:42:00+00:00,206.10000610351562,206.58999633789062,206.10000610351562,206.2899932861328,29697
2026-06-26 14:43:00+00:00,206.2740020751953,206.38999938964844,205.42999267578125,205.7100067138672,59396
2026-06-26 14:44:00+00:00,205.63999938964844,205.69000244140625,204.91009521484375,205.15499877929688,22798
2026-06-26 14:45:00+00:00,205.3300018310547,205.47000122070312,205.0,205.13499450683594,15945
2026-06-26 14:46:00+00:00,205.22999572753906,205.78500366210938,204.95010375976562,205.1999969482422,19005
2026-06-26 14:47:00+00:00,205.0,205.3800048828125,205.0,205.1999969482422,14262
2026-06-26 14:48:00+00:00,205.10000610351562,205.19000244140625,204.41360473632812,205.19000244140625,38511
2026-06-26 14:49:00+00:00,205.0,205.1699981689453,204.5301055908203,204.8249969482422,13751
2026-06-26 14:50:00+00:00,204.99000549316406,205.25,204.58999633789062,205.22000122070312,27122
2026-06-26 14:51:00+00:00,205.22500610351562,205.42999267578125,204.88499450683594,204.9499969482422,56138
2026-06-26 14:52:00+00:00,204.88999938964844,205.11000061035156,204.07000732421875,204.07000732421875,22694
2026-06-26 14:53:00+00:00,204.2050018310547,204.22000122070312,203.66000366210938,203.9550018310547,70926
2026-06-26 14:54:00+00:00,203.82000732421875,204.44000244140625,203.8000030517578,204.44000244140625,29959
2026-06-26 14:55:00+00:00,204.46499633789062,204.5800018310547,203.96499633789062,204.16000366210938,27699
2026-06-26 14:56:00+00:00,204.02999877929688,204.3300018310547,203.88999938964844,204.19000244140625,32866
2026-06-26 14:57:00+00:00,204.09060668945312,204.4199981689453,204.00010681152344,204.07139587402344,13150
2026-06-26 14:58:00+00:00,204.2100067138672,204.30999755859375,203.9499969482422,204.10000610351562,34197
2026-06-26 14:59:00+00:00,203.95489501953125,204.8300018310547,203.95010375976562,204.60000610351562,29791
2026-06-26 15:00:00+00:00,204.74000549316406,204.9499969482422,204.52000427246094,204.60000610351562,14952
2026-06-26 15:01:00+00:00,204.55999755859375,204.9199981689453,204.47999572753906,204.58999633789062,27911
2026-06-26 15:02:00+00:00,204.6199951171875,204.81500244140625,204.5500946044922,204.6999969482422,13566
2026-06-26 15:03:00+00:00,204.80999755859375,204.8699951171875,204.35000610351562,204.39999389648438,18398
2026-06-26 15:04:00+00:00,204.4499053955078,204.4499053955078,203.8800048828125,203.88999938964844,24756
2026-06-26 15:05:00+00:00,204.0,204.0,203.0200958251953,203.27999877929688,57472
2026-06-26 15:06:00+00:00,203.32000732421875,203.39999389648438,202.87010192871094,203.07000732421875,44562
2026-06-26 15:07:00+00:00,202.8800048828125,203.42999267578125,202.8800048828125,203.34500122070312,17903
2026-06-26 15:08:00+00:00,203.27000427246094,203.47999572753906,203.00999450683594,203.00999450683594,13368
2026-06-26 15:09:00+00:00,203.16000366210938,203.7100067138672,203.02000427246094,203.6199951171875,17969
2026-06-26 15:10:00+00:00,203.72999572753906,203.72999572753906,202.95010375976562,202.95010375976562,23603
2026-06-26 15:11:00+00:00,203.0,203.09320068359375,202.64999389648438,202.81500244140625,25430
2026-06-26 15:12:00+00:00,202.89500427246094,202.97999572753906,202.2899932861328,202.38499450683594,35390
2026-06-26 15:13:00+00:00,202.38499450683594,202.5399932861328,202.11000061035156,202.38499450683594,28954
2026-06-26 15:14:00+00:00,202.36000061035156,202.5399932861328,202.02999877929688,202.13250732421875,25339
2026-06-26 15:15:00+00:00,202.02999877929688,202.3300018310547,201.9499969482422,202.1699981689453,40615
2026-06-26 15:16:00+00:00,202.1699981689453,202.52000427246094,202.00999450683594,202.4499969482422,31646
2026-06-26 15:17:00+00:00,202.27699279785156,202.99000549316406,202.27699279785156,202.64999389648438,34705
2026-06-26 15:18:00+00:00,202.6199951171875,202.95989990234375,202.60000610351562,202.7899932861328,29735
2026-06-26 15:19:00+00:00,202.9600067138672,203.6199951171875,202.9499969482422,203.47000122070312,41465
2026-06-26 15:20:00+00:00,203.47000122070312,203.69000244140625,203.08999633789062,203.11000061035156,32458
2026-06-26 15:21:00+00:00,203.0500030517578,203.41000366210938,203.0500030517578,203.30999755859375,21865
2026-06-26 15:22:00+00:00,203.3000030517578,203.60000610351562,203.1999969482422,203.4199981689453,16006
2026-06-26 15:23:00+00:00,203.5500030517578,203.9600067138672,203.4550018310547,203.71499633789062,14080
2026-06-26 15:24:00+00:00,203.6750030517578,204.14999389648438,203.64010620117188,204.14999389648438,20002
2026-06-26 15:25:00+00:00,204.13999938964844,204.16000366210938,203.55999755859375,203.85000610351562,31190
2026-06-26 15:26:00+00:00,203.80999755859375,203.97000122070312,203.60000610351562,203.8000030517578,26627
2026-06-26 15:27:00+00:00,203.6999969482422,203.8249969482422,203.22000122070312,203.4600067138672,40829
2026-06-26 15:28:00+00:00,203.6300048828125,203.6300048828125,203.00999450683594,203.3350067138672,15785
2026-06-26 15:29:00+00:00,203.42999267578125,203.83999633789062,203.33999633789062,203.83999633789062,21162
2026-06-26 15:30:00+00:00,203.8800048828125,204.55999755859375,203.86000061035156,204.22000122070312,43080
2026-06-26 15:31:00+00:00,204.1699981689453,204.30999755859375,203.63999938964844,203.8300018310547,17235
2026-06-26 15:32:00+00:00,203.906005859375,203.906005859375,203.33999633789062,203.46499633789062,9442
2026-06-26 15:33:00+00:00,203.58999633789062,203.67999267578125,202.75999450683594,202.7899932861328,22261
2026-06-26 15:34:00+00:00,202.718505859375,203.17999267578125,202.60009765625,203.02000427246094,19118
2026-06-26 15:35:00+00:00,203.1199951171875,203.32000732421875,202.92999267578125,203.22500610351562,14426
2026-06-26 15:36:00+00:00,203.2799072265625,203.64309692382812,203.2799072265625,203.52999877929688,14188
2026-06-26 15:37:00+00:00,203.52999877929688,203.72999572753906,203.16000366210938,203.4600067138672,22009
2026-06-26 15:38:00+00:00,203.57000732421875,203.6999969482422,203.35899353027344,203.61000061035156,11232
2026-06-26 15:39:00+00:00,203.55499267578125,203.73500061035156,203.5050048828125,203.66000366210938,13230
2026-06-26 15:40:00+00:00,203.64999389648438,203.85000610351562,203.42999267578125,203.44000244140625,25013
2026-06-26 15:41:00+00:00,203.5500030517578,203.6699981689453,203.3000030517578,203.3000030517578,9809
2026-06-26 15:42:00+00:00,203.34500122070312,203.8000030517578,203.34500122070312,203.6300048828125,22234
2026-06-26 15:43:00+00:00,203.6999969482422,203.97000122070312,203.67010498046875,203.86000061035156,15968
2026-06-26 15:44:00+00:00,203.92999267578125,204.0,203.24159240722656,203.24159240722656,24083
2026-06-26 15:45:00+00:00,203.3800048828125,203.4600067138672,203.02999877929688,203.17999267578125,18410
2026-06-26 15:46:00+00:00,203.15499877929688,203.24989318847656,202.2675018310547,202.27999877929688,37040
2026-06-26 15:47:00+00:00,202.2100067138672,202.52999877929688,202.14999389648438,202.35000610351562,18665
2026-06-26 15:48:00+00:00,202.3699951171875,202.4199981689453,201.79010009765625,201.8300018310547,25192
2026-06-26 15:49:00+00:00,201.80999755859375,202.0,201.39999389648438,201.4600067138672,26530
2026-06-26 15:50:00+00:00,201.4600067138672,201.9600067138672,201.12010192871094,201.3249969482422,36574
2026-06-26 15:51:00+00:00,201.2949981689453,201.3300018310547,200.3300018310547,200.52000427246094,66000
2026-06-26 15:52:00+00:00,200.66000366210938,200.97000122070312,200.22000122070312,200.3699951171875,40439
2026-06-26 15:53:00+00:00,200.35000610351562,200.51800537109375,200.16000366210938,200.24000549316406,35608
2026-06-26 15:54:00+00:00,200.10000610351562,200.1999053955078,199.42999267578125,199.8699951171875,86957
2026-06-26 15:55:00+00:00,200.02999877929688,200.14999389648438,199.5850067138672,199.74920654296875,56787
2026-06-26 15:56:00+00:00,199.6999969482422,200.38999938964844,199.6999969482422,200.30250549316406,106137
2026-06-26 15:57:00+00:00,200.3249969482422,200.8699951171875,200.3000030517578,200.36500549316406,38421
2026-06-26 15:58:00+00:00,200.36500549316406,200.64990234375,200.2801055908203,200.2801055908203,37055
2026-06-26 15:59:00+00:00,200.4199981689453,200.52999877929688,200.00999450683594,200.16000366210938,25776
2026-06-26 16:00:00+00:00,200.35000610351562,200.38999938964844,199.50999450683594,199.77999877929688,46748
2026-06-26 16:01:00+00:00,199.8632049560547,199.9987030029297,199.4010009765625,199.52999877929688,70382
2026-06-26 16:02:00+00:00,199.42999267578125,199.7100067138672,199.10000610351562,199.14500427246094,35016
2026-06-26 16:03:00+00:00,199.25,199.5,199.02999877929688,199.47500610351562,60652
2026-06-26 16:04:00+00:00,199.5399932861328,200.24000549316406,199.5399932861328,200.1199951171875,28461
2026-06-26 16:05:00+00:00,200.25,200.25,199.82000732421875,199.94000244140625,22527
2026-06-26 16:06:00+00:00,199.99000549316406,200.3000030517578,199.70010375976562,199.8800048828125,31462
2026-06-26 16:07:00+00:00,200.0,200.0,199.67999267578125,199.81500244140625,14718
2026-06-26 16:08:00+00:00,199.7949981689453,199.88999938964844,199.42999267578125,199.47500610351562,25862
2026-06-26 16:09:00+00:00,199.47999572753906,199.6199951171875,199.1999969482422,199.36500549316406,22548
2026-06-26 16:10:00+00:00,199.49000549316406,199.72000122070312,199.39500427246094,199.60000610351562,22165
2026-06-26 16:11:00+00:00,199.72000122070312,199.72000122070312,199.1811981201172,199.32000732421875,21281
2026-06-26 16:12:00+00:00,199.3350067138672,199.5,198.97000122070312,199.0,42191
2026-06-26 16:13:00+00:00,199.0,199.48989868164062,199.0,199.24000549316406,24968
2026-06-26 16:14:00+00:00,199.31500244140625,199.47999572753906,199.13999938964844,199.44320678710938,29622
2026-06-26 16:15:00+00:00,199.49000549316406,199.52999877929688,199.28509521484375,199.3699951171875,19790
2026-06-26 16:16:00+00:00,199.33999633789062,199.47999572753906,199.0500030517578,199.0500030517578,24504
2026-06-26 16:17:00+00:00,199.00469970703125,199.15499877929688,198.35000610351562,198.63999938964844,79153
2026-06-26 16:18:00+00:00,198.6168975830078,198.63999938964844,198.05999755859375,198.30999755859375,57946
2026-06-26 16:19:00+00:00,198.27999877929688,198.52000427246094,198.1699981689453,198.22000122070312,33333
2026-06-26 16:20:00+00:00,198.21090698242188,198.39999389648438,197.11000061035156,197.30999755859375,99524
2026-06-26 16:21:00+00:00,197.1999969482422,197.5,197.14999389648438,197.25,67691
2026-06-26 16:22:00+00:00,197.3000030517578,197.38999938964844,197.0399932861328,197.09500122070312,67747
2026-06-26 16:23:00+00:00,197.09500122070312,197.4199981689453,196.9499969482422,197.3000030517578,56397
2026-06-26 16:24:00+00:00,197.22000122070312,197.5399932861328,197.0500030517578,197.4600067138672,46159
2026-06-26 16:25:00+00:00,197.46499633789062,197.72000122070312,197.38999938964844,197.5449981689453,64169
2026-06-26 16:26:00+00:00,197.66000366210938,197.74000549316406,197.27000427246094,197.50999450683594,47057
2026-06-26 16:27:00+00:00,197.6699981689453,197.85940551757812,197.43499755859375,197.85940551757812,34591
2026-06-26 16:28:00+00:00,197.7552032470703,198.0500030517578,197.5,197.94000244140625,29717
2026-06-26 16:29:00+00:00,197.85000610351562,197.97000122070312,197.7449951171875,197.89999389648438,36047
2026-06-26 16:30:00+00:00,197.9199981689453,198.25,197.82000732421875,198.19500732421875,24778
2026-06-26 16:31:00+00:00,198.10000610351562,198.32000732421875,198.0500030517578,198.32000732421875,26828
2026-06-26 16:32:00+00:00,198.21499633789062,198.75999450683594,198.08999633789062,198.6999969482422,37922
2026-06-26 16:33:00+00:00,198.75,199.0399932861328,198.70010375976562,199.0399932861328,30620
2026-06-26 16:34:00+00:00,198.9674072265625,199.1300048828125,198.75999450683594,199.1300048828125,39981
2026-06-26 16:35:00+00:00,199.10000610351562,199.2899932861328,198.66000366210938,198.7449951171875,35015
2026-06-26 16:36:00+00:00,198.52999877929688,198.72000122070312,198.3000030517578,198.61000061035156,99384
2026-06-26 16:37:00+00:00,198.5500030517578,198.8300018310547,198.52999877929688,198.57000732421875,27568
2026-06-26 16:38:00+00:00,198.55999755859375,198.75999450683594,198.49000549316406,198.55999755859375,25315
2026-06-26 16:39:00+00:00,198.6300048828125,198.764404296875,198.32000732421875,198.47000122070312,14547
2026-06-26 16:40:00+00:00,198.36000061035156,198.64990234375,198.3000030517578,198.61000061035156,21269
2026-06-26 16:41:00+00:00,198.5800018310547,198.5800018310547,198.19000244140625,198.34500122070312,29967
2026-06-26 16:42:00+00:00,198.47000122070312,198.64999389648438,198.2801055908203,198.64999389648438,16119
2026-06-26 16:43:00+00:00,198.55499267578125,198.64999389648438,198.27000427246094,198.27000427246094,22187
2026-06-26 16:44:00+00:00,198.30499267578125,198.74000549316406,198.02999877929688,198.1300048828125,49161
2026-06-26 16:45:00+00:00,198.13999938964844,198.13999938964844,197.7100067138672,197.88999938964844,40631
2026-06-26 16:46:00+00:00,197.83999633789062,197.92999267578125,197.69009399414062,197.79010009765625,23843
2026-06-26 16:47:00+00:00,197.6999969482422,197.8708953857422,197.4949951171875,197.6999969482422,34385
2026-06-26 16:48:00+00:00,197.69000244140625,197.88999938964844,197.2899932861328,197.4398956298828,33863
2026-06-26 16:49:00+00:00,197.36500549316406,198.4499969482422,197.36500549316406,198.0301055908203,55028
2026-06-26 16:50:00+00:00,198.27000427246094,198.50990295410156,198.1699981689453,198.19000244140625,37206
2026-06-26 16:51:00+00:00,198.09300231933594,198.46499633789062,198.09300231933594,198.19000244140625,19270
2026-06-26 16:52:00+00:00,198.25999450683594,198.40989685058594,197.97000122070312,198.16000366210938,40312
2026-06-26 16:53:00+00:00,198.10000610351562,198.81500244140625,198.10000610351562,198.81500244140625,32206
2026-06-26 16:54:00+00:00,198.8249969482422,198.97000122070312,198.69000244140625,198.72500610351562,33738
2026-06-26 16:55:00+00:00,198.8000030517578,198.8000030517578,198.33999633789062,198.5345001220703,17665
2026-06-26 16:56:00+00:00,198.5800018310547,199.0500030517578,198.4499969482422,198.99989318847656,68492
2026-06-26 16:57:00+00:00,198.89500427246094,199.1999969482422,198.5,198.5399932861328,49892
2026-06-26 16:58:00+00:00,198.5,198.64999389648438,198.39500427246094,198.39999389648438,23136
2026-06-26 16:59:00+00:00,198.50999450683594,198.5399932861328,198.3300018310547,198.42999267578125,23412
2026-06-26 17:00:00+00:00,198.4149932861328,198.47000122070312,198.1999969482422,198.41000366210938,15206
2026-06-26 17:01:00+00:00,198.41000366210938,198.60000610351562,198.17999267578125,198.1846923828125,20293
2026-06-26 17:02:00+00:00,198.22999572753906,198.35000610351562,198.0,198.14999389648438,42486
2026-06-26 17:03:00+00:00,198.14999389648438,198.25,198.02000427246094,198.2449951171875,16991
2026-06-26 17:04:00+00:00,198.1699981689453,198.19000244140625,198.0,198.10000610351562,31623
2026-06-26 17:05:00+00:00,198.16000366210938,198.32000732421875,198.10000610351562,198.11000061035156,22005
2026-06-26 17:06:00+00:00,198.0500030517578,198.0500030517578,197.7301025390625,197.83999633789062,52489
2026-06-26 17:07:00+00:00,197.7899932861328,198.11000061035156,197.7100067138672,198.11000061035156,35351
2026-06-26 17:08:00+00:00,198.1898956298828,198.3800048828125,198.10009765625,198.3800048828125,24102
2026-06-26 17:09:00+00:00,198.4149932861328,198.57000732421875,198.25999450683594,198.5590057373047,26615
2026-06-26 17:10:00+00:00,198.5500030517578,198.55999755859375,198.21339416503906,198.32000732421875,17081
2026-06-26 17:11:00+00:00,198.24000549316406,198.3800048828125,198.10000610351562,198.28970336914062,31238
2026-06-26 17:12:00+00:00,198.1699981689453,199.11000061035156,198.11000061035156,198.85000610351562,57180
2026-06-26 17:13:00+00:00,198.8800048828125,198.8800048828125,198.47999572753906,198.6199951171875,17771
2026-06-26 17:14:00+00:00,198.4600067138672,198.7550048828125,198.3000946044922,198.72000122070312,21583
2026-06-26 17:15:00+00:00,198.7100067138672,198.73989868164062,197.90499877929688,198.08999633789062,21545
2026-06-26 17:16:00+00:00,198.13999938964844,198.2899932861328,198.0605010986328,198.1199951171875,22055
2026-06-26 17:17:00+00:00,198.2100067138672,198.35000610351562,197.85000610351562,197.85000610351562,21970
2026-06-26 17:18:00+00:00,197.89999389648438,198.26499938964844,197.85000610351562,198.07000732421875,18368
2026-06-26 17:19:00+00:00,198.0,198.47999572753906,197.8874969482422,198.2050018310547,17292
2026-06-26 17:20:00+00:00,198.3800048828125,198.3800048828125,197.9010009765625,197.98500061035156,14433
2026-06-26 17:21:00+00:00,198.1199951171875,198.1199951171875,197.71009826660156,198.00999450683594,28559
2026-06-26 17:22:00+00:00,198.00999450683594,198.36000061035156,198.00999450683594,198.2949981689453,19980
2026-06-26 17:23:00+00:00,198.2899932861328,198.7949981689453,198.19000244140625,198.61000061035156,51838
2026-06-26 17:24:00+00:00,198.47999572753906,198.75,198.35000610351562,198.75,27070
2026-06-26 17:25:00+00:00,198.75,198.75,198.3800048828125,198.4600067138672,14286
2026-06-26 17:26:00+00:00,198.4499969482422,198.8300018310547,198.4499969482422,198.82000732421875,56209
2026-06-26 17:27:00+00:00,198.73500061035156,199.35000610351562,198.67999267578125,199.25,93690
2026-06-26 17:28:00+00:00,199.25,199.77999877929688,199.17999267578125,199.6300048828125,30774
2026-06-26 17:29:00+00:00,199.6199951171875,199.72000122070312,199.02999877929688,199.4199981689453,76206
2026-06-26 17:30:00+00:00,199.43499755859375,199.63999938964844,199.3000030517578,199.4149932861328,67141
2026-06-26 17:31:00+00:00,199.4550018310547,199.49000549316406,199.04010009765625,199.19500732421875,86578
2026-06-26 17:32:00+00:00,199.1999969482422,199.33999633789062,199.14999389648438,199.29249572753906,19485
2026-06-26 17:33:00+00:00,199.19000244140625,199.5,199.19000244140625,199.4499969482422,33883
2026-06-26 17:34:00+00:00,199.4199981689453,199.50999450683594,198.9199981689453,199.02749633789062,40891
2026-06-26 17:35:00+00:00,198.9199981689453,198.9199981689453,198.53469848632812,198.69000244140625,25805
2026-06-26 17:36:00+00:00,198.6999969482422,198.71499633789062,198.6199951171875,198.67999267578125,20824
2026-06-26 17:37:00+00:00,198.67999267578125,198.75999450683594,198.4199981689453,198.69500732421875,30312
2026-06-26 17:38:00+00:00,198.69500732421875,198.85000610351562,198.39999389648438,198.39999389648438,19164
2026-06-26 17:39:00+00:00,198.50999450683594,198.74000549316406,198.4001007080078,198.52999877929688,32511
2026-06-26 17:40:00+00:00,198.52999877929688,198.52999877929688,198.13499450683594,198.50999450683594,25951
2026-06-26 17:41:00+00:00,198.39999389648438,198.49000549316406,198.1999969482422,198.2899932861328,18565
2026-06-26 17:42:00+00:00,198.22999572753906,198.52000427246094,198.0500030517578,198.43499755859375,37994
2026-06-26 17:43:00+00:00,198.43499755859375,198.61500549316406,198.360107421875,198.5850067138672,21256
2026-06-26 17:44:00+00:00,198.56500244140625,198.57749938964844,198.25010681152344,198.3249969482422,21319
2026-06-26 17:45:00+00:00,198.31500244140625,198.39999389648438,198.18499755859375,198.25,13657
2026-06-26 17:46:00+00:00,198.2899932861328,198.4199981689453,198.1999969482422,198.33999633789062,18053
2026-06-26 17:47:00+00:00,198.27999877929688,198.5,198.21009826660156,198.5,21018
2026-06-26 17:48:00+00:00,198.5,198.6699981689453,198.3800048828125,198.43499755859375,34955
2026-06-26 17:49:00+00:00,198.43499755859375,198.49000549316406,198.1649932861328,198.25999450683594,18026
2026-06-26 17:50:00+00:00,198.2550048828125,198.31500244140625,198.0500030517578,198.1300048828125,38797
2026-06-26 17:51:00+00:00,198.11000061035156,198.2100067138672,198.0756072998047,198.1300048828125,23365
2026-06-26 17:52:00+00:00,198.1300048828125,198.1300048828125,197.77000427246094,197.83999633789062,37307
2026-06-26 17:53:00+00:00,197.84500122070312,198.0800018310547,197.60499572753906,197.625,39388
2026-06-26 17:54:00+00:00,197.625,198.14649963378906,197.52000427246094,197.875,58513
2026-06-26 17:55:00+00:00,197.8300018310547,197.8300018310547,197.42999267578125,197.4499969482422,33714
2026-06-26 17:56:00+00:00,197.5299072265625,197.5299072265625,197.07000732421875,197.2949981689453,61162
2026-06-26 17:57:00+00:00,197.2949981689453,197.2949981689453,197.02999877929688,197.1300048828125,41831
2026-06-26 17:58:00+00:00,197.0800018310547,197.29989624023438,196.96200561523438,197.16000366210938,54679
2026-06-26 17:59:00+00:00,197.1649932861328,197.38999938964844,196.88999938964844,196.9949951171875,50589
2026-06-26 18:00:00+00:00,197.0050048828125,197.02000427246094,196.63999938964844,196.85000610351562,49087
2026-06-26 18:01:00+00:00,196.97999572753906,197.11000061035156,196.89999389648438,197.0800018310547,34176
2026-06-26 18:02:00+00:00,197.0749969482422,197.33999633789062,196.9199981689453,197.10499572753906,37596
2026-06-26 18:03:00+00:00,197.1699981689453,197.1999969482422,196.956298828125,197.0800018310547,24052
2026-06-26 18:04:00+00:00,197.13499450683594,197.39999389648438,197.13499450683594,197.22000122070312,27727
2026-06-26 18:05:00+00:00,197.22500610351562,197.52000427246094,197.1999969482422,197.4199981689453,26977
2026-06-26 18:06:00+00:00,197.4199981689453,197.5800018310547,197.20570373535156,197.3000030517578,23258
2026-06-26 18:07:00+00:00,197.22000122070312,197.22000122070312,196.8800048828125,197.0,33006
2026-06-26 18:08:00+00:00,197.05999755859375,197.30990600585938,196.99000549316406,197.30990600585938,32880
2026-06-26 18:09:00+00:00,197.30990600585938,197.30999755859375,197.11000061035156,197.11000061035156,22808
2026-06-26 18:10:00+00:00,197.1649932861328,197.72000122070312,197.14480590820312,197.32009887695312,34401
2026-06-26 18:11:00+00:00,197.32000732421875,197.5281982421875,197.1199951171875,197.5281982421875,16273
2026-06-26 18:12:00+00:00,197.48500061035156,197.55999755859375,197.1999969482422,197.1999969482422,18769
2026-06-26 18:13:00+00:00,197.13499450683594,197.22000122070312,196.89500427246094,197.0749969482422,25299
2026-06-26 18:14:00+00:00,197.08999633789062,197.1699981689453,196.85009765625,196.9149932861328,21058
2026-06-26 18:15:00+00:00,196.91000366210938,197.05999755859375,196.60000610351562,196.64500427246094,38256
2026-06-26 18:16:00+00:00,196.6300048828125,196.6699981689453,196.3101043701172,196.38999938964844,27500
2026-06-26 18:17:00+00:00,196.4199981689453,196.50379943847656,196.2899932861328,196.39500427246094,43085
2026-06-26 18:18:00+00:00,196.41000366210938,196.5590057373047,196.2899932861328,196.3892059326172,51545
2026-06-26 18:19:00+00:00,196.30999755859375,196.5800018310547,196.17999267578125,196.5500030517578,34044
2026-06-26 18:20:00+00:00,196.5800018310547,196.66000366210938,196.38999938964844,196.44500732421875,23230
2026-06-26 18:21:00+00:00,196.42999267578125,196.5800018310547,196.30999755859375,196.5800018310547,26480
2026-06-26 18:22:00+00:00,196.5800018310547,196.77999877929688,196.41000366210938,196.7655029296875,29809
2026-06-26 18:23:00+00:00,196.67999267578125,196.9600067138672,196.52000427246094,196.9600067138672,31062
2026-06-26 18:24:00+00:00,197.00509643554688,197.00509643554688,196.5500030517578,196.77999877929688,38513
2026-06-26 18:25:00+00:00,196.89999389648438,196.94000244140625,196.71629333496094,196.8350067138672,19301
2026-06-26 18:26:00+00:00,196.8350067138672,196.97999572753906,196.53500366210938,196.53500366210938,20410
2026-06-26 18:27:00+00:00,196.50999450683594,196.7100067138672,196.49000549316406,196.68910217285156,25516
2026-06-26 18:28:00+00:00,196.6300048828125,196.6300048828125,196.3300018310547,196.4499969482422,22915
2026-06-26 18:29:00+00:00,196.50999450683594,196.7899932861328,196.3800048828125,196.54139709472656,29256
2026-06-26 18:30:00+00:00,196.57000732421875,196.7100067138672,196.2801055908203,196.32000732421875,42731
2026-06-26 18:31:00+00:00,196.35499572753906,196.47999572753906,196.1999969482422,196.35499572753906,34788
2026-06-26 18:32:00+00:00,196.3000030517578,196.63999938964844,196.3000030517578,196.55999755859375,24833
2026-06-26 18:33:00+00:00,196.49000549316406,196.85000610351562,196.49000549316406,196.85000610351562,23964
2026-06-26 18:34:00+00:00,196.8000030517578,196.8249969482422,196.5677032470703,196.64999389648438,12154
2026-06-26 18:35:00+00:00,196.69500732421875,196.77999877929688,196.2899932861328,196.33999633789062,28433
2026-06-26 18:36:00+00:00,196.39999389648438,196.41000366210938,196.17999267578125,196.39999389648438,36977
2026-06-26 18:37:00+00:00,196.41000366210938,196.42999267578125,196.13999938964844,196.28500366210938,32950
2026-06-26 18:38:00+00:00,196.2550048828125,196.41000366210938,196.1300048828125,196.28500366210938,26343
2026-06-26 18:39:00+00:00,196.25,196.35000610351562,196.16000366210938,196.3000030517578,22795
2026-06-26 18:40:00+00:00,196.3000030517578,196.39500427246094,195.94000244140625,196.09500122070312,59787
2026-06-26 18:41:00+00:00,196.15989685058594,196.15989685058594,195.8300018310547,195.88999938964844,40146
2026-06-26 18:42:00+00:00,195.89999389648438,196.0,195.72999572753906,195.77999877929688,31274
2026-06-26 18:43:00+00:00,195.77999877929688,196.0399932861328,195.72999572753906,196.0399932861328,25654
2026-06-26 18:44:00+00:00,196.02999877929688,196.08999633789062,195.83999633789062,195.83999633789062,23703
2026-06-26 18:45:00+00:00,195.80999755859375,195.97000122070312,195.74009704589844,195.75,103124
2026-06-26 18:46:00+00:00,195.88499450683594,195.97999572753906,195.36500549316406,195.375,60424
2026-06-26 18:47:00+00:00,195.375,195.5399932861328,195.0449981689453,195.27999877929688,65976
2026-06-26 18:48:00+00:00,195.22000122070312,195.32000732421875,195.1699981689453,195.25250244140625,19142
2026-06-26 18:49:00+00:00,195.2550048828125,195.3000030517578,194.86500549316406,194.90499877929688,118333
2026-06-26 18:50:00+00:00,194.9001007080078,195.02999877929688,194.8000030517578,194.99000549316406,35599
2026-06-26 18:51:00+00:00,194.9600067138672,195.02000427246094,194.57000732421875,194.69500732421875,29608
2026-06-26 18:52:00+00:00,194.5800018310547,194.77000427246094,194.47999572753906,194.69000244140625,42216
2026-06-26 18:53:00+00:00,194.75990295410156,194.8699951171875,194.66000366210938,194.79010009765625,33946
2026-06-26 18:54:00+00:00,194.79110717773438,194.89999389648438,194.42010498046875,194.50999450683594,38474
2026-06-26 18:55:00+00:00,194.52499389648438,194.66000366210938,194.36000061035156,194.49000549316406,52394
2026-06-26 18:56:00+00:00,194.35000610351562,194.52000427246094,194.29010009765625,194.38999938964844,19789
2026-06-26 18:57:00+00:00,194.43499755859375,194.50990295410156,194.08999633789062,194.33999633789062,46355
2026-06-26 18:58:00+00:00,194.33999633789062,194.55999755859375,194.27499389648438,194.3350067138672,38578
2026-06-26 18:59:00+00:00,194.46499633789062,194.5500030517578,194.3300018310547,194.47999572753906,35304
2026-06-26 19:00:00+00:00,194.3699951171875,194.41000366210938,194.0399932861328,194.0500030517578,34052
2026-06-26 19:01:00+00:00,194.15939331054688,194.33999633789062,194.02999877929688,194.25,49033
2026-06-26 19:02:00+00:00,194.25,194.3699951171875,194.02999877929688,194.35000610351562,59746
2026-06-26 19:03:00+00:00,194.27999877929688,194.57000732421875,194.1999969482422,194.27000427246094,34994
2026-06-26 19:04:00+00:00,194.2635040283203,194.47999572753906,194.05499267578125,194.11000061035156,36306
2026-06-26 19:05:00+00:00,194.11000061035156,194.11000061035156,193.77000427246094,193.9774932861328,53321
2026-06-26 19:06:00+00:00,193.98500061035156,194.17999267578125,193.82000732421875,194.11000061035156,59369
2026-06-26 19:07:00+00:00,194.11000061035156,194.75,194.11000061035156,194.58999633789062,64819
2026-06-26 19:08:00+00:00,194.61000061035156,195.0500030517578,194.60000610351562,194.8614959716797,40541
2026-06-26 19:09:00+00:00,194.93499755859375,195.11000061035156,194.79010009765625,195.03500366210938,30279
2026-06-26 19:10:00+00:00,194.99000549316406,195.125,194.64999389648438,194.76499938964844,55278
2026-06-26 19:11:00+00:00,194.89999389648438,194.89999389648438,194.4499969482422,194.6300048828125,32289
2026-06-26 19:12:00+00:00,194.52099609375,194.67999267578125,194.4300994873047,194.59500122070312,23331
2026-06-26 19:13:00+00:00,194.59500122070312,194.8000030517578,194.5,194.5749969482422,27175
2026-06-26 19:14:00+00:00,194.5749969482422,194.9362030029297,194.50999450683594,194.86000061035156,31330
2026-06-26 19:15:00+00:00,194.88999938964844,194.88999938964844,194.32000732421875,194.50999450683594,41822
2026-06-26 19:16:00+00:00,194.4149932861328,194.4149932861328,194.05499267578125,194.16000366210938,30426
2026-06-26 19:17:00+00:00,194.17999267578125,194.2100067138672,194.00039672851562,194.18499755859375,37215
2026-06-26 19:18:00+00:00,194.19000244140625,194.20899963378906,193.9499969482422,194.14999389648438,45642
2026-06-26 19:19:00+00:00,194.15499877929688,194.30999755859375,194.0800018310547,194.13999938964844,30177
2026-06-26 19:20:00+00:00,194.2100067138672,194.33999633789062,194.10000610351562,194.22999572753906,48309
2026-06-26 19:21:00+00:00,194.27000427246094,194.36000061035156,194.11000061035156,194.16000366210938,30495
2026-06-26 19:22:00+00:00,194.08999633789062,194.18980407714844,193.6699981689453,193.8000030517578,45718
2026-06-26 19:23:00+00:00,193.82000732421875,193.99000549316406,193.60000610351562,193.64500427246094,56670
2026-06-26 19:24:00+00:00,193.6999969482422,194.17820739746094,193.58009338378906,194.17820739746094,61853
2026-06-26 19:25:00+00:00,194.10499572753906,194.1750030517578,193.44000244140625,193.6300048828125,56376
2026-06-26 19:26:00+00:00,193.63999938964844,193.69000244140625,193.360107421875,193.4600067138672,62552
2026-06-26 19:27:00+00:00,193.55999755859375,193.9600067138672,193.5,193.75999450683594,33883
2026-06-26 19:28:00+00:00,193.8300018310547,193.97000122070312,193.74000549316406,193.75999450683594,61820
2026-06-26 19:29:00+00:00,193.72000122070312,194.02000427246094,193.64999389648438,193.81500244140625,37660
2026-06-26 19:30:00+00:00,193.86000061035156,193.8699951171875,193.47000122070312,193.84500122070312,68000
2026-06-26 19:31:00+00:00,193.875,193.97000122070312,193.3000030517578,193.30999755859375,50169
2026-06-26 19:32:00+00:00,193.33999633789062,194.0500030517578,193.32000732421875,193.86000061035156,56394
2026-06-26 19:33:00+00:00,193.83999633789062,194.39999389648438,193.8300018310547,194.02000427246094,49156
2026-06-26 19:34:00+00:00,194.0471954345703,194.27999877929688,193.8800048828125,193.96499633789062,38782
2026-06-26 19:35:00+00:00,194.02999877929688,194.1199951171875,193.6699981689453,193.82000732421875,46927
2026-06-26 19:36:00+00:00,193.8249969482422,194.08999633789062,193.72000122070312,193.85000610351562,46189
2026-06-26 19:37:00+00:00,193.92999267578125,194.00999450683594,193.7100067138672,193.8300018310547,50878
2026-06-26 19:38:00+00:00,193.86000061035156,194.02999877929688,193.69000244140625,193.69000244140625,40530
2026-06-26 19:39:00+00:00,193.7100067138672,193.7100067138672,193.22999572753906,193.25059509277344,73467
2026-06-26 19:40:00+00:00,193.27999877929688,193.2899932861328,192.89999389648438,192.96499633789062,129732
2026-06-26 19:41:00+00:00,193.02609252929688,193.1300048828125,192.8000030517578,192.9593048095703,72891
2026-06-26 19:42:00+00:00,192.87240600585938,193.3000030517578,192.75999450683594,193.24000549316406,114544
2026-06-26 19:43:00+00:00,193.19000244140625,193.3699951171875,193.0399932861328,193.10000610351562,105616
2026-06-26 19:44:00+00:00,193.07000732421875,193.4499053955078,193.0399932861328,193.38999938964844,103916
2026-06-26 19:45:00+00:00,193.41000366210938,193.4199981689453,192.85000610351562,193.0749969482422,102301
2026-06-26 19:46:00+00:00,193.07000732421875,193.42999267578125,192.9499969482422,193.17999267578125,92469
2026-06-26 19:47:00+00:00,193.13999938964844,193.35000610351562,192.0800018310547,192.18499755859375,129963
2026-06-26 19:48:00+00:00,192.1699981689453,192.25999450683594,191.50010681152344,191.50010681152344,156853
2026-06-26 19:49:00+00:00,191.55999755859375,191.60000610351562,191.02000427246094,191.14500427246094,177545
2026-06-26 19:50:00+00:00,191.25999450683594,191.2899932861328,186.61000061035156,187.79750061035156,799394
2026-06-26 19:51:00+00:00,187.72000122070312,188.2899932861328,187.11000061035156,187.1114044189453,410968
2026-06-26 19:52:00+00:00,187.08999633789062,187.3300018310547,186.25999450683594,186.75999450683594,507986
2026-06-26 19:53:00+00:00,186.8000030517578,188.8800048828125,186.7100067138672,188.8000030517578,460132
2026-06-26 19:54:00+00:00,188.8300018310547,189.16000366210938,188.0,188.92999267578125,424140
2026-06-26 19:55:00+00:00,188.92999267578125,188.99000549316406,186.75,187.08999633789062,555603
2026-06-26 19:56:00+00:00,187.3300018310547,187.4600067138672,186.88999938964844,187.31500244140625,556398
2026-06-26 19:57:00+00:00,187.35000610351562,188.5,186.75,188.41000366210938,725602
2026-06-26 19:58:00+00:00,188.3800048828125,189.5,188.36000061035156,189.3699951171875,826260
2026-06-26 19:59:00+00:00,189.3699951171875,189.63999938964844,188.47000122070312,188.60000610351562,1205373
2026-06-26 20:00:00+00:00,189.39,190.89,188.88,189.9159,1834471
2026-06-26 20:01:00+00:00,189.99,189.99,188.8001,189.3,0
2026-06-26 20:02:00+00:00,189.3,189.99,188.9997,189.438,0
2026-06-26 20:03:00+00:00,189.19,189.49,189.09,189.49,0
2026-06-26 20:04:00+00:00,189.25,189.99,188.98,188.98,0
2026-06-26 20:05:00+00:00,189.05,189.31,188.26,189.0,0
2026-06-26 20:06:00+00:00,188.99,189.0,188.62,188.63,0
2026-06-26 20:07:00+00:00,188.85,189.3901,188.5,188.79,0
2026-06-26 20:08:00+00:00,188.65,189.39,188.05,189.3,0
2026-06-26 20:09:00+00:00,189.3,189.38,188.71,189.38,0
2026-06-26 20:10:00+00:00,189.3,189.39,188.88,189.0308,0
2026-06-26 20:11:00+00:00,188.88,189.3789,188.88,189.0,0
2026-06-26 20:12:00+00:00,188.9866,189.9,188.88,189.9,0
2026-06-26 20:13:00+00:00,189.9,190.435,189.46,190.05,0
2026-06-26 20:14:00+00:00,190.29,190.34,189.88,190.01,0
2026-06-26 20:15:00+00:00,189.39,190.79,189.39,190.7198,0
2026-06-26 20:16:00+00:00,190.46,190.79,189.88,190.49,0
2026-06-26 20:17:00+00:00,189.98,190.32,188.88,189.8,0
2026-06-26 20:18:00+00:00,189.25,190.12,188.88,189.5,0
2026-06-26 20:19:00+00:00,189.43,190.12,189.0,190.0394,0
2026-06-26 20:20:00+00:00,189.77,190.12,189.7372,190.12,0
2026-06-26 20:21:00+00:00,190.0,190.0621,189.4087,189.55,0
2026-06-26 20:22:00+00:00,189.3726,189.99,189.3726,189.99,0
2026-06-26 20:23:00+00:00,189.6,189.99,189.1088,189.4,0
2026-06-26 20:24:00+00:00,189.4,189.99,189.06,189.99,0
2026-06-26 20:25:00+00:00,189.59,189.99,189.54,189.69,0
2026-06-26 20:26:00+00:00,189.8,189.98,189.2,189.75,0
2026-06-26 20:27:00+00:00,189.99,189.99,189.4,189.4,0
2026-06-26 20:28:00+00:00,189.575,189.575,189.0,189.4,0
2026-06-26 20:29:00+00:00,189.38,189.4,189.0,189.0,0
2026-06-26 20:30:00+00:00,189.3,189.3866,188.65,188.8,0
2026-06-26 20:31:00+00:00,188.61,189.3,188.07,188.76,0
2026-06-26 20:32:00+00:00,189.15,189.15,188.18,189.13,0
2026-06-26 20:33:00+00:00,189.13,189.13,188.0601,188.64,0
2026-06-26 20:34:00+00:00,188.39,189.39,188.07,188.5,0
2026-06-26 20:35:00+00:00,189.3,189.3,188.12,188.24,0
2026-06-26 20:36:00+00:00,188.1,188.99,188.05,188.25,0
2026-06-26 20:37:00+00:00,188.2,188.8,188.05,188.25,0
2026-06-26 20:38:00+00:00,188.25,188.94,188.06,188.6,0
2026-06-26 20:39:00+00:00,188.25,188.98,188.05,188.49,0
2026-06-26 20:40:00+00:00,188.14,188.5,188.1,188.14,0
2026-06-26 20:41:00+00:00,188.5,188.5,188.05,188.14,0
2026-06-26 20:42:00+00:00,188.25,188.45,188.06,188.06,0
2026-06-26 20:43:00+00:00,188.3364,188.4,188.25,188.4,0
2026-06-26 20:44:00+00:00,188.4,188.98,188.05,188.44,0
2026-06-26 20:45:00+00:00,188.45,188.8,188.05,188.7499,0
2026-06-26 20:46:00+00:00,188.5,188.75,188.05,188.75,0
2026-06-26 20:47:00+00:00,188.6463,188.75,188.05,188.68,0
2026-06-26 20:48:00+00:00,188.54,188.75,188.54,188.6,0
2026-06-26 20:49:00+00:00,188.59,188.68,188.23,188.5943,0
2026-06-26 20:50:00+00:00,188.59,190.06,188.5,190.0,0
2026-06-26 20:51:00+00:00,190.1,190.1,188.5,188.5,0
2026-06-26 20:52:00+00:00,189.63,189.9,188.98,188.98,0
2026-06-26 20:53:00+00:00,189.7,189.89,189.0,189.89,0
2026-06-26 20:54:00+00:00,189.49,189.51,189.0,189.38,0
2026-06-26 20:55:00+00:00,189.8,189.82,189.7,189.82,0
2026-06-26 20:56:00+00:00,189.85,189.85,189.5,189.85,0
2026-06-26 20:57:00+00:00,189.85,189.85,189.38,189.54,0
2026-06-26 20:58:00+00:00,189.35,189.79,189.1365,189.532,0
2026-06-26 20:59:00+00:00,189.22,189.75,189.03,189.75,0
2026-06-26 21:00:00+00:00,189.604,189.75,189.12,189.3393,0
2026-06-26 21:01:00+00:00,189.39,189.39,189.01,189.3899,0
2026-06-26 21:02:00+00:00,189.1,189.39,189.0,189.195,0
2026-06-26 21:03:00+00:00,189.0951,189.3458,189.0,189.08,0
2026-06-26 21:04:00+00:00,189.0,189.1,188.5,188.5,0
2026-06-26 21:05:00+00:00,188.9978,189.0003,188.5,188.5,0
2026-06-26 21:06:00+00:00,188.99,189.0,188.5551,188.9191,0
2026-06-26 21:07:00+00:00,188.59,189.0,188.54,188.568,0
2026-06-26 21:08:00+00:00,188.55,189.0,188.2,188.5,0
2026-06-26 21:09:00+00:00,189.0,189.0,188.15,188.4,0
2026-06-26 21:10:00+00:00,188.79,189.0,188.32,188.6,0
2026-06-26 21:11:00+00:00,188.66,189.58,188.6,189.46,0
2026-06-26 21:12:00+00:00,189.41,189.58,188.32,189.38,0
2026-06-26 21:13:00+00:00,189.0,189.37,188.66,188.88,0
2026-06-26 21:14:00+00:00,189.25,189.25,188.66,189.0,0
2026-06-26 21:15:00+00:00,189.164,189.39,188.75,189.39,0
2026-06-26 21:16:00+00:00,188.9194,189.0,188.5,188.912,0
2026-06-26 21:17:00+00:00,188.9,189.25,188.8,188.9455,0
2026-06-26 21:18:00+00:00,189.01,189.25,189.01,189.2087,0
2026-06-26 21:19:00+00:00,189.24,189.25,189.0,189.0,0
2026-06-26 21:20:00+00:00,189.1307,189.15,188.98,188.9885,0
2026-06-26 21:21:00+00:00,189.0,189.0958,188.81,188.97,0
2026-06-26 21:22:00+00:00,188.97,188.97,188.8,188.93,0
2026-06-26 21:23:00+00:00,188.93,189.4,188.84,189.25,0
2026-06-26 21:24:00+00:00,188.84,189.4,188.75,188.91,0
2026-06-26 21:25:00+00:00,189.2,189.4,188.8,189.19,0
2026-06-26 21:26:00+00:00,188.8,189.4,188.8,189.283,0
2026-06-26 21:27:00+00:00,189.03,189.18,188.75,189.18,0
2026-06-26 21:28:00+00:00,188.87,189.4,188.61,189.4,0
2026-06-26 21:29:00+00:00,188.75,189.25,188.75,189.0,0
2026-06-26 21:30:00+00:00,189.19,189.19,188.75,188.75,0
2026-06-26 21:31:00+00:00,189.27,189.27,188.85,188.85,0
2026-06-26 21:32:00+00:00,189.19,189.27,188.8275,189.177,0
2026-06-26 21:33:00+00:00,189.25,189.25,188.88,188.88,0
2026-06-26 21:34:00+00:00,189.0,189.19,188.9,189.19,0
2026-06-26 21:35:00+00:00,189.09,189.19,188.96,189.09,0
2026-06-26 21:36:00+00:00,189.09,189.19,189.05,189.19,0
2026-06-26 21:37:00+00:00,189.09,189.19,189.0,189.0,0
2026-06-26 21:38:00+00:00,189.0,189.09,188.9,188.9,0
2026-06-26 21:39:00+00:00,189.08,189.19,188.9072,188.92,0
2026-06-26 21:40:00+00:00,189.08,189.19,188.9,188.9,0
2026-06-26 21:41:00+00:00,189.09,189.19,188.9,189.07,0
2026-06-26 21:42:00+00:00,189.07,189.07,189.0,189.07,0
2026-06-26 21:43:00+00:00,189.0502,189.0502,189.0,189.0,0
2026-06-26 21:44:00+00:00,189.0,189.07,188.9888,189.0,0
2026-06-26 21:45:00+00:00,188.9999,189.19,188.9,189.17,0
2026-06-26 21:46:00+00:00,189.16,189.16,188.9,189.16,0
2026-06-26 21:47:00+00:00,189.19,189.22,189.06,189.22,0
2026-06-26 21:48:00+00:00,189.14,189.22,188.96,189.0,0
2026-06-26 21:49:00+00:00,189.22,189.22,188.92,189.21,0
2026-06-26 21:50:00+00:00,189.21,189.21,189.0,189.21,0
2026-06-26 21:51:00+00:00,188.9,189.21,188.9,189.0753,0
2026-06-26 21:52:00+00:00,189.1197,189.19,188.91,189.19,0
2026-06-26 21:53:00+00:00,189.1567,189.19,189.14,189.18,0
2026-06-26 21:54:00+00:00,189.18,189.39,189.18,189.3396,0
2026-06-26 21:55:00+00:00,189.2923,189.39,188.9,189.38,0
2026-06-26 21:56:00+00:00,189.16,189.44,188.9,189.4,0
2026-06-26 21:57:00+00:00,189.39,189.45,189.0001,189.39,0
2026-06-26 21:58:00+00:00,189.39,189.55,189.18,189.4,0
2026-06-26 21:59:00+00:00,189.6,189.6,189.0,189.5203,0
2026-06-26 22:00:00+00:00,189.52,189.6,189.36,189.5285,0
2026-06-26 22:01:00+00:00,189.6,189.6,189.28,189.36,0
2026-06-26 22:02:00+00:00,189.36,189.6,189.36,189.44,0
2026-06-26 22:03:00+00:00,189.32,189.6,188.9871,188.9871,0
2026-06-26 22:04:00+00:00,189.31,189.44,188.9,188.9869,0
2026-06-26 22:05:00+00:00,188.98,189.0,188.8436,188.8436,0
2026-06-26 22:06:00+00:00,188.88,188.88,188.6,188.8,0
2026-06-26 22:07:00+00:00,188.8,188.88,188.8,188.8395,0
2026-06-26 22:08:00+00:00,188.69,188.829,188.69,188.829,0
2026-06-26 22:09:00+00:00,188.75,188.879,188.68,188.83,0
2026-06-26 22:10:00+00:00,188.6,189.0,188.6,189.0,0
2026-06-26 22:11:00+00:00,189.0,189.0,188.72,188.9752,0
2026-06-26 22:12:00+00:00,188.9,189.0,188.9,188.9982,0
2026-06-26 22:13:00+00:00,188.9816,189.12,188.94,189.0,0
2026-06-26 22:14:00+00:00,188.9419,188.95,188.5672,188.95,0
2026-06-26 22:15:00+00:00,188.9,188.95,188.66,188.7999,0
2026-06-26 22:16:00+00:00,188.75,188.8,188.6,188.63,0
2026-06-26 22:17:00+00:00,188.66,188.8,188.66,188.7988,0
2026-06-26 22:18:00+00:00,188.8,188.8,188.71,188.71,0
2026-06-26 22:19:00+00:00,188.7896,188.7907,188.66,188.7846,0
2026-06-26 22:20:00+00:00,188.78,188.8,188.65,188.7,0
2026-06-26 22:21:00+00:00,188.65,188.8,188.65,188.8,0
2026-06-26 22:22:00+00:00,188.79,188.8,188.67,188.79,0
2026-06-26 22:23:00+00:00,188.7762,188.8,188.77,188.77,0
2026-06-26 22:24:00+00:00,188.77,188.8,188.77,188.77,0
2026-06-26 22:25:00+00:00,188.78,188.8,188.6603,188.8,0
2026-06-26 22:26:00+00:00,188.8,188.95,188.7818,188.95,0
2026-06-26 22:27:00+00:00,189.0,189.0,188.8,188.82,0
2026-06-26 22:28:00+00:00,188.98,188.98,188.82,188.8987,0
2026-06-26 22:29:00+00:00,188.91,188.98,188.77,188.98,0
2026-06-26 22:30:00+00:00,188.7973,188.98,188.7752,188.7752,0
2026-06-26 22:31:00+00:00,188.8,188.98,188.8,188.95,0
2026-06-26 22:32:00+00:00,188.86,188.95,188.8108,188.8108,0
2026-06-26 22:33:00+00:00,188.8108,188.9384,188.7,188.9,0
2026-06-26 22:34:00+00:00,188.66,188.98,188.66,188.8,0
2026-06-26 22:35:00+00:00,188.98,188.98,188.66,188.8,0
2026-06-26 22:36:00+00:00,188.75,188.98,188.66,188.73,0
2026-06-26 22:37:00+00:00,188.67,188.98,188.6,188.6,0
2026-06-26 22:38:00+00:00,188.98,188.98,188.77,188.77,0
2026-06-26 22:39:00+00:00,188.98,188.98,188.68,188.68,0
2026-06-26 22:40:00+00:00,188.75,188.91,188.6585,188.8,0
2026-06-26 22:41:00+00:00,188.8,188.9,188.6,188.6,0
2026-06-26 22:42:00+00:00,188.8,188.9799,188.6,188.6,0
2026-06-26 22:43:00+00:00,188.98,188.98,188.87,188.87,0
2026-06-26 22:44:00+00:00,188.98,188.98,188.88,188.98,0
2026-06-26 22:45:00+00:00,188.98,189.18,188.9686,189.03,0
2026-06-26 22:46:00+00:00,189.1591,189.16,189.01,189.16,0
2026-06-26 22:47:00+00:00,189.1391,189.16,189.13,189.13,0
2026-06-26 22:48:00+00:00,189.13,189.16,189.08,189.08,0
2026-06-26 22:49:00+00:00,189.11,189.12,189.11,189.12,0
2026-06-26 22:50:00+00:00,189.12,189.2,189.02,189.2,0
2026-06-26 22:51:00+00:00,189.2,189.2,188.98,189.17,0
2026-06-26 22:52:00+00:00,189.12,189.17,189.01,189.15,0
2026-06-26 22:53:00+00:00,189.13,189.15,189.0,189.15,0
2026-06-26 22:54:00+00:00,189.13,189.15,189.0,189.0,0
2026-06-26 22:55:00+00:00,189.0,189.0001,188.61,188.9437,0
2026-06-26 22:56:00+00:00,188.97,189.0,188.9403,188.98,0
2026-06-26 22:57:00+00:00,188.9,189.0,188.9,188.9,0
2026-06-26 22:58:00+00:00,189.0,189.0,188.6607,188.9545,0
2026-06-26 22:59:00+00:00,189.0,189.0,188.65,188.942,0
2026-06-26 23:00:00+00:00,188.95,189.0,188.95,188.9592,0
2026-06-26 23:01:00+00:00,188.99,189.0,188.99,188.99,0
2026-06-26 23:02:00+00:00,188.99,189.0,188.739,188.99,0
2026-06-26 23:03:00+00:00,189.0,189.0,188.89,188.89,0
2026-06-26 23:04:00+00:00,189.0,189.0,188.89,188.9887,0
2026-06-26 23:05:00+00:00,188.99,189.09,188.75,188.75,0
2026-06-26 23:06:00+00:00,189.0,189.0,188.75,189.0,0
2026-06-26 23:07:00+00:00,188.88,189.0,188.75,188.87,0
2026-06-26 23:08:00+00:00,189.0,189.0,188.88,188.96,0
2026-06-26 23:09:00+00:00,188.9,188.96,188.86,188.96,0
2026-06-26 23:10:00+00:00,188.9379,188.96,188.9,188.92,0
2026-06-26 23:11:00+00:00,188.86,188.86,188.82,188.82,0
2026-06-26 23:12:00+00:00,188.9,189.0,188.86,188.9,0
2026-06-26 23:13:00+00:00,188.9,189.0,188.8866,188.8866,0
2026-06-26 23:14:00+00:00,188.8988,189.06,188.8857,189.06,0
2026-06-26 23:15:00+00:00,188.8999,188.8999,188.8857,188.8974,0
2026-06-26 23:16:00+00:00,188.9,188.9,188.8,188.8,0
2026-06-26 23:17:00+00:00,188.9,188.9,188.79,188.7901,0
2026-06-26 23:18:00+00:00,188.8,188.9,188.79,188.9,0
2026-06-26 23:19:00+00:00,188.9,188.9,188.77,188.8988,0
2026-06-26 23:20:00+00:00,188.8,188.9,188.75,188.75,0
2026-06-26 23:21:00+00:00,188.8792,188.9,188.65,188.782,0
2026-06-26 23:22:00+00:00,188.77,188.77,188.66,188.684,0
2026-06-26 23:23:00+00:00,188.9,188.9,188.6801,188.9,0
2026-06-26 23:24:00+00:00,188.89,188.9,188.65,188.9,0
2026-06-26 23:25:00+00:00,188.9,188.9,188.75,188.75,0
2026-06-26 23:26:00+00:00,188.8873,188.9,188.75,188.9,0
2026-06-26 23:27:00+00:00,188.8,188.8713,188.75,188.75,0
2026-06-26 23:28:00+00:00,188.8,188.8488,188.7935,188.7935,0
2026-06-26 23:29:00+00:00,188.79,189.0,188.79,188.9757,0
2026-06-26 23:30:00+00:00,188.95,188.98,188.95,188.95,0
2026-06-26 23:31:00+00:00,189.15,189.174,189.005,189.174,0
2026-06-26 23:32:00+00:00,189.1,189.2,189.099,189.1027,0
2026-06-26 23:33:00+00:00,189.1,189.2,189.1,189.1755,0
2026-06-26 23:34:00+00:00,189.1757,189.2,188.8803,189.1,0
2026-06-26 23:35:00+00:00,189.19,189.19,189.0115,189.15,0
2026-06-26 23:36:00+00:00,189.01,189.5,189.01,189.15,0
2026-06-26 23:37:00+00:00,189.135,189.15,189.01,189.1487,0
2026-06-26 23:38:00+00:00,189.15,189.15,189.13,189.15,0
2026-06-26 23:39:00+00:00,189.14,189.1495,189.02,189.1495,0
2026-06-26 23:40:00+00:00,189.13,189.13,189.04,189.09,0
2026-06-26 23:41:00+00:00,189.09,189.1484,189.0,189.09,0
2026-06-26 23:42:00+00:00,189.09,189.15,188.9,189.0,0
2026-06-26 23:43:00+00:00,189.0,189.09,188.9,189.05,0
2026-06-26 23:44:00+00:00,189.05,189.09,188.974,188.98,0
2026-06-26 23:45:00+00:00,188.99,188.99,188.8917,188.97,0
2026-06-26 23:46:00+00:00,188.98,189.0,188.965,189.0,0
2026-06-26 23:47:00+00:00,189.0,189.09,188.94,189.0,0
2026-06-26 23:48:00+00:00,189.0801,189.1,188.95,188.9985,0
2026-06-26 23:49:00+00:00,189.0,189.0,188.88,188.88,0
2026-06-26 23:50:00+00:00,188.84,189.0,188.79,188.8487,0
2026-06-26 23:51:00+00:00,188.8357,188.8357,188.8,188.8,0
2026-06-26 23:52:00+00:00,188.8,189.0,188.71,188.99,0
2026-06-26 23:53:00+00:00,188.9,189.0,188.826,189.0,0
2026-06-26 23:54:00+00:00,189.0,189.0,188.8,188.97,0
2026-06-26 23:55:00+00:00,188.9593,188.9593,188.8,188.85,0
2026-06-26 23:56:00+00:00,188.8888,188.9,188.68,188.7,0
2026-06-26 23:57:00+00:00,188.7,188.7,188.51,188.7,0
2026-06-26 23:58:00+00:00,188.682,188.7,188.51,188.7,0
2026-06-26 23:59:00+00:00,188.7,188.8,188.54,188.8,0
2026-06-29 08:00:00+00:00,192.0,192.9617,190.01,192.0237,0
2026-06-29 08:01:00+00:00,192.4,193.1,190.0,193.1,0
2026-06-29 08:02:00+00:00,192.31,193.3,192.31,192.72,0
2026-06-29 08:03:00+00:00,193.2261,193.2261,193.0,193.21,0
2026-06-29 08:04:00+00:00,192.95,193.5578,192.3003,193.5578,0
2026-06-29 08:05:00+00:00,193.6999,194.0,193.25,193.8,0
2026-06-29 08:06:00+00:00,193.71,193.8,193.36,193.6775,0
2026-06-29 08:07:00+00:00,193.7,193.7,192.81,193.5808,0
2026-06-29 08:08:00+00:00,193.5,193.5,193.08,193.08,0
2026-06-29 08:09:00+00:00,193.37,193.58,190.22,193.23,0
2026-06-29 08:10:00+00:00,193.35,193.5,193.2,193.5,0
2026-06-29 08:11:00+00:00,193.49,193.49,193.09,193.49,0
2026-06-29 08:12:00+00:00,193.49,193.49,193.0992,193.45,0
2026-06-29 08:13:00+00:00,193.15,193.46,193.12,193.15,0
2026-06-29 08:14:00+00:00,193.23,193.3797,192.8848,193.3797,0
2026-06-29 08:16:00+00:00,193.37,193.37,193.0,193.37,0
2026-06-29 08:17:00+00:00,193.4,193.45,193.3,193.3,0
2026-06-29 08:18:00+00:00,193.3,193.5,193.3,193.5,0
2026-06-29 08:19:00+00:00,193.74,193.94,193.74,193.74,0
2026-06-29 08:20:00+00:00,193.8,194.0,193.7,193.74,0
2026-06-29 08:21:00+00:00,193.74,193.8,193.7,193.8,0
2026-06-29 08:22:00+00:00,193.87,193.92,193.76,193.76,0
2026-06-29 08:23:00+00:00,193.87,194.0,193.7442,193.7442,0
2026-06-29 08:24:00+00:00,193.76,193.9,193.7373,193.85,0
2026-06-29 08:25:00+00:00,193.96,194.1,193.83,194.03,0
2026-06-29 08:26:00+00:00,194.03,194.03,193.74,193.74,0
2026-06-29 08:27:00+00:00,193.81,193.98,193.7,193.98,0
2026-06-29 08:28:00+00:00,193.91,194.1,193.88,193.88,0
2026-06-29 08:29:00+00:00,193.74,194.09,193.74,193.74,0
2026-06-29 08:30:00+00:00,193.7498,193.93,193.7,193.93,0
2026-06-29 08:31:00+00:00,193.8,194.1,193.74,193.86,0
2026-06-29 08:32:00+00:00,194.14,194.14,194.0,194.1,0
2026-06-29 08:33:00+00:00,194.29,194.3178,194.1,194.1,0
2026-06-29 08:34:00+00:00,194.35,194.35,194.19,194.3,0
2026-06-29 08:35:00+00:00,194.33,194.4,194.1103,194.4,0
2026-06-29 08:36:00+00:00,194.31,194.58,194.2476,194.58,0
2026-06-29 08:37:00+00:00,194.35,194.4,194.18,194.4,0
2026-06-29 08:38:00+00:00,194.39,194.4929,194.15,194.4929,0
2026-06-29 08:39:00+00:00,194.39,194.39,193.74,193.74,0
2026-06-29 08:40:00+00:00,193.98,194.0,193.78,194.0,0
2026-06-29 08:41:00+00:00,194.2703,194.29,194.0,194.29,0
2026-06-29 08:42:00+00:00,194.0,194.01,193.77,194.01,0
2026-06-29 08:43:00+00:00,193.94,193.95,193.94,193.95,0
2026-06-29 08:44:00+00:00,193.95,193.98,193.95,193.95,0
2026-06-29 08:45:00+00:00,193.95,193.95,193.8,193.8,0
2026-06-29 08:46:00+00:00,193.7,193.85,193.7,193.85,0
2026-06-29 08:47:00+00:00,193.8,193.87,193.74,193.78,0
2026-06-29 08:48:00+00:00,193.82,193.82,193.75,193.75,0
2026-06-29 08:49:00+00:00,193.74,193.74,193.74,193.74,0
2026-06-29 08:50:00+00:00,193.74,193.76,193.74,193.76,0
2026-06-29 08:51:00+00:00,193.76,193.76,193.74,193.74,0
2026-06-29 08:52:00+00:00,193.74,193.8757,193.74,193.8757,0
2026-06-29 08:54:00+00:00,193.74,193.83,193.7003,193.83,0
2026-06-29 08:55:00+00:00,193.74,193.7993,193.11,193.1592,0
2026-06-29 08:56:00+00:00,193.2,193.5,193.19,193.19,0
2026-06-29 08:57:00+00:00,193.26,193.3707,193.26,193.3707,0
2026-06-29 08:58:00+00:00,193.4236,193.808,193.12,193.12,0
2026-06-29 08:59:00+00:00,193.21,193.21,193.1441,193.1441,0
2026-06-29 09:00:00+00:00,193.24,193.27,193.15,193.15,0
2026-06-29 09:01:00+00:00,193.63,193.63,193.12,193.21,0
2026-06-29 09:02:00+00:00,193.36,194.0,193.36,194.0,0
2026-06-29 09:03:00+00:00,193.5,193.5,193.5,193.5,0
2026-06-29 09:04:00+00:00,193.88,193.88,193.5611,193.88,0
2026-06-29 09:05:00+00:00,193.7,193.978,193.3,193.978,0
2026-06-29 09:06:00+00:00,194.0,194.0,193.9616,193.9616,0
2026-06-29 09:07:00+00:00,193.3,193.3,193.22,193.3,0
2026-06-29 09:08:00+00:00,193.48,193.49,193.3,193.49,0
2026-06-29 09:09:00+00:00,193.49,193.81,193.2,193.2,0
2026-06-29 09:10:00+00:00,193.2,193.2,193.12,193.2,0
2026-06-29 09:11:00+00:00,193.0785,193.8,193.0785,193.25,0
2026-06-29 09:12:00+00:00,193.18,193.39,193.1,193.1,0
2026-06-29 09:13:00+00:00,193.18,193.5,193.0999,193.0999,0
2026-06-29 09:14:00+00:00,193.14,193.14,193.14,193.14,0
2026-06-29 09:15:00+00:00,193.08,193.08,192.9246,192.9246,0
2026-06-29 09:16:00+00:00,192.99,193.2,192.92,192.98,0
2026-06-29 09:17:00+00:00,192.98,192.98,192.98,192.98,0
2026-06-29 09:18:00+00:00,192.99,193.1228,192.99,193.0,0
2026-06-29 09:19:00+00:00,193.16,193.4616,193.16,193.2,0
2026-06-29 09:20:00+00:00,193.36,193.36,193.36,193.36,0
2026-06-29 09:21:00+00:00,193.4,193.4,193.4,193.4,0
2026-06-29 09:22:00+00:00,193.4,193.4,193.4,193.4,0
2026-06-29 09:23:00+00:00,193.5,193.5,193.3754,193.3754,0
2026-06-29 09:24:00+00:00,193.3,193.3,193.3,193.3,0
2026-06-29 09:25:00+00:00,193.2,193.5,193.2,193.5,0
2026-06-29 09:26:00+00:00,193.36,193.36,193.36,193.36,0
2026-06-29 09:27:00+00:00,193.4782,193.4988,193.3,193.39,0
2026-06-29 09:28:00+00:00,193.31,193.39,193.31,193.31,0
2026-06-29 09:29:00+00:00,193.31,193.7707,193.31,193.7707,0
2026-06-29 09:30:00+00:00,193.49,193.49,193.49,193.49,0
2026-06-29 09:31:00+00:00,193.49,193.6,193.35,193.6,0
2026-06-29 09:32:00+00:00,193.6,193.65,193.5,193.6,0
2026-06-29 09:33:00+00:00,193.6,193.71,193.36,193.71,0
2026-06-29 09:34:00+00:00,193.42,193.74,193.26,193.29,0
2026-06-29 09:35:00+00:00,193.76,193.76,193.51,193.51,0
2026-06-29 09:36:00+00:00,193.63,193.74,193.25,193.71,0
2026-06-29 09:37:00+00:00,193.63,193.71,193.46,193.5,0
2026-06-29 09:38:00+00:00,193.5,193.7,193.35,193.7,0
2026-06-29 09:39:00+00:00,193.7,193.75,193.36,193.53,0
2026-06-29 09:40:00+00:00,193.53,193.73,193.44,193.44,0
2026-06-29 09:41:00+00:00,193.7,193.7,193.6,193.7,0
2026-06-29 09:42:00+00:00,193.5003,193.99,193.36,193.99,0
2026-06-29 09:43:00+00:00,193.67,193.93,193.67,193.93,0
2026-06-29 09:44:00+00:00,193.51,193.99,193.25,193.25,0
2026-06-29 09:45:00+00:00,193.8,194.01,193.8,194.0,0
2026-06-29 09:46:00+00:00,193.95,194.24,193.2885,194.24,0
2026-06-29 09:47:00+00:00,194.1111,194.1111,194.1,194.1,0
2026-06-29 09:48:00+00:00,193.95,194.06,193.95,193.95,0
2026-06-29 09:49:00+00:00,193.95,194.2,193.95,194.1,0
2026-06-29 09:50:00+00:00,194.0,194.0,193.98,193.9939,0
2026-06-29 09:51:00+00:00,193.9857,193.9857,193.35,193.36,0
2026-06-29 09:52:00+00:00,193.76,194.1,193.57,193.57,0
2026-06-29 09:53:00+00:00,193.76,194.3988,193.56,193.8,0
2026-06-29 09:54:00+00:00,193.96,194.4715,193.9587,194.0,0
2026-06-29 09:56:00+00:00,194.02,194.23,194.0,194.04,0
2026-06-29 09:57:00+00:00,193.74,194.13,193.68,193.95,0
2026-06-29 09:58:00+00:00,193.95,193.95,193.68,193.68,0
2026-06-29 09:59:00+00:00,193.7,194.25,193.51,194.2115,0
2026-06-29 10:00:00+00:00,194.16,194.4,193.72,194.25,0
2026-06-29 10:01:00+00:00,193.8,194.0,193.76,194.0,0
2026-06-29 10:02:00+00:00,194.23,194.4,194.11,194.2,0
2026-06-29 10:03:00+00:00,194.0,194.0,194.0,194.0,0
2026-06-29 10:04:00+00:00,194.03,194.03,194.03,194.03,0
2026-06-29 10:05:00+00:00,194.03,194.03,194.03,194.03,0
2026-06-29 10:06:00+00:00,194.4652,194.4652,194.082,194.082,0
2026-06-29 10:07:00+00:00,194.2,194.2,194.2,194.2,0
2026-06-29 10:08:00+00:00,194.42,194.42,194.42,194.42,0
2026-06-29 10:09:00+00:00,194.4275,194.4275,194.42,194.42,0
2026-06-29 10:10:00+00:00,194.42,194.42,194.25,194.38,0
2026-06-29 10:11:00+00:00,194.51,194.51,194.51,194.51,0
2026-06-29 10:12:00+00:00,194.47,194.5,194.47,194.5,0
2026-06-29 10:13:00+00:00,194.25,194.4285,194.2,194.2,0
2026-06-29 10:14:00+00:00,194.16,194.2,194.08,194.08,0
2026-06-29 10:15:00+00:00,194.1988,194.1988,194.06,194.06,0
2026-06-29 10:16:00+00:00,194.12,194.2,194.02,194.2,0
2026-06-29 10:17:00+00:00,194.03,194.12,194.03,194.07,0
2026-06-29 10:18:00+00:00,194.03,194.35,194.03,194.2,0
2026-06-29 10:19:00+00:00,194.06,194.17,194.03,194.17,0
2026-06-29 10:20:00+00:00,194.22,194.22,194.19,194.19,0
2026-06-29 10:21:00+00:00,194.29,194.35,194.29,194.35,0
2026-06-29 10:22:00+00:00,194.29,194.5,194.2,194.36,0
2026-06-29 10:23:00+00:00,194.265,194.265,194.265,194.265,0
2026-06-29 10:24:00+00:00,194.2,194.2,194.2,194.2,0
2026-06-29 10:25:00+00:00,194.09,194.22,194.0417,194.22,0
2026-06-29 10:26:00+00:00,194.19,194.19,193.75,193.75,0
2026-06-29 10:27:00+00:00,193.7687,193.79,193.7687,193.79,0
2026-06-29 10:28:00+00:00,193.9,194.0,193.9,194.0,0
2026-06-29 10:29:00+00:00,193.9313,194.5,193.9313,194.5,0
2026-06-29 10:30:00+00:00,194.4,194.4739,194.0,194.3377,0
2026-06-29 10:31:00+00:00,194.35,194.35,193.9313,194.35,0
2026-06-29 10:32:00+00:00,194.0056,194.0056,193.75,194.0,0
2026-06-29 10:33:00+00:00,194.0,194.0,193.99,193.99,0
2026-06-29 10:34:00+00:00,194.0,194.0,193.97,193.97,0
2026-06-29 10:35:00+00:00,194.36,194.4,194.35,194.4,0
2026-06-29 10:36:00+00:00,194.0,194.11,194.0,194.11,0
2026-06-29 10:37:00+00:00,194.0,194.07,194.0,194.07,0
2026-06-29 10:38:00+00:00,194.2,194.2,194.2,194.2,0
2026-06-29 10:39:00+00:00,194.5,194.5,194.26,194.26,0
2026-06-29 10:40:00+00:00,194.26,194.26,194.26,194.26,0
2026-06-29 10:41:00+00:00,194.49,194.49,194.21,194.3277,0
2026-06-29 10:42:00+00:00,194.24,194.4,194.24,194.4,0
2026-06-29 10:43:00+00:00,194.13,194.4,194.0,194.4,0
2026-06-29 10:44:00+00:00,194.05,194.05,193.9,193.9,0
2026-06-29 10:45:00+00:00,194.0,194.0,193.8,193.8,0
2026-06-29 10:46:00+00:00,193.8,194.0,193.8,194.0,0
2026-06-29 10:47:00+00:00,193.8,194.3615,193.68,193.79,0
2026-06-29 10:48:00+00:00,194.0,194.0,194.0,194.0,0
2026-06-29 10:49:00+00:00,193.51,194.0,193.51,194.0,0
2026-06-29 10:50:00+00:00,193.65,193.9677,193.65,193.78,0
2026-06-29 10:51:00+00:00,193.78,193.8,193.78,193.8,0
2026-06-29 10:52:00+00:00,193.7,193.73,193.5261,193.7,0
2026-06-29 10:53:00+00:00,193.81,193.9582,193.5,193.685,0
2026-06-29 10:54:00+00:00,193.4123,193.9677,193.4123,193.9,0
2026-06-29 10:55:00+00:00,193.5158,193.8,193.4123,193.77,0
2026-06-29 10:56:00+00:00,193.5,193.9677,193.35,193.35,0
2026-06-29 10:57:00+00:00,193.9661,193.9837,193.45,193.9837,0
2026-06-29 10:58:00+00:00,194.0,194.0,193.3839,193.78,0
2026-06-29 10:59:00+00:00,193.9106,193.9661,193.91,193.9661,0
2026-06-29 11:00:00+00:00,193.53,193.99,193.0,193.69,0
2026-06-29 11:01:00+00:00,193.33,193.8,192.58,192.92,0
2026-06-29 11:02:00+00:00,192.74,193.2935,192.6665,192.6665,0
2026-06-29 11:03:00+00:00,193.25,193.2971,192.7559,193.2971,0
2026-06-29 11:04:00+00:00,193.18,193.49,192.8244,193.42,0
2026-06-29 11:05:00+00:00,193.14,193.5,192.7858,193.49,0
2026-06-29 11:06:00+00:00,193.34,193.5,192.8,193.35,0
2026-06-29 11:07:00+00:00,193.41,193.41,192.95,193.0,0
2026-06-29 11:08:00+00:00,192.99,193.25,192.99,193.25,0
2026-06-29 11:09:00+00:00,193.25,193.28,193.0,193.12,0
2026-06-29 11:10:00+00:00,193.1,193.2688,192.66,193.2688,0
2026-06-29 11:11:00+00:00,193.0,193.2,192.7668,192.7668,0
2026-06-29 11:12:00+00:00,193.1259,193.2,192.75,192.99,0
2026-06-29 11:13:00+00:00,192.58,192.8,192.35,192.64,0
2026-06-29 11:14:00+00:00,192.95,192.95,192.5,192.85,0
2026-06-29 11:15:00+00:00,192.7716,192.85,192.43,192.43,0
2026-06-29 11:16:00+00:00,192.35,192.95,192.35,192.8374,0
2026-06-29 11:17:00+00:00,192.76,192.83,192.46,192.64,0
2026-06-29 11:18:00+00:00,192.44,192.9,192.3,192.47,0
2026-06-29 11:19:00+00:00,192.4,192.61,192.13,192.4,0
2026-06-29 11:20:00+00:00,192.39,192.88,192.24,192.6,0
2026-06-29 11:21:00+00:00,192.5,192.7,192.3765,192.51,0
2026-06-29 11:22:00+00:00,192.5709,192.8,192.5709,192.6187,0
2026-06-29 11:23:00+00:00,192.62,192.7,192.61,192.7,0
2026-06-29 11:24:00+00:00,192.69,192.7,192.69,192.7,0
2026-06-29 11:25:00+00:00,192.7,192.8915,192.66,192.8915,0
2026-06-29 11:26:00+00:00,192.97,193.11,192.6085,193.11,0
2026-06-29 11:27:00+00:00,193.5,193.5,193.05,193.0924,0
2026-06-29 11:28:00+00:00,193.141,193.18,193.05,193.05,0
2026-06-29 11:29:00+00:00,193.1127,193.5,193.1127,193.25,0
2026-06-29 11:30:00+00:00,193.24,193.5,193.12,193.14,0
2026-06-29 11:31:00+00:00,193.8,193.8,193.05,193.12,0
2026-06-29 11:32:00+00:00,193.5533,193.6999,193.05,193.56,0
2026-06-29 11:33:00+00:00,193.1368,193.4557,193.0627,193.4557,0
2026-06-29 11:34:00+00:00,193.35,193.56,193.35,193.56,0
2026-06-29 11:35:00+00:00,193.56,193.56,193.2708,193.2708,0
2026-06-29 11:36:00+00:00,193.5626,193.7,193.55,193.55,0
2026-06-29 11:37:00+00:00,193.5,193.5,193.1735,193.25,0
2026-06-29 11:38:00+00:00,193.7,193.7,193.25,193.25,0
2026-06-29 11:39:00+00:00,193.27,193.4,193.14,193.15,0
2026-06-29 11:40:00+00:00,193.1,193.56,193.1,193.56,0
2026-06-29 11:41:00+00:00,193.4937,193.4937,193.05,193.4,0
2026-06-29 11:42:00+00:00,193.4,193.45,193.06,193.16,0
2026-06-29 11:43:00+00:00,193.4,193.4,193.0,193.0,0
2026-06-29 11:44:00+00:00,193.18,193.4739,192.98,192.98,0
2026-06-29 11:45:00+00:00,193.19,193.3338,192.94,193.29,0
2026-06-29 11:46:00+00:00,193.2,193.3,193.0,193.0,0
2026-06-29 11:47:00+00:00,193.0,193.21,193.0,193.21,0
2026-06-29 11:48:00+00:00,193.21,193.4282,193.21,193.4282,0
2026-06-29 11:49:00+00:00,193.25,193.5,193.25,193.5,0
2026-06-29 11:50:00+00:00,193.5,193.5,193.16,193.16,0
2026-06-29 11:51:00+00:00,193.4616,193.5,193.0,193.0,0
2026-06-29 11:52:00+00:00,193.24,193.5,193.0,193.0,0
2026-06-29 11:53:00+00:00,193.5,193.5,193.0,193.5,0
2026-06-29 11:54:00+00:00,193.3,193.5,193.25,193.25,0
2026-06-29 11:55:00+00:00,193.0,193.0,192.92,192.92,0
2026-06-29 11:56:00+00:00,193.0,193.305,193.0,193.3,0
2026-06-29 11:57:00+00:00,193.5,193.5,192.85,192.85,0
2026-06-29 11:58:00+00:00,193.4,193.4,193.0,193.2,0
2026-06-29 11:59:00+00:00,193.2,193.2,192.7,192.7,0
2026-06-29 12:00:00+00:00,192.7664,192.99,192.75,192.99,0
2026-06-29 12:01:00+00:00,193.34,193.34,192.3,192.6925,0
2026-06-29 12:02:00+00:00,192.51,192.7375,192.51,192.54,0
2026-06-29 12:03:00+00:00,192.73,192.73,192.3,192.54,0
2026-06-29 12:04:00+00:00,192.56,192.8,192.56,192.56,0
2026-06-29 12:05:00+00:00,192.6,192.78,192.6,192.78,0
2026-06-29 12:06:00+00:00,192.78,192.989,192.62,192.88,0
2026-06-29 12:07:00+00:00,192.88,193.2,192.83,192.83,0
2026-06-29 12:08:00+00:00,192.94,192.95,192.85,192.87,0
2026-06-29 12:09:00+00:00,193.0,193.0244,192.8,193.0244,0
2026-06-29 12:10:00+00:00,193.02,193.02,192.9,193.0,0
2026-06-29 12:11:00+00:00,193.0,193.0,192.6513,192.81,0
2026-06-29 12:12:00+00:00,192.81,193.0,192.76,192.91,0
2026-06-29 12:13:00+00:00,192.98,193.4,192.75,193.0021,0
2026-06-29 12:14:00+00:00,193.39,193.4,193.0576,193.4,0
2026-06-29 12:15:00+00:00,193.0,193.4,192.75,193.0,0
2026-06-29 12:16:00+00:00,193.1,193.3155,193.0,193.0,0
2026-06-29 12:17:00+00:00,193.2,193.2,193.0,193.0609,0
2026-06-29 12:18:00+00:00,193.0609,193.0609,192.95,193.0,0
2026-06-29 12:19:00+00:00,192.95,193.0688,192.8844,193.0688,0
2026-06-29 12:20:00+00:00,193.0,193.07,192.91,192.95,0
2026-06-29 12:21:00+00:00,192.88,193.05,192.72,192.75,0
2026-06-29 12:22:00+00:00,192.9038,192.9797,192.62,192.81,0
2026-06-29 12:23:00+00:00,192.91,193.0,192.6651,192.76,0
2026-06-29 12:24:00+00:00,192.76,193.0,192.59,193.0,0
2026-06-29 12:25:00+00:00,192.68,192.91,192.599,192.599,0
2026-06-29 12:26:00+00:00,192.57,192.9428,192.5,192.5,0
2026-06-29 12:27:00+00:00,192.36,192.88,192.36,192.63,0
2026-06-29 12:28:00+00:00,192.63,192.8,192.4787,192.48,0
2026-06-29 12:29:00+00:00,192.31,192.5,192.31,192.49,0
2026-06-29 12:30:00+00:00,192.47,192.47,192.15,192.1681,0
2026-06-29 12:31:00+00:00,192.11,192.5,192.02,192.3952,0
2026-06-29 12:32:00+00:00,192.01,192.3,192.01,192.3,0
2026-06-29 12:33:00+00:00,192.3,192.3,192.14,192.187,0
2026-06-29 12:34:00+00:00,192.15,192.22,192.05,192.05,0
2026-06-29 12:35:00+00:00,192.1836,192.5,192.1836,192.5,0
2026-06-29 12:36:00+00:00,192.3104,192.4999,192.1533,192.4001,0
2026-06-29 12:37:00+00:00,192.39,192.39,192.1,192.3,0
2026-06-29 12:38:00+00:00,192.0,192.4,191.6,192.4,0
2026-06-29 12:39:00+00:00,191.56,192.0,191.56,191.9415,0
2026-06-29 12:40:00+00:00,191.8,192.0,191.65,191.76,0
2026-06-29 12:41:00+00:00,191.76,192.0,191.28,191.5,0
2026-06-29 12:42:00+00:00,191.49,191.85,191.38,191.76,0
2026-06-29 12:43:00+00:00,191.64,192.4,191.64,191.848,0
2026-06-29 12:44:00+00:00,192.0,192.0,191.3214,191.68,0
2026-06-29 12:45:00+00:00,191.99,191.99,191.65,191.65,0
2026-06-29 12:46:00+00:00,191.5,191.96,191.5,191.96,0
2026-06-29 12:47:00+00:00,192.4,192.5,192.01,192.3,0
2026-06-29 12:48:00+00:00,192.0,192.29,191.7,191.9,0
2026-06-29 12:49:00+00:00,191.67,191.9817,191.67,191.6996,0
2026-06-29 12:50:00+00:00,191.99,192.39,191.86,192.39,0
2026-06-29 12:51:00+00:00,192.2997,192.5,191.85,191.85,0
2026-06-29 12:52:00+00:00,191.85,192.3135,191.85,192.12,0
2026-06-29 12:53:00+00:00,192.12,192.12,191.72,191.72,0
2026-06-29 12:54:00+00:00,191.97,192.35,191.73,192.3,0
2026-06-29 12:55:00+00:00,192.0,192.1,192.0,192.1,0
2026-06-29 12:56:00+00:00,192.1,192.1,191.8,192.1,0
2026-06-29 12:57:00+00:00,192.22,192.22,192.22,192.22,0
2026-06-29 12:58:00+00:00,192.1,192.3375,192.1,192.24,0
2026-06-29 12:59:00+00:00,192.3437,192.35,192.3,192.35,0
2026-06-29 13:00:00+00:00,192.3,192.4,192.12,192.12,0
2026-06-29 13:01:00+00:00,192.37,192.45,192.18,192.45,0
2026-06-29 13:02:00+00:00,192.45,192.5,192.1,192.45,0
2026-06-29 13:03:00+00:00,192.2,192.4823,192.12,192.12,0
2026-06-29 13:04:00+00:00,192.35,192.5,191.9,192.422,0
2026-06-29 13:05:00+00:00,191.9,192.5,191.66,192.5,0
2026-06-29 13:06:00+00:00,192.0,192.88,192.0,192.88,0
2026-06-29 13:07:00+00:00,192.5,192.8,192.05,192.05,0
2026-06-29 13:08:00+00:00,192.8,192.8,192.16,192.16,0
2026-06-29 13:09:00+00:00,192.78,192.78,192.3607,192.69,0
2026-06-29 13:10:00+00:00,192.6221,192.69,192.36,192.59,0
2026-06-29 13:11:00+00:00,192.59,192.6,192.4,192.5736,0
2026-06-29 13:12:00+00:00,192.6,192.868,192.6,192.7,0
2026-06-29 13:13:00+00:00,192.88,192.88,192.47,192.7,0
2026-06-29 13:14:00+00:00,192.7,192.8,192.49,192.5,0
2026-06-29 13:15:00+00:00,192.5,192.6938,192.4,192.6938,0
2026-06-29 13:16:00+00:00,192.4,192.88,192.3782,192.8,0
2026-06-29 13:17:00+00:00,192.4,192.68,192.4,192.5,0
2026-06-29 13:18:00+00:00,192.3199,192.5,192.3199,192.3807,0
2026-06-29 13:19:00+00:00,192.5,192.5,192.38,192.4826,0
2026-06-29 13:20:00+00:00,192.5,192.5,192.21,192.3465,0
2026-06-29 13:21:00+00:00,192.21,192.4252,192.21,192.35,0
2026-06-29 13:22:00+00:00,192.2195,192.35,192.2,192.23,0
2026-06-29 13:23:00+00:00,192.23,192.2301,192.1,192.1,0
2026-06-29 13:24:00+00:00,192.17,192.4,192.1,192.37,0
2026-06-29 13:25:00+00:00,192.4,192.77,192.05,192.37,0
2026-06-29 13:26:00+00:00,192.25,192.8,192.2,192.7,0
2026-06-29 13:27:00+00:00,192.36,193.24,192.36,193.08,0
2026-06-29 13:28:00+00:00,192.99,193.4,192.99,193.15,0
2026-06-29 13:29:00+00:00,193.14,193.27,192.8,193.26,0
2026-06-29 13:30:00+00:00,193.0,193.89500427246094,192.81500244140625,193.44000244140625,1093302
2026-06-29 13:31:00+00:00,192.97999572753906,193.89999389648438,192.0,192.30999755859375,238314
2026-06-29 13:32:00+00:00,192.5449981689453,192.8300018310547,190.61000061035156,191.05499267578125,100612
2026-06-29 13:33:00+00:00,191.10000610351562,192.00999450683594,190.77000427246094,191.6699981689453,46665
2026-06-29 13:34:00+00:00,191.875,192.1999969482422,191.63999938964844,191.9949951171875,114904
2026-06-29 13:35:00+00:00,191.88999938964844,191.9499969482422,191.21499633789062,191.38999938964844,49226
2026-06-29 13:36:00+00:00,191.38999938964844,191.38999938964844,190.2100067138672,190.78030395507812,63339
2026-06-29 13:37:00+00:00,190.5500030517578,190.77000427246094,189.7100067138672,190.2050018310547,247598
2026-06-29 13:38:00+00:00,190.19000244140625,190.19000244140625,189.4199981689453,189.83749389648438,167342
2026-06-29 13:39:00+00:00,189.86000061035156,190.4499969482422,189.63499450683594,189.86500549316406,221932
2026-06-29 13:40:00+00:00,189.75999450683594,190.4499969482422,189.15499877929688,189.47500610351562,284972
2026-06-29 13:41:00+00:00,189.42999267578125,189.6699981689453,188.4600067138672,188.4600067138672,229168
2026-06-29 13:42:00+00:00,188.44659423828125,188.9199981689453,187.86000061035156,188.3800048828125,88428
2026-06-29 13:43:00+00:00,188.30499267578125,189.24000549316406,188.25999450683594,188.8300018310547,43420
2026-06-29 13:44:00+00:00,188.91000366210938,190.0,188.6999969482422,189.90989685058594,120778
2026-06-29 13:45:00+00:00,189.80999755859375,190.5800018310547,189.24000549316406,190.3800048828125,74272
2026-06-29 13:46:00+00:00,190.4250030517578,190.50999450683594,189.86000061035156,190.02999877929688,47943
2026-06-29 13:47:00+00:00,189.89999389648438,190.92750549316406,189.50999450683594,190.61000061035156,51077
2026-06-29 13:48:00+00:00,190.4499969482422,190.4499969482422,189.6699981689453,190.0,47684
2026-06-29 13:49:00+00:00,190.17999267578125,190.8699951171875,189.8000030517578,190.20010375976562,28268
2026-06-29 13:50:00+00:00,190.1999969482422,190.5,189.16000366210938,190.39999389648438,42309
2026-06-29 13:51:00+00:00,190.39999389648438,191.24000549316406,190.16000366210938,190.47999572753906,47130
2026-06-29 13:52:00+00:00,190.25999450683594,190.86480712890625,190.1300048828125,190.27000427246094,22598
2026-06-29 13:53:00+00:00,190.27999877929688,190.85000610351562,190.17999267578125,190.65750122070312,22484
2026-06-29 13:54:00+00:00,190.6699981689453,190.69000244140625,190.08999633789062,190.39999389648438,19740
2026-06-29 13:55:00+00:00,190.35000610351562,190.66000366210938,189.3300018310547,189.4600067138672,52976
2026-06-29 13:56:00+00:00,189.4600067138672,189.75,188.10000610351562,188.61500549316406,48815
2026-06-29 13:57:00+00:00,188.47999572753906,188.50999450683594,187.42999267578125,187.69500732421875,103038
2026-06-29 13:58:00+00:00,187.67999267578125,188.64500427246094,187.5,188.42010498046875,44128
2026-06-29 13:59:00+00:00,188.39999389648438,189.35000610351562,188.33999633789062,189.05599975585938,21481
2026-06-29 14:00:00+00:00,189.00999450683594,189.19900512695312,188.1199951171875,188.4199981689453,32617
2026-06-29 14:01:00+00:00,188.62899780273438,189.02999877929688,188.0800018310547,188.33999633789062,24060
2026-06-29 14:02:00+00:00,188.2949981689453,188.61500549316406,188.0,188.50999450683594,34782
2026-06-29 14:03:00+00:00,188.63999938964844,189.19760131835938,188.52000427246094,188.72999572753906,26766
2026-06-29 14:04:00+00:00,188.7100067138672,188.94000244140625,188.2725067138672,188.49000549316406,21825
2026-06-29 14:05:00+00:00,188.35000610351562,188.4149932861328,187.60000610351562,187.6699981689453,36397
2026-06-29 14:06:00+00:00,187.69500732421875,188.14999389648438,187.1800994873047,187.1800994873047,38677
2026-06-29 14:07:00+00:00,187.47000122070312,187.60000610351562,186.72999572753906,186.80999755859375,48161
2026-06-29 14:08:00+00:00,186.7899932861328,186.88999938964844,186.4320068359375,186.52999877929688,36173
2026-06-29 14:09:00+00:00,186.63999938964844,186.85000610351562,186.13999938964844,186.44000244140625,44833
2026-06-29 14:10:00+00:00,186.49000549316406,186.88999938964844,186.10000610351562,186.1999969482422,35016
2026-06-29 14:11:00+00:00,186.00999450683594,186.89999389648438,186.00999450683594,186.3000030517578,47693
2026-06-29 14:12:00+00:00,186.10000610351562,186.17999267578125,185.3000030517578,185.3000030517578,56950
2026-06-29 14:13:00+00:00,185.40499877929688,185.40499877929688,184.4499969482422,184.50999450683594,173763
2026-06-29 14:14:00+00:00,184.5,184.77999877929688,184.27999877929688,184.3800048828125,49272
2026-06-29 14:15:00+00:00,184.3000030517578,184.71499633789062,183.89759826660156,184.71499633789062,69519
2026-06-29 14:16:00+00:00,184.77999877929688,185.12989807128906,183.7100067138672,183.8699951171875,45807
2026-06-29 14:17:00+00:00,183.92799377441406,184.35000610351562,183.60000610351562,183.71499633789062,47685
2026-06-29 14:18:00+00:00,183.91000366210938,184.16000366210938,183.5800018310547,183.86000061035156,43006
2026-06-29 14:19:00+00:00,183.97999572753906,185.77999877929688,183.9199981689453,185.6649932861328,34478
2026-06-29 14:20:00+00:00,185.6649932861328,185.86000061035156,185.27000427246094,185.6999969482422,35838
2026-06-29 14:21:00+00:00,185.71890258789062,186.42999267578125,185.5,186.38999938964844,33310
2026-06-29 14:22:00+00:00,186.61000061035156,187.06500244140625,186.32000732421875,186.3300018310547,28131
2026-06-29 14:23:00+00:00,186.3699951171875,186.3699951171875,185.67999267578125,185.9499969482422,33954
2026-06-29 14:24:00+00:00,185.80999755859375,186.99989318847656,185.6199951171875,186.63999938964844,26038
2026-06-29 14:25:00+00:00,186.80999755859375,187.4600067138672,186.67999267578125,186.72000122070312,26421
2026-06-29 14:26:00+00:00,186.72000122070312,187.58900451660156,186.6136932373047,187.32000732421875,28770
2026-06-29 14:27:00+00:00,187.41000366210938,188.85000610351562,187.38999938964844,187.69000244140625,54118
2026-06-29 14:28:00+00:00,187.6199951171875,188.02999877929688,187.22999572753906,188.02999877929688,24029
2026-06-29 14:29:00+00:00,188.11000061035156,188.33999633789062,187.77499389648438,188.33999633789062,32935
2026-06-29 14:30:00+00:00,188.21499633789062,188.63999938964844,187.9499969482422,188.02000427246094,41343
2026-06-29 14:31:00+00:00,188.00999450683594,188.39999389648438,187.69000244140625,188.07000732421875,30972
2026-06-29 14:32:00+00:00,188.10000610351562,188.1750030517578,186.88999938964844,187.25,44811
2026-06-29 14:33:00+00:00,187.19000244140625,188.0800018310547,187.19000244140625,187.88499450683594,26258
2026-06-29 14:34:00+00:00,187.8000030517578,188.0,187.1999969482422,187.42999267578125,24429
2026-06-29 14:35:00+00:00,187.43499755859375,187.63999938964844,187.14999389648438,187.2899932861328,23632
2026-06-29 14:36:00+00:00,187.36500549316406,187.38499450683594,186.67999267578125,186.7449951171875,36914
2026-06-29 14:37:00+00:00,186.63999938964844,187.0800018310547,186.302001953125,187.03500366210938,24573
2026-06-29 14:38:00+00:00,187.34500122070312,187.60000610351562,186.75,186.8800048828125,20296
2026-06-29 14:39:00+00:00,187.0500030517578,187.25999450683594,186.75,187.0800018310547,32267
2026-06-29 14:40:00+00:00,187.11000061035156,187.15499877929688,186.8000030517578,187.0800018310547,25142
2026-06-29 14:41:00+00:00,187.10499572753906,187.25999450683594,186.6300048828125,186.6300048828125,35376
2026-06-29 14:42:00+00:00,186.5800018310547,187.0,186.57000732421875,186.75,21869
2026-06-29 14:43:00+00:00,186.67999267578125,187.1699981689453,186.67999267578125,186.875,32429
2026-06-29 14:44:00+00:00,186.8699951171875,187.25,186.61000061035156,187.13999938964844,48774
2026-06-29 14:45:00+00:00,187.13999938964844,187.14990234375,186.72000122070312,187.13999938964844,20472
2026-06-29 14:46:00+00:00,187.25,187.3249969482422,186.5399932861328,186.7100067138672,28908
2026-06-29 14:47:00+00:00,186.57000732421875,186.86610412597656,186.0399932861328,186.1300048828125,27748
2026-06-29 14:48:00+00:00,186.02000427246094,186.07000732421875,185.22000122070312,185.38499450683594,100043
2026-06-29 14:49:00+00:00,185.38510131835938,186.80999755859375,185.3699951171875,186.80999755859375,72877
2026-06-29 14:50:00+00:00,186.6199951171875,187.60000610351562,186.38999938964844,187.46009826660156,26855
2026-06-29 14:51:00+00:00,187.25010681152344,187.8126983642578,187.25,187.47000122070312,20585
2026-06-29 14:52:00+00:00,187.59500122070312,187.81500244140625,187.42010498046875,187.57009887695312,17473
2026-06-29 14:53:00+00:00,187.75,188.3800048828125,187.58999633789062,188.3800048828125,18650
2026-06-29 14:54:00+00:00,188.43739318847656,189.02000427246094,188.36219787597656,188.77999877929688,20311
2026-06-29 14:55:00+00:00,188.66600036621094,189.0699005126953,188.3699951171875,188.9949951171875,21834
2026-06-29 14:56:00+00:00,189.07000732421875,189.24000549316406,188.7946014404297,189.0399932861328,21863
2026-06-29 14:57:00+00:00,189.0399932861328,189.2050018310547,188.610107421875,188.8300018310547,27005
2026-06-29 14:58:00+00:00,188.94000244140625,188.97000122070312,188.2899932861328,188.64500427246094,22823
2026-06-29 14:59:00+00:00,188.78990173339844,188.90499877929688,188.60000610351562,188.89999389648438,13927
2026-06-29 15:00:00+00:00,189.0,189.44000244140625,188.7528076171875,188.97000122070312,28285
2026-06-29 15:01:00+00:00,188.9949951171875,189.13999938964844,188.67999267578125,189.13999938964844,20732
2026-06-29 15:02:00+00:00,189.00999450683594,189.1300048828125,188.69000244140625,188.97999572753906,26028
2026-06-29 15:03:00+00:00,188.94000244140625,189.10000610351562,188.67999267578125,188.9949951171875,15696
2026-06-29 15:04:00+00:00,188.9600067138672,188.9600067138672,188.47999572753906,188.5399932861328,20704
2026-06-29 15:05:00+00:00,188.44000244140625,188.88999938964844,188.25999450683594,188.63999938964844,43254
2026-06-29 15:06:00+00:00,188.50999450683594,188.91000366210938,188.50999450683594,188.64500427246094,26151
2026-06-29 15:07:00+00:00,188.6699981689453,189.22000122070312,188.55999755859375,188.97000122070312,20992
2026-06-29 15:08:00+00:00,189.1199951171875,189.58999633789062,189.1199951171875,189.41000366210938,39044
2026-06-29 15:09:00+00:00,189.42999267578125,190.1699981689453,189.30999755859375,189.82009887695312,55609
2026-06-29 15:10:00+00:00,189.82000732421875,189.9199981689453,189.35000610351562,189.56500244140625,34749
2026-06-29 15:11:00+00:00,189.3699951171875,189.4600067138672,189.16000366210938,189.3000030517578,19300
2026-06-29 15:12:00+00:00,189.16000366210938,189.58999633789062,189.0500946044922,189.4600067138672,13383
2026-06-29 15:13:00+00:00,189.4600067138672,189.6199951171875,189.41009521484375,189.55499267578125,19048
2026-06-29 15:14:00+00:00,189.55499267578125,189.92999267578125,189.35000610351562,189.8300018310547,28828
2026-06-29 15:15:00+00:00,189.72999572753906,190.14990234375,189.66000366210938,190.14500427246094,28912
2026-06-29 15:16:00+00:00,190.25,190.30209350585938,189.63999938964844,189.8800048828125,22994
2026-06-29 15:17:00+00:00,189.92999267578125,190.0850067138672,189.60000610351562,189.60000610351562,19210
2026-06-29 15:18:00+00:00,189.60000610351562,189.6649932861328,189.32000732421875,189.56500244140625,16679
2026-06-29 15:19:00+00:00,189.5500030517578,189.60000610351562,189.3000030517578,189.60000610351562,13845
2026-06-29 15:20:00+00:00,189.4600067138672,189.70989990234375,189.32000732421875,189.44500732421875,21847
2026-06-29 15:21:00+00:00,189.3699951171875,189.8000030517578,189.3699951171875,189.64999389648438,29036
2026-06-29 15:22:00+00:00,189.65499877929688,189.80999755859375,189.3300018310547,189.4499969482422,28885
2026-06-29 15:23:00+00:00,189.44000244140625,189.72999572753906,189.35499572753906,189.46499633789062,14705
2026-06-29 15:24:00+00:00,189.3000030517578,189.99000549316406,189.3000030517578,189.67999267578125,311325
2026-06-29 15:25:00+00:00,189.99000549316406,190.05999755859375,189.72000122070312,190.01559448242188,25820
2026-06-29 15:26:00+00:00,190.0,190.36000061035156,190.0,190.2899932861328,26370
2026-06-29 15:27:00+00:00,190.2550048828125,190.47000122070312,190.2550048828125,190.3800048828125,17219
2026-06-29 15:28:00+00:00,190.4799041748047,190.5500030517578,190.13999938964844,190.1999969482422,64916
2026-06-29 15:29:00+00:00,190.39999389648438,190.75999450683594,190.39999389648438,190.47000122070312,27649
2026-06-29 15:30:00+00:00,190.60499572753906,191.10499572753906,190.60000610351562,191.00250244140625,28648
2026-06-29 15:31:00+00:00,190.91000366210938,191.24000549316406,190.88999938964844,191.00999450683594,19366
2026-06-29 15:32:00+00:00,191.0749969482422,191.16000366210938,190.63999938964844,190.74000549316406,23906
2026-06-29 15:33:00+00:00,190.8300018310547,190.8300018310547,190.35000610351562,190.7899932861328,18608
2026-06-29 15:34:00+00:00,190.79510498046875,191.0050048828125,190.7899932861328,190.89999389648438,10932
2026-06-29 15:35:00+00:00,190.8300018310547,190.8350067138672,190.4499969482422,190.75999450683594,1448481
2026-06-29 15:36:00+00:00,190.55999755859375,191.01300048828125,190.5399932861328,190.6999969482422,18324
2026-06-29 15:37:00+00:00,190.8300018310547,191.2550048828125,190.8300018310547,191.2050018310547,42067
2026-06-29 15:38:00+00:00,191.14999389648438,191.44000244140625,191.11000061035156,191.22999572753906,22799
2026-06-29 15:39:00+00:00,191.22000122070312,191.3000030517578,191.0749969482422,191.3000030517578,12238
2026-06-29 15:40:00+00:00,191.28500366210938,191.2949981689453,190.7899932861328,191.0800018310547,19225
2026-06-29 15:41:00+00:00,190.92999267578125,191.36000061035156,190.88999938964844,191.36000061035156,8981
2026-06-29 15:42:00+00:00,191.3800048828125,191.6699981689453,191.36000061035156,191.48500061035156,49717
2026-06-29 15:43:00+00:00,191.47999572753906,191.5800018310547,191.25,191.50999450683594,16364
2026-06-29 15:44:00+00:00,191.61000061035156,191.92990112304688,191.61000061035156,191.77999877929688,24817
2026-06-29 15:45:00+00:00,191.72000122070312,191.72000122070312,191.49000549316406,191.61500549316406,19117
2026-06-29 15:46:00+00:00,191.72000122070312,191.72000122070312,191.41000366210938,191.63999938964844,17216
2026-06-29 15:47:00+00:00,191.47999572753906,191.72000122070312,191.4199981689453,191.7050018310547,15445
2026-06-29 15:48:00+00:00,191.72999572753906,191.77000427246094,191.4600067138672,191.60499572753906,16648
2026-06-29 15:49:00+00:00,191.5800018310547,191.8350067138672,191.5,191.7550048828125,18642
2026-06-29 15:50:00+00:00,191.77999877929688,191.83999633789062,191.6699981689453,191.79010009765625,18115
2026-06-29 15:51:00+00:00,191.7899932861328,192.0050048828125,191.73049926757812,191.82000732421875,27220
2026-06-29 15:52:00+00:00,191.77000427246094,191.8800048828125,191.7100067138672,191.8300018310547,14184
2026-06-29 15:53:00+00:00,191.75999450683594,192.11000061035156,191.75999450683594,191.85000610351562,29743
2026-06-29 15:54:00+00:00,191.9600067138672,191.99000549316406,191.7301025390625,191.9550018310547,11527
2026-06-29 15:55:00+00:00,191.7899932861328,191.7899932861328,191.47000122070312,191.5800018310547,19185
2026-06-29 15:56:00+00:00,191.67999267578125,191.67999267578125,191.22999572753906,191.48500061035156,25230
2026-06-29 15:57:00+00:00,191.39999389648438,191.72999572753906,191.25,191.72999572753906,19002
2026-06-29 15:58:00+00:00,191.69000244140625,191.72999572753906,191.50999450683594,191.50999450683594,11518
2026-06-29 15:59:00+00:00,191.50999450683594,191.74000549316406,191.3800048828125,191.74000549316406,21136
2026-06-29 16:00:00+00:00,191.64999389648438,191.8699951171875,191.64999389648438,191.77999877929688,14321
2026-06-29 16:01:00+00:00,191.78500366210938,191.78500366210938,191.66000366210938,191.73500061035156,24300
2026-06-29 16:02:00+00:00,191.66000366210938,191.7899932861328,191.50999450683594,191.77999877929688,11198
2026-06-29 16:03:00+00:00,191.74000549316406,191.88999938964844,191.5500030517578,191.5800018310547,14872
2026-06-29 16:04:00+00:00,191.5800018310547,191.8300018310547,191.50819396972656,191.6699981689453,20616
2026-06-29 16:05:00+00:00,191.6699981689453,191.72000122070312,191.47999572753906,191.59500122070312,26588
2026-06-29 16:06:00+00:00,191.60000610351562,191.60000610351562,191.32000732421875,191.4250030517578,23080
2026-06-29 16:07:00+00:00,191.4949951171875,191.5,191.25999450683594,191.4499969482422,32714
2026-06-29 16:08:00+00:00,191.4499969482422,191.71499633789062,191.3800048828125,191.71499633789062,19370
2026-06-29 16:09:00+00:00,191.64999389648438,191.73989868164062,191.44000244140625,191.55999755859375,22234
2026-06-29 16:10:00+00:00,191.6300048828125,191.7100067138672,191.25,191.52999877929688,18523
2026-06-29 16:11:00+00:00,191.53500366210938,191.6300048828125,191.50010681152344,191.52000427246094,7906
2026-06-29 16:12:00+00:00,191.55499267578125,191.62620544433594,191.50999450683594,191.5500030517578,7902
2026-06-29 16:13:00+00:00,191.57000732421875,191.60000610351562,191.22000122070312,191.35960388183594,28986
2026-06-29 16:14:00+00:00,191.42999267578125,191.61000061035156,191.27999877929688,191.5,12907
2026-06-29 16:15:00+00:00,191.57000732421875,191.64999389648438,191.50999450683594,191.6300048828125,15424
2026-06-29 16:16:00+00:00,191.6300048828125,191.7100067138672,191.50999450683594,191.70989990234375,15583
2026-06-29 16:17:00+00:00,191.64999389648438,191.8350067138672,191.5800018310547,191.67999267578125,17511
2026-06-29 16:18:00+00:00,191.5399932861328,191.80999755859375,191.52999877929688,191.60000610351562,16461
2026-06-29 16:19:00+00:00,191.5399932861328,191.82000732421875,191.5399932861328,191.78500366210938,12980
2026-06-29 16:20:00+00:00,191.78500366210938,191.8000030517578,191.52000427246094,191.618896484375,30176
2026-06-29 16:21:00+00:00,191.7050018310547,191.7050018310547,191.5500030517578,191.59500122070312,9659
2026-06-29 16:22:00+00:00,191.5500030517578,191.7050018310547,191.35000610351562,191.50999450683594,47196
2026-06-29 16:23:00+00:00,191.5800018310547,191.7489013671875,191.52999877929688,191.69500732421875,11174
2026-06-29 16:24:00+00:00,191.6300048828125,191.69000244140625,191.4600067138672,191.69000244140625,10674
2026-06-29 16:25:00+00:00,191.74000549316406,191.74000549316406,191.1199951171875,191.2100067138672,16525
2026-06-29 16:26:00+00:00,191.13999938964844,191.13999938964844,190.8800048828125,190.9199981689453,42525
2026-06-29 16:27:00+00:00,190.86000061035156,191.2100067138672,190.72999572753906,191.10499572753906,25420
2026-06-29 16:28:00+00:00,191.13499450683594,191.14540100097656,190.89999389648438,190.89999389648438,13191
2026-06-29 16:29:00+00:00,190.89999389648438,190.89999389648438,190.32000732421875,190.3300018310547,22585
2026-06-29 16:30:00+00:00,190.39999389648438,190.58709716796875,190.33999633789062,190.35499572753906,21966
2026-06-29 16:31:00+00:00,190.38999938964844,190.49000549316406,190.375,190.47000122070312,13866
2026-06-29 16:32:00+00:00,190.33999633789062,190.36990356445312,190.08999633789062,190.1750030517578,15424
2026-06-29 16:33:00+00:00,190.08999633789062,190.16000366210938,189.8000030517578,189.82870483398438,36538
2026-06-29 16:34:00+00:00,189.89999389648438,190.168701171875,189.8300018310547,190.0850067138672,14974
2026-06-29 16:35:00+00:00,190.08999633789062,190.30990600585938,189.92999267578125,190.02499389648438,18328
2026-06-29 16:36:00+00:00,189.97000122070312,190.0500030517578,189.7274932861328,189.83999633789062,21313
2026-06-29 16:37:00+00:00,189.9600067138672,190.07000732421875,189.9199981689453,190.02999877929688,12019
2026-06-29 16:38:00+00:00,190.0449981689453,190.0449981689453,189.77999877929688,189.89999389648438,9580
2026-06-29 16:39:00+00:00,189.89999389648438,190.14999389648438,189.8300018310547,189.88999938964844,11023
2026-06-29 16:40:00+00:00,189.9499969482422,190.0364990234375,189.86000061035156,189.8699951171875,8560
2026-06-29 16:41:00+00:00,189.9250030517578,190.2100067138672,189.9250030517578,190.10000610351562,16735
2026-06-29 16:42:00+00:00,190.13499450683594,190.2899932861328,190.05999755859375,190.19000244140625,7049
2026-06-29 16:43:00+00:00,190.1300048828125,190.2198944091797,190.08999633789062,190.19000244140625,10858
2026-06-29 16:44:00+00:00,190.24000549316406,190.32989501953125,190.14999389648438,190.23500061035156,15027
2026-06-29 16:45:00+00:00,190.19000244140625,190.2899932861328,190.05999755859375,190.17999267578125,15582
2026-06-29 16:46:00+00:00,190.18499755859375,190.33999633789062,189.82000732421875,189.82000732421875,14099
2026-06-29 16:47:00+00:00,189.94000244140625,190.11900329589844,189.91000366210938,190.0,10672
2026-06-29 16:48:00+00:00,190.00999450683594,190.14990234375,189.92010498046875,190.1094970703125,13432
2026-06-29 16:49:00+00:00,190.06500244140625,190.3000030517578,190.02000427246094,190.13999938964844,18077
2026-06-29 16:50:00+00:00,190.13999938964844,190.36990356445312,190.02000427246094,190.27000427246094,14270
2026-06-29 16:51:00+00:00,190.19000244140625,190.19000244140625,189.8699951171875,190.0,18917
2026-06-29 16:52:00+00:00,190.11000061035156,190.11000061035156,189.69000244140625,190.02000427246094,29263
2026-06-29 16:53:00+00:00,189.97000122070312,190.4199981689453,189.88999938964844,190.36000061035156,26716
2026-06-29 16:54:00+00:00,190.35499572753906,190.4250030517578,190.1999969482422,190.25,20921
2026-06-29 16:55:00+00:00,190.22000122070312,190.22000122070312,190.04150390625,190.1300048828125,7562
2026-06-29 16:56:00+00:00,190.14999389648438,190.21499633789062,190.07009887695312,190.1199951171875,13696
2026-06-29 16:57:00+00:00,190.13999938964844,190.32000732421875,190.13999938964844,190.32000732421875,6652
2026-06-29 16:58:00+00:00,190.34129333496094,190.38999938964844,190.11500549316406,190.18499755859375,8795
2026-06-29 16:59:00+00:00,190.1999969482422,190.25999450683594,190.14959716796875,190.24000549316406,8362
2026-06-29 17:00:00+00:00,190.1199951171875,190.4199981689453,190.0749969482422,190.2100067138672,16604
2026-06-29 17:01:00+00:00,190.14999389648438,190.24000549316406,190.0,190.02999877929688,19571
2026-06-29 17:02:00+00:00,190.0970001220703,190.38499450683594,190.02999877929688,190.36000061035156,17395
2026-06-29 17:03:00+00:00,190.36000061035156,190.75999450683594,190.27000427246094,190.69000244140625,18584
2026-06-29 17:04:00+00:00,190.6300048828125,190.99000549316406,190.6300048828125,190.82000732421875,15324
2026-06-29 17:05:00+00:00,190.8800048828125,190.8800048828125,190.4477996826172,190.4477996826172,17453
2026-06-29 17:06:00+00:00,190.5399932861328,190.9095001220703,190.4149932861328,190.86000061035156,29778
2026-06-29 17:07:00+00:00,190.875,190.875,190.58999633789062,190.67999267578125,20490
2026-06-29 17:08:00+00:00,190.67999267578125,190.8300018310547,190.63999938964844,190.6999969482422,17276
2026-06-29 17:09:00+00:00,190.74000549316406,190.8000030517578,190.67999267578125,190.72500610351562,17029
2026-06-29 17:10:00+00:00,190.67999267578125,190.85000610351562,190.61000061035156,190.8074951171875,22125
2026-06-29 17:11:00+00:00,190.77999877929688,190.86000061035156,190.67999267578125,190.72999572753906,7873
2026-06-29 17:12:00+00:00,190.7100067138672,191.0,190.5800018310547,190.9499969482422,23344
2026-06-29 17:13:00+00:00,190.97500610351562,191.29989624023438,190.9499969482422,191.18499755859375,16344
2026-06-29 17:14:00+00:00,191.24710083007812,191.25,191.0399932861328,191.05999755859375,9271
2026-06-29 17:15:00+00:00,191.125,191.2100067138672,190.99000549316406,191.05999755859375,16471
2026-06-29 17:16:00+00:00,191.00999450683594,191.16000366210938,190.89999389648438,190.92999267578125,20503
2026-06-29 17:17:00+00:00,190.92999267578125,191.14999389648438,190.88999938964844,191.10499572753906,15770
2026-06-29 17:18:00+00:00,191.13499450683594,191.3000030517578,191.13499450683594,191.27499389648438,18089
2026-06-29 17:19:00+00:00,191.22999572753906,191.25,191.10000610351562,191.1300048828125,12924
2026-06-29 17:20:00+00:00,191.0800018310547,191.1300048828125,191.0,191.0,7883
2026-06-29 17:21:00+00:00,191.02999877929688,191.02999877929688,190.61000061035156,190.61000061035156,16773
2026-06-29 17:22:00+00:00,190.61000061035156,190.64999389648438,190.43020629882812,190.52999877929688,14815
2026-06-29 17:23:00+00:00,190.4600067138672,190.50750732421875,190.24000549316406,190.39999389648438,24665
2026-06-29 17:24:00+00:00,190.4199981689453,190.55999755859375,190.35000610351562,190.5,16347
2026-06-29 17:25:00+00:00,190.39999389648438,190.52999877929688,190.30999755859375,190.52999877929688,9693
2026-06-29 17:26:00+00:00,190.52999877929688,191.0,190.52999877929688,191.0,13728
2026-06-29 17:27:00+00:00,190.97999572753906,191.14999389648438,190.92999267578125,191.14999389648438,22434
2026-06-29 17:28:00+00:00,191.10000610351562,191.3800048828125,191.02999877929688,191.35499572753906,21213
2026-06-29 17:29:00+00:00,191.3000030517578,191.41000366210938,191.05999755859375,191.25999450683594,24688
2026-06-29 17:30:00+00:00,191.25999450683594,191.4499969482422,191.25,191.32000732421875,10569
2026-06-29 17:31:00+00:00,191.28500366210938,191.41990661621094,191.24000549316406,191.35499572753906,23407
2026-06-29 17:32:00+00:00,191.2899932861328,191.3249969482422,190.72999572753906,190.86000061035156,36510
2026-06-29 17:33:00+00:00,190.94000244140625,190.94000244140625,190.60000610351562,190.77999877929688,9576
2026-06-29 17:34:00+00:00,190.77999877929688,190.82000732421875,190.61000061035156,190.72000122070312,21342
2026-06-29 17:35:00+00:00,190.74000549316406,190.80999755859375,190.60000610351562,190.61000061035156,10272
2026-06-29 17:36:00+00:00,190.6750030517578,190.7899932861328,190.58999633789062,190.7899932861328,14586
2026-06-29 17:37:00+00:00,190.58999633789062,190.6199951171875,190.49000549316406,190.53500366210938,7669
2026-06-29 17:38:00+00:00,190.47000122070312,190.67999267578125,190.35000610351562,190.35000610351562,21185
2026-06-29 17:39:00+00:00,190.3000030517578,190.74000549316406,190.3000030517578,190.67999267578125,15557
2026-06-29 17:40:00+00:00,190.68499755859375,190.92999267578125,190.67999267578125,190.91990661621094,13219
2026-06-29 17:41:00+00:00,190.84500122070312,191.11000061035156,190.7899932861328,190.97999572753906,9282
2026-06-29 17:42:00+00:00,190.9199981689453,191.0998992919922,190.6999969482422,190.7899932861328,17022
2026-06-29 17:43:00+00:00,190.77000427246094,190.89999389648438,190.75,190.89999389648438,12120
2026-06-29 17:44:00+00:00,190.72000122070312,191.24000549316406,190.72000122070312,191.10000610351562,18569
2026-06-29 17:45:00+00:00,191.1302032470703,191.17990112304688,190.91000366210938,191.06500244140625,10643
2026-06-29 17:46:00+00:00,191.0749969482422,191.15989685058594,191.0399932861328,191.0449981689453,8254
2026-06-29 17:47:00+00:00,191.07249450683594,191.2100067138672,191.0,191.19000244140625,10727
2026-06-29 17:48:00+00:00,191.14999389648438,191.41000366210938,191.1300048828125,191.36500549316406,15916
2026-06-29 17:49:00+00:00,191.35499572753906,191.52589416503906,191.3148956298828,191.47999572753906,10927
2026-06-29 17:50:00+00:00,191.52999877929688,191.60499572753906,191.16000366210938,191.23500061035156,21015
2026-06-29 17:51:00+00:00,191.1699981689453,191.5,191.16000366210938,191.43499755859375,19665
2026-06-29 17:52:00+00:00,191.35000610351562,191.36500549316406,191.22999572753906,191.35000610351562,10554
2026-06-29 17:53:00+00:00,191.42999267578125,191.42999267578125,191.22999572753906,191.3000030517578,7724
2026-06-29 17:54:00+00:00,191.3125,191.42999267578125,191.30130004882812,191.36500549316406,8113
2026-06-29 17:55:00+00:00,191.35000610351562,191.39999389648438,191.27999877929688,191.35499572753906,5508
2026-06-29 17:56:00+00:00,191.36000061035156,191.39999389648438,191.10000610351562,191.10009765625,10775
2026-06-29 17:57:00+00:00,191.16000366210938,191.22000122070312,190.8300018310547,190.88009643554688,17494
2026-06-29 17:58:00+00:00,190.89500427246094,190.91000366210938,190.6199951171875,190.66000366210938,19365
2026-06-29 17:59:00+00:00,190.6750030517578,190.75,190.61000061035156,190.6300048828125,10740
2026-06-29 18:00:00+00:00,190.6199951171875,190.6199951171875,190.27999877929688,190.5,34962
2026-06-29 18:01:00+00:00,190.4499969482422,190.61000061035156,190.44500732421875,190.58999633789062,24859
2026-06-29 18:02:00+00:00,190.57000732421875,190.75999450683594,190.5399932861328,190.5399932861328,15894
2026-06-29 18:03:00+00:00,190.5,190.6300048828125,190.49000549316406,190.59500122070312,15651
2026-06-29 18:04:00+00:00,190.58999633789062,190.6199951171875,190.35009765625,190.57000732421875,19228
2026-06-29 18:05:00+00:00,190.56500244140625,190.79750061035156,190.55499267578125,190.77499389648438,16894
2026-06-29 18:06:00+00:00,190.72999572753906,191.0,190.6199951171875,190.80999755859375,30566
2026-06-29 18:07:00+00:00,190.81500244140625,190.89999389648438,190.72999572753906,190.86000061035156,23529
2026-06-29 18:08:00+00:00,190.85000610351562,190.89999389648438,190.72000122070312,190.89999389648438,16279
2026-06-29 18:09:00+00:00,190.89999389648438,191.0,190.77999877929688,190.91000366210938,13356
2026-06-29 18:10:00+00:00,190.93499755859375,191.00900268554688,190.77000427246094,190.83999633789062,9683
2026-06-29 18:11:00+00:00,190.9340057373047,190.9340057373047,190.52000427246094,190.52000427246094,17355
2026-06-29 18:12:00+00:00,190.61000061035156,190.80999755859375,190.57000732421875,190.7100067138672,12690
2026-06-29 18:13:00+00:00,190.74000549316406,190.88999938964844,190.6999969482422,190.88999938964844,10883
2026-06-29 18:14:00+00:00,190.8800048828125,190.92999267578125,190.77000427246094,190.7899932861328,9087
2026-06-29 18:15:00+00:00,190.75999450683594,191.44000244140625,190.74000549316406,191.3300018310547,62520
2026-06-29 18:16:00+00:00,191.3000030517578,191.42999267578125,191.08999633789062,191.25,29340
2026-06-29 18:17:00+00:00,191.3000030517578,191.3000030517578,191.0574951171875,191.16000366210938,64787
2026-06-29 18:18:00+00:00,191.25,191.36000061035156,191.0500030517578,191.10000610351562,21963
2026-06-29 18:19:00+00:00,191.13999938964844,191.40040588378906,191.13999938964844,191.25999450683594,12020
2026-06-29 18:20:00+00:00,191.3300018310547,191.33999633789062,190.9149932861328,191.09500122070312,18116
2026-06-29 18:21:00+00:00,191.10499572753906,191.1199951171875,191.0,191.0749969482422,11492
2026-06-29 18:22:00+00:00,191.10000610351562,191.19000244140625,191.04010009765625,191.0500030517578,12505
2026-06-29 18:23:00+00:00,191.13999938964844,191.13999938964844,190.94000244140625,191.05999755859375,17589
2026-06-29 18:24:00+00:00,191.02499389648438,191.1300048828125,191.02000427246094,191.0399932861328,15103
2026-06-29 18:25:00+00:00,191.0399932861328,191.08999633789062,190.8699951171875,190.88999938964844,16982
2026-06-29 18:26:00+00:00,190.90499877929688,191.09500122070312,190.90499877929688,191.0,12044
2026-06-29 18:27:00+00:00,191.02499389648438,191.02499389648438,190.6199951171875,190.6199951171875,19477
2026-06-29 18:28:00+00:00,190.61000061035156,190.93899536132812,190.5,190.8249969482422,24642
2026-06-29 18:29:00+00:00,190.8249969482422,191.0,190.72000122070312,190.9499969482422,62979
2026-06-29 18:30:00+00:00,190.97999572753906,191.3000030517578,190.9499969482422,191.0,58083
2026-06-29 18:31:00+00:00,190.97000122070312,191.38999938964844,190.97000122070312,191.31500244140625,59246
2026-06-29 18:32:00+00:00,191.36000061035156,191.6699981689453,191.36000061035156,191.39999389648438,26983
2026-06-29 18:33:00+00:00,191.3699951171875,191.4550018310547,191.25,191.44509887695312,12094
2026-06-29 18:34:00+00:00,191.44500732421875,191.44500732421875,191.27000427246094,191.27000427246094,9013
2026-06-29 18:35:00+00:00,191.35000610351562,191.4199981689453,191.27000427246094,191.3000030517578,15117
2026-06-29 18:36:00+00:00,191.3000030517578,192.05999755859375,191.2899932861328,191.8300018310547,40039
2026-06-29 18:37:00+00:00,191.8249969482422,191.94000244140625,191.58999633789062,191.7198944091797,20020
2026-06-29 18:38:00+00:00,191.6199951171875,191.6199951171875,191.35499572753906,191.4600067138672,14591
2026-06-29 18:39:00+00:00,191.5399932861328,191.5399932861328,191.32000732421875,191.39999389648438,7189
2026-06-29 18:40:00+00:00,191.4600067138672,191.55999755859375,191.375,191.39999389648438,7215
2026-06-29 18:41:00+00:00,191.41000366210938,191.44000244140625,191.25999450683594,191.32000732421875,12398
2026-06-29 18:42:00+00:00,191.35000610351562,191.3699951171875,191.16000366210938,191.3000030517578,12542
2026-06-29 18:43:00+00:00,191.3699951171875,191.5,191.33999633789062,191.4199981689453,14488
2026-06-29 18:44:00+00:00,191.3699951171875,191.5399932861328,191.3699951171875,191.4949951171875,16467
2026-06-29 18:45:00+00:00,191.4949951171875,191.5500030517578,191.39500427246094,191.5,11079
2026-06-29 18:46:00+00:00,191.53500366210938,191.57000732421875,191.25999450683594,191.31500244140625,16354
2026-06-29 18:47:00+00:00,191.25,191.52000427246094,191.2100067138672,191.52000427246094,24752
2026-06-29 18:48:00+00:00,191.51080322265625,191.52999877929688,191.3800048828125,191.50509643554688,17921
2026-06-29 18:49:00+00:00,191.47000122070312,191.50999450683594,191.33999633789062,191.36000061035156,8175
2026-06-29 18:50:00+00:00,191.38999938964844,191.44500732421875,191.19000244140625,191.25,24924
2026-06-29 18:51:00+00:00,191.20159912109375,191.3000030517578,191.14999389648438,191.14999389648438,23022
2026-06-29 18:52:00+00:00,191.1300048828125,191.14999389648438,190.7899932861328,190.83999633789062,25729
2026-06-29 18:53:00+00:00,190.82000732421875,190.9499053955078,190.7949981689453,190.89999389648438,16247
2026-06-29 18:54:00+00:00,190.9199981689453,190.9499969482422,190.72000122070312,190.77000427246094,26184
2026-06-29 18:55:00+00:00,190.8000030517578,190.8874969482422,190.66000366210938,190.66000366210938,14872
2026-06-29 18:56:00+00:00,190.67999267578125,190.75999450683594,190.50010681152344,190.64999389648438,31469
2026-06-29 18:57:00+00:00,190.58999633789062,190.60000610351562,190.1300048828125,190.30999755859375,27782
2026-06-29 18:58:00+00:00,190.33299255371094,190.41000366210938,190.19500732421875,190.3800048828125,10547
2026-06-29 18:59:00+00:00,190.4149932861328,190.4149932861328,190.04010009765625,190.22999572753906,20770
2026-06-29 19:00:00+00:00,190.16000366210938,190.22999572753906,189.9600067138672,190.11000061035156,38529
2026-06-29 19:01:00+00:00,190.11000061035156,190.3000030517578,189.92999267578125,189.97999572753906,35503
2026-06-29 19:02:00+00:00,190.02000427246094,190.1199951171875,189.75,189.7899932861328,33134
2026-06-29 19:03:00+00:00,189.77000427246094,189.8199005126953,189.47999572753906,189.58999633789062,42147
2026-06-29 19:04:00+00:00,189.55999755859375,189.60240173339844,189.2899932861328,189.35499572753906,16866
2026-06-29 19:05:00+00:00,189.2100067138672,189.3350067138672,189.0399932861328,189.11500549316406,25493
2026-06-29 19:06:00+00:00,189.11500549316406,189.2100067138672,188.91000366210938,189.0800018310547,38253
2026-06-29 19:07:00+00:00,189.08999633789062,189.30499267578125,189.02999877929688,189.1999969482422,26948
2026-06-29 19:08:00+00:00,189.17999267578125,189.30990600585938,189.13999938964844,189.1699981689453,16729
2026-06-29 19:09:00+00:00,189.12010192871094,189.17999267578125,188.9499969482422,189.13999938964844,25471
2026-06-29 19:10:00+00:00,189.05999755859375,189.2100067138672,189.02999877929688,189.1300048828125,13211
2026-06-29 19:11:00+00:00,189.1300048828125,189.1999969482422,189.05999755859375,189.1199951171875,11482
2026-06-29 19:12:00+00:00,189.14999389648438,189.30999755859375,189.07000732421875,189.14999389648438,20979
2026-06-29 19:13:00+00:00,189.10000610351562,189.38999938964844,189.07000732421875,189.19000244140625,18911
2026-06-29 19:14:00+00:00,189.1999969482422,189.2100067138672,189.00999450683594,189.02999877929688,22640
2026-06-29 19:15:00+00:00,189.0,189.00999450683594,188.6300048828125,188.9759979248047,72652
2026-06-29 19:16:00+00:00,189.0,189.5449981689453,188.94000244140625,189.5449981689453,84823
2026-06-29 19:17:00+00:00,189.5,189.5399932861328,189.2301025390625,189.25999450683594,29339
2026-06-29 19:18:00+00:00,189.2899932861328,189.4499969482422,189.24000549316406,189.30999755859375,21178
2026-06-29 19:19:00+00:00,189.33999633789062,189.51499938964844,189.32000732421875,189.32000732421875,31529
2026-06-29 19:20:00+00:00,189.2899932861328,189.33999633789062,189.14999389648438,189.25,19929
2026-06-29 19:21:00+00:00,189.28500366210938,189.4550018310547,189.19000244140625,189.2100067138672,40659
2026-06-29 19:22:00+00:00,189.1999969482422,189.52499389648438,189.14999389648438,189.52499389648438,29293
2026-06-29 19:23:00+00:00,189.52499389648438,190.03500366210938,189.52499389648438,189.83999633789062,61497
2026-06-29 19:24:00+00:00,189.72000122070312,189.72000122070312,189.50999450683594,189.50999450683594,22031
2026-06-29 19:25:00+00:00,189.4949951171875,189.5850067138672,189.16000366210938,189.16000366210938,34066
2026-06-29 19:26:00+00:00,189.22000122070312,189.35000610351562,189.0800018310547,189.25,32962
2026-06-29 19:27:00+00:00,189.23500061035156,189.44000244140625,189.17999267578125,189.17999267578125,18350
2026-06-29 19:28:00+00:00,189.16000366210938,189.3300018310547,189.16000366210938,189.1750030517578,15865
2026-06-29 19:29:00+00:00,189.16000366210938,189.25,189.0500030517578,189.0500030517578,30255
2026-06-29 19:30:00+00:00,189.11500549316406,189.11500549316406,188.1300048828125,188.22000122070312,61699
2026-06-29 19:31:00+00:00,188.27499389648438,188.5399932861328,188.11000061035156,188.52000427246094,55730
2026-06-29 19:32:00+00:00,188.51499938964844,188.5998992919922,188.39999389648438,188.52999877929688,28674
2026-06-29 19:33:00+00:00,188.55999755859375,188.67999267578125,188.49000549316406,188.53500366210938,21245
2026-06-29 19:34:00+00:00,188.53500366210938,188.5800018310547,188.44000244140625,188.5500030517578,24089
2026-06-29 19:35:00+00:00,188.50999450683594,189.3699951171875,188.50999450683594,188.97000122070312,850887
2026-06-29 19:36:00+00:00,188.9499969482422,189.13999938964844,188.8800048828125,189.05999755859375,29899
2026-06-29 19:37:00+00:00,189.05999755859375,189.22999572753906,188.97000122070312,189.03500366210938,26234
2026-06-29 19:38:00+00:00,189.10000610351562,189.19000244140625,188.97999572753906,189.02999877929688,26640
2026-06-29 19:39:00+00:00,189.07000732421875,189.2071075439453,188.60000610351562,188.97000122070312,64269
2026-06-29 19:40:00+00:00,188.97999572753906,189.02000427246094,188.77999877929688,188.92999267578125,51229
2026-06-29 19:41:00+00:00,188.91319274902344,189.0,188.7050018310547,188.8300018310547,58649
2026-06-29 19:42:00+00:00,188.73500061035156,188.77499389648438,188.33009338378906,188.39999389648438,39622
2026-06-29 19:43:00+00:00,188.4149932861328,188.47000122070312,188.1999969482422,188.33999633789062,50198
2026-06-29 19:44:00+00:00,188.3800048828125,188.47999572753906,188.2550048828125,188.27000427246094,45379
2026-06-29 19:45:00+00:00,188.2449951171875,188.5800018310547,188.2100067138672,188.25,67495
2026-06-29 19:46:00+00:00,188.2899932861328,188.2899932861328,188.02000427246094,188.1199951171875,72123
2026-06-29 19:47:00+00:00,188.14999389648438,188.57000732421875,188.13999938964844,188.42999267578125,93340
2026-06-29 19:48:00+00:00,188.33999633789062,188.57550048828125,188.1699981689453,188.5449981689453,70449
2026-06-29 19:49:00+00:00,188.5500030517578,188.7100067138672,187.9499969482422,187.98500061035156,95168
2026-06-29 19:50:00+00:00,187.9199981689453,187.9199981689453,187.25,187.25999450683594,85052
2026-06-29 19:51:00+00:00,187.25,187.75,187.25,187.72000122070312,65063
2026-06-29 19:52:00+00:00,187.77999877929688,188.0500030517578,187.75999450683594,187.8000030517578,41697
2026-06-29 19:53:00+00:00,187.8300018310547,187.9199981689453,187.02999877929688,187.0800018310547,105707
2026-06-29 19:54:00+00:00,187.05999755859375,187.22000122070312,186.6999969482422,186.8699951171875,141966
2026-06-29 19:55:00+00:00,187.02000427246094,187.8000030517578,187.00999450683594,187.42999267578125,137921
2026-06-29 19:56:00+00:00,187.47000122070312,187.61000061035156,187.42999267578125,187.52999877929688,123634
2026-06-29 19:57:00+00:00,187.5399932861328,187.89999389648438,187.5399932861328,187.8300018310547,114355
2026-06-29 19:58:00+00:00,187.77999877929688,188.0500030517578,187.74000549316406,187.99009704589844,226580
2026-06-29 19:59:00+00:00,187.99000549316406,189.24000549316406,187.99000549316406,188.6999969482422,750140
2026-06-29 20:00:00+00:00,188.72,189.0,187.8,188.8,0
2026-06-29 20:01:00+00:00,188.67,189.25,188.67,189.0845,0
2026-06-29 20:02:00+00:00,189.2447,189.25,188.75,189.1931,0
2026-06-29 20:03:00+00:00,189.02,189.5,189.0,189.5,0
2026-06-29 20:04:00+00:00,189.24,189.8,188.72,189.38,0
2026-06-29 20:05:00+00:00,189.37,189.37,188.72,189.09,0
2026-06-29 20:06:00+00:00,188.7,188.8,188.0,188.7003,0
2026-06-29 20:07:00+00:00,188.2206,188.7184,188.2206,188.7184,0
2026-06-29 20:08:00+00:00,188.73,188.79,188.5409,188.5409,0
2026-06-29 20:09:00+00:00,188.7,188.7,188.3,188.3,0
2026-06-29 20:10:00+00:00,188.47,188.7899,188.17,188.4,0
2026-06-29 20:11:00+00:00,188.54,188.55,188.0,188.54,0
2026-06-29 20:12:00+00:00,188.72,188.72,188.0003,188.72,0
2026-06-29 20:13:00+00:00,188.4357,188.72,188.065,188.46,0
2026-06-29 20:14:00+00:00,188.49,188.49,188.4058,188.4058,0
2026-06-29 20:15:00+00:00,188.4006,188.72,188.4006,188.54,0
2026-06-29 20:16:00+00:00,188.72,188.72,188.4583,188.72,0
2026-06-29 20:17:00+00:00,188.7,188.7,188.45,188.69,0
2026-06-29 20:18:00+00:00,188.7,188.7,188.5,188.7,0
2026-06-29 20:19:00+00:00,188.63,188.7,188.5933,188.7,0
2026-06-29 20:20:00+00:00,188.7,188.88,188.5,188.7,0
2026-06-29 20:21:00+00:00,188.6642,188.7,188.5,188.7,0
2026-06-29 20:22:00+00:00,188.55,188.66,188.55,188.66,0
2026-06-29 20:23:00+00:00,188.56,188.69,188.56,188.6112,0
2026-06-29 20:24:00+00:00,188.66,188.98,188.66,188.98,0
2026-06-29 20:25:00+00:00,188.97,188.98,188.6,188.81,0
2026-06-29 20:26:00+00:00,188.83,188.98,188.83,188.98,0
2026-06-29 20:27:00+00:00,188.98,188.98,188.84,188.89,0
2026-06-29 20:28:00+00:00,188.92,188.92,188.78,188.9,0
2026-06-29 20:29:00+00:00,188.87,188.9,188.86,188.8818,0
2026-06-29 20:30:00+00:00,188.8,188.88,188.5,188.72,0
2026-06-29 20:31:00+00:00,188.72,188.87,188.1001,188.87,0
2026-06-29 20:32:00+00:00,188.7685,188.86,188.74,188.86,0
2026-06-29 20:33:00+00:00,188.68,188.85,188.68,188.8329,0
2026-06-29 20:34:00+00:00,188.85,188.85,188.5582,188.8045,0
2026-06-29 20:35:00+00:00,188.85,188.85,188.6067,188.61,0
2026-06-29 20:36:00+00:00,188.6325,188.8,188.51,188.68,0
2026-06-29 20:37:00+00:00,188.67,188.79,188.55,188.55,0
2026-06-29 20:38:00+00:00,188.7,188.8,188.7,188.79,0
2026-06-29 20:39:00+00:00,188.7557,188.79,188.61,188.79,0
2026-06-29 20:40:00+00:00,188.7608,188.79,188.73,188.78,0
2026-06-29 20:41:00+00:00,188.71,188.7812,188.59,188.78,0
2026-06-29 20:42:00+00:00,188.63,188.76,188.63,188.73,0
2026-06-29 20:43:00+00:00,188.73,188.85,188.7299,188.85,0
2026-06-29 20:44:00+00:00,188.85,188.88,188.77,188.88,0
2026-06-29 20:45:00+00:00,188.97,188.98,188.97,188.98,0
2026-06-29 20:46:00+00:00,188.98,189.4,188.68,189.01,0
2026-06-29 20:47:00+00:00,189.01,189.4,189.0,189.4,0
2026-06-29 20:48:00+00:00,189.39,189.39,188.6801,189.25,0
2026-06-29 20:49:00+00:00,189.19,189.4,188.8613,189.0,0
2026-06-29 20:50:00+00:00,189.2,189.2,189.0,189.0,0
2026-06-29 20:51:00+00:00,189.2,189.4,189.0,189.4,0
2026-06-29 20:52:00+00:00,188.87,189.4,188.87,189.1449,0
2026-06-29 20:53:00+00:00,189.1417,189.2,188.99,189.2,0
2026-06-29 20:54:00+00:00,188.975,189.2,188.88,188.98,0
2026-06-29 20:55:00+00:00,189.0,189.1999,188.8789,188.8789,0
2026-06-29 20:56:00+00:00,189.2,189.2,189.01,189.19,0
2026-06-29 20:57:00+00:00,189.2,189.2,189.1597,189.1597,0
2026-06-29 20:58:00+00:00,189.1,189.2,189.05,189.1706,0
2026-06-29 20:59:00+00:00,189.0,189.0,188.9663,189.0,0
2026-06-29 21:00:00+00:00,188.99,189.2,188.99,189.2,0
2026-06-29 21:01:00+00:00,189.04,189.1,189.0,189.0,0
2026-06-29 21:02:00+00:00,189.0,189.2,189.0,189.2,0
2026-06-29 21:03:00+00:00,189.1,189.2,189.1,189.2,0
2026-06-29 21:04:00+00:00,189.1,189.2,189.09,189.09,0
2026-06-29 21:05:00+00:00,189.09,189.2,189.01,189.2,0
2026-06-29 21:06:00+00:00,189.12,189.21,189.09,189.12,0
2026-06-29 21:07:00+00:00,189.3,189.3,189.1028,189.1028,0
2026-06-29 21:08:00+00:00,189.15,189.15,189.06,189.14,0
2026-06-29 21:09:00+00:00,189.15,189.15,188.72,188.9999,0
2026-06-29 21:10:00+00:00,188.99,189.1175,188.9,188.9,0
2026-06-29 21:11:00+00:00,189.15,189.15,189.0,189.15,0
2026-06-29 21:12:00+00:00,189.14,189.15,189.14,189.15,0
2026-06-29 21:13:00+00:00,189.14,189.15,188.72,188.72,0
2026-06-29 21:14:00+00:00,189.111,189.15,188.9,188.9,0
2026-06-29 21:15:00+00:00,189.14,189.15,188.72,188.97,0
2026-06-29 21:16:00+00:00,189.1,189.15,189.1,189.11,0
2026-06-29 21:17:00+00:00,189.15,189.15,189.1213,189.15,0
2026-06-29 21:18:00+00:00,189.1,189.1,189.1,189.1,0
2026-06-29 21:19:00+00:00,189.1101,189.15,189.1,189.1,0
2026-06-29 21:20:00+00:00,189.15,189.15,189.0,189.0,0
2026-06-29 21:21:00+00:00,189.0,189.15,189.0,189.15,0
2026-06-29 21:22:00+00:00,189.0,189.1,188.95,189.1,0
2026-06-29 21:24:00+00:00,189.15,189.15,189.05,189.1495,0
2026-06-29 21:25:00+00:00,189.1351,189.15,189.0,189.03,0
2026-06-29 21:26:00+00:00,189.03,189.03,189.03,189.03,0
2026-06-29 21:27:00+00:00,189.03,189.03,188.9164,189.03,0
2026-06-29 21:28:00+00:00,188.92,188.965,188.9,188.965,0
2026-06-29 21:29:00+00:00,188.99,189.03,188.9,189.03,0
2026-06-29 21:30:00+00:00,189.15,189.15,189.0437,189.12,0
2026-06-29 21:31:00+00:00,189.15,189.15,188.95,188.95,0
2026-06-29 21:32:00+00:00,189.11,189.11,189.0021,189.11,0
2026-06-29 21:33:00+00:00,189.0,189.15,189.0,189.15,0
2026-06-29 21:34:00+00:00,189.1499,189.15,189.0439,189.0439,0
2026-06-29 21:35:00+00:00,189.14,189.15,188.95,188.95,0
2026-06-29 21:36:00+00:00,189.1245,189.15,189.1245,189.15,0
2026-06-29 21:37:00+00:00,189.1,189.1,188.9512,189.02,0
2026-06-29 21:38:00+00:00,189.02,189.15,189.02,189.15,0
2026-06-29 21:39:00+00:00,189.15,189.15,189.0007,189.0007,0
2026-06-29 21:40:00+00:00,189.15,189.15,188.95,189.15,0
2026-06-29 21:41:00+00:00,189.1,189.15,189.0002,189.1,0
2026-06-29 21:42:00+00:00,189.1,189.15,189.1,189.12,0
2026-06-29 21:43:00+00:00,189.1492,189.15,189.0,189.0,0
2026-06-29 21:44:00+00:00,189.15,189.15,189.1258,189.15,0
2026-06-29 21:45:00+00:00,189.15,189.15,189.15,189.15,0
2026-06-29 21:46:00+00:00,189.1244,189.15,189.124,189.15,0
2026-06-29 21:47:00+00:00,189.14,189.14,189.1179,189.1399,0
2026-06-29 21:48:00+00:00,189.1,189.1386,189.01,189.1386,0
2026-06-29 21:49:00+00:00,189.13,189.13,189.13,189.13,0
2026-06-29 21:50:00+00:00,189.13,189.14,189.13,189.14,0
2026-06-29 21:51:00+00:00,189.139,189.14,189.13,189.13,0
2026-06-29 21:52:00+00:00,189.1,189.1348,189.1,189.13,0
2026-06-29 21:53:00+00:00,189.12,189.12,189.12,189.12,0
2026-06-29 21:54:00+00:00,189.14,189.15,189.11,189.12,0
2026-06-29 21:55:00+00:00,189.12,189.15,189.11,189.11,0
2026-06-29 21:56:00+00:00,189.125,189.15,189.1144,189.12,0
2026-06-29 21:57:00+00:00,189.1305,189.1305,189.1305,189.1305,0
2026-06-29 21:58:00+00:00,189.12,189.15,189.12,189.1435,0
2026-06-29 21:59:00+00:00,189.1027,189.15,189.1,189.15,0
2026-06-29 22:00:00+00:00,189.1,189.13,188.75,188.83,0
2026-06-29 22:01:00+00:00,188.83,189.15,188.83,188.83,0
2026-06-29 22:02:00+00:00,188.83,189.0,188.2,189.0,0
2026-06-29 22:03:00+00:00,188.5845,188.5845,188.5845,188.5845,0
2026-06-29 22:04:00+00:00,189.0,189.15,188.5,188.92,0
2026-06-29 22:05:00+00:00,188.91,189.0,188.8654,189.0,0
2026-06-29 22:06:00+00:00,188.98,189.0,188.9,188.98,0
2026-06-29 22:07:00+00:00,188.97,188.97,188.87,188.87,0
2026-06-29 22:08:00+00:00,188.97,188.97,188.96,188.96,0
2026-06-29 22:09:00+00:00,188.97,189.0,188.97,189.0,0
2026-06-29 22:10:00+00:00,188.97,189.1,188.5,189.1,0
2026-06-29 22:11:00+00:00,189.1,189.15,189.0,189.0,0
2026-06-29 22:12:00+00:00,188.974,189.0,188.974,189.0,0
2026-06-29 22:13:00+00:00,189.0,189.0,189.0,189.0,0
2026-06-29 22:14:00+00:00,188.99,189.15,188.961,189.15,0
2026-06-29 22:15:00+00:00,189.1303,189.1303,189.032,189.1152,0
2026-06-29 22:16:00+00:00,189.1435,189.1435,189.0,189.0,0
2026-06-29 22:17:00+00:00,188.8,189.14,188.8,189.0,0
2026-06-29 22:18:00+00:00,189.1,189.1,188.97,189.0,0
2026-06-29 22:19:00+00:00,189.0,189.0,189.0,189.0,0
2026-06-29 22:20:00+00:00,189.0,189.15,188.8,189.0,0
2026-06-29 22:21:00+00:00,189.15,189.15,189.1,189.1,0
2026-06-29 22:22:00+00:00,189.1,189.1,189.1,189.1,0
2026-06-29 22:23:00+00:00,189.1,189.1,188.9665,188.9665,0
2026-06-29 22:24:00+00:00,189.0797,189.0797,189.0797,189.0797,0
2026-06-29 22:25:00+00:00,189.15,189.15,189.0,189.0,0
2026-06-29 22:26:00+00:00,189.0,189.15,189.0,189.15,0
2026-06-29 22:27:00+00:00,188.8499,188.8499,188.8499,188.8499,0
2026-06-29 22:28:00+00:00,189.0,189.15,188.904,188.904,0
2026-06-29 22:29:00+00:00,189.12,189.12,188.99,189.05,0
2026-06-29 22:30:00+00:00,189.05,189.12,188.8817,188.8817,0
2026-06-29 22:31:00+00:00,188.9,189.12,188.9,188.9,0
2026-06-29 22:32:00+00:00,188.9,189.0937,188.89,188.97,0
2026-06-29 22:33:00+00:00,189.0,189.12,188.75,188.77,0
2026-06-29 22:34:00+00:00,189.0825,189.0825,188.5,188.84,0
2026-06-29 22:35:00+00:00,188.75,188.75,188.75,188.75,0
2026-06-29 22:36:00+00:00,189.1045,189.1045,188.83,188.83,0
2026-06-29 22:37:00+00:00,188.83,189.0394,188.5,188.68,0
2026-06-29 22:38:00+00:00,188.98,188.98,188.74,188.74,0
2026-06-29 22:39:00+00:00,188.74,189.03,188.74,189.03,0
2026-06-29 22:40:00+00:00,189.03,189.03,188.87,188.87,0
2026-06-29 22:41:00+00:00,188.9352,188.99,188.93,188.93,0
2026-06-29 22:42:00+00:00,188.93,188.93,188.93,188.93,0
2026-06-29 22:43:00+00:00,188.9794,188.9794,188.89,188.89,0
2026-06-29 22:44:00+00:00,188.98,188.98,188.8,188.979,0
2026-06-29 22:45:00+00:00,188.91,188.91,188.91,188.91,0
2026-06-29 22:46:00+00:00,188.979,188.9799,188.979,188.9797,0
2026-06-29 22:47:00+00:00,188.9249,188.9799,188.91,188.91,0
2026-06-29 22:48:00+00:00,188.91,189.12,188.91,189.1,0
2026-06-29 22:49:00+00:00,189.1,189.1199,188.9319,189.1,0
2026-06-29 22:50:00+00:00,189.008,189.1032,189.0,189.1,0
2026-06-29 22:51:00+00:00,189.0001,189.12,189.0,189.0914,0
2026-06-29 22:52:00+00:00,189.12,189.12,189.0905,189.0934,0
2026-06-29 22:53:00+00:00,189.09,189.12,188.6,188.6,0
2026-06-29 22:54:00+00:00,189.05,189.05,189.05,189.05,0
2026-06-29 22:55:00+00:00,189.0766,189.0766,188.7669,188.7669,0
2026-06-29 22:56:00+00:00,188.73,188.73,188.67,188.67,0
2026-06-29 22:57:00+00:00,188.9,189.15,188.9,189.0768,0
2026-06-29 22:58:00+00:00,189.05,189.05,189.0,189.05,0
2026-06-29 22:59:00+00:00,189.05,189.15,189.0,189.0,0
2026-06-29 23:00:00+00:00,189.0,189.15,188.82,188.82,0
2026-06-29 23:01:00+00:00,188.82,189.15,188.82,189.15,0
2026-06-29 23:02:00+00:00,188.9,189.1,188.8001,188.8001,0
2026-06-29 23:03:00+00:00,189.0,189.1,188.85,189.1,0
2026-06-29 23:04:00+00:00,188.8,189.1,188.8,189.1,0
2026-06-29 23:05:00+00:00,189.09,189.1,189.09,189.1,0
2026-06-29 23:06:00+00:00,189.1,189.1,188.9487,189.0,0
2026-06-29 23:07:00+00:00,189.1,189.1,189.0,189.0,0
2026-06-29 23:08:00+00:00,189.0,189.0,188.9,188.9001,0
2026-06-29 23:09:00+00:00,188.9993,189.0,188.9993,189.0,0
2026-06-29 23:10:00+00:00,189.07,189.07,188.9,188.9,0
2026-06-29 23:11:00+00:00,188.9813,189.09,188.9813,189.09,0
2026-06-29 23:12:00+00:00,189.1,189.1,189.0674,189.1,0
2026-06-29 23:13:00+00:00,189.0,189.1,188.9234,189.0,0
2026-06-29 23:14:00+00:00,189.0,189.07,189.0,189.07,0
2026-06-29 23:15:00+00:00,189.09,189.1,188.9,188.9068,0
2026-06-29 23:16:00+00:00,189.1,189.1,188.9,189.07,0
2026-06-29 23:17:00+00:00,189.07,189.09,189.07,189.09,0
2026-06-29 23:18:00+00:00,189.09,189.09,189.0,189.001,0
2026-06-29 23:19:00+00:00,189.02,189.08,189.02,189.08,0
2026-06-29 23:20:00+00:00,189.1437,189.15,189.1437,189.15,0
2026-06-29 23:21:00+00:00,189.0,189.1437,189.0,189.01,0
2026-06-29 23:22:00+00:00,189.15,189.15,188.9,189.09,0
2026-06-29 23:23:00+00:00,189.15,189.15,189.0,189.15,0
2026-06-29 23:24:00+00:00,188.9287,189.15,188.9287,189.1,0
2026-06-29 23:26:00+00:00,189.1169,189.1169,189.1169,189.1169,0
2026-06-29 23:27:00+00:00,189.11,189.15,188.9298,188.9298,0
2026-06-29 23:28:00+00:00,189.11,189.15,188.9062,189.1,0
2026-06-29 23:29:00+00:00,189.08,189.08,189.07,189.07,0
2026-06-29 23:30:00+00:00,189.1175,189.15,188.95,188.95,0
2026-06-29 23:31:00+00:00,188.9805,189.1163,188.9805,189.04,0
2026-06-29 23:32:00+00:00,189.11,189.15,189.11,189.11,0
2026-06-29 23:33:00+00:00,189.15,189.15,189.14,189.15,0
2026-06-29 23:34:00+00:00,189.15,189.33,188.9,189.33,0
2026-06-29 23:35:00+00:00,189.33,189.33,189.32,189.32,0
2026-06-29 23:36:00+00:00,189.33,189.33,189.21,189.3014,0
2026-06-29 23:37:00+00:00,189.16,189.16,189.16,189.16,0
2026-06-29 23:38:00+00:00,189.3079,189.33,189.3079,189.33,0
2026-06-29 23:39:00+00:00,189.21,189.21,189.21,189.21,0
2026-06-29 23:40:00+00:00,189.182,189.3285,189.182,189.1822,0
2026-06-29 23:41:00+00:00,189.33,189.33,189.33,189.33,0
2026-06-29 23:42:00+00:00,189.3102,189.33,189.1821,189.1837,0
2026-06-29 23:43:00+00:00,189.28,189.28,189.28,189.28,0
2026-06-29 23:44:00+00:00,189.18,189.33,189.18,189.24,0
2026-06-29 23:45:00+00:00,189.32,189.32,189.32,189.32,0
2026-06-29 23:46:00+00:00,189.3109,189.33,189.18,189.18,0
2026-06-29 23:47:00+00:00,189.2817,189.2997,189.28,189.28,0
2026-06-29 23:48:00+00:00,189.2,189.2965,189.12,189.17,0
2026-06-29 23:49:00+00:00,189.03,189.17,189.0,189.15,0
2026-06-29 23:50:00+00:00,189.3,189.3,188.9,189.3,0
2026-06-29 23:51:00+00:00,189.3,189.3,189.15,189.15,0
2026-06-29 23:52:00+00:00,189.2,189.3,189.0,189.3,0
2026-06-29 23:53:00+00:00,189.2516,189.2516,189.24,189.24,0
2026-06-29 23:54:00+00:00,188.9329,189.2045,188.9329,189.2045,0
2026-06-29 23:55:00+00:00,189.1906,189.2,189.1906,189.2,0
2026-06-29 23:56:00+00:00,189.1332,189.15,189.08,189.08,0
2026-06-29 23:57:00+00:00,189.0983,189.3,189.013,189.3,0
2026-06-29 23:58:00+00:00,189.3,189.3,189.0,189.2604,0
2026-06-29 23:59:00+00:00,189.2693,189.3,189.2675,189.29,0
2026-06-30 08:00:00+00:00,191.64,192.45,189.2,189.225,0
2026-06-30 08:01:00+00:00,189.85,192.4,189.6,190.06,0
2026-06-30 08:02:00+00:00,190.19,190.6,190.19,190.6,0
2026-06-30 08:03:00+00:00,190.69,190.69,190.6,190.6,0
2026-06-30 08:04:00+00:00,190.6,190.6,190.2,190.29,0
2026-06-30 08:05:00+00:00,190.29,190.59,190.0,190.5,0
2026-06-30 08:06:00+00:00,190.1,190.91,189.6369,190.0,0
2026-06-30 08:07:00+00:00,190.0,192.2,189.61,190.53,0
2026-06-30 08:09:00+00:00,190.501,191.0,190.19,190.4,0
2026-06-30 08:10:00+00:00,190.25,190.49,190.1,190.49,0
2026-06-30 08:13:00+00:00,190.0,190.79,190.0,190.79,0
2026-06-30 08:14:00+00:00,190.16,190.65,190.0,190.0847,0
2026-06-30 08:15:00+00:00,190.1,190.1,190.08,190.08,0
2026-06-30 08:16:00+00:00,189.9941,189.9941,189.99,189.99,0
2026-06-30 08:18:00+00:00,189.54,189.54,189.54,189.54,0
2026-06-30 08:19:00+00:00,190.0,190.0,189.6,189.99,0
2026-06-30 08:20:00+00:00,190.0,190.24,190.0,190.0,0
2026-06-30 08:21:00+00:00,190.24,190.24,189.98,190.18,0
2026-06-30 08:22:00+00:00,190.18,190.18,190.18,190.18,0
2026-06-30 08:23:00+00:00,190.18,190.2739,189.96,189.96,0
2026-06-30 08:25:00+00:00,190.09,190.09,190.09,190.09,0
2026-06-30 08:26:00+00:00,190.01,190.18,189.87,190.0,0
2026-06-30 08:27:00+00:00,190.0,190.04,189.95,190.04,0
2026-06-30 08:28:00+00:00,189.8567,190.2729,189.8567,190.2729,0
2026-06-30 08:29:00+00:00,190.17,190.17,190.17,190.17,0
2026-06-30 08:30:00+00:00,190.3,190.3,190.3,190.3,0
2026-06-30 08:31:00+00:00,189.96,190.0,189.95,190.0,0
2026-06-30 08:32:00+00:00,189.88,189.88,189.88,189.88,0
2026-06-30 08:33:00+00:00,189.8,189.85,189.64,189.64,0
2026-06-30 08:34:00+00:00,189.64,189.64,189.64,189.64,0
2026-06-30 08:35:00+00:00,189.95,189.95,189.66,189.7,0
2026-06-30 08:36:00+00:00,189.7,189.89,189.53,189.53,0
2026-06-30 08:37:00+00:00,189.6298,189.82,189.6298,189.82,0
2026-06-30 08:38:00+00:00,189.5649,189.82,189.5,189.5,0
2026-06-30 08:39:00+00:00,189.4975,189.5,189.4975,189.5,0
2026-06-30 08:40:00+00:00,189.5,189.5,189.22,189.22,0
2026-06-30 08:41:00+00:00,189.22,189.5,189.22,189.5,0
2026-06-30 08:42:00+00:00,189.46,189.5,189.4,189.5,0
2026-06-30 08:43:00+00:00,190.1988,190.1988,189.5,189.5,0
2026-06-30 08:44:00+00:00,189.5,190.1988,189.5,190.1988,0
2026-06-30 08:45:00+00:00,190.2,190.2,189.5,190.2,0
2026-06-30 08:46:00+00:00,189.6,189.79,189.56,189.56,0
2026-06-30 08:47:00+00:00,189.56,189.56,189.56,189.56,0
2026-06-30 08:48:00+00:00,189.6,189.6,189.6,189.6,0
2026-06-30 08:49:00+00:00,189.54,189.54,189.49,189.49,0
2026-06-30 08:50:00+00:00,189.54,189.68,189.0,189.3,0
2026-06-30 08:51:00+00:00,189.33,189.82,189.27,189.27,0
2026-06-30 08:52:00+00:00,189.69,189.69,189.69,189.69,0
2026-06-30 08:53:00+00:00,189.28,189.6875,189.28,189.6875,0
2026-06-30 08:54:00+00:00,189.6875,189.7,189.6875,189.7,0
2026-06-30 08:55:00+00:00,189.6578,189.6578,189.6578,189.6578,0
2026-06-30 08:56:00+00:00,189.7,189.7,189.64,189.64,0
2026-06-30 08:57:00+00:00,189.64,189.64,189.64,189.64,0
2026-06-30 08:58:00+00:00,189.49,189.7,189.49,189.7,0
2026-06-30 08:59:00+00:00,189.42,189.88,189.42,189.88,0
2026-06-30 09:00:00+00:00,189.25,189.25,189.25,189.25,0
2026-06-30 09:02:00+00:00,189.3451,189.3631,189.3451,189.3631,0
2026-06-30 09:03:00+00:00,189.7,189.7,189.7,189.7,0
2026-06-30 09:05:00+00:00,189.7,189.7,189.7,189.7,0
2026-06-30 09:08:00+00:00,189.3543,189.7,189.25,189.7,0
2026-06-30 09:09:00+00:00,189.7,189.7,189.7,189.7,0
2026-06-30 09:10:00+00:00,189.75,189.75,189.74,189.74,0
2026-06-30 09:12:00+00:00,189.76,189.76,189.76,189.76,0
2026-06-30 09:13:00+00:00,189.9611,189.9611,189.96,189.96,0
2026-06-30 09:14:00+00:00,189.9864,189.9864,189.7722,189.9864,0
2026-06-30 09:15:00+00:00,189.96,190.0,189.95,189.95,0
2026-06-30 09:16:00+00:00,190.07,190.08,190.07,190.07,0
2026-06-30 09:17:00+00:00,189.8,189.8,189.8,189.8,0
2026-06-30 09:18:00+00:00,189.8,190.19,189.8,190.19,0
2026-06-30 09:19:00+00:00,190.23,190.24,190.23,190.24,0
2026-06-30 09:20:00+00:00,189.8329,189.8329,189.8329,189.8329,0
2026-06-30 09:21:00+00:00,190.15,190.15,190.15,190.15,0
2026-06-30 09:22:00+00:00,190.15,190.15,190.15,190.15,0
2026-06-30 09:24:00+00:00,190.0,190.0,190.0,190.0,0
2026-06-30 09:25:00+00:00,190.12,190.12,190.12,190.12,0
2026-06-30 09:26:00+00:00,190.0998,190.0998,190.0998,190.0998,0
2026-06-30 09:27:00+00:00,190.04,190.04,190.04,190.04,0
2026-06-30 09:28:00+00:00,190.04,190.04,190.04,190.04,0
2026-06-30 09:29:00+00:00,190.7988,190.7988,190.7988,190.7988,0
2026-06-30 09:30:00+00:00,190.1,190.31,190.0,190.01,0
2026-06-30 09:31:00+00:00,189.8,190.01,189.8,189.8,0
2026-06-30 09:33:00+00:00,189.928,189.928,189.92,189.92,0
2026-06-30 09:34:00+00:00,190.04,190.04,190.04,190.04,0
2026-06-30 09:36:00+00:00,189.9878,189.9878,189.9878,189.9878,0
2026-06-30 09:38:00+00:00,190.28,190.28,190.28,190.28,0
2026-06-30 09:39:00+00:00,190.28,190.74,190.28,190.51,0
2026-06-30 09:40:00+00:00,190.5,190.5,190.5,190.5,0
2026-06-30 09:41:00+00:00,190.5,190.5,190.5,190.5,0
2026-06-30 09:45:00+00:00,190.8,190.8,190.7,190.7,0
2026-06-30 09:46:00+00:00,190.288,190.3097,190.288,190.3097,0
2026-06-30 09:47:00+00:00,190.7475,190.8,190.7475,190.8,0
2026-06-30 09:48:00+00:00,190.73,190.73,190.73,190.73,0
2026-06-30 09:49:00+00:00,190.71,190.75,190.5,190.7,0
2026-06-30 09:50:00+00:00,190.85,190.85,190.85,190.85,0
2026-06-30 09:51:00+00:00,190.85,190.85,190.5013,190.85,0
2026-06-30 09:52:00+00:00,190.7921,190.7921,190.52,190.5432,0
2026-06-30 09:54:00+00:00,190.85,190.85,190.55,190.55,0
2026-06-30 09:55:00+00:00,190.55,190.7958,190.55,190.7958,0
2026-06-30 09:56:00+00:00,190.85,190.85,190.85,190.85,0
2026-06-30 09:58:00+00:00,190.85,190.85,190.7918,190.85,0
2026-06-30 09:59:00+00:00,190.85,190.85,190.7918,190.7918,0
2026-06-30 10:00:00+00:00,190.85,190.85,190.8,190.85,0
2026-06-30 10:02:00+00:00,190.84,190.85,190.84,190.85,0
2026-06-30 10:03:00+00:00,190.55,190.55,190.55,190.55,0
2026-06-30 10:04:00+00:00,190.56,190.8,190.56,190.8,0
2026-06-30 10:05:00+00:00,190.8,190.8,190.8,190.8,0
2026-06-30 10:06:00+00:00,190.7654,190.8,190.65,190.8,0
2026-06-30 10:07:00+00:00,190.85,190.85,190.8344,190.8425,0
2026-06-30 10:08:00+00:00,190.8,190.8,190.67,190.67,0
2026-06-30 10:09:00+00:00,190.67,190.67,190.5,190.5,0
2026-06-30 10:10:00+00:00,190.51,190.69,190.31,190.69,0
2026-06-30 10:11:00+00:00,190.8,190.8,190.8,190.8,0
2026-06-30 10:13:00+00:00,190.66,190.8,190.66,190.8,0
2026-06-30 10:14:00+00:00,190.66,190.66,190.66,190.66,0
2026-06-30 10:15:00+00:00,190.49,190.49,190.4,190.4,0
2026-06-30 10:16:00+00:00,190.4533,190.4533,190.4533,190.4533,0
2026-06-30 10:18:00+00:00,190.45,190.69,190.45,190.69,0
2026-06-30 10:19:00+00:00,190.6,190.755,190.6,190.755,0
2026-06-30 10:20:00+00:00,190.69,190.7,190.5,190.7,0
2026-06-30 10:21:00+00:00,190.76,190.76,190.76,190.76,0
2026-06-30 10:22:00+00:00,190.7563,190.7594,190.7563,190.7594,0
2026-06-30 10:23:00+00:00,190.75,190.75,190.75,190.75,0
2026-06-30 10:25:00+00:00,190.7,190.74,190.7,190.74,0
2026-06-30 10:26:00+00:00,190.77,190.77,190.77,190.77,0
2026-06-30 10:27:00+00:00,190.77,190.79,190.77,190.79,0
2026-06-30 10:28:00+00:00,190.5,190.5,190.5,190.5,0
2026-06-30 10:29:00+00:00,190.51,190.83,190.5,190.83,0
2026-06-30 10:30:00+00:00,190.8,190.8,190.56,190.56,0
2026-06-30 10:31:00+00:00,190.65,190.65,190.65,190.65,0
2026-06-30 10:32:00+00:00,190.5,190.85,190.5,190.74,0
2026-06-30 10:33:00+00:00,190.57,190.79,190.56,190.79,0
2026-06-30 10:34:00+00:00,190.6,190.6,190.56,190.58,0
2026-06-30 10:35:00+00:00,190.5,190.5,190.39,190.39,0
2026-06-30 10:36:00+00:00,190.4,190.6,190.22,190.6,0
2026-06-30 10:37:00+00:00,190.48,190.48,190.48,190.48,0
2026-06-30 10:38:00+00:00,190.48,190.48,190.48,190.48,0
2026-06-30 10:39:00+00:00,190.4,190.6,190.4,190.6,0
2026-06-30 10:40:00+00:00,190.6,190.6,190.48,190.6,0
2026-06-30 10:41:00+00:00,190.5,190.5507,190.5,190.5,0
2026-06-30 10:42:00+00:00,190.6,190.6,190.4,190.4,0
2026-06-30 10:43:00+00:00,190.48,190.4801,190.48,190.4801,0
2026-06-30 10:44:00+00:00,190.49,190.49,190.49,190.49,0
2026-06-30 10:45:00+00:00,190.46,190.46,190.46,190.46,0
2026-06-30 10:46:00+00:00,190.39,190.46,190.39,190.46,0
2026-06-30 10:47:00+00:00,190.2,190.2,190.2,190.2,0
2026-06-30 10:48:00+00:00,190.48,190.85,190.48,190.8,0
2026-06-30 10:49:00+00:00,190.8317,190.8317,190.83,190.83,0
2026-06-30 10:50:00+00:00,190.79,190.79,190.68,190.68,0
2026-06-30 10:51:00+00:00,190.56,190.7818,190.514,190.7818,0
2026-06-30 10:52:00+00:00,190.79,190.79,190.79,190.79,0
2026-06-30 10:53:00+00:00,190.79,190.79,190.77,190.77,0
2026-06-30 10:54:00+00:00,190.6,190.85,190.6,190.6,0
2026-06-30 10:56:00+00:00,190.85,190.85,190.7992,190.7992,0
2026-06-30 10:59:00+00:00,190.85,190.85,190.75,190.85,0
2026-06-30 11:00:00+00:00,190.6,190.79,190.6,190.7,0
2026-06-30 11:01:00+00:00,190.7,190.79,190.7,190.79,0
2026-06-30 11:02:00+00:00,190.79,190.79,190.69,190.69,0
2026-06-30 11:03:00+00:00,190.78,190.78,190.5,190.5,0
2026-06-30 11:04:00+00:00,190.5,190.79,190.5,190.65,0
2026-06-30 11:05:00+00:00,190.89,191.2,190.89,191.2,0
2026-06-30 11:06:00+00:00,191.2,191.5,191.0125,191.31,0
2026-06-30 11:07:00+00:00,191.3,191.4499,191.2,191.4499,0
2026-06-30 11:08:00+00:00,191.3,191.45,191.11,191.12,0
2026-06-30 11:09:00+00:00,191.3,191.4488,191.0,191.29,0
2026-06-30 11:10:00+00:00,191.0,191.29,191.0,191.1,0
2026-06-30 11:11:00+00:00,191.3132,191.35,190.95,190.96,0
2026-06-30 11:12:00+00:00,190.95,191.1408,190.79,191.1408,0
2026-06-30 11:13:00+00:00,191.2635,191.27,191.1489,191.27,0
2026-06-30 11:14:00+00:00,191.1349,191.3,191.0,191.0,0
2026-06-30 11:15:00+00:00,191.1,191.27,191.0,191.14,0
2026-06-30 11:16:00+00:00,191.2317,191.2875,191.07,191.27,0
2026-06-30 11:17:00+00:00,191.28,191.3,191.19,191.29,0
2026-06-30 11:18:00+00:00,191.039,191.3,191.039,191.2376,0
2026-06-30 11:19:00+00:00,191.3,191.3,191.14,191.14,0
2026-06-30 11:20:00+00:00,191.16,191.2827,191.15,191.19,0
2026-06-30 11:21:00+00:00,191.19,191.3,191.19,191.2,0
2026-06-30 11:22:00+00:00,191.05,191.2,191.0,191.14,0
2026-06-30 11:23:00+00:00,191.1,191.29,190.84,191.29,0
2026-06-30 11:24:00+00:00,191.1,191.29,191.0,191.0,0
2026-06-30 11:25:00+00:00,191.0,191.3,191.0,191.0,0
2026-06-30 11:26:00+00:00,191.1433,191.3,191.0,191.1,0
2026-06-30 11:27:00+00:00,191.0,191.3,190.82,191.3,0
2026-06-30 11:28:00+00:00,191.2,191.2,190.82,190.82,0
2026-06-30 11:29:00+00:00,190.7,191.0,190.65,190.9,0
2026-06-30 11:30:00+00:00,190.96,190.96,190.9521,190.9521,0
2026-06-30 11:31:00+00:00,190.95,190.95,190.85,190.9,0
2026-06-30 11:32:00+00:00,190.8,191.0,190.43,190.76,0
2026-06-30 11:33:00+00:00,190.8131,191.0,190.8131,191.0,0
2026-06-30 11:34:00+00:00,191.0,191.0,190.77,190.77,0
2026-06-30 11:35:00+00:00,190.9688,191.0,190.9686,191.0,0
2026-06-30 11:36:00+00:00,190.78,190.99,190.78,190.99,0
2026-06-30 11:37:00+00:00,191.0,191.0,190.76,190.98,0
2026-06-30 11:38:00+00:00,191.0,191.0,191.0,191.0,0
2026-06-30 11:39:00+00:00,190.99,191.0,190.99,191.0,0
2026-06-30 11:40:00+00:00,191.0,191.0,190.8,190.8,0
2026-06-30 11:41:00+00:00,190.9749,191.2,190.9749,191.1428,0
2026-06-30 11:42:00+00:00,190.9,191.1,190.9,191.1,0
2026-06-30 11:43:00+00:00,191.2,191.25,191.0,191.0,0
2026-06-30 11:44:00+00:00,191.25,191.25,191.1,191.25,0
2026-06-30 11:45:00+00:00,191.24,191.24,191.1,191.2,0
2026-06-30 11:46:00+00:00,191.1,191.24,191.0104,191.03,0
2026-06-30 11:47:00+00:00,191.209,191.23,191.1,191.1019,0
2026-06-30 11:48:00+00:00,191.14,191.24,190.95,191.24,0
2026-06-30 11:49:00+00:00,191.0,191.19,191.0,191.19,0
2026-06-30 11:50:00+00:00,191.0,191.18,190.87,191.0,0
2026-06-30 11:51:00+00:00,191.0,191.19,190.95,191.061,0
2026-06-30 11:52:00+00:00,191.0,191.19,190.77,190.8,0
2026-06-30 11:53:00+00:00,190.8,191.04,190.8,191.04,0
2026-06-30 11:54:00+00:00,190.89,191.0,190.7,190.9597,0
2026-06-30 11:55:00+00:00,190.96,191.0,190.51,191.0,0
2026-06-30 11:56:00+00:00,190.79,191.0,190.5,190.95,0
2026-06-30 11:57:00+00:00,190.85,190.96,190.85,190.96,0
2026-06-30 11:58:00+00:00,190.9259,191.0,190.6,190.6,0
2026-06-30 11:59:00+00:00,190.5,190.8,190.43,190.8,0
2026-06-30 12:00:00+00:00,190.5,191.0,190.5,190.8,0
2026-06-30 12:01:00+00:00,190.5,190.9259,190.43,190.43,0
2026-06-30 12:02:00+00:00,190.54,191.0,190.2,190.8,0
2026-06-30 12:03:00+00:00,190.42,190.42,190.42,190.42,0
2026-06-30 12:04:00+00:00,190.28,190.28,190.19,190.25,0
2026-06-30 12:05:00+00:00,190.0,190.42,190.0,190.42,0
2026-06-30 12:06:00+00:00,190.42,190.55,190.21,190.32,0
2026-06-30 12:07:00+00:00,190.32,191.0,190.2984,190.72,0
2026-06-30 12:08:00+00:00,191.0,191.0,190.24,190.24,0
2026-06-30 12:09:00+00:00,190.605,190.9621,190.52,190.52,0
2026-06-30 12:10:00+00:00,190.5,190.5,190.45,190.45,0
2026-06-30 12:11:00+00:00,190.45,190.74,190.2751,190.5,0
2026-06-30 12:12:00+00:00,190.8,190.95,190.24,190.95,0
2026-06-30 12:13:00+00:00,190.3,190.58,190.2,190.4229,0
2026-06-30 12:14:00+00:00,190.44,190.44,190.1,190.1,0
2026-06-30 12:15:00+00:00,190.23,190.23,190.1,190.1659,0
2026-06-30 12:16:00+00:00,190.16,190.22,189.77,190.0,0
2026-06-30 12:17:00+00:00,189.77,189.77,189.77,189.77,0
2026-06-30 12:18:00+00:00,189.8134,190.14,189.8134,190.14,0
2026-06-30 12:19:00+00:00,189.8331,190.07,189.77,189.86,0
2026-06-30 12:20:00+00:00,190.0,190.0,189.76,189.93,0
2026-06-30 12:21:00+00:00,189.99,190.07,189.9,189.99,0
2026-06-30 12:22:00+00:00,190.07,190.07,189.83,190.06,0
2026-06-30 12:23:00+00:00,190.06,190.6,189.91,189.937,0
2026-06-30 12:24:00+00:00,189.93,190.6,189.79,190.0,0
2026-06-30 12:25:00+00:00,189.7961,190.0,189.7,189.7,0
2026-06-30 12:26:00+00:00,189.85,190.0,189.7704,189.85,0
2026-06-30 12:27:00+00:00,189.8,190.4,189.7,189.94,0
2026-06-30 12:28:00+00:00,189.7175,189.94,189.7175,189.8,0
2026-06-30 12:29:00+00:00,189.8,189.81,189.73,189.79,0
2026-06-30 12:30:00+00:00,189.94,189.94,189.7,189.7,0
2026-06-30 12:31:00+00:00,189.69,189.94,189.5,189.5,0
2026-06-30 12:32:00+00:00,189.4688,189.9116,189.32,189.6103,0
2026-06-30 12:33:00+00:00,189.32,189.69,189.3,189.69,0
2026-06-30 12:34:00+00:00,189.64,189.6697,189.3,189.32,0
2026-06-30 12:35:00+00:00,189.6,189.6235,189.32,189.59,0
2026-06-30 12:36:00+00:00,189.6,189.6,189.3,189.3,0
2026-06-30 12:37:00+00:00,189.56,189.6,189.3,189.55,0
2026-06-30 12:38:00+00:00,189.5,189.54,189.5,189.5,0
2026-06-30 12:39:00+00:00,189.55,189.8628,189.5,189.8628,0
2026-06-30 12:40:00+00:00,190.0,190.0,189.82,189.82,0
2026-06-30 12:41:00+00:00,189.82,189.82,189.52,189.52,0
2026-06-30 12:42:00+00:00,189.8,189.99,189.55,189.99,0
2026-06-30 12:43:00+00:00,189.5261,189.84,189.5,189.5,0
2026-06-30 12:44:00+00:00,189.83,189.8607,189.58,189.8607,0
2026-06-30 12:45:00+00:00,189.5901,189.5901,189.4,189.5301,0
2026-06-30 12:46:00+00:00,189.4,189.59,189.3742,189.46,0
2026-06-30 12:47:00+00:00,189.55,189.55,189.5,189.55,0
2026-06-30 12:48:00+00:00,189.5302,189.5302,189.11,189.12,0
2026-06-30 12:49:00+00:00,189.12,189.3,189.12,189.13,0
2026-06-30 12:50:00+00:00,189.26,189.38,189.13,189.3,0
2026-06-30 12:51:00+00:00,189.56,189.98,189.3,189.45,0
2026-06-30 12:52:00+00:00,189.3,190.0,189.2,189.58,0
2026-06-30 12:53:00+00:00,189.58,190.0,189.3517,189.36,0
2026-06-30 12:54:00+00:00,189.5,189.79,189.2308,189.79,0
2026-06-30 12:55:00+00:00,189.85,189.85,189.58,189.58,0
2026-06-30 12:56:00+00:00,189.4,189.58,189.0,189.04,0
2026-06-30 12:57:00+00:00,189.1715,189.1715,189.1715,189.1715,0
2026-06-30 12:58:00+00:00,189.1298,189.7,189.1298,189.7,0
2026-06-30 12:59:00+00:00,189.01,189.5634,188.95,189.1,0
2026-06-30 13:00:00+00:00,188.94,189.5488,188.94,189.0,0
2026-06-30 13:01:00+00:00,189.0,189.7,189.0,189.0,0
2026-06-30 13:02:00+00:00,189.58,189.58,189.24,189.24,0
2026-06-30 13:03:00+00:00,189.58,189.65,188.993,188.993,0
2026-06-30 13:04:00+00:00,189.0,189.5,189.0,189.24,0
2026-06-30 13:05:00+00:00,189.02,189.24,189.01,189.02,0
2026-06-30 13:06:00+00:00,189.1,189.3,188.99,189.3,0
2026-06-30 13:07:00+00:00,189.3,189.8,189.24,189.4,0
2026-06-30 13:08:00+00:00,189.44,189.69,188.99,189.43,0
2026-06-30 13:09:00+00:00,189.43,189.8,189.31,189.8,0
2026-06-30 13:10:00+00:00,189.3,189.8,189.18,189.8,0
2026-06-30 13:11:00+00:00,189.49,189.8,189.176,189.49,0
2026-06-30 13:12:00+00:00,189.6001,189.6001,189.25,189.3,0
2026-06-30 13:13:00+00:00,189.26,189.63,189.0212,189.1,0
2026-06-30 13:14:00+00:00,189.38,189.57,189.38,189.57,0
2026-06-30 13:15:00+00:00,189.6,189.6,189.45,189.5,0
2026-06-30 13:16:00+00:00,189.5567,189.61,189.5567,189.5567,0
2026-06-30 13:17:00+00:00,189.61,189.61,189.44,189.61,0
2026-06-30 13:18:00+00:00,189.3,189.3,189.3,189.3,0
2026-06-30 13:19:00+00:00,189.29,189.61,189.29,189.3,0
2026-06-30 13:20:00+00:00,189.6,189.6,189.1,189.3,0
2026-06-30 13:21:00+00:00,189.3,189.57,189.1183,189.1183,0
2026-06-30 13:22:00+00:00,189.54,189.56,189.06,189.4435,0
2026-06-30 13:23:00+00:00,189.1,189.39,189.05,189.12,0
2026-06-30 13:24:00+00:00,189.12,189.3,189.06,189.25,0
2026-06-30 13:25:00+00:00,189.32,189.39,189.09,189.15,0
2026-06-30 13:26:00+00:00,189.02,189.24,189.02,189.2183,0
2026-06-30 13:27:00+00:00,189.18,189.4,188.5,188.6,0
2026-06-30 13:28:00+00:00,188.5,188.84,188.5,188.72,0
2026-06-30 13:29:00+00:00,188.49,188.9,188.39,188.9,0
2026-06-30 13:30:00+00:00,188.77999877929688,191.38999938964844,188.2899932861328,191.38999938964844,702492
2026-06-30 13:31:00+00:00,191.07000732421875,192.77999877929688,190.52999877929688,192.49000549316406,155329
2026-06-30 13:32:00+00:00,192.49000549316406,192.49000549316406,190.6999969482422,191.36500549316406,40845
2026-06-30 13:33:00+00:00,191.35499572753906,191.35499572753906,190.1300048828125,190.2100067138672,43839
2026-06-30 13:34:00+00:00,190.14999389648438,190.99000549316406,190.10000610351562,190.10000610351562,31111
2026-06-30 13:35:00+00:00,190.1649932861328,190.88999938964844,189.6199951171875,189.74000549316406,65724
2026-06-30 13:36:00+00:00,189.6699981689453,189.6699981689453,188.22999572753906,188.97999572753906,49776
2026-06-30 13:37:00+00:00,189.2899932861328,190.1999969482422,189.10000610351562,189.84500122070312,41897
2026-06-30 13:38:00+00:00,189.7559051513672,190.38999938964844,189.5,190.0399932861328,40862
2026-06-30 13:39:00+00:00,190.09500122070312,190.27000427246094,189.86000061035156,190.07000732421875,39330
2026-06-30 13:40:00+00:00,190.1699981689453,190.63999938964844,189.89410400390625,190.63499450683594,54668
2026-06-30 13:41:00+00:00,190.52000427246094,190.52000427246094,189.7899932861328,190.10000610351562,46271
2026-06-30 13:42:00+00:00,190.10000610351562,190.41000366210938,189.6999969482422,189.7899932861328,29759
2026-06-30 13:43:00+00:00,189.7899932861328,189.85000610351562,189.38999938964844,189.66000366210938,28022
2026-06-30 13:44:00+00:00,189.5399932861328,189.5800018310547,188.7100067138672,189.375,54130
2026-06-30 13:45:00+00:00,189.24000549316406,189.41000366210938,188.83999633789062,188.8699951171875,34451
2026-06-30 13:46:00+00:00,189.02000427246094,189.02000427246094,187.89999389648438,188.33509826660156,63205
2026-06-30 13:47:00+00:00,188.19009399414062,188.3260040283203,187.92999267578125,188.04010009765625,31027
2026-06-30 13:48:00+00:00,188.0399932861328,188.38999938964844,187.36000061035156,187.5399932861328,49428
2026-06-30 13:49:00+00:00,187.50010681152344,187.50999450683594,186.5,186.5,77814
2026-06-30 13:50:00+00:00,186.5399932861328,186.96400451660156,186.12010192871094,186.7657928466797,47449
2026-06-30 13:51:00+00:00,186.83200073242188,187.56900024414062,186.66000366210938,187.36000061035156,43886
2026-06-30 13:52:00+00:00,187.36000061035156,187.52000427246094,186.8000030517578,187.1999969482422,48751
2026-06-30 13:53:00+00:00,187.35000610351562,187.8300018310547,186.89999389648438,187.8300018310547,36249
2026-06-30 13:54:00+00:00,187.9199981689453,188.8000030517578,187.52999877929688,188.8000030517578,26294
2026-06-30 13:55:00+00:00,188.8249969482422,189.9499053955078,188.8249969482422,189.6999969482422,54004
2026-06-30 13:56:00+00:00,189.63999938964844,190.02499389648438,189.55540466308594,189.84500122070312,42349
2026-06-30 13:57:00+00:00,189.72250366210938,189.9199981689453,189.69000244140625,189.9199981689453,17072
2026-06-30 13:58:00+00:00,189.9499969482422,190.23989868164062,189.72000122070312,190.1750030517578,76157
2026-06-30 13:59:00+00:00,190.10000610351562,190.5800018310547,190.10000610351562,190.41000366210938,65745
2026-06-30 14:00:00+00:00,190.3300018310547,190.55499267578125,190.02000427246094,190.11000061035156,81899
2026-06-30 14:01:00+00:00,190.0200958251953,190.1999969482422,189.26499938964844,189.83999633789062,81547
2026-06-30 14:02:00+00:00,189.86000061035156,189.97999572753906,189.32000732421875,189.4250030517578,25771
2026-06-30 14:03:00+00:00,189.25,189.93429565429688,189.24380493164062,189.93429565429688,25680
2026-06-30 14:04:00+00:00,189.72999572753906,190.14999389648438,189.72999572753906,190.06500244140625,43193
2026-06-30 14:05:00+00:00,189.94000244140625,190.22000122070312,189.78250122070312,189.9499969482422,35429
2026-06-30 14:06:00+00:00,189.83999633789062,190.07000732421875,189.55999755859375,189.92999267578125,38227
2026-06-30 14:07:00+00:00,189.98500061035156,190.51710510253906,189.92999267578125,190.47000122070312,52036
2026-06-30 14:08:00+00:00,190.4499969482422,191.94000244140625,190.36000061035156,191.74090576171875,132903
2026-06-30 14:09:00+00:00,191.63009643554688,192.7899932861328,190.89959716796875,192.7899932861328,98299
2026-06-30 14:10:00+00:00,192.72500610351562,192.9199981689453,192.24000549316406,192.50999450683594,86359
2026-06-30 14:11:00+00:00,192.64999389648438,193.35989379882812,192.6199951171875,192.92799377441406,73640
2026-06-30 14:12:00+00:00,192.8699951171875,192.94000244140625,192.12010192871094,192.4149932861328,47078
2026-06-30 14:13:00+00:00,192.39999389648438,193.13279724121094,192.27000427246094,193.11000061035156,41641
2026-06-30 14:14:00+00:00,193.02499389648438,193.5,193.02499389648438,193.1999969482422,35404
2026-06-30 14:15:00+00:00,193.21499633789062,193.3000030517578,191.90359497070312,192.05999755859375,45254
2026-06-30 14:16:00+00:00,192.13999938964844,192.89999389648438,192.0709991455078,192.50999450683594,40101
2026-06-30 14:17:00+00:00,192.53799438476562,193.389892578125,192.3000030517578,192.8000030517578,39963
2026-06-30 14:18:00+00:00,192.69000244140625,193.0800018310547,192.27999877929688,192.88999938964844,63501
2026-06-30 14:19:00+00:00,192.50999450683594,192.99000549316406,192.3800048828125,192.40249633789062,24060
2026-06-30 14:20:00+00:00,192.25999450683594,192.2899932861328,191.69540405273438,192.2899932861328,36962
2026-06-30 14:21:00+00:00,192.02000427246094,192.23989868164062,191.8000030517578,192.1999969482422,18765
2026-06-30 14:22:00+00:00,192.25,192.59500122070312,192.09010314941406,192.3350067138672,22472
2026-06-30 14:23:00+00:00,192.3350067138672,192.67999267578125,192.1999969482422,192.22999572753906,25236
2026-06-30 14:24:00+00:00,192.47000122070312,192.47000122070312,192.1199951171875,192.33839416503906,20484
2026-06-30 14:25:00+00:00,192.1699981689453,192.47999572753906,191.59010314941406,191.77110290527344,41584
2026-06-30 14:26:00+00:00,191.63999938964844,192.16000366210938,191.63999938964844,192.16000366210938,16657
2026-06-30 14:27:00+00:00,192.05999755859375,192.6699981689453,192.02000427246094,192.63499450683594,38667
2026-06-30 14:28:00+00:00,192.60499572753906,192.6999969482422,192.39999389648438,192.44500732421875,22186
2026-06-30 14:29:00+00:00,192.44500732421875,192.5399932861328,192.28250122070312,192.44000244140625,23434
2026-06-30 14:30:00+00:00,192.4499969482422,193.0,192.36000061035156,192.52999877929688,47289
2026-06-30 14:31:00+00:00,192.6300048828125,192.6300048828125,191.77999877929688,191.77999877929688,55667
2026-06-30 14:32:00+00:00,191.72000122070312,191.9600067138672,191.4199981689453,191.4199981689453,24778
2026-06-30 14:33:00+00:00,191.44000244140625,191.5800018310547,190.77000427246094,190.82009887695312,29453
2026-06-30 14:34:00+00:00,190.8300018310547,190.99000549316406,190.61000061035156,190.98989868164062,30206
2026-06-30 14:35:00+00:00,190.75,190.91000366210938,189.86000061035156,190.00999450683594,35514
2026-06-30 14:36:00+00:00,189.88999938964844,190.0800018310547,189.72000122070312,190.0800018310547,60071
2026-06-30 14:37:00+00:00,190.14999389648438,190.33140563964844,189.83999633789062,190.16000366210938,30523
2026-06-30 14:38:00+00:00,190.16000366210938,190.35000610351562,189.60000610351562,189.6199951171875,29595
2026-06-30 14:39:00+00:00,189.55560302734375,189.77000427246094,189.5399932861328,189.75999450683594,18049
2026-06-30 14:40:00+00:00,189.6999969482422,189.86000061035156,187.9801025390625,189.7899932861328,49102
2026-06-30 14:41:00+00:00,189.85000610351562,190.10989379882812,189.44000244140625,189.5500030517578,23169
2026-06-30 14:42:00+00:00,189.52000427246094,189.52000427246094,189.1199951171875,189.14999389648438,19088
2026-06-30 14:43:00+00:00,189.07000732421875,189.17999267578125,188.6300048828125,188.84500122070312,33961
2026-06-30 14:44:00+00:00,188.9499969482422,189.2790069580078,188.94500732421875,189.25999450683594,22681
2026-06-30 14:45:00+00:00,189.11000061035156,189.11000061035156,188.6999969482422,188.82000732421875,27625
2026-06-30 14:46:00+00:00,188.74000549316406,188.97000122070312,188.6999969482422,188.8000030517578,16907
2026-06-30 14:47:00+00:00,188.8300018310547,188.9199981689453,188.57000732421875,188.66000366210938,32496
2026-06-30 14:48:00+00:00,188.67750549316406,188.90989685058594,188.39120483398438,188.4499969482422,31869
2026-06-30 14:49:00+00:00,188.50999450683594,188.7449951171875,188.39999389648438,188.39999389648438,22510
2026-06-30 14:50:00+00:00,188.3813018798828,188.72000122070312,188.3813018798828,188.6750030517578,14893
2026-06-30 14:51:00+00:00,188.5500030517578,188.83990478515625,188.5,188.83990478515625,23597
2026-06-30 14:52:00+00:00,188.72999572753906,188.8300018310547,188.49000549316406,188.5800018310547,17480
2026-06-30 14:53:00+00:00,188.57000732421875,188.664794921875,188.3760986328125,188.4600067138672,24684
2026-06-30 14:54:00+00:00,188.52000427246094,188.52000427246094,188.1300048828125,188.24000549316406,21466
2026-06-30 14:55:00+00:00,188.18499755859375,188.18499755859375,187.75,187.86000061035156,32593
2026-06-30 14:56:00+00:00,187.78160095214844,188.22000122070312,187.66009521484375,188.22000122070312,37118
2026-06-30 14:57:00+00:00,188.22000122070312,188.3699951171875,187.8699951171875,187.97000122070312,20916
2026-06-30 14:58:00+00:00,187.94000244140625,187.94000244140625,187.4600067138672,187.63999938964844,29581
2026-06-30 14:59:00+00:00,187.75,187.9156036376953,187.72000122070312,187.74000549316406,26553
2026-06-30 15:00:00+00:00,187.74000549316406,188.14999389648438,187.72999572753906,188.07000732421875,30411
2026-06-30 15:01:00+00:00,188.08999633789062,188.36000061035156,188.0399932861328,188.19500732421875,24019
2026-06-30 15:02:00+00:00,188.16000366210938,188.16000366210938,187.05999755859375,187.13499450683594,49297
2026-06-30 15:03:00+00:00,187.04010009765625,187.08999633789062,186.02999877929688,186.06500244140625,106620
2026-06-30 15:04:00+00:00,186.02000427246094,186.1699981689453,185.0,186.1699981689453,160873
2026-06-30 15:05:00+00:00,186.24000549316406,186.3699951171875,186.10000610351562,186.2949981689453,57769
2026-06-30 15:06:00+00:00,186.2949981689453,186.36990356445312,186.00999450683594,186.13999938964844,26794
2026-06-30 15:07:00+00:00,186.13999938964844,186.3000030517578,186.0,186.16000366210938,25978
2026-06-30 15:08:00+00:00,186.1199951171875,186.5800018310547,186.0800018310547,186.4862060546875,40250
2026-06-30 15:09:00+00:00,186.57989501953125,186.92999267578125,186.44000244140625,186.82350158691406,93724
2026-06-30 15:10:00+00:00,186.8800048828125,186.88279724121094,186.52000427246094,186.77999877929688,34680
2026-06-30 15:11:00+00:00,186.6999969482422,186.86000061035156,186.6199951171875,186.63999938964844,26365
2026-06-30 15:12:00+00:00,186.5500030517578,186.98570251464844,186.30999755859375,186.5,36871
2026-06-30 15:13:00+00:00,186.52000427246094,186.8800048828125,186.52000427246094,186.65499877929688,16522
2026-06-30 15:14:00+00:00,186.5850067138672,186.5850067138672,186.27999877929688,186.36500549316406,42849
2026-06-30 15:15:00+00:00,186.3699951171875,186.3699951171875,185.77000427246094,185.94349670410156,50749
2026-06-30 15:16:00+00:00,185.82369995117188,186.16000366210938,185.72999572753906,186.00999450683594,46683
2026-06-30 15:17:00+00:00,185.9499969482422,186.0,185.52999877929688,185.64999389648438,44684
2026-06-30 15:18:00+00:00,185.64500427246094,185.6999969482422,184.6999969482422,184.75999450683594,136720
2026-06-30 15:19:00+00:00,184.77999877929688,184.8699951171875,184.59010314941406,184.60000610351562,56452
2026-06-30 15:20:00+00:00,184.69000244140625,184.9683074951172,184.4600067138672,184.88999938964844,55643
2026-06-30 15:21:00+00:00,184.91990661621094,185.0500030517578,184.83009338378906,184.9698944091797,36339
2026-06-30 15:22:00+00:00,184.9600067138672,185.63999938964844,184.84030151367188,185.58169555664062,53491
2026-06-30 15:23:00+00:00,185.5102996826172,186.0,185.5102996826172,186.0,46733
2026-06-30 15:24:00+00:00,186.0,186.3000030517578,185.8603057861328,185.89999389648438,60981
2026-06-30 15:25:00+00:00,185.86500549316406,186.4499969482422,185.86000061035156,186.2899932861328,55780
2026-06-30 15:26:00+00:00,186.28500366210938,186.52000427246094,186.22999572753906,186.3300018310547,63341
2026-06-30 15:27:00+00:00,186.3800048828125,186.41000366210938,186.10000610351562,186.22500610351562,40122
2026-06-30 15:28:00+00:00,186.1999969482422,186.2899932861328,185.80999755859375,185.98959350585938,44261
2026-06-30 15:29:00+00:00,185.99000549316406,186.04949951171875,185.77999877929688,185.9499969482422,22813
2026-06-30 15:30:00+00:00,185.9499969482422,186.1999969482422,185.7899932861328,185.88999938964844,33611
2026-06-30 15:31:00+00:00,186.0399932861328,186.1699981689453,185.97000122070312,186.07000732421875,70904
2026-06-30 15:32:00+00:00,186.1199951171875,186.1999969482422,186.0,186.1699981689453,19708
2026-06-30 15:33:00+00:00,186.0500030517578,186.09500122070312,185.77000427246094,185.8000030517578,26285
2026-06-30 15:34:00+00:00,185.77000427246094,186.19000244140625,185.60000610351562,186.17999267578125,54989
2026-06-30 15:35:00+00:00,186.14010620117188,186.3800048828125,186.02000427246094,186.07000732421875,19920
2026-06-30 15:36:00+00:00,185.97000122070312,186.25,185.9199981689453,186.1699981689453,34785
2026-06-30 15:37:00+00:00,186.16000366210938,186.2299041748047,185.97999572753906,186.08999633789062,29530
2026-06-30 15:38:00+00:00,186.13999938964844,186.14999389648438,185.6999969482422,185.86000061035156,64998
2026-06-30 15:39:00+00:00,185.9199981689453,186.17999267578125,185.9199981689453,186.02999877929688,72137
2026-06-30 15:40:00+00:00,186.10499572753906,186.4499969482422,186.07000732421875,186.41000366210938,43887
2026-06-30 15:41:00+00:00,186.41000366210938,186.72000122070312,186.3000030517578,186.3000030517578,73816
2026-06-30 15:42:00+00:00,186.4149932861328,186.57000732421875,186.15249633789062,186.4949951171875,42577
2026-06-30 15:43:00+00:00,186.4774932861328,186.75,186.47000122070312,186.58009338378906,34068
2026-06-30 15:44:00+00:00,186.58009338378906,186.83999633789062,186.58009338378906,186.7050018310547,18322
2026-06-30 15:45:00+00:00,186.62550354003906,186.72500610351562,186.10000610351562,186.11000061035156,41761
2026-06-30 15:46:00+00:00,186.24000549316406,186.33999633789062,185.8300018310547,186.1999969482422,77016
2026-06-30 15:47:00+00:00,186.0800018310547,186.3300018310547,186.0500030517578,186.21530151367188,31408
2026-06-30 15:48:00+00:00,186.17999267578125,186.48989868164062,186.13999938964844,186.3000030517578,43746
2026-06-30 15:49:00+00:00,186.22999572753906,187.02999877929688,186.22999572753906,186.9600067138672,87526
2026-06-30 15:50:00+00:00,186.97999572753906,187.20359802246094,186.9199981689453,187.01499938964844,42655
2026-06-30 15:51:00+00:00,187.00999450683594,187.05499267578125,186.52000427246094,186.61000061035156,32163
2026-06-30 15:52:00+00:00,186.5800018310547,186.60499572753906,186.35000610351562,186.35000610351562,19838
2026-06-30 15:53:00+00:00,186.375,186.81500244140625,186.27000427246094,186.7550048828125,65819
2026-06-30 15:54:00+00:00,186.69000244140625,187.33999633789062,186.6199951171875,187.22999572753906,30697
2026-06-30 15:55:00+00:00,187.2550048828125,187.42999267578125,186.88999938964844,187.05499267578125,41661
2026-06-30 15:56:00+00:00,187.17999267578125,187.25,186.9499969482422,187.06500244140625,16674
2026-06-30 15:57:00+00:00,187.06500244140625,187.42999267578125,186.8000030517578,187.16000366210938,35615
2026-06-30 15:58:00+00:00,187.22000122070312,187.5,187.02000427246094,187.35000610351562,38702
2026-06-30 15:59:00+00:00,187.31500244140625,187.5,187.22999572753906,187.27999877929688,33918
2026-06-30 16:00:00+00:00,187.25010681152344,187.39999389648438,187.1699981689453,187.2899932861328,25575
2026-06-30 16:01:00+00:00,187.2899932861328,187.77000427246094,187.2259979248047,187.74000549316406,53569
2026-06-30 16:02:00+00:00,187.74000549316406,187.86729431152344,187.58999633789062,187.80999755859375,40234
2026-06-30 16:03:00+00:00,187.80999755859375,187.83999633789062,187.13999938964844,187.52499389648438,60357
2026-06-30 16:04:00+00:00,187.42999267578125,187.63999938964844,187.24000549316406,187.55999755859375,20935
2026-06-30 16:05:00+00:00,187.55999755859375,187.9499969482422,187.5,187.9199981689453,32936
2026-06-30 16:06:00+00:00,187.9499969482422,187.9499969482422,187.73500061035156,187.8000030517578,17948
2026-06-30 16:07:00+00:00,187.80999755859375,187.80999755859375,187.3699951171875,187.5050048828125,36733
2026-06-30 16:08:00+00:00,187.5050048828125,187.69000244140625,187.3699951171875,187.5500030517578,40025
2026-06-30 16:09:00+00:00,187.5500030517578,187.69569396972656,187.4499969482422,187.54010009765625,16974
2026-06-30 16:10:00+00:00,187.625,187.63499450683594,187.3800048828125,187.4499969482422,15109
2026-06-30 16:11:00+00:00,187.4499969482422,187.49000549316406,187.05999755859375,187.08999633789062,42645
2026-06-30 16:12:00+00:00,187.00999450683594,187.27000427246094,186.91000366210938,186.92999267578125,47867
2026-06-30 16:13:00+00:00,186.99000549316406,186.99000549316406,186.69000244140625,186.8800048828125,25642
2026-06-30 16:14:00+00:00,186.86500549316406,186.88499450683594,186.6300048828125,186.72999572753906,33528
2026-06-30 16:15:00+00:00,186.76499938964844,186.76499938964844,186.48500061035156,186.5749969482422,33752
2026-06-30 16:16:00+00:00,186.5749969482422,186.90379333496094,186.47000122070312,186.77760314941406,23516
2026-06-30 16:17:00+00:00,186.6699981689453,186.6699981689453,186.1750030517578,186.17999267578125,32405
2026-06-30 16:18:00+00:00,186.2653045654297,186.42999267578125,185.86000061035156,186.37240600585938,38543
2026-06-30 16:19:00+00:00,186.2899932861328,186.57000732421875,186.16009521484375,186.49000549316406,15224
2026-06-30 16:20:00+00:00,186.5449981689453,186.63270568847656,186.47999572753906,186.52000427246094,17938
2026-06-30 16:21:00+00:00,186.57000732421875,186.58999633789062,186.33999633789062,186.36000061035156,16802
2026-06-30 16:22:00+00:00,186.33999633789062,186.90989685058594,186.32000732421875,186.8800048828125,20190
2026-06-30 16:23:00+00:00,186.7899932861328,186.97740173339844,186.52999877929688,186.72000122070312,32625
2026-06-30 16:24:00+00:00,186.77999877929688,186.92999267578125,186.6699981689453,186.88999938964844,28570
2026-06-30 16:25:00+00:00,186.88499450683594,186.9499969482422,186.64500427246094,186.64500427246094,26867
2026-06-30 16:26:00+00:00,186.6009063720703,186.7899932861328,186.50999450683594,186.67999267578125,43071
2026-06-30 16:27:00+00:00,186.61000061035156,186.8300018310547,186.61000061035156,186.75999450683594,21680
2026-06-30 16:28:00+00:00,186.6999969482422,186.7100067138672,186.5500030517578,186.60000610351562,12629
2026-06-30 16:29:00+00:00,186.52000427246094,186.77000427246094,186.3000030517578,186.30999755859375,67041
2026-06-30 16:30:00+00:00,186.25,186.27999877929688,186.0399932861328,186.13999938964844,23834
2026-06-30 16:31:00+00:00,186.1649932861328,186.39999389648438,186.11000061035156,186.1999969482422,23028
2026-06-30 16:32:00+00:00,186.22000122070312,186.39999389648438,186.08999633789062,186.08999633789062,14746
2026-06-30 16:33:00+00:00,186.25999450683594,186.25999450683594,185.97999572753906,186.03500366210938,17831
2026-06-30 16:34:00+00:00,186.00999450683594,186.0399932861328,185.5,185.57699584960938,36253
2026-06-30 16:35:00+00:00,185.55999755859375,185.80999755859375,185.32000732421875,185.77499389648438,40627
2026-06-30 16:36:00+00:00,185.78500366210938,185.92999267578125,185.77999877929688,185.89999389648438,25304
2026-06-30 16:37:00+00:00,185.8800048828125,186.0,185.7899932861328,185.8699951171875,23007
2026-06-30 16:38:00+00:00,185.8000030517578,186.01480102539062,185.78500366210938,186.01480102539062,15823
2026-06-30 16:39:00+00:00,185.9053955078125,186.25,185.9053955078125,186.1649932861328,22329
2026-06-30 16:40:00+00:00,186.18850708007812,186.18910217285156,185.97999572753906,186.0399932861328,12561
2026-06-30 16:41:00+00:00,186.16000366210938,186.18479919433594,185.9600067138672,186.18479919433594,15502
2026-06-30 16:42:00+00:00,186.1199951171875,186.38999938964844,186.1199951171875,186.38999938964844,16960
2026-06-30 16:43:00+00:00,186.34500122070312,186.64990234375,186.34500122070312,186.44000244140625,23246
2026-06-30 16:44:00+00:00,186.47999572753906,186.64999389648438,186.4199981689453,186.50999450683594,13770
2026-06-30 16:45:00+00:00,186.55999755859375,186.7100067138672,186.5,186.5399932861328,23236
2026-06-30 16:46:00+00:00,186.5399932861328,186.5399932861328,186.05999755859375,186.10000610351562,31377
2026-06-30 16:47:00+00:00,186.14999389648438,186.3000030517578,186.11000061035156,186.25,27044
2026-06-30 16:48:00+00:00,186.2100067138672,186.3300018310547,186.14999389648438,186.3300018310547,18607
2026-06-30 16:49:00+00:00,186.3477020263672,186.52000427246094,186.27999877929688,186.32000732421875,21516
2026-06-30 16:50:00+00:00,186.30999755859375,186.32000732421875,186.1699981689453,186.2899932861328,19536
2026-06-30 16:51:00+00:00,186.22999572753906,186.25,186.14500427246094,186.23500061035156,18191
2026-06-30 16:52:00+00:00,186.1699981689453,186.1699981689453,186.0,186.10000610351562,18202
2026-06-30 16:53:00+00:00,186.11000061035156,186.1300048828125,186.02999877929688,186.0850067138672,5199
2026-06-30 16:54:00+00:00,186.0500030517578,186.0699005126953,185.8800048828125,185.93499755859375,20743
2026-06-30 16:55:00+00:00,185.90499877929688,186.11000061035156,185.86000061035156,186.11000061035156,19724
2026-06-30 16:56:00+00:00,186.0800018310547,186.12989807128906,185.86000061035156,186.0399932861328,15585
2026-06-30 16:57:00+00:00,186.05999755859375,186.05999755859375,185.86500549316406,186.0399932861328,7277
2026-06-30 16:58:00+00:00,185.96499633789062,185.96499633789062,185.77999877929688,185.89999389648438,11509
2026-06-30 16:59:00+00:00,185.92999267578125,185.93209838867188,185.8800048828125,185.8800048828125,6750
2026-06-30 17:00:00+00:00,185.9311981201172,186.0399932861328,185.82000732421875,185.90499877929688,15601
2026-06-30 17:01:00+00:00,185.88999938964844,185.94749450683594,185.6999969482422,185.9199981689453,22541
2026-06-30 17:02:00+00:00,185.85499572753906,185.9199981689453,185.48500061035156,185.55999755859375,20206
2026-06-30 17:03:00+00:00,185.66000366210938,185.7299041748047,185.4199981689453,185.4199981689453,26714
2026-06-30 17:04:00+00:00,185.37950134277344,185.3800048828125,185.05999755859375,185.30499267578125,38231
2026-06-30 17:05:00+00:00,185.3699951171875,185.5998992919922,185.2722930908203,185.52999877929688,12260
2026-06-30 17:06:00+00:00,185.5,185.60800170898438,185.4600067138672,185.49000549316406,12788
2026-06-30 17:07:00+00:00,185.52999877929688,185.52999877929688,185.27999877929688,185.38999938964844,16594
2026-06-30 17:08:00+00:00,185.4499969482422,185.49989318847656,185.36000061035156,185.38999938964844,11898
2026-06-30 17:09:00+00:00,185.38499450683594,185.4499969482422,185.24000549316406,185.36000061035156,20546
2026-06-30 17:10:00+00:00,185.33999633789062,185.33999633789062,185.14059448242188,185.2100067138672,10956
2026-06-30 17:11:00+00:00,185.25,185.4199981689453,185.13009643554688,185.4199981689453,26507
2026-06-30 17:12:00+00:00,185.3842010498047,185.49000549316406,185.2301025390625,185.33999633789062,14509
2026-06-30 17:13:00+00:00,185.2899932861328,185.35000610351562,184.8242950439453,184.86000061035156,53394
2026-06-30 17:14:00+00:00,184.86000061035156,184.91000366210938,184.6999969482422,184.75999450683594,38153
2026-06-30 17:15:00+00:00,184.90750122070312,184.97999572753906,184.71730041503906,184.86000061035156,13722
2026-06-30 17:16:00+00:00,184.99000549316406,185.0998992919922,184.9199981689453,185.0,17944
2026-06-30 17:17:00+00:00,184.97999572753906,185.08999633789062,184.91000366210938,185.07000732421875,21628
2026-06-30 17:18:00+00:00,185.0399932861328,185.27000427246094,184.9600067138672,185.27000427246094,33450
2026-06-30 17:19:00+00:00,185.23500061035156,185.3498992919922,185.22999572753906,185.30999755859375,9692
2026-06-30 17:20:00+00:00,185.3249969482422,185.41000366210938,185.24000549316406,185.33999633789062,12432
2026-06-30 17:21:00+00:00,185.2967987060547,185.33999633789062,185.19000244140625,185.3300018310547,16283
2026-06-30 17:22:00+00:00,185.36000061035156,185.375,185.10000610351562,185.1699981689453,22865
2026-06-30 17:23:00+00:00,185.14999389648438,185.28750610351562,185.13999938964844,185.14370727539062,11154
2026-06-30 17:24:00+00:00,185.2899932861328,185.32000732421875,185.2050018310547,185.28359985351562,10396
2026-06-30 17:25:00+00:00,185.27000427246094,185.4600067138672,185.22000122070312,185.22999572753906,20768
2026-06-30 17:26:00+00:00,185.22000122070312,185.389892578125,185.10000610351562,185.19000244140625,12527
2026-06-30 17:27:00+00:00,185.19000244140625,185.36000061035156,185.0800018310547,185.2899932861328,13077
2026-06-30 17:28:00+00:00,185.30499267578125,185.39999389648438,185.2908935546875,185.3699951171875,10751
2026-06-30 17:29:00+00:00,185.35499572753906,185.4499969482422,185.22019958496094,185.2949981689453,14997
2026-06-30 17:30:00+00:00,185.2949981689453,185.39999389648438,185.2050018310547,185.39999389648438,12413
2026-06-30 17:31:00+00:00,185.30999755859375,185.57000732421875,185.25,185.5500030517578,27696
2026-06-30 17:32:00+00:00,185.5500030517578,185.625,185.47000122070312,185.4774932861328,15166
2026-06-30 17:33:00+00:00,185.47999572753906,185.55499267578125,185.47999572753906,185.50999450683594,10941
2026-06-30 17:34:00+00:00,185.47500610351562,185.60000610351562,185.33999633789062,185.40499877929688,26811
2026-06-30 17:35:00+00:00,185.35000610351562,185.66000366210938,185.35000610351562,185.4499969482422,20250
2026-06-30 17:36:00+00:00,185.44110107421875,185.97000122070312,185.44000244140625,185.8800048828125,21222
2026-06-30 17:37:00+00:00,185.85000610351562,185.8592071533203,185.6219024658203,185.64999389648438,7897
2026-06-30 17:38:00+00:00,185.66000366210938,185.6999053955078,185.5,185.61500549316406,13579
2026-06-30 17:39:00+00:00,185.64999389648438,186.3000030517578,185.64999389648438,186.20880126953125,29675
2026-06-30 17:40:00+00:00,186.22500610351562,186.38999938964844,186.13999938964844,186.22999572753906,24609
2026-06-30 17:41:00+00:00,186.16090393066406,186.3699951171875,186.16090393066406,186.31500244140625,22748
2026-06-30 17:42:00+00:00,186.31500244140625,186.49000549316406,186.25999450683594,186.3300018310547,25013
2026-06-30 17:43:00+00:00,186.3300018310547,186.49000549316406,186.3000030517578,186.4199981689453,41386
2026-06-30 17:44:00+00:00,186.43499755859375,186.50999450683594,186.0500030517578,186.08999633789062,35752
2026-06-30 17:45:00+00:00,186.1999969482422,186.25,185.8800048828125,186.08999633789062,32648
2026-06-30 17:46:00+00:00,186.02999877929688,186.33999633789062,185.9499969482422,186.14500427246094,26489
2026-06-30 17:47:00+00:00,186.06500244140625,186.06500244140625,185.6999969482422,185.8350067138672,15251
2026-06-30 17:48:00+00:00,185.88009643554688,185.9499969482422,185.77000427246094,185.94000244140625,27759
2026-06-30 17:49:00+00:00,185.94000244140625,186.07159423828125,185.88160705566406,185.97999572753906,17588
2026-06-30 17:50:00+00:00,185.97999572753906,186.02999877929688,185.82000732421875,185.89999389648438,15124
2026-06-30 17:51:00+00:00,186.0,186.1750030517578,185.89999389648438,186.00999450683594,22951
2026-06-30 17:52:00+00:00,185.97999572753906,186.039306640625,185.67999267578125,185.72999572753906,16702
2026-06-30 17:53:00+00:00,185.72000122070312,185.80499267578125,185.72000122070312,185.75999450683594,10593
2026-06-30 17:54:00+00:00,185.7100067138672,185.75,185.61000061035156,185.63999938964844,13458
2026-06-30 17:55:00+00:00,185.6300048828125,185.83999633789062,185.6300048828125,185.80999755859375,31280
2026-06-30 17:56:00+00:00,185.76499938964844,185.90989685058594,185.74000549316406,185.75,12582
2026-06-30 17:57:00+00:00,185.77999877929688,185.98989868164062,185.77999877929688,185.8699951171875,23281
2026-06-30 17:58:00+00:00,185.94000244140625,185.94500732421875,185.75999450683594,185.91000366210938,14517
2026-06-30 17:59:00+00:00,185.9250030517578,186.11000061035156,185.9250030517578,185.9906005859375,19244
2026-06-30 18:00:00+00:00,186.0749969482422,186.17999267578125,185.97000122070312,186.05999755859375,19059
2026-06-30 18:01:00+00:00,186.0800018310547,186.11500549316406,185.97999572753906,186.01499938964844,15767
2026-06-30 18:02:00+00:00,186.0,186.2050018310547,185.91009521484375,186.09500122070312,29876
2026-06-30 18:03:00+00:00,186.02000427246094,186.1649932861328,185.94000244140625,186.11000061035156,17893
2026-06-30 18:04:00+00:00,186.14999389648438,186.2899932861328,186.04100036621094,186.25999450683594,27351
2026-06-30 18:05:00+00:00,186.21499633789062,186.2799072265625,186.05999755859375,186.05999755859375,12095
2026-06-30 18:06:00+00:00,186.0800018310547,186.0800018310547,185.7899932861328,185.9149932861328,19698
2026-06-30 18:07:00+00:00,185.8699951171875,186.3000030517578,185.86500549316406,186.27999877929688,11833
2026-06-30 18:08:00+00:00,186.25,186.66000366210938,186.22999572753906,186.52000427246094,108572
2026-06-30 18:09:00+00:00,186.52499389648438,187.0,186.44000244140625,186.9600067138672,91531
2026-06-30 18:10:00+00:00,186.86000061035156,187.27999877929688,186.25999450683594,186.25999450683594,49224
2026-06-30 18:11:00+00:00,186.30999755859375,186.6699981689453,186.25999450683594,186.6699981689453,19132
2026-06-30 18:12:00+00:00,186.60000610351562,186.6999969482422,186.50999450683594,186.6199951171875,10161
2026-06-30 18:13:00+00:00,186.4949951171875,186.60000610351562,186.4600067138672,186.47000122070312,11533
2026-06-30 18:14:00+00:00,186.4199981689453,186.4199981689453,186.24000549316406,186.3699951171875,12263
2026-06-30 18:15:00+00:00,186.33999633789062,186.375,186.24000549316406,186.24000549316406,16090
2026-06-30 18:16:00+00:00,186.27999877929688,186.44830322265625,186.22999572753906,186.39999389648438,14506
2026-06-30 18:17:00+00:00,186.3800048828125,186.3800048828125,186.16000366210938,186.22000122070312,13744
2026-06-30 18:18:00+00:00,186.1374969482422,186.3300018310547,186.11000061035156,186.25999450683594,19374
2026-06-30 18:19:00+00:00,186.31500244140625,186.31500244140625,186.17999267578125,186.24000549316406,14575
2026-06-30 18:20:00+00:00,186.22000122070312,186.5,186.18499755859375,186.32000732421875,17511
2026-06-30 18:21:00+00:00,186.3699951171875,186.8000030517578,186.3699951171875,186.69000244140625,39414
2026-06-30 18:22:00+00:00,186.63499450683594,186.6999969482422,186.30999755859375,186.46299743652344,15151
2026-06-30 18:23:00+00:00,186.389892578125,186.4199981689453,186.3249969482422,186.36000061035156,4358
2026-06-30 18:24:00+00:00,186.32000732421875,186.37989807128906,186.3000030517578,186.37989807128906,7226
2026-06-30 18:25:00+00:00,186.25999450683594,186.38999938964844,186.23500061035156,186.25999450683594,17240
2026-06-30 18:26:00+00:00,186.3300018310547,186.39999389648438,186.25010681152344,186.3300018310547,10196
2026-06-30 18:27:00+00:00,186.35499572753906,186.41000366210938,186.35499572753906,186.36000061035156,16027
2026-06-30 18:28:00+00:00,186.32000732421875,186.44000244140625,186.2949981689453,186.44000244140625,11433
2026-06-30 18:29:00+00:00,186.41000366210938,186.55999755859375,186.41000366210938,186.53500366210938,14365
2026-06-30 18:30:00+00:00,186.47000122070312,186.5,186.27999877929688,186.27999877929688,16264
2026-06-30 18:31:00+00:00,186.25999450683594,186.3300018310547,186.13999938964844,186.17999267578125,23384
2026-06-30 18:32:00+00:00,186.19000244140625,186.19000244140625,185.6699981689453,185.8000030517578,35254
2026-06-30 18:33:00+00:00,185.77000427246094,185.8800048828125,185.69000244140625,185.8011016845703,16041
2026-06-30 18:34:00+00:00,185.8300018310547,185.8699951171875,185.6199951171875,185.6199951171875,14417
2026-06-30 18:35:00+00:00,185.66000366210938,185.6999969482422,185.5800018310547,185.58999633789062,17649
2026-06-30 18:36:00+00:00,185.6199951171875,185.75,185.5399932861328,185.68499755859375,46011
2026-06-30 18:37:00+00:00,185.72999572753906,185.85989379882812,185.63999938964844,185.66000366210938,17627
2026-06-30 18:38:00+00:00,185.72000122070312,185.80990600585938,185.6199951171875,185.66000366210938,12843
2026-06-30 18:39:00+00:00,185.63999938964844,185.77000427246094,185.60499572753906,185.7550048828125,11071
2026-06-30 18:40:00+00:00,185.73500061035156,185.7550048828125,185.7100067138672,185.74000549316406,10186
2026-06-30 18:41:00+00:00,185.7449951171875,186.00999450683594,185.6999969482422,186.00999450683594,19900
2026-06-30 18:42:00+00:00,186.0,186.10000610351562,185.9300994873047,186.0399932861328,15033
2026-06-30 18:43:00+00:00,185.9949951171875,186.22500610351562,185.9949951171875,186.22500610351562,20539
2026-06-30 18:44:00+00:00,186.1999969482422,186.42999267578125,186.17999267578125,186.4290008544922,18844
2026-06-30 18:45:00+00:00,186.38250732421875,186.42999267578125,186.2100067138672,186.30999755859375,16762
2026-06-30 18:46:00+00:00,186.25,186.27999877929688,186.11000061035156,186.22999572753906,24704
2026-06-30 18:47:00+00:00,186.1699981689453,186.3000030517578,186.08999633789062,186.2198944091797,18114
2026-06-30 18:48:00+00:00,186.1999969482422,186.56500244140625,186.1999969482422,186.44000244140625,64632
2026-06-30 18:49:00+00:00,186.50999450683594,186.5399932861328,186.3699951171875,186.3699951171875,35096
2026-06-30 18:50:00+00:00,186.35000610351562,186.47000122070312,186.1199951171875,186.27999877929688,34730
2026-06-30 18:51:00+00:00,186.3300018310547,186.3300018310547,185.8699951171875,186.01499938964844,26678
2026-06-30 18:52:00+00:00,186.0500030517578,186.13999938964844,185.89999389648438,185.9600067138672,36714
2026-06-30 18:53:00+00:00,185.9600067138672,185.9600067138672,185.64999389648438,185.86000061035156,42283
2026-06-30 18:54:00+00:00,185.8800048828125,185.88999938964844,185.72999572753906,185.85000610351562,19170
2026-06-30 18:55:00+00:00,185.85000610351562,185.9600067138672,185.85000610351562,185.92999267578125,13893
2026-06-30 18:56:00+00:00,185.88999938964844,185.88999938964844,185.72999572753906,185.82000732421875,16708
2026-06-30 18:57:00+00:00,185.75999450683594,185.75999450683594,185.61000061035156,185.625,25714
2026-06-30 18:58:00+00:00,185.6649932861328,185.7100067138672,185.4499969482422,185.64999389648438,35567
2026-06-30 18:59:00+00:00,185.69000244140625,185.69000244140625,185.42999267578125,185.42999267578125,18116
2026-06-30 19:00:00+00:00,185.39999389648438,185.6739044189453,185.35499572753906,185.58999633789062,26383
2026-06-30 19:01:00+00:00,185.60000610351562,185.60000610351562,185.4149932861328,185.4550018310547,16030
2026-06-30 19:02:00+00:00,185.44500732421875,185.5,185.32000732421875,185.4600067138672,20841
2026-06-30 19:03:00+00:00,185.4300994873047,185.49000549316406,185.32679748535156,185.3699951171875,15306
2026-06-30 19:04:00+00:00,185.4199981689453,185.49000549316406,185.24000549316406,185.40499877929688,30591
2026-06-30 19:05:00+00:00,185.3699951171875,185.52999877929688,185.25,185.25,15232
2026-06-30 19:06:00+00:00,185.2301025390625,185.66000366210938,185.1649932861328,185.6199951171875,21703
2026-06-30 19:07:00+00:00,185.55999755859375,185.7100067138672,185.5399932861328,185.55999755859375,20696
2026-06-30 19:08:00+00:00,185.63999938964844,185.9600067138672,185.5800018310547,185.75999450683594,17483
2026-06-30 19:09:00+00:00,185.76499938964844,185.76499938964844,185.6300048828125,185.64999389648438,16361
2026-06-30 19:10:00+00:00,185.61000061035156,185.7899932861328,185.5500030517578,185.72500610351562,19500
2026-06-30 19:11:00+00:00,185.77999877929688,185.9499053955078,185.77999877929688,185.82110595703125,23060
2026-06-30 19:12:00+00:00,185.82000732421875,185.89559936523438,185.7100067138672,185.8000030517578,23534
2026-06-30 19:13:00+00:00,185.8000030517578,185.82000732421875,185.65499877929688,185.66000366210938,16064
2026-06-30 19:14:00+00:00,185.6699981689453,185.85000610351562,185.6699981689453,185.72999572753906,13570
2026-06-30 19:15:00+00:00,185.72500610351562,185.8300018310547,185.47999572753906,185.5399932861328,26096
2026-06-30 19:16:00+00:00,185.61000061035156,185.8000030517578,185.55250549316406,185.69000244140625,25073
2026-06-30 19:17:00+00:00,185.64999389648438,185.7698974609375,185.55999755859375,185.6300048828125,29466
2026-06-30 19:18:00+00:00,185.6699981689453,185.88999938964844,185.6699981689453,185.8000030517578,29145
2026-06-30 19:19:00+00:00,185.8249969482422,185.9600067138672,185.6999969482422,185.7899932861328,23291
2026-06-30 19:20:00+00:00,185.77999877929688,185.97000122070312,185.7100067138672,185.89999389648438,28924
2026-06-30 19:21:00+00:00,185.92010498046875,186.02999877929688,185.72999572753906,185.75999450683594,31668
2026-06-30 19:22:00+00:00,185.74000549316406,185.92999267578125,185.74000549316406,185.7899932861328,14340
2026-06-30 19:23:00+00:00,185.8300018310547,185.9398956298828,185.77000427246094,185.80999755859375,18604
2026-06-30 19:24:00+00:00,185.80999755859375,185.85989379882812,185.52000427246094,185.52000427246094,28721
2026-06-30 19:25:00+00:00,185.57000732421875,185.7100067138672,185.52999877929688,185.64999389648438,18538
2026-06-30 19:26:00+00:00,185.66000366210938,185.75,185.2301025390625,185.38999938964844,63522
2026-06-30 19:27:00+00:00,185.44000244140625,185.49899291992188,185.27000427246094,185.3000030517578,40586
2026-06-30 19:28:00+00:00,185.3000030517578,185.5800018310547,185.3000030517578,185.54859924316406,28292
2026-06-30 19:29:00+00:00,185.53500366210938,185.72999572753906,185.43499755859375,185.5,45107
2026-06-30 19:30:00+00:00,185.49000549316406,185.5,185.00999450683594,185.10000610351562,48529
2026-06-30 19:31:00+00:00,185.08999633789062,185.25999450683594,184.89999389648438,184.93499755859375,82429
2026-06-30 19:32:00+00:00,184.93499755859375,184.94500732421875,184.6300048828125,184.6999969482422,53795
2026-06-30 19:33:00+00:00,184.72999572753906,185.08999633789062,184.72999572753906,185.0500030517578,38683
2026-06-30 19:34:00+00:00,185.0500030517578,185.1699981689453,184.96499633789062,184.99000549316406,34166
2026-06-30 19:35:00+00:00,184.99000549316406,185.1199951171875,184.8800048828125,184.97999572753906,34609
2026-06-30 19:36:00+00:00,184.89010620117188,185.1300048828125,184.8000030517578,184.99000549316406,54693
2026-06-30 19:37:00+00:00,185.02499389648438,185.06390380859375,184.82000732421875,184.89990234375,43433
2026-06-30 19:38:00+00:00,184.88999938964844,184.89999389648438,184.7100067138672,184.77999877929688,41687
2026-06-30 19:39:00+00:00,184.8000030517578,184.91419982910156,184.72999572753906,184.7949981689453,28006
2026-06-30 19:40:00+00:00,184.82000732421875,185.1699981689453,184.75,185.07000732421875,50929
2026-06-30 19:41:00+00:00,185.0800018310547,185.1414031982422,184.77000427246094,184.7949981689453,43709
2026-06-30 19:42:00+00:00,184.8300018310547,184.99000549316406,184.8300018310547,184.88999938964844,35842
2026-06-30 19:43:00+00:00,184.91000366210938,185.0800018310547,184.84500122070312,184.92999267578125,44912
2026-06-30 19:44:00+00:00,184.88499450683594,185.1699981689453,184.88499450683594,185.1699981689453,38821
2026-06-30 19:45:00+00:00,185.1573944091797,185.36000061035156,185.13999938964844,185.24749755859375,63246
2026-06-30 19:46:00+00:00,185.27000427246094,185.39999389648438,185.1501007080078,185.33999633789062,56259
2026-06-30 19:47:00+00:00,185.27000427246094,185.39999389648438,185.17999267578125,185.17999267578125,49339
2026-06-30 19:48:00+00:00,185.14999389648438,185.1999969482422,184.80999755859375,184.82000732421875,72126
2026-06-30 19:49:00+00:00,184.84500122070312,184.90989685058594,184.6999969482422,184.6999969482422,31933
2026-06-30 19:50:00+00:00,184.77000427246094,184.97999572753906,184.4199981689453,184.45249938964844,118645
2026-06-30 19:51:00+00:00,184.44000244140625,184.60499572753906,184.0800018310547,184.22999572753906,144060
2026-06-30 19:52:00+00:00,184.26339721679688,184.52999877929688,184.22999572753906,184.38999938964844,91702
2026-06-30 19:53:00+00:00,184.38999938964844,185.13999938964844,184.3800048828125,184.99000549316406,125487
2026-06-30 19:54:00+00:00,184.97999572753906,185.11500549316406,184.30999755859375,184.30999755859375,202067
2026-06-30 19:55:00+00:00,184.3000030517578,184.6999969482422,184.10000610351562,184.46499633789062,179673
2026-06-30 19:56:00+00:00,184.49000549316406,184.80999755859375,184.4199981689453,184.80999755859375,167876
2026-06-30 19:57:00+00:00,184.83999633789062,184.89999389648438,184.5399932861328,184.55499267578125,203986
2026-06-30 19:58:00+00:00,184.5500030517578,184.77999877929688,184.5500030517578,184.75,320072
2026-06-30 19:59:00+00:00,184.74000549316406,184.83999633789062,184.47999572753906,184.77999877929688,714804
2026-06-30 20:00:00+00:00,184.79,184.94,184.51,184.79,1947955
2026-06-30 20:01:00+00:00,184.85,184.85,184.5,184.8,0
2026-06-30 20:02:00+00:00,184.85,185.0,184.6519,184.9876,0
2026-06-30 20:03:00+00:00,184.79,185.16,184.71,185.16,0
2026-06-30 20:04:00+00:00,185.16,185.16,184.79,185.16,0
2026-06-30 20:05:00+00:00,185.15,185.15,184.79,184.79,0
2026-06-30 20:06:00+00:00,185.0,185.1497,184.79,185.0,0
2026-06-30 20:07:00+00:00,185.0195,185.29,185.0,185.29,0
2026-06-30 20:08:00+00:00,185.15,185.3,184.79,185.1615,0
2026-06-30 20:09:00+00:00,185.25,185.29,184.79,185.29,0
2026-06-30 20:10:00+00:00,184.79,185.3,184.79,185.3,0
2026-06-30 20:11:00+00:00,185.0,185.48,184.79,185.4302,0
2026-06-30 20:12:00+00:00,185.06,185.47,184.79,185.2828,0
2026-06-30 20:13:00+00:00,185.22,185.47,185.09,185.47,0
2026-06-30 20:14:00+00:00,185.22,185.28,185.0112,185.2,0
2026-06-30 20:15:00+00:00,185.2,185.2,185.0113,185.1952,0
2026-06-30 20:16:00+00:00,185.01,185.1528,184.94,184.99,0
2026-06-30 20:17:00+00:00,184.9471,185.0,184.8,185.0,0
2026-06-30 20:18:00+00:00,184.9447,185.19,184.8,184.9,0
2026-06-30 20:19:00+00:00,184.8706,185.1995,184.8706,185.1995,0
2026-06-30 20:20:00+00:00,184.79,185.39,184.79,185.17,0
2026-06-30 20:21:00+00:00,185.09,185.38,185.06,185.38,0
2026-06-30 20:22:00+00:00,185.3,185.38,185.05,185.1677,0
2026-06-30 20:23:00+00:00,185.29,185.38,185.18,185.1826,0
2026-06-30 20:24:00+00:00,185.06,185.36,185.05,185.36,0
2026-06-30 20:25:00+00:00,185.0602,185.38,185.06,185.38,0
2026-06-30 20:26:00+00:00,185.3371,185.3371,184.79,185.3,0
2026-06-30 20:27:00+00:00,184.79,185.19,184.79,185.19,0
2026-06-30 20:28:00+00:00,185.38,185.39,185.131,185.3,0
2026-06-30 20:29:00+00:00,185.3,185.33,185.11,185.2882,0
2026-06-30 20:30:00+00:00,185.29,185.3,185.2621,185.2621,0
2026-06-30 20:31:00+00:00,185.2,185.29,185.1,185.1,0
2026-06-30 20:32:00+00:00,185.18,185.25,185.076,185.1,0
2026-06-30 20:33:00+00:00,185.1133,185.2,185.1133,185.14,0
2026-06-30 20:34:00+00:00,185.05,185.25,185.05,185.25,0
2026-06-30 20:35:00+00:00,185.24,185.3488,185.23,185.3,0
2026-06-30 20:36:00+00:00,185.35,185.35,185.3,185.3,0
2026-06-30 20:37:00+00:00,185.2,185.2,185.1147,185.12,0
2026-06-30 20:38:00+00:00,185.13,185.2,185.0,185.0,0
2026-06-30 20:39:00+00:00,185.0,185.1992,185.0,185.19,0
2026-06-30 20:40:00+00:00,185.1832,185.2,185.05,185.12,0
2026-06-30 20:41:00+00:00,185.05,185.1815,185.05,185.05,0
2026-06-30 20:42:00+00:00,185.1084,185.2,185.05,185.2,0
2026-06-30 20:43:00+00:00,185.12,185.2,185.05,185.1883,0
2026-06-30 20:44:00+00:00,185.11,185.3,185.11,185.2,0
2026-06-30 20:45:00+00:00,185.29,185.3,185.11,185.2746,0
2026-06-30 20:46:00+00:00,185.27,185.3,185.2127,185.3,0
2026-06-30 20:47:00+00:00,185.3,185.3,185.2,185.22,0
2026-06-30 20:48:00+00:00,185.1803,190.471,185.11,185.29,0
2026-06-30 20:49:00+00:00,185.29,185.3,185.2,185.27,0
2026-06-30 20:50:00+00:00,185.27,185.47,185.2,185.47,0
2026-06-30 20:51:00+00:00,185.38,185.38,185.27,185.35,0
2026-06-30 20:52:00+00:00,185.2,185.3,185.18,185.18,0
2026-06-30 20:53:00+00:00,185.1619,185.19,185.03,185.0994,0
2026-06-30 20:54:00+00:00,185.05,185.19,185.0,185.19,0
2026-06-30 20:55:00+00:00,185.2,185.2,185.05,185.1753,0
2026-06-30 20:56:00+00:00,185.02,185.19,185.0,185.19,0
2026-06-30 20:57:00+00:00,185.02,185.1,185.02,185.1,0
2026-06-30 20:58:00+00:00,185.05,185.2,185.0,185.0,0
2026-06-30 20:59:00+00:00,185.02,185.19,184.79,185.026,0
2026-06-30 21:00:00+00:00,185.09,185.19,185.026,185.19,0
2026-06-30 21:01:00+00:00,185.1065,185.2,185.094,185.199,0
2026-06-30 21:02:00+00:00,185.2,185.2,185.0608,185.19,0
2026-06-30 21:03:00+00:00,185.1818,185.19,185.13,185.13,0
2026-06-30 21:04:00+00:00,185.13,185.2,185.13,185.1814,0
2026-06-30 21:05:00+00:00,185.13,185.2,185.13,185.2,0
2026-06-30 21:06:00+00:00,185.19,185.2,185.14,185.1786,0
2026-06-30 21:07:00+00:00,185.17,185.47,185.17,185.4,0
2026-06-30 21:08:00+00:00,185.37,185.47,185.2525,185.38,0
2026-06-30 21:09:00+00:00,185.38,185.461,185.1568,185.461,0
2026-06-30 21:10:00+00:00,185.45,185.45,185.45,185.45,0
2026-06-30 21:11:00+00:00,185.45,185.47,185.38,185.4,0
2026-06-30 21:12:00+00:00,185.39,185.47,185.2,185.47,0
2026-06-30 21:13:00+00:00,185.47,185.47,185.0,185.0322,0
2026-06-30 21:14:00+00:00,185.2,185.25,185.0,185.15,0
2026-06-30 21:15:00+00:00,185.47,185.47,185.26,185.35,0
2026-06-30 21:16:00+00:00,185.4427,185.4427,185.3,185.4,0
2026-06-30 21:17:00+00:00,185.35,185.47,185.2605,185.45,0
2026-06-30 21:18:00+00:00,185.2858,185.4699,185.2806,185.39,0
2026-06-30 21:19:00+00:00,185.47,185.47,185.26,185.35,0
2026-06-30 21:20:00+00:00,185.35,185.47,185.35,185.35,0
2026-06-30 21:21:00+00:00,185.44,185.47,185.35,185.4,0
2026-06-30 21:22:00+00:00,185.49,185.49,185.3646,185.3791,0
2026-06-30 21:23:00+00:00,185.5,185.5,185.35,185.39,0
2026-06-30 21:24:00+00:00,185.4,185.5,185.4,185.48,0
2026-06-30 21:25:00+00:00,185.5,185.5,184.79,185.4999,0
2026-06-30 21:26:00+00:00,185.4836,185.5,185.39,185.45,0
2026-06-30 21:27:00+00:00,185.41,185.46,185.41,185.4599,0
2026-06-30 21:28:00+00:00,185.46,185.46,185.42,185.42,0
2026-06-30 21:29:00+00:00,185.46,185.46,185.35,185.41,0
2026-06-30 21:30:00+00:00,185.41,185.49,185.41,185.43,0
2026-06-30 21:31:00+00:00,185.45,185.45,185.43,185.43,0
2026-06-30 21:32:00+00:00,185.4962,185.4962,185.35,185.35,0
2026-06-30 21:33:00+00:00,185.3643,185.4,185.3643,185.4,0
2026-06-30 21:34:00+00:00,185.36,185.4,185.36,185.4,0
2026-06-30 21:35:00+00:00,185.4,185.4,185.35,185.35,0
2026-06-30 21:36:00+00:00,185.35,185.399,185.3,185.399,0
2026-06-30 21:37:00+00:00,185.4,185.4166,185.2612,185.4166,0
2026-06-30 21:38:00+00:00,185.3,185.39,185.3,185.39,0
2026-06-30 21:39:00+00:00,185.3663,185.3663,185.26,185.35,0
2026-06-30 21:40:00+00:00,185.35,185.38,185.35,185.35,0
2026-06-30 21:41:00+00:00,185.3,185.39,185.3,185.35,0
2026-06-30 21:42:00+00:00,185.3799,185.38,185.36,185.37,0
2026-06-30 21:43:00+00:00,185.4,185.4,185.4,185.4,0
2026-06-30 21:44:00+00:00,185.38,185.38,185.27,185.27,0
2026-06-30 21:45:00+00:00,185.3089,185.33,185.3,185.3,0
2026-06-30 21:46:00+00:00,185.3,185.36,185.28,185.35,0
2026-06-30 21:47:00+00:00,185.3377,185.37,185.33,185.3693,0
2026-06-30 21:48:00+00:00,185.36,185.39,185.36,185.36,0
2026-06-30 21:49:00+00:00,185.37,185.37,185.26,185.37,0
2026-06-30 21:50:00+00:00,185.25,185.37,185.25,185.37,0
2026-06-30 21:51:00+00:00,185.367,185.39,185.26,185.37,0
2026-06-30 21:52:00+00:00,185.3,185.36,185.09,185.09,0
2026-06-30 21:53:00+00:00,185.2272,185.37,185.195,185.195,0
2026-06-30 21:54:00+00:00,185.24,185.37,185.24,185.37,0
2026-06-30 21:55:00+00:00,185.01,185.29,185.01,185.2,0
2026-06-30 21:56:00+00:00,185.15,185.37,185.15,185.36,0
2026-06-30 21:57:00+00:00,185.1264,185.37,185.1264,185.37,0
2026-06-30 21:58:00+00:00,185.3198,185.35,185.2546,185.34,0
2026-06-30 21:59:00+00:00,185.3,185.35,185.195,185.3142,0
2026-06-30 22:00:00+00:00,185.2,185.44,185.09,185.09,0
2026-06-30 22:01:00+00:00,185.35,185.43,185.35,185.43,0
2026-06-30 22:02:00+00:00,185.22,185.44,185.22,185.44,0
2026-06-30 22:03:00+00:00,185.44,185.44,185.33,185.42,0
2026-06-30 22:04:00+00:00,185.44,185.44,185.39,185.39,0
2026-06-30 22:05:00+00:00,185.3899,185.43,185.22,185.4,0
2026-06-30 22:06:00+00:00,185.3814,185.4,185.38,185.4,0
2026-06-30 22:07:00+00:00,185.4,185.4,185.3,185.4,0
2026-06-30 22:08:00+00:00,185.4,185.4,185.3759,185.4,0
2026-06-30 22:09:00+00:00,185.3986,185.4,185.33,185.4,0
2026-06-30 22:10:00+00:00,185.4,185.4,185.22,185.3794,0
2026-06-30 22:11:00+00:00,185.38,185.4,185.38,185.4,0
2026-06-30 22:12:00+00:00,185.3982,185.4,185.3644,185.391,0
2026-06-30 22:13:00+00:00,185.4,185.4,185.24,185.4,0
2026-06-30 22:14:00+00:00,185.3182,185.3182,185.3182,185.3182,0
2026-06-30 22:15:00+00:00,185.4,185.5,185.4,185.5,0
2026-06-30 22:16:00+00:00,185.44,185.64,185.3182,185.3182,0
2026-06-30 22:17:00+00:00,185.37,185.43,185.37,185.4,0
2026-06-30 22:18:00+00:00,185.4233,185.44,185.4,185.4231,0
2026-06-30 22:19:00+00:00,185.43,185.43,185.4,185.4,0
2026-06-30 22:20:00+00:00,185.43,185.5,185.4,185.5,0
2026-06-30 22:21:00+00:00,185.4982,185.5,185.4,185.4888,0
2026-06-30 22:22:00+00:00,185.48,185.5,185.45,185.4998,0
2026-06-30 22:23:00+00:00,185.49,185.5753,185.49,185.5753,0
2026-06-30 22:24:00+00:00,185.6,185.6,185.5,185.5779,0
2026-06-30 22:25:00+00:00,185.5989,185.6,185.578,185.578,0
2026-06-30 22:26:00+00:00,185.59,185.66,185.56,185.66,0
2026-06-30 22:27:00+00:00,185.5157,185.66,185.42,185.66,0
2026-06-30 22:28:00+00:00,185.42,185.69,185.42,185.42,0
2026-06-30 22:29:00+00:00,185.69,185.69,185.4551,185.4551,0
2026-06-30 22:30:00+00:00,185.59,185.69,185.59,185.65,0
2026-06-30 22:31:00+00:00,185.68,185.75,185.5,185.75,0
2026-06-30 22:32:00+00:00,185.69,185.75,185.65,185.65,0
2026-06-30 22:33:00+00:00,185.75,185.75,185.5412,185.75,0
2026-06-30 22:34:00+00:00,185.7219,185.75,185.69,185.73,0
2026-06-30 22:35:00+00:00,185.72,185.75,185.51,185.75,0
2026-06-30 22:36:00+00:00,185.75,185.75,185.7211,185.7211,0
2026-06-30 22:37:00+00:00,185.75,185.75,185.51,185.51,0
2026-06-30 22:38:00+00:00,185.7,185.75,185.6,185.7,0
2026-06-30 22:39:00+00:00,185.6,185.75,185.6,185.6,0
2026-06-30 22:40:00+00:00,185.5,185.75,185.5,185.5975,0
2026-06-30 22:41:00+00:00,185.5999,185.6,185.5134,185.5886,0
2026-06-30 22:42:00+00:00,185.6,185.74,185.5,185.74,0
2026-06-30 22:43:00+00:00,185.4795,185.74,185.4795,185.5,0
2026-06-30 22:44:00+00:00,185.6,185.74,185.5,185.6,0
2026-06-30 22:45:00+00:00,185.6,185.6,185.5,185.6,0
2026-06-30 22:46:00+00:00,185.7,185.75,185.5,185.5,0
2026-06-30 22:47:00+00:00,185.6,185.7,185.6,185.7,0
2026-06-30 22:48:00+00:00,185.75,185.75,185.54,185.7,0
2026-06-30 22:49:00+00:00,185.75,185.75,185.4629,185.4629,0
2026-06-30 22:50:00+00:00,185.5,185.75,185.486,185.67,0
2026-06-30 22:51:00+00:00,185.67,185.67,185.5,185.67,0
2026-06-30 22:52:00+00:00,185.67,185.75,185.5,185.5,0
2026-06-30 22:53:00+00:00,185.4698,185.68,185.45,185.5,0
2026-06-30 22:54:00+00:00,185.5,185.5,185.41,185.41,0
2026-06-30 22:55:00+00:00,185.4451,185.68,185.42,185.42,0
2026-06-30 22:56:00+00:00,185.43,185.68,185.43,185.5,0
2026-06-30 22:57:00+00:00,185.41,185.55,185.41,185.55,0
2026-06-30 22:58:00+00:00,185.53,185.67,185.4392,185.5,0
2026-06-30 22:59:00+00:00,185.6795,185.68,185.53,185.6497,0
2026-06-30 23:00:00+00:00,185.64,185.68,185.53,185.55,0
2026-06-30 23:01:00+00:00,185.53,185.56,185.41,185.5,0
2026-06-30 23:02:00+00:00,185.41,185.55,185.41,185.55,0
2026-06-30 23:03:00+00:00,185.55,185.61,185.41,185.54,0
2026-06-30 23:04:00+00:00,185.54,185.68,185.5,185.545,0
2026-06-30 23:05:00+00:00,185.68,185.68,185.5,185.5,0
2026-06-30 23:06:00+00:00,185.68,185.68,185.54,185.6,0
2026-06-30 23:07:00+00:00,185.53,185.61,185.5,185.5,0
2026-06-30 23:08:00+00:00,185.6755,185.68,185.5,185.6514,0
2026-06-30 23:09:00+00:00,185.662,185.68,185.6,185.68,0
2026-06-30 23:10:00+00:00,185.68,185.69,185.68,185.69,0
2026-06-30 23:11:00+00:00,185.5527,185.74,185.5527,185.74,0
2026-06-30 23:12:00+00:00,185.52,185.74,185.52,185.74,0
2026-06-30 23:13:00+00:00,185.74,185.75,185.65,185.65,0
2026-06-30 23:14:00+00:00,185.6292,185.75,185.6292,185.75,0
2026-06-30 23:15:00+00:00,185.608,185.74,185.608,185.7,0
2026-06-30 23:16:00+00:00,185.75,185.75,185.68,185.75,0
2026-06-30 23:17:00+00:00,185.73,185.84,185.73,185.84,0
2026-06-30 23:18:00+00:00,185.85,185.96,185.85,185.9309,0
2026-06-30 23:19:00+00:00,185.96,186.15,185.92,186.0921,0
2026-06-30 23:20:00+00:00,186.1209,186.131,186.1201,186.131,0
2026-06-30 23:21:00+00:00,186.15,186.15,186.0,186.14,0
2026-06-30 23:22:00+00:00,186.0,186.14,185.976,186.14,0
2026-06-30 23:23:00+00:00,186.1239,186.15,186.008,186.15,0
2026-06-30 23:24:00+00:00,186.15,186.15,185.9,186.15,0
2026-06-30 23:25:00+00:00,185.8,186.15,185.67,186.15,0
2026-06-30 23:26:00+00:00,185.92,186.0969,185.92,186.0915,0
2026-06-30 23:27:00+00:00,185.8,186.15,185.8,186.01,0
2026-06-30 23:28:00+00:00,186.01,186.01,185.97,185.97,0
2026-06-30 23:29:00+00:00,185.97,186.0,185.97,186.0,0
2026-06-30 23:30:00+00:00,186.0,186.0,185.9749,186.0,0
2026-06-30 23:31:00+00:00,185.8393,186.0,185.81,185.81,0
2026-06-30 23:32:00+00:00,185.81,185.97,185.81,185.97,0
2026-06-30 23:33:00+00:00,185.97,185.97,185.8,185.8,0
2026-06-30 23:34:00+00:00,186.0,186.0,185.84,185.8433,0
2026-06-30 23:35:00+00:00,185.86,185.86,185.8,185.84,0
2026-06-30 23:36:00+00:00,185.842,185.86,185.842,185.86,0
2026-06-30 23:37:00+00:00,185.85,185.85,185.8,185.8078,0
2026-06-30 23:38:00+00:00,185.9805,185.9805,185.9,185.9,0
2026-06-30 23:39:00+00:00,186.0,186.0,185.83,185.95,0
2026-06-30 23:40:00+00:00,185.95,185.95,185.854,185.854,0
2026-06-30 23:41:00+00:00,186.0,186.0,185.8327,185.86,0
2026-06-30 23:42:00+00:00,185.86,185.9328,185.55,185.55,0
2026-06-30 23:43:00+00:00,185.92,186.0,185.7575,185.7575,0
2026-06-30 23:44:00+00:00,185.84,185.98,185.6,185.98,0
2026-06-30 23:45:00+00:00,185.9518,186.0,185.6,185.9,0
2026-06-30 23:46:00+00:00,186.0,186.0,185.6,185.6,0
2026-06-30 23:47:00+00:00,185.79,185.948,185.6,185.8,0
2026-06-30 23:48:00+00:00,185.9317,186.0,185.9297,186.0,0
2026-06-30 23:49:00+00:00,185.9277,186.0,185.92,185.92,0
2026-06-30 23:50:00+00:00,185.92,186.0,185.72,185.72,0
2026-06-30 23:51:00+00:00,185.8,185.98,185.8,185.8,0
2026-06-30 23:52:00+00:00,185.6463,185.82,185.6463,185.82,0
2026-06-30 23:53:00+00:00,185.88,185.88,185.55,185.8332,0
2026-06-30 23:54:00+00:00,185.88,185.88,185.52,185.88,0
2026-06-30 23:55:00+00:00,185.6,185.8,185.58,185.8,0
2026-06-30 23:56:00+00:00,185.8,185.98,185.7999,185.88,0
2026-06-30 23:57:00+00:00,185.88,185.98,185.8,185.8812,0
2026-06-30 23:58:00+00:00,185.88,185.98,185.88,185.98,0
2026-06-30 23:59:00+00:00,185.8234,185.98,185.8234,185.95,0
2026-07-01 08:00:00+00:00,185.3055,185.5,183.5647,184.87,0
2026-07-01 08:01:00+00:00,184.64,185.5,183.7,184.29,0
2026-07-01 08:02:00+00:00,184.46,184.46,184.46,184.46,0
2026-07-01 08:03:00+00:00,184.68,184.68,184.09,184.4117,0
2026-07-01 08:04:00+00:00,184.29,184.4103,184.29,184.4103,0
2026-07-01 08:05:00+00:00,184.23,184.34,184.14,184.32,0
2026-07-01 08:06:00+00:00,184.34,184.4543,184.33,184.4543,0
2026-07-01 08:07:00+00:00,183.93,184.34,183.93,184.34,0
2026-07-01 08:08:00+00:00,184.3,185.49,183.77,184.05,0
2026-07-01 08:09:00+00:00,184.4772,184.4772,184.32,184.32,0
2026-07-01 08:10:00+00:00,184.32,184.32,184.32,184.32,0
2026-07-01 08:11:00+00:00,184.35,184.48,184.35,184.37,0
2026-07-01 08:12:00+00:00,184.3224,184.558,184.3224,184.43,0
2026-07-01 08:13:00+00:00,184.43,184.5,184.42,184.5,0
2026-07-01 08:14:00+00:00,184.32,184.5,184.32,184.5,0
2026-07-01 08:16:00+00:00,184.4,184.45,184.4,184.45,0
2026-07-01 08:17:00+00:00,184.4,184.4,184.4,184.4,0
2026-07-01 08:19:00+00:00,184.3882,184.3882,184.0277,184.35,0
2026-07-01 08:20:00+00:00,184.35,184.35,184.35,184.35,0
2026-07-01 08:21:00+00:00,184.13,184.5988,184.1202,184.5988,0
2026-07-01 08:22:00+00:00,184.01,184.01,184.01,184.01,0
2026-07-01 08:23:00+00:00,184.0716,184.5852,184.008,184.008,0
2026-07-01 08:24:00+00:00,184.0,184.0001,183.93,184.0,0
2026-07-01 08:25:00+00:00,184.2,184.2,184.2,184.2,0
2026-07-01 08:26:00+00:00,183.9779,184.0476,183.9779,184.0476,0
2026-07-01 08:27:00+00:00,184.16,184.22,184.02,184.22,0
2026-07-01 08:28:00+00:00,184.2,184.2,184.0,184.2,0
2026-07-01 08:29:00+00:00,184.2,184.38,184.07,184.07,0
2026-07-01 08:30:00+00:00,184.22,184.35,184.07,184.07,0
2026-07-01 08:31:00+00:00,184.1376,184.1376,184.0,184.0,0
2026-07-01 08:32:00+00:00,183.7,183.7,183.7,183.7,0
2026-07-01 08:33:00+00:00,183.93,183.9925,183.93,183.9925,0
2026-07-01 08:34:00+00:00,184.01,184.13,184.01,184.13,0
2026-07-01 08:36:00+00:00,184.13,184.13,184.13,184.13,0
2026-07-01 08:37:00+00:00,184.1,184.4897,184.1,184.4897,0
2026-07-01 08:38:00+00:00,184.48,184.48,184.15,184.15,0
2026-07-01 08:39:00+00:00,184.3,184.32,184.19,184.19,0
2026-07-01 08:41:00+00:00,184.28,184.28,184.26,184.28,0
2026-07-01 08:42:00+00:00,184.463,184.59,184.3,184.59,0
2026-07-01 08:43:00+00:00,184.7305,184.78,184.7305,184.78,0
2026-07-01 08:44:00+00:00,184.7,184.7,184.59,184.59,0
2026-07-01 08:45:00+00:00,184.78,184.78,184.72,184.78,0
2026-07-01 08:46:00+00:00,184.8688,184.8688,184.22,184.5,0
2026-07-01 08:47:00+00:00,184.49,184.49,184.21,184.3732,0
2026-07-01 08:48:00+00:00,184.32,184.7497,184.32,184.7497,0
2026-07-01 08:49:00+00:00,184.6789,184.6789,184.32,184.32,0
2026-07-01 08:50:00+00:00,184.41,184.41,184.41,184.41,0
2026-07-01 08:51:00+00:00,184.41,184.58,184.41,184.58,0
2026-07-01 08:52:00+00:00,184.873,184.873,184.873,184.873,0
2026-07-01 08:53:00+00:00,184.88,184.88,184.43,184.43,0
2026-07-01 08:54:00+00:00,184.44,184.58,184.44,184.58,0
2026-07-01 08:55:00+00:00,184.58,184.58,184.55,184.55,0
2026-07-01 08:56:00+00:00,184.7852,184.7852,184.7852,184.7852,0
2026-07-01 08:57:00+00:00,184.42,184.58,184.42,184.58,0
2026-07-01 08:58:00+00:00,184.54,184.6482,184.54,184.64,0
2026-07-01 08:59:00+00:00,184.973,184.973,184.64,184.702,0
2026-07-01 09:00:00+00:00,184.7,184.7788,184.64,184.7788,0
2026-07-01 09:01:00+00:00,184.28,184.5,184.28,184.5,0
2026-07-01 09:02:00+00:00,184.5622,184.6,184.5622,184.6,0
2026-07-01 09:03:00+00:00,184.5988,184.5988,184.2862,184.4,0
2026-07-01 09:04:00+00:00,184.42,184.42,184.42,184.42,0
2026-07-01 09:05:00+00:00,184.3,184.48,184.3,184.48,0
2026-07-01 09:06:00+00:00,184.5988,184.5988,184.5988,184.5988,0
2026-07-01 09:07:00+00:00,184.4,184.4,184.4,184.4,0
2026-07-01 09:08:00+00:00,184.4071,184.5267,184.3,184.4117,0
2026-07-01 09:09:00+00:00,184.4,184.47,184.21,184.21,0
2026-07-01 09:10:00+00:00,184.35,184.35,184.2,184.2,0
2026-07-01 09:11:00+00:00,184.2,184.28,184.2,184.28,0
2026-07-01 09:12:00+00:00,184.15,184.3,184.0683,184.1302,0
2026-07-01 09:13:00+00:00,184.1,184.34,184.0,184.0971,0
2026-07-01 09:14:00+00:00,184.0971,184.11,184.0971,184.11,0
2026-07-01 09:15:00+00:00,184.1,184.23,184.1,184.23,0
2026-07-01 09:16:00+00:00,184.23,184.23,184.06,184.2,0
2026-07-01 09:17:00+00:00,184.2,184.2,184.2,184.2,0
2026-07-01 09:18:00+00:00,184.2276,184.2276,184.06,184.09,0
2026-07-01 09:19:00+00:00,184.2044,184.2044,184.2044,184.2044,0
2026-07-01 09:21:00+00:00,184.21,184.21,184.21,184.21,0
2026-07-01 09:22:00+00:00,184.21,184.28,184.13,184.13,0
2026-07-01 09:23:00+00:00,184.13,184.23,184.13,184.23,0
2026-07-01 09:24:00+00:00,184.38,184.38,184.38,184.38,0
2026-07-01 09:25:00+00:00,184.23,184.23,183.6,183.6,0
2026-07-01 09:26:00+00:00,183.76,184.34,183.76,183.99,0
2026-07-01 09:27:00+00:00,184.0,184.08,183.0,183.0977,0
2026-07-01 09:28:00+00:00,183.09,183.1491,183.0877,183.1,0
2026-07-01 09:29:00+00:00,183.6,183.68,183.5,183.5,0
2026-07-01 09:30:00+00:00,183.5,183.5,182.995,182.995,0
2026-07-01 09:31:00+00:00,183.36,183.5,183.15,183.5,0
2026-07-01 09:32:00+00:00,183.5,183.55,183.2503,183.55,0
2026-07-01 09:33:00+00:00,183.64,183.86,183.64,183.86,0
2026-07-01 09:34:00+00:00,183.86,184.0718,183.86,184.0718,0
2026-07-01 09:35:00+00:00,184.07,184.07,184.07,184.07,0
2026-07-01 09:37:00+00:00,184.07,184.1,184.07,184.1,0
2026-07-01 09:40:00+00:00,184.22,184.22,184.15,184.15,0
2026-07-01 09:41:00+00:00,184.12,184.12,184.0,184.12,0
2026-07-01 09:42:00+00:00,184.18,184.34,184.18,184.3,0
2026-07-01 09:43:00+00:00,184.2,184.2,184.0,184.086,0
2026-07-01 09:44:00+00:00,184.55,184.55,183.7,183.7,0
2026-07-01 09:46:00+00:00,183.7,183.7,183.7,183.7,0
2026-07-01 09:47:00+00:00,184.0,184.25,184.0,184.25,0
2026-07-01 09:48:00+00:00,183.7451,183.7451,183.7451,183.7451,0
2026-07-01 09:50:00+00:00,184.2,184.2,184.2,184.2,0
2026-07-01 09:51:00+00:00,184.32,184.32,184.32,184.32,0
2026-07-01 09:53:00+00:00,184.38,184.38,184.38,184.38,0
2026-07-01 09:54:00+00:00,184.1149,184.39,184.1149,184.38,0
2026-07-01 09:55:00+00:00,184.24,184.38,184.1103,184.38,0
2026-07-01 10:00:00+00:00,184.45,184.45,184.38,184.38,0
2026-07-01 10:01:00+00:00,184.45,184.45,184.38,184.45,0
2026-07-01 10:02:00+00:00,184.36,184.48,184.36,184.48,0
2026-07-01 10:03:00+00:00,184.48,184.5295,184.36,184.45,0
2026-07-01 10:04:00+00:00,184.45,184.5855,184.2,184.42,0
2026-07-01 10:06:00+00:00,184.6,184.6,184.6,184.6,0
2026-07-01 10:07:00+00:00,184.6,184.6,184.5218,184.5218,0
2026-07-01 10:08:00+00:00,184.2,184.2,184.188,184.188,0
2026-07-01 10:09:00+00:00,184.2,184.2,184.2,184.2,0
2026-07-01 10:10:00+00:00,184.52,184.52,184.52,184.52,0
2026-07-01 10:11:00+00:00,184.42,184.42,184.14,184.14,0
2026-07-01 10:13:00+00:00,184.27,184.27,184.27,184.27,0
2026-07-01 10:14:00+00:00,184.294,184.5,184.294,184.3,0
2026-07-01 10:15:00+00:00,184.46,184.6,184.46,184.6,0
2026-07-01 10:17:00+00:00,184.64,184.64,184.59,184.59,0
2026-07-01 10:18:00+00:00,184.58,184.58,184.58,184.58,0
2026-07-01 10:19:00+00:00,184.59,184.82,184.59,184.82,0
2026-07-01 10:21:00+00:00,184.3175,184.81,184.3175,184.81,0
2026-07-01 10:22:00+00:00,184.7,184.7,184.6,184.6,0
2026-07-01 10:23:00+00:00,184.51,184.51,184.42,184.42,0
2026-07-01 10:24:00+00:00,184.46,184.8097,184.46,184.8097,0
2026-07-01 10:25:00+00:00,184.8,184.8,184.8,184.8,0
2026-07-01 10:26:00+00:00,184.66,184.66,184.66,184.66,0
2026-07-01 10:27:00+00:00,184.8,184.88,184.8,184.88,0
2026-07-01 10:28:00+00:00,184.81,184.81,184.75,184.75,0
2026-07-01 10:29:00+00:00,184.46,184.46,184.46,184.46,0
2026-07-01 10:30:00+00:00,184.75,184.75,184.75,184.75,0
2026-07-01 10:32:00+00:00,184.6,184.6,184.6,184.6,0
2026-07-01 10:33:00+00:00,184.6,184.6,184.6,184.6,0
2026-07-01 10:34:00+00:00,184.6,184.6033,184.6,184.6033,0
2026-07-01 10:37:00+00:00,184.6057,184.6057,184.6057,184.6057,0
2026-07-01 10:38:00+00:00,184.71,184.8648,184.7,184.8648,0
2026-07-01 10:39:00+00:00,184.6,184.65,184.56,184.65,0
2026-07-01 10:41:00+00:00,184.48,184.786,184.48,184.65,0
2026-07-01 10:42:00+00:00,184.46,184.46,184.3,184.3,0
2026-07-01 10:43:00+00:00,184.42,184.68,184.31,184.31,0
2026-07-01 10:45:00+00:00,184.31,184.38,184.31,184.38,0
2026-07-01 10:46:00+00:00,184.32,184.87,184.32,184.54,0
2026-07-01 10:47:00+00:00,184.5,184.5,184.5,184.5,0
2026-07-01 10:48:00+00:00,184.8688,184.8688,184.81,184.81,0
2026-07-01 10:50:00+00:00,184.8688,184.8688,184.54,184.54,0
2026-07-01 10:52:00+00:00,184.4134,184.5,184.4134,184.5,0
2026-07-01 10:54:00+00:00,184.6467,184.6467,184.3573,184.3573,0
2026-07-01 10:56:00+00:00,184.87,184.87,184.45,184.45,0
2026-07-01 10:57:00+00:00,184.45,184.5,184.45,184.5,0
2026-07-01 10:58:00+00:00,184.45,184.73,184.33,184.33,0
2026-07-01 10:59:00+00:00,184.32,184.32,184.32,184.32,0
2026-07-01 11:00:00+00:00,184.74,185.312,184.32,185.312,0
2026-07-01 11:01:00+00:00,184.6331,185.38,184.6331,185.01,0
2026-07-01 11:02:00+00:00,185.0,185.37,185.0,185.0,0
2026-07-01 11:03:00+00:00,185.0,185.2,184.9507,185.2,0
2026-07-01 11:04:00+00:00,185.09,185.29,184.9577,185.05,0
2026-07-01 11:05:00+00:00,185.2,185.341,185.2,185.341,0
2026-07-01 11:06:00+00:00,185.29,185.29,185.2,185.2719,0
2026-07-01 11:07:00+00:00,185.27,185.29,185.2,185.2,0
2026-07-01 11:08:00+00:00,185.2,185.29,185.03,185.29,0
2026-07-01 11:09:00+00:00,185.2837,185.2837,185.17,185.28,0
2026-07-01 11:10:00+00:00,185.2491,185.29,185.15,185.29,0
2026-07-01 11:11:00+00:00,185.33,185.39,185.2,185.39,0
2026-07-01 11:12:00+00:00,185.1,185.39,185.03,185.17,0
2026-07-01 11:13:00+00:00,185.03,185.16,184.68,184.8,0
2026-07-01 11:14:00+00:00,184.6,184.63,184.6,184.63,0
2026-07-01 11:15:00+00:00,184.75,185.15,184.75,185.15,0
2026-07-01 11:16:00+00:00,185.0,185.0,184.8,184.8,0
2026-07-01 11:17:00+00:00,185.15,185.15,184.58,184.65,0
2026-07-01 11:18:00+00:00,185.0567,185.15,184.5694,185.15,0
2026-07-01 11:19:00+00:00,184.6,184.65,184.55,184.65,0
2026-07-01 11:20:00+00:00,184.55,184.8,184.55,184.7997,0
2026-07-01 11:21:00+00:00,184.64,184.8,184.3,184.3,0
2026-07-01 11:22:00+00:00,184.4,184.7988,184.3,184.3,0
2026-07-01 11:23:00+00:00,184.3,184.4875,184.0,184.4875,0
2026-07-01 11:24:00+00:00,184.1041,184.63,184.0819,184.35,0
2026-07-01 11:25:00+00:00,184.12,184.48,184.01,184.01,0
2026-07-01 11:26:00+00:00,184.48,184.48,184.25,184.2623,0
2026-07-01 11:27:00+00:00,184.3,184.3,184.2547,184.2547,0
2026-07-01 11:28:00+00:00,184.25,184.3,184.076,184.1,0
2026-07-01 11:29:00+00:00,184.1,184.18,184.1,184.18,0
2026-07-01 11:30:00+00:00,184.02,184.3,184.02,184.16,0
2026-07-01 11:31:00+00:00,184.25,184.25,184.03,184.03,0
2026-07-01 11:32:00+00:00,184.02,184.2368,184.02,184.0564,0
2026-07-01 11:33:00+00:00,184.3,184.3,184.3,184.3,0
2026-07-01 11:34:00+00:00,184.19,184.19,184.07,184.1,0
2026-07-01 11:35:00+00:00,184.0865,184.15,184.02,184.02,0
2026-07-01 11:36:00+00:00,184.15,184.23,184.03,184.15,0
2026-07-01 11:37:00+00:00,184.13,184.25,184.13,184.25,0
2026-07-01 11:39:00+00:00,184.25,184.268,184.25,184.25,0
2026-07-01 11:40:00+00:00,184.25,184.5,184.0212,184.0212,0
2026-07-01 11:41:00+00:00,184.06,184.19,183.8,183.8,0
2026-07-01 11:42:00+00:00,183.85,184.19,183.85,183.95,0
2026-07-01 11:43:00+00:00,184.0,184.0,183.8386,184.0,0
2026-07-01 11:44:00+00:00,184.0,184.0,183.78,184.0,0
2026-07-01 11:45:00+00:00,183.8245,184.0,183.8245,184.0,0
2026-07-01 11:46:00+00:00,183.9,184.0,183.78,184.0,0
2026-07-01 11:47:00+00:00,183.995,184.0,183.97,183.97,0
2026-07-01 11:48:00+00:00,183.99,184.2044,183.97,184.0,0
2026-07-01 11:49:00+00:00,184.0533,184.0533,183.84,183.87,0
2026-07-01 11:50:00+00:00,183.87,184.24,183.84,184.24,0
2026-07-01 11:51:00+00:00,184.1524,184.1524,184.1524,184.1524,0
2026-07-01 11:52:00+00:00,184.0,184.0,183.85,183.864,0
2026-07-01 11:53:00+00:00,183.8685,184.2,183.8685,184.2,0
2026-07-01 11:54:00+00:00,183.9,184.2,183.8,183.89,0
2026-07-01 11:55:00+00:00,183.78,183.9,183.75,183.8085,0
2026-07-01 11:56:00+00:00,183.8,184.0,183.75,184.0,0
2026-07-01 11:57:00+00:00,184.0,184.3,183.77,184.3,0
2026-07-01 11:58:00+00:00,183.81,184.27,183.75,183.8,0
2026-07-01 11:59:00+00:00,183.8125,184.3,183.8125,184.0,0
2026-07-01 12:00:00+00:00,184.0,184.0034,183.8145,184.0,0
2026-07-01 12:01:00+00:00,184.0,184.3,184.0,184.3,0
2026-07-01 12:02:00+00:00,183.9929,184.0,183.54,183.54,0
2026-07-01 12:03:00+00:00,183.7,183.7,183.6,183.6,0
2026-07-01 12:04:00+00:00,183.95,184.2,183.55,184.2,0
2026-07-01 12:05:00+00:00,183.6,183.9,183.5,183.5,0
2026-07-01 12:06:00+00:00,183.89,183.89,183.51,183.64,0
2026-07-01 12:07:00+00:00,183.8456,183.8456,183.6,183.6,0
2026-07-01 12:08:00+00:00,183.64,183.7,183.5,183.5273,0
2026-07-01 12:09:00+00:00,183.51,183.6,183.5,183.515,0
2026-07-01 12:10:00+00:00,183.66,183.9,183.5627,183.74,0
2026-07-01 12:11:00+00:00,183.74,183.8881,183.577,183.8881,0
2026-07-01 12:12:00+00:00,183.87,183.939,183.84,183.9,0
2026-07-01 12:13:00+00:00,183.6813,184.0,183.61,184.0,0
2026-07-01 12:14:00+00:00,184.1,184.1,183.87,183.87,0
2026-07-01 12:15:00+00:00,184.05,184.0924,183.99,184.0924,0
2026-07-01 12:16:00+00:00,184.0,184.5,183.8,184.35,0
2026-07-01 12:17:00+00:00,184.0,184.35,184.0,184.1,0
2026-07-01 12:18:00+00:00,184.1,184.1,183.6932,183.89,0
2026-07-01 12:19:00+00:00,184.146,184.25,183.89,183.9,0
2026-07-01 12:20:00+00:00,183.89,184.25,183.61,183.61,0
2026-07-01 12:21:00+00:00,184.0,184.0,183.96,183.96,0
2026-07-01 12:22:00+00:00,184.0,184.2488,183.89,183.89,0
2026-07-01 12:23:00+00:00,184.0,184.05,184.0,184.05,0
2026-07-01 12:24:00+00:00,183.97,184.04,183.97,184.0,0
2026-07-01 12:25:00+00:00,184.15,184.1935,183.88,183.88,0
2026-07-01 12:26:00+00:00,184.04,184.04,184.04,184.04,0
2026-07-01 12:27:00+00:00,184.04,184.15,184.04,184.15,0
2026-07-01 12:28:00+00:00,184.23,184.23,183.88,184.06,0
2026-07-01 12:29:00+00:00,184.2032,184.2032,184.0062,184.0062,0
2026-07-01 12:30:00+00:00,184.06,184.17,183.61,184.0,0
2026-07-01 12:31:00+00:00,183.6662,183.93,183.6,183.6,0
2026-07-01 12:32:00+00:00,183.5,184.2,183.5,183.63,0
2026-07-01 12:33:00+00:00,183.5,183.75,183.25,183.62,0
2026-07-01 12:34:00+00:00,183.62,183.62,181.55,181.76,0
2026-07-01 12:35:00+00:00,181.7814,183.6,181.6,182.84,0
2026-07-01 12:36:00+00:00,182.93,182.93,181.6,181.6,0
2026-07-01 12:37:00+00:00,182.27,182.49,181.4975,181.93,0
2026-07-01 12:38:00+00:00,181.51,182.22,181.4,181.9411,0
2026-07-01 12:39:00+00:00,181.953,182.55,181.7,182.0,0
2026-07-01 12:40:00+00:00,181.85,182.11,181.5,182.03,0
2026-07-01 12:41:00+00:00,182.17,182.49,181.7,182.28,0
2026-07-01 12:42:00+00:00,182.29,182.3,181.5,181.55,0
2026-07-01 12:43:00+00:00,182.07,182.29,181.56,182.04,0
2026-07-01 12:44:00+00:00,182.3,182.3,181.88,181.88,0
2026-07-01 12:45:00+00:00,181.9618,182.55,181.88,182.16,0
2026-07-01 12:46:00+00:00,182.26,182.72,182.0,182.0,0
2026-07-01 12:47:00+00:00,182.48,182.55,181.9,182.33,0
2026-07-01 12:48:00+00:00,182.33,182.5,181.91,182.5,0
2026-07-01 12:49:00+00:00,182.02,182.45,181.7524,182.0,0
2026-07-01 12:50:00+00:00,181.8,182.44,181.8,182.0,0
2026-07-01 12:51:00+00:00,181.889,182.55,181.55,182.205,0
2026-07-01 12:52:00+00:00,181.9653,182.0,181.6,181.66,0
2026-07-01 12:53:00+00:00,182.0,182.0,181.47,181.6,0
2026-07-01 12:54:00+00:00,181.68,181.94,180.78,180.82,0
2026-07-01 12:55:00+00:00,181.0,181.35,180.5,180.88,0
2026-07-01 12:56:00+00:00,181.27,181.74,180.6,181.35,0
2026-07-01 12:57:00+00:00,181.74,182.0,181.36,181.74,0
2026-07-01 12:58:00+00:00,181.74,182.0,181.35,181.84,0
2026-07-01 12:59:00+00:00,181.7367,182.35,181.638,182.14,0
2026-07-01 13:00:00+00:00,181.99,182.55,181.4,182.2,0
2026-07-01 13:01:00+00:00,181.765,183.01,181.765,182.91,0
2026-07-01 13:02:00+00:00,182.73,183.0,181.97,182.31,0
2026-07-01 13:03:00+00:00,182.53,182.6,182.2,182.5,0
2026-07-01 13:04:00+00:00,182.5,182.6,182.32,182.5,0
2026-07-01 13:05:00+00:00,182.46,182.8947,182.2,182.2,0
2026-07-01 13:06:00+00:00,182.32,184.79,182.0463,182.0463,0
2026-07-01 13:07:00+00:00,182.2,182.2,181.4,181.4,0
2026-07-01 13:08:00+00:00,182.0,182.0,181.4,181.61,0
2026-07-01 13:09:00+00:00,181.69,181.97,181.69,181.93,0
2026-07-01 13:10:00+00:00,181.93,182.4,181.6996,182.17,0
2026-07-01 13:11:00+00:00,182.45,182.45,181.4,181.67,0
2026-07-01 13:12:00+00:00,181.77,181.99,181.35,181.4,0
2026-07-01 13:13:00+00:00,181.6,181.99,181.4,181.7,0
2026-07-01 13:14:00+00:00,181.8,181.8,181.35,181.35,0
2026-07-01 13:15:00+00:00,181.99,181.99,181.38,181.88,0
2026-07-01 13:16:00+00:00,181.87,181.99,181.3,181.99,0
2026-07-01 13:17:00+00:00,181.99,182.3,181.88,182.3,0
2026-07-01 13:18:00+00:00,182.5,182.51,182.0,182.06,0
2026-07-01 13:19:00+00:00,182.01,182.49,181.96,182.24,0
2026-07-01 13:20:00+00:00,182.1368,182.1408,181.8455,181.8455,0
2026-07-01 13:21:00+00:00,182.0845,182.15,181.99,182.12,0
2026-07-01 13:22:00+00:00,181.8,182.2,181.8,182.2,0
2026-07-01 13:23:00+00:00,181.8,182.2,181.8,182.2,0
2026-07-01 13:24:00+00:00,182.1,182.5,182.1,182.461,0
2026-07-01 13:25:00+00:00,182.63,183.89,182.31,183.79,0
2026-07-01 13:26:00+00:00,183.37,183.8,183.19,183.7,0
2026-07-01 13:27:00+00:00,183.57,184.02,183.11,183.5392,0
2026-07-01 13:28:00+00:00,183.93,184.25,183.2,183.43,0
2026-07-01 13:29:00+00:00,183.89,183.93,183.22,183.8,0
2026-07-01 13:30:00+00:00,183.5850067138672,185.27999877929688,182.67999267578125,185.0449981689453,3192327
2026-07-01 13:31:00+00:00,185.10000610351562,186.5,184.3699951171875,186.5,100557
2026-07-01 13:32:00+00:00,186.6199951171875,187.5,184.99000549316406,186.25999450683594,136823
2026-07-01 13:33:00+00:00,186.44000244140625,187.11000061035156,185.57009887695312,186.60499572753906,102203
2026-07-01 13:34:00+00:00,186.60499572753906,187.42999267578125,186.16000366210938,187.0800018310547,103564
2026-07-01 13:35:00+00:00,187.08999633789062,187.25999450683594,185.85000610351562,185.91000366210938,88291
2026-07-01 13:36:00+00:00,186.0399932861328,186.19000244140625,183.66000366210938,183.70509338378906,91633
2026-07-01 13:37:00+00:00,183.61500549316406,184.89999389648438,183.61500549316406,184.38999938964844,54243
2026-07-01 13:38:00+00:00,184.4499969482422,185.389892578125,184.25999450683594,185.2899932861328,45387
2026-07-01 13:39:00+00:00,185.27999877929688,186.19000244140625,184.7801055908203,186.05499267578125,49017
2026-07-01 13:40:00+00:00,186.03599548339844,186.77000427246094,185.03500366210938,185.22000122070312,46461
2026-07-01 13:41:00+00:00,185.14500427246094,185.8350067138672,185.13999938964844,185.30499267578125,53040
2026-07-01 13:42:00+00:00,185.47000122070312,186.25,185.17999267578125,185.69500732421875,33951
2026-07-01 13:43:00+00:00,185.68519592285156,186.35000610351562,185.25,185.25,45101
2026-07-01 13:44:00+00:00,185.2100067138672,186.10499572753906,185.1199951171875,185.22999572753906,51820
2026-07-01 13:45:00+00:00,185.11000061035156,185.7593994140625,184.77999877929688,185.68499755859375,59975
2026-07-01 13:46:00+00:00,185.83999633789062,185.89999389648438,184.7949981689453,184.94000244140625,34037
2026-07-01 13:47:00+00:00,184.94000244140625,185.1699981689453,184.7801055908203,184.8699951171875,34612
2026-07-01 13:48:00+00:00,184.875,185.1999969482422,184.60000610351562,184.9550018310547,45855
2026-07-01 13:49:00+00:00,184.94000244140625,185.1300048828125,184.1024932861328,184.4149932861328,55392
2026-07-01 13:50:00+00:00,184.47999572753906,184.58999633789062,184.0,184.44000244140625,41068
2026-07-01 13:51:00+00:00,184.33999633789062,184.75999450683594,184.32000732421875,184.6699981689453,39536
2026-07-01 13:52:00+00:00,184.61000061035156,184.6699981689453,183.8300018310547,184.2449951171875,42926
2026-07-01 13:53:00+00:00,184.4600067138672,184.60499572753906,183.97999572753906,184.03990173339844,32968
2026-07-01 13:54:00+00:00,184.09759521484375,184.10000610351562,183.32000732421875,183.56500244140625,32694
2026-07-01 13:55:00+00:00,183.72999572753906,184.5800018310547,183.72999572753906,184.5561981201172,26323
2026-07-01 13:56:00+00:00,184.44000244140625,184.6300048828125,184.0,184.1699981689453,22234
2026-07-01 13:57:00+00:00,184.16000366210938,184.82000732421875,184.16000366210938,184.69000244140625,15062
2026-07-01 13:58:00+00:00,184.67999267578125,185.27999877929688,184.360107421875,184.9149932861328,49028
2026-07-01 13:59:00+00:00,184.88999938964844,185.25,184.60000610351562,185.11000061035156,32324
2026-07-01 14:00:00+00:00,185.11000061035156,185.7550048828125,185.02000427246094,185.7550048828125,39651
2026-07-01 14:01:00+00:00,185.7899932861328,186.75999450683594,185.66000366210938,186.25,85412
2026-07-01 14:02:00+00:00,186.38999938964844,186.6199951171875,185.6300048828125,185.7899932861328,37715
2026-07-01 14:03:00+00:00,185.76010131835938,186.6300048828125,185.76010131835938,186.60000610351562,28042
2026-07-01 14:04:00+00:00,186.58999633789062,187.19000244140625,186.5749969482422,186.85000610351562,61774
2026-07-01 14:05:00+00:00,186.97999572753906,187.1199951171875,186.27999877929688,186.52000427246094,39067
2026-07-01 14:06:00+00:00,186.52499389648438,186.76390075683594,186.16810607910156,186.16810607910156,32879
2026-07-01 14:07:00+00:00,186.25,186.51499938964844,186.0500030517578,186.3000030517578,18452
2026-07-01 14:08:00+00:00,186.3000030517578,186.71499633789062,186.1199951171875,186.61500549316406,20221
2026-07-01 14:09:00+00:00,186.7100067138672,186.91000366210938,186.61500549316406,186.72999572753906,19245
2026-07-01 14:10:00+00:00,186.72999572753906,186.72999572753906,185.69000244140625,186.25,30676
2026-07-01 14:11:00+00:00,186.17999267578125,186.4600067138672,186.0850067138672,186.1300048828125,38775
2026-07-01 14:12:00+00:00,186.25999450683594,186.4499969482422,186.1425018310547,186.28500366210938,21425
2026-07-01 14:13:00+00:00,186.35000610351562,186.64999389648438,185.85000610351562,186.52999877929688,33308
2026-07-01 14:14:00+00:00,186.4783935546875,186.6649932861328,186.22000122070312,186.32000732421875,17585
2026-07-01 14:15:00+00:00,186.42999267578125,186.49899291992188,186.0,186.0,12830
2026-07-01 14:16:00+00:00,186.0850067138672,186.24000549316406,185.7100067138672,186.24000549316406,24937
2026-07-01 14:17:00+00:00,186.36000061035156,186.64999389648438,186.1699981689453,186.64999389648438,26853
2026-07-01 14:18:00+00:00,186.64999389648438,186.89999389648438,186.3350067138672,186.35000610351562,20433
2026-07-01 14:19:00+00:00,186.36000061035156,186.52999877929688,186.1300048828125,186.52999877929688,17839
2026-07-01 14:20:00+00:00,186.4199981689453,186.88999938964844,186.1699981689453,186.17999267578125,39560
2026-07-01 14:21:00+00:00,186.20249938964844,186.32000732421875,185.84500122070312,186.18499755859375,20968
2026-07-01 14:22:00+00:00,186.22500610351562,186.71499633789062,185.94630432128906,186.48500061035156,26822
2026-07-01 14:23:00+00:00,186.48500061035156,186.61000061035156,186.1199951171875,186.17999267578125,13821
2026-07-01 14:24:00+00:00,186.24000549316406,186.57000732421875,185.84500122070312,185.97999572753906,24313
2026-07-01 14:25:00+00:00,186.02499389648438,186.10000610351562,185.0261993408203,185.24000549316406,32781
2026-07-01 14:26:00+00:00,185.2541046142578,185.3800048828125,184.75,185.31500244140625,29059
2026-07-01 14:27:00+00:00,185.38999938964844,186.0998992919922,185.35000610351562,185.80999755859375,25291
2026-07-01 14:28:00+00:00,185.67999267578125,185.89990234375,185.11000061035156,185.49000549316406,15113
2026-07-01 14:29:00+00:00,185.5,185.6750030517578,185.3800048828125,185.47000122070312,14052
2026-07-01 14:30:00+00:00,185.47000122070312,185.49000549316406,184.49000549316406,184.52000427246094,55472
2026-07-01 14:31:00+00:00,184.52000427246094,184.5749969482422,183.75039672851562,183.8800048828125,52772
2026-07-01 14:32:00+00:00,183.8800048828125,184.22999572753906,183.67999267578125,184.21499633789062,34203
2026-07-01 14:33:00+00:00,184.125,184.39129638671875,184.0399932861328,184.10000610351562,17045
2026-07-01 14:34:00+00:00,184.11000061035156,184.35000610351562,184.06500244140625,184.25999450683594,33673
2026-07-01 14:35:00+00:00,184.33999633789062,184.3800048828125,184.13009643554688,184.25999450683594,21555
2026-07-01 14:36:00+00:00,184.13009643554688,184.22000122070312,183.88999938964844,184.1999969482422,37244
2026-07-01 14:37:00+00:00,184.3800048828125,185.0399932861328,184.36000061035156,184.5,35263
2026-07-01 14:38:00+00:00,184.50999450683594,184.77999877929688,184.44500732421875,184.66000366210938,21130
2026-07-01 14:39:00+00:00,184.67999267578125,184.91000366210938,184.6699981689453,184.85000610351562,17487
2026-07-01 14:40:00+00:00,184.75,185.22000122070312,184.70570373535156,185.14999389648438,34091
2026-07-01 14:41:00+00:00,185.0800018310547,185.13999938964844,184.75999450683594,184.8350067138672,33244
2026-07-01 14:42:00+00:00,184.7899932861328,184.8800048828125,184.4600067138672,184.61000061035156,33770
2026-07-01 14:43:00+00:00,184.64500427246094,184.97500610351562,184.56500244140625,184.80999755859375,40850
2026-07-01 14:44:00+00:00,184.7368927001953,184.88999938964844,184.3300018310547,184.60000610351562,34170
2026-07-01 14:45:00+00:00,184.55999755859375,184.55999755859375,183.9250030517578,183.9250030517578,31161
2026-07-01 14:46:00+00:00,183.9250030517578,184.1199951171875,183.75999450683594,183.9210968017578,29806
2026-07-01 14:47:00+00:00,183.9199981689453,184.1199951171875,183.75,183.91000366210938,17595
2026-07-01 14:48:00+00:00,183.9199981689453,184.1649932861328,183.80499267578125,184.1649932861328,20933
2026-07-01 14:49:00+00:00,184.1699981689453,184.25,183.88499450683594,184.07000732421875,17743
2026-07-01 14:50:00+00:00,184.0850067138672,184.16000366210938,183.7100067138672,184.0050048828125,17929
2026-07-01 14:51:00+00:00,184.02499389648438,184.4770965576172,183.98500061035156,184.3300018310547,23883
2026-07-01 14:52:00+00:00,184.3249969482422,185.0,184.2050018310547,184.8249969482422,42604
2026-07-01 14:53:00+00:00,184.9199981689453,185.33999633789062,184.9199981689453,185.27000427246094,46298
2026-07-01 14:54:00+00:00,185.27000427246094,185.3249969482422,184.85000610351562,184.9250030517578,29155
2026-07-01 14:55:00+00:00,184.9250030517578,185.03500366210938,184.5200958251953,184.625,17344
2026-07-01 14:56:00+00:00,184.51499938964844,184.82000732421875,184.10000610351562,184.27000427246094,29313
2026-07-01 14:57:00+00:00,184.25999450683594,184.3699951171875,183.6999969482422,183.74000549316406,37350
2026-07-01 14:58:00+00:00,183.7949981689453,184.19000244140625,183.69000244140625,184.05999755859375,25639
2026-07-01 14:59:00+00:00,184.1278076171875,184.6300048828125,184.0,184.5800018310547,18689
2026-07-01 15:00:00+00:00,184.63999938964844,185.5,184.63999938964844,185.34500122070312,37614
2026-07-01 15:01:00+00:00,185.3350067138672,185.57000732421875,185.19000244140625,185.4250030517578,20485
2026-07-01 15:02:00+00:00,185.35000610351562,185.36000061035156,185.08999633789062,185.25999450683594,20794
2026-07-01 15:03:00+00:00,185.27999877929688,185.85000610351562,185.27999877929688,185.60000610351562,26482
2026-07-01 15:04:00+00:00,185.60000610351562,186.03500366210938,185.3000030517578,185.6199951171875,83492
2026-07-01 15:05:00+00:00,185.44000244140625,186.5,185.32000732421875,186.5,39431
2026-07-01 15:06:00+00:00,186.39999389648438,186.5,186.0500030517578,186.0500030517578,24057
2026-07-01 15:07:00+00:00,186.09500122070312,186.2899932861328,185.9600067138672,186.05499267578125,27906
2026-07-01 15:08:00+00:00,186.05999755859375,186.8300018310547,185.93499755859375,186.73500061035156,116914
2026-07-01 15:09:00+00:00,186.66000366210938,186.83999633789062,185.81500244140625,186.75,45107
2026-07-01 15:10:00+00:00,186.75,186.89999389648438,186.31500244140625,186.57000732421875,26333
2026-07-01 15:11:00+00:00,186.5,187.0800018310547,186.4199981689453,186.9600067138672,53463
2026-07-01 15:12:00+00:00,186.8800048828125,187.17999267578125,186.61000061035156,187.02000427246094,57246
2026-07-01 15:13:00+00:00,187.0,187.10000610351562,186.5500030517578,186.61500549316406,75928
2026-07-01 15:14:00+00:00,186.61000061035156,187.6999969482422,186.44000244140625,187.5800018310547,60590
2026-07-01 15:15:00+00:00,187.55999755859375,187.89999389648438,187.39999389648438,187.89999389648438,50743
2026-07-01 15:16:00+00:00,187.9149932861328,188.11000061035156,187.1300048828125,187.26620483398438,74260
2026-07-01 15:17:00+00:00,187.2100067138672,187.79989624023438,187.2100067138672,187.7100067138672,45151
2026-07-01 15:18:00+00:00,187.78860473632812,188.36000061035156,187.61000061035156,187.9600067138672,61627
2026-07-01 15:19:00+00:00,187.88999938964844,187.9149932861328,186.9600067138672,187.00999450683594,31081
2026-07-01 15:20:00+00:00,186.97999572753906,187.22999572753906,186.66000366210938,186.6999969482422,39675
2026-07-01 15:21:00+00:00,186.71499633789062,186.8249969482422,186.10499572753906,186.3300018310547,31598
2026-07-01 15:22:00+00:00,186.27999877929688,186.3300018310547,185.85000610351562,186.21499633789062,18170
2026-07-01 15:23:00+00:00,186.2100067138672,186.52000427246094,186.09500122070312,186.09500122070312,14093
2026-07-01 15:24:00+00:00,186.06500244140625,186.0800018310547,185.35000610351562,185.35000610351562,31646
2026-07-01 15:25:00+00:00,185.35000610351562,185.35000610351562,184.22000122070312,184.6999969482422,44896
2026-07-01 15:26:00+00:00,184.69000244140625,185.4499969482422,184.58999633789062,185.2899932861328,50351
2026-07-01 15:27:00+00:00,185.30999755859375,185.42999267578125,185.22000122070312,185.40989685058594,14976
2026-07-01 15:28:00+00:00,185.3249969482422,185.50999450683594,185.2899932861328,185.2899932861328,19689
2026-07-01 15:29:00+00:00,185.3800048828125,185.5399932861328,185.23500061035156,185.5299072265625,25037
2026-07-01 15:30:00+00:00,185.5,185.55999755859375,185.17999267578125,185.33009338378906,13928
2026-07-01 15:31:00+00:00,185.25999450683594,185.47999572753906,185.11000061035156,185.4499969482422,20926
2026-07-01 15:32:00+00:00,185.4550018310547,185.5998992919922,185.24000549316406,185.24000549316406,81005
2026-07-01 15:33:00+00:00,185.25999450683594,185.7100067138672,185.19000244140625,185.60000610351562,22187
2026-07-01 15:34:00+00:00,185.60000610351562,185.8000030517578,185.5500030517578,185.6699981689453,30255
2026-07-01 15:35:00+00:00,185.6699981689453,185.8699951171875,185.30999755859375,185.33999633789062,29072
2026-07-01 15:36:00+00:00,185.3350067138672,185.72999572753906,185.22369384765625,185.7050018310547,20941
2026-07-01 15:37:00+00:00,185.6999969482422,185.92999267578125,185.50999450683594,185.52000427246094,23029
2026-07-01 15:38:00+00:00,185.5399932861328,185.8800048828125,185.52000427246094,185.8300018310547,25397
2026-07-01 15:39:00+00:00,185.91000366210938,186.06500244140625,185.83999633789062,185.83999633789062,25016
2026-07-01 15:40:00+00:00,185.97000122070312,186.02499389648438,185.85000610351562,185.9199981689453,10084
2026-07-01 15:41:00+00:00,185.9600067138672,185.99000549316406,185.5500030517578,185.8800048828125,49482
2026-07-01 15:42:00+00:00,186.02999877929688,186.02999877929688,185.6199951171875,185.6199951171875,27091
2026-07-01 15:43:00+00:00,185.61500549316406,185.6300048828125,185.36000061035156,185.36000061035156,24555
2026-07-01 15:44:00+00:00,185.47000122070312,185.5500030517578,185.22999572753906,185.35000610351562,18678
2026-07-01 15:45:00+00:00,185.35000610351562,185.66000366210938,185.24000549316406,185.61000061035156,20719
2026-07-01 15:46:00+00:00,185.55999755859375,185.73989868164062,185.44000244140625,185.64999389648438,30952
2026-07-01 15:47:00+00:00,185.64500427246094,186.02000427246094,185.61000061035156,185.91000366210938,19123
2026-07-01 15:48:00+00:00,185.94000244140625,186.25,185.75,185.80999755859375,21636
2026-07-01 15:49:00+00:00,185.75,185.80999755859375,185.42999267578125,185.5399932861328,20368
2026-07-01 15:50:00+00:00,185.6699981689453,185.7899932861328,185.55999755859375,185.69000244140625,17111
2026-07-01 15:51:00+00:00,185.63999938964844,185.75999450683594,185.22999572753906,185.4199981689453,45269
2026-07-01 15:52:00+00:00,185.47000122070312,185.52000427246094,185.3000030517578,185.44500732421875,16881
2026-07-01 15:53:00+00:00,185.4499969482422,185.63999938964844,185.39500427246094,185.6374969482422,16135
2026-07-01 15:54:00+00:00,185.57000732421875,185.5850067138672,185.11000061035156,185.11000061035156,12792
2026-07-01 15:55:00+00:00,185.125,185.5590057373047,185.05999755859375,185.5590057373047,25107
2026-07-01 15:56:00+00:00,185.51499938964844,185.52000427246094,185.1199951171875,185.13999938964844,20752
2026-07-01 15:57:00+00:00,185.16000366210938,185.36000061035156,185.09500122070312,185.36000061035156,14065
2026-07-01 15:58:00+00:00,185.44500732421875,185.86500549316406,185.44500732421875,185.6925048828125,15126
2026-07-01 15:59:00+00:00,185.75999450683594,185.77000427246094,185.55999755859375,185.59500122070312,10003
2026-07-01 16:00:00+00:00,185.59500122070312,185.69000244140625,185.39999389648438,185.61000061035156,16598
2026-07-01 16:01:00+00:00,185.6199951171875,185.64999389648438,185.4499969482422,185.61000061035156,11393
2026-07-01 16:02:00+00:00,185.6699981689453,185.88999938964844,185.66000366210938,185.67999267578125,9659
2026-07-01 16:03:00+00:00,185.74000549316406,185.86000061035156,185.2899932861328,185.2899932861328,10551
2026-07-01 16:04:00+00:00,185.32000732421875,185.42999267578125,185.0399932861328,185.0399932861328,10281
2026-07-01 16:05:00+00:00,185.02000427246094,185.22999572753906,184.88999938964844,185.22000122070312,20693
2026-07-01 16:06:00+00:00,185.1999969482422,185.46580505371094,185.1999969482422,185.2902069091797,8183
2026-07-01 16:07:00+00:00,185.3300018310547,185.47000122070312,185.30999755859375,185.30999755859375,7993
2026-07-01 16:08:00+00:00,185.30999755859375,185.42999267578125,185.25,185.25,12789
2026-07-01 16:09:00+00:00,185.22500610351562,185.25,185.0399932861328,185.25,9974
2026-07-01 16:10:00+00:00,185.25999450683594,185.27000427246094,185.02999877929688,185.22999572753906,18241
2026-07-01 16:11:00+00:00,185.27999877929688,185.2899932861328,185.08999633789062,185.15499877929688,12095
2026-07-01 16:12:00+00:00,185.15499877929688,185.25,185.0800018310547,185.13999938964844,11922
2026-07-01 16:13:00+00:00,185.13999938964844,185.13999938964844,185.00999450683594,185.05999755859375,16906
2026-07-01 16:14:00+00:00,185.0749969482422,185.2899932861328,184.9499969482422,185.2899932861328,25381
2026-07-01 16:15:00+00:00,185.14999389648438,185.25,185.08999633789062,185.08999633789062,7384
2026-07-01 16:16:00+00:00,185.0500030517578,185.25,184.92999267578125,185.1300048828125,13438
2026-07-01 16:17:00+00:00,185.10000610351562,185.44000244140625,185.10000610351562,185.42999267578125,14774
2026-07-01 16:18:00+00:00,185.40499877929688,185.75,185.38890075683594,185.75,10878
2026-07-01 16:19:00+00:00,185.7899932861328,186.0449981689453,185.75999450683594,186.00999450683594,12690
2026-07-01 16:20:00+00:00,186.0,186.08999633789062,185.97999572753906,186.07000732421875,9351
2026-07-01 16:21:00+00:00,186.11000061035156,186.22999572753906,186.02099609375,186.13290405273438,13231
2026-07-01 16:22:00+00:00,186.1199951171875,186.34410095214844,186.0399932861328,186.17999267578125,13562
2026-07-01 16:23:00+00:00,186.22000122070312,186.41000366210938,186.13999938964844,186.41000366210938,16406
2026-07-01 16:24:00+00:00,186.47000122070312,186.55999755859375,186.4149932861328,186.5500030517578,8088
2026-07-01 16:25:00+00:00,186.42999267578125,186.47999572753906,185.99000549316406,185.99000549316406,18644
2026-07-01 16:26:00+00:00,186.0,186.0800018310547,185.86380004882812,185.9300994873047,13743
2026-07-01 16:27:00+00:00,185.94000244140625,185.94000244140625,185.91000366210938,185.92999267578125,4909
2026-07-01 16:28:00+00:00,185.9600067138672,185.98989868164062,185.80999755859375,185.9199981689453,9063
2026-07-01 16:29:00+00:00,185.99000549316406,186.0449981689453,185.75999450683594,185.8699951171875,13388
2026-07-01 16:30:00+00:00,185.88999938964844,186.0294952392578,185.8300018310547,185.9499969482422,13901
2026-07-01 16:31:00+00:00,185.86500549316406,185.91990661621094,185.74000549316406,185.74000549316406,10253
2026-07-01 16:32:00+00:00,185.7899932861328,185.94500732421875,185.77999877929688,185.94500732421875,7945
2026-07-01 16:33:00+00:00,185.9499969482422,186.2899932861328,185.89999389648438,186.2899932861328,13936
2026-07-01 16:34:00+00:00,186.2949981689453,186.2949981689453,186.1199951171875,186.22000122070312,6810
2026-07-01 16:35:00+00:00,186.18190002441406,186.18190002441406,185.8000030517578,185.91000366210938,20529
2026-07-01 16:36:00+00:00,185.9499969482422,185.9600067138672,185.77999877929688,185.84500122070312,7256
2026-07-01 16:37:00+00:00,185.8300018310547,185.94000244140625,185.8000030517578,185.80999755859375,8036
2026-07-01 16:38:00+00:00,185.77999877929688,185.94000244140625,185.74000549316406,185.75,12973
2026-07-01 16:39:00+00:00,185.75,185.75,185.49009704589844,185.50999450683594,7657
2026-07-01 16:40:00+00:00,185.5399932861328,185.61000061035156,185.35000610351562,185.35000610351562,14851
2026-07-01 16:41:00+00:00,185.3699951171875,185.3800048828125,185.06100463867188,185.24000549316406,18814
2026-07-01 16:42:00+00:00,185.16000366210938,185.24000549316406,185.05999755859375,185.1300048828125,10297
2026-07-01 16:43:00+00:00,185.1300048828125,185.24000549316406,185.10000610351562,185.17999267578125,11745
2026-07-01 16:44:00+00:00,185.27000427246094,185.32000732421875,185.22999572753906,185.22999572753906,10295
2026-07-01 16:45:00+00:00,185.1999969482422,185.1999969482422,184.91000366210938,184.97999572753906,19601
2026-07-01 16:46:00+00:00,185.02999877929688,185.25,184.89999389648438,184.9499969482422,12961
2026-07-01 16:47:00+00:00,184.9199981689453,185.0738067626953,184.89999389648438,185.07000732421875,10584
2026-07-01 16:48:00+00:00,184.97999572753906,185.19000244140625,184.97999572753906,185.15499877929688,10667
2026-07-01 16:49:00+00:00,185.17999267578125,185.1999969482422,185.00999450683594,185.12570190429688,12300
2026-07-01 16:50:00+00:00,185.1999969482422,185.5449981689453,185.1999969482422,185.35000610351562,11931
2026-07-01 16:51:00+00:00,185.38499450683594,185.41000366210938,185.0500030517578,185.0500030517578,14735
2026-07-01 16:52:00+00:00,185.02000427246094,185.16000366210938,184.9600067138672,185.16000366210938,13235
2026-07-01 16:53:00+00:00,185.1999969482422,185.3300018310547,185.10000610351562,185.10000610351562,14373
2026-07-01 16:54:00+00:00,185.2100067138672,185.2899932861328,185.13999938964844,185.2100067138672,8556
2026-07-01 16:55:00+00:00,185.22360229492188,185.27999877929688,184.9199981689453,184.9199981689453,22137
2026-07-01 16:56:00+00:00,184.89999389648438,185.0399932861328,184.71499633789062,184.86000061035156,34327
2026-07-01 16:57:00+00:00,184.7899932861328,184.8800048828125,184.35000610351562,184.35000610351562,19251
2026-07-01 16:58:00+00:00,184.2899932861328,184.34500122070312,184.1199951171875,184.19000244140625,20711
2026-07-01 16:59:00+00:00,184.14999389648438,184.24000549316406,183.89999389648438,183.94000244140625,35615
2026-07-01 17:00:00+00:00,183.9008026123047,184.47000122070312,183.9008026123047,184.32000732421875,38196
2026-07-01 17:01:00+00:00,184.5,184.52000427246094,184.3300018310547,184.48500061035156,14709
2026-07-01 17:02:00+00:00,184.37159729003906,184.50999450683594,184.22999572753906,184.4550018310547,13120
2026-07-01 17:03:00+00:00,184.39999389648438,184.4698944091797,184.27000427246094,184.4698944091797,17838
2026-07-01 17:04:00+00:00,184.2899932861328,184.3699951171875,184.13999938964844,184.25,14035
2026-07-01 17:05:00+00:00,184.22000122070312,184.36500549316406,184.0,184.0449981689453,24193
2026-07-01 17:06:00+00:00,184.0500030517578,184.0500030517578,183.77000427246094,183.9698944091797,18783
2026-07-01 17:07:00+00:00,183.9149932861328,184.02000427246094,183.91000366210938,183.91000366210938,12409
2026-07-01 17:08:00+00:00,183.94000244140625,183.94000244140625,183.75,183.7550048828125,7884
2026-07-01 17:09:00+00:00,183.6999969482422,183.80999755859375,183.42999267578125,183.5500030517578,35222
2026-07-01 17:10:00+00:00,183.5,183.5,183.07000732421875,183.07000732421875,40736
2026-07-01 17:11:00+00:00,183.00999450683594,183.1999969482422,182.92999267578125,183.17999267578125,48313
2026-07-01 17:12:00+00:00,183.1699981689453,183.2899932861328,183.08999633789062,183.08999633789062,13708
2026-07-01 17:13:00+00:00,183.10000610351562,183.18499755859375,182.91000366210938,182.97999572753906,27319
2026-07-01 17:14:00+00:00,182.99000549316406,183.1300048828125,182.97999572753906,183.09500122070312,11844
2026-07-01 17:15:00+00:00,183.11000061035156,183.1300048828125,182.88999938964844,182.9499969482422,32517
2026-07-01 17:16:00+00:00,182.9499969482422,183.17999267578125,182.9499969482422,183.14500427246094,19525
2026-07-01 17:17:00+00:00,183.07000732421875,183.2100067138672,182.89500427246094,182.98500061035156,14506
2026-07-01 17:18:00+00:00,182.97500610351562,183.30999755859375,182.90499877929688,183.30999755859375,15103
2026-07-01 17:19:00+00:00,183.30999755859375,183.41000366210938,183.14999389648438,183.22500610351562,16593
2026-07-01 17:20:00+00:00,183.22500610351562,183.3300018310547,183.1199951171875,183.17999267578125,14720
2026-07-01 17:21:00+00:00,183.13999938964844,183.30999755859375,183.10000610351562,183.2449951171875,19757
2026-07-01 17:22:00+00:00,183.24000549316406,183.4250030517578,183.24000549316406,183.3000030517578,11465
2026-07-01 17:23:00+00:00,183.3300018310547,183.69000244140625,183.3300018310547,183.68589782714844,15121
2026-07-01 17:24:00+00:00,183.6300048828125,183.73500061035156,183.5,183.72999572753906,9223
2026-07-01 17:25:00+00:00,183.68499755859375,183.9199981689453,183.61000061035156,183.72999572753906,14602
2026-07-01 17:26:00+00:00,183.72500610351562,183.72999572753906,183.58999633789062,183.6999969482422,9503
2026-07-01 17:27:00+00:00,183.72000122070312,183.85499572753906,183.72000122070312,183.80999755859375,7838
2026-07-01 17:28:00+00:00,183.85499572753906,183.88999938964844,183.71499633789062,183.88999938964844,13269
2026-07-01 17:29:00+00:00,183.85360717773438,183.9499969482422,183.77999877929688,183.88999938964844,12770
2026-07-01 17:30:00+00:00,183.83009338378906,183.97999572753906,183.8000030517578,183.97999572753906,9966
2026-07-01 17:31:00+00:00,183.94000244140625,184.07000732421875,183.85000610351562,183.97000122070312,16070
2026-07-01 17:32:00+00:00,183.99339294433594,184.07989501953125,183.75999450683594,183.8300018310547,15002
2026-07-01 17:33:00+00:00,183.85000610351562,183.8800048828125,183.75,183.77999877929688,7657
2026-07-01 17:34:00+00:00,183.8000030517578,183.9199981689453,183.8000030517578,183.90499877929688,6264
2026-07-01 17:35:00+00:00,183.91000366210938,183.91000366210938,183.3800048828125,183.50999450683594,33814
2026-07-01 17:36:00+00:00,183.52000427246094,183.57000732421875,183.42999267578125,183.57000732421875,10362
2026-07-01 17:37:00+00:00,183.6199951171875,183.7100067138672,183.47000122070312,183.67999267578125,5185
2026-07-01 17:38:00+00:00,183.71499633789062,183.77999877929688,183.67999267578125,183.77000427246094,10272
2026-07-01 17:39:00+00:00,183.73300170898438,183.82000732421875,183.6699981689453,183.69500732421875,13791
2026-07-01 17:40:00+00:00,183.75999450683594,183.94000244140625,183.64999389648438,183.85000610351562,17291
2026-07-01 17:41:00+00:00,183.7899932861328,183.9600067138672,183.7899932861328,183.9199981689453,8908
2026-07-01 17:42:00+00:00,183.9199981689453,183.92999267578125,183.8000030517578,183.8607940673828,14924
2026-07-01 17:43:00+00:00,183.8000030517578,183.8800048828125,183.77000427246094,183.77000427246094,5622
2026-07-01 17:44:00+00:00,183.7700958251953,183.9600067138672,183.75999450683594,183.82000732421875,14685
2026-07-01 17:45:00+00:00,183.80999755859375,183.91000366210938,183.8000946044922,183.82000732421875,5412
2026-07-01 17:46:00+00:00,183.875,183.88999938964844,183.6199951171875,183.6699981689453,13733
2026-07-01 17:47:00+00:00,183.72000122070312,183.7899932861328,183.50999450683594,183.50999450683594,14122
2026-07-01 17:48:00+00:00,183.51510620117188,183.7100067138672,183.51499938964844,183.7100067138672,17164
2026-07-01 17:49:00+00:00,183.6750030517578,183.82000732421875,183.6750030517578,183.82000732421875,11910
2026-07-01 17:50:00+00:00,183.84500122070312,184.0500030517578,183.8300018310547,183.99000549316406,16320
2026-07-01 17:51:00+00:00,184.018798828125,184.03500366210938,183.77999877929688,183.8699951171875,14936
2026-07-01 17:52:00+00:00,183.77999877929688,183.90499877929688,183.74000549316406,183.75,12100
2026-07-01 17:53:00+00:00,183.80499267578125,183.85000610351562,183.7050018310547,183.7050018310547,6396
2026-07-01 17:54:00+00:00,183.63999938964844,183.74000549316406,183.3800048828125,183.74000549316406,23009
2026-07-01 17:55:00+00:00,183.69000244140625,189.8800048828125,183.57000732421875,188.88999938964844,562170
2026-07-01 17:56:00+00:00,188.98500061035156,190.99000549316406,186.8551025390625,190.1999969482422,402955
2026-07-01 17:57:00+00:00,190.02999877929688,190.1999969482422,187.00999450683594,189.625,343435
2026-07-01 17:58:00+00:00,189.60000610351562,190.0,187.51060485839844,187.51060485839844,292470
2026-07-01 17:59:00+00:00,187.52000427246094,190.0,187.30999755859375,188.5998992919922,162373
2026-07-01 18:00:00+00:00,188.3800048828125,189.5399932861328,187.72999572753906,189.49000549316406,175846
2026-07-01 18:01:00+00:00,189.35000610351562,189.35000610351562,187.65499877929688,187.96499633789062,169263
2026-07-01 18:02:00+00:00,187.82000732421875,188.66000366210938,187.67999267578125,187.9550018310547,88841
2026-07-01 18:03:00+00:00,187.88999938964844,188.97999572753906,186.72000122070312,187.0,198449
2026-07-01 18:04:00+00:00,186.88999938964844,187.39999389648438,186.1999969482422,186.22999572753906,89749
2026-07-01 18:05:00+00:00,186.2949981689453,186.4600067138672,185.07000732421875,185.16000366210938,101946
2026-07-01 18:06:00+00:00,185.2899932861328,186.72000122070312,184.8300018310547,186.65499877929688,141538
2026-07-01 18:07:00+00:00,186.6999969482422,186.9199981689453,186.20010375976562,186.5,110413
2026-07-01 18:08:00+00:00,186.77999877929688,186.77999877929688,186.02999877929688,186.4600067138672,65386
2026-07-01 18:09:00+00:00,186.47999572753906,186.50999450683594,185.87010192871094,186.22000122070312,66164
2026-07-01 18:10:00+00:00,186.11000061035156,186.55999755859375,185.89999389648438,186.11000061035156,40481
2026-07-01 18:11:00+00:00,186.0800018310547,186.35000610351562,185.3800048828125,185.64999389648438,69842
2026-07-01 18:12:00+00:00,185.75,185.75,185.39999389648438,185.5601043701172,38316
2026-07-01 18:13:00+00:00,185.69000244140625,186.20950317382812,185.57000732421875,185.74000549316406,38834
2026-07-01 18:14:00+00:00,185.60000610351562,186.32989501953125,185.60000610351562,186.02999877929688,24278
2026-07-01 18:15:00+00:00,186.07000732421875,186.07000732421875,185.75,185.8000030517578,34277
2026-07-01 18:16:00+00:00,185.78500366210938,185.78500366210938,185.14999389648438,185.67999267578125,62238
2026-07-01 18:17:00+00:00,185.74000549316406,185.9199981689453,185.2100067138672,185.37510681152344,36162
2026-07-01 18:18:00+00:00,185.25,185.52000427246094,185.12010192871094,185.24789428710938,28027
2026-07-01 18:19:00+00:00,185.41009521484375,186.13999938964844,185.3300018310547,186.00999450683594,29486
2026-07-01 18:20:00+00:00,186.1300048828125,186.43499755859375,185.6199951171875,185.75999450683594,36989
2026-07-01 18:21:00+00:00,185.82000732421875,185.82009887695312,185.22999572753906,185.61000061035156,37598
2026-07-01 18:22:00+00:00,185.64999389648438,186.10499572753906,185.40499877929688,186.06500244140625,27997
2026-07-01 18:23:00+00:00,186.0749969482422,186.1999969482422,185.75,185.9600067138672,27689
2026-07-01 18:24:00+00:00,186.03500366210938,186.27000427246094,185.89999389648438,186.1717071533203,26338
2026-07-01 18:25:00+00:00,186.10499572753906,186.1300048828125,185.9199981689453,186.02999877929688,15342
2026-07-01 18:26:00+00:00,185.91000366210938,186.07359313964844,185.17999267578125,185.42999267578125,54252
2026-07-01 18:27:00+00:00,185.30999755859375,185.72999572753906,184.72999572753906,184.9250030517578,65647
2026-07-01 18:28:00+00:00,184.9600067138672,185.55999755859375,184.8300018310547,185.35000610351562,32018
2026-07-01 18:29:00+00:00,185.52999877929688,185.77999877929688,185.3699951171875,185.77999877929688,18494
2026-07-01 18:30:00+00:00,185.64999389648438,185.66000366210938,184.89999389648438,185.0612030029297,47536
2026-07-01 18:31:00+00:00,185.02000427246094,185.02000427246094,183.6999969482422,183.6999969482422,111056
2026-07-01 18:32:00+00:00,183.7449951171875,184.33999633789062,183.7449951171875,183.7899932861328,60298
2026-07-01 18:33:00+00:00,183.84500122070312,184.35000610351562,183.6699981689453,184.10499572753906,71152
2026-07-01 18:34:00+00:00,184.11000061035156,184.1999969482422,183.50999450683594,183.63999938964844,79331
2026-07-01 18:35:00+00:00,183.60000610351562,183.61000061035156,182.8699951171875,183.39999389648438,104617
2026-07-01 18:36:00+00:00,183.4499969482422,183.47000122070312,183.0,183.2899932861328,41218
2026-07-01 18:37:00+00:00,183.49000549316406,183.61000061035156,183.25999450683594,183.47000122070312,27429
2026-07-01 18:38:00+00:00,183.5800018310547,183.6282958984375,183.33999633789062,183.47999572753906,17574
2026-07-01 18:39:00+00:00,183.4250030517578,183.5500030517578,183.4250030517578,183.52000427246094,17363
2026-07-01 18:40:00+00:00,183.48500061035156,183.7299041748047,183.4824981689453,183.64999389648438,30670
2026-07-01 18:41:00+00:00,183.58999633789062,183.6999969482422,183.49009704589844,183.6999053955078,26665
2026-07-01 18:42:00+00:00,183.69000244140625,184.14999389648438,183.61000061035156,183.72999572753906,75434
2026-07-01 18:43:00+00:00,183.7550048828125,184.07989501953125,183.6999969482422,183.889892578125,16996
2026-07-01 18:44:00+00:00,183.82000732421875,183.85580444335938,183.1645050048828,183.34739685058594,58233
2026-07-01 18:45:00+00:00,183.39999389648438,183.39999389648438,182.95010375976562,183.10000610351562,35373
2026-07-01 18:46:00+00:00,183.10000610351562,183.2100067138672,182.8800048828125,182.98500061035156,28553
2026-07-01 18:47:00+00:00,183.0500030517578,183.0500030517578,182.75999450683594,182.9199981689453,19696
2026-07-01 18:48:00+00:00,182.99000549316406,183.1728057861328,182.85000610351562,182.85000610351562,17956
2026-07-01 18:49:00+00:00,182.89500427246094,183.0540008544922,182.7100067138672,182.80999755859375,33920
2026-07-01 18:50:00+00:00,182.76499938964844,182.82000732421875,182.52999877929688,182.58999633789062,25089
2026-07-01 18:51:00+00:00,182.52999877929688,182.60000610351562,182.24249267578125,182.55499267578125,45108
2026-07-01 18:52:00+00:00,182.55499267578125,182.6999969482422,182.33009338378906,182.36509704589844,24129
2026-07-01 18:53:00+00:00,182.42999267578125,182.5399932861328,182.0601043701172,182.1199951171875,26548
2026-07-01 18:54:00+00:00,182.1300048828125,182.2899932861328,182.02000427246094,182.1199951171875,22392
2026-07-01 18:55:00+00:00,182.2050018310547,182.26499938964844,181.99000549316406,182.09500122070312,35475
2026-07-01 18:56:00+00:00,182.10000610351562,182.17999267578125,182.02999877929688,182.13499450683594,16409
2026-07-01 18:57:00+00:00,182.07000732421875,182.3699951171875,182.02999877929688,182.36000061035156,26640
2026-07-01 18:58:00+00:00,182.39999389648438,182.7100067138672,182.3800048828125,182.70620727539062,23853
2026-07-01 18:59:00+00:00,182.64999389648438,183.25,182.64999389648438,182.90499877929688,31634
2026-07-01 19:00:00+00:00,182.85000610351562,183.1999969482422,182.64999389648438,183.05499267578125,42648
2026-07-01 19:01:00+00:00,182.9600067138672,183.1999969482422,182.9499969482422,183.16000366210938,19320
2026-07-01 19:02:00+00:00,183.19000244140625,184.05999755859375,183.19000244140625,183.8800048828125,30827
2026-07-01 19:03:00+00:00,183.75999450683594,184.0,183.53509521484375,183.63999938964844,19995
2026-07-01 19:04:00+00:00,183.6999969482422,183.8699951171875,183.60000610351562,183.76499938964844,17338
2026-07-01 19:05:00+00:00,183.76499938964844,184.0,183.64999389648438,183.94000244140625,39306
2026-07-01 19:06:00+00:00,183.8800048828125,184.13999938964844,183.7899932861328,184.1116943359375,31637
2026-07-01 19:07:00+00:00,184.03500366210938,184.4499969482422,183.89999389648438,184.14999389648438,47608
2026-07-01 19:08:00+00:00,184.16000366210938,184.43980407714844,184.16000366210938,184.375,21009
2026-07-01 19:09:00+00:00,184.33999633789062,184.4600067138672,184.22000122070312,184.4600067138672,17000
2026-07-01 19:10:00+00:00,184.4550018310547,184.4550018310547,184.19009399414062,184.35499572753906,27983
2026-07-01 19:11:00+00:00,184.34500122070312,184.5500030517578,183.8699951171875,183.90499877929688,33375
2026-07-01 19:12:00+00:00,183.89999389648438,183.9250030517578,183.4447021484375,183.4447021484375,25540
2026-07-01 19:13:00+00:00,183.55999755859375,183.82000732421875,183.55999755859375,183.78500366210938,10612
2026-07-01 19:14:00+00:00,183.8000030517578,184.10000610351562,183.6199951171875,183.6199951171875,18885
2026-07-01 19:15:00+00:00,183.75,183.8000030517578,183.32000732421875,183.55670166015625,17761
2026-07-01 19:16:00+00:00,183.56500244140625,183.67999267578125,183.47000122070312,183.5500030517578,23922
2026-07-01 19:17:00+00:00,183.56500244140625,183.64500427246094,183.27000427246094,183.41000366210938,27266
2026-07-01 19:18:00+00:00,183.4199981689453,183.44000244140625,183.11000061035156,183.39990234375,21142
2026-07-01 19:19:00+00:00,183.31500244140625,183.74000549316406,183.31500244140625,183.6199951171875,19565
2026-07-01 19:20:00+00:00,183.63499450683594,183.8000030517578,183.5,183.69500732421875,31606
2026-07-01 19:21:00+00:00,183.69500732421875,184.0,183.63499450683594,183.80999755859375,15961
2026-07-01 19:22:00+00:00,183.78500366210938,183.8800048828125,183.53500366210938,183.6199951171875,22406
2026-07-01 19:23:00+00:00,183.6999969482422,183.9199981689453,183.6199951171875,183.83009338378906,28768
2026-07-01 19:24:00+00:00,183.8300018310547,183.92999267578125,183.74000549316406,183.88499450683594,19674
2026-07-01 19:25:00+00:00,183.94000244140625,183.94000244140625,183.25,183.42999267578125,58504
2026-07-01 19:26:00+00:00,183.43499755859375,183.59500122070312,183.3000030517578,183.34500122070312,14670
2026-07-01 19:27:00+00:00,183.27999877929688,183.5,183.27000427246094,183.4499969482422,18746
2026-07-01 19:28:00+00:00,183.3437042236328,183.6999969482422,183.2050018310547,183.6999969482422,17983
2026-07-01 19:29:00+00:00,183.7100067138672,184.0399932861328,183.7100067138672,183.8699951171875,34637
2026-07-01 19:30:00+00:00,183.8699951171875,184.76499938964844,183.77000427246094,184.5800018310547,57946
2026-07-01 19:31:00+00:00,184.49000549316406,184.8800048828125,184.3000030517578,184.8800048828125,51216
2026-07-01 19:32:00+00:00,184.75,185.05499267578125,184.6300048828125,184.73500061035156,35913
2026-07-01 19:33:00+00:00,184.6699981689453,184.92999267578125,184.58999633789062,184.83999633789062,31397
2026-07-01 19:34:00+00:00,184.72000122070312,184.8350067138672,184.5,184.6199951171875,35782
2026-07-01 19:35:00+00:00,184.67999267578125,184.67999267578125,183.5850067138672,183.97000122070312,53399
2026-07-01 19:36:00+00:00,183.8699951171875,183.91000366210938,183.3000030517578,183.33999633789062,24101
2026-07-01 19:37:00+00:00,183.38499450683594,183.4499969482422,183.1999969482422,183.3249969482422,26545
2026-07-01 19:38:00+00:00,183.25999450683594,183.5,183.0,183.0399932861328,60198
2026-07-01 19:39:00+00:00,183.11500549316406,183.4199981689453,182.97000122070312,183.08389282226562,50183
2026-07-01 19:40:00+00:00,183.0399932861328,183.1199951171875,182.60000610351562,183.05499267578125,31276
2026-07-01 19:41:00+00:00,183.05499267578125,183.27999877929688,183.05499267578125,183.15499877929688,28106
2026-07-01 19:42:00+00:00,183.1425018310547,183.25999450683594,183.10000610351562,183.25,26735
2026-07-01 19:43:00+00:00,183.19000244140625,183.33999633789062,183.09500122070312,183.18499755859375,26385
2026-07-01 19:44:00+00:00,183.18499755859375,183.27999877929688,182.7949981689453,182.86000061035156,24844
2026-07-01 19:45:00+00:00,182.8800048828125,183.17999267578125,182.8800048828125,182.97500610351562,36868
2026-07-01 19:46:00+00:00,182.99000549316406,183.11000061035156,182.83999633789062,183.0050048828125,35552
2026-07-01 19:47:00+00:00,183.0399932861328,183.25,182.97999572753906,183.1999969482422,40425
2026-07-01 19:48:00+00:00,183.1999969482422,183.3800048828125,183.08999633789062,183.14999389648438,49920
2026-07-01 19:49:00+00:00,183.16830444335938,183.36880493164062,183.1199951171875,183.36880493164062,42216
2026-07-01 19:50:00+00:00,183.3699951171875,184.25999450683594,183.3699951171875,183.8300018310547,86295
2026-07-01 19:51:00+00:00,183.77999877929688,183.82000732421875,183.0,183.11000061035156,67571
2026-07-01 19:52:00+00:00,183.17999267578125,183.50999450683594,183.17999267578125,183.38999938964844,54342
2026-07-01 19:53:00+00:00,183.3300018310547,183.6699981689453,183.19000244140625,183.39999389648438,65433
2026-07-01 19:54:00+00:00,183.35000610351562,183.60000610351562,182.99000549316406,183.33999633789062,122963
2026-07-01 19:55:00+00:00,183.1999969482422,183.24000549316406,182.24000549316406,182.3350067138672,177140
2026-07-01 19:56:00+00:00,182.33999633789062,182.60499572753906,182.25,182.5800018310547,204230
2026-07-01 19:57:00+00:00,182.5800018310547,182.60989379882812,181.60000610351562,181.69000244140625,251679
2026-07-01 19:58:00+00:00,181.69000244140625,182.02000427246094,181.69000244140625,181.91000366210938,285588
2026-07-01 19:59:00+00:00,181.91000366210938,182.14999389648438,181.8699951171875,181.94000244140625,545512
2026-07-01 20:00:00+00:00,181.92,182.2,181.3,181.84,0
2026-07-01 20:01:00+00:00,181.5,182.4,181.2,181.7916,0
2026-07-01 20:02:00+00:00,181.4,181.92,181.3,181.92,0
2026-07-01 20:03:00+00:00,181.62,181.75,181.36,181.69,0
2026-07-01 20:04:00+00:00,181.6506,181.92,181.5,181.5501,0
2026-07-01 20:05:00+00:00,181.644,181.92,181.2,181.2,0
2026-07-01 20:06:00+00:00,181.15,181.92,180.8,181.34,0
2026-07-01 20:07:00+00:00,181.25,181.74,181.06,181.285,0
2026-07-01 20:08:00+00:00,181.3,181.92,181.0,181.0,0
2026-07-01 20:09:00+00:00,181.52,185.4455,181.3,181.3,0
2026-07-01 20:10:00+00:00,181.92,181.92,181.08,181.52,0
2026-07-01 20:11:00+00:00,181.4577,181.92,181.1712,181.1712,0
2026-07-01 20:12:00+00:00,181.51,181.51,181.23,181.23,0
2026-07-01 20:13:00+00:00,181.5,181.52,181.08,181.5199,0
2026-07-01 20:14:00+00:00,181.43,181.95,181.43,181.95,0
2026-07-01 20:15:00+00:00,181.96,181.96,181.5,181.57,0
2026-07-01 20:16:00+00:00,181.62,181.96,181.38,181.4,0
2026-07-01 20:17:00+00:00,181.31,181.812,181.29,181.73,0
2026-07-01 20:18:00+00:00,181.72,181.73,181.31,181.4849,0
2026-07-01 20:19:00+00:00,181.5,181.5,181.25,181.25,0
2026-07-01 20:20:00+00:00,181.25,181.64,181.25,181.64,0
2026-07-01 20:21:00+00:00,181.64,181.64,181.4,181.4,0
2026-07-01 20:22:00+00:00,181.3007,181.64,181.26,181.6,0
2026-07-01 20:23:00+00:00,181.6,181.6,181.4,181.45,0
2026-07-01 20:24:00+00:00,181.4,181.4999,181.3,181.47,0
2026-07-01 20:25:00+00:00,181.47,181.4985,181.31,181.31,0
2026-07-01 20:26:00+00:00,181.37,181.6,181.35,181.35,0
2026-07-01 20:27:00+00:00,181.35,181.35,181.35,181.35,0
2026-07-01 20:28:00+00:00,181.5622,181.5622,181.5622,181.5622,0
2026-07-01 20:29:00+00:00,181.55,181.92,181.55,181.73,0
2026-07-01 20:30:00+00:00,181.73,181.73,181.53,181.53,0
2026-07-01 20:31:00+00:00,181.53,181.92,181.53,181.73,0
2026-07-01 20:32:00+00:00,181.5807,181.73,181.53,181.53,0
2026-07-01 20:33:00+00:00,181.55,181.85,181.53,181.8084,0
2026-07-01 20:34:00+00:00,181.5574,181.61,181.5143,181.53,0
2026-07-01 20:35:00+00:00,181.56,181.61,181.5,181.5299,0
2026-07-01 20:36:00+00:00,181.38,181.4,181.35,181.37,0
2026-07-01 20:37:00+00:00,181.3,181.9199,181.3,181.5103,0
2026-07-01 20:38:00+00:00,181.61,181.74,181.48,181.5,0
2026-07-01 20:39:00+00:00,181.38,181.9199,181.38,181.72,0
2026-07-01 20:40:00+00:00,181.7,181.765,181.5,181.5,0
2026-07-01 20:41:00+00:00,181.55,181.92,181.4531,181.89,0
2026-07-01 20:42:00+00:00,181.45,181.92,181.45,181.7,0
2026-07-01 20:43:00+00:00,181.72,181.92,181.5,181.5,0
2026-07-01 20:44:00+00:00,181.92,181.92,181.5546,181.61,0
2026-07-01 20:45:00+00:00,181.61,181.92,181.43,181.9199,0
2026-07-01 20:46:00+00:00,181.75,181.75,181.38,181.5,0
2026-07-01 20:47:00+00:00,181.42,181.92,181.38,181.92,0
2026-07-01 20:48:00+00:00,181.92,181.92,181.5546,181.92,0
2026-07-01 20:49:00+00:00,181.7892,181.7892,181.61,181.75,0
2026-07-01 20:50:00+00:00,181.92,181.92,181.75,181.75,0
2026-07-01 20:51:00+00:00,181.75,181.8797,181.6108,181.6108,0
2026-07-01 20:52:00+00:00,181.76,181.76,181.61,181.7,0
2026-07-01 20:53:00+00:00,181.8215,181.8215,181.8215,181.8215,0
2026-07-01 20:54:00+00:00,181.8,181.8306,181.43,181.51,0
2026-07-01 20:55:00+00:00,181.71,181.783,181.5,181.59,0
2026-07-01 20:56:00+00:00,181.55,181.74,181.55,181.673,0
2026-07-01 20:57:00+00:00,181.7,181.7,181.5678,181.6893,0
2026-07-01 20:58:00+00:00,181.56,181.71,181.56,181.59,0
2026-07-01 20:59:00+00:00,181.61,181.67,181.56,181.56,0
2026-07-01 21:00:00+00:00,181.71,181.71,181.6,181.7,0
2026-07-01 21:01:00+00:00,181.71,181.71,181.6,181.71,0
2026-07-01 21:02:00+00:00,181.7,181.7,181.6842,181.6842,0
2026-07-01 21:03:00+00:00,181.71,181.71,181.6755,181.71,0
2026-07-01 21:04:00+00:00,181.6671,181.71,181.554,181.6,0
2026-07-01 21:05:00+00:00,181.71,181.71,181.65,181.6984,0
2026-07-01 21:06:00+00:00,181.6836,181.7,181.55,181.6752,0
2026-07-01 21:07:00+00:00,181.6514,181.74,181.65,181.7,0
2026-07-01 21:08:00+00:00,181.79,181.92,181.7,181.8,0
2026-07-01 21:09:00+00:00,181.77,181.92,181.7134,181.88,0
2026-07-01 21:10:00+00:00,182.0,182.0,181.739,181.88,0
2026-07-01 21:11:00+00:00,181.88,181.961,181.7003,181.85,0
2026-07-01 21:12:00+00:00,181.85,182.0,181.85,181.99,0
2026-07-01 21:13:00+00:00,181.92,182.27,181.9124,182.21,0
2026-07-01 21:14:00+00:00,181.8622,182.22,181.86,181.86,0
2026-07-01 21:15:00+00:00,182.01,182.19,181.9,181.9,0
2026-07-01 21:16:00+00:00,181.9818,182.0,181.86,181.86,0
2026-07-01 21:17:00+00:00,182.0,182.0,181.95,182.0,0
2026-07-01 21:18:00+00:00,182.0,182.0,182.0,182.0,0
2026-07-01 21:19:00+00:00,181.913,182.0,181.9,182.0,0
2026-07-01 21:20:00+00:00,181.9409,181.95,181.9,181.95,0
2026-07-01 21:21:00+00:00,182.01,182.01,182.01,182.01,0
2026-07-01 21:22:00+00:00,181.9,182.04,181.9,182.04,0
2026-07-01 21:23:00+00:00,182.0,182.4,182.0,182.4,0
2026-07-01 21:24:00+00:00,182.4,182.4,181.92,182.32,0
2026-07-01 21:25:00+00:00,181.991,181.991,181.991,181.991,0
2026-07-01 21:26:00+00:00,182.1236,182.4,182.1144,182.3,0
2026-07-01 21:28:00+00:00,182.2802,182.2802,182.0,182.0001,0
2026-07-01 21:29:00+00:00,182.0072,182.29,182.0072,182.07,0
2026-07-01 21:30:00+00:00,182.05,182.29,182.0,182.29,0
2026-07-01 21:31:00+00:00,182.2536,186.56,182.08,182.08,0
2026-07-01 21:32:00+00:00,182.08,182.29,182.01,182.01,0
2026-07-01 21:33:00+00:00,182.145,182.145,182.0,182.14,0
2026-07-01 21:34:00+00:00,182.29,182.29,182.01,182.01,0
2026-07-01 21:35:00+00:00,182.01,182.1,182.0,182.0,0
2026-07-01 21:36:00+00:00,182.1,182.29,182.1,182.29,0
2026-07-01 21:37:00+00:00,182.0739,182.25,182.0739,182.1,0
2026-07-01 21:38:00+00:00,182.21,182.21,182.1,182.21,0
2026-07-01 21:39:00+00:00,182.1,182.2773,182.06,182.2588,0
2026-07-01 21:40:00+00:00,182.0875,182.29,182.0875,182.29,0
2026-07-01 21:41:00+00:00,182.27,182.27,182.23,182.2588,0
2026-07-01 21:42:00+00:00,182.22,182.2899,182.08,182.2899,0
2026-07-01 21:43:00+00:00,182.22,182.29,182.05,182.22,0
2026-07-01 21:44:00+00:00,182.05,182.49,182.05,182.32,0
2026-07-01 21:45:00+00:00,182.3,182.3,182.29,182.29,0
2026-07-01 21:46:00+00:00,182.25,182.49,182.06,182.06,0
2026-07-01 21:47:00+00:00,182.05,182.49,182.05,182.49,0
2026-07-01 21:48:00+00:00,182.4,182.4,182.05,182.05,0
2026-07-01 21:49:00+00:00,182.05,182.155,182.05,182.155,0
2026-07-01 21:50:00+00:00,182.21,182.21,182.21,182.21,0
2026-07-01 21:51:00+00:00,182.49,182.49,182.05,182.05,0
2026-07-01 21:52:00+00:00,182.49,182.49,182.22,182.22,0
2026-07-01 21:53:00+00:00,182.49,182.49,182.07,182.1246,0
2026-07-01 21:54:00+00:00,182.22,182.34,182.1856,182.34,0
2026-07-01 21:55:00+00:00,182.34,182.49,182.34,182.39,0
2026-07-01 21:56:00+00:00,182.49,182.49,182.39,182.39,0
2026-07-01 21:57:00+00:00,182.39,182.4,182.39,182.4,0
2026-07-01 21:58:00+00:00,182.26,182.43,182.26,182.43,0
2026-07-01 21:59:00+00:00,182.26,182.39,182.25,182.39,0
2026-07-01 22:00:00+00:00,182.35,182.49,182.1488,182.1488,0
2026-07-01 22:01:00+00:00,182.42,182.42,182.42,182.42,0
2026-07-01 22:02:00+00:00,182.49,182.49,182.09,182.09,0
2026-07-01 22:03:00+00:00,182.4795,182.4795,182.39,182.39,0
2026-07-01 22:04:00+00:00,182.36,182.4707,182.36,182.4707,0
2026-07-01 22:05:00+00:00,182.4707,182.49,182.37,182.49,0
2026-07-01 22:06:00+00:00,182.13,182.3897,182.13,182.3897,0
2026-07-01 22:07:00+00:00,182.1594,182.48,182.13,182.34,0
2026-07-01 22:08:00+00:00,182.32,182.34,182.11,182.11,0
2026-07-01 22:09:00+00:00,182.2501,182.4,182.11,182.4,0
2026-07-01 22:10:00+00:00,182.32,182.32,182.32,182.32,0
2026-07-01 22:11:00+00:00,182.49,182.49,182.49,182.49,0
2026-07-01 22:12:00+00:00,182.32,182.49,182.11,182.32,0
2026-07-01 22:13:00+00:00,182.24,182.295,182.18,182.18,0
2026-07-01 22:14:00+00:00,182.25,182.25,182.25,182.25,0
2026-07-01 22:15:00+00:00,182.39,182.39,182.18,182.18,0
2026-07-01 22:16:00+00:00,182.1201,182.18,182.12,182.18,0
2026-07-01 22:17:00+00:00,182.14,182.17,182.05,182.16,0
2026-07-01 22:18:00+00:00,182.16,182.48,182.16,182.48,0
2026-07-01 22:19:00+00:00,182.1602,182.2,182.1602,182.2,0
2026-07-01 22:20:00+00:00,182.2201,182.2201,182.22,182.22,0
2026-07-01 22:21:00+00:00,182.14,182.28,182.14,182.28,0
2026-07-01 22:22:00+00:00,182.4,182.4,182.14,182.4,0
2026-07-01 22:23:00+00:00,182.15,182.4,182.15,182.4,0
2026-07-01 22:24:00+00:00,182.4,182.4,182.35,182.4,0
2026-07-01 22:25:00+00:00,182.3156,182.4,182.15,182.32,0
2026-07-01 22:26:00+00:00,182.12,182.3146,182.12,182.3146,0
2026-07-01 22:27:00+00:00,182.3,182.3,182.3,182.3,0
2026-07-01 22:28:00+00:00,182.126,182.34,182.126,182.25,0
2026-07-01 22:29:00+00:00,182.25,182.25,182.1564,182.1564,0
2026-07-01 22:30:00+00:00,182.3,182.3,182.3,182.3,0
2026-07-01 22:31:00+00:00,182.2387,182.3,182.2387,182.28,0
2026-07-01 22:32:00+00:00,182.16,182.16,182.16,182.16,0
2026-07-01 22:33:00+00:00,182.28,182.3688,182.17,182.3688,0
2026-07-01 22:34:00+00:00,182.39,182.39,182.39,182.39,0
2026-07-01 22:35:00+00:00,182.39,182.39,182.39,182.39,0
2026-07-01 22:36:00+00:00,182.17,182.39,182.17,182.35,0
2026-07-01 22:37:00+00:00,182.35,182.35,182.35,182.35,0
2026-07-01 22:38:00+00:00,182.25,182.4,182.25,182.39,0
2026-07-01 22:39:00+00:00,182.4,182.4,182.36,182.36,0
2026-07-01 22:40:00+00:00,182.28,182.3999,182.16,182.16,0
2026-07-01 22:41:00+00:00,182.16,182.4,182.16,182.4,0
2026-07-01 22:42:00+00:00,182.4,182.4,182.3528,182.3528,0
2026-07-01 22:43:00+00:00,182.4,182.4,182.35,182.35,0
2026-07-01 22:44:00+00:00,182.3714,182.39,182.3627,182.39,0
2026-07-01 22:45:00+00:00,182.49,182.49,182.35,182.39,0
2026-07-01 22:48:00+00:00,182.3,182.3,182.1984,182.2,0
2026-07-01 22:49:00+00:00,182.16,182.2,182.16,182.1964,0
2026-07-01 22:50:00+00:00,182.16,182.2,182.15,182.15,0
2026-07-01 22:51:00+00:00,182.1755,182.18,182.05,182.05,0
2026-07-01 22:52:00+00:00,182.05,182.1805,182.05,182.1805,0
2026-07-01 22:53:00+00:00,182.2,182.2,182.05,182.2,0
2026-07-01 22:54:00+00:00,182.27,182.27,182.17,182.17,0
2026-07-01 22:55:00+00:00,182.16,182.16,182.096,182.096,0
2026-07-01 22:56:00+00:00,182.28,182.28,182.17,182.17,0
2026-07-01 22:57:00+00:00,182.2501,182.28,182.2501,182.28,0
2026-07-01 22:58:00+00:00,182.28,182.28,182.1556,182.28,0
2026-07-01 22:59:00+00:00,182.2795,182.28,182.16,182.24,0
2026-07-01 23:00:00+00:00,182.24,182.24,182.05,182.05,0
2026-07-01 23:01:00+00:00,182.0557,182.15,182.0557,182.15,0
2026-07-01 23:02:00+00:00,182.1337,182.23,182.1337,182.23,0
2026-07-01 23:04:00+00:00,182.1287,182.28,182.1287,182.28,0
2026-07-01 23:05:00+00:00,182.28,182.28,182.1142,182.2123,0
2026-07-01 23:06:00+00:00,182.23,182.24,182.15,182.15,0
2026-07-01 23:07:00+00:00,182.088,182.1475,182.088,182.1,0
2026-07-01 23:08:00+00:00,182.08,182.14,182.05,182.05,0
2026-07-01 23:09:00+00:00,182.05,182.1,182.05,182.1,0
2026-07-01 23:10:00+00:00,182.1051,182.14,182.05,182.14,0
2026-07-01 23:11:00+00:00,182.14,182.14,182.05,182.05,0
2026-07-01 23:12:00+00:00,182.0001,182.1218,182.0001,182.1218,0
2026-07-01 23:14:00+00:00,182.12,182.14,182.0015,182.0015,0
2026-07-01 23:15:00+00:00,182.0,182.0073,182.0,182.0073,0
2026-07-01 23:16:00+00:00,182.07,182.07,182.0,182.06,0
2026-07-01 23:17:00+00:00,182.11,182.11,181.9801,181.9801,0
2026-07-01 23:18:00+00:00,182.05,182.09,182.05,182.09,0
2026-07-01 23:19:00+00:00,182.09,182.14,182.0,182.0,0
2026-07-01 23:20:00+00:00,182.0,182.03,182.0,182.03,0
2026-07-01 23:21:00+00:00,182.12,182.12,182.05,182.05,0
2026-07-01 23:22:00+00:00,182.02,182.02,181.97,181.97,0
2026-07-01 23:23:00+00:00,182.0134,182.09,182.0134,182.09,0
2026-07-01 23:24:00+00:00,182.09,182.09,182.09,182.09,0
2026-07-01 23:25:00+00:00,182.14,182.14,182.06,182.06,0
2026-07-01 23:26:00+00:00,182.02,182.1,182.015,182.1,0
2026-07-01 23:27:00+00:00,182.1,182.14,182.09,182.1,0
2026-07-01 23:28:00+00:00,182.14,182.14,182.02,182.02,0
2026-07-01 23:29:00+00:00,182.12,182.12,182.02,182.0308,0
2026-07-01 23:30:00+00:00,182.06,182.06,181.6782,181.6782,0
2026-07-01 23:31:00+00:00,181.86,181.86,181.73,181.7793,0
2026-07-01 23:32:00+00:00,181.7109,181.8272,181.71,181.8,0
2026-07-01 23:33:00+00:00,182.0,182.0,181.85,182.0,0
2026-07-01 23:34:00+00:00,181.8,181.94,181.8,181.94,0
2026-07-01 23:35:00+00:00,181.936,181.936,181.8,181.8,0
2026-07-01 23:36:00+00:00,181.8,181.8,181.7,181.7,0
2026-07-01 23:37:00+00:00,181.71,181.94,181.68,181.68,0
2026-07-01 23:38:00+00:00,181.89,181.94,181.85,181.85,0
2026-07-01 23:39:00+00:00,181.85,181.85,181.72,181.85,0
2026-07-01 23:40:00+00:00,181.68,181.94,181.68,181.71,0
2026-07-01 23:41:00+00:00,181.94,181.94,181.68,181.68,0
2026-07-01 23:42:00+00:00,181.89,181.89,181.7468,181.7468,0
2026-07-01 23:43:00+00:00,181.797,181.83,181.756,181.83,0
2026-07-01 23:44:00+00:00,181.68,181.9,181.68,181.8,0
2026-07-01 23:45:00+00:00,181.7795,181.7795,181.7,181.7,0
2026-07-01 23:46:00+00:00,181.8,181.8,181.66,181.66,0
2026-07-01 23:47:00+00:00,181.6304,181.8,181.6304,181.8,0
2026-07-01 23:48:00+00:00,181.6,181.75,181.6,181.69,0
2026-07-01 23:49:00+00:00,181.6,181.61,181.59,181.61,0
2026-07-01 23:50:00+00:00,181.56,181.67,181.505,181.67,0
2026-07-01 23:51:00+00:00,181.89,181.89,181.51,181.51,0
2026-07-01 23:52:00+00:00,181.5,181.75,181.4847,181.55,0
2026-07-01 23:53:00+00:00,181.55,181.6,181.5224,181.6,0
2026-07-01 23:54:00+00:00,181.69,181.94,181.61,181.61,0
2026-07-01 23:55:00+00:00,181.6001,181.61,181.6001,181.61,0
2026-07-01 23:56:00+00:00,181.6099,181.61,181.46,181.46,0
2026-07-01 23:57:00+00:00,181.6083,181.61,181.53,181.61,0
2026-07-01 23:58:00+00:00,181.65,181.74,181.65,181.7,0
2026-07-01 23:59:00+00:00,181.62,181.7,181.6116,181.6957,0
2026-07-02 08:00:00+00:00,181.58,182.1268,177.5809,179.03,0
2026-07-02 08:01:00+00:00,178.82,182.13,177.47,179.28,0
2026-07-02 08:02:00+00:00,179.078,179.3649,179.078,179.2917,0
2026-07-02 08:03:00+00:00,179.21,180.0,179.21,180.0,0
2026-07-02 08:04:00+00:00,179.98,180.01,179.5,179.551,0
2026-07-02 08:05:00+00:00,179.53,180.1,179.53,179.98,0
2026-07-02 08:06:00+00:00,179.71,179.71,179.01,179.2184,0
2026-07-02 08:07:00+00:00,179.16,179.27,179.0,179.24,0
2026-07-02 08:08:00+00:00,178.8527,179.0,178.8527,179.0,0
2026-07-02 08:09:00+00:00,178.62,181.95,177.48,178.96,0
2026-07-02 08:10:00+00:00,178.84,178.98,178.56,178.68,0
2026-07-02 08:11:00+00:00,178.84,178.84,178.3957,178.3957,0
2026-07-02 08:12:00+00:00,178.4,178.6,178.13,178.13,0
2026-07-02 08:13:00+00:00,178.09,178.09,178.0,178.0776,0
2026-07-02 08:14:00+00:00,178.07,178.12,178.0,178.12,0
2026-07-02 08:15:00+00:00,178.058,178.51,178.0,178.4,0
2026-07-02 08:16:00+00:00,178.15,178.5,178.15,178.5,0
2026-07-02 08:17:00+00:00,178.5,179.3667,178.3,178.3,0
2026-07-02 08:18:00+00:00,178.3,178.3,178.3,178.3,0
2026-07-02 08:19:00+00:00,178.2055,178.88,178.2055,178.88,0
2026-07-02 08:20:00+00:00,178.23,179.0,178.23,179.0,0
2026-07-02 08:21:00+00:00,178.85,178.85,178.85,178.85,0
2026-07-02 08:22:00+00:00,178.9597,178.9597,178.2703,178.4,0
2026-07-02 08:23:00+00:00,179.17,179.17,179.17,179.17,0
2026-07-02 08:24:00+00:00,178.98,179.04,178.46,178.8,0
2026-07-02 08:26:00+00:00,178.9745,179.04,178.9745,179.04,0
2026-07-02 08:27:00+00:00,179.4,179.4,179.4,179.4,0
2026-07-02 08:29:00+00:00,179.4,179.4,179.1347,179.1347,0
2026-07-02 08:30:00+00:00,179.17,179.7822,179.16,179.5,0
2026-07-02 08:31:00+00:00,179.48,180.2695,179.48,179.6266,0
2026-07-02 08:32:00+00:00,179.9,180.4428,179.9,180.4428,0
2026-07-02 08:33:00+00:00,180.0602,180.11,180.0,180.0,0
2026-07-02 08:34:00+00:00,180.24,180.5,180.2,180.33,0
2026-07-02 08:35:00+00:00,180.4139,180.69,180.34,180.69,0
2026-07-02 08:36:00+00:00,180.65,180.7702,180.45,180.49,0
2026-07-02 08:37:00+00:00,180.49,180.713,180.33,180.63,0
2026-07-02 08:38:00+00:00,180.15,180.6825,180.11,180.6825,0
2026-07-02 08:39:00+00:00,180.11,180.975,180.11,180.68,0
2026-07-02 08:40:00+00:00,180.1127,180.1127,180.1127,180.1127,0
2026-07-02 08:42:00+00:00,180.49,180.7105,180.49,180.7105,0
2026-07-02 08:43:00+00:00,180.46,180.46,180.44,180.44,0
2026-07-02 08:45:00+00:00,180.39,180.39,180.15,180.15,0
2026-07-02 08:46:00+00:00,180.095,180.4997,180.095,180.4997,0
2026-07-02 08:47:00+00:00,180.1119,180.44,180.1119,180.41,0
2026-07-02 08:48:00+00:00,180.24,180.26,180.24,180.26,0
2026-07-02 08:49:00+00:00,180.17,180.5466,180.17,180.5466,0
2026-07-02 08:50:00+00:00,180.42,180.42,180.19,180.19,0
2026-07-02 08:52:00+00:00,180.5,180.5,180.5,180.5,0
2026-07-02 08:53:00+00:00,180.5,180.7,180.5,180.7,0
2026-07-02 08:54:00+00:00,180.59,180.59,180.42,180.42,0
2026-07-02 08:55:00+00:00,180.8341,180.8341,180.5,180.5,0
2026-07-02 08:56:00+00:00,180.36,180.82,180.33,180.78,0
2026-07-02 08:57:00+00:00,180.49,180.49,180.49,180.49,0
2026-07-02 08:59:00+00:00,180.77,180.77,180.77,180.77,0
2026-07-02 09:00:00+00:00,180.77,180.78,180.77,180.78,0
2026-07-02 09:02:00+00:00,180.52,180.52,180.35,180.39,0
2026-07-02 09:03:00+00:00,180.62,180.62,180.52,180.52,0
2026-07-02 09:04:00+00:00,180.53,180.75,180.53,180.75,0
2026-07-02 09:05:00+00:00,180.34,180.86,180.3,180.86,0
2026-07-02 09:06:00+00:00,180.34,180.34,180.12,180.26,0
2026-07-02 09:07:00+00:00,180.0801,180.0801,180.0801,180.0801,0
2026-07-02 09:08:00+00:00,180.07,180.26,180.07,180.26,0
2026-07-02 09:09:00+00:00,180.0,180.2437,180.0,180.2437,0
2026-07-02 09:10:00+00:00,180.24,180.24,180.0,180.156,0
2026-07-02 09:11:00+00:00,180.26,180.26,180.26,180.26,0
2026-07-02 09:13:00+00:00,180.28,180.33,180.2,180.33,0
2026-07-02 09:14:00+00:00,180.273,180.273,180.08,180.08,0
2026-07-02 09:15:00+00:00,180.0,180.0,179.92,179.9755,0
2026-07-02 09:17:00+00:00,180.0,180.0,179.88,179.88,0
2026-07-02 09:18:00+00:00,179.88,179.88,179.52,179.6088,0
2026-07-02 09:19:00+00:00,179.87,179.87,179.7,179.7,0
2026-07-02 09:20:00+00:00,179.97,179.97,179.93,179.93,0
2026-07-02 09:21:00+00:00,179.97,180.1,179.79,180.0,0
2026-07-02 09:22:00+00:00,180.1,180.1,179.5643,179.5643,0
2026-07-02 09:24:00+00:00,179.79,179.79,179.62,179.62,0
2026-07-02 09:25:00+00:00,179.66,179.66,179.66,179.66,0
2026-07-02 09:26:00+00:00,179.66,179.8712,179.29,179.29,0
2026-07-02 09:28:00+00:00,179.79,179.87,179.79,179.79,0
2026-07-02 09:29:00+00:00,179.79,179.79,179.79,179.79,0
2026-07-02 09:31:00+00:00,179.79,180.02,179.79,180.02,0
2026-07-02 09:32:00+00:00,180.06,180.06,179.82,180.05,0
2026-07-02 09:33:00+00:00,180.1,180.26,180.09,180.26,0
2026-07-02 09:34:00+00:00,180.35,180.35,180.271,180.271,0
2026-07-02 09:35:00+00:00,180.26,180.26,180.05,180.23,0
2026-07-02 09:39:00+00:00,180.58,180.7,180.58,180.7,0
2026-07-02 09:40:00+00:00,180.6954,180.6954,180.24,180.24,0
2026-07-02 09:41:00+00:00,180.59,180.7,180.59,180.7,0
2026-07-02 09:43:00+00:00,180.52,180.52,180.52,180.52,0
2026-07-02 09:44:00+00:00,180.1,180.39,180.05,180.05,0
2026-07-02 09:45:00+00:00,180.05,180.24,180.01,180.1,0
2026-07-02 09:46:00+00:00,180.05,180.05,180.0,180.05,0
2026-07-02 09:47:00+00:00,180.05,180.05,179.87,179.87,0
2026-07-02 09:50:00+00:00,179.9091,179.9091,179.9091,179.9091,0
2026-07-02 09:51:00+00:00,180.0,180.4,180.0,180.4,0
2026-07-02 09:52:00+00:00,180.1,180.1,180.1,180.1,0
2026-07-02 09:53:00+00:00,179.86,179.86,179.86,179.86,0
2026-07-02 09:54:00+00:00,180.05,180.05,179.86,179.86,0
2026-07-02 09:55:00+00:00,179.85,179.85,179.5,179.5,0
2026-07-02 09:56:00+00:00,179.45,179.45,179.44,179.44,0
2026-07-02 09:57:00+00:00,179.62,179.77,179.62,179.65,0
2026-07-02 09:58:00+00:00,179.3775,179.72,179.3775,179.72,0
2026-07-02 09:59:00+00:00,179.72,179.72,179.4,179.4,0
2026-07-02 10:00:00+00:00,179.51,179.69,179.35,179.35,0
2026-07-02 10:01:00+00:00,179.8189,179.8189,179.81,179.81,0
2026-07-02 10:03:00+00:00,179.49,179.75,179.22,179.22,0
2026-07-02 10:06:00+00:00,179.61,179.62,179.61,179.62,0
2026-07-02 10:07:00+00:00,179.29,179.69,179.29,179.69,0
2026-07-02 10:08:00+00:00,179.51,179.51,179.29,179.29,0
2026-07-02 10:09:00+00:00,179.31,179.31,179.31,179.31,0
2026-07-02 10:10:00+00:00,179.4084,179.5,179.4084,179.5,0
2026-07-02 10:12:00+00:00,179.47,179.8,179.3441,179.3441,0
2026-07-02 10:13:00+00:00,179.3,179.31,179.3,179.31,0
2026-07-02 10:14:00+00:00,179.4298,179.4298,179.4298,179.4298,0
2026-07-02 10:15:00+00:00,179.56,179.56,179.56,179.56,0
2026-07-02 10:16:00+00:00,179.3,179.43,179.3,179.39,0
2026-07-02 10:18:00+00:00,179.44,179.54,179.32,179.32,0
2026-07-02 10:19:00+00:00,179.9857,179.9857,179.9857,179.9857,0
2026-07-02 10:21:00+00:00,179.74,179.9,179.74,179.9,0
2026-07-02 10:23:00+00:00,179.6,179.6,179.55,179.55,0
2026-07-02 10:24:00+00:00,179.5517,179.72,179.5517,179.72,0
2026-07-02 10:25:00+00:00,179.43,179.6,179.3422,179.3422,0
2026-07-02 10:27:00+00:00,179.51,179.56,179.22,179.33,0
2026-07-02 10:28:00+00:00,179.514,179.74,179.5,179.74,0
2026-07-02 10:30:00+00:00,179.55,179.6,179.44,179.44,0
2026-07-02 10:31:00+00:00,179.6,179.6,179.51,179.51,0
2026-07-02 10:32:00+00:00,179.85,179.9,179.58,179.58,0
2026-07-02 10:33:00+00:00,179.82,180.6,179.82,180.6,0
2026-07-02 10:34:00+00:00,180.6,180.6,180.45,180.45,0
2026-07-02 10:35:00+00:00,180.45,180.45,180.4,180.4,0
2026-07-02 10:36:00+00:00,180.7,180.7,180.4,180.4,0
2026-07-02 10:39:00+00:00,180.34,180.4,180.34,180.4,0
2026-07-02 10:40:00+00:00,180.2,180.2,180.12,180.12,0
2026-07-02 10:41:00+00:00,180.6997,180.6997,180.6997,180.6997,0
2026-07-02 10:42:00+00:00,180.12,180.12,180.12,180.12,0
2026-07-02 10:43:00+00:00,180.08,180.5,180.08,180.5,0
2026-07-02 10:44:00+00:00,180.1,180.4,180.05,180.05,0
2026-07-02 10:46:00+00:00,180.24,180.2837,180.24,180.2837,0
2026-07-02 10:47:00+00:00,180.14,180.14,180.005,180.005,0
2026-07-02 10:48:00+00:00,180.01,180.01,179.65,179.65,0
2026-07-02 10:49:00+00:00,179.92,179.92,179.58,179.58,0
2026-07-02 10:50:00+00:00,179.75,179.97,179.58,179.97,0
2026-07-02 10:51:00+00:00,179.89,179.89,179.89,179.89,0
2026-07-02 10:52:00+00:00,179.98,180.14,179.79,180.14,0
2026-07-02 10:53:00+00:00,180.27,180.27,180.27,180.27,0
2026-07-02 10:54:00+00:00,179.9548,180.27,179.9548,180.27,0
2026-07-02 10:55:00+00:00,179.7,179.7,179.69,179.69,0
2026-07-02 10:57:00+00:00,179.58,179.58,179.58,179.58,0
2026-07-02 10:58:00+00:00,179.8,179.89,179.71,179.71,0
2026-07-02 10:59:00+00:00,179.79,180.0,179.79,180.0,0
2026-07-02 11:00:00+00:00,180.16,180.57,180.05,180.18,0
2026-07-02 11:01:00+00:00,180.57,180.67,180.2,180.21,0
2026-07-02 11:02:00+00:00,180.67,180.67,180.0897,180.2,0
2026-07-02 11:03:00+00:00,180.3,180.45,180.0903,180.4,0
2026-07-02 11:04:00+00:00,180.3,180.4263,179.96,179.99,0
2026-07-02 11:05:00+00:00,179.58,179.58,179.58,179.58,0
2026-07-02 11:06:00+00:00,180.0,180.0,179.67,179.9,0
2026-07-02 11:07:00+00:00,180.24,180.24,179.72,180.23,0
2026-07-02 11:08:00+00:00,179.7267,180.23,179.58,179.9,0
2026-07-02 11:09:00+00:00,180.25,180.25,180.08,180.1,0
2026-07-02 11:10:00+00:00,180.0,180.261,180.0,180.25,0
2026-07-02 11:11:00+00:00,180.048,180.2,180.048,180.2,0
2026-07-02 11:12:00+00:00,180.2,180.34,180.091,180.23,0
2026-07-02 11:13:00+00:00,180.6699,180.6699,180.0,180.0,0
2026-07-02 11:14:00+00:00,180.36,180.49,180.36,180.49,0
2026-07-02 11:15:00+00:00,180.4,180.62,180.28,180.62,0
2026-07-02 11:16:00+00:00,180.7,180.7,180.38,180.47,0
2026-07-02 11:17:00+00:00,180.25,180.26,180.2,180.2,0
2026-07-02 11:18:00+00:00,180.1,180.45,180.05,180.05,0
2026-07-02 11:19:00+00:00,180.0012,180.1344,180.0,180.1344,0
2026-07-02 11:20:00+00:00,180.48,180.48,180.09,180.09,0
2026-07-02 11:21:00+00:00,180.51,180.51,180.51,180.51,0
2026-07-02 11:23:00+00:00,180.7,180.7,180.48,180.5655,0
2026-07-02 11:24:00+00:00,180.63,201.61,180.49,201.61,0
2026-07-02 11:25:00+00:00,180.64,180.64,180.0116,180.63,0
2026-07-02 11:26:00+00:00,180.5,180.71,180.372,180.71,0
2026-07-02 11:28:00+00:00,180.1285,180.52,180.1285,180.52,0
2026-07-02 11:29:00+00:00,180.79,180.79,180.79,180.79,0
2026-07-02 11:30:00+00:00,180.6,180.88,180.6,180.88,0
2026-07-02 11:31:00+00:00,180.88,180.89,180.4,180.71,0
2026-07-02 11:32:00+00:00,180.71,180.89,180.71,180.89,0
2026-07-02 11:33:00+00:00,180.7,180.89,180.09,180.7,0
2026-07-02 11:34:00+00:00,180.59,180.59,180.2,180.31,0
2026-07-02 11:35:00+00:00,180.2,180.7133,180.2,180.69,0
2026-07-02 11:36:00+00:00,180.6,180.6777,180.27,180.31,0
2026-07-02 11:37:00+00:00,180.27,180.5,180.2,180.31,0
2026-07-02 11:38:00+00:00,180.65,181.0,180.2982,180.2982,0
2026-07-02 11:39:00+00:00,180.69,180.86,180.4161,180.84,0
2026-07-02 11:40:00+00:00,180.83,180.9999,180.6,180.6,0
2026-07-02 11:41:00+00:00,180.65,181.0,180.65,181.0,0
2026-07-02 11:42:00+00:00,181.0,181.4,180.6,181.15,0
2026-07-02 11:43:00+00:00,181.15,181.61,181.017,181.017,0
2026-07-02 11:44:00+00:00,181.01,181.5,181.0,181.0,0
2026-07-02 11:45:00+00:00,181.0,181.3,181.0,181.2,0
2026-07-02 11:46:00+00:00,181.49,181.49,181.49,181.49,0
2026-07-02 11:47:00+00:00,181.37,181.45,181.24,181.36,0
2026-07-02 11:48:00+00:00,181.4346,181.49,181.2,181.21,0
2026-07-02 11:49:00+00:00,181.2112,181.35,181.2112,181.35,0
2026-07-02 11:50:00+00:00,181.35,181.49,181.2004,181.49,0
2026-07-02 11:51:00+00:00,181.47,181.47,181.26,181.26,0
2026-07-02 11:52:00+00:00,181.49,181.68,181.47,181.59,0
2026-07-02 11:53:00+00:00,181.59,181.59,181.28,181.28,0
2026-07-02 11:54:00+00:00,181.6,181.63,181.0,181.0,0
2026-07-02 11:55:00+00:00,181.06,181.06,181.06,181.06,0
2026-07-02 11:56:00+00:00,181.0,181.0,181.0,181.0,0
2026-07-02 11:57:00+00:00,181.35,181.49,181.11,181.49,0
2026-07-02 11:58:00+00:00,181.2,181.33,180.67,180.67,0
2026-07-02 11:59:00+00:00,181.01,181.2,181.01,181.2,0
2026-07-02 12:00:00+00:00,181.2,181.2,180.64,180.8,0
2026-07-02 12:01:00+00:00,180.64,181.41,180.64,181.41,0
2026-07-02 12:03:00+00:00,181.0,181.5,180.95,180.95,0
2026-07-02 12:04:00+00:00,180.77,181.5,180.77,181.4108,0
2026-07-02 12:05:00+00:00,181.28,181.5,181.28,181.47,0
2026-07-02 12:06:00+00:00,181.49,181.9,181.27,181.53,0
2026-07-02 12:07:00+00:00,181.61,181.9,181.61,181.9,0
2026-07-02 12:08:00+00:00,181.78,182.0,181.77,181.9,0
2026-07-02 12:09:00+00:00,181.92,182.17,181.84,181.99,0
2026-07-02 12:10:00+00:00,181.99,182.4,181.9887,182.4,0
2026-07-02 12:11:00+00:00,182.4,182.4,181.6,182.02,0
2026-07-02 12:12:00+00:00,182.13,182.29,181.84,181.99,0
2026-07-02 12:13:00+00:00,182.49,182.49,182.01,182.01,0
2026-07-02 12:14:00+00:00,182.0,182.49,182.0,182.34,0
2026-07-02 12:15:00+00:00,182.49,182.49,182.2,182.2,0
2026-07-02 12:16:00+00:00,182.3,182.65,182.22,182.25,0
2026-07-02 12:17:00+00:00,182.65,182.65,182.32,182.5,0
2026-07-02 12:18:00+00:00,182.5347,182.5999,182.0,182.32,0
2026-07-02 12:19:00+00:00,182.35,182.35,182.1136,182.2729,0
2026-07-02 12:20:00+00:00,182.1467,182.5,182.1,182.32,0
2026-07-02 12:21:00+00:00,182.5,182.5,182.05,182.4415,0
2026-07-02 12:22:00+00:00,182.3,182.3,182.05,182.05,0
2026-07-02 12:23:00+00:00,182.5,182.5,182.05,182.1085,0
2026-07-02 12:24:00+00:00,182.3,182.5,182.06,182.12,0
2026-07-02 12:25:00+00:00,182.1085,182.1551,182.0501,182.0501,0
2026-07-02 12:26:00+00:00,182.05,182.5,182.05,182.1,0
2026-07-02 12:27:00+00:00,182.11,182.4742,182.11,182.4742,0
2026-07-02 12:28:00+00:00,182.39,182.65,182.1279,182.1279,0
2026-07-02 12:29:00+00:00,182.137,182.82,182.13,182.82,0
2026-07-02 12:30:00+00:00,182.4612,183.52,182.2203,183.52,0
2026-07-02 12:31:00+00:00,183.5,183.85,183.04,183.04,0
2026-07-02 12:32:00+00:00,183.0966,183.5,183.0,183.0,0
2026-07-02 12:33:00+00:00,183.5,183.6,182.32,183.56,0
2026-07-02 12:34:00+00:00,183.2,183.6,183.0693,183.3533,0
2026-07-02 12:35:00+00:00,183.53,183.85,183.1128,183.7407,0
2026-07-02 12:36:00+00:00,183.88,184.4,183.83,183.964,0
2026-07-02 12:37:00+00:00,184.22,184.22,183.3,184.04,0
2026-07-02 12:38:00+00:00,183.98,184.04,183.45,184.03,0
2026-07-02 12:39:00+00:00,184.0,184.1255,183.45,184.1255,0
2026-07-02 12:40:00+00:00,184.19,184.19,183.41,184.01,0
2026-07-02 12:41:00+00:00,184.01,184.01,183.41,183.56,0
2026-07-02 12:42:00+00:00,183.78,184.1022,183.41,183.41,0
2026-07-02 12:43:00+00:00,183.52,183.9897,183.4,183.75,0
2026-07-02 12:44:00+00:00,183.7912,183.9,183.4,183.5,0
2026-07-02 12:45:00+00:00,183.5,183.8,183.4,183.4667,0
2026-07-02 12:46:00+00:00,183.5,183.75,183.3,183.5,0
2026-07-02 12:47:00+00:00,183.7398,183.75,183.3001,183.49,0
2026-07-02 12:48:00+00:00,183.4,183.7,183.1,183.2,0
2026-07-02 12:49:00+00:00,183.1,183.55,183.1,183.55,0
2026-07-02 12:50:00+00:00,183.15,183.62,183.15,183.62,0
2026-07-02 12:51:00+00:00,183.62,183.77,183.28,183.28,0
2026-07-02 12:52:00+00:00,183.28,183.49,183.28,183.4164,0
2026-07-02 12:53:00+00:00,183.48,183.5,183.15,183.1544,0
2026-07-02 12:54:00+00:00,183.16,183.34,182.8,183.0,0
2026-07-02 12:55:00+00:00,182.8,183.14,182.52,182.9,0
2026-07-02 12:56:00+00:00,182.8,182.85,182.25,182.25,0
2026-07-02 12:57:00+00:00,182.28,182.5,182.25,182.25,0
2026-07-02 12:58:00+00:00,182.5,182.67,182.25,182.42,0
2026-07-02 12:59:00+00:00,182.38,182.49,182.25,182.45,0
2026-07-02 13:00:00+00:00,182.47,183.0,182.25,182.55,0
2026-07-02 13:01:00+00:00,182.55,182.85,182.25,182.5,0
2026-07-02 13:02:00+00:00,182.6,182.87,182.25,182.6,0
2026-07-02 13:03:00+00:00,182.5434,182.8206,182.25,182.8206,0
2026-07-02 13:04:00+00:00,182.9,182.9,182.6,182.8764,0
2026-07-02 13:05:00+00:00,182.8,182.9,182.5889,182.68,0
2026-07-02 13:06:00+00:00,182.68,182.9,182.6,182.67,0
2026-07-02 13:07:00+00:00,182.2859,182.8229,182.2859,182.3945,0
2026-07-02 13:08:00+00:00,182.5,182.5,182.1,182.12,0
2026-07-02 13:09:00+00:00,182.1187,182.9,182.1187,182.27,0
2026-07-02 13:10:00+00:00,182.27,182.3576,182.25,182.28,0
2026-07-02 13:11:00+00:00,182.28,182.5,182.25,182.29,0
2026-07-02 13:12:00+00:00,182.39,182.8259,182.3,182.68,0
2026-07-02 13:13:00+00:00,182.68,182.72,182.2495,182.72,0
2026-07-02 13:14:00+00:00,182.72,182.9,182.26,182.72,0
2026-07-02 13:15:00+00:00,182.9,182.9,182.5,182.5,0
2026-07-02 13:16:00+00:00,182.46,182.46,182.46,182.46,0
2026-07-02 13:17:00+00:00,182.51,182.69,182.49,182.49,0
2026-07-02 13:18:00+00:00,182.34,182.7,182.2911,182.46,0
2026-07-02 13:19:00+00:00,182.34,182.6882,182.23,182.48,0
2026-07-02 13:20:00+00:00,181.92,182.88,181.92,182.824,0
2026-07-02 13:21:00+00:00,182.9,182.9,182.5,182.8762,0
2026-07-02 13:22:00+00:00,182.7135,182.9,182.7,182.8727,0
2026-07-02 13:23:00+00:00,182.8538,182.9,182.85,182.86,0
2026-07-02 13:24:00+00:00,182.92,183.0,182.7234,182.92,0
2026-07-02 13:25:00+00:00,183.13,183.14,182.66,182.69,0
2026-07-02 13:26:00+00:00,182.4,183.02,182.1012,182.1012,0
2026-07-02 13:27:00+00:00,182.37,182.91,181.2003,181.58,0
2026-07-02 13:28:00+00:00,182.11,182.46,181.8,182.07,0
2026-07-02 13:29:00+00:00,181.88,182.15,181.46,181.79,0
2026-07-02 13:30:00+00:00,182.1699981689453,182.8000030517578,180.52999877929688,182.35000610351562,564951
2026-07-02 13:31:00+00:00,182.33999633789062,182.63999938964844,181.44000244140625,181.83999633789062,49664
2026-07-02 13:32:00+00:00,181.97500610351562,183.92999267578125,181.97500610351562,182.64599609375,68666
2026-07-02 13:33:00+00:00,182.77000427246094,184.49000549316406,182.27999877929688,183.9250030517578,49425
2026-07-02 13:34:00+00:00,183.9250030517578,184.89999389648438,183.9250030517578,184.5399932861328,41049
2026-07-02 13:35:00+00:00,184.75,185.74000549316406,184.35000610351562,184.4550018310547,58238
2026-07-02 13:36:00+00:00,184.0,184.30999755859375,183.0,183.9199981689453,68269
2026-07-02 13:37:00+00:00,183.61500549316406,184.2899932861328,183.30999755859375,183.75999450683594,22245
2026-07-02 13:38:00+00:00,183.5500030517578,183.5500030517578,181.55059814453125,181.63999938964844,76821
2026-07-02 13:39:00+00:00,181.63999938964844,182.10130310058594,181.47000122070312,181.77499389648438,32699
2026-07-02 13:40:00+00:00,182.0,182.7689971923828,181.44000244140625,181.6300048828125,60948
2026-07-02 13:41:00+00:00,181.6300048828125,182.72500610351562,181.44000244140625,182.58999633789062,41984
2026-07-02 13:42:00+00:00,182.4149932861328,182.7899932861328,182.0,182.4149932861328,24314
2026-07-02 13:43:00+00:00,182.38499450683594,183.3699951171875,182.35499572753906,182.99000549316406,21669
2026-07-02 13:44:00+00:00,182.80999755859375,182.85000610351562,182.4199981689453,182.52999877929688,33133
2026-07-02 13:45:00+00:00,182.55999755859375,183.0,182.11000061035156,182.7949981689453,42263
2026-07-02 13:46:00+00:00,182.63999938964844,183.0800018310547,182.57000732421875,182.94000244140625,33788
2026-07-02 13:47:00+00:00,182.86000061035156,183.3498992919922,182.75999450683594,182.8101043701172,36485
2026-07-02 13:48:00+00:00,182.80999755859375,183.0,182.0,182.6197967529297,30877
2026-07-02 13:49:00+00:00,182.47500610351562,183.27000427246094,182.4217987060547,182.43499755859375,27946
2026-07-02 13:50:00+00:00,182.2100067138672,183.10000610351562,182.11000061035156,182.6750030517578,22962
2026-07-02 13:51:00+00:00,182.52999877929688,183.8000030517578,182.47999572753906,183.55999755859375,54647
2026-07-02 13:52:00+00:00,183.5,183.8300018310547,183.17999267578125,183.72000122070312,49084
2026-07-02 13:53:00+00:00,183.82240295410156,183.9199981689453,182.50999450683594,182.60000610351562,54290
2026-07-02 13:54:00+00:00,182.6407928466797,183.08999633789062,182.41000366210938,183.0,17292
2026-07-02 13:55:00+00:00,182.96499633789062,183.0,182.539306640625,182.77499389648438,16403
2026-07-02 13:56:00+00:00,182.83999633789062,183.05499267578125,182.5800018310547,182.83999633789062,33008
2026-07-02 13:57:00+00:00,182.73500061035156,183.6345977783203,182.60000610351562,183.6345977783203,25501
2026-07-02 13:58:00+00:00,183.52499389648438,184.39999389648438,183.52499389648438,183.72999572753906,60888
2026-07-02 13:59:00+00:00,183.72999572753906,184.35000610351562,183.63999938964844,183.77999877929688,42390
2026-07-02 14:00:00+00:00,183.8300018310547,183.83999633789062,183.3000030517578,183.65179443359375,24582
2026-07-02 14:01:00+00:00,183.55999755859375,184.0,183.52999877929688,183.6750030517578,32827
2026-07-02 14:02:00+00:00,183.7156982421875,184.0,183.55999755859375,183.8300018310547,28089
2026-07-02 14:03:00+00:00,183.860107421875,184.4499969482422,183.7100067138672,184.15020751953125,25292
2026-07-02 14:04:00+00:00,184.02999877929688,184.2283935546875,183.52999877929688,183.52999877929688,18841
2026-07-02 14:05:00+00:00,183.52000427246094,183.52000427246094,183.02999877929688,183.1300048828125,35772
2026-07-02 14:06:00+00:00,183.2100067138672,183.30999755859375,182.30999755859375,182.49000549316406,27179
2026-07-02 14:07:00+00:00,182.52999877929688,182.92999267578125,182.1999969482422,182.3350067138672,45764
2026-07-02 14:08:00+00:00,182.33999633789062,182.5,181.8000030517578,181.82000732421875,64647
2026-07-02 14:09:00+00:00,181.97000122070312,182.07000732421875,181.5,181.60000610351562,27097
2026-07-02 14:10:00+00:00,181.75,181.75,180.9199981689453,181.40499877929688,48659
2026-07-02 14:11:00+00:00,181.49000549316406,181.5,181.08999633789062,181.47999572753906,19682
2026-07-02 14:12:00+00:00,181.32000732421875,182.38999938964844,181.05999755859375,182.38999938964844,37098
2026-07-02 14:13:00+00:00,182.47950744628906,182.7899932861328,182.33999633789062,182.6750030517578,23145
2026-07-02 14:14:00+00:00,182.6699981689453,182.72000122070312,182.11500549316406,182.14999389648438,24122
2026-07-02 14:15:00+00:00,182.10499572753906,182.35000610351562,181.80999755859375,182.00999450683594,21761
2026-07-02 14:16:00+00:00,182.00999450683594,182.16000366210938,181.17999267578125,181.2100067138672,19880
2026-07-02 14:17:00+00:00,181.28500366210938,181.4398956298828,180.74000549316406,180.83250427246094,48622
2026-07-02 14:18:00+00:00,180.75,181.73989868164062,180.60000610351562,181.24000549316406,47166
2026-07-02 14:19:00+00:00,181.36000061035156,181.82000732421875,181.35159301757812,181.57679748535156,18197
2026-07-02 14:20:00+00:00,181.80999755859375,182.27000427246094,181.4199981689453,181.47000122070312,23774
2026-07-02 14:21:00+00:00,181.4600067138672,181.72999572753906,181.27999877929688,181.5,22539
2026-07-02 14:22:00+00:00,181.5,181.85000610351562,181.2100067138672,181.49000549316406,33906
2026-07-02 14:23:00+00:00,181.39999389648438,181.88999938964844,181.20010375976562,181.52999877929688,40821
2026-07-02 14:24:00+00:00,181.53500366210938,181.9199981689453,180.83999633789062,180.83999633789062,64965
2026-07-02 14:25:00+00:00,180.93499755859375,180.93499755859375,179.89999389648438,180.2949981689453,99873
2026-07-02 14:26:00+00:00,180.22999572753906,180.3699951171875,179.67999267578125,179.67999267578125,26618
2026-07-02 14:27:00+00:00,179.81570434570312,179.81570434570312,178.85499572753906,178.9499969482422,73171
2026-07-02 14:28:00+00:00,179.10000610351562,179.17999267578125,178.47000122070312,178.76449584960938,36447
2026-07-02 14:29:00+00:00,178.72000122070312,178.80999755859375,178.40499877929688,178.74000549316406,22077
2026-07-02 14:30:00+00:00,178.7100067138672,179.2899932861328,178.39999389648438,178.7449951171875,44898
2026-07-02 14:31:00+00:00,178.8000030517578,179.2368927001953,178.7050018310547,178.93499755859375,20646
2026-07-02 14:32:00+00:00,179.02000427246094,179.1199951171875,178.22000122070312,178.3699951171875,32771
2026-07-02 14:33:00+00:00,178.2899932861328,178.95989990234375,178.02999877929688,178.45899963378906,43847
2026-07-02 14:34:00+00:00,178.55999755859375,178.6300048828125,178.1199951171875,178.35499572753906,18205
2026-07-02 14:35:00+00:00,178.42999267578125,178.42999267578125,177.97999572753906,178.22000122070312,64060
2026-07-02 14:36:00+00:00,178.14999389648438,178.80999755859375,178.14999389648438,178.6699981689453,36680
2026-07-02 14:37:00+00:00,178.6300048828125,178.956298828125,178.5,178.7449951171875,22868
2026-07-02 14:38:00+00:00,178.71240234375,178.86309814453125,178.41009521484375,178.6649932861328,30535
2026-07-02 14:39:00+00:00,178.77000427246094,178.77000427246094,178.22000122070312,178.22000122070312,21475
2026-07-02 14:40:00+00:00,178.3791961669922,178.3791961669922,177.82000732421875,178.0399932861328,26900
2026-07-02 14:41:00+00:00,178.19000244140625,178.1999969482422,177.22000122070312,177.22999572753906,73053
2026-07-02 14:42:00+00:00,177.22999572753906,177.25990295410156,176.6999969482422,176.7449951171875,59007
2026-07-02 14:43:00+00:00,176.69500732421875,176.8699951171875,176.3800048828125,176.6699981689453,40238
2026-07-02 14:44:00+00:00,176.66000366210938,177.19000244140625,176.66000366210938,176.80999755859375,33759
2026-07-02 14:45:00+00:00,176.77000427246094,177.42999267578125,176.75,176.9499969482422,41866
2026-07-02 14:46:00+00:00,176.99000549316406,177.4987030029297,176.99000549316406,177.38499450683594,25057
2026-07-02 14:47:00+00:00,177.49000549316406,177.875,176.9600067138672,176.9600067138672,35963
2026-07-02 14:48:00+00:00,177.10000610351562,177.19000244140625,176.63999938964844,176.78500366210938,36866
2026-07-02 14:49:00+00:00,176.89999389648438,177.63999938964844,176.89999389648438,177.1750030517578,41185
2026-07-02 14:50:00+00:00,177.22999572753906,177.2899932861328,176.83999633789062,176.9600067138672,24007
2026-07-02 14:51:00+00:00,177.02499389648438,177.72999572753906,176.92140197753906,177.33999633789062,31040
2026-07-02 14:52:00+00:00,177.30999755859375,177.30999755859375,176.75,176.8699951171875,22977
2026-07-02 14:53:00+00:00,176.85000610351562,177.24000549316406,176.625,176.78500366210938,35469
2026-07-02 14:54:00+00:00,176.67999267578125,177.00999450683594,176.64999389648438,176.85000610351562,53235
2026-07-02 14:55:00+00:00,176.85000610351562,177.33999633789062,176.76499938964844,177.27000427246094,26527
2026-07-02 14:56:00+00:00,177.3300018310547,177.72999572753906,177.22999572753906,177.42010498046875,22585
2026-07-02 14:57:00+00:00,177.39999389648438,177.50180053710938,177.10000610351562,177.43499755859375,21865
2026-07-02 14:58:00+00:00,177.32000732421875,177.74000549316406,177.32000732421875,177.72999572753906,33068
2026-07-02 14:59:00+00:00,177.64999389648438,178.12989807128906,177.64999389648438,177.9600067138672,33175
2026-07-02 15:00:00+00:00,178.0399932861328,178.0500030517578,177.52000427246094,178.0500030517578,33078
2026-07-02 15:01:00+00:00,178.0500030517578,178.25,177.61500549316406,177.61500549316406,41306
2026-07-02 15:02:00+00:00,177.6300048828125,177.6999969482422,177.3000030517578,177.44000244140625,28221
2026-07-02 15:03:00+00:00,177.44000244140625,177.6199951171875,176.77000427246094,176.80999755859375,44402
2026-07-02 15:04:00+00:00,176.86500549316406,176.88999938964844,176.17999267578125,176.25999450683594,50751
2026-07-02 15:05:00+00:00,176.22500610351562,176.36000061035156,175.8800048828125,175.98500061035156,49447
2026-07-02 15:06:00+00:00,175.98500061035156,175.98500061035156,175.58999633789062,175.7100067138672,44487
2026-07-02 15:07:00+00:00,175.72000122070312,175.72000122070312,175.27999877929688,175.42999267578125,46382
2026-07-02 15:08:00+00:00,175.41769409179688,176.07000732421875,175.41000366210938,175.75,73276
2026-07-02 15:09:00+00:00,175.80999755859375,176.16000366210938,175.66000366210938,175.98989868164062,33861
2026-07-02 15:10:00+00:00,175.89999389648438,176.07000732421875,175.64999389648438,175.66009521484375,39072
2026-07-02 15:11:00+00:00,175.8000946044922,176.36500549316406,175.8000946044922,176.36500549316406,43691
2026-07-02 15:12:00+00:00,176.34750366210938,176.35499572753906,175.8800048828125,175.88499450683594,27405
2026-07-02 15:13:00+00:00,175.91000366210938,176.17999267578125,175.8800048828125,176.01499938964844,29151
2026-07-02 15:14:00+00:00,176.05999755859375,176.05999755859375,175.55999755859375,175.58999633789062,16750
2026-07-02 15:15:00+00:00,175.58999633789062,175.8699951171875,174.9405059814453,175.1300048828125,158293
2026-07-02 15:16:00+00:00,175.22999572753906,175.2949981689453,174.91000366210938,175.02000427246094,32818
2026-07-02 15:17:00+00:00,175.11000061035156,175.23500061035156,174.4499969482422,174.58999633789062,38515
2026-07-02 15:18:00+00:00,174.7100067138672,175.02999877929688,174.5133056640625,174.6199951171875,36618
2026-07-02 15:19:00+00:00,174.6199951171875,174.77999877929688,174.3782958984375,174.61000061035156,36310
2026-07-02 15:20:00+00:00,174.6199951171875,174.92999267578125,174.17999267578125,174.65390014648438,46207
2026-07-02 15:21:00+00:00,174.69000244140625,174.74000549316406,174.4600067138672,174.6699981689453,43264
2026-07-02 15:22:00+00:00,174.64500427246094,174.89999389648438,174.55999755859375,174.60000610351562,22974
2026-07-02 15:23:00+00:00,174.5500030517578,174.75,174.44000244140625,174.60009765625,25036
2026-07-02 15:24:00+00:00,174.67999267578125,175.08999633789062,174.6750030517578,174.97999572753906,35803
2026-07-02 15:25:00+00:00,175.0,175.30990600585938,174.8000030517578,174.9199981689453,31275
2026-07-02 15:26:00+00:00,174.99000549316406,175.47999572753906,174.9199981689453,175.16000366210938,26684
2026-07-02 15:27:00+00:00,175.2550048828125,175.89999389648438,175.2550048828125,175.63499450683594,26304
2026-07-02 15:28:00+00:00,175.67999267578125,175.77499389648438,175.4199981689453,175.5399932861328,33283
2026-07-02 15:29:00+00:00,175.5399932861328,175.9600067138672,175.3000030517578,175.3300018310547,129555
2026-07-02 15:30:00+00:00,175.3249969482422,175.97999572753906,175.3249969482422,175.5,21974
2026-07-02 15:31:00+00:00,175.61000061035156,175.87420654296875,175.4600067138672,175.8249969482422,15372
2026-07-02 15:32:00+00:00,175.85499572753906,176.0,175.52999877929688,175.83999633789062,20591
2026-07-02 15:33:00+00:00,175.8800048828125,176.3300018310547,175.8800048828125,176.2550048828125,27610
2026-07-02 15:34:00+00:00,176.36000061035156,176.8300018310547,176.36000061035156,176.69000244140625,29135
2026-07-02 15:35:00+00:00,176.52999877929688,177.49000549316406,176.52999877929688,176.9049072265625,40573
2026-07-02 15:36:00+00:00,176.88999938964844,177.32000732421875,176.61000061035156,177.0500030517578,52558
2026-07-02 15:37:00+00:00,177.09500122070312,177.17999267578125,176.6199951171875,176.80999755859375,23837
2026-07-02 15:38:00+00:00,176.8000030517578,177.0,176.6199951171875,176.75999450683594,24216
2026-07-02 15:39:00+00:00,176.8350067138672,176.85000610351562,176.25,176.2949981689453,26744
2026-07-02 15:40:00+00:00,176.1999969482422,176.61000061035156,176.0749969482422,176.4949951171875,38631
2026-07-02 15:41:00+00:00,176.55999755859375,176.80999755859375,176.48500061035156,176.60499572753906,25154
2026-07-02 15:42:00+00:00,176.5399932861328,176.5800018310547,176.08009338378906,176.1750030517578,72921
2026-07-02 15:43:00+00:00,176.22000122070312,176.22000122070312,175.625,175.69000244140625,43119
2026-07-02 15:44:00+00:00,175.5800018310547,175.74249267578125,175.4506072998047,175.58749389648438,25168
2026-07-02 15:45:00+00:00,175.5850067138672,176.0399932861328,175.5850067138672,175.9600067138672,18744
2026-07-02 15:46:00+00:00,175.97999572753906,176.1300048828125,175.89999389648438,176.01499938964844,24084
2026-07-02 15:47:00+00:00,176.1195068359375,176.1199951171875,175.85000610351562,176.11000061035156,33222
2026-07-02 15:48:00+00:00,176.02999877929688,176.18499755859375,175.83999633789062,175.86500549316406,55606
2026-07-02 15:49:00+00:00,175.8699951171875,175.8699951171875,175.43040466308594,175.5399932861328,45530
2026-07-02 15:50:00+00:00,175.49000549316406,175.72999572753906,175.39999389648438,175.72999572753906,30522
2026-07-02 15:51:00+00:00,175.6699981689453,176.02000427246094,175.5500030517578,175.5800018310547,49844
2026-07-02 15:52:00+00:00,175.91000366210938,175.91000366210938,175.22000122070312,175.22000122070312,16611
2026-07-02 15:53:00+00:00,175.22999572753906,175.4199981689453,175.0500030517578,175.09500122070312,26560
2026-07-02 15:54:00+00:00,175.09500122070312,175.41000366210938,175.09500122070312,175.41000366210938,13983
2026-07-02 15:55:00+00:00,175.38999938964844,175.5800018310547,175.3000030517578,175.42449951171875,16888
2026-07-02 15:56:00+00:00,175.36000061035156,175.36000061035156,175.13999938964844,175.14500427246094,14338
2026-07-02 15:57:00+00:00,175.1699981689453,175.25999450683594,174.75,174.94500732421875,33111
2026-07-02 15:58:00+00:00,175.0399932861328,175.1699981689453,174.89999389648438,175.08999633789062,27860
2026-07-02 15:59:00+00:00,175.0749969482422,175.44000244140625,175.07000732421875,175.07000732421875,29788
2026-07-02 16:00:00+00:00,175.11000061035156,175.19000244140625,174.6999969482422,174.77999877929688,24444
2026-07-02 16:01:00+00:00,174.7899932861328,174.8699951171875,174.5,174.5749969482422,33832
2026-07-02 16:02:00+00:00,174.61000061035156,174.6199951171875,174.25,174.2899932861328,38946
2026-07-02 16:03:00+00:00,174.26499938964844,174.59100341796875,174.110107421875,174.47999572753906,27449
2026-07-02 16:04:00+00:00,174.4550018310547,174.6999969482422,174.38999938964844,174.6999969482422,13996
2026-07-02 16:05:00+00:00,174.6710968017578,174.8300018310547,174.4499969482422,174.4499969482422,21930
2026-07-02 16:06:00+00:00,174.43499755859375,174.5,174.10000610351562,174.32000732421875,55061
2026-07-02 16:07:00+00:00,174.2899932861328,174.5399932861328,174.2899932861328,174.47999572753906,27643
2026-07-02 16:08:00+00:00,174.48500061035156,174.49000549316406,174.22000122070312,174.40499877929688,21470
2026-07-02 16:09:00+00:00,174.5,174.5,174.22000122070312,174.4499969482422,21367
2026-07-02 16:10:00+00:00,174.44500732421875,174.83990478515625,174.27000427246094,174.5500030517578,61663
2026-07-02 16:11:00+00:00,174.5399932861328,175.0,174.5399932861328,174.64999389648438,29169
2026-07-02 16:12:00+00:00,174.63999938964844,174.98989868164062,174.51499938964844,174.97000122070312,20381
2026-07-02 16:13:00+00:00,174.83999633789062,175.10989379882812,174.74009704589844,174.94500732421875,18257
2026-07-02 16:14:00+00:00,175.00990295410156,175.17999267578125,174.8300018310547,174.91000366210938,16866
2026-07-02 16:15:00+00:00,174.97999572753906,174.99000549316406,174.52000427246094,174.58999633789062,66321
2026-07-02 16:16:00+00:00,174.7899932861328,174.85000610351562,174.5,174.58999633789062,23123
2026-07-02 16:17:00+00:00,174.5800018310547,174.6999969482422,173.9499969482422,173.9600067138672,65268
2026-07-02 16:18:00+00:00,174.0417022705078,174.31500244140625,173.9499969482422,174.26499938964844,31794
2026-07-02 16:19:00+00:00,174.3699951171875,174.58990478515625,174.2899932861328,174.2899932861328,28132
2026-07-02 16:20:00+00:00,174.3000030517578,174.30999755859375,173.75,173.88999938964844,29586
2026-07-02 16:21:00+00:00,173.90499877929688,174.0,173.75999450683594,173.75999450683594,15644
2026-07-02 16:22:00+00:00,173.8000030517578,174.02000427246094,173.7100067138672,173.89999389648438,20394
2026-07-02 16:23:00+00:00,173.9600067138672,174.0,173.75,173.77000427246094,35983
2026-07-02 16:24:00+00:00,173.6999969482422,173.82000732421875,173.66000366210938,173.67999267578125,26914
2026-07-02 16:25:00+00:00,173.69000244140625,174.07000732421875,173.69000244140625,173.77000427246094,29303
2026-07-02 16:26:00+00:00,173.77000427246094,173.77999877929688,173.52000427246094,173.72000122070312,63774
2026-07-02 16:27:00+00:00,173.72999572753906,173.85000610351562,173.64999389648438,173.6999969482422,15890
2026-07-02 16:28:00+00:00,173.8300018310547,174.07000732421875,173.67999267578125,174.0399932861328,20458
2026-07-02 16:29:00+00:00,174.0500030517578,174.10000610351562,173.66000366210938,173.72999572753906,22415
2026-07-02 16:30:00+00:00,173.77999877929688,173.82000732421875,173.52999877929688,173.61000061035156,23773
2026-07-02 16:31:00+00:00,173.63999938964844,173.67999267578125,173.35000610351562,173.48770141601562,31559
2026-07-02 16:32:00+00:00,173.4199981689453,173.52000427246094,173.2899932861328,173.2899932861328,26999
2026-07-02 16:33:00+00:00,173.3800048828125,173.5800018310547,173.1999969482422,173.22000122070312,27360
2026-07-02 16:34:00+00:00,173.14999389648438,173.17999267578125,172.91000366210938,173.05999755859375,39300
2026-07-02 16:35:00+00:00,173.02000427246094,173.2449951171875,173.0,173.2449951171875,17769
2026-07-02 16:36:00+00:00,173.27000427246094,173.3300018310547,172.92999267578125,173.07000732421875,32442
2026-07-02 16:37:00+00:00,173.1199951171875,173.16000366210938,172.94000244140625,173.02000427246094,23255
2026-07-02 16:38:00+00:00,173.00750732421875,173.1898956298828,172.85000610351562,172.88999938964844,45475
2026-07-02 16:39:00+00:00,172.85000610351562,173.08999633789062,172.81500244140625,172.92999267578125,36982
2026-07-02 16:40:00+00:00,173.0,173.5850067138672,172.83999633789062,173.56500244140625,67458
2026-07-02 16:41:00+00:00,173.47999572753906,173.72000122070312,173.39999389648438,173.5800018310547,21353
2026-07-02 16:42:00+00:00,173.61000061035156,173.7449951171875,173.39999389648438,173.69949340820312,18860
2026-07-02 16:43:00+00:00,173.57000732421875,174.0,173.5399932861328,173.77000427246094,26183
2026-07-02 16:44:00+00:00,173.74000549316406,174.17999267578125,173.72000122070312,174.02999877929688,24642
2026-07-02 16:45:00+00:00,174.01499938964844,174.08999633789062,173.6999969482422,173.72329711914062,19472
2026-07-02 16:46:00+00:00,173.78500366210938,173.98989868164062,173.78500366210938,173.8594970703125,14675
2026-07-02 16:47:00+00:00,173.86000061035156,173.97000122070312,173.72000122070312,173.92999267578125,19144
2026-07-02 16:48:00+00:00,174.0,174.02000427246094,173.6999969482422,173.75,18736
2026-07-02 16:49:00+00:00,173.75,173.89999389648438,173.43499755859375,173.43499755859375,21061
2026-07-02 16:50:00+00:00,173.4499969482422,173.47000122070312,172.97000122070312,173.0800018310547,21022
2026-07-02 16:51:00+00:00,173.0500030517578,173.54949951171875,173.02000427246094,173.3300018310547,19374
2026-07-02 16:52:00+00:00,173.3300018310547,173.49000549316406,173.25,173.32000732421875,17339
2026-07-02 16:53:00+00:00,173.3350067138672,173.44000244140625,172.9600067138672,173.02000427246094,17241
2026-07-02 16:54:00+00:00,173.0399932861328,173.1999969482422,172.97500610351562,173.0850067138672,20274
2026-07-02 16:55:00+00:00,173.0800018310547,173.0800018310547,172.6199951171875,172.7615966796875,28450
2026-07-02 16:56:00+00:00,172.6501007080078,172.6501007080078,172.28399658203125,172.30499267578125,25078
2026-07-02 16:57:00+00:00,172.3699951171875,172.5800018310547,172.3000030517578,172.32000732421875,33987
2026-07-02 16:58:00+00:00,172.32000732421875,172.47500610351562,172.2100067138672,172.47500610351562,63310
2026-07-02 16:59:00+00:00,172.4499969482422,172.7147979736328,172.44009399414062,172.64500427246094,17221
2026-07-02 17:00:00+00:00,172.60000610351562,172.60499572753906,172.22999572753906,172.32000732421875,28017
2026-07-02 17:01:00+00:00,172.30499267578125,172.3699951171875,172.1199951171875,172.32000732421875,26027
2026-07-02 17:02:00+00:00,172.27999877929688,172.51499938964844,172.27999877929688,172.44000244140625,54351
2026-07-02 17:03:00+00:00,172.5,172.5,172.3000030517578,172.4199981689453,41554
2026-07-02 17:04:00+00:00,172.51499938964844,172.52000427246094,172.2949981689453,172.39999389648438,24221
2026-07-02 17:05:00+00:00,172.3300018310547,172.75,172.27999877929688,172.64999389648438,24949
2026-07-02 17:06:00+00:00,172.6999969482422,173.11000061035156,172.63999938964844,172.9600067138672,28539
2026-07-02 17:07:00+00:00,172.97500610351562,173.19000244140625,172.86000061035156,172.91000366210938,16665
2026-07-02 17:08:00+00:00,172.9499969482422,172.9499969482422,172.60000610351562,172.77999877929688,20912
2026-07-02 17:09:00+00:00,172.7949981689453,173.0850067138672,172.72999572753906,172.86000061035156,19453
2026-07-02 17:10:00+00:00,172.77999877929688,172.99000549316406,172.55999755859375,172.69000244140625,28367
2026-07-02 17:11:00+00:00,172.69000244140625,172.77999877929688,172.47000122070312,172.59500122070312,28528
2026-07-02 17:12:00+00:00,172.5500030517578,172.67999267578125,172.39999389648438,172.47000122070312,28338
2026-07-02 17:13:00+00:00,172.47000122070312,172.75999450683594,172.4001007080078,172.75999450683594,21729
2026-07-02 17:14:00+00:00,172.7200927734375,173.08999633789062,172.7200927734375,172.97999572753906,22260
2026-07-02 17:15:00+00:00,172.94000244140625,173.0,172.72999572753906,172.84500122070312,19028
2026-07-02 17:16:00+00:00,172.85000610351562,173.1999969482422,172.77000427246094,173.15499877929688,16474
2026-07-02 17:17:00+00:00,173.08999633789062,173.22999572753906,172.8000946044922,172.9600067138672,26556
2026-07-02 17:18:00+00:00,172.89500427246094,173.11000061035156,172.8000030517578,172.89999389648438,15058
2026-07-02 17:19:00+00:00,172.84500122070312,172.9499969482422,172.72999572753906,172.85499572753906,14435
2026-07-02 17:20:00+00:00,172.85000610351562,172.94000244140625,172.75999450683594,172.86819458007812,20890
2026-07-02 17:21:00+00:00,172.8699951171875,173.10000610351562,172.8043975830078,173.07000732421875,19768
2026-07-02 17:22:00+00:00,173.02000427246094,173.35000610351562,172.89999389648438,172.9250030517578,19881
2026-07-02 17:23:00+00:00,172.85000610351562,173.0500030517578,172.8000030517578,172.99000549316406,14247
2026-07-02 17:24:00+00:00,172.9600067138672,173.17999267578125,172.89010620117188,173.17999267578125,17352
2026-07-02 17:25:00+00:00,173.1649932861328,173.22999572753906,172.91000366210938,173.22999572753906,21947
2026-07-02 17:26:00+00:00,173.16000366210938,173.27499389648438,173.0500030517578,173.10499572753906,12781
2026-07-02 17:27:00+00:00,173.17999267578125,173.77999877929688,173.10499572753906,173.74000549316406,43882
2026-07-02 17:28:00+00:00,173.74000549316406,173.7449951171875,173.5177001953125,173.66000366210938,13600
2026-07-02 17:29:00+00:00,173.64500427246094,173.8000030517578,173.58999633789062,173.77000427246094,10728
2026-07-02 17:30:00+00:00,173.8000030517578,173.9698944091797,173.67999267578125,173.8000030517578,17001
2026-07-02 17:31:00+00:00,173.78529357910156,173.85000610351562,173.60000610351562,173.66000366210938,23941
2026-07-02 17:32:00+00:00,173.63499450683594,173.81500244140625,173.4600067138672,173.6750030517578,26387
2026-07-02 17:33:00+00:00,173.6999969482422,173.74000549316406,173.52999877929688,173.6300048828125,13095
2026-07-02 17:34:00+00:00,173.57000732421875,173.69000244140625,173.4499969482422,173.5,17349
2026-07-02 17:35:00+00:00,173.5,173.6199951171875,173.36000061035156,173.47000122070312,20992
2026-07-02 17:36:00+00:00,173.3800048828125,173.47000122070312,172.87890625,173.10000610351562,26774
2026-07-02 17:37:00+00:00,173.01499938964844,173.0749969482422,172.7899932861328,172.94500732421875,26642
2026-07-02 17:38:00+00:00,172.94500732421875,173.10000610351562,172.67999267578125,172.74000549316406,17345
2026-07-02 17:39:00+00:00,172.83999633789062,173.0,172.77000427246094,172.9550018310547,17994
2026-07-02 17:40:00+00:00,172.9149932861328,173.1199951171875,172.84500122070312,172.97999572753906,40193
2026-07-02 17:41:00+00:00,172.97999572753906,173.52000427246094,172.97999572753906,173.39500427246094,39485
2026-07-02 17:42:00+00:00,173.3800048828125,173.50999450683594,173.16000366210938,173.4499969482422,32853
2026-07-02 17:43:00+00:00,173.36000061035156,173.36000061035156,173.07000732421875,173.3300018310547,26337
2026-07-02 17:44:00+00:00,173.22999572753906,173.4199981689453,173.17999267578125,173.33999633789062,22068
2026-07-02 17:45:00+00:00,173.2899932861328,173.50999450683594,173.08999633789062,173.08999633789062,21023
2026-07-02 17:46:00+00:00,173.0800018310547,173.22000122070312,172.9250030517578,172.9550018310547,13873
2026-07-02 17:47:00+00:00,172.9250030517578,172.9250030517578,172.6199951171875,172.64999389648438,16246
2026-07-02 17:48:00+00:00,172.625,172.88999938964844,172.52000427246094,172.77999877929688,19647
2026-07-02 17:49:00+00:00,172.72500610351562,172.92999267578125,172.66000366210938,172.82000732421875,15268
2026-07-02 17:50:00+00:00,172.81500244140625,172.92999267578125,172.6300048828125,172.92999267578125,21235
2026-07-02 17:51:00+00:00,172.8300018310547,172.99000549316406,172.72500610351562,172.91000366210938,36145
2026-07-02 17:52:00+00:00,172.84500122070312,173.05999755859375,172.84500122070312,173.02780151367188,15841
2026-07-02 17:53:00+00:00,172.97999572753906,173.08999633789062,172.91000366210938,173.0399932861328,12059
2026-07-02 17:54:00+00:00,173.05499267578125,173.43569946289062,173.03500366210938,173.22999572753906,58503
2026-07-02 17:55:00+00:00,173.3000030517578,173.3000030517578,173.0399932861328,173.10000610351562,16306
2026-07-02 17:56:00+00:00,173.0500030517578,173.16000366210938,172.8699951171875,172.9799041748047,31677
2026-07-02 17:57:00+00:00,172.9250030517578,173.14999389648438,172.9250030517578,173.05499267578125,16452
2026-07-02 17:58:00+00:00,173.05499267578125,173.11000061035156,172.8188018798828,172.9499969482422,27744
2026-07-02 17:59:00+00:00,172.8292999267578,173.0399932861328,172.8292999267578,172.9600067138672,19504
2026-07-02 18:00:00+00:00,172.90499877929688,173.0,172.6699981689453,172.94000244140625,24012
2026-07-02 18:01:00+00:00,173.0,173.0500030517578,172.80499267578125,173.0399932861328,15334
2026-07-02 18:02:00+00:00,173.03500366210938,173.14999389648438,172.8300018310547,173.0,20728
2026-07-02 18:03:00+00:00,172.90350341796875,173.0500030517578,172.8300018310547,172.86500549316406,19711
2026-07-02 18:04:00+00:00,172.8800048828125,173.05999755859375,172.85499572753906,172.97000122070312,16020
2026-07-02 18:05:00+00:00,172.97000122070312,173.4499969482422,172.92999267578125,173.34500122070312,18653
2026-07-02 18:06:00+00:00,173.3000030517578,173.8000030517578,173.3000030517578,173.57000732421875,28280
2026-07-02 18:07:00+00:00,173.6199951171875,173.82000732421875,173.3800048828125,173.77999877929688,24829
2026-07-02 18:08:00+00:00,173.66000366210938,174.0399932861328,173.66000366210938,173.92999267578125,20076
2026-07-02 18:09:00+00:00,173.86500549316406,174.41000366210938,173.86500549316406,174.3699951171875,23169
2026-07-02 18:10:00+00:00,174.35000610351562,174.6300048828125,174.31500244140625,174.55999755859375,22340
2026-07-02 18:11:00+00:00,174.64999389648438,174.86000061035156,174.52000427246094,174.55999755859375,42012
2026-07-02 18:12:00+00:00,174.55340576171875,174.5800018310547,174.25010681152344,174.5800018310547,20626
2026-07-02 18:13:00+00:00,174.51499938964844,174.5399932861328,174.3249969482422,174.3249969482422,14767
2026-07-02 18:14:00+00:00,174.3249969482422,174.42999267578125,174.22999572753906,174.3800048828125,13996
2026-07-02 18:15:00+00:00,174.39999389648438,174.39999389648438,174.1800994873047,174.28250122070312,15485
2026-07-02 18:16:00+00:00,174.3800048828125,174.47000122070312,174.1699981689453,174.1999969482422,17136
2026-07-02 18:17:00+00:00,174.1199951171875,174.1199951171875,173.4425048828125,173.4425048828125,21052
2026-07-02 18:18:00+00:00,173.4550018310547,173.60000610351562,173.39500427246094,173.4600067138672,18762
2026-07-02 18:19:00+00:00,173.5399932861328,173.5800018310547,173.3800048828125,173.47500610351562,10049
2026-07-02 18:20:00+00:00,173.4600067138672,173.91000366210938,173.36000061035156,173.8800048828125,15126
2026-07-02 18:21:00+00:00,173.8800048828125,174.0,173.72500610351562,173.80999755859375,14050
2026-07-02 18:22:00+00:00,173.79800415039062,174.0399932861328,173.79800415039062,173.97000122070312,68451
2026-07-02 18:23:00+00:00,173.97000122070312,174.0399932861328,173.82000732421875,173.92010498046875,14982
2026-07-02 18:24:00+00:00,174.0050048828125,174.1699981689453,174.0050048828125,174.1300048828125,13675
2026-07-02 18:25:00+00:00,174.0,174.49000549316406,173.99000549316406,174.33999633789062,629221
2026-07-02 18:26:00+00:00,174.25,174.57000732421875,174.25,174.57000732421875,19021
2026-07-02 18:27:00+00:00,174.57000732421875,174.80999755859375,174.52999877929688,174.77000427246094,13484
2026-07-02 18:28:00+00:00,174.7050018310547,175.02999877929688,174.7050018310547,174.89500427246094,19333
2026-07-02 18:29:00+00:00,175.0399932861328,175.16000366210938,174.84500122070312,175.07000732421875,26640
2026-07-02 18:30:00+00:00,174.97500610351562,175.35000610351562,174.9250030517578,175.11000061035156,20991
2026-07-02 18:31:00+00:00,175.18499755859375,175.41000366210938,175.08399963378906,175.33009338378906,26673
2026-07-02 18:32:00+00:00,175.35000610351562,175.41000366210938,175.08999633789062,175.2530059814453,24293
2026-07-02 18:33:00+00:00,175.2899932861328,175.80999755859375,175.2899932861328,175.69000244140625,30293
2026-07-02 18:34:00+00:00,175.60000610351562,175.60000610351562,174.77999877929688,174.86000061035156,29318
2026-07-02 18:35:00+00:00,174.92999267578125,175.231201171875,174.92999267578125,175.02000427246094,18895
2026-07-02 18:36:00+00:00,174.99000549316406,175.11990356445312,174.8300018310547,174.875,8270
2026-07-02 18:37:00+00:00,174.85000610351562,175.22000122070312,174.8300018310547,175.22000122070312,15641
2026-07-02 18:38:00+00:00,175.3000030517578,175.47000122070312,175.07009887695312,175.19000244140625,14752
2026-07-02 18:39:00+00:00,175.1699981689453,175.3699951171875,175.0800018310547,175.19000244140625,15363
2026-07-02 18:40:00+00:00,175.33999633789062,175.41000366210938,175.2100067138672,175.3350067138672,16015
2026-07-02 18:41:00+00:00,175.1999969482422,175.2100067138672,174.87710571289062,174.9499969482422,15035
2026-07-02 18:42:00+00:00,175.00999450683594,175.33999633789062,175.00999450683594,175.24000549316406,18798
2026-07-02 18:43:00+00:00,175.10000610351562,175.33999633789062,175.10000610351562,175.1020965576172,13736
2026-07-02 18:44:00+00:00,175.22999572753906,175.32000732421875,175.0500030517578,175.0500030517578,14568
2026-07-02 18:45:00+00:00,175.00999450683594,175.0749969482422,174.3000030517578,174.30999755859375,84232
2026-07-02 18:46:00+00:00,174.3800048828125,174.55999755859375,174.2899932861328,174.4199981689453,24528
2026-07-02 18:47:00+00:00,174.5399932861328,174.6999969482422,174.35000610351562,174.69000244140625,16982
2026-07-02 18:48:00+00:00,174.6649932861328,174.88999938964844,174.58009338378906,174.85499572753906,11341
2026-07-02 18:49:00+00:00,174.85499572753906,175.14999389648438,174.85499572753906,174.91000366210938,15732
2026-07-02 18:50:00+00:00,174.9199981689453,175.05999755859375,174.8000030517578,175.0,15332
2026-07-02 18:51:00+00:00,174.96249389648438,175.32989501953125,174.96249389648438,175.23500061035156,23478
2026-07-02 18:52:00+00:00,175.22999572753906,175.47000122070312,175.13499450683594,175.33999633789062,27558
2026-07-02 18:53:00+00:00,175.19000244140625,175.27999877929688,174.9600067138672,175.0850067138672,10502
2026-07-02 18:54:00+00:00,175.08999633789062,175.22999572753906,175.0500030517578,175.05999755859375,10640
2026-07-02 18:55:00+00:00,174.9600067138672,175.00999450683594,174.72000122070312,174.82749938964844,20730
2026-07-02 18:56:00+00:00,174.8800048828125,175.0399932861328,174.50030517578125,174.6300048828125,12642
2026-07-02 18:57:00+00:00,174.6300048828125,175.08990478515625,174.5449981689453,174.94039916992188,19531
2026-07-02 18:58:00+00:00,175.00250244140625,175.17990112304688,174.83999633789062,174.97000122070312,17987
2026-07-02 18:59:00+00:00,174.92999267578125,175.1300048828125,174.7899932861328,175.1300048828125,11112
2026-07-02 19:00:00+00:00,175.1649932861328,175.36000061035156,174.69000244140625,174.69000244140625,20533
2026-07-02 19:01:00+00:00,174.58999633789062,174.8000030517578,174.47000122070312,174.7100067138672,9779
2026-07-02 19:02:00+00:00,174.7899932861328,175.00999450683594,174.77999877929688,175.0,12682
2026-07-02 19:03:00+00:00,175.00999450683594,175.17999267578125,174.9600067138672,174.99000549316406,15153
2026-07-02 19:04:00+00:00,175.13999938964844,175.25,174.15899658203125,174.27499389648438,41772
2026-07-02 19:05:00+00:00,174.35000610351562,174.52000427246094,174.07000732421875,174.3699951171875,16776
2026-07-02 19:06:00+00:00,174.38999938964844,174.82000732421875,174.3101043701172,174.72000122070312,14061
2026-07-02 19:07:00+00:00,174.66000366210938,174.74000549316406,174.02000427246094,174.10499572753906,24528
2026-07-02 19:08:00+00:00,174.00999450683594,174.1999969482422,173.89999389648438,173.9499969482422,18569
2026-07-02 19:09:00+00:00,174.0,174.08999633789062,173.72999572753906,173.75,25261
2026-07-02 19:10:00+00:00,173.80999755859375,173.9199981689453,173.5800018310547,173.86500549316406,29638
2026-07-02 19:11:00+00:00,173.89999389648438,174.0399932861328,173.85000610351562,173.86000061035156,17762
2026-07-02 19:12:00+00:00,173.9250030517578,174.08999633789062,173.82000732421875,173.99000549316406,22886
2026-07-02 19:13:00+00:00,173.92999267578125,174.27999877929688,173.8699951171875,174.2552032470703,21272
2026-07-02 19:14:00+00:00,174.10000610351562,174.46499633789062,174.0850067138672,174.25999450683594,24064
2026-07-02 19:15:00+00:00,174.1746063232422,174.3800048828125,174.02999877929688,174.09750366210938,26587
2026-07-02 19:16:00+00:00,174.1999969482422,174.2100067138672,173.85000610351562,173.85000610351562,31411
2026-07-02 19:17:00+00:00,173.875,174.0800018310547,173.8300018310547,173.98500061035156,23743
2026-07-02 19:18:00+00:00,174.0399932861328,174.0800018310547,173.8000030517578,173.99000549316406,32260
2026-07-02 19:19:00+00:00,174.1199951171875,174.25999450683594,173.97999572753906,173.97999572753906,30397
2026-07-02 19:20:00+00:00,173.98500061035156,174.00999450683594,173.75,173.91000366210938,21600
2026-07-02 19:21:00+00:00,173.97000122070312,174.0,173.77999877929688,173.9199981689453,36858
2026-07-02 19:22:00+00:00,173.90499877929688,174.02000427246094,173.60000610351562,173.6699981689453,47088
2026-07-02 19:23:00+00:00,173.69000244140625,173.94500732421875,173.6199951171875,173.7100067138672,44015
2026-07-02 19:24:00+00:00,173.8300018310547,173.86000061035156,173.6300048828125,173.6649932861328,26314
2026-07-02 19:25:00+00:00,173.6999969482422,173.7899932861328,173.5749969482422,173.64999389648438,33532
2026-07-02 19:26:00+00:00,173.60000610351562,173.85000610351562,173.5,173.74000549316406,41377
2026-07-02 19:27:00+00:00,173.85000610351562,174.2100067138672,173.76499938964844,174.02499389648438,46601
2026-07-02 19:28:00+00:00,174.02999877929688,174.72999572753906,174.0050048828125,174.64999389648438,53660
2026-07-02 19:29:00+00:00,174.64500427246094,175.22000122070312,174.64500427246094,174.6999969482422,55949
2026-07-02 19:30:00+00:00,174.7050018310547,175.36000061035156,174.5800018310547,175.2899932861328,49557
2026-07-02 19:31:00+00:00,175.2899932861328,175.55999755859375,174.9375,175.1699981689453,57450
2026-07-02 19:32:00+00:00,175.22999572753906,175.6300048828125,175.19000244140625,175.31500244140625,44637
2026-07-02 19:33:00+00:00,175.4149932861328,175.75999450683594,175.4149932861328,175.61000061035156,34357
2026-07-02 19:34:00+00:00,175.5399932861328,175.75,175.5,175.6199951171875,30906
2026-07-02 19:35:00+00:00,175.6199951171875,175.75,175.44000244140625,175.52999877929688,35007
2026-07-02 19:36:00+00:00,175.5850067138672,175.63999938964844,174.97000122070312,175.06500244140625,30140
2026-07-02 19:37:00+00:00,175.08999633789062,175.1699981689453,174.77499389648438,175.08999633789062,40379
2026-07-02 19:38:00+00:00,175.17999267578125,175.4199981689453,175.08999633789062,175.1699981689453,35257
2026-07-02 19:39:00+00:00,175.1699981689453,175.3699951171875,174.93499755859375,175.14500427246094,38129
2026-07-02 19:40:00+00:00,175.18499755859375,175.25,174.82000732421875,175.0124969482422,43622
2026-07-02 19:41:00+00:00,175.02499389648438,175.05999755859375,174.77999877929688,174.8300018310547,34365
2026-07-02 19:42:00+00:00,174.92999267578125,175.0800018310547,174.75999450683594,174.92999267578125,37824
2026-07-02 19:43:00+00:00,174.94500732421875,174.9600067138672,174.67999267578125,174.67999267578125,43908
2026-07-02 19:44:00+00:00,174.6999969482422,174.97000122070312,174.6300048828125,174.81820678710938,33166
2026-07-02 19:45:00+00:00,174.85499572753906,174.9600067138672,174.7100067138672,174.75999450683594,49356
2026-07-02 19:46:00+00:00,174.8300018310547,174.9600067138672,174.55999755859375,174.72000122070312,52803
2026-07-02 19:47:00+00:00,174.73500061035156,175.0500030517578,174.61000061035156,174.72000122070312,43670
2026-07-02 19:48:00+00:00,174.625,174.92990112304688,174.60000610351562,174.80499267578125,46720
2026-07-02 19:49:00+00:00,174.75999450683594,174.75999450683594,174.47000122070312,174.6199951171875,58330
2026-07-02 19:50:00+00:00,174.74000549316406,175.9600067138672,174.74000549316406,175.3800048828125,111492
2026-07-02 19:51:00+00:00,175.32000732421875,175.49000549316406,174.9550018310547,175.3000030517578,86118
2026-07-02 19:52:00+00:00,175.33999633789062,175.60000610351562,175.2100067138672,175.60000610351562,47048
2026-07-02 19:53:00+00:00,175.6300048828125,176.02999877929688,175.52999877929688,176.0,68225
2026-07-02 19:54:00+00:00,175.99000549316406,176.42999267578125,175.78500366210938,176.36000061035156,83637
2026-07-02 19:55:00+00:00,176.2899932861328,176.3300018310547,175.10000610351562,175.4199981689453,160109
2026-07-02 19:56:00+00:00,175.41000366210938,176.00999450683594,175.3800048828125,175.8000030517578,112047
2026-07-02 19:57:00+00:00,175.7899932861328,176.22500610351562,175.74000549316406,176.14500427246094,148018
2026-07-02 19:58:00+00:00,176.14500427246094,176.52999877929688,176.11000061035156,176.3699951171875,192297
2026-07-02 19:59:00+00:00,176.39999389648438,176.49000549316406,176.02999877929688,176.25,424035
2026-07-02 20:00:00+00:00,176.25,176.9,176.25,176.389,3610601
2026-07-02 20:01:00+00:00,176.31,176.5,176.31,176.4933,0
2026-07-02 20:02:00+00:00,176.49,176.55,176.45,176.55,0
2026-07-02 20:03:00+00:00,176.45,176.9,176.05,176.36,0
2026-07-02 20:04:00+00:00,176.25,176.9,176.1,176.9,0
2026-07-02 20:05:00+00:00,176.6216,176.9,176.58,176.9,0
2026-07-02 20:06:00+00:00,176.78,176.89,176.5801,176.74,0
2026-07-02 20:07:00+00:00,176.5801,176.89,176.58,176.89,0
2026-07-02 20:08:00+00:00,176.9,176.9,176.58,176.9,0
2026-07-02 20:09:00+00:00,176.62,176.9,176.58,176.9,0
2026-07-02 20:10:00+00:00,176.25,176.95,176.25,176.95,0
2026-07-02 20:11:00+00:00,176.62,176.9999,176.25,176.99,0
2026-07-02 20:12:00+00:00,176.96,177.0,176.7,177.0,0
2026-07-02 20:13:00+00:00,176.7167,177.27,176.7,177.01,0
2026-07-02 20:14:00+00:00,177.25,177.3,177.0,177.05,0
2026-07-02 20:15:00+00:00,177.05,177.75,177.05,177.75,0
2026-07-02 20:16:00+00:00,177.78,177.98,177.5,177.97,0
2026-07-02 20:17:00+00:00,177.86,178.25,177.5,177.75,0
2026-07-02 20:18:00+00:00,178.0,178.0,177.5,177.5363,0
2026-07-02 20:19:00+00:00,177.9,177.9,177.0,177.0,0
2026-07-02 20:20:00+00:00,176.25,177.68,176.25,177.68,0
2026-07-02 20:21:00+00:00,177.27,177.5829,177.0,177.29,0
2026-07-02 20:22:00+00:00,177.26,177.3,177.0,177.3,0
2026-07-02 20:23:00+00:00,177.01,177.02,177.01,177.02,0
2026-07-02 20:24:00+00:00,177.1296,177.13,177.0001,177.13,0
2026-07-02 20:25:00+00:00,177.2131,177.8,177.2131,177.5,0
2026-07-02 20:26:00+00:00,177.22,177.8,177.0142,177.71,0
2026-07-02 20:27:00+00:00,177.46,177.5,177.22,177.5,0
2026-07-02 20:28:00+00:00,177.71,177.71,177.02,177.43,0
2026-07-02 20:29:00+00:00,177.0001,177.5,177.0,177.15,0
2026-07-02 20:30:00+00:00,177.18,177.5,177.18,177.48,0
2026-07-02 20:31:00+00:00,177.5,177.5,177.4,177.5,0
2026-07-02 20:32:00+00:00,177.48,177.5,177.1955,177.2,0
2026-07-02 20:33:00+00:00,177.4,177.5,177.4,177.5,0
2026-07-02 20:34:00+00:00,177.5,177.5,177.3,177.3,0
2026-07-02 20:35:00+00:00,177.2,177.5,176.25,177.49,0
2026-07-02 20:36:00+00:00,177.5,177.5,177.17,177.2,0
2026-07-02 20:37:00+00:00,177.5,177.5,177.2,177.2,0
2026-07-02 20:38:00+00:00,177.49,177.5,177.4545,177.5,0
2026-07-02 20:39:00+00:00,177.5,177.5,177.48,177.48,0
2026-07-02 20:40:00+00:00,177.2,177.48,177.2,177.48,0
2026-07-02 20:41:00+00:00,177.46,177.46,177.4,177.4,0
2026-07-02 20:42:00+00:00,177.4,177.4857,177.32,177.32,0
2026-07-02 20:43:00+00:00,177.46,177.5,177.15,177.4685,0
2026-07-02 20:44:00+00:00,177.1955,177.5,177.15,177.5,0
2026-07-02 20:45:00+00:00,177.0,177.25,177.0,177.25,0
2026-07-02 20:46:00+00:00,177.5,177.5,177.5,177.5,0
2026-07-02 20:47:00+00:00,177.5,177.5,177.35,177.35,0
2026-07-02 20:48:00+00:00,177.4306,177.4306,177.4306,177.4306,0
2026-07-02 20:49:00+00:00,177.43,177.43,177.0,177.25,0
2026-07-02 20:50:00+00:00,177.5,177.5,177.25,177.25,0
2026-07-02 20:51:00+00:00,177.48,177.48,177.0,177.15,0
2026-07-02 20:52:00+00:00,177.25,177.25,177.25,177.25,0
2026-07-02 20:53:00+00:00,177.48,177.48,177.48,177.48,0
2026-07-02 20:54:00+00:00,177.25,177.25,177.21,177.24,0
2026-07-02 20:55:00+00:00,177.24,177.5,177.23,177.5,0
2026-07-02 20:56:00+00:00,177.48,177.48,177.23,177.33,0
2026-07-02 20:57:00+00:00,177.23,177.48,177.23,177.48,0
2026-07-02 20:58:00+00:00,177.27,177.5,177.23,177.48,0
2026-07-02 20:59:00+00:00,177.26,177.45,177.26,177.45,0
2026-07-02 21:00:00+00:00,177.45,177.45,177.45,177.45,0
2026-07-02 21:01:00+00:00,177.2745,177.4649,177.23,177.37,0
2026-07-02 21:02:00+00:00,177.305,177.5,177.23,177.4,0
2026-07-02 21:03:00+00:00,177.4,177.5,177.23,177.5,0
2026-07-02 21:04:00+00:00,177.2367,177.3068,177.23,177.23,0
2026-07-02 21:05:00+00:00,177.23,177.2435,177.23,177.2435,0
2026-07-02 21:06:00+00:00,177.23,187.5149,177.23,177.3,0
2026-07-02 21:07:00+00:00,177.3,177.3,177.23,177.2301,0
2026-07-02 21:08:00+00:00,177.23,177.314,177.23,177.23,0
2026-07-02 21:09:00+00:00,177.23,177.25,177.23,177.25,0
2026-07-02 21:10:00+00:00,177.24,177.24,177.2305,177.2305,0
2026-07-02 21:11:00+00:00,177.23,177.3243,177.23,177.3243,0
2026-07-02 21:12:00+00:00,177.23,177.4,176.25,177.0,0
2026-07-02 21:13:00+00:00,177.4,177.4,176.9,177.0,0
2026-07-02 21:14:00+00:00,177.4,177.4,176.9,177.0308,0
2026-07-02 21:15:00+00:00,177.0,177.22,177.0,177.22,0
2026-07-02 21:16:00+00:00,177.22,177.22,177.0,177.0,0
2026-07-02 21:17:00+00:00,177.0,177.0,177.0,177.0,0
2026-07-02 21:18:00+00:00,177.4,177.4,177.0,177.2,0
2026-07-02 21:19:00+00:00,176.9,177.25,176.9,177.22,0
2026-07-02 21:20:00+00:00,177.22,177.22,177.22,177.22,0
2026-07-02 21:21:00+00:00,176.9852,176.9852,176.9552,176.9552,0
2026-07-02 21:22:00+00:00,177.0,177.4,176.9,177.0,0
2026-07-02 21:23:00+00:00,177.22,177.4,176.9,176.9,0
2026-07-02 21:24:00+00:00,177.0,177.0,175.99,176.0,0
2026-07-02 21:25:00+00:00,175.565,176.0,175.5,176.0,0
2026-07-02 21:26:00+00:00,175.76,176.0,175.75,175.98,0
2026-07-02 21:27:00+00:00,175.8861,175.98,175.6201,175.88,0
2026-07-02 21:28:00+00:00,175.98,176.0,175.866,176.0,0
2026-07-02 21:29:00+00:00,175.5,176.0,175.5,175.99,0
2026-07-02 21:30:00+00:00,176.0,177.362,176.0,176.99,0
2026-07-02 21:31:00+00:00,176.5,176.73,176.41,176.73,0
2026-07-02 21:32:00+00:00,177.0,177.4,175.88,175.88,0
2026-07-02 21:33:00+00:00,176.2132,176.2132,176.2132,176.2132,0
2026-07-02 21:34:00+00:00,176.67,176.67,175.88,176.2,0
2026-07-02 21:35:00+00:00,175.88,177.4,175.88,176.2,0
2026-07-02 21:36:00+00:00,177.4,177.4,176.31,176.67,0
2026-07-02 21:37:00+00:00,176.31,177.4,176.2,176.64,0
2026-07-02 21:38:00+00:00,176.67,176.67,176.64,176.64,0
2026-07-02 21:39:00+00:00,176.63,176.63,176.63,176.63,0
2026-07-02 21:40:00+00:00,177.0552,177.4,177.0552,177.4,0
2026-07-02 21:41:00+00:00,177.4,177.4,176.6116,176.6116,0
2026-07-02 21:42:00+00:00,176.7992,176.7992,176.2,176.79,0
2026-07-02 21:43:00+00:00,176.02,176.6,176.02,176.136,0
2026-07-02 21:44:00+00:00,176.808,177.0036,176.808,177.0036,0
2026-07-02 21:45:00+00:00,176.48,177.4,176.25,176.25,0
2026-07-02 21:46:00+00:00,176.26,176.5,176.26,176.4759,0
2026-07-02 21:47:00+00:00,177.4,177.4,176.47,176.5,0
2026-07-02 21:48:00+00:00,176.5,176.76,176.35,176.36,0
2026-07-02 21:49:00+00:00,177.4,177.4,176.36,176.46,0
2026-07-02 21:50:00+00:00,176.6,176.6,176.56,176.56,0
2026-07-02 21:51:00+00:00,176.56,177.4,176.25,176.7933,0
2026-07-02 21:52:00+00:00,176.9,177.4,176.5,176.6,0
2026-07-02 21:53:00+00:00,176.6,177.4,176.37,177.4,0
2026-07-02 21:54:00+00:00,176.8014,176.8014,176.7812,176.7812,0
2026-07-02 21:55:00+00:00,176.76,176.83,176.5,176.5,0
2026-07-02 21:56:00+00:00,176.7453,176.93,176.67,176.67,0
2026-07-02 21:57:00+00:00,176.67,176.7,176.26,176.26,0
2026-07-02 21:58:00+00:00,176.74,176.74,176.74,176.74,0
2026-07-02 21:59:00+00:00,176.91,176.93,176.91,176.93,0
2026-07-02 22:00:00+00:00,176.7955,176.8603,176.7955,176.86,0
2026-07-02 22:01:00+00:00,176.84,176.84,176.84,176.84,0
2026-07-02 22:02:00+00:00,176.84,176.95,176.26,176.56,0
2026-07-02 22:03:00+00:00,176.82,176.85,176.66,176.7,0
2026-07-02 22:04:00+00:00,176.7,176.8197,176.7,176.8197,0
2026-07-02 22:05:00+00:00,176.5,176.89,176.5,176.5,0
2026-07-02 22:06:00+00:00,176.79,176.83,176.79,176.83,0
2026-07-02 22:07:00+00:00,176.83,176.83,176.7,176.7,0
2026-07-02 22:08:00+00:00,176.3,177.19,176.3,177.0,0
2026-07-02 22:09:00+00:00,176.5553,177.19,176.5553,177.19,0
2026-07-02 22:10:00+00:00,176.84,177.19,176.67,176.83,0
2026-07-02 22:12:00+00:00,176.75,177.0,176.5367,176.67,0
2026-07-02 22:13:00+00:00,176.84,177.0756,176.31,177.0,0
2026-07-02 22:14:00+00:00,177.0,177.05,176.82,176.9,0
2026-07-02 22:15:00+00:00,177.21,177.21,176.84,176.84,0
2026-07-02 22:16:00+00:00,177.0,177.0,176.7,176.7,0
2026-07-02 22:17:00+00:00,176.69,177.38,176.658,177.1356,0
2026-07-02 22:18:00+00:00,176.8,177.0,176.8,177.0,0
2026-07-02 22:19:00+00:00,177.0,177.38,176.69,177.05,0
2026-07-02 22:20:00+00:00,177.38,177.38,177.0,177.02,0
2026-07-02 22:21:00+00:00,176.39,176.39,176.39,176.39,0
2026-07-02 22:23:00+00:00,177.16,177.16,176.9768,176.9768,0
2026-07-02 22:24:00+00:00,176.86,177.14,176.86,176.97,0
2026-07-02 22:25:00+00:00,176.6542,176.6542,176.6542,176.6542,0
2026-07-02 22:28:00+00:00,177.0,177.35,177.0,177.16,0
2026-07-02 22:29:00+00:00,177.14,177.14,177.0,177.1,0
2026-07-02 22:30:00+00:00,176.83,176.8319,176.62,176.62,0
2026-07-02 22:31:00+00:00,177.02,177.1,176.7,177.1,0
2026-07-02 22:32:00+00:00,177.1,177.2,176.8,176.8,0
2026-07-02 22:33:00+00:00,177.2,177.2,177.0,177.1,0
2026-07-02 22:34:00+00:00,177.14,177.16,176.62,176.62,0
2026-07-02 22:35:00+00:00,177.0,177.1,176.63,176.63,0
2026-07-02 22:37:00+00:00,177.2,177.2,177.15,177.15,0
2026-07-02 22:38:00+00:00,176.8,176.8,176.8,176.8,0
2026-07-02 22:40:00+00:00,177.4,177.4,177.1,177.1,0
2026-07-02 22:41:00+00:00,177.12,177.35,177.12,177.33,0
2026-07-02 22:42:00+00:00,177.33,177.33,177.33,177.33,0
2026-07-02 22:43:00+00:00,177.3737,177.3737,177.3737,177.3737,0
2026-07-02 22:44:00+00:00,177.35,177.51,177.35,177.51,0
2026-07-02 22:45:00+00:00,177.25,177.51,177.25,177.51,0
2026-07-02 22:46:00+00:00,177.25,177.26,177.25,177.26,0
2026-07-02 22:47:00+00:00,177.75,177.75,177.26,177.26,0
2026-07-02 22:48:00+00:00,177.44,177.75,177.4,177.4,0
2026-07-02 22:49:00+00:00,177.26,177.44,177.26,177.44,0
2026-07-02 22:50:00+00:00,177.75,177.75,177.75,177.75,0
2026-07-02 22:51:00+00:00,177.43,177.71,177.43,177.71,0
2026-07-02 22:52:00+00:00,177.25,177.25,177.25,177.25,0
2026-07-02 22:53:00+00:00,177.6502,177.67,177.6502,177.67,0
2026-07-02 22:54:00+00:00,177.71,177.71,177.26,177.43,0
2026-07-02 22:55:00+00:00,177.43,177.71,177.28,177.28,0
2026-07-02 22:56:00+00:00,177.48,177.48,177.48,177.48,0
2026-07-02 22:57:00+00:00,177.46,177.5,177.26,177.26,0
2026-07-02 22:58:00+00:00,177.315,177.75,177.2772,177.75,0
2026-07-02 22:59:00+00:00,177.55,177.57,177.28,177.28,0
2026-07-02 23:00:00+00:00,177.75,177.75,177.685,177.685,0
2026-07-02 23:01:00+00:00,177.32,177.32,177.26,177.26,0
2026-07-02 23:02:00+00:00,177.2,177.69,177.0,177.0,0
2026-07-02 23:03:00+00:00,177.0952,177.0952,177.0952,177.0952,0
2026-07-02 23:04:00+00:00,177.2,177.22,177.2,177.22,0
2026-07-02 23:05:00+00:00,177.44,177.44,176.9,176.9,0
2026-07-02 23:07:00+00:00,177.0,177.3,177.0,177.3,0
2026-07-02 23:08:00+00:00,177.3,177.3,177.01,177.01,0
2026-07-02 23:09:00+00:00,177.3,177.3,177.3,177.3,0
2026-07-02 23:10:00+00:00,177.3,177.35,177.3,177.35,0
2026-07-02 23:11:00+00:00,177.27,177.27,177.27,177.27,0
2026-07-02 23:12:00+00:00,177.3,177.3,177.3,177.3,0
2026-07-02 23:13:00+00:00,177.22,177.22,177.2,177.2,0
2026-07-02 23:14:00+00:00,177.2,177.41,177.008,177.41,0
2026-07-02 23:15:00+00:00,177.1942,177.1942,177.1942,177.1942,0
2026-07-02 23:16:00+00:00,176.9,177.2,176.51,176.79,0
2026-07-02 23:17:00+00:00,176.9,176.9,176.9,176.9,0
2026-07-02 23:18:00+00:00,177.0968,177.0968,176.9,176.9,0
2026-07-02 23:19:00+00:00,177.0,177.0,176.8,176.8,0
2026-07-02 23:20:00+00:00,177.0,177.0,176.8,176.81,0
2026-07-02 23:21:00+00:00,176.85,177.0,176.591,176.95,0
2026-07-02 23:22:00+00:00,176.7129,176.7129,176.7129,176.7129,0
2026-07-02 23:23:00+00:00,177.1,177.1,177.1,177.1,0
2026-07-02 23:24:00+00:00,176.82,177.1,176.82,176.84,0
2026-07-02 23:25:00+00:00,176.885,176.885,176.8301,176.8301,0
2026-07-02 23:26:00+00:00,177.19,177.19,176.83,176.83,0
2026-07-02 23:27:00+00:00,176.9495,176.9495,176.9495,176.9495,0
2026-07-02 23:29:00+00:00,177.385,177.385,177.21,177.21,0
2026-07-02 23:31:00+00:00,177.05,177.19,176.86,177.19,0
2026-07-02 23:32:00+00:00,177.19,177.19,177.19,177.19,0
2026-07-02 23:33:00+00:00,177.19,177.19,176.85,176.85,0
2026-07-02 23:34:00+00:00,176.88,177.1912,176.88,177.1912,0
2026-07-02 23:35:00+00:00,177.2,177.2,177.09,177.09,0
2026-07-02 23:36:00+00:00,177.2,177.2,177.19,177.19,0
2026-07-02 23:37:00+00:00,177.19,177.19,177.0,177.0,0
2026-07-02 23:38:00+00:00,177.0,177.0,177.0,177.0,0
2026-07-02 23:39:00+00:00,176.8,176.83,176.8,176.83,0
2026-07-02 23:41:00+00:00,177.0,177.0,177.0,177.0,0
2026-07-02 23:42:00+00:00,177.0,177.0,177.0,177.0,0
2026-07-02 23:43:00+00:00,177.0,177.2,176.88,177.1584,0
2026-07-02 23:44:00+00:00,177.2,177.2,176.92,177.0,0
2026-07-02 23:45:00+00:00,176.99,177.4,176.93,177.4,0
2026-07-02 23:47:00+00:00,177.3,177.4,176.88,176.88,0
2026-07-02 23:48:00+00:00,177.3999,177.3999,176.9358,177.0,0
2026-07-02 23:49:00+00:00,177.0,177.29,177.0,177.22,0
2026-07-02 23:50:00+00:00,177.29,177.299,177.26,177.29,0
2026-07-02 23:51:00+00:00,177.0,177.285,177.0,177.285,0
2026-07-02 23:52:00+00:00,177.15,177.15,177.0,177.0,0
2026-07-02 23:53:00+00:00,177.15,177.15,177.1,177.14,0
2026-07-02 23:54:00+00:00,177.14,177.25,177.14,177.25,0
2026-07-02 23:55:00+00:00,177.15,177.25,177.15,177.25,0
2026-07-02 23:56:00+00:00,177.0,177.1999,177.0,177.1988,0
2026-07-02 23:57:00+00:00,177.15,177.2,177.0239,177.1433,0
2026-07-02 23:58:00+00:00,177.1745,177.2,177.1,177.19,0
2026-07-02 23:59:00+00:00,177.28,177.3,177.0,177.02,0
2026-07-06 08:00:00+00:00,179.47,180.9788,177.49,180.1762,0
2026-07-06 08:01:00+00:00,179.28,180.2252,177.7,179.5063,0
2026-07-06 08:02:00+00:00,179.5316,180.25,179.36,179.75,0
2026-07-06 08:03:00+00:00,179.77,179.88,179.77,179.88,0
2026-07-06 08:04:00+00:00,180.0,180.0,179.8,179.9,0
2026-07-06 08:05:00+00:00,179.9875,179.99,179.95,179.97,0
2026-07-06 08:06:00+00:00,179.87,179.99,179.87,179.99,0
2026-07-06 08:07:00+00:00,180.2043,180.2043,180.2043,180.2043,0
2026-07-06 08:08:00+00:00,180.2077,180.23,180.2077,180.23,0
2026-07-06 08:09:00+00:00,180.0,180.06,177.79,179.68,0
2026-07-06 08:10:00+00:00,179.85,180.2188,179.8,180.2188,0
2026-07-06 08:11:00+00:00,179.74,180.1,179.49,179.49,0
2026-07-06 08:12:00+00:00,179.49,179.49,179.01,179.01,0
2026-07-06 08:13:00+00:00,179.26,179.26,179.26,179.26,0
2026-07-06 08:15:00+00:00,179.03,179.1352,179.0,179.1352,0
2026-07-06 08:16:00+00:00,178.68,179.4544,178.62,178.654,0
2026-07-06 08:17:00+00:00,178.6156,178.6156,178.6156,178.6156,0
2026-07-06 08:18:00+00:00,179.15,179.15,179.15,179.15,0
2026-07-06 08:19:00+00:00,179.19,179.26,179.19,179.26,0
2026-07-06 08:20:00+00:00,179.04,179.465,179.04,179.465,0
2026-07-06 08:21:00+00:00,179.2,179.2,179.2,179.2,0
2026-07-06 08:22:00+00:00,179.21,179.21,179.21,179.21,0
2026-07-06 08:24:00+00:00,179.22,179.42,179.22,179.42,0
2026-07-06 08:26:00+00:00,178.9,179.1,178.9,179.1,0
2026-07-06 08:28:00+00:00,179.39,179.39,179.1545,179.1545,0
2026-07-06 08:29:00+00:00,179.18,179.4857,179.16,179.4857,0
2026-07-06 08:30:00+00:00,179.38,179.48,179.38,179.48,0
2026-07-06 08:33:00+00:00,179.4,179.45,178.9,178.9,0
2026-07-06 08:34:00+00:00,179.18,179.2,179.1,179.2,0
2026-07-06 08:35:00+00:00,179.16,179.23,179.16,179.23,0
2026-07-06 08:36:00+00:00,179.26,179.26,179.23,179.23,0
2026-07-06 08:39:00+00:00,179.27,179.27,179.27,179.27,0
2026-07-06 08:40:00+00:00,179.45,179.5,179.45,179.5,0
2026-07-06 08:41:00+00:00,179.5,179.5,179.5,179.5,0
2026-07-06 08:42:00+00:00,179.6645,179.6645,179.45,179.45,0
2026-07-06 08:43:00+00:00,179.45,179.45,179.45,179.45,0
2026-07-06 08:46:00+00:00,179.4397,179.4397,179.4397,179.4397,0
2026-07-06 08:48:00+00:00,179.44,179.44,179.44,179.44,0
2026-07-06 08:50:00+00:00,179.1,179.5,179.1,179.5,0
2026-07-06 08:52:00+00:00,179.5,179.5,179.5,179.5,0
2026-07-06 08:53:00+00:00,179.6,179.6,179.6,179.6,0
2026-07-06 08:54:00+00:00,179.6,179.6,179.6,179.6,0
2026-07-06 08:55:00+00:00,179.58,179.6,179.58,179.6,0
2026-07-06 08:56:00+00:00,179.6,179.65,179.6,179.65,0
2026-07-06 08:57:00+00:00,179.5,179.6,179.46,179.6,0
2026-07-06 08:58:00+00:00,179.48,179.48,179.48,179.48,0
2026-07-06 08:59:00+00:00,179.7281,179.7281,179.7281,179.7281,0
2026-07-06 09:00:00+00:00,179.74,179.74,179.16,179.16,0
2026-07-06 09:01:00+00:00,179.56,179.56,179.28,179.28,0
2026-07-06 09:02:00+00:00,179.2773,179.2773,179.2773,179.2773,0
2026-07-06 09:03:00+00:00,179.32,179.32,179.31,179.31,0
2026-07-06 09:04:00+00:00,179.3,179.32,179.28,179.28,0
2026-07-06 09:05:00+00:00,179.1,179.1,179.04,179.04,0
2026-07-06 09:06:00+00:00,179.04,179.1,179.04,179.04,0
2026-07-06 09:07:00+00:00,179.08,179.08,179.04,179.04,0
2026-07-06 09:08:00+00:00,179.1,179.1,179.1,179.1,0
2026-07-06 09:09:00+00:00,179.008,179.008,179.008,179.008,0
2026-07-06 09:10:00+00:00,179.08,179.08,178.7,178.7,0
2026-07-06 09:11:00+00:00,178.7,178.9,178.67,178.68,0
2026-07-06 09:13:00+00:00,178.89,178.89,178.7,178.7,0
2026-07-06 09:14:00+00:00,178.8094,178.89,178.73,178.89,0
2026-07-06 09:15:00+00:00,178.89,178.89,178.7,178.7,0
2026-07-06 09:16:00+00:00,178.7,178.7,178.7,178.7,0
2026-07-06 09:17:00+00:00,178.9,178.9,178.7,178.9,0
2026-07-06 09:18:00+00:00,178.9,178.9,178.9,178.9,0
2026-07-06 09:20:00+00:00,178.84,178.84,178.7,178.7,0
2026-07-06 09:21:00+00:00,178.7,178.84,178.7,178.84,0
2026-07-06 09:26:00+00:00,178.9788,178.9788,178.8,178.8,0
2026-07-06 09:28:00+00:00,178.84,178.84,178.84,178.84,0
2026-07-06 09:29:00+00:00,178.84,178.84,178.84,178.84,0
2026-07-06 09:31:00+00:00,178.55,178.55,178.55,178.55,0
2026-07-06 09:32:00+00:00,178.26,178.36,178.26,178.36,0
2026-07-06 09:33:00+00:00,178.19,178.64,178.17,178.17,0
2026-07-06 09:34:00+00:00,178.5,178.6,178.0,178.0,0
2026-07-06 09:35:00+00:00,178.0,178.0,178.0,178.0,0
2026-07-06 09:36:00+00:00,178.32,178.32,178.32,178.32,0
2026-07-06 09:37:00+00:00,178.4,178.4,178.4,178.4,0
2026-07-06 09:38:00+00:00,178.4,178.4,178.4,178.4,0
2026-07-06 09:40:00+00:00,178.4,178.4,178.35,178.35,0
2026-07-06 09:41:00+00:00,178.3,178.3,177.9977,178.04,0
2026-07-06 09:42:00+00:00,178.04,178.1,178.04,178.1,0
2026-07-06 09:43:00+00:00,178.1,178.1,178.1,178.1,0
2026-07-06 09:44:00+00:00,177.66,177.75,177.25,177.25,0
2026-07-06 09:45:00+00:00,177.6,177.6,177.395,177.395,0
2026-07-06 09:46:00+00:00,177.4423,177.4423,177.4423,177.4423,0
2026-07-06 09:47:00+00:00,177.63,177.63,177.63,177.63,0
2026-07-06 09:48:00+00:00,178.09,178.09,177.63,177.63,0
2026-07-06 09:49:00+00:00,177.65,178.1,177.5,178.1,0
2026-07-06 09:50:00+00:00,177.4,177.6,177.39,177.6,0
2026-07-06 09:51:00+00:00,178.06,178.06,177.75,177.83,0
2026-07-06 09:52:00+00:00,177.8,177.94,177.8,177.94,0
2026-07-06 09:53:00+00:00,177.91,177.94,177.91,177.94,0
2026-07-06 09:54:00+00:00,177.9,178.0,177.9,178.0,0
2026-07-06 09:55:00+00:00,178.0,178.05,177.6955,177.91,0
2026-07-06 09:56:00+00:00,178.08,178.08,178.08,178.08,0
2026-07-06 09:58:00+00:00,178.2093,178.2093,178.18,178.18,0
2026-07-06 09:59:00+00:00,178.18,178.3,178.15,178.15,0
2026-07-06 10:00:00+00:00,178.2,178.2,178.2,178.2,0
2026-07-06 10:01:00+00:00,178.2,178.22,178.1897,178.1897,0
2026-07-06 10:03:00+00:00,178.13,178.13,178.12,178.12,0
2026-07-06 10:04:00+00:00,178.18,178.33,178.18,178.33,0
2026-07-06 10:05:00+00:00,178.55,178.58,178.55,178.58,0
2026-07-06 10:06:00+00:00,178.54,178.54,178.54,178.54,0
2026-07-06 10:07:00+00:00,178.54,178.54,178.54,178.54,0
2026-07-06 10:10:00+00:00,178.33,178.486,178.09,178.11,0
2026-07-06 10:11:00+00:00,178.3,178.3,178.3,178.3,0
2026-07-06 10:12:00+00:00,178.4,178.4,178.4,178.4,0
2026-07-06 10:16:00+00:00,178.3,178.38,178.045,178.38,0
2026-07-06 10:17:00+00:00,178.5,178.5,178.5,178.5,0
2026-07-06 10:18:00+00:00,178.32,178.32,178.31,178.32,0
2026-07-06 10:19:00+00:00,178.46,178.46,178.27,178.27,0
2026-07-06 10:20:00+00:00,178.4,178.5,178.4,178.4328,0
2026-07-06 10:22:00+00:00,178.38,178.38,178.38,178.38,0
2026-07-06 10:24:00+00:00,178.467,178.467,178.46,178.46,0
2026-07-06 10:25:00+00:00,178.46,178.46,178.35,178.35,0
2026-07-06 10:28:00+00:00,178.54,178.8,178.51,178.8,0
2026-07-06 10:29:00+00:00,178.51,178.69,178.51,178.69,0
2026-07-06 10:30:00+00:00,178.69,178.69,178.69,178.69,0
2026-07-06 10:33:00+00:00,178.51,178.7765,178.51,178.6,0
2026-07-06 10:34:00+00:00,178.6,178.6,178.6,178.6,0
2026-07-06 10:35:00+00:00,178.68,178.68,178.37,178.37,0
2026-07-06 10:36:00+00:00,178.38,178.4865,178.38,178.4865,0
2026-07-06 10:37:00+00:00,178.66,178.95,178.66,178.95,0
2026-07-06 10:39:00+00:00,178.9063,178.9108,178.9063,178.9108,0
2026-07-06 10:40:00+00:00,178.8379,178.8379,178.8379,178.8379,0
2026-07-06 10:41:00+00:00,178.89,178.94,178.78,178.94,0
2026-07-06 10:42:00+00:00,178.9092,178.9092,178.9092,178.9092,0
2026-07-06 10:43:00+00:00,178.8295,178.8295,178.8295,178.8295,0
2026-07-06 10:44:00+00:00,178.67,178.9397,178.67,178.9397,0
2026-07-06 10:45:00+00:00,178.6,178.72,178.37,178.42,0
2026-07-06 10:46:00+00:00,178.4641,178.4641,178.4641,178.4641,0
2026-07-06 10:48:00+00:00,178.46,178.8497,178.46,178.83,0
2026-07-06 10:49:00+00:00,178.83,178.83,178.83,178.83,0
2026-07-06 10:50:00+00:00,178.6,178.88,178.6,178.88,0
2026-07-06 10:52:00+00:00,178.88,178.98,178.6,178.98,0
2026-07-06 10:53:00+00:00,178.95,178.95,178.95,178.95,0
2026-07-06 10:54:00+00:00,178.75,178.75,178.6813,178.6813,0
2026-07-06 10:57:00+00:00,178.9788,178.9788,178.3829,178.3829,0
2026-07-06 10:58:00+00:00,178.9788,178.9788,178.44,178.44,0
2026-07-06 10:59:00+00:00,178.97,178.98,178.7362,178.86,0
2026-07-06 11:00:00+00:00,178.97,179.41,178.5,179.41,0
2026-07-06 11:01:00+00:00,179.41,179.41,179.27,179.27,0
2026-07-06 11:02:00+00:00,178.96,178.96,178.64,178.84,0
2026-07-06 11:03:00+00:00,178.69,178.69,178.69,178.69,0
2026-07-06 11:04:00+00:00,178.97,179.3355,178.8,179.26,0
2026-07-06 11:05:00+00:00,178.38,178.9999,178.38,178.99,0
2026-07-06 11:06:00+00:00,178.8773,179.0,178.84,178.99,0
2026-07-06 11:07:00+00:00,178.99,178.99,178.83,178.92,0
2026-07-06 11:08:00+00:00,178.92,178.92,178.89,178.89,0
2026-07-06 11:09:00+00:00,179.02,179.0922,178.74,178.74,0
2026-07-06 11:10:00+00:00,179.16,179.17,178.95,178.95,0
2026-07-06 11:11:00+00:00,178.95,179.1,178.74,178.74,0
2026-07-06 11:12:00+00:00,178.9037,178.9562,178.4806,178.74,0
2026-07-06 11:13:00+00:00,178.97,178.97,178.97,178.97,0
2026-07-06 11:15:00+00:00,178.98,179.0,178.98,179.0,0
2026-07-06 11:16:00+00:00,178.38,178.38,178.38,178.38,0
2026-07-06 11:17:00+00:00,178.72,178.99,178.5,178.8729,0
2026-07-06 11:18:00+00:00,179.0,179.2017,178.99,179.2,0
2026-07-06 11:19:00+00:00,179.2,179.2,179.2,179.2,0
2026-07-06 11:20:00+00:00,179.25,179.25,178.72,178.72,0
2026-07-06 11:21:00+00:00,178.84,179.1848,178.5,178.5,0
2026-07-06 11:22:00+00:00,178.5,178.8462,178.5,178.8,0
2026-07-06 11:23:00+00:00,179.036,179.036,179.03,179.03,0
2026-07-06 11:24:00+00:00,179.16,179.19,179.02,179.02,0
2026-07-06 11:25:00+00:00,179.0,179.22,178.82,178.84,0
2026-07-06 11:26:00+00:00,179.22,179.22,178.7,178.9275,0
2026-07-06 11:27:00+00:00,178.9,178.9,178.5,178.5,0
2026-07-06 11:28:00+00:00,178.87,179.12,178.3412,179.07,0
2026-07-06 11:29:00+00:00,178.8869,179.04,178.0,178.0,0
2026-07-06 11:30:00+00:00,178.69,178.69,178.065,178.1466,0
2026-07-06 11:31:00+00:00,178.5701,178.82,178.0,178.1296,0
2026-07-06 11:32:00+00:00,178.6,178.76,178.5,178.75,0
2026-07-06 11:33:00+00:00,178.94,179.0,178.7796,178.8159,0
2026-07-06 11:34:00+00:00,178.14,178.32,178.14,178.32,0
2026-07-06 11:35:00+00:00,178.92,178.92,178.92,178.92,0
2026-07-06 11:36:00+00:00,178.909,178.909,178.83,178.83,0
2026-07-06 11:37:00+00:00,178.8473,178.8473,178.8473,178.8473,0
2026-07-06 11:38:00+00:00,178.41,178.75,178.13,178.71,0
2026-07-06 11:39:00+00:00,178.3273,178.596,178.02,178.2732,0
2026-07-06 11:41:00+00:00,178.49,178.499,178.42,178.45,0
2026-07-06 11:42:00+00:00,178.37,178.4454,178.3267,178.4454,0
2026-07-06 11:43:00+00:00,178.45,178.45,178.45,178.45,0
2026-07-06 11:44:00+00:00,178.27,178.3,178.27,178.3,0
2026-07-06 11:45:00+00:00,178.43,178.85,178.33,178.85,0
2026-07-06 11:46:00+00:00,178.5,178.97,178.5,178.97,0
2026-07-06 11:47:00+00:00,179.0,179.01,178.55,179.01,0
2026-07-06 11:48:00+00:00,178.79,179.0,178.396,178.396,0
2026-07-06 11:49:00+00:00,178.65,178.98,178.65,178.98,0
2026-07-06 11:50:00+00:00,178.94,178.98,178.94,178.98,0
2026-07-06 11:51:00+00:00,178.98,179.0,178.94,178.94,0
2026-07-06 11:52:00+00:00,178.85,178.85,178.8,178.8,0
2026-07-06 11:53:00+00:00,178.85,178.89,178.85,178.89,0
2026-07-06 11:54:00+00:00,178.87,179.2,178.71,179.2,0
2026-07-06 11:55:00+00:00,179.2,179.2064,178.9,179.2064,0
2026-07-06 11:56:00+00:00,178.71,179.0,178.71,178.72,0
2026-07-06 11:57:00+00:00,178.9641,178.9641,178.58,178.58,0
2026-07-06 11:58:00+00:00,178.9376,178.9376,178.7,178.7,0
2026-07-06 11:59:00+00:00,178.9013,178.9013,178.9013,178.9013,0
2026-07-06 12:00:00+00:00,178.89,178.89,178.86,178.86,0
2026-07-06 12:01:00+00:00,178.99,179.0,178.58,179.0,0
2026-07-06 12:02:00+00:00,178.88,179.19,178.28,179.19,0
2026-07-06 12:03:00+00:00,179.12,179.6,178.86,179.2,0
2026-07-06 12:04:00+00:00,179.4824,179.63,178.76,179.25,0
2026-07-06 12:05:00+00:00,179.36,179.5362,179.07,179.07,0
2026-07-06 12:07:00+00:00,179.17,179.71,178.98,179.66,0
2026-07-06 12:08:00+00:00,179.5,179.6144,178.83,179.6144,0
2026-07-06 12:09:00+00:00,179.48,179.62,179.1,179.1,0
2026-07-06 12:10:00+00:00,179.1,179.6,178.86,179.5,0
2026-07-06 12:11:00+00:00,179.6,179.6,179.24,179.5116,0
2026-07-06 12:12:00+00:00,179.51,179.51,179.22,179.3,0
2026-07-06 12:13:00+00:00,179.22,179.32,179.0218,179.0218,0
2026-07-06 12:14:00+00:00,179.44,179.47,178.876,179.47,0
2026-07-06 12:15:00+00:00,179.47,179.48,179.06,179.06,0
2026-07-06 12:16:00+00:00,179.06,179.48,179.02,179.48,0
2026-07-06 12:17:00+00:00,179.48,179.49,179.0,179.48,0
2026-07-06 12:18:00+00:00,178.99,179.3634,178.99,179.3634,0
2026-07-06 12:19:00+00:00,179.08,179.33,178.88,178.88,0
2026-07-06 12:20:00+00:00,179.1833,179.1833,178.81,178.81,0
2026-07-06 12:21:00+00:00,179.0,179.01,178.53,178.94,0
2026-07-06 12:22:00+00:00,178.94,179.0,178.94,179.0,0
2026-07-06 12:23:00+00:00,179.0,179.0,178.75,178.8,0
2026-07-06 12:24:00+00:00,178.655,179.0279,178.3,178.9,0
2026-07-06 12:25:00+00:00,178.82,178.82,178.79,178.82,0
2026-07-06 12:26:00+00:00,178.9,178.9,178.5702,178.5702,0
2026-07-06 12:27:00+00:00,178.57,178.64,178.57,178.64,0
2026-07-06 12:28:00+00:00,178.83,179.0,178.7,178.89,0
2026-07-06 12:29:00+00:00,178.99,179.09,178.71,178.86,0
2026-07-06 12:30:00+00:00,179.09,179.23,179.02,179.21,0
2026-07-06 12:31:00+00:00,179.02,179.02,178.73,178.9865,0
2026-07-06 12:32:00+00:00,178.9,179.12,178.9,179.12,0
2026-07-06 12:33:00+00:00,179.3024,179.33,178.932,178.932,0
2026-07-06 12:34:00+00:00,178.8,179.0,178.8,178.8,0
2026-07-06 12:35:00+00:00,178.98,179.17,178.98,179.17,0
2026-07-06 12:36:00+00:00,178.99,179.3,178.9028,179.14,0
2026-07-06 12:37:00+00:00,179.0133,179.2,179.0,179.2,0
2026-07-06 12:38:00+00:00,179.2,179.21,179.0,179.1,0
2026-07-06 12:39:00+00:00,179.2,179.2,179.0,179.19,0
2026-07-06 12:40:00+00:00,179.0,179.3,179.0,179.2,0
2026-07-06 12:41:00+00:00,179.29,179.29,179.1028,179.1028,0
2026-07-06 12:42:00+00:00,179.064,179.3,179.064,179.3,0
2026-07-06 12:43:00+00:00,179.0765,179.18,178.88,179.15,0
2026-07-06 12:44:00+00:00,179.32,179.32,179.08,179.2,0
2026-07-06 12:45:00+00:00,179.2,179.3,179.2,179.3,0
2026-07-06 12:46:00+00:00,179.3,179.3,179.3,179.3,0
2026-07-06 12:47:00+00:00,178.88,179.33,178.8132,179.31,0
2026-07-06 12:48:00+00:00,179.32,179.39,178.9,179.3,0
2026-07-06 12:49:00+00:00,179.095,179.095,179.0,179.0,0
2026-07-06 12:50:00+00:00,179.3,179.33,178.9,178.9,0
2026-07-06 12:51:00+00:00,179.36,179.38,179.05,179.05,0
2026-07-06 12:52:00+00:00,179.364,179.55,179.05,179.39,0
2026-07-06 12:53:00+00:00,179.58,179.5926,179.58,179.5926,0
2026-07-06 12:54:00+00:00,179.39,179.68,179.39,179.6,0
2026-07-06 12:55:00+00:00,179.6,179.6,179.4161,179.4161,0
2026-07-06 12:56:00+00:00,179.55,179.635,179.4,179.4,0
2026-07-06 12:57:00+00:00,179.43,179.46,179.138,179.2181,0
2026-07-06 12:58:00+00:00,179.18,179.6324,179.18,179.5,0
2026-07-06 12:59:00+00:00,179.49,179.5,179.13,179.13,0
2026-07-06 13:00:00+00:00,179.45,179.49,179.1576,179.488,0
2026-07-06 13:01:00+00:00,179.44,179.63,179.3599,179.63,0
2026-07-06 13:02:00+00:00,179.195,179.49,179.1312,179.48,0
2026-07-06 13:03:00+00:00,179.19,179.19,179.19,179.19,0
2026-07-06 13:04:00+00:00,179.0,179.18,178.9,179.0,0
2026-07-06 13:05:00+00:00,179.0,179.15,178.8975,178.9,0
2026-07-06 13:06:00+00:00,178.9,179.1287,178.8169,179.02,0
2026-07-06 13:07:00+00:00,178.98,179.18,178.98,179.18,0
2026-07-06 13:08:00+00:00,179.18,179.18,178.8494,179.12,0
2026-07-06 13:09:00+00:00,179.009,179.17,178.93,178.93,0
2026-07-06 13:10:00+00:00,178.93,179.0437,178.8867,179.0,0
2026-07-06 13:11:00+00:00,179.0,179.05,178.7507,178.7507,0
2026-07-06 13:12:00+00:00,178.8,179.05,178.68,179.0,0
2026-07-06 13:13:00+00:00,178.68,179.05,178.42,178.42,0
2026-07-06 13:14:00+00:00,178.5,178.53,178.5,178.53,0
2026-07-06 13:15:00+00:00,178.81,179.0,178.42,178.4892,0
2026-07-06 13:16:00+00:00,178.9,178.9,178.48,178.9,0
2026-07-06 13:17:00+00:00,178.6,178.9,178.23,178.23,0
2026-07-06 13:18:00+00:00,178.39,178.5,178.25,178.25,0
2026-07-06 13:19:00+00:00,178.16,178.464,177.9,177.9,0
2026-07-06 13:20:00+00:00,177.9,178.51,177.56,178.51,0
2026-07-06 13:21:00+00:00,177.85,178.24,177.85,178.12,0
2026-07-06 13:22:00+00:00,178.03,178.14,177.85,177.99,0
2026-07-06 13:23:00+00:00,178.1,178.1836,177.8962,177.8962,0
2026-07-06 13:24:00+00:00,178.0412,178.1,177.6931,177.89,0
2026-07-06 13:25:00+00:00,178.24,178.35,177.72,178.0,0
2026-07-06 13:26:00+00:00,178.15,178.15,177.55,177.67,0
2026-07-06 13:27:00+00:00,177.68,178.14,177.68,177.7,0
2026-07-06 13:28:00+00:00,177.94,178.34,177.36,177.58,0
2026-07-06 13:29:00+00:00,178.18,178.2,177.56,177.64,0
2026-07-06 13:30:00+00:00,178.0,180.24000549316406,177.10000610351562,179.46499633789062,480689
2026-07-06 13:31:00+00:00,179.50999450683594,181.78990173339844,179.47999572753906,180.9199981689453,92453
2026-07-06 13:32:00+00:00,180.7100067138672,182.4499969482422,180.7100067138672,182.26499938964844,113448
2026-07-06 13:33:00+00:00,182.14999389648438,183.10000610351562,181.75,182.9600067138672,102233
2026-07-06 13:34:00+00:00,182.97999572753906,183.8300018310547,182.6300048828125,183.7183074951172,73607
2026-07-06 13:35:00+00:00,183.63499450683594,183.88499450683594,182.66000366210938,183.61500549316406,84806
2026-07-06 13:36:00+00:00,183.60000610351562,183.8000030517578,182.67999267578125,183.58999633789062,113111
2026-07-06 13:37:00+00:00,183.60000610351562,184.75,183.60000610351562,184.26499938964844,106777
2026-07-06 13:38:00+00:00,184.22999572753906,185.5,184.22999572753906,185.0,84382
2026-07-06 13:39:00+00:00,185.1199951171875,186.35000610351562,184.6699981689453,186.20150756835938,202472
2026-07-06 13:40:00+00:00,186.0,186.22500610351562,184.60000610351562,184.60000610351562,76753
2026-07-06 13:41:00+00:00,184.60000610351562,185.88999938964844,184.49000549316406,185.88999938964844,43728
2026-07-06 13:42:00+00:00,185.89999389648438,185.94000244140625,184.75999450683594,185.6699981689453,58015
2026-07-06 13:43:00+00:00,185.6699981689453,186.36000061035156,185.58999633789062,186.07000732421875,148325
2026-07-06 13:44:00+00:00,186.17999267578125,186.83999633789062,186.0,186.63499450683594,112263
2026-07-06 13:45:00+00:00,186.63999938964844,186.73500061035156,185.8000030517578,186.5,144201
2026-07-06 13:46:00+00:00,186.42999267578125,186.64999389648438,186.15499877929688,186.15499877929688,42736
2026-07-06 13:47:00+00:00,186.16000366210938,187.3800048828125,186.02000427246094,186.4199981689453,180337
2026-07-06 13:48:00+00:00,186.3300018310547,187.24000549316406,186.3300018310547,186.9416961669922,57061
2026-07-06 13:49:00+00:00,186.8699951171875,187.0800018310547,186.49000549316406,186.8699951171875,62692
2026-07-06 13:50:00+00:00,186.7949981689453,187.0800018310547,186.29339599609375,187.06500244140625,43459
2026-07-06 13:51:00+00:00,187.0850067138672,187.33990478515625,186.69000244140625,186.8000030517578,65758
2026-07-06 13:52:00+00:00,186.8000030517578,186.9600067138672,186.22500610351562,186.61000061035156,45971
2026-07-06 13:53:00+00:00,186.60499572753906,187.22000122070312,186.45010375976562,187.07090759277344,47181
2026-07-06 13:54:00+00:00,187.07009887695312,187.5500030517578,187.0449981689453,187.26499938964844,70844
2026-07-06 13:55:00+00:00,187.26499938964844,187.97999572753906,187.26499938964844,187.35000610351562,103523
2026-07-06 13:56:00+00:00,187.4600067138672,187.67759704589844,187.08009338378906,187.3000030517578,35664
2026-07-06 13:57:00+00:00,187.3000030517578,187.39500427246094,186.3300018310547,186.42999267578125,41482
2026-07-06 13:58:00+00:00,186.3300018310547,186.5,185.83999633789062,186.0843048095703,44279
2026-07-06 13:59:00+00:00,186.08999633789062,186.10499572753906,185.39999389648438,185.5399932861328,42821
2026-07-06 14:00:00+00:00,185.67999267578125,186.19000244140625,185.3300018310547,186.07000732421875,28325
2026-07-06 14:01:00+00:00,186.2100067138672,187.0399932861328,186.2100067138672,186.8699951171875,56175
2026-07-06 14:02:00+00:00,187.0399932861328,187.17999267578125,186.3699951171875,186.5800018310547,30563
2026-07-06 14:03:00+00:00,186.60000610351562,187.05929565429688,186.60000610351562,186.81500244140625,25080
2026-07-06 14:04:00+00:00,186.8300018310547,186.9600067138672,186.41000366210938,186.53500366210938,28032
2026-07-06 14:05:00+00:00,186.53500366210938,186.72000122070312,186.28590393066406,186.38999938964844,26333
2026-07-06 14:06:00+00:00,186.38999938964844,186.7100067138672,186.02000427246094,186.41000366210938,37539
2026-07-06 14:07:00+00:00,186.40499877929688,186.64999389648438,186.2899932861328,186.52000427246094,18303
2026-07-06 14:08:00+00:00,186.52000427246094,186.7899932861328,186.3000030517578,186.74000549316406,41947
2026-07-06 14:09:00+00:00,186.625,187.27999877929688,186.5800018310547,187.13499450683594,35230
2026-07-06 14:10:00+00:00,187.0,187.16319274902344,186.6199951171875,186.72500610351562,23414
2026-07-06 14:11:00+00:00,186.8011016845703,187.3000030517578,186.7100067138672,186.97000122070312,33396
2026-07-06 14:12:00+00:00,187.0260009765625,187.2050018310547,186.85000610351562,187.05999755859375,24026
2026-07-06 14:13:00+00:00,187.02000427246094,187.0500030517578,186.6999969482422,186.96499633789062,21552
2026-07-06 14:14:00+00:00,186.96499633789062,187.02999877929688,186.6999969482422,186.6999969482422,21986
2026-07-06 14:15:00+00:00,186.7050018310547,186.89500427246094,186.52000427246094,186.89500427246094,22235
2026-07-06 14:16:00+00:00,186.89999389648438,187.16000366210938,186.80999755859375,187.02999877929688,25823
2026-07-06 14:17:00+00:00,187.00999450683594,187.58180236816406,187.00999450683594,187.4499969482422,38381
2026-07-06 14:18:00+00:00,187.38499450683594,187.39999389648438,187.14999389648438,187.3000030517578,25361
2026-07-06 14:19:00+00:00,187.3000030517578,187.3000030517578,186.60000610351562,186.89999389648438,42480
2026-07-06 14:20:00+00:00,186.9199981689453,187.14999389648438,186.1300048828125,186.24989318847656,32649
2026-07-06 14:21:00+00:00,186.00999450683594,186.3300018310547,185.8000030517578,186.1300048828125,29339
2026-07-06 14:22:00+00:00,186.13999938964844,186.5,186.13999938964844,186.44509887695312,18673
2026-07-06 14:23:00+00:00,186.5,186.8000030517578,186.5,186.67950439453125,13792
2026-07-06 14:24:00+00:00,186.67999267578125,186.67999267578125,186.24000549316406,186.33999633789062,17394
2026-07-06 14:25:00+00:00,186.38999938964844,186.89999389648438,186.38999938964844,186.4600067138672,31747
2026-07-06 14:26:00+00:00,186.5,186.75,186.5,186.75,12853
2026-07-06 14:27:00+00:00,186.69000244140625,186.75,186.44500732421875,186.68499755859375,18314
2026-07-06 14:28:00+00:00,186.6699981689453,186.7100067138672,186.0500030517578,186.1300048828125,17442
2026-07-06 14:29:00+00:00,186.1999969482422,186.44000244140625,186.0800018310547,186.3699951171875,20680
2026-07-06 14:30:00+00:00,186.5,186.70950317382812,186.30999755859375,186.49000549316406,26696
2026-07-06 14:31:00+00:00,186.4824981689453,187.0,186.4824981689453,186.89999389648438,19803
2026-07-06 14:32:00+00:00,186.81500244140625,186.94000244140625,186.6699981689453,186.88999938964844,12874
2026-07-06 14:33:00+00:00,186.94000244140625,187.05999755859375,186.83999633789062,187.0399932861328,20085
2026-07-06 14:34:00+00:00,186.97000122070312,187.0500030517578,186.61000061035156,186.92999267578125,16769
2026-07-06 14:35:00+00:00,186.875,187.0399932861328,186.6300048828125,187.0399932861328,20247
2026-07-06 14:36:00+00:00,186.89999389648438,187.0500030517578,186.83999633789062,186.97500610351562,19161
2026-07-06 14:37:00+00:00,186.97509765625,187.1199951171875,186.75,186.91000366210938,25202
2026-07-06 14:38:00+00:00,186.85760498046875,186.85760498046875,186.3249969482422,186.35499572753906,19230
2026-07-06 14:39:00+00:00,186.3800048828125,186.4199981689453,186.22000122070312,186.28500366210938,16697
2026-07-06 14:40:00+00:00,186.21499633789062,186.22000122070312,185.99000549316406,186.08999633789062,22267
2026-07-06 14:41:00+00:00,185.9499969482422,186.17999267578125,185.8800048828125,186.17950439453125,21875
2026-07-06 14:42:00+00:00,186.17999267578125,186.17999267578125,185.85000610351562,185.97999572753906,24055
2026-07-06 14:43:00+00:00,185.9600067138672,186.44000244140625,185.9600067138672,186.44000244140625,15597
2026-07-06 14:44:00+00:00,186.44000244140625,186.60000610351562,186.37010192871094,186.52499389648438,19633
2026-07-06 14:45:00+00:00,186.4499969482422,186.80999755859375,186.4499969482422,186.8094940185547,10662
2026-07-06 14:46:00+00:00,186.80999755859375,186.82000732421875,186.52000427246094,186.72000122070312,21311
2026-07-06 14:47:00+00:00,186.7050018310547,186.7899932861328,186.60000610351562,186.6199951171875,10078
2026-07-06 14:48:00+00:00,186.625,186.625,186.26010131835938,186.61000061035156,17232
2026-07-06 14:49:00+00:00,186.82000732421875,186.89999389648438,186.60000610351562,186.60000610351562,22011
2026-07-06 14:50:00+00:00,186.5,187.05999755859375,186.5,187.0594940185547,27759
2026-07-06 14:51:00+00:00,186.9600067138672,187.05499267578125,186.8000030517578,186.85499572753906,30119
2026-07-06 14:52:00+00:00,186.80999755859375,186.94000244140625,186.7050018310547,186.72000122070312,20387
2026-07-06 14:53:00+00:00,186.75999450683594,186.8800048828125,186.60009765625,186.82009887695312,18320
2026-07-06 14:54:00+00:00,186.77999877929688,186.82000732421875,186.51010131835938,186.6699981689453,13557
2026-07-06 14:55:00+00:00,186.6699981689453,186.6699981689453,186.25,186.3699951171875,15211
2026-07-06 14:56:00+00:00,186.32000732421875,186.375,186.11000061035156,186.1649932861328,17191
2026-07-06 14:57:00+00:00,186.1649932861328,186.27000427246094,185.8101043701172,186.0500030517578,36375
2026-07-06 14:58:00+00:00,186.0749969482422,186.35000610351562,186.00999450683594,186.33999633789062,22664
2026-07-06 14:59:00+00:00,186.36000061035156,186.72500610351562,186.27499389648438,186.72500610351562,13745
2026-07-06 15:00:00+00:00,186.67999267578125,186.72999572753906,186.13040161132812,186.3000030517578,57242
2026-07-06 15:01:00+00:00,186.2100067138672,186.72000122070312,186.2100067138672,186.60000610351562,23268
2026-07-06 15:02:00+00:00,186.66000366210938,187.02999877929688,186.66000366210938,186.86000061035156,28595
2026-07-06 15:03:00+00:00,186.86000061035156,186.99000549316406,186.82000732421875,186.89999389648438,83648
2026-07-06 15:04:00+00:00,186.8300018310547,187.02000427246094,186.8300018310547,186.9600067138672,14918
2026-07-06 15:05:00+00:00,186.93499755859375,187.07000732421875,186.72000122070312,186.97999572753906,55346
2026-07-06 15:06:00+00:00,186.92999267578125,187.39999389648438,186.8800048828125,187.30499267578125,46730
2026-07-06 15:07:00+00:00,187.1999969482422,187.1999969482422,186.6999969482422,186.88999938964844,28420
2026-07-06 15:08:00+00:00,187.02999877929688,187.02999877929688,186.47999572753906,186.5850067138672,25249
2026-07-06 15:09:00+00:00,186.69000244140625,186.69000244140625,186.47999572753906,186.48049926757812,15740
2026-07-06 15:10:00+00:00,186.5,186.57000732421875,186.3699951171875,186.47000122070312,16056
2026-07-06 15:11:00+00:00,186.41000366210938,186.4600067138672,185.77000427246094,185.9499969482422,38810
2026-07-06 15:12:00+00:00,185.9199981689453,185.9199981689453,185.50999450683594,185.66000366210938,23138
2026-07-06 15:13:00+00:00,185.72999572753906,185.74000549316406,185.4600067138672,185.47999572753906,22505
2026-07-06 15:14:00+00:00,185.49000549316406,185.7823028564453,185.4600067138672,185.72000122070312,27106
2026-07-06 15:15:00+00:00,185.67999267578125,185.75999450683594,185.49000549316406,185.5800018310547,19244
2026-07-06 15:16:00+00:00,185.56500244140625,185.5800018310547,185.25,185.31500244140625,36719
2026-07-06 15:17:00+00:00,185.31500244140625,185.375,185.1199951171875,185.1304931640625,37671
2026-07-06 15:18:00+00:00,185.16000366210938,185.16000366210938,184.8000030517578,185.07000732421875,36221
2026-07-06 15:19:00+00:00,185.139892578125,185.139892578125,184.60000610351562,184.84500122070312,33898
2026-07-06 15:20:00+00:00,184.9199981689453,185.1300048828125,184.57000732421875,184.6649932861328,24231
2026-07-06 15:21:00+00:00,184.6649932861328,185.27000427246094,184.6649932861328,185.25619506835938,17577
2026-07-06 15:22:00+00:00,185.22500610351562,185.58999633789062,185.0800018310547,185.52000427246094,19991
2026-07-06 15:23:00+00:00,185.48500061035156,185.50999450683594,185.10000610351562,185.2449951171875,17815
2026-07-06 15:24:00+00:00,185.2449951171875,185.32000732421875,185.13009643554688,185.2050018310547,16942
2026-07-06 15:25:00+00:00,185.3000030517578,185.78799438476562,185.3000030517578,185.72999572753906,34716
2026-07-06 15:26:00+00:00,185.75999450683594,186.10000610351562,185.72999572753906,185.8800048828125,22294
2026-07-06 15:27:00+00:00,185.89999389648438,186.22500610351562,185.89810180664062,186.2050018310547,17256
2026-07-06 15:28:00+00:00,186.22999572753906,186.22999572753906,185.77000427246094,185.9600067138672,19668
2026-07-06 15:29:00+00:00,186.05999755859375,186.73500061035156,185.92999267578125,186.63499450683594,24885
2026-07-06 15:30:00+00:00,186.6898956298828,186.74000549316406,186.4600067138672,186.49000549316406,29788
2026-07-06 15:31:00+00:00,186.52000427246094,186.8699951171875,186.50999450683594,186.81500244140625,14428
2026-07-06 15:32:00+00:00,186.83009338378906,186.8699951171875,186.69500732421875,186.7794952392578,14932
2026-07-06 15:33:00+00:00,186.77000427246094,186.94000244140625,186.67999267578125,186.77499389648438,16783
2026-07-06 15:34:00+00:00,186.77499389648438,186.9199981689453,186.72999572753906,186.83999633789062,10273
2026-07-06 15:35:00+00:00,186.7899932861328,186.8800048828125,186.52999877929688,186.60000610351562,25345
2026-07-06 15:36:00+00:00,186.58999633789062,186.8699951171875,186.5399932861328,186.82000732421875,11420
2026-07-06 15:37:00+00:00,186.8800048828125,187.08999633789062,186.72500610351562,187.03500366210938,34373
2026-07-06 15:38:00+00:00,187.06539916992188,187.3000030517578,186.97000122070312,187.2449951171875,29828
2026-07-06 15:39:00+00:00,187.2449951171875,187.35499572753906,187.19000244140625,187.25169372558594,21147
2026-07-06 15:40:00+00:00,187.13009643554688,187.27000427246094,186.8800048828125,186.97999572753906,19815
2026-07-06 15:41:00+00:00,186.88009643554688,187.17999267578125,186.88009643554688,187.10000610351562,14767
2026-07-06 15:42:00+00:00,187.08999633789062,187.4600067138672,187.08999633789062,187.41000366210938,22288
2026-07-06 15:43:00+00:00,187.37139892578125,187.6199951171875,187.37139892578125,187.47500610351562,31025
2026-07-06 15:44:00+00:00,187.47500610351562,187.8000030517578,187.47500610351562,187.8000030517578,19575
2026-07-06 15:45:00+00:00,187.75,188.1699981689453,187.75,188.05999755859375,63367
2026-07-06 15:46:00+00:00,188.08999633789062,188.38999938964844,188.0500030517578,188.27000427246094,39863
2026-07-06 15:47:00+00:00,188.33999633789062,188.3800048828125,188.22000122070312,188.35000610351562,33061
2026-07-06 15:48:00+00:00,188.3000030517578,188.39999389648438,188.16000366210938,188.1699981689453,28337
2026-07-06 15:49:00+00:00,188.1750030517578,188.27999877929688,187.94000244140625,188.1602020263672,20581
2026-07-06 15:50:00+00:00,188.1750030517578,188.38999938964844,188.1479949951172,188.22000122070312,33315
2026-07-06 15:51:00+00:00,188.27000427246094,188.35000610351562,188.08999633789062,188.10000610351562,26411
2026-07-06 15:52:00+00:00,188.0500030517578,188.20989990234375,187.60000610351562,187.67999267578125,24302
2026-07-06 15:53:00+00:00,187.60000610351562,187.60000610351562,187.1300048828125,187.33999633789062,19792
2026-07-06 15:54:00+00:00,187.33999633789062,187.52000427246094,187.24000549316406,187.42999267578125,28935
2026-07-06 15:55:00+00:00,187.4199981689453,187.60000610351562,187.36000061035156,187.52499389648438,18570
2026-07-06 15:56:00+00:00,187.4199981689453,187.55999755859375,187.27000427246094,187.53500366210938,25055
2026-07-06 15:57:00+00:00,187.51499938964844,187.76780700683594,187.32000732421875,187.65499877929688,15872
2026-07-06 15:58:00+00:00,187.6999969482422,187.6999969482422,187.4199981689453,187.4499969482422,20600
2026-07-06 15:59:00+00:00,187.4199981689453,187.57000732421875,187.34500122070312,187.4199981689453,14815
2026-07-06 16:00:00+00:00,187.4199981689453,187.4499969482422,187.1699981689453,187.27999877929688,14052
2026-07-06 16:01:00+00:00,187.33999633789062,187.56500244140625,187.32699584960938,187.41000366210938,9929
2026-07-06 16:02:00+00:00,187.47999572753906,187.49000549316406,187.2899932861328,187.30999755859375,9143
2026-07-06 16:03:00+00:00,187.3699951171875,187.6199951171875,187.2949981689453,187.50999450683594,36644
2026-07-06 16:04:00+00:00,187.5399932861328,187.7794952392578,187.32000732421875,187.3350067138672,21096
2026-07-06 16:05:00+00:00,187.3800048828125,187.94000244140625,187.35499572753906,187.94000244140625,16591
2026-07-06 16:06:00+00:00,187.94000244140625,188.1699981689453,187.94000244140625,188.07000732421875,23818
2026-07-06 16:07:00+00:00,188.07000732421875,188.27999877929688,188.0050048828125,188.2100067138672,21367
2026-07-06 16:08:00+00:00,188.2100067138672,188.3699951171875,188.2100067138672,188.32989501953125,23424
2026-07-06 16:09:00+00:00,188.27000427246094,188.4799041748047,188.1999969482422,188.22999572753906,30122
2026-07-06 16:10:00+00:00,188.21499633789062,188.5,188.1699981689453,188.3699951171875,16239
2026-07-06 16:11:00+00:00,188.35499572753906,188.65989685058594,188.30099487304688,188.65989685058594,27292
2026-07-06 16:12:00+00:00,188.6699981689453,188.6699981689453,188.32000732421875,188.52999877929688,23755
2026-07-06 16:13:00+00:00,188.47000122070312,188.52999877929688,188.25,188.3699951171875,26127
2026-07-06 16:14:00+00:00,188.5,188.5,188.30499267578125,188.30499267578125,8423
2026-07-06 16:15:00+00:00,188.33999633789062,188.44000244140625,188.25999450683594,188.32000732421875,14173
2026-07-06 16:16:00+00:00,188.32000732421875,188.36000061035156,188.07000732421875,188.25999450683594,17549
2026-07-06 16:17:00+00:00,188.11070251464844,188.19000244140625,188.02999877929688,188.10499572753906,9467
2026-07-06 16:18:00+00:00,188.0500030517578,188.2198944091797,187.8979034423828,187.93499755859375,16885
2026-07-06 16:19:00+00:00,187.88999938964844,188.17999267578125,187.88999938964844,188.17999267578125,12659
2026-07-06 16:20:00+00:00,188.18499755859375,188.25,188.01499938964844,188.0500030517578,12424
2026-07-06 16:21:00+00:00,188.00010681152344,188.08999633789062,187.69000244140625,187.7899932861328,36927
2026-07-06 16:22:00+00:00,187.7899932861328,188.04989624023438,187.7899932861328,188.00999450683594,10976
2026-07-06 16:23:00+00:00,187.97500610351562,188.0500030517578,187.94000244140625,188.02000427246094,10977
2026-07-06 16:24:00+00:00,188.07000732421875,188.07000732421875,187.93099975585938,188.02999877929688,11789
2026-07-06 16:25:00+00:00,188.0,188.00999450683594,187.83999633789062,187.89500427246094,17337
2026-07-06 16:26:00+00:00,187.8800048828125,188.0,187.77999877929688,187.88499450683594,18314
2026-07-06 16:27:00+00:00,187.9499969482422,187.9550018310547,187.6199951171875,187.77000427246094,13675
2026-07-06 16:28:00+00:00,187.72000122070312,187.77999877929688,187.6761932373047,187.7480010986328,13593
2026-07-06 16:29:00+00:00,187.80999755859375,187.80999755859375,187.67999267578125,187.6999969482422,12712
2026-07-06 16:30:00+00:00,187.6999969482422,187.75999450683594,187.5679931640625,187.75100708007812,11955
2026-07-06 16:31:00+00:00,187.75999450683594,188.00999450683594,187.69009399414062,187.8699951171875,24855
2026-07-06 16:32:00+00:00,187.7949981689453,187.85000610351562,187.6699981689453,187.75999450683594,10183
2026-07-06 16:33:00+00:00,187.76499938964844,187.77000427246094,187.57000732421875,187.60000610351562,12729
2026-07-06 16:34:00+00:00,187.60000610351562,187.6999969482422,187.5500946044922,187.6999969482422,22106
2026-07-06 16:35:00+00:00,187.6300048828125,187.69000244140625,187.4199981689453,187.5749969482422,19814
2026-07-06 16:36:00+00:00,187.52999877929688,187.60000610351562,187.3800048828125,187.52999877929688,10970
2026-07-06 16:37:00+00:00,187.5800018310547,187.8800048828125,187.4499969482422,187.6999969482422,50214
2026-07-06 16:38:00+00:00,187.6199951171875,187.6199951171875,187.38999938964844,187.41000366210938,12455
2026-07-06 16:39:00+00:00,187.47000122070312,187.6199951171875,187.3524932861328,187.57000732421875,7607
2026-07-06 16:40:00+00:00,187.56500244140625,187.75999450683594,187.52020263671875,187.72500610351562,8992
2026-07-06 16:41:00+00:00,187.6999969482422,187.72999572753906,187.5399932861328,187.66000366210938,14157
2026-07-06 16:42:00+00:00,187.5500030517578,187.6300048828125,187.4499969482422,187.4499969482422,12334
2026-07-06 16:43:00+00:00,187.42999267578125,187.55999755859375,187.42999267578125,187.50999450683594,12488
2026-07-06 16:44:00+00:00,187.47000122070312,187.6300048828125,187.47000122070312,187.5449981689453,7269
2026-07-06 16:45:00+00:00,187.5399932861328,187.5449981689453,187.24000549316406,187.25999450683594,14563
2026-07-06 16:46:00+00:00,187.25999450683594,187.25999450683594,187.0500030517578,187.05999755859375,20781
2026-07-06 16:47:00+00:00,187.11500549316406,187.21499633789062,187.110107421875,187.19000244140625,11172
2026-07-06 16:48:00+00:00,187.19000244140625,187.32000732421875,187.19000244140625,187.2550048828125,10975
2026-07-06 16:49:00+00:00,187.25999450683594,187.49000549316406,187.25999450683594,187.42999267578125,9176
2026-07-06 16:50:00+00:00,187.44500732421875,187.51930236816406,187.30999755859375,187.30999755859375,8292
2026-07-06 16:51:00+00:00,187.3800048828125,187.5,187.3000030517578,187.49000549316406,5875
2026-07-06 16:52:00+00:00,187.4149932861328,187.4499969482422,187.32000732421875,187.36500549316406,10374
2026-07-06 16:53:00+00:00,187.35499572753906,187.41000366210938,187.2899932861328,187.35000610351562,14627
2026-07-06 16:54:00+00:00,187.35499572753906,187.39999389648438,187.27000427246094,187.33999633789062,11276
2026-07-06 16:55:00+00:00,187.38999938964844,187.50799560546875,187.14869689941406,187.2100067138672,18195
2026-07-06 16:56:00+00:00,187.1999969482422,187.32000732421875,187.19000244140625,187.2449951171875,7201
2026-07-06 16:57:00+00:00,187.32960510253906,187.4550018310547,187.26499938964844,187.4550018310547,7736
2026-07-06 16:58:00+00:00,187.4799041748047,187.50999450683594,187.25,187.3000030517578,8095
2026-07-06 16:59:00+00:00,187.3000030517578,187.32000732421875,187.1699981689453,187.32000732421875,11752
2026-07-06 17:00:00+00:00,187.25,187.389892578125,187.22999572753906,187.30499267578125,5974
2026-07-06 17:01:00+00:00,187.3699951171875,187.3699951171875,186.88999938964844,186.97999572753906,29696
2026-07-06 17:02:00+00:00,186.92999267578125,186.96499633789062,186.61000061035156,186.72999572753906,20158
2026-07-06 17:03:00+00:00,186.72000122070312,186.9199981689453,186.72000122070312,186.9149932861328,12936
2026-07-06 17:04:00+00:00,186.9510955810547,187.01499938964844,186.83999633789062,186.86000061035156,16533
2026-07-06 17:05:00+00:00,186.86000061035156,187.07000732421875,186.80999755859375,187.05499267578125,20143
2026-07-06 17:06:00+00:00,187.08999633789062,187.4499969482422,187.08999633789062,187.44500732421875,13004
2026-07-06 17:07:00+00:00,187.49899291992188,187.5,187.3300018310547,187.47000122070312,13246
2026-07-06 17:08:00+00:00,187.47000122070312,187.5399932861328,187.35000610351562,187.47500610351562,14032
2026-07-06 17:09:00+00:00,187.51499938964844,187.889892578125,187.51499938964844,187.8300018310547,11072
2026-07-06 17:10:00+00:00,187.85000610351562,187.90499877929688,187.62869262695312,187.66000366210938,13696
2026-07-06 17:11:00+00:00,187.72000122070312,187.7449951171875,187.55499267578125,187.56500244140625,9505
2026-07-06 17:12:00+00:00,187.6699981689453,187.67999267578125,187.55999755859375,187.59500122070312,8018
2026-07-06 17:13:00+00:00,187.60000610351562,187.6699981689453,187.5500030517578,187.59500122070312,7325
2026-07-06 17:14:00+00:00,187.59500122070312,187.6699981689453,187.52000427246094,187.6699981689453,10707
2026-07-06 17:15:00+00:00,187.6699981689453,187.6699981689453,187.5399932861328,187.61500549316406,9076
2026-07-06 17:16:00+00:00,187.625,187.77000427246094,187.58999633789062,187.58999633789062,17113
2026-07-06 17:17:00+00:00,187.6699981689453,187.69000244140625,187.4499969482422,187.47500610351562,11047
2026-07-06 17:18:00+00:00,187.47500610351562,187.47500610351562,187.22999572753906,187.2899932861328,8807
2026-07-06 17:19:00+00:00,187.2899932861328,187.34500122070312,187.1999969482422,187.3350067138672,18869
2026-07-06 17:20:00+00:00,187.27999877929688,187.3800048828125,187.0,187.07000732421875,16934
2026-07-06 17:21:00+00:00,187.0449981689453,187.1300048828125,186.99960327148438,187.0,11239
2026-07-06 17:22:00+00:00,187.02000427246094,187.02000427246094,186.74009704589844,186.9727020263672,14117
2026-07-06 17:23:00+00:00,186.94189453125,187.14500427246094,186.86000061035156,186.87429809570312,12481
2026-07-06 17:24:00+00:00,186.88999938964844,186.9600067138672,186.75999450683594,186.9550018310547,10793
2026-07-06 17:25:00+00:00,186.9550018310547,187.08999633789062,186.94500732421875,186.99000549316406,15168
2026-07-06 17:26:00+00:00,187.02000427246094,187.17999267578125,187.00999450683594,187.14999389648438,18460
2026-07-06 17:27:00+00:00,187.125,187.22999572753906,187.02999877929688,187.14999389648438,13830
2026-07-06 17:28:00+00:00,187.10000610351562,187.1300048828125,186.85000610351562,186.85000610351562,11957
2026-07-06 17:29:00+00:00,186.85000610351562,186.86500549316406,186.61129760742188,186.6750030517578,13494
2026-07-06 17:30:00+00:00,186.6699981689453,186.72500610351562,186.4705047607422,186.5050048828125,16987
2026-07-06 17:31:00+00:00,186.5050048828125,186.60000610351562,186.33419799804688,186.33419799804688,10870
2026-07-06 17:32:00+00:00,186.35000610351562,186.39999389648438,186.0500030517578,186.0500030517578,19766
2026-07-06 17:33:00+00:00,186.1199951171875,186.1199951171875,185.66000366210938,185.8000030517578,28152
2026-07-06 17:34:00+00:00,185.85000610351562,186.0449981689453,185.83999633789062,186.02000427246094,17400
2026-07-06 17:35:00+00:00,186.0500030517578,186.22000122070312,185.94000244140625,185.94000244140625,9496
2026-07-06 17:36:00+00:00,185.94000244140625,185.9470977783203,185.6999969482422,185.80999755859375,12341
2026-07-06 17:37:00+00:00,185.8000030517578,186.02999877929688,185.6999969482422,185.96499633789062,19345
2026-07-06 17:38:00+00:00,185.91000366210938,185.97999572753906,185.7899932861328,185.85499572753906,12676
2026-07-06 17:39:00+00:00,185.85499572753906,185.9499969482422,185.72000122070312,185.9499969482422,10641
2026-07-06 17:40:00+00:00,185.85000610351562,185.88999938964844,185.69000244140625,185.75999450683594,14848
2026-07-06 17:41:00+00:00,185.69000244140625,185.8300018310547,185.63999938964844,185.7100067138672,12402
2026-07-06 17:42:00+00:00,185.64999389648438,185.65499877929688,185.42999267578125,185.52000427246094,26746
2026-07-06 17:43:00+00:00,185.5449981689453,185.75999450683594,185.5449981689453,185.75,8519
2026-07-06 17:44:00+00:00,185.7100067138672,185.91000366210938,185.6999969482422,185.85499572753906,13668
2026-07-06 17:45:00+00:00,185.80999755859375,185.80999755859375,185.5800018310547,185.7100067138672,15455
2026-07-06 17:46:00+00:00,185.82000732421875,185.94000244140625,185.69000244140625,185.78500366210938,16675
2026-07-06 17:47:00+00:00,185.78750610351562,186.13999938964844,185.78750610351562,185.99000549316406,18634
2026-07-06 17:48:00+00:00,186.0399932861328,186.08999633789062,185.92999267578125,185.92999267578125,9542
2026-07-06 17:49:00+00:00,185.98500061035156,186.11000061035156,185.8800048828125,186.0800018310547,9876
2026-07-06 17:50:00+00:00,186.14999389648438,186.34429931640625,186.14500427246094,186.15499877929688,13098
2026-07-06 17:51:00+00:00,186.14500427246094,186.17999267578125,186.00999450683594,186.02499389648438,41526
2026-07-06 17:52:00+00:00,185.9199981689453,185.9250030517578,185.72999572753906,185.72999572753906,12554
2026-07-06 17:53:00+00:00,185.69000244140625,185.74000549316406,185.56500244140625,185.74000549316406,11723
2026-07-06 17:54:00+00:00,185.74000549316406,185.82000732421875,185.68319702148438,185.80999755859375,8752
2026-07-06 17:55:00+00:00,185.85000610351562,185.91000366210938,185.7100067138672,185.75999450683594,8904
2026-07-06 17:56:00+00:00,185.77499389648438,185.83999633789062,185.66000366210938,185.7050018310547,10928
2026-07-06 17:57:00+00:00,185.7050018310547,185.7899932861328,185.6999969482422,185.7899932861328,14661
2026-07-06 17:58:00+00:00,185.72999572753906,185.73500061035156,185.39999389648438,185.44500732421875,21928
2026-07-06 17:59:00+00:00,185.44500732421875,185.6125030517578,185.44500732421875,185.59500122070312,11611
2026-07-06 18:00:00+00:00,185.61000061035156,185.75790405273438,185.52999877929688,185.52999877929688,18201
2026-07-06 18:01:00+00:00,185.56809997558594,185.6649932861328,185.49000549316406,185.6649932861328,12517
2026-07-06 18:02:00+00:00,185.7100067138672,185.9199981689453,185.69500732421875,185.89950561523438,17313
2026-07-06 18:03:00+00:00,185.8699951171875,186.10000610351562,185.8699951171875,186.05999755859375,14461
2026-07-06 18:04:00+00:00,186.08999633789062,186.11000061035156,185.9199981689453,185.9600067138672,11719
2026-07-06 18:05:00+00:00,185.99000549316406,186.0500030517578,185.94000244140625,185.96499633789062,15109
2026-07-06 18:06:00+00:00,185.99000549316406,186.0800018310547,185.88499450683594,186.0500030517578,20108
2026-07-06 18:07:00+00:00,186.0500030517578,186.24989318847656,186.04049682617188,186.24000549316406,12014
2026-07-06 18:08:00+00:00,186.22500610351562,186.44000244140625,186.13999938964844,186.4199981689453,20622
2026-07-06 18:09:00+00:00,186.4600067138672,186.51499938964844,186.39999389648438,186.50999450683594,10778
2026-07-06 18:10:00+00:00,186.51499938964844,186.52999877929688,186.38009643554688,186.47000122070312,9498
2026-07-06 18:11:00+00:00,186.47000122070312,186.47000122070312,186.36000061035156,186.42100524902344,9657
2026-07-06 18:12:00+00:00,186.40989685058594,186.40989685058594,186.13999938964844,186.2100067138672,8456
2026-07-06 18:13:00+00:00,186.25,186.3350067138672,186.1300048828125,186.24000549316406,15296
2026-07-06 18:14:00+00:00,186.25999450683594,186.32000732421875,186.10000610351562,186.10000610351562,11300
2026-07-06 18:15:00+00:00,186.125,186.33999633789062,186.1199951171875,186.31500244140625,11840
2026-07-06 18:16:00+00:00,186.36000061035156,186.61000061035156,186.31500244140625,186.5749969482422,20627
2026-07-06 18:17:00+00:00,186.55999755859375,186.56500244140625,186.3300018310547,186.38499450683594,15268
2026-07-06 18:18:00+00:00,186.3800048828125,186.45989990234375,186.33999633789062,186.40499877929688,9545
2026-07-06 18:19:00+00:00,186.40499877929688,186.55459594726562,186.38999938964844,186.50999450683594,11742
2026-07-06 18:20:00+00:00,186.5399932861328,186.57000732421875,186.36000061035156,186.4499969482422,16498
2026-07-06 18:21:00+00:00,186.49000549316406,186.52999877929688,186.44000244140625,186.5,4874
2026-07-06 18:22:00+00:00,186.5500030517578,186.55999755859375,186.41000366210938,186.44500732421875,12903
2026-07-06 18:23:00+00:00,186.38999938964844,186.4600067138672,186.35499572753906,186.4600067138672,10704
2026-07-06 18:24:00+00:00,186.42999267578125,186.42999267578125,186.2899932861328,186.33999633789062,9434
2026-07-06 18:25:00+00:00,186.3300018310547,186.3699951171875,186.13999938964844,186.2050018310547,7153
2026-07-06 18:26:00+00:00,186.25,186.33999633789062,186.2050018310547,186.22000122070312,24718
2026-07-06 18:27:00+00:00,186.1999969482422,186.1999969482422,185.97500610351562,186.02999877929688,8601
2026-07-06 18:28:00+00:00,185.94000244140625,185.97999572753906,185.82000732421875,185.83999633789062,13263
2026-07-06 18:29:00+00:00,185.83999633789062,185.88999938964844,185.6999969482422,185.7449951171875,13332
2026-07-06 18:30:00+00:00,185.74000549316406,185.8249969482422,185.5500030517578,185.57000732421875,12965
2026-07-06 18:31:00+00:00,185.6300048828125,185.69000244140625,185.5500030517578,185.56820678710938,24777
2026-07-06 18:32:00+00:00,185.5,185.5,185.36000061035156,185.5,12074
2026-07-06 18:33:00+00:00,185.47000122070312,185.59500122070312,185.47000122070312,185.55999755859375,13283
2026-07-06 18:34:00+00:00,185.55999755859375,185.69000244140625,185.55499267578125,185.61000061035156,13414
2026-07-06 18:35:00+00:00,185.61500549316406,185.6999969482422,185.58999633789062,185.60499572753906,6732
2026-07-06 18:36:00+00:00,185.60000610351562,185.69000244140625,185.5500030517578,185.69000244140625,13010
2026-07-06 18:37:00+00:00,185.7449951171875,185.86000061035156,185.7449951171875,185.75,8267
2026-07-06 18:38:00+00:00,185.77000427246094,185.9149932861328,185.75999450683594,185.77000427246094,10231
2026-07-06 18:39:00+00:00,185.74000549316406,185.74000549316406,185.5850067138672,185.6699981689453,8482
2026-07-06 18:40:00+00:00,185.69000244140625,185.77000427246094,185.6300048828125,185.77000427246094,11306
2026-07-06 18:41:00+00:00,185.82000732421875,185.8800048828125,185.8000030517578,185.82000732421875,8213
2026-07-06 18:42:00+00:00,185.82000732421875,186.1199951171875,185.80999755859375,186.0800018310547,13485
2026-07-06 18:43:00+00:00,186.0500946044922,186.11000061035156,185.97999572753906,185.97999572753906,14492
2026-07-06 18:44:00+00:00,186.02000427246094,186.07000732421875,185.89999389648438,186.0,14708
2026-07-06 18:45:00+00:00,185.99000549316406,186.1300048828125,185.860107421875,186.1300048828125,11089
2026-07-06 18:46:00+00:00,186.10000610351562,186.3300018310547,186.0399932861328,186.30999755859375,11899
2026-07-06 18:47:00+00:00,186.3350067138672,186.49000549316406,186.30999755859375,186.36500549316406,14105
2026-07-06 18:48:00+00:00,186.36500549316406,186.39999389648438,185.99000549316406,185.99000549316406,11146
2026-07-06 18:49:00+00:00,186.02999877929688,186.05999755859375,185.8300018310547,185.97999572753906,13183
2026-07-06 18:50:00+00:00,185.97999572753906,185.97999572753906,185.83140563964844,185.8699951171875,10080
2026-07-06 18:51:00+00:00,185.8699951171875,186.1999969482422,185.80999755859375,186.14559936523438,53202
2026-07-06 18:52:00+00:00,186.0500030517578,186.07879638671875,185.85000610351562,185.88999938964844,14559
2026-07-06 18:53:00+00:00,185.89500427246094,185.9499969482422,185.7301025390625,185.83999633789062,15109
2026-07-06 18:54:00+00:00,185.91000366210938,185.91000366210938,185.7550048828125,185.81500244140625,12575
2026-07-06 18:55:00+00:00,185.94000244140625,186.11500549316406,185.86500549316406,185.99000549316406,14559
2026-07-06 18:56:00+00:00,185.97000122070312,186.17999267578125,185.92999267578125,186.17999267578125,12742
2026-07-06 18:57:00+00:00,186.17999267578125,186.19000244140625,186.10000610351562,186.13999938964844,7809
2026-07-06 18:58:00+00:00,186.13999938964844,186.19000244140625,186.08999633789062,186.19000244140625,10124
2026-07-06 18:59:00+00:00,186.1374969482422,186.19000244140625,186.07000732421875,186.13499450683594,13317
2026-07-06 19:00:00+00:00,186.10000610351562,186.35000610351562,186.10000610351562,186.27000427246094,15348
2026-07-06 19:01:00+00:00,186.27000427246094,186.30999755859375,186.02310180664062,186.02310180664062,15419
2026-07-06 19:02:00+00:00,186.03370666503906,186.11000061035156,185.9199981689453,185.9199981689453,12328
2026-07-06 19:03:00+00:00,185.9199981689453,185.99000549316406,185.80999755859375,185.8350067138672,12420
2026-07-06 19:04:00+00:00,185.8000030517578,185.91000366210938,185.75,185.8699951171875,16840
2026-07-06 19:05:00+00:00,185.86000061035156,185.97999572753906,185.80999755859375,185.97000122070312,23843
2026-07-06 19:06:00+00:00,185.9600067138672,186.2698974609375,185.86000061035156,186.1898956298828,18527
2026-07-06 19:07:00+00:00,186.1199951171875,186.22000122070312,186.0500030517578,186.13999938964844,21419
2026-07-06 19:08:00+00:00,186.13999938964844,186.1999969482422,186.00999450683594,186.16000366210938,19722
2026-07-06 19:09:00+00:00,186.13999938964844,186.3000030517578,186.05999755859375,186.22000122070312,22747
2026-07-06 19:10:00+00:00,186.21499633789062,186.44000244140625,186.21499633789062,186.44000244140625,33327
2026-07-06 19:11:00+00:00,186.38999938964844,186.60000610351562,186.3300018310547,186.52999877929688,26967
2026-07-06 19:12:00+00:00,186.55250549316406,186.82000732421875,186.5050048828125,186.75999450683594,23855
2026-07-06 19:13:00+00:00,186.75999450683594,186.75999450683594,186.55999755859375,186.7100067138672,21991
2026-07-06 19:14:00+00:00,186.64999389648438,186.97000122070312,186.4949951171875,186.5500030517578,47742
2026-07-06 19:15:00+00:00,186.5500030517578,186.72000122070312,186.33999633789062,186.72000122070312,28143
2026-07-06 19:16:00+00:00,186.72000122070312,186.74000549316406,186.47999572753906,186.60000610351562,13936
2026-07-06 19:17:00+00:00,186.6649932861328,186.92999267578125,186.66000366210938,186.77999877929688,17659
2026-07-06 19:18:00+00:00,186.82000732421875,186.97999572753906,186.7216033935547,186.77999877929688,17756
2026-07-06 19:19:00+00:00,186.76300048828125,186.8000030517578,186.51010131835938,186.67999267578125,23720
2026-07-06 19:20:00+00:00,186.6699981689453,186.69000244140625,186.55999755859375,186.595703125,18271
2026-07-06 19:21:00+00:00,186.6649932861328,186.8000030517578,186.63999938964844,186.77999877929688,14480
2026-07-06 19:22:00+00:00,186.77000427246094,186.91000366210938,186.7613983154297,186.85000610351562,15887
2026-07-06 19:23:00+00:00,186.85000610351562,186.97999572753906,186.80999755859375,186.9600067138672,17210
2026-07-06 19:24:00+00:00,186.95370483398438,187.22000122070312,186.8800048828125,186.8800048828125,41066
2026-07-06 19:25:00+00:00,186.8800048828125,186.9499969482422,186.7010040283203,186.77999877929688,25500
2026-07-06 19:26:00+00:00,186.80999755859375,186.80999755859375,186.5800018310547,186.72500610351562,18426
2026-07-06 19:27:00+00:00,186.74000549316406,186.75,186.4199981689453,186.5,18594
2026-07-06 19:28:00+00:00,186.5050048828125,186.60000610351562,186.31500244140625,186.33999633789062,21557
2026-07-06 19:29:00+00:00,186.3800048828125,186.4499969482422,186.2100067138672,186.27999877929688,25960
2026-07-06 19:30:00+00:00,186.27999877929688,186.27999877929688,185.52000427246094,185.58999633789062,40393
2026-07-06 19:31:00+00:00,185.60499572753906,185.61289978027344,185.0500030517578,185.375,49439
2026-07-06 19:32:00+00:00,185.3800048828125,185.52000427246094,185.11000061035156,185.3000030517578,41101
2026-07-06 19:33:00+00:00,185.3000030517578,185.55999755859375,185.24000549316406,185.55999755859375,21661
2026-07-06 19:34:00+00:00,185.57000732421875,185.92999267578125,185.57000732421875,185.91000366210938,30948
2026-07-06 19:35:00+00:00,185.8800048828125,186.1699981689453,185.7899932861328,185.9149932861328,26696
2026-07-06 19:36:00+00:00,185.90499877929688,185.90499877929688,185.41000366210938,185.50999450683594,20412
2026-07-06 19:37:00+00:00,185.49000549316406,185.6699981689453,185.39999389648438,185.47000122070312,19787
2026-07-06 19:38:00+00:00,185.47000122070312,185.86000061035156,185.47000122070312,185.86000061035156,17624
2026-07-06 19:39:00+00:00,185.7949981689453,185.86000061035156,185.7100067138672,185.77499389648438,18045
2026-07-06 19:40:00+00:00,185.72000122070312,185.9600067138672,185.66000366210938,185.9499969482422,22726
2026-07-06 19:41:00+00:00,185.9499969482422,186.25,185.91000366210938,186.14999389648438,26096
2026-07-06 19:42:00+00:00,186.22000122070312,186.3300018310547,186.07000732421875,186.11000061035156,24256
2026-07-06 19:43:00+00:00,186.13999938964844,186.25990295410156,186.10000610351562,186.1199951171875,16373
2026-07-06 19:44:00+00:00,186.15499877929688,186.27000427246094,186.00999450683594,186.06500244140625,21106
2026-07-06 19:45:00+00:00,186.06500244140625,186.35000610351562,186.00999450683594,186.3300018310547,31449
2026-07-06 19:46:00+00:00,186.33999633789062,186.3699951171875,186.1699981689453,186.3350067138672,31022
2026-07-06 19:47:00+00:00,186.36500549316406,186.5,186.36000061035156,186.36000061035156,24418
2026-07-06 19:48:00+00:00,186.3800048828125,186.40499877929688,186.05999755859375,186.32510375976562,33075
2026-07-06 19:49:00+00:00,186.3699951171875,186.3800048828125,186.1999969482422,186.2550048828125,28441
2026-07-06 19:50:00+00:00,186.22000122070312,186.4600067138672,186.0500030517578,186.0800018310547,53459
2026-07-06 19:51:00+00:00,186.24000549316406,186.4600067138672,186.07000732421875,186.16000366210938,53101
2026-07-06 19:52:00+00:00,186.13999938964844,186.2100067138672,185.72000122070312,185.72999572753906,191324
2026-07-06 19:53:00+00:00,185.77999877929688,186.0800018310547,185.6699981689453,185.92999267578125,60702
2026-07-06 19:54:00+00:00,186.0,186.3300018310547,185.72000122070312,185.72000122070312,87552
2026-07-06 19:55:00+00:00,185.74000549316406,186.55999755859375,185.72000122070312,186.44000244140625,143919
2026-07-06 19:56:00+00:00,186.4199981689453,186.5800018310547,186.36000061035156,186.5500030517578,116539
2026-07-06 19:57:00+00:00,186.5399932861328,187.11000061035156,186.47000122070312,186.8800048828125,135650
2026-07-06 19:58:00+00:00,186.86000061035156,186.97250366210938,186.57000732421875,186.71499633789062,151745
2026-07-06 19:59:00+00:00,186.72999572753906,186.75,186.2550048828125,186.4600067138672,322080
2026-07-06 20:00:00+00:00,186.48,186.54,186.0,186.0,3280620
2026-07-06 20:01:00+00:00,186.0,186.3,186.0,186.3,0
2026-07-06 20:02:00+00:00,186.0,186.48,186.0,186.34,0
2026-07-06 20:03:00+00:00,186.35,186.46,186.08,186.44,0
2026-07-06 20:04:00+00:00,186.48,186.66,186.2,186.48,0
2026-07-06 20:05:00+00:00,186.4943,187.01,186.3923,187.0,0
2026-07-06 20:06:00+00:00,186.6943,187.0,186.48,187.0,0
2026-07-06 20:07:00+00:00,186.48,187.0,186.48,186.48,0
2026-07-06 20:08:00+00:00,186.96,187.0,186.82,186.82,0
2026-07-06 20:09:00+00:00,186.6,186.8,186.55,186.5759,0
2026-07-06 20:10:00+00:00,186.48,186.8,186.48,186.76,0
2026-07-06 20:11:00+00:00,186.75,186.75,186.6002,186.74,0
2026-07-06 20:12:00+00:00,186.49,186.74,186.49,186.74,0
2026-07-06 20:13:00+00:00,186.8,186.85,186.74,186.8,0
2026-07-06 20:14:00+00:00,186.6102,186.6102,186.6102,186.6102,0
2026-07-06 20:15:00+00:00,186.516,186.516,186.516,186.516,0
2026-07-06 20:16:00+00:00,186.49,186.69,186.49,186.69,0
2026-07-06 20:17:00+00:00,186.55,186.69,186.49,186.49,0
2026-07-06 20:18:00+00:00,186.69,186.8,186.69,186.8,0
2026-07-06 20:19:00+00:00,186.45,186.55,186.45,186.55,0
2026-07-06 20:20:00+00:00,186.85,186.99,186.85,186.9,0
2026-07-06 20:21:00+00:00,186.99,186.99,186.9,186.99,0
2026-07-06 20:22:00+00:00,186.72,186.72,186.4931,186.4931,0
2026-07-06 20:23:00+00:00,186.699,186.8899,186.55,186.55,0
2026-07-06 20:25:00+00:00,186.88,186.88,186.88,186.88,0
2026-07-06 20:26:00+00:00,186.49,186.49,186.49,186.49,0
2026-07-06 20:27:00+00:00,186.99,186.99,186.99,186.99,0
2026-07-06 20:28:00+00:00,186.555,186.58,186.36,186.36,0
2026-07-06 20:29:00+00:00,186.94,186.94,186.6,186.6,0
2026-07-06 20:30:00+00:00,186.75,186.75,186.75,186.75,0
2026-07-06 20:31:00+00:00,186.99,186.99,186.48,186.89,0
2026-07-06 20:32:00+00:00,186.2,186.2,186.2,186.2,0
2026-07-06 20:33:00+00:00,186.62,186.99,186.62,186.74,0
2026-07-06 20:34:00+00:00,186.99,186.99,186.99,186.99,0
2026-07-06 20:35:00+00:00,186.5,186.99,186.5,186.99,0
2026-07-06 20:36:00+00:00,186.75,186.75,186.75,186.75,0
2026-07-06 20:39:00+00:00,186.51,186.75,186.51,186.5959,0
2026-07-06 20:40:00+00:00,186.67,186.67,186.5,186.5,0
2026-07-06 20:41:00+00:00,186.66,186.67,186.66,186.67,0
2026-07-06 20:43:00+00:00,186.5,186.7,186.5,186.7,0
2026-07-06 20:44:00+00:00,186.65,186.65,186.65,186.65,0
2026-07-06 20:45:00+00:00,186.67,186.8,186.66,186.8,0
2026-07-06 20:46:00+00:00,186.7854,186.7854,186.66,186.66,0
2026-07-06 20:47:00+00:00,186.5075,186.67,186.5001,186.5001,0
2026-07-06 20:48:00+00:00,186.67,186.75,186.5,186.75,0
2026-07-06 20:49:00+00:00,186.54,186.74,186.5,186.5,0
2026-07-06 20:50:00+00:00,186.5,186.8,186.5,186.5,0
2026-07-06 20:51:00+00:00,186.71,186.71,186.71,186.71,0
2026-07-06 20:52:00+00:00,186.71,186.71,186.71,186.71,0
2026-07-06 20:53:00+00:00,186.35,186.8,186.35,186.36,0
2026-07-06 20:55:00+00:00,186.47,186.8,186.47,186.8,0
2026-07-06 20:56:00+00:00,186.7381,186.7381,186.7381,186.7381,0
2026-07-06 20:57:00+00:00,186.539,186.539,186.51,186.51,0
2026-07-06 20:58:00+00:00,186.71,186.75,186.58,186.58,0
2026-07-06 20:59:00+00:00,186.74,186.74,186.74,186.74,0
2026-07-06 21:00:00+00:00,186.7729,186.8,186.74,186.8,0
2026-07-06 21:01:00+00:00,186.51,186.8,186.51,186.73,0
2026-07-06 21:02:00+00:00,186.8,186.8,186.77,186.77,0
2026-07-06 21:03:00+00:00,186.7,186.71,186.5075,186.7,0
2026-07-06 21:04:00+00:00,186.539,186.539,186.539,186.539,0
2026-07-06 21:05:00+00:00,186.7,186.7,186.7,186.7,0
2026-07-06 21:06:00+00:00,186.73,186.7447,186.73,186.7447,0
2026-07-06 21:07:00+00:00,186.761,186.8,186.7,186.7,0
2026-07-06 21:08:00+00:00,186.5,186.8,186.5,186.8,0
2026-07-06 21:09:00+00:00,186.75,186.76,186.75,186.76,0
2026-07-06 21:10:00+00:00,186.65,186.76,186.51,186.51,0
2026-07-06 21:11:00+00:00,186.7449,186.7449,186.539,186.539,0
2026-07-06 21:12:00+00:00,186.75,186.75,186.7499,186.75,0
2026-07-06 21:13:00+00:00,186.75,186.75,186.61,186.61,0
2026-07-06 21:14:00+00:00,186.626,186.7,186.6,186.6,0
2026-07-06 21:15:00+00:00,186.6,186.64,186.6,186.64,0
2026-07-06 21:16:00+00:00,186.75,186.75,186.75,186.75,0
2026-07-06 21:17:00+00:00,186.73,186.73,186.6,186.605,0
2026-07-06 21:18:00+00:00,186.62,186.62,186.62,186.62,0
2026-07-06 21:19:00+00:00,186.7566,186.7566,186.7566,186.7566,0
2026-07-06 21:20:00+00:00,186.6,186.77,186.6,186.62,0
2026-07-06 21:21:00+00:00,186.6,186.6,186.6,186.6,0
2026-07-06 21:22:00+00:00,186.6,186.6,186.6,186.6,0
2026-07-06 21:23:00+00:00,186.8,186.8,186.6,186.63,0
2026-07-06 21:24:00+00:00,186.9132,186.9132,186.63,186.63,0
2026-07-06 21:25:00+00:00,186.99,186.99,186.48,186.48,0
2026-07-06 21:27:00+00:00,186.85,186.99,186.85,186.9,0
2026-07-06 21:28:00+00:00,186.9,186.9,186.9,186.9,0
2026-07-06 21:29:00+00:00,186.9,186.9,186.9,186.9,0
2026-07-06 21:30:00+00:00,186.88,186.88,186.88,186.88,0
2026-07-06 21:32:00+00:00,186.88,186.88,186.88,186.88,0
2026-07-06 21:33:00+00:00,186.8,186.99,186.8,186.99,0
2026-07-06 21:34:00+00:00,186.8,186.88,186.8,186.8,0
2026-07-06 21:35:00+00:00,186.99,186.99,186.99,186.99,0
2026-07-06 21:36:00+00:00,186.99,186.99,186.99,186.99,0
2026-07-06 21:37:00+00:00,186.61,186.99,186.61,186.6585,0
2026-07-06 21:38:00+00:00,186.99,186.99,186.99,186.99,0
2026-07-06 21:39:00+00:00,186.8,186.8,186.7,186.7,0
2026-07-06 21:40:00+00:00,186.6,186.6,186.6,186.6,0
2026-07-06 21:41:00+00:00,186.8,186.8,186.72,186.72,0
2026-07-06 21:42:00+00:00,186.99,186.99,186.72,186.72,0
2026-07-06 21:43:00+00:00,186.7999,186.86,186.7999,186.86,0
2026-07-06 21:44:00+00:00,186.86,186.86,186.74,186.74,0
2026-07-06 21:45:00+00:00,186.6507,186.9152,186.6507,186.9152,0
2026-07-06 21:46:00+00:00,186.74,186.99,186.72,186.99,0
2026-07-06 21:47:00+00:00,186.99,186.99,186.99,186.99,0
2026-07-06 21:48:00+00:00,186.6,186.6,186.6,186.6,0
2026-07-06 21:50:00+00:00,186.72,186.99,186.72,186.88,0
2026-07-06 21:51:00+00:00,186.8486,186.8486,186.8486,186.8486,0
2026-07-06 21:52:00+00:00,186.88,186.88,186.72,186.82,0
2026-07-06 21:53:00+00:00,186.82,186.9832,186.82,186.9393,0
2026-07-06 21:55:00+00:00,186.6,186.99,186.6,186.87,0
2026-07-06 21:56:00+00:00,186.74,186.88,186.6,186.88,0
2026-07-06 21:57:00+00:00,186.74,186.74,186.74,186.74,0
2026-07-06 21:58:00+00:00,186.93,186.93,186.73,186.93,0
2026-07-06 21:59:00+00:00,186.93,186.99,186.9072,186.99,0
2026-07-06 22:00:00+00:00,186.73,186.93,186.73,186.87,0
2026-07-06 22:02:00+00:00,186.87,186.87,186.6,186.6,0
2026-07-06 22:04:00+00:00,186.8,186.8,186.8,186.8,0
2026-07-06 22:06:00+00:00,186.8,186.8,186.6,186.79,0
2026-07-06 22:07:00+00:00,186.79,186.79,186.61,186.61,0
2026-07-06 22:08:00+00:00,186.73,186.73,186.73,186.73,0
2026-07-06 22:09:00+00:00,186.61,186.61,186.5,186.59,0
2026-07-06 22:10:00+00:00,186.59,186.6,186.5003,186.6,0
2026-07-06 22:11:00+00:00,186.6094,186.6094,186.6094,186.6094,0
2026-07-06 22:12:00+00:00,186.92,186.92,186.92,186.92,0
2026-07-06 22:13:00+00:00,186.93,186.9395,186.6,186.6,0
2026-07-06 22:14:00+00:00,186.9284,186.9284,186.6029,186.6029,0
2026-07-06 22:15:00+00:00,186.6296,186.6296,186.6,186.6,0
2026-07-06 22:18:00+00:00,186.5,186.5,186.5,186.5,0
2026-07-06 22:19:00+00:00,186.6615,186.6615,186.6615,186.6615,0
2026-07-06 22:22:00+00:00,186.87,186.99,186.87,186.9,0
2026-07-06 22:26:00+00:00,186.89,186.9,186.89,186.9,0
2026-07-06 22:27:00+00:00,186.9,186.9,186.9,186.9,0
2026-07-06 22:28:00+00:00,186.99,186.99,186.9,186.9,0
2026-07-06 22:29:00+00:00,186.71,186.71,186.71,186.71,0
2026-07-06 22:30:00+00:00,186.5,186.53,186.2,186.53,0
2026-07-06 22:31:00+00:00,186.53,186.53,186.53,186.53,0
2026-07-06 22:32:00+00:00,186.4895,186.4999,186.36,186.49,0
2026-07-06 22:33:00+00:00,186.49,186.53,186.33,186.53,0
2026-07-06 22:34:00+00:00,186.47,186.75,186.47,186.75,0
2026-07-06 22:35:00+00:00,186.25,186.2625,186.25,186.2625,0
2026-07-06 22:36:00+00:00,186.53,186.75,186.53,186.685,0
2026-07-06 22:37:00+00:00,186.25,186.75,186.25,186.75,0
2026-07-06 22:38:00+00:00,186.75,186.75,186.25,186.25,0
2026-07-06 22:39:00+00:00,186.6508,186.6508,186.6508,186.6508,0
2026-07-06 22:40:00+00:00,186.4786,186.4786,186.4786,186.4786,0
2026-07-06 22:41:00+00:00,186.65,186.65,186.65,186.65,0
2026-07-06 22:42:00+00:00,186.52,186.52,186.5,186.5,0
2026-07-06 22:43:00+00:00,186.5,186.5,186.33,186.33,0
2026-07-06 22:44:00+00:00,186.7375,186.7499,186.32,186.32,0
2026-07-06 22:45:00+00:00,186.25,186.33,186.25,186.33,0
2026-07-06 22:46:00+00:00,186.7,186.7,186.7,186.7,0
2026-07-06 22:47:00+00:00,186.5046,186.5046,186.15,186.15,0
2026-07-06 22:48:00+00:00,186.1472,186.51,186.1472,186.51,0
2026-07-06 22:49:00+00:00,186.0,186.58,186.0,186.5349,0
2026-07-06 22:51:00+00:00,186.15,186.63,186.15,186.63,0
2026-07-06 22:52:00+00:00,186.15,186.15,186.15,186.15,0
2026-07-06 22:53:00+00:00,186.08,186.08,186.08,186.08,0
2026-07-06 22:54:00+00:00,186.38,186.38,186.38,186.38,0
2026-07-06 22:55:00+00:00,186.36,186.36,186.34,186.34,0
2026-07-06 22:56:00+00:00,186.34,186.34,186.25,186.25,0
2026-07-06 22:57:00+00:00,186.25,186.5,186.0,186.0,0
2026-07-06 22:58:00+00:00,186.08,186.08,186.08,186.08,0
2026-07-06 22:59:00+00:00,186.14,186.62,186.0001,186.62,0
2026-07-06 23:00:00+00:00,186.585,186.585,186.585,186.585,0
2026-07-06 23:01:00+00:00,186.08,186.37,186.08,186.1548,0
2026-07-06 23:02:00+00:00,186.36,186.36,186.0,186.0,0
2026-07-06 23:03:00+00:00,186.4,186.4,186.4,186.4,0
2026-07-06 23:05:00+00:00,186.4,186.46,186.3936,186.3936,0
2026-07-06 23:06:00+00:00,186.39,186.46,186.39,186.46,0
2026-07-06 23:07:00+00:00,186.1661,186.1661,186.1661,186.1661,0
2026-07-06 23:08:00+00:00,186.08,186.14,186.08,186.0903,0
2026-07-06 23:10:00+00:00,186.1,186.1,186.0,186.0,0
2026-07-06 23:11:00+00:00,186.15,186.2,186.0,186.15,0
2026-07-06 23:12:00+00:00,186.15,186.43,186.15,186.43,0
2026-07-06 23:13:00+00:00,186.46,186.46,186.46,186.46,0
2026-07-06 23:14:00+00:00,186.45,186.45,186.15,186.15,0
2026-07-06 23:16:00+00:00,186.25,186.4106,186.25,186.4106,0
2026-07-06 23:17:00+00:00,186.08,186.08,186.08,186.08,0
2026-07-06 23:18:00+00:00,186.2,186.2,186.08,186.08,0
2026-07-06 23:19:00+00:00,186.4,186.4,186.4,186.4,0
2026-07-06 23:20:00+00:00,186.1,186.1,186.0,186.0,0
2026-07-06 23:21:00+00:00,186.0,186.32,186.0,186.2,0
2026-07-06 23:22:00+00:00,186.0,186.2,186.0,186.0537,0
2026-07-06 23:23:00+00:00,186.0388,186.0388,186.0388,186.0388,0
2026-07-06 23:24:00+00:00,186.21,186.26,186.21,186.26,0
2026-07-06 23:25:00+00:00,186.26,186.26,186.0,186.0,0
2026-07-06 23:26:00+00:00,186.0,186.069,186.0,186.069,0
2026-07-06 23:27:00+00:00,186.3,186.46,186.3,186.46,0
2026-07-06 23:28:00+00:00,186.0,186.46,186.0,186.3,0
2026-07-06 23:29:00+00:00,186.3,186.3,186.0,186.0598,0
2026-07-06 23:30:00+00:00,186.01,186.01,186.01,186.01,0
2026-07-06 23:31:00+00:00,186.46,186.46,186.46,186.46,0
2026-07-06 23:32:00+00:00,186.29,186.29,186.29,186.29,0
2026-07-06 23:33:00+00:00,186.1573,186.1573,186.0,186.0,0
2026-07-06 23:34:00+00:00,186.0477,186.059,186.0,186.059,0
2026-07-06 23:35:00+00:00,186.1101,186.3,186.0598,186.3,0
2026-07-06 23:36:00+00:00,186.0,186.0,186.0,186.0,0
2026-07-06 23:37:00+00:00,186.2,186.29,186.0,186.29,0
2026-07-06 23:38:00+00:00,186.3,186.3,186.29,186.29,0
2026-07-06 23:39:00+00:00,186.0598,186.3,186.0598,186.25,0
2026-07-06 23:40:00+00:00,186.4002,186.46,186.25,186.25,0
2026-07-06 23:41:00+00:00,186.24,186.24,186.23,186.23,0
2026-07-06 23:42:00+00:00,186.0,186.174,186.0,186.0,0
2026-07-06 23:43:00+00:00,186.0,186.039,186.0,186.02,0
2026-07-06 23:44:00+00:00,186.039,186.3,186.039,186.3,0
2026-07-06 23:45:00+00:00,186.3,186.3,186.0,186.3,0
2026-07-06 23:46:00+00:00,186.0448,186.0448,186.04,186.04,0
2026-07-06 23:47:00+00:00,186.0,186.04,186.0,186.04,0
2026-07-06 23:48:00+00:00,186.0,186.0,186.0,186.0,0
2026-07-06 23:49:00+00:00,186.0,186.0,186.0,186.0,0
2026-07-06 23:50:00+00:00,186.13,186.14,186.01,186.015,0
2026-07-06 23:51:00+00:00,186.05,186.139,185.8526,185.8526,0
2026-07-06 23:52:00+00:00,186.0369,186.0369,185.8557,186.0,0
2026-07-06 23:53:00+00:00,185.9595,186.26,185.8,186.0,0
2026-07-06 23:54:00+00:00,186.26,186.26,185.8,185.87,0
2026-07-06 23:55:00+00:00,185.87,185.87,185.8,185.865,0
2026-07-06 23:56:00+00:00,185.8013,185.8487,185.8013,185.8487,0
2026-07-06 23:57:00+00:00,185.8,186.18,185.5946,185.5946,0
2026-07-06 23:58:00+00:00,185.539,185.8,185.5,185.8,0
2026-07-06 23:59:00+00:00,185.5,185.85,185.5,185.85,0
