date,open,high,low,close,volume
2026-06-25 08:00:00+00:00,737.72,739.28,733.24,739.28,0
2026-06-25 08:01:00+00:00,739.06,739.32,736.44,739.26,0
2026-06-25 08:02:00+00:00,739.29,739.48,739.29,739.45,0
2026-06-25 08:03:00+00:00,739.45,739.45,736.42,737.08,0
2026-06-25 08:04:00+00:00,736.4,739.27,736.4,737.83,0
2026-06-25 08:05:00+00:00,737.52,739.2,737.47,738.16,0
2026-06-25 08:06:00+00:00,738.69,739.33,736.74,736.86,0
2026-06-25 08:07:00+00:00,737.72,739.23,736.79,739.11,0
2026-06-25 08:08:00+00:00,736.79,739.21,736.79,739.1,0
2026-06-25 08:09:00+00:00,739.11,739.23,739.11,739.13,0
2026-06-25 08:10:00+00:00,739.13,739.29,739.13,739.22,0
2026-06-25 08:11:00+00:00,739.2,739.26,739.13,739.23,0
2026-06-25 08:12:00+00:00,739.25,739.25,739.1,739.12,0
2026-06-25 08:13:00+00:00,739.1,739.11,738.74,738.79,0
2026-06-25 08:14:00+00:00,738.78,738.8281,738.73,738.73,0
2026-06-25 08:15:00+00:00,738.71,738.71,738.56,738.56,0
2026-06-25 08:16:00+00:00,738.53,738.6,738.47,738.49,0
2026-06-25 08:17:00+00:00,738.47,738.57,738.38,738.54,0
2026-06-25 08:18:00+00:00,738.51,738.58,738.42,738.55,0
2026-06-25 08:19:00+00:00,738.57,738.6685,738.5148,738.6685,0
2026-06-25 08:20:00+00:00,738.64,738.64,738.54,738.62,0
2026-06-25 08:21:00+00:00,738.5418,738.611,738.48,738.6,0
2026-06-25 08:22:00+00:00,738.65,738.65,738.63,738.64,0
2026-06-25 08:23:00+00:00,738.6,738.62,738.57,738.61,0
2026-06-25 08:24:00+00:00,738.601,738.67,738.6,738.6,0
2026-06-25 08:25:00+00:00,738.6086,738.659,738.59,738.6031,0
2026-06-25 08:26:00+00:00,738.6487,738.71,738.6,738.6615,0
2026-06-25 08:27:00+00:00,738.67,738.72,738.65,738.66,0
2026-06-25 08:28:00+00:00,738.7,738.85,738.7,738.8239,0
2026-06-25 08:29:00+00:00,738.82,738.82,738.76,738.78,0
2026-06-25 08:30:00+00:00,738.74,738.74,738.65,738.67,0
2026-06-25 08:31:00+00:00,738.69,738.7085,738.69,738.69,0
2026-06-25 08:32:00+00:00,738.72,738.82,738.72,738.77,0
2026-06-25 08:33:00+00:00,738.78,738.85,738.78,738.85,0
2026-06-25 08:34:00+00:00,738.75,738.7585,738.56,738.56,0
2026-06-25 08:35:00+00:00,738.5987,738.69,738.5987,738.639,0
2026-06-25 08:36:00+00:00,738.6073,738.7287,738.6073,738.7,0
2026-06-25 08:37:00+00:00,738.8,738.8,738.73,738.78,0
2026-06-25 08:38:00+00:00,738.82,738.82,738.7,738.7,0
2026-06-25 08:39:00+00:00,738.74,738.87,738.74,738.87,0
2026-06-25 08:40:00+00:00,738.7797,738.84,738.7797,738.8187,0
2026-06-25 08:41:00+00:00,738.77,738.77,738.73,738.74,0
2026-06-25 08:42:00+00:00,738.6692,738.6692,738.59,738.6,0
2026-06-25 08:43:00+00:00,738.5512,738.5512,738.55,738.55,0
2026-06-25 08:44:00+00:00,738.57,738.57,738.45,738.45,0
2026-06-25 08:45:00+00:00,738.45,738.49,738.36,738.36,0
2026-06-25 08:46:00+00:00,738.36,738.36,738.24,738.35,0
2026-06-25 08:47:00+00:00,738.37,738.41,738.36,738.37,0
2026-06-25 08:48:00+00:00,738.32,738.48,738.32,738.3846,0
2026-06-25 08:49:00+00:00,738.35,738.4,738.3,738.4,0
2026-06-25 08:50:00+00:00,738.4,738.41,738.3,738.3,0
2026-06-25 08:51:00+00:00,738.29,738.29,738.24,738.26,0
2026-06-25 08:52:00+00:00,738.22,738.22,738.04,738.1887,0
2026-06-25 08:53:00+00:00,738.15,738.2,738.13,738.15,0
2026-06-25 08:54:00+00:00,738.09,738.19,738.09,738.1577,0
2026-06-25 08:55:00+00:00,738.15,738.1692,738.12,738.12,0
2026-06-25 08:56:00+00:00,738.12,738.12,738.049,738.049,0
2026-06-25 08:57:00+00:00,738.02,738.04,738.0,738.02,0
2026-06-25 08:58:00+00:00,738.04,738.06,737.91,737.91,0
2026-06-25 08:59:00+00:00,737.98,738.05,737.9,738.04,0
2026-06-25 09:00:00+00:00,738.11,738.25,738.11,738.22,0
2026-06-25 09:01:00+00:00,738.29,738.3,738.12,738.14,0
2026-06-25 09:02:00+00:00,738.093,738.13,737.98,738.13,0
2026-06-25 09:03:00+00:00,738.15,738.35,738.14,738.35,0
2026-06-25 09:04:00+00:00,738.35,738.35,738.34,738.34,0
2026-06-25 09:05:00+00:00,738.425,738.425,738.39,738.4,0
2026-06-25 09:06:00+00:00,738.44,738.54,738.44,738.5,0
2026-06-25 09:07:00+00:00,738.5,738.59,738.47,738.52,0
2026-06-25 09:08:00+00:00,738.48,738.49,738.38,738.4,0
2026-06-25 09:09:00+00:00,738.46,738.46,738.37,738.37,0
2026-06-25 09:10:00+00:00,738.3,738.35,738.25,738.35,0
2026-06-25 09:11:00+00:00,738.37,738.4,738.3,738.4,0
2026-06-25 09:12:00+00:00,738.55,738.56,738.49,738.5201,0
2026-06-25 09:13:00+00:00,738.561,738.6,738.25,738.4245,0
2026-06-25 09:14:00+00:00,738.38,738.38,738.3487,738.3487,0
2026-06-25 09:15:00+00:00,738.36,738.37,738.33,738.33,0
2026-06-25 09:16:00+00:00,738.2987,738.52,738.2987,738.51,0
2026-06-25 09:17:00+00:00,738.5,738.5,738.3,738.3,0
2026-06-25 09:18:00+00:00,738.25,738.25,738.04,738.0517,0
2026-06-25 09:19:00+00:00,738.07,738.17,738.07,738.17,0
2026-06-25 09:20:00+00:00,738.09,738.1212,738.03,738.03,0
2026-06-25 09:21:00+00:00,738.04,738.04,738.04,738.04,0
2026-06-25 09:22:00+00:00,738.12,738.12,738.07,738.07,0
2026-06-25 09:23:00+00:00,738.17,738.19,738.11,738.11,0
2026-06-25 09:24:00+00:00,738.175,738.22,738.12,738.18,0
2026-06-25 09:25:00+00:00,738.12,738.12,738.12,738.12,0
2026-06-25 09:26:00+00:00,738.13,738.13,738.06,738.1,0
2026-06-25 09:27:00+00:00,738.03,738.12,738.03,738.12,0
2026-06-25 09:28:00+00:00,738.08,738.2307,738.08,738.2307,0
2026-06-25 09:29:00+00:00,738.23,738.33,738.1787,738.2285,0
2026-06-25 09:30:00+00:00,738.25,738.6,738.1762,738.44,0
2026-06-25 09:31:00+00:00,738.3,738.32,738.2,738.2,0
2026-06-25 09:32:00+00:00,738.2987,738.3,738.2715,738.2715,0
2026-06-25 09:33:00+00:00,738.31,738.31,738.2817,738.2817,0
2026-06-25 09:34:00+00:00,738.46,738.46,738.38,738.38,0
2026-06-25 09:35:00+00:00,738.38,738.42,738.35,738.42,0
2026-06-25 09:36:00+00:00,738.5274,738.55,738.49,738.5,0
2026-06-25 09:37:00+00:00,738.4517,738.6,738.4517,738.6,0
2026-06-25 09:38:00+00:00,738.561,738.58,738.55,738.56,0
2026-06-25 09:39:00+00:00,738.52,738.52,738.5,738.5,0
2026-06-25 09:40:00+00:00,738.5,738.5,738.41,738.4815,0
2026-06-25 09:41:00+00:00,738.4815,738.49,738.4815,738.49,0
2026-06-25 09:42:00+00:00,738.5,738.5,738.409,738.409,0
2026-06-25 09:43:00+00:00,738.49,738.5369,738.46,738.51,0
2026-06-25 09:44:00+00:00,738.4961,738.4961,738.4961,738.4961,0
2026-06-25 09:45:00+00:00,738.51,738.51,738.38,738.38,0
2026-06-25 09:46:00+00:00,738.4087,738.44,738.4087,738.43,0
2026-06-25 09:47:00+00:00,738.42,738.4985,738.42,738.4985,0
2026-06-25 09:48:00+00:00,738.46,738.49,738.46,738.48,0
2026-06-25 09:49:00+00:00,738.5087,738.52,738.5087,738.52,0
2026-06-25 09:50:00+00:00,738.49,738.53,738.49,738.49,0
2026-06-25 09:51:00+00:00,738.46,738.6,738.46,738.6,0
2026-06-25 09:52:00+00:00,738.55,738.72,738.55,738.71,0
2026-06-25 09:53:00+00:00,738.72,738.7487,738.7,738.74,0
2026-06-25 09:54:00+00:00,738.74,738.74,738.59,738.72,0
2026-06-25 09:55:00+00:00,738.67,738.67,738.5187,738.5187,0
2026-06-25 09:56:00+00:00,738.51,738.56,738.51,738.56,0
2026-06-25 09:57:00+00:00,738.5292,738.5292,738.47,738.47,0
2026-06-25 09:58:00+00:00,738.46,738.48,738.4312,738.48,0
2026-06-25 09:59:00+00:00,738.459,738.46,738.38,738.38,0
2026-06-25 10:00:00+00:00,738.3215,738.43,738.3215,738.34,0
2026-06-25 10:01:00+00:00,738.35,738.4423,738.33,738.43,0
2026-06-25 10:02:00+00:00,738.43,738.54,738.43,738.52,0
2026-06-25 10:03:00+00:00,738.5,738.5128,738.33,738.3687,0
2026-06-25 10:04:00+00:00,738.445,738.54,738.445,738.54,0
2026-06-25 10:05:00+00:00,738.57,738.59,738.53,738.5687,0
2026-06-25 10:06:00+00:00,738.53,738.65,738.49,738.65,0
2026-06-25 10:07:00+00:00,738.6785,738.76,738.6542,738.73,0
2026-06-25 10:08:00+00:00,738.71,738.72,738.68,738.68,0
2026-06-25 10:09:00+00:00,738.73,738.73,738.72,738.7215,0
2026-06-25 10:10:00+00:00,738.72,738.7684,738.7,738.7,0
2026-06-25 10:11:00+00:00,738.77,738.77,738.7117,738.74,0
2026-06-25 10:12:00+00:00,738.73,738.9,738.68,738.9,0
2026-06-25 10:13:00+00:00,738.9,738.92,738.84,738.84,0
2026-06-25 10:14:00+00:00,738.81,738.86,738.79,738.79,0
2026-06-25 10:15:00+00:00,738.8817,738.8817,738.8817,738.8817,0
2026-06-25 10:16:00+00:00,738.96,738.97,738.89,738.9385,0
2026-06-25 10:17:00+00:00,738.88,738.88,738.78,738.78,0
2026-06-25 10:18:00+00:00,738.84,738.88,738.79,738.82,0
2026-06-25 10:19:00+00:00,738.85,738.85,738.83,738.83,0
2026-06-25 10:20:00+00:00,738.86,738.86,738.68,738.68,0
2026-06-25 10:21:00+00:00,738.7285,738.75,738.67,738.75,0
2026-06-25 10:22:00+00:00,738.7572,738.8,738.75,738.8,0
2026-06-25 10:23:00+00:00,738.7669,738.82,738.7669,738.7915,0
2026-06-25 10:24:00+00:00,738.7915,738.85,738.7915,738.8,0
2026-06-25 10:25:00+00:00,738.7815,738.86,738.7815,738.84,0
2026-06-25 10:26:00+00:00,738.84,738.8548,738.84,738.8548,0
2026-06-25 10:27:00+00:00,738.85,738.85,738.8,738.8,0
2026-06-25 10:28:00+00:00,738.83,738.8987,738.83,738.85,0
2026-06-25 10:29:00+00:00,738.89,738.9187,738.89,738.89,0
2026-06-25 10:30:00+00:00,738.97,738.97,738.871,738.88,0
2026-06-25 10:31:00+00:00,738.87,738.94,738.87,738.91,0
2026-06-25 10:32:00+00:00,738.88,738.88,738.8,738.86,0
2026-06-25 10:33:00+00:00,738.8767,738.89,738.84,738.84,0
2026-06-25 10:34:00+00:00,738.82,738.82,738.7,738.73,0
2026-06-25 10:35:00+00:00,738.79,738.79,738.7192,738.76,0
2026-06-25 10:36:00+00:00,738.76,738.81,738.76,738.79,0
2026-06-25 10:37:00+00:00,738.8015,738.95,738.8015,738.95,0
2026-06-25 10:38:00+00:00,738.98,739.0,738.97,738.97,0
2026-06-25 10:39:00+00:00,738.94,738.9685,738.94,738.9685,0
2026-06-25 10:40:00+00:00,738.88,738.88,738.86,738.87,0
2026-06-25 10:41:00+00:00,738.8,738.8,738.61,738.61,0
2026-06-25 10:42:00+00:00,738.64,738.65,738.63,738.64,0
2026-06-25 10:43:00+00:00,738.58,738.61,738.515,738.6082,0
2026-06-25 10:44:00+00:00,738.6188,738.6188,738.47,738.4717,0
2026-06-25 10:45:00+00:00,738.499,738.499,738.32,738.38,0
2026-06-25 10:47:00+00:00,738.49,738.49,738.48,738.48,0
2026-06-25 10:48:00+00:00,738.5,738.56,738.4942,738.56,0
2026-06-25 10:49:00+00:00,738.56,738.6512,738.56,738.6512,0
2026-06-25 10:50:00+00:00,738.64,738.68,738.62,738.621,0
2026-06-25 10:51:00+00:00,738.75,738.8,738.711,738.711,0
2026-06-25 10:52:00+00:00,738.8,738.89,738.76,738.81,0
2026-06-25 10:53:00+00:00,738.75,738.75,738.6412,738.69,0
2026-06-25 10:54:00+00:00,738.81,738.81,738.74,738.7687,0
2026-06-25 10:55:00+00:00,738.8,738.8,738.76,738.76,0
2026-06-25 10:56:00+00:00,738.81,738.88,738.79,738.79,0
2026-06-25 10:57:00+00:00,738.76,738.76,738.71,738.71,0
2026-06-25 10:58:00+00:00,738.7,738.7,738.53,738.53,0
2026-06-25 10:59:00+00:00,738.6485,738.65,738.52,738.65,0
2026-06-25 11:00:00+00:00,738.62,738.99,738.62,738.869,0
2026-06-25 11:01:00+00:00,738.86,738.9587,733.24,738.91,0
2026-06-25 11:02:00+00:00,733.24,738.96,733.24,738.89,0
2026-06-25 11:03:00+00:00,738.9,738.9,738.71,738.74,0
2026-06-25 11:04:00+00:00,738.76,738.9,738.71,738.85,0
2026-06-25 11:05:00+00:00,738.8,738.8,738.6793,738.6793,0
2026-06-25 11:06:00+00:00,738.66,738.68,738.45,738.4766,0
2026-06-25 11:07:00+00:00,738.4895,738.5,738.4,738.43,0
2026-06-25 11:08:00+00:00,738.43,738.48,738.4,738.48,0
2026-06-25 11:09:00+00:00,738.49,738.57,738.4006,738.48,0
2026-06-25 11:10:00+00:00,738.51,738.52,738.42,738.42,0
2026-06-25 11:11:00+00:00,738.45,738.54,738.43,738.53,0
2026-06-25 11:12:00+00:00,738.5,738.51,738.38,738.38,0
2026-06-25 11:13:00+00:00,738.355,738.57,738.34,738.41,0
2026-06-25 11:14:00+00:00,738.4,738.48,738.36,738.37,0
2026-06-25 11:15:00+00:00,738.335,738.36,738.27,738.33,0
2026-06-25 11:16:00+00:00,738.37,738.43,738.28,738.28,0
2026-06-25 11:17:00+00:00,738.28,738.349,738.26,738.33,0
2026-06-25 11:18:00+00:00,738.35,738.355,738.21,738.3,0
2026-06-25 11:19:00+00:00,738.2614,738.3288,738.18,738.2,0
2026-06-25 11:20:00+00:00,738.2,738.27,738.07,738.085,0
2026-06-25 11:21:00+00:00,738.03,738.04,737.96,737.96,0
2026-06-25 11:22:00+00:00,737.99,738.0,737.79,737.9,0
2026-06-25 11:23:00+00:00,737.94,737.94,737.81,737.8299,0
2026-06-25 11:24:00+00:00,737.8,737.81,737.7,737.77,0
2026-06-25 11:25:00+00:00,737.755,737.82,737.7,737.76,0
2026-06-25 11:26:00+00:00,737.79,737.79,737.7,737.76,0
2026-06-25 11:27:00+00:00,737.74,737.84,737.7216,737.7335,0
2026-06-25 11:28:00+00:00,737.74,737.74,737.59,737.695,0
2026-06-25 11:29:00+00:00,737.7107,737.72,737.645,737.72,0
2026-06-25 11:30:00+00:00,737.715,737.715,737.54,737.58,0
2026-06-25 11:31:00+00:00,737.6478,737.87,737.6478,737.8,0
2026-06-25 11:32:00+00:00,737.81,737.8407,737.74,737.77,0
2026-06-25 11:33:00+00:00,737.77,737.9885,737.75,737.98,0
2026-06-25 11:34:00+00:00,737.99,738.0,737.79,737.9,0
2026-06-25 11:35:00+00:00,737.9,737.96,737.88,737.96,0
2026-06-25 11:36:00+00:00,737.93,738.01,737.93,737.989,0
2026-06-25 11:37:00+00:00,737.99,737.99,737.77,737.838,0
2026-06-25 11:38:00+00:00,737.79,737.87,737.78,737.87,0
2026-06-25 11:39:00+00:00,737.86,738.065,737.86,738.0054,0
2026-06-25 11:40:00+00:00,738.0,738.06,737.91,738.03,0
2026-06-25 11:41:00+00:00,738.0787,738.09,737.9688,738.0477,0
2026-06-25 11:42:00+00:00,738.06,738.17,738.04,738.16,0
2026-06-25 11:43:00+00:00,738.17,738.2,738.12,738.1735,0
2026-06-25 11:44:00+00:00,738.18,738.2,738.09,738.09,0
2026-06-25 11:45:00+00:00,738.1107,738.35,738.1107,738.33,0
2026-06-25 11:46:00+00:00,738.27,738.29,738.16,738.18,0
2026-06-25 11:47:00+00:00,738.18,738.18,738.0,738.035,0
2026-06-25 11:48:00+00:00,738.0191,738.2,737.972,737.972,0
2026-06-25 11:49:00+00:00,738.06,738.06,737.97,737.97,0
2026-06-25 11:50:00+00:00,737.97,738.1,737.97,738.02,0
2026-06-25 11:51:00+00:00,738.03,738.15,737.98,738.105,0
2026-06-25 11:52:00+00:00,738.0701,738.1448,738.06,738.11,0
2026-06-25 11:53:00+00:00,738.06,738.06,737.8922,737.8922,0
2026-06-25 11:54:00+00:00,737.87,737.8991,737.77,737.8,0
2026-06-25 11:55:00+00:00,737.79,737.83,737.7,737.75,0
2026-06-25 11:56:00+00:00,737.75,737.89,737.72,737.87,0
2026-06-25 11:57:00+00:00,737.8735,737.98,737.8125,737.8125,0
2026-06-25 11:58:00+00:00,737.97,738.02,737.81,737.999,0
2026-06-25 11:59:00+00:00,737.96,738.02,737.9304,737.945,0
2026-06-25 12:00:00+00:00,737.9826,738.0,737.881,737.9,0
2026-06-25 12:01:00+00:00,737.91,737.91,737.82,737.9,0
2026-06-25 12:02:00+00:00,737.925,738.05,737.925,737.94,0
2026-06-25 12:03:00+00:00,737.93,737.9887,737.87,737.91,0
2026-06-25 12:04:00+00:00,737.94,738.02,737.915,737.98,0
2026-06-25 12:05:00+00:00,738.02,738.32,738.02,738.29,0
2026-06-25 12:06:00+00:00,738.26,738.33,738.2,738.24,0
2026-06-25 12:07:00+00:00,738.265,738.315,738.14,738.315,0
2026-06-25 12:08:00+00:00,738.35,738.59,738.33,738.57,0
2026-06-25 12:09:00+00:00,738.56,738.61,738.45,738.45,0
2026-06-25 12:10:00+00:00,738.43,738.45,738.3229,738.345,0
2026-06-25 12:11:00+00:00,738.335,738.39,738.31,738.35,0
2026-06-25 12:12:00+00:00,738.35,738.38,738.31,738.345,0
2026-06-25 12:13:00+00:00,738.345,738.345,737.9599,737.9599,0
2026-06-25 12:14:00+00:00,737.9,738.06,737.9,738.0322,0
2026-06-25 12:15:00+00:00,737.971,738.12,737.96,738.0306,0
2026-06-25 12:16:00+00:00,738.08,738.23,738.02,738.08,0
2026-06-25 12:17:00+00:00,738.0,738.0,737.82,737.96,0
2026-06-25 12:18:00+00:00,737.955,737.97,737.83,737.905,0
2026-06-25 12:19:00+00:00,737.975,738.0382,737.905,737.919,0
2026-06-25 12:20:00+00:00,737.94,737.941,737.815,737.91,0
2026-06-25 12:21:00+00:00,737.915,737.93,737.75,737.82,0
2026-06-25 12:22:00+00:00,737.859,737.859,737.65,737.67,0
2026-06-25 12:23:00+00:00,737.68,737.74,737.6,737.71,0
2026-06-25 12:24:00+00:00,737.7285,737.8825,737.68,737.875,0
2026-06-25 12:25:00+00:00,737.87,737.98,737.86,737.94,0
2026-06-25 12:26:00+00:00,737.92,737.9585,737.82,737.86,0
2026-06-25 12:27:00+00:00,737.8,737.93,737.76,737.89,0
2026-06-25 12:28:00+00:00,737.89,737.92,737.78,737.885,0
2026-06-25 12:29:00+00:00,737.85,737.89,737.69,737.795,0
2026-06-25 12:30:00+00:00,737.65,739.92,737.65,739.67,0
2026-06-25 12:31:00+00:00,739.6175,739.71,739.06,739.1297,0
2026-06-25 12:32:00+00:00,739.15,739.35,738.86,739.02,0
2026-06-25 12:33:00+00:00,739.03,739.14,738.86,738.86,0
2026-06-25 12:34:00+00:00,738.8897,739.32,738.88,739.23,0
2026-06-25 12:35:00+00:00,739.28,739.44,739.1,739.28,0
2026-06-25 12:36:00+00:00,739.2305,739.52,739.21,739.475,0
2026-06-25 12:37:00+00:00,739.46,739.59,739.16,739.16,0
2026-06-25 12:38:00+00:00,739.19,739.2,738.94,739.2,0
2026-06-25 12:39:00+00:00,739.14,739.25,738.93,739.06,0
2026-06-25 12:40:00+00:00,739.1217,739.235,738.8392,738.84,0
2026-06-25 12:41:00+00:00,738.81,739.0,738.65,738.9287,0
2026-06-25 12:42:00+00:00,738.92,739.29,738.82,739.15,0
2026-06-25 12:43:00+00:00,739.09,739.12,738.77,738.87,0
2026-06-25 12:44:00+00:00,738.84,738.98,738.76,738.91,0
2026-06-25 12:45:00+00:00,738.85,739.14,738.84,739.08,0
2026-06-25 12:46:00+00:00,739.09,739.17,738.97,739.14,0
2026-06-25 12:47:00+00:00,739.11,739.44,733.24,739.44,0
2026-06-25 12:48:00+00:00,739.46,739.545,739.36,739.52,0
2026-06-25 12:49:00+00:00,739.485,739.53,739.2,739.2,0
2026-06-25 12:50:00+00:00,739.2,739.31,739.13,739.195,0
2026-06-25 12:51:00+00:00,739.14,739.3492,739.14,739.24,0
2026-06-25 12:52:00+00:00,739.2,739.29,739.12,739.2,0
2026-06-25 12:53:00+00:00,739.23,739.29,739.08,739.18,0
2026-06-25 12:54:00+00:00,739.12,739.24,739.03,739.18,0
2026-06-25 12:55:00+00:00,739.2,739.27,739.02,739.15,0
2026-06-25 12:56:00+00:00,739.13,739.1787,738.9778,739.01,0
2026-06-25 12:57:00+00:00,739.0,739.095,738.99,739.02,0
2026-06-25 12:58:00+00:00,739.0,739.0,738.81,738.9,0
2026-06-25 12:59:00+00:00,738.83,739.04,738.83,739.04,0
2026-06-25 13:00:00+00:00,738.97,739.23,738.94,738.94,0
2026-06-25 13:01:00+00:00,738.92,738.97,738.83,738.85,0
2026-06-25 13:02:00+00:00,738.86,738.96,738.8,738.96,0
2026-06-25 13:03:00+00:00,738.96,738.9612,738.66,738.71,0
2026-06-25 13:04:00+00:00,738.73,738.84,738.6,738.68,0
2026-06-25 13:05:00+00:00,738.68,738.73,738.55,738.66,0
2026-06-25 13:06:00+00:00,738.64,738.789,738.59,738.61,0
2026-06-25 13:07:00+00:00,738.62,738.725,738.5411,738.57,0
2026-06-25 13:08:00+00:00,738.57,738.72,738.5,738.72,0
2026-06-25 13:09:00+00:00,738.66,738.71,738.525,738.535,0
2026-06-25 13:10:00+00:00,738.54,738.61,738.5,738.6,0
2026-06-25 13:11:00+00:00,738.56,738.6487,738.4,738.61,0
2026-06-25 13:12:00+00:00,738.54,738.6233,738.5,738.5935,0
2026-06-25 13:13:00+00:00,738.5912,738.75,738.44,738.62,0
2026-06-25 13:14:00+00:00,738.62,738.69,738.56,738.66,0
2026-06-25 13:30:00+00:00,738.9099731445312,739.3699951171875,738.7000122070312,739.0599975585938,1646485
2026-06-25 13:31:00+00:00,739.0800170898438,739.0900268554688,737.9849853515625,738.0399780273438,179922
2026-06-25 13:32:00+00:00,738.0150146484375,738.0700073242188,737.1900024414062,737.2680053710938,186227
2026-06-25 13:33:00+00:00,737.27001953125,737.2899780273438,736.9500122070312,737.0693969726562,112673
2026-06-25 13:34:00+00:00,737.0900268554688,737.4598999023438,736.8599853515625,737.3399047851562,165647
2026-06-25 13:35:00+00:00,737.3099975585938,737.8350219726562,737.3099975585938,737.6309204101562,170264
2026-06-25 13:36:00+00:00,737.719970703125,737.8300170898438,737.47998046875,737.7839965820312,131596
2026-06-25 13:37:00+00:00,737.7899780273438,738.0250244140625,737.2100219726562,737.3300170898438,135953
2026-06-25 13:38:00+00:00,737.3499755859375,737.3900146484375,736.9201049804688,737.0239868164062,124922
2026-06-25 13:39:00+00:00,737.0399780273438,737.3800048828125,736.8800048828125,736.9600219726562,165910
2026-06-25 13:40:00+00:00,736.989990234375,737.1165161132812,736.280029296875,736.29541015625,167917
2026-06-25 13:41:00+00:00,736.3099975585938,736.489990234375,735.9760131835938,736.030029296875,164315
2026-06-25 13:42:00+00:00,736.0399780273438,736.0900268554688,735.22998046875,735.25,186166
2026-06-25 13:43:00+00:00,735.25,735.2999877929688,734.0900268554688,734.239990234375,231510
2026-06-25 13:44:00+00:00,734.25,734.8099975585938,734.0401000976562,734.2899780273438,206372
2026-06-25 13:45:00+00:00,734.2999877929688,734.7849731445312,733.3200073242188,733.3397827148438,320716
2026-06-25 13:46:00+00:00,733.3499755859375,733.52001953125,732.0599975585938,732.52001953125,375472
2026-06-25 13:47:00+00:00,732.5499877929688,733.0399780273438,732.030029296875,732.3099975585938,284150
2026-06-25 13:48:00+00:00,732.3300170898438,733.0,731.5399780273438,731.6199951171875,278718
2026-06-25 13:49:00+00:00,731.6300048828125,733.0399780273438,731.5700073242188,732.889892578125,245739
2026-06-25 13:50:00+00:00,732.8900146484375,733.6599731445312,732.4000244140625,733.2000122070312,290838
2026-06-25 13:51:00+00:00,733.22998046875,733.3670043945312,731.97998046875,732.1400146484375,189624
2026-06-25 13:52:00+00:00,732.1599731445312,732.3300170898438,731.5599975585938,731.875,161030
2026-06-25 13:53:00+00:00,731.864990234375,732.4199829101562,731.0900268554688,731.219970703125,226887
2026-06-25 13:54:00+00:00,731.22998046875,731.6849975585938,730.5,730.7000122070312,253674
2026-06-25 13:55:00+00:00,730.6599731445312,731.1199951171875,729.6500244140625,730.260009765625,534189
2026-06-25 13:56:00+00:00,730.27001953125,730.8400268554688,730.0499877929688,730.4600219726562,236499
2026-06-25 13:57:00+00:00,730.4349975585938,731.219970703125,730.2050170898438,730.7000122070312,221740
2026-06-25 13:58:00+00:00,730.7899780273438,730.8350219726562,730.0599975585938,730.25,103321
2026-06-25 13:59:00+00:00,730.25,730.5499877929688,729.5999755859375,729.8350219726562,237579
2026-06-25 14:00:00+00:00,729.8350219726562,730.9600219726562,729.780029296875,730.5700073242188,425380
2026-06-25 14:01:00+00:00,730.5999755859375,731.8099975585938,730.4000244140625,731.4290161132812,246755
2026-06-25 14:02:00+00:00,731.4099731445312,732.7000122070312,731.22998046875,732.6599731445312,192700
2026-06-25 14:03:00+00:00,732.6699829101562,733.530029296875,732.47119140625,733.1199951171875,234293
2026-06-25 14:04:00+00:00,733.1300048828125,733.4299926757812,732.8400268554688,733.239990234375,186142
2026-06-25 14:05:00+00:00,733.27001953125,734.5449829101562,733.25,733.75,239756
2026-06-25 14:06:00+00:00,733.780029296875,734.48876953125,733.489990234375,734.4099731445312,224262
2026-06-25 14:07:00+00:00,734.4299926757812,734.7999877929688,734.260009765625,734.469970703125,197178
2026-06-25 14:08:00+00:00,734.4600219726562,734.9299926757812,734.0999755859375,734.6199951171875,161585
2026-06-25 14:09:00+00:00,734.64501953125,735.030029296875,734.530029296875,734.9099731445312,152413
2026-06-25 14:10:00+00:00,734.9299926757812,735.8599853515625,734.8599853515625,735.4500122070312,263816
2026-06-25 14:11:00+00:00,735.4299926757812,735.8099975585938,735.2000122070312,735.4500122070312,173672
2026-06-25 14:12:00+00:00,735.4500122070312,735.6300048828125,734.9199829101562,735.0499877929688,203780
2026-06-25 14:13:00+00:00,735.0850219726562,735.22998046875,734.1400146484375,734.4749755859375,178603
2026-06-25 14:14:00+00:00,734.489990234375,734.6599731445312,734.0499877929688,734.1199951171875,122730
2026-06-25 14:15:00+00:00,734.1300048828125,734.9199829101562,733.8709106445312,733.9199829101562,127102
2026-06-25 14:16:00+00:00,733.9500122070312,734.1799926757812,733.1799926757812,733.489990234375,133958
2026-06-25 14:17:00+00:00,733.5,734.4199829101562,733.280029296875,734.030029296875,105806
2026-06-25 14:18:00+00:00,734.0451049804688,734.4500122070312,733.8499755859375,734.0999755859375,72233
2026-06-25 14:19:00+00:00,734.0800170898438,735.6699829101562,733.6199951171875,735.5599975585938,133114
2026-06-25 14:20:00+00:00,735.5549926757812,736.5,735.3900146484375,736.1591186523438,162888
2026-06-25 14:21:00+00:00,736.1500244140625,736.4199829101562,736.0,736.3099975585938,141451
2026-06-25 14:22:00+00:00,736.280029296875,736.3900146484375,735.2999877929688,735.2999877929688,147245
2026-06-25 14:23:00+00:00,735.2999877929688,735.6400146484375,734.8900146484375,735.260009765625,100053
2026-06-25 14:24:00+00:00,735.239990234375,735.239990234375,734.510009765625,735.0,132739
2026-06-25 14:25:00+00:00,735.010009765625,735.510009765625,734.969970703125,735.260009765625,85023
2026-06-25 14:26:00+00:00,735.2750244140625,735.760009765625,734.8099975585938,735.5150146484375,120688
2026-06-25 14:27:00+00:00,735.510009765625,735.9199829101562,735.0,735.1199951171875,123526
2026-06-25 14:28:00+00:00,735.1099853515625,735.72998046875,734.8400268554688,735.510009765625,81952
2026-06-25 14:29:00+00:00,735.5,735.7000122070312,735.1400146484375,735.4749755859375,57442
2026-06-25 14:30:00+00:00,735.4400024414062,735.8699951171875,735.3200073242188,735.4600219726562,136311
2026-06-25 14:31:00+00:00,735.489990234375,736.1099853515625,735.489990234375,735.6900024414062,107425
2026-06-25 14:32:00+00:00,735.7000122070312,736.5399169921875,735.5,736.3800048828125,136910
2026-06-25 14:33:00+00:00,736.405029296875,737.0999755859375,736.239990234375,736.5399780273438,150615
2026-06-25 14:34:00+00:00,736.52001953125,736.5999755859375,735.719970703125,736.3699951171875,159516
2026-06-25 14:35:00+00:00,736.3800048828125,736.6400146484375,736.1400146484375,736.219970703125,54278
2026-06-25 14:36:00+00:00,736.239990234375,736.5999755859375,736.1199951171875,736.4199829101562,72934
2026-06-25 14:37:00+00:00,736.510009765625,736.72998046875,735.5899047851562,735.8599853515625,88221
2026-06-25 14:38:00+00:00,735.8400268554688,736.239990234375,735.7899780273438,735.97998046875,62699
2026-06-25 14:39:00+00:00,735.989990234375,736.8400268554688,735.9600219726562,736.64501953125,111672
2026-06-25 14:40:00+00:00,736.6699829101562,736.760009765625,736.2044067382812,736.489990234375,59213
2026-06-25 14:41:00+00:00,736.469970703125,736.5399780273438,735.7899780273438,735.9400024414062,78463
2026-06-25 14:42:00+00:00,735.9199829101562,736.0,735.6199951171875,735.7100219726562,81361
2026-06-25 14:43:00+00:00,735.7100219726562,735.8699951171875,735.0999755859375,735.1900024414062,125657
2026-06-25 14:44:00+00:00,735.2399291992188,735.5599975585938,734.77001953125,735.409912109375,166456
2026-06-25 14:45:00+00:00,735.3900146484375,735.6300048828125,734.75,735.27001953125,96717
2026-06-25 14:46:00+00:00,735.239990234375,735.4500122070312,734.9500122070312,735.0800170898438,66025
2026-06-25 14:47:00+00:00,735.0800170898438,735.5499877929688,734.9600219726562,735.3800048828125,93491
2026-06-25 14:48:00+00:00,735.4199829101562,736.1599731445312,735.3900146484375,736.1500244140625,105512
2026-06-25 14:49:00+00:00,736.1799926757812,736.5900268554688,736.1699829101562,736.3499755859375,98536
2026-06-25 14:50:00+00:00,736.3300170898438,736.75,736.02001953125,736.219970703125,120826
2026-06-25 14:51:00+00:00,736.219970703125,737.3400268554688,736.0800170898438,737.22998046875,102481
2026-06-25 14:52:00+00:00,737.25,737.8200073242188,737.1900024414062,737.72998046875,117646
2026-06-25 14:53:00+00:00,737.7000122070312,737.739990234375,737.0499877929688,737.2208862304688,107152
2026-06-25 14:54:00+00:00,737.25,737.8099975585938,737.25,737.7999877929688,122568
2026-06-25 14:55:00+00:00,737.72998046875,737.72998046875,737.1900024414062,737.2150268554688,91756
2026-06-25 14:56:00+00:00,737.2100219726562,737.2899780273438,736.6699829101562,736.72998046875,110361
2026-06-25 14:57:00+00:00,736.739990234375,736.739990234375,735.239990234375,735.3200073242188,172723
2026-06-25 14:58:00+00:00,735.3800048828125,735.9299926757812,735.260009765625,735.27001953125,150044
2026-06-25 14:59:00+00:00,735.280029296875,735.7301025390625,735.030029296875,735.22998046875,157631
2026-06-25 15:00:00+00:00,735.260009765625,735.4400024414062,734.8599853515625,735.4000244140625,103188
2026-06-25 15:01:00+00:00,735.405029296875,735.8400268554688,735.3699951171875,735.489990234375,77288
2026-06-25 15:02:00+00:00,735.4600219726562,735.8709716796875,735.1900024414062,735.8599853515625,51037
2026-06-25 15:03:00+00:00,735.9099731445312,735.9099731445312,735.3206787109375,735.5120849609375,60469
2026-06-25 15:04:00+00:00,735.510009765625,736.22998046875,735.47998046875,736.1599731445312,68304
2026-06-25 15:05:00+00:00,736.1600952148438,736.52001953125,735.1599731445312,735.2999877929688,156264
2026-06-25 15:06:00+00:00,735.27001953125,735.47998046875,734.5999755859375,734.9600219726562,150479
2026-06-25 15:07:00+00:00,734.9400024414062,735.1099853515625,734.5999755859375,734.9500122070312,94898
2026-06-25 15:08:00+00:00,734.9500122070312,735.280029296875,734.719970703125,734.9099731445312,83940
2026-06-25 15:09:00+00:00,734.9099731445312,735.0499877929688,734.5,734.760009765625,88027
2026-06-25 15:10:00+00:00,734.75,734.8900146484375,734.375,734.7000122070312,66187
2026-06-25 15:11:00+00:00,734.7100219726562,734.719970703125,733.7100219726562,733.889892578125,173821
2026-06-25 15:12:00+00:00,733.864990234375,734.030029296875,732.7999877929688,733.0150146484375,201584
2026-06-25 15:13:00+00:00,733.030029296875,733.219970703125,732.8699951171875,733.0499877929688,144628
2026-06-25 15:14:00+00:00,733.0599975585938,733.219970703125,732.6199951171875,732.969970703125,172958
2026-06-25 15:15:00+00:00,732.97998046875,733.0050048828125,731.8499755859375,732.3099975585938,221359
2026-06-25 15:16:00+00:00,732.3049926757812,732.5,731.8499755859375,732.2800903320312,147245
2026-06-25 15:17:00+00:00,732.3099975585938,733.0499877929688,732.280029296875,732.864990234375,250870
2026-06-25 15:18:00+00:00,732.8798828125,733.6699829101562,732.7999877929688,733.2796020507812,152376
2026-06-25 15:19:00+00:00,733.2650146484375,733.875,733.1400146484375,733.6699829101562,97457
2026-06-25 15:20:00+00:00,733.6400146484375,733.719970703125,732.9500122070312,733.1799926757812,139889
2026-06-25 15:21:00+00:00,733.2100219726562,734.219970703125,733.1599731445312,734.2000122070312,97073
2026-06-25 15:22:00+00:00,734.2000122070312,734.22998046875,733.72998046875,733.97998046875,58848
2026-06-25 15:23:00+00:00,733.969970703125,734.3900146484375,733.8400268554688,734.0900268554688,56258
2026-06-25 15:24:00+00:00,734.0700073242188,734.8499755859375,734.0700073242188,734.5100708007812,86572
2026-06-25 15:25:00+00:00,734.510009765625,734.5700073242188,734.1400146484375,734.2150268554688,61611
2026-06-25 15:26:00+00:00,734.1900024414062,734.3499755859375,733.7811279296875,734.2899780273438,55584
2026-06-25 15:27:00+00:00,734.3499755859375,734.8599853515625,734.1599731445312,734.5999755859375,74013
2026-06-25 15:28:00+00:00,734.6099853515625,734.6699829101562,734.0999755859375,734.3599853515625,41194
2026-06-25 15:29:00+00:00,734.3800048828125,734.4550170898438,733.9199829101562,734.2899780273438,86431
2026-06-25 15:30:00+00:00,734.2899780273438,734.5,734.0900268554688,734.4500122070312,77593
2026-06-25 15:31:00+00:00,734.4600219726562,734.969970703125,734.3900146484375,734.72998046875,77974
2026-06-25 15:32:00+00:00,734.739990234375,735.4500122070312,734.6599731445312,735.3099975585938,71062
2026-06-25 15:33:00+00:00,735.2999877929688,735.3400268554688,734.6599731445312,735.02001953125,69359
2026-06-25 15:34:00+00:00,735.0,735.094970703125,734.1199951171875,734.2230834960938,67493
2026-06-25 15:35:00+00:00,734.219970703125,734.6799926757812,734.2199096679688,734.5,49219
2026-06-25 15:36:00+00:00,734.52001953125,734.8300170898438,734.4400024414062,734.655029296875,58792
2026-06-25 15:37:00+00:00,734.6900024414062,734.9500122070312,734.5499877929688,734.5599975585938,39664
2026-06-25 15:38:00+00:00,734.5578002929688,734.739990234375,734.3699951171875,734.5,42282
2026-06-25 15:39:00+00:00,734.510009765625,734.530029296875,734.1900024414062,734.2100219726562,72432
2026-06-25 15:40:00+00:00,734.219970703125,734.4199829101562,734.010009765625,734.2849731445312,34934
2026-06-25 15:41:00+00:00,734.27001953125,734.489990234375,733.9199829101562,734.3099975585938,57756
2026-06-25 15:42:00+00:00,734.260009765625,734.3400268554688,734.0131225585938,734.2999877929688,42463
2026-06-25 15:43:00+00:00,734.3200073242188,734.719970703125,734.239990234375,734.3900146484375,65398
2026-06-25 15:44:00+00:00,734.3800048828125,734.8800048828125,734.3400268554688,734.77001953125,42642
2026-06-25 15:45:00+00:00,734.75,735.5499877929688,734.5700073242188,735.4249877929688,73271
2026-06-25 15:46:00+00:00,735.4249877929688,735.7899780273438,735.35302734375,735.4700927734375,57887
2026-06-25 15:47:00+00:00,735.4849853515625,735.6300048828125,735.3599853515625,735.47998046875,46045
2026-06-25 15:48:00+00:00,735.510009765625,735.510009765625,734.6699829101562,734.8499755859375,60321
2026-06-25 15:49:00+00:00,734.9307861328125,734.989990234375,734.3200073242188,734.448974609375,116417
2026-06-25 15:50:00+00:00,734.4199829101562,734.6799926757812,734.0800170898438,734.4199829101562,177178
2026-06-25 15:51:00+00:00,734.4199829101562,734.963623046875,734.3400268554688,734.469970703125,57680
2026-06-25 15:52:00+00:00,734.4600219726562,734.539306640625,734.2899780273438,734.4500122070312,48201
2026-06-25 15:53:00+00:00,734.4500122070312,734.530029296875,734.1199951171875,734.3699951171875,28555
2026-06-25 15:54:00+00:00,734.3400268554688,734.8300170898438,734.3400268554688,734.5999755859375,38883
2026-06-25 15:55:00+00:00,734.5700073242188,734.7999877929688,734.3900146484375,734.5499877929688,30565
2026-06-25 15:56:00+00:00,734.5499877929688,734.8200073242188,734.4600219726562,734.6199951171875,34801
2026-06-25 15:57:00+00:00,734.6300048828125,734.9500122070312,734.4199829101562,734.6400146484375,46571
2026-06-25 15:58:00+00:00,734.6500244140625,734.6500244140625,734.27001953125,734.375,159322
2026-06-25 15:59:00+00:00,734.3900146484375,734.3900146484375,734.0,734.1400146484375,41472
2026-06-25 16:00:00+00:00,734.1599731445312,734.3400268554688,733.9500122070312,734.22998046875,64662
2026-06-25 16:01:00+00:00,734.239990234375,734.3900146484375,733.6699829101562,734.0900268554688,61062
2026-06-25 16:02:00+00:00,734.0800170898438,734.0800170898438,733.77001953125,733.8400268554688,24215
2026-06-25 16:03:00+00:00,733.8400268554688,734.0499877929688,733.7100219726562,733.9000244140625,48833
2026-06-25 16:04:00+00:00,733.9000244140625,734.3099975585938,733.8900146484375,734.1500244140625,221001
2026-06-25 16:05:00+00:00,734.1699829101562,734.5800170898438,733.9979858398438,734.3699951171875,59226
2026-06-25 16:06:00+00:00,734.4000244140625,735.260009765625,734.280029296875,735.2498779296875,71663
2026-06-25 16:07:00+00:00,735.239990234375,735.2449951171875,734.8400268554688,734.8599853515625,63735
2026-06-25 16:08:00+00:00,734.840087890625,735.1799926757812,734.7349853515625,735.1400146484375,34100
2026-06-25 16:09:00+00:00,735.1300048828125,735.4099731445312,734.9400024414062,735.3300170898438,84461
2026-06-25 16:10:00+00:00,735.3300170898438,736.0399780273438,735.22998046875,735.8599853515625,69688
2026-06-25 16:11:00+00:00,735.8699951171875,736.1799926757812,735.4600219726562,735.5399780273438,65363
2026-06-25 16:12:00+00:00,735.5499877929688,735.6290283203125,735.22998046875,735.489990234375,35074
2026-06-25 16:13:00+00:00,735.52001953125,735.9290771484375,735.47998046875,735.9000244140625,56016
2026-06-25 16:14:00+00:00,735.8699951171875,735.8699951171875,735.6099853515625,735.6900024414062,49130
2026-06-25 16:15:00+00:00,735.7100219726562,736.02001953125,735.6500244140625,735.9500122070312,55164
2026-06-25 16:16:00+00:00,735.9400024414062,736.1300048828125,735.8599853515625,736.1099853515625,64674
2026-06-25 16:17:00+00:00,736.110107421875,736.27001953125,735.7999877929688,736.0098876953125,76404
2026-06-25 16:18:00+00:00,736.010009765625,736.1199951171875,735.72998046875,735.7899780273438,63967
2026-06-25 16:19:00+00:00,735.7999877929688,735.7999877929688,735.4099731445312,735.5,199165
2026-06-25 16:20:00+00:00,735.510009765625,735.760009765625,735.3900146484375,735.3900146484375,46577
2026-06-25 16:21:00+00:00,735.405029296875,735.6599731445312,735.239990234375,735.6199951171875,59684
2026-06-25 16:22:00+00:00,735.6400146484375,735.719970703125,735.02001953125,735.0700073242188,34289
2026-06-25 16:23:00+00:00,735.0285034179688,735.1400146484375,734.4000244140625,734.489990234375,56424
2026-06-25 16:24:00+00:00,734.4600219726562,734.6900024414062,734.27001953125,734.4401245117188,34304
2026-06-25 16:25:00+00:00,734.4450073242188,734.6199951171875,733.989990234375,734.1599731445312,51647
2026-06-25 16:26:00+00:00,734.1500244140625,734.4400024414062,734.1500244140625,734.3200073242188,21582
2026-06-25 16:27:00+00:00,734.3099975585938,734.3300170898438,734.010009765625,734.1806030273438,20840
2026-06-25 16:28:00+00:00,734.1599731445312,734.3300170898438,734.02001953125,734.1699829101562,15924
2026-06-25 16:29:00+00:00,734.1500244140625,734.280029296875,733.9400024414062,734.1900024414062,35755
2026-06-25 16:30:00+00:00,734.2249755859375,734.2249755859375,733.5700073242188,733.7000122070312,55302
2026-06-25 16:31:00+00:00,733.725830078125,733.9149780273438,733.4099731445312,733.47998046875,34105
2026-06-25 16:32:00+00:00,733.489990234375,733.6900024414062,733.3900146484375,733.4000244140625,43832
2026-06-25 16:33:00+00:00,733.3900146484375,733.469970703125,732.969970703125,733.4000244140625,79156
2026-06-25 16:34:00+00:00,733.3759765625,733.4387817382812,733.0599975585938,733.389892578125,58466
2026-06-25 16:35:00+00:00,733.3474731445312,733.3599853515625,732.8588256835938,733.22998046875,56635
2026-06-25 16:36:00+00:00,733.22998046875,733.5900268554688,733.0474853515625,733.25,45044
2026-06-25 16:37:00+00:00,733.260009765625,733.260009765625,732.97998046875,733.1799926757812,40974
2026-06-25 16:38:00+00:00,733.1500244140625,733.1699829101562,732.7999877929688,733.0900268554688,47444
2026-06-25 16:39:00+00:00,733.0900268554688,733.2100219726562,732.6599731445312,732.77001953125,45948
2026-06-25 16:40:00+00:00,732.77001953125,732.85498046875,732.5700073242188,732.760009765625,61569
2026-06-25 16:41:00+00:00,732.7850952148438,732.9600219726562,732.4500122070312,732.47998046875,57523
2026-06-25 16:42:00+00:00,732.469970703125,732.780029296875,732.3900146484375,732.5399780273438,61006
2026-06-25 16:43:00+00:00,732.5349731445312,732.77001953125,732.2100219726562,732.224609375,70619
2026-06-25 16:44:00+00:00,732.25,732.3200073242188,732.114990234375,732.2899780273438,56702
2026-06-25 16:45:00+00:00,732.2899780273438,732.3350219726562,731.5390014648438,731.6348876953125,130442
2026-06-25 16:46:00+00:00,731.6900024414062,732.1699829101562,731.5,732.1099853515625,77398
2026-06-25 16:47:00+00:00,732.1300048828125,732.6300048828125,732.0599975585938,732.3699951171875,123225
2026-06-25 16:48:00+00:00,732.4099731445312,732.8699951171875,732.3499755859375,732.6300048828125,96893
2026-06-25 16:49:00+00:00,732.6300048828125,732.9099731445312,732.4949951171875,732.7999877929688,55096
2026-06-25 16:50:00+00:00,732.8099975585938,732.97998046875,732.530029296875,732.8200073242188,53468
2026-06-25 16:51:00+00:00,732.7999877929688,732.8900146484375,732.52001953125,732.5399780273438,20984
2026-06-25 16:52:00+00:00,732.5499877929688,732.8499755859375,732.2816772460938,732.8300170898438,44231
2026-06-25 16:53:00+00:00,732.8300170898438,733.0900268554688,732.5999755859375,732.6900024414062,38960
2026-06-25 16:54:00+00:00,732.6900024414062,732.9500122070312,732.6599731445312,732.7000122070312,27762
2026-06-25 16:55:00+00:00,732.72998046875,732.739990234375,732.0999755859375,732.3590087890625,113251
2026-06-25 16:56:00+00:00,732.3400268554688,732.6199951171875,732.110107421875,732.1900024414062,49832
2026-06-25 16:57:00+00:00,732.1900024414062,732.4299926757812,732.094970703125,732.1099853515625,37009
2026-06-25 16:58:00+00:00,732.1500244140625,732.4199829101562,732.0700073242188,732.3900146484375,35546
2026-06-25 16:59:00+00:00,732.3599853515625,732.5700073242188,732.3200073242188,732.5399780273438,27916
2026-06-25 17:00:00+00:00,732.5599975585938,732.9451293945312,732.52001953125,732.8150024414062,54930
2026-06-25 17:01:00+00:00,732.8300170898438,733.0,732.6300048828125,732.8699951171875,90124
2026-06-25 17:02:00+00:00,732.8599853515625,733.0198974609375,732.5999755859375,732.760009765625,20611
2026-06-25 17:03:00+00:00,732.7999877929688,732.9500122070312,732.6400146484375,732.8300170898438,31754
2026-06-25 17:04:00+00:00,732.8499755859375,732.9400024414062,732.489990234375,732.5078125,74851
2026-06-25 17:05:00+00:00,732.5,732.6599731445312,732.3599853515625,732.510009765625,58767
2026-06-25 17:06:00+00:00,732.4849853515625,732.5,732.2050170898438,732.219970703125,36876
2026-06-25 17:07:00+00:00,732.219970703125,732.5399780273438,732.135009765625,732.52001953125,27512
2026-06-25 17:08:00+00:00,732.5150146484375,732.8099975585938,732.5,732.5,27388
2026-06-25 17:09:00+00:00,732.5499877929688,732.75,732.5399780273438,732.7000122070312,19796
2026-06-25 17:10:00+00:00,732.6900024414062,733.2899780273438,732.6900024414062,733.22998046875,117436
2026-06-25 17:11:00+00:00,733.22998046875,733.719970703125,733.2000122070312,733.4000244140625,66749
2026-06-25 17:12:00+00:00,733.4149780273438,733.4450073242188,732.9600219726562,733.2100219726562,40460
2026-06-25 17:13:00+00:00,733.1799926757812,733.52001953125,733.1199951171875,733.4229125976562,34107
2026-06-25 17:14:00+00:00,733.4099731445312,733.5399780273438,733.1500244140625,733.219970703125,41434
2026-06-25 17:15:00+00:00,733.22998046875,734.1199951171875,733.22998046875,734.0,57050
2026-06-25 17:16:00+00:00,733.989990234375,734.25,733.7802124023438,733.8400268554688,43427
2026-06-25 17:17:00+00:00,733.8300170898438,733.969970703125,733.47998046875,733.6699829101562,46006
2026-06-25 17:18:00+00:00,733.655029296875,733.6599731445312,733.1199951171875,733.1199951171875,86406
2026-06-25 17:19:00+00:00,733.1199951171875,733.280029296875,732.489990234375,732.510009765625,70983
2026-06-25 17:20:00+00:00,732.52001953125,732.9400024414062,732.0800170898438,732.8250122070312,79722
2026-06-25 17:21:00+00:00,732.8200073242188,733.02001953125,732.77001953125,732.8200073242188,23960
2026-06-25 17:22:00+00:00,732.8499755859375,733.010009765625,732.6400146484375,732.72998046875,39088
2026-06-25 17:23:00+00:00,732.72998046875,732.8499755859375,732.469970703125,732.7999877929688,80786
2026-06-25 17:24:00+00:00,732.7999877929688,733.0700073242188,732.780029296875,732.8900146484375,41714
2026-06-25 17:25:00+00:00,732.9199829101562,733.1799926757812,732.8400268554688,733.0449829101562,31670
2026-06-25 17:26:00+00:00,733.0399780273438,733.5999755859375,733.0399780273438,733.5900268554688,31532
2026-06-25 17:27:00+00:00,733.510009765625,733.6500244140625,733.360107421875,733.4600219726562,43137
2026-06-25 17:28:00+00:00,733.4700927734375,733.4700927734375,732.968017578125,733.0250244140625,52023
2026-06-25 17:29:00+00:00,733.030029296875,733.3099975585938,733.0,733.260009765625,17806
2026-06-25 17:30:00+00:00,733.27001953125,733.52001953125,733.1599731445312,733.4450073242188,316503
2026-06-25 17:31:00+00:00,733.4299926757812,733.4299926757812,733.0599975585938,733.1099853515625,25189
2026-06-25 17:32:00+00:00,733.1199951171875,733.27001953125,732.8099975585938,732.8099975585938,61798
2026-06-25 17:33:00+00:00,732.8099975585938,733.0800170898438,732.6199951171875,733.030029296875,36638
2026-06-25 17:34:00+00:00,733.010009765625,733.0499877929688,732.8099975585938,732.9299926757812,33368
2026-06-25 17:35:00+00:00,732.9299926757812,733.3099975585938,732.8599853515625,733.1799926757812,42354
2026-06-25 17:36:00+00:00,733.1400146484375,733.5499877929688,733.0800170898438,733.3300170898438,57987
2026-06-25 17:37:00+00:00,733.3099975585938,733.3099975585938,732.989990234375,733.1400146484375,33817
2026-06-25 17:38:00+00:00,733.1300048828125,733.4500122070312,733.0599975585938,733.4199829101562,41242
2026-06-25 17:39:00+00:00,733.4500122070312,733.47998046875,733.0900268554688,733.3400268554688,45927
2026-06-25 17:40:00+00:00,733.3300170898438,733.739990234375,733.280029296875,733.6300048828125,56416
2026-06-25 17:41:00+00:00,733.6699829101562,733.7899780273438,733.3400268554688,733.4299926757812,68651
2026-06-25 17:42:00+00:00,733.4199829101562,733.52001953125,733.1699829101562,733.25,58092
2026-06-25 17:43:00+00:00,733.22998046875,733.3800048828125,732.7899780273438,732.7899780273438,60973
2026-06-25 17:44:00+00:00,732.760009765625,732.7999877929688,732.52001953125,732.6300048828125,36482
2026-06-25 17:45:00+00:00,732.64990234375,732.6500244140625,732.0399780273438,732.1500244140625,60450
2026-06-25 17:46:00+00:00,732.1300048828125,732.5,732.0700073242188,732.1400146484375,62643
2026-06-25 17:47:00+00:00,732.1500244140625,732.1500244140625,731.72998046875,731.97998046875,64133
2026-06-25 17:48:00+00:00,731.969970703125,732.0100708007812,731.6901245117188,731.864990234375,43693
2026-06-25 17:49:00+00:00,731.8599853515625,731.8900146484375,731.6599731445312,731.8599853515625,41103
2026-06-25 17:50:00+00:00,731.8300170898438,732.0549926757812,731.5999755859375,731.9000854492188,60617
2026-06-25 17:51:00+00:00,731.9199829101562,732.0399780273438,731.7000122070312,731.75,33801
2026-06-25 17:52:00+00:00,731.739990234375,732.0599975585938,731.739990234375,731.9199829101562,220614
2026-06-25 17:53:00+00:00,731.9550170898438,732.6799926757812,731.8900146484375,732.5599975585938,45953
2026-06-25 17:54:00+00:00,732.5750122070312,732.7899780273438,732.4600219726562,732.5700073242188,688188
2026-06-25 17:55:00+00:00,732.5599975585938,732.780029296875,732.3400268554688,732.7744750976562,31784
2026-06-25 17:56:00+00:00,732.7999877929688,732.8298950195312,732.3599853515625,732.7999877929688,69042
2026-06-25 17:57:00+00:00,732.8400268554688,733.1699829101562,732.8400268554688,733.1099853515625,49877
2026-06-25 17:58:00+00:00,733.1099853515625,733.4500122070312,733.0599975585938,733.3900146484375,73602
2026-06-25 17:59:00+00:00,733.4000244140625,733.5800170898438,733.219970703125,733.4500122070312,53102
2026-06-25 18:00:00+00:00,733.4400024414062,733.52001953125,733.0399780273438,733.1799926757812,86639
2026-06-25 18:01:00+00:00,733.1900024414062,733.4500122070312,733.1199951171875,733.1400146484375,60950
2026-06-25 18:02:00+00:00,733.1599731445312,733.1599731445312,731.6599731445312,731.780029296875,188055
2026-06-25 18:03:00+00:00,731.8300170898438,732.260009765625,731.4199829101562,731.4199829101562,227292
2026-06-25 18:04:00+00:00,731.4500122070312,732.0800170898438,731.3800048828125,731.9299926757812,121468
2026-06-25 18:05:00+00:00,732.010009765625,732.25,731.72998046875,732.1599731445312,134452
2026-06-25 18:06:00+00:00,732.1699829101562,732.8300170898438,732.1300048828125,732.7564697265625,60639
2026-06-25 18:07:00+00:00,732.739990234375,733.1699829101562,732.5499877929688,732.9400024414062,50692
2026-06-25 18:08:00+00:00,733.010009765625,733.22998046875,732.9000244140625,733.010009765625,38733
2026-06-25 18:09:00+00:00,732.969970703125,733.5999755859375,732.9000244140625,733.4249877929688,105431
2026-06-25 18:10:00+00:00,733.4000244140625,733.780029296875,733.260009765625,733.3599853515625,59678
2026-06-25 18:11:00+00:00,733.3800048828125,733.760009765625,733.3599853515625,733.7100219726562,49536
2026-06-25 18:12:00+00:00,733.7100219726562,733.989990234375,733.530029296875,733.6199951171875,63994
2026-06-25 18:13:00+00:00,733.6300048828125,733.6599731445312,732.97998046875,733.0700073242188,70808
2026-06-25 18:14:00+00:00,733.0700073242188,733.3499755859375,732.9000244140625,733.219970703125,46131
2026-06-25 18:15:00+00:00,733.22998046875,733.25,732.969970703125,733.1599731445312,35502
2026-06-25 18:16:00+00:00,733.2050170898438,733.8400268554688,733.2050170898438,733.780029296875,50413
2026-06-25 18:17:00+00:00,733.780029296875,734.0,733.719970703125,733.8599853515625,52413
2026-06-25 18:18:00+00:00,733.8593139648438,734.6500244140625,733.8200073242188,734.6099853515625,146444
2026-06-25 18:19:00+00:00,734.5999755859375,735.3699951171875,734.5900268554688,734.8200073242188,138367
2026-06-25 18:20:00+00:00,734.8200073242188,735.1900024414062,734.72998046875,734.75,207707
2026-06-25 18:21:00+00:00,734.760009765625,734.760009765625,734.2100219726562,734.4199829101562,82256
2026-06-25 18:22:00+00:00,734.4550170898438,734.8900146484375,734.4000244140625,734.6900024414062,103041
2026-06-25 18:23:00+00:00,734.6699829101562,734.8900146484375,734.6099853515625,734.8900146484375,36541
2026-06-25 18:24:00+00:00,734.8599853515625,735.1599731445312,734.77001953125,734.9099731445312,115966
2026-06-25 18:25:00+00:00,734.9099731445312,735.5700073242188,734.9000244140625,735.5050048828125,151997
2026-06-25 18:26:00+00:00,735.5,735.6799926757812,735.3900146484375,735.5900268554688,120735
2026-06-25 18:27:00+00:00,735.5900268554688,735.7000122070312,735.3699951171875,735.6799926757812,74481
2026-06-25 18:28:00+00:00,735.6799926757812,736.0599975585938,735.6599731445312,735.6900024414062,101302
2026-06-25 18:29:00+00:00,735.6801147460938,735.9400024414062,735.5900268554688,735.8400268554688,54915
2026-06-25 18:30:00+00:00,735.8300170898438,735.8499755859375,735.0,735.0,67494
2026-06-25 18:31:00+00:00,735.02001953125,735.1099853515625,734.7000122070312,734.9400024414062,75444
2026-06-25 18:32:00+00:00,734.9299926757812,734.989990234375,734.52001953125,734.5399780273438,98194
2026-06-25 18:33:00+00:00,734.530029296875,734.530029296875,734.02001953125,734.1199951171875,61481
2026-06-25 18:34:00+00:00,734.1199951171875,734.3099975585938,733.9509887695312,734.02001953125,184491
2026-06-25 18:35:00+00:00,734.02001953125,734.219970703125,733.5999755859375,734.1099853515625,81603
2026-06-25 18:36:00+00:00,734.1099853515625,734.4199829101562,734.0900268554688,734.2100219726562,113565
2026-06-25 18:37:00+00:00,734.2100219726562,734.5,733.97998046875,734.469970703125,101399
2026-06-25 18:38:00+00:00,734.4600219726562,734.7100219726562,734.3099975585938,734.469970703125,36691
2026-06-25 18:39:00+00:00,734.4400024414062,734.635009765625,734.0599975585938,734.4600219726562,95842
2026-06-25 18:40:00+00:00,734.4400024414062,734.489990234375,734.1400146484375,734.3300170898438,36767
2026-06-25 18:41:00+00:00,734.3200073242188,734.3499755859375,733.9000244140625,733.9299926757812,76090
2026-06-25 18:42:00+00:00,733.9299926757812,734.0999755859375,733.8400268554688,734.0800170898438,38537
2026-06-25 18:43:00+00:00,734.0700073242188,734.2899780273438,734.0399780273438,734.2000122070312,28172
2026-06-25 18:44:00+00:00,734.2100219726562,734.260009765625,733.8599853515625,733.9249877929688,61039
2026-06-25 18:45:00+00:00,733.9199829101562,733.9199829101562,733.27001953125,733.4400024414062,82053
2026-06-25 18:46:00+00:00,733.4400024414062,733.6199951171875,733.0800170898438,733.0800170898438,89044
2026-06-25 18:47:00+00:00,733.0599975585938,733.1699829101562,732.6900024414062,733.1400146484375,92149
2026-06-25 18:48:00+00:00,733.13671875,733.27001953125,732.9619750976562,733.2100219726562,170522
2026-06-25 18:49:00+00:00,733.25,733.5900268554688,733.25,733.5650024414062,39119
2026-06-25 18:50:00+00:00,733.5599975585938,733.7999877929688,733.5094604492188,733.739990234375,39141
2026-06-25 18:51:00+00:00,733.75,733.9099731445312,733.4299926757812,733.4500122070312,37589
2026-06-25 18:52:00+00:00,733.4600219726562,734.3499755859375,733.39501953125,734.3400268554688,61366
2026-06-25 18:53:00+00:00,734.3400268554688,734.3400268554688,733.9400024414062,733.9650268554688,42683
2026-06-25 18:54:00+00:00,733.9600219726562,734.0599975585938,733.5700073242188,733.6849975585938,44350
2026-06-25 18:55:00+00:00,733.7000122070312,734.0900268554688,733.6900024414062,733.8699951171875,50669
2026-06-25 18:56:00+00:00,733.8599853515625,733.9199829101562,733.530029296875,733.8843994140625,166470
2026-06-25 18:57:00+00:00,733.9000244140625,733.969970703125,733.6300048828125,733.8599853515625,191500
2026-06-25 18:58:00+00:00,733.8300170898438,734.0700073242188,733.6599731445312,733.6599731445312,94172
2026-06-25 18:59:00+00:00,733.6699829101562,733.9199829101562,733.5900268554688,733.8800048828125,54892
2026-06-25 19:00:00+00:00,733.9299926757812,733.94140625,733.5999755859375,733.6900024414062,34936
2026-06-25 19:01:00+00:00,733.7000122070312,733.77001953125,733.3699951171875,733.4000244140625,59675
2026-06-25 19:02:00+00:00,733.4000244140625,733.469970703125,733.155029296875,733.1699829101562,69661
2026-06-25 19:03:00+00:00,733.1699829101562,733.1900024414062,732.72998046875,733.0999755859375,67591
2026-06-25 19:04:00+00:00,733.0859985351562,733.1799926757812,732.739990234375,733.0,46898
2026-06-25 19:05:00+00:00,732.9600219726562,733.1649780273438,732.8200073242188,732.8499755859375,74944
2026-06-25 19:06:00+00:00,732.8200073242188,733.1599731445312,732.77001953125,733.0850219726562,326984
2026-06-25 19:07:00+00:00,733.0499877929688,733.22998046875,732.97998046875,733.1400146484375,57681
2026-06-25 19:08:00+00:00,733.1300048828125,733.22998046875,732.8800048828125,733.02001953125,128373
2026-06-25 19:09:00+00:00,733.0399780273438,733.2100219726562,732.8599853515625,733.0900268554688,49447
2026-06-25 19:10:00+00:00,733.0900268554688,733.1950073242188,732.8400268554688,733.02001953125,72367
2026-06-25 19:11:00+00:00,733.030029296875,733.2000122070312,732.8200073242188,732.8400268554688,83662
2026-06-25 19:12:00+00:00,732.8400268554688,732.8499755859375,732.6400146484375,732.7999877929688,96942
2026-06-25 19:13:00+00:00,732.8099975585938,733.0,732.3800048828125,732.489990234375,85032
2026-06-25 19:14:00+00:00,732.47998046875,732.6099853515625,732.3200073242188,732.3800048828125,464616
2026-06-25 19:15:00+00:00,732.3699951171875,732.3699951171875,732.02001953125,732.239990234375,320992
2026-06-25 19:16:00+00:00,732.239990234375,732.6199951171875,732.1898803710938,732.4099731445312,80614
2026-06-25 19:17:00+00:00,732.3800048828125,732.4299926757812,731.8699951171875,731.9600219726562,56450
2026-06-25 19:18:00+00:00,731.9349975585938,732.2899780273438,731.8900146484375,731.9541015625,71404
2026-06-25 19:19:00+00:00,731.9600219726562,732.27001953125,731.8900146484375,732.22998046875,70552
2026-06-25 19:20:00+00:00,732.2501220703125,732.4598999023438,732.030029296875,732.1749877929688,75794
2026-06-25 19:21:00+00:00,732.1500244140625,732.5399780273438,732.0700073242188,732.2799072265625,52335
2026-06-25 19:22:00+00:00,732.3099975585938,732.5599975585938,732.1099853515625,732.4600219726562,113952
2026-06-25 19:23:00+00:00,732.4500122070312,732.6300048828125,732.2899780273438,732.4600219726562,185261
2026-06-25 19:24:00+00:00,732.4400024414062,732.6500244140625,732.3900146484375,732.6500244140625,45699
2026-06-25 19:25:00+00:00,732.6500244140625,732.8499755859375,732.5399780273438,732.6400146484375,42665
2026-06-25 19:26:00+00:00,732.6400146484375,732.7100219726562,732.4400024414062,732.635009765625,343515
2026-06-25 19:27:00+00:00,732.6300048828125,732.6500244140625,732.260009765625,732.260009765625,47823
2026-06-25 19:28:00+00:00,732.2899780273438,732.2899780273438,732.0512084960938,732.1900024414062,98237
2026-06-25 19:29:00+00:00,732.1699829101562,732.6599731445312,732.1500244140625,732.3923950195312,107193
2026-06-25 19:30:00+00:00,732.3900146484375,732.5,732.0999755859375,732.1599731445312,110907
2026-06-25 19:31:00+00:00,732.1500244140625,732.2100219726562,731.760009765625,731.9199829101562,100254
2026-06-25 19:32:00+00:00,731.9201049804688,732.22998046875,731.8300170898438,731.8400268554688,210068
2026-06-25 19:33:00+00:00,731.8499755859375,732.1099853515625,731.8200073242188,732.0599975585938,119295
2026-06-25 19:34:00+00:00,732.0499877929688,732.260009765625,731.9500122070312,732.1500244140625,73089
2026-06-25 19:35:00+00:00,732.1400146484375,732.1500244140625,731.8699951171875,731.905029296875,87720
2026-06-25 19:36:00+00:00,731.9000244140625,732.1500244140625,731.8499755859375,731.9000244140625,660399
2026-06-25 19:37:00+00:00,731.9099731445312,732.0,731.6900024414062,731.9600219726562,111829
2026-06-25 19:38:00+00:00,731.969970703125,731.989990234375,731.739990234375,731.8499755859375,88276
2026-06-25 19:39:00+00:00,731.8300170898438,732.1199951171875,731.719970703125,732.0891723632812,229459
2026-06-25 19:40:00+00:00,732.0900268554688,732.3300170898438,731.9249877929688,731.9500122070312,116080
2026-06-25 19:41:00+00:00,731.9500122070312,732.1900024414062,731.5999755859375,732.0549926757812,265958
2026-06-25 19:42:00+00:00,732.0399780273438,732.260009765625,731.9600219726562,732.0399780273438,109008
2026-06-25 19:43:00+00:00,732.010009765625,732.1199951171875,731.8499755859375,732.0800170898438,108669
2026-06-25 19:44:00+00:00,732.0800170898438,732.2100219726562,731.9299926757812,731.9600219726562,107097
2026-06-25 19:45:00+00:00,731.9760131835938,731.9929809570312,731.5900268554688,731.6500244140625,150445
2026-06-25 19:46:00+00:00,731.6500244140625,731.72998046875,731.469970703125,731.6201171875,245130
2026-06-25 19:47:00+00:00,731.6199951171875,732.030029296875,731.6099853515625,731.6799926757812,387547
2026-06-25 19:48:00+00:00,731.6500244140625,731.760009765625,731.3599853515625,731.5,204231
2026-06-25 19:49:00+00:00,731.510009765625,731.7999877929688,731.4550170898438,731.7550048828125,186617
2026-06-25 19:50:00+00:00,731.760009765625,732.0800170898438,731.3300170898438,731.5700073242188,416943
2026-06-25 19:51:00+00:00,731.5700073242188,732.0599975585938,731.4301147460938,731.9299926757812,147250
2026-06-25 19:52:00+00:00,731.9199829101562,732.27001953125,731.8800048828125,732.260009765625,155472
2026-06-25 19:53:00+00:00,732.27001953125,732.6099853515625,732.260009765625,732.3800048828125,164317
2026-06-25 19:54:00+00:00,732.3699951171875,732.5599975585938,732.1599731445312,732.5399780273438,183465
2026-06-25 19:55:00+00:00,732.5599975585938,732.8599853515625,732.280029296875,732.4199829101562,245766
2026-06-25 19:56:00+00:00,732.4099731445312,732.5,732.1599731445312,732.260009765625,234242
2026-06-25 19:57:00+00:00,732.27001953125,732.6699829101562,732.239990234375,732.25,487265
2026-06-25 19:58:00+00:00,732.260009765625,732.3400268554688,731.9400024414062,731.9400024414062,494989
2026-06-25 19:59:00+00:00,731.9600219726562,733.3800048828125,731.9400024414062,733.27001953125,1546612
2026-06-25 20:00:00+00:00,733.27,734.72,732.9917,734.4165,1773173
2026-06-25 20:01:00+00:00,734.43,735.62,734.43,735.28,0
2026-06-25 20:02:00+00:00,735.09,735.16,734.3,734.52,0
2026-06-25 20:03:00+00:00,734.5,734.56,734.01,734.19,0
2026-06-25 20:04:00+00:00,734.2,734.49,734.17,734.49,0
2026-06-25 20:05:00+00:00,734.48,734.83,732.9917,734.56,0
2026-06-25 20:06:00+00:00,734.53,734.68,734.42,734.51,0
2026-06-25 20:07:00+00:00,734.55,734.59,734.39,734.442,0
2026-06-25 20:08:00+00:00,734.45,734.52,734.35,734.5,0
2026-06-25 20:09:00+00:00,734.52,734.62,734.3,734.301,0
2026-06-25 20:10:00+00:00,734.32,734.32,734.14,734.21,0
2026-06-25 20:11:00+00:00,734.18,734.3,734.1461,734.22,0
2026-06-25 20:12:00+00:00,734.3,734.3,732.9184,734.23,0
2026-06-25 20:13:00+00:00,734.23,734.28,734.148,734.2246,0
2026-06-25 20:14:00+00:00,734.23,734.3,732.8989,734.27,0
2026-06-25 20:15:00+00:00,734.28,734.57,734.27,734.57,0
2026-06-25 20:16:00+00:00,734.57,734.66,734.42,734.64,0
2026-06-25 20:17:00+00:00,734.64,734.8,734.5,734.71,0
2026-06-25 20:18:00+00:00,734.72,735.08,734.72,735.03,0
2026-06-25 20:19:00+00:00,735.0,735.17,734.92,735.1,0
2026-06-25 20:20:00+00:00,735.1,735.15,735.03,735.13,0
2026-06-25 20:21:00+00:00,735.18,735.559,735.1303,735.5265,0
2026-06-25 20:22:00+00:00,735.56,735.56,735.31,735.49,0
2026-06-25 20:23:00+00:00,735.4609,735.86,735.4609,735.6,0
2026-06-25 20:24:00+00:00,735.5665,735.5665,735.25,735.3279,0
2026-06-25 20:25:00+00:00,735.33,735.3672,735.08,735.08,0
2026-06-25 20:26:00+00:00,735.135,735.25,732.9184,735.23,0
2026-06-25 20:27:00+00:00,735.28,735.32,735.268,735.268,0
2026-06-25 20:28:00+00:00,735.23,735.236,735.07,735.1952,0
2026-06-25 20:29:00+00:00,735.1952,735.24,735.11,735.11,0
2026-06-25 20:30:00+00:00,735.15,735.2,735.0,735.0592,0
2026-06-25 20:31:00+00:00,735.08,735.13,734.76,734.8197,0
2026-06-25 20:32:00+00:00,734.8199,734.86,734.69,734.7561,0
2026-06-25 20:33:00+00:00,734.795,734.93,734.78,734.93,0
2026-06-25 20:34:00+00:00,734.9634,735.055,734.95,735.05,0
2026-06-25 20:35:00+00:00,735.0,735.03,734.93,734.9752,0
2026-06-25 20:36:00+00:00,734.96,735.06,734.87,734.99,0
2026-06-25 20:37:00+00:00,735.0,735.0,734.82,734.859,0
2026-06-25 20:38:00+00:00,734.84,734.8599,734.68,734.7199,0
2026-06-25 20:39:00+00:00,734.71,734.73,734.58,734.6113,0
2026-06-25 20:40:00+00:00,734.615,734.72,734.55,734.57,0
2026-06-25 20:41:00+00:00,734.58,734.67,734.56,734.66,0
2026-06-25 20:42:00+00:00,734.655,734.71,734.62,734.62,0
2026-06-25 20:43:00+00:00,734.63,734.63,734.55,734.59,0
2026-06-25 20:44:00+00:00,734.55,734.57,734.5128,734.5209,0
2026-06-25 20:45:00+00:00,734.54,734.57,734.4501,734.49,0
2026-06-25 20:46:00+00:00,734.49,734.54,734.39,734.39,0
2026-06-25 20:47:00+00:00,734.39,734.45,734.27,734.2799,0
2026-06-25 20:48:00+00:00,734.3,734.3,734.17,734.24,0
2026-06-25 20:49:00+00:00,734.2,734.3,734.2,734.2995,0
2026-06-25 20:50:00+00:00,734.28,734.3,734.24,734.28,0
2026-06-25 20:51:00+00:00,734.2682,734.28,734.225,734.28,0
2026-06-25 20:52:00+00:00,734.24,734.28,734.12,734.1265,0
2026-06-25 20:53:00+00:00,734.1312,734.1312,733.92,734.0399,0
2026-06-25 20:54:00+00:00,733.99,734.1,733.92,733.96,0
2026-06-25 20:55:00+00:00,733.92,734.02,733.85,734.02,0
2026-06-25 20:56:00+00:00,734.02,734.1,733.965,734.1,0
2026-06-25 20:57:00+00:00,734.06,734.06,734.0,734.04,0
2026-06-25 20:58:00+00:00,734.06,734.06,733.88,733.97,0
2026-06-25 20:59:00+00:00,733.97,734.06,733.67,733.74,0
2026-06-25 21:00:00+00:00,733.92,734.02,733.68,733.74,0
2026-06-25 21:01:00+00:00,733.74,734.3,733.67,734.3,0
2026-06-25 21:02:00+00:00,733.8,733.925,733.7501,733.87,0
2026-06-25 21:03:00+00:00,733.87,734.0,733.87,733.918,0
2026-06-25 21:04:00+00:00,733.945,733.99,733.9,733.9,0
2026-06-25 21:05:00+00:00,733.875,733.95,733.8,733.83,0
2026-06-25 21:06:00+00:00,733.8,733.95,733.8,733.85,0
2026-06-25 21:07:00+00:00,733.925,733.99,733.8746,733.95,0
2026-06-25 21:08:00+00:00,733.9001,733.98,733.9001,733.94,0
2026-06-25 21:09:00+00:00,733.93,733.98,733.885,733.945,0
2026-06-25 21:10:00+00:00,733.95,733.96,733.86,733.93,0
2026-06-25 21:11:00+00:00,733.98,733.98,733.9,733.94,0
2026-06-25 21:12:00+00:00,733.95,733.98,733.94,733.94,0
2026-06-25 21:13:00+00:00,733.94,733.98,733.93,733.94,0
2026-06-25 21:14:00+00:00,733.95,733.99,733.93,733.9837,0
2026-06-25 21:15:00+00:00,733.975,733.975,733.89,733.89,0
2026-06-25 21:16:00+00:00,733.9415,733.95,733.89,733.94,0
2026-06-25 21:17:00+00:00,733.86,733.9,733.86,733.8969,0
2026-06-25 21:18:00+00:00,733.89,733.9,733.8304,733.86,0
2026-06-25 21:19:00+00:00,733.85,733.9,733.85,733.9,0
2026-06-25 21:20:00+00:00,733.875,733.9,733.82,733.82,0
2026-06-25 21:21:00+00:00,733.89,733.92,733.86,733.92,0
2026-06-25 21:22:00+00:00,733.92,733.94,733.9,733.92,0
2026-06-25 21:23:00+00:00,733.92,733.94,733.9,733.92,0
2026-06-25 21:24:00+00:00,733.9397,733.94,733.92,733.93,0
2026-06-25 21:25:00+00:00,733.92,733.94,733.8,733.8,0
2026-06-25 21:26:00+00:00,733.9081,733.93,733.86,733.92,0
2026-06-25 21:27:00+00:00,733.91,733.99,733.89,733.99,0
2026-06-25 21:28:00+00:00,733.95,733.9877,733.945,733.98,0
2026-06-25 21:29:00+00:00,733.95,733.99,733.91,733.965,0
2026-06-25 21:30:00+00:00,733.97,733.97,733.94,733.96,0
2026-06-25 21:31:00+00:00,733.97,734.01,733.955,734.0,0
2026-06-25 21:32:00+00:00,734.0,734.0,733.93,733.94,0
2026-06-25 21:33:00+00:00,733.94,733.945,733.92,733.945,0
2026-06-25 21:34:00+00:00,733.93,733.96,733.93,733.9599,0
2026-06-25 21:35:00+00:00,733.93,734.0,733.93,733.965,0
2026-06-25 21:36:00+00:00,733.9957,733.9957,733.9533,733.96,0
2026-06-25 21:37:00+00:00,733.96,734.3,733.96,734.0,0
2026-06-25 21:38:00+00:00,733.96,734.0,733.96,733.9952,0
2026-06-25 21:39:00+00:00,733.975,733.99,733.5,733.89,0
2026-06-25 21:40:00+00:00,733.875,734.0,733.85,733.95,0
2026-06-25 21:41:00+00:00,733.94,733.949,733.57,733.7789,0
2026-06-25 21:42:00+00:00,733.715,733.8389,733.7,733.82,0
2026-06-25 21:43:00+00:00,733.7,733.7696,733.52,733.6,0
2026-06-25 21:44:00+00:00,733.68,733.7,733.55,733.66,0
2026-06-25 21:45:00+00:00,733.65,733.68,733.62,733.65,0
2026-06-25 21:46:00+00:00,733.6,733.65,733.56,733.59,0
2026-06-25 21:47:00+00:00,733.59,734.3,733.55,733.5674,0
2026-06-25 21:48:00+00:00,733.56,733.56,733.45,733.5,0
2026-06-25 21:49:00+00:00,733.4505,733.5,733.45,733.5,0
2026-06-25 21:50:00+00:00,733.4,733.5,733.4,733.4999,0
2026-06-25 21:51:00+00:00,733.48,733.505,733.43,733.46,0
2026-06-25 21:52:00+00:00,733.47,733.5,733.45,733.5,0
2026-06-25 21:53:00+00:00,733.5,733.5,733.4,733.4,0
2026-06-25 21:54:00+00:00,733.5,733.5,733.4,733.49,0
2026-06-25 21:55:00+00:00,733.49,733.5,733.45,733.45,0
2026-06-25 21:56:00+00:00,733.45,733.5,733.4,733.49,0
2026-06-25 21:57:00+00:00,733.49,733.5,733.38,733.38,0
2026-06-25 21:58:00+00:00,733.4,733.55,733.36,733.5,0
2026-06-25 21:59:00+00:00,733.42,733.5,733.42,733.46,0
2026-06-25 22:00:00+00:00,733.5,734.0,733.3763,733.445,0
2026-06-25 22:01:00+00:00,733.4,733.52,733.2,733.25,0
2026-06-25 22:02:00+00:00,733.2582,733.53,733.18,733.53,0
2026-06-25 22:03:00+00:00,733.43,733.68,699.048,733.34,0
2026-06-25 22:04:00+00:00,733.285,733.285,733.15,733.205,0
2026-06-25 22:05:00+00:00,733.16,733.23,733.02,733.1025,0
2026-06-25 22:06:00+00:00,733.11,733.14,732.94,733.04,0
2026-06-25 22:07:00+00:00,733.0,733.22,733.0,733.22,0
2026-06-25 22:08:00+00:00,733.135,733.15,732.98,732.9999,0
2026-06-25 22:09:00+00:00,733.0,733.0,732.89,732.9,0
2026-06-25 22:10:00+00:00,732.87,732.87,732.36,732.475,0
2026-06-25 22:11:00+00:00,732.57,732.57,732.33,732.5,0
2026-06-25 22:12:00+00:00,732.5,732.59,732.43,732.4581,0
2026-06-25 22:13:00+00:00,732.52,732.52,732.2501,732.4994,0
2026-06-25 22:14:00+00:00,732.372,732.79,732.372,732.62,0
2026-06-25 22:15:00+00:00,732.63,732.75,732.575,732.735,0
2026-06-25 22:16:00+00:00,732.75,732.85,732.738,732.77,0
2026-06-25 22:17:00+00:00,732.85,732.99,732.8326,732.987,0
2026-06-25 22:18:00+00:00,732.95,733.07,732.9,732.96,0
2026-06-25 22:19:00+00:00,732.9,732.9,732.51,732.59,0
2026-06-25 22:20:00+00:00,732.575,732.575,732.42,732.45,0
2026-06-25 22:21:00+00:00,732.51,732.51,732.37,732.42,0
2026-06-25 22:22:00+00:00,732.65,732.8,732.632,732.6728,0
2026-06-25 22:23:00+00:00,732.8,732.82,732.735,732.82,0
2026-06-25 22:24:00+00:00,732.76,732.8,732.6004,732.8,0
2026-06-25 22:25:00+00:00,732.73,732.77,732.57,732.57,0
2026-06-25 22:26:00+00:00,732.55,732.66,732.45,732.52,0
2026-06-25 22:27:00+00:00,732.51,732.54,732.38,732.48,0
2026-06-25 22:28:00+00:00,732.48,732.58,732.35,732.35,0
2026-06-25 22:29:00+00:00,732.335,732.34,732.2461,732.32,0
2026-06-25 22:30:00+00:00,732.28,732.51,732.15,732.35,0
2026-06-25 22:31:00+00:00,732.27,732.37,732.27,732.37,0
2026-06-25 22:32:00+00:00,732.4,732.4,732.2,732.245,0
2026-06-25 22:33:00+00:00,732.31,732.3231,732.21,732.21,0
2026-06-25 22:34:00+00:00,732.33,732.44,732.3,732.39,0
2026-06-25 22:35:00+00:00,732.43,732.55,732.41,732.55,0
2026-06-25 22:36:00+00:00,732.57,732.71,732.57,732.6975,0
2026-06-25 22:37:00+00:00,732.645,732.74,732.6,732.71,0
2026-06-25 22:38:00+00:00,732.6,732.73,732.6,732.66,0
2026-06-25 22:39:00+00:00,732.7,732.7401,732.64,732.66,0
2026-06-25 22:40:00+00:00,732.69,732.69,732.6,732.605,0
2026-06-25 22:41:00+00:00,732.66,732.695,732.63,732.645,0
2026-06-25 22:42:00+00:00,732.6,732.61,732.51,732.5665,0
2026-06-25 22:43:00+00:00,732.57,732.718,732.57,732.68,0
2026-06-25 22:44:00+00:00,732.7196,732.7996,732.68,732.7996,0
2026-06-25 22:45:00+00:00,732.77,732.77,732.685,732.71,0
2026-06-25 22:46:00+00:00,732.75,732.8,732.745,732.78,0
2026-06-25 22:47:00+00:00,732.74,732.74,732.51,732.61,0
2026-06-25 22:48:00+00:00,732.61,732.6772,732.5,732.5443,0
2026-06-25 22:49:00+00:00,732.57,732.57,732.5,732.55,0
2026-06-25 22:50:00+00:00,732.57,732.66,732.53,732.655,0
2026-06-25 22:51:00+00:00,732.64,732.6693,732.5,732.615,0
2026-06-25 22:52:00+00:00,732.6022,732.85,732.6022,732.835,0
2026-06-25 22:53:00+00:00,732.87,732.87,732.835,732.8685,0
2026-06-25 22:54:00+00:00,732.857,733.0,732.815,732.9805,0
2026-06-25 22:55:00+00:00,732.9973,733.0,732.93,732.97,0
2026-06-25 22:56:00+00:00,732.9909,733.08,732.9,733.02,0
2026-06-25 22:57:00+00:00,733.075,733.1,732.98,732.98,0
2026-06-25 22:58:00+00:00,732.9622,733.1,732.9622,733.1,0
2026-06-25 22:59:00+00:00,733.1,733.13,733.06,733.07,0
2026-06-25 23:00:00+00:00,733.0975,733.13,733.05,733.13,0
2026-06-25 23:01:00+00:00,733.03,733.12,733.03,733.105,0
2026-06-25 23:02:00+00:00,733.08,733.15,733.08,733.125,0
2026-06-25 23:03:00+00:00,733.1592,733.16,733.125,733.13,0
2026-06-25 23:04:00+00:00,733.12,733.22,733.12,733.203,0
2026-06-25 23:05:00+00:00,733.175,733.19,733.16,733.19,0
2026-06-25 23:06:00+00:00,733.2193,733.2193,733.13,733.17,0
2026-06-25 23:07:00+00:00,733.15,733.2139,733.15,733.2139,0
2026-06-25 23:08:00+00:00,733.22,733.23,733.0512,733.12,0
2026-06-25 23:09:00+00:00,733.0825,733.12,733.0,733.0204,0
2026-06-25 23:10:00+00:00,733.055,733.19,733.05,733.1496,0
2026-06-25 23:11:00+00:00,733.1392,733.212,733.125,733.2065,0
2026-06-25 23:12:00+00:00,733.225,733.35,733.185,733.32,0
2026-06-25 23:13:00+00:00,733.32,733.5496,733.32,733.5496,0
2026-06-25 23:14:00+00:00,733.52,733.88,733.52,733.86,0
2026-06-25 23:15:00+00:00,733.8291,733.8291,733.73,733.75,0
2026-06-25 23:16:00+00:00,733.75,734.19,733.75,734.11,0
2026-06-25 23:17:00+00:00,734.14,734.73,734.105,734.66,0
2026-06-25 23:18:00+00:00,734.66,735.21,734.66,735.0,0
2026-06-25 23:19:00+00:00,735.0317,735.35,735.0317,735.2382,0
2026-06-25 23:20:00+00:00,735.215,735.73,735.12,735.5317,0
2026-06-25 23:21:00+00:00,735.43,735.87,735.38,735.77,0
2026-06-25 23:22:00+00:00,735.8555,735.8555,735.39,735.62,0
2026-06-25 23:23:00+00:00,735.54,735.86,735.46,735.71,0
2026-06-25 23:24:00+00:00,735.65,735.79,735.3803,735.3803,0
2026-06-25 23:25:00+00:00,735.5117,735.88,735.473,735.87,0
2026-06-25 23:26:00+00:00,735.72,735.8265,735.58,735.58,0
2026-06-25 23:27:00+00:00,735.57,735.7,735.5,735.5,0
2026-06-25 23:28:00+00:00,735.6,735.7,735.55,735.7,0
2026-06-25 23:29:00+00:00,735.55,735.87,735.45,735.45,0
2026-06-25 23:30:00+00:00,735.49,735.6,735.14,735.18,0
2026-06-25 23:31:00+00:00,735.1406,735.57,735.1406,735.385,0
2026-06-25 23:32:00+00:00,735.29,735.49,735.29,735.377,0
2026-06-25 23:33:00+00:00,735.2694,735.34,735.1,735.19,0
2026-06-25 23:34:00+00:00,735.1,735.1,734.85,734.94,0
2026-06-25 23:35:00+00:00,734.8869,735.0,734.78,734.78,0
2026-06-25 23:36:00+00:00,734.84,734.84,734.6,734.61,0
2026-06-25 23:37:00+00:00,734.61,734.79,734.52,734.73,0
2026-06-25 23:38:00+00:00,734.6202,734.7,734.43,734.5431,0
2026-06-25 23:39:00+00:00,734.495,734.55,734.22,734.32,0
2026-06-25 23:40:00+00:00,734.2,734.26,734.06,734.0999,0
2026-06-25 23:41:00+00:00,734.07,734.17,733.88,733.885,0
2026-06-25 23:42:00+00:00,733.9,733.92,733.76,733.76,0
2026-06-25 23:43:00+00:00,733.73,733.82,733.625,733.71,0
2026-06-25 23:44:00+00:00,733.6674,733.67,733.55,733.66,0
2026-06-25 23:45:00+00:00,733.59,733.6,733.0,733.0531,0
2026-06-25 23:46:00+00:00,733.1,733.23,733.03,733.15,0
2026-06-25 23:47:00+00:00,733.1,733.11,732.73,732.999,0
2026-06-25 23:48:00+00:00,732.89,733.04,732.83,732.89,0
2026-06-25 23:49:00+00:00,733.0,733.02,732.8,732.8887,0
2026-06-25 23:50:00+00:00,732.88,732.88,732.27,732.41,0
2026-06-25 23:51:00+00:00,732.35,732.6,732.27,732.4056,0
2026-06-25 23:52:00+00:00,732.5775,732.6644,732.53,732.63,0
2026-06-25 23:53:00+00:00,732.56,732.61,732.45,732.54,0
2026-06-25 23:54:00+00:00,732.55,732.613,732.43,732.613,0
2026-06-25 23:55:00+00:00,732.735,732.735,732.585,732.6,0
2026-06-25 23:56:00+00:00,732.59,732.6872,732.25,732.5514,0
2026-06-25 23:57:00+00:00,732.55,732.8,732.55,732.79,0
2026-06-25 23:58:00+00:00,732.6925,732.82,732.57,732.7,0
2026-06-25 23:59:00+00:00,732.675,732.89,732.6391,732.89,0
2026-06-26 08:00:00+00:00,732.0,734.3,727.4077,731.98,0
2026-06-26 08:01:00+00:00,731.9682,732.02,727.4,731.51,0
2026-06-26 08:02:00+00:00,731.49,731.57,731.38,731.4999,0
2026-06-26 08:03:00+00:00,731.5,731.53,731.45,731.46,0
2026-06-26 08:04:00+00:00,731.4858,731.49,731.3087,731.3685,0
2026-06-26 08:05:00+00:00,731.33,731.33,727.79,728.07,0
2026-06-26 08:06:00+00:00,727.81,731.76,727.34,728.15,0
2026-06-26 08:07:00+00:00,728.79,732.04,727.44,730.77,0
2026-06-26 08:08:00+00:00,730.75,732.17,727.52,727.9,0
2026-06-26 08:09:00+00:00,727.75,731.66,727.47,731.47,0
2026-06-26 08:10:00+00:00,729.35,732.05,727.63,731.48,0
2026-06-26 08:11:00+00:00,731.44,731.46,731.38,731.4,0
2026-06-26 08:12:00+00:00,731.47,731.62,731.4,731.4,0
2026-06-26 08:13:00+00:00,731.4,731.4,731.1,731.178,0
2026-06-26 08:14:00+00:00,731.11,731.11,731.0,731.02,0
2026-06-26 08:15:00+00:00,731.0682,731.1063,731.0,731.1,0
2026-06-26 08:16:00+00:00,731.22,731.37,731.22,731.36,0
2026-06-26 08:17:00+00:00,731.28,731.38,731.23,731.34,0
2026-06-26 08:18:00+00:00,731.422,731.422,731.05,731.08,0
2026-06-26 08:19:00+00:00,731.08,731.08,730.92,730.952,0
2026-06-26 08:20:00+00:00,730.96,730.98,730.96,730.97,0
2026-06-26 08:21:00+00:00,730.93,731.14,730.93,731.14,0
2026-06-26 08:22:00+00:00,731.18,731.19,731.12,731.172,0
2026-06-26 08:23:00+00:00,731.15,731.19,731.1417,731.1417,0
2026-06-26 08:24:00+00:00,731.19,731.37,731.19,731.27,0
2026-06-26 08:25:00+00:00,731.36,731.44,731.25,731.4,0
2026-06-26 08:26:00+00:00,731.27,731.42,731.2066,731.4,0
2026-06-26 08:27:00+00:00,731.5,731.5,731.5,731.5,0
2026-06-26 08:28:00+00:00,731.5717,731.74,731.5717,731.58,0
2026-06-26 08:29:00+00:00,731.62,731.62,731.59,731.59,0
2026-06-26 08:30:00+00:00,731.47,731.47,731.25,731.32,0
2026-06-26 08:31:00+00:00,731.32,731.52,731.32,731.37,0
2026-06-26 08:32:00+00:00,731.21,731.25,731.1741,731.25,0
2026-06-26 08:33:00+00:00,731.1985,731.1985,730.9582,730.9582,0
2026-06-26 08:34:00+00:00,730.91,730.91,730.71,730.7858,0
2026-06-26 08:35:00+00:00,730.69,730.79,730.69,730.78,0
2026-06-26 08:36:00+00:00,730.779,730.8,730.7648,730.7648,0
2026-06-26 08:37:00+00:00,730.92,730.93,730.88,730.901,0
2026-06-26 08:38:00+00:00,730.89,730.96,730.89,730.93,0
2026-06-26 08:39:00+00:00,730.98,730.98,730.84,730.94,0
2026-06-26 08:40:00+00:00,730.8501,730.96,730.8501,730.96,0
2026-06-26 08:41:00+00:00,730.9,730.98,730.9,730.98,0
2026-06-26 08:42:00+00:00,730.96,731.16,730.93,730.93,0
2026-06-26 08:43:00+00:00,731.02,731.03,730.8,730.8,0
2026-06-26 08:44:00+00:00,730.77,730.77,730.55,730.56,0
2026-06-26 08:45:00+00:00,730.64,730.64,730.55,730.55,0
2026-06-26 08:46:00+00:00,730.4778,730.51,730.42,730.49,0
2026-06-26 08:47:00+00:00,730.54,730.54,730.27,730.27,0
2026-06-26 08:48:00+00:00,730.3,730.36,730.29,730.29,0
2026-06-26 08:49:00+00:00,730.2,730.32,729.95,729.95,0
2026-06-26 08:50:00+00:00,730.01,730.11,729.99,730.11,0
2026-06-26 08:51:00+00:00,729.96,730.02,729.45,729.68,0
2026-06-26 08:52:00+00:00,729.56,729.82,729.55,729.61,0
2026-06-26 08:53:00+00:00,729.602,729.68,729.602,729.63,0
2026-06-26 08:54:00+00:00,729.6707,729.7,729.4,729.4,0
2026-06-26 08:55:00+00:00,729.39,729.39,729.1097,729.12,0
2026-06-26 08:56:00+00:00,729.18,729.5076,729.15,729.4515,0
2026-06-26 08:57:00+00:00,729.51,729.68,729.33,729.572,0
2026-06-26 08:58:00+00:00,729.64,729.75,729.64,729.75,0
2026-06-26 08:59:00+00:00,729.57,729.71,729.46,729.7,0
2026-06-26 09:00:00+00:00,729.6868,729.6868,729.36,729.42,0
2026-06-26 09:01:00+00:00,729.41,729.46,729.3,729.3546,0
2026-06-26 09:02:00+00:00,729.3,729.3082,729.15,729.19,0
2026-06-26 09:03:00+00:00,729.46,729.46,729.3,729.3587,0
2026-06-26 09:04:00+00:00,729.36,729.36,729.19,729.2761,0
2026-06-26 09:05:00+00:00,729.26,729.46,729.25,729.4,0
2026-06-26 09:06:00+00:00,729.48,729.48,729.15,729.23,0
2026-06-26 09:07:00+00:00,729.2882,729.38,729.2882,729.34,0
2026-06-26 09:08:00+00:00,729.39,729.5783,729.39,729.57,0
2026-06-26 09:09:00+00:00,729.53,729.56,729.28,729.28,0
2026-06-26 09:10:00+00:00,729.28,729.29,729.03,729.2,0
2026-06-26 09:11:00+00:00,729.1815,729.36,729.1815,729.36,0
2026-06-26 09:12:00+00:00,729.26,729.31,729.212,729.31,0
2026-06-26 09:13:00+00:00,729.24,729.46,729.15,729.42,0
2026-06-26 09:14:00+00:00,729.57,729.8,729.57,729.8,0
2026-06-26 09:15:00+00:00,729.68,729.76,729.66,729.68,0
2026-06-26 09:16:00+00:00,729.63,729.69,729.37,729.43,0
2026-06-26 09:17:00+00:00,729.45,729.54,729.45,729.51,0
2026-06-26 09:18:00+00:00,729.57,729.73,729.5258,729.71,0
2026-06-26 09:19:00+00:00,729.5,729.5,728.8,729.4377,0
2026-06-26 09:20:00+00:00,729.32,729.32,728.86,729.06,0
2026-06-26 09:21:00+00:00,729.23,729.27,728.88,728.88,0
2026-06-26 09:22:00+00:00,728.84,729.01,728.81,729.0,0
2026-06-26 09:23:00+00:00,729.0,729.21,729.0,729.21,0
2026-06-26 09:24:00+00:00,729.06,729.0722,729.0,729.0,0
2026-06-26 09:25:00+00:00,729.02,729.21,729.01,729.1,0
2026-06-26 09:26:00+00:00,729.13,729.13,728.87,729.03,0
2026-06-26 09:27:00+00:00,729.0,729.29,729.0,729.29,0
2026-06-26 09:28:00+00:00,729.0,729.13,728.93,729.06,0
2026-06-26 09:29:00+00:00,729.19,729.26,729.1188,729.26,0
2026-06-26 09:30:00+00:00,729.14,729.14,728.99,728.99,0
2026-06-26 09:31:00+00:00,729.0286,729.13,728.9,728.91,0
2026-06-26 09:32:00+00:00,728.93,729.1082,728.93,729.1082,0
2026-06-26 09:33:00+00:00,729.16,729.19,728.97,729.07,0
2026-06-26 09:34:00+00:00,729.0701,729.34,729.0701,729.34,0
2026-06-26 09:35:00+00:00,729.41,729.57,729.41,729.57,0
2026-06-26 09:36:00+00:00,729.54,729.54,729.3446,729.375,0
2026-06-26 09:37:00+00:00,729.35,729.49,729.28,729.49,0
2026-06-26 09:38:00+00:00,729.419,729.7107,729.419,729.7107,0
2026-06-26 09:39:00+00:00,729.73,729.73,729.57,729.57,0
2026-06-26 09:40:00+00:00,729.7,730.14,729.7,730.14,0
2026-06-26 09:41:00+00:00,730.17,730.24,730.17,730.21,0
2026-06-26 09:42:00+00:00,730.1679,730.36,730.1679,730.32,0
2026-06-26 09:43:00+00:00,730.16,730.24,730.1226,730.2102,0
2026-06-26 09:44:00+00:00,730.15,730.15,730.12,730.13,0
2026-06-26 09:45:00+00:00,730.06,730.18,729.9,730.18,0
2026-06-26 09:46:00+00:00,730.21,730.35,730.14,730.22,0
2026-06-26 09:47:00+00:00,730.21,730.25,730.13,730.21,0
2026-06-26 09:48:00+00:00,730.18,730.4,730.07,730.27,0
2026-06-26 09:49:00+00:00,730.3,730.3,730.06,730.22,0
2026-06-26 09:50:00+00:00,730.17,730.17,730.1387,730.1387,0
2026-06-26 09:51:00+00:00,730.13,730.18,730.09,730.1,0
2026-06-26 09:52:00+00:00,730.13,730.16,730.01,730.0785,0
2026-06-26 09:53:00+00:00,730.0577,730.0577,730.0577,730.0577,0
2026-06-26 09:54:00+00:00,729.98,729.98,729.65,729.6934,0
2026-06-26 09:55:00+00:00,729.57,729.58,729.44,729.44,0
2026-06-26 09:56:00+00:00,729.47,729.47,729.35,729.46,0
2026-06-26 09:57:00+00:00,729.4,729.4,729.2333,729.2333,0
2026-06-26 09:58:00+00:00,729.3585,729.43,729.3585,729.43,0
2026-06-26 09:59:00+00:00,729.388,729.43,729.27,729.27,0
2026-06-26 10:00:00+00:00,729.3785,729.3785,728.9,729.0,0
2026-06-26 10:01:00+00:00,729.07,729.18,728.59,728.65,0
2026-06-26 10:02:00+00:00,728.64,728.64,728.48,728.51,0
2026-06-26 10:03:00+00:00,728.73,728.75,728.6356,728.75,0
2026-06-26 10:04:00+00:00,728.77,728.85,728.68,728.76,0
2026-06-26 10:05:00+00:00,728.9,728.97,728.74,728.97,0
2026-06-26 10:06:00+00:00,729.0,729.2,729.0,729.2,0
2026-06-26 10:07:00+00:00,729.18,729.36,729.18,729.36,0
2026-06-26 10:08:00+00:00,729.3,729.3,729.1,729.17,0
2026-06-26 10:09:00+00:00,729.158,729.26,729.158,729.25,0
2026-06-26 10:10:00+00:00,729.39,729.48,729.39,729.48,0
2026-06-26 10:11:00+00:00,729.45,729.45,729.3882,729.42,0
2026-06-26 10:12:00+00:00,729.35,729.35,729.2,729.328,0
2026-06-26 10:13:00+00:00,729.4,729.67,729.4,729.62,0
2026-06-26 10:14:00+00:00,729.64,729.64,729.43,729.57,0
2026-06-26 10:15:00+00:00,729.51,729.701,729.5,729.64,0
2026-06-26 10:16:00+00:00,729.5557,729.66,729.49,729.49,0
2026-06-26 10:17:00+00:00,729.6,729.6,729.6,729.6,0
2026-06-26 10:18:00+00:00,729.5985,729.64,729.4,729.45,0
2026-06-26 10:19:00+00:00,729.47,729.5,729.3,729.3,0
2026-06-26 10:20:00+00:00,729.27,729.27,729.09,729.09,0
2026-06-26 10:21:00+00:00,729.04,729.1582,728.94,728.94,0
2026-06-26 10:22:00+00:00,728.9492,729.06,728.89,729.06,0
2026-06-26 10:23:00+00:00,728.91,728.968,728.86,728.96,0
2026-06-26 10:24:00+00:00,728.95,729.03,728.93,729.0,0
2026-06-26 10:25:00+00:00,728.96,729.02,728.91,729.02,0
2026-06-26 10:26:00+00:00,729.06,729.19,729.04,729.19,0
2026-06-26 10:27:00+00:00,729.27,729.3,729.27,729.3,0
2026-06-26 10:28:00+00:00,729.35,729.41,729.3,729.3,0
2026-06-26 10:29:00+00:00,729.3755,729.3917,729.35,729.3917,0
2026-06-26 10:30:00+00:00,729.35,729.36,729.2587,729.35,0
2026-06-26 10:31:00+00:00,729.33,729.39,729.33,729.3322,0
2026-06-26 10:32:00+00:00,729.5,729.65,729.5,729.5222,0
2026-06-26 10:33:00+00:00,729.64,729.65,729.62,729.62,0
2026-06-26 10:34:00+00:00,729.52,729.61,729.52,729.61,0
2026-06-26 10:35:00+00:00,729.5382,729.6055,729.47,729.6055,0
2026-06-26 10:36:00+00:00,729.6449,729.6449,729.49,729.51,0
2026-06-26 10:37:00+00:00,729.37,729.398,729.2285,729.3,0
2026-06-26 10:38:00+00:00,729.3,729.4088,729.3,729.3714,0
2026-06-26 10:39:00+00:00,729.41,729.43,729.26,729.26,0
2026-06-26 10:40:00+00:00,729.2,729.3182,729.2,729.3182,0
2026-06-26 10:41:00+00:00,729.358,729.358,729.25,729.3049,0
2026-06-26 10:42:00+00:00,729.33,729.41,729.2,729.41,0
2026-06-26 10:43:00+00:00,729.42,729.42,729.29,729.35,0
2026-06-26 10:44:00+00:00,729.33,729.35,729.2125,729.3,0
2026-06-26 10:45:00+00:00,729.3085,729.56,729.3,729.56,0
2026-06-26 10:46:00+00:00,729.55,729.63,729.548,729.58,0
2026-06-26 10:47:00+00:00,729.52,729.54,729.52,729.52,0
2026-06-26 10:48:00+00:00,729.42,729.5182,729.26,729.26,0
2026-06-26 10:49:00+00:00,729.38,729.38,729.38,729.38,0
2026-06-26 10:50:00+00:00,729.44,729.49,729.4,729.49,0
2026-06-26 10:51:00+00:00,729.41,729.41,729.16,729.1679,0
2026-06-26 10:52:00+00:00,729.15,729.28,729.15,729.28,0
2026-06-26 10:53:00+00:00,729.41,729.4232,729.3225,729.3643,0
2026-06-26 10:54:00+00:00,729.47,729.53,729.41,729.41,0
2026-06-26 10:55:00+00:00,729.41,729.4456,729.35,729.4456,0
2026-06-26 10:56:00+00:00,729.44,729.47,729.372,729.45,0
2026-06-26 10:57:00+00:00,729.42,729.42,729.3,729.35,0
2026-06-26 10:58:00+00:00,729.29,729.32,729.25,729.25,0
2026-06-26 10:59:00+00:00,729.31,729.41,729.31,729.41,0
2026-06-26 11:00:00+00:00,729.47,734.3,729.17,729.32,0
2026-06-26 11:01:00+00:00,729.42,729.56,729.34,729.4078,0
2026-06-26 11:02:00+00:00,729.49,729.63,729.4339,729.51,0
2026-06-26 11:03:00+00:00,729.6,729.952,729.57,729.952,0
2026-06-26 11:04:00+00:00,729.84,729.94,729.79,729.819,0
2026-06-26 11:05:00+00:00,729.82,730.02,729.77,729.83,0
2026-06-26 11:06:00+00:00,729.7847,729.82,729.56,729.799,0
2026-06-26 11:07:00+00:00,729.799,729.85,729.66,729.85,0
2026-06-26 11:08:00+00:00,729.87,729.88,729.79,729.8523,0
2026-06-26 11:09:00+00:00,729.855,729.92,729.76,729.89,0
2026-06-26 11:10:00+00:00,729.885,729.91,729.73,729.785,0
2026-06-26 11:11:00+00:00,729.77,730.09,729.77,730.08,0
2026-06-26 11:12:00+00:00,730.0741,730.26,730.07,730.175,0
2026-06-26 11:13:00+00:00,730.11,730.16,730.07,730.0922,0
2026-06-26 11:14:00+00:00,730.1,730.1,729.86,729.94,0
2026-06-26 11:15:00+00:00,729.8639,729.8639,729.46,729.522,0
2026-06-26 11:16:00+00:00,729.595,729.7,729.545,729.63,0
2026-06-26 11:17:00+00:00,729.61,729.665,729.52,729.63,0
2026-06-26 11:18:00+00:00,729.635,729.76,729.54,729.71,0
2026-06-26 11:19:00+00:00,729.67,729.67,729.5,729.535,0
2026-06-26 11:20:00+00:00,729.515,729.5585,729.38,729.46,0
2026-06-26 11:21:00+00:00,729.37,729.4482,729.33,729.35,0
2026-06-26 11:22:00+00:00,729.35,729.68,729.25,729.6708,0
2026-06-26 11:23:00+00:00,729.681,729.72,729.47,729.54,0
2026-06-26 11:24:00+00:00,729.54,729.5492,729.45,729.51,0
2026-06-26 11:25:00+00:00,729.54,729.605,729.38,729.57,0
2026-06-26 11:26:00+00:00,729.49,729.6,729.49,729.54,0
2026-06-26 11:27:00+00:00,729.6,729.63,729.5,729.565,0
2026-06-26 11:28:00+00:00,729.6017,729.6017,729.42,729.44,0
2026-06-26 11:29:00+00:00,729.4,729.455,729.32,729.44,0
2026-06-26 11:30:00+00:00,729.475,729.6,729.4,729.585,0
2026-06-26 11:31:00+00:00,729.6,729.6482,729.42,729.577,0
2026-06-26 11:32:00+00:00,729.575,729.575,729.41,729.48,0
2026-06-26 11:33:00+00:00,729.41,729.71,729.41,729.47,0
2026-06-26 11:34:00+00:00,729.436,729.55,729.42,729.55,0
2026-06-26 11:35:00+00:00,729.46,729.655,729.4,729.635,0
2026-06-26 11:36:00+00:00,729.64,729.73,729.61,729.655,0
2026-06-26 11:37:00+00:00,729.67,729.84,729.51,729.63,0
2026-06-26 11:38:00+00:00,729.5,729.59,729.48,729.55,0
2026-06-26 11:39:00+00:00,729.565,729.6,729.4517,729.47,0
2026-06-26 11:40:00+00:00,729.5313,729.75,729.47,729.75,0
2026-06-26 11:41:00+00:00,729.7,729.792,729.57,729.64,0
2026-06-26 11:42:00+00:00,729.65,729.91,729.64,729.8,0
2026-06-26 11:43:00+00:00,729.76,729.774,729.32,729.35,0
2026-06-26 11:44:00+00:00,729.37,729.5,729.37,729.44,0
2026-06-26 11:45:00+00:00,729.4,729.535,729.28,729.47,0
2026-06-26 11:46:00+00:00,729.43,729.63,729.43,729.63,0
2026-06-26 11:47:00+00:00,729.61,729.64,729.51,729.51,0
2026-06-26 11:48:00+00:00,729.51,729.68,729.48,729.61,0
2026-06-26 11:49:00+00:00,729.71,729.73,729.61,729.6572,0
2026-06-26 11:50:00+00:00,729.63,729.63,729.47,729.555,0
2026-06-26 11:51:00+00:00,729.545,729.549,729.43,729.45,0
2026-06-26 11:52:00+00:00,729.4,729.41,728.97,729.012,0
2026-06-26 11:53:00+00:00,729.03,729.1,728.67,728.8088,0
2026-06-26 11:54:00+00:00,728.75,728.81,728.63,728.75,0
2026-06-26 11:55:00+00:00,728.74,728.976,728.74,728.96,0
2026-06-26 11:56:00+00:00,728.98,729.1522,728.98,729.1522,0
2026-06-26 11:57:00+00:00,729.13,729.23,729.03,729.21,0
2026-06-26 11:58:00+00:00,729.19,729.28,729.08,729.18,0
2026-06-26 11:59:00+00:00,729.21,729.39,729.1,729.33,0
2026-06-26 12:00:00+00:00,729.3334,729.48,729.15,729.4,0
2026-06-26 12:01:00+00:00,729.42,729.55,729.35,729.49,0
2026-06-26 12:02:00+00:00,729.49,729.819,729.49,729.6597,0
2026-06-26 12:03:00+00:00,729.699,729.82,729.645,729.785,0
2026-06-26 12:04:00+00:00,729.82,729.88,729.79,729.86,0
2026-06-26 12:05:00+00:00,729.82,730.44,729.82,730.3897,0
2026-06-26 12:06:00+00:00,730.3898,730.3898,730.22,730.23,0
2026-06-26 12:07:00+00:00,730.25,730.25,730.11,730.16,0
2026-06-26 12:08:00+00:00,730.1596,730.37,730.11,730.3396,0
2026-06-26 12:09:00+00:00,730.31,730.47,730.24,730.4492,0
2026-06-26 12:10:00+00:00,730.455,730.49,730.22,730.24,0
2026-06-26 12:11:00+00:00,730.259,730.365,730.22,730.365,0
2026-06-26 12:12:00+00:00,730.41,730.61,730.36,730.59,0
2026-06-26 12:13:00+00:00,730.585,731.0,730.585,730.9378,0
2026-06-26 12:14:00+00:00,730.93,730.97,730.66,730.705,0
2026-06-26 12:15:00+00:00,730.71,731.08,730.7,731.0613,0
2026-06-26 12:16:00+00:00,731.065,731.22,730.9615,731.0515,0
2026-06-26 12:17:00+00:00,731.11,731.16,731.01,731.11,0
2026-06-26 12:18:00+00:00,731.09,731.16,730.75,730.83,0
2026-06-26 12:19:00+00:00,730.75,730.815,727.75,730.57,0
2026-06-26 12:20:00+00:00,730.61,730.64,730.5,730.5435,0
2026-06-26 12:21:00+00:00,730.5,730.5,730.04,730.12,0
2026-06-26 12:22:00+00:00,730.0878,730.24,730.0,730.18,0
2026-06-26 12:23:00+00:00,730.205,730.42,730.1,730.1,0
2026-06-26 12:24:00+00:00,730.11,730.14,729.8978,729.92,0
2026-06-26 12:25:00+00:00,729.88,730.0,729.88,729.92,0
2026-06-26 12:26:00+00:00,729.9,730.04,729.895,729.98,0
2026-06-26 12:27:00+00:00,730.0,730.12,729.83,730.12,0
2026-06-26 12:28:00+00:00,730.1,730.3,730.08,730.2168,0
2026-06-26 12:29:00+00:00,730.27,730.43,730.27,730.32,0
2026-06-26 12:30:00+00:00,730.31,730.47,730.21,730.21,0
2026-06-26 12:31:00+00:00,730.24,730.57,730.18,730.57,0
2026-06-26 12:32:00+00:00,730.5,730.5381,730.285,730.4422,0
2026-06-26 12:33:00+00:00,730.29,730.3782,730.145,730.145,0
2026-06-26 12:34:00+00:00,730.23,730.24,730.01,730.04,0
2026-06-26 12:35:00+00:00,730.02,730.039,729.87,729.965,0
2026-06-26 12:36:00+00:00,729.95,730.0199,729.89,729.94,0
2026-06-26 12:37:00+00:00,730.0057,730.0107,729.75,729.85,0
2026-06-26 12:38:00+00:00,729.91,729.97,729.67,729.73,0
2026-06-26 12:39:00+00:00,729.71,729.72,729.4,729.51,0
2026-06-26 12:40:00+00:00,729.495,729.6581,729.47,729.57,0
2026-06-26 12:41:00+00:00,729.59,729.63,729.4097,729.4097,0
2026-06-26 12:42:00+00:00,729.44,729.51,729.31,729.4309,0
2026-06-26 12:43:00+00:00,729.385,729.39,729.22,729.35,0
2026-06-26 12:44:00+00:00,729.35,729.44,729.27,729.275,0
2026-06-26 12:45:00+00:00,729.275,729.275,729.0,729.125,0
2026-06-26 12:46:00+00:00,729.08,729.46,729.08,729.3417,0
2026-06-26 12:47:00+00:00,729.3599,734.3,729.21,729.29,0
2026-06-26 12:48:00+00:00,729.27,729.29,729.09,729.12,0
2026-06-26 12:49:00+00:00,729.12,729.26,729.02,729.21,0
2026-06-26 12:50:00+00:00,729.21,729.46,729.04,729.05,0
2026-06-26 12:51:00+00:00,729.03,729.19,728.92,729.03,0
2026-06-26 12:52:00+00:00,729.01,729.16,728.91,729.16,0
2026-06-26 12:53:00+00:00,729.155,729.37,729.13,729.33,0
2026-06-26 12:54:00+00:00,729.41,729.4935,729.25,729.38,0
2026-06-26 12:55:00+00:00,729.4,729.5,729.22,729.3,0
2026-06-26 12:56:00+00:00,729.265,729.45,729.265,729.32,0
2026-06-26 12:57:00+00:00,729.325,729.44,729.3,729.31,0
2026-06-26 12:58:00+00:00,729.34,729.41,729.26,729.29,0
2026-06-26 12:59:00+00:00,729.3081,729.3478,729.205,729.28,0
2026-06-26 13:00:00+00:00,729.27,729.31,728.8,728.82,0
2026-06-26 13:01:00+00:00,728.8,729.01,728.74,728.985,0
2026-06-26 13:02:00+00:00,729.02,729.17,729.0,729.05,0
2026-06-26 13:03:00+00:00,729.095,729.205,728.83,728.89,0
2026-06-26 13:04:00+00:00,728.8,728.94,728.77,728.93,0
2026-06-26 13:05:00+00:00,728.861,729.04,728.8,728.905,0
2026-06-26 13:06:00+00:00,728.95,728.97,728.71,728.84,0
2026-06-26 13:07:00+00:00,728.78,728.9,728.6,728.63,0
2026-06-26 13:08:00+00:00,728.66,728.7548,728.6,728.695,0
2026-06-26 13:09:00+00:00,728.7,728.72,728.38,728.51,0
2026-06-26 13:10:00+00:00,728.49,728.63,728.33,728.36,0
2026-06-26 13:11:00+00:00,728.36,728.51,728.22,728.51,0
2026-06-26 13:12:00+00:00,728.4483,728.669,728.4143,728.58,0
2026-06-26 13:13:00+00:00,728.57,728.62,728.45,728.58,0
2026-06-26 13:14:00+00:00,728.57,728.71,728.53,728.575,0
2026-06-26 13:30:00+00:00,728.9450073242188,728.9500122070312,727.989990234375,728.7000122070312,1482343
2026-06-26 13:31:00+00:00,728.6900024414062,729.4199829101562,728.3499755859375,729.2899780273438,221957
2026-06-26 13:32:00+00:00,729.2899780273438,729.6599731445312,728.4199829101562,728.4500122070312,263750
2026-06-26 13:33:00+00:00,728.4400024414062,728.5,727.22998046875,727.280029296875,293925
2026-06-26 13:34:00+00:00,727.260009765625,728.0999755859375,726.8599853515625,727.8599853515625,317462
2026-06-26 13:35:00+00:00,727.8599853515625,728.8300170898438,727.5900268554688,728.77001953125,180069
2026-06-26 13:36:00+00:00,728.780029296875,729.1300048828125,728.4099731445312,728.6799926757812,174850
2026-06-26 13:37:00+00:00,728.6950073242188,728.9000244140625,727.8800048828125,728.2349853515625,139830
2026-06-26 13:38:00+00:00,728.2899780273438,728.8099975585938,728.1199951171875,728.4600219726562,131051
2026-06-26 13:39:00+00:00,728.4600219726562,728.5850219726562,727.9349975585938,728.1300048828125,149122
2026-06-26 13:40:00+00:00,728.1099853515625,728.469970703125,727.72998046875,728.0700073242188,148139
2026-06-26 13:41:00+00:00,728.0700073242188,728.3400268554688,727.8800048828125,728.1599731445312,72956
2026-06-26 13:42:00+00:00,728.1199951171875,728.6400146484375,728.0599975585938,728.1900024414062,102761
2026-06-26 13:43:00+00:00,728.1400146484375,729.4199829101562,728.0999755859375,729.010009765625,154247
2026-06-26 13:44:00+00:00,729.02001953125,729.4299926757812,728.77001953125,729.239990234375,104905
2026-06-26 13:45:00+00:00,729.239990234375,729.260009765625,727.969970703125,728.0900268554688,166315
2026-06-26 13:46:00+00:00,728.0900268554688,729.1300048828125,728.010009765625,728.989990234375,142109
2026-06-26 13:47:00+00:00,729.0093994140625,729.760009765625,728.9600219726562,729.2999877929688,159777
2026-06-26 13:48:00+00:00,729.280029296875,729.7999877929688,728.8400268554688,728.8499755859375,105123
2026-06-26 13:49:00+00:00,728.8300170898438,729.0499877929688,728.4619750976562,728.7100219726562,118144
2026-06-26 13:50:00+00:00,728.6500244140625,729.1799926757812,728.6500244140625,729.0499877929688,116571
2026-06-26 13:51:00+00:00,729.0700073242188,729.6500244140625,728.9199829101562,729.4199829101562,170460
2026-06-26 13:52:00+00:00,729.4000244140625,729.510009765625,728.52001953125,728.6900024414062,121309
2026-06-26 13:53:00+00:00,728.6900024414062,729.1599731445312,728.6400146484375,728.77001953125,54718
2026-06-26 13:54:00+00:00,728.760009765625,729.3800048828125,728.72998046875,729.3200073242188,66023
2026-06-26 13:55:00+00:00,729.3900146484375,729.780029296875,729.1900024414062,729.4600219726562,86568
2026-06-26 13:56:00+00:00,729.4600219726562,730.77001953125,729.2999877929688,730.719970703125,176928
2026-06-26 13:57:00+00:00,730.6500244140625,731.3099975585938,730.3511962890625,731.1099853515625,231315
2026-06-26 13:58:00+00:00,731.1099853515625,731.1699829101562,730.7000122070312,730.9500122070312,140261
2026-06-26 13:59:00+00:00,730.9199829101562,730.9600219726562,730.3900146484375,730.89501953125,156442
2026-06-26 14:00:00+00:00,730.8699951171875,731.989990234375,730.6300048828125,731.5499877929688,160297
2026-06-26 14:01:00+00:00,731.6300048828125,731.9099731445312,731.3099975585938,731.6099853515625,225871
2026-06-26 14:02:00+00:00,731.5900268554688,731.780029296875,731.219970703125,731.719970703125,130641
2026-06-26 14:03:00+00:00,731.760009765625,731.9199829101562,731.4525146484375,731.7000122070312,294135
2026-06-26 14:04:00+00:00,731.7050170898438,732.280029296875,731.6300048828125,732.1900024414062,151910
2026-06-26 14:05:00+00:00,732.2000122070312,732.6500244140625,732.1300048828125,732.2999877929688,175299
2026-06-26 14:06:00+00:00,732.2899780273438,732.969970703125,732.219970703125,732.5800170898438,154139
2026-06-26 14:07:00+00:00,732.5599975585938,732.72998046875,732.25,732.614990234375,138444
2026-06-26 14:08:00+00:00,732.6699829101562,733.1099853515625,732.60400390625,732.8099975585938,118859
2026-06-26 14:09:00+00:00,732.8049926757812,733.1500244140625,732.760009765625,733.02001953125,83860
2026-06-26 14:10:00+00:00,733.0001220703125,733.2319946289062,732.5999755859375,732.6900024414062,187465
2026-06-26 14:11:00+00:00,732.72998046875,732.77001953125,732.4000244140625,732.6300048828125,118949
2026-06-26 14:12:00+00:00,732.635009765625,733.1400146484375,732.47998046875,733.1300048828125,116447
2026-06-26 14:13:00+00:00,733.1599731445312,733.4400024414062,733.0999755859375,733.3400268554688,130396
2026-06-26 14:14:00+00:00,733.2999877929688,733.4400024414062,732.9199829101562,733.2000122070312,83597
2026-06-26 14:15:00+00:00,733.1900024414062,733.260009765625,732.9600219726562,733.0399780273438,67801
2026-06-26 14:16:00+00:00,733.0900268554688,733.5700073242188,733.0399780273438,733.25,254514
2026-06-26 14:17:00+00:00,733.260009765625,733.2750244140625,732.4400024414062,732.489990234375,114345
2026-06-26 14:18:00+00:00,732.47998046875,732.8300170898438,732.469970703125,732.7999877929688,103382
2026-06-26 14:19:00+00:00,732.7999877929688,732.9299926757812,732.5900268554688,732.6099853515625,85080
2026-06-26 14:20:00+00:00,732.6099853515625,734.2424926757812,732.469970703125,733.8099975585938,237319
2026-06-26 14:21:00+00:00,733.7899780273438,734.1199951171875,733.739990234375,733.760009765625,124915
2026-06-26 14:22:00+00:00,733.760009765625,733.8900146484375,733.52001953125,733.6799926757812,87357
2026-06-26 14:23:00+00:00,733.6699829101562,733.8200073242188,733.4299926757812,733.469970703125,58108
2026-06-26 14:24:00+00:00,733.4400024414062,733.6300048828125,733.3300170898438,733.4500122070312,82656
2026-06-26 14:25:00+00:00,733.4400024414062,733.8400268554688,733.3300170898438,733.6900024414062,118121
2026-06-26 14:26:00+00:00,733.6799926757812,733.9299926757812,733.3300170898438,733.4000244140625,82020
2026-06-26 14:27:00+00:00,733.3900146484375,733.8900146484375,733.3599853515625,733.7999877929688,82517
2026-06-26 14:28:00+00:00,733.760009765625,733.9400024414062,733.6699829101562,733.6900024414062,56039
2026-06-26 14:29:00+00:00,733.6900024414062,733.6950073242188,733.239990234375,733.489990234375,79651
2026-06-26 14:30:00+00:00,733.489990234375,733.9199829101562,733.2698974609375,733.4400024414062,69444
2026-06-26 14:31:00+00:00,733.4400024414062,733.77001953125,733.375,733.530029296875,117310
2026-06-26 14:32:00+00:00,733.530029296875,733.614990234375,733.0260009765625,733.1400146484375,124710
2026-06-26 14:33:00+00:00,733.1500244140625,733.4099731445312,733.0399780273438,733.260009765625,60133
2026-06-26 14:34:00+00:00,733.2899780273438,733.7899780273438,733.2750244140625,733.364990234375,65904
2026-06-26 14:35:00+00:00,733.3800048828125,733.4199829101562,732.885009765625,732.9299926757812,83106
2026-06-26 14:36:00+00:00,732.9099731445312,733.0,732.489990234375,732.5,89787
2026-06-26 14:37:00+00:00,732.489990234375,732.75,732.3300170898438,732.3599853515625,168977
2026-06-26 14:38:00+00:00,732.3900146484375,732.6900024414062,732.2999877929688,732.3499755859375,73865
2026-06-26 14:39:00+00:00,732.3099975585938,732.3499755859375,732.1199951171875,732.1799926757812,74448
2026-06-26 14:40:00+00:00,732.1699829101562,732.219970703125,731.6005249023438,731.719970703125,255519
2026-06-26 14:41:00+00:00,731.719970703125,732.5700073242188,731.6400146484375,732.3800048828125,139012
2026-06-26 14:42:00+00:00,732.3599853515625,733.0800170898438,732.3599853515625,732.8499755859375,101843
2026-06-26 14:43:00+00:00,732.8099975585938,732.8599853515625,732.219970703125,732.3900146484375,54609
2026-06-26 14:44:00+00:00,732.3699951171875,732.47998046875,732.0499877929688,732.1699829101562,168251
2026-06-26 14:45:00+00:00,732.2000122070312,732.5900268554688,732.0499877929688,732.3599853515625,53000
2026-06-26 14:46:00+00:00,732.3499755859375,733.02001953125,732.3499755859375,732.8300170898438,63721
2026-06-26 14:47:00+00:00,732.7999877929688,732.969970703125,732.6400146484375,732.77001953125,73171
2026-06-26 14:48:00+00:00,732.75,733.2899780273438,732.6300048828125,733.22998046875,53417
2026-06-26 14:49:00+00:00,733.22998046875,733.3800048828125,732.760009765625,732.8800048828125,85258
2026-06-26 14:50:00+00:00,732.9000244140625,733.0800170898438,732.6699829101562,733.0800170898438,82287
2026-06-26 14:51:00+00:00,733.0599975585938,733.22998046875,732.75,732.8699951171875,56349
2026-06-26 14:52:00+00:00,732.8699951171875,732.9500122070312,732.3800048828125,732.5,67305
2026-06-26 14:53:00+00:00,732.5250244140625,732.6599731445312,732.3099975585938,732.3250122070312,66703
2026-06-26 14:54:00+00:00,732.3200073242188,732.5499877929688,732.2301025390625,732.530029296875,52033
2026-06-26 14:55:00+00:00,732.52001953125,732.6699829101562,732.1110229492188,732.1799926757812,65027
2026-06-26 14:56:00+00:00,732.1900024414062,732.6998901367188,731.8599853515625,732.530029296875,62366
2026-06-26 14:57:00+00:00,732.5599975585938,732.9099731445312,732.489990234375,732.6500244140625,116445
2026-06-26 14:58:00+00:00,732.6300048828125,732.8099975585938,732.3499755859375,732.4500122070312,39888
2026-06-26 14:59:00+00:00,732.4400024414062,732.9749755859375,732.280029296875,732.4500122070312,46359
2026-06-26 15:00:00+00:00,732.4600219726562,732.9500122070312,732.4400024414062,732.8975219726562,47313
2026-06-26 15:01:00+00:00,732.8800048828125,733.3699951171875,732.8300170898438,733.061279296875,66208
2026-06-26 15:02:00+00:00,733.0999755859375,733.2999877929688,732.780029296875,733.0499877929688,54039
2026-06-26 15:03:00+00:00,733.0800170898438,733.4000244140625,733.0800170898438,733.22998046875,45589
2026-06-26 15:04:00+00:00,733.239990234375,733.2750244140625,732.5700073242188,732.780029296875,61934
2026-06-26 15:05:00+00:00,732.7999877929688,732.9299926757812,732.3800048828125,732.469970703125,58304
2026-06-26 15:06:00+00:00,732.47998046875,732.5599975585938,732.280029296875,732.4299926757812,43176
2026-06-26 15:07:00+00:00,732.4500122070312,732.77001953125,732.3300170898438,732.760009765625,64808
2026-06-26 15:08:00+00:00,732.72998046875,732.9000244140625,732.3599853515625,732.4600219726562,58789
2026-06-26 15:09:00+00:00,732.4600219726562,733.1599731445312,732.4299926757812,733.0599975585938,86397
2026-06-26 15:10:00+00:00,733.0599975585938,733.219970703125,732.6699829101562,732.760009765625,63495
2026-06-26 15:11:00+00:00,732.760009765625,732.760009765625,732.3800048828125,732.469970703125,44012
2026-06-26 15:12:00+00:00,732.489990234375,732.5399780273438,732.02001953125,732.1699829101562,73061
2026-06-26 15:13:00+00:00,732.1400146484375,732.3800048828125,732.1199951171875,732.1799926757812,71721
2026-06-26 15:14:00+00:00,732.1699829101562,732.2249755859375,731.9400024414062,732.0700073242188,73056
2026-06-26 15:15:00+00:00,732.0800170898438,732.10498046875,731.6199951171875,731.8699951171875,85317
2026-06-26 15:16:00+00:00,731.8699951171875,732.260009765625,731.760009765625,732.239990234375,70155
2026-06-26 15:17:00+00:00,732.22998046875,733.1099853515625,732.1099853515625,732.7899780273438,90103
2026-06-26 15:18:00+00:00,732.8099975585938,733.010009765625,732.5900268554688,732.6400146484375,89079
2026-06-26 15:19:00+00:00,732.6400146484375,733.22998046875,732.6400146484375,733.0599975585938,87708
2026-06-26 15:20:00+00:00,733.030029296875,733.3699951171875,732.8200073242188,732.8619995117188,100479
2026-06-26 15:21:00+00:00,732.8800048828125,733.0999755859375,732.8499755859375,733.0999755859375,66596
2026-06-26 15:22:00+00:00,733.0999755859375,733.3150024414062,733.02001953125,733.3099975585938,79109
2026-06-26 15:23:00+00:00,733.2999877929688,733.8499755859375,733.280029296875,733.7100219726562,106598
2026-06-26 15:24:00+00:00,733.6799926757812,733.8099975585938,733.489990234375,733.7999877929688,107062
2026-06-26 15:25:00+00:00,733.780029296875,734.2000122070312,733.6680297851562,734.1199951171875,85274
2026-06-26 15:26:00+00:00,734.0999755859375,734.3400268554688,734.02001953125,734.2000122070312,102097
2026-06-26 15:27:00+00:00,734.1799926757812,734.25,733.969970703125,734.010009765625,85842
2026-06-26 15:28:00+00:00,734.0277709960938,734.0499877929688,733.780029296875,734.030029296875,69857
2026-06-26 15:29:00+00:00,734.030029296875,734.6699829101562,734.030029296875,734.6699829101562,229644
2026-06-26 15:30:00+00:00,734.6699829101562,735.6099853515625,734.6599731445312,735.4199829101562,199744
2026-06-26 15:31:00+00:00,735.4199829101562,735.47998046875,734.9199829101562,735.2100219726562,93771
2026-06-26 15:32:00+00:00,735.2100219726562,735.2100219726562,734.72998046875,735.010009765625,62500
2026-06-26 15:33:00+00:00,734.989990234375,735.1010131835938,734.5,734.5399780273438,71417
2026-06-26 15:34:00+00:00,734.5300903320312,734.7095947265625,734.3699951171875,734.52001953125,57861
2026-06-26 15:35:00+00:00,734.52001953125,734.8900146484375,734.52001953125,734.8300170898438,75995
2026-06-26 15:36:00+00:00,734.8200073242188,735.3400268554688,734.75,735.3400268554688,81481
2026-06-26 15:37:00+00:00,735.3099975585938,735.8699951171875,735.27001953125,735.594970703125,108977
2026-06-26 15:38:00+00:00,735.5999755859375,735.9299926757812,735.4400024414062,735.75,108508
2026-06-26 15:39:00+00:00,735.77001953125,735.9600219726562,735.6500244140625,735.7518920898438,84838
2026-06-26 15:40:00+00:00,735.7999877929688,735.97998046875,735.6199951171875,735.6900024414062,91191
2026-06-26 15:41:00+00:00,735.7000122070312,735.8599853515625,735.5399780273438,735.5399780273438,327763
2026-06-26 15:42:00+00:00,735.5399780273438,736.2999877929688,735.5399780273438,736.1900024414062,298561
2026-06-26 15:43:00+00:00,736.1599731445312,736.530029296875,736.1199951171875,736.3300170898438,227461
2026-06-26 15:44:00+00:00,736.3400268554688,736.52001953125,736.0900268554688,736.27001953125,122192
2026-06-26 15:45:00+00:00,736.260009765625,736.4600219726562,736.0700073242188,736.114990234375,75402
2026-06-26 15:46:00+00:00,736.0999755859375,736.1900024414062,735.7449951171875,735.780029296875,69020
2026-06-26 15:47:00+00:00,735.77001953125,735.77001953125,735.5599975585938,735.6649780273438,41808
2026-06-26 15:48:00+00:00,735.6749877929688,735.780029296875,735.5800170898438,735.6500244140625,56937
2026-06-26 15:49:00+00:00,735.6300048828125,735.8599853515625,735.5449829101562,735.5700073242188,56046
2026-06-26 15:50:00+00:00,735.5800170898438,735.9500122070312,735.5499877929688,735.9299926757812,66535
2026-06-26 15:51:00+00:00,735.9299926757812,736.0399780273438,734.3699951171875,734.6199951171875,354776
2026-06-26 15:52:00+00:00,734.6599731445312,735.0850219726562,734.6099853515625,734.8599853515625,84036
2026-06-26 15:53:00+00:00,734.8400268554688,735.22998046875,734.77001953125,734.7899780273438,72971
2026-06-26 15:54:00+00:00,734.8099975585938,734.8099975585938,734.1799926757812,734.5650024414062,123812
2026-06-26 15:55:00+00:00,734.5499877929688,735.0700073242188,734.3800048828125,735.0399780273438,91551
2026-06-26 15:56:00+00:00,735.0499877929688,735.47998046875,735.0449829101562,735.4600219726562,99097
2026-06-26 15:57:00+00:00,735.4600219726562,735.8699951171875,735.4299926757812,735.5963134765625,88738
2026-06-26 15:58:00+00:00,735.5700073242188,735.6500244140625,735.2000122070312,735.260009765625,73939
2026-06-26 15:59:00+00:00,735.239990234375,735.5800170898438,735.0800170898438,735.4000244140625,58140
2026-06-26 16:00:00+00:00,735.4000244140625,735.469970703125,735.1400146484375,735.4600219726562,56467
2026-06-26 16:01:00+00:00,735.469970703125,735.52001953125,735.27001953125,735.3300170898438,49624
2026-06-26 16:02:00+00:00,735.3416748046875,735.510009765625,735.0900268554688,735.0900268554688,67406
2026-06-26 16:03:00+00:00,735.1099853515625,735.3900146484375,735.0900268554688,735.1799926757812,55308
2026-06-26 16:04:00+00:00,735.1799926757812,735.4299926757812,735.0999755859375,735.3300170898438,78813
2026-06-26 16:05:00+00:00,735.3200073242188,735.4000244140625,734.97998046875,735.10009765625,84092
2026-06-26 16:06:00+00:00,735.1199951171875,735.25,734.7999877929688,735.1799926757812,198759
2026-06-26 16:07:00+00:00,735.1599731445312,735.1599731445312,734.8200073242188,734.8250122070312,48811
2026-06-26 16:08:00+00:00,734.8200073242188,734.9180297851562,734.4500122070312,734.4500122070312,68978
2026-06-26 16:09:00+00:00,734.47998046875,734.5499877929688,734.1199951171875,734.25,92668
2026-06-26 16:10:00+00:00,734.239990234375,734.489990234375,734.1799926757812,734.2899169921875,72721
2026-06-26 16:11:00+00:00,734.280029296875,734.3300170898438,734.0599975585938,734.2899780273438,55484
2026-06-26 16:12:00+00:00,734.260009765625,734.2899780273438,733.7999877929688,733.8499145507812,65947
2026-06-26 16:13:00+00:00,733.8200073242188,734.17041015625,733.8200073242188,734.0899047851562,55145
2026-06-26 16:14:00+00:00,734.0499877929688,734.27001953125,734.010009765625,734.1199951171875,49667
2026-06-26 16:15:00+00:00,734.1300048828125,734.1900024414062,733.8699951171875,734.1199951171875,42993
2026-06-26 16:16:00+00:00,734.1400146484375,734.5800170898438,733.8800048828125,734.530029296875,179177
2026-06-26 16:17:00+00:00,734.530029296875,734.6300048828125,734.1199951171875,734.2100219726562,57135
2026-06-26 16:18:00+00:00,734.2100219726562,734.3150024414062,733.7999877929688,733.8499755859375,52533
2026-06-26 16:19:00+00:00,733.8800048828125,734.010009765625,733.780029296875,734.0,46274
2026-06-26 16:20:00+00:00,734.010009765625,734.1400146484375,733.1300048828125,733.530029296875,129916
2026-06-26 16:21:00+00:00,733.47998046875,733.5399780273438,732.739990234375,732.9400024414062,156464
2026-06-26 16:22:00+00:00,732.9299926757812,733.239990234375,732.8300170898438,733.02001953125,98147
2026-06-26 16:23:00+00:00,732.989990234375,733.3300170898438,732.7999877929688,733.25,90460
2026-06-26 16:24:00+00:00,733.25,733.5999755859375,733.22998046875,733.239990234375,208182
2026-06-26 16:25:00+00:00,733.239990234375,733.4141235351562,733.1799926757812,733.2050170898438,43666
2026-06-26 16:26:00+00:00,733.2050170898438,733.5900268554688,733.114990234375,733.530029296875,49909
2026-06-26 16:27:00+00:00,733.5399780273438,733.5700073242188,733.3699951171875,733.530029296875,57919
2026-06-26 16:28:00+00:00,733.5150146484375,733.6400146484375,733.3499755859375,733.510009765625,36499
2026-06-26 16:29:00+00:00,733.510009765625,733.5599975585938,733.260009765625,733.4199829101562,60340
2026-06-26 16:30:00+00:00,733.4000244140625,734.0999755859375,733.4000244140625,734.02001953125,161010
2026-06-26 16:31:00+00:00,734.02001953125,734.1400146484375,733.8099975585938,733.980712890625,73129
2026-06-26 16:32:00+00:00,733.97998046875,734.260009765625,733.8300170898438,734.239990234375,61216
2026-06-26 16:33:00+00:00,734.25,734.489990234375,734.1099853515625,734.2999877929688,50319
2026-06-26 16:34:00+00:00,734.2899780273438,734.7000122070312,734.22998046875,734.6300048828125,53981
2026-06-26 16:35:00+00:00,734.6400146484375,734.780029296875,734.4400024414062,734.5700073242188,53980
2026-06-26 16:36:00+00:00,734.5399780273438,734.5599975585938,734.219970703125,734.4349975585938,59719
2026-06-26 16:37:00+00:00,734.4400024414062,734.780029296875,734.35498046875,734.5800170898438,195406
2026-06-26 16:38:00+00:00,734.5700073242188,734.6900024414062,734.4099731445312,734.4500122070312,32956
2026-06-26 16:39:00+00:00,734.4299926757812,734.530029296875,734.2899780273438,734.3900146484375,45542
2026-06-26 16:40:00+00:00,734.4199829101562,734.6400146484375,734.280029296875,734.4000244140625,49131
2026-06-26 16:41:00+00:00,734.3900146484375,734.4299926757812,734.0800170898438,734.2949829101562,77113
2026-06-26 16:42:00+00:00,734.3200073242188,734.5361938476562,734.1900024414062,734.4650268554688,43251
2026-06-26 16:43:00+00:00,734.4600219726562,734.619873046875,734.3400268554688,734.4000244140625,45684
2026-06-26 16:44:00+00:00,734.3599853515625,734.6099853515625,733.989990234375,734.030029296875,67805
2026-06-26 16:45:00+00:00,734.0499877929688,734.3599853515625,733.9199829101562,734.1599731445312,44238
2026-06-26 16:46:00+00:00,734.1599731445312,734.2249755859375,733.8499755859375,733.989990234375,48201
2026-06-26 16:47:00+00:00,734.0,734.2899780273438,733.9400024414062,734.1599731445312,40830
2026-06-26 16:48:00+00:00,734.1799926757812,734.3400268554688,734.0800170898438,734.1400146484375,40558
2026-06-26 16:49:00+00:00,734.1400146484375,734.3900146484375,734.1099853515625,734.35498046875,68325
2026-06-26 16:50:00+00:00,734.3599853515625,734.7899780273438,734.280029296875,734.47998046875,89172
2026-06-26 16:51:00+00:00,734.4500122070312,734.7899780273438,734.4000244140625,734.5650024414062,100944
2026-06-26 16:52:00+00:00,734.5399780273438,734.6599731445312,734.4299926757812,734.5800170898438,23415
2026-06-26 16:53:00+00:00,734.5599975585938,734.7999877929688,734.510009765625,734.7999877929688,47080
2026-06-26 16:54:00+00:00,734.8099975585938,734.9000244140625,734.5900268554688,734.6099853515625,47956
2026-06-26 16:55:00+00:00,734.5999755859375,734.5999755859375,734.2999877929688,734.4099731445312,58234
2026-06-26 16:56:00+00:00,734.3800048828125,734.47998046875,734.27001953125,734.3499755859375,23943
2026-06-26 16:57:00+00:00,734.3499755859375,734.4400024414062,734.3099975585938,734.3599853515625,34494
2026-06-26 16:58:00+00:00,734.3699951171875,734.5499877929688,734.3599853515625,734.47998046875,279561
2026-06-26 16:59:00+00:00,734.47998046875,734.5,734.25,734.469970703125,157401
2026-06-26 17:00:00+00:00,734.47998046875,734.6300048828125,734.1699829101562,734.610107421875,296525
2026-06-26 17:01:00+00:00,734.6400146484375,735.0999755859375,734.6300048828125,734.969970703125,69350
2026-06-26 17:02:00+00:00,734.969970703125,735.1898803710938,734.9199829101562,735.030029296875,97786
2026-06-26 17:03:00+00:00,735.0250244140625,735.1500244140625,734.8800048828125,734.9000244140625,42532
2026-06-26 17:04:00+00:00,734.905029296875,735.0999755859375,734.8099975585938,734.9299926757812,566393
2026-06-26 17:05:00+00:00,734.9349975585938,735.1599731445312,734.9099731445312,735.0700073242188,137665
2026-06-26 17:06:00+00:00,735.0599975585938,735.1699829101562,735.0,735.0800170898438,46005
2026-06-26 17:07:00+00:00,735.0700073242188,735.1099853515625,734.9199829101562,735.0,111043
2026-06-26 17:08:00+00:00,734.9708862304688,735.5700073242188,734.969970703125,735.5599975585938,107661
2026-06-26 17:09:00+00:00,735.5303955078125,735.7899780273438,735.3599853515625,735.6500244140625,101520
2026-06-26 17:10:00+00:00,735.6199951171875,735.8599853515625,735.5999755859375,735.6099853515625,61856
2026-06-26 17:11:00+00:00,735.6099853515625,735.6099853515625,735.25,735.280029296875,71362
2026-06-26 17:12:00+00:00,735.280029296875,735.3699951171875,735.1599731445312,735.3200073242188,32875
2026-06-26 17:13:00+00:00,735.3300170898438,735.3300170898438,734.9400024414062,734.9500122070312,54686
2026-06-26 17:14:00+00:00,734.9400024414062,735.1099853515625,734.9299926757812,735.0850219726562,48504
2026-06-26 17:15:00+00:00,735.0999755859375,735.159912109375,734.6199951171875,734.6845703125,82977
2026-06-26 17:16:00+00:00,734.6900024414062,734.97998046875,734.6500244140625,734.6900024414062,56283
2026-06-26 17:17:00+00:00,734.6900024414062,734.739990234375,734.3200073242188,734.3699951171875,48190
2026-06-26 17:18:00+00:00,734.3800048828125,734.5599975585938,734.2899780273438,734.364990234375,85891
2026-06-26 17:19:00+00:00,734.3599853515625,734.6300048828125,734.3499755859375,734.4400024414062,39392
2026-06-26 17:20:00+00:00,734.4500122070312,734.5900268554688,734.27001953125,734.3049926757812,45105
2026-06-26 17:21:00+00:00,734.3200073242188,734.3400268554688,733.969970703125,734.3400268554688,50353
2026-06-26 17:22:00+00:00,734.3300170898438,734.6199951171875,734.3300170898438,734.3800048828125,74154
2026-06-26 17:23:00+00:00,734.4000244140625,734.409423828125,733.969970703125,734.0411987304688,40767
2026-06-26 17:24:00+00:00,734.0399780273438,734.1900024414062,733.9600219726562,734.0499877929688,44051
2026-06-26 17:25:00+00:00,734.0399780273438,734.0700073242188,733.7899780273438,733.9000244140625,58816
2026-06-26 17:26:00+00:00,733.88232421875,734.0,733.8200073242188,733.969970703125,35660
2026-06-26 17:27:00+00:00,733.969970703125,734.739990234375,733.9500122070312,734.6500244140625,68981
2026-06-26 17:28:00+00:00,734.6900024414062,734.9099731445312,734.6699829101562,734.8400268554688,64821
2026-06-26 17:29:00+00:00,734.8099975585938,734.97998046875,734.719970703125,734.719970703125,71512
2026-06-26 17:30:00+00:00,734.719970703125,735.3900146484375,734.7100219726562,734.97998046875,240479
2026-06-26 17:31:00+00:00,734.989990234375,735.0599975585938,734.5,734.5599975585938,63260
2026-06-26 17:32:00+00:00,734.5598754882812,734.739990234375,734.4500122070312,734.739990234375,89884
2026-06-26 17:33:00+00:00,734.7000122070312,734.9400024414062,734.5999755859375,734.8200073242188,171595
2026-06-26 17:34:00+00:00,734.7999877929688,734.97998046875,734.5800170898438,734.6325073242188,42157
2026-06-26 17:35:00+00:00,734.6199951171875,734.6300048828125,734.1425170898438,734.3400268554688,55436
2026-06-26 17:36:00+00:00,734.3400268554688,734.5,734.27001953125,734.27001953125,48104
2026-06-26 17:37:00+00:00,734.280029296875,734.3900146484375,734.1500244140625,734.3200073242188,49004
2026-06-26 17:38:00+00:00,734.3200073242188,734.3900146484375,734.0800170898438,734.1099853515625,30426
2026-06-26 17:39:00+00:00,734.0999755859375,734.2650146484375,733.989990234375,734.0499877929688,27775
2026-06-26 17:40:00+00:00,734.0499877929688,734.0999755859375,733.6199951171875,733.8049926757812,60260
2026-06-26 17:41:00+00:00,733.8200073242188,733.8800048828125,733.6599731445312,733.8099975585938,48469
2026-06-26 17:42:00+00:00,733.7999877929688,734.2899780273438,733.75,734.219970703125,61496
2026-06-26 17:43:00+00:00,734.219970703125,734.530029296875,734.219970703125,734.2899780273438,57925
2026-06-26 17:44:00+00:00,734.2420043945312,734.469970703125,734.1900024414062,734.260009765625,28387
2026-06-26 17:45:00+00:00,734.260009765625,734.3900146484375,734.1500244140625,734.2999877929688,41426
2026-06-26 17:46:00+00:00,734.2999877929688,734.3800048828125,734.1300048828125,734.2150268554688,163765
2026-06-26 17:47:00+00:00,734.2100219726562,734.2849731445312,734.1199951171875,734.2000122070312,24218
2026-06-26 17:48:00+00:00,734.2349853515625,734.4099731445312,734.0,734.0,41295
2026-06-26 17:49:00+00:00,733.989990234375,734.0599975585938,733.8400268554688,733.8599853515625,37650
2026-06-26 17:50:00+00:00,733.8599853515625,733.989990234375,733.7999877929688,733.989990234375,44206
2026-06-26 17:51:00+00:00,733.97998046875,734.0999755859375,733.8900146484375,734.0900268554688,32567
2026-06-26 17:52:00+00:00,734.0900268554688,734.219970703125,734.010009765625,734.114990234375,46189
2026-06-26 17:53:00+00:00,734.1300048828125,734.2100219726562,733.9400024414062,733.9400024414062,38913
2026-06-26 17:54:00+00:00,733.97998046875,734.3200073242188,733.9099731445312,734.0800170898438,328898
2026-06-26 17:55:00+00:00,734.0599975585938,734.0900268554688,733.77001953125,733.7750244140625,48474
2026-06-26 17:56:00+00:00,733.7750244140625,733.7899780273438,733.469970703125,733.5900268554688,64654
2026-06-26 17:57:00+00:00,733.60498046875,733.760009765625,733.47998046875,733.6649780273438,52363
2026-06-26 17:58:00+00:00,733.6599731445312,733.8400268554688,733.6500244140625,733.75,43658
2026-06-26 17:59:00+00:00,733.7550048828125,734.02001953125,733.6599731445312,733.6599731445312,48091
2026-06-26 18:00:00+00:00,733.6900024414062,733.9000244140625,733.6300048828125,733.780029296875,63533
2026-06-26 18:01:00+00:00,733.780029296875,734.0499877929688,733.75,733.9099731445312,206727
2026-06-26 18:02:00+00:00,733.9099731445312,734.1099853515625,733.7374877929688,733.9000244140625,53516
2026-06-26 18:03:00+00:00,733.8800048828125,734.1199951171875,733.77001953125,734.1199951171875,43654
2026-06-26 18:04:00+00:00,734.1199951171875,734.4000244140625,734.1099853515625,734.260009765625,58467
2026-06-26 18:05:00+00:00,734.22998046875,734.5,734.1900024414062,734.3699951171875,195361
2026-06-26 18:06:00+00:00,734.375,734.5900268554688,734.260009765625,734.3800048828125,50137
2026-06-26 18:07:00+00:00,734.3800048828125,734.3800048828125,734.0399780273438,734.0599975585938,51366
2026-06-26 18:08:00+00:00,734.0700073242188,734.22998046875,734.0449829101562,734.1699829101562,61927
2026-06-26 18:09:00+00:00,734.1699829101562,734.4000244140625,734.1599731445312,734.1900024414062,55837
2026-06-26 18:10:00+00:00,734.1500244140625,734.2999877929688,733.9000244140625,733.9000244140625,51747
2026-06-26 18:11:00+00:00,733.9400024414062,734.3400268554688,733.9000244140625,734.3300170898438,62611
2026-06-26 18:12:00+00:00,734.3200073242188,734.4349975585938,734.0999755859375,734.1199951171875,63304
2026-06-26 18:13:00+00:00,734.1099853515625,734.1900024414062,733.9500122070312,733.989990234375,54184
2026-06-26 18:14:00+00:00,733.9600219726562,734.1099853515625,733.8599853515625,734.0399780273438,178258
2026-06-26 18:15:00+00:00,734.0499877929688,734.219970703125,733.8099975585938,733.8599853515625,86275
2026-06-26 18:16:00+00:00,733.8300170898438,733.9000244140625,733.5800170898438,733.6400146484375,76543
2026-06-26 18:17:00+00:00,733.6400146484375,733.6799926757812,733.5399780273438,733.6400146484375,52606
2026-06-26 18:18:00+00:00,733.6699829101562,733.77001953125,733.3300170898438,733.3499755859375,94684
2026-06-26 18:19:00+00:00,733.3599853515625,733.4149780273438,733.239990234375,733.4000244140625,91203
2026-06-26 18:20:00+00:00,733.4000244140625,733.6199951171875,733.239990234375,733.4299926757812,64231
2026-06-26 18:21:00+00:00,733.4201049804688,733.5499877929688,733.3499755859375,733.510009765625,57687
2026-06-26 18:22:00+00:00,733.469970703125,733.6699829101562,733.4600219726562,733.6199951171875,69870
2026-06-26 18:23:00+00:00,733.6199951171875,733.6199951171875,733.3900146484375,733.532470703125,91947
2026-06-26 18:24:00+00:00,733.510009765625,733.5700073242188,733.3499755859375,733.5599975585938,78847
2026-06-26 18:25:00+00:00,733.5499877929688,733.6699829101562,733.4199829101562,733.4500122070312,60043
2026-06-26 18:26:00+00:00,733.4600219726562,733.6099853515625,733.2999877929688,733.3599853515625,61325
2026-06-26 18:27:00+00:00,733.3300170898438,733.3599853515625,733.0,733.0999755859375,94475
2026-06-26 18:28:00+00:00,733.0999755859375,733.1099853515625,732.739990234375,732.7999877929688,237504
2026-06-26 18:29:00+00:00,732.7999877929688,733.0700073242188,732.7899780273438,732.8300170898438,70241
2026-06-26 18:30:00+00:00,732.8300170898438,733.0599975585938,732.77001953125,732.8499755859375,119612
2026-06-26 18:31:00+00:00,732.8400268554688,733.0300903320312,732.8150024414062,732.9199829101562,96656
2026-06-26 18:32:00+00:00,732.9199829101562,733.3300170898438,732.9199829101562,733.2899780273438,111982
2026-06-26 18:33:00+00:00,733.27001953125,733.6699829101562,733.239990234375,733.6599731445312,117245
2026-06-26 18:34:00+00:00,733.6500244140625,733.6649780273438,733.3400268554688,733.4650268554688,55001
2026-06-26 18:35:00+00:00,733.469970703125,733.47998046875,733.1500244140625,733.1599731445312,61131
2026-06-26 18:36:00+00:00,733.1699829101562,733.2100219726562,732.9600219726562,733.0999755859375,81763
2026-06-26 18:37:00+00:00,733.0999755859375,733.1500244140625,732.7899780273438,732.9099731445312,306567
2026-06-26 18:38:00+00:00,732.9099731445312,733.02001953125,732.72998046875,732.8800048828125,157789
2026-06-26 18:39:00+00:00,732.8900146484375,733.010009765625,732.85009765625,732.8900146484375,46532
2026-06-26 18:40:00+00:00,732.89501953125,733.0700073242188,732.7501220703125,732.8524780273438,52345
2026-06-26 18:41:00+00:00,732.8599853515625,733.0800170898438,732.8099975585938,732.8800048828125,62167
2026-06-26 18:42:00+00:00,732.8699951171875,733.0,732.8400268554688,732.8699951171875,56751
2026-06-26 18:43:00+00:00,732.8699951171875,733.0,732.8099975585938,732.969970703125,42621
2026-06-26 18:44:00+00:00,732.97998046875,733.1500244140625,732.77001953125,732.77001953125,61705
2026-06-26 18:45:00+00:00,732.8099975585938,732.8099975585938,732.2999877929688,732.530029296875,190612
2026-06-26 18:46:00+00:00,732.5349731445312,732.5700073242188,732.25,732.3226928710938,61635
2026-06-26 18:47:00+00:00,732.3099975585938,732.4099731445312,732.030029296875,732.2000122070312,428085
2026-06-26 18:48:00+00:00,732.2000122070312,732.22998046875,731.760009765625,731.8699951171875,407023
2026-06-26 18:49:00+00:00,731.8800048828125,732.0900268554688,731.8599853515625,732.0299072265625,255978
2026-06-26 18:50:00+00:00,732.030029296875,732.0399780273438,731.6099853515625,731.72998046875,160184
2026-06-26 18:51:00+00:00,731.739990234375,731.9299926757812,731.6900024414062,731.72998046875,179123
2026-06-26 18:52:00+00:00,731.7349853515625,732.1199951171875,731.6400146484375,731.9400024414062,176384
2026-06-26 18:53:00+00:00,731.969970703125,732.0050048828125,731.75,731.9000244140625,105890
2026-06-26 18:54:00+00:00,731.9099731445312,732.0700073242188,731.7000122070312,731.7899780273438,84100
2026-06-26 18:55:00+00:00,731.7899780273438,732.1300048828125,731.75,732.1099853515625,120138
2026-06-26 18:56:00+00:00,732.0700073242188,732.1099853515625,731.780029296875,731.8400268554688,84954
2026-06-26 18:57:00+00:00,731.8499755859375,731.969970703125,731.280029296875,731.489990234375,182254
2026-06-26 18:58:00+00:00,731.47998046875,731.7081909179688,731.47998046875,731.510009765625,105384
2026-06-26 18:59:00+00:00,731.52001953125,731.739990234375,731.4500122070312,731.6199951171875,149473
2026-06-26 19:00:00+00:00,731.6300048828125,731.9500122070312,731.530029296875,731.6799926757812,153237
2026-06-26 19:01:00+00:00,731.6699829101562,732.0999755859375,731.6199951171875,731.9600219726562,139583
2026-06-26 19:02:00+00:00,731.969970703125,732.0499877929688,731.8300170898438,731.9299926757812,73741
2026-06-26 19:03:00+00:00,731.9099731445312,731.9149780273438,731.5700073242188,731.5900268554688,203332
2026-06-26 19:04:00+00:00,731.5800170898438,731.6699829101562,731.4299926757812,731.4600219726562,177978
2026-06-26 19:05:00+00:00,731.4299926757812,731.5599975585938,731.3300170898438,731.5050048828125,133931
2026-06-26 19:06:00+00:00,731.5,731.97998046875,731.4199829101562,731.97998046875,92970
2026-06-26 19:07:00+00:00,731.989990234375,732.1699829101562,731.8150024414062,731.8699951171875,106919
2026-06-26 19:08:00+00:00,731.8699951171875,732.4409790039062,731.8599853515625,732.27001953125,146480
2026-06-26 19:09:00+00:00,732.280029296875,732.47998046875,732.25,732.3499755859375,103808
2026-06-26 19:10:00+00:00,732.3400268554688,732.4600219726562,732.0125122070312,732.27001953125,261131
2026-06-26 19:11:00+00:00,732.2899780273438,732.3900146484375,732.0800170898438,732.27001953125,221034
2026-06-26 19:12:00+00:00,732.2899780273438,732.4000244140625,732.1199951171875,732.280029296875,82976
2026-06-26 19:13:00+00:00,732.280029296875,732.4500122070312,732.2000122070312,732.3599853515625,83071
2026-06-26 19:14:00+00:00,732.3499755859375,732.7999877929688,732.3499755859375,732.7899780273438,95744
2026-06-26 19:15:00+00:00,732.77001953125,732.8150024414062,732.5499877929688,732.760009765625,220292
2026-06-26 19:16:00+00:00,732.760009765625,732.77001953125,732.4400024414062,732.72998046875,239461
2026-06-26 19:17:00+00:00,732.7000122070312,732.75,732.52001953125,732.6325073242188,107153
2026-06-26 19:18:00+00:00,732.6500244140625,732.9400024414062,732.6300048828125,732.8900146484375,174413
2026-06-26 19:19:00+00:00,732.9000244140625,732.989990234375,732.7000122070312,732.75,163172
2026-06-26 19:20:00+00:00,732.75,732.77001953125,732.510009765625,732.5999755859375,109347
2026-06-26 19:21:00+00:00,732.5999755859375,732.8900146484375,732.4000244140625,732.4299926757812,117843
2026-06-26 19:22:00+00:00,732.4199829101562,732.489990234375,732.0650024414062,732.1699829101562,105549
2026-06-26 19:23:00+00:00,732.1599731445312,732.3200073242188,731.780029296875,732.0399780273438,244294
2026-06-26 19:24:00+00:00,732.030029296875,732.280029296875,732.02001953125,732.27001953125,89421
2026-06-26 19:25:00+00:00,732.260986328125,732.47998046875,732.1799926757812,732.280029296875,83413
2026-06-26 19:26:00+00:00,732.260009765625,732.2899780273438,732.1099853515625,732.25,89507
2026-06-26 19:27:00+00:00,732.25,732.4199829101562,732.1300048828125,732.3150024414062,100431
2026-06-26 19:28:00+00:00,732.3137817382812,732.4299926757812,732.1199951171875,732.1799926757812,92732
2026-06-26 19:29:00+00:00,732.1599731445312,732.2899780273438,732.0999755859375,732.1900024414062,91027
2026-06-26 19:30:00+00:00,732.2000122070312,732.260009765625,731.760009765625,732.0399780273438,114406
2026-06-26 19:31:00+00:00,732.030029296875,732.25,731.8400268554688,731.8400268554688,103937
2026-06-26 19:32:00+00:00,731.8599853515625,732.239990234375,731.8300170898438,732.0900268554688,94626
2026-06-26 19:33:00+00:00,732.1300048828125,732.8200073242188,732.1199951171875,732.66748046875,333072
2026-06-26 19:34:00+00:00,732.6500244140625,732.8699951171875,732.5999755859375,732.6699829101562,133844
2026-06-26 19:35:00+00:00,732.6599731445312,732.8599853515625,732.4299926757812,732.530029296875,339956
2026-06-26 19:36:00+00:00,732.530029296875,732.8499755859375,732.4299926757812,732.5374755859375,279040
2026-06-26 19:37:00+00:00,732.5599975585938,732.7000122070312,732.280029296875,732.6099853515625,150349
2026-06-26 19:38:00+00:00,732.5999755859375,732.5999755859375,732.4400024414062,732.4500122070312,75959
2026-06-26 19:39:00+00:00,732.5,732.5349731445312,732.2999877929688,732.33251953125,78419
2026-06-26 19:40:00+00:00,732.3300170898438,732.6599731445312,732.3099975585938,732.4400024414062,132556
2026-06-26 19:41:00+00:00,732.4400024414062,732.510009765625,732.3400268554688,732.4500122070312,83098
2026-06-26 19:42:00+00:00,732.469970703125,733.0900268554688,732.4099731445312,733.0900268554688,135273
2026-06-26 19:43:00+00:00,733.0800170898438,733.27001953125,732.9099731445312,733.239990234375,134066
2026-06-26 19:44:00+00:00,733.219970703125,733.3499755859375,733.1900024414062,733.27001953125,117332
2026-06-26 19:45:00+00:00,733.280029296875,733.3300170898438,733.0850219726562,733.3200073242188,180508
2026-06-26 19:46:00+00:00,733.3150024414062,733.8599853515625,733.1799926757812,733.5800170898438,228415
2026-06-26 19:47:00+00:00,733.5999755859375,733.739990234375,733.219970703125,733.219970703125,184143
2026-06-26 19:48:00+00:00,733.219970703125,733.260009765625,732.9199829101562,732.97998046875,476927
2026-06-26 19:49:00+00:00,733.02001953125,733.1099853515625,732.7100219726562,733.0499877929688,208659
2026-06-26 19:50:00+00:00,733.0399780273438,733.6699829101562,732.5601196289062,732.864990234375,445957
2026-06-26 19:51:00+00:00,732.8499755859375,733.2100219726562,732.7000122070312,733.010009765625,298685
2026-06-26 19:52:00+00:00,732.989990234375,733.1799926757812,732.780029296875,733.0599975585938,182685
2026-06-26 19:53:00+00:00,733.0900268554688,733.489990234375,733.0250244140625,733.0900268554688,233017
2026-06-26 19:54:00+00:00,733.1199951171875,733.239990234375,732.780029296875,733.1500244140625,348562
2026-06-26 19:55:00+00:00,733.1300048828125,733.3599853515625,732.9199829101562,733.0900268554688,550751
2026-06-26 19:56:00+00:00,733.094970703125,733.1500244140625,732.9400024414062,733.14501953125,504104
2026-06-26 19:57:00+00:00,733.14501953125,733.5700073242188,733.1300048828125,733.3400268554688,543093
2026-06-26 19:58:00+00:00,733.3300170898438,733.5999755859375,733.0800170898438,733.4099731445312,577073
2026-06-26 19:59:00+00:00,733.4000244140625,733.405029296875,716.5800170898438,729.0800170898438,4671600
2026-06-26 20:00:00+00:00,729.08,732.8,716.58,731.55,2603879
2026-06-26 20:01:00+00:00,731.56,731.75,730.62,730.81,0
2026-06-26 20:02:00+00:00,730.85,731.22,730.4,731.02,0
2026-06-26 20:03:00+00:00,731.04,732.4,728.99,731.14,0
2026-06-26 20:04:00+00:00,731.15,731.67,728.99,730.87,0
2026-06-26 20:05:00+00:00,730.96,731.13,730.61,730.6783,0
2026-06-26 20:06:00+00:00,730.67,730.93,730.3,730.42,0
2026-06-26 20:07:00+00:00,730.41,730.84,730.22,730.71,0
2026-06-26 20:08:00+00:00,730.72,731.29,730.68,731.01,0
2026-06-26 20:09:00+00:00,730.96,732.931,730.7,731.0,0
2026-06-26 20:10:00+00:00,731.01,731.2,728.99,730.89,0
2026-06-26 20:11:00+00:00,730.88,732.931,730.81,731.3,0
2026-06-26 20:12:00+00:00,731.29,732.5855,731.29,731.66,0
2026-06-26 20:13:00+00:00,731.66,732.931,731.54,731.875,0
2026-06-26 20:14:00+00:00,732.005,732.5725,731.896,732.12,0
2026-06-26 20:15:00+00:00,732.19,732.69,732.15,732.34,0
2026-06-26 20:16:00+00:00,732.46,732.46,731.55,732.3,0
2026-06-26 20:17:00+00:00,732.26,732.4,731.55,732.08,0
2026-06-26 20:18:00+00:00,732.06,732.5886,732.01,732.23,0
2026-06-26 20:19:00+00:00,732.26,732.35,728.99,732.22,0
2026-06-26 20:20:00+00:00,732.2,732.4,732.0,732.26,0
2026-06-26 20:21:00+00:00,732.2547,732.26,731.97,732.12,0
2026-06-26 20:22:00+00:00,732.095,732.4,732.095,732.35,0
2026-06-26 20:23:00+00:00,732.32,732.42,728.99,732.42,0
2026-06-26 20:24:00+00:00,732.44,732.69,732.43,732.65,0
2026-06-26 20:25:00+00:00,732.65,732.9089,732.58,732.58,0
2026-06-26 20:26:00+00:00,732.59,732.69,732.5376,732.6,0
2026-06-26 20:27:00+00:00,732.6,732.931,732.57,732.72,0
2026-06-26 20:28:00+00:00,732.72,732.87,732.65,732.78,0
2026-06-26 20:29:00+00:00,732.74,732.7548,732.43,732.4738,0
2026-06-26 20:30:00+00:00,732.49,732.52,731.71,731.74,0
2026-06-26 20:31:00+00:00,731.74,731.79,730.91,730.9648,0
2026-06-26 20:32:00+00:00,730.96,731.39,730.92,731.03,0
2026-06-26 20:33:00+00:00,731.1,731.3,731.0,731.21,0
2026-06-26 20:34:00+00:00,731.2,731.86,731.2,731.73,0
2026-06-26 20:35:00+00:00,731.57,731.73,731.45,731.7108,0
2026-06-26 20:36:00+00:00,731.74,732.0,730.7,731.18,0
2026-06-26 20:37:00+00:00,731.09,731.37,730.9,731.16,0
2026-06-26 20:38:00+00:00,731.23,731.315,731.09,731.22,0
2026-06-26 20:39:00+00:00,731.26,731.5684,731.1,731.31,0
2026-06-26 20:40:00+00:00,731.245,731.2658,730.83,730.87,0
2026-06-26 20:41:00+00:00,730.91,731.21,730.76,730.78,0
2026-06-26 20:42:00+00:00,730.76,730.9,730.665,730.84,0
2026-06-26 20:43:00+00:00,730.84,730.98,730.73,730.83,0
2026-06-26 20:44:00+00:00,730.94,731.12,730.88,730.89,0
2026-06-26 20:45:00+00:00,730.77,730.77,730.46,730.5877,0
2026-06-26 20:46:00+00:00,730.6,730.91,730.46,730.86,0
2026-06-26 20:47:00+00:00,730.8575,730.9999,730.67,730.98,0
2026-06-26 20:48:00+00:00,730.99,731.1,728.99,730.75,0
2026-06-26 20:49:00+00:00,730.75,730.95,730.66,730.85,0
2026-06-26 20:50:00+00:00,730.9,731.07,730.9,730.9781,0
2026-06-26 20:51:00+00:00,730.98,731.02,730.8517,730.96,0
2026-06-26 20:52:00+00:00,730.98,731.2,730.88,731.16,0
2026-06-26 20:53:00+00:00,731.1978,731.26,730.94,730.95,0
2026-06-26 20:54:00+00:00,730.93,731.13,730.93,731.0801,0
2026-06-26 20:55:00+00:00,731.1307,731.28,731.06,731.155,0
2026-06-26 20:56:00+00:00,731.2,731.35,731.117,731.2,0
2026-06-26 20:57:00+00:00,731.25,731.25,730.87,730.9395,0
2026-06-26 20:58:00+00:00,730.87,731.05,730.47,731.01,0
2026-06-26 20:59:00+00:00,730.98,730.98,730.57,730.57,0
2026-06-26 21:00:00+00:00,730.7566,759.3482,730.6025,730.66,0
2026-06-26 21:01:00+00:00,730.65,730.6874,728.99,730.615,0
2026-06-26 21:02:00+00:00,730.63,730.66,728.99,730.65,0
2026-06-26 21:03:00+00:00,730.625,730.65,730.6,730.6,0
2026-06-26 21:04:00+00:00,730.6,730.65,730.56,730.56,0
2026-06-26 21:05:00+00:00,730.6,730.78,730.58,730.625,0
2026-06-26 21:06:00+00:00,730.625,730.69,730.6,730.65,0
2026-06-26 21:07:00+00:00,730.675,730.7,730.65,730.6935,0
2026-06-26 21:08:00+00:00,730.65,730.7,730.64,730.6999,0
2026-06-26 21:09:00+00:00,730.61,730.65,730.56,730.63,0
2026-06-26 21:10:00+00:00,730.57,730.7,730.57,730.61,0
2026-06-26 21:11:00+00:00,730.65,730.7,730.583,730.6509,0
2026-06-26 21:12:00+00:00,730.675,732.55,730.6515,730.7,0
2026-06-26 21:13:00+00:00,730.675,730.7,730.65,730.66,0
2026-06-26 21:14:00+00:00,730.65,730.7,730.6,730.67,0
2026-06-26 21:15:00+00:00,730.67,730.7,730.63,730.6959,0
2026-06-26 21:16:00+00:00,730.675,730.8,730.67,730.8,0
2026-06-26 21:17:00+00:00,730.75,730.8,730.7025,730.72,0
2026-06-26 21:18:00+00:00,730.76,731.0001,730.72,730.85,0
2026-06-26 21:19:00+00:00,730.81,730.8499,730.5,730.58,0
2026-06-26 21:20:00+00:00,730.6,730.66,730.15,730.65,0
2026-06-26 21:21:00+00:00,730.6,730.73,730.6,730.62,0
2026-06-26 21:22:00+00:00,730.565,730.6631,730.51,730.6,0
2026-06-26 21:23:00+00:00,730.6,730.71,730.6,730.71,0
2026-06-26 21:24:00+00:00,730.7,731.0,730.7,730.72,0
2026-06-26 21:25:00+00:00,730.77,730.83,730.71,730.83,0
2026-06-26 21:26:00+00:00,730.8,730.8,730.72,730.8,0
2026-06-26 21:27:00+00:00,730.75,730.8,730.75,730.8,0
2026-06-26 21:28:00+00:00,730.75,730.8,730.7,730.71,0
2026-06-26 21:29:00+00:00,730.755,730.8,730.6,730.7927,0
2026-06-26 21:30:00+00:00,730.5562,730.65,730.54,730.58,0
2026-06-26 21:31:00+00:00,730.65,730.725,730.54,730.58,0
2026-06-26 21:32:00+00:00,730.61,730.78,730.54,730.75,0
2026-06-26 21:33:00+00:00,730.75,730.8,730.55,730.6488,0
2026-06-26 21:34:00+00:00,730.65,730.85,730.55,730.815,0
2026-06-26 21:35:00+00:00,730.84,730.9279,730.7801,730.81,0
2026-06-26 21:36:00+00:00,730.95,730.95,730.69,730.6962,0
2026-06-26 21:37:00+00:00,730.82,731.1,730.82,731.1,0
2026-06-26 21:38:00+00:00,731.1082,731.2,730.65,730.65,0
2026-06-26 21:39:00+00:00,730.81,731.0,730.6883,730.7,0
2026-06-26 21:40:00+00:00,730.73,731.05,730.7,730.796,0
2026-06-26 21:41:00+00:00,730.775,730.8,730.7512,730.79,0
2026-06-26 21:42:00+00:00,730.8,730.8,730.715,730.715,0
2026-06-26 21:43:00+00:00,730.715,730.75,730.68,730.75,0
2026-06-26 21:44:00+00:00,730.6978,730.75,730.61,730.655,0
2026-06-26 21:45:00+00:00,730.62,730.9925,728.99,730.99,0
2026-06-26 21:46:00+00:00,730.89,730.98,730.6101,730.74,0
2026-06-26 21:47:00+00:00,730.74,731.01,730.69,730.76,0
2026-06-26 21:48:00+00:00,730.88,730.94,730.79,730.8,0
2026-06-26 21:49:00+00:00,730.81,731.03,730.61,730.8,0
2026-06-26 21:50:00+00:00,730.73,730.79,730.6606,730.76,0
2026-06-26 21:51:00+00:00,730.75,731.07,730.75,731.07,0
2026-06-26 21:52:00+00:00,731.07,731.1889,731.0,731.1,0
2026-06-26 21:53:00+00:00,731.1,731.35,731.1,731.3,0
2026-06-26 21:54:00+00:00,731.4,731.4,731.3,731.3,0
2026-06-26 21:55:00+00:00,731.34,731.34,731.02,731.32,0
2026-06-26 21:56:00+00:00,731.32,731.36,731.08,731.36,0
2026-06-26 21:57:00+00:00,731.35,731.5544,731.35,731.505,0
2026-06-26 21:58:00+00:00,731.5,731.505,731.09,731.35,0
2026-06-26 21:59:00+00:00,731.34,731.35,731.2692,731.2692,0
2026-06-26 22:00:00+00:00,731.08,731.5,731.08,731.4797,0
2026-06-26 22:01:00+00:00,731.47,731.49,731.14,731.4,0
2026-06-26 22:02:00+00:00,731.38,731.4,731.14,731.4,0
2026-06-26 22:03:00+00:00,731.35,731.4,731.31,731.31,0
2026-06-26 22:04:00+00:00,731.3977,731.4,731.31,731.4,0
2026-06-26 22:05:00+00:00,731.48,731.52,731.14,731.32,0
2026-06-26 22:06:00+00:00,731.2,731.52,731.2,731.51,0
2026-06-26 22:07:00+00:00,731.5,731.52,731.5,731.5,0
2026-06-26 22:08:00+00:00,731.52,731.52,731.5,731.51,0
2026-06-26 22:09:00+00:00,731.51,731.65,731.51,731.6,0
2026-06-26 22:10:00+00:00,731.64,731.69,731.6,731.645,0
2026-06-26 22:11:00+00:00,731.645,731.69,731.6,731.6,0
2026-06-26 22:12:00+00:00,731.68,731.7755,731.6,731.6,0
2026-06-26 22:13:00+00:00,731.6,731.76,731.6,731.68,0
2026-06-26 22:14:00+00:00,731.6,731.76,731.6,731.6,0
2026-06-26 22:15:00+00:00,731.69,731.69,731.36,731.405,0
2026-06-26 22:16:00+00:00,731.4,731.5007,731.3,731.5007,0
2026-06-26 22:17:00+00:00,731.325,731.47,731.15,731.3,0
2026-06-26 22:18:00+00:00,731.405,731.5506,731.2,731.29,0
2026-06-26 22:19:00+00:00,731.29,731.5,731.23,731.23,0
2026-06-26 22:20:00+00:00,731.4,731.4,731.21,731.375,0
2026-06-26 22:21:00+00:00,731.25,731.46,731.24,731.46,0
2026-06-26 22:22:00+00:00,731.45,731.47,731.45,731.46,0
2026-06-26 22:23:00+00:00,731.45,731.48,731.45,731.48,0
2026-06-26 22:24:00+00:00,731.45,731.55,731.45,731.45,0
2026-06-26 22:25:00+00:00,731.5,731.62,731.45,731.62,0
2026-06-26 22:26:00+00:00,731.62,731.7199,731.62,731.62,0
2026-06-26 22:27:00+00:00,731.62,731.685,731.48,731.6507,0
2026-06-26 22:28:00+00:00,731.6799,731.6799,731.55,731.615,0
2026-06-26 22:29:00+00:00,731.55,731.64,731.11,731.48,0
2026-06-26 22:30:00+00:00,731.65,731.65,731.21,731.28,0
2026-06-26 22:31:00+00:00,731.385,731.385,731.2,731.2,0
2026-06-26 22:32:00+00:00,731.215,731.215,731.01,731.08,0
2026-06-26 22:33:00+00:00,731.08,731.49,731.0217,731.31,0
2026-06-26 22:34:00+00:00,731.38,731.56,731.37,731.37,0
2026-06-26 22:35:00+00:00,731.52,731.65,731.35,731.35,0
2026-06-26 22:36:00+00:00,731.46,731.525,731.4,731.525,0
2026-06-26 22:37:00+00:00,731.525,731.65,731.41,731.41,0
2026-06-26 22:38:00+00:00,731.41,731.5,731.3537,731.43,0
2026-06-26 22:39:00+00:00,731.5,731.5,731.35,731.37,0
2026-06-26 22:40:00+00:00,731.36,731.5,731.3004,731.3004,0
2026-06-26 22:41:00+00:00,731.365,731.4,731.35,731.39,0
2026-06-26 22:42:00+00:00,731.325,731.35,731.32,731.3435,0
2026-06-26 22:43:00+00:00,731.35,731.35,731.325,731.325,0
2026-06-26 22:44:00+00:00,731.325,731.3459,731.3,731.3,0
2026-06-26 22:45:00+00:00,731.325,731.35,731.3001,731.325,0
2026-06-26 22:46:00+00:00,731.325,731.35,731.325,731.33,0
2026-06-26 22:47:00+00:00,731.33,731.35,731.31,731.32,0
2026-06-26 22:48:00+00:00,731.33,731.35,731.31,731.34,0
2026-06-26 22:49:00+00:00,731.35,731.35,731.33,731.3304,0
2026-06-26 22:50:00+00:00,731.35,731.35,731.33,731.3463,0
2026-06-26 22:51:00+00:00,731.34,731.35,731.33,731.3495,0
2026-06-26 22:52:00+00:00,731.34,731.34,731.05,731.05,0
2026-06-26 22:53:00+00:00,731.2,731.307,731.2,731.2,0
2026-06-26 22:54:00+00:00,731.35,731.35,731.21,731.345,0
2026-06-26 22:55:00+00:00,731.26,731.35,731.21,731.35,0
2026-06-26 22:56:00+00:00,731.35,731.35,731.2,731.287,0
2026-06-26 22:57:00+00:00,731.213,731.3,731.2,731.27,0
2026-06-26 22:58:00+00:00,731.34,731.34,731.195,731.282,0
2026-06-26 22:59:00+00:00,731.3327,731.34,731.06,731.25,0
2026-06-26 23:00:00+00:00,731.255,731.265,731.23,731.23,0
2026-06-26 23:01:00+00:00,731.23,731.34,731.23,731.3313,0
2026-06-26 23:02:00+00:00,731.315,731.315,731.3,731.3,0
2026-06-26 23:03:00+00:00,731.315,731.34,731.29,731.315,0
2026-06-26 23:04:00+00:00,731.3351,731.34,731.2912,731.32,0
2026-06-26 23:05:00+00:00,731.32,731.35,731.29,731.32,0
2026-06-26 23:06:00+00:00,731.32,731.35,731.01,731.28,0
2026-06-26 23:07:00+00:00,731.23,731.35,731.01,731.0212,0
2026-06-26 23:08:00+00:00,731.23,731.23,731.02,731.06,0
2026-06-26 23:09:00+00:00,731.0658,731.35,731.0658,731.185,0
2026-06-26 23:10:00+00:00,731.34,731.34,731.0416,731.165,0
2026-06-26 23:11:00+00:00,731.03,731.34,731.03,731.11,0
2026-06-26 23:12:00+00:00,731.11,731.19,731.11,731.19,0
2026-06-26 23:13:00+00:00,731.11,731.28,731.1,731.185,0
2026-06-26 23:14:00+00:00,731.14,731.2,731.13,731.13,0
2026-06-26 23:15:00+00:00,731.165,731.2,731.16,731.16,0
2026-06-26 23:16:00+00:00,731.2,731.2,731.13,731.13,0
2026-06-26 23:17:00+00:00,731.13,731.145,731.1,731.115,0
2026-06-26 23:18:00+00:00,731.1,731.17,731.1,731.17,0
2026-06-26 23:19:00+00:00,731.2,731.2,731.15,731.16,0
2026-06-26 23:20:00+00:00,731.1526,731.16,731.03,731.03,0
2026-06-26 23:21:00+00:00,731.1331,731.1331,731.02,731.08,0
2026-06-26 23:22:00+00:00,731.08,731.15,731.01,731.01,0
2026-06-26 23:23:00+00:00,731.1,731.15,731.01,731.15,0
2026-06-26 23:24:00+00:00,731.03,731.15,731.01,731.01,0
2026-06-26 23:25:00+00:00,731.08,731.15,731.08,731.08,0
2026-06-26 23:26:00+00:00,731.05,731.1,731.05,731.1,0
2026-06-26 23:27:00+00:00,731.1,731.15,731.1,731.15,0
2026-06-26 23:28:00+00:00,731.15,731.29,731.15,731.245,0
2026-06-26 23:29:00+00:00,731.245,731.34,731.038,731.1484,0
2026-06-26 23:30:00+00:00,731.1465,731.15,731.0191,731.0191,0
2026-06-26 23:31:00+00:00,731.08,731.25,731.01,731.25,0
2026-06-26 23:32:00+00:00,731.0,731.3,731.0,731.3,0
2026-06-26 23:33:00+00:00,731.3,731.34,731.0493,731.165,0
2026-06-26 23:34:00+00:00,731.165,731.33,730.974,730.974,0
2026-06-26 23:35:00+00:00,731.0,731.23,730.9,731.09,0
2026-06-26 23:36:00+00:00,731.15,731.28,730.8,730.8,0
2026-06-26 23:37:00+00:00,731.06,731.1965,730.93,731.13,0
2026-06-26 23:38:00+00:00,731.2,731.3,731.09,731.1536,0
2026-06-26 23:39:00+00:00,731.3,731.3,731.16,731.225,0
2026-06-26 23:40:00+00:00,731.1768,731.3,731.1768,731.28,0
2026-06-26 23:41:00+00:00,731.3,731.35,731.2367,731.28,0
2026-06-26 23:42:00+00:00,731.299,731.4,731.21,731.21,0
2026-06-26 23:43:00+00:00,731.305,731.4,731.03,731.31,0
2026-06-26 23:44:00+00:00,731.11,731.3977,731.11,731.355,0
2026-06-26 23:45:00+00:00,731.33,731.41,731.2905,731.2914,0
2026-06-26 23:46:00+00:00,731.4,731.4,731.25,731.305,0
2026-06-26 23:47:00+00:00,731.26,731.38,731.15,731.15,0
2026-06-26 23:48:00+00:00,731.13,731.1756,731.13,731.15,0
2026-06-26 23:49:00+00:00,731.15,731.29,731.1,731.29,0
2026-06-26 23:50:00+00:00,731.38,731.4,731.21,731.384,0
2026-06-26 23:51:00+00:00,731.21,731.41,731.21,731.22,0
2026-06-26 23:52:00+00:00,731.246,731.2469,731.22,731.22,0
2026-06-26 23:53:00+00:00,731.23,731.25,731.2101,731.2448,0
2026-06-26 23:54:00+00:00,731.22,731.25,731.2103,731.23,0
2026-06-26 23:55:00+00:00,731.22,731.24,731.2123,731.24,0
2026-06-26 23:56:00+00:00,731.2391,731.25,731.22,731.22,0
2026-06-26 23:57:00+00:00,731.15,731.25,731.01,731.21,0
2026-06-26 23:58:00+00:00,731.25,731.25,731.05,731.21,0
2026-06-26 23:59:00+00:00,731.25,731.25,731.11,731.2006,0
2026-06-29 08:00:00+00:00,736.02,736.523,734.53,735.96,0
2026-06-29 08:01:00+00:00,735.85,736.54,734.6,736.1815,0
2026-06-29 08:02:00+00:00,736.24,736.6,736.24,736.47,0
2026-06-29 08:03:00+00:00,735.72,736.5,734.79,736.44,0
2026-06-29 08:04:00+00:00,736.37,736.59,734.52,735.88,0
2026-06-29 08:05:00+00:00,735.61,736.73,734.62,736.5262,0
2026-06-29 08:06:00+00:00,736.58,736.58,736.45,736.58,0
2026-06-29 08:07:00+00:00,736.6548,736.72,734.65,736.25,0
2026-06-29 08:08:00+00:00,735.65,736.38,734.84,735.6,0
2026-06-29 08:09:00+00:00,736.25,736.57,736.25,736.57,0
2026-06-29 08:10:00+00:00,736.53,736.53,736.46,736.5,0
2026-06-29 08:11:00+00:00,736.5,736.54,736.46,736.49,0
2026-06-29 08:12:00+00:00,736.5,736.62,736.45,736.62,0
2026-06-29 08:13:00+00:00,736.55,736.59,736.47,736.47,0
2026-06-29 08:14:00+00:00,736.45,736.57,736.45,736.56,0
2026-06-29 08:15:00+00:00,736.6,736.63,736.45,736.45,0
2026-06-29 08:16:00+00:00,736.4,736.41,736.31,736.4,0
2026-06-29 08:17:00+00:00,736.43,736.67,736.43,736.67,0
2026-06-29 08:18:00+00:00,736.66,737.08,736.62,737.0001,0
2026-06-29 08:19:00+00:00,736.88,736.89,736.698,736.8,0
2026-06-29 08:20:00+00:00,736.7377,736.77,736.63,736.6385,0
2026-06-29 08:21:00+00:00,736.69,736.91,736.6187,736.9,0
2026-06-29 08:22:00+00:00,736.75,736.77,736.6574,736.71,0
2026-06-29 08:23:00+00:00,736.63,736.76,736.57,736.61,0
2026-06-29 08:24:00+00:00,736.6,736.71,736.54,736.71,0
2026-06-29 08:25:00+00:00,736.7215,736.9,736.71,736.85,0
2026-06-29 08:26:00+00:00,736.74,736.74,736.52,736.5587,0
2026-06-29 08:27:00+00:00,736.51,736.66,736.51,736.5945,0
2026-06-29 08:28:00+00:00,736.62,736.64,736.5,736.55,0
2026-06-29 08:29:00+00:00,736.53,736.53,736.38,736.48,0
2026-06-29 08:30:00+00:00,736.39,736.67,736.3,736.5974,0
2026-06-29 08:31:00+00:00,736.6515,736.85,736.6515,736.72,0
2026-06-29 08:32:00+00:00,736.7582,736.7785,736.72,736.72,0
2026-06-29 08:33:00+00:00,736.71,736.8,736.7,736.8,0
2026-06-29 08:34:00+00:00,736.71,736.75,736.7,736.74,0
2026-06-29 08:35:00+00:00,736.81,736.81,736.81,736.81,0
2026-06-29 08:36:00+00:00,736.85,736.93,736.73,736.7782,0
2026-06-29 08:37:00+00:00,736.7782,736.8,736.7782,736.8,0
2026-06-29 08:38:00+00:00,736.75,736.77,736.52,736.52,0
2026-06-29 08:39:00+00:00,736.48,736.53,736.37,736.458,0
2026-06-29 08:40:00+00:00,736.43,736.43,736.27,736.27,0
2026-06-29 08:41:00+00:00,736.35,736.3953,736.32,736.32,0
2026-06-29 08:42:00+00:00,736.27,736.31,736.1987,736.3,0
2026-06-29 08:43:00+00:00,736.32,736.35,736.28,736.31,0
2026-06-29 08:44:00+00:00,736.231,736.25,736.231,736.25,0
2026-06-29 08:45:00+00:00,736.2757,736.29,736.1985,736.1985,0
2026-06-29 08:46:00+00:00,736.17,736.3,736.17,736.3,0
2026-06-29 08:47:00+00:00,736.3,736.3616,736.3,736.3,0
2026-06-29 08:48:00+00:00,736.4,736.53,736.4,736.53,0
2026-06-29 08:49:00+00:00,736.42,736.43,736.21,736.26,0
2026-06-29 08:50:00+00:00,736.39,736.4,736.39,736.4,0
2026-06-29 08:51:00+00:00,736.32,736.32,736.18,736.18,0
2026-06-29 08:52:00+00:00,736.27,736.42,736.27,736.38,0
2026-06-29 08:53:00+00:00,736.31,736.32,736.19,736.27,0
2026-06-29 08:54:00+00:00,736.19,736.19,736.04,736.04,0
2026-06-29 08:55:00+00:00,736.04,736.04,735.8707,735.98,0
2026-06-29 08:56:00+00:00,735.91,735.95,735.87,735.91,0
2026-06-29 08:57:00+00:00,735.8728,735.97,735.8728,735.9,0
2026-06-29 08:58:00+00:00,735.88,735.91,735.88,735.91,0
2026-06-29 08:59:00+00:00,735.95,735.96,735.92,735.96,0
2026-06-29 09:00:00+00:00,735.92,736.04,735.85,735.99,0
2026-06-29 09:01:00+00:00,735.98,735.99,735.97,735.97,0
2026-06-29 09:02:00+00:00,735.91,735.9774,735.9,735.9774,0
2026-06-29 09:03:00+00:00,736.05,736.19,736.04,736.05,0
2026-06-29 09:04:00+00:00,736.11,736.11,736.04,736.04,0
2026-06-29 09:05:00+00:00,736.03,736.05,735.97,735.97,0
2026-06-29 09:06:00+00:00,736.06,736.17,736.03,736.05,0
2026-06-29 09:07:00+00:00,736.01,736.0688,735.88,736.0688,0
2026-06-29 09:08:00+00:00,736.09,736.09,735.96,736.0417,0
2026-06-29 09:09:00+00:00,736.03,736.08,735.91,736.08,0
2026-06-29 09:10:00+00:00,736.0,736.12,736.0,736.12,0
2026-06-29 09:11:00+00:00,736.22,736.22,735.95,735.95,0
2026-06-29 09:12:00+00:00,735.95,736.01,735.88,735.88,0
2026-06-29 09:13:00+00:00,735.9246,736.02,735.9246,736.0,0
2026-06-29 09:14:00+00:00,736.03,736.22,736.03,736.22,0
2026-06-29 09:15:00+00:00,736.06,736.2466,736.0556,736.2466,0
2026-06-29 09:16:00+00:00,736.22,736.32,736.22,736.32,0
2026-06-29 09:17:00+00:00,736.23,736.31,736.2048,736.3,0
2026-06-29 09:18:00+00:00,736.33,736.46,736.33,736.41,0
2026-06-29 09:19:00+00:00,736.37,736.4,736.32,736.35,0
2026-06-29 09:20:00+00:00,736.35,736.36,736.32,736.3282,0
2026-06-29 09:21:00+00:00,736.36,736.411,736.26,736.26,0
2026-06-29 09:22:00+00:00,736.28,736.46,736.28,736.46,0
2026-06-29 09:23:00+00:00,736.4,736.43,736.4,736.43,0
2026-06-29 09:24:00+00:00,736.39,736.42,736.319,736.3483,0
2026-06-29 09:25:00+00:00,736.45,736.49,736.4097,736.44,0
2026-06-29 09:26:00+00:00,736.4,736.49,736.35,736.49,0
2026-06-29 09:27:00+00:00,736.42,736.5706,736.41,736.5706,0
2026-06-29 09:28:00+00:00,736.5754,736.65,736.5588,736.56,0
2026-06-29 09:29:00+00:00,736.54,736.5585,736.51,736.54,0
2026-06-29 09:30:00+00:00,736.58,736.7,736.58,736.58,0
2026-06-29 09:31:00+00:00,736.61,736.61,736.51,736.5369,0
2026-06-29 09:32:00+00:00,736.54,736.54,736.47,736.47,0
2026-06-29 09:33:00+00:00,736.47,736.49,736.4412,736.4412,0
2026-06-29 09:34:00+00:00,736.41,736.46,736.4,736.44,0
2026-06-29 09:35:00+00:00,736.4785,736.4785,736.33,736.36,0
2026-06-29 09:36:00+00:00,736.37,736.37,736.3,736.3183,0
2026-06-29 09:37:00+00:00,736.34,736.3485,736.34,736.3485,0
2026-06-29 09:38:00+00:00,736.29,736.37,736.29,736.37,0
2026-06-29 09:39:00+00:00,736.41,736.47,736.4021,736.4021,0
2026-06-29 09:40:00+00:00,736.32,736.32,736.24,736.24,0
2026-06-29 09:41:00+00:00,736.2532,736.2532,736.2532,736.2532,0
2026-06-29 09:42:00+00:00,736.35,736.35,736.24,736.24,0
2026-06-29 09:43:00+00:00,736.2492,736.31,736.2492,736.31,0
2026-06-29 09:44:00+00:00,736.3,736.371,736.22,736.3032,0
2026-06-29 09:45:00+00:00,736.46,736.46,736.44,736.44,0
2026-06-29 09:46:00+00:00,736.42,736.42,736.42,736.42,0
2026-06-29 09:47:00+00:00,736.4387,736.4387,736.39,736.39,0
2026-06-29 09:48:00+00:00,736.35,736.35,736.17,736.17,0
2026-06-29 09:49:00+00:00,736.23,736.26,736.23,736.26,0
2026-06-29 09:50:00+00:00,736.26,736.33,736.26,736.28,0
2026-06-29 09:51:00+00:00,736.2587,736.27,735.67,735.69,0
2026-06-29 09:52:00+00:00,735.65,735.83,735.57,735.76,0
2026-06-29 09:53:00+00:00,735.83,735.84,735.76,735.82,0
2026-06-29 09:54:00+00:00,735.75,735.89,735.75,735.87,0
2026-06-29 09:55:00+00:00,735.89,735.94,735.89,735.94,0
2026-06-29 09:56:00+00:00,735.9688,736.17,735.94,736.08,0
2026-06-29 09:57:00+00:00,736.1,736.31,736.1,736.1935,0
2026-06-29 09:58:00+00:00,736.3,736.31,736.21,736.26,0
2026-06-29 09:59:00+00:00,736.25,736.29,736.23,736.28,0
2026-06-29 10:00:00+00:00,736.28,736.42,736.28,736.42,0
2026-06-29 10:01:00+00:00,736.3287,736.58,736.32,736.58,0
2026-06-29 10:02:00+00:00,736.59,736.72,736.5464,736.65,0
2026-06-29 10:03:00+00:00,736.5997,736.625,736.5723,736.62,0
2026-06-29 10:04:00+00:00,736.69,736.7,736.51,736.59,0
2026-06-29 10:05:00+00:00,736.54,736.54,736.42,736.5,0
2026-06-29 10:06:00+00:00,736.51,736.55,736.48,736.48,0
2026-06-29 10:07:00+00:00,736.46,736.6,736.46,736.54,0
2026-06-29 10:08:00+00:00,736.59,736.65,736.55,736.65,0
2026-06-29 10:09:00+00:00,736.55,736.82,736.5412,736.82,0
2026-06-29 10:10:00+00:00,736.83,736.88,736.72,736.76,0
2026-06-29 10:11:00+00:00,736.7185,736.74,736.6666,736.74,0
2026-06-29 10:12:00+00:00,736.66,736.83,736.61,736.83,0
2026-06-29 10:13:00+00:00,736.66,736.66,736.55,736.55,0
2026-06-29 10:14:00+00:00,736.5,736.5185,736.37,736.46,0
2026-06-29 10:15:00+00:00,736.3685,736.3685,736.28,736.28,0
2026-06-29 10:16:00+00:00,736.23,736.23,736.13,736.13,0
2026-06-29 10:17:00+00:00,736.12,736.168,736.1,736.12,0
2026-06-29 10:18:00+00:00,736.09,736.14,736.08,736.13,0
2026-06-29 10:19:00+00:00,736.26,736.35,736.25,736.32,0
2026-06-29 10:20:00+00:00,736.3988,736.3988,736.3988,736.3988,0
2026-06-29 10:21:00+00:00,736.39,736.39,736.39,736.39,0
2026-06-29 10:22:00+00:00,736.39,736.42,736.37,736.42,0
2026-06-29 10:23:00+00:00,736.3751,736.45,736.3751,736.45,0
2026-06-29 10:24:00+00:00,736.4,736.43,736.33,736.35,0
2026-06-29 10:25:00+00:00,736.31,736.36,736.3042,736.3243,0
2026-06-29 10:26:00+00:00,736.33,736.46,736.27,736.46,0
2026-06-29 10:27:00+00:00,736.5043,736.5043,736.5043,736.5043,0
2026-06-29 10:28:00+00:00,736.46,736.68,736.46,736.68,0
2026-06-29 10:29:00+00:00,736.65,736.76,736.65,736.76,0
2026-06-29 10:30:00+00:00,736.85,736.88,736.77,736.8238,0
2026-06-29 10:31:00+00:00,736.85,736.87,736.7715,736.8,0
2026-06-29 10:32:00+00:00,736.83,736.84,736.79,736.79,0
2026-06-29 10:33:00+00:00,736.78,736.84,736.78,736.81,0
2026-06-29 10:34:00+00:00,736.87,737.0,736.87,736.96,0
2026-06-29 10:35:00+00:00,736.94,736.94,736.78,736.8,0
2026-06-29 10:36:00+00:00,736.84,736.87,736.8015,736.87,0
2026-06-29 10:37:00+00:00,736.8507,737.25,736.8507,737.24,0
2026-06-29 10:38:00+00:00,737.1,737.24,737.0592,737.13,0
2026-06-29 10:39:00+00:00,737.19,737.25,737.09,737.15,0
2026-06-29 10:40:00+00:00,737.2,737.22,737.12,737.12,0
2026-06-29 10:41:00+00:00,737.06,737.12,737.0192,737.04,0
2026-06-29 10:42:00+00:00,737.09,737.11,737.06,737.06,0
2026-06-29 10:43:00+00:00,737.08,737.08,736.969,736.969,0
2026-06-29 10:44:00+00:00,736.9495,737.0,736.9495,737.0,0
2026-06-29 10:45:00+00:00,736.97,737.0,736.94,736.95,0
2026-06-29 10:46:00+00:00,736.9485,736.9485,736.92,736.92,0
2026-06-29 10:47:00+00:00,736.9282,737.0,736.29,736.93,0
2026-06-29 10:48:00+00:00,736.91,736.92,736.8512,736.92,0
2026-06-29 10:49:00+00:00,736.8997,736.9157,736.89,736.9157,0
2026-06-29 10:50:00+00:00,736.95,736.97,736.921,736.97,0
2026-06-29 10:51:00+00:00,736.94,737.0002,736.93,737.0002,0
2026-06-29 10:52:00+00:00,737.0,737.02,736.98,737.0,0
2026-06-29 10:53:00+00:00,736.98,737.07,736.94,737.02,0
2026-06-29 10:54:00+00:00,737.09,737.14,737.01,737.01,0
2026-06-29 10:55:00+00:00,737.09,737.1,737.02,737.04,0
2026-06-29 10:56:00+00:00,737.04,737.05,737.0,737.0499,0
2026-06-29 10:57:00+00:00,737.101,737.101,737.1,737.1,0
2026-06-29 10:58:00+00:00,737.1,737.31,737.09,737.29,0
2026-06-29 10:59:00+00:00,737.28,737.48,737.25,737.45,0
2026-06-29 11:00:00+00:00,737.38,737.75,728.99,737.64,0
2026-06-29 11:01:00+00:00,737.64,737.71,728.99,737.59,0
2026-06-29 11:02:00+00:00,737.531,737.6301,737.5,737.5801,0
2026-06-29 11:03:00+00:00,737.57,737.77,737.56,737.66,0
2026-06-29 11:04:00+00:00,737.68,737.7596,737.61,737.7,0
2026-06-29 11:05:00+00:00,737.72,737.82,737.64,737.6704,0
2026-06-29 11:06:00+00:00,737.72,737.84,737.62,737.82,0
2026-06-29 11:07:00+00:00,737.8005,737.85,737.61,737.6298,0
2026-06-29 11:08:00+00:00,737.61,737.7,737.61,737.6295,0
2026-06-29 11:09:00+00:00,737.605,737.71,737.53,737.5592,0
2026-06-29 11:10:00+00:00,737.5,737.54,737.33,737.39,0
2026-06-29 11:11:00+00:00,737.405,737.405,737.2409,737.2419,0
2026-06-29 11:12:00+00:00,737.2878,737.3383,737.15,737.19,0
2026-06-29 11:13:00+00:00,737.1752,737.28,737.17,737.26,0
2026-06-29 11:14:00+00:00,737.189,737.189,737.0519,737.08,0
2026-06-29 11:15:00+00:00,737.088,737.22,737.06,737.08,0
2026-06-29 11:16:00+00:00,737.08,737.15,737.055,737.09,0
2026-06-29 11:17:00+00:00,737.07,737.2,736.99,737.0,0
2026-06-29 11:18:00+00:00,737.0,737.0,736.83,736.89,0
2026-06-29 11:19:00+00:00,736.937,736.97,736.76,736.82,0
2026-06-29 11:20:00+00:00,736.79,736.82,736.76,736.76,0
2026-06-29 11:21:00+00:00,736.7661,736.78,736.64,736.695,0
2026-06-29 11:22:00+00:00,736.72,736.87,736.61,736.805,0
2026-06-29 11:23:00+00:00,736.8,736.99,736.5,736.9657,0
2026-06-29 11:24:00+00:00,736.95,736.99,736.75,736.78,0
2026-06-29 11:25:00+00:00,736.7808,736.92,736.7808,736.88,0
2026-06-29 11:26:00+00:00,736.93,736.99,736.8739,736.91,0
2026-06-29 11:27:00+00:00,736.9685,737.065,736.9086,737.007,0
2026-06-29 11:28:00+00:00,737.02,737.03,736.9404,736.97,0
2026-06-29 11:29:00+00:00,736.97,737.16,736.97,737.04,0
2026-06-29 11:30:00+00:00,736.98,736.99,736.83,736.8611,0
2026-06-29 11:31:00+00:00,736.8904,738.1,736.84,737.455,0
2026-06-29 11:32:00+00:00,737.42,737.45,737.26,737.295,0
2026-06-29 11:33:00+00:00,737.23,737.2654,737.0918,737.135,0
2026-06-29 11:34:00+00:00,737.1244,737.34,737.11,737.3315,0
2026-06-29 11:35:00+00:00,737.33,737.42,737.24,737.3,0
2026-06-29 11:36:00+00:00,737.2796,737.3422,737.15,737.325,0
2026-06-29 11:37:00+00:00,737.29,737.4592,737.28,737.33,0
2026-06-29 11:38:00+00:00,737.33,737.345,737.25,737.25,0
2026-06-29 11:39:00+00:00,737.25,737.25,737.11,737.11,0
2026-06-29 11:40:00+00:00,737.14,737.3,737.07,737.265,0
2026-06-29 11:41:00+00:00,737.2,737.4,737.2,737.311,0
2026-06-29 11:42:00+00:00,737.3207,737.4,737.29,737.31,0
2026-06-29 11:43:00+00:00,737.325,737.4,737.26,737.33,0
2026-06-29 11:44:00+00:00,737.3,737.38,737.1939,737.245,0
2026-06-29 11:45:00+00:00,737.245,737.4,737.19,737.19,0
2026-06-29 11:46:00+00:00,737.25,737.4,737.25,737.37,0
2026-06-29 11:47:00+00:00,737.33,737.396,737.295,737.39,0
2026-06-29 11:48:00+00:00,737.39,737.55,737.355,737.5,0
2026-06-29 11:49:00+00:00,737.415,737.415,737.33,737.41,0
2026-06-29 11:50:00+00:00,737.39,737.66,737.31,737.66,0
2026-06-29 11:51:00+00:00,737.57,737.6091,737.37,737.44,0
2026-06-29 11:52:00+00:00,737.43,737.43,737.3404,737.3404,0
2026-06-29 11:53:00+00:00,737.3265,737.35,737.21,737.235,0
2026-06-29 11:54:00+00:00,737.27,737.2982,737.2303,737.2982,0
2026-06-29 11:55:00+00:00,737.26,737.31,737.2,737.2445,0
2026-06-29 11:56:00+00:00,737.31,737.35,737.2,737.22,0
2026-06-29 11:57:00+00:00,737.24,737.3,737.13,737.19,0
2026-06-29 11:58:00+00:00,737.11,737.21,737.11,737.21,0
2026-06-29 11:59:00+00:00,737.11,737.2,737.0306,737.2,0
2026-06-29 12:00:00+00:00,737.113,737.13,736.92,736.97,0
2026-06-29 12:01:00+00:00,737.0085,737.06,736.93,737.03,0
2026-06-29 12:02:00+00:00,737.03,737.14,736.98,737.1325,0
2026-06-29 12:03:00+00:00,737.1107,737.28,736.99,737.28,0
2026-06-29 12:04:00+00:00,737.27,737.31,737.17,737.22,0
2026-06-29 12:05:00+00:00,737.195,737.25,737.13,737.13,0
2026-06-29 12:06:00+00:00,737.105,737.2101,737.08,737.2101,0
2026-06-29 12:07:00+00:00,737.25,737.25,737.17,737.175,0
2026-06-29 12:08:00+00:00,737.15,737.25,737.15,737.22,0
2026-06-29 12:09:00+00:00,737.24,737.3087,737.2,737.25,0
2026-06-29 12:10:00+00:00,737.25,737.5,737.25,737.3804,0
2026-06-29 12:11:00+00:00,737.4244,737.44,737.32,737.33,0
2026-06-29 12:12:00+00:00,737.325,737.43,737.2552,737.26,0
2026-06-29 12:13:00+00:00,737.33,737.42,737.26,737.35,0
2026-06-29 12:14:00+00:00,737.35,737.42,737.26,737.35,0
2026-06-29 12:15:00+00:00,737.3495,737.44,737.29,737.33,0
2026-06-29 12:16:00+00:00,737.35,737.47,737.32,737.35,0
2026-06-29 12:17:00+00:00,737.34,737.35,737.2691,737.28,0
2026-06-29 12:18:00+00:00,737.36,737.62,737.34,737.5,0
2026-06-29 12:19:00+00:00,737.5,737.53,737.38,737.48,0
2026-06-29 12:20:00+00:00,737.44,737.51,737.35,737.42,0
2026-06-29 12:21:00+00:00,737.43,737.45,737.34,737.34,0
2026-06-29 12:22:00+00:00,737.335,737.359,737.21,737.335,0
2026-06-29 12:23:00+00:00,737.32,737.35,737.152,737.2,0
2026-06-29 12:24:00+00:00,737.16,737.26,737.13,737.21,0
2026-06-29 12:25:00+00:00,737.25,737.43,737.25,737.35,0
2026-06-29 12:26:00+00:00,737.35,737.38,737.25,737.38,0
2026-06-29 12:27:00+00:00,737.38,737.4,737.29,737.4,0
2026-06-29 12:28:00+00:00,737.37,737.55,737.37,737.49,0
2026-06-29 12:29:00+00:00,737.49,737.49,737.27,737.33,0
2026-06-29 12:30:00+00:00,737.33,737.335,737.15,737.1987,0
2026-06-29 12:31:00+00:00,737.2,737.2,736.89,737.0,0
2026-06-29 12:32:00+00:00,736.96,737.24,736.96,737.2087,0
2026-06-29 12:33:00+00:00,737.1822,737.25,737.1539,737.25,0
2026-06-29 12:34:00+00:00,737.27,737.48,737.2403,737.44,0
2026-06-29 12:35:00+00:00,737.42,737.61,737.34,737.375,0
2026-06-29 12:36:00+00:00,737.39,737.49,737.32,737.408,0
2026-06-29 12:37:00+00:00,737.39,737.39,737.06,737.06,0
2026-06-29 12:38:00+00:00,737.0435,737.0435,736.85,736.875,0
2026-06-29 12:39:00+00:00,736.86,736.94,736.8,736.86,0
2026-06-29 12:40:00+00:00,736.84,736.87,736.71,736.73,0
2026-06-29 12:41:00+00:00,736.72,736.72,736.43,736.43,0
2026-06-29 12:42:00+00:00,736.41,736.57,736.29,736.57,0
2026-06-29 12:43:00+00:00,736.53,736.6,736.495,736.585,0
2026-06-29 12:44:00+00:00,736.6,736.7,736.59,736.7,0
2026-06-29 12:45:00+00:00,736.73,736.85,736.64,736.74,0
2026-06-29 12:46:00+00:00,736.68,736.82,736.575,736.82,0
2026-06-29 12:47:00+00:00,736.84,736.91,728.99,736.82,0
2026-06-29 12:48:00+00:00,736.841,736.87,736.67,736.68,0
2026-06-29 12:49:00+00:00,736.715,736.74,736.6,736.7,0
2026-06-29 12:50:00+00:00,736.6884,736.94,736.68,736.87,0
2026-06-29 12:51:00+00:00,736.8478,736.89,736.6,736.69,0
2026-06-29 12:52:00+00:00,736.63,736.78,736.62,736.76,0
2026-06-29 12:53:00+00:00,736.76,736.91,736.74,736.84,0
2026-06-29 12:54:00+00:00,736.83,736.88,736.795,736.825,0
2026-06-29 12:55:00+00:00,736.84,737.02,736.79,737.02,0
2026-06-29 12:56:00+00:00,737.03,737.07,736.9742,737.035,0
2026-06-29 12:57:00+00:00,737.055,737.1,737.0,737.0,0
2026-06-29 12:58:00+00:00,737.055,737.1348,737.03,737.09,0
2026-06-29 12:59:00+00:00,737.08,737.19,737.06,737.171,0
2026-06-29 13:00:00+00:00,737.19,737.46,737.19,737.24,0
2026-06-29 13:01:00+00:00,737.28,737.36,737.25,737.29,0
2026-06-29 13:02:00+00:00,737.28,737.3585,737.23,737.2492,0
2026-06-29 13:03:00+00:00,737.26,737.27,737.17,737.19,0
2026-06-29 13:04:00+00:00,737.19,737.3,737.19,737.19,0
2026-06-29 13:05:00+00:00,737.22,737.31,737.19,737.31,0
2026-06-29 13:06:00+00:00,737.34,737.42,737.1,737.1,0
2026-06-29 13:07:00+00:00,737.1382,737.3,737.071,737.26,0
2026-06-29 13:08:00+00:00,737.26,737.35,737.19,737.35,0
2026-06-29 13:09:00+00:00,737.32,737.32,737.16,737.16,0
2026-06-29 13:10:00+00:00,737.2,737.24,737.14,737.215,0
2026-06-29 13:11:00+00:00,737.26,737.33,737.19,737.33,0
2026-06-29 13:12:00+00:00,737.33,737.54,737.29,737.51,0
2026-06-29 13:13:00+00:00,737.5,737.61,737.45,737.56,0
2026-06-29 13:14:00+00:00,737.56,737.5628,737.42,737.54,0
2026-06-29 13:30:00+00:00,736.5250244140625,736.7100219726562,735.2999877929688,736.22998046875,1719297
2026-06-29 13:31:00+00:00,736.22998046875,737.2899780273438,735.5999755859375,737.0800170898438,207747
2026-06-29 13:32:00+00:00,737.0499877929688,738.0399780273438,736.989990234375,737.8200073242188,219137
2026-06-29 13:33:00+00:00,737.8201293945312,738.4199829101562,737.719970703125,738.1400146484375,175202
2026-06-29 13:34:00+00:00,738.1099853515625,738.760009765625,738.0700073242188,738.6799926757812,248697
2026-06-29 13:35:00+00:00,738.6699829101562,738.6799926757812,738.0999755859375,738.1500244140625,185286
2026-06-29 13:36:00+00:00,738.1300048828125,738.1649780273438,737.1799926757812,737.3499755859375,196910
2026-06-29 13:37:00+00:00,737.3699951171875,737.6099853515625,736.9299926757812,737.4400024414062,141708
2026-06-29 13:38:00+00:00,737.4650268554688,737.6699829101562,737.0700073242188,737.5379028320312,146192
2026-06-29 13:39:00+00:00,737.4450073242188,738.0399169921875,737.4450073242188,738.0299072265625,134060
2026-06-29 13:40:00+00:00,738.010009765625,738.4199829101562,737.4400024414062,738.3300170898438,165949
2026-06-29 13:41:00+00:00,738.3200073242188,738.6099853515625,738.1212158203125,738.1300048828125,113200
2026-06-29 13:42:00+00:00,738.1300048828125,738.6500244140625,738.1199951171875,738.5599975585938,89494
2026-06-29 13:43:00+00:00,738.530029296875,738.75,738.3399047851562,738.6099853515625,73848
2026-06-29 13:44:00+00:00,738.6199951171875,739.25,738.530029296875,739.239990234375,198919
2026-06-29 13:45:00+00:00,739.25,739.7249755859375,738.9500122070312,739.6900024414062,238347
2026-06-29 13:46:00+00:00,739.6599731445312,739.6599731445312,739.02001953125,739.25,148173
2026-06-29 13:47:00+00:00,739.25,739.72998046875,739.1400146484375,739.3049926757812,164543
2026-06-29 13:48:00+00:00,739.3099975585938,739.489990234375,739.1799926757812,739.4500122070312,257258
2026-06-29 13:49:00+00:00,739.4500122070312,739.4500122070312,738.7849731445312,738.8499755859375,148672
2026-06-29 13:50:00+00:00,738.8499755859375,739.1500244140625,738.3499755859375,739.119873046875,164604
2026-06-29 13:51:00+00:00,739.0900268554688,739.7100219726562,739.02001953125,739.5900268554688,138514
2026-06-29 13:52:00+00:00,739.6099853515625,739.72998046875,739.4600219726562,739.489990234375,92563
2026-06-29 13:53:00+00:00,739.489990234375,739.89501953125,739.3200073242188,739.3800048828125,104942
2026-06-29 13:54:00+00:00,739.3673095703125,739.5399780273438,738.8099975585938,738.9000244140625,74819
2026-06-29 13:55:00+00:00,738.8900146484375,739.010009765625,737.6599731445312,737.6790161132812,178683
2026-06-29 13:56:00+00:00,737.6900024414062,737.9600219726562,737.0599975585938,737.5599975585938,164016
2026-06-29 13:57:00+00:00,737.530029296875,737.5999755859375,736.7999877929688,736.8800048828125,181424
2026-06-29 13:58:00+00:00,736.9099731445312,737.1699829101562,736.72998046875,736.8499755859375,229300
2026-06-29 13:59:00+00:00,736.8499755859375,737.0399780273438,736.4099731445312,736.889892578125,138143
2026-06-29 14:00:00+00:00,736.8699951171875,737.0700073242188,735.8800048828125,736.3599853515625,219863
2026-06-29 14:01:00+00:00,736.3900146484375,736.9299926757812,736.3499755859375,736.510009765625,148329
2026-06-29 14:02:00+00:00,736.489990234375,736.739990234375,736.1400146484375,736.510009765625,92444
2026-06-29 14:03:00+00:00,736.5499877929688,736.8699951171875,736.3499755859375,736.4199829101562,131403
2026-06-29 14:04:00+00:00,736.4500122070312,736.469970703125,735.97998046875,736.0499877929688,364803
2026-06-29 14:05:00+00:00,736.0499877929688,736.114990234375,735.489990234375,735.635009765625,169422
2026-06-29 14:06:00+00:00,735.6400146484375,736.1599731445312,735.448974609375,735.4550170898438,127011
2026-06-29 14:07:00+00:00,735.469970703125,735.5900268554688,734.8300170898438,734.9000244140625,166377
2026-06-29 14:08:00+00:00,734.8699951171875,735.22998046875,734.6500244140625,735.1900024414062,164851
2026-06-29 14:09:00+00:00,735.2000122070312,735.47998046875,734.9199829101562,735.051513671875,154315
2026-06-29 14:10:00+00:00,735.0800170898438,735.3300170898438,734.1199951171875,734.4696044921875,178595
2026-06-29 14:11:00+00:00,734.469970703125,734.8300170898438,734.2000122070312,734.6300048828125,129610
2026-06-29 14:12:00+00:00,734.6400146484375,734.75,733.6900024414062,733.7899780273438,185114
2026-06-29 14:13:00+00:00,733.760009765625,733.8800048828125,733.2100219726562,733.3200073242188,234155
2026-06-29 14:14:00+00:00,733.3400268554688,733.52001953125,732.7000122070312,732.7000122070312,153210
2026-06-29 14:15:00+00:00,732.7000122070312,733.3499755859375,732.0900268554688,733.2999877929688,393165
2026-06-29 14:16:00+00:00,733.2999877929688,733.9400024414062,732.75,732.780029296875,437979
2026-06-29 14:17:00+00:00,732.7999877929688,733.4000244140625,732.6300048828125,733.2078857421875,150909
2026-06-29 14:18:00+00:00,733.219970703125,733.4099731445312,732.7100219726562,733.219970703125,163813
2026-06-29 14:19:00+00:00,733.280029296875,733.8599853515625,733.0999755859375,733.6900024414062,181502
2026-06-29 14:20:00+00:00,733.719970703125,733.9000244140625,733.3099975585938,733.8099975585938,113396
2026-06-29 14:21:00+00:00,733.8099975585938,734.1900024414062,733.8099975585938,734.1699829101562,164467
2026-06-29 14:22:00+00:00,734.2100219726562,734.5850219726562,734.1300048828125,734.22998046875,191476
2026-06-29 14:23:00+00:00,734.22998046875,734.22998046875,733.5499877929688,733.75,163936
2026-06-29 14:24:00+00:00,733.72998046875,734.3300170898438,733.4099731445312,734.1599731445312,173025
2026-06-29 14:25:00+00:00,734.1599731445312,735.0,734.1400146484375,734.9099731445312,237282
2026-06-29 14:26:00+00:00,734.9099731445312,735.3300170898438,734.9000244140625,735.260009765625,161022
2026-06-29 14:27:00+00:00,735.260009765625,735.4500122070312,735.0499877929688,735.280029296875,175275
2026-06-29 14:28:00+00:00,735.2899780273438,735.97998046875,735.2100219726562,735.969970703125,171687
2026-06-29 14:29:00+00:00,735.989990234375,736.1900024414062,735.8300170898438,736.0700073242188,227184
2026-06-29 14:30:00+00:00,736.0800170898438,736.75,735.9299926757812,736.7000122070312,194659
2026-06-29 14:31:00+00:00,736.7100219726562,736.9099731445312,736.3300170898438,736.77001953125,208701
2026-06-29 14:32:00+00:00,736.780029296875,736.8099975585938,736.2000122070312,736.4600219726562,99723
2026-06-29 14:33:00+00:00,736.4500122070312,737.47998046875,736.3699951171875,737.364990234375,177707
2026-06-29 14:34:00+00:00,737.3900146484375,737.6500244140625,737.1799926757812,737.4000244140625,131091
2026-06-29 14:35:00+00:00,737.39501953125,737.5599975585938,737.010009765625,737.4500122070312,142024
2026-06-29 14:36:00+00:00,737.4437255859375,737.510009765625,737.1599731445312,737.27001953125,76253
2026-06-29 14:37:00+00:00,737.2999877929688,737.3800048828125,736.9099731445312,737.3400268554688,86909
2026-06-29 14:38:00+00:00,737.3400268554688,737.719970703125,736.989990234375,737.1099853515625,164285
2026-06-29 14:39:00+00:00,737.0800170898438,737.3400268554688,736.8699951171875,737.1400146484375,116111
2026-06-29 14:40:00+00:00,737.0999755859375,737.27001953125,736.8200073242188,737.2100219726562,59780
2026-06-29 14:41:00+00:00,737.27001953125,737.6099853515625,737.1599731445312,737.2708129882812,81798
2026-06-29 14:42:00+00:00,737.280029296875,737.5999755859375,737.1900024414062,737.5,173494
2026-06-29 14:43:00+00:00,737.52001953125,737.8099975585938,737.4299926757812,737.5399780273438,68145
2026-06-29 14:44:00+00:00,737.5700073242188,737.6300048828125,736.97998046875,737.0499877929688,60821
2026-06-29 14:45:00+00:00,737.0399780273438,737.0399780273438,736.3599853515625,736.5999755859375,272109
2026-06-29 14:46:00+00:00,736.6199951171875,736.7899780273438,736.1599731445312,736.3300170898438,57123
2026-06-29 14:47:00+00:00,736.2999877929688,736.5900268554688,736.030029296875,736.030029296875,97347
2026-06-29 14:48:00+00:00,736.030029296875,736.3499755859375,735.8800048828125,735.9600219726562,216907
2026-06-29 14:49:00+00:00,735.9600219726562,736.9000244140625,735.9099731445312,736.6599731445312,224606
2026-06-29 14:50:00+00:00,736.6500244140625,737.47998046875,736.6300048828125,737.344970703125,150691
2026-06-29 14:51:00+00:00,737.3300170898438,737.5399780273438,737.1110229492188,737.4500122070312,116580
2026-06-29 14:52:00+00:00,737.4500122070312,737.5399780273438,737.260009765625,737.3599853515625,83407
2026-06-29 14:53:00+00:00,737.3599853515625,738.0,737.1500244140625,737.9199829101562,79089
2026-06-29 14:54:00+00:00,737.9199829101562,738.3200073242188,737.8499755859375,737.9650268554688,143668
2026-06-29 14:55:00+00:00,737.9600219726562,737.9600219726562,737.2899780273438,737.72998046875,164339
2026-06-29 14:56:00+00:00,737.780029296875,737.9400024414062,737.3300170898438,737.5986938476562,70006
2026-06-29 14:57:00+00:00,737.5800170898438,737.6400146484375,737.1400146484375,737.3400268554688,52561
2026-06-29 14:58:00+00:00,737.3400268554688,737.5700073242188,737.1599731445312,737.3400268554688,54613
2026-06-29 14:59:00+00:00,737.3599853515625,737.8699951171875,737.3200073242188,737.8599853515625,58985
2026-06-29 15:00:00+00:00,737.8800048828125,738.02001953125,737.6400146484375,737.6400146484375,94518
2026-06-29 15:01:00+00:00,737.6300048828125,737.760009765625,737.4400024414062,737.5499877929688,100123
2026-06-29 15:02:00+00:00,737.530029296875,737.5999755859375,737.219970703125,737.3499755859375,140518
2026-06-29 15:03:00+00:00,737.3698120117188,737.6599731445312,737.2000122070312,737.5999755859375,82896
2026-06-29 15:04:00+00:00,737.5900268554688,737.6300048828125,737.3200073242188,737.3579711914062,63857
2026-06-29 15:05:00+00:00,737.3599853515625,737.4299926757812,737.02001953125,737.280029296875,49091
2026-06-29 15:06:00+00:00,737.27001953125,737.47998046875,737.1500244140625,737.260009765625,58781
2026-06-29 15:07:00+00:00,737.25,737.530029296875,737.1500244140625,737.2100219726562,55105
2026-06-29 15:08:00+00:00,737.22998046875,737.4099731445312,737.1599731445312,737.25,48884
2026-06-29 15:09:00+00:00,737.2589721679688,737.2899780273438,737.030029296875,737.2100219726562,60502
2026-06-29 15:10:00+00:00,737.2100219726562,737.3300170898438,736.8499755859375,737.0399780273438,75495
2026-06-29 15:11:00+00:00,737.030029296875,737.1099853515625,736.8599853515625,736.9199829101562,46709
2026-06-29 15:12:00+00:00,736.9450073242188,736.9949951171875,736.5,736.7100219726562,125810
2026-06-29 15:13:00+00:00,736.7100219726562,737.1400146484375,736.7100219726562,737.0599975585938,70480
2026-06-29 15:14:00+00:00,737.0800170898438,737.47998046875,736.8300170898438,737.4600219726562,53720
2026-06-29 15:15:00+00:00,737.47998046875,737.739990234375,737.4199829101562,737.6300048828125,93732
2026-06-29 15:16:00+00:00,737.6199951171875,737.6799926757812,737.0800170898438,737.5,58598
2026-06-29 15:17:00+00:00,737.4799194335938,737.5800170898438,737.1699829101562,737.1900024414062,37943
2026-06-29 15:18:00+00:00,737.2000122070312,737.2899780273438,736.9600219726562,737.22998046875,46192
2026-06-29 15:19:00+00:00,737.22998046875,737.25,736.9000244140625,736.969970703125,71718
2026-06-29 15:20:00+00:00,736.9600219726562,737.0700073242188,736.7100219726562,736.8900146484375,54132
2026-06-29 15:21:00+00:00,736.9299926757812,737.4000244140625,736.8699951171875,737.3250122070312,59898
2026-06-29 15:22:00+00:00,737.3099975585938,737.489990234375,736.8599853515625,737.0900268554688,167409
2026-06-29 15:23:00+00:00,737.0700073242188,737.0700073242188,736.6199951171875,736.6599731445312,47797
2026-06-29 15:24:00+00:00,736.6799926757812,736.8200073242188,736.3300170898438,736.72998046875,103691
2026-06-29 15:25:00+00:00,736.719970703125,736.8499755859375,736.5499877929688,736.8099975585938,35651
2026-06-29 15:26:00+00:00,736.8300170898438,737.25,736.780029296875,737.1799926757812,48480
2026-06-29 15:27:00+00:00,737.1699829101562,737.47998046875,737.1400146484375,737.3900146484375,48468
2026-06-29 15:28:00+00:00,737.3900146484375,737.530029296875,737.22998046875,737.3800048828125,43249
2026-06-29 15:29:00+00:00,737.4099731445312,737.8200073242188,737.3699951171875,737.77001953125,77087
2026-06-29 15:30:00+00:00,737.760009765625,738.030029296875,737.6699829101562,737.6699829101562,102537
2026-06-29 15:31:00+00:00,737.6799926757812,737.8350219726562,737.530029296875,737.8300170898438,79032
2026-06-29 15:32:00+00:00,737.8200073242188,737.989990234375,737.6400146484375,737.6400146484375,56939
2026-06-29 15:33:00+00:00,737.655029296875,737.8599853515625,737.6199951171875,737.780029296875,85530
2026-06-29 15:34:00+00:00,737.780029296875,737.9000244140625,737.5999755859375,737.5999755859375,207217
2026-06-29 15:35:00+00:00,737.5800170898438,737.5999755859375,737.2100219726562,737.4301147460938,91115
2026-06-29 15:36:00+00:00,737.4299926757812,737.6300048828125,737.3499755859375,737.5800170898438,50228
2026-06-29 15:37:00+00:00,737.5800170898438,737.8800048828125,737.5800170898438,737.864990234375,63163
2026-06-29 15:38:00+00:00,737.8699951171875,738.1699829101562,737.8350219726562,737.9600219726562,73023
2026-06-29 15:39:00+00:00,737.9600219726562,738.0499877929688,737.77001953125,738.0499877929688,42184
2026-06-29 15:40:00+00:00,738.010009765625,738.0800170898438,737.8400268554688,737.8800048828125,62579
2026-06-29 15:41:00+00:00,737.8699951171875,738.1699829101562,737.719970703125,738.1599731445312,50072
2026-06-29 15:42:00+00:00,738.1699829101562,738.22998046875,737.9400024414062,738.1500244140625,47068
2026-06-29 15:43:00+00:00,738.1400146484375,738.3499755859375,738.030029296875,738.25,60132
2026-06-29 15:44:00+00:00,738.260009765625,738.489990234375,738.1500244140625,738.4400024414062,70184
2026-06-29 15:45:00+00:00,738.4400024414062,738.4450073242188,738.1699829101562,738.2050170898438,191850
2026-06-29 15:46:00+00:00,738.1900024414062,738.260009765625,738.02001953125,738.0800170898438,58615
2026-06-29 15:47:00+00:00,738.0700073242188,738.1900024414062,737.9299926757812,738.1599731445312,47505
2026-06-29 15:48:00+00:00,738.1500244140625,738.22998046875,737.96337890625,737.969970703125,93383
2026-06-29 15:49:00+00:00,737.969970703125,738.010009765625,737.780029296875,737.9099731445312,82768
2026-06-29 15:50:00+00:00,737.9199829101562,738.1699829101562,737.8200073242188,738.1690063476562,54559
2026-06-29 15:51:00+00:00,738.1400146484375,738.1799926757812,737.97998046875,738.010009765625,42842
2026-06-29 15:52:00+00:00,738.02001953125,738.0599975585938,737.8499755859375,738.0,33940
2026-06-29 15:53:00+00:00,738.0,738.0999755859375,737.9299926757812,737.9500122070312,27674
2026-06-29 15:54:00+00:00,737.9550170898438,738.0599975585938,737.760009765625,738.0599975585938,42713
2026-06-29 15:55:00+00:00,738.0399780273438,738.280029296875,737.8244018554688,738.1799926757812,53641
2026-06-29 15:56:00+00:00,738.2000122070312,738.239990234375,737.9400024414062,738.0150146484375,30094
2026-06-29 15:57:00+00:00,738.010009765625,738.1500244140625,737.8400268554688,738.1400146484375,30494
2026-06-29 15:58:00+00:00,738.1400146484375,738.3499755859375,738.0499877929688,738.3150024414062,35788
2026-06-29 15:59:00+00:00,738.3099975585938,738.5800170898438,738.280029296875,738.510009765625,91562
2026-06-29 16:00:00+00:00,738.5399780273438,738.75,738.4600219726562,738.719970703125,72387
2026-06-29 16:01:00+00:00,738.719970703125,738.8599853515625,738.5999755859375,738.8300170898438,206561
2026-06-29 16:02:00+00:00,738.8300170898438,738.8699951171875,738.5499877929688,738.7100219726562,57247
2026-06-29 16:03:00+00:00,738.6799926757812,738.8200073242188,738.6699829101562,738.7349853515625,163493
2026-06-29 16:04:00+00:00,738.719970703125,738.9099731445312,738.6199951171875,738.9000244140625,82465
2026-06-29 16:05:00+00:00,738.8900146484375,739.1300048828125,738.8599853515625,738.8599853515625,215789
2026-06-29 16:06:00+00:00,738.8599853515625,739.02001953125,738.7899780273438,738.8499755859375,61634
2026-06-29 16:07:00+00:00,738.8400268554688,738.9199829101562,738.7000122070312,738.7999877929688,31462
2026-06-29 16:08:00+00:00,738.8300170898438,738.9299926757812,738.760009765625,738.7899169921875,39716
2026-06-29 16:09:00+00:00,738.760009765625,738.7999877929688,738.6599731445312,738.7901000976562,131906
2026-06-29 16:10:00+00:00,738.8201293945312,738.989990234375,738.6400146484375,738.6599731445312,42976
2026-06-29 16:11:00+00:00,738.6300048828125,738.8400268554688,738.5800170898438,738.5999755859375,39495
2026-06-29 16:12:00+00:00,738.5999755859375,738.7000122070312,738.5399780273438,738.6199951171875,40034
2026-06-29 16:13:00+00:00,738.5900268554688,738.6500244140625,738.4450073242188,738.47998046875,30773
2026-06-29 16:14:00+00:00,738.4949951171875,738.5599975585938,738.4400024414062,738.5,30825
2026-06-29 16:15:00+00:00,738.5,738.8400268554688,738.489990234375,738.64990234375,112801
2026-06-29 16:16:00+00:00,738.6799926757812,738.780029296875,738.5999755859375,738.7625122070312,38350
2026-06-29 16:17:00+00:00,738.760009765625,738.780029296875,738.4400024414062,738.4989013671875,742017
2026-06-29 16:18:00+00:00,738.530029296875,738.6599731445312,738.4754028320312,738.5806884765625,980519
2026-06-29 16:19:00+00:00,738.5800170898438,738.6799926757812,738.510009765625,738.5800170898438,30208
2026-06-29 16:20:00+00:00,738.5599975585938,738.6900024414062,738.4299926757812,738.6074829101562,36772
2026-06-29 16:21:00+00:00,738.5999755859375,738.6799926757812,738.3699951171875,738.4099731445312,27831
2026-06-29 16:22:00+00:00,738.3900146484375,738.6599731445312,738.3900146484375,738.6599731445312,35649
2026-06-29 16:23:00+00:00,738.6400146484375,738.780029296875,738.5999755859375,738.739990234375,63197
2026-06-29 16:24:00+00:00,738.780029296875,738.8099975585938,738.6699829101562,738.77001953125,28943
2026-06-29 16:25:00+00:00,738.760009765625,738.8499755859375,738.510009765625,738.5599975585938,54321
2026-06-29 16:26:00+00:00,738.5599975585938,738.5599975585938,738.4199829101562,738.4400024414062,35474
2026-06-29 16:27:00+00:00,738.4600219726562,738.6099853515625,738.3599853515625,738.510009765625,54156
2026-06-29 16:28:00+00:00,738.52001953125,738.5700073242188,738.3699951171875,738.3900146484375,45965
2026-06-29 16:29:00+00:00,738.3900146484375,738.4349975585938,738.260009765625,738.3300170898438,88091
2026-06-29 16:30:00+00:00,738.3400268554688,738.510009765625,738.2520141601562,738.280029296875,44990
2026-06-29 16:31:00+00:00,738.2999877929688,738.3800048828125,738.2030029296875,738.27001953125,38101
2026-06-29 16:32:00+00:00,738.25,738.260009765625,738.094970703125,738.1300048828125,50854
2026-06-29 16:33:00+00:00,738.1500244140625,738.1900024414062,737.969970703125,738.0,66176
2026-06-29 16:34:00+00:00,738.0,738.1799926757812,737.97998046875,738.1199951171875,45235
2026-06-29 16:35:00+00:00,738.1199951171875,738.2949829101562,738.0800170898438,738.2000122070312,41950
2026-06-29 16:36:00+00:00,738.2050170898438,738.3300170898438,737.989990234375,738.2000122070312,94636
2026-06-29 16:37:00+00:00,738.2100219726562,738.4199829101562,738.2000122070312,738.385009765625,43624
2026-06-29 16:38:00+00:00,738.3699951171875,738.385009765625,738.219970703125,738.3400268554688,41792
2026-06-29 16:39:00+00:00,738.3400268554688,738.4500122070312,738.260009765625,738.4450073242188,40035
2026-06-29 16:40:00+00:00,738.4400024414062,738.52001953125,738.3300170898438,738.489990234375,29805
2026-06-29 16:41:00+00:00,738.489990234375,738.5800170898438,738.4099731445312,738.52001953125,34899
2026-06-29 16:42:00+00:00,738.5,738.5150146484375,738.3099975585938,738.3699951171875,31269
2026-06-29 16:43:00+00:00,738.3699951171875,738.469970703125,738.3300170898438,738.4500122070312,23311
2026-06-29 16:44:00+00:00,738.4400024414062,738.5800170898438,738.4207763671875,738.5,30289
2026-06-29 16:45:00+00:00,738.510009765625,738.619873046875,738.4099731445312,738.5499877929688,34452
2026-06-29 16:46:00+00:00,738.5499877929688,738.6201171875,738.2899780273438,738.3699951171875,45570
2026-06-29 16:47:00+00:00,738.375,738.4000244140625,738.1900024414062,738.2620239257812,26365
2026-06-29 16:48:00+00:00,738.280029296875,738.4199829101562,738.25,738.3499755859375,30789
2026-06-29 16:49:00+00:00,738.3599853515625,738.530029296875,738.3499755859375,738.4600219726562,26630
2026-06-29 16:50:00+00:00,738.510009765625,738.6199951171875,738.4199829101562,738.52001953125,32978
2026-06-29 16:51:00+00:00,738.51123046875,738.7100219726562,738.4099731445312,738.5700073242188,76899
2026-06-29 16:52:00+00:00,738.5900268554688,738.7899780273438,738.52001953125,738.77001953125,51786
2026-06-29 16:53:00+00:00,738.7849731445312,738.8699951171875,738.5999755859375,738.8599853515625,47873
2026-06-29 16:54:00+00:00,738.8599853515625,738.9500122070312,738.7999877929688,738.885009765625,45616
2026-06-29 16:55:00+00:00,738.8800048828125,738.8800048828125,738.6900024414062,738.7899780273438,60709
2026-06-29 16:56:00+00:00,738.780029296875,738.8900146484375,738.6599731445312,738.6599731445312,587318
2026-06-29 16:57:00+00:00,738.6799926757812,738.780029296875,738.6199951171875,738.6799926757812,36202
2026-06-29 16:58:00+00:00,738.6799926757812,738.7999877929688,738.6799926757812,738.719970703125,43029
2026-06-29 16:59:00+00:00,738.6900024414062,738.7000122070312,738.6400146484375,738.6799926757812,29607
2026-06-29 17:00:00+00:00,738.6900024414062,739.010009765625,738.6900024414062,738.8900146484375,42742
2026-06-29 17:01:00+00:00,738.9099731445312,738.9600219726562,738.8400268554688,738.9249877929688,28154
2026-06-29 17:02:00+00:00,738.9199829101562,739.0599975585938,738.8900146484375,739.010009765625,26254
2026-06-29 17:03:00+00:00,738.97998046875,739.0399780273438,738.9099731445312,739.0,32041
2026-06-29 17:04:00+00:00,739.010009765625,739.0499877929688,738.9400024414062,739.02001953125,27016
2026-06-29 17:05:00+00:00,739.02001953125,739.2100219726562,738.9600219726562,739.1900024414062,45470
2026-06-29 17:06:00+00:00,739.1950073242188,739.219970703125,739.1400146484375,739.1699829101562,38087
2026-06-29 17:07:00+00:00,739.1799926757812,739.1900024414062,739.0599975585938,739.1099853515625,44339
2026-06-29 17:08:00+00:00,739.1199951171875,739.1699829101562,739.0499877929688,739.1500244140625,24934
2026-06-29 17:09:00+00:00,739.1300048828125,739.3699951171875,739.1199951171875,739.260009765625,36131
2026-06-29 17:10:00+00:00,739.280029296875,739.47998046875,739.260009765625,739.4199829101562,45476
2026-06-29 17:11:00+00:00,739.4249877929688,739.5,739.3250122070312,739.5,94405
2026-06-29 17:12:00+00:00,739.5,739.6500244140625,739.4600219726562,739.5900268554688,100403
2026-06-29 17:13:00+00:00,739.6099853515625,740.1199951171875,739.5700073242188,739.9949951171875,183941
2026-06-29 17:14:00+00:00,739.97998046875,740.2000122070312,739.9500122070312,739.969970703125,130504
2026-06-29 17:15:00+00:00,739.97998046875,740.0900268554688,739.97998046875,740.0499877929688,71267
2026-06-29 17:16:00+00:00,740.0499877929688,740.0499877929688,739.8699951171875,739.989990234375,70299
2026-06-29 17:17:00+00:00,739.9949951171875,740.2999877929688,739.9650268554688,740.1099853515625,13790
2026-06-29 17:18:00+00:00,740.1099853515625,740.2349853515625,740.0999755859375,740.0999755859375,46569
2026-06-29 17:19:00+00:00,740.0999755859375,740.1199951171875,739.989990234375,740.0750122070312,48176
2026-06-29 17:20:00+00:00,740.0499877929688,740.375,740.030029296875,740.2750244140625,98934
2026-06-29 17:21:00+00:00,740.2750244140625,740.2899780273438,739.760009765625,739.77001953125,92822
2026-06-29 17:22:00+00:00,739.760009765625,739.8441772460938,739.6199951171875,739.6799926757812,93103
2026-06-29 17:23:00+00:00,739.6801147460938,739.6900024414062,739.52001953125,739.5700073242188,73757
2026-06-29 17:24:00+00:00,739.5700073242188,739.5999755859375,739.4849853515625,739.5,84387
2026-06-29 17:25:00+00:00,739.5,739.8099975585938,739.4600219726562,739.8099975585938,75698
2026-06-29 17:26:00+00:00,739.7990112304688,739.9099731445312,739.719970703125,739.7650146484375,62014
2026-06-29 17:27:00+00:00,739.7650146484375,739.9199829101562,739.72998046875,739.7349853515625,69693
2026-06-29 17:28:00+00:00,739.72998046875,740.0900268554688,739.7100219726562,740.0700073242188,61754
2026-06-29 17:29:00+00:00,740.0700073242188,740.1799926757812,740.030029296875,740.1400146484375,77351
2026-06-29 17:30:00+00:00,740.135009765625,740.27001953125,740.0599975585938,740.27001953125,55824
2026-06-29 17:31:00+00:00,740.280029296875,740.6300048828125,740.276611328125,740.5800170898438,74610
2026-06-29 17:32:00+00:00,740.5800170898438,740.5999755859375,740.3099975585938,740.3300170898438,67676
2026-06-29 17:33:00+00:00,740.3300170898438,740.3300170898438,739.97998046875,740.135009765625,52862
2026-06-29 17:34:00+00:00,740.1599731445312,740.2999877929688,740.0999755859375,740.2899780273438,29959
2026-06-29 17:35:00+00:00,740.2999877929688,740.4199829101562,740.2899780273438,740.2899780273438,31852
2026-06-29 17:36:00+00:00,740.280029296875,740.3800048828125,740.2100219726562,740.3699951171875,55825
2026-06-29 17:37:00+00:00,740.360107421875,740.4099731445312,740.2000122070312,740.219970703125,38845
2026-06-29 17:38:00+00:00,740.219970703125,740.219970703125,739.97998046875,740.1600952148438,41455
2026-06-29 17:39:00+00:00,740.1599731445312,740.3300170898438,740.1599731445312,740.3200073242188,29206
2026-06-29 17:40:00+00:00,740.2999877929688,740.4299926757812,740.260009765625,740.2999877929688,27528
2026-06-29 17:41:00+00:00,740.3099975585938,740.3870849609375,740.2700805664062,740.2849731445312,19192
2026-06-29 17:42:00+00:00,740.2949829101562,740.4500122070312,740.2949829101562,740.3699951171875,12475
2026-06-29 17:43:00+00:00,740.3599853515625,740.4000244140625,740.280029296875,740.3049926757812,43734
2026-06-29 17:44:00+00:00,740.3150024414062,740.3400268554688,740.280029296875,740.2849731445312,33154
2026-06-29 17:45:00+00:00,740.2899780273438,740.3699951171875,740.0999755859375,740.3599853515625,75086
2026-06-29 17:46:00+00:00,740.3300170898438,740.3499755859375,740.27001953125,740.3400268554688,27986
2026-06-29 17:47:00+00:00,740.344970703125,740.530029296875,740.2999877929688,740.489990234375,37184
2026-06-29 17:48:00+00:00,740.510009765625,740.5599975585938,740.4500122070312,740.5399780273438,20634
2026-06-29 17:49:00+00:00,740.5499877929688,740.5599975585938,740.4650268554688,740.489990234375,16250
2026-06-29 17:50:00+00:00,740.489990234375,740.5499877929688,740.39501953125,740.4249877929688,20719
2026-06-29 17:51:00+00:00,740.4400024414062,740.5349731445312,740.4400024414062,740.5349731445312,41279
2026-06-29 17:52:00+00:00,740.52001953125,740.739990234375,740.4849853515625,740.719970703125,52014
2026-06-29 17:53:00+00:00,740.6900024414062,740.7899780273438,740.6599731445312,740.7349853515625,25703
2026-06-29 17:54:00+00:00,740.72998046875,740.8200073242188,740.5499877929688,740.5599975585938,40029
2026-06-29 17:55:00+00:00,740.5499877929688,740.6599731445312,740.5399780273438,740.5800170898438,32503
2026-06-29 17:56:00+00:00,740.5900268554688,740.6799926757812,740.510009765625,740.5399780273438,24760
2026-06-29 17:57:00+00:00,740.5399780273438,740.60498046875,740.36328125,740.4299926757812,42416
2026-06-29 17:58:00+00:00,740.4299926757812,740.4450073242188,740.1699829101562,740.2800903320312,54510
2026-06-29 17:59:00+00:00,740.3150024414062,740.469970703125,740.25,740.4099731445312,30566
2026-06-29 18:00:00+00:00,740.4000244140625,740.4500122070312,740.22998046875,740.260009765625,79373
2026-06-29 18:01:00+00:00,740.261474609375,740.5999755859375,740.22998046875,740.5599975585938,68343
2026-06-29 18:02:00+00:00,740.5599975585938,740.5999145507812,740.4349975585938,740.4400024414062,45338
2026-06-29 18:03:00+00:00,740.4251708984375,740.6699829101562,740.4251708984375,740.6199951171875,49381
2026-06-29 18:04:00+00:00,740.6099853515625,740.77001953125,740.5399780273438,740.6099853515625,47681
2026-06-29 18:05:00+00:00,740.6099853515625,740.760009765625,740.5900268554688,740.719970703125,43932
2026-06-29 18:06:00+00:00,740.719970703125,740.739990234375,740.5399780273438,740.6900024414062,206063
2026-06-29 18:07:00+00:00,740.7000122070312,740.719970703125,740.6400146484375,740.6500244140625,174738
2026-06-29 18:08:00+00:00,740.6500244140625,740.6500244140625,740.510009765625,740.6099853515625,51504
2026-06-29 18:09:00+00:00,740.614990234375,740.6199951171875,740.4400024414062,740.52001953125,47106
2026-06-29 18:10:00+00:00,740.52001953125,740.7100219726562,740.469970703125,740.6199951171875,165278
2026-06-29 18:11:00+00:00,740.6199951171875,740.6199951171875,740.4299926757812,740.4849853515625,295730
2026-06-29 18:12:00+00:00,740.489990234375,740.52001953125,740.4299926757812,740.510009765625,49573
2026-06-29 18:13:00+00:00,740.52001953125,740.6199951171875,740.510009765625,740.5900268554688,32336
2026-06-29 18:14:00+00:00,740.5999755859375,740.6799926757812,740.5399780273438,740.5789794921875,166152
2026-06-29 18:15:00+00:00,740.5700073242188,740.6099853515625,740.510009765625,740.5499877929688,51881
2026-06-29 18:16:00+00:00,740.5499877929688,740.5499877929688,740.3599853515625,740.3699951171875,106071
2026-06-29 18:17:00+00:00,740.3699951171875,740.52001953125,740.3662719726562,740.469970703125,39434
2026-06-29 18:18:00+00:00,740.489990234375,740.5700073242188,740.440673828125,740.5150146484375,54365
2026-06-29 18:19:00+00:00,740.52001953125,740.6199951171875,740.3800048828125,740.4199829101562,46456
2026-06-29 18:20:00+00:00,740.4299926757812,740.4299926757812,740.1799926757812,740.3800048828125,66816
2026-06-29 18:21:00+00:00,740.3900146484375,740.4500122070312,740.239990234375,740.4196166992188,57080
2026-06-29 18:22:00+00:00,740.419921875,740.5800170898438,740.4000244140625,740.47998046875,57280
2026-06-29 18:23:00+00:00,740.47998046875,740.5700073242188,740.4500122070312,740.5,43395
2026-06-29 18:24:00+00:00,740.4749755859375,740.5,740.3599853515625,740.4000244140625,38507
2026-06-29 18:25:00+00:00,740.4099731445312,740.4099731445312,740.260009765625,740.280029296875,37258
2026-06-29 18:26:00+00:00,740.2849731445312,740.3300170898438,740.22998046875,740.2750854492188,37039
2026-06-29 18:27:00+00:00,740.3099975585938,740.3699951171875,740.280029296875,740.330078125,169196
2026-06-29 18:28:00+00:00,740.3300170898438,740.3309936523438,740.1699829101562,740.1799926757812,173494
2026-06-29 18:29:00+00:00,740.1699829101562,740.280029296875,740.1199951171875,740.2150268554688,97136
2026-06-29 18:30:00+00:00,740.2150268554688,740.3150024414062,740.1500244140625,740.239990234375,74406
2026-06-29 18:31:00+00:00,740.239990234375,740.3599853515625,740.1799926757812,740.239990234375,71611
2026-06-29 18:32:00+00:00,740.239990234375,740.5,740.239990234375,740.47998046875,60934
2026-06-29 18:33:00+00:00,740.469970703125,740.6199951171875,740.469970703125,740.6199951171875,50116
2026-06-29 18:34:00+00:00,740.6199951171875,740.719970703125,740.5700073242188,740.6099853515625,52823
2026-06-29 18:35:00+00:00,740.6300048828125,740.9500122070312,740.625,740.7899780273438,72575
2026-06-29 18:36:00+00:00,740.7899780273438,740.8900146484375,740.75,740.8200073242188,80224
2026-06-29 18:37:00+00:00,740.8099975585938,740.8400268554688,740.6199951171875,740.6699829101562,59377
2026-06-29 18:38:00+00:00,740.6699829101562,740.780029296875,740.5499877929688,740.760009765625,48104
2026-06-29 18:39:00+00:00,740.760009765625,740.7949829101562,740.7000122070312,740.7949829101562,35448
2026-06-29 18:40:00+00:00,740.7999877929688,740.8699951171875,740.72998046875,740.7999877929688,40056
2026-06-29 18:41:00+00:00,740.7999877929688,740.8099975585938,740.6900024414062,740.739990234375,28826
2026-06-29 18:42:00+00:00,740.75,740.8599853515625,740.7100219726562,740.8599853515625,37887
2026-06-29 18:43:00+00:00,740.8599853515625,740.9199829101562,740.7650146484375,740.9000854492188,78321
2026-06-29 18:44:00+00:00,740.909912109375,741.0499877929688,740.8699951171875,740.969970703125,105385
2026-06-29 18:45:00+00:00,740.989990234375,741.1699829101562,740.969970703125,741.1300048828125,65483
2026-06-29 18:46:00+00:00,741.1300048828125,741.1900024414062,740.989990234375,740.989990234375,53907
2026-06-29 18:47:00+00:00,740.969970703125,741.0,740.8906860351562,740.9349975585938,57583
2026-06-29 18:48:00+00:00,740.9400024414062,741.030029296875,740.8900146484375,740.9550170898438,37186
2026-06-29 18:49:00+00:00,740.9500122070312,741.010009765625,740.8699951171875,740.9600219726562,94724
2026-06-29 18:50:00+00:00,740.9400024414062,740.9550170898438,740.780029296875,740.8200073242188,38135
2026-06-29 18:51:00+00:00,740.8300170898438,740.8300170898438,740.72998046875,740.739990234375,32649
2026-06-29 18:52:00+00:00,740.739990234375,740.7999877929688,740.6799926757812,740.760009765625,115477
2026-06-29 18:53:00+00:00,740.760009765625,740.9500122070312,740.7598876953125,740.9201049804688,106990
2026-06-29 18:54:00+00:00,740.9299926757812,740.9400024414062,740.8200073242188,740.85498046875,40914
2026-06-29 18:55:00+00:00,740.85498046875,740.9099731445312,740.75,740.760009765625,63664
2026-06-29 18:56:00+00:00,740.77001953125,740.8699951171875,740.72998046875,740.7999877929688,76591
2026-06-29 18:57:00+00:00,740.7999877929688,740.8300170898438,740.6849975585938,740.6900024414062,30694
2026-06-29 18:58:00+00:00,740.6900024414062,740.7100219726562,740.5800170898438,740.635009765625,63778
2026-06-29 18:59:00+00:00,740.6300048828125,740.7000122070312,740.5599975585938,740.6849975585938,193827
2026-06-29 19:00:00+00:00,740.6900024414062,740.760009765625,740.5599975585938,740.6900024414062,554702
2026-06-29 19:01:00+00:00,740.6900024414062,740.9199829101562,740.6400146484375,740.760009765625,201488
2026-06-29 19:02:00+00:00,740.760009765625,740.8200073242188,740.510009765625,740.6099853515625,80322
2026-06-29 19:03:00+00:00,740.5999755859375,740.6599731445312,740.530029296875,740.655029296875,206631
2026-06-29 19:04:00+00:00,740.6599731445312,740.77001953125,740.5700073242188,740.614990234375,72535
2026-06-29 19:05:00+00:00,740.6099853515625,740.6699829101562,740.52001953125,740.6300048828125,80700
2026-06-29 19:06:00+00:00,740.6400146484375,740.7899780273438,740.6099853515625,740.760009765625,48579
2026-06-29 19:07:00+00:00,740.77001953125,740.97998046875,740.760009765625,740.8800048828125,79876
2026-06-29 19:08:00+00:00,740.8809814453125,740.8809814453125,740.7999877929688,740.8300170898438,70722
2026-06-29 19:09:00+00:00,740.8300170898438,740.9199829101562,740.760009765625,740.760009765625,56982
2026-06-29 19:10:00+00:00,740.760009765625,740.7999877929688,740.6500244140625,740.77001953125,73495
2026-06-29 19:11:00+00:00,740.77001953125,740.780029296875,740.6500244140625,740.6799926757812,90556
2026-06-29 19:12:00+00:00,740.6900024414062,740.7100219726562,740.5800170898438,740.6400146484375,217227
2026-06-29 19:13:00+00:00,740.6599731445312,740.6900024414062,740.5499877929688,740.5675048828125,199892
2026-06-29 19:14:00+00:00,740.5599975585938,740.6599731445312,740.52001953125,740.5800170898438,408086
2026-06-29 19:15:00+00:00,740.5700073242188,740.6300048828125,740.469970703125,740.5,125732
2026-06-29 19:16:00+00:00,740.5089721679688,740.5599975585938,740.3400268554688,740.489990234375,327719
2026-06-29 19:17:00+00:00,740.5,740.5599975585938,740.4000244140625,740.5499877929688,215253
2026-06-29 19:18:00+00:00,740.5499877929688,740.7899780273438,740.52001953125,740.6599731445312,86626
2026-06-29 19:19:00+00:00,740.6599731445312,740.719970703125,740.5999755859375,740.6400146484375,57151
2026-06-29 19:20:00+00:00,740.6400146484375,740.8800048828125,740.6400146484375,740.8599853515625,56024
2026-06-29 19:21:00+00:00,740.8599853515625,740.9199829101562,740.75,740.8800048828125,91751
2026-06-29 19:22:00+00:00,740.885009765625,741.0,740.8599853515625,740.969970703125,95090
2026-06-29 19:23:00+00:00,740.9749755859375,741.1199951171875,740.9500122070312,741.0999755859375,89813
2026-06-29 19:24:00+00:00,741.1199951171875,741.1199951171875,740.989990234375,741.0,88267
2026-06-29 19:25:00+00:00,741.0,741.0399780273438,740.8699951171875,740.97998046875,110881
2026-06-29 19:26:00+00:00,740.97998046875,741.030029296875,740.9000244140625,740.9299926757812,109873
2026-06-29 19:27:00+00:00,740.9299926757812,740.969970703125,740.8699951171875,740.969970703125,93856
2026-06-29 19:28:00+00:00,740.969970703125,741.0399780273438,740.9500122070312,740.9600219726562,112899
2026-06-29 19:29:00+00:00,740.9650268554688,741.0,740.8699951171875,740.8699951171875,163586
2026-06-29 19:30:00+00:00,740.8699951171875,740.9099731445312,740.7000122070312,740.719970703125,133961
2026-06-29 19:31:00+00:00,740.72998046875,740.739990234375,740.6199951171875,740.6799926757812,82321
2026-06-29 19:32:00+00:00,740.6699829101562,740.7100219726562,740.6099853515625,740.6699829101562,92588
2026-06-29 19:33:00+00:00,740.6716918945312,740.7100219726562,740.5001220703125,740.52001953125,75190
2026-06-29 19:34:00+00:00,740.52001953125,740.5278930664062,740.4299926757812,740.489990234375,151112
2026-06-29 19:35:00+00:00,740.47998046875,740.7000122070312,740.47998046875,740.6199951171875,176951
2026-06-29 19:36:00+00:00,740.6300048828125,740.6699829101562,740.5499877929688,740.6300048828125,94018
2026-06-29 19:37:00+00:00,740.6300048828125,740.7000122070312,740.5900268554688,740.6199951171875,89963
2026-06-29 19:38:00+00:00,740.6300048828125,740.6500244140625,740.5599975585938,740.5750122070312,79340
2026-06-29 19:39:00+00:00,740.5800170898438,740.7550048828125,740.5700073242188,740.719970703125,131561
2026-06-29 19:40:00+00:00,740.719970703125,740.989990234375,740.6099853515625,740.8099975585938,704887
2026-06-29 19:41:00+00:00,740.8099975585938,740.8400268554688,740.739990234375,740.75,100991
2026-06-29 19:42:00+00:00,740.739990234375,740.7999877929688,740.6099853515625,740.6799926757812,117997
2026-06-29 19:43:00+00:00,740.6900024414062,740.6900024414062,740.5399780273438,740.594970703125,110350
2026-06-29 19:44:00+00:00,740.594970703125,740.6500244140625,740.4600219726562,740.6500244140625,171249
2026-06-29 19:45:00+00:00,740.6500244140625,740.75,740.6099853515625,740.7050170898438,95231
2026-06-29 19:46:00+00:00,740.6900024414062,740.780029296875,740.6199951171875,740.7000122070312,113959
2026-06-29 19:47:00+00:00,740.7000122070312,740.75,740.6099853515625,740.6699829101562,113488
2026-06-29 19:48:00+00:00,740.6599731445312,740.7100219726562,740.5999755859375,740.6400146484375,379541
2026-06-29 19:49:00+00:00,740.6400146484375,740.9199829101562,740.6400146484375,740.8900146484375,221054
2026-06-29 19:50:00+00:00,740.8900146484375,741.0,740.5,740.510009765625,453003
2026-06-29 19:51:00+00:00,740.510009765625,740.5700073242188,740.3200073242188,740.3699951171875,420870
2026-06-29 19:52:00+00:00,740.3699951171875,740.4500122070312,740.280029296875,740.2899780273438,507135
2026-06-29 19:53:00+00:00,740.2899780273438,740.52001953125,740.22998046875,740.3599853515625,532275
2026-06-29 19:54:00+00:00,740.3400268554688,740.4400024414062,740.22998046875,740.2899780273438,471054
2026-06-29 19:55:00+00:00,740.2899780273438,740.5800170898438,740.2899780273438,740.364990234375,463668
2026-06-29 19:56:00+00:00,740.3599853515625,740.469970703125,740.2999877929688,740.3699951171875,420078
2026-06-29 19:57:00+00:00,740.3699951171875,740.6500244140625,740.3400268554688,740.530029296875,637258
2026-06-29 19:58:00+00:00,740.530029296875,741.2100219726562,740.510009765625,741.030029296875,737593
2026-06-29 19:59:00+00:00,741.02001953125,741.5599975585938,740.739990234375,740.8499755859375,1796373
2026-06-29 20:00:00+00:00,740.84,741.02,732.5876,740.47,1766078
2026-06-29 20:01:00+00:00,740.485,740.79,732.5876,740.69,0
2026-06-29 20:02:00+00:00,740.69,740.72,732.5876,740.7,0
2026-06-29 20:03:00+00:00,740.7296,741.0,732.5876,740.86,0
2026-06-29 20:04:00+00:00,740.83,741.0,732.5876,740.71,0
2026-06-29 20:05:00+00:00,740.6508,740.83,732.5876,740.7696,0
2026-06-29 20:06:00+00:00,740.74,740.83,732.5876,740.8,0
2026-06-29 20:07:00+00:00,740.81,740.84,732.5876,740.79,0
2026-06-29 20:08:00+00:00,740.8,741.2041,732.5876,740.74,0
2026-06-29 20:09:00+00:00,740.71,740.77,740.66,740.74,0
2026-06-29 20:10:00+00:00,740.76,741.0,732.5876,740.7073,0
2026-06-29 20:11:00+00:00,740.78,740.87,740.69,740.79,0
2026-06-29 20:12:00+00:00,740.77,741.1475,740.77,740.93,0
2026-06-29 20:13:00+00:00,740.92,740.99,740.84,740.85,0
2026-06-29 20:14:00+00:00,740.83,740.99,740.82,740.95,0
2026-06-29 20:15:00+00:00,740.91,740.99,740.9,740.93,0
2026-06-29 20:16:00+00:00,740.94,740.96,740.89,740.94,0
2026-06-29 20:17:00+00:00,740.94,741.0,740.84,740.8908,0
2026-06-29 20:18:00+00:00,740.905,740.93,740.7,740.87,0
2026-06-29 20:19:00+00:00,740.88,740.97,740.87,740.935,0
2026-06-29 20:20:00+00:00,741.0,741.0,740.87,740.925,0
2026-06-29 20:21:00+00:00,740.91,741.1955,740.83,740.8946,0
2026-06-29 20:22:00+00:00,740.89,740.9,740.85,740.89,0
2026-06-29 20:23:00+00:00,740.89,740.9668,740.89,740.9312,0
2026-06-29 20:24:00+00:00,740.95,741.11,740.95,741.0,0
2026-06-29 20:25:00+00:00,740.98,741.02,740.98,741.02,0
2026-06-29 20:26:00+00:00,741.02,741.12,741.0,741.07,0
2026-06-29 20:27:00+00:00,741.06,741.1085,740.89,740.93,0
2026-06-29 20:28:00+00:00,740.9687,740.98,728.945,740.93,0
2026-06-29 20:29:00+00:00,740.94,740.99,740.875,740.875,0
2026-06-29 20:30:00+00:00,740.89,740.89,740.77,740.86,0
2026-06-29 20:31:00+00:00,740.87,740.87,740.7544,740.78,0
2026-06-29 20:32:00+00:00,740.79,740.8,740.711,740.79,0
2026-06-29 20:33:00+00:00,740.77,740.82,740.76,740.765,0
2026-06-29 20:34:00+00:00,740.765,740.779,740.73,740.7502,0
2026-06-29 20:35:00+00:00,740.7509,740.81,740.6857,740.705,0
2026-06-29 20:36:00+00:00,740.705,740.7196,740.61,740.61,0
2026-06-29 20:37:00+00:00,741.0,741.0,740.465,740.525,0
2026-06-29 20:38:00+00:00,740.54,740.5896,740.5,740.57,0
2026-06-29 20:39:00+00:00,740.48,740.56,740.0,740.53,0
2026-06-29 20:40:00+00:00,740.52,740.53,740.5,740.5193,0
2026-06-29 20:41:00+00:00,740.52,740.52,740.45,740.4603,0
2026-06-29 20:42:00+00:00,740.52,740.57,740.5,740.535,0
2026-06-29 20:43:00+00:00,740.5492,740.57,740.52,740.52,0
2026-06-29 20:44:00+00:00,740.5239,740.56,740.52,740.56,0
2026-06-29 20:45:00+00:00,740.56,740.56,740.51,740.525,0
2026-06-29 20:46:00+00:00,740.54,740.5533,740.5,740.5,0
2026-06-29 20:47:00+00:00,740.51,740.52,740.43,740.48,0
2026-06-29 20:48:00+00:00,740.46,740.49,740.34,740.48,0
2026-06-29 20:49:00+00:00,740.455,741.0,740.455,740.51,0
2026-06-29 20:50:00+00:00,740.51,740.65,724.228,740.64,0
2026-06-29 20:51:00+00:00,740.61,740.649,740.56,740.56,0
2026-06-29 20:52:00+00:00,740.6,740.61,740.51,740.51,0
2026-06-29 20:53:00+00:00,740.535,740.539,740.5,740.515,0
2026-06-29 20:54:00+00:00,740.51,740.64,695.5197,740.53,0
2026-06-29 20:55:00+00:00,740.555,740.7,740.5,740.675,0
2026-06-29 20:56:00+00:00,740.67,740.7485,740.615,740.615,0
2026-06-29 20:57:00+00:00,740.64,740.67,740.58,740.67,0
2026-06-29 20:58:00+00:00,740.67,740.73,740.6,740.6101,0
2026-06-29 20:59:00+00:00,740.6453,740.7,740.52,740.57,0
2026-06-29 21:00:00+00:00,740.64,740.79,740.53,740.53,0
2026-06-29 21:01:00+00:00,740.66,740.86,740.53,740.685,0
2026-06-29 21:02:00+00:00,740.685,741.0,724.228,740.69,0
2026-06-29 21:03:00+00:00,740.7936,740.823,740.58,740.6,0
2026-06-29 21:04:00+00:00,740.7478,740.83,694.508,740.62,0
2026-06-29 21:05:00+00:00,740.72,740.83,740.61,740.77,0
2026-06-29 21:06:00+00:00,740.69,741.0,740.69,740.69,0
2026-06-29 21:07:00+00:00,740.7,740.77,740.6,740.685,0
2026-06-29 21:08:00+00:00,740.685,740.7589,740.6182,740.6182,0
2026-06-29 21:09:00+00:00,740.6169,740.76,740.6,740.705,0
2026-06-29 21:10:00+00:00,740.747,740.747,695.5197,740.7,0
2026-06-29 21:11:00+00:00,740.6987,741.0,694.508,740.67,0
2026-06-29 21:12:00+00:00,740.67,740.69,740.645,740.645,0
2026-06-29 21:13:00+00:00,740.6877,741.0,740.6,740.6,0
2026-06-29 21:14:00+00:00,740.73,740.74,740.63,740.69,0
2026-06-29 21:15:00+00:00,740.7377,741.0,740.6401,740.69,0
2026-06-29 21:16:00+00:00,740.69,740.74,740.65,740.695,0
2026-06-29 21:17:00+00:00,740.695,740.7392,740.65,740.7,0
2026-06-29 21:18:00+00:00,740.69,740.74,740.6425,740.74,0
2026-06-29 21:19:00+00:00,740.7,740.74,740.69,740.739,0
2026-06-29 21:20:00+00:00,740.7393,740.7393,740.7,740.7027,0
2026-06-29 21:21:00+00:00,740.71,740.72,740.7,740.715,0
2026-06-29 21:22:00+00:00,740.7,740.7299,740.69,740.69,0
2026-06-29 21:23:00+00:00,740.7,740.72,740.6815,740.71,0
2026-06-29 21:24:00+00:00,740.7104,740.7104,740.66,740.7,0
2026-06-29 21:25:00+00:00,740.72,740.73,740.69,740.6993,0
2026-06-29 21:26:00+00:00,740.7,740.7,740.66,740.6642,0
2026-06-29 21:27:00+00:00,740.7,740.73,740.64,740.73,0
2026-06-29 21:28:00+00:00,740.65,740.685,740.22,740.6501,0
2026-06-29 21:29:00+00:00,740.64,740.73,740.64,740.69,0
2026-06-29 21:30:00+00:00,740.69,740.74,740.64,740.665,0
2026-06-29 21:31:00+00:00,740.6465,740.69,740.62,740.69,0
2026-06-29 21:32:00+00:00,740.62,740.69,740.62,740.69,0
2026-06-29 21:33:00+00:00,740.655,740.69,740.62,740.655,0
2026-06-29 21:34:00+00:00,740.6203,740.69,740.62,740.655,0
2026-06-29 21:35:00+00:00,740.68,740.69,740.62,740.65,0
2026-06-29 21:36:00+00:00,740.65,740.68,740.62,740.65,0
2026-06-29 21:37:00+00:00,740.6785,740.68,740.62,740.68,0
2026-06-29 21:38:00+00:00,740.7372,740.82,740.6387,740.65,0
2026-06-29 21:39:00+00:00,740.65,740.78,740.65,740.7,0
2026-06-29 21:40:00+00:00,740.69,740.7,740.63,740.63,0
2026-06-29 21:41:00+00:00,740.64,740.7,740.575,740.575,0
2026-06-29 21:42:00+00:00,740.58,740.6,740.45,740.45,0
2026-06-29 21:43:00+00:00,740.55,740.81,740.505,740.62,0
2026-06-29 21:44:00+00:00,740.67,740.8,740.66,740.69,0
2026-06-29 21:45:00+00:00,740.7981,740.81,740.69,740.755,0
2026-06-29 21:46:00+00:00,740.79,740.79,740.65,740.65,0
2026-06-29 21:47:00+00:00,740.69,740.7,740.6,740.66,0
2026-06-29 21:48:00+00:00,740.66,740.7,740.62,740.67,0
2026-06-29 21:49:00+00:00,740.67,740.7,740.64,740.67,0
2026-06-29 21:50:00+00:00,740.67,740.7,740.67,740.7,0
2026-06-29 21:51:00+00:00,740.64,740.7,740.64,740.67,0
2026-06-29 21:52:00+00:00,740.68,740.6926,740.6,740.65,0
2026-06-29 21:53:00+00:00,740.7,740.7,740.6,740.7,0
2026-06-29 21:54:00+00:00,740.655,740.7,740.655,740.655,0
2026-06-29 21:55:00+00:00,740.67,740.7,740.6136,740.6512,0
2026-06-29 21:56:00+00:00,740.7,740.8,740.67,740.77,0
2026-06-29 21:57:00+00:00,740.79,741.0,740.65,741.0,0
2026-06-29 21:58:00+00:00,740.79,740.7989,740.7,740.71,0
2026-06-29 21:59:00+00:00,740.75,740.79,740.75,740.75,0
2026-06-29 22:00:00+00:00,740.65,740.65,740.24,740.385,0
2026-06-29 22:01:00+00:00,740.46,740.47,740.3,740.34,0
2026-06-29 22:02:00+00:00,740.3,740.42,740.26,740.42,0
2026-06-29 22:03:00+00:00,740.43,740.658,740.43,740.56,0
2026-06-29 22:04:00+00:00,740.65,740.75,740.4796,740.4796,0
2026-06-29 22:05:00+00:00,740.54,740.83,740.49,740.713,0
2026-06-29 22:06:00+00:00,740.61,740.61,740.4,740.445,0
2026-06-29 22:07:00+00:00,740.47,740.52,740.3912,740.44,0
2026-06-29 22:08:00+00:00,740.45,740.5482,740.345,740.5482,0
2026-06-29 22:09:00+00:00,740.515,740.77,740.51,740.66,0
2026-06-29 22:10:00+00:00,740.775,740.91,740.775,740.82,0
2026-06-29 22:11:00+00:00,740.765,740.83,740.71,740.7222,0
2026-06-29 22:12:00+00:00,740.7,740.7,740.57,740.6,0
2026-06-29 22:13:00+00:00,740.66,740.66,740.54,740.61,0
2026-06-29 22:14:00+00:00,740.615,740.65,740.56,740.62,0
2026-06-29 22:15:00+00:00,740.6,740.63,740.56,740.63,0
2026-06-29 22:16:00+00:00,740.635,740.66,740.635,740.659,0
2026-06-29 22:17:00+00:00,740.64,740.7,740.62,740.655,0
2026-06-29 22:18:00+00:00,740.649,740.6499,740.5004,740.5178,0
2026-06-29 22:19:00+00:00,740.5619,740.74,740.53,740.68,0
2026-06-29 22:20:00+00:00,740.7,740.86,740.7,740.7681,0
2026-06-29 22:21:00+00:00,740.775,740.8122,740.7475,740.7475,0
2026-06-29 22:22:00+00:00,740.8098,740.82,740.75,740.82,0
2026-06-29 22:23:00+00:00,740.76,740.85,740.76,740.79,0
2026-06-29 22:24:00+00:00,740.79,740.79,740.7,740.73,0
2026-06-29 22:25:00+00:00,740.64,740.72,740.64,740.67,0
2026-06-29 22:26:00+00:00,740.61,740.625,740.54,740.6139,0
2026-06-29 22:27:00+00:00,740.64,740.67,740.6392,740.64,0
2026-06-29 22:28:00+00:00,740.61,740.67,740.57,740.615,0
2026-06-29 22:29:00+00:00,740.64,740.64,740.5,740.6,0
2026-06-29 22:30:00+00:00,740.58,740.6,740.52,740.58,0
2026-06-29 22:31:00+00:00,740.565,740.565,740.45,740.45,0
2026-06-29 22:32:00+00:00,740.47,740.5,740.4,740.4247,0
2026-06-29 22:33:00+00:00,740.42,740.439,740.32,740.345,0
2026-06-29 22:34:00+00:00,740.38,740.44,740.38,740.44,0
2026-06-29 22:35:00+00:00,740.4444,740.45,740.41,740.435,0
2026-06-29 22:36:00+00:00,740.43,740.44,740.41,740.41,0
2026-06-29 22:37:00+00:00,740.4142,740.45,740.4142,740.43,0
2026-06-29 22:38:00+00:00,740.43,740.51,740.4133,740.51,0
2026-06-29 22:39:00+00:00,740.45,740.51,740.43,740.4397,0
2026-06-29 22:40:00+00:00,740.43,740.51,740.4112,740.5,0
2026-06-29 22:41:00+00:00,740.455,740.65,740.4416,740.605,0
2026-06-29 22:42:00+00:00,740.58,740.74,740.56,740.675,0
2026-06-29 22:43:00+00:00,740.72,740.83,740.7,740.81,0
2026-06-29 22:44:00+00:00,740.835,740.835,740.711,740.7301,0
2026-06-29 22:45:00+00:00,740.755,740.7822,740.73,740.766,0
2026-06-29 22:46:00+00:00,740.74,740.76,740.68,740.76,0
2026-06-29 22:47:00+00:00,740.745,740.76,740.67,740.72,0
2026-06-29 22:48:00+00:00,740.715,740.72,740.67,740.7,0
2026-06-29 22:49:00+00:00,740.66,740.6982,740.64,740.6982,0
2026-06-29 22:50:00+00:00,740.65,740.68,740.6117,740.6117,0
2026-06-29 22:51:00+00:00,740.63,740.63,740.56,740.62,0
2026-06-29 22:52:00+00:00,740.65,740.65,740.555,740.5896,0
2026-06-29 22:53:00+00:00,740.59,740.599,740.4992,740.5668,0
2026-06-29 22:54:00+00:00,740.545,740.69,740.54,740.69,0
2026-06-29 22:55:00+00:00,740.65,740.65,740.61,740.6196,0
2026-06-29 22:56:00+00:00,740.59,740.59,740.54,740.55,0
2026-06-29 22:57:00+00:00,740.54,740.61,740.5,740.5511,0
2026-06-29 22:58:00+00:00,740.58,740.65,740.56,740.625,0
2026-06-29 22:59:00+00:00,740.63,740.67,740.5881,740.67,0
2026-06-29 23:00:00+00:00,740.585,740.67,740.56,740.67,0
2026-06-29 23:01:00+00:00,740.56,740.65,740.51,740.5915,0
2026-06-29 23:02:00+00:00,740.6765,740.7,740.56,740.61,0
2026-06-29 23:03:00+00:00,740.625,740.67,740.625,740.67,0
2026-06-29 23:04:00+00:00,740.67,740.705,740.59,740.66,0
2026-06-29 23:05:00+00:00,740.68,740.702,740.63,740.685,0
2026-06-29 23:06:00+00:00,740.6656,740.78,740.6656,740.735,0
2026-06-29 23:07:00+00:00,740.77,740.85,740.7601,740.85,0
2026-06-29 23:08:00+00:00,740.83,740.87,740.8,740.87,0
2026-06-29 23:09:00+00:00,740.855,741.0,740.83,740.96,0
2026-06-29 23:10:00+00:00,740.98,741.02,740.8696,740.8696,0
2026-06-29 23:11:00+00:00,740.92,740.9592,740.88,740.9505,0
2026-06-29 23:12:00+00:00,740.8997,740.92,740.68,740.75,0
2026-06-29 23:13:00+00:00,740.765,740.8,740.71,740.71,0
2026-06-29 23:14:00+00:00,740.749,740.78,740.7371,740.78,0
2026-06-29 23:15:00+00:00,740.78,740.83,740.74,740.745,0
2026-06-29 23:16:00+00:00,740.74,740.86,740.74,740.82,0
2026-06-29 23:17:00+00:00,740.77,740.86,740.77,740.86,0
2026-06-29 23:18:00+00:00,740.86,740.9,740.8,740.805,0
2026-06-29 23:19:00+00:00,740.78,740.83,740.77,740.78,0
2026-06-29 23:20:00+00:00,740.79,740.8,740.77,740.79,0
2026-06-29 23:21:00+00:00,740.81,740.86,740.8,740.8,0
2026-06-29 23:22:00+00:00,740.8185,740.83,740.76,740.7711,0
2026-06-29 23:23:00+00:00,740.7752,740.82,740.7,740.7,0
2026-06-29 23:24:00+00:00,740.7282,740.76,740.68,740.7085,0
2026-06-29 23:25:00+00:00,740.74,741.0,740.74,740.745,0
2026-06-29 23:26:00+00:00,740.745,740.79,740.7117,740.7117,0
2026-06-29 23:27:00+00:00,740.73,740.8287,740.73,740.8,0
2026-06-29 23:28:00+00:00,740.845,740.8665,740.78,740.8665,0
2026-06-29 23:29:00+00:00,740.87,740.9,740.8387,740.8387,0
2026-06-29 23:30:00+00:00,740.8,740.86,740.71,740.8417,0
2026-06-29 23:31:00+00:00,740.83,740.8485,740.79,740.83,0
2026-06-29 23:32:00+00:00,740.79,740.85,740.79,740.82,0
2026-06-29 23:33:00+00:00,740.83,740.97,740.81,740.97,0
2026-06-29 23:34:00+00:00,740.985,740.985,740.945,740.945,0
2026-06-29 23:35:00+00:00,740.945,740.99,740.9,740.9835,0
2026-06-29 23:36:00+00:00,740.92,740.93,740.8697,740.87,0
2026-06-29 23:37:00+00:00,740.9,740.96,740.86,740.96,0
2026-06-29 23:38:00+00:00,740.85,740.944,740.85,740.9092,0
2026-06-29 23:39:00+00:00,740.9,740.9085,740.85,740.85,0
2026-06-29 23:40:00+00:00,740.865,740.88,740.85,740.86,0
2026-06-29 23:41:00+00:00,740.88,740.9285,740.8504,740.92,0
2026-06-29 23:42:00+00:00,740.925,740.93,740.829,740.829,0
2026-06-29 23:43:00+00:00,740.85,740.85,740.81,740.81,0
2026-06-29 23:44:00+00:00,740.76,740.91,740.76,740.83,0
2026-06-29 23:45:00+00:00,740.82,740.82,740.675,740.675,0
2026-06-29 23:46:00+00:00,740.73,740.82,740.67,740.82,0
2026-06-29 23:47:00+00:00,740.75,740.75,740.6916,740.73,0
2026-06-29 23:48:00+00:00,740.68,740.68,740.52,740.53,0
2026-06-29 23:49:00+00:00,740.51,740.555,740.46,740.555,0
2026-06-29 23:50:00+00:00,740.57,740.66,740.52,740.525,0
2026-06-29 23:51:00+00:00,740.54,740.58,740.475,740.54,0
2026-06-29 23:52:00+00:00,740.47,740.52,740.46,740.5184,0
2026-06-29 23:53:00+00:00,740.51,740.51,740.42,740.467,0
2026-06-29 23:54:00+00:00,740.45,740.59,740.4407,740.57,0
2026-06-29 23:55:00+00:00,740.59,740.65,740.5,740.65,0
2026-06-29 23:56:00+00:00,740.63,740.7,740.59,740.59,0
2026-06-29 23:57:00+00:00,740.64,740.7385,740.64,740.7322,0
2026-06-29 23:58:00+00:00,740.7,740.738,740.65,740.65,0
2026-06-29 23:59:00+00:00,740.69,740.91,740.69,740.76,0
2026-06-30 08:00:00+00:00,742.0,742.692,740.82,741.8939,0
2026-06-30 08:01:00+00:00,741.75,742.7,741.42,741.96,0
2026-06-30 08:02:00+00:00,741.98,742.75,741.48,742.55,0
2026-06-30 08:03:00+00:00,742.63,742.73,741.56,742.19,0
2026-06-30 08:04:00+00:00,742.16,742.58,741.42,741.84,0
2026-06-30 08:05:00+00:00,741.83,741.9557,741.83,741.9265,0
2026-06-30 08:06:00+00:00,741.91,742.68,741.824,741.85,0
2026-06-30 08:07:00+00:00,741.98,742.68,741.88,741.96,0
2026-06-30 08:08:00+00:00,742.0,742.11,742.0,742.04,0
2026-06-30 08:09:00+00:00,742.04,742.04,741.814,741.865,0
2026-06-30 08:10:00+00:00,741.84,742.0,741.84,742.0,0
2026-06-30 08:11:00+00:00,742.03,742.08,742.03,742.07,0
2026-06-30 08:12:00+00:00,742.07,742.07,741.92,741.9785,0
2026-06-30 08:13:00+00:00,741.9892,741.9892,741.7435,741.7435,0
2026-06-30 08:14:00+00:00,741.7547,741.7547,741.63,741.63,0
2026-06-30 08:15:00+00:00,741.58,741.58,741.38,741.38,0
2026-06-30 08:16:00+00:00,741.41,741.43,741.27,741.43,0
2026-06-30 08:17:00+00:00,741.4687,741.4687,741.39,741.39,0
2026-06-30 08:18:00+00:00,741.3902,741.491,741.3902,741.49,0
2026-06-30 08:19:00+00:00,741.53,741.67,741.49,741.67,0
2026-06-30 08:20:00+00:00,741.648,741.7712,741.648,741.74,0
2026-06-30 08:21:00+00:00,741.82,741.98,741.82,741.93,0
2026-06-30 08:22:00+00:00,741.9,741.98,741.9,741.94,0
2026-06-30 08:23:00+00:00,741.94,742.03,741.93,742.0012,0
2026-06-30 08:24:00+00:00,742.08,742.08,742.05,742.05,0
2026-06-30 08:25:00+00:00,742.1,742.13,742.07,742.07,0
2026-06-30 08:26:00+00:00,742.07,742.07,742.03,742.06,0
2026-06-30 08:27:00+00:00,742.06,742.06,741.9,742.05,0
2026-06-30 08:28:00+00:00,742.13,742.1582,742.0915,742.0915,0
2026-06-30 08:29:00+00:00,742.0464,742.2,742.0464,742.2,0
2026-06-30 08:30:00+00:00,742.14,742.31,742.0895,742.0895,0
2026-06-30 08:31:00+00:00,742.0687,742.0687,741.9,741.94,0
2026-06-30 08:32:00+00:00,741.87,741.899,741.6992,741.7,0
2026-06-30 08:33:00+00:00,741.6887,741.6887,741.58,741.6,0
2026-06-30 08:34:00+00:00,741.62,741.63,741.551,741.551,0
2026-06-30 08:35:00+00:00,741.52,741.6,741.38,741.38,0
2026-06-30 08:36:00+00:00,741.45,741.45,741.33,741.33,0
2026-06-30 08:37:00+00:00,741.3323,741.4082,741.3323,741.4082,0
2026-06-30 08:38:00+00:00,741.33,741.37,741.3,741.33,0
2026-06-30 08:39:00+00:00,741.32,741.32,741.02,741.1182,0
2026-06-30 08:40:00+00:00,741.05,741.09,740.79,740.93,0
2026-06-30 08:41:00+00:00,740.97,741.08,740.96,741.07,0
2026-06-30 08:42:00+00:00,741.14,741.15,741.03,741.08,0
2026-06-30 08:43:00+00:00,741.12,741.16,741.08,741.08,0
2026-06-30 08:44:00+00:00,741.13,741.15,741.08,741.09,0
2026-06-30 08:45:00+00:00,741.15,741.15,741.08,741.11,0
2026-06-30 08:46:00+00:00,740.96,741.13,740.96,741.0515,0
2026-06-30 08:47:00+00:00,741.06,741.06,741.05,741.05,0
2026-06-30 08:48:00+00:00,740.95,741.0085,740.95,740.95,0
2026-06-30 08:49:00+00:00,740.83,740.88,740.7888,740.88,0
2026-06-30 08:50:00+00:00,740.91,740.92,740.8,740.85,0
2026-06-30 08:51:00+00:00,740.76,740.88,740.72,740.8717,0
2026-06-30 08:52:00+00:00,740.92,741.14,740.92,741.14,0
2026-06-30 08:53:00+00:00,741.0687,741.1,741.06,741.06,0
2026-06-30 08:54:00+00:00,741.14,741.33,741.14,741.33,0
2026-06-30 08:55:00+00:00,741.3566,741.3566,741.32,741.32,0
2026-06-30 08:56:00+00:00,741.36,741.36,741.36,741.36,0
2026-06-30 08:57:00+00:00,741.36,741.37,741.33,741.35,0
2026-06-30 08:59:00+00:00,741.5,741.53,741.49,741.49,0
2026-06-30 09:00:00+00:00,741.47,741.61,741.36,741.56,0
2026-06-30 09:01:00+00:00,741.5695,741.5695,741.465,741.465,0
2026-06-30 09:02:00+00:00,741.54,741.5405,741.48,741.48,0
2026-06-30 09:03:00+00:00,741.54,741.64,741.54,741.63,0
2026-06-30 09:04:00+00:00,741.73,741.73,741.68,741.7,0
2026-06-30 09:05:00+00:00,741.66,741.67,741.58,741.59,0
2026-06-30 09:06:00+00:00,741.62,741.62,741.5085,741.5085,0
2026-06-30 09:07:00+00:00,741.5137,741.5137,741.51,741.51,0
2026-06-30 09:08:00+00:00,741.51,741.5487,741.5,741.5,0
2026-06-30 09:09:00+00:00,741.5,741.51,741.5,741.51,0
2026-06-30 09:10:00+00:00,741.44,741.44,741.44,741.44,0
2026-06-30 09:11:00+00:00,741.5,741.7,741.5,741.7,0
2026-06-30 09:12:00+00:00,741.6,741.7,741.6,741.7,0
2026-06-30 09:13:00+00:00,741.69,741.69,741.6892,741.6892,0
2026-06-30 09:14:00+00:00,741.65,741.65,741.63,741.63,0
2026-06-30 09:15:00+00:00,741.77,741.83,741.77,741.83,0
2026-06-30 09:16:00+00:00,741.83,741.83,741.74,741.74,0
2026-06-30 09:17:00+00:00,741.78,741.829,741.78,741.79,0
2026-06-30 09:18:00+00:00,741.82,741.82,741.761,741.79,0
2026-06-30 09:19:00+00:00,741.73,741.759,741.73,741.759,0
2026-06-30 09:20:00+00:00,741.74,741.74,741.69,741.69,0
2026-06-30 09:21:00+00:00,741.7,741.7085,741.689,741.7085,0
2026-06-30 09:22:00+00:00,741.7,741.73,741.7,741.73,0
2026-06-30 09:23:00+00:00,741.68,741.68,741.64,741.64,0
2026-06-30 09:24:00+00:00,741.64,741.6665,741.56,741.66,0
2026-06-30 09:25:00+00:00,741.69,741.71,741.69,741.71,0
2026-06-30 09:26:00+00:00,741.6812,741.72,741.6812,741.72,0
2026-06-30 09:27:00+00:00,741.75,741.76,741.74,741.74,0
2026-06-30 09:28:00+00:00,741.69,741.69,741.62,741.66,0
2026-06-30 09:29:00+00:00,741.66,741.66,741.55,741.55,0
2026-06-30 09:30:00+00:00,741.54,741.54,741.29,741.29,0
2026-06-30 09:31:00+00:00,741.3785,741.3785,741.209,741.209,0
2026-06-30 09:32:00+00:00,741.23,741.32,741.2,741.29,0
2026-06-30 09:33:00+00:00,741.31,741.32,741.26,741.26,0
2026-06-30 09:34:00+00:00,741.2185,741.2185,741.13,741.13,0
2026-06-30 09:35:00+00:00,741.3612,741.3612,741.3612,741.3612,0
2026-06-30 09:37:00+00:00,741.38,741.51,741.38,741.51,0
2026-06-30 09:38:00+00:00,741.51,741.58,741.51,741.58,0
2026-06-30 09:39:00+00:00,741.58,741.58,741.58,741.58,0
2026-06-30 09:40:00+00:00,741.7,741.76,741.7,741.75,0
2026-06-30 09:41:00+00:00,741.7093,741.79,741.7093,741.79,0
2026-06-30 09:42:00+00:00,741.77,741.7982,741.77,741.77,0
2026-06-30 09:43:00+00:00,741.83,741.84,741.731,741.78,0
2026-06-30 09:44:00+00:00,741.8085,741.8085,741.73,741.73,0
2026-06-30 09:45:00+00:00,741.81,741.81,741.7812,741.7812,0
2026-06-30 09:46:00+00:00,741.83,741.8518,741.7553,741.805,0
2026-06-30 09:47:00+00:00,741.8507,741.96,741.8507,741.93,0
2026-06-30 09:48:00+00:00,741.89,741.8987,741.89,741.8987,0
2026-06-30 09:49:00+00:00,741.855,742.05,741.855,742.05,0
2026-06-30 09:50:00+00:00,742.05,742.05,742.05,742.05,0
2026-06-30 09:51:00+00:00,741.981,742.0385,741.981,742.0,0
2026-06-30 09:52:00+00:00,742.03,742.06,741.9815,741.9815,0
2026-06-30 09:53:00+00:00,742.0329,742.0487,742.0012,742.01,0
2026-06-30 09:54:00+00:00,742.01,742.05,741.98,741.9987,0
2026-06-30 09:55:00+00:00,742.039,742.05,742.039,742.05,0
2026-06-30 09:56:00+00:00,741.9487,741.99,741.93,741.99,0
2026-06-30 09:57:00+00:00,742.001,742.001,742.001,742.001,0
2026-06-30 09:58:00+00:00,742.0,742.0,742.0,742.0,0
2026-06-30 09:59:00+00:00,741.97,741.97,741.8591,741.8591,0
2026-06-30 10:00:00+00:00,741.89,741.93,741.75,741.75,0
2026-06-30 10:01:00+00:00,741.9164,741.9164,741.9164,741.9164,0
2026-06-30 10:02:00+00:00,741.88,741.91,741.84,741.91,0
2026-06-30 10:03:00+00:00,741.79,741.79,741.6746,741.6746,0
2026-06-30 10:04:00+00:00,741.7168,741.771,741.6975,741.771,0
2026-06-30 10:05:00+00:00,741.8207,741.9,741.8207,741.87,0
2026-06-30 10:06:00+00:00,741.97,741.97,741.94,741.96,0
2026-06-30 10:07:00+00:00,741.99,742.11,741.99,742.11,0
2026-06-30 10:08:00+00:00,742.0387,742.0387,742.0387,742.0387,0
2026-06-30 10:09:00+00:00,742.0387,742.0387,741.94,741.94,0
2026-06-30 10:10:00+00:00,741.85,741.85,741.8,741.85,0
2026-06-30 10:11:00+00:00,741.85,741.85,741.7712,741.7712,0
2026-06-30 10:12:00+00:00,741.88,741.9147,741.8314,741.84,0
2026-06-30 10:13:00+00:00,741.8337,741.93,741.8337,741.93,0
2026-06-30 10:14:00+00:00,741.84,741.97,741.84,741.97,0
2026-06-30 10:15:00+00:00,742.01,742.06,742.01,742.0517,0
2026-06-30 10:16:00+00:00,741.9996,742.01,741.99,742.01,0
2026-06-30 10:17:00+00:00,742.08,742.12,742.02,742.02,0
2026-06-30 10:18:00+00:00,742.0,742.06,741.99,742.02,0
2026-06-30 10:19:00+00:00,742.0412,742.1,742.0412,742.0888,0
2026-06-30 10:20:00+00:00,742.06,742.12,742.0,742.01,0
2026-06-30 10:21:00+00:00,742.02,742.08,742.02,742.08,0
2026-06-30 10:22:00+00:00,741.99,742.02,741.99,742.02,0
2026-06-30 10:23:00+00:00,741.9285,741.9285,741.9285,741.9285,0
2026-06-30 10:24:00+00:00,741.89,741.91,741.85,741.89,0
2026-06-30 10:25:00+00:00,741.94,742.02,741.92,742.02,0
2026-06-30 10:26:00+00:00,742.0,742.03,742.0,742.02,0
2026-06-30 10:27:00+00:00,741.9915,742.06,741.9915,742.06,0
2026-06-30 10:28:00+00:00,742.03,742.03,742.03,742.03,0
2026-06-30 10:30:00+00:00,742.14,742.14,742.0,742.0,0
2026-06-30 10:31:00+00:00,741.97,742.04,741.97,742.04,0
2026-06-30 10:32:00+00:00,742.0,742.098,742.0,742.098,0
2026-06-30 10:33:00+00:00,742.0588,742.0588,741.92,741.93,0
2026-06-30 10:34:00+00:00,741.9212,741.9212,741.9212,741.9212,0
2026-06-30 10:35:00+00:00,741.9098,741.92,741.83,741.83,0
2026-06-30 10:36:00+00:00,741.8,741.86,741.74,741.86,0
2026-06-30 10:37:00+00:00,741.85,741.87,741.82,741.82,0
2026-06-30 10:38:00+00:00,741.82,741.84,741.82,741.84,0
2026-06-30 10:39:00+00:00,741.84,741.91,741.84,741.87,0
2026-06-30 10:40:00+00:00,741.87,741.88,741.87,741.88,0
2026-06-30 10:41:00+00:00,741.86,741.86,741.8542,741.8542,0
2026-06-30 10:42:00+00:00,741.93,742.04,741.9265,742.04,0
2026-06-30 10:43:00+00:00,742.04,742.04,741.96,741.96,0
2026-06-30 10:44:00+00:00,742.03,742.03,741.89,741.95,0
2026-06-30 10:45:00+00:00,741.9387,741.9387,741.83,741.83,0
2026-06-30 10:46:00+00:00,742.0501,742.105,742.0498,742.0712,0
2026-06-30 10:47:00+00:00,742.07,742.14,742.05,742.1311,0
2026-06-30 10:48:00+00:00,742.17,742.36,742.17,742.3187,0
2026-06-30 10:49:00+00:00,742.28,742.28,742.2215,742.2215,0
2026-06-30 10:50:00+00:00,742.22,742.25,742.13,742.25,0
2026-06-30 10:51:00+00:00,742.2085,742.22,742.14,742.22,0
2026-06-30 10:52:00+00:00,742.2407,742.32,742.2407,742.3,0
2026-06-30 10:53:00+00:00,742.28,742.351,742.28,742.351,0
2026-06-30 10:54:00+00:00,742.351,742.36,742.345,742.3587,0
2026-06-30 10:55:00+00:00,742.28,742.38,742.28,742.36,0
2026-06-30 10:56:00+00:00,742.36,742.48,742.36,742.45,0
2026-06-30 10:57:00+00:00,742.45,742.55,742.45,742.54,0
2026-06-30 10:58:00+00:00,742.5,742.64,742.5,742.64,0
2026-06-30 10:59:00+00:00,742.61,742.68,742.5692,742.5885,0
2026-06-30 11:00:00+00:00,742.5207,742.6201,741.0,742.37,0
2026-06-30 11:01:00+00:00,742.4,742.5,741.0,742.4905,0
2026-06-30 11:02:00+00:00,742.4939,742.56,742.4291,742.56,0
2026-06-30 11:03:00+00:00,742.4417,742.5192,742.4352,742.5,0
2026-06-30 11:04:00+00:00,742.52,742.6913,742.48,742.67,0
2026-06-30 11:05:00+00:00,742.7,742.8,742.6701,742.7992,0
2026-06-30 11:06:00+00:00,742.7922,742.92,742.77,742.88,0
2026-06-30 11:07:00+00:00,742.84,742.95,742.82,742.827,0
2026-06-30 11:08:00+00:00,742.826,742.88,742.76,742.76,0
2026-06-30 11:09:00+00:00,742.8,742.8487,742.76,742.82,0
2026-06-30 11:10:00+00:00,742.84,742.93,742.84,742.8679,0
2026-06-30 11:11:00+00:00,742.83,742.839,742.749,742.8,0
2026-06-30 11:12:00+00:00,742.79,742.82,742.76,742.82,0
2026-06-30 11:13:00+00:00,742.8,742.84,742.79,742.7915,0
2026-06-30 11:14:00+00:00,742.85,742.8911,742.82,742.8911,0
2026-06-30 11:15:00+00:00,742.89,742.99,742.83,742.8306,0
2026-06-30 11:16:00+00:00,742.82,742.93,742.82,742.93,0
2026-06-30 11:17:00+00:00,742.9185,742.9185,742.79,742.8512,0
2026-06-30 11:18:00+00:00,742.87,742.89,742.8,742.8,0
2026-06-30 11:19:00+00:00,742.7887,742.809,742.735,742.76,0
2026-06-30 11:20:00+00:00,742.73,742.81,742.69,742.695,0
2026-06-30 11:21:00+00:00,742.7,742.7299,742.64,742.67,0
2026-06-30 11:22:00+00:00,742.695,742.77,742.665,742.77,0
2026-06-30 11:23:00+00:00,742.75,742.75,742.58,742.62,0
2026-06-30 11:24:00+00:00,742.58,742.58,742.39,742.44,0
2026-06-30 11:25:00+00:00,742.44,742.44,742.2,742.2395,0
2026-06-30 11:26:00+00:00,742.24,742.24,742.18,742.2193,0
2026-06-30 11:27:00+00:00,742.2068,742.355,742.2,742.32,0
2026-06-30 11:28:00+00:00,742.315,742.5,742.315,742.42,0
2026-06-30 11:29:00+00:00,742.41,742.41,742.3,742.37,0
2026-06-30 11:30:00+00:00,742.44,742.46,742.37,742.41,0
2026-06-30 11:31:00+00:00,742.47,742.49,742.36,742.39,0
2026-06-30 11:32:00+00:00,742.435,742.51,742.41,742.41,0
2026-06-30 11:33:00+00:00,742.415,742.44,742.21,742.3,0
2026-06-30 11:34:00+00:00,742.29,742.35,742.26,742.35,0
2026-06-30 11:35:00+00:00,742.35,742.47,742.34,742.4,0
2026-06-30 11:36:00+00:00,742.41,742.41,742.2815,742.41,0
2026-06-30 11:37:00+00:00,742.45,742.45,742.36,742.3787,0
2026-06-30 11:38:00+00:00,742.31,742.34,742.27,742.31,0
2026-06-30 11:39:00+00:00,742.259,742.37,742.259,742.3526,0
2026-06-30 11:40:00+00:00,742.35,742.49,742.29,742.49,0
2026-06-30 11:41:00+00:00,742.51,742.66,742.45,742.65,0
2026-06-30 11:42:00+00:00,742.65,742.67,742.56,742.6689,0
2026-06-30 11:43:00+00:00,742.6195,742.76,742.5892,742.68,0
2026-06-30 11:44:00+00:00,742.67,742.73,742.58,742.68,0
2026-06-30 11:45:00+00:00,742.63,742.84,742.63,742.84,0
2026-06-30 11:46:00+00:00,742.83,742.905,742.81,742.9,0
2026-06-30 11:47:00+00:00,742.901,742.98,742.869,742.869,0
2026-06-30 11:48:00+00:00,742.8,742.85,742.75,742.81,0
2026-06-30 11:49:00+00:00,742.85,742.92,742.84,742.9,0
2026-06-30 11:50:00+00:00,742.88,742.88,742.8,742.8383,0
2026-06-30 11:51:00+00:00,742.82,743.0,742.7,742.7,0
2026-06-30 11:52:00+00:00,742.7,742.8683,742.66,742.8,0
2026-06-30 11:53:00+00:00,742.73,742.82,742.69,742.7012,0
2026-06-30 11:54:00+00:00,742.7,742.725,742.55,742.58,0
2026-06-30 11:55:00+00:00,742.61,742.61,742.52,742.52,0
2026-06-30 11:56:00+00:00,742.52,742.61,742.51,742.54,0
2026-06-30 11:57:00+00:00,742.55,742.58,742.455,742.5,0
2026-06-30 11:58:00+00:00,742.52,742.52,742.361,742.42,0
2026-06-30 11:59:00+00:00,742.36,742.61,742.26,742.3,0
2026-06-30 12:00:00+00:00,742.3,742.4,742.05,742.08,0
2026-06-30 12:01:00+00:00,742.05,742.12,741.985,741.985,0
2026-06-30 12:02:00+00:00,741.99,742.05,741.8097,741.8097,0
2026-06-30 12:03:00+00:00,741.8399,741.89,741.72,741.72,0
2026-06-30 12:04:00+00:00,741.69,741.83,741.6899,741.8,0
2026-06-30 12:05:00+00:00,741.75,741.75,741.59,741.74,0
2026-06-30 12:06:00+00:00,741.7306,741.81,741.71,741.7397,0
2026-06-30 12:07:00+00:00,741.81,741.9,741.7891,741.8294,0
2026-06-30 12:08:00+00:00,741.815,741.82,741.67,741.791,0
2026-06-30 12:09:00+00:00,741.8084,741.81,741.65,741.6878,0
2026-06-30 12:10:00+00:00,741.7,741.9,741.7,741.85,0
2026-06-30 12:11:00+00:00,741.875,742.05,741.875,741.96,0
2026-06-30 12:12:00+00:00,741.91,741.91,741.79,741.79,0
2026-06-30 12:13:00+00:00,741.79,741.8,741.61,741.61,0
2026-06-30 12:14:00+00:00,741.6834,741.6834,741.44,741.45,0
2026-06-30 12:15:00+00:00,741.5508,741.5508,741.42,741.529,0
2026-06-30 12:16:00+00:00,741.5,741.55,741.33,741.38,0
2026-06-30 12:17:00+00:00,741.35,741.48,741.32,741.4384,0
2026-06-30 12:18:00+00:00,741.43,741.63,741.36,741.569,0
2026-06-30 12:19:00+00:00,741.5,741.56,741.382,741.47,0
2026-06-30 12:20:00+00:00,741.54,741.54,741.3,741.3791,0
2026-06-30 12:21:00+00:00,741.41,741.41,741.32,741.35,0
2026-06-30 12:22:00+00:00,741.4,741.4,741.27,741.3047,0
2026-06-30 12:23:00+00:00,741.34,741.34,741.13,741.1392,0
2026-06-30 12:24:00+00:00,741.12,741.1887,741.05,741.1706,0
2026-06-30 12:25:00+00:00,741.18,741.19,740.91,740.94,0
2026-06-30 12:26:00+00:00,740.95,741.13,740.9,740.93,0
2026-06-30 12:27:00+00:00,740.9435,741.24,740.9435,741.16,0
2026-06-30 12:28:00+00:00,741.1845,741.19,740.96,740.9635,0
2026-06-30 12:29:00+00:00,740.9709,741.0,740.9,740.9,0
2026-06-30 12:30:00+00:00,740.91,741.01,740.859,740.93,0
2026-06-30 12:31:00+00:00,740.97,741.0,740.71,740.7461,0
2026-06-30 12:32:00+00:00,740.71,740.79,740.46,740.57,0
2026-06-30 12:33:00+00:00,740.57,740.68,740.52,740.66,0
2026-06-30 12:34:00+00:00,740.65,740.76,740.6,740.72,0
2026-06-30 12:35:00+00:00,740.72,740.84,740.71,740.78,0
2026-06-30 12:36:00+00:00,740.79,740.8888,740.71,740.819,0
2026-06-30 12:37:00+00:00,740.819,740.9528,740.819,740.91,0
2026-06-30 12:38:00+00:00,740.87,740.92,740.76,740.83,0
2026-06-30 12:39:00+00:00,740.85,741.12,740.8,741.0765,0
2026-06-30 12:40:00+00:00,741.1,741.18,741.07,741.11,0
2026-06-30 12:41:00+00:00,741.1,741.11,741.0238,741.09,0
2026-06-30 12:42:00+00:00,741.09,741.28,741.09,741.28,0
2026-06-30 12:43:00+00:00,741.28,741.35,741.26,741.2787,0
2026-06-30 12:44:00+00:00,741.28,741.28,741.15,741.24,0
2026-06-30 12:45:00+00:00,741.24,741.3,741.23,741.245,0
2026-06-30 12:46:00+00:00,741.2198,741.3,741.1,741.3,0
2026-06-30 12:47:00+00:00,741.32,741.365,741.0,741.25,0
2026-06-30 12:48:00+00:00,741.22,741.3,741.1,741.12,0
2026-06-30 12:49:00+00:00,741.1,741.37,741.1,741.34,0
2026-06-30 12:50:00+00:00,741.34,741.41,741.29,741.295,0
2026-06-30 12:51:00+00:00,741.26,741.47,741.26,741.41,0
2026-06-30 12:52:00+00:00,741.37,741.419,741.35,741.4,0
2026-06-30 12:53:00+00:00,741.37,741.5,741.37,741.42,0
2026-06-30 12:54:00+00:00,741.42,741.435,741.25,741.29,0
2026-06-30 12:55:00+00:00,741.32,741.36,741.0,741.24,0
2026-06-30 12:56:00+00:00,741.24,741.2895,741.0,741.0,0
2026-06-30 12:57:00+00:00,741.0,741.22,741.0,741.1923,0
2026-06-30 12:58:00+00:00,741.15,741.1995,741.1,741.13,0
2026-06-30 12:59:00+00:00,741.12,741.14,740.965,741.0,0
2026-06-30 13:00:00+00:00,740.95,741.1487,740.95,740.99,0
2026-06-30 13:01:00+00:00,740.95,741.13,740.9,741.0565,0
2026-06-30 13:02:00+00:00,741.1181,741.13,740.88,740.92,0
2026-06-30 13:03:00+00:00,740.89,740.95,740.83,740.89,0
2026-06-30 13:04:00+00:00,740.905,740.9335,740.81,740.83,0
2026-06-30 13:05:00+00:00,740.83,740.9,740.72,740.84,0
2026-06-30 13:06:00+00:00,740.82,741.1188,740.795,741.05,0
2026-06-30 13:07:00+00:00,741.02,741.0488,740.76,740.76,0
2026-06-30 13:08:00+00:00,740.75,740.83,740.75,740.77,0
2026-06-30 13:09:00+00:00,740.76,740.89,740.75,740.88,0
2026-06-30 13:10:00+00:00,740.82,741.02,740.82,741.0125,0
2026-06-30 13:11:00+00:00,741.0,741.22,741.0,741.165,0
2026-06-30 13:12:00+00:00,741.17,741.19,741.07,741.099,0
2026-06-30 13:13:00+00:00,741.06,741.12,740.98,740.985,0
2026-06-30 13:14:00+00:00,740.99,741.06,740.88,740.95,0
2026-06-30 13:30:00+00:00,741.2899780273438,741.5900268554688,740.9600219726562,741.3800048828125,996284
2026-06-30 13:31:00+00:00,741.3300170898438,741.969970703125,741.3300170898438,741.6099853515625,196625
2026-06-30 13:32:00+00:00,741.5999755859375,741.6199951171875,740.8900146484375,741.4149780273438,277964
2026-06-30 13:33:00+00:00,741.3900146484375,741.5399780273438,740.969970703125,741.1500244140625,148365
2026-06-30 13:34:00+00:00,741.1599731445312,741.4199829101562,740.9400024414062,741.3049926757812,168305
2026-06-30 13:35:00+00:00,741.3099975585938,742.0900268554688,741.1099853515625,742.0499877929688,211197
2026-06-30 13:36:00+00:00,742.0399780273438,742.0499877929688,741.52001953125,741.5999755859375,192511
2026-06-30 13:37:00+00:00,741.5900268554688,741.9600219726562,741.47998046875,741.8400268554688,140358
2026-06-30 13:38:00+00:00,741.8400268554688,741.8400268554688,741.4000244140625,741.76123046875,155596
2026-06-30 13:39:00+00:00,741.719970703125,741.8499755859375,741.4099731445312,741.469970703125,79160
2026-06-30 13:40:00+00:00,741.4600219726562,741.97998046875,741.22998046875,741.6400146484375,240335
2026-06-30 13:41:00+00:00,741.6400146484375,742.0900268554688,741.5499877929688,742.0700073242188,204812
2026-06-30 13:42:00+00:00,742.0700073242188,742.22998046875,741.5999755859375,741.9500122070312,253842
2026-06-30 13:43:00+00:00,741.9199829101562,742.3099975585938,741.8599853515625,742.1099853515625,109214
2026-06-30 13:44:00+00:00,742.0700073242188,742.239990234375,741.6099853515625,741.9099731445312,102698
2026-06-30 13:45:00+00:00,741.8699951171875,742.3099975585938,741.8400268554688,742.1799926757812,114085
2026-06-30 13:46:00+00:00,742.14501953125,742.27001953125,741.6699829101562,742.260009765625,121167
2026-06-30 13:47:00+00:00,742.22998046875,742.280029296875,741.77001953125,741.8198852539062,100949
2026-06-30 13:48:00+00:00,741.8200073242188,742.219970703125,741.760009765625,742.0800170898438,105899
2026-06-30 13:49:00+00:00,742.0800170898438,742.2100219726562,741.844970703125,742.010009765625,150626
2026-06-30 13:50:00+00:00,741.989990234375,742.219970703125,741.8800048828125,742.14501953125,116998
2026-06-30 13:51:00+00:00,742.1400146484375,743.0399169921875,742.1199951171875,742.9400024414062,332912
2026-06-30 13:52:00+00:00,742.9299926757812,743.469970703125,742.89501953125,743.3800048828125,222178
2026-06-30 13:53:00+00:00,743.3900146484375,743.4500122070312,743.1199951171875,743.219970703125,167909
2026-06-30 13:54:00+00:00,743.219970703125,743.3800048828125,743.0700073242188,743.1799926757812,169887
2026-06-30 13:55:00+00:00,743.1799926757812,743.7000122070312,743.1599731445312,743.6699829101562,125863
2026-06-30 13:56:00+00:00,743.6599731445312,743.72998046875,743.530029296875,743.5499877929688,99141
2026-06-30 13:57:00+00:00,743.5700073242188,743.5900268554688,743.4550170898438,743.5,94790
2026-06-30 13:58:00+00:00,743.5,743.7239990234375,743.3499755859375,743.6699829101562,95396
2026-06-30 13:59:00+00:00,743.6599731445312,743.9600219726562,743.5700073242188,743.9199829101562,132508
2026-06-30 14:00:00+00:00,743.9099731445312,743.9199829101562,743.1320190429688,743.1799926757812,269393
2026-06-30 14:01:00+00:00,743.1900024414062,743.6300048828125,742.8599853515625,743.59130859375,144396
2026-06-30 14:02:00+00:00,743.5900268554688,744.0499877929688,743.498779296875,744.0499877929688,76432
2026-06-30 14:03:00+00:00,744.0499877929688,744.4299926757812,744.0250244140625,744.3792724609375,2518607
2026-06-30 14:04:00+00:00,744.3499755859375,744.530029296875,744.1500244140625,744.52001953125,91751
2026-06-30 14:05:00+00:00,744.52001953125,744.5299072265625,744.0499877929688,744.1199951171875,76060
2026-06-30 14:06:00+00:00,744.0999755859375,744.1411743164062,743.8400268554688,743.9299926757812,71496
2026-06-30 14:07:00+00:00,743.9299926757812,744.0999755859375,743.5499877929688,743.7000122070312,77557
2026-06-30 14:08:00+00:00,743.7098999023438,743.8400268554688,743.5800170898438,743.731201171875,71621
2026-06-30 14:09:00+00:00,743.72998046875,743.739990234375,743.3699951171875,743.5399780273438,72442
2026-06-30 14:10:00+00:00,743.5650024414062,743.6300048828125,743.1724853515625,743.3800048828125,137856
2026-06-30 14:11:00+00:00,743.3699951171875,743.8800048828125,743.3300170898438,743.719970703125,103446
2026-06-30 14:12:00+00:00,743.7100219726562,743.739990234375,743.22998046875,743.469970703125,72253
2026-06-30 14:13:00+00:00,743.4500122070312,743.6300048828125,743.3300170898438,743.5499877929688,58660
2026-06-30 14:14:00+00:00,743.52001953125,743.77001953125,743.4600830078125,743.6300048828125,46379
2026-06-30 14:15:00+00:00,743.6199951171875,743.7899780273438,743.52001953125,743.6599731445312,65906
2026-06-30 14:16:00+00:00,743.6799926757812,743.8300170898438,743.5700073242188,743.7000122070312,100153
2026-06-30 14:17:00+00:00,743.719970703125,743.7999877929688,743.3099975585938,743.6599731445312,48891
2026-06-30 14:18:00+00:00,743.6500244140625,743.8499755859375,743.4099731445312,743.5499877929688,45825
2026-06-30 14:19:00+00:00,743.5399780273438,743.7650146484375,743.4400024414062,743.5599975585938,37705
2026-06-30 14:20:00+00:00,743.5700073242188,743.7100219726562,743.4600219726562,743.7100219726562,36584
2026-06-30 14:21:00+00:00,743.7098999023438,743.9500122070312,743.60498046875,743.8400268554688,53932
2026-06-30 14:22:00+00:00,743.8200073242188,744.239990234375,743.8099975585938,744.1749877929688,86741
2026-06-30 14:23:00+00:00,744.1900024414062,744.4600219726562,744.0999755859375,744.4400024414062,63502
2026-06-30 14:24:00+00:00,744.4299926757812,744.4299926757812,744.1900024414062,744.2999877929688,58338
2026-06-30 14:25:00+00:00,744.3109741210938,744.3599853515625,744.02001953125,744.2100219726562,83661
2026-06-30 14:26:00+00:00,744.2100219726562,744.3499145507812,744.159912109375,744.2999877929688,30234
2026-06-30 14:27:00+00:00,744.3200073242188,744.5700073242188,744.3200073242188,744.5399780273438,41941
2026-06-30 14:28:00+00:00,744.5399780273438,744.5599975585938,744.3599853515625,744.489990234375,40162
2026-06-30 14:29:00+00:00,744.4801025390625,744.5750122070312,744.3900146484375,744.47998046875,41316
2026-06-30 14:30:00+00:00,744.469970703125,744.9000244140625,744.4400024414062,744.8699951171875,152623
2026-06-30 14:31:00+00:00,744.8699951171875,745.1300048828125,744.8499755859375,745.030029296875,103834
2026-06-30 14:32:00+00:00,745.0499877929688,745.2000122070312,744.9299926757812,744.9500122070312,54455
2026-06-30 14:33:00+00:00,744.9500122070312,745.0800170898438,744.9099731445312,745.0449829101562,65183
2026-06-30 14:34:00+00:00,745.0399780273438,745.3300170898438,744.969970703125,745.3200073242188,58350
2026-06-30 14:35:00+00:00,745.3300170898438,745.3800048828125,745.02001953125,745.0499877929688,88545
2026-06-30 14:36:00+00:00,745.0499877929688,745.1099853515625,744.8900146484375,745.0700073242188,359832
2026-06-30 14:37:00+00:00,745.0700073242188,745.1199951171875,744.739990234375,744.8800048828125,66394
2026-06-30 14:38:00+00:00,744.8900146484375,744.9600219726562,744.469970703125,744.4749755859375,59713
2026-06-30 14:39:00+00:00,744.47998046875,744.5999755859375,744.3400268554688,744.5549926757812,50735
2026-06-30 14:40:00+00:00,744.5599975585938,744.8499755859375,744.530029296875,744.6900024414062,55039
2026-06-30 14:41:00+00:00,744.6900024414062,744.9249877929688,744.3599853515625,744.3699951171875,73690
2026-06-30 14:42:00+00:00,744.3699951171875,744.469970703125,744.1749877929688,744.2249755859375,110767
2026-06-30 14:43:00+00:00,744.2449951171875,744.4600219726562,744.1599731445312,744.4600219726562,34394
2026-06-30 14:44:00+00:00,744.47998046875,744.8300170898438,744.47998046875,744.780029296875,60349
2026-06-30 14:45:00+00:00,744.7999877929688,744.8099975585938,744.5999755859375,744.6300048828125,71679
2026-06-30 14:46:00+00:00,744.6389770507812,744.6500244140625,744.0499877929688,744.0800170898438,69863
2026-06-30 14:47:00+00:00,744.090087890625,744.2999267578125,743.9869995117188,744.010009765625,79161
2026-06-30 14:48:00+00:00,743.989990234375,744.1199951171875,743.6511840820312,743.8300170898438,50132
2026-06-30 14:49:00+00:00,743.8400268554688,744.0,743.760009765625,743.8699951171875,46810
2026-06-30 14:50:00+00:00,743.8900146484375,744.27001953125,743.8200073242188,743.989990234375,77330
2026-06-30 14:51:00+00:00,743.9299926757812,744.22998046875,743.8699951171875,744.06201171875,43701
2026-06-30 14:52:00+00:00,744.0700073242188,744.0900268554688,743.75,743.8400268554688,65939
2026-06-30 14:53:00+00:00,743.8099975585938,743.9199829101562,743.6300048828125,743.7100219726562,77986
2026-06-30 14:54:00+00:00,743.7100219726562,743.77001953125,743.3200073242188,743.3798828125,76439
2026-06-30 14:55:00+00:00,743.3800048828125,743.5900268554688,743.2000122070312,743.5399780273438,53671
2026-06-30 14:56:00+00:00,743.5399780273438,743.719970703125,743.219970703125,743.399169921875,54452
2026-06-30 14:57:00+00:00,743.3900146484375,743.5053100585938,743.0800170898438,743.1912231445312,63017
2026-06-30 14:58:00+00:00,743.1599731445312,743.280029296875,742.9299926757812,743.2000122070312,54285
2026-06-30 14:59:00+00:00,743.1950073242188,743.4749755859375,743.1900024414062,743.3198852539062,37881
2026-06-30 15:00:00+00:00,743.3200073242188,743.6699829101562,743.239990234375,743.655029296875,92462
2026-06-30 15:01:00+00:00,743.6500244140625,744.0700073242188,743.5900268554688,744.0399780273438,58991
2026-06-30 15:02:00+00:00,744.0401000976562,744.3200073242188,743.9199829101562,744.3099975585938,47653
2026-06-30 15:03:00+00:00,744.2999877929688,744.3049926757812,744.0800170898438,744.2200927734375,43453
2026-06-30 15:04:00+00:00,744.2100219726562,744.25,744.010009765625,744.1699829101562,27197
2026-06-30 15:05:00+00:00,744.1699829101562,744.2050170898438,743.989990234375,744.1199951171875,80837
2026-06-30 15:06:00+00:00,744.1300048828125,744.22998046875,743.9000244140625,744.010009765625,56702
2026-06-30 15:07:00+00:00,744.0,744.1099853515625,743.7999877929688,744.1099243164062,31602
2026-06-30 15:08:00+00:00,744.1199951171875,744.510009765625,744.1199951171875,744.4299926757812,59231
2026-06-30 15:09:00+00:00,744.4299926757812,744.469970703125,744.2550048828125,744.4249877929688,56037
2026-06-30 15:10:00+00:00,744.4400024414062,744.6099853515625,744.3599853515625,744.510009765625,54235
2026-06-30 15:11:00+00:00,744.510009765625,744.5700073242188,744.3300170898438,744.3599853515625,74446
2026-06-30 15:12:00+00:00,744.3699951171875,744.6900024414062,744.3499755859375,744.6400146484375,67807
2026-06-30 15:13:00+00:00,744.6199951171875,744.9199829101562,744.6199951171875,744.9000244140625,215919
2026-06-30 15:14:00+00:00,744.9000244140625,744.9199829101562,744.69091796875,744.8300170898438,54429
2026-06-30 15:15:00+00:00,744.8200073242188,744.8800048828125,744.489990234375,744.5599975585938,57305
2026-06-30 15:16:00+00:00,744.5499877929688,744.6599731445312,744.4500122070312,744.6400146484375,51853
2026-06-30 15:17:00+00:00,744.6300048828125,744.6400146484375,744.4099731445312,744.4299926757812,47634
2026-06-30 15:18:00+00:00,744.4299926757812,744.5599975585938,744.4000244140625,744.5,32953
2026-06-30 15:19:00+00:00,744.510009765625,744.5700073242188,744.3599853515625,744.5499877929688,36104
2026-06-30 15:20:00+00:00,744.5499877929688,744.989990234375,744.530029296875,744.9500122070312,41869
2026-06-30 15:21:00+00:00,744.969970703125,745.0050048828125,744.7849731445312,744.8400268554688,87710
2026-06-30 15:22:00+00:00,744.8300170898438,745.030029296875,744.8200073242188,745.030029296875,46333
2026-06-30 15:23:00+00:00,745.02001953125,745.218994140625,745.0,745.0908813476562,31764
2026-06-30 15:24:00+00:00,745.0999755859375,745.2000122070312,745.0,745.1400146484375,138919
2026-06-30 15:25:00+00:00,745.1500244140625,745.25,745.0499877929688,745.25,39837
2026-06-30 15:26:00+00:00,745.22998046875,745.3049926757812,744.97998046875,745.3049926757812,52250
2026-06-30 15:27:00+00:00,745.2899780273438,745.3499755859375,745.2100219726562,745.260009765625,46374
2026-06-30 15:28:00+00:00,745.25,745.3250122070312,745.0999755859375,745.239990234375,130817
2026-06-30 15:29:00+00:00,745.239990234375,745.3599853515625,745.1799926757812,745.260009765625,47908
2026-06-30 15:30:00+00:00,745.2750244140625,745.3300170898438,745.0499877929688,745.1400146484375,196305
2026-06-30 15:31:00+00:00,745.1300048828125,745.2720947265625,745.1099853515625,745.1500244140625,32552
2026-06-30 15:32:00+00:00,745.155029296875,745.3099975585938,745.1500244140625,745.3099975585938,32294
2026-06-30 15:33:00+00:00,745.2899780273438,745.3499755859375,745.1300048828125,745.1400146484375,58486
2026-06-30 15:34:00+00:00,745.1500244140625,745.47998046875,745.1300048828125,745.4500122070312,137794
2026-06-30 15:35:00+00:00,745.4299926757812,745.47998046875,745.1260986328125,745.1749267578125,50326
2026-06-30 15:36:00+00:00,745.1749877929688,745.1799926757812,745.0050048828125,745.1199951171875,74576
2026-06-30 15:37:00+00:00,745.1199951171875,745.1300048828125,744.969970703125,744.989990234375,42087
2026-06-30 15:38:00+00:00,744.989990234375,745.0399780273438,744.8499755859375,744.9199829101562,55677
2026-06-30 15:39:00+00:00,744.9199829101562,744.989990234375,744.8900146484375,744.9400024414062,39793
2026-06-30 15:40:00+00:00,744.9500122070312,745.1699829101562,744.8499755859375,744.8699951171875,42688
2026-06-30 15:41:00+00:00,744.8703002929688,745.25,744.7940063476562,745.1900024414062,43270
2026-06-30 15:42:00+00:00,745.1849975585938,745.2000122070312,744.9349975585938,745.114990234375,50706
2026-06-30 15:43:00+00:00,745.1199951171875,745.1500244140625,744.9400024414062,745.0599975585938,32716
2026-06-30 15:44:00+00:00,745.0399780273438,745.1199951171875,744.989990234375,745.030029296875,25289
2026-06-30 15:45:00+00:00,745.030029296875,745.3900146484375,745.030029296875,745.3900146484375,38050
2026-06-30 15:46:00+00:00,745.3900146484375,745.5800170898438,745.3699951171875,745.5499877929688,73188
2026-06-30 15:47:00+00:00,745.5449829101562,745.6900024414062,745.510009765625,745.5250244140625,48967
2026-06-30 15:48:00+00:00,745.5200805664062,745.5800170898438,745.3599853515625,745.4099731445312,44665
2026-06-30 15:49:00+00:00,745.4149780273438,745.4749755859375,745.3499755859375,745.4149780273438,39950
2026-06-30 15:50:00+00:00,745.4299926757812,745.5800170898438,745.3699951171875,745.469970703125,52927
2026-06-30 15:51:00+00:00,745.4600219726562,745.469970703125,745.280029296875,745.35498046875,65572
2026-06-30 15:52:00+00:00,745.3599853515625,745.52001953125,745.2849731445312,745.469970703125,35794
2026-06-30 15:53:00+00:00,745.489990234375,745.6799926757812,745.469970703125,745.6699829101562,26380
2026-06-30 15:54:00+00:00,745.6599731445312,745.7349853515625,745.6199951171875,745.6799926757812,41299
2026-06-30 15:55:00+00:00,745.6699829101562,745.9000244140625,745.6300048828125,745.8800048828125,96150
2026-06-30 15:56:00+00:00,745.8800048828125,745.97998046875,745.8499755859375,745.969970703125,58583
2026-06-30 15:57:00+00:00,745.9600219726562,746.0,745.8900146484375,745.951904296875,68865
2026-06-30 15:58:00+00:00,745.9500122070312,745.97998046875,745.7899780273438,745.7899780273438,66080
2026-06-30 15:59:00+00:00,745.798583984375,745.8400268554688,745.7000122070312,745.7899780273438,63591
2026-06-30 16:00:00+00:00,745.7999877929688,746.0399780273438,745.760009765625,745.969970703125,158529
2026-06-30 16:01:00+00:00,745.969970703125,746.1500244140625,745.9600219726562,746.0900268554688,43605
2026-06-30 16:02:00+00:00,746.0900268554688,746.0999755859375,745.9600219726562,746.0900268554688,51036
2026-06-30 16:03:00+00:00,746.0900268554688,746.1400146484375,746.02001953125,746.0399780273438,59419
2026-06-30 16:04:00+00:00,746.030029296875,746.0599975585938,745.9199829101562,746.0,78844
2026-06-30 16:05:00+00:00,746.0025024414062,746.1699829101562,745.97998046875,746.14501953125,52847
2026-06-30 16:06:00+00:00,746.14501953125,746.4000244140625,746.1400146484375,746.4000244140625,84439
2026-06-30 16:07:00+00:00,746.405029296875,746.405029296875,746.2249755859375,746.280029296875,45822
2026-06-30 16:08:00+00:00,746.280029296875,746.2999877929688,746.1099853515625,746.135009765625,46526
2026-06-30 16:09:00+00:00,746.1199951171875,746.1199951171875,746.010009765625,746.0850219726562,103616
2026-06-30 16:10:00+00:00,746.0800170898438,746.2100219726562,746.0750122070312,746.2100219726562,36845
2026-06-30 16:11:00+00:00,746.2100219726562,746.2249755859375,746.0999755859375,746.1599731445312,65540
2026-06-30 16:12:00+00:00,746.1599731445312,746.3200073242188,746.1300048828125,746.1400146484375,42501
2026-06-30 16:13:00+00:00,746.1400146484375,746.169921875,746.0499877929688,746.0999755859375,45363
2026-06-30 16:14:00+00:00,746.094970703125,746.3200073242188,746.0501098632812,746.280029296875,36003
2026-06-30 16:15:00+00:00,746.27001953125,746.3200073242188,746.1799926757812,746.3200073242188,107635
2026-06-30 16:16:00+00:00,746.3201293945312,746.6199951171875,746.3200073242188,746.5401000976562,100908
2026-06-30 16:17:00+00:00,746.5399780273438,746.5449829101562,746.4400024414062,746.4799194335938,91573
2026-06-30 16:18:00+00:00,746.469970703125,746.469970703125,746.3599853515625,746.4149780273438,43945
2026-06-30 16:19:00+00:00,746.4099731445312,746.4249877929688,746.3099975585938,746.3900146484375,36662
2026-06-30 16:20:00+00:00,746.3900146484375,746.4299926757812,746.3300170898438,746.3300170898438,58716
2026-06-30 16:21:00+00:00,746.3300170898438,746.364990234375,746.260009765625,746.280029296875,35050
2026-06-30 16:22:00+00:00,746.280029296875,746.5,746.280029296875,746.5,38166
2026-06-30 16:23:00+00:00,746.5,746.530029296875,746.3499755859375,746.369873046875,50450
2026-06-30 16:24:00+00:00,746.3699951171875,746.469970703125,746.3400268554688,746.4199829101562,57045
2026-06-30 16:25:00+00:00,746.4199829101562,746.4199829101562,746.280029296875,746.3300170898438,30310
2026-06-30 16:26:00+00:00,746.3300170898438,746.4299926757812,746.3300170898438,746.4000244140625,86899
2026-06-30 16:27:00+00:00,746.3900146484375,746.4400024414062,746.3099975585938,746.3599853515625,50052
2026-06-30 16:28:00+00:00,746.3599853515625,746.3607788085938,746.2899780273438,746.3099975585938,168050
2026-06-30 16:29:00+00:00,746.3099975585938,746.3800048828125,746.260009765625,746.2899780273438,31165
2026-06-30 16:30:00+00:00,746.2899780273438,746.3400268554688,746.1599731445312,746.3200073242188,76252
2026-06-30 16:31:00+00:00,746.3200073242188,746.4199829101562,746.25,746.260009765625,62001
2026-06-30 16:32:00+00:00,746.280029296875,746.2899780273438,746.1400146484375,746.1799926757812,62853
2026-06-30 16:33:00+00:00,746.1599731445312,746.2899780273438,746.1400146484375,746.25,38501
2026-06-30 16:34:00+00:00,746.239990234375,746.260009765625,746.1199951171875,746.219970703125,58903
2026-06-30 16:35:00+00:00,746.219970703125,746.280029296875,746.1199951171875,746.14501953125,38038
2026-06-30 16:36:00+00:00,746.1500244140625,746.2899780273438,746.1400146484375,746.280029296875,43956
2026-06-30 16:37:00+00:00,746.27001953125,746.280029296875,746.1799926757812,746.2349853515625,40704
2026-06-30 16:38:00+00:00,746.22998046875,746.3200073242188,746.2100219726562,746.2999877929688,29095
2026-06-30 16:39:00+00:00,746.2899780273438,746.4199829101562,746.260009765625,746.4199829101562,33613
2026-06-30 16:40:00+00:00,746.4000244140625,746.4749755859375,746.3300170898438,746.3300170898438,70532
2026-06-30 16:41:00+00:00,746.3300170898438,746.469970703125,746.3300170898438,746.4199829101562,60933
2026-06-30 16:42:00+00:00,746.4199829101562,746.6099853515625,746.4199829101562,746.5700073242188,70383
2026-06-30 16:43:00+00:00,746.5700073242188,746.5900268554688,746.4650268554688,746.469970703125,44439
2026-06-30 16:44:00+00:00,746.469970703125,746.5599975585938,746.4450073242188,746.5307006835938,47695
2026-06-30 16:45:00+00:00,746.5399780273438,746.5900268554688,746.47998046875,746.5399780273438,53111
2026-06-30 16:46:00+00:00,746.5499877929688,746.6199951171875,746.510009765625,746.5700073242188,62293
2026-06-30 16:47:00+00:00,746.5800170898438,746.6099243164062,746.530029296875,746.5449829101562,44932
2026-06-30 16:48:00+00:00,746.5399780273438,746.780029296875,746.510009765625,746.7337036132812,60411
2026-06-30 16:49:00+00:00,746.739990234375,746.7899780273438,746.7100219726562,746.7899780273438,62137
2026-06-30 16:50:00+00:00,746.7899780273438,746.9097900390625,746.6300048828125,746.8699951171875,59603
2026-06-30 16:51:00+00:00,746.8599853515625,746.8599853515625,746.7150268554688,746.8049926757812,93911
2026-06-30 16:52:00+00:00,746.7949829101562,746.9000244140625,746.7725219726562,746.8599853515625,43118
2026-06-30 16:53:00+00:00,746.85009765625,746.969970703125,746.7899780273438,746.969970703125,129944
2026-06-30 16:54:00+00:00,746.9600219726562,747.0399780273438,746.9199829101562,746.9400024414062,80125
2026-06-30 16:55:00+00:00,746.9500122070312,747.0,746.8499755859375,746.875,56635
2026-06-30 16:56:00+00:00,746.8800048828125,746.9199829101562,746.8200073242188,746.8900146484375,44233
2026-06-30 16:57:00+00:00,746.8900146484375,746.8900146484375,746.8099975585938,746.8099975585938,33526
2026-06-30 16:58:00+00:00,746.7999877929688,746.8400268554688,746.6599731445312,746.6973876953125,47263
2026-06-30 16:59:00+00:00,746.6950073242188,746.780029296875,746.655029296875,746.77001953125,49513
2026-06-30 17:00:00+00:00,746.780029296875,746.9199829101562,746.77001953125,746.8699951171875,43080
2026-06-30 17:01:00+00:00,746.8699951171875,746.8900146484375,746.77001953125,746.8300170898438,47001
2026-06-30 17:02:00+00:00,746.8200073242188,746.9199829101562,746.8200073242188,746.8900146484375,38599
2026-06-30 17:03:00+00:00,746.9000244140625,747.0800170898438,746.8800048828125,747.0700073242188,48071
2026-06-30 17:04:00+00:00,747.076171875,747.1400146484375,746.97998046875,746.97998046875,45547
2026-06-30 17:05:00+00:00,746.97998046875,746.989990234375,746.8400268554688,746.95751953125,43073
2026-06-30 17:06:00+00:00,746.9500122070312,746.989990234375,746.9000244140625,746.9299926757812,27680
2026-06-30 17:07:00+00:00,746.9500122070312,747.0800170898438,746.9299926757812,747.030029296875,49509
2026-06-30 17:08:00+00:00,747.0399780273438,747.0499877929688,746.9299926757812,747.030029296875,39424
2026-06-30 17:09:00+00:00,747.030029296875,747.030029296875,746.8699951171875,746.8699951171875,32785
2026-06-30 17:10:00+00:00,746.8900146484375,746.9199829101562,746.77001953125,746.8699951171875,32493
2026-06-30 17:11:00+00:00,746.8800048828125,746.9199829101562,746.8300170898438,746.875,23737
2026-06-30 17:12:00+00:00,746.8699951171875,746.8800048828125,746.780029296875,746.844970703125,28581
2026-06-30 17:13:00+00:00,746.842529296875,746.8599853515625,746.6699829101562,746.6799926757812,40574
2026-06-30 17:14:00+00:00,746.6799926757812,746.7100219726562,746.5750122070312,746.594970703125,51212
2026-06-30 17:15:00+00:00,746.594970703125,746.6400146484375,746.5399780273438,746.5499877929688,46846
2026-06-30 17:16:00+00:00,746.5499877929688,746.72998046875,746.52001953125,746.7224731445312,40834
2026-06-30 17:17:00+00:00,746.7249755859375,746.7424926757812,746.5900268554688,746.594970703125,168740
2026-06-30 17:18:00+00:00,746.5999755859375,746.6799926757812,746.530029296875,746.5900268554688,157813
2026-06-30 17:19:00+00:00,746.5900268554688,746.6599731445312,746.5700073242188,746.6400146484375,28243
2026-06-30 17:20:00+00:00,746.6500244140625,746.8300170898438,746.6500244140625,746.8099975585938,36022
2026-06-30 17:21:00+00:00,746.8099975585938,746.8900146484375,746.7000122070312,746.7000122070312,39016
2026-06-30 17:22:00+00:00,746.6900024414062,746.77001953125,746.6099853515625,746.659912109375,44271
2026-06-30 17:23:00+00:00,746.6500244140625,746.6699829101562,746.5999755859375,746.6699829101562,45335
2026-06-30 17:24:00+00:00,746.6900024414062,746.7000122070312,746.6099853515625,746.6950073242188,39014
2026-06-30 17:25:00+00:00,746.7000122070312,746.75,746.6599731445312,746.6599731445312,35708
2026-06-30 17:26:00+00:00,746.6799926757812,746.7000122070312,746.5499877929688,746.5599975585938,32430
2026-06-30 17:27:00+00:00,746.5599975585938,746.5800170898438,746.4600219726562,746.4699096679688,55755
2026-06-30 17:28:00+00:00,746.469970703125,746.572021484375,746.3699951171875,746.52001953125,62353
2026-06-30 17:29:00+00:00,746.5,746.5599975585938,746.4600219726562,746.489990234375,36582
2026-06-30 17:30:00+00:00,746.510009765625,746.5399780273438,746.3800048828125,746.4600219726562,42410
2026-06-30 17:31:00+00:00,746.4650268554688,746.52001953125,746.3400268554688,746.375,37149
2026-06-30 17:32:00+00:00,746.3699951171875,746.4400024414062,746.3200073242188,746.3599853515625,48538
2026-06-30 17:33:00+00:00,746.3699951171875,746.6599731445312,746.3599853515625,746.6599731445312,50935
2026-06-30 17:34:00+00:00,746.6699829101562,746.6699829101562,746.5700073242188,746.5700073242188,27801
2026-06-30 17:35:00+00:00,746.5700073242188,746.6199951171875,746.5499877929688,746.5700073242188,36466
2026-06-30 17:36:00+00:00,746.5650024414062,746.5650024414062,746.3699951171875,746.4000244140625,42565
2026-06-30 17:37:00+00:00,746.3825073242188,746.386474609375,746.3300170898438,746.3300170898438,63028
2026-06-30 17:38:00+00:00,746.3300170898438,746.3800048828125,746.1799926757812,746.280029296875,242120
2026-06-30 17:39:00+00:00,746.2849731445312,746.3499755859375,746.1500244140625,746.2000122070312,46607
2026-06-30 17:40:00+00:00,746.2000122070312,746.3800048828125,746.1799926757812,746.260009765625,48346
2026-06-30 17:41:00+00:00,746.25,746.3599853515625,746.22998046875,746.3563232421875,28097
2026-06-30 17:42:00+00:00,746.3499755859375,746.614990234375,746.3499755859375,746.5700073242188,126426
2026-06-30 17:43:00+00:00,746.5399780273438,746.5599975585938,746.4299926757812,746.5001220703125,71528
2026-06-30 17:44:00+00:00,746.5050048828125,746.6300048828125,746.4500122070312,746.6099853515625,39437
2026-06-30 17:45:00+00:00,746.60498046875,746.6599731445312,746.4400024414062,746.4400024414062,42236
2026-06-30 17:46:00+00:00,746.469970703125,746.5399169921875,746.4249877929688,746.4965209960938,105506
2026-06-30 17:47:00+00:00,746.489990234375,746.489990234375,746.3200073242188,746.3300170898438,50684
2026-06-30 17:48:00+00:00,746.3200073242188,746.4400024414062,746.3200073242188,746.4400024414062,38417
2026-06-30 17:49:00+00:00,746.4450073242188,746.4500122070312,746.3300170898438,746.3699951171875,38341
2026-06-30 17:50:00+00:00,746.3800048828125,746.4000244140625,746.2999877929688,746.3499755859375,38493
2026-06-30 17:51:00+00:00,746.3400268554688,746.5599975585938,746.3200073242188,746.469970703125,50381
2026-06-30 17:52:00+00:00,746.4500122070312,746.5,746.3599853515625,746.469970703125,32710
2026-06-30 17:53:00+00:00,746.4600219726562,746.5999755859375,746.4299926757812,746.5399780273438,33521
2026-06-30 17:54:00+00:00,746.531494140625,746.531494140625,746.4099731445312,746.469970703125,33252
2026-06-30 17:55:00+00:00,746.4600219726562,746.5,746.4000244140625,746.4500122070312,32886
2026-06-30 17:56:00+00:00,746.4500122070312,746.52001953125,746.4299926757812,746.4749755859375,30987
2026-06-30 17:57:00+00:00,746.469970703125,746.5399780273438,746.4400024414062,746.510009765625,49796
2026-06-30 17:58:00+00:00,746.5,746.530029296875,746.4199829101562,746.4600219726562,37498
2026-06-30 17:59:00+00:00,746.4550170898438,746.510009765625,746.4500122070312,746.489990234375,20518
2026-06-30 18:00:00+00:00,746.489990234375,746.5700073242188,746.4000244140625,746.4600219726562,50497
2026-06-30 18:01:00+00:00,746.4600219726562,746.5499877929688,746.3800048828125,746.530029296875,38684
2026-06-30 18:02:00+00:00,746.530029296875,746.77001953125,746.530029296875,746.75,48060
2026-06-30 18:03:00+00:00,746.739990234375,746.8099975585938,746.7000122070312,746.719970703125,67848
2026-06-30 18:04:00+00:00,746.719970703125,746.8599853515625,746.5900268554688,746.6599731445312,78323
2026-06-30 18:05:00+00:00,746.6649780273438,746.727783203125,746.52001953125,746.5399780273438,49563
2026-06-30 18:06:00+00:00,746.5499877929688,746.594970703125,746.3200073242188,746.3800048828125,64997
2026-06-30 18:07:00+00:00,746.3900146484375,746.739990234375,746.3800048828125,746.7125244140625,54017
2026-06-30 18:08:00+00:00,746.7125244140625,746.7680053710938,746.6199951171875,746.74951171875,45536
2026-06-30 18:09:00+00:00,746.739990234375,746.77001953125,746.6199951171875,746.6599731445312,70466
2026-06-30 18:10:00+00:00,746.6599731445312,746.780029296875,746.6400146484375,746.739990234375,70834
2026-06-30 18:11:00+00:00,746.75,746.75,746.6500244140625,746.719970703125,42414
2026-06-30 18:12:00+00:00,746.7224731445312,746.7249755859375,746.5999755859375,746.635009765625,34011
2026-06-30 18:13:00+00:00,746.6400146484375,746.7999877929688,746.5850219726562,746.7899780273438,45621
2026-06-30 18:14:00+00:00,746.780029296875,746.8250122070312,746.72998046875,746.77001953125,32642
2026-06-30 18:15:00+00:00,746.77001953125,746.8499755859375,746.739990234375,746.760009765625,52217
2026-06-30 18:16:00+00:00,746.77001953125,746.8599853515625,746.760009765625,746.7899780273438,26263
2026-06-30 18:17:00+00:00,746.780029296875,746.7999877929688,746.6799926757812,746.7650146484375,58754
2026-06-30 18:18:00+00:00,746.760009765625,746.8499755859375,746.7000122070312,746.8499755859375,37194
2026-06-30 18:19:00+00:00,746.8599853515625,746.9650268554688,746.8099975585938,746.9500122070312,62561
2026-06-30 18:20:00+00:00,746.9400024414062,747.0399780273438,746.9299926757812,746.9349975585938,72750
2026-06-30 18:21:00+00:00,746.9349975585938,747.0800170898438,746.9000244140625,747.0800170898438,56381
2026-06-30 18:22:00+00:00,747.0750122070312,747.0750122070312,746.9500122070312,746.9500122070312,62290
2026-06-30 18:23:00+00:00,746.9500122070312,747.02001953125,746.9400024414062,746.9849853515625,41947
2026-06-30 18:24:00+00:00,746.989990234375,746.989990234375,746.8499755859375,746.8699951171875,130695
2026-06-30 18:25:00+00:00,746.8599853515625,746.9199829101562,746.8300170898438,746.8800048828125,38077
2026-06-30 18:26:00+00:00,746.8900146484375,746.9099731445312,746.760009765625,746.8049926757812,54231
2026-06-30 18:27:00+00:00,746.7999877929688,746.7999877929688,746.7000122070312,746.72998046875,41474
2026-06-30 18:28:00+00:00,746.719970703125,746.8400268554688,746.7100219726562,746.77001953125,40829
2026-06-30 18:29:00+00:00,746.780029296875,746.8099975585938,746.72998046875,746.7999877929688,33154
2026-06-30 18:30:00+00:00,746.77001953125,746.8200073242188,746.5999755859375,746.655029296875,80304
2026-06-30 18:31:00+00:00,746.6500244140625,746.7100219726562,746.614990234375,746.64501953125,50805
2026-06-30 18:32:00+00:00,746.6500244140625,746.7999877929688,746.6500244140625,746.6500244140625,73524
2026-06-30 18:33:00+00:00,746.6400146484375,746.6699829101562,746.5599975585938,746.6599731445312,38647
2026-06-30 18:34:00+00:00,746.6599731445312,746.739990234375,746.6099853515625,746.6900024414062,56288
2026-06-30 18:35:00+00:00,746.7000122070312,746.8099975585938,746.6799926757812,746.780029296875,53735
2026-06-30 18:36:00+00:00,746.7899780273438,746.8499755859375,746.72998046875,746.739990234375,52134
2026-06-30 18:37:00+00:00,746.739990234375,746.7999877929688,746.6599731445312,746.7999877929688,35718
2026-06-30 18:38:00+00:00,746.7899780273438,746.7899780273438,746.7100219726562,746.739990234375,36085
2026-06-30 18:39:00+00:00,746.72998046875,746.760009765625,746.6900024414062,746.72998046875,62674
2026-06-30 18:40:00+00:00,746.7249755859375,746.9199829101562,746.719970703125,746.9099731445312,47528
2026-06-30 18:41:00+00:00,746.8900146484375,746.9500122070312,746.8800048828125,746.9500122070312,87806
2026-06-30 18:42:00+00:00,746.9500122070312,746.9500122070312,746.8300170898438,746.9400024414062,40845
2026-06-30 18:43:00+00:00,746.9500122070312,747.0499877929688,746.9199829101562,747.0449829101562,65454
2026-06-30 18:44:00+00:00,747.0399780273438,747.0599975585938,746.9500122070312,746.97998046875,57429
2026-06-30 18:45:00+00:00,746.969970703125,747.02001953125,746.8848876953125,746.9199829101562,50753
2026-06-30 18:46:00+00:00,746.9299926757812,746.9400024414062,746.8599853515625,746.8699951171875,46997
2026-06-30 18:47:00+00:00,746.8699951171875,747.02001953125,746.8599853515625,746.989990234375,35946
2026-06-30 18:48:00+00:00,747.0,747.260009765625,747.0,747.25,76714
2026-06-30 18:49:00+00:00,747.25,747.3499755859375,747.1699829101562,747.3300170898438,197214
2026-06-30 18:50:00+00:00,747.3200073242188,747.4299926757812,747.27001953125,747.4299926757812,109880
2026-06-30 18:51:00+00:00,747.4299926757812,747.4400024414062,747.239990234375,747.2899780273438,63856
2026-06-30 18:52:00+00:00,747.2899780273438,747.3200073242188,747.219970703125,747.25,69683
2026-06-30 18:53:00+00:00,747.25,747.3200073242188,747.239990234375,747.3200073242188,49407
2026-06-30 18:54:00+00:00,747.3099975585938,747.3099975585938,747.0,747.1300048828125,65938
2026-06-30 18:55:00+00:00,747.125,747.22998046875,747.0900268554688,747.1900024414062,62800
2026-06-30 18:56:00+00:00,747.1900024414062,747.3300170898438,747.1699829101562,747.2899780273438,66568
2026-06-30 18:57:00+00:00,747.280029296875,747.3300170898438,747.2000122070312,747.22998046875,60791
2026-06-30 18:58:00+00:00,747.2449951171875,747.280029296875,747.1599731445312,747.2150268554688,73774
2026-06-30 18:59:00+00:00,747.2150268554688,747.239990234375,747.0900268554688,747.1300048828125,99465
2026-06-30 19:00:00+00:00,747.1300048828125,747.219970703125,747.1099853515625,747.1699829101562,100535
2026-06-30 19:01:00+00:00,747.1599731445312,747.3699951171875,747.1599731445312,747.3300170898438,48525
2026-06-30 19:02:00+00:00,747.3200073242188,747.4000244140625,747.2899780273438,747.3200073242188,66046
2026-06-30 19:03:00+00:00,747.3200073242188,747.3499145507812,747.219970703125,747.25,59734
2026-06-30 19:04:00+00:00,747.25,747.2899780273438,747.2000122070312,747.25,61969
2026-06-30 19:05:00+00:00,747.22998046875,747.27001953125,747.1900024414062,747.1900024414062,77554
2026-06-30 19:06:00+00:00,747.1950073242188,747.25,747.1300048828125,747.1799926757812,50563
2026-06-30 19:07:00+00:00,747.1900024414062,747.25,747.1400146484375,747.25,69855
2026-06-30 19:08:00+00:00,747.25,747.5599975585938,747.22998046875,747.530029296875,101092
2026-06-30 19:09:00+00:00,747.5499877929688,747.5999755859375,747.469970703125,747.5,76013
2026-06-30 19:10:00+00:00,747.5020141601562,747.510009765625,747.3200073242188,747.469970703125,107073
2026-06-30 19:11:00+00:00,747.469970703125,747.719970703125,747.4400024414062,747.594970703125,110773
2026-06-30 19:12:00+00:00,747.5900268554688,747.6799926757812,747.5700073242188,747.5900268554688,77072
2026-06-30 19:13:00+00:00,747.6099853515625,747.75,747.6099853515625,747.72998046875,90585
2026-06-30 19:14:00+00:00,747.7000122070312,747.780029296875,747.6500244140625,747.719970703125,84701
2026-06-30 19:15:00+00:00,747.719970703125,747.75,747.6099853515625,747.6834716796875,73311
2026-06-30 19:16:00+00:00,747.6699829101562,747.760009765625,747.6500244140625,747.7449951171875,102076
2026-06-30 19:17:00+00:00,747.739990234375,747.9299926757812,747.739990234375,747.8699951171875,170846
2026-06-30 19:18:00+00:00,747.8599853515625,748.02001953125,747.7899780273438,747.8099975585938,155786
2026-06-30 19:19:00+00:00,747.7999877929688,747.85498046875,747.5999755859375,747.6199951171875,158795
2026-06-30 19:20:00+00:00,747.6400146484375,747.72998046875,747.6300048828125,747.72998046875,347475
2026-06-30 19:21:00+00:00,747.7000122070312,747.7999877929688,747.530029296875,747.5399780273438,173260
2026-06-30 19:22:00+00:00,747.530029296875,747.739990234375,747.469970703125,747.7000122070312,223857
2026-06-30 19:23:00+00:00,747.719970703125,747.7899780273438,747.7100219726562,747.75,207727
2026-06-30 19:24:00+00:00,747.75,747.77001953125,747.5900268554688,747.6300048828125,200454
2026-06-30 19:25:00+00:00,747.6199951171875,747.7000122070312,747.5599975585938,747.6400146484375,103052
2026-06-30 19:26:00+00:00,747.6400146484375,747.6599731445312,747.5,747.5800170898438,292875
2026-06-30 19:27:00+00:00,747.5800170898438,747.6599731445312,747.510009765625,747.6199951171875,212653
2026-06-30 19:28:00+00:00,747.6199951171875,747.6300048828125,747.4000244140625,747.4249877929688,216387
2026-06-30 19:29:00+00:00,747.4219970703125,747.469970703125,747.2999877929688,747.4199829101562,128023
2026-06-30 19:30:00+00:00,747.4299926757812,747.489990234375,747.2899780273438,747.291015625,126907
2026-06-30 19:31:00+00:00,747.3200073242188,747.3900146484375,747.2100219726562,747.2999877929688,158841
2026-06-30 19:32:00+00:00,747.2999877929688,747.4600219726562,747.2899780273438,747.3400268554688,184376
2026-06-30 19:33:00+00:00,747.3400268554688,747.3900146484375,747.3200073242188,747.3300170898438,112474
2026-06-30 19:34:00+00:00,747.3300170898438,747.3599853515625,747.1300048828125,747.1400146484375,101326
2026-06-30 19:35:00+00:00,747.14501953125,747.2000122070312,747.02001953125,747.02001953125,105318
2026-06-30 19:36:00+00:00,747.010009765625,747.010009765625,746.7999877929688,746.9199829101562,157341
2026-06-30 19:37:00+00:00,746.9000244140625,746.9299926757812,746.760009765625,746.7899780273438,106044
2026-06-30 19:38:00+00:00,746.7899780273438,746.969970703125,746.7550048828125,746.8099975585938,120276
2026-06-30 19:39:00+00:00,746.8300170898438,746.97998046875,746.72998046875,746.9299926757812,217947
2026-06-30 19:40:00+00:00,746.9199829101562,747.0700073242188,746.8300170898438,746.8499755859375,215401
2026-06-30 19:41:00+00:00,746.8499755859375,746.9600219726562,746.8300170898438,746.9000244140625,110282
2026-06-30 19:42:00+00:00,746.8900146484375,747.030029296875,746.8699951171875,746.9299926757812,136260
2026-06-30 19:43:00+00:00,746.9500122070312,746.97998046875,746.8099975585938,746.889892578125,167176
2026-06-30 19:44:00+00:00,746.8900146484375,747.1400146484375,746.8699951171875,747.1300048828125,103636
2026-06-30 19:45:00+00:00,747.1389770507812,747.3499755859375,746.8350219726562,746.8400268554688,235639
2026-06-30 19:46:00+00:00,746.8400268554688,747.030029296875,746.8150024414062,747.0,166193
2026-06-30 19:47:00+00:00,747.0,747.0,746.8400268554688,746.9099731445312,145194
2026-06-30 19:48:00+00:00,746.9099731445312,746.989990234375,746.8599853515625,746.9600219726562,143171
2026-06-30 19:49:00+00:00,746.9600219726562,747.0499877929688,746.8800048828125,746.9099731445312,195452
2026-06-30 19:50:00+00:00,746.9000244140625,746.9400024414062,746.6749877929688,746.719970703125,430337
2026-06-30 19:51:00+00:00,746.7100219726562,746.97998046875,746.6900024414062,746.9299926757812,327796
2026-06-30 19:52:00+00:00,746.9299926757812,747.0800170898438,746.8499755859375,746.9299926757812,248838
2026-06-30 19:53:00+00:00,746.9099731445312,747.3599853515625,746.8400268554688,747.3099975585938,209104
2026-06-30 19:54:00+00:00,747.2999877929688,747.489990234375,747.27001953125,747.4400024414062,394214
2026-06-30 19:55:00+00:00,747.4500122070312,747.8049926757812,747.3599853515625,747.4600219726562,769441
2026-06-30 19:56:00+00:00,747.4600219726562,747.6400146484375,747.4299926757812,747.6162719726562,947076
2026-06-30 19:57:00+00:00,747.614990234375,747.8499755859375,747.6099853515625,747.75,1125172
2026-06-30 19:58:00+00:00,747.75,747.8599853515625,747.1599731445312,747.2050170898438,2094005
2026-06-30 19:59:00+00:00,747.2100219726562,747.4299926757812,746.3699951171875,746.47998046875,3346309
2026-06-30 20:00:00+00:00,746.41,746.776,741.2641,746.5,2064321
2026-06-30 20:01:00+00:00,746.5,746.84,741.2641,746.75,0
2026-06-30 20:02:00+00:00,746.7,746.8,741.2641,746.65,0
2026-06-30 20:03:00+00:00,746.67,746.82,746.49,746.61,0
2026-06-30 20:04:00+00:00,746.65,746.8,741.2641,746.78,0
2026-06-30 20:05:00+00:00,746.77,746.93,746.41,746.52,0
2026-06-30 20:06:00+00:00,746.52,746.68,746.37,746.59,0
2026-06-30 20:07:00+00:00,746.61,746.92,746.6,746.725,0
2026-06-30 20:08:00+00:00,746.75,746.75,746.5,746.59,0
2026-06-30 20:09:00+00:00,746.54,746.66,746.52,746.6109,0
2026-06-30 20:10:00+00:00,746.53,747.1341,746.4192,746.43,0
2026-06-30 20:11:00+00:00,746.52,747.134,741.2641,746.77,0
2026-06-30 20:12:00+00:00,746.0009,746.27,741.2641,746.18,0
2026-06-30 20:13:00+00:00,746.13,746.18,746.03,746.12,0
2026-06-30 20:14:00+00:00,746.13,746.27,746.09,746.1405,0
2026-06-30 20:15:00+00:00,746.2,747.144,746.1217,746.2409,0
2026-06-30 20:16:00+00:00,746.2,746.2,745.9,745.91,0
2026-06-30 20:17:00+00:00,745.96,747.1341,745.96,746.1,0
2026-06-30 20:18:00+00:00,746.09,746.37,746.07,746.29,0
2026-06-30 20:19:00+00:00,746.24,746.26,746.0,746.0516,0
2026-06-30 20:20:00+00:00,746.01,746.042,745.95,745.97,0
2026-06-30 20:21:00+00:00,745.98,745.99,745.87,745.94,0
2026-06-30 20:22:00+00:00,745.95,745.95,745.8,745.95,0
2026-06-30 20:23:00+00:00,745.911,745.96,745.8952,745.94,0
2026-06-30 20:24:00+00:00,745.94,745.94,745.88,745.925,0
2026-06-30 20:25:00+00:00,745.925,745.94,745.88,745.9,0
2026-06-30 20:26:00+00:00,745.925,745.9258,745.89,745.92,0
2026-06-30 20:27:00+00:00,745.925,745.96,745.9,745.945,0
2026-06-30 20:28:00+00:00,745.945,745.95,745.8,745.9,0
2026-06-30 20:29:00+00:00,745.9,745.94,745.8997,745.9,0
2026-06-30 20:30:00+00:00,745.88,745.99,745.8,745.97,0
2026-06-30 20:31:00+00:00,745.93,745.93,745.79,745.8,0
2026-06-30 20:32:00+00:00,745.82,745.88,745.81,745.85,0
2026-06-30 20:33:00+00:00,745.85,745.95,745.83,745.925,0
2026-06-30 20:34:00+00:00,745.925,745.925,745.87,745.8701,0
2026-06-30 20:35:00+00:00,745.87,745.87,745.8186,745.85,0
2026-06-30 20:36:00+00:00,745.8448,745.85,745.79,745.8,0
2026-06-30 20:37:00+00:00,745.81,745.81,745.78,745.79,0
2026-06-30 20:38:00+00:00,745.8,745.95,745.8,745.89,0
2026-06-30 20:39:00+00:00,745.88,745.89,745.79,745.825,0
2026-06-30 20:40:00+00:00,745.82,745.83,745.776,745.808,0
2026-06-30 20:41:00+00:00,745.8,745.83,745.76,745.77,0
2026-06-30 20:42:00+00:00,745.77,745.78,741.2641,741.2641,0
2026-06-30 20:43:00+00:00,745.7497,745.7597,745.74,745.7597,0
2026-06-30 20:44:00+00:00,745.75,745.81,745.73,745.77,0
2026-06-30 20:45:00+00:00,745.74,745.795,745.72,745.78,0
2026-06-30 20:46:00+00:00,745.78,745.79,745.71,745.74,0
2026-06-30 20:47:00+00:00,745.75,745.76,745.66,745.6674,0
2026-06-30 20:48:00+00:00,745.6699,745.6699,745.56,745.613,0
2026-06-30 20:49:00+00:00,745.635,745.67,745.56,745.67,0
2026-06-30 20:50:00+00:00,745.64,745.73,745.5995,745.5995,0
2026-06-30 20:51:00+00:00,745.57,745.66,745.565,745.65,0
2026-06-30 20:52:00+00:00,745.6399,745.675,745.62,745.66,0
2026-06-30 20:53:00+00:00,745.665,745.82,745.665,745.7791,0
2026-06-30 20:54:00+00:00,745.7791,745.78,745.73,745.76,0
2026-06-30 20:55:00+00:00,696.5619,745.785,696.5619,745.785,0
2026-06-30 20:56:00+00:00,745.76,745.82,745.74,745.8,0
2026-06-30 20:57:00+00:00,745.8003,745.88,745.8003,745.84,0
2026-06-30 20:58:00+00:00,745.83,746.77,745.81,745.81,0
2026-06-30 20:59:00+00:00,745.87,745.9,745.85,745.88,0
2026-06-30 21:00:00+00:00,745.9,745.91,745.8515,745.9,0
2026-06-30 21:01:00+00:00,745.85,745.9085,745.85,745.9085,0
2026-06-30 21:02:00+00:00,745.9072,746.77,745.86,745.88,0
2026-06-30 21:03:00+00:00,745.86,746.77,745.85,746.77,0
2026-06-30 21:04:00+00:00,745.85,745.91,745.85,745.86,0
2026-06-30 21:05:00+00:00,745.86,745.92,745.86,745.92,0
2026-06-30 21:06:00+00:00,745.9,745.91,745.88,745.881,0
2026-06-30 21:07:00+00:00,745.9,745.9187,745.88,745.9,0
2026-06-30 21:08:00+00:00,745.9,745.93,745.88,745.9,0
2026-06-30 21:09:00+00:00,745.9,745.91,745.88,745.9,0
2026-06-30 21:10:00+00:00,745.9,745.9,745.86,745.86,0
2026-06-30 21:11:00+00:00,745.9,745.925,697.8151,745.925,0
2026-06-30 21:12:00+00:00,745.92,745.93,696.5619,745.9,0
2026-06-30 21:13:00+00:00,745.8853,745.9297,745.88,745.905,0
2026-06-30 21:14:00+00:00,745.905,745.915,745.88,745.905,0
2026-06-30 21:15:00+00:00,745.88,745.945,745.88,745.945,0
2026-06-30 21:16:00+00:00,745.9401,745.9482,745.8813,745.915,0
2026-06-30 21:17:00+00:00,745.94,745.94,745.89,745.92,0
2026-06-30 21:18:00+00:00,745.92,745.9522,745.91,745.9522,0
2026-06-30 21:19:00+00:00,745.9,746.0001,745.88,746.0001,0
2026-06-30 21:20:00+00:00,745.965,746.01,745.965,745.965,0
2026-06-30 21:21:00+00:00,746.01,746.15,745.97,746.05,0
2026-06-30 21:22:00+00:00,746.05,746.15,745.919,746.05,0
2026-06-30 21:23:00+00:00,746.05,746.18,746.02,746.15,0
2026-06-30 21:24:00+00:00,746.13,746.13,745.95,746.08,0
2026-06-30 21:25:00+00:00,746.0767,746.0767,745.95,746.015,0
2026-06-30 21:26:00+00:00,746.0631,746.0631,745.9512,745.9512,0
2026-06-30 21:27:00+00:00,746.0,746.0,745.95,745.975,0
2026-06-30 21:28:00+00:00,746.015,746.08,745.9625,746.08,0
2026-06-30 21:29:00+00:00,746.0782,746.08,746.01,746.03,0
2026-06-30 21:30:00+00:00,746.03,746.05,746.0103,746.049,0
2026-06-30 21:31:00+00:00,746.0492,746.14,746.02,746.03,0
2026-06-30 21:32:00+00:00,746.0,746.05,745.88,746.0,0
2026-06-30 21:33:00+00:00,746.0,746.05,745.96,745.97,0
2026-06-30 21:34:00+00:00,745.975,746.03,745.975,745.9861,0
2026-06-30 21:35:00+00:00,745.9895,745.9895,745.96,745.98,0
2026-06-30 21:36:00+00:00,745.98,745.98,745.96,745.98,0
2026-06-30 21:37:00+00:00,745.975,746.16,745.975,746.03,0
2026-06-30 21:38:00+00:00,746.04,746.08,745.98,746.079,0
2026-06-30 21:39:00+00:00,746.03,746.08,745.98,746.0,0
2026-06-30 21:40:00+00:00,746.0683,746.08,745.99,746.045,0
2026-06-30 21:41:00+00:00,746.0782,746.08,745.95,745.95,0
2026-06-30 21:42:00+00:00,745.975,746.0,745.88,745.915,0
2026-06-30 21:43:00+00:00,745.95,745.95,745.85,745.875,0
2026-06-30 21:44:00+00:00,745.85,745.87,745.72,745.82,0
2026-06-30 21:45:00+00:00,745.87,745.95,745.8,745.84,0
2026-06-30 21:46:00+00:00,745.77,745.94,745.77,745.84,0
2026-06-30 21:47:00+00:00,745.845,745.8782,745.81,745.8139,0
2026-06-30 21:48:00+00:00,745.83,745.96,745.8139,745.8139,0
2026-06-30 21:49:00+00:00,745.8388,745.95,745.8388,745.895,0
2026-06-30 21:50:00+00:00,745.9,745.95,745.84,745.9,0
2026-06-30 21:51:00+00:00,745.8525,745.9387,745.77,745.77,0
2026-06-30 21:52:00+00:00,745.8,746.02,745.8,746.0152,0
2026-06-30 21:53:00+00:00,745.925,745.97,745.84,745.905,0
2026-06-30 21:54:00+00:00,745.84,745.97,745.84,745.86,0
2026-06-30 21:55:00+00:00,745.91,746.77,745.87,745.9077,0
2026-06-30 21:56:00+00:00,745.955,745.96,745.89,745.94,0
2026-06-30 21:57:00+00:00,745.94,745.99,745.94,745.99,0
2026-06-30 21:58:00+00:00,745.989,746.04,745.95,745.95,0
2026-06-30 21:59:00+00:00,745.883,746.0477,745.883,746.0,0
2026-06-30 22:00:00+00:00,746.0,746.27,745.8,746.245,0
2026-06-30 22:01:00+00:00,746.26,746.265,745.97,746.0371,0
2026-06-30 22:02:00+00:00,746.0,746.2,746.0,746.2,0
2026-06-30 22:03:00+00:00,746.2,746.24,746.095,746.095,0
2026-06-30 22:04:00+00:00,746.09,746.24,746.07,746.195,0
2026-06-30 22:05:00+00:00,746.25,746.32,746.24,746.26,0
2026-06-30 22:06:00+00:00,746.31,746.32,746.241,746.241,0
2026-06-30 22:07:00+00:00,746.26,746.32,746.24,746.3,0
2026-06-30 22:08:00+00:00,746.305,746.35,746.29,746.35,0
2026-06-30 22:09:00+00:00,746.35,746.36,746.285,746.34,0
2026-06-30 22:10:00+00:00,746.34,746.355,746.045,746.045,0
2026-06-30 22:11:00+00:00,746.13,746.22,746.13,746.19,0
2026-06-30 22:12:00+00:00,746.195,746.229,746.16,746.21,0
2026-06-30 22:13:00+00:00,746.23,746.2708,746.17,746.235,0
2026-06-30 22:14:00+00:00,746.29,746.29,746.24,746.2845,0
2026-06-30 22:15:00+00:00,746.29,746.3587,746.29,746.33,0
2026-06-30 22:16:00+00:00,746.34,746.41,746.32,746.4013,0
2026-06-30 22:17:00+00:00,746.4,746.55,746.4,746.55,0
2026-06-30 22:18:00+00:00,746.5509,746.65,746.55,746.58,0
2026-06-30 22:19:00+00:00,746.5878,746.639,746.53,746.6046,0
2026-06-30 22:20:00+00:00,746.5922,746.6701,746.55,746.66,0
2026-06-30 22:21:00+00:00,746.65,746.68,746.56,746.61,0
2026-06-30 22:22:00+00:00,746.6382,746.65,746.5812,746.65,0
2026-06-30 22:23:00+00:00,746.65,746.66,746.56,746.65,0
2026-06-30 22:24:00+00:00,746.6,746.64,746.581,746.62,0
2026-06-30 22:25:00+00:00,746.58,746.61,746.567,746.5913,0
2026-06-30 22:26:00+00:00,746.5721,746.61,746.56,746.6,0
2026-06-30 22:27:00+00:00,746.6035,746.6385,746.56,746.595,0
2026-06-30 22:28:00+00:00,746.59,746.62,746.56,746.601,0
2026-06-30 22:29:00+00:00,746.64,746.68,746.64,746.6609,0
2026-06-30 22:30:00+00:00,746.65,746.65,746.56,746.58,0
2026-06-30 22:31:00+00:00,746.55,746.59,746.53,746.53,0
2026-06-30 22:32:00+00:00,746.5592,746.5787,746.48,746.495,0
2026-06-30 22:33:00+00:00,746.5,746.52,746.45,746.45,0
2026-06-30 22:34:00+00:00,746.445,746.479,746.385,746.39,0
2026-06-30 22:35:00+00:00,746.4,746.42,746.34,746.39,0
2026-06-30 22:36:00+00:00,746.3682,746.42,746.31,746.36,0
2026-06-30 22:37:00+00:00,746.3833,746.39,746.33,746.34,0
2026-06-30 22:38:00+00:00,746.33,746.4,746.33,746.37,0
2026-06-30 22:39:00+00:00,746.36,746.4103,746.36,746.39,0
2026-06-30 22:40:00+00:00,746.3607,746.45,746.34,746.45,0
2026-06-30 22:41:00+00:00,746.44,746.4497,746.3907,746.42,0
2026-06-30 22:42:00+00:00,746.4185,746.46,746.39,746.39,0
2026-06-30 22:43:00+00:00,746.36,746.46,746.34,746.43,0
2026-06-30 22:44:00+00:00,746.42,746.4385,746.38,746.4,0
2026-06-30 22:45:00+00:00,746.4,746.4058,746.27,746.285,0
2026-06-30 22:46:00+00:00,746.3,746.33,746.26,746.3,0
2026-06-30 22:47:00+00:00,746.3,746.3,746.18,746.205,0
2026-06-30 22:48:00+00:00,746.2282,746.23,746.147,746.152,0
2026-06-30 22:49:00+00:00,746.14,746.16,746.14,746.15,0
2026-06-30 22:50:00+00:00,746.17,746.17,746.01,746.03,0
2026-06-30 22:51:00+00:00,746.05,746.06,745.961,745.9952,0
2026-06-30 22:52:00+00:00,746.0,746.015,745.96,745.96,0
2026-06-30 22:53:00+00:00,745.96,745.96,745.9,745.9,0
2026-06-30 22:54:00+00:00,745.9,745.99,745.89,745.94,0
2026-06-30 22:55:00+00:00,745.915,745.9592,745.915,745.95,0
2026-06-30 22:56:00+00:00,745.95,746.0287,745.94,746.0287,0
2026-06-30 22:57:00+00:00,746.05,746.05,746.0173,746.03,0
2026-06-30 22:58:00+00:00,746.01,746.0105,745.93,745.93,0
2026-06-30 22:59:00+00:00,745.9339,746.03,745.931,746.0,0
2026-06-30 23:00:00+00:00,746.0,746.115,745.98,745.98,0
2026-06-30 23:01:00+00:00,746.025,746.069,745.995,745.995,0
2026-06-30 23:02:00+00:00,745.985,746.07,745.95,746.07,0
2026-06-30 23:03:00+00:00,746.035,746.09,745.97,745.9899,0
2026-06-30 23:04:00+00:00,745.989,746.01,745.95,745.95,0
2026-06-30 23:05:00+00:00,745.935,745.965,745.935,745.965,0
2026-06-30 23:06:00+00:00,745.98,746.0,745.93,745.9475,0
2026-06-30 23:07:00+00:00,745.94,746.1,745.89,746.1,0
2026-06-30 23:08:00+00:00,746.0691,746.255,746.06,746.14,0
2026-06-30 23:09:00+00:00,746.09,746.21,746.09,746.195,0
2026-06-30 23:10:00+00:00,746.19,746.2,746.15,746.165,0
2026-06-30 23:11:00+00:00,746.15,746.1587,746.06,746.1,0
2026-06-30 23:12:00+00:00,746.095,746.14,746.0701,746.1382,0
2026-06-30 23:13:00+00:00,746.105,746.105,746.0235,746.0235,0
2026-06-30 23:14:00+00:00,746.01,746.1,746.01,746.06,0
2026-06-30 23:15:00+00:00,746.05,746.08,746.0,746.0097,0
2026-06-30 23:16:00+00:00,745.9985,746.08,745.97,746.08,0
2026-06-30 23:17:00+00:00,746.0705,746.12,746.0512,746.099,0
2026-06-30 23:18:00+00:00,746.05,746.15,746.05,746.135,0
2026-06-30 23:19:00+00:00,746.1103,746.18,746.1,746.18,0
2026-06-30 23:20:00+00:00,746.12,746.17,746.05,746.14,0
2026-06-30 23:21:00+00:00,746.155,746.2061,746.155,746.17,0
2026-06-30 23:22:00+00:00,746.18,746.21,746.13,746.18,0
2026-06-30 23:23:00+00:00,746.18,746.22,746.112,746.1853,0
2026-06-30 23:24:00+00:00,746.18,746.23,746.18,746.18,0
2026-06-30 23:25:00+00:00,746.199,746.2232,746.175,746.18,0
2026-06-30 23:26:00+00:00,746.235,746.27,746.1817,746.235,0
2026-06-30 23:27:00+00:00,746.24,746.31,746.24,746.255,0
2026-06-30 23:28:00+00:00,746.2795,746.2795,746.18,746.18,0
2026-06-30 23:29:00+00:00,746.18,746.18,746.03,746.11,0
2026-06-30 23:30:00+00:00,746.13,746.22,746.06,746.21,0
2026-06-30 23:31:00+00:00,746.22,746.2597,746.1478,746.17,0
2026-06-30 23:32:00+00:00,746.1997,746.25,746.17,746.25,0
2026-06-30 23:33:00+00:00,746.24,746.24,746.15,746.205,0
2026-06-30 23:34:00+00:00,746.21,746.37,746.1804,746.3506,0
2026-06-30 23:35:00+00:00,746.39,746.39,746.25,746.31,0
2026-06-30 23:36:00+00:00,746.295,746.3291,746.275,746.3291,0
2026-06-30 23:37:00+00:00,746.305,746.33,746.28,746.33,0
2026-06-30 23:38:00+00:00,746.33,746.33,746.12,746.16,0
2026-06-30 23:39:00+00:00,746.16,746.295,746.16,746.295,0
2026-06-30 23:40:00+00:00,746.3373,746.34,746.235,746.28,0
2026-06-30 23:41:00+00:00,746.22,746.24,746.17,746.225,0
2026-06-30 23:42:00+00:00,746.225,746.28,746.2,746.28,0
2026-06-30 23:43:00+00:00,746.27,746.33,746.2613,746.33,0
2026-06-30 23:44:00+00:00,746.33,746.33,746.22,746.22,0
2026-06-30 23:45:00+00:00,746.248,746.41,746.22,746.3,0
2026-06-30 23:46:00+00:00,746.309,746.34,746.14,746.34,0
2026-06-30 23:47:00+00:00,746.295,746.3099,746.23,746.27,0
2026-06-30 23:48:00+00:00,746.21,746.26,746.15,746.15,0
2026-06-30 23:49:00+00:00,746.07,746.3,746.04,746.22,0
2026-06-30 23:50:00+00:00,746.1,746.258,745.98,746.2108,0
2026-06-30 23:51:00+00:00,746.265,746.3,746.1403,746.1915,0
2026-06-30 23:52:00+00:00,746.22,746.22,746.02,746.0453,0
2026-06-30 23:53:00+00:00,746.07,746.1229,746.02,746.07,0
2026-06-30 23:54:00+00:00,746.07,746.0871,746.02,746.03,0
2026-06-30 23:55:00+00:00,746.02,746.0844,746.02,746.07,0
2026-06-30 23:56:00+00:00,746.1,746.1,746.0278,746.06,0
2026-06-30 23:57:00+00:00,746.08,746.08,745.89,746.04,0
2026-06-30 23:58:00+00:00,745.995,746.2396,745.995,746.2,0
2026-06-30 23:59:00+00:00,746.25,746.3,746.2065,746.3,0
2026-07-01 08:00:00+00:00,744.78,746.77,742.9937,743.9,0
2026-07-01 08:01:00+00:00,743.98,745.25,743.0,744.58,0
2026-07-01 08:02:00+00:00,744.8,745.24,743.83,745.21,0
2026-07-01 08:03:00+00:00,745.02,745.22,743.8,744.63,0
2026-07-01 08:04:00+00:00,744.42,745.22,742.97,743.8,0
2026-07-01 08:05:00+00:00,743.91,744.51,743.0,743.87,0
2026-07-01 08:06:00+00:00,743.82,744.92,743.56,744.92,0
2026-07-01 08:07:00+00:00,743.8487,745.23,743.8,744.63,0
2026-07-01 08:08:00+00:00,744.67,745.1,743.57,744.26,0
2026-07-01 08:09:00+00:00,744.19,744.21,744.14,744.19,0
2026-07-01 08:10:00+00:00,744.24,744.24,744.18,744.23,0
2026-07-01 08:11:00+00:00,744.18,744.22,744.07,744.1,0
2026-07-01 08:12:00+00:00,744.13,744.2,744.07,744.2,0
2026-07-01 08:13:00+00:00,744.27,744.29,744.23,744.29,0
2026-07-01 08:14:00+00:00,744.3175,744.3175,744.27,744.27,0
2026-07-01 08:15:00+00:00,744.2,744.31,744.16,744.31,0
2026-07-01 08:16:00+00:00,744.35,744.35,744.28,744.34,0
2026-07-01 08:17:00+00:00,744.32,744.36,744.26,744.36,0
2026-07-01 08:18:00+00:00,744.3392,744.3392,744.29,744.31,0
2026-07-01 08:19:00+00:00,744.36,744.434,744.33,744.3315,0
2026-07-01 08:20:00+00:00,744.39,744.39,744.2792,744.33,0
2026-07-01 08:21:00+00:00,744.36,744.37,744.31,744.3613,0
2026-07-01 08:22:00+00:00,744.27,744.27,744.16,744.16,0
2026-07-01 08:23:00+00:00,744.19,744.19,744.11,744.17,0
2026-07-01 08:24:00+00:00,744.22,744.22,744.18,744.19,0
2026-07-01 08:25:00+00:00,744.269,744.37,744.269,744.35,0
2026-07-01 08:26:00+00:00,744.32,744.35,744.22,744.24,0
2026-07-01 08:27:00+00:00,744.259,744.32,744.22,744.2687,0
2026-07-01 08:28:00+00:00,744.26,744.26,744.092,744.092,0
2026-07-01 08:29:00+00:00,744.1,744.19,744.09,744.19,0
2026-07-01 08:30:00+00:00,744.2,744.2626,744.07,744.07,0
2026-07-01 08:31:00+00:00,744.07,744.15,744.07,744.14,0
2026-07-01 08:32:00+00:00,744.19,744.229,744.13,744.13,0
2026-07-01 08:33:00+00:00,744.11,744.1586,744.07,744.14,0
2026-07-01 08:34:00+00:00,744.1,744.4,744.1,744.4,0
2026-07-01 08:35:00+00:00,744.34,744.37,744.33,744.35,0
2026-07-01 08:36:00+00:00,744.359,744.359,744.24,744.3401,0
2026-07-01 08:37:00+00:00,744.3,744.34,744.3,744.34,0
2026-07-01 08:38:00+00:00,744.34,744.34,744.261,744.299,0
2026-07-01 08:39:00+00:00,744.31,744.36,744.31,744.36,0
2026-07-01 08:40:00+00:00,744.36,744.36,744.299,744.299,0
2026-07-01 08:42:00+00:00,744.37,744.5902,744.37,744.5778,0
2026-07-01 08:43:00+00:00,744.58,744.6,744.5236,744.6,0
2026-07-01 08:44:00+00:00,744.63,744.63,744.58,744.58,0
2026-07-01 08:45:00+00:00,744.5,744.55,744.47,744.55,0
2026-07-01 08:46:00+00:00,744.55,744.55,744.38,744.39,0
2026-07-01 08:47:00+00:00,744.3887,744.4402,744.33,744.4402,0
2026-07-01 08:48:00+00:00,744.4,744.4,744.36,744.38,0
2026-07-01 08:49:00+00:00,744.37,744.37,744.37,744.37,0
2026-07-01 08:50:00+00:00,744.35,744.35,744.33,744.33,0
2026-07-01 08:51:00+00:00,744.44,744.5,744.44,744.5,0
2026-07-01 08:52:00+00:00,744.53,744.58,744.52,744.58,0
2026-07-01 08:53:00+00:00,744.5412,744.61,744.5412,744.61,0
2026-07-01 08:54:00+00:00,744.61,744.69,744.61,744.65,0
2026-07-01 08:55:00+00:00,744.65,744.6902,744.56,744.6286,0
2026-07-01 08:56:00+00:00,744.63,744.63,744.57,744.579,0
2026-07-01 08:57:00+00:00,744.659,744.659,744.54,744.55,0
2026-07-01 08:58:00+00:00,744.56,744.59,744.52,744.55,0
2026-07-01 08:59:00+00:00,744.59,744.71,744.59,744.71,0
2026-07-01 09:00:00+00:00,744.67,744.7,744.47,744.49,0
2026-07-01 09:01:00+00:00,744.53,744.53,744.45,744.51,0
2026-07-01 09:02:00+00:00,744.51,744.51,744.47,744.47,0
2026-07-01 09:03:00+00:00,744.46,744.48,744.32,744.41,0
2026-07-01 09:04:00+00:00,744.36,744.36,744.22,744.22,0
2026-07-01 09:05:00+00:00,744.24,744.35,744.24,744.3387,0
2026-07-01 09:07:00+00:00,744.35,744.35,744.29,744.29,0
2026-07-01 09:08:00+00:00,744.38,744.38,744.37,744.37,0
2026-07-01 09:09:00+00:00,744.33,744.37,744.2,744.24,0
2026-07-01 09:10:00+00:00,744.24,744.24,744.0344,744.0344,0
2026-07-01 09:11:00+00:00,744.08,744.169,744.08,744.13,0
2026-07-01 09:12:00+00:00,744.291,744.41,744.29,744.41,0
2026-07-01 09:13:00+00:00,744.41,744.4397,744.381,744.381,0
2026-07-01 09:14:00+00:00,744.43,744.43,744.38,744.39,0
2026-07-01 09:15:00+00:00,744.369,744.419,744.369,744.39,0
2026-07-01 09:16:00+00:00,744.37,744.38,744.349,744.349,0
2026-07-01 09:17:00+00:00,744.41,744.41,744.369,744.37,0
2026-07-01 09:18:00+00:00,744.37,744.45,744.331,744.45,0
2026-07-01 09:19:00+00:00,744.39,744.39,744.39,744.39,0
2026-07-01 09:20:00+00:00,744.399,744.44,744.362,744.43,0
2026-07-01 09:21:00+00:00,744.37,744.37,744.3313,744.36,0
2026-07-01 09:22:00+00:00,744.4,744.439,744.4,744.439,0
2026-07-01 09:23:00+00:00,744.39,744.436,744.39,744.436,0
2026-07-01 09:24:00+00:00,744.44,744.45,744.35,744.36,0
2026-07-01 09:25:00+00:00,744.36,744.36,744.1015,744.19,0
2026-07-01 09:26:00+00:00,744.23,744.23,744.18,744.18,0
2026-07-01 09:27:00+00:00,744.27,744.2707,744.24,744.2707,0
2026-07-01 09:28:00+00:00,744.3,744.3,744.24,744.29,0
2026-07-01 09:29:00+00:00,744.34,744.34,744.34,744.34,0
2026-07-01 09:30:00+00:00,744.34,744.35,744.25,744.27,0
2026-07-01 09:31:00+00:00,744.329,744.329,744.329,744.329,0
2026-07-01 09:32:00+00:00,744.4,744.45,744.4,744.45,0
2026-07-01 09:33:00+00:00,744.45,744.53,744.45,744.53,0
2026-07-01 09:34:00+00:00,744.53,744.539,744.51,744.5274,0
2026-07-01 09:35:00+00:00,744.55,744.55,744.4707,744.4707,0
2026-07-01 09:36:00+00:00,744.44,744.55,744.44,744.55,0
2026-07-01 09:37:00+00:00,744.49,744.54,744.47,744.54,0
2026-07-01 09:38:00+00:00,744.489,744.51,744.489,744.51,0
2026-07-01 09:39:00+00:00,744.49,744.54,744.49,744.52,0
2026-07-01 09:40:00+00:00,744.5387,744.5387,744.47,744.47,0
2026-07-01 09:41:00+00:00,744.54,744.55,744.5295,744.5295,0
2026-07-01 09:42:00+00:00,744.49,744.49,744.47,744.47,0
2026-07-01 09:43:00+00:00,744.44,744.5,744.44,744.5,0
2026-07-01 09:44:00+00:00,744.5,744.5,744.46,744.48,0
2026-07-01 09:45:00+00:00,744.63,744.65,744.57,744.57,0
2026-07-01 09:46:00+00:00,744.59,744.62,744.57,744.62,0
2026-07-01 09:47:00+00:00,744.5712,744.6492,744.5712,744.6492,0
2026-07-01 09:48:00+00:00,744.63,744.6488,744.63,744.64,0
2026-07-01 09:49:00+00:00,744.7,744.72,744.62,744.62,0
2026-07-01 09:50:00+00:00,744.64,744.65,744.61,744.63,0
2026-07-01 09:51:00+00:00,744.62,744.62,744.61,744.61,0
2026-07-01 09:52:00+00:00,744.67,744.67,744.59,744.6072,0
2026-07-01 09:53:00+00:00,744.615,744.74,744.615,744.7,0
2026-07-01 09:54:00+00:00,744.69,744.79,744.69,744.78,0
2026-07-01 09:55:00+00:00,744.7487,744.76,744.7464,744.759,0
2026-07-01 09:56:00+00:00,744.78,744.83,744.77,744.78,0
2026-07-01 09:57:00+00:00,744.86,744.9,744.86,744.88,0
2026-07-01 09:58:00+00:00,744.89,744.89,744.86,744.86,0
2026-07-01 09:59:00+00:00,744.9,744.9102,744.9,744.9102,0
2026-07-01 10:00:00+00:00,744.9,744.97,744.87,744.87,0
2026-07-01 10:01:00+00:00,744.86,744.87,744.81,744.87,0
2026-07-01 10:02:00+00:00,744.93,744.98,744.92,744.92,0
2026-07-01 10:03:00+00:00,744.86,744.91,744.86,744.88,0
2026-07-01 10:04:00+00:00,744.88,744.8802,744.81,744.81,0
2026-07-01 10:05:00+00:00,744.82,744.82,744.78,744.78,0
2026-07-01 10:06:00+00:00,744.7787,744.789,744.67,744.6773,0
2026-07-01 10:07:00+00:00,744.67,744.68,744.64,744.64,0
2026-07-01 10:08:00+00:00,744.62,744.6488,744.62,744.6488,0
2026-07-01 10:09:00+00:00,744.7,744.71,744.68,744.69,0
2026-07-01 10:10:00+00:00,744.599,744.599,744.41,744.47,0
2026-07-01 10:11:00+00:00,744.49,744.56,744.49,744.56,0
2026-07-01 10:12:00+00:00,744.58,744.66,744.58,744.66,0
2026-07-01 10:13:00+00:00,744.63,744.63,744.63,744.63,0
2026-07-01 10:14:00+00:00,744.5892,744.62,744.5,744.62,0
2026-07-01 10:15:00+00:00,744.63,744.69,744.63,744.69,0
2026-07-01 10:16:00+00:00,744.814,744.87,744.8102,744.87,0
2026-07-01 10:17:00+00:00,744.86,744.95,744.86,744.95,0
2026-07-01 10:18:00+00:00,744.96,745.01,744.95,745.01,0
2026-07-01 10:19:00+00:00,745.0,745.0,744.98,745.0,0
2026-07-01 10:20:00+00:00,745.0605,745.26,745.0605,745.26,0
2026-07-01 10:21:00+00:00,745.21,745.23,745.21,745.21,0
2026-07-01 10:22:00+00:00,745.2305,745.2305,745.18,745.18,0
2026-07-01 10:23:00+00:00,745.18,745.22,745.18,745.21,0
2026-07-01 10:24:00+00:00,745.2,745.23,745.17,745.23,0
2026-07-01 10:25:00+00:00,745.23,745.23,745.21,745.21,0
2026-07-01 10:26:00+00:00,745.22,745.24,745.2,745.2,0
2026-07-01 10:27:00+00:00,745.24,745.3,745.19,745.24,0
2026-07-01 10:28:00+00:00,745.26,745.26,745.21,745.21,0
2026-07-01 10:29:00+00:00,745.24,745.24,745.21,745.2111,0
2026-07-01 10:30:00+00:00,745.24,745.34,745.24,745.34,0
2026-07-01 10:31:00+00:00,745.26,745.31,745.19,745.21,0
2026-07-01 10:32:00+00:00,745.18,745.2,745.18,745.19,0
2026-07-01 10:33:00+00:00,745.22,745.24,745.22,745.24,0
2026-07-01 10:34:00+00:00,745.29,745.29,745.28,745.28,0
2026-07-01 10:35:00+00:00,745.3407,745.3407,745.285,745.3,0
2026-07-01 10:36:00+00:00,745.35,745.35,745.29,745.35,0
2026-07-01 10:37:00+00:00,745.31,745.4,745.3,745.4,0
2026-07-01 10:38:00+00:00,745.37,745.37,745.33,745.33,0
2026-07-01 10:39:00+00:00,745.355,745.37,745.35,745.37,0
2026-07-01 10:40:00+00:00,745.42,745.42,745.39,745.42,0
2026-07-01 10:41:00+00:00,745.37,745.37,745.27,745.27,0
2026-07-01 10:42:00+00:00,745.27,745.28,745.22,745.229,0
2026-07-01 10:43:00+00:00,745.22,745.22,744.87,745.11,0
2026-07-01 10:45:00+00:00,745.18,745.22,745.18,745.19,0
2026-07-01 10:46:00+00:00,745.189,745.189,745.18,745.18,0
2026-07-01 10:47:00+00:00,745.12,745.17,745.11,745.17,0
2026-07-01 10:48:00+00:00,745.204,745.204,745.18,745.2,0
2026-07-01 10:49:00+00:00,745.18,745.23,745.17,745.23,0
2026-07-01 10:50:00+00:00,745.245,745.28,745.23,745.28,0
2026-07-01 10:51:00+00:00,745.26,745.28,745.23,745.28,0
2026-07-01 10:52:00+00:00,745.35,745.41,745.35,745.4088,0
2026-07-01 10:53:00+00:00,745.3607,745.3795,745.36,745.36,0
2026-07-01 10:54:00+00:00,745.36,745.36,745.23,745.34,0
2026-07-01 10:55:00+00:00,745.38,745.43,745.36,745.43,0
2026-07-01 10:56:00+00:00,745.43,745.51,745.43,745.47,0
2026-07-01 10:57:00+00:00,745.45,745.52,745.45,745.52,0
2026-07-01 10:58:00+00:00,745.48,745.49,745.4,745.4,0
2026-07-01 10:59:00+00:00,745.3206,745.37,745.3206,745.37,0
2026-07-01 11:00:00+00:00,745.379,745.5501,745.34,745.52,0
2026-07-01 11:01:00+00:00,745.5,746.77,745.47,746.77,0
2026-07-01 11:02:00+00:00,745.51,746.77,745.47,745.589,0
2026-07-01 11:03:00+00:00,745.59,745.71,745.57,745.6485,0
2026-07-01 11:04:00+00:00,745.6,745.66,745.585,745.6199,0
2026-07-01 11:05:00+00:00,745.6,745.72,745.6,745.665,0
2026-07-01 11:06:00+00:00,745.65,745.7192,745.65,745.7,0
2026-07-01 11:07:00+00:00,745.7021,745.71,745.65,745.69,0
2026-07-01 11:08:00+00:00,745.68,745.72,745.62,745.6299,0
2026-07-01 11:09:00+00:00,745.6,745.63,745.56,745.6203,0
2026-07-01 11:10:00+00:00,745.62,745.62,745.565,745.59,0
2026-07-01 11:11:00+00:00,745.63,745.715,745.62,745.63,0
2026-07-01 11:12:00+00:00,745.635,745.67,745.5,745.5294,0
2026-07-01 11:13:00+00:00,745.525,745.54,745.44,745.44,0
2026-07-01 11:14:00+00:00,745.455,745.48,745.4,745.455,0
2026-07-01 11:15:00+00:00,745.48,745.55,745.46,745.49,0
2026-07-01 11:16:00+00:00,745.5,745.6,745.5,745.5876,0
2026-07-01 11:17:00+00:00,745.575,745.64,745.575,745.6,0
2026-07-01 11:18:00+00:00,745.55,745.6,745.525,745.595,0
2026-07-01 11:19:00+00:00,745.561,745.6,745.46,745.46,0
2026-07-01 11:20:00+00:00,745.45,745.5,745.425,745.479,0
2026-07-01 11:21:00+00:00,745.49,745.49,745.42,745.42,0
2026-07-01 11:22:00+00:00,745.41,745.5,745.37,745.37,0
2026-07-01 11:23:00+00:00,745.42,745.42,745.29,745.35,0
2026-07-01 11:24:00+00:00,745.35,745.46,745.35,745.42,0
2026-07-01 11:25:00+00:00,745.38,745.5,745.37,745.46,0
2026-07-01 11:26:00+00:00,745.46,745.5,745.43,745.46,0
2026-07-01 11:27:00+00:00,745.45,745.51,745.45,745.5,0
2026-07-01 11:28:00+00:00,745.48,745.48,745.401,745.47,0
2026-07-01 11:29:00+00:00,745.455,745.48,745.3,745.3,0
2026-07-01 11:30:00+00:00,745.33,745.37,745.295,745.36,0
2026-07-01 11:31:00+00:00,745.321,745.34,745.24,745.275,0
2026-07-01 11:32:00+00:00,745.2885,745.29,745.25,745.255,0
2026-07-01 11:33:00+00:00,745.28,745.3487,745.27,745.3487,0
2026-07-01 11:34:00+00:00,745.34,745.34,745.21,745.235,0
2026-07-01 11:35:00+00:00,745.22,745.33,745.21,745.3,0
2026-07-01 11:36:00+00:00,745.3,745.315,745.22,745.225,0
2026-07-01 11:37:00+00:00,745.25,745.3,745.1791,745.23,0
2026-07-01 11:38:00+00:00,745.23,745.27,745.09,745.09,0
2026-07-01 11:39:00+00:00,745.095,745.22,745.05,745.22,0
2026-07-01 11:40:00+00:00,745.2001,745.23,745.16,745.23,0
2026-07-01 11:41:00+00:00,745.2493,745.25,745.0,745.04,0
2026-07-01 11:42:00+00:00,745.0111,745.0995,744.985,745.075,0
2026-07-01 11:43:00+00:00,745.11,745.21,745.075,745.21,0
2026-07-01 11:44:00+00:00,745.2,745.3485,745.19,745.3,0
2026-07-01 11:45:00+00:00,745.32,745.32,745.195,745.26,0
2026-07-01 11:46:00+00:00,745.23,745.28,745.2012,745.25,0
2026-07-01 11:47:00+00:00,745.295,745.35,745.295,745.31,0
2026-07-01 11:48:00+00:00,745.3513,745.36,745.12,745.121,0
2026-07-01 11:49:00+00:00,745.16,745.16,745.0,745.0,0
2026-07-01 11:50:00+00:00,745.0,745.07,744.965,744.99,0
2026-07-01 11:51:00+00:00,744.96,745.05,744.96,745.03,0
2026-07-01 11:52:00+00:00,745.03,745.03,744.965,745.0,0
2026-07-01 11:53:00+00:00,745.0,745.0364,744.99,745.015,0
2026-07-01 11:54:00+00:00,745.05,745.07,744.79,744.7948,0
2026-07-01 11:55:00+00:00,744.84,744.91,744.785,744.84,0
2026-07-01 11:56:00+00:00,744.835,744.84,744.7732,744.7732,0
2026-07-01 11:57:00+00:00,744.81,744.89,744.81,744.8887,0
2026-07-01 11:58:00+00:00,744.8622,744.901,744.78,744.85,0
2026-07-01 11:59:00+00:00,744.835,744.87,744.79,744.8693,0
2026-07-01 12:00:00+00:00,744.89,745.01,744.89,744.9,0
2026-07-01 12:01:00+00:00,744.84,744.87,744.71,744.765,0
2026-07-01 12:02:00+00:00,744.71,744.7485,744.525,744.61,0
2026-07-01 12:03:00+00:00,744.55,744.635,744.535,744.616,0
2026-07-01 12:04:00+00:00,744.6492,744.6499,744.571,744.575,0
2026-07-01 12:05:00+00:00,744.55,744.675,744.51,744.675,0
2026-07-01 12:06:00+00:00,744.65,744.68,744.52,744.52,0
2026-07-01 12:07:00+00:00,744.549,744.68,744.4,744.56,0
2026-07-01 12:08:00+00:00,744.56,744.75,744.55,744.7239,0
2026-07-01 12:09:00+00:00,744.74,744.82,744.67,744.82,0
2026-07-01 12:10:00+00:00,744.81,744.9589,744.81,744.9589,0
2026-07-01 12:11:00+00:00,744.925,744.99,744.84,744.93,0
2026-07-01 12:12:00+00:00,744.88,745.0,744.8,745.0,0
2026-07-01 12:13:00+00:00,744.955,745.065,744.9315,745.022,0
2026-07-01 12:14:00+00:00,745.075,745.12,745.04,745.08,0
2026-07-01 12:15:00+00:00,745.1,745.27,745.09,745.21,0
2026-07-01 12:16:00+00:00,745.31,745.4,745.13,745.18,0
2026-07-01 12:17:00+00:00,745.22,745.28,745.17,745.25,0
2026-07-01 12:18:00+00:00,745.2195,745.29,745.11,745.29,0
2026-07-01 12:19:00+00:00,745.35,745.44,745.3348,745.44,0
2026-07-01 12:20:00+00:00,745.41,745.48,745.36,745.41,0
2026-07-01 12:21:00+00:00,745.36,745.46,745.355,745.4185,0
2026-07-01 12:22:00+00:00,745.38,745.42,745.31,745.42,0
2026-07-01 12:23:00+00:00,745.38,745.49,745.38,745.485,0
2026-07-01 12:24:00+00:00,745.51,745.55,745.43,745.5,0
2026-07-01 12:25:00+00:00,745.5,745.5,745.36,745.36,0
2026-07-01 12:26:00+00:00,745.39,745.435,745.37,745.385,0
2026-07-01 12:27:00+00:00,745.4,745.46,745.36,745.36,0
2026-07-01 12:28:00+00:00,745.38,745.4988,745.375,745.4988,0
2026-07-01 12:29:00+00:00,745.47,745.5,745.3,745.3,0
2026-07-01 12:30:00+00:00,745.29,745.31,745.03,745.105,0
2026-07-01 12:31:00+00:00,745.105,745.23,745.07,745.215,0
2026-07-01 12:32:00+00:00,745.18,745.4,745.16,745.2621,0
2026-07-01 12:33:00+00:00,745.269,745.575,745.2,745.55,0
2026-07-01 12:34:00+00:00,745.54,745.58,744.53,744.5888,0
2026-07-01 12:35:00+00:00,744.55,744.83,744.46,744.695,0
2026-07-01 12:36:00+00:00,744.69,744.82,744.42,744.5154,0
2026-07-01 12:37:00+00:00,744.56,744.69,744.43,744.52,0
2026-07-01 12:38:00+00:00,744.55,744.81,744.55,744.71,0
2026-07-01 12:39:00+00:00,744.705,746.77,744.46,744.4607,0
2026-07-01 12:40:00+00:00,744.46,744.625,744.3795,744.5,0
2026-07-01 12:41:00+00:00,744.5412,744.83,744.53,744.82,0
2026-07-01 12:42:00+00:00,744.82,744.89,744.2615,744.33,0
2026-07-01 12:43:00+00:00,744.36,744.52,744.26,744.49,0
2026-07-01 12:44:00+00:00,744.49,744.72,744.35,744.52,0
2026-07-01 12:45:00+00:00,744.63,744.65,744.3,744.62,0
2026-07-01 12:46:00+00:00,744.595,744.62,744.41,744.46,0
2026-07-01 12:47:00+00:00,744.46,746.77,744.3678,744.39,0
2026-07-01 12:48:00+00:00,744.39,744.6181,744.36,744.6181,0
2026-07-01 12:49:00+00:00,744.56,744.56,744.39,744.48,0
2026-07-01 12:50:00+00:00,744.54,744.83,744.54,744.79,0
2026-07-01 12:51:00+00:00,744.79,744.83,744.61,744.8203,0
2026-07-01 12:52:00+00:00,744.865,744.865,744.6,744.64,0
2026-07-01 12:53:00+00:00,744.62,744.65,744.5016,744.57,0
2026-07-01 12:54:00+00:00,744.5395,744.67,744.42,744.475,0
2026-07-01 12:55:00+00:00,744.4765,744.57,744.34,744.5124,0
2026-07-01 12:56:00+00:00,744.52,744.82,744.42,744.7817,0
2026-07-01 12:57:00+00:00,744.805,744.92,744.73,744.7499,0
2026-07-01 12:58:00+00:00,744.7,744.905,744.65,744.905,0
2026-07-01 12:59:00+00:00,744.91,744.93,744.51,744.63,0
2026-07-01 13:00:00+00:00,744.64,744.93,744.58,744.9,0
2026-07-01 13:01:00+00:00,744.85,745.2,744.85,745.12,0
2026-07-01 13:02:00+00:00,745.075,745.09,744.83,744.91,0
2026-07-01 13:03:00+00:00,744.9294,745.01,744.67,744.67,0
2026-07-01 13:04:00+00:00,744.71,744.84,744.71,744.74,0
2026-07-01 13:05:00+00:00,744.7598,744.7598,744.45,744.5506,0
2026-07-01 13:06:00+00:00,744.56,744.56,744.27,744.36,0
2026-07-01 13:07:00+00:00,744.34,744.62,744.34,744.595,0
2026-07-01 13:08:00+00:00,744.61,744.61,744.36,744.36,0
2026-07-01 13:09:00+00:00,744.35,744.46,744.2135,744.28,0
2026-07-01 13:10:00+00:00,744.3191,744.3341,744.18,744.3,0
2026-07-01 13:11:00+00:00,744.3,744.49,744.19,744.38,0
2026-07-01 13:12:00+00:00,744.4,744.4,744.2,744.2693,0
2026-07-01 13:13:00+00:00,744.2187,744.5394,744.17,744.49,0
2026-07-01 13:14:00+00:00,744.46,744.49,744.2839,744.47,0
2026-07-01 13:30:00+00:00,745.0,745.1799926757812,743.7899780273438,744.5,1425531
2026-07-01 13:31:00+00:00,744.47998046875,744.489990234375,743.47998046875,743.9500122070312,266997
2026-07-01 13:32:00+00:00,743.989990234375,744.5,743.510009765625,743.7449951171875,278502
2026-07-01 13:33:00+00:00,743.7498779296875,743.8391723632812,743.02001953125,743.02001953125,231058
2026-07-01 13:34:00+00:00,743.030029296875,743.219970703125,742.5,742.6300048828125,185916
2026-07-01 13:35:00+00:00,742.6300048828125,743.0399780273438,742.375,742.6099853515625,177741
2026-07-01 13:36:00+00:00,742.6099853515625,742.969970703125,742.47998046875,742.7000122070312,146571
2026-07-01 13:37:00+00:00,742.75,743.4099731445312,742.6812133789062,742.9099731445312,208386
2026-07-01 13:38:00+00:00,742.9600219726562,743.1400146484375,742.592529296875,743.1099853515625,205480
2026-07-01 13:39:00+00:00,743.0999755859375,743.4099731445312,742.9500122070312,743.072509765625,174582
2026-07-01 13:40:00+00:00,743.1199951171875,743.5700073242188,742.780029296875,743.3536987304688,224581
2026-07-01 13:41:00+00:00,743.3800048828125,743.75,743.1300048828125,743.3699951171875,410064
2026-07-01 13:42:00+00:00,743.3800048828125,743.6699829101562,743.0800170898438,743.5800170898438,195125
2026-07-01 13:43:00+00:00,743.5700073242188,743.719970703125,743.3099975585938,743.469970703125,177026
2026-07-01 13:44:00+00:00,743.469970703125,743.530029296875,743.0999755859375,743.2100219726562,147005
2026-07-01 13:45:00+00:00,743.219970703125,743.7000122070312,742.8599853515625,743.6900024414062,198792
2026-07-01 13:46:00+00:00,743.6900024414062,744.0145263671875,743.6099853515625,743.719970703125,159484
2026-07-01 13:47:00+00:00,743.6749877929688,743.8900146484375,743.5,743.719970703125,126026
2026-07-01 13:48:00+00:00,743.719970703125,744.119873046875,743.6900024414062,743.77001953125,150941
2026-07-01 13:49:00+00:00,743.760009765625,743.8900146484375,743.530029296875,743.6900024414062,278576
2026-07-01 13:50:00+00:00,743.6900024414062,744.2681884765625,743.6099853515625,744.2000122070312,100593
2026-07-01 13:51:00+00:00,744.2000122070312,744.52001953125,744.1099853515625,744.3900146484375,113079
2026-07-01 13:52:00+00:00,744.3900146484375,744.6900024414062,744.25,744.6300048828125,162296
2026-07-01 13:53:00+00:00,744.6300048828125,744.9199829101562,744.6099853515625,744.760009765625,306417
2026-07-01 13:54:00+00:00,744.760009765625,744.9099731445312,744.6099853515625,744.75,163764
2026-07-01 13:55:00+00:00,744.739990234375,744.9600219726562,744.5989990234375,744.7550048828125,349749
2026-07-01 13:56:00+00:00,744.75,744.8300170898438,744.489990234375,744.6599731445312,174213
2026-07-01 13:57:00+00:00,744.6749877929688,744.780029296875,744.4801025390625,744.72998046875,86816
2026-07-01 13:58:00+00:00,744.7449951171875,745.1599731445312,744.7100219726562,745.030029296875,119877
2026-07-01 13:59:00+00:00,745.02001953125,745.3400268554688,744.889892578125,745.3200073242188,97351
2026-07-01 14:00:00+00:00,745.3400268554688,745.6300048828125,745.22998046875,745.469970703125,117076
2026-07-01 14:01:00+00:00,745.469970703125,745.530029296875,745.0,745.25,129975
2026-07-01 14:02:00+00:00,745.25,745.4500122070312,745.0499877929688,745.1749877929688,92660
2026-07-01 14:03:00+00:00,745.1699829101562,745.489990234375,745.0900268554688,745.469970703125,69360
2026-07-01 14:04:00+00:00,745.47998046875,745.5700073242188,745.3599853515625,745.3900146484375,74759
2026-07-01 14:05:00+00:00,745.405029296875,745.9000244140625,745.3300170898438,745.8001098632812,82868
2026-07-01 14:06:00+00:00,745.8099975585938,746.0599975585938,745.7899780273438,746.030029296875,189183
2026-07-01 14:07:00+00:00,746.030029296875,746.22998046875,745.9400024414062,746.17041015625,93358
2026-07-01 14:08:00+00:00,746.1599731445312,746.3049926757812,746.1300048828125,746.1799926757812,99316
2026-07-01 14:09:00+00:00,746.1799926757812,746.2000122070312,745.97998046875,746.094970703125,78577
2026-07-01 14:10:00+00:00,746.0900268554688,746.4299926757812,746.02001953125,746.3699951171875,103762
2026-07-01 14:11:00+00:00,746.3699951171875,746.7000122070312,746.3400268554688,746.6699829101562,141438
2026-07-01 14:12:00+00:00,746.6599731445312,746.7999877929688,746.5499877929688,746.5999755859375,175768
2026-07-01 14:13:00+00:00,746.5999755859375,746.8900146484375,746.4426879882812,746.7880859375,129811
2026-07-01 14:14:00+00:00,746.7899780273438,746.8800048828125,746.5499877929688,746.6099853515625,77293
2026-07-01 14:15:00+00:00,746.64501953125,746.7999877929688,746.510009765625,746.510009765625,83982
2026-07-01 14:16:00+00:00,746.510009765625,746.719970703125,746.3499755859375,746.5499877929688,470911
2026-07-01 14:17:00+00:00,746.5098876953125,746.6099853515625,746.3701171875,746.6099853515625,79978
2026-07-01 14:18:00+00:00,746.5999755859375,746.6500244140625,746.4000244140625,746.469970703125,60704
2026-07-01 14:19:00+00:00,746.469970703125,746.8300170898438,746.3900146484375,746.75,54565
2026-07-01 14:20:00+00:00,746.739990234375,746.8099975585938,746.6300048828125,746.7000122070312,60045
2026-07-01 14:21:00+00:00,746.7100219726562,746.989990234375,746.6699829101562,746.9199829101562,163743
2026-07-01 14:22:00+00:00,746.927978515625,746.97998046875,746.72998046875,746.77001953125,88931
2026-07-01 14:23:00+00:00,746.7899780273438,746.9400024414062,746.7650146484375,746.8889770507812,91708
2026-07-01 14:24:00+00:00,746.8599853515625,746.9199829101562,746.77001953125,746.8099975585938,50190
2026-07-01 14:25:00+00:00,746.8099975585938,746.8699951171875,746.6699829101562,746.77001953125,55671
2026-07-01 14:26:00+00:00,746.77001953125,747.02001953125,746.77001953125,746.8300170898438,63262
2026-07-01 14:27:00+00:00,746.8300170898438,747.0,746.7000122070312,746.9600219726562,65990
2026-07-01 14:28:00+00:00,746.97998046875,747.0,746.739990234375,746.8099975585938,58379
2026-07-01 14:29:00+00:00,746.8200073242188,746.9097290039062,746.7750244140625,746.8200073242188,57525
2026-07-01 14:30:00+00:00,746.8200073242188,746.9000244140625,746.27001953125,746.344970703125,117563
2026-07-01 14:31:00+00:00,746.3400268554688,746.47998046875,746.2050170898438,746.4000244140625,75677
2026-07-01 14:32:00+00:00,746.4099731445312,746.5499877929688,746.0999755859375,746.2899780273438,87319
2026-07-01 14:33:00+00:00,746.280029296875,746.3499755859375,746.093994140625,746.14501953125,62364
2026-07-01 14:34:00+00:00,746.1400146484375,746.4299926757812,746.02001953125,746.3049926757812,76310
2026-07-01 14:35:00+00:00,746.2899780273438,746.3099975585938,746.0399780273438,746.1199951171875,62259
2026-07-01 14:36:00+00:00,746.1199951171875,746.4099731445312,746.0,746.3900146484375,105307
2026-07-01 14:37:00+00:00,746.4000244140625,746.75,746.4000244140625,746.739013671875,152349
2026-07-01 14:38:00+00:00,746.72998046875,746.9299926757812,746.469970703125,746.780029296875,109068
2026-07-01 14:39:00+00:00,746.7750244140625,746.9199829101562,746.72998046875,746.9199829101562,58730
2026-07-01 14:40:00+00:00,746.8930053710938,746.97998046875,746.77001953125,746.9099731445312,85273
2026-07-01 14:41:00+00:00,746.9000244140625,746.9000244140625,746.469970703125,746.5,68160
2026-07-01 14:42:00+00:00,746.489990234375,746.6500244140625,746.4710083007812,746.5900268554688,32343
2026-07-01 14:43:00+00:00,746.5599975585938,746.9180297851562,746.5599975585938,746.8350219726562,53037
2026-07-01 14:44:00+00:00,746.8300170898438,747.1099853515625,746.6300048828125,746.6400146484375,307412
2026-07-01 14:45:00+00:00,746.6099853515625,746.6400146484375,745.9400024414062,745.9500122070312,121161
2026-07-01 14:46:00+00:00,745.97998046875,746.1500244140625,745.6900024414062,746.1199951171875,139960
2026-07-01 14:47:00+00:00,746.1300048828125,746.47998046875,745.989990234375,746.22998046875,71225
2026-07-01 14:48:00+00:00,746.219970703125,746.27001953125,746.030029296875,746.1900024414062,74790
2026-07-01 14:49:00+00:00,746.1900024414062,746.5,746.1900024414062,746.4600219726562,74668
2026-07-01 14:50:00+00:00,746.489990234375,746.8099975585938,746.41748046875,746.8099975585938,128696
2026-07-01 14:51:00+00:00,746.8101196289062,747.0700073242188,746.719970703125,746.9400024414062,86505
2026-07-01 14:52:00+00:00,746.9299926757812,746.9299926757812,746.6699829101562,746.6900024414062,70540
2026-07-01 14:53:00+00:00,746.7098999023438,746.9089965820312,746.6699829101562,746.8950805664062,44962
2026-07-01 14:54:00+00:00,746.8800048828125,746.9000244140625,746.719970703125,746.8599853515625,48979
2026-07-01 14:55:00+00:00,746.8800048828125,746.9199829101562,746.719970703125,746.780029296875,54660
2026-07-01 14:56:00+00:00,746.7899780273438,746.9000244140625,746.6599731445312,746.77001953125,52794
2026-07-01 14:57:00+00:00,746.760009765625,746.8499755859375,746.6699829101562,746.6699829101562,67973
2026-07-01 14:58:00+00:00,746.6799926757812,746.739990234375,746.4000244140625,746.4299926757812,66012
2026-07-01 14:59:00+00:00,746.4149780273438,746.969970703125,746.3800048828125,746.9600219726562,65265
2026-07-01 15:00:00+00:00,746.989990234375,747.1799926757812,746.9000244140625,746.969970703125,93651
2026-07-01 15:01:00+00:00,746.9600219726562,747.280029296875,746.9400024414062,747.280029296875,72811
2026-07-01 15:02:00+00:00,747.280029296875,747.405029296875,747.1801147460938,747.375,69298
2026-07-01 15:03:00+00:00,747.3699951171875,747.5800170898438,747.3400268554688,747.5399780273438,94088
2026-07-01 15:04:00+00:00,747.5499877929688,747.9149780273438,747.5499877929688,747.780029296875,176423
2026-07-01 15:05:00+00:00,747.7849731445312,748.0599975585938,747.6699829101562,747.9600219726562,184744
2026-07-01 15:06:00+00:00,747.9550170898438,747.969970703125,747.8400268554688,747.9000244140625,139202
2026-07-01 15:07:00+00:00,747.9199829101562,748.0700073242188,747.8200073242188,747.8200073242188,96814
2026-07-01 15:08:00+00:00,747.8099975585938,747.8200073242188,747.52001953125,747.5700073242188,231242
2026-07-01 15:09:00+00:00,747.5800170898438,747.6699829101562,747.3900146484375,747.6599731445312,66025
2026-07-01 15:10:00+00:00,747.6699829101562,747.8187866210938,747.5,747.8049926757812,65447
2026-07-01 15:11:00+00:00,747.7899780273438,747.8099975585938,747.4708862304688,747.6699829101562,47976
2026-07-01 15:12:00+00:00,747.6699829101562,747.969970703125,747.6199951171875,747.9500122070312,98666
2026-07-01 15:13:00+00:00,747.9400024414062,748.030029296875,747.9000244140625,747.969970703125,64103
2026-07-01 15:14:00+00:00,747.969970703125,748.0900268554688,747.85498046875,748.0700073242188,130948
2026-07-01 15:15:00+00:00,748.0900268554688,748.280029296875,748.0900268554688,748.2100219726562,225458
2026-07-01 15:16:00+00:00,748.2000122070312,748.2000122070312,748.030029296875,748.0900268554688,47886
2026-07-01 15:17:00+00:00,748.0900268554688,748.4000244140625,748.0900268554688,748.3900146484375,97423
2026-07-01 15:18:00+00:00,748.3800048828125,748.4000244140625,748.27001953125,748.3699951171875,101919
2026-07-01 15:19:00+00:00,748.3699951171875,748.6400146484375,748.3400268554688,748.47998046875,100394
2026-07-01 15:20:00+00:00,748.47998046875,748.9400024414062,748.47998046875,748.7650146484375,128629
2026-07-01 15:21:00+00:00,748.760009765625,748.9299926757812,748.72998046875,748.77001953125,195002
2026-07-01 15:22:00+00:00,748.7849731445312,749.0399169921875,748.739990234375,748.9801025390625,58006
2026-07-01 15:23:00+00:00,748.97998046875,749.0499877929688,748.9199829101562,749.010009765625,126484
2026-07-01 15:24:00+00:00,749.0,749.02001953125,748.8200073242188,748.8900146484375,19553
2026-07-01 15:25:00+00:00,748.8699951171875,748.97998046875,748.8099975585938,748.9349975585938,104026
2026-07-01 15:26:00+00:00,748.9349975585938,748.989990234375,748.844970703125,748.9099731445312,220260
2026-07-01 15:27:00+00:00,748.9000244140625,749.0399780273438,748.8800048828125,749.0,133560
2026-07-01 15:28:00+00:00,749.0,749.3200073242188,748.9849853515625,749.2100219726562,205894
2026-07-01 15:29:00+00:00,749.239990234375,749.3200073242188,749.155029296875,749.2899780273438,104297
2026-07-01 15:30:00+00:00,749.280029296875,749.364990234375,749.030029296875,749.0549926757812,92914
2026-07-01 15:31:00+00:00,749.0599975585938,749.260009765625,748.989990234375,749.2100219726562,50280
2026-07-01 15:32:00+00:00,749.2000122070312,749.239990234375,748.9500122070312,748.969970703125,73319
2026-07-01 15:33:00+00:00,748.97998046875,749.02001953125,748.7750244140625,748.8350219726562,51258
2026-07-01 15:34:00+00:00,748.8400268554688,748.9099731445312,748.6400146484375,748.6599731445312,52473
2026-07-01 15:35:00+00:00,748.6500244140625,748.8800048828125,748.5700073242188,748.6099853515625,56270
2026-07-01 15:36:00+00:00,748.6199951171875,748.6199951171875,748.3400268554688,748.5700073242188,110104
2026-07-01 15:37:00+00:00,748.5599975585938,748.780029296875,748.47998046875,748.510009765625,90042
2026-07-01 15:38:00+00:00,748.5,748.719970703125,748.47998046875,748.5449829101562,60527
2026-07-01 15:39:00+00:00,748.5449829101562,748.7283935546875,748.530029296875,748.6300048828125,43577
2026-07-01 15:40:00+00:00,748.6599731445312,748.7150268554688,748.510009765625,748.6099853515625,49646
2026-07-01 15:41:00+00:00,748.6099853515625,748.7999877929688,748.5,748.780029296875,44694
2026-07-01 15:42:00+00:00,748.780029296875,748.9099731445312,748.780029296875,748.8499755859375,51704
2026-07-01 15:43:00+00:00,748.8499755859375,748.8599853515625,748.6099853515625,748.6699829101562,67973
2026-07-01 15:44:00+00:00,748.6749877929688,748.8400268554688,748.6699829101562,748.8099975585938,34651
2026-07-01 15:45:00+00:00,748.780029296875,748.9099731445312,748.739990234375,748.8399047851562,38863
2026-07-01 15:46:00+00:00,748.8049926757812,748.8400268554688,748.7100219726562,748.760009765625,20837
2026-07-01 15:47:00+00:00,748.75,748.8099975585938,748.6599731445312,748.7000122070312,39726
2026-07-01 15:48:00+00:00,748.6900024414062,748.8800048828125,748.6400146484375,748.72998046875,55353
2026-07-01 15:49:00+00:00,748.7100219726562,748.719970703125,748.3599853515625,748.4600219726562,181705
2026-07-01 15:50:00+00:00,748.469970703125,748.6199951171875,748.4301147460938,748.469970703125,35427
2026-07-01 15:51:00+00:00,748.469970703125,748.5499877929688,748.3499755859375,748.469970703125,34420
2026-07-01 15:52:00+00:00,748.47998046875,748.5900268554688,748.4199829101562,748.530029296875,32066
2026-07-01 15:53:00+00:00,748.510009765625,748.8400268554688,748.5,748.77001953125,53046
2026-07-01 15:54:00+00:00,748.75,748.760009765625,748.5,748.52001953125,38924
2026-07-01 15:55:00+00:00,748.52001953125,748.5999755859375,748.4000244140625,748.4099731445312,21846
2026-07-01 15:56:00+00:00,748.4099731445312,748.5454711914062,748.3599853515625,748.5399780273438,30125
2026-07-01 15:57:00+00:00,748.530029296875,748.6799926757812,748.4500122070312,748.6400146484375,157195
2026-07-01 15:58:00+00:00,748.6300048828125,748.8699951171875,748.6199951171875,748.72998046875,52415
2026-07-01 15:59:00+00:00,748.739990234375,748.8800048828125,748.7100219726562,748.7899780273438,24701
2026-07-01 16:00:00+00:00,748.8109741210938,748.8599853515625,748.6900024414062,748.8599853515625,45696
2026-07-01 16:01:00+00:00,748.8499755859375,748.9099731445312,748.760009765625,748.8049926757812,40292
2026-07-01 16:02:00+00:00,748.7999877929688,749.0999755859375,748.739990234375,749.0490112304688,58370
2026-07-01 16:03:00+00:00,749.030029296875,749.1400146484375,748.9299926757812,748.9500122070312,59940
2026-07-01 16:04:00+00:00,748.969970703125,749.030029296875,748.739990234375,748.8099975585938,58251
2026-07-01 16:05:00+00:00,748.7999877929688,748.8599853515625,748.6699829101562,748.8499755859375,44202
2026-07-01 16:06:00+00:00,748.8499755859375,749.0399780273438,748.8400268554688,748.9500122070312,26164
2026-07-01 16:07:00+00:00,748.9600219726562,749.0900268554688,748.9500122070312,748.9949951171875,17067
2026-07-01 16:08:00+00:00,748.97998046875,749.0889892578125,748.9099731445312,748.9949951171875,41170
2026-07-01 16:09:00+00:00,748.9600219726562,749.0399780273438,748.8800048828125,748.8800048828125,23721
2026-07-01 16:10:00+00:00,748.8800048828125,748.9299926757812,748.72998046875,748.8800048828125,44712
2026-07-01 16:11:00+00:00,748.8900146484375,749.030029296875,748.8499755859375,749.0106201171875,28725
2026-07-01 16:12:00+00:00,749.030029296875,749.0999755859375,749.0,749.0800170898438,27313
2026-07-01 16:13:00+00:00,749.0700073242188,749.0999145507812,748.9600219726562,749.0599975585938,33520
2026-07-01 16:14:00+00:00,749.0650024414062,749.1400146484375,748.97998046875,749.0900268554688,43222
2026-07-01 16:15:00+00:00,749.0800170898438,749.1699829101562,748.989990234375,748.989990234375,172843
2026-07-01 16:16:00+00:00,749.0,749.0800170898438,748.8900146484375,749.0599975585938,34478
2026-07-01 16:17:00+00:00,749.0499877929688,749.1199951171875,748.969970703125,748.9949951171875,102176
2026-07-01 16:18:00+00:00,748.97998046875,749.010009765625,748.8599853515625,748.9727172851562,38783
2026-07-01 16:19:00+00:00,748.969970703125,749.1199951171875,748.9000244140625,749.0800170898438,37387
2026-07-01 16:20:00+00:00,749.0800170898438,749.1199951171875,749.010009765625,749.0399780273438,44558
2026-07-01 16:21:00+00:00,749.0399780273438,749.1099853515625,749.0,749.02001953125,25364
2026-07-01 16:22:00+00:00,749.02001953125,749.1950073242188,748.97998046875,749.1599731445312,39764
2026-07-01 16:23:00+00:00,749.1649780273438,749.4299926757812,749.1500244140625,749.4000244140625,64292
2026-07-01 16:24:00+00:00,749.4099731445312,749.4349975585938,749.2349853515625,749.239990234375,62503
2026-07-01 16:25:00+00:00,749.25,749.3599853515625,749.1699829101562,749.1699829101562,42932
2026-07-01 16:26:00+00:00,749.1799926757812,749.2949829101562,749.1799926757812,749.25,32653
2026-07-01 16:27:00+00:00,749.25,749.260009765625,749.14501953125,749.219970703125,42712
2026-07-01 16:28:00+00:00,749.219970703125,749.22998046875,749.0499877929688,749.0700073242188,58568
2026-07-01 16:29:00+00:00,749.0700073242188,749.1199951171875,748.969970703125,748.9700927734375,27841
2026-07-01 16:30:00+00:00,748.97998046875,749.2100219726562,748.969970703125,749.0700073242188,33239
2026-07-01 16:31:00+00:00,749.0800170898438,749.2000122070312,749.0399780273438,749.1500854492188,24237
2026-07-01 16:32:00+00:00,749.1799926757812,749.1900024414062,749.010009765625,749.0985107421875,29880
2026-07-01 16:33:00+00:00,749.0800170898438,749.1300048828125,749.0399780273438,749.0999755859375,22124
2026-07-01 16:34:00+00:00,749.0900268554688,749.0900268554688,748.989990234375,749.0399780273438,28225
2026-07-01 16:35:00+00:00,749.02001953125,749.030029296875,748.8300170898438,748.8699951171875,27407
2026-07-01 16:36:00+00:00,748.8599853515625,748.8800048828125,748.7899780273438,748.8400268554688,38613
2026-07-01 16:37:00+00:00,748.8300170898438,748.9500122070312,748.7899780273438,748.8900146484375,53175
2026-07-01 16:38:00+00:00,748.8800048828125,748.8800048828125,748.75,748.7750244140625,86145
2026-07-01 16:39:00+00:00,748.7725830078125,748.8200073242188,748.52001953125,748.5599975585938,44769
2026-07-01 16:40:00+00:00,748.5399780273438,748.6799926757812,748.4500732421875,748.5,109108
2026-07-01 16:41:00+00:00,748.510009765625,748.5499877929688,748.2899780273438,748.3900146484375,55481
2026-07-01 16:42:00+00:00,748.3800048828125,748.4299926757812,748.2999877929688,748.3900756835938,52757
2026-07-01 16:43:00+00:00,748.4249877929688,748.489990234375,748.3200073242188,748.4400024414062,29017
2026-07-01 16:44:00+00:00,748.4299926757812,748.5999755859375,748.4000244140625,748.5999755859375,49146
2026-07-01 16:45:00+00:00,748.6099853515625,748.6099853515625,748.3900146484375,748.4500122070312,50432
2026-07-01 16:46:00+00:00,748.4500122070312,748.5599975585938,748.4500122070312,748.5150146484375,48221
2026-07-01 16:47:00+00:00,748.5150146484375,748.8300170898438,748.510009765625,748.5700073242188,67661
2026-07-01 16:48:00+00:00,748.594970703125,748.6300048828125,748.4849853515625,748.5399780273438,69697
2026-07-01 16:49:00+00:00,748.5399780273438,748.5800170898438,748.3200073242188,748.3200073242188,47175
2026-07-01 16:50:00+00:00,748.3250122070312,748.5549926757812,748.2999877929688,748.5499877929688,37097
2026-07-01 16:51:00+00:00,748.5399780273438,748.5449829101562,748.1900024414062,748.27001953125,54732
2026-07-01 16:52:00+00:00,748.25,748.3300170898438,747.9000244140625,747.9199829101562,85460
2026-07-01 16:53:00+00:00,747.9199829101562,748.16748046875,747.89501953125,747.97998046875,90576
2026-07-01 16:54:00+00:00,747.97998046875,748.1599731445312,747.9199829101562,748.0599975585938,45981
2026-07-01 16:55:00+00:00,748.0800170898438,748.1300048828125,747.89501953125,747.9099731445312,30222
2026-07-01 16:56:00+00:00,747.8900146484375,748.0499877929688,747.8099975585938,748.030029296875,36922
2026-07-01 16:57:00+00:00,748.0499877929688,748.0800170898438,747.9100952148438,747.9100952148438,19451
2026-07-01 16:58:00+00:00,747.9249877929688,747.9500122070312,747.77001953125,747.7899780273438,103715
2026-07-01 16:59:00+00:00,747.7899780273438,747.7899780273438,747.322509765625,747.52001953125,128625
2026-07-01 17:00:00+00:00,747.510009765625,747.9299926757812,747.510009765625,747.8198852539062,51744
2026-07-01 17:01:00+00:00,747.8049926757812,747.9199829101562,747.72998046875,747.9000244140625,25652
2026-07-01 17:02:00+00:00,747.9099731445312,747.9099731445312,747.5700073242188,747.6300048828125,55437
2026-07-01 17:03:00+00:00,747.6400146484375,747.7100219726562,747.3900146484375,747.4699096679688,52830
2026-07-01 17:04:00+00:00,747.4650268554688,747.5800170898438,747.4400024414062,747.5150146484375,64368
2026-07-01 17:05:00+00:00,747.510009765625,747.510009765625,747.2000122070312,747.2401123046875,134177
2026-07-01 17:06:00+00:00,747.25,747.3200073242188,747.0399780273438,747.1699829101562,78571
2026-07-01 17:07:00+00:00,747.1799926757812,747.4144287109375,747.1599731445312,747.3300170898438,148632
2026-07-01 17:08:00+00:00,747.3300170898438,747.3800048828125,747.239990234375,747.3099975585938,33377
2026-07-01 17:09:00+00:00,747.2999877929688,747.569091796875,747.280029296875,747.47998046875,62022
2026-07-01 17:10:00+00:00,747.5,747.52001953125,747.2899780273438,747.375,22769
2026-07-01 17:11:00+00:00,747.3599853515625,747.5,747.27001953125,747.4500122070312,24878
2026-07-01 17:12:00+00:00,747.4299926757812,747.760009765625,747.4000244140625,747.7598876953125,40134
2026-07-01 17:13:00+00:00,747.7449951171875,747.8699951171875,747.5999755859375,747.7100219726562,46616
2026-07-01 17:14:00+00:00,747.7100219726562,747.8499755859375,747.7000122070312,747.8201293945312,44191
2026-07-01 17:15:00+00:00,747.8200073242188,748.0,747.77001953125,747.7999877929688,47662
2026-07-01 17:16:00+00:00,747.7999877929688,747.864990234375,747.720703125,747.8400268554688,48801
2026-07-01 17:17:00+00:00,747.8499755859375,747.9600219726562,747.739990234375,747.7849731445312,101009
2026-07-01 17:18:00+00:00,747.760009765625,747.9299926757812,747.75,747.9099731445312,23605
2026-07-01 17:19:00+00:00,747.8900146484375,748.1199951171875,747.8599853515625,748.0700073242188,100438
2026-07-01 17:20:00+00:00,748.0900268554688,748.25,748.0700073242188,748.2000122070312,43163
2026-07-01 17:21:00+00:00,748.1799926757812,748.2000122070312,748.0499877929688,748.0800170898438,36013
2026-07-01 17:22:00+00:00,748.0900268554688,748.2000122070312,748.0499877929688,748.1400146484375,38369
2026-07-01 17:23:00+00:00,748.1099853515625,748.1925048828125,748.0700073242188,748.1599731445312,23417
2026-07-01 17:24:00+00:00,748.14501953125,748.3099975585938,748.1199951171875,748.2100219726562,38811
2026-07-01 17:25:00+00:00,748.2398071289062,748.4199829101562,748.22998046875,748.260009765625,47919
2026-07-01 17:26:00+00:00,748.260009765625,748.3250122070312,748.2000122070312,748.2449951171875,22532
2026-07-01 17:27:00+00:00,748.2449951171875,748.27001953125,748.1300048828125,748.1300048828125,109025
2026-07-01 17:28:00+00:00,748.1300048828125,748.1699829101562,748.0300903320312,748.0499877929688,58565
2026-07-01 17:29:00+00:00,748.0499877929688,748.0499877929688,747.9199829101562,747.9299926757812,33472
2026-07-01 17:30:00+00:00,747.9400024414062,748.1799926757812,747.9400024414062,748.1400146484375,36966
2026-07-01 17:31:00+00:00,748.1400146484375,748.1500244140625,748.0,748.135009765625,27782
2026-07-01 17:32:00+00:00,748.1300048828125,748.1699829101562,747.6799926757812,747.8049926757812,60209
2026-07-01 17:33:00+00:00,747.7999877929688,747.8900146484375,747.7000122070312,747.8099975585938,51358
2026-07-01 17:34:00+00:00,747.8200073242188,747.8900146484375,747.719970703125,747.8200073242188,34244
2026-07-01 17:35:00+00:00,747.8400268554688,747.8900146484375,747.6500244140625,747.7949829101562,46069
2026-07-01 17:36:00+00:00,747.7899780273438,747.8049926757812,747.72998046875,747.7999877929688,27600
2026-07-01 17:37:00+00:00,747.7899780273438,748.02001953125,747.7899780273438,747.9500122070312,87818
2026-07-01 17:38:00+00:00,747.9500122070312,747.989990234375,747.8800048828125,747.9650268554688,20458
2026-07-01 17:39:00+00:00,747.9600219726562,748.0499877929688,747.8699951171875,747.9400024414062,36683
2026-07-01 17:40:00+00:00,747.9500122070312,747.97998046875,747.7899780273438,747.8800048828125,23939
2026-07-01 17:41:00+00:00,747.8599853515625,747.8699951171875,747.75,747.8350219726562,17729
2026-07-01 17:42:00+00:00,747.8400268554688,747.8499755859375,747.6599731445312,747.6599731445312,16796
2026-07-01 17:43:00+00:00,747.6599731445312,747.7050170898438,747.5599975585938,747.6799926757812,33527
2026-07-01 17:44:00+00:00,747.6898803710938,747.739990234375,747.469970703125,747.489990234375,27840
2026-07-01 17:45:00+00:00,747.47998046875,747.6199951171875,747.3699951171875,747.5800170898438,42268
2026-07-01 17:46:00+00:00,747.5700073242188,747.6400146484375,747.4299926757812,747.5,43742
2026-07-01 17:47:00+00:00,747.5,747.5349731445312,747.3850708007812,747.3900146484375,71062
2026-07-01 17:48:00+00:00,747.4099731445312,747.4600219726562,747.2899780273438,747.4498291015625,42846
2026-07-01 17:49:00+00:00,747.4400024414062,747.489990234375,747.3099975585938,747.4199829101562,25612
2026-07-01 17:50:00+00:00,747.4199829101562,747.5999755859375,747.4199829101562,747.5800170898438,61795
2026-07-01 17:51:00+00:00,747.5800170898438,747.6400146484375,747.4199829101562,747.4199829101562,33158
2026-07-01 17:52:00+00:00,747.4099731445312,747.4600219726562,747.239990234375,747.4199829101562,27174
2026-07-01 17:53:00+00:00,747.4349975585938,747.7399291992188,747.4349975585938,747.7098999023438,33837
2026-07-01 17:54:00+00:00,747.6900024414062,747.6900024414062,747.47998046875,747.5999755859375,28223
2026-07-01 17:55:00+00:00,747.6099853515625,747.6199951171875,747.2899780273438,747.5050048828125,60188
2026-07-01 17:56:00+00:00,747.510009765625,747.52001953125,747.3900146484375,747.469970703125,25217
2026-07-01 17:57:00+00:00,747.4400024414062,747.4400024414062,747.260009765625,747.2999877929688,37122
2026-07-01 17:58:00+00:00,747.2999877929688,747.3800048828125,747.2899780273438,747.3049926757812,61800
2026-07-01 17:59:00+00:00,747.3099975585938,747.3300170898438,747.1599731445312,747.1950073242188,49703
2026-07-01 18:00:00+00:00,747.2000122070312,747.5800170898438,747.14501953125,747.489990234375,112336
2026-07-01 18:01:00+00:00,747.5,747.5900268554688,747.4099731445312,747.52001953125,38575
2026-07-01 18:02:00+00:00,747.510009765625,747.5700073242188,747.3900146484375,747.5,160287
2026-07-01 18:03:00+00:00,747.52001953125,747.5999755859375,747.4500122070312,747.5800170898438,65213
2026-07-01 18:04:00+00:00,747.5800170898438,747.6900024414062,747.510009765625,747.6900024414062,44493
2026-07-01 18:05:00+00:00,747.6799926757812,747.6799926757812,747.530029296875,747.5700073242188,24791
2026-07-01 18:06:00+00:00,747.5599975585938,747.6300048828125,747.2899780273438,747.4600219726562,76117
2026-07-01 18:07:00+00:00,747.4600219726562,747.5800170898438,747.3800048828125,747.4000244140625,44452
2026-07-01 18:08:00+00:00,747.4000244140625,747.530029296875,747.4000244140625,747.489990234375,21278
2026-07-01 18:09:00+00:00,747.5,747.530029296875,747.4099731445312,747.530029296875,27710
2026-07-01 18:10:00+00:00,747.510009765625,747.5499877929688,747.3599853515625,747.3599853515625,20501
2026-07-01 18:11:00+00:00,747.3800048828125,747.3800048828125,747.1199951171875,747.1300048828125,60669
2026-07-01 18:12:00+00:00,747.1500244140625,747.2899780273438,747.1400146484375,747.1699829101562,33442
2026-07-01 18:13:00+00:00,747.1699829101562,747.260009765625,747.1500244140625,747.22998046875,36425
2026-07-01 18:14:00+00:00,747.2301025390625,747.2382202148438,747.0900268554688,747.0999755859375,33047
2026-07-01 18:15:00+00:00,747.0900268554688,747.1099853515625,746.77001953125,746.9199829101562,113079
2026-07-01 18:16:00+00:00,746.9199829101562,746.9199829101562,746.7100219726562,746.8200073242188,52360
2026-07-01 18:17:00+00:00,746.8200073242188,746.97998046875,746.77001953125,746.9000244140625,54522
2026-07-01 18:18:00+00:00,746.9000244140625,746.9400024414062,746.8200073242188,746.9199829101562,43988
2026-07-01 18:19:00+00:00,746.9099731445312,747.260009765625,746.8800048828125,747.2100219726562,75758
2026-07-01 18:20:00+00:00,747.219970703125,747.3099975585938,747.1199951171875,747.1699829101562,42590
2026-07-01 18:21:00+00:00,747.155029296875,747.3499755859375,747.1300048828125,747.3400268554688,26463
2026-07-01 18:22:00+00:00,747.3400268554688,747.3900146484375,747.219970703125,747.27001953125,40245
2026-07-01 18:23:00+00:00,747.25,747.280029296875,747.1400146484375,747.1900024414062,183269
2026-07-01 18:24:00+00:00,747.1799926757812,747.4400024414062,747.1599731445312,747.4400024414062,45949
2026-07-01 18:25:00+00:00,747.4299926757812,747.5349731445312,747.3599853515625,747.3800048828125,67621
2026-07-01 18:26:00+00:00,747.3599853515625,747.3699951171875,747.280029296875,747.3300170898438,27900
2026-07-01 18:27:00+00:00,747.3200073242188,747.3599853515625,747.22998046875,747.25,30499
2026-07-01 18:28:00+00:00,747.27001953125,747.280029296875,747.1400146484375,747.239990234375,36892
2026-07-01 18:29:00+00:00,747.239990234375,747.239990234375,747.1300048828125,747.1400146484375,42014
2026-07-01 18:30:00+00:00,747.1300048828125,747.1599731445312,747.02001953125,747.094970703125,59772
2026-07-01 18:31:00+00:00,747.094970703125,747.239990234375,747.0,747.22998046875,61965
2026-07-01 18:32:00+00:00,747.219970703125,747.2698974609375,747.1199951171875,747.1400146484375,40671
2026-07-01 18:33:00+00:00,747.1400146484375,747.2100219726562,747.0800170898438,747.1099853515625,31056
2026-07-01 18:34:00+00:00,747.0850219726562,747.22998046875,747.0800170898438,747.219970703125,39637
2026-07-01 18:35:00+00:00,747.2000122070312,747.3800048828125,747.1900024414062,747.3099975585938,23714
2026-07-01 18:36:00+00:00,747.2999877929688,747.3200073242188,747.1099853515625,747.1799926757812,24185
2026-07-01 18:37:00+00:00,747.1900024414062,747.27001953125,747.0999755859375,747.1099853515625,77532
2026-07-01 18:38:00+00:00,747.0999755859375,747.2100219726562,747.0900268554688,747.1400146484375,39141
2026-07-01 18:39:00+00:00,747.1599731445312,747.2899780273438,747.1599731445312,747.280029296875,48339
2026-07-01 18:40:00+00:00,747.27001953125,747.3300170898438,747.1400146484375,747.14501953125,87933
2026-07-01 18:41:00+00:00,747.1500244140625,747.1699829101562,747.0499877929688,747.1099853515625,26504
2026-07-01 18:42:00+00:00,747.0999755859375,747.2100219726562,747.0999755859375,747.1400146484375,37377
2026-07-01 18:43:00+00:00,747.1500244140625,747.2000122070312,747.0800170898438,747.1900024414062,33093
2026-07-01 18:44:00+00:00,747.1599731445312,747.22998046875,747.0800170898438,747.1799926757812,48049
2026-07-01 18:45:00+00:00,747.1799926757812,747.2000122070312,747.0900268554688,747.125,57102
2026-07-01 18:46:00+00:00,747.1300048828125,747.1599731445312,746.969970703125,746.9949951171875,84129
2026-07-01 18:47:00+00:00,746.989990234375,747.0098266601562,746.77001953125,746.8200073242188,69754
2026-07-01 18:48:00+00:00,746.8200073242188,746.9000244140625,746.6801147460938,746.8800048828125,44423
2026-07-01 18:49:00+00:00,746.8800048828125,746.9600219726562,746.8300170898438,746.9299926757812,117562
2026-07-01 18:50:00+00:00,746.9349975585938,746.969970703125,746.8300170898438,746.8599853515625,48913
2026-07-01 18:51:00+00:00,746.864990234375,746.9949951171875,746.844970703125,746.89990234375,73405
2026-07-01 18:52:00+00:00,746.905029296875,746.9400024414062,746.7999877929688,746.8099975585938,51968
2026-07-01 18:53:00+00:00,746.7999877929688,746.9199829101562,746.5700073242188,746.6500244140625,164428
2026-07-01 18:54:00+00:00,746.6500244140625,746.6799926757812,746.4500122070312,746.4801025390625,96875
2026-07-01 18:55:00+00:00,746.47998046875,746.6500244140625,746.4500122070312,746.5499877929688,44472
2026-07-01 18:56:00+00:00,746.5499877929688,746.5850219726562,746.4600219726562,746.5700073242188,43133
2026-07-01 18:57:00+00:00,746.5700073242188,746.77001953125,746.5499877929688,746.75,75978
2026-07-01 18:58:00+00:00,746.75,746.8400268554688,746.7100219726562,746.77001953125,69210
2026-07-01 18:59:00+00:00,746.77001953125,746.9299926757812,746.77001953125,746.8499755859375,51800
2026-07-01 19:00:00+00:00,746.8599853515625,747.1400146484375,746.780029296875,746.9199829101562,96820
2026-07-01 19:01:00+00:00,746.9099731445312,746.9500122070312,746.8400268554688,746.9500122070312,51780
2026-07-01 19:02:00+00:00,746.9400024414062,747.2000122070312,746.9299926757812,747.1500244140625,48168
2026-07-01 19:03:00+00:00,747.1400146484375,747.219970703125,747.0800170898438,747.1799926757812,82492
2026-07-01 19:04:00+00:00,747.1799926757812,747.3300170898438,747.1199951171875,747.2750244140625,161858
2026-07-01 19:05:00+00:00,747.260009765625,747.5800170898438,747.239990234375,747.5399780273438,95834
2026-07-01 19:06:00+00:00,747.5,747.5700073242188,747.3900146484375,747.5700073242188,75704
2026-07-01 19:07:00+00:00,747.5800170898438,747.5800170898438,747.4299926757812,747.4500122070312,48503
2026-07-01 19:08:00+00:00,747.47998046875,747.6099853515625,747.4299926757812,747.5399780273438,132062
2026-07-01 19:09:00+00:00,747.5399780273438,747.6900024414062,747.5399780273438,747.6099853515625,60769
2026-07-01 19:10:00+00:00,747.5999755859375,747.6199951171875,747.489990234375,747.5399780273438,50409
2026-07-01 19:11:00+00:00,747.52001953125,747.5700073242188,747.2999877929688,747.3150024414062,74227
2026-07-01 19:12:00+00:00,747.3200073242188,747.4033813476562,747.219970703125,747.3400268554688,94206
2026-07-01 19:13:00+00:00,747.3400268554688,747.3699951171875,747.3099975585938,747.3400268554688,165032
2026-07-01 19:14:00+00:00,747.3400268554688,747.4299926757812,747.27001953125,747.3499755859375,57726
2026-07-01 19:15:00+00:00,747.3200073242188,747.4299926757812,747.3200073242188,747.4000244140625,37518
2026-07-01 19:16:00+00:00,747.4000244140625,747.5900268554688,747.4000244140625,747.5499877929688,46442
2026-07-01 19:17:00+00:00,747.5599975585938,747.5700073242188,747.3300170898438,747.4199829101562,54443
2026-07-01 19:18:00+00:00,747.4299926757812,747.4400024414062,747.27001953125,747.3099975585938,44215
2026-07-01 19:19:00+00:00,747.3099975585938,747.4249877929688,747.2999877929688,747.4000244140625,42459
2026-07-01 19:20:00+00:00,747.4099731445312,747.5,747.3400268554688,747.4099731445312,52252
2026-07-01 19:21:00+00:00,747.4299926757812,747.4600219726562,747.3300170898438,747.3499755859375,33635
2026-07-01 19:22:00+00:00,747.3300170898438,747.39501953125,747.280029296875,747.3699951171875,62891
2026-07-01 19:23:00+00:00,747.3599853515625,747.4299926757812,747.3099975585938,747.3800048828125,67992
2026-07-01 19:24:00+00:00,747.3699951171875,747.530029296875,747.3699951171875,747.489990234375,38074
2026-07-01 19:25:00+00:00,747.5,747.5,747.0700073242188,747.1400146484375,85164
2026-07-01 19:26:00+00:00,747.155029296875,747.1599731445312,746.9500122070312,746.9970092773438,106983
2026-07-01 19:27:00+00:00,747.0,747.0750122070312,746.9500122070312,746.989990234375,175512
2026-07-01 19:28:00+00:00,747.0,747.0999755859375,746.969970703125,747.0599975585938,64732
2026-07-01 19:29:00+00:00,747.0800170898438,747.1599731445312,746.9400024414062,746.9400024414062,168694
2026-07-01 19:30:00+00:00,746.9400024414062,747.3099975585938,746.9299926757812,747.2249755859375,95222
2026-07-01 19:31:00+00:00,747.2100219726562,747.260009765625,746.989990234375,747.1099853515625,73848
2026-07-01 19:32:00+00:00,747.1099853515625,747.16259765625,747.0599975585938,747.155029296875,61948
2026-07-01 19:33:00+00:00,747.1500244140625,747.2100219726562,747.0499877929688,747.2000732421875,232263
2026-07-01 19:34:00+00:00,747.2050170898438,747.219970703125,747.1199951171875,747.1500244140625,83448
2026-07-01 19:35:00+00:00,747.1400146484375,747.1599731445312,746.969970703125,747.0,103801
2026-07-01 19:36:00+00:00,746.9871826171875,747.010009765625,746.8699951171875,746.9149780273438,61519
2026-07-01 19:37:00+00:00,746.9199829101562,746.969970703125,746.8699951171875,746.9099731445312,53279
2026-07-01 19:38:00+00:00,746.9199829101562,746.9199829101562,746.7899780273438,746.79248046875,132634
2026-07-01 19:39:00+00:00,746.7899780273438,746.8836059570312,746.77001953125,746.8400268554688,75673
2026-07-01 19:40:00+00:00,746.8300170898438,746.8699951171875,746.6199951171875,746.6749877929688,177778
2026-07-01 19:41:00+00:00,746.6900024414062,746.7525024414062,746.52001953125,746.5399780273438,177185
2026-07-01 19:42:00+00:00,746.5499877929688,746.5800170898438,746.4600219726562,746.5399780273438,110430
2026-07-01 19:43:00+00:00,746.5418701171875,746.6300048828125,746.469970703125,746.6298217773438,376891
2026-07-01 19:44:00+00:00,746.6099853515625,746.719970703125,746.5,746.6500244140625,111628
2026-07-01 19:45:00+00:00,746.6500244140625,746.6799926757812,746.530029296875,746.5700073242188,98042
2026-07-01 19:46:00+00:00,746.5700073242188,746.6199951171875,746.47998046875,746.52001953125,78283
2026-07-01 19:47:00+00:00,746.52001953125,746.6099853515625,746.5,746.5800170898438,152470
2026-07-01 19:48:00+00:00,746.5700073242188,746.5800170898438,746.3839721679688,746.4099731445312,108793
2026-07-01 19:49:00+00:00,746.4199829101562,746.530029296875,746.3300170898438,746.52001953125,236366
2026-07-01 19:50:00+00:00,746.530029296875,746.7999877929688,746.4600219726562,746.5225219726562,196236
2026-07-01 19:51:00+00:00,746.510009765625,746.510009765625,746.1900024414062,746.2050170898438,222025
2026-07-01 19:52:00+00:00,746.2100219726562,746.218017578125,745.9199829101562,746.0549926757812,271605
2026-07-01 19:53:00+00:00,746.0499877929688,746.3099975585938,745.9600219726562,746.280029296875,207785
2026-07-01 19:54:00+00:00,746.280029296875,746.3499755859375,745.989990234375,746.239990234375,526569
2026-07-01 19:55:00+00:00,746.22998046875,746.22998046875,745.9600219726562,746.1400146484375,449496
2026-07-01 19:56:00+00:00,746.1400146484375,746.25,746.030029296875,746.0499877929688,470219
2026-07-01 19:57:00+00:00,746.0399780273438,746.0449829101562,745.1599731445312,745.4400024414062,582081
2026-07-01 19:58:00+00:00,745.4500122070312,745.75,745.4199829101562,745.6699829101562,996574
2026-07-01 19:59:00+00:00,745.6799926757812,746.1599731445312,745.5800170898438,745.7000122070312,1677959
2026-07-01 20:00:00+00:00,745.67,745.76,745.0,745.08,1144586
2026-07-01 20:01:00+00:00,745.07,747.1557,744.59,744.81,0
2026-07-01 20:02:00+00:00,744.8,747.1557,744.6,744.79,0
2026-07-01 20:03:00+00:00,744.78,744.79,744.51,744.6889,0
2026-07-01 20:04:00+00:00,744.69,745.76,744.48,744.75,0
2026-07-01 20:05:00+00:00,744.78,744.87,744.565,744.6,0
2026-07-01 20:06:00+00:00,744.6292,745.5673,744.57,744.8799,0
2026-07-01 20:07:00+00:00,744.85,745.0,744.79,744.99,0
2026-07-01 20:08:00+00:00,744.99,745.5497,744.95,745.01,0
2026-07-01 20:09:00+00:00,744.95,745.03,744.89,744.89,0
2026-07-01 20:10:00+00:00,744.88,745.76,744.84,745.0295,0
2026-07-01 20:11:00+00:00,745.0399,745.14,744.98,745.0,0
2026-07-01 20:12:00+00:00,744.96,745.5489,744.86,745.02,0
2026-07-01 20:13:00+00:00,745.09,745.26,745.04,745.0498,0
2026-07-01 20:14:00+00:00,745.08,747.1557,745.04,745.07,0
2026-07-01 20:15:00+00:00,745.0777,745.08,744.82,744.89,0
2026-07-01 20:16:00+00:00,744.93,744.96,744.76,744.76,0
2026-07-01 20:17:00+00:00,744.76,744.88,744.73,744.74,0
2026-07-01 20:18:00+00:00,744.72,744.92,744.7131,744.825,0
2026-07-01 20:19:00+00:00,744.84,744.91,744.7969,744.7969,0
2026-07-01 20:20:00+00:00,744.77,745.5512,744.77,744.82,0
2026-07-01 20:21:00+00:00,744.83,744.83,744.71,744.7635,0
2026-07-01 20:22:00+00:00,744.75,744.9,744.7,744.9,0
2026-07-01 20:23:00+00:00,744.89,744.97,744.86,744.92,0
2026-07-01 20:24:00+00:00,744.935,745.02,744.92,744.99,0
2026-07-01 20:25:00+00:00,745.0,745.1,745.0,745.04,0
2026-07-01 20:26:00+00:00,745.04,745.0585,744.91,744.9697,0
2026-07-01 20:27:00+00:00,744.89,745.1,744.8,745.015,0
2026-07-01 20:28:00+00:00,745.05,745.05,744.78,744.8292,0
2026-07-01 20:29:00+00:00,744.81,744.85,744.7612,744.8,0
2026-07-01 20:30:00+00:00,744.8,744.8,744.75,744.75,0
2026-07-01 20:31:00+00:00,744.75,744.835,744.65,744.835,0
2026-07-01 20:32:00+00:00,744.835,745.56,744.7,744.72,0
2026-07-01 20:33:00+00:00,744.749,744.7495,744.67,744.67,0
2026-07-01 20:34:00+00:00,744.67,744.695,744.47,744.53,0
2026-07-01 20:35:00+00:00,744.56,744.56,744.32,744.32,0
2026-07-01 20:36:00+00:00,744.34,744.36,744.2,744.35,0
2026-07-01 20:37:00+00:00,744.36,744.5,744.35,744.48,0
2026-07-01 20:38:00+00:00,744.5,744.52,744.435,744.44,0
2026-07-01 20:39:00+00:00,744.41,744.52,744.22,744.496,0
2026-07-01 20:40:00+00:00,744.5126,744.62,744.5,744.56,0
2026-07-01 20:41:00+00:00,744.6061,744.6385,744.55,744.56,0
2026-07-01 20:42:00+00:00,744.55,744.75,744.545,744.615,0
2026-07-01 20:43:00+00:00,744.58,744.629,744.57,744.6,0
2026-07-01 20:44:00+00:00,744.59,744.65,744.59,744.6,0
2026-07-01 20:45:00+00:00,744.63,744.74,744.6,744.6,0
2026-07-01 20:46:00+00:00,744.585,744.77,744.56,744.61,0
2026-07-01 20:47:00+00:00,744.63,744.65,744.61,744.65,0
2026-07-01 20:48:00+00:00,744.68,744.71,744.62,744.69,0
2026-07-01 20:49:00+00:00,744.6601,744.75,744.66,744.689,0
2026-07-01 20:50:00+00:00,744.675,745.76,744.62,744.72,0
2026-07-01 20:51:00+00:00,744.73,744.76,744.65,744.6692,0
2026-07-01 20:52:00+00:00,744.7188,744.7188,744.56,744.56,0
2026-07-01 20:53:00+00:00,744.55,744.61,744.4,744.51,0
2026-07-01 20:54:00+00:00,744.48,744.56,744.45,744.56,0
2026-07-01 20:55:00+00:00,744.57,744.729,744.56,744.729,0
2026-07-01 20:56:00+00:00,744.67,744.71,744.66,744.66,0
2026-07-01 20:57:00+00:00,744.7075,745.76,744.65,744.7799,0
2026-07-01 20:58:00+00:00,744.77,744.81,744.71,744.81,0
2026-07-01 20:59:00+00:00,744.8,744.96,744.78,744.88,0
2026-07-01 21:00:00+00:00,744.8999,744.9,744.81,744.813,0
2026-07-01 21:01:00+00:00,744.8,744.92,744.8,744.87,0
2026-07-01 21:02:00+00:00,744.9327,745.76,744.8204,745.039,0
2026-07-01 21:03:00+00:00,745.0,745.1,744.8,745.1,0
2026-07-01 21:04:00+00:00,744.96,745.05,744.88,744.94,0
2026-07-01 21:05:00+00:00,745.06,745.06,744.82,744.95,0
2026-07-01 21:06:00+00:00,745.01,745.01,744.87,744.91,0
2026-07-01 21:07:00+00:00,744.96,744.96,744.88,744.895,0
2026-07-01 21:08:00+00:00,744.88,745.007,744.88,744.88,0
2026-07-01 21:09:00+00:00,744.91,745.06,744.88,745.04,0
2026-07-01 21:10:00+00:00,745.07,745.14,744.88,744.94,0
2026-07-01 21:11:00+00:00,744.94,744.997,744.88,744.99,0
2026-07-01 21:12:00+00:00,744.945,745.0,744.89,745.0,0
2026-07-01 21:13:00+00:00,745.0,745.0,744.9043,744.92,0
2026-07-01 21:14:00+00:00,745.0,745.0,744.9083,744.95,0
2026-07-01 21:15:00+00:00,744.955,744.99,744.88,744.99,0
2026-07-01 21:16:00+00:00,745.0,745.76,744.88,744.94,0
2026-07-01 21:17:00+00:00,744.99,745.0793,744.88,744.93,0
2026-07-01 21:18:00+00:00,745.015,745.08,744.96,744.96,0
2026-07-01 21:19:00+00:00,744.96,745.07,744.96,745.0499,0
2026-07-01 21:20:00+00:00,745.055,745.055,744.9,745.03,0
2026-07-01 21:21:00+00:00,744.9,745.02,744.9,744.93,0
2026-07-01 21:22:00+00:00,744.93,744.99,744.89,744.9,0
2026-07-01 21:23:00+00:00,744.88,744.92,744.84,744.87,0
2026-07-01 21:24:00+00:00,744.87,744.9,744.8,744.8,0
2026-07-01 21:25:00+00:00,744.89,744.94,744.74,744.94,0
2026-07-01 21:26:00+00:00,744.88,744.94,744.82,744.94,0
2026-07-01 21:27:00+00:00,744.88,744.94,744.8356,744.84,0
2026-07-01 21:28:00+00:00,744.94,744.94,744.925,744.9399,0
2026-07-01 21:29:00+00:00,744.94,745.06,744.85,745.04,0
2026-07-01 21:30:00+00:00,744.945,745.08,744.87,745.08,0
2026-07-01 21:31:00+00:00,745.0742,745.08,744.8773,744.99,0
2026-07-01 21:32:00+00:00,744.98,745.06,744.87,744.99,0
2026-07-01 21:33:00+00:00,744.9045,745.08,744.9,744.99,0
2026-07-01 21:34:00+00:00,744.955,744.995,744.91,744.99,0
2026-07-01 21:35:00+00:00,744.99,744.99,744.95,744.95,0
2026-07-01 21:36:00+00:00,744.95,745.0,744.95,745.0,0
2026-07-01 21:37:00+00:00,744.9952,745.055,744.9952,745.04,0
2026-07-01 21:38:00+00:00,745.04,745.08,745.04,745.055,0
2026-07-01 21:39:00+00:00,745.055,745.15,745.05,745.14,0
2026-07-01 21:40:00+00:00,745.115,745.1387,745.0945,745.115,0
2026-07-01 21:41:00+00:00,745.09,745.15,745.09,745.1402,0
2026-07-01 21:42:00+00:00,745.1401,745.17,745.14,745.155,0
2026-07-01 21:43:00+00:00,745.155,745.17,745.08,745.16,0
2026-07-01 21:44:00+00:00,745.125,745.19,745.08,745.14,0
2026-07-01 21:45:00+00:00,745.17,745.19,745.0914,745.0914,0
2026-07-01 21:46:00+00:00,745.14,745.19,745.09,745.105,0
2026-07-01 21:47:00+00:00,745.12,745.76,745.1,745.119,0
2026-07-01 21:48:00+00:00,745.12,745.19,745.1,745.1855,0
2026-07-01 21:49:00+00:00,745.145,745.2,745.145,745.2,0
2026-07-01 21:50:00+00:00,745.165,745.23,745.1,745.15,0
2026-07-01 21:51:00+00:00,745.12,745.23,745.08,745.23,0
2026-07-01 21:52:00+00:00,745.12,745.22,745.12,745.14,0
2026-07-01 21:53:00+00:00,745.22,745.23,745.11,745.2157,0
2026-07-01 21:54:00+00:00,745.22,745.22,745.111,745.165,0
2026-07-01 21:55:00+00:00,745.165,745.22,745.126,745.126,0
2026-07-01 21:56:00+00:00,745.15,745.24,745.12,745.24,0
2026-07-01 21:57:00+00:00,745.2225,745.25,745.2,745.249,0
2026-07-01 21:58:00+00:00,745.22,745.2999,745.17,745.17,0
2026-07-01 21:59:00+00:00,745.17,745.19,745.11,745.11,0
2026-07-01 22:00:00+00:00,745.16,745.4,744.79,744.9305,0
2026-07-01 22:01:00+00:00,745.0,745.1,744.89,745.1,0
2026-07-01 22:02:00+00:00,745.1189,745.25,744.985,745.049,0
2026-07-01 22:03:00+00:00,745.02,745.14,744.86,744.915,0
2026-07-01 22:04:00+00:00,744.873,744.96,744.76,744.96,0
2026-07-01 22:05:00+00:00,744.87,745.01,744.84,745.01,0
2026-07-01 22:06:00+00:00,744.93,745.15,744.93,745.09,0
2026-07-01 22:07:00+00:00,745.11,745.2,745.09,745.2,0
2026-07-01 22:08:00+00:00,745.1978,745.35,745.1978,745.29,0
2026-07-01 22:09:00+00:00,745.275,745.275,745.02,745.13,0
2026-07-01 22:10:00+00:00,745.13,745.1582,745.065,745.11,0
2026-07-01 22:11:00+00:00,745.09,745.09,744.986,745.03,0
2026-07-01 22:12:00+00:00,745.015,745.015,744.9349,745.01,0
2026-07-01 22:13:00+00:00,744.95,744.98,744.835,744.8729,0
2026-07-01 22:14:00+00:00,744.85,744.9082,744.8,744.8,0
2026-07-01 22:15:00+00:00,744.81,745.76,744.81,744.86,0
2026-07-01 22:16:00+00:00,744.875,744.91,744.84,744.91,0
2026-07-01 22:17:00+00:00,744.86,744.888,744.7926,744.888,0
2026-07-01 22:18:00+00:00,744.86,744.92,744.855,744.9,0
2026-07-01 22:19:00+00:00,744.9,744.9401,744.88,744.9401,0
2026-07-01 22:20:00+00:00,744.99,745.23,744.9899,745.21,0
2026-07-01 22:21:00+00:00,745.2013,745.36,745.2013,745.32,0
2026-07-01 22:22:00+00:00,745.33,745.36,745.2865,745.325,0
2026-07-01 22:23:00+00:00,745.28,745.3582,745.27,745.2778,0
2026-07-01 22:24:00+00:00,745.2815,745.36,745.28,745.335,0
2026-07-01 22:25:00+00:00,745.3269,745.36,745.295,745.36,0
2026-07-01 22:26:00+00:00,745.3391,745.36,745.28,745.35,0
2026-07-01 22:27:00+00:00,745.365,745.42,745.33,745.42,0
2026-07-01 22:28:00+00:00,745.4,745.42,745.32,745.39,0
2026-07-01 22:29:00+00:00,745.4078,745.45,745.36,745.375,0
2026-07-01 22:30:00+00:00,745.45,745.45,745.3891,745.405,0
2026-07-01 22:31:00+00:00,745.3467,745.39,745.28,745.325,0
2026-07-01 22:32:00+00:00,745.3482,745.4488,745.3305,745.395,0
2026-07-01 22:33:00+00:00,745.44,745.53,745.44,745.4823,0
2026-07-01 22:34:00+00:00,745.53,745.53,745.48,745.48,0
2026-07-01 22:35:00+00:00,745.53,745.54,745.475,745.515,0
2026-07-01 22:36:00+00:00,745.52,745.55,745.4492,745.4492,0
2026-07-01 22:37:00+00:00,745.4478,745.53,745.4478,745.47,0
2026-07-01 22:38:00+00:00,745.51,745.51,745.405,745.44,0
2026-07-01 22:39:00+00:00,745.425,745.5,745.4,745.5,0
2026-07-01 22:40:00+00:00,745.48,745.53,745.441,745.47,0
2026-07-01 22:41:00+00:00,745.47,745.555,745.47,745.51,0
2026-07-01 22:42:00+00:00,745.48,745.5,745.43,745.4985,0
2026-07-01 22:43:00+00:00,745.4433,745.54,745.4433,745.48,0
2026-07-01 22:44:00+00:00,745.4887,745.49,745.425,745.46,0
2026-07-01 22:45:00+00:00,745.445,745.4882,745.37,745.4,0
2026-07-01 22:46:00+00:00,745.38,745.38,745.22,745.255,0
2026-07-01 22:47:00+00:00,745.279,745.279,745.2299,745.26,0
2026-07-01 22:48:00+00:00,745.28,745.28,745.23,745.255,0
2026-07-01 22:49:00+00:00,745.245,745.28,745.245,745.265,0
2026-07-01 22:50:00+00:00,745.275,745.28,745.19,745.19,0
2026-07-01 22:51:00+00:00,745.215,745.315,745.21,745.315,0
2026-07-01 22:52:00+00:00,745.285,745.34,745.25,745.28,0
2026-07-01 22:53:00+00:00,745.2887,745.351,745.2401,745.351,0
2026-07-01 22:54:00+00:00,745.315,745.37,745.21,745.24,0
2026-07-01 22:55:00+00:00,745.2115,745.39,745.2115,745.355,0
2026-07-01 22:56:00+00:00,745.385,745.5801,745.385,745.5801,0
2026-07-01 22:57:00+00:00,745.58,745.6225,745.55,745.61,0
2026-07-01 22:58:00+00:00,745.61,745.64,745.57,745.5999,0
2026-07-01 22:59:00+00:00,745.605,745.64,745.575,745.5899,0
2026-07-01 23:00:00+00:00,745.6,745.6,745.44,745.5,0
2026-07-01 23:01:00+00:00,745.4226,745.55,745.38,745.545,0
2026-07-01 23:02:00+00:00,745.5082,745.52,745.34,745.5,0
2026-07-01 23:03:00+00:00,745.5,745.53,745.42,745.495,0
2026-07-01 23:04:00+00:00,745.49,745.49,745.4,745.4497,0
2026-07-01 23:05:00+00:00,745.4214,745.4214,745.32,745.3215,0
2026-07-01 23:06:00+00:00,745.375,745.409,745.32,745.375,0
2026-07-01 23:07:00+00:00,745.37,745.45,745.29,745.29,0
2026-07-01 23:08:00+00:00,745.3,745.3785,745.3,745.35,0
2026-07-01 23:09:00+00:00,745.39,745.39,745.25,745.275,0
2026-07-01 23:10:00+00:00,745.3,745.38,745.3,745.3,0
2026-07-01 23:11:00+00:00,745.36,745.38,745.31,745.3123,0
2026-07-01 23:12:00+00:00,745.32,745.34,745.32,745.3312,0
2026-07-01 23:13:00+00:00,745.3404,745.36,745.185,745.23,0
2026-07-01 23:14:00+00:00,745.2,745.23,745.17,745.23,0
2026-07-01 23:15:00+00:00,745.205,745.23,745.15,745.205,0
2026-07-01 23:16:00+00:00,745.22,745.22,745.1808,745.205,0
2026-07-01 23:17:00+00:00,745.2,745.26,745.155,745.26,0
2026-07-01 23:18:00+00:00,745.2,745.2247,745.13,745.141,0
2026-07-01 23:19:00+00:00,745.14,745.2,745.14,745.17,0
2026-07-01 23:20:00+00:00,745.1981,745.2,745.161,745.2,0
2026-07-01 23:21:00+00:00,745.1987,745.27,745.16,745.27,0
2026-07-01 23:22:00+00:00,745.27,745.275,745.24,745.25,0
2026-07-01 23:23:00+00:00,745.26,745.28,745.19,745.23,0
2026-07-01 23:24:00+00:00,745.23,745.23,745.17,745.17,0
2026-07-01 23:25:00+00:00,745.22,745.25,745.2,745.24,0
2026-07-01 23:26:00+00:00,745.24,745.2988,745.22,745.22,0
2026-07-01 23:27:00+00:00,745.265,745.28,745.22,745.235,0
2026-07-01 23:28:00+00:00,745.28,745.3,745.245,745.291,0
2026-07-01 23:29:00+00:00,745.2706,745.3,745.27,745.28,0
2026-07-01 23:30:00+00:00,745.28,745.28,745.24,745.24,0
2026-07-01 23:31:00+00:00,745.2798,745.31,745.275,745.31,0
2026-07-01 23:32:00+00:00,745.305,745.31,745.255,745.255,0
2026-07-01 23:33:00+00:00,745.27,745.34,745.26,745.34,0
2026-07-01 23:34:00+00:00,745.29,745.32,745.15,745.15,0
2026-07-01 23:35:00+00:00,745.1,745.1187,745.0,745.0277,0
2026-07-01 23:36:00+00:00,745.0533,745.36,745.0533,745.33,0
2026-07-01 23:37:00+00:00,745.22,745.28,745.17,745.2585,0
2026-07-01 23:38:00+00:00,745.25,745.36,745.25,745.3,0
2026-07-01 23:39:00+00:00,745.38,745.38,745.295,745.295,0
2026-07-01 23:40:00+00:00,745.27,745.3,745.27,745.27,0
2026-07-01 23:41:00+00:00,745.295,745.325,745.295,745.325,0
2026-07-01 23:42:00+00:00,745.3,745.3207,745.26,745.27,0
2026-07-01 23:43:00+00:00,745.298,745.3085,745.2,745.2,0
2026-07-01 23:44:00+00:00,745.22,745.33,745.215,745.33,0
2026-07-01 23:45:00+00:00,745.2982,745.2982,744.8,744.94,0
2026-07-01 23:46:00+00:00,745.01,745.01,744.7207,744.75,0
2026-07-01 23:47:00+00:00,744.8,744.96,744.735,744.9595,0
2026-07-01 23:48:00+00:00,744.9727,745.0,744.8021,744.8021,0
2026-07-01 23:49:00+00:00,744.75,744.75,744.6,744.66,0
2026-07-01 23:50:00+00:00,744.67,744.75,744.5,744.6,0
2026-07-01 23:51:00+00:00,744.62,744.78,744.56,744.715,0
2026-07-01 23:52:00+00:00,744.69,744.9,744.6632,744.88,0
2026-07-01 23:53:00+00:00,744.9,745.11,744.9,745.04,0
2026-07-01 23:54:00+00:00,744.98,745.07,744.96,744.995,0
2026-07-01 23:55:00+00:00,744.99,745.06,744.935,744.935,0
2026-07-01 23:56:00+00:00,744.95,745.08,744.93,745.08,0
2026-07-01 23:57:00+00:00,744.98,745.01,744.8848,744.8848,0
2026-07-01 23:58:00+00:00,744.8726,744.98,744.86,744.93,0
2026-07-01 23:59:00+00:00,744.96,745.09,744.91,744.97,0
2026-07-02 08:00:00+00:00,745.26,747.494,744.1382,744.73,0
2026-07-02 08:01:00+00:00,744.783,747.4,744.04,744.95,0
2026-07-02 08:02:00+00:00,745.01,745.09,744.91,744.96,0
2026-07-02 08:03:00+00:00,745.09,747.36,745.06,746.72,0
2026-07-02 08:04:00+00:00,747.25,747.35,745.03,745.54,0
2026-07-02 08:05:00+00:00,745.41,745.87,744.2,744.88,0
2026-07-02 08:06:00+00:00,744.72,746.76,744.01,745.08,0
2026-07-02 08:07:00+00:00,745.35,747.26,744.6,746.2,0
2026-07-02 08:08:00+00:00,745.16,746.6,744.6487,745.72,0
2026-07-02 08:09:00+00:00,744.99,744.99,744.79,744.8085,0
2026-07-02 08:10:00+00:00,744.78,744.8577,744.78,744.8577,0
2026-07-02 08:11:00+00:00,744.66,744.7182,744.54,744.61,0
2026-07-02 08:12:00+00:00,744.56,744.57,744.4,744.4512,0
2026-07-02 08:13:00+00:00,744.5,744.5,744.36,744.42,0
2026-07-02 08:14:00+00:00,744.45,744.46,744.23,744.35,0
2026-07-02 08:15:00+00:00,744.4038,744.69,744.4,744.69,0
2026-07-02 08:16:00+00:00,744.6302,744.82,744.6045,744.81,0
2026-07-02 08:17:00+00:00,744.78,744.9,744.78,744.84,0
2026-07-02 08:18:00+00:00,744.829,744.829,744.74,744.74,0
2026-07-02 08:19:00+00:00,744.76,744.9,744.71,744.89,0
2026-07-02 08:20:00+00:00,744.97,744.99,744.86,744.99,0
2026-07-02 08:21:00+00:00,745.1,745.13,744.9785,744.9785,0
2026-07-02 08:22:00+00:00,745.15,745.22,745.15,745.22,0
2026-07-02 08:23:00+00:00,745.18,745.34,745.17,745.34,0
2026-07-02 08:24:00+00:00,745.35,745.48,745.34,745.48,0
2026-07-02 08:25:00+00:00,745.43,745.47,745.39,745.47,0
2026-07-02 08:26:00+00:00,745.45,745.65,745.45,745.65,0
2026-07-02 08:27:00+00:00,745.65,745.7,745.61,745.7,0
2026-07-02 08:28:00+00:00,745.72,745.76,745.68,745.69,0
2026-07-02 08:29:00+00:00,745.69,745.69,745.57,745.57,0
2026-07-02 08:30:00+00:00,745.57,745.57,745.4,745.54,0
2026-07-02 08:31:00+00:00,745.69,745.95,745.69,745.92,0
2026-07-02 08:32:00+00:00,745.95,745.95,745.83,745.83,0
2026-07-02 08:33:00+00:00,745.88,745.96,745.8,745.84,0
2026-07-02 08:34:00+00:00,745.84,746.05,745.81,746.05,0
2026-07-02 08:35:00+00:00,746.03,746.15,746.03,746.15,0
2026-07-02 08:36:00+00:00,746.133,746.25,746.09,746.16,0
2026-07-02 08:37:00+00:00,746.21,746.23,746.0492,746.0733,0
2026-07-02 08:38:00+00:00,746.15,746.15,746.093,746.093,0
2026-07-02 08:39:00+00:00,746.07,746.17,746.07,746.1228,0
2026-07-02 08:40:00+00:00,746.07,746.0985,745.99,745.99,0
2026-07-02 08:41:00+00:00,745.9941,746.0,745.96,745.97,0
2026-07-02 08:42:00+00:00,745.9911,745.9911,745.89,745.96,0
2026-07-02 08:43:00+00:00,745.95,745.95,745.85,745.87,0
2026-07-02 08:44:00+00:00,745.92,745.9387,745.9,745.9387,0
2026-07-02 08:45:00+00:00,745.9,745.93,745.9,745.9,0
2026-07-02 08:46:00+00:00,745.84,746.07,745.84,746.07,0
2026-07-02 08:47:00+00:00,746.0222,746.069,745.96,745.97,0
2026-07-02 08:48:00+00:00,746.02,746.02,745.97,745.97,0
2026-07-02 08:49:00+00:00,746.1,746.12,746.1,746.12,0
2026-07-02 08:50:00+00:00,746.15,746.2,746.12,746.1985,0
2026-07-02 08:51:00+00:00,746.19,746.28,746.19,746.28,0
2026-07-02 08:52:00+00:00,746.28,746.3202,746.28,746.28,0
2026-07-02 08:53:00+00:00,746.38,746.41,746.3419,746.41,0
2026-07-02 08:54:00+00:00,746.2887,746.2887,746.19,746.19,0
2026-07-02 08:55:00+00:00,746.24,746.24,746.15,746.15,0
2026-07-02 08:56:00+00:00,746.23,746.24,746.17,746.195,0
2026-07-02 08:57:00+00:00,746.1,746.24,746.05,746.24,0
2026-07-02 08:58:00+00:00,746.19,746.21,746.19,746.21,0
2026-07-02 08:59:00+00:00,746.21,746.21,746.15,746.21,0
2026-07-02 09:00:00+00:00,746.12,746.14,745.87,745.92,0
2026-07-02 09:01:00+00:00,745.92,745.92,745.88,745.88,0
2026-07-02 09:02:00+00:00,745.871,745.909,745.87,745.8804,0
2026-07-02 09:03:00+00:00,745.87,745.88,745.78,745.78,0
2026-07-02 09:04:00+00:00,745.84,745.84,745.8287,745.8287,0
2026-07-02 09:05:00+00:00,745.76,745.76,745.65,745.72,0
2026-07-02 09:06:00+00:00,745.67,745.67,745.6,745.61,0
2026-07-02 09:07:00+00:00,745.62,745.62,745.5,745.56,0
2026-07-02 09:08:00+00:00,745.58,745.59,745.49,745.499,0
2026-07-02 09:09:00+00:00,745.47,745.51,745.47,745.51,0
2026-07-02 09:10:00+00:00,745.59,745.61,745.5614,745.57,0
2026-07-02 09:11:00+00:00,745.67,745.77,745.64,745.77,0
2026-07-02 09:12:00+00:00,745.721,745.721,745.67,745.67,0
2026-07-02 09:13:00+00:00,745.65,745.75,745.65,745.7385,0
2026-07-02 09:14:00+00:00,745.67,745.67,745.64,745.64,0
2026-07-02 09:15:00+00:00,745.6692,745.71,745.56,745.57,0
2026-07-02 09:16:00+00:00,745.5565,745.59,745.5,745.59,0
2026-07-02 09:17:00+00:00,745.6112,745.661,745.6112,745.661,0
2026-07-02 09:18:00+00:00,745.6,745.62,745.59,745.59,0
2026-07-02 09:19:00+00:00,745.6352,745.71,745.62,745.62,0
2026-07-02 09:20:00+00:00,745.56,745.67,745.55,745.67,0
2026-07-02 09:21:00+00:00,745.69,745.69,745.69,745.69,0
2026-07-02 09:22:00+00:00,745.6041,745.649,745.6041,745.649,0
2026-07-02 09:23:00+00:00,745.68,745.73,745.62,745.65,0
2026-07-02 09:24:00+00:00,745.71,745.71,745.5941,745.61,0
2026-07-02 09:25:00+00:00,745.61,745.61,745.4887,745.53,0
2026-07-02 09:26:00+00:00,745.52,745.5368,745.47,745.5368,0
2026-07-02 09:27:00+00:00,745.51,745.6,745.51,745.5595,0
2026-07-02 09:28:00+00:00,745.56,745.77,745.56,745.7,0
2026-07-02 09:29:00+00:00,745.69,745.75,745.6817,745.6817,0
2026-07-02 09:30:00+00:00,745.76,745.77,745.6812,745.6821,0
2026-07-02 09:31:00+00:00,745.73,745.73,745.73,745.73,0
2026-07-02 09:32:00+00:00,745.82,745.97,745.81,745.91,0
2026-07-02 09:33:00+00:00,745.91,746.05,745.86,746.05,0
2026-07-02 09:34:00+00:00,746.04,746.06,745.89,745.89,0
2026-07-02 09:35:00+00:00,745.9,745.98,745.9,745.96,0
2026-07-02 09:36:00+00:00,745.94,745.96,745.91,745.96,0
2026-07-02 09:37:00+00:00,745.96,745.96,745.93,745.94,0
2026-07-02 09:38:00+00:00,745.95,746.17,745.95,746.07,0
2026-07-02 09:39:00+00:00,746.09,746.13,746.05,746.05,0
2026-07-02 09:40:00+00:00,746.0639,746.11,745.9807,745.9807,0
2026-07-02 09:41:00+00:00,746.03,746.09,746.02,746.03,0
2026-07-02 09:42:00+00:00,746.09,746.09,745.9733,746.03,0
2026-07-02 09:43:00+00:00,746.15,746.18,746.1,746.1,0
2026-07-02 09:44:00+00:00,746.13,746.14,746.03,746.03,0
2026-07-02 09:45:00+00:00,746.01,746.01,745.8887,745.8887,0
2026-07-02 09:46:00+00:00,745.78,745.7966,745.62,745.62,0
2026-07-02 09:47:00+00:00,745.81,745.88,745.81,745.8499,0
2026-07-02 09:48:00+00:00,745.8385,745.8385,745.8385,745.8385,0
2026-07-02 09:49:00+00:00,745.85,745.85,745.8,745.8499,0
2026-07-02 09:50:00+00:00,745.85,745.8982,745.83,745.8982,0
2026-07-02 09:51:00+00:00,745.9,745.9,745.88,745.88,0
2026-07-02 09:52:00+00:00,745.799,745.839,745.799,745.8315,0
2026-07-02 09:53:00+00:00,745.86,745.88,745.8,745.88,0
2026-07-02 09:54:00+00:00,745.79,745.83,745.79,745.83,0
2026-07-02 09:55:00+00:00,745.8282,745.8282,745.64,745.64,0
2026-07-02 09:56:00+00:00,745.72,745.72,745.5787,745.5787,0
2026-07-02 09:57:00+00:00,745.61,745.61,745.61,745.61,0
2026-07-02 09:58:00+00:00,745.68,745.69,745.63,745.63,0
2026-07-02 09:59:00+00:00,745.61,745.64,745.6,745.64,0
2026-07-02 10:00:00+00:00,745.619,745.63,745.54,745.58,0
2026-07-02 10:01:00+00:00,745.55,745.5885,745.4212,745.4985,0
2026-07-02 10:02:00+00:00,745.49,745.49,745.49,745.49,0
2026-07-02 10:03:00+00:00,745.42,745.42,745.23,745.23,0
2026-07-02 10:04:00+00:00,745.258,745.258,745.16,745.16,0
2026-07-02 10:05:00+00:00,745.15,745.401,745.15,745.401,0
2026-07-02 10:06:00+00:00,745.35,745.51,745.35,745.43,0
2026-07-02 10:07:00+00:00,745.44,745.548,745.44,745.47,0
2026-07-02 10:08:00+00:00,745.42,745.42,745.42,745.42,0
2026-07-02 10:09:00+00:00,745.4085,745.4182,745.4085,745.4182,0
2026-07-02 10:10:00+00:00,745.4582,745.49,745.4582,745.49,0
2026-07-02 10:11:00+00:00,745.4585,745.49,745.4585,745.49,0
2026-07-02 10:12:00+00:00,745.42,745.42,745.38,745.38,0
2026-07-02 10:13:00+00:00,745.4,745.4,745.3,745.3,0
2026-07-02 10:14:00+00:00,745.35,745.35,745.33,745.34,0
2026-07-02 10:15:00+00:00,745.284,745.3236,745.284,745.3236,0
2026-07-02 10:16:00+00:00,745.38,745.4,745.3,745.3,0
2026-07-02 10:17:00+00:00,745.385,745.385,745.38,745.38,0
2026-07-02 10:18:00+00:00,745.4,745.41,745.3715,745.3715,0
2026-07-02 10:19:00+00:00,745.38,745.57,745.38,745.57,0
2026-07-02 10:20:00+00:00,745.61,745.61,745.5,745.5,0
2026-07-02 10:21:00+00:00,745.47,745.58,745.47,745.58,0
2026-07-02 10:22:00+00:00,745.58,745.58,745.52,745.52,0
2026-07-02 10:23:00+00:00,745.48,745.49,745.48,745.48,0
2026-07-02 10:24:00+00:00,745.55,745.56,745.52,745.52,0
2026-07-02 10:25:00+00:00,745.65,745.72,745.65,745.68,0
2026-07-02 10:26:00+00:00,745.75,745.75,745.75,745.75,0
2026-07-02 10:27:00+00:00,745.74,745.74,745.71,745.71,0
2026-07-02 10:28:00+00:00,745.65,745.65,745.59,745.6,0
2026-07-02 10:29:00+00:00,745.5987,745.6882,745.5501,745.6882,0
2026-07-02 10:30:00+00:00,745.67,745.82,745.67,745.82,0
2026-07-02 10:31:00+00:00,745.82,745.87,745.8,745.87,0
2026-07-02 10:32:00+00:00,745.86,745.86,745.78,745.8,0
2026-07-02 10:33:00+00:00,745.76,746.0,745.76,746.0,0
2026-07-02 10:34:00+00:00,746.06,746.15,746.06,746.14,0
2026-07-02 10:35:00+00:00,746.06,746.1,746.02,746.02,0
2026-07-02 10:36:00+00:00,746.08,746.11,746.02,746.02,0
2026-07-02 10:37:00+00:00,746.07,746.15,746.07,746.12,0
2026-07-02 10:38:00+00:00,746.12,746.3,746.12,746.258,0
2026-07-02 10:39:00+00:00,746.21,746.3005,746.2,746.249,0
2026-07-02 10:40:00+00:00,746.27,746.27,746.21,746.21,0
2026-07-02 10:41:00+00:00,746.2212,746.28,746.22,746.24,0
2026-07-02 10:42:00+00:00,746.22,746.27,746.18,746.18,0
2026-07-02 10:43:00+00:00,746.17,746.17,746.1187,746.128,0
2026-07-02 10:44:00+00:00,746.16,746.16,746.051,746.06,0
2026-07-02 10:45:00+00:00,746.09,746.09,746.0,746.0,0
2026-07-02 10:46:00+00:00,746.009,746.04,745.9645,745.99,0
2026-07-02 10:47:00+00:00,746.009,746.009,745.96,745.96,0
2026-07-02 10:48:00+00:00,745.94,745.94,745.85,745.861,0
2026-07-02 10:49:00+00:00,745.97,746.02,745.97,745.99,0
2026-07-02 10:50:00+00:00,745.96,746.0,745.95,745.99,0
2026-07-02 10:51:00+00:00,745.98,745.98,745.9088,745.9088,0
2026-07-02 10:52:00+00:00,745.9,745.93,745.89,745.9,0
2026-07-02 10:53:00+00:00,745.91,745.94,745.89,745.94,0
2026-07-02 10:54:00+00:00,745.97,746.11,745.97,746.11,0
2026-07-02 10:55:00+00:00,746.06,746.06,746.06,746.06,0
2026-07-02 10:56:00+00:00,746.05,746.06,745.99,746.06,0
2026-07-02 10:57:00+00:00,746.0703,746.1288,746.02,746.0685,0
2026-07-02 10:58:00+00:00,746.11,746.29,746.11,746.22,0
2026-07-02 10:59:00+00:00,746.21,746.2232,746.21,746.2232,0
2026-07-02 11:00:00+00:00,746.18,746.305,745.76,745.76,0
2026-07-02 11:01:00+00:00,746.2103,746.3484,746.21,746.27,0
2026-07-02 11:02:00+00:00,746.29,746.33,745.76,745.76,0
2026-07-02 11:03:00+00:00,746.26,746.29,745.76,746.11,0
2026-07-02 11:04:00+00:00,746.0,746.06,745.9299,745.95,0
2026-07-02 11:05:00+00:00,745.97,746.0,745.82,745.92,0
2026-07-02 11:06:00+00:00,745.8442,745.87,745.78,745.859,0
2026-07-02 11:07:00+00:00,745.8235,745.87,745.79,745.81,0
2026-07-02 11:08:00+00:00,745.818,745.92,745.818,745.865,0
2026-07-02 11:09:00+00:00,745.92,745.97,745.8918,745.97,0
2026-07-02 11:10:00+00:00,745.968,746.03,745.91,745.98,0
2026-07-02 11:11:00+00:00,745.98,746.05,745.9288,746.0087,0
2026-07-02 11:12:00+00:00,746.0,746.218,746.0,746.14,0
2026-07-02 11:13:00+00:00,746.13,746.27,746.13,746.21,0
2026-07-02 11:14:00+00:00,746.2322,746.24,746.17,746.24,0
2026-07-02 11:15:00+00:00,746.19,746.275,746.1865,746.2301,0
2026-07-02 11:16:00+00:00,746.27,746.28,746.23,746.28,0
2026-07-02 11:17:00+00:00,746.23,746.23,745.9433,745.9433,0
2026-07-02 11:18:00+00:00,746.01,746.01,745.81,745.95,0
2026-07-02 11:19:00+00:00,745.93,746.085,745.93,746.03,0
2026-07-02 11:20:00+00:00,746.05,746.05,745.9,745.935,0
2026-07-02 11:21:00+00:00,745.9192,745.94,745.8515,745.9,0
2026-07-02 11:22:00+00:00,745.932,746.11,745.932,746.1,0
2026-07-02 11:23:00+00:00,746.1635,746.25,746.15,746.225,0
2026-07-02 11:24:00+00:00,746.23,746.25,746.2,746.2288,0
2026-07-02 11:25:00+00:00,746.2,746.2487,746.18,746.24,0
2026-07-02 11:26:00+00:00,746.25,746.33,746.25,746.33,0
2026-07-02 11:27:00+00:00,746.319,746.319,746.22,746.289,0
2026-07-02 11:28:00+00:00,746.255,746.299,746.22,746.2492,0
2026-07-02 11:29:00+00:00,746.25,746.28,746.19,746.22,0
2026-07-02 11:30:00+00:00,746.19,746.31,746.11,746.19,0
2026-07-02 11:31:00+00:00,746.18,746.2298,746.15,746.17,0
2026-07-02 11:32:00+00:00,746.27,746.3,746.185,746.185,0
2026-07-02 11:33:00+00:00,746.21,746.26,746.15,746.26,0
2026-07-02 11:34:00+00:00,746.23,746.25,746.07,746.07,0
2026-07-02 11:35:00+00:00,746.11,746.16,746.09,746.135,0
2026-07-02 11:36:00+00:00,746.16,746.28,746.16,746.2,0
2026-07-02 11:37:00+00:00,746.18,746.31,746.11,746.2816,0
2026-07-02 11:38:00+00:00,746.36,746.5685,746.31,746.55,0
2026-07-02 11:39:00+00:00,746.52,746.6,746.49,746.57,0
2026-07-02 11:40:00+00:00,746.55,746.61,746.37,746.37,0
2026-07-02 11:41:00+00:00,746.42,746.6,746.26,746.6,0
2026-07-02 11:42:00+00:00,746.6,746.65,746.57,746.6487,0
2026-07-02 11:43:00+00:00,746.62,746.6992,746.6,746.655,0
2026-07-02 11:44:00+00:00,746.69,746.7,746.6,746.659,0
2026-07-02 11:45:00+00:00,746.635,746.75,746.63,746.68,0
2026-07-02 11:46:00+00:00,746.68,746.73,746.64,746.69,0
2026-07-02 11:47:00+00:00,746.675,746.82,746.675,746.75,0
2026-07-02 11:48:00+00:00,746.75,746.85,746.74,746.83,0
2026-07-02 11:49:00+00:00,746.785,746.82,746.63,746.669,0
2026-07-02 11:50:00+00:00,746.6,746.72,746.58,746.7105,0
2026-07-02 11:51:00+00:00,746.71,746.7127,746.65,746.7127,0
2026-07-02 11:52:00+00:00,746.735,746.78,746.65,746.65,0
2026-07-02 11:53:00+00:00,746.69,746.69,746.54,746.54,0
2026-07-02 11:54:00+00:00,746.53,746.53,746.285,746.295,0
2026-07-02 11:55:00+00:00,746.32,746.47,746.315,746.4,0
2026-07-02 11:56:00+00:00,746.42,746.49,746.39,746.44,0
2026-07-02 11:57:00+00:00,746.471,746.471,746.3117,746.36,0
2026-07-02 11:58:00+00:00,746.34,746.46,746.34,746.39,0
2026-07-02 11:59:00+00:00,746.35,746.35,746.2665,746.279,0
2026-07-02 12:00:00+00:00,746.22,746.2594,746.01,746.0778,0
2026-07-02 12:01:00+00:00,746.085,746.11,746.02,746.0574,0
2026-07-02 12:02:00+00:00,746.05,746.26,746.05,746.25,0
2026-07-02 12:03:00+00:00,746.28,746.51,746.2615,746.4615,0
2026-07-02 12:04:00+00:00,746.49,746.72,746.48,746.7,0
2026-07-02 12:05:00+00:00,746.71,746.74,746.56,746.56,0
2026-07-02 12:06:00+00:00,746.6,746.8482,746.5818,746.7999,0
2026-07-02 12:07:00+00:00,746.75,746.85,746.705,746.71,0
2026-07-02 12:08:00+00:00,746.71,746.85,746.645,746.815,0
2026-07-02 12:09:00+00:00,746.815,746.83,746.66,746.79,0
2026-07-02 12:10:00+00:00,746.765,746.85,746.765,746.795,0
2026-07-02 12:11:00+00:00,746.79,746.82,746.64,746.82,0
2026-07-02 12:12:00+00:00,746.825,746.95,746.79,746.825,0
2026-07-02 12:13:00+00:00,746.84,746.99,746.79,746.9029,0
2026-07-02 12:14:00+00:00,746.92,747.05,746.92,746.975,0
2026-07-02 12:15:00+00:00,746.99,747.09,746.92,747.04,0
2026-07-02 12:16:00+00:00,747.01,747.13,747.007,747.12,0
2026-07-02 12:17:00+00:00,747.11,747.22,747.07,747.0882,0
2026-07-02 12:18:00+00:00,747.085,747.12,746.97,747.09,0
2026-07-02 12:19:00+00:00,747.07,747.13,746.96,747.09,0
2026-07-02 12:20:00+00:00,747.1038,747.325,747.0916,747.2,0
2026-07-02 12:21:00+00:00,747.2585,747.2588,747.01,747.1684,0
2026-07-02 12:22:00+00:00,747.13,747.33,747.09,747.315,0
2026-07-02 12:23:00+00:00,747.22,747.33,747.17,747.23,0
2026-07-02 12:24:00+00:00,747.28,747.38,747.27,747.35,0
2026-07-02 12:25:00+00:00,747.3712,747.46,747.2249,747.45,0
2026-07-02 12:26:00+00:00,747.44,747.485,747.29,747.3,0
2026-07-02 12:27:00+00:00,747.26,747.33,747.0,747.09,0
2026-07-02 12:28:00+00:00,747.04,747.17,746.86,747.12,0
2026-07-02 12:29:00+00:00,747.1782,747.6,747.12,747.47,0
2026-07-02 12:30:00+00:00,747.59,749.37,746.8,749.22,0
2026-07-02 12:31:00+00:00,749.285,749.39,748.465,748.5485,0
2026-07-02 12:32:00+00:00,748.52,748.9,748.31,748.39,0
2026-07-02 12:33:00+00:00,748.4627,748.95,748.14,748.78,0
2026-07-02 12:34:00+00:00,748.74,749.0,748.65,748.91,0
2026-07-02 12:35:00+00:00,748.951,749.4,748.881,749.35,0
2026-07-02 12:36:00+00:00,749.3387,749.54,749.2,749.31,0
2026-07-02 12:37:00+00:00,749.32,749.33,748.95,749.26,0
2026-07-02 12:38:00+00:00,749.27,749.3162,748.75,748.975,0
2026-07-02 12:39:00+00:00,749.02,749.17,748.93,749.17,0
2026-07-02 12:40:00+00:00,749.0,749.2651,748.95,749.09,0
2026-07-02 12:41:00+00:00,749.12,749.1387,748.7,748.73,0
2026-07-02 12:42:00+00:00,748.71,749.0,748.68,748.86,0
2026-07-02 12:43:00+00:00,748.8935,749.21,748.8,749.105,0
2026-07-02 12:44:00+00:00,749.08,749.11,748.8548,748.8612,0
2026-07-02 12:45:00+00:00,748.8616,749.13,748.845,748.967,0
2026-07-02 12:46:00+00:00,748.9401,749.1,748.905,749.07,0
2026-07-02 12:47:00+00:00,749.08,749.1085,745.76,748.96,0
2026-07-02 12:48:00+00:00,748.88,749.225,748.82,749.09,0
2026-07-02 12:49:00+00:00,749.115,749.115,748.99,749.0,0
2026-07-02 12:50:00+00:00,749.0,749.15,748.96,749.15,0
2026-07-02 12:51:00+00:00,749.1,749.14,748.74,748.79,0
2026-07-02 12:52:00+00:00,748.83,749.05,748.83,748.84,0
2026-07-02 12:53:00+00:00,748.795,748.82,748.57,748.595,0
2026-07-02 12:54:00+00:00,748.57,748.64,748.44,748.465,0
2026-07-02 12:55:00+00:00,748.51,748.51,748.15,748.21,0
2026-07-02 12:56:00+00:00,748.15,748.165,747.95,748.09,0
2026-07-02 12:57:00+00:00,748.1387,748.1387,747.7,747.78,0
2026-07-02 12:58:00+00:00,747.81,747.8969,747.7,747.7,0
2026-07-02 12:59:00+00:00,747.69,748.08,747.69,748.0565,0
2026-07-02 13:00:00+00:00,748.08,748.47,747.62,747.67,0
2026-07-02 13:01:00+00:00,747.7,747.7,747.185,747.615,0
2026-07-02 13:02:00+00:00,747.65,747.9,747.365,747.79,0
2026-07-02 13:03:00+00:00,747.79,748.03,747.75,747.8379,0
2026-07-02 13:04:00+00:00,747.85,748.08,747.81,748.0405,0
2026-07-02 13:05:00+00:00,748.06,748.08,747.495,747.64,0
2026-07-02 13:06:00+00:00,747.635,747.75,747.55,747.63,0
2026-07-02 13:07:00+00:00,747.56,747.68,747.53,747.57,0
2026-07-02 13:08:00+00:00,747.61,747.64,747.3,747.3665,0
2026-07-02 13:09:00+00:00,747.4,747.53,747.31,747.32,0
2026-07-02 13:10:00+00:00,747.47,747.6,747.32,747.52,0
2026-07-02 13:11:00+00:00,747.48,747.6,747.43,747.48,0
2026-07-02 13:12:00+00:00,747.465,747.6,747.42,747.575,0
2026-07-02 13:13:00+00:00,747.57,747.69,747.47,747.59,0
2026-07-02 13:14:00+00:00,747.575,747.5996,747.25,747.3678,0
2026-07-02 13:30:00+00:00,747.4000244140625,747.9299926757812,747.0999755859375,747.8599853515625,1699409
2026-07-02 13:31:00+00:00,747.8599853515625,748.25,747.530029296875,748.0800170898438,174001
2026-07-02 13:32:00+00:00,748.1099853515625,748.6900024414062,747.6300048828125,748.22998046875,172078
2026-07-02 13:33:00+00:00,748.2349853515625,748.6799926757812,748.010009765625,748.6199951171875,140132
2026-07-02 13:34:00+00:00,748.6699829101562,748.719970703125,748.1599731445312,748.5599975585938,322900
2026-07-02 13:35:00+00:00,748.5399780273438,748.8900146484375,748.4099731445312,748.5900268554688,85039
2026-07-02 13:36:00+00:00,748.6199951171875,749.010009765625,748.4299926757812,748.97998046875,123257
2026-07-02 13:37:00+00:00,748.9500122070312,749.1900024414062,748.8599853515625,748.989990234375,106456
2026-07-02 13:38:00+00:00,749.0,749.0,747.989990234375,748.3400268554688,161627
2026-07-02 13:39:00+00:00,748.3200073242188,748.89501953125,748.3200073242188,748.780029296875,63494
2026-07-02 13:40:00+00:00,748.8099975585938,749.2100219726562,748.6300048828125,748.9000244140625,109559
2026-07-02 13:41:00+00:00,748.9299926757812,749.4299926757812,748.7999877929688,749.2899780273438,137640
2026-07-02 13:42:00+00:00,749.2849731445312,749.69921875,749.2750244140625,749.6500244140625,152528
2026-07-02 13:43:00+00:00,749.6400146484375,750.25,749.5599975585938,750.0999755859375,190707
2026-07-02 13:44:00+00:00,750.0900268554688,750.094970703125,749.6900024414062,749.7999877929688,115592
2026-07-02 13:45:00+00:00,749.760009765625,750.0800170898438,749.510009765625,749.8699951171875,116166
2026-07-02 13:46:00+00:00,749.885009765625,750.0399780273438,749.739990234375,749.780029296875,58777
2026-07-02 13:47:00+00:00,749.77001953125,750.3099975585938,749.6400146484375,750.3099975585938,95498
2026-07-02 13:48:00+00:00,750.27001953125,750.5999755859375,750.239990234375,750.5700073242188,100640
2026-07-02 13:49:00+00:00,750.5599975585938,750.7362060546875,750.4000244140625,750.405029296875,103279
2026-07-02 13:50:00+00:00,750.4190063476562,750.6300048828125,750.1799926757812,750.6099853515625,106662
2026-07-02 13:51:00+00:00,750.6099853515625,751.0399780273438,750.6099853515625,750.9598999023438,196266
2026-07-02 13:52:00+00:00,750.9299926757812,751.2449951171875,750.8900146484375,751.1900024414062,126285
2026-07-02 13:53:00+00:00,751.1699829101562,751.219970703125,750.5900268554688,750.635009765625,146145
2026-07-02 13:54:00+00:00,750.6400146484375,750.719970703125,750.3099975585938,750.469970703125,131748
2026-07-02 13:55:00+00:00,750.489990234375,750.6799926757812,750.280029296875,750.489990234375,87687
2026-07-02 13:56:00+00:00,750.5,750.6099853515625,750.030029296875,750.2000122070312,136879
2026-07-02 13:57:00+00:00,750.2100219726562,750.5999755859375,750.1599731445312,750.3150024414062,79950
2026-07-02 13:58:00+00:00,750.3300170898438,750.6901245117188,750.3200073242188,750.6099853515625,76277
2026-07-02 13:59:00+00:00,750.6099853515625,750.77001953125,750.52001953125,750.760009765625,54533
2026-07-02 14:00:00+00:00,750.780029296875,750.877197265625,750.4299926757812,750.5599975585938,125978
2026-07-02 14:01:00+00:00,750.5900268554688,750.8400268554688,750.4000244140625,750.760009765625,83084
2026-07-02 14:02:00+00:00,750.77001953125,751.0399780273438,750.6699829101562,750.969970703125,67659
2026-07-02 14:03:00+00:00,750.97998046875,751.0900268554688,750.72998046875,750.8400268554688,63712
2026-07-02 14:04:00+00:00,750.780029296875,750.8699951171875,750.5900268554688,750.7794799804688,47303
2026-07-02 14:05:00+00:00,750.780029296875,750.7999877929688,750.489990234375,750.7650146484375,51265
2026-07-02 14:06:00+00:00,750.75,750.9400024414062,750.6179809570312,750.6699829101562,69295
2026-07-02 14:07:00+00:00,750.6599731445312,751.3099975585938,750.6500244140625,750.9199829101562,202455
2026-07-02 14:08:00+00:00,750.9099731445312,750.9749755859375,750.4099731445312,750.4199829101562,105462
2026-07-02 14:09:00+00:00,750.4400024414062,750.5650024414062,750.1199951171875,750.2449951171875,76792
2026-07-02 14:10:00+00:00,750.260009765625,750.3800048828125,749.6699829101562,749.9400024414062,103080
2026-07-02 14:11:00+00:00,749.9450073242188,750.5800170898438,749.9450073242188,750.5599975585938,198964
2026-07-02 14:12:00+00:00,750.5599975585938,751.010009765625,750.530029296875,751.010009765625,67575
2026-07-02 14:13:00+00:00,751.010009765625,751.239990234375,750.9400024414062,751.1898803710938,120966
2026-07-02 14:14:00+00:00,751.1799926757812,751.22998046875,750.9149780273438,750.9600219726562,88319
2026-07-02 14:15:00+00:00,750.969970703125,751.030029296875,750.6699829101562,750.7899780273438,80909
2026-07-02 14:16:00+00:00,750.7999877929688,751.219970703125,750.5999755859375,750.6599731445312,109873
2026-07-02 14:17:00+00:00,750.6699829101562,750.6998901367188,750.3699951171875,750.5294799804688,66647
2026-07-02 14:18:00+00:00,750.510009765625,750.8099975585938,750.1400146484375,750.4000244140625,65590
2026-07-02 14:19:00+00:00,750.4050903320312,750.7000122070312,750.2999877929688,750.6699829101562,67672
2026-07-02 14:20:00+00:00,750.6599731445312,750.77001953125,749.9600219726562,750.0399780273438,93458
2026-07-02 14:21:00+00:00,750.0599975585938,750.1900024414062,749.739990234375,749.9000244140625,115884
2026-07-02 14:22:00+00:00,749.8900146484375,750.0800170898438,749.530029296875,750.02001953125,236144
2026-07-02 14:23:00+00:00,750.0250244140625,750.2849731445312,749.52001953125,749.7999877929688,106843
2026-07-02 14:24:00+00:00,749.7899780273438,750.2100219726562,749.6099853515625,749.6500244140625,76221
2026-07-02 14:25:00+00:00,749.6599731445312,749.7999877929688,749.2999877929688,749.6199951171875,195348
2026-07-02 14:26:00+00:00,749.614990234375,749.79248046875,749.4000244140625,749.4000244140625,126861
2026-07-02 14:27:00+00:00,749.4000244140625,749.4600219726562,747.9672241210938,748.1799926757812,360971
2026-07-02 14:28:00+00:00,748.1799926757812,748.3699951171875,747.6099853515625,748.030029296875,133009
2026-07-02 14:29:00+00:00,748.0050048828125,748.3099975585938,747.7100219726562,747.9400024414062,169940
2026-07-02 14:30:00+00:00,747.9500122070312,748.6599731445312,747.5599975585938,748.469970703125,258073
2026-07-02 14:31:00+00:00,748.4199829101562,749.239990234375,748.4199829101562,749.0700073242188,114636
2026-07-02 14:32:00+00:00,749.0700073242188,749.3800048828125,748.6300048828125,748.8099975585938,99381
2026-07-02 14:33:00+00:00,748.7999877929688,749.25,748.510009765625,748.8800048828125,110307
2026-07-02 14:34:00+00:00,748.8900146484375,749.0499877929688,748.094970703125,748.27001953125,118931
2026-07-02 14:35:00+00:00,748.2750244140625,748.510009765625,747.8040161132812,748.0349731445312,109870
2026-07-02 14:36:00+00:00,748.0499877929688,748.7550048828125,747.9000244140625,748.6900024414062,91336
2026-07-02 14:37:00+00:00,748.7050170898438,749.119873046875,748.5900268554688,748.85498046875,95960
2026-07-02 14:38:00+00:00,748.8900146484375,749.030029296875,748.4249877929688,748.9000244140625,63323
2026-07-02 14:39:00+00:00,748.8900146484375,749.1400146484375,748.3400268554688,748.4550170898438,56700
2026-07-02 14:40:00+00:00,748.4500122070312,748.6300048828125,748.1099853515625,748.27001953125,67437
2026-07-02 14:41:00+00:00,748.2899780273438,748.3499755859375,747.3599853515625,747.4299926757812,119099
2026-07-02 14:42:00+00:00,747.4400024414062,747.489990234375,746.5399780273438,747.0,228644
2026-07-02 14:43:00+00:00,747.02001953125,747.1599731445312,746.3499755859375,746.5701293945312,113175
2026-07-02 14:44:00+00:00,746.5700073242188,747.010009765625,746.3699951171875,746.8800048828125,108082
2026-07-02 14:45:00+00:00,746.8900146484375,747.530029296875,746.739990234375,746.8699951171875,90201
2026-07-02 14:46:00+00:00,746.8800048828125,747.3400268554688,746.6804809570312,747.3300170898438,76024
2026-07-02 14:47:00+00:00,747.3300170898438,747.6799926757812,746.989990234375,747.0399780273438,107808
2026-07-02 14:48:00+00:00,746.9600219726562,746.989990234375,746.3200073242188,746.4100952148438,105370
2026-07-02 14:49:00+00:00,746.4000244140625,747.4099731445312,746.3699951171875,747.27001953125,110105
2026-07-02 14:50:00+00:00,747.2849731445312,747.4000244140625,746.9600219726562,747.1599731445312,73194
2026-07-02 14:51:00+00:00,747.1599731445312,747.7100219726562,747.0,747.4450073242188,59703
2026-07-02 14:52:00+00:00,747.3900146484375,747.5198974609375,746.5599975585938,746.6300048828125,71837
2026-07-02 14:53:00+00:00,746.6298828125,746.7899780273438,746.02001953125,746.489990234375,132070
2026-07-02 14:54:00+00:00,746.5,746.6599731445312,746.280029296875,746.5,122307
2026-07-02 14:55:00+00:00,746.47998046875,747.0800170898438,746.4299926757812,746.8499755859375,59712
2026-07-02 14:56:00+00:00,746.8699951171875,747.2999877929688,746.8699951171875,747.0,62134
2026-07-02 14:57:00+00:00,746.9500122070312,747.0800170898438,746.5599975585938,746.8900146484375,39890
2026-07-02 14:58:00+00:00,746.8699951171875,747.0999755859375,746.739990234375,747.0499877929688,28583
2026-07-02 14:59:00+00:00,747.0900268554688,747.6699829101562,747.0599975585938,747.6599731445312,76502
2026-07-02 15:00:00+00:00,747.6500244140625,747.72998046875,747.219970703125,747.6099853515625,109990
2026-07-02 15:01:00+00:00,747.5900268554688,747.8280029296875,747.3400268554688,747.469970703125,96804
2026-07-02 15:02:00+00:00,747.4500732421875,747.6589965820312,747.2100219726562,747.2899780273438,100338
2026-07-02 15:03:00+00:00,747.3400268554688,747.5499877929688,746.6900024414062,746.75,89028
2026-07-02 15:04:00+00:00,746.72998046875,746.8499755859375,746.0399780273438,746.0700073242188,130284
2026-07-02 15:05:00+00:00,746.0900268554688,746.3699951171875,745.760009765625,745.8099975585938,91988
2026-07-02 15:06:00+00:00,745.8200073242188,745.8200073242188,745.14501953125,745.22998046875,233245
2026-07-02 15:07:00+00:00,745.25,745.3400268554688,744.2000122070312,744.3900146484375,239136
2026-07-02 15:08:00+00:00,744.3900146484375,745.27001953125,744.3403930664062,744.969970703125,191763
2026-07-02 15:09:00+00:00,745.0,745.489990234375,744.8350219726562,745.3624877929688,159120
2026-07-02 15:10:00+00:00,745.3800048828125,745.4199829101562,745.010009765625,745.3099975585938,86971
2026-07-02 15:11:00+00:00,745.3200073242188,746.530029296875,745.2899780273438,746.3499755859375,121321
2026-07-02 15:12:00+00:00,746.3499755859375,746.4099731445312,746.0800170898438,746.2501220703125,62217
2026-07-02 15:13:00+00:00,746.239990234375,746.530029296875,746.1699829101562,746.3099975585938,65233
2026-07-02 15:14:00+00:00,746.3099975585938,746.4000244140625,746.0250244140625,746.0599975585938,69646
2026-07-02 15:15:00+00:00,746.0599975585938,746.3400268554688,745.5599975585938,745.5999755859375,161758
2026-07-02 15:16:00+00:00,745.6099853515625,745.6400146484375,744.9199829101562,745.030029296875,80755
2026-07-02 15:17:00+00:00,745.0599975585938,745.280029296875,744.6300048828125,744.7750244140625,69962
2026-07-02 15:18:00+00:00,744.7899780273438,745.4400024414062,744.6400146484375,744.9849853515625,123314
2026-07-02 15:19:00+00:00,744.97998046875,745.0,744.4400024414062,744.6300048828125,88150
2026-07-02 15:20:00+00:00,744.6900024414062,745.0599975585938,744.3300170898438,744.9600219726562,97267
2026-07-02 15:21:00+00:00,744.9400024414062,745.239990234375,744.7899780273438,744.9500122070312,68779
2026-07-02 15:22:00+00:00,745.02001953125,745.3099975585938,744.9099731445312,745.0399780273438,76654
2026-07-02 15:23:00+00:00,745.02001953125,745.3499755859375,744.72998046875,745.2000122070312,98285
2026-07-02 15:24:00+00:00,745.2100219726562,745.9400024414062,745.2000122070312,745.8800048828125,107184
2026-07-02 15:25:00+00:00,745.9099731445312,745.969970703125,745.1500244140625,745.3800048828125,111187
2026-07-02 15:26:00+00:00,745.3900146484375,746.02001953125,745.3900146484375,745.6799926757812,82753
2026-07-02 15:27:00+00:00,745.6799926757812,746.010009765625,745.530029296875,745.5750122070312,67046
2026-07-02 15:28:00+00:00,745.5599975585938,745.7000122070312,745.4000244140625,745.5599975585938,33906
2026-07-02 15:29:00+00:00,745.5999755859375,745.719970703125,744.8900146484375,744.9099731445312,111764
2026-07-02 15:30:00+00:00,744.8800048828125,745.655029296875,744.8699951171875,745.4500122070312,100840
2026-07-02 15:31:00+00:00,745.4400024414062,745.97998046875,745.3499755859375,745.9400024414062,44304
2026-07-02 15:32:00+00:00,745.97998046875,746.1400146484375,745.7000122070312,746.030029296875,66535
2026-07-02 15:33:00+00:00,746.0349731445312,746.1749877929688,745.8699951171875,746.0798950195312,56971
2026-07-02 15:34:00+00:00,746.0800170898438,746.2650146484375,745.97021484375,746.0800170898438,110557
2026-07-02 15:35:00+00:00,746.0999755859375,746.5,745.9600219726562,746.3900146484375,110783
2026-07-02 15:36:00+00:00,746.3900146484375,746.7100219726562,746.32861328125,746.5800170898438,114811
2026-07-02 15:37:00+00:00,746.5449829101562,746.635009765625,746.3499755859375,746.5390014648438,76409
2026-07-02 15:38:00+00:00,746.510009765625,746.655029296875,746.3820190429688,746.5,86062
2026-07-02 15:39:00+00:00,746.5150146484375,746.530029296875,746.1699829101562,746.2349853515625,95566
2026-07-02 15:40:00+00:00,746.22998046875,746.5499877929688,746.0349731445312,746.4000244140625,65789
2026-07-02 15:41:00+00:00,746.3800048828125,746.4299926757812,746.0399780273438,746.1099853515625,55394
2026-07-02 15:42:00+00:00,746.030029296875,746.030029296875,745.760009765625,745.8701171875,111761
2026-07-02 15:43:00+00:00,745.8699951171875,745.989990234375,745.510009765625,745.5900268554688,63402
2026-07-02 15:44:00+00:00,745.5900268554688,745.7000122070312,745.2861938476562,745.2861938476562,52520
2026-07-02 15:45:00+00:00,745.2899780273438,745.718994140625,745.260009765625,745.6199951171875,30712
2026-07-02 15:46:00+00:00,745.5999755859375,745.635009765625,745.1699829101562,745.3499755859375,31307
2026-07-02 15:47:00+00:00,745.4000244140625,745.489990234375,745.0999755859375,745.280029296875,30735
2026-07-02 15:48:00+00:00,745.2899780273438,745.5294799804688,745.1500244140625,745.260009765625,25812
2026-07-02 15:49:00+00:00,745.2999877929688,745.3400268554688,744.739990234375,744.8599853515625,47672
2026-07-02 15:50:00+00:00,744.8800048828125,744.8800048828125,744.4299926757812,744.5599975585938,37847
2026-07-02 15:51:00+00:00,744.5599975585938,744.7750244140625,744.3350219726562,744.6500244140625,90379
2026-07-02 15:52:00+00:00,744.64599609375,744.8200073242188,744.27001953125,744.2899780273438,50502
2026-07-02 15:53:00+00:00,744.3300170898438,744.369873046875,744.0499877929688,744.260009765625,78401
2026-07-02 15:54:00+00:00,744.280029296875,744.6799926757812,744.22998046875,744.614990234375,54165
2026-07-02 15:55:00+00:00,744.5999755859375,744.7100219726562,744.2100219726562,744.219970703125,55277
2026-07-02 15:56:00+00:00,744.219970703125,744.3200073242188,744.0700073242188,744.27001953125,80876
2026-07-02 15:57:00+00:00,744.260009765625,744.4199829101562,744.135009765625,744.3599853515625,60175
2026-07-02 15:58:00+00:00,744.3699951171875,744.7999877929688,744.280029296875,744.739990234375,68728
2026-07-02 15:59:00+00:00,744.739990234375,744.9400024414062,744.5499877929688,744.64501953125,59207
2026-07-02 16:00:00+00:00,744.6500244140625,744.8699951171875,744.3200073242188,744.385986328125,57741
2026-07-02 16:01:00+00:00,744.4099731445312,744.489990234375,744.1160278320312,744.1799926757812,49817
2026-07-02 16:02:00+00:00,744.1810302734375,744.197998046875,743.7899780273438,743.8900146484375,78389
2026-07-02 16:03:00+00:00,743.8599853515625,744.2899780273438,743.6699829101562,744.1400146484375,458924
2026-07-02 16:04:00+00:00,744.135009765625,744.4400024414062,743.9500122070312,744.3200073242188,83593
2026-07-02 16:05:00+00:00,744.3099975585938,744.594970703125,744.2000122070312,744.2050170898438,44119
2026-07-02 16:06:00+00:00,744.2150268554688,744.260009765625,743.875,744.1199951171875,49490
2026-07-02 16:07:00+00:00,744.0999755859375,744.27001953125,743.8507080078125,744.0499877929688,31304
2026-07-02 16:08:00+00:00,744.02001953125,744.1500244140625,743.8400268554688,744.1500244140625,40396
2026-07-02 16:09:00+00:00,744.1400146484375,744.1900024414062,743.7999877929688,743.906005859375,27734
2026-07-02 16:10:00+00:00,743.9500122070312,744.4400024414062,743.8099975585938,744.4400024414062,41277
2026-07-02 16:11:00+00:00,744.4299926757812,744.625,744.25,744.280029296875,64214
2026-07-02 16:12:00+00:00,744.260009765625,744.6500244140625,744.0150146484375,744.6199951171875,34897
2026-07-02 16:13:00+00:00,744.6599731445312,744.669921875,744.3599853515625,744.4099731445312,50492
2026-07-02 16:14:00+00:00,744.385009765625,744.5999755859375,744.3200073242188,744.5,21059
2026-07-02 16:15:00+00:00,744.5,744.52001953125,744.0750122070312,744.3399047851562,57777
2026-07-02 16:16:00+00:00,744.3099975585938,744.614990234375,744.3099975585938,744.4749755859375,32880
2026-07-02 16:17:00+00:00,744.469970703125,744.510009765625,744.010009765625,744.0679931640625,46069
2026-07-02 16:18:00+00:00,744.0499877929688,744.219970703125,743.969970703125,744.1701049804688,44480
2026-07-02 16:19:00+00:00,744.1799926757812,744.4400024414062,744.0,744.0499877929688,37883
2026-07-02 16:20:00+00:00,744.0499877929688,744.0750122070312,743.5645141601562,743.7999877929688,64588
2026-07-02 16:21:00+00:00,743.77001953125,743.8699951171875,743.64501953125,743.719970703125,64883
2026-07-02 16:22:00+00:00,743.7000122070312,743.8699951171875,743.5399780273438,743.72998046875,39161
2026-07-02 16:23:00+00:00,743.7449951171875,743.7650146484375,743.489990234375,743.5,75911
2026-07-02 16:24:00+00:00,743.52001953125,743.530029296875,743.3699951171875,743.4500122070312,89294
2026-07-02 16:25:00+00:00,743.4400024414062,744.02001953125,743.4199829101562,743.739990234375,87520
2026-07-02 16:26:00+00:00,743.72998046875,743.7899780273438,743.4299926757812,743.6099853515625,50991
2026-07-02 16:27:00+00:00,743.6199951171875,743.7000122070312,743.489990234375,743.5900268554688,32949
2026-07-02 16:28:00+00:00,743.5999755859375,743.780029296875,743.5499877929688,743.719970703125,37224
2026-07-02 16:29:00+00:00,743.719970703125,743.8800048828125,743.4749755859375,743.5399780273438,58249
2026-07-02 16:30:00+00:00,743.5599975585938,743.5700073242188,743.0599975585938,743.2050170898438,132969
2026-07-02 16:31:00+00:00,743.2000122070312,743.3200073242188,743.0900268554688,743.1300048828125,90568
2026-07-02 16:32:00+00:00,743.1099853515625,743.1699829101562,742.9400024414062,743.02001953125,106060
2026-07-02 16:33:00+00:00,743.030029296875,743.2899780273438,743.02001953125,743.1799926757812,55066
2026-07-02 16:34:00+00:00,743.1799926757812,743.2000122070312,742.8300170898438,742.8300170898438,349345
2026-07-02 16:35:00+00:00,742.8200073242188,743.030029296875,742.655029296875,743.030029296875,86117
2026-07-02 16:36:00+00:00,743.0700073242188,743.1099853515625,742.6699829101562,742.8200073242188,62441
2026-07-02 16:37:00+00:00,742.8300170898438,742.9099731445312,742.22998046875,742.2899780273438,133785
2026-07-02 16:38:00+00:00,742.3099975585938,742.489990234375,742.1099853515625,742.4500122070312,91800
2026-07-02 16:39:00+00:00,742.4349975585938,742.6799926757812,742.3499755859375,742.6699829101562,105501
2026-07-02 16:40:00+00:00,742.6799926757812,743.1799926757812,742.5999755859375,743.0900268554688,76614
2026-07-02 16:41:00+00:00,743.1099853515625,743.3027954101562,742.9000244140625,742.989990234375,335902
2026-07-02 16:42:00+00:00,742.989990234375,743.1799926757812,742.8400268554688,743.0,33582
2026-07-02 16:43:00+00:00,743.0,743.25,742.9099731445312,743.0599975585938,40533
2026-07-02 16:44:00+00:00,743.0700073242188,743.3599853515625,743.0700073242188,743.2449951171875,36766
2026-07-02 16:45:00+00:00,743.22998046875,743.260009765625,742.7899780273438,742.9500122070312,44047
2026-07-02 16:46:00+00:00,742.9299926757812,743.0599975585938,742.8599853515625,742.9099731445312,40194
2026-07-02 16:47:00+00:00,742.9099731445312,743.1799926757812,742.77001953125,743.0999755859375,37750
2026-07-02 16:48:00+00:00,743.0999755859375,743.22998046875,742.8200073242188,743.0800170898438,69575
2026-07-02 16:49:00+00:00,743.0800170898438,743.27001953125,742.9299926757812,742.989990234375,50117
2026-07-02 16:50:00+00:00,742.989990234375,742.989990234375,742.5700073242188,742.739990234375,119875
2026-07-02 16:51:00+00:00,742.72998046875,743.1799926757812,742.7100219726562,743.0355224609375,43714
2026-07-02 16:52:00+00:00,743.030029296875,743.2999877929688,742.97998046875,743.2271728515625,57968
2026-07-02 16:53:00+00:00,743.239990234375,743.3599853515625,742.75,742.8300170898438,34758
2026-07-02 16:54:00+00:00,742.8400268554688,743.1199951171875,742.8300170898438,742.9000244140625,33395
2026-07-02 16:55:00+00:00,742.9099731445312,742.9199829101562,742.3900146484375,742.4600219726562,60974
2026-07-02 16:56:00+00:00,742.4600219726562,742.4600219726562,741.9500732421875,742.0112915039062,92476
2026-07-02 16:57:00+00:00,742.010009765625,742.2033081054688,741.9199829101562,741.9299926757812,63587
2026-07-02 16:58:00+00:00,741.9400024414062,742.1300048828125,741.8099975585938,742.1273193359375,57037
2026-07-02 16:59:00+00:00,742.0999755859375,742.25,742.0399780273438,742.1799926757812,66096
2026-07-02 17:00:00+00:00,742.2000122070312,742.280029296875,741.9299926757812,741.9400024414062,82048
2026-07-02 17:01:00+00:00,741.9400024414062,741.969970703125,741.4400024414062,741.6199951171875,72817
2026-07-02 17:02:00+00:00,741.6300048828125,741.9000244140625,741.47998046875,741.530029296875,76387
2026-07-02 17:03:00+00:00,741.52001953125,741.530029296875,740.9299926757812,741.0499877929688,101743
2026-07-02 17:04:00+00:00,741.042724609375,741.0700073242188,740.52001953125,740.85498046875,142864
2026-07-02 17:05:00+00:00,740.8499755859375,740.989990234375,740.3699951171875,740.97998046875,184127
2026-07-02 17:06:00+00:00,741.0,741.7050170898438,740.8699951171875,741.6799926757812,96679
2026-07-02 17:07:00+00:00,741.7000122070312,741.9500122070312,741.6099853515625,741.6900024414062,72244
2026-07-02 17:08:00+00:00,741.6799926757812,741.719970703125,741.4099731445312,741.6599731445312,75713
2026-07-02 17:09:00+00:00,741.6599731445312,741.7999877929688,741.4099731445312,741.52001953125,84293
2026-07-02 17:10:00+00:00,741.510009765625,741.7100219726562,741.219970703125,741.4299926757812,85567
2026-07-02 17:11:00+00:00,741.4500122070312,741.572509765625,741.2999877929688,741.52001953125,38420
2026-07-02 17:12:00+00:00,741.52001953125,741.5900268554688,741.3499755859375,741.405029296875,68002
2026-07-02 17:13:00+00:00,741.4199829101562,741.5999755859375,741.3200073242188,741.5999755859375,70900
2026-07-02 17:14:00+00:00,741.5999755859375,741.9400024414062,741.5,741.75,77733
2026-07-02 17:15:00+00:00,741.75,741.7899780273438,741.5399780273438,741.739990234375,56718
2026-07-02 17:16:00+00:00,741.6900024414062,742.0499877929688,741.6900024414062,742.010009765625,75685
2026-07-02 17:17:00+00:00,742.02001953125,742.1699829101562,741.6799926757812,741.75,206244
2026-07-02 17:18:00+00:00,741.75,742.02001953125,741.5958251953125,741.7100219726562,64815
2026-07-02 17:19:00+00:00,741.7050170898438,741.739990234375,741.3800048828125,741.4600219726562,603786
2026-07-02 17:20:00+00:00,741.469970703125,741.5800170898438,741.280029296875,741.375,191927
2026-07-02 17:21:00+00:00,741.4099731445312,741.7899780273438,741.3800048828125,741.6300048828125,62876
2026-07-02 17:22:00+00:00,741.6300048828125,741.9000244140625,741.5499877929688,741.5599975585938,84029
2026-07-02 17:23:00+00:00,741.5599975585938,741.6400146484375,741.4000244140625,741.4749755859375,478299
2026-07-02 17:24:00+00:00,741.469970703125,741.5900268554688,741.2899780273438,741.3657836914062,42816
2026-07-02 17:25:00+00:00,741.3699951171875,741.4400024414062,741.27001953125,741.3599853515625,508322
2026-07-02 17:26:00+00:00,741.3599853515625,741.5700073242188,741.1400146484375,741.2000122070312,57296
2026-07-02 17:27:00+00:00,741.2100219726562,741.47998046875,741.2100219726562,741.4199829101562,42548
2026-07-02 17:28:00+00:00,741.4199829101562,741.52001953125,741.2899780273438,741.5050048828125,39936
2026-07-02 17:29:00+00:00,741.52001953125,741.6500244140625,741.3900146484375,741.530029296875,40005
2026-07-02 17:30:00+00:00,741.5399780273438,741.7899780273438,741.489990234375,741.6199951171875,68706
2026-07-02 17:31:00+00:00,741.6300048828125,741.8400268554688,741.6300048828125,741.760009765625,40891
2026-07-02 17:32:00+00:00,741.7899780273438,741.8900146484375,741.6799926757812,741.8499755859375,34535
2026-07-02 17:33:00+00:00,741.8499755859375,742.0999755859375,741.7899780273438,741.8400268554688,56292
2026-07-02 17:34:00+00:00,741.8599853515625,741.989990234375,741.4299926757812,741.4299926757812,62837
2026-07-02 17:35:00+00:00,741.4299926757812,741.5700073242188,741.2100219726562,741.3599853515625,205112
2026-07-02 17:36:00+00:00,741.3499755859375,741.4000244140625,740.97998046875,741.0599975585938,56671
2026-07-02 17:37:00+00:00,741.0599975585938,741.0900268554688,740.8200073242188,741.010009765625,70452
2026-07-02 17:38:00+00:00,741.010009765625,741.2000122070312,740.7949829101562,740.8800048828125,118170
2026-07-02 17:39:00+00:00,740.8900146484375,740.969970703125,740.6500244140625,740.75,62835
2026-07-02 17:40:00+00:00,740.7449951171875,740.8699951171875,740.4299926757812,740.8150024414062,58618
2026-07-02 17:41:00+00:00,740.8150024414062,741.1599731445312,740.8150024414062,741.0700073242188,66431
2026-07-02 17:42:00+00:00,741.0700073242188,741.2100219726562,740.97998046875,741.0800170898438,52467
2026-07-02 17:43:00+00:00,741.0800170898438,741.1699829101562,740.8599853515625,741.1115112304688,44457
2026-07-02 17:44:00+00:00,741.1099853515625,741.2000122070312,740.8300170898438,741.1199951171875,37698
2026-07-02 17:45:00+00:00,741.0800170898438,741.1500244140625,740.8099975585938,740.9000244140625,54777
2026-07-02 17:46:00+00:00,740.9199829101562,740.9400024414062,740.6300048828125,740.6900024414062,48316
2026-07-02 17:47:00+00:00,740.6900024414062,740.7799072265625,740.3599853515625,740.3699951171875,108703
2026-07-02 17:48:00+00:00,740.3699951171875,740.6599731445312,740.22998046875,740.6063232421875,88142
2026-07-02 17:49:00+00:00,740.5800170898438,740.7100219726562,740.5,740.6400146484375,36487
2026-07-02 17:50:00+00:00,740.6300048828125,740.6900024414062,740.3499755859375,740.5700073242188,46755
2026-07-02 17:51:00+00:00,740.5599975585938,740.7249755859375,740.4301147460938,740.6199951171875,46647
2026-07-02 17:52:00+00:00,740.6400146484375,740.77001953125,740.4500122070312,740.7100219726562,41230
2026-07-02 17:53:00+00:00,740.7000122070312,740.8599853515625,740.6699829101562,740.719970703125,33221
2026-07-02 17:54:00+00:00,740.72998046875,741.1099853515625,740.72998046875,740.9409790039062,88006
2026-07-02 17:55:00+00:00,740.9400024414062,741.02001953125,740.7498779296875,740.760009765625,40897
2026-07-02 17:56:00+00:00,740.77001953125,740.7999877929688,740.4500122070312,740.5900268554688,60065
2026-07-02 17:57:00+00:00,740.5900268554688,740.6599731445312,740.5,740.5700073242188,56614
2026-07-02 17:58:00+00:00,740.5599975585938,740.5599975585938,740.0800170898438,740.0850219726562,105241
2026-07-02 17:59:00+00:00,740.0900268554688,740.260009765625,740.030029296875,740.239990234375,213405
2026-07-02 18:00:00+00:00,740.260009765625,740.510009765625,740.0499877929688,740.47998046875,133225
2026-07-02 18:01:00+00:00,740.469970703125,740.6799926757812,740.3400268554688,740.510009765625,130300
2026-07-02 18:02:00+00:00,740.52001953125,740.719970703125,740.4600219726562,740.5599975585938,60613
2026-07-02 18:03:00+00:00,740.5499877929688,740.6599731445312,740.4450073242188,740.6599731445312,60931
2026-07-02 18:04:00+00:00,740.6500244140625,740.989990234375,740.6400146484375,740.9400024414062,76938
2026-07-02 18:05:00+00:00,740.9400024414062,741.5499877929688,740.9000244140625,741.4650268554688,98053
2026-07-02 18:06:00+00:00,741.469970703125,742.239990234375,741.469970703125,741.9099731445312,152629
2026-07-02 18:07:00+00:00,741.9000244140625,742.1500244140625,741.7100219726562,741.9500122070312,68009
2026-07-02 18:08:00+00:00,741.9500122070312,742.2100219726562,741.8699951171875,742.1799926757812,147042
2026-07-02 18:09:00+00:00,742.1799926757812,742.469970703125,742.1099853515625,742.4400024414062,82887
2026-07-02 18:10:00+00:00,742.4400024414062,742.9000244140625,742.3200073242188,742.531982421875,95117
2026-07-02 18:11:00+00:00,742.5499877929688,742.6699829101562,742.3599853515625,742.489990234375,33147
2026-07-02 18:12:00+00:00,742.469970703125,742.6300048828125,742.3300170898438,742.6199951171875,57378
2026-07-02 18:13:00+00:00,742.5900268554688,742.6300048828125,742.369873046875,742.3900146484375,50637
2026-07-02 18:14:00+00:00,742.3900146484375,742.489990234375,742.1300048828125,742.219970703125,50830
2026-07-02 18:15:00+00:00,742.25,742.3800048828125,742.0399780273438,742.219970703125,53023
2026-07-02 18:16:00+00:00,742.2100219726562,742.2999877929688,742.0399780273438,742.1799926757812,39381
2026-07-02 18:17:00+00:00,742.1599731445312,742.1599731445312,741.5599975585938,741.5906982421875,45715
2026-07-02 18:18:00+00:00,741.6099853515625,741.8300170898438,741.4000244140625,741.5900268554688,115296
2026-07-02 18:19:00+00:00,741.5800170898438,741.75,741.5,741.6900024414062,49297
2026-07-02 18:20:00+00:00,741.6699829101562,742.0999755859375,741.6649780273438,742.0499877929688,57096
2026-07-02 18:21:00+00:00,742.030029296875,742.1500244140625,741.9450073242188,742.0900268554688,44517
2026-07-02 18:22:00+00:00,742.1099853515625,742.2899780273438,742.010009765625,742.0999755859375,35395
2026-07-02 18:23:00+00:00,742.1199951171875,742.1199951171875,741.9500122070312,742.0800170898438,33490
2026-07-02 18:24:00+00:00,742.0599975585938,742.1900024414062,742.0167846679688,742.155029296875,48101
2026-07-02 18:25:00+00:00,742.155029296875,742.489990234375,742.0999755859375,742.1199951171875,44223
2026-07-02 18:26:00+00:00,742.0850219726562,742.4199829101562,741.9600219726562,742.3800048828125,34681
2026-07-02 18:27:00+00:00,742.3699951171875,742.5,742.280029296875,742.4500122070312,44914
2026-07-02 18:28:00+00:00,742.4400024414062,742.6799926757812,742.4099731445312,742.5999755859375,62042
2026-07-02 18:29:00+00:00,742.5980224609375,742.72998046875,742.4600219726562,742.719970703125,38222
2026-07-02 18:30:00+00:00,742.7100219726562,743.0800170898438,742.6599731445312,742.9600219726562,91127
2026-07-02 18:31:00+00:00,742.9600219726562,743.260009765625,742.9400024414062,743.25,122623
2026-07-02 18:32:00+00:00,743.260009765625,743.27001953125,743.0,743.219970703125,41467
2026-07-02 18:33:00+00:00,743.219970703125,743.3400268554688,743.1799926757812,743.25,89409
2026-07-02 18:34:00+00:00,743.239990234375,743.239990234375,742.8099975585938,742.9299926757812,53292
2026-07-02 18:35:00+00:00,742.9600219726562,743.22998046875,742.8900146484375,742.989990234375,87071
2026-07-02 18:36:00+00:00,742.969970703125,743.0900268554688,742.8499755859375,742.9500122070312,46165
2026-07-02 18:37:00+00:00,742.9600219726562,743.14501953125,742.9000244140625,743.1199951171875,46595
2026-07-02 18:38:00+00:00,743.1024780273438,743.280029296875,743.030029296875,743.030029296875,48789
2026-07-02 18:39:00+00:00,743.030029296875,743.22998046875,742.9099731445312,743.1599731445312,34716
2026-07-02 18:40:00+00:00,743.1649780273438,743.22998046875,742.97998046875,743.1300048828125,38787
2026-07-02 18:41:00+00:00,743.1099853515625,743.1699829101562,742.969970703125,743.0399780273438,39665
2026-07-02 18:42:00+00:00,743.030029296875,743.2100219726562,743.030029296875,743.1599731445312,38104
2026-07-02 18:43:00+00:00,743.1599731445312,743.2999877929688,743.0800170898438,743.239990234375,87820
2026-07-02 18:44:00+00:00,743.260009765625,743.3300170898438,743.0,743.0399780273438,34703
2026-07-02 18:45:00+00:00,743.0549926757812,743.0700073242188,742.530029296875,742.6339721679688,65815
2026-07-02 18:46:00+00:00,742.6300048828125,742.72998046875,742.5499877929688,742.6199951171875,53139
2026-07-02 18:47:00+00:00,742.6199951171875,742.9600219726562,742.6199951171875,742.9099731445312,29261
2026-07-02 18:48:00+00:00,742.9000244140625,743.1900024414062,742.8200073242188,743.155029296875,153554
2026-07-02 18:49:00+00:00,743.1500244140625,743.2899780273438,743.14501953125,743.2374877929688,43855
2026-07-02 18:50:00+00:00,743.219970703125,743.2449951171875,743.030517578125,743.1799926757812,47692
2026-07-02 18:51:00+00:00,743.1900024414062,743.3499755859375,743.135009765625,743.22998046875,41436
2026-07-02 18:52:00+00:00,743.239990234375,743.510009765625,743.219970703125,743.3300170898438,56691
2026-07-02 18:53:00+00:00,743.3569946289062,743.3569946289062,743.0599975585938,743.1300048828125,178236
2026-07-02 18:54:00+00:00,743.1300048828125,743.1300048828125,742.8599853515625,742.8599853515625,186691
2026-07-02 18:55:00+00:00,742.8699951171875,743.0,742.7100830078125,742.9500122070312,44399
2026-07-02 18:56:00+00:00,742.9500122070312,743.0599975585938,742.5800170898438,742.6799926757812,62102
2026-07-02 18:57:00+00:00,742.6699829101562,743.010009765625,742.6099853515625,742.9099731445312,48298
2026-07-02 18:58:00+00:00,742.89501953125,743.0999755859375,742.7949829101562,742.8900146484375,32893
2026-07-02 18:59:00+00:00,742.8900146484375,743.010009765625,742.72998046875,742.989501953125,35515
2026-07-02 19:00:00+00:00,742.989990234375,743.1301879882812,742.510009765625,742.5189819335938,69311
2026-07-02 19:01:00+00:00,742.530029296875,742.719970703125,742.3699951171875,742.5399780273438,54656
2026-07-02 19:02:00+00:00,742.5499877929688,742.6500244140625,742.510009765625,742.5900268554688,24787
2026-07-02 19:03:00+00:00,742.5900268554688,742.7000122070312,742.3900146484375,742.4299926757812,52710
2026-07-02 19:04:00+00:00,742.4400024414062,742.47998046875,741.5599975585938,741.648193359375,115370
2026-07-02 19:05:00+00:00,741.6400146484375,741.889892578125,741.3900146484375,741.4719848632812,61555
2026-07-02 19:06:00+00:00,741.469970703125,742.02001953125,741.27001953125,741.8900146484375,147295
2026-07-02 19:07:00+00:00,741.8599853515625,742.0499877929688,741.5999755859375,741.9199829101562,83223
2026-07-02 19:08:00+00:00,741.9199829101562,742.0599975585938,741.8200073242188,741.9199829101562,108118
2026-07-02 19:09:00+00:00,741.9099731445312,742.0999755859375,741.8400268554688,741.8599853515625,65599
2026-07-02 19:10:00+00:00,741.875,741.969970703125,741.530029296875,741.8900146484375,48168
2026-07-02 19:11:00+00:00,741.9000244140625,742.010009765625,741.8049926757812,741.9099731445312,38883
2026-07-02 19:12:00+00:00,741.9099731445312,742.1500244140625,741.77001953125,742.010009765625,61035
2026-07-02 19:13:00+00:00,742.010009765625,742.22998046875,741.989990234375,742.0800170898438,56077
2026-07-02 19:14:00+00:00,742.0499877929688,742.219970703125,742.010009765625,742.0399780273438,68432
2026-07-02 19:15:00+00:00,742.0499877929688,742.1500244140625,741.8200073242188,741.8800048828125,72436
2026-07-02 19:16:00+00:00,741.8800048828125,741.8900146484375,741.6300048828125,741.719970703125,57799
2026-07-02 19:17:00+00:00,741.719970703125,741.8300170898438,741.6699829101562,741.719970703125,56839
2026-07-02 19:18:00+00:00,741.719970703125,741.77001953125,741.52001953125,741.6900024414062,40996
2026-07-02 19:19:00+00:00,741.7000122070312,742.0499877929688,741.6699829101562,741.7999877929688,58901
2026-07-02 19:20:00+00:00,741.8200073242188,741.8900146484375,741.6300048828125,741.655029296875,457694
2026-07-02 19:21:00+00:00,741.655029296875,741.739990234375,741.5499877929688,741.6400146484375,64031
2026-07-02 19:22:00+00:00,741.6300048828125,741.7399291992188,741.52001953125,741.5900268554688,102375
2026-07-02 19:23:00+00:00,741.5900268554688,741.75,741.5599975585938,741.6400146484375,60222
2026-07-02 19:24:00+00:00,741.6500244140625,741.6900024414062,741.5499877929688,741.5999755859375,43689
2026-07-02 19:25:00+00:00,741.5900268554688,741.6500244140625,741.4600830078125,741.5599975585938,51489
2026-07-02 19:26:00+00:00,741.5499877929688,741.760009765625,741.4600219726562,741.760009765625,96562
2026-07-02 19:27:00+00:00,741.739990234375,741.9600219726562,741.719970703125,741.9400024414062,99288
2026-07-02 19:28:00+00:00,741.9400024414062,742.489990234375,741.9099731445312,742.39501953125,166034
2026-07-02 19:29:00+00:00,742.405029296875,742.6400146484375,742.2899780273438,742.3099975585938,215080
2026-07-02 19:30:00+00:00,742.3400268554688,742.5599975585938,742.1699829101562,742.510009765625,91000
2026-07-02 19:31:00+00:00,742.5399780273438,742.6699829101562,742.3400268554688,742.4299926757812,85837
2026-07-02 19:32:00+00:00,742.4400024414062,742.719970703125,742.4099731445312,742.5700073242188,93156
2026-07-02 19:33:00+00:00,742.5599975585938,742.8300170898438,742.5499877929688,742.739990234375,102035
2026-07-02 19:34:00+00:00,742.75,742.8900146484375,742.72998046875,742.8400268554688,112588
2026-07-02 19:35:00+00:00,742.8499755859375,743.1400146484375,742.7899780273438,743.0599975585938,82335
2026-07-02 19:36:00+00:00,743.0499877929688,743.0803833007812,742.739990234375,742.780029296875,100213
2026-07-02 19:37:00+00:00,742.760009765625,743.030029296875,742.5800170898438,743.030029296875,92890
2026-07-02 19:38:00+00:00,743.010009765625,743.1500244140625,742.97998046875,743.0349731445312,85568
2026-07-02 19:39:00+00:00,743.0499877929688,743.1400146484375,742.9500122070312,743.1099853515625,103154
2026-07-02 19:40:00+00:00,743.1099853515625,743.1500244140625,742.8699951171875,743.0800170898438,83671
2026-07-02 19:41:00+00:00,743.0700073242188,743.0900268554688,742.8900146484375,743.010009765625,83686
2026-07-02 19:42:00+00:00,742.989990234375,743.0900268554688,742.77001953125,743.0900268554688,270623
2026-07-02 19:43:00+00:00,743.0900268554688,743.3140258789062,742.989990234375,743.1900024414062,84932
2026-07-02 19:44:00+00:00,743.2050170898438,743.375,743.1799926757812,743.25,91982
2026-07-02 19:45:00+00:00,743.260009765625,743.3699951171875,743.1199951171875,743.2675170898438,119198
2026-07-02 19:46:00+00:00,743.260009765625,743.280029296875,743.030029296875,743.239990234375,139040
2026-07-02 19:47:00+00:00,743.22998046875,743.3800048828125,743.0499877929688,743.1199951171875,222584
2026-07-02 19:48:00+00:00,743.110107421875,743.219970703125,743.0499877929688,743.0900268554688,251801
2026-07-02 19:49:00+00:00,743.0800170898438,743.2899780273438,742.989990234375,743.27001953125,166430
2026-07-02 19:50:00+00:00,743.280029296875,744.0750122070312,743.2750244140625,743.9000244140625,451368
2026-07-02 19:51:00+00:00,743.89501953125,744.0687255859375,743.719970703125,744.0499877929688,343969
2026-07-02 19:52:00+00:00,744.0499877929688,744.1500244140625,743.9400024414062,744.0999755859375,557592
2026-07-02 19:53:00+00:00,744.0999755859375,744.27001953125,743.9500122070312,744.1199951171875,483755
2026-07-02 19:54:00+00:00,744.1199951171875,744.510009765625,744.0599975585938,744.47998046875,551473
2026-07-02 19:55:00+00:00,744.5,744.75,744.280029296875,744.6500244140625,713995
2026-07-02 19:56:00+00:00,744.6500244140625,744.8400268554688,744.5700073242188,744.760009765625,585275
2026-07-02 19:57:00+00:00,744.77001953125,745.1849975585938,744.7550048828125,745.0900268554688,570123
2026-07-02 19:58:00+00:00,745.0800170898438,745.469970703125,744.8599853515625,745.2977294921875,1127314
2026-07-02 19:59:00+00:00,745.2899780273438,745.5800170898438,744.7899780273438,744.8400268554688,2953277
2026-07-02 20:00:00+00:00,744.8,745.5747,744.26,744.42,1687324
2026-07-02 20:01:00+00:00,744.48,745.5747,744.24,744.42,0
2026-07-02 20:02:00+00:00,744.42,744.5,744.17,744.32,0
2026-07-02 20:03:00+00:00,744.43,744.43,744.27,744.31,0
2026-07-02 20:04:00+00:00,744.335,744.78,744.21,744.2274,0
2026-07-02 20:05:00+00:00,744.2273,744.27,743.98,744.23,0
2026-07-02 20:06:00+00:00,744.231,744.78,744.17,744.22,0
2026-07-02 20:07:00+00:00,744.235,744.36,744.19,744.2,0
2026-07-02 20:08:00+00:00,744.21,744.36,743.8833,744.25,0
2026-07-02 20:09:00+00:00,744.2,745.5312,744.16,744.43,0
2026-07-02 20:10:00+00:00,744.42,744.78,744.17,744.28,0
2026-07-02 20:11:00+00:00,744.2796,744.41,744.24,744.325,0
2026-07-02 20:12:00+00:00,744.325,744.54,744.325,744.49,0
2026-07-02 20:13:00+00:00,744.54,744.57,744.43,744.48,0
2026-07-02 20:14:00+00:00,744.5,745.5757,744.5,744.59,0
2026-07-02 20:15:00+00:00,744.59,744.78,744.4,744.56,0
2026-07-02 20:16:00+00:00,744.56,744.78,744.44,744.4679,0
2026-07-02 20:17:00+00:00,744.48,744.5095,744.4,744.45,0
2026-07-02 20:18:00+00:00,744.43,744.57,744.43,744.55,0
2026-07-02 20:19:00+00:00,744.55,744.5697,744.4,744.44,0
2026-07-02 20:20:00+00:00,744.42,744.53,744.4,744.4,0
2026-07-02 20:21:00+00:00,744.38,744.38,744.23,744.345,0
2026-07-02 20:22:00+00:00,744.34,744.36,744.25,744.29,0
2026-07-02 20:23:00+00:00,744.27,744.32,744.2223,744.24,0
2026-07-02 20:24:00+00:00,744.2395,744.25,744.11,744.14,0
2026-07-02 20:25:00+00:00,744.17,744.21,744.1173,744.21,0
2026-07-02 20:26:00+00:00,744.27,744.43,744.27,744.31,0
2026-07-02 20:27:00+00:00,744.28,744.78,744.1,744.17,0
2026-07-02 20:28:00+00:00,744.1504,744.195,744.15,744.195,0
2026-07-02 20:29:00+00:00,744.19,744.22,744.16,744.1879,0
2026-07-02 20:30:00+00:00,744.21,744.78,744.15,744.165,0
2026-07-02 20:31:00+00:00,744.17,744.33,744.15,744.305,0
2026-07-02 20:32:00+00:00,744.25,744.42,744.22,744.22,0
2026-07-02 20:33:00+00:00,744.24,744.25,744.08,744.25,0
2026-07-02 20:34:00+00:00,744.265,744.5,744.25,744.4,0
2026-07-02 20:35:00+00:00,744.51,744.61,744.49,744.5143,0
2026-07-02 20:36:00+00:00,744.49,744.52,744.41,744.4115,0
2026-07-02 20:37:00+00:00,744.45,744.52,744.44,744.45,0
2026-07-02 20:38:00+00:00,744.37,744.415,744.3,744.32,0
2026-07-02 20:39:00+00:00,744.3,745.5747,744.3,745.5747,0
2026-07-02 20:40:00+00:00,744.37,744.37,744.25,744.32,0
2026-07-02 20:41:00+00:00,744.3,744.3,744.25,744.2987,0
2026-07-02 20:42:00+00:00,744.281,744.35,744.27,744.32,0
2026-07-02 20:43:00+00:00,744.3383,744.3383,694.1241,744.1505,0
2026-07-02 20:44:00+00:00,744.18,744.18,706.4303,744.15,0
2026-07-02 20:45:00+00:00,744.09,744.1587,744.09,744.15,0
2026-07-02 20:46:00+00:00,744.18,744.24,744.12,744.22,0
2026-07-02 20:47:00+00:00,744.19,744.78,744.16,744.22,0
2026-07-02 20:48:00+00:00,744.22,744.33,744.115,744.115,0
2026-07-02 20:49:00+00:00,744.14,744.31,744.13,744.25,0
2026-07-02 20:50:00+00:00,744.27,744.33,744.22,744.315,0
2026-07-02 20:51:00+00:00,744.28,744.33,744.261,744.27,0
2026-07-02 20:52:00+00:00,744.26,744.33,744.25,744.3,0
2026-07-02 20:53:00+00:00,744.32,744.37,744.26,744.26,0
2026-07-02 20:54:00+00:00,744.265,744.265,744.1917,744.26,0
2026-07-02 20:55:00+00:00,744.26,744.26,744.2,744.26,0
2026-07-02 20:56:00+00:00,744.24,744.3235,744.17,744.22,0
2026-07-02 20:57:00+00:00,744.27,744.48,744.25,744.355,0
2026-07-02 20:58:00+00:00,744.37,744.45,744.23,744.445,0
2026-07-02 20:59:00+00:00,744.47,744.5699,744.385,744.385,0
2026-07-02 21:00:00+00:00,744.53,744.53,744.2781,744.2781,0
2026-07-02 21:01:00+00:00,744.415,744.58,744.39,744.53,0
2026-07-02 21:02:00+00:00,744.46,744.58,744.41,744.46,0
2026-07-02 21:03:00+00:00,744.43,744.57,693.9749,744.46,0
2026-07-02 21:04:00+00:00,744.46,744.46,706.4303,744.46,0
2026-07-02 21:05:00+00:00,744.78,744.78,744.2,744.46,0
2026-07-02 21:06:00+00:00,744.33,744.47,744.26,744.33,0
2026-07-02 21:07:00+00:00,744.33,744.4535,744.24,744.33,0
2026-07-02 21:08:00+00:00,744.3,744.46,744.3,744.33,0
2026-07-02 21:09:00+00:00,744.34,744.46,744.2,744.335,0
2026-07-02 21:10:00+00:00,744.42,744.46,744.2162,744.355,0
2026-07-02 21:11:00+00:00,744.46,744.46,744.355,744.45,0
2026-07-02 21:12:00+00:00,744.46,744.46,744.355,744.4,0
2026-07-02 21:13:00+00:00,744.46,744.46,744.25,744.325,0
2026-07-02 21:14:00+00:00,744.4,744.46,744.2164,744.26,0
2026-07-02 21:15:00+00:00,744.24,744.38,744.2,744.38,0
2026-07-02 21:16:00+00:00,744.46,744.46,744.36,744.36,0
2026-07-02 21:17:00+00:00,744.45,744.46,744.26,744.36,0
2026-07-02 21:18:00+00:00,744.36,744.46,744.26,744.36,0
2026-07-02 21:19:00+00:00,744.35,744.46,744.35,744.405,0
2026-07-02 21:20:00+00:00,744.3527,744.46,744.35,744.35,0
2026-07-02 21:21:00+00:00,744.3,744.46,744.3,744.46,0
2026-07-02 21:22:00+00:00,744.45,744.46,744.3527,744.4,0
2026-07-02 21:23:00+00:00,744.363,744.46,744.3,744.4,0
2026-07-02 21:24:00+00:00,744.46,744.46,744.338,744.338,0
2026-07-02 21:25:00+00:00,744.4,744.46,744.33,744.4401,0
2026-07-02 21:26:00+00:00,744.46,744.5,744.3992,744.5,0
2026-07-02 21:27:00+00:00,744.5,744.5,744.4387,744.4387,0
2026-07-02 21:28:00+00:00,744.39,744.46,744.39,744.445,0
2026-07-02 21:29:00+00:00,744.5,744.5,744.36,744.38,0
2026-07-02 21:30:00+00:00,744.38,744.5,744.36,744.5,0
2026-07-02 21:31:00+00:00,744.455,744.5,744.4219,744.5,0
2026-07-02 21:32:00+00:00,744.455,744.5,744.41,744.455,0
2026-07-02 21:33:00+00:00,744.5,744.5,744.42,744.455,0
2026-07-02 21:34:00+00:00,744.455,744.5,744.42,744.47,0
2026-07-02 21:35:00+00:00,744.46,744.4946,744.44,744.4455,0
2026-07-02 21:36:00+00:00,744.47,744.5,744.445,744.47,0
2026-07-02 21:37:00+00:00,744.45,744.45,744.42,744.42,0
2026-07-02 21:38:00+00:00,744.43,744.44,744.42,744.43,0
2026-07-02 21:39:00+00:00,744.43,744.44,744.36,744.39,0
2026-07-02 21:40:00+00:00,744.42,744.42,744.36,744.3961,0
2026-07-02 21:41:00+00:00,744.36,744.42,744.36,744.42,0
2026-07-02 21:42:00+00:00,744.39,744.4,744.33,744.345,0
2026-07-02 21:43:00+00:00,744.36,744.65,744.345,744.65,0
2026-07-02 21:44:00+00:00,744.6,744.65,744.6,744.61,0
2026-07-02 21:45:00+00:00,744.61,744.78,744.61,744.63,0
2026-07-02 21:46:00+00:00,744.61,744.63,744.6,744.6,0
2026-07-02 21:47:00+00:00,744.605,744.61,744.6,744.605,0
2026-07-02 21:48:00+00:00,744.605,744.605,744.6,744.605,0
2026-07-02 21:49:00+00:00,744.605,744.61,744.6,744.61,0
2026-07-02 21:50:00+00:00,744.63,744.69,744.62,744.69,0
2026-07-02 21:51:00+00:00,744.69,744.75,744.68,744.7407,0
2026-07-02 21:52:00+00:00,744.72,744.75,744.7,744.72,0
2026-07-02 21:53:00+00:00,744.7,744.75,744.68,744.705,0
2026-07-02 21:54:00+00:00,744.681,744.78,744.68,744.78,0
2026-07-02 21:55:00+00:00,744.68,744.74,744.68,744.73,0
2026-07-02 21:56:00+00:00,744.73,744.77,744.69,744.73,0
2026-07-02 21:57:00+00:00,744.78,744.78,744.67,744.67,0
2026-07-02 21:58:00+00:00,744.64,744.74,744.64,744.69,0
2026-07-02 21:59:00+00:00,744.65,744.74,744.64,744.7,0
2026-07-02 22:00:00+00:00,744.64,744.915,744.63,744.74,0
2026-07-02 22:01:00+00:00,744.74,744.76,744.6,744.69,0
2026-07-02 22:02:00+00:00,744.75,744.845,744.7,744.845,0
2026-07-02 22:03:00+00:00,744.83,744.9422,744.83,744.94,0
2026-07-02 22:04:00+00:00,744.9,744.9,744.715,744.8107,0
2026-07-02 22:05:00+00:00,744.79,744.81,744.58,744.81,0
2026-07-02 22:06:00+00:00,744.83,744.96,744.83,744.95,0
2026-07-02 22:07:00+00:00,744.97,745.1,744.97,744.97,0
2026-07-02 22:08:00+00:00,745.015,745.06,744.9402,745.005,0
2026-07-02 22:09:00+00:00,745.0588,745.0588,744.97,744.97,0
2026-07-02 22:10:00+00:00,744.95,744.97,744.92,744.97,0
2026-07-02 22:11:00+00:00,745.0085,745.01,744.92,744.965,0
2026-07-02 22:12:00+00:00,744.965,744.99,744.905,744.905,0
2026-07-02 22:13:00+00:00,744.915,744.975,744.87,744.93,0
2026-07-02 22:14:00+00:00,744.92,745.01,744.9,744.98,0
2026-07-02 22:15:00+00:00,744.97,745.11,744.97,745.11,0
2026-07-02 22:16:00+00:00,745.11,745.16,745.09,745.09,0
2026-07-02 22:17:00+00:00,745.09,745.14,745.0504,745.12,0
2026-07-02 22:18:00+00:00,745.14,745.16,745.07,745.09,0
2026-07-02 22:19:00+00:00,745.105,745.14,745.0689,745.14,0
2026-07-02 22:20:00+00:00,745.089,745.17,745.05,745.15,0
2026-07-02 22:21:00+00:00,745.115,745.13,745.01,745.1001,0
2026-07-02 22:22:00+00:00,745.1,745.18,745.1,745.178,0
2026-07-02 22:23:00+00:00,745.18,745.19,745.1345,745.16,0
2026-07-02 22:24:00+00:00,745.15,745.2,745.14,745.16,0
2026-07-02 22:25:00+00:00,745.13,745.15,745.0423,745.1482,0
2026-07-02 22:26:00+00:00,745.12,745.14,745.09,745.12,0
2026-07-02 22:27:00+00:00,745.17,745.18,745.11,745.16,0
2026-07-02 22:28:00+00:00,745.1312,745.2,745.1312,745.2,0
2026-07-02 22:29:00+00:00,745.18,745.2,744.96,744.985,0
2026-07-02 22:30:00+00:00,744.9682,744.97,744.89,744.9,0
2026-07-02 22:31:00+00:00,744.92,745.11,744.92,745.0196,0
2026-07-02 22:32:00+00:00,744.985,744.9999,744.95,744.995,0
2026-07-02 22:33:00+00:00,744.965,745.04,744.94,745.02,0
2026-07-02 22:34:00+00:00,745.085,745.23,745.085,745.22,0
2026-07-02 22:35:00+00:00,745.21,745.28,745.18,745.23,0
2026-07-02 22:36:00+00:00,745.23,745.38,745.23,745.38,0
2026-07-02 22:37:00+00:00,745.38,745.44,745.3615,745.3815,0
2026-07-02 22:38:00+00:00,745.405,745.47,745.405,745.47,0
2026-07-02 22:39:00+00:00,745.47,745.54,745.43,745.5,0
2026-07-02 22:40:00+00:00,745.52,745.58,745.5017,745.58,0
2026-07-02 22:41:00+00:00,745.54,745.58,745.5121,745.55,0
2026-07-02 22:42:00+00:00,745.55,745.5791,745.51,745.5791,0
2026-07-02 22:43:00+00:00,745.55,745.615,745.52,745.61,0
2026-07-02 22:44:00+00:00,745.63,745.64,745.5817,745.63,0
2026-07-02 22:45:00+00:00,745.62,745.68,745.6,745.6,0
2026-07-02 22:46:00+00:00,745.5722,745.61,745.57,745.605,0
2026-07-02 22:47:00+00:00,745.6304,745.64,745.51,745.5205,0
2026-07-02 22:48:00+00:00,745.54,745.5713,745.51,745.5713,0
2026-07-02 22:49:00+00:00,745.57,745.59,745.51,745.51,0
2026-07-02 22:50:00+00:00,745.54,745.54,745.42,745.45,0
2026-07-02 22:51:00+00:00,745.45,745.5085,745.45,745.47,0
2026-07-02 22:52:00+00:00,745.45,745.48,745.37,745.405,0
2026-07-02 22:53:00+00:00,745.46,745.46,745.37,745.415,0
2026-07-02 22:54:00+00:00,745.4,745.49,745.4,745.48,0
2026-07-02 22:55:00+00:00,745.49,745.64,745.49,745.59,0
2026-07-02 22:56:00+00:00,745.6196,745.64,745.5623,745.5623,0
2026-07-02 22:57:00+00:00,745.5245,745.64,745.5245,745.64,0
2026-07-02 22:58:00+00:00,745.64,745.64,745.6,745.6226,0
2026-07-02 22:59:00+00:00,745.62,745.65,745.62,745.65,0
2026-07-02 23:00:00+00:00,745.63,745.66,745.55,745.66,0
2026-07-02 23:01:00+00:00,745.655,745.6987,745.645,745.645,0
2026-07-02 23:02:00+00:00,745.635,745.65,745.57,745.595,0
2026-07-02 23:03:00+00:00,745.524,745.64,745.5204,745.58,0
2026-07-02 23:04:00+00:00,745.5087,745.5087,745.45,745.495,0
2026-07-02 23:05:00+00:00,745.56,745.56,745.47,745.4904,0
2026-07-02 23:06:00+00:00,745.495,745.54,745.415,745.415,0
2026-07-02 23:07:00+00:00,745.4,745.41,745.27,745.35,0
2026-07-02 23:08:00+00:00,745.3983,745.45,745.32,745.4,0
2026-07-02 23:09:00+00:00,745.465,745.49,745.271,745.271,0
2026-07-02 23:10:00+00:00,745.38,745.38,745.35,745.37,0
2026-07-02 23:11:00+00:00,745.315,745.375,745.289,745.289,0
2026-07-02 23:12:00+00:00,745.25,745.305,745.2085,745.2085,0
2026-07-02 23:13:00+00:00,745.2,745.2,745.1099,745.151,0
2026-07-02 23:14:00+00:00,745.13,745.13,745.05,745.07,0
2026-07-02 23:15:00+00:00,745.095,745.18,745.085,745.155,0
2026-07-02 23:16:00+00:00,745.12,745.34,745.1,745.34,0
2026-07-02 23:17:00+00:00,745.34,745.34,745.24,745.24,0
2026-07-02 23:18:00+00:00,745.28,745.29,745.2,745.25,0
2026-07-02 23:19:00+00:00,745.27,745.29,745.04,745.125,0
2026-07-02 23:20:00+00:00,745.14,745.3,745.1204,745.2585,0
2026-07-02 23:21:00+00:00,745.259,745.34,745.215,745.2761,0
2026-07-02 23:22:00+00:00,745.295,745.52,745.25,745.52,0
2026-07-02 23:23:00+00:00,745.54,745.58,745.5,745.5384,0
2026-07-02 23:24:00+00:00,745.505,745.7,745.505,745.6894,0
2026-07-02 23:25:00+00:00,745.66,745.72,745.645,745.662,0
2026-07-02 23:26:00+00:00,745.7,745.76,745.67,745.75,0
2026-07-02 23:27:00+00:00,745.77,745.77,745.67,745.7474,0
2026-07-02 23:28:00+00:00,745.73,745.78,745.725,745.73,0
2026-07-02 23:29:00+00:00,745.67,745.76,745.63,745.71,0
2026-07-02 23:30:00+00:00,745.6304,745.73,745.56,745.645,0
2026-07-02 23:31:00+00:00,745.64,745.69,745.59,745.66,0
2026-07-02 23:32:00+00:00,745.69,745.76,745.65,745.7252,0
2026-07-02 23:33:00+00:00,745.745,745.745,745.705,745.705,0
2026-07-02 23:34:00+00:00,745.75,745.85,745.75,745.7693,0
2026-07-02 23:35:00+00:00,745.8,745.88,745.74,745.805,0
2026-07-02 23:36:00+00:00,745.85,745.8518,745.775,745.775,0
2026-07-02 23:37:00+00:00,745.77,745.81,745.73,745.81,0
2026-07-02 23:38:00+00:00,745.825,745.85,745.74,745.74,0
2026-07-02 23:39:00+00:00,745.76,745.76,745.51,745.56,0
2026-07-02 23:40:00+00:00,745.545,745.61,745.545,745.61,0
2026-07-02 23:41:00+00:00,745.62,745.705,745.46,745.505,0
2026-07-02 23:42:00+00:00,745.505,745.53,745.44,745.52,0
2026-07-02 23:43:00+00:00,745.4987,745.555,745.46,745.53,0
2026-07-02 23:44:00+00:00,745.5304,745.57,745.445,745.445,0
2026-07-02 23:45:00+00:00,745.4677,745.7,745.4,745.7,0
2026-07-02 23:46:00+00:00,745.725,745.8,745.67,745.705,0
2026-07-02 23:47:00+00:00,745.57,745.77,745.5613,745.735,0
2026-07-02 23:48:00+00:00,745.685,745.685,745.63,745.665,0
2026-07-02 23:49:00+00:00,745.73,745.78,745.72,745.76,0
2026-07-02 23:50:00+00:00,745.72,745.8,745.71,745.71,0
2026-07-02 23:51:00+00:00,745.71,745.82,745.71,745.71,0
2026-07-02 23:52:00+00:00,745.75,745.83,745.73,745.795,0
2026-07-02 23:53:00+00:00,745.8092,745.8092,745.63,745.63,0
2026-07-02 23:54:00+00:00,745.6496,745.8,745.55,745.8,0
2026-07-02 23:55:00+00:00,745.655,745.75,745.59,745.632,0
2026-07-02 23:56:00+00:00,745.675,745.75,745.64,745.6401,0
2026-07-02 23:57:00+00:00,745.66,745.77,745.61,745.68,0
2026-07-02 23:58:00+00:00,745.67,745.77,745.64,745.735,0
2026-07-02 23:59:00+00:00,745.77,745.77,745.7,745.7383,0
2026-07-06 08:00:00+00:00,747.02,748.6,746.25,748.5699,0
2026-07-06 08:01:00+00:00,748.57,748.6205,746.34,748.62,0
2026-07-06 08:02:00+00:00,748.65,748.81,748.5952,748.67,0
2026-07-06 08:03:00+00:00,748.66,748.69,746.26,747.36,0
2026-07-06 08:04:00+00:00,748.63,748.67,746.27,747.1,0
2026-07-06 08:05:00+00:00,748.62,748.72,746.75,747.85,0
2026-07-06 08:06:00+00:00,748.7,748.7882,747.78,747.82,0
2026-07-06 08:07:00+00:00,746.83,748.7482,746.46,747.57,0
2026-07-06 08:08:00+00:00,746.78,748.79,746.78,748.71,0
2026-07-06 08:09:00+00:00,747.24,748.88,747.0,748.74,0
2026-07-06 08:10:00+00:00,748.7788,748.7985,748.67,748.7057,0
2026-07-06 08:11:00+00:00,748.6604,748.6604,748.4,748.4,0
2026-07-06 08:12:00+00:00,748.41,748.41,748.17,748.17,0
2026-07-06 08:13:00+00:00,748.18,748.18,748.06,748.17,0
2026-07-06 08:14:00+00:00,748.17,748.24,748.15,748.23,0
2026-07-06 08:15:00+00:00,748.2,748.2237,748.07,748.07,0
2026-07-06 08:16:00+00:00,748.13,748.15,747.89,747.89,0
2026-07-06 08:17:00+00:00,747.98,748.09,747.98,748.04,0
2026-07-06 08:18:00+00:00,748.05,748.1285,748.0112,748.09,0
2026-07-06 08:19:00+00:00,748.1312,748.25,748.1312,748.25,0
2026-07-06 08:20:00+00:00,748.29,748.29,748.18,748.28,0
2026-07-06 08:21:00+00:00,748.35,748.36,748.3,748.31,0
2026-07-06 08:22:00+00:00,748.4,748.4,748.3291,748.3291,0
2026-07-06 08:23:00+00:00,748.32,748.32,748.19,748.3085,0
2026-07-06 08:24:00+00:00,748.38,748.41,748.35,748.36,0
2026-07-06 08:25:00+00:00,748.39,748.45,748.39,748.45,0
2026-07-06 08:26:00+00:00,748.44,748.449,748.38,748.4087,0
2026-07-06 08:27:00+00:00,748.44,748.45,748.381,748.45,0
2026-07-06 08:28:00+00:00,748.42,748.43,748.36,748.36,0
2026-07-06 08:29:00+00:00,748.35,748.4,748.35,748.4,0
2026-07-06 08:30:00+00:00,748.41,748.41,748.3604,748.3604,0
2026-07-06 08:31:00+00:00,748.3705,748.43,748.33,748.33,0
2026-07-06 08:32:00+00:00,748.3285,748.34,748.27,748.28,0
2026-07-06 08:33:00+00:00,748.3087,748.38,748.3087,748.31,0
2026-07-06 08:34:00+00:00,748.24,748.24,748.1597,748.1597,0
2026-07-06 08:35:00+00:00,748.1597,748.24,748.1459,748.21,0
2026-07-06 08:36:00+00:00,748.17,748.1792,748.14,748.16,0
2026-07-06 08:37:00+00:00,748.15,748.15,748.03,748.0797,0
2026-07-06 08:38:00+00:00,748.1469,748.1469,748.11,748.1291,0
2026-07-06 08:39:00+00:00,748.11,748.17,748.11,748.17,0
2026-07-06 08:40:00+00:00,748.209,748.43,748.209,748.43,0
2026-07-06 08:41:00+00:00,748.42,748.42,748.39,748.39,0
2026-07-06 08:42:00+00:00,748.35,748.39,748.34,748.38,0
2026-07-06 08:43:00+00:00,748.39,748.44,748.35,748.35,0
2026-07-06 08:44:00+00:00,748.45,748.46,748.36,748.36,0
2026-07-06 08:45:00+00:00,748.39,748.39,748.2617,748.2617,0
2026-07-06 08:46:00+00:00,748.3095,748.31,748.24,748.26,0
2026-07-06 08:47:00+00:00,748.289,748.32,748.26,748.28,0
2026-07-06 08:48:00+00:00,748.221,748.35,748.221,748.33,0
2026-07-06 08:49:00+00:00,748.36,748.37,748.33,748.37,0
2026-07-06 08:50:00+00:00,748.3795,748.3795,748.31,748.35,0
2026-07-06 08:51:00+00:00,748.34,748.37,748.34,748.35,0
2026-07-06 08:52:00+00:00,748.375,748.42,748.375,748.38,0
2026-07-06 08:53:00+00:00,748.4,748.4,748.31,748.31,0
2026-07-06 08:54:00+00:00,748.36,748.36,748.3412,748.3412,0
2026-07-06 08:55:00+00:00,748.35,748.35,748.3195,748.3212,0
2026-07-06 08:56:00+00:00,748.38,748.43,748.38,748.38,0
2026-07-06 08:57:00+00:00,748.4064,748.409,748.36,748.39,0
2026-07-06 08:58:00+00:00,748.39,748.549,748.38,748.549,0
2026-07-06 08:59:00+00:00,748.54,748.55,748.44,748.47,0
2026-07-06 09:00:00+00:00,748.47,748.47,748.34,748.36,0
2026-07-06 09:01:00+00:00,748.37,748.47,748.36,748.43,0
2026-07-06 09:02:00+00:00,748.48,748.48,748.421,748.4295,0
2026-07-06 09:03:00+00:00,748.42,748.42,748.3287,748.3482,0
2026-07-06 09:04:00+00:00,748.4,748.43,748.31,748.31,0
2026-07-06 09:05:00+00:00,748.32,748.33,748.3,748.3,0
2026-07-06 09:06:00+00:00,748.37,748.51,748.37,748.46,0
2026-07-06 09:07:00+00:00,748.44,748.44,748.39,748.39,0
2026-07-06 09:08:00+00:00,748.4,748.4,748.35,748.38,0
2026-07-06 09:09:00+00:00,748.36,748.37,748.33,748.37,0
2026-07-06 09:10:00+00:00,748.37,748.37,748.31,748.31,0
2026-07-06 09:11:00+00:00,748.289,748.289,748.22,748.22,0
2026-07-06 09:12:00+00:00,748.29,748.29,748.14,748.21,0
2026-07-06 09:13:00+00:00,748.21,748.21,748.13,748.13,0
2026-07-06 09:14:00+00:00,748.14,748.16,748.09,748.15,0
2026-07-06 09:15:00+00:00,748.24,748.3,748.2,748.2212,0
2026-07-06 09:16:00+00:00,748.3,748.3099,748.28,748.28,0
2026-07-06 09:17:00+00:00,748.3187,748.34,748.2717,748.33,0
2026-07-06 09:18:00+00:00,748.34,748.36,748.3,748.3292,0
2026-07-06 09:19:00+00:00,748.3,748.3,748.21,748.21,0
2026-07-06 09:20:00+00:00,748.18,748.18,748.15,748.16,0
2026-07-06 09:21:00+00:00,748.18,748.2,748.15,748.17,0
2026-07-06 09:22:00+00:00,748.22,748.28,748.22,748.28,0
2026-07-06 09:23:00+00:00,748.31,748.4,748.3,748.38,0
2026-07-06 09:24:00+00:00,748.37,748.37,748.34,748.349,0
2026-07-06 09:25:00+00:00,748.37,748.41,748.36,748.41,0
2026-07-06 09:26:00+00:00,748.46,748.46,748.37,748.37,0
2026-07-06 09:27:00+00:00,748.38,748.43,748.38,748.43,0
2026-07-06 09:28:00+00:00,748.43,748.46,748.42,748.43,0
2026-07-06 09:29:00+00:00,748.42,748.65,748.39,748.4415,0
2026-07-06 09:30:00+00:00,748.48,748.48,748.38,748.3987,0
2026-07-06 09:31:00+00:00,748.43,748.43,748.2687,748.2687,0
2026-07-06 09:32:00+00:00,748.2707,748.28,748.2,748.2,0
2026-07-06 09:33:00+00:00,748.23,748.2585,748.15,748.15,0
2026-07-06 09:34:00+00:00,748.19,748.25,748.19,748.25,0
2026-07-06 09:35:00+00:00,748.27,748.39,748.27,748.36,0
2026-07-06 09:36:00+00:00,748.4,748.45,748.4,748.45,0
2026-07-06 09:37:00+00:00,748.47,748.49,748.43,748.45,0
2026-07-06 09:38:00+00:00,748.47,748.4796,748.43,748.4796,0
2026-07-06 09:39:00+00:00,748.44,748.44,748.38,748.4,0
2026-07-06 09:40:00+00:00,748.41,748.45,748.41,748.45,0
2026-07-06 09:41:00+00:00,748.4412,748.4412,748.37,748.37,0
2026-07-06 09:42:00+00:00,748.3787,748.3787,748.3787,748.3787,0
2026-07-06 09:43:00+00:00,748.38,748.38,748.38,748.38,0
2026-07-06 09:44:00+00:00,748.37,748.37,748.28,748.28,0
2026-07-06 09:45:00+00:00,748.28,748.28,748.21,748.21,0
2026-07-06 09:46:00+00:00,748.18,748.19,748.14,748.14,0
2026-07-06 09:47:00+00:00,748.11,748.14,748.08,748.13,0
2026-07-06 09:48:00+00:00,748.11,748.14,748.03,748.04,0
2026-07-06 09:49:00+00:00,748.03,748.06,747.999,748.0,0
2026-07-06 09:50:00+00:00,748.0,748.22,748.0,748.22,0
2026-07-06 09:51:00+00:00,748.25,748.53,748.25,748.48,0
2026-07-06 09:52:00+00:00,748.5,748.53,748.48,748.52,0
2026-07-06 09:53:00+00:00,748.5,748.66,748.5,748.6212,0
2026-07-06 09:54:00+00:00,748.66,748.71,748.66,748.71,0
2026-07-06 09:55:00+00:00,748.7,748.74,748.69,748.72,0
2026-07-06 09:56:00+00:00,748.71,748.76,748.63,748.72,0
2026-07-06 09:57:00+00:00,748.68,748.68,748.67,748.67,0
2026-07-06 09:58:00+00:00,748.71,748.78,748.6823,748.76,0
2026-07-06 09:59:00+00:00,748.74,748.75,748.7307,748.75,0
2026-07-06 10:00:00+00:00,748.76,748.76,748.67,748.76,0
2026-07-06 10:01:00+00:00,748.7807,748.85,748.67,748.67,0
2026-07-06 10:02:00+00:00,748.6632,748.7185,748.49,748.5,0
2026-07-06 10:03:00+00:00,748.49,748.491,748.46,748.491,0
2026-07-06 10:04:00+00:00,748.55,748.57,748.42,748.42,0
2026-07-06 10:05:00+00:00,748.44,748.4685,748.36,748.42,0
2026-07-06 10:06:00+00:00,748.45,748.4688,748.33,748.33,0
2026-07-06 10:07:00+00:00,748.38,748.3992,748.32,748.34,0
2026-07-06 10:08:00+00:00,748.35,748.36,748.32,748.32,0
2026-07-06 10:09:00+00:00,748.32,748.36,748.32,748.33,0
2026-07-06 10:10:00+00:00,748.36,748.36,748.3,748.3,0
2026-07-06 10:11:00+00:00,748.44,748.51,748.44,748.51,0
2026-07-06 10:12:00+00:00,748.56,748.57,748.56,748.57,0
2026-07-06 10:13:00+00:00,748.57,748.62,748.54,748.58,0
2026-07-06 10:14:00+00:00,748.5902,748.72,748.57,748.72,0
2026-07-06 10:15:00+00:00,748.69,748.69,748.65,748.66,0
2026-07-06 10:16:00+00:00,748.709,748.709,748.62,748.62,0
2026-07-06 10:17:00+00:00,748.66,748.6992,748.66,748.66,0
2026-07-06 10:18:00+00:00,748.69,748.73,748.69,748.7,0
2026-07-06 10:19:00+00:00,748.7,748.75,748.7,748.74,0
2026-07-06 10:20:00+00:00,748.72,748.78,748.71,748.73,0
2026-07-06 10:21:00+00:00,748.72,748.7485,748.66,748.66,0
2026-07-06 10:22:00+00:00,748.64,748.66,748.62,748.64,0
2026-07-06 10:23:00+00:00,748.65,748.65,748.61,748.62,0
2026-07-06 10:24:00+00:00,748.62,748.62,748.58,748.58,0
2026-07-06 10:25:00+00:00,748.57,748.58,748.55,748.58,0
2026-07-06 10:26:00+00:00,748.58,748.58,748.53,748.54,0
2026-07-06 10:27:00+00:00,748.56,748.56,748.5,748.5,0
2026-07-06 10:28:00+00:00,748.47,748.4792,748.45,748.451,0
2026-07-06 10:29:00+00:00,748.46,748.5,748.45,748.5,0
2026-07-06 10:30:00+00:00,748.51,748.52,748.51,748.51,0
2026-07-06 10:31:00+00:00,748.5,748.53,748.47,748.48,0
2026-07-06 10:32:00+00:00,748.54,748.54,748.54,748.54,0
2026-07-06 10:33:00+00:00,748.5707,748.64,748.5707,748.64,0
2026-07-06 10:34:00+00:00,748.6815,748.7571,748.68,748.71,0
2026-07-06 10:35:00+00:00,748.72,748.72,748.63,748.64,0
2026-07-06 10:36:00+00:00,748.64,748.6807,748.64,748.6807,0
2026-07-06 10:37:00+00:00,748.71,748.76,748.71,748.74,0
2026-07-06 10:38:00+00:00,748.74,748.76,748.74,748.74,0
2026-07-06 10:39:00+00:00,748.69,748.719,748.67,748.719,0
2026-07-06 10:40:00+00:00,748.7,748.7,748.63,748.64,0
2026-07-06 10:41:00+00:00,748.64,748.66,748.6228,748.64,0
2026-07-06 10:42:00+00:00,748.6,748.6,748.5,748.53,0
2026-07-06 10:43:00+00:00,748.5304,748.54,748.44,748.44,0
2026-07-06 10:44:00+00:00,748.4,748.41,748.32,748.32,0
2026-07-06 10:45:00+00:00,748.29,748.3,748.1795,748.21,0
2026-07-06 10:46:00+00:00,748.25,748.309,748.24,748.309,0
2026-07-06 10:47:00+00:00,748.3,748.36,748.3,748.36,0
2026-07-06 10:48:00+00:00,748.33,748.36,748.28,748.28,0
2026-07-06 10:49:00+00:00,748.34,748.34,748.3112,748.3112,0
2026-07-06 10:50:00+00:00,748.3101,748.33,748.3,748.3,0
2026-07-06 10:51:00+00:00,748.36,748.39,748.34,748.36,0
2026-07-06 10:52:00+00:00,748.41,748.41,748.37,748.37,0
2026-07-06 10:53:00+00:00,748.36,748.37,748.34,748.34,0
2026-07-06 10:54:00+00:00,748.34,748.3797,748.34,748.36,0
2026-07-06 10:55:00+00:00,748.38,748.38,748.38,748.38,0
2026-07-06 10:56:00+00:00,748.44,748.4582,748.4,748.4582,0
2026-07-06 10:57:00+00:00,748.45,748.45,748.34,748.3812,0
2026-07-06 10:58:00+00:00,748.4587,748.5,748.4587,748.5,0
2026-07-06 10:59:00+00:00,748.5,748.52,748.46,748.46,0
2026-07-06 11:00:00+00:00,748.51,748.7197,744.78,748.705,0
2026-07-06 11:01:00+00:00,748.69,748.72,744.78,748.45,0
2026-07-06 11:02:00+00:00,748.45,748.4515,748.25,748.26,0
2026-07-06 11:03:00+00:00,748.2604,748.33,748.2204,748.2545,0
2026-07-06 11:04:00+00:00,748.26,748.3,748.215,748.24,0
2026-07-06 11:05:00+00:00,748.21,748.245,748.11,748.12,0
2026-07-06 11:06:00+00:00,748.11,748.18,748.07,748.1299,0
2026-07-06 11:07:00+00:00,748.13,748.13,748.02,748.07,0
2026-07-06 11:08:00+00:00,748.13,748.155,748.03,748.155,0
2026-07-06 11:09:00+00:00,748.14,748.22,748.079,748.09,0
2026-07-06 11:10:00+00:00,748.09,748.13,748.07,748.07,0
2026-07-06 11:11:00+00:00,748.09,748.16,748.0501,748.145,0
2026-07-06 11:12:00+00:00,748.13,748.17,748.07,748.13,0
2026-07-06 11:13:00+00:00,748.09,748.17,748.08,748.17,0
2026-07-06 11:14:00+00:00,748.175,748.24,748.1478,748.19,0
2026-07-06 11:15:00+00:00,748.2,748.24,748.17,748.21,0
2026-07-06 11:16:00+00:00,748.22,748.255,748.17,748.22,0
2026-07-06 11:17:00+00:00,748.2196,748.24,748.15,748.23,0
2026-07-06 11:18:00+00:00,748.24,748.28,748.18,748.26,0
2026-07-06 11:19:00+00:00,748.29,748.29,748.21,748.2607,0
2026-07-06 11:20:00+00:00,748.29,748.3,748.24,748.295,0
2026-07-06 11:21:00+00:00,748.3,748.4,748.3,748.301,0
2026-07-06 11:22:00+00:00,748.3,748.4,748.3,748.4,0
2026-07-06 11:23:00+00:00,748.37,748.39,748.29,748.39,0
2026-07-06 11:24:00+00:00,748.43,748.475,748.17,748.17,0
2026-07-06 11:25:00+00:00,748.18,748.22,748.18,748.195,0
2026-07-06 11:26:00+00:00,748.2226,748.35,748.2226,748.35,0
2026-07-06 11:27:00+00:00,748.31,748.3397,748.2161,748.225,0
2026-07-06 11:28:00+00:00,748.21,748.25,748.2,748.25,0
2026-07-06 11:29:00+00:00,748.25,748.25,748.15,748.185,0
2026-07-06 11:30:00+00:00,748.15,748.18,748.12,748.15,0
2026-07-06 11:31:00+00:00,748.2,748.21,748.14,748.2,0
2026-07-06 11:32:00+00:00,748.2,748.3388,748.1609,748.3387,0
2026-07-06 11:33:00+00:00,748.3165,748.3165,748.242,748.242,0
2026-07-06 11:34:00+00:00,748.2685,748.3602,748.2685,748.3602,0
2026-07-06 11:35:00+00:00,748.3988,748.4,748.3,748.305,0
2026-07-06 11:36:00+00:00,748.31,748.31,748.26,748.3,0
2026-07-06 11:37:00+00:00,748.285,748.31,748.255,748.255,0
2026-07-06 11:38:00+00:00,748.22,748.231,748.16,748.2185,0
2026-07-06 11:39:00+00:00,748.19,748.22,748.1559,748.22,0
2026-07-06 11:40:00+00:00,748.205,748.25,748.16,748.195,0
2026-07-06 11:41:00+00:00,748.19,748.23,748.16,748.17,0
2026-07-06 11:42:00+00:00,748.175,748.1987,748.1,748.165,0
2026-07-06 11:43:00+00:00,748.17,748.2,748.14,748.165,0
2026-07-06 11:44:00+00:00,748.11,748.24,748.1,748.22,0
2026-07-06 11:45:00+00:00,748.2,748.27,748.2,748.255,0
2026-07-06 11:46:00+00:00,748.27,748.2702,748.22,748.25,0
2026-07-06 11:47:00+00:00,748.235,748.4,748.22,748.4,0
2026-07-06 11:48:00+00:00,748.361,748.361,748.1985,748.225,0
2026-07-06 11:49:00+00:00,748.2138,748.29,748.2,748.24,0
2026-07-06 11:50:00+00:00,748.27,748.2827,748.16,748.2,0
2026-07-06 11:51:00+00:00,748.17,748.17,748.09,748.11,0
2026-07-06 11:52:00+00:00,748.09,748.14,748.075,748.075,0
2026-07-06 11:53:00+00:00,748.06,748.075,747.97,747.99,0
2026-07-06 11:54:00+00:00,747.9796,747.99,747.91,747.95,0
2026-07-06 11:55:00+00:00,747.9494,748.18,747.9494,748.09,0
2026-07-06 11:56:00+00:00,748.085,748.085,748.02,748.04,0
2026-07-06 11:57:00+00:00,748.0587,748.0587,747.75,747.8,0
2026-07-06 11:58:00+00:00,747.81,747.835,747.77,747.79,0
2026-07-06 11:59:00+00:00,747.8,747.8,747.75,747.785,0
2026-07-06 12:00:00+00:00,747.8,747.89,747.69,747.8235,0
2026-07-06 12:01:00+00:00,747.765,748.07,747.75,748.005,0
2026-07-06 12:02:00+00:00,747.92,747.9785,747.67,747.92,0
2026-07-06 12:03:00+00:00,747.935,748.38,747.8802,748.32,0
2026-07-06 12:04:00+00:00,748.25,748.4522,748.25,748.4197,0
2026-07-06 12:05:00+00:00,748.38,748.392,748.195,748.22,0
2026-07-06 12:06:00+00:00,748.25,748.26,748.18,748.26,0
2026-07-06 12:07:00+00:00,748.32,748.41,748.2903,748.34,0
2026-07-06 12:08:00+00:00,748.36,748.47,748.32,748.35,0
2026-07-06 12:09:00+00:00,748.32,748.44,748.32,748.42,0
2026-07-06 12:10:00+00:00,748.47,748.5,748.41,748.44,0
2026-07-06 12:11:00+00:00,748.46,748.47,748.39,748.43,0
2026-07-06 12:12:00+00:00,748.43,748.43,748.34,748.35,0
2026-07-06 12:13:00+00:00,748.3594,748.45,748.34,748.38,0
2026-07-06 12:14:00+00:00,748.38,748.5,748.38,748.4492,0
2026-07-06 12:15:00+00:00,748.44,748.485,748.42,748.48,0
2026-07-06 12:16:00+00:00,748.5,748.5624,748.491,748.521,0
2026-07-06 12:17:00+00:00,748.52,748.55,748.47,748.48,0
2026-07-06 12:18:00+00:00,748.5,748.57,748.455,748.53,0
2026-07-06 12:19:00+00:00,748.56,748.68,748.52,748.52,0
2026-07-06 12:20:00+00:00,748.57,748.6,748.395,748.42,0
2026-07-06 12:21:00+00:00,748.42,748.4395,748.28,748.31,0
2026-07-06 12:22:00+00:00,748.31,748.34,748.19,748.23,0
2026-07-06 12:23:00+00:00,748.23,748.23,748.01,748.059,0
2026-07-06 12:24:00+00:00,748.04,748.045,747.84,747.86,0
2026-07-06 12:25:00+00:00,747.84,747.93,747.84,747.93,0
2026-07-06 12:26:00+00:00,747.92,747.979,747.87,747.95,0
2026-07-06 12:27:00+00:00,747.94,747.94,747.84,747.9197,0
2026-07-06 12:28:00+00:00,747.93,747.9983,747.925,747.975,0
2026-07-06 12:29:00+00:00,747.96,748.02,747.94,748.02,0
2026-07-06 12:30:00+00:00,748.01,748.065,747.98,748.05,0
2026-07-06 12:31:00+00:00,748.03,748.08,747.97,747.97,0
2026-07-06 12:32:00+00:00,747.98,748.11,747.98,748.07,0
2026-07-06 12:33:00+00:00,748.05,748.08,747.87,747.92,0
2026-07-06 12:34:00+00:00,747.93,747.94,747.88,747.94,0
2026-07-06 12:35:00+00:00,747.92,748.08,747.88,748.03,0
2026-07-06 12:36:00+00:00,748.035,748.21,748.01,748.209,0
2026-07-06 12:37:00+00:00,748.19,748.45,748.17,748.445,0
2026-07-06 12:38:00+00:00,748.42,748.52,748.39,748.41,0
2026-07-06 12:39:00+00:00,748.42,748.4382,748.33,748.34,0
2026-07-06 12:40:00+00:00,748.3495,748.35,748.25,748.27,0
2026-07-06 12:41:00+00:00,748.28,748.295,748.0912,748.12,0
2026-07-06 12:42:00+00:00,748.1213,748.29,748.1,748.1923,0
2026-07-06 12:43:00+00:00,748.17,748.19,748.0291,748.055,0
2026-07-06 12:44:00+00:00,748.09,748.11,748.04,748.085,0
2026-07-06 12:45:00+00:00,748.12,748.18,748.08,748.15,0
2026-07-06 12:46:00+00:00,748.11,748.18,748.095,748.16,0
2026-07-06 12:47:00+00:00,748.165,748.205,744.78,748.17,0
2026-07-06 12:48:00+00:00,748.17,748.18,748.12,748.12,0
2026-07-06 12:49:00+00:00,748.14,748.1899,748.1,748.16,0
2026-07-06 12:50:00+00:00,748.17,748.2067,748.11,748.2,0
2026-07-06 12:51:00+00:00,748.22,748.29,748.15,748.255,0
2026-07-06 12:52:00+00:00,748.329,748.36,748.28,748.35,0
2026-07-06 12:53:00+00:00,748.335,748.36,748.29,748.29,0
2026-07-06 12:54:00+00:00,748.33,748.42,748.28,748.42,0
2026-07-06 12:55:00+00:00,748.405,748.41,748.24,748.27,0
2026-07-06 12:56:00+00:00,748.29,748.36,748.26,748.26,0
2026-07-06 12:57:00+00:00,748.26,748.31,748.25,748.271,0
2026-07-06 12:58:00+00:00,748.271,748.37,748.271,748.36,0
2026-07-06 12:59:00+00:00,748.379,748.42,748.32,748.38,0
2026-07-06 13:00:00+00:00,748.4,748.49,748.29,748.31,0
2026-07-06 13:01:00+00:00,748.3,748.33,748.21,748.22,0
2026-07-06 13:02:00+00:00,748.22,748.22,747.85,747.919,0
2026-07-06 13:03:00+00:00,747.9,747.95,747.81,747.95,0
2026-07-06 13:04:00+00:00,747.925,747.98,747.89,747.96,0
2026-07-06 13:05:00+00:00,747.952,747.9995,747.9,747.96,0
2026-07-06 13:06:00+00:00,747.96,747.98,747.87,747.895,0
2026-07-06 13:07:00+00:00,747.93,747.98,747.89,747.965,0
2026-07-06 13:08:00+00:00,747.965,747.98,747.8,747.92,0
2026-07-06 13:09:00+00:00,747.92,747.96,747.83,747.83,0
2026-07-06 13:10:00+00:00,747.87,747.93,747.85,747.92,0
2026-07-06 13:11:00+00:00,747.91,747.9698,747.8946,747.94,0
2026-07-06 13:12:00+00:00,747.95,748.0307,747.94,748.0096,0
2026-07-06 13:13:00+00:00,747.9901,748.025,747.76,747.82,0
2026-07-06 13:14:00+00:00,747.79,747.82,747.7,747.75,0
2026-07-06 13:30:00+00:00,748.739990234375,749.3800048828125,748.1199951171875,749.25,1172710
2026-07-06 13:31:00+00:00,749.239990234375,749.4849853515625,748.489990234375,748.530029296875,212017
2026-07-06 13:32:00+00:00,748.510009765625,749.0900268554688,748.510009765625,749.02001953125,197502
2026-07-06 13:33:00+00:00,748.989990234375,749.1699829101562,748.9000244140625,749.1099853515625,150130
2026-07-06 13:34:00+00:00,749.0900268554688,749.280029296875,748.8800048828125,749.1599731445312,168673
2026-07-06 13:35:00+00:00,749.1599731445312,749.1599731445312,748.4550170898438,748.5999755859375,201903
2026-07-06 13:36:00+00:00,748.6099853515625,748.6799926757812,747.6599731445312,748.1400146484375,134097
2026-07-06 13:37:00+00:00,748.1500244140625,748.5596923828125,747.72998046875,747.77001953125,110586
2026-07-06 13:38:00+00:00,747.780029296875,747.8400268554688,747.4099731445312,747.6799926757812,136587
2026-07-06 13:39:00+00:00,747.72412109375,748.3200073242188,747.6500244140625,748.2916870117188,83975
2026-07-06 13:40:00+00:00,748.3099975585938,748.469970703125,748.0399780273438,748.4400024414062,153877
2026-07-06 13:41:00+00:00,748.469970703125,748.489990234375,748.1500244140625,748.239990234375,113287
2026-07-06 13:42:00+00:00,748.2050170898438,748.2050170898438,747.719970703125,748.0001220703125,170145
2026-07-06 13:43:00+00:00,747.969970703125,748.1599731445312,747.8099975585938,747.9500122070312,93739
2026-07-06 13:44:00+00:00,747.9600219726562,748.6599731445312,747.9299926757812,748.6400146484375,152541
2026-07-06 13:45:00+00:00,748.6199951171875,749.0499877929688,748.4500122070312,748.8699951171875,129400
2026-07-06 13:46:00+00:00,748.8699951171875,749.0999755859375,748.5,748.5,198574
2026-07-06 13:47:00+00:00,748.510009765625,748.77001953125,748.2999877929688,748.6699829101562,211123
2026-07-06 13:48:00+00:00,748.6900024414062,748.97998046875,748.6400146484375,748.85498046875,128962
2026-07-06 13:49:00+00:00,748.85498046875,748.9600219726562,748.739990234375,748.9400024414062,128479
2026-07-06 13:50:00+00:00,748.9500122070312,749.2000122070312,748.7741088867188,749.1649780273438,200552
2026-07-06 13:51:00+00:00,749.1699829101562,749.5399780273438,749.0499877929688,749.385009765625,254193
2026-07-06 13:52:00+00:00,749.3900146484375,749.3900146484375,748.6599731445312,748.6699829101562,136015
2026-07-06 13:53:00+00:00,748.6799926757812,748.9650268554688,748.25,748.89501953125,130915
2026-07-06 13:54:00+00:00,748.9000244140625,749.1799926757812,748.8200073242188,748.875,85901
2026-07-06 13:55:00+00:00,748.8699951171875,748.9099731445312,748.5599975585938,748.6500244140625,105486
2026-07-06 13:56:00+00:00,748.6799926757812,748.9600219726562,748.510009765625,748.8800048828125,75895
2026-07-06 13:57:00+00:00,748.8699951171875,748.9650268554688,748.6900024414062,748.75,76791
2026-07-06 13:58:00+00:00,748.760009765625,748.7999877929688,748.3099975585938,748.5800170898438,103467
2026-07-06 13:59:00+00:00,748.5900268554688,748.780029296875,748.3900146484375,748.5,78556
2026-07-06 14:00:00+00:00,748.5399780273438,748.7000122070312,747.969970703125,748.4099731445312,99928
2026-07-06 14:01:00+00:00,748.448974609375,749.010009765625,748.4299926757812,748.989990234375,76344
2026-07-06 14:02:00+00:00,749.0,749.0,748.719970703125,748.7449951171875,50476
2026-07-06 14:03:00+00:00,748.72998046875,748.9686889648438,748.5700073242188,748.614990234375,72854
2026-07-06 14:04:00+00:00,748.6099853515625,748.6599731445312,748.280029296875,748.3800048828125,69701
2026-07-06 14:05:00+00:00,748.3400268554688,748.3699951171875,748.0900268554688,748.1099853515625,54645
2026-07-06 14:06:00+00:00,748.1199951171875,748.6199951171875,748.0499877929688,748.5999755859375,79673
2026-07-06 14:07:00+00:00,748.5700073242188,748.6950073242188,748.4400024414062,748.6649780273438,52858
2026-07-06 14:08:00+00:00,748.6799926757812,748.9400024414062,748.5599975585938,748.6799926757812,67758
2026-07-06 14:09:00+00:00,748.6799926757812,749.0499877929688,748.5900268554688,748.8099975585938,80435
2026-07-06 14:10:00+00:00,748.8090209960938,748.9400024414062,748.5999755859375,748.8200073242188,67830
2026-07-06 14:11:00+00:00,748.8300170898438,749.02001953125,748.719970703125,748.8474731445312,71068
2026-07-06 14:12:00+00:00,748.8499755859375,749.1500244140625,748.6799926757812,749.0599975585938,78613
2026-07-06 14:13:00+00:00,749.0700073242188,749.27001953125,749.010009765625,749.2249755859375,76034
2026-07-06 14:14:00+00:00,749.22998046875,749.4500122070312,749.1799926757812,749.4000244140625,139120
2026-07-06 14:15:00+00:00,749.4000244140625,749.4400024414062,749.1300048828125,749.1699829101562,82139
2026-07-06 14:16:00+00:00,749.1599731445312,749.3499755859375,749.0,749.2449951171875,65445
2026-07-06 14:17:00+00:00,749.260009765625,749.4500122070312,749.1109008789062,749.4500122070312,305111
2026-07-06 14:18:00+00:00,749.4400024414062,749.47998046875,748.9600219726562,749.14501953125,60608
2026-07-06 14:19:00+00:00,749.155029296875,749.2100219726562,749.030029296875,749.1799926757812,1039869
2026-07-06 14:20:00+00:00,749.1900024414062,749.3800048828125,749.1900024414062,749.2100219726562,68418
2026-07-06 14:21:00+00:00,749.2100219726562,749.5599975585938,749.0399780273438,749.2600708007812,404932
2026-07-06 14:22:00+00:00,749.2598876953125,749.4400024414062,749.1900024414062,749.4000244140625,133847
2026-07-06 14:23:00+00:00,749.4099731445312,749.77001953125,749.4099731445312,749.77001953125,122059
2026-07-06 14:24:00+00:00,749.72998046875,749.8400268554688,749.5399780273438,749.6500244140625,84116
2026-07-06 14:25:00+00:00,749.6699829101562,749.9099731445312,749.6699829101562,749.8800048828125,327370
2026-07-06 14:26:00+00:00,749.8800048828125,749.9650268554688,749.7750244140625,749.8499755859375,74888
2026-07-06 14:27:00+00:00,749.8699951171875,749.9299926757812,749.5800170898438,749.75,166668
2026-07-06 14:28:00+00:00,749.75,749.8499755859375,749.5599975585938,749.6799926757812,62290
2026-07-06 14:29:00+00:00,749.6799926757812,749.97998046875,749.6799926757812,749.9400024414062,71498
2026-07-06 14:30:00+00:00,749.9299926757812,750.0999755859375,749.739990234375,749.8699951171875,105899
2026-07-06 14:31:00+00:00,749.8800048828125,750.0700073242188,749.7680053710938,750.02001953125,56562
2026-07-06 14:32:00+00:00,750.0399780273438,750.1400146484375,749.8900146484375,750.0800170898438,86861
2026-07-06 14:33:00+00:00,750.0800170898438,750.1699829101562,749.7999877929688,749.8599853515625,105609
2026-07-06 14:34:00+00:00,749.8400268554688,749.9000244140625,749.6199951171875,749.7000122070312,184306
2026-07-06 14:35:00+00:00,749.7000122070312,749.8400268554688,749.5700073242188,749.7899780273438,87726
2026-07-06 14:36:00+00:00,749.7899780273438,749.8599853515625,749.6649780273438,749.7000122070312,57994
2026-07-06 14:37:00+00:00,749.6900024414062,749.7000122070312,749.52001953125,749.6199951171875,90934
2026-07-06 14:38:00+00:00,749.6300048828125,749.6900024414062,749.4600219726562,749.5698852539062,63755
2026-07-06 14:39:00+00:00,749.5700073242188,749.7161865234375,749.4400024414062,749.6668090820312,158810
2026-07-06 14:40:00+00:00,749.6500244140625,749.7100219726562,749.52099609375,749.6599731445312,49658
2026-07-06 14:41:00+00:00,749.6798706054688,749.6798706054688,749.2100219726562,749.4000244140625,121126
2026-07-06 14:42:00+00:00,749.3825073242188,749.4199829101562,749.0999755859375,749.2000122070312,58385
2026-07-06 14:43:00+00:00,749.2150268554688,749.594970703125,749.2000122070312,749.5549926757812,73894
2026-07-06 14:44:00+00:00,749.5549926757812,749.7550048828125,749.5549926757812,749.6699829101562,53713
2026-07-06 14:45:00+00:00,749.6500244140625,749.8200073242188,749.5399780273438,749.7999877929688,73919
2026-07-06 14:46:00+00:00,749.7899780273438,749.8699951171875,749.5421142578125,749.6300048828125,53141
2026-07-06 14:47:00+00:00,749.6199951171875,749.75,749.5700073242188,749.6799926757812,31807
2026-07-06 14:48:00+00:00,749.6799926757812,749.77001953125,749.5,749.77001953125,50624
2026-07-06 14:49:00+00:00,749.75,749.8499755859375,749.7100219726562,749.75,49790
2026-07-06 14:50:00+00:00,749.75,749.989990234375,749.7449951171875,749.9450073242188,72164
2026-07-06 14:51:00+00:00,749.9500122070312,749.9500122070312,749.7225952148438,749.739990234375,56259
2026-07-06 14:52:00+00:00,749.7100219726562,749.780029296875,749.5999755859375,749.6500244140625,62701
2026-07-06 14:53:00+00:00,749.6400146484375,750.0399780273438,749.6400146484375,750.0399780273438,191534
2026-07-06 14:54:00+00:00,750.0399780273438,750.0399780273438,749.8099975585938,749.8900146484375,57096
2026-07-06 14:55:00+00:00,749.8599853515625,749.9486083984375,749.7000122070312,749.875,53341
2026-07-06 14:56:00+00:00,749.8599853515625,749.97998046875,749.760009765625,749.8099975585938,67843
2026-07-06 14:57:00+00:00,749.8099975585938,749.969970703125,749.7550048828125,749.9400024414062,67980
2026-07-06 14:58:00+00:00,749.905029296875,750.0900268554688,749.8699951171875,749.9600219726562,73424
2026-07-06 14:59:00+00:00,749.9500122070312,750.2750244140625,749.9400024414062,750.2750244140625,124439
2026-07-06 15:00:00+00:00,750.280029296875,750.3574829101562,749.989990234375,750.0449829101562,87169
2026-07-06 15:01:00+00:00,750.0499877929688,750.3900146484375,749.9500122070312,750.3499755859375,68044
2026-07-06 15:02:00+00:00,750.3499755859375,750.4199829101562,750.1900024414062,750.1900024414062,102144
2026-07-06 15:03:00+00:00,750.1900024414062,750.3200073242188,750.1799926757812,750.25,71756
2026-07-06 15:04:00+00:00,750.2449951171875,750.3099975585938,750.135009765625,750.1799926757812,78643
2026-07-06 15:05:00+00:00,750.1749877929688,750.2689819335938,750.0501098632812,750.2689819335938,56999
2026-07-06 15:06:00+00:00,750.280029296875,750.2999877929688,750.1400146484375,750.1900024414062,40381
2026-07-06 15:07:00+00:00,750.1900024414062,750.2598266601562,750.0700073242188,750.094970703125,76108
2026-07-06 15:08:00+00:00,750.0999755859375,750.1300048828125,749.9949951171875,750.1300048828125,75297
2026-07-06 15:09:00+00:00,750.1300048828125,750.25,750.0599975585938,750.25,59733
2026-07-06 15:10:00+00:00,750.260009765625,750.3800048828125,750.2150268554688,750.3798828125,54279
2026-07-06 15:11:00+00:00,750.3599853515625,750.4000244140625,750.1900024414062,750.2100219726562,82483
2026-07-06 15:12:00+00:00,750.2100219726562,750.25,750.0999755859375,750.2000122070312,162752
2026-07-06 15:13:00+00:00,750.2183837890625,750.3200073242188,749.8599853515625,749.9000244140625,72358
2026-07-06 15:14:00+00:00,749.8635864257812,750.1400146484375,749.8200073242188,750.1099853515625,55139
2026-07-06 15:15:00+00:00,750.094970703125,750.094970703125,749.9000244140625,750.030029296875,41431
2026-07-06 15:16:00+00:00,750.010009765625,750.02001953125,749.6799926757812,749.72998046875,51289
2026-07-06 15:17:00+00:00,749.7100219726562,749.9102783203125,749.6099853515625,749.8499755859375,40100
2026-07-06 15:18:00+00:00,749.8400268554688,749.8400268554688,749.6199951171875,749.7899780273438,66536
2026-07-06 15:19:00+00:00,749.8099975585938,750.02001953125,749.6599731445312,749.989990234375,76339
2026-07-06 15:20:00+00:00,749.989990234375,750.0800170898438,749.760009765625,749.9000854492188,92561
2026-07-06 15:21:00+00:00,749.9099731445312,750.02001953125,749.77001953125,749.8900146484375,62519
2026-07-06 15:22:00+00:00,749.905029296875,750.1799926757812,749.760009765625,750.1500244140625,76127
2026-07-06 15:23:00+00:00,750.1500244140625,750.2000122070312,749.9500122070312,750.1099853515625,57838
2026-07-06 15:24:00+00:00,750.1300048828125,750.3699951171875,750.0900268554688,750.369873046875,80078
2026-07-06 15:25:00+00:00,750.3300170898438,750.4400024414062,750.219970703125,750.3350219726562,467806
2026-07-06 15:26:00+00:00,750.3400268554688,750.6099853515625,750.3300170898438,750.5499877929688,102984
2026-07-06 15:27:00+00:00,750.5449829101562,750.6199951171875,750.469970703125,750.5499877929688,63507
2026-07-06 15:28:00+00:00,750.5499877929688,750.5900268554688,750.4299926757812,750.5321044921875,59095
2026-07-06 15:29:00+00:00,750.5499877929688,750.8099975585938,750.52001953125,750.760009765625,84395
2026-07-06 15:30:00+00:00,750.780029296875,750.9000244140625,750.6199951171875,750.7100219726562,83757
2026-07-06 15:31:00+00:00,750.7100219726562,750.9600219726562,750.7000122070312,750.9000244140625,90405
2026-07-06 15:32:00+00:00,750.9099731445312,750.9099731445312,750.6300048828125,750.77001953125,81455
2026-07-06 15:33:00+00:00,750.77001953125,750.780029296875,750.6099853515625,750.780029296875,69125
2026-07-06 15:34:00+00:00,750.7899780273438,750.7999877929688,750.5900268554688,750.6199951171875,63418
2026-07-06 15:35:00+00:00,750.6199951171875,750.6900024414062,750.4400024414062,750.469970703125,69764
2026-07-06 15:36:00+00:00,750.4749755859375,750.6199951171875,750.4600219726562,750.5399780273438,63895
2026-07-06 15:37:00+00:00,750.5399780273438,750.5499877929688,750.3499755859375,750.530029296875,68150
2026-07-06 15:38:00+00:00,750.5,750.6599731445312,750.47998046875,750.6500244140625,77159
2026-07-06 15:39:00+00:00,750.6599731445312,750.7050170898438,750.5408935546875,750.6300048828125,45363
2026-07-06 15:40:00+00:00,750.6300048828125,750.6799926757812,750.5599975585938,750.6649780273438,52154
2026-07-06 15:41:00+00:00,750.6599731445312,750.760009765625,750.5999755859375,750.739990234375,56304
2026-07-06 15:42:00+00:00,750.72998046875,750.8099975585938,750.6923217773438,750.7899780273438,64656
2026-07-06 15:43:00+00:00,750.7849731445312,750.8400268554688,750.72998046875,750.8350219726562,72813
2026-07-06 15:44:00+00:00,750.8300170898438,750.8499755859375,750.77001953125,750.8099975585938,64062
2026-07-06 15:45:00+00:00,750.8099975585938,750.9299926757812,750.780029296875,750.7800903320312,68577
2026-07-06 15:46:00+00:00,750.7899780273438,750.8400268554688,750.7000122070312,750.7974853515625,55065
2026-07-06 15:47:00+00:00,750.7999877929688,750.7999877929688,750.72998046875,750.760009765625,81929
2026-07-06 15:48:00+00:00,750.75,750.7999877929688,750.6508178710938,750.7689819335938,64248
2026-07-06 15:49:00+00:00,750.760009765625,750.8800048828125,750.7100219726562,750.8699951171875,48241
2026-07-06 15:50:00+00:00,750.8800048828125,750.9500122070312,750.8400268554688,750.9299926757812,60717
2026-07-06 15:51:00+00:00,750.9400024414062,750.969970703125,750.77001953125,750.7750244140625,136044
2026-07-06 15:52:00+00:00,750.7750244140625,750.8200073242188,750.6099853515625,750.6649780273438,62079
2026-07-06 15:53:00+00:00,750.6649780273438,750.75,750.6300048828125,750.6898803710938,42484
2026-07-06 15:54:00+00:00,750.6799926757812,750.7000122070312,750.6199951171875,750.6300048828125,50618
2026-07-06 15:55:00+00:00,750.6400146484375,750.7999877929688,750.6199951171875,750.760009765625,56415
2026-07-06 15:56:00+00:00,750.760009765625,750.8900146484375,750.72998046875,750.8800048828125,47566
2026-07-06 15:57:00+00:00,750.8800048828125,750.9500122070312,750.8400268554688,750.844970703125,58617
2026-07-06 15:58:00+00:00,750.8400268554688,750.8599853515625,750.7999877929688,750.8200073242188,70094
2026-07-06 15:59:00+00:00,750.8300170898438,750.8599853515625,750.760009765625,750.8400268554688,74372
2026-07-06 16:00:00+00:00,750.8300170898438,750.8699951171875,750.6599731445312,750.72998046875,53425
2026-07-06 16:01:00+00:00,750.75,750.780029296875,750.7000122070312,750.72998046875,35904
2026-07-06 16:02:00+00:00,750.72998046875,750.8049926757812,750.6900024414062,750.7000122070312,37593
2026-07-06 16:03:00+00:00,750.7100219726562,750.77001953125,750.6699829101562,750.6950073242188,40612
2026-07-06 16:04:00+00:00,750.6900024414062,750.7999877929688,750.6799926757812,750.7999877929688,28828
2026-07-06 16:05:00+00:00,750.8049926757812,750.9099731445312,750.72998046875,750.9099731445312,53955
2026-07-06 16:06:00+00:00,750.9099731445312,750.9099731445312,750.7899780273438,750.85498046875,45743
2026-07-06 16:07:00+00:00,750.8699951171875,750.969970703125,750.8499755859375,750.9249877929688,57250
2026-07-06 16:08:00+00:00,750.9249877929688,750.9299926757812,750.8599853515625,750.9149780273438,68276
2026-07-06 16:09:00+00:00,750.9149780273438,751.030029296875,750.9099731445312,750.9400024414062,110123
2026-07-06 16:10:00+00:00,750.9249877929688,751.1099853515625,750.9199829101562,751.0599975585938,74052
2026-07-06 16:11:00+00:00,751.0549926757812,751.0599975585938,750.97998046875,751.02001953125,48752
2026-07-06 16:12:00+00:00,751.0399780273438,751.0499877929688,750.9500122070312,751.010009765625,44778
2026-07-06 16:13:00+00:00,751.0,751.0700073242188,750.8800048828125,751.0700073242188,54122
2026-07-06 16:14:00+00:00,751.0700073242188,751.0900268554688,750.989990234375,750.989990234375,188444
2026-07-06 16:15:00+00:00,750.97998046875,751.0700073242188,750.9500122070312,751.0399780273438,64090
2026-07-06 16:16:00+00:00,751.0449829101562,751.0449829101562,750.9299926757812,750.9500122070312,55828
2026-07-06 16:17:00+00:00,750.9500122070312,750.9500122070312,750.8499755859375,750.905029296875,65312
2026-07-06 16:18:00+00:00,750.9000244140625,750.9600219726562,750.8599853515625,750.8699951171875,75670
2026-07-06 16:19:00+00:00,750.8699951171875,751.0,750.8599853515625,750.989990234375,76373
2026-07-06 16:20:00+00:00,750.989990234375,751.1199951171875,750.9400024414062,750.9550170898438,98926
2026-07-06 16:21:00+00:00,750.9500122070312,750.97998046875,750.8499755859375,750.8800048828125,55644
2026-07-06 16:22:00+00:00,750.8800048828125,750.9400024414062,750.8250122070312,750.8599853515625,58339
2026-07-06 16:23:00+00:00,750.8699951171875,750.905029296875,750.8499755859375,750.8699951171875,28362
2026-07-06 16:24:00+00:00,750.8800048828125,750.9199829101562,750.8200073242188,750.9000244140625,44099
2026-07-06 16:25:00+00:00,750.8699951171875,750.9199829101562,750.739990234375,750.8800048828125,53224
2026-07-06 16:26:00+00:00,750.8599853515625,750.8764038085938,750.739990234375,750.75,31585
2026-07-06 16:27:00+00:00,750.75,750.7550048828125,750.5800170898438,750.6799926757812,69776
2026-07-06 16:28:00+00:00,750.6799926757812,750.7100219726562,750.5499877929688,750.6099853515625,75926
2026-07-06 16:29:00+00:00,750.6099853515625,750.6799926757812,750.5499877929688,750.6500244140625,63234
2026-07-06 16:30:00+00:00,750.6500244140625,750.655029296875,750.469970703125,750.5349731445312,194040
2026-07-06 16:31:00+00:00,750.5349731445312,750.7000122070312,750.5349731445312,750.6599731445312,57130
2026-07-06 16:32:00+00:00,750.6500244140625,750.6900024414062,750.5399780273438,750.5999755859375,61036
2026-07-06 16:33:00+00:00,750.5999755859375,750.6793823242188,750.5999755859375,750.6699829101562,38350
2026-07-06 16:34:00+00:00,750.6400146484375,750.77001953125,750.6199951171875,750.6300048828125,43959
2026-07-06 16:35:00+00:00,750.6300048828125,750.6400146484375,750.4849853515625,750.5399780273438,54146
2026-07-06 16:36:00+00:00,750.52001953125,750.614990234375,750.47998046875,750.5800170898438,69348
2026-07-06 16:37:00+00:00,750.5700073242188,750.6599731445312,750.5499877929688,750.5499877929688,39900
2026-07-06 16:38:00+00:00,750.5399780273438,750.5399780273438,750.3900146484375,750.4450073242188,59281
2026-07-06 16:39:00+00:00,750.4500122070312,750.6433715820312,750.4400024414062,750.5999755859375,46042
2026-07-06 16:40:00+00:00,750.60009765625,750.739990234375,750.5800170898438,750.6900024414062,34452
2026-07-06 16:41:00+00:00,750.6799926757812,750.760009765625,750.6300048828125,750.6500244140625,53576
2026-07-06 16:42:00+00:00,750.6500244140625,750.7000122070312,750.5999755859375,750.6199951171875,23845
2026-07-06 16:43:00+00:00,750.6099853515625,750.6699829101562,750.5999755859375,750.6500244140625,28135
2026-07-06 16:44:00+00:00,750.6599731445312,750.760009765625,750.6400146484375,750.719970703125,41257
2026-07-06 16:45:00+00:00,750.719970703125,750.72998046875,750.5499877929688,750.581298828125,58303
2026-07-06 16:46:00+00:00,750.5900268554688,750.9099731445312,750.5599975585938,750.8499755859375,42864
2026-07-06 16:47:00+00:00,750.8549194335938,751.030029296875,750.8400268554688,750.9849853515625,57510
2026-07-06 16:48:00+00:00,750.97998046875,751.0,750.9000244140625,750.9500122070312,126374
2026-07-06 16:49:00+00:00,750.9400024414062,751.030029296875,750.9199829101562,751.010009765625,34970
2026-07-06 16:50:00+00:00,751.02001953125,751.0800170898438,750.9600219726562,751.030029296875,65139
2026-07-06 16:51:00+00:00,751.0250244140625,751.0399780273438,750.8800048828125,750.9500122070312,44799
2026-07-06 16:52:00+00:00,750.9400024414062,750.9400024414062,750.8300170898438,750.8599853515625,50033
2026-07-06 16:53:00+00:00,750.8400268554688,750.8599853515625,750.739990234375,750.780029296875,30951
2026-07-06 16:54:00+00:00,750.7893676757812,750.7999877929688,750.6099853515625,750.6099853515625,42841
2026-07-06 16:55:00+00:00,750.6199951171875,750.6901245117188,750.5700073242188,750.5999755859375,44601
2026-07-06 16:56:00+00:00,750.5999755859375,750.6580200195312,750.489990234375,750.6500244140625,168617
2026-07-06 16:57:00+00:00,750.6500244140625,750.7299194335938,750.6500244140625,750.6599731445312,59524
2026-07-06 16:58:00+00:00,750.6699829101562,750.7100219726562,750.510009765625,750.5399780273438,32489
2026-07-06 16:59:00+00:00,750.548583984375,750.5700073242188,750.3699951171875,750.4600219726562,146564
2026-07-06 17:00:00+00:00,750.47998046875,750.5900268554688,750.405029296875,750.5700073242188,80791
2026-07-06 17:01:00+00:00,750.5700073242188,750.739990234375,750.52001953125,750.6099853515625,51099
2026-07-06 17:02:00+00:00,750.6199951171875,750.6799926757812,750.5399780273438,750.6400146484375,41682
2026-07-06 17:03:00+00:00,750.6099853515625,750.9299926757812,750.6099853515625,750.9210815429688,51262
2026-07-06 17:04:00+00:00,750.9224853515625,750.9749755859375,750.8200073242188,750.8756713867188,43669
2026-07-06 17:05:00+00:00,750.8701171875,751.27001953125,750.8699951171875,751.2498779296875,169758
2026-07-06 17:06:00+00:00,751.2449951171875,751.530029296875,751.239990234375,751.5,96582
2026-07-06 17:07:00+00:00,751.5,751.52001953125,751.4099731445312,751.469970703125,77156
2026-07-06 17:08:00+00:00,751.4600219726562,751.469970703125,751.3101196289062,751.4299926757812,55566
2026-07-06 17:09:00+00:00,751.4169921875,751.4500122070312,751.3699951171875,751.3900146484375,56330
2026-07-06 17:10:00+00:00,751.3800048828125,751.469970703125,751.3300170898438,751.3300170898438,63274
2026-07-06 17:11:00+00:00,751.3200073242188,751.4099731445312,751.25,751.3599853515625,47286
2026-07-06 17:12:00+00:00,751.3699951171875,751.4600219726562,751.3599853515625,751.3599853515625,35714
2026-07-06 17:13:00+00:00,751.3599853515625,751.3800048828125,751.1898803710938,751.219970703125,46259
2026-07-06 17:14:00+00:00,751.22998046875,751.3499755859375,751.1900024414062,751.3499755859375,29779
2026-07-06 17:15:00+00:00,751.3400268554688,751.4400024414062,751.27001953125,751.3499145507812,32756
2026-07-06 17:16:00+00:00,751.3400268554688,751.4000244140625,751.25,751.2899780273438,31576
2026-07-06 17:17:00+00:00,751.2999877929688,751.3350219726562,751.1199951171875,751.1300048828125,389602
2026-07-06 17:18:00+00:00,751.1300048828125,751.1699829101562,750.97998046875,751.0474243164062,64095
2026-07-06 17:19:00+00:00,751.0499877929688,751.1300048828125,751.010009765625,751.0850219726562,42643
2026-07-06 17:20:00+00:00,751.0800170898438,751.1199951171875,750.9600219726562,750.969970703125,55483
2026-07-06 17:21:00+00:00,750.9600219726562,750.9650268554688,750.885009765625,750.9099731445312,36624
2026-07-06 17:22:00+00:00,750.9199829101562,751.030029296875,750.8150024414062,751.010009765625,40797
2026-07-06 17:23:00+00:00,751.0260009765625,751.0800170898438,750.9500122070312,750.97998046875,33214
2026-07-06 17:24:00+00:00,750.97998046875,751.010009765625,750.8599853515625,750.969970703125,36222
2026-07-06 17:25:00+00:00,750.969970703125,751.0999755859375,750.969970703125,751.0700073242188,240424
2026-07-06 17:26:00+00:00,751.0700073242188,751.0999755859375,750.989990234375,751.0399780273438,28446
2026-07-06 17:27:00+00:00,751.0399780273438,751.0599975585938,750.9199829101562,750.9199829101562,74775
2026-07-06 17:28:00+00:00,750.9600219726562,750.969970703125,750.8150024414062,750.8200073242188,35831
2026-07-06 17:29:00+00:00,750.8200073242188,750.8599853515625,750.6099853515625,750.7000122070312,68076
2026-07-06 17:30:00+00:00,750.7000122070312,750.75,750.47998046875,750.4818725585938,62614
2026-07-06 17:31:00+00:00,750.510009765625,750.6300048828125,750.4749755859375,750.5800170898438,47864
2026-07-06 17:32:00+00:00,750.5850219726562,750.6749877929688,750.489990234375,750.510009765625,49856
2026-07-06 17:33:00+00:00,750.52001953125,750.5700073242188,750.25,750.4000244140625,89624
2026-07-06 17:34:00+00:00,750.4099731445312,750.489990234375,750.2999877929688,750.3494873046875,65414
2026-07-06 17:35:00+00:00,750.3350219726562,750.530029296875,750.2650146484375,750.469970703125,74531
2026-07-06 17:36:00+00:00,750.4600219726562,750.469970703125,750.219970703125,750.3099975585938,58479
2026-07-06 17:37:00+00:00,750.3499755859375,750.3599853515625,750.1799926757812,750.3099975585938,27502
2026-07-06 17:38:00+00:00,750.3099975585938,750.4400024414062,750.2999877929688,750.4099731445312,22710
2026-07-06 17:39:00+00:00,750.4299926757812,750.4299926757812,750.260009765625,750.344970703125,34951
2026-07-06 17:40:00+00:00,750.3400268554688,750.3400268554688,750.1199951171875,750.1699829101562,65387
2026-07-06 17:41:00+00:00,750.1998901367188,750.22998046875,750.1099853515625,750.1699829101562,37268
2026-07-06 17:42:00+00:00,750.1500244140625,750.155029296875,749.6300048828125,749.72998046875,147292
2026-07-06 17:43:00+00:00,749.7349853515625,749.969970703125,749.719970703125,749.9299926757812,115503
2026-07-06 17:44:00+00:00,749.9249877929688,750.219970703125,749.9249877929688,750.0850219726562,113103
2026-07-06 17:45:00+00:00,750.0850219726562,750.1099853515625,749.8499755859375,750.0399780273438,35036
2026-07-06 17:46:00+00:00,750.0,750.260009765625,749.989990234375,750.25,31762
2026-07-06 17:47:00+00:00,750.260009765625,750.4099731445312,750.239990234375,750.3400268554688,45049
2026-07-06 17:48:00+00:00,750.3300170898438,750.3900146484375,750.2000122070312,750.219970703125,38431
2026-07-06 17:49:00+00:00,750.219970703125,750.3099975585938,750.1500244140625,750.296875,27951
2026-07-06 17:50:00+00:00,750.3099975585938,750.52001953125,750.2899780273438,750.4799194335938,43049
2026-07-06 17:51:00+00:00,750.4600219726562,750.510009765625,750.405029296875,750.489990234375,42872
2026-07-06 17:52:00+00:00,750.489990234375,750.489990234375,750.2750244140625,750.2880249023438,46893
2026-07-06 17:53:00+00:00,750.2999877929688,750.2999877929688,750.1201171875,750.2149047851562,29601
2026-07-06 17:54:00+00:00,750.2000122070312,750.239990234375,750.0499877929688,750.0695190429688,27974
2026-07-06 17:55:00+00:00,750.0800170898438,750.1400146484375,750.02001953125,750.0399780273438,39579
2026-07-06 17:56:00+00:00,750.0599975585938,750.14501953125,750.030029296875,750.0800170898438,26860
2026-07-06 17:57:00+00:00,750.0599975585938,750.1300048828125,749.9299926757812,749.9600219726562,48381
2026-07-06 17:58:00+00:00,749.9600219726562,750.0449829101562,749.9299926757812,749.9600219726562,23998
2026-07-06 17:59:00+00:00,749.9550170898438,750.1400146484375,749.9500122070312,750.1298828125,25464
2026-07-06 18:00:00+00:00,750.1300048828125,750.3499755859375,750.1300048828125,750.260009765625,56937
2026-07-06 18:01:00+00:00,750.27001953125,750.6099853515625,750.2266845703125,750.6099853515625,50349
2026-07-06 18:02:00+00:00,750.6099853515625,750.77001953125,750.6099853515625,750.6500244140625,143981
2026-07-06 18:03:00+00:00,750.655029296875,750.769287109375,750.5900268554688,750.75,85181
2026-07-06 18:04:00+00:00,750.72998046875,750.77001953125,750.6300048828125,750.7100219726562,39702
2026-07-06 18:05:00+00:00,750.7100219726562,750.7999877929688,750.6199951171875,750.6799926757812,77071
2026-07-06 18:06:00+00:00,750.6799926757812,750.9500122070312,750.6699829101562,750.9500122070312,48255
2026-07-06 18:07:00+00:00,750.969970703125,751.0,750.9000244140625,750.989990234375,44858
2026-07-06 18:08:00+00:00,750.9600219726562,751.1099853515625,750.9400024414062,751.0900268554688,98650
2026-07-06 18:09:00+00:00,751.0800170898438,751.0850219726562,750.8499755859375,750.9600219726562,139869
2026-07-06 18:10:00+00:00,750.9600219726562,751.010009765625,750.9199829101562,750.9600219726562,48433
2026-07-06 18:11:00+00:00,750.9600219726562,751.010009765625,750.9199829101562,750.9199829101562,159129
2026-07-06 18:12:00+00:00,750.9199829101562,751.030029296875,750.8250122070312,750.9677124023438,36274
2026-07-06 18:13:00+00:00,750.969970703125,751.0,750.8499755859375,750.9600219726562,36666
2026-07-06 18:14:00+00:00,750.969970703125,751.0599975585938,750.9600219726562,751.010009765625,42163
2026-07-06 18:15:00+00:00,751.0399780273438,751.2899780273438,751.02001953125,751.2899780273438,88994
2026-07-06 18:16:00+00:00,751.280029296875,751.52001953125,751.27001953125,751.3099975585938,137132
2026-07-06 18:17:00+00:00,751.3200073242188,751.3200073242188,751.239990234375,751.239990234375,45503
2026-07-06 18:18:00+00:00,751.260009765625,751.3200073242188,751.1300048828125,751.3200073242188,41755
2026-07-06 18:19:00+00:00,751.3099975585938,751.4199829101562,751.2899780273438,751.3699951171875,44011
2026-07-06 18:20:00+00:00,751.3599853515625,751.4199829101562,751.25,751.4199829101562,65065
2026-07-06 18:21:00+00:00,751.4000244140625,751.489990234375,751.3499755859375,751.4600219726562,73691
2026-07-06 18:22:00+00:00,751.4600219726562,751.5,751.4099731445312,751.489990234375,33228
2026-07-06 18:23:00+00:00,751.469970703125,751.47998046875,751.3800048828125,751.4249877929688,47962
2026-07-06 18:24:00+00:00,751.4299926757812,751.47998046875,751.3499755859375,751.47998046875,76496
2026-07-06 18:25:00+00:00,751.47998046875,751.5499877929688,751.4299926757812,751.5150146484375,86024
2026-07-06 18:26:00+00:00,751.52001953125,751.6063842773438,751.4199829101562,751.489990234375,55268
2026-07-06 18:27:00+00:00,751.489990234375,751.52001953125,751.3699951171875,751.4000244140625,32584
2026-07-06 18:28:00+00:00,751.4000244140625,751.4299926757812,751.280029296875,751.3699951171875,66264
2026-07-06 18:29:00+00:00,751.3699951171875,751.3900146484375,751.2949829101562,751.3300170898438,24174
2026-07-06 18:30:00+00:00,751.3300170898438,751.4099731445312,751.3045043945312,751.3699951171875,36257
2026-07-06 18:31:00+00:00,751.3800048828125,751.5180053710938,751.3499755859375,751.469970703125,63234
2026-07-06 18:32:00+00:00,751.469970703125,751.469970703125,751.3200073242188,751.3499755859375,44328
2026-07-06 18:33:00+00:00,751.3400268554688,751.4099731445312,751.2100219726562,751.25,48729
2026-07-06 18:34:00+00:00,751.239990234375,751.260009765625,751.0900268554688,751.1300048828125,135842
2026-07-06 18:35:00+00:00,751.1199951171875,751.219970703125,751.0900268554688,751.1699829101562,51507
2026-07-06 18:36:00+00:00,751.1799926757812,751.2100219726562,751.0599975585938,751.1799926757812,65099
2026-07-06 18:37:00+00:00,751.1599731445312,751.25,751.1199951171875,751.2100219726562,424998
2026-07-06 18:38:00+00:00,751.2100219726562,751.2899780273438,751.136474609375,751.1400146484375,44122
2026-07-06 18:39:00+00:00,751.1400146484375,751.1400146484375,751.010009765625,751.0650024414062,36565
2026-07-06 18:40:00+00:00,751.0700073242188,751.239990234375,751.0700073242188,751.219970703125,39231
2026-07-06 18:41:00+00:00,751.239990234375,751.3599853515625,751.239990234375,751.3200073242188,37578
2026-07-06 18:42:00+00:00,751.2999877929688,751.3499755859375,751.280029296875,751.2999877929688,36701
2026-07-06 18:43:00+00:00,751.3099975585938,751.3300170898438,751.25,751.2999877929688,33356
2026-07-06 18:44:00+00:00,751.3200073242188,751.3499755859375,751.1099853515625,751.239990234375,88974
2026-07-06 18:45:00+00:00,751.25,751.4099731445312,751.2100219726562,751.4000244140625,37516
2026-07-06 18:46:00+00:00,751.3900146484375,751.5399780273438,751.3699951171875,751.5399780273438,41218
2026-07-06 18:47:00+00:00,751.52001953125,751.6400146484375,751.52001953125,751.5999755859375,72581
2026-07-06 18:48:00+00:00,751.6099853515625,751.6680297851562,751.469970703125,751.5,63525
2026-07-06 18:49:00+00:00,751.5050048828125,751.5900268554688,751.469970703125,751.5900268554688,45557
2026-07-06 18:50:00+00:00,751.5900268554688,751.6599731445312,751.530029296875,751.6500244140625,70623
2026-07-06 18:51:00+00:00,751.6500244140625,751.780029296875,751.6300048828125,751.7000122070312,90309
2026-07-06 18:52:00+00:00,751.7100219726562,751.7800903320312,751.6799926757812,751.72998046875,42836
2026-07-06 18:53:00+00:00,751.719970703125,751.77001953125,751.6400146484375,751.77001953125,32788
2026-07-06 18:54:00+00:00,751.77001953125,751.8200073242188,751.7000122070312,751.8012084960938,33309
2026-07-06 18:55:00+00:00,751.8099975585938,751.8499755859375,751.6799926757812,751.75,79571
2026-07-06 18:56:00+00:00,751.77001953125,752.0250244140625,751.760009765625,751.9400024414062,116935
2026-07-06 18:57:00+00:00,751.9349975585938,751.9500122070312,751.8900146484375,751.9149780273438,79925
2026-07-06 18:58:00+00:00,751.9149780273438,752.010009765625,751.9099731445312,751.9199829101562,54385
2026-07-06 18:59:00+00:00,751.9099731445312,751.9299926757812,751.7999877929688,751.9299926757812,62629
2026-07-06 19:00:00+00:00,751.9400024414062,752.1300048828125,751.8200073242188,751.8250122070312,95326
2026-07-06 19:01:00+00:00,751.8250122070312,751.969970703125,751.6799926757812,751.9400024414062,72192
2026-07-06 19:02:00+00:00,751.9400024414062,752.02001953125,751.8499755859375,751.8599853515625,51053
2026-07-06 19:03:00+00:00,751.8599853515625,751.9000244140625,751.8200073242188,751.8400268554688,51753
2026-07-06 19:04:00+00:00,751.8300170898438,751.9067993164062,751.8099975585938,751.8599853515625,73816
2026-07-06 19:05:00+00:00,751.8699951171875,751.9600219726562,751.8400268554688,751.9500122070312,569203
2026-07-06 19:06:00+00:00,751.969970703125,751.97998046875,751.8400268554688,751.9400024414062,52745
2026-07-06 19:07:00+00:00,751.9500122070312,751.969970703125,751.8200073242188,751.8300170898438,67487
2026-07-06 19:08:00+00:00,751.8300170898438,751.8800048828125,751.6900024414062,751.7000122070312,104916
2026-07-06 19:09:00+00:00,751.7000122070312,751.8200073242188,751.6900024414062,751.77001953125,37385
2026-07-06 19:10:00+00:00,751.77001953125,751.8300170898438,751.719970703125,751.75,87625
2026-07-06 19:11:00+00:00,751.75,751.8300170898438,751.6900024414062,751.8200073242188,66351
2026-07-06 19:12:00+00:00,751.8099975585938,751.9299926757812,751.739990234375,751.8800048828125,76416
2026-07-06 19:13:00+00:00,751.8800048828125,751.8800048828125,751.77001953125,751.8400268554688,48113
2026-07-06 19:14:00+00:00,751.8400268554688,751.8499755859375,751.760009765625,751.7899780273438,86855
2026-07-06 19:15:00+00:00,751.7999877929688,751.8200073242188,751.6599731445312,751.760009765625,198043
2026-07-06 19:16:00+00:00,751.77001953125,751.8800048828125,751.719970703125,751.7999877929688,203410
2026-07-06 19:17:00+00:00,751.7999877929688,752.02001953125,751.7899780273438,752.02001953125,101841
2026-07-06 19:18:00+00:00,752.02001953125,752.1400146484375,752.02001953125,752.0499877929688,223125
2026-07-06 19:19:00+00:00,752.0700073242188,752.1400146484375,751.989990234375,752.114990234375,150045
2026-07-06 19:20:00+00:00,752.1099853515625,752.2449951171875,752.0001220703125,752.22998046875,166421
2026-07-06 19:21:00+00:00,752.2349853515625,752.4099731445312,752.1300048828125,752.1500244140625,174013
2026-07-06 19:22:00+00:00,752.1599731445312,752.219970703125,752.0999755859375,752.1799926757812,104860
2026-07-06 19:23:00+00:00,752.1799926757812,752.3099975585938,752.155029296875,752.2999877929688,125531
2026-07-06 19:24:00+00:00,752.2999877929688,752.35498046875,752.280029296875,752.2999877929688,113256
2026-07-06 19:25:00+00:00,752.3099975585938,752.3250122070312,752.197021484375,752.3150024414062,200862
2026-07-06 19:26:00+00:00,752.3200073242188,752.359375,752.1900024414062,752.2650146484375,126579
2026-07-06 19:27:00+00:00,752.27001953125,752.3300170898438,752.1099853515625,752.1400146484375,74604
2026-07-06 19:28:00+00:00,752.1599731445312,752.3300170898438,752.1199951171875,752.3099975585938,80224
2026-07-06 19:29:00+00:00,752.2999877929688,752.3300170898438,752.2100219726562,752.2899780273438,66200
2026-07-06 19:30:00+00:00,752.280029296875,752.2899780273438,752.1099853515625,752.2100219726562,148585
2026-07-06 19:31:00+00:00,752.2100219726562,752.25,752.1300048828125,752.239990234375,115641
2026-07-06 19:32:00+00:00,752.2449951171875,752.260009765625,752.1500244140625,752.1749877929688,82801
2026-07-06 19:33:00+00:00,752.1749877929688,752.219970703125,752.0499877929688,752.0900268554688,128432
2026-07-06 19:34:00+00:00,752.0850219726562,752.1300048828125,751.9349975585938,752.0399780273438,157524
2026-07-06 19:35:00+00:00,752.0449829101562,752.1500244140625,751.9600219726562,751.9600219726562,425368
2026-07-06 19:36:00+00:00,751.9600219726562,752.0,751.739990234375,751.7999877929688,624918
2026-07-06 19:37:00+00:00,751.7999877929688,751.9650268554688,751.7999267578125,751.8699951171875,79897
2026-07-06 19:38:00+00:00,751.8699951171875,752.030029296875,751.8300170898438,751.9400024414062,286980
2026-07-06 19:39:00+00:00,751.9299926757812,751.9600219726562,751.8699951171875,751.9600219726562,41180
2026-07-06 19:40:00+00:00,751.9500122070312,751.989990234375,751.780029296875,751.780029296875,116872
2026-07-06 19:41:00+00:00,751.780029296875,752.02001953125,751.780029296875,752.0,120052
2026-07-06 19:42:00+00:00,752.0,752.030029296875,751.8900146484375,751.9099731445312,56031
2026-07-06 19:43:00+00:00,751.9099731445312,751.969970703125,751.8900146484375,751.9099731445312,68099
2026-07-06 19:44:00+00:00,751.9149780273438,752.0449829101562,751.9099731445312,752.030029296875,83239
2026-07-06 19:45:00+00:00,752.0399780273438,752.219970703125,751.969970703125,752.1900024414062,122759
2026-07-06 19:46:00+00:00,752.2000122070312,752.2000122070312,752.0700073242188,752.1400146484375,150471
2026-07-06 19:47:00+00:00,752.1400146484375,752.2100219726562,752.0800170898438,752.1300048828125,123562
2026-07-06 19:48:00+00:00,752.1300048828125,752.1300048828125,751.9299926757812,752.010009765625,307910
2026-07-06 19:49:00+00:00,752.0,752.0700073242188,751.8800048828125,751.9600219726562,221023
2026-07-06 19:50:00+00:00,751.9600219726562,751.97998046875,751.530029296875,751.6799926757812,456007
2026-07-06 19:51:00+00:00,751.6900024414062,751.75,751.5499877929688,751.5800170898438,315446
2026-07-06 19:52:00+00:00,751.5800170898438,751.6649780273438,751.3099975585938,751.3099975585938,560681
2026-07-06 19:53:00+00:00,751.3099975585938,751.469970703125,751.2999877929688,751.4299926757812,462748
2026-07-06 19:54:00+00:00,751.4400024414062,751.5599975585938,751.2000122070312,751.2100219726562,432275
2026-07-06 19:55:00+00:00,751.219970703125,751.2999877929688,750.8699951171875,751.02001953125,643034
2026-07-06 19:56:00+00:00,751.02001953125,751.0800170898438,750.8800048828125,750.9299926757812,539682
2026-07-06 19:57:00+00:00,750.9249877929688,751.4000244140625,750.9099731445312,751.27001953125,858880
2026-07-06 19:58:00+00:00,751.280029296875,751.2899780273438,751.0900268554688,751.2150268554688,983539
2026-07-06 19:59:00+00:00,751.219970703125,751.3499755859375,750.77001953125,751.3099975585938,2143547
2026-07-06 20:00:00+00:00,751.32,751.57,751.25,751.47,1143784
2026-07-06 20:01:00+00:00,751.51,752.22,751.1797,751.29,0
2026-07-06 20:02:00+00:00,751.29,751.49,751.26,751.48,0
2026-07-06 20:03:00+00:00,751.48,751.57,751.28,751.3997,0
2026-07-06 20:04:00+00:00,751.39,751.42,751.28,751.35,0
2026-07-06 20:05:00+00:00,751.36,751.5,751.0465,751.43,0
2026-07-06 20:06:00+00:00,751.41,751.47,751.0434,751.42,0
2026-07-06 20:07:00+00:00,751.44,751.6,751.42,751.55,0
2026-07-06 20:08:00+00:00,751.545,751.69,751.53,751.655,0
2026-07-06 20:09:00+00:00,751.6622,751.7092,751.62,751.68,0
2026-07-06 20:10:00+00:00,751.64,751.7002,751.0465,751.665,0
2026-07-06 20:11:00+00:00,751.65,751.67,751.0363,751.62,0
2026-07-06 20:12:00+00:00,751.61,751.7,751.54,751.66,0
2026-07-06 20:13:00+00:00,751.67,751.72,751.63,751.659,0
2026-07-06 20:14:00+00:00,751.63,751.77,751.63,751.69,0
2026-07-06 20:15:00+00:00,751.695,751.74,751.28,751.67,0
2026-07-06 20:16:00+00:00,751.66,751.8,751.66,751.77,0
2026-07-06 20:17:00+00:00,751.77,751.84,751.75,751.79,0
2026-07-06 20:18:00+00:00,751.8,751.9,751.78,751.81,0
2026-07-06 20:19:00+00:00,751.81,751.83,751.7518,751.78,0
2026-07-06 20:20:00+00:00,751.7792,751.78,751.71,751.7599,0
2026-07-06 20:21:00+00:00,751.74,751.76,751.68,751.7,0
2026-07-06 20:22:00+00:00,751.69,751.7,751.59,751.63,0
2026-07-06 20:23:00+00:00,751.64,751.6699,751.64,751.64,0
2026-07-06 20:24:00+00:00,751.65,751.69,751.63,751.645,0
2026-07-06 20:25:00+00:00,751.63,751.64,751.57,751.57,0
2026-07-06 20:26:00+00:00,751.57,751.6247,751.53,751.53,0
2026-07-06 20:27:00+00:00,751.53,751.56,751.5,751.51,0
2026-07-06 20:28:00+00:00,751.51,751.53,751.5,751.5174,0
2026-07-06 20:29:00+00:00,751.5001,751.5806,751.5,751.5806,0
2026-07-06 20:30:00+00:00,751.59,751.64,751.57,751.57,0
2026-07-06 20:31:00+00:00,751.59,751.66,751.57,751.66,0
2026-07-06 20:32:00+00:00,751.66,751.7,751.64,751.64,0
2026-07-06 20:33:00+00:00,751.66,751.69,751.655,751.68,0
2026-07-06 20:34:00+00:00,751.68,751.74,751.67,751.69,0
2026-07-06 20:35:00+00:00,751.68,751.69,751.6,751.6,0
2026-07-06 20:36:00+00:00,751.62,751.67,751.57,751.595,0
2026-07-06 20:37:00+00:00,751.57,751.65,751.5,751.58,0
2026-07-06 20:38:00+00:00,751.59,751.67,751.58,751.65,0
2026-07-06 20:39:00+00:00,751.645,751.65,751.6102,751.6102,0
2026-07-06 20:40:00+00:00,751.6187,751.62,751.57,751.62,0
2026-07-06 20:41:00+00:00,751.63,751.64,751.62,751.63,0
2026-07-06 20:42:00+00:00,751.65,751.67,751.61,751.6677,0
2026-07-06 20:43:00+00:00,751.665,751.705,751.66,751.705,0
2026-07-06 20:44:00+00:00,751.69,751.71,751.65,751.705,0
2026-07-06 20:45:00+00:00,751.72,751.74,751.67,751.7367,0
2026-07-06 20:46:00+00:00,751.71,751.72,751.64,751.66,0
2026-07-06 20:47:00+00:00,751.66,751.68,751.66,751.67,0
2026-07-06 20:48:00+00:00,751.66,751.67,751.505,751.505,0
2026-07-06 20:49:00+00:00,751.505,751.57,751.47,751.52,0
2026-07-06 20:50:00+00:00,751.559,751.575,751.53,751.54,0
2026-07-06 20:51:00+00:00,751.57,751.58,751.515,751.515,0
2026-07-06 20:52:00+00:00,751.51,751.51,751.28,751.48,0
2026-07-06 20:53:00+00:00,751.47,751.6,751.47,751.6,0
2026-07-06 20:54:00+00:00,751.59,751.6256,751.28,751.59,0
2026-07-06 20:55:00+00:00,751.61,751.67,751.58,751.6092,0
2026-07-06 20:56:00+00:00,751.595,751.63,751.5809,751.61,0
2026-07-06 20:57:00+00:00,751.63,751.6861,751.63,751.6799,0
2026-07-06 20:58:00+00:00,751.67,751.715,751.28,751.68,0
2026-07-06 20:59:00+00:00,751.7,751.848,751.63,751.65,0
2026-07-06 21:00:00+00:00,751.55,751.73,751.55,751.73,0
2026-07-06 21:01:00+00:00,751.5647,751.73,751.5547,751.625,0
2026-07-06 21:02:00+00:00,751.625,751.75,751.625,751.73,0
2026-07-06 21:03:00+00:00,751.72,751.75,751.56,751.75,0
2026-07-06 21:04:00+00:00,751.7,751.75,751.7,751.74,0
2026-07-06 21:05:00+00:00,751.73,751.75,751.28,751.725,0
2026-07-06 21:06:00+00:00,751.725,751.75,751.7,751.7487,0
2026-07-06 21:07:00+00:00,751.7,751.75,751.7,751.7,0
2026-07-06 21:08:00+00:00,751.725,751.75,751.7,751.725,0
2026-07-06 21:09:00+00:00,751.75,751.75,751.7,751.75,0
2026-07-06 21:10:00+00:00,751.725,751.82,751.725,751.82,0
2026-07-06 21:11:00+00:00,751.82,751.82,751.78,751.805,0
2026-07-06 21:12:00+00:00,751.78,751.83,751.78,751.83,0
2026-07-06 21:13:00+00:00,751.83,751.85,751.805,751.815,0
2026-07-06 21:14:00+00:00,751.815,751.85,751.78,751.78,0
2026-07-06 21:15:00+00:00,751.78,751.85,751.78,751.815,0
2026-07-06 21:16:00+00:00,751.85,751.85,751.78,751.815,0
2026-07-06 21:17:00+00:00,751.815,751.8409,751.78,751.8,0
2026-07-06 21:18:00+00:00,751.79,751.8,751.78,751.78,0
2026-07-06 21:19:00+00:00,751.8,751.8,751.78,751.78,0
2026-07-06 21:20:00+00:00,751.79,751.8,751.78,751.79,0
2026-07-06 21:21:00+00:00,751.79,751.8,751.78,751.78,0
2026-07-06 21:22:00+00:00,751.8,751.8,751.78,751.7997,0
2026-07-06 21:23:00+00:00,751.79,787.5169,751.78,751.8161,0
2026-07-06 21:24:00+00:00,751.7805,751.8,751.78,751.78,0
2026-07-06 21:25:00+00:00,751.78,751.85,751.78,751.78,0
2026-07-06 21:26:00+00:00,751.815,751.85,751.78,751.85,0
2026-07-06 21:27:00+00:00,751.815,751.85,751.78,751.815,0
2026-07-06 21:28:00+00:00,751.815,751.85,751.79,751.8,0
2026-07-06 21:29:00+00:00,751.825,751.85,751.78,751.8485,0
2026-07-06 21:30:00+00:00,751.8485,751.85,751.7915,751.8044,0
2026-07-06 21:31:00+00:00,751.85,751.85,751.8,751.825,0
2026-07-06 21:32:00+00:00,751.825,751.85,751.8,751.8,0
2026-07-06 21:33:00+00:00,751.8,751.85,751.8,751.8487,0
2026-07-06 21:34:00+00:00,751.825,751.85,751.8,751.825,0
2026-07-06 21:35:00+00:00,751.825,751.84,751.8,751.84,0
2026-07-06 21:36:00+00:00,751.849,751.85,751.28,751.82,0
2026-07-06 21:37:00+00:00,751.81,751.85,751.8,751.8,0
2026-07-06 21:38:00+00:00,751.8292,751.85,751.8,751.815,0
2026-07-06 21:39:00+00:00,751.8,751.85,751.78,751.815,0
2026-07-06 21:40:00+00:00,751.815,751.8482,751.78,751.82,0
2026-07-06 21:41:00+00:00,751.85,751.85,751.79,751.82,0
2026-07-06 21:42:00+00:00,751.79,751.85,751.79,751.82,0
2026-07-06 21:43:00+00:00,751.82,751.829,751.79,751.79,0
2026-07-06 21:44:00+00:00,751.8,751.82,751.79,751.82,0
2026-07-06 21:45:00+00:00,751.825,751.85,751.61,751.85,0
2026-07-06 21:46:00+00:00,751.825,751.85,751.8,751.825,0
2026-07-06 21:47:00+00:00,751.81,751.85,751.8,751.825,0
2026-07-06 21:48:00+00:00,751.8,751.8,751.78,751.8,0
2026-07-06 21:49:00+00:00,751.79,751.7995,751.78,751.78,0
2026-07-06 21:50:00+00:00,751.78,751.8,751.78,751.79,0
2026-07-06 21:51:00+00:00,751.79,751.8,751.78,751.8,0
2026-07-06 21:52:00+00:00,751.79,751.8,751.78,751.78,0
2026-07-06 21:53:00+00:00,751.79,751.8,751.78,751.79,0
2026-07-06 21:54:00+00:00,751.8,751.8,751.78,751.8,0
2026-07-06 21:55:00+00:00,751.7802,751.8,751.7802,751.8,0
2026-07-06 21:56:00+00:00,751.8,751.8,751.79,751.795,0
2026-07-06 21:57:00+00:00,751.795,751.8,751.79,751.795,0
2026-07-06 21:58:00+00:00,751.795,751.8,751.79,751.795,0
2026-07-06 21:59:00+00:00,751.79,751.84,751.78,751.82,0
2026-07-06 22:00:00+00:00,751.8,751.95,751.7,751.9103,0
2026-07-06 22:01:00+00:00,751.9412,751.98,751.8692,751.88,0
2026-07-06 22:02:00+00:00,751.89,751.89,751.81,751.81,0
2026-07-06 22:03:00+00:00,751.818,751.869,751.28,751.85,0
2026-07-06 22:04:00+00:00,751.89,751.907,751.8222,751.86,0
2026-07-06 22:05:00+00:00,751.83,751.83,751.7,751.73,0
2026-07-06 22:06:00+00:00,751.75,751.82,751.71,751.73,0
2026-07-06 22:07:00+00:00,751.725,751.7389,751.65,751.7372,0
2026-07-06 22:08:00+00:00,751.705,751.76,751.69,751.7264,0
2026-07-06 22:09:00+00:00,751.78,751.79,751.71,751.79,0
2026-07-06 22:10:00+00:00,751.77,751.925,751.77,751.9003,0
2026-07-06 22:11:00+00:00,751.93,751.96,751.86,751.96,0
2026-07-06 22:12:00+00:00,751.95,751.97,751.95,751.95,0
2026-07-06 22:13:00+00:00,751.96,751.965,751.915,751.93,0
2026-07-06 22:14:00+00:00,751.97,751.98,751.95,751.965,0
2026-07-06 22:15:00+00:00,751.95,751.98,751.88,751.96,0
2026-07-06 22:16:00+00:00,751.98,751.99,751.95,751.975,0
2026-07-06 22:17:00+00:00,751.985,752.0,751.97,752.0,0
2026-07-06 22:18:00+00:00,751.995,752.05,751.94,752.01,0
2026-07-06 22:19:00+00:00,752.035,752.05,752.01,752.0499,0
2026-07-06 22:20:00+00:00,752.0,752.06,751.99,752.06,0
2026-07-06 22:21:00+00:00,751.9972,752.07,751.99,752.07,0
2026-07-06 22:22:00+00:00,752.06,752.07,752.0419,752.07,0
2026-07-06 22:23:00+00:00,752.07,752.1,752.06,752.0977,0
2026-07-06 22:24:00+00:00,752.085,752.16,752.07,752.0785,0
2026-07-06 22:25:00+00:00,752.07,752.11,751.975,751.9792,0
2026-07-06 22:26:00+00:00,751.9585,751.97,751.92,751.9226,0
2026-07-06 22:27:00+00:00,751.92,751.94,751.8797,751.92,0
2026-07-06 22:28:00+00:00,751.92,751.9649,751.89,751.89,0
2026-07-06 22:29:00+00:00,751.905,751.95,751.86,751.9,0
2026-07-06 22:30:00+00:00,751.88,751.91,751.7895,751.9099,0
2026-07-06 22:31:00+00:00,751.8765,751.9285,751.8579,751.9,0
2026-07-06 22:32:00+00:00,751.9,752.08,751.9,752.035,0
2026-07-06 22:33:00+00:00,752.0017,752.06,752.0,752.0485,0
2026-07-06 22:34:00+00:00,752.03,752.038,751.97,751.97,0
2026-07-06 22:35:00+00:00,752.0,752.0498,751.94,751.96,0
2026-07-06 22:36:00+00:00,751.9,751.98,751.89,751.945,0
2026-07-06 22:37:00+00:00,751.9,751.91,751.86,751.89,0
2026-07-06 22:38:00+00:00,751.905,751.91,751.885,751.885,0
2026-07-06 22:39:00+00:00,751.895,751.94,751.895,751.925,0
2026-07-06 22:40:00+00:00,751.94,752.09,751.94,752.055,0
2026-07-06 22:41:00+00:00,752.05,752.07,751.96,751.9608,0
2026-07-06 22:42:00+00:00,751.975,752.04,751.9656,751.97,0
2026-07-06 22:43:00+00:00,751.97,751.99,751.88,751.89,0
2026-07-06 22:44:00+00:00,751.88,751.95,751.86,751.92,0
2026-07-06 22:45:00+00:00,751.8934,751.8934,751.7162,751.72,0
2026-07-06 22:46:00+00:00,751.7,751.7,751.5123,751.54,0
2026-07-06 22:47:00+00:00,751.56,751.62,751.5,751.565,0
2026-07-06 22:48:00+00:00,751.555,751.69,751.555,751.58,0
2026-07-06 22:49:00+00:00,751.63,751.6888,751.56,751.61,0
2026-07-06 22:50:00+00:00,751.62,751.695,751.61,751.695,0
2026-07-06 22:51:00+00:00,751.665,751.6885,751.65,751.65,0
2026-07-06 22:52:00+00:00,751.61,751.6481,751.57,751.6481,0
2026-07-06 22:53:00+00:00,751.615,751.615,751.4901,751.525,0
2026-07-06 22:54:00+00:00,751.52,751.56,751.4928,751.525,0
2026-07-06 22:55:00+00:00,751.525,751.55,751.425,751.43,0
2026-07-06 22:56:00+00:00,751.4248,751.43,751.35,751.38,0
2026-07-06 22:57:00+00:00,751.3597,751.5085,751.35,751.46,0
2026-07-06 22:58:00+00:00,751.46,751.558,751.45,751.471,0
2026-07-06 22:59:00+00:00,751.505,751.5287,751.45,751.45,0
2026-07-06 23:00:00+00:00,751.5,751.59,751.5,751.58,0
2026-07-06 23:01:00+00:00,751.544,751.7,751.544,751.649,0
2026-07-06 23:02:00+00:00,751.68,751.8,751.65,751.77,0
2026-07-06 23:03:00+00:00,751.78,751.85,751.7339,751.769,0
2026-07-06 23:04:00+00:00,751.68,751.779,751.6766,751.68,0
2026-07-06 23:05:00+00:00,751.7,751.78,751.7,751.78,0
2026-07-06 23:06:00+00:00,751.74,751.7896,751.72,751.72,0
2026-07-06 23:07:00+00:00,751.7796,751.7796,751.7,751.759,0
2026-07-06 23:08:00+00:00,751.71,751.769,751.71,751.71,0
2026-07-06 23:09:00+00:00,751.75,751.75,751.58,751.67,0
2026-07-06 23:10:00+00:00,751.7,751.739,751.675,751.68,0
2026-07-06 23:11:00+00:00,751.79,751.79,751.64,751.74,0
2026-07-06 23:12:00+00:00,751.74,751.74,751.64,751.665,0
2026-07-06 23:13:00+00:00,751.66,751.72,751.6315,751.72,0
2026-07-06 23:14:00+00:00,751.69,751.69,751.6,751.635,0
2026-07-06 23:15:00+00:00,751.61,751.67,751.595,751.595,0
2026-07-06 23:16:00+00:00,751.6,751.6,751.445,751.445,0
2026-07-06 23:17:00+00:00,751.445,751.539,751.445,751.5,0
2026-07-06 23:18:00+00:00,751.48,751.495,751.35,751.37,0
2026-07-06 23:19:00+00:00,751.37,751.37,751.28,751.28,0
2026-07-06 23:20:00+00:00,751.3,751.3391,751.24,751.24,0
2026-07-06 23:21:00+00:00,751.255,751.33,751.255,751.29,0
2026-07-06 23:22:00+00:00,751.32,751.32,751.25,751.3,0
2026-07-06 23:23:00+00:00,751.285,751.325,751.275,751.295,0
2026-07-06 23:24:00+00:00,751.32,751.4309,751.32,751.375,0
2026-07-06 23:25:00+00:00,751.405,751.405,751.32,751.33,0
2026-07-06 23:26:00+00:00,751.33,751.41,751.28,751.41,0
2026-07-06 23:27:00+00:00,751.4085,751.4788,751.4085,751.45,0
2026-07-06 23:28:00+00:00,751.3909,751.45,751.38,751.45,0
2026-07-06 23:29:00+00:00,751.429,751.47,751.35,751.35,0
2026-07-06 23:30:00+00:00,751.3674,751.46,751.35,751.4085,0
2026-07-06 23:31:00+00:00,751.35,751.41,751.35,751.35,0
2026-07-06 23:32:00+00:00,751.38,751.38,751.3,751.3384,0
2026-07-06 23:33:00+00:00,751.2804,751.309,751.24,751.26,0
2026-07-06 23:34:00+00:00,751.25,751.29,751.2154,751.2154,0
2026-07-06 23:35:00+00:00,751.2587,751.26,751.22,751.26,0
2026-07-06 23:36:00+00:00,751.255,751.26,751.22,751.245,0
2026-07-06 23:37:00+00:00,751.28,751.28,751.21,751.265,0
2026-07-06 23:38:00+00:00,751.25,751.2682,751.2,751.245,0
2026-07-06 23:39:00+00:00,751.2185,751.23,751.191,751.21,0
2026-07-06 23:40:00+00:00,751.215,751.215,751.17,751.17,0
2026-07-06 23:41:00+00:00,751.17,751.17,751.0897,751.11,0
2026-07-06 23:42:00+00:00,751.135,751.135,751.075,751.1011,0
2026-07-06 23:43:00+00:00,751.13,751.19,751.1104,751.12,0
2026-07-06 23:44:00+00:00,751.165,751.165,751.085,751.085,0
2026-07-06 23:45:00+00:00,751.1087,751.1087,750.92,750.9741,0
2026-07-06 23:46:00+00:00,750.97,750.97,750.78,750.89,0
2026-07-06 23:47:00+00:00,750.915,750.92,750.7692,750.88,0
2026-07-06 23:48:00+00:00,750.8515,750.92,750.82,750.82,0
2026-07-06 23:49:00+00:00,750.82,750.89,750.82,750.85,0
2026-07-06 23:50:00+00:00,750.82,750.82,750.6,750.715,0
2026-07-06 23:51:00+00:00,750.732,750.74,750.62,750.681,0
2026-07-06 23:52:00+00:00,750.7,750.74,750.6623,750.6623,0
2026-07-06 23:53:00+00:00,750.69,750.7109,750.64,750.64,0
2026-07-06 23:54:00+00:00,750.7061,750.72,750.6,750.67,0
2026-07-06 23:55:00+00:00,750.64,750.72,750.57,750.5884,0
2026-07-06 23:56:00+00:00,750.59,750.6822,750.52,750.61,0
2026-07-06 23:57:00+00:00,750.6388,750.65,750.5215,750.5215,0
2026-07-06 23:58:00+00:00,750.535,750.63,750.5211,750.63,0
2026-07-06 23:59:00+00:00,750.5841,750.6677,750.5471,750.66,0
