# opt_chain SMH | epoch 1785524342 | 2026-07-31 14:59:02 | spot 544.36 | exps 20260731 20260803 20260805 20260807 20260810 20260812 20260814 20260821
# fuente polygon_snapshot_v3 | greeks polygon_directo | iv polygon_directo | oi polygon_directo | vol day.volume(-1 si no cotizo) | bid/ask NO_ENTITLED(-1) | spot_src ibkr_bridge spot_edad_s 120 | band 0.4050 vencimientos 8 exp_hasta 2026-08-21
# strike right exp bid ask vol oi iv delta gamma
400.00 C 20260731 -1.00 -1.00 1 8 -1.0000 -1.0000 -1.000000
405.00 C 20260731 -1.00 -1.00 1 1 -1.0000 -1.0000 -1.000000
410.00 C 20260731 -1.00 -1.00 -1 0 -1.0000 -1.0000 -1.000000
415.00 C 20260731 -1.00 -1.00 -1 0 -1.0000 -1.0000 -1.000000
420.00 C 20260731 -1.00 -1.00 1 1 -1.0000 -1.0000 -1.000000
422.50 C 20260731 -1.00 -1.00 -1 0 -1.0000 -1.0000 -1.000000
425.00 C 20260731 -1.00 -1.00 1 6 -1.0000 -1.0000 -1.000000
427.50 C 20260731 -1.00 -1.00 -1 0 -1.0000 -1.0000 -1.000000
430.00 C 20260731 -1.00 -1.00 1 7 -1.0000 -1.0000 -1.000000
432.50 C 20260731 -1.00 -1.00 19 19 -1.0000 -1.0000 -1.000000
435.00 C 20260731 -1.00 -1.00 1 2 -1.0000 -1.0000 -1.000000
437.50 C 20260731 -1.00 -1.00 -1 0 -1.0000 -1.0000 -1.000000
440.00 C 20260731 -1.00 -1.00 2 4 -1.0000 -1.0000 -1.000000
442.50 C 20260731 -1.00 -1.00 2 1 -1.0000 -1.0000 -1.000000
445.00 C 20260731 -1.00 -1.00 1 2 -1.0000 -1.0000 -1.000000
447.50 C 20260731 -1.00 -1.00 1 0 -1.0000 -1.0000 -1.000000
450.00 C 20260731 -1.00 -1.00 1 32 -1.0000 -1.0000 -1.000000
452.50 C 20260731 -1.00 -1.00 -1 0 -1.0000 -1.0000 -1.000000
455.00 C 20260731 -1.00 -1.00 2 4 -1.0000 -1.0000 -1.000000
457.50 C 20260731 -1.00 -1.00 10 10 -1.0000 -1.0000 -1.000000
460.00 C 20260731 -1.00 -1.00 1 118 -1.0000 -1.0000 -1.000000
462.50 C 20260731 -1.00 -1.00 -1 0 -1.0000 -1.0000 -1.000000
465.00 C 20260731 -1.00 -1.00 -1 0 -1.0000 -1.0000 -1.000000
467.50 C 20260731 -1.00 -1.00 -1 0 -1.0000 -1.0000 -1.000000
470.00 C 20260731 -1.00 -1.00 1 1 -1.0000 -1.0000 -1.000000
472.50 C 20260731 -1.00 -1.00 1 1 -1.0000 -1.0000 -1.000000
475.00 C 20260731 -1.00 -1.00 10 10 -1.0000 -1.0000 -1.000000
477.50 C 20260731 -1.00 -1.00 -1 0 -1.0000 -1.0000 -1.000000
480.00 C 20260731 -1.00 -1.00 2 29 -1.0000 -1.0000 -1.000000
482.50 C 20260731 -1.00 -1.00 1 1 -1.0000 -1.0000 -1.000000
485.00 C 20260731 -1.00 -1.00 9 20 -1.0000 -1.0000 -1.000000
487.50 C 20260731 -1.00 -1.00 2 0 -1.0000 -1.0000 -1.000000
490.00 C 20260731 -1.00 -1.00 1 117 -1.0000 -1.0000 -1.000000
492.50 C 20260731 -1.00 -1.00 2 151 -1.0000 -1.0000 -1.000000
495.00 C 20260731 -1.00 -1.00 4 14 -1.0000 -1.0000 -1.000000
497.50 C 20260731 -1.00 -1.00 3 78 -1.0000 -1.0000 -1.000000
500.00 C 20260731 -1.00 -1.00 51 289 -1.0000 -1.0000 -1.000000
502.50 C 20260731 -1.00 -1.00 21 63 -1.0000 -1.0000 -1.000000
505.00 C 20260731 -1.00 -1.00 1 48 -1.0000 -1.0000 -1.000000
507.50 C 20260731 -1.00 -1.00 24 27 -1.0000 -1.0000 -1.000000
510.00 C 20260731 -1.00 -1.00 18 246 -1.0000 -1.0000 -1.000000
512.50 C 20260731 -1.00 -1.00 5 108 -1.0000 -1.0000 -1.000000
515.00 C 20260731 -1.00 -1.00 1 130 0.9724 0.9931 0.001508
517.50 C 20260731 -1.00 -1.00 7 65 -1.0000 -1.0000 -1.000000
520.00 C 20260731 -1.00 -1.00 24 4211 -1.0000 -1.0000 -1.000000
522.50 C 20260731 -1.00 -1.00 5 605 -1.0000 -1.0000 -1.000000
525.00 C 20260731 -1.00 -1.00 134 1241 -1.0000 -1.0000 -1.000000
527.50 C 20260731 -1.00 -1.00 17 440 -1.0000 -1.0000 -1.000000
530.00 C 20260731 -1.00 -1.00 74 835 -1.0000 -1.0000 -1.000000
532.50 C 20260731 -1.00 -1.00 15 1748 -1.0000 -1.0000 -1.000000
535.00 C 20260731 -1.00 -1.00 132 641 -1.0000 -1.0000 -1.000000
537.50 C 20260731 -1.00 -1.00 39 365 0.3123 0.9666 0.018395
540.00 C 20260731 -1.00 -1.00 716 1563 0.2652 0.9192 0.043587
542.50 C 20260731 -1.00 -1.00 162 951 0.2982 0.7218 0.086972
545.00 C 20260731 -1.00 -1.00 1757 1900 0.3087 0.4789 0.100625
547.50 C 20260731 -1.00 -1.00 703 320 0.3157 0.2541 0.078899
550.00 C 20260731 -1.00 -1.00 3272 4721 0.3176 0.1046 0.044012
552.50 C 20260731 -1.00 -1.00 653 1419 0.3553 0.0484 0.021686
555.00 C 20260731 -1.00 -1.00 1196 1535 0.4072 0.0268 0.011718
557.50 C 20260731 -1.00 -1.00 1424 277 0.4783 0.0212 0.008119
560.00 C 20260731 -1.00 -1.00 1296 5616 0.4933 0.0090 0.003774
562.50 C 20260731 -1.00 -1.00 61 156 0.5961 0.0111 0.003768
565.00 C 20260731 -1.00 -1.00 417 1881 0.6813 0.0113 0.003358
567.50 C 20260731 -1.00 -1.00 68 131 0.8034 0.0157 0.003759
570.00 C 20260731 -1.00 -1.00 363 5202 0.7823 0.0073 0.001954
572.50 C 20260731 -1.00 -1.00 279 297 0.9785 0.0161 0.003149
575.00 C 20260731 -1.00 -1.00 377 2457 1.0185 0.0119 0.002351
577.50 C 20260731 -1.00 -1.00 235 193 1.0848 0.0112 0.002088
580.00 C 20260731 -1.00 -1.00 895 24063 1.0662 0.0065 0.001295
582.50 C 20260731 -1.00 -1.00 33 158 1.2336 0.0108 0.001771
585.00 C 20260731 -1.00 -1.00 466 581 1.1979 0.0058 0.001053
587.50 C 20260731 -1.00 -1.00 5 200 1.2801 0.0063 0.001056
590.00 C 20260731 -1.00 -1.00 100 961 1.2783 0.0038 0.000682
592.50 C 20260731 -1.00 -1.00 79 156 1.4100 0.0058 0.000889
595.00 C 20260731 -1.00 -1.00 141 807 1.4392 0.0042 0.000667
597.50 C 20260731 -1.00 -1.00 254 386 1.4503 0.0034 0.000537
600.00 C 20260731 -1.00 -1.00 641 3508 1.5071 0.0033 0.000499
602.50 C 20260731 -1.00 -1.00 14 182 1.6095 0.0038 0.000539
605.00 C 20260731 -1.00 -1.00 52 2410 1.6201 0.0031 0.000435
607.50 C 20260731 -1.00 -1.00 106 412 1.7674 0.0041 0.000532
610.00 C 20260731 -1.00 -1.00 36 830 1.7322 0.0029 0.000384
612.50 C 20260731 -1.00 -1.00 70 318 1.7879 0.0028 0.000362
615.00 C 20260731 -1.00 -1.00 298 465 1.8434 0.0027 0.000342
617.50 C 20260731 -1.00 -1.00 6 114 2.0765 0.0052 0.000547
620.00 C 20260731 -1.00 -1.00 215 750 1.9537 0.0026 0.000307
622.50 C 20260731 -1.00 -1.00 2 315 2.1436 0.0040 0.000424
625.00 C 20260731 -1.00 -1.00 6 408 2.1529 0.0034 0.000366
627.50 C 20260731 -1.00 -1.00 19 514 2.7952 0.0174 0.001175
630.00 C 20260731 -1.00 -1.00 59 357 3.3960 0.0377 0.001866
632.50 C 20260731 -1.00 -1.00 19 124 2.4929 0.0057 0.000495
635.00 C 20260731 -1.00 -1.00 24 4095 2.5694 0.0059 0.000499
637.50 C 20260731 -1.00 -1.00 4 117 2.3773 0.0026 0.000258
640.00 C 20260731 -1.00 -1.00 63 2479 2.9964 0.0119 0.000796
642.50 C 20260731 -1.00 -1.00 20 155 2.6165 0.0038 0.000328
645.00 C 20260731 -1.00 -1.00 19 89 2.5363 0.0025 0.000229
647.50 C 20260731 -1.00 -1.00 10 553 2.7656 0.0040 0.000328
650.00 C 20260731 -1.00 -1.00 129 5539 2.7736 0.0036 0.000293
652.50 C 20260731 -1.00 -1.00 7 103 3.5069 0.0157 0.000862
655.00 C 20260731 -1.00 -1.00 7 220 2.7016 0.0019 0.000169
657.50 C 20260731 -1.00 -1.00 16 832 3.2771 0.0084 0.000528
660.00 C 20260731 -1.00 -1.00 16 708 2.8489 0.0022 0.000185
662.50 C 20260731 -1.00 -1.00 14 20 3.4558 0.0092 0.000545
665.00 C 20260731 -1.00 -1.00 14 1054 3.6081 0.0106 0.000594
667.50 C 20260731 -1.00 -1.00 7 26 3.6648 0.0105 0.000577
670.00 C 20260731 -1.00 -1.00 11 326 3.1837 0.0031 0.000226
672.50 C 20260731 -1.00 -1.00 60 44 3.4938 0.0055 0.000342
675.00 C 20260731 -1.00 -1.00 57 2345 3.1545 0.0020 0.000154
677.50 C 20260731 -1.00 -1.00 4 81 3.2048 0.0020 0.000149
680.00 C 20260731 -1.00 -1.00 4 3250 3.4705 0.0036 0.000235
682.50 C 20260731 -1.00 -1.00 7 51 3.4770 0.0032 0.000213
685.00 C 20260731 -1.00 -1.00 7 156 3.8062 0.0056 0.000323
687.50 C 20260731 -1.00 -1.00 7 38 3.8305 0.0051 0.000293
690.00 C 20260731 -1.00 -1.00 10 143 3.5391 0.0025 0.000166
400.00 P 20260731 -1.00 -1.00 105 20786 4.6843 -0.0021 0.000106
405.00 P 20260731 -1.00 -1.00 132 2720 4.2872 -0.0012 0.000070
410.00 P 20260731 -1.00 -1.00 119 987 4.5071 -0.0029 0.000152
415.00 P 20260731 -1.00 -1.00 105 1481 4.0608 -0.0018 0.000108
420.00 P 20260731 -1.00 -1.00 275 2625 3.7847 -0.0013 0.000088
422.50 P 20260731 -1.00 -1.00 7 72 3.8671 -0.0022 0.000136
425.00 P 20260731 -1.00 -1.00 120 12645 4.0036 -0.0033 0.000191
427.50 P 20260731 -1.00 -1.00 140 130 4.2448 -0.0068 0.000339
430.00 P 20260731 -1.00 -1.00 380 2208 3.4053 -0.0011 0.000085
432.50 P 20260731 -1.00 -1.00 50 62 3.3795 -0.0015 0.000109
435.00 P 20260731 -1.00 -1.00 188 911 3.3539 -0.0018 0.000133
437.50 P 20260731 -1.00 -1.00 17 324 3.3284 -0.0022 0.000158
440.00 P 20260731 -1.00 -1.00 476 2719 3.0883 -0.0012 0.000101
442.50 P 20260731 -1.00 -1.00 16 1285 3.4717 -0.0047 0.000297
445.00 P 20260731 -1.00 -1.00 610 2517 2.9859 -0.0017 0.000136
447.50 P 20260731 -1.00 -1.00 26 734 3.1214 -0.0031 0.000230
450.00 P 20260731 -1.00 -1.00 691 4626 2.7785 -0.0014 0.000123
452.50 P 20260731 -1.00 -1.00 20 327 3.1440 -0.0054 0.000375
455.00 P 20260731 -1.00 -1.00 176 346 2.6262 -0.0015 0.000136
457.50 P 20260731 -1.00 -1.00 35 76 2.8138 -0.0034 0.000281
460.00 P 20260731 -1.00 -1.00 685 781 2.4755 -0.0015 0.000152
462.50 P 20260731 -1.00 -1.00 83 97 2.4008 -0.0016 0.000161
465.00 P 20260731 -1.00 -1.00 139 1220 2.3265 -0.0016 0.000170
467.50 P 20260731 -1.00 -1.00 292 468 2.2526 -0.0017 0.000181
470.00 P 20260731 -1.00 -1.00 129 3381 2.2310 -0.0022 0.000235
472.50 P 20260731 -1.00 -1.00 44 1243 2.3131 -0.0036 0.000362
475.00 P 20260731 -1.00 -1.00 48 1706 2.0849 -0.0024 0.000267
477.50 P 20260731 -1.00 -1.00 17 1568 2.2526 -0.0060 0.000575
480.00 P 20260731 -1.00 -1.00 303 6269 1.8889 -0.0020 0.000250
482.50 P 20260731 -1.00 -1.00 33 232 2.0353 -0.0051 0.000550
485.00 P 20260731 -1.00 -1.00 47 567 1.7972 -0.0027 0.000354
487.50 P 20260731 -1.00 -1.00 30 177 1.8943 -0.0060 0.000681
490.00 P 20260731 -1.00 -1.00 489 2367 1.6556 -0.0029 0.000413
492.50 P 20260731 -1.00 -1.00 66 143 1.6361 -0.0037 0.000518
495.00 P 20260731 -1.00 -1.00 790 4930 1.5154 -0.0032 0.000489
497.50 P 20260731 -1.00 -1.00 357 20446 1.4882 -0.0040 0.000615
500.00 P 20260731 -1.00 -1.00 2870 111503 1.3263 -0.0028 0.000487
502.50 P 20260731 -1.00 -1.00 80 20498 1.3705 -0.0058 0.000919
505.00 P 20260731 -1.00 -1.00 100 2787 1.2756 -0.0054 0.000926
507.50 P 20260731 -1.00 -1.00 41 644 1.2357 -0.0073 0.001238
510.00 P 20260731 -1.00 -1.00 770 3220 1.0872 -0.0044 0.000903
512.50 P 20260731 -1.00 -1.00 55 771 1.0480 -0.0065 0.001320
515.00 P 20260731 -1.00 -1.00 190 3540 0.9728 -0.0070 0.001512
517.50 P 20260731 -1.00 -1.00 305 29210 0.9161 -0.0085 0.001922
520.00 P 20260731 -1.00 -1.00 1976 101367 0.8237 -0.0081 0.002054
522.50 P 20260731 -1.00 -1.00 49 31414 0.7496 -0.0089 0.002446
525.00 P 20260731 -1.00 -1.00 1304 2733 0.6760 -0.0098 0.002967
527.50 P 20260731 -1.00 -1.00 264 9874 0.6168 -0.0123 0.003996
530.00 P 20260731 -1.00 -1.00 1765 23196 0.5722 -0.0211 0.006770
532.50 P 20260731 -1.00 -1.00 3460 9942 0.5282 -0.0327 0.010711
535.00 P 20260731 -1.00 -1.00 1834 5016 0.4601 -0.0488 0.016872
537.50 P 20260731 -1.00 -1.00 621 349 0.4129 -0.0851 0.029064
540.00 P 20260731 -1.00 -1.00 2376 4567 0.3746 -0.1617 0.050512
542.50 P 20260731 -1.00 -1.00 313 831 0.3417 -0.3038 0.079222
545.00 P 20260731 -1.00 -1.00 1105 3231 0.3310 -0.5197 0.093967
547.50 P 20260731 -1.00 -1.00 508 427 0.3984 -0.6981 0.067746
550.00 P 20260731 -1.00 -1.00 595 3596 0.4295 -0.8226 0.046794
552.50 P 20260731 -1.00 -1.00 269 1329 0.3719 -0.9445 0.023469
555.00 P 20260731 -1.00 -1.00 194 4489 0.5464 -0.9248 0.020246
557.50 P 20260731 -1.00 -1.00 1352 630 0.7281 -0.9070 0.017636
560.00 P 20260731 -1.00 -1.00 127 2324 0.6180 -0.9711 0.008381
562.50 P 20260731 -1.00 -1.00 4 123 0.9820 -0.9131 0.012444
565.00 P 20260731 -1.00 -1.00 6 1656 1.0761 -0.9224 0.010482
567.50 P 20260731 -1.00 -1.00 4 315 1.0775 -0.9434 0.008161
570.00 P 20260731 -1.00 -1.00 44 1581 1.1657 -0.9472 0.007120
572.50 P 20260731 -1.00 -1.00 5 97 1.1619 -0.9643 0.005246
575.00 P 20260731 -1.00 -1.00 27 1844 1.2495 -0.9664 0.004663
577.50 P 20260731 -1.00 -1.00 2 128 1.5375 -0.9428 0.005763
580.00 P 20260731 -1.00 -1.00 28 1722 1.4418 -0.9673 0.003962
582.50 P 20260731 -1.00 -1.00 4 51 1.7101 -0.9479 0.004796
585.00 P 20260731 -1.00 -1.00 57 1246 1.4886 -0.9774 0.002779
587.50 P 20260731 -1.00 -1.00 2 44 1.7908 -0.9611 0.003628
590.00 P 20260731 -1.00 -1.00 2 384 -1.0000 -1.0000 -1.000000
592.50 P 20260731 -1.00 -1.00 114 75 1.8182 -0.9734 0.002614
595.00 P 20260731 -1.00 -1.00 97 2 2.0272 -0.9669 0.002840
597.50 P 20260731 -1.00 -1.00 99 10 1.9279 -0.9772 0.002156
600.00 P 20260731 -1.00 -1.00 3 568 -1.0000 -1.0000 -1.000000
602.50 P 20260731 -1.00 -1.00 4 1 2.1083 -0.9768 0.002004
605.00 P 20260731 -1.00 -1.00 1459 932 2.0729 -0.9831 0.001556
607.50 P 20260731 -1.00 -1.00 2 0 2.2515 -0.9781 0.001784
610.00 P 20260731 -1.00 -1.00 1 2 2.3227 -0.9787 0.001688
612.50 P 20260731 -1.00 -1.00 16 0 2.3936 -0.9792 0.001602
615.00 P 20260731 -1.00 -1.00 1 5 2.4642 -0.9798 0.001522
617.50 P 20260731 -1.00 -1.00 2 0 2.5345 -0.9803 0.001449
620.00 P 20260731 -1.00 -1.00 1 0 2.6045 -0.9807 0.001382
622.50 P 20260731 -1.00 -1.00 5 0 2.8150 -0.9754 0.001576
625.00 P 20260731 -1.00 -1.00 5 0 2.7437 -0.9816 0.001263
627.50 P 20260731 -1.00 -1.00 4 0 2.8129 -0.9820 0.001210
630.00 P 20260731 -1.00 -1.00 2 0 3.0218 -0.9769 0.001389
632.50 P 20260731 -1.00 -1.00 4 0 2.9505 -0.9827 0.001115
635.00 P 20260731 -1.00 -1.00 1 0 3.1583 -0.9778 0.001285
637.50 P 20260731 -1.00 -1.00 2 0 3.0870 -0.9833 0.001032
640.00 P 20260731 -1.00 -1.00 1 0 3.1548 -0.9836 0.000995
642.50 P 20260731 -1.00 -1.00 1 0 3.2224 -0.9839 0.000960
645.00 P 20260731 -1.00 -1.00 1 0 3.4281 -0.9793 0.001114
647.50 P 20260731 -1.00 -1.00 1 0 2.8715 -0.9946 0.000419
650.00 P 20260731 -1.00 -1.00 15 10 -1.0000 -1.0000 -1.000000
652.50 P 20260731 -1.00 -1.00 1 1 3.4900 -0.9850 0.000840
655.00 P 20260731 -1.00 -1.00 2 0 3.6938 -0.9806 0.000978
657.50 P 20260731 -1.00 -1.00 1 0 3.6223 -0.9854 0.000790
660.00 P 20260731 -1.00 -1.00 10 0 3.8252 -0.9812 0.000921
662.50 P 20260731 -1.00 -1.00 -1 0 3.8905 -0.9814 0.000895
665.00 P 20260731 -1.00 -1.00 2 0 3.8188 -0.9860 0.000724
667.50 P 20260731 -1.00 -1.00 -1 0 4.0543 -0.9809 0.000879
670.00 P 20260731 -1.00 -1.00 1 8 3.9485 -0.9864 0.000685
672.50 P 20260731 -1.00 -1.00 1 0 4.1492 -0.9824 0.000802
675.00 P 20260731 -1.00 -1.00 2 0 3.5069 -0.9955 0.000297
677.50 P 20260731 -1.00 -1.00 -1 0 4.2772 -0.9829 0.000762
680.00 P 20260731 -1.00 -1.00 2 0 4.1730 -0.9871 0.000619
682.50 P 20260731 -1.00 -1.00 -1 0 4.4042 -0.9833 0.000726
685.00 P 20260731 -1.00 -1.00 -1 0 4.4673 -0.9835 0.000709
687.50 P 20260731 -1.00 -1.00 -1 0 4.5303 -0.9837 0.000692
690.00 P 20260731 -1.00 -1.00 1 0 4.5930 -0.9839 0.000677
427.50 C 20260803 -1.00 -1.00 -1 0 -1.0000 -1.0000 -1.000000
430.00 C 20260803 -1.00 -1.00 -1 0 -1.0000 -1.0000 -1.000000
432.50 C 20260803 -1.00 -1.00 -1 0 -1.0000 -1.0000 -1.000000
435.00 C 20260803 -1.00 -1.00 -1 0 -1.0000 -1.0000 -1.000000
437.50 C 20260803 -1.00 -1.00 -1 0 -1.0000 -1.0000 -1.000000
440.00 C 20260803 -1.00 -1.00 8 4 -1.0000 -1.0000 -1.000000
442.50 C 20260803 -1.00 -1.00 -1 0 -1.0000 -1.0000 -1.000000
445.00 C 20260803 -1.00 -1.00 -1 0 -1.0000 -1.0000 -1.000000
447.50 C 20260803 -1.00 -1.00 -1 0 -1.0000 -1.0000 -1.000000
450.00 C 20260803 -1.00 -1.00 1 1 -1.0000 -1.0000 -1.000000
452.50 C 20260803 -1.00 -1.00 2 1 -1.0000 -1.0000 -1.000000
455.00 C 20260803 -1.00 -1.00 -1 0 -1.0000 -1.0000 -1.000000
457.50 C 20260803 -1.00 -1.00 -1 0 -1.0000 -1.0000 -1.000000
460.00 C 20260803 -1.00 -1.00 -1 0 -1.0000 -1.0000 -1.000000
462.50 C 20260803 -1.00 -1.00 1 1 -1.0000 -1.0000 -1.000000
465.00 C 20260803 -1.00 -1.00 -1 0 -1.0000 -1.0000 -1.000000
467.50 C 20260803 -1.00 -1.00 1 1 0.0006 1.0000 0.000000
470.00 C 20260803 -1.00 -1.00 1 1 0.0006 1.0000 0.000000
472.50 C 20260803 -1.00 -1.00 -1 0 0.0006 1.0000 0.000000
475.00 C 20260803 -1.00 -1.00 1 0 0.0006 1.0000 -0.000000
477.50 C 20260803 -1.00 -1.00 2 2 0.0006 1.0000 0.000000
480.00 C 20260803 -1.00 -1.00 2 1 0.0006 1.0000 0.000000
482.50 C 20260803 -1.00 -1.00 1 1 0.0006 1.0000 0.000000
485.00 C 20260803 -1.00 -1.00 -1 0 0.0006 1.0000 -0.000000
487.50 C 20260803 -1.00 -1.00 2 1 0.5019 0.9923 0.000823
490.00 C 20260803 -1.00 -1.00 7 10 0.0006 1.0000 -0.000000
492.50 C 20260803 -1.00 -1.00 -1 0 0.3971 0.9974 0.000396
495.00 C 20260803 -1.00 -1.00 12 4 0.4155 0.9942 0.000763
497.50 C 20260803 -1.00 -1.00 9 4 0.4523 0.9863 0.001512
500.00 C 20260803 -1.00 -1.00 16 35 0.3377 0.9973 0.000469
502.50 C 20260803 -1.00 -1.00 4 19 0.3777 0.9905 0.001314
505.00 C 20260803 -1.00 -1.00 8 34 0.3843 0.9845 0.001976
507.50 C 20260803 -1.00 -1.00 1 2 0.4022 0.9736 0.003001
510.00 C 20260803 -1.00 -1.00 1 23 0.3926 0.9677 0.003634
512.50 C 20260803 -1.00 -1.00 8 20 0.3972 0.9529 0.004854
515.00 C 20260803 -1.00 -1.00 10 26 0.3918 0.9421 0.005851
517.50 C 20260803 -1.00 -1.00 3 13 0.3716 0.9365 0.006672
520.00 C 20260803 -1.00 -1.00 6 92 0.3695 0.9152 0.008257
522.50 C 20260803 -1.00 -1.00 17 23 0.3689 0.8919 0.009938
525.00 C 20260803 -1.00 -1.00 6 37 0.3711 0.8643 0.011670
527.50 C 20260803 -1.00 -1.00 29 37 0.3534 0.8410 0.013508
530.00 C 20260803 -1.00 -1.00 44 257 0.3642 0.7978 0.015361
532.50 C 20260803 -1.00 -1.00 110 40 0.3620 0.7583 0.017113
535.00 C 20260803 -1.00 -1.00 89 211 0.3498 0.7176 0.019063
537.50 C 20260803 -1.00 -1.00 110 116 0.3491 0.6692 0.020707
540.00 C 20260803 -1.00 -1.00 45 50 0.3518 0.6151 0.021515
542.50 C 20260803 -1.00 -1.00 29 14 0.3492 0.5603 0.022333
545.00 C 20260803 -1.00 -1.00 29 40 0.3511 0.5049 0.022764
547.50 C 20260803 -1.00 -1.00 304 63 0.3418 0.4481 0.022851
550.00 C 20260803 -1.00 -1.00 146 946 0.3449 0.3926 0.022133
552.50 C 20260803 -1.00 -1.00 33 63 0.3402 0.3380 0.021340
555.00 C 20260803 -1.00 -1.00 46 97 0.3399 0.2883 0.019806
557.50 C 20260803 -1.00 -1.00 4 50 0.3483 0.2448 0.018010
560.00 C 20260803 -1.00 -1.00 134 190 0.3401 0.2004 0.016268
562.50 C 20260803 -1.00 -1.00 31 398 0.3400 0.1624 0.014266
565.00 C 20260803 -1.00 -1.00 56 251 0.3606 0.1426 0.012456
567.50 C 20260803 -1.00 -1.00 12 172 0.3550 0.1138 0.010694
570.00 C 20260803 -1.00 -1.00 126 58 0.3638 0.0958 0.009177
572.50 C 20260803 -1.00 -1.00 6 139 0.3779 0.0823 0.007930
575.00 C 20260803 -1.00 -1.00 19 29 0.3892 0.0694 0.006821
577.50 C 20260803 -1.00 -1.00 45 253 0.3783 0.0518 0.005496
580.00 C 20260803 -1.00 -1.00 53 744 0.3950 0.0469 0.004850
582.50 C 20260803 -1.00 -1.00 1 44 0.4161 0.0443 0.004404
585.00 C 20260803 -1.00 -1.00 333 28 0.4161 0.0326 0.003479
587.50 C 20260803 -1.00 -1.00 9 59 0.4445 0.0341 0.003373
590.00 C 20260803 -1.00 -1.00 18 5162 0.4085 0.0188 0.002187
592.50 C 20260803 -1.00 -1.00 85 19 0.4164 0.0151 0.001789
595.00 C 20260803 -1.00 -1.00 282 82 0.4478 0.0178 0.001912
597.50 C 20260803 -1.00 -1.00 2 50 0.4538 0.0140 0.001548
600.00 C 20260803 -1.00 -1.00 286 206 0.4419 0.0097 0.001142
602.50 C 20260803 -1.00 -1.00 3 631 0.4707 0.0108 0.001189
605.00 C 20260803 -1.00 -1.00 34 60 0.4576 0.0070 0.000829
607.50 C 20260803 -1.00 -1.00 1 20 0.5196 0.0119 0.001178
610.00 C 20260803 -1.00 -1.00 36 57 0.4857 0.0061 0.000691
612.50 C 20260803 -1.00 -1.00 2 99 0.4975 0.0055 0.000611
615.00 C 20260803 -1.00 -1.00 1 32 0.5342 0.0076 0.000763
617.50 C 20260803 -1.00 -1.00 3 25 0.5177 0.0042 0.000470
620.00 C 20260803 -1.00 -1.00 3 34 0.5534 0.0059 0.000591
622.50 C 20260803 -1.00 -1.00 4 41 0.5568 0.0045 0.000462
625.00 C 20260803 -1.00 -1.00 6 96 0.5766 0.0048 0.000474
627.50 C 20260803 -1.00 -1.00 2 25 0.5621 0.0034 0.000350
630.00 C 20260803 -1.00 -1.00 13 217 0.6406 0.0077 0.000644
632.50 C 20260803 -1.00 -1.00 11 108 0.6560 0.0076 0.000617
635.00 C 20260803 -1.00 -1.00 5 134 0.7370 0.0127 0.000875
637.50 C 20260803 -1.00 -1.00 3 33 0.6908 0.0076 0.000589
640.00 C 20260803 -1.00 -1.00 8 79 0.6530 0.0038 0.000341
642.50 C 20260803 -1.00 -1.00 1 13 0.8066 0.0139 0.000868
645.00 C 20260803 -1.00 -1.00 30 35 0.7282 0.0065 0.000488
647.50 C 20260803 -1.00 -1.00 6 14 0.8409 0.0134 0.000810
650.00 C 20260803 -1.00 -1.00 15 4 0.7421 0.0050 0.000380
652.50 C 20260803 -1.00 -1.00 60 60 0.8706 0.0130 0.000759
655.00 C 20260803 -1.00 -1.00 5 7 0.8853 0.0128 0.000736
657.50 C 20260803 -1.00 -1.00 12 13 0.9332 0.0159 0.000837
660.00 C 20260803 -1.00 -1.00 12 52 0.9517 0.0159 0.000820
662.50 C 20260803 -1.00 -1.00 14 13 0.9667 0.0155 0.000789
665.00 C 20260803 -1.00 -1.00 2 1 0.9833 0.0153 0.000767
667.50 C 20260803 -1.00 -1.00 10 25 0.9999 0.0150 0.000746
670.00 C 20260803 -1.00 -1.00 2 20 1.0182 0.0151 0.000733
672.50 C 20260803 -1.00 -1.00 10 44 1.0347 0.0149 0.000714
675.00 C 20260803 -1.00 -1.00 1 1 1.0545 0.0151 0.000709
677.50 C 20260803 -1.00 -1.00 -1 0 1.1581 0.0245 0.000967
680.00 C 20260803 -1.00 -1.00 10 10 0.9422 0.0058 0.000340
682.50 C 20260803 -1.00 -1.00 -1 0 1.2653 0.0310 0.001087
685.00 C 20260803 -1.00 -1.00 1 1 1.3272 0.0345 0.001142
687.50 C 20260803 -1.00 -1.00 -1 0 1.3277 0.0329 0.001093
690.00 C 20260803 -1.00 -1.00 -1 0 1.3264 0.0311 0.001041
427.50 P 20260803 -1.00 -1.00 14348 360 0.9462 -0.0023 0.000147
430.00 P 20260803 -1.00 -1.00 7 66 0.9256 -0.0024 0.000153
432.50 P 20260803 -1.00 -1.00 15 2 0.9468 -0.0032 0.000203
435.00 P 20260803 -1.00 -1.00 26 78 0.8846 -0.0025 0.000167
437.50 P 20260803 -1.00 -1.00 8 11 0.8782 -0.0028 0.000191
440.00 P 20260803 -1.00 -1.00 3 295 0.8991 -0.0040 0.000258
442.50 P 20260803 -1.00 -1.00 20 14 0.8717 -0.0038 0.000256
445.00 P 20260803 -1.00 -1.00 17 16 0.8494 -0.0039 0.000267
447.50 P 20260803 -1.00 -1.00 16 21 0.8223 -0.0037 0.000264
450.00 P 20260803 -1.00 -1.00 142 278 0.8053 -0.0041 0.000294
452.50 P 20260803 -1.00 -1.00 11 13 0.7933 -0.0048 0.000342
455.00 P 20260803 -1.00 -1.00 10 9 0.7765 -0.0053 0.000377
457.50 P 20260803 -1.00 -1.00 1 8 0.7597 -0.0057 0.000415
460.00 P 20260803 -1.00 -1.00 170 24 0.7430 -0.0062 0.000455
462.50 P 20260803 -1.00 -1.00 11 15 0.7363 -0.0073 0.000534
465.00 P 20260803 -1.00 -1.00 91 30 0.6953 -0.0062 0.000488
467.50 P 20260803 -1.00 -1.00 37 15 0.6985 -0.0081 0.000615
470.00 P 20260803 -1.00 -1.00 132 288 0.6822 -0.0086 0.000671
472.50 P 20260803 -1.00 -1.00 42 13 0.6757 -0.0099 0.000767
475.00 P 20260803 -1.00 -1.00 36 88 0.6644 -0.0108 0.000850
477.50 P 20260803 -1.00 -1.00 13 24 0.6547 -0.0131 0.001009
480.00 P 20260803 -1.00 -1.00 415 540 0.6313 -0.0135 0.001075
482.50 P 20260803 -1.00 -1.00 8 19 0.6121 -0.0147 0.001185
485.00 P 20260803 -1.00 -1.00 129 28 0.6279 -0.0214 0.001595
487.50 P 20260803 -1.00 -1.00 5 48 0.5781 -0.0179 0.001482
490.00 P 20260803 -1.00 -1.00 395 306 0.5632 -0.0199 0.001674
492.50 P 20260803 -1.00 -1.00 23 86 0.5587 -0.0238 0.001975
495.00 P 20260803 -1.00 -1.00 2529 194 0.5359 -0.0248 0.002132
497.50 P 20260803 -1.00 -1.00 149 77 0.5294 -0.0286 0.002454
500.00 P 20260803 -1.00 -1.00 2354 393 0.5210 -0.0355 0.002948
502.50 P 20260803 -1.00 -1.00 30 82 0.5203 -0.0452 0.003583
505.00 P 20260803 -1.00 -1.00 237 242 0.4966 -0.0480 0.003941
507.50 P 20260803 -1.00 -1.00 49 52 0.4900 -0.0563 0.004573
510.00 P 20260803 -1.00 -1.00 204 125 0.4765 -0.0629 0.005167
512.50 P 20260803 -1.00 -1.00 926 116 0.4615 -0.0729 0.005934
515.00 P 20260803 -1.00 -1.00 206 213 0.4561 -0.0894 0.006960
517.50 P 20260803 -1.00 -1.00 104 83 0.4415 -0.1020 0.007944
520.00 P 20260803 -1.00 -1.00 1181 330 0.4287 -0.1162 0.009059
522.50 P 20260803 -1.00 -1.00 207 1744 0.4275 -0.1409 0.010368
525.00 P 20260803 -1.00 -1.00 194 436 0.4085 -0.1606 0.011770
527.50 P 20260803 -1.00 -1.00 304 2022 0.4150 -0.1960 0.013208
530.00 P 20260803 -1.00 -1.00 1034 1881 0.4056 -0.2242 0.014784
532.50 P 20260803 -1.00 -1.00 335 1775 0.3995 -0.2632 0.016143
535.00 P 20260803 -1.00 -1.00 118 46 0.3924 -0.3029 0.017615
537.50 P 20260803 -1.00 -1.00 156 20 0.3927 -0.3466 0.018889
540.00 P 20260803 -1.00 -1.00 534 275 0.3813 -0.3933 0.019975
542.50 P 20260803 -1.00 -1.00 6 10 0.3711 -0.4431 0.021088
545.00 P 20260803 -1.00 -1.00 349 24 0.3616 -0.4958 0.022153
547.50 P 20260803 -1.00 -1.00 103 248 0.3647 -0.5488 0.021510
550.00 P 20260803 -1.00 -1.00 162 49 0.3738 -0.5990 0.020563
552.50 P 20260803 -1.00 -1.00 21 8 0.3728 -0.6494 0.019923
555.00 P 20260803 -1.00 -1.00 6 101 0.3811 -0.6906 0.018354
557.50 P 20260803 -1.00 -1.00 1 30 0.3697 -0.7421 0.017465
560.00 P 20260803 -1.00 -1.00 456 113 0.3625 -0.7868 0.016067
562.50 P 20260803 -1.00 -1.00 2 4 0.3694 -0.8176 0.014282
565.00 P 20260803 -1.00 -1.00 3 6 0.3706 -0.8517 0.012603
567.50 P 20260803 -1.00 -1.00 1 4 0.3826 -0.8721 0.011085
570.00 P 20260803 -1.00 -1.00 5 10 0.3437 -0.9216 0.008791
572.50 P 20260803 -1.00 -1.00 1 2 0.4030 -0.9040 0.008535
575.00 P 20260803 -1.00 -1.00 2 6 0.4128 -0.9190 0.007422
577.50 P 20260803 -1.00 -1.00 1 6 0.4277 -0.9299 0.006515
580.00 P 20260803 -1.00 -1.00 1 88 0.4319 -0.9402 0.005694
582.50 P 20260803 -1.00 -1.00 2 4 0.4398 -0.9483 0.004987
585.00 P 20260803 -1.00 -1.00 1 34 0.4379 -0.9606 0.004125
587.50 P 20260803 -1.00 -1.00 1 59 0.4597 -0.9622 0.003802
590.00 P 20260803 -1.00 -1.00 2 3 0.4661 -0.9701 0.003191
592.50 P 20260803 -1.00 -1.00 2 1 0.4850 -0.9711 0.002969
595.00 P 20260803 -1.00 -1.00 -1 0 0.5036 -0.9721 0.002772
597.50 P 20260803 -1.00 -1.00 -1 0 0.5222 -0.9730 0.002596
600.00 P 20260803 -1.00 -1.00 13 15 0.5311 -0.9759 0.002347
602.50 P 20260803 -1.00 -1.00 2 1 0.5782 -0.9710 0.002458
605.00 P 20260803 -1.00 -1.00 14 0 0.5966 -0.9718 0.002323
607.50 P 20260803 -1.00 -1.00 -1 0 0.5765 -0.9799 0.001876
610.00 P 20260803 -1.00 -1.00 -1 0 0.5947 -0.9805 0.001776
612.50 P 20260803 -1.00 -1.00 -1 0 0.6128 -0.9810 0.001685
615.00 P 20260803 -1.00 -1.00 2 0 0.6309 -0.9815 0.001601
617.50 P 20260803 -1.00 -1.00 -1 0 0.6489 -0.9819 0.001524
620.00 P 20260803 -1.00 -1.00 1 0 0.6568 -0.9842 0.001369
622.50 P 20260803 -1.00 -1.00 -1 0 0.6746 -0.9845 0.001307
625.00 P 20260803 -1.00 -1.00 -1 0 0.7217 -0.9798 0.001462
627.50 P 20260803 -1.00 -1.00 2 0 0.7200 -0.9835 0.001272
630.00 P 20260803 -1.00 -1.00 1 0 0.7376 -0.9838 0.001220
632.50 P 20260803 -1.00 -1.00 -1 0 0.7551 -0.9842 0.001171
635.00 P 20260803 -1.00 -1.00 2 0 0.7824 -0.9829 0.001188
637.50 P 20260803 -1.00 -1.00 -1 0 0.7998 -0.9832 0.001144
640.00 P 20260803 -1.00 -1.00 2 0 0.8073 -0.9850 0.001044
642.50 P 20260803 -1.00 -1.00 -1 0 0.8343 -0.9838 0.001064
645.00 P 20260803 -1.00 -1.00 -1 0 0.8417 -0.9856 0.000973
647.50 P 20260803 -1.00 -1.00 -1 0 0.8588 -0.9858 0.000940
650.00 P 20260803 -1.00 -1.00 -1 0 0.8857 -0.9846 0.000961
652.50 P 20260803 -1.00 -1.00 -1 0 0.8928 -0.9863 0.000880
655.00 P 20260803 -1.00 -1.00 -1 0 0.9097 -0.9865 0.000853
657.50 P 20260803 -1.00 -1.00 -1 0 0.9162 -0.9881 0.000774
660.00 P 20260803 -1.00 -1.00 -1 0 0.9628 -0.9843 0.000891
662.50 P 20260803 -1.00 -1.00 -1 0 0.9600 -0.9871 0.000779
665.00 P 20260803 -1.00 -1.00 -1 0 0.9864 -0.9860 0.000800
667.50 P 20260803 -1.00 -1.00 -1 0 0.9931 -0.9875 0.000736
670.00 P 20260803 -1.00 -1.00 -1 0 1.0095 -0.9876 0.000716
672.50 P 20260803 -1.00 -1.00 -1 0 1.0258 -0.9878 0.000697
675.00 P 20260803 -1.00 -1.00 -1 0 1.0405 -0.9879 0.000679
677.50 P 20260803 -1.00 -1.00 -1 0 1.0548 -0.9881 0.000662
680.00 P 20260803 -1.00 -1.00 -1 0 1.0692 -0.9882 0.000646
682.50 P 20260803 -1.00 -1.00 -1 0 1.0834 -0.9884 0.000631
685.00 P 20260803 -1.00 -1.00 -1 0 1.0976 -0.9885 0.000616
687.50 P 20260803 -1.00 -1.00 -1 0 1.1118 -0.9886 0.000602
690.00 P 20260803 -1.00 -1.00 -1 0 1.1259 -0.9888 0.000589
425.00 C 20260805 -1.00 -1.00 -1 0 0.0008 1.0000 -0.000000
427.50 C 20260805 -1.00 -1.00 -1 0 0.0008 1.0000 -0.000000
430.00 C 20260805 -1.00 -1.00 -1 0 0.0008 1.0000 -0.000000
432.50 C 20260805 -1.00 -1.00 -1 0 0.0008 1.0000 0.000000
435.00 C 20260805 -1.00 -1.00 -1 0 0.5869 0.9996 0.000037
437.50 C 20260805 -1.00 -1.00 -1 0 0.5633 0.9997 0.000029
440.00 C 20260805 -1.00 -1.00 -1 0 0.6448 0.9979 0.000151
442.50 C 20260805 -1.00 -1.00 -1 0 0.6808 0.9964 0.000242
445.00 C 20260805 -1.00 -1.00 -1 0 0.6821 0.9950 0.000322
447.50 C 20260805 -1.00 -1.00 -1 0 0.6637 0.9949 0.000333
450.00 C 20260805 -1.00 -1.00 -1 0 0.6846 0.9922 0.000480
452.50 C 20260805 -1.00 -1.00 -1 0 0.6271 0.9949 0.000359
455.00 C 20260805 -1.00 -1.00 -1 0 0.6870 0.9893 0.000636
457.50 C 20260805 -1.00 -1.00 2 1 0.5172 0.9983 0.000160
460.00 C 20260805 -1.00 -1.00 -1 0 0.6647 0.9864 0.000800
462.50 C 20260805 -1.00 -1.00 -1 0 0.6617 0.9837 0.000938
465.00 C 20260805 -1.00 -1.00 -1 0 0.5955 0.9898 0.000700
467.50 C 20260805 -1.00 -1.00 -1 0 0.5898 0.9882 0.000804
470.00 C 20260805 -1.00 -1.00 -1 0 0.5870 0.9852 0.000977
472.50 C 20260805 -1.00 -1.00 2 1 0.5924 0.9808 0.001210
475.00 C 20260805 -1.00 -1.00 1 1 0.5978 0.9765 0.001434
477.50 C 20260805 -1.00 -1.00 -1 0 0.5869 0.9746 0.001565
480.00 C 20260805 -1.00 -1.00 22 11 0.5863 0.9703 0.001789
482.50 C 20260805 -1.00 -1.00 2 1 0.6094 0.9571 0.002299
485.00 C 20260805 -1.00 -1.00 1 1 0.5800 0.9579 0.002377
487.50 C 20260805 -1.00 -1.00 2 1 0.5749 0.9522 0.002665
490.00 C 20260805 -1.00 -1.00 10 10 0.5698 0.9464 0.002963
492.50 C 20260805 -1.00 -1.00 2 1 0.5607 0.9414 0.003246
495.00 C 20260805 -1.00 -1.00 30 21 0.5598 0.9324 0.003634
497.50 C 20260805 -1.00 -1.00 34 16 0.5424 0.9270 0.003959
500.00 C 20260805 -1.00 -1.00 58 27 0.5481 0.9119 0.004496
502.50 C 20260805 -1.00 -1.00 1 10 0.5309 0.9057 0.004886
505.00 C 20260805 -1.00 -1.00 44 43 0.5389 0.8896 0.005438
507.50 C 20260805 -1.00 -1.00 2 1 0.5286 0.8802 0.005917
510.00 C 20260805 -1.00 -1.00 40 3 0.5181 0.8680 0.006444
512.50 C 20260805 -1.00 -1.00 -1 0 0.5155 0.8492 0.007027
515.00 C 20260805 -1.00 -1.00 31 41 0.5219 0.8263 0.007604
517.50 C 20260805 -1.00 -1.00 24 22 0.5193 0.8074 0.008191
520.00 C 20260805 -1.00 -1.00 4 34 0.5047 0.7928 0.008863
522.50 C 20260805 -1.00 -1.00 2 8 0.4954 0.7736 0.009516
525.00 C 20260805 -1.00 -1.00 8 42 0.4840 0.7512 0.010169
527.50 C 20260805 -1.00 -1.00 5 80 0.4727 0.7278 0.010873
530.00 C 20260805 -1.00 -1.00 3 199 0.4953 0.6922 0.011044
532.50 C 20260805 -1.00 -1.00 3 56 0.4818 0.6685 0.011809
535.00 C 20260805 -1.00 -1.00 13 604 0.4715 0.6408 0.012401
537.50 C 20260805 -1.00 -1.00 11 92 0.4591 0.6108 0.012961
540.00 C 20260805 -1.00 -1.00 15 63 0.4625 0.5772 0.013118
542.50 C 20260805 -1.00 -1.00 17 15 0.4600 0.5443 0.013436
545.00 C 20260805 -1.00 -1.00 60 55 0.4688 0.5114 0.013389
547.50 C 20260805 -1.00 -1.00 35 143 0.4688 0.4792 0.013228
550.00 C 20260805 -1.00 -1.00 21 72 0.4669 0.4466 0.013120
552.50 C 20260805 -1.00 -1.00 10 65 0.4746 0.4159 0.012756
555.00 C 20260805 -1.00 -1.00 13 232 0.4554 0.3782 0.013099
557.50 C 20260805 -1.00 -1.00 29 35 0.4535 0.3474 0.012718
560.00 C 20260805 -1.00 -1.00 210 138 0.4585 0.3205 0.012099
562.50 C 20260805 -1.00 -1.00 25 152 0.4548 0.2900 0.011653
565.00 C 20260805 -1.00 -1.00 29 59 0.4501 0.2585 0.011205
567.50 C 20260805 -1.00 -1.00 5 119 0.4745 0.2435 0.010373
570.00 C 20260805 -1.00 -1.00 27 90 0.4627 0.2160 0.009850
572.50 C 20260805 -1.00 -1.00 5 121 0.4663 0.1964 0.009185
575.00 C 20260805 -1.00 -1.00 22 42 0.4657 0.1746 0.008545
577.50 C 20260805 -1.00 -1.00 2 87 0.4880 0.1666 0.007926
580.00 C 20260805 -1.00 -1.00 122 813 0.4769 0.1396 0.007310
582.50 C 20260805 -1.00 -1.00 2 60 0.4658 0.1205 0.006675
585.00 C 20260805 -1.00 -1.00 5 89 0.4851 0.1159 0.006220
587.50 C 20260805 -1.00 -1.00 26 34 0.4711 0.0950 0.005530
590.00 C 20260805 -1.00 -1.00 6 165 0.4808 0.0863 0.005064
592.50 C 20260805 -1.00 -1.00 44 41 0.4987 0.0825 0.004731
595.00 C 20260805 -1.00 -1.00 2 31 0.4846 0.0662 0.004122
597.50 C 20260805 -1.00 -1.00 36 71 0.4886 0.0598 0.003754
600.00 C 20260805 -1.00 -1.00 70 69 0.4806 0.0490 0.003243
602.50 C 20260805 -1.00 -1.00 2 16 0.5559 0.0673 0.003644
605.00 C 20260805 -1.00 -1.00 5 28 0.5449 0.0570 0.003236
607.50 C 20260805 -1.00 -1.00 6 18 0.5445 0.0500 0.002909
610.00 C 20260805 -1.00 -1.00 7 301 0.5588 0.0480 0.002745
612.50 C 20260805 -1.00 -1.00 1 17 0.5220 0.0305 0.002049
615.00 C 20260805 -1.00 -1.00 4 25 0.5642 0.0365 0.002199
617.50 C 20260805 -1.00 -1.00 40 21 0.5861 0.0376 0.002165
620.00 C 20260805 -1.00 -1.00 11 36 0.5155 0.0183 0.001333
622.50 C 20260805 -1.00 -1.00 57 43 0.5628 0.0249 0.001587
625.00 C 20260805 -1.00 -1.00 37 27 0.5670 0.0224 0.001439
627.50 C 20260805 -1.00 -1.00 46 82 0.6016 0.0259 0.001538
630.00 C 20260805 -1.00 -1.00 18 28 0.5684 0.0162 0.001092
632.50 C 20260805 -1.00 -1.00 6 30 0.6139 0.0221 0.001314
635.00 C 20260805 -1.00 -1.00 197 82 0.6813 0.0308 0.001583
637.50 C 20260805 -1.00 -1.00 16 8 0.5513 0.0087 0.000649
640.00 C 20260805 -1.00 -1.00 5 9 0.6507 0.0202 0.001145
642.50 C 20260805 -1.00 -1.00 2 4 0.5847 0.0093 0.000651
645.00 C 20260805 -1.00 -1.00 8 18 0.6858 0.0209 0.001120
647.50 C 20260805 -1.00 -1.00 5 5 0.7457 0.0279 0.001324
650.00 C 20260805 -1.00 -1.00 1 44 0.5885 0.0057 0.000418
652.50 C 20260805 -1.00 -1.00 1 0 0.5971 0.0052 0.000386
655.00 C 20260805 -1.00 -1.00 -1 0 0.7840 0.0265 0.001201
657.50 C 20260805 -1.00 -1.00 -1 0 0.7984 0.0263 0.001171
660.00 C 20260805 -1.00 -1.00 1 2 0.8102 0.0257 0.001132
662.50 C 20260805 -1.00 -1.00 2 2 0.8232 0.0254 0.001101
665.00 C 20260805 -1.00 -1.00 1 1 0.5903 0.0022 0.000174
667.50 C 20260805 -1.00 -1.00 1 1 0.6762 0.0056 0.000364
670.00 C 20260805 -1.00 -1.00 3 2 0.8660 0.0249 0.001030
672.50 C 20260805 -1.00 -1.00 -1 0 0.8788 0.0246 0.001003
675.00 C 20260805 -1.00 -1.00 -1 0 0.8916 0.0243 0.000978
677.50 C 20260805 -1.00 -1.00 -1 0 0.9029 0.0238 0.000949
680.00 C 20260805 -1.00 -1.00 -1 0 0.9196 0.0240 0.000940
682.50 C 20260805 -1.00 -1.00 -1 0 0.9323 0.0237 0.000918
685.00 C 20260805 -1.00 -1.00 -1 0 0.9448 0.0235 0.000896
687.50 C 20260805 -1.00 -1.00 -1 0 0.9574 0.0232 0.000876
690.00 C 20260805 -1.00 -1.00 -1 0 0.9699 0.0229 0.000856
425.00 P 20260805 -1.00 -1.00 258 154 0.9184 -0.0090 0.000407
427.50 P 20260805 -1.00 -1.00 171 1 0.8999 -0.0091 0.000423
430.00 P 20260805 -1.00 -1.00 12 3 0.9096 -0.0110 0.000493
432.50 P 20260805 -1.00 -1.00 45 4 0.8823 -0.0105 0.000489
435.00 P 20260805 -1.00 -1.00 2 1 0.8823 -0.0129 0.000580
437.50 P 20260805 -1.00 -1.00 2 42 0.8823 -0.0154 0.000671
440.00 P 20260805 -1.00 -1.00 2 64 0.8401 -0.0133 0.000624
442.50 P 20260805 -1.00 -1.00 2 34 0.8588 -0.0179 0.000784
445.00 P 20260805 -1.00 -1.00 5 12 0.8320 -0.0175 0.000797
447.50 P 20260805 -1.00 -1.00 10 4 0.8657 -0.0236 0.000994
450.00 P 20260805 -1.00 -1.00 63 83 0.7822 -0.0172 0.000833
452.50 P 20260805 -1.00 -1.00 2 6 0.7975 -0.0216 0.000999
455.00 P 20260805 -1.00 -1.00 2 3 0.8111 -0.0257 0.001149
457.50 P 20260805 -1.00 -1.00 23 74 0.7699 -0.0240 0.001136
460.00 P 20260805 -1.00 -1.00 14 18 0.7802 -0.0284 0.001298
462.50 P 20260805 -1.00 -1.00 1 10 0.7443 -0.0268 0.001295
465.00 P 20260805 -1.00 -1.00 4 27 0.7200 -0.0269 0.001343
467.50 P 20260805 -1.00 -1.00 2 37 0.7125 -0.0303 0.001492
470.00 P 20260805 -1.00 -1.00 23 39 0.6940 -0.0319 0.001594
472.50 P 20260805 -1.00 -1.00 5 43 0.6878 -0.0364 0.001787
475.00 P 20260805 -1.00 -1.00 11 27 0.6727 -0.0390 0.001930
477.50 P 20260805 -1.00 -1.00 4 35 0.6724 -0.0451 0.002173
480.00 P 20260805 -1.00 -1.00 4 38 0.6574 -0.0479 0.002339
482.50 P 20260805 -1.00 -1.00 25 153 0.6450 -0.0515 0.002530
485.00 P 20260805 -1.00 -1.00 6 172 0.6350 -0.0557 0.002747
487.50 P 20260805 -1.00 -1.00 33 18 0.6521 -0.0682 0.003139
490.00 P 20260805 -1.00 -1.00 9 164 0.6211 -0.0680 0.003290
492.50 P 20260805 -1.00 -1.00 1 445 0.6147 -0.0770 0.003633
495.00 P 20260805 -1.00 -1.00 2 21 0.6028 -0.0843 0.003958
497.50 P 20260805 -1.00 -1.00 2 49 0.5845 -0.0895 0.004269
500.00 P 20260805 -1.00 -1.00 105 418 0.5838 -0.1013 0.004697
502.50 P 20260805 -1.00 -1.00 13 49 0.5890 -0.1150 0.005143
505.00 P 20260805 -1.00 -1.00 59 268 0.5672 -0.1202 0.005530
507.50 P 20260805 -1.00 -1.00 8 169 0.5599 -0.1333 0.006000
510.00 P 20260805 -1.00 -1.00 29 63 0.5457 -0.1456 0.006496
512.50 P 20260805 -1.00 -1.00 14 119 0.5374 -0.1610 0.007032
515.00 P 20260805 -1.00 -1.00 59 187 0.5236 -0.1747 0.007610
517.50 P 20260805 -1.00 -1.00 65 188 0.5259 -0.1954 0.008173
520.00 P 20260805 -1.00 -1.00 408 57 0.5370 -0.2194 0.008663
522.50 P 20260805 -1.00 -1.00 62 9 0.5175 -0.2366 0.009299
525.00 P 20260805 -1.00 -1.00 136 161 0.5050 -0.2578 0.009921
527.50 P 20260805 -1.00 -1.00 404 165 0.5061 -0.2848 0.010396
530.00 P 20260805 -1.00 -1.00 150 217 0.4903 -0.3066 0.011146
532.50 P 20260805 -1.00 -1.00 181 153 0.5128 -0.3396 0.011257
535.00 P 20260805 -1.00 -1.00 96 85 0.4906 -0.3643 0.011971
537.50 P 20260805 -1.00 -1.00 36 210 0.4900 -0.3953 0.012206
540.00 P 20260805 -1.00 -1.00 17 55 0.4796 -0.4254 0.012690
542.50 P 20260805 -1.00 -1.00 16 2 0.4878 -0.4575 0.012708
545.00 P 20260805 -1.00 -1.00 48 56 0.4915 -0.4889 0.012800
547.50 P 20260805 -1.00 -1.00 5 5 0.4934 -0.5195 0.012608
550.00 P 20260805 -1.00 -1.00 29 64 0.4740 -0.5532 0.012962
552.50 P 20260805 -1.00 -1.00 1 132 0.4750 -0.5850 0.012783
555.00 P 20260805 -1.00 -1.00 1 4 0.4951 -0.6112 0.012143
557.50 P 20260805 -1.00 -1.00 2 3 0.4853 -0.6435 0.012092
560.00 P 20260805 -1.00 -1.00 11 8 0.4793 -0.6728 0.011749
562.50 P 20260805 -1.00 -1.00 4 2 0.4810 -0.6996 0.011260
565.00 P 20260805 -1.00 -1.00 4 35 0.4761 -0.7295 0.010873
567.50 P 20260805 -1.00 -1.00 4 17 0.4852 -0.7523 0.010292
570.00 P 20260805 -1.00 -1.00 29 31 0.4891 -0.7733 0.009713
572.50 P 20260805 -1.00 -1.00 -1 0 0.4800 -0.7983 0.009180
575.00 P 20260805 -1.00 -1.00 2 6 0.4779 -0.8204 0.008585
577.50 P 20260805 -1.00 -1.00 2 1 0.4841 -0.8377 0.007982
580.00 P 20260805 -1.00 -1.00 2 15 0.4887 -0.8556 0.007402
582.50 P 20260805 -1.00 -1.00 1 1 0.4964 -0.8678 0.006869
585.00 P 20260805 -1.00 -1.00 1 113 0.4829 -0.8876 0.006268
587.50 P 20260805 -1.00 -1.00 -1 0 0.4988 -0.8934 0.005836
590.00 P 20260805 -1.00 -1.00 2 2 0.5020 -0.9051 0.005345
592.50 P 20260805 -1.00 -1.00 -1 0 0.5092 -0.9146 0.004908
595.00 P 20260805 -1.00 -1.00 1 1 0.5248 -0.9194 0.004582
597.50 P 20260805 -1.00 -1.00 4 3 0.5315 -0.9285 0.004188
600.00 P 20260805 -1.00 -1.00 2 1 0.5311 -0.9361 0.003837
602.50 P 20260805 -1.00 -1.00 1 2 0.5405 -0.9402 0.003579
605.00 P 20260805 -1.00 -1.00 1 2 0.5462 -0.9453 0.003304
607.50 P 20260805 -1.00 -1.00 1 2 0.5371 -0.9557 0.002891
610.00 P 20260805 -1.00 -1.00 3 3 0.5423 -0.9609 0.002621
612.50 P 20260805 -1.00 -1.00 1 1 0.5472 -0.9661 0.002352
615.00 P 20260805 -1.00 -1.00 2 4 0.5470 -0.9715 0.002099
617.50 P 20260805 -1.00 -1.00 1 1 0.5950 -0.9623 0.002312
620.00 P 20260805 -1.00 -1.00 -1 0 0.5827 -0.9713 0.001963
622.50 P 20260805 -1.00 -1.00 -1 0 0.5741 -0.9763 0.001738
625.00 P 20260805 -1.00 -1.00 1 0 0.5956 -0.9753 0.001716
627.50 P 20260805 -1.00 -1.00 1 0 0.5865 -0.9804 0.001483
630.00 P 20260805 -1.00 -1.00 1 1 0.6004 -0.9808 0.001423
632.50 P 20260805 -1.00 -1.00 -1 0 0.6141 -0.9812 0.001367
635.00 P 20260805 -1.00 -1.00 -1 0 0.6118 -0.9848 0.001192
637.50 P 20260805 -1.00 -1.00 1 0 0.6336 -0.9834 0.001207
640.00 P 20260805 -1.00 -1.00 1 0 0.6472 -0.9837 0.001163
642.50 P 20260805 -1.00 -1.00 -1 0 0.6607 -0.9840 0.001122
645.00 P 20260805 -1.00 -1.00 1 0 0.6742 -0.9843 0.001084
647.50 P 20260805 -1.00 -1.00 1 0 0.6877 -0.9845 0.001047
650.00 P 20260805 -1.00 -1.00 1 0 0.7011 -0.9848 0.001013
652.50 P 20260805 -1.00 -1.00 -1 0 0.7223 -0.9836 0.001031
655.00 P 20260805 -1.00 -1.00 1 0 0.7277 -0.9853 0.000950
657.50 P 20260805 -1.00 -1.00 1 0 0.7409 -0.9855 0.000921
660.00 P 20260805 -1.00 -1.00 -1 0 0.7541 -0.9857 0.000894
662.50 P 20260805 -1.00 -1.00 -1 0 0.7672 -0.9859 0.000868
665.00 P 20260805 -1.00 -1.00 -1 0 0.7803 -0.9861 0.000844
667.50 P 20260805 -1.00 -1.00 -1 0 0.7933 -0.9863 0.000820
670.00 P 20260805 -1.00 -1.00 1 0 0.8062 -0.9865 0.000798
672.50 P 20260805 -1.00 -1.00 -1 0 0.8191 -0.9867 0.000778
675.00 P 20260805 -1.00 -1.00 -1 0 0.8320 -0.9869 0.000758
677.50 P 20260805 -1.00 -1.00 -1 0 0.8448 -0.9870 0.000739
680.00 P 20260805 -1.00 -1.00 1 0 0.8575 -0.9872 0.000721
682.50 P 20260805 -1.00 -1.00 -1 0 0.8861 -0.9850 0.000774
685.00 P 20260805 -1.00 -1.00 -1 0 0.8828 -0.9875 0.000687
687.50 P 20260805 -1.00 -1.00 1 0 0.9266 -0.9831 0.000798
690.00 P 20260805 -1.00 -1.00 1 0 0.9079 -0.9878 0.000656
397.50 C 20260807 -1.00 -1.00 -1 0 0.8794 0.9965 0.000155
400.00 C 20260807 -1.00 -1.00 2 2 0.0009 1.0000 0.000000
402.50 C 20260807 -1.00 -1.00 -1 0 0.8791 0.9947 0.000224
405.00 C 20260807 -1.00 -1.00 1 0 0.8614 0.9946 0.000230
407.50 C 20260807 -1.00 -1.00 -1 0 0.8613 0.9937 0.000265
410.00 C 20260807 -1.00 -1.00 -1 0 0.8611 0.9928 0.000301
412.50 C 20260807 -1.00 -1.00 -1 0 0.8610 0.9918 0.000337
415.00 C 20260807 -1.00 -1.00 1 1 0.7076 0.9977 0.000127
417.50 C 20260807 -1.00 -1.00 -1 0 0.8435 0.9908 0.000385
420.00 C 20260807 -1.00 -1.00 4 4 0.7201 0.9966 0.000184
422.50 C 20260807 -1.00 -1.00 -1 0 0.8332 0.9888 0.000461
425.00 C 20260807 -1.00 -1.00 1 7 0.8222 0.9879 0.000501
427.50 C 20260807 -1.00 -1.00 -1 0 0.8113 0.9868 0.000543
430.00 C 20260807 -1.00 -1.00 5 5 0.8078 0.9850 0.000610
432.50 C 20260807 -1.00 -1.00 -1 0 0.7897 0.9847 0.000633
435.00 C 20260807 -1.00 -1.00 1 1 0.7790 0.9836 0.000681
437.50 C 20260807 -1.00 -1.00 -1 0 0.7249 0.9878 0.000569
440.00 C 20260807 -1.00 -1.00 1 2 0.7650 0.9805 0.000808
442.50 C 20260807 -1.00 -1.00 -1 0 0.7761 0.9769 0.000927
445.00 C 20260807 -1.00 -1.00 -1 0 0.7512 0.9772 0.000944
447.50 C 20260807 -1.00 -1.00 2 2 0.7408 0.9759 0.001004
450.00 C 20260807 -1.00 -1.00 4 3 0.7483 0.9723 0.001126
452.50 C 20260807 -1.00 -1.00 -1 0 0.6917 0.9767 0.001045
455.00 C 20260807 -1.00 -1.00 -1 0 0.6886 0.9744 0.001141
457.50 C 20260807 -1.00 -1.00 -1 0 0.6830 0.9722 0.001238
460.00 C 20260807 -1.00 -1.00 2 2 0.6744 0.9690 0.001362
462.50 C 20260807 -1.00 -1.00 -1 0 0.6658 0.9657 0.001492
465.00 C 20260807 -1.00 -1.00 2 0 0.6679 0.9599 0.001687
467.50 C 20260807 -1.00 -1.00 7 7 0.6594 0.9565 0.001827
470.00 C 20260807 -1.00 -1.00 8 9 0.6544 0.9522 0.001991
472.50 C 20260807 -1.00 -1.00 6 6 0.6461 0.9486 0.002144
475.00 C 20260807 -1.00 -1.00 1 9 0.6481 0.9427 0.002346
477.50 C 20260807 -1.00 -1.00 21 20 0.6447 0.9375 0.002535
480.00 C 20260807 -1.00 -1.00 27 15 0.6352 0.9315 0.002744
482.50 C 20260807 -1.00 -1.00 -1 0 0.6158 0.9288 0.002908
485.00 C 20260807 -1.00 -1.00 21 11 0.6203 0.9175 0.003215
487.50 C 20260807 -1.00 -1.00 8 8 0.6109 0.9109 0.003457
490.00 C 20260807 -1.00 -1.00 2 24 0.5957 0.9061 0.003689
492.50 C 20260807 -1.00 -1.00 2 1 0.6081 0.8921 0.004028
495.00 C 20260807 -1.00 -1.00 1 25 0.6145 0.8803 0.004330
497.50 C 20260807 -1.00 -1.00 6 3 0.6144 0.8670 0.004632
500.00 C 20260807 -1.00 -1.00 19 28 0.5948 0.8604 0.004929
502.50 C 20260807 -1.00 -1.00 8 5 0.5960 0.8449 0.005255
505.00 C 20260807 -1.00 -1.00 4 332 0.5830 0.8349 0.005596
507.50 C 20260807 -1.00 -1.00 8 39 0.5637 0.8269 0.005972
510.00 C 20260807 -1.00 -1.00 39 105 0.5765 0.8066 0.006296
512.50 C 20260807 -1.00 -1.00 10 23 0.5778 0.7908 0.006637
515.00 C 20260807 -1.00 -1.00 34 64 0.5736 0.7741 0.006967
517.50 C 20260807 -1.00 -1.00 18 10 0.5683 0.7560 0.007288
520.00 C 20260807 -1.00 -1.00 18 45 0.5505 0.7418 0.007732
522.50 C 20260807 -1.00 -1.00 2 27 0.5540 0.7198 0.008001
525.00 C 20260807 -1.00 -1.00 19 680 0.5489 0.7005 0.008358
527.50 C 20260807 -1.00 -1.00 2 41 0.5389 0.6820 0.008786
530.00 C 20260807 -1.00 -1.00 214 387 0.5475 0.6586 0.008964
532.50 C 20260807 -1.00 -1.00 4 342 0.5391 0.6365 0.009230
535.00 C 20260807 -1.00 -1.00 69 237 0.5341 0.6132 0.009451
537.50 C 20260807 -1.00 -1.00 316 331 0.5275 0.5897 0.009707
540.00 C 20260807 -1.00 -1.00 330 1409 0.5234 0.5654 0.009925
542.50 C 20260807 -1.00 -1.00 516 722 0.5235 0.5406 0.010069
545.00 C 20260807 -1.00 -1.00 367 52 0.5241 0.5158 0.010181
547.50 C 20260807 -1.00 -1.00 21 112 0.5164 0.4908 0.010242
550.00 C 20260807 -1.00 -1.00 1225 1118 0.5120 0.4654 0.010237
552.50 C 20260807 -1.00 -1.00 9 454 0.5077 0.4395 0.010229
555.00 C 20260807 -1.00 -1.00 411 728 0.5066 0.4140 0.010156
557.50 C 20260807 -1.00 -1.00 8 33 0.4999 0.3867 0.010190
560.00 C 20260807 -1.00 -1.00 358 917 0.5072 0.3647 0.009886
562.50 C 20260807 -1.00 -1.00 28 347 0.5001 0.3403 0.009696
565.00 C 20260807 -1.00 -1.00 166 631 0.4986 0.3175 0.009413
567.50 C 20260807 -1.00 -1.00 206 479 0.4971 0.2945 0.009127
570.00 C 20260807 -1.00 -1.00 1481 580 0.4937 0.2704 0.008857
572.50 C 20260807 -1.00 -1.00 1028 114 0.4977 0.2500 0.008506
575.00 C 20260807 -1.00 -1.00 436 2714 0.4952 0.2302 0.008151
577.50 C 20260807 -1.00 -1.00 369 590 0.4910 0.2111 0.007765
580.00 C 20260807 -1.00 -1.00 681 428 0.4879 0.1923 0.007360
582.50 C 20260807 -1.00 -1.00 29 113 0.4908 0.1766 0.006941
585.00 C 20260807 -1.00 -1.00 223 731 0.4892 0.1584 0.006527
587.50 C 20260807 -1.00 -1.00 60 67 0.4934 0.1439 0.006124
590.00 C 20260807 -1.00 -1.00 137 631 0.4888 0.1299 0.005723
592.50 C 20260807 -1.00 -1.00 154 221 0.4878 0.1180 0.005328
595.00 C 20260807 -1.00 -1.00 42 610 0.4864 0.1058 0.004926
597.50 C 20260807 -1.00 -1.00 9 125 0.4881 0.0953 0.004548
600.00 C 20260807 -1.00 -1.00 577 1236 0.4975 0.0889 0.004249
602.50 C 20260807 -1.00 -1.00 10 119 0.4988 0.0785 0.003888
605.00 C 20260807 -1.00 -1.00 8 837 0.4960 0.0692 0.003550
607.50 C 20260807 -1.00 -1.00 3 95 0.5028 0.0651 0.003326
610.00 C 20260807 -1.00 -1.00 206 1136 0.5018 0.0584 0.003044
612.50 C 20260807 -1.00 -1.00 1 141 0.5032 0.0526 0.002784
615.00 C 20260807 -1.00 -1.00 49 883 0.5076 0.0479 0.002560
617.50 C 20260807 -1.00 -1.00 4 135 0.5125 0.0435 0.002351
620.00 C 20260807 -1.00 -1.00 153 271 0.5133 0.0376 0.002098
622.50 C 20260807 -1.00 -1.00 22 83 0.5235 0.0354 0.001968
625.00 C 20260807 -1.00 -1.00 24 223 0.5154 0.0300 0.001736
627.50 C 20260807 -1.00 -1.00 2 46 0.5248 0.0289 0.001650
630.00 C 20260807 -1.00 -1.00 32 362 0.5213 0.0252 0.001470
632.50 C 20260807 -1.00 -1.00 2 91 0.5330 0.0247 0.001413
635.00 C 20260807 -1.00 -1.00 1 113 0.5202 0.0189 0.001151
637.50 C 20260807 -1.00 -1.00 25 124 0.5457 0.0216 0.001229
640.00 C 20260807 -1.00 -1.00 43 130 0.5399 0.0174 0.001037
642.50 C 20260807 -1.00 -1.00 4 43 0.5544 0.0178 0.001031
645.00 C 20260807 -1.00 -1.00 28 92 0.5509 0.0142 0.000864
647.50 C 20260807 -1.00 -1.00 63 45 0.5404 0.0116 0.000733
650.00 C 20260807 -1.00 -1.00 120 171 0.5423 0.0106 0.000670
652.50 C 20260807 -1.00 -1.00 4 6 0.5863 0.0138 0.000792
655.00 C 20260807 -1.00 -1.00 6 50 0.5809 0.0121 0.000708
657.50 C 20260807 -1.00 -1.00 10 1 0.5854 0.0114 0.000665
660.00 C 20260807 -1.00 -1.00 6 1180 0.6269 0.0146 0.000774
662.50 C 20260807 -1.00 -1.00 -1 0 0.6289 0.0132 0.000711
665.00 C 20260807 -1.00 -1.00 53 60 0.6226 0.0116 0.000637
667.50 C 20260807 -1.00 -1.00 2 2 0.6535 0.0133 0.000688
670.00 C 20260807 -1.00 -1.00 7 238 0.5838 0.0056 0.000354
672.50 C 20260807 -1.00 -1.00 5 2 0.6199 0.0082 0.000466
675.00 C 20260807 -1.00 -1.00 339 540 0.6084 0.0060 0.000360
677.50 C 20260807 -1.00 -1.00 385 3 0.6128 0.0053 0.000326
680.00 C 20260807 -1.00 -1.00 481 146 0.6250 0.0055 0.000329
685.00 C 20260807 -1.00 -1.00 81 33 0.6272 0.0043 0.000265
690.00 C 20260807 -1.00 -1.00 83 191 0.6604 0.0050 0.000287
397.50 P 20260807 -1.00 -1.00 27 8 1.0106 -0.0094 0.000328
400.00 P 20260807 -1.00 -1.00 20792 11190 0.9901 -0.0094 0.000336
402.50 P 20260807 -1.00 -1.00 9 116 0.9896 -0.0105 0.000371
405.00 P 20260807 -1.00 -1.00 109 593 0.9754 -0.0112 0.000394
407.50 P 20260807 -1.00 -1.00 1 7 0.9433 -0.0100 0.000375
410.00 P 20260807 -1.00 -1.00 122 3412 0.9473 -0.0124 0.000443
412.50 P 20260807 -1.00 -1.00 31 3 0.9274 -0.0125 0.000455
415.00 P 20260807 -1.00 -1.00 80 1121 0.9165 -0.0135 0.000490
417.50 P 20260807 -1.00 -1.00 1 2 0.9176 -0.0156 0.000555
420.00 P 20260807 -1.00 -1.00 254 461 0.8906 -0.0150 0.000554
422.50 P 20260807 -1.00 -1.00 2 5 0.8741 -0.0155 0.000578
425.00 P 20260807 -1.00 -1.00 5187 97 0.8708 -0.0173 0.000638
427.50 P 20260807 -1.00 -1.00 7 7 0.8618 -0.0185 0.000685
430.00 P 20260807 -1.00 -1.00 234 654 0.8440 -0.0189 0.000712
432.50 P 20260807 -1.00 -1.00 1 87 0.8526 -0.0219 0.000805
435.00 P 20260807 -1.00 -1.00 19 195 0.8263 -0.0215 0.000815
437.50 P 20260807 -1.00 -1.00 7 5 0.8290 -0.0240 0.000897
440.00 P 20260807 -1.00 -1.00 388 195 0.8087 -0.0242 0.000927
442.50 P 20260807 -1.00 -1.00 11 24 0.8015 -0.0257 0.000989
445.00 P 20260807 -1.00 -1.00 15 233 0.7979 -0.0286 0.001083
447.50 P 20260807 -1.00 -1.00 27 528 0.7827 -0.0301 0.001148
450.00 P 20260807 -1.00 -1.00 872 1607 0.7669 -0.0315 0.001214
452.50 P 20260807 -1.00 -1.00 9 108 0.7532 -0.0334 0.001294
455.00 P 20260807 -1.00 -1.00 138 1031 0.7404 -0.0355 0.001382
457.50 P 20260807 -1.00 -1.00 1 25 0.7304 -0.0383 0.001489
460.00 P 20260807 -1.00 -1.00 120 1852 0.7234 -0.0418 0.001613
462.50 P 20260807 -1.00 -1.00 21 56 0.7170 -0.0455 0.001745
465.00 P 20260807 -1.00 -1.00 168 372 0.6988 -0.0467 0.001832
467.50 P 20260807 -1.00 -1.00 12 55 0.6919 -0.0504 0.001972
470.00 P 20260807 -1.00 -1.00 109 1063 0.6927 -0.0557 0.002146
472.50 P 20260807 -1.00 -1.00 56 105 0.6886 -0.0601 0.002304
475.00 P 20260807 -1.00 -1.00 103 597 0.6752 -0.0637 0.002455
477.50 P 20260807 -1.00 -1.00 19 14 0.6645 -0.0692 0.002641
480.00 P 20260807 -1.00 -1.00 451 1194 0.6555 -0.0753 0.002846
482.50 P 20260807 -1.00 -1.00 8 32 0.6433 -0.0805 0.003047
485.00 P 20260807 -1.00 -1.00 252 368 0.6392 -0.0886 0.003292
487.50 P 20260807 -1.00 -1.00 77 65 0.6343 -0.0965 0.003542
490.00 P 20260807 -1.00 -1.00 306 702 0.6242 -0.1029 0.003784
492.50 P 20260807 -1.00 -1.00 249 97 0.6249 -0.1128 0.004063
495.00 P 20260807 -1.00 -1.00 129 259 0.6204 -0.1212 0.004335
497.50 P 20260807 -1.00 -1.00 77 81 0.6113 -0.1315 0.004625
500.00 P 20260807 -1.00 -1.00 1369 2854 0.6003 -0.1416 0.004930
502.50 P 20260807 -1.00 -1.00 31 207 0.5913 -0.1529 0.005253
505.00 P 20260807 -1.00 -1.00 202 411 0.5836 -0.1650 0.005592
507.50 P 20260807 -1.00 -1.00 5 130 0.5798 -0.1789 0.005939
510.00 P 20260807 -1.00 -1.00 252 2201 0.5786 -0.1938 0.006286
512.50 P 20260807 -1.00 -1.00 301 456 0.5774 -0.2088 0.006637
515.00 P 20260807 -1.00 -1.00 343 978 0.5735 -0.2256 0.006970
517.50 P 20260807 -1.00 -1.00 405 71 0.5644 -0.2423 0.007322
520.00 P 20260807 -1.00 -1.00 585 1299 0.5592 -0.2609 0.007657
522.50 P 20260807 -1.00 -1.00 5 54 0.5522 -0.2793 0.008022
525.00 P 20260807 -1.00 -1.00 281 688 0.5481 -0.2990 0.008370
527.50 P 20260807 -1.00 -1.00 360 53 0.5449 -0.3192 0.008717
530.00 P 20260807 -1.00 -1.00 488 9220 0.5487 -0.3415 0.008958
532.50 P 20260807 -1.00 -1.00 12 19 0.5412 -0.3637 0.009210
535.00 P 20260807 -1.00 -1.00 1243 12353 0.5338 -0.3866 0.009471
537.50 P 20260807 -1.00 -1.00 31 72 0.5297 -0.4104 0.009683
540.00 P 20260807 -1.00 -1.00 509 567 0.5231 -0.4345 0.009947
542.50 P 20260807 -1.00 -1.00 29 320 0.5266 -0.4594 0.010030
545.00 P 20260807 -1.00 -1.00 1154 171 0.5256 -0.4842 0.010177
547.50 P 20260807 -1.00 -1.00 52 88 0.5204 -0.5091 0.010191
550.00 P 20260807 -1.00 -1.00 322 4103 0.5144 -0.5345 0.010220
552.50 P 20260807 -1.00 -1.00 8 166 0.5118 -0.5600 0.010182
555.00 P 20260807 -1.00 -1.00 59 197 0.5115 -0.5852 0.010097
557.50 P 20260807 -1.00 -1.00 5 56 0.5162 -0.6091 0.009923
560.00 P 20260807 -1.00 -1.00 143 446 0.5146 -0.6339 0.009812
562.50 P 20260807 -1.00 -1.00 4 37 0.5140 -0.6557 0.009537
565.00 P 20260807 -1.00 -1.00 1 120 0.5079 -0.6798 0.009335
567.50 P 20260807 -1.00 -1.00 23 47 0.5035 -0.7036 0.009098
570.00 P 20260807 -1.00 -1.00 20 2148 0.5066 -0.7244 0.008768
572.50 P 20260807 -1.00 -1.00 1 35 0.5132 -0.7431 0.008410
575.00 P 20260807 -1.00 -1.00 19 158 0.5105 -0.7646 0.008112
577.50 P 20260807 -1.00 -1.00 9 59 0.5074 -0.7826 0.007750
580.00 P 20260807 -1.00 -1.00 8 550 0.5090 -0.7985 0.007362
582.50 P 20260807 -1.00 -1.00 1 44 0.5082 -0.8156 0.006985
585.00 P 20260807 -1.00 -1.00 1 58 0.5037 -0.8349 0.006606
587.50 P 20260807 -1.00 -1.00 2 76 0.5051 -0.8510 0.006219
590.00 P 20260807 -1.00 -1.00 2 38 0.5076 -0.8642 0.005845
592.50 P 20260807 -1.00 -1.00 14 34 0.4925 -0.8823 0.005427
595.00 P 20260807 -1.00 -1.00 2 16 0.5023 -0.8889 0.005102
597.50 P 20260807 -1.00 -1.00 2 30 0.5048 -0.8989 0.004753
600.00 P 20260807 -1.00 -1.00 7 67 0.5162 -0.9042 0.004478
602.50 P 20260807 -1.00 -1.00 2 18 0.5167 -0.9149 0.004137
605.00 P 20260807 -1.00 -1.00 11 55 0.5055 -0.9309 0.003692
607.50 P 20260807 -1.00 -1.00 2 13 0.5407 -0.9237 0.003681
610.00 P 20260807 -1.00 -1.00 2 50 0.5457 -0.9302 0.003432
612.50 P 20260807 -1.00 -1.00 2 8 0.5443 -0.9366 0.003194
615.00 P 20260807 -1.00 -1.00 2 136 0.5397 -0.9441 0.002934
617.50 P 20260807 -1.00 -1.00 1 18 0.5597 -0.9433 0.002854
620.00 P 20260807 -1.00 -1.00 1 85 0.5673 -0.9465 0.002695
622.50 P 20260807 -1.00 -1.00 26 15 0.5748 -0.9496 0.002543
625.00 P 20260807 -1.00 -1.00 30 26 0.5823 -0.9527 0.002398
627.50 P 20260807 -1.00 -1.00 1 13 0.5896 -0.9557 0.002259
630.00 P 20260807 -1.00 -1.00 5 19 0.5808 -0.9644 0.001979
632.50 P 20260807 -1.00 -1.00 4 4 0.5797 -0.9700 0.001784
635.00 P 20260807 -1.00 -1.00 2 11 0.5913 -0.9705 0.001721
637.50 P 20260807 -1.00 -1.00 4 0 0.5966 -0.9722 0.001632
640.00 P 20260807 -1.00 -1.00 1 5 0.6019 -0.9739 0.001545
642.50 P 20260807 -1.00 -1.00 2 1 0.6134 -0.9744 0.001494
645.00 P 20260807 -1.00 -1.00 4 3 0.6605 -0.9680 0.001607
647.50 P 20260807 -1.00 -1.00 2 0 0.6169 -0.9789 0.001292
650.00 P 20260807 -1.00 -1.00 2 0 0.6414 -0.9767 0.001326
652.50 P 20260807 -1.00 -1.00 -1 0 0.6462 -0.9783 0.001250
655.00 P 20260807 -1.00 -1.00 124 0 0.6575 -0.9786 0.001213
657.50 P 20260807 -1.00 -1.00 -1 0 0.6622 -0.9802 0.001141
660.00 P 20260807 -1.00 -1.00 1 0 0.6734 -0.9805 0.001108
662.50 P 20260807 -1.00 -1.00 -1 0 0.6846 -0.9807 0.001077
665.00 P 20260807 -1.00 -1.00 2 0 0.6957 -0.9810 0.001048
667.50 P 20260807 -1.00 -1.00 -1 0 0.7262 -0.9779 0.001112
670.00 P 20260807 -1.00 -1.00 1 0 0.6593 -0.9915 0.000697
672.50 P 20260807 -1.00 -1.00 2 0 0.7288 -0.9817 0.000967
675.00 P 20260807 -1.00 -1.00 2 0 0.7398 -0.9820 0.000942
677.50 P 20260807 -1.00 -1.00 -1 0 0.7507 -0.9822 0.000919
680.00 P 20260807 -1.00 -1.00 1 0 0.7616 -0.9824 0.000896
685.00 P 20260807 -1.00 -1.00 2 0 0.7962 -0.9807 0.000910
690.00 P 20260807 -1.00 -1.00 -1 0 0.8047 -0.9832 0.000816
397.50 C 20260810 -1.00 -1.00 -1 0 0.0011 0.9999 -0.000000
400.00 C 20260810 -1.00 -1.00 -1 0 0.0011 0.9999 -0.000000
402.50 C 20260810 -1.00 -1.00 -1 0 0.7743 0.9927 0.000284
405.00 C 20260810 -1.00 -1.00 -1 0 0.0011 0.9999 0.000000
407.50 C 20260810 -1.00 -1.00 -1 0 0.0011 0.9999 0.000000
410.00 C 20260810 -1.00 -1.00 -1 0 0.6356 0.9974 0.000137
412.50 C 20260810 -1.00 -1.00 -1 0 0.0011 0.9999 0.000000
415.00 C 20260810 -1.00 -1.00 1 1 0.6540 0.9953 0.000224
417.50 C 20260810 -1.00 -1.00 -1 0 0.6685 0.9933 0.000302
420.00 C 20260810 -1.00 -1.00 1 1 0.6828 0.9914 0.000373
422.50 C 20260810 -1.00 -1.00 -1 0 0.6825 0.9905 0.000412
425.00 C 20260810 -1.00 -1.00 -1 0 0.6798 0.9895 0.000452
427.50 C 20260810 -1.00 -1.00 -1 0 0.5806 0.9954 0.000248
430.00 C 20260810 -1.00 -1.00 -1 0 0.6551 0.9884 0.000509
432.50 C 20260810 -1.00 -1.00 -1 0 0.6460 0.9873 0.000554
435.00 C 20260810 -1.00 -1.00 -1 0 0.6430 0.9854 0.000628
437.50 C 20260810 -1.00 -1.00 -1 0 0.6279 0.9851 0.000652
440.00 C 20260810 -1.00 -1.00 -1 0 0.6372 0.9814 0.000780
442.50 C 20260810 -1.00 -1.00 -1 0 0.6343 0.9794 0.000858
445.00 C 20260810 -1.00 -1.00 -1 0 0.6011 0.9817 0.000817
447.50 C 20260810 -1.00 -1.00 -1 0 0.6347 0.9745 0.001037
450.00 C 20260810 -1.00 -1.00 2 1 0.6381 0.9702 0.001171
452.50 C 20260810 -1.00 -1.00 -1 0 0.6246 0.9688 0.001239
455.00 C 20260810 -1.00 -1.00 -1 0 0.6141 0.9667 0.001329
457.50 C 20260810 -1.00 -1.00 -1 0 0.6187 0.9607 0.001506
460.00 C 20260810 -1.00 -1.00 -1 0 0.6143 0.9569 0.001637
462.50 C 20260810 -1.00 -1.00 -1 0 0.6099 0.9530 0.001770
465.00 C 20260810 -1.00 -1.00 -1 0 0.6056 0.9491 0.001907
467.50 C 20260810 -1.00 -1.00 -1 0 0.5983 0.9458 0.002036
470.00 C 20260810 -1.00 -1.00 -1 0 0.5999 0.9405 0.002203
472.50 C 20260810 -1.00 -1.00 198 99 0.5887 0.9371 0.002342
475.00 C 20260810 -1.00 -1.00 2 1 0.5822 0.9309 0.002529
477.50 C 20260810 -1.00 -1.00 -1 0 0.5724 0.9258 0.002706
480.00 C 20260810 -1.00 -1.00 -1 0 0.5374 0.9306 0.002748
482.50 C 20260810 -1.00 -1.00 -1 0 0.5647 0.9108 0.003145
485.00 C 20260810 -1.00 -1.00 -1 0 0.5450 0.9090 0.003311
487.50 C 20260810 -1.00 -1.00 2 1 0.5521 0.8972 0.003591
490.00 C 20260810 -1.00 -1.00 124 62 0.5308 0.8954 0.003786
492.50 C 20260810 -1.00 -1.00 -1 0 0.5495 0.8797 0.004090
495.00 C 20260810 -1.00 -1.00 4 2 0.5291 0.8760 0.004329
497.50 C 20260810 -1.00 -1.00 3 1 0.5356 0.8589 0.004627
500.00 C 20260810 -1.00 -1.00 3 2 0.5147 0.8543 0.004912
502.50 C 20260810 -1.00 -1.00 -1 0 0.5092 0.8423 0.005224
505.00 C 20260810 -1.00 -1.00 201 101 0.5234 0.8218 0.005513
507.50 C 20260810 -1.00 -1.00 201 100 0.5038 0.8152 0.005870
510.00 C 20260810 -1.00 -1.00 -1 0 0.5060 0.7995 0.006183
512.50 C 20260810 -1.00 -1.00 -1 0 0.5040 0.7852 0.006508
515.00 C 20260810 -1.00 -1.00 92 46 0.4963 0.7693 0.006827
517.50 C 20260810 -1.00 -1.00 -1 0 0.4984 0.7490 0.007074
520.00 C 20260810 -1.00 -1.00 2 1 0.4810 0.7362 0.007513
522.50 C 20260810 -1.00 -1.00 1 1 0.4807 0.7162 0.007799
525.00 C 20260810 -1.00 -1.00 26 6 0.4772 0.6973 0.008125
527.50 C 20260810 -1.00 -1.00 2 5 0.4786 0.6767 0.008393
530.00 C 20260810 -1.00 -1.00 3 19 0.4751 0.6566 0.008683
532.50 C 20260810 -1.00 -1.00 2 1 0.4688 0.6350 0.008921
535.00 C 20260810 -1.00 -1.00 493 3 0.4605 0.6132 0.009208
537.50 C 20260810 -1.00 -1.00 1 14 0.4613 0.5895 0.009328
540.00 C 20260810 -1.00 -1.00 3 8 0.4614 0.5659 0.009461
542.50 C 20260810 -1.00 -1.00 2 12 0.4663 0.5421 0.009494
545.00 C 20260810 -1.00 -1.00 2 4 0.4769 0.5191 0.009400
547.50 C 20260810 -1.00 -1.00 2 54 0.4572 0.4950 0.009726
550.00 C 20260810 -1.00 -1.00 13 93 0.4598 0.4717 0.009595
552.50 C 20260810 -1.00 -1.00 2 163 0.4438 0.4453 0.009852
555.00 C 20260810 -1.00 -1.00 22 128 0.4484 0.4221 0.009671
557.50 C 20260810 -1.00 -1.00 20 47 0.4606 0.4015 0.009349
560.00 C 20260810 -1.00 -1.00 6 40 0.4638 0.3792 0.009211
562.50 C 20260810 -1.00 -1.00 1 6 0.4591 0.3568 0.009072
565.00 C 20260810 -1.00 -1.00 2 76 0.4547 0.3347 0.008885
567.50 C 20260810 -1.00 -1.00 7 2 0.4511 0.3126 0.008678
570.00 C 20260810 -1.00 -1.00 2 30 0.4483 0.2904 0.008453
572.50 C 20260810 -1.00 -1.00 25 101 0.4524 0.2718 0.008143
575.00 C 20260810 -1.00 -1.00 4 5 0.4496 0.2495 0.007912
577.50 C 20260810 -1.00 -1.00 12 27 0.4496 0.2325 0.007587
580.00 C 20260810 -1.00 -1.00 334 26 0.4560 0.2200 0.007212
582.50 C 20260810 -1.00 -1.00 2 3 0.4504 0.2014 0.006896
585.00 C 20260810 -1.00 -1.00 5 3 0.4568 0.1894 0.006543
587.50 C 20260810 -1.00 -1.00 21 19 0.4457 0.1669 0.006210
590.00 C 20260810 -1.00 -1.00 4 25 0.4497 0.1537 0.005866
592.50 C 20260810 -1.00 -1.00 8 4 0.4660 0.1491 0.005565
595.00 C 20260810 -1.00 -1.00 6 2 0.4539 0.1314 0.005222
597.50 C 20260810 -1.00 -1.00 -1 0 0.4544 0.1214 0.004907
600.00 C 20260810 -1.00 -1.00 8 16 0.4541 0.1109 0.004589
602.50 C 20260810 -1.00 -1.00 -1 0 0.4657 0.1070 0.004356
605.00 C 20260810 -1.00 -1.00 1 5 0.4575 0.0923 0.003986
607.50 C 20260810 -1.00 -1.00 5 4 0.4673 0.0878 0.003769
610.00 C 20260810 -1.00 -1.00 2 10 0.4453 0.0686 0.003295
612.50 C 20260810 -1.00 -1.00 2 0 0.4949 0.0840 0.003452
615.00 C 20260810 -1.00 -1.00 2 0 0.4904 0.0733 0.003165
617.50 C 20260810 -1.00 -1.00 -1 0 0.5176 0.0781 0.003143
620.00 C 20260810 -1.00 -1.00 8 7 0.4975 0.0650 0.002817
622.50 C 20260810 -1.00 -1.00 62 0 0.5105 0.0642 0.002719
625.00 C 20260810 -1.00 -1.00 1 13 0.5214 0.0628 0.002613
627.50 C 20260810 -1.00 -1.00 -1 0 0.5120 0.0544 0.002363
630.00 C 20260810 -1.00 -1.00 3 12 0.4812 0.0368 0.001855
632.50 C 20260810 -1.00 -1.00 2 1 0.5273 0.0498 0.002136
635.00 C 20260810 -1.00 -1.00 3 2 0.5332 0.0469 0.002017
637.50 C 20260810 -1.00 -1.00 2 3 0.5400 0.0445 0.001911
640.00 C 20260810 -1.00 -1.00 3 1 0.5031 0.0296 0.001476
642.50 C 20260810 -1.00 -1.00 2 1 0.5108 0.0287 0.001414
645.00 C 20260810 -1.00 -1.00 2 2 0.5223 0.0287 0.001380
647.50 C 20260810 -1.00 -1.00 2 0 0.5464 0.0312 0.001421
650.00 C 20260810 -1.00 -1.00 4 0 0.5163 0.0223 0.001121
652.50 C 20260810 -1.00 -1.00 2 1 0.5181 0.0202 0.001027
655.00 C 20260810 -1.00 -1.00 -1 0 0.6007 0.0346 0.001418
657.50 C 20260810 -1.00 -1.00 2 0 0.6081 0.0338 0.001371
660.00 C 20260810 -1.00 -1.00 -1 0 0.6164 0.0332 0.001330
662.50 C 20260810 -1.00 -1.00 -1 0 0.6209 0.0319 0.001274
665.00 C 20260810 -1.00 -1.00 -1 0 0.6292 0.0313 0.001237
667.50 C 20260810 -1.00 -1.00 -1 0 0.6374 0.0307 0.001201
670.00 C 20260810 -1.00 -1.00 -1 0 0.6437 0.0298 0.001158
672.50 C 20260810 -1.00 -1.00 2 0 0.6443 0.0279 0.001093
675.00 C 20260810 -1.00 -1.00 -1 0 0.6591 0.0286 0.001090
680.00 C 20260810 -1.00 -1.00 -1 0 0.6753 0.0276 0.001031
685.00 C 20260810 -1.00 -1.00 -1 0 0.6933 0.0270 0.000984
690.00 C 20260810 -1.00 -1.00 -1 0 0.7102 0.0262 0.000937
397.50 P 20260810 -1.00 -1.00 -1 0 0.8531 -0.0095 0.000331
400.00 P 20260810 -1.00 -1.00 -1 0 0.8478 -0.0104 0.000359
402.50 P 20260810 -1.00 -1.00 -1 0 0.9577 -0.0225 0.000617
405.00 P 20260810 -1.00 -1.00 -1 0 0.8378 -0.0131 0.000440
407.50 P 20260810 -1.00 -1.00 -1 0 0.9307 -0.0236 0.000665
410.00 P 20260810 -1.00 -1.00 -1 0 0.9123 -0.0238 0.000683
412.50 P 20260810 -1.00 -1.00 -1 0 0.9053 -0.0250 0.000719
415.00 P 20260810 -1.00 -1.00 11 6 0.8083 -0.0176 0.000589
417.50 P 20260810 -1.00 -1.00 -1 0 0.8766 -0.0265 0.000780
420.00 P 20260810 -1.00 -1.00 2 1 0.8373 -0.0244 0.000759
422.50 P 20260810 -1.00 -1.00 2 1 0.8502 -0.0291 0.000862
425.00 P 20260810 -1.00 -1.00 4 2 0.8304 -0.0292 0.000885
427.50 P 20260810 -1.00 -1.00 -1 0 0.8144 -0.0299 0.000921
430.00 P 20260810 -1.00 -1.00 20 21 0.7408 -0.0224 0.000796
432.50 P 20260810 -1.00 -1.00 1 1 0.7796 -0.0310 0.000988
435.00 P 20260810 -1.00 -1.00 -1 0 0.7724 -0.0335 0.001062
437.50 P 20260810 -1.00 -1.00 -1 0 0.7586 -0.0348 0.001114
440.00 P 20260810 -1.00 -1.00 3 3 0.7454 -0.0362 0.001171
442.50 P 20260810 -1.00 -1.00 2 1 0.7318 -0.0376 0.001230
445.00 P 20260810 -1.00 -1.00 1 1 0.7278 -0.0410 0.001327
447.50 P 20260810 -1.00 -1.00 24 21 0.7354 -0.0466 0.001462
450.00 P 20260810 -1.00 -1.00 1 29 0.6329 -0.0285 0.001143
452.50 P 20260810 -1.00 -1.00 9 22 0.6689 -0.0416 0.001462
455.00 P 20260810 -1.00 -1.00 18 6 0.6700 -0.0464 0.001597
457.50 P 20260810 -1.00 -1.00 8 5 0.6628 -0.0494 0.001702
460.00 P 20260810 -1.00 -1.00 41 23 0.6710 -0.0556 0.001861
462.50 P 20260810 -1.00 -1.00 21 0 0.6762 -0.0620 0.002017
465.00 P 20260810 -1.00 -1.00 4 4 0.6401 -0.0585 0.002037
467.50 P 20260810 -1.00 -1.00 2 1 0.6218 -0.0594 0.002125
470.00 P 20260810 -1.00 -1.00 8 52 0.6269 -0.0687 0.002340
472.50 P 20260810 -1.00 -1.00 5 3 0.6045 -0.0690 0.002434
475.00 P 20260810 -1.00 -1.00 20 18 0.6053 -0.0777 0.002648
477.50 P 20260810 -1.00 -1.00 2 1 0.5733 -0.0746 0.002716
480.00 P 20260810 -1.00 -1.00 1 5 0.5836 -0.0871 0.002993
482.50 P 20260810 -1.00 -1.00 133 131 0.5582 -0.0869 0.003122
485.00 P 20260810 -1.00 -1.00 3 5 0.5775 -0.1026 0.003429
487.50 P 20260810 -1.00 -1.00 5 22 0.5643 -0.1071 0.003630
490.00 P 20260810 -1.00 -1.00 132 405 0.5661 -0.1166 0.003875
492.50 P 20260810 -1.00 -1.00 2 261 0.5546 -0.1226 0.004107
495.00 P 20260810 -1.00 -1.00 7 27 0.5547 -0.1362 0.004375
497.50 P 20260810 -1.00 -1.00 2 586 0.5404 -0.1435 0.004639
500.00 P 20260810 -1.00 -1.00 24 198 0.5383 -0.1564 0.004921
502.50 P 20260810 -1.00 -1.00 12 287 0.5339 -0.1686 0.005211
505.00 P 20260810 -1.00 -1.00 12 10 0.5209 -0.1774 0.005528
507.50 P 20260810 -1.00 -1.00 6 101 0.5242 -0.1930 0.005820
510.00 P 20260810 -1.00 -1.00 14 292 0.5156 -0.2043 0.006156
512.50 P 20260810 -1.00 -1.00 18 153 0.5186 -0.2218 0.006424
515.00 P 20260810 -1.00 -1.00 268 10 0.5019 -0.2335 0.006799
517.50 P 20260810 -1.00 -1.00 127 6 0.5099 -0.2558 0.006989
520.00 P 20260810 -1.00 -1.00 29 7 0.4933 -0.2689 0.007406
522.50 P 20260810 -1.00 -1.00 20 5 0.5029 -0.2915 0.007571
525.00 P 20260810 -1.00 -1.00 56 6 0.4994 -0.3097 0.007874
527.50 P 20260810 -1.00 -1.00 46 15 0.4927 -0.3275 0.008227
530.00 P 20260810 -1.00 -1.00 42 6 0.4773 -0.3448 0.008671
532.50 P 20260810 -1.00 -1.00 2 4 0.4711 -0.3663 0.008908
535.00 P 20260810 -1.00 -1.00 44 127 0.4663 -0.3886 0.009127
537.50 P 20260810 -1.00 -1.00 1 123 0.4671 -0.4121 0.009245
540.00 P 20260810 -1.00 -1.00 40 142 0.4616 -0.4351 0.009487
542.50 P 20260810 -1.00 -1.00 -1 0 0.4673 -0.4589 0.009509
545.00 P 20260810 -1.00 -1.00 3 10 0.4838 -0.4820 0.009297
547.50 P 20260810 -1.00 -1.00 3 0 0.4649 -0.5057 0.009603
550.00 P 20260810 -1.00 -1.00 4 55 0.4564 -0.5301 0.009704
552.50 P 20260810 -1.00 -1.00 2 1 0.4570 -0.5537 0.009616
555.00 P 20260810 -1.00 -1.00 6 49 0.4637 -0.5758 0.009408
557.50 P 20260810 -1.00 -1.00 2 1 0.4648 -0.5989 0.009314
560.00 P 20260810 -1.00 -1.00 6 5 0.4665 -0.6217 0.009210
562.50 P 20260810 -1.00 -1.00 -1 0 0.4618 -0.6442 0.009075
565.00 P 20260810 -1.00 -1.00 1 1 0.4567 -0.6665 0.008906
567.50 P 20260810 -1.00 -1.00 -1 0 0.4570 -0.6869 0.008651
570.00 P 20260810 -1.00 -1.00 1 2 0.4549 -0.7086 0.008428
572.50 P 20260810 -1.00 -1.00 -1 0 0.4589 -0.7271 0.008129
575.00 P 20260810 -1.00 -1.00 3 1 0.4605 -0.7468 0.007865
577.50 P 20260810 -1.00 -1.00 -1 0 0.4632 -0.7637 0.007557
580.00 P 20260810 -1.00 -1.00 2 4 0.4526 -0.7846 0.007293
582.50 P 20260810 -1.00 -1.00 1 1 0.4520 -0.8007 0.006960
585.00 P 20260810 -1.00 -1.00 2 1 0.4523 -0.8164 0.006622
587.50 P 20260810 -1.00 -1.00 -1 0 0.4565 -0.8296 0.006283
590.00 P 20260810 -1.00 -1.00 1 1 0.4636 -0.8406 0.005957
592.50 P 20260810 -1.00 -1.00 2 0 0.4624 -0.8570 0.005632
595.00 P 20260810 -1.00 -1.00 1 0 0.4546 -0.8721 0.005301
597.50 P 20260810 -1.00 -1.00 -1 0 0.4672 -0.8761 0.005036
600.00 P 20260810 -1.00 -1.00 3 7 0.4663 -0.8867 0.004737
602.50 P 20260810 -1.00 -1.00 -1 0 0.4684 -0.8957 0.004454
605.00 P 20260810 -1.00 -1.00 -1 0 0.4748 -0.9023 0.004204
607.50 P 20260810 -1.00 -1.00 -1 0 0.4797 -0.9096 0.003954
610.00 P 20260810 -1.00 -1.00 -1 0 0.4844 -0.9168 0.003712
612.50 P 20260810 -1.00 -1.00 -1 0 0.4920 -0.9221 0.003502
615.00 P 20260810 -1.00 -1.00 -1 0 0.4857 -0.9330 0.003219
617.50 P 20260810 -1.00 -1.00 -1 0 0.4999 -0.9334 0.003105
620.00 P 20260810 -1.00 -1.00 -1 0 0.4959 -0.9404 0.002888
622.50 P 20260810 -1.00 -1.00 1 1 0.4996 -0.9445 0.002721
625.00 P 20260810 -1.00 -1.00 -1 0 0.5085 -0.9465 0.002599
627.50 P 20260810 -1.00 -1.00 1 0 0.5173 -0.9485 0.002483
630.00 P 20260810 -1.00 -1.00 -1 0 0.5155 -0.9546 0.002286
632.50 P 20260810 -1.00 -1.00 -1 0 0.5187 -0.9587 0.002139
635.00 P 20260810 -1.00 -1.00 -1 0 0.5217 -0.9628 0.001996
637.50 P 20260810 -1.00 -1.00 -1 0 0.5301 -0.9646 0.001902
640.00 P 20260810 -1.00 -1.00 -1 0 0.5441 -0.9641 0.001863
642.50 P 20260810 -1.00 -1.00 -1 0 0.5466 -0.9681 0.001725
645.00 P 20260810 -1.00 -1.00 -1 0 0.5577 -0.9686 0.001669
647.50 P 20260810 -1.00 -1.00 -1 0 0.5601 -0.9713 0.001564
650.00 P 20260810 -1.00 -1.00 -1 0 0.5697 -0.9718 0.001518
652.50 P 20260810 -1.00 -1.00 -1 0 0.5684 -0.9745 0.001418
655.00 P 20260810 -1.00 -1.00 -1 0 0.5779 -0.9748 0.001377
657.50 P 20260810 -1.00 -1.00 -1 0 0.5928 -0.9740 0.001366
660.00 P 20260810 -1.00 -1.00 -1 0 0.6022 -0.9744 0.001328
662.50 P 20260810 -1.00 -1.00 -1 0 0.6117 -0.9747 0.001293
665.00 P 20260810 -1.00 -1.00 -1 0 0.5807 -0.9839 0.001069
667.50 P 20260810 -1.00 -1.00 -1 0 0.6249 -0.9765 0.001200
670.00 P 20260810 -1.00 -1.00 -1 0 0.6342 -0.9768 0.001170
672.50 P 20260810 -1.00 -1.00 -1 0 0.6379 -0.9781 0.001114
675.00 P 20260810 -1.00 -1.00 -1 0 0.6357 -0.9808 0.001044
680.00 P 20260810 -1.00 -1.00 -1 0 0.6540 -0.9813 0.000995
685.00 P 20260810 -1.00 -1.00 -1 0 0.6480 -0.9867 0.000841
690.00 P 20260810 -1.00 -1.00 -1 0 0.6903 -0.9821 0.000908
397.50 C 20260812 -1.00 -1.00 -1 0 0.0012 0.9999 0.000000
400.00 C 20260812 -1.00 -1.00 -1 0 0.6960 0.9943 0.000229
402.50 C 20260812 -1.00 -1.00 -1 0 0.0012 0.9999 0.000000
405.00 C 20260812 -1.00 -1.00 -1 0 0.6808 0.9935 0.000266
407.50 C 20260812 -1.00 -1.00 -1 0 0.6802 0.9926 0.000299
410.00 C 20260812 -1.00 -1.00 -1 0 0.7065 0.9901 0.000376
412.50 C 20260812 -1.00 -1.00 -1 0 0.6653 0.9917 0.000340
415.00 C 20260812 -1.00 -1.00 -1 0 0.6647 0.9908 0.000375
417.50 C 20260812 -1.00 -1.00 -1 0 0.6641 0.9899 0.000409
420.00 C 20260812 -1.00 -1.00 1 2 0.6841 0.9851 0.000548
422.50 C 20260812 -1.00 -1.00 1 1 0.6810 0.9834 0.000604
425.00 C 20260812 -1.00 -1.00 1 1 0.6722 0.9824 0.000643
427.50 C 20260812 -1.00 -1.00 -1 0 0.6805 0.9793 0.000735
430.00 C 20260812 -1.00 -1.00 1 0 0.6774 0.9776 0.000793
432.50 C 20260812 -1.00 -1.00 1 0 0.6687 0.9765 0.000837
435.00 C 20260812 -1.00 -1.00 -1 0 0.6713 0.9741 0.000912
437.50 C 20260812 -1.00 -1.00 1 1 0.6627 0.9723 0.000973
440.00 C 20260812 -1.00 -1.00 -1 0 0.6443 0.9725 0.000995
442.50 C 20260812 -1.00 -1.00 -1 0 0.6455 0.9679 0.001120
445.00 C 20260812 -1.00 -1.00 -1 0 0.6356 0.9660 0.001192
447.50 C 20260812 -1.00 -1.00 -1 0 0.6396 0.9607 0.001331
450.00 C 20260812 -1.00 -1.00 -1 0 0.6353 0.9574 0.001433
452.50 C 20260812 -1.00 -1.00 -1 0 0.6364 0.9528 0.001559
455.00 C 20260812 -1.00 -1.00 -1 0 0.6267 0.9505 0.001646
457.50 C 20260812 -1.00 -1.00 -1 0 0.6197 0.9477 0.001747
460.00 C 20260812 -1.00 -1.00 -1 0 0.6264 0.9418 0.001895
462.50 C 20260812 -1.00 -1.00 -1 0 0.6169 0.9388 0.002001
465.00 C 20260812 -1.00 -1.00 -1 0 0.6138 0.9323 0.002159
467.50 C 20260812 -1.00 -1.00 -1 0 0.6029 0.9285 0.002286
470.00 C 20260812 -1.00 -1.00 1 1 0.5921 0.9245 0.002421
472.50 C 20260812 -1.00 -1.00 -1 0 0.5876 0.9182 0.002589
475.00 C 20260812 -1.00 -1.00 1 1 0.5599 0.9202 0.002668
477.50 C 20260812 -1.00 -1.00 -1 0 0.5755 0.9064 0.002929
480.00 C 20260812 -1.00 -1.00 -1 0 0.5680 0.9008 0.003104
482.50 C 20260812 -1.00 -1.00 -1 0 0.5667 0.8931 0.003302
485.00 C 20260812 -1.00 -1.00 -1 0 0.5592 0.8872 0.003491
487.50 C 20260812 -1.00 -1.00 -1 0 0.5712 0.8728 0.003718
490.00 C 20260812 -1.00 -1.00 6 3 0.5537 0.8684 0.003917
492.50 C 20260812 -1.00 -1.00 -1 0 0.5454 0.8596 0.004139
495.00 C 20260812 -1.00 -1.00 -1 0 0.5421 0.8484 0.004373
497.50 C 20260812 -1.00 -1.00 -1 0 0.5359 0.8383 0.004614
500.00 C 20260812 -1.00 -1.00 6 3 0.5317 0.8272 0.004861
502.50 C 20260812 -1.00 -1.00 -1 0 0.5275 0.8159 0.005116
505.00 C 20260812 -1.00 -1.00 6 3 0.5274 0.8029 0.005365
507.50 C 20260812 -1.00 -1.00 -1 0 0.5272 0.7900 0.005613
510.00 C 20260812 -1.00 -1.00 17 45 0.5225 0.7756 0.005849
512.50 C 20260812 -1.00 -1.00 2 1 0.5145 0.7618 0.006108
515.00 C 20260812 -1.00 -1.00 6 3 0.5104 0.7462 0.006351
517.50 C 20260812 -1.00 -1.00 2 1 0.5047 0.7308 0.006613
520.00 C 20260812 -1.00 -1.00 -1 0 0.5059 0.7129 0.006820
522.50 C 20260812 -1.00 -1.00 -1 0 0.5025 0.6964 0.007071
525.00 C 20260812 -1.00 -1.00 4 12 0.5021 0.6789 0.007295
527.50 C 20260812 -1.00 -1.00 19 14 0.5028 0.6606 0.007474
530.00 C 20260812 -1.00 -1.00 19 72 0.4911 0.6433 0.007741
532.50 C 20260812 -1.00 -1.00 416 212 0.4878 0.6236 0.007894
535.00 C 20260812 -1.00 -1.00 32 13 0.4864 0.6033 0.008019
537.50 C 20260812 -1.00 -1.00 2 308 0.4857 0.5829 0.008134
540.00 C 20260812 -1.00 -1.00 69 82 0.4895 0.5622 0.008176
542.50 C 20260812 -1.00 -1.00 1 2 0.4863 0.5419 0.008334
545.00 C 20260812 -1.00 -1.00 70 34 0.4888 0.5215 0.008384
547.50 C 20260812 -1.00 -1.00 2 2 0.4821 0.5008 0.008445
550.00 C 20260812 -1.00 -1.00 5 5 0.4755 0.4796 0.008504
552.50 C 20260812 -1.00 -1.00 4 5 0.4859 0.4605 0.008269
555.00 C 20260812 -1.00 -1.00 372 326 0.4875 0.4406 0.008189
557.50 C 20260812 -1.00 -1.00 6 36 0.4890 0.4207 0.008109
560.00 C 20260812 -1.00 -1.00 8 77 0.4893 0.4007 0.008050
562.50 C 20260812 -1.00 -1.00 1 11 0.4921 0.3814 0.007954
565.00 C 20260812 -1.00 -1.00 3 12 0.4843 0.3610 0.007902
567.50 C 20260812 -1.00 -1.00 27 0 0.4801 0.3419 0.007767
570.00 C 20260812 -1.00 -1.00 5 3 0.4732 0.3213 0.007658
572.50 C 20260812 -1.00 -1.00 2 1 0.4705 0.3021 0.007493
575.00 C 20260812 -1.00 -1.00 1 14 0.4713 0.2843 0.007287
577.50 C 20260812 -1.00 -1.00 2 0 0.4686 0.2648 0.007115
580.00 C 20260812 -1.00 -1.00 6 7 0.4764 0.2511 0.006851
582.50 C 20260812 -1.00 -1.00 2 1 0.4792 0.2377 0.006599
585.00 C 20260812 -1.00 -1.00 2 11 0.4695 0.2194 0.006390
587.50 C 20260812 -1.00 -1.00 1 0 0.4661 0.2039 0.006138
590.00 C 20260812 -1.00 -1.00 1 1 0.4727 0.1937 0.005862
592.50 C 20260812 -1.00 -1.00 -1 0 0.4667 0.1765 0.005608
595.00 C 20260812 -1.00 -1.00 40 40 0.4786 0.1700 0.005349
597.50 C 20260812 -1.00 -1.00 -1 0 0.4878 0.1623 0.005107
600.00 C 20260812 -1.00 -1.00 2 48 0.4723 0.1409 0.004839
602.50 C 20260812 -1.00 -1.00 -1 0 0.4721 0.1318 0.004596
605.00 C 20260812 -1.00 -1.00 1 2 0.4802 0.1267 0.004384
607.50 C 20260812 -1.00 -1.00 -1 0 0.5011 0.1279 0.004230
610.00 C 20260812 -1.00 -1.00 1 8 0.4820 0.1100 0.003927
612.50 C 20260812 -1.00 -1.00 -1 0 0.5088 0.1148 0.003839
615.00 C 20260812 -1.00 -1.00 2 4 0.5136 0.1088 0.003656
617.50 C 20260812 -1.00 -1.00 -1 0 0.5010 0.0940 0.003374
620.00 C 20260812 -1.00 -1.00 -1 0 0.5079 0.0893 0.003211
622.50 C 20260812 -1.00 -1.00 -1 0 0.5231 0.0892 0.003114
625.00 C 20260812 -1.00 -1.00 4 10 0.5059 0.0734 0.002806
627.50 C 20260812 -1.00 -1.00 -1 0 0.5145 0.0715 0.002699
630.00 C 20260812 -1.00 -1.00 1 1 0.5465 0.0778 0.002718
632.50 C 20260812 -1.00 -1.00 -1 0 0.4943 0.0547 0.002249
635.00 C 20260812 -1.00 -1.00 -1 0 0.5063 0.0544 0.002186
637.50 C 20260812 -1.00 -1.00 -1 0 0.5130 0.0522 0.002086
640.00 C 20260812 -1.00 -1.00 -1 0 0.5383 0.0568 0.002128
642.50 C 20260812 -1.00 -1.00 -1 0 0.5147 0.0434 0.001799
645.00 C 20260812 -1.00 -1.00 -1 0 0.5275 0.0438 0.001766
647.50 C 20260812 -1.00 -1.00 -1 0 0.5385 0.0434 0.001720
650.00 C 20260812 -1.00 -1.00 9 4 0.5292 0.0353 0.001497
655.00 C 20260812 -1.00 -1.00 2 0 0.5505 0.0350 0.001428
660.00 C 20260812 -1.00 -1.00 -1 0 0.5570 0.0320 0.001303
665.00 C 20260812 -1.00 -1.00 2 0 0.5373 0.0235 0.001032
670.00 C 20260812 -1.00 -1.00 2 0 0.5534 0.0227 0.000973
675.00 C 20260812 -1.00 -1.00 -1 0 0.5710 0.0223 0.000928
680.00 C 20260812 -1.00 -1.00 -1 0 0.5817 0.0205 0.000848
685.00 C 20260812 -1.00 -1.00 -1 0 0.5914 0.0186 0.000768
690.00 C 20260812 -1.00 -1.00 -1 0 0.6601 0.0282 0.000983
397.50 P 20260812 -1.00 -1.00 2 1 0.8873 -0.0201 0.000551
400.00 P 20260812 -1.00 -1.00 2 1 0.9086 -0.0236 0.000622
402.50 P 20260812 -1.00 -1.00 2 1 0.9107 -0.0257 0.000670
405.00 P 20260812 -1.00 -1.00 2 1 0.8605 -0.0227 0.000635
407.50 P 20260812 -1.00 -1.00 2 1 0.8447 -0.0230 0.000654
410.00 P 20260812 -1.00 -1.00 2 1 0.8417 -0.0245 0.000694
412.50 P 20260812 -1.00 -1.00 -1 0 0.8515 -0.0287 0.000780
415.00 P 20260812 -1.00 -1.00 -1 0 0.8375 -0.0296 0.000812
417.50 P 20260812 -1.00 -1.00 -1 0 0.8235 -0.0306 0.000846
420.00 P 20260812 -1.00 -1.00 2 1 0.7796 -0.0258 0.000784
422.50 P 20260812 -1.00 -1.00 36 18 0.7738 -0.0283 0.000848
425.00 P 20260812 -1.00 -1.00 38 24 0.7619 -0.0296 0.000892
427.50 P 20260812 -1.00 -1.00 -1 0 0.7642 -0.0338 0.000987
430.00 P 20260812 -1.00 -1.00 32 18 0.7406 -0.0328 0.000995
432.50 P 20260812 -1.00 -1.00 -1 0 0.7385 -0.0362 0.001080
435.00 P 20260812 -1.00 -1.00 -1 0 0.7235 -0.0370 0.001122
437.50 P 20260812 -1.00 -1.00 -1 0 0.7532 -0.0466 0.001304
440.00 P 20260812 -1.00 -1.00 3 3 0.7066 -0.0414 0.001260
442.50 P 20260812 -1.00 -1.00 -1 0 0.7184 -0.0477 0.001395
445.00 P 20260812 -1.00 -1.00 2 2 0.6627 -0.0402 0.001312
447.50 P 20260812 -1.00 -1.00 -1 0 0.7176 -0.0554 0.001587
450.00 P 20260812 -1.00 -1.00 31 26 0.6629 -0.0487 0.001538
452.50 P 20260812 -1.00 -1.00 2 0 0.6953 -0.0592 0.001737
455.00 P 20260812 -1.00 -1.00 2 2 0.6728 -0.0590 0.001789
457.50 P 20260812 -1.00 -1.00 -1 0 0.6776 -0.0674 0.001950
460.00 P 20260812 -1.00 -1.00 -1 0 0.6537 -0.0667 0.002007
462.50 P 20260812 -1.00 -1.00 -1 0 0.6445 -0.0710 0.002129
465.00 P 20260812 -1.00 -1.00 103 2 0.6365 -0.0757 0.002259
467.50 P 20260812 -1.00 -1.00 -1 0 0.6352 -0.0826 0.002416
470.00 P 20260812 -1.00 -1.00 32 31 0.6064 -0.0806 0.002486
472.50 P 20260812 -1.00 -1.00 -1 0 0.6017 -0.0868 0.002647
475.00 P 20260812 -1.00 -1.00 2 1 0.5961 -0.0927 0.002811
477.50 P 20260812 -1.00 -1.00 -1 0 0.5936 -0.0998 0.002988
480.00 P 20260812 -1.00 -1.00 53 67 0.5945 -0.1079 0.003175
482.50 P 20260812 -1.00 -1.00 1 0 0.5921 -0.1151 0.003356
485.00 P 20260812 -1.00 -1.00 3 8 0.5951 -0.1261 0.003553
487.50 P 20260812 -1.00 -1.00 2 1 0.5827 -0.1325 0.003742
490.00 P 20260812 -1.00 -1.00 35 30 0.5744 -0.1409 0.003944
492.50 P 20260812 -1.00 -1.00 2 1 0.5661 -0.1496 0.004157
495.00 P 20260812 -1.00 -1.00 2 65 0.5509 -0.1556 0.004383
497.50 P 20260812 -1.00 -1.00 4 5 0.5488 -0.1673 0.004614
500.00 P 20260812 -1.00 -1.00 140 213 0.5447 -0.1783 0.004853
502.50 P 20260812 -1.00 -1.00 4 103 0.5466 -0.1916 0.005082
505.00 P 20260812 -1.00 -1.00 2 16 0.5444 -0.2034 0.005322
507.50 P 20260812 -1.00 -1.00 132 132 0.5380 -0.2149 0.005577
510.00 P 20260812 -1.00 -1.00 4 2 0.5346 -0.2300 0.005791
512.50 P 20260812 -1.00 -1.00 10 106 0.5274 -0.2439 0.006037
515.00 P 20260812 -1.00 -1.00 7 21 0.5308 -0.2618 0.006211
517.50 P 20260812 -1.00 -1.00 50 0 0.5162 -0.2738 0.006533
520.00 P 20260812 -1.00 -1.00 1015 1 0.5211 -0.2924 0.006697
522.50 P 20260812 -1.00 -1.00 25 1 0.5111 -0.3068 0.007005
525.00 P 20260812 -1.00 -1.00 2 35 0.5204 -0.3263 0.007117
527.50 P 20260812 -1.00 -1.00 101 1 0.5145 -0.3433 0.007340
530.00 P 20260812 -1.00 -1.00 2 2 0.5022 -0.3602 0.007607
532.50 P 20260812 -1.00 -1.00 -1 0 0.5041 -0.3804 0.007678
535.00 P 20260812 -1.00 -1.00 2 3 0.4957 -0.3991 0.007903
537.50 P 20260812 -1.00 -1.00 4 2 0.4995 -0.4196 0.007946
540.00 P 20260812 -1.00 -1.00 2 1 0.4911 -0.4392 0.008181
542.50 P 20260812 -1.00 -1.00 2 0 0.5000 -0.4597 0.008140
545.00 P 20260812 -1.00 -1.00 3 0 0.4982 -0.4799 0.008256
547.50 P 20260812 -1.00 -1.00 -1 0 0.4972 -0.4998 0.008221
550.00 P 20260812 -1.00 -1.00 2 1 0.4950 -0.5199 0.008206
552.50 P 20260812 -1.00 -1.00 2 1 0.4916 -0.5404 0.008210
555.00 P 20260812 -1.00 -1.00 -1 0 0.4875 -0.5613 0.008225
557.50 P 20260812 -1.00 -1.00 -1 0 0.4891 -0.5812 0.008148
560.00 P 20260812 -1.00 -1.00 2 3 0.4919 -0.6007 0.008053
562.50 P 20260812 -1.00 -1.00 -1 0 0.4932 -0.6205 0.007980
565.00 P 20260812 -1.00 -1.00 -1 0 0.4972 -0.6372 0.007775
567.50 P 20260812 -1.00 -1.00 -1 0 0.4895 -0.6571 0.007694
570.00 P 20260812 -1.00 -1.00 1 1 0.4846 -0.6765 0.007570
572.50 P 20260812 -1.00 -1.00 1 1 0.4847 -0.6942 0.007387
575.00 P 20260812 -1.00 -1.00 -1 0 0.4855 -0.7115 0.007197
577.50 P 20260812 -1.00 -1.00 -1 0 0.4841 -0.7299 0.007028
580.00 P 20260812 -1.00 -1.00 -1 0 0.4924 -0.7432 0.006774
582.50 P 20260812 -1.00 -1.00 -1 0 0.4873 -0.7617 0.006605
585.00 P 20260812 -1.00 -1.00 -1 0 0.4867 -0.7754 0.006369
587.50 P 20260812 -1.00 -1.00 -1 0 0.4841 -0.7900 0.006139
590.00 P 20260812 -1.00 -1.00 -1 0 0.4798 -0.8059 0.005908
592.50 P 20260812 -1.00 -1.00 -1 0 0.4763 -0.8215 0.005666
595.00 P 20260812 -1.00 -1.00 -1 0 0.4772 -0.8347 0.005416
597.50 P 20260812 -1.00 -1.00 -1 0 0.4954 -0.8369 0.005175
600.00 P 20260812 -1.00 -1.00 3 2 0.4906 -0.8532 0.004936
602.50 P 20260812 -1.00 -1.00 1 0 0.4880 -0.8650 0.004700
605.00 P 20260812 -1.00 -1.00 -1 0 0.4872 -0.8742 0.004474
607.50 P 20260812 -1.00 -1.00 -1 0 0.4930 -0.8801 0.004270
610.00 P 20260812 -1.00 -1.00 -1 0 0.4989 -0.8859 0.004076
612.50 P 20260812 -1.00 -1.00 -1 0 0.5006 -0.8937 0.003871
615.00 P 20260812 -1.00 -1.00 12 6 0.5036 -0.9008 0.003674
617.50 P 20260812 -1.00 -1.00 -1 0 0.5010 -0.9108 0.003448
620.00 P 20260812 -1.00 -1.00 -1 0 0.5093 -0.9148 0.003292
622.50 P 20260812 -1.00 -1.00 -1 0 0.5119 -0.9219 0.003103
625.00 P 20260812 -1.00 -1.00 -1 0 0.5213 -0.9249 0.002974
627.50 P 20260812 -1.00 -1.00 2 2 0.5264 -0.9295 0.002829
630.00 P 20260812 -1.00 -1.00 -1 0 0.5204 -0.9363 0.002657
632.50 P 20260812 -1.00 -1.00 -1 0 0.5190 -0.9416 0.002503
635.00 P 20260812 -1.00 -1.00 -1 0 0.5340 -0.9409 0.002448
637.50 P 20260812 -1.00 -1.00 -1 0 0.5301 -0.9470 0.002284
640.00 P 20260812 -1.00 -1.00 -1 0 0.5356 -0.9496 0.002180
642.50 P 20260812 -1.00 -1.00 3 3 0.5409 -0.9522 0.002079
645.00 P 20260812 -1.00 -1.00 -1 0 0.5437 -0.9558 0.001968
647.50 P 20260812 -1.00 -1.00 -1 0 0.5465 -0.9594 0.001860
650.00 P 20260812 -1.00 -1.00 -1 0 0.5565 -0.9600 0.001806
655.00 P 20260812 -1.00 -1.00 -1 0 0.5638 -0.9661 0.001611
660.00 P 20260812 -1.00 -1.00 -1 0 0.5660 -0.9722 0.001412
665.00 P 20260812 -1.00 -1.00 -1 0 0.5782 -0.9739 0.001316
670.00 P 20260812 -1.00 -1.00 -1 0 0.5901 -0.9756 0.001229
675.00 P 20260812 -1.00 -1.00 -1 0 0.6070 -0.9762 0.001171
680.00 P 20260812 -1.00 -1.00 -1 0 0.6186 -0.9779 0.001101
685.00 P 20260812 -1.00 -1.00 -1 0 0.6300 -0.9796 0.001035
690.00 P 20260812 -1.00 -1.00 -1 0 0.6413 -0.9812 0.000973
397.50 C 20260814 -1.00 -1.00 -1 0 0.7797 0.9843 0.000467
400.00 C 20260814 -1.00 -1.00 -1 0 0.7870 0.9818 0.000527
402.50 C 20260814 -1.00 -1.00 -1 0 0.7727 0.9815 0.000542
405.00 C 20260814 -1.00 -1.00 -1 0 0.7746 0.9796 0.000591
407.50 C 20260814 -1.00 -1.00 -1 0 0.7711 0.9782 0.000630
410.00 C 20260814 -1.00 -1.00 -1 0 0.7623 0.9773 0.000660
412.50 C 20260814 -1.00 -1.00 -1 0 0.7642 0.9754 0.000710
415.00 C 20260814 -1.00 -1.00 1 5 0.7502 0.9750 0.000733
417.50 C 20260814 -1.00 -1.00 -1 0 0.7481 0.9725 0.000794
420.00 C 20260814 -1.00 -1.00 -1 0 0.7329 0.9721 0.000820
422.50 C 20260814 -1.00 -1.00 -1 0 0.7124 0.9728 0.000827
425.00 C 20260814 -1.00 -1.00 1 1 0.7210 0.9673 0.000943
427.50 C 20260814 -1.00 -1.00 -1 0 0.6955 0.9690 0.000937
430.00 C 20260814 -1.00 -1.00 5 0 0.6885 0.9668 0.001000
432.50 C 20260814 -1.00 -1.00 -1 0 0.6814 0.9645 0.001066
435.00 C 20260814 -1.00 -1.00 1 8 0.6745 0.9622 0.001134
437.50 C 20260814 -1.00 -1.00 -1 0 0.6701 0.9593 0.001213
440.00 C 20260814 -1.00 -1.00 1 1 0.6632 0.9568 0.001286
442.50 C 20260814 -1.00 -1.00 -1 0 0.6589 0.9538 0.001370
445.00 C 20260814 -1.00 -1.00 1 2 0.6521 0.9513 0.001448
447.50 C 20260814 -1.00 -1.00 -1 0 0.6505 0.9477 0.001543
450.00 C 20260814 -1.00 -1.00 1 1 0.6463 0.9446 0.001633
452.50 C 20260814 -1.00 -1.00 -1 0 0.6474 0.9399 0.001744
455.00 C 20260814 -1.00 -1.00 3 24 0.6472 0.9332 0.001879
457.50 C 20260814 -1.00 -1.00 -1 0 0.6309 0.9318 0.001956
460.00 C 20260814 -1.00 -1.00 2 2 0.6249 0.9269 0.002077
462.50 C 20260814 -1.00 -1.00 1 0 0.6146 0.9233 0.002187
465.00 C 20260814 -1.00 -1.00 -1 0 0.6131 0.9167 0.002332
467.50 C 20260814 -1.00 -1.00 -1 0 0.6073 0.9115 0.002466
470.00 C 20260814 -1.00 -1.00 2 2 0.6029 0.9057 0.002609
472.50 C 20260814 -1.00 -1.00 -1 0 0.5884 0.9030 0.002731
475.00 C 20260814 -1.00 -1.00 1 0 0.5899 0.8952 0.002896
477.50 C 20260814 -1.00 -1.00 -1 0 0.6138 0.8804 0.003086
480.00 C 20260814 -1.00 -1.00 1 1 0.6019 0.8748 0.003236
482.50 C 20260814 -1.00 -1.00 -1 0 0.5957 0.8666 0.003400
485.00 C 20260814 -1.00 -1.00 1 12 0.5924 0.8571 0.003570
487.50 C 20260814 -1.00 -1.00 4 0 0.5628 0.8581 0.003742
490.00 C 20260814 -1.00 -1.00 1 1 0.5756 0.8417 0.003927
492.50 C 20260814 -1.00 -1.00 -1 0 0.5715 0.8321 0.004113
495.00 C 20260814 -1.00 -1.00 8 2 0.5496 0.8289 0.004331
497.50 C 20260814 -1.00 -1.00 11 0 0.5698 0.8103 0.004486
500.00 C 20260814 -1.00 -1.00 6 40 0.5453 0.8072 0.004740
502.50 C 20260814 -1.00 -1.00 8 0 0.5679 0.7878 0.004857
505.00 C 20260814 -1.00 -1.00 5 59 0.5623 0.7753 0.005035
507.50 C 20260814 -1.00 -1.00 1 5 0.5533 0.7639 0.005240
510.00 C 20260814 -1.00 -1.00 2 56 0.5513 0.7497 0.005410
512.50 C 20260814 -1.00 -1.00 12 0 0.5437 0.7372 0.005621
515.00 C 20260814 -1.00 -1.00 2 49 0.5369 0.7242 0.005835
517.50 C 20260814 -1.00 -1.00 6 0 0.5371 0.7088 0.006001
520.00 C 20260814 -1.00 -1.00 26 101 0.5435 0.6920 0.006113
522.50 C 20260814 -1.00 -1.00 -1 0 0.5423 0.6771 0.006288
525.00 C 20260814 -1.00 -1.00 4 153 0.5407 0.6615 0.006432
527.50 C 20260814 -1.00 -1.00 8 0 0.5338 0.6457 0.006585
530.00 C 20260814 -1.00 -1.00 6 123 0.5299 0.6290 0.006708
532.50 C 20260814 -1.00 -1.00 4 1 0.5255 0.6121 0.006841
535.00 C 20260814 -1.00 -1.00 10 81 0.5229 0.5948 0.006953
537.50 C 20260814 -1.00 -1.00 9 6 0.5179 0.5775 0.007099
540.00 C 20260814 -1.00 -1.00 15 32 0.5206 0.5595 0.007143
542.50 C 20260814 -1.00 -1.00 8 1 0.5175 0.5418 0.007267
545.00 C 20260814 -1.00 -1.00 4 12 0.5189 0.5240 0.007318
547.50 C 20260814 -1.00 -1.00 7 7 0.5126 0.5060 0.007368
550.00 C 20260814 -1.00 -1.00 544 1078 0.5092 0.4878 0.007376
552.50 C 20260814 -1.00 -1.00 10 27 0.5047 0.4693 0.007399
555.00 C 20260814 -1.00 -1.00 32 363 0.5049 0.4512 0.007355
557.50 C 20260814 -1.00 -1.00 15 7 0.5015 0.4325 0.007360
560.00 C 20260814 -1.00 -1.00 68 140 0.5023 0.4145 0.007307
562.50 C 20260814 -1.00 -1.00 10 44 0.4984 0.3952 0.007318
565.00 C 20260814 -1.00 -1.00 18 73 0.5061 0.3794 0.007171
567.50 C 20260814 -1.00 -1.00 323 30 0.5003 0.3619 0.007094
570.00 C 20260814 -1.00 -1.00 23 186 0.4976 0.3452 0.006974
572.50 C 20260814 -1.00 -1.00 6 34 0.4937 0.3279 0.006865
575.00 C 20260814 -1.00 -1.00 8 84 0.4930 0.3116 0.006720
577.50 C 20260814 -1.00 -1.00 40 33 0.4917 0.2950 0.006579
580.00 C 20260814 -1.00 -1.00 524 1132 0.4963 0.2812 0.006389
582.50 C 20260814 -1.00 -1.00 3 11 0.4937 0.2640 0.006258
585.00 C 20260814 -1.00 -1.00 26 168 0.4956 0.2491 0.006093
587.50 C 20260814 -1.00 -1.00 2 45 0.4903 0.2345 0.005921
590.00 C 20260814 -1.00 -1.00 15 634 0.4879 0.2212 0.005726
592.50 C 20260814 -1.00 -1.00 9 41 0.4831 0.2064 0.005533
595.00 C 20260814 -1.00 -1.00 12 32 0.4849 0.1951 0.005320
597.50 C 20260814 -1.00 -1.00 1 11 0.4850 0.1829 0.005112
600.00 C 20260814 -1.00 -1.00 16 279 0.4843 0.1702 0.004904
602.50 C 20260814 -1.00 -1.00 4 124 0.4853 0.1585 0.004697
605.00 C 20260814 -1.00 -1.00 10 156 0.4879 0.1479 0.004494
607.50 C 20260814 -1.00 -1.00 30 83 0.4850 0.1379 0.004293
610.00 C 20260814 -1.00 -1.00 265 131 0.4843 0.1295 0.004095
612.50 C 20260814 -1.00 -1.00 88 57 0.4809 0.1197 0.003885
615.00 C 20260814 -1.00 -1.00 28 275 0.4824 0.1123 0.003694
617.50 C 20260814 -1.00 -1.00 30 112 0.4815 0.1037 0.003491
620.00 C 20260814 -1.00 -1.00 9 139 0.4856 0.0978 0.003319
622.50 C 20260814 -1.00 -1.00 1 94 0.4854 0.0896 0.003123
625.00 C 20260814 -1.00 -1.00 1 2626 0.4905 0.0845 0.002967
627.50 C 20260814 -1.00 -1.00 10 60 0.4925 0.0777 0.002793
630.00 C 20260814 -1.00 -1.00 6 88 0.4910 0.0721 0.002637
632.50 C 20260814 -1.00 -1.00 35 52 0.4898 0.0671 0.002488
635.00 C 20260814 -1.00 -1.00 42 34 0.4922 0.0634 0.002362
637.50 C 20260814 -1.00 -1.00 1 9 0.4885 0.0574 0.002194
640.00 C 20260814 -1.00 -1.00 75 321 0.4852 0.0515 0.002023
642.50 C 20260814 -1.00 -1.00 4 8 0.4934 0.0502 0.001949
645.00 C 20260814 -1.00 -1.00 1 41 0.5060 0.0507 0.001915
647.50 C 20260814 -1.00 -1.00 1 0 0.5006 0.0441 0.001736
650.00 C 20260814 -1.00 -1.00 45 80 0.5051 0.0415 0.001641
655.00 C 20260814 -1.00 -1.00 2 24 0.5139 0.0363 0.001461
660.00 C 20260814 -1.00 -1.00 3 71 0.5176 0.0323 0.001312
665.00 C 20260814 -1.00 -1.00 2 14 0.5180 0.0282 0.001161
670.00 C 20260814 -1.00 -1.00 3 190 0.5272 0.0260 0.001064
675.00 C 20260814 -1.00 -1.00 3 4084 0.5355 0.0238 0.000969
680.00 C 20260814 -1.00 -1.00 1 189 0.5382 0.0203 0.000844
685.00 C 20260814 -1.00 -1.00 2 37 0.5472 0.0184 0.000764
690.00 C 20260814 -1.00 -1.00 1 59 0.5562 0.0165 0.000688
397.50 P 20260814 -1.00 -1.00 -1 0 0.8228 -0.0201 0.000551
400.00 P 20260814 -1.00 -1.00 43 328 0.8264 -0.0221 0.000598
402.50 P 20260814 -1.00 -1.00 -1 0 0.8224 -0.0234 0.000632
405.00 P 20260814 -1.00 -1.00 1 12 0.8195 -0.0248 0.000669
407.50 P 20260814 -1.00 -1.00 -1 0 0.8058 -0.0252 0.000690
410.00 P 20260814 -1.00 -1.00 2 67 0.7923 -0.0259 0.000718
412.50 P 20260814 -1.00 -1.00 -1 0 0.7851 -0.0279 0.000766
415.00 P 20260814 -1.00 -1.00 10 35 0.7770 -0.0297 0.000814
417.50 P 20260814 -1.00 -1.00 -1 0 0.7646 -0.0308 0.000849
420.00 P 20260814 -1.00 -1.00 13 159 0.7624 -0.0338 0.000918
422.50 P 20260814 -1.00 -1.00 -1 0 0.7475 -0.0344 0.000950
425.00 P 20260814 -1.00 -1.00 25 213 0.7385 -0.0362 0.001001
427.50 P 20260814 -1.00 -1.00 21 1 0.7280 -0.0377 0.001050
430.00 P 20260814 -1.00 -1.00 91 102 0.7170 -0.0391 0.001099
432.50 P 20260814 -1.00 -1.00 40 0 0.7222 -0.0438 0.001198
435.00 P 20260814 -1.00 -1.00 60 21 0.7036 -0.0438 0.001231
437.50 P 20260814 -1.00 -1.00 1 0 0.7000 -0.0469 0.001308
440.00 P 20260814 -1.00 -1.00 11 61 0.6929 -0.0492 0.001378
442.50 P 20260814 -1.00 -1.00 4 0 0.6935 -0.0531 0.001469
445.00 P 20260814 -1.00 -1.00 17 196 0.6782 -0.0539 0.001523
447.50 P 20260814 -1.00 -1.00 1 1 0.6814 -0.0584 0.001624
450.00 P 20260814 -1.00 -1.00 30 301 0.6694 -0.0609 0.001703
452.50 P 20260814 -1.00 -1.00 67 0 0.6605 -0.0646 0.001799
455.00 P 20260814 -1.00 -1.00 27 53 0.6499 -0.0678 0.001892
457.50 P 20260814 -1.00 -1.00 7 0 0.6455 -0.0731 0.002013
460.00 P 20260814 -1.00 -1.00 194 965 0.6415 -0.0786 0.002137
462.50 P 20260814 -1.00 -1.00 5 5 0.6284 -0.0813 0.002237
465.00 P 20260814 -1.00 -1.00 21 244 0.6236 -0.0868 0.002368
467.50 P 20260814 -1.00 -1.00 8 6 0.6217 -0.0932 0.002509
470.00 P 20260814 -1.00 -1.00 392 145 0.6154 -0.0983 0.002642
472.50 P 20260814 -1.00 -1.00 13 3 0.6112 -0.1041 0.002784
475.00 P 20260814 -1.00 -1.00 64 62 0.6128 -0.1117 0.002938
477.50 P 20260814 -1.00 -1.00 6 4 0.6108 -0.1185 0.003089
480.00 P 20260814 -1.00 -1.00 17 170 0.6029 -0.1258 0.003245
482.50 P 20260814 -1.00 -1.00 14 11 0.5959 -0.1337 0.003407
485.00 P 20260814 -1.00 -1.00 16 227 0.5899 -0.1421 0.003577
487.50 P 20260814 -1.00 -1.00 1 86 0.5821 -0.1499 0.003752
490.00 P 20260814 -1.00 -1.00 13 161 0.5781 -0.1594 0.003933
492.50 P 20260814 -1.00 -1.00 8 6 0.5750 -0.1694 0.004118
495.00 P 20260814 -1.00 -1.00 22 116 0.5710 -0.1791 0.004307
497.50 P 20260814 -1.00 -1.00 63 10 0.5708 -0.1903 0.004493
500.00 P 20260814 -1.00 -1.00 268 1096 0.5696 -0.2011 0.004682
502.50 P 20260814 -1.00 -1.00 10 46 0.5636 -0.2110 0.004889
505.00 P 20260814 -1.00 -1.00 149 149 0.5617 -0.2249 0.005051
507.50 P 20260814 -1.00 -1.00 1 135 0.5556 -0.2373 0.005240
510.00 P 20260814 -1.00 -1.00 29 639 0.5509 -0.2506 0.005427
512.50 P 20260814 -1.00 -1.00 2 290 0.5462 -0.2640 0.005618
515.00 P 20260814 -1.00 -1.00 10 173 0.5444 -0.2785 0.005795
517.50 P 20260814 -1.00 -1.00 2 1 0.5425 -0.2932 0.005973
520.00 P 20260814 -1.00 -1.00 36 3131 0.5414 -0.3081 0.006149
522.50 P 20260814 -1.00 -1.00 -1 0 0.5423 -0.3235 0.006307
525.00 P 20260814 -1.00 -1.00 9 301 0.5386 -0.3389 0.006474
527.50 P 20260814 -1.00 -1.00 44 41 0.5324 -0.3549 0.006622
530.00 P 20260814 -1.00 -1.00 6 123 0.5281 -0.3716 0.006752
532.50 P 20260814 -1.00 -1.00 1 1 0.5255 -0.3888 0.006863
535.00 P 20260814 -1.00 -1.00 22 1178 0.5223 -0.4061 0.006984
537.50 P 20260814 -1.00 -1.00 99 3 0.5216 -0.4237 0.007075
540.00 P 20260814 -1.00 -1.00 21 52 0.5202 -0.4415 0.007175
542.50 P 20260814 -1.00 -1.00 4 17 0.5206 -0.4594 0.007253
545.00 P 20260814 -1.00 -1.00 28 57 0.5211 -0.4773 0.007315
547.50 P 20260814 -1.00 -1.00 15 45 0.5184 -0.4950 0.007316
550.00 P 20260814 -1.00 -1.00 53 1361 0.5104 -0.5135 0.007391
552.50 P 20260814 -1.00 -1.00 3 3 0.5082 -0.5317 0.007381
555.00 P 20260814 -1.00 -1.00 3 106 0.5049 -0.5503 0.007389
557.50 P 20260814 -1.00 -1.00 14 22 0.5069 -0.5680 0.007322
560.00 P 20260814 -1.00 -1.00 9 95 0.5042 -0.5868 0.007321
562.50 P 20260814 -1.00 -1.00 131 136 0.5060 -0.6045 0.007256
565.00 P 20260814 -1.00 -1.00 1 41 0.5070 -0.6224 0.007200
567.50 P 20260814 -1.00 -1.00 4 36 0.5025 -0.6395 0.007110
570.00 P 20260814 -1.00 -1.00 4 435 0.5064 -0.6538 0.006923
572.50 P 20260814 -1.00 -1.00 2 29 0.4999 -0.6720 0.006847
575.00 P 20260814 -1.00 -1.00 2 48 0.4999 -0.6878 0.006702
577.50 P 20260814 -1.00 -1.00 4 74 0.4966 -0.7052 0.006587
580.00 P 20260814 -1.00 -1.00 1 383 0.4959 -0.7216 0.006446
582.50 P 20260814 -1.00 -1.00 1 146 0.5003 -0.7353 0.006263
585.00 P 20260814 -1.00 -1.00 2 64 0.5072 -0.7475 0.006068
587.50 P 20260814 -1.00 -1.00 1 28 0.5065 -0.7613 0.005899
590.00 P 20260814 -1.00 -1.00 1 374 0.4982 -0.7770 0.005745
592.50 P 20260814 -1.00 -1.00 2 8 0.4966 -0.7899 0.005556
595.00 P 20260814 -1.00 -1.00 1 20 0.4858 -0.8080 0.005384
597.50 P 20260814 -1.00 -1.00 1 5 0.4917 -0.8169 0.005172
600.00 P 20260814 -1.00 -1.00 9 60 0.5051 -0.8213 0.004962
602.50 P 20260814 -1.00 -1.00 6 2 0.4788 -0.8500 0.004764
605.00 P 20260814 -1.00 -1.00 1 21 0.4823 -0.8595 0.004556
607.50 P 20260814 -1.00 -1.00 2 4 0.5002 -0.8595 0.004386
610.00 P 20260814 -1.00 -1.00 1 12 0.4944 -0.8702 0.004193
612.50 P 20260814 -1.00 -1.00 1 3 0.4960 -0.8774 0.004013
615.00 P 20260814 -1.00 -1.00 2 4 0.5001 -0.8834 0.003844
617.50 P 20260814 -1.00 -1.00 2 9 0.5016 -0.8906 0.003669
620.00 P 20260814 -1.00 -1.00 1 5 0.4943 -0.9026 0.003452
622.50 P 20260814 -1.00 -1.00 2 2 0.5032 -0.9058 0.003317
625.00 P 20260814 -1.00 -1.00 30 75 0.5057 -0.9123 0.003152
627.50 P 20260814 -1.00 -1.00 2 1 0.5106 -0.9175 0.003005
630.00 P 20260814 -1.00 -1.00 9 5 0.5154 -0.9226 0.002866
632.50 P 20260814 -1.00 -1.00 16 18 0.5185 -0.9285 0.002717
635.00 P 20260814 -1.00 -1.00 1 1 0.5021 -0.9390 0.002509
637.50 P 20260814 -1.00 -1.00 2 1 0.5028 -0.9433 0.002379
640.00 P 20260814 -1.00 -1.00 1 19 0.5035 -0.9477 0.002247
642.50 P 20260814 -1.00 -1.00 2 1 0.5262 -0.9434 0.002260
645.00 P 20260814 -1.00 -1.00 2 1 0.5132 -0.9529 0.002058
647.50 P 20260814 -1.00 -1.00 -1 0 0.5158 -0.9565 0.001954
650.00 P 20260814 -1.00 -1.00 1 5 0.5205 -0.9591 0.001864
655.00 P 20260814 -1.00 -1.00 -1 0 0.5391 -0.9602 0.001760
660.00 P 20260814 -1.00 -1.00 1 1 0.5575 -0.9613 0.001665
665.00 P 20260814 -1.00 -1.00 2 0 0.5588 -0.9690 0.001451
670.00 P 20260814 -1.00 -1.00 -1 0 0.5546 -0.9751 0.001289
675.00 P 20260814 -1.00 -1.00 -1 0 0.5606 -0.9780 0.001196
680.00 P 20260814 -1.00 -1.00 -1 0 0.5661 -0.9809 0.001097
685.00 P 20260814 -1.00 -1.00 -1 0 0.5965 -0.9779 0.001108
690.00 P 20260814 -1.00 -1.00 -1 0 0.6119 -0.9783 0.001061
400.00 C 20260821 -1.00 -1.00 1 398 0.7132 0.9728 0.000673
405.00 C 20260821 -1.00 -1.00 1 34 0.7046 0.9684 0.000766
410.00 C 20260821 -1.00 -1.00 4 72 0.6939 0.9644 0.000858
415.00 C 20260821 -1.00 -1.00 3 209 0.6789 0.9611 0.000943
420.00 C 20260821 -1.00 -1.00 1 169 0.6664 0.9572 0.001041
425.00 C 20260821 -1.00 -1.00 3 42 0.6691 0.9502 0.001180
430.00 C 20260821 -1.00 -1.00 1 255 0.6546 0.9464 0.001283
435.00 C 20260821 -1.00 -1.00 1 73 0.6522 0.9385 0.001435
440.00 C 20260821 -1.00 -1.00 7 265 0.6328 0.9335 0.001564
445.00 C 20260821 -1.00 -1.00 10 227 0.6306 0.9227 0.001753
450.00 C 20260821 -1.00 -1.00 63 983 0.6116 0.9171 0.001907
455.00 C 20260821 -1.00 -1.00 154 243 0.6193 0.9030 0.002127
460.00 C 20260821 -1.00 -1.00 11 339 0.5969 0.8977 0.002302
465.00 C 20260821 -1.00 -1.00 1 172 0.6125 0.8797 0.002534
470.00 C 20260821 -1.00 -1.00 8 249 0.6001 0.8671 0.002752
475.00 C 20260821 -1.00 -1.00 3 454 0.5956 0.8510 0.002984
480.00 C 20260821 -1.00 -1.00 29 228 0.5834 0.8375 0.003228
485.00 C 20260821 -1.00 -1.00 86 259 0.5776 0.8213 0.003480
490.00 C 20260821 -1.00 -1.00 35 337 0.5726 0.8045 0.003740
495.00 C 20260821 -1.00 -1.00 8 138 0.5704 0.7843 0.003977
500.00 C 20260821 -1.00 -1.00 18 408 0.5596 0.7642 0.004232
505.00 C 20260821 -1.00 -1.00 3 319 0.5495 0.7431 0.004499
510.00 C 20260821 -1.00 -1.00 1 190 0.5464 0.7194 0.004738
515.00 C 20260821 -1.00 -1.00 43 242 0.5440 0.6952 0.004979
520.00 C 20260821 -1.00 -1.00 17 3925 0.5435 0.6701 0.005192
525.00 C 20260821 -1.00 -1.00 12 663 0.5332 0.6440 0.005393
530.00 C 20260821 -1.00 -1.00 25 1152 0.5250 0.6166 0.005584
532.50 C 20260821 -1.00 -1.00 9 222 0.5242 0.6022 0.005649
535.00 C 20260821 -1.00 -1.00 10 300 0.5223 0.5879 0.005725
537.50 C 20260821 -1.00 -1.00 5 82 0.5200 0.5735 0.005807
540.00 C 20260821 -1.00 -1.00 167 405 0.5192 0.5590 0.005873
542.50 C 20260821 -1.00 -1.00 49 64 0.5217 0.5444 0.005902
545.00 C 20260821 -1.00 -1.00 79 140 0.5222 0.5299 0.005946
547.50 C 20260821 -1.00 -1.00 57 40 0.5159 0.5153 0.005996
550.00 C 20260821 -1.00 -1.00 335 10006 0.5129 0.5006 0.006006
552.50 C 20260821 -1.00 -1.00 20 99 0.5095 0.4856 0.006022
555.00 C 20260821 -1.00 -1.00 50 276 0.5057 0.4704 0.006042
557.50 C 20260821 -1.00 -1.00 32 42 0.5033 0.4552 0.006045
560.00 C 20260821 -1.00 -1.00 80 1036 0.5028 0.4403 0.006026
562.50 C 20260821 -1.00 -1.00 12 57 0.5013 0.4252 0.006018
565.00 C 20260821 -1.00 -1.00 335 1316 0.5032 0.4108 0.005971
567.50 C 20260821 -1.00 -1.00 51 26 0.5046 0.3964 0.005931
570.00 C 20260821 -1.00 -1.00 1418 3087 0.5054 0.3823 0.005885
572.50 C 20260821 -1.00 -1.00 13 550 0.5020 0.3685 0.005823
575.00 C 20260821 -1.00 -1.00 38 3046 0.4986 0.3546 0.005758
577.50 C 20260821 -1.00 -1.00 14 75 0.4958 0.3406 0.005686
580.00 C 20260821 -1.00 -1.00 807 2824 0.4946 0.3272 0.005599
582.50 C 20260821 -1.00 -1.00 40 68 0.4934 0.3137 0.005511
585.00 C 20260821 -1.00 -1.00 176 3757 0.4932 0.3006 0.005413
587.50 C 20260821 -1.00 -1.00 97 3029 0.4936 0.2878 0.005312
590.00 C 20260821 -1.00 -1.00 708 1791 0.4945 0.2752 0.005208
592.50 C 20260821 -1.00 -1.00 48 74 0.4949 0.2625 0.005108
595.00 C 20260821 -1.00 -1.00 585 6849 0.4977 0.2515 0.004990
600.00 C 20260821 -1.00 -1.00 769 16708 0.4914 0.2291 0.004752
605.00 C 20260821 -1.00 -1.00 143 1258 0.4873 0.2072 0.004495
610.00 C 20260821 -1.00 -1.00 52 1575 0.4846 0.1857 0.004228
615.00 C 20260821 -1.00 -1.00 71 411 0.4866 0.1670 0.003956
620.00 C 20260821 -1.00 -1.00 91 1991 0.4925 0.1511 0.003695
625.00 C 20260821 -1.00 -1.00 635 3686 0.4855 0.1343 0.003431
630.00 C 20260821 -1.00 -1.00 1127 3574 0.4821 0.1194 0.003163
635.00 C 20260821 -1.00 -1.00 40 4057 0.4814 0.1058 0.002900
640.00 C 20260821 -1.00 -1.00 23 375 0.4827 0.0934 0.002647
645.00 C 20260821 -1.00 -1.00 7 1409 0.4870 0.0828 0.002417
650.00 C 20260821 -1.00 -1.00 469 8187 0.4858 0.0730 0.002201
655.00 C 20260821 -1.00 -1.00 11 5289 0.4819 0.0641 0.001989
660.00 C 20260821 -1.00 -1.00 562 3507 0.4843 0.0575 0.001811
665.00 C 20260821 -1.00 -1.00 17 2327 0.4850 0.0503 0.001625
670.00 C 20260821 -1.00 -1.00 15 1787 0.4919 0.0458 0.001489
675.00 C 20260821 -1.00 -1.00 16 2379 0.4952 0.0399 0.001332
680.00 C 20260821 -1.00 -1.00 19 717 0.5004 0.0356 0.001209
685.00 C 20260821 -1.00 -1.00 54 307 0.4999 0.0320 0.001098
690.00 C 20260821 -1.00 -1.00 19 742 0.5000 0.0284 0.000991
400.00 P 20260821 -1.00 -1.00 202 16782 0.7478 -0.0339 0.000767
405.00 P 20260821 -1.00 -1.00 1 1828 0.7297 -0.0364 0.000834
410.00 P 20260821 -1.00 -1.00 25 10472 0.7141 -0.0395 0.000911
415.00 P 20260821 -1.00 -1.00 16 1045 0.7052 -0.0440 0.001010
420.00 P 20260821 -1.00 -1.00 19 2241 0.6982 -0.0489 0.001116
425.00 P 20260821 -1.00 -1.00 39 1635 0.6899 -0.0537 0.001224
430.00 P 20260821 -1.00 -1.00 23 4373 0.6763 -0.0582 0.001333
435.00 P 20260821 -1.00 -1.00 110 1167 0.6628 -0.0649 0.001469
440.00 P 20260821 -1.00 -1.00 61 4845 0.6485 -0.0715 0.001612
445.00 P 20260821 -1.00 -1.00 40 529 0.6377 -0.0795 0.001774
450.00 P 20260821 -1.00 -1.00 706 33187 0.6264 -0.0876 0.001944
455.00 P 20260821 -1.00 -1.00 435 1235 0.6212 -0.0976 0.002135
460.00 P 20260821 -1.00 -1.00 199 5627 0.6125 -0.1069 0.002327
465.00 P 20260821 -1.00 -1.00 88 4053 0.6079 -0.1187 0.002537
470.00 P 20260821 -1.00 -1.00 353 5169 0.5966 -0.1318 0.002758
475.00 P 20260821 -1.00 -1.00 602 42342 0.5862 -0.1457 0.002993
480.00 P 20260821 -1.00 -1.00 331 6101 0.5783 -0.1610 0.003240
485.00 P 20260821 -1.00 -1.00 77 3534 0.5744 -0.1779 0.003494
490.00 P 20260821 -1.00 -1.00 319 3793 0.5712 -0.1954 0.003753
495.00 P 20260821 -1.00 -1.00 241 1471 0.5658 -0.2145 0.004007
500.00 P 20260821 -1.00 -1.00 730 22081 0.5565 -0.2352 0.004260
505.00 P 20260821 -1.00 -1.00 1416 880 0.5466 -0.2565 0.004529
510.00 P 20260821 -1.00 -1.00 121 3692 0.5421 -0.2800 0.004782
515.00 P 20260821 -1.00 -1.00 157 1564 0.5410 -0.3047 0.005018
520.00 P 20260821 -1.00 -1.00 937 6315 0.5402 -0.3301 0.005242
525.00 P 20260821 -1.00 -1.00 101 5653 0.5311 -0.3567 0.005435
530.00 P 20260821 -1.00 -1.00 485 16001 0.5236 -0.3843 0.005623
532.50 P 20260821 -1.00 -1.00 57 200 0.5209 -0.3986 0.005709
535.00 P 20260821 -1.00 -1.00 338 1953 0.5196 -0.4131 0.005780
537.50 P 20260821 -1.00 -1.00 16 147 0.5203 -0.4277 0.005831
540.00 P 20260821 -1.00 -1.00 134 6018 0.5175 -0.4423 0.005921
542.50 P 20260821 -1.00 -1.00 18 126 0.5182 -0.4570 0.005974
545.00 P 20260821 -1.00 -1.00 53 638 0.5188 -0.4719 0.006016
547.50 P 20260821 -1.00 -1.00 25 137 0.5135 -0.4866 0.006055
550.00 P 20260821 -1.00 -1.00 432 5154 0.5097 -0.5015 0.006077
552.50 P 20260821 -1.00 -1.00 22 66 0.5064 -0.5166 0.006094
555.00 P 20260821 -1.00 -1.00 18 487 0.5035 -0.5318 0.006104
557.50 P 20260821 -1.00 -1.00 14 79 0.5017 -0.5470 0.006103
560.00 P 20260821 -1.00 -1.00 285 11013 0.5007 -0.5622 0.006091
562.50 P 20260821 -1.00 -1.00 10 359 0.5012 -0.5770 0.006062
565.00 P 20260821 -1.00 -1.00 17 923 0.5012 -0.5920 0.006040
567.50 P 20260821 -1.00 -1.00 45 111 0.5058 -0.6056 0.005964
570.00 P 20260821 -1.00 -1.00 17 3341 0.5111 -0.6187 0.005874
572.50 P 20260821 -1.00 -1.00 3 219 0.5061 -0.6329 0.005830
575.00 P 20260821 -1.00 -1.00 3 4121 0.5007 -0.6475 0.005788
577.50 P 20260821 -1.00 -1.00 1 10 0.5021 -0.6599 0.005681
580.00 P 20260821 -1.00 -1.00 66 8623 0.4935 -0.6763 0.005661
582.50 P 20260821 -1.00 -1.00 29 19 0.4944 -0.6890 0.005557
585.00 P 20260821 -1.00 -1.00 2 5715 0.4948 -0.7020 0.005459
587.50 P 20260821 -1.00 -1.00 2 1 0.4961 -0.7144 0.005353
590.00 P 20260821 -1.00 -1.00 12 1673 0.4996 -0.7257 0.005235
592.50 P 20260821 -1.00 -1.00 1 1 0.4987 -0.7393 0.005147
595.00 P 20260821 -1.00 -1.00 1 6606 0.5028 -0.7499 0.005024
600.00 P 20260821 -1.00 -1.00 207 8375 0.5045 -0.7687 0.004770
605.00 P 20260821 -1.00 -1.00 1 218 0.4914 -0.7951 0.004556
610.00 P 20260821 -1.00 -1.00 3 568 0.4878 -0.8173 0.004302
615.00 P 20260821 -1.00 -1.00 3 508 0.4859 -0.8388 0.004037
620.00 P 20260821 -1.00 -1.00 2 2234 0.4809 -0.8606 0.003764
625.00 P 20260821 -1.00 -1.00 11 428 0.4915 -0.8688 0.003526
630.00 P 20260821 -1.00 -1.00 9 399 0.4897 -0.8830 0.003275
635.00 P 20260821 -1.00 -1.00 1 4308 0.4948 -0.8935 0.003046
640.00 P 20260821 -1.00 -1.00 1 2419 0.5008 -0.9033 0.002830
645.00 P 20260821 -1.00 -1.00 9 136 0.5011 -0.9162 0.002599
650.00 P 20260821 -1.00 -1.00 2 240 0.5094 -0.9242 0.002409
655.00 P 20260821 -1.00 -1.00 8 244 0.5095 -0.9334 0.002215
660.00 P 20260821 -1.00 -1.00 18 189 0.5048 -0.9427 0.002030
665.00 P 20260821 -1.00 -1.00 4 78 0.4995 -0.9526 0.001834
670.00 P 20260821 -1.00 -1.00 4 174 0.5200 -0.9514 0.001778
675.00 P 20260821 -1.00 -1.00 1 70 0.5254 -0.9564 0.001647
680.00 P 20260821 -1.00 -1.00 1 22 0.5323 -0.9606 0.001525
685.00 P 20260821 -1.00 -1.00 1 45 0.5468 -0.9614 0.001459
690.00 P 20260821 -1.00 -1.00 1 12 0.5304 -0.9744 0.001242
325.00 C 20260731 -1.00 -1.00 -1 0 -1.0000 -1.0000 -1.000000
330.00 C 20260731 -1.00 -1.00 1 1 -1.0000 -1.0000 -1.000000
335.00 C 20260731 -1.00 -1.00 -1 0 -1.0000 -1.0000 -1.000000
340.00 C 20260731 -1.00 -1.00 -1 0 -1.0000 -1.0000 -1.000000
345.00 C 20260731 -1.00 -1.00 -1 0 -1.0000 -1.0000 -1.000000
350.00 C 20260731 -1.00 -1.00 4 5 -1.0000 -1.0000 -1.000000
355.00 C 20260731 -1.00 -1.00 -1 0 -1.0000 -1.0000 -1.000000
360.00 C 20260731 -1.00 -1.00 -1 0 -1.0000 -1.0000 -1.000000
365.00 C 20260731 -1.00 -1.00 -1 0 -1.0000 -1.0000 -1.000000
370.00 C 20260731 -1.00 -1.00 -1 0 -1.0000 -1.0000 -1.000000
375.00 C 20260731 -1.00 -1.00 1 1 -1.0000 -1.0000 -1.000000
380.00 C 20260731 -1.00 -1.00 -1 0 -1.0000 -1.0000 -1.000000
385.00 C 20260731 -1.00 -1.00 -1 0 -1.0000 -1.0000 -1.000000
390.00 C 20260731 -1.00 -1.00 -1 0 -1.0000 -1.0000 -1.000000
395.00 C 20260731 -1.00 -1.00 -1 0 -1.0000 -1.0000 -1.000000
325.00 P 20260731 -1.00 -1.00 7 11564 7.1957 -0.0007 0.000027
330.00 P 20260731 -1.00 -1.00 6 362 7.1809 -0.0009 0.000033
335.00 P 20260731 -1.00 -1.00 10 94 7.2808 -0.0017 0.000056
340.00 P 20260731 -1.00 -1.00 15 192 6.8282 -0.0011 0.000041
345.00 P 20260731 -1.00 -1.00 15 352 7.5373 -0.0035 0.000108
350.00 P 20260731 -1.00 -1.00 27 143 7.2902 -0.0035 0.000111
355.00 P 20260731 -1.00 -1.00 13 2544 7.3081 -0.0050 0.000151
360.00 P 20260731 -1.00 -1.00 15 577 6.0937 -0.0014 0.000058
365.00 P 20260731 -1.00 -1.00 279 308 5.7836 -0.0011 0.000048
370.00 P 20260731 -1.00 -1.00 3 8504 5.3504 -0.0007 0.000036
375.00 P 20260731 -1.00 -1.00 8 14347 5.4673 -0.0014 0.000062
380.00 P 20260731 -1.00 -1.00 18 29294 5.5726 -0.0024 0.000101
385.00 P 20260731 -1.00 -1.00 8 18580 5.5616 -0.0030 0.000126
390.00 P 20260731 -1.00 -1.00 9 7205 4.6857 -0.0008 0.000047
395.00 P 20260731 -1.00 -1.00 38 2036 4.9161 -0.0022 0.000107
325.00 C 20260807 -1.00 -1.00 -1 0 0.0009 1.0000 -0.000000
330.00 C 20260807 -1.00 -1.00 1 0 0.0009 1.0000 -0.000000
335.00 C 20260807 -1.00 -1.00 -1 0 0.0009 1.0000 0.000000
340.00 C 20260807 -1.00 -1.00 -1 0 0.0009 1.0000 0.000000
345.00 C 20260807 -1.00 -1.00 -1 0 0.0009 1.0000 -0.000000
350.00 C 20260807 -1.00 -1.00 4 1 0.0009 1.0000 -0.000000
355.00 C 20260807 -1.00 -1.00 -1 0 0.0009 1.0000 -0.000000
360.00 C 20260807 -1.00 -1.00 -1 0 0.0009 1.0000 0.000000
365.00 C 20260807 -1.00 -1.00 -1 0 0.0009 1.0000 -0.000000
370.00 C 20260807 -1.00 -1.00 -1 0 0.0009 1.0000 0.000000
375.00 C 20260807 -1.00 -1.00 1 1 0.8282 0.9996 0.000021
380.00 C 20260807 -1.00 -1.00 -1 0 0.8966 0.9986 0.000063
385.00 C 20260807 -1.00 -1.00 -1 0 0.0009 1.0000 -0.000000
390.00 C 20260807 -1.00 -1.00 1 1 0.9198 0.9968 0.000135
392.50 C 20260807 -1.00 -1.00 -1 0 0.9261 0.9960 0.000166
395.00 C 20260807 -1.00 -1.00 -1 0 0.9080 0.9960 0.000170
325.00 P 20260807 -1.00 -1.00 5082 315 1.3134 -0.0016 0.000050
330.00 P 20260807 -1.00 -1.00 51 38 1.3197 -0.0022 0.000067
335.00 P 20260807 -1.00 -1.00 1 172 1.3153 -0.0026 0.000080
340.00 P 20260807 -1.00 -1.00 12 205 1.2795 -0.0027 0.000084
345.00 P 20260807 -1.00 -1.00 3 30 1.2844 -0.0035 0.000107
350.00 P 20260807 -1.00 -1.00 4 214 1.2197 -0.0030 0.000097
355.00 P 20260807 -1.00 -1.00 2 62 1.1933 -0.0032 0.000107
360.00 P 20260807 -1.00 -1.00 80 1344 1.1673 -0.0037 0.000123
365.00 P 20260807 -1.00 -1.00 84 8509 1.1343 -0.0040 0.000134
370.00 P 20260807 -1.00 -1.00 33436 10489 1.1238 -0.0051 0.000168
375.00 P 20260807 -1.00 -1.00 12 244 1.0916 -0.0054 0.000183
380.00 P 20260807 -1.00 -1.00 6 102 1.0706 -0.0061 0.000209
385.00 P 20260807 -1.00 -1.00 82 1608 1.0464 -0.0067 0.000234
390.00 P 20260807 -1.00 -1.00 112 656 1.0225 -0.0074 0.000261
392.50 P 20260807 -1.00 -1.00 42 1 1.0195 -0.0081 0.000284
395.00 P 20260807 -1.00 -1.00 104 172 1.0166 -0.0088 0.000308
390.00 C 20260810 -1.00 -1.00 -1 0 0.6616 0.9992 0.000042
392.50 C 20260810 -1.00 -1.00 -1 0 0.7436 0.9972 0.000126
395.00 C 20260810 -1.00 -1.00 1 1 0.7578 0.9963 0.000159
390.00 P 20260810 -1.00 -1.00 3 0 0.8961 -0.0091 0.000302
392.50 P 20260810 -1.00 -1.00 1 0 0.9134 -0.0117 0.000366
395.00 P 20260810 -1.00 -1.00 -1 0 0.8972 -0.0118 0.000378
390.00 C 20260812 -1.00 -1.00 -1 0 0.6626 0.9980 0.000094
392.50 C 20260812 -1.00 -1.00 -1 0 0.6845 0.9970 0.000129
395.00 C 20260812 -1.00 -1.00 -1 0 0.6944 0.9962 0.000161
390.00 P 20260812 -1.00 -1.00 -1 0 0.9710 -0.0224 0.000555
392.50 P 20260812 -1.00 -1.00 -1 0 0.9605 -0.0231 0.000578
395.00 P 20260812 -1.00 -1.00 2 1 0.9007 -0.0197 0.000533
325.00 C 20260814 -1.00 -1.00 -1 0 0.9543 0.9980 0.000058
330.00 C 20260814 -1.00 -1.00 -1 0 0.8788 0.9989 0.000036
335.00 C 20260814 -1.00 -1.00 -1 0 0.8405 0.9991 0.000032
340.00 C 20260814 -1.00 -1.00 1 0 0.0013 0.9999 0.000000
345.00 C 20260814 -1.00 -1.00 -1 0 0.9255 0.9960 0.000117
350.00 C 20260814 -1.00 -1.00 -1 0 0.8807 0.9967 0.000104
355.00 C 20260814 -1.00 -1.00 -1 0 0.9040 0.9942 0.000166
360.00 C 20260814 -1.00 -1.00 -1 0 0.8734 0.9942 0.000172
365.00 C 20260814 -1.00 -1.00 -1 0 0.9096 0.9913 0.000242
367.50 C 20260814 -1.00 -1.00 -1 0 0.8548 0.9930 0.000210
370.00 C 20260814 -1.00 -1.00 -1 0 0.8926 0.9906 0.000264
372.50 C 20260814 -1.00 -1.00 -1 0 0.8514 0.9917 0.000246
375.00 C 20260814 -1.00 -1.00 -1 0 0.8690 0.9899 0.000288
377.50 C 20260814 -1.00 -1.00 -1 0 0.8650 0.9887 0.000317
380.00 C 20260814 -1.00 -1.00 -1 0 0.8332 0.9904 0.000289
382.50 C 20260814 -1.00 -1.00 -1 0 0.8461 0.9874 0.000356
385.00 C 20260814 -1.00 -1.00 1 1 0.8367 0.9867 0.000376
387.50 C 20260814 -1.00 -1.00 -1 0 0.8329 0.9855 0.000408
390.00 C 20260814 -1.00 -1.00 -1 0 0.8237 0.9847 0.000431
392.50 C 20260814 -1.00 -1.00 -1 0 0.8035 0.9851 0.000431
395.00 C 20260814 -1.00 -1.00 -1 0 0.8108 0.9827 0.000488
325.00 P 20260814 -1.00 -1.00 131 152 1.0654 -0.0045 0.000115
330.00 P 20260814 -1.00 -1.00 5 124 1.0501 -0.0052 0.000131
335.00 P 20260814 -1.00 -1.00 1 102 1.0046 -0.0047 0.000125
340.00 P 20260814 -1.00 -1.00 23 257 1.0120 -0.0062 0.000161
345.00 P 20260814 -1.00 -1.00 2 8 1.0356 -0.0083 0.000205
350.00 P 20260814 -1.00 -1.00 1 80 1.0269 -0.0094 0.000232
355.00 P 20260814 -1.00 -1.00 1 3 0.9997 -0.0100 0.000249
360.00 P 20260814 -1.00 -1.00 8 12 0.9637 -0.0098 0.000254
365.00 P 20260814 -1.00 -1.00 1 80 0.9396 -0.0106 0.000278
367.50 P 20260814 -1.00 -1.00 2 2 0.9259 -0.0108 0.000288
370.00 P 20260814 -1.00 -1.00 50 69 0.9203 -0.0118 0.000312
372.50 P 20260814 -1.00 -1.00 -1 0 0.9079 -0.0122 0.000324
375.00 P 20260814 -1.00 -1.00 1 2 0.9147 -0.0144 0.000370
377.50 P 20260814 -1.00 -1.00 -1 0 0.9069 -0.0152 0.000391
380.00 P 20260814 -1.00 -1.00 4 123 0.8814 -0.0144 0.000384
382.50 P 20260814 -1.00 -1.00 -1 0 0.8937 -0.0171 0.000440
385.00 P 20260814 -1.00 -1.00 10 16 0.8795 -0.0174 0.000453
387.50 P 20260814 -1.00 -1.00 -1 0 0.8587 -0.0170 0.000456
390.00 P 20260814 -1.00 -1.00 18 82 0.8622 -0.0189 0.000499
392.50 P 20260814 -1.00 -1.00 -1 0 0.8558 -0.0200 0.000527
395.00 P 20260814 -1.00 -1.00 10 73 0.8441 -0.0205 0.000547
325.00 C 20260821 -1.00 -1.00 1 5 0.8500 0.9964 0.000094
330.00 C 20260821 -1.00 -1.00 2 31 0.8904 0.9934 0.000155
335.00 C 20260821 -1.00 -1.00 1 48 0.8846 0.9925 0.000177
340.00 C 20260821 -1.00 -1.00 3 15 0.8963 0.9906 0.000213
345.00 C 20260821 -1.00 -1.00 1 52 0.8732 0.9901 0.000229
350.00 C 20260821 -1.00 -1.00 6 186 0.8934 0.9856 0.000308
355.00 C 20260821 -1.00 -1.00 2 64 0.8470 0.9872 0.000294
360.00 C 20260821 -1.00 -1.00 5 46 0.8342 0.9856 0.000330
365.00 C 20260821 -1.00 -1.00 1 31 0.8215 0.9840 0.000367
370.00 C 20260821 -1.00 -1.00 5 160 0.7766 0.9857 0.000353
375.00 C 20260821 -1.00 -1.00 5 292 0.7968 0.9807 0.000447
380.00 C 20260821 -1.00 -1.00 1 116 0.7893 0.9785 0.000497
385.00 C 20260821 -1.00 -1.00 1 22 0.7591 0.9785 0.000517
390.00 C 20260821 -1.00 -1.00 1 32 0.7602 0.9754 0.000585
395.00 C 20260821 -1.00 -1.00 1 29 0.7421 0.9730 0.000643
325.00 P 20260821 -1.00 -1.00 1 265 1.0032 -0.0107 0.000215
330.00 P 20260821 -1.00 -1.00 9 1246 0.9592 -0.0096 0.000206
335.00 P 20260821 -1.00 -1.00 1 206 0.9500 -0.0114 0.000239
340.00 P 20260821 -1.00 -1.00 6 547 0.9265 -0.0119 0.000255
345.00 P 20260821 -1.00 -1.00 40 164 0.8994 -0.0122 0.000267
350.00 P 20260821 -1.00 -1.00 16 2373 0.8928 -0.0142 0.000307
355.00 P 20260821 -1.00 -1.00 2 177 0.8740 -0.0152 0.000333
360.00 P 20260821 -1.00 -1.00 241 1131 0.8639 -0.0170 0.000371
365.00 P 20260821 -1.00 -1.00 2 310 0.8521 -0.0187 0.000409
370.00 P 20260821 -1.00 -1.00 565 3819 0.8247 -0.0190 0.000429
375.00 P 20260821 -1.00 -1.00 2 654 0.8262 -0.0219 0.000487
380.00 P 20260821 -1.00 -1.00 17 970 0.8176 -0.0240 0.000534
385.00 P 20260821 -1.00 -1.00 16 181 0.7906 -0.0246 0.000564
390.00 P 20260821 -1.00 -1.00 4 982 0.7805 -0.0284 0.000638
395.00 P 20260821 -1.00 -1.00 2 3573 0.7767 -0.0334 0.000730
692.50 C 20260731 -1.00 -1.00 14 7 3.5032 0.0019 0.000127
695.00 C 20260731 -1.00 -1.00 7 108 3.9790 0.0046 0.000262
697.50 C 20260731 -1.00 -1.00 16 7 3.8140 0.0033 0.000197
700.00 C 20260731 -1.00 -1.00 3 1824 4.3228 0.0080 0.000385
702.50 C 20260731 -1.00 -1.00 16 27 4.0803 0.0042 0.000234
705.00 C 20260731 -1.00 -1.00 3 261 4.2766 0.0056 0.000286
707.50 C 20260731 -1.00 -1.00 1 901 3.8793 0.0023 0.000140
710.00 C 20260731 -1.00 -1.00 1 95 3.8427 0.0017 0.000108
715.00 C 20260731 -1.00 -1.00 2 97 4.6290 0.0073 0.000332
720.00 C 20260731 -1.00 -1.00 20 4005 4.3265 0.0035 0.000183
725.00 C 20260731 -1.00 -1.00 22 1440 4.1689 0.0019 0.000108
730.00 C 20260731 -1.00 -1.00 80 554 4.5955 0.0038 0.000187
735.00 C 20260731 -1.00 -1.00 10 85 4.8117 0.0044 0.000204
740.00 C 20260731 -1.00 -1.00 9 477 5.1354 0.0065 0.000269
745.00 C 20260731 -1.00 -1.00 6 59 4.6623 0.0025 0.000124
750.00 C 20260731 -1.00 -1.00 2 1081 4.3504 0.0009 0.000055
755.00 C 20260731 -1.00 -1.00 3 25 5.6786 0.0089 0.000323
760.00 C 20260731 -1.00 -1.00 2 1140 4.7686 0.0014 0.000074
692.50 P 20260731 -1.00 -1.00 -1 0 4.6361 -0.9846 0.000646
695.00 P 20260731 -1.00 -1.00 1 0 4.6984 -0.9847 0.000632
697.50 P 20260731 -1.00 -1.00 -1 0 4.7604 -0.9849 0.000618
700.00 P 20260731 -1.00 -1.00 200 0 4.8222 -0.9851 0.000605
702.50 P 20260731 -1.00 -1.00 -1 0 4.8839 -0.9852 0.000593
705.00 P 20260731 -1.00 -1.00 4 0 4.9453 -0.9854 0.000581
707.50 P 20260731 -1.00 -1.00 -1 0 5.0064 -0.9855 0.000569
710.00 P 20260731 -1.00 -1.00 1 0 4.7769 -0.9893 0.000456
715.00 P 20260731 -1.00 -1.00 -1 0 5.1884 -0.9859 0.000537
720.00 P 20260731 -1.00 -1.00 -1 0 5.2934 -0.9862 0.000518
725.00 P 20260731 -1.00 -1.00 24 0 5.3966 -0.9864 0.000499
730.00 P 20260731 -1.00 -1.00 10 0 5.4992 -0.9867 0.000482
735.00 P 20260731 -1.00 -1.00 -1 0 5.6011 -0.9869 0.000466
740.00 P 20260731 -1.00 -1.00 -1 0 5.1737 -0.9931 0.000285
745.00 P 20260731 -1.00 -1.00 -1 0 4.9238 -0.9962 0.000179
750.00 P 20260731 -1.00 -1.00 2 0 5.6029 -0.9907 0.000342
755.00 P 20260731 -1.00 -1.00 -1 0 5.7030 -0.9908 0.000331
760.00 P 20260731 -1.00 -1.00 -1 0 5.8025 -0.9910 0.000321
692.50 C 20260803 -1.00 -1.00 -1 0 1.3948 0.0351 0.001101
695.00 C 20260803 -1.00 -1.00 -1 0 1.3528 0.0301 0.000990
697.50 C 20260803 -1.00 -1.00 -1 0 1.3599 0.0290 0.000955
700.00 C 20260803 -1.00 -1.00 4 2 1.2996 0.0220 0.000785
702.50 C 20260803 -1.00 -1.00 -1 0 1.3909 0.0285 0.000917
705.00 C 20260803 -1.00 -1.00 5 4 1.4030 0.0279 0.000893
710.00 C 20260803 -1.00 -1.00 1 3 1.4337 0.0274 0.000860
715.00 C 20260803 -1.00 -1.00 2 6 1.3341 0.0152 0.000565
720.00 C 20260803 -1.00 -1.00 10 4 1.6677 0.0416 0.001049
725.00 C 20260803 -1.00 -1.00 60 13 1.5312 0.0265 0.000781
730.00 C 20260803 -1.00 -1.00 8 3 1.5611 0.0260 0.000755
735.00 C 20260803 -1.00 -1.00 -1 0 1.5858 0.0252 0.000724
740.00 C 20260803 -1.00 -1.00 2 1 1.6087 0.0243 0.000691
692.50 P 20260803 -1.00 -1.00 -1 0 1.1486 -0.9884 0.000589
695.00 P 20260803 -1.00 -1.00 -1 0 1.1625 -0.9886 0.000576
697.50 P 20260803 -1.00 -1.00 -1 0 1.1765 -0.9887 0.000564
700.00 P 20260803 -1.00 -1.00 -1 0 1.1690 -0.9899 0.000520
702.50 P 20260803 -1.00 -1.00 -1 0 1.1829 -0.9900 0.000509
705.00 P 20260803 -1.00 -1.00 -1 0 1.1967 -0.9901 0.000498
710.00 P 20260803 -1.00 -1.00 -1 0 1.2454 -0.9892 0.000509
715.00 P 20260803 -1.00 -1.00 -1 0 1.2515 -0.9905 0.000460
720.00 P 20260803 -1.00 -1.00 -1 0 1.2785 -0.9906 0.000443
725.00 P 20260803 -1.00 -1.00 -1 0 1.3054 -0.9908 0.000427
730.00 P 20260803 -1.00 -1.00 -1 0 1.3321 -0.9910 0.000412
735.00 P 20260803 -1.00 -1.00 -1 0 1.3586 -0.9911 0.000398
740.00 P 20260803 -1.00 -1.00 -1 0 1.3850 -0.9913 0.000385
692.50 C 20260805 -1.00 -1.00 2 1 1.0527 0.0308 0.001020
695.00 C 20260805 -1.00 -1.00 -1 0 1.0517 0.0291 0.000970
697.50 C 20260805 -1.00 -1.00 2 1 1.0904 0.0316 0.001006
700.00 C 20260805 -1.00 -1.00 1 1 1.0801 0.0289 0.000939
702.50 C 20260805 -1.00 -1.00 -1 0 1.1411 0.0336 0.001017
705.00 C 20260805 -1.00 -1.00 -1 0 1.1057 0.0285 0.000906
710.00 C 20260805 -1.00 -1.00 -1 0 1.1771 0.0327 0.000961
715.00 C 20260805 -1.00 -1.00 -1 0 1.1747 0.0296 0.000881
720.00 C 20260805 -1.00 -1.00 2 1 1.2088 0.0301 0.000868
725.00 C 20260805 -1.00 -1.00 -1 0 1.2207 0.0284 0.000819
730.00 C 20260805 -1.00 -1.00 -1 0 1.2712 0.0306 0.000837
735.00 C 20260805 -1.00 -1.00 -1 0 1.4865 0.0542 0.001135
740.00 C 20260805 -1.00 -1.00 -1 0 1.3045 0.0284 0.000765
692.50 P 20260805 -1.00 -1.00 -1 0 0.9131 -0.9887 0.000624
695.00 P 20260805 -1.00 -1.00 1 0 0.9241 -0.9888 0.000611
697.50 P 20260805 -1.00 -1.00 -1 0 0.9351 -0.9890 0.000598
700.00 P 20260805 -1.00 -1.00 -1 0 0.9461 -0.9891 0.000586
702.50 P 20260805 -1.00 -1.00 -1 0 0.9570 -0.9892 0.000575
705.00 P 20260805 -1.00 -1.00 -1 0 0.9939 -0.9870 0.000616
710.00 P 20260805 -1.00 -1.00 1 0 1.0631 -0.9815 0.000731
715.00 P 20260805 -1.00 -1.00 1 0 -1.0000 -1.0000 -1.000000
720.00 P 20260805 -1.00 -1.00 -1 0 1.0323 -0.9899 0.000504
725.00 P 20260805 -1.00 -1.00 -1 0 1.1062 -0.9861 0.000576
730.00 P 20260805 -1.00 -1.00 -1 0 1.1222 -0.9872 0.000534
735.00 P 20260805 -1.00 -1.00 -1 0 1.1299 -0.9883 0.000494
740.00 P 20260805 -1.00 -1.00 -1 0 1.1505 -0.9885 0.000479
695.00 C 20260807 -1.00 -1.00 383 254 0.6680 0.0044 0.000252
700.00 C 20260807 -1.00 -1.00 259 1482 0.6631 0.0035 0.000205
705.00 C 20260807 -1.00 -1.00 164 1020 0.6583 0.0026 0.000158
710.00 C 20260807 -1.00 -1.00 12 79 0.7099 0.0039 0.000210
715.00 C 20260807 -1.00 -1.00 3 79 0.7612 0.0052 0.000256
720.00 C 20260807 -1.00 -1.00 3 555 0.7870 0.0057 0.000269
725.00 C 20260807 -1.00 -1.00 4 296 0.7439 0.0032 0.000166
730.00 C 20260807 -1.00 -1.00 2 745 0.7597 0.0031 0.000159
735.00 C 20260807 -1.00 -1.00 43 64 0.8887 0.0090 0.000354
740.00 C 20260807 -1.00 -1.00 4 136 0.8465 0.0047 0.000212
745.00 C 20260807 -1.00 -1.00 4 38 0.9235 0.0087 0.000331
750.00 C 20260807 -1.00 -1.00 23 195 0.8980 0.0055 0.000229
755.00 C 20260807 -1.00 -1.00 23 124 0.9930 0.0107 0.000371
760.00 C 20260807 -1.00 -1.00 215 368 0.8798 0.0036 0.000159
695.00 P 20260807 -1.00 -1.00 2 0 0.7998 -0.9881 0.000679
700.00 P 20260807 -1.00 -1.00 1 0 0.8354 -0.9859 0.000705
705.00 P 20260807 -1.00 -1.00 2 0 0.8563 -0.9862 0.000677
710.00 P 20260807 -1.00 -1.00 -1 0 0.8771 -0.9865 0.000651
715.00 P 20260807 -1.00 -1.00 -1 0 0.8977 -0.9868 0.000626
720.00 P 20260807 -1.00 -1.00 -1 0 0.9006 -0.9893 0.000557
725.00 P 20260807 -1.00 -1.00 -1 0 0.9186 -0.9894 0.000538
730.00 P 20260807 -1.00 -1.00 2 1 0.9365 -0.9896 0.000520
735.00 P 20260807 -1.00 -1.00 8 0 0.9695 -0.9887 0.000524
740.00 P 20260807 -1.00 -1.00 1 0 0.9720 -0.9899 0.000488
745.00 P 20260807 -1.00 -1.00 -1 0 0.9896 -0.9901 0.000473
750.00 P 20260807 -1.00 -1.00 2 0 1.0070 -0.9902 0.000460
755.00 P 20260807 -1.00 -1.00 -1 0 1.0244 -0.9904 0.000446
760.00 P 20260807 -1.00 -1.00 -1 0 1.0416 -0.9905 0.000434
695.00 C 20260810 -1.00 -1.00 -1 0 0.7283 0.0256 0.000896
700.00 C 20260810 -1.00 -1.00 -1 0 0.7478 0.0254 0.000866
705.00 C 20260810 -1.00 -1.00 -1 0 0.7652 0.0249 0.000832
710.00 C 20260810 -1.00 -1.00 -1 0 0.7835 0.0246 0.000803
715.00 C 20260810 -1.00 -1.00 -1 0 0.8016 0.0243 0.000776
720.00 C 20260810 -1.00 -1.00 -1 0 0.8177 0.0237 0.000745
725.00 C 20260810 -1.00 -1.00 -1 0 0.8421 0.0244 0.000741
730.00 C 20260810 -1.00 -1.00 -1 0 0.9635 0.0382 0.000957
735.00 C 20260810 -1.00 -1.00 -1 0 -1.0000 -1.0000 -1.000000
740.00 C 20260810 -1.00 -1.00 -1 0 -1.0000 -1.0000 -1.000000
695.00 P 20260810 -1.00 -1.00 1 0 0.7040 -0.9834 0.000854
700.00 P 20260810 -1.00 -1.00 -1 0 0.7218 -0.9838 0.000819
705.00 P 20260810 -1.00 -1.00 -1 0 0.6571 -0.9960 0.000446
710.00 P 20260810 -1.00 -1.00 -1 0 0.6728 -0.9961 0.000428
715.00 P 20260810 -1.00 -1.00 -1 0 0.7623 -0.9869 0.000683
720.00 P 20260810 -1.00 -1.00 -1 0 0.7856 -0.9861 0.000681
725.00 P 20260810 -1.00 -1.00 -1 0 -1.0000 -1.0000 -1.000000
730.00 P 20260810 -1.00 -1.00 -1 0 0.8198 -0.9866 0.000635
735.00 P 20260810 -1.00 -1.00 -1 0 0.8164 -0.9900 0.000535
740.00 P 20260810 -1.00 -1.00 -1 0 -1.0000 -1.0000 -1.000000
695.00 C 20260812 -1.00 -1.00 -1 0 0.6775 0.0278 0.000944
700.00 C 20260812 -1.00 -1.00 -1 0 0.6927 0.0271 0.000903
705.00 C 20260812 -1.00 -1.00 -1 0 0.7061 0.0261 0.000858
710.00 C 20260812 -1.00 -1.00 -1 0 0.7211 0.0254 0.000822
715.00 C 20260812 -1.00 -1.00 -1 0 0.7368 0.0250 0.000792
720.00 C 20260812 -1.00 -1.00 -1 0 0.7516 0.0244 0.000760
725.00 C 20260812 -1.00 -1.00 -1 0 0.7671 0.0240 0.000734
730.00 C 20260812 -1.00 -1.00 -1 0 0.7833 0.0237 0.000711
735.00 C 20260812 -1.00 -1.00 -1 0 0.7986 0.0233 0.000688
740.00 C 20260812 -1.00 -1.00 -1 0 0.8146 0.0231 0.000669
695.00 P 20260812 -1.00 -1.00 -1 0 0.6465 -0.9840 0.000884
700.00 P 20260812 -1.00 -1.00 -1 0 0.6683 -0.9832 0.000871
705.00 P 20260812 -1.00 -1.00 -1 0 0.6845 -0.9835 0.000837
710.00 P 20260812 -1.00 -1.00 -1 0 0.6773 -0.9885 0.000688
715.00 P 20260812 -1.00 -1.00 -1 0 0.7110 -0.9852 0.000755
720.00 P 20260812 -1.00 -1.00 -1 0 0.7152 -0.9877 0.000673
725.00 P 20260812 -1.00 -1.00 -1 0 0.7425 -0.9857 0.000703
730.00 P 20260812 -1.00 -1.00 -1 0 0.7465 -0.9881 0.000626
735.00 P 20260812 -1.00 -1.00 -1 0 0.7736 -0.9862 0.000657
740.00 P 20260812 -1.00 -1.00 -1 0 0.7890 -0.9864 0.000636
695.00 C 20260814 -1.00 -1.00 2 35 0.5273 0.0104 0.000483
700.00 C 20260814 -1.00 -1.00 15 119 0.5752 0.0138 0.000576
705.00 C 20260814 -1.00 -1.00 10 29 0.5845 0.0132 0.000543
710.00 C 20260814 -1.00 -1.00 1 19 0.6083 0.0140 0.000550
715.00 C 20260814 -1.00 -1.00 57 78 0.6283 0.0144 0.000547
720.00 C 20260814 -1.00 -1.00 3 19 0.6320 0.0133 0.000505
725.00 C 20260814 -1.00 -1.00 56 75 0.5762 0.0060 0.000274
730.00 C 20260814 -1.00 -1.00 10 27 0.6499 0.0122 0.000453
735.00 C 20260814 -1.00 -1.00 1 4 0.6605 0.0118 0.000433
740.00 C 20260814 -1.00 -1.00 14 13 0.6783 0.0121 0.000431
745.00 C 20260814 -1.00 -1.00 1 1 0.6923 0.0121 0.000421
750.00 C 20260814 -1.00 -1.00 1 19 0.6921 0.0108 0.000379
755.00 C 20260814 -1.00 -1.00 -1 0 0.7131 0.0114 0.000387
760.00 C 20260814 -1.00 -1.00 1500 3 0.6722 0.0063 0.000242
695.00 P 20260814 -1.00 -1.00 -1 0 0.5902 -0.9871 0.000827
700.00 P 20260814 -1.00 -1.00 5 0 0.6110 -0.9861 0.000832
705.00 P 20260814 -1.00 -1.00 3 0 0.6260 -0.9864 0.000798
710.00 P 20260814 -1.00 -1.00 -1 0 0.6352 -0.9879 0.000730
715.00 P 20260814 -1.00 -1.00 -1 0 0.6500 -0.9881 0.000702
720.00 P 20260814 -1.00 -1.00 -1 0 0.6704 -0.9871 0.000710
725.00 P 20260814 -1.00 -1.00 1 0 0.6849 -0.9874 0.000685
730.00 P 20260814 -1.00 -1.00 -1 0 0.6994 -0.9876 0.000661
735.00 P 20260814 -1.00 -1.00 -1 0 0.7138 -0.9878 0.000639
740.00 P 20260814 -1.00 -1.00 -1 0 0.7281 -0.9880 0.000618
745.00 P 20260814 -1.00 -1.00 1 0 0.7422 -0.9881 0.000599
750.00 P 20260814 -1.00 -1.00 1 1 0.7563 -0.9883 0.000580
755.00 P 20260814 -1.00 -1.00 -1 0 0.7703 -0.9885 0.000563
760.00 P 20260814 -1.00 -1.00 -1 0 0.7842 -0.9886 0.000547
695.00 C 20260821 -1.00 -1.00 3 269 0.5061 0.0263 0.000915
700.00 C 20260821 -1.00 -1.00 37 4678 0.5068 0.0230 0.000814
705.00 C 20260821 -1.00 -1.00 3 439 0.5145 0.0214 0.000755
710.00 C 20260821 -1.00 -1.00 3 896 0.5209 0.0196 0.000693
715.00 C 20260821 -1.00 -1.00 2 296 0.5286 0.0181 0.000641
720.00 C 20260821 -1.00 -1.00 7 1275 0.5342 0.0163 0.000580
725.00 C 20260821 -1.00 -1.00 65 439 0.5430 0.0152 0.000541
730.00 C 20260821 -1.00 -1.00 15 377 0.5453 0.0138 0.000496
735.00 C 20260821 -1.00 -1.00 83 1886 0.5525 0.0133 0.000471
740.00 C 20260821 -1.00 -1.00 9 2239 0.5352 0.0099 0.000374
745.00 C 20260821 -1.00 -1.00 1 127 0.5626 0.0118 0.000414
750.00 C 20260821 -1.00 -1.00 2 1925 0.5740 0.0117 0.000405
755.00 C 20260821 -1.00 -1.00 3 199 0.5682 0.0098 0.000347
760.00 C 20260821 -1.00 -1.00 6 970 0.6167 0.0137 0.000435
695.00 P 20260821 -1.00 -1.00 10 1 0.5305 -0.9781 0.001149
700.00 P 20260821 -1.00 -1.00 11 15 0.5343 -0.9807 0.001058
705.00 P 20260821 -1.00 -1.00 22 14 0.5376 -0.9833 0.000958
710.00 P 20260821 -1.00 -1.00 1 0 0.5544 -0.9825 0.000951
715.00 P 20260821 -1.00 -1.00 9 0 0.5621 -0.9839 0.000889
720.00 P 20260821 -1.00 -1.00 1 0 0.5633 -0.9874 0.000787
725.00 P 20260821 -1.00 -1.00 40 0 0.5809 -0.9859 0.000796
730.00 P 20260821 -1.00 -1.00 2 0 -1.0000 -1.0000 -1.000000
735.00 P 20260821 -1.00 -1.00 3 0 0.6189 -0.9828 0.000823
740.00 P 20260821 -1.00 -1.00 4 0 0.6163 -0.9866 0.000719
745.00 P 20260821 -1.00 -1.00 1 0 0.6165 -0.9900 0.000631
750.00 P 20260821 -1.00 -1.00 1 0 0.6154 -0.9934 0.000530
755.00 P 20260821 -1.00 -1.00 -1 0 0.6509 -0.9873 0.000656
760.00 P 20260821 -1.00 -1.00 1 1 0.6623 -0.9875 0.000637
