# opt_chain META | epoch 1785514983 | 2026-07-31 12:23:03 | spot 548.40 | exps 20260731 20260803 20260805 20260807 20260810 20260812 20260814 20260821
# fuente polygon_snapshot_v3 | greeks polygon_directo | iv polygon_directo | oi polygon_directo | vol day.volume(-1 si no cotizo) | bid/ask NO_ENTITLED(-1) | spot_src ibkr_bridge spot_edad_s 61 | band 0.6000 vencimientos 8 exp_hasta 2026-08-21
# strike right exp bid ask vol oi iv delta gamma
330.00 C 20260731 -1.00 -1.00 8 29 -1.0000 -1.0000 -1.000000
340.00 C 20260731 -1.00 -1.00 8 29 -1.0000 -1.0000 -1.000000
350.00 C 20260731 -1.00 -1.00 1 29 -1.0000 -1.0000 -1.000000
360.00 C 20260731 -1.00 -1.00 42 27 -1.0000 -1.0000 -1.000000
370.00 C 20260731 -1.00 -1.00 28 27 -1.0000 -1.0000 -1.000000
380.00 C 20260731 -1.00 -1.00 4 26 -1.0000 -1.0000 -1.000000
390.00 C 20260731 -1.00 -1.00 4 16 5.4226 0.9866 0.000392
400.00 C 20260731 -1.00 -1.00 14 34 5.5177 0.9784 0.000586
405.00 C 20260731 -1.00 -1.00 20 28 -1.0000 -1.0000 -1.000000
410.00 C 20260731 -1.00 -1.00 14 16 -1.0000 -1.0000 -1.000000
415.00 C 20260731 -1.00 -1.00 44 19 -1.0000 -1.0000 -1.000000
420.00 C 20260731 -1.00 -1.00 42 18 -1.0000 -1.0000 -1.000000
425.00 C 20260731 -1.00 -1.00 14 19 -1.0000 -1.0000 -1.000000
430.00 C 20260731 -1.00 -1.00 54 16 -1.0000 -1.0000 -1.000000
435.00 C 20260731 -1.00 -1.00 50 15 -1.0000 -1.0000 -1.000000
440.00 C 20260731 -1.00 -1.00 11 92 -1.0000 -1.0000 -1.000000
445.00 C 20260731 -1.00 -1.00 7 30 -1.0000 -1.0000 -1.000000
450.00 C 20260731 -1.00 -1.00 76 34 -1.0000 -1.0000 -1.000000
455.00 C 20260731 -1.00 -1.00 64 20 0.0002 1.0000 -0.000000
460.00 C 20260731 -1.00 -1.00 2 21 2.6927 0.9878 0.000733
465.00 C 20260731 -1.00 -1.00 5 22 -1.0000 -1.0000 -1.000000
470.00 C 20260731 -1.00 -1.00 13 23 2.3100 0.9892 0.000770
475.00 C 20260731 -1.00 -1.00 8 31 2.0989 0.9902 0.000777
480.00 C 20260731 -1.00 -1.00 2 36 2.0822 0.9847 0.001144
485.00 C 20260731 -1.00 -1.00 8 27 -1.0000 -1.0000 -1.000000
487.50 C 20260731 -1.00 -1.00 11 0 -1.0000 -1.0000 -1.000000
490.00 C 20260731 -1.00 -1.00 7 42 1.6288 0.9901 0.001010
492.50 C 20260731 -1.00 -1.00 6 2 -1.0000 -1.0000 -1.000000
495.00 C 20260731 -1.00 -1.00 9 34 1.6410 0.9810 0.001743
497.50 C 20260731 -1.00 -1.00 6 0 1.2875 0.9941 0.000796
500.00 C 20260731 -1.00 -1.00 32 84 1.4333 0.9837 0.001756
502.50 C 20260731 -1.00 -1.00 -1 0 -1.0000 -1.0000 -1.000000
505.00 C 20260731 -1.00 -1.00 2 76 0.0002 1.0000 -0.000000
507.50 C 20260731 -1.00 -1.00 3 6 1.0369 0.9929 0.001173
510.00 C 20260731 -1.00 -1.00 4 81 0.0002 1.0000 -0.000000
512.50 C 20260731 -1.00 -1.00 3 31 1.0801 0.9789 0.002901
515.00 C 20260731 -1.00 -1.00 11 40 1.0732 0.9720 0.003766
517.50 C 20260731 -1.00 -1.00 3 73 1.0183 0.9674 0.004483
520.00 C 20260731 -1.00 -1.00 38 222 0.9035 0.9711 0.004593
522.50 C 20260731 -1.00 -1.00 549 256 -1.0000 -1.0000 -1.000000
525.00 C 20260731 -1.00 -1.00 57 431 -1.0000 -1.0000 -1.000000
527.50 C 20260731 -1.00 -1.00 68 229 0.8100 0.9329 0.010144
530.00 C 20260731 -1.00 -1.00 448 1457 0.7812 0.9066 0.013310
532.50 C 20260731 -1.00 -1.00 267 2578 0.6634 0.9048 0.015896
535.00 C 20260731 -1.00 -1.00 810 1636 0.4837 0.9311 0.017308
537.50 C 20260731 -1.00 -1.00 361 725 0.5106 0.8610 0.027358
540.00 C 20260731 -1.00 -1.00 1709 4816 0.4147 0.8257 0.038726
542.50 C 20260731 -1.00 -1.00 1995 381 0.4801 0.6862 0.046387
545.00 C 20260731 -1.00 -1.00 4382 1124 0.4669 0.5652 0.052804
547.50 C 20260731 -1.00 -1.00 5458 268 0.4683 0.4338 0.052605
550.00 C 20260731 -1.00 -1.00 14201 4122 0.4754 0.3126 0.046681
552.50 C 20260731 -1.00 -1.00 7534 1056 0.4795 0.2093 0.037724
555.00 C 20260731 -1.00 -1.00 16917 3749 0.5071 0.1406 0.027803
557.50 C 20260731 -1.00 -1.00 9063 1144 0.5030 0.0829 0.018967
560.00 C 20260731 -1.00 -1.00 12737 2606 0.5233 0.0527 0.012784
562.50 C 20260731 -1.00 -1.00 3277 796 0.5573 0.0348 0.008640
565.00 C 20260731 -1.00 -1.00 3747 1360 0.5764 0.0226 0.005779
567.50 C 20260731 -1.00 -1.00 5282 1174 0.6033 0.0143 0.003754
570.00 C 20260731 -1.00 -1.00 4775 2498 0.6656 0.0132 0.003182
572.50 C 20260731 -1.00 -1.00 1462 1804 0.7122 0.0113 0.002592
575.00 C 20260731 -1.00 -1.00 3956 4164 0.7388 0.0086 0.001950
577.50 C 20260731 -1.00 -1.00 411 547 0.7790 0.0071 0.001558
580.00 C 20260731 -1.00 -1.00 1622 2054 0.8191 0.0058 0.001231
582.50 C 20260731 -1.00 -1.00 158 151 0.9001 0.0072 0.001360
585.00 C 20260731 -1.00 -1.00 1124 1210 0.9397 0.0060 0.001113
587.50 C 20260731 -1.00 -1.00 60 473 0.9614 0.0041 0.000785
590.00 C 20260731 -1.00 -1.00 280 2311 1.0320 0.0047 0.000822
592.50 C 20260731 -1.00 -1.00 55 1195 1.0847 0.0045 0.000755
595.00 C 20260731 -1.00 -1.00 314 1619 1.1371 0.0043 0.000697
597.50 C 20260731 -1.00 -1.00 37 287 1.1107 0.0027 0.000461
600.00 C 20260731 -1.00 -1.00 717 4559 1.1941 0.0033 0.000520
602.50 C 20260731 -1.00 -1.00 12 497 1.2771 0.0039 0.000560
605.00 C 20260731 -1.00 -1.00 72 1347 1.2488 0.0024 0.000371
607.50 C 20260731 -1.00 -1.00 46 443 1.3314 0.0030 0.000423
610.00 C 20260731 -1.00 -1.00 264 2501 1.3400 0.0023 0.000325
612.50 C 20260731 -1.00 -1.00 29 840 1.4220 0.0028 0.000374
615.00 C 20260731 -1.00 -1.00 235 1163 1.4303 0.0021 0.000289
617.50 C 20260731 -1.00 -1.00 42 324 1.4752 0.0021 0.000273
620.00 C 20260731 -1.00 -1.00 869 2366 1.5200 0.0020 0.000258
622.50 C 20260731 -1.00 -1.00 43 852 1.6010 0.0025 0.000300
625.00 C 20260731 -1.00 -1.00 234 1614 1.6089 0.0019 0.000233
627.50 C 20260731 -1.00 -1.00 9 330 1.7984 0.0039 0.000396
630.00 C 20260731 -1.00 -1.00 123 2811 1.7334 0.0024 0.000259
632.50 C 20260731 -1.00 -1.00 94 575 1.9643 0.0050 0.000452
635.00 C 20260731 -1.00 -1.00 44 9146 2.0921 0.0071 0.000582
637.50 C 20260731 -1.00 -1.00 58 167 2.1408 0.0070 0.000558
640.00 C 20260731 -1.00 -1.00 195 2617 1.9075 0.0022 0.000217
642.50 C 20260731 -1.00 -1.00 35 476 2.0583 0.0034 0.000307
645.00 C 20260731 -1.00 -1.00 101 871 1.9935 0.0021 0.000200
647.50 C 20260731 -1.00 -1.00 4 763 2.3596 0.0071 0.000516
650.00 C 20260731 -1.00 -1.00 161 8776 2.0431 0.0016 0.000152
652.50 C 20260731 -1.00 -1.00 13 599 2.1926 0.0028 0.000238
655.00 C 20260731 -1.00 -1.00 69 6432 2.3415 0.0038 0.000301
657.50 C 20260731 -1.00 -1.00 3 430 2.4188 0.0041 0.000312
660.00 C 20260731 -1.00 -1.00 556 3867 2.2476 0.0019 0.000161
662.50 C 20260731 -1.00 -1.00 90 318 2.6173 0.0059 0.000392
665.00 C 20260731 -1.00 -1.00 9 1674 2.8310 0.0094 0.000550
667.50 C 20260731 -1.00 -1.00 93 431 2.3725 0.0018 0.000146
670.00 C 20260731 -1.00 -1.00 37 4639 2.8079 0.0067 0.000412
672.50 C 20260731 -1.00 -1.00 2106 1518 2.5253 0.0024 0.000183
675.00 C 20260731 -1.00 -1.00 53 7391 3.4552 0.0201 0.000871
677.50 C 20260731 -1.00 -1.00 1051 1246 2.5719 0.0020 0.000152
680.00 C 20260731 -1.00 -1.00 21 4148 2.6475 0.0023 0.000168
682.50 C 20260731 -1.00 -1.00 5 744 2.7926 0.0033 0.000216
685.00 C 20260731 -1.00 -1.00 53 4968 2.6586 0.0016 0.000119
687.50 C 20260731 -1.00 -1.00 198 212 2.9074 0.0035 0.000220
690.00 C 20260731 -1.00 -1.00 17 3087 2.7737 0.0019 0.000132
692.50 C 20260731 -1.00 -1.00 2 749 3.0214 0.0037 0.000223
695.00 C 20260731 -1.00 -1.00 16 6097 3.3238 0.0071 0.000364
697.50 C 20260731 -1.00 -1.00 515 1056 2.9276 0.0021 0.000140
700.00 C 20260731 -1.00 -1.00 50 10131 2.8242 0.0012 0.000084
702.50 C 20260731 -1.00 -1.00 7 474 2.9375 0.0015 0.000100
705.00 C 20260731 -1.00 -1.00 18 5625 2.9768 0.0015 0.000098
707.50 C 20260731 -1.00 -1.00 153 676 3.0502 0.0017 0.000112
710.00 C 20260731 -1.00 -1.00 39 1072 2.9639 0.0011 0.000077
712.50 C 20260731 -1.00 -1.00 2 158 3.1280 0.0017 0.000107
715.00 C 20260731 -1.00 -1.00 9 897 3.3712 0.0033 0.000181
717.50 C 20260731 -1.00 -1.00 128 188 3.4094 0.0033 0.000178
720.00 C 20260731 -1.00 -1.00 24 2725 3.2096 0.0014 0.000086
722.50 C 20260731 -1.00 -1.00 15 168 4.7714 0.0264 0.000794
725.00 C 20260731 -1.00 -1.00 108 15053 4.6816 0.0226 0.000708
727.50 C 20260731 -1.00 -1.00 55 308 4.6344 0.0199 0.000642
730.00 C 20260731 -1.00 -1.00 15 1902 3.3484 0.0013 0.000079
732.50 C 20260731 -1.00 -1.00 3 220 3.2712 0.0010 0.000064
735.00 C 20260731 -1.00 -1.00 2 840 4.3201 0.0106 0.000402
737.50 C 20260731 -1.00 -1.00 14 180 4.7406 0.0169 0.000550
740.00 C 20260731 -1.00 -1.00 12 695 5.5941 0.0359 0.000886
742.50 C 20260731 -1.00 -1.00 5 59 4.6754 0.0134 0.000459
745.00 C 20260731 -1.00 -1.00 4 783 4.7525 0.0138 0.000463
747.50 C 20260731 -1.00 -1.00 10 202 4.4772 0.0095 0.000351
750.00 C 20260731 -1.00 -1.00 27 1858 4.7483 0.0125 0.000424
755.00 C 20260731 -1.00 -1.00 105 427 4.5266 0.0083 0.000307
760.00 C 20260731 -1.00 -1.00 31 1118 4.6677 0.0090 0.000320
765.00 C 20260731 -1.00 -1.00 1 219 7.3415 0.0719 0.001166
330.00 P 20260731 -1.00 -1.00 1 158 7.3559 -0.0068 0.000160
340.00 P 20260731 -1.00 -1.00 2 85 5.8183 -0.0019 0.000062
350.00 P 20260731 -1.00 -1.00 6 81 5.1944 -0.0010 0.000040
360.00 P 20260731 -1.00 -1.00 2 57 5.5042 -0.0031 0.000108
370.00 P 20260731 -1.00 -1.00 9 43 4.8071 -0.0020 0.000082
380.00 P 20260731 -1.00 -1.00 11 205 8.4773 -0.0546 0.000824
390.00 P 20260731 -1.00 -1.00 9 116 3.8283 -0.0008 0.000046
400.00 P 20260731 -1.00 -1.00 2 1291 3.7844 -0.0018 0.000095
405.00 P 20260731 -1.00 -1.00 7 227 3.8711 -0.0030 0.000147
410.00 P 20260731 -1.00 -1.00 44 912 3.3704 -0.0012 0.000074
415.00 P 20260731 -1.00 -1.00 574 1255 3.1896 -0.0010 0.000065
420.00 P 20260731 -1.00 -1.00 36 132 3.5720 -0.0047 0.000235
425.00 P 20260731 -1.00 -1.00 384 389 3.2332 -0.0030 0.000176
430.00 P 20260731 -1.00 -1.00 425 643 2.8804 -0.0017 0.000119
435.00 P 20260731 -1.00 -1.00 1 417 2.7067 -0.0015 0.000111
440.00 P 20260731 -1.00 -1.00 337 655 2.6221 -0.0019 0.000142
445.00 P 20260731 -1.00 -1.00 106 294 2.8416 -0.0058 0.000355
450.00 P 20260731 -1.00 -1.00 693 959 2.4127 -0.0025 0.000194
455.00 P 20260731 -1.00 -1.00 85 287 2.2456 -0.0022 0.000189
460.00 P 20260731 -1.00 -1.00 184 652 1.9952 -0.0011 0.000111
465.00 P 20260731 -1.00 -1.00 82 296 2.0438 -0.0029 0.000266
470.00 P 20260731 -1.00 -1.00 751 608 1.7971 -0.0017 0.000186
475.00 P 20260731 -1.00 -1.00 439 4206 1.6788 -0.0018 0.000211
480.00 P 20260731 -1.00 -1.00 769 2877 1.5616 -0.0019 0.000241
485.00 P 20260731 -1.00 -1.00 265 876 1.4457 -0.0021 0.000278
487.50 P 20260731 -1.00 -1.00 62 49 1.5094 -0.0039 0.000474
490.00 P 20260731 -1.00 -1.00 209 1599 1.3310 -0.0023 0.000325
492.50 P 20260731 -1.00 -1.00 45 94 1.2741 -0.0024 0.000352
495.00 P 20260731 -1.00 -1.00 186 1341 1.2175 -0.0025 0.000384
497.50 P 20260731 -1.00 -1.00 30 199 1.2847 -0.0058 0.000784
500.00 P 20260731 -1.00 -1.00 1401 10324 1.1051 -0.0027 0.000461
502.50 P 20260731 -1.00 -1.00 93 1111 1.0901 -0.0036 0.000613
505.00 P 20260731 -1.00 -1.00 497 2006 0.9938 -0.0030 0.000564
507.50 P 20260731 -1.00 -1.00 175 1002 0.9908 -0.0048 0.000866
510.00 P 20260731 -1.00 -1.00 867 3064 0.9146 -0.0042 0.000844
512.50 P 20260731 -1.00 -1.00 346 934 0.8534 -0.0045 0.000953
515.00 P 20260731 -1.00 -1.00 1723 1886 0.7746 -0.0038 0.000908
517.50 P 20260731 -1.00 -1.00 507 467 0.7319 -0.0051 0.001249
520.00 P 20260731 -1.00 -1.00 2351 4246 0.6862 -0.0067 0.001674
522.50 P 20260731 -1.00 -1.00 406 1691 0.6407 -0.0084 0.002212
525.00 P 20260731 -1.00 -1.00 3456 2908 0.5954 -0.0104 0.002898
527.50 P 20260731 -1.00 -1.00 967 755 0.5559 -0.0152 0.004271
530.00 P 20260731 -1.00 -1.00 5404 2877 0.5320 -0.0256 0.006981
532.50 P 20260731 -1.00 -1.00 2933 2599 0.4865 -0.0360 0.010133
535.00 P 20260731 -1.00 -1.00 7153 2561 0.4589 -0.0602 0.016334
537.50 P 20260731 -1.00 -1.00 2008 583 0.4418 -0.1074 0.026162
540.00 P 20260731 -1.00 -1.00 12094 5433 0.5104 -0.2199 0.036755
542.50 P 20260731 -1.00 -1.00 4346 258 0.4368 -0.2978 0.049677
545.00 P 20260731 -1.00 -1.00 10728 1775 0.4221 -0.4286 0.058250
547.50 P 20260731 -1.00 -1.00 3733 173 0.5246 -0.5586 0.047138
550.00 P 20260731 -1.00 -1.00 7468 6012 0.4511 -0.6971 0.048502
552.50 P 20260731 -1.00 -1.00 1256 225 0.4081 -0.8293 0.038930
555.00 P 20260731 -1.00 -1.00 1188 1886 0.5880 -0.8200 0.027917
557.50 P 20260731 -1.00 -1.00 299 1553 0.4297 -0.9480 0.015598
560.00 P 20260731 -1.00 -1.00 699 2432 0.7891 -0.8595 0.017904
562.50 P 20260731 -1.00 -1.00 68 202 -1.0000 -1.0000 -1.000000
565.00 P 20260731 -1.00 -1.00 258 1095 -1.0000 -1.0000 -1.000000
567.50 P 20260731 -1.00 -1.00 3 254 0.8248 -0.9425 0.008773
570.00 P 20260731 -1.00 -1.00 344 1082 0.7004 -0.9816 0.004087
572.50 P 20260731 -1.00 -1.00 41 232 -1.0000 -1.0000 -1.000000
575.00 P 20260731 -1.00 -1.00 160 764 -1.0000 -1.0000 -1.000000
577.50 P 20260731 -1.00 -1.00 8 129 1.1095 -0.9556 0.005276
580.00 P 20260731 -1.00 -1.00 279 1197 -1.0000 -1.0000 -1.000000
582.50 P 20260731 -1.00 -1.00 8 501 1.7113 -0.8949 0.006633
585.00 P 20260731 -1.00 -1.00 66 464 1.0677 -0.9872 0.001980
587.50 P 20260731 -1.00 -1.00 28 563 1.7553 -0.9192 0.005355
590.00 P 20260731 -1.00 -1.00 282 1031 -1.0000 -1.0000 -1.000000
592.50 P 20260731 -1.00 -1.00 10 192 1.9593 -0.9187 0.004817
595.00 P 20260731 -1.00 -1.00 125 669 1.5130 -0.9728 0.002599
597.50 P 20260731 -1.00 -1.00 2 179 1.7952 -0.9537 0.003363
600.00 P 20260731 -1.00 -1.00 150 317 1.3181 -0.9928 0.000970
602.50 P 20260731 -1.00 -1.00 5 45 1.8289 -0.9669 0.002551
605.00 P 20260731 -1.00 -1.00 35 132 1.3375 -0.9963 0.000557
607.50 P 20260731 -1.00 -1.00 16 16 -1.0000 -1.0000 -1.000000
610.00 P 20260731 -1.00 -1.00 22 855 -1.0000 -1.0000 -1.000000
612.50 P 20260731 -1.00 -1.00 10 10 2.0357 -0.9718 0.001992
615.00 P 20260731 -1.00 -1.00 50 50 2.0354 -0.9755 0.001762
617.50 P 20260731 -1.00 -1.00 13 3 1.5636 -0.9968 0.000415
620.00 P 20260731 -1.00 -1.00 7 219 1.6083 -0.9969 0.000394
622.50 P 20260731 -1.00 -1.00 6 5 2.4318 -0.9667 0.001929
625.00 P 20260731 -1.00 -1.00 8 28 2.1190 -0.9853 0.001107
627.50 P 20260731 -1.00 -1.00 4 1 2.5166 -0.9692 0.001739
630.00 P 20260731 -1.00 -1.00 22 140 2.4587 -0.9747 0.001499
632.50 P 20260731 -1.00 -1.00 9 17 1.8290 -0.9972 0.000310
635.00 P 20260731 -1.00 -1.00 11 114 -1.0000 -1.0000 -1.000000
637.50 P 20260731 -1.00 -1.00 14 1 3.0586 -0.9538 0.001969
640.00 P 20260731 -1.00 -1.00 7 9 2.3856 -0.9884 0.000800
642.50 P 20260731 -1.00 -1.00 104 0 3.0301 -0.9653 0.001596
645.00 P 20260731 -1.00 -1.00 3 13 -1.0000 -1.0000 -1.000000
647.50 P 20260731 -1.00 -1.00 2 2 -1.0000 -1.0000 -1.000000
650.00 P 20260731 -1.00 -1.00 1085 10 2.3794 -0.9938 0.000462
652.50 P 20260731 -1.00 -1.00 6 1 -1.0000 -1.0000 -1.000000
655.00 P 20260731 -1.00 -1.00 6 9 -1.0000 -1.0000 -1.000000
657.50 P 20260731 -1.00 -1.00 36 5 -1.0000 -1.0000 -1.000000
660.00 P 20260731 -1.00 -1.00 18 11 -1.0000 -1.0000 -1.000000
662.50 P 20260731 -1.00 -1.00 15 2 -1.0000 -1.0000 -1.000000
665.00 P 20260731 -1.00 -1.00 5 22 2.5664 -0.9960 0.000297
667.50 P 20260731 -1.00 -1.00 5 1 -1.0000 -1.0000 -1.000000
670.00 P 20260731 -1.00 -1.00 507 4 -1.0000 -1.0000 -1.000000
672.50 P 20260731 -1.00 -1.00 3 3 -1.0000 -1.0000 -1.000000
675.00 P 20260731 -1.00 -1.00 2 4 -1.0000 -1.0000 -1.000000
677.50 P 20260731 -1.00 -1.00 12 0 -1.0000 -1.0000 -1.000000
680.00 P 20260731 -1.00 -1.00 2 103 3.9101 -0.9694 0.001106
682.50 P 20260731 -1.00 -1.00 47 14 3.9064 -0.9713 0.001046
685.00 P 20260731 -1.00 -1.00 91 17 3.5211 -0.9858 0.000646
687.50 P 20260731 -1.00 -1.00 1 2 -1.0000 -1.0000 -1.000000
690.00 P 20260731 -1.00 -1.00 2 5 4.1390 -0.9700 0.001027
692.50 P 20260731 -1.00 -1.00 14 1 4.1890 -0.9703 0.001005
695.00 P 20260731 -1.00 -1.00 12 0 4.1847 -0.9721 0.000952
697.50 P 20260731 -1.00 -1.00 16 0 4.2614 -0.9717 0.000948
700.00 P 20260731 -1.00 -1.00 17 66 4.2839 -0.9727 0.000914
702.50 P 20260731 -1.00 -1.00 3 0 4.4676 -0.9694 0.000967
705.00 P 20260731 -1.00 -1.00 12 8 4.4361 -0.9718 0.000907
707.50 P 20260731 -1.00 -1.00 18 0 4.0831 -0.9836 0.000624
710.00 P 20260731 -1.00 -1.00 13 1 3.4600 -0.9955 0.000241
712.50 P 20260731 -1.00 -1.00 5 0 3.1457 -0.9983 0.000116
715.00 P 20260731 -1.00 -1.00 1 20 3.9225 -0.9895 0.000441
717.50 P 20260731 -1.00 -1.00 4 0 4.5654 -0.9760 0.000766
720.00 P 20260731 -1.00 -1.00 4 11 4.7995 -0.9715 0.000846
722.50 P 20260731 -1.00 -1.00 2 0 4.7943 -0.9730 0.000806
725.00 P 20260731 -1.00 -1.00 2 1 4.8155 -0.9739 0.000780
727.50 P 20260731 -1.00 -1.00 2 0 5.0216 -0.9703 0.000837
730.00 P 20260731 -1.00 -1.00 6 0 4.8842 -0.9750 0.000741
732.50 P 20260731 -1.00 -1.00 4 0 5.0894 -0.9714 0.000799
735.00 P 20260731 -1.00 -1.00 104 0 4.5058 -0.9869 0.000469
737.50 P 20260731 -1.00 -1.00 124 0 5.3405 -0.9683 0.000834
740.00 P 20260731 -1.00 -1.00 4 1 5.6225 -0.9636 0.000895
742.50 P 20260731 -1.00 -1.00 10 0 5.0930 -0.9767 0.000670
745.00 P 20260731 -1.00 -1.00 9 7 5.1657 -0.9762 0.000672
747.50 P 20260731 -1.00 -1.00 9 0 5.4206 -0.9715 0.000747
750.00 P 20260731 -1.00 -1.00 6 0 5.5445 -0.9700 0.000764
755.00 P 20260731 -1.00 -1.00 18 1 5.2205 -0.9801 0.000573
760.00 P 20260731 -1.00 -1.00 2 0 5.5192 -0.9754 0.000646
765.00 P 20260731 -1.00 -1.00 4 0 -1.0000 -1.0000 -1.000000
400.00 C 20260803 -1.00 -1.00 -1 0 -1.0000 -1.0000 -1.000000
405.00 C 20260803 -1.00 -1.00 -1 0 1.3303 0.9930 0.000280
410.00 C 20260803 -1.00 -1.00 -1 0 1.2802 0.9928 0.000298
415.00 C 20260803 -1.00 -1.00 -1 0 0.0006 1.0000 0.000000
420.00 C 20260803 -1.00 -1.00 -1 0 0.0006 1.0000 0.000000
425.00 C 20260803 -1.00 -1.00 -1 0 -1.0000 -1.0000 -1.000000
430.00 C 20260803 -1.00 -1.00 2 1 1.0608 0.9928 0.000356
435.00 C 20260803 -1.00 -1.00 2 1 0.0006 1.0000 0.000000
440.00 C 20260803 -1.00 -1.00 2 1 0.0006 1.0000 0.000000
445.00 C 20260803 -1.00 -1.00 2 1 -1.0000 -1.0000 -1.000000
450.00 C 20260803 -1.00 -1.00 2 1 0.0006 1.0000 -0.000000
460.00 C 20260803 -1.00 -1.00 64 12 -1.0000 -1.0000 -1.000000
465.00 C 20260803 -1.00 -1.00 64 21 -1.0000 -1.0000 -1.000000
470.00 C 20260803 -1.00 -1.00 92 30 0.5798 0.9975 0.000254
475.00 C 20260803 -1.00 -1.00 92 26 -1.0000 -1.0000 -1.000000
480.00 C 20260803 -1.00 -1.00 4 8 -1.0000 -1.0000 -1.000000
482.50 C 20260803 -1.00 -1.00 -1 0 -1.0000 -1.0000 -1.000000
485.00 C 20260803 -1.00 -1.00 2 9 -1.0000 -1.0000 -1.000000
487.50 C 20260803 -1.00 -1.00 4 0 -1.0000 -1.0000 -1.000000
490.00 C 20260803 -1.00 -1.00 2 7 -1.0000 -1.0000 -1.000000
492.50 C 20260803 -1.00 -1.00 4 2 -1.0000 -1.0000 -1.000000
495.00 C 20260803 -1.00 -1.00 15 26 -1.0000 -1.0000 -1.000000
497.50 C 20260803 -1.00 -1.00 4 2 0.0006 1.0000 0.000000
500.00 C 20260803 -1.00 -1.00 5 58 -1.0000 -1.0000 -1.000000
502.50 C 20260803 -1.00 -1.00 6 15 0.4612 0.9746 0.002479
505.00 C 20260803 -1.00 -1.00 4 20 -1.0000 -1.0000 -1.000000
507.50 C 20260803 -1.00 -1.00 2 26 -1.0000 -1.0000 -1.000000
510.00 C 20260803 -1.00 -1.00 4 16 0.2631 0.9975 0.000549
512.50 C 20260803 -1.00 -1.00 24 38 -1.0000 -1.0000 -1.000000
515.00 C 20260803 -1.00 -1.00 1 13 -1.0000 -1.0000 -1.000000
517.50 C 20260803 -1.00 -1.00 52 132 -1.0000 -1.0000 -1.000000
520.00 C 20260803 -1.00 -1.00 18 42 0.0006 1.0000 0.000000
522.50 C 20260803 -1.00 -1.00 10 6 0.2372 0.9776 0.004316
525.00 C 20260803 -1.00 -1.00 23 70 0.3328 0.8990 0.010253
527.50 C 20260803 -1.00 -1.00 14 34 0.3324 0.8736 0.012245
530.00 C 20260803 -1.00 -1.00 63 2206 0.2951 0.8664 0.014268
532.50 C 20260803 -1.00 -1.00 34 143 0.2910 0.8264 0.017020
535.00 C 20260803 -1.00 -1.00 189 390 0.3221 0.7597 0.018820
537.50 C 20260803 -1.00 -1.00 95 67 0.3172 0.7107 0.020865
540.00 C 20260803 -1.00 -1.00 504 320 0.3236 0.6556 0.022386
542.50 C 20260803 -1.00 -1.00 109 80 0.3144 0.5996 0.023816
545.00 C 20260803 -1.00 -1.00 495 243 0.3156 0.5391 0.024511
547.50 C 20260803 -1.00 -1.00 459 81 0.3091 0.4782 0.025100
550.00 C 20260803 -1.00 -1.00 1794 676 0.3194 0.4199 0.023711
552.50 C 20260803 -1.00 -1.00 344 177 0.3202 0.3614 0.023000
555.00 C 20260803 -1.00 -1.00 1039 569 0.3230 0.3113 0.021188
557.50 C 20260803 -1.00 -1.00 211 145 0.3258 0.2620 0.019435
560.00 C 20260803 -1.00 -1.00 2487 350 0.3251 0.2168 0.017583
562.50 C 20260803 -1.00 -1.00 192 336 0.3271 0.1795 0.015464
565.00 C 20260803 -1.00 -1.00 769 576 0.3305 0.1439 0.013405
567.50 C 20260803 -1.00 -1.00 277 99 0.3394 0.1223 0.011595
570.00 C 20260803 -1.00 -1.00 1169 460 0.3449 0.1014 0.009903
572.50 C 20260803 -1.00 -1.00 411 145 0.3467 0.0785 0.008204
575.00 C 20260803 -1.00 -1.00 495 267 0.3501 0.0631 0.006859
577.50 C 20260803 -1.00 -1.00 494 161 0.3557 0.0521 0.005757
580.00 C 20260803 -1.00 -1.00 1872 1873 0.3650 0.0433 0.004836
582.50 C 20260803 -1.00 -1.00 290 944 0.3759 0.0359 0.004059
585.00 C 20260803 -1.00 -1.00 449 458 0.3885 0.0311 0.003510
587.50 C 20260803 -1.00 -1.00 148 547 0.3946 0.0266 0.003004
590.00 C 20260803 -1.00 -1.00 1369 1024 0.4042 0.0232 0.002598
592.50 C 20260803 -1.00 -1.00 40 122 0.4191 0.0213 0.002332
595.00 C 20260803 -1.00 -1.00 143 187 0.4304 0.0187 0.002030
597.50 C 20260803 -1.00 -1.00 6 132 0.4470 0.0176 0.001856
600.00 C 20260803 -1.00 -1.00 572 1254 0.4529 0.0138 0.001504
602.50 C 20260803 -1.00 -1.00 4 341 0.4764 0.0147 0.001504
605.00 C 20260803 -1.00 -1.00 6 374 0.4849 0.0125 0.001294
607.50 C 20260803 -1.00 -1.00 5 126 0.4925 0.0113 0.001156
610.00 C 20260803 -1.00 -1.00 139 862 0.4918 0.0092 0.000956
612.50 C 20260803 -1.00 -1.00 3 191 0.5116 0.0093 0.000936
615.00 C 20260803 -1.00 -1.00 10 147 0.5313 0.0095 0.000917
617.50 C 20260803 -1.00 -1.00 7 105 0.5387 0.0084 0.000810
620.00 C 20260803 -1.00 -1.00 26 132 0.5339 0.0060 0.000609
622.50 C 20260803 -1.00 -1.00 8 48 0.5656 0.0076 0.000703
625.00 C 20260803 -1.00 -1.00 86 85 0.5648 0.0057 0.000551
627.50 C 20260803 -1.00 -1.00 19 1546 0.5761 0.0052 0.000496
630.00 C 20260803 -1.00 -1.00 17 1318 0.6076 0.0067 0.000585
632.50 C 20260803 -1.00 -1.00 3 60 0.6107 0.0054 0.000481
635.00 C 20260803 -1.00 -1.00 10 48 0.6258 0.0053 0.000461
637.50 C 20260803 -1.00 -1.00 2 34 0.6530 0.0063 0.000515
640.00 C 20260803 -1.00 -1.00 33 157 0.6330 0.0039 0.000349
642.50 C 20260803 -1.00 -1.00 5 34 0.6830 0.0060 0.000476
645.00 C 20260803 -1.00 -1.00 12 128 0.6375 0.0029 0.000266
647.50 C 20260803 -1.00 -1.00 12 148 0.7008 0.0048 0.000380
650.00 C 20260803 -1.00 -1.00 69 822 0.6748 0.0032 0.000274
652.50 C 20260803 -1.00 -1.00 1 349 0.6770 0.0028 0.000238
655.00 C 20260803 -1.00 -1.00 17 383 0.7118 0.0035 0.000280
657.50 C 20260803 -1.00 -1.00 7 77 0.7676 0.0051 0.000368
660.00 C 20260803 -1.00 -1.00 22 158 0.7269 0.0030 0.000239
662.50 C 20260803 -1.00 -1.00 12 55 0.7614 0.0037 0.000274
665.00 C 20260803 -1.00 -1.00 32 955 0.7418 0.0026 0.000201
667.50 C 20260803 -1.00 -1.00 3 33 0.7978 0.0039 0.000276
670.00 C 20260803 -1.00 -1.00 33 160 0.7889 0.0032 0.000231
672.50 C 20260803 -1.00 -1.00 15 10 0.8231 0.0038 0.000260
675.00 C 20260803 -1.00 -1.00 6 104 0.8249 0.0034 0.000235
677.50 C 20260803 -1.00 -1.00 13 48 0.9061 0.0062 0.000367
680.00 C 20260803 -1.00 -1.00 11 108 0.8500 0.0033 0.000222
682.50 C 20260803 -1.00 -1.00 81 7 0.8090 0.0016 0.000123
685.00 C 20260803 -1.00 -1.00 14 178 1.0417 0.0116 0.000559
687.50 C 20260803 -1.00 -1.00 4 27 1.0555 0.0115 0.000545
690.00 C 20260803 -1.00 -1.00 37 91 0.9209 0.0037 0.000229
692.50 C 20260803 -1.00 -1.00 5 31 1.0829 0.0112 0.000520
695.00 C 20260803 -1.00 -1.00 23 63 1.0965 0.0111 0.000508
697.50 C 20260803 -1.00 -1.00 6 70 1.0368 0.0068 0.000348
700.00 C 20260803 -1.00 -1.00 13 653 0.8956 0.0015 0.000103
702.50 C 20260803 -1.00 -1.00 15 63 1.0602 0.0064 0.000323
705.00 C 20260803 -1.00 -1.00 3 58 0.9937 0.0035 0.000198
707.50 C 20260803 -1.00 -1.00 31 34 0.9952 0.0031 0.000182
710.00 C 20260803 -1.00 -1.00 1 25 0.9652 0.0020 0.000124
712.50 C 20260803 -1.00 -1.00 1 24 1.0913 0.0048 0.000246
715.00 C 20260803 -1.00 -1.00 50 280 1.0414 0.0033 0.000182
717.50 C 20260803 -1.00 -1.00 10 45 1.0533 0.0033 0.000178
720.00 C 20260803 -1.00 -1.00 41 194 1.0546 0.0030 0.000163
722.50 C 20260803 -1.00 -1.00 15 24 1.0247 0.0019 0.000112
725.00 C 20260803 -1.00 -1.00 26 38 1.0365 0.0019 0.000110
727.50 C 20260803 -1.00 -1.00 23 350 1.1001 0.0031 0.000164
730.00 C 20260803 -1.00 -1.00 79 114 1.0001 0.0010 0.000065
732.50 C 20260803 -1.00 -1.00 2 35 1.1233 0.0031 0.000158
735.00 C 20260803 -1.00 -1.00 25 332 1.2933 0.0087 0.000347
737.50 C 20260803 -1.00 -1.00 23 25 1.4926 0.0194 0.000603
740.00 C 20260803 -1.00 -1.00 22 45 1.5056 0.0191 0.000590
742.50 C 20260803 -1.00 -1.00 5 23 1.4992 0.0171 0.000542
745.00 C 20260803 -1.00 -1.00 47 22 1.4832 0.0144 0.000477
747.50 C 20260803 -1.00 -1.00 14 38 1.5201 0.0161 0.000510
750.00 C 20260803 -1.00 -1.00 91 103 1.5044 0.0140 0.000459
755.00 C 20260803 -1.00 -1.00 43 54 1.4212 0.0093 0.000335
760.00 C 20260803 -1.00 -1.00 46 27 1.4870 0.0109 0.000370
765.00 C 20260803 -1.00 -1.00 14 111 1.6186 0.0152 0.000457
400.00 P 20260803 -1.00 -1.00 6 2 -1.0000 -1.0000 -1.000000
405.00 P 20260803 -1.00 -1.00 6 3 1.2684 -0.0049 0.000214
410.00 P 20260803 -1.00 -1.00 8 1 1.2204 -0.0051 0.000229
415.00 P 20260803 -1.00 -1.00 4 6 1.4932 -0.0214 0.000661
420.00 P 20260803 -1.00 -1.00 2 3 1.1209 -0.0053 0.000258
425.00 P 20260803 -1.00 -1.00 8 11 1.1097 -0.0070 0.000333
430.00 P 20260803 -1.00 -1.00 2 13 0.8919 -0.0017 0.000119
435.00 P 20260803 -1.00 -1.00 9 5 1.0035 -0.0069 0.000365
440.00 P 20260803 -1.00 -1.00 14 10 0.9488 -0.0067 0.000378
445.00 P 20260803 -1.00 -1.00 15 8 0.9046 -0.0070 0.000413
450.00 P 20260803 -1.00 -1.00 4 160 0.7475 -0.0025 0.000194
460.00 P 20260803 -1.00 -1.00 32 45 0.7555 -0.0070 0.000491
465.00 P 20260803 -1.00 -1.00 3 100 0.6652 -0.0040 0.000343
470.00 P 20260803 -1.00 -1.00 33 142 0.6428 -0.0057 0.000484
475.00 P 20260803 -1.00 -1.00 2 57 0.5921 -0.0053 0.000491
480.00 P 20260803 -1.00 -1.00 43 288 0.5515 -0.0057 0.000559
482.50 P 20260803 -1.00 -1.00 10 5 0.5218 -0.0050 0.000527
485.00 P 20260803 -1.00 -1.00 17 64 0.5786 -0.0128 0.001099
487.50 P 20260803 -1.00 -1.00 4 34 0.5007 -0.0073 0.000765
490.00 P 20260803 -1.00 -1.00 61 361 0.4761 -0.0071 0.000785
492.50 P 20260803 -1.00 -1.00 5 65 0.5129 -0.0147 0.001389
495.00 P 20260803 -1.00 -1.00 88 614 0.4906 -0.0153 0.001502
497.50 P 20260803 -1.00 -1.00 25 87 0.4265 -0.0090 0.001099
500.00 P 20260803 -1.00 -1.00 308 818 0.4071 -0.0095 0.001199
502.50 P 20260803 -1.00 -1.00 29 100 0.4143 -0.0151 0.001756
505.00 P 20260803 -1.00 -1.00 74 165 0.3924 -0.0158 0.001930
507.50 P 20260803 -1.00 -1.00 33 334 0.3786 -0.0187 0.002314
510.00 P 20260803 -1.00 -1.00 265 373 0.3708 -0.0234 0.002872
512.50 P 20260803 -1.00 -1.00 48 154 0.3753 -0.0334 0.003830
515.00 P 20260803 -1.00 -1.00 151 163 0.3457 -0.0330 0.004117
517.50 P 20260803 -1.00 -1.00 176 180 0.3329 -0.0412 0.005093
520.00 P 20260803 -1.00 -1.00 536 526 0.3260 -0.0529 0.006390
522.50 P 20260803 -1.00 -1.00 61 90 0.3207 -0.0664 0.007860
525.00 P 20260803 -1.00 -1.00 1184 159 0.3130 -0.0877 0.009807
527.50 P 20260803 -1.00 -1.00 175 124 0.3099 -0.1129 0.012012
530.00 P 20260803 -1.00 -1.00 465 284 0.3137 -0.1501 0.014414
532.50 P 20260803 -1.00 -1.00 671 101 0.3103 -0.1884 0.016869
535.00 P 20260803 -1.00 -1.00 749 181 0.3124 -0.2336 0.019183
537.50 P 20260803 -1.00 -1.00 146 76 0.3045 -0.2822 0.021495
540.00 P 20260803 -1.00 -1.00 1761 112 0.3107 -0.3397 0.023174
542.50 P 20260803 -1.00 -1.00 303 27 0.3068 -0.3989 0.024438
545.00 P 20260803 -1.00 -1.00 3043 430 0.3092 -0.4611 0.025076
547.50 P 20260803 -1.00 -1.00 490 114 0.3098 -0.5227 0.025112
550.00 P 20260803 -1.00 -1.00 1436 452 0.3032 -0.5861 0.025010
552.50 P 20260803 -1.00 -1.00 59 88 0.3042 -0.6470 0.024060
555.00 P 20260803 -1.00 -1.00 84 50 0.3029 -0.7025 0.022275
557.50 P 20260803 -1.00 -1.00 40 104 0.3056 -0.7554 0.020310
560.00 P 20260803 -1.00 -1.00 64 298 0.3105 -0.7955 0.017935
562.50 P 20260803 -1.00 -1.00 4 25 0.3317 -0.8190 0.015542
565.00 P 20260803 -1.00 -1.00 3 52 0.3130 -0.8717 0.013389
567.50 P 20260803 -1.00 -1.00 2 13 0.2827 -0.9249 0.010284
570.00 P 20260803 -1.00 -1.00 10 159 0.3251 -0.9161 0.009534
572.50 P 20260803 -1.00 -1.00 26 21 0.4469 -0.8646 0.009684
575.00 P 20260803 -1.00 -1.00 2 78 0.2760 -0.9797 0.004385
577.50 P 20260803 -1.00 -1.00 2 7 0.2702 -0.9921 0.002687
580.00 P 20260803 -1.00 -1.00 28 100 0.3978 -0.9442 0.005763
582.50 P 20260803 -1.00 -1.00 2 27 0.5017 -0.9084 0.006462
585.00 P 20260803 -1.00 -1.00 16 156 0.4129 -0.9615 0.004230
587.50 P 20260803 -1.00 -1.00 4 28 0.4993 -0.9375 0.004954
590.00 P 20260803 -1.00 -1.00 14 222 -1.0000 -1.0000 -1.000000
592.50 P 20260803 -1.00 -1.00 2 33 -1.0000 -1.0000 -1.000000
595.00 P 20260803 -1.00 -1.00 1 102 -1.0000 -1.0000 -1.000000
597.50 P 20260803 -1.00 -1.00 2 78 0.6491 -0.9268 0.004275
600.00 P 20260803 -1.00 -1.00 22 279 0.5118 -0.9751 0.002445
602.50 P 20260803 -1.00 -1.00 5 71 0.6801 -0.9341 0.003753
605.00 P 20260803 -1.00 -1.00 67 2 0.7053 -0.9347 0.003587
607.50 P 20260803 -1.00 -1.00 5 5 -1.0000 -1.0000 -1.000000
610.00 P 20260803 -1.00 -1.00 12 2 0.6654 -0.9592 0.002649
612.50 P 20260803 -1.00 -1.00 6 6 0.7714 -0.9383 0.003125
615.00 P 20260803 -1.00 -1.00 3 6 0.6658 -0.9709 0.002069
617.50 P 20260803 -1.00 -1.00 1 1 0.8520 -0.9326 0.003033
620.00 P 20260803 -1.00 -1.00 4 3 -1.0000 -1.0000 -1.000000
622.50 P 20260803 -1.00 -1.00 11 2 0.8612 -0.9415 0.002673
625.00 P 20260803 -1.00 -1.00 5 0 0.8900 -0.9409 0.002608
627.50 P 20260803 -1.00 -1.00 2 24 0.8791 -0.9484 0.002373
630.00 P 20260803 -1.00 -1.00 3 2 0.9298 -0.9430 0.002420
632.50 P 20260803 -1.00 -1.00 1 3 0.8966 -0.9550 0.002092
635.00 P 20260803 -1.00 -1.00 4 7 0.9119 -0.9568 0.001995
637.50 P 20260803 -1.00 -1.00 2 1 0.9537 -0.9529 0.002034
640.00 P 20260803 -1.00 -1.00 2 4 1.0084 -0.9468 0.002109
642.50 P 20260803 -1.00 -1.00 15 0 1.0975 -0.9355 0.002258
645.00 P 20260803 -1.00 -1.00 12 0 0.8364 -0.9823 0.001105
647.50 P 20260803 -1.00 -1.00 2 0 1.0227 -0.9576 0.001750
650.00 P 20260803 -1.00 -1.00 3 4 1.0770 -0.9516 0.001834
652.50 P 20260803 -1.00 -1.00 1 1 1.0524 -0.9606 0.001611
655.00 P 20260803 -1.00 -1.00 8 0 1.0582 -0.9638 0.001507
657.50 P 20260803 -1.00 -1.00 15 0 1.0617 -0.9669 0.001404
660.00 P 20260803 -1.00 -1.00 2 0 0.8869 -0.9894 0.000719
662.50 P 20260803 -1.00 -1.00 15 0 1.1720 -0.9549 0.001595
665.00 P 20260803 -1.00 -1.00 10 10 1.1995 -0.9540 0.001582
667.50 P 20260803 -1.00 -1.00 3 0 1.1922 -0.9590 0.001460
670.00 P 20260803 -1.00 -1.00 10 0 1.2109 -0.9595 0.001424
672.50 P 20260803 -1.00 -1.00 -1 0 1.1588 -0.9694 0.001200
675.00 P 20260803 -1.00 -1.00 10 10 1.2566 -0.9590 0.001383
677.50 P 20260803 -1.00 -1.00 -1 0 -1.0000 -1.0000 -1.000000
680.00 P 20260803 -1.00 -1.00 3 0 1.3702 -0.9480 0.001516
682.50 P 20260803 -1.00 -1.00 -1 0 1.2901 -0.9640 0.001227
685.00 P 20260803 -1.00 -1.00 -1 0 1.2297 -0.9719 0.001051
687.50 P 20260803 -1.00 -1.00 -1 0 1.4162 -0.9509 0.001403
690.00 P 20260803 -1.00 -1.00 2 0 1.3619 -0.9623 0.001199
692.50 P 20260803 -1.00 -1.00 -1 0 1.3928 -0.9607 0.001208
695.00 P 20260803 -1.00 -1.00 -1 0 1.3936 -0.9638 0.001139
697.50 P 20260803 -1.00 -1.00 15 0 1.3583 -0.9689 0.001031
700.00 P 20260803 -1.00 -1.00 53 0 1.3060 -0.9752 0.000891
702.50 P 20260803 -1.00 -1.00 -1 0 1.3213 -0.9755 0.000873
705.00 P 20260803 -1.00 -1.00 -1 0 1.4690 -0.9645 0.001064
707.50 P 20260803 -1.00 -1.00 -1 0 1.4909 -0.9642 0.001055
710.00 P 20260803 -1.00 -1.00 -1 0 1.5084 -0.9645 0.001036
712.50 P 20260803 -1.00 -1.00 -1 0 1.5079 -0.9661 0.000998
715.00 P 20260803 -1.00 -1.00 -1 0 1.5563 -0.9633 0.001029
717.50 P 20260803 -1.00 -1.00 -1 0 1.5128 -0.9685 0.000932
720.00 P 20260803 -1.00 -1.00 -1 0 1.4612 -0.9741 0.000821
722.50 P 20260803 -1.00 -1.00 -1 0 1.5673 -0.9672 0.000931
725.00 P 20260803 -1.00 -1.00 15 0 1.5903 -0.9668 0.000926
727.50 P 20260803 -1.00 -1.00 75 0 1.6215 -0.9659 0.000929
730.00 P 20260803 -1.00 -1.00 -1 0 1.6196 -0.9674 0.000896
732.50 P 20260803 -1.00 -1.00 -1 0 1.6671 -0.9653 0.000917
735.00 P 20260803 -1.00 -1.00 -1 0 1.6733 -0.9661 0.000895
737.50 P 20260803 -1.00 -1.00 -1 0 1.6468 -0.9693 0.000837
740.00 P 20260803 -1.00 -1.00 -1 0 1.7103 -0.9661 0.000876
742.50 P 20260803 -1.00 -1.00 -1 0 1.7083 -0.9674 0.000847
745.00 P 20260803 -1.00 -1.00 -1 0 1.5498 -0.9809 0.000607
747.50 P 20260803 -1.00 -1.00 -1 0 1.7613 -0.9662 0.000846
750.00 P 20260803 -1.00 -1.00 -1 0 1.7836 -0.9659 0.000842
755.00 P 20260803 -1.00 -1.00 -1 0 1.6982 -0.9743 0.000698
760.00 P 20260803 -1.00 -1.00 -1 0 1.8074 -0.9690 0.000767
765.00 P 20260803 -1.00 -1.00 -1 0 1.8595 -0.9678 0.000769
400.00 C 20260805 -1.00 -1.00 -1 0 0.0007 0.9999 0.000000
405.00 C 20260805 -1.00 -1.00 -1 0 0.0007 0.9999 0.000000
410.00 C 20260805 -1.00 -1.00 -1 0 0.0007 0.9999 0.000000
415.00 C 20260805 -1.00 -1.00 -1 0 0.0007 0.9999 0.000000
420.00 C 20260805 -1.00 -1.00 10 3 0.8961 0.9941 0.000277
425.00 C 20260805 -1.00 -1.00 10 3 0.0007 0.9999 0.000000
430.00 C 20260805 -1.00 -1.00 2 1 0.9103 0.9890 0.000485
435.00 C 20260805 -1.00 -1.00 2 1 0.0007 0.9999 0.000000
440.00 C 20260805 -1.00 -1.00 10 5 -1.0000 -1.0000 -1.000000
445.00 C 20260805 -1.00 -1.00 10 5 0.0007 0.9999 0.000000
450.00 C 20260805 -1.00 -1.00 -1 0 0.7475 0.9874 0.000660
460.00 C 20260805 -1.00 -1.00 28 9 -1.0000 -1.0000 -1.000000
465.00 C 20260805 -1.00 -1.00 86 21 0.0007 0.9999 -0.000000
470.00 C 20260805 -1.00 -1.00 130 25 -1.0000 -1.0000 -1.000000
475.00 C 20260805 -1.00 -1.00 142 19 -1.0000 -1.0000 -1.000000
477.50 C 20260805 -1.00 -1.00 -1 0 -1.0000 -1.0000 -1.000000
480.00 C 20260805 -1.00 -1.00 2 16 0.0007 0.9999 -0.000000
482.50 C 20260805 -1.00 -1.00 50 6 0.0007 0.9999 -0.000000
485.00 C 20260805 -1.00 -1.00 2 8 -1.0000 -1.0000 -1.000000
487.50 C 20260805 -1.00 -1.00 50 6 0.0007 0.9999 -0.000000
490.00 C 20260805 -1.00 -1.00 12 8 -1.0000 -1.0000 -1.000000
492.50 C 20260805 -1.00 -1.00 -1 0 -1.0000 -1.0000 -1.000000
495.00 C 20260805 -1.00 -1.00 32 8 -1.0000 -1.0000 -1.000000
497.50 C 20260805 -1.00 -1.00 15 0 -1.0000 -1.0000 -1.000000
500.00 C 20260805 -1.00 -1.00 1 21 -1.0000 -1.0000 -1.000000
502.50 C 20260805 -1.00 -1.00 -1 0 0.4130 0.9569 0.003359
505.00 C 20260805 -1.00 -1.00 60 4 0.0007 0.9999 -0.000000
507.50 C 20260805 -1.00 -1.00 13 12 -1.0000 -1.0000 -1.000000
510.00 C 20260805 -1.00 -1.00 1 38 0.3078 0.9723 0.003173
512.50 C 20260805 -1.00 -1.00 50 53 0.4035 0.9107 0.006090
515.00 C 20260805 -1.00 -1.00 52 58 0.4005 0.8953 0.006925
517.50 C 20260805 -1.00 -1.00 3 7 0.3841 0.8862 0.007703
520.00 C 20260805 -1.00 -1.00 6 24 0.4034 0.8529 0.008730
522.50 C 20260805 -1.00 -1.00 42 26 0.3863 0.8378 0.009693
525.00 C 20260805 -1.00 -1.00 103 46 0.3886 0.8103 0.010688
527.50 C 20260805 -1.00 -1.00 17 39 0.3658 0.7959 0.011935
530.00 C 20260805 -1.00 -1.00 32 172 0.3833 0.7541 0.012612
532.50 C 20260805 -1.00 -1.00 24 59 0.3769 0.7227 0.013583
535.00 C 20260805 -1.00 -1.00 109 161 0.3828 0.6854 0.014263
537.50 C 20260805 -1.00 -1.00 38 45 0.3828 0.6500 0.015003
540.00 C 20260805 -1.00 -1.00 103 204 0.3776 0.6120 0.015547
542.50 C 20260805 -1.00 -1.00 179 88 0.3754 0.5726 0.015993
545.00 C 20260805 -1.00 -1.00 90 112 0.3780 0.5324 0.016240
547.50 C 20260805 -1.00 -1.00 170 29 0.3754 0.4926 0.016398
550.00 C 20260805 -1.00 -1.00 269 149 0.3766 0.4530 0.016096
552.50 C 20260805 -1.00 -1.00 162 20 0.3788 0.4138 0.015761
555.00 C 20260805 -1.00 -1.00 267 41 0.3876 0.3776 0.015184
557.50 C 20260805 -1.00 -1.00 176 33 0.3845 0.3415 0.014690
560.00 C 20260805 -1.00 -1.00 335 172 0.3831 0.3069 0.014012
562.50 C 20260805 -1.00 -1.00 58 34 0.3872 0.2753 0.013205
565.00 C 20260805 -1.00 -1.00 134 49 0.3934 0.2458 0.012391
567.50 C 20260805 -1.00 -1.00 10 56 0.3945 0.2197 0.011535
570.00 C 20260805 -1.00 -1.00 165 65 0.3958 0.1954 0.010650
572.50 C 20260805 -1.00 -1.00 22 23 0.3993 0.1728 0.009774
575.00 C 20260805 -1.00 -1.00 51 51 0.4016 0.1497 0.008923
577.50 C 20260805 -1.00 -1.00 106 77 0.4036 0.1311 0.008118
580.00 C 20260805 -1.00 -1.00 365 96 0.4010 0.1133 0.007306
582.50 C 20260805 -1.00 -1.00 63 30 0.4051 0.0994 0.006563
585.00 C 20260805 -1.00 -1.00 89 95 0.4107 0.0868 0.005874
587.50 C 20260805 -1.00 -1.00 21 31 0.4184 0.0759 0.005257
590.00 C 20260805 -1.00 -1.00 90 95 0.4227 0.0672 0.004726
592.50 C 20260805 -1.00 -1.00 66 62 0.4233 0.0585 0.004202
595.00 C 20260805 -1.00 -1.00 227 134 0.4295 0.0523 0.003773
597.50 C 20260805 -1.00 -1.00 280 99 0.4343 0.0456 0.003343
600.00 C 20260805 -1.00 -1.00 432 543 0.4425 0.0406 0.002995
602.50 C 20260805 -1.00 -1.00 72 99 0.4493 0.0351 0.002645
605.00 C 20260805 -1.00 -1.00 107 727 0.4636 0.0332 0.002459
607.50 C 20260805 -1.00 -1.00 35 429 0.4736 0.0314 0.002290
610.00 C 20260805 -1.00 -1.00 52 532 0.4766 0.0282 0.002064
612.50 C 20260805 -1.00 -1.00 5 293 0.4797 0.0250 0.001844
615.00 C 20260805 -1.00 -1.00 11 72 0.4923 0.0240 0.001737
617.50 C 20260805 -1.00 -1.00 2 8 0.5049 0.0231 0.001639
620.00 C 20260805 -1.00 -1.00 10 50 0.5105 0.0208 0.001477
622.50 C 20260805 -1.00 -1.00 5 10 0.5093 0.0169 0.001244
625.00 C 20260805 -1.00 -1.00 20 63 0.5286 0.0177 0.001248
627.50 C 20260805 -1.00 -1.00 21 19 0.5328 0.0152 0.001092
630.00 C 20260805 -1.00 -1.00 1 73 0.5410 0.0137 0.000987
632.50 C 20260805 -1.00 -1.00 5 10 0.5629 0.0152 0.001032
635.00 C 20260805 -1.00 -1.00 1 24 0.5603 0.0125 0.000882
637.50 C 20260805 -1.00 -1.00 2 37 0.5501 0.0101 0.000737
640.00 C 20260805 -1.00 -1.00 5 38 0.5776 0.0114 0.000787
642.50 C 20260805 -1.00 -1.00 1 6 0.5674 0.0091 0.000649
645.00 C 20260805 -1.00 -1.00 1 28 0.5885 0.0098 0.000673
647.50 C 20260805 -1.00 -1.00 8 24 0.6002 0.0097 0.000649
650.00 C 20260805 -1.00 -1.00 45 122 0.5899 0.0073 0.000517
652.50 C 20260805 -1.00 -1.00 6 7 0.6265 0.0096 0.000619
655.00 C 20260805 -1.00 -1.00 12 20 0.6381 0.0095 0.000599
657.50 C 20260805 -1.00 -1.00 2 10 0.6278 0.0073 0.000482
660.00 C 20260805 -1.00 -1.00 11 53 0.6361 0.0069 0.000452
662.50 C 20260805 -1.00 -1.00 21 33 0.6724 0.0090 0.000544
665.00 C 20260805 -1.00 -1.00 7 25 0.6466 0.0055 0.000366
667.50 C 20260805 -1.00 -1.00 4 8 0.6827 0.0077 0.000464
670.00 C 20260805 -1.00 -1.00 4 31 0.7033 0.0084 0.000486
672.50 C 20260805 -1.00 -1.00 6 10 0.7114 0.0080 0.000461
675.00 C 20260805 -1.00 -1.00 126 174 0.7042 0.0063 0.000378
677.50 C 20260805 -1.00 -1.00 2 4 0.7430 0.0085 0.000468
680.00 C 20260805 -1.00 -1.00 4 104 0.6961 0.0042 0.000269
682.50 C 20260805 -1.00 -1.00 5 23 0.7253 0.0050 0.000301
685.00 C 20260805 -1.00 -1.00 1 14 0.7486 0.0060 0.000339
687.50 C 20260805 -1.00 -1.00 6 17 0.7658 0.0064 0.000352
690.00 C 20260805 -1.00 -1.00 5 19 0.7828 0.0068 0.000364
692.50 C 20260805 -1.00 -1.00 2 33 0.7532 0.0042 0.000249
695.00 C 20260805 -1.00 -1.00 3 29 0.7711 0.0044 0.000255
697.50 C 20260805 -1.00 -1.00 3 2058 0.7807 0.0044 0.000249
700.00 C 20260805 -1.00 -1.00 4 209 0.7736 0.0038 0.000220
702.50 C 20260805 -1.00 -1.00 4 26 0.7748 0.0035 0.000203
705.00 C 20260805 -1.00 -1.00 16 90 0.8387 0.0057 0.000290
707.50 C 20260805 -1.00 -1.00 1 1 0.7938 0.0034 0.000194
710.00 C 20260805 -1.00 -1.00 20 190 0.8033 0.0034 0.000190
712.50 C 20260805 -1.00 -1.00 5 26 0.8127 0.0033 0.000186
715.00 C 20260805 -1.00 -1.00 80 15 0.8221 0.0033 0.000182
717.50 C 20260805 -1.00 -1.00 1 18 0.8232 0.0030 0.000167
720.00 C 20260805 -1.00 -1.00 1 325 0.8407 0.0032 0.000174
722.50 C 20260805 -1.00 -1.00 1 594 0.8500 0.0032 0.000171
725.00 C 20260805 -1.00 -1.00 3 10 0.8593 0.0032 0.000167
727.50 C 20260805 -1.00 -1.00 6 10 0.8685 0.0031 0.000164
730.00 C 20260805 -1.00 -1.00 1 6 0.8777 0.0031 0.000161
732.50 C 20260805 -1.00 -1.00 2 2 0.8868 0.0031 0.000158
735.00 C 20260805 -1.00 -1.00 1 2 0.8959 0.0031 0.000155
737.50 C 20260805 -1.00 -1.00 3 3 0.9050 0.0030 0.000152
740.00 C 20260805 -1.00 -1.00 3 5 0.9141 0.0030 0.000149
742.50 C 20260805 -1.00 -1.00 3 104 1.0338 0.0074 0.000296
745.00 C 20260805 -1.00 -1.00 1 5 0.9321 0.0029 0.000144
747.50 C 20260805 -1.00 -1.00 7 9 0.9411 0.0029 0.000141
750.00 C 20260805 -1.00 -1.00 1 28 0.9500 0.0029 0.000139
755.00 C 20260805 -1.00 -1.00 2 4 1.0986 0.0080 0.000298
760.00 C 20260805 -1.00 -1.00 1 3 0.9855 0.0028 0.000130
765.00 C 20260805 -1.00 -1.00 4 31 1.0030 0.0028 0.000126
400.00 P 20260805 -1.00 -1.00 2 3 1.1676 -0.0096 0.000337
405.00 P 20260805 -1.00 -1.00 2 1 1.1040 -0.0091 0.000337
410.00 P 20260805 -1.00 -1.00 6 5 0.8466 -0.0017 0.000098
415.00 P 20260805 -1.00 -1.00 16 10 0.9872 -0.0081 0.000338
420.00 P 20260805 -1.00 -1.00 2 3 0.9298 -0.0074 0.000334
425.00 P 20260805 -1.00 -1.00 1 1 0.9049 -0.0083 0.000380
430.00 P 20260805 -1.00 -1.00 2 1 0.7854 -0.0041 0.000234
435.00 P 20260805 -1.00 -1.00 2 6 0.7813 -0.0062 0.000337
440.00 P 20260805 -1.00 -1.00 1 1 0.8539 -0.0146 0.000656
445.00 P 20260805 -1.00 -1.00 7 6 0.6799 -0.0047 0.000303
450.00 P 20260805 -1.00 -1.00 1 52 0.6339 -0.0040 0.000286
460.00 P 20260805 -1.00 -1.00 7 64 0.5819 -0.0058 0.000424
465.00 P 20260805 -1.00 -1.00 6 37 0.5678 -0.0077 0.000563
470.00 P 20260805 -1.00 -1.00 4 35 0.5310 -0.0078 0.000611
475.00 P 20260805 -1.00 -1.00 4 10 0.4984 -0.0083 0.000687
477.50 P 20260805 -1.00 -1.00 2 7 0.5049 -0.0106 0.000853
480.00 P 20260805 -1.00 -1.00 20 73 0.5000 -0.0133 0.001034
482.50 P 20260805 -1.00 -1.00 2 32 0.4835 -0.0140 0.001121
485.00 P 20260805 -1.00 -1.00 20 73 0.4558 -0.0124 0.001076
487.50 P 20260805 -1.00 -1.00 12 509 0.4443 -0.0143 0.001241
490.00 P 20260805 -1.00 -1.00 38 87 0.4552 -0.0211 0.001691
492.50 P 20260805 -1.00 -1.00 8 413 0.4502 -0.0246 0.001953
495.00 P 20260805 -1.00 -1.00 10 57 0.4309 -0.0252 0.002086
497.50 P 20260805 -1.00 -1.00 83 41 0.4344 -0.0326 0.002564
500.00 P 20260805 -1.00 -1.00 100 306 0.4158 -0.0346 0.002805
502.50 P 20260805 -1.00 -1.00 12 784 0.4036 -0.0394 0.003200
505.00 P 20260805 -1.00 -1.00 33 381 0.4111 -0.0520 0.003951
507.50 P 20260805 -1.00 -1.00 6 128 0.4084 -0.0608 0.004538
510.00 P 20260805 -1.00 -1.00 95 175 0.3942 -0.0670 0.005073
512.50 P 20260805 -1.00 -1.00 44 153 0.3859 -0.0795 0.005848
515.00 P 20260805 -1.00 -1.00 13 424 0.3818 -0.0948 0.006737
517.50 P 20260805 -1.00 -1.00 8 120 0.3790 -0.1112 0.007674
520.00 P 20260805 -1.00 -1.00 127 167 0.3907 -0.1391 0.008716
522.50 P 20260805 -1.00 -1.00 21 11 0.3720 -0.1531 0.009715
525.00 P 20260805 -1.00 -1.00 38 107 0.3783 -0.1841 0.010769
527.50 P 20260805 -1.00 -1.00 24 50 0.3809 -0.2123 0.011794
530.00 P 20260805 -1.00 -1.00 200 137 0.3758 -0.2420 0.012784
532.50 P 20260805 -1.00 -1.00 31 101 0.3706 -0.2746 0.013763
535.00 P 20260805 -1.00 -1.00 13 98 0.3744 -0.3117 0.014531
537.50 P 20260805 -1.00 -1.00 19 50 0.3763 -0.3484 0.015278
540.00 P 20260805 -1.00 -1.00 38 51 0.3702 -0.3868 0.015879
542.50 P 20260805 -1.00 -1.00 21 26 0.3864 -0.4297 0.015590
545.00 P 20260805 -1.00 -1.00 48 184 0.3736 -0.4682 0.016478
547.50 P 20260805 -1.00 -1.00 8 43 0.3746 -0.5085 0.016479
550.00 P 20260805 -1.00 -1.00 91 94 0.3873 -0.5463 0.015710
552.50 P 20260805 -1.00 -1.00 4 34 0.3676 -0.5906 0.016281
555.00 P 20260805 -1.00 -1.00 4 7 0.3791 -0.6269 0.015565
557.50 P 20260805 -1.00 -1.00 5 39 0.3984 -0.6544 0.014342
560.00 P 20260805 -1.00 -1.00 11 148 0.3625 -0.7059 0.014637
562.50 P 20260805 -1.00 -1.00 3 2 0.3676 -0.7387 0.013723
565.00 P 20260805 -1.00 -1.00 2 31 0.3689 -0.7709 0.012846
567.50 P 20260805 -1.00 -1.00 4 15 0.3979 -0.7804 0.011570
570.00 P 20260805 -1.00 -1.00 12 45 0.3876 -0.8121 0.010768
572.50 P 20260805 -1.00 -1.00 6 70 0.3716 -0.8502 0.009849
575.00 P 20260805 -1.00 -1.00 12 12 0.4185 -0.8407 0.009030
577.50 P 20260805 -1.00 -1.00 5 2 0.4091 -0.8687 0.008222
580.00 P 20260805 -1.00 -1.00 9 433 0.4168 -0.8806 0.007516
582.50 P 20260805 -1.00 -1.00 1 17 0.4327 -0.8875 0.006924
585.00 P 20260805 -1.00 -1.00 2 15 0.4339 -0.9021 0.006259
587.50 P 20260805 -1.00 -1.00 3 23 0.4934 -0.8852 0.006140
590.00 P 20260805 -1.00 -1.00 3 105 0.3433 -0.9743 0.003273
592.50 P 20260805 -1.00 -1.00 21 36 0.5142 -0.9012 0.005288
595.00 P 20260805 -1.00 -1.00 5 191 0.4983 -0.9225 0.004646
597.50 P 20260805 -1.00 -1.00 3 43 0.5305 -0.9182 0.004510
600.00 P 20260805 -1.00 -1.00 13 536 0.4678 -0.9523 0.003476
602.50 P 20260805 -1.00 -1.00 8 36 0.5776 -0.9186 0.004118
605.00 P 20260805 -1.00 -1.00 1 115 0.5655 -0.9329 0.003679
607.50 P 20260805 -1.00 -1.00 1 8 0.4826 -0.9703 0.002450
610.00 P 20260805 -1.00 -1.00 1 274 0.6193 -0.9301 0.003457
612.50 P 20260805 -1.00 -1.00 7 7 0.5859 -0.9462 0.002987
615.00 P 20260805 -1.00 -1.00 5 1 0.6304 -0.9390 0.003047
617.50 P 20260805 -1.00 -1.00 10 1 0.6109 -0.9508 0.002672
620.00 P 20260805 -1.00 -1.00 2 2 0.7116 -0.9289 0.003032
622.50 P 20260805 -1.00 -1.00 2 58 -1.0000 -1.0000 -1.000000
625.00 P 20260805 -1.00 -1.00 1 15 -1.0000 -1.0000 -1.000000
627.50 P 20260805 -1.00 -1.00 1 0 0.7274 -0.9404 0.002576
630.00 P 20260805 -1.00 -1.00 5 19 0.7186 -0.9478 0.002357
632.50 P 20260805 -1.00 -1.00 -1 0 0.7024 -0.9575 0.002076
635.00 P 20260805 -1.00 -1.00 10 9 0.6926 -0.9657 0.001814
637.50 P 20260805 -1.00 -1.00 4 2 0.7619 -0.9514 0.002101
640.00 P 20260805 -1.00 -1.00 1 0 0.7948 -0.9478 0.002119
642.50 P 20260805 -1.00 -1.00 -1 0 0.8518 -0.9392 0.002222
645.00 P 20260805 -1.00 -1.00 13 11 0.8808 -0.9372 0.002202
647.50 P 20260805 -1.00 -1.00 -1 0 0.8650 -0.9447 0.002030
650.00 P 20260805 -1.00 -1.00 1 1 0.8699 -0.9478 0.001931
652.50 P 20260805 -1.00 -1.00 -1 0 0.8712 -0.9517 0.001819
655.00 P 20260805 -1.00 -1.00 2 0 0.8689 -0.9564 0.001691
657.50 P 20260805 -1.00 -1.00 -1 0 0.8944 -0.9546 0.001691
660.00 P 20260805 -1.00 -1.00 10 0 0.8707 -0.9643 0.001466
662.50 P 20260805 -1.00 -1.00 -1 0 0.9138 -0.9581 0.001557
665.00 P 20260805 -1.00 -1.00 -1 0 0.9112 -0.9627 0.001441
667.50 P 20260805 -1.00 -1.00 -1 0 0.9224 -0.9640 0.001388
670.00 P 20260805 -1.00 -1.00 -1 0 0.8486 -0.9770 0.001075
672.50 P 20260805 -1.00 -1.00 -1 0 0.8826 -0.9744 0.001118
675.00 P 20260805 -1.00 -1.00 40 0 0.9876 -0.9607 0.001375
677.50 P 20260805 -1.00 -1.00 -1 0 0.9079 -0.9750 0.001064
680.00 P 20260805 -1.00 -1.00 -1 0 1.0374 -0.9573 0.001387
682.50 P 20260805 -1.00 -1.00 -1 0 1.0085 -0.9665 0.001202
685.00 P 20260805 -1.00 -1.00 -1 0 1.0006 -0.9692 0.001133
687.50 P 20260805 -1.00 -1.00 -1 0 1.0771 -0.9593 0.001288
690.00 P 20260805 -1.00 -1.00 -1 0 1.0742 -0.9632 0.001204
692.50 P 20260805 -1.00 -1.00 -1 0 1.0241 -0.9717 0.001032
695.00 P 20260805 -1.00 -1.00 -1 0 1.0769 -0.9675 0.001094
697.50 P 20260805 -1.00 -1.00 -1 0 1.0554 -0.9715 0.001005
700.00 P 20260805 -1.00 -1.00 5 5 1.1308 -0.9647 0.001110
702.50 P 20260805 -1.00 -1.00 -1 0 1.1335 -0.9664 0.001067
705.00 P 20260805 -1.00 -1.00 -1 0 1.0851 -0.9730 0.000933
707.50 P 20260805 -1.00 -1.00 -1 0 1.1900 -0.9624 0.001100
710.00 P 20260805 -1.00 -1.00 -1 0 1.1293 -0.9714 0.000939
712.50 P 20260805 -1.00 -1.00 -1 0 1.1813 -0.9675 0.000991
715.00 P 20260805 -1.00 -1.00 -1 0 1.0923 -0.9786 0.000774
717.50 P 20260805 -1.00 -1.00 -1 0 1.2520 -0.9625 0.001042
720.00 P 20260805 -1.00 -1.00 -1 0 1.1703 -0.9730 0.000861
722.50 P 20260805 -1.00 -1.00 -1 0 1.1754 -0.9740 0.000834
725.00 P 20260805 -1.00 -1.00 -1 0 1.3462 -0.9544 0.001114
727.50 P 20260805 -1.00 -1.00 -1 0 1.2848 -0.9661 0.000942
730.00 P 20260805 -1.00 -1.00 -1 0 1.2964 -0.9663 0.000927
732.50 P 20260805 -1.00 -1.00 -1 0 1.2487 -0.9721 0.000826
735.00 P 20260805 -1.00 -1.00 -1 0 1.1867 -0.9801 0.000674
737.50 P 20260805 -1.00 -1.00 -1 0 1.3968 -0.9587 0.000998
740.00 P 20260805 -1.00 -1.00 -1 0 1.3553 -0.9662 0.000888
742.50 P 20260805 -1.00 -1.00 -1 0 1.2214 -0.9805 0.000642
745.00 P 20260805 -1.00 -1.00 -1 0 1.3585 -0.9683 0.000839
747.50 P 20260805 -1.00 -1.00 -1 0 1.2443 -0.9808 0.000623
750.00 P 20260805 -1.00 -1.00 -1 0 1.3680 -0.9699 0.000798
755.00 P 20260805 -1.00 -1.00 -1 0 1.3645 -0.9727 0.000740
760.00 P 20260805 -1.00 -1.00 -1 0 1.4387 -0.9685 0.000787
765.00 P 20260805 -1.00 -1.00 -1 0 1.4544 -0.9695 0.000759
330.00 C 20260807 -1.00 -1.00 -1 0 1.4349 0.9957 0.000112
340.00 C 20260807 -1.00 -1.00 -1 0 1.5899 0.9877 0.000258
350.00 C 20260807 -1.00 -1.00 -1 0 1.4168 0.9912 0.000218
360.00 C 20260807 -1.00 -1.00 -1 0 1.3345 0.9908 0.000240
370.00 C 20260807 -1.00 -1.00 -1 0 1.2001 0.9922 0.000230
380.00 C 20260807 -1.00 -1.00 -1 0 1.0693 0.9939 0.000205
390.00 C 20260807 -1.00 -1.00 -1 0 1.1455 0.9855 0.000413
400.00 C 20260807 -1.00 -1.00 2 3 1.0517 0.9859 0.000438
405.00 C 20260807 -1.00 -1.00 -1 0 0.8871 0.9934 0.000265
410.00 C 20260807 -1.00 -1.00 -1 0 0.9454 0.9878 0.000430
415.00 C 20260807 -1.00 -1.00 -1 0 0.9300 0.9853 0.000512
420.00 C 20260807 -1.00 -1.00 4 2 0.8174 0.9912 0.000375
425.00 C 20260807 -1.00 -1.00 8 2 0.8125 0.9892 0.000453
430.00 C 20260807 -1.00 -1.00 2 3 0.8127 0.9847 0.000607
435.00 C 20260807 -1.00 -1.00 9 10 0.7553 0.9868 0.000576
440.00 C 20260807 -1.00 -1.00 38 7 0.7200 0.9864 0.000621
445.00 C 20260807 -1.00 -1.00 2 15 0.6709 0.9879 0.000604
450.00 C 20260807 -1.00 -1.00 1 14 0.8026 0.9623 0.001321
455.00 C 20260807 -1.00 -1.00 46 16 0.0009 0.9999 -0.000000
460.00 C 20260807 -1.00 -1.00 56 10 0.5235 0.9917 0.000553
465.00 C 20260807 -1.00 -1.00 44 10 0.3957 0.9986 0.000144
470.00 C 20260807 -1.00 -1.00 14 8 -1.0000 -1.0000 -1.000000
472.50 C 20260807 -1.00 -1.00 -1 0 0.0009 0.9999 -0.000000
475.00 C 20260807 -1.00 -1.00 4 7 0.3995 0.9946 0.000491
477.50 C 20260807 -1.00 -1.00 20 0 0.0009 0.9999 -0.000000
480.00 C 20260807 -1.00 -1.00 6 16 0.0009 0.9999 -0.000000
482.50 C 20260807 -1.00 -1.00 20 0 0.4497 0.9778 0.001522
485.00 C 20260807 -1.00 -1.00 2 6 0.3856 0.9884 0.001020
487.50 C 20260807 -1.00 -1.00 12 0 0.0009 0.9999 -0.000000
490.00 C 20260807 -1.00 -1.00 14 21 0.4690 0.9540 0.002659
492.50 C 20260807 -1.00 -1.00 54 0 0.0009 0.9999 -0.000000
495.00 C 20260807 -1.00 -1.00 42 42 0.4886 0.9313 0.003542
497.50 C 20260807 -1.00 -1.00 42 0 0.3821 0.9624 0.002773
500.00 C 20260807 -1.00 -1.00 33 255 0.4341 0.9334 0.003900
502.50 C 20260807 -1.00 -1.00 3 2 0.3878 0.9425 0.003883
505.00 C 20260807 -1.00 -1.00 1 11 0.4014 0.9236 0.004649
507.50 C 20260807 -1.00 -1.00 30 30 0.3658 0.9299 0.004800
510.00 C 20260807 -1.00 -1.00 8 39 0.4421 0.8762 0.006112
512.50 C 20260807 -1.00 -1.00 6 3 0.3838 0.8886 0.006468
515.00 C 20260807 -1.00 -1.00 8 15 0.4201 0.8491 0.007257
517.50 C 20260807 -1.00 -1.00 2 14 0.4345 0.8209 0.007843
520.00 C 20260807 -1.00 -1.00 9 207 0.4134 0.8110 0.008547
522.50 C 20260807 -1.00 -1.00 3 19 0.3975 0.7976 0.009318
525.00 C 20260807 -1.00 -1.00 11 99 0.4099 0.7667 0.009805
527.50 C 20260807 -1.00 -1.00 40 40 0.4004 0.7439 0.010486
530.00 C 20260807 -1.00 -1.00 90 3115 0.3786 0.7257 0.011466
532.50 C 20260807 -1.00 -1.00 74 138 0.4016 0.6870 0.011564
535.00 C 20260807 -1.00 -1.00 154 195 0.4058 0.6575 0.011995
537.50 C 20260807 -1.00 -1.00 49 51 0.4079 0.6254 0.012168
540.00 C 20260807 -1.00 -1.00 275 439 0.4058 0.5944 0.012456
542.50 C 20260807 -1.00 -1.00 200 49 0.4078 0.5626 0.012625
545.00 C 20260807 -1.00 -1.00 370 93 0.4107 0.5311 0.012764
547.50 C 20260807 -1.00 -1.00 160 43 0.4067 0.4997 0.012925
550.00 C 20260807 -1.00 -1.00 1615 2456 0.4026 0.4679 0.012903
552.50 C 20260807 -1.00 -1.00 245 82 0.4043 0.4366 0.012700
555.00 C 20260807 -1.00 -1.00 344 308 0.4092 0.4065 0.012406
557.50 C 20260807 -1.00 -1.00 75 39 0.4141 0.3771 0.012124
560.00 C 20260807 -1.00 -1.00 959 309 0.4081 0.3473 0.011884
562.50 C 20260807 -1.00 -1.00 124 106 0.4050 0.3187 0.011495
565.00 C 20260807 -1.00 -1.00 267 277 0.4056 0.2916 0.011025
567.50 C 20260807 -1.00 -1.00 95 21 0.4079 0.2658 0.010529
570.00 C 20260807 -1.00 -1.00 956 2664 0.4139 0.2425 0.009995
572.50 C 20260807 -1.00 -1.00 60 14 0.4104 0.2200 0.009453
575.00 C 20260807 -1.00 -1.00 352 1180 0.4100 0.1992 0.008871
577.50 C 20260807 -1.00 -1.00 90 225 0.4130 0.1807 0.008281
580.00 C 20260807 -1.00 -1.00 524 349 0.4165 0.1628 0.007708
582.50 C 20260807 -1.00 -1.00 123 76 0.4212 0.1460 0.007157
585.00 C 20260807 -1.00 -1.00 412 378 0.4221 0.1317 0.006633
587.50 C 20260807 -1.00 -1.00 224 906 0.4202 0.1174 0.006103
590.00 C 20260807 -1.00 -1.00 870 882 0.4214 0.1049 0.005592
592.50 C 20260807 -1.00 -1.00 105 107 0.4236 0.0930 0.005099
595.00 C 20260807 -1.00 -1.00 118 778 0.4307 0.0843 0.004681
597.50 C 20260807 -1.00 -1.00 60 195 0.4381 0.0761 0.004293
600.00 C 20260807 -1.00 -1.00 1349 2566 0.4408 0.0688 0.003938
602.50 C 20260807 -1.00 -1.00 94 30 0.4394 0.0610 0.003570
605.00 C 20260807 -1.00 -1.00 90 778 0.4434 0.0554 0.003265
607.50 C 20260807 -1.00 -1.00 120 42 0.4467 0.0496 0.002963
610.00 C 20260807 -1.00 -1.00 222 872 0.4541 0.0456 0.002728
612.50 C 20260807 -1.00 -1.00 64 191 0.4550 0.0390 0.002411
615.00 C 20260807 -1.00 -1.00 97 344 0.4665 0.0371 0.002263
617.50 C 20260807 -1.00 -1.00 41 151 0.4750 0.0340 0.002083
620.00 C 20260807 -1.00 -1.00 112 388 0.4790 0.0315 0.001929
622.50 C 20260807 -1.00 -1.00 60 99 0.4814 0.0287 0.001770
625.00 C 20260807 -1.00 -1.00 112 422 0.4862 0.0265 0.001635
627.50 C 20260807 -1.00 -1.00 2 44 0.4909 0.0244 0.001505
630.00 C 20260807 -1.00 -1.00 87 433 0.4944 0.0221 0.001368
632.50 C 20260807 -1.00 -1.00 20 28 0.5049 0.0213 0.001303
635.00 C 20260807 -1.00 -1.00 20 844 0.5130 0.0201 0.001220
637.50 C 20260807 -1.00 -1.00 4 26 0.5176 0.0182 0.001110
640.00 C 20260807 -1.00 -1.00 415 2356 0.5268 0.0173 0.001047
642.50 C 20260807 -1.00 -1.00 1 158 0.5359 0.0165 0.000989
645.00 C 20260807 -1.00 -1.00 33 245 0.5485 0.0164 0.000965
647.50 C 20260807 -1.00 -1.00 12 56 0.5404 0.0128 0.000795
650.00 C 20260807 -1.00 -1.00 82 1164 0.5530 0.0128 0.000780
652.50 C 20260807 -1.00 -1.00 2 54 0.5708 0.0134 0.000786
655.00 C 20260807 -1.00 -1.00 50 307 0.5593 0.0111 0.000675
657.50 C 20260807 -1.00 -1.00 19 28 0.5850 0.0125 0.000718
660.00 C 20260807 -1.00 -1.00 32 2992 0.5657 0.0094 0.000575
662.50 C 20260807 -1.00 -1.00 6 16 0.5912 0.0109 0.000625
665.00 C 20260807 -1.00 -1.00 158 337 0.5798 0.0086 0.000516
667.50 C 20260807 -1.00 -1.00 1 11 0.6026 0.0098 0.000558
670.00 C 20260807 -1.00 -1.00 188 2344 0.5912 0.0076 0.000451
672.50 C 20260807 -1.00 -1.00 6 7 0.6322 0.0105 0.000566
675.00 C 20260807 -1.00 -1.00 32 1378 0.6104 0.0074 0.000426
677.50 C 20260807 -1.00 -1.00 1 2 0.6460 0.0097 0.000518
680.00 C 20260807 -1.00 -1.00 63 1271 0.6164 0.0058 0.000346
682.50 C 20260807 -1.00 -1.00 263 264 0.6597 0.0090 0.000473
685.00 C 20260807 -1.00 -1.00 7 199 0.6353 0.0057 0.000329
687.50 C 20260807 -1.00 -1.00 -1 0 0.6758 0.0086 0.000441
690.00 C 20260807 -1.00 -1.00 18 1423 0.6515 0.0053 0.000302
692.50 C 20260807 -1.00 -1.00 1 2 0.6583 0.0050 0.000284
695.00 C 20260807 -1.00 -1.00 12 220 0.6568 0.0044 0.000255
697.50 C 20260807 -1.00 -1.00 68 52 0.6579 0.0041 0.000238
700.00 C 20260807 -1.00 -1.00 78 2393 0.6660 0.0041 0.000232
702.50 C 20260807 -1.00 -1.00 2 11 0.6882 0.0045 0.000249
705.00 C 20260807 -1.00 -1.00 7 280 0.6752 0.0037 0.000211
707.50 C 20260807 -1.00 -1.00 1 7 0.7043 0.0044 0.000238
710.00 C 20260807 -1.00 -1.00 26 472 0.7053 0.0041 0.000223
712.50 C 20260807 -1.00 -1.00 7 5 0.6923 0.0033 0.000186
715.00 C 20260807 -1.00 -1.00 7 64 0.6934 0.0030 0.000171
717.50 C 20260807 -1.00 -1.00 2 4 0.7013 0.0030 0.000167
720.00 C 20260807 -1.00 -1.00 13 1526 0.7163 0.0032 0.000175
722.50 C 20260807 -1.00 -1.00 4 196 0.7242 0.0032 0.000171
725.00 C 20260807 -1.00 -1.00 6 152 0.7182 0.0027 0.000146
727.50 C 20260807 -1.00 -1.00 5 27 0.7261 0.0026 0.000143
730.00 C 20260807 -1.00 -1.00 24 258 0.7339 0.0026 0.000140
732.50 C 20260807 -1.00 -1.00 1 3 0.7417 0.0026 0.000137
735.00 C 20260807 -1.00 -1.00 8 92 0.7564 0.0028 0.000145
737.50 C 20260807 -1.00 -1.00 2 1 0.7573 0.0025 0.000132
740.00 C 20260807 -1.00 -1.00 19 933 0.7582 0.0023 0.000120
742.50 C 20260807 -1.00 -1.00 68 66 0.7728 0.0025 0.000128
745.00 C 20260807 -1.00 -1.00 726 812 0.7599 0.0018 0.000094
747.50 C 20260807 -1.00 -1.00 3 2 0.8018 0.0029 0.000142
750.00 C 20260807 -1.00 -1.00 443 1347 0.8026 0.0027 0.000130
755.00 C 20260807 -1.00 -1.00 3 192 0.8042 0.0022 0.000108
760.00 C 20260807 -1.00 -1.00 12 240 0.8058 0.0017 0.000085
765.00 C 20260807 -1.00 -1.00 1 269 0.8615 0.0030 0.000134
330.00 P 20260807 -1.00 -1.00 5 644 1.5186 -0.0064 0.000153
340.00 P 20260807 -1.00 -1.00 252 93 1.2028 -0.0017 0.000058
350.00 P 20260807 -1.00 -1.00 1 186 1.2960 -0.0053 0.000151
360.00 P 20260807 -1.00 -1.00 1 11 1.1386 -0.0030 0.000104
370.00 P 20260807 -1.00 -1.00 2 31 1.0968 -0.0040 0.000140
380.00 P 20260807 -1.00 -1.00 4 422 0.9397 -0.0022 0.000093
390.00 P 20260807 -1.00 -1.00 1 31 0.9271 -0.0032 0.000138
400.00 P 20260807 -1.00 -1.00 18 125 0.8474 -0.0031 0.000143
405.00 P 20260807 -1.00 -1.00 149 29 0.7700 -0.0021 0.000111
410.00 P 20260807 -1.00 -1.00 26 23 0.8466 -0.0064 0.000272
415.00 P 20260807 -1.00 -1.00 2 27 0.7221 -0.0025 0.000140
420.00 P 20260807 -1.00 -1.00 75 39 0.6561 -0.0016 0.000101
425.00 P 20260807 -1.00 -1.00 25 86 0.7107 -0.0046 0.000244
430.00 P 20260807 -1.00 -1.00 29 148 0.6386 -0.0029 0.000177
435.00 P 20260807 -1.00 -1.00 12 56 0.6293 -0.0035 0.000218
440.00 P 20260807 -1.00 -1.00 16 247 0.6095 -0.0045 0.000276
445.00 P 20260807 -1.00 -1.00 9 22 0.5799 -0.0047 0.000302
450.00 P 20260807 -1.00 -1.00 71 271 0.5606 -0.0058 0.000375
455.00 P 20260807 -1.00 -1.00 28 36 0.5779 -0.0098 0.000590
460.00 P 20260807 -1.00 -1.00 22 138 0.5643 -0.0125 0.000745
465.00 P 20260807 -1.00 -1.00 1 177 0.5251 -0.0119 0.000768
470.00 P 20260807 -1.00 -1.00 492 834 0.5003 -0.0140 0.000919
472.50 P 20260807 -1.00 -1.00 6 17 0.4942 -0.0163 0.001059
475.00 P 20260807 -1.00 -1.00 68 350 0.4812 -0.0173 0.001147
477.50 P 20260807 -1.00 -1.00 4 29 0.4780 -0.0203 0.001326
480.00 P 20260807 -1.00 -1.00 702 1266 0.4721 -0.0228 0.001488
482.50 P 20260807 -1.00 -1.00 17 123 0.4593 -0.0241 0.001605
485.00 P 20260807 -1.00 -1.00 61 275 0.4521 -0.0265 0.001776
487.50 P 20260807 -1.00 -1.00 13 64 0.4512 -0.0323 0.002087
490.00 P 20260807 -1.00 -1.00 93 863 0.4371 -0.0347 0.002279
492.50 P 20260807 -1.00 -1.00 167 87 0.4305 -0.0401 0.002596
495.00 P 20260807 -1.00 -1.00 171 441 0.4253 -0.0462 0.002948
497.50 P 20260807 -1.00 -1.00 82 121 0.4208 -0.0526 0.003324
500.00 P 20260807 -1.00 -1.00 1164 2614 0.4217 -0.0610 0.003766
502.50 P 20260807 -1.00 -1.00 92 46 0.4152 -0.0700 0.004227
505.00 P 20260807 -1.00 -1.00 165 723 0.4099 -0.0812 0.004764
507.50 P 20260807 -1.00 -1.00 77 65 0.4096 -0.0953 0.005373
510.00 P 20260807 -1.00 -1.00 226 809 0.4047 -0.1071 0.005955
512.50 P 20260807 -1.00 -1.00 90 332 0.4064 -0.1223 0.006590
515.00 P 20260807 -1.00 -1.00 255 449 0.4030 -0.1407 0.007249
517.50 P 20260807 -1.00 -1.00 51 144 0.3985 -0.1596 0.007935
520.00 P 20260807 -1.00 -1.00 351 674 0.3994 -0.1818 0.008627
522.50 P 20260807 -1.00 -1.00 106 193 0.4000 -0.2039 0.009317
525.00 P 20260807 -1.00 -1.00 299 671 0.3983 -0.2272 0.009986
527.50 P 20260807 -1.00 -1.00 126 161 0.3946 -0.2536 0.010605
530.00 P 20260807 -1.00 -1.00 1050 1153 0.3901 -0.2802 0.011263
532.50 P 20260807 -1.00 -1.00 44 187 0.3922 -0.3099 0.011799
535.00 P 20260807 -1.00 -1.00 302 2560 0.3942 -0.3395 0.012329
537.50 P 20260807 -1.00 -1.00 110 113 0.3921 -0.3712 0.012661
540.00 P 20260807 -1.00 -1.00 413 562 0.3885 -0.4033 0.013024
542.50 P 20260807 -1.00 -1.00 160 61 0.3906 -0.4365 0.013207
545.00 P 20260807 -1.00 -1.00 326 273 0.3960 -0.4696 0.013279
547.50 P 20260807 -1.00 -1.00 37 29 0.3942 -0.5022 0.013374
550.00 P 20260807 -1.00 -1.00 318 927 0.3870 -0.5356 0.013461
552.50 P 20260807 -1.00 -1.00 15 39 0.3929 -0.5672 0.013110
555.00 P 20260807 -1.00 -1.00 58 366 0.3946 -0.5993 0.012903
557.50 P 20260807 -1.00 -1.00 17 10 0.3968 -0.6310 0.012678
560.00 P 20260807 -1.00 -1.00 76 446 0.3947 -0.6599 0.012254
562.50 P 20260807 -1.00 -1.00 35 16 0.3935 -0.6886 0.011801
565.00 P 20260807 -1.00 -1.00 140 155 0.4032 -0.7116 0.011133
567.50 P 20260807 -1.00 -1.00 11 15 0.4055 -0.7378 0.010638
570.00 P 20260807 -1.00 -1.00 55 566 0.4139 -0.7598 0.010061
572.50 P 20260807 -1.00 -1.00 2 9 0.4173 -0.7786 0.009466
575.00 P 20260807 -1.00 -1.00 147 346 0.4096 -0.8035 0.008946
577.50 P 20260807 -1.00 -1.00 8 24 0.3853 -0.8417 0.008389
580.00 P 20260807 -1.00 -1.00 36 1079 0.4131 -0.8426 0.007786
582.50 P 20260807 -1.00 -1.00 29 31 0.4086 -0.8650 0.007200
585.00 P 20260807 -1.00 -1.00 14 500 0.4344 -0.8652 0.006750
587.50 P 20260807 -1.00 -1.00 2 67 0.3947 -0.9013 0.005975
590.00 P 20260807 -1.00 -1.00 10 535 0.4170 -0.9013 0.005640
592.50 P 20260807 -1.00 -1.00 30 53 0.4068 -0.9217 0.004977
595.00 P 20260807 -1.00 -1.00 13 288 0.4771 -0.8928 0.005189
597.50 P 20260807 -1.00 -1.00 2 32 0.3815 -0.9537 0.003696
600.00 P 20260807 -1.00 -1.00 21 778 0.3924 -0.9568 0.003419
602.50 P 20260807 -1.00 -1.00 3 9 0.5074 -0.9110 0.004288
605.00 P 20260807 -1.00 -1.00 26 235 0.4365 -0.9519 0.003273
607.50 P 20260807 -1.00 -1.00 1 7 0.5313 -0.9200 0.003817
610.00 P 20260807 -1.00 -1.00 7 481 0.3573 -0.9944 0.001268
612.50 P 20260807 -1.00 -1.00 1 11 0.5062 -0.9446 0.003085
615.00 P 20260807 -1.00 -1.00 5 351 0.5443 -0.9374 0.003122
617.50 P 20260807 -1.00 -1.00 1 4 0.5671 -0.9358 0.003047
620.00 P 20260807 -1.00 -1.00 8 218 -1.0000 -1.0000 -1.000000
622.50 P 20260807 -1.00 -1.00 3 7 -1.0000 -1.0000 -1.000000
625.00 P 20260807 -1.00 -1.00 30 1236 -1.0000 -1.0000 -1.000000
627.50 P 20260807 -1.00 -1.00 1 1 0.5910 -0.9502 0.002415
630.00 P 20260807 -1.00 -1.00 16 111 -1.0000 -1.0000 -1.000000
632.50 P 20260807 -1.00 -1.00 11 20 0.6117 -0.9540 0.002200
635.00 P 20260807 -1.00 -1.00 24 233 0.4957 -0.9894 0.001116
637.50 P 20260807 -1.00 -1.00 20 69 0.6413 -0.9547 0.002071
640.00 P 20260807 -1.00 -1.00 15 7 -1.0000 -1.0000 -1.000000
642.50 P 20260807 -1.00 -1.00 2 0 0.6798 -0.9525 0.002011
645.00 P 20260807 -1.00 -1.00 2 15 0.7228 -0.9449 0.002100
647.50 P 20260807 -1.00 -1.00 1 0 0.6999 -0.9557 0.001855
650.00 P 20260807 -1.00 -1.00 1 5 0.7309 -0.9513 0.001896
652.50 P 20260807 -1.00 -1.00 4 0 0.7379 -0.9536 0.001812
655.00 P 20260807 -1.00 -1.00 2 3 0.7478 -0.9551 0.001746
657.50 P 20260807 -1.00 -1.00 -1 0 0.7167 -0.9682 0.001440
660.00 P 20260807 -1.00 -1.00 5 12 0.7552 -0.9613 0.001557
662.50 P 20260807 -1.00 -1.00 1 0 0.7145 -0.9730 0.001285
665.00 P 20260807 -1.00 -1.00 1 13 0.7806 -0.9624 0.001476
667.50 P 20260807 -1.00 -1.00 3 0 0.7871 -0.9646 0.001405
670.00 P 20260807 -1.00 -1.00 1 13 0.8120 -0.9617 0.001434
672.50 P 20260807 -1.00 -1.00 -1 0 0.8183 -0.9638 0.001368
675.00 P 20260807 -1.00 -1.00 57 3 0.8400 -0.9618 0.001380
677.50 P 20260807 -1.00 -1.00 6 0 0.8494 -0.9631 0.001334
680.00 P 20260807 -1.00 -1.00 132 17 0.8525 -0.9658 0.001259
682.50 P 20260807 -1.00 -1.00 -1 0 0.8611 -0.9670 0.001216
685.00 P 20260807 -1.00 -1.00 45 0 0.8659 -0.9681 0.001176
687.50 P 20260807 -1.00 -1.00 -1 0 0.8955 -0.9654 0.001206
690.00 P 20260807 -1.00 -1.00 16 1 0.8335 -0.9763 0.000984
692.50 P 20260807 -1.00 -1.00 -1 0 0.9092 -0.9676 0.001130
695.00 P 20260807 -1.00 -1.00 36 10 0.9197 -0.9679 0.001108
697.50 P 20260807 -1.00 -1.00 -1 0 0.9009 -0.9720 0.001017
700.00 P 20260807 -1.00 -1.00 5 26 0.9578 -0.9664 0.001100
702.50 P 20260807 -1.00 -1.00 -1 0 0.9450 -0.9696 0.001032
705.00 P 20260807 -1.00 -1.00 53 0 0.9669 -0.9684 0.001037
707.50 P 20260807 -1.00 -1.00 -1 0 0.9067 -0.9779 0.000852
710.00 P 20260807 -1.00 -1.00 4 2 0.9874 -0.9690 0.001000
712.50 P 20260807 -1.00 -1.00 -1 0 0.9273 -0.9784 0.000820
715.00 P 20260807 -1.00 -1.00 34 12 1.0135 -0.9688 0.000976
717.50 P 20260807 -1.00 -1.00 -1 0 0.9477 -0.9787 0.000791
720.00 P 20260807 -1.00 -1.00 -1 0 1.0050 -0.9728 0.000885
722.50 P 20260807 -1.00 -1.00 -1 0 0.9680 -0.9791 0.000763
725.00 P 20260807 -1.00 -1.00 -1 0 1.0309 -0.9725 0.000867
727.50 P 20260807 -1.00 -1.00 -1 0 1.0352 -0.9735 0.000841
730.00 P 20260807 -1.00 -1.00 7 0 1.0851 -0.9691 0.000902
732.50 P 20260807 -1.00 -1.00 -1 0 1.0950 -0.9693 0.000888
735.00 P 20260807 -1.00 -1.00 -1 0 1.0650 -0.9741 0.000801
737.50 P 20260807 -1.00 -1.00 -1 0 1.1090 -0.9704 0.000852
740.00 P 20260807 -1.00 -1.00 2 0 1.0011 -0.9852 0.000578
742.50 P 20260807 -1.00 -1.00 -1 0 1.1060 -0.9733 0.000786
745.00 P 20260807 -1.00 -1.00 -1 0 1.1214 -0.9729 0.000785
747.50 P 20260807 -1.00 -1.00 13 0 1.0909 -0.9778 0.000699
750.00 P 20260807 -1.00 -1.00 72 0 1.0167 -0.9885 0.000493
755.00 P 20260807 -1.00 -1.00 1 0 1.1826 -0.9712 0.000778
760.00 P 20260807 -1.00 -1.00 -1 0 1.1679 -0.9752 0.000701
765.00 P 20260807 -1.00 -1.00 -1 0 1.1583 -0.9789 0.000632
400.00 C 20260810 -1.00 -1.00 -1 0 0.7908 0.9927 0.000272
405.00 C 20260810 -1.00 -1.00 -1 0 0.7452 0.9935 0.000261
410.00 C 20260810 -1.00 -1.00 -1 0 0.0010 0.9999 0.000000
415.00 C 20260810 -1.00 -1.00 -1 0 0.6038 0.9975 0.000133
420.00 C 20260810 -1.00 -1.00 -1 0 0.0010 0.9999 -0.000000
425.00 C 20260810 -1.00 -1.00 -1 0 0.6114 0.9943 0.000280
430.00 C 20260810 -1.00 -1.00 -1 0 0.6256 0.9912 0.000411
435.00 C 20260810 -1.00 -1.00 1 1 0.0010 0.9999 0.000000
440.00 C 20260810 -1.00 -1.00 -1 0 0.5912 0.9888 0.000539
445.00 C 20260810 -1.00 -1.00 -1 0 0.5544 0.9896 0.000542
450.00 C 20260810 -1.00 -1.00 -1 0 -1.0000 -1.0000 -1.000000
460.00 C 20260810 -1.00 -1.00 4 2 0.0010 0.9999 -0.000000
465.00 C 20260810 -1.00 -1.00 6 4 -1.0000 -1.0000 -1.000000
470.00 C 20260810 -1.00 -1.00 4 3 0.0010 0.9999 -0.000000
472.50 C 20260810 -1.00 -1.00 10 0 -1.0000 -1.0000 -1.000000
475.00 C 20260810 -1.00 -1.00 20 0 0.0010 0.9999 -0.000000
477.50 C 20260810 -1.00 -1.00 16 0 0.0010 0.9999 -0.000000
480.00 C 20260810 -1.00 -1.00 28 0 0.3110 0.9947 0.000522
482.50 C 20260810 -1.00 -1.00 6 0 0.0010 0.9999 -0.000000
485.00 C 20260810 -1.00 -1.00 10 0 0.0010 0.9999 -0.000000
487.50 C 20260810 -1.00 -1.00 -1 0 0.0010 0.9999 0.000000
490.00 C 20260810 -1.00 -1.00 -1 0 0.0010 0.9999 0.000000
492.50 C 20260810 -1.00 -1.00 -1 0 0.3309 0.9737 0.002021
495.00 C 20260810 -1.00 -1.00 -1 0 0.3767 0.9466 0.003161
497.50 C 20260810 -1.00 -1.00 -1 0 0.3504 0.9495 0.003243
500.00 C 20260810 -1.00 -1.00 14 6 0.3184 0.9556 0.003204
502.50 C 20260810 -1.00 -1.00 -1 0 0.3295 0.9418 0.003893
505.00 C 20260810 -1.00 -1.00 -1 0 0.3808 0.8988 0.005096
507.50 C 20260810 -1.00 -1.00 -1 0 0.3947 0.8792 0.005655
510.00 C 20260810 -1.00 -1.00 1 0 0.3911 0.8640 0.006148
512.50 C 20260810 -1.00 -1.00 1 1 0.3958 0.8425 0.006663
515.00 C 20260810 -1.00 -1.00 -1 0 0.3714 0.8384 0.007220
517.50 C 20260810 -1.00 -1.00 -1 0 0.3751 0.8166 0.007776
520.00 C 20260810 -1.00 -1.00 140 146 0.3744 0.7975 0.008341
522.50 C 20260810 -1.00 -1.00 1 14 0.3750 0.7757 0.008860
525.00 C 20260810 -1.00 -1.00 2 63 0.3702 0.7530 0.009383
527.50 C 20260810 -1.00 -1.00 4 18 0.3662 0.7293 0.009916
530.00 C 20260810 -1.00 -1.00 22 59 0.3647 0.7040 0.010418
532.50 C 20260810 -1.00 -1.00 14 112 0.3552 0.6816 0.011117
535.00 C 20260810 -1.00 -1.00 38 48 0.3700 0.6489 0.011127
537.50 C 20260810 -1.00 -1.00 20 68 0.3669 0.6206 0.011420
540.00 C 20260810 -1.00 -1.00 30 78 0.3638 0.5917 0.011720
542.50 C 20260810 -1.00 -1.00 11 41 0.3655 0.5619 0.011871
545.00 C 20260810 -1.00 -1.00 41 24 0.3673 0.5323 0.012020
547.50 C 20260810 -1.00 -1.00 53 6 0.3536 0.5022 0.012520
550.00 C 20260810 -1.00 -1.00 67 48 0.3668 0.4738 0.011949
552.50 C 20260810 -1.00 -1.00 11 5 0.3675 0.4447 0.011801
555.00 C 20260810 -1.00 -1.00 44 96 0.3669 0.4153 0.011696
557.50 C 20260810 -1.00 -1.00 31 2 0.3663 0.3859 0.011590
560.00 C 20260810 -1.00 -1.00 79 57 0.3708 0.3604 0.011209
562.50 C 20260810 -1.00 -1.00 2 102 0.3674 0.3337 0.010899
565.00 C 20260810 -1.00 -1.00 9 23 0.3710 0.3102 0.010436
567.50 C 20260810 -1.00 -1.00 97 4 0.3684 0.2835 0.010097
570.00 C 20260810 -1.00 -1.00 18 20 0.3742 0.2621 0.009616
572.50 C 20260810 -1.00 -1.00 5 8 0.3762 0.2397 0.009190
575.00 C 20260810 -1.00 -1.00 91 18 0.3778 0.2218 0.008688
577.50 C 20260810 -1.00 -1.00 2 15 0.3784 0.2035 0.008200
580.00 C 20260810 -1.00 -1.00 15 11 0.3676 0.1769 0.007736
582.50 C 20260810 -1.00 -1.00 3 11 0.3792 0.1666 0.007233
585.00 C 20260810 -1.00 -1.00 5 17 0.3808 0.1492 0.006755
587.50 C 20260810 -1.00 -1.00 9 22 0.3807 0.1346 0.006295
590.00 C 20260810 -1.00 -1.00 21 33 0.3960 0.1311 0.005928
592.50 C 20260810 -1.00 -1.00 1 14 0.3871 0.1139 0.005450
595.00 C 20260810 -1.00 -1.00 32 265 0.3896 0.1034 0.005040
597.50 C 20260810 -1.00 -1.00 5 7 0.3935 0.0940 0.004657
600.00 C 20260810 -1.00 -1.00 131 119 0.3968 0.0843 0.004281
602.50 C 20260810 -1.00 -1.00 23 24 0.4047 0.0780 0.003981
605.00 C 20260810 -1.00 -1.00 10 6 0.4009 0.0682 0.003618
607.50 C 20260810 -1.00 -1.00 12 3 0.4091 0.0651 0.003406
610.00 C 20260810 -1.00 -1.00 4 63 0.4178 0.0623 0.003213
612.50 C 20260810 -1.00 -1.00 2 2 0.4136 0.0540 0.002887
615.00 C 20260810 -1.00 -1.00 2 14 0.4248 0.0525 0.002748
617.50 C 20260810 -1.00 -1.00 1 3 0.4201 0.0441 0.002418
620.00 C 20260810 -1.00 -1.00 4 103 0.4297 0.0422 0.002285
622.50 C 20260810 -1.00 -1.00 2 4 0.4372 0.0395 0.002136
625.00 C 20260810 -1.00 -1.00 5 10 0.4482 0.0385 0.002042
627.50 C 20260810 -1.00 -1.00 2 33 0.4370 0.0307 0.001743
630.00 C 20260810 -1.00 -1.00 41 143 0.4507 0.0311 0.001705
632.50 C 20260810 -1.00 -1.00 3 15 0.4871 0.0384 0.001874
635.00 C 20260810 -1.00 -1.00 16 17 0.4940 0.0358 0.001757
637.50 C 20260810 -1.00 -1.00 4 3 0.4730 0.0278 0.001472
640.00 C 20260810 -1.00 -1.00 53 11 0.4662 0.0234 0.001284
642.50 C 20260810 -1.00 -1.00 2 1 0.4883 0.0259 0.001341
645.00 C 20260810 -1.00 -1.00 4 3 0.4701 0.0187 0.001055
647.50 C 20260810 -1.00 -1.00 2 1 0.5295 0.0299 0.001400
650.00 C 20260810 -1.00 -1.00 62 61 0.4977 0.0202 0.001062
652.50 C 20260810 -1.00 -1.00 48 49 0.4776 0.0132 0.000777
655.00 C 20260810 -1.00 -1.00 7 8 0.5520 0.0273 0.001242
657.50 C 20260810 -1.00 -1.00 13 6 0.5099 0.0154 0.000829
660.00 C 20260810 -1.00 -1.00 13 14 0.5601 0.0244 0.001108
662.50 C 20260810 -1.00 -1.00 8 6 0.5742 0.0250 0.001105
665.00 C 20260810 -1.00 -1.00 37 31 0.5825 0.0245 0.001069
667.50 C 20260810 -1.00 -1.00 7 5 0.5898 0.0238 0.001029
670.00 C 20260810 -1.00 -1.00 5 5 0.5980 0.0232 0.000996
672.50 C 20260810 -1.00 -1.00 6 5 0.6062 0.0228 0.000965
675.00 C 20260810 -1.00 -1.00 2 3 0.5508 0.0115 0.000596
677.50 C 20260810 -1.00 -1.00 3 3 0.6150 0.0203 0.000864
680.00 C 20260810 -1.00 -1.00 2 2 0.6231 0.0199 0.000837
682.50 C 20260810 -1.00 -1.00 2 2 0.6387 0.0209 0.000852
685.00 C 20260810 -1.00 -1.00 1 1 0.6476 0.0207 0.000832
687.50 C 20260810 -1.00 -1.00 1 2 0.6500 0.0192 0.000779
690.00 C 20260810 -1.00 -1.00 5 5 0.6646 0.0200 0.000790
692.50 C 20260810 -1.00 -1.00 2 3 0.6660 0.0184 0.000734
695.00 C 20260810 -1.00 -1.00 2 2 0.6804 0.0192 0.000746
697.50 C 20260810 -1.00 -1.00 1 1 0.6883 0.0189 0.000725
700.00 C 20260810 -1.00 -1.00 15 24 0.6033 0.0076 0.000375
702.50 C 20260810 -1.00 -1.00 8 2 0.7049 0.0183 0.000691
705.00 C 20260810 -1.00 -1.00 18 8 0.7137 0.0181 0.000677
707.50 C 20260810 -1.00 -1.00 4 4 0.7103 0.0157 0.000607
710.00 C 20260810 -1.00 -1.00 1 4 0.5875 0.0039 0.000213
712.50 C 20260810 -1.00 -1.00 4 4 0.7378 0.0172 0.000629
715.00 C 20260810 -1.00 -1.00 6 6 0.7345 0.0150 0.000564
717.50 C 20260810 -1.00 -1.00 3 3 0.7421 0.0147 0.000549
720.00 C 20260810 -1.00 -1.00 1 1 0.7626 0.0166 0.000590
722.50 C 20260810 -1.00 -1.00 2 14 0.6093 0.0032 0.000171
725.00 C 20260810 -1.00 -1.00 10 10 0.6687 0.0059 0.000269
727.50 C 20260810 -1.00 -1.00 13 22 0.6226 0.0031 0.000164
730.00 C 20260810 -1.00 -1.00 4 5 0.6292 0.0031 0.000161
732.50 C 20260810 -1.00 -1.00 38 41 0.6358 0.0031 0.000158
735.00 C 20260810 -1.00 -1.00 2 20 0.6424 0.0031 0.000155
737.50 C 20260810 -1.00 -1.00 2 5 0.6489 0.0030 0.000152
740.00 C 20260810 -1.00 -1.00 53 53 0.6554 0.0030 0.000150
742.50 C 20260810 -1.00 -1.00 1 1 0.6619 0.0030 0.000147
745.00 C 20260810 -1.00 -1.00 2 81 0.6684 0.0029 0.000144
747.50 C 20260810 -1.00 -1.00 1 1 0.6748 0.0029 0.000142
750.00 C 20260810 -1.00 -1.00 3 66 0.6812 0.0029 0.000139
755.00 C 20260810 -1.00 -1.00 4 1 0.6940 0.0028 0.000135
760.00 C 20260810 -1.00 -1.00 1 22 0.7067 0.0028 0.000130
765.00 C 20260810 -1.00 -1.00 2 2 0.7193 0.0028 0.000126
400.00 P 20260810 -1.00 -1.00 1 1 0.8248 -0.0089 0.000319
405.00 P 20260810 -1.00 -1.00 1 1 0.7998 -0.0093 0.000344
410.00 P 20260810 -1.00 -1.00 -1 0 0.8109 -0.0137 0.000469
415.00 P 20260810 -1.00 -1.00 1 0 0.6632 -0.0051 0.000239
420.00 P 20260810 -1.00 -1.00 1 0 0.6367 -0.0053 0.000257
425.00 P 20260810 -1.00 -1.00 6 0 0.5960 -0.0044 0.000234
430.00 P 20260810 -1.00 -1.00 -1 0 0.6218 -0.0084 0.000403
435.00 P 20260810 -1.00 -1.00 -1 0 0.5932 -0.0086 0.000429
440.00 P 20260810 -1.00 -1.00 -1 0 0.5896 -0.0108 0.000532
445.00 P 20260810 -1.00 -1.00 4 2 0.5625 -0.0115 0.000586
450.00 P 20260810 -1.00 -1.00 3 3 0.5560 -0.0158 0.000771
460.00 P 20260810 -1.00 -1.00 10 8 0.5007 -0.0174 0.000931
465.00 P 20260810 -1.00 -1.00 10 0 0.4581 -0.0152 0.000908
470.00 P 20260810 -1.00 -1.00 4 90 0.4525 -0.0205 0.001190
472.50 P 20260810 -1.00 -1.00 1 2 0.4556 -0.0243 0.001377
475.00 P 20260810 -1.00 -1.00 44 41 0.4399 -0.0246 0.001438
477.50 P 20260810 -1.00 -1.00 3 3 0.4056 -0.0208 0.001345
480.00 P 20260810 -1.00 -1.00 3 26 0.4054 -0.0243 0.001547
482.50 P 20260810 -1.00 -1.00 2 1 0.4109 -0.0305 0.001844
485.00 P 20260810 -1.00 -1.00 45 41 0.4006 -0.0334 0.002030
487.50 P 20260810 -1.00 -1.00 1 10 0.3996 -0.0402 0.002357
490.00 P 20260810 -1.00 -1.00 2 19 0.3969 -0.0463 0.002669
492.50 P 20260810 -1.00 -1.00 1 2 0.3965 -0.0534 0.003011
495.00 P 20260810 -1.00 -1.00 73 42 0.3893 -0.0581 0.003295
497.50 P 20260810 -1.00 -1.00 205 102 0.3902 -0.0683 0.003724
500.00 P 20260810 -1.00 -1.00 56 216 0.3883 -0.0799 0.004185
502.50 P 20260810 -1.00 -1.00 16 28 0.3933 -0.0952 0.004712
505.00 P 20260810 -1.00 -1.00 24 20 0.3947 -0.1084 0.005194
507.50 P 20260810 -1.00 -1.00 16 215 0.3801 -0.1138 0.005608
510.00 P 20260810 -1.00 -1.00 6 38 0.3866 -0.1332 0.006153
512.50 P 20260810 -1.00 -1.00 56 30 0.3858 -0.1516 0.006681
515.00 P 20260810 -1.00 -1.00 10 21 0.3635 -0.1568 0.007245
517.50 P 20260810 -1.00 -1.00 14 22 0.3893 -0.1914 0.007726
520.00 P 20260810 -1.00 -1.00 7 26 0.3738 -0.2025 0.008367
522.50 P 20260810 -1.00 -1.00 97 2 0.3930 -0.2354 0.008655
525.00 P 20260810 -1.00 -1.00 2 53 0.3648 -0.2445 0.009495
527.50 P 20260810 -1.00 -1.00 3 11 0.3634 -0.2698 0.009998
530.00 P 20260810 -1.00 -1.00 26 137 0.3668 -0.2975 0.010409
532.50 P 20260810 -1.00 -1.00 3 73 0.3878 -0.3307 0.010421
535.00 P 20260810 -1.00 -1.00 3 53 0.3695 -0.3519 0.011179
537.50 P 20260810 -1.00 -1.00 1 45 0.3797 -0.3836 0.011093
540.00 P 20260810 -1.00 -1.00 18 16 0.3634 -0.4092 0.011775
542.50 P 20260810 -1.00 -1.00 10 1 0.3666 -0.4393 0.011886
545.00 P 20260810 -1.00 -1.00 18 33 0.3642 -0.4689 0.012177
547.50 P 20260810 -1.00 -1.00 63 37 0.3709 -0.4983 0.011991
550.00 P 20260810 -1.00 -1.00 136 21 0.3717 -0.5271 0.011848
552.50 P 20260810 -1.00 -1.00 2 1 0.3616 -0.5584 0.012054
555.00 P 20260810 -1.00 -1.00 27 47 0.3691 -0.5858 0.011695
557.50 P 20260810 -1.00 -1.00 2 0 0.3698 -0.6149 0.011560
560.00 P 20260810 -1.00 -1.00 60 39 0.3728 -0.6410 0.011228
562.50 P 20260810 -1.00 -1.00 -1 0 0.3702 -0.6674 0.010910
565.00 P 20260810 -1.00 -1.00 26 9 0.3684 -0.6937 0.010567
567.50 P 20260810 -1.00 -1.00 -1 0 0.3596 -0.7249 0.010350
570.00 P 20260810 -1.00 -1.00 8 31 0.3730 -0.7417 0.009725
572.50 P 20260810 -1.00 -1.00 3 2 0.3893 -0.7553 0.009120
575.00 P 20260810 -1.00 -1.00 10 196 0.3875 -0.7757 0.008696
577.50 P 20260810 -1.00 -1.00 1 6 0.3780 -0.8002 0.008295
580.00 P 20260810 -1.00 -1.00 1 5 0.3775 -0.8196 0.007817
582.50 P 20260810 -1.00 -1.00 33 3 0.3668 -0.8473 0.007335
585.00 P 20260810 -1.00 -1.00 23 18 0.4151 -0.8292 0.006872
587.50 P 20260810 -1.00 -1.00 2 1 0.3884 -0.8654 0.006421
590.00 P 20260810 -1.00 -1.00 18 327 0.3952 -0.8736 0.006022
592.50 P 20260810 -1.00 -1.00 2 9 0.3690 -0.9029 0.005407
595.00 P 20260810 -1.00 -1.00 13 29 0.3982 -0.8959 0.005225
597.50 P 20260810 -1.00 -1.00 2 2 0.4434 -0.8808 0.005122
600.00 P 20260810 -1.00 -1.00 11 10 0.4485 -0.8886 0.004828
602.50 P 20260810 -1.00 -1.00 1 1 0.4550 -0.8954 0.004554
605.00 P 20260810 -1.00 -1.00 1 3 0.4480 -0.9100 0.004190
607.50 P 20260810 -1.00 -1.00 -1 0 0.4663 -0.9096 0.004032
610.00 P 20260810 -1.00 -1.00 6 8 0.4858 -0.9076 0.003914
612.50 P 20260810 -1.00 -1.00 1 1 0.4965 -0.9113 0.003727
615.00 P 20260810 -1.00 -1.00 16 16 0.4826 -0.9290 0.003343
617.50 P 20260810 -1.00 -1.00 2 2 0.4919 -0.9313 0.003193
620.00 P 20260810 -1.00 -1.00 2 4 0.5431 -0.9135 0.003338
622.50 P 20260810 -1.00 -1.00 1 0 0.5322 -0.9280 0.003037
625.00 P 20260810 -1.00 -1.00 6 6 0.5517 -0.9261 0.002974
627.50 P 20260810 -1.00 -1.00 31 31 0.5553 -0.9306 0.002824
630.00 P 20260810 -1.00 -1.00 -1 0 0.5616 -0.9334 0.002705
632.50 P 20260810 -1.00 -1.00 -1 0 0.5294 -0.9495 0.002360
635.00 P 20260810 -1.00 -1.00 1 6 0.5764 -0.9380 0.002494
637.50 P 20260810 -1.00 -1.00 -1 0 0.5774 -0.9423 0.002361
640.00 P 20260810 -1.00 -1.00 -1 0 0.5758 -0.9475 0.002213
642.50 P 20260810 -1.00 -1.00 -1 0 0.5766 -0.9519 0.002079
645.00 P 20260810 -1.00 -1.00 1 0 0.6483 -0.9336 0.002313
647.50 P 20260810 -1.00 -1.00 -1 0 0.5777 -0.9609 0.001806
650.00 P 20260810 -1.00 -1.00 1 1 0.6300 -0.9474 0.002012
652.50 P 20260810 -1.00 -1.00 -1 0 0.6409 -0.9481 0.001955
655.00 P 20260810 -1.00 -1.00 -1 0 0.6130 -0.9616 0.001669
657.50 P 20260810 -1.00 -1.00 -1 0 0.6651 -0.9488 0.001862
660.00 P 20260810 -1.00 -1.00 -1 0 0.6733 -0.9502 0.001801
662.50 P 20260810 -1.00 -1.00 -1 0 0.6427 -0.9641 0.001521
665.00 P 20260810 -1.00 -1.00 -1 0 0.7148 -0.9457 0.001798
667.50 P 20260810 -1.00 -1.00 -1 0 0.6640 -0.9651 0.001443
670.00 P 20260810 -1.00 -1.00 -1 0 0.7310 -0.9484 0.001693
672.50 P 20260810 -1.00 -1.00 -1 0 0.7316 -0.9518 0.001612
675.00 P 20260810 -1.00 -1.00 12 0 0.7371 -0.9538 0.001552
677.50 P 20260810 -1.00 -1.00 6 0 0.7526 -0.9529 0.001539
680.00 P 20260810 -1.00 -1.00 -1 0 0.7530 -0.9562 0.001461
682.50 P 20260810 -1.00 -1.00 -1 0 0.7709 -0.9546 0.001461
685.00 P 20260810 -1.00 -1.00 -1 0 0.7762 -0.9565 0.001409
687.50 P 20260810 -1.00 -1.00 -1 0 0.8064 -0.9516 0.001457
690.00 P 20260810 -1.00 -1.00 -1 0 0.7994 -0.9567 0.001361
692.50 P 20260810 -1.00 -1.00 -1 0 0.7892 -0.9627 0.001245
695.00 P 20260810 -1.00 -1.00 -1 0 0.8122 -0.9596 0.001276
697.50 P 20260810 -1.00 -1.00 -1 0 0.8223 -0.9600 0.001251
700.00 P 20260810 -1.00 -1.00 -1 0 0.8274 -0.9618 0.001206
702.50 P 20260810 -1.00 -1.00 -1 0 0.8425 -0.9608 0.001203
705.00 P 20260810 -1.00 -1.00 -1 0 0.8126 -0.9696 0.001054
707.50 P 20260810 -1.00 -1.00 -1 0 0.8702 -0.9595 0.001188
710.00 P 20260810 -1.00 -1.00 -1 0 0.8926 -0.9568 0.001210
712.50 P 20260810 -1.00 -1.00 -1 0 0.8976 -0.9584 0.001172
715.00 P 20260810 -1.00 -1.00 -1 0 0.8873 -0.9638 0.001079
717.50 P 20260810 -1.00 -1.00 -1 0 0.9048 -0.9622 0.001089
720.00 P 20260810 -1.00 -1.00 -1 0 0.9121 -0.9631 0.001062
722.50 P 20260810 -1.00 -1.00 -1 0 0.8728 -0.9714 0.000932
725.00 P 20260810 -1.00 -1.00 -1 0 0.9291 -0.9644 0.001018
727.50 P 20260810 -1.00 -1.00 -1 0 0.9464 -0.9628 0.001027
730.00 P 20260810 -1.00 -1.00 -1 0 0.9484 -0.9649 0.000985
732.50 P 20260810 -1.00 -1.00 -1 0 0.9580 -0.9652 0.000970
735.00 P 20260810 -1.00 -1.00 -1 0 0.9100 -0.9732 0.000849
737.50 P 20260810 -1.00 -1.00 -1 0 0.9766 -0.9657 0.000940
740.00 P 20260810 -1.00 -1.00 -1 0 0.9365 -0.9722 0.000844
742.50 P 20260810 -1.00 -1.00 -1 0 0.9398 -0.9731 0.000821
745.00 P 20260810 -1.00 -1.00 -1 0 1.0133 -0.9647 0.000923
747.50 P 20260810 -1.00 -1.00 -1 0 0.9951 -0.9684 0.000865
750.00 P 20260810 -1.00 -1.00 -1 0 1.0176 -0.9669 0.000875
755.00 P 20260810 -1.00 -1.00 -1 0 1.0338 -0.9673 0.000852
760.00 P 20260810 -1.00 -1.00 -1 0 1.0734 -0.9650 0.000863
765.00 P 20260810 -1.00 -1.00 -1 0 1.0180 -0.9741 0.000733
400.00 C 20260812 -1.00 -1.00 -1 0 0.6927 0.9947 0.000213
405.00 C 20260812 -1.00 -1.00 -1 0 0.6357 0.9966 0.000156
410.00 C 20260812 -1.00 -1.00 -1 0 -1.0000 -1.0000 -1.000000
415.00 C 20260812 -1.00 -1.00 -1 0 -1.0000 -1.0000 -1.000000
420.00 C 20260812 -1.00 -1.00 -1 0 0.5052 0.9983 0.000097
425.00 C 20260812 -1.00 -1.00 -1 0 0.6193 0.9900 0.000426
430.00 C 20260812 -1.00 -1.00 -1 0 0.5526 0.9928 0.000352
435.00 C 20260812 -1.00 -1.00 4 2 0.0011 0.9999 -0.000000
440.00 C 20260812 -1.00 -1.00 20 2 0.0011 0.9999 -0.000000
445.00 C 20260812 -1.00 -1.00 16 1 0.0011 0.9999 -0.000000
450.00 C 20260812 -1.00 -1.00 -1 0 0.0011 0.9999 0.000000
460.00 C 20260812 -1.00 -1.00 -1 0 0.0011 0.9999 0.000000
465.00 C 20260812 -1.00 -1.00 30 0 0.0011 0.9999 0.000000
467.50 C 20260812 -1.00 -1.00 -1 0 0.0011 0.9999 0.000000
470.00 C 20260812 -1.00 -1.00 30 0 0.0011 0.9999 0.000000
472.50 C 20260812 -1.00 -1.00 -1 0 -1.0000 -1.0000 -1.000000
475.00 C 20260812 -1.00 -1.00 -1 0 0.3804 0.9807 0.001221
477.50 C 20260812 -1.00 -1.00 -1 0 0.0011 0.9999 0.000000
480.00 C 20260812 -1.00 -1.00 -1 0 0.3604 0.9785 0.001419
482.50 C 20260812 -1.00 -1.00 -1 0 0.3754 0.9703 0.001801
485.00 C 20260812 -1.00 -1.00 -1 0 0.3854 0.9592 0.002258
487.50 C 20260812 -1.00 -1.00 -1 0 0.3794 0.9548 0.002498
490.00 C 20260812 -1.00 -1.00 -1 0 0.3212 0.9732 0.001938
492.50 C 20260812 -1.00 -1.00 -1 0 0.3331 0.9602 0.002558
495.00 C 20260812 -1.00 -1.00 -1 0 0.3811 0.9301 0.003538
497.50 C 20260812 -1.00 -1.00 -1 0 0.3622 0.9296 0.003741
500.00 C 20260812 -1.00 -1.00 -1 0 0.3751 0.9097 0.004335
502.50 C 20260812 -1.00 -1.00 -1 0 0.3999 0.8854 0.004897
505.00 C 20260812 -1.00 -1.00 1 1 0.3916 0.8778 0.005266
507.50 C 20260812 -1.00 -1.00 3 2 0.4008 0.8549 0.005712
510.00 C 20260812 -1.00 -1.00 2 2 0.4050 0.8358 0.006122
512.50 C 20260812 -1.00 -1.00 -1 0 0.3736 0.8370 0.006603
515.00 C 20260812 -1.00 -1.00 10 5 0.3828 0.8140 0.007042
517.50 C 20260812 -1.00 -1.00 6 3 0.3880 0.7939 0.007460
520.00 C 20260812 -1.00 -1.00 16 8 0.3837 0.7764 0.007904
522.50 C 20260812 -1.00 -1.00 4 29 0.3859 0.7525 0.008239
525.00 C 20260812 -1.00 -1.00 77 36 0.3792 0.7332 0.008698
527.50 C 20260812 -1.00 -1.00 24 15 0.3815 0.7093 0.009033
530.00 C 20260812 -1.00 -1.00 136 53 0.3925 0.6825 0.009198
532.50 C 20260812 -1.00 -1.00 42 24 0.3785 0.6646 0.009829
535.00 C 20260812 -1.00 -1.00 9 124 0.3935 0.6345 0.009652
537.50 C 20260812 -1.00 -1.00 209 104 0.3912 0.6099 0.009860
540.00 C 20260812 -1.00 -1.00 54 1174 0.3812 0.5861 0.010267
542.50 C 20260812 -1.00 -1.00 6 6 0.3770 0.5606 0.010543
545.00 C 20260812 -1.00 -1.00 1 14 0.3855 0.5342 0.010475
547.50 C 20260812 -1.00 -1.00 1 1 0.3773 0.5083 0.010751
550.00 C 20260812 -1.00 -1.00 32 48 0.3829 0.4830 0.010501
552.50 C 20260812 -1.00 -1.00 16 13 0.3847 0.4577 0.010360
555.00 C 20260812 -1.00 -1.00 59 5 0.3816 0.4314 0.010351
557.50 C 20260812 -1.00 -1.00 10 8 0.3840 0.4065 0.010196
560.00 C 20260812 -1.00 -1.00 2 4 0.3939 0.3847 0.009865
562.50 C 20260812 -1.00 -1.00 10 3 0.3861 0.3587 0.009818
565.00 C 20260812 -1.00 -1.00 3 4 0.3879 0.3375 0.009492
567.50 C 20260812 -1.00 -1.00 3 5 0.3819 0.3125 0.009304
570.00 C 20260812 -1.00 -1.00 8 7 0.3802 0.2891 0.009031
572.50 C 20260812 -1.00 -1.00 -1 0 0.3854 0.2701 0.008654
575.00 C 20260812 -1.00 -1.00 3 3 0.3920 0.2525 0.008277
577.50 C 20260812 -1.00 -1.00 2 2 0.3915 0.2338 0.007939
580.00 C 20260812 -1.00 -1.00 2 16 0.3847 0.2132 0.007602
582.50 C 20260812 -1.00 -1.00 3 4 0.3978 0.2048 0.007164
585.00 C 20260812 -1.00 -1.00 3 46 0.3884 0.1822 0.006819
587.50 C 20260812 -1.00 -1.00 2 1 0.3896 0.1664 0.006438
590.00 C 20260812 -1.00 -1.00 3 12 0.4034 0.1603 0.006083
592.50 C 20260812 -1.00 -1.00 1 3 0.3986 0.1416 0.005720
595.00 C 20260812 -1.00 -1.00 1 8 0.3954 0.1291 0.005366
597.50 C 20260812 -1.00 -1.00 1 1 0.4043 0.1234 0.005071
600.00 C 20260812 -1.00 -1.00 8 45 0.4035 0.1124 0.004735
602.50 C 20260812 -1.00 -1.00 -1 0 0.4096 0.1056 0.004455
605.00 C 20260812 -1.00 -1.00 1 0 0.4136 0.0977 0.004170
607.50 C 20260812 -1.00 -1.00 2 2 0.4094 0.0847 0.003809
610.00 C 20260812 -1.00 -1.00 3 2 0.4199 0.0813 0.003614
612.50 C 20260812 -1.00 -1.00 32 31 0.4187 0.0724 0.003330
615.00 C 20260812 -1.00 -1.00 8 10 0.4475 0.0795 0.003339
617.50 C 20260812 -1.00 -1.00 4 0 0.4286 0.0649 0.002964
620.00 C 20260812 -1.00 -1.00 20 20 0.4431 0.0651 0.002876
622.50 C 20260812 -1.00 -1.00 1 1 0.4365 0.0569 0.002611
625.00 C 20260812 -1.00 -1.00 2 1 0.4608 0.0614 0.002631
627.50 C 20260812 -1.00 -1.00 -1 0 0.4195 0.0378 0.001970
630.00 C 20260812 -1.00 -1.00 16 23 0.5257 0.0745 0.002715
632.50 C 20260812 -1.00 -1.00 -1 0 0.5314 0.0718 0.002603
635.00 C 20260812 -1.00 -1.00 4 72 0.4811 0.0489 0.002096
637.50 C 20260812 -1.00 -1.00 -1 0 0.5628 0.0730 0.002490
640.00 C 20260812 -1.00 -1.00 5 15 0.4794 0.0382 0.001737
642.50 C 20260812 -1.00 -1.00 1 0 0.5187 0.0492 0.001953
645.00 C 20260812 -1.00 -1.00 -1 0 0.5420 0.0532 0.001990
647.50 C 20260812 -1.00 -1.00 -1 0 0.5569 0.0541 0.001963
650.00 C 20260812 -1.00 -1.00 9 15 0.5233 0.0372 0.001562
652.50 C 20260812 -1.00 -1.00 -1 0 0.6137 0.0642 0.002050
655.00 C 20260812 -1.00 -1.00 18 38 0.5389 0.0348 0.001440
657.50 C 20260812 -1.00 -1.00 -1 0 0.5549 0.0363 0.001446
660.00 C 20260812 -1.00 -1.00 7 6 0.5611 0.0348 0.001384
662.50 C 20260812 -1.00 -1.00 -1 0 0.5812 0.0377 0.001421
665.00 C 20260812 -1.00 -1.00 -1 0 0.5762 0.0336 0.001304
667.50 C 20260812 -1.00 -1.00 -1 0 0.6181 0.0427 0.001469
670.00 C 20260812 -1.00 -1.00 9 56 0.5514 0.0244 0.001030
672.50 C 20260812 -1.00 -1.00 4 2 0.6371 0.0416 0.001396
675.00 C 20260812 -1.00 -1.00 57 22 0.5810 0.0264 0.001048
677.50 C 20260812 -1.00 -1.00 10 3 0.6524 0.0393 0.001307
680.00 C 20260812 -1.00 -1.00 6 80 0.5504 0.0157 0.000713
682.50 C 20260812 -1.00 -1.00 2 1 0.6349 0.0309 0.001101
685.00 C 20260812 -1.00 -1.00 6 3 0.5908 0.0205 0.000829
687.50 C 20260812 -1.00 -1.00 36 9 0.5973 0.0199 0.000800
690.00 C 20260812 -1.00 -1.00 52 18 0.6029 0.0192 0.000768
692.50 C 20260812 -1.00 -1.00 24 7 0.6383 0.0243 0.000888
695.00 C 20260812 -1.00 -1.00 4 5 0.5863 0.0131 0.000575
697.50 C 20260812 -1.00 -1.00 -1 0 0.7267 0.0360 0.001099
700.00 C 20260812 -1.00 -1.00 3 2 0.6328 0.0178 0.000689
702.50 C 20260812 -1.00 -1.00 -1 0 0.7255 0.0327 0.001010
705.00 C 20260812 -1.00 -1.00 -1 0 0.7503 0.0350 0.001037
707.50 C 20260812 -1.00 -1.00 -1 0 0.7421 0.0322 0.000974
710.00 C 20260812 -1.00 -1.00 -1 0 0.7744 0.0356 0.001020
712.50 C 20260812 -1.00 -1.00 -1 0 0.7576 0.0316 0.000939
715.00 C 20260812 -1.00 -1.00 -1 0 0.7814 0.0337 0.000964
717.50 C 20260812 -1.00 -1.00 -1 0 0.7874 0.0332 0.000943
720.00 C 20260812 -1.00 -1.00 -1 0 0.7707 0.0292 0.000861
722.50 C 20260812 -1.00 -1.00 -1 0 0.7935 0.0313 0.000887
725.00 C 20260812 -1.00 -1.00 1 1 0.8003 0.0309 0.000870
727.50 C 20260812 -1.00 -1.00 -1 0 0.8062 0.0304 0.000851
730.00 C 20260812 -1.00 -1.00 -1 0 0.8130 0.0300 0.000835
732.50 C 20260812 -1.00 -1.00 -1 0 0.8197 0.0296 0.000819
735.00 C 20260812 -1.00 -1.00 -1 0 0.8264 0.0293 0.000804
737.50 C 20260812 -1.00 -1.00 -1 0 0.8339 0.0290 0.000791
740.00 C 20260812 -1.00 -1.00 -1 0 0.8406 0.0287 0.000776
742.50 C 20260812 -1.00 -1.00 -1 0 0.8481 0.0285 0.000764
745.00 C 20260812 -1.00 -1.00 -1 0 1.0290 0.0608 0.001165
750.00 C 20260812 -1.00 -1.00 -1 0 0.8670 0.0274 0.000722
755.00 C 20260812 -1.00 -1.00 -1 0 0.9088 0.0307 0.000762
760.00 C 20260812 -1.00 -1.00 -1 0 0.9160 0.0293 0.000725
765.00 C 20260812 -1.00 -1.00 -1 0 0.9051 0.0254 0.000649
400.00 P 20260812 -1.00 -1.00 -1 0 -1.0000 -1.0000 -1.000000
405.00 P 20260812 -1.00 -1.00 -1 0 -1.0000 -1.0000 -1.000000
410.00 P 20260812 -1.00 -1.00 -1 0 0.8497 -0.0248 0.000689
415.00 P 20260812 -1.00 -1.00 -1 0 0.8278 -0.0270 0.000759
420.00 P 20260812 -1.00 -1.00 -1 0 0.7980 -0.0284 0.000818
425.00 P 20260812 -1.00 -1.00 -1 0 0.7573 -0.0276 0.000844
430.00 P 20260812 -1.00 -1.00 -1 0 0.7300 -0.0294 0.000921
435.00 P 20260812 -1.00 -1.00 -1 0 0.6957 -0.0299 0.000977
440.00 P 20260812 -1.00 -1.00 -1 0 0.6646 -0.0309 0.001052
445.00 P 20260812 -1.00 -1.00 -1 0 0.6344 -0.0322 0.001138
450.00 P 20260812 -1.00 -1.00 24 9 0.5176 -0.0171 0.000813
460.00 P 20260812 -1.00 -1.00 -1 0 0.5029 -0.0253 0.001182
465.00 P 20260812 -1.00 -1.00 1 1 0.4344 -0.0183 0.001024
467.50 P 20260812 -1.00 -1.00 2 2 0.4823 -0.0332 0.001533
470.00 P 20260812 -1.00 -1.00 6 6 0.4752 -0.0364 0.001675
472.50 P 20260812 -1.00 -1.00 -1 0 0.5013 -0.0499 0.002060
475.00 P 20260812 -1.00 -1.00 11 8 0.4460 -0.0380 0.001850
477.50 P 20260812 -1.00 -1.00 1 1 0.4491 -0.0451 0.002110
480.00 P 20260812 -1.00 -1.00 2 34 0.4069 -0.0360 0.001941
482.50 P 20260812 -1.00 -1.00 1 1 0.4294 -0.0505 0.002429
485.00 P 20260812 -1.00 -1.00 2 15 0.4447 -0.0617 0.002782
487.50 P 20260812 -1.00 -1.00 -1 0 0.4320 -0.0654 0.002981
490.00 P 20260812 -1.00 -1.00 2 6 0.4069 -0.0623 0.003062
492.50 P 20260812 -1.00 -1.00 -1 0 0.4142 -0.0773 0.003505
495.00 P 20260812 -1.00 -1.00 1 6 0.3908 -0.0757 0.003658
497.50 P 20260812 -1.00 -1.00 -1 0 0.3990 -0.0916 0.004127
500.00 P 20260812 -1.00 -1.00 2 27 0.3948 -0.1008 0.004491
502.50 P 20260812 -1.00 -1.00 4 4 0.3990 -0.1142 0.004904
505.00 P 20260812 -1.00 -1.00 2 10 0.3995 -0.1277 0.005308
507.50 P 20260812 -1.00 -1.00 2 2 0.3907 -0.1390 0.005715
510.00 P 20260812 -1.00 -1.00 7 5 0.3784 -0.1485 0.006150
512.50 P 20260812 -1.00 -1.00 2 0 0.3861 -0.1707 0.006599
515.00 P 20260812 -1.00 -1.00 1 6 0.3920 -0.1912 0.007018
517.50 P 20260812 -1.00 -1.00 1 0 0.3875 -0.2062 0.007485
520.00 P 20260812 -1.00 -1.00 62 56 0.3877 -0.2265 0.007885
522.50 P 20260812 -1.00 -1.00 30 0 0.4049 -0.2576 0.008022
525.00 P 20260812 -1.00 -1.00 29 8 0.3886 -0.2719 0.008587
527.50 P 20260812 -1.00 -1.00 2 1 0.3835 -0.2922 0.009028
530.00 P 20260812 -1.00 -1.00 13 5 0.3880 -0.3165 0.009313
532.50 P 20260812 -1.00 -1.00 1 5 0.3923 -0.3409 0.009561
535.00 P 20260812 -1.00 -1.00 72 51 0.3856 -0.3643 0.009875
537.50 P 20260812 -1.00 -1.00 2 4 0.3859 -0.3900 0.010028
540.00 P 20260812 -1.00 -1.00 3 12 0.3779 -0.4145 0.010398
542.50 P 20260812 -1.00 -1.00 15 15 0.3902 -0.4417 0.010238
545.00 P 20260812 -1.00 -1.00 6 1 0.3873 -0.4671 0.010477
547.50 P 20260812 -1.00 -1.00 3 0 0.3813 -0.4931 0.010689
550.00 P 20260812 -1.00 -1.00 8 4 0.3869 -0.5182 0.010444
552.50 P 20260812 -1.00 -1.00 2 2 0.3832 -0.5443 0.010457
555.00 P 20260812 -1.00 -1.00 113 61 0.3826 -0.5702 0.010386
557.50 P 20260812 -1.00 -1.00 2 1 0.3869 -0.5946 0.010189
560.00 P 20260812 -1.00 -1.00 15 10 0.3917 -0.6183 0.009986
562.50 P 20260812 -1.00 -1.00 -1 0 0.3881 -0.6429 0.009843
565.00 P 20260812 -1.00 -1.00 5 58 0.3948 -0.6619 0.009430
567.50 P 20260812 -1.00 -1.00 1 1 0.3888 -0.6866 0.009258
570.00 P 20260812 -1.00 -1.00 6 21 0.3948 -0.7053 0.008879
572.50 P 20260812 -1.00 -1.00 -1 0 0.4041 -0.7214 0.008472
575.00 P 20260812 -1.00 -1.00 4 14 0.4007 -0.7450 0.008253
577.50 P 20260812 -1.00 -1.00 -1 0 0.3885 -0.7713 0.008046
580.00 P 20260812 -1.00 -1.00 29 43 0.4053 -0.7780 0.007560
582.50 P 20260812 -1.00 -1.00 1 2 0.4012 -0.7967 0.007235
585.00 P 20260812 -1.00 -1.00 2 41 0.4486 -0.7843 0.006692
587.50 P 20260812 -1.00 -1.00 3 80 0.4136 -0.8206 0.006511
590.00 P 20260812 -1.00 -1.00 4 81 0.4037 -0.8438 0.006181
592.50 P 20260812 -1.00 -1.00 7 5 0.3994 -0.8625 0.005818
595.00 P 20260812 -1.00 -1.00 55 54 0.4281 -0.8569 0.005549
597.50 P 20260812 -1.00 -1.00 7 7 0.4346 -0.8647 0.005265
600.00 P 20260812 -1.00 -1.00 1 1 0.4271 -0.8787 0.004959
602.50 P 20260812 -1.00 -1.00 10 10 0.4195 -0.8933 0.004627
605.00 P 20260812 -1.00 -1.00 2 2 0.4566 -0.8822 0.004530
607.50 P 20260812 -1.00 -1.00 2 0 0.4624 -0.8884 0.004306
610.00 P 20260812 -1.00 -1.00 1 3 0.4628 -0.8975 0.004062
612.50 P 20260812 -1.00 -1.00 1 1 0.4686 -0.9035 0.003853
615.00 P 20260812 -1.00 -1.00 2 2 0.4770 -0.9079 0.003670
617.50 P 20260812 -1.00 -1.00 -1 0 0.4729 -0.9194 0.003403
620.00 P 20260812 -1.00 -1.00 2 1 0.5003 -0.9123 0.003383
622.50 P 20260812 -1.00 -1.00 -1 0 0.5002 -0.9209 0.003169
625.00 P 20260812 -1.00 -1.00 1 1 0.4820 -0.9359 0.002870
627.50 P 20260812 -1.00 -1.00 -1 0 0.5174 -0.9279 0.002895
630.00 P 20260812 -1.00 -1.00 31 31 0.4768 -0.9484 0.002490
632.50 P 20260812 -1.00 -1.00 -1 0 0.4990 -0.9445 0.002489
635.00 P 20260812 -1.00 -1.00 20 20 0.5397 -0.9345 0.002577
637.50 P 20260812 -1.00 -1.00 -1 0 0.5406 -0.9387 0.002449
640.00 P 20260812 -1.00 -1.00 28 28 0.5202 -0.9509 0.002185
642.50 P 20260812 -1.00 -1.00 -1 0 0.5586 -0.9414 0.002288
645.00 P 20260812 -1.00 -1.00 -1 0 0.5756 -0.9400 0.002255
647.50 P 20260812 -1.00 -1.00 -1 0 0.5857 -0.9408 0.002189
650.00 P 20260812 -1.00 -1.00 -1 0 0.5841 -0.9455 0.002070
652.50 P 20260812 -1.00 -1.00 -1 0 0.6033 -0.9432 0.002058
655.00 P 20260812 -1.00 -1.00 -1 0 0.5971 -0.9494 0.001920
657.50 P 20260812 -1.00 -1.00 -1 0 0.6163 -0.9470 0.001916
660.00 P 20260812 -1.00 -1.00 -1 0 0.6145 -0.9515 0.001806
662.50 P 20260812 -1.00 -1.00 20 20 0.6196 -0.9537 0.001733
665.00 P 20260812 -1.00 -1.00 20 0 0.6364 -0.9520 0.001727
667.50 P 20260812 -1.00 -1.00 -1 0 0.6415 -0.9541 0.001659
670.00 P 20260812 -1.00 -1.00 -1 0 0.6512 -0.9547 0.001619
672.50 P 20260812 -1.00 -1.00 -1 0 0.6609 -0.9552 0.001580
675.00 P 20260812 -1.00 -1.00 -1 0 0.6682 -0.9565 0.001531
677.50 P 20260812 -1.00 -1.00 -1 0 0.6895 -0.9533 0.001553
680.00 P 20260812 -1.00 -1.00 -1 0 0.6873 -0.9575 0.001463
682.50 P 20260812 -1.00 -1.00 -1 0 0.6992 -0.9572 0.001442
685.00 P 20260812 -1.00 -1.00 -1 0 0.6992 -0.9606 0.001365
687.50 P 20260812 -1.00 -1.00 -1 0 0.7134 -0.9596 0.001358
690.00 P 20260812 -1.00 -1.00 -1 0 0.7252 -0.9593 0.001341
692.50 P 20260812 -1.00 -1.00 -1 0 0.7346 -0.9597 0.001313
695.00 P 20260812 -1.00 -1.00 -1 0 0.7439 -0.9601 0.001287
697.50 P 20260812 -1.00 -1.00 -1 0 0.7338 -0.9664 0.001177
700.00 P 20260812 -1.00 -1.00 -1 0 0.7648 -0.9602 0.001248
702.50 P 20260812 -1.00 -1.00 -1 0 0.7264 -0.9716 0.001061
705.00 P 20260812 -1.00 -1.00 -1 0 0.7972 -0.9570 0.001257
707.50 P 20260812 -1.00 -1.00 -1 0 0.7805 -0.9648 0.001132
710.00 P 20260812 -1.00 -1.00 -1 0 0.7969 -0.9630 0.001140
712.50 P 20260812 -1.00 -1.00 -1 0 0.8083 -0.9626 0.001129
715.00 P 20260812 -1.00 -1.00 -1 0 0.8150 -0.9636 0.001100
717.50 P 20260812 -1.00 -1.00 -1 0 0.8288 -0.9626 0.001099
720.00 P 20260812 -1.00 -1.00 -1 0 0.8676 -0.9550 0.001185
722.50 P 20260812 -1.00 -1.00 -1 0 0.8127 -0.9700 0.000973
725.00 P 20260812 -1.00 -1.00 -1 0 0.8509 -0.9649 0.001029
727.50 P 20260812 -1.00 -1.00 -1 0 0.8282 -0.9704 0.000942
730.00 P 20260812 -1.00 -1.00 -1 0 0.9210 -0.9521 0.001163
732.50 P 20260812 -1.00 -1.00 -1 0 0.8773 -0.9657 0.000981
735.00 P 20260812 -1.00 -1.00 -1 0 0.9298 -0.9549 0.001104
737.50 P 20260812 -1.00 -1.00 -1 0 0.9068 -0.9631 0.000989
740.00 P 20260812 -1.00 -1.00 -1 0 0.9248 -0.9611 0.001005
742.50 P 20260812 -1.00 -1.00 -1 0 0.9195 -0.9649 0.000946
745.00 P 20260812 -1.00 -1.00 -1 0 0.9174 -0.9669 0.000911
750.00 P 20260812 -1.00 -1.00 -1 0 0.9908 -0.9547 0.001036
755.00 P 20260812 -1.00 -1.00 -1 0 0.9560 -0.9666 0.000876
760.00 P 20260812 -1.00 -1.00 -1 0 0.9865 -0.9648 0.000878
765.00 P 20260812 -1.00 -1.00 -1 0 0.9413 -0.9734 0.000759
330.00 C 20260814 -1.00 -1.00 -1 0 1.0377 0.9952 0.000119
340.00 C 20260814 -1.00 -1.00 -1 0 0.9730 0.9953 0.000126
350.00 C 20260814 -1.00 -1.00 -1 0 0.9909 0.9920 0.000201
360.00 C 20260814 -1.00 -1.00 -1 0 0.9702 0.9898 0.000256
370.00 C 20260814 -1.00 -1.00 -1 0 0.7897 0.9956 0.000146
380.00 C 20260814 -1.00 -1.00 -1 0 0.8474 0.9892 0.000308
390.00 C 20260814 -1.00 -1.00 -1 0 0.7774 0.9901 0.000313
400.00 C 20260814 -1.00 -1.00 1 1 0.6588 0.9936 0.000246
405.00 C 20260814 -1.00 -1.00 -1 0 0.6442 0.9928 0.000281
410.00 C 20260814 -1.00 -1.00 -1 0 0.6049 0.9936 0.000266
415.00 C 20260814 -1.00 -1.00 -1 0 0.6421 0.9887 0.000424
420.00 C 20260814 -1.00 -1.00 -1 0 0.5398 0.9947 0.000251
425.00 C 20260814 -1.00 -1.00 -1 0 0.5934 0.9875 0.000500
430.00 C 20260814 -1.00 -1.00 -1 0 0.5773 0.9855 0.000580
435.00 C 20260814 -1.00 -1.00 9 2 0.0012 0.9999 -0.000000
440.00 C 20260814 -1.00 -1.00 15 3 0.0012 0.9999 -0.000000
445.00 C 20260814 -1.00 -1.00 6 1 0.0012 0.9999 -0.000000
450.00 C 20260814 -1.00 -1.00 -1 0 0.4379 0.9904 0.000540
455.00 C 20260814 -1.00 -1.00 -1 0 0.0012 0.9999 -0.000000
460.00 C 20260814 -1.00 -1.00 -1 0 0.4395 0.9798 0.001019
462.50 C 20260814 -1.00 -1.00 -1 0 0.4424 0.9764 0.001164
465.00 C 20260814 -1.00 -1.00 -1 0 0.0012 0.9999 0.000000
467.50 C 20260814 -1.00 -1.00 -1 0 0.3622 0.9886 0.000761
470.00 C 20260814 -1.00 -1.00 4 4 0.3306 0.9914 0.000640
472.50 C 20260814 -1.00 -1.00 -1 0 0.4053 0.9713 0.001506
475.00 C 20260814 -1.00 -1.00 6 6 0.3415 0.9838 0.001080
477.50 C 20260814 -1.00 -1.00 -1 0 0.4036 0.9598 0.001973
480.00 C 20260814 -1.00 -1.00 7 4 0.3880 0.9598 0.002056
482.50 C 20260814 -1.00 -1.00 6 3 0.3574 0.9662 0.001940
485.00 C 20260814 -1.00 -1.00 30 102 0.3889 0.9468 0.002591
487.50 C 20260814 -1.00 -1.00 -1 0 0.3931 0.9391 0.002882
490.00 C 20260814 -1.00 -1.00 30 158 0.4112 0.9188 0.003386
492.50 C 20260814 -1.00 -1.00 5 5 0.3764 0.9275 0.003404
495.00 C 20260814 -1.00 -1.00 2 1 0.3997 0.9040 0.003955
497.50 C 20260814 -1.00 -1.00 4 1 0.4017 0.8926 0.004298
500.00 C 20260814 -1.00 -1.00 1 21 0.4050 0.8806 0.004638
502.50 C 20260814 -1.00 -1.00 4 2 0.4120 0.8618 0.004997
505.00 C 20260814 -1.00 -1.00 4 2 0.4011 0.8530 0.005336
507.50 C 20260814 -1.00 -1.00 2 1 0.3902 0.8438 0.005703
510.00 C 20260814 -1.00 -1.00 2 50 0.3839 0.8314 0.006094
512.50 C 20260814 -1.00 -1.00 4 3 0.3906 0.8117 0.006457
515.00 C 20260814 -1.00 -1.00 33 18 0.4035 0.7897 0.006754
517.50 C 20260814 -1.00 -1.00 19 10 0.3998 0.7724 0.007087
520.00 C 20260814 -1.00 -1.00 6 45 0.3955 0.7544 0.007426
522.50 C 20260814 -1.00 -1.00 6 21 0.3844 0.7392 0.007868
525.00 C 20260814 -1.00 -1.00 6 132 0.3892 0.7162 0.008112
527.50 C 20260814 -1.00 -1.00 18 9 0.3987 0.6919 0.008268
530.00 C 20260814 -1.00 -1.00 126 397 0.4082 0.6688 0.008403
532.50 C 20260814 -1.00 -1.00 18 75 0.4015 0.6487 0.008689
535.00 C 20260814 -1.00 -1.00 120 567 0.3975 0.6269 0.008902
537.50 C 20260814 -1.00 -1.00 28 86 0.3958 0.6041 0.009069
540.00 C 20260814 -1.00 -1.00 82 210 0.3889 0.5818 0.009360
542.50 C 20260814 -1.00 -1.00 75 42 0.3949 0.5579 0.009354
545.00 C 20260814 -1.00 -1.00 151 90 0.4021 0.5346 0.009318
547.50 C 20260814 -1.00 -1.00 43 42 0.3996 0.5118 0.009416
550.00 C 20260814 -1.00 -1.00 262 185 0.3954 0.4886 0.009444
552.50 C 20260814 -1.00 -1.00 16 43 0.3930 0.4652 0.009429
555.00 C 20260814 -1.00 -1.00 128 59 0.3975 0.4431 0.009253
557.50 C 20260814 -1.00 -1.00 27 13 0.3968 0.4201 0.009198
560.00 C 20260814 -1.00 -1.00 207 177 0.4002 0.3983 0.009054
562.50 C 20260814 -1.00 -1.00 11 16 0.4029 0.3767 0.008927
565.00 C 20260814 -1.00 -1.00 54 61 0.4000 0.3559 0.008750
567.50 C 20260814 -1.00 -1.00 8 10 0.3964 0.3346 0.008577
570.00 C 20260814 -1.00 -1.00 128 94 0.3986 0.3158 0.008307
572.50 C 20260814 -1.00 -1.00 67 2 0.3963 0.2947 0.008104
575.00 C 20260814 -1.00 -1.00 94 115 0.3991 0.2765 0.007832
577.50 C 20260814 -1.00 -1.00 15 15 0.4000 0.2574 0.007588
580.00 C 20260814 -1.00 -1.00 152 118 0.4006 0.2400 0.007319
582.50 C 20260814 -1.00 -1.00 6 10 0.4018 0.2258 0.007006
585.00 C 20260814 -1.00 -1.00 33 101 0.4004 0.2101 0.006708
587.50 C 20260814 -1.00 -1.00 10 10 0.3992 0.1944 0.006405
590.00 C 20260814 -1.00 -1.00 21 993 0.4020 0.1814 0.006094
592.50 C 20260814 -1.00 -1.00 2 7 0.4048 0.1685 0.005792
595.00 C 20260814 -1.00 -1.00 56 106 0.4085 0.1565 0.005499
597.50 C 20260814 -1.00 -1.00 17 2 0.4129 0.1453 0.005217
600.00 C 20260814 -1.00 -1.00 782 438 0.4125 0.1354 0.004945
602.50 C 20260814 -1.00 -1.00 2 61 0.4112 0.1251 0.004668
605.00 C 20260814 -1.00 -1.00 50 173 0.4110 0.1154 0.004394
607.50 C 20260814 -1.00 -1.00 5 12 0.4153 0.1084 0.004152
610.00 C 20260814 -1.00 -1.00 42 219 0.4170 0.1000 0.003899
612.50 C 20260814 -1.00 -1.00 34 16 0.4191 0.0919 0.003654
615.00 C 20260814 -1.00 -1.00 23 74 0.4229 0.0850 0.003430
617.50 C 20260814 -1.00 -1.00 7 7 0.4277 0.0789 0.003225
620.00 C 20260814 -1.00 -1.00 39 209 0.4304 0.0733 0.003035
622.50 C 20260814 -1.00 -1.00 1 26 0.4301 0.0680 0.002848
625.00 C 20260814 -1.00 -1.00 48 1153 0.4323 0.0637 0.002682
627.50 C 20260814 -1.00 -1.00 3 7 0.4345 0.0594 0.002518
630.00 C 20260814 -1.00 -1.00 12 556 0.4362 0.0549 0.002355
632.50 C 20260814 -1.00 -1.00 2 17 0.4413 0.0520 0.002226
635.00 C 20260814 -1.00 -1.00 81 537 0.4430 0.0477 0.002070
637.50 C 20260814 -1.00 -1.00 9 7 0.4500 0.0458 0.001973
640.00 C 20260814 -1.00 -1.00 257 703 0.4529 0.0421 0.001837
642.50 C 20260814 -1.00 -1.00 5 2 0.4599 0.0403 0.001751
645.00 C 20260814 -1.00 -1.00 6 169 0.4644 0.0375 0.001642
647.50 C 20260814 -1.00 -1.00 1 1 0.4697 0.0351 0.001546
650.00 C 20260814 -1.00 -1.00 58 1371 0.4713 0.0331 0.001462
652.50 C 20260814 -1.00 -1.00 1 11 0.4736 0.0313 0.001384
655.00 C 20260814 -1.00 -1.00 333 389 0.4759 0.0295 0.001308
657.50 C 20260814 -1.00 -1.00 1 1 0.4798 0.0281 0.001243
660.00 C 20260814 -1.00 -1.00 9 817 0.4837 0.0268 0.001181
662.50 C 20260814 -1.00 -1.00 -1 0 0.4876 0.0254 0.001121
665.00 C 20260814 -1.00 -1.00 4 195 0.4907 0.0239 0.001056
667.50 C 20260814 -1.00 -1.00 1 1 0.4961 0.0230 0.001011
670.00 C 20260814 -1.00 -1.00 22 528 0.4999 0.0218 0.000956
672.50 C 20260814 -1.00 -1.00 1 1 0.5005 0.0197 0.000879
675.00 C 20260814 -1.00 -1.00 29 259 0.5091 0.0197 0.000862
677.50 C 20260814 -1.00 -1.00 -1 0 0.5184 0.0198 0.000851
680.00 C 20260814 -1.00 -1.00 57 725 0.5166 0.0172 0.000762
682.50 C 20260814 -1.00 -1.00 -1 0 0.5195 0.0159 0.000709
685.00 C 20260814 -1.00 -1.00 1 227 0.5374 0.0181 0.000764
687.50 C 20260814 -1.00 -1.00 -1 0 0.5388 0.0164 0.000703
690.00 C 20260814 -1.00 -1.00 39 930 0.5432 0.0155 0.000665
692.50 C 20260814 -1.00 -1.00 -1 0 0.5500 0.0151 0.000645
695.00 C 20260814 -1.00 -1.00 2 81 0.5583 0.0152 0.000636
697.50 C 20260814 -1.00 -1.00 -1 0 0.5635 0.0145 0.000607
700.00 C 20260814 -1.00 -1.00 35 1036 0.5546 0.0126 0.000545
702.50 C 20260814 -1.00 -1.00 10 0 0.5593 0.0123 0.000528
705.00 C 20260814 -1.00 -1.00 20 88 0.5622 0.0118 0.000505
707.50 C 20260814 -1.00 -1.00 14 0 0.5686 0.0117 0.000494
710.00 C 20260814 -1.00 -1.00 3 132 0.5696 0.0110 0.000467
712.50 C 20260814 -1.00 -1.00 20 6 0.5797 0.0112 0.000469
715.00 C 20260814 -1.00 -1.00 18 79 0.5842 0.0109 0.000454
717.50 C 20260814 -1.00 -1.00 -1 0 0.5852 0.0103 0.000428
720.00 C 20260814 -1.00 -1.00 6 375 0.5844 0.0094 0.000396
722.50 C 20260814 -1.00 -1.00 -1 0 0.5925 0.0095 0.000394
725.00 C 20260814 -1.00 -1.00 346 180 0.5971 0.0092 0.000381
727.50 C 20260814 -1.00 -1.00 -1 0 0.6016 0.0090 0.000368
730.00 C 20260814 -1.00 -1.00 4 113 0.6114 0.0093 0.000373
732.50 C 20260814 -1.00 -1.00 -1 0 0.6123 0.0086 0.000349
735.00 C 20260814 -1.00 -1.00 7 31 0.6221 0.0089 0.000354
737.50 C 20260814 -1.00 -1.00 -1 0 0.6319 0.0092 0.000358
740.00 C 20260814 -1.00 -1.00 6 151 0.6186 0.0071 0.000291
742.50 C 20260814 -1.00 -1.00 -1 0 0.6514 0.0097 0.000366
745.00 C 20260814 -1.00 -1.00 60 259 0.6292 0.0068 0.000276
747.50 C 20260814 -1.00 -1.00 1 0 0.6248 0.0056 0.000236
750.00 C 20260814 -1.00 -1.00 14 915 0.6380 0.0063 0.000255
755.00 C 20260814 -1.00 -1.00 15 106 0.6449 0.0057 0.000230
760.00 C 20260814 -1.00 -1.00 102 201 0.6571 0.0056 0.000223
765.00 C 20260814 -1.00 -1.00 1 59 0.6657 0.0051 0.000206
330.00 P 20260814 -1.00 -1.00 2 6 1.0181 -0.0039 0.000104
340.00 P 20260814 -1.00 -1.00 3 269 0.8688 -0.0018 0.000062
350.00 P 20260814 -1.00 -1.00 34 53 0.7824 -0.0012 0.000045
360.00 P 20260814 -1.00 -1.00 4 27 0.7793 -0.0022 0.000082
370.00 P 20260814 -1.00 -1.00 37 323 0.7618 -0.0030 0.000112
380.00 P 20260814 -1.00 -1.00 3 28 0.7688 -0.0062 0.000209
390.00 P 20260814 -1.00 -1.00 1 25 0.6887 -0.0047 0.000184
400.00 P 20260814 -1.00 -1.00 1 23 0.6358 -0.0047 0.000198
405.00 P 20260814 -1.00 -1.00 17 15 0.6553 -0.0078 0.000302
410.00 P 20260814 -1.00 -1.00 12 16 0.6344 -0.0082 0.000328
415.00 P 20260814 -1.00 -1.00 11 20 0.5890 -0.0070 0.000303
420.00 P 20260814 -1.00 -1.00 11 23 0.5936 -0.0092 0.000388
425.00 P 20260814 -1.00 -1.00 5 9 0.5760 -0.0099 0.000429
430.00 P 20260814 -1.00 -1.00 62 55 0.5464 -0.0098 0.000445
435.00 P 20260814 -1.00 -1.00 32 15 0.5147 -0.0094 0.000455
440.00 P 20260814 -1.00 -1.00 11 30 0.4760 -0.0083 0.000439
445.00 P 20260814 -1.00 -1.00 1 27 0.4806 -0.0119 0.000597
450.00 P 20260814 -1.00 -1.00 2 161 0.4681 -0.0147 0.000733
455.00 P 20260814 -1.00 -1.00 59 70 0.4609 -0.0187 0.000916
460.00 P 20260814 -1.00 -1.00 211 271 0.4467 -0.0215 0.001067
462.50 P 20260814 -1.00 -1.00 6 5 0.4573 -0.0263 0.001248
465.00 P 20260814 -1.00 -1.00 7 105 0.4508 -0.0288 0.001362
467.50 P 20260814 -1.00 -1.00 1 3 0.4482 -0.0333 0.001536
470.00 P 20260814 -1.00 -1.00 9 85 0.4336 -0.0337 0.001600
472.50 P 20260814 -1.00 -1.00 -1 0 0.4420 -0.0423 0.001887
475.00 P 20260814 -1.00 -1.00 28 160 0.4270 -0.0427 0.001971
477.50 P 20260814 -1.00 -1.00 2 13 0.4265 -0.0483 0.002186
480.00 P 20260814 -1.00 -1.00 8 151 0.4220 -0.0526 0.002374
482.50 P 20260814 -1.00 -1.00 1 5 0.4234 -0.0589 0.002608
485.00 P 20260814 -1.00 -1.00 27 141 0.4227 -0.0671 0.002877
487.50 P 20260814 -1.00 -1.00 9 18 0.4130 -0.0719 0.003094
490.00 P 20260814 -1.00 -1.00 60 242 0.4083 -0.0797 0.003371
492.50 P 20260814 -1.00 -1.00 55 12 0.4063 -0.0890 0.003679
495.00 P 20260814 -1.00 -1.00 175 144 0.4040 -0.0982 0.003990
497.50 P 20260814 -1.00 -1.00 67 68 0.4025 -0.1079 0.004312
500.00 P 20260814 -1.00 -1.00 181 531 0.4036 -0.1188 0.004646
502.50 P 20260814 -1.00 -1.00 2 9 0.3995 -0.1307 0.004989
505.00 P 20260814 -1.00 -1.00 11 119 0.3978 -0.1452 0.005349
507.50 P 20260814 -1.00 -1.00 308 110 0.3935 -0.1584 0.005718
510.00 P 20260814 -1.00 -1.00 49 346 0.3929 -0.1739 0.006092
512.50 P 20260814 -1.00 -1.00 14 90 0.3950 -0.1909 0.006457
515.00 P 20260814 -1.00 -1.00 31 354 0.3989 -0.2086 0.006805
517.50 P 20260814 -1.00 -1.00 39 42 0.3955 -0.2257 0.007154
520.00 P 20260814 -1.00 -1.00 153 418 0.3928 -0.2448 0.007484
522.50 P 20260814 -1.00 -1.00 3 13 0.3921 -0.2651 0.007795
525.00 P 20260814 -1.00 -1.00 175 160 0.3886 -0.2842 0.008149
527.50 P 20260814 -1.00 -1.00 21 57 0.3907 -0.3059 0.008425
530.00 P 20260814 -1.00 -1.00 74 327 0.3941 -0.3277 0.008675
532.50 P 20260814 -1.00 -1.00 138 16 0.3926 -0.3497 0.008908
535.00 P 20260814 -1.00 -1.00 103 179 0.3887 -0.3721 0.009129
537.50 P 20260814 -1.00 -1.00 50 3 0.3871 -0.3954 0.009304
540.00 P 20260814 -1.00 -1.00 114 185 0.3891 -0.4194 0.009397
542.50 P 20260814 -1.00 -1.00 185 26 0.3888 -0.4430 0.009546
545.00 P 20260814 -1.00 -1.00 141 156 0.3889 -0.4667 0.009685
547.50 P 20260814 -1.00 -1.00 587 22 0.3926 -0.4903 0.009634
550.00 P 20260814 -1.00 -1.00 73 1877 0.3902 -0.5137 0.009621
552.50 P 20260814 -1.00 -1.00 6 1 0.3867 -0.5377 0.009636
555.00 P 20260814 -1.00 -1.00 6 248 0.3872 -0.5612 0.009552
557.50 P 20260814 -1.00 -1.00 7 2 0.3872 -0.5848 0.009483
560.00 P 20260814 -1.00 -1.00 82 280 0.3922 -0.6067 0.009297
562.50 P 20260814 -1.00 -1.00 46 0 0.3882 -0.6311 0.009272
565.00 P 20260814 -1.00 -1.00 3 130 0.3899 -0.6509 0.008997
567.50 P 20260814 -1.00 -1.00 -1 0 0.3941 -0.6692 0.008684
570.00 P 20260814 -1.00 -1.00 28 229 0.3924 -0.6902 0.008475
572.50 P 20260814 -1.00 -1.00 2 2 0.3952 -0.7089 0.008197
575.00 P 20260814 -1.00 -1.00 18 220 0.3934 -0.7302 0.007987
577.50 P 20260814 -1.00 -1.00 7 1 0.4156 -0.7361 0.007492
580.00 P 20260814 -1.00 -1.00 30 326 0.3990 -0.7645 0.007412
582.50 P 20260814 -1.00 -1.00 1 1 0.4036 -0.7769 0.007078
585.00 P 20260814 -1.00 -1.00 41 149 0.3888 -0.8014 0.006850
587.50 P 20260814 -1.00 -1.00 5 0 0.4016 -0.8081 0.006490
590.00 P 20260814 -1.00 -1.00 3 339 0.3892 -0.8324 0.006210
592.50 P 20260814 -1.00 -1.00 15 2 0.3849 -0.8516 0.005883
595.00 P 20260814 -1.00 -1.00 6 207 0.4112 -0.8462 0.005599
597.50 P 20260814 -1.00 -1.00 47 47 0.4220 -0.8526 0.005329
600.00 P 20260814 -1.00 -1.00 18 800 0.3954 -0.8796 0.004990
602.50 P 20260814 -1.00 -1.00 -1 0 0.4059 -0.8833 0.004750
605.00 P 20260814 -1.00 -1.00 7 93 0.3835 -0.9084 0.004310
607.50 P 20260814 -1.00 -1.00 -1 0 0.4206 -0.8939 0.004290
610.00 P 20260814 -1.00 -1.00 7 172 0.4247 -0.9009 0.004060
612.50 P 20260814 -1.00 -1.00 1 16 0.4602 -0.8891 0.004019
615.00 P 20260814 -1.00 -1.00 17 85 0.4428 -0.9082 0.003698
617.50 P 20260814 -1.00 -1.00 -1 0 0.4707 -0.9003 0.003654
620.00 P 20260814 -1.00 -1.00 1 80 0.4490 -0.9224 0.003293
622.50 P 20260814 -1.00 -1.00 2 0 0.4695 -0.9182 0.003237
625.00 P 20260814 -1.00 -1.00 40 105 0.4625 -0.9305 0.002982
627.50 P 20260814 -1.00 -1.00 3 0 0.4947 -0.9196 0.003028
630.00 P 20260814 -1.00 -1.00 111 215 0.4775 -0.9345 0.002757
632.50 P 20260814 -1.00 -1.00 -1 0 0.5022 -0.9300 0.002737
635.00 P 20260814 -1.00 -1.00 8 43 0.4813 -0.9426 0.002486
637.50 P 20260814 -1.00 -1.00 -1 0 0.5319 -0.9285 0.002612
640.00 P 20260814 -1.00 -1.00 1 198 0.5199 -0.9371 0.002439
642.50 P 20260814 -1.00 -1.00 -1 0 0.5076 -0.9462 0.002242
645.00 P 20260814 -1.00 -1.00 3 54 0.5365 -0.9397 0.002286
647.50 P 20260814 -1.00 -1.00 -1 0 0.5350 -0.9445 0.002162
650.00 P 20260814 -1.00 -1.00 1 37 0.5573 -0.9407 0.002168
652.50 P 20260814 -1.00 -1.00 -1 0 0.5155 -0.9612 0.001800
655.00 P 20260814 -1.00 -1.00 2 19 0.5585 -0.9484 0.001961
657.50 P 20260814 -1.00 -1.00 -1 0 0.5785 -0.9452 0.001966
660.00 P 20260814 -1.00 -1.00 6 7 0.5768 -0.9498 0.001858
662.50 P 20260814 -1.00 -1.00 -1 0 0.5925 -0.9481 0.001845
665.00 P 20260814 -1.00 -1.00 10 12 0.5929 -0.9518 0.001753
667.50 P 20260814 -1.00 -1.00 -1 0 0.5975 -0.9539 0.001685
670.00 P 20260814 -1.00 -1.00 14 46 0.5976 -0.9578 0.001600
672.50 P 20260814 -1.00 -1.00 -1 0 0.6221 -0.9528 0.001640
675.00 P 20260814 -1.00 -1.00 2 8 0.6244 -0.9556 0.001569
677.50 P 20260814 -1.00 -1.00 -1 0 0.6311 -0.9569 0.001523
680.00 P 20260814 -1.00 -1.00 20 75 0.6400 -0.9574 0.001489
682.50 P 20260814 -1.00 -1.00 -1 0 0.6237 -0.9667 0.001321
685.00 P 20260814 -1.00 -1.00 1 11 0.6576 -0.9583 0.001426
687.50 P 20260814 -1.00 -1.00 -1 0 0.6412 -0.9675 0.001264
690.00 P 20260814 -1.00 -1.00 1 0 0.6751 -0.9592 0.001367
692.50 P 20260814 -1.00 -1.00 -1 0 0.6586 -0.9682 0.001211
695.00 P 20260814 -1.00 -1.00 31 11 0.6671 -0.9685 0.001186
697.50 P 20260814 -1.00 -1.00 -1 0 0.7012 -0.9604 0.001287
700.00 P 20260814 -1.00 -1.00 42 3 0.7142 -0.9594 0.001281
702.50 P 20260814 -1.00 -1.00 -1 0 0.6977 -0.9678 0.001142
705.00 P 20260814 -1.00 -1.00 4 0 0.6981 -0.9696 0.001098
707.50 P 20260814 -1.00 -1.00 -1 0 0.7332 -0.9626 0.001185
710.00 P 20260814 -1.00 -1.00 1 0 0.7325 -0.9658 0.001124
712.50 P 20260814 -1.00 -1.00 -1 0 0.7027 -0.9735 0.000990
715.00 P 20260814 -1.00 -1.00 10 0 0.7629 -0.9622 0.001141
717.50 P 20260814 -1.00 -1.00 -1 0 0.7735 -0.9619 0.001130
720.00 P 20260814 -1.00 -1.00 3 1 0.7819 -0.9622 0.001111
722.50 P 20260814 -1.00 -1.00 -1 0 0.7880 -0.9632 0.001085
725.00 P 20260814 -1.00 -1.00 -1 0 0.7871 -0.9661 0.001032
727.50 P 20260814 -1.00 -1.00 -1 0 0.8023 -0.9644 0.001042
730.00 P 20260814 -1.00 -1.00 3 0 0.8127 -0.9641 0.001034
732.50 P 20260814 -1.00 -1.00 -1 0 0.8140 -0.9663 0.000992
735.00 P 20260814 -1.00 -1.00 -1 0 0.8245 -0.9659 0.000986
737.50 P 20260814 -1.00 -1.00 -1 0 0.8349 -0.9655 0.000979
740.00 P 20260814 -1.00 -1.00 24 0 0.7909 -0.9743 0.000849
742.50 P 20260814 -1.00 -1.00 -1 0 0.8485 -0.9667 0.000942
745.00 P 20260814 -1.00 -1.00 -1 0 0.8658 -0.9644 0.000959
747.50 P 20260814 -1.00 -1.00 -1 0 0.8626 -0.9671 0.000916
750.00 P 20260814 -1.00 -1.00 -1 0 0.8736 -0.9667 0.000910
755.00 P 20260814 -1.00 -1.00 1 1 0.8792 -0.9683 0.000873
760.00 P 20260814 -1.00 -1.00 1 0 0.9012 -0.9676 0.000864
765.00 P 20260814 -1.00 -1.00 -1 0 0.9189 -0.9674 0.000848
330.00 C 20260821 -1.00 -1.00 10 51 0.0015 0.9998 -0.000000
340.00 C 20260821 -1.00 -1.00 5 46 0.7994 0.9951 0.000127
350.00 C 20260821 -1.00 -1.00 2 38 0.8427 0.9906 0.000225
360.00 C 20260821 -1.00 -1.00 1 45 0.7465 0.9926 0.000201
370.00 C 20260821 -1.00 -1.00 2 42 0.0015 0.9998 0.000000
380.00 C 20260821 -1.00 -1.00 26 73 0.7180 0.9864 0.000360
390.00 C 20260821 -1.00 -1.00 10 53 0.5618 0.9953 0.000175
395.00 C 20260821 -1.00 -1.00 1 23 0.5377 0.9955 0.000176
400.00 C 20260821 -1.00 -1.00 2 49 0.6151 0.9863 0.000425
405.00 C 20260821 -1.00 -1.00 1 14 0.5957 0.9854 0.000462
410.00 C 20260821 -1.00 -1.00 10 32 0.5987 0.9814 0.000570
415.00 C 20260821 -1.00 -1.00 13 25 0.5972 0.9780 0.000666
420.00 C 20260821 -1.00 -1.00 3 57 0.5653 0.9787 0.000682
425.00 C 20260821 -1.00 -1.00 9 28 0.4946 0.9860 0.000536
430.00 C 20260821 -1.00 -1.00 2 35 0.5198 0.9776 0.000775
435.00 C 20260821 -1.00 -1.00 6 40 0.5178 0.9737 0.000900
440.00 C 20260821 -1.00 -1.00 2 53 0.4883 0.9743 0.000936
445.00 C 20260821 -1.00 -1.00 7 44 0.3016 0.9981 0.000131
450.00 C 20260821 -1.00 -1.00 1 304 0.3605 0.9903 0.000539
455.00 C 20260821 -1.00 -1.00 1 24 0.4255 0.9694 0.001230
460.00 C 20260821 -1.00 -1.00 2 44 0.3688 0.9781 0.001071
465.00 C 20260821 -1.00 -1.00 1 29 0.3798 0.9671 0.001459
470.00 C 20260821 -1.00 -1.00 6 60 0.4332 0.9369 0.002191
475.00 C 20260821 -1.00 -1.00 11 24 0.4265 0.9241 0.002542
480.00 C 20260821 -1.00 -1.00 3 120 0.3810 0.9314 0.002645
485.00 C 20260821 -1.00 -1.00 11 46 0.4157 0.8963 0.003314
490.00 C 20260821 -1.00 -1.00 25 54 0.4162 0.8784 0.003742
495.00 C 20260821 -1.00 -1.00 4 106 0.4022 0.8618 0.004189
500.00 C 20260821 -1.00 -1.00 356 533 0.4029 0.8359 0.004675
505.00 C 20260821 -1.00 -1.00 410 70 0.3976 0.8130 0.005178
510.00 C 20260821 -1.00 -1.00 477 95 0.3942 0.7882 0.005689
515.00 C 20260821 -1.00 -1.00 530 51 0.3903 0.7565 0.006136
520.00 C 20260821 -1.00 -1.00 569 282 0.3968 0.7198 0.006480
525.00 C 20260821 -1.00 -1.00 662 122 0.3981 0.6859 0.006868
530.00 C 20260821 -1.00 -1.00 943 698 0.3974 0.6505 0.007173
535.00 C 20260821 -1.00 -1.00 868 757 0.3921 0.6138 0.007454
540.00 C 20260821 -1.00 -1.00 937 485 0.3931 0.5754 0.007625
545.00 C 20260821 -1.00 -1.00 1150 409 0.3940 0.5371 0.007794
550.00 C 20260821 -1.00 -1.00 1119 1680 0.3936 0.4993 0.007790
555.00 C 20260821 -1.00 -1.00 158 371 0.3933 0.4614 0.007710
560.00 C 20260821 -1.00 -1.00 922 851 0.3934 0.4236 0.007619
565.00 C 20260821 -1.00 -1.00 100 823 0.4000 0.3884 0.007412
570.00 C 20260821 -1.00 -1.00 275 1253 0.3946 0.3529 0.007230
575.00 C 20260821 -1.00 -1.00 262 1272 0.3953 0.3207 0.006908
580.00 C 20260821 -1.00 -1.00 1840 4083 0.3950 0.2879 0.006599
585.00 C 20260821 -1.00 -1.00 94 2187 0.4000 0.2586 0.006242
590.00 C 20260821 -1.00 -1.00 238 2014 0.3996 0.2320 0.005867
595.00 C 20260821 -1.00 -1.00 106 1754 0.3973 0.2061 0.005469
600.00 C 20260821 -1.00 -1.00 2443 10059 0.3957 0.1804 0.005060
605.00 C 20260821 -1.00 -1.00 183 765 0.4041 0.1623 0.004657
610.00 C 20260821 -1.00 -1.00 118 4141 0.4077 0.1433 0.004277
612.50 C 20260821 -1.00 -1.00 137 84 0.4072 0.1351 0.004092
615.00 C 20260821 -1.00 -1.00 111 1128 0.4077 0.1275 0.003910
617.50 C 20260821 -1.00 -1.00 86 495 0.4099 0.1210 0.003738
620.00 C 20260821 -1.00 -1.00 211 7724 0.4088 0.1125 0.003551
622.50 C 20260821 -1.00 -1.00 3 286 0.4120 0.1067 0.003389
625.00 C 20260821 -1.00 -1.00 158 1123 0.4133 0.0997 0.003219
627.50 C 20260821 -1.00 -1.00 26 54 0.4155 0.0934 0.003058
630.00 C 20260821 -1.00 -1.00 274 3670 0.4212 0.0895 0.002929
632.50 C 20260821 -1.00 -1.00 22 129 0.4226 0.0829 0.002770
635.00 C 20260821 -1.00 -1.00 189 1374 0.4266 0.0780 0.002637
637.50 C 20260821 -1.00 -1.00 4 50 0.4291 0.0746 0.002524
640.00 C 20260821 -1.00 -1.00 426 2256 0.4271 0.0695 0.002389
642.50 C 20260821 -1.00 -1.00 15 146 0.4277 0.0655 0.002270
645.00 C 20260821 -1.00 -1.00 85 888 0.4304 0.0624 0.002167
647.50 C 20260821 -1.00 -1.00 25 204 0.4314 0.0585 0.002053
650.00 C 20260821 -1.00 -1.00 576 6784 0.4340 0.0555 0.001954
652.50 C 20260821 -1.00 -1.00 1 111 0.4393 0.0537 0.001879
655.00 C 20260821 -1.00 -1.00 39 904 0.4392 0.0495 0.001762
657.50 C 20260821 -1.00 -1.00 7 68 0.4431 0.0472 0.001682
660.00 C 20260821 -1.00 -1.00 114 5977 0.4464 0.0446 0.001598
665.00 C 20260821 -1.00 -1.00 33 1366 0.4547 0.0404 0.001455
670.00 C 20260821 -1.00 -1.00 90 4825 0.4657 0.0376 0.001347
675.00 C 20260821 -1.00 -1.00 36 5984 0.4693 0.0338 0.001225
680.00 C 20260821 -1.00 -1.00 89 5758 0.4715 0.0306 0.001114
685.00 C 20260821 -1.00 -1.00 6 3994 0.4788 0.0286 0.001035
690.00 C 20260821 -1.00 -1.00 81 1998 0.4841 0.0263 0.000950
695.00 C 20260821 -1.00 -1.00 11 1125 0.4913 0.0244 0.000879
700.00 C 20260821 -1.00 -1.00 402 22041 0.4984 0.0227 0.000813
705.00 C 20260821 -1.00 -1.00 7 752 0.5036 0.0204 0.000738
710.00 C 20260821 -1.00 -1.00 50 3029 0.5126 0.0192 0.000689
715.00 C 20260821 -1.00 -1.00 3 766 0.5208 0.0179 0.000640
720.00 C 20260821 -1.00 -1.00 134 22601 0.5289 0.0167 0.000594
725.00 C 20260821 -1.00 -1.00 124 1879 0.5377 0.0156 0.000554
730.00 C 20260821 -1.00 -1.00 150 5622 0.5452 0.0145 0.000516
735.00 C 20260821 -1.00 -1.00 15 547 0.5495 0.0137 0.000484
740.00 C 20260821 -1.00 -1.00 120 2450 0.5538 0.0128 0.000452
745.00 C 20260821 -1.00 -1.00 2 968 0.5537 0.0115 0.000410
750.00 C 20260821 -1.00 -1.00 293 18709 0.5623 0.0111 0.000392
755.00 C 20260821 -1.00 -1.00 4 498 0.5722 0.0110 0.000380
760.00 C 20260821 -1.00 -1.00 84 2242 0.5735 0.0099 0.000344
765.00 C 20260821 -1.00 -1.00 8 209 0.5833 0.0097 0.000334
330.00 P 20260821 -1.00 -1.00 25 279 0.8167 -0.0030 0.000085
340.00 P 20260821 -1.00 -1.00 120 283 0.8112 -0.0052 0.000139
350.00 P 20260821 -1.00 -1.00 28 209 0.6911 -0.0024 0.000081
360.00 P 20260821 -1.00 -1.00 10 205 0.6756 -0.0031 0.000107
370.00 P 20260821 -1.00 -1.00 1 156 0.6443 -0.0040 0.000139
380.00 P 20260821 -1.00 -1.00 3 323 0.6095 -0.0047 0.000170
390.00 P 20260821 -1.00 -1.00 1 380 0.5906 -0.0066 0.000236
395.00 P 20260821 -1.00 -1.00 4 109 0.5517 -0.0054 0.000210
400.00 P 20260821 -1.00 -1.00 14 943 0.5386 -0.0061 0.000240
405.00 P 20260821 -1.00 -1.00 1 342 0.5131 -0.0058 0.000241
410.00 P 20260821 -1.00 -1.00 2 346 0.5149 -0.0077 0.000312
415.00 P 20260821 -1.00 -1.00 3 131 0.5085 -0.0090 0.000365
420.00 P 20260821 -1.00 -1.00 54 720 0.4990 -0.0103 0.000421
425.00 P 20260821 -1.00 -1.00 10 3975 0.4809 -0.0112 0.000467
430.00 P 20260821 -1.00 -1.00 57 1377 0.4735 -0.0142 0.000577
435.00 P 20260821 -1.00 -1.00 2 150 0.4602 -0.0162 0.000662
440.00 P 20260821 -1.00 -1.00 12 462 0.4538 -0.0195 0.000791
445.00 P 20260821 -1.00 -1.00 4 678 0.4510 -0.0236 0.000943
450.00 P 20260821 -1.00 -1.00 50 1410 0.4448 -0.0280 0.001108
455.00 P 20260821 -1.00 -1.00 19 307 0.4338 -0.0334 0.001303
460.00 P 20260821 -1.00 -1.00 88 856 0.4247 -0.0397 0.001530
465.00 P 20260821 -1.00 -1.00 67 595 0.4211 -0.0481 0.001810
470.00 P 20260821 -1.00 -1.00 43 1012 0.4204 -0.0576 0.002114
475.00 P 20260821 -1.00 -1.00 54 1323 0.4118 -0.0683 0.002447
480.00 P 20260821 -1.00 -1.00 200 6036 0.4041 -0.0812 0.002832
485.00 P 20260821 -1.00 -1.00 34 1036 0.3998 -0.0963 0.003259
490.00 P 20260821 -1.00 -1.00 195 3593 0.4032 -0.1152 0.003725
495.00 P 20260821 -1.00 -1.00 93 811 0.3968 -0.1351 0.004198
500.00 P 20260821 -1.00 -1.00 667 8092 0.3895 -0.1568 0.004705
505.00 P 20260821 -1.00 -1.00 158 3298 0.3906 -0.1837 0.005220
510.00 P 20260821 -1.00 -1.00 154 1858 0.3934 -0.2120 0.005720
515.00 P 20260821 -1.00 -1.00 322 781 0.3870 -0.2425 0.006196
520.00 P 20260821 -1.00 -1.00 295 3044 0.3840 -0.2755 0.006658
525.00 P 20260821 -1.00 -1.00 203 1490 0.3912 -0.3127 0.006995
530.00 P 20260821 -1.00 -1.00 1363 5681 0.3859 -0.3474 0.007411
535.00 P 20260821 -1.00 -1.00 291 981 0.3822 -0.3857 0.007679
540.00 P 20260821 -1.00 -1.00 373 3075 0.3829 -0.4252 0.007869
545.00 P 20260821 -1.00 -1.00 139 1441 0.3850 -0.4647 0.008034
550.00 P 20260821 -1.00 -1.00 305 7027 0.3853 -0.5038 0.008014
555.00 P 20260821 -1.00 -1.00 56 612 0.3846 -0.5427 0.007941
560.00 P 20260821 -1.00 -1.00 132 2899 0.3825 -0.5823 0.007900
565.00 P 20260821 -1.00 -1.00 70 725 0.3998 -0.6147 0.007488
570.00 P 20260821 -1.00 -1.00 35 2745 0.3838 -0.6553 0.007465
575.00 P 20260821 -1.00 -1.00 51 932 0.3836 -0.6893 0.007145
580.00 P 20260821 -1.00 -1.00 553 3237 0.3880 -0.7206 0.006771
585.00 P 20260821 -1.00 -1.00 27 1131 0.3995 -0.7463 0.006340
590.00 P 20260821 -1.00 -1.00 54 3424 0.3907 -0.7783 0.006010
595.00 P 20260821 -1.00 -1.00 42 1007 0.3951 -0.8007 0.005579
600.00 P 20260821 -1.00 -1.00 75 5338 0.3849 -0.8338 0.005185
605.00 P 20260821 -1.00 -1.00 16 1444 0.3983 -0.8487 0.004766
610.00 P 20260821 -1.00 -1.00 10 2225 0.4026 -0.8662 0.004382
612.50 P 20260821 -1.00 -1.00 3 84 0.3710 -0.8953 0.004076
615.00 P 20260821 -1.00 -1.00 32 1245 0.3960 -0.8868 0.003985
617.50 P 20260821 -1.00 -1.00 14 30 0.4096 -0.8863 0.003853
620.00 P 20260821 -1.00 -1.00 14 4090 0.4169 -0.8897 0.003707
622.50 P 20260821 -1.00 -1.00 1 20 0.4025 -0.9076 0.003460
625.00 P 20260821 -1.00 -1.00 23 2589 0.4012 -0.9169 0.003264
627.50 P 20260821 -1.00 -1.00 1 170 0.4418 -0.8972 0.003329
630.00 P 20260821 -1.00 -1.00 22 1710 0.4175 -0.9213 0.003026
632.50 P 20260821 -1.00 -1.00 3 68 0.4189 -0.9282 0.002859
635.00 P 20260821 -1.00 -1.00 25 289 0.4529 -0.9125 0.002946
637.50 P 20260821 -1.00 -1.00 4 36 0.4578 -0.9165 0.002832
640.00 P 20260821 -1.00 -1.00 10 1470 0.4282 -0.9389 0.002522
642.50 P 20260821 -1.00 -1.00 7 66 0.4727 -0.9211 0.002648
645.00 P 20260821 -1.00 -1.00 14 299 0.4762 -0.9257 0.002537
647.50 P 20260821 -1.00 -1.00 16 69 0.4873 -0.9254 0.002480
650.00 P 20260821 -1.00 -1.00 39 3242 0.4367 -0.9528 0.002110
652.50 P 20260821 -1.00 -1.00 2 3 0.4917 -0.9328 0.002293
655.00 P 20260821 -1.00 -1.00 1 147 0.4833 -0.9400 0.002165
657.50 P 20260821 -1.00 -1.00 1 11 0.4980 -0.9379 0.002140
660.00 P 20260821 -1.00 -1.00 210 958 0.4670 -0.9553 0.001888
665.00 P 20260821 -1.00 -1.00 10 111 0.5060 -0.9460 0.001927
670.00 P 20260821 -1.00 -1.00 242 679 0.4950 -0.9584 0.001692
675.00 P 20260821 -1.00 -1.00 1 298 0.5265 -0.9522 0.001712
680.00 P 20260821 -1.00 -1.00 14 729 0.4465 -0.9884 0.001011
685.00 P 20260821 -1.00 -1.00 2 24 0.5020 -0.9757 0.001272
690.00 P 20260821 -1.00 -1.00 41 355 0.5511 -0.9628 0.001396
695.00 P 20260821 -1.00 -1.00 20 21 0.5147 -0.9799 0.001118
700.00 P 20260821 -1.00 -1.00 77 156 0.5595 -0.9722 0.001184
705.00 P 20260821 -1.00 -1.00 8 32 0.5640 -0.9746 0.001123
710.00 P 20260821 -1.00 -1.00 4264 56 0.5082 -0.9937 0.000658
715.00 P 20260821 -1.00 -1.00 1 38 0.5333 -0.9901 0.000747
720.00 P 20260821 -1.00 -1.00 13 108 -1.0000 -1.0000 -1.000000
725.00 P 20260821 -1.00 -1.00 10 9 0.5508 -0.9922 0.000643
730.00 P 20260821 -1.00 -1.00 1290 40 0.5953 -0.9833 0.000835
735.00 P 20260821 -1.00 -1.00 56 23 -1.0000 -1.0000 -1.000000
740.00 P 20260821 -1.00 -1.00 42 33 -1.0000 -1.0000 -1.000000
745.00 P 20260821 -1.00 -1.00 14 0 0.6393 -0.9821 0.000802
750.00 P 20260821 -1.00 -1.00 1098 45 -1.0000 -1.0000 -1.000000
755.00 P 20260821 -1.00 -1.00 13 0 0.6864 -0.9775 0.000828
760.00 P 20260821 -1.00 -1.00 75 4 0.6821 -0.9810 0.000765
765.00 P 20260821 -1.00 -1.00 15 0 0.6556 -0.9901 0.000570
220.00 C 20260731 -1.00 -1.00 12 2 -1.0000 -1.0000 -1.000000
230.00 C 20260731 -1.00 -1.00 12 9 -1.0000 -1.0000 -1.000000
240.00 C 20260731 -1.00 -1.00 2 7 -1.0000 -1.0000 -1.000000
250.00 C 20260731 -1.00 -1.00 3 1 -1.0000 -1.0000 -1.000000
260.00 C 20260731 -1.00 -1.00 6 5 -1.0000 -1.0000 -1.000000
270.00 C 20260731 -1.00 -1.00 6 6 -1.0000 -1.0000 -1.000000
280.00 C 20260731 -1.00 -1.00 12 8 -1.0000 -1.0000 -1.000000
290.00 C 20260731 -1.00 -1.00 13 5 -1.0000 -1.0000 -1.000000
300.00 C 20260731 -1.00 -1.00 1 11 -1.0000 -1.0000 -1.000000
310.00 C 20260731 -1.00 -1.00 6 6 -1.0000 -1.0000 -1.000000
320.00 C 20260731 -1.00 -1.00 1 20 -1.0000 -1.0000 -1.000000
220.00 P 20260731 -1.00 -1.00 1 103 12.9067 -0.0045 0.000063
230.00 P 20260731 -1.00 -1.00 8 107 10.2954 -0.0011 0.000021
240.00 P 20260731 -1.00 -1.00 2 119 9.2149 -0.0006 0.000013
250.00 P 20260731 -1.00 -1.00 2 294 10.2716 -0.0025 0.000046
260.00 P 20260731 -1.00 -1.00 5 270 8.5610 -0.0007 0.000018
270.00 P 20260731 -1.00 -1.00 3 248 9.9052 -0.0047 0.000086
280.00 P 20260731 -1.00 -1.00 2 158 8.8108 -0.0027 0.000058
290.00 P 20260731 -1.00 -1.00 15 213 7.9104 -0.0019 0.000048
300.00 P 20260731 -1.00 -1.00 10 2202 6.8744 -0.0008 0.000024
310.00 P 20260731 -1.00 -1.00 15 228 6.9832 -0.0018 0.000051
320.00 P 20260731 -1.00 -1.00 4 219 6.2607 -0.0010 0.000033
220.00 C 20260807 -1.00 -1.00 -1 0 0.0009 0.9999 -0.000000
230.00 C 20260807 -1.00 -1.00 -1 0 2.4120 0.9972 0.000045
240.00 C 20260807 -1.00 -1.00 -1 0 2.0098 0.9991 0.000019
250.00 C 20260807 -1.00 -1.00 -1 0 0.0009 0.9999 -0.000000
260.00 C 20260807 -1.00 -1.00 -1 0 -1.0000 -1.0000 -1.000000
270.00 C 20260807 -1.00 -1.00 -1 0 1.9785 0.9967 0.000064
280.00 C 20260807 -1.00 -1.00 -1 0 -1.0000 -1.0000 -1.000000
290.00 C 20260807 -1.00 -1.00 -1 0 0.0009 0.9999 0.000000
300.00 C 20260807 -1.00 -1.00 -1 0 1.6994 0.9961 0.000086
310.00 C 20260807 -1.00 -1.00 -1 0 1.6060 0.9960 0.000092
320.00 C 20260807 -1.00 -1.00 -1 0 0.0009 0.9999 -0.000000
220.00 P 20260807 -1.00 -1.00 93 196 2.9533 -0.0074 0.000090
230.00 P 20260807 -1.00 -1.00 2 206 2.8197 -0.0078 0.000099
240.00 P 20260807 -1.00 -1.00 25 173 2.2304 -0.0023 0.000041
250.00 P 20260807 -1.00 -1.00 103 238 1.9459 -0.0012 0.000025
260.00 P 20260807 -1.00 -1.00 4 130 2.1887 -0.0049 0.000082
270.00 P 20260807 -1.00 -1.00 1 177 1.9267 -0.0025 0.000053
280.00 P 20260807 -1.00 -1.00 16 338 3.0547 -0.0377 0.000350
290.00 P 20260807 -1.00 -1.00 45 203 1.5471 -0.0010 0.000027
300.00 P 20260807 -1.00 -1.00 1 286 1.7093 -0.0041 0.000090
310.00 P 20260807 -1.00 -1.00 1 136 1.4338 -0.0016 0.000045
320.00 P 20260807 -1.00 -1.00 1 171 1.9462 -0.0177 0.000291
220.00 C 20260814 -1.00 -1.00 -1 0 1.8232 0.9970 0.000044
230.00 C 20260814 -1.00 -1.00 -1 0 -1.0000 -1.0000 -1.000000
240.00 C 20260814 -1.00 -1.00 -1 0 0.0012 0.9999 0.000000
250.00 C 20260814 -1.00 -1.00 -1 0 0.0012 0.9999 0.000000
260.00 C 20260814 -1.00 -1.00 2 2 1.4635 0.9973 0.000051
270.00 C 20260814 -1.00 -1.00 -1 0 1.1686 0.9993 0.000016
280.00 C 20260814 -1.00 -1.00 -1 0 0.0012 0.9999 -0.000000
290.00 C 20260814 -1.00 -1.00 -1 0 0.0012 0.9999 -0.000000
300.00 C 20260814 -1.00 -1.00 -1 0 1.1898 0.9969 0.000071
310.00 C 20260814 -1.00 -1.00 -1 0 1.1481 0.9960 0.000092
320.00 C 20260814 -1.00 -1.00 -1 0 0.0012 0.9999 0.000000
220.00 P 20260814 -1.00 -1.00 1 1 2.5256 -0.0175 0.000160
230.00 P 20260814 -1.00 -1.00 1 1 2.1961 -0.0130 0.000140
240.00 P 20260814 -1.00 -1.00 29 157 1.7844 -0.0055 0.000081
250.00 P 20260814 -1.00 -1.00 63 325 1.7384 -0.0064 0.000096
260.00 P 20260814 -1.00 -1.00 1 24 1.8964 -0.0144 0.000178
270.00 P 20260814 -1.00 -1.00 7 26 1.9842 -0.0215 0.000242
280.00 P 20260814 -1.00 -1.00 11 11 1.6692 -0.0136 0.000192
290.00 P 20260814 -1.00 -1.00 24 65 1.2125 -0.0023 0.000055
300.00 P 20260814 -1.00 -1.00 177 329 1.0655 -0.0013 0.000035
310.00 P 20260814 -1.00 -1.00 -1 0 1.4655 -0.0169 0.000265
320.00 P 20260814 -1.00 -1.00 42 139 0.9797 -0.0018 0.000053
290.00 C 20260821 -1.00 -1.00 10 778 1.0659 0.9956 0.000087
300.00 C 20260821 -1.00 -1.00 5 59 0.7715 0.9995 0.000011
310.00 C 20260821 -1.00 -1.00 6 44 0.9164 0.9969 0.000072
320.00 C 20260821 -1.00 -1.00 1 66 0.0015 0.9998 0.000000
290.00 P 20260821 -1.00 -1.00 1 2915 0.9073 -0.0010 0.000027
300.00 P 20260821 -1.00 -1.00 2 866 0.8805 -0.0014 0.000038
310.00 P 20260821 -1.00 -1.00 10 293 0.9231 -0.0031 0.000077
320.00 P 20260821 -1.00 -1.00 21 154 0.8739 -0.0033 0.000085
770.00 C 20260731 -1.00 -1.00 5 1391 4.7364 0.0076 0.000272
775.00 C 20260731 -1.00 -1.00 33 6724 4.7681 0.0068 0.000246
780.00 C 20260731 -1.00 -1.00 1 890 5.8210 0.0222 0.000561
785.00 C 20260731 -1.00 -1.00 1 127 4.8427 0.0055 0.000201
790.00 C 20260731 -1.00 -1.00 1 293 6.2507 0.0271 0.000618
795.00 C 20260731 -1.00 -1.00 14 110 5.0577 0.0062 0.000212
800.00 C 20260731 -1.00 -1.00 1 2126 4.4328 0.0015 0.000067
805.00 C 20260731 -1.00 -1.00 2 111 4.8876 0.0037 0.000140
810.00 C 20260731 -1.00 -1.00 1 742 4.7943 0.0028 0.000109
815.00 C 20260731 -1.00 -1.00 1 223 5.3286 0.0054 0.000181
820.00 C 20260731 -1.00 -1.00 15 1369 4.2727 0.0005 0.000027
825.00 C 20260731 -1.00 -1.00 117 196 5.0583 0.0030 0.000112
830.00 C 20260731 -1.00 -1.00 2 672 4.9340 0.0019 0.000076
835.00 C 20260731 -1.00 -1.00 1 76 5.3792 0.0040 0.000134
840.00 C 20260731 -1.00 -1.00 1 108 8.5254 0.0552 0.000810
845.00 C 20260731 -1.00 -1.00 7 308 5.3192 0.0029 0.000102
850.00 C 20260731 -1.00 -1.00 3 788 7.4212 0.0270 0.000518
855.00 C 20260731 -1.00 -1.00 1 97 5.3849 0.0025 0.000088
860.00 C 20260731 -1.00 -1.00 3 204 5.8538 0.0045 0.000139
865.00 C 20260731 -1.00 -1.00 3 32 5.7606 0.0037 0.000118
870.00 C 20260731 -1.00 -1.00 255 239 5.6679 0.0029 0.000096
875.00 C 20260731 -1.00 -1.00 6 439 6.4854 0.0080 0.000207
770.00 P 20260731 -1.00 -1.00 2 0 -1.0000 -1.0000 -1.000000
775.00 P 20260731 -1.00 -1.00 14 0 6.0692 -0.9702 0.000692
780.00 P 20260731 -1.00 -1.00 18 0 6.1317 -0.9711 0.000667
785.00 P 20260731 -1.00 -1.00 18 1 6.1173 -0.9736 0.000619
790.00 P 20260731 -1.00 -1.00 22 4 6.2553 -0.9729 0.000620
795.00 P 20260731 -1.00 -1.00 8 0 6.3166 -0.9737 0.000598
800.00 P 20260731 -1.00 -1.00 53 9 6.1503 -0.9793 0.000501
805.00 P 20260731 -1.00 -1.00 18 0 6.5637 -0.9728 0.000592
810.00 P 20260731 -1.00 -1.00 64 10 6.5231 -0.9756 0.000543
815.00 P 20260731 -1.00 -1.00 18 0 6.7328 -0.9734 0.000566
820.00 P 20260731 -1.00 -1.00 8 0 6.7418 -0.9751 0.000534
825.00 P 20260731 -1.00 -1.00 2 0 6.8999 -0.9739 0.000543
830.00 P 20260731 -1.00 -1.00 20 6 6.9084 -0.9756 0.000512
835.00 P 20260731 -1.00 -1.00 8 1 6.9909 -0.9758 0.000502
840.00 P 20260731 -1.00 -1.00 12 3 6.7028 -0.9836 0.000382
845.00 P 20260731 -1.00 -1.00 2 0 7.1054 -0.9773 0.000469
850.00 P 20260731 -1.00 -1.00 2 0 6.3339 -0.9895 0.000272
855.00 P 20260731 -1.00 -1.00 10 0 7.3407 -0.9763 0.000471
860.00 P 20260731 -1.00 -1.00 14 0 7.4452 -0.9760 0.000468
865.00 P 20260731 -1.00 -1.00 14 0 7.4276 -0.9781 0.000436
870.00 P 20260731 -1.00 -1.00 2 0 7.6282 -0.9760 0.000457
875.00 P 20260731 -1.00 -1.00 6 0 7.5859 -0.9784 0.000421
770.00 C 20260803 -1.00 -1.00 57 41 1.6263 0.0142 0.000429
775.00 C 20260803 -1.00 -1.00 48 20 1.6026 0.0122 0.000379
780.00 C 20260803 -1.00 -1.00 1 17 1.5314 0.0082 0.000277
785.00 C 20260803 -1.00 -1.00 24 23 1.6177 0.0106 0.000331
790.00 C 20260803 -1.00 -1.00 11 31 1.5578 0.0070 0.000239
795.00 C 20260803 -1.00 -1.00 22 44 1.5600 0.0060 0.000208
800.00 C 20260803 -1.00 -1.00 93 171 1.5803 0.0058 0.000199
805.00 C 20260803 -1.00 -1.00 2 11 1.6185 0.0063 0.000210
810.00 C 20260803 -1.00 -1.00 9 11 1.8111 0.0127 0.000348
815.00 C 20260803 -1.00 -1.00 2 3 1.6618 0.0060 0.000196
820.00 C 20260803 -1.00 -1.00 19 21 1.7245 0.0075 0.000229
825.00 C 20260803 -1.00 -1.00 1 9 1.7225 0.0065 0.000201
830.00 C 20260803 -1.00 -1.00 18 10 1.8700 0.0111 0.000297
835.00 C 20260803 -1.00 -1.00 6 11 1.8357 0.0089 0.000249
840.00 C 20260803 -1.00 -1.00 5 10 1.7875 0.0061 0.000185
845.00 C 20260803 -1.00 -1.00 2 6 1.9334 0.0106 0.000276
770.00 P 20260803 -1.00 -1.00 1 0 1.9107 -0.9665 0.000773
775.00 P 20260803 -1.00 -1.00 -1 0 1.8179 -0.9749 0.000638
780.00 P 20260803 -1.00 -1.00 -1 0 1.9733 -0.9668 0.000742
785.00 P 20260803 -1.00 -1.00 -1 0 2.0320 -0.9652 0.000748
790.00 P 20260803 -1.00 -1.00 -1 0 2.0272 -0.9675 0.000707
795.00 P 20260803 -1.00 -1.00 -1 0 2.1012 -0.9651 0.000726
800.00 P 20260803 -1.00 -1.00 -1 0 2.0331 -0.9712 0.000638
805.00 P 20260803 -1.00 -1.00 -1 0 2.1382 -0.9667 0.000684
810.00 P 20260803 -1.00 -1.00 -1 0 2.0860 -0.9718 0.000610
815.00 P 20260803 -1.00 -1.00 -1 0 2.1513 -0.9697 0.000628
820.00 P 20260803 -1.00 -1.00 -1 0 2.0599 -0.9774 0.000517
825.00 P 20260803 -1.00 -1.00 -1 0 2.2418 -0.9680 0.000630
830.00 P 20260803 -1.00 -1.00 -1 0 2.2596 -0.9688 0.000613
835.00 P 20260803 -1.00 -1.00 1 0 2.3158 -0.9673 0.000621
840.00 P 20260803 -1.00 -1.00 -1 0 2.3025 -0.9698 0.000584
845.00 P 20260803 -1.00 -1.00 -1 0 2.2661 -0.9736 0.000530
770.00 C 20260805 -1.00 -1.00 3 27 1.0191 0.0027 0.000122
775.00 C 20260805 -1.00 -1.00 3 12 1.3115 0.0144 0.000426
780.00 C 20260805 -1.00 -1.00 8 9 1.3015 0.0129 0.000387
785.00 C 20260805 -1.00 -1.00 10 21 1.3060 0.0120 0.000362
790.00 C 20260805 -1.00 -1.00 2 39 1.3908 0.0149 0.000413
795.00 C 20260805 -1.00 -1.00 3 30 1.3491 0.0120 0.000350
800.00 C 20260805 -1.00 -1.00 7 17 1.4990 0.0205 0.000498
805.00 C 20260805 -1.00 -1.00 2 25 1.3434 0.0097 0.000289
810.00 C 20260805 -1.00 -1.00 7 5 1.5691 0.0225 0.000514
815.00 C 20260805 -1.00 -1.00 3 26 1.4508 0.0127 0.000342
820.00 C 20260805 -1.00 -1.00 1 5 1.3786 0.0084 0.000248
825.00 C 20260805 -1.00 -1.00 3 8 1.3658 0.0068 0.000208
830.00 C 20260805 -1.00 -1.00 50 36 1.4456 0.0097 0.000268
835.00 C 20260805 -1.00 -1.00 14 5 1.4383 0.0084 0.000238
840.00 C 20260805 -1.00 -1.00 241 241 1.5202 0.0112 0.000291
845.00 C 20260805 -1.00 -1.00 44 27 1.5377 0.0111 0.000285
770.00 P 20260805 -1.00 -1.00 -1 0 1.4823 -0.9692 0.000749
775.00 P 20260805 -1.00 -1.00 -1 0 1.6157 -0.9587 0.000861
780.00 P 20260805 -1.00 -1.00 4 0 1.5828 -0.9653 0.000770
785.00 P 20260805 -1.00 -1.00 -1 0 1.6105 -0.9652 0.000758
790.00 P 20260805 -1.00 -1.00 4 0 1.6067 -0.9676 0.000718
795.00 P 20260805 -1.00 -1.00 -1 0 1.6090 -0.9694 0.000684
800.00 P 20260805 -1.00 -1.00 -1 0 1.6489 -0.9682 0.000686
805.00 P 20260805 -1.00 -1.00 -1 0 1.7072 -0.9658 0.000704
810.00 P 20260805 -1.00 -1.00 -1 0 1.7341 -0.9657 0.000694
815.00 P 20260805 -1.00 -1.00 -1 0 1.7670 -0.9651 0.000690
820.00 P 20260805 -1.00 -1.00 -1 0 1.7069 -0.9714 0.000608
825.00 P 20260805 -1.00 -1.00 -1 0 1.7087 -0.9731 0.000578
830.00 P 20260805 -1.00 -1.00 -1 0 1.8156 -0.9669 0.000642
835.00 P 20260805 -1.00 -1.00 -1 0 1.8357 -0.9672 0.000630
840.00 P 20260805 -1.00 -1.00 -1 0 1.8128 -0.9706 0.000584
845.00 P 20260805 -1.00 -1.00 -1 0 1.8450 -0.9700 0.000583
770.00 C 20260807 -1.00 -1.00 1 137 0.8684 0.0027 0.000122
775.00 C 20260807 -1.00 -1.00 1 137 0.8495 0.0016 0.000078
780.00 C 20260807 -1.00 -1.00 2 136 0.8844 0.0022 0.000100
785.00 C 20260807 -1.00 -1.00 3 48 0.8856 0.0018 0.000081
790.00 C 20260807 -1.00 -1.00 12 224 0.9202 0.0024 0.000101
795.00 C 20260807 -1.00 -1.00 4 123 0.9081 0.0015 0.000069
800.00 C 20260807 -1.00 -1.00 5 949 0.9357 0.0019 0.000082
805.00 C 20260807 -1.00 -1.00 93 101 0.9765 0.0026 0.000106
810.00 C 20260807 -1.00 -1.00 18 182 1.1074 0.0064 0.000208
815.00 C 20260807 -1.00 -1.00 47 312 1.0046 0.0026 0.000101
820.00 C 20260807 -1.00 -1.00 13 174 1.0383 0.0031 0.000115
825.00 C 20260807 -1.00 -1.00 68 363 1.0259 0.0023 0.000090
830.00 C 20260807 -1.00 -1.00 48 154 0.9354 0.0008 0.000035
835.00 C 20260807 -1.00 -1.00 90 378 1.0534 0.0023 0.000086
840.00 C 20260807 -1.00 -1.00 239 161 1.0670 0.0023 0.000084
845.00 C 20260807 -1.00 -1.00 92 35 1.0806 0.0022 0.000082
850.00 C 20260807 -1.00 -1.00 21 95 1.0267 0.0011 0.000046
855.00 C 20260807 -1.00 -1.00 123 20 1.1075 0.0022 0.000079
860.00 C 20260807 -1.00 -1.00 101 274 1.1208 0.0022 0.000077
865.00 C 20260807 -1.00 -1.00 15 25 1.1340 0.0021 0.000075
870.00 C 20260807 -1.00 -1.00 20 946 1.1472 0.0021 0.000074
875.00 C 20260807 -1.00 -1.00 103 172 1.1603 0.0021 0.000072
770.00 P 20260807 -1.00 -1.00 -1 0 1.2942 -0.9667 0.000794
775.00 P 20260807 -1.00 -1.00 15 0 1.3019 -0.9681 0.000761
780.00 P 20260807 -1.00 -1.00 1 0 1.3368 -0.9670 0.000762
785.00 P 20260807 -1.00 -1.00 1 0 1.3334 -0.9694 0.000719
790.00 P 20260807 -1.00 -1.00 5 0 1.3517 -0.9697 0.000702
795.00 P 20260807 -1.00 -1.00 -1 0 1.3753 -0.9695 0.000693
800.00 P 20260807 -1.00 -1.00 15 0 1.3608 -0.9730 0.000638
805.00 P 20260807 -1.00 -1.00 -1 0 1.4004 -0.9712 0.000651
810.00 P 20260807 -1.00 -1.00 -1 0 1.3638 -0.9768 0.000567
815.00 P 20260807 -1.00 -1.00 -1 0 1.4468 -0.9708 0.000636
820.00 P 20260807 -1.00 -1.00 -1 0 1.4698 -0.9706 0.000629
825.00 P 20260807 -1.00 -1.00 -1 0 1.4926 -0.9704 0.000622
830.00 P 20260807 -1.00 -1.00 -1 0 1.5100 -0.9706 0.000610
835.00 P 20260807 -1.00 -1.00 -1 0 1.6221 -0.9631 0.000681
840.00 P 20260807 -1.00 -1.00 -1 0 1.5602 -0.9698 0.000603
845.00 P 20260807 -1.00 -1.00 -1 0 1.5509 -0.9724 0.000566
850.00 P 20260807 -1.00 -1.00 -1 0 1.4649 -0.9823 0.000434
855.00 P 20260807 -1.00 -1.00 -1 0 1.5900 -0.9724 0.000551
860.00 P 20260807 -1.00 -1.00 -1 0 1.6121 -0.9721 0.000547
865.00 P 20260807 -1.00 -1.00 -1 0 1.6287 -0.9724 0.000537
870.00 P 20260807 -1.00 -1.00 -1 0 1.6349 -0.9735 0.000519
875.00 P 20260807 -1.00 -1.00 -1 0 1.6038 -0.9779 0.000461
770.00 C 20260810 -1.00 -1.00 1 2 0.7309 0.0027 0.000122
775.00 C 20260810 -1.00 -1.00 5 5 0.7433 0.0027 0.000119
780.00 C 20260810 -1.00 -1.00 3 3 0.7557 0.0026 0.000115
785.00 C 20260810 -1.00 -1.00 1 2 0.7680 0.0026 0.000112
790.00 C 20260810 -1.00 -1.00 1 1 0.7802 0.0026 0.000108
795.00 C 20260810 -1.00 -1.00 12 10 0.7923 0.0025 0.000105
800.00 C 20260810 -1.00 -1.00 1 1 0.8044 0.0025 0.000103
805.00 C 20260810 -1.00 -1.00 4 2 0.8164 0.0025 0.000100
810.00 C 20260810 -1.00 -1.00 2 2 0.8283 0.0024 0.000097
815.00 C 20260810 -1.00 -1.00 2 2 0.9536 0.0069 0.000218
820.00 C 20260810 -1.00 -1.00 1 1 0.8519 0.0024 0.000093
825.00 C 20260810 -1.00 -1.00 1 1 0.8636 0.0023 0.000090
830.00 C 20260810 -1.00 -1.00 -1 0 1.0109 0.0079 0.000232
835.00 C 20260810 -1.00 -1.00 1 1 0.8868 0.0023 0.000086
840.00 C 20260810 -1.00 -1.00 -1 0 -1.0000 -1.0000 -1.000000
845.00 C 20260810 -1.00 -1.00 -1 0 1.2135 0.0193 0.000420
770.00 P 20260810 -1.00 -1.00 -1 0 1.1074 -0.9655 0.000825
775.00 P 20260810 -1.00 -1.00 5 0 1.1185 -0.9664 0.000799
780.00 P 20260810 -1.00 -1.00 10 5 1.1294 -0.9673 0.000774
785.00 P 20260810 -1.00 -1.00 -1 0 1.1727 -0.9647 0.000791
790.00 P 20260810 -1.00 -1.00 -1 0 1.1881 -0.9651 0.000774
795.00 P 20260810 -1.00 -1.00 -1 0 1.1336 -0.9732 0.000667
800.00 P 20260810 -1.00 -1.00 -1 0 1.2276 -0.9649 0.000751
805.00 P 20260810 -1.00 -1.00 -1 0 1.2609 -0.9634 0.000754
810.00 P 20260810 -1.00 -1.00 -1 0 1.2349 -0.9679 0.000695
815.00 P 20260810 -1.00 -1.00 -1 0 1.1944 -0.9743 0.000612
820.00 P 20260810 -1.00 -1.00 -1 0 1.2738 -0.9676 0.000678
825.00 P 20260810 -1.00 -1.00 -1 0 1.3021 -0.9665 0.000679
830.00 P 20260810 -1.00 -1.00 -1 0 1.2805 -0.9705 0.000626
835.00 P 20260810 -1.00 -1.00 -1 0 1.2813 -0.9722 0.000599
840.00 P 20260810 -1.00 -1.00 -1 0 1.3232 -0.9696 0.000619
845.00 P 20260810 -1.00 -1.00 -1 0 1.4212 -0.9618 0.000687
770.00 C 20260812 -1.00 -1.00 -1 0 1.0936 0.0534 0.000988
775.00 C 20260812 -1.00 -1.00 -1 0 -1.0000 -1.0000 -1.000000
780.00 C 20260812 -1.00 -1.00 -1 0 -1.0000 -1.0000 -1.000000
785.00 C 20260812 -1.00 -1.00 -1 0 -1.0000 -1.0000 -1.000000
790.00 C 20260812 -1.00 -1.00 -1 0 -1.0000 -1.0000 -1.000000
795.00 C 20260812 -1.00 -1.00 -1 0 -1.0000 -1.0000 -1.000000
800.00 C 20260812 -1.00 -1.00 -1 0 1.1767 0.0472 0.000835
805.00 C 20260812 -1.00 -1.00 -1 0 -1.0000 -1.0000 -1.000000
810.00 C 20260812 -1.00 -1.00 -1 0 -1.0000 -1.0000 -1.000000
815.00 C 20260812 -1.00 -1.00 -1 0 -1.0000 -1.0000 -1.000000
820.00 C 20260812 -1.00 -1.00 -1 0 -1.0000 -1.0000 -1.000000
825.00 C 20260812 -1.00 -1.00 -1 0 -1.0000 -1.0000 -1.000000
830.00 C 20260812 -1.00 -1.00 -1 0 -1.0000 -1.0000 -1.000000
835.00 C 20260812 -1.00 -1.00 -1 0 -1.0000 -1.0000 -1.000000
840.00 C 20260812 -1.00 -1.00 -1 0 -1.0000 -1.0000 -1.000000
845.00 C 20260812 -1.00 -1.00 -1 0 -1.0000 -1.0000 -1.000000
770.00 P 20260812 -1.00 -1.00 -1 0 1.0304 -0.9632 0.000864
775.00 P 20260812 -1.00 -1.00 -1 0 0.9947 -0.9707 0.000764
780.00 P 20260812 -1.00 -1.00 -1 0 1.0568 -0.9651 0.000811
785.00 P 20260812 -1.00 -1.00 -1 0 1.0538 -0.9675 0.000771
790.00 P 20260812 -1.00 -1.00 -1 0 1.0809 -0.9663 0.000770
795.00 P 20260812 -1.00 -1.00 -1 0 1.0820 -0.9682 0.000738
800.00 P 20260812 -1.00 -1.00 -1 0 1.1174 -0.9660 0.000748
805.00 P 20260812 -1.00 -1.00 -1 0 1.1099 -0.9689 0.000707
810.00 P 20260812 -1.00 -1.00 -1 0 1.0893 -0.9734 0.000647
815.00 P 20260812 -1.00 -1.00 -1 0 1.1374 -0.9695 0.000679
820.00 P 20260812 -1.00 -1.00 -1 0 1.1125 -0.9744 0.000614
825.00 P 20260812 -1.00 -1.00 -1 0 1.1646 -0.9701 0.000653
830.00 P 20260812 -1.00 -1.00 -1 0 1.1781 -0.9703 0.000641
835.00 P 20260812 -1.00 -1.00 -1 0 1.2209 -0.9673 0.000661
840.00 P 20260812 -1.00 -1.00 -1 0 1.1879 -0.9728 0.000597
845.00 P 20260812 -1.00 -1.00 -1 0 1.2473 -0.9678 0.000638
770.00 C 20260814 -1.00 -1.00 1 148 0.6772 0.0050 0.000200
775.00 C 20260814 -1.00 -1.00 3 44 0.7187 0.0078 0.000274
780.00 C 20260814 -1.00 -1.00 88 140 0.7305 0.0077 0.000266
785.00 C 20260814 -1.00 -1.00 3 27 0.7404 0.0075 0.000254
790.00 C 20260814 -1.00 -1.00 4 117 0.7521 0.0074 0.000248
795.00 C 20260814 -1.00 -1.00 2 38 0.7636 0.0073 0.000241
800.00 C 20260814 -1.00 -1.00 64 232 0.7105 0.0036 0.000139
805.00 C 20260814 -1.00 -1.00 1 171 0.7394 0.0043 0.000156
810.00 C 20260814 -1.00 -1.00 7 155 0.7447 0.0040 0.000147
815.00 C 20260814 -1.00 -1.00 2 9 0.7547 0.0040 0.000143
820.00 C 20260814 -1.00 -1.00 7 59 0.7645 0.0039 0.000140
825.00 C 20260814 -1.00 -1.00 4 25 0.7744 0.0039 0.000137
830.00 C 20260814 -1.00 -1.00 1 54 0.7841 0.0039 0.000134
835.00 C 20260814 -1.00 -1.00 2 66 0.7938 0.0038 0.000130
840.00 C 20260814 -1.00 -1.00 1 42 0.7989 0.0036 0.000123
845.00 C 20260814 -1.00 -1.00 1 62 0.8222 0.0040 0.000133
850.00 C 20260814 -1.00 -1.00 2 85 0.8180 0.0035 0.000118
855.00 C 20260814 -1.00 -1.00 1 12 0.8275 0.0035 0.000115
860.00 C 20260814 -1.00 -1.00 1 18 0.8006 0.0022 0.000077
865.00 C 20260814 -1.00 -1.00 1 17 0.8463 0.0034 0.000111
870.00 C 20260814 -1.00 -1.00 7 20 0.8557 0.0034 0.000109
875.00 C 20260814 -1.00 -1.00 13 44 0.8244 0.0019 0.000068
770.00 P 20260814 -1.00 -1.00 -1 0 0.9344 -0.9674 0.000832
775.00 P 20260814 -1.00 -1.00 -1 0 0.9315 -0.9701 0.000787
780.00 P 20260814 -1.00 -1.00 -1 0 0.9734 -0.9666 0.000810
785.00 P 20260814 -1.00 -1.00 -1 0 0.9664 -0.9696 0.000763
790.00 P 20260814 -1.00 -1.00 -1 0 0.9552 -0.9733 0.000706
795.00 P 20260814 -1.00 -1.00 5 0 0.9927 -0.9703 0.000730
800.00 P 20260814 -1.00 -1.00 5 5 1.0537 -0.9645 0.000775
805.00 P 20260814 -1.00 -1.00 -1 0 1.0187 -0.9709 0.000699
810.00 P 20260814 -1.00 -1.00 -1 0 1.0073 -0.9744 0.000647
815.00 P 20260814 -1.00 -1.00 -1 0 1.0801 -0.9669 0.000717
820.00 P 20260814 -1.00 -1.00 -1 0 1.0770 -0.9692 0.000685
825.00 P 20260814 -1.00 -1.00 -1 0 1.1014 -0.9680 0.000686
830.00 P 20260814 -1.00 -1.00 -1 0 1.1059 -0.9693 0.000664
835.00 P 20260814 -1.00 -1.00 -1 0 1.0867 -0.9735 0.000610
840.00 P 20260814 -1.00 -1.00 -1 0 1.1347 -0.9693 0.000645
845.00 P 20260814 -1.00 -1.00 -1 0 1.1036 -0.9750 0.000577
850.00 P 20260814 -1.00 -1.00 -1 0 1.1552 -0.9703 0.000618
855.00 P 20260814 -1.00 -1.00 -1 0 1.1635 -0.9710 0.000603
860.00 P 20260814 -1.00 -1.00 -1 0 1.1756 -0.9712 0.000593
865.00 P 20260814 -1.00 -1.00 -1 0 1.2185 -0.9679 0.000617
870.00 P 20260814 -1.00 -1.00 -1 0 1.1918 -0.9726 0.000565
875.00 P 20260814 -1.00 -1.00 -1 0 1.2076 -0.9723 0.000561
770.00 C 20260821 -1.00 -1.00 61 3598 0.5827 0.0085 0.000295
775.00 C 20260821 -1.00 -1.00 6 1255 0.5953 0.0087 0.000295
780.00 C 20260821 -1.00 -1.00 52 2583 0.6021 0.0082 0.000279
785.00 C 20260821 -1.00 -1.00 5 140 0.6075 0.0076 0.000259
790.00 C 20260821 -1.00 -1.00 6 2025 0.6142 0.0072 0.000244
795.00 C 20260821 -1.00 -1.00 6 1019 0.6237 0.0071 0.000238
800.00 C 20260821 -1.00 -1.00 210 14467 0.6303 0.0067 0.000224
805.00 C 20260821 -1.00 -1.00 1 295 0.6494 0.0077 0.000244
810.00 C 20260821 -1.00 -1.00 120 652 0.6448 0.0061 0.000202
815.00 C 20260821 -1.00 -1.00 1 195 0.6569 0.0063 0.000204
820.00 C 20260821 -1.00 -1.00 107 1828 0.6482 0.0049 0.000166
825.00 C 20260821 -1.00 -1.00 8 671 0.6738 0.0060 0.000192
830.00 C 20260821 -1.00 -1.00 7 1021 0.6754 0.0053 0.000170
835.00 C 20260821 -1.00 -1.00 10 672 0.6879 0.0055 0.000173
840.00 C 20260821 -1.00 -1.00 2 502 0.6874 0.0050 0.000159
845.00 C 20260821 -1.00 -1.00 18 103 0.6989 0.0051 0.000159
850.00 C 20260821 -1.00 -1.00 126 1870 0.6695 0.0035 0.000118
855.00 C 20260821 -1.00 -1.00 8 176 0.6773 0.0035 0.000116
860.00 C 20260821 -1.00 -1.00 8 775 0.7109 0.0045 0.000140
865.00 C 20260821 -1.00 -1.00 3 86 0.7148 0.0043 0.000133
870.00 C 20260821 -1.00 -1.00 10 208 0.7224 0.0043 0.000131
875.00 C 20260821 -1.00 -1.00 2 158 0.7006 0.0031 0.000099
770.00 P 20260821 -1.00 -1.00 79 0 0.7027 -0.9818 0.000722
775.00 P 20260821 -1.00 -1.00 62 5 0.8051 -0.9635 0.000905
780.00 P 20260821 -1.00 -1.00 23 0 0.7368 -0.9799 0.000717
785.00 P 20260821 -1.00 -1.00 43 14 0.7706 -0.9757 0.000746
790.00 P 20260821 -1.00 -1.00 8 0 0.8624 -0.9591 0.000900
795.00 P 20260821 -1.00 -1.00 1 0 0.7493 -0.9845 0.000607
800.00 P 20260821 -1.00 -1.00 5200 1 -1.0000 -1.0000 -1.000000
805.00 P 20260821 -1.00 -1.00 1 0 0.7667 -0.9857 0.000563
810.00 P 20260821 -1.00 -1.00 9 0 0.7859 -0.9842 0.000582
815.00 P 20260821 -1.00 -1.00 1 0 0.7965 -0.9843 0.000570
820.00 P 20260821 -1.00 -1.00 1 1 0.7986 -0.9861 0.000528
825.00 P 20260821 -1.00 -1.00 -1 0 0.7995 -0.9882 0.000482
830.00 P 20260821 -1.00 -1.00 5 0 0.8403 -0.9826 0.000570
835.00 P 20260821 -1.00 -1.00 -1 0 0.8507 -0.9827 0.000560
840.00 P 20260821 -1.00 -1.00 3 0 0.8648 -0.9822 0.000557
845.00 P 20260821 -1.00 -1.00 3 0 0.8789 -0.9817 0.000554
850.00 P 20260821 -1.00 -1.00 465 4 0.8691 -0.9853 0.000495
855.00 P 20260821 -1.00 -1.00 -1 0 0.8608 -0.9889 0.000428
860.00 P 20260821 -1.00 -1.00 2 0 0.8893 -0.9856 0.000478
865.00 P 20260821 -1.00 -1.00 -1 0 0.9034 -0.9850 0.000481
870.00 P 20260821 -1.00 -1.00 1 0 0.9050 -0.9865 0.000449
875.00 P 20260821 -1.00 -1.00 -1 0 0.9314 -0.9838 0.000487
