# opt_chain GOOGL | epoch 1787500669 | 2026-08-23 11:57:49 | spot 345.0999 | exps 20260824 20260826 20260828 20260831 20260902 20260904 20260911 20260918 20260925 20261002 20261016 20261120
# fuente cboe | spot_src cboe | spot_age 158270 | band 1.1518 | greeks_ok_pct 1.0000 | bidask_ok_pct 1.0000
# delayed y DESIGUAL entre simbolos (fuente_ts 2026-08-21T15:59:59): NO dispara ninguna orden
# strike right exp bid ask vol oi iv delta gamma
245.00 C 20260824 97.50 102.30 0 0 -1.0000 0.9994 0.000000
245.00 P 20260824 0.00 0.01 1000 98 1.1687 -0.0006 0.000000
250.00 C 20260824 92.50 97.35 0 0 -1.0000 0.9994 0.000100
250.00 P 20260824 0.00 0.01 1006 22 1.1038 -0.0006 0.000100
255.00 C 20260824 87.50 92.35 0 0 -1.0000 0.9993 0.000100
255.00 P 20260824 0.00 5.00 30 0 2.4111 -0.0007 0.000100
260.00 C 20260824 82.50 87.50 0 0 -1.0000 0.9992 0.000100
260.00 P 20260824 0.00 0.69 170 0 1.5454 -0.0008 0.000100
265.00 C 20260824 77.50 82.40 0 0 -1.0000 0.9991 0.000100
265.00 P 20260824 0.00 5.00 0 0 1.8142 -0.0009 0.000100
270.00 C 20260824 72.50 77.40 0 0 -1.0000 0.9989 0.000100
270.00 P 20260824 0.00 5.00 0 4 1.7082 -0.0011 0.000100
275.00 C 20260824 67.50 72.50 0 0 -1.0000 0.9988 0.000100
275.00 P 20260824 0.00 2.33 0 3 1.6034 -0.0012 0.000100
280.00 C 20260824 62.50 67.40 0 0 -1.0000 0.9986 0.000200
280.00 P 20260824 0.00 5.00 250 514 1.4996 -0.0014 0.000200
285.00 C 20260824 57.50 62.35 0 0 -1.0000 0.9983 0.000200
285.00 P 20260824 0.00 5.00 3 18 1.6922 -0.0016 0.000200
290.00 C 20260824 52.50 57.50 0 1 -1.0000 0.9980 0.000300
290.00 P 20260824 0.00 2.33 0 30 1.2683 -0.0020 0.000300
295.00 C 20260824 47.50 52.50 0 5 -1.0000 0.9977 0.000400
295.00 P 20260824 0.00 2.13 3 347 1.1681 -0.0023 0.000400
300.00 C 20260824 42.50 47.50 1 54 -1.0000 0.9972 0.000500
300.00 P 20260824 0.00 0.02 1 39 0.5386 -0.0028 0.000500
302.50 C 20260824 40.00 44.20 0 0 -1.0000 0.9969 0.000600
302.50 P 20260824 0.00 0.02 0 3 0.5091 -0.0031 0.000600
305.00 C 20260824 37.50 42.50 0 33 -1.0000 0.9965 0.000700
305.00 P 20260824 0.00 0.01 120 56 0.4510 -0.0035 0.000700
307.50 C 20260824 35.00 39.20 0 0 -1.0000 0.9961 0.000800
307.50 P 20260824 0.00 0.02 85 7 0.4506 -0.0039 0.000800
310.00 C 20260824 32.50 37.50 0 23 -1.0000 0.9956 0.000900
310.00 P 20260824 0.00 0.52 113 133 0.6434 -0.0044 0.000900
312.50 C 20260824 30.00 34.85 0 0 -1.0000 0.9950 0.001100
312.50 P 20260824 0.00 0.52 29 9 0.6027 -0.0050 0.001100
315.00 C 20260824 27.50 32.50 0 23 -1.0000 0.9942 0.001300
315.00 P 20260824 0.01 2.14 32 54 0.7702 -0.0058 0.001300
317.50 C 20260824 25.00 30.00 0 0 -1.0000 0.9931 0.001600
317.50 P 20260824 0.00 0.35 10 8 0.4855 -0.0069 0.001600
320.00 C 20260824 22.50 27.50 4 22 -1.0000 0.9917 0.002100
320.00 P 20260824 0.00 0.35 226 219 0.4466 -0.0083 0.002100
322.50 C 20260824 20.00 24.90 0 3 -1.0000 0.9898 0.002700
322.50 P 20260824 0.00 0.14 61 6 0.3512 -0.0102 0.002700
325.00 C 20260824 17.50 22.20 30 23 0.3351 0.9870 0.003600
325.00 P 20260824 0.00 0.05 151 253 0.2748 -0.0130 0.003600
327.50 C 20260824 15.00 20.00 0 4 0.2980 0.9826 0.005100
327.50 P 20260824 0.04 0.07 779 127 0.2708 -0.0174 0.005100
330.00 C 20260824 12.75 17.15 187 62 0.2969 0.9750 0.007600
330.00 P 20260824 0.01 0.35 494 291 0.2506 -0.0251 0.007600
332.50 C 20260824 10.30 14.30 135 1 0.1985 0.9610 0.011800
332.50 P 20260824 0.08 0.12 675 104 0.2225 -0.0391 0.011900
335.00 C 20260824 7.90 12.50 25 41 0.2535 0.9346 0.019300
335.00 P 20260824 0.01 0.20 733 943 0.1858 -0.0655 0.019400
337.50 C 20260824 5.50 9.60 26 66 0.1882 0.8853 0.031600
337.50 P 20260824 0.04 0.68 879 338 0.1982 -0.1148 0.031600
340.00 C 20260824 3.75 6.45 242 98 0.1464 0.7980 0.048700
340.00 P 20260824 0.53 0.92 1472 577 0.1918 -0.2024 0.048900
342.50 C 20260824 2.59 4.90 737 346 0.1970 0.6607 0.066000
342.50 P 20260824 0.84 1.70 2343 251 0.1904 -0.3403 0.066400
345.00 C 20260824 1.61 2.25 4713 1016 0.1639 0.4850 0.073300
345.00 P 20260824 2.06 3.65 1321 101 0.2175 -0.5170 0.073800
347.50 C 20260824 0.86 1.20 5910 4619 0.1694 0.3113 0.064700
347.50 P 20260824 3.10 5.25 170 75 0.2036 -0.6916 0.065000
350.00 C 20260824 0.50 0.61 3809 1291 0.1809 0.1792 0.046600
350.00 P 20260824 4.65 7.75 105 104 0.2233 -0.8241 0.046600
352.50 C 20260824 0.23 0.31 2191 2257 0.1879 0.0983 0.029400
352.50 P 20260824 6.00 10.05 10 41 0.1840 -0.9047 0.029200
355.00 C 20260824 0.12 0.20 1294 297 0.2046 0.0550 0.017700
355.00 P 20260824 8.00 12.70 27 42 0.2141 -0.9474 0.017400
357.50 C 20260824 0.00 0.15 1209 304 0.2361 0.0327 0.010800
357.50 P 20260824 10.15 15.00 5 65 0.2456 -0.9690 0.010500
360.00 C 20260824 0.00 0.08 339 847 0.2292 0.0210 0.006900
360.00 P 20260824 12.65 17.50 6 1 0.2525 -0.9803 0.006700
362.50 C 20260824 0.00 0.08 193 91 0.2521 0.0146 0.004700
362.50 P 20260824 15.25 20.00 0 0 0.3084 -0.9864 0.004500
365.00 C 20260824 0.01 0.04 492 232 0.2651 0.0108 0.003300
365.00 P 20260824 17.75 22.50 0 0 0.3176 -0.9900 0.003200
367.50 C 20260824 0.00 0.12 14 35 0.3280 0.0086 0.002500
367.50 P 20260824 20.15 25.00 0 0 0.3490 -0.9921 0.002400
370.00 C 20260824 0.00 0.04 43 153 0.3116 0.0071 0.002000
370.00 P 20260824 22.65 27.50 0 0 0.4078 -0.9935 0.001900
375.00 C 20260824 0.00 0.06 766 232 0.3805 0.0053 0.001400
375.00 P 20260824 27.65 32.50 10 0 0.4710 -0.9951 0.001300
380.00 C 20260824 0.00 2.13 259 48 0.7930 0.0044 0.001000
380.00 P 20260824 32.85 37.50 4 0 0.4753 -0.9960 0.001000
385.00 C 20260824 0.00 0.02 207 138 0.4320 0.0037 0.000800
385.00 P 20260824 37.75 42.50 2 0 0.5297 -0.9966 0.000700
390.00 C 20260824 0.00 0.03 1 42 0.4960 0.0032 0.000600
390.00 P 20260824 42.75 47.50 0 0 0.6090 -0.9970 0.000600
395.00 C 20260824 0.00 5.00 0 19 1.0389 0.0029 0.000500
395.00 P 20260824 47.70 52.50 0 0 0.6344 -0.9973 0.000500
400.00 C 20260824 0.00 0.50 50 228 0.8273 0.0026 0.000400
400.00 P 20260824 52.70 57.50 0 0 0.6849 -0.9976 0.000400
405.00 C 20260824 0.00 5.00 15 31 1.1795 0.0024 0.000400
405.00 P 20260824 57.65 62.50 0 0 0.7659 -0.9978 0.000400
410.00 C 20260824 0.00 5.00 0 9 1.5038 0.0022 0.000300
410.00 P 20260824 62.85 67.50 0 0 0.7829 -0.9980 0.000300
415.00 C 20260824 0.00 2.33 0 3 1.3130 0.0020 0.000300
415.00 P 20260824 67.85 72.50 0 0 0.9168 -0.9981 0.000300
420.00 C 20260824 0.00 5.00 1 6 1.3775 0.0019 0.000200
420.00 P 20260824 72.65 77.50 0 0 0.8770 -0.9983 0.000200
425.00 C 20260824 0.00 5.00 0 21 1.4405 0.0017 0.000200
425.00 P 20260824 77.95 82.50 0 0 0.9228 -0.9984 0.000200
430.00 C 20260824 0.00 0.02 0 1 0.8087 0.0016 0.000200
430.00 P 20260824 82.70 87.50 0 0 0.9677 -0.9985 0.000200
435.00 C 20260824 0.00 0.70 10 1 1.2638 0.0015 0.000200
435.00 P 20260824 87.65 92.50 0 0 1.1122 -0.9986 0.000200
440.00 C 20260824 0.00 0.02 3039 6 0.8847 0.0014 0.000200
440.00 P 20260824 92.65 97.50 0 0 1.1588 -0.9987 0.000200
445.00 C 20260824 0.00 0.01 2000 92 0.8728 0.0013 0.000100
445.00 P 20260824 97.75 102.50 0 0 1.0977 -0.9988 0.000100
450.00 C 20260824 0.00 0.01 0 25 0.9078 0.0012 0.000100
450.00 P 20260824 102.70 107.50 0 0 1.1397 -0.9988 0.000100
245.00 C 20260826 97.50 102.50 0 0 1.1666 0.9989 0.000100
245.00 P 20260826 0.00 4.40 0 34 2.0043 -0.0011 0.000100
250.00 C 20260826 92.50 97.40 0 0 1.1382 0.9987 0.000100
250.00 P 20260826 0.00 2.33 0 0 1.6610 -0.0013 0.000100
255.00 C 20260826 87.50 92.50 0 0 0.9904 0.9986 0.000100
255.00 P 20260826 0.00 5.00 0 0 1.5756 -0.0014 0.000100
260.00 C 20260826 82.50 87.45 0 0 0.8604 0.9984 0.000200
260.00 P 20260826 0.00 5.00 0 0 1.4914 -0.0016 0.000200
265.00 C 20260826 77.50 82.40 0 0 0.9450 0.9981 0.000200
265.00 P 20260826 0.00 5.00 0 2 1.4082 -0.0019 0.000200
270.00 C 20260826 72.50 77.50 0 0 0.8505 0.9979 0.000200
270.00 P 20260826 0.00 2.13 0 8 1.3012 -0.0021 0.000200
275.00 C 20260826 67.50 72.50 0 0 0.7499 0.9975 0.000300
275.00 P 20260826 0.00 2.13 0 5 1.2210 -0.0025 0.000300
280.00 C 20260826 62.50 65.00 1 0 -1.0000 0.9971 0.000300
280.00 P 20260826 0.00 2.14 57 10 1.1428 -0.0029 0.000300
285.00 C 20260826 57.50 62.25 0 1 0.6359 0.9967 0.000400
285.00 P 20260826 0.00 1.28 20 32 0.9568 -0.0033 0.000400
290.00 C 20260826 52.50 57.50 0 1 0.5803 0.9960 0.000500
290.00 P 20260826 0.00 1.21 129 9 0.8747 -0.0040 0.000500
295.00 C 20260826 47.50 52.30 0 1 0.5852 0.9952 0.000600
295.00 P 20260826 0.00 2.15 23 19 0.9091 -0.0048 0.000600
300.00 C 20260826 42.50 46.95 0 46 -1.0000 0.9941 0.000900
300.00 P 20260826 0.00 2.16 8 20 0.8324 -0.0059 0.000900
302.50 C 20260826 40.00 44.70 0 0 0.4450 0.9934 0.001000
302.50 P 20260826 0.00 1.10 7 5 0.6833 -0.0066 0.001000
305.00 C 20260826 37.50 42.45 0 46 0.4186 0.9925 0.001200
305.00 P 20260826 0.00 0.99 4 17 0.6346 -0.0075 0.001200
307.50 C 20260826 35.00 39.80 0 0 0.4432 0.9914 0.001400
307.50 P 20260826 0.00 2.17 5 15 0.7170 -0.0086 0.001400
310.00 C 20260826 32.50 37.25 0 22 0.3947 0.9900 0.001700
310.00 P 20260826 0.00 0.88 61 228 0.5523 -0.0100 0.001700
312.50 C 20260826 30.00 34.95 0 0 0.4163 0.9881 0.002000
312.50 P 20260826 0.00 1.09 12 24 0.5424 -0.0119 0.002000
315.00 C 20260826 27.50 32.45 0 35 0.3870 0.9855 0.002500
315.00 P 20260826 0.00 2.20 92 28 0.6023 -0.0145 0.002500
317.50 C 20260826 25.00 30.00 0 15 0.3138 0.9820 0.003200
317.50 P 20260826 0.00 0.09 39 168 0.3085 -0.0180 0.003200
320.00 C 20260826 22.55 27.50 0 14 0.3709 0.9770 0.004200
320.00 P 20260826 0.01 0.18 164 45 0.3143 -0.0230 0.004200
322.50 C 20260826 20.00 24.95 70 16 0.3084 0.9698 0.005500
322.50 P 20260826 0.00 0.50 5 6 0.3390 -0.0303 0.005500
325.00 C 20260826 17.95 22.00 72 8 0.2783 0.9590 0.007400
325.00 P 20260826 0.16 0.36 70 115 0.3095 -0.0411 0.007400
327.50 C 20260826 15.55 20.00 0 0 0.3134 0.9428 0.010100
327.50 P 20260826 0.00 0.93 24 28 0.3162 -0.0572 0.010100
330.00 C 20260826 13.00 17.20 34 5 0.2361 0.9186 0.013700
330.00 P 20260826 0.05 0.71 419 211 0.2666 -0.0815 0.013700
332.50 C 20260826 10.90 13.60 2 0 -1.0000 0.8833 0.018400
332.50 P 20260826 0.17 1.30 57 61 0.2784 -0.1169 0.018400
335.00 C 20260826 8.70 12.70 7 5 0.2520 0.8341 0.023900
335.00 P 20260826 0.44 1.30 261 657 0.2519 -0.1662 0.024000
337.50 C 20260826 6.65 10.65 9 9 0.2475 0.7699 0.029700
337.50 P 20260826 1.10 2.11 409 462 0.2703 -0.2306 0.029800
340.00 C 20260826 4.75 7.95 103 61 0.2124 0.6908 0.035100
340.00 P 20260826 1.50 2.47 279 163 0.2456 -0.3101 0.035300
342.50 C 20260826 4.05 5.60 136 91 0.2200 0.5988 0.039000
342.50 P 20260826 1.89 3.50 138 34 0.2326 -0.4026 0.039300
345.00 C 20260826 3.00 4.55 315 271 0.2390 0.4990 0.040600
345.00 P 20260826 2.77 4.20 74 65 0.2100 -0.5031 0.040900
347.50 C 20260826 2.15 3.10 333 257 0.2353 0.3995 0.039200
347.50 P 20260826 3.50 7.45 31 44 0.2460 -0.6035 0.039600
350.00 C 20260826 1.17 2.41 1132 317 0.2354 0.3080 0.035500
350.00 P 20260826 5.10 9.10 51 64 0.2442 -0.6958 0.035900
352.50 C 20260826 1.12 1.50 297 120 0.2475 0.2294 0.030300
352.50 P 20260826 6.90 11.05 9 26 0.2446 -0.7752 0.030600
355.00 C 20260826 0.75 0.94 619 310 0.2476 0.1658 0.024500
355.00 P 20260826 9.70 13.20 35 10 0.2855 -0.8394 0.024800
357.50 C 20260826 0.48 1.00 205 53 0.2741 0.1173 0.019100
357.50 P 20260826 11.90 15.50 5 13 0.2612 -0.8883 0.019200
360.00 C 20260826 0.25 0.60 482 184 0.2668 0.0824 0.014400
360.00 P 20260826 13.25 18.00 9 9 0.2616 -0.9231 0.014400
362.50 C 20260826 0.00 0.75 77 20 0.2898 0.0584 0.010700
362.50 P 20260826 15.55 20.50 176 0 0.2778 -0.9468 0.010600
365.00 C 20260826 0.01 0.28 405 310 0.2584 0.0422 0.008000
365.00 P 20260826 18.00 22.95 176 2 0.2429 -0.9626 0.007800
367.50 C 20260826 0.00 0.20 67 190 0.2737 0.0312 0.006000
367.50 P 20260826 20.15 25.00 0 0 0.2670 -0.9730 0.005800
370.00 C 20260826 0.00 0.11 113 73 0.2732 0.0237 0.004600
370.00 P 20260826 22.95 27.50 0 0 0.3253 -0.9801 0.004300
372.50 C 20260826 0.00 0.12 60 19 0.2990 0.0184 0.003600
372.50 P 20260826 25.45 30.00 0 0 0.3136 -0.9849 0.003300
375.00 C 20260826 0.00 0.14 29 63 0.3135 0.0147 0.002800
375.00 P 20260826 27.80 32.50 0 0 0.3363 -0.9882 0.002600
377.50 C 20260826 0.00 0.98 1 80 0.4863 0.0121 0.002300
377.50 P 20260826 30.15 35.00 0 0 0.3587 -0.9905 0.002000
380.00 C 20260826 0.00 1.85 9 26 0.5928 0.0101 0.001900
380.00 P 20260826 32.80 37.50 0 0 0.4114 -0.9922 0.001700
382.50 C 20260826 0.00 2.15 13 10 0.6457 0.0086 0.001600
382.50 P 20260826 35.40 40.00 0 0 0.4024 -0.9934 0.001400
385.00 C 20260826 0.00 0.07 11 92 0.3809 0.0075 0.001300
385.00 P 20260826 37.65 42.50 0 0 0.4699 -0.9944 0.001200
387.50 C 20260826 0.00 0.85 1 30 0.5776 0.0066 0.001200
387.50 P 20260826 40.35 45.00 0 0 0.4927 -0.9951 0.001000
390.00 C 20260826 0.02 0.82 7 18 0.6016 0.0059 0.001000
390.00 P 20260826 42.75 47.50 0 0 0.5153 -0.9956 0.000800
392.50 C 20260826 0.00 0.77 7 23 0.6166 0.0054 0.000900
392.50 P 20260826 45.25 50.00 0 0 0.5375 -0.9961 0.000700
395.00 C 20260826 0.01 2.14 13 19 0.7898 0.0049 0.000800
395.00 P 20260826 47.65 52.50 0 0 0.5594 -0.9964 0.000700
400.00 C 20260826 0.00 2.13 108 34 0.8426 0.0042 0.000600
400.00 P 20260826 52.90 57.50 0 0 0.6025 -0.9970 0.000500
405.00 C 20260826 0.00 0.15 223 45 0.5802 0.0037 0.000500
405.00 P 20260826 57.65 62.50 0 0 0.6281 -0.9974 0.000400
410.00 C 20260826 0.00 1.20 85 54 0.8446 0.0033 0.000400
410.00 P 20260826 62.70 67.50 0 0 0.6237 -0.9977 0.000400
415.00 C 20260826 0.00 0.05 0 53 0.5820 0.0029 0.000400
415.00 P 20260826 67.75 72.50 0 0 0.6870 -0.9979 0.000300
420.00 C 20260826 0.00 0.01 0 20 0.5346 0.0027 0.000300
420.00 P 20260826 72.65 77.50 0 0 0.7468 -0.9981 0.000300
425.00 C 20260826 0.00 1.93 0 6 1.0743 0.0024 0.000300
425.00 P 20260826 77.70 82.50 0 0 0.7340 -0.9983 0.000200
430.00 C 20260826 0.00 1.98 0 7 1.1266 0.0023 0.000300
430.00 P 20260826 82.65 87.50 0 0 0.8221 -0.9984 0.000200
435.00 C 20260826 0.00 5.00 0 2 1.1895 0.0021 0.000200
435.00 P 20260826 87.65 92.50 0 0 0.8798 -0.9986 0.000200
440.00 C 20260826 0.00 5.00 0 14 1.2349 0.0019 0.000200
440.00 P 20260826 92.95 97.50 0 0 0.8384 -0.9987 0.000200
445.00 C 20260826 0.00 2.33 0 9 1.2794 0.0018 0.000200
445.00 P 20260826 97.65 102.50 0 0 0.8720 -0.9988 0.000100
450.00 C 20260826 0.00 2.33 0 19 1.3231 0.0017 0.000200
450.00 P 20260826 102.65 107.50 0 0 0.9051 -0.9988 0.000100
100.00 C 20260828 242.50 247.50 0 6 3.3735 1.0000 0.000000
100.00 P 20260828 0.00 0.01 0 1 2.6198 0.0000 0.000000
105.00 C 20260828 237.50 242.45 0 0 3.0152 1.0000 0.000000
105.00 P 20260828 0.00 0.01 0 0 2.5191 0.0000 0.000000
110.00 C 20260828 232.50 237.50 0 0 3.0960 1.0000 0.000000
110.00 P 20260828 0.00 0.01 0 0 2.4232 0.0000 0.000000
115.00 C 20260828 227.50 232.35 0 0 2.5270 1.0000 0.000000
115.00 P 20260828 0.00 0.01 0 1 2.3316 0.0000 0.000000
120.00 C 20260828 222.50 227.50 0 0 2.9192 1.0000 0.000000
120.00 P 20260828 0.00 0.01 0 0 2.2439 0.0000 0.000000
125.00 C 20260828 217.50 222.50 0 0 2.4917 1.0000 0.000000
125.00 P 20260828 0.00 0.01 0 0 2.1598 0.0000 0.000000
130.00 C 20260828 212.50 217.25 0 0 2.5125 1.0000 0.000000
130.00 P 20260828 0.00 0.01 0 0 2.0791 0.0000 0.000000
135.00 C 20260828 207.50 212.40 0 0 2.5761 1.0000 0.000000
135.00 P 20260828 0.00 0.01 0 2 2.0015 0.0000 0.000000
140.00 C 20260828 202.50 207.35 0 0 2.4702 1.0000 0.000000
140.00 P 20260828 0.00 0.01 0 2 1.9266 -0.0001 0.000000
145.00 C 20260828 197.50 202.35 0 0 2.3681 0.9999 0.000000
145.00 P 20260828 0.00 0.01 0 1 1.8544 -0.0001 0.000000
150.00 C 20260828 192.50 197.50 0 0 2.2695 0.9999 0.000000
150.00 P 20260828 0.00 0.01 0 0 1.7847 -0.0001 0.000000
155.00 C 20260828 187.50 192.35 1 0 -1.0000 0.9999 0.000000
155.00 P 20260828 0.00 0.01 0 0 1.7172 -0.0001 0.000000
160.00 C 20260828 182.50 187.25 0 0 -1.0000 0.9999 0.000000
160.00 P 20260828 0.00 0.01 0 2 1.6518 -0.0001 0.000000
165.00 C 20260828 177.50 182.50 1 0 -1.0000 0.9999 0.000000
165.00 P 20260828 0.00 0.01 0 1 1.5885 -0.0001 0.000000
170.00 C 20260828 172.65 177.50 0 0 2.1010 0.9999 0.000000
170.00 P 20260828 0.00 0.01 4800 1 1.5270 -0.0001 0.000000
175.00 C 20260828 167.80 171.80 1 0 -1.0000 0.9998 0.000000
175.00 P 20260828 0.00 0.01 450 1 1.4672 -0.0002 0.000000
180.00 C 20260828 162.50 166.80 6 0 -1.0000 0.9998 0.000000
180.00 P 20260828 0.00 5.00 0 0 2.9833 -0.0002 0.000000
185.00 C 20260828 157.50 162.45 0 0 -1.0000 0.9998 0.000000
185.00 P 20260828 0.00 5.00 0 51 2.8749 -0.0002 0.000000
190.00 C 20260828 152.50 157.50 0 0 -1.0000 0.9997 0.000000
190.00 P 20260828 0.00 2.37 0 60 2.3519 -0.0003 0.000000
195.00 C 20260828 147.50 152.35 0 1 1.5029 0.9997 0.000000
195.00 P 20260828 0.00 5.00 0 60 2.6663 -0.0003 0.000000
200.00 C 20260828 142.50 147.50 1 3 -1.0000 0.9996 0.000000
200.00 P 20260828 0.00 5.00 2010 34 2.2018 -0.0004 0.000000
205.00 C 20260828 137.50 142.50 0 1 1.4223 0.9995 0.000000
205.00 P 20260828 0.00 2.33 0 101 2.1149 -0.0005 0.000000
210.00 C 20260828 132.50 137.25 0 2 -1.0000 0.9995 0.000000
210.00 P 20260828 0.00 4.00 0 13 2.2589 -0.0005 0.000000
215.00 C 20260828 127.50 132.50 0 1 -1.0000 0.9994 0.000000
215.00 P 20260828 0.00 5.00 0 39 1.9466 -0.0006 0.000000
220.00 C 20260828 122.50 127.50 0 4 1.2160 0.9993 0.000000
220.00 P 20260828 0.00 0.04 0 92 1.1103 -0.0007 0.000000
225.00 C 20260828 117.50 122.50 0 4 1.1502 0.9992 0.000100
225.00 P 20260828 0.00 5.00 0 14 2.0948 -0.0008 0.000100
230.00 C 20260828 112.50 117.50 0 10 -1.0000 0.9990 0.000100
230.00 P 20260828 0.00 5.00 0 14 2.0062 -0.0010 0.000100
235.00 C 20260828 107.50 112.45 0 1 1.0222 0.9989 0.000100
235.00 P 20260828 0.00 0.05 0 30 0.9778 -0.0011 0.000100
240.00 C 20260828 102.50 107.45 0 0 0.9599 0.9987 0.000100
240.00 P 20260828 0.00 2.13 0 486 1.5272 -0.0013 0.000100
245.00 C 20260828 97.55 102.50 40 27 1.0250 0.9985 0.000100
245.00 P 20260828 0.00 2.33 0 37 1.4538 -0.0015 0.000100
250.00 C 20260828 92.50 97.45 0 57 0.8951 0.9983 0.000100
250.00 P 20260828 0.00 0.24 22 81 0.9847 -0.0017 0.000100
255.00 C 20260828 87.85 91.90 1 2 -1.0000 0.9981 0.000200
255.00 P 20260828 0.00 2.14 20 49 1.3114 -0.0020 0.000200
260.00 C 20260828 82.50 87.45 0 12 0.7807 0.9978 0.000200
260.00 P 20260828 0.00 2.14 20 132 1.2411 -0.0023 0.000200
265.00 C 20260828 77.90 82.45 0 1 0.9052 0.9974 0.000200
265.00 P 20260828 0.00 2.14 3 923 1.1717 -0.0026 0.000200
270.00 C 20260828 72.50 77.50 0 41 -1.0000 0.9970 0.000300
270.00 P 20260828 0.01 0.26 801 738 0.7837 -0.0030 0.000300
275.00 C 20260828 67.60 72.50 1 22 0.7463 0.9965 0.000400
275.00 P 20260828 0.01 0.38 23 190 0.7697 -0.0035 0.000400
280.00 C 20260828 62.50 67.50 1 28 0.6045 0.9958 0.000400
280.00 P 20260828 0.01 0.08 10 1179 0.5947 -0.0042 0.000400
285.00 C 20260828 57.90 62.50 5 5 0.6878 0.9951 0.000600
285.00 P 20260828 0.02 0.05 29 4412 0.5342 -0.0050 0.000600
290.00 C 20260828 52.60 57.50 1 72 -1.0000 0.9940 0.000700
290.00 P 20260828 0.02 0.28 175 424 0.5875 -0.0060 0.000700
295.00 C 20260828 47.50 52.50 1 36 -1.0000 0.9927 0.000900
295.00 P 20260828 0.02 0.45 23 331 0.5750 -0.0074 0.000900
300.00 C 20260828 42.95 46.95 6 203 -1.0000 0.9907 0.001200
300.00 P 20260828 0.05 0.09 529 3498 0.4383 -0.0093 0.001200
305.00 C 20260828 37.95 42.00 1 102 0.3027 0.9879 0.001600
305.00 P 20260828 0.04 0.10 207 389 0.3923 -0.0122 0.001600
310.00 C 20260828 33.00 37.00 63 191 0.3084 0.9833 0.002400
310.00 P 20260828 0.04 0.45 1684 940 0.4198 -0.0168 0.002400
315.00 C 20260828 28.05 32.05 5 195 0.3027 0.9754 0.003600
315.00 P 20260828 0.10 0.18 128 1815 0.3336 -0.0247 0.003600
317.50 C 20260828 25.50 30.40 1 18 0.3271 0.9693 0.004500
317.50 P 20260828 0.00 0.30 973 969 0.3124 -0.0308 0.004500
320.00 C 20260828 23.15 26.95 127 561 0.2547 0.9608 0.005700
320.00 P 20260828 0.18 0.54 382 893 0.3387 -0.0394 0.005700
322.50 C 20260828 20.55 25.45 96 20 0.2864 0.9488 0.007300
322.50 P 20260828 0.00 1.04 488 221 0.3372 -0.0514 0.007300
325.00 C 20260828 18.30 22.35 103 391 0.2787 0.9319 0.009400
325.00 P 20260828 0.33 0.49 647 1778 0.2903 -0.0685 0.009400
327.50 C 20260828 15.55 20.50 4 4 0.2793 0.9084 0.012000
327.50 P 20260828 0.45 0.85 200 763 0.2932 -0.0922 0.012100
330.00 C 20260828 14.55 17.80 186 1161 0.3150 0.8765 0.015200
330.00 P 20260828 0.70 1.13 1017 1712 0.2930 -0.1244 0.015300
332.50 C 20260828 12.40 15.65 3 27 0.3068 0.8356 0.018700
332.50 P 20260828 0.90 1.59 718 1010 0.2818 -0.1657 0.018800
335.00 C 20260828 10.20 13.45 63 2175 0.2887 0.7853 0.022200
335.00 P 20260828 1.44 1.70 3821 1819 0.2694 -0.2164 0.022400
337.50 C 20260828 9.10 11.75 103 195 0.3148 0.7262 0.025600
337.50 P 20260828 1.66 2.60 7338 265 0.2753 -0.2761 0.025900
340.00 C 20260828 7.50 8.65 1167 1158 0.2745 0.6590 0.028500
340.00 P 20260828 2.70 3.10 866 1373 0.2631 -0.3441 0.028800
342.50 C 20260828 5.10 7.45 366 428 0.2591 0.5852 0.030600
342.50 P 20260828 2.88 4.30 336 357 0.2472 -0.4187 0.031000
345.00 C 20260828 5.00 5.70 6520 4448 0.2804 0.5075 0.031500
345.00 P 20260828 4.10 5.50 756 1427 0.2494 -0.4973 0.031900
347.50 C 20260828 3.45 4.75 5084 3871 0.2744 0.4295 0.031100
347.50 P 20260828 5.70 6.80 209 91 0.2529 -0.5764 0.031500
350.00 C 20260828 2.80 3.45 4814 4390 0.2731 0.3548 0.029400
350.00 P 20260828 6.50 9.15 216 1081 0.2524 -0.6520 0.029800
352.50 C 20260828 2.20 2.94 856 2512 0.2866 0.2866 0.026800
352.50 P 20260828 7.75 11.90 48 84 0.2668 -0.7210 0.027200
355.00 C 20260828 1.61 1.68 20089 3124 0.2676 0.2270 0.023500
355.00 P 20260828 9.75 13.80 125 773 0.2698 -0.7815 0.023900
357.50 C 20260828 1.00 1.40 1074 355 0.2699 0.1767 0.020000
357.50 P 20260828 11.75 15.70 25 41 0.2619 -0.8323 0.020300
360.00 C 20260828 0.70 0.90 3037 4289 0.2660 0.1358 0.016600
360.00 P 20260828 14.65 18.05 55 681 0.3053 -0.8736 0.016800
362.50 C 20260828 0.57 0.99 755 1130 0.2935 0.1034 0.013500
362.50 P 20260828 16.00 20.50 0 34 0.2784 -0.9061 0.013600
365.00 C 20260828 0.35 0.52 1291 3053 0.2780 0.0783 0.010800
365.00 P 20260828 18.10 23.00 22 127 0.2801 -0.9310 0.010700
367.50 C 20260828 0.00 0.42 308 230 0.2613 0.0594 0.008600
367.50 P 20260828 20.55 25.50 1 5 0.2864 -0.9495 0.008400
370.00 C 20260828 0.20 0.31 921 3059 0.2942 0.0452 0.006800
370.00 P 20260828 23.00 27.95 14 178 0.2667 -0.9630 0.006500
372.50 C 20260828 0.05 0.70 37 54 0.3416 0.0347 0.005300
372.50 P 20260828 25.20 30.00 0 0 0.3135 -0.9728 0.005000
375.00 C 20260828 0.12 0.17 580 1246 0.3076 0.0270 0.004200
375.00 P 20260828 27.75 32.50 0 8 0.3181 -0.9798 0.003800
377.50 C 20260828 0.00 0.14 35 84 0.2947 0.0214 0.003400
377.50 P 20260828 30.15 35.00 0 0 0.3279 -0.9848 0.003000
380.00 C 20260828 0.08 0.11 3352 2608 0.3267 0.0172 0.002700
380.00 P 20260828 32.75 37.50 6 2 0.3587 -0.9883 0.002300
385.00 C 20260828 0.02 0.11 1074 751 0.3460 0.0118 0.001800
385.00 P 20260828 37.85 42.50 4 0 0.4088 -0.9926 0.001500
390.00 C 20260828 0.00 0.09 76 1797 0.3642 0.0087 0.001300
390.00 P 20260828 42.70 47.50 0 2 0.4234 -0.9950 0.001000
395.00 C 20260828 0.02 0.06 428 692 0.3918 0.0067 0.001000
395.00 P 20260828 47.75 52.50 0 0 0.4599 -0.9963 0.000700
400.00 C 20260828 0.01 0.06 377 3140 0.4175 0.0055 0.000800
400.00 P 20260828 52.70 57.50 5 2 0.4770 -0.9971 0.000600
405.00 C 20260828 0.01 0.53 5 317 0.5850 0.0046 0.000600
405.00 P 20260828 57.70 62.50 0 0 0.5107 -0.9977 0.000400
410.00 C 20260828 0.01 0.07 3 441 0.4854 0.0039 0.000500
410.00 P 20260828 62.75 67.50 0 1 0.5945 -0.9981 0.000400
415.00 C 20260828 0.00 0.52 23 263 0.6542 0.0034 0.000400
415.00 P 20260828 67.90 72.50 0 0 0.6292 -0.9984 0.000300
420.00 C 20260828 0.01 0.26 63 729 0.6288 0.0030 0.000400
420.00 P 20260828 72.90 77.50 0 0 0.6631 -0.9986 0.000200
425.00 C 20260828 0.00 0.01 53 189 0.4759 0.0027 0.000300
425.00 P 20260828 77.70 82.50 0 0 0.6393 -0.9988 0.000200
430.00 C 20260828 0.00 0.05 55 326 0.5744 0.0024 0.000300
430.00 P 20260828 82.70 87.50 0 0 0.6699 -0.9989 0.000200
435.00 C 20260828 0.00 0.01 1 1193 0.5242 0.0022 0.000200
435.00 P 20260828 87.75 92.50 35 0 0.7613 -0.9990 0.000100
440.00 C 20260828 0.00 0.01 0 1015 0.5478 0.0020 0.000200
440.00 P 20260828 92.75 97.50 0 0 0.7929 -0.9992 0.000100
445.00 C 20260828 0.00 0.01 0 1268 0.5710 0.0018 0.000200
445.00 P 20260828 97.75 102.50 0 0 0.8240 -0.9992 0.000100
450.00 C 20260828 0.00 0.01 0 1638 -1.0000 0.0016 0.000200
450.00 P 20260828 102.75 107.50 0 0 0.7875 -0.9993 0.000100
455.00 C 20260828 0.00 3.95 0 402 1.1182 0.0015 0.000100
455.00 P 20260828 107.75 112.50 0 0 0.8157 -0.9994 0.000100
460.00 C 20260828 0.00 2.33 0 112 1.1892 0.0014 0.000100
460.00 P 20260828 112.75 117.50 0 0 0.9142 -0.9994 0.000100
465.00 C 20260828 0.00 2.13 0 198 1.2243 0.0013 0.000100
465.00 P 20260828 117.70 122.50 0 0 0.8708 -0.9995 0.000100
470.00 C 20260828 0.00 1.60 1 45 1.1964 0.0012 0.000100
470.00 P 20260828 122.85 127.50 0 0 0.9720 -0.9995 0.000100
475.00 C 20260828 0.00 1.00 0 32 1.1393 0.0011 0.000100
475.00 P 20260828 127.75 132.50 0 0 1.0003 -0.9996 0.000000
480.00 C 20260828 0.00 5.00 0 193 1.3260 0.0010 0.000100
480.00 P 20260828 132.85 137.50 0 0 1.0280 -0.9996 0.000000
485.00 C 20260828 0.00 5.00 8 58 1.3589 0.0009 0.000100
485.00 P 20260828 137.75 142.50 0 0 1.0554 -0.9997 0.000000
490.00 C 20260828 0.00 2.33 0 111 1.3912 0.0009 0.000100
490.00 P 20260828 142.70 147.50 0 0 1.0012 -0.9997 0.000000
495.00 C 20260828 0.00 2.33 0 118 1.4230 0.0008 0.000100
495.00 P 20260828 147.75 152.50 0 0 1.1090 -0.9997 0.000000
500.00 C 20260828 0.00 0.42 0 51 1.1447 0.0008 0.000100
500.00 P 20260828 152.75 157.50 0 0 1.1353 -0.9997 0.000000
505.00 C 20260828 0.00 5.00 0 16 1.4853 0.0007 0.000100
505.00 P 20260828 157.75 162.50 0 0 1.0751 -0.9998 0.000000
510.00 C 20260828 0.00 3.15 0 132 1.5157 0.0007 0.000100
510.00 P 20260828 162.75 167.50 0 0 1.1867 -0.9998 0.000000
515.00 C 20260828 0.00 5.00 0 58 1.5458 0.0006 0.000000
515.00 P 20260828 167.85 172.35 0 0 -1.0000 -0.9998 0.000000
520.00 C 20260828 0.00 5.00 1 37 1.5754 0.0006 0.000000
520.00 P 20260828 172.85 177.35 0 0 -1.0000 -0.9998 0.000000
525.00 C 20260828 0.00 3.75 0 32 1.6033 0.0006 0.000000
525.00 P 20260828 177.65 182.50 0 0 1.2614 -0.9998 0.000000
530.00 C 20260828 0.00 5.00 0 181 1.6321 0.0005 0.000000
530.00 P 20260828 182.70 187.50 0 0 1.1923 -0.9998 0.000000
535.00 C 20260828 0.00 5.00 1 65 1.6605 0.0005 0.000000
535.00 P 20260828 187.85 192.35 0 0 -1.0000 -0.9998 0.000000
540.00 C 20260828 0.00 0.33 1 189 1.1838 0.0005 0.000000
540.00 P 20260828 192.70 197.50 0 0 1.2373 -0.9999 0.000000
545.00 C 20260828 0.00 0.03 12 575 1.0591 0.0004 0.000000
545.00 P 20260828 197.65 202.50 0 0 1.3566 -0.9999 0.000000
550.00 C 20260828 0.00 0.01 5 458 0.9942 0.0004 0.000000
550.00 P 20260828 202.85 207.35 0 0 -1.0000 -0.9999 0.000000
245.00 C 20260831 97.50 102.50 0 0 -1.0000 0.9982 0.000100
245.00 P 20260831 0.00 5.00 0 0 1.4647 -0.0019 0.000100
250.00 C 20260831 92.50 97.50 0 0 0.6591 0.9979 0.000200
250.00 P 20260831 0.00 5.00 0 0 1.3952 -0.0022 0.000200
255.00 C 20260831 87.50 92.50 0 0 0.6766 0.9975 0.000200
255.00 P 20260831 0.00 2.14 0 1 1.0982 -0.0025 0.000200
260.00 C 20260831 82.50 87.50 0 0 -1.0000 0.9971 0.000200
260.00 P 20260831 0.00 1.57 2 4 0.9786 -0.0029 0.000200
265.00 C 20260831 77.50 82.45 0 0 -1.0000 0.9967 0.000300
265.00 P 20260831 0.00 0.40 29 4 0.7387 -0.0034 0.000300
270.00 C 20260831 72.55 77.50 0 0 0.5752 0.9961 0.000400
270.00 P 20260831 0.00 1.01 2 3 0.8010 -0.0039 0.000400
275.00 C 20260831 67.95 72.50 0 0 0.6646 0.9954 0.000400
275.00 P 20260831 0.00 0.54 2 4 0.6766 -0.0046 0.000400
280.00 C 20260831 62.55 67.50 0 0 0.4848 0.9946 0.000500
280.00 P 20260831 0.00 0.96 2 3 0.6932 -0.0054 0.000500
285.00 C 20260831 57.55 62.50 0 1 0.4406 0.9936 0.000700
285.00 P 20260831 0.00 2.17 4 1 0.7574 -0.0064 0.000700
290.00 C 20260831 52.55 57.50 0 1 0.3969 0.9922 0.000800
290.00 P 20260831 0.00 1.61 2 5 0.6578 -0.0078 0.000800
295.00 C 20260831 47.60 52.50 0 2 0.3856 0.9904 0.001100
295.00 P 20260831 0.00 1.06 4 5 0.5558 -0.0096 0.001100
300.00 C 20260831 42.65 47.50 1 1 0.3644 0.9878 0.001400
300.00 P 20260831 0.00 1.21 22 16 0.5202 -0.0122 0.001500
305.00 C 20260831 38.05 42.50 0 25 0.4005 0.9839 0.002000
305.00 P 20260831 0.00 1.23 70 29 0.4716 -0.0162 0.002000
310.00 C 20260831 33.00 38.00 80 32 0.2824 0.9776 0.002800
310.00 P 20260831 0.00 1.43 56 8 0.4358 -0.0224 0.002800
315.00 C 20260831 28.00 32.50 80 17 0.2834 0.9669 0.004200
315.00 P 20260831 0.00 1.50 0 329 0.3887 -0.0332 0.004300
320.00 C 20260831 23.30 27.70 25 28 0.2685 0.9476 0.006600
320.00 P 20260831 0.11 0.72 6 13 0.2928 -0.0526 0.006600
325.00 C 20260831 18.50 23.50 0 2 0.2604 0.9124 0.010300
325.00 P 20260831 0.27 0.69 11 45 0.2528 -0.0878 0.010300
330.00 C 20260831 14.05 18.50 15 8 0.2528 0.8528 0.015400
330.00 P 20260831 0.30 1.50 14 67 0.2416 -0.1476 0.015400
335.00 C 20260831 10.05 14.05 26 6 0.2525 0.7638 0.021100
335.00 P 20260831 1.60 2.77 17 40 0.2622 -0.2370 0.021200
337.50 C 20260831 8.10 12.20 4 4 0.2478 0.7084 0.023800
337.50 P 20260831 1.26 3.65 10 13 0.2397 -0.2928 0.023900
340.00 C 20260831 6.40 10.50 51 75 0.2460 0.6465 0.026000
340.00 P 20260831 2.12 4.95 17 73 0.2517 -0.3551 0.026200
342.50 C 20260831 4.95 9.00 63 45 0.2470 0.5796 0.027600
342.50 P 20260831 3.20 6.50 9 23 0.2653 -0.4226 0.027800
345.00 C 20260831 5.15 7.70 182 229 0.2808 0.5098 0.028300
345.00 P 20260831 4.45 6.85 25 50 0.2481 -0.4932 0.028600
347.50 C 20260831 3.15 5.90 106 40 0.2476 0.4396 0.028000
347.50 P 20260831 6.05 8.90 7 12 0.2687 -0.5642 0.028400
350.00 C 20260831 2.35 4.00 150 205 0.2302 0.3719 0.026800
350.00 P 20260831 6.85 10.60 2 56 0.2565 -0.6331 0.027300
352.50 C 20260831 1.41 3.50 22 20 0.2334 0.3089 0.024900
352.50 P 20260831 8.15 12.50 0 15 0.2472 -0.6973 0.025500
355.00 C 20260831 1.38 3.70 61 139 0.2726 0.2524 0.022500
355.00 P 20260831 10.60 14.20 11 12 0.2650 -0.7552 0.023100
357.50 C 20260831 1.50 2.00 37 14 0.2603 0.2032 0.019700
357.50 P 20260831 12.05 15.90 1 0 0.2413 -0.8056 0.020300
360.00 C 20260831 0.81 1.51 411 114 0.2500 0.1618 0.016900
360.00 P 20260831 13.85 18.50 0 2 0.2552 -0.8483 0.017500
362.50 C 20260831 0.65 2.57 3 29 0.3088 0.1277 0.014200
362.50 P 20260831 16.50 21.00 0 1 0.2756 -0.8834 0.014700
365.00 C 20260831 0.37 0.85 44 51 0.2522 0.1004 0.011800
365.00 P 20260831 18.60 23.00 2 0 0.2654 -0.9114 0.012200
367.50 C 20260831 0.00 0.70 15 25 0.2417 0.0789 0.009700
367.50 P 20260831 20.90 25.50 1 2 0.2910 -0.9332 0.009900
370.00 C 20260831 0.00 1.00 66 172 0.2829 0.0622 0.007900
370.00 P 20260831 23.05 28.00 0 0 0.2725 -0.9499 0.008000
375.00 C 20260831 0.22 1.23 60 42 0.3525 0.0396 0.005300
375.00 P 20260831 28.00 32.50 0 0 0.2908 -0.9715 0.005000
380.00 C 20260831 0.05 1.38 87 47 0.3929 0.0265 0.003600
380.00 P 20260831 32.70 37.50 0 0 0.3201 -0.9832 0.003200
385.00 C 20260831 0.00 0.86 34 2 0.3897 0.0189 0.002600
385.00 P 20260831 37.65 42.50 0 0 0.3546 -0.9893 0.002100
390.00 C 20260831 0.00 0.76 0 0 0.4163 0.0143 0.001900
390.00 P 20260831 42.75 47.50 0 0 0.3881 -0.9926 0.001400
395.00 C 20260831 0.05 1.00 0 5 0.4788 0.0115 0.001500
395.00 P 20260831 47.65 52.50 0 0 0.4208 -0.9945 0.001000
400.00 C 20260831 0.00 2.19 1 5 0.5983 0.0096 0.001200
400.00 P 20260831 52.80 57.50 0 0 0.4421 -0.9957 0.000800
405.00 C 20260831 0.00 0.09 0 21 0.3854 0.0082 0.001000
405.00 P 20260831 57.65 62.50 0 0 0.4836 -0.9965 0.000600
410.00 C 20260831 0.00 0.75 0 12 0.5217 0.0072 0.000800
410.00 P 20260831 62.65 67.50 0 0 0.4896 -0.9971 0.000500
415.00 C 20260831 0.00 2.16 0 3 0.7068 0.0064 0.000700
415.00 P 20260831 67.70 72.50 0 0 0.5011 -0.9974 0.000400
420.00 C 20260831 0.00 2.41 0 9 0.6093 0.0058 0.000600
420.00 P 20260831 72.65 77.50 0 0 0.5727 -0.9978 0.000400
425.00 C 20260831 0.00 0.77 0 11 0.6434 0.0052 0.000500
425.00 P 20260831 77.65 82.50 0 0 0.5553 -0.9980 0.000300
430.00 C 20260831 0.00 2.15 0 10 0.8089 0.0048 0.000500
430.00 P 20260831 82.70 87.50 0 0 0.5816 -0.9982 0.000300
435.00 C 20260831 0.00 0.77 0 4 0.7021 0.0044 0.000400
435.00 P 20260831 87.65 92.50 0 0 0.6567 -0.9984 0.000200
440.00 C 20260831 0.00 0.78 0 1 0.7320 0.0040 0.000400
440.00 P 20260831 92.65 97.50 0 0 0.6838 -0.9986 0.000200
445.00 C 20260831 0.00 2.15 0 4 0.9055 0.0037 0.000300
445.00 P 20260831 97.65 102.50 0 0 0.7104 -0.9987 0.000200
450.00 C 20260831 0.00 2.94 0 1 0.9112 0.0035 0.000300
450.00 P 20260831 102.65 107.50 0 0 0.6827 -0.9989 0.000200
245.00 C 20260902 97.55 102.50 0 0 -1.0000 0.9974 0.000200
245.00 P 20260902 0.00 5.00 0 0 1.3381 -0.0026 0.000200
250.00 C 20260902 92.55 97.50 0 1 -1.0000 0.9970 0.000200
250.00 P 20260902 0.00 1.21 0 1 0.9528 -0.0030 0.000200
255.00 C 20260902 87.60 92.50 0 0 -1.0000 0.9966 0.000300
255.00 P 20260902 0.00 0.55 1 3 0.7960 -0.0035 0.000300
260.00 C 20260902 82.60 87.50 0 0 0.5038 0.9961 0.000300
260.00 P 20260902 0.00 0.72 10 2 0.7826 -0.0040 0.000300
265.00 C 20260902 77.55 82.50 0 0 0.4070 0.9954 0.000400
265.00 P 20260902 0.00 2.38 0 2 0.9000 -0.0046 0.000400
270.00 C 20260902 72.50 77.05 0 0 -1.0000 0.9947 0.000500
270.00 P 20260902 0.00 0.76 0 3 0.6978 -0.0054 0.000500
275.00 C 20260902 67.60 72.50 0 0 -1.0000 0.9937 0.000600
275.00 P 20260902 0.00 0.57 10 4 0.6235 -0.0063 0.000600
280.00 C 20260902 62.60 67.50 0 0 0.3850 0.9926 0.000700
280.00 P 20260902 0.00 1.53 7 4 0.6914 -0.0075 0.000700
285.00 C 20260902 57.60 62.50 0 4 0.3180 0.9911 0.000800
285.00 P 20260902 0.00 0.50 0 7 0.5273 -0.0090 0.000800
290.00 C 20260902 52.80 57.50 0 8 0.4075 0.9892 0.001100
290.00 P 20260902 0.00 1.05 2 1 0.5524 -0.0109 0.001100
295.00 C 20260902 48.00 52.50 40 21 0.3134 0.9866 0.001400
295.00 P 20260902 0.00 1.49 0 4 0.5442 -0.0135 0.001400
300.00 C 20260902 43.00 48.00 40 26 0.2695 0.9829 0.001800
300.00 P 20260902 0.00 2.24 0 9 0.5453 -0.0172 0.001800
305.00 C 20260902 38.00 43.00 10 14 0.2904 0.9773 0.002500
305.00 P 20260902 0.00 1.38 7 6 0.4421 -0.0228 0.002500
310.00 C 20260902 33.00 38.00 10 21 0.3383 0.9685 0.003500
310.00 P 20260902 0.00 1.81 0 62 0.4214 -0.0316 0.003500
315.00 C 20260902 28.00 33.00 50 18 0.2808 0.9540 0.005100
315.00 P 20260902 0.00 0.87 3 7 0.3147 -0.0462 0.005100
320.00 C 20260902 23.50 28.50 50 0 0.2838 0.9290 0.007500
320.00 P 20260902 0.16 1.05 15 23 0.2919 -0.0712 0.007500
325.00 C 20260902 18.95 23.50 0 0 0.2898 0.8874 0.011000
325.00 P 20260902 0.00 1.40 9 18 0.2545 -0.1130 0.011000
330.00 C 20260902 14.65 18.75 2 10 0.2677 0.8241 0.015200
330.00 P 20260902 1.02 2.00 8 9 0.2634 -0.1767 0.015200
335.00 C 20260902 11.40 14.85 0 2 0.2810 0.7385 0.019500
335.00 P 20260902 0.60 4.80 10 27 0.2662 -0.2628 0.019600
337.50 C 20260902 9.60 13.05 15 2 0.2771 0.6878 0.021400
337.50 P 20260902 1.33 5.50 12 3 0.2642 -0.3138 0.021500
340.00 C 20260902 7.25 11.40 15 37 0.2596 0.6326 0.023000
340.00 P 20260902 2.22 6.35 187 21 0.2630 -0.3695 0.023200
342.50 C 20260902 6.65 9.80 17 4 0.2581 0.5739 0.024000
342.50 P 20260902 3.25 7.35 1 5 0.2619 -0.4288 0.024300
345.00 C 20260902 5.00 8.65 26 465 0.2706 0.5131 0.024600
345.00 P 20260902 4.45 8.50 12 17 0.2611 -0.4902 0.024900
347.50 C 20260902 5.20 7.40 2 9 0.2961 0.4521 0.024400
347.50 P 20260902 5.85 9.85 3 5 0.2622 -0.5520 0.024800
350.00 C 20260902 3.80 5.10 71 325 0.2623 0.3927 0.023700
350.00 P 20260902 7.35 11.35 3 38 0.2623 -0.6123 0.024100
352.50 C 20260902 1.27 5.65 175 46 0.2569 0.3366 0.022400
352.50 P 20260902 9.50 13.05 0 5 0.2747 -0.6695 0.022900
355.00 C 20260902 0.77 3.50 32 52 0.2279 0.2849 0.020800
355.00 P 20260902 10.80 14.85 4 21 0.2649 -0.7223 0.021300
357.50 C 20260902 1.32 2.81 56 109 0.2536 0.2385 0.018800
357.50 P 20260902 13.25 17.00 0 1 0.2870 -0.7699 0.019400
360.00 C 20260902 1.35 3.70 44 25 0.3060 0.1978 0.016800
360.00 P 20260902 14.15 19.00 2 10 0.2778 -0.8118 0.017300
362.50 C 20260902 0.04 3.55 6 5 0.2922 0.1627 0.014700
362.50 P 20260902 16.70 21.30 0 0 0.2726 -0.8480 0.015200
365.00 C 20260902 0.55 3.25 47 9 0.3239 0.1332 0.012700
365.00 P 20260902 18.55 23.40 0 3 0.2643 -0.8785 0.013200
367.50 C 20260902 0.00 1.17 5 3 0.2473 0.1087 0.010800
367.50 P 20260902 21.05 25.45 0 0 0.2596 -0.9038 0.011300
370.00 C 20260902 0.00 1.10 20 9 0.2633 0.0887 0.009200
370.00 P 20260902 23.25 28.00 0 0 0.2854 -0.9244 0.009500
375.00 C 20260902 0.00 1.33 11 28 0.3146 0.0595 0.006600
375.00 P 20260902 28.05 33.00 0 0 0.2766 -0.9538 0.006600
380.00 C 20260902 0.00 0.65 7 64 0.3041 0.0409 0.004700
380.00 P 20260902 33.00 37.45 0 0 -1.0000 -0.9717 0.004500
385.00 C 20260902 0.00 0.33 1 8 0.3007 0.0291 0.003400
385.00 P 20260902 37.75 42.50 0 0 0.3145 -0.9823 0.003000
390.00 C 20260902 0.00 1.81 0 4 0.4529 0.0216 0.002500
390.00 P 20260902 42.70 47.50 0 0 0.3325 -0.9884 0.002000
395.00 C 20260902 0.00 5.00 0 2 0.5079 0.0166 0.001900
395.00 P 20260902 47.65 52.50 0 0 0.3918 -0.9920 0.001400
400.00 C 20260902 0.00 5.00 0 2 0.6734 0.0133 0.001500
400.00 P 20260902 52.70 57.50 0 0 0.3885 -0.9942 0.001000
405.00 C 20260902 0.00 0.44 1 2 0.4321 0.0110 0.001200
405.00 P 20260902 57.65 62.50 0 0 0.4500 -0.9956 0.000800
410.00 C 20260902 0.00 0.98 1 1 0.5238 0.0094 0.001000
410.00 P 20260902 62.65 67.50 0 0 0.4782 -0.9965 0.000600
415.00 C 20260902 0.00 2.18 5 0 0.6458 0.0082 0.000800
415.00 P 20260902 67.65 72.50 0 0 0.4680 -0.9972 0.000500
420.00 C 20260902 0.00 2.17 1 1 0.6772 0.0072 0.000700
420.00 P 20260902 72.65 77.50 0 0 0.5327 -0.9976 0.000400
425.00 C 20260902 0.00 0.20 3 2 0.4856 0.0064 0.000600
425.00 P 20260902 77.65 82.50 0 0 0.5592 -0.9980 0.000300
430.00 C 20260902 0.00 0.19 0 1 0.5060 0.0058 0.000600
430.00 P 20260902 82.65 87.50 0 0 0.5851 -0.9983 0.000300
435.00 C 20260902 0.00 0.19 1 2 0.5290 0.0053 0.000500
435.00 P 20260902 87.95 92.50 0 0 0.6106 -0.9985 0.000200
440.00 C 20260902 0.00 0.19 6 2 0.5516 0.0049 0.000400
440.00 P 20260902 92.70 97.50 0 0 0.5907 -0.9987 0.000200
445.00 C 20260902 0.00 1.99 1 0 0.8138 0.0045 0.000400
445.00 P 20260902 97.65 102.50 0 0 0.6604 -0.9988 0.000200
450.00 C 20260902 0.00 0.99 1 1 0.7457 0.0041 0.000400
450.00 P 20260902 102.65 107.50 0 0 0.6846 -0.9989 0.000200
100.00 C 20260904 242.50 247.25 0 0 1.7040 1.0000 0.000000
100.00 P 20260904 0.00 5.00 0 0 3.2800 -0.0001 0.000000
105.00 C 20260904 237.50 242.25 0 0 -1.0000 1.0000 0.000000
105.00 P 20260904 0.00 5.00 0 0 3.1574 -0.0001 0.000000
110.00 C 20260904 232.50 237.50 0 0 2.1147 1.0000 0.000000
110.00 P 20260904 0.00 5.00 0 0 3.0410 -0.0001 0.000000
115.00 C 20260904 227.50 232.40 0 2 2.0139 1.0000 0.000000
115.00 P 20260904 0.00 5.00 0 0 2.9299 -0.0001 0.000000
120.00 C 20260904 222.50 227.50 0 0 -1.0000 1.0000 0.000000
120.00 P 20260904 0.00 5.00 0 0 2.8239 -0.0001 0.000000
125.00 C 20260904 217.50 222.50 0 0 1.8215 1.0000 0.000000
125.00 P 20260904 0.00 5.00 0 0 2.7224 -0.0001 0.000000
130.00 C 20260904 212.50 217.50 0 0 -1.0000 1.0000 0.000000
130.00 P 20260904 0.00 5.00 0 0 2.6251 -0.0001 0.000000
135.00 C 20260904 207.50 212.50 0 0 1.6361 1.0000 0.000000
135.00 P 20260904 0.00 5.00 0 0 2.9176 -0.0001 0.000000
140.00 C 20260904 202.50 207.50 0 0 -1.0000 0.9999 0.000000
140.00 P 20260904 0.00 5.00 0 0 2.8155 -0.0002 0.000000
145.00 C 20260904 197.50 202.50 0 0 1.5622 0.9999 0.000000
145.00 P 20260904 0.00 2.33 0 0 2.3547 -0.0002 0.000000
150.00 C 20260904 192.50 197.45 0 0 1.4812 0.9999 0.000000
150.00 P 20260904 0.00 5.00 0 0 2.2710 -0.0002 0.000000
155.00 C 20260904 187.50 192.40 0 0 -1.0000 0.9998 0.000000
155.00 P 20260904 0.00 5.00 0 0 2.1900 -0.0003 0.000000
160.00 C 20260904 182.50 187.45 0 0 1.3177 0.9998 0.000000
160.00 P 20260904 0.00 5.00 0 0 2.1115 -0.0003 0.000000
165.00 C 20260904 177.50 182.45 0 0 1.2317 0.9998 0.000000
165.00 P 20260904 0.00 5.00 0 0 2.0356 -0.0004 0.000000
170.00 C 20260904 172.55 177.30 0 0 -1.0000 0.9997 0.000000
170.00 P 20260904 0.00 5.00 0 0 1.9618 -0.0004 0.000000
175.00 C 20260904 167.50 172.50 0 0 -1.0000 0.9996 0.000000
175.00 P 20260904 0.00 5.00 0 0 2.1910 -0.0005 0.000000
180.00 C 20260904 162.50 167.50 0 0 -1.0000 0.9996 0.000000
180.00 P 20260904 0.00 0.25 0 1 1.1321 -0.0006 0.000000
185.00 C 20260904 157.50 162.25 0 0 -1.0000 0.9995 0.000000
185.00 P 20260904 0.00 0.25 0 2 1.0872 -0.0006 0.000000
190.00 C 20260904 152.50 157.50 0 1 -1.0000 0.9994 0.000000
190.00 P 20260904 0.00 0.25 0 50 1.0435 -0.0007 0.000000
195.00 C 20260904 147.50 152.50 0 1 -1.0000 0.9993 0.000000
195.00 P 20260904 0.00 0.25 0 1 1.0008 -0.0008 0.000000
200.00 C 20260904 142.50 147.40 0 0 -1.0000 0.9991 0.000000
200.00 P 20260904 0.00 0.05 0 189 0.9591 -0.0010 0.000000
205.00 C 20260904 137.55 142.50 0 0 0.8736 0.9990 0.000100
205.00 P 20260904 0.00 2.33 1850 0 1.4975 -0.0011 0.000100
210.00 C 20260904 132.55 137.50 0 4 -1.0000 0.9988 0.000100
210.00 P 20260904 0.00 0.05 0 1 0.8787 -0.0013 0.000100
215.00 C 20260904 127.55 132.35 0 0 -1.0000 0.9986 0.000100
215.00 P 20260904 0.00 0.05 0 6 0.8398 -0.0015 0.000100
220.00 C 20260904 122.55 127.50 0 1 -1.0000 0.9984 0.000100
220.00 P 20260904 0.00 0.05 0 66 0.8018 -0.0017 0.000100
225.00 C 20260904 117.55 122.50 0 0 -1.0000 0.9982 0.000100
225.00 P 20260904 0.00 2.54 0 35 1.2853 -0.0020 0.000100
230.00 C 20260904 112.55 117.50 0 0 -1.0000 0.9979 0.000100
230.00 P 20260904 0.00 5.00 0 23 1.4208 -0.0023 0.000100
235.00 C 20260904 107.55 112.50 0 2 -1.0000 0.9976 0.000200
235.00 P 20260904 0.00 5.00 0 60 1.3591 -0.0026 0.000200
240.00 C 20260904 102.60 107.50 0 0 -1.0000 0.9972 0.000200
240.00 P 20260904 0.00 0.08 0 28 0.6875 -0.0030 0.000200
245.00 C 20260904 97.55 102.50 0 2 -1.0000 0.9968 0.000200
245.00 P 20260904 0.01 0.74 24 83 0.8605 -0.0034 0.000200
250.00 C 20260904 92.75 97.50 0 2 0.6391 0.9963 0.000300
250.00 P 20260904 0.01 2.16 3 77 0.9821 -0.0039 0.000300
255.00 C 20260904 87.60 92.50 0 41 -1.0000 0.9957 0.000300
255.00 P 20260904 0.00 0.77 2 11 0.7754 -0.0045 0.000300
260.00 C 20260904 82.60 87.50 0 4 -1.0000 0.9951 0.000400
260.00 P 20260904 0.00 2.17 4 17 0.8816 -0.0052 0.000400
265.00 C 20260904 77.55 82.50 0 58 -1.0000 0.9943 0.000400
265.00 P 20260904 0.00 0.84 1 44 0.6993 -0.0060 0.000500
270.00 C 20260904 72.60 77.50 0 2 -1.0000 0.9933 0.000500
270.00 P 20260904 0.00 0.06 0 63 0.4665 -0.0070 0.000600
275.00 C 20260904 67.60 72.50 0 0 -1.0000 0.9922 0.000600
275.00 P 20260904 0.00 0.14 5 68 0.4775 -0.0081 0.000700
280.00 C 20260904 62.65 67.50 4 31 -1.0000 0.9907 0.000800
280.00 P 20260904 0.01 0.15 1053 340 0.4506 -0.0096 0.000800
285.00 C 20260904 58.00 62.80 2 39 0.3782 0.9888 0.001000
285.00 P 20260904 0.00 0.19 19 209 0.4257 -0.0115 0.001000
290.00 C 20260904 53.00 57.60 22 60 0.2668 0.9864 0.001300
290.00 P 20260904 0.10 0.23 51 338 0.4222 -0.0140 0.001300
295.00 C 20260904 48.00 53.00 10 40 0.2999 0.9830 0.001600
295.00 P 20260904 0.00 0.31 160 301 0.3825 -0.0175 0.001600
300.00 C 20260904 43.00 47.65 15 68 0.2905 0.9783 0.002100
300.00 P 20260904 0.15 0.29 125 276 0.3663 -0.0223 0.002200
305.00 C 20260904 38.00 42.80 10 44 0.3208 0.9711 0.002900
305.00 P 20260904 0.04 0.55 44 247 0.3462 -0.0296 0.002900
310.00 C 20260904 33.05 37.95 0 52 0.3195 0.9598 0.004000
310.00 P 20260904 0.18 0.53 44 479 0.3187 -0.0411 0.004100
315.00 C 20260904 28.60 32.60 1 105 0.2939 0.9414 0.005700
315.00 P 20260904 0.38 0.90 51 944 0.3168 -0.0599 0.005800
320.00 C 20260904 23.90 28.00 20 3119 0.2899 0.9111 0.008100
320.00 P 20260904 0.69 1.24 154 1005 0.3041 -0.0907 0.008200
322.50 C 20260904 22.50 25.75 6 1 0.3195 0.8899 0.009600
322.50 P 20260904 0.33 1.49 428 35 0.2762 -0.1121 0.009800
325.00 C 20260904 19.40 23.55 7 135 0.2838 0.8642 0.011300
325.00 P 20260904 1.15 2.16 116 727 0.3049 -0.1381 0.011400
327.50 C 20260904 17.00 21.45 0 1 0.2834 0.8340 0.013000
327.50 P 20260904 1.27 2.19 32 142 0.2803 -0.1686 0.013100
330.00 C 20260904 15.25 17.90 15 234 0.2387 0.7994 0.014700
330.00 P 20260904 1.89 2.41 189 1734 0.2788 -0.2036 0.014800
332.50 C 20260904 13.10 17.60 5 5 0.2777 0.7607 0.016400
332.50 P 20260904 2.16 5.50 82 68 0.2890 -0.2426 0.016500
335.00 C 20260904 11.45 15.55 621 163 0.2758 0.7180 0.018000
335.00 P 20260904 2.85 3.55 110 842 0.2682 -0.2857 0.018100
337.50 C 20260904 9.75 13.80 4 14 0.2743 0.6714 0.019400
337.50 P 20260904 3.30 4.35 66 43 0.2608 -0.3326 0.019600
340.00 C 20260904 9.95 10.85 1098 718 0.2817 0.6215 0.020600
340.00 P 20260904 4.70 5.50 120 1204 0.2745 -0.3828 0.020700
342.50 C 20260904 8.05 10.80 90 340 0.2987 0.5690 0.021400
342.50 P 20260904 4.65 7.10 66 35 0.2633 -0.4356 0.021500
345.00 C 20260904 6.85 8.15 278 550 0.2751 0.5149 0.021800
345.00 P 20260904 5.90 7.50 168 1613 0.2492 -0.4899 0.021900
347.50 C 20260904 5.75 6.65 113 590 0.2701 0.4608 0.021700
347.50 P 20260904 7.25 10.10 39 26 0.2726 -0.5442 0.021800
350.00 C 20260904 5.00 5.70 431 1374 0.2770 0.4079 0.021200
350.00 P 20260904 8.30 10.35 88 630 0.2408 -0.5973 0.021300
352.50 C 20260904 3.25 6.40 125 42 0.2921 0.3574 0.020300
352.50 P 20260904 9.60 13.75 44 21 0.2694 -0.6480 0.020400
355.00 C 20260904 2.81 3.70 237 646 0.2602 0.3103 0.019100
355.00 P 20260904 11.30 15.50 46 487 0.2691 -0.6955 0.019300
357.50 C 20260904 2.76 3.50 208 134 0.2840 0.2671 0.017700
357.50 P 20260904 13.05 17.40 0 3 0.2727 -0.7390 0.017900
360.00 C 20260904 2.20 2.50 593 1780 0.2746 0.2281 0.016200
360.00 P 20260904 15.20 18.00 34 530 0.2372 -0.7784 0.016400
362.50 C 20260904 1.06 2.97 152 191 0.2824 0.1936 0.014600
362.50 P 20260904 17.30 21.40 11 27 0.2752 -0.8137 0.014900
365.00 C 20260904 1.50 1.80 485 864 0.2852 0.1634 0.013000
365.00 P 20260904 19.50 23.60 14 248 0.2803 -0.8445 0.013300
367.50 C 20260904 0.16 1.55 60 69 0.2524 0.1374 0.011400
367.50 P 20260904 21.70 25.80 4 0 0.2818 -0.8711 0.011800
370.00 C 20260904 0.76 1.15 494 1132 0.2801 0.1154 0.010000
370.00 P 20260904 24.05 28.10 13 215 0.2886 -0.8940 0.010400
375.00 C 20260904 0.50 0.80 879 2447 0.2897 0.0815 0.007500
375.00 P 20260904 28.75 32.75 7 680 0.2954 -0.9292 0.007900
380.00 C 20260904 0.05 0.70 69 920 0.2893 0.0583 0.005600
380.00 P 20260904 33.05 38.00 57 94 0.3024 -0.9530 0.005800
385.00 C 20260904 0.05 0.76 44 667 0.3250 0.0425 0.004200
385.00 P 20260904 38.00 43.00 0 4 0.3014 -0.9688 0.004200
390.00 C 20260904 0.17 0.29 163 881 0.3221 0.0318 0.003200
390.00 P 20260904 42.65 47.50 0 0 0.3109 -0.9790 0.003100
395.00 C 20260904 0.00 0.25 3 776 0.3192 0.0244 0.002500
395.00 P 20260904 47.75 52.50 0 0 0.3484 -0.9856 0.002200
400.00 C 20260904 0.15 0.20 223 1943 0.3613 0.0193 0.001900
400.00 P 20260904 52.85 57.50 1 0 0.3636 -0.9898 0.001600
405.00 C 20260904 0.07 0.28 27 368 0.3868 0.0156 0.001600
405.00 P 20260904 57.70 62.50 0 0 0.3890 -0.9926 0.001200
410.00 C 20260904 0.00 0.12 1 528 0.3587 0.0130 0.001300
410.00 P 20260904 62.65 67.50 0 0 0.4140 -0.9944 0.000900
415.00 C 20260904 0.00 0.23 0 197 0.4121 0.0110 0.001100
415.00 P 20260904 67.65 72.50 0 0 0.4724 -0.9957 0.000700
420.00 C 20260904 0.01 0.50 70 435 0.4856 0.0095 0.000900
420.00 P 20260904 72.50 77.35 0 0 -1.0000 -0.9966 0.000600
425.00 C 20260904 0.00 0.15 3 1143 0.4344 0.0083 0.000800
425.00 P 20260904 77.65 82.50 0 0 0.5228 -0.9972 0.000400
430.00 C 20260904 0.00 0.80 0 275 0.5719 0.0074 0.000700
430.00 P 20260904 82.65 87.50 0 0 0.5472 -0.9977 0.000400
435.00 C 20260904 0.01 5.00 0 49 0.8585 0.0066 0.000600
435.00 P 20260904 87.65 92.50 0 0 0.5712 -0.9981 0.000300
440.00 C 20260904 0.01 0.68 0 465 0.6068 0.0060 0.000500
440.00 P 20260904 92.80 97.50 0 0 0.5542 -0.9984 0.000300
445.00 C 20260904 0.00 0.06 0 40 0.4705 0.0055 0.000500
445.00 P 20260904 97.65 102.50 0 0 0.6178 -0.9986 0.000200
450.00 C 20260904 0.00 0.10 13 255 0.5140 0.0050 0.000400
450.00 P 20260904 102.75 107.35 0 0 -1.0000 -0.9988 0.000200
455.00 C 20260904 0.00 2.17 0 164 0.8183 0.0046 0.000400
455.00 P 20260904 107.65 112.50 0 0 0.6628 -0.9989 0.000200
460.00 C 20260904 0.00 5.00 0 281 1.0047 0.0043 0.000300
460.00 P 20260904 112.65 117.50 0 0 0.6847 -0.9990 0.000100
465.00 C 20260904 0.00 0.75 0 8 0.7285 0.0040 0.000300
465.00 P 20260904 117.65 122.50 0 0 0.7063 -0.9991 0.000100
470.00 C 20260904 0.00 0.71 0 328 0.7443 0.0037 0.000300
470.00 P 20260904 122.65 127.50 0 0 0.7276 -0.9992 0.000100
475.00 C 20260904 0.00 2.16 0 16 0.9162 0.0035 0.000300
475.00 P 20260904 127.95 132.50 0 0 0.7485 -0.9993 0.000100
480.00 C 20260904 0.00 2.16 0 21 0.9398 0.0032 0.000200
480.00 P 20260904 132.90 137.50 0 0 0.7197 -0.9994 0.000100
485.00 C 20260904 0.00 0.71 1 24 0.8070 0.0030 0.000200
485.00 P 20260904 137.70 142.50 0 0 0.7390 -0.9995 0.000100
490.00 C 20260904 0.02 2.04 10 139 0.9778 0.0029 0.000200
490.00 P 20260904 142.65 147.50 0 0 0.8096 -0.9995 0.000100
495.00 C 20260904 0.00 2.16 0 40 1.0086 0.0027 0.000200
495.00 P 20260904 147.65 152.50 0 0 0.8294 -0.9996 0.000100
500.00 C 20260904 0.00 0.24 0 42 0.7572 0.0025 0.000200
500.00 P 20260904 152.60 157.35 0 0 -1.0000 -0.9996 0.000000
505.00 C 20260904 0.00 2.15 4 26 1.0519 0.0024 0.000200
505.00 P 20260904 157.65 162.50 0 0 0.8138 -0.9996 0.000000
510.00 C 20260904 0.00 2.01 0 24 1.0611 0.0022 0.000100
510.00 P 20260904 162.70 167.50 0 0 0.8318 -0.9997 0.000000
515.00 C 20260904 0.00 2.15 10 20 1.0947 0.0021 0.000100
515.00 P 20260904 167.65 172.50 0 0 0.9060 -0.9997 0.000000
520.00 C 20260904 0.00 0.20 9 110 0.8100 0.0020 0.000100
520.00 P 20260904 172.65 177.50 0 0 0.8673 -0.9997 0.000000
525.00 C 20260904 0.00 0.73 18 165 0.9653 0.0019 0.000100
525.00 P 20260904 177.65 182.50 0 0 0.9429 -0.9998 0.000000
530.00 C 20260904 0.00 2.15 0 127 1.1568 0.0018 0.000100
530.00 P 20260904 182.70 187.50 0 0 0.9019 -0.9998 0.000000
535.00 C 20260904 0.00 5.00 0 2 1.1948 0.0017 0.000100
535.00 P 20260904 187.65 192.50 0 0 0.9788 -0.9998 0.000000
540.00 C 20260904 0.00 5.00 0 1 1.2149 0.0016 0.000100
540.00 P 20260904 192.65 197.50 0 0 0.9964 -0.9998 0.000000
545.00 C 20260904 0.00 0.15 0 3 0.8644 0.0015 0.000100
545.00 P 20260904 197.85 202.50 0 0 0.9524 -0.9998 0.000000
550.00 C 20260904 0.00 1.00 0 67 1.1003 0.0015 0.000100
550.00 P 20260904 202.75 207.50 0 0 0.9950 -0.9999 0.000000
100.00 C 20260911 242.50 247.15 0 0 -1.0000 1.0000 0.000000
100.00 P 20260911 0.00 2.12 0 1 2.6386 -0.0001 0.000000
105.00 C 20260911 237.50 242.50 0 0 1.8515 1.0000 0.000000
105.00 P 20260911 0.00 5.00 0 0 2.5801 -0.0001 0.000000
110.00 C 20260911 232.50 237.50 0 0 1.7655 1.0000 0.000000
110.00 P 20260911 0.00 5.00 0 0 2.8574 -0.0001 0.000000
115.00 C 20260911 227.50 232.50 0 0 1.6827 1.0000 0.000000
115.00 P 20260911 0.00 5.00 0 0 2.7542 -0.0001 0.000000
120.00 C 20260911 222.50 227.45 0 0 1.6027 1.0000 0.000000
120.00 P 20260911 0.00 5.00 0 0 2.3077 -0.0002 0.000000
125.00 C 20260911 217.50 222.50 0 0 -1.0000 0.9999 0.000000
125.00 P 20260911 0.00 5.00 0 0 2.2248 -0.0002 0.000000
130.00 C 20260911 212.50 217.50 0 0 1.4495 0.9999 0.000000
130.00 P 20260911 0.00 5.00 0 0 2.4711 -0.0002 0.000000
135.00 C 20260911 207.50 212.50 0 0 1.3752 0.9999 0.000000
135.00 P 20260911 0.00 5.00 0 0 2.0690 -0.0002 0.000000
140.00 C 20260911 202.50 207.50 0 0 -1.0000 0.9998 0.000000
140.00 P 20260911 0.00 5.00 0 0 1.9954 -0.0003 0.000000
145.00 C 20260911 197.50 202.50 0 0 1.3042 0.9998 0.000000
145.00 P 20260911 0.00 5.00 0 0 1.9246 -0.0003 0.000000
150.00 C 20260911 192.50 197.25 0 0 -1.0000 0.9998 0.000000
150.00 P 20260911 0.00 5.00 0 0 1.8561 -0.0003 0.000000
155.00 C 20260911 187.50 192.50 0 0 1.1731 0.9997 0.000000
155.00 P 20260911 0.00 5.00 0 0 1.7900 -0.0004 0.000000
160.00 C 20260911 182.50 187.25 0 0 -1.0000 0.9997 0.000000
160.00 P 20260911 0.00 5.00 0 0 1.7259 -0.0004 0.000000
165.00 C 20260911 177.50 182.45 0 0 1.0367 0.9996 0.000000
165.00 P 20260911 0.00 5.00 0 0 1.6638 -0.0005 0.000000
170.00 C 20260911 172.55 177.50 0 0 1.0386 0.9995 0.000000
170.00 P 20260911 0.00 5.00 0 0 1.8572 -0.0006 0.000000
175.00 C 20260911 167.50 172.50 0 0 -1.0000 0.9994 0.000000
175.00 P 20260911 0.00 5.00 0 0 1.7910 -0.0007 0.000000
180.00 C 20260911 162.55 167.50 0 11 0.9595 0.9993 0.000000
180.00 P 20260911 0.00 5.00 0 0 1.7266 -0.0008 0.000000
185.00 C 20260911 157.50 162.35 0 0 -1.0000 0.9992 0.000000
185.00 P 20260911 0.00 5.00 0 0 1.6640 -0.0009 0.000000
190.00 C 20260911 152.50 157.50 0 1 -1.0000 0.9991 0.000000
190.00 P 20260911 0.00 5.00 0 5 1.6030 -0.0011 0.000000
195.00 C 20260911 147.55 152.50 0 1 -1.0000 0.9989 0.000100
195.00 P 20260911 0.00 5.00 0 0 1.5434 -0.0012 0.000100
200.00 C 20260911 142.55 147.50 0 0 -1.0000 0.9987 0.000100
200.00 P 20260911 0.00 5.00 0 1 1.4853 -0.0014 0.000100
205.00 C 20260911 137.55 142.50 0 2 -1.0000 0.9985 0.000100
205.00 P 20260911 0.00 5.00 0 0 1.4286 -0.0016 0.000100
210.00 C 20260911 132.60 137.40 0 0 -1.0000 0.9983 0.000100
210.00 P 20260911 0.00 5.00 0 1 1.1772 -0.0018 0.000100
215.00 C 20260911 127.55 132.50 0 0 -1.0000 0.9980 0.000100
215.00 P 20260911 0.00 0.04 0 3 0.6736 -0.0021 0.000100
220.00 C 20260911 122.55 127.50 0 1 -1.0000 0.9977 0.000100
220.00 P 20260911 0.00 5.00 0 20 1.2654 -0.0024 0.000100
225.00 C 20260911 117.60 122.50 0 3 -1.0000 0.9974 0.000100
225.00 P 20260911 0.00 2.16 0 34 1.0193 -0.0028 0.000200
230.00 C 20260911 112.65 117.50 0 0 -1.0000 0.9970 0.000200
230.00 P 20260911 0.00 2.17 28 73 0.9753 -0.0032 0.000200
235.00 C 20260911 107.60 112.50 0 0 -1.0000 0.9965 0.000200
235.00 P 20260911 0.00 2.17 22 34 0.9313 -0.0037 0.000200
240.00 C 20260911 102.55 107.50 0 0 -1.0000 0.9960 0.000200
240.00 P 20260911 0.00 2.18 4 29 0.8888 -0.0042 0.000200
245.00 C 20260911 97.65 102.50 0 0 -1.0000 0.9953 0.000300
245.00 P 20260911 0.00 0.10 2 67 0.5460 -0.0048 0.000300
250.00 C 20260911 93.00 97.50 0 2 -1.0000 0.9946 0.000400
250.00 P 20260911 0.00 2.19 4 23 0.8049 -0.0056 0.000400
255.00 C 20260911 88.00 92.70 0 1 -1.0000 0.9937 0.000400
255.00 P 20260911 0.00 2.20 4 16 0.7643 -0.0064 0.000400
260.00 C 20260911 83.00 87.50 3 0 -1.0000 0.9927 0.000500
260.00 P 20260911 0.00 2.21 2 11 0.7242 -0.0075 0.000500
265.00 C 20260911 78.00 83.00 2 0 -1.0000 0.9914 0.000600
265.00 P 20260911 0.00 2.22 2 45 0.6845 -0.0087 0.000600
270.00 C 20260911 73.00 78.00 0 13 -1.0000 0.9899 0.000700
270.00 P 20260911 0.00 0.59 5 20 0.5081 -0.0103 0.000700
275.00 C 20260911 68.00 72.90 53 7 -1.0000 0.9880 0.000900
275.00 P 20260911 0.00 1.29 2 26 0.5431 -0.0122 0.000900
280.00 C 20260911 63.00 68.00 52 5 0.4132 0.9855 0.001100
280.00 P 20260911 0.00 2.27 15 46 0.5689 -0.0147 0.001100
285.00 C 20260911 58.00 63.00 56 32 0.3864 0.9823 0.001400
285.00 P 20260911 0.00 2.30 0 56 0.5317 -0.0179 0.001400
290.00 C 20260911 53.00 58.00 56 48 0.3452 0.9780 0.001700
290.00 P 20260911 0.00 2.34 15 115 0.4950 -0.0222 0.001700
295.00 C 20260911 48.05 52.90 0 61 0.3258 0.9721 0.002200
295.00 P 20260911 0.00 1.60 2 2695 0.4191 -0.0282 0.002200
300.00 C 20260911 43.15 48.00 51 31 0.3093 0.9638 0.002900
300.00 P 20260911 0.20 1.00 73 1212 0.3603 -0.0366 0.002900
305.00 C 20260911 38.50 43.50 0 18 0.2892 0.9519 0.003800
305.00 P 20260911 0.15 1.10 15 126 0.3285 -0.0486 0.003800
310.00 C 20260911 33.50 38.50 0 5 0.3004 0.9346 0.005000
310.00 P 20260911 0.35 1.15 70 330 0.3061 -0.0661 0.005100
315.00 C 20260911 29.00 34.00 0 12 0.2928 0.9095 0.006700
315.00 P 20260911 0.61 1.50 54 284 0.2945 -0.0914 0.006800
320.00 C 20260911 24.75 28.85 1 32 0.2826 0.8740 0.008800
320.00 P 20260911 1.04 1.60 35 476 0.2733 -0.1272 0.008800
325.00 C 20260911 20.45 24.55 2 27 0.2762 0.8261 0.011100
325.00 P 20260911 2.05 2.89 18 1207 0.2903 -0.1755 0.011200
330.00 C 20260911 16.50 20.60 53 57 0.2736 0.7652 0.013500
330.00 P 20260911 2.68 3.70 72 1550 0.2765 -0.2370 0.013600
335.00 C 20260911 12.85 17.05 1 44 0.2711 0.6920 0.015700
335.00 P 20260911 4.25 5.65 51 473 0.2825 -0.3109 0.015800
340.00 C 20260911 10.30 13.30 91 813 0.2702 0.6090 0.017300
340.00 P 20260911 5.95 7.05 94 471 0.2712 -0.3947 0.017400
345.00 C 20260911 7.80 10.00 270 479 0.2638 0.5202 0.018000
345.00 P 20260911 6.70 10.80 57 514 0.2691 -0.4842 0.018200
350.00 C 20260911 5.45 7.30 193 388 0.2551 0.4311 0.017800
350.00 P 20260911 9.55 13.55 129 505 0.2700 -0.5742 0.018000
355.00 C 20260911 4.10 5.70 199 488 0.2654 0.3471 0.016700
355.00 P 20260911 13.40 16.55 91 637 0.2776 -0.6592 0.016900
360.00 C 20260911 3.30 4.00 219 711 0.2716 0.2722 0.014900
360.00 P 20260911 16.25 20.40 4 313 0.2697 -0.7352 0.015200
365.00 C 20260911 1.40 2.82 141 187 0.2524 0.2090 0.012800
365.00 P 20260911 20.10 24.65 1 92 0.2778 -0.8001 0.013200
370.00 C 20260911 1.65 2.20 321 1536 0.2810 0.1580 0.010600
370.00 P 20260911 24.55 29.00 0 45 0.2845 -0.8531 0.011100
375.00 C 20260911 1.09 1.40 85 541 0.2775 0.1186 0.008500
375.00 P 20260911 28.50 33.20 0 34 0.2719 -0.8947 0.009100
380.00 C 20260911 0.90 1.00 1499 521 0.2880 0.0890 0.006800
380.00 P 20260911 33.50 38.00 0 128 0.2738 -0.9261 0.007300
385.00 C 20260911 0.09 0.85 41 538 0.2718 0.0674 0.005300
385.00 P 20260911 38.10 43.00 0 93 0.2898 -0.9490 0.005700
390.00 C 20260911 0.15 1.10 35 211 0.3146 0.0517 0.004200
390.00 P 20260911 43.00 48.00 0 2 0.3046 -0.9652 0.004400
395.00 C 20260911 0.34 0.43 16 718 0.3102 0.0404 0.003400
395.00 P 20260911 48.00 52.50 0 0 0.3086 -0.9761 0.003300
400.00 C 20260911 0.27 0.37 180 1020 0.3231 0.0322 0.002700
400.00 P 20260911 52.65 57.50 0 1 0.3156 -0.9835 0.002400
405.00 C 20260911 0.00 0.33 1 203 0.3120 0.0263 0.002200
405.00 P 20260911 57.65 62.50 0 0 0.3611 -0.9883 0.001800
410.00 C 20260911 0.01 0.35 3 113 0.3364 0.0219 0.001800
410.00 P 20260911 62.75 67.50 0 0 0.3834 -0.9915 0.001400
415.00 C 20260911 0.01 2.30 10 95 0.4930 0.0186 0.001500
415.00 P 20260911 67.75 72.50 0 0 0.4052 -0.9937 0.001000
420.00 C 20260911 0.10 2.28 8 111 0.5208 0.0162 0.001300
420.00 P 20260911 72.65 77.50 0 0 0.4266 -0.9952 0.000800
425.00 C 20260911 0.01 1.52 1 43 0.4988 0.0142 0.001100
425.00 P 20260911 77.65 82.50 0 0 0.4476 -0.9961 0.000600
430.00 C 20260911 0.07 1.00 0 43 0.4888 0.0127 0.001000
430.00 P 20260911 82.70 87.50 0 0 0.4394 -0.9968 0.000500
435.00 C 20260911 0.00 0.61 5 24 0.4661 0.0115 0.000900
435.00 P 20260911 87.65 92.50 0 0 0.4884 -0.9974 0.000400
440.00 C 20260911 0.00 2.22 0 8 0.6053 0.0104 0.000800
440.00 P 20260911 92.65 97.50 0 0 0.5083 -0.9978 0.000400
445.00 C 20260911 0.00 2.21 1 13 0.6266 0.0096 0.000700
445.00 P 20260911 97.65 102.50 0 0 0.5278 -0.9982 0.000300
450.00 C 20260911 0.00 0.62 0 89 0.5239 0.0089 0.000600
450.00 P 20260911 102.90 107.50 0 0 0.5273 -0.9984 0.000300
455.00 C 20260911 0.00 2.20 0 11 0.6686 0.0082 0.000600
455.00 P 20260911 107.65 112.50 0 0 0.5563 -0.9986 0.000200
460.00 C 20260911 0.00 5.00 0 64 0.7496 0.0077 0.000500
460.00 P 20260911 112.65 117.50 0 0 0.5843 -0.9988 0.000200
465.00 C 20260911 0.00 2.20 0 29 0.7097 0.0072 0.000500
465.00 P 20260911 117.65 122.50 0 0 0.6026 -0.9989 0.000200
470.00 C 20260911 0.00 5.00 0 34 0.7411 0.0068 0.000400
470.00 P 20260911 122.65 127.50 0 0 0.6206 -0.9990 0.000100
475.00 C 20260911 0.00 5.00 0 17 0.8857 0.0064 0.000400
475.00 P 20260911 127.90 132.50 0 0 0.6384 -0.9991 0.000100
480.00 C 20260911 0.00 2.19 0 27 0.7681 0.0060 0.000400
480.00 P 20260911 132.65 137.50 0 0 0.6559 -0.9992 0.000100
485.00 C 20260911 0.00 2.19 5 11 0.7872 0.0057 0.000400
485.00 P 20260911 137.65 142.50 0 0 0.6732 -0.9993 0.000100
490.00 C 20260911 0.00 2.18 0 13 0.8053 0.0054 0.000300
490.00 P 20260911 142.65 147.50 0 0 0.6902 -0.9994 0.000100
495.00 C 20260911 0.00 2.18 0 16 0.8237 0.0051 0.000300
495.00 P 20260911 147.85 152.50 0 0 0.7070 -0.9994 0.000100
500.00 C 20260911 0.00 2.18 10 32 0.8419 0.0048 0.000300
500.00 P 20260911 152.65 157.50 0 0 0.7337 -0.9995 0.000100
505.00 C 20260911 0.00 2.03 10 48 0.8493 0.0046 0.000300
505.00 P 20260911 157.65 162.50 0 0 0.7399 -0.9996 0.000100
510.00 C 20260911 0.00 2.18 0 32 0.8775 0.0044 0.000300
510.00 P 20260911 162.65 167.50 0 0 0.7560 -0.9996 0.000100
515.00 C 20260911 0.00 2.18 5 28 0.8949 0.0042 0.000200
515.00 P 20260911 167.95 172.50 0 0 0.7720 -0.9997 0.000000
520.00 C 20260911 0.00 2.17 7 14 0.9114 0.0040 0.000200
520.00 P 20260911 172.65 177.50 0 0 0.7877 -0.9997 0.000000
525.00 C 20260911 0.03 2.17 75 71 0.9304 0.0038 0.000200
525.00 P 20260911 177.65 182.50 0 0 0.8032 -0.9997 0.000000
530.00 C 20260911 0.00 2.17 10 41 0.9450 0.0036 0.000200
530.00 P 20260911 182.65 187.50 0 0 0.8185 -0.9997 0.000000
535.00 C 20260911 0.00 0.50 44 169 0.7784 0.0034 0.000200
535.00 P 20260911 187.65 192.50 0 0 0.8214 -0.9998 0.000000
540.00 C 20260911 0.00 2.17 10 101 0.9777 0.0033 0.000200
540.00 P 20260911 192.65 197.50 0 0 0.8600 -0.9998 0.000000
545.00 C 20260911 0.00 2.42 0 64 0.9938 0.0031 0.000200
545.00 P 20260911 197.65 202.50 0 0 0.8750 -0.9998 0.000000
550.00 C 20260911 0.01 2.17 34 144 1.0104 0.0030 0.000200
550.00 P 20260911 202.65 207.50 0 0 0.8781 -0.9998 0.000000
5.00 C 20260918 337.50 342.25 0 385 -1.0000 1.0000 0.000000
5.00 P 20260918 0.00 0.01 0 201 4.6246 0.0000 0.000000
10.00 C 20260918 332.50 337.30 0 28 -1.0000 1.0000 0.000000
10.00 P 20260918 0.00 0.01 0 12 3.8064 0.0000 0.000000
15.00 C 20260918 327.50 332.30 0 2 -1.0000 1.0000 0.000000
15.00 P 20260918 0.00 0.01 0 1 3.3454 -0.0001 0.000000
20.00 C 20260918 322.50 327.30 0 2 -1.0000 1.0000 0.000000
20.00 P 20260918 0.00 0.01 0 2 3.0252 -0.0001 0.000000
25.00 C 20260918 317.50 322.50 0 1 -1.0000 1.0000 0.000000
25.00 P 20260918 0.00 0.01 0 1 2.7803 -0.0001 0.000000
30.00 C 20260918 312.50 317.50 0 2 -1.0000 1.0000 0.000000
30.00 P 20260918 0.00 0.01 0 22 2.5823 -0.0001 0.000000
35.00 C 20260918 307.50 312.45 0 0 -1.0000 1.0000 0.000000
35.00 P 20260918 0.00 0.01 0 1 2.4164 -0.0001 0.000000
40.00 C 20260918 302.50 307.50 0 2 -1.0000 1.0000 0.000000
40.00 P 20260918 0.00 0.01 0 1 2.2736 -0.0001 0.000000
45.00 C 20260918 297.50 302.50 0 0 -1.0000 1.0000 0.000000
45.00 P 20260918 0.00 0.01 0 28 2.1483 -0.0001 0.000000
50.00 C 20260918 292.50 297.50 0 6 -1.0000 1.0000 0.000000
50.00 P 20260918 0.00 0.01 0 220 2.0368 -0.0001 0.000000
55.00 C 20260918 287.50 292.50 0 4 2.5490 1.0000 0.000000
55.00 P 20260918 0.00 0.01 0 132 1.9363 -0.0001 0.000000
60.00 C 20260918 282.50 287.50 0 4 2.4624 1.0000 0.000000
60.00 P 20260918 0.00 0.60 0 73 2.6776 -0.0001 0.000000
65.00 C 20260918 277.50 282.50 0 13 2.2087 1.0000 0.000000
65.00 P 20260918 0.00 0.65 0 34 2.5815 -0.0001 0.000000
70.00 C 20260918 272.50 277.50 0 8 1.9864 1.0000 0.000000
70.00 P 20260918 0.00 0.03 0 124 1.8231 -0.0001 0.000000
75.00 C 20260918 267.50 272.35 0 4 2.1002 1.0000 0.000000
75.00 P 20260918 0.00 0.03 0 147 1.7454 -0.0001 0.000000
80.00 C 20260918 262.50 267.50 0 17 1.9365 0.9999 0.000000
80.00 P 20260918 0.00 0.80 0 56 2.3268 -0.0002 0.000000
85.00 C 20260918 257.50 262.50 0 9 1.8944 0.9999 0.000000
85.00 P 20260918 0.00 1.05 0 27 2.3167 -0.0002 0.000000
90.00 C 20260918 252.50 257.50 0 30 1.7982 0.9999 0.000000
90.00 P 20260918 0.00 5.00 0 111 2.8848 -0.0002 0.000000
95.00 C 20260918 247.50 252.50 0 11 1.7011 0.9999 0.000000
95.00 P 20260918 0.00 0.01 0 65 3.2307 -0.0002 0.000000
100.00 C 20260918 242.50 247.50 0 96 1.3429 0.9999 0.000000
100.00 P 20260918 0.00 0.01 0 516 1.3133 -0.0002 0.000000
105.00 C 20260918 237.50 242.50 0 96 1.4865 0.9999 0.000000
105.00 P 20260918 0.00 0.01 0 76 -1.0000 -0.0002 0.000000
110.00 C 20260918 232.50 237.50 0 37 1.4551 0.9999 0.000000
110.00 P 20260918 0.00 5.00 0 163 2.3652 -0.0002 0.000000
115.00 C 20260918 227.50 232.50 0 9 1.3484 0.9999 0.000000
115.00 P 20260918 0.00 0.02 0 1218 -1.0000 -0.0002 0.000000
120.00 C 20260918 222.50 227.50 0 61 1.2201 0.9998 0.000000
120.00 P 20260918 0.00 5.00 0 169 2.2390 -0.0003 0.000000
125.00 C 20260918 217.50 222.50 0 51 -1.0000 0.9998 0.000000
125.00 P 20260918 0.00 0.02 0 333 1.1383 -0.0003 0.000000
130.00 C 20260918 212.50 217.50 0 137 1.0632 0.9998 0.000000
130.00 P 20260918 0.00 5.00 1 1675 1.8972 -0.0003 0.000000
135.00 C 20260918 207.50 212.45 0 58 -1.0000 0.9998 0.000000
135.00 P 20260918 0.00 0.30 0 468 1.2082 -0.0004 0.000000
140.00 C 20260918 202.50 207.50 0 147 -1.0000 0.9997 0.000000
140.00 P 20260918 0.00 0.02 0 1068 1.0160 -0.0004 0.000000
145.00 C 20260918 197.50 202.50 0 37 -1.0000 0.9996 0.000000
145.00 P 20260918 0.00 0.10 0 717 1.1207 -0.0005 0.000000
150.00 C 20260918 192.50 197.45 0 191 -1.0000 0.9996 0.000000
150.00 P 20260918 0.00 0.02 0 1872 0.9416 -0.0005 0.000000
155.00 C 20260918 187.55 192.50 0 117 -1.0000 0.9995 0.000000
155.00 P 20260918 0.00 0.08 0 1592 1.0176 -0.0006 0.000000
160.00 C 20260918 182.50 187.45 0 178 -1.0000 0.9994 0.000000
160.00 P 20260918 0.01 0.73 889 3133 1.2555 -0.0007 0.000000
165.00 C 20260918 177.70 182.50 0 122 1.0921 0.9993 0.000000
165.00 P 20260918 0.00 0.05 2 944 0.9036 -0.0008 0.000000
170.00 C 20260918 172.60 177.50 0 1869 -1.0000 0.9992 0.000000
170.00 P 20260918 0.01 0.05 0 5684 0.8831 -0.0009 0.000000
175.00 C 20260918 167.65 172.40 1 175 -1.0000 0.9991 0.000000
175.00 P 20260918 0.00 0.10 0 2887 0.8905 -0.0010 0.000000
180.00 C 20260918 163.05 167.05 8 505 -1.0000 0.9989 0.000000
180.00 P 20260918 0.00 0.06 0 1491 0.8160 -0.0012 0.000000
185.00 C 20260918 157.65 162.50 0 1259 0.7648 0.9988 0.000100
185.00 P 20260918 0.01 0.06 0 1041 0.7948 -0.0014 0.000100
190.00 C 20260918 152.60 157.50 0 374 -1.0000 0.9986 0.000100
190.00 P 20260918 0.00 0.17 0 7348 0.8335 -0.0016 0.000100
195.00 C 20260918 148.00 152.15 1 567 -1.0000 0.9983 0.000100
195.00 P 20260918 0.00 0.10 0 1955 0.7575 -0.0018 0.000100
200.00 C 20260918 143.00 147.85 0 751 -1.0000 0.9981 0.000100
200.00 P 20260918 0.00 0.06 11 2293 0.6918 -0.0020 0.000100
210.00 C 20260918 133.20 137.70 1 713 0.5938 0.9974 0.000100
210.00 P 20260918 0.02 0.06 35 3138 0.6516 -0.0027 0.000100
215.00 C 20260918 128.20 132.95 1 150 0.6839 0.9971 0.000100
215.00 P 20260918 0.00 0.10 0 1444 0.6369 -0.0031 0.000100
220.00 C 20260918 123.00 127.90 1 839 -1.0000 0.9966 0.000200
220.00 P 20260918 0.01 0.08 50 3990 0.6020 -0.0035 0.000200
230.00 C 20260918 113.30 117.30 4 819 -1.0000 0.9956 0.000200
230.00 P 20260918 0.01 0.09 507 3484 0.5530 -0.0046 0.000200
235.00 C 20260918 108.10 113.00 0 317 0.6105 0.9949 0.000300
235.00 P 20260918 0.00 0.37 9 1225 0.6121 -0.0052 0.000300
240.00 C 20260918 103.00 108.00 0 850 0.5481 0.9941 0.000300
240.00 P 20260918 0.05 0.94 137 3844 0.6709 -0.0060 0.000300
245.00 C 20260918 98.35 102.75 0 108 0.5576 0.9932 0.000400
245.00 P 20260918 0.00 1.16 10 2647 0.6552 -0.0069 0.000400
250.00 C 20260918 93.40 97.50 22 2070 0.4727 0.9922 0.000400
250.00 P 20260918 0.10 0.90 58 6254 0.6063 -0.0080 0.000500
255.00 C 20260918 88.00 93.00 0 434 0.4124 0.9910 0.000500
255.00 P 20260918 0.10 0.88 433 2094 0.5723 -0.0092 0.000500
260.00 C 20260918 83.50 87.55 2 1731 0.4426 0.9895 0.000600
260.00 P 20260918 0.03 0.18 1554 4315 0.4341 -0.0107 0.000600
265.00 C 20260918 78.05 83.00 1 87 0.4085 0.9877 0.000800
265.00 P 20260918 0.07 1.25 26 1551 0.5374 -0.0125 0.000800
270.00 C 20260918 73.55 77.35 20 1709 0.3083 0.9854 0.000900
270.00 P 20260918 0.16 0.49 29 5386 0.4480 -0.0148 0.000900
275.00 C 20260918 68.05 72.95 192 285 0.3889 0.9826 0.001100
275.00 P 20260918 0.09 0.62 237 5175 0.4247 -0.0177 0.001100
280.00 C 20260918 63.50 68.00 199 1200 0.4177 0.9790 0.001400
280.00 P 20260918 0.20 0.33 73 10413 0.3782 -0.0212 0.001400
285.00 C 20260918 58.70 62.75 0 328 0.3453 0.9743 0.001700
285.00 P 20260918 0.10 0.55 96 3550 0.3625 -0.0260 0.001700
290.00 C 20260918 53.85 57.85 29 1796 0.3385 0.9681 0.002100
290.00 P 20260918 0.35 0.60 77 3892 0.3575 -0.0323 0.002200
295.00 C 20260918 48.95 53.50 23 486 0.3553 0.9596 0.002700
295.00 P 20260918 0.05 0.81 27 4258 0.3219 -0.0410 0.002700
300.00 C 20260918 45.00 48.20 127 3010 0.3560 0.9479 0.003400
300.00 P 20260918 0.60 0.80 793 12443 0.3237 -0.0526 0.003500
305.00 C 20260918 39.35 43.40 2 1393 0.3042 0.9318 0.004400
305.00 P 20260918 0.83 1.01 489 4305 0.3118 -0.0690 0.004500
310.00 C 20260918 34.70 38.70 23 1027 0.2952 0.9095 0.005600
310.00 P 20260918 1.13 1.35 260 17628 0.3018 -0.0915 0.005700
315.00 C 20260918 30.20 33.90 5 1156 0.2817 0.8795 0.007100
315.00 P 20260918 1.62 1.94 430 4122 0.2979 -0.1218 0.007200
320.00 C 20260918 26.75 30.00 33 3277 0.3063 0.8408 0.008700
320.00 P 20260918 2.20 2.52 1272 12268 0.2879 -0.1610 0.008800
325.00 C 20260918 21.80 26.00 28 2497 0.2852 0.7928 0.010500
325.00 P 20260918 3.00 3.50 615 7759 0.2830 -0.2095 0.010600
330.00 C 20260918 18.60 22.00 147 2716 0.2880 0.7360 0.012100
330.00 P 20260918 4.00 5.05 1747 10188 0.2821 -0.2670 0.012300
335.00 C 20260918 14.55 18.70 4 1680 0.2786 0.6713 0.013500
335.00 P 20260918 5.55 6.80 274 4286 0.2827 -0.3326 0.013700
340.00 C 20260918 12.15 14.50 1071 4768 0.2711 0.6004 0.014600
340.00 P 20260918 7.20 8.70 499 9669 0.2768 -0.4045 0.014800
345.00 C 20260918 10.55 12.00 567 2927 0.2767 0.5259 0.015100
345.00 P 20260918 9.35 10.95 352 4022 0.2728 -0.4801 0.015300
350.00 C 20260918 8.25 8.80 4308 13955 0.2749 0.4510 0.015100
350.00 P 20260918 12.30 14.40 323 6595 0.2851 -0.5561 0.015300
355.00 C 20260918 6.35 7.20 865 2661 0.2795 0.3789 0.014400
355.00 P 20260918 14.45 16.95 101 2419 0.2645 -0.6292 0.014700
360.00 C 20260918 5.00 5.20 2713 9147 0.2769 0.3125 0.013400
360.00 P 20260918 17.70 20.90 83 4937 0.2681 -0.6969 0.013600
365.00 C 20260918 3.55 4.40 767 3615 0.2818 0.2534 0.012000
365.00 P 20260918 21.35 25.40 29 1324 0.2778 -0.7571 0.012300
370.00 C 20260918 2.90 3.00 2769 10609 0.2819 0.2028 0.010500
370.00 P 20260918 25.45 29.50 119 2119 0.2806 -0.8091 0.010900
375.00 C 20260918 2.00 2.45 789 8066 0.2851 0.1608 0.009000
375.00 P 20260918 29.85 33.75 13 875 0.2840 -0.8527 0.009400
380.00 C 20260918 1.50 1.85 1299 11979 0.2887 0.1270 0.007500
380.00 P 20260918 35.15 38.05 79 1293 0.3036 -0.8884 0.008100
385.00 C 20260918 1.24 1.50 187 4025 0.2992 0.1003 0.006300
385.00 P 20260918 38.95 43.45 2 754 0.2935 -0.9170 0.006800
390.00 C 20260918 0.71 1.06 274 23429 0.2923 0.0797 0.005200
390.00 P 20260918 43.70 47.75 83 1472 0.2983 -0.9391 0.005700
395.00 C 20260918 0.67 0.85 122 2899 0.3053 0.0639 0.004300
395.00 P 20260918 48.55 53.00 0 255 0.3266 -0.9558 0.004600
400.00 C 20260918 0.53 0.67 1460 19762 0.3127 0.0515 0.003500
400.00 P 20260918 53.45 56.00 54 1812 -1.0000 -0.9682 0.003700
405.00 C 20260918 0.45 0.54 119 2510 0.3218 0.0423 0.002900
405.00 P 20260918 57.75 62.50 0 1 0.3246 -0.9773 0.002900
410.00 C 20260918 0.35 0.51 38 12212 0.3329 0.0354 0.002400
410.00 P 20260918 63.35 67.50 2 14 0.3737 -0.9835 0.002200
415.00 C 20260918 0.27 0.45 45 4412 0.3417 0.0299 0.002100
415.00 P 20260918 68.00 72.50 0 8 0.3642 -0.9880 0.001700
420.00 C 20260918 0.27 0.40 26 4265 0.3559 0.0256 0.001800
420.00 P 20260918 73.00 77.50 0 0 0.3834 -0.9914 0.001300
425.00 C 20260918 0.24 0.77 165 6821 0.3996 0.0222 0.001500
425.00 P 20260918 77.75 82.50 0 0 0.3873 -0.9934 0.001000
430.00 C 20260918 0.20 0.58 27 2009 0.4006 0.0196 0.001300
430.00 P 20260918 82.75 87.50 0 0 0.4206 -0.9949 0.000800
435.00 C 20260918 0.15 0.91 0 1049 0.4394 0.0174 0.001200
435.00 P 20260918 88.00 92.50 0 0 0.4387 -0.9962 0.000600
440.00 C 20260918 0.15 0.20 513 4244 0.3878 0.0156 0.001000
440.00 P 20260918 93.00 97.50 0 0 0.4565 -0.9970 0.000500
445.00 C 20260918 0.00 0.98 4 853 0.4684 0.0141 0.000900
445.00 P 20260918 98.00 102.50 0 0 0.4740 -0.9976 0.000400
450.00 C 20260918 0.00 0.20 16 12213 0.3904 0.0129 0.000800
450.00 P 20260918 103.00 107.50 0 0 0.4911 -0.9980 0.000300
455.00 C 20260918 0.15 2.27 3 442 0.5885 0.0119 0.000800
455.00 P 20260918 108.00 112.50 0 0 0.5079 -0.9983 0.000300
460.00 C 20260918 0.10 0.30 1 1233 0.4558 0.0110 0.000700
460.00 P 20260918 113.00 117.50 0 0 0.5244 -0.9986 0.000200
465.00 C 20260918 0.00 1.15 1 787 0.5484 0.0102 0.000600
465.00 P 20260918 118.00 122.50 0 0 0.5407 -0.9988 0.000200
470.00 C 20260918 0.00 0.35 7 1773 0.4766 0.0095 0.000600
470.00 P 20260918 122.75 127.50 0 0 0.5376 -0.9990 0.000200
475.00 C 20260918 0.00 2.23 72 2320 0.6494 0.0089 0.000500
475.00 P 20260918 128.00 132.50 0 0 0.5726 -0.9992 0.000100
480.00 C 20260918 0.01 0.53 0 772 0.5335 0.0083 0.000500
480.00 P 20260918 133.00 137.50 0 0 0.5881 -0.9994 0.000100
485.00 C 20260918 0.00 2.22 0 181 0.6822 0.0078 0.000500
485.00 P 20260918 138.00 142.50 0 0 0.6035 -0.9994 0.000100
490.00 C 20260918 0.00 0.16 3 633 0.4860 0.0074 0.000400
490.00 P 20260918 143.00 147.50 0 0 0.6186 -0.9995 0.000100
495.00 C 20260918 0.08 1.30 1 1852 0.6598 0.0070 0.000400
495.00 P 20260918 148.00 152.50 0 0 0.6335 -0.9995 0.000100
500.00 C 20260918 0.05 0.11 89 5468 0.5106 0.0066 0.000400
500.00 P 20260918 153.00 157.50 0 0 0.6482 -0.9996 0.000100
505.00 C 20260918 0.00 1.17 1 646 0.7306 0.0063 0.000400
505.00 P 20260918 158.00 162.50 0 0 0.6627 -0.9996 0.000100
510.00 C 20260918 0.00 0.85 0 506 0.6551 0.0060 0.000300
510.00 P 20260918 163.00 167.50 0 0 0.6771 -0.9997 0.000000
515.00 C 20260918 0.00 0.09 6 312 0.5158 0.0057 0.000300
515.00 P 20260918 168.00 172.50 0 0 0.6912 -0.9997 0.000000
520.00 C 20260918 0.00 2.18 2 489 0.7887 0.0054 0.000300
520.00 P 20260918 173.00 177.50 0 0 0.7052 -0.9998 0.000000
525.00 C 20260918 0.00 2.18 2 266 0.8034 0.0051 0.000300
525.00 P 20260918 178.00 182.50 0 0 0.7190 -0.9998 0.000000
530.00 C 20260918 0.04 0.30 10 1158 0.6304 0.0049 0.000200
530.00 P 20260918 183.00 187.50 0 0 0.7327 -0.9998 0.000000
535.00 C 20260918 0.00 0.62 0 533 0.6913 0.0047 0.000200
535.00 P 20260918 188.00 192.50 0 0 0.7462 -0.9999 0.000000
540.00 C 20260918 0.00 5.00 0 88 0.9864 0.0044 0.000200
540.00 P 20260918 193.00 197.50 0 0 0.7595 -0.9999 0.000000
545.00 C 20260918 0.00 2.17 0 253 0.8595 0.0042 0.000200
545.00 P 20260918 198.00 202.50 0 0 0.7726 -0.9999 0.000000
550.00 C 20260918 0.02 0.25 2 692 0.6598 0.0041 0.000200
550.00 P 20260918 203.00 207.50 0 0 0.7856 -0.9999 0.000000
555.00 C 20260918 0.00 2.16 0 2759 0.8861 0.0039 0.000200
555.00 P 20260918 208.00 212.50 0 0 0.7985 -0.9999 0.000000
560.00 C 20260918 0.00 5.00 0 117 0.8554 0.0037 0.000200
560.00 P 20260918 212.75 217.50 0 0 0.8112 -0.9999 0.000000
565.00 C 20260918 0.00 1.01 0 3033 0.8148 0.0036 0.000200
565.00 P 20260918 218.00 222.50 0 0 0.8238 -0.9999 0.000000
570.00 C 20260918 0.00 0.10 16 1366 0.6368 0.0034 0.000200
570.00 P 20260918 223.00 227.50 0 0 0.8362 -0.9999 0.000000
575.00 C 20260918 0.00 0.65 1 3344 0.7912 0.0033 0.000200
575.00 P 20260918 228.00 232.50 0 0 0.8486 -1.0000 0.000000
580.00 C 20260918 0.00 0.20 2 497 0.7021 0.0031 0.000100
580.00 P 20260918 232.75 237.50 0 0 0.8608 -1.0000 0.000000
590.00 C 20260918 0.01 2.15 24 1793 0.9766 0.0029 0.000100
590.00 P 20260918 243.00 247.50 0 0 0.8848 -1.0000 0.000000
600.00 C 20260918 0.00 0.08 319 15104 0.6806 0.0026 0.000100
600.00 P 20260918 253.00 257.50 0 0 0.9083 -1.0000 0.000000
610.00 C 20260918 0.02 0.58 3 3506 0.8595 0.0024 0.000100
610.00 P 20260918 262.65 267.50 0 0 0.9313 -1.0000 0.000000
620.00 C 20260918 0.01 2.14 45 1746 1.0478 0.0022 0.000100
620.00 P 20260918 273.00 277.50 0 0 0.9539 -1.0000 0.000000
630.00 C 20260918 0.02 0.25 47 2236 0.8238 0.0021 0.000100
630.00 P 20260918 282.65 287.50 0 0 0.9761 -1.0000 0.000000
640.00 C 20260918 0.01 2.14 20 2028 1.0933 0.0019 0.000100
640.00 P 20260918 292.70 297.50 0 0 0.9979 -1.0000 0.000000
650.00 C 20260918 0.01 2.14 12 749 1.1153 0.0018 0.000100
650.00 P 20260918 302.65 307.50 0 0 1.0193 -1.0000 0.000000
660.00 C 20260918 0.01 1.70 36 895 1.0997 0.0016 0.000100
660.00 P 20260918 312.90 317.50 0 0 1.0403 -1.0000 0.000000
670.00 C 20260918 0.00 2.02 0 797 1.1478 0.0015 0.000100
670.00 P 20260918 322.75 327.50 0 0 1.0610 -1.0000 0.000000
680.00 C 20260918 0.01 1.06 9 574 1.0704 0.0014 0.000100
680.00 P 20260918 332.80 337.50 0 0 -1.0000 -1.0000 0.000000
690.00 C 20260918 0.00 2.13 48 762 1.1977 0.0013 0.000100
690.00 P 20260918 342.75 347.50 0 0 1.1012 -1.0000 0.000000
700.00 C 20260918 0.00 4.05 0 1915 1.3242 0.0012 0.000000
700.00 P 20260918 352.75 357.50 0 0 1.1208 -1.0000 0.000000
710.00 C 20260918 0.00 5.00 0 1782 1.2538 0.0011 0.000000
710.00 P 20260918 362.65 367.50 0 0 1.1400 -1.0000 0.000000
720.00 C 20260918 0.01 5.00 36 690 1.3598 0.0010 0.000000
720.00 P 20260918 373.00 377.50 0 0 1.1590 -1.0000 0.000000
730.00 C 20260918 0.01 5.00 2 639 1.2973 0.0010 0.000000
730.00 P 20260918 383.00 387.50 0 0 1.1777 -1.0000 0.000000
740.00 C 20260918 0.01 3.40 11 955 1.2072 0.0009 0.000000
740.00 P 20260918 392.75 397.50 0 0 1.1962 -1.0000 0.000000
750.00 C 20260918 0.00 0.18 0 365 0.9880 0.0008 0.000000
750.00 P 20260918 403.00 407.50 0 0 1.2143 -1.0000 0.000000
760.00 C 20260918 0.00 0.09 34 759 0.9433 0.0008 0.000000
760.00 P 20260918 412.75 417.50 0 0 1.2322 -1.0000 0.000000
770.00 C 20260918 0.01 0.15 56 1078 1.0063 0.0007 0.000000
770.00 P 20260918 423.00 427.50 0 0 1.2498 -1.0000 0.000000
780.00 C 20260918 0.00 2.53 0 635 1.4001 0.0007 0.000000
780.00 P 20260918 432.75 437.50 0 0 1.2672 -1.0000 0.000000
790.00 C 20260918 0.00 0.13 0 310 1.0155 0.0006 0.000000
790.00 P 20260918 442.95 447.50 0 0 1.2843 -1.0000 0.000000
800.00 C 20260918 0.00 0.02 0 11844 0.8907 0.0006 0.000000
800.00 P 20260918 452.85 457.50 0 0 1.2872 -1.0000 0.000000
100.00 C 20260925 242.50 247.50 0 0 1.3075 0.9999 0.000000
100.00 P 20260925 0.00 5.00 0 0 2.3893 -0.0002 0.000000
105.00 C 20260925 237.50 242.50 0 0 -1.0000 0.9999 0.000000
105.00 P 20260925 0.00 5.00 0 0 2.0015 -0.0003 0.000000
110.00 C 20260925 232.50 237.50 0 0 1.0703 0.9998 0.000000
110.00 P 20260925 0.00 5.00 0 0 2.2167 -0.0003 0.000000
115.00 C 20260925 227.50 232.50 0 0 -1.0000 0.9998 0.000000
115.00 P 20260925 0.00 5.00 0 0 1.8576 -0.0003 0.000000
120.00 C 20260925 222.55 227.50 0 0 -1.0000 0.9998 0.000000
120.00 P 20260925 0.00 5.00 0 0 2.0604 -0.0004 0.000000
125.00 C 20260925 217.55 222.50 0 0 -1.0000 0.9997 0.000000
125.00 P 20260925 0.00 5.00 0 0 1.9874 -0.0004 0.000000
130.00 C 20260925 212.55 217.50 0 0 -1.0000 0.9997 0.000000
130.00 P 20260925 0.00 5.00 0 0 1.9174 -0.0004 0.000000
135.00 C 20260925 207.55 212.50 0 0 -1.0000 0.9996 0.000000
135.00 P 20260925 0.00 5.00 0 0 1.6054 -0.0005 0.000000
140.00 C 20260925 202.60 207.50 0 0 -1.0000 0.9996 0.000000
140.00 P 20260925 0.00 5.00 0 0 1.5496 -0.0006 0.000000
145.00 C 20260925 197.65 202.50 0 0 -1.0000 0.9995 0.000000
145.00 P 20260925 0.00 5.00 0 0 1.7233 -0.0006 0.000000
150.00 C 20260925 192.60 197.50 0 0 -1.0000 0.9994 0.000000
150.00 P 20260925 0.00 5.00 0 0 1.4416 -0.0007 0.000000
155.00 C 20260925 188.00 193.00 0 0 -1.0000 0.9993 0.000000
155.00 P 20260925 0.00 5.00 0 0 1.3903 -0.0008 0.000000
160.00 C 20260925 183.00 187.65 0 0 -1.0000 0.9992 0.000000
160.00 P 20260925 0.00 5.00 0 0 1.5489 -0.0009 0.000000
165.00 C 20260925 178.00 182.70 0 0 -1.0000 0.9991 0.000000
165.00 P 20260925 0.00 5.00 0 0 1.4945 -0.0010 0.000000
170.00 C 20260925 173.00 178.00 0 0 -1.0000 0.9989 0.000000
170.00 P 20260925 0.00 5.00 0 0 1.4417 -0.0012 0.000000
175.00 C 20260925 168.00 172.70 0 0 -1.0000 0.9988 0.000000
175.00 P 20260925 0.00 5.00 0 0 1.2023 -0.0014 0.000000
180.00 C 20260925 163.00 168.00 0 0 -1.0000 0.9986 0.000100
180.00 P 20260925 0.00 5.00 0 0 1.1581 -0.0016 0.000100
185.00 C 20260925 158.00 163.00 0 0 -1.0000 0.9984 0.000100
185.00 P 20260925 0.00 5.00 0 0 1.1159 -0.0018 0.000100
190.00 C 20260925 153.00 158.00 0 0 -1.0000 0.9981 0.000100
190.00 P 20260925 0.00 5.00 0 1 1.2447 -0.0020 0.000100
195.00 C 20260925 148.00 152.60 0 0 -1.0000 0.9978 0.000100
195.00 P 20260925 0.00 5.00 0 0 1.0339 -0.0023 0.000100
200.00 C 20260925 143.00 147.95 0 0 0.7191 0.9975 0.000100
200.00 P 20260925 0.00 0.71 12 49 0.8191 -0.0026 0.000100
205.00 C 20260925 138.00 143.00 0 7 0.5961 0.9971 0.000100
205.00 P 20260925 0.00 0.70 11 23 0.7843 -0.0030 0.000100
210.00 C 20260925 133.00 138.00 0 0 0.6084 0.9967 0.000200
210.00 P 20260925 0.00 0.17 22 6 0.6307 -0.0034 0.000200
215.00 C 20260925 128.00 133.00 0 0 0.5576 0.9962 0.000200
215.00 P 20260925 0.00 0.17 19 20 0.6033 -0.0039 0.000200
220.00 C 20260925 123.05 128.00 0 0 0.5634 0.9957 0.000200
220.00 P 20260925 0.00 0.40 4 26 0.6384 -0.0044 0.000200
225.00 C 20260925 118.05 123.00 0 0 -1.0000 0.9951 0.000200
225.00 P 20260925 0.00 0.45 12 14 0.6193 -0.0051 0.000200
230.00 C 20260925 113.05 118.00 0 1 -1.0000 0.9944 0.000300
230.00 P 20260925 0.00 1.32 18 28 0.6941 -0.0058 0.000300
235.00 C 20260925 108.05 113.00 0 2 0.4495 0.9936 0.000300
235.00 P 20260925 0.00 0.73 10 11 0.6029 -0.0066 0.000300
240.00 C 20260925 103.15 108.00 0 0 0.4321 0.9926 0.000400
240.00 P 20260925 0.00 0.74 208 23 0.5751 -0.0076 0.000400
245.00 C 20260925 98.10 103.00 0 0 0.3763 0.9915 0.000400
245.00 P 20260925 0.00 0.39 9 16 0.4989 -0.0087 0.000500
250.00 C 20260925 93.50 98.00 0 0 0.3640 0.9902 0.000500
250.00 P 20260925 0.00 2.28 8 16 0.6312 -0.0100 0.000500
255.00 C 20260925 88.50 93.20 0 0 0.3500 0.9886 0.000600
255.00 P 20260925 0.04 2.29 0 18 0.6016 -0.0116 0.000600
260.00 C 20260925 83.50 88.50 0 0 0.3750 0.9867 0.000800
260.00 P 20260925 0.00 0.71 82 12 0.4606 -0.0135 0.000800
265.00 C 20260925 78.50 83.20 0 0 0.4002 0.9843 0.000900
265.00 P 20260925 0.00 2.34 2 16 0.5384 -0.0159 0.000900
270.00 C 20260925 73.50 78.50 0 1 0.3698 0.9814 0.001100
270.00 P 20260925 0.00 2.38 2 19 0.5091 -0.0189 0.001100
275.00 C 20260925 68.50 73.50 0 1 0.3530 0.9777 0.001300
275.00 P 20260925 0.00 2.43 0 8 0.4804 -0.0226 0.001300
280.00 C 20260925 63.50 68.35 0 1 0.3297 0.9730 0.001600
280.00 P 20260925 0.02 0.50 80 46 0.3384 -0.0273 0.001600
285.00 C 20260925 58.60 63.50 0 0 0.3292 0.9668 0.002000
285.00 P 20260925 0.00 2.59 2 18 0.4260 -0.0336 0.002000
290.00 C 20260925 54.25 58.80 0 1 0.3386 0.9586 0.002400
290.00 P 20260925 0.00 1.00 6 41 0.3237 -0.0420 0.002500
295.00 C 20260925 49.00 54.00 0 0 0.3168 0.9477 0.003100
295.00 P 20260925 0.32 1.99 14 121 0.3554 -0.0528 0.003100
300.00 C 20260925 44.50 49.50 50 4 0.3085 0.9331 0.003800
300.00 P 20260925 0.12 1.14 6 541 0.2845 -0.0676 0.003900
305.00 C 20260925 39.60 44.50 0 0 0.3004 0.9138 0.004800
305.00 P 20260925 1.01 2.25 10 118 0.3241 -0.0871 0.004800
310.00 C 20260925 35.55 39.85 0 5 0.3053 0.8886 0.005900
310.00 P 20260925 1.59 2.00 32 248 0.3010 -0.1125 0.006000
315.00 C 20260925 31.15 35.25 1 11 0.2938 0.8568 0.007100
315.00 P 20260925 1.91 3.20 29 317 0.3015 -0.1447 0.007200
320.00 C 20260925 27.00 31.50 0 16 0.2950 0.8178 0.008500
320.00 P 20260925 2.50 3.60 104 632 0.2851 -0.1842 0.008600
325.00 C 20260925 23.05 27.20 1 32 0.2875 0.7717 0.009800
325.00 P 20260925 3.85 4.80 57 404 0.2892 -0.2310 0.010000
330.00 C 20260925 19.35 24.00 0 19 0.2865 0.7188 0.011100
330.00 P 20260925 5.20 6.35 33 412 0.2895 -0.2847 0.011300
335.00 C 20260925 16.00 20.15 15 205 0.2819 0.6600 0.012200
335.00 P 20260925 6.05 8.15 9 316 0.2789 -0.3445 0.012400
340.00 C 20260925 12.95 16.00 135 209 0.2664 0.5966 0.013000
340.00 P 20260925 8.00 11.00 39 1822 0.2877 -0.4091 0.013200
345.00 C 20260925 10.80 14.25 47 387 0.2829 0.5306 0.013400
345.00 P 20260925 9.85 13.65 132 300 0.2845 -0.4764 0.013600
350.00 C 20260925 9.00 11.50 107 385 0.2736 0.4642 0.013400
350.00 P 20260925 12.15 15.60 10 125 0.2706 -0.5441 0.013700
355.00 C 20260925 6.15 10.00 42 2084 0.2791 0.3998 0.013000
355.00 P 20260925 15.20 19.35 0 66 0.2790 -0.6099 0.013300
360.00 C 20260925 6.20 7.00 168 1106 0.2842 0.3393 0.012300
360.00 P 20260925 18.55 22.70 5 35 0.2789 -0.6718 0.012600
365.00 C 20260925 4.00 5.40 38 405 0.2707 0.2842 0.011300
365.00 P 20260925 22.25 26.40 2 18 0.2806 -0.7283 0.011600
370.00 C 20260925 2.90 6.00 124 378 0.2970 0.2354 0.010200
370.00 P 20260925 26.20 30.35 1 35 0.2824 -0.7785 0.010500
375.00 C 20260925 2.70 3.45 157 323 0.2840 0.1933 0.009000
375.00 P 20260925 30.00 34.45 0 12 0.2761 -0.8222 0.009400
380.00 C 20260925 2.15 2.60 156 271 0.2860 0.1578 0.007800
380.00 P 20260925 34.75 39.40 0 25 0.2863 -0.8592 0.008300
385.00 C 20260925 1.40 2.41 23 167 0.2917 0.1284 0.006700
385.00 P 20260925 39.35 43.40 7 31 0.2918 -0.8902 0.007200
390.00 C 20260925 1.00 1.74 31 107 0.2890 0.1046 0.005700
390.00 P 20260925 43.50 48.05 0 7 0.2839 -0.9160 0.006300
395.00 C 20260925 0.60 1.44 11 51 0.2900 0.0854 0.004800
395.00 P 20260925 48.15 53.00 0 21 0.3038 -0.9367 0.005400
400.00 C 20260925 0.90 1.01 53 659 0.3061 0.0701 0.004100
400.00 P 20260925 53.00 58.00 0 0 0.2648 -0.9530 0.004500
405.00 C 20260925 0.00 1.50 4 35 0.3104 0.0577 0.003400
405.00 P 20260925 58.00 62.95 0 0 0.3117 -0.9658 0.003700
410.00 C 20260925 0.00 2.74 7 84 0.3741 0.0483 0.002900
410.00 P 20260925 62.65 67.50 0 0 0.3227 -0.9753 0.003000
415.00 C 20260925 0.35 0.58 1 602 0.3179 0.0407 0.002500
415.00 P 20260925 67.65 72.50 0 0 0.3364 -0.9823 0.002300
420.00 C 20260925 0.00 0.78 0 102 0.3254 0.0345 0.002100
420.00 P 20260925 72.65 77.50 0 0 0.3539 -0.9873 0.001800
425.00 C 20260925 0.00 0.77 0 16 0.3406 0.0298 0.001800
425.00 P 20260925 77.85 82.50 0 0 0.3655 -0.9910 0.001400
430.00 C 20260925 0.00 0.60 0 13 0.3429 0.0258 0.001600
430.00 P 20260925 82.65 87.50 0 0 0.3879 -0.9934 0.001000
435.00 C 20260925 0.00 5.00 0 7 0.4636 0.0227 0.001400
435.00 P 20260925 87.75 92.50 0 0 0.4045 -0.9952 0.000800
440.00 C 20260925 0.00 2.36 0 5 0.4722 0.0201 0.001200
440.00 P 20260925 92.95 97.50 0 0 0.4207 -0.9965 0.000600
445.00 C 20260925 0.10 2.34 4 17 0.4926 0.0180 0.001100
445.00 P 20260925 97.65 102.50 0 0 0.4367 -0.9974 0.000500
450.00 C 20260925 0.10 1.01 3 90 0.4422 0.0162 0.001000
450.00 P 20260925 102.85 107.50 0 0 0.4455 -0.9980 0.000400
455.00 C 20260925 0.00 1.27 1 18 0.4676 0.0148 0.000900
455.00 P 20260925 107.65 112.50 0 0 0.4608 -0.9984 0.000300
460.00 C 20260925 0.00 2.28 0 48 0.5352 0.0136 0.000800
460.00 P 20260925 112.65 117.50 0 0 0.4830 -0.9987 0.000200
465.00 C 20260925 0.00 2.27 3 8 0.5506 0.0125 0.000700
465.00 P 20260925 117.65 122.50 0 0 0.4980 -0.9990 0.000200
470.00 C 20260925 0.00 1.60 11 78 0.5322 0.0116 0.000700
470.00 P 20260925 122.65 127.50 0 0 0.5128 -0.9992 0.000100
475.00 C 20260925 0.00 0.20 25 20 0.4097 0.0108 0.000600
475.00 P 20260925 127.65 132.50 0 0 0.5273 -0.9994 0.000100
480.00 C 20260925 0.00 2.24 3 63 0.5952 0.0101 0.000600
480.00 P 20260925 132.65 137.50 0 0 0.5416 -0.9995 0.000100
485.00 C 20260925 0.00 0.60 9 12 0.4959 0.0095 0.000500
485.00 P 20260925 137.65 142.50 0 0 0.5557 -0.9996 0.000100
490.00 C 20260925 0.00 1.00 2 184 0.5470 0.0089 0.000500
490.00 P 20260925 142.65 147.50 0 0 0.5411 -0.9997 0.000100
495.00 C 20260925 0.00 2.22 1 5 0.6379 0.0084 0.000400
495.00 P 20260925 147.65 152.50 0 0 0.5832 -0.9997 0.000000
500.00 C 20260925 0.00 1.70 3 134 0.6232 0.0080 0.000400
500.00 P 20260925 152.65 157.50 0 0 0.5967 -0.9998 0.000000
505.00 C 20260925 0.00 2.21 0 10 0.6654 0.0075 0.000400
505.00 P 20260925 157.65 162.50 0 0 0.6100 -0.9998 0.000000
510.00 C 20260925 0.00 2.21 3 18 0.6791 0.0072 0.000400
510.00 P 20260925 162.65 167.50 0 0 0.6143 -0.9998 0.000000
515.00 C 20260925 0.00 2.20 0 6 0.6921 0.0068 0.000400
515.00 P 20260925 167.65 172.50 0 0 0.6361 -0.9998 0.000000
520.00 C 20260925 0.00 2.20 0 8 0.7054 0.0065 0.000300
520.00 P 20260925 172.65 177.50 0 0 0.6490 -0.9999 0.000000
525.00 C 20260925 0.00 2.20 1 15 0.7186 0.0062 0.000300
525.00 P 20260925 177.65 182.50 0 0 0.6616 -0.9999 0.000000
530.00 C 20260925 0.04 0.77 2 11 0.6282 0.0059 0.000300
530.00 P 20260925 182.65 187.50 0 0 0.6647 -0.9999 0.000000
535.00 C 20260925 0.04 2.19 0 11 0.7460 0.0056 0.000300
535.00 P 20260925 187.65 192.50 0 0 0.6546 -0.9999 0.000000
540.00 C 20260925 0.03 2.19 0 11 0.7581 0.0054 0.000300
540.00 P 20260925 192.65 197.50 0 0 0.6988 -0.9999 0.000000
545.00 C 20260925 0.00 2.18 0 17 0.7682 0.0052 0.000200
545.00 P 20260925 197.65 202.50 0 0 0.7108 -1.0000 0.000000
550.00 C 20260925 0.02 5.00 0 698 0.7932 0.0049 0.000200
550.00 P 20260925 202.65 207.50 0 0 0.7228 -1.0000 0.000000
100.00 C 20261002 242.55 247.50 0 0 -1.0000 0.9998 0.000000
100.00 P 20261002 0.00 5.00 0 0 2.1045 -0.0003 0.000000
105.00 C 20261002 237.50 242.40 0 0 -1.0000 0.9998 0.000000
105.00 P 20261002 0.00 5.00 0 0 2.1017 -0.0003 0.000000
110.00 C 20261002 232.60 237.50 0 0 -1.0000 0.9998 0.000000
110.00 P 20261002 0.00 2.53 0 0 1.7856 -0.0004 0.000000
115.00 C 20261002 227.60 232.50 0 0 -1.0000 0.9997 0.000000
115.00 P 20261002 0.00 4.25 0 0 1.8860 -0.0004 0.000000
120.00 C 20261002 222.80 227.50 0 27 0.9466 0.9997 0.000000
120.00 P 20261002 0.00 5.00 0 0 1.8822 -0.0004 0.000000
125.00 C 20261002 218.00 223.00 0 0 -1.0000 0.9996 0.000000
125.00 P 20261002 0.00 5.00 0 0 1.8156 -0.0005 0.000000
130.00 C 20261002 213.00 217.90 0 0 -1.0000 0.9996 0.000000
130.00 P 20261002 0.00 5.00 0 0 1.5208 -0.0006 0.000000
135.00 C 20261002 208.00 213.00 0 0 -1.0000 0.9995 0.000000
135.00 P 20261002 0.00 5.00 0 0 1.4668 -0.0006 0.000000
140.00 C 20261002 203.00 208.00 0 0 -1.0000 0.9994 0.000000
140.00 P 20261002 0.00 5.00 0 0 1.5566 -0.0007 0.000000
145.00 C 20261002 198.00 203.00 0 0 -1.0000 0.9993 0.000000
145.00 P 20261002 0.00 3.75 0 0 1.3656 -0.0008 0.000000
150.00 C 20261002 193.00 197.90 0 0 -1.0000 0.9992 0.000000
150.00 P 20261002 0.00 5.00 0 0 1.3172 -0.0009 0.000000
155.00 C 20261002 188.00 193.00 0 0 -1.0000 0.9991 0.000000
155.00 P 20261002 0.00 5.00 0 0 1.2704 -0.0010 0.000000
160.00 C 20261002 183.00 188.00 0 0 -1.0000 0.9990 0.000000
160.00 P 20261002 0.00 5.00 0 0 1.2260 -0.0012 0.000000
165.00 C 20261002 178.00 182.60 0 0 -1.0000 0.9988 0.000000
165.00 P 20261002 0.00 2.35 0 0 1.1820 -0.0014 0.000000
170.00 C 20261002 173.00 177.65 0 0 -1.0000 0.9986 0.000100
170.00 P 20261002 0.00 2.55 0 0 1.1394 -0.0015 0.000100
175.00 C 20261002 168.00 172.75 0 0 -1.0000 0.9984 0.000100
175.00 P 20261002 0.00 5.00 0 0 1.2706 -0.0018 0.000100
180.00 C 20261002 163.05 168.00 0 0 0.7353 0.9982 0.000100
180.00 P 20261002 0.00 2.56 0 0 1.0739 -0.0020 0.000100
185.00 C 20261002 158.00 163.00 0 0 -1.0000 0.9979 0.000100
185.00 P 20261002 0.00 5.00 0 0 1.1808 -0.0023 0.000100
190.00 C 20261002 153.05 158.00 0 0 -1.0000 0.9976 0.000100
190.00 P 20261002 0.00 2.17 0 0 0.9665 -0.0026 0.000100
195.00 C 20261002 148.05 153.00 0 0 0.5913 0.9972 0.000100
195.00 P 20261002 0.00 2.18 4 7 0.9302 -0.0029 0.000100
200.00 C 20261002 143.05 148.00 0 0 -1.0000 0.9968 0.000100
200.00 P 20261002 0.00 2.19 20 11 0.8950 -0.0033 0.000100
205.00 C 20261002 138.15 143.00 0 0 0.4676 0.9964 0.000200
205.00 P 20261002 0.00 2.20 4 11 0.8604 -0.0038 0.000200
210.00 C 20261002 133.20 137.85 0 0 -1.0000 0.9959 0.000200
210.00 P 20261002 0.00 1.53 18 13 0.7752 -0.0043 0.000200
215.00 C 20261002 128.15 133.00 0 0 -1.0000 0.9953 0.000200
215.00 P 20261002 0.00 2.21 4 12 0.7926 -0.0049 0.000200
220.00 C 20261002 123.65 128.50 2 0 0.4047 0.9946 0.000200
220.00 P 20261002 0.00 2.22 20 6 0.7602 -0.0056 0.000200
225.00 C 20261002 118.50 123.50 0 0 0.3847 0.9939 0.000300
225.00 P 20261002 0.00 2.24 70 7 0.7293 -0.0063 0.000300
230.00 C 20261002 113.50 118.20 0 0 -1.0000 0.9930 0.000300
230.00 P 20261002 0.00 2.25 6 3 0.6980 -0.0072 0.000300
235.00 C 20261002 108.50 113.50 0 0 -1.0000 0.9920 0.000400
235.00 P 20261002 0.00 2.26 17 3 0.6673 -0.0082 0.000400
240.00 C 20261002 103.50 108.50 0 1 0.4837 0.9908 0.000400
240.00 P 20261002 0.00 2.28 18 8 0.6376 -0.0094 0.000400
245.00 C 20261002 98.50 103.25 0 1 0.4217 0.9894 0.000500
245.00 P 20261002 0.00 2.30 4 2 0.6084 -0.0108 0.000500
250.00 C 20261002 93.55 98.50 0 0 0.4424 0.9877 0.000600
250.00 P 20261002 0.00 2.32 0 6 0.5795 -0.0125 0.000600
255.00 C 20261002 88.55 93.50 0 0 0.3653 0.9857 0.000700
255.00 P 20261002 0.00 2.35 12 5 0.5514 -0.0145 0.000700
260.00 C 20261002 83.50 88.00 1 0 -1.0000 0.9833 0.000900
260.00 P 20261002 0.00 2.38 0 2 0.5232 -0.0170 0.000900
265.00 C 20261002 78.70 83.50 1 1 0.3718 0.9803 0.001000
265.00 P 20261002 0.00 2.42 0 8 0.4962 -0.0200 0.001000
270.00 C 20261002 74.00 79.00 0 0 0.3544 0.9765 0.001200
270.00 P 20261002 0.00 2.48 0 34 0.4701 -0.0238 0.001300
275.00 C 20261002 69.00 74.00 0 2 0.3708 0.9718 0.001500
275.00 P 20261002 0.00 5.00 0 9 0.5238 -0.0285 0.001500
280.00 C 20261002 64.00 69.00 0 0 0.3431 0.9658 0.001800
280.00 P 20261002 0.00 2.64 0 49 0.4196 -0.0347 0.001800
285.00 C 20261002 59.55 63.90 2 0 0.3302 0.9580 0.002200
285.00 P 20261002 0.00 2.79 1 26 0.3970 -0.0425 0.002200
290.00 C 20261002 54.50 59.50 0 0 0.3366 0.9479 0.002700
290.00 P 20261002 0.00 2.95 1 28 0.3739 -0.0527 0.002800
295.00 C 20261002 49.50 54.35 0 0 0.3140 0.9348 0.003400
295.00 P 20261002 0.59 1.25 51 38 0.3093 -0.0660 0.003400
300.00 C 20261002 45.00 50.00 0 20 0.3082 0.9179 0.004100
300.00 P 20261002 0.75 1.65 29 84 0.3010 -0.0833 0.004200
305.00 C 20261002 40.80 45.50 0 0 0.3170 0.8965 0.005000
305.00 P 20261002 1.00 2.20 34 65 0.2957 -0.1047 0.005000
310.00 C 20261002 36.40 40.85 0 1 0.3050 0.8698 0.006000
310.00 P 20261002 2.11 3.90 20 85 0.3254 -0.1318 0.006000
315.00 C 20261002 32.00 37.00 1 1 0.2966 0.8373 0.007000
315.00 P 20261002 2.30 4.10 76 85 0.2998 -0.1647 0.007100
320.00 C 20261002 28.20 32.70 1 9 0.2992 0.7990 0.008100
320.00 P 20261002 2.82 4.60 51 91 0.2829 -0.2036 0.008300
325.00 C 20261002 24.30 28.45 1 21 0.2915 0.7549 0.009200
325.00 P 20261002 4.10 5.90 43 101 0.2845 -0.2483 0.009400
330.00 C 20261002 22.00 24.90 6 53 0.3047 0.7055 0.010200
330.00 P 20261002 5.30 7.25 21 67 0.2788 -0.2986 0.010400
335.00 C 20261002 17.45 21.55 2 100 0.2863 0.6515 0.011100
335.00 P 20261002 6.30 9.15 26 49 0.2713 -0.3536 0.011300
340.00 C 20261002 14.60 18.60 19 56 0.2866 0.5941 0.011700
340.00 P 20261002 8.35 11.35 23 55 0.2726 -0.4122 0.011900
345.00 C 20261002 12.50 15.00 30 100 0.2815 0.5348 0.012000
345.00 P 20261002 10.70 14.85 93 56 0.2843 -0.4729 0.012300
350.00 C 20261002 10.20 13.60 97 136 0.2916 0.4752 0.012000
350.00 P 20261002 13.30 17.50 2 29 0.2828 -0.5339 0.012300
355.00 C 20261002 7.40 11.55 16 21 0.2831 0.4170 0.011800
355.00 P 20261002 16.30 20.50 0 12 0.2829 -0.5937 0.012100
360.00 C 20261002 5.95 9.85 10 151 0.2872 0.3616 0.011300
360.00 P 20261002 19.60 23.75 2 16 0.2828 -0.6506 0.011600
365.00 C 20261002 4.95 8.40 7 51 0.2939 0.3103 0.010600
365.00 P 20261002 23.20 27.30 19 0 0.2835 -0.7034 0.011000
370.00 C 20261002 3.60 5.55 44 53 0.2726 0.2638 0.009800
370.00 P 20261002 26.80 31.10 0 3 0.2837 -0.7514 0.010100
375.00 C 20261002 3.30 4.50 68 144 0.2824 0.2225 0.008800
375.00 P 20261002 30.65 35.50 0 3 0.2850 -0.7942 0.009200
380.00 C 20261002 2.59 3.75 51 43 0.2864 0.1866 0.007900
380.00 P 20261002 35.10 39.80 0 4 0.2842 -0.8317 0.008300
385.00 C 20261002 2.08 4.00 29 108 0.3069 0.1559 0.007000
385.00 P 20261002 39.50 43.85 0 1 0.2895 -0.8640 0.007400
390.00 C 20261002 1.80 4.15 27 27 0.3284 0.1299 0.006100
390.00 P 20261002 44.00 48.65 0 1 0.2844 -0.8917 0.006600
395.00 C 20261002 0.86 3.80 3 19 0.3263 0.1083 0.005300
395.00 P 20261002 48.65 53.05 0 0 0.2859 -0.9153 0.005800
400.00 C 20261002 0.90 1.59 139 121 0.2956 0.0904 0.004600
400.00 P 20261002 53.20 57.80 0 0 0.2900 -0.9347 0.005100
405.00 C 20261002 0.01 1.26 14 15 0.2726 0.0757 0.003900
405.00 P 20261002 58.05 63.00 0 0 0.3037 -0.9508 0.004400
410.00 C 20261002 0.00 1.05 43 51 0.2797 0.0634 0.003400
410.00 P 20261002 63.00 67.95 0 0 0.3163 -0.9635 0.003700
415.00 C 20261002 0.00 2.88 0 80 0.3625 0.0538 0.002900
415.00 P 20261002 68.00 72.50 0 0 0.2996 -0.9734 0.003000
420.00 C 20261002 0.00 0.80 4 103 0.2969 0.0458 0.002500
420.00 P 20261002 72.65 77.50 1 0 0.3320 -0.9809 0.002400
425.00 C 20261002 0.00 0.72 6 0 0.3065 0.0393 0.002200
425.00 P 20261002 77.65 82.50 0 0 0.3479 -0.9865 0.001800
430.00 C 20261002 0.00 0.65 0 4 0.3158 0.0340 0.001900
430.00 P 20261002 82.65 87.50 0 0 0.3636 -0.9904 0.001400
435.00 C 20261002 0.00 2.92 0 3 0.4263 0.0296 0.001700
435.00 P 20261002 87.75 92.50 0 0 0.3790 -0.9932 0.001000
440.00 C 20261002 0.05 5.00 0 0 0.5095 0.0260 0.001500
440.00 P 20261002 92.65 97.50 0 0 0.3941 -0.9953 0.000800
445.00 C 20261002 0.00 5.00 0 2 0.4972 0.0230 0.001300
445.00 P 20261002 97.85 102.50 0 0 0.4089 -0.9966 0.000600
450.00 C 20261002 0.00 5.00 0 3 0.5425 0.0206 0.001200
450.00 P 20261002 102.65 107.50 0 0 0.4236 -0.9975 0.000400
455.00 C 20261002 0.00 5.00 0 2 0.5592 0.0185 0.001000
455.00 P 20261002 107.65 112.50 0 0 0.4379 -0.9982 0.000300
460.00 C 20261002 0.00 2.34 0 1 0.4899 0.0168 0.000900
460.00 P 20261002 112.65 117.50 0 0 0.4521 -0.9987 0.000200
465.00 C 20261002 0.00 2.32 1 2 0.5036 0.0153 0.000800
465.00 P 20261002 117.85 122.50 0 0 0.4600 -0.9991 0.000200
470.00 C 20261002 0.00 2.30 3 3 0.5170 0.0140 0.000800
470.00 P 20261002 122.65 127.50 0 0 0.4798 -0.9993 0.000100
475.00 C 20261002 0.00 2.29 6 3 0.5306 0.0130 0.000700
475.00 P 20261002 127.90 132.50 0 0 0.4933 -0.9994 0.000100
480.00 C 20261002 0.00 2.27 1 5 0.5435 0.0120 0.000600
480.00 P 20261002 132.65 137.50 0 0 0.5066 -0.9996 0.000100
485.00 C 20261002 0.00 0.80 3 3 0.4704 0.0112 0.000600
485.00 P 20261002 137.65 142.50 0 0 0.5197 -0.9997 0.000100
490.00 C 20261002 0.00 1.03 10 5 0.5006 0.0105 0.000600
490.00 P 20261002 142.65 147.50 0 0 0.5326 -0.9997 0.000000
495.00 C 20261002 0.00 1.37 0 7 0.5358 0.0099 0.000500
495.00 P 20261002 147.65 152.50 0 0 0.5454 -0.9998 0.000000
500.00 C 20261002 0.00 0.69 1 4 0.4955 0.0093 0.000500
500.00 P 20261002 152.65 157.50 0 0 0.5580 -0.9998 0.000000
505.00 C 20261002 0.00 0.98 6 6 0.5325 0.0088 0.000400
505.00 P 20261002 157.70 162.50 0 0 0.5442 -0.9999 0.000000
510.00 C 20261002 0.00 0.95 4 2 0.5412 0.0083 0.000400
510.00 P 20261002 162.85 167.50 0 0 0.5676 -0.9999 0.000000
515.00 C 20261002 0.00 2.22 1 2 0.6317 0.0079 0.000400
515.00 P 20261002 167.65 172.50 0 0 0.5949 -0.9999 0.000000
520.00 C 20261002 0.00 0.89 1 1 0.5587 0.0075 0.000400
520.00 P 20261002 172.65 177.50 0 0 0.6069 -0.9999 0.000000
525.00 C 20261002 0.00 2.21 0 1 0.6554 0.0072 0.000400
525.00 P 20261002 177.65 182.50 0 0 0.6188 -1.0000 0.000000
530.00 C 20261002 0.00 2.21 2 0 0.6673 0.0068 0.000300
530.00 P 20261002 182.65 187.50 0 0 0.6305 -1.0000 0.000000
535.00 C 20261002 0.00 1.54 1 1 0.6403 0.0065 0.000300
535.00 P 20261002 187.65 192.50 0 0 0.6421 -1.0000 0.000000
540.00 C 20261002 0.00 1.34 2 4 0.6377 0.0062 0.000300
540.00 P 20261002 192.65 197.50 0 0 0.6535 -1.0000 0.000000
545.00 C 20261002 0.00 2.19 0 3 0.7008 0.0060 0.000300
545.00 P 20261002 197.65 202.50 0 0 0.6648 -1.0000 0.000000
550.00 C 20261002 0.05 0.84 0 2 0.6218 0.0057 0.000300
550.00 P 20261002 202.65 207.50 0 0 0.6458 -1.0000 0.000000
150.00 C 20261016 193.05 197.95 0 3 -1.0000 0.9991 0.000000
150.00 P 20261016 0.01 0.06 403 540 0.7411 -0.0011 0.000000
155.00 C 20261016 188.15 193.00 0 14 -1.0000 0.9989 0.000000
155.00 P 20261016 0.00 2.16 0 98 1.0873 -0.0013 0.000000
160.00 C 20261016 183.10 188.00 0 15 -1.0000 0.9987 0.000000
160.00 P 20261016 0.00 2.57 0 123 1.0654 -0.0015 0.000000
165.00 C 20261016 178.25 183.00 0 15 -1.0000 0.9985 0.000100
165.00 P 20261016 0.00 3.70 0 64 1.1152 -0.0017 0.000100
170.00 C 20261016 173.50 178.15 0 867 -1.0000 0.9982 0.000100
170.00 P 20261016 0.00 0.97 0 273 0.8591 -0.0019 0.000100
175.00 C 20261016 168.50 173.15 0 18 -1.0000 0.9980 0.000100
175.00 P 20261016 0.01 0.40 570 182 0.7376 -0.0022 0.000100
180.00 C 20261016 163.50 168.20 0 28 -1.0000 0.9976 0.000100
180.00 P 20261016 0.00 0.09 0 2748 0.6019 -0.0025 0.000100
185.00 C 20261016 158.50 163.25 1 19 -1.0000 0.9973 0.000100
185.00 P 20261016 0.01 2.20 67 155 0.8745 -0.0029 0.000100
190.00 C 20261016 153.50 158.50 0 10 0.6174 0.9969 0.000100
190.00 P 20261016 0.00 2.21 4 219 0.8417 -0.0033 0.000100
195.00 C 20261016 148.50 153.25 0 8 0.4818 0.9964 0.000100
195.00 P 20261016 0.00 1.31 0 56 0.7413 -0.0038 0.000100
200.00 C 20261016 143.75 148.50 0 41 0.7042 0.9959 0.000200
200.00 P 20261016 0.03 0.45 4 272 0.6168 -0.0043 0.000200
205.00 C 20261016 138.55 143.50 0 34 0.5310 0.9953 0.000200
205.00 P 20261016 0.00 0.71 18 149 0.6237 -0.0049 0.000200
210.00 C 20261016 133.60 138.50 0 87 0.5588 0.9946 0.000200
210.00 P 20261016 0.00 0.16 0 541 0.4976 -0.0055 0.000200
215.00 C 20261016 128.55 133.50 1 19 0.4314 0.9939 0.000300
215.00 P 20261016 0.13 2.27 0 988 0.6994 -0.0063 0.000300
220.00 C 20261016 123.65 128.50 0 21 0.4299 0.9930 0.000300
220.00 P 20261016 0.00 0.66 0 3825 0.5428 -0.0072 0.000300
225.00 C 20261016 118.70 123.50 0 21 0.4019 0.9920 0.000400
225.00 P 20261016 0.00 1.08 2 509 0.5585 -0.0083 0.000400
230.00 C 20261016 114.00 118.65 1 24 0.3735 0.9907 0.000400
230.00 P 20261016 0.00 1.23 0 449 0.5450 -0.0095 0.000400
235.00 C 20261016 109.00 113.75 1 45 0.3714 0.9893 0.000500
235.00 P 20261016 0.14 0.26 503 634 0.4407 -0.0109 0.000500
240.00 C 20261016 104.00 109.00 0 85 0.4409 0.9876 0.000600
240.00 P 20261016 0.15 2.39 0 1807 0.5663 -0.0126 0.000600
245.00 C 20261016 99.00 104.00 0 129 0.4172 0.9856 0.000600
245.00 P 20261016 0.20 0.71 21 902 0.4490 -0.0147 0.000600
250.00 C 20261016 94.45 98.45 11 126 0.3828 0.9831 0.000800
250.00 P 20261016 0.20 0.49 14 3450 0.4083 -0.0171 0.000800
255.00 C 20261016 89.55 93.55 1 161 0.3762 0.9801 0.000900
255.00 P 20261016 0.23 0.74 28 774 0.4081 -0.0202 0.000900
260.00 C 20261016 84.50 89.25 1 245 0.3916 0.9764 0.001100
260.00 P 20261016 0.40 0.98 61 911 0.4102 -0.0239 0.001100
265.00 C 20261016 79.50 84.50 0 51 0.3827 0.9719 0.001300
265.00 P 20261016 0.50 0.79 11 2155 0.3824 -0.0285 0.001300
270.00 C 20261016 74.55 79.50 0 172 0.3783 0.9662 0.001500
270.00 P 20261016 0.40 1.25 43 3583 0.3770 -0.0342 0.001500
275.00 C 20261016 69.50 74.10 0 380 0.3434 0.9591 0.001800
275.00 P 20261016 0.27 1.00 8 3652 0.3366 -0.0414 0.001800
280.00 C 20261016 65.15 69.75 0 264 0.3350 0.9502 0.002200
280.00 P 20261016 0.22 2.13 11 2579 0.3563 -0.0505 0.002200
285.00 C 20261016 60.60 64.60 17 374 0.3307 0.9392 0.002600
285.00 P 20261016 0.80 2.16 132 3154 0.3510 -0.0615 0.002700
290.00 C 20261016 56.00 60.45 1 350 0.3255 0.9256 0.003200
290.00 P 20261016 1.00 2.30 25 3460 0.3350 -0.0755 0.003200
295.00 C 20261016 51.35 55.85 1 136 0.3191 0.9090 0.003700
295.00 P 20261016 1.60 2.17 126 2427 0.3211 -0.0924 0.003800
300.00 C 20261016 46.85 50.85 2 838 0.3135 0.8889 0.004400
300.00 P 20261016 2.15 2.72 822 4104 0.3187 -0.1124 0.004400
305.00 C 20261016 42.50 47.00 2 223 0.3106 0.8651 0.005100
305.00 P 20261016 2.85 3.55 89 1833 0.3189 -0.1366 0.005200
310.00 C 20261016 38.40 42.40 5 452 0.3095 0.8372 0.005900
310.00 P 20261016 3.50 4.70 107 4171 0.3182 -0.1649 0.006000
315.00 C 20261016 34.25 38.35 16 513 0.3044 0.8052 0.006600
315.00 P 20261016 4.25 4.95 187 2636 0.3022 -0.1974 0.006800
320.00 C 20261016 30.40 34.55 18 718 0.3022 0.7692 0.007400
320.00 P 20261016 5.50 6.60 265 6041 0.3074 -0.2341 0.007500
325.00 C 20261016 26.75 31.00 422 1004 0.3007 0.7292 0.008100
325.00 P 20261016 6.55 8.75 90 2759 0.3101 -0.2748 0.008300
330.00 C 20261016 23.30 27.45 79 1106 0.2966 0.6859 0.008800
330.00 P 20261016 8.25 10.00 337 5107 0.3051 -0.3191 0.009000
335.00 C 20261016 20.15 23.10 20 1096 0.2833 0.6397 0.009300
335.00 P 20261016 9.20 12.05 97 1405 0.2965 -0.3663 0.009600
340.00 C 20261016 17.90 19.85 105 3213 0.2854 0.5915 0.009700
340.00 P 20261016 11.95 13.50 137 3719 0.2952 -0.4158 0.010000
345.00 C 20261016 16.30 17.90 249 3428 0.3008 0.5421 0.010000
345.00 P 20261016 13.50 16.65 50 3963 0.2938 -0.4666 0.010300
350.00 C 20261016 14.10 15.70 618 3622 0.3033 0.4925 0.010000
350.00 P 20261016 15.65 19.80 55 3460 0.2934 -0.5177 0.010400
355.00 C 20261016 11.20 12.95 96 1813 0.2897 0.4436 0.010000
355.00 P 20261016 18.70 22.70 46 2559 0.2943 -0.5682 0.010300
360.00 C 20261016 9.85 10.85 396 3272 0.2922 0.3963 0.009700
360.00 P 20261016 21.70 25.90 47 919 0.2929 -0.6172 0.010100
365.00 C 20261016 8.00 9.30 132 3605 0.2910 0.3514 0.009300
365.00 P 20261016 25.55 28.75 45 1010 0.2919 -0.6640 0.009700
370.00 C 20261016 7.00 7.65 428 8539 0.2931 0.3094 0.008800
370.00 P 20261016 28.75 32.90 13 620 0.2931 -0.7077 0.009200
375.00 C 20261016 6.00 6.65 163 12515 0.2984 0.2707 0.008300
375.00 P 20261016 32.95 36.50 1 401 0.2949 -0.7481 0.008700
380.00 C 20261016 5.00 5.80 257 4474 0.3022 0.2355 0.007600
380.00 P 20261016 36.65 40.80 43 1504 0.2950 -0.7851 0.008100
385.00 C 20261016 3.85 4.75 178 2058 0.2979 0.2039 0.007000
385.00 P 20261016 40.80 44.80 2 298 0.2926 -0.8184 0.007400
390.00 C 20261016 2.89 4.00 230 2451 0.2957 0.1759 0.006400
390.00 P 20261016 45.25 49.35 3 297 0.2984 -0.8479 0.006800
395.00 C 20261016 1.60 4.75 13 1081 0.3078 0.1513 0.005700
395.00 P 20261016 49.45 54.00 0 313 0.2973 -0.8746 0.006200
400.00 C 20261016 2.35 2.64 1913 18317 0.3044 0.1298 0.005100
400.00 P 20261016 54.35 58.40 65 1783 0.3027 -0.8975 0.005600
405.00 C 20261016 1.17 3.70 81 1298 0.3204 0.1113 0.004600
405.00 P 20261016 58.60 63.50 0 387 0.3075 -0.9184 0.005100
410.00 C 20261016 1.57 1.88 537 56043 0.3090 0.0953 0.004000
410.00 P 20261016 63.45 68.00 0 69 0.3119 -0.9357 0.004600
415.00 C 20261016 1.28 1.70 54 1466 0.3142 0.0817 0.003600
415.00 P 20261016 68.10 72.65 0 150 0.2796 -0.9514 0.004000
420.00 C 20261016 1.03 1.34 563 7758 0.3134 0.0701 0.003100
420.00 P 20261016 73.00 78.00 26 131 0.3063 -0.9637 0.003500
425.00 C 20261016 1.01 1.12 389 1939 0.3212 0.0601 0.002800
425.00 P 20261016 78.00 82.85 0 8 0.3033 -0.9739 0.002800
430.00 C 20261016 0.85 0.99 31 3652 0.3258 0.0518 0.002400
430.00 P 20261016 82.85 87.50 0 0 0.3309 -0.9818 0.002200
435.00 C 20261016 0.45 1.84 1 801 0.3542 0.0450 0.002100
435.00 P 20261016 88.00 92.50 0 0 0.3447 -0.9876 0.001700
440.00 C 20261016 0.28 0.72 8 2097 0.3164 0.0391 0.001900
440.00 P 20261016 92.90 97.50 0 0 0.3583 -0.9916 0.001200
445.00 C 20261016 0.34 1.09 173 1136 0.3496 0.0340 0.001700
445.00 P 20261016 97.85 102.50 0 0 0.3716 -0.9947 0.000900
450.00 C 20261016 0.00 1.63 109 3711 0.3706 0.0298 0.001500
450.00 P 20261016 102.90 107.50 0 0 0.3847 -0.9968 0.000600
460.00 C 20261016 0.25 0.90 14 6905 0.3723 0.0235 0.001200
460.00 P 20261016 113.00 117.50 0 0 0.4102 -0.9986 0.000300
470.00 C 20261016 0.01 0.39 4 3791 0.3396 0.0188 0.000900
470.00 P 20261016 123.00 127.50 0 0 0.4350 -0.9996 0.000100
480.00 C 20261016 0.00 1.36 0 6414 0.4292 0.0155 0.000800
480.00 P 20261016 132.85 137.50 0 0 0.4590 -0.9998 0.000000
490.00 C 20261016 0.10 0.38 0 6423 0.3879 0.0131 0.000600
490.00 P 20261016 143.00 147.50 0 0 0.4824 -0.9999 0.000000
500.00 C 20261016 0.17 1.33 0 3965 0.4800 0.0112 0.000600
500.00 P 20261016 153.00 157.50 0 0 0.4998 -1.0000 0.000000
510.00 C 20261016 0.00 1.16 0 3148 0.4810 0.0099 0.000500
510.00 P 20261016 163.00 167.50 0 0 0.5219 -1.0000 0.000000
520.00 C 20261016 0.03 0.55 0 3597 0.4547 0.0088 0.000400
520.00 P 20261016 172.90 177.50 0 0 0.5491 -1.0000 0.000000
530.00 C 20261016 0.00 0.96 0 5833 0.5060 0.0079 0.000400
530.00 P 20261016 182.85 187.50 0 0 0.5703 -1.0000 0.000000
540.00 C 20261016 0.00 0.91 0 6383 0.5208 0.0072 0.000300
540.00 P 20261016 193.00 197.50 0 0 0.5910 -1.0000 0.000000
550.00 C 20261016 0.05 0.16 10 1966 0.4512 0.0066 0.000300
550.00 P 20261016 203.00 207.50 0 0 -1.0000 -1.0000 0.000000
560.00 C 20261016 0.00 2.22 0 358 0.6354 0.0060 0.000300
560.00 P 20261016 213.00 217.50 0 0 0.6309 -1.0000 0.000000
570.00 C 20261016 0.08 2.21 0 44 0.6574 0.0056 0.000200
570.00 P 20261016 223.00 227.50 0 0 0.6502 -1.0000 0.000000
580.00 C 20261016 0.00 2.20 0 184 0.6713 0.0051 0.000200
580.00 P 20261016 233.00 237.50 0 0 0.6691 -1.0000 0.000000
590.00 C 20261016 0.00 2.20 0 53 0.6891 0.0048 0.000200
590.00 P 20261016 243.00 247.50 0 0 -1.0000 -1.0000 0.000000
600.00 C 20261016 0.00 0.10 53 1282 0.4886 0.0044 0.000200
600.00 P 20261016 253.00 257.50 0 0 -1.0000 -1.0000 0.000000
610.00 C 20261016 0.00 0.11 0 61 0.5058 0.0041 0.000200
610.00 P 20261016 263.00 267.50 0 0 0.7237 -1.0000 0.000000
620.00 C 20261016 0.00 1.10 1 46 0.6693 0.0039 0.000200
620.00 P 20261016 273.00 277.50 0 0 0.7413 -1.0000 0.000000
630.00 C 20261016 0.00 1.12 2 141 0.6862 0.0036 0.000100
630.00 P 20261016 283.00 287.50 0 0 0.7585 -1.0000 0.000000
640.00 C 20261016 0.00 0.71 5 204 0.6614 0.0034 0.000100
640.00 P 20261016 292.90 297.50 0 0 -1.0000 -1.0000 0.000000
650.00 C 20261016 0.00 1.17 1 43 0.7200 0.0032 0.000100
650.00 P 20261016 303.00 307.50 0 0 0.7920 -1.0000 0.000000
660.00 C 20261016 0.00 0.69 1 34 0.6868 0.0030 0.000100
660.00 P 20261016 313.00 317.50 0 0 0.8083 -1.0000 0.000000
670.00 C 20261016 0.00 2.17 0 203 0.8168 0.0028 0.000100
670.00 P 20261016 323.00 327.50 0 0 0.8243 -1.0000 0.000000
680.00 C 20261016 0.00 5.00 0 14 0.9535 0.0026 0.000100
680.00 P 20261016 332.65 337.50 0 0 0.8401 -1.0000 0.000000
690.00 C 20261016 0.00 3.65 0 16 0.9180 0.0025 0.000100
690.00 P 20261016 342.65 347.50 0 0 0.8556 -1.0000 0.000000
700.00 C 20261016 0.00 5.00 0 17 0.9847 0.0023 0.000100
700.00 P 20261016 352.65 357.50 0 0 0.8643 -1.0000 0.000000
710.00 C 20261016 0.00 5.00 0 11 0.9999 0.0022 0.000100
710.00 P 20261016 363.00 367.50 0 0 0.8860 -1.0000 0.000000
720.00 C 20261016 0.00 0.13 0 26 0.6444 0.0020 0.000100
720.00 P 20261016 372.65 377.50 0 0 0.9008 -1.0000 0.000000
730.00 C 20261016 0.00 5.00 0 12 1.0294 0.0019 0.000100
730.00 P 20261016 382.65 387.50 0 0 0.8801 -1.0000 0.000000
740.00 C 20261016 0.00 0.11 0 9 0.6559 0.0018 0.000100
740.00 P 20261016 392.65 397.50 0 0 0.9298 -1.0000 0.000000
750.00 C 20261016 0.00 0.13 0 9 0.6760 0.0017 0.000100
750.00 P 20261016 403.00 407.50 0 0 0.9440 -1.0000 0.000000
760.00 C 20261016 0.00 5.00 0 59 1.0718 0.0016 0.000100
760.00 P 20261016 412.65 417.50 0 0 0.9579 -1.0000 0.000000
770.00 C 20261016 0.00 5.00 0 10 1.0855 0.0015 0.000100
770.00 P 20261016 422.65 427.50 0 0 0.9717 -1.0000 0.000000
780.00 C 20261016 0.00 5.00 0 5 1.0990 0.0014 0.000000
780.00 P 20261016 432.85 437.50 0 0 0.9853 -1.0000 0.000000
790.00 C 20261016 0.00 2.16 0 4 0.9768 0.0014 0.000000
790.00 P 20261016 442.65 447.50 0 0 0.9906 -1.0000 0.000000
800.00 C 20261016 0.01 0.08 5 4848 0.7031 0.0013 0.000000
800.00 P 20261016 452.70 457.50 0 0 0.9723 -1.0000 0.000000
85.00 C 20261120 258.00 262.90 0 53 -1.0000 0.9999 0.000000
85.00 P 20261120 0.00 1.05 0 28 1.2917 -0.0003 0.000000
90.00 C 20261120 253.10 258.00 0 0 -1.0000 0.9999 0.000000
90.00 P 20261120 0.00 0.03 0 61 0.8592 -0.0004 0.000000
95.00 C 20261120 248.10 253.00 0 1 -1.0000 0.9998 0.000000
95.00 P 20261120 0.00 0.03 0 110 0.8257 -0.0004 0.000000
100.00 C 20261120 243.50 248.00 0 5 -1.0000 0.9997 0.000000
100.00 P 20261120 0.00 0.03 0 142 0.7939 -0.0005 0.000000
105.00 C 20261120 238.50 243.50 0 2 -1.0000 0.9997 0.000000
105.00 P 20261120 0.00 5.00 0 72 1.4344 -0.0006 0.000000
110.00 C 20261120 233.50 238.20 0 0 -1.0000 0.9996 0.000000
110.00 P 20261120 0.00 0.04 0 79 0.7520 -0.0007 0.000000
115.00 C 20261120 228.50 233.50 0 0 0.8103 0.9995 0.000000
115.00 P 20261120 0.01 0.68 2 84 0.9688 -0.0008 0.000000
120.00 C 20261120 223.50 228.30 0 2 -1.0000 0.9993 0.000000
120.00 P 20261120 0.01 0.05 0 86 0.7213 -0.0009 0.000000
125.00 C 20261120 218.55 223.50 0 0 0.7393 0.9992 0.000000
125.00 P 20261120 0.01 0.67 2 60 0.8983 -0.0011 0.000000
130.00 C 20261120 213.60 218.50 0 1 0.6662 0.9990 0.000000
130.00 P 20261120 0.01 0.05 0 79 0.6692 -0.0012 0.000000
135.00 C 20261120 208.65 213.50 0 0 -1.0000 0.9988 0.000000
135.00 P 20261120 0.00 2.12 2 49 0.9863 -0.0014 0.000000
140.00 C 20261120 203.70 208.50 0 17 -1.0000 0.9986 0.000000
140.00 P 20261120 0.01 0.06 0 96 0.6295 -0.0016 0.000000
145.00 C 20261120 199.00 204.00 0 3 -1.0000 0.9984 0.000000
145.00 P 20261120 0.01 0.06 5 82 0.6064 -0.0019 0.000000
150.00 C 20261120 194.00 198.80 0 13 -1.0000 0.9981 0.000100
150.00 P 20261120 0.01 0.53 2 224 0.7259 -0.0022 0.000100
155.00 C 20261120 189.00 193.85 0 10 -1.0000 0.9978 0.000100
155.00 P 20261120 0.00 0.99 10 74 0.7589 -0.0025 0.000100
160.00 C 20261120 184.00 189.00 1 9 0.5975 0.9974 0.000100
160.00 P 20261120 0.00 0.56 6 58 0.6773 -0.0028 0.000100
165.00 C 20261120 179.05 184.00 0 2 0.5271 0.9970 0.000100
165.00 P 20261120 0.01 0.58 10 49 0.6569 -0.0032 0.000100
170.00 C 20261120 174.10 179.00 0 6 0.5001 0.9966 0.000100
170.00 P 20261120 0.04 0.63 4 46 0.6436 -0.0037 0.000100
175.00 C 20261120 169.15 174.00 1 4 0.5022 0.9961 0.000100
175.00 P 20261120 0.00 2.25 4 437 0.7459 -0.0042 0.000100
180.00 C 20261120 164.25 169.00 0 13 0.4777 0.9955 0.000100
180.00 P 20261120 0.00 2.27 4 67 0.7198 -0.0048 0.000100
185.00 C 20261120 159.50 164.30 0 15 0.4183 0.9948 0.000200
185.00 P 20261120 0.00 0.30 2 306 0.5185 -0.0055 0.000200
190.00 C 20261120 154.75 159.40 0 879 0.4820 0.9940 0.000200
190.00 P 20261120 0.00 0.30 7 99 0.4984 -0.0063 0.000200
195.00 C 20261120 149.50 154.50 0 9 0.4900 0.9931 0.000200
195.00 P 20261120 0.00 0.69 0 144 0.5325 -0.0072 0.000200
200.00 C 20261120 144.55 149.50 0 27 0.4902 0.9921 0.000300
200.00 P 20261120 0.12 1.05 0 423 0.5527 -0.0082 0.000300
205.00 C 20261120 139.55 144.50 0 24 0.4555 0.9909 0.000300
205.00 P 20261120 0.00 0.74 0 209 0.4957 -0.0094 0.000300
210.00 C 20261120 134.60 139.50 0 39 0.4351 0.9895 0.000400
210.00 P 20261120 0.00 0.78 0 3353 0.4791 -0.0108 0.000400
215.00 C 20261120 130.00 134.65 0 74 0.4151 0.9878 0.000400
215.00 P 20261120 0.25 1.40 96 155 0.5168 -0.0125 0.000400
220.00 C 20261120 125.00 130.00 0 216 0.3956 0.9859 0.000500
220.00 P 20261120 0.00 1.77 1 1464 0.5013 -0.0145 0.000500
225.00 C 20261120 120.40 125.00 0 252 0.4528 0.9835 0.000600
225.00 P 20261120 0.30 2.60 1 178 0.5269 -0.0168 0.000600
230.00 C 20261120 115.55 120.00 0 409 0.4168 0.9808 0.000600
230.00 P 20261120 0.00 1.00 0 934 0.4032 -0.0197 0.000600
235.00 C 20261120 110.70 115.15 0 412 0.3971 0.9774 0.000800
235.00 P 20261120 0.01 1.71 0 231 0.4361 -0.0231 0.000800
240.00 C 20261120 105.85 110.50 2 375 0.4188 0.9735 0.000900
240.00 P 20261120 0.05 1.40 2 1115 0.4038 -0.0270 0.000900
245.00 C 20261120 100.65 105.05 1 164 0.3876 0.9688 0.001000
245.00 P 20261120 0.45 2.07 2 833 0.4266 -0.0318 0.001000
250.00 C 20261120 96.00 101.00 0 464 0.3938 0.9632 0.001200
250.00 P 20261120 1.00 1.57 8 1304 0.4077 -0.0375 0.001200
255.00 C 20261120 91.55 96.00 0 172 0.3771 0.9565 0.001400
255.00 P 20261120 0.18 1.50 18 1028 0.3565 -0.0442 0.001400
260.00 C 20261120 86.50 91.50 0 205 0.3711 0.9487 0.001600
260.00 P 20261120 0.45 2.94 4 2058 0.3904 -0.0521 0.001600
265.00 C 20261120 82.00 86.45 7 112 0.3671 0.9395 0.001900
265.00 P 20261120 1.66 2.50 1 655 0.3880 -0.0614 0.001900
270.00 C 20261120 77.55 81.55 12 735 0.3630 0.9288 0.002100
270.00 P 20261120 1.10 2.75 134 1087 0.3552 -0.0724 0.002200
275.00 C 20261120 72.55 77.50 0 52 0.3604 0.9165 0.002400
275.00 P 20261120 1.30 4.70 32 665 0.3811 -0.0847 0.002500
280.00 C 20261120 68.60 73.20 2 525 0.3570 0.9024 0.002800
280.00 P 20261120 2.15 3.70 76 1467 0.3561 -0.0993 0.002800
285.00 C 20261120 64.25 68.55 0 172 0.3542 0.8864 0.003100
285.00 P 20261120 3.00 4.55 29 1494 0.3612 -0.1152 0.003200
290.00 C 20261120 60.00 64.50 0 366 0.3550 0.8685 0.003500
290.00 P 20261120 2.29 5.45 21 2761 0.3408 -0.1338 0.003500
295.00 C 20261120 55.85 59.90 8 145 0.3496 0.8486 0.003900
295.00 P 20261120 4.60 6.05 4 1355 0.3557 -0.1537 0.003900
300.00 C 20261120 51.80 55.60 529 842 0.3438 0.8267 0.004200
300.00 P 20261120 5.80 7.05 56 5787 0.3562 -0.1764 0.004300
305.00 C 20261120 47.90 51.95 49 263 0.3444 0.8028 0.004600
305.00 P 20261120 6.25 8.00 70 1497 0.3461 -0.2004 0.004700
310.00 C 20261120 44.90 48.30 0 520 0.3503 0.7770 0.005000
310.00 P 20261120 7.20 10.00 106 2707 0.3487 -0.2273 0.005100
315.00 C 20261120 40.55 44.65 12 357 0.3412 0.7494 0.005400
315.00 P 20261120 7.65 11.90 36 2874 0.3435 -0.2550 0.005500
320.00 C 20261120 37.10 41.25 65 800 0.3399 0.7201 0.005700
320.00 P 20261120 9.20 13.10 35 3111 0.3391 -0.2850 0.005800
325.00 C 20261120 34.35 37.65 22 1597 0.3396 0.6895 0.006000
325.00 P 20261120 11.00 15.10 559 1891 0.3410 -0.3164 0.006200
330.00 C 20261120 30.75 34.90 282 1145 0.3376 0.6576 0.006300
330.00 P 20261120 12.80 16.95 106 3683 0.3388 -0.3492 0.006500
335.00 C 20261120 27.80 31.95 101 1594 0.3360 0.6248 0.006500
335.00 P 20261120 15.75 19.00 53 1642 0.3443 -0.3830 0.006700
340.00 C 20261120 25.30 28.20 93 1092 0.3294 0.5913 0.006700
340.00 P 20261120 18.15 20.15 20 1786 0.3362 -0.4176 0.006900
345.00 C 20261120 22.75 25.80 131 2388 0.3300 0.5574 0.006800
345.00 P 20261120 19.20 23.70 100 3491 0.3356 -0.4527 0.007100
350.00 C 20261120 21.45 24.30 163 2245 0.3437 0.5235 0.006900
350.00 P 20261120 23.55 26.30 13 1596 0.3453 -0.4880 0.007200
355.00 C 20261120 18.00 21.15 77 1058 0.3273 0.4898 0.006900
355.00 P 20261120 24.95 29.10 10 1328 0.3346 -0.5231 0.007200
360.00 C 20261120 16.90 18.70 166 3864 0.3307 0.4566 0.006900
360.00 P 20261120 27.85 30.20 4 1401 0.3196 -0.5578 0.007200
365.00 C 20261120 15.25 17.50 62 2861 0.3370 0.4241 0.006800
365.00 P 20261120 30.50 35.20 0 888 0.3330 -0.5919 0.007100
370.00 C 20261120 13.70 15.15 141 1990 0.3333 0.3926 0.006700
370.00 P 20261120 34.35 38.50 11 901 0.3329 -0.6251 0.007000
375.00 C 20261120 10.80 15.05 81 1708 0.3341 0.3622 0.006500
375.00 P 20261120 37.80 41.95 3 613 0.3323 -0.6572 0.006900
380.00 C 20261120 11.10 13.60 129 1058 0.3476 0.3333 0.006300
380.00 P 20261120 41.45 45.60 10 457 0.3326 -0.6880 0.006700
385.00 C 20261120 8.95 11.65 259 1036 0.3355 0.3057 0.006100
385.00 P 20261120 45.00 50.00 1 292 0.3331 -0.7174 0.006500
390.00 C 20261120 8.90 10.60 139 1338 0.3462 0.2798 0.005800
390.00 P 20261120 48.70 53.25 19 720 0.3313 -0.7452 0.006200
395.00 C 20261120 6.00 10.20 82 1787 0.3360 0.2554 0.005500
395.00 P 20261120 52.50 57.25 0 393 0.3321 -0.7714 0.006000
400.00 C 20261120 6.85 7.50 180 3740 0.3366 0.2326 0.005200
400.00 P 20261120 57.25 61.40 0 648 0.3319 -0.7959 0.005700
405.00 C 20261120 6.00 6.85 165 883 0.3387 0.2115 0.005000
405.00 P 20261120 61.10 65.65 0 128 0.3319 -0.8189 0.005400
410.00 C 20261120 3.70 7.30 79 2624 0.3355 0.1920 0.004700
410.00 P 20261120 65.50 70.00 0 93 0.3320 -0.8401 0.005100
415.00 C 20261120 2.94 5.70 13 913 0.3238 0.1740 0.004400
415.00 P 20261120 70.00 74.45 0 135 0.3280 -0.8599 0.004800
420.00 C 20261120 3.00 4.75 139 2901 0.3270 0.1574 0.004100
420.00 P 20261120 74.75 79.00 0 92 0.3317 -0.8782 0.004600
425.00 C 20261120 3.70 5.90 8 588 0.3640 0.1424 0.003800
425.00 P 20261120 79.05 83.60 0 54 0.3364 -0.8951 0.004300
430.00 C 20261120 2.40 5.00 74 1153 0.3496 0.1286 0.003500
430.00 P 20261120 84.15 88.50 0 113 0.3340 -0.9108 0.004100
435.00 C 20261120 1.29 5.20 10 621 0.3497 0.1161 0.003300
435.00 P 20261120 88.50 93.50 0 39 0.3390 -0.9251 0.003800
440.00 C 20261120 1.15 4.85 129 445 0.3548 0.1048 0.003000
440.00 P 20261120 93.45 98.00 0 0 0.3396 -0.9383 0.003600
445.00 C 20261120 2.02 4.05 55 318 0.3680 0.0945 0.002800
445.00 P 20261120 98.05 103.00 0 0 0.3336 -0.9502 0.003300
450.00 C 20261120 2.00 2.78 107 4032 0.3582 0.0852 0.002600
450.00 P 20261120 103.00 108.00 0 4 0.3375 -0.9605 0.003000
455.00 C 20261120 0.45 3.85 137 203 0.3605 0.0768 0.002400
455.00 P 20261120 107.75 112.50 0 0 0.3424 -0.9696 0.002600
460.00 C 20261120 0.55 2.84 82 2491 0.3526 0.0693 0.002200
460.00 P 20261120 113.00 117.50 0 0 0.3530 -0.9775 0.002200
470.00 C 20261120 0.45 3.25 100 3154 0.3804 0.0563 0.001800
470.00 P 20261120 122.75 127.50 0 0 0.3738 -0.9885 0.001400
480.00 C 20261120 0.26 1.16 3 3646 0.3350 0.0461 0.001600
480.00 P 20261120 133.00 137.50 0 0 0.3940 -0.9949 0.000700
490.00 C 20261120 0.45 2.65 127 5011 0.4054 0.0377 0.001300
490.00 P 20261120 143.00 147.50 0 0 0.4136 -0.9983 0.000300
500.00 C 20261120 0.20 1.21 9 2481 0.3688 0.0311 0.001100
500.00 P 20261120 153.00 157.50 0 0 0.4231 -0.9994 0.000100
510.00 C 20261120 0.21 1.89 2 2450 0.4113 0.0257 0.000900
510.00 P 20261120 163.00 167.50 0 0 0.4513 -0.9999 0.000000
520.00 C 20261120 0.05 1.87 2 2967 0.4216 0.0216 0.000800
520.00 P 20261120 173.00 177.50 0 0 0.4694 -1.0000 0.000000
530.00 C 20261120 0.25 0.89 1 3442 0.4034 0.0182 0.000700
530.00 P 20261120 183.00 187.50 0 0 0.4768 -1.0000 0.000000
540.00 C 20261120 0.25 1.54 1 4799 0.4480 0.0156 0.000600
540.00 P 20261120 192.75 197.50 0 0 0.5044 -1.0000 0.000000
550.00 C 20261120 0.00 0.87 0 160 0.4165 0.0134 0.000500
550.00 P 20261120 203.00 207.50 0 0 0.5213 -1.0000 0.000000
560.00 C 20261120 0.00 2.38 0 285 0.5004 0.0117 0.000400
560.00 P 20261120 213.00 217.50 0 0 0.5268 -1.0000 0.000000
570.00 C 20261120 0.00 0.66 7 124 0.4279 0.0103 0.000400
570.00 P 20261120 223.00 227.50 0 0 0.5540 -1.0000 0.000000
580.00 C 20261120 0.00 0.45 0 69 0.4203 0.0092 0.000300
580.00 P 20261120 233.00 237.50 0 0 0.5698 -1.0000 0.000000
590.00 C 20261120 0.00 1.10 0 61 0.4844 0.0083 0.000300
590.00 P 20261120 243.00 247.50 0 0 0.5738 -1.0000 0.000000
600.00 C 20261120 0.00 0.75 4 1142 0.4726 0.0075 0.000300
600.00 P 20261120 253.00 257.50 0 0 0.6005 -1.0000 0.000000
610.00 C 20261120 0.00 1.19 14 145 0.5150 0.0069 0.000200
610.00 P 20261120 263.00 267.50 0 0 0.6153 -1.0000 0.000000
620.00 C 20261120 0.00 0.70 8 31 0.4921 0.0064 0.000200
620.00 P 20261120 272.65 277.50 0 0 0.6241 -1.0000 0.000000
630.00 C 20261120 0.00 2.23 7 22 0.5910 0.0059 0.000200
630.00 P 20261120 283.00 287.50 0 0 0.6442 -1.0000 0.000000
640.00 C 20261120 0.00 0.35 3 78 0.4752 0.0055 0.000200
640.00 P 20261120 292.75 297.50 0 0 0.6524 -1.0000 0.000000
650.00 C 20261120 0.00 2.22 1 20 0.6154 0.0052 0.000200
650.00 P 20261120 302.85 307.50 0 0 0.6720 -1.0000 0.000000
660.00 C 20261120 0.00 0.56 5 65 0.5226 0.0048 0.000200
660.00 P 20261120 313.00 317.50 0 0 0.6856 -1.0000 0.000000
670.00 C 20261120 0.00 0.56 14 93 0.5330 0.0046 0.000200
670.00 P 20261120 322.75 327.50 0 0 0.6989 -1.0000 0.000000
680.00 C 20261120 0.00 0.55 5 27 0.5421 0.0043 0.000100
680.00 P 20261120 332.75 337.50 0 0 0.7121 -1.0000 0.000000
690.00 C 20261120 0.00 0.51 4 65 0.5474 0.0041 0.000100
690.00 P 20261120 343.00 347.50 0 0 0.7250 -1.0000 0.000000
700.00 C 20261120 0.00 0.54 5 30 0.5608 0.0039 0.000100
700.00 P 20261120 353.00 357.50 0 0 0.7377 -1.0000 0.000000
710.00 C 20261120 0.00 0.54 7 17 0.5704 0.0037 0.000100
710.00 P 20261120 362.65 367.50 0 0 0.7502 -1.0000 0.000000
720.00 C 20261120 0.00 0.54 1 18 0.5799 0.0035 0.000100
720.00 P 20261120 372.95 377.50 0 0 0.7624 -1.0000 0.000000
730.00 C 20261120 0.00 0.99 3 27 0.6330 0.0033 0.000100
730.00 P 20261120 383.00 387.50 0 0 0.7746 -1.0000 0.000000
740.00 C 20261120 0.00 0.97 2 25 0.6411 0.0032 0.000100
740.00 P 20261120 392.75 397.50 0 0 0.7865 -1.0000 0.000000
750.00 C 20261120 0.00 2.00 0 261 0.7157 0.0030 0.000100
750.00 P 20261120 402.95 407.50 0 0 0.7983 -1.0000 0.000000
760.00 C 20261120 0.00 0.53 0 13 0.6151 0.0029 0.000100
760.00 P 20261120 412.65 417.50 0 0 0.8099 -1.0000 0.000000
770.00 C 20261120 0.00 2.02 1 28 0.7365 0.0027 0.000100
770.00 P 20261120 423.00 427.50 0 0 0.8214 -1.0000 0.000000
780.00 C 20261120 0.00 2.17 0 23 0.7537 0.0026 0.000100
780.00 P 20261120 433.00 437.50 0 0 0.8326 -1.0000 0.000000
790.00 C 20261120 0.00 1.72 2 121 0.7391 0.0025 0.000100
790.00 P 20261120 442.75 447.50 0 0 0.8438 -1.0000 0.000000
800.00 C 20261120 0.03 0.15 1 6251 0.5830 0.0024 0.000100
800.00 P 20261120 452.65 457.50 0 0 0.8548 -1.0000 0.000000
50.00 C 20261218 293.00 298.00 0 2562 -1.0000 1.0000 0.000000
50.00 P 20261218 0.00 0.50 0 500 1.4107 -0.0002 0.000000
55.00 C 20261218 288.00 292.65 0 47 -1.0000 0.9999 0.000000
55.00 P 20261218 0.00 0.55 0 72 1.3565 -0.0003 0.000000
60.00 C 20261218 283.00 288.00 0 60 1.0820 0.9999 0.000000
60.00 P 20261218 0.00 0.03 0 148 0.9747 -0.0003 0.000000
65.00 C 20261218 278.00 283.00 0 702 1.0888 0.9999 0.000000
65.00 P 20261218 0.00 5.00 0 571 1.7413 -0.0004 0.000000
70.00 C 20261218 273.05 278.00 0 129 -1.0000 0.9998 0.000000
70.00 P 20261218 0.00 5.00 0 414 1.6646 -0.0004 0.000000
75.00 C 20261218 268.10 273.00 0 128 0.9104 0.9998 0.000000
75.00 P 20261218 0.00 1.00 0 84 1.2214 -0.0004 0.000000
80.00 C 20261218 263.05 268.00 0 47 -1.0000 0.9998 0.000000
80.00 P 20261218 0.00 5.00 0 270 1.5283 -0.0005 0.000000
85.00 C 20261218 258.50 263.00 0 52 -1.0000 0.9997 0.000000
85.00 P 20261218 0.01 0.02 0 742 0.7840 -0.0005 0.000000
90.00 C 20261218 253.50 258.50 0 52 -1.0000 0.9996 0.000000
90.00 P 20261218 0.00 0.03 0 297 0.7530 -0.0006 0.000000
95.00 C 20261218 248.50 253.15 0 191 0.8055 0.9995 0.000000
95.00 P 20261218 0.00 0.03 0 1763 1.0313 -0.0007 0.000000
100.00 C 20261218 243.50 248.50 0 487 0.6866 0.9994 0.000000
100.00 P 20261218 0.01 0.04 0 1012 0.7252 -0.0008 0.000000
105.00 C 20261218 238.55 243.50 0 342 0.8132 0.9993 0.000000
105.00 P 20261218 0.01 0.05 0 1170 0.7085 -0.0009 0.000000
110.00 C 20261218 233.55 238.50 0 83 0.7269 0.9992 0.000000
110.00 P 20261218 0.00 2.17 2 1512 1.0415 -0.0010 0.000000
115.00 C 20261218 228.60 233.50 0 124 0.6362 0.9990 0.000000
115.00 P 20261218 0.01 0.08 3 347 0.6807 -0.0012 0.000000
120.00 C 20261218 223.65 228.50 0 357 0.5540 0.9989 0.000000
120.00 P 20261218 0.01 0.08 0 2269 0.6556 -0.0014 0.000000
125.00 C 20261218 219.20 223.70 0 120 0.7320 0.9987 0.000000
125.00 P 20261218 0.03 0.77 1 1297 0.8044 -0.0016 0.000000
130.00 C 20261218 214.00 218.90 0 445 -1.0000 0.9984 0.000000
130.00 P 20261218 0.02 0.35 6 3912 0.7044 -0.0018 0.000000
135.00 C 20261218 209.00 213.70 0 297 0.5831 0.9982 0.000000
135.00 P 20261218 0.05 0.10 0 877 0.6158 -0.0021 0.000000
140.00 C 20261218 204.40 208.85 0 556 0.6774 0.9979 0.000100
140.00 P 20261218 0.05 0.58 9 2701 0.6987 -0.0024 0.000100
145.00 C 20261218 199.05 204.00 0 292 0.5881 0.9975 0.000100
145.00 P 20261218 0.02 0.10 9 725 0.5594 -0.0027 0.000100
150.00 C 20261218 194.60 199.00 0 369 0.5823 0.9972 0.000100
150.00 P 20261218 0.03 0.40 0 3313 0.6193 -0.0031 0.000100
155.00 C 20261218 189.50 194.10 0 675 0.4847 0.9967 0.000100
155.00 P 20261218 0.02 0.15 0 1988 0.5376 -0.0036 0.000100
160.00 C 20261218 184.75 189.50 0 592 0.5725 0.9962 0.000100
160.00 P 20261218 0.00 0.64 6 8795 0.6046 -0.0040 0.000100
165.00 C 20261218 179.85 183.95 3 602 0.5348 0.9957 0.000100
165.00 P 20261218 0.00 0.19 0 1048 0.5045 -0.0046 0.000100
170.00 C 20261218 174.95 179.05 0 762 0.5249 0.9950 0.000100
170.00 P 20261218 0.00 0.58 0 7137 0.5542 -0.0052 0.000100
175.00 C 20261218 169.55 174.50 0 894 0.4651 0.9943 0.000200
175.00 P 20261218 0.00 0.27 0 1320 0.4861 -0.0060 0.000200
180.00 C 20261218 164.65 169.50 0 612 0.4710 0.9935 0.000200
180.00 P 20261218 0.20 0.28 0 658 0.5012 -0.0068 0.000200
185.00 C 20261218 160.00 164.90 0 2285 0.4626 0.9926 0.000200
185.00 P 20261218 0.10 1.23 0 568 0.5099 -0.0077 0.000200
190.00 C 20261218 155.00 160.00 0 1456 0.4775 0.9915 0.000200
190.00 P 20261218 0.27 0.35 0 1266 0.4795 -0.0088 0.000200
195.00 C 20261218 150.00 154.60 0 753 0.4124 0.9903 0.000300
195.00 P 20261218 0.00 0.50 0 695 0.4479 -0.0100 0.000300
200.00 C 20261218 145.15 150.00 13 2818 0.4468 0.9889 0.000300
200.00 P 20261218 0.17 0.50 64 3849 0.4476 -0.0114 0.000300
205.00 C 20261218 140.70 145.20 0 318 0.4338 0.9872 0.000400
205.00 P 20261218 0.35 1.45 0 1673 0.5002 -0.0132 0.000400
210.00 C 20261218 135.80 140.50 12 544 0.4481 0.9853 0.000400
210.00 P 20261218 0.05 0.96 68 1045 0.4376 -0.0151 0.000400
215.00 C 20261218 130.95 135.45 0 1810 0.4178 0.9830 0.000500
215.00 P 20261218 0.00 2.14 0 930 0.4753 -0.0174 0.000500
220.00 C 20261218 126.15 130.80 0 725 0.4543 0.9803 0.000600
220.00 P 20261218 0.51 0.87 0 1258 0.4224 -0.0201 0.000600
225.00 C 20261218 121.30 125.65 3 398 0.4053 0.9772 0.000700
225.00 P 20261218 0.53 1.72 11 696 0.4409 -0.0232 0.000700
230.00 C 20261218 116.05 121.00 0 636 0.4188 0.9735 0.000800
230.00 P 20261218 0.79 0.99 1 2059 0.4042 -0.0270 0.000800
235.00 C 20261218 111.50 116.10 10 429 0.4023 0.9692 0.000900
235.00 P 20261218 0.51 1.55 2 1856 0.3966 -0.0314 0.000900
240.00 C 20261218 106.95 111.35 0 1011 0.3987 0.9642 0.001000
240.00 P 20261218 0.80 2.89 0 2102 0.4264 -0.0365 0.001000
245.00 C 20261218 102.20 106.35 1 583 0.3833 0.9582 0.001200
245.00 P 20261218 0.90 2.46 0 1492 0.3987 -0.0424 0.001200
250.00 C 20261218 97.10 102.00 0 2451 0.3870 0.9514 0.001400
250.00 P 20261218 1.40 1.90 13 5089 0.3786 -0.0493 0.001400
255.00 C 20261218 92.55 97.40 0 1780 0.3817 0.9434 0.001600
255.00 P 20261218 1.46 4.10 1 620 0.4075 -0.0574 0.001600
260.00 C 20261218 88.00 92.85 0 1486 0.3767 0.9343 0.001800
260.00 P 20261218 0.57 4.40 3 2412 0.3767 -0.0666 0.001800
265.00 C 20261218 83.80 88.40 0 972 0.3630 0.9239 0.002000
265.00 P 20261218 1.74 3.50 4 1890 0.3623 -0.0771 0.002000
270.00 C 20261218 79.30 83.30 1 2042 0.3580 0.9121 0.002200
270.00 P 20261218 2.24 4.00 23 4101 0.3596 -0.0891 0.002300
275.00 C 20261218 74.90 79.50 1 29 0.3594 0.8988 0.002500
275.00 P 20261218 2.85 5.80 7 2254 0.3741 -0.1028 0.002600
280.00 C 20261218 70.60 74.65 2 1890 0.3521 0.8840 0.002800
280.00 P 20261218 4.10 5.80 7 4580 0.3697 -0.1178 0.002800
285.00 C 20261218 66.40 70.45 0 583 0.3495 0.8677 0.003100
285.00 P 20261218 2.95 7.20 1 1123 0.3512 -0.1342 0.003200
290.00 C 20261218 62.30 66.40 7 2573 0.3476 0.8497 0.003400
290.00 P 20261218 3.75 7.30 12 6459 0.3402 -0.1525 0.003500
295.00 C 20261218 58.85 62.60 0 29 0.3502 0.8301 0.003700
295.00 P 20261218 5.50 8.95 14 854 0.3534 -0.1725 0.003800
300.00 C 20261218 56.00 58.55 5 17865 0.3578 0.8089 0.004000
300.00 P 20261218 7.65 10.00 453 7863 0.3608 -0.1940 0.004100
305.00 C 20261218 50.65 54.80 3 2408 0.3410 0.7863 0.004300
305.00 P 20261218 7.00 11.20 7 2693 0.3415 -0.2172 0.004400
310.00 C 20261218 47.00 51.10 4 15363 0.3382 0.7622 0.004600
310.00 P 20261218 10.10 10.95 56 3272 0.3412 -0.2423 0.004700
315.00 C 20261218 43.50 47.80 0 789 0.3378 0.7367 0.004900
315.00 P 20261218 9.80 14.00 25 2667 0.3378 -0.2680 0.005000
320.00 C 20261218 40.20 44.50 4 3796 0.3368 0.7100 0.005200
320.00 P 20261218 11.60 14.50 31 7220 0.3289 -0.2959 0.005300
325.00 C 20261218 37.00 41.15 27 1510 0.3340 0.6823 0.005400
325.00 P 20261218 13.15 17.40 17 2333 0.3345 -0.3239 0.005600
330.00 C 20261218 35.65 38.10 92 2145 0.3442 0.6538 0.005600
330.00 P 20261218 15.15 18.70 14 5282 0.3293 -0.3534 0.005800
335.00 C 20261218 31.70 34.80 2 1163 0.3326 0.6245 0.005800
335.00 P 20261218 17.25 21.45 6 2109 0.3326 -0.3837 0.006000
340.00 C 20261218 30.10 31.70 160 2595 0.3364 0.5947 0.005900
340.00 P 20261218 21.25 22.50 35 2289 0.3357 -0.4146 0.006200
345.00 C 20261218 25.90 30.00 44 1347 0.3303 0.5647 0.006000
345.00 P 20261218 22.95 25.05 7 1882 0.3302 -0.4459 0.006300
350.00 C 20261218 25.05 27.15 75 3912 0.3365 0.5346 0.006100
350.00 P 20261218 25.80 28.30 7 5817 0.3352 -0.4773 0.006400
355.00 C 20261218 22.95 25.30 122 1333 0.3392 0.5047 0.006100
355.00 P 20261218 28.15 30.60 1 913 0.3291 -0.5087 0.006400
360.00 C 20261218 20.20 22.00 64 2978 0.3267 0.4751 0.006100
360.00 P 20261218 31.10 33.60 9 1132 0.3292 -0.5399 0.006500
365.00 C 20261218 17.35 20.30 57 1443 0.3164 0.4461 0.006100
365.00 P 20261218 33.30 37.50 0 1707 0.3285 -0.5707 0.006500
370.00 C 20261218 15.70 18.40 156 3324 0.3217 0.4177 0.006000
370.00 P 20261218 36.50 41.00 0 916 0.3281 -0.6008 0.006400
375.00 C 20261218 13.85 17.00 38 2585 0.3217 0.3902 0.005900
375.00 P 20261218 40.00 43.85 25 432 0.3268 -0.6303 0.006300
380.00 C 20261218 14.15 15.50 63 4699 0.3336 0.3636 0.005800
380.00 P 20261218 43.50 47.65 1 1320 0.3285 -0.6589 0.006200
385.00 C 20261218 11.75 14.90 6 2298 0.3326 0.3381 0.005600
385.00 P 20261218 47.00 51.85 0 279 0.3273 -0.6864 0.006100
390.00 C 20261218 11.55 14.00 24 6481 0.3427 0.3138 0.005400
390.00 P 20261218 51.25 55.15 0 448 0.3303 -0.7130 0.006000
395.00 C 20261218 8.60 12.35 14 1841 0.3269 0.2907 0.005300
395.00 P 20261218 54.50 59.50 0 599 0.3236 -0.7383 0.005800
400.00 C 20261218 9.00 10.00 253 12536 0.3284 0.2688 0.005000
400.00 P 20261218 60.60 63.00 63 947 0.3447 -0.7625 0.005600
405.00 C 20261218 7.45 10.35 7 1552 0.3345 0.2482 0.004800
405.00 P 20261218 62.95 67.10 0 273 0.3286 -0.7854 0.005400
410.00 C 20261218 5.90 10.00 48 3205 0.3337 0.2289 0.004600
410.00 P 20261218 67.20 71.30 0 91 0.3290 -0.8068 0.005200
415.00 C 20261218 5.00 9.25 33 5869 0.3337 0.2108 0.004400
415.00 P 20261218 71.00 75.65 0 225 0.3294 -0.8272 0.005000
420.00 C 20261218 4.65 8.55 22 1512 0.3379 0.1940 0.004200
420.00 P 20261218 75.50 80.00 0 46 0.3287 -0.8462 0.004700
425.00 C 20261218 4.10 7.95 465 1958 0.3401 0.1783 0.003900
425.00 P 20261218 80.10 85.00 0 15 0.3263 -0.8639 0.004500
430.00 C 20261218 3.05 5.80 39 2473 0.3196 0.1637 0.003700
430.00 P 20261218 84.55 89.05 0 318 0.3299 -0.8805 0.004300
435.00 C 20261218 3.00 6.85 3 548 0.3424 0.1503 0.003500
435.00 P 20261218 89.10 94.00 0 44 0.3306 -0.8959 0.004000
440.00 C 20261218 3.55 5.05 27 1108 0.3400 0.1378 0.003300
440.00 P 20261218 93.80 98.50 0 4 0.3338 -0.9102 0.003900
445.00 C 20261218 1.71 5.90 11 705 0.3393 0.1264 0.003100
445.00 P 20261218 98.50 103.50 0 0 0.3299 -0.9237 0.003700
450.00 C 20261218 3.05 5.60 75 3292 0.3628 0.1158 0.002900
450.00 P 20261218 103.50 108.00 0 33 0.3359 -0.9360 0.003500
455.00 C 20261218 2.15 4.70 0 670 0.3508 0.1061 0.002700
455.00 P 20261218 108.10 113.00 0 2 0.3265 -0.9472 0.003200
460.00 C 20261218 2.66 4.35 60 2543 0.3629 0.0972 0.002500
460.00 P 20261218 113.15 117.90 0 0 0.3345 -0.9577 0.003000
465.00 C 20261218 0.77 4.70 2 859 0.3509 0.0890 0.002400
465.00 P 20261218 118.00 123.00 0 0 0.3345 -0.9667 0.002600
470.00 C 20261218 0.59 4.45 49 3119 0.3536 0.0815 0.002200
470.00 P 20261218 123.00 127.50 0 0 0.3440 -0.9745 0.002300
475.00 C 20261218 0.37 4.20 108 673 0.3549 0.0746 0.002000
475.00 P 20261218 128.00 132.50 0 0 0.3533 -0.9811 0.001900
480.00 C 20261218 0.23 4.00 22 3222 0.3578 0.0683 0.001900
480.00 P 20261218 132.85 137.50 0 1 0.3625 -0.9864 0.001500
485.00 C 20261218 0.55 2.84 91 866 0.3500 0.0626 0.001800
485.00 P 20261218 137.85 142.50 0 0 -1.0000 -0.9906 0.001100
490.00 C 20261218 0.70 2.96 183 2694 0.3643 0.0572 0.001600
490.00 P 20261218 142.80 147.50 0 0 0.3776 -0.9938 0.000800
495.00 C 20261218 0.27 2.52 2 404 0.3532 0.0524 0.001500
495.00 P 20261218 148.00 152.50 0 0 0.3864 -0.9964 0.000600
500.00 C 20261218 1.20 2.21 25 2809 0.3752 0.0481 0.001400
500.00 P 20261218 153.00 157.50 0 0 0.3981 -0.9976 0.000400
505.00 C 20261218 0.15 3.15 0 281 0.3809 0.0440 0.001300
505.00 P 20261218 158.00 162.50 0 0 0.4067 -0.9986 0.000200
510.00 C 20261218 0.00 2.25 102 2188 0.3621 0.0405 0.001200
510.00 P 20261218 163.00 167.50 0 0 0.4152 -0.9993 0.000100
515.00 C 20261218 0.45 2.85 0 969 0.3965 0.0371 0.001100
515.00 P 20261218 168.00 172.50 0 0 0.4236 -0.9998 0.000000
520.00 C 20261218 0.00 2.29 1 2586 0.3781 0.0340 0.001100
520.00 P 20261218 173.00 177.50 0 0 0.4318 -1.0000 0.000000
525.00 C 20261218 0.45 2.62 7 2545 0.4061 0.0313 0.001000
525.00 P 20261218 178.00 182.50 0 0 0.4400 -1.0000 0.000000
530.00 C 20261218 0.00 2.05 10 3097 0.3849 0.0288 0.000900
530.00 P 20261218 183.00 187.50 0 0 0.4481 -1.0000 0.000000
535.00 C 20261218 0.25 2.00 0 139 0.4041 0.0265 0.000800
535.00 P 20261218 187.90 192.50 0 0 0.4561 -1.0000 0.000000
540.00 C 20261218 0.00 1.00 1 2654 0.3570 0.0245 0.000800
540.00 P 20261218 192.80 197.50 0 0 -1.0000 -1.0000 0.000000
545.00 C 20261218 0.00 2.19 0 1020 0.4098 0.0226 0.000700
545.00 P 20261218 198.00 202.50 0 0 0.4718 -1.0000 0.000000
550.00 C 20261218 0.00 1.97 0 3129 0.4093 0.0208 0.000700
550.00 P 20261218 203.00 207.50 0 0 0.4795 -1.0000 0.000000
555.00 C 20261218 0.00 0.68 0 420 0.3566 0.0192 0.000600
555.00 P 20261218 207.90 212.50 0 0 0.4871 -1.0000 0.000000
560.00 C 20261218 0.00 5.00 0 2600 0.4192 0.0178 0.000600
560.00 P 20261218 213.00 217.50 0 0 0.4946 -1.0000 0.000000
565.00 C 20261218 0.00 5.00 0 123 0.4251 0.0166 0.000600
565.00 P 20261218 218.00 222.50 0 0 0.5021 -1.0000 0.000000
570.00 C 20261218 0.00 1.87 0 95 0.4316 0.0154 0.000500
570.00 P 20261218 223.00 227.50 0 0 0.5095 -1.0000 0.000000
575.00 C 20261218 0.00 0.55 120 865 0.3694 0.0143 0.000500
575.00 P 20261218 228.00 232.50 0 0 0.5168 -1.0000 0.000000
580.00 C 20261218 0.00 0.93 39 133 0.4011 0.0133 0.000400
580.00 P 20261218 233.00 237.50 0 0 0.5240 -1.0000 0.000000
590.00 C 20261218 0.00 1.62 0 212 0.4461 0.0116 0.000400
590.00 P 20261218 243.00 247.50 0 0 0.5382 -1.0000 0.000000
600.00 C 20261218 0.10 0.25 13 814 0.3758 0.0102 0.000400
600.00 P 20261218 253.00 257.50 0 0 0.5342 -1.0000 0.000000
610.00 C 20261218 0.00 0.22 12 2569 0.3670 0.0091 0.000300
610.00 P 20261218 263.00 267.50 0 0 0.5658 -1.0000 0.000000
620.00 C 20261218 0.00 0.23 13 359 0.3780 0.0081 0.000300
620.00 P 20261218 272.65 277.50 0 0 0.5793 -1.0000 0.000000
630.00 C 20261218 0.10 2.28 7 635 0.5203 0.0073 0.000200
630.00 P 20261218 282.90 287.50 0 0 0.5925 -1.0000 0.000000
640.00 C 20261218 0.00 2.26 1 243 0.5271 0.0066 0.000200
640.00 P 20261218 293.00 297.50 0 0 0.6054 -1.0000 0.000000
650.00 C 20261218 0.01 1.23 0 83 0.4934 0.0060 0.000200
650.00 P 20261218 303.00 307.50 0 0 0.6182 -1.0000 0.000000
660.00 C 20261218 0.00 2.22 0 160 0.5469 0.0055 0.000200
660.00 P 20261218 312.95 317.50 0 0 0.6307 -1.0000 0.000000
670.00 C 20261218 0.00 0.96 0 31 0.4960 0.0051 0.000200
670.00 P 20261218 322.65 327.50 0 0 0.6430 -1.0000 0.000000
680.00 C 20261218 0.00 1.35 0 29 0.5284 0.0047 0.000200
680.00 P 20261218 332.85 337.50 0 0 0.6551 -1.0000 0.000000
690.00 C 20261218 0.00 1.15 0 22 0.5267 0.0044 0.000100
690.00 P 20261218 342.85 347.50 0 0 -1.0000 -1.0000 0.000000
700.00 C 20261218 0.00 1.12 1 64 0.5341 0.0041 0.000100
700.00 P 20261218 352.75 357.50 0 0 0.6787 -1.0000 0.000000
710.00 C 20261218 0.00 1.13 0 170 0.5439 0.0038 0.000100
710.00 P 20261218 362.65 367.50 0 0 0.6901 -1.0000 0.000000
720.00 C 20261218 0.00 2.17 0 193 0.6042 0.0036 0.000100
720.00 P 20261218 372.65 377.50 0 0 0.7013 -1.0000 0.000000
730.00 C 20261218 0.00 0.91 0 112 0.5461 0.0034 0.000100
730.00 P 20261218 382.65 387.50 0 0 0.7123 -1.0000 0.000000
740.00 C 20261218 0.00 0.55 0 43 0.5229 0.0032 0.000100
740.00 P 20261218 393.00 397.35 0 0 -1.0000 -1.0000 0.000000
750.00 C 20261218 0.00 2.16 37 83 0.6310 0.0031 0.000100
750.00 P 20261218 402.75 407.50 0 0 0.7201 -1.0000 0.000000
760.00 C 20261218 0.00 1.03 1 13 0.5798 0.0029 0.000100
760.00 P 20261218 413.05 417.50 0 0 -1.0000 -1.0000 0.000000
770.00 C 20261218 0.00 1.04 1 20 0.5886 0.0027 0.000100
770.00 P 20261218 422.95 427.50 0 0 -1.0000 -1.0000 0.000000
780.00 C 20261218 0.00 0.18 2 64 0.4948 0.0026 0.000100
780.00 P 20261218 432.95 437.50 0 0 -1.0000 -1.0000 0.000000
790.00 C 20261218 0.00 0.16 2 349 0.4964 0.0025 0.000100
790.00 P 20261218 442.65 447.50 0 0 0.7751 -1.0000 0.000000
800.00 C 20261218 0.00 0.15 0 859 0.5002 0.0024 0.000100
800.00 P 20261218 453.00 457.50 0 0 0.7851 -1.0000 0.000000
5.00 C 20270115 337.50 342.50 0 3215 -1.0000 1.0000 0.000000
5.00 P 20270115 0.00 0.01 0 326 2.0260 -0.0001 0.000000
10.00 C 20270115 332.50 337.50 0 7 1.3909 1.0000 0.000000
10.00 P 20270115 0.00 0.15 0 208 2.1079 -0.0002 0.000000
15.00 C 20270115 327.50 332.50 0 4 2.0141 1.0000 0.000000
15.00 P 20270115 0.00 0.20 0 11 1.9008 -0.0003 0.000000
20.00 C 20270115 322.50 327.50 0 5 1.6986 1.0000 0.000000
20.00 P 20270115 0.00 0.01 0 223 1.3272 -0.0003 0.000000
25.00 C 20270115 317.55 322.50 0 11 1.5667 1.0000 0.000000
25.00 P 20270115 0.00 0.01 0 8 1.2202 -0.0004 0.000000
30.00 C 20270115 312.60 317.50 0 2 1.4119 1.0000 0.000000
30.00 P 20270115 0.00 0.30 0 38 1.5235 -0.0004 0.000000
35.00 C 20270115 307.75 312.50 0 1 1.2564 1.0000 0.000000
35.00 P 20270115 0.00 0.35 0 20 1.4490 -0.0004 0.000000
40.00 C 20270115 303.00 308.00 0 7 -1.0000 1.0000 0.000000
40.00 P 20270115 0.00 0.38 0 8 1.3753 -0.0004 0.000000
45.00 C 20270115 298.00 303.00 0 4 1.2795 1.0000 0.000000
45.00 P 20270115 0.00 0.45 0 18 1.3248 -0.0005 0.000000
50.00 C 20270115 293.00 298.00 0 555 1.1507 1.0000 0.000000
50.00 P 20270115 0.00 0.19 0 354 1.1424 -0.0005 0.000000
55.00 C 20270115 288.05 293.00 0 219 1.0774 1.0000 0.000000
55.00 P 20270115 0.00 0.15 0 78 1.0609 -0.0005 0.000000
60.00 C 20270115 283.10 288.00 0 167 0.9100 1.0000 0.000000
60.00 P 20270115 0.00 0.20 0 188 1.0406 -0.0006 0.000000
65.00 C 20270115 278.50 283.50 0 739 -1.0000 0.9999 0.000000
65.00 P 20270115 0.00 1.02 0 114 1.2058 -0.0006 0.000000
70.00 C 20270115 273.50 278.15 0 104 -1.0000 0.9999 0.000000
70.00 P 20270115 0.00 0.15 0 1443 0.9233 -0.0006 0.000000
75.00 C 20270115 268.50 273.50 0 227 0.9156 0.9998 0.000000
75.00 P 20270115 0.00 0.20 0 448 0.9102 -0.0007 0.000000
80.00 C 20270115 263.50 268.50 0 59 0.8651 0.9998 0.000000
80.00 P 20270115 0.00 0.20 0 243 0.8727 -0.0008 0.000000
85.00 C 20270115 258.55 263.50 0 45 0.8165 0.9997 0.000000
85.00 P 20270115 0.00 0.20 0 552 0.8377 -0.0009 0.000000
90.00 C 20270115 253.65 258.50 0 84 0.6714 0.9996 0.000000
90.00 P 20270115 0.00 0.46 4 2299 0.8822 -0.0010 0.000000
95.00 C 20270115 249.00 253.70 0 95 -1.0000 0.9995 0.000000
95.00 P 20270115 0.00 0.26 2 843 0.7952 -0.0011 0.000000
100.00 C 20270115 244.00 249.00 0 413 -1.0000 0.9993 0.000000
100.00 P 20270115 0.01 0.21 2 5239 0.7515 -0.0012 0.000000
105.00 C 20270115 239.00 243.95 0 67 0.7458 0.9992 0.000000
105.00 P 20270115 0.01 0.38 3 558 0.7704 -0.0014 0.000000
110.00 C 20270115 234.05 239.00 0 165 0.7101 0.9990 0.000000
110.00 P 20270115 0.01 0.10 1 1304 0.6500 -0.0016 0.000000
115.00 C 20270115 229.15 234.00 0 168 0.6382 0.9988 0.000000
115.00 P 20270115 0.05 0.32 2 1626 0.7103 -0.0018 0.000000
120.00 C 20270115 224.50 229.50 0 163 0.5671 0.9986 0.000000
120.00 P 20270115 0.05 0.12 8 4923 0.6293 -0.0020 0.000000
125.00 C 20270115 219.50 224.25 0 140 -1.0000 0.9983 0.000000
125.00 P 20270115 0.01 0.12 0 2309 0.5904 -0.0023 0.000000
130.00 C 20270115 214.50 219.50 0 291 0.6211 0.9980 0.000100
130.00 P 20270115 0.01 0.40 2 5494 0.6436 -0.0026 0.000100
135.00 C 20270115 209.60 214.50 0 159 0.6034 0.9976 0.000100
135.00 P 20270115 0.10 0.15 304 2145 0.5865 -0.0029 0.000100
140.00 C 20270115 204.60 209.50 0 297 0.5638 0.9973 0.000100
140.00 P 20270115 0.10 0.30 1 4876 0.5964 -0.0033 0.000100
145.00 C 20270115 200.15 204.50 0 289 0.5933 0.9968 0.000100
145.00 P 20270115 0.10 0.21 0 1731 0.5582 -0.0037 0.000100
150.00 C 20270115 195.25 199.75 0 4710 0.5680 0.9963 0.000100
150.00 P 20270115 0.15 0.39 6 7687 0.5750 -0.0042 0.000100
155.00 C 20270115 190.05 195.00 5 1049 0.5692 0.9958 0.000100
155.00 P 20270115 0.00 0.25 0 7243 0.5062 -0.0048 0.000100
160.00 C 20270115 185.45 190.00 0 1155 0.5662 0.9951 0.000100
160.00 P 20270115 0.18 0.22 0 3293 0.5149 -0.0054 0.000100
165.00 C 20270115 180.55 185.00 0 1222 0.5384 0.9944 0.000200
165.00 P 20270115 0.00 1.90 2 1341 0.6182 -0.0062 0.000200
170.00 C 20270115 175.50 180.00 0 1426 0.4661 0.9936 0.000200
170.00 P 20270115 0.00 0.32 0 812 0.4653 -0.0070 0.000200
175.00 C 20270115 170.50 175.50 0 1617 0.5036 0.9927 0.000200
175.00 P 20270115 0.25 0.58 0 7425 0.5062 -0.0079 0.000200
180.00 C 20270115 165.50 170.45 0 1431 0.5060 0.9916 0.000200
180.00 P 20270115 0.00 1.15 0 3810 0.5114 -0.0090 0.000200
185.00 C 20270115 160.60 165.50 0 706 0.4576 0.9904 0.000300
185.00 P 20270115 0.00 0.88 0 1097 0.4732 -0.0102 0.000300
190.00 C 20270115 156.00 160.85 2 792 0.4377 0.9890 0.000300
190.00 P 20270115 0.00 0.86 1 2467 0.4538 -0.0117 0.000300
195.00 C 20270115 151.00 155.80 0 685 0.4640 0.9874 0.000400
195.00 P 20270115 0.05 1.05 0 657 0.4525 -0.0133 0.000400
200.00 C 20270115 146.50 150.30 11 5377 0.4120 0.9855 0.000400
200.00 P 20270115 0.25 0.80 15 11478 0.4320 -0.0152 0.000400
205.00 C 20270115 141.65 146.40 0 569 0.4361 0.9834 0.000400
205.00 P 20270115 0.00 2.74 37 1917 0.4886 -0.0173 0.000500
210.00 C 20270115 136.65 141.50 1 1407 0.4376 0.9809 0.000500
210.00 P 20270115 0.00 0.85 21 1488 0.3859 -0.0198 0.000500
215.00 C 20270115 131.70 136.50 0 1077 0.4083 0.9780 0.000600
215.00 P 20270115 0.00 2.48 0 615 0.4423 -0.0228 0.000600
220.00 C 20270115 127.20 131.25 1 2644 0.3966 0.9747 0.000700
220.00 P 20270115 0.00 1.96 28 2179 0.4062 -0.0262 0.000700
225.00 C 20270115 122.45 127.00 0 1495 0.3937 0.9708 0.000800
225.00 P 20270115 0.61 1.49 2 2560 0.3942 -0.0301 0.000800
230.00 C 20270115 117.70 121.90 7 1489 0.3874 0.9664 0.000900
230.00 P 20270115 0.22 2.29 2 3685 0.3904 -0.0346 0.000900
235.00 C 20270115 113.00 117.40 0 1046 0.3907 0.9612 0.001000
235.00 P 20270115 0.45 2.74 0 1347 0.3919 -0.0399 0.001000
240.00 C 20270115 108.10 113.00 0 2257 0.3895 0.9552 0.001200
240.00 P 20270115 1.00 2.91 3 5555 0.3914 -0.0459 0.001200
245.00 C 20270115 103.70 107.80 0 1368 0.3714 0.9484 0.001300
245.00 P 20270115 1.50 2.89 1 2394 0.3840 -0.0528 0.001300
250.00 C 20270115 99.75 103.45 11 11968 0.3855 0.9407 0.001500
250.00 P 20270115 1.85 4.40 22 10815 0.3996 -0.0607 0.001500
255.00 C 20270115 94.55 98.55 4 2402 0.3627 0.9319 0.001600
255.00 P 20270115 1.35 4.45 5 2630 0.3737 -0.0696 0.001700
260.00 C 20270115 90.05 94.15 1 2872 0.3602 0.9220 0.001800
260.00 P 20270115 1.39 5.20 3 4837 0.3679 -0.0797 0.001900
265.00 C 20270115 85.65 90.30 33 4937 0.3566 0.9109 0.002100
265.00 P 20270115 2.04 5.70 6 8548 0.3656 -0.0912 0.002100
270.00 C 20270115 81.30 85.95 0 2330 0.3534 0.8985 0.002300
270.00 P 20270115 2.53 6.30 87 3957 0.3612 -0.1036 0.002300
275.00 C 20270115 77.10 81.35 1 2687 0.3544 0.8849 0.002500
275.00 P 20270115 4.05 6.95 45 3045 0.3673 -0.1175 0.002600
280.00 C 20270115 73.55 76.95 3 2871 0.3559 0.8700 0.002800
280.00 P 20270115 4.00 5.85 10 7851 0.3349 -0.1330 0.002800
285.00 C 20270115 69.75 73.00 20 694 0.3570 0.8537 0.003000
285.00 P 20270115 5.15 8.50 95 4920 0.3548 -0.1495 0.003100
290.00 C 20270115 64.90 68.90 2 2305 0.3450 0.8360 0.003300
290.00 P 20270115 5.20 8.20 28 4313 0.3323 -0.1675 0.003400
295.00 C 20270115 61.40 65.00 2 1304 0.3458 0.8171 0.003500
295.00 P 20270115 6.65 8.80 15 2996 0.3302 -0.1872 0.003600
300.00 C 20270115 58.80 61.20 71 6671 0.3526 0.7970 0.003800
300.00 P 20270115 9.05 10.00 25 15197 0.3392 -0.2080 0.003900
305.00 C 20270115 53.95 57.60 0 1865 0.3413 0.7756 0.004000
305.00 P 20270115 9.10 12.75 26 3706 0.3390 -0.2300 0.004200
310.00 C 20270115 50.10 54.20 2 4492 0.3380 0.7530 0.004300
310.00 P 20270115 10.15 13.70 128 6897 0.3315 -0.2529 0.004400
315.00 C 20270115 46.55 50.70 0 2074 0.3345 0.7295 0.004500
315.00 P 20270115 11.75 15.90 5 4038 0.3346 -0.2776 0.004700
320.00 C 20270115 43.30 47.45 11 3847 0.3331 0.7050 0.004700
320.00 P 20270115 13.40 17.00 133 6450 0.3293 -0.3025 0.004900
325.00 C 20270115 40.15 44.45 4 1685 0.3324 0.6797 0.004900
325.00 P 20270115 15.35 19.45 9 3386 0.3327 -0.3288 0.005100
330.00 C 20270115 38.40 40.95 5 2848 0.3355 0.6538 0.005100
330.00 P 20270115 17.60 20.00 134 11369 0.3240 -0.3562 0.005300
335.00 C 20270115 34.35 38.50 3 1261 0.3293 0.6273 0.005200
335.00 P 20270115 19.35 23.60 60 2275 0.3300 -0.3833 0.005400
340.00 C 20270115 32.70 34.10 662 3418 0.3244 0.6004 0.005400
340.00 P 20270115 22.65 24.30 43 3347 0.3256 -0.4114 0.005600
345.00 C 20270115 30.70 32.30 534 1643 0.3312 0.5734 0.005400
345.00 P 20270115 24.10 27.00 141 1978 0.3207 -0.4398 0.005700
350.00 C 20270115 28.35 30.00 377 20266 0.3313 0.5462 0.005500
350.00 P 20270115 28.55 30.90 95 5695 0.3390 -0.4684 0.005800
355.00 C 20270115 24.50 27.65 15 2057 0.3210 0.5192 0.005600
355.00 P 20270115 29.30 33.65 0 3306 0.3275 -0.4970 0.005900
360.00 C 20270115 24.00 25.10 235 14721 0.3273 0.4924 0.005600
360.00 P 20270115 33.20 35.65 1 3253 0.3266 -0.5255 0.005900
365.00 C 20270115 20.50 24.20 10 2162 0.3244 0.4660 0.005600
365.00 P 20270115 36.30 39.55 39 1137 0.3379 -0.5536 0.005900
370.00 C 20270115 18.85 21.00 75 7534 0.3174 0.4400 0.005500
370.00 P 20270115 40.45 42.35 215 3723 0.3357 -0.5815 0.005900
375.00 C 20270115 17.20 19.25 6 5249 0.3173 0.4147 0.005400
375.00 P 20270115 43.75 46.05 82 1198 0.3380 -0.6088 0.005900
380.00 C 20270115 16.50 18.35 95 11328 0.3266 0.3901 0.005400
380.00 P 20270115 45.20 49.50 68 3760 0.3253 -0.6355 0.005800
385.00 C 20270115 14.00 18.10 23 1352 0.3278 0.3663 0.005200
385.00 P 20270115 48.90 53.05 0 974 0.3260 -0.6615 0.005800
390.00 C 20270115 13.30 16.35 8 10731 0.3297 0.3434 0.005100
390.00 P 20270115 52.35 56.75 0 1185 0.3256 -0.6866 0.005700
395.00 C 20270115 11.65 14.50 10 1996 0.3237 0.3214 0.005000
395.00 P 20270115 56.40 60.20 0 368 0.3239 -0.7110 0.005600
400.00 C 20270115 12.00 12.25 1418 15466 0.3266 0.3004 0.004800
400.00 P 20270115 60.45 64.45 21 1174 0.3274 -0.7343 0.005400
405.00 C 20270115 10.30 12.15 4 3680 0.3291 0.2804 0.004700
405.00 P 20270115 64.45 68.45 0 423 0.3274 -0.7567 0.005300
410.00 C 20270115 8.10 12.25 189 7215 0.3286 0.2614 0.004500
410.00 P 20270115 68.40 72.55 0 542 0.3263 -0.7782 0.005100
415.00 C 20270115 8.70 9.75 405 1085 0.3282 0.2434 0.004300
415.00 P 20270115 72.45 76.65 0 86 0.3261 -0.7985 0.005000
420.00 C 20270115 8.20 10.55 128 3809 0.3434 0.2265 0.004200
420.00 P 20270115 76.50 81.50 1 253 0.3233 -0.8178 0.004800
425.00 C 20270115 5.55 9.75 195 1855 0.3292 0.2105 0.004000
425.00 P 20270115 81.10 85.80 0 108 0.3255 -0.8361 0.004600
430.00 C 20270115 5.10 9.15 15 4011 0.3325 0.1956 0.003800
430.00 P 20270115 85.60 90.00 0 97 0.3264 -0.8533 0.004400
435.00 C 20270115 5.95 6.50 11 1743 0.3284 0.1816 0.003600
435.00 P 20270115 90.00 94.50 0 55 0.3270 -0.8697 0.004200
440.00 C 20270115 5.00 7.95 19 7597 0.3438 0.1684 0.003400
440.00 P 20270115 94.80 98.90 10 119 0.3278 -0.8852 0.004100
445.00 C 20270115 3.75 7.45 0 620 0.3385 0.1562 0.003300
445.00 P 20270115 99.00 103.55 0 9 0.3239 -0.9001 0.004000
450.00 C 20270115 4.25 5.95 123 15339 0.3391 0.1449 0.003100
450.00 P 20270115 103.60 108.50 0 49 0.3334 -0.9138 0.003900
455.00 C 20270115 3.70 5.05 2 1132 0.3339 0.1343 0.002900
455.00 P 20270115 108.50 113.40 0 12 0.3240 -0.9266 0.003700
460.00 C 20270115 3.50 6.20 2 1050 0.3536 0.1244 0.002800
460.00 P 20270115 113.50 118.00 0 11 0.3347 -0.9386 0.003500
465.00 C 20270115 1.57 5.85 1 385 0.3376 0.1153 0.002600
465.00 P 20270115 118.10 123.00 0 5 0.3306 -0.9499 0.003200
470.00 C 20270115 2.07 5.50 1 1071 0.3483 0.1069 0.002500
470.00 P 20270115 123.00 128.00 0 0 0.3307 -0.9598 0.002900
475.00 C 20270115 2.54 4.75 30 2526 0.3538 0.0990 0.002300
475.00 P 20270115 127.95 132.50 0 0 0.3350 -0.9684 0.002600
480.00 C 20270115 1.78 3.55 36 1088 0.3360 0.0918 0.002200
480.00 P 20270115 133.00 137.50 0 0 0.3436 -0.9756 0.002200
485.00 C 20270115 0.74 4.00 0 627 0.3352 0.0851 0.002100
485.00 P 20270115 138.00 142.50 0 0 0.3521 -0.9818 0.001800
490.00 C 20270115 2.17 3.65 97 543 0.3593 0.0788 0.001900
490.00 P 20270115 142.75 147.50 0 0 0.3604 -0.9870 0.001400
495.00 C 20270115 0.42 3.65 0 316 0.3398 0.0730 0.001800
495.00 P 20270115 147.95 152.50 0 0 0.3685 -0.9911 0.001100
500.00 C 20270115 1.80 2.11 104 3665 0.3444 0.0677 0.001700
500.00 P 20270115 153.00 157.50 0 0 0.3766 -0.9943 0.000800
505.00 C 20270115 1.70 4.00 30 680 0.3810 0.0629 0.001600
505.00 P 20270115 157.75 162.50 0 0 0.3845 -0.9961 0.000600
510.00 C 20270115 0.57 3.50 0 1157 0.3617 0.0584 0.001500
510.00 P 20270115 163.00 167.50 0 0 0.3923 -0.9974 0.000400
515.00 C 20270115 0.42 2.43 35 767 0.3444 0.0541 0.001400
515.00 P 20270115 167.80 172.50 0 0 -1.0000 -0.9985 0.000200
520.00 C 20270115 0.46 2.42 125 653 0.3516 0.0504 0.001300
520.00 P 20270115 173.00 177.50 0 0 0.4077 -0.9993 0.000100
525.00 C 20270115 0.82 1.99 8 1584 0.3567 0.0468 0.001300
525.00 P 20270115 178.00 182.50 0 0 0.4152 -0.9999 0.000000
530.00 C 20270115 1.18 1.89 8 1038 0.3692 0.0435 0.001200
530.00 P 20270115 183.00 187.50 0 0 0.4135 -1.0000 0.000000
535.00 C 20270115 0.00 2.95 0 544 0.3730 0.0405 0.001100
535.00 P 20270115 188.00 192.50 0 0 0.4300 -1.0000 0.000000
540.00 C 20270115 0.45 2.84 0 447 0.3872 0.0376 0.001000
540.00 P 20270115 193.00 197.50 0 0 0.4372 -1.0000 0.000000
545.00 C 20270115 0.25 1.87 0 379 0.3642 0.0351 0.001000
545.00 P 20270115 198.00 202.50 0 0 0.4444 -1.0000 0.000000
550.00 C 20270115 0.00 1.00 2 654 0.3301 0.0327 0.000900
550.00 P 20270115 203.00 207.50 0 0 0.4515 -1.0000 0.000000
555.00 C 20270115 0.51 2.54 0 152 0.4005 0.0305 0.000900
555.00 P 20270115 207.90 212.50 0 0 0.4585 -1.0000 0.000000
560.00 C 20270115 0.00 1.05 0 252 0.3433 0.0284 0.000800
560.00 P 20270115 213.00 217.50 0 0 0.4655 -1.0000 0.000000
565.00 C 20270115 0.00 1.77 0 743 0.3768 0.0266 0.000800
565.00 P 20270115 218.00 222.50 0 0 0.4723 -1.0000 0.000000
570.00 C 20270115 0.20 0.71 3 292 0.3471 0.0248 0.000700
570.00 P 20270115 223.00 227.50 0 0 0.4791 -1.0000 0.000000
575.00 C 20270115 0.31 1.49 0 149 0.3892 0.0232 0.000700
575.00 P 20270115 228.00 232.50 0 0 0.4858 -1.0000 0.000000
580.00 C 20270115 0.27 1.91 0 1584 0.4068 0.0217 0.000600
580.00 P 20270115 233.00 237.50 0 0 0.4925 -1.0000 0.000000
590.00 C 20270115 0.19 1.85 0 557 0.4134 0.0191 0.000600
590.00 P 20270115 243.00 247.50 0 0 0.5056 -1.0000 0.000000
600.00 C 20270115 0.40 0.65 96 3328 0.3849 0.0169 0.000500
600.00 P 20270115 252.90 257.50 0 0 -1.0000 -1.0000 0.000000
610.00 C 20270115 0.00 1.78 0 128 0.4254 0.0150 0.000400
610.00 P 20270115 263.00 267.50 0 0 0.5311 -1.0000 0.000000
620.00 C 20270115 0.00 1.76 6 309 0.4348 0.0134 0.000400
620.00 P 20270115 273.00 277.50 0 0 0.5434 -1.0000 0.000000
630.00 C 20270115 0.00 1.49 0 302 0.4340 0.0120 0.000400
630.00 P 20270115 283.00 287.50 0 0 0.5555 -1.0000 0.000000
640.00 C 20270115 0.00 0.90 0 517 0.4144 0.0107 0.000300
640.00 P 20270115 293.00 297.50 0 0 0.5674 -1.0000 0.000000
650.00 C 20270115 0.05 0.40 4 4320 0.3894 0.0097 0.000300
650.00 P 20270115 303.00 307.50 0 0 0.5791 -1.0000 0.000000
660.00 C 20270115 0.00 1.32 0 312 0.4544 0.0088 0.000300
660.00 P 20270115 312.90 317.50 0 0 0.5906 -1.0000 0.000000
670.00 C 20270115 0.00 1.79 0 406 0.4834 0.0080 0.000200
670.00 P 20270115 322.75 327.50 0 0 0.6019 -1.0000 0.000000
680.00 C 20270115 0.02 5.00 0 79 0.4756 0.0074 0.000200
680.00 P 20270115 332.75 337.50 0 0 0.6129 -1.0000 0.000000
690.00 C 20270115 0.00 2.69 0 165 0.5326 0.0068 0.000200
690.00 P 20270115 342.65 347.50 0 0 0.6238 -1.0000 0.000000
700.00 C 20270115 0.01 2.47 0 150 0.5349 0.0063 0.000200
700.00 P 20270115 352.75 357.50 0 0 0.6345 -1.0000 0.000000
710.00 C 20270115 0.00 1.41 0 35 0.5014 0.0058 0.000200
710.00 P 20270115 362.75 367.50 0 0 0.6340 -1.0000 0.000000
720.00 C 20270115 0.00 5.00 0 175 0.5508 0.0054 0.000200
720.00 P 20270115 372.90 377.50 0 0 0.6554 -1.0000 0.000000
730.00 C 20270115 0.00 5.00 0 42 0.6282 0.0050 0.000100
730.00 P 20270115 382.75 387.50 0 0 0.6657 -1.0000 0.000000
740.00 C 20270115 0.00 5.00 0 30 0.5249 0.0047 0.000100
740.00 P 20270115 392.90 397.50 0 0 0.6758 -1.0000 0.000000
750.00 C 20270115 0.00 1.17 0 261 0.5205 0.0044 0.000100
750.00 P 20270115 402.90 407.50 0 0 0.6857 -1.0000 0.000000
760.00 C 20270115 0.00 1.10 0 470 0.5238 0.0042 0.000100
760.00 P 20270115 412.75 417.50 0 0 0.6955 -1.0000 0.000000
770.00 C 20270115 0.00 0.58 1 88 0.4924 0.0040 0.000100
770.00 P 20270115 422.75 427.50 0 0 0.7051 -1.0000 0.000000
780.00 C 20270115 0.00 0.72 2 119 0.5116 0.0037 0.000100
780.00 P 20270115 432.75 437.50 0 0 0.7146 -1.0000 0.000000
790.00 C 20270115 0.00 0.90 2 211 0.5322 0.0035 0.000100
790.00 P 20270115 442.90 447.50 0 0 0.7240 -1.0000 0.000000
800.00 C 20270115 0.05 0.10 517 3269 0.4483 0.0034 0.000100
800.00 P 20270115 452.75 457.50 0 0 0.7277 -1.0000 0.000000
100.00 C 20270219 244.50 249.45 0 0 -1.0000 0.9989 0.000000
100.00 P 20270219 0.00 0.64 6 225 0.7663 -0.0020 0.000000
105.00 C 20270219 239.50 244.50 0 0 0.6606 0.9987 0.000000
105.00 P 20270219 0.00 0.65 2 9 0.7392 -0.0022 0.000000
110.00 C 20270219 234.65 239.50 0 0 0.6311 0.9984 0.000000
110.00 P 20270219 0.00 0.89 6 5 0.7420 -0.0024 0.000000
115.00 C 20270219 229.70 234.50 0 0 0.5351 0.9981 0.000100
115.00 P 20270219 0.00 0.68 2 9 0.6900 -0.0027 0.000100
120.00 C 20270219 225.00 230.00 0 0 -1.0000 0.9978 0.000100
120.00 P 20270219 0.00 1.18 2 11 0.7172 -0.0031 0.000100
125.00 C 20270219 220.00 224.95 0 0 0.5965 0.9974 0.000100
125.00 P 20270219 0.00 0.71 4 5 0.6448 -0.0034 0.000100
130.00 C 20270219 215.05 220.00 0 0 0.5621 0.9970 0.000100
130.00 P 20270219 0.00 1.08 4 9 0.6587 -0.0038 0.000100
135.00 C 20270219 210.20 215.00 0 4 0.5141 0.9965 0.000100
135.00 P 20270219 0.00 0.75 2 8 0.6040 -0.0043 0.000100
140.00 C 20270219 205.50 210.50 0 0 0.4905 0.9960 0.000100
140.00 P 20270219 0.00 0.25 0 28 0.5104 -0.0049 0.000100
145.00 C 20270219 200.55 205.50 0 0 0.5466 0.9954 0.000100
145.00 P 20270219 0.00 0.80 6 93 0.5668 -0.0055 0.000100
150.00 C 20270219 195.55 200.50 0 0 0.4906 0.9947 0.000100
150.00 P 20270219 0.00 1.09 2 156 0.5710 -0.0062 0.000100
155.00 C 20270219 191.00 196.00 0 0 0.4921 0.9939 0.000200
155.00 P 20270219 0.00 1.43 4 3 0.5738 -0.0070 0.000200
160.00 C 20270219 186.00 191.00 0 3 0.5088 0.9930 0.000200
160.00 P 20270219 0.00 0.89 4 0 0.5159 -0.0079 0.000200
165.00 C 20270219 181.05 186.00 0 0 0.4589 0.9920 0.000200
165.00 P 20270219 0.00 1.72 4 5 0.5494 -0.0089 0.000200
170.00 C 20270219 176.15 181.00 0 0 0.4610 0.9908 0.000200
170.00 P 20270219 0.00 0.97 0 8 0.4854 -0.0101 0.000200
175.00 C 20270219 171.50 176.45 0 14 0.4666 0.9895 0.000300
175.00 P 20270219 0.27 0.60 0 12 0.4604 -0.0114 0.000300
180.00 C 20270219 166.55 171.50 1 0 0.4582 0.9880 0.000300
180.00 P 20270219 0.00 1.27 0 105 0.4572 -0.0129 0.000300
185.00 C 20270219 162.00 166.65 0 0 0.4370 0.9863 0.000300
185.00 P 20270219 0.00 5.00 0 0 0.5798 -0.0146 0.000300
190.00 C 20270219 157.00 161.90 3 1 0.4469 0.9844 0.000400
190.00 P 20270219 0.00 3.10 0 7 0.4318 -0.0166 0.000400
195.00 C 20270219 152.10 157.00 0 2 0.4268 0.9821 0.000400
195.00 P 20270219 0.00 2.39 0 6 0.4653 -0.0189 0.000400
200.00 C 20270219 147.50 152.50 0 8 0.4143 0.9796 0.000500
200.00 P 20270219 0.25 2.99 0 21 0.4803 -0.0215 0.000500
205.00 C 20270219 142.65 147.50 1 5 0.4212 0.9766 0.000600
205.00 P 20270219 0.45 2.56 0 9 0.4502 -0.0245 0.000600
210.00 C 20270219 138.00 142.85 0 1 0.4042 0.9733 0.000600
210.00 P 20270219 0.42 1.65 0 43 0.4028 -0.0279 0.000600
215.00 C 20270219 133.10 138.00 0 3 0.4050 0.9694 0.000700
215.00 P 20270219 0.49 3.35 1 58 0.4367 -0.0318 0.000700
220.00 C 20270219 128.50 133.50 0 13 0.4032 0.9650 0.000800
220.00 P 20270219 0.74 5.00 4 51 0.3972 -0.0363 0.000800
225.00 C 20270219 124.00 129.00 0 18 0.3913 0.9600 0.000900
225.00 P 20270219 0.37 3.90 1 1100 0.4120 -0.0413 0.000900
230.00 C 20270219 119.05 124.00 0 15 0.3893 0.9544 0.001000
230.00 P 20270219 1.54 3.55 0 44 0.4111 -0.0471 0.001000
235.00 C 20270219 114.55 119.50 0 2 0.3874 0.9480 0.001200
235.00 P 20270219 0.95 3.35 0 62 0.3706 -0.0537 0.001200
240.00 C 20270219 110.00 114.95 0 0 0.3830 0.9408 0.001300
240.00 P 20270219 0.82 4.80 3 711 0.3859 -0.0611 0.001300
245.00 C 20270219 105.60 110.50 0 0 0.3836 0.9328 0.001400
245.00 P 20270219 1.14 3.35 10 133 0.3501 -0.0691 0.001400
250.00 C 20270219 101.50 106.00 0 126 0.3814 0.9239 0.001600
250.00 P 20270219 3.00 5.70 13 167 0.3964 -0.0782 0.001600
255.00 C 20270219 97.15 102.00 0 140 0.3764 0.9140 0.001800
255.00 P 20270219 3.95 4.80 54 95 0.3793 -0.0883 0.001800
260.00 C 20270219 92.65 97.50 0 66 0.3727 0.9032 0.001900
260.00 P 20270219 2.78 6.80 30 1415 0.3716 -0.0993 0.002000
265.00 C 20270219 88.60 92.70 0 12 0.3672 0.8913 0.002100
265.00 P 20270219 3.20 7.45 10 260 0.3657 -0.1116 0.002200
270.00 C 20270219 84.45 88.50 0 96 0.3643 0.8784 0.002300
270.00 P 20270219 5.40 8.20 9 269 0.3777 -0.1247 0.002400
275.00 C 20270219 80.35 84.50 0 12 0.3624 0.8645 0.002500
275.00 P 20270219 6.65 9.05 10 297 0.3783 -0.1389 0.002600
280.00 C 20270219 76.35 80.50 0 23 0.3599 0.8496 0.002700
280.00 P 20270219 5.75 9.70 10 2020 0.3572 -0.1543 0.002800
285.00 C 20270219 72.45 77.00 0 7 0.3573 0.8336 0.002900
285.00 P 20270219 8.45 9.70 12 753 0.3607 -0.1707 0.003000
290.00 C 20270219 68.70 73.30 0 49 0.3577 0.8167 0.003100
290.00 P 20270219 9.65 10.90 91 1688 0.3598 -0.1881 0.003200
295.00 C 20270219 65.00 69.50 0 7 0.3561 0.7988 0.003300
295.00 P 20270219 9.10 13.30 15 992 0.3535 -0.2066 0.003400
300.00 C 20270219 61.40 66.00 0 145 0.3541 0.7800 0.003500
300.00 P 20270219 11.75 13.40 15 2121 0.3522 -0.2262 0.003600
305.00 C 20270219 57.95 62.10 12 79 0.3515 0.7604 0.003600
305.00 P 20270219 11.90 16.10 46 583 0.3505 -0.2463 0.003800
310.00 C 20270219 55.15 58.40 5 38 0.3515 0.7400 0.003800
310.00 P 20270219 13.45 17.00 39 401 0.3448 -0.2674 0.004000
315.00 C 20270219 51.25 55.50 0 77 0.3482 0.7190 0.004000
315.00 P 20270219 16.35 19.35 8 555 0.3550 -0.2893 0.004200
320.00 C 20270219 48.10 52.35 8 127 0.3466 0.6973 0.004200
320.00 P 20270219 16.95 21.15 57 184 0.3463 -0.3119 0.004300
325.00 C 20270219 45.60 48.90 0 25 0.3470 0.6751 0.004300
325.00 P 20270219 19.45 23.10 10 209 0.3484 -0.3351 0.004500
330.00 C 20270219 42.25 46.50 0 428 0.3448 0.6524 0.004400
330.00 P 20270219 22.20 25.00 105 207 0.3502 -0.3588 0.004600
335.00 C 20270219 39.60 44.05 0 63 0.3450 0.6294 0.004500
335.00 P 20270219 23.20 27.35 39 83 0.3434 -0.3829 0.004800
340.00 C 20270219 37.00 41.15 15 183 0.3440 0.6062 0.004600
340.00 P 20270219 25.50 29.70 19 659 0.3425 -0.4073 0.004900
345.00 C 20270219 35.20 38.00 38 285 0.3435 0.5829 0.004700
345.00 P 20270219 28.60 32.15 1 511 0.3462 -0.4320 0.005000
350.00 C 20270219 32.05 36.20 50 381 0.3419 0.5595 0.004800
350.00 P 20270219 30.60 34.75 6 403 0.3414 -0.4568 0.005000
355.00 C 20270219 29.80 34.05 35 176 0.3419 0.5362 0.004800
355.00 P 20270219 33.30 36.75 2 173 0.3369 -0.4816 0.005100
360.00 C 20270219 27.70 31.90 10 915 0.3416 0.5130 0.004800
360.00 P 20270219 36.00 41.00 0 1191 0.3393 -0.5063 0.005200
365.00 C 20270219 25.75 29.90 6 179 0.3417 0.4901 0.004800
365.00 P 20270219 39.55 44.00 0 217 0.3449 -0.5309 0.005200
370.00 C 20270219 23.75 28.00 11 168 0.3409 0.4675 0.004800
370.00 P 20270219 42.00 47.00 0 48 0.3396 -0.5553 0.005200
375.00 C 20270219 23.05 25.30 15 237 0.3417 0.4453 0.004800
375.00 P 20270219 45.00 49.95 0 13 0.3387 -0.5794 0.005200
380.00 C 20270219 20.30 24.00 10 528 0.3380 0.4236 0.004700
380.00 P 20270219 48.50 53.50 2 36 0.3384 -0.6031 0.005200
385.00 C 20270219 18.65 22.95 6 90 0.3403 0.4024 0.004700
385.00 P 20270219 52.00 57.00 0 6 0.3374 -0.6263 0.005200
390.00 C 20270219 17.25 21.50 369 217 0.3409 0.3817 0.004600
390.00 P 20270219 55.50 60.50 0 17 0.3392 -0.6491 0.005100
395.00 C 20270219 15.85 20.10 33 145 0.3408 0.3617 0.004500
395.00 P 20270219 59.00 63.95 0 3 0.3382 -0.6714 0.005000
400.00 C 20270219 14.60 17.60 127 2262 0.3334 0.3424 0.004400
400.00 P 20270219 63.10 67.30 10 3 0.3378 -0.6929 0.005000
410.00 C 20270219 13.70 15.15 128 632 0.3423 0.3059 0.004200
410.00 P 20270219 70.50 75.45 0 20 0.3382 -0.7343 0.004800
420.00 C 20270219 10.75 14.40 18 324 0.3452 0.2723 0.004000
420.00 P 20270219 79.10 83.25 0 0 0.3415 -0.7726 0.004600
430.00 C 20270219 8.65 10.95 448 474 0.3325 0.2417 0.003800
430.00 P 20270219 87.15 92.00 0 60 0.3392 -0.8083 0.004400
440.00 C 20270219 6.95 11.15 11 272 0.3435 0.2141 0.003500
440.00 P 20270219 96.00 100.35 0 0 0.3359 -0.8407 0.004200
450.00 C 20270219 6.90 9.90 12 1862 0.3542 0.1893 0.003200
450.00 P 20270219 105.00 109.90 0 0 0.3395 -0.8705 0.003900
460.00 C 20270219 4.60 8.75 1 111 0.3462 0.1672 0.003000
460.00 P 20270219 114.20 119.00 0 1 0.3392 -0.8975 0.003700
470.00 C 20270219 4.20 7.00 0 66 0.3452 0.1476 0.002700
470.00 P 20270219 123.50 128.45 0 1 0.3401 -0.9220 0.003500
480.00 C 20270219 2.88 6.65 0 31 0.3460 0.1302 0.002500
480.00 P 20270219 133.15 138.00 0 0 0.3366 -0.9436 0.003200
490.00 C 20270219 2.18 6.40 1 38 0.3518 0.1149 0.002300
490.00 P 20270219 143.00 147.95 0 0 0.3414 -0.9614 0.002700
500.00 C 20270219 1.60 4.75 1 205 0.3409 0.1015 0.002100
500.00 P 20270219 152.75 157.50 0 0 0.3542 -0.9761 0.002000
510.00 C 20270219 2.52 3.90 0 101 0.3557 0.0897 0.001900
510.00 P 20270219 162.75 167.50 0 0 0.3689 -0.9864 0.001400
520.00 C 20270219 2.62 4.95 5 55 0.3836 0.0794 0.001700
520.00 P 20270219 172.95 177.50 0 0 0.3833 -0.9930 0.000900
530.00 C 20270219 1.04 3.80 0 19 0.3598 0.0703 0.001500
530.00 P 20270219 182.75 187.50 0 0 0.3973 -0.9969 0.000400
540.00 C 20270219 0.75 3.80 0 16 0.3675 0.0624 0.001400
540.00 P 20270219 192.75 197.50 0 0 0.4110 -0.9990 0.000100
550.00 C 20270219 1.59 2.65 3 18 0.3743 0.0553 0.001200
550.00 P 20270219 202.70 207.50 0 0 0.4244 -1.0000 0.000000
560.00 C 20270219 0.50 2.54 0 105 0.3627 0.0492 0.001100
560.00 P 20270219 212.80 217.50 0 0 0.4343 -1.0000 0.000000
570.00 C 20270219 0.64 2.27 0 1 0.3705 0.0439 0.001000
570.00 P 20270219 222.70 227.50 0 0 0.4502 -1.0000 0.000000
580.00 C 20270219 0.29 2.08 0 5 0.3679 0.0392 0.000900
580.00 P 20270219 232.75 237.50 0 0 0.4628 -1.0000 0.000000
590.00 C 20270219 0.52 4.70 0 7 0.4356 0.0351 0.000800
590.00 P 20270219 242.70 247.50 0 0 0.4750 -1.0000 0.000000
600.00 C 20270219 0.50 1.78 0 54 0.3853 0.0315 0.000800
600.00 P 20270219 252.75 257.50 0 0 0.4871 -1.0000 0.000000
610.00 C 20270219 0.45 2.02 1 36 0.4001 0.0283 0.000700
610.00 P 20270219 262.75 267.50 0 0 0.4989 -1.0000 0.000000
620.00 C 20270219 0.05 2.20 1 68 0.4033 0.0255 0.000600
620.00 P 20270219 272.75 277.50 0 0 0.5104 -1.0000 0.000000
630.00 C 20270219 0.00 2.44 0 13 0.4178 0.0230 0.000600
630.00 P 20270219 282.65 287.50 0 0 0.5218 -1.0000 0.000000
640.00 C 20270219 0.00 5.00 0 5 0.4827 0.0208 0.000500
640.00 P 20270219 292.95 297.50 0 0 0.5329 -1.0000 0.000000
650.00 C 20270219 0.00 2.90 0 88 0.4477 0.0189 0.000500
650.00 P 20270219 302.65 307.50 0 0 0.5439 -1.0000 0.000000
660.00 C 20270219 0.00 5.00 0 1 0.5016 0.0172 0.000400
660.00 P 20270219 312.75 317.50 0 0 0.5547 -1.0000 0.000000
670.00 C 20270219 0.01 5.00 0 3 0.4626 0.0157 0.000400
670.00 P 20270219 322.65 327.50 0 0 0.5653 -1.0000 0.000000
680.00 C 20270219 0.00 5.00 0 2 0.5197 0.0144 0.000400
680.00 P 20270219 332.75 337.50 0 0 0.5757 -1.0000 0.000000
690.00 C 20270219 0.00 5.00 0 1 0.5284 0.0132 0.000300
690.00 P 20270219 342.75 347.50 0 0 0.5859 -1.0000 0.000000
700.00 C 20270219 0.00 5.00 0 1 0.5371 0.0121 0.000300
700.00 P 20270219 352.75 357.50 0 0 0.5959 -1.0000 0.000000
710.00 C 20270219 0.00 2.63 0 323 0.4905 0.0112 0.000300
710.00 P 20270219 362.75 367.50 0 0 0.6058 -1.0000 0.000000
100.00 C 20270319 244.55 249.50 0 2 0.5093 0.9990 0.000000
100.00 P 20270319 0.00 0.50 0 3 0.6937 -0.0022 0.000000
105.00 C 20270319 239.70 244.50 0 0 0.5134 0.9987 0.000000
105.00 P 20270319 0.00 1.25 0 2 0.7542 -0.0025 0.000000
110.00 C 20270319 235.00 239.65 0 0 -1.0000 0.9984 0.000000
110.00 P 20270319 0.00 1.43 0 1 0.6746 -0.0028 0.000000
115.00 C 20270319 230.05 235.00 0 0 0.5880 0.9981 0.000100
115.00 P 20270319 0.00 5.00 0 2 0.8875 -0.0031 0.000100
120.00 C 20270319 225.15 230.00 0 5 0.5334 0.9977 0.000100
120.00 P 20270319 0.00 1.58 0 5 0.6993 -0.0035 0.000100
125.00 C 20270319 220.50 225.50 0 1 0.4820 0.9973 0.000100
125.00 P 20270319 0.00 1.65 1 2 0.6789 -0.0039 0.000100
130.00 C 20270319 215.50 220.50 0 0 0.5562 0.9968 0.000100
130.00 P 20270319 0.00 2.19 3 6 0.6855 -0.0044 0.000100
135.00 C 20270319 210.65 215.50 0 5 0.5223 0.9963 0.000100
135.00 P 20270319 0.00 0.84 1 6 0.5729 -0.0050 0.000100
140.00 C 20270319 205.70 210.50 0 34 0.4872 0.9956 0.000100
140.00 P 20270319 0.10 1.05 2 104 0.5775 -0.0056 0.000100
145.00 C 20270319 201.00 206.00 0 21 0.4697 0.9949 0.000100
145.00 P 20270319 0.00 2.42 0 171 0.6270 -0.0063 0.000100
150.00 C 20270319 196.10 201.00 0 18 0.4974 0.9941 0.000100
150.00 P 20270319 0.10 0.94 1 425 0.5298 -0.0071 0.000100
155.00 C 20270319 191.20 196.00 0 9 0.4747 0.9932 0.000200
155.00 P 20270319 0.29 1.57 0 168 0.5589 -0.0080 0.000200
160.00 C 20270319 186.50 191.50 19 79 0.4872 0.9922 0.000200
160.00 P 20270319 0.00 1.24 0 488 0.5058 -0.0091 0.000200
165.00 C 20270319 181.60 186.50 0 21 0.4662 0.9910 0.000200
165.00 P 20270319 0.00 1.06 0 350 0.4766 -0.0103 0.000200
170.00 C 20270319 177.00 181.85 0 9 0.4420 0.9897 0.000200
170.00 P 20270319 0.00 1.00 0 188 0.4556 -0.0116 0.000200
175.00 C 20270319 172.00 176.95 0 24 0.4546 0.9881 0.000300
175.00 P 20270319 0.00 2.21 30 349 0.4983 -0.0131 0.000300
180.00 C 20270319 167.20 172.00 0 8 0.4381 0.9864 0.000300
180.00 P 20270319 0.00 1.50 43 242 0.4501 -0.0149 0.000300
185.00 C 20270319 162.50 167.25 0 8 0.4366 0.9844 0.000400
185.00 P 20270319 0.00 2.68 13 164 0.4793 -0.0169 0.000400
190.00 C 20270319 157.60 162.50 0 16 0.4248 0.9822 0.000400
190.00 P 20270319 0.21 1.31 0 343 0.4185 -0.0192 0.000400
195.00 C 20270319 153.00 157.85 0 48 0.4089 0.9796 0.000500
195.00 P 20270319 0.32 1.55 0 133 0.4171 -0.0218 0.000500
200.00 C 20270319 148.00 152.90 0 118 0.4084 0.9766 0.000500
200.00 P 20270319 0.00 2.59 16 213 0.4254 -0.0248 0.000500
205.00 C 20270319 143.50 148.50 0 13 0.4087 0.9733 0.000600
205.00 P 20270319 0.60 2.71 16 290 0.4292 -0.0282 0.000600
210.00 C 20270319 139.00 144.00 0 31 0.3986 0.9694 0.000700
210.00 P 20270319 0.76 2.00 100 905 0.3982 -0.0321 0.000700
215.00 C 20270319 134.00 138.95 0 29 0.3958 0.9651 0.000800
215.00 P 20270319 0.96 2.28 0 543 0.3949 -0.0365 0.000800
220.00 C 20270319 129.50 134.50 0 52 0.3938 0.9602 0.000900
220.00 P 20270319 1.51 2.69 1 1805 0.4003 -0.0415 0.000900
225.00 C 20270319 125.00 129.75 0 50 0.3832 0.9547 0.001000
225.00 P 20270319 0.83 3.65 0 4709 0.3897 -0.0472 0.001000
230.00 C 20270319 120.60 125.25 1 78 0.3808 0.9485 0.001100
230.00 P 20270319 1.80 3.80 0 1984 0.3972 -0.0534 0.001100
235.00 C 20270319 116.00 120.10 1 128 0.3769 0.9416 0.001200
235.00 P 20270319 1.51 4.15 0 432 0.3783 -0.0606 0.001200
240.00 C 20270319 111.50 116.10 0 102 0.3741 0.9339 0.001300
240.00 P 20270319 1.86 3.50 2 3112 0.3579 -0.0682 0.001400
245.00 C 20270319 107.00 112.00 0 94 0.3754 0.9254 0.001500
245.00 P 20270319 2.90 5.05 0 1521 0.3789 -0.0769 0.001500
250.00 C 20270319 102.90 107.00 3 208 0.3686 0.9161 0.001600
250.00 P 20270319 3.40 6.35 62 4285 0.3841 -0.0864 0.001600
255.00 C 20270319 98.60 102.65 0 105 0.3662 0.9058 0.001800
255.00 P 20270319 4.25 6.95 0 511 0.3830 -0.0968 0.001800
260.00 C 20270319 94.40 98.50 1 81 0.3647 0.8947 0.001900
260.00 P 20270319 3.40 6.50 2 5411 0.3520 -0.1083 0.002000
265.00 C 20270319 90.20 94.40 0 43 0.3622 0.8827 0.002100
265.00 P 20270319 5.35 8.55 0 783 0.3610 -0.1207 0.002200
270.00 C 20270319 86.15 90.45 0 265 0.3594 0.8698 0.002300
270.00 P 20270319 4.95 8.45 3 2747 0.3526 -0.1340 0.002300
275.00 C 20270319 82.20 86.30 0 149 0.3580 0.8559 0.002400
275.00 P 20270319 5.85 10.10 14 921 0.3573 -0.1480 0.002500
280.00 C 20270319 78.20 82.40 2 889 0.3552 0.8412 0.002600
280.00 P 20270319 6.85 11.10 47 5076 0.3553 -0.1634 0.002700
285.00 C 20270319 74.50 78.60 0 156 0.3542 0.8256 0.002800
285.00 P 20270319 9.75 11.05 9 727 0.3584 -0.1795 0.002900
290.00 C 20270319 70.75 74.90 3 345 0.3524 0.8092 0.003000
290.00 P 20270319 9.25 13.35 1 2610 0.3526 -0.1962 0.003100
295.00 C 20270319 67.15 72.00 5 87 0.3509 0.7919 0.003100
295.00 P 20270319 10.45 12.80 0 1188 0.3382 -0.2141 0.003200
300.00 C 20270319 63.60 67.80 0 1125 0.3492 0.7739 0.003300
300.00 P 20270319 11.85 15.00 182 6153 0.3422 -0.2330 0.003400
305.00 C 20270319 60.55 64.35 0 351 0.3497 0.7552 0.003500
305.00 P 20270319 13.40 17.60 413 977 0.3481 -0.2521 0.003600
310.00 C 20270319 57.35 60.90 23 360 0.3480 0.7359 0.003600
310.00 P 20270319 15.00 17.50 206 2747 0.3367 -0.2722 0.003800
315.00 C 20270319 53.50 58.20 0 480 0.3457 0.7160 0.003800
315.00 P 20270319 18.05 19.85 11 2549 0.3466 -0.2930 0.003900
320.00 C 20270319 51.20 54.90 40 613 0.3475 0.6956 0.003900
320.00 P 20270319 18.65 22.85 10 4890 0.3449 -0.3143 0.004100
325.00 C 20270319 47.75 51.95 1 602 0.3438 0.6748 0.004000
325.00 P 20270319 20.60 24.80 148 1228 0.3436 -0.3362 0.004200
330.00 C 20270319 44.90 49.25 3 551 0.3430 0.6536 0.004100
330.00 P 20270319 22.70 26.90 48 3336 0.3427 -0.3584 0.004300
335.00 C 20270319 42.20 46.50 18 627 0.3426 0.6322 0.004200
335.00 P 20270319 24.95 29.15 13 867 0.3421 -0.3810 0.004400
340.00 C 20270319 39.80 43.25 36 627 0.3396 0.6106 0.004300
340.00 P 20270319 27.35 31.50 69 1685 0.3416 -0.4039 0.004600
345.00 C 20270319 37.85 41.40 11 392 0.3448 0.5889 0.004400
345.00 P 20270319 30.55 33.25 10 1043 0.3410 -0.4270 0.004600
350.00 C 20270319 35.50 38.00 17 1567 0.3392 0.5671 0.004400
350.00 P 20270319 32.40 36.50 26 2283 0.3400 -0.4501 0.004700
355.00 C 20270319 32.75 36.80 9 485 0.3414 0.5455 0.004500
355.00 P 20270319 35.15 39.30 212 171 0.3401 -0.4734 0.004800
360.00 C 20270319 31.25 34.10 15 951 0.3414 0.5239 0.004500
360.00 P 20270319 37.80 42.15 1 1691 0.3389 -0.4966 0.004800
365.00 C 20270319 29.40 32.05 4 739 0.3419 0.5026 0.004500
365.00 P 20270319 40.95 45.45 0 2181 0.3395 -0.5196 0.004900
370.00 C 20270319 26.60 30.80 28 1137 0.3407 0.4815 0.004500
370.00 P 20270319 44.00 48.15 0 454 0.3390 -0.5425 0.004900
375.00 C 20270319 26.50 28.00 2 890 0.3440 0.4608 0.004500
375.00 P 20270319 47.00 51.65 0 591 0.3379 -0.5652 0.004900
380.00 C 20270319 22.90 27.25 17 1062 0.3395 0.4404 0.004400
380.00 P 20270319 50.05 55.00 0 2084 0.3384 -0.5876 0.004900
385.00 C 20270319 21.30 25.05 5 716 0.3367 0.4205 0.004400
385.00 P 20270319 54.40 58.20 1 213 0.3373 -0.6096 0.004900
390.00 C 20270319 19.80 23.35 22 1573 0.3360 0.4010 0.004400
390.00 P 20270319 57.00 62.00 1 317 0.3374 -0.6313 0.004900
395.00 C 20270319 19.55 21.65 51 654 0.3406 0.3821 0.004300
395.00 P 20270319 60.55 65.50 0 281 0.3382 -0.6525 0.004800
400.00 C 20270319 18.00 20.00 145 5016 0.3382 0.3637 0.004200
400.00 P 20270319 64.65 69.50 0 228 0.3404 -0.6732 0.004800
405.00 C 20270319 17.05 18.80 4 383 0.3403 0.3459 0.004200
405.00 P 20270319 68.30 73.00 0 35 0.3373 -0.6934 0.004700
410.00 C 20270319 15.75 17.85 4 850 0.3402 0.3288 0.004100
410.00 P 20270319 72.00 75.70 0 192 0.3326 -0.7132 0.004700
415.00 C 20270319 14.75 16.50 1 204 0.3408 0.3122 0.004000
415.00 P 20270319 76.00 80.95 0 51 0.3321 -0.7324 0.004600
420.00 C 20270319 13.30 15.65 5 1967 0.3399 0.2962 0.003900
420.00 P 20270319 80.15 84.65 0 75 0.3375 -0.7509 0.004600
425.00 C 20270319 11.15 16.00 0 125 0.3400 0.2809 0.003800
425.00 P 20270319 84.40 89.00 0 1 0.3379 -0.7687 0.004500
430.00 C 20270319 10.90 14.75 26 1137 0.3434 0.2663 0.003700
430.00 P 20270319 88.30 92.70 0 331 0.3377 -0.7861 0.004400
435.00 C 20270319 10.20 13.20 0 412 0.3405 0.2522 0.003600
435.00 P 20270319 92.50 97.45 0 0 0.3362 -0.8029 0.004300
440.00 C 20270319 8.90 12.00 4 702 0.3352 0.2388 0.003500
440.00 P 20270319 97.15 102.00 0 67 0.3378 -0.8189 0.004200
445.00 C 20270319 8.65 10.95 0 236 0.3367 0.2260 0.003400
445.00 P 20270319 101.00 105.75 0 52 0.3375 -0.8341 0.004100
450.00 C 20270319 8.35 10.80 44 3307 0.3432 0.2139 0.003200
450.00 P 20270319 105.80 110.50 0 145 0.3360 -0.8490 0.004000
455.00 C 20270319 8.10 9.80 0 54 0.3440 0.2023 0.003100
455.00 P 20270319 110.10 114.60 0 34 0.3381 -0.8633 0.003900
460.00 C 20270319 6.75 9.75 1 1101 0.3431 0.1913 0.003000
460.00 P 20270319 114.65 119.50 0 3 0.3369 -0.8770 0.003800
470.00 C 20270319 6.40 8.10 0 486 0.3455 0.1710 0.002800
470.00 P 20270319 124.00 129.00 0 32 0.3388 -0.9026 0.003600
480.00 C 20270319 4.80 7.75 0 564 0.3461 0.1529 0.002600
480.00 P 20270319 133.50 138.50 0 1 0.3386 -0.9259 0.003400
490.00 C 20270319 4.75 6.35 22 765 0.3489 0.1366 0.002400
490.00 P 20270319 143.05 148.00 0 3 0.3349 -0.9466 0.003100
500.00 C 20270319 4.50 7.00 8 2427 0.3670 0.1221 0.002200
500.00 P 20270319 153.00 157.50 0 0 0.3409 -0.9633 0.002600
510.00 C 20270319 3.50 5.05 26 694 0.3527 0.1092 0.002000
510.00 P 20270319 163.00 167.50 0 0 0.3550 -0.9769 0.001900
520.00 C 20270319 2.29 5.05 0 436 0.3526 0.0978 0.001900
520.00 P 20270319 172.75 177.50 0 0 0.3656 -0.9868 0.001300
530.00 C 20270319 1.87 5.45 0 272 0.3649 0.0876 0.001700
530.00 P 20270319 182.75 187.50 0 0 0.3820 -0.9930 0.000800
540.00 C 20270319 1.51 4.25 0 140 0.3575 0.0786 0.001600
540.00 P 20270319 193.00 197.50 0 0 0.3950 -0.9966 0.000400
550.00 C 20270319 1.88 3.30 1 292 0.3608 0.0706 0.001400
550.00 P 20270319 203.00 207.50 0 0 0.4078 -0.9989 0.000100
560.00 C 20270319 2.10 3.00 0 240 0.3708 0.0635 0.001300
560.00 P 20270319 213.00 217.50 0 0 0.4202 -1.0000 0.000000
570.00 C 20270319 0.68 3.60 0 185 0.3684 0.0573 0.001200
570.00 P 20270319 222.80 227.50 0 0 0.4290 -1.0000 0.000000
580.00 C 20270319 0.47 3.50 0 72 0.3733 0.0517 0.001100
580.00 P 20270319 233.00 237.50 0 0 0.4442 -1.0000 0.000000
590.00 C 20270319 0.28 3.50 1 668 0.3797 0.0468 0.001000
590.00 P 20270319 243.00 247.50 0 0 0.4559 -1.0000 0.000000
600.00 C 20270319 1.00 3.30 1 447 0.3986 0.0424 0.000900
600.00 P 20270319 253.00 257.50 0 0 0.4673 -1.0000 0.000000
610.00 C 20270319 0.64 1.97 0 570 0.3741 0.0385 0.000800
610.00 P 20270319 263.00 267.50 0 0 0.4785 -1.0000 0.000000
620.00 C 20270319 0.00 5.00 0 326 0.4294 0.0350 0.000800
620.00 P 20270319 273.00 277.50 0 0 0.4895 -1.0000 0.000000
630.00 C 20270319 0.90 5.00 0 165 0.4443 0.0319 0.000700
630.00 P 20270319 283.00 287.50 0 0 0.5003 -1.0000 0.000000
640.00 C 20270319 0.00 5.00 0 61 0.4125 0.0291 0.000700
640.00 P 20270319 293.00 297.50 0 0 0.5109 -1.0000 0.000000
650.00 C 20270319 0.25 3.00 0 535 0.4231 0.0266 0.000600
650.00 P 20270319 303.00 307.50 0 0 0.5213 -1.0000 0.000000
660.00 C 20270319 0.10 2.87 3 190 0.4252 0.0244 0.000600
660.00 P 20270319 313.00 317.50 0 0 0.5316 -1.0000 0.000000
670.00 C 20270319 0.00 2.24 3 118 0.4145 0.0223 0.000500
670.00 P 20270319 322.95 327.50 0 0 0.5416 -1.0000 0.000000
680.00 C 20270319 0.00 2.46 0 145 0.4282 0.0206 0.000500
680.00 P 20270319 332.95 337.50 0 0 0.5515 -1.0000 0.000000
690.00 C 20270319 0.00 2.85 0 97 0.4459 0.0190 0.000400
690.00 P 20270319 342.95 347.50 0 0 0.5612 -1.0000 0.000000
700.00 C 20270319 0.00 1.37 0 112 0.4074 0.0175 0.000400
700.00 P 20270319 352.95 357.50 0 0 0.5708 -1.0000 0.000000
710.00 C 20270319 0.00 1.32 0 13 0.4123 0.0162 0.000400
710.00 P 20270319 362.90 367.50 0 0 0.5802 -1.0000 0.000000
720.00 C 20270319 0.00 2.49 0 35 0.4586 0.0150 0.000400
720.00 P 20270319 372.75 377.50 0 0 0.5895 -1.0000 0.000000
730.00 C 20270319 0.00 5.00 0 18 0.4224 0.0139 0.000300
730.00 P 20270319 382.65 387.50 0 0 0.5987 -1.0000 0.000000
740.00 C 20270319 0.00 5.00 0 43 0.5291 0.0130 0.000300
740.00 P 20270319 392.65 397.50 0 0 0.6077 -1.0000 0.000000
750.00 C 20270319 0.00 2.48 0 76 0.4791 0.0121 0.000300
750.00 P 20270319 402.75 407.50 0 0 0.6166 -1.0000 0.000000
760.00 C 20270319 0.01 1.15 0 3 0.4379 0.0113 0.000300
760.00 P 20270319 412.75 417.50 0 0 0.6253 -1.0000 0.000000
770.00 C 20270319 0.00 5.00 0 48 0.5507 0.0106 0.000300
770.00 P 20270319 422.95 427.50 0 0 0.6340 -1.0000 0.000000
780.00 C 20270319 0.00 1.30 0 42 0.4565 0.0100 0.000200
780.00 P 20270319 432.95 437.50 0 0 0.6425 -1.0000 0.000000
790.00 C 20270319 0.00 0.51 0 182 0.4143 0.0093 0.000200
790.00 P 20270319 442.75 447.50 0 0 0.6509 -1.0000 0.000000
800.00 C 20270319 0.22 1.10 101 4155 0.4696 0.0088 0.000200
800.00 P 20270319 452.75 457.50 0 0 0.6592 -1.0000 0.000000
5.00 C 20270617 337.50 342.50 0 853 1.0259 1.0000 0.000000
5.00 P 20270617 0.00 0.21 0 473 1.8956 -0.0004 0.000000
10.00 C 20270617 332.50 337.50 0 47 -1.0000 1.0000 0.000000
10.00 P 20270617 0.00 0.21 0 51 1.5405 -0.0006 0.000000
15.00 C 20270617 327.50 332.50 0 0 -1.0000 1.0000 0.000000
15.00 P 20270617 0.00 0.11 0 0 1.2595 -0.0008 0.000000
20.00 C 20270617 323.00 328.00 0 0 -1.0000 1.0000 0.000000
20.00 P 20270617 0.00 1.05 0 0 1.3571 -0.0009 0.000000
25.00 C 20270617 318.00 323.00 0 0 -1.0000 1.0000 0.000000
25.00 P 20270617 0.00 1.05 0 0 1.2435 -0.0010 0.000000
30.00 C 20270617 313.00 318.00 0 0 -1.0000 1.0000 0.000000
30.00 P 20270617 0.00 0.73 0 0 1.1554 -0.0011 0.000000
35.00 C 20270617 308.50 313.50 0 3 -1.0000 1.0000 0.000000
35.00 P 20270617 0.00 1.05 0 1 1.0799 -0.0012 0.000000
40.00 C 20270617 303.50 308.50 0 0 -1.0000 1.0000 0.000000
40.00 P 20270617 0.00 5.00 0 0 1.0155 -0.0013 0.000000
45.00 C 20270617 298.50 303.50 0 1 -1.0000 1.0000 0.000000
45.00 P 20270617 0.00 5.00 0 0 0.9615 -0.0014 0.000000
50.00 C 20270617 294.00 299.00 0 29 -1.0000 1.0000 0.000000
50.00 P 20270617 0.00 0.30 0 211 0.8477 -0.0015 0.000000
55.00 C 20270617 289.00 294.00 0 2 -1.0000 1.0000 0.000000
55.00 P 20270617 0.00 0.57 0 68 0.8688 -0.0016 0.000000
60.00 C 20270617 284.00 289.00 0 2 -1.0000 1.0000 0.000000
60.00 P 20270617 0.00 0.58 0 76 0.8321 -0.0017 0.000000
65.00 C 20270617 279.50 284.50 0 11 -1.0000 1.0000 0.000000
65.00 P 20270617 0.00 5.00 0 54 0.7962 -0.0019 0.000000
70.00 C 20270617 274.50 279.50 0 54 -1.0000 1.0000 0.000000
70.00 P 20270617 0.00 5.00 0 165 0.7634 -0.0020 0.000000
75.00 C 20270617 270.00 275.00 0 41 -1.0000 0.9999 0.000000
75.00 P 20270617 0.00 5.00 0 50 0.7344 -0.0022 0.000000
80.00 C 20270617 265.00 270.00 0 3 -1.0000 0.9997 0.000000
80.00 P 20270617 0.01 0.63 0 41 0.7060 -0.0024 0.000000
85.00 C 20270617 260.00 265.00 0 31 -1.0000 0.9994 0.000000
85.00 P 20270617 0.01 0.65 0 47 0.6806 -0.0027 0.000000
90.00 C 20270617 255.50 260.50 0 66 -1.0000 0.9992 0.000000
90.00 P 20270617 0.10 0.67 0 24 0.6677 -0.0029 0.000000
95.00 C 20270617 250.50 255.50 0 42 -1.0000 0.9989 0.000000
95.00 P 20270617 0.10 0.69 1 32 0.6442 -0.0032 0.000000
100.00 C 20270617 245.50 250.50 10 190 -1.0000 0.9985 0.000100
100.00 P 20270617 0.10 0.50 0 114 0.5987 -0.0036 0.000100
105.00 C 20270617 241.00 245.90 0 108 0.4971 0.9981 0.000100
105.00 P 20270617 0.10 0.74 0 50 0.6022 -0.0040 0.000100
110.00 C 20270617 236.00 241.00 0 303 -1.0000 0.9977 0.000100
110.00 P 20270617 0.10 0.54 1 140 0.5601 -0.0044 0.000100
115.00 C 20270617 231.50 236.50 0 11 -1.0000 0.9972 0.000100
115.00 P 20270617 0.01 0.79 0 52 0.5562 -0.0050 0.000100
120.00 C 20270617 226.50 231.50 0 66 0.4603 0.9966 0.000100
120.00 P 20270617 0.11 5.00 0 336 0.5479 -0.0056 0.000100
125.00 C 20270617 222.00 227.00 0 10 -1.0000 0.9960 0.000100
125.00 P 20270617 0.00 5.00 0 2008 0.5241 -0.0062 0.000100
130.00 C 20270617 217.00 222.00 0 29 0.4707 0.9952 0.000100
130.00 P 20270617 0.00 5.00 0 285 0.5088 -0.0069 0.000100
135.00 C 20270617 212.00 217.00 0 73 0.3956 0.9944 0.000100
135.00 P 20270617 0.01 0.95 0 272 0.4935 -0.0078 0.000100
140.00 C 20270617 207.50 212.50 0 66 0.4639 0.9934 0.000200
140.00 P 20270617 0.01 1.00 1 1847 0.4796 -0.0088 0.000200
145.00 C 20270617 202.50 207.50 0 79 0.4141 0.9924 0.000200
145.00 P 20270617 0.01 1.05 1 223 0.4664 -0.0098 0.000200
150.00 C 20270617 198.00 203.00 1 171 0.4508 0.9912 0.000200
150.00 P 20270617 0.20 1.00 34 316 0.4580 -0.0111 0.000200
155.00 C 20270617 193.00 198.00 0 2512 0.4109 0.9898 0.000200
155.00 P 20270617 0.11 1.19 34 1557 0.4475 -0.0125 0.000200
160.00 C 20270617 188.50 193.00 0 2973 0.4064 0.9882 0.000300
160.00 P 20270617 0.18 1.27 0 358 0.4394 -0.0140 0.000300
165.00 C 20270617 184.00 189.00 0 323 0.4006 0.9864 0.000300
165.00 P 20270617 0.00 5.00 0 787 0.4318 -0.0159 0.000300
170.00 C 20270617 179.00 184.00 0 543 0.4106 0.9844 0.000300
170.00 P 20270617 0.38 1.48 0 594 0.4253 -0.0179 0.000300
175.00 C 20270617 174.50 179.50 0 384 0.3868 0.9822 0.000400
175.00 P 20270617 0.50 1.60 10 935 0.4188 -0.0202 0.000400
180.00 C 20270617 169.50 174.50 0 237 0.3983 0.9796 0.000400
180.00 P 20270617 0.64 1.65 35 1000 0.4100 -0.0229 0.000400
185.00 C 20270617 165.00 170.00 0 114 0.4040 0.9767 0.000500
185.00 P 20270617 0.80 1.76 35 226 0.4034 -0.0258 0.000500
190.00 C 20270617 160.50 165.50 1 413 0.4050 0.9735 0.000500
190.00 P 20270617 0.96 2.14 0 337 0.4029 -0.0291 0.000500
195.00 C 20270617 156.00 161.00 0 191 0.3937 0.9698 0.000600
195.00 P 20270617 1.16 2.38 0 133 0.3985 -0.0328 0.000600
200.00 C 20270617 151.00 156.00 6 1906 0.3837 0.9658 0.000600
200.00 P 20270617 1.39 2.64 0 2675 0.3942 -0.0370 0.000700
205.00 C 20270617 146.50 151.50 0 133 0.3826 0.9612 0.000700
205.00 P 20270617 1.65 2.94 0 663 0.3906 -0.0416 0.000700
210.00 C 20270617 142.00 147.00 0 341 0.3800 0.9562 0.000800
210.00 P 20270617 1.94 3.30 0 1242 0.3873 -0.0467 0.000800
215.00 C 20270617 138.00 143.00 0 131 0.3764 0.9506 0.000900
215.00 P 20270617 2.27 3.70 0 334 0.3841 -0.0524 0.000900
220.00 C 20270617 133.50 138.50 0 371 0.3789 0.9445 0.001000
220.00 P 20270617 2.92 4.10 1 814 0.3840 -0.0589 0.001000
225.00 C 20270617 129.00 133.50 1 390 0.3731 0.9378 0.001100
225.00 P 20270617 3.60 4.50 0 540 0.3834 -0.0656 0.001100
230.00 C 20270617 124.50 129.50 0 393 0.3727 0.9304 0.001200
230.00 P 20270617 3.50 5.10 0 742 0.3745 -0.0732 0.001200
235.00 C 20270617 120.70 125.50 0 365 0.3731 0.9225 0.001300
235.00 P 20270617 4.05 5.70 0 1045 0.3724 -0.0814 0.001300
240.00 C 20270617 116.00 121.00 0 461 0.3681 0.9138 0.001400
240.00 P 20270617 4.65 6.35 72 2941 0.3703 -0.0902 0.001400
245.00 C 20270617 112.00 116.50 2 132 0.3643 0.9046 0.001500
245.00 P 20270617 5.30 7.05 19 1185 0.3680 -0.0998 0.001600
250.00 C 20270617 108.20 112.50 4 1267 0.3659 0.8947 0.001600
250.00 P 20270617 5.95 7.85 200 5040 0.3656 -0.1100 0.001700
255.00 C 20270617 104.15 109.00 0 314 0.3640 0.8841 0.001700
255.00 P 20270617 6.75 8.70 0 1559 0.3639 -0.1209 0.001800
260.00 C 20270617 100.00 105.00 0 1095 0.3619 0.8729 0.001900
260.00 P 20270617 6.00 11.00 0 2656 0.3620 -0.1326 0.001900
265.00 C 20270617 96.00 100.85 0 220 0.3596 0.8611 0.002000
265.00 P 20270617 8.50 10.60 0 853 0.3601 -0.1448 0.002100
270.00 C 20270617 92.50 96.80 0 1557 0.3585 0.8486 0.002100
270.00 P 20270617 9.50 11.70 0 3706 0.3586 -0.1578 0.002200
275.00 C 20270617 88.55 93.50 0 265 0.3583 0.8355 0.002200
275.00 P 20270617 10.60 12.85 1 1340 0.3571 -0.1714 0.002300
280.00 C 20270617 85.25 90.00 0 607 0.3567 0.8219 0.002400
280.00 P 20270617 11.75 14.10 0 5471 0.3556 -0.1857 0.002500
285.00 C 20270617 81.60 85.90 1 498 0.3546 0.8077 0.002500
285.00 P 20270617 13.05 15.45 0 1083 0.3545 -0.2005 0.002600
290.00 C 20270617 78.15 82.40 0 2683 0.3533 0.7930 0.002600
290.00 P 20270617 14.40 16.90 8 2997 0.3534 -0.2159 0.002700
295.00 C 20270617 75.00 79.30 0 1984 0.3549 0.7778 0.002700
295.00 P 20270617 15.80 18.40 0 1504 0.3518 -0.2319 0.002800
300.00 C 20270617 73.00 75.85 7 5404 0.3595 0.7621 0.002800
300.00 P 20270617 17.35 20.05 803 7512 0.3505 -0.2489 0.003000
305.00 C 20270617 68.45 72.70 4 1063 0.3517 0.7461 0.002900
305.00 P 20270617 19.00 21.80 1 1901 0.3501 -0.2654 0.003100
310.00 C 20270617 65.40 69.50 0 486 0.3505 0.7296 0.003000
310.00 P 20270617 20.75 23.60 1 2394 0.3491 -0.2827 0.003200
315.00 C 20270617 62.45 66.45 3 610 0.3497 0.7129 0.003100
315.00 P 20270617 22.55 25.55 51 541 0.3482 -0.3005 0.003300
320.00 C 20270617 59.60 63.50 21 1405 0.3489 0.6959 0.003200
320.00 P 20270617 24.50 27.60 150 7237 0.3475 -0.3186 0.003400
325.00 C 20270617 57.05 60.55 1 1899 0.3487 0.6786 0.003300
325.00 P 20270617 26.55 29.75 51 1554 0.3469 -0.3370 0.003500
330.00 C 20270617 54.40 57.25 55 1875 0.3458 0.6612 0.003400
330.00 P 20270617 28.65 32.00 0 1832 0.3461 -0.3558 0.003600
335.00 C 20270617 51.90 55.00 1 507 0.3473 0.6436 0.003400
335.00 P 20270617 30.90 34.35 25 840 0.3455 -0.3746 0.003700
340.00 C 20270617 49.50 52.40 27 1936 0.3469 0.6260 0.003500
340.00 P 20270617 33.25 36.80 7 3603 0.3450 -0.3937 0.003800
345.00 C 20270617 47.15 49.90 174 631 0.3465 0.6083 0.003600
345.00 P 20270617 35.70 39.35 3 1272 0.3445 -0.4129 0.003900
350.00 C 20270617 44.90 47.00 35 3363 0.3440 0.5905 0.003600
350.00 P 20270617 38.25 42.00 1 2725 0.3440 -0.4322 0.003900
355.00 C 20270617 42.75 45.20 2 475 0.3458 0.5729 0.003600
355.00 P 20270617 40.90 44.80 0 1253 0.3438 -0.4515 0.004000
360.00 C 20270617 40.65 42.00 22 2689 0.3415 0.5553 0.003700
360.00 P 20270617 43.65 47.65 0 2926 0.3435 -0.4709 0.004000
365.00 C 20270617 38.65 40.90 0 1784 0.3453 0.5378 0.003700
365.00 P 20270617 46.50 50.60 0 674 0.3432 -0.4901 0.004100
370.00 C 20270617 36.70 38.90 6 1724 0.3451 0.5205 0.003700
370.00 P 20270617 49.45 53.65 1 1111 0.3429 -0.5094 0.004100
375.00 C 20270617 34.80 37.05 4 785 0.3450 0.5033 0.003700
375.00 P 20270617 52.00 56.80 0 336 0.3428 -0.5285 0.004100
380.00 C 20270617 33.60 34.55 11 2286 0.3444 0.4864 0.003700
380.00 P 20270617 55.70 60.00 0 1173 0.3427 -0.5475 0.004200
385.00 C 20270617 31.30 33.50 0 625 0.3447 0.4697 0.003700
385.00 P 20270617 58.50 63.25 0 486 0.3426 -0.5663 0.004200
390.00 C 20270617 29.70 31.90 2 697 0.3450 0.4533 0.003700
390.00 P 20270617 62.15 66.50 0 371 0.3411 -0.5849 0.004200
395.00 C 20270617 28.10 30.30 1 515 0.3447 0.4372 0.003700
395.00 P 20270617 65.50 70.35 0 150 0.3423 -0.6033 0.004200
400.00 C 20270617 27.30 28.80 230 4260 0.3475 0.4215 0.003600
400.00 P 20270617 69.00 73.95 1 862 0.3424 -0.6215 0.004200
405.00 C 20270617 25.25 27.40 1 501 0.3451 0.4060 0.003600
405.00 P 20270617 72.50 77.50 0 81 0.3438 -0.6395 0.004200
410.00 C 20270617 23.90 26.05 1 697 0.3452 0.3910 0.003600
410.00 P 20270617 76.50 81.45 0 240 0.3441 -0.6571 0.004200
415.00 C 20270617 22.60 24.75 1 415 0.3452 0.3762 0.003500
415.00 P 20270617 80.50 85.00 0 49 0.3442 -0.6745 0.004200
420.00 C 20270617 21.40 23.55 5 1627 0.3456 0.3619 0.003500
420.00 P 20270617 84.00 89.00 0 51 0.3434 -0.6915 0.004200
425.00 C 20270617 20.25 22.35 6 2044 0.3456 0.3480 0.003400
425.00 P 20270617 88.00 93.00 0 95 0.3443 -0.7082 0.004100
430.00 C 20270617 19.15 21.25 1 501 0.3458 0.3345 0.003400
430.00 P 20270617 92.00 96.85 0 73 0.3438 -0.7247 0.004100
435.00 C 20270617 18.10 20.20 0 550 0.3460 0.3213 0.003300
435.00 P 20270617 96.00 100.90 0 35 0.3436 -0.7406 0.004100
440.00 C 20270617 17.20 19.10 12 1424 0.3462 0.3086 0.003300
440.00 P 20270617 100.00 105.00 0 13 0.3430 -0.7564 0.004000
445.00 C 20270617 16.20 18.25 1 681 0.3467 0.2963 0.003200
445.00 P 20270617 104.55 108.70 0 5 0.3424 -0.7717 0.004000
450.00 C 20270617 15.50 17.35 17 4293 0.3478 0.2844 0.003100
450.00 P 20270617 108.50 113.45 0 314 0.3438 -0.7865 0.004000
455.00 C 20270617 14.45 16.50 1 1257 0.3472 0.2728 0.003100
455.00 P 20270617 112.50 117.50 0 70 0.3452 -0.8011 0.003900
460.00 C 20270617 13.70 15.70 0 949 0.3478 0.2617 0.003000
460.00 P 20270617 117.00 122.00 0 1 0.3424 -0.8152 0.003800
465.00 C 20270617 11.50 16.50 0 2321 0.3480 0.2510 0.002900
465.00 P 20270617 121.50 126.50 0 69 0.3438 -0.8288 0.003800
470.00 C 20270617 10.50 15.50 0 609 0.3483 0.2407 0.002900
470.00 P 20270617 126.00 131.00 0 1 0.3441 -0.8421 0.003700
475.00 C 20270617 11.55 13.50 0 1093 0.3488 0.2308 0.002800
475.00 P 20270617 130.50 135.45 0 4 0.3441 -0.8552 0.003700
480.00 C 20270617 10.90 12.85 10 1420 0.3491 0.2212 0.002700
480.00 P 20270617 135.00 140.00 0 38 0.3437 -0.8679 0.003600
485.00 C 20270617 10.30 12.25 0 1036 0.3496 0.2121 0.002700
485.00 P 20270617 140.00 144.50 0 37 0.3466 -0.8799 0.003600
490.00 C 20270617 9.75 11.65 1 1368 0.3501 0.2033 0.002600
490.00 P 20270617 144.00 148.70 0 6 0.3408 -0.8917 0.003500
495.00 C 20270617 9.20 11.10 0 2398 0.3505 0.1948 0.002500
495.00 P 20270617 149.00 154.00 12 5 0.3455 -0.9032 0.003500
500.00 C 20270617 8.70 10.55 10 6321 0.3509 0.1867 0.002400
500.00 P 20270617 153.50 158.50 0 3 0.3460 -0.9141 0.003400
505.00 C 20270617 8.20 10.10 0 294 0.3516 0.1789 0.002400
505.00 P 20270617 158.50 163.50 0 0 0.3434 -0.9246 0.003300
510.00 C 20270617 7.75 9.60 0 368 0.3519 0.1715 0.002300
510.00 P 20270617 163.00 168.00 0 1 0.3392 -0.9342 0.003100
515.00 C 20270617 7.35 9.15 0 424 0.3526 0.1643 0.002200
515.00 P 20270617 168.00 173.00 0 4 0.3388 -0.9439 0.003100
520.00 C 20270617 6.95 8.75 0 691 0.3533 0.1575 0.002200
520.00 P 20270617 173.00 178.00 0 0 0.3451 -0.9529 0.002900
525.00 C 20270617 6.55 8.35 0 514 0.3537 0.1510 0.002100
525.00 P 20270617 177.50 182.50 0 1 0.3512 -0.9609 0.002700
530.00 C 20270617 4.50 9.50 0 335 0.3542 0.1447 0.002000
530.00 P 20270617 182.50 187.50 0 0 0.3572 -0.9679 0.002400
535.00 C 20270617 4.50 9.50 0 243 0.3548 0.1387 0.002000
535.00 P 20270617 187.50 192.50 0 0 -1.0000 -0.9739 0.002100
540.00 C 20270617 5.55 7.25 0 192 0.3554 0.1330 0.001900
540.00 P 20270617 192.50 197.50 0 0 0.3691 -0.9792 0.001900
545.00 C 20270617 3.50 8.50 0 725 0.3562 0.1275 0.001900
545.00 P 20270617 197.50 202.50 0 0 -1.0000 -0.9839 0.001600
550.00 C 20270617 3.60 8.50 0 1020 0.3568 0.1223 0.001800
550.00 P 20270617 202.50 207.50 0 0 0.3792 -0.9880 0.001200
555.00 C 20270617 4.70 6.35 0 147 0.3575 0.1173 0.001800
555.00 P 20270617 207.50 212.50 0 0 -1.0000 -0.9914 0.000800
560.00 C 20270617 3.00 8.00 0 1918 0.3583 0.1126 0.001700
560.00 P 20270617 212.50 217.50 0 0 0.3905 -0.9938 0.000600
565.00 C 20270617 2.50 7.50 0 113 0.3586 0.1080 0.001600
565.00 P 20270617 217.65 222.50 0 0 0.3977 -0.9959 0.000400
570.00 C 20270617 3.95 5.60 0 1065 0.3594 0.1036 0.001600
570.00 P 20270617 222.50 227.50 0 0 0.4032 -0.9974 0.000200
575.00 C 20270617 3.75 5.30 1 123 0.3596 0.0995 0.001600
575.00 P 20270617 227.50 232.50 0 0 -1.0000 -0.9987 0.000100
580.00 C 20270617 3.55 5.15 0 4197 0.3610 0.0955 0.001500
580.00 P 20270617 232.50 237.50 0 0 0.4124 -0.9998 0.000000
590.00 C 20270617 3.40 4.75 1 383 0.3647 0.0881 0.001400
590.00 P 20270617 242.50 247.50 0 0 0.4231 -1.0000 0.000000
600.00 C 20270617 3.00 4.35 0 2474 0.3652 0.0814 0.001300
600.00 P 20270617 252.50 257.50 0 0 0.4335 -1.0000 0.000000
610.00 C 20270617 2.72 4.00 1 367 0.3668 0.0752 0.001200
610.00 P 20270617 262.50 267.50 0 0 0.4454 -1.0000 0.000000
620.00 C 20270617 2.31 3.75 0 579 0.3672 0.0696 0.001200
620.00 P 20270617 272.50 277.50 0 0 0.4554 -1.0000 0.000000
630.00 C 20270617 0.50 5.50 0 339 0.3690 0.0645 0.001100
630.00 P 20270617 282.50 287.50 0 0 0.4653 -1.0000 0.000000
640.00 C 20270617 0.00 5.00 0 232 0.3705 0.0598 0.001000
640.00 P 20270617 292.50 297.50 0 0 -1.0000 -1.0000 0.000000
650.00 C 20270617 2.00 5.00 0 2159 0.3772 0.0556 0.001000
650.00 P 20270617 302.65 307.50 0 0 0.4845 -1.0000 0.000000
660.00 C 20270617 0.00 5.00 0 194 0.3734 0.0517 0.000900
660.00 P 20270617 312.50 317.50 0 0 0.4938 -1.0000 0.000000
670.00 C 20270617 1.35 2.62 0 67 0.3751 0.0481 0.000800
670.00 P 20270617 322.50 327.50 0 0 0.5030 -1.0000 0.000000
680.00 C 20270617 1.37 2.48 1 156 0.3799 0.0448 0.000800
680.00 P 20270617 332.50 337.50 0 0 0.5121 -1.0000 0.000000
690.00 C 20270617 1.08 2.34 0 53 0.3790 0.0418 0.000800
690.00 P 20270617 342.50 347.50 0 0 0.5210 -1.0000 0.000000
700.00 C 20270617 0.50 5.00 0 120 0.3799 0.0391 0.000700
700.00 P 20270617 352.50 357.50 0 0 0.5297 -1.0000 0.000000
710.00 C 20270617 0.00 5.00 0 6 0.3826 0.0365 0.000700
710.00 P 20270617 362.65 367.50 0 0 0.5384 -1.0000 0.000000
720.00 C 20270617 0.79 1.96 0 48 0.3845 0.0342 0.000600
720.00 P 20270617 372.50 377.50 0 0 0.5469 -1.0000 0.000000
730.00 C 20270617 0.00 5.00 0 118 0.3864 0.0321 0.000600
730.00 P 20270617 382.50 387.50 0 0 0.5552 -1.0000 0.000000
740.00 C 20270617 0.63 1.77 0 101 0.3885 0.0301 0.000600
740.00 P 20270617 392.50 397.50 0 0 0.5634 -1.0000 0.000000
750.00 C 20270617 0.55 1.70 1 92 0.3905 0.0282 0.000500
750.00 P 20270617 402.50 407.50 0 0 0.5715 -1.0000 0.000000
760.00 C 20270617 0.59 1.62 0 87 0.3948 0.0266 0.000500
760.00 P 20270617 412.50 417.50 0 0 0.5794 -1.0000 0.000000
770.00 C 20270617 0.00 5.00 0 1 0.3940 0.0251 0.000500
770.00 P 20270617 422.50 427.50 0 0 0.5873 -1.0000 0.000000
780.00 C 20270617 0.76 2.00 0 22 0.4067 0.0237 0.000400
780.00 P 20270617 432.50 437.50 0 0 0.5950 -1.0000 0.000000
790.00 C 20270617 0.68 1.43 0 224 0.4085 0.0223 0.000400
790.00 P 20270617 442.50 447.50 0 0 0.6026 -1.0000 0.000000
800.00 C 20270617 0.60 0.88 142 4246 0.3942 0.0211 0.000400
800.00 P 20270617 452.50 457.50 0 0 0.6102 -1.0000 0.000000
5.00 C 20270917 337.50 342.50 0 1478 -1.0000 1.0000 0.000000
5.00 P 20270917 0.00 0.01 1 1 1.2507 -0.0004 0.000000
10.00 C 20270917 332.50 337.50 0 1 -1.0000 1.0000 0.000000
10.00 P 20270917 0.00 5.00 0 0 1.5718 -0.0006 0.000000
15.00 C 20270917 327.50 332.50 0 0 -1.0000 1.0000 0.000000
15.00 P 20270917 0.00 5.00 0 0 1.3669 -0.0008 0.000000
20.00 C 20270917 323.00 328.00 0 2 -1.0000 1.0000 0.000000
20.00 P 20270917 0.00 5.00 0 0 1.2291 -0.0010 0.000000
25.00 C 20270917 318.00 323.00 0 0 -1.0000 1.0000 0.000000
25.00 P 20270917 0.00 5.00 0 0 1.1281 -0.0011 0.000000
30.00 C 20270917 313.50 318.50 0 0 -1.0000 1.0000 0.000000
30.00 P 20270917 0.00 5.00 0 0 1.0457 -0.0012 0.000000
35.00 C 20270917 308.50 313.50 0 0 -1.0000 1.0000 0.000000
35.00 P 20270917 0.00 5.00 0 0 0.9792 -0.0014 0.000000
40.00 C 20270917 304.00 309.00 0 1 -1.0000 1.0000 0.000000
40.00 P 20270917 0.00 5.00 0 0 0.9208 -0.0015 0.000000
45.00 C 20270917 299.00 304.00 0 0 -1.0000 1.0000 0.000000
45.00 P 20270917 0.00 0.71 0 0 0.8716 -0.0016 0.000000
50.00 C 20270917 294.50 299.50 0 0 -1.0000 1.0000 0.000000
50.00 P 20270917 0.03 0.66 1 200 0.8235 -0.0017 0.000000
55.00 C 20270917 289.50 294.50 0 0 -1.0000 1.0000 0.000000
55.00 P 20270917 0.01 0.73 0 12 0.7903 -0.0019 0.000000
60.00 C 20270917 285.00 290.00 0 0 -1.0000 1.0000 0.000000
60.00 P 20270917 0.00 5.00 0 10 0.7561 -0.0021 0.000000
65.00 C 20270917 280.00 285.00 0 0 -1.0000 1.0000 0.000000
65.00 P 20270917 0.00 5.00 0 4 0.7249 -0.0023 0.000000
70.00 C 20270917 275.50 280.50 0 1 -1.0000 1.0000 0.000000
70.00 P 20270917 0.00 5.00 0 0 0.6949 -0.0025 0.000000
75.00 C 20270917 270.50 275.50 0 0 -1.0000 1.0000 0.000000
75.00 P 20270917 0.00 5.00 0 0 0.6682 -0.0027 0.000000
80.00 C 20270917 266.00 271.00 0 0 -1.0000 0.9998 0.000000
80.00 P 20270917 0.00 5.00 0 0 0.6443 -0.0030 0.000000
85.00 C 20270917 261.00 266.00 0 0 -1.0000 0.9995 0.000000
85.00 P 20270917 0.00 5.00 0 0 0.6209 -0.0034 0.000000
90.00 C 20270917 256.50 261.50 0 1 -1.0000 0.9991 0.000100
90.00 P 20270917 0.00 5.00 0 0 0.5998 -0.0038 0.000100
95.00 C 20270917 251.50 256.50 0 0 -1.0000 0.9987 0.000100
95.00 P 20270917 0.00 5.00 0 0 0.5798 -0.0042 0.000100
100.00 C 20270917 247.00 252.00 0 202 -1.0000 0.9982 0.000100
100.00 P 20270917 0.00 5.00 0 60 0.5616 -0.0047 0.000100
105.00 C 20270917 242.00 247.00 0 2 -1.0000 0.9976 0.000100
105.00 P 20270917 0.10 5.00 0 13 0.5507 -0.0053 0.000100
110.00 C 20270917 237.50 242.50 0 0 0.4691 0.9970 0.000100
110.00 P 20270917 0.10 5.00 0 10 0.5336 -0.0059 0.000100
115.00 C 20270917 232.50 237.50 0 4 -1.0000 0.9963 0.000100
115.00 P 20270917 0.10 5.00 0 8 0.5178 -0.0066 0.000100
120.00 C 20270917 228.00 233.00 0 1 0.4468 0.9955 0.000100
120.00 P 20270917 0.10 5.00 0 12 0.5025 -0.0075 0.000100
125.00 C 20270917 223.50 228.50 0 1 0.3389 0.9945 0.000100
125.00 P 20270917 0.01 1.19 0 6 0.4832 -0.0084 0.000100
130.00 C 20270917 218.50 223.50 1 4 0.4240 0.9935 0.000100
130.00 P 20270917 0.01 1.26 0 8 0.4703 -0.0095 0.000100
135.00 C 20270917 214.00 219.00 0 2 0.4466 0.9923 0.000200
135.00 P 20270917 0.01 1.33 0 10 0.4577 -0.0107 0.000200
140.00 C 20270917 209.50 214.50 3 0 0.4004 0.9910 0.000200
140.00 P 20270917 0.05 1.42 0 17 0.4482 -0.0121 0.000200
145.00 C 20270917 204.50 209.50 0 14 0.4197 0.9894 0.000200
145.00 P 20270917 0.15 1.51 2 106 0.4410 -0.0137 0.000200
150.00 C 20270917 200.00 205.00 0 14 0.4290 0.9877 0.000200
150.00 P 20270917 0.25 1.62 0 19 0.4346 -0.0154 0.000200
155.00 C 20270917 195.50 200.50 0 3 0.3944 0.9858 0.000300
155.00 P 20270917 0.60 1.75 10 6 0.4355 -0.0174 0.000300
160.00 C 20270917 190.50 195.50 0 5 0.4024 0.9836 0.000300
160.00 P 20270917 1.04 1.87 0 117 0.4368 -0.0196 0.000300
165.00 C 20270917 186.00 191.00 0 1 0.4060 0.9812 0.000400
165.00 P 20270917 0.67 2.07 0 14 0.4173 -0.0221 0.000400
170.00 C 20270917 181.50 186.50 0 20 0.4068 0.9785 0.000400
170.00 P 20270917 0.00 5.00 0 108 0.4126 -0.0248 0.000400
175.00 C 20270917 177.00 182.00 0 11 0.4056 0.9754 0.000400
175.00 P 20270917 0.00 5.00 0 33 0.4081 -0.0279 0.000400
180.00 C 20270917 172.50 177.50 0 9 0.4030 0.9721 0.000500
180.00 P 20270917 0.00 5.00 0 25 0.4037 -0.0314 0.000500
185.00 C 20270917 168.00 173.00 0 10 0.3994 0.9683 0.000500
185.00 P 20270917 0.00 5.00 0 15 0.3997 -0.0353 0.000600
190.00 C 20270917 163.50 168.50 0 5 0.3949 0.9642 0.000600
190.00 P 20270917 0.00 5.00 0 102 0.3965 -0.0395 0.000600
195.00 C 20270917 159.00 164.00 0 8 0.3897 0.9597 0.000600
195.00 P 20270917 2.06 3.75 0 282 0.3929 -0.0442 0.000700
200.00 C 20270917 154.50 159.50 1 21 0.3840 0.9547 0.000700
200.00 P 20270917 2.40 4.15 0 64 0.3897 -0.0493 0.000700
205.00 C 20270917 150.50 155.50 0 0 0.3778 0.9493 0.000800
205.00 P 20270917 2.77 4.60 0 26 0.3868 -0.0548 0.000800
210.00 C 20270917 146.00 151.00 2 5 0.3836 0.9435 0.000900
210.00 P 20270917 3.20 5.10 2 28 0.3841 -0.0609 0.000900
215.00 C 20270917 142.00 147.00 1 22 0.3760 0.9371 0.000900
215.00 P 20270917 3.65 5.60 0 31 0.3808 -0.0675 0.001000
220.00 C 20270917 137.50 142.50 0 13 0.3786 0.9303 0.001000
220.00 P 20270917 4.15 6.20 0 538 0.3783 -0.0746 0.001100
225.00 C 20270917 133.50 138.50 0 34 0.3701 0.9229 0.001100
225.00 P 20270917 4.75 6.85 0 31 0.3766 -0.0820 0.001100
230.00 C 20270917 129.50 134.50 0 21 0.3706 0.9151 0.001200
230.00 P 20270917 5.40 7.50 28 263 0.3743 -0.0901 0.001200
235.00 C 20270917 125.00 130.00 0 12 0.3699 0.9068 0.001300
235.00 P 20270917 6.05 8.30 19 161 0.3724 -0.0988 0.001300
240.00 C 20270917 121.00 126.00 0 17 0.3682 0.8979 0.001400
240.00 P 20270917 7.40 9.10 19 524 0.3748 -0.1080 0.001400
245.00 C 20270917 117.50 122.50 0 20 0.3672 0.8886 0.001500
245.00 P 20270917 7.60 10.00 0 71 0.3686 -0.1178 0.001500
250.00 C 20270917 113.50 118.50 0 136 0.3660 0.8787 0.001600
250.00 P 20270917 8.45 11.00 0 284 0.3670 -0.1280 0.001600
255.00 C 20270917 109.50 114.50 0 21 0.3653 0.8684 0.001700
255.00 P 20270917 9.40 12.00 35 237 0.3653 -0.1389 0.001700
260.00 C 20270917 106.00 111.00 1 633 0.3637 0.8576 0.001800
260.00 P 20270917 10.40 13.15 0 1028 0.3640 -0.1502 0.001800
265.00 C 20270917 102.00 107.00 0 30 0.3614 0.8464 0.001800
265.00 P 20270917 11.50 14.30 0 100 0.3626 -0.1620 0.001900
270.00 C 20270917 98.50 103.50 1 791 0.3612 0.8347 0.001900
270.00 P 20270917 12.65 15.55 0 581 0.3611 -0.1743 0.002000
275.00 C 20270917 95.00 100.00 0 39 0.3602 0.8226 0.002000
275.00 P 20270917 14.25 16.15 0 646 0.3579 -0.1870 0.002200
280.00 C 20270917 92.00 96.50 0 76 0.3610 0.8102 0.002100
280.00 P 20270917 14.50 19.50 0 780 0.3591 -0.2002 0.002200
285.00 C 20270917 88.50 93.50 0 111 0.3563 0.7973 0.002200
285.00 P 20270917 16.65 19.85 0 654 0.3580 -0.2138 0.002400
290.00 C 20270917 85.00 90.00 0 2350 0.3578 0.7841 0.002300
290.00 P 20270917 18.15 21.45 1 417 0.3570 -0.2279 0.002400
295.00 C 20270917 82.00 87.00 0 46 0.3564 0.7706 0.002400
295.00 P 20270917 19.75 23.15 17 314 0.3563 -0.2423 0.002600
300.00 C 20270917 80.00 83.50 7 2440 0.3611 0.7568 0.002500
300.00 P 20270917 21.40 24.95 3 1160 0.3555 -0.2570 0.002600
305.00 C 20270917 75.50 80.50 0 24 0.3539 0.7428 0.002600
305.00 P 20270917 23.15 26.80 3 1400 0.3546 -0.2721 0.002700
310.00 C 20270917 72.50 77.50 0 55 0.3528 0.7285 0.002600
310.00 P 20270917 25.00 28.75 2 84 0.3539 -0.2874 0.002800
315.00 C 20270917 70.00 75.00 0 58 0.3540 0.7140 0.002700
315.00 P 20270917 26.95 30.80 0 334 0.3533 -0.3031 0.002900
320.00 C 20270917 67.50 72.00 3 309 0.3548 0.6994 0.002800
320.00 P 20270917 28.95 32.95 0 287 0.3527 -0.3189 0.003000
325.00 C 20270917 64.50 69.00 1 63 0.3518 0.6846 0.002800
325.00 P 20270917 31.05 35.15 0 206 0.3520 -0.3350 0.003100
330.00 C 20270917 62.00 67.00 5 346 0.3522 0.6697 0.002900
330.00 P 20270917 33.25 37.50 0 254 0.3516 -0.3513 0.003100
335.00 C 20270917 61.00 64.20 2 205 0.3577 0.6547 0.002900
335.00 P 20270917 35.55 39.90 0 129 0.3511 -0.3677 0.003200
340.00 C 20270917 57.00 62.00 6 204 0.3512 0.6397 0.003000
340.00 P 20270917 37.50 42.00 8 526 0.3494 -0.3842 0.003300
345.00 C 20270917 56.00 59.50 4 90 0.3572 0.6246 0.003000
345.00 P 20270917 40.50 45.00 0 326 0.3507 -0.4008 0.003300
350.00 C 20270917 54.00 56.00 28 423 0.3535 0.6096 0.003100
350.00 P 20270917 43.00 47.65 3 270 0.3501 -0.4176 0.003400
355.00 C 20270917 51.00 54.20 0 616 0.3518 0.5946 0.003100
355.00 P 20270917 45.50 50.45 0 48 0.3495 -0.4343 0.003400
360.00 C 20270917 48.95 52.00 1 254 0.3516 0.5796 0.003100
360.00 P 20270917 48.50 53.30 1 468 0.3500 -0.4510 0.003500
365.00 C 20270917 46.95 49.90 1 125 0.3514 0.5647 0.003200
365.00 P 20270917 51.00 56.00 0 11 0.3504 -0.4678 0.003500
370.00 C 20270917 45.00 47.90 0 363 0.3513 0.5500 0.003200
370.00 P 20270917 54.00 59.00 0 202 0.3497 -0.4845 0.003600
375.00 C 20270917 43.10 45.95 3 141 0.3510 0.5353 0.003200
375.00 P 20270917 57.00 62.00 0 36 0.3503 -0.5012 0.003600
380.00 C 20270917 41.30 44.10 10 190 0.3510 0.5208 0.003200
380.00 P 20270917 60.50 65.45 0 118 0.3498 -0.5178 0.003600
385.00 C 20270917 39.55 42.30 0 204 0.3509 0.5064 0.003200
385.00 P 20270917 63.50 68.50 0 13 0.3485 -0.5343 0.003700
390.00 C 20270917 37.85 40.60 1 156 0.3508 0.4923 0.003200
390.00 P 20270917 67.00 72.00 0 20 0.3500 -0.5507 0.003700
395.00 C 20270917 36.20 39.00 0 97 0.3508 0.4783 0.003200
395.00 P 20270917 70.00 75.00 0 29 0.3508 -0.5671 0.003700
400.00 C 20270917 35.30 37.40 15 646 0.3531 0.4646 0.003200
400.00 P 20270917 73.50 78.50 0 323 0.3496 -0.5832 0.003700
405.00 C 20270917 33.10 35.90 1 136 0.3507 0.4510 0.003200
405.00 P 20270917 77.50 82.00 0 210 0.3496 -0.5992 0.003800
410.00 C 20270917 31.70 34.45 0 125 0.3509 0.4377 0.003200
410.00 P 20270917 80.50 85.50 0 0 0.3490 -0.6150 0.003800
415.00 C 20270917 30.30 33.05 0 133 0.3509 0.4247 0.003100
415.00 P 20270917 84.50 89.50 0 0 0.3499 -0.6307 0.003800
420.00 C 20270917 28.95 31.70 3 1223 0.3508 0.4119 0.003100
420.00 P 20270917 88.00 93.00 0 12 0.3483 -0.6463 0.003800
425.00 C 20270917 27.70 30.20 0 155 0.3502 0.3993 0.003100
425.00 P 20270917 92.00 97.00 0 14 0.3501 -0.6616 0.003800
430.00 C 20270917 26.50 29.20 6 346 0.3512 0.3870 0.003100
430.00 P 20270917 95.50 100.50 0 65 0.3515 -0.6767 0.003800
435.00 C 20270917 25.30 28.05 0 44 0.3514 0.3750 0.003000
435.00 P 20270917 99.50 104.50 0 39 0.3482 -0.6916 0.003800
440.00 C 20270917 23.00 28.00 0 207 0.3515 0.3633 0.003000
440.00 P 20270917 103.50 108.50 0 4 0.3487 -0.7062 0.003800
445.00 C 20270917 23.10 25.80 0 58 0.3515 0.3519 0.003000
445.00 P 20270917 107.50 112.50 0 33 0.3485 -0.7207 0.003800
450.00 C 20270917 22.10 24.00 16 1045 0.3489 0.3407 0.002900
450.00 P 20270917 111.50 116.50 0 5 0.3478 -0.7352 0.003800
455.00 C 20270917 21.10 23.80 0 379 0.3521 0.3298 0.002900
455.00 P 20270917 115.50 120.50 0 20 0.3514 -0.7492 0.003700
460.00 C 20270917 20.20 22.80 0 252 0.3523 0.3193 0.002800
460.00 P 20270917 120.00 125.00 0 5 0.3497 -0.7628 0.003700
465.00 C 20270917 19.30 21.90 0 92 0.3525 0.3089 0.002800
465.00 P 20270917 124.00 129.00 0 4 0.3474 -0.7761 0.003700
470.00 C 20270917 18.45 21.05 3 282 0.3529 0.2989 0.002800
470.00 P 20270917 128.50 133.50 0 4 0.3498 -0.7894 0.003700
475.00 C 20270917 17.60 20.20 0 110 0.3530 0.2892 0.002700
475.00 P 20270917 132.50 137.50 0 1 0.3517 -0.8024 0.003600
480.00 C 20270917 16.80 19.40 0 54 0.3532 0.2797 0.002700
480.00 P 20270917 137.00 142.00 0 0 0.3471 -0.8154 0.003600
485.00 C 20270917 15.00 20.00 0 39 0.3535 0.2705 0.002600
485.00 P 20270917 141.50 146.50 0 1 0.3479 -0.8280 0.003600
490.00 C 20270917 15.35 17.90 0 132 0.3538 0.2616 0.002600
490.00 P 20270917 146.00 151.00 0 0 0.3482 -0.8403 0.003600
495.00 C 20270917 14.65 17.20 0 86 0.3541 0.2529 0.002500
495.00 P 20270917 150.50 155.50 0 0 0.3481 -0.8520 0.003500
500.00 C 20270917 14.00 16.25 52 470 0.3532 0.2445 0.002500
500.00 P 20270917 155.00 160.00 0 4 0.3471 -0.8635 0.003500
505.00 C 20270917 13.40 15.85 1 18 0.3547 0.2364 0.002400
505.00 P 20270917 159.50 164.50 0 3 0.3535 -0.8756 0.003500
510.00 C 20270917 12.80 15.25 8 76 0.3551 0.2285 0.002400
510.00 P 20270917 164.50 169.50 0 6 0.3511 -0.8869 0.003500
515.00 C 20270917 12.20 14.65 0 66 0.3552 0.2209 0.002300
515.00 P 20270917 169.00 174.00 0 3 0.3473 -0.8976 0.003400
520.00 C 20270917 10.50 15.50 0 30 0.3556 0.2135 0.002300
520.00 P 20270917 173.50 178.50 0 2 0.3533 -0.9080 0.003300
525.00 C 20270917 11.15 13.55 0 85 0.3560 0.2064 0.002200
525.00 P 20270917 178.50 183.50 0 0 0.3475 -0.9178 0.003200
530.00 C 20270917 9.50 14.50 0 46 0.3564 0.1995 0.002200
530.00 P 20270917 183.00 188.00 0 0 0.3533 -0.9273 0.003100
535.00 C 20270917 9.00 14.00 0 105 0.3566 0.1928 0.002200
535.00 P 20270917 188.00 193.00 0 0 0.3394 -0.9372 0.003100
540.00 C 20270917 9.70 12.05 0 139 0.3568 0.1863 0.002100
540.00 P 20270917 193.00 198.00 0 0 0.3448 -0.9460 0.002900
545.00 C 20270917 8.00 13.00 0 117 0.3571 0.1801 0.002100
545.00 P 20270917 198.00 203.00 0 0 0.3502 -0.9537 0.002700
550.00 C 20270917 8.85 11.20 0 269 0.3578 0.1741 0.002000
550.00 P 20270917 202.50 207.50 0 0 0.3555 -0.9607 0.002400
555.00 C 20270917 8.45 10.75 0 27 0.3579 0.1683 0.002000
555.00 P 20270917 207.50 212.50 0 0 0.3608 -0.9670 0.002200
560.00 C 20270917 7.00 12.00 0 11 0.3581 0.1626 0.001900
560.00 P 20270917 212.50 217.50 0 0 0.3660 -0.9727 0.002000
565.00 C 20270917 6.50 11.50 0 69 0.3588 0.1572 0.001900
565.00 P 20270917 217.50 222.50 0 0 0.3711 -0.9778 0.001800
570.00 C 20270917 7.35 9.65 0 114 0.3592 0.1520 0.001800
570.00 P 20270917 222.50 227.50 0 0 0.3762 -0.9826 0.001500
575.00 C 20270917 5.50 10.50 0 67 0.3598 0.1469 0.001800
575.00 P 20270917 227.50 232.50 0 0 0.3812 -0.9868 0.001100
580.00 C 20270917 5.50 10.50 0 40 0.3598 0.1420 0.001700
580.00 P 20270917 232.50 237.50 0 0 0.3862 -0.9896 0.000900
585.00 C 20270917 6.40 8.60 0 16 0.3600 0.1373 0.001700
585.00 P 20270917 237.50 242.50 0 0 0.3911 -0.9920 0.000700
590.00 C 20270917 5.00 10.00 0 71 0.3607 0.1328 0.001700
590.00 P 20270917 242.50 247.50 0 0 0.3960 -0.9942 0.000500
595.00 C 20270917 4.50 9.50 0 166 0.3609 0.1284 0.001600
595.00 P 20270917 247.50 252.50 0 0 0.4008 -0.9961 0.000300
600.00 C 20270917 4.00 9.00 0 40 0.3616 0.1242 0.001600
600.00 P 20270917 252.50 257.50 0 0 0.4056 -0.9975 0.000200
610.00 C 20270917 3.50 8.50 0 8 0.3622 0.1162 0.001500
610.00 P 20270917 262.50 267.50 0 0 0.4150 -0.9999 0.000000
620.00 C 20270917 4.65 6.70 0 16 0.3629 0.1087 0.001400
620.00 P 20270917 272.50 277.50 0 0 0.4242 -1.0000 0.000000
630.00 C 20270917 4.25 6.30 1 1 0.3642 0.1018 0.001400
630.00 P 20270917 282.50 287.50 0 0 0.4333 -1.0000 0.000000
640.00 C 20270917 3.90 5.85 0 10 0.3649 0.0954 0.001300
640.00 P 20270917 292.50 297.50 0 0 0.4422 -1.0000 0.000000
650.00 C 20270917 2.00 7.00 0 66 0.3659 0.0894 0.001200
650.00 P 20270917 302.50 307.50 0 0 0.4510 -1.0000 0.000000
660.00 C 20270917 2.00 7.00 0 31 0.3669 0.0838 0.001200
660.00 P 20270917 312.50 317.50 0 0 0.4596 -1.0000 0.000000
670.00 C 20270917 1.50 6.50 0 19 0.3681 0.0786 0.001100
670.00 P 20270917 322.50 327.50 0 0 0.4680 -1.0000 0.000000
680.00 C 20270917 1.00 6.00 0 0 0.3690 0.0738 0.001100
680.00 P 20270917 332.50 337.50 0 0 0.4763 -1.0000 0.000000
690.00 C 20270917 2.49 4.30 0 1 0.3702 0.0694 0.001000
690.00 P 20270917 342.50 347.50 0 0 0.4844 -1.0000 0.000000
700.00 C 20270917 2.27 4.05 10 27 0.3712 0.0652 0.001000
700.00 P 20270917 352.50 357.50 0 0 0.4924 -1.0000 0.000000
710.00 C 20270917 2.08 3.85 0 0 0.3726 0.0613 0.000900
710.00 P 20270917 362.50 367.50 0 0 0.5003 -1.0000 0.000000
720.00 C 20270917 1.89 3.65 0 2 0.3737 0.0577 0.000900
720.00 P 20270917 372.50 377.50 0 0 0.5081 -1.0000 0.000000
730.00 C 20270917 0.00 5.00 0 1 0.3748 0.0544 0.000800
730.00 P 20270917 382.50 387.50 0 0 0.5157 -1.0000 0.000000
740.00 C 20270917 0.00 5.00 0 21 0.3757 0.0513 0.000800
740.00 P 20270917 392.50 397.50 0 0 0.5232 -1.0000 0.000000
750.00 C 20270917 0.00 5.00 0 8 0.3770 0.0484 0.000700
750.00 P 20270917 402.50 407.50 0 0 0.5307 -1.0000 0.000000
760.00 C 20270917 0.00 5.00 0 7 0.3781 0.0456 0.000700
760.00 P 20270917 412.50 417.50 0 0 0.5380 -1.0000 0.000000
770.00 C 20270917 0.00 5.00 0 5 0.3794 0.0431 0.000700
770.00 P 20270917 422.50 427.50 0 0 0.5452 -1.0000 0.000000
780.00 C 20270917 0.00 5.00 0 12 0.3806 0.0408 0.000600
780.00 P 20270917 432.50 437.50 0 0 0.5524 -1.0000 0.000000
790.00 C 20270917 1.01 2.55 0 142 0.3820 0.0385 0.000600
790.00 P 20270917 442.50 447.50 0 0 0.5594 -1.0000 0.000000
800.00 C 20270917 1.00 2.08 2 1927 0.3782 0.0365 0.000600
800.00 P 20270917 452.50 457.50 0 0 0.5663 -1.0000 0.000000
5.00 C 20271217 337.50 342.50 0 367 -1.0000 1.0000 0.000000
5.00 P 20271217 0.00 0.21 0 181 1.5035 -0.0004 0.000000
10.00 C 20271217 332.50 337.50 0 1 -1.0000 1.0000 0.000000
10.00 P 20271217 0.00 0.25 0 10 1.2476 -0.0006 0.000000
15.00 C 20271217 328.00 333.00 0 0 -1.0000 1.0000 0.000000
15.00 P 20271217 0.00 5.00 0 0 1.2698 -0.0007 0.000000
20.00 C 20271217 323.00 328.00 0 0 -1.0000 1.0000 0.000000
20.00 P 20271217 0.00 5.00 0 0 1.1432 -0.0009 0.000000
25.00 C 20271217 318.50 323.50 0 0 -1.0000 1.0000 0.000000
25.00 P 20271217 0.00 5.00 0 0 1.0470 -0.0010 0.000000
30.00 C 20271217 313.50 318.50 0 1 -1.0000 1.0000 0.000000
30.00 P 20271217 0.00 5.00 0 0 0.9720 -0.0011 0.000000
35.00 C 20271217 309.00 314.00 0 0 -1.0000 1.0000 0.000000
35.00 P 20271217 0.00 5.00 0 0 0.9099 -0.0013 0.000000
40.00 C 20271217 304.50 309.50 0 0 -1.0000 1.0000 0.000000
40.00 P 20271217 0.00 1.26 0 309 0.8571 -0.0014 0.000000
45.00 C 20271217 299.50 304.50 0 6 -1.0000 1.0000 0.000000
45.00 P 20271217 0.00 0.87 0 244 0.8124 -0.0016 0.000000
50.00 C 20271217 295.00 300.00 20 3309 -1.0000 1.0000 0.000000
50.00 P 20271217 0.01 0.89 0 326 0.7728 -0.0017 0.000000
55.00 C 20271217 290.00 295.00 0 149 -1.0000 1.0000 0.000000
55.00 P 20271217 0.01 0.91 0 57 0.7373 -0.0019 0.000000
60.00 C 20271217 285.50 290.50 0 7 -1.0000 1.0000 0.000000
60.00 P 20271217 0.00 5.00 0 45 0.6458 -0.0022 0.000000
65.00 C 20271217 281.00 286.00 0 5 -1.0000 1.0000 0.000000
65.00 P 20271217 0.10 5.00 0 72 0.6851 -0.0024 0.000000
70.00 C 20271217 276.00 281.00 0 112 -1.0000 1.0000 0.000000
70.00 P 20271217 0.10 0.20 0 188 0.5613 -0.0027 0.000000
75.00 C 20271217 271.50 276.50 0 17 -1.0000 1.0000 0.000000
75.00 P 20271217 0.10 4.00 0 171 0.6327 -0.0031 0.000000
80.00 C 20271217 267.00 272.00 0 33 -1.0000 1.0000 0.000000
80.00 P 20271217 0.10 1.25 0 324 0.6104 -0.0035 0.000000
85.00 C 20271217 262.00 267.00 0 55 -1.0000 0.9998 0.000000
85.00 P 20271217 0.10 5.00 0 54 0.5887 -0.0039 0.000000
90.00 C 20271217 257.50 262.50 0 137 0.4654 0.9992 0.000100
90.00 P 20271217 0.10 5.00 0 775 0.5695 -0.0045 0.000100
95.00 C 20271217 253.00 258.00 0 239 -1.0000 0.9987 0.000100
95.00 P 20271217 0.01 1.17 0 151 0.5450 -0.0051 0.000100
100.00 C 20271217 248.00 253.00 20 1012 0.3960 0.9980 0.000100
100.00 P 20271217 0.38 0.59 30 389 0.5108 -0.0058 0.000100
105.00 C 20271217 243.50 248.50 0 339 0.4551 0.9972 0.000100
105.00 P 20271217 0.01 1.28 0 155 0.5125 -0.0065 0.000100
110.00 C 20271217 239.00 244.00 0 167 -1.0000 0.9964 0.000100
110.00 P 20271217 0.00 1.44 0 273 0.4976 -0.0074 0.000100
115.00 C 20271217 234.00 239.00 0 809 0.4058 0.9954 0.000100
115.00 P 20271217 0.00 5.00 0 391 0.4842 -0.0084 0.000100
120.00 C 20271217 229.50 234.50 0 210 0.4305 0.9942 0.000100
120.00 P 20271217 0.00 5.00 0 928 0.4712 -0.0096 0.000100
125.00 C 20271217 225.00 230.00 0 69 0.4410 0.9930 0.000200
125.00 P 20271217 0.00 5.00 0 795 0.4589 -0.0109 0.000200
130.00 C 20271217 220.50 225.50 0 181 0.3898 0.9916 0.000200
130.00 P 20271217 0.00 5.00 0 3633 0.4494 -0.0123 0.000200
135.00 C 20271217 216.00 221.00 0 283 0.4033 0.9900 0.000200
135.00 P 20271217 0.16 1.50 0 1769 0.4305 -0.0140 0.000200
140.00 C 20271217 211.00 216.00 0 431 0.4094 0.9882 0.000200
140.00 P 20271217 0.29 1.95 12 539 0.4364 -0.0158 0.000200
145.00 C 20271217 206.50 211.50 0 285 0.4115 0.9862 0.000200
145.00 P 20271217 0.43 2.10 0 645 0.4310 -0.0178 0.000300
150.00 C 20271217 202.00 207.00 7 838 0.4111 0.9840 0.000300
150.00 P 20271217 0.85 2.27 0 8289 0.4318 -0.0201 0.000300
155.00 C 20271217 197.50 202.50 1 515 0.4090 0.9815 0.000300
155.00 P 20271217 0.77 2.47 0 607 0.4202 -0.0226 0.000300
160.00 C 20271217 193.00 198.00 0 1169 0.4057 0.9788 0.000400
160.00 P 20271217 0.96 2.71 0 779 0.4158 -0.0254 0.000400
165.00 C 20271217 188.50 193.50 0 723 0.4015 0.9758 0.000400
165.00 P 20271217 1.00 3.90 0 4236 0.4117 -0.0285 0.000400
170.00 C 20271217 184.00 189.00 0 1340 0.3966 0.9725 0.000400
170.00 P 20271217 0.00 5.00 0 2292 0.4084 -0.0319 0.000400
175.00 C 20271217 180.00 185.00 0 614 0.3998 0.9689 0.000500
175.00 P 20271217 1.68 3.60 0 734 0.4042 -0.0356 0.000500
180.00 C 20271217 175.50 180.50 1 1290 0.4010 0.9649 0.000500
180.00 P 20271217 1.98 3.95 0 1719 0.4006 -0.0397 0.000600
185.00 C 20271217 171.00 176.00 0 411 0.3936 0.9606 0.000600
185.00 P 20271217 2.31 4.25 0 1434 0.3959 -0.0442 0.000600
190.00 C 20271217 167.00 172.00 1 1066 0.3861 0.9559 0.000600
190.00 P 20271217 2.68 4.80 0 1069 0.3942 -0.0491 0.000700
195.00 C 20271217 162.50 167.50 0 590 0.3907 0.9509 0.000700
195.00 P 20271217 3.05 5.30 0 642 0.3912 -0.0543 0.000700
200.00 C 20271217 158.50 163.50 3 2772 0.3822 0.9454 0.000800
200.00 P 20271217 4.00 5.65 0 1978 0.3920 -0.0600 0.000800
205.00 C 20271217 154.00 159.00 0 477 0.3842 0.9396 0.000800
205.00 P 20271217 4.00 6.20 0 1911 0.3841 -0.0661 0.000800
210.00 C 20271217 150.00 155.00 12 466 0.3848 0.9333 0.000900
210.00 P 20271217 4.55 7.00 0 668 0.3837 -0.0726 0.000900
215.00 C 20271217 146.00 151.00 0 566 0.3799 0.9267 0.001000
215.00 P 20271217 5.15 7.65 0 701 0.3814 -0.0796 0.001000
220.00 C 20271217 142.00 147.00 0 514 0.3787 0.9196 0.001000
220.00 P 20271217 5.80 8.10 0 639 0.3773 -0.0868 0.001100
225.00 C 20271217 138.00 143.00 1 424 0.3768 0.9121 0.001100
225.00 P 20271217 6.50 9.15 0 734 0.3776 -0.0946 0.001200
230.00 C 20271217 134.00 139.00 0 1467 0.3741 0.9042 0.001200
230.00 P 20271217 7.25 10.00 0 323 0.3757 -0.1029 0.001200
235.00 C 20271217 130.00 135.00 0 487 0.3708 0.8959 0.001200
235.00 P 20271217 8.05 10.90 0 729 0.3739 -0.1116 0.001300
240.00 C 20271217 126.20 131.00 0 474 0.3716 0.8872 0.001300
240.00 P 20271217 8.90 11.90 1 1493 0.3723 -0.1208 0.001400
245.00 C 20271217 122.50 127.50 0 227 0.3721 0.8781 0.001400
245.00 P 20271217 9.85 12.95 0 568 0.3709 -0.1304 0.001500
250.00 C 20271217 118.50 123.50 0 1980 0.3671 0.8687 0.001500
250.00 P 20271217 10.95 14.05 0 1810 0.3700 -0.1404 0.001600
255.00 C 20271217 115.00 120.00 0 220 0.3673 0.8588 0.001600
255.00 P 20271217 11.90 15.25 0 531 0.3681 -0.1508 0.001600
260.00 C 20271217 111.50 116.50 10 833 0.3667 0.8486 0.001600
260.00 P 20271217 14.50 16.50 0 1028 0.3744 -0.1616 0.001700
265.00 C 20271217 108.00 113.00 0 301 0.3655 0.8381 0.001700
265.00 P 20271217 14.25 17.80 0 441 0.3655 -0.1729 0.001800
270.00 C 20271217 104.50 109.50 0 366 0.3637 0.8273 0.001800
270.00 P 20271217 15.55 19.20 0 1138 0.3645 -0.1844 0.001900
275.00 C 20271217 101.50 106.50 0 920 0.3636 0.8161 0.001900
275.00 P 20271217 16.95 20.70 0 455 0.3637 -0.1964 0.002000
280.00 C 20271217 98.00 103.00 1 5463 0.3630 0.8047 0.001900
280.00 P 20271217 18.35 22.25 2 1062 0.3626 -0.2087 0.002100
285.00 C 20271217 95.00 100.00 1 585 0.3617 0.7929 0.002000
285.00 P 20271217 19.85 23.90 0 959 0.3613 -0.2216 0.002200
290.00 C 20271217 91.80 96.50 0 237 0.3611 0.7810 0.002100
290.00 P 20271217 21.45 25.60 0 380 0.3607 -0.2342 0.002200
295.00 C 20271217 88.50 93.50 0 237 0.3596 0.7688 0.002200
295.00 P 20271217 23.15 27.40 0 305 0.3601 -0.2474 0.002300
300.00 C 20271217 85.50 90.50 5 1211 0.3588 0.7564 0.002200
300.00 P 20271217 25.00 28.75 3 1147 0.3577 -0.2609 0.002400
305.00 C 20271217 83.00 88.00 1 411 0.3594 0.7438 0.002300
305.00 P 20271217 26.70 31.25 0 395 0.3582 -0.2750 0.002500
310.00 C 20271217 80.00 85.00 2 603 0.3594 0.7311 0.002300
310.00 P 20271217 28.60 33.25 0 250 0.3577 -0.2886 0.002600
315.00 C 20271217 77.00 82.00 1 184 0.3570 0.7182 0.002400
315.00 P 20271217 30.60 35.40 0 220 0.3572 -0.3027 0.002600
320.00 C 20271217 74.50 79.50 2 958 0.3579 0.7052 0.002400
320.00 P 20271217 33.00 37.50 0 830 0.3575 -0.3170 0.002700
325.00 C 20271217 72.00 77.00 1 340 0.3582 0.6921 0.002500
325.00 P 20271217 35.00 39.90 0 176 0.3568 -0.3315 0.002800
330.00 C 20271217 69.50 74.50 0 658 0.3580 0.6790 0.002600
330.00 P 20271217 37.50 42.25 0 1445 0.3572 -0.3462 0.002800
335.00 C 20271217 67.00 72.00 0 223 0.3573 0.6657 0.002600
335.00 P 20271217 39.50 44.50 0 207 0.3567 -0.3609 0.002900
340.00 C 20271217 65.00 69.50 3 628 0.3579 0.6525 0.002600
340.00 P 20271217 42.00 47.00 1 380 0.3565 -0.3758 0.002900
345.00 C 20271217 64.25 67.00 2 360 0.3622 0.6392 0.002700
345.00 P 20271217 44.50 49.50 0 235 0.3558 -0.3907 0.003000
350.00 C 20271217 60.00 65.00 23 2301 0.3560 0.6260 0.002700
350.00 P 20271217 47.50 52.50 0 598 0.3564 -0.4057 0.003100
355.00 C 20271217 58.00 63.00 0 292 0.3553 0.6127 0.002700
355.00 P 20271217 50.00 55.00 0 412 0.3547 -0.4207 0.003100
360.00 C 20271217 56.35 60.25 0 1510 0.3562 0.5995 0.002800
360.00 P 20271217 53.00 58.00 0 343 0.3559 -0.4358 0.003100
365.00 C 20271217 54.35 58.10 1 4894 0.3558 0.5864 0.002800
365.00 P 20271217 56.00 60.50 0 164 0.3550 -0.4509 0.003200
370.00 C 20271217 52.45 55.00 0 940 0.3522 0.5734 0.002800
370.00 P 20271217 58.50 63.50 0 325 0.3536 -0.4660 0.003200
375.00 C 20271217 50.55 54.10 0 618 0.3554 0.5604 0.002800
375.00 P 20271217 62.75 65.35 0 359 0.3537 -0.4810 0.003300
380.00 C 20271217 48.70 52.25 20 692 0.3553 0.5476 0.002800
380.00 P 20271217 65.00 69.50 0 252 0.3543 -0.4960 0.003300
385.00 C 20271217 46.95 50.40 1 211 0.3552 0.5348 0.002800
385.00 P 20271217 68.00 73.00 0 101 0.3548 -0.5110 0.003300
390.00 C 20271217 45.20 48.65 2 1240 0.3550 0.5222 0.002800
390.00 P 20271217 71.00 75.50 0 170 0.3517 -0.5259 0.003400
395.00 C 20271217 43.55 46.95 0 426 0.3549 0.5098 0.002800
395.00 P 20271217 74.50 79.50 0 458 0.3546 -0.5407 0.003400
400.00 C 20271217 41.95 45.00 3 5966 0.3539 0.4974 0.002800
400.00 P 20271217 78.00 82.50 0 283 0.3538 -0.5554 0.003400
405.00 C 20271217 40.35 43.80 0 1935 0.3549 0.4853 0.002800
405.00 P 20271217 81.00 86.00 0 110 0.3526 -0.5701 0.003400
410.00 C 20271217 38.85 42.25 3 1292 0.3547 0.4733 0.002800
410.00 P 20271217 84.50 89.50 0 81 0.3527 -0.5846 0.003400
415.00 C 20271217 37.40 40.80 0 240 0.3548 0.4615 0.002800
415.00 P 20271217 88.50 93.00 0 466 0.3540 -0.5991 0.003500
420.00 C 20271217 36.00 39.40 0 2394 0.3548 0.4499 0.002800
420.00 P 20271217 91.50 96.50 0 531 0.3549 -0.6134 0.003500
425.00 C 20271217 34.65 38.05 19 1086 0.3549 0.4385 0.002800
425.00 P 20271217 95.50 100.50 0 1001 0.3537 -0.6277 0.003500
430.00 C 20271217 33.35 36.75 0 283 0.3550 0.4273 0.002800
430.00 P 20271217 99.00 104.00 0 85 0.3539 -0.6417 0.003500
435.00 C 20271217 31.50 36.50 0 542 0.3552 0.4163 0.002800
435.00 P 20271217 103.00 108.00 0 108 0.3536 -0.6556 0.003500
440.00 C 20271217 30.50 35.00 0 788 0.3552 0.4055 0.002800
440.00 P 20271217 106.50 111.50 0 69 0.3536 -0.6695 0.003500
445.00 C 20271217 30.00 33.10 0 53 0.3562 0.3949 0.002700
445.00 P 20271217 110.50 115.50 0 27 0.3555 -0.6831 0.003500
450.00 C 20271217 28.65 31.95 1 888 0.3555 0.3845 0.002700
450.00 P 20271217 114.50 119.50 0 33 0.3521 -0.6966 0.003600
455.00 C 20271217 27.55 30.90 0 779 0.3557 0.3743 0.002700
455.00 P 20271217 118.50 123.50 0 11 0.3520 -0.7101 0.003600
460.00 C 20271217 26.55 29.80 0 142 0.3558 0.3643 0.002700
460.00 P 20271217 122.50 127.50 0 121 0.3556 -0.7234 0.003600
465.00 C 20271217 24.50 29.50 0 79 0.3560 0.3546 0.002600
465.00 P 20271217 127.00 132.00 0 7 0.3548 -0.7363 0.003600
470.00 C 20271217 24.55 27.85 0 341 0.3562 0.3451 0.002600
470.00 P 20271217 131.00 136.00 0 29 0.3535 -0.7492 0.003600
475.00 C 20271217 23.00 28.00 0 89 0.3564 0.3357 0.002600
475.00 P 20271217 135.00 140.00 0 33 0.3561 -0.7620 0.003600
480.00 C 20271217 22.00 24.35 0 399 0.3508 0.3266 0.002600
480.00 P 20271217 139.50 144.50 0 76 0.3539 -0.7744 0.003500
485.00 C 20271217 21.90 25.10 0 118 0.3567 0.3177 0.002500
485.00 P 20271217 143.50 148.50 0 25 0.3559 -0.7866 0.003500
490.00 C 20271217 20.50 25.00 0 132 0.3568 0.3090 0.002500
490.00 P 20271217 148.00 153.00 0 79 0.3524 -0.7989 0.003500
495.00 C 20271217 19.50 24.50 0 247 0.3571 0.3006 0.002500
495.00 P 20271217 152.50 157.50 0 27 0.3536 -0.8107 0.003500
500.00 C 20271217 19.00 23.50 0 2377 0.3573 0.2923 0.002400
500.00 P 20271217 157.00 162.00 0 132 0.3545 -0.8224 0.003400
505.00 C 20271217 18.55 22.15 0 222 0.3574 0.2842 0.002400
505.00 P 20271217 161.50 166.50 0 42 0.3549 -0.8339 0.003400
510.00 C 20271217 17.00 22.00 0 352 0.3578 0.2764 0.002400
510.00 P 20271217 166.00 171.00 0 24 0.3548 -0.8452 0.003400
515.00 C 20271217 16.50 21.50 0 500 0.3579 0.2687 0.002300
515.00 P 20271217 170.50 175.50 0 0 0.3542 -0.8569 0.003400
520.00 C 20271217 16.00 21.00 0 222 0.3581 0.2612 0.002300
520.00 P 20271217 175.00 180.00 0 0 0.3530 -0.8681 0.003400
525.00 C 20271217 15.00 20.00 0 72 0.3585 0.2539 0.002300
525.00 P 20271217 179.50 184.50 0 4 0.3508 -0.8789 0.003400
530.00 C 20271217 14.50 19.50 0 128 0.3584 0.2469 0.002200
530.00 P 20271217 184.00 189.00 0 9 0.3563 -0.8891 0.003400
535.00 C 20271217 14.00 19.00 0 86 0.3588 0.2400 0.002200
535.00 P 20271217 189.00 194.00 0 3 0.3530 -0.8988 0.003300
540.00 C 20271217 14.30 17.35 0 566 0.3590 0.2333 0.002200
540.00 P 20271217 193.50 198.50 0 0 0.3584 -0.9087 0.003300
545.00 C 20271217 13.00 18.00 0 189 0.3591 0.2267 0.002100
545.00 P 20271217 198.50 203.50 0 0 0.3529 -0.9190 0.003200
550.00 C 20271217 12.50 17.50 0 501 0.3594 0.2204 0.002100
550.00 P 20271217 203.00 208.00 0 0 0.3580 -0.9283 0.003200
555.00 C 20271217 12.00 17.00 0 72 0.3597 0.2142 0.002000
555.00 P 20271217 208.00 213.00 0 0 0.3453 -0.9370 0.003000
560.00 C 20271217 12.25 15.20 0 146 0.3599 0.2082 0.002000
560.00 P 20271217 213.00 218.00 0 1 0.3502 -0.9453 0.002800
565.00 C 20271217 11.80 14.70 1 1270 0.3601 0.2024 0.002000
565.00 P 20271217 217.50 222.50 0 0 0.3550 -0.9528 0.002600
570.00 C 20271217 11.35 14.25 0 178 0.3605 0.1967 0.001900
570.00 P 20271217 222.50 227.50 0 0 0.3598 -0.9594 0.002500
575.00 C 20271217 10.00 15.00 0 246 0.3606 0.1912 0.001900
575.00 P 20271217 227.50 232.50 0 0 0.3646 -0.9657 0.002300
580.00 C 20271217 10.50 13.35 0 182 0.3609 0.1858 0.001900
580.00 P 20271217 232.50 237.50 0 0 0.3693 -0.9715 0.002100
590.00 C 20271217 8.50 13.50 0 230 0.3614 0.1755 0.001800
590.00 P 20271217 242.50 247.50 0 0 0.3786 -0.9812 0.001400
600.00 C 20271217 8.95 11.80 0 1916 0.3618 0.1658 0.001700
600.00 P 20271217 252.50 257.50 0 0 0.3876 -0.9880 0.000900
610.00 C 20271217 7.50 12.50 0 78 0.3622 0.1567 0.001700
610.00 P 20271217 262.50 267.50 0 0 0.3965 -0.9931 0.000500
620.00 C 20271217 6.50 11.50 0 157 0.3629 0.1481 0.001600
620.00 P 20271217 272.50 277.50 0 0 0.4052 -0.9971 0.000200
630.00 C 20271217 7.10 9.80 0 233 0.3634 0.1400 0.001500
630.00 P 20271217 282.50 287.50 0 0 0.4138 -1.0000 0.000000
640.00 C 20271217 5.50 10.50 0 83 0.3640 0.1323 0.001500
640.00 P 20271217 292.50 297.50 0 0 0.4222 -1.0000 0.000000
650.00 C 20271217 6.10 8.70 0 792 0.3647 0.1251 0.001400
650.00 P 20271217 302.50 307.50 0 0 0.4305 -1.0000 0.000000
660.00 C 20271217 4.50 9.50 0 30 0.3652 0.1183 0.001400
660.00 P 20271217 312.50 317.50 0 0 0.4386 -1.0000 0.000000
670.00 C 20271217 4.00 9.00 0 23 0.3657 0.1119 0.001300
670.00 P 20271217 322.65 327.50 0 0 0.4466 -1.0000 0.000000
680.00 C 20271217 3.50 8.50 0 36 0.3664 0.1059 0.001300
680.00 P 20271217 332.65 337.50 0 0 0.4545 -1.0000 0.000000
690.00 C 20271217 4.50 6.90 0 6 0.3671 0.1002 0.001200
690.00 P 20271217 342.75 347.50 0 0 0.4622 -1.0000 0.000000
700.00 C 20271217 4.15 6.15 1 30 0.3647 0.0949 0.001200
700.00 P 20271217 352.50 357.50 0 0 0.4698 -1.0000 0.000000
710.00 C 20271217 3.85 6.15 0 8 0.3680 0.0899 0.001100
710.00 P 20271217 362.50 367.50 0 0 0.4773 -1.0000 0.000000
720.00 C 20271217 2.50 7.50 0 52 0.3692 0.0852 0.001100
720.00 P 20271217 372.50 377.50 0 0 0.4847 -1.0000 0.000000
730.00 C 20271217 2.00 7.00 0 5 0.3700 0.0807 0.001000
730.00 P 20271217 382.50 387.50 0 0 0.4920 -1.0000 0.000000
740.00 C 20271217 1.50 6.50 0 10 0.3704 0.0765 0.001000
740.00 P 20271217 392.50 397.50 0 0 0.4991 -1.0000 0.000000
750.00 C 20271217 2.85 5.00 0 19 0.3710 0.0726 0.000900
750.00 P 20271217 402.50 407.50 0 0 0.5062 -1.0000 0.000000
760.00 C 20271217 1.00 6.00 0 15 0.3720 0.0688 0.000900
760.00 P 20271217 412.55 417.50 0 0 0.5132 -1.0000 0.000000
770.00 C 20271217 1.00 6.00 0 10 0.3730 0.0653 0.000900
770.00 P 20271217 422.65 427.50 0 0 0.5200 -1.0000 0.000000
780.00 C 20271217 2.25 4.40 0 106 0.3740 0.0620 0.000800
780.00 P 20271217 432.75 437.50 0 0 0.5268 -1.0000 0.000000
790.00 C 20271217 2.08 4.20 0 152 0.3747 0.0589 0.000800
790.00 P 20271217 442.75 447.50 0 0 0.5335 -1.0000 0.000000
800.00 C 20271217 2.77 4.00 1 1512 0.3846 0.0560 0.000800
800.00 P 20271217 452.50 457.50 0 0 0.5401 -1.0000 0.000000
5.00 C 20280121 337.50 342.50 0 4576 -1.0000 1.0000 0.000000
5.00 P 20280121 0.00 0.23 0 1077 1.4696 -0.0004 0.000000
10.00 C 20280121 332.50 337.50 0 1 -1.0000 1.0000 0.000000
10.00 P 20280121 0.00 1.05 0 6 1.4258 -0.0006 0.000000
15.00 C 20280121 328.00 333.00 0 2 -1.0000 1.0000 0.000000
15.00 P 20280121 0.00 5.00 0 0 1.2383 -0.0008 0.000000
20.00 C 20280121 323.00 328.00 0 0 -1.0000 1.0000 0.000000
20.00 P 20280121 0.00 1.29 0 1 1.1146 -0.0010 0.000000
25.00 C 20280121 318.50 323.50 0 5 -1.0000 1.0000 0.000000
25.00 P 20280121 0.00 1.30 0 21 1.0224 -0.0011 0.000000
30.00 C 20280121 314.00 319.00 0 0 -1.0000 1.0000 0.000000
30.00 P 20280121 0.00 5.00 0 0 0.9476 -0.0012 0.000000
35.00 C 20280121 309.00 314.00 0 0 -1.0000 1.0000 0.000000
35.00 P 20280121 0.00 1.35 0 202 0.8884 -0.0014 0.000000
40.00 C 20280121 304.50 309.20 0 1 -1.0000 1.0000 0.000000
40.00 P 20280121 0.00 0.08 0 367 0.6390 -0.0016 0.000000
45.00 C 20280121 300.00 305.00 0 43 -1.0000 1.0000 0.000000
45.00 P 20280121 0.00 5.00 0 485 0.7871 -0.0017 0.000000
50.00 C 20280121 295.00 300.00 0 312 -1.0000 1.0000 0.000000
50.00 P 20280121 0.00 5.00 0 102 0.7543 -0.0019 0.000000
60.00 C 20280121 286.00 291.00 0 13 -1.0000 1.0000 0.000000
60.00 P 20280121 0.00 5.00 0 5 0.6891 -0.0024 0.000000
70.00 C 20280121 276.50 281.50 0 3 -1.0000 1.0000 0.000000
70.00 P 20280121 0.10 5.00 0 55 0.6428 -0.0031 0.000000
80.00 C 20280121 267.00 272.00 0 6 -1.0000 1.0000 0.000000
80.00 P 20280121 0.10 1.30 0 301 0.5966 -0.0039 0.000000
90.00 C 20280121 258.00 263.00 0 7 0.4630 0.9990 0.000100
90.00 P 20280121 0.10 0.73 0 649 0.5224 -0.0051 0.000100
100.00 C 20280121 248.50 253.50 0 181 0.3679 0.9976 0.000100
100.00 P 20280121 0.10 0.66 150 286 0.4789 -0.0065 0.000100
110.00 C 20280121 239.50 244.50 0 28 0.4508 0.9957 0.000100
110.00 P 20280121 0.06 1.49 0 184 0.4920 -0.0084 0.000100
120.00 C 20280121 230.50 235.50 0 44 0.4015 0.9934 0.000100
120.00 P 20280121 0.00 2.68 0 88 0.4636 -0.0108 0.000100
125.00 C 20280121 225.50 230.50 0 9 0.4141 0.9920 0.000200
125.00 P 20280121 0.00 2.88 0 78 0.4521 -0.0122 0.000200
130.00 C 20280121 221.00 226.00 0 24 0.4195 0.9905 0.000200
130.00 P 20280121 0.12 1.89 0 64 0.4452 -0.0138 0.000200
135.00 C 20280121 216.50 221.50 0 14 0.4210 0.9888 0.000200
135.00 P 20280121 0.00 5.00 0 28 0.4388 -0.0155 0.000200
140.00 C 20280121 212.00 217.00 0 24 0.4201 0.9869 0.000200
140.00 P 20280121 0.00 3.60 0 178 0.4331 -0.0175 0.000200
145.00 C 20280121 207.50 212.50 0 35 0.4176 0.9847 0.000300
145.00 P 20280121 0.00 5.00 0 151 0.4275 -0.0197 0.000300
150.00 C 20280121 203.00 208.00 0 661 0.4139 0.9824 0.000300
150.00 P 20280121 0.00 5.00 0 348 0.4225 -0.0221 0.000300
155.00 C 20280121 198.50 203.50 0 35 0.4093 0.9798 0.000300
155.00 P 20280121 0.00 5.00 0 256 0.4181 -0.0248 0.000300
160.00 C 20280121 194.00 199.00 0 63 0.4040 0.9769 0.000400
160.00 P 20280121 0.00 5.00 0 201 0.4187 -0.0278 0.000400
165.00 C 20280121 189.50 194.50 0 33 0.3982 0.9738 0.000400
165.00 P 20280121 0.00 5.00 0 52 0.4098 -0.0310 0.000400
170.00 C 20280121 185.50 190.50 0 48 0.3921 0.9703 0.000400
170.00 P 20280121 0.00 5.00 0 1127 0.4055 -0.0345 0.000500
175.00 C 20280121 181.00 186.00 0 49 0.4015 0.9666 0.000500
175.00 P 20280121 1.91 4.05 0 612 0.4026 -0.0384 0.000500
180.00 C 20280121 176.50 181.50 0 79 0.3937 0.9625 0.000500
180.00 P 20280121 2.24 4.45 1 562 0.3989 -0.0427 0.000600
185.00 C 20280121 172.50 177.50 0 24 0.3858 0.9581 0.000600
185.00 P 20280121 2.59 4.85 0 152 0.3954 -0.0473 0.000600
190.00 C 20280121 168.00 173.00 0 46 0.3902 0.9533 0.000600
190.00 P 20280121 2.83 5.55 0 1794 0.3927 -0.0523 0.000700
195.00 C 20280121 164.00 169.00 0 420 0.3872 0.9482 0.000700
195.00 P 20280121 3.65 5.85 0 1142 0.3922 -0.0576 0.000700
200.00 C 20280121 159.50 164.50 0 501 0.3835 0.9426 0.000800
200.00 P 20280121 3.90 6.10 1 1473 0.3841 -0.0634 0.000800
205.00 C 20280121 155.50 160.50 0 24 0.3840 0.9368 0.000800
205.00 P 20280121 4.40 7.00 0 178 0.3844 -0.0696 0.000900
210.00 C 20280121 151.50 156.50 2 119 0.3826 0.9305 0.000900
210.00 P 20280121 5.00 7.65 0 338 0.3822 -0.0761 0.000900
215.00 C 20280121 147.50 152.50 2 23 0.3746 0.9238 0.001000
215.00 P 20280121 5.60 8.30 0 333 0.3794 -0.0831 0.001000
220.00 C 20280121 143.50 148.50 0 181 0.3760 0.9168 0.001000
220.00 P 20280121 6.30 9.15 1 1781 0.3785 -0.0904 0.001100
225.00 C 20280121 139.50 144.50 0 155 0.3770 0.9094 0.001100
225.00 P 20280121 7.05 9.80 0 414 0.3753 -0.0984 0.001200
230.00 C 20280121 135.50 140.50 3 745 0.3736 0.9015 0.001200
230.00 P 20280121 7.80 10.85 0 2023 0.3746 -0.1064 0.001200
235.00 C 20280121 131.55 136.50 0 154 0.3701 0.8933 0.001200
235.00 P 20280121 8.65 11.85 0 387 0.3733 -0.1151 0.001300
240.00 C 20280121 128.00 132.90 2 783 0.3711 0.8848 0.001300
240.00 P 20280121 9.70 12.85 0 665 0.3725 -0.1242 0.001400
245.00 C 20280121 124.50 129.50 0 157 0.3674 0.8758 0.001400
245.00 P 20280121 10.70 13.95 0 723 0.3713 -0.1336 0.001500
250.00 C 20280121 122.00 125.50 0 1414 0.3755 0.8666 0.001400
250.00 P 20280121 11.55 15.10 3 3078 0.3688 -0.1435 0.001500
255.00 C 20280121 117.00 122.00 0 221 0.3668 0.8569 0.001500
255.00 P 20280121 12.90 16.30 0 518 0.3687 -0.1538 0.001600
260.00 C 20280121 113.50 118.50 1 450 0.3657 0.8470 0.001600
260.00 P 20280121 13.80 17.60 0 1666 0.3661 -0.1644 0.001700
265.00 C 20280121 110.00 115.00 0 163 0.3641 0.8367 0.001700
265.00 P 20280121 15.05 18.95 0 353 0.3650 -0.1754 0.001800
270.00 C 20280121 106.55 111.50 2 3586 0.3621 0.8262 0.001700
270.00 P 20280121 16.40 20.40 0 4089 0.3641 -0.1868 0.001900
275.00 C 20280121 103.50 108.50 1 166 0.3637 0.8153 0.001800
275.00 P 20280121 17.75 21.90 3 960 0.3628 -0.1984 0.002000
280.00 C 20280121 100.05 105.00 0 757 0.3607 0.8042 0.001900
280.00 P 20280121 19.25 23.50 1 1768 0.3621 -0.2104 0.002000
285.00 C 20280121 97.00 102.00 0 386 0.3611 0.7928 0.002000
285.00 P 20280121 20.80 25.15 0 464 0.3612 -0.2228 0.002100
290.00 C 20280121 94.00 99.00 1 438 0.3590 0.7812 0.002000
290.00 P 20280121 22.50 26.90 0 1581 0.3607 -0.2354 0.002200
295.00 C 20280121 91.00 96.00 0 213 0.3604 0.7695 0.002100
295.00 P 20280121 24.10 28.70 0 457 0.3595 -0.2482 0.002300
300.00 C 20280121 90.00 92.00 53 2415 0.3632 0.7575 0.002100
300.00 P 20280121 26.65 30.45 188 5164 0.3611 -0.2613 0.002300
305.00 C 20280121 85.00 90.00 0 461 0.3578 0.7453 0.002200
305.00 P 20280121 28.00 31.00 1 303 0.3533 -0.2747 0.002400
310.00 C 20280121 84.00 87.20 0 350 0.3631 0.7330 0.002300
310.00 P 20280121 30.00 34.50 0 1273 0.3582 -0.2882 0.002500
315.00 C 20280121 79.50 84.50 0 175 0.3569 0.7206 0.002300
315.00 P 20280121 32.00 36.80 0 351 0.3578 -0.3024 0.002600
320.00 C 20280121 77.00 82.00 4 1047 0.3575 0.7081 0.002400
320.00 P 20280121 35.00 39.00 5 6745 0.3607 -0.3159 0.002600
325.00 C 20280121 74.50 79.50 2 308 0.3570 0.6954 0.002400
325.00 P 20280121 36.50 41.00 0 1288 0.3568 -0.3300 0.002700
330.00 C 20280121 73.00 77.00 5 1320 0.3590 0.6828 0.002400
330.00 P 20280121 38.50 43.50 1 890 0.3559 -0.3442 0.002700
335.00 C 20280121 69.50 74.50 1 500 0.3566 0.6700 0.002500
335.00 P 20280121 41.00 45.80 0 433 0.3552 -0.3590 0.002800
340.00 C 20280121 67.00 72.00 4 598 0.3554 0.6572 0.002500
340.00 P 20280121 43.50 48.00 0 360 0.3544 -0.3730 0.002900
345.00 C 20280121 66.50 69.00 6 289 0.3587 0.6444 0.002600
345.00 P 20280121 46.00 51.00 3 1985 0.3553 -0.3875 0.002900
350.00 C 20280121 63.30 67.50 61 1986 0.3577 0.6317 0.002600
350.00 P 20280121 48.50 53.50 0 3145 0.3542 -0.4021 0.003000
355.00 C 20280121 60.50 65.50 2 489 0.3544 0.6189 0.002600
355.00 P 20280121 51.50 56.50 0 568 0.3559 -0.4166 0.003000
360.00 C 20280121 58.00 63.00 1 917 0.3533 0.6062 0.002700
360.00 P 20280121 54.30 59.00 0 365 0.3548 -0.4313 0.003100
365.00 C 20280121 56.80 60.85 1 193 0.3554 0.5936 0.002700
365.00 P 20280121 57.00 62.00 0 355 0.3545 -0.4460 0.003100
370.00 C 20280121 54.85 58.80 46 4648 0.3551 0.5810 0.002700
370.00 P 20280121 60.00 65.00 0 1836 0.3548 -0.4606 0.003100
375.00 C 20280121 53.00 56.85 0 521 0.3551 0.5685 0.002700
375.00 P 20280121 63.00 68.00 0 708 0.3547 -0.4753 0.003200
380.00 C 20280121 51.15 54.95 0 2976 0.3548 0.5560 0.002700
380.00 P 20280121 66.00 71.00 0 720 0.3542 -0.4899 0.003200
385.00 C 20280121 49.40 53.10 4 325 0.3547 0.5438 0.002700
385.00 P 20280121 69.00 74.00 0 295 0.3532 -0.5045 0.003200
390.00 C 20280121 47.65 51.35 1 274 0.3546 0.5316 0.002800
390.00 P 20280121 72.50 77.00 0 514 0.3533 -0.5190 0.003300
395.00 C 20280121 46.00 49.65 3 304 0.3546 0.5195 0.002800
395.00 P 20280121 75.50 80.50 0 98 0.3531 -0.5335 0.003300
400.00 C 20280121 44.35 48.00 31 2598 0.3544 0.5076 0.002800
400.00 P 20280121 78.50 83.50 1 160 0.3541 -0.5478 0.003300
405.00 C 20280121 42.75 46.40 0 134 0.3542 0.4959 0.002800
405.00 P 20280121 82.30 87.00 0 55 0.3530 -0.5622 0.003400
410.00 C 20280121 41.25 44.90 0 198 0.3544 0.4843 0.002800
410.00 P 20280121 85.50 90.50 0 80 0.3517 -0.5764 0.003400
415.00 C 20280121 39.80 43.40 2 374 0.3544 0.4728 0.002800
415.00 P 20280121 89.00 94.00 0 82 0.3530 -0.5906 0.003400
420.00 C 20280121 38.40 41.95 6 4034 0.3544 0.4616 0.002700
420.00 P 20280121 92.50 97.50 0 81 0.3541 -0.6046 0.003400
425.00 C 20280121 37.00 40.60 0 2599 0.3544 0.4505 0.002700
425.00 P 20280121 96.50 101.50 0 592 0.3531 -0.6185 0.003400
430.00 C 20280121 35.65 38.75 3 3891 0.3528 0.4396 0.002700
430.00 P 20280121 100.00 105.00 0 9 0.3517 -0.6323 0.003400
435.00 C 20280121 34.40 38.00 0 241 0.3546 0.4288 0.002700
435.00 P 20280121 104.00 109.00 0 8 0.3534 -0.6460 0.003500
440.00 C 20280121 33.15 36.75 6 4069 0.3546 0.4183 0.002700
440.00 P 20280121 108.00 112.50 0 38 0.3529 -0.6596 0.003500
445.00 C 20280121 31.95 34.00 6 434 0.3498 0.4080 0.002700
445.00 P 20280121 111.50 116.50 0 9 0.3521 -0.6731 0.003500
450.00 C 20280121 30.80 34.35 1 5574 0.3546 0.3978 0.002700
450.00 P 20280121 115.50 120.45 0 139 0.3524 -0.6863 0.003500
455.00 C 20280121 29.70 33.25 0 128 0.3548 0.3879 0.002600
455.00 P 20280121 119.50 124.40 0 427 0.3524 -0.6995 0.003500
460.00 C 20280121 28.65 32.15 0 905 0.3550 0.3781 0.002600
460.00 P 20280121 123.50 128.50 0 30 0.3526 -0.7127 0.003500
465.00 C 20280121 28.00 31.95 0 653 0.3564 0.3685 0.002600
465.00 P 20280121 127.50 132.50 0 28 0.3520 -0.7255 0.003500
470.00 C 20280121 26.60 30.10 0 243 0.3551 0.3592 0.002600
470.00 P 20280121 131.50 136.50 0 22 0.3510 -0.7383 0.003500
475.00 C 20280121 25.65 29.15 1 522 0.3554 0.3500 0.002600
475.00 P 20280121 136.00 141.00 0 21 0.3537 -0.7508 0.003500
480.00 C 20280121 24.75 28.20 2 1327 0.3556 0.3410 0.002500
480.00 P 20280121 140.00 145.00 0 9 0.3519 -0.7632 0.003500
485.00 C 20280121 23.85 27.30 0 292 0.3557 0.3323 0.002500
485.00 P 20280121 144.50 149.50 0 65 0.3540 -0.7752 0.003500
490.00 C 20280121 23.00 26.40 77 801 0.3558 0.3237 0.002500
490.00 P 20280121 148.50 153.50 0 4 0.3510 -0.7874 0.003500
495.00 C 20280121 22.15 25.55 0 583 0.3559 0.3153 0.002400
495.00 P 20280121 153.00 158.00 0 6 0.3524 -0.7995 0.003500
500.00 C 20280121 21.35 24.75 51 5533 0.3562 0.3071 0.002400
500.00 P 20280121 157.50 162.50 0 120 0.3525 -0.8114 0.003500
505.00 C 20280121 20.60 23.95 0 442 0.3564 0.2991 0.002400
505.00 P 20280121 162.00 167.00 0 0 0.3543 -0.8230 0.003500
510.00 C 20280121 19.85 23.20 0 904 0.3566 0.2913 0.002400
510.00 P 20280121 166.00 171.00 0 0 0.3546 -0.8342 0.003400
515.00 C 20280121 19.15 22.45 0 815 0.3567 0.2837 0.002300
515.00 P 20280121 171.00 176.00 0 0 0.3546 -0.8457 0.003400
520.00 C 20280121 18.45 21.75 0 2533 0.3569 0.2763 0.002300
520.00 P 20280121 175.50 180.50 0 0 0.3541 -0.8570 0.003500
525.00 C 20280121 17.80 20.00 245 2476 0.3532 0.2690 0.002200
525.00 P 20280121 180.00 185.00 0 2 0.3529 -0.8680 0.003500
530.00 C 20280121 17.15 21.50 207 5413 0.3517 0.2620 0.002200
530.00 P 20280121 184.50 189.50 0 0 0.3505 -0.8785 0.003400
535.00 C 20280121 16.50 19.80 88 5370 0.3576 0.2550 0.002200
535.00 P 20280121 189.00 194.00 0 8 0.3559 -0.8886 0.003400
540.00 C 20280121 15.90 19.15 0 255 0.3576 0.2483 0.002200
540.00 P 20280121 194.00 199.00 0 13 0.3524 -0.8984 0.003300
545.00 C 20280121 15.35 18.60 0 583 0.3581 0.2418 0.002100
545.00 P 20280121 198.50 203.50 0 0 0.3576 -0.9085 0.003200
550.00 C 20280121 14.80 18.00 9 13341 0.3582 0.2354 0.002100
550.00 P 20280121 203.50 208.50 0 3 0.3522 -0.9184 0.003200
555.00 C 20280121 14.25 17.45 0 951 0.3584 0.2292 0.002100
555.00 P 20280121 208.50 213.00 0 0 0.3572 -0.9278 0.003200
560.00 C 20280121 13.75 16.90 0 2527 0.3586 0.2231 0.002000
560.00 P 20280121 213.00 218.00 0 0 0.3450 -0.9366 0.003000
565.00 C 20280121 13.25 16.40 0 246 0.3588 0.2172 0.002000
565.00 P 20280121 218.00 223.00 0 0 0.3498 -0.9446 0.002800
570.00 C 20280121 12.80 15.90 2 6844 0.3592 0.2115 0.002000
570.00 P 20280121 222.50 227.50 0 0 0.3545 -0.9522 0.002600
575.00 C 20280121 12.35 15.40 144 3926 0.3594 0.2059 0.001900
575.00 P 20280121 227.50 232.50 0 0 0.3591 -0.9586 0.002500
580.00 C 20280121 11.85 14.95 0 2413 0.3594 0.2004 0.001900
580.00 P 20280121 232.75 237.50 0 0 0.3637 -0.9646 0.002300
590.00 C 20280121 11.00 14.10 0 1003 0.3600 0.1900 0.001800
590.00 P 20280121 242.50 247.50 0 0 0.3728 -0.9753 0.001800
600.00 C 20280121 10.25 13.25 3 7819 0.3604 0.1800 0.001800
600.00 P 20280121 252.50 257.50 0 0 0.3817 -0.9842 0.001200
610.00 C 20280121 9.50 12.45 0 2628 0.3606 0.1707 0.001700
610.00 P 20280121 262.50 267.50 0 0 0.3904 -0.9900 0.000700
620.00 C 20280121 8.00 13.00 0 515 0.3615 0.1618 0.001600
620.00 P 20280121 272.50 277.50 0 0 0.3990 -0.9946 0.000400
630.00 C 20280121 7.50 12.50 0 565 0.3620 0.1534 0.001600
630.00 P 20280121 282.50 287.50 0 0 0.4074 -0.9981 0.000100
640.00 C 20280121 7.60 10.50 0 1228 0.3622 0.1455 0.001500
640.00 P 20280121 292.50 297.50 0 0 0.4156 -1.0000 0.000000
650.00 C 20280121 8.00 9.90 22 23113 0.3678 0.1380 0.001500
650.00 P 20280121 302.50 307.50 0 0 0.4238 -1.0000 0.000000
660.00 C 20280121 6.60 9.40 0 74 0.3636 0.1309 0.001400
660.00 P 20280121 312.50 317.50 0 0 0.4317 -1.0000 0.000000
670.00 C 20280121 5.00 10.00 0 1341 0.3640 0.1242 0.001400
670.00 P 20280121 322.50 327.50 0 0 0.4396 -1.0000 0.000000
680.00 C 20280121 4.50 9.50 0 945 0.3646 0.1178 0.001300
680.00 P 20280121 332.50 337.50 0 0 0.4472 -1.0000 0.000000
690.00 C 20280121 4.00 9.00 0 2942 0.3651 0.1119 0.001300
690.00 P 20280121 342.50 347.50 0 0 0.4548 -1.0000 0.000000
700.00 C 20280121 4.00 9.00 0 2466 0.3659 0.1062 0.001200
700.00 P 20280121 352.50 357.50 0 0 0.4623 -1.0000 0.000000
710.00 C 20280121 3.50 8.50 0 115 0.3663 0.1009 0.001200
710.00 P 20280121 362.50 367.50 0 0 0.4696 -1.0000 0.000000
720.00 C 20280121 3.00 8.00 0 1463 0.3668 0.0958 0.001100
720.00 P 20280121 372.50 377.50 0 0 0.4769 -1.0000 0.000000
730.00 C 20280121 3.00 8.00 0 139 0.3677 0.0911 0.001100
730.00 P 20280121 382.50 387.50 0 0 0.4840 -1.0000 0.000000
740.00 C 20280121 2.50 7.50 0 56 0.3682 0.0866 0.001000
740.00 P 20280121 392.50 397.50 0 0 0.4910 -1.0000 0.000000
750.00 C 20280121 3.45 5.00 0 554 0.3618 0.0823 0.001000
750.00 P 20280121 402.50 407.50 0 0 0.4979 -1.0000 0.000000
760.00 C 20280121 2.00 7.00 0 51 0.3697 0.0783 0.001000
760.00 P 20280121 412.50 417.50 0 0 0.5048 -1.0000 0.000000
770.00 C 20280121 3.00 5.35 0 223 0.3707 0.0745 0.000900
770.00 P 20280121 422.50 427.50 0 0 0.5115 -1.0000 0.000000
780.00 C 20280121 1.50 6.50 0 274 0.3716 0.0709 0.000900
780.00 P 20280121 432.50 437.50 0 0 0.5181 -1.0000 0.000000
790.00 C 20280121 3.35 4.90 0 180 0.3792 0.0675 0.000800
790.00 P 20280121 442.50 447.50 0 0 0.5247 -1.0000 0.000000
800.00 C 20280121 3.55 4.50 11 3190 0.3820 0.0643 0.000800
800.00 P 20280121 452.50 457.50 0 0 0.5312 -1.0000 0.000000
5.00 C 20280616 337.50 342.50 0 2085 -1.0000 1.0000 0.000000
5.00 P 20280616 0.00 0.24 0 628 1.3116 -0.0003 0.000000
10.00 C 20280616 332.50 337.50 0 22 -1.0000 1.0000 0.000000
10.00 P 20280616 0.00 0.30 0 27 1.0951 -0.0006 0.000000
15.00 C 20280616 328.00 333.00 0 24 -1.0000 1.0000 0.000000
15.00 P 20280616 0.00 5.00 0 37 1.1310 -0.0007 0.000000
20.00 C 20280616 323.50 328.50 0 1 -1.0000 1.0000 0.000000
20.00 P 20280616 0.00 5.00 0 82 1.0175 -0.0009 0.000000
25.00 C 20280616 319.00 324.00 0 0 -1.0000 1.0000 0.000000
25.00 P 20280616 0.00 5.00 0 130 0.9331 -0.0011 0.000000
30.00 C 20280616 314.50 319.50 0 0 -1.0000 1.0000 0.000000
30.00 P 20280616 0.00 0.50 0 238 0.7823 -0.0012 0.000000
35.00 C 20280616 309.50 314.50 0 1 -1.0000 1.0000 0.000000
35.00 P 20280616 0.00 5.00 0 251 0.8137 -0.0014 0.000000
40.00 C 20280616 305.00 310.00 0 0 -1.0000 1.0000 0.000000
40.00 P 20280616 0.00 5.00 0 140 0.7683 -0.0017 0.000000
45.00 C 20280616 300.50 305.50 0 2 -1.0000 1.0000 0.000000
45.00 P 20280616 0.00 5.00 0 28 0.7280 -0.0019 0.000000
50.00 C 20280616 296.00 301.00 0 0 -1.0000 1.0000 0.000000
50.00 P 20280616 0.00 1.08 0 17 0.6846 -0.0022 0.000000
55.00 C 20280616 291.50 296.50 0 0 -1.0000 1.0000 0.000000
55.00 P 20280616 0.00 5.00 0 0 0.6627 -0.0025 0.000000
60.00 C 20280616 287.00 292.00 0 0 -1.0000 1.0000 0.000000
60.00 P 20280616 0.00 5.00 0 1 0.6351 -0.0029 0.000000
65.00 C 20280616 282.50 287.50 0 1 -1.0000 1.0000 0.000000
65.00 P 20280616 0.00 5.00 0 0 0.6107 -0.0034 0.000000
70.00 C 20280616 278.00 283.00 0 6 -1.0000 1.0000 0.000000
70.00 P 20280616 0.10 5.00 0 9 0.5936 -0.0039 0.000000
75.00 C 20280616 273.50 278.20 0 0 -1.0000 1.0000 0.000000
75.00 P 20280616 0.10 5.00 0 10 0.5727 -0.0045 0.000000
80.00 C 20280616 268.50 273.50 0 0 -1.0000 1.0000 0.000100
80.00 P 20280616 0.10 5.00 0 15 0.5532 -0.0051 0.000100
85.00 C 20280616 264.00 269.00 0 3 -1.0000 0.9994 0.000100
85.00 P 20280616 0.10 1.55 0 61 0.5354 -0.0059 0.000100
90.00 C 20280616 259.50 264.50 0 10 0.3859 0.9986 0.000100
90.00 P 20280616 0.05 1.64 0 13 0.5172 -0.0068 0.000100
95.00 C 20280616 255.00 260.00 0 6 0.4072 0.9976 0.000100
95.00 P 20280616 0.01 1.72 0 14 0.5000 -0.0077 0.000100
100.00 C 20280616 250.50 255.50 0 29 0.4140 0.9966 0.000100
100.00 P 20280616 0.60 1.82 4 37 0.5085 -0.0088 0.000100
105.00 C 20280616 246.00 251.00 0 2 0.4153 0.9954 0.000100
105.00 P 20280616 0.01 1.93 0 11 0.4728 -0.0101 0.000100
110.00 C 20280616 242.00 246.70 0 4 0.4137 0.9940 0.000100
110.00 P 20280616 0.00 1.02 0 12 0.4157 -0.0115 0.000100
115.00 C 20280616 237.50 242.50 0 16 0.4103 0.9925 0.000200
115.00 P 20280616 0.00 5.00 0 7 0.4527 -0.0130 0.000200
120.00 C 20280616 233.00 238.00 0 12 0.4057 0.9908 0.000200
120.00 P 20280616 0.04 1.61 0 10 0.4228 -0.0147 0.000200
125.00 C 20280616 228.50 233.50 0 0 0.4329 0.9890 0.000200
125.00 P 20280616 0.41 2.51 0 19 0.4400 -0.0167 0.000200
130.00 C 20280616 224.00 229.00 0 3 0.4241 0.9869 0.000200
130.00 P 20280616 0.60 2.70 1 21 0.4348 -0.0188 0.000200
135.00 C 20280616 219.50 224.50 0 4 0.4152 0.9847 0.000200
135.00 P 20280616 0.80 2.92 0 18 0.4300 -0.0211 0.000300
140.00 C 20280616 215.50 220.50 0 395 0.4064 0.9822 0.000300
140.00 P 20280616 0.00 5.00 0 122 0.4254 -0.0237 0.000300
145.00 C 20280616 211.00 216.00 0 9 0.4176 0.9795 0.000300
145.00 P 20280616 0.00 5.00 0 100 0.4212 -0.0265 0.000300
150.00 C 20280616 206.50 211.50 0 1782 0.4078 0.9766 0.000300
150.00 P 20280616 1.49 3.35 0 152 0.4095 -0.0295 0.000400
155.00 C 20280616 202.50 207.50 0 41 0.3981 0.9734 0.000400
155.00 P 20280616 0.50 5.50 0 27 0.4130 -0.0328 0.000400
160.00 C 20280616 198.00 203.00 0 23 0.4037 0.9700 0.000400
160.00 P 20280616 1.00 5.05 0 86 0.4097 -0.0364 0.000400
165.00 C 20280616 194.00 199.00 0 19 0.3937 0.9663 0.000400
165.00 P 20280616 2.72 6.50 0 123 0.4099 -0.0402 0.000500
170.00 C 20280616 189.50 194.50 0 25 0.3966 0.9623 0.000500
170.00 P 20280616 2.00 7.00 0 182 0.4036 -0.0444 0.000500
175.00 C 20280616 185.50 190.50 0 26 0.3978 0.9580 0.000500
175.00 P 20280616 3.25 5.90 0 140 0.4004 -0.0488 0.000600
180.00 C 20280616 181.50 186.50 0 29 0.3874 0.9535 0.000600
180.00 P 20280616 3.65 6.50 1 17 0.3978 -0.0536 0.000600
185.00 C 20280616 177.50 182.50 0 11 0.3872 0.9486 0.000600
185.00 P 20280616 4.30 6.95 0 646 0.3952 -0.0588 0.000600
190.00 C 20280616 173.50 178.50 0 26 0.3861 0.9434 0.000700
190.00 P 20280616 4.00 9.00 0 69 0.3926 -0.0643 0.000700
195.00 C 20280616 169.50 174.50 0 14 0.3842 0.9380 0.000700
195.00 P 20280616 5.50 8.15 0 32 0.3903 -0.0700 0.000800
200.00 C 20280616 165.50 170.50 0 233 0.3845 0.9322 0.000800
200.00 P 20280616 5.95 8.85 1 284 0.3867 -0.0761 0.000800
210.00 C 20280616 157.50 162.50 0 42 0.3823 0.9198 0.000900
210.00 P 20280616 7.35 10.75 0 176 0.3849 -0.0893 0.000900
220.00 C 20280616 150.00 155.00 0 118 0.3798 0.9061 0.001000
220.00 P 20280616 9.00 12.40 250 302 0.3805 -0.1038 0.001000
230.00 C 20280616 142.60 147.50 0 54 0.3757 0.8913 0.001100
230.00 P 20280616 10.80 13.10 1 263 0.3698 -0.1197 0.001200
240.00 C 20280616 135.50 140.50 0 55 0.3739 0.8754 0.001200
240.00 P 20280616 12.90 17.00 0 1029 0.3759 -0.1368 0.001300
250.00 C 20280616 129.00 134.00 1 411 0.3713 0.8585 0.001300
250.00 P 20280616 15.25 19.60 1 2084 0.3737 -0.1551 0.001400
260.00 C 20280616 122.05 127.00 0 154 0.3701 0.8406 0.001400
260.00 P 20280616 17.80 22.45 0 631 0.3714 -0.1746 0.001600
270.00 C 20280616 116.00 121.00 1 313 0.3681 0.8218 0.001600
270.00 P 20280616 20.65 25.50 0 1105 0.3693 -0.1952 0.001700
280.00 C 20280616 109.55 114.50 2 170 0.3670 0.8023 0.001700
280.00 P 20280616 24.00 29.00 2 1174 0.3689 -0.2167 0.001800
290.00 C 20280616 104.00 109.00 0 129 0.3654 0.7821 0.001800
290.00 P 20280616 27.50 32.00 2 249 0.3654 -0.2392 0.002000
300.00 C 20280616 98.05 103.00 2 938 0.3646 0.7614 0.001900
300.00 P 20280616 31.50 33.90 250 965 0.3583 -0.2624 0.002100
310.00 C 20280616 93.00 98.00 0 280 0.3643 0.7402 0.002000
310.00 P 20280616 35.50 40.50 0 334 0.3652 -0.2863 0.002200
320.00 C 20280616 88.00 92.50 1 646 0.3643 0.7187 0.002000
320.00 P 20280616 40.00 44.50 1 1498 0.3634 -0.3108 0.002300
330.00 C 20280616 83.00 88.00 1 708 0.3628 0.6970 0.002100
330.00 P 20280616 44.50 47.70 2 691 0.3577 -0.3359 0.002400
340.00 C 20280616 78.50 83.00 6 650 0.3630 0.6751 0.002200
340.00 P 20280616 49.50 54.00 1 278 0.3613 -0.3612 0.002500
350.00 C 20280616 74.30 79.00 4 598 0.3628 0.6532 0.002200
350.00 P 20280616 54.50 59.50 3 882 0.3610 -0.3869 0.002600
360.00 C 20280616 69.50 74.50 0 350 0.3611 0.6314 0.002300
360.00 P 20280616 60.00 65.00 0 492 0.3606 -0.4128 0.002700
370.00 C 20280616 65.50 70.50 1 159 0.3606 0.6097 0.002300
370.00 P 20280616 65.50 70.50 0 919 0.3589 -0.4388 0.002800
380.00 C 20280616 62.05 66.80 1 267 0.3614 0.5883 0.002400
380.00 P 20280616 71.50 76.50 0 198 0.3586 -0.4648 0.002900
390.00 C 20280616 58.55 63.50 0 254 0.3606 0.5671 0.002400
390.00 P 20280616 78.00 82.15 0 357 0.3575 -0.4909 0.002900
400.00 C 20280616 55.20 59.65 10 522 0.3605 0.5463 0.002400
400.00 P 20280616 84.50 89.00 0 222 0.3584 -0.5168 0.003000
410.00 C 20280616 52.05 56.45 0 321 0.3604 0.5259 0.002400
410.00 P 20280616 91.00 96.00 0 88 0.3585 -0.5426 0.003100
420.00 C 20280616 49.00 54.00 0 317 0.3603 0.5060 0.002400
420.00 P 20280616 98.00 103.00 0 71 0.3589 -0.5682 0.003100
430.00 C 20280616 46.50 50.55 0 204 0.3610 0.4864 0.002400
430.00 P 20280616 105.00 110.00 0 138 0.3580 -0.5937 0.003200
440.00 C 20280616 43.50 48.50 0 218 0.3600 0.4675 0.002400
440.00 P 20280616 112.50 117.50 0 72 0.3581 -0.6189 0.003200
450.00 C 20280616 41.00 45.30 0 581 0.3601 0.4490 0.002400
450.00 P 20280616 120.00 125.00 0 144 0.3576 -0.6439 0.003200
460.00 C 20280616 38.60 42.90 0 200 0.3601 0.4311 0.002400
460.00 P 20280616 127.50 132.50 0 4 0.3570 -0.6685 0.003300
470.00 C 20280616 36.50 40.65 1 377 0.3605 0.4137 0.002400
470.00 P 20280616 135.50 140.50 0 45 0.3574 -0.6928 0.003300
480.00 C 20280616 34.25 38.50 0 95 0.3602 0.3969 0.002300
480.00 P 20280616 143.50 148.50 0 2 0.3566 -0.7170 0.003400
490.00 C 20280616 32.00 37.00 0 35 0.3610 0.3806 0.002300
490.00 P 20280616 152.00 157.00 0 8 0.3582 -0.7410 0.003400
500.00 C 20280616 30.50 34.60 0 715 0.3608 0.3650 0.002300
500.00 P 20280616 160.50 165.50 0 115 0.3587 -0.7638 0.003400
510.00 C 20280616 28.65 32.80 0 518 0.3607 0.3498 0.002200
510.00 P 20280616 169.00 174.00 0 8 0.3577 -0.7866 0.003400
520.00 C 20280616 27.00 30.60 3 375 0.3594 0.3353 0.002200
520.00 P 20280616 177.50 182.50 0 3 0.3552 -0.8088 0.003400
530.00 C 20280616 25.50 29.50 0 142 0.3612 0.3212 0.002200
530.00 P 20280616 186.50 191.50 0 0 0.3556 -0.8318 0.003400
540.00 C 20280616 23.50 28.50 0 218 0.3628 0.3078 0.002100
540.00 P 20280616 195.50 200.50 0 1 0.3549 -0.8536 0.003400
550.00 C 20280616 22.00 27.00 0 209 0.3610 0.2948 0.002100
550.00 P 20280616 204.50 209.50 0 70 0.3585 -0.8735 0.003400
560.00 C 20280616 21.00 26.00 0 192 0.3612 0.2824 0.002000
560.00 P 20280616 214.00 219.00 0 0 0.3534 -0.8939 0.003400
570.00 C 20280616 19.50 24.50 0 390 0.3614 0.2704 0.002000
570.00 P 20280616 223.50 228.50 0 0 0.3515 -0.9133 0.003300
580.00 C 20280616 18.80 22.70 0 446 0.3614 0.2589 0.001900
580.00 P 20280616 233.00 238.00 0 0 0.3603 -0.9302 0.003000
590.00 C 20280616 17.70 21.55 0 886 0.3615 0.2479 0.001900
590.00 P 20280616 243.00 248.00 0 0 0.3545 -0.9457 0.002700
600.00 C 20280616 16.00 21.00 0 2786 0.3599 0.2374 0.001800
600.00 P 20280616 252.50 257.50 0 0 0.3629 -0.9589 0.002400
610.00 C 20280616 15.00 20.00 0 305 0.3564 0.2273 0.001800
610.00 P 20280616 262.50 267.50 0 0 0.3711 -0.9700 0.001900
620.00 C 20280616 15.00 19.50 0 289 0.3627 0.2176 0.001800
620.00 P 20280616 272.50 277.50 0 0 0.3791 -0.9796 0.001300
630.00 C 20280616 13.50 18.50 0 1003 0.3562 0.2084 0.001700
630.00 P 20280616 282.50 287.50 0 0 0.3870 -0.9858 0.000900
640.00 C 20280616 13.20 15.30 0 850 0.3570 0.1995 0.001700
640.00 P 20280616 292.50 297.50 0 0 0.3947 -0.9910 0.000600
650.00 C 20280616 12.60 14.55 85 4613 0.3579 0.1910 0.001600
650.00 P 20280616 302.50 307.50 0 0 0.4023 -0.9956 0.000300
660.00 C 20280616 11.55 15.20 13 3626 0.3624 0.1829 0.001600
660.00 P 20280616 312.50 317.50 0 0 0.4098 -0.9992 0.000000
670.00 C 20280616 11.25 13.05 0 785 0.3581 0.1751 0.001500
670.00 P 20280616 322.50 327.50 0 0 0.4171 -1.0000 0.000000
680.00 C 20280616 9.50 14.50 0 275 0.3639 0.1677 0.001500
680.00 P 20280616 332.50 337.50 0 0 0.4244 -1.0000 0.000000
690.00 C 20280616 9.00 14.00 0 456 0.3641 0.1606 0.001400
690.00 P 20280616 342.50 347.50 0 0 0.4315 -1.0000 0.000000
700.00 C 20280616 8.50 13.50 0 543 0.3645 0.1538 0.001400
700.00 P 20280616 352.50 357.50 0 0 0.4385 -1.0000 0.000000
710.00 C 20280616 10.00 13.00 0 1687 0.3705 0.1473 0.001400
710.00 P 20280616 362.50 367.50 0 0 0.4454 -1.0000 0.000000
720.00 C 20280616 7.50 12.50 0 119 0.3650 0.1411 0.001300
720.00 P 20280616 372.50 377.50 0 0 0.4522 -1.0000 0.000000
730.00 C 20280616 7.00 12.00 0 876 0.3651 0.1352 0.001300
730.00 P 20280616 382.50 387.50 0 0 0.4589 -1.0000 0.000000
740.00 C 20280616 6.50 11.40 0 21 0.3656 0.1295 0.001200
740.00 P 20280616 392.50 397.50 0 0 0.4655 -1.0000 0.000000
750.00 C 20280616 6.00 11.00 0 201 0.3657 0.1241 0.001200
750.00 P 20280616 402.50 407.50 0 0 0.4720 -1.0000 0.000000
760.00 C 20280616 5.50 10.50 0 75 0.3661 0.1189 0.001200
760.00 P 20280616 412.50 417.50 0 0 0.4784 -1.0000 0.000000
770.00 C 20280616 5.00 10.00 0 115 0.3666 0.1140 0.001100
770.00 P 20280616 422.50 427.50 0 0 0.4847 -1.0000 0.000000
780.00 C 20280616 5.00 10.00 0 451 0.3669 0.1092 0.001100
780.00 P 20280616 432.50 437.50 0 0 0.4910 -1.0000 0.000000
790.00 C 20280616 4.50 9.50 0 289 0.3675 0.1047 0.001100
790.00 P 20280616 442.50 447.50 0 0 0.4971 -1.0000 0.000000
800.00 C 20280616 6.00 6.95 0 846 0.3654 0.1004 0.001000
800.00 P 20280616 452.50 457.50 0 0 0.5032 -1.0000 0.000000
5.00 C 20281215 337.50 342.50 0 7486 -1.0000 1.0000 0.000000
5.00 P 20281215 0.00 0.04 0 3089 0.9676 -0.0003 0.000000
10.00 C 20281215 333.00 338.00 0 86 -1.0000 1.0000 0.000000
10.00 P 20281215 0.00 0.04 0 14 0.7960 -0.0006 0.000000
15.00 C 20281215 328.00 333.00 0 20 -1.0000 1.0000 0.000000
15.00 P 20281215 0.00 0.30 0 76 0.8555 -0.0008 0.000000
20.00 C 20281215 323.50 328.50 0 21 -1.0000 1.0000 0.000000
20.00 P 20281215 0.05 0.25 0 600 0.7723 -0.0010 0.000000
25.00 C 20281215 319.00 324.00 0 2 -1.0000 1.0000 0.000000
25.00 P 20281215 0.06 0.16 0 664 0.6856 -0.0012 0.000000
30.00 C 20281215 315.00 320.00 0 0 -1.0000 1.0000 0.000000
30.00 P 20281215 0.00 0.24 0 199 0.6461 -0.0015 0.000000
35.00 C 20281215 310.50 315.50 0 0 -1.0000 1.0000 0.000000
35.00 P 20281215 0.12 0.90 0 37 0.7201 -0.0018 0.000000
40.00 C 20281215 306.00 311.00 0 0 -1.0000 1.0000 0.000000
40.00 P 20281215 0.16 0.98 0 103 0.6885 -0.0021 0.000000
45.00 C 20281215 301.50 306.20 0 2 -1.0000 1.0000 0.000000
45.00 P 20281215 0.00 1.11 0 19 0.6494 -0.0025 0.000000
50.00 C 20281215 297.00 302.00 0 41 -1.0000 1.0000 0.000000
50.00 P 20281215 0.00 5.00 0 13 0.6404 -0.0029 0.000000
60.00 C 20281215 288.00 293.00 0 12 -1.0000 1.0000 0.000000
60.00 P 20281215 0.10 5.00 0 17 0.5943 -0.0040 0.000000
70.00 C 20281215 279.50 284.50 0 81 -1.0000 1.0000 0.000100
70.00 P 20281215 0.10 5.00 0 18 0.5527 -0.0054 0.000100
80.00 C 20281215 270.50 275.50 0 11 -1.0000 1.0000 0.000100
80.00 P 20281215 0.10 5.00 0 50 0.5174 -0.0073 0.000100
90.00 C 20281215 262.00 267.00 0 15 -1.0000 0.9978 0.000100
90.00 P 20281215 0.50 1.25 0 78 0.4676 -0.0096 0.000100
100.00 C 20281215 253.00 258.00 0 130 0.3918 0.9950 0.000100
100.00 P 20281215 0.20 5.00 50 158 0.4491 -0.0124 0.000100
110.00 C 20281215 244.50 249.50 0 52 0.4099 0.9917 0.000200
110.00 P 20281215 0.92 2.30 0 40 0.4479 -0.0159 0.000200
120.00 C 20281215 236.00 241.00 0 169 0.4115 0.9877 0.000200
120.00 P 20281215 0.50 5.00 0 26 0.4391 -0.0200 0.000200
125.00 C 20281215 232.00 237.00 1 9 0.3980 0.9854 0.000200
125.00 P 20281215 1.40 5.00 0 24 0.4395 -0.0224 0.000200
130.00 C 20281215 227.50 232.50 0 21 0.4064 0.9829 0.000200
130.00 P 20281215 0.50 5.50 0 94 0.4388 -0.0250 0.000300
135.00 C 20281215 223.50 228.50 0 13 0.4025 0.9803 0.000300
135.00 P 20281215 2.11 5.50 2 61 0.4324 -0.0278 0.000300
140.00 C 20281215 219.00 224.00 0 42 0.3980 0.9774 0.000300
140.00 P 20281215 1.77 3.90 0 265 0.4120 -0.0308 0.000300
145.00 C 20281215 215.00 220.00 0 52 0.4005 0.9743 0.000300
145.00 P 20281215 1.50 6.50 0 132 0.4186 -0.0341 0.000400
150.00 C 20281215 211.00 216.00 0 153 0.4013 0.9709 0.000400
150.00 P 20281215 1.50 6.00 0 114 0.4166 -0.0376 0.000400
155.00 C 20281215 207.00 212.00 0 45 0.4009 0.9674 0.000400
155.00 P 20281215 2.00 7.00 10 94 0.4129 -0.0413 0.000400
160.00 C 20281215 203.00 208.00 0 73 0.3995 0.9636 0.000400
160.00 P 20281215 2.50 5.90 0 468 0.4046 -0.0454 0.000500
165.00 C 20281215 199.00 204.00 0 77 0.3974 0.9595 0.000500
165.00 P 20281215 4.05 6.20 1 200 0.3982 -0.0497 0.000500
170.00 C 20281215 195.00 200.00 0 22 0.3899 0.9552 0.000500
170.00 P 20281215 5.05 7.05 1 176 0.4028 -0.0542 0.000500
175.00 C 20281215 191.00 196.00 0 21 0.3914 0.9507 0.000500
175.00 P 20281215 5.10 8.45 0 275 0.4022 -0.0591 0.000600
180.00 C 20281215 187.00 192.00 0 44 0.3878 0.9459 0.000600
180.00 P 20281215 5.70 9.15 3 1102 0.3999 -0.0642 0.000600
185.00 C 20281215 183.60 188.50 0 145 0.3884 0.9409 0.000600
185.00 P 20281215 6.70 9.50 0 142 0.3974 -0.0696 0.000700
190.00 C 20281215 179.50 184.50 0 151 0.3889 0.9356 0.000700
190.00 P 20281215 6.50 11.00 0 114 0.3957 -0.0753 0.000700
195.00 C 20281215 176.05 181.00 0 16 0.3856 0.9301 0.000700
195.00 P 20281215 8.40 11.05 0 154 0.3947 -0.0811 0.000800
200.00 C 20281215 172.40 177.00 1 781 0.3858 0.9243 0.000800
200.00 P 20281215 9.90 11.90 103 3047 0.3968 -0.0873 0.000800
205.00 C 20281215 168.70 173.50 0 23 0.3850 0.9183 0.000800
205.00 P 20281215 9.95 12.85 0 104 0.3902 -0.0939 0.000800
210.00 C 20281215 165.00 170.00 0 142 0.3816 0.9121 0.000800
210.00 P 20281215 10.75 14.05 0 1215 0.3893 -0.1006 0.000900
215.00 C 20281215 161.60 166.00 0 68 0.3807 0.9057 0.000900
215.00 P 20281215 12.25 14.85 0 348 0.3891 -0.1077 0.001000
220.00 C 20281215 158.10 162.50 1 85 0.3796 0.8990 0.000900
220.00 P 20281215 12.20 16.60 2 559 0.3857 -0.1148 0.001000
225.00 C 20281215 154.65 159.00 0 117 0.3783 0.8922 0.001000
225.00 P 20281215 13.20 17.80 0 90 0.3842 -0.1223 0.001100
230.00 C 20281215 151.25 156.00 0 148 0.3791 0.8851 0.001000
230.00 P 20281215 16.00 18.95 0 240 0.3902 -0.1301 0.001100
235.00 C 20281215 148.00 153.00 1 326 0.3773 0.8778 0.001100
235.00 P 20281215 15.50 20.30 0 278 0.3815 -0.1383 0.001200
240.00 C 20281215 144.65 149.00 0 114 0.3756 0.8704 0.001100
240.00 P 20281215 17.00 21.50 0 1331 0.3811 -0.1463 0.001200
245.00 C 20281215 141.50 146.50 0 144 0.3757 0.8628 0.001200
245.00 P 20281215 18.00 23.00 0 580 0.3792 -0.1548 0.001300
250.00 C 20281215 138.25 143.00 12 1364 0.3757 0.8550 0.001200
250.00 P 20281215 19.50 24.50 23 2096 0.3790 -0.1635 0.001300
255.00 C 20281215 135.10 139.50 0 36 0.3733 0.8470 0.001200
255.00 P 20281215 21.00 26.00 0 610 0.3782 -0.1724 0.001400
260.00 C 20281215 132.05 137.00 2 170 0.3729 0.8389 0.001300
260.00 P 20281215 22.50 27.50 1 1016 0.3770 -0.1814 0.001400
265.00 C 20281215 129.05 133.90 0 313 0.3723 0.8306 0.001300
265.00 P 20281215 24.15 29.00 0 204 0.3760 -0.1907 0.001500
270.00 C 20281215 126.10 130.50 0 213 0.3715 0.8223 0.001400
270.00 P 20281215 25.55 30.50 0 1284 0.3738 -0.2002 0.001500
275.00 C 20281215 123.15 128.00 1 133 0.3721 0.8137 0.001400
275.00 P 20281215 27.50 32.50 0 1514 0.3748 -0.2099 0.001600
280.00 C 20281215 120.30 125.00 1 238 0.3710 0.8051 0.001400
280.00 P 20281215 30.80 31.80 8 1617 0.3710 -0.2197 0.001600
285.00 C 20281215 117.50 122.00 0 298 0.3697 0.7964 0.001500
285.00 P 20281215 31.00 36.00 0 233 0.3726 -0.2298 0.001700
290.00 C 20281215 114.75 119.00 2 388 0.3683 0.7875 0.001500
290.00 P 20281215 33.00 38.00 1 613 0.3726 -0.2399 0.001800
295.00 C 20281215 112.05 116.75 0 166 0.3691 0.7786 0.001600
295.00 P 20281215 35.00 40.00 0 553 0.3722 -0.2502 0.001800
300.00 C 20281215 109.60 114.00 34 1526 0.3688 0.7696 0.001600
300.00 P 20281215 37.50 40.45 3 3771 0.3727 -0.2607 0.001800
305.00 C 20281215 107.00 112.00 0 354 0.3686 0.7605 0.001600
305.00 P 20281215 39.00 44.00 1 170 0.3701 -0.2716 0.001900
310.00 C 20281215 104.50 109.50 18 361 0.3682 0.7514 0.001700
310.00 P 20281215 41.00 46.00 1 735 0.3687 -0.2823 0.002000
315.00 C 20281215 102.00 107.00 5 438 0.3677 0.7422 0.001700
315.00 P 20281215 44.90 47.15 0 247 0.3702 -0.2928 0.002000
320.00 C 20281215 99.50 104.50 13 975 0.3682 0.7329 0.001700
320.00 P 20281215 45.50 50.50 0 794 0.3678 -0.3041 0.002000
325.00 C 20281215 97.05 102.00 16 289 0.3672 0.7236 0.001800
325.00 P 20281215 48.00 53.00 0 490 0.3685 -0.3148 0.002100
330.00 C 20281215 95.00 100.00 5 928 0.3671 0.7143 0.001800
330.00 P 20281215 50.50 55.45 0 483 0.3685 -0.3260 0.002100
335.00 C 20281215 92.65 97.50 1 729 0.3673 0.7050 0.001800
335.00 P 20281215 53.00 57.90 0 2887 0.3682 -0.3372 0.002200
340.00 C 20281215 90.50 95.50 24 656 0.3664 0.6957 0.001800
340.00 P 20281215 55.50 60.40 5 2162 0.3678 -0.3484 0.002200
345.00 C 20281215 89.20 92.40 10 564 0.3672 0.6863 0.001900
345.00 P 20281215 58.00 60.70 3 184 0.3612 -0.3598 0.002300
350.00 C 20281215 86.50 90.30 27 1943 0.3655 0.6770 0.001900
350.00 P 20281215 60.50 65.50 2 3006 0.3662 -0.3712 0.002300
355.00 C 20281215 84.00 89.00 4 509 0.3661 0.6677 0.001900
355.00 P 20281215 63.00 67.45 7 709 0.3648 -0.3826 0.002400
360.00 C 20281215 82.00 86.50 7 780 0.3647 0.6584 0.002000
360.00 P 20281215 66.00 71.00 10 3741 0.3658 -0.3942 0.002400
365.00 C 20281215 80.00 85.00 1 320 0.3656 0.6491 0.002000
365.00 P 20281215 69.00 73.85 0 422 0.3661 -0.4058 0.002400
370.00 C 20281215 78.50 83.00 12 326 0.3663 0.6398 0.002000
370.00 P 20281215 71.50 76.50 0 549 0.3644 -0.4173 0.002500
375.00 C 20281215 76.50 80.95 10 325 0.3654 0.6306 0.002000
375.00 P 20281215 74.50 79.00 0 200 0.3633 -0.4289 0.002500
380.00 C 20281215 74.50 79.40 0 776 0.3646 0.6215 0.002000
380.00 P 20281215 77.50 82.50 0 368 0.3645 -0.4405 0.002600
385.00 C 20281215 73.00 77.50 0 346 0.3659 0.6124 0.002000
385.00 P 20281215 80.50 85.20 0 318 0.3633 -0.4522 0.002600
390.00 C 20281215 71.00 75.70 1 504 0.3645 0.6033 0.002000
390.00 P 20281215 83.50 88.00 0 512 0.3622 -0.4638 0.002600
395.00 C 20281215 69.50 74.00 0 326 0.3654 0.5943 0.002100
395.00 P 20281215 86.50 91.50 0 310 0.3626 -0.4754 0.002600
400.00 C 20281215 69.00 71.00 7 4248 0.3649 0.5854 0.002100
400.00 P 20281215 90.55 94.20 1 1711 0.3633 -0.4872 0.002700
405.00 C 20281215 66.00 70.70 1 143 0.3642 0.5765 0.002100
405.00 P 20281215 93.00 98.00 0 140 0.3625 -0.4988 0.002700
410.00 C 20281215 64.50 69.00 0 280 0.3646 0.5677 0.002100
410.00 P 20281215 96.50 101.45 0 922 0.3633 -0.5104 0.002800
415.00 C 20281215 63.00 67.50 0 185 0.3648 0.5590 0.002100
415.00 P 20281215 99.80 104.50 0 85 0.3628 -0.5219 0.002800
420.00 C 20281215 61.50 66.00 0 1009 0.3648 0.5504 0.002100
420.00 P 20281215 103.00 108.00 0 245 0.3618 -0.5337 0.002800
425.00 C 20281215 60.00 64.50 0 436 0.3646 0.5418 0.002100
425.00 P 20281215 106.50 111.00 0 180 0.3607 -0.5454 0.002800
430.00 C 20281215 58.50 63.00 0 2197 0.3643 0.5333 0.002100
430.00 P 20281215 110.00 114.50 0 175 0.3606 -0.5569 0.002900
435.00 C 20281215 57.00 62.00 1 142 0.3638 0.5249 0.002100
435.00 P 20281215 113.50 118.00 0 119 0.3602 -0.5683 0.002900
440.00 C 20281215 55.50 59.20 0 7483 0.3612 0.5167 0.002100
440.00 P 20281215 117.00 122.00 0 76 0.3609 -0.5799 0.002900
445.00 C 20281215 54.50 59.00 0 618 0.3601 0.5084 0.002100
445.00 P 20281215 120.80 125.50 0 539 0.3623 -0.5915 0.003000
450.00 C 20281215 53.00 58.00 2 766 0.3638 0.5003 0.002100
450.00 P 20281215 124.50 129.50 0 149 0.3617 -0.6029 0.003000
455.00 C 20281215 51.55 56.45 0 456 0.3639 0.4923 0.002100
455.00 P 20281215 128.00 133.00 0 142 0.3604 -0.6142 0.003000
460.00 C 20281215 50.50 55.00 0 1366 0.3638 0.4844 0.002100
460.00 P 20281215 132.00 137.00 0 65 0.3616 -0.6256 0.003000
465.00 C 20281215 49.50 54.00 0 1336 0.3649 0.4766 0.002100
465.00 P 20281215 135.50 140.50 0 13 0.3620 -0.6372 0.003100
470.00 C 20281215 48.00 52.80 0 1718 0.3641 0.4688 0.002100
470.00 P 20281215 139.50 144.50 0 227 0.3603 -0.6486 0.003100
475.00 C 20281215 47.00 51.50 0 568 0.3641 0.4612 0.002100
475.00 P 20281215 143.50 148.50 0 16 0.3608 -0.6598 0.003100
480.00 C 20281215 46.00 50.50 0 602 0.3647 0.4537 0.002100
480.00 P 20281215 147.50 152.50 0 56 0.3611 -0.6708 0.003100
485.00 C 20281215 44.50 49.40 0 23 0.3637 0.4462 0.002100
485.00 P 20281215 151.50 156.50 0 86 0.3610 -0.6822 0.003200
490.00 C 20281215 43.50 48.50 0 1570 0.3640 0.4389 0.002100
490.00 P 20281215 155.50 160.50 0 285 0.3608 -0.6936 0.003200
495.00 C 20281215 42.50 47.30 0 1353 0.3641 0.4317 0.002100
495.00 P 20281215 159.50 164.00 0 222 0.3587 -0.7048 0.003200
500.00 C 20281215 41.60 44.85 7 1688 0.3596 0.4245 0.002100
500.00 P 20281215 163.50 168.50 0 1135 0.3596 -0.7158 0.003200
505.00 C 20281215 40.50 45.25 0 55 0.3641 0.4175 0.002100
505.00 P 20281215 167.50 172.50 0 9 0.3603 -0.7265 0.003200
510.00 C 20281215 39.50 42.95 1 113 0.3608 0.4106 0.002100
510.00 P 20281215 172.00 177.00 0 12 0.3604 -0.7376 0.003300
515.00 C 20281215 38.50 43.35 2 169 0.3640 0.4037 0.002000
515.00 P 20281215 176.50 181.00 0 2 0.3604 -0.7486 0.003300
520.00 C 20281215 38.00 42.40 0 2701 0.3650 0.3970 0.002000
520.00 P 20281215 180.50 185.50 0 41 0.3603 -0.7593 0.003300
525.00 C 20281215 36.50 41.50 0 22 0.3648 0.3904 0.002000
525.00 P 20281215 184.50 189.50 0 0 0.3600 -0.7700 0.003300
530.00 C 20281215 35.50 40.50 0 2297 0.3643 0.3838 0.002000
530.00 P 20281215 189.00 193.50 0 30 0.3572 -0.7804 0.003300
535.00 C 20281215 35.00 40.00 0 287 0.3655 0.3774 0.002000
535.00 P 20281215 193.50 198.50 0 1 0.3598 -0.7911 0.003300
540.00 C 20281215 34.50 37.25 0 6239 0.3609 0.3711 0.002000
540.00 P 20281215 197.50 202.50 0 141 0.3593 -0.8016 0.003300
545.00 C 20281215 33.50 38.00 0 210 0.3645 0.3648 0.002000
545.00 P 20281215 202.00 207.00 0 1 0.3589 -0.8118 0.003300
550.00 C 20281215 32.55 37.30 1 694 0.3644 0.3587 0.002000
550.00 P 20281215 206.50 211.50 0 6 0.3592 -0.8225 0.003300
555.00 C 20281215 32.00 36.50 0 130 0.3650 0.3526 0.002000
555.00 P 20281215 211.20 216.00 0 0 0.3591 -0.8328 0.003300
560.00 C 20281215 31.00 36.00 0 168 0.3673 0.3467 0.002000
560.00 P 20281215 215.80 220.50 0 133 0.3601 -0.8426 0.003300
565.00 C 20281215 30.00 35.00 0 87 0.3664 0.3408 0.001900
565.00 P 20281215 220.00 225.00 0 22 0.3596 -0.8520 0.003200
570.00 C 20281215 29.50 34.50 0 276 0.3656 0.3350 0.001900
570.00 P 20281215 225.00 230.00 0 203 0.3586 -0.8625 0.003300
575.00 C 20281215 28.50 33.50 0 144 0.3648 0.3294 0.001900
575.00 P 20281215 229.50 234.50 0 5 0.3568 -0.8732 0.003300
580.00 C 20281215 28.00 33.00 0 253 0.3655 0.3238 0.001900
580.00 P 20281215 234.00 239.00 0 29 0.3579 -0.8835 0.003400
590.00 C 20281215 27.00 31.50 0 1970 0.3651 0.3129 0.001900
590.00 P 20281215 243.50 248.50 0 149 0.3580 -0.9022 0.003400
600.00 C 20281215 26.25 29.40 2 1591 0.3643 0.3024 0.001800
600.00 P 20281215 253.00 258.00 0 1 0.3562 -0.9186 0.003200
610.00 C 20281215 24.50 29.00 0 377 0.3593 0.2922 0.001800
610.00 P 20281215 263.00 268.00 0 0 0.3582 -0.9342 0.003000
620.00 C 20281215 23.00 28.00 0 776 0.3594 0.2823 0.001800
620.00 P 20281215 272.50 277.50 0 0 0.3627 -0.9477 0.002700
630.00 C 20281215 22.30 24.80 0 603 0.3599 0.2728 0.001800
630.00 P 20281215 282.50 287.50 0 0 -1.0000 -0.9592 0.002300
640.00 C 20281215 21.50 24.50 1 7919 0.3608 0.2636 0.001700
640.00 P 20281215 292.50 297.50 0 0 0.3806 -0.9697 0.001700
650.00 C 20281215 20.20 24.60 0 257 0.3653 0.2546 0.001700
650.00 P 20281215 302.50 307.50 0 0 0.3878 -0.9788 0.001200
660.00 C 20281215 20.70 24.00 0 84 0.3646 0.2461 0.001600
660.00 P 20281215 312.50 317.50 0 0 -1.0000 -0.9857 0.000800
670.00 C 20281215 18.00 23.00 0 64 0.3654 0.2378 0.001600
670.00 P 20281215 322.50 327.50 0 0 0.3972 -0.9913 0.000500
680.00 C 20281215 17.30 22.00 0 52 0.3656 0.2297 0.001600
680.00 P 20281215 332.50 337.50 0 0 0.4087 -0.9962 0.000200
690.00 C 20281215 16.70 21.00 0 67 0.3657 0.2220 0.001600
690.00 P 20281215 342.50 347.50 0 0 0.4154 -0.9997 0.000000
700.00 C 20281215 16.05 20.50 5 694 0.3606 0.2145 0.001500
700.00 P 20281215 352.50 357.50 0 0 0.4220 -1.0000 0.000000
710.00 C 20281215 15.20 19.45 0 1461 0.3660 0.2073 0.001500
710.00 P 20281215 362.50 367.50 0 0 0.4286 -1.0000 0.000000
720.00 C 20281215 14.00 19.00 0 366 0.3660 0.2003 0.001500
720.00 P 20281215 372.50 377.50 0 0 0.4350 -1.0000 0.000000
730.00 C 20281215 13.85 18.00 0 99 0.3662 0.1936 0.001400
730.00 P 20281215 382.50 387.50 0 0 0.4413 -1.0000 0.000000
740.00 C 20281215 13.20 17.35 0 21 0.3664 0.1871 0.001400
740.00 P 20281215 392.50 397.50 0 0 0.4476 -1.0000 0.000000
750.00 C 20281215 12.60 16.75 1 63 0.3666 0.1808 0.001400
750.00 P 20281215 402.50 407.50 0 0 -1.0000 -1.0000 0.000000
760.00 C 20281215 12.05 16.15 0 8 0.3669 0.1748 0.001300
760.00 P 20281215 412.50 417.50 0 0 -1.0000 -1.0000 0.000000
770.00 C 20281215 11.50 15.55 0 208 0.3670 0.1690 0.001300
770.00 P 20281215 422.50 427.50 0 0 -1.0000 -1.0000 0.000000
780.00 C 20281215 11.00 15.00 4 993 0.3673 0.1633 0.001300
780.00 P 20281215 432.50 437.50 0 0 -1.0000 -1.0000 0.000000
790.00 C 20281215 10.90 14.50 12 659 0.3691 0.1579 0.001300
790.00 P 20281215 442.50 447.50 0 0 -1.0000 -1.0000 0.000000
800.00 C 20281215 11.75 12.20 38 3583 0.3674 0.1527 0.001200
800.00 P 20281215 452.50 457.50 0 0 0.4833 -1.0000 0.000000
