# opt_chain META | epoch 1787500357 | 2026-08-23 11:52:37 | spot 552.9500 | exps 20260824 20260826 20260828 20260831 20260902 20260904 20260911 20260918 20260925 20261002 20261016 20261120
# fuente cboe | spot_src cboe | spot_age 157958 | band 1.3518 | greeks_ok_pct 1.0000 | bidask_ok_pct 1.0000
# delayed y DESIGUAL entre simbolos (fuente_ts 2026-08-21T15:59:59): NO dispara ninguna orden
# strike right exp bid ask vol oi iv delta gamma
400.00 C 20260824 146.30 153.60 0 0 -1.0000 0.9998 0.000000
400.00 P 20260824 0.00 0.09 0 0 1.2690 -0.0003 0.000000
405.00 C 20260824 140.95 148.60 0 0 -1.0000 0.9997 0.000000
405.00 P 20260824 0.00 0.05 107 3 1.1584 -0.0003 0.000000
410.00 C 20260824 135.95 143.60 0 0 -1.0000 0.9997 0.000000
410.00 P 20260824 0.00 0.01 28 0 0.9803 -0.0003 0.000000
415.00 C 20260824 132.20 138.60 0 0 1.4722 0.9996 0.000000
415.00 P 20260824 0.00 0.05 125 0 1.0729 -0.0004 0.000000
420.00 C 20260824 125.95 133.60 0 0 -1.0000 0.9996 0.000000
420.00 P 20260824 0.00 0.05 46 3 1.0307 -0.0004 0.000000
425.00 C 20260824 120.95 128.60 0 0 -1.0000 0.9995 0.000000
425.00 P 20260824 0.01 0.05 159 2 1.0057 -0.0005 0.000000
430.00 C 20260824 115.95 123.60 0 0 -1.0000 0.9995 0.000000
430.00 P 20260824 0.00 0.51 102 7 1.2267 -0.0006 0.000000
435.00 C 20260824 110.95 118.60 0 0 -1.0000 0.9994 0.000000
435.00 P 20260824 0.00 0.82 194 17 1.2588 -0.0006 0.000000
440.00 C 20260824 106.20 113.60 0 0 -1.0000 0.9993 0.000100
440.00 P 20260824 0.00 1.02 0 5 1.2473 -0.0007 0.000100
445.00 C 20260824 101.40 108.60 0 0 -1.0000 0.9992 0.000100
445.00 P 20260824 0.00 1.02 0 16 1.1930 -0.0008 0.000100
450.00 C 20260824 95.95 103.60 0 0 -1.0000 0.9991 0.000100
450.00 P 20260824 0.00 0.82 50 20 1.1001 -0.0010 0.000100
460.00 C 20260824 85.95 93.60 0 0 -1.0000 0.9987 0.000100
460.00 P 20260824 0.00 0.75 25 9 0.9820 -0.0013 0.000100
465.00 C 20260824 81.45 88.60 2 0 0.6577 0.9985 0.000100
465.00 P 20260824 0.00 0.47 80 322 0.8677 -0.0015 0.000100
470.00 C 20260824 76.90 83.60 0 0 0.8249 0.9982 0.000200
470.00 P 20260824 0.00 0.11 2 96 0.6822 -0.0018 0.000200
475.00 C 20260824 71.25 78.80 82 0 0.5780 0.9979 0.000200
475.00 P 20260824 0.00 0.15 0 133 0.6640 -0.0021 0.000200
480.00 C 20260824 66.45 73.80 80 0 0.6589 0.9975 0.000300
480.00 P 20260824 0.00 0.01 6 27 0.4785 -0.0025 0.000300
485.00 C 20260824 62.10 68.80 2 0 0.7497 0.9970 0.000400
485.00 P 20260824 0.00 0.01 22 13 0.4447 -0.0030 0.000400
490.00 C 20260824 57.65 63.80 2 2 0.7643 0.9963 0.000500
490.00 P 20260824 0.00 0.11 158 16 0.5179 -0.0037 0.000500
495.00 C 20260824 51.45 58.60 0 8 0.4229 0.9955 0.000600
495.00 P 20260824 0.01 0.05 84 506 0.4459 -0.0045 0.000600
497.50 C 20260824 49.05 56.10 0 0 0.4684 0.9950 0.000700
497.50 P 20260824 0.01 0.06 12 17 0.4339 -0.0050 0.000700
500.00 C 20260824 46.25 53.65 11 17 -1.0000 0.9944 0.000800
500.00 P 20260824 0.02 0.04 459 738 0.4075 -0.0056 0.000800
502.50 C 20260824 44.30 51.15 2 2 0.5035 0.9937 0.000900
502.50 P 20260824 0.01 0.05 118 4 0.3884 -0.0063 0.000900
505.00 C 20260824 41.75 48.65 2 3 0.4706 0.9929 0.001000
505.00 P 20260824 0.01 0.05 165 158 0.3692 -0.0071 0.001000
507.50 C 20260824 39.05 46.15 0 0 0.4013 0.9920 0.001200
507.50 P 20260824 0.02 0.07 139 19 0.3667 -0.0080 0.001200
510.00 C 20260824 36.55 43.65 0 17 0.3797 0.9908 0.001400
510.00 P 20260824 0.04 0.06 1317 216 0.3513 -0.0092 0.001400
512.50 C 20260824 34.10 41.15 0 0 0.3708 0.9895 0.001600
512.50 P 20260824 0.05 0.08 121 3 0.3424 -0.0106 0.001600
515.00 C 20260824 31.80 38.65 2 15 0.3850 0.9877 0.002000
515.00 P 20260824 0.05 0.08 208 239 0.3217 -0.0123 0.002000
517.50 C 20260824 29.40 36.15 0 0 0.3747 0.9855 0.002400
517.50 P 20260824 0.06 0.09 122 67 0.3069 -0.0146 0.002400
520.00 C 20260824 26.65 33.70 9 11 0.3222 0.9824 0.002900
520.00 P 20260824 0.07 0.10 830 427 0.2909 -0.0177 0.002900
522.50 C 20260824 24.35 31.40 4 6 0.3464 0.9780 0.003700
522.50 P 20260824 0.08 0.14 126 86 0.2801 -0.0221 0.003700
525.00 C 20260824 23.50 28.95 52 18 0.4313 0.9716 0.004800
525.00 P 20260824 0.12 0.15 587 356 0.2665 -0.0285 0.004800
527.50 C 20260824 19.40 26.50 48 31 0.3065 0.9621 0.006300
527.50 P 20260824 0.16 0.23 92 113 0.2598 -0.0379 0.006300
530.00 C 20260824 17.10 22.70 102 73 -1.0000 0.9482 0.008400
530.00 P 20260824 0.24 0.29 440 336 0.2502 -0.0519 0.008400
532.50 C 20260824 14.25 21.50 3 33 0.2407 0.9280 0.011200
532.50 P 20260824 0.33 0.44 451 55 0.2439 -0.0722 0.011200
535.00 C 20260824 13.10 17.70 2 100 0.2168 0.8992 0.014700
535.00 P 20260824 0.53 0.62 599 250 0.2399 -0.1009 0.014700
537.50 C 20260824 12.65 14.15 7 51 0.2398 0.8600 0.018800
537.50 P 20260824 0.79 0.90 331 125 0.2359 -0.1403 0.018900
540.00 C 20260824 10.45 11.75 147 119 0.2222 0.8087 0.023300
540.00 P 20260824 1.12 1.40 936 326 0.2350 -0.1917 0.023400
542.50 C 20260824 8.25 9.80 92 121 0.2146 0.7452 0.027600
542.50 P 20260824 1.70 1.89 780 147 0.2324 -0.2554 0.027700
545.00 C 20260824 7.00 7.75 565 329 0.2226 0.6711 0.031100
545.00 P 20260824 2.50 2.72 1042 729 0.2361 -0.3298 0.031200
547.50 C 20260824 5.65 6.20 662 234 0.2288 0.5896 0.033400
547.50 P 20260824 3.35 3.70 814 156 0.2343 -0.4117 0.033600
550.00 C 20260824 4.25 4.65 4058 302 0.2225 0.5048 0.034200
550.00 P 20260824 4.40 4.90 5278 197 0.2327 -0.4970 0.034300
552.50 C 20260824 3.30 3.65 4806 128 0.2292 0.4208 0.033300
552.50 P 20260824 5.80 6.40 532 105 0.2368 -0.5814 0.033500
555.00 C 20260824 2.43 2.73 3811 338 0.2321 0.3419 0.031000
555.00 P 20260824 7.15 8.60 985 241 0.2478 -0.6607 0.031200
557.50 C 20260824 1.80 2.00 2857 141 0.2354 0.2715 0.027700
557.50 P 20260824 8.70 10.40 12 71 0.2436 -0.7313 0.027800
560.00 C 20260824 1.20 1.52 4240 284 0.2375 0.2119 0.023800
560.00 P 20260824 10.90 12.55 895 1096 0.2612 -0.7911 0.023800
562.50 C 20260824 1.02 1.07 3341 157 0.2472 0.1635 0.019800
562.50 P 20260824 13.00 14.25 28 43 0.2516 -0.8395 0.019800
565.00 C 20260824 0.70 0.88 2223 300 0.2552 0.1254 0.016200
565.00 P 20260824 15.00 16.95 32 291 0.2698 -0.8774 0.016200
567.50 C 20260824 0.53 0.60 1544 343 0.2593 0.0962 0.013000
567.50 P 20260824 16.90 20.00 1 57 0.2969 -0.9064 0.013000
570.00 C 20260824 0.40 0.46 3415 1078 0.2677 0.0742 0.010400
570.00 P 20260824 19.20 21.45 78 331 0.2434 -0.9282 0.010300
572.50 C 20260824 0.30 0.35 1115 232 0.2754 0.0578 0.008300
572.50 P 20260824 19.25 26.60 2 16 0.2849 -0.9443 0.008200
575.00 C 20260824 0.24 0.26 4070 1101 0.2838 0.0457 0.006700
575.00 P 20260824 22.85 27.45 62 86 0.2401 -0.9562 0.006600
577.50 C 20260824 0.16 0.27 461 1018 0.2976 0.0368 0.005400
577.50 P 20260824 25.95 29.45 31 30 0.2787 -0.9649 0.005300
580.00 C 20260824 0.15 0.18 2297 1035 0.3049 0.0302 0.004400
580.00 P 20260824 26.35 33.80 32 79 0.2153 -0.9713 0.004300
582.50 C 20260824 0.12 0.16 111 174 0.3169 0.0252 0.003700
582.50 P 20260824 29.05 36.20 0 26 0.2841 -0.9762 0.003600
585.00 C 20260824 0.10 0.15 303 314 0.3309 0.0213 0.003100
585.00 P 20260824 31.55 38.35 13 123 -1.0000 -0.9799 0.003000
587.50 C 20260824 0.09 0.14 125 455 0.3458 0.0183 0.002600
587.50 P 20260824 34.05 41.15 6 14 0.2996 -0.9828 0.002500
590.00 C 20260824 0.08 0.11 372 392 0.3550 0.0159 0.002200
590.00 P 20260824 36.55 43.70 7 25 0.3378 -0.9851 0.002200
592.50 C 20260824 0.07 0.09 53 275 0.3647 0.0139 0.001900
592.50 P 20260824 39.20 46.30 26 35 0.4157 -0.9869 0.001800
595.00 C 20260824 0.06 0.08 65 349 0.3758 0.0123 0.001700
595.00 P 20260824 41.50 48.35 20 14 -1.0000 -0.9885 0.001600
597.50 C 20260824 0.03 0.10 5 102 0.3896 0.0109 0.001400
597.50 P 20260824 44.00 51.15 0 1 0.3207 -0.9898 0.001400
600.00 C 20260824 0.06 0.07 523 1180 0.4066 0.0098 0.001300
600.00 P 20260824 46.50 51.35 30 1 -1.0000 -0.9909 0.001200
602.50 C 20260824 0.04 0.08 119 273 0.4194 0.0088 0.001100
602.50 P 20260824 49.00 56.10 0 0 -1.0000 -0.9918 0.001100
605.00 C 20260824 0.02 0.07 44 196 0.4216 0.0079 0.001000
605.00 P 20260824 51.50 58.75 1 2 0.4402 -0.9926 0.001000
607.50 C 20260824 0.02 0.11 8 50 0.4568 0.0072 0.000900
607.50 P 20260824 54.00 61.65 0 0 0.5576 -0.9933 0.000800
610.00 C 20260824 0.04 0.06 24 118 0.4590 0.0065 0.000800
610.00 P 20260824 56.50 64.15 0 0 0.5766 -0.9940 0.000800
612.50 C 20260824 0.02 0.07 14 38 0.4693 0.0059 0.000700
612.50 P 20260824 59.00 66.20 0 0 0.4606 -0.9945 0.000700
615.00 C 20260824 0.02 0.07 175 89 0.4850 0.0054 0.000600
615.00 P 20260824 61.50 68.55 0 0 -1.0000 -0.9950 0.000600
617.50 C 20260824 0.01 0.06 4 18 0.4871 0.0050 0.000600
617.50 P 20260824 64.00 71.05 0 0 -1.0000 -0.9954 0.000600
620.00 C 20260824 0.01 0.03 26 133 0.4748 0.0046 0.000500
620.00 P 20260824 66.50 73.65 0 0 0.4469 -0.9958 0.000500
622.50 C 20260824 0.00 0.09 2 42 0.5374 0.0042 0.000500
622.50 P 20260824 69.00 76.15 0 0 0.4604 -0.9961 0.000500
625.00 C 20260824 0.00 0.06 16 92 0.5237 0.0039 0.000400
625.00 P 20260824 71.50 78.70 0 0 0.5361 -0.9964 0.000400
627.50 C 20260824 0.01 0.07 5 45 0.5545 0.0036 0.000400
627.50 P 20260824 74.00 81.00 0 0 -1.0000 -0.9967 0.000400
630.00 C 20260824 0.01 0.04 460 140 0.5430 0.0033 0.000400
630.00 P 20260824 76.50 83.45 0 0 -1.0000 -0.9969 0.000400
632.50 C 20260824 0.00 0.07 17 17 0.5761 0.0031 0.000300
632.50 P 20260824 79.00 85.70 0 0 -1.0000 -0.9972 0.000300
635.00 C 20260824 0.00 0.02 5 35 0.5260 0.0029 0.000300
635.00 P 20260824 81.50 88.45 0 0 -1.0000 -0.9974 0.000300
637.50 C 20260824 0.00 0.01 15 43 0.5099 0.0027 0.000300
637.50 P 20260824 84.00 90.95 2 0 -1.0000 -0.9975 0.000300
640.00 C 20260824 0.00 0.04 115 48 0.5867 0.0025 0.000300
640.00 P 20260824 86.50 93.30 0 0 -1.0000 -0.9977 0.000200
642.50 C 20260824 0.00 0.01 5 37 0.5346 0.0024 0.000200
642.50 P 20260824 89.00 96.10 0 0 -1.0000 -0.9978 0.000200
645.00 C 20260824 0.00 0.01 6 239 0.5469 0.0022 0.000200
645.00 P 20260824 91.50 98.65 9 0 0.5784 -0.9980 0.000200
647.50 C 20260824 0.00 0.01 21 20 0.5591 0.0021 0.000200
647.50 P 20260824 94.00 101.15 0 0 0.5911 -0.9981 0.000200
650.00 C 20260824 0.00 0.01 140 78 0.5712 0.0019 0.000200
650.00 P 20260824 96.50 103.65 0 0 0.6037 -0.9982 0.000200
652.50 C 20260824 0.00 0.01 6 18 0.5832 0.0018 0.000200
652.50 P 20260824 99.00 106.05 0 0 -1.0000 -0.9983 0.000200
655.00 C 20260824 0.00 0.01 43 191 0.5952 0.0017 0.000200
655.00 P 20260824 101.50 108.55 0 0 -1.0000 -0.9984 0.000200
657.50 C 20260824 0.00 0.01 33 16 0.6071 0.0016 0.000200
657.50 P 20260824 104.00 111.10 0 0 -1.0000 -0.9985 0.000100
660.00 C 20260824 0.00 0.01 55 49 0.6190 0.0015 0.000100
660.00 P 20260824 106.50 113.55 0 0 -1.0000 -0.9986 0.000100
662.50 C 20260824 0.00 0.81 91 18 0.9998 0.0014 0.000100
662.50 P 20260824 109.00 116.05 0 0 -1.0000 -0.9987 0.000100
665.00 C 20260824 0.00 0.01 104 67 0.6425 0.0014 0.000100
665.00 P 20260824 111.50 118.65 0 0 0.6781 -0.9988 0.000100
667.50 C 20260824 0.00 0.82 132 61 1.0353 0.0013 0.000100
667.50 P 20260824 114.00 121.20 0 0 0.7750 -0.9988 0.000100
670.00 C 20260824 0.00 0.01 106 259 0.6658 0.0012 0.000100
670.00 P 20260824 116.50 123.60 0 0 -1.0000 -0.9989 0.000100
672.50 C 20260824 0.00 0.51 82 37 0.9990 0.0012 0.000100
672.50 P 20260824 119.00 126.15 0 0 0.7144 -0.9990 0.000100
675.00 C 20260824 0.00 0.01 24 31 0.6888 0.0011 0.000100
675.00 P 20260824 121.50 128.55 0 0 -1.0000 -0.9990 0.000100
677.50 C 20260824 0.00 0.01 0 28 0.7002 0.0010 0.000100
677.50 P 20260824 124.00 130.75 0 0 -1.0000 -0.9990 0.000100
680.00 C 20260824 0.00 0.01 0 35 0.7116 0.0010 0.000100
680.00 P 20260824 126.50 133.75 0 0 0.8876 -0.9991 0.000100
682.50 C 20260824 0.00 0.05 0 20 0.8233 0.0010 0.000100
682.50 P 20260824 129.00 136.05 0 0 -1.0000 -0.9992 0.000100
685.00 C 20260824 0.00 0.05 443 12 0.8359 0.0009 0.000100
685.00 P 20260824 131.85 138.55 0 0 0.9997 -0.9992 0.000100
687.50 C 20260824 0.00 0.01 1016 7 0.7454 0.0009 0.000100
687.50 P 20260824 134.00 141.05 0 0 -1.0000 -0.9992 0.000100
690.00 C 20260824 0.00 0.01 1151 15 0.7565 0.0008 0.000100
690.00 P 20260824 136.50 143.25 0 0 -1.0000 -0.9993 0.000100
695.00 C 20260824 0.00 0.02 1000 34 0.8202 0.0008 0.000100
695.00 P 20260824 141.50 148.65 0 0 0.8200 -0.9993 0.000100
700.00 C 20260824 0.00 0.02 3119 16 0.8431 0.0007 0.000100
700.00 P 20260824 146.50 153.70 0 0 0.9427 -0.9994 0.000000
705.00 C 20260824 0.00 0.05 0 19 0.9340 0.0006 0.000000
705.00 P 20260824 151.50 158.65 0 0 0.8654 -0.9994 0.000000
710.00 C 20260824 0.00 0.01 0 35 0.8438 0.0006 0.000000
710.00 P 20260824 156.50 163.65 0 0 0.8878 -0.9995 0.000000
715.00 C 20260824 0.00 0.01 46 13 0.8651 0.0005 0.000000
715.00 P 20260824 161.50 168.55 0 0 -1.0000 -0.9995 0.000000
720.00 C 20260824 0.00 0.01 5 36 0.8862 0.0005 0.000000
720.00 P 20260824 166.50 173.65 0 0 0.9320 -0.9996 0.000000
725.00 C 20260824 0.00 0.01 0 23 0.9071 0.0004 0.000000
725.00 P 20260824 171.50 178.60 0 0 -1.0000 -0.9996 0.000000
730.00 C 20260824 0.00 0.01 0 14 0.9279 0.0004 0.000000
730.00 P 20260824 176.50 183.75 0 0 1.1453 -0.9996 0.000000
735.00 C 20260824 0.00 0.01 0 13 0.9484 0.0004 0.000000
735.00 P 20260824 181.50 188.85 0 0 1.2448 -0.9996 0.000000
740.00 C 20260824 0.00 0.01 0 56 0.9688 0.0004 0.000000
740.00 P 20260824 186.50 193.85 0 0 1.2702 -0.9997 0.000000
745.00 C 20260824 0.00 0.01 0 49 0.9891 0.0003 0.000000
745.00 P 20260824 191.50 198.55 0 0 -1.0000 -0.9997 0.000000
750.00 C 20260824 0.00 0.01 0 166 1.0091 0.0003 0.000000
750.00 P 20260824 196.50 203.85 0 0 1.3203 -0.9997 0.000000
755.00 C 20260824 0.00 0.01 49 75 1.0290 0.0003 0.000000
755.00 P 20260824 201.50 208.85 0 0 1.3450 -0.9997 0.000000
760.00 C 20260824 0.00 1.01 3 111 1.6398 0.0003 0.000000
760.00 P 20260824 206.50 213.55 0 0 -1.0000 -0.9998 0.000000
765.00 C 20260824 0.00 1.01 0 26 1.6676 0.0003 0.000000
765.00 P 20260824 211.50 218.55 0 0 -1.0000 -0.9998 0.000000
770.00 C 20260824 0.00 0.01 0 8 1.0877 0.0002 0.000000
770.00 P 20260824 216.50 223.55 0 0 -1.0000 -0.9998 0.000000
775.00 C 20260824 0.00 0.01 0 6 1.1069 0.0002 0.000000
775.00 P 20260824 221.50 228.75 0 0 1.3570 -0.9998 0.000000
780.00 C 20260824 0.00 0.13 0 9 1.3842 0.0002 0.000000
780.00 P 20260824 226.50 233.75 0 0 1.3796 -0.9998 0.000000
785.00 C 20260824 0.00 1.01 0 4 1.7765 0.0002 0.000000
785.00 P 20260824 231.50 238.80 0 0 1.4505 -0.9998 0.000000
790.00 C 20260824 0.00 0.01 0 4 1.1637 0.0002 0.000000
790.00 P 20260824 236.50 243.60 0 0 -1.0000 -0.9998 0.000000
795.00 C 20260824 0.00 0.01 0 39 1.1824 0.0002 0.000000
795.00 P 20260824 241.50 248.55 0 0 -1.0000 -0.9998 0.000000
800.00 C 20260824 0.00 0.01 0 32 1.2009 0.0002 0.000000
800.00 P 20260824 246.50 253.80 0 0 1.5184 -0.9998 0.000000
805.00 C 20260824 0.00 0.01 0 57 1.2193 0.0002 0.000000
805.00 P 20260824 251.50 258.80 0 0 1.5406 -0.9999 0.000000
810.00 C 20260824 0.00 0.01 0 22 1.2375 0.0001 0.000000
810.00 P 20260824 256.50 263.75 0 0 1.5110 -0.9999 0.000000
815.00 C 20260824 0.00 0.01 0 4 1.2556 0.0001 0.000000
815.00 P 20260824 261.50 268.60 0 0 -1.0000 -0.9999 0.000000
820.00 C 20260824 0.00 0.01 0 2 1.2735 0.0001 0.000000
820.00 P 20260824 266.85 273.80 0 0 1.8093 -0.9999 0.000000
825.00 C 20260824 0.00 0.05 0 1 1.4537 0.0001 0.000000
825.00 P 20260824 271.50 278.55 0 0 -1.0000 -0.9999 0.000000
830.00 C 20260824 0.00 0.82 108 1 1.9545 0.0001 0.000000
830.00 P 20260824 276.50 283.55 0 0 -1.0000 -0.9999 0.000000
835.00 C 20260824 0.00 0.05 0 2 1.4926 0.0001 0.000000
835.00 P 20260824 281.50 288.85 0 0 1.7130 -0.9999 0.000000
840.00 C 20260824 0.00 0.01 10 10 1.3441 0.0001 0.000000
840.00 P 20260824 286.50 293.85 0 0 1.7345 -0.9999 0.000000
845.00 C 20260824 0.00 0.01 0 0 1.3614 0.0001 0.000000
845.00 P 20260824 291.50 298.55 0 0 -1.0000 -0.9999 0.000000
850.00 C 20260824 0.00 0.01 0 2 1.3786 0.0001 0.000000
850.00 P 20260824 296.50 303.80 0 0 1.7328 -0.9999 0.000000
855.00 C 20260824 0.00 0.05 0 0 1.5688 0.0001 0.000000
855.00 P 20260824 301.50 309.05 0 0 1.9239 -0.9999 0.000000
860.00 C 20260824 0.00 1.02 0 0 2.1556 0.0001 0.000000
860.00 P 20260824 306.50 313.55 0 0 -1.0000 -0.9999 0.000000
865.00 C 20260824 0.00 0.05 0 0 1.6061 0.0001 0.000000
865.00 P 20260824 311.50 319.15 0 0 2.0151 -0.9999 0.000000
870.00 C 20260824 0.00 0.20 0 0 1.8356 0.0001 0.000000
870.00 P 20260824 316.50 323.85 0 0 1.8600 -0.9999 0.000000
875.00 C 20260824 0.00 0.01 0 0 1.4628 0.0001 0.000000
875.00 P 20260824 321.50 328.70 0 0 1.6935 -0.9999 0.000000
880.00 C 20260824 0.00 0.01 0 0 1.4793 0.0001 0.000000
880.00 P 20260824 326.50 333.95 0 0 1.9740 -0.9999 0.000000
885.00 C 20260824 0.00 0.01 0 9 1.4957 0.0001 0.000000
885.00 P 20260824 331.50 338.55 0 0 -1.0000 -0.9999 0.000000
890.00 C 20260824 0.00 0.01 0 19 1.5119 0.0001 0.000000
890.00 P 20260824 336.50 344.05 0 0 2.0743 -0.9999 0.000000
895.00 C 20260824 0.00 0.01 0 28 1.5281 0.0001 0.000000
895.00 P 20260824 341.50 349.05 0 0 2.0951 -0.9999 0.000000
900.00 C 20260824 0.00 0.01 0 0 1.5442 0.0001 0.000000
900.00 P 20260824 346.50 354.15 0 0 2.1659 -0.9999 0.000000
400.00 C 20260826 146.00 153.65 0 0 -1.0000 0.9995 0.000000
400.00 P 20260826 0.00 1.02 0 0 1.3177 -0.0005 0.000000
405.00 C 20260826 141.75 148.65 0 0 1.0227 0.9994 0.000000
405.00 P 20260826 0.00 1.02 0 1 1.2727 -0.0006 0.000000
410.00 C 20260826 136.00 143.65 0 0 -1.0000 0.9994 0.000000
410.00 P 20260826 0.00 1.00 0 0 1.2245 -0.0007 0.000000
415.00 C 20260826 131.75 138.65 0 0 1.0319 0.9993 0.000000
415.00 P 20260826 0.00 0.23 0 11 0.9723 -0.0008 0.000000
420.00 C 20260826 126.95 133.65 0 0 0.9915 0.9992 0.000100
420.00 P 20260826 0.00 0.97 0 4 1.1314 -0.0009 0.000100
425.00 C 20260826 122.50 128.65 0 0 1.0796 0.9990 0.000100
425.00 P 20260826 0.00 0.95 0 13 1.0848 -0.0010 0.000100
430.00 C 20260826 116.90 123.65 0 0 0.8953 0.9989 0.000100
430.00 P 20260826 0.00 0.93 0 10 1.0387 -0.0012 0.000100
435.00 C 20260826 112.05 118.70 0 0 0.9137 0.9987 0.000100
435.00 P 20260826 0.00 0.91 0 12 0.9930 -0.0014 0.000100
440.00 C 20260826 106.80 113.70 0 0 0.8006 0.9985 0.000100
440.00 P 20260826 0.00 0.87 0 12 0.9446 -0.0016 0.000100
445.00 C 20260826 101.60 108.70 0 0 0.6480 0.9982 0.000100
445.00 P 20260826 0.00 0.84 0 12 0.8984 -0.0018 0.000100
450.00 C 20260826 96.50 103.90 8 0 0.6842 0.9979 0.000200
450.00 P 20260826 0.01 0.03 33 26 0.5977 -0.0021 0.000200
460.00 C 20260826 86.60 93.95 8 0 0.6682 0.9971 0.000200
460.00 P 20260826 0.00 0.08 23 20 0.5750 -0.0029 0.000200
465.00 C 20260826 81.65 88.70 0 0 0.5512 0.9966 0.000300
465.00 P 20260826 0.00 0.11 25 28 0.5622 -0.0034 0.000300
470.00 C 20260826 77.70 83.70 2 0 0.7330 0.9960 0.000400
470.00 P 20260826 0.01 0.08 21 23 0.5185 -0.0041 0.000400
475.00 C 20260826 72.00 78.75 2 3 0.6021 0.9952 0.000400
475.00 P 20260826 0.01 0.11 23 18 0.5028 -0.0049 0.000400
480.00 C 20260826 66.60 73.95 48 4 0.5229 0.9941 0.000600
480.00 P 20260826 0.02 0.11 23 18 0.4749 -0.0059 0.000600
485.00 C 20260826 62.00 68.95 48 5 0.5565 0.9928 0.000700
485.00 P 20260826 0.03 0.11 22 19 0.4466 -0.0072 0.000700
490.00 C 20260826 56.85 63.75 2 13 0.4624 0.9910 0.000900
490.00 P 20260826 0.04 0.15 29 41 0.4303 -0.0090 0.000900
495.00 C 20260826 52.10 58.80 2 13 0.4724 0.9885 0.001200
495.00 P 20260826 0.08 0.12 31 162 0.3996 -0.0116 0.001200
497.50 C 20260826 49.40 56.30 0 1 0.4256 0.9868 0.001300
497.50 P 20260826 0.07 0.16 26 0 0.3902 -0.0132 0.001300
500.00 C 20260826 47.40 53.80 4 20 0.4656 0.9848 0.001600
500.00 P 20260826 0.10 0.14 537 171 0.3754 -0.0153 0.001600
502.50 C 20260826 44.45 51.35 0 1 0.4025 0.9822 0.001800
502.50 P 20260826 0.10 0.22 6 5 0.3736 -0.0178 0.001800
505.00 C 20260826 42.20 48.85 4 15 0.4112 0.9790 0.002200
505.00 P 20260826 0.12 0.24 12 692 0.3624 -0.0211 0.002200
507.50 C 20260826 39.65 46.40 4 0 0.3914 0.9749 0.002600
507.50 P 20260826 0.15 0.31 8 12 0.3584 -0.0252 0.002600
510.00 C 20260826 36.95 43.95 0 5 0.3569 0.9698 0.003100
510.00 P 20260826 0.18 0.30 38 124 0.3424 -0.0303 0.003100
512.50 C 20260826 34.70 41.50 0 0 0.3643 0.9632 0.003600
512.50 P 20260826 0.19 0.43 8 14 0.3388 -0.0369 0.003600
515.00 C 20260826 32.05 39.10 0 16 0.3399 0.9550 0.004400
515.00 P 20260826 0.27 0.46 26 37 0.3295 -0.0451 0.004400
517.50 C 20260826 29.35 36.70 0 0 0.3117 0.9447 0.005200
517.50 P 20260826 0.40 0.57 15 12 0.3281 -0.0554 0.005200
520.00 C 20260826 27.00 34.35 1 20 0.3129 0.9319 0.006200
520.00 P 20260826 0.53 0.67 83 110 0.3221 -0.0682 0.006200
522.50 C 20260826 25.55 32.00 0 0 0.3527 0.9163 0.007400
522.50 P 20260826 0.69 0.86 64 26 0.3197 -0.0839 0.007400
525.00 C 20260826 22.60 29.75 2 9 0.3201 0.8974 0.008700
525.00 P 20260826 0.91 1.07 95 219 0.3170 -0.1028 0.008700
527.50 C 20260826 20.15 26.15 0 3 0.2460 0.8748 0.010100
527.50 P 20260826 1.09 1.44 76 6 0.3151 -0.1254 0.010100
530.00 C 20260826 17.95 24.15 0 31 0.2618 0.8484 0.011600
530.00 P 20260826 1.47 1.68 150 147 0.3114 -0.1520 0.011600
532.50 C 20260826 18.60 20.25 20 140 0.2972 0.8178 0.013100
532.50 P 20260826 1.90 2.16 92 6 0.3125 -0.1826 0.013200
535.00 C 20260826 16.60 18.20 23 124 0.2961 0.7832 0.014600
535.00 P 20260826 2.33 2.66 103 60 0.3093 -0.2173 0.014700
537.50 C 20260826 14.65 16.30 7 17 0.2953 0.7447 0.016100
537.50 P 20260826 2.91 3.25 87 29 0.3078 -0.2560 0.016100
540.00 C 20260826 13.25 14.50 61 116 0.3045 0.7025 0.017400
540.00 P 20260826 3.55 3.95 392 168 0.3056 -0.2983 0.017500
542.50 C 20260826 11.60 12.85 100 32 0.3054 0.6573 0.018500
542.50 P 20260826 4.40 4.85 60 22 0.3075 -0.3437 0.018600
545.00 C 20260826 9.75 11.15 160 159 0.2964 0.6097 0.019300
545.00 P 20260826 5.30 5.85 168 153 0.3074 -0.3916 0.019400
547.50 C 20260826 8.55 9.50 187 53 0.2968 0.5605 0.019800
547.50 P 20260826 6.15 6.90 59 3 0.3025 -0.4411 0.020000
550.00 C 20260826 7.50 8.10 539 210 0.3000 0.5105 0.020000
550.00 P 20260826 7.60 8.15 269 277 0.3083 -0.4913 0.020200
552.50 C 20260826 6.40 7.00 317 41 0.3029 0.4608 0.019900
552.50 P 20260826 8.85 9.55 42 2 0.3083 -0.5414 0.020100
555.00 C 20260826 5.40 5.95 538 98 0.3040 0.4122 0.019500
555.00 P 20260826 10.50 11.25 67 408 0.3172 -0.5904 0.019600
557.50 C 20260826 4.60 5.05 155 24 0.3073 0.3655 0.018700
557.50 P 20260826 11.60 12.95 5 2 0.3104 -0.6374 0.018900
560.00 C 20260826 3.90 4.15 401 232 0.3081 0.3215 0.017800
560.00 P 20260826 13.30 14.90 36 133 0.3165 -0.6817 0.017900
562.50 C 20260826 3.25 3.60 114 17 0.3132 0.2808 0.016600
562.50 P 20260826 15.20 16.55 33 0 0.3161 -0.7228 0.016800
565.00 C 20260826 2.65 2.99 337 343 0.3140 0.2437 0.015300
565.00 P 20260826 17.15 18.75 13 74 0.3256 -0.7603 0.015500
567.50 C 20260826 2.24 2.55 109 87 0.3196 0.2104 0.014000
567.50 P 20260826 19.20 20.50 20 42 0.3224 -0.7939 0.014100
570.00 C 20260826 1.79 2.08 370 178 0.3195 0.1808 0.012600
570.00 P 20260826 21.20 22.90 22 104 0.3314 -0.8236 0.012700
572.50 C 20260826 1.54 1.78 153 55 0.3267 0.1550 0.011300
572.50 P 20260826 23.15 26.90 3 48 0.3844 -0.8497 0.011400
575.00 C 20260826 1.28 1.42 284 276 0.3283 0.1326 0.010000
575.00 P 20260826 23.85 29.75 15 265 0.3647 -0.8722 0.010100
577.50 C 20260826 1.06 1.18 103 116 0.3322 0.1134 0.008900
577.50 P 20260826 26.15 30.70 12 26 0.3201 -0.8915 0.008900
580.00 C 20260826 0.87 1.04 403 200 0.3387 0.0970 0.007800
580.00 P 20260826 27.25 34.25 4 55 0.3231 -0.9078 0.007800
582.50 C 20260826 0.70 0.93 179 80 0.3450 0.0831 0.006800
582.50 P 20260826 31.45 36.70 1 20 0.4163 -0.9217 0.006800
585.00 C 20260826 0.63 0.72 322 130 0.3488 0.0714 0.006000
585.00 P 20260826 32.00 36.95 3 16 -1.0000 -0.9333 0.006000
587.50 C 20260826 0.54 0.61 317 166 0.3548 0.0616 0.005300
587.50 P 20260826 34.40 41.25 0 9 0.3177 -0.9430 0.005200
590.00 C 20260826 0.46 0.53 843 439 0.3614 0.0534 0.004600
590.00 P 20260826 39.35 41.80 14 238 0.3761 -0.9510 0.004600
592.50 C 20260826 0.40 0.48 602 181 0.3700 0.0465 0.004100
592.50 P 20260826 39.30 46.05 0 78 0.3095 -0.9577 0.004000
595.00 C 20260826 0.31 0.48 242 128 0.3791 0.0408 0.003600
595.00 P 20260826 42.80 49.05 4 13 0.4564 -0.9633 0.003500
597.50 C 20260826 0.28 0.46 34 99 0.3908 0.0359 0.003200
597.50 P 20260826 44.20 51.30 1 14 0.3633 -0.9680 0.003100
600.00 C 20260826 0.25 0.32 361 720 0.3889 0.0319 0.002800
600.00 P 20260826 46.65 53.40 4 155 -1.0000 -0.9719 0.002700
602.50 C 20260826 0.23 0.30 18 69 0.3995 0.0284 0.002500
602.50 P 20260826 49.10 55.90 0 10 -1.0000 -0.9752 0.002400
605.00 C 20260826 0.20 0.27 77 245 0.4067 0.0254 0.002200
605.00 P 20260826 51.60 58.65 0 1 0.3549 -0.9779 0.002100
607.50 C 20260826 0.15 0.30 5 57 0.4186 0.0229 0.002000
607.50 P 20260826 54.10 61.10 0 0 0.3476 -0.9803 0.001900
610.00 C 20260826 0.13 0.25 20 85 0.4222 0.0207 0.001800
610.00 P 20260826 56.55 63.65 0 0 0.3601 -0.9823 0.001700
612.50 C 20260826 0.14 0.26 28 27 0.4396 0.0188 0.001600
612.50 P 20260826 58.80 65.75 10 10 -1.0000 -0.9840 0.001500
615.00 C 20260826 0.08 0.26 24 115 0.4432 0.0172 0.001500
615.00 P 20260826 61.55 68.60 0 0 0.3428 -0.9856 0.001400
617.50 C 20260826 0.07 0.23 29 43 0.4490 0.0157 0.001400
617.50 P 20260826 64.00 71.20 0 0 0.3968 -0.9869 0.001200
620.00 C 20260826 0.07 0.18 42 35 0.4513 0.0144 0.001200
620.00 P 20260826 66.90 73.60 0 0 0.4936 -0.9880 0.001100
622.50 C 20260826 0.09 0.20 21 42 0.4736 0.0133 0.001100
622.50 P 20260826 69.00 75.70 0 0 -1.0000 -0.9891 0.001000
625.00 C 20260826 0.05 0.16 41 754 0.4669 0.0123 0.001000
625.00 P 20260826 71.50 78.55 0 0 -1.0000 -0.9900 0.000900
627.50 C 20260826 0.07 0.15 21 6 0.4823 0.0114 0.000900
627.50 P 20260826 74.00 80.70 0 0 -1.0000 -0.9908 0.000900
630.00 C 20260826 0.04 0.17 34 23 0.4920 0.0105 0.000900
630.00 P 20260826 76.50 83.60 0 0 -1.0000 -0.9915 0.000800
632.50 C 20260826 0.03 0.15 22 12 0.4952 0.0098 0.000800
632.50 P 20260826 79.00 86.15 0 0 0.4185 -0.9922 0.000700
635.00 C 20260826 0.02 0.13 21 35 0.4966 0.0091 0.000700
635.00 P 20260826 81.50 88.45 7 0 -1.0000 -0.9928 0.000700
637.50 C 20260826 0.03 0.20 20 12 0.5351 0.0085 0.000700
637.50 P 20260826 84.00 91.20 0 0 0.4909 -0.9933 0.000600
640.00 C 20260826 0.01 0.15 20 38 0.5242 0.0079 0.000600
640.00 P 20260826 86.50 93.70 0 0 0.5023 -0.9938 0.000600
642.50 C 20260826 0.01 0.13 20 16 0.5280 0.0074 0.000600
642.50 P 20260826 89.00 96.65 0 0 0.6425 -0.9942 0.000500
645.00 C 20260826 0.03 0.32 2 59 0.6031 0.0069 0.000600
645.00 P 20260826 91.50 99.15 0 0 0.6559 -0.9946 0.000500
647.50 C 20260826 0.05 0.12 11 15 0.5633 0.0065 0.000500
647.50 P 20260826 94.00 101.25 0 0 0.5644 -0.9950 0.000400
650.00 C 20260826 0.03 0.08 50 51 0.5480 0.0061 0.000500
650.00 P 20260826 96.50 104.15 0 0 0.7631 -0.9954 0.000400
655.00 C 20260826 0.01 0.15 3 125 0.5940 0.0054 0.000400
655.00 P 20260826 101.50 108.75 0 0 0.5989 -0.9960 0.000400
660.00 C 20260826 0.01 0.11 1 31 0.5976 0.0048 0.000400
660.00 P 20260826 106.50 113.20 0 0 -1.0000 -0.9964 0.000300
665.00 C 20260826 0.02 0.13 2 15 0.6346 0.0042 0.000300
665.00 P 20260826 111.50 118.20 0 0 -1.0000 -0.9969 0.000300
670.00 C 20260826 0.01 0.18 7 16 0.6740 0.0038 0.000300
670.00 P 20260826 116.50 123.55 0 0 -1.0000 -0.9972 0.000200
675.00 C 20260826 0.02 0.06 80 30 0.6360 0.0034 0.000200
675.00 P 20260826 121.50 128.55 0 0 -1.0000 -0.9976 0.000200
680.00 C 20260826 0.01 0.13 2 36 0.6947 0.0031 0.000200
680.00 P 20260826 126.50 133.65 0 0 0.6082 -0.9978 0.000200
685.00 C 20260826 0.00 0.08 14 10 0.6766 0.0028 0.000200
685.00 P 20260826 131.50 138.55 0 0 -1.0000 -0.9981 0.000200
690.00 C 20260826 0.00 0.28 26 71 0.7959 0.0025 0.000200
690.00 P 20260826 136.50 143.60 0 0 -1.0000 -0.9983 0.000100
695.00 C 20260826 0.00 0.07 12 26 0.7075 0.0023 0.000200
695.00 P 20260826 141.50 148.55 0 0 -1.0000 -0.9984 0.000100
700.00 C 20260826 0.00 0.67 46 15 0.9376 0.0021 0.000100
700.00 P 20260826 146.50 153.65 0 0 0.6824 -0.9986 0.000100
705.00 C 20260826 0.00 0.53 5 12 0.9314 0.0019 0.000100
705.00 P 20260826 151.50 158.75 0 0 0.8141 -0.9987 0.000100
710.00 C 20260826 0.00 0.52 4 9 0.9517 0.0017 0.000100
710.00 P 20260826 156.50 163.70 0 0 0.7949 -0.9988 0.000100
715.00 C 20260826 0.00 0.89 0 10 1.0474 0.0016 0.000100
715.00 P 20260826 161.50 168.60 0 0 -1.0000 -0.9990 0.000100
720.00 C 20260826 0.00 0.63 138 34 1.0213 0.0015 0.000100
720.00 P 20260826 166.50 173.25 0 0 -1.0000 -0.9990 0.000100
725.00 C 20260826 0.00 0.92 20 14 1.0990 0.0014 0.000100
725.00 P 20260826 171.50 178.60 0 0 -1.0000 -0.9991 0.000100
730.00 C 20260826 0.00 0.01 24 10 0.7191 0.0012 0.000100
730.00 P 20260826 176.50 183.60 0 0 -1.0000 -0.9992 0.000100
735.00 C 20260826 0.00 0.01 24 21 0.7351 0.0012 0.000100
735.00 P 20260826 181.50 188.55 0 0 -1.0000 -0.9993 0.000000
740.00 C 20260826 0.00 0.11 36 16 0.9131 0.0011 0.000100
740.00 P 20260826 186.50 193.55 0 0 -1.0000 -0.9993 0.000000
745.00 C 20260826 0.00 0.10 22 16 0.9232 0.0010 0.000100
745.00 P 20260826 191.50 198.55 0 0 -1.0000 -0.9994 0.000000
750.00 C 20260826 0.00 0.01 89 10 0.7821 0.0009 0.000100
750.00 P 20260826 196.50 203.55 0 0 -1.0000 -0.9994 0.000000
755.00 C 20260826 0.00 0.01 31 4 0.7975 0.0009 0.000000
755.00 P 20260826 201.50 208.55 0 0 -1.0000 -0.9995 0.000000
760.00 C 20260826 0.00 0.01 82 2 0.8128 0.0008 0.000000
760.00 P 20260826 206.50 213.55 0 0 -1.0000 -0.9995 0.000000
765.00 C 20260826 0.00 0.01 21 1 0.8280 0.0007 0.000000
765.00 P 20260826 211.50 218.55 0 0 -1.0000 -0.9996 0.000000
770.00 C 20260826 0.00 0.01 12 8 0.8431 0.0007 0.000000
770.00 P 20260826 216.50 223.55 0 0 -1.0000 -0.9996 0.000000
775.00 C 20260826 0.00 0.01 9 3 0.8580 0.0006 0.000000
775.00 P 20260826 221.50 228.55 0 0 -1.0000 -0.9996 0.000000
780.00 C 20260826 0.00 0.01 1 1 0.8728 0.0006 0.000000
780.00 P 20260826 226.50 233.50 0 0 -1.0000 -0.9996 0.000000
785.00 C 20260826 0.00 0.01 31 2 0.8875 0.0006 0.000000
785.00 P 20260826 231.50 238.55 0 0 -1.0000 -0.9997 0.000000
790.00 C 20260826 0.00 0.78 9 34 1.3507 0.0005 0.000000
790.00 P 20260826 236.50 243.55 0 0 -1.0000 -0.9997 0.000000
795.00 C 20260826 0.00 0.78 10 50 1.3707 0.0005 0.000000
795.00 P 20260826 241.50 248.55 0 0 -1.0000 -0.9997 0.000000
800.00 C 20260826 0.00 0.01 0 118 0.9309 0.0005 0.000000
800.00 P 20260826 246.50 253.55 0 0 -1.0000 -0.9997 0.000000
805.00 C 20260826 0.00 0.01 0 101 0.9451 0.0004 0.000000
805.00 P 20260826 251.50 258.55 0 0 -1.0000 -0.9998 0.000000
810.00 C 20260826 0.00 0.01 0 80 0.9593 0.0004 0.000000
810.00 P 20260826 256.50 263.55 0 0 -1.0000 -0.9998 0.000000
815.00 C 20260826 0.00 0.01 400 101 0.9733 0.0004 0.000000
815.00 P 20260826 261.50 268.55 0 0 -1.0000 -0.9998 0.000000
820.00 C 20260826 0.00 0.01 0 7 0.9872 0.0004 0.000000
820.00 P 20260826 266.50 273.55 0 0 -1.0000 -0.9998 0.000000
825.00 C 20260826 0.00 0.01 0 9 1.0011 0.0004 0.000000
825.00 P 20260826 271.65 278.75 0 0 1.3502 -0.9998 0.000000
830.00 C 20260826 0.00 0.01 0 9 1.0148 0.0003 0.000000
830.00 P 20260826 276.50 283.65 0 0 1.1038 -0.9998 0.000000
835.00 C 20260826 0.00 0.01 0 3 1.0284 0.0003 0.000000
835.00 P 20260826 281.50 288.80 0 0 1.3261 -0.9998 0.000000
840.00 C 20260826 0.00 0.01 0 3 1.0419 0.0003 0.000000
840.00 P 20260826 286.50 293.95 0 0 1.4262 -0.9998 0.000000
845.00 C 20260826 0.00 0.01 0 1001 1.0554 0.0003 0.000000
845.00 P 20260826 291.50 298.95 0 0 1.4435 -0.9998 0.000000
100.00 C 20260828 446.05 453.70 0 35 -1.0000 1.0000 0.000000
100.00 P 20260828 0.00 0.01 0 42 3.4812 0.0000 0.000000
110.00 C 20260828 436.05 443.70 0 0 -1.0000 1.0000 0.000000
110.00 P 20260828 0.00 0.01 0 42 3.2882 0.0000 0.000000
120.00 C 20260828 426.05 433.70 0 0 -1.0000 1.0000 0.000000
120.00 P 20260828 0.00 0.01 0 70 3.1124 0.0000 0.000000
130.00 C 20260828 416.55 423.70 0 0 3.4197 1.0000 0.000000
130.00 P 20260828 0.00 0.01 0 277 2.9511 0.0000 0.000000
140.00 C 20260828 406.10 413.70 0 0 -1.0000 1.0000 0.000000
140.00 P 20260828 0.00 0.01 1 311 2.8020 0.0000 0.000000
150.00 C 20260828 396.10 403.70 0 1 -1.0000 1.0000 0.000000
150.00 P 20260828 0.00 0.82 1 224 3.9190 0.0000 0.000000
160.00 C 20260828 386.10 393.75 0 0 -1.0000 1.0000 0.000000
160.00 P 20260828 0.00 1.02 0 7 3.8341 0.0000 0.000000
170.00 C 20260828 376.10 383.75 0 1 -1.0000 1.0000 0.000000
170.00 P 20260828 0.00 1.02 0 35 3.6539 0.0000 0.000000
180.00 C 20260828 366.10 373.75 0 0 -1.0000 1.0000 0.000000
180.00 P 20260828 0.00 1.02 0 0 3.4844 0.0000 0.000000
190.00 C 20260828 356.10 363.75 0 0 -1.0000 1.0000 0.000000
190.00 P 20260828 0.00 1.02 0 43 3.3245 0.0000 0.000000
200.00 C 20260828 346.15 353.75 0 0 -1.0000 1.0000 0.000000
200.00 P 20260828 0.00 1.02 0 77 3.1730 0.0000 0.000000
210.00 C 20260828 336.15 343.75 0 0 -1.0000 1.0000 0.000000
210.00 P 20260828 0.00 0.82 0 252 2.9468 0.0000 0.000000
220.00 C 20260828 326.15 333.80 0 3 -1.0000 1.0000 0.000000
220.00 P 20260828 0.00 0.82 0 232 2.8131 0.0000 0.000000
230.00 C 20260828 316.15 323.80 0 0 -1.0000 1.0000 0.000000
230.00 P 20260828 0.00 1.02 0 141 2.7610 -0.0001 0.000000
240.00 C 20260828 306.85 313.80 0 0 2.2774 1.0000 0.000000
240.00 P 20260828 0.00 0.23 0 294 2.2226 -0.0001 0.000000
250.00 C 20260828 296.45 303.80 0 0 -1.0000 1.0000 0.000000
250.00 P 20260828 0.00 1.02 0 40 2.5155 -0.0001 0.000000
260.00 C 20260828 286.60 293.80 0 0 1.5438 1.0000 0.000000
260.00 P 20260828 0.00 0.01 1 302 1.5635 -0.0001 0.000000
270.00 C 20260828 276.20 283.80 0 0 -1.0000 1.0000 0.000000
270.00 P 20260828 0.00 1.02 0 1 2.2888 -0.0001 0.000000
280.00 C 20260828 266.20 273.85 0 0 -1.0000 1.0000 0.000000
280.00 P 20260828 0.00 1.02 0 2 2.1815 -0.0001 0.000000
290.00 C 20260828 256.60 263.85 0 1 1.3260 0.9999 0.000000
290.00 P 20260828 0.00 0.06 554 6 1.5388 -0.0002 0.000000
300.00 C 20260828 246.20 253.85 0 6 -1.0000 0.9999 0.000000
300.00 P 20260828 0.00 0.05 162 175 1.4398 -0.0002 0.000000
310.00 C 20260828 236.20 243.85 0 0 -1.0000 0.9999 0.000000
310.00 P 20260828 0.00 0.05 40 32 1.3664 -0.0002 0.000000
320.00 C 20260828 226.20 233.85 0 4 -1.0000 0.9998 0.000000
320.00 P 20260828 0.01 0.05 122 20 1.3153 -0.0003 0.000000
330.00 C 20260828 217.10 224.05 18 4 1.5940 0.9998 0.000000
330.00 P 20260828 0.00 0.05 0 36 1.2261 -0.0003 0.000000
340.00 C 20260828 206.25 214.05 18 4 -1.0000 0.9997 0.000000
340.00 P 20260828 0.00 0.05 0 63 1.1589 -0.0004 0.000000
350.00 C 20260828 196.25 203.90 0 0 -1.0000 0.9996 0.000000
350.00 P 20260828 0.00 0.05 11 280 1.0935 -0.0005 0.000000
360.00 C 20260828 186.25 193.90 0 4 -1.0000 0.9995 0.000000
360.00 P 20260828 0.00 0.30 0 184 1.2284 -0.0006 0.000000
370.00 C 20260828 177.10 183.90 0 4 1.2043 0.9994 0.000000
370.00 P 20260828 0.00 0.20 71 61 1.1054 -0.0007 0.000000
380.00 C 20260828 166.60 173.90 0 0 -1.0000 0.9992 0.000000
380.00 P 20260828 0.01 0.20 79 40 1.0429 -0.0008 0.000000
390.00 C 20260828 157.10 163.90 0 17 1.0490 0.9990 0.000100
390.00 P 20260828 0.01 0.70 3 93 1.1331 -0.0010 0.000100
400.00 C 20260828 146.30 153.95 0 4 -1.0000 0.9988 0.000100
400.00 P 20260828 0.01 0.20 9 369 0.9107 -0.0013 0.000100
405.00 C 20260828 141.90 148.95 0 0 0.8812 0.9986 0.000100
405.00 P 20260828 0.01 0.20 93 152 0.8785 -0.0014 0.000100
410.00 C 20260828 137.00 143.95 0 4 0.8850 0.9985 0.000100
410.00 P 20260828 0.00 0.63 0 905 0.9702 -0.0016 0.000100
415.00 C 20260828 132.25 138.95 0 0 0.9176 0.9983 0.000100
415.00 P 20260828 0.00 0.82 0 164 0.9705 -0.0018 0.000100
420.00 C 20260828 127.20 133.95 0 5 0.8699 0.9980 0.000100
420.00 P 20260828 0.00 0.49 20 352 0.8696 -0.0020 0.000100
425.00 C 20260828 122.15 128.95 0 11 0.8223 0.9978 0.000100
425.00 P 20260828 0.00 0.74 4 62 0.8852 -0.0023 0.000100
430.00 C 20260828 117.20 124.00 0 10 0.8098 0.9975 0.000200
430.00 P 20260828 0.00 0.22 33 382 0.7260 -0.0026 0.000200
435.00 C 20260828 112.10 119.00 0 0 0.7525 0.9972 0.000200
435.00 P 20260828 0.02 0.13 7 870 0.6659 -0.0029 0.000200
440.00 C 20260828 107.05 114.00 2 1 0.7061 0.9968 0.000200
440.00 P 20260828 0.01 0.10 8 128 0.6158 -0.0033 0.000200
445.00 C 20260828 102.30 109.00 2 1 0.7238 0.9963 0.000200
445.00 P 20260828 0.02 0.10 5 89 0.5930 -0.0038 0.000200
450.00 C 20260828 97.55 104.00 0 4 0.7268 0.9957 0.000300
450.00 P 20260828 0.03 0.07 166 314 0.5539 -0.0043 0.000300
455.00 C 20260828 92.25 99.00 0 0 0.6464 0.9951 0.000400
455.00 P 20260828 0.05 0.12 38 103 0.5581 -0.0050 0.000400
460.00 C 20260828 88.60 94.05 2 3 0.7613 0.9943 0.000400
460.00 P 20260828 0.05 0.10 92 220 0.5217 -0.0058 0.000400
465.00 C 20260828 81.85 89.20 40 8 0.5410 0.9934 0.000500
465.00 P 20260828 0.01 0.11 172 254 0.4812 -0.0067 0.000500
470.00 C 20260828 77.30 84.25 40 7 0.5865 0.9922 0.000600
470.00 P 20260828 0.06 0.11 4263 4273 0.4723 -0.0079 0.000600
475.00 C 20260828 72.30 79.10 0 6 0.5339 0.9908 0.000700
475.00 P 20260828 0.08 0.15 486 319 0.4635 -0.0094 0.000700
480.00 C 20260828 67.00 74.10 2 14 0.4554 0.9888 0.000900
480.00 P 20260828 0.10 0.15 641 426 0.4367 -0.0113 0.000900
485.00 C 20260828 62.05 69.15 30 17 0.4403 0.9861 0.001100
485.00 P 20260828 0.05 0.16 192 324 0.3984 -0.0141 0.001100
490.00 C 20260828 57.00 64.20 62 16 0.4082 0.9822 0.001400
490.00 P 20260828 0.17 0.29 156 894 0.4132 -0.0179 0.001400
492.50 C 20260828 54.60 61.70 44 11 0.4055 0.9798 0.001600
492.50 P 20260828 0.17 0.27 102 6 0.3950 -0.0204 0.001600
495.00 C 20260828 53.65 59.40 56 23 0.5163 0.9767 0.001800
495.00 P 20260828 0.22 0.30 45 238 0.3896 -0.0234 0.001900
497.50 C 20260828 49.85 56.95 58 7 0.4200 0.9731 0.002100
497.50 P 20260828 0.24 0.37 29 11 0.3838 -0.0271 0.002100
500.00 C 20260828 49.30 52.15 46 55 0.3726 0.9688 0.002400
500.00 P 20260828 0.32 0.37 574 1356 0.3756 -0.0314 0.002500
502.50 C 20260828 45.10 52.10 42 5 0.4119 0.9635 0.002800
502.50 P 20260828 0.35 0.54 22 108 0.3762 -0.0367 0.002800
505.00 C 20260828 42.65 49.65 44 26 0.3995 0.9572 0.003200
505.00 P 20260828 0.42 0.52 273 429 0.3631 -0.0430 0.003300
507.50 C 20260828 40.15 47.10 50 2 0.3782 0.9497 0.003800
507.50 P 20260828 0.51 0.62 36 12 0.3589 -0.0506 0.003800
510.00 C 20260828 37.85 44.90 83 46 0.3852 0.9408 0.004300
510.00 P 20260828 0.63 0.75 313 1291 0.3561 -0.0596 0.004300
512.50 C 20260828 35.25 42.55 34 0 0.3682 0.9303 0.005000
512.50 P 20260828 0.78 0.90 187 20 0.3534 -0.0701 0.005000
515.00 C 20260828 33.00 40.05 37 39 0.3594 0.9180 0.005700
515.00 P 20260828 0.95 1.11 214 413 0.3517 -0.0825 0.005700
517.50 C 20260828 30.75 37.75 6 0 0.3567 0.9036 0.006400
517.50 P 20260828 1.14 1.30 95 116 0.3474 -0.0970 0.006500
520.00 C 20260828 30.00 34.25 7 362 0.3614 0.8871 0.007300
520.00 P 20260828 1.36 1.53 379 1350 0.3432 -0.1136 0.007300
522.50 C 20260828 26.45 32.05 2 0 0.3152 0.8682 0.008200
522.50 P 20260828 1.67 1.87 46 27 0.3428 -0.1327 0.008200
525.00 C 20260828 25.70 29.90 9 360 0.3557 0.8468 0.009100
525.00 P 20260828 2.02 2.21 487 1034 0.3405 -0.1542 0.009200
527.50 C 20260828 21.85 28.35 2 0 0.3217 0.8229 0.010000
527.50 P 20260828 2.36 2.62 85 17 0.3370 -0.1783 0.010100
530.00 C 20260828 22.20 24.45 221 387 0.3334 0.7965 0.011000
530.00 P 20260828 2.90 3.10 684 1049 0.3371 -0.2050 0.011100
532.50 C 20260828 20.40 22.15 8 16 0.3281 0.7676 0.011900
532.50 P 20260828 3.40 3.70 101 65 0.3358 -0.2341 0.012000
535.00 C 20260828 18.55 20.20 124 360 0.3263 0.7363 0.012700
535.00 P 20260828 4.05 4.35 267 814 0.3354 -0.2657 0.012800
537.50 C 20260828 16.90 18.65 33 39 0.3329 0.7030 0.013500
537.50 P 20260828 4.70 5.05 94 76 0.3328 -0.2992 0.013600
540.00 C 20260828 15.30 16.65 210 385 0.3283 0.6678 0.014200
540.00 P 20260828 5.55 6.00 503 1684 0.3353 -0.3348 0.014300
542.50 C 20260828 13.75 15.25 35 37 0.3323 0.6312 0.014700
542.50 P 20260828 6.40 6.85 276 19 0.3327 -0.3717 0.014900
545.00 C 20260828 12.35 13.55 227 474 0.3302 0.5934 0.015200
545.00 P 20260828 7.45 7.90 870 814 0.3338 -0.4098 0.015300
547.50 C 20260828 11.25 11.90 149 46 0.3307 0.5550 0.015400
547.50 P 20260828 8.50 9.05 114 11 0.3332 -0.4487 0.015600
550.00 C 20260828 10.05 10.50 4235 1182 0.3305 0.5162 0.015500
550.00 P 20260828 9.85 10.30 580 1440 0.3360 -0.4878 0.015700
552.50 C 20260828 8.95 9.45 342 33 0.3344 0.4777 0.015500
552.50 P 20260828 11.00 11.75 105 4 0.3355 -0.5268 0.015600
555.00 C 20260828 7.90 8.30 623 615 0.3343 0.4396 0.015300
555.00 P 20260828 12.25 13.35 138 634 0.3360 -0.5651 0.015500
557.50 C 20260828 6.85 7.35 417 314 0.3336 0.4026 0.015000
557.50 P 20260828 13.65 14.80 7 4 0.3332 -0.6026 0.015100
560.00 C 20260828 6.10 6.40 4707 1374 0.3366 0.3668 0.014500
560.00 P 20260828 15.30 16.70 171 737 0.3394 -0.6387 0.014700
562.50 C 20260828 5.20 5.70 140 19 0.3375 0.3326 0.014000
562.50 P 20260828 17.00 18.65 8 9 0.3444 -0.6732 0.014100
565.00 C 20260828 4.55 4.90 511 642 0.3381 0.3004 0.013300
565.00 P 20260828 18.65 19.95 95 623 0.3335 -0.7058 0.013400
567.50 C 20260828 4.00 4.35 98 152 0.3426 0.2702 0.012600
567.50 P 20260828 20.30 22.50 9 117 0.3432 -0.7363 0.012700
570.00 C 20260828 3.50 3.90 1892 1293 0.3477 0.2422 0.011800
570.00 P 20260828 22.05 24.15 151 688 0.3338 -0.7646 0.011900
572.50 C 20260828 3.05 3.30 446 604 0.3481 0.2165 0.011000
572.50 P 20260828 24.00 26.65 21 77 0.3441 -0.7905 0.011100
575.00 C 20260828 2.67 2.85 767 1247 0.3509 0.1930 0.010200
575.00 P 20260828 26.55 30.75 93 964 0.4040 -0.8142 0.010300
577.50 C 20260828 2.30 2.49 482 433 0.3536 0.1717 0.009400
577.50 P 20260828 27.25 32.95 29 55 0.3765 -0.8357 0.009500
580.00 C 20260828 2.00 2.15 1273 1399 0.3564 0.1525 0.008600
580.00 P 20260828 29.40 32.35 53 530 0.2905 -0.8550 0.008700
582.50 C 20260828 1.73 1.92 241 109 0.3610 0.1353 0.007900
582.50 P 20260828 31.65 37.85 21 53 0.3984 -0.8723 0.008000
585.00 C 20260828 1.50 1.70 511 937 0.3652 0.1199 0.007200
585.00 P 20260828 33.95 37.80 32 169 0.3242 -0.8878 0.007200
587.50 C 20260828 1.30 1.45 69 194 0.3674 0.1063 0.006500
587.50 P 20260828 34.95 42.00 1 31 0.3495 -0.9015 0.006600
590.00 C 20260828 1.13 1.20 944 959 0.3685 0.0942 0.005900
590.00 P 20260828 38.55 44.30 66 374 0.4017 -0.9135 0.005900
592.50 C 20260828 0.95 1.13 156 152 0.3745 0.0834 0.005300
592.50 P 20260828 40.05 47.10 2 90 0.3910 -0.9242 0.005300
595.00 C 20260828 0.80 0.99 483 945 0.3771 0.0740 0.004800
595.00 P 20260828 41.85 49.35 17 236 0.3591 -0.9335 0.004800
597.50 C 20260828 0.74 0.84 224 191 0.3819 0.0657 0.004400
597.50 P 20260828 45.75 51.85 0 53 0.4427 -0.9416 0.004300
600.00 C 20260828 0.68 0.73 3221 3462 0.3875 0.0584 0.003900
600.00 P 20260828 49.20 52.20 64 990 0.4007 -0.9488 0.003900
602.50 C 20260828 0.58 0.70 189 178 0.3942 0.0521 0.003500
602.50 P 20260828 49.65 56.70 0 10 0.4124 -0.9550 0.003500
605.00 C 20260828 0.52 0.57 536 639 0.3959 0.0465 0.003200
605.00 P 20260828 51.75 59.05 0 159 0.3868 -0.9603 0.003100
607.50 C 20260828 0.45 0.54 120 121 0.4017 0.0416 0.002900
607.50 P 20260828 54.20 61.60 0 47 0.4002 -0.9650 0.002800
610.00 C 20260828 0.40 0.48 1160 964 0.4072 0.0374 0.002600
610.00 P 20260828 57.35 63.45 126 205 0.4135 -0.9691 0.002500
612.50 C 20260828 0.36 0.47 103 282 0.4161 0.0336 0.002400
612.50 P 20260828 58.90 66.50 16 8 0.3785 -0.9726 0.002200
615.00 C 20260828 0.28 0.38 128 626 0.4129 0.0304 0.002100
615.00 P 20260828 63.40 68.15 16 86 0.4966 -0.9756 0.002000
617.50 C 20260828 0.29 0.35 49 169 0.4233 0.0275 0.002000
617.50 P 20260828 64.10 71.15 16 6 0.3682 -0.9782 0.001800
620.00 C 20260828 0.27 0.31 1555 1493 0.4289 0.0250 0.001800
620.00 P 20260828 66.55 73.70 96 166 0.3791 -0.9805 0.001600
622.50 C 20260828 0.23 0.36 2 0 0.4422 0.0228 0.001600
622.50 P 20260828 69.45 76.35 0 0 0.4781 -0.9825 0.001500
625.00 C 20260828 0.19 0.26 457 1317 0.4361 0.0209 0.001500
625.00 P 20260828 71.55 78.30 0 20 -1.0000 -0.9842 0.001400
630.00 C 20260828 0.20 0.24 351 1722 0.4577 0.0176 0.001200
630.00 P 20260828 76.50 83.70 5 1 0.4018 -0.9870 0.001100
635.00 C 20260828 0.12 0.20 144 822 0.4598 0.0150 0.001100
635.00 P 20260828 81.50 88.55 0 1 -1.0000 -0.9892 0.000900
640.00 C 20260828 0.15 0.18 62 715 0.4833 0.0130 0.000900
640.00 P 20260828 86.50 93.50 32 16 -1.0000 -0.9910 0.000800
645.00 C 20260828 0.08 0.19 204 913 0.4919 0.0113 0.000800
645.00 P 20260828 91.50 98.70 0 6 0.4613 -0.9924 0.000700
650.00 C 20260828 0.10 0.12 413 2670 0.4998 0.0099 0.000700
650.00 P 20260828 96.50 103.65 50 32 0.4350 -0.9935 0.000600
655.00 C 20260828 0.09 0.12 145 567 0.5170 0.0087 0.000600
655.00 P 20260828 101.50 108.25 20 14 -1.0000 -0.9944 0.000500
660.00 C 20260828 0.04 0.15 89 878 0.5304 0.0077 0.000500
660.00 P 20260828 106.50 114.15 0 4 0.6359 -0.9951 0.000400
665.00 C 20260828 0.06 0.12 42 203 0.5463 0.0069 0.000500
665.00 P 20260828 111.50 119.15 0 0 0.6577 -0.9958 0.000400
670.00 C 20260828 0.06 0.09 73 866 0.5540 0.0062 0.000400
670.00 P 20260828 116.50 124.10 0 0 0.6709 -0.9963 0.000300
675.00 C 20260828 0.05 0.10 47 596 0.5724 0.0056 0.000400
675.00 P 20260828 121.50 129.15 2 2 0.7006 -0.9967 0.000300
680.00 C 20260828 0.03 0.08 204 701 0.5717 0.0050 0.000300
680.00 P 20260828 126.50 134.15 0 2 0.7216 -0.9971 0.000200
685.00 C 20260828 0.04 0.07 25 202 0.5893 0.0046 0.000300
685.00 P 20260828 131.50 138.70 0 0 0.6096 -0.9974 0.000200
690.00 C 20260828 0.04 0.10 71 241 0.6219 0.0042 0.000300
690.00 P 20260828 136.50 143.25 0 0 -1.0000 -0.9977 0.000200
695.00 C 20260828 0.03 0.24 42 178 0.6874 0.0038 0.000200
695.00 P 20260828 141.50 148.55 0 0 -1.0000 -0.9980 0.000200
700.00 C 20260828 0.03 0.05 255 1742 0.6213 0.0035 0.000200
700.00 P 20260828 146.50 153.25 9 0 -1.0000 -0.9982 0.000100
705.00 C 20260828 0.03 0.06 167 381 0.6449 0.0032 0.000200
705.00 P 20260828 151.50 158.85 0 0 0.7514 -0.9984 0.000100
710.00 C 20260828 0.03 0.06 2 586 0.6613 0.0029 0.000200
710.00 P 20260828 156.50 163.65 0 0 0.6342 -0.9985 0.000100
715.00 C 20260828 0.02 0.06 681 71 0.6700 0.0027 0.000200
715.00 P 20260828 161.50 168.55 0 0 -1.0000 -0.9987 0.000100
720.00 C 20260828 0.03 0.05 253 583 0.6860 0.0025 0.000100
720.00 P 20260828 166.50 173.55 0 0 -1.0000 -0.9988 0.000100
725.00 C 20260828 0.01 0.09 159 611 0.7167 0.0023 0.000100
725.00 P 20260828 171.50 178.25 0 0 -1.0000 -0.9989 0.000100
730.00 C 20260828 0.01 0.06 17 179 0.7087 0.0021 0.000100
730.00 P 20260828 176.50 183.65 0 0 0.6954 -0.9990 0.000100
735.00 C 20260828 0.03 0.56 52 261 0.9105 0.0020 0.000100
735.00 P 20260828 181.50 188.25 0 0 -1.0000 -0.9991 0.000100
740.00 C 20260828 0.00 0.44 60 344 0.8954 0.0018 0.000100
740.00 P 20260828 186.50 193.50 0 0 -1.0000 -0.9992 0.000100
745.00 C 20260828 0.00 0.54 40 222 0.9362 0.0017 0.000100
745.00 P 20260828 191.50 198.60 0 0 -1.0000 -0.9993 0.000100
750.00 C 20260828 0.02 0.13 529 457 0.8268 0.0016 0.000100
750.00 P 20260828 196.50 203.65 0 0 0.7546 -0.9993 0.000000
755.00 C 20260828 0.00 0.04 85 85 0.7475 0.0015 0.000100
755.00 P 20260828 201.50 208.50 0 0 -1.0000 -0.9994 0.000000
760.00 C 20260828 0.01 0.10 631 327 0.8326 0.0014 0.000100
760.00 P 20260828 206.50 213.60 0 0 -1.0000 -0.9994 0.000000
765.00 C 20260828 0.00 0.51 198 78 0.9990 0.0013 0.000100
765.00 P 20260828 211.50 218.60 0 0 -1.0000 -0.9995 0.000000
770.00 C 20260828 0.01 0.10 336 1699 0.8625 0.0012 0.000100
770.00 P 20260828 216.50 223.85 0 0 0.9771 -0.9995 0.000000
775.00 C 20260828 0.00 0.01 150 395 0.7246 0.0011 0.000100
775.00 P 20260828 221.50 228.65 0 0 0.8254 -0.9996 0.000000
780.00 C 20260828 0.00 0.01 10 637 0.7371 0.0011 0.000100
780.00 P 20260828 226.50 233.55 0 0 -1.0000 -0.9996 0.000000
785.00 C 20260828 0.00 0.01 66 143 0.7495 0.0010 0.000000
785.00 P 20260828 231.50 238.55 0 0 -1.0000 -0.9996 0.000000
790.00 C 20260828 0.00 0.01 322 607 0.7618 0.0010 0.000000
790.00 P 20260828 236.50 243.85 0 0 1.0412 -0.9997 0.000000
795.00 C 20260828 0.00 0.01 280 707 0.7741 0.0009 0.000000
795.00 P 20260828 241.50 248.55 0 0 -1.0000 -0.9997 0.000000
800.00 C 20260828 0.00 0.01 10 1746 0.7862 0.0008 0.000000
800.00 P 20260828 246.50 253.50 0 0 -1.0000 -0.9997 0.000000
805.00 C 20260828 0.00 0.10 5 252 0.9552 0.0008 0.000000
805.00 P 20260828 251.50 258.85 0 0 1.0879 -0.9997 0.000000
810.00 C 20260828 0.00 0.01 8 472 0.8102 0.0008 0.000000
810.00 P 20260828 256.50 263.55 0 0 -1.0000 -0.9997 0.000000
815.00 C 20260828 0.00 0.01 45 2336 0.8221 0.0007 0.000000
815.00 P 20260828 261.50 268.50 0 0 -1.0000 -0.9998 0.000000
820.00 C 20260828 0.00 0.01 17 1350 0.8339 0.0007 0.000000
820.00 P 20260828 266.50 273.50 0 0 -1.0000 -0.9998 0.000000
825.00 C 20260828 0.00 0.01 57 360 0.8456 0.0006 0.000000
825.00 P 20260828 271.50 278.55 0 0 -1.0000 -0.9998 0.000000
830.00 C 20260828 0.00 0.01 96 449 0.8572 0.0006 0.000000
830.00 P 20260828 276.50 283.50 0 0 -1.0000 -0.9998 0.000000
835.00 C 20260828 0.00 0.77 0 791 1.2857 0.0006 0.000000
835.00 P 20260828 281.50 288.50 0 0 -1.0000 -0.9998 0.000000
840.00 C 20260828 0.00 0.01 2 684 0.8802 0.0006 0.000000
840.00 P 20260828 286.50 293.60 0 0 -1.0000 -0.9998 0.000000
845.00 C 20260828 0.00 0.05 3 718 1.0026 0.0005 0.000000
845.00 P 20260828 291.50 298.55 0 0 -1.0000 -0.9998 0.000000
850.00 C 20260828 0.00 0.01 60 762 0.9028 0.0005 0.000000
850.00 P 20260828 296.50 303.50 0 0 -1.0000 -0.9999 0.000000
855.00 C 20260828 0.00 0.01 37 351 0.9140 0.0005 0.000000
855.00 P 20260828 301.50 308.55 0 0 -1.0000 -0.9999 0.000000
860.00 C 20260828 0.00 0.65 6 1259 1.3350 0.0004 0.000000
860.00 P 20260828 306.50 313.50 0 0 -1.0000 -0.9999 0.000000
865.00 C 20260828 0.00 1.00 1 178 1.4237 0.0004 0.000000
865.00 P 20260828 311.90 318.50 0 0 1.2869 -0.9999 0.000000
870.00 C 20260828 0.00 1.00 2 94 1.4390 0.0004 0.000000
870.00 P 20260828 316.50 323.50 0 0 -1.0000 -0.9999 0.000000
875.00 C 20260828 0.00 0.88 0 122 1.4309 0.0004 0.000000
875.00 P 20260828 321.50 328.50 0 0 -1.0000 -0.9999 0.000000
880.00 C 20260828 0.00 1.00 0 57 1.4692 0.0004 0.000000
880.00 P 20260828 326.50 333.55 0 0 -1.0000 -0.9999 0.000000
885.00 C 20260828 0.00 1.00 4 70 1.4842 0.0004 0.000000
885.00 P 20260828 331.50 338.55 0 0 -1.0000 -0.9999 0.000000
890.00 C 20260828 0.00 1.00 0 99 1.4990 0.0003 0.000000
890.00 P 20260828 336.50 343.50 0 0 -1.0000 -0.9999 0.000000
895.00 C 20260828 0.00 1.00 0 45 1.5138 0.0003 0.000000
895.00 P 20260828 341.50 348.85 0 0 1.3453 -0.9999 0.000000
900.00 C 20260828 0.00 0.01 1 262 1.0114 0.0003 0.000000
900.00 P 20260828 346.50 353.55 0 0 -1.0000 -0.9999 0.000000
905.00 C 20260828 0.00 1.00 0 61 1.5429 0.0003 0.000000
905.00 P 20260828 351.50 358.50 0 0 -1.0000 -0.9999 0.000000
910.00 C 20260828 0.00 1.00 0 102 1.5573 0.0003 0.000000
910.00 P 20260828 356.50 363.50 0 0 -1.0000 -0.9999 0.000000
915.00 C 20260828 0.00 0.01 0 330 1.0427 0.0003 0.000000
915.00 P 20260828 361.50 368.95 0 0 1.4460 -0.9999 0.000000
920.00 C 20260828 0.00 0.01 0 65 1.0529 0.0003 0.000000
920.00 P 20260828 366.50 373.85 0 0 1.4112 -0.9999 0.000000
925.00 C 20260828 0.00 0.01 0 166 1.0632 0.0002 0.000000
925.00 P 20260828 371.50 378.70 0 0 1.3030 -0.9999 0.000000
930.00 C 20260828 0.00 0.01 0 231 1.0733 0.0002 0.000000
930.00 P 20260828 376.50 383.55 0 0 -1.0000 -1.0000 0.000000
935.00 C 20260828 0.00 0.01 8 333 1.0834 0.0002 0.000000
935.00 P 20260828 381.50 388.50 0 0 -1.0000 -1.0000 0.000000
940.00 C 20260828 0.00 0.01 0 215 1.0934 0.0002 0.000000
940.00 P 20260828 386.50 393.60 0 0 -1.0000 -1.0000 0.000000
945.00 C 20260828 0.00 0.01 0 288 1.1034 0.0002 0.000000
945.00 P 20260828 391.50 398.60 0 0 -1.0000 -1.0000 0.000000
950.00 C 20260828 0.00 0.01 0 180 1.1132 0.0002 0.000000
950.00 P 20260828 396.90 403.70 0 0 1.5935 -1.0000 0.000000
955.00 C 20260828 0.00 1.02 0 75 1.6868 0.0002 0.000000
955.00 P 20260828 401.50 408.55 0 0 -1.0000 -1.0000 0.000000
960.00 C 20260828 0.00 1.02 0 52 1.7002 0.0002 0.000000
960.00 P 20260828 406.50 413.95 0 0 1.5630 -1.0000 0.000000
965.00 C 20260828 0.00 1.02 0 31 1.7136 0.0002 0.000000
965.00 P 20260828 411.50 418.70 0 0 1.3965 -1.0000 0.000000
970.00 C 20260828 0.00 0.20 0 18 1.4506 0.0002 0.000000
970.00 P 20260828 416.50 423.90 0 0 1.5646 -1.0000 0.000000
975.00 C 20260828 0.00 1.02 0 21 1.7402 0.0002 0.000000
975.00 P 20260828 421.50 429.05 0 0 1.6406 -1.0000 0.000000
980.00 C 20260828 0.00 1.02 0 129 1.7533 0.0002 0.000000
980.00 P 20260828 426.50 434.05 0 0 1.6532 -1.0000 0.000000
985.00 C 20260828 0.00 1.02 0 99 1.7663 0.0002 0.000000
985.00 P 20260828 431.50 438.85 0 0 1.5728 -1.0000 0.000000
990.00 C 20260828 0.00 0.82 0 225 1.7335 0.0001 0.000000
990.00 P 20260828 436.50 443.85 0 0 1.5847 -1.0000 0.000000
995.00 C 20260828 0.00 0.01 35 527 1.1997 0.0001 0.000000
995.00 P 20260828 441.50 448.85 0 0 1.5966 -1.0000 0.000000
1000.00 C 20260828 0.00 0.01 0 49 1.2090 0.0001 0.000000
1000.00 P 20260828 446.50 453.60 0 0 -1.0000 -1.0000 0.000000
1010.00 C 20260828 0.00 1.02 0 99 1.8303 0.0001 0.000000
1010.00 P 20260828 456.50 463.55 0 0 -1.0000 -1.0000 0.000000
1020.00 C 20260828 0.00 1.02 0 64 1.8554 0.0001 0.000000
1020.00 P 20260828 466.50 473.85 0 0 1.6547 -1.0000 0.000000
1030.00 C 20260828 0.00 0.17 0 240 1.5619 0.0001 0.000000
1030.00 P 20260828 476.50 483.85 0 0 1.6775 -1.0000 0.000000
1040.00 C 20260828 0.00 1.02 0 18 1.9046 0.0001 0.000000
1040.00 P 20260828 486.50 493.85 0 0 1.7000 -1.0000 0.000000
1050.00 C 20260828 0.00 0.01 0 143 1.2995 0.0001 0.000000
1050.00 P 20260828 496.50 504.05 0 0 1.8217 -1.0000 0.000000
1060.00 C 20260828 0.00 0.82 0 242 1.9036 0.0001 0.000000
1060.00 P 20260828 506.50 513.55 0 0 -1.0000 -1.0000 0.000000
1070.00 C 20260828 0.00 0.06 0 49 1.5100 0.0001 0.000000
1070.00 P 20260828 516.50 523.85 0 0 1.7660 -1.0000 0.000000
1080.00 C 20260828 0.00 1.02 0 75 1.9995 0.0001 0.000000
1080.00 P 20260828 526.50 533.85 0 0 1.7875 -1.0000 0.000000
1090.00 C 20260828 0.00 0.01 0 23 1.3684 0.0001 0.000000
1090.00 P 20260828 536.50 543.85 0 0 1.8088 -1.0000 0.000000
1100.00 C 20260828 0.00 0.01 1 101 1.3851 0.0001 0.000000
1100.00 P 20260828 546.50 553.85 0 0 1.8298 -1.0000 0.000000
1110.00 C 20260828 0.00 0.01 0 324 1.4017 0.0001 0.000000
1110.00 P 20260828 556.50 563.85 0 0 1.8506 -1.0000 0.000000
400.00 C 20260831 147.00 153.90 0 1 0.7642 0.9984 0.000100
400.00 P 20260831 0.00 0.84 0 0 0.9080 -0.0017 0.000100
405.00 C 20260831 141.25 148.90 0 0 -1.0000 0.9982 0.000100
405.00 P 20260831 0.00 0.81 0 0 0.8723 -0.0019 0.000100
410.00 C 20260831 136.90 143.90 0 0 0.6522 0.9980 0.000100
410.00 P 20260831 0.00 0.78 0 0 0.8371 -0.0021 0.000100
415.00 C 20260831 131.35 138.90 0 0 -1.0000 0.9977 0.000100
415.00 P 20260831 0.00 0.74 0 0 0.8007 -0.0023 0.000100
420.00 C 20260831 126.45 133.90 0 0 -1.0000 0.9974 0.000100
420.00 P 20260831 0.00 0.70 0 0 0.7648 -0.0026 0.000100
425.00 C 20260831 121.85 128.90 0 0 0.4958 0.9971 0.000200
425.00 P 20260831 0.00 0.66 0 0 0.7292 -0.0029 0.000200
430.00 C 20260831 117.45 123.95 0 0 0.6998 0.9967 0.000200
430.00 P 20260831 0.00 0.62 0 0 0.6940 -0.0033 0.000200
435.00 C 20260831 112.05 118.95 0 0 0.5904 0.9963 0.000200
435.00 P 20260831 0.00 0.57 0 0 0.6577 -0.0037 0.000200
440.00 C 20260831 107.10 113.95 0 0 0.5753 0.9958 0.000300
440.00 P 20260831 0.00 0.52 0 1 0.6216 -0.0042 0.000300
445.00 C 20260831 102.10 108.95 0 0 0.5471 0.9952 0.000300
445.00 P 20260831 0.00 0.46 0 0 0.5840 -0.0048 0.000300
450.00 C 20260831 97.40 103.95 0 0 0.5739 0.9945 0.000400
450.00 P 20260831 0.00 0.39 0 0 0.5447 -0.0055 0.000400
460.00 C 20260831 86.95 94.00 0 0 0.4368 0.9927 0.000500
460.00 P 20260831 0.00 0.21 0 0 0.4546 -0.0073 0.000500
465.00 C 20260831 82.00 89.00 0 2 0.4250 0.9915 0.000600
465.00 P 20260831 0.00 0.17 0 1 0.4194 -0.0086 0.000600
470.00 C 20260831 77.05 84.05 0 2 0.4211 0.9900 0.000700
470.00 P 20260831 0.00 0.25 2 4 0.4149 -0.0101 0.000700
475.00 C 20260831 72.00 79.05 0 1 0.3842 0.9879 0.000900
475.00 P 20260831 0.03 0.27 5 1 0.3998 -0.0121 0.000900
480.00 C 20260831 67.10 74.10 0 0 0.3846 0.9852 0.001100
480.00 P 20260831 0.02 0.35 0 1 0.3859 -0.0148 0.001100
485.00 C 20260831 62.35 69.45 14 0 0.4190 0.9814 0.001300
485.00 P 20260831 0.10 0.37 1 5 0.3734 -0.0186 0.001300
487.50 C 20260831 59.90 66.95 32 0 0.4082 0.9790 0.001500
487.50 P 20260831 0.12 0.41 0 0 0.3671 -0.0210 0.001500
490.00 C 20260831 57.45 64.50 30 0 0.4005 0.9762 0.001700
490.00 P 20260831 0.15 0.46 2 5 0.3619 -0.0239 0.001700
492.50 C 20260831 55.00 62.05 56 0 0.3922 0.9727 0.001900
492.50 P 20260831 0.19 0.51 0 0 0.3565 -0.0273 0.001900
495.00 C 20260831 52.55 59.60 18 1 0.3832 0.9687 0.002200
495.00 P 20260831 0.30 0.57 10 42 0.3562 -0.0314 0.002200
497.50 C 20260831 50.15 57.20 50 0 0.3792 0.9639 0.002500
497.50 P 20260831 0.29 0.65 2 3 0.3470 -0.0362 0.002500
500.00 C 20260831 47.70 54.50 16 4 0.3558 0.9582 0.002900
500.00 P 20260831 0.39 0.68 42 78 0.3411 -0.0419 0.002900
502.50 C 20260831 45.35 52.10 26 0 0.3533 0.9515 0.003300
502.50 P 20260831 0.45 0.72 3 3 0.3324 -0.0486 0.003300
505.00 C 20260831 42.95 49.70 14 0 0.3469 0.9436 0.003700
505.00 P 20260831 0.64 0.96 51 7 0.3394 -0.0565 0.003700
507.50 C 20260831 40.05 47.35 0 0 0.3199 0.9344 0.004200
507.50 P 20260831 0.68 1.10 0 12 0.3319 -0.0657 0.004200
510.00 C 20260831 38.20 45.05 0 0 0.3384 0.9238 0.004800
510.00 P 20260831 0.83 1.27 7 47 0.3288 -0.0763 0.004800
512.50 C 20260831 35.80 42.75 0 0 0.3320 0.9116 0.005400
512.50 P 20260831 1.00 1.48 0 0 0.3261 -0.0886 0.005400
515.00 C 20260831 34.50 40.50 0 0 0.3572 0.8977 0.006000
515.00 P 20260831 1.21 1.70 10 73 0.3231 -0.1025 0.006100
517.50 C 20260831 31.05 37.10 0 0 0.2848 0.8820 0.006800
517.50 P 20260831 1.46 2.00 2 0 0.3216 -0.1183 0.006800
520.00 C 20260831 29.90 34.90 0 0 0.3150 0.8643 0.007500
520.00 P 20260831 1.75 2.16 65 164 0.3155 -0.1360 0.007500
522.50 C 20260831 26.25 32.75 0 0 0.2756 0.8446 0.008200
522.50 P 20260831 2.18 2.63 1 0 0.3184 -0.1558 0.008200
525.00 C 20260831 25.40 30.70 0 3 0.3071 0.8229 0.009000
525.00 P 20260831 2.62 3.00 31 244 0.3165 -0.1775 0.009000
527.50 C 20260831 22.65 29.90 0 2 0.3164 0.7992 0.009700
527.50 P 20260831 3.00 3.60 62 17 0.3157 -0.2013 0.009800
530.00 C 20260831 20.90 26.75 12 11 0.2969 0.7735 0.010500
530.00 P 20260831 3.55 4.15 57 67 0.3149 -0.2271 0.010500
532.50 C 20260831 18.95 24.85 2 6 0.2958 0.7460 0.011200
532.50 P 20260831 4.15 4.75 5 9 0.3135 -0.2548 0.011200
535.00 C 20260831 19.50 21.75 3 22 0.3135 0.7167 0.011800
535.00 P 20260831 4.85 5.45 915 212 0.3130 -0.2841 0.011900
537.50 C 20260831 16.00 21.35 0 1 0.3059 0.6859 0.012400
537.50 P 20260831 5.60 6.25 3 21 0.3125 -0.3151 0.012500
540.00 C 20260831 14.40 19.70 9 36 0.3063 0.6538 0.012900
540.00 P 20260831 6.50 7.10 28 120 0.3126 -0.3474 0.013000
542.50 C 20260831 13.80 17.40 13 25 0.3092 0.6206 0.013300
542.50 P 20260831 7.30 8.10 4 15 0.3109 -0.3808 0.013400
545.00 C 20260831 13.00 14.90 27 69 0.3038 0.5866 0.013600
545.00 P 20260831 8.30 9.15 43 91 0.3104 -0.4150 0.013700
547.50 C 20260831 12.30 13.15 20 76 0.3080 0.5520 0.013800
547.50 P 20260831 9.45 10.30 5 16 0.3110 -0.4498 0.014000
550.00 C 20260831 11.15 11.95 587 317 0.3110 0.5173 0.013900
550.00 P 20260831 10.85 11.55 128 262 0.3139 -0.4848 0.014100
552.50 C 20260831 9.90 10.75 51 61 0.3103 0.4826 0.013900
552.50 P 20260831 11.90 12.95 27 11 0.3116 -0.5198 0.014100
555.00 C 20260831 8.85 9.30 80 126 0.3064 0.4483 0.013800
555.00 P 20260831 13.15 14.50 18 114 0.3118 -0.5545 0.014000
557.50 C 20260831 7.85 8.65 23 23 0.3119 0.4147 0.013600
557.50 P 20260831 14.55 16.90 0 2 0.3236 -0.5884 0.013700
560.00 C 20260831 6.95 7.70 89 130 0.3124 0.3821 0.013200
560.00 P 20260831 16.10 19.40 3 18 0.3372 -0.6215 0.013400
562.50 C 20260831 6.15 6.85 34 9 0.3134 0.3506 0.012800
562.50 P 20260831 16.25 21.50 0 2 0.3225 -0.6534 0.013000
565.00 C 20260831 5.35 6.15 50 70 0.3145 0.3206 0.012400
565.00 P 20260831 19.10 23.70 13 31 0.3473 -0.6838 0.012600
567.50 C 20260831 4.75 5.45 16 14 0.3166 0.2922 0.011800
567.50 P 20260831 19.85 25.90 0 44 0.3386 -0.7127 0.012000
570.00 C 20260831 4.20 4.75 143 167 0.3172 0.2654 0.011200
570.00 P 20260831 21.75 25.15 7 192 0.2956 -0.7399 0.011400
572.50 C 20260831 3.65 4.20 30 11 0.3184 0.2405 0.010600
572.50 P 20260831 23.75 29.45 2 21 0.3385 -0.7653 0.010800
575.00 C 20260831 3.25 3.70 116 68 0.3211 0.2174 0.009900
575.00 P 20260831 25.75 31.60 5 28 0.3429 -0.7889 0.010200
577.50 C 20260831 2.82 3.25 32 20 0.3223 0.1961 0.009300
577.50 P 20260831 27.85 33.60 0 0 0.3446 -0.8106 0.009500
580.00 C 20260831 2.44 2.98 47 162 0.3263 0.1766 0.008600
580.00 P 20260831 30.00 36.15 5 70 0.3568 -0.8306 0.008900
582.50 C 20260831 2.13 2.68 5 11 0.3297 0.1588 0.008000
582.50 P 20260831 32.15 38.30 0 1 0.3595 -0.8488 0.008200
585.00 C 20260831 1.91 2.36 41 112 0.3331 0.1427 0.007400
585.00 P 20260831 34.40 40.35 2 12 0.3607 -0.8652 0.007600
587.50 C 20260831 1.62 2.10 5 3 0.3346 0.1282 0.006800
587.50 P 20260831 36.65 42.85 0 8 0.3710 -0.8801 0.007000
590.00 C 20260831 1.50 1.86 38 119 0.3397 0.1151 0.006300
590.00 P 20260831 38.95 43.50 0 15 0.3301 -0.8935 0.006400
592.50 C 20260831 1.23 1.64 4 25 0.3396 0.1033 0.005700
592.50 P 20260831 41.70 47.20 3 0 0.3869 -0.9054 0.005900
595.00 C 20260831 1.08 1.47 37 25 0.3432 0.0928 0.005200
595.00 P 20260831 42.35 49.65 0 13 0.3425 -0.9161 0.005400
597.50 C 20260831 0.96 1.30 5 17 0.3465 0.0834 0.004800
597.50 P 20260831 44.70 51.75 0 0 0.3333 -0.9257 0.004900
600.00 C 20260831 0.96 1.11 397 636 0.3524 0.0751 0.004400
600.00 P 20260831 47.10 54.05 0 37 0.3312 -0.9341 0.004500
602.50 C 20260831 0.72 1.02 8 13 0.3515 0.0677 0.004000
602.50 P 20260831 49.50 56.70 0 0 0.3461 -0.9415 0.004100
605.00 C 20260831 0.71 0.99 15 3 0.3622 0.0611 0.003700
605.00 P 20260831 51.95 59.30 0 18 0.3610 -0.9482 0.003700
607.50 C 20260831 0.56 0.90 27 5 0.3628 0.0552 0.003400
607.50 P 20260831 54.75 61.55 0 17 0.3758 -0.9540 0.003400
610.00 C 20260831 0.52 0.80 13 14 0.3673 0.0500 0.003100
610.00 P 20260831 56.80 63.60 0 1 0.3185 -0.9590 0.003100
612.50 C 20260831 0.43 0.75 0 0 0.3709 0.0454 0.002800
612.50 P 20260831 59.25 66.50 0 0 0.3639 -0.9635 0.002800
615.00 C 20260831 0.50 0.60 1 16 0.3773 0.0413 0.002600
615.00 P 20260831 61.70 69.05 0 0 0.3749 -0.9675 0.002500
617.50 C 20260831 0.33 0.64 0 1 0.3798 0.0377 0.002400
617.50 P 20260831 64.20 71.50 0 0 0.3816 -0.9709 0.002300
620.00 C 20260831 0.44 0.53 29 63 0.3906 0.0345 0.002200
620.00 P 20260831 66.65 73.95 0 5 0.3830 -0.9739 0.002100
622.50 C 20260831 0.26 0.55 2 0 0.3892 0.0316 0.002000
622.50 P 20260831 69.10 75.90 0 0 -1.0000 -0.9766 0.001900
625.00 C 20260831 0.25 0.49 2 11 0.3938 0.0291 0.001800
625.00 P 20260831 71.60 78.35 0 0 -1.0000 -0.9789 0.001700
627.50 C 20260831 0.21 0.47 0 0 0.3986 0.0268 0.001700
627.50 P 20260831 74.05 81.25 0 0 0.3712 -0.9810 0.001600
630.00 C 20260831 0.18 0.44 3 11 0.4029 0.0248 0.001600
630.00 P 20260831 76.55 83.85 0 0 0.3988 -0.9828 0.001400
632.50 C 20260831 0.17 0.41 0 1 0.4086 0.0229 0.001400
632.50 P 20260831 79.05 86.40 0 0 0.4157 -0.9844 0.001300
635.00 C 20260831 0.17 0.35 3 490 0.4116 0.0213 0.001300
635.00 P 20260831 81.50 88.55 0 0 -1.0000 -0.9859 0.001200
640.00 C 20260831 0.08 0.38 0 6 0.4231 0.0184 0.001200
640.00 P 20260831 86.50 93.80 0 0 0.4175 -0.9882 0.001000
645.00 C 20260831 0.06 0.34 0 7 0.4332 0.0161 0.001000
645.00 P 20260831 91.50 98.85 0 0 0.4466 -0.9901 0.000800
650.00 C 20260831 0.06 0.29 2 15 0.4432 0.0142 0.000900
650.00 P 20260831 96.50 103.85 0 0 0.4648 -0.9917 0.000700
655.00 C 20260831 0.03 0.28 0 4 0.4536 0.0126 0.000800
655.00 P 20260831 101.50 108.70 0 0 0.4373 -0.9929 0.000600
660.00 C 20260831 0.02 0.26 0 1 0.4648 0.0112 0.000700
660.00 P 20260831 106.50 114.05 0 0 0.5344 -0.9940 0.000500
665.00 C 20260831 0.01 0.24 3 0 0.4749 0.0100 0.000600
665.00 P 20260831 111.50 119.15 0 0 0.5665 -0.9948 0.000500
670.00 C 20260831 0.01 0.23 0 17 0.4889 0.0090 0.000500
670.00 P 20260831 116.50 124.10 0 0 0.5782 -0.9955 0.000400
675.00 C 20260831 0.02 0.20 0 0 0.4999 0.0081 0.000500
675.00 P 20260831 121.50 129.15 0 0 0.6032 -0.9961 0.000300
680.00 C 20260831 0.00 0.21 0 0 0.5129 0.0074 0.000400
680.00 P 20260831 126.50 134.15 0 0 0.6212 -0.9966 0.000300
685.00 C 20260831 0.00 0.20 0 0 0.5255 0.0067 0.000400
685.00 P 20260831 131.50 139.15 0 0 0.6390 -0.9970 0.000300
690.00 C 20260831 0.00 0.23 0 0 0.5494 0.0061 0.000400
690.00 P 20260831 136.50 143.90 0 0 0.6142 -0.9974 0.000200
695.00 C 20260831 0.00 0.28 0 0 0.5776 0.0056 0.000300
695.00 P 20260831 141.50 148.75 0 0 0.5875 -0.9977 0.000200
700.00 C 20260831 0.00 0.32 0 0 0.6025 0.0051 0.000300
700.00 P 20260831 146.50 153.75 0 0 0.6030 -0.9979 0.000200
705.00 C 20260831 0.00 0.37 0 0 0.6288 0.0047 0.000300
705.00 P 20260831 151.50 159.05 0 0 0.6921 -0.9982 0.000200
710.00 C 20260831 0.00 0.41 0 1 0.6524 0.0043 0.000200
710.00 P 20260831 156.50 163.85 0 0 0.6660 -0.9984 0.000100
715.00 C 20260831 0.00 0.44 0 0 0.6738 0.0040 0.000200
715.00 P 20260831 161.50 168.80 0 0 0.6668 -0.9986 0.000100
720.00 C 20260831 0.00 0.48 0 0 0.6967 0.0037 0.000200
720.00 P 20260831 166.50 174.05 0 0 0.7413 -0.9987 0.000100
725.00 C 20260831 0.00 0.51 0 0 0.7175 0.0034 0.000200
725.00 P 20260831 171.50 178.55 0 0 -1.0000 -0.9989 0.000100
730.00 C 20260831 0.00 0.54 0 0 0.7382 0.0032 0.000200
730.00 P 20260831 176.50 183.55 0 0 -1.0000 -0.9990 0.000100
735.00 C 20260831 0.00 0.56 0 0 0.7569 0.0030 0.000200
735.00 P 20260831 181.50 188.65 0 0 0.6248 -0.9991 0.000100
740.00 C 20260831 0.00 0.58 0 0 0.7755 0.0028 0.000100
740.00 P 20260831 186.70 193.75 0 0 0.7842 -0.9992 0.000100
745.00 C 20260831 0.00 0.60 0 0 0.7940 0.0026 0.000100
745.00 P 20260831 191.50 198.60 0 0 -1.0000 -0.9992 0.000100
750.00 C 20260831 0.00 0.62 0 0 0.8123 0.0024 0.000100
750.00 P 20260831 196.50 203.85 0 0 0.7867 -0.9993 0.000100
755.00 C 20260831 0.00 0.65 0 0 0.8322 0.0022 0.000100
755.00 P 20260831 201.50 208.60 0 0 -1.0000 -0.9994 0.000000
760.00 C 20260831 0.00 0.67 0 0 0.8503 0.0021 0.000100
760.00 P 20260831 206.50 213.70 0 0 0.7470 -0.9994 0.000000
765.00 C 20260831 0.00 0.69 0 0 0.8682 0.0020 0.000100
765.00 P 20260831 211.50 218.75 0 0 0.7903 -0.9995 0.000000
770.00 C 20260831 0.00 0.71 0 0 0.8861 0.0018 0.000100
770.00 P 20260831 216.70 223.80 0 0 0.8846 -0.9996 0.000000
775.00 C 20260831 0.00 0.73 0 0 0.9038 0.0017 0.000100
775.00 P 20260831 221.50 228.80 0 0 0.8402 -0.9996 0.000000
780.00 C 20260831 0.00 0.76 0 0 0.9230 0.0016 0.000100
780.00 P 20260831 226.50 233.85 0 0 0.8715 -0.9996 0.000000
785.00 C 20260831 0.00 0.77 0 0 0.9389 0.0015 0.000100
785.00 P 20260831 231.50 238.65 0 0 0.7486 -0.9997 0.000000
790.00 C 20260831 0.00 0.79 0 0 0.9563 0.0014 0.000100
790.00 P 20260831 236.50 243.55 0 0 -1.0000 -0.9997 0.000000
795.00 C 20260831 0.00 0.81 0 0 0.9736 0.0014 0.000100
795.00 P 20260831 241.50 249.05 0 0 0.9671 -0.9997 0.000000
800.00 C 20260831 0.00 0.83 0 0 0.9908 0.0013 0.000100
800.00 P 20260831 246.50 253.55 0 0 -1.0000 -0.9997 0.000000
805.00 C 20260831 0.00 0.85 0 0 1.0079 0.0012 0.000100
805.00 P 20260831 251.50 258.55 0 0 -1.0000 -0.9998 0.000000
810.00 C 20260831 0.00 0.87 0 0 1.0248 0.0012 0.000100
810.00 P 20260831 256.50 263.75 0 0 0.9080 -0.9998 0.000000
815.00 C 20260831 0.00 0.88 0 0 1.0402 0.0011 0.000000
815.00 P 20260831 261.50 268.75 0 0 0.9205 -0.9998 0.000000
820.00 C 20260831 0.00 0.89 0 0 1.0554 0.0010 0.000000
820.00 P 20260831 266.50 273.55 0 0 -1.0000 -0.9998 0.000000
825.00 C 20260831 0.00 0.91 0 0 1.0721 0.0010 0.000000
825.00 P 20260831 271.50 278.55 0 0 -1.0000 -0.9998 0.000000
830.00 C 20260831 0.00 0.92 0 0 1.0871 0.0009 0.000000
830.00 P 20260831 276.50 283.60 0 0 -1.0000 -0.9998 0.000000
835.00 C 20260831 0.00 0.93 0 0 1.1021 0.0009 0.000000
835.00 P 20260831 281.50 288.75 0 0 0.9698 -0.9999 0.000000
840.00 C 20260831 0.00 0.93 0 0 1.1154 0.0008 0.000000
840.00 P 20260831 286.50 293.55 0 0 -1.0000 -0.9999 0.000000
845.00 C 20260831 0.00 0.94 0 0 1.1302 0.0008 0.000000
845.00 P 20260831 291.50 298.75 0 0 0.9938 -0.9999 0.000000
850.00 C 20260831 0.00 0.95 0 0 1.1449 0.0008 0.000000
850.00 P 20260831 296.50 303.75 0 0 1.0057 -0.9999 0.000000
855.00 C 20260831 0.00 0.96 0 0 1.1595 0.0007 0.000000
855.00 P 20260831 301.50 308.55 0 0 -1.0000 -0.9999 0.000000
860.00 C 20260831 0.00 0.96 0 0 1.1724 0.0007 0.000000
860.00 P 20260831 306.50 313.85 0 0 1.0786 -0.9999 0.000000
865.00 C 20260831 0.00 0.97 0 0 1.1868 0.0007 0.000000
865.00 P 20260831 311.50 318.60 0 0 -1.0000 -0.9999 0.000000
870.00 C 20260831 0.00 0.97 0 0 1.1996 0.0006 0.000000
870.00 P 20260831 316.50 324.05 0 0 1.1659 -0.9999 0.000000
875.00 C 20260831 0.00 0.97 0 0 1.2123 0.0006 0.000000
875.00 P 20260831 321.50 328.75 0 0 1.0639 -0.9999 0.000000
880.00 C 20260831 0.00 0.98 0 0 1.2264 0.0006 0.000000
880.00 P 20260831 326.50 333.60 0 0 -1.0000 -0.9999 0.000000
885.00 C 20260831 0.00 0.98 0 0 1.2389 0.0006 0.000000
885.00 P 20260831 331.50 338.60 0 0 -1.0000 -0.9999 0.000000
890.00 C 20260831 0.00 0.98 0 0 1.2513 0.0005 0.000000
890.00 P 20260831 336.50 343.75 0 0 1.0979 -0.9999 0.000000
895.00 C 20260831 0.00 0.98 0 0 1.2636 0.0005 0.000000
895.00 P 20260831 341.50 348.80 0 0 1.1392 -0.9999 0.000000
900.00 C 20260831 0.00 0.98 0 0 1.2759 0.0005 0.000000
900.00 P 20260831 346.50 354.05 0 0 1.2392 -1.0000 0.000000
400.00 C 20260902 147.35 154.00 0 1 0.7649 0.9976 0.000100
400.00 P 20260902 0.00 0.69 0 0 0.8070 -0.0024 0.000100
405.00 C 20260902 142.25 149.05 0 0 0.7250 0.9974 0.000100
405.00 P 20260902 0.00 0.64 0 0 0.7712 -0.0027 0.000100
410.00 C 20260902 137.00 144.05 0 0 0.6185 0.9971 0.000100
410.00 P 20260902 0.00 0.60 0 0 0.7373 -0.0030 0.000100
415.00 C 20260902 131.40 139.05 0 0 -1.0000 0.9968 0.000200
415.00 P 20260902 0.00 0.56 0 0 0.7038 -0.0033 0.000200
420.00 C 20260902 127.10 134.05 0 0 0.6007 0.9964 0.000200
420.00 P 20260902 0.00 0.51 0 0 0.6689 -0.0037 0.000200
425.00 C 20260902 122.45 129.10 0 0 0.6577 0.9959 0.000200
425.00 P 20260902 0.00 0.46 0 0 0.6342 -0.0041 0.000200
430.00 C 20260902 117.30 124.10 0 0 0.6051 0.9954 0.000200
430.00 P 20260902 0.00 0.40 0 20 0.5977 -0.0046 0.000200
435.00 C 20260902 111.45 119.10 0 0 -1.0000 0.9948 0.000300
435.00 P 20260902 0.00 0.33 0 0 0.5590 -0.0052 0.000300
440.00 C 20260902 106.45 114.10 0 0 -1.0000 0.9942 0.000300
440.00 P 20260902 0.00 0.26 0 0 0.5192 -0.0059 0.000300
445.00 C 20260902 102.85 109.15 0 0 0.5991 0.9934 0.000400
445.00 P 20260902 0.00 0.20 0 0 0.4805 -0.0067 0.000400
450.00 C 20260902 97.40 104.15 0 0 0.5209 0.9924 0.000400
450.00 P 20260902 0.01 0.20 0 0 0.4605 -0.0077 0.000400
460.00 C 20260902 87.05 94.20 0 0 0.4174 0.9897 0.000600
460.00 P 20260902 0.01 0.27 0 5 0.4307 -0.0103 0.000600
465.00 C 20260902 82.15 89.25 0 0 0.4208 0.9879 0.000800
465.00 P 20260902 0.02 0.31 0 10 0.4166 -0.0122 0.000800
470.00 C 20260902 77.20 84.25 0 1 0.4031 0.9854 0.000900
470.00 P 20260902 0.17 0.36 4 11 0.4206 -0.0147 0.000900
475.00 C 20260902 73.05 79.30 0 0 0.4588 0.9821 0.001100
475.00 P 20260902 0.14 0.37 0 14 0.3940 -0.0180 0.001100
480.00 C 20260902 68.25 74.40 6 0 0.4487 0.9778 0.001400
480.00 P 20260902 0.17 0.46 7 3 0.3821 -0.0223 0.001400
482.50 C 20260902 64.90 72.15 22 0 0.3971 0.9750 0.001600
482.50 P 20260902 0.20 0.51 0 0 0.3769 -0.0251 0.001600
485.00 C 20260902 62.75 69.50 18 0 0.3970 0.9718 0.001700
485.00 P 20260902 0.24 0.57 0 0 0.3726 -0.0283 0.001700
487.50 C 20260902 60.30 67.30 24 0 0.4034 0.9681 0.001900
487.50 P 20260902 0.29 0.63 0 0 0.3679 -0.0320 0.002000
490.00 C 20260902 57.90 64.60 12 0 0.3839 0.9639 0.002200
490.00 P 20260902 0.35 0.70 3 10 0.3636 -0.0363 0.002200
492.50 C 20260902 55.45 62.20 2 0 0.3776 0.9589 0.002400
492.50 P 20260902 0.43 0.79 1 1 0.3605 -0.0412 0.002400
495.00 C 20260902 52.55 59.80 1 1 0.3479 0.9532 0.002800
495.00 P 20260902 0.51 0.89 7 17 0.3566 -0.0469 0.002800
497.50 C 20260902 50.60 57.40 0 0 0.3651 0.9467 0.003100
497.50 P 20260902 0.61 1.00 0 2 0.3530 -0.0535 0.003100
500.00 C 20260902 48.15 55.05 1 1 0.3586 0.9392 0.003400
500.00 P 20260902 0.76 1.11 47 25 0.3503 -0.0609 0.003400
502.50 C 20260902 45.35 52.70 0 0 0.3379 0.9308 0.003800
502.50 P 20260902 0.87 1.30 10 0 0.3476 -0.0694 0.003800
505.00 C 20260902 43.55 50.35 0 0 0.3534 0.9211 0.004300
505.00 P 20260902 1.03 1.48 10 15 0.3449 -0.0791 0.004300
507.50 C 20260902 41.15 48.10 0 0 0.3487 0.9103 0.004700
507.50 P 20260902 1.21 1.69 0 0 0.3423 -0.0900 0.004800
510.00 C 20260902 38.40 45.80 0 0 0.3313 0.8982 0.005200
510.00 P 20260902 1.42 1.93 11 94 0.3398 -0.1022 0.005200
512.50 C 20260902 37.00 42.40 0 0 0.3211 0.8846 0.005800
512.50 P 20260902 1.67 2.21 2 2 0.3379 -0.1158 0.005800
515.00 C 20260902 34.20 40.20 0 0 0.3049 0.8696 0.006300
515.00 P 20260902 1.96 2.53 29 41 0.3362 -0.1308 0.006300
517.50 C 20260902 31.60 38.05 0 0 0.2951 0.8531 0.006900
517.50 P 20260902 2.29 2.88 0 1 0.3344 -0.1474 0.006900
520.00 C 20260902 29.95 35.95 1 6 0.3074 0.8350 0.007500
520.00 P 20260902 2.67 3.30 18 22 0.3333 -0.1655 0.007500
522.50 C 20260902 28.90 33.90 0 0 0.3278 0.8154 0.008000
522.50 P 20260902 3.10 3.75 1 0 0.3318 -0.1852 0.008100
525.00 C 20260902 25.65 31.90 10 8 0.3042 0.7943 0.008600
525.00 P 20260902 3.65 4.20 29 33 0.3308 -0.2064 0.008600
527.50 C 20260902 25.55 29.95 0 0 0.3358 0.7716 0.009200
527.50 P 20260902 4.20 4.80 7 18 0.3303 -0.2292 0.009200
530.00 C 20260902 22.00 28.10 0 7 0.3085 0.7476 0.009700
530.00 P 20260902 4.80 5.45 23 38 0.3296 -0.2534 0.009800
532.50 C 20260902 20.25 26.30 0 0 0.3099 0.7221 0.010200
532.50 P 20260902 5.45 6.10 0 1 0.3276 -0.2789 0.010300
535.00 C 20260902 19.90 24.55 0 7 0.3300 0.6955 0.010700
535.00 P 20260902 6.20 6.90 5 17 0.3275 -0.3057 0.010700
537.50 C 20260902 17.35 22.90 1 3 0.3175 0.6678 0.011100
537.50 P 20260902 7.10 7.70 21 5 0.3275 -0.3335 0.011100
540.00 C 20260902 16.50 20.95 4 12 0.3226 0.6392 0.011400
540.00 P 20260902 8.00 8.60 77 49 0.3269 -0.3623 0.011500
542.50 C 20260902 15.15 19.20 17 24 0.3215 0.6099 0.011700
542.50 P 20260902 8.85 9.65 1 3 0.3256 -0.3918 0.011800
545.00 C 20260902 14.85 16.70 27 38 0.3223 0.5801 0.011900
545.00 P 20260902 9.85 10.75 45 14 0.3251 -0.4218 0.012000
547.50 C 20260902 14.05 14.90 8 8 0.3237 0.5499 0.012100
547.50 P 20260902 11.05 11.90 6 22 0.3258 -0.4522 0.012200
550.00 C 20260902 12.85 13.55 67 109 0.3238 0.5196 0.012200
550.00 P 20260902 12.40 13.15 30 77 0.3276 -0.4828 0.012200
552.50 C 20260902 11.60 12.50 30 68 0.3250 0.4894 0.012200
552.50 P 20260902 13.50 14.60 0 2 0.3269 -0.5133 0.012300
555.00 C 20260902 10.55 11.35 17 84 0.3256 0.4595 0.012100
555.00 P 20260902 14.85 16.20 1 12 0.3293 -0.5435 0.012200
557.50 C 20260902 9.55 10.45 2 1 0.3282 0.4300 0.011900
557.50 P 20260902 15.50 18.10 1 1 0.3247 -0.5733 0.012100
560.00 C 20260902 8.65 9.40 35 20 0.3282 0.4012 0.011700
560.00 P 20260902 16.25 20.45 10 5 0.3252 -0.6024 0.011900
562.50 C 20260902 7.75 8.50 19 11 0.3284 0.3732 0.011400
562.50 P 20260902 17.70 21.40 0 4 0.3145 -0.6308 0.011600
565.00 C 20260902 7.00 7.60 41 14 0.3288 0.3462 0.011100
565.00 P 20260902 19.05 25.15 1 15 0.3382 -0.6582 0.011300
567.50 C 20260902 6.30 7.00 1 2 0.3322 0.3202 0.010700
567.50 P 20260902 21.20 26.85 0 0 0.3438 -0.6845 0.010900
570.00 C 20260902 5.60 6.30 17 13 0.3326 0.2955 0.010300
570.00 P 20260902 23.05 28.75 6 2 0.3466 -0.7096 0.010500
572.50 C 20260902 5.05 5.75 23 14 0.3357 0.2721 0.009900
572.50 P 20260902 24.95 29.20 0 1 0.3263 -0.7335 0.010100
575.00 C 20260902 4.50 5.05 3 17 0.3349 0.2500 0.009400
575.00 P 20260902 26.90 32.75 5 8 0.3527 -0.7560 0.009600
577.50 C 20260902 3.95 4.70 55 14 0.3381 0.2292 0.009000
577.50 P 20260902 28.95 34.75 1 3 0.3555 -0.7771 0.009200
580.00 C 20260902 3.55 4.05 66 282 0.3372 0.2098 0.008500
580.00 P 20260902 31.00 35.50 0 0 0.3349 -0.7969 0.008700
582.50 C 20260902 3.15 3.80 11 8 0.3418 0.1918 0.008000
582.50 P 20260902 33.10 38.70 0 1 0.3567 -0.8153 0.008200
585.00 C 20260902 2.92 3.45 19 16 0.3466 0.1752 0.007500
585.00 P 20260902 35.25 41.40 0 0 0.3701 -0.8324 0.007700
587.50 C 20260902 2.49 3.05 6 0 0.3452 0.1598 0.007000
587.50 P 20260902 37.45 43.55 0 0 0.3732 -0.8481 0.007200
590.00 C 20260902 2.21 2.73 32 13 0.3470 0.1456 0.006600
590.00 P 20260902 39.65 45.80 0 0 0.3772 -0.8627 0.006800
592.50 C 20260902 1.97 2.44 1 0 0.3489 0.1327 0.006100
592.50 P 20260902 40.60 48.00 0 0 0.3495 -0.8760 0.006300
595.00 C 20260902 1.75 2.20 0 14 0.3513 0.1208 0.005700
595.00 P 20260902 44.20 50.30 1 3 0.3852 -0.8882 0.005900
597.50 C 20260902 1.56 1.98 4 19 0.3538 0.1100 0.005300
597.50 P 20260902 45.20 52.35 0 0 0.3472 -0.8993 0.005400
600.00 C 20260902 1.51 1.73 242 123 0.3583 0.1001 0.004900
600.00 P 20260902 47.55 54.85 0 3 0.3552 -0.9094 0.005100
602.50 C 20260902 1.24 1.67 3 1 0.3609 0.0912 0.004500
602.50 P 20260902 49.90 57.15 0 0 0.3557 -0.9186 0.004700
605.00 C 20260902 1.10 1.51 51 7 0.3635 0.0830 0.004200
605.00 P 20260902 52.30 59.60 0 0 0.3623 -0.9269 0.004300
607.50 C 20260902 0.98 1.38 21 18 0.3667 0.0757 0.003900
607.50 P 20260902 54.65 61.90 0 0 0.3598 -0.9344 0.004000
610.00 C 20260902 0.89 1.23 3 8 0.3693 0.0691 0.003600
610.00 P 20260902 57.10 64.25 0 0 0.3620 -0.9411 0.003700
612.50 C 20260902 0.79 1.15 3 6 0.3734 0.0631 0.003300
612.50 P 20260902 59.50 66.70 0 0 0.3656 -0.9472 0.003400
615.00 C 20260902 0.71 1.03 0 2 0.3758 0.0576 0.003100
615.00 P 20260902 61.90 68.75 0 0 0.3412 -0.9526 0.003100
617.50 C 20260902 0.63 0.97 1 0 0.3801 0.0528 0.002800
617.50 P 20260902 64.35 71.15 0 0 0.3372 -0.9574 0.002800
620.00 C 20260902 0.56 0.82 7 17 0.3796 0.0484 0.002600
620.00 P 20260902 66.80 73.95 0 0 0.3689 -0.9618 0.002600
622.50 C 20260902 0.51 0.83 0 0 0.3878 0.0444 0.002400
622.50 P 20260902 69.25 76.45 0 0 0.3751 -0.9656 0.002400
625.00 C 20260902 0.47 0.75 3 2 0.3911 0.0408 0.002200
625.00 P 20260902 72.10 78.50 0 0 0.3759 -0.9691 0.002200
627.50 C 20260902 0.41 0.72 1 0 0.3956 0.0376 0.002100
627.50 P 20260902 74.20 80.95 0 0 0.2960 -0.9722 0.002000
630.00 C 20260902 0.37 0.67 1 6 0.3995 0.0347 0.001900
630.00 P 20260902 76.65 83.90 0 0 0.3897 -0.9749 0.001800
632.50 C 20260902 0.33 0.62 0 0 0.4028 0.0321 0.001800
632.50 P 20260902 79.10 85.90 0 0 -1.0000 -0.9774 0.001700
635.00 C 20260902 0.30 0.58 3 12 0.4071 0.0297 0.001600
635.00 P 20260902 81.60 88.70 0 0 0.3731 -0.9795 0.001600
637.50 C 20260902 0.27 0.47 0 0 0.4049 0.0276 0.001500
637.50 P 20260902 84.05 90.85 0 0 -1.0000 -0.9814 0.001400
640.00 C 20260902 0.25 0.51 0 3 0.4157 0.0256 0.001400
640.00 P 20260902 86.90 93.85 0 0 0.4464 -0.9832 0.001300
645.00 C 20260902 0.20 0.45 1 0 0.4233 0.0223 0.001200
645.00 P 20260902 91.50 98.30 0 0 -1.0000 -0.9861 0.001100
650.00 C 20260902 0.19 0.38 0 3 0.4322 0.0195 0.001100
650.00 P 20260902 96.50 103.60 0 0 -1.0000 -0.9884 0.000900
655.00 C 20260902 0.10 0.39 0 0 0.4395 0.0172 0.001000
655.00 P 20260902 101.50 108.70 0 0 0.4100 -0.9902 0.000800
660.00 C 20260902 0.08 0.36 0 0 0.4492 0.0153 0.000800
660.00 P 20260902 106.90 113.55 0 0 0.4838 -0.9918 0.000700
665.00 C 20260902 0.07 0.33 0 0 0.4594 0.0136 0.000800
665.00 P 20260902 111.50 118.55 0 0 -1.0000 -0.9930 0.000600
670.00 C 20260902 0.05 0.30 0 0 0.4669 0.0122 0.000700
670.00 P 20260902 116.50 124.15 0 0 0.5430 -0.9940 0.000500
675.00 C 20260902 0.06 0.27 0 0 0.4786 0.0110 0.000600
675.00 P 20260902 121.50 129.15 0 0 0.5599 -0.9948 0.000400
680.00 C 20260902 0.03 0.27 0 0 0.4878 0.0100 0.000500
680.00 P 20260902 126.50 133.55 0 0 -1.0000 -0.9955 0.000400
685.00 C 20260902 0.03 0.25 0 0 0.4983 0.0091 0.000500
685.00 P 20260902 131.50 138.60 0 0 -1.0000 -0.9961 0.000300
690.00 C 20260902 0.02 0.24 0 0 0.5082 0.0083 0.000400
690.00 P 20260902 136.50 143.75 0 0 0.5339 -0.9967 0.000300
695.00 C 20260902 0.01 0.23 0 0 0.5176 0.0076 0.000400
695.00 P 20260902 141.50 149.15 0 0 0.6254 -0.9971 0.000200
700.00 C 20260902 0.03 0.21 1 3 0.5315 0.0070 0.000400
700.00 P 20260902 146.50 153.55 0 0 -1.0000 -0.9974 0.000200
705.00 C 20260902 0.01 0.21 0 0 0.5399 0.0064 0.000300
705.00 P 20260902 151.50 158.55 0 0 -1.0000 -0.9977 0.000200
710.00 C 20260902 0.00 0.20 0 0 0.5477 0.0059 0.000300
710.00 P 20260902 156.50 163.55 0 0 -1.0000 -0.9980 0.000200
715.00 C 20260902 0.00 0.20 0 0 0.5609 0.0055 0.000300
715.00 P 20260902 161.90 168.50 0 0 0.6463 -0.9982 0.000100
720.00 C 20260902 0.00 0.19 0 0 0.5709 0.0051 0.000300
720.00 P 20260902 166.50 173.50 0 0 -1.0000 -0.9984 0.000100
725.00 C 20260902 0.01 0.22 0 0 0.5960 0.0047 0.000200
725.00 P 20260902 171.50 178.50 0 0 -1.0000 -0.9986 0.000100
730.00 C 20260902 0.00 0.26 0 0 0.6173 0.0044 0.000200
730.00 P 20260902 176.50 183.50 0 0 -1.0000 -0.9988 0.000100
735.00 C 20260902 0.00 0.29 0 0 0.6381 0.0041 0.000200
735.00 P 20260902 181.50 188.50 0 0 -1.0000 -0.9989 0.000100
740.00 C 20260902 0.00 0.32 0 0 0.6584 0.0038 0.000200
740.00 P 20260902 186.90 193.55 0 0 0.7287 -0.9990 0.000100
745.00 C 20260902 0.00 0.35 0 0 0.6784 0.0035 0.000200
745.00 P 20260902 191.70 198.55 0 0 0.6857 -0.9991 0.000100
750.00 C 20260902 0.00 0.38 0 0 0.6980 0.0033 0.000200
750.00 P 20260902 196.50 203.50 0 0 -1.0000 -0.9992 0.000100
755.00 C 20260902 0.00 0.41 0 0 0.7174 0.0031 0.000100
755.00 P 20260902 201.50 208.50 0 0 -1.0000 -0.9993 0.000100
760.00 C 20260902 0.00 0.44 0 0 0.7364 0.0029 0.000100
760.00 P 20260902 206.50 213.50 0 0 -1.0000 -0.9994 0.000100
765.00 C 20260902 0.00 0.48 0 0 0.7572 0.0027 0.000100
765.00 P 20260902 211.50 218.50 0 0 -1.0000 -0.9994 0.000000
770.00 C 20260902 0.00 0.51 0 0 0.7757 0.0026 0.000100
770.00 P 20260902 216.50 223.50 0 0 -1.0000 -0.9995 0.000000
775.00 C 20260902 0.00 0.54 0 0 0.7941 0.0024 0.000100
775.00 P 20260902 221.50 228.50 0 0 -1.0000 -0.9995 0.000000
780.00 C 20260902 0.00 0.57 0 0 0.8122 0.0023 0.000100
780.00 P 20260902 226.50 233.50 0 0 -1.0000 -0.9996 0.000000
785.00 C 20260902 0.00 0.59 0 0 0.8285 0.0022 0.000100
785.00 P 20260902 231.50 238.55 0 0 -1.0000 -0.9996 0.000000
790.00 C 20260902 0.00 0.62 0 0 0.8463 0.0020 0.000100
790.00 P 20260902 236.50 243.55 0 0 -1.0000 -0.9996 0.000000
795.00 C 20260902 0.00 0.65 0 0 0.8640 0.0019 0.000100
795.00 P 20260902 241.50 249.15 0 0 0.9154 -0.9997 0.000000
800.00 C 20260902 0.00 0.68 0 0 0.8815 0.0018 0.000100
800.00 P 20260902 246.50 253.55 0 0 -1.0000 -0.9997 0.000000
805.00 C 20260902 0.00 0.70 0 0 0.8972 0.0017 0.000100
805.00 P 20260902 251.50 258.70 0 0 0.8063 -0.9997 0.000000
810.00 C 20260902 0.00 0.73 0 0 0.9145 0.0016 0.000100
810.00 P 20260902 256.50 264.15 0 0 0.9545 -0.9998 0.000000
815.00 C 20260902 0.00 0.75 0 0 0.9300 0.0016 0.000100
815.00 P 20260902 261.50 268.50 0 0 -1.0000 -0.9998 0.000000
820.00 C 20260902 0.00 0.77 0 0 0.9454 0.0015 0.000100
820.00 P 20260902 266.65 273.55 0 0 0.8405 -0.9998 0.000000
825.00 C 20260902 0.00 0.79 0 0 0.9608 0.0014 0.000100
825.00 P 20260902 271.50 278.50 0 0 -1.0000 -0.9998 0.000000
830.00 C 20260902 0.00 0.81 0 0 0.9760 0.0013 0.000100
830.00 P 20260902 276.50 283.80 0 0 0.9164 -0.9998 0.000000
835.00 C 20260902 0.00 0.82 0 0 0.9897 0.0013 0.000100
835.00 P 20260902 281.85 288.50 0 0 0.9460 -0.9998 0.000000
840.00 C 20260902 0.00 0.84 0 0 1.0048 0.0012 0.000000
840.00 P 20260902 286.50 293.70 0 0 0.8846 -0.9999 0.000000
845.00 C 20260902 0.00 0.85 0 0 1.0182 0.0012 0.000000
845.00 P 20260902 291.50 298.70 0 0 0.8954 -0.9999 0.000000
850.00 C 20260902 0.00 0.86 0 0 1.0316 0.0011 0.000000
850.00 P 20260902 296.50 304.15 0 0 1.0546 -0.9999 0.000000
855.00 C 20260902 0.00 0.87 0 0 1.0449 0.0010 0.000000
855.00 P 20260902 301.50 308.50 0 0 -1.0000 -0.9999 0.000000
860.00 C 20260902 0.00 0.88 0 0 1.0582 0.0010 0.000000
860.00 P 20260902 306.50 313.50 0 0 -1.0000 -0.9999 0.000000
865.00 C 20260902 0.00 0.89 0 0 1.0714 0.0010 0.000000
865.00 P 20260902 311.50 318.50 0 0 -1.0000 -0.9999 0.000000
870.00 C 20260902 0.00 0.90 0 0 1.0844 0.0009 0.000000
870.00 P 20260902 316.50 323.70 0 0 0.9482 -0.9999 0.000000
875.00 C 20260902 0.00 0.91 0 0 1.0974 0.0009 0.000000
875.00 P 20260902 321.50 328.50 0 0 -1.0000 -0.9999 0.000000
880.00 C 20260902 0.00 0.91 0 0 1.1089 0.0008 0.000000
880.00 P 20260902 326.50 333.50 0 0 -1.0000 -0.9999 0.000000
885.00 C 20260902 0.00 0.92 0 0 1.1217 0.0008 0.000000
885.00 P 20260902 331.50 338.75 0 0 1.0128 -0.9999 0.000000
890.00 C 20260902 0.00 0.92 0 0 1.1330 0.0008 0.000000
890.00 P 20260902 336.50 343.50 0 0 -1.0000 -0.9999 0.000000
895.00 C 20260902 0.00 0.93 0 0 1.1457 0.0007 0.000000
895.00 P 20260902 341.50 348.50 0 0 -1.0000 -0.9999 0.000000
900.00 C 20260902 0.00 0.93 0 0 1.1568 0.0007 0.000000
900.00 P 20260902 346.50 353.70 0 0 1.0092 -1.0000 0.000000
100.00 C 20260904 446.10 453.70 0 0 -1.0000 1.0000 0.000000
100.00 P 20260904 0.00 1.02 0 72 3.7183 0.0000 0.000000
110.00 C 20260904 436.70 443.75 0 0 2.7787 1.0000 0.000000
110.00 P 20260904 0.00 1.02 0 23 3.5123 0.0000 0.000000
120.00 C 20260904 426.15 433.75 0 0 -1.0000 1.0000 0.000000
120.00 P 20260904 0.00 1.02 0 48 3.3255 0.0000 0.000000
130.00 C 20260904 416.25 423.75 0 0 -1.0000 1.0000 0.000000
130.00 P 20260904 0.00 1.02 0 0 3.1546 0.0000 0.000000
140.00 C 20260904 406.15 413.80 0 0 -1.0000 1.0000 0.000000
140.00 P 20260904 0.00 1.02 0 6 2.9971 0.0000 0.000000
150.00 C 20260904 396.20 403.80 0 0 -1.0000 1.0000 0.000000
150.00 P 20260904 0.00 1.02 0 26 2.8511 0.0000 0.000000
160.00 C 20260904 386.50 393.80 0 0 -1.0000 1.0000 0.000000
160.00 P 20260904 0.00 1.02 0 0 2.7150 0.0000 0.000000
170.00 C 20260904 376.85 383.85 0 0 2.0947 1.0000 0.000000
170.00 P 20260904 0.00 1.02 0 4 2.5875 -0.0001 0.000000
180.00 C 20260904 366.60 373.85 0 0 -1.0000 1.0000 0.000000
180.00 P 20260904 0.00 1.02 0 0 2.4675 -0.0001 0.000000
190.00 C 20260904 356.65 363.85 0 0 -1.0000 1.0000 0.000000
190.00 P 20260904 0.00 1.02 0 22 2.3543 -0.0001 0.000000
200.00 C 20260904 346.25 353.90 0 0 -1.0000 1.0000 0.000000
200.00 P 20260904 0.00 0.05 0 1 1.6599 -0.0001 0.000000
210.00 C 20260904 336.50 343.90 0 0 -1.0000 1.0000 0.000000
210.00 P 20260904 0.00 0.05 0 109 1.5830 -0.0001 0.000000
220.00 C 20260904 326.30 333.90 0 0 -1.0000 0.9999 0.000000
220.00 P 20260904 0.00 0.05 0 5 1.5097 -0.0001 0.000000
230.00 C 20260904 317.20 323.95 0 0 1.7382 0.9999 0.000000
230.00 P 20260904 0.00 0.05 0 0 1.4396 -0.0002 0.000000
240.00 C 20260904 306.35 313.95 0 0 -1.0000 0.9999 0.000000
240.00 P 20260904 0.00 0.05 0 0 1.3726 -0.0002 0.000000
250.00 C 20260904 296.35 303.95 0 0 -1.0000 0.9998 0.000000
250.00 P 20260904 0.01 0.05 0 119 1.3278 -0.0002 0.000000
260.00 C 20260904 286.35 294.00 0 2 -1.0000 0.9998 0.000000
260.00 P 20260904 0.00 0.05 14 172 1.2464 -0.0003 0.000000
270.00 C 20260904 276.35 284.00 0 0 -1.0000 0.9998 0.000000
270.00 P 20260904 0.00 0.05 9 74 1.1868 -0.0003 0.000000
280.00 C 20260904 266.40 274.05 0 0 -1.0000 0.9997 0.000000
280.00 P 20260904 0.01 0.86 32 775 1.5135 -0.0004 0.000000
290.00 C 20260904 256.65 264.05 0 4 -1.0000 0.9996 0.000000
290.00 P 20260904 0.00 0.96 0 8 1.4603 -0.0004 0.000000
300.00 C 20260904 247.05 254.05 1 10 1.0584 0.9996 0.000000
300.00 P 20260904 0.00 0.98 0 111 1.3938 -0.0005 0.000000
310.00 C 20260904 236.50 244.10 0 15 -1.0000 0.9995 0.000000
310.00 P 20260904 0.00 0.96 0 22 1.3217 -0.0006 0.000000
320.00 C 20260904 226.50 234.10 0 13 -1.0000 0.9994 0.000000
320.00 P 20260904 0.00 0.94 0 16 1.2520 -0.0007 0.000000
330.00 C 20260904 216.50 224.10 0 9 -1.0000 0.9993 0.000000
330.00 P 20260904 0.00 0.92 0 35 1.1844 -0.0008 0.000000
340.00 C 20260904 206.50 214.00 0 4 -1.0000 0.9991 0.000000
340.00 P 20260904 0.00 0.88 0 39 1.1154 -0.0010 0.000000
350.00 C 20260904 196.90 204.15 0 0 -1.0000 0.9989 0.000000
350.00 P 20260904 0.00 0.85 0 135 1.0502 -0.0012 0.000000
360.00 C 20260904 186.55 194.20 0 8 -1.0000 0.9987 0.000100
360.00 P 20260904 0.00 0.12 0 152 0.7910 -0.0014 0.000100
370.00 C 20260904 177.00 184.20 0 4 -1.0000 0.9984 0.000100
370.00 P 20260904 0.00 0.75 0 163 0.9186 -0.0017 0.000100
380.00 C 20260904 167.25 174.25 0 0 0.7319 0.9981 0.000100
380.00 P 20260904 0.00 0.69 0 97 0.8538 -0.0020 0.000100
390.00 C 20260904 157.25 164.25 0 4 0.6701 0.9977 0.000100
390.00 P 20260904 0.00 0.50 0 290 0.7671 -0.0024 0.000100
400.00 C 20260904 147.20 154.30 0 4 0.6083 0.9971 0.000100
400.00 P 20260904 0.01 0.09 6 55 0.5979 -0.0030 0.000100
405.00 C 20260904 142.55 149.30 0 4 0.6829 0.9968 0.000100
405.00 P 20260904 0.02 0.08 26 60 0.5766 -0.0033 0.000100
410.00 C 20260904 137.10 144.30 0 4 -1.0000 0.9965 0.000200
410.00 P 20260904 0.02 0.15 95 78 0.5869 -0.0036 0.000200
415.00 C 20260904 132.25 139.35 0 4 0.5633 0.9961 0.000200
415.00 P 20260904 0.01 0.13 3 34 0.5534 -0.0040 0.000200
420.00 C 20260904 127.25 134.35 1 0 0.5350 0.9956 0.000200
420.00 P 20260904 0.04 0.10 24 61 0.5320 -0.0045 0.000200
425.00 C 20260904 122.70 129.35 0 4 0.6071 0.9951 0.000200
425.00 P 20260904 0.01 0.13 6 49 0.5109 -0.0050 0.000200
430.00 C 20260904 117.35 124.40 0 0 0.5261 0.9945 0.000300
430.00 P 20260904 0.06 0.14 17 86 0.5097 -0.0056 0.000300
435.00 C 20260904 112.30 119.40 0 1 0.4866 0.9938 0.000300
435.00 P 20260904 0.04 0.16 5 28 0.4883 -0.0064 0.000300
440.00 C 20260904 107.60 114.40 0 0 0.5208 0.9929 0.000400
440.00 P 20260904 0.08 0.14 10 86 0.4722 -0.0072 0.000400
445.00 C 20260904 102.40 109.45 0 1 0.4700 0.9918 0.000400
445.00 P 20260904 0.01 0.25 1 50 0.4601 -0.0083 0.000400
450.00 C 20260904 97.45 104.45 0 0 0.4539 0.9905 0.000500
450.00 P 20260904 0.13 0.19 24 219 0.4502 -0.0096 0.000500
455.00 C 20260904 93.50 99.50 1 10 0.5373 0.9888 0.000600
455.00 P 20260904 0.08 0.25 7 67 0.4301 -0.0113 0.000600
460.00 C 20260904 87.85 94.55 2 25 0.4646 0.9867 0.000800
460.00 P 20260904 0.17 0.24 31 199 0.4204 -0.0134 0.000800
465.00 C 20260904 82.60 89.60 8 16 0.4196 0.9839 0.000900
465.00 P 20260904 0.20 0.31 3680 185 0.4108 -0.0162 0.000900
470.00 C 20260904 77.65 84.65 12 6 0.4048 0.9803 0.001100
470.00 P 20260904 0.22 0.36 4 292 0.3958 -0.0199 0.001100
475.00 C 20260904 72.75 80.00 12 10 0.4147 0.9756 0.001400
475.00 P 20260904 0.35 0.49 5 292 0.3957 -0.0247 0.001400
477.50 C 20260904 70.50 77.30 20 0 0.4051 0.9726 0.001500
477.50 P 20260904 0.28 0.61 0 18 0.3875 -0.0276 0.001500
480.00 C 20260904 68.05 75.15 22 5 0.4150 0.9694 0.001700
480.00 P 20260904 0.45 0.62 33 251 0.3878 -0.0310 0.001700
482.50 C 20260904 65.45 72.70 36 0 0.3991 0.9656 0.001900
482.50 P 20260904 0.48 0.74 10 1 0.3768 -0.0347 0.001900
485.00 C 20260904 63.05 70.05 22 0 0.3833 0.9613 0.002100
485.00 P 20260904 0.60 0.82 37 141 0.3831 -0.0390 0.002100
487.50 C 20260904 60.85 67.85 20 0 0.3980 0.9564 0.002300
487.50 P 20260904 0.63 0.92 0 0 0.3769 -0.0440 0.002300
490.00 C 20260904 58.45 65.20 8 3 0.3822 0.9510 0.002600
490.00 P 20260904 0.74 0.97 31 287 0.3714 -0.0495 0.002600
492.50 C 20260904 56.05 62.85 4 0 0.3785 0.9448 0.002800
492.50 P 20260904 0.84 1.12 20 0 0.3689 -0.0557 0.002800
495.00 C 20260904 53.70 60.50 0 2 0.3756 0.9378 0.003100
495.00 P 20260904 0.98 1.22 23 357 0.3648 -0.0628 0.003200
497.50 C 20260904 51.35 58.15 0 0 0.3716 0.9300 0.003400
497.50 P 20260904 1.05 1.41 47 9 0.3605 -0.0706 0.003500
500.00 C 20260904 48.95 55.85 5 30 0.3666 0.9213 0.003800
500.00 P 20260904 1.29 1.47 117 532 0.3566 -0.0794 0.003800
502.50 C 20260904 46.45 53.55 0 0 0.3578 0.9117 0.004200
502.50 P 20260904 1.44 1.67 5 1 0.3530 -0.0892 0.004200
505.00 C 20260904 45.20 51.25 0 1 0.3805 0.9010 0.004600
505.00 P 20260904 1.65 1.93 31 199 0.3516 -0.0999 0.004600
507.50 C 20260904 43.50 47.85 0 0 0.3624 0.8892 0.005000
507.50 P 20260904 1.91 2.12 48 58 0.3482 -0.1118 0.005000
510.00 C 20260904 40.95 45.65 0 16 0.3524 0.8763 0.005400
510.00 P 20260904 2.21 2.54 218 352 0.3498 -0.1249 0.005500
512.50 C 20260904 37.20 43.45 0 0 0.3146 0.8621 0.005800
512.50 P 20260904 2.53 2.94 27 9 0.3496 -0.1391 0.005900
515.00 C 20260904 37.00 40.95 0 12 0.3480 0.8468 0.006300
515.00 P 20260904 2.90 3.25 227 458 0.3469 -0.1546 0.006400
517.50 C 20260904 35.00 39.05 0 0 0.3516 0.8302 0.006800
517.50 P 20260904 3.20 3.60 9 52 0.3423 -0.1714 0.006800
520.00 C 20260904 33.05 37.20 2 18 0.3548 0.8124 0.007200
520.00 P 20260904 3.75 4.15 42 521 0.3445 -0.1893 0.007300
522.50 C 20260904 31.60 34.05 0 0 0.3431 0.7934 0.007700
522.50 P 20260904 4.15 4.75 18 9 0.3430 -0.2086 0.007800
525.00 C 20260904 29.70 32.05 3 46 0.3418 0.7732 0.008100
525.00 P 20260904 4.85 5.20 88 601 0.3424 -0.2290 0.008200
527.50 C 20260904 27.85 30.15 13 0 0.3411 0.7518 0.008600
527.50 P 20260904 5.30 5.95 4 1 0.3410 -0.2506 0.008600
530.00 C 20260904 26.10 28.30 2 79 0.3410 0.7293 0.009000
530.00 P 20260904 6.10 6.55 252 512 0.3408 -0.2733 0.009100
532.50 C 20260904 24.40 26.50 0 0 0.3406 0.7059 0.009400
532.50 P 20260904 6.70 7.35 14 17 0.3390 -0.2970 0.009400
535.00 C 20260904 22.70 24.55 5 94 0.3366 0.6815 0.009700
535.00 P 20260904 7.65 8.10 579 606 0.3395 -0.3216 0.009800
537.50 C 20260904 21.10 22.90 6 2 0.3364 0.6564 0.010000
537.50 P 20260904 8.35 9.10 27 5 0.3385 -0.3469 0.010100
540.00 C 20260904 19.60 21.40 62 319 0.3375 0.6307 0.010300
540.00 P 20260904 9.45 9.95 153 1061 0.3389 -0.3730 0.010400
542.50 C 20260904 18.20 19.90 33 87 0.3383 0.6044 0.010500
542.50 P 20260904 10.45 11.00 314 19 0.3388 -0.3995 0.010600
545.00 C 20260904 16.85 18.20 100 174 0.3356 0.5778 0.010600
545.00 P 20260904 11.55 12.15 37 580 0.3396 -0.4264 0.010700
547.50 C 20260904 15.80 16.70 44 18 0.3372 0.5509 0.010700
547.50 P 20260904 12.55 13.35 15 112 0.3380 -0.4536 0.010900
550.00 C 20260904 14.75 15.30 443 311 0.3384 0.5239 0.010800
550.00 P 20260904 13.95 14.55 170 1302 0.3396 -0.4808 0.010900
552.50 C 20260904 13.40 14.35 57 9 0.3397 0.4970 0.010800
552.50 P 20260904 15.15 15.90 41 0 0.3390 -0.5081 0.011000
555.00 C 20260904 12.50 13.05 233 225 0.3406 0.4703 0.010800
555.00 P 20260904 16.60 17.45 108 332 0.3420 -0.5351 0.010900
557.50 C 20260904 11.45 12.05 23 26 0.3418 0.4440 0.010700
557.50 P 20260904 17.95 19.30 1 2 0.3459 -0.5617 0.010800
560.00 C 20260904 10.50 11.05 189 217 0.3425 0.4181 0.010500
560.00 P 20260904 19.60 20.90 38 443 0.3489 -0.5879 0.010700
562.50 C 20260904 9.55 10.15 42 21 0.3430 0.3928 0.010400
562.50 P 20260904 20.75 22.50 2 25 0.3444 -0.6135 0.010500
565.00 C 20260904 8.65 9.35 75 110 0.3439 0.3682 0.010100
565.00 P 20260904 22.40 24.30 22 255 0.3468 -0.6384 0.010300
567.50 C 20260904 7.80 8.60 23 3 0.3445 0.3444 0.009900
567.50 P 20260904 24.30 26.00 5 10 0.3497 -0.6625 0.010000
570.00 C 20260904 7.25 7.70 333 1175 0.3456 0.3215 0.009600
570.00 P 20260904 25.85 27.90 59 419 0.3493 -0.6857 0.009700
572.50 C 20260904 6.60 7.10 17 100 0.3479 0.2996 0.009200
572.50 P 20260904 27.00 30.05 0 23 0.3454 -0.7080 0.009400
575.00 C 20260904 6.00 6.40 109 440 0.3482 0.2787 0.008900
575.00 P 20260904 28.90 31.95 8 424 0.3465 -0.7292 0.009100
577.50 C 20260904 5.35 6.05 29 74 0.3514 0.2589 0.008500
577.50 P 20260904 30.85 33.90 1 25 0.3478 -0.7493 0.008700
580.00 C 20260904 5.00 5.30 810 1365 0.3519 0.2401 0.008200
580.00 P 20260904 32.80 35.95 14 446 0.3492 -0.7685 0.008300
582.50 C 20260904 4.50 4.85 19 31 0.3534 0.2224 0.007800
582.50 P 20260904 34.75 38.05 0 16 0.3500 -0.7864 0.008000
585.00 C 20260904 4.05 4.45 76 453 0.3552 0.2058 0.007400
585.00 P 20260904 36.75 39.95 0 179 0.3468 -0.8034 0.007600
587.50 C 20260904 3.65 4.10 33 604 0.3576 0.1902 0.007000
587.50 P 20260904 38.30 44.00 1 7 0.3720 -0.8194 0.007200
590.00 C 20260904 3.30 3.70 365 994 0.3587 0.1756 0.006600
590.00 P 20260904 40.90 44.75 4 544 0.3566 -0.8341 0.006800
592.50 C 20260904 2.99 3.45 6 37 0.3623 0.1621 0.006300
592.50 P 20260904 42.60 48.80 1 1 0.3847 -0.8480 0.006400
595.00 C 20260904 2.66 2.90 54 333 0.3583 0.1494 0.005900
595.00 P 20260904 44.85 50.60 31 179 0.3801 -0.8610 0.006100
597.50 C 20260904 2.40 2.85 1 16 0.3650 0.1378 0.005600
597.50 P 20260904 47.10 53.25 0 5 0.3915 -0.8729 0.005700
600.00 C 20260904 2.30 2.42 801 1616 0.3661 0.1269 0.005200
600.00 P 20260904 49.75 55.10 13 220 0.3940 -0.8839 0.005400
602.50 C 20260904 2.01 2.35 25 37 0.3700 0.1169 0.004900
602.50 P 20260904 51.65 56.25 0 1 0.3593 -0.8942 0.005100
605.00 C 20260904 1.81 2.11 33 279 0.3712 0.1077 0.004600
605.00 P 20260904 54.35 60.10 0 132 0.4103 -0.9037 0.004700
607.50 C 20260904 1.59 1.96 17 49 0.3732 0.0992 0.004300
607.50 P 20260904 56.00 62.35 0 43 0.3951 -0.9122 0.004400
610.00 C 20260904 1.56 1.77 127 499 0.3784 0.0914 0.004000
610.00 P 20260904 57.45 64.40 11 119 0.3602 -0.9202 0.004200
612.50 C 20260904 1.41 1.62 25 463 0.3808 0.0842 0.003800
612.50 P 20260904 59.85 67.05 0 0 0.3728 -0.9276 0.003900
615.00 C 20260904 1.31 1.49 51 362 0.3845 0.0777 0.003500
615.00 P 20260904 62.25 69.20 45 86 0.3655 -0.9343 0.003600
617.50 C 20260904 1.12 1.43 0 83 0.3868 0.0717 0.003300
617.50 P 20260904 64.65 71.75 0 0 0.3735 -0.9403 0.003400
620.00 C 20260904 1.08 1.20 179 539 0.3876 0.0662 0.003100
620.00 P 20260904 66.85 74.00 3 105 0.3544 -0.9458 0.003100
622.50 C 20260904 0.88 1.13 20 15 0.3874 0.0611 0.002800
622.50 P 20260904 69.45 76.40 0 0 0.3639 -0.9509 0.002900
625.00 C 20260904 0.91 1.07 665 1214 0.3960 0.0565 0.002700
625.00 P 20260904 71.90 79.05 7 71 0.3794 -0.9554 0.002700
627.50 C 20260904 0.83 1.05 10 0 0.4016 0.0523 0.002500
627.50 P 20260904 74.35 81.70 0 1 0.3947 -0.9596 0.002500
630.00 C 20260904 0.76 0.91 58 588 0.4018 0.0485 0.002300
630.00 P 20260904 76.80 84.00 0 37 0.3882 -0.9633 0.002300
632.50 C 20260904 0.61 0.85 15 20 0.4009 0.0450 0.002200
632.50 P 20260904 79.25 86.60 0 1 0.4009 -0.9666 0.002100
635.00 C 20260904 0.58 0.79 30 223 0.4054 0.0418 0.002000
635.00 P 20260904 81.70 88.95 0 24 0.3942 -0.9697 0.002000
637.50 C 20260904 0.52 0.81 0 11 0.4122 0.0389 0.001900
637.50 P 20260904 84.20 90.20 0 0 -1.0000 -0.9725 0.001800
640.00 C 20260904 0.55 0.68 29 720 0.4154 0.0363 0.001800
640.00 P 20260904 86.45 93.80 3 25 0.3587 -0.9750 0.001700
642.50 C 20260904 0.55 0.71 0 1 0.4259 0.0339 0.001700
642.50 P 20260904 89.10 96.00 0 0 -1.0000 -0.9772 0.001600
645.00 C 20260904 0.42 0.56 8 232 0.4166 0.0316 0.001600
645.00 P 20260904 91.60 98.35 0 2 -1.0000 -0.9792 0.001400
647.50 C 20260904 0.46 0.55 5 0 0.4271 0.0296 0.001500
647.50 P 20260904 94.05 100.85 0 0 -1.0000 -0.9810 0.001400
650.00 C 20260904 0.45 0.52 173 1661 0.4327 0.0278 0.001400
650.00 P 20260904 96.95 102.25 3 1 -1.0000 -0.9826 0.001200
652.50 C 20260904 0.36 0.53 0 3 0.4349 0.0261 0.001300
652.50 P 20260904 99.05 105.95 0 0 -1.0000 -0.9841 0.001200
655.00 C 20260904 0.38 0.47 12 93 0.4399 0.0246 0.001200
655.00 P 20260904 101.50 108.60 0 0 -1.0000 -0.9854 0.001100
660.00 C 20260904 0.33 0.39 33 297 0.4465 0.0218 0.001100
660.00 P 20260904 106.50 113.55 0 1 -1.0000 -0.9876 0.000900
665.00 C 20260904 0.27 0.41 4 158 0.4564 0.0195 0.001000
665.00 P 20260904 111.90 118.35 5 0 0.4337 -0.9895 0.000800
670.00 C 20260904 0.15 0.34 12 147 0.4505 0.0176 0.000900
670.00 P 20260904 116.50 123.70 0 5 0.4321 -0.9910 0.000700
675.00 C 20260904 0.17 0.35 11 694 0.4688 0.0159 0.000800
675.00 P 20260904 121.50 129.00 0 0 0.5096 -0.9922 0.000600
680.00 C 20260904 0.21 0.27 46 274 0.4782 0.0144 0.000700
680.00 P 20260904 126.50 134.15 1 0 0.5425 -0.9932 0.000500
685.00 C 20260904 0.20 0.27 35 162 0.4910 0.0132 0.000600
685.00 P 20260904 131.50 138.35 0 1 -1.0000 -0.9941 0.000500
690.00 C 20260904 0.18 0.25 72 308 0.4992 0.0121 0.000600
690.00 P 20260904 136.50 143.30 0 0 -1.0000 -0.9948 0.000400
695.00 C 20260904 0.10 0.23 0 168 0.4964 0.0111 0.000500
695.00 P 20260904 141.50 148.35 0 0 -1.0000 -0.9955 0.000400
700.00 C 20260904 0.13 0.20 7 1398 0.5096 0.0102 0.000500
700.00 P 20260904 146.50 154.15 0 0 0.6034 -0.9961 0.000300
705.00 C 20260904 0.10 0.19 0 47 0.5148 0.0094 0.000400
705.00 P 20260904 151.50 158.85 0 0 0.5718 -0.9965 0.000300
710.00 C 20260904 0.09 0.18 1 147 0.5233 0.0088 0.000400
710.00 P 20260904 156.50 163.65 0 0 0.4981 -0.9969 0.000200
715.00 C 20260904 0.05 0.26 0 34 0.5263 0.0081 0.000400
715.00 P 20260904 161.50 168.55 0 0 -1.0000 -0.9972 0.000200
720.00 C 20260904 0.04 0.25 0 89 0.5528 0.0076 0.000400
720.00 P 20260904 166.50 173.75 0 0 0.5842 -0.9975 0.000200
725.00 C 20260904 0.05 0.19 6 161 0.5534 0.0071 0.000300
725.00 P 20260904 171.50 178.55 0 0 -1.0000 -0.9978 0.000200
730.00 C 20260904 0.03 0.15 0 78 0.5482 0.0066 0.000300
730.00 P 20260904 176.50 183.55 0 0 -1.0000 -0.9980 0.000200
735.00 C 20260904 0.04 0.22 4 68 0.5826 0.0062 0.000300
735.00 P 20260904 181.50 188.55 0 0 -1.0000 -0.9982 0.000100
740.00 C 20260904 0.08 0.12 5 63 0.5779 0.0058 0.000300
740.00 P 20260904 186.50 193.50 0 0 -1.0000 -0.9984 0.000100
745.00 C 20260904 0.03 0.14 0 22 0.5796 0.0054 0.000200
745.00 P 20260904 191.50 198.55 0 0 -1.0000 -0.9986 0.000100
750.00 C 20260904 0.05 0.17 9 173 0.6070 0.0051 0.000200
750.00 P 20260904 196.50 203.30 0 0 -1.0000 -0.9987 0.000100
755.00 C 20260904 0.02 0.19 0 26 0.6154 0.0048 0.000200
755.00 P 20260904 201.50 208.30 0 0 -1.0000 -0.9988 0.000100
760.00 C 20260904 0.03 0.18 5 84 0.6267 0.0045 0.000200
760.00 P 20260904 206.50 213.55 0 0 -1.0000 -0.9989 0.000100
765.00 C 20260904 0.01 0.19 0 20 0.6347 0.0043 0.000200
765.00 P 20260904 211.50 218.15 0 0 -1.0000 -0.9990 0.000100
770.00 C 20260904 0.03 0.22 0 56 0.6611 0.0040 0.000200
770.00 P 20260904 216.50 223.55 0 0 -1.0000 -0.9991 0.000100
775.00 C 20260904 0.03 0.14 1 12 0.6460 0.0038 0.000200
775.00 P 20260904 221.50 228.30 0 0 -1.0000 -0.9992 0.000100
780.00 C 20260904 0.02 0.17 0 326 0.6642 0.0036 0.000100
780.00 P 20260904 226.50 233.50 0 0 -1.0000 -0.9993 0.000100
785.00 C 20260904 0.04 0.14 1 13 0.6712 0.0034 0.000100
785.00 P 20260904 231.50 238.55 0 0 -1.0000 -0.9994 0.000000
790.00 C 20260904 0.03 0.10 10 164 0.6605 0.0032 0.000100
790.00 P 20260904 236.50 243.55 0 0 -1.0000 -0.9994 0.000000
795.00 C 20260904 0.01 0.13 15 20 0.6755 0.0031 0.000100
795.00 P 20260904 241.50 248.30 0 0 -1.0000 -0.9995 0.000000
800.00 C 20260904 0.03 0.11 1505 270 0.6857 0.0029 0.000100
800.00 P 20260904 246.50 253.55 0 0 -1.0000 -0.9995 0.000000
805.00 C 20260904 0.01 0.09 48 19 0.6744 0.0028 0.000100
805.00 P 20260904 251.50 258.85 0 0 0.8240 -0.9996 0.000000
810.00 C 20260904 0.01 0.11 2 9 0.6958 0.0026 0.000100
810.00 P 20260904 256.50 263.85 0 0 0.8354 -0.9996 0.000000
815.00 C 20260904 0.02 0.10 2 20 0.7057 0.0025 0.000100
815.00 P 20260904 261.50 268.55 0 0 -1.0000 -0.9996 0.000000
820.00 C 20260904 0.01 0.10 4 324 0.7098 0.0024 0.000100
820.00 P 20260904 266.50 273.60 0 0 -1.0000 -0.9996 0.000000
825.00 C 20260904 0.02 0.05 80 36 0.6913 0.0023 0.000100
825.00 P 20260904 271.50 278.55 0 0 -1.0000 -0.9997 0.000000
830.00 C 20260904 0.01 0.08 8 16 0.7160 0.0022 0.000100
830.00 P 20260904 276.50 283.55 0 0 -1.0000 -0.9997 0.000000
835.00 C 20260904 0.01 0.13 5 37 0.7551 0.0021 0.000100
835.00 P 20260904 281.50 288.55 0 0 -1.0000 -0.9997 0.000000
840.00 C 20260904 0.00 0.28 5 41 0.8190 0.0020 0.000100
840.00 P 20260904 286.50 293.55 0 0 -1.0000 -0.9998 0.000000
845.00 C 20260904 0.00 0.47 8 60 0.8771 0.0019 0.000100
845.00 P 20260904 291.50 298.55 0 0 -1.0000 -0.9998 0.000000
850.00 C 20260904 0.01 0.06 30 29 0.7370 0.0018 0.000100
850.00 P 20260904 296.50 303.30 0 0 -1.0000 -0.9998 0.000000
855.00 C 20260904 0.00 0.74 0 61 0.9472 0.0018 0.000100
855.00 P 20260904 301.50 308.55 0 0 -1.0000 -0.9998 0.000000
860.00 C 20260904 0.00 0.75 0 123 0.9594 0.0017 0.000100
860.00 P 20260904 306.50 312.45 0 0 -1.0000 -0.9998 0.000000
865.00 C 20260904 0.02 0.14 9 56 0.8219 0.0016 0.000100
865.00 P 20260904 312.35 317.55 0 0 -1.0000 -0.9998 0.000000
870.00 C 20260904 0.00 0.78 0 180 0.9853 0.0016 0.000100
870.00 P 20260904 316.50 323.50 0 0 -1.0000 -0.9999 0.000000
875.00 C 20260904 0.00 0.51 2 366 0.9472 0.0015 0.000100
875.00 P 20260904 321.50 328.15 0 0 -1.0000 -0.9999 0.000000
880.00 C 20260904 0.01 0.05 127 243 0.7798 0.0014 0.000000
880.00 P 20260904 326.50 333.30 0 0 -1.0000 -0.9999 0.000000
885.00 C 20260904 0.01 0.11 76 284 0.8364 0.0014 0.000000
885.00 P 20260904 331.50 338.55 0 0 -1.0000 -0.9999 0.000000
890.00 C 20260904 0.01 0.25 32 58 0.9095 0.0013 0.000000
890.00 P 20260904 336.50 343.55 0 0 -1.0000 -0.9999 0.000000
895.00 C 20260904 0.01 0.14 529 73 0.8714 0.0013 0.000000
895.00 P 20260904 341.50 348.55 0 0 -1.0000 -0.9999 0.000000
900.00 C 20260904 0.00 0.16 0 484 0.8856 0.0012 0.000000
900.00 P 20260904 346.50 353.55 0 0 -1.0000 -0.9999 0.000000
905.00 C 20260904 0.00 0.04 4 436 0.7958 0.0012 0.000000
905.00 P 20260904 351.50 358.55 0 0 -1.0000 -0.9999 0.000000
910.00 C 20260904 0.01 0.43 257 76 0.9996 0.0011 0.000000
910.00 P 20260904 356.50 363.55 0 0 -1.0000 -0.9999 0.000000
915.00 C 20260904 0.00 0.15 217 96 0.9065 0.0011 0.000000
915.00 P 20260904 361.50 368.55 0 0 -1.0000 -0.9999 0.000000
920.00 C 20260904 0.01 0.14 406 428 0.9151 0.0010 0.000000
920.00 P 20260904 366.50 373.30 0 0 -1.0000 -0.9999 0.000000
925.00 C 20260904 0.01 0.53 103 431 1.0511 0.0010 0.000000
925.00 P 20260904 371.50 378.30 0 0 -1.0000 -0.9999 0.000000
930.00 C 20260904 0.01 0.72 359 320 1.0977 0.0010 0.000000
930.00 P 20260904 376.50 383.55 0 0 -1.0000 -0.9999 0.000000
935.00 C 20260904 0.01 0.55 3 531 1.0742 0.0009 0.000000
935.00 P 20260904 381.50 388.55 0 0 -1.0000 -0.9999 0.000000
940.00 C 20260904 0.00 0.55 73 209 1.0813 0.0009 0.000000
940.00 P 20260904 386.50 393.75 0 0 1.0611 -1.0000 0.000000
945.00 C 20260904 0.01 0.53 4 270 1.0884 0.0009 0.000000
945.00 P 20260904 391.50 398.50 0 0 -1.0000 -1.0000 0.000000
950.00 C 20260904 0.00 0.47 218 1158 1.0810 0.0008 0.000000
950.00 P 20260904 396.50 403.55 0 0 -1.0000 -1.0000 0.000000
955.00 C 20260904 0.01 0.11 295 452 0.9548 0.0008 0.000000
955.00 P 20260904 401.50 408.50 0 0 -1.0000 -1.0000 0.000000
960.00 C 20260904 0.01 0.41 139 447 1.0858 0.0008 0.000000
960.00 P 20260904 406.50 413.50 0 0 -1.0000 -1.0000 0.000000
965.00 C 20260904 0.01 0.67 28 1014 1.1540 0.0008 0.000000
965.00 P 20260904 411.50 418.50 0 0 -1.0000 -1.0000 0.000000
970.00 C 20260904 0.00 0.77 9 518 1.1799 0.0007 0.000000
970.00 P 20260904 416.50 423.55 0 0 -1.0000 -1.0000 0.000000
975.00 C 20260904 0.00 0.15 286 736 1.0064 0.0007 0.000000
975.00 P 20260904 421.90 427.25 0 0 -1.0000 -1.0000 0.000000
980.00 C 20260904 0.00 0.01 253 1223 0.8277 0.0007 0.000000
980.00 P 20260904 426.50 433.50 0 0 -1.0000 -1.0000 0.000000
985.00 C 20260904 0.00 0.22 0 1359 1.0589 0.0007 0.000000
985.00 P 20260904 431.50 438.55 0 0 -1.0000 -1.0000 0.000000
990.00 C 20260904 0.00 0.70 110 527 1.2029 0.0007 0.000000
990.00 P 20260904 436.50 443.50 0 0 -1.0000 -1.0000 0.000000
995.00 C 20260904 0.00 0.21 1 933 1.0704 0.0006 0.000000
995.00 P 20260904 441.50 448.50 0 0 -1.0000 -1.0000 0.000000
1000.00 C 20260904 0.00 0.02 0 824 0.8941 0.0006 0.000000
1000.00 P 20260904 446.50 453.30 0 0 -1.0000 -1.0000 0.000000
1010.00 C 20260904 0.00 0.01 1 811 0.8674 0.0006 0.000000
1010.00 P 20260904 456.50 463.30 0 0 -1.0000 -1.0000 0.000000
1020.00 C 20260904 0.00 0.79 13 860 1.2724 0.0006 0.000000
1020.00 P 20260904 466.85 473.30 0 0 1.0856 -1.0000 0.000000
1030.00 C 20260904 0.00 0.82 0 518 1.2951 0.0005 0.000000
1030.00 P 20260904 476.50 483.55 0 0 -1.0000 -1.0000 0.000000
1040.00 C 20260904 0.00 0.82 0 549 1.3120 0.0005 0.000000
1040.00 P 20260904 486.50 493.55 0 0 -1.0000 -1.0000 0.000000
1050.00 C 20260904 0.00 0.64 97 1484 1.2924 0.0005 0.000000
1050.00 P 20260904 496.50 503.15 0 0 -1.0000 -1.0000 0.000000
1060.00 C 20260904 0.00 0.82 0 818 1.3454 0.0004 0.000000
1060.00 P 20260904 506.50 513.55 0 0 -1.0000 -1.0000 0.000000
1070.00 C 20260904 0.00 0.82 0 521 1.3618 0.0004 0.000000
1070.00 P 20260904 516.50 523.55 0 0 -1.0000 -1.0000 0.000000
1080.00 C 20260904 0.00 0.82 0 916 1.3780 0.0004 0.000000
1080.00 P 20260904 526.50 533.55 0 0 -1.0000 -1.0000 0.000000
1090.00 C 20260904 0.00 0.67 0 569 1.3631 0.0004 0.000000
1090.00 P 20260904 536.90 543.50 0 0 1.3838 -1.0000 0.000000
1100.00 C 20260904 0.00 0.01 24 817 0.9789 0.0004 0.000000
1100.00 P 20260904 546.50 553.00 0 0 -1.0000 -1.0000 0.000000
1110.00 C 20260904 0.00 0.01 0 113 0.9907 0.0003 0.000000
1110.00 P 20260904 556.50 563.55 0 0 -1.0000 -1.0000 0.000000
100.00 C 20260911 446.20 453.80 0 0 -1.0000 1.0000 0.000000
100.00 P 20260911 0.00 1.02 0 53 3.0378 0.0000 0.000000
110.00 C 20260911 436.20 443.80 0 0 -1.0000 1.0000 0.000000
110.00 P 20260911 0.00 1.02 0 118 2.8696 0.0000 0.000000
120.00 C 20260911 426.25 433.85 0 0 -1.0000 1.0000 0.000000
120.00 P 20260911 0.00 1.02 0 34 2.7170 0.0000 0.000000
130.00 C 20260911 416.25 423.85 0 0 -1.0000 1.0000 0.000000
130.00 P 20260911 0.00 1.02 0 0 2.5774 0.0000 0.000000
140.00 C 20260911 406.30 413.90 0 0 -1.0000 0.9999 0.000000
140.00 P 20260911 0.00 1.02 0 0 2.4488 -0.0001 0.000000
150.00 C 20260911 396.30 403.90 0 0 -1.0000 0.9999 0.000000
150.00 P 20260911 0.00 1.02 0 0 2.3296 -0.0001 0.000000
160.00 C 20260911 386.35 393.95 0 0 -1.0000 0.9999 0.000000
160.00 P 20260911 0.00 1.02 0 0 2.2184 -0.0001 0.000000
170.00 C 20260911 376.35 383.95 0 0 -1.0000 0.9999 0.000000
170.00 P 20260911 0.00 1.02 0 0 2.1143 -0.0001 0.000000
180.00 C 20260911 366.35 374.00 0 0 -1.0000 0.9999 0.000000
180.00 P 20260911 0.00 1.02 0 0 2.0163 -0.0001 0.000000
190.00 C 20260911 356.40 364.00 0 0 -1.0000 0.9999 0.000000
190.00 P 20260911 0.00 1.02 0 8 1.9239 -0.0001 0.000000
200.00 C 20260911 346.40 354.05 0 0 -1.0000 0.9998 0.000000
200.00 P 20260911 0.00 1.02 0 0 1.8363 -0.0002 0.000000
210.00 C 20260911 336.45 344.05 0 0 -1.0000 0.9998 0.000000
210.00 P 20260911 0.00 1.02 0 0 1.7531 -0.0002 0.000000
220.00 C 20260911 326.45 334.10 0 0 -1.0000 0.9998 0.000000
220.00 P 20260911 0.00 1.02 0 0 1.6739 -0.0002 0.000000
230.00 C 20260911 316.50 324.10 0 0 -1.0000 0.9998 0.000000
230.00 P 20260911 0.00 1.01 0 11 1.5962 -0.0003 0.000000
240.00 C 20260911 306.50 314.15 0 7 -1.0000 0.9997 0.000000
240.00 P 20260911 0.00 1.00 0 13 1.5219 -0.0003 0.000000
250.00 C 20260911 296.55 304.15 0 0 -1.0000 0.9997 0.000000
250.00 P 20260911 0.00 0.99 0 183 1.4507 -0.0004 0.000000
260.00 C 20260911 286.55 294.20 0 0 -1.0000 0.9996 0.000000
260.00 P 20260911 0.00 0.98 0 13 1.3823 -0.0004 0.000000
270.00 C 20260911 276.60 284.20 0 0 -1.0000 0.9995 0.000000
270.00 P 20260911 0.00 0.97 0 26 1.3166 -0.0005 0.000000
280.00 C 20260911 266.60 274.25 0 0 -1.0000 0.9994 0.000000
280.00 P 20260911 0.00 0.94 0 29 1.2498 -0.0006 0.000000
290.00 C 20260911 256.65 264.25 0 8 -1.0000 0.9994 0.000000
290.00 P 20260911 0.00 0.92 0 138 1.1871 -0.0006 0.000000
300.00 C 20260911 246.65 254.30 0 4 -1.0000 0.9992 0.000000
300.00 P 20260911 0.00 0.11 0 305 0.8936 -0.0008 0.000000
310.00 C 20260911 236.70 244.30 0 0 -1.0000 0.9991 0.000000
310.00 P 20260911 0.00 0.08 0 2 0.8242 -0.0009 0.000000
320.00 C 20260911 226.75 234.35 0 0 -1.0000 0.9990 0.000000
320.00 P 20260911 0.00 0.81 0 4 1.0035 -0.0010 0.000000
330.00 C 20260911 216.75 224.40 0 4 -1.0000 0.9988 0.000000
330.00 P 20260911 0.00 0.77 0 4 0.9457 -0.0012 0.000000
340.00 C 20260911 206.80 214.40 0 4 -1.0000 0.9986 0.000000
340.00 P 20260911 0.00 0.71 0 11 0.8864 -0.0014 0.000000
350.00 C 20260911 196.80 204.45 0 4 -1.0000 0.9983 0.000100
350.00 P 20260911 0.00 0.65 0 11 0.8288 -0.0017 0.000100
360.00 C 20260911 186.85 194.45 0 4 -1.0000 0.9980 0.000100
360.00 P 20260911 0.00 0.05 1 17 0.5972 -0.0020 0.000100
370.00 C 20260911 176.90 184.50 0 4 -1.0000 0.9976 0.000100
370.00 P 20260911 0.00 0.51 0 36 0.7144 -0.0024 0.000100
380.00 C 20260911 166.90 174.55 0 8 -1.0000 0.9972 0.000100
380.00 P 20260911 0.01 0.12 3 22 0.5754 -0.0029 0.000100
390.00 C 20260911 156.95 164.55 0 4 -1.0000 0.9966 0.000100
390.00 P 20260911 0.01 0.21 4 18 0.5692 -0.0034 0.000100
400.00 C 20260911 146.95 154.60 0 5 -1.0000 0.9958 0.000200
400.00 P 20260911 0.03 0.21 4 73 0.5365 -0.0042 0.000200
405.00 C 20260911 142.00 149.65 0 2 -1.0000 0.9954 0.000200
405.00 P 20260911 0.01 0.21 0 12 0.5126 -0.0046 0.000200
410.00 C 20260911 137.00 144.65 0 6 -1.0000 0.9948 0.000200
410.00 P 20260911 0.05 0.16 6 14 0.4941 -0.0052 0.000200
415.00 C 20260911 132.05 139.65 0 8 -1.0000 0.9942 0.000300
415.00 P 20260911 0.01 0.23 0 19 0.4806 -0.0058 0.000300
420.00 C 20260911 127.05 134.70 0 2 -1.0000 0.9935 0.000300
420.00 P 20260911 0.01 0.18 0 32 0.4502 -0.0065 0.000300
425.00 C 20260911 122.10 129.70 0 10 -1.0000 0.9927 0.000300
425.00 P 20260911 0.05 0.21 0 16 0.4483 -0.0074 0.000300
430.00 C 20260911 117.10 124.75 0 8 -1.0000 0.9916 0.000400
430.00 P 20260911 0.03 0.30 0 66 0.4429 -0.0084 0.000400
435.00 C 20260911 112.15 119.80 0 9 -1.0000 0.9903 0.000400
435.00 P 20260911 0.10 0.32 62 8 0.4379 -0.0097 0.000500
440.00 C 20260911 107.20 114.85 0 0 -1.0000 0.9887 0.000500
440.00 P 20260911 0.07 0.39 0 10 0.4243 -0.0114 0.000500
445.00 C 20260911 102.25 109.90 0 0 0.3108 0.9867 0.000600
445.00 P 20260911 0.19 0.45 0 18 0.4248 -0.0134 0.000600
450.00 C 20260911 97.95 104.95 2 2 0.4169 0.9842 0.000700
450.00 P 20260911 0.24 0.35 6 238 0.4007 -0.0159 0.000800
455.00 C 20260911 92.40 100.00 1 0 0.3389 0.9810 0.000900
455.00 P 20260911 0.31 0.41 0 41 0.3932 -0.0191 0.000900
460.00 C 20260911 88.75 95.10 0 10 0.4313 0.9770 0.001100
460.00 P 20260911 0.40 0.46 24 126 0.3844 -0.0231 0.001100
465.00 C 20260911 83.40 90.25 0 10 0.3989 0.9721 0.001300
465.00 P 20260911 0.49 0.74 0 155 0.3874 -0.0281 0.001300
470.00 C 20260911 78.40 85.40 0 7 0.3839 0.9659 0.001500
470.00 P 20260911 0.61 0.73 5 153 0.3726 -0.0343 0.001500
475.00 C 20260911 73.90 80.55 0 0 0.3880 0.9582 0.001800
475.00 P 20260911 0.75 0.90 0 67 0.3660 -0.0421 0.001800
480.00 C 20260911 68.95 75.80 0 3 0.3753 0.9488 0.002200
480.00 P 20260911 0.94 1.11 11 129 0.3604 -0.0515 0.002200
485.00 C 20260911 65.20 70.70 0 2 0.3853 0.9373 0.002600
485.00 P 20260911 1.21 1.49 7 106 0.3596 -0.0631 0.002600
490.00 C 20260911 59.55 66.40 0 1 0.3621 0.9235 0.003100
490.00 P 20260911 1.48 1.81 19 411 0.3532 -0.0770 0.003100
495.00 C 20260911 54.95 61.85 0 0 0.3572 0.9071 0.003600
495.00 P 20260911 1.95 2.24 26 763 0.3511 -0.0935 0.003600
500.00 C 20260911 50.85 55.95 2 48 0.3319 0.8877 0.004200
500.00 P 20260911 2.43 2.68 62 556 0.3455 -0.1131 0.004200
505.00 C 20260911 46.35 53.05 0 3 0.3541 0.8651 0.004800
505.00 P 20260911 3.00 3.45 31 612 0.3442 -0.1358 0.004800
510.00 C 20260911 42.15 47.55 0 8 0.3312 0.8391 0.005400
510.00 P 20260911 3.75 4.20 45 531 0.3412 -0.1621 0.005500
515.00 C 20260911 37.45 42.30 5 4 0.3038 0.8096 0.006100
515.00 P 20260911 4.65 5.15 35 344 0.3392 -0.1918 0.006100
520.00 C 20260911 35.85 38.50 10 33 0.3371 0.7767 0.006700
520.00 P 20260911 5.75 6.25 53 432 0.3378 -0.2250 0.006800
525.00 C 20260911 32.20 34.70 0 16 0.3355 0.7406 0.007300
525.00 P 20260911 7.00 7.55 64 322 0.3361 -0.2615 0.007400
530.00 C 20260911 29.00 31.15 2 76 0.3374 0.7015 0.007800
530.00 P 20260911 8.45 9.00 19 460 0.3342 -0.3009 0.007900
535.00 C 20260911 25.65 27.70 3 74 0.3342 0.6602 0.008300
535.00 P 20260911 10.15 10.75 18 830 0.3337 -0.3427 0.008400
540.00 C 20260911 22.80 24.45 18 214 0.3339 0.6170 0.008600
540.00 P 20260911 12.10 12.65 29 1415 0.3329 -0.3863 0.008700
545.00 C 20260911 20.00 21.45 51 133 0.3322 0.5728 0.008800
545.00 P 20260911 14.25 14.90 8 530 0.3330 -0.4310 0.009000
550.00 C 20260911 17.80 18.55 226 225 0.3329 0.5281 0.009000
550.00 P 20260911 16.70 17.45 65 539 0.3345 -0.4762 0.009100
555.00 C 20260911 15.55 16.30 78 145 0.3350 0.4836 0.009000
555.00 P 20260911 19.30 20.10 11 184 0.3340 -0.5213 0.009100
560.00 C 20260911 13.35 14.35 112 167 0.3363 0.4399 0.008800
560.00 P 20260911 21.70 23.25 26 297 0.3321 -0.5656 0.009000
565.00 C 20260911 11.70 12.30 199 66 0.3378 0.3977 0.008600
565.00 P 20260911 24.55 26.95 20 119 0.3356 -0.6085 0.008800
570.00 C 20260911 10.05 10.65 88 153 0.3393 0.3573 0.008300
570.00 P 20260911 27.80 29.80 12 200 0.3305 -0.6495 0.008500
575.00 C 20260911 8.70 9.15 151 600 0.3417 0.3194 0.007900
575.00 P 20260911 31.75 34.25 15 230 0.3454 -0.6882 0.008100
580.00 C 20260911 7.35 7.90 121 644 0.3430 0.2840 0.007500
580.00 P 20260911 35.30 38.20 7 232 0.3474 -0.7242 0.007600
585.00 C 20260911 6.35 6.80 23 919 0.3464 0.2515 0.007000
585.00 P 20260911 38.55 41.85 0 104 0.3382 -0.7575 0.007200
590.00 C 20260911 5.35 5.85 103 444 0.3483 0.2220 0.006500
590.00 P 20260911 42.55 46.20 1 152 0.3426 -0.7878 0.006600
595.00 C 20260911 4.60 4.95 300 12529 0.3508 0.1953 0.005900
595.00 P 20260911 45.15 52.20 1 44 0.3472 -0.8153 0.006100
600.00 C 20260911 3.95 4.20 628 1407 0.3537 0.1714 0.005400
600.00 P 20260911 50.65 56.70 9 120 0.3703 -0.8399 0.005600
605.00 C 20260911 3.25 3.60 141 374 0.3550 0.1502 0.004900
605.00 P 20260911 55.30 59.45 1 39 0.3496 -0.8619 0.005200
610.00 C 20260911 2.75 3.15 40 378 0.3593 0.1314 0.004500
610.00 P 20260911 59.60 65.65 15 34 0.3792 -0.8814 0.004700
615.00 C 20260911 2.27 2.76 63 157 0.3626 0.1150 0.004000
615.00 P 20260911 63.00 70.15 0 35 0.3568 -0.8986 0.004200
620.00 C 20260911 2.00 2.33 65 588 0.3668 0.1005 0.003600
620.00 P 20260911 67.50 74.55 3 43 0.3468 -0.9136 0.003800
625.00 C 20260911 1.78 1.99 209 171 0.3719 0.0880 0.003200
625.00 P 20260911 72.45 79.30 0 10 0.3548 -0.9267 0.003400
630.00 C 20260911 1.55 1.76 435 431 0.3777 0.0770 0.002900
630.00 P 20260911 77.25 84.45 0 49 0.3699 -0.9380 0.003100
635.00 C 20260911 1.32 1.53 33 475 0.3816 0.0676 0.002600
635.00 P 20260911 82.10 89.30 0 1 0.3752 -0.9478 0.002700
640.00 C 20260911 1.10 1.33 40 380 0.3846 0.0595 0.002300
640.00 P 20260911 87.30 93.70 1 11 0.3730 -0.9561 0.002400
645.00 C 20260911 1.01 1.17 35 172 0.3916 0.0524 0.002100
645.00 P 20260911 91.85 99.05 0 17 0.3827 -0.9631 0.002100
650.00 C 20260911 0.83 1.03 108 590 0.3945 0.0464 0.001800
650.00 P 20260911 96.75 104.05 0 21 0.3915 -0.9691 0.001900
655.00 C 20260911 0.76 0.87 10 140 0.3993 0.0412 0.001700
655.00 P 20260911 101.65 108.95 0 10 0.3919 -0.9741 0.001600
660.00 C 20260911 0.58 0.81 19 176 0.4016 0.0368 0.001500
660.00 P 20260911 106.60 114.25 0 5 0.4232 -0.9782 0.001400
665.00 C 20260911 0.60 0.70 478 3337 0.4111 0.0329 0.001300
665.00 P 20260911 111.55 119.20 0 0 0.4307 -0.9816 0.001200
670.00 C 20260911 0.47 0.62 8 243 0.4126 0.0296 0.001200
670.00 P 20260911 116.55 124.20 0 0 0.4444 -0.9845 0.001100
675.00 C 20260911 0.48 0.59 11 182 0.4243 0.0268 0.001100
675.00 P 20260911 121.50 129.15 0 0 0.4502 -0.9869 0.000900
680.00 C 20260911 0.40 0.57 15 323 0.4305 0.0243 0.001000
680.00 P 20260911 126.50 134.15 0 0 0.4635 -0.9889 0.000800
685.00 C 20260911 0.38 0.50 8 131 0.4365 0.0221 0.000900
685.00 P 20260911 131.50 139.15 0 0 0.4766 -0.9905 0.000700
690.00 C 20260911 0.26 0.53 0 155 0.4417 0.0203 0.000800
690.00 P 20260911 136.50 144.15 0 0 0.4895 -0.9918 0.000600
695.00 C 20260911 0.31 0.42 0 7 0.4486 0.0186 0.000800
695.00 P 20260911 141.50 149.15 0 0 0.5023 -0.9930 0.000600
700.00 C 20260911 0.28 0.38 67 564 0.4539 0.0172 0.000700
700.00 P 20260911 146.50 154.15 0 0 0.5150 -0.9939 0.000500
705.00 C 20260911 0.19 0.47 0 26 0.4541 0.0159 0.000600
705.00 P 20260911 151.50 159.15 0 0 0.5275 -0.9947 0.000400
710.00 C 20260911 0.20 0.36 0 47 0.4663 0.0147 0.000600
710.00 P 20260911 156.50 164.15 0 0 0.5399 -0.9954 0.000400
715.00 C 20260911 0.14 0.43 1 73 0.4784 0.0137 0.000600
715.00 P 20260911 161.50 169.15 0 0 0.5521 -0.9960 0.000300
720.00 C 20260911 0.20 0.40 0 52 0.4926 0.0128 0.000500
720.00 P 20260911 166.50 174.15 0 0 0.5642 -0.9965 0.000300
725.00 C 20260911 0.11 0.39 0 69 0.4918 0.0120 0.000500
725.00 P 20260911 171.50 179.15 0 0 0.5762 -0.9969 0.000300
730.00 C 20260911 0.10 0.37 0 35 0.4985 0.0112 0.000400
730.00 P 20260911 176.50 184.15 0 0 0.5880 -0.9972 0.000200
735.00 C 20260911 0.09 0.25 1 21 0.4896 0.0105 0.000400
735.00 P 20260911 181.50 189.15 0 0 0.5997 -0.9976 0.000200
740.00 C 20260911 0.08 0.35 0 45 0.5136 0.0099 0.000400
740.00 P 20260911 186.50 194.15 0 0 0.6113 -0.9978 0.000200
745.00 C 20260911 0.08 0.34 0 63 0.5223 0.0093 0.000400
745.00 P 20260911 191.50 199.15 0 0 0.6228 -0.9981 0.000200
750.00 C 20260911 0.15 0.29 90 139 0.5352 0.0088 0.000300
750.00 P 20260911 196.50 204.15 0 0 0.6341 -0.9983 0.000100
755.00 C 20260911 0.06 0.32 0 51 0.5358 0.0083 0.000300
755.00 P 20260911 201.50 209.15 0 0 0.6453 -0.9985 0.000100
760.00 C 20260911 0.06 0.31 0 10 0.5438 0.0079 0.000300
760.00 P 20260911 206.50 214.15 0 0 0.6565 -0.9987 0.000100
765.00 C 20260911 0.05 0.30 0 15 0.5500 0.0074 0.000300
765.00 P 20260911 211.50 219.15 0 0 0.6675 -0.9988 0.000100
770.00 C 20260911 0.05 0.29 0 25 0.5576 0.0071 0.000300
770.00 P 20260911 216.50 224.15 0 0 0.6784 -0.9989 0.000100
775.00 C 20260911 0.04 0.28 0 27 0.5631 0.0067 0.000200
775.00 P 20260911 221.50 229.15 0 0 0.6893 -0.9990 0.000100
780.00 C 20260911 0.06 0.20 35 67 0.5596 0.0064 0.000200
780.00 P 20260911 226.50 234.15 0 0 0.7000 -0.9991 0.000100
785.00 C 20260911 0.03 0.26 0 34 0.5753 0.0061 0.000200
785.00 P 20260911 231.50 239.15 0 0 0.7107 -0.9992 0.000100
790.00 C 20260911 0.07 0.20 150 16 0.5798 0.0058 0.000200
790.00 P 20260911 236.50 244.15 0 0 0.7213 -0.9993 0.000100
795.00 C 20260911 0.03 0.24 2 14 0.5887 0.0055 0.000200
795.00 P 20260911 241.50 249.15 0 0 0.7318 -0.9994 0.000100
800.00 C 20260911 0.03 0.22 0 160 0.5927 0.0052 0.000200
800.00 P 20260911 246.50 254.15 0 0 0.7422 -0.9994 0.000000
805.00 C 20260911 0.02 0.23 0 19 0.6013 0.0050 0.000200
805.00 P 20260911 251.50 259.15 0 0 0.7525 -0.9995 0.000000
810.00 C 20260911 0.02 0.22 0 12 0.6074 0.0048 0.000200
810.00 P 20260911 256.50 264.15 0 0 0.7627 -0.9996 0.000000
815.00 C 20260911 0.02 0.21 0 9 0.6132 0.0046 0.000200
815.00 P 20260911 261.50 269.15 0 0 0.7728 -0.9996 0.000000
820.00 C 20260911 0.01 0.21 0 11 0.6188 0.0044 0.000200
820.00 P 20260911 266.50 274.15 0 0 0.7829 -0.9996 0.000000
825.00 C 20260911 0.01 0.20 0 17 0.6242 0.0042 0.000100
825.00 P 20260911 271.50 279.15 0 0 0.7929 -0.9997 0.000000
830.00 C 20260911 0.01 0.20 0 9 0.6324 0.0040 0.000100
830.00 P 20260911 276.50 284.15 0 0 0.8028 -0.9997 0.000000
835.00 C 20260911 0.01 0.19 0 13 0.6374 0.0038 0.000100
835.00 P 20260911 281.50 289.15 0 0 0.8126 -0.9997 0.000000
840.00 C 20260911 0.01 0.19 0 5 0.6455 0.0037 0.000100
840.00 P 20260911 286.50 294.15 0 0 0.8224 -0.9998 0.000000
845.00 C 20260911 0.00 0.22 0 4 0.6656 0.0035 0.000100
845.00 P 20260911 291.50 299.15 0 0 0.8321 -0.9998 0.000000
850.00 C 20260911 0.00 0.17 8 10 0.6511 0.0034 0.000100
850.00 P 20260911 296.50 304.15 0 0 0.8417 -0.9998 0.000000
855.00 C 20260911 0.02 0.14 4 9 0.6551 0.0033 0.000100
855.00 P 20260911 301.50 309.15 0 0 0.8512 -0.9998 0.000000
860.00 C 20260911 0.01 0.31 2 12 0.7103 0.0031 0.000100
860.00 P 20260911 306.50 314.15 0 0 0.8607 -0.9998 0.000000
865.00 C 20260911 0.05 0.16 6 21 0.6882 0.0030 0.000100
865.00 P 20260911 311.50 319.15 0 0 0.8701 -0.9998 0.000000
870.00 C 20260911 0.02 0.17 22 43 0.6892 0.0029 0.000100
870.00 P 20260911 316.50 324.15 0 0 0.8794 -0.9999 0.000000
875.00 C 20260911 0.00 0.22 1 36 0.7069 0.0028 0.000100
875.00 P 20260911 321.50 329.15 0 0 0.8887 -0.9999 0.000000
880.00 C 20260911 0.01 0.19 2 200 0.7079 0.0027 0.000100
880.00 P 20260911 326.50 334.15 0 0 0.8979 -0.9999 0.000000
885.00 C 20260911 0.01 0.17 8 653 0.7083 0.0026 0.000100
885.00 P 20260911 331.50 339.15 0 0 0.9071 -0.9999 0.000000
890.00 C 20260911 0.01 0.19 6 62 0.7230 0.0025 0.000100
890.00 P 20260911 336.50 344.15 0 0 0.9161 -0.9999 0.000000
895.00 C 20260911 0.00 0.39 2 57 0.7817 0.0024 0.000100
895.00 P 20260911 341.50 349.15 0 0 0.9251 -0.9999 0.000000
900.00 C 20260911 0.02 0.10 4 179 0.7037 0.0023 0.000100
900.00 P 20260911 346.50 354.15 0 0 0.9341 -0.9999 0.000000
905.00 C 20260911 0.01 0.10 6 560 0.7054 0.0023 0.000100
905.00 P 20260911 351.50 359.15 0 0 0.9429 -0.9999 0.000000
910.00 C 20260911 0.01 0.10 4 62 0.7123 0.0022 0.000100
910.00 P 20260911 356.50 364.15 0 0 0.9517 -0.9999 0.000000
915.00 C 20260911 0.00 0.56 9 138 0.8455 0.0021 0.000100
915.00 P 20260911 361.50 369.15 0 0 0.9605 -1.0000 0.000000
920.00 C 20260911 0.00 0.58 3 67 0.8567 0.0020 0.000100
920.00 P 20260911 366.50 374.15 0 0 0.9692 -1.0000 0.000000
925.00 C 20260911 0.00 0.49 0 635 0.8483 0.0020 0.000100
925.00 P 20260911 371.50 379.15 0 0 0.9778 -1.0000 0.000000
930.00 C 20260911 0.00 0.51 0 328 0.8597 0.0019 0.000100
930.00 P 20260911 376.50 384.15 0 0 0.9864 -1.0000 0.000000
935.00 C 20260911 0.00 0.52 0 247 0.8692 0.0018 0.000100
935.00 P 20260911 381.50 389.15 0 0 0.9948 -1.0000 0.000000
940.00 C 20260911 0.00 0.67 0 135 0.9022 0.0018 0.000100
940.00 P 20260911 386.50 394.15 0 0 1.0033 -1.0000 0.000000
945.00 C 20260911 0.01 0.31 40 148 0.8400 0.0017 0.000100
945.00 P 20260911 391.50 399.15 0 0 1.0117 -1.0000 0.000000
950.00 C 20260911 0.00 0.71 0 125 0.9236 0.0017 0.000000
950.00 P 20260911 396.50 404.15 0 0 1.0200 -1.0000 0.000000
955.00 C 20260911 0.00 0.58 0 674 0.9100 0.0016 0.000000
955.00 P 20260911 401.50 409.15 0 0 1.0283 -1.0000 0.000000
960.00 C 20260911 0.00 0.74 0 156 0.9432 0.0016 0.000000
960.00 P 20260911 406.50 414.15 0 0 1.0365 -1.0000 0.000000
965.00 C 20260911 0.00 0.76 0 146 0.9537 0.0015 0.000000
965.00 P 20260911 411.50 419.15 0 0 1.0447 -1.0000 0.000000
970.00 C 20260911 0.00 0.62 0 1072 0.9391 0.0015 0.000000
970.00 P 20260911 416.50 424.15 0 0 1.0529 -1.0000 0.000000
975.00 C 20260911 0.00 0.64 0 405 0.9498 0.0014 0.000000
975.00 P 20260911 421.50 429.15 0 0 1.0610 -1.0000 0.000000
980.00 C 20260911 0.00 0.80 0 192 0.9819 0.0014 0.000000
980.00 P 20260911 426.50 434.15 0 0 1.0690 -1.0000 0.000000
985.00 C 20260911 0.00 0.66 0 549 0.9677 0.0014 0.000000
985.00 P 20260911 431.50 439.15 0 0 1.0770 -1.0000 0.000000
990.00 C 20260911 0.00 0.33 20 332 0.9056 0.0013 0.000000
990.00 P 20260911 436.50 444.15 0 0 1.0849 -1.0000 0.000000
995.00 C 20260911 0.00 0.40 0 895 0.9304 0.0013 0.000000
995.00 P 20260911 441.50 449.15 0 0 1.0928 -1.0000 0.000000
1000.00 C 20260911 0.00 0.86 2 212 1.0198 0.0012 0.000000
1000.00 P 20260911 446.50 454.15 0 0 1.1007 -1.0000 0.000000
1010.00 C 20260911 0.00 0.88 0 173 1.0370 0.0012 0.000000
1010.00 P 20260911 456.50 464.15 0 0 1.1162 -1.0000 0.000000
1020.00 C 20260911 0.00 0.30 0 13 0.9369 0.0011 0.000000
1020.00 P 20260911 466.50 474.15 0 0 1.1316 -1.0000 0.000000
1030.00 C 20260911 0.00 0.92 0 22 1.0710 0.0011 0.000000
1030.00 P 20260911 476.50 484.15 0 0 1.1468 -1.0000 0.000000
1040.00 C 20260911 0.00 0.93 0 17 1.0864 0.0010 0.000000
1040.00 P 20260911 486.50 494.15 0 0 1.1619 -1.0000 0.000000
1050.00 C 20260911 0.00 0.95 0 7 1.1030 0.0010 0.000000
1050.00 P 20260911 496.50 504.15 0 0 1.1768 -1.0000 0.000000
1060.00 C 20260911 0.00 0.10 0 14 0.8954 0.0009 0.000000
1060.00 P 20260911 506.50 514.15 0 0 1.1915 -1.0000 0.000000
1070.00 C 20260911 0.00 0.10 0 8 0.9069 0.0009 0.000000
1070.00 P 20260911 516.50 524.15 0 0 1.2061 -1.0000 0.000000
5.00 C 20260918 541.05 548.55 12 826 -1.0000 1.0000 0.000000
5.00 P 20260918 0.00 0.01 0 3283 5.0256 0.0000 0.000000
10.00 C 20260918 536.00 543.60 0 0 -1.0000 1.0000 0.000000
10.00 P 20260918 0.00 0.01 0 194 4.2124 0.0000 0.000000
15.00 C 20260918 531.00 538.60 0 0 -1.0000 1.0000 0.000000
15.00 P 20260918 0.00 0.01 0 501 3.7545 0.0000 0.000000
20.00 C 20260918 526.00 533.60 0 1 -1.0000 1.0000 0.000000
20.00 P 20260918 0.00 0.01 0 308 3.4366 0.0000 0.000000
25.00 C 20260918 521.00 528.60 0 0 -1.0000 0.9999 0.000000
25.00 P 20260918 0.00 0.01 0 6 3.1937 0.0000 0.000000
30.00 C 20260918 516.05 523.65 0 1 -1.0000 0.9999 0.000000
30.00 P 20260918 0.00 0.20 0 37 3.8095 0.0000 0.000000
35.00 C 20260918 511.05 518.65 0 0 -1.0000 0.9999 0.000000
35.00 P 20260918 0.00 0.20 0 49 3.5954 0.0000 0.000000
40.00 C 20260918 506.05 513.65 0 70 -1.0000 0.9999 0.000000
40.00 P 20260918 0.00 0.40 12 992 3.6651 0.0000 0.000000
45.00 C 20260918 501.05 508.65 0 10 -1.0000 0.9999 0.000000
45.00 P 20260918 0.00 0.20 8 853 3.2523 0.0000 0.000000
50.00 C 20260918 496.05 503.65 14 81 -1.0000 0.9998 0.000000
50.00 P 20260918 0.00 0.30 0 224 3.2389 0.0000 0.000000
55.00 C 20260918 491.10 498.70 0 0 -1.0000 0.9998 0.000000
55.00 P 20260918 0.00 0.30 55 2728 3.1059 0.0000 0.000000
60.00 C 20260918 486.10 493.70 0 4 -1.0000 0.9998 0.000000
60.00 P 20260918 0.00 0.25 1 728 2.9310 0.0000 0.000000
65.00 C 20260918 481.10 488.70 0 4 -1.0000 0.9998 0.000000
65.00 P 20260918 0.00 0.29 37 3389 2.8653 0.0000 0.000000
70.00 C 20260918 476.10 483.70 0 1 -1.0000 0.9998 0.000000
70.00 P 20260918 0.00 0.30 46 4683 2.7737 0.0000 0.000000
75.00 C 20260918 471.15 478.75 0 0 -1.0000 0.9998 0.000000
75.00 P 20260918 0.00 0.02 12 3738 2.1351 0.0000 0.000000
80.00 C 20260918 466.15 473.75 0 0 -1.0000 0.9998 0.000000
80.00 P 20260918 0.00 0.03 29 5633 2.1265 0.0000 0.000000
85.00 C 20260918 461.15 468.75 0 0 -1.0000 0.9998 0.000000
85.00 P 20260918 0.00 0.02 3 3791 2.0009 0.0000 0.000000
90.00 C 20260918 456.15 463.75 0 0 -1.0000 0.9998 0.000000
90.00 P 20260918 0.00 0.03 16 5618 1.9967 0.0000 0.000000
95.00 C 20260918 451.20 458.80 0 0 -1.0000 0.9998 0.000000
95.00 P 20260918 0.00 0.06 46 6851 2.0428 0.0000 0.000000
100.00 C 20260918 446.20 453.80 0 118 -1.0000 0.9998 0.000000
100.00 P 20260918 0.00 0.04 52 4902 1.9218 0.0000 0.000000
120.00 C 20260918 426.25 433.85 0 6 -1.0000 0.9998 0.000000
120.00 P 20260918 0.00 0.01 16 6028 1.5602 -0.0001 0.000000
130.00 C 20260918 416.25 423.85 0 6 -1.0000 0.9998 0.000000
130.00 P 20260918 0.00 0.30 24 1520 1.9449 -0.0001 0.000000
140.00 C 20260918 406.30 413.90 0 37 -1.0000 0.9998 0.000000
140.00 P 20260918 0.00 0.01 60 30810 1.4048 -0.0001 0.000000
280.00 C 20260918 266.70 274.30 0 1 -1.0000 0.9990 0.000000
280.00 P 20260918 0.01 0.06 719 654 0.8232 -0.0008 0.000000
290.00 C 20260918 256.75 264.35 0 2 -1.0000 0.9989 0.000000
290.00 P 20260918 0.00 0.08 0 258 0.7921 -0.0010 0.000000
300.00 C 20260918 247.10 254.50 2 19 -1.0000 0.9987 0.000000
300.00 P 20260918 0.01 0.08 73 2874 0.7607 -0.0011 0.000000
310.00 C 20260918 236.80 244.40 0 13 -1.0000 0.9985 0.000000
310.00 P 20260918 0.02 0.12 161 1310 0.7526 -0.0013 0.000000
320.00 C 20260918 226.85 234.45 0 99 -1.0000 0.9983 0.000000
320.00 P 20260918 0.00 0.05 12 774 0.6508 -0.0016 0.000000
330.00 C 20260918 216.85 224.50 0 34 -1.0000 0.9980 0.000100
330.00 P 20260918 0.04 0.05 94 529 0.6487 -0.0018 0.000100
340.00 C 20260918 206.90 214.55 0 42 -1.0000 0.9977 0.000100
340.00 P 20260918 0.02 0.09 5 1233 0.6251 -0.0022 0.000100
350.00 C 20260918 196.95 204.55 0 137 -1.0000 0.9973 0.000100
350.00 P 20260918 0.03 0.13 69 1997 0.6124 -0.0025 0.000100
360.00 C 20260918 186.95 194.60 0 41 -1.0000 0.9968 0.000100
360.00 P 20260918 0.05 0.19 3 733 0.6026 -0.0030 0.000100
370.00 C 20260918 177.00 184.65 0 30 -1.0000 0.9963 0.000100
370.00 P 20260918 0.03 0.11 2 180 0.5359 -0.0036 0.000100
375.00 C 20260918 172.05 179.65 0 0 -1.0000 0.9959 0.000100
375.00 P 20260918 0.04 0.17 0 156 0.5418 -0.0039 0.000100
380.00 C 20260918 167.05 174.70 0 26 -1.0000 0.9955 0.000200
380.00 P 20260918 0.07 0.13 2 534 0.5220 -0.0043 0.000200
385.00 C 20260918 162.10 169.70 0 2 -1.0000 0.9951 0.000200
385.00 P 20260918 0.06 0.17 0 278 0.5131 -0.0048 0.000200
390.00 C 20260918 157.10 164.75 0 39 -1.0000 0.9946 0.000200
390.00 P 20260918 0.06 0.17 0 1533 0.4963 -0.0053 0.000200
395.00 C 20260918 152.15 159.75 0 4 -1.0000 0.9940 0.000200
395.00 P 20260918 0.07 0.16 0 127 0.4797 -0.0058 0.000200
400.00 C 20260918 147.25 154.90 0 234 -1.0000 0.9934 0.000200
400.00 P 20260918 0.14 0.21 24 2596 0.4866 -0.0065 0.000200
405.00 C 20260918 142.20 149.85 0 2 -1.0000 0.9926 0.000300
405.00 P 20260918 0.16 0.25 0 192 0.4789 -0.0073 0.000300
410.00 C 20260918 137.20 144.85 1 31 -1.0000 0.9917 0.000300
410.00 P 20260918 0.18 0.19 21 1063 0.4560 -0.0082 0.000300
415.00 C 20260918 132.25 139.90 0 0 -1.0000 0.9906 0.000400
415.00 P 20260918 0.17 0.28 4 94 0.4504 -0.0093 0.000400
420.00 C 20260918 127.30 134.95 0 28 -1.0000 0.9893 0.000400
420.00 P 20260918 0.16 0.32 7 539 0.4372 -0.0106 0.000400
425.00 C 20260918 122.35 130.00 0 0 -1.0000 0.9877 0.000500
425.00 P 20260918 0.23 0.32 36 160 0.4281 -0.0122 0.000500
430.00 C 20260918 117.40 125.05 0 88 -1.0000 0.9858 0.000600
430.00 P 20260918 0.29 0.36 27 1696 0.4208 -0.0141 0.000600
435.00 C 20260918 112.50 120.15 0 5 0.2937 0.9835 0.000600
435.00 P 20260918 0.30 0.41 0 217 0.4089 -0.0164 0.000600
440.00 C 20260918 107.55 115.20 0 84 0.3094 0.9807 0.000800
440.00 P 20260918 0.40 0.50 7 2654 0.4060 -0.0193 0.000800
445.00 C 20260918 103.20 110.30 0 0 0.3832 0.9773 0.000900
445.00 P 20260918 0.48 0.56 5 272 0.3975 -0.0227 0.000900
450.00 C 20260918 98.90 104.30 0 676 0.3390 0.9731 0.001000
450.00 P 20260918 0.56 0.65 84 4991 0.3894 -0.0269 0.001000
455.00 C 20260918 93.55 100.55 0 38 0.3790 0.9680 0.001200
455.00 P 20260918 0.68 0.82 55 385 0.3856 -0.0320 0.001200
460.00 C 20260918 88.75 95.75 10 58 0.3770 0.9620 0.001400
460.00 P 20260918 0.83 0.99 117 6756 0.3806 -0.0381 0.001400
465.00 C 20260918 84.75 90.95 0 17 0.3980 0.9547 0.001700
465.00 P 20260918 1.03 1.16 1529 551 0.3752 -0.0454 0.001700
470.00 C 20260918 79.75 86.20 0 128 0.3841 0.9460 0.001900
470.00 P 20260918 1.27 1.37 58 3217 0.3703 -0.0542 0.001900
475.00 C 20260918 76.35 81.50 3 21 0.4081 0.9358 0.002200
475.00 P 20260918 1.49 1.65 185 649 0.3643 -0.0645 0.002300
480.00 C 20260918 70.00 76.85 5 132 0.3639 0.9238 0.002600
480.00 P 20260918 1.86 2.04 431 2750 0.3625 -0.0765 0.002600
485.00 C 20260918 65.45 72.15 0 21 0.3581 0.9098 0.003000
485.00 P 20260918 2.24 2.45 131 957 0.3582 -0.0906 0.003000
490.00 C 20260918 62.30 66.60 12 127 0.3601 0.8938 0.003400
490.00 P 20260918 2.80 2.96 544 4880 0.3566 -0.1068 0.003400
495.00 C 20260918 55.75 63.45 0 45 0.3420 0.8754 0.003800
495.00 P 20260918 3.30 3.60 392 1294 0.3530 -0.1253 0.003800
500.00 C 20260918 52.00 57.00 134 502 0.3155 0.8547 0.004300
500.00 P 20260918 4.00 4.30 1397 9252 0.3505 -0.1462 0.004300
505.00 C 20260918 50.50 53.00 5 232 0.3553 0.8315 0.004700
505.00 P 20260918 4.85 5.10 167 1651 0.3483 -0.1696 0.004800
510.00 C 20260918 43.70 48.80 0 253 0.3167 0.8058 0.005200
510.00 P 20260918 5.80 6.10 249 4765 0.3468 -0.1956 0.005200
515.00 C 20260918 42.10 44.70 2 270 0.3410 0.7777 0.005600
515.00 P 20260918 6.95 7.25 112 1440 0.3459 -0.2239 0.005700
520.00 C 20260918 38.45 40.90 54 470 0.3397 0.7472 0.006100
520.00 P 20260918 8.25 8.55 1114 5633 0.3450 -0.2547 0.006100
525.00 C 20260918 34.95 37.35 54 914 0.3392 0.7148 0.006500
525.00 P 20260918 9.60 9.95 994 1440 0.3423 -0.2874 0.006600
530.00 C 20260918 32.10 33.40 32 807 0.3377 0.6804 0.006800
530.00 P 20260918 11.25 11.70 374 4582 0.3425 -0.3222 0.006900
535.00 C 20260918 28.90 30.25 10 738 0.3371 0.6446 0.007100
535.00 P 20260918 13.15 13.50 202 2656 0.3422 -0.3583 0.007200
540.00 C 20260918 26.20 27.00 104 1538 0.3366 0.6077 0.007400
540.00 P 20260918 15.15 15.55 453 6521 0.3415 -0.3958 0.007500
545.00 C 20260918 23.65 24.45 211 1750 0.3400 0.5700 0.007500
545.00 P 20260918 17.40 17.85 271 2041 0.3419 -0.4339 0.007600
550.00 C 20260918 21.05 21.65 1209 2661 0.3377 0.5319 0.007600
550.00 P 20260918 19.80 20.30 866 12307 0.3415 -0.4725 0.007700
555.00 C 20260918 18.80 19.35 1090 789 0.3392 0.4940 0.007700
555.00 P 20260918 22.45 23.05 43 2425 0.3425 -0.5110 0.007800
560.00 C 20260918 16.70 17.15 272 1645 0.3397 0.4564 0.007600
560.00 P 20260918 25.15 26.05 275 3766 0.3427 -0.5491 0.007700
565.00 C 20260918 14.75 15.20 152 1042 0.3405 0.4197 0.007500
565.00 P 20260918 28.00 29.45 39 1068 0.3446 -0.5864 0.007600
570.00 C 20260918 13.05 13.45 671 2119 0.3421 0.3842 0.007300
570.00 P 20260918 31.25 32.55 64 3617 0.3442 -0.6226 0.007400
575.00 C 20260918 11.40 11.85 204 967 0.3425 0.3502 0.007100
575.00 P 20260918 34.70 35.75 117 1488 0.3435 -0.6573 0.007200
580.00 C 20260918 10.05 10.40 606 2531 0.3441 0.3180 0.006800
580.00 P 20260918 38.25 39.75 57 4895 0.3480 -0.6902 0.006900
585.00 C 20260918 8.80 9.20 634 2525 0.3463 0.2877 0.006400
585.00 P 20260918 41.25 43.20 196 1066 0.3390 -0.7212 0.006600
590.00 C 20260918 7.70 8.05 558 4409 0.3479 0.2595 0.006100
590.00 P 20260918 44.85 48.20 75 2826 0.3485 -0.7502 0.006300
595.00 C 20260918 6.75 7.05 62 1935 0.3500 0.2334 0.005700
595.00 P 20260918 48.80 52.30 16 1391 0.3500 -0.7770 0.005900
600.00 C 20260918 5.95 6.10 2901 9927 0.3520 0.2095 0.005400
600.00 P 20260918 52.90 56.50 57 5478 0.3516 -0.8017 0.005600
605.00 C 20260918 5.10 5.45 144 4731 0.3544 0.1877 0.005000
605.00 P 20260918 57.05 60.20 10 1006 0.3447 -0.8243 0.005200
610.00 C 20260918 4.45 4.75 199 4105 0.3566 0.1679 0.004600
610.00 P 20260918 60.90 66.25 21 3230 0.3624 -0.8448 0.004800
615.00 C 20260918 3.90 4.15 325 1322 0.3592 0.1500 0.004200
615.00 P 20260918 65.35 70.55 6 1070 0.3629 -0.8634 0.004500
620.00 C 20260918 3.40 3.65 416 2797 0.3621 0.1340 0.003900
620.00 P 20260918 69.90 75.25 11 3166 0.3688 -0.8803 0.004100
625.00 C 20260918 2.98 3.15 192 5892 0.3642 0.1196 0.003600
625.00 P 20260918 74.60 80.65 50 511 0.3875 -0.8954 0.003800
630.00 C 20260918 2.58 2.81 276 4385 0.3676 0.1068 0.003300
630.00 P 20260918 79.35 85.25 18 2405 0.3929 -0.9090 0.003500
635.00 C 20260918 2.29 2.49 66 1346 0.3716 0.0954 0.003000
635.00 P 20260918 82.45 89.90 0 465 0.3617 -0.9211 0.003200
640.00 C 20260918 2.05 2.19 96 2920 0.3756 0.0852 0.002700
640.00 P 20260918 87.65 94.65 9 1232 0.3753 -0.9318 0.002900
645.00 C 20260918 1.78 1.88 10 1191 0.3772 0.0763 0.002500
645.00 P 20260918 91.95 98.85 5 731 0.3378 -0.9412 0.002700
650.00 C 20260918 1.60 1.67 2417 14940 0.3816 0.0684 0.002200
650.00 P 20260918 99.20 103.95 54 3913 0.4254 -0.9495 0.002400
655.00 C 20260918 1.39 1.49 13 4258 0.3848 0.0614 0.002000
655.00 P 20260918 101.70 109.15 15 310 0.3661 -0.9567 0.002200
660.00 C 20260918 1.23 1.39 475 2671 0.3905 0.0552 0.001900
660.00 P 20260918 108.05 113.65 2 923 0.4134 -0.9630 0.002000
665.00 C 20260918 1.08 1.24 47 1646 0.3939 0.0498 0.001700
665.00 P 20260918 111.55 118.50 5 525 -1.0000 -0.9684 0.001800
670.00 C 20260918 0.97 1.13 152 6387 0.3988 0.0451 0.001600
670.00 P 20260918 116.45 123.50 6 3094 -1.0000 -0.9731 0.001600
675.00 C 20260918 0.90 1.00 102 2995 0.4036 0.0409 0.001400
675.00 P 20260918 121.40 128.65 2 308 -1.0000 -0.9771 0.001400
680.00 C 20260918 0.82 0.91 82 5978 0.4086 0.0372 0.001300
680.00 P 20260918 126.40 134.15 1 686 0.4086 -0.9806 0.001200
685.00 C 20260918 0.77 0.83 25 1293 0.4146 0.0340 0.001200
685.00 P 20260918 131.55 139.20 0 50 0.4334 -0.9834 0.001100
690.00 C 20260918 0.66 0.78 95 2236 0.4185 0.0311 0.001100
690.00 P 20260918 136.45 144.10 2 312 0.4314 -0.9858 0.001000
695.00 C 20260918 0.58 0.70 63 1411 0.4215 0.0286 0.001000
695.00 P 20260918 141.50 149.15 0 53 0.4499 -0.9878 0.000800
700.00 C 20260918 0.60 0.65 350 11129 0.4306 0.0264 0.000900
700.00 P 20260918 147.10 154.05 2 720 0.4914 -0.9896 0.000800
705.00 C 20260918 0.50 0.60 41 2023 0.4327 0.0244 0.000900
705.00 P 20260918 151.50 159.15 0 11 0.4723 -0.9912 0.000700
710.00 C 20260918 0.49 0.54 62 2605 0.4387 0.0226 0.000800
710.00 P 20260918 156.50 164.15 0 187 0.4833 -0.9924 0.000600
715.00 C 20260918 0.43 0.52 11 1176 0.4436 0.0210 0.000700
715.00 P 20260918 161.50 169.15 0 0 0.4942 -0.9934 0.000500
720.00 C 20260918 0.44 0.50 50 3960 0.4528 0.0196 0.000700
720.00 P 20260918 166.50 174.15 522 174 0.5050 -0.9942 0.000400
725.00 C 20260918 0.39 0.45 36 1899 0.4554 0.0183 0.000600
725.00 P 20260918 171.50 179.15 0 6 0.5157 -0.9949 0.000400
730.00 C 20260918 0.36 0.44 7 4587 0.4619 0.0172 0.000600
730.00 P 20260918 176.45 184.05 2358 793 0.5124 -0.9956 0.000400
735.00 C 20260918 0.35 0.44 0 1220 0.4706 0.0161 0.000600
735.00 P 20260918 181.50 189.15 0 0 0.5367 -0.9962 0.000300
740.00 C 20260918 0.29 0.40 5 1684 0.4713 0.0151 0.000500
740.00 P 20260918 186.50 194.15 40 13 0.5471 -0.9967 0.000300
745.00 C 20260918 0.30 0.37 6 245 0.4786 0.0143 0.000500
745.00 P 20260918 191.50 199.15 0 1 0.5574 -0.9972 0.000200
750.00 C 20260918 0.25 0.35 14 11183 0.4858 0.0135 0.000500
750.00 P 20260918 196.50 203.55 169 56 -1.0000 -0.9975 0.000200
755.00 C 20260918 0.22 0.37 1 477 0.4886 0.0127 0.000400
755.00 P 20260918 201.50 209.15 0 0 0.5777 -0.9978 0.000200
760.00 C 20260918 0.25 0.31 24 3557 0.4942 0.0121 0.000400
760.00 P 20260918 206.50 214.15 84 28 0.5876 -0.9980 0.000200
765.00 C 20260918 0.24 0.32 25 381 0.5028 0.0114 0.000400
765.00 P 20260918 211.50 219.15 0 0 0.5975 -0.9982 0.000100
770.00 C 20260918 0.19 0.31 2 2453 0.5044 0.0109 0.000400
770.00 P 20260918 216.50 224.15 120 40 0.6073 -0.9984 0.000100
775.00 C 20260918 0.22 0.29 30 228 0.5140 0.0103 0.000400
775.00 P 20260918 221.50 229.15 0 0 0.6170 -0.9986 0.000100
780.00 C 20260918 0.17 0.30 1 3693 0.5172 0.0098 0.000300
780.00 P 20260918 226.50 233.55 132 37 -1.0000 -0.9988 0.000100
785.00 C 20260918 0.16 0.31 0 87 0.5254 0.0094 0.000300
785.00 P 20260918 231.50 239.15 0 0 0.6362 -0.9989 0.000100
790.00 C 20260918 0.15 0.28 45 1530 0.5281 0.0089 0.000300
790.00 P 20260918 236.45 244.05 888 296 0.6287 -0.9991 0.000100
795.00 C 20260918 0.18 0.29 0 138 0.5417 0.0085 0.000300
795.00 P 20260918 241.50 249.10 0 0 0.6502 -0.9992 0.000100
800.00 C 20260918 0.20 0.22 325 6789 0.5426 0.0081 0.000300
800.00 P 20260918 246.50 254.10 0 8 0.6594 -0.9993 0.000100
805.00 C 20260918 0.12 0.27 17 209 0.5458 0.0078 0.000200
805.00 P 20260918 251.50 259.10 0 0 0.6685 -0.9994 0.000100
810.00 C 20260918 0.14 0.25 0 861 0.5535 0.0074 0.000200
810.00 P 20260918 256.50 264.10 0 6 0.6775 -0.9994 0.000000
815.00 C 20260918 0.13 0.24 0 261 0.5579 0.0071 0.000200
815.00 P 20260918 261.50 269.10 0 0 0.6865 -0.9995 0.000000
820.00 C 20260918 0.14 0.21 17 1102 0.5621 0.0068 0.000200
820.00 P 20260918 266.50 273.70 424 141 0.6195 -0.9996 0.000000
825.00 C 20260918 0.10 0.18 1 145 0.5560 0.0066 0.000200
825.00 P 20260918 271.50 279.10 0 0 0.7042 -0.9996 0.000000
830.00 C 20260918 0.12 0.21 0 482 0.5733 0.0063 0.000200
830.00 P 20260918 276.50 284.10 0 1 0.7129 -0.9996 0.000000
835.00 C 20260918 0.11 0.21 1 569 0.5684 0.0060 0.000200
835.00 P 20260918 281.50 289.10 0 0 0.7216 -0.9997 0.000000
840.00 C 20260918 0.11 0.16 52 411 0.5756 0.0058 0.000200
840.00 P 20260918 286.50 294.10 0 0 0.7302 -0.9997 0.000000
845.00 C 20260918 0.08 0.22 0 29 0.5891 0.0056 0.000200
845.00 P 20260918 291.50 299.10 0 0 0.7387 -0.9997 0.000000
850.00 C 20260918 0.09 0.16 71 11139 0.5851 0.0054 0.000200
850.00 P 20260918 296.50 304.10 0 0 0.7472 -0.9998 0.000000
855.00 C 20260918 0.08 0.19 17 165 0.5967 0.0052 0.000200
855.00 P 20260918 301.50 309.10 0 0 0.7556 -0.9998 0.000000
860.00 C 20260918 0.09 0.19 0 528 0.6059 0.0050 0.000200
860.00 P 20260918 306.50 314.10 0 0 0.7640 -0.9998 0.000000
865.00 C 20260918 0.07 0.19 0 95 0.6082 0.0048 0.000100
865.00 P 20260918 311.50 319.10 0 0 0.7723 -0.9998 0.000000
870.00 C 20260918 0.09 0.16 17 389 0.6126 0.0046 0.000100
870.00 P 20260918 316.50 324.15 0 0 0.7869 -0.9999 0.000000
875.00 C 20260918 0.06 0.19 0 169 0.6193 0.0044 0.000100
875.00 P 20260918 321.50 329.15 0 0 0.7951 -0.9999 0.000000
880.00 C 20260918 0.07 0.14 7 443 0.6153 0.0043 0.000100
880.00 P 20260918 326.50 334.15 0 0 0.8032 -0.9999 0.000000
885.00 C 20260918 0.07 0.18 17 46 0.6327 0.0042 0.000100
885.00 P 20260918 331.50 339.15 0 0 0.8113 -0.9999 0.000000
890.00 C 20260918 0.07 0.16 0 512 0.6340 0.0040 0.000100
890.00 P 20260918 336.50 344.15 0 0 0.8194 -0.9999 0.000000
895.00 C 20260918 0.05 0.13 0 75 0.6255 0.0039 0.000100
895.00 P 20260918 341.50 349.15 0 0 0.8274 -0.9999 0.000000
900.00 C 20260918 0.07 0.13 19 3716 0.6383 0.0037 0.000100
900.00 P 20260918 346.50 354.15 0 0 0.8353 -0.9999 0.000000
905.00 C 20260918 0.04 0.16 0 42 0.6446 0.0036 0.000100
905.00 P 20260918 351.50 359.15 0 0 0.8432 -0.9999 0.000000
910.00 C 20260918 0.05 0.13 0 378 0.6444 0.0035 0.000100
910.00 P 20260918 356.50 364.15 0 0 0.8510 -0.9999 0.000000
915.00 C 20260918 0.04 0.16 0 61 0.6572 0.0034 0.000100
915.00 P 20260918 361.50 369.15 0 0 0.8588 -1.0000 0.000000
920.00 C 20260918 0.04 0.15 32 390 0.6602 0.0033 0.000100
920.00 P 20260918 366.50 374.15 0 0 0.8665 -1.0000 0.000000
925.00 C 20260918 0.03 0.20 0 22 0.6787 0.0032 0.000100
925.00 P 20260918 371.50 379.15 0 0 0.8742 -1.0000 0.000000
930.00 C 20260918 0.04 0.11 2 491 0.6579 0.0031 0.000100
930.00 P 20260918 376.50 384.15 0 0 0.8818 -1.0000 0.000000
935.00 C 20260918 0.02 0.26 0 10 0.7071 0.0030 0.000100
935.00 P 20260918 381.50 389.15 0 0 0.8894 -1.0000 0.000000
940.00 C 20260918 0.04 0.17 1 394 0.6912 0.0029 0.000100
940.00 P 20260918 386.50 394.15 0 0 0.8969 -1.0000 0.000000
945.00 C 20260918 0.02 0.15 15 24 0.6835 0.0028 0.000100
945.00 P 20260918 391.50 399.15 0 0 0.9044 -1.0000 0.000000
950.00 C 20260918 0.06 0.25 10 1383 0.7306 0.0027 0.000100
950.00 P 20260918 396.50 404.15 0 0 0.9118 -1.0000 0.000000
955.00 C 20260918 0.03 0.16 4 299 0.7025 0.0026 0.000100
955.00 P 20260918 401.50 409.15 0 0 0.9192 -1.0000 0.000000
960.00 C 20260918 0.02 0.09 6 375 0.6746 0.0026 0.000100
960.00 P 20260918 406.50 414.15 0 0 0.9265 -1.0000 0.000000
965.00 C 20260918 0.01 0.18 1 120 0.7143 0.0025 0.000100
965.00 P 20260918 411.50 419.15 0 0 0.9338 -1.0000 0.000000
970.00 C 20260918 0.01 0.21 4 136 0.7301 0.0024 0.000100
970.00 P 20260918 416.50 424.15 0 0 0.9411 -1.0000 0.000000
975.00 C 20260918 0.01 0.18 13 42 0.7259 0.0024 0.000100
975.00 P 20260918 421.50 429.15 0 0 0.9483 -1.0000 0.000000
980.00 C 20260918 0.02 0.09 6 478 0.6969 0.0023 0.000100
980.00 P 20260918 426.50 434.15 0 0 0.9554 -1.0000 0.000000
985.00 C 20260918 0.05 0.17 14 76 0.7475 0.0022 0.000100
985.00 P 20260918 431.50 439.15 0 0 0.9626 -1.0000 0.000000
990.00 C 20260918 0.01 0.18 6 1205 0.7430 0.0022 0.000100
990.00 P 20260918 436.50 444.15 0 0 0.9696 -1.0000 0.000000
995.00 C 20260918 0.01 0.15 22 246 0.7370 0.0021 0.000100
995.00 P 20260918 441.50 449.15 0 0 0.9767 -1.0000 0.000000
1000.00 C 20260918 0.01 0.08 466 4556 0.7067 0.0020 0.000100
1000.00 P 20260918 446.50 454.15 0 0 0.9837 -1.0000 0.000000
1010.00 C 20260918 0.01 0.15 9 3323 0.7536 0.0019 0.000000
1010.00 P 20260918 456.50 464.15 0 0 0.9975 -1.0000 0.000000
1020.00 C 20260918 0.01 0.06 119 1026 0.7130 0.0018 0.000000
1020.00 P 20260918 466.50 474.15 0 0 1.0112 -1.0000 0.000000
1030.00 C 20260918 0.00 0.56 0 769 0.8763 0.0018 0.000000
1030.00 P 20260918 476.50 484.15 0 0 1.0247 -1.0000 0.000000
1040.00 C 20260918 0.01 0.11 76 759 0.7663 0.0017 0.000000
1040.00 P 20260918 486.50 494.15 0 0 1.0381 -1.0000 0.000000
1050.00 C 20260918 0.00 0.17 11 485 0.8005 0.0016 0.000000
1050.00 P 20260918 496.50 504.15 0 0 1.0513 -1.0000 0.000000
1060.00 C 20260918 0.00 0.59 1 1019 0.9160 0.0015 0.000000
1060.00 P 20260918 506.50 514.15 0 0 1.0644 -1.0000 0.000000
1070.00 C 20260918 0.01 0.14 85 824 0.8122 0.0014 0.000000
1070.00 P 20260918 516.50 524.15 0 0 1.0773 -1.0000 0.000000
1080.00 C 20260918 0.00 0.12 0 528 0.8067 0.0014 0.000000
1080.00 P 20260918 526.50 534.15 0 0 1.0901 -1.0000 0.000000
1090.00 C 20260918 0.00 0.15 0 1880 0.8322 0.0013 0.000000
1090.00 P 20260918 536.50 544.15 0 0 1.1027 -1.0000 0.000000
1100.00 C 20260918 0.00 0.07 98 2802 0.7910 0.0012 0.000000
1100.00 P 20260918 546.50 554.15 0 0 1.1153 -1.0000 0.000000
1110.00 C 20260918 0.01 0.12 18 387 0.8415 0.0012 0.000000
1110.00 P 20260918 556.50 564.15 0 0 1.1277 -1.0000 0.000000
1120.00 C 20260918 0.01 0.11 75 306 0.8454 0.0011 0.000000
1120.00 P 20260918 566.50 574.15 0 0 1.1399 -1.0000 0.000000
1130.00 C 20260918 0.01 0.11 19 805 0.8548 0.0011 0.000000
1130.00 P 20260918 576.50 584.15 0 0 1.1521 -1.0000 0.000000
1140.00 C 20260918 0.01 0.09 117 619 0.8513 0.0010 0.000000
1140.00 P 20260918 586.50 594.15 0 0 1.1641 -1.0000 0.000000
1150.00 C 20260918 0.01 0.03 470 589 0.8024 0.0010 0.000000
1150.00 P 20260918 596.50 604.15 0 0 1.1760 -1.0000 0.000000
1160.00 C 20260918 0.01 0.05 562 1649 0.8355 0.0010 0.000000
1160.00 P 20260918 606.50 614.15 0 0 1.1878 -1.0000 0.000000
1170.00 C 20260918 0.02 0.08 10 1047 0.8784 0.0009 0.000000
1170.00 P 20260918 616.50 624.15 0 0 1.1995 -1.0000 0.000000
1180.00 C 20260918 0.02 0.07 262 341 0.8798 0.0009 0.000000
1180.00 P 20260918 626.50 634.15 0 0 1.2110 -1.0000 0.000000
1190.00 C 20260918 0.01 0.04 85 1514 0.8497 0.0009 0.000000
1190.00 P 20260918 636.50 644.15 0 0 1.2224 -1.0000 0.000000
1200.00 C 20260918 0.01 0.05 0 487 0.8696 0.0008 0.000000
1200.00 P 20260918 646.50 654.15 0 0 1.2337 -1.0000 0.000000
1210.00 C 20260918 0.00 0.04 0 1555 0.8524 0.0008 0.000000
1210.00 P 20260918 656.50 664.15 0 0 1.2450 -1.0000 0.000000
1220.00 C 20260918 0.00 0.08 144 528 0.9058 0.0008 0.000000
1220.00 P 20260918 666.50 674.15 0 0 1.2561 -1.0000 0.000000
1230.00 C 20260918 0.00 0.05 0 60 0.8824 0.0007 0.000000
1230.00 P 20260918 676.50 684.15 0 0 1.2671 -1.0000 0.000000
1240.00 C 20260918 0.01 0.08 254 1066 0.9308 0.0007 0.000000
1240.00 P 20260918 686.50 694.15 0 0 1.2780 -1.0000 0.000000
1250.00 C 20260918 0.00 0.05 0 306 0.8984 0.0007 0.000000
1250.00 P 20260918 696.50 704.15 0 0 1.2888 -1.0000 0.000000
1260.00 C 20260918 0.00 0.09 21 559 0.9472 0.0007 0.000000
1260.00 P 20260918 706.50 714.15 0 0 1.2996 -1.0000 0.000000
1270.00 C 20260918 0.00 0.05 20 292 0.9140 0.0006 0.000000
1270.00 P 20260918 716.50 724.15 0 0 1.3102 -1.0000 0.000000
1280.00 C 20260918 0.00 0.15 51 696 1.0037 0.0006 0.000000
1280.00 P 20260918 726.50 734.15 0 0 1.3208 -1.0000 0.000000
1290.00 C 20260918 0.01 0.10 194 639 0.9866 0.0006 0.000000
1290.00 P 20260918 736.50 744.15 0 0 1.3312 -1.0000 0.000000
1300.00 C 20260918 0.00 0.05 2 2530 0.9370 0.0006 0.000000
1300.00 P 20260918 746.50 754.15 0 0 1.3416 -1.0000 0.000000
1310.00 C 20260918 0.01 0.06 256 1251 0.9681 0.0006 0.000000
1310.00 P 20260918 756.50 764.15 0 0 1.3519 -1.0000 0.000000
1320.00 C 20260918 0.01 0.10 332 1260 0.9647 0.0005 0.000000
1320.00 P 20260918 766.50 774.15 0 0 1.3621 -1.0000 0.000000
1330.00 C 20260918 0.00 0.78 0 883 1.2176 0.0005 0.000000
1330.00 P 20260918 776.50 784.15 0 0 1.3722 -1.0000 0.000000
1340.00 C 20260918 0.00 0.29 807 2226 1.1134 0.0005 0.000000
1340.00 P 20260918 786.50 794.15 0 0 1.3822 -1.0000 0.000000
1350.00 C 20260918 0.00 0.05 20 765 0.9740 0.0005 0.000000
1350.00 P 20260918 796.50 804.15 0 0 1.3922 -1.0000 0.000000
1360.00 C 20260918 0.00 0.15 0 280 1.0672 0.0005 0.000000
1360.00 P 20260918 806.50 814.15 0 0 1.4020 -1.0000 0.000000
1370.00 C 20260918 0.00 0.01 167 1157 0.8907 0.0005 0.000000
1370.00 P 20260918 816.50 824.15 0 0 1.4118 -1.0000 0.000000
1380.00 C 20260918 0.00 0.08 0 627 1.0303 0.0004 0.000000
1380.00 P 20260918 826.50 834.15 0 0 1.4215 -1.0000 0.000000
1390.00 C 20260918 0.00 0.08 0 888 1.0375 0.0004 0.000000
1390.00 P 20260918 836.50 844.15 0 0 1.4312 -1.0000 0.000000
1400.00 C 20260918 0.00 0.01 0 829 0.9100 0.0004 0.000000
1400.00 P 20260918 846.50 854.15 0 0 1.4407 -1.0000 0.000000
1410.00 C 20260918 0.00 0.07 0 1901 1.0414 0.0004 0.000000
1410.00 P 20260918 856.50 864.15 0 0 1.4502 -1.0000 0.000000
1420.00 C 20260918 0.00 0.01 191 1895 0.9227 0.0004 0.000000
1420.00 P 20260918 866.50 874.15 0 0 1.4596 -1.0000 0.000000
1430.00 C 20260918 0.00 0.82 0 1557 1.3092 0.0004 0.000000
1430.00 P 20260918 876.50 884.15 0 0 1.4690 -1.0000 0.000000
1440.00 C 20260918 0.00 0.08 415 3391 1.0728 0.0004 0.000000
1440.00 P 20260918 886.50 894.15 0 0 1.4783 -1.0000 0.000000
1450.00 C 20260918 0.00 0.01 486 1848 0.9413 0.0004 0.000000
1450.00 P 20260918 896.50 904.15 0 0 1.4875 -1.0000 0.000000
1460.00 C 20260918 0.00 0.08 22 637 1.0865 0.0004 0.000000
1460.00 P 20260918 906.50 914.15 0 0 1.4966 -1.0000 0.000000
1470.00 C 20260918 0.00 0.01 0 1009 0.9535 0.0003 0.000000
1470.00 P 20260918 916.50 924.15 0 0 1.5057 -1.0000 0.000000
1480.00 C 20260918 0.00 0.01 122 11305 0.9595 0.0003 0.000000
1480.00 P 20260918 926.50 934.15 0 0 1.5147 -1.0000 0.000000
100.00 C 20260925 446.20 453.80 0 0 -1.0000 1.0000 0.000000
100.00 P 20260925 0.00 0.99 0 0 2.3460 -0.0001 0.000000
110.00 C 20260925 436.20 443.80 0 0 -1.0000 1.0000 0.000000
110.00 P 20260925 0.00 1.02 0 0 2.2245 -0.0001 0.000000
120.00 C 20260925 426.25 433.85 0 0 -1.0000 0.9999 0.000000
120.00 P 20260925 0.00 1.02 0 0 2.1063 -0.0002 0.000000
130.00 C 20260925 416.25 423.85 0 0 -1.0000 0.9999 0.000000
130.00 P 20260925 0.00 1.02 0 0 1.9981 -0.0002 0.000000
140.00 C 20260925 406.30 413.90 0 0 -1.0000 0.9999 0.000000
140.00 P 20260925 0.00 1.02 0 0 1.8984 -0.0002 0.000000
150.00 C 20260925 396.30 403.95 0 0 -1.0000 0.9999 0.000000
150.00 P 20260925 0.00 1.02 0 0 1.8060 -0.0002 0.000000
160.00 C 20260925 386.35 393.95 0 0 -1.0000 0.9998 0.000000
160.00 P 20260925 0.00 1.02 0 0 1.7199 -0.0003 0.000000
170.00 C 20260925 376.35 384.00 0 0 -1.0000 0.9998 0.000000
170.00 P 20260925 0.00 1.02 0 0 1.6392 -0.0003 0.000000
180.00 C 20260925 366.40 374.00 0 0 -1.0000 0.9997 0.000000
180.00 P 20260925 0.00 1.02 0 0 1.5633 -0.0004 0.000000
190.00 C 20260925 356.40 364.05 0 0 -1.0000 0.9997 0.000000
190.00 P 20260925 0.00 1.01 0 0 1.4898 -0.0004 0.000000
200.00 C 20260925 346.45 354.05 0 0 -1.0000 0.9996 0.000000
200.00 P 20260925 0.00 0.99 0 129 1.4184 -0.0005 0.000000
210.00 C 20260925 336.50 344.10 0 0 -1.0000 0.9996 0.000000
210.00 P 20260925 0.00 0.96 3 139 1.3489 -0.0006 0.000000
220.00 C 20260925 326.50 334.10 0 0 -1.0000 0.9995 0.000000
220.00 P 20260925 0.00 0.94 0 36 1.2844 -0.0007 0.000000
230.00 C 20260925 316.55 324.15 0 0 -1.0000 0.9994 0.000000
230.00 P 20260925 0.00 0.91 0 46 1.2213 -0.0008 0.000000
240.00 C 20260925 306.55 314.20 0 0 -1.0000 0.9993 0.000000
240.00 P 20260925 0.00 0.88 0 16 1.1610 -0.0009 0.000000
250.00 C 20260925 296.60 304.20 0 0 -1.0000 0.9991 0.000000
250.00 P 20260925 0.00 0.84 0 45 1.1015 -0.0010 0.000000
260.00 C 20260925 286.65 294.25 0 2 -1.0000 0.9990 0.000000
260.00 P 20260925 0.00 0.79 0 0 1.0428 -0.0012 0.000000
270.00 C 20260925 276.65 284.30 0 0 -1.0000 0.9988 0.000000
270.00 P 20260925 0.00 0.74 0 1 0.9863 -0.0013 0.000000
280.00 C 20260925 266.70 274.30 0 0 -1.0000 0.9987 0.000000
280.00 P 20260925 0.00 0.69 0 0 0.9318 -0.0015 0.000000
290.00 C 20260925 256.75 264.35 0 0 -1.0000 0.9984 0.000000
290.00 P 20260925 0.00 0.62 0 0 0.8758 -0.0018 0.000000
300.00 C 20260925 246.80 254.40 0 0 -1.0000 0.9982 0.000000
300.00 P 20260925 0.00 0.55 0 103 0.8212 -0.0020 0.000000
310.00 C 20260925 236.80 244.45 0 0 -1.0000 0.9979 0.000100
310.00 P 20260925 0.00 0.47 4 40 0.7661 -0.0023 0.000100
320.00 C 20260925 226.85 234.50 0 0 -1.0000 0.9976 0.000100
320.00 P 20260925 0.00 0.39 2 6 0.7117 -0.0027 0.000100
330.00 C 20260925 216.90 224.50 0 0 -1.0000 0.9972 0.000100
330.00 P 20260925 0.00 0.19 7 4 0.6239 -0.0031 0.000100
340.00 C 20260925 206.95 214.55 0 0 -1.0000 0.9967 0.000100
340.00 P 20260925 0.01 0.21 1 9 0.5995 -0.0036 0.000100
350.00 C 20260925 196.95 204.60 0 0 -1.0000 0.9961 0.000100
350.00 P 20260925 0.01 0.22 0 7 0.5691 -0.0042 0.000100
360.00 C 20260925 187.00 194.65 0 0 -1.0000 0.9955 0.000100
360.00 P 20260925 0.01 0.25 3 17 0.5439 -0.0049 0.000100
370.00 C 20260925 177.10 184.70 0 0 -1.0000 0.9946 0.000200
370.00 P 20260925 0.01 0.28 0 9 0.5183 -0.0057 0.000200
380.00 C 20260925 167.15 174.80 0 0 -1.0000 0.9935 0.000200
380.00 P 20260925 0.08 0.24 0 12 0.4924 -0.0068 0.000200
390.00 C 20260925 157.20 164.85 0 0 -1.0000 0.9922 0.000300
390.00 P 20260925 0.03 0.36 0 6 0.4723 -0.0083 0.000300
400.00 C 20260925 147.30 154.95 1 1 -1.0000 0.9902 0.000300
400.00 P 20260925 0.09 0.40 0 30 0.4541 -0.0102 0.000400
405.00 C 20260925 142.35 150.00 0 0 -1.0000 0.9890 0.000400
405.00 P 20260925 0.17 0.47 6 18 0.4543 -0.0115 0.000400
410.00 C 20260925 137.40 145.05 0 0 -1.0000 0.9876 0.000400
410.00 P 20260925 0.21 0.52 1 34 0.4464 -0.0130 0.000400
415.00 C 20260925 132.50 140.10 0 0 -1.0000 0.9859 0.000500
415.00 P 20260925 0.24 0.55 1 41 0.4352 -0.0147 0.000500
420.00 C 20260925 127.55 135.20 0 0 -1.0000 0.9838 0.000600
420.00 P 20260925 0.25 0.59 1 42 0.4230 -0.0168 0.000600
425.00 C 20260925 122.65 130.30 0 0 0.3326 0.9814 0.000600
425.00 P 20260925 0.43 0.65 4 28 0.4228 -0.0192 0.000700
430.00 C 20260925 118.45 125.40 0 0 0.4060 0.9785 0.000700
430.00 P 20260925 0.48 0.74 1 41 0.4144 -0.0222 0.000800
435.00 C 20260925 113.50 120.50 0 0 0.3964 0.9751 0.000800
435.00 P 20260925 0.44 0.87 0 11 0.4026 -0.0257 0.000900
440.00 C 20260925 109.10 115.65 0 11 0.4130 0.9710 0.001000
440.00 P 20260925 0.67 1.00 1 9 0.4026 -0.0299 0.001000
445.00 C 20260925 103.80 110.80 0 0 0.3884 0.9661 0.001100
445.00 P 20260925 0.84 1.12 22 19 0.3971 -0.0348 0.001100
450.00 C 20260925 99.15 106.00 0 9 0.3905 0.9604 0.001300
450.00 P 20260925 1.00 1.21 21 91 0.3886 -0.0405 0.001300
455.00 C 20260925 94.60 101.20 0 0 0.3920 0.9537 0.001500
455.00 P 20260925 1.18 1.38 5 64 0.3823 -0.0473 0.001500
460.00 C 20260925 89.90 96.45 0 1 0.3878 0.9460 0.001700
460.00 P 20260925 1.40 1.73 3 33 0.3804 -0.0551 0.001700
465.00 C 20260925 85.05 91.80 0 0 0.3806 0.9370 0.001900
465.00 P 20260925 1.70 2.08 9 56 0.3782 -0.0642 0.002000
470.00 C 20260925 80.30 87.15 0 2 0.3740 0.9266 0.002200
470.00 P 20260925 1.99 2.37 6 31 0.3719 -0.0747 0.002200
475.00 C 20260925 75.80 82.55 11 3 0.3718 0.9147 0.002500
475.00 P 20260925 2.39 2.66 26 195 0.3662 -0.0867 0.002500
480.00 C 20260925 71.40 78.10 0 2 0.3712 0.9012 0.002800
480.00 P 20260925 2.84 3.20 36 188 0.3641 -0.1003 0.002800
485.00 C 20260925 68.10 72.50 0 0 0.3674 0.8859 0.003100
485.00 P 20260925 3.35 3.70 15 77 0.3598 -0.1156 0.003200
490.00 C 20260925 61.75 68.00 1 3 0.3332 0.8688 0.003500
490.00 P 20260925 3.95 4.40 141 261 0.3576 -0.1328 0.003500
495.00 C 20260925 57.50 63.75 0 8 0.3332 0.8498 0.003800
495.00 P 20260925 4.75 5.25 24 264 0.3574 -0.1519 0.003900
500.00 C 20260925 53.40 59.80 0 9 0.3359 0.8288 0.004200
500.00 P 20260925 5.75 6.00 259 618 0.3556 -0.1730 0.004200
505.00 C 20260925 49.35 55.85 7 1 0.3358 0.8059 0.004600
505.00 P 20260925 6.55 6.90 67 219 0.3509 -0.1961 0.004600
510.00 C 20260925 45.75 52.00 10 3 0.3385 0.7810 0.004900
510.00 P 20260925 7.65 8.10 116 421 0.3511 -0.2211 0.005000
515.00 C 20260925 42.00 48.25 5 5 0.3376 0.7543 0.005300
515.00 P 20260925 8.95 9.50 101 382 0.3504 -0.2479 0.005300
520.00 C 20260925 39.30 44.55 10 20 0.3438 0.7260 0.005600
520.00 P 20260925 10.35 10.95 143 2687 0.3494 -0.2764 0.005600
525.00 C 20260925 37.35 40.45 0 11 0.3497 0.6961 0.005900
525.00 P 20260925 11.95 12.55 54 458 0.3488 -0.3063 0.005900
530.00 C 20260925 34.25 37.10 10 46 0.3492 0.6651 0.006100
530.00 P 20260925 13.70 14.35 38 586 0.3484 -0.3375 0.006200
535.00 C 20260925 31.30 33.95 2 16 0.3488 0.6330 0.006300
535.00 P 20260925 15.60 16.30 17 320 0.3478 -0.3697 0.006400
540.00 C 20260925 28.70 31.00 34 110 0.3502 0.6003 0.006500
540.00 P 20260925 17.80 18.45 39 501 0.3485 -0.4026 0.006500
545.00 C 20260925 26.35 27.55 100 235 0.3471 0.5672 0.006600
545.00 P 20260925 20.00 20.75 32 304 0.3477 -0.4360 0.006700
550.00 C 20260925 24.00 24.85 117 240 0.3472 0.5339 0.006700
550.00 P 20260925 22.50 23.35 63 577 0.3489 -0.4696 0.006700
555.00 C 20260925 21.75 22.55 80 96 0.3484 0.5006 0.006700
555.00 P 20260925 24.95 26.10 6 193 0.3484 -0.5030 0.006800
560.00 C 20260925 19.80 20.35 62 117 0.3502 0.4678 0.006700
560.00 P 20260925 27.90 28.75 26 321 0.3482 -0.5362 0.006700
565.00 C 20260925 17.60 18.35 22 134 0.3492 0.4356 0.006600
565.00 P 20260925 29.90 32.75 4 154 0.3488 -0.5688 0.006700
570.00 C 20260925 15.80 16.50 46 118 0.3500 0.4041 0.006500
570.00 P 20260925 33.00 35.05 3 238 0.3422 -0.6005 0.006600
575.00 C 20260925 14.25 14.90 83 109 0.3524 0.3737 0.006300
575.00 P 20260925 36.25 39.45 0 111 0.3506 -0.6314 0.006400
580.00 C 20260925 12.65 13.30 117 273 0.3522 0.3446 0.006100
580.00 P 20260925 39.60 43.10 2 88 0.3518 -0.6610 0.006200
585.00 C 20260925 11.25 11.95 31 432 0.3534 0.3168 0.005900
585.00 P 20260925 43.05 46.85 3 178 0.3525 -0.6894 0.006000
590.00 C 20260925 10.05 10.70 607 316 0.3550 0.2904 0.005700
590.00 P 20260925 46.45 51.70 9 550 0.3600 -0.7163 0.005800
595.00 C 20260925 8.90 9.55 40 293 0.3560 0.2657 0.005400
595.00 P 20260925 50.35 55.60 3 114 0.3618 -0.7417 0.005600
600.00 C 20260925 8.00 8.50 578 929 0.3581 0.2426 0.005100
600.00 P 20260925 54.20 58.70 0 89 0.3534 -0.7655 0.005300
605.00 C 20260925 7.05 7.65 393 130 0.3599 0.2211 0.004800
605.00 P 20260925 58.30 64.10 0 19 0.3677 -0.7877 0.005000
610.00 C 20260925 6.25 6.65 33 365 0.3598 0.2013 0.004600
610.00 P 20260925 62.50 67.95 2 9 0.3659 -0.8084 0.004800
615.00 C 20260925 5.55 5.95 73 231 0.3620 0.1829 0.004300
615.00 P 20260925 66.80 72.90 0 8 0.3754 -0.8276 0.004500
620.00 C 20260925 4.90 5.45 30 257 0.3655 0.1661 0.004000
620.00 P 20260925 71.20 76.70 0 75 0.3712 -0.8452 0.004200
625.00 C 20260925 4.35 4.85 23 174 0.3674 0.1508 0.003700
625.00 P 20260925 75.65 81.70 2 7 0.3806 -0.8615 0.004000
630.00 C 20260925 3.80 4.45 112 154 0.3705 0.1367 0.003500
630.00 P 20260925 80.35 85.70 0 11 0.3789 -0.8765 0.003700
635.00 C 20260925 3.30 4.00 2 75 0.3720 0.1240 0.003200
635.00 P 20260925 84.75 90.80 1 22 0.3868 -0.8902 0.003500
640.00 C 20260925 3.00 3.50 15 381 0.3743 0.1124 0.003000
640.00 P 20260925 89.20 95.50 0 39 0.3882 -0.9027 0.003300
645.00 C 20260925 2.71 3.20 5 70 0.3787 0.1019 0.002800
645.00 P 20260925 92.95 99.80 1 19 0.3663 -0.9142 0.003000
650.00 C 20260925 2.50 2.74 23 613 0.3805 0.0924 0.002600
650.00 P 20260925 97.70 104.95 3 13 0.3774 -0.9245 0.002800
655.00 C 20260925 2.20 2.54 4 480 0.3842 0.0838 0.002400
655.00 P 20260925 102.50 109.75 0 47 0.3811 -0.9339 0.002600
660.00 C 20260925 1.97 2.19 19 147 0.3851 0.0761 0.002200
660.00 P 20260925 107.30 114.35 0 10 0.3774 -0.9425 0.002400
665.00 C 20260925 1.77 2.13 41 40 0.3917 0.0691 0.002000
665.00 P 20260925 112.15 119.10 0 53 0.3766 -0.9501 0.002200
670.00 C 20260925 1.58 1.87 1 53 0.3932 0.0628 0.001800
670.00 P 20260925 117.00 124.10 0 53 0.3826 -0.9568 0.002000
675.00 C 20260925 1.46 1.68 12 35 0.3971 0.0572 0.001700
675.00 P 20260925 121.90 128.50 0 2 0.3544 -0.9628 0.001800
680.00 C 20260925 1.30 1.50 10 212 0.3992 0.0522 0.001600
680.00 P 20260925 126.80 133.55 0 1 0.3598 -0.9681 0.001700
685.00 C 20260925 1.20 1.32 6 51 0.4020 0.0477 0.001400
685.00 P 20260925 131.75 138.90 0 2 0.3940 -0.9728 0.001500
690.00 C 20260925 0.96 1.25 0 128 0.4029 0.0436 0.001300
690.00 P 20260925 136.65 143.70 0 7 0.3800 -0.9768 0.001400
695.00 C 20260925 0.91 1.29 0 18 0.4129 0.0400 0.001200
695.00 P 20260925 141.60 149.30 0 7 0.4286 -0.9803 0.001200
700.00 C 20260925 0.90 1.00 343 544 0.4124 0.0367 0.001100
700.00 P 20260925 146.55 154.25 1 1 0.4339 -0.9833 0.001100
705.00 C 20260925 0.80 0.98 0 34 0.4178 0.0338 0.001000
705.00 P 20260925 151.55 159.20 0 0 0.4415 -0.9858 0.000900
710.00 C 20260925 0.74 1.04 2 34 0.4275 0.0312 0.001000
710.00 P 20260925 156.50 164.15 0 0 0.4458 -0.9880 0.000800
715.00 C 20260925 0.65 0.82 6 15 0.4238 0.0288 0.000900
715.00 P 20260925 161.50 169.15 0 0 0.4558 -0.9899 0.000700
720.00 C 20260925 0.64 0.77 4 14 0.4303 0.0267 0.000800
720.00 P 20260925 166.50 174.15 0 0 0.4657 -0.9915 0.000600
725.00 C 20260925 0.56 0.71 0 262 0.4325 0.0248 0.000800
725.00 P 20260925 171.50 179.15 0 0 0.4755 -0.9929 0.000600
730.00 C 20260925 0.52 0.70 0 3 0.4388 0.0231 0.000700
730.00 P 20260925 176.50 184.15 0 0 0.4852 -0.9939 0.000500
735.00 C 20260925 0.51 0.66 0 13 0.4449 0.0215 0.000700
735.00 P 20260925 181.50 189.15 0 0 0.4948 -0.9948 0.000400
740.00 C 20260925 0.47 0.56 2 57 0.4454 0.0201 0.000600
740.00 P 20260925 186.50 194.15 0 0 0.5043 -0.9956 0.000400
745.00 C 20260925 0.43 0.57 0 8 0.4520 0.0189 0.000600
745.00 P 20260925 191.50 199.15 0 0 0.5137 -0.9963 0.000300
750.00 C 20260925 0.40 0.49 3 44 0.4537 0.0177 0.000600
750.00 P 20260925 196.50 204.15 0 0 0.5230 -0.9969 0.000300
755.00 C 20260925 0.37 0.48 0 17 0.4591 0.0167 0.000500
755.00 P 20260925 201.50 209.15 0 0 0.5322 -0.9974 0.000200
760.00 C 20260925 0.22 0.48 0 11 0.4547 0.0157 0.000500
760.00 P 20260925 206.50 214.15 0 0 0.5414 -0.9978 0.000200
765.00 C 20260925 0.23 0.59 0 13 0.4723 0.0148 0.000500
765.00 P 20260925 211.50 219.15 0 0 0.5504 -0.9981 0.000200
770.00 C 20260925 0.27 0.41 1 10 0.4686 0.0140 0.000400
770.00 P 20260925 216.50 224.15 0 0 0.5594 -0.9984 0.000100
775.00 C 20260925 0.20 0.54 0 9 0.4816 0.0133 0.000400
775.00 P 20260925 221.50 229.15 0 0 0.5684 -0.9986 0.000100
780.00 C 20260925 0.17 0.52 0 5 0.4850 0.0126 0.000400
780.00 P 20260925 226.50 234.15 0 0 0.5772 -0.9988 0.000100
785.00 C 20260925 0.18 0.38 0 8 0.4799 0.0120 0.000400
785.00 P 20260925 231.50 239.15 0 0 0.5860 -0.9989 0.000100
790.00 C 20260925 0.16 0.35 2 6 0.4818 0.0114 0.000400
790.00 P 20260925 236.50 244.15 0 0 0.5947 -0.9991 0.000100
795.00 C 20260925 0.14 0.36 2 5 0.4880 0.0108 0.000300
795.00 P 20260925 241.50 249.15 0 0 0.6033 -0.9992 0.000100
800.00 C 20260925 0.16 0.33 0 83 0.4940 0.0103 0.000300
800.00 P 20260925 246.50 254.15 0 0 0.6118 -0.9994 0.000100
805.00 C 20260925 0.18 0.31 6 5 0.5011 0.0099 0.000300
805.00 P 20260925 251.50 259.15 0 0 0.6203 -0.9995 0.000000
810.00 C 20260925 0.17 0.30 0 12 0.5057 0.0094 0.000300
810.00 P 20260925 256.50 264.15 0 0 0.6287 -0.9996 0.000000
815.00 C 20260925 0.09 0.34 14 15 0.5075 0.0090 0.000300
815.00 P 20260925 261.50 269.15 0 0 0.6371 -0.9996 0.000000
820.00 C 20260925 0.10 0.28 4 6 0.5073 0.0086 0.000300
820.00 P 20260925 266.50 274.15 0 0 0.6453 -0.9997 0.000000
825.00 C 20260925 0.10 0.39 0 7 0.5290 0.0083 0.000200
825.00 P 20260925 271.50 279.15 0 0 0.6535 -0.9997 0.000000
830.00 C 20260925 0.09 0.28 4 10 0.5192 0.0080 0.000200
830.00 P 20260925 276.50 284.15 0 0 0.6617 -0.9997 0.000000
835.00 C 20260925 0.09 0.27 5 5 0.5242 0.0076 0.000200
835.00 P 20260925 281.50 289.15 0 0 0.6697 -0.9998 0.000000
840.00 C 20260925 0.08 0.25 16 48 0.5258 0.0074 0.000200
840.00 P 20260925 286.50 294.15 0 0 0.6778 -0.9998 0.000000
845.00 C 20260925 0.09 0.28 2 3 0.5389 0.0071 0.000200
845.00 P 20260925 291.50 299.15 0 0 0.6857 -0.9998 0.000000
850.00 C 20260925 0.08 0.29 3 8 0.5453 0.0068 0.000200
850.00 P 20260925 296.50 304.15 0 0 0.6936 -0.9998 0.000000
855.00 C 20260925 0.06 0.34 3 8 0.5565 0.0066 0.000200
855.00 P 20260925 301.50 309.15 0 0 0.7014 -0.9998 0.000000
860.00 C 20260925 0.05 0.26 7 8 0.5477 0.0063 0.000200
860.00 P 20260925 306.50 314.15 0 0 0.7092 -0.9999 0.000000
865.00 C 20260925 0.05 0.28 12 5 0.5576 0.0061 0.000200
865.00 P 20260925 311.50 319.15 0 0 0.7170 -0.9999 0.000000
870.00 C 20260925 0.06 0.23 1 1 0.5562 0.0059 0.000200
870.00 P 20260925 316.50 324.15 0 0 0.7246 -0.9999 0.000000
875.00 C 20260925 0.04 0.20 3 11 0.5516 0.0057 0.000200
875.00 P 20260925 321.50 329.15 0 0 0.7322 -0.9999 0.000000
880.00 C 20260925 0.06 0.29 20 18 0.5797 0.0055 0.000200
880.00 P 20260925 326.50 334.15 0 0 0.7397 -0.9999 0.000000
885.00 C 20260925 0.05 0.20 14 11 0.5659 0.0053 0.000100
885.00 P 20260925 331.50 339.15 0 0 0.7472 -1.0000 0.000000
890.00 C 20260925 0.07 0.22 4 9 0.5804 0.0051 0.000100
890.00 P 20260925 336.50 344.15 0 0 0.7546 -1.0000 0.000000
895.00 C 20260925 0.08 0.29 0 22 0.6014 0.0050 0.000100
895.00 P 20260925 341.50 349.15 0 0 0.7620 -1.0000 0.000000
900.00 C 20260925 0.07 0.16 10 16 0.5787 0.0048 0.000100
900.00 P 20260925 346.50 354.15 0 0 0.7693 -1.0000 0.000000
905.00 C 20260925 0.02 0.18 1 6 0.5765 0.0046 0.000100
905.00 P 20260925 351.50 359.15 0 0 0.7766 -1.0000 0.000000
910.00 C 20260925 0.06 0.21 3 4 0.5996 0.0045 0.000100
910.00 P 20260925 356.50 364.15 0 0 0.7838 -1.0000 0.000000
915.00 C 20260925 0.05 0.16 7 5 0.5906 0.0044 0.000100
915.00 P 20260925 361.50 369.15 0 0 0.7910 -1.0000 0.000000
920.00 C 20260925 0.03 0.26 2 52 0.6154 0.0042 0.000100
920.00 P 20260925 366.50 374.15 0 0 0.7981 -1.0000 0.000000
925.00 C 20260925 0.02 0.25 0 6 0.6167 0.0041 0.000100
925.00 P 20260925 371.50 379.15 0 0 0.8052 -1.0000 0.000000
930.00 C 20260925 0.03 0.25 8 5 0.6200 0.0040 0.000100
930.00 P 20260925 376.50 384.15 0 0 0.8122 -1.0000 0.000000
935.00 C 20260925 0.01 0.19 2 9 0.6099 0.0039 0.000100
935.00 P 20260925 381.50 389.15 0 0 0.8192 -1.0000 0.000000
940.00 C 20260925 0.02 0.24 6 21 0.6311 0.0037 0.000100
940.00 P 20260925 386.50 394.15 0 0 0.8261 -1.0000 0.000000
945.00 C 20260925 0.02 0.24 6 5 0.6366 0.0036 0.000100
945.00 P 20260925 391.50 399.15 0 0 0.8330 -1.0000 0.000000
950.00 C 20260925 0.01 0.23 6 11 0.6371 0.0035 0.000100
950.00 P 20260925 396.50 404.15 0 0 0.8398 -1.0000 0.000000
955.00 C 20260925 0.01 0.23 0 4 0.6425 0.0034 0.000100
955.00 P 20260925 401.50 409.15 0 0 0.8466 -1.0000 0.000000
960.00 C 20260925 0.01 0.23 0 10 0.6478 0.0033 0.000100
960.00 P 20260925 406.50 414.15 0 0 0.8534 -1.0000 0.000000
965.00 C 20260925 0.00 0.22 5 20 0.6477 0.0032 0.000100
965.00 P 20260925 411.50 419.15 0 0 0.8601 -1.0000 0.000000
970.00 C 20260925 0.01 0.22 0 13 0.6558 0.0032 0.000100
970.00 P 20260925 416.50 424.15 0 0 0.8668 -1.0000 0.000000
975.00 C 20260925 0.01 0.22 0 5 0.6610 0.0031 0.000100
975.00 P 20260925 421.50 429.15 0 0 0.8734 -1.0000 0.000000
980.00 C 20260925 0.01 0.21 0 9 0.6634 0.0030 0.000100
980.00 P 20260925 426.50 434.15 0 0 0.8800 -1.0000 0.000000
985.00 C 20260925 0.01 0.21 0 15 0.6686 0.0029 0.000100
985.00 P 20260925 431.50 439.15 0 0 0.8865 -1.0000 0.000000
990.00 C 20260925 0.00 0.21 0 4 0.6708 0.0028 0.000100
990.00 P 20260925 436.50 444.15 0 0 0.8930 -1.0000 0.000000
995.00 C 20260925 0.00 0.22 0 50 0.6817 0.0028 0.000100
995.00 P 20260925 441.50 449.15 0 0 0.8995 -1.0000 0.000000
1000.00 C 20260925 0.03 0.12 29 35 0.6604 0.0027 0.000100
1000.00 P 20260925 446.50 454.15 0 0 0.9059 -1.0000 0.000000
1010.00 C 20260925 0.01 0.18 8 28 0.6846 0.0026 0.000100
1010.00 P 20260925 456.50 464.15 0 0 0.9186 -1.0000 0.000000
1020.00 C 20260925 0.00 0.33 13 35 0.7319 0.0024 0.000100
1020.00 P 20260925 466.50 474.15 0 0 0.9312 -1.0000 0.000000
1030.00 C 20260925 0.01 0.19 8 24 0.7074 0.0023 0.000100
1030.00 P 20260925 476.50 484.15 0 0 0.9437 -1.0000 0.000000
1040.00 C 20260925 0.05 0.11 60 28 0.7028 0.0022 0.000100
1040.00 P 20260925 486.50 494.15 0 0 0.9560 -1.0000 0.000000
1050.00 C 20260925 0.03 0.11 145 193 0.7038 0.0021 0.000100
1050.00 P 20260925 496.50 504.15 0 0 0.9681 -1.0000 0.000000
1060.00 C 20260925 0.05 0.40 24 60 0.7178 0.0020 0.000000
1060.00 P 20260925 506.50 514.15 0 0 0.9802 -1.0000 0.000000
1070.00 C 20260925 0.00 0.53 0 97 0.8199 0.0019 0.000000
1070.00 P 20260925 516.50 524.15 0 0 0.9920 -1.0000 0.000000
100.00 C 20261002 446.20 453.80 0 0 -1.0000 1.0000 0.000000
100.00 P 20261002 0.00 1.02 0 0 2.1509 -0.0001 0.000000
110.00 C 20261002 436.20 443.80 0 0 -1.0000 1.0000 0.000000
110.00 P 20261002 0.00 1.02 0 0 2.0319 -0.0002 0.000000
120.00 C 20261002 426.25 433.85 0 0 -1.0000 1.0000 0.000000
120.00 P 20261002 0.00 1.02 0 0 1.9239 -0.0002 0.000000
130.00 C 20261002 416.25 423.90 0 0 -1.0000 1.0000 0.000000
130.00 P 20261002 0.00 1.02 0 0 1.8252 -0.0002 0.000000
140.00 C 20261002 406.30 413.90 0 0 -1.0000 0.9999 0.000000
140.00 P 20261002 0.00 1.02 0 0 1.7342 -0.0002 0.000000
150.00 C 20261002 396.30 403.95 0 0 -1.0000 0.9999 0.000000
150.00 P 20261002 0.00 1.02 0 0 1.6498 -0.0003 0.000000
160.00 C 20261002 386.35 393.95 0 0 -1.0000 0.9998 0.000000
160.00 P 20261002 0.00 1.02 0 0 1.5711 -0.0004 0.000000
170.00 C 20261002 376.35 384.00 0 0 -1.0000 0.9998 0.000000
170.00 P 20261002 0.00 1.02 0 0 1.4975 -0.0004 0.000000
180.00 C 20261002 366.40 374.00 0 0 -1.0000 0.9997 0.000000
180.00 P 20261002 0.00 1.00 0 0 1.4246 -0.0005 0.000000
190.00 C 20261002 356.45 364.05 0 0 -1.0000 0.9997 0.000000
190.00 P 20261002 0.00 0.98 0 0 1.3559 -0.0005 0.000000
200.00 C 20261002 346.50 354.10 0 0 -1.0000 0.9996 0.000000
200.00 P 20261002 0.00 0.95 0 0 1.2891 -0.0006 0.000000
210.00 C 20261002 336.55 344.15 0 0 -1.0000 0.9995 0.000000
210.00 P 20261002 0.00 0.91 0 0 1.2241 -0.0007 0.000000
220.00 C 20261002 326.60 334.20 0 0 -1.0000 0.9994 0.000000
220.00 P 20261002 0.00 0.87 0 0 1.1622 -0.0008 0.000000
230.00 C 20261002 316.65 324.25 0 0 -1.0000 0.9993 0.000000
230.00 P 20261002 0.00 0.83 0 0 1.1031 -0.0009 0.000000
240.00 C 20261002 306.70 314.30 0 0 -1.0000 0.9991 0.000000
240.00 P 20261002 0.00 0.79 0 0 1.0466 -0.0011 0.000000
250.00 C 20261002 296.75 304.35 0 0 -1.0000 0.9990 0.000000
250.00 P 20261002 0.00 0.74 0 0 0.9908 -0.0012 0.000000
260.00 C 20261002 286.80 294.40 0 2 -1.0000 0.9988 0.000000
260.00 P 20261002 0.00 0.68 0 0 0.9355 -0.0014 0.000000
270.00 C 20261002 276.85 284.50 0 0 -1.0000 0.9986 0.000000
270.00 P 20261002 0.00 0.62 0 0 0.8820 -0.0016 0.000000
280.00 C 20261002 266.90 274.55 0 0 -1.0000 0.9983 0.000000
280.00 P 20261002 0.00 0.21 0 0 0.8212 -0.0018 0.000000
290.00 C 20261002 256.95 264.60 0 0 -1.0000 0.9980 0.000000
290.00 P 20261002 0.00 0.16 0 0 0.6906 -0.0021 0.000000
300.00 C 20261002 250.00 254.65 0 0 0.9379 0.9977 0.000100
300.00 P 20261002 0.00 0.38 0 98 0.7190 -0.0024 0.000100
310.00 C 20261002 237.10 244.70 0 0 -1.0000 0.9974 0.000100
310.00 P 20261002 0.00 0.29 0 6 0.6656 -0.0028 0.000100
320.00 C 20261002 227.15 234.75 0 0 -1.0000 0.9969 0.000100
320.00 P 20261002 0.01 0.24 2 3 0.6194 -0.0032 0.000100
330.00 C 20261002 217.20 224.85 0 0 -1.0000 0.9964 0.000100
330.00 P 20261002 0.01 0.26 4 10 0.5920 -0.0038 0.000100
340.00 C 20261002 207.25 214.90 0 0 -1.0000 0.9958 0.000100
340.00 P 20261002 0.01 0.28 4 5 0.5648 -0.0044 0.000100
350.00 C 20261002 197.30 204.95 0 0 -1.0000 0.9951 0.000100
350.00 P 20261002 0.03 0.19 1 152 0.5180 -0.0051 0.000100
360.00 C 20261002 187.40 195.00 0 0 -1.0000 0.9942 0.000200
360.00 P 20261002 0.10 0.35 1 1 0.5301 -0.0060 0.000200
370.00 C 20261002 177.45 185.10 0 0 -1.0000 0.9930 0.000200
370.00 P 20261002 0.01 0.39 0 1 0.4923 -0.0072 0.000200
380.00 C 20261002 167.55 175.20 0 0 -1.0000 0.9915 0.000300
380.00 P 20261002 0.01 0.45 1 0 0.4705 -0.0087 0.000300
390.00 C 20261002 157.65 165.30 0 0 0.3534 0.9895 0.000300
390.00 P 20261002 0.07 0.52 0 1 0.4554 -0.0107 0.000300
400.00 C 20261002 147.75 155.40 0 1 0.3638 0.9868 0.000400
400.00 P 20261002 0.31 0.56 217 27 0.4494 -0.0134 0.000400
405.00 C 20261002 142.85 150.50 0 0 0.3786 0.9851 0.000500
405.00 P 20261002 0.19 0.70 0 16 0.4356 -0.0151 0.000500
410.00 C 20261002 137.95 145.55 0 0 0.3780 0.9831 0.000500
410.00 P 20261002 0.43 0.67 14 12 0.4340 -0.0171 0.000500
415.00 C 20261002 133.00 140.65 0 0 0.3748 0.9808 0.000600
415.00 P 20261002 0.46 0.75 0 0 0.4249 -0.0195 0.000600
420.00 C 20261002 129.20 135.75 0 0 0.4359 0.9780 0.000700
420.00 P 20261002 0.38 0.87 1 7 0.4116 -0.0223 0.000700
425.00 C 20261002 124.30 130.90 0 0 0.4279 0.9747 0.000800
425.00 P 20261002 0.47 0.80 0 25 0.3972 -0.0256 0.000800
430.00 C 20261002 120.20 125.65 0 0 0.4328 0.9709 0.000900
430.00 P 20261002 0.74 1.07 1 15 0.4057 -0.0294 0.000900
435.00 C 20261002 114.40 121.20 0 0 0.4063 0.9665 0.001000
435.00 P 20261002 0.70 1.24 2 20 0.3947 -0.0339 0.001000
440.00 C 20261002 109.45 116.40 0 0 0.3965 0.9613 0.001100
440.00 P 20261002 1.03 1.21 22 28 0.3891 -0.0391 0.001200
445.00 C 20261002 104.80 111.60 0 0 0.3946 0.9554 0.001300
445.00 P 20261002 1.05 1.56 20 25 0.3843 -0.0451 0.001300
450.00 C 20261002 100.20 106.90 0 0 0.3944 0.9485 0.001500
450.00 P 20261002 1.43 1.80 4 44 0.3846 -0.0520 0.001500
455.00 C 20261002 96.25 102.00 0 0 0.4012 0.9406 0.001700
455.00 P 20261002 1.52 1.94 5 24 0.3733 -0.0599 0.001700
460.00 C 20261002 90.90 97.55 0 0 0.3863 0.9317 0.001900
460.00 P 20261002 1.84 2.23 7 54 0.3698 -0.0690 0.001900
465.00 C 20261002 86.05 92.95 0 0 0.3777 0.9215 0.002100
465.00 P 20261002 2.35 2.79 100 20 0.3732 -0.0792 0.002100
470.00 C 20261002 81.35 88.40 0 1 0.3715 0.9100 0.002300
470.00 P 20261002 2.86 3.10 12 276 0.3693 -0.0908 0.002400
475.00 C 20261002 77.25 83.95 0 0 0.3745 0.8972 0.002600
475.00 P 20261002 3.25 3.75 135 160 0.3670 -0.1038 0.002600
480.00 C 20261002 73.45 78.35 1 1 0.3631 0.8829 0.002900
480.00 P 20261002 3.85 4.55 57 176 0.3677 -0.1182 0.002900
485.00 C 20261002 68.45 74.50 0 0 0.3580 0.8670 0.003200
485.00 P 20261002 4.35 5.05 26 99 0.3609 -0.1342 0.003200
490.00 C 20261002 63.50 69.80 0 0 0.3418 0.8496 0.003500
490.00 P 20261002 5.20 5.85 85 425 0.3604 -0.1518 0.003500
495.00 C 20261002 61.80 64.80 2 0 0.3581 0.8306 0.003800
495.00 P 20261002 6.15 6.75 74 260 0.3596 -0.1710 0.003800
500.00 C 20261002 57.75 60.80 55 1 0.3559 0.8099 0.004100
500.00 P 20261002 7.10 7.70 148 354 0.3573 -0.1918 0.004100
505.00 C 20261002 53.45 57.90 0 1 0.3597 0.7877 0.004400
505.00 P 20261002 8.15 8.90 40 395 0.3561 -0.2143 0.004400
510.00 C 20261002 48.15 55.15 0 0 0.3533 0.7640 0.004600
510.00 P 20261002 9.50 10.20 33 206 0.3563 -0.2382 0.004700
515.00 C 20261002 46.15 50.45 0 0 0.3566 0.7389 0.004900
515.00 P 20261002 10.75 11.50 28 2819 0.3534 -0.2636 0.005000
520.00 C 20261002 42.90 46.80 7 15 0.3558 0.7125 0.005200
520.00 P 20261002 12.30 13.05 50 199 0.3530 -0.2902 0.005200
525.00 C 20261002 39.70 43.15 4 0 0.3532 0.6851 0.005400
525.00 P 20261002 14.05 14.85 12 195 0.3537 -0.3180 0.005400
530.00 C 20261002 37.15 39.85 1 63 0.3560 0.6567 0.005600
530.00 P 20261002 15.65 16.85 11 183 0.3526 -0.3466 0.005600
535.00 C 20261002 33.75 36.80 4 11 0.3523 0.6275 0.005800
535.00 P 20261002 17.75 18.60 4 407 0.3512 -0.3761 0.005800
540.00 C 20261002 31.35 33.00 10 44 0.3483 0.5979 0.005900
540.00 P 20261002 19.85 20.85 22 169 0.3511 -0.4060 0.006000
545.00 C 20261002 28.95 30.40 14 58 0.3506 0.5679 0.006000
545.00 P 20261002 22.25 23.25 18 457 0.3521 -0.4363 0.006000
550.00 C 20261002 26.95 27.65 103 131 0.3525 0.5378 0.006000
550.00 P 20261002 24.55 25.75 34 133 0.3509 -0.4668 0.006100
555.00 C 20261002 24.35 25.00 27 58 0.3490 0.5078 0.006100
555.00 P 20261002 27.10 28.55 7 200 0.3514 -0.4971 0.006100
560.00 C 20261002 22.25 23.15 205 65 0.3522 0.4781 0.006000
560.00 P 20261002 29.90 31.40 22 75 0.3519 -0.5272 0.006100
565.00 C 20261002 20.25 21.10 208 67 0.3528 0.4488 0.006000
565.00 P 20261002 32.30 34.80 3 53 0.3514 -0.5569 0.006100
570.00 C 20261002 18.35 19.30 11 71 0.3538 0.4201 0.005900
570.00 P 20261002 34.85 38.50 2 51 0.3520 -0.5860 0.006000
575.00 C 20261002 16.35 17.70 31 136 0.3536 0.3922 0.005800
575.00 P 20261002 38.05 41.85 1 32 0.3527 -0.6143 0.005900
580.00 C 20261002 14.95 15.95 3 88 0.3548 0.3652 0.005700
580.00 P 20261002 42.45 44.15 12 18 0.3527 -0.6418 0.005800
585.00 C 20261002 13.30 14.55 0 57 0.3549 0.3393 0.005500
585.00 P 20261002 44.70 49.05 10 11 0.3540 -0.6682 0.005600
590.00 C 20261002 12.00 13.20 11 89 0.3562 0.3145 0.005300
590.00 P 20261002 48.70 52.90 1 9 0.3589 -0.6935 0.005400
595.00 C 20261002 11.15 11.80 36 40 0.3589 0.2910 0.005100
595.00 P 20261002 51.90 57.30 1 14 0.3603 -0.7177 0.005300
600.00 C 20261002 10.00 10.60 62 203 0.3592 0.2687 0.004900
600.00 P 20261002 55.95 60.30 11 15 0.3553 -0.7405 0.005100
605.00 C 20261002 8.95 9.70 124 147 0.3612 0.2477 0.004700
605.00 P 20261002 59.85 65.55 0 4 0.3664 -0.7622 0.004900
610.00 C 20261002 8.05 8.75 55 55 0.3625 0.2280 0.004500
610.00 P 20261002 64.10 69.40 0 9 0.3671 -0.7825 0.004600
615.00 C 20261002 7.05 8.05 25 19 0.3637 0.2097 0.004200
615.00 P 20261002 68.10 74.20 1 14 0.3727 -0.8015 0.004400
620.00 C 20261002 6.45 7.15 40 79 0.3653 0.1926 0.004000
620.00 P 20261002 73.50 76.95 0 10 0.3708 -0.8194 0.004200
625.00 C 20261002 5.65 6.65 61 22 0.3675 0.1768 0.003800
625.00 P 20261002 75.95 82.75 2 10 0.3679 -0.8361 0.004000
630.00 C 20261002 5.05 6.00 31 205 0.3690 0.1621 0.003600
630.00 P 20261002 81.20 87.25 2 3 0.3800 -0.8515 0.003800
635.00 C 20261002 4.55 5.25 11 45 0.3690 0.1486 0.003300
635.00 P 20261002 85.70 91.75 0 4 0.3829 -0.8659 0.003600
640.00 C 20261002 4.35 4.85 20 37 0.3756 0.1362 0.003100
640.00 P 20261002 90.90 96.00 0 1 0.3902 -0.8793 0.003400
645.00 C 20261002 3.65 4.45 6 75 0.3749 0.1248 0.002900
645.00 P 20261002 95.00 100.35 0 4 0.3831 -0.8916 0.003200
650.00 C 20261002 3.35 4.00 25 121 0.3776 0.1144 0.002700
650.00 P 20261002 99.00 104.30 0 39 0.3638 -0.9030 0.003000
655.00 C 20261002 2.96 3.60 2 17 0.3786 0.1048 0.002600
655.00 P 20261002 103.40 109.20 0 0 0.3627 -0.9136 0.002800
660.00 C 20261002 2.74 3.35 18 35 0.3834 0.0960 0.002400
660.00 P 20261002 107.80 114.45 0 2 0.3671 -0.9233 0.002700
665.00 C 20261002 2.51 2.89 10 11 0.3838 0.0880 0.002200
665.00 P 20261002 112.75 118.45 0 0 0.3504 -0.9322 0.002500
670.00 C 20261002 2.26 2.65 14 15 0.3866 0.0808 0.002100
670.00 P 20261002 117.55 123.40 0 0 0.3524 -0.9402 0.002300
675.00 C 20261002 2.00 2.32 6 22 0.3864 0.0741 0.001900
675.00 P 20261002 122.20 129.50 0 0 0.3871 -0.9475 0.002200
680.00 C 20261002 1.76 2.25 15 45 0.3908 0.0681 0.001800
680.00 P 20261002 127.10 134.20 0 0 0.3858 -0.9542 0.002000
685.00 C 20261002 1.60 1.98 12 12 0.3919 0.0626 0.001700
685.00 P 20261002 131.95 139.20 0 0 0.3912 -0.9603 0.001800
690.00 C 20261002 1.62 1.84 5 19 0.3994 0.0576 0.001600
690.00 P 20261002 136.85 144.05 0 11 0.3915 -0.9656 0.001700
695.00 C 20261002 1.30 1.72 20 24 0.3986 0.0531 0.001400
695.00 P 20261002 142.15 148.90 0 7 0.4077 -0.9703 0.001600
700.00 C 20261002 1.26 1.61 4 161 0.4044 0.0490 0.001300
700.00 P 20261002 146.70 153.45 0 33 0.3355 -0.9744 0.001400
705.00 C 20261002 1.24 1.52 0 2 0.4109 0.0452 0.001200
705.00 P 20261002 151.65 159.30 0 0 0.4233 -0.9782 0.001200
710.00 C 20261002 0.98 1.32 1 12 0.4067 0.0418 0.001200
710.00 P 20261002 156.60 164.25 2 0 0.4283 -0.9814 0.001100
715.00 C 20261002 1.05 1.21 0 3 0.4145 0.0388 0.001100
715.00 P 20261002 161.55 169.20 0 0 0.4323 -0.9842 0.001000
720.00 C 20261002 0.89 1.13 8 37 0.4153 0.0360 0.001000
720.00 P 20261002 166.55 174.20 0 0 0.4416 -0.9866 0.000900
725.00 C 20261002 0.73 1.05 1 7 0.4153 0.0334 0.000900
725.00 P 20261002 171.50 179.15 0 0 0.4450 -0.9886 0.000800
730.00 C 20261002 0.67 1.15 0 1 0.4254 0.0311 0.000900
730.00 P 20261002 176.50 184.15 0 0 0.4540 -0.9904 0.000700
735.00 C 20261002 0.61 0.88 0 3 0.4202 0.0290 0.000800
735.00 P 20261002 181.50 189.15 0 0 0.4630 -0.9919 0.000600
740.00 C 20261002 0.69 1.02 0 1 0.4378 0.0271 0.000800
740.00 P 20261002 186.50 194.15 0 0 0.4718 -0.9932 0.000500
745.00 C 20261002 0.66 0.77 0 1 0.4338 0.0254 0.000700
745.00 P 20261002 191.50 199.15 0 0 0.4806 -0.9943 0.000400
750.00 C 20261002 0.50 0.74 0 5 0.4325 0.0238 0.000700
750.00 P 20261002 196.50 204.15 0 0 0.4893 -0.9952 0.000400
755.00 C 20261002 0.57 0.82 0 2 0.4478 0.0223 0.000600
755.00 P 20261002 201.50 209.15 0 0 0.4979 -0.9960 0.000300
760.00 C 20261002 0.52 0.79 0 1 0.4516 0.0210 0.000600
760.00 P 20261002 206.50 214.15 0 0 0.5064 -0.9966 0.000300
765.00 C 20261002 0.37 0.67 0 0 0.4444 0.0198 0.000600
765.00 P 20261002 211.50 219.15 0 0 0.5148 -0.9971 0.000200
770.00 C 20261002 0.34 0.69 0 1 0.4512 0.0186 0.000500
770.00 P 20261002 216.50 224.15 0 0 0.5232 -0.9976 0.000200
775.00 C 20261002 0.36 0.69 0 3 0.4598 0.0176 0.000500
775.00 P 20261002 221.50 229.15 0 0 0.5314 -0.9980 0.000200
780.00 C 20261002 0.40 0.51 16 5 0.4580 0.0166 0.000500
780.00 P 20261002 226.50 234.15 0 0 0.5397 -0.9983 0.000100
785.00 C 20261002 0.20 0.48 2 9 0.4478 0.0158 0.000400
785.00 P 20261002 231.50 239.15 0 0 0.5478 -0.9986 0.000100
790.00 C 20261002 0.19 0.64 20 2 0.4665 0.0150 0.000400
790.00 P 20261002 236.50 244.15 0 0 0.5559 -0.9988 0.000100
795.00 C 20261002 0.33 0.43 4 2 0.4681 0.0142 0.000400
795.00 P 20261002 241.50 249.15 0 0 0.5638 -0.9990 0.000100
800.00 C 20261002 0.19 0.50 4 2 0.4692 0.0135 0.000400
800.00 P 20261002 246.50 254.15 0 0 0.5718 -0.9992 0.000100
805.00 C 20261002 0.27 0.58 26 1 0.4902 0.0129 0.000400
805.00 P 20261002 251.50 259.15 0 0 0.5796 -0.9993 0.000100
810.00 C 20261002 0.14 0.57 6 5 0.4843 0.0123 0.000400
810.00 P 20261002 256.50 264.15 0 0 0.5874 -0.9994 0.000100
815.00 C 20261002 0.13 0.55 2 5 0.4882 0.0117 0.000300
815.00 P 20261002 261.50 269.15 0 0 0.5951 -0.9995 0.000000
820.00 C 20261002 0.11 0.53 0 5 0.4911 0.0112 0.000300
820.00 P 20261002 266.50 274.15 0 0 0.6028 -0.9996 0.000000
825.00 C 20261002 0.10 0.51 6 1 0.4947 0.0107 0.000300
825.00 P 20261002 271.50 279.15 0 0 0.6104 -0.9996 0.000000
830.00 C 20261002 0.08 0.31 9 13 0.4758 0.0102 0.000300
830.00 P 20261002 276.50 284.15 0 0 0.6180 -0.9997 0.000000
835.00 C 20261002 0.19 0.31 18 12 0.4956 0.0098 0.000300
835.00 P 20261002 281.50 289.15 0 0 0.6254 -0.9997 0.000000
840.00 C 20261002 0.09 0.31 4 2 0.4893 0.0094 0.000300
840.00 P 20261002 286.50 294.15 0 0 0.6329 -0.9998 0.000000
845.00 C 20261002 0.10 0.43 13 5 0.5113 0.0090 0.000200
845.00 P 20261002 291.50 299.15 0 0 0.6403 -0.9998 0.000000
850.00 C 20261002 0.16 0.29 4 7 0.5078 0.0087 0.000200
850.00 P 20261002 296.50 304.15 0 0 0.6476 -0.9998 0.000000
855.00 C 20261002 0.14 0.28 6 4 0.5098 0.0083 0.000200
855.00 P 20261002 301.50 309.15 0 0 0.6549 -0.9999 0.000000
860.00 C 20261002 0.04 0.43 4 1 0.5222 0.0080 0.000200
860.00 P 20261002 306.50 314.15 0 0 0.6621 -0.9999 0.000000
865.00 C 20261002 0.13 0.26 2 6 0.5173 0.0077 0.000200
865.00 P 20261002 311.50 319.15 0 0 0.6693 -0.9999 0.000000
870.00 C 20261002 0.13 0.24 5 1 0.5201 0.0074 0.000200
870.00 P 20261002 316.50 324.15 0 0 0.6764 -0.9999 0.000000
875.00 C 20261002 0.12 0.28 10 7 0.5303 0.0072 0.000200
875.00 P 20261002 321.50 329.15 0 0 0.6835 -0.9999 0.000000
880.00 C 20261002 0.03 0.27 28 2 0.5198 0.0069 0.000200
880.00 P 20261002 326.50 334.15 0 0 0.6906 -1.0000 0.000000
885.00 C 20261002 0.03 0.39 2 2 0.5445 0.0067 0.000200
885.00 P 20261002 331.50 339.15 0 0 0.6975 -1.0000 0.000000
890.00 C 20261002 0.02 0.39 13 1 0.5487 0.0064 0.000200
890.00 P 20261002 336.50 344.15 0 0 0.7044 -1.0000 0.000000
895.00 C 20261002 0.02 0.21 4 0 0.5221 0.0062 0.000200
895.00 P 20261002 341.50 349.15 0 0 0.7113 -1.0000 0.000000
900.00 C 20261002 0.08 0.20 8 5 0.5379 0.0060 0.000200
900.00 P 20261002 346.50 354.15 0 0 0.7182 -1.0000 0.000000
905.00 C 20261002 0.08 0.21 2 2 0.5452 0.0058 0.000200
905.00 P 20261002 351.50 359.15 0 0 0.7250 -1.0000 0.000000
910.00 C 20261002 0.02 0.21 4 3 0.5379 0.0056 0.000100
910.00 P 20261002 356.50 364.15 0 0 0.7317 -1.0000 0.000000
915.00 C 20261002 0.05 0.20 10 4 0.5475 0.0054 0.000100
915.00 P 20261002 361.50 369.15 0 0 0.7384 -1.0000 0.000000
920.00 C 20261002 0.01 0.35 8 0 0.5736 0.0053 0.000100
920.00 P 20261002 366.50 374.15 0 0 0.7450 -1.0000 0.000000
925.00 C 20261002 0.06 0.20 14 2 0.5600 0.0051 0.000100
925.00 P 20261002 371.50 379.15 0 0 0.7517 -1.0000 0.000000
930.00 C 20261002 0.04 0.20 4 10 0.5607 0.0050 0.000100
930.00 P 20261002 376.50 384.15 0 0 0.7582 -1.0000 0.000000
935.00 C 20261002 0.02 0.19 4 2 0.5585 0.0048 0.000100
935.00 P 20261002 381.50 389.15 0 0 0.7648 -1.0000 0.000000
940.00 C 20261002 0.05 0.18 26 5 0.5684 0.0047 0.000100
940.00 P 20261002 386.50 394.15 0 0 0.7713 -1.0000 0.000000
945.00 C 20261002 0.01 0.31 2 7 0.5925 0.0045 0.000100
945.00 P 20261002 391.50 399.15 0 0 0.7777 -1.0000 0.000000
950.00 C 20261002 0.04 0.27 24 3 0.5956 0.0044 0.000100
950.00 P 20261002 396.50 404.15 0 0 0.7841 -1.0000 0.000000
955.00 C 20261002 0.02 0.27 20 4 0.5967 0.0043 0.000100
955.00 P 20261002 401.50 409.15 0 0 0.7905 -1.0000 0.000000
960.00 C 20261002 0.03 0.27 12 114 0.6037 0.0041 0.000100
960.00 P 20261002 406.50 414.15 0 0 0.7968 -1.0000 0.000000
965.00 C 20261002 0.04 0.26 32 74 0.6086 0.0040 0.000100
965.00 P 20261002 411.50 419.15 0 0 0.8031 -1.0000 0.000000
970.00 C 20261002 0.03 0.26 28 41 0.6115 0.0039 0.000100
970.00 P 20261002 416.50 424.15 0 0 0.8093 -1.0000 0.000000
975.00 C 20261002 0.01 0.25 34 5 0.6098 0.0038 0.000100
975.00 P 20261002 421.50 429.15 0 0 0.8155 -1.0000 0.000000
980.00 C 20261002 0.04 0.24 24 5 0.6190 0.0037 0.000100
980.00 P 20261002 426.50 434.15 0 0 0.8216 -1.0000 0.000000
985.00 C 20261002 0.03 0.24 28 2 0.6216 0.0036 0.000100
985.00 P 20261002 431.50 439.15 0 0 0.8278 -1.0000 0.000000
990.00 C 20261002 0.00 0.26 6 4 0.6241 0.0035 0.000100
990.00 P 20261002 436.50 444.15 0 0 0.8338 -1.0000 0.000000
995.00 C 20261002 0.01 0.26 14 2 0.6311 0.0034 0.000100
995.00 P 20261002 441.50 449.15 0 0 0.8399 -1.0000 0.000000
1000.00 C 20261002 0.03 0.23 22 2 0.6335 0.0033 0.000100
1000.00 P 20261002 446.50 454.15 0 0 0.8459 -1.0000 0.000000
1010.00 C 20261002 0.01 0.25 16 2 0.6428 0.0032 0.000100
1010.00 P 20261002 456.50 464.15 0 0 0.8578 -1.0000 0.000000
1020.00 C 20261002 0.01 0.25 14 2 0.6520 0.0030 0.000100
1020.00 P 20261002 466.50 474.15 0 0 0.8696 -1.0000 0.000000
1030.00 C 20261002 0.02 0.24 17 3 0.6610 0.0028 0.000100
1030.00 P 20261002 476.50 484.15 0 0 0.8812 -1.0000 0.000000
1040.00 C 20261002 0.00 0.21 34 6 0.6567 0.0027 0.000100
1040.00 P 20261002 486.50 494.15 0 0 0.8927 -1.0000 0.000000
1050.00 C 20261002 0.01 0.21 1 4 0.6683 0.0026 0.000100
1050.00 P 20261002 496.50 504.15 0 0 0.9041 -1.0000 0.000000
1060.00 C 20261002 0.00 0.26 0 3 0.6710 0.0025 0.000100
1060.00 P 20261002 506.50 514.15 0 0 0.9154 -1.0000 0.000000
1070.00 C 20261002 0.00 0.19 7 3 0.6764 0.0024 0.000100
1070.00 P 20261002 516.50 524.15 0 0 0.9266 -1.0000 0.000000
270.00 C 20261016 277.45 285.05 0 2 -1.0000 0.9984 0.000000
270.00 P 20261016 0.01 0.10 0 325 0.6385 -0.0019 0.000000
280.00 C 20261016 267.50 275.10 0 1 -1.0000 0.9981 0.000000
280.00 P 20261016 0.03 0.21 19 185 0.6558 -0.0022 0.000000
290.00 C 20261016 257.60 265.20 0 0 -1.0000 0.9978 0.000100
290.00 P 20261016 0.04 0.16 100 252 0.6127 -0.0026 0.000100
300.00 C 20261016 247.75 255.40 2 32 -1.0000 0.9974 0.000100
300.00 P 20261016 0.05 0.17 2 342 0.5884 -0.0030 0.000100
310.00 C 20261016 237.75 245.35 0 2 -1.0000 0.9968 0.000100
310.00 P 20261016 0.06 0.19 1 308 0.5665 -0.0035 0.000100
320.00 C 20261016 227.80 235.45 0 2 -1.0000 0.9963 0.000100
320.00 P 20261016 0.06 0.18 8 174 0.5354 -0.0041 0.000100
330.00 C 20261016 217.90 225.55 0 1 -1.0000 0.9955 0.000100
330.00 P 20261016 0.09 0.21 2 258 0.5200 -0.0048 0.000100
340.00 C 20261016 208.00 215.60 0 0 -1.0000 0.9946 0.000100
340.00 P 20261016 0.10 0.29 0 129 0.5072 -0.0057 0.000100
350.00 C 20261016 198.10 205.70 0 10 -1.0000 0.9935 0.000200
350.00 P 20261016 0.17 0.32 6 555 0.4929 -0.0068 0.000200
360.00 C 20261016 188.20 195.85 0 0 0.3716 0.9921 0.000200
360.00 P 20261016 0.22 0.37 85 256 0.4763 -0.0083 0.000200
370.00 C 20261016 178.30 185.95 0 3 0.3759 0.9902 0.000300
370.00 P 20261016 0.24 0.44 131 185 0.4577 -0.0102 0.000300
380.00 C 20261016 168.45 176.10 0 0 0.3869 0.9877 0.000300
380.00 P 20261016 0.36 0.53 163 268 0.4467 -0.0127 0.000300
390.00 C 20261016 158.65 166.30 0 3 0.3930 0.9843 0.000400
390.00 P 20261016 0.50 0.62 40 596 0.4336 -0.0161 0.000400
400.00 C 20261016 149.50 156.55 1 18 0.4262 0.9799 0.000500
400.00 P 20261016 0.66 0.77 88 690 0.4218 -0.0205 0.000600
405.00 C 20261016 144.95 151.65 0 0 0.4317 0.9772 0.000600
405.00 P 20261016 0.72 0.86 5 60 0.4144 -0.0233 0.000600
410.00 C 20261016 139.80 146.80 1 16 0.4147 0.9740 0.000700
410.00 P 20261016 0.83 0.99 1 980 0.4100 -0.0265 0.000700
415.00 C 20261016 135.15 141.95 0 7 0.4152 0.9704 0.000800
415.00 P 20261016 0.97 1.13 2 205 0.4059 -0.0301 0.000800
420.00 C 20261016 130.45 137.15 0 6 0.4135 0.9663 0.000900
420.00 P 20261016 1.13 1.30 25 416 0.4021 -0.0343 0.000900
425.00 C 20261016 125.65 132.35 0 1 0.4076 0.9616 0.001000
425.00 P 20261016 1.24 1.51 2 166 0.3969 -0.0390 0.001000
430.00 C 20261016 120.90 127.60 0 21 0.4033 0.9562 0.001100
430.00 P 20261016 1.48 1.67 2 445 0.3926 -0.0444 0.001100
435.00 C 20261016 116.00 122.90 0 24 0.3956 0.9502 0.001200
435.00 P 20261016 1.76 1.88 67 115 0.3893 -0.0505 0.001200
440.00 C 20261016 111.10 118.20 1 32 0.3873 0.9433 0.001400
440.00 P 20261016 1.98 2.16 23 889 0.3849 -0.0574 0.001400
445.00 C 20261016 106.75 113.55 0 27 0.3896 0.9357 0.001500
445.00 P 20261016 2.28 2.55 3 71 0.3828 -0.0651 0.001500
450.00 C 20261016 102.20 107.80 5 712 0.3672 0.9272 0.001700
450.00 P 20261016 2.67 2.90 181 3138 0.3801 -0.0737 0.001700
455.00 C 20261016 97.65 104.40 0 39 0.3838 0.9177 0.001900
455.00 P 20261016 3.05 3.35 64 668 0.3773 -0.0833 0.001900
460.00 C 20261016 93.15 98.65 0 20 0.3627 0.9072 0.002000
460.00 P 20261016 3.50 3.75 50 1159 0.3734 -0.0939 0.002100
465.00 C 20261016 88.90 94.25 1 16 0.3643 0.8957 0.002200
465.00 P 20261016 4.05 4.40 70 663 0.3728 -0.1056 0.002300
470.00 C 20261016 83.95 91.15 1 26 0.3710 0.8830 0.002400
470.00 P 20261016 4.70 4.95 35 1162 0.3703 -0.1184 0.002500
475.00 C 20261016 79.25 85.80 0 9 0.3522 0.8692 0.002700
475.00 P 20261016 5.35 5.70 143 567 0.3686 -0.1323 0.002700
480.00 C 20261016 77.10 81.35 0 177 0.3704 0.8543 0.002900
480.00 P 20261016 6.15 6.50 72 2009 0.3674 -0.1474 0.002900
485.00 C 20261016 70.95 77.45 0 13 0.3509 0.8382 0.003100
485.00 P 20261016 7.05 7.40 140 2368 0.3664 -0.1638 0.003100
490.00 C 20261016 66.95 74.55 0 58 0.3606 0.8209 0.003300
490.00 P 20261016 7.95 8.35 98 1840 0.3642 -0.1812 0.003400
495.00 C 20261016 64.85 68.25 1 41 0.3546 0.8025 0.003500
495.00 P 20261016 9.05 9.45 108 686 0.3634 -0.1999 0.003600
500.00 C 20261016 62.10 64.15 18 599 0.3599 0.7830 0.003800
500.00 P 20261016 10.25 10.60 674 3258 0.3621 -0.2197 0.003800
505.00 C 20261016 57.00 63.25 0 29 0.3692 0.7624 0.004000
505.00 P 20261016 11.55 11.90 17 864 0.3612 -0.2405 0.004000
510.00 C 20261016 54.90 57.00 0 69 0.3592 0.7409 0.004200
510.00 P 20261016 12.90 13.30 106 1908 0.3596 -0.2624 0.004200
515.00 C 20261016 49.70 55.05 5 66 0.3566 0.7184 0.004400
515.00 P 20261016 14.50 14.90 56 782 0.3597 -0.2852 0.004400
520.00 C 20261016 47.70 50.90 3 351 0.3592 0.6951 0.004500
520.00 P 20261016 16.15 16.60 151 2326 0.3590 -0.3088 0.004600
525.00 C 20261016 44.70 47.55 4 301 0.3587 0.6712 0.004700
525.00 P 20261016 17.90 18.40 44 610 0.3580 -0.3332 0.004700
530.00 C 20261016 41.85 43.90 28 380 0.3557 0.6467 0.004800
530.00 P 20261016 19.85 20.40 112 2097 0.3580 -0.3580 0.004900
535.00 C 20261016 39.70 41.30 6 551 0.3620 0.6217 0.004900
535.00 P 20261016 21.95 22.50 43 736 0.3579 -0.3835 0.005000
540.00 C 20261016 36.80 38.45 59 530 0.3604 0.5964 0.005000
540.00 P 20261016 24.15 24.75 67 3856 0.3576 -0.4092 0.005100
545.00 C 20261016 34.10 35.25 84 292 0.3565 0.5709 0.005100
545.00 P 20261016 26.50 27.20 68 987 0.3583 -0.4351 0.005200
550.00 C 20261016 32.00 32.55 394 2030 0.3576 0.5454 0.005100
550.00 P 20261016 29.00 29.65 143 6512 0.3576 -0.4611 0.005200
555.00 C 20261016 29.50 30.20 113 346 0.3569 0.5199 0.005200
555.00 P 20261016 31.65 32.40 53 322 0.3586 -0.4871 0.005200
560.00 C 20261016 27.45 27.95 524 709 0.3579 0.4946 0.005200
560.00 P 20261016 34.45 35.25 51 2007 0.3590 -0.5129 0.005300
565.00 C 20261016 25.20 26.00 20 227 0.3581 0.4696 0.005100
565.00 P 20261016 37.05 38.15 15 232 0.3573 -0.5384 0.005200
570.00 C 20261016 23.45 23.90 94 1732 0.3589 0.4449 0.005100
570.00 P 20261016 39.80 41.55 29 1440 0.3580 -0.5636 0.005200
575.00 C 20261016 21.60 22.10 300 1313 0.3594 0.4208 0.005000
575.00 P 20261016 43.30 45.25 19 328 0.3636 -0.5882 0.005200
580.00 C 20261016 19.90 20.40 69 1353 0.3602 0.3973 0.005000
580.00 P 20261016 46.65 47.95 187 1170 0.3608 -0.6123 0.005100
585.00 C 20261016 18.30 18.75 62 3741 0.3605 0.3744 0.004900
585.00 P 20261016 49.00 52.10 49 3040 0.3594 -0.6357 0.005000
590.00 C 20261016 16.85 17.30 184 1584 0.3616 0.3523 0.004800
590.00 P 20261016 53.10 55.90 7 1359 0.3654 -0.6584 0.004900
595.00 C 20261016 15.50 15.95 32 940 0.3628 0.3310 0.004600
595.00 P 20261016 56.85 59.65 6 125 0.3676 -0.6803 0.004800
600.00 C 20261016 14.20 14.65 806 9059 0.3634 0.3105 0.004500
600.00 P 20261016 59.30 63.45 22 4704 0.3604 -0.7014 0.004600
605.00 C 20261016 13.05 13.35 96 459 0.3634 0.2909 0.004400
605.00 P 20261016 63.75 67.50 16 101 0.3669 -0.7216 0.004500
610.00 C 20261016 11.95 12.35 117 1436 0.3653 0.2722 0.004200
610.00 P 20261016 66.85 72.45 2 711 0.3692 -0.7408 0.004400
615.00 C 20261016 10.95 11.35 31 1015 0.3664 0.2545 0.004100
615.00 P 20261016 70.90 76.15 0 82 0.3682 -0.7592 0.004200
620.00 C 20261016 10.05 10.40 519 4097 0.3676 0.2377 0.003900
620.00 P 20261016 75.15 79.60 0 756 0.3654 -0.7768 0.004100
625.00 C 20261016 9.20 9.55 41 610 0.3688 0.2218 0.003700
625.00 P 20261016 79.20 84.00 0 80 0.3672 -0.7934 0.003900
630.00 C 20261016 8.40 8.80 420 1913 0.3702 0.2068 0.003600
630.00 P 20261016 84.70 89.30 2 452 0.3878 -0.8090 0.003800
635.00 C 20261016 7.70 8.05 28 515 0.3714 0.1927 0.003400
635.00 P 20261016 87.75 93.75 1 29 0.3799 -0.8240 0.003600
640.00 C 20261016 7.05 7.40 109 1208 0.3729 0.1794 0.003200
640.00 P 20261016 92.15 98.00 0 494 0.3807 -0.8380 0.003500
645.00 C 20261016 6.45 6.80 7 446 0.3744 0.1670 0.003100
645.00 P 20261016 96.60 102.55 7 54 0.3836 -0.8511 0.003300
650.00 C 20261016 5.95 6.20 239 4026 0.3759 0.1554 0.002900
650.00 P 20261016 101.10 107.25 20 652 0.3878 -0.8636 0.003200
655.00 C 20261016 5.30 5.80 11 141 0.3770 0.1446 0.002800
655.00 P 20261016 105.65 111.40 0 10 0.3858 -0.8754 0.003000
660.00 C 20261016 5.05 5.25 97 1816 0.3799 0.1345 0.002600
660.00 P 20261016 110.25 115.95 0 589 0.3875 -0.8864 0.002900
665.00 C 20261016 4.55 4.85 17 394 0.3809 0.1251 0.002500
665.00 P 20261016 114.10 120.55 5 65 0.3790 -0.8965 0.002800
670.00 C 20261016 4.20 4.50 64 2200 0.3834 0.1163 0.002400
670.00 P 20261016 118.10 125.70 10 334 0.3775 -0.9062 0.002600
675.00 C 20261016 3.85 4.15 16 2301 0.3853 0.1082 0.002200
675.00 P 20261016 123.50 130.40 2 7 0.3895 -0.9156 0.002500
680.00 C 20261016 3.55 3.80 68 2590 0.3870 0.1007 0.002100
680.00 P 20261016 127.85 135.15 0 234 0.3850 -0.9240 0.002400
685.00 C 20261016 3.25 3.55 202 562 0.3893 0.0937 0.002000
685.00 P 20261016 132.65 139.25 0 15 0.3734 -0.9318 0.002300
690.00 C 20261016 3.05 3.20 11 2794 0.3910 0.0872 0.001900
690.00 P 20261016 137.45 144.70 1 164 0.3886 -0.9389 0.002200
695.00 C 20261016 2.76 3.00 8 2024 0.3929 0.0812 0.001800
695.00 P 20261016 142.65 148.20 0 36 0.3626 -0.9459 0.002000
700.00 C 20261016 2.58 2.73 250 6316 0.3949 0.0757 0.001700
700.00 P 20261016 146.85 153.55 0 700 0.3482 -0.9523 0.001900
705.00 C 20261016 2.38 2.53 2 1123 0.3970 0.0705 0.001600
705.00 P 20261016 152.35 158.10 0 3 0.3595 -0.9580 0.001800
710.00 C 20261016 2.20 2.40 7 2341 0.4002 0.0658 0.001500
710.00 P 20261016 156.90 164.05 0 68 0.3928 -0.9632 0.001700
715.00 C 20261016 2.02 2.28 12 175 0.4031 0.0614 0.001400
715.00 P 20261016 161.80 167.70 0 6 -1.0000 -0.9678 0.001600
720.00 C 20261016 1.85 2.07 153 2155 0.4040 0.0573 0.001300
720.00 P 20261016 166.75 173.35 4 228 -1.0000 -0.9722 0.001400
725.00 C 20261016 1.72 1.92 11 576 0.4062 0.0536 0.001200
725.00 P 20261016 171.65 178.50 0 2 0.3497 -0.9760 0.001300
730.00 C 20261016 1.59 1.78 48 2721 0.4083 0.0501 0.001200
730.00 P 20261016 176.60 184.25 0 9 0.4221 -0.9794 0.001200
735.00 C 20261016 1.48 1.69 16 1953 0.4114 0.0469 0.001100
735.00 P 20261016 181.55 189.25 0 0 0.4277 -0.9824 0.001000
740.00 C 20261016 1.37 1.55 3 2193 0.4130 0.0439 0.001000
740.00 P 20261016 186.55 194.20 0 0 0.4331 -0.9852 0.000900
745.00 C 20261016 1.24 1.53 0 96 0.4166 0.0412 0.001000
745.00 P 20261016 191.50 199.15 0 0 0.4355 -0.9876 0.000800
750.00 C 20261016 1.22 1.37 53 6482 0.4191 0.0386 0.000900
750.00 P 20261016 196.50 204.15 0 7 0.4433 -0.9894 0.000700
755.00 C 20261016 1.15 1.32 0 2914 0.4230 0.0363 0.000900
755.00 P 20261016 201.50 209.15 0 0 0.4510 -0.9910 0.000600
760.00 C 20261016 1.04 1.20 32 4876 0.4232 0.0341 0.000800
760.00 P 20261016 206.50 213.65 512 171 0.3988 -0.9924 0.000600
765.00 C 20261016 1.00 1.13 7 4641 0.4268 0.0321 0.000800
765.00 P 20261016 211.50 219.15 0 0 0.4662 -0.9937 0.000500
770.00 C 20261016 0.91 1.06 1 3573 0.4283 0.0302 0.000700
770.00 P 20261016 216.50 224.15 0 0 0.4737 -0.9949 0.000400
775.00 C 20261016 0.85 1.00 4 5140 0.4309 0.0285 0.000700
775.00 P 20261016 221.50 229.15 0 0 0.4811 -0.9960 0.000300
780.00 C 20261016 0.83 0.94 18 5808 0.4346 0.0269 0.000700
780.00 P 20261016 226.50 234.15 0 0 0.4885 -0.9968 0.000300
785.00 C 20261016 0.78 0.89 2 72 0.4373 0.0254 0.000600
785.00 P 20261016 231.50 239.15 0 0 0.4958 -0.9973 0.000200
790.00 C 20261016 0.73 0.82 2 2111 0.4389 0.0240 0.000600
790.00 P 20261016 236.50 243.65 68 25 0.4385 -0.9977 0.000200
795.00 C 20261016 0.69 0.78 2 46 0.4418 0.0228 0.000600
795.00 P 20261016 241.50 249.15 0 0 0.5102 -0.9981 0.000200
800.00 C 20261016 0.65 0.75 75 3642 0.4450 0.0216 0.000500
800.00 P 20261016 246.50 254.15 0 0 0.5173 -0.9984 0.000100
805.00 C 20261016 0.58 0.70 0 2916 0.4455 0.0204 0.000500
805.00 P 20261016 251.50 259.10 0 0 0.5212 -0.9987 0.000100
810.00 C 20261016 0.54 0.68 11 2713 0.4486 0.0194 0.000500
810.00 P 20261016 256.50 264.10 0 0 0.5282 -0.9990 0.000100
815.00 C 20261016 0.51 0.64 0 4743 0.4510 0.0184 0.000500
815.00 P 20261016 261.50 269.10 0 0 0.5351 -0.9993 0.000100
820.00 C 20261016 0.52 0.60 17 2785 0.4553 0.0175 0.000400
820.00 P 20261016 266.50 274.10 0 0 0.5420 -0.9995 0.000000
825.00 C 20261016 0.49 0.57 2 4658 0.4578 0.0167 0.000400
825.00 P 20261016 271.50 279.10 0 0 0.5488 -0.9996 0.000000
830.00 C 20261016 0.44 0.54 2 6108 0.4588 0.0159 0.000400
830.00 P 20261016 276.50 284.10 0 0 0.5556 -0.9997 0.000000
835.00 C 20261016 0.44 0.52 0 40 0.4632 0.0152 0.000400
835.00 P 20261016 281.50 289.10 0 0 0.5623 -0.9997 0.000000
840.00 C 20261016 0.41 0.49 18 868 0.4650 0.0145 0.000400
840.00 P 20261016 286.50 294.10 0 0 0.5690 -0.9998 0.000000
845.00 C 20261016 0.31 0.47 0 10 0.4622 0.0138 0.000400
845.00 P 20261016 291.50 299.10 0 0 0.5756 -0.9998 0.000000
850.00 C 20261016 0.38 0.46 22 1566 0.4720 0.0132 0.000300
850.00 P 20261016 296.50 304.10 0 0 0.5821 -0.9998 0.000000
855.00 C 20261016 0.32 0.43 0 30 0.4712 0.0126 0.000300
855.00 P 20261016 301.50 309.10 0 0 0.5886 -0.9999 0.000000
860.00 C 20261016 0.34 0.45 17 962 0.4792 0.0121 0.000300
860.00 P 20261016 306.50 314.10 0 0 0.5951 -0.9999 0.000000
865.00 C 20261016 0.28 0.48 0 12 0.4822 0.0116 0.000300
865.00 P 20261016 311.50 319.10 0 0 0.6015 -0.9999 0.000000
870.00 C 20261016 0.27 0.41 17 1022 0.4810 0.0111 0.000300
870.00 P 20261016 316.50 324.10 0 0 0.6079 -1.0000 0.000000
875.00 C 20261016 0.22 0.45 0 209 0.4853 0.0106 0.000300
875.00 P 20261016 321.50 329.10 0 0 0.6142 -1.0000 0.000000
880.00 C 20261016 0.21 0.43 0 199 0.4878 0.0102 0.000300
880.00 P 20261016 326.50 334.10 0 0 0.6205 -1.0000 0.000000
885.00 C 20261016 0.23 0.40 0 379 0.4920 0.0098 0.000200
885.00 P 20261016 331.50 339.10 0 0 0.6268 -1.0000 0.000000
890.00 C 20261016 0.19 0.41 17 206 0.4942 0.0094 0.000200
890.00 P 20261016 336.50 344.10 0 0 0.6330 -1.0000 0.000000
895.00 C 20261016 0.19 0.32 2 19 0.4905 0.0091 0.000200
895.00 P 20261016 341.50 349.10 0 0 0.6391 -1.0000 0.000000
900.00 C 20261016 0.22 0.32 9 3004 0.4986 0.0087 0.000200
900.00 P 20261016 346.50 354.10 0 0 0.6453 -1.0000 0.000000
905.00 C 20261016 0.17 0.37 0 19 0.5030 0.0084 0.000200
905.00 P 20261016 351.50 359.10 0 0 0.6513 -1.0000 0.000000
910.00 C 20261016 0.16 0.37 36 207 0.5068 0.0081 0.000200
910.00 P 20261016 356.50 364.10 0 0 0.6574 -1.0000 0.000000
915.00 C 20261016 0.16 0.36 0 50 0.5105 0.0078 0.000200
915.00 P 20261016 361.50 369.10 0 0 0.6634 -1.0000 0.000000
920.00 C 20261016 0.15 0.35 0 98 0.5130 0.0075 0.000200
920.00 P 20261016 366.50 374.10 0 0 0.6693 -1.0000 0.000000
925.00 C 20261016 0.21 0.29 2 9 0.5182 0.0072 0.000200
925.00 P 20261016 371.50 379.10 0 0 0.6753 -1.0000 0.000000
930.00 C 20261016 0.15 0.29 17 227 0.5156 0.0070 0.000200
930.00 P 20261016 376.50 384.10 0 0 0.6812 -1.0000 0.000000
935.00 C 20261016 0.13 0.29 2 4 0.5172 0.0068 0.000200
935.00 P 20261016 381.50 389.10 0 0 0.6870 -1.0000 0.000000
940.00 C 20261016 0.13 0.31 0 92 0.5248 0.0065 0.000200
940.00 P 20261016 386.50 394.10 0 0 0.6928 -1.0000 0.000000
945.00 C 20261016 0.12 0.31 0 4 0.5280 0.0063 0.000200
945.00 P 20261016 391.50 399.10 0 0 0.6986 -1.0000 0.000000
950.00 C 20261016 0.14 0.28 16 681 0.5312 0.0061 0.000100
950.00 P 20261016 396.50 404.10 0 0 0.7043 -1.0000 0.000000
955.00 C 20261016 0.11 0.29 0 1 0.5329 0.0059 0.000100
955.00 P 20261016 401.50 409.10 0 0 0.7100 -1.0000 0.000000
960.00 C 20261016 0.10 0.29 0 75 0.5359 0.0057 0.000100
960.00 P 20261016 406.50 414.10 0 0 0.7157 -1.0000 0.000000
965.00 C 20261016 0.09 0.28 0 21 0.5373 0.0056 0.000100
965.00 P 20261016 411.50 419.10 0 0 0.7214 -1.0000 0.000000
970.00 C 20261016 0.09 0.28 0 89 0.5416 0.0054 0.000100
970.00 P 20261016 416.50 424.10 0 0 0.7270 -1.0000 0.000000
975.00 C 20261016 0.09 0.27 0 2 0.5440 0.0052 0.000100
975.00 P 20261016 421.50 429.10 0 0 0.7326 -1.0000 0.000000
980.00 C 20261016 0.09 0.27 0 133 0.5483 0.0051 0.000100
980.00 P 20261016 426.50 434.10 0 0 0.7381 -1.0000 0.000000
990.00 C 20261016 0.08 0.26 0 120 0.5535 0.0048 0.000100
990.00 P 20261016 436.50 444.15 0 0 0.7528 -1.0000 0.000000
1000.00 C 20261016 0.10 0.22 0 657 0.5584 0.0045 0.000100
1000.00 P 20261016 446.50 454.15 0 0 0.7637 -1.0000 0.000000
1010.00 C 20261016 0.07 0.24 0 56 0.5648 0.0042 0.000100
1010.00 P 20261016 456.50 464.15 0 0 0.7744 -1.0000 0.000000
1020.00 C 20261016 0.06 0.23 0 29 0.5691 0.0040 0.000100
1020.00 P 20261016 466.50 474.15 0 0 0.7850 -1.0000 0.000000
1030.00 C 20261016 0.06 0.22 0 53 0.5751 0.0038 0.000100
1030.00 P 20261016 476.50 484.15 0 0 0.7955 -1.0000 0.000000
1040.00 C 20261016 0.06 0.21 0 138 0.5808 0.0036 0.000100
1040.00 P 20261016 486.50 494.15 0 0 0.8059 -1.0000 0.000000
1050.00 C 20261016 0.05 0.21 0 109 0.5864 0.0034 0.000100
1050.00 P 20261016 496.50 504.15 0 0 0.8162 -1.0000 0.000000
1060.00 C 20261016 0.05 0.20 0 87 0.5918 0.0032 0.000100
1060.00 P 20261016 506.50 514.15 0 0 0.8264 -1.0000 0.000000
1070.00 C 20261016 0.04 0.19 0 40 0.5946 0.0031 0.000100
1070.00 P 20261016 516.50 524.15 0 0 0.8365 -1.0000 0.000000
1080.00 C 20261016 0.05 0.17 0 415 0.5995 0.0029 0.000100
1080.00 P 20261016 526.50 534.15 0 0 0.8464 -1.0000 0.000000
1090.00 C 20261016 0.03 0.18 0 45 0.6042 0.0028 0.000100
1090.00 P 20261016 536.50 544.15 0 0 0.8563 -1.0000 0.000000
1100.00 C 20261016 0.04 0.16 0 459 0.6087 0.0026 0.000100
1100.00 P 20261016 546.50 554.15 0 0 0.8661 -1.0000 0.000000
1110.00 C 20261016 0.03 0.17 0 65 0.6157 0.0025 0.000100
1110.00 P 20261016 556.50 564.15 0 0 0.8757 -1.0000 0.000000
1120.00 C 20261016 0.02 0.17 2 22 0.6198 0.0024 0.000100
1120.00 P 20261016 566.50 574.15 0 0 0.8853 -1.0000 0.000000
1130.00 C 20261016 0.02 0.19 0 179 0.6324 0.0023 0.000000
1130.00 P 20261016 576.50 584.15 0 0 0.8948 -1.0000 0.000000
1140.00 C 20261016 0.02 0.21 0 15 0.6445 0.0022 0.000000
1140.00 P 20261016 586.50 594.15 0 0 0.9042 -1.0000 0.000000
1150.00 C 20261016 0.01 0.23 2 36 0.6539 0.0021 0.000000
1150.00 P 20261016 596.50 604.15 0 0 0.9135 -1.0000 0.000000
1160.00 C 20261016 0.02 0.07 330 620 0.6077 0.0020 0.000000
1160.00 P 20261016 606.50 614.15 0 0 0.9227 -1.0000 0.000000
1170.00 C 20261016 0.01 0.29 1 42 0.6813 0.0019 0.000000
1170.00 P 20261016 616.50 624.15 0 0 0.9318 -1.0000 0.000000
1180.00 C 20261016 0.02 0.12 65 185 0.6429 0.0018 0.000000
1180.00 P 20261016 626.50 634.15 0 0 0.9408 -1.0000 0.000000
1190.00 C 20261016 0.04 0.13 7 191 0.6601 0.0018 0.000000
1190.00 P 20261016 636.50 644.15 0 0 0.9498 -1.0000 0.000000
1200.00 C 20261016 0.00 0.25 7 188 0.6896 0.0017 0.000000
1200.00 P 20261016 646.50 654.15 0 0 0.9586 -1.0000 0.000000
1210.00 C 20261016 0.05 0.34 42 323 0.7258 0.0016 0.000000
1210.00 P 20261016 656.50 664.15 0 0 0.9674 -1.0000 0.000000
1220.00 C 20261016 0.05 0.33 115 1290 0.7305 0.0016 0.000000
1220.00 P 20261016 666.50 674.15 0 0 0.9762 -1.0000 0.000000
1230.00 C 20261016 0.00 0.41 0 108 0.7425 0.0015 0.000000
1230.00 P 20261016 676.50 684.15 0 0 0.9848 -1.0000 0.000000
1240.00 C 20261016 0.00 0.44 0 84 0.7546 0.0014 0.000000
1240.00 P 20261016 686.50 694.15 0 0 0.9933 -1.0000 0.000000
1250.00 C 20261016 0.00 0.11 13 385 0.6727 0.0014 0.000000
1250.00 P 20261016 696.50 704.15 0 0 1.0018 -1.0000 0.000000
5.00 C 20261120 541.05 548.65 0 1354 -1.0000 1.0000 0.000000
5.00 P 20261120 0.00 0.01 0 3803 2.7932 0.0000 0.000000
10.00 C 20261120 536.00 543.60 0 13 -1.0000 1.0000 0.000000
10.00 P 20261120 0.00 0.01 0 201 2.3418 0.0000 0.000000
15.00 C 20261120 531.00 538.60 0 2 -1.0000 1.0000 0.000000
15.00 P 20261120 0.00 0.20 0 0 2.6748 0.0000 0.000000
20.00 C 20261120 526.05 533.65 0 13 -1.0000 1.0000 0.000000
20.00 P 20261120 0.00 0.20 0 0 2.4393 0.0000 0.000000
25.00 C 20261120 521.05 528.65 0 13 -1.0000 1.0000 0.000000
25.00 P 20261120 0.00 0.25 0 0 2.3132 0.0000 0.000000
30.00 C 20261120 516.10 523.70 0 15 -1.0000 1.0000 0.000000
30.00 P 20261120 0.00 0.30 0 1 2.2082 -0.0001 0.000000
35.00 C 20261120 511.15 518.75 0 7 -1.0000 1.0000 0.000000
35.00 P 20261120 0.00 0.35 0 0 2.1180 -0.0001 0.000000
40.00 C 20261120 506.20 513.80 0 2 -1.0000 1.0000 0.000000
40.00 P 20261120 0.00 0.40 0 0 2.0388 -0.0001 0.000000
45.00 C 20261120 501.25 508.85 0 6 -1.0000 1.0000 0.000000
45.00 P 20261120 0.00 0.45 0 0 1.9681 -0.0001 0.000000
50.00 C 20261120 496.30 503.90 0 4 -1.0000 1.0000 0.000000
50.00 P 20261120 0.00 0.20 0 14 1.7306 -0.0001 0.000000
250.00 C 20261120 298.55 306.15 0 85 -1.0000 0.9974 0.000100
250.00 P 20261120 0.16 0.21 1982 438 0.6257 -0.0033 0.000100
260.00 C 20261120 288.65 296.30 0 4 -1.0000 0.9968 0.000100
260.00 P 20261120 0.09 0.29 0 172 0.5982 -0.0038 0.000100
270.00 C 20261120 278.80 286.45 0 0 -1.0000 0.9962 0.000100
270.00 P 20261120 0.11 0.30 0 110 0.5753 -0.0045 0.000100
280.00 C 20261120 268.95 276.60 0 0 -1.0000 0.9954 0.000100
280.00 P 20261120 0.14 0.34 0 43 0.5584 -0.0053 0.000100
290.00 C 20261120 259.10 266.75 0 2 -1.0000 0.9944 0.000100
290.00 P 20261120 0.18 0.41 0 104 0.5451 -0.0062 0.000100
300.00 C 20261120 249.25 256.90 0 4 -1.0000 0.9932 0.000100
300.00 P 20261120 0.30 0.46 2 201 0.5355 -0.0074 0.000100
310.00 C 20261120 239.45 247.10 0 3 0.4220 0.9918 0.000200
310.00 P 20261120 0.29 0.50 1 102 0.5120 -0.0090 0.000200
320.00 C 20261120 229.65 237.25 0 5 0.4283 0.9899 0.000200
320.00 P 20261120 0.46 0.58 0 39 0.5049 -0.0109 0.000200
330.00 C 20261120 219.80 227.50 1 12 0.4305 0.9875 0.000200
330.00 P 20261120 0.60 0.79 4 54 0.4997 -0.0133 0.000200
340.00 C 20261120 210.10 217.75 0 8 0.4373 0.9845 0.000300
340.00 P 20261120 0.77 0.92 1 146 0.4884 -0.0163 0.000300
350.00 C 20261120 200.40 208.05 0 15 0.4375 0.9807 0.000400
350.00 P 20261120 0.95 1.07 52 377 0.4761 -0.0201 0.000400
360.00 C 20261120 191.80 198.45 0 17 0.4751 0.9761 0.000400
360.00 P 20261120 1.20 1.35 2 267 0.4687 -0.0248 0.000400
370.00 C 20261120 182.10 188.85 0 3 0.4625 0.9704 0.000500
370.00 P 20261120 1.49 1.66 1 207 0.4601 -0.0306 0.000600
380.00 C 20261120 172.40 179.35 0 6 0.4506 0.9634 0.000600
380.00 P 20261120 1.91 2.15 14 142 0.4564 -0.0376 0.000700
390.00 C 20261120 163.20 170.00 0 38 0.4498 0.9549 0.000800
390.00 P 20261120 2.38 2.60 13 260 0.4485 -0.0461 0.000800
400.00 C 20261120 153.95 160.75 0 49 0.4450 0.9448 0.000900
400.00 P 20261120 2.99 3.20 33 744 0.4427 -0.0564 0.000900
405.00 C 20261120 149.30 156.15 0 40 0.4413 0.9391 0.001000
405.00 P 20261120 3.30 3.70 1 221 0.4416 -0.0621 0.001000
410.00 C 20261120 144.70 151.60 0 10 0.4382 0.9329 0.001100
410.00 P 20261120 3.65 4.05 0 189 0.4378 -0.0684 0.001100
415.00 C 20261120 140.30 147.10 0 16 0.4376 0.9262 0.001200
415.00 P 20261120 4.15 4.45 1 147 0.4360 -0.0752 0.001200
420.00 C 20261120 136.05 142.65 0 6 0.4382 0.9190 0.001300
420.00 P 20261120 4.65 4.95 18 947 0.4343 -0.0825 0.001300
425.00 C 20261120 131.25 138.25 0 40 0.4319 0.9112 0.001400
425.00 P 20261120 5.20 5.50 20 549 0.4327 -0.0903 0.001400
430.00 C 20261120 127.00 133.90 0 7 0.4315 0.9030 0.001400
430.00 P 20261120 5.75 6.20 42 219 0.4318 -0.0987 0.001500
435.00 C 20261120 123.30 128.50 0 1 0.4250 0.8941 0.001600
435.00 P 20261120 6.40 6.75 31 704 0.4293 -0.1076 0.001600
440.00 C 20261120 120.20 124.25 0 15 0.4346 0.8848 0.001700
440.00 P 20261120 7.10 7.50 38 381 0.4282 -0.1171 0.001700
445.00 C 20261120 113.85 120.30 0 30 0.4157 0.8748 0.001800
445.00 P 20261120 7.85 8.25 13 355 0.4266 -0.1272 0.001800
450.00 C 20261120 109.45 115.90 0 148 0.4103 0.8643 0.001900
450.00 P 20261120 8.70 9.05 37 1539 0.4253 -0.1379 0.001900
455.00 C 20261120 105.35 111.85 0 28 0.4096 0.8532 0.002000
455.00 P 20261120 9.55 9.95 2 377 0.4238 -0.1491 0.002000
460.00 C 20261120 103.45 107.45 0 59 0.4221 0.8416 0.002100
460.00 P 20261120 10.50 10.95 11 505 0.4228 -0.1609 0.002100
465.00 C 20261120 97.45 103.95 2 33 0.4090 0.8294 0.002200
465.00 P 20261120 11.55 11.95 36 337 0.4215 -0.1733 0.002200
470.00 C 20261120 93.60 99.05 2 47 0.4011 0.8167 0.002300
470.00 P 20261120 12.65 13.10 4 1414 0.4207 -0.1862 0.002300
475.00 C 20261120 91.05 96.35 0 39 0.4164 0.8034 0.002400
475.00 P 20261120 13.85 14.30 32 710 0.4200 -0.1997 0.002400
480.00 C 20261120 86.10 92.65 6 174 0.4075 0.7897 0.002500
480.00 P 20261120 15.10 15.55 54 1187 0.4188 -0.2137 0.002600
485.00 C 20261120 84.60 88.00 5 21 0.4137 0.7755 0.002600
485.00 P 20261120 16.50 16.90 40 440 0.4182 -0.2281 0.002600
490.00 C 20261120 79.00 86.70 1 14 0.4140 0.7608 0.002700
490.00 P 20261120 17.95 18.35 32 774 0.4176 -0.2430 0.002800
495.00 C 20261120 77.25 82.00 0 55 0.4158 0.7458 0.002800
495.00 P 20261120 19.45 19.90 358 644 0.4169 -0.2584 0.002800
500.00 C 20261120 74.05 78.75 7 333 0.4166 0.7303 0.002900
500.00 P 20261120 21.05 21.55 502 2951 0.4163 -0.2742 0.002900
505.00 C 20261120 71.00 75.45 0 56 0.4169 0.7145 0.003000
505.00 P 20261120 22.75 23.35 4 600 0.4162 -0.2903 0.003000
510.00 C 20261120 68.65 71.75 9 674 0.4179 0.6984 0.003100
510.00 P 20261120 24.55 25.05 10 1216 0.4152 -0.3068 0.003100
515.00 C 20261120 65.05 69.10 7 47 0.4169 0.6820 0.003100
515.00 P 20261120 26.45 27.00 7 779 0.4148 -0.3236 0.003200
520.00 C 20261120 60.50 66.20 1 46 0.4090 0.6653 0.003200
520.00 P 20261120 28.40 29.00 68 957 0.4144 -0.3406 0.003300
525.00 C 20261120 60.20 62.25 0 52 0.4163 0.6484 0.003200
525.00 P 20261120 30.50 31.10 18 771 0.4142 -0.3578 0.003300
530.00 C 20261120 56.75 59.05 11 958 0.4109 0.6314 0.003300
530.00 P 20261120 32.65 33.30 23 2134 0.4139 -0.3753 0.003400
535.00 C 20261120 53.50 57.25 0 197 0.4124 0.6143 0.003400
535.00 P 20261120 34.95 35.60 15 1056 0.4139 -0.3928 0.003400
540.00 C 20261120 52.20 53.90 603 387 0.4149 0.5971 0.003400
540.00 P 20261120 37.30 38.05 588 1649 0.4139 -0.4105 0.003500
545.00 C 20261120 49.60 50.95 25 269 0.4123 0.5798 0.003400
545.00 P 20261120 39.75 40.50 34 843 0.4136 -0.4282 0.003500
550.00 C 20261120 47.45 48.25 121 1020 0.4122 0.5626 0.003500
550.00 P 20261120 42.30 43.10 166 2354 0.4136 -0.4460 0.003600
555.00 C 20261120 45.20 45.95 367 167 0.4127 0.5454 0.003500
555.00 P 20261120 44.95 45.75 15 741 0.4135 -0.4637 0.003600
560.00 C 20261120 42.90 43.70 20 1457 0.4124 0.5282 0.003500
560.00 P 20261120 47.70 48.55 14 1750 0.4137 -0.4813 0.003600
565.00 C 20261120 40.80 41.60 9 731 0.4125 0.5112 0.003500
565.00 P 20261120 50.50 51.30 3 563 0.4132 -0.4989 0.003600
570.00 C 20261120 38.85 39.50 103 1169 0.4134 0.4943 0.003500
570.00 P 20261120 53.45 54.35 41 1202 0.4139 -0.5164 0.003600
575.00 C 20261120 36.95 37.50 34 1002 0.4138 0.4776 0.003500
575.00 P 20261120 56.45 57.30 2 805 0.4136 -0.5336 0.003600
580.00 C 20261120 34.90 35.65 111 716 0.4135 0.4611 0.003500
580.00 P 20261120 59.20 60.55 13 1064 0.4128 -0.5506 0.003600
585.00 C 20261120 33.20 33.85 13 6445 0.4142 0.4448 0.003500
585.00 P 20261120 62.05 64.10 3 7073 0.4130 -0.5675 0.003600
590.00 C 20261120 31.45 32.10 128 2671 0.4143 0.4289 0.003400
590.00 P 20261120 65.65 67.75 3 2798 0.4165 -0.5841 0.003600
595.00 C 20261120 29.80 30.45 25 954 0.4147 0.4132 0.003400
595.00 P 20261120 67.95 71.45 1 662 0.4135 -0.6004 0.003500
600.00 C 20261120 28.30 28.85 327 5372 0.4152 0.3978 0.003400
600.00 P 20261120 71.45 75.20 42 3372 0.4156 -0.6163 0.003500
605.00 C 20261120 26.80 27.40 4 1269 0.4159 0.3827 0.003300
605.00 P 20261120 74.25 79.15 57 259 0.4146 -0.6320 0.003500
610.00 C 20261120 25.45 25.95 407 1456 0.4166 0.3680 0.003300
610.00 P 20261120 77.80 83.05 41 772 0.4163 -0.6473 0.003400
615.00 C 20261120 24.10 24.60 4 1035 0.4172 0.3537 0.003200
615.00 P 20261120 81.45 86.95 4 277 0.4180 -0.6622 0.003400
620.00 C 20261120 22.75 23.30 69 1823 0.4173 0.3397 0.003200
620.00 P 20261120 85.50 90.00 10 866 0.4166 -0.6768 0.003300
625.00 C 20261120 21.60 22.10 6 588 0.4184 0.3261 0.003100
625.00 P 20261120 89.10 94.45 0 671 0.4195 -0.6910 0.003300
630.00 C 20261120 20.45 20.90 52 2090 0.4189 0.3130 0.003100
630.00 P 20261120 93.40 98.35 36 766 0.4227 -0.7047 0.003200
635.00 C 20261120 19.35 19.75 19 2364 0.4193 0.3002 0.003000
635.00 P 20261120 96.90 101.35 0 263 0.4160 -0.7182 0.003200
640.00 C 20261120 18.35 18.75 36 1487 0.4205 0.2878 0.003000
640.00 P 20261120 100.85 106.15 3 1263 0.4210 -0.7312 0.003100
645.00 C 20261120 17.30 17.75 20 318 0.4209 0.2758 0.002900
645.00 P 20261120 104.90 109.80 0 336 0.4195 -0.7437 0.003000
650.00 C 20261120 16.50 16.85 72 4064 0.4226 0.2642 0.002800
650.00 P 20261120 110.10 113.50 6 1768 0.4243 -0.7559 0.003000
655.00 C 20261120 15.50 15.95 27 325 0.4227 0.2531 0.002800
655.00 P 20261120 113.15 118.50 3 126 0.4237 -0.7677 0.002900
660.00 C 20261120 14.65 15.10 23 1964 0.4234 0.2423 0.002700
660.00 P 20261120 117.20 122.95 1 487 0.4251 -0.7791 0.002800
665.00 C 20261120 13.85 14.25 5 387 0.4239 0.2320 0.002600
665.00 P 20261120 120.95 127.10 0 111 0.4222 -0.7901 0.002800
670.00 C 20261120 13.10 13.50 13 419 0.4248 0.2220 0.002500
670.00 P 20261120 125.70 131.50 0 163 0.4268 -0.8007 0.002700
675.00 C 20261120 12.40 12.85 31 766 0.4262 0.2124 0.002500
675.00 P 20261120 128.90 135.75 0 132 0.4192 -0.8109 0.002600
680.00 C 20261120 11.75 12.15 13 779 0.4271 0.2032 0.002400
680.00 P 20261120 134.40 140.20 11 484 0.4285 -0.8208 0.002600
685.00 C 20261120 11.10 11.50 1 530 0.4278 0.1943 0.002300
685.00 P 20261120 137.70 144.80 0 138 0.4225 -0.8303 0.002500
690.00 C 20261120 10.50 10.90 20 659 0.4288 0.1858 0.002300
690.00 P 20261120 143.20 149.15 0 156 0.4306 -0.8395 0.002400
695.00 C 20261120 9.95 10.35 11 554 0.4300 0.1777 0.002200
695.00 P 20261120 147.45 152.25 22 70 0.4184 -0.8483 0.002400
700.00 C 20261120 9.45 9.80 338 15993 0.4312 0.1698 0.002100
700.00 P 20261120 151.40 156.95 0 238 0.4153 -0.8568 0.002300
705.00 C 20261120 8.90 9.30 8 602 0.4320 0.1624 0.002100
705.00 P 20261120 155.95 161.30 0 20 0.4136 -0.8650 0.002300
710.00 C 20261120 8.45 8.80 43 1356 0.4330 0.1552 0.002000
710.00 P 20261120 161.60 167.15 0 26 0.4359 -0.8729 0.002200
715.00 C 20261120 8.00 8.35 11 160 0.4341 0.1484 0.001900
715.00 P 20261120 165.00 171.95 0 36 0.4271 -0.8805 0.002200
720.00 C 20261120 7.55 7.95 1 864 0.4352 0.1418 0.001900
720.00 P 20261120 169.65 176.85 9 65 0.4307 -0.8877 0.002100
725.00 C 20261120 7.15 7.55 15 521 0.4364 0.1356 0.001800
725.00 P 20261120 174.30 182.00 0 12 0.4387 -0.8948 0.002000
730.00 C 20261120 6.80 7.15 11 348 0.4376 0.1296 0.001800
730.00 P 20261120 179.00 185.55 0 70 0.4246 -0.9015 0.002000
735.00 C 20261120 6.45 6.75 56 414 0.4384 0.1239 0.001700
735.00 P 20261120 183.75 190.75 0 80 0.4315 -0.9080 0.002000
740.00 C 20261120 6.10 6.40 4 429 0.4394 0.1185 0.001600
740.00 P 20261120 188.50 195.30 0 90 0.4298 -0.9143 0.001900
745.00 C 20261120 5.85 6.05 0 305 0.4409 0.1133 0.001600
745.00 P 20261120 193.25 199.80 0 13 0.4264 -0.9204 0.001800
750.00 C 20261120 5.50 5.85 88 5465 0.4426 0.1083 0.001500
750.00 P 20261120 198.05 205.15 0 33 0.4358 -0.9261 0.001800
755.00 C 20261120 5.20 5.55 141 4004 0.4435 0.1036 0.001500
755.00 P 20261120 202.85 209.60 0 31 0.4308 -0.9316 0.001800
760.00 C 20261120 5.00 5.25 7 4373 0.4451 0.0990 0.001400
760.00 P 20261120 207.65 214.20 0 31 0.4263 -0.9368 0.001700
765.00 C 20261120 4.75 5.00 68 3978 0.4464 0.0948 0.001400
765.00 P 20261120 212.50 219.30 0 20 0.4320 -0.9420 0.001600
770.00 C 20261120 4.45 4.75 80 4920 0.4469 0.0906 0.001300
770.00 P 20261120 217.35 224.40 0 24 0.4375 -0.9468 0.001600
775.00 C 20261120 4.30 4.55 97 4460 0.4494 0.0867 0.001300
775.00 P 20261120 222.25 229.40 1 17 0.4418 -0.9514 0.001500
780.00 C 20261120 4.05 4.35 92 4985 0.4504 0.0830 0.001200
780.00 P 20261120 227.10 234.25 1 64 0.4410 -0.9557 0.001500
785.00 C 20261120 3.85 4.15 82 196 0.4517 0.0795 0.001200
785.00 P 20261120 232.00 238.95 0 25 0.4362 -0.9597 0.001400
790.00 C 20261120 3.70 3.95 76 850 0.4534 0.0761 0.001100
790.00 P 20261120 236.90 244.05 15 88 0.4424 -0.9635 0.001300
795.00 C 20261120 3.50 3.75 24 338 0.4543 0.0728 0.001100
795.00 P 20261120 241.80 248.65 0 1 0.4259 -0.9670 0.001300
800.00 C 20261120 3.35 3.55 118 20518 0.4555 0.0698 0.001100
800.00 P 20261120 246.75 253.95 1 51 0.4449 -0.9704 0.001200
805.00 C 20261120 3.15 3.40 74 4019 0.4564 0.0668 0.001000
805.00 P 20261120 251.70 259.35 0 4 0.4639 -0.9736 0.001100
810.00 C 20261120 3.00 3.25 54 6424 0.4578 0.0640 0.001000
810.00 P 20261120 256.65 264.30 0 0 0.4666 -0.9765 0.001000
815.00 C 20261120 2.88 3.10 80 3992 0.4595 0.0614 0.001000
815.00 P 20261120 261.60 269.25 0 0 0.4688 -0.9792 0.001000
820.00 C 20261120 2.70 2.95 118 4327 0.4599 0.0589 0.000900
820.00 P 20261120 266.55 274.20 0 0 0.4706 -0.9815 0.000900
825.00 C 20261120 2.57 2.82 36 4489 0.4612 0.0564 0.000900
825.00 P 20261120 271.50 279.15 0 0 0.4717 -0.9837 0.000800
830.00 C 20261120 2.45 2.70 71 4976 0.4627 0.0541 0.000900
830.00 P 20261120 276.50 284.15 0 0 0.4774 -0.9857 0.000700
835.00 C 20261120 2.41 2.61 73 113 0.4658 0.0520 0.000800
835.00 P 20261120 281.50 289.15 0 0 0.4830 -0.9876 0.000700
840.00 C 20261120 2.24 2.48 0 765 0.4658 0.0499 0.000800
840.00 P 20261120 286.50 294.15 0 0 0.4886 -0.9892 0.000600
845.00 C 20261120 2.17 2.33 0 124 0.4669 0.0479 0.000800
845.00 P 20261120 291.50 299.15 0 0 0.4942 -0.9907 0.000600
850.00 C 20261120 2.11 2.28 25 1342 0.4700 0.0460 0.000700
850.00 P 20261120 296.50 304.15 0 0 0.4997 -0.9920 0.000500
855.00 C 20261120 2.01 2.24 1 220 0.4724 0.0442 0.000700
855.00 P 20261120 301.50 309.15 0 0 0.5052 -0.9931 0.000400
860.00 C 20261120 1.93 2.10 0 730 0.4730 0.0424 0.000700
860.00 P 20261120 306.50 314.15 0 0 0.5106 -0.9941 0.000400
865.00 C 20261120 1.74 2.06 0 174 0.4731 0.0408 0.000700
865.00 P 20261120 311.50 319.15 0 0 0.5160 -0.9950 0.000300
870.00 C 20261120 1.73 1.94 4 764 0.4752 0.0392 0.000600
870.00 P 20261120 316.50 324.15 0 0 0.5213 -0.9957 0.000300
875.00 C 20261120 1.63 1.86 0 1150 0.4760 0.0378 0.000600
875.00 P 20261120 321.50 329.15 0 0 0.5266 -0.9964 0.000200
880.00 C 20261120 1.57 1.84 0 181 0.4789 0.0363 0.000600
880.00 P 20261120 326.50 334.15 0 0 0.5319 -0.9970 0.000200
885.00 C 20261120 1.46 1.77 0 97 0.4794 0.0350 0.000600
885.00 P 20261120 331.50 339.15 0 0 0.5371 -0.9976 0.000200
890.00 C 20261120 1.40 1.65 0 61 0.4796 0.0337 0.000600
890.00 P 20261120 336.50 344.15 0 0 0.5423 -0.9981 0.000100
895.00 C 20261120 1.34 1.57 0 37 0.4803 0.0324 0.000500
895.00 P 20261120 341.50 349.15 0 0 0.5475 -0.9985 0.000100
900.00 C 20261120 1.36 1.50 3 2309 0.4838 0.0312 0.000500
900.00 P 20261120 346.50 354.10 0 0 0.5498 -0.9987 0.000100
905.00 C 20261120 1.23 1.51 0 74 0.4850 0.0301 0.000500
905.00 P 20261120 351.50 359.15 0 0 0.5577 -0.9989 0.000100
910.00 C 20261120 1.18 1.46 0 164 0.4866 0.0290 0.000500
910.00 P 20261120 356.50 364.10 0 0 0.5599 -0.9991 0.000100
915.00 C 20261120 1.23 1.36 41 19 0.4896 0.0280 0.000500
915.00 P 20261120 361.50 369.10 0 0 0.5650 -0.9993 0.000100
920.00 C 20261120 1.19 1.37 0 107 0.4931 0.0270 0.000500
920.00 P 20261120 366.50 374.10 0 0 0.5699 -0.9994 0.000000
925.00 C 20261120 1.12 1.26 10 90 0.4920 0.0261 0.000400
925.00 P 20261120 371.50 379.10 0 0 0.5749 -0.9995 0.000000
930.00 C 20261120 1.01 1.24 20 123 0.4925 0.0251 0.000400
930.00 P 20261120 376.50 384.10 0 0 0.5798 -0.9996 0.000000
935.00 C 20261120 1.05 1.17 0 103 0.4957 0.0242 0.000400
935.00 P 20261120 381.50 389.10 0 0 0.5847 -0.9997 0.000000
940.00 C 20261120 0.98 1.13 2 104 0.4962 0.0234 0.000400
940.00 P 20261120 386.50 394.10 0 0 0.5895 -0.9998 0.000000
945.00 C 20261120 0.98 1.13 0 58 0.5003 0.0226 0.000400
945.00 P 20261120 391.50 399.10 0 0 0.5944 -0.9999 0.000000
950.00 C 20261120 0.94 1.04 96 2125 0.4995 0.0219 0.000400
950.00 P 20261120 396.50 404.10 0 0 0.5992 -0.9999 0.000000
955.00 C 20261120 0.83 1.08 0 58 0.5014 0.0212 0.000400
955.00 P 20261120 401.50 409.10 0 0 0.6039 -1.0000 0.000000
960.00 C 20261120 0.85 0.98 1 116 0.5023 0.0205 0.000400
960.00 P 20261120 406.50 414.10 0 0 0.6086 -1.0000 0.000000
965.00 C 20261120 0.77 1.01 0 127 0.5044 0.0198 0.000300
965.00 P 20261120 411.50 419.10 0 0 0.6134 -1.0000 0.000000
970.00 C 20261120 0.77 0.92 0 46 0.5047 0.0192 0.000300
970.00 P 20261120 416.50 424.10 0 0 0.6180 -1.0000 0.000000
975.00 C 20261120 0.79 0.89 6 43 0.5081 0.0186 0.000300
975.00 P 20261120 421.50 429.15 0 0 0.6256 -1.0000 0.000000
980.00 C 20261120 0.69 0.92 0 82 0.5090 0.0180 0.000300
980.00 P 20261120 426.50 434.15 0 0 0.6303 -1.0000 0.000000
985.00 C 20261120 0.66 0.85 0 57 0.5085 0.0174 0.000300
985.00 P 20261120 431.50 439.15 0 0 0.6349 -1.0000 0.000000
990.00 C 20261120 0.64 0.87 0 50 0.5122 0.0169 0.000300
990.00 P 20261120 436.50 444.15 0 0 0.6394 -1.0000 0.000000
1000.00 C 20261120 0.65 0.75 110 1147 0.5145 0.0159 0.000300
1000.00 P 20261120 446.50 454.15 0 0 0.6485 -1.0000 0.000000
1010.00 C 20261120 0.57 0.71 3 113 0.5155 0.0150 0.000300
1010.00 P 20261120 456.50 464.15 0 0 0.6575 -1.0000 0.000000
1020.00 C 20261120 0.48 0.70 0 83 0.5177 0.0141 0.000200
1020.00 P 20261120 466.50 474.15 0 0 0.6664 -1.0000 0.000000
1030.00 C 20261120 0.53 0.66 0 154 0.5252 0.0133 0.000200
1030.00 P 20261120 476.50 484.15 0 0 0.6752 -1.0000 0.000000
1040.00 C 20261120 0.42 0.68 0 53 0.5270 0.0126 0.000200
1040.00 P 20261120 486.50 494.15 0 0 0.6838 -1.0000 0.000000
1050.00 C 20261120 0.39 0.58 1 153 0.5258 0.0119 0.000200
1050.00 P 20261120 496.50 504.15 0 0 0.6924 -1.0000 0.000000
1060.00 C 20261120 0.37 0.55 1 91 0.5291 0.0112 0.000200
1060.00 P 20261120 506.50 514.15 0 0 0.7009 -1.0000 0.000000
1070.00 C 20261120 0.35 0.56 0 67 0.5349 0.0107 0.000200
1070.00 P 20261120 516.50 524.15 0 0 0.7093 -1.0000 0.000000
1080.00 C 20261120 0.37 0.54 0 231 0.5414 0.0101 0.000200
1080.00 P 20261120 526.50 534.15 0 0 0.7177 -1.0000 0.000000
1090.00 C 20261120 0.30 0.55 0 34 0.5435 0.0096 0.000200
1090.00 P 20261120 536.50 544.15 0 0 0.7259 -1.0000 0.000000
1100.00 C 20261120 0.34 0.49 0 1201 0.5482 0.0091 0.000200
1100.00 P 20261120 546.50 554.15 0 0 0.7340 -1.0000 0.000000
1110.00 C 20261120 0.31 0.48 0 119 0.5513 0.0087 0.000100
1110.00 P 20261120 556.50 564.15 0 0 0.7421 -1.0000 0.000000
1120.00 C 20261120 0.24 0.47 0 89 0.5509 0.0083 0.000100
1120.00 P 20261120 566.50 574.15 0 0 0.7500 -1.0000 0.000000
1130.00 C 20261120 0.23 0.47 0 51 0.5560 0.0079 0.000100
1130.00 P 20261120 576.50 584.15 0 0 0.7579 -1.0000 0.000000
1140.00 C 20261120 0.21 0.45 0 101 0.5583 0.0075 0.000100
1140.00 P 20261120 586.50 594.15 0 0 0.7658 -1.0000 0.000000
1150.00 C 20261120 0.20 0.43 0 256 0.5612 0.0072 0.000100
1150.00 P 20261120 596.50 604.15 0 0 0.7735 -1.0000 0.000000
1160.00 C 20261120 0.20 0.41 0 111 0.5650 0.0068 0.000100
1160.00 P 20261120 606.50 614.15 0 0 0.7811 -1.0000 0.000000
1170.00 C 20261120 0.18 0.41 0 44 0.5687 0.0066 0.000100
1170.00 P 20261120 616.50 624.15 0 0 0.7887 -1.0000 0.000000
1180.00 C 20261120 0.18 0.38 0 33 0.5711 0.0063 0.000100
1180.00 P 20261120 626.50 634.15 0 0 0.7962 -1.0000 0.000000
1190.00 C 20261120 0.16 0.38 0 55 0.5745 0.0060 0.000100
1190.00 P 20261120 636.50 644.15 0 0 0.8037 -1.0000 0.000000
1200.00 C 20261120 0.19 0.33 0 1370 0.5773 0.0058 0.000100
1200.00 P 20261120 646.50 654.15 0 0 0.8111 -1.0000 0.000000
1210.00 C 20261120 0.15 0.35 0 74 0.5804 0.0055 0.000100
1210.00 P 20261120 656.50 664.15 0 0 0.8184 -1.0000 0.000000
1220.00 C 20261120 0.13 0.35 0 24 0.5833 0.0053 0.000100
1220.00 P 20261120 666.50 674.15 0 0 0.8256 -1.0000 0.000000
1230.00 C 20261120 0.14 0.33 0 28 0.5872 0.0051 0.000100
1230.00 P 20261120 676.50 684.15 0 0 0.8328 -1.0000 0.000000
1240.00 C 20261120 0.13 0.32 0 49 0.5898 0.0049 0.000100
1240.00 P 20261120 686.50 694.15 0 0 0.8399 -1.0000 0.000000
1250.00 C 20261120 0.17 0.26 6 325 0.5923 0.0047 0.000100
1250.00 P 20261120 696.50 704.15 0 0 0.8470 -1.0000 0.000000
1260.00 C 20261120 0.12 0.31 0 85 0.5973 0.0045 0.000100
1260.00 P 20261120 706.50 714.15 0 0 0.8540 -1.0000 0.000000
1270.00 C 20261120 0.10 0.31 0 64 0.5995 0.0043 0.000100
1270.00 P 20261120 716.50 724.15 0 0 0.8609 -1.0000 0.000000
1280.00 C 20261120 0.10 0.30 0 33 0.6030 0.0042 0.000100
1280.00 P 20261120 726.50 734.15 0 0 0.8678 -1.0000 0.000000
1290.00 C 20261120 0.10 0.29 0 63 0.6064 0.0040 0.000100
1290.00 P 20261120 736.50 744.15 0 0 0.8746 -1.0000 0.000000
1300.00 C 20261120 0.11 0.26 0 170 0.6082 0.0039 0.000100
1300.00 P 20261120 746.50 754.15 0 0 0.8813 -1.0000 0.000000
1310.00 C 20261120 0.09 0.27 0 3 0.6113 0.0037 0.000100
1310.00 P 20261120 756.50 764.15 0 0 0.8880 -1.0000 0.000000
1320.00 C 20261120 0.08 0.27 0 17 0.6144 0.0036 0.000100
1320.00 P 20261120 766.50 774.15 0 0 0.8946 -1.0000 0.000000
1330.00 C 20261120 0.07 0.26 0 20 0.6157 0.0035 0.000100
1330.00 P 20261120 776.50 784.15 0 0 0.9012 -1.0000 0.000000
1340.00 C 20261120 0.07 0.25 0 13 0.6185 0.0034 0.000100
1340.00 P 20261120 786.50 794.15 0 0 0.9078 -1.0000 0.000000
1350.00 C 20261120 0.06 0.25 0 33 0.6212 0.0032 0.000100
1350.00 P 20261120 796.50 804.15 0 0 0.9143 -1.0000 0.000000
1360.00 C 20261120 0.06 0.24 2 31 0.6239 0.0031 0.000100
1360.00 P 20261120 806.50 814.15 0 0 0.9207 -1.0000 0.000000
1370.00 C 20261120 0.05 0.23 2 55 0.6244 0.0030 0.000000
1370.00 P 20261120 816.50 824.15 0 0 0.9271 -1.0000 0.000000
1380.00 C 20261120 0.05 0.23 0 13 0.6288 0.0029 0.000000
1380.00 P 20261120 826.50 834.15 0 0 0.9334 -1.0000 0.000000
1390.00 C 20261120 0.04 0.22 0 16 0.6290 0.0028 0.000000
1390.00 P 20261120 836.50 844.15 0 0 0.9397 -1.0000 0.000000
1400.00 C 20261120 0.05 0.21 0 68 0.6333 0.0027 0.000000
1400.00 P 20261120 846.50 854.10 0 0 0.9423 -1.0000 0.000000
1410.00 C 20261120 0.03 0.21 0 18 0.6331 0.0026 0.000000
1410.00 P 20261120 856.50 864.15 0 0 0.9522 -1.0000 0.000000
1420.00 C 20261120 0.03 0.20 0 10 0.6349 0.0026 0.000000
1420.00 P 20261120 866.50 874.15 0 0 0.9583 -1.0000 0.000000
1430.00 C 20261120 0.03 0.20 0 19 0.6391 0.0025 0.000000
1430.00 P 20261120 876.50 884.15 0 0 0.9644 -1.0000 0.000000
1440.00 C 20261120 0.03 0.20 0 92 0.6432 0.0024 0.000000
1440.00 P 20261120 886.50 894.15 0 0 0.9705 -1.0000 0.000000
1450.00 C 20261120 0.02 0.18 0 104 0.6396 0.0023 0.000000
1450.00 P 20261120 896.50 904.15 0 0 0.9765 -1.0000 0.000000
1460.00 C 20261120 0.03 0.19 0 77 0.6488 0.0023 0.000000
1460.00 P 20261120 906.50 914.15 0 0 0.9825 -1.0000 0.000000
1470.00 C 20261120 0.04 0.19 1 89 0.6554 0.0022 0.000000
1470.00 P 20261120 916.50 924.15 0 0 0.9884 -1.0000 0.000000
1480.00 C 20261120 0.04 0.10 2 6210 0.6328 0.0021 0.000000
1480.00 P 20261120 926.50 934.15 0 0 0.9943 -1.0000 0.000000
5.00 C 20261218 541.10 548.75 1 3539 -1.0000 1.0000 0.000000
5.00 P 20261218 0.00 0.01 0 471 2.4441 0.0000 0.000000
10.00 C 20261218 536.05 543.65 0 52 -1.0000 1.0000 0.000000
10.00 P 20261218 0.00 0.10 0 130 2.4652 0.0000 0.000000
15.00 C 20261218 531.10 538.70 0 1 -1.0000 1.0000 0.000000
15.00 P 20261218 0.00 0.20 0 25 2.3415 0.0000 0.000000
20.00 C 20261218 526.15 533.75 0 6 -1.0000 1.0000 0.000000
20.00 P 20261218 0.00 0.20 0 325 2.1355 0.0000 0.000000
25.00 C 20261218 521.20 528.80 0 1 -1.0000 1.0000 0.000000
25.00 P 20261218 0.00 0.25 0 10 2.0252 0.0000 0.000000
30.00 C 20261218 516.30 523.90 0 1 -1.0000 1.0000 0.000000
30.00 P 20261218 0.00 0.30 0 63 1.9333 -0.0001 0.000000
35.00 C 20261218 511.30 518.95 0 0 -1.0000 1.0000 0.000000
35.00 P 20261218 0.00 0.35 0 14 1.8545 -0.0001 0.000000
40.00 C 20261218 506.40 514.00 0 0 -1.0000 1.0000 0.000000
40.00 P 20261218 0.00 0.40 0 17 1.7853 -0.0001 0.000000
45.00 C 20261218 501.50 509.10 0 1 -1.0000 1.0000 0.000000
45.00 P 20261218 0.00 1.02 0 2 1.9015 -0.0001 0.000000
50.00 C 20261218 496.55 504.15 0 6 -1.0000 1.0000 0.000000
50.00 P 20261218 0.00 0.77 0 427 1.7542 -0.0001 0.000000
55.00 C 20261218 491.60 499.20 0 1 -1.0000 1.0000 0.000000
55.00 P 20261218 0.00 0.77 0 41 1.6817 -0.0001 0.000000
60.00 C 20261218 486.70 494.30 0 0 -1.0000 1.0000 0.000000
60.00 P 20261218 0.00 1.02 0 22 1.6737 -0.0002 0.000000
65.00 C 20261218 481.75 489.35 0 0 -1.0000 1.0000 0.000000
65.00 P 20261218 0.00 0.77 0 34 1.5562 -0.0002 0.000000
70.00 C 20261218 476.85 484.45 0 1 -1.0000 1.0000 0.000000
70.00 P 20261218 0.00 0.11 0 28 1.2301 -0.0002 0.000000
75.00 C 20261218 471.90 479.50 0 2 -1.0000 1.0000 0.000000
75.00 P 20261218 0.00 1.02 0 16 1.5015 -0.0002 0.000000
80.00 C 20261218 466.95 474.55 0 2 -1.0000 1.0000 0.000000
80.00 P 20261218 0.00 0.11 0 45 1.1502 -0.0002 0.000000
85.00 C 20261218 462.05 469.65 0 0 -1.0000 1.0000 0.000000
85.00 P 20261218 0.00 0.77 0 246 1.3587 -0.0003 0.000000
90.00 C 20261218 457.10 464.70 0 0 -1.0000 1.0000 0.000000
90.00 P 20261218 0.01 0.15 5 277 1.1171 -0.0003 0.000000
95.00 C 20261218 452.20 459.80 0 2 -1.0000 1.0000 0.000000
95.00 P 20261218 0.00 0.56 0 203 1.2314 -0.0003 0.000000
100.00 C 20261218 447.25 454.85 0 111 -1.0000 1.0000 0.000000
100.00 P 20261218 0.01 0.51 4 422 1.1860 -0.0004 0.000000
110.00 C 20261218 437.40 445.00 0 26 -1.0000 1.0000 0.000000
110.00 P 20261218 0.01 0.52 11 108 1.1233 -0.0004 0.000000
120.00 C 20261218 427.55 435.15 0 30 -1.0000 1.0000 0.000000
120.00 P 20261218 0.01 0.26 9 186 0.9906 -0.0005 0.000000
130.00 C 20261218 417.70 425.30 0 13 -1.0000 1.0000 0.000000
130.00 P 20261218 0.00 0.59 0 325 1.0215 -0.0006 0.000000
140.00 C 20261218 407.85 415.45 0 114 -1.0000 1.0000 0.000000
140.00 P 20261218 0.00 0.10 1 258 0.8144 -0.0007 0.000000
150.00 C 20261218 398.00 405.60 0 126 -1.0000 1.0000 0.000000
150.00 P 20261218 0.00 0.41 11 366 0.8875 -0.0009 0.000000
160.00 C 20261218 388.15 395.75 0 62 -1.0000 0.9999 0.000000
160.00 P 20261218 0.00 0.10 0 414 0.7378 -0.0010 0.000000
170.00 C 20261218 378.30 385.90 0 83 -1.0000 0.9997 0.000000
170.00 P 20261218 0.01 0.10 10 593 0.7087 -0.0012 0.000000
180.00 C 20261218 368.45 376.05 0 199 -1.0000 0.9996 0.000000
180.00 P 20261218 0.01 0.27 23 150 0.7381 -0.0014 0.000000
190.00 C 20261218 358.60 366.20 0 225 -1.0000 0.9993 0.000000
190.00 P 20261218 0.03 0.12 33 217 0.6628 -0.0016 0.000000
200.00 C 20261218 348.80 356.40 0 337 -1.0000 0.9990 0.000000
200.00 P 20261218 0.06 0.10 2 922 0.6363 -0.0019 0.000000
210.00 C 20261218 338.90 346.50 0 269 -1.0000 0.9987 0.000000
210.00 P 20261218 0.07 0.20 0 461 0.6392 -0.0022 0.000000
220.00 C 20261218 329.15 336.75 0 287 0.5764 0.9984 0.000000
220.00 P 20261218 0.11 0.18 0 232 0.6147 -0.0026 0.000000
230.00 C 20261218 319.20 326.85 0 160 0.4699 0.9979 0.000000
230.00 P 20261218 0.08 0.27 0 141 0.5986 -0.0030 0.000000
240.00 C 20261218 309.40 317.00 0 45 0.5074 0.9974 0.000100
240.00 P 20261218 0.12 0.28 0 281 0.5799 -0.0036 0.000100
250.00 C 20261218 299.65 306.80 0 298 -1.0000 0.9968 0.000100
250.00 P 20261218 0.20 0.31 0 688 0.5688 -0.0042 0.000100
260.00 C 20261218 289.80 297.45 0 827 0.5310 0.9960 0.000100
260.00 P 20261218 0.19 0.37 0 644 0.5488 -0.0050 0.000100
270.00 C 20261218 279.90 287.55 0 49 0.4955 0.9950 0.000100
270.00 P 20261218 0.23 0.42 0 303 0.5330 -0.0060 0.000100
280.00 C 20261218 270.10 277.75 0 54 0.4899 0.9939 0.000100
280.00 P 20261218 0.31 0.48 0 324 0.5207 -0.0072 0.000100
290.00 C 20261218 260.30 267.95 0 73 0.4804 0.9924 0.000100
290.00 P 20261218 0.40 0.56 0 356 0.5090 -0.0087 0.000100
300.00 C 20261218 250.55 258.20 0 184 0.4766 0.9906 0.000200
300.00 P 20261218 0.57 0.68 8 1637 0.5027 -0.0105 0.000200
310.00 C 20261218 240.80 248.45 0 22 0.4686 0.9884 0.000200
310.00 P 20261218 0.66 0.79 0 332 0.4889 -0.0127 0.000200
320.00 C 20261218 231.10 238.75 0 86 0.4632 0.9856 0.000200
320.00 P 20261218 0.83 0.94 0 528 0.4793 -0.0155 0.000300
330.00 C 20261218 221.45 229.10 0 31 0.4585 0.9823 0.000300
330.00 P 20261218 1.00 1.17 6 203 0.4704 -0.0190 0.000300
340.00 C 20261218 212.70 219.50 0 61 0.4787 0.9782 0.000400
340.00 P 20261218 1.16 1.40 0 275 0.4595 -0.0231 0.000400
350.00 C 20261218 202.70 209.95 0 151 0.4588 0.9732 0.000400
350.00 P 20261218 1.57 1.73 7 1860 0.4558 -0.0281 0.000400
360.00 C 20261218 193.20 200.45 0 32 0.4511 0.9672 0.000500
360.00 P 20261218 1.88 2.11 14 2592 0.4477 -0.0342 0.000500
370.00 C 20261218 184.45 191.10 0 110 0.4573 0.9600 0.000600
370.00 P 20261218 2.41 2.59 4 414 0.4433 -0.0414 0.000600
380.00 C 20261218 174.90 181.80 0 30 0.4462 0.9516 0.000700
380.00 P 20261218 2.93 3.20 407 600 0.4377 -0.0500 0.000800
390.00 C 20261218 165.70 172.90 2 509 0.4438 0.9417 0.000900
390.00 P 20261218 3.60 3.90 0 534 0.4327 -0.0599 0.000900
400.00 C 20261218 157.70 163.65 2 1537 0.4475 0.9302 0.001000
400.00 P 20261218 4.50 4.75 17 2212 0.4295 -0.0715 0.001000
410.00 C 20261218 148.95 153.60 0 2606 0.4311 0.9171 0.001200
410.00 P 20261218 5.50 5.75 6 669 0.4257 -0.0847 0.001200
420.00 C 20261218 140.55 144.80 0 862 0.4288 0.9023 0.001300
420.00 P 20261218 6.70 7.00 484 1505 0.4231 -0.0998 0.001300
430.00 C 20261218 129.95 137.65 0 91 0.4188 0.8856 0.001500
430.00 P 20261218 8.05 8.40 10 674 0.4198 -0.1166 0.001500
440.00 C 20261218 123.75 128.05 0 157 0.4217 0.8671 0.001600
440.00 P 20261218 9.65 10.00 12 933 0.4170 -0.1353 0.001700
450.00 C 20261218 114.80 120.15 1 1281 0.4135 0.8468 0.001800
450.00 P 20261218 11.50 11.90 135 4322 0.4149 -0.1559 0.001800
460.00 C 20261218 106.80 113.40 0 170 0.4163 0.8246 0.002000
460.00 P 20261218 13.65 14.05 3 1877 0.4131 -0.1783 0.002000
470.00 C 20261218 99.55 103.50 0 2129 0.4018 0.8009 0.002200
470.00 P 20261218 16.05 16.45 11 1353 0.4112 -0.2025 0.002200
480.00 C 20261218 93.00 97.30 6 219 0.4095 0.7755 0.002300
480.00 P 20261218 18.75 19.25 78 2466 0.4101 -0.2283 0.002400
490.00 C 20261218 86.20 90.85 5 853 0.4107 0.7487 0.002500
490.00 P 20261218 21.80 22.25 26 1735 0.4087 -0.2555 0.002500
500.00 C 20261218 78.20 84.30 23 1849 0.4026 0.7207 0.002600
500.00 P 20261218 25.15 25.60 201 7969 0.4076 -0.2841 0.002700
510.00 C 20261218 71.85 78.10 1 153 0.4015 0.6917 0.002800
510.00 P 20261218 28.80 29.35 110 2643 0.4068 -0.3137 0.002800
520.00 C 20261218 68.25 71.35 14 1011 0.4072 0.6619 0.002900
520.00 P 20261218 32.80 33.40 21 1914 0.4060 -0.3442 0.002900
530.00 C 20261218 62.40 65.95 17 977 0.4060 0.6316 0.003000
530.00 P 20261218 37.15 37.85 34 3200 0.4057 -0.3754 0.003000
540.00 C 20261218 58.25 59.30 53 683 0.4041 0.6009 0.003000
540.00 P 20261218 41.85 42.55 141 1680 0.4052 -0.4070 0.003100
550.00 C 20261218 53.45 54.60 167 1604 0.4050 0.5701 0.003100
550.00 P 20261218 46.90 47.70 63 4041 0.4053 -0.4388 0.003200
560.00 C 20261218 49.10 49.85 41 933 0.4048 0.5395 0.003100
560.00 P 20261218 52.30 53.15 12 2168 0.4055 -0.4705 0.003200
565.00 C 20261218 46.95 47.70 25 569 0.4051 0.5243 0.003100
565.00 P 20261218 55.10 56.00 5 547 0.4055 -0.4862 0.003200
570.00 C 20261218 44.90 45.60 23 1166 0.4050 0.5092 0.003100
570.00 P 20261218 57.95 58.90 4 2788 0.4054 -0.5019 0.003300
575.00 C 20261218 42.90 43.60 7 586 0.4054 0.4943 0.003100
575.00 P 20261218 60.95 61.90 279 704 0.4056 -0.5175 0.003300
580.00 C 20261218 40.95 41.70 113 1202 0.4055 0.4795 0.003100
580.00 P 20261218 64.00 65.00 2 1534 0.4058 -0.5329 0.003300
585.00 C 20261218 39.15 39.85 13 374 0.4059 0.4649 0.003100
585.00 P 20261218 67.15 68.15 5 517 0.4060 -0.5482 0.003300
590.00 C 20261218 37.35 38.05 37 740 0.4059 0.4505 0.003100
590.00 P 20261218 70.30 71.95 3 1948 0.4086 -0.5633 0.003200
595.00 C 20261218 35.70 36.35 12 466 0.4062 0.4363 0.003100
595.00 P 20261218 73.65 74.90 1 859 0.4075 -0.5781 0.003200
600.00 C 20261218 34.10 34.70 168 4789 0.4068 0.4223 0.003100
600.00 P 20261218 77.05 78.95 25 4006 0.4108 -0.5928 0.003200
605.00 C 20261218 32.50 33.15 0 462 0.4071 0.4086 0.003000
605.00 P 20261218 79.65 83.15 0 222 0.4108 -0.6072 0.003200
610.00 C 20261218 31.00 31.65 15 980 0.4074 0.3951 0.003000
610.00 P 20261218 82.10 85.65 1 1013 0.4024 -0.6214 0.003200
615.00 C 20261218 29.60 30.20 9 404 0.4080 0.3820 0.003000
615.00 P 20261218 85.55 90.45 0 579 0.4075 -0.6353 0.003100
620.00 C 20261218 28.25 28.80 63 1517 0.4084 0.3691 0.002900
620.00 P 20261218 88.65 94.30 0 1383 0.4066 -0.6490 0.003100
625.00 C 20261218 26.90 27.50 12 446 0.4088 0.3564 0.002900
625.00 P 20261218 92.95 98.15 0 144 0.4103 -0.6623 0.003100
630.00 C 20261218 25.65 26.25 17 1714 0.4093 0.3442 0.002900
630.00 P 20261218 97.60 102.35 6 1486 0.4167 -0.6754 0.003000
635.00 C 20261218 24.50 25.15 30 186 0.4105 0.3322 0.002800
635.00 P 20261218 99.10 105.95 1 237 0.4057 -0.6881 0.003000
640.00 C 20261218 23.30 23.85 19 1691 0.4102 0.3205 0.002800
640.00 P 20261218 106.25 108.85 0 1133 0.4168 -0.7006 0.003000
645.00 C 20261218 22.20 22.80 39 690 0.4109 0.3091 0.002700
645.00 P 20261218 108.35 113.55 0 194 0.4125 -0.7127 0.002900
650.00 C 20261218 21.25 21.75 56 5774 0.4119 0.2980 0.002700
650.00 P 20261218 112.15 116.35 4 1398 0.4064 -0.7246 0.002900
655.00 C 20261218 20.25 20.75 2 373 0.4125 0.2873 0.002600
655.00 P 20261218 116.35 121.80 0 156 0.4135 -0.7361 0.002800
660.00 C 20261218 19.30 19.75 16 2243 0.4130 0.2768 0.002600
660.00 P 20261218 122.25 125.00 2 1110 0.4204 -0.7472 0.002800
665.00 C 20261218 18.40 18.85 11 616 0.4137 0.2667 0.002500
665.00 P 20261218 123.20 130.30 0 65 0.4105 -0.7581 0.002700
670.00 C 20261218 17.55 18.00 17 1342 0.4145 0.2569 0.002500
670.00 P 20261218 127.15 133.95 0 576 0.4070 -0.7687 0.002700
675.00 C 20261218 16.70 17.15 28 299 0.4150 0.2474 0.002400
675.00 P 20261218 131.60 138.75 0 53 0.4120 -0.7790 0.002600
680.00 C 20261218 15.90 16.35 61 1799 0.4155 0.2383 0.002400
680.00 P 20261218 137.05 143.00 0 1314 0.4192 -0.7890 0.002600
685.00 C 20261218 15.10 15.55 1 189 0.4157 0.2294 0.002300
685.00 P 20261218 141.05 147.15 0 36 0.4174 -0.7987 0.002500
690.00 C 20261218 14.45 14.90 56 814 0.4171 0.2208 0.002300
690.00 P 20261218 145.70 150.80 5 201 0.4159 -0.8080 0.002500
695.00 C 20261218 13.80 14.20 35 282 0.4179 0.2125 0.002200
695.00 P 20261218 148.90 155.95 0 46 0.4140 -0.8171 0.002400
700.00 C 20261218 13.15 13.55 133 9029 0.4187 0.2045 0.002200
700.00 P 20261218 155.40 160.30 0 804 0.4276 -0.8258 0.002400
705.00 C 20261218 12.55 12.95 61 473 0.4196 0.1968 0.002100
705.00 P 20261218 158.75 165.05 0 341 0.4235 -0.8344 0.002300
710.00 C 20261218 11.95 12.35 65 473 0.4203 0.1893 0.002000
710.00 P 20261218 162.25 169.00 1 263 0.4140 -0.8427 0.002300
715.00 C 20261218 11.40 11.80 28 283 0.4212 0.1821 0.002000
715.00 P 20261218 168.30 173.00 1 238 0.4221 -0.8507 0.002200
720.00 C 20261218 10.85 11.25 37 2471 0.4218 0.1752 0.001900
720.00 P 20261218 174.35 177.90 0 298 0.4364 -0.8585 0.002200
725.00 C 20261218 10.40 10.80 23 826 0.4233 0.1685 0.001900
725.00 P 20261218 175.90 183.10 0 118 0.4198 -0.8660 0.002200
730.00 C 20261218 9.90 10.30 16 1734 0.4240 0.1621 0.001800
730.00 P 20261218 180.50 187.40 0 94 0.4182 -0.8732 0.002100
735.00 C 20261218 9.45 9.85 6 441 0.4249 0.1560 0.001800
735.00 P 20261218 185.50 192.05 0 181 0.4224 -0.8802 0.002000
740.00 C 20261218 9.00 9.40 3 1041 0.4256 0.1500 0.001700
740.00 P 20261218 190.40 196.70 0 136 0.4255 -0.8871 0.002000
745.00 C 20261218 8.60 8.95 4 460 0.4264 0.1443 0.001700
745.00 P 20261218 194.45 201.60 0 77 0.4227 -0.8938 0.002000
750.00 C 20261218 8.25 8.60 40 5298 0.4279 0.1388 0.001600
750.00 P 20261218 200.20 206.35 81 802 0.4342 -0.9002 0.001900
755.00 C 20261218 7.85 8.20 25 2029 0.4284 0.1335 0.001600
755.00 P 20261218 203.85 210.65 0 80 0.4201 -0.9064 0.001900
760.00 C 20261218 7.50 7.85 0 2865 0.4295 0.1284 0.001600
760.00 P 20261218 209.60 215.15 0 354 0.4294 -0.9125 0.001900
765.00 C 20261218 7.15 7.50 1 2054 0.4302 0.1236 0.001500
765.00 P 20261218 213.35 220.15 0 33 0.4215 -0.9184 0.001800
770.00 C 20261218 6.85 7.15 0 2452 0.4311 0.1189 0.001500
770.00 P 20261218 218.15 224.75 0 52 0.4198 -0.9240 0.001800
775.00 C 20261218 6.50 6.85 1 2414 0.4318 0.1144 0.001400
775.00 P 20261218 222.95 229.75 0 35 0.4230 -0.9294 0.001800
780.00 C 20261218 6.25 6.55 35 3421 0.4330 0.1101 0.001400
780.00 P 20261218 227.75 234.55 0 46 0.4230 -0.9346 0.001700
785.00 C 20261218 5.95 6.25 9 637 0.4336 0.1059 0.001300
785.00 P 20261218 232.55 239.40 0 22 0.4231 -0.9396 0.001700
790.00 C 20261218 5.70 6.00 21 1758 0.4349 0.1019 0.001300
790.00 P 20261218 237.40 244.25 0 107 0.4231 -0.9443 0.001600
795.00 C 20261218 5.45 5.75 36 381 0.4359 0.0981 0.001300
795.00 P 20261218 242.30 249.70 0 22 0.4356 -0.9488 0.001600
800.00 C 20261218 5.25 5.45 138 8326 0.4367 0.0944 0.001200
800.00 P 20261218 247.15 254.30 0 213 0.4303 -0.9533 0.001500
805.00 C 20261218 5.05 5.25 62 1957 0.4382 0.0909 0.001200
805.00 P 20261218 252.05 259.05 0 39 0.4281 -0.9576 0.001400
810.00 C 20261218 4.80 5.05 54 1870 0.4391 0.0875 0.001200
810.00 P 20261218 256.95 263.70 0 8 0.4196 -0.9617 0.001400
815.00 C 20261218 4.55 4.85 95 2122 0.4397 0.0843 0.001100
815.00 P 20261218 261.85 269.10 0 7 0.4347 -0.9655 0.001300
820.00 C 20261218 4.40 4.65 63 2328 0.4412 0.0812 0.001100
820.00 P 20261218 266.75 273.35 0 89 -1.0000 -0.9689 0.001200
825.00 C 20261218 4.25 4.50 50 2312 0.4430 0.0782 0.001000
825.00 P 20261218 271.70 279.35 0 5 0.4484 -0.9721 0.001200
830.00 C 20261218 4.05 4.30 58 2991 0.4436 0.0754 0.001000
830.00 P 20261218 276.65 284.30 0 13 0.4507 -0.9751 0.001100
835.00 C 20261218 3.90 4.15 60 181 0.4452 0.0726 0.001000
835.00 P 20261218 281.60 289.25 0 20 0.4528 -0.9778 0.001000
840.00 C 20261218 3.75 3.95 50 981 0.4459 0.0700 0.001000
840.00 P 20261218 286.55 294.20 0 19 0.4546 -0.9804 0.001000
845.00 C 20261218 3.60 3.80 46 1913 0.4471 0.0675 0.000900
845.00 P 20261218 291.55 299.20 0 4 0.4597 -0.9826 0.000900
850.00 C 20261218 3.45 3.65 57 2069 0.4481 0.0650 0.000900
850.00 P 20261218 296.50 304.15 0 0 0.4611 -0.9848 0.000800
860.00 C 20261218 3.15 3.40 3 810 0.4503 0.0605 0.000800
860.00 P 20261218 306.50 314.15 0 0 0.4711 -0.9887 0.000600
870.00 C 20261218 2.96 3.15 0 773 0.4533 0.0563 0.000800
870.00 P 20261218 316.50 324.15 0 0 0.4810 -0.9917 0.000500
880.00 C 20261218 2.71 2.90 0 278 0.4549 0.0525 0.000800
880.00 P 20261218 326.50 334.15 0 0 0.4907 -0.9940 0.000400
890.00 C 20261218 2.51 2.72 11 156 0.4577 0.0490 0.000700
890.00 P 20261218 336.50 344.15 0 0 0.5002 -0.9960 0.000300
900.00 C 20261218 2.31 2.51 4 2399 0.4595 0.0457 0.000700
900.00 P 20261218 346.50 354.15 300 100 0.5097 -0.9972 0.000200
910.00 C 20261218 2.16 2.31 0 354 0.4616 0.0427 0.000600
910.00 P 20261218 356.50 364.15 0 0 0.5190 -0.9980 0.000100
920.00 C 20261218 2.01 2.20 35 277 0.4650 0.0400 0.000600
920.00 P 20261218 366.50 374.10 0 0 0.5262 -0.9988 0.000100
930.00 C 20261218 1.79 2.05 0 245 0.4657 0.0374 0.000600
930.00 P 20261218 376.50 384.10 0 0 0.5352 -0.9992 0.000100
940.00 C 20261218 1.71 1.90 0 395 0.4687 0.0351 0.000500
940.00 P 20261218 386.50 394.10 0 0 0.5442 -0.9996 0.000000
950.00 C 20261218 1.61 1.77 1 1100 0.4713 0.0329 0.000500
950.00 P 20261218 396.50 404.10 0 0 0.5530 -0.9999 0.000000
960.00 C 20261218 1.45 1.72 0 229 0.4739 0.0309 0.000500
960.00 P 20261218 406.50 414.10 0 0 0.5618 -1.0000 0.000000
970.00 C 20261218 1.42 1.53 2 2097 0.4759 0.0291 0.000400
970.00 P 20261218 416.50 424.10 0 0 0.5704 -1.0000 0.000000
980.00 C 20261218 1.26 1.44 1 178 0.4766 0.0274 0.000400
980.00 P 20261218 426.50 434.10 0 0 0.5789 -1.0000 0.000000
990.00 C 20261218 1.22 1.41 0 310 0.4817 0.0258 0.000400
990.00 P 20261218 436.50 444.10 0 0 0.5873 -1.0000 0.000000
1000.00 C 20261218 1.16 1.29 19 3444 0.4839 0.0243 0.000400
1000.00 P 20261218 446.50 454.15 0 1 0.5978 -1.0000 0.000000
1020.00 C 20261218 1.01 1.20 0 597 0.4897 0.0217 0.000300
1020.00 P 20261218 466.50 474.15 0 0 0.6142 -1.0000 0.000000
1030.00 C 20261218 0.95 1.08 0 2419 0.4903 0.0206 0.000300
1030.00 P 20261218 476.50 484.15 0 0 0.6223 -1.0000 0.000000
1040.00 C 20261218 0.86 1.03 0 132 0.4922 0.0194 0.000300
1040.00 P 20261218 486.50 494.15 0 0 0.6303 -1.0000 0.000000
1050.00 C 20261218 0.86 1.00 1 228 0.4974 0.0184 0.000300
1050.00 P 20261218 496.50 504.15 0 0 0.6381 -1.0000 0.000000
1060.00 C 20261218 0.81 0.98 0 217 0.5006 0.0175 0.000300
1060.00 P 20261218 506.50 514.15 0 0 0.6459 -1.0000 0.000000
1070.00 C 20261218 0.77 0.87 0 202 0.5012 0.0166 0.000300
1070.00 P 20261218 516.55 524.15 0 0 0.6559 -1.0000 0.000000
1080.00 C 20261218 0.69 0.89 0 166 0.5047 0.0158 0.000200
1080.00 P 20261218 526.55 534.15 0 0 0.6635 -1.0000 0.000000
1090.00 C 20261218 0.64 0.85 0 71 0.5068 0.0151 0.000200
1090.00 P 20261218 536.55 544.15 0 0 0.6711 -1.0000 0.000000
1100.00 C 20261218 0.65 0.75 1 1315 0.5082 0.0144 0.000200
1100.00 P 20261218 546.55 554.15 0 0 0.6786 -1.0000 0.000000
1110.00 C 20261218 0.55 0.80 0 161 0.5118 0.0137 0.000200
1110.00 P 20261218 556.55 564.15 0 0 0.6860 -1.0000 0.000000
1120.00 C 20261218 0.58 0.78 0 215 0.5179 0.0131 0.000200
1120.00 P 20261218 566.50 574.15 0 0 0.6911 -1.0000 0.000000
1130.00 C 20261218 0.48 0.75 0 100 0.5170 0.0125 0.000200
1130.00 P 20261218 576.50 584.15 0 0 0.6983 -1.0000 0.000000
1140.00 C 20261218 0.52 0.63 0 43 0.5184 0.0120 0.000200
1140.00 P 20261218 586.50 594.15 0 0 0.7055 -1.0000 0.000000
1150.00 C 20261218 0.50 0.60 0 1688 0.5208 0.0114 0.000200
1150.00 P 20261218 596.50 604.15 0 0 0.7126 -1.0000 0.000000
1160.00 C 20261218 0.47 0.64 0 40 0.5266 0.0109 0.000200
1160.00 P 20261218 606.50 614.15 0 0 0.7197 -1.0000 0.000000
1170.00 C 20261218 0.44 0.62 0 53 0.5286 0.0105 0.000200
1170.00 P 20261218 616.50 624.15 0 0 0.7267 -1.0000 0.000000
1180.00 C 20261218 0.39 0.62 0 215 0.5308 0.0101 0.000200
1180.00 P 20261218 626.50 634.15 0 0 0.7336 -1.0000 0.000000
1190.00 C 20261218 0.40 0.57 0 78 0.5334 0.0097 0.000100
1190.00 P 20261218 636.55 644.15 0 0 0.7428 -1.0000 0.000000
1200.00 C 20261218 0.39 0.54 0 916 0.5362 0.0092 0.000100
1200.00 P 20261218 646.55 654.15 0 0 0.7496 -1.0000 0.000000
1210.00 C 20261218 0.32 0.56 0 44 0.5373 0.0089 0.000100
1210.00 P 20261218 656.55 664.15 0 0 0.7563 -1.0000 0.000000
1220.00 C 20261218 0.30 0.54 0 98 0.5394 0.0086 0.000100
1220.00 P 20261218 666.50 674.15 0 0 0.7605 -1.0000 0.000000
1230.00 C 20261218 0.31 0.50 0 368 0.5420 0.0082 0.000100
1230.00 P 20261218 676.50 684.15 0 0 0.7672 -1.0000 0.000000
1240.00 C 20261218 0.30 0.45 0 1840 0.5422 0.0079 0.000100
1240.00 P 20261218 686.50 694.15 0 0 0.7737 -1.0000 0.000000
1250.00 C 20261218 0.32 0.41 0 1192 0.5452 0.0076 0.000100
1250.00 P 20261218 696.50 704.15 0 0 0.7802 -1.0000 0.000000
1260.00 C 20261218 0.25 0.48 0 83 0.5498 0.0074 0.000100
1260.00 P 20261218 706.50 714.15 0 0 0.7866 -1.0000 0.000000
1270.00 C 20261218 0.24 0.46 0 200 0.5519 0.0071 0.000100
1270.00 P 20261218 716.50 724.15 0 0 0.7930 -1.0000 0.000000
1280.00 C 20261218 0.26 0.40 0 307 0.5534 0.0068 0.000100
1280.00 P 20261218 726.50 734.15 0 0 0.7993 -1.0000 0.000000
1290.00 C 20261218 0.24 0.41 0 8565 0.5565 0.0066 0.000100
1290.00 P 20261218 736.50 744.15 0 0 0.8056 -1.0000 0.000000
1300.00 C 20261218 0.24 0.39 1 9396 0.5591 0.0064 0.000100
1300.00 P 20261218 746.50 754.15 0 0 0.8117 -1.0000 0.000000
1310.00 C 20261218 0.19 0.41 0 112 0.5606 0.0062 0.000100
1310.00 P 20261218 756.50 764.15 0 0 0.8178 -1.0000 0.000000
1320.00 C 20261218 0.19 0.40 0 85 0.5639 0.0060 0.000100
1320.00 P 20261218 766.50 774.15 0 0 0.8238 -1.0000 0.000000
1330.00 C 20261218 0.18 0.39 1 78 0.5661 0.0058 0.000100
1330.00 P 20261218 776.50 784.15 0 0 0.8298 -1.0000 0.000000
1340.00 C 20261218 0.19 0.36 0 279 0.5683 0.0056 0.000100
1340.00 P 20261218 786.50 794.15 0 0 0.8357 -1.0000 0.000000
1350.00 C 20261218 0.15 0.36 0 127 0.5681 0.0054 0.000100
1350.00 P 20261218 796.50 804.15 0 0 0.8416 -1.0000 0.000000
1360.00 C 20261218 0.14 0.35 0 90 0.5700 0.0052 0.000100
1360.00 P 20261218 806.50 814.15 0 0 0.8474 -1.0000 0.000000
1370.00 C 20261218 0.14 0.34 0 147 0.5728 0.0051 0.000100
1370.00 P 20261218 816.50 824.15 0 0 0.8532 -1.0000 0.000000
1380.00 C 20261218 0.13 0.33 0 62 0.5744 0.0049 0.000100
1380.00 P 20261218 826.50 834.15 0 0 0.8590 -1.0000 0.000000
1390.00 C 20261218 0.12 0.32 0 110 0.5759 0.0048 0.000100
1390.00 P 20261218 836.50 844.15 0 0 0.8647 -1.0000 0.000000
1400.00 C 20261218 0.15 0.28 0 2517 0.5785 0.0046 0.000100
1400.00 P 20261218 846.50 854.15 0 0 0.8703 -1.0000 0.000000
1410.00 C 20261218 0.12 0.31 0 149 0.5828 0.0044 0.000100
1410.00 P 20261218 856.50 864.15 0 0 0.8759 -1.0000 0.000000
1420.00 C 20261218 0.13 0.27 0 832 0.5826 0.0043 0.000100
1420.00 P 20261218 866.50 874.15 0 0 0.8815 -1.0000 0.000000
1430.00 C 20261218 0.17 0.28 4 975 0.5926 0.0042 0.000100
1430.00 P 20261218 876.50 884.15 0 0 0.8870 -1.0000 0.000000
1440.00 C 20261218 0.10 0.28 0 42 0.5869 0.0041 0.000100
1440.00 P 20261218 886.50 894.15 0 0 0.8925 -1.0000 0.000000
1450.00 C 20261218 0.09 0.28 0 51 0.5892 0.0040 0.000100
1450.00 P 20261218 896.50 904.15 0 0 0.8980 -1.0000 0.000000
1460.00 C 20261218 0.16 0.28 0 264 0.6025 0.0038 0.000100
1460.00 P 20261218 906.50 914.15 0 0 0.9034 -1.0000 0.000000
1470.00 C 20261218 0.09 0.27 0 129 0.5950 0.0037 0.000100
1470.00 P 20261218 916.50 924.15 0 0 0.9087 -1.0000 0.000000
1480.00 C 20261218 0.10 0.25 0 1800 0.5970 0.0036 0.000100
1480.00 P 20261218 926.50 934.15 0 0 0.9141 -1.0000 0.000000
5.00 C 20270115 541.10 548.75 0 762 -1.0000 1.0000 0.000000
5.00 P 20270115 0.00 0.01 0 3004 2.2010 0.0000 0.000000
10.00 C 20270115 536.05 543.65 0 270 -1.0000 1.0000 0.000000
10.00 P 20270115 0.00 0.20 0 1 2.3807 0.0000 0.000000
15.00 C 20270115 531.10 538.70 0 2 -1.0000 1.0000 0.000000
15.00 P 20270115 0.00 0.20 0 4 2.1091 0.0000 0.000000
20.00 C 20270115 526.15 533.75 0 8 -1.0000 1.0000 0.000000
20.00 P 20270115 0.00 0.20 0 2 1.9237 -0.0001 0.000000
25.00 C 20270115 521.20 528.80 0 0 -1.0000 1.0000 0.000000
25.00 P 20270115 0.00 0.25 0 2 1.8244 -0.0001 0.000000
30.00 C 20270115 516.30 523.90 0 0 -1.0000 1.0000 0.000000
30.00 P 20270115 0.00 0.30 0 4 1.7418 -0.0001 0.000000
35.00 C 20270115 511.35 518.95 0 0 -1.0000 1.0000 0.000000
35.00 P 20270115 0.00 0.35 0 2 1.6709 -0.0001 0.000000
40.00 C 20270115 506.45 514.05 0 0 -1.0000 1.0000 0.000000
40.00 P 20270115 0.00 0.40 0 204 1.6086 -0.0001 0.000000
45.00 C 20270115 501.50 509.10 0 1 -1.0000 1.0000 0.000000
45.00 P 20270115 0.00 1.02 0 7 1.7134 -0.0001 0.000000
50.00 C 20270115 496.55 504.15 0 53 -1.0000 1.0000 0.000000
50.00 P 20270115 0.00 0.82 0 440 1.5930 -0.0002 0.000000
100.00 C 20270115 447.30 454.95 0 126 -1.0000 1.0000 0.000000
100.00 P 20270115 0.01 0.08 0 3066 0.9022 -0.0005 0.000000
110.00 C 20270115 437.60 445.25 0 468 -1.0000 1.0000 0.000000
110.00 P 20270115 0.01 0.32 6 350 0.9624 -0.0006 0.000000
120.00 C 20270115 427.75 435.35 0 11 -1.0000 1.0000 0.000000
120.00 P 20270115 0.01 0.18 0 96 0.8633 -0.0007 0.000000
130.00 C 20270115 417.90 425.50 0 16 -1.0000 1.0000 0.000000
130.00 P 20270115 0.01 0.37 10 41 0.8779 -0.0008 0.000000
140.00 C 20270115 408.10 415.70 0 13 -1.0000 1.0000 0.000000
140.00 P 20270115 0.01 0.20 0 235 0.7859 -0.0009 0.000000
150.00 C 20270115 398.30 405.90 0 16 -1.0000 1.0000 0.000000
150.00 P 20270115 0.01 0.42 5 229 0.8045 -0.0011 0.000000
160.00 C 20270115 388.50 396.10 0 38 -1.0000 1.0000 0.000000
160.00 P 20270115 0.01 0.26 6 161 0.7302 -0.0013 0.000000
170.00 C 20270115 378.70 386.30 0 36 -1.0000 0.9998 0.000000
170.00 P 20270115 0.04 0.16 0 461 0.6756 -0.0015 0.000000
180.00 C 20270115 368.85 376.45 0 204 -1.0000 0.9995 0.000000
180.00 P 20270115 0.04 0.19 0 209 0.6532 -0.0018 0.000000
190.00 C 20270115 359.05 366.65 0 27 -1.0000 0.9992 0.000000
190.00 P 20270115 0.06 0.21 0 162 0.6333 -0.0021 0.000000
200.00 C 20270115 349.25 356.85 0 161 -1.0000 0.9988 0.000000
200.00 P 20270115 0.09 0.22 5 472 0.6131 -0.0024 0.000000
210.00 C 20270115 339.45 347.05 0 56 -1.0000 0.9984 0.000000
210.00 P 20270115 0.11 0.25 1 390 0.5947 -0.0029 0.000000
220.00 C 20270115 329.65 337.30 1 175 -1.0000 0.9979 0.000000
220.00 P 20270115 0.14 0.29 0 1123 0.5790 -0.0034 0.000000
230.00 C 20270115 319.85 327.50 0 55 -1.0000 0.9973 0.000100
230.00 P 20270115 0.16 0.32 0 596 0.5598 -0.0040 0.000100
240.00 C 20270115 310.05 317.70 0 73 0.3737 0.9966 0.000100
240.00 P 20270115 0.21 0.36 0 369 0.5452 -0.0047 0.000100
250.00 C 20270115 300.30 307.95 0 89 0.4529 0.9957 0.000100
250.00 P 20270115 0.26 0.41 0 1051 0.5308 -0.0056 0.000100
260.00 C 20270115 290.55 298.20 0 60 0.4620 0.9946 0.000100
260.00 P 20270115 0.36 0.47 2 210 0.5203 -0.0067 0.000100
270.00 C 20270115 280.80 288.45 0 284 0.4603 0.9933 0.000100
270.00 P 20270115 0.41 0.54 1 1034 0.5053 -0.0080 0.000100
280.00 C 20270115 271.05 278.70 0 54 0.4537 0.9917 0.000100
280.00 P 20270115 0.54 0.69 0 328 0.4991 -0.0097 0.000100
290.00 C 20270115 261.35 269.00 0 168 0.5258 0.9898 0.000200
290.00 P 20270115 0.62 0.80 0 333 0.4857 -0.0116 0.000200
300.00 C 20270115 252.80 259.65 0 369 0.5079 0.9874 0.000200
300.00 P 20270115 0.74 0.96 162 1275 0.4756 -0.0140 0.000200
310.00 C 20270115 242.05 249.70 0 27 0.4456 0.9844 0.000200
310.00 P 20270115 1.01 1.10 4 534 0.4680 -0.0170 0.000300
320.00 C 20270115 232.50 240.10 0 78 0.4428 0.9809 0.000300
320.00 P 20270115 1.23 1.39 7 798 0.4616 -0.0206 0.000300
330.00 C 20270115 223.70 230.60 0 67 0.4592 0.9767 0.000400
330.00 P 20270115 1.48 1.68 2 510 0.4538 -0.0248 0.000400
340.00 C 20270115 214.55 221.10 0 40 0.4581 0.9716 0.000400
340.00 P 20270115 1.82 2.03 6 465 0.4471 -0.0300 0.000400
350.00 C 20270115 205.05 211.75 1 123 0.4499 0.9656 0.000500
350.00 P 20270115 2.24 2.48 24 1487 0.4416 -0.0360 0.000500
360.00 C 20270115 195.50 202.45 0 100 0.4399 0.9586 0.000600
360.00 P 20270115 2.77 2.99 6 520 0.4364 -0.0432 0.000600
370.00 C 20270115 186.30 193.25 0 46 0.4349 0.9504 0.000700
370.00 P 20270115 3.40 3.65 3 1506 0.4323 -0.0515 0.000700
380.00 C 20270115 177.35 184.15 3 61 0.4317 0.9409 0.000800
380.00 P 20270115 4.15 4.45 10 908 0.4286 -0.0611 0.000800
390.00 C 20270115 168.35 175.25 0 128 0.4273 0.9301 0.000900
390.00 P 20270115 5.00 5.35 1 1146 0.4245 -0.0720 0.000900
400.00 C 20270115 159.60 165.30 8 461 0.4129 0.9179 0.001000
400.00 P 20270115 6.05 6.35 109 4131 0.4207 -0.0845 0.001100
410.00 C 20270115 150.75 157.85 3 123 0.4187 0.9041 0.001200
410.00 P 20270115 7.30 7.60 115 1504 0.4182 -0.0984 0.001200
420.00 C 20270115 143.90 148.25 0 162 0.4190 0.8889 0.001300
420.00 P 20270115 8.70 9.05 12 2131 0.4156 -0.1139 0.001300
430.00 C 20270115 134.55 140.05 0 110 0.4086 0.8721 0.001500
430.00 P 20270115 10.30 10.70 22 2878 0.4132 -0.1310 0.001500
440.00 C 20270115 126.50 131.90 3 165 0.4055 0.8538 0.001600
440.00 P 20270115 12.15 12.55 30 2730 0.4109 -0.1497 0.001600
450.00 C 20270115 118.85 124.20 0 277 0.4049 0.8339 0.001800
450.00 P 20270115 14.25 14.65 31 7297 0.4090 -0.1699 0.001800
460.00 C 20270115 112.05 116.80 6 148 0.4078 0.8127 0.001900
460.00 P 20270115 16.60 17.00 26 2832 0.4072 -0.1916 0.001900
470.00 C 20270115 103.05 109.55 0 103 0.3973 0.7901 0.002000
470.00 P 20270115 19.20 19.65 41 2177 0.4057 -0.2146 0.002100
480.00 C 20270115 96.50 102.65 1 294 0.3987 0.7663 0.002200
480.00 P 20270115 22.10 22.60 154 2857 0.4045 -0.2390 0.002200
490.00 C 20270115 90.70 95.95 3 364 0.4015 0.7414 0.002300
490.00 P 20270115 25.35 25.85 37 3265 0.4037 -0.2645 0.002400
500.00 C 20270115 83.55 89.60 44 4073 0.3974 0.7156 0.002400
500.00 P 20270115 28.85 29.25 181 7872 0.4022 -0.2910 0.002500
510.00 C 20270115 78.95 83.55 10 2385 0.4029 0.6891 0.002500
510.00 P 20270115 32.65 33.20 39 4948 0.4017 -0.3183 0.002600
520.00 C 20270115 72.85 77.75 5 460 0.4007 0.6619 0.002600
520.00 P 20270115 36.80 37.40 32 3781 0.4014 -0.3463 0.002700
530.00 C 20270115 68.00 71.75 67 659 0.4005 0.6343 0.002700
530.00 P 20270115 41.25 41.90 175 3239 0.4008 -0.3748 0.002800
540.00 C 20270115 63.50 65.95 17 958 0.4001 0.6065 0.002800
540.00 P 20270115 46.00 46.65 24 2620 0.4005 -0.4036 0.002800
550.00 C 20270115 59.35 60.50 386 2206 0.4001 0.5787 0.002800
550.00 P 20270115 51.10 51.70 100 6915 0.4002 -0.4326 0.002900
560.00 C 20270115 55.10 55.40 73 1294 0.3995 0.5509 0.002800
560.00 P 20270115 56.45 57.20 41 2757 0.4004 -0.4615 0.003000
570.00 C 20270115 50.85 51.50 90 1078 0.4007 0.5234 0.002800
570.00 P 20270115 62.15 62.95 11 4903 0.4007 -0.4902 0.003000
580.00 C 20270115 46.90 47.55 44 1506 0.4010 0.4963 0.002800
580.00 P 20270115 68.15 69.00 114 4054 0.4011 -0.5187 0.003000
590.00 C 20270115 43.20 43.90 33 1436 0.4016 0.4698 0.002800
590.00 P 20270115 74.15 75.45 5 1660 0.4010 -0.5466 0.003000
600.00 C 20270115 39.80 40.35 421 7814 0.4018 0.4439 0.002800
600.00 P 20270115 80.15 82.20 101 6083 0.4002 -0.5739 0.003000
610.00 C 20270115 36.60 37.15 22 1821 0.4022 0.4188 0.002800
610.00 P 20270115 86.75 88.80 1 1931 0.3990 -0.6006 0.003000
620.00 C 20270115 33.65 34.20 24 2340 0.4029 0.3946 0.002700
620.00 P 20270115 94.10 97.65 2 2101 0.4076 -0.6264 0.002900
630.00 C 20270115 30.80 31.45 57 3301 0.4037 0.3712 0.002700
630.00 P 20270115 100.10 105.00 1 2526 0.4035 -0.6514 0.002900
640.00 C 20270115 28.45 28.95 30 1667 0.4047 0.3488 0.002600
640.00 P 20270115 107.65 113.25 6 2020 0.4073 -0.6754 0.002800
650.00 C 20270115 26.20 26.60 242 5059 0.4058 0.3274 0.002600
650.00 P 20270115 115.40 120.85 2 2851 0.4078 -0.6985 0.002800
660.00 C 20270115 24.00 24.45 50 3425 0.4064 0.3071 0.002500
660.00 P 20270115 123.30 128.75 0 1512 0.4085 -0.7205 0.002700
670.00 C 20270115 22.05 22.50 167 2687 0.4076 0.2877 0.002400
670.00 P 20270115 131.40 137.25 0 2247 0.4112 -0.7416 0.002600
680.00 C 20270115 20.25 20.70 96 2843 0.4088 0.2694 0.002300
680.00 P 20270115 139.70 145.45 0 847 0.4121 -0.7617 0.002500
690.00 C 20270115 18.60 19.00 8 1333 0.4098 0.2521 0.002200
690.00 P 20270115 147.85 154.05 0 403 0.4127 -0.7806 0.002500
700.00 C 20270115 17.05 17.50 429 119371 0.4110 0.2358 0.002100
700.00 P 20270115 156.70 162.25 2 2620 0.4132 -0.7987 0.002400
710.00 C 20270115 15.70 16.10 128 2843 0.4124 0.2204 0.002000
710.00 P 20270115 164.00 171.65 1 822 0.4102 -0.8158 0.002300
720.00 C 20270115 14.45 14.80 75 3417 0.4137 0.2060 0.002000
720.00 P 20270115 175.25 179.00 7 885 0.4165 -0.8321 0.002200
730.00 C 20270115 13.30 13.70 21 2345 0.4156 0.1925 0.001900
730.00 P 20270115 184.05 188.85 0 522 0.4223 -0.8473 0.002200
740.00 C 20270115 12.25 12.60 1 2233 0.4169 0.1798 0.001800
740.00 P 20270115 191.95 197.00 0 291 0.4094 -0.8618 0.002100
750.00 C 20270115 11.30 11.60 439 256985 0.4184 0.1680 0.001700
750.00 P 20270115 201.75 207.10 1 582 0.4215 -0.8757 0.002000
760.00 C 20270115 10.40 10.75 31 3166 0.4202 0.1569 0.001600
760.00 P 20270115 209.50 216.75 0 551 0.4137 -0.8887 0.002000
770.00 C 20270115 9.55 9.90 0 4413 0.4214 0.1466 0.001600
770.00 P 20270115 219.20 225.95 0 630 0.4160 -0.9012 0.001900
780.00 C 20270115 8.85 9.15 3 3286 0.4233 0.1369 0.001500
780.00 P 20270115 228.65 235.80 0 331 0.4207 -0.9130 0.001900
790.00 C 20270115 8.10 8.45 76 1661 0.4244 0.1280 0.001400
790.00 P 20270115 238.15 245.05 0 238 0.4181 -0.9239 0.001800
800.00 C 20270115 7.60 7.80 185 107838 0.4268 0.1196 0.001300
800.00 P 20270115 247.75 254.50 0 485 0.4166 -0.9341 0.001700
810.00 C 20270115 6.90 7.25 240 2590 0.4277 0.1118 0.001300
810.00 P 20270115 257.45 264.30 0 223 0.4189 -0.9440 0.001600
820.00 C 20270115 6.50 6.70 9 3261 0.4302 0.1046 0.001200
820.00 P 20270115 267.15 274.15 0 78 0.4204 -0.9530 0.001500
830.00 C 20270115 5.95 6.25 101 2717 0.4316 0.0979 0.001100
830.00 P 20270115 276.95 283.75 0 71 0.4158 -0.9609 0.001400
840.00 C 20270115 5.55 5.80 145 1282 0.4337 0.0916 0.001100
840.00 P 20270115 286.80 293.60 0 111 0.4112 -0.9679 0.001300
850.00 C 20270115 5.15 5.40 116 4172 0.4356 0.0858 0.001000
850.00 P 20270115 296.65 304.30 0 124 0.4417 -0.9741 0.001100
860.00 C 20270115 4.80 5.00 21 1299 0.4374 0.0804 0.001000
860.00 P 20270115 306.55 314.20 0 8 0.4457 -0.9795 0.001000
870.00 C 20270115 4.45 4.65 1 740 0.4390 0.0754 0.000900
870.00 P 20270115 316.50 324.15 0 0 0.4521 -0.9840 0.000800
880.00 C 20270115 4.15 4.35 6 759 0.4412 0.0708 0.000900
880.00 P 20270115 326.50 334.15 0 0 0.4611 -0.9878 0.000600
890.00 C 20270115 3.85 4.05 0 728 0.4428 0.0664 0.000800
890.00 P 20270115 336.50 344.15 0 3 0.4700 -0.9910 0.000500
900.00 C 20270115 3.60 3.80 26 18347 0.4450 0.0624 0.000800
900.00 P 20270115 346.50 354.15 0 3 0.4787 -0.9935 0.000400
910.00 C 20270115 3.30 3.55 1 1416 0.4461 0.0587 0.000800
910.00 P 20270115 356.50 364.15 0 0 0.4873 -0.9956 0.000300
920.00 C 20270115 3.15 3.35 0 1398 0.4493 0.0552 0.000700
920.00 P 20270115 366.50 374.15 0 0 0.4958 -0.9967 0.000200
930.00 C 20270115 2.93 3.15 0 777 0.4512 0.0520 0.000700
930.00 P 20270115 376.50 384.15 0 0 0.5041 -0.9976 0.000200
940.00 C 20270115 2.71 2.93 0 724 0.4523 0.0490 0.000600
940.00 P 20270115 386.50 394.10 0 0 0.5097 -0.9984 0.000100
950.00 C 20270115 2.53 2.74 20 1137 0.4540 0.0462 0.000600
950.00 P 20270115 396.50 404.10 0 0 0.5179 -0.9990 0.000100
960.00 C 20270115 2.39 2.60 0 465 0.4567 0.0436 0.000600
960.00 P 20270115 406.50 414.10 0 0 0.5259 -0.9995 0.000000
970.00 C 20270115 2.24 2.45 0 675 0.4587 0.0412 0.000600
970.00 P 20270115 416.50 424.10 0 0 0.5339 -0.9999 0.000000
980.00 C 20270115 2.14 2.31 0 324 0.4613 0.0390 0.000500
980.00 P 20270115 426.50 434.10 0 0 0.5417 -1.0000 0.000000
990.00 C 20270115 2.01 2.18 2 447 0.4633 0.0369 0.000500
990.00 P 20270115 436.50 444.10 0 0 0.5494 -1.0000 0.000000
1000.00 C 20270115 1.86 2.04 48 8316 0.4644 0.0349 0.000500
1000.00 P 20270115 446.50 454.10 0 0 0.5571 -1.0000 0.000000
1010.00 C 20270115 1.77 1.95 13 364 0.4672 0.0331 0.000400
1010.00 P 20270115 456.50 464.10 0 0 0.5646 -1.0000 0.000000
1020.00 C 20270115 1.66 1.85 0 430 0.4692 0.0314 0.000400
1020.00 P 20270115 466.50 474.10 0 0 0.5721 -1.0000 0.000000
1030.00 C 20270115 1.57 1.75 0 356 0.4713 0.0298 0.000400
1030.00 P 20270115 476.50 484.10 0 0 0.5795 -1.0000 0.000000
1040.00 C 20270115 1.43 1.68 0 258 0.4726 0.0284 0.000400
1040.00 P 20270115 486.50 494.10 0 0 0.5868 -1.0000 0.000000
1050.00 C 20270115 1.40 1.54 6 1024 0.4745 0.0270 0.000400
1050.00 P 20270115 496.50 504.10 0 0 0.5940 -1.0000 0.000000
1060.00 C 20270115 1.29 1.52 0 273 0.4774 0.0256 0.000400
1060.00 P 20270115 506.50 514.10 0 0 0.6011 -1.0000 0.000000
1070.00 C 20270115 1.22 1.46 1 141 0.4798 0.0244 0.000300
1070.00 P 20270115 516.50 524.10 0 0 0.6082 -1.0000 0.000000
1080.00 C 20270115 1.20 1.31 0 381 0.4806 0.0233 0.000300
1080.00 P 20270115 526.50 534.10 0 0 0.6152 -1.0000 0.000000
1090.00 C 20270115 1.14 1.26 0 301 0.4834 0.0222 0.000300
1090.00 P 20270115 536.50 544.15 0 0 0.6251 -1.0000 0.000000
1100.00 C 20270115 1.10 1.24 1 4151 0.4871 0.0212 0.000300
1100.00 P 20270115 546.50 554.15 0 0 0.6320 -1.0000 0.000000
1110.00 C 20270115 1.03 1.14 0 439 0.4874 0.0203 0.000300
1110.00 P 20270115 556.50 564.15 0 0 0.6388 -1.0000 0.000000
1120.00 C 20270115 0.94 1.17 0 277 0.4905 0.0194 0.000300
1120.00 P 20270115 566.50 574.15 0 0 0.6455 -1.0000 0.000000
1130.00 C 20270115 0.93 1.07 0 424 0.4921 0.0186 0.000300
1130.00 P 20270115 576.50 584.15 0 0 0.6522 -1.0000 0.000000
1140.00 C 20270115 0.86 1.06 0 273 0.4945 0.0178 0.000200
1140.00 P 20270115 586.50 594.15 0 0 0.6587 -1.0000 0.000000
1150.00 C 20270115 0.87 1.00 20 3674 0.4982 0.0170 0.000200
1150.00 P 20270115 596.50 604.15 0 0 0.6653 -1.0000 0.000000
1160.00 C 20270115 0.79 0.97 0 283 0.4991 0.0164 0.000200
1160.00 P 20270115 606.50 614.15 0 0 0.6717 -1.0000 0.000000
1170.00 C 20270115 0.74 0.95 0 212 0.5014 0.0157 0.000200
1170.00 P 20270115 616.55 624.15 0 0 0.6811 -1.0000 0.000000
1180.00 C 20270115 0.71 0.91 0 119 0.5035 0.0151 0.000200
1180.00 P 20270115 626.55 634.15 0 0 0.6875 -1.0000 0.000000
1190.00 C 20270115 0.69 0.82 0 570 0.5038 0.0145 0.000200
1190.00 P 20270115 636.55 644.15 0 0 0.6938 -1.0000 0.000000
1200.00 C 20270115 0.69 0.80 1 1662 0.5076 0.0139 0.000200
1200.00 P 20270115 646.55 654.15 0 0 0.7000 -1.0000 0.000000
1210.00 C 20270115 0.59 0.85 0 180 0.5101 0.0134 0.000200
1210.00 P 20270115 656.50 664.15 0 0 0.7031 -1.0000 0.000000
1220.00 C 20270115 0.58 0.73 0 116 0.5090 0.0129 0.000200
1220.00 P 20270115 666.55 674.15 0 0 0.7123 -1.0000 0.000000
1230.00 C 20270115 0.62 0.77 0 150 0.5169 0.0124 0.000200
1230.00 P 20270115 676.55 684.15 0 0 0.7184 -1.0000 0.000000
1240.00 C 20270115 0.57 0.72 0 502 0.5167 0.0120 0.000200
1240.00 P 20270115 686.55 694.15 0 0 0.7244 -1.0000 0.000000
1250.00 C 20270115 0.55 0.70 13 38597 0.5192 0.0116 0.000200
1250.00 P 20270115 696.55 704.15 0 0 0.7303 -1.0000 0.000000
1260.00 C 20270115 0.51 0.68 0 483 0.5205 0.0112 0.000200
1260.00 P 20270115 706.55 714.15 0 0 0.7362 -1.0000 0.000000
1270.00 C 20270115 0.52 0.67 1 863 0.5248 0.0108 0.000100
1270.00 P 20270115 716.55 724.15 0 0 0.7421 -1.0000 0.000000
1280.00 C 20270115 0.46 0.60 1 301 0.5220 0.0104 0.000100
1280.00 P 20270115 726.55 734.15 0 0 0.7479 -1.0000 0.000000
1290.00 C 20270115 0.45 0.58 0 302 0.5245 0.0100 0.000100
1290.00 P 20270115 736.50 744.15 0 0 0.7505 -1.0000 0.000000
1300.00 C 20270115 0.47 0.59 10 1525 0.5299 0.0097 0.000100
1300.00 P 20270115 746.50 754.15 0 0 0.7562 -1.0000 0.000000
1310.00 C 20270115 0.39 0.54 1 97 0.5266 0.0094 0.000100
1310.00 P 20270115 756.50 764.15 0 0 0.7619 -1.0000 0.000000
1320.00 C 20270115 0.42 0.58 3 394 0.5378 0.0091 0.000100
1320.00 P 20270115 766.50 774.15 0 0 0.7675 -1.0000 0.000000
1330.00 C 20270115 0.45 0.51 15 375 0.5365 0.0088 0.000100
1330.00 P 20270115 776.50 784.15 0 0 0.7730 -1.0000 0.000000
1340.00 C 20270115 0.34 0.54 0 167 0.5353 0.0085 0.000100
1340.00 P 20270115 786.50 794.15 0 0 0.7785 -1.0000 0.000000
1350.00 C 20270115 0.34 0.52 0 623 0.5378 0.0082 0.000100
1350.00 P 20270115 796.50 804.15 0 0 0.7840 -1.0000 0.000000
1360.00 C 20270115 0.34 0.51 0 682 0.5405 0.0080 0.000100
1360.00 P 20270115 806.50 814.15 0 0 0.7894 -1.0000 0.000000
1370.00 C 20270115 0.29 0.51 0 98 0.5412 0.0078 0.000100
1370.00 P 20270115 816.50 824.15 0 0 0.7948 -1.0000 0.000000
1380.00 C 20270115 0.32 0.47 0 46 0.5443 0.0075 0.000100
1380.00 P 20270115 826.50 834.15 0 0 0.8001 -1.0000 0.000000
1390.00 C 20270115 0.31 0.48 0 108 0.5480 0.0073 0.000100
1390.00 P 20270115 836.50 844.15 0 0 0.8054 -1.0000 0.000000
1400.00 C 20270115 0.28 0.46 7 1706 0.5475 0.0071 0.000100
1400.00 P 20270115 846.50 854.15 0 0 0.8107 -1.0000 0.000000
1410.00 C 20270115 0.26 0.42 0 195 0.5467 0.0069 0.000100
1410.00 P 20270115 856.50 864.15 0 0 0.8159 -1.0000 0.000000
1420.00 C 20270115 0.29 0.41 0 525 0.5519 0.0067 0.000100
1420.00 P 20270115 866.50 874.15 0 0 0.8211 -1.0000 0.000000
1430.00 C 20270115 0.30 0.36 463 45941 0.5518 0.0065 0.000100
1430.00 P 20270115 876.50 884.15 0 0 0.8262 -1.0000 0.000000
1440.00 C 20270115 0.22 0.42 0 58 0.5539 0.0063 0.000100
1440.00 P 20270115 886.50 894.15 0 0 0.8313 -1.0000 0.000000
1450.00 C 20270115 0.21 0.42 0 178 0.5565 0.0061 0.000100
1450.00 P 20270115 896.50 904.15 0 0 0.8364 -1.0000 0.000000
1460.00 C 20270115 0.21 0.40 0 157 0.5581 0.0060 0.000100
1460.00 P 20270115 906.50 914.15 0 0 0.8414 -1.0000 0.000000
1470.00 C 20270115 0.25 0.40 0 168 0.5651 0.0058 0.000100
1470.00 P 20270115 916.50 924.15 0 0 0.8464 -1.0000 0.000000
1480.00 C 20270115 0.25 0.34 6 2942 0.5626 0.0056 0.000100
1480.00 P 20270115 926.50 934.15 0 0 0.8514 -1.0000 0.000000
100.00 C 20270219 447.95 455.55 0 0 -1.0000 1.0000 0.000000
100.00 P 20270219 0.00 0.50 0 3 0.9597 -0.0006 0.000000
110.00 C 20270219 438.15 445.75 0 0 -1.0000 1.0000 0.000000
110.00 P 20270219 0.00 0.50 0 4 0.9069 -0.0007 0.000000
120.00 C 20270219 428.40 436.00 0 0 -1.0000 1.0000 0.000000
120.00 P 20270219 0.00 0.38 0 6 0.8340 -0.0009 0.000000
130.00 C 20270219 418.60 426.25 0 9 -1.0000 1.0000 0.000000
130.00 P 20270219 0.01 0.21 0 7 0.7492 -0.0010 0.000000
140.00 C 20270219 408.85 416.45 0 0 -1.0000 1.0000 0.000000
140.00 P 20270219 0.01 0.21 1 8 0.7121 -0.0012 0.000000
150.00 C 20270219 399.10 406.70 0 0 -1.0000 1.0000 0.000000
150.00 P 20270219 0.02 0.22 0 7 0.6835 -0.0015 0.000000
160.00 C 20270219 389.35 396.95 0 2 -1.0000 1.0000 0.000000
160.00 P 20270219 0.04 0.25 3 8 0.6635 -0.0018 0.000000
170.00 C 20270219 379.55 387.20 0 0 -1.0000 0.9997 0.000000
170.00 P 20270219 0.06 0.28 4 8 0.6430 -0.0021 0.000000
180.00 C 20270219 369.80 377.45 0 0 -1.0000 0.9993 0.000000
180.00 P 20270219 0.07 0.31 0 2 0.6207 -0.0025 0.000000
190.00 C 20270219 360.05 367.70 0 0 -1.0000 0.9988 0.000000
190.00 P 20270219 0.10 0.35 0 0 0.6030 -0.0030 0.000000
200.00 C 20270219 350.35 357.95 0 1 -1.0000 0.9983 0.000000
200.00 P 20270219 0.20 0.30 500 7 0.5829 -0.0035 0.000000
210.00 C 20270219 340.60 348.20 0 0 -1.0000 0.9976 0.000100
210.00 P 20270219 0.17 0.45 0 3 0.5703 -0.0042 0.000100
220.00 C 20270219 330.85 338.50 0 0 0.4210 0.9968 0.000100
220.00 P 20270219 0.22 0.51 0 13 0.5556 -0.0050 0.000100
230.00 C 20270219 321.15 328.75 0 0 0.4504 0.9958 0.000100
230.00 P 20270219 0.28 0.59 0 3 0.5425 -0.0060 0.000100
240.00 C 20270219 311.45 319.05 0 0 0.4622 0.9946 0.000100
240.00 P 20270219 0.35 0.68 0 42 0.5296 -0.0072 0.000100
250.00 C 20270219 301.75 309.40 0 4 0.4672 0.9932 0.000100
250.00 P 20270219 0.58 0.77 0 8 0.5248 -0.0087 0.000100
260.00 C 20270219 292.10 299.75 0 0 0.4684 0.9914 0.000100
260.00 P 20270219 0.56 0.94 0 14 0.5088 -0.0105 0.000100
270.00 C 20270219 282.45 290.10 0 1 0.4640 0.9893 0.000200
270.00 P 20270219 0.87 1.12 0 20 0.5065 -0.0126 0.000200
280.00 C 20270219 272.90 280.55 0 1 0.4658 0.9868 0.000200
280.00 P 20270219 0.94 1.26 0 9 0.4912 -0.0152 0.000200
290.00 C 20270219 263.35 271.00 0 0 0.4625 0.9838 0.000200
290.00 P 20270219 1.18 1.51 0 26 0.4842 -0.0182 0.000200
300.00 C 20270219 253.85 261.50 0 2 0.4590 0.9802 0.000300
300.00 P 20270219 1.55 1.81 12 204 0.4798 -0.0218 0.000300
310.00 C 20270219 245.50 252.05 0 0 0.4798 0.9760 0.000300
310.00 P 20270219 1.90 2.17 0 29 0.4735 -0.0261 0.000300
320.00 C 20270219 235.95 242.70 0 0 0.4700 0.9711 0.000400
320.00 P 20270219 2.17 2.59 0 10 0.4651 -0.0310 0.000400
330.00 C 20270219 226.60 233.40 0 0 0.4632 0.9654 0.000400
330.00 P 20270219 2.77 3.05 0 37 0.4611 -0.0368 0.000400
340.00 C 20270219 217.20 224.20 0 0 0.4553 0.9588 0.000500
340.00 P 20270219 3.25 3.55 0 72 0.4532 -0.0436 0.000500
350.00 C 20270219 208.05 215.10 0 7 0.4504 0.9513 0.000600
350.00 P 20270219 3.95 4.25 0 141 0.4497 -0.0511 0.000600
360.00 C 20270219 199.95 206.15 0 0 0.4566 0.9428 0.000700
360.00 P 20270219 4.70 5.05 0 29 0.4452 -0.0598 0.000700
370.00 C 20270219 190.40 197.30 0 0 0.4453 0.9332 0.000800
370.00 P 20270219 5.70 6.05 0 35 0.4431 -0.0695 0.000800
380.00 C 20270219 181.70 188.60 0 5 0.4422 0.9224 0.000900
380.00 P 20270219 6.70 7.20 1 115 0.4397 -0.0804 0.000900
390.00 C 20270219 173.10 180.05 0 6 0.4387 0.9106 0.001000
390.00 P 20270219 8.05 8.40 14 79 0.4373 -0.0925 0.001000
400.00 C 20270219 166.35 171.65 0 7 0.4473 0.8975 0.001100
400.00 P 20270219 9.30 10.00 9 115 0.4348 -0.1059 0.001100
410.00 C 20270219 157.90 162.35 0 51 0.4352 0.8832 0.001200
410.00 P 20270219 10.95 11.65 34 276 0.4329 -0.1204 0.001200
420.00 C 20270219 148.45 154.40 0 2 0.4244 0.8678 0.001300
420.00 P 20270219 12.85 13.20 5 167 0.4298 -0.1362 0.001300
430.00 C 20270219 142.05 146.20 0 4 0.4284 0.8512 0.001400
430.00 P 20270219 14.80 15.35 7 482 0.4281 -0.1532 0.001400
440.00 C 20270219 133.55 139.00 6 2 0.4238 0.8334 0.001500
440.00 P 20270219 17.05 17.60 57 149 0.4264 -0.1713 0.001600
450.00 C 20270219 127.25 131.65 0 9 0.4273 0.8146 0.001600
450.00 P 20270219 19.55 20.05 57 1141 0.4250 -0.1905 0.001700
460.00 C 20270219 118.65 124.60 1 79 0.4192 0.7949 0.001700
460.00 P 20270219 22.05 23.00 6 221 0.4233 -0.2108 0.001800
470.00 C 20270219 111.30 117.85 50 98 0.4165 0.7742 0.001800
470.00 P 20270219 25.20 25.70 44 446 0.4216 -0.2321 0.001900
480.00 C 20270219 104.60 112.30 0 23 0.4196 0.7527 0.001900
480.00 P 20270219 28.40 29.00 76 1703 0.4205 -0.2542 0.002000
490.00 C 20270219 99.45 104.75 0 51 0.4186 0.7306 0.002000
490.00 P 20270219 31.90 32.60 30 428 0.4199 -0.2770 0.002100
500.00 C 20270219 94.15 98.75 109 101 0.4210 0.7078 0.002100
500.00 P 20270219 35.70 36.30 119 1075 0.4185 -0.3005 0.002200
510.00 C 20270219 86.60 92.85 0 20 0.4137 0.6846 0.002200
510.00 P 20270219 39.75 40.45 6 392 0.4184 -0.3245 0.002300
520.00 C 20270219 81.70 87.45 16 32 0.4160 0.6610 0.002300
520.00 P 20270219 44.05 44.80 10 321 0.4179 -0.3490 0.002300
530.00 C 20270219 78.15 81.65 6 71 0.4198 0.6372 0.002300
530.00 P 20270219 48.60 49.40 27 509 0.4172 -0.3737 0.002400
540.00 C 20270219 73.80 76.00 11 660 0.4196 0.6133 0.002400
540.00 P 20270219 53.50 54.30 48 371 0.4170 -0.3986 0.002500
550.00 C 20270219 69.20 70.85 118 180 0.4185 0.5893 0.002400
550.00 P 20270219 58.60 59.45 7 610 0.4166 -0.4236 0.002500
560.00 C 20270219 64.95 65.90 12 434 0.4178 0.5655 0.002400
560.00 P 20270219 64.00 65.05 1 417 0.4170 -0.4486 0.002600
570.00 C 20270219 60.60 61.75 10 117 0.4178 0.5419 0.002400
570.00 P 20270219 69.65 70.70 0 101 0.4168 -0.4734 0.002600
580.00 C 20270219 56.60 57.70 11 217 0.4178 0.5186 0.002500
580.00 P 20270219 75.55 76.55 2 872 0.4166 -0.4980 0.002600
590.00 C 20270219 53.10 53.95 4 353 0.4189 0.4956 0.002500
590.00 P 20270219 81.70 82.95 0 315 0.4173 -0.5223 0.002600
600.00 C 20270219 49.55 50.25 52 458 0.4187 0.4731 0.002400
600.00 P 20270219 87.55 89.60 6 257 0.4165 -0.5462 0.002600
610.00 C 20270219 46.05 47.10 5 253 0.4191 0.4512 0.002400
610.00 P 20270219 93.55 97.00 1 40 0.4172 -0.5696 0.002600
620.00 C 20270219 43.00 43.95 8 97 0.4196 0.4298 0.002400
620.00 P 20270219 100.85 104.50 0 69 0.4211 -0.5924 0.002600
630.00 C 20270219 40.15 40.90 24 408 0.4200 0.4091 0.002400
630.00 P 20270219 107.80 111.95 6 36 0.4224 -0.6147 0.002600
640.00 C 20270219 37.30 38.30 7 105 0.4206 0.3890 0.002400
640.00 P 20270219 114.20 119.25 0 60 0.4200 -0.6364 0.002500
650.00 C 20270219 34.95 35.60 15 430 0.4214 0.3696 0.002300
650.00 P 20270219 122.85 127.05 0 193 0.4260 -0.6574 0.002500
660.00 C 20270219 32.40 33.40 9 144 0.4222 0.3510 0.002300
660.00 P 20270219 129.35 133.70 0 34 0.4188 -0.6777 0.002500
670.00 C 20270219 30.15 31.15 3 131 0.4228 0.3330 0.002200
670.00 P 20270219 135.80 142.40 0 152 0.4174 -0.6973 0.002400
680.00 C 20270219 28.10 29.10 7 102 0.4238 0.3159 0.002200
680.00 P 20270219 145.95 150.40 0 24 0.4265 -0.7162 0.002400
690.00 C 20270219 26.20 27.15 45 74 0.4246 0.2994 0.002100
690.00 P 20270219 153.30 157.40 0 14 0.4195 -0.7345 0.002300
700.00 C 20270219 24.60 25.20 26 680 0.4257 0.2837 0.002000
700.00 P 20270219 161.55 166.70 1 50 0.4242 -0.7519 0.002300
710.00 C 20270219 22.75 23.70 4 113 0.4267 0.2687 0.002000
710.00 P 20270219 168.75 175.55 0 19 0.4215 -0.7686 0.002200
720.00 C 20270219 21.20 22.10 85 98 0.4275 0.2544 0.001900
720.00 P 20270219 177.30 184.15 0 3 0.4223 -0.7847 0.002200
730.00 C 20270219 19.75 20.70 18 136 0.4287 0.2408 0.001900
730.00 P 20270219 186.00 193.70 0 20 0.4239 -0.8002 0.002100
740.00 C 20270219 18.45 19.35 7 51 0.4299 0.2279 0.001800
740.00 P 20270219 194.85 201.30 1 15 0.4224 -0.8148 0.002100
750.00 C 20270219 17.45 18.00 1 175 0.4317 0.2157 0.001700
750.00 P 20270219 203.75 210.90 0 3 0.4269 -0.8288 0.002000
760.00 C 20270219 16.20 16.90 0 107 0.4327 0.2040 0.001700
760.00 P 20270219 213.75 219.95 1 36 0.4336 -0.8423 0.002000
770.00 C 20270219 15.00 15.80 11 80 0.4332 0.1930 0.001600
770.00 P 20270219 222.80 227.40 1 1 0.4244 -0.8553 0.001900
780.00 C 20270219 14.00 14.80 6 98 0.4344 0.1826 0.001600
780.00 P 20270219 231.10 238.65 0 17 0.4289 -0.8678 0.001900
790.00 C 20270219 13.10 13.85 0 131 0.4357 0.1727 0.001500
790.00 P 20270219 240.40 247.40 0 0 0.4306 -0.8794 0.001800
800.00 C 20270219 12.35 12.90 28 634 0.4371 0.1634 0.001400
800.00 P 20270219 249.75 256.65 0 71 0.4306 -0.8907 0.001800
810.00 C 20270219 11.45 12.15 29 70 0.4381 0.1546 0.001400
810.00 P 20270219 259.20 265.85 0 2 0.4295 -0.9017 0.001800
820.00 C 20270219 10.70 11.45 0 41 0.4396 0.1463 0.001300
820.00 P 20270219 268.70 275.10 0 0 0.4276 -0.9121 0.001700
830.00 C 20270219 10.00 10.70 9 103 0.4406 0.1384 0.001300
830.00 P 20270219 278.25 284.85 0 1 0.4300 -0.9219 0.001600
840.00 C 20270219 9.35 9.90 0 9 0.4409 0.1310 0.001200
840.00 P 20270219 287.85 294.90 0 0 0.4354 -0.9314 0.001600
850.00 C 20270219 8.95 9.45 1 73 0.4444 0.1240 0.001200
850.00 P 20270219 297.55 304.55 0 38 0.4358 -0.9403 0.001600
860.00 C 20270219 8.25 8.85 0 170 0.4446 0.1174 0.001100
860.00 P 20270219 307.30 314.35 0 0 0.4377 -0.9486 0.001500
870.00 C 20270219 7.75 8.35 0 61 0.4462 0.1112 0.001100
870.00 P 20270219 317.05 324.65 0 0 0.4474 -0.9560 0.001400
880.00 C 20270219 7.40 7.90 0 166 0.4488 0.1054 0.001000
880.00 P 20270219 326.85 333.95 0 0 0.4369 -0.9627 0.001300
890.00 C 20270219 6.95 7.40 0 20 0.4499 0.0998 0.001000
890.00 P 20270219 336.70 344.40 0 0 0.4528 -0.9689 0.001200
900.00 C 20270219 6.45 6.95 2 93 0.4504 0.0946 0.001000
900.00 P 20270219 346.60 354.30 0 3 0.4562 -0.9749 0.001000
910.00 C 20270219 6.00 6.60 0 10 0.4517 0.0898 0.000900
910.00 P 20270219 356.55 364.20 0 0 0.4601 -0.9798 0.000900
920.00 C 20270219 5.65 6.25 0 55 0.4534 0.0851 0.000900
920.00 P 20270219 366.50 374.15 0 0 0.4647 -0.9839 0.000800
930.00 C 20270219 5.30 5.90 0 6 0.4546 0.0808 0.000800
930.00 P 20270219 376.50 384.15 0 0 0.4725 -0.9874 0.000600
940.00 C 20270219 5.00 5.45 0 35 0.4550 0.0767 0.000800
940.00 P 20270219 386.50 394.15 0 0 0.4802 -0.9903 0.000500
950.00 C 20270219 4.85 5.05 9 22 0.4568 0.0728 0.000800
950.00 P 20270219 396.50 404.15 0 0 0.4879 -0.9928 0.000400
960.00 C 20270219 4.45 4.95 0 184 0.4587 0.0692 0.000700
960.00 P 20270219 406.50 414.15 0 0 0.4954 -0.9947 0.000300
970.00 C 20270219 4.20 4.70 0 0 0.4604 0.0658 0.000700
970.00 P 20270219 416.50 424.15 0 0 0.5029 -0.9962 0.000200
980.00 C 20270219 3.95 4.40 0 71 0.4611 0.0626 0.000700
980.00 P 20270219 426.50 434.15 0 0 0.5102 -0.9973 0.000200
990.00 C 20270219 3.80 4.10 0 9 0.4626 0.0595 0.000600
990.00 P 20270219 436.50 444.15 0 0 0.5175 -0.9982 0.000100
1000.00 C 20270219 3.70 3.85 11 179 0.4648 0.0566 0.000600
1000.00 P 20270219 446.50 454.15 0 0 0.5246 -0.9989 0.000100
1010.00 C 20270219 3.35 3.75 0 54 0.4657 0.0540 0.000600
1010.00 P 20270219 456.50 464.15 0 0 0.5317 -0.9994 0.000000
1020.00 C 20270219 3.20 3.50 0 21 0.4668 0.0514 0.000600
1020.00 P 20270219 466.50 474.15 0 0 0.5387 -0.9999 0.000000
1030.00 C 20270219 2.99 3.30 0 2 0.4674 0.0490 0.000600
1030.00 P 20270219 476.50 484.15 0 0 0.5457 -1.0000 0.000000
1040.00 C 20270219 2.83 3.25 1 1 0.4704 0.0467 0.000500
1040.00 P 20270219 486.50 494.15 0 0 0.5525 -1.0000 0.000000
1050.00 C 20270219 2.69 3.10 0 6 0.4720 0.0446 0.000500
1050.00 P 20270219 496.50 504.15 0 0 0.5593 -1.0000 0.000000
1060.00 C 20270219 2.55 2.93 0 13 0.4732 0.0426 0.000500
1060.00 P 20270219 506.50 514.15 0 0 0.5660 -1.0000 0.000000
1070.00 C 20270219 2.42 2.68 0 117 0.4730 0.0407 0.000500
1070.00 P 20270219 516.50 524.15 0 0 0.5726 -1.0000 0.000000
1080.00 C 20270219 2.32 2.70 0 69 0.4771 0.0389 0.000400
1080.00 P 20270219 526.50 534.15 0 0 0.5792 -1.0000 0.000000
1090.00 C 20270219 2.18 2.45 0 0 0.4762 0.0372 0.000400
1090.00 P 20270219 536.50 544.15 0 0 0.5857 -1.0000 0.000000
1100.00 C 20270219 2.10 2.31 51 198 0.4777 0.0356 0.000400
1100.00 P 20270219 546.50 554.15 0 0 0.5921 -1.0000 0.000000
1110.00 C 20270219 2.00 2.23 0 33 0.4796 0.0340 0.000400
1110.00 P 20270219 556.50 564.15 0 0 0.5985 -1.0000 0.000000
1120.00 C 20270219 1.88 2.14 1 7 0.4809 0.0326 0.000400
1120.00 P 20270219 566.50 574.15 0 0 0.6048 -1.0000 0.000000
1130.00 C 20270219 1.83 2.17 0 20 0.4854 0.0313 0.000400
1130.00 P 20270219 576.50 584.15 0 0 0.6110 -1.0000 0.000000
1140.00 C 20270219 1.76 1.95 0 8 0.4848 0.0300 0.000400
1140.00 P 20270219 586.50 594.15 0 0 0.6172 -1.0000 0.000000
1150.00 C 20270219 1.70 1.87 0 9 0.4868 0.0288 0.000300
1150.00 P 20270219 596.50 604.15 0 0 0.6233 -1.0000 0.000000
1160.00 C 20270219 1.56 1.78 0 27 0.4868 0.0276 0.000300
1160.00 P 20270219 606.50 614.15 0 0 0.6294 -1.0000 0.000000
1170.00 C 20270219 1.56 1.84 0 22 0.4929 0.0265 0.000300
1170.00 P 20270219 616.50 624.15 0 0 0.6354 -1.0000 0.000000
1180.00 C 20270219 1.42 1.73 0 66 0.4921 0.0254 0.000300
1180.00 P 20270219 626.50 634.15 0 0 0.6414 -1.0000 0.000000
1190.00 C 20270219 1.44 1.68 14 284 0.4959 0.0244 0.000300
1190.00 P 20270219 636.50 644.15 0 0 0.6473 -1.0000 0.000000
5.00 C 20270319 541.20 548.85 0 1463 -1.0000 1.0000 0.000000
5.00 P 20270319 0.00 1.02 0 0 3.0319 0.0000 0.000000
10.00 C 20270319 536.15 543.80 0 10 -1.0000 1.0000 0.000000
10.00 P 20270319 0.00 1.02 0 1 2.4555 0.0000 0.000000
15.00 C 20270319 531.25 538.85 0 0 -1.0000 1.0000 0.000000
15.00 P 20270319 0.00 1.02 0 0 2.1563 -0.0001 0.000000
20.00 C 20270319 526.35 533.95 0 0 -1.0000 1.0000 0.000000
20.00 P 20270319 0.00 1.02 0 0 1.9568 -0.0001 0.000000
25.00 C 20270319 521.45 529.05 0 0 -1.0000 1.0000 0.000000
25.00 P 20270319 0.00 1.00 0 0 1.8034 -0.0001 0.000000
30.00 C 20270319 516.55 524.20 0 0 -1.0000 1.0000 0.000000
30.00 P 20270319 0.00 0.98 0 0 1.6815 -0.0001 0.000000
35.00 C 20270319 511.70 519.30 0 0 -1.0000 1.0000 0.000000
35.00 P 20270319 0.00 0.96 0 0 1.5805 -0.0002 0.000000
40.00 C 20270319 506.80 514.45 0 0 -1.0000 1.0000 0.000000
40.00 P 20270319 0.00 0.94 0 0 1.4944 -0.0002 0.000000
45.00 C 20270319 501.95 509.55 0 0 -1.0000 1.0000 0.000000
45.00 P 20270319 0.00 0.91 0 15 1.4175 -0.0002 0.000000
50.00 C 20270319 497.10 504.70 0 0 -1.0000 1.0000 0.000000
50.00 P 20270319 0.00 0.88 0 18 1.3493 -0.0003 0.000000
100.00 C 20270319 448.40 456.00 0 1 -1.0000 1.0000 0.000000
100.00 P 20270319 0.01 0.42 0 30 0.8800 -0.0008 0.000000
110.00 C 20270319 438.65 446.25 0 0 -1.0000 1.0000 0.000000
110.00 P 20270319 0.00 0.28 6 10 0.7958 -0.0009 0.000000
120.00 C 20270319 428.95 436.55 0 0 -1.0000 1.0000 0.000000
120.00 P 20270319 0.00 0.20 3 209 0.7296 -0.0011 0.000000
130.00 C 20270319 419.20 426.80 0 0 -1.0000 1.0000 0.000000
130.00 P 20270319 0.01 0.22 7 39 0.7016 -0.0013 0.000000
140.00 C 20270319 409.45 417.10 0 0 -1.0000 1.0000 0.000000
140.00 P 20270319 0.03 0.24 14 93 0.6776 -0.0016 0.000000
150.00 C 20270319 399.75 407.35 0 1 -1.0000 1.0000 0.000000
150.00 P 20270319 0.05 0.27 31 163 0.6563 -0.0019 0.000000
160.00 C 20270319 390.00 397.65 0 2 -1.0000 0.9999 0.000000
160.00 P 20270319 0.07 0.30 0 24 0.6346 -0.0022 0.000000
170.00 C 20270319 380.30 387.90 0 13 -1.0000 0.9995 0.000000
170.00 P 20270319 0.10 0.34 0 3 0.6165 -0.0027 0.000000
180.00 C 20270319 370.60 378.20 0 0 0.5042 0.9990 0.000000
180.00 P 20270319 0.26 0.38 0 35 0.6139 -0.0032 0.000000
190.00 C 20270319 360.90 368.50 0 0 0.5201 0.9984 0.000000
190.00 P 20270319 0.16 0.43 0 14 0.5803 -0.0038 0.000000
200.00 C 20270319 351.20 358.80 0 5 0.5197 0.9977 0.000000
200.00 P 20270319 0.21 0.48 0 26 0.5647 -0.0045 0.000100
210.00 C 20270319 341.50 349.10 0 1 0.5134 0.9968 0.000100
210.00 P 20270319 0.26 0.56 0 32 0.5509 -0.0053 0.000100
220.00 C 20270319 331.80 339.45 0 0 0.5087 0.9958 0.000100
220.00 P 20270319 0.44 0.60 24 111 0.5425 -0.0064 0.000100
230.00 C 20270319 322.15 329.80 0 35 0.5045 0.9946 0.000100
230.00 P 20270319 0.54 0.67 24 85 0.5292 -0.0076 0.000100
240.00 C 20270319 312.50 320.15 0 51 0.4966 0.9931 0.000100
240.00 P 20270319 0.52 0.88 0 28 0.5158 -0.0091 0.000100
250.00 C 20270319 302.90 310.55 0 0 0.4920 0.9914 0.000100
250.00 P 20270319 0.79 1.00 7 136 0.5105 -0.0109 0.000100
260.00 C 20270319 293.35 301.00 0 2 0.4884 0.9893 0.000200
260.00 P 20270319 0.97 1.23 2 87 0.5033 -0.0130 0.000200
270.00 C 20270319 283.80 291.45 0 23 0.4819 0.9867 0.000200
270.00 P 20270319 1.06 1.37 2 5 0.4886 -0.0156 0.000200
280.00 C 20270319 274.30 281.95 0 44 0.4760 0.9838 0.000200
280.00 P 20270319 1.30 1.64 2 37 0.4812 -0.0186 0.000200
290.00 C 20270319 264.85 272.50 0 2 0.4706 0.9802 0.000300
290.00 P 20270319 1.59 1.89 0 22 0.4730 -0.0222 0.000300
300.00 C 20270319 256.50 263.10 0 25 0.4855 0.9761 0.000300
300.00 P 20270319 2.06 2.33 106 209 0.4707 -0.0263 0.000300
310.00 C 20270319 247.15 253.80 0 5 0.4780 0.9714 0.000400
310.00 P 20270319 2.37 2.66 3 33 0.4612 -0.0311 0.000400
320.00 C 20270319 237.90 244.55 0 12 0.4712 0.9659 0.000400
320.00 P 20270319 2.87 3.30 1 64 0.4579 -0.0368 0.000400
330.00 C 20270319 228.75 235.40 0 16 0.4654 0.9596 0.000500
330.00 P 20270319 3.45 3.95 0 24 0.4536 -0.0432 0.000500
340.00 C 20270319 219.35 226.35 0 8 0.4561 0.9524 0.000600
340.00 P 20270319 4.15 4.55 0 289 0.4483 -0.0503 0.000600
350.00 C 20270319 210.00 217.45 0 25 0.4478 0.9443 0.000600
350.00 P 20270319 5.05 5.40 0 418 0.4455 -0.0586 0.000600
360.00 C 20270319 201.90 208.65 0 25 0.4510 0.9353 0.000700
360.00 P 20270319 5.90 6.20 0 312 0.4400 -0.0677 0.000700
370.00 C 20270319 193.10 199.95 0 17 0.4458 0.9252 0.000800
370.00 P 20270319 7.05 7.40 11 415 0.4385 -0.0779 0.000800
380.00 C 20270319 184.35 191.45 0 114 0.4410 0.9142 0.000900
380.00 P 20270319 8.30 8.65 132 276 0.4358 -0.0892 0.000900
390.00 C 20270319 176.05 183.05 0 23 0.4382 0.9020 0.001000
390.00 P 20270319 9.75 10.15 4 311 0.4342 -0.1015 0.001000
400.00 C 20270319 169.20 173.45 0 86 0.4350 0.8888 0.001100
400.00 P 20270319 11.20 11.70 11 1384 0.4307 -0.1150 0.001100
410.00 C 20270319 159.80 165.70 0 28 0.4261 0.8745 0.001200
410.00 P 20270319 12.95 13.50 0 656 0.4286 -0.1295 0.001200
420.00 C 20270319 153.20 157.90 0 27 0.4308 0.8592 0.001300
420.00 P 20270319 14.95 15.50 8 2952 0.4269 -0.1452 0.001300
430.00 C 20270319 144.30 151.50 0 112 0.4284 0.8429 0.001400
430.00 P 20270319 17.10 17.55 0 927 0.4243 -0.1618 0.001400
440.00 C 20270319 138.35 142.85 0 16 0.4274 0.8256 0.001500
440.00 P 20270319 19.35 20.20 87 211 0.4232 -0.1795 0.001500
450.00 C 20270319 129.85 136.45 5 134 0.4232 0.8075 0.001600
450.00 P 20270319 22.10 22.70 5 4549 0.4216 -0.1981 0.001600
460.00 C 20270319 123.35 128.25 3 77 0.4184 0.7885 0.001700
460.00 P 20270319 24.95 25.60 0 1845 0.4204 -0.2176 0.001700
470.00 C 20270319 116.65 122.10 3 22 0.4195 0.7688 0.001800
470.00 P 20270319 28.05 28.70 2 1691 0.4191 -0.2379 0.001800
480.00 C 20270319 109.15 115.65 1 60 0.4146 0.7484 0.001800
480.00 P 20270319 31.40 32.10 29 1545 0.4181 -0.2589 0.001900
490.00 C 20270319 104.05 109.35 0 29 0.4175 0.7274 0.001900
490.00 P 20270319 35.10 35.75 118 1334 0.4177 -0.2806 0.002000
500.00 C 20270319 98.05 102.70 6 507 0.4141 0.7059 0.002000
500.00 P 20270319 38.90 39.60 192 3801 0.4165 -0.3028 0.002100
510.00 C 20270319 93.15 97.10 0 53 0.4166 0.6841 0.002000
510.00 P 20270319 43.00 43.80 3 892 0.4159 -0.3254 0.002100
520.00 C 20270319 87.85 92.35 5 69 0.4189 0.6620 0.002100
520.00 P 20270319 47.40 48.20 13 970 0.4154 -0.3484 0.002200
530.00 C 20270319 82.70 86.50 0 182 0.4166 0.6397 0.002200
530.00 P 20270319 52.00 52.85 23 895 0.4148 -0.3716 0.002300
540.00 C 20270319 77.65 80.95 16 310 0.4141 0.6174 0.002200
540.00 P 20270319 57.10 57.80 20 1606 0.4152 -0.3950 0.002300
550.00 C 20270319 74.40 76.05 42 794 0.4178 0.5950 0.002200
550.00 P 20270319 62.20 62.95 149 3413 0.4147 -0.4184 0.002400
560.00 C 20270319 69.90 71.10 14 371 0.4162 0.5727 0.002300
560.00 P 20270319 67.45 68.40 38 784 0.4142 -0.4419 0.002400
565.00 C 20270319 67.80 68.90 0 32 0.4161 0.5617 0.002300
565.00 P 20270319 70.10 71.40 23 114 0.4143 -0.4536 0.002400
570.00 C 20270319 65.70 66.65 7 575 0.4156 0.5507 0.002300
570.00 P 20270319 73.10 74.10 9 1282 0.4142 -0.4652 0.002400
575.00 C 20270319 63.70 64.60 1 528 0.4155 0.5397 0.002300
575.00 P 20270319 75.85 77.25 6 145 0.4144 -0.4768 0.002400
580.00 C 20270319 61.70 62.60 8 854 0.4156 0.5288 0.002300
580.00 P 20270319 78.95 80.00 16 1354 0.4141 -0.4883 0.002400
585.00 C 20270319 59.85 60.80 0 193 0.4162 0.5180 0.002300
585.00 P 20270319 82.00 83.05 13 132 0.4142 -0.4998 0.002400
590.00 C 20270319 57.95 58.80 2 358 0.4158 0.5073 0.002300
590.00 P 20270319 85.05 86.20 3 393 0.4143 -0.5113 0.002500
595.00 C 20270319 56.10 57.20 9 236 0.4165 0.4967 0.002300
595.00 P 20270319 88.20 89.40 10 52 0.4145 -0.5226 0.002500
600.00 C 20270319 54.45 55.25 69 2472 0.4164 0.4862 0.002300
600.00 P 20270319 91.40 92.60 22 1338 0.4146 -0.5338 0.002500
605.00 C 20270319 52.65 53.70 4 75 0.4168 0.4758 0.002300
605.00 P 20270319 94.10 96.35 0 12 0.4145 -0.5449 0.002500
610.00 C 20270319 51.05 51.85 19 469 0.4165 0.4656 0.002300
610.00 P 20270319 97.50 99.25 10 1442 0.4136 -0.5560 0.002500
615.00 C 20270319 49.40 50.35 2 47 0.4170 0.4554 0.002300
615.00 P 20270319 100.20 103.60 0 38 0.4147 -0.5670 0.002500
620.00 C 20270319 47.90 48.65 4 475 0.4169 0.4454 0.002300
620.00 P 20270319 103.85 106.45 0 660 0.4138 -0.5778 0.002500
625.00 C 20270319 46.25 47.30 1 113 0.4173 0.4355 0.002300
625.00 P 20270319 107.80 109.85 0 20 0.4153 -0.5885 0.002400
630.00 C 20270319 44.85 45.65 5 415 0.4172 0.4257 0.002300
630.00 P 20270319 110.70 114.40 0 583 0.4168 -0.5991 0.002400
635.00 C 20270319 43.45 44.40 9 94 0.4180 0.4161 0.002200
635.00 P 20270319 114.15 118.75 0 261 0.4191 -0.6095 0.002400
640.00 C 20270319 42.20 42.85 7 412 0.4182 0.4067 0.002200
640.00 P 20270319 117.05 122.00 0 386 0.4159 -0.6198 0.002400
645.00 C 20270319 40.65 41.70 0 77 0.4184 0.3973 0.002200
645.00 P 20270319 120.85 126.15 0 27 0.4182 -0.6300 0.002400
650.00 C 20270319 39.40 40.20 58 2876 0.4182 0.3882 0.002200
650.00 P 20270319 124.75 129.80 2 766 0.4189 -0.6401 0.002400
655.00 C 20270319 38.25 38.95 5 50 0.4187 0.3792 0.002200
655.00 P 20270319 126.65 134.25 0 101 0.4140 -0.6501 0.002400
660.00 C 20270319 36.95 37.70 3 720 0.4188 0.3703 0.002200
660.00 P 20270319 132.10 137.50 1 404 0.4193 -0.6598 0.002400
665.00 C 20270319 35.70 36.70 84 38 0.4195 0.3616 0.002100
665.00 P 20270319 134.60 141.30 0 28 0.4150 -0.6694 0.002400
670.00 C 20270319 34.55 35.55 7 308 0.4198 0.3530 0.002100
670.00 P 20270319 139.60 145.40 0 274 0.4198 -0.6788 0.002400
675.00 C 20270319 33.45 34.45 0 81 0.4202 0.3446 0.002100
675.00 P 20270319 143.40 149.05 0 7 0.4189 -0.6881 0.002300
680.00 C 20270319 32.60 33.20 3 353 0.4207 0.3364 0.002100
680.00 P 20270319 147.75 153.20 0 274 0.4213 -0.6973 0.002300
685.00 C 20270319 31.35 32.35 0 38 0.4210 0.3283 0.002100
685.00 P 20270319 151.60 157.00 0 0 0.4204 -0.7063 0.002300
690.00 C 20270319 30.35 31.35 1 301 0.4214 0.3204 0.002000
690.00 P 20270319 155.75 161.00 0 154 0.4211 -0.7152 0.002300
695.00 C 20270319 29.40 30.35 1 28 0.4218 0.3127 0.002000
695.00 P 20270319 158.45 165.10 0 0 0.4165 -0.7240 0.002300
700.00 C 20270319 28.65 29.25 41 4712 0.4222 0.3051 0.002000
700.00 P 20270319 164.00 169.20 1 253 0.4222 -0.7325 0.002200
705.00 C 20270319 27.55 28.35 0 68 0.4220 0.2977 0.002000
705.00 P 20270319 167.90 173.40 0 1 0.4220 -0.7408 0.002200
710.00 C 20270319 26.85 27.45 0 400 0.4230 0.2904 0.001900
710.00 P 20270319 170.85 178.35 0 129 0.4206 -0.7490 0.002200
715.00 C 20270319 25.80 26.55 0 52 0.4225 0.2832 0.001900
715.00 P 20270319 176.25 182.55 0 2 0.4258 -0.7571 0.002200
720.00 C 20270319 25.20 25.95 23 289 0.4246 0.2763 0.001900
720.00 P 20270319 179.50 186.20 0 137 0.4199 -0.7651 0.002200
725.00 C 20270319 24.20 25.15 0 142 0.4242 0.2695 0.001900
725.00 P 20270319 183.55 189.50 0 2 0.4153 -0.7729 0.002100
730.00 C 20270319 23.60 24.20 18 359 0.4247 0.2628 0.001800
730.00 P 20270319 187.85 194.80 0 34 0.4199 -0.7806 0.002100
735.00 C 20270319 22.70 23.60 1 104 0.4251 0.2563 0.001800
735.00 P 20270319 192.20 199.10 0 0 0.4202 -0.7880 0.002100
740.00 C 20270319 22.00 22.85 12 211 0.4255 0.2500 0.001800
740.00 P 20270319 196.55 203.70 0 28 0.4217 -0.7954 0.002100
745.00 C 20270319 21.30 22.15 24 81 0.4259 0.2438 0.001800
745.00 P 20270319 200.95 208.10 0 0 0.4222 -0.8025 0.002000
750.00 C 20270319 20.80 21.30 45 752 0.4264 0.2377 0.001700
750.00 P 20270319 207.50 211.05 0 56 0.4259 -0.8095 0.002000
755.00 C 20270319 20.00 20.80 0 44 0.4269 0.2318 0.001700
755.00 P 20270319 209.80 216.80 0 0 0.4225 -0.8165 0.002000
760.00 C 20270319 19.35 20.15 0 302 0.4272 0.2260 0.001700
760.00 P 20270319 214.25 221.35 0 30 0.4233 -0.8233 0.002000
770.00 C 20270319 18.30 18.85 6 338 0.4283 0.2148 0.001600
770.00 P 20270319 223.25 230.55 0 33 0.4254 -0.8364 0.001900
780.00 C 20270319 17.20 17.70 0 1282 0.4293 0.2042 0.001600
780.00 P 20270319 233.35 239.60 1 25 0.4317 -0.8493 0.001900
790.00 C 20270319 16.05 16.80 59 252 0.4305 0.1941 0.001500
790.00 P 20270319 242.50 248.25 1 67 0.4299 -0.8614 0.001900
800.00 C 20270319 15.20 15.70 188 4683 0.4316 0.1846 0.001500
800.00 P 20270319 250.75 257.95 0 84 0.4277 -0.8731 0.001800
810.00 C 20270319 14.30 14.80 6 551 0.4328 0.1754 0.001400
810.00 P 20270319 261.05 265.90 2 117 0.4260 -0.8846 0.001800
820.00 C 20270319 13.40 13.95 0 389 0.4336 0.1668 0.001400
820.00 P 20270319 270.10 275.40 0 4 0.4246 -0.8954 0.001800
830.00 C 20270319 12.65 13.15 1 430 0.4350 0.1586 0.001300
830.00 P 20270319 278.90 285.60 0 0 0.4256 -0.9060 0.001700
840.00 C 20270319 11.75 12.45 0 183 0.4356 0.1508 0.001300
840.00 P 20270319 288.45 295.55 0 2 0.4302 -0.9160 0.001700
850.00 C 20270319 11.20 11.60 3 1736 0.4366 0.1434 0.001200
850.00 P 20270319 298.05 304.75 0 21 0.4268 -0.9257 0.001700
860.00 C 20270319 10.45 11.10 0 111 0.4381 0.1364 0.001200
860.00 P 20270319 307.70 314.80 0 4 0.4320 -0.9350 0.001600
870.00 C 20270319 9.95 10.40 15 149 0.4394 0.1298 0.001200
870.00 P 20270319 317.40 324.45 0 4 0.4320 -0.9436 0.001500
880.00 C 20270319 9.30 9.90 1 67 0.4405 0.1235 0.001100
880.00 P 20270319 327.15 333.85 0 4 0.4248 -0.9513 0.001400
890.00 C 20270319 8.80 9.35 0 146 0.4418 0.1175 0.001100
890.00 P 20270319 336.95 343.65 0 6 0.4216 -0.9583 0.001300
900.00 C 20270319 8.35 8.80 5 455 0.4430 0.1119 0.001000
900.00 P 20270319 346.75 354.45 0 5 0.4453 -0.9648 0.001200
910.00 C 20270319 7.90 8.40 44 108 0.4448 0.1065 0.001000
910.00 P 20270319 356.65 364.30 0 0 0.4472 -0.9711 0.001100
920.00 C 20270319 7.45 7.75 1 108 0.4445 0.1014 0.001000
920.00 P 20270319 366.55 374.20 0 0 0.4497 -0.9764 0.001000
930.00 C 20270319 6.95 7.50 0 97 0.4462 0.0966 0.000900
930.00 P 20270319 376.50 384.15 0 0 0.4538 -0.9810 0.000800
940.00 C 20270319 6.55 7.15 0 217 0.4476 0.0921 0.000900
940.00 P 20270319 386.50 394.15 0 0 0.4611 -0.9851 0.000700
950.00 C 20270319 6.30 6.65 0 127 0.4486 0.0878 0.000800
950.00 P 20270319 396.50 404.15 0 0 0.4684 -0.9883 0.000600
960.00 C 20270319 5.85 6.45 0 243 0.4501 0.0838 0.000800
960.00 P 20270319 406.50 414.15 0 0 0.4755 -0.9911 0.000500
970.00 C 20270319 5.65 6.05 0 17 0.4516 0.0799 0.000800
970.00 P 20270319 416.50 424.15 0 0 0.4826 -0.9932 0.000400
980.00 C 20270319 5.35 5.80 0 124 0.4533 0.0762 0.000800
980.00 P 20270319 426.50 434.15 0 0 0.4896 -0.9950 0.000300
990.00 C 20270319 5.10 5.45 0 484 0.4543 0.0728 0.000700
990.00 P 20270319 436.50 444.15 0 0 0.4965 -0.9963 0.000200
1000.00 C 20270319 4.85 5.10 30 2316 0.4549 0.0695 0.000700
1000.00 P 20270319 446.50 454.15 0 0 0.5033 -0.9974 0.000100
1010.00 C 20270319 4.55 4.95 0 71 0.4566 0.0664 0.000700
1010.00 P 20270319 456.50 464.15 0 0 0.5101 -0.9983 0.000100
1020.00 C 20270319 4.25 4.60 0 74 0.4561 0.0635 0.000600
1020.00 P 20270319 466.50 474.15 0 0 0.5167 -0.9990 0.000100
1030.00 C 20270319 4.15 4.35 0 339 0.4582 0.0607 0.000600
1030.00 P 20270319 476.50 484.15 0 0 0.5233 -0.9996 0.000000
1040.00 C 20270319 3.80 4.30 0 73 0.4596 0.0581 0.000600
1040.00 P 20270319 486.50 494.15 0 0 0.5298 -1.0000 0.000000
1050.00 C 20270319 3.70 4.00 5 68 0.4607 0.0556 0.000600
1050.00 P 20270319 496.50 504.15 0 0 0.5363 -1.0000 0.000000
1060.00 C 20270319 3.45 3.90 0 40 0.4622 0.0532 0.000600
1060.00 P 20270319 506.50 514.15 0 0 0.5427 -1.0000 0.000000
1070.00 C 20270319 3.35 3.65 0 36 0.4634 0.0510 0.000500
1070.00 P 20270319 516.50 524.15 0 0 0.5490 -1.0000 0.000000
1080.00 C 20270319 3.10 3.55 0 47 0.4644 0.0488 0.000500
1080.00 P 20270319 526.50 534.15 0 0 0.5552 -1.0000 0.000000
1090.00 C 20270319 3.10 3.45 0 39 0.4682 0.0468 0.000500
1090.00 P 20270319 536.50 544.15 0 0 0.5614 -1.0000 0.000000
1100.00 C 20270319 2.84 3.30 0 226 0.4680 0.0449 0.000500
1100.00 P 20270319 546.50 554.15 0 0 0.5675 -1.0000 0.000000
1110.00 C 20270319 2.71 3.15 0 53 0.4693 0.0431 0.000500
1110.00 P 20270319 556.50 564.15 0 0 0.5736 -1.0000 0.000000
1120.00 C 20270319 2.69 3.00 0 72 0.4718 0.0414 0.000400
1120.00 P 20270319 566.50 574.15 0 0 0.5796 -1.0000 0.000000
1130.00 C 20270319 2.46 2.87 2 64 0.4715 0.0397 0.000400
1130.00 P 20270319 576.50 584.15 0 0 0.5855 -1.0000 0.000000
1140.00 C 20270319 2.39 2.74 2 25 0.4732 0.0382 0.000400
1140.00 P 20270319 586.50 594.15 0 0 0.5914 -1.0000 0.000000
1150.00 C 20270319 2.35 2.53 1 77 0.4741 0.0367 0.000400
1150.00 P 20270319 596.50 604.15 0 0 0.5972 -1.0000 0.000000
1160.00 C 20270319 2.15 2.54 0 56 0.4756 0.0353 0.000400
1160.00 P 20270319 606.50 614.15 0 0 0.6030 -1.0000 0.000000
1170.00 C 20270319 2.05 2.44 0 36 0.4769 0.0340 0.000400
1170.00 P 20270319 616.50 624.15 0 0 0.6087 -1.0000 0.000000
1180.00 C 20270319 1.96 2.35 0 81 0.4782 0.0327 0.000400
1180.00 P 20270319 626.50 634.15 0 0 0.6143 -1.0000 0.000000
1190.00 C 20270319 1.88 2.26 0 35 0.4796 0.0315 0.000400
1190.00 P 20270319 636.50 644.15 0 0 0.6199 -1.0000 0.000000
1200.00 C 20270319 1.80 2.17 0 267 0.4809 0.0303 0.000300
1200.00 P 20270319 646.50 654.15 0 0 0.6255 -1.0000 0.000000
1210.00 C 20270319 1.73 2.09 0 281 0.4824 0.0292 0.000300
1210.00 P 20270319 656.50 664.15 0 0 0.6310 -1.0000 0.000000
1220.00 C 20270319 1.70 1.98 0 821 0.4841 0.0281 0.000300
1220.00 P 20270319 666.50 674.15 0 0 0.6365 -1.0000 0.000000
1230.00 C 20270319 1.62 1.95 0 17 0.4860 0.0271 0.000300
1230.00 P 20270319 676.50 684.15 0 0 0.6419 -1.0000 0.000000
1240.00 C 20270319 1.60 1.84 0 429 0.4873 0.0262 0.000300
1240.00 P 20270319 686.50 694.15 0 0 0.6472 -1.0000 0.000000
1250.00 C 20270319 1.55 1.76 6 611 0.4888 0.0253 0.000300
1250.00 P 20270319 696.50 704.15 0 0 0.6525 -1.0000 0.000000
5.00 C 20270617 541.30 548.95 0 1237 -1.0000 1.0000 0.000000
5.00 P 20270617 0.00 1.02 0 4 2.5452 0.0000 0.000000
10.00 C 20270617 536.30 543.90 0 12 -1.0000 1.0000 0.000000
10.00 P 20270617 0.00 0.99 0 1 2.0525 -0.0001 0.000000
15.00 C 20270617 531.40 539.00 0 1 -1.0000 1.0000 0.000000
15.00 P 20270617 0.00 0.95 0 0 1.7927 -0.0001 0.000000
20.00 C 20270617 526.55 534.15 0 1 -1.0000 1.0000 0.000000
20.00 P 20270617 0.00 0.91 0 1 1.6182 -0.0001 0.000000
25.00 C 20270617 521.65 529.25 0 0 -1.0000 1.0000 0.000000
25.00 P 20270617 0.00 0.86 0 0 1.4851 -0.0002 0.000000
30.00 C 20270617 516.85 524.45 0 0 -1.0000 1.0000 0.000000
30.00 P 20270617 0.00 0.81 0 0 1.3781 -0.0002 0.000000
35.00 C 20270617 512.00 519.60 0 0 -1.0000 1.0000 0.000000
35.00 P 20270617 0.00 0.37 0 0 1.1857 -0.0003 0.000000
40.00 C 20270617 507.20 514.80 0 2 -1.0000 1.0000 0.000000
40.00 P 20270617 0.00 0.56 0 0 1.1790 -0.0003 0.000000
45.00 C 20270617 502.40 510.00 0 2 -1.0000 1.0000 0.000000
45.00 P 20270617 0.00 0.36 0 7 1.0697 -0.0004 0.000000
50.00 C 20270617 497.60 505.20 0 95 -1.0000 1.0000 0.000000
50.00 P 20270617 0.00 0.54 1 30 1.0701 -0.0004 0.000000
260.00 C 20270617 297.30 304.95 0 24 0.4665 0.9817 0.000200
260.00 P 20270617 1.98 2.38 2 388 0.4777 -0.0219 0.000200
270.00 C 20270617 288.10 295.75 0 75 0.4637 0.9780 0.000200
270.00 P 20270617 2.33 2.89 0 118 0.4724 -0.0258 0.000300
280.00 C 20270617 278.95 286.60 0 30 0.4603 0.9737 0.000300
280.00 P 20270617 2.81 3.40 0 149 0.4677 -0.0301 0.000300
290.00 C 20270617 270.65 277.50 0 1 0.4668 0.9688 0.000300
290.00 P 20270617 3.50 3.80 1 163 0.4623 -0.0350 0.000300
300.00 C 20270617 260.85 268.50 0 44 0.4526 0.9633 0.000400
300.00 P 20270617 4.05 4.60 0 228 0.4584 -0.0406 0.000400
310.00 C 20270617 251.95 259.60 0 35 0.4494 0.9571 0.000400
310.00 P 20270617 4.75 5.20 0 82 0.4523 -0.0469 0.000400
320.00 C 20270617 244.00 250.80 1 130 0.4543 0.9502 0.000500
320.00 P 20270617 5.60 6.30 0 209 0.4509 -0.0540 0.000500
330.00 C 20270617 235.95 241.80 0 24 0.4533 0.9426 0.000500
330.00 P 20270617 6.60 7.15 0 732 0.4467 -0.0617 0.000600
340.00 C 20270617 226.35 233.60 0 29 0.4445 0.9342 0.000600
340.00 P 20270617 7.85 8.35 10 217 0.4455 -0.0702 0.000600
350.00 C 20270617 217.50 225.20 2 42 0.4390 0.9251 0.000700
350.00 P 20270617 8.95 9.40 1 546 0.4403 -0.0796 0.000700
360.00 C 20270617 209.25 216.90 0 42 0.4368 0.9152 0.000700
360.00 P 20270617 10.35 10.90 1 458 0.4386 -0.0897 0.000800
370.00 C 20270617 203.00 208.80 0 86 0.4456 0.9045 0.000800
370.00 P 20270617 11.85 12.35 19 425 0.4355 -0.1007 0.000800
380.00 C 20270617 193.15 200.80 0 100 0.4327 0.8931 0.000900
380.00 P 20270617 13.50 14.20 6 617 0.4338 -0.1125 0.000900
390.00 C 20270617 187.25 193.00 0 56 0.4402 0.8808 0.000900
390.00 P 20270617 15.35 16.05 13 1175 0.4316 -0.1250 0.001000
400.00 C 20270617 178.45 184.50 5 278 0.4285 0.8679 0.001000
400.00 P 20270617 17.40 18.15 6 1841 0.4300 -0.1384 0.001000
410.00 C 20270617 170.25 177.95 0 18 0.4276 0.8542 0.001100
410.00 P 20270617 19.65 20.40 0 436 0.4284 -0.1525 0.001100
420.00 C 20270617 163.00 169.70 0 71 0.4222 0.8398 0.001200
420.00 P 20270617 22.05 22.85 3 3579 0.4268 -0.1673 0.001200
430.00 C 20270617 156.40 163.65 0 178 0.4268 0.8248 0.001200
430.00 P 20270617 24.70 25.55 2 1572 0.4257 -0.1828 0.001300
440.00 C 20270617 149.80 155.55 9 71 0.4220 0.8092 0.001300
440.00 P 20270617 27.60 28.40 80 587 0.4246 -0.1990 0.001400
450.00 C 20270617 142.75 148.30 3 165 0.4176 0.7931 0.001400
450.00 P 20270617 30.75 31.40 7 4130 0.4236 -0.2157 0.001400
460.00 C 20270617 136.00 143.10 0 82 0.4200 0.7765 0.001400
460.00 P 20270617 33.85 34.80 1 1299 0.4225 -0.2330 0.001500
470.00 C 20270617 132.10 137.35 2 99 0.4284 0.7595 0.001500
470.00 P 20270617 37.30 38.30 14 1194 0.4214 -0.2508 0.001600
480.00 C 20270617 125.00 130.45 1 350 0.4214 0.7421 0.001600
480.00 P 20270617 40.95 41.80 9 1471 0.4198 -0.2690 0.001600
490.00 C 20270617 117.95 124.55 4 145 0.4168 0.7244 0.001600
490.00 P 20270617 44.90 46.00 15 964 0.4201 -0.2875 0.001700
500.00 C 20270617 113.00 119.00 21 1116 0.4185 0.7064 0.001700
500.00 P 20270617 49.10 49.80 13 4139 0.4186 -0.3064 0.001700
520.00 C 20270617 103.85 108.65 4 656 0.4223 0.6700 0.001700
520.00 P 20270617 58.00 59.20 20 2231 0.4187 -0.3448 0.001800
540.00 C 20270617 95.50 98.05 110 1665 0.4232 0.6333 0.001800
540.00 P 20270617 67.80 69.10 97 4364 0.4182 -0.3837 0.001900
560.00 C 20270617 86.40 88.00 72 1182 0.4204 0.5967 0.001900
560.00 P 20270617 78.45 79.85 26 2223 0.4180 -0.4229 0.002000
580.00 C 20270617 78.40 79.50 17 1166 0.4194 0.5606 0.001900
580.00 P 20270617 89.90 91.40 34 2853 0.4179 -0.4617 0.002000
600.00 C 20270617 71.05 72.00 74 4117 0.4198 0.5254 0.001900
600.00 P 20270617 102.15 103.75 12 3966 0.4182 -0.5000 0.002100
620.00 C 20270617 64.25 65.20 43 2366 0.4202 0.4912 0.001900
620.00 P 20270617 115.05 116.90 1 2405 0.4186 -0.5374 0.002100
640.00 C 20270617 58.10 59.00 15 2437 0.4208 0.4584 0.001900
640.00 P 20270617 127.95 131.40 2 1761 0.4190 -0.5739 0.002100
660.00 C 20270617 52.40 53.40 16 2206 0.4211 0.4270 0.001900
660.00 P 20270617 141.35 145.20 15 852 0.4156 -0.6090 0.002100
680.00 C 20270617 47.45 48.15 10 1835 0.4217 0.3972 0.001800
680.00 P 20270617 155.60 161.85 2 607 0.4189 -0.6428 0.002100
700.00 C 20270617 42.90 43.75 188 3308 0.4230 0.3690 0.001800
700.00 P 20270617 170.40 176.90 0 935 0.4163 -0.6751 0.002100
720.00 C 20270617 38.80 39.65 10 1887 0.4241 0.3425 0.001700
720.00 P 20270617 186.65 194.15 0 1009 0.4213 -0.7059 0.002000
740.00 C 20270617 35.10 35.95 10 2821 0.4252 0.3177 0.001700
740.00 P 20270617 203.25 210.20 0 373 0.4212 -0.7352 0.002000
760.00 C 20270617 31.90 32.60 11 2796 0.4268 0.2945 0.001600
760.00 P 20270617 220.05 226.05 0 392 0.4179 -0.7629 0.002000
780.00 C 20270617 28.75 29.55 3 2045 0.4274 0.2729 0.001600
780.00 P 20270617 237.55 245.25 0 189 0.4261 -0.7889 0.001900
800.00 C 20270617 26.35 26.90 36 4114 0.4298 0.2528 0.001500
800.00 P 20270617 255.25 262.95 0 214 0.4274 -0.8138 0.001800
820.00 C 20270617 23.70 24.45 1 530 0.4304 0.2342 0.001400
820.00 P 20270617 273.25 280.95 0 74 0.4286 -0.8370 0.001800
840.00 C 20270617 21.55 22.30 3 1859 0.4320 0.2169 0.001400
840.00 P 20270617 291.60 299.30 0 68 0.4302 -0.8592 0.001800
860.00 C 20270617 19.60 20.35 2 1129 0.4336 0.2010 0.001300
860.00 P 20270617 310.25 317.20 0 58 0.4278 -0.8800 0.001700
880.00 C 20270617 18.00 18.60 0 2717 0.4358 0.1862 0.001200
880.00 P 20270617 329.10 336.80 0 29 0.4339 -0.8998 0.001700
900.00 C 20270617 16.25 16.95 7 3179 0.4365 0.1727 0.001200
900.00 P 20270617 348.20 355.85 0 93 0.4354 -0.9183 0.001600
920.00 C 20270617 14.85 15.50 0 2578 0.4381 0.1601 0.001100
920.00 P 20270617 367.50 375.00 0 50 0.4355 -0.9349 0.001500
940.00 C 20270617 13.55 14.10 0 389 0.4392 0.1486 0.001000
940.00 P 20270617 387.00 393.95 0 13 0.4288 -0.9506 0.001500
960.00 C 20270617 12.25 13.20 0 217 0.4414 0.1380 0.001000
960.00 P 20270617 406.70 414.35 0 17 0.4437 -0.9641 0.001300
980.00 C 20270617 11.25 12.10 0 351 0.4431 0.1282 0.001000
980.00 P 20270617 426.50 434.15 0 0 0.4484 -0.9746 0.001000
1000.00 C 20270617 10.50 10.90 61 2570 0.4445 0.1192 0.000900
1000.00 P 20270617 446.50 454.15 0 0 0.4608 -0.9829 0.000800
1020.00 C 20270617 9.70 10.10 0 439 0.4469 0.1109 0.000800
1020.00 P 20270617 466.50 474.15 0 0 0.4729 -0.9897 0.000500
1040.00 C 20270617 8.70 9.55 0 181 0.4486 0.1033 0.000800
1040.00 P 20270617 486.50 494.15 0 0 0.4848 -0.9941 0.000300
1060.00 C 20270617 8.20 8.65 0 884 0.4505 0.0963 0.000800
1060.00 P 20270617 506.50 514.15 0 0 0.4964 -0.9971 0.000100
1080.00 C 20270617 7.50 8.20 1 305 0.4530 0.0898 0.000700
1080.00 P 20270617 526.50 534.15 0 0 0.5077 -0.9991 0.000000
1100.00 C 20270617 6.95 7.60 0 304 0.4550 0.0839 0.000700
1100.00 P 20270617 546.50 554.15 0 0 0.5189 -1.0000 0.000000
1120.00 C 20270617 6.30 6.90 1 237 0.4548 0.0784 0.000600
1120.00 P 20270617 566.50 574.15 0 0 0.5298 -1.0000 0.000000
1140.00 C 20270617 6.00 6.35 7 164 0.4574 0.0734 0.000600
1140.00 P 20270617 586.50 594.15 0 0 0.5404 -1.0000 0.000000
1160.00 C 20270617 5.40 6.10 0 329 0.4594 0.0687 0.000600
1160.00 P 20270617 606.50 614.15 0 0 0.5509 -1.0000 0.000000
1180.00 C 20270617 5.00 5.70 0 223 0.4612 0.0644 0.000600
1180.00 P 20270617 626.50 634.15 0 0 0.5612 -1.0000 0.000000
1200.00 C 20270617 4.80 5.25 7 878 0.4637 0.0605 0.000500
1200.00 P 20270617 646.50 654.15 0 0 0.5713 -1.0000 0.000000
1220.00 C 20270617 4.35 5.00 0 130 0.4653 0.0568 0.000500
1220.00 P 20270617 666.50 674.15 0 0 0.5813 -1.0000 0.000000
1240.00 C 20270617 4.15 4.70 0 340 0.4687 0.0534 0.000500
1240.00 P 20270617 686.50 694.15 0 0 0.5910 -1.0000 0.000000
1260.00 C 20270617 3.90 4.30 0 95 0.4698 0.0503 0.000400
1260.00 P 20270617 706.50 714.15 0 0 0.6006 -1.0000 0.000000
1280.00 C 20270617 3.50 4.15 1 106 0.4708 0.0474 0.000400
1280.00 P 20270617 726.50 734.15 0 0 0.6100 -1.0000 0.000000
1300.00 C 20270617 3.35 3.80 2 185 0.4724 0.0447 0.000400
1300.00 P 20270617 746.50 754.15 0 0 0.6193 -1.0000 0.000000
1310.00 C 20270617 3.15 3.75 0 21 0.4730 0.0435 0.000400
1310.00 P 20270617 756.50 764.15 0 0 0.6239 -1.0000 0.000000
1320.00 C 20270617 3.05 3.50 0 128 0.4724 0.0422 0.000400
1320.00 P 20270617 766.50 774.15 0 0 0.6285 -1.0000 0.000000
1330.00 C 20270617 2.97 3.55 0 48 0.4753 0.0411 0.000400
1330.00 P 20270617 776.50 784.15 0 0 0.6330 -1.0000 0.000000
1340.00 C 20270617 3.00 3.30 0 84 0.4760 0.0399 0.000400
1340.00 P 20270617 786.50 794.15 0 0 0.6374 -1.0000 0.000000
1350.00 C 20270617 2.78 3.35 0 128 0.4771 0.0388 0.000400
1350.00 P 20270617 796.50 804.15 0 0 0.6419 -1.0000 0.000000
1360.00 C 20270617 2.87 3.25 0 98 0.4802 0.0378 0.000300
1360.00 P 20270617 806.50 814.15 0 0 0.6463 -1.0000 0.000000
1370.00 C 20270617 2.60 3.15 74 67 0.4787 0.0368 0.000300
1370.00 P 20270617 816.50 824.15 0 0 0.6507 -1.0000 0.000000
1380.00 C 20270617 2.71 2.99 2 155 0.4811 0.0358 0.000300
1380.00 P 20270617 826.50 834.15 0 0 0.6550 -1.0000 0.000000
1390.00 C 20270617 2.44 2.96 0 91 0.4802 0.0349 0.000300
1390.00 P 20270617 836.50 844.15 0 0 0.6593 -1.0000 0.000000
1400.00 C 20270617 2.54 2.78 22 1307 0.4822 0.0340 0.000300
1400.00 P 20270617 846.50 854.15 0 0 0.6636 -1.0000 0.000000
1410.00 C 20270617 2.29 2.82 0 127 0.4823 0.0331 0.000300
1410.00 P 20270617 856.50 864.15 0 0 0.6679 -1.0000 0.000000
1420.00 C 20270617 2.41 2.67 0 666 0.4848 0.0322 0.000300
1420.00 P 20270617 866.50 874.15 0 0 0.6721 -1.0000 0.000000
1430.00 C 20270617 2.34 2.68 3 78 0.4869 0.0314 0.000300
1430.00 P 20270617 876.50 884.15 0 0 0.6763 -1.0000 0.000000
1440.00 C 20270617 2.28 2.61 3 80 0.4879 0.0306 0.000300
1440.00 P 20270617 886.50 894.15 0 0 0.6804 -1.0000 0.000000
1450.00 C 20270617 2.21 2.54 1 131 0.4887 0.0298 0.000300
1450.00 P 20270617 896.50 904.15 0 0 0.6846 -1.0000 0.000000
1460.00 C 20270617 2.12 2.48 1 313 0.4893 0.0291 0.000300
1460.00 P 20270617 906.50 914.15 0 0 0.6886 -1.0000 0.000000
1470.00 C 20270617 2.09 2.40 4 199 0.4904 0.0284 0.000300
1470.00 P 20270617 916.50 924.15 0 0 0.6927 -1.0000 0.000000
1480.00 C 20270617 1.91 2.28 161 2088 0.4884 0.0277 0.000300
1480.00 P 20270617 926.50 934.15 0 0 0.6968 -1.0000 0.000000
5.00 C 20270917 541.35 549.05 0 1663 -1.0000 1.0000 0.000000
5.00 P 20270917 0.00 0.99 0 0 2.2220 -0.0001 0.000000
10.00 C 20270917 536.45 544.05 0 0 -1.0000 1.0000 0.000000
10.00 P 20270917 0.00 0.93 0 0 1.7846 -0.0001 0.000000
15.00 C 20270917 531.55 539.15 0 0 -1.0000 1.0000 0.000000
15.00 P 20270917 0.00 0.86 0 0 1.5520 -0.0002 0.000000
20.00 C 20270917 526.70 534.30 0 0 -1.0000 1.0000 0.000000
20.00 P 20270917 0.00 0.78 0 0 1.3916 -0.0002 0.000000
25.00 C 20270917 521.90 529.50 0 0 -1.0000 1.0000 0.000000
25.00 P 20270917 0.00 0.69 0 0 1.2677 -0.0003 0.000000
30.00 C 20270917 517.10 524.70 0 1 -1.0000 1.0000 0.000000
30.00 P 20270917 0.00 0.59 0 0 1.1640 -0.0003 0.000000
35.00 C 20270917 512.35 519.95 0 0 -1.0000 1.0000 0.000000
35.00 P 20270917 0.00 0.49 0 0 1.0748 -0.0004 0.000000
40.00 C 20270917 507.60 515.20 0 0 -1.0000 1.0000 0.000000
40.00 P 20270917 0.00 0.38 0 0 0.9919 -0.0005 0.000000
45.00 C 20270917 502.85 510.45 0 0 -1.0000 1.0000 0.000000
45.00 P 20270917 0.00 0.27 0 0 0.9125 -0.0006 0.000000
50.00 C 20270917 498.10 505.70 0 4 -1.0000 1.0000 0.000000
50.00 P 20270917 0.00 0.25 0 3 0.8665 -0.0006 0.000000
60.00 C 20270917 488.60 496.20 0 0 -1.0000 1.0000 0.000000
60.00 P 20270917 0.00 0.27 0 10 0.8060 -0.0008 0.000000
70.00 C 20270917 479.10 486.70 0 1 -1.0000 1.0000 0.000000
70.00 P 20270917 0.00 0.30 0 20 0.7576 -0.0010 0.000000
80.00 C 20270917 469.60 477.20 0 0 -1.0000 1.0000 0.000000
80.00 P 20270917 0.03 0.33 0 9 0.7222 -0.0013 0.000000
90.00 C 20270917 460.10 467.70 0 0 -1.0000 1.0000 0.000000
90.00 P 20270917 0.06 0.37 0 23 0.6920 -0.0016 0.000000
100.00 C 20270917 450.65 458.25 0 0 -1.0000 1.0000 0.000000
100.00 P 20270917 0.08 0.42 0 114 0.6635 -0.0020 0.000000
110.00 C 20270917 441.15 448.75 0 3 -1.0000 1.0000 0.000000
110.00 P 20270917 0.12 0.48 0 64 0.6406 -0.0024 0.000000
120.00 C 20270917 431.65 439.25 0 1 -1.0000 1.0000 0.000000
120.00 P 20270917 0.21 0.54 0 1 0.6233 -0.0029 0.000000
130.00 C 20270917 422.20 429.80 0 5 -1.0000 1.0000 0.000000
130.00 P 20270917 0.21 0.62 0 0 0.5993 -0.0035 0.000000
140.00 C 20270917 412.75 420.35 0 2 -1.0000 1.0000 0.000000
140.00 P 20270917 0.35 0.70 0 25 0.5869 -0.0042 0.000000
150.00 C 20270917 403.30 410.95 0 2 -1.0000 0.9993 0.000000
150.00 P 20270917 0.37 0.80 0 60 0.5670 -0.0050 0.000000
160.00 C 20270917 393.90 401.50 0 3 0.3623 0.9983 0.000000
160.00 P 20270917 0.52 0.89 0 49 0.5545 -0.0060 0.000000
170.00 C 20270917 384.45 392.10 0 4 0.4300 0.9972 0.000100
170.00 P 20270917 0.56 1.06 0 28 0.5390 -0.0072 0.000100
180.00 C 20270917 375.10 382.75 0 61 0.4542 0.9958 0.000100
180.00 P 20270917 0.70 1.24 0 37 0.5284 -0.0085 0.000100
190.00 C 20270917 365.75 373.40 0 1 0.4598 0.9943 0.000100
190.00 P 20270917 0.90 1.30 0 24 0.5143 -0.0102 0.000100
200.00 C 20270917 356.45 364.10 0 59 0.4630 0.9924 0.000100
200.00 P 20270917 1.13 1.52 0 73 0.5063 -0.0120 0.000100
210.00 C 20270917 347.20 354.85 0 202 0.4644 0.9903 0.000100
210.00 P 20270917 1.40 1.80 0 5 0.4992 -0.0142 0.000100
220.00 C 20270917 337.95 345.60 0 138 0.4616 0.9878 0.000100
220.00 P 20270917 1.69 2.08 0 150 0.4907 -0.0168 0.000100
230.00 C 20270917 328.80 336.45 0 117 0.4609 0.9850 0.000200
230.00 P 20270917 2.03 2.58 0 8 0.4866 -0.0197 0.000200
240.00 C 20270917 319.70 327.35 0 32 0.4592 0.9817 0.000200
240.00 P 20270917 2.62 2.87 0 32 0.4810 -0.0230 0.000200
250.00 C 20270917 310.65 318.30 0 35 0.4566 0.9780 0.000200
250.00 P 20270917 2.95 3.40 0 36 0.4738 -0.0268 0.000200
260.00 C 20270917 302.50 309.35 0 46 0.4656 0.9739 0.000300
260.00 P 20270917 3.50 4.10 0 53 0.4707 -0.0310 0.000300
270.00 C 20270917 292.80 300.45 0 7 0.4519 0.9692 0.000300
270.00 P 20270917 4.10 4.60 0 408 0.4638 -0.0357 0.000300
280.00 C 20270917 284.00 291.65 1 11 0.4494 0.9640 0.000300
280.00 P 20270917 4.80 5.35 0 39 0.4596 -0.0411 0.000300
290.00 C 20270917 275.30 282.95 0 12 0.4471 0.9583 0.000400
290.00 P 20270917 5.60 6.35 0 226 0.4571 -0.0470 0.000400
300.00 C 20270917 267.50 274.35 0 66 0.4516 0.9519 0.000400
300.00 P 20270917 6.55 7.30 0 55 0.4537 -0.0535 0.000400
310.00 C 20270917 259.00 265.85 0 75 0.4485 0.9450 0.000500
310.00 P 20270917 7.70 8.30 0 1064 0.4508 -0.0606 0.000500
320.00 C 20270917 249.80 257.50 0 16 0.4403 0.9375 0.000500
320.00 P 20270917 8.75 9.60 0 78 0.4478 -0.0684 0.000500
330.00 C 20270917 242.35 249.25 0 19 0.4433 0.9293 0.000600
330.00 P 20270917 10.20 10.80 0 496 0.4452 -0.0768 0.000600
340.00 C 20270917 233.45 241.05 0 37 0.4359 0.9205 0.000600
340.00 P 20270917 11.45 12.40 0 53 0.4424 -0.0859 0.000600
350.00 C 20270917 225.50 233.15 0 27 0.4347 0.9111 0.000700
350.00 P 20270917 13.20 13.75 30 114 0.4396 -0.0956 0.000700
360.00 C 20270917 220.00 225.35 0 37 0.4445 0.9011 0.000700
360.00 P 20270917 14.75 15.80 4 59 0.4380 -0.1060 0.000800
370.00 C 20270917 210.80 217.15 0 11 0.4328 0.8905 0.000800
370.00 P 20270917 16.60 17.70 2 98 0.4358 -0.1170 0.000800
380.00 C 20270917 203.25 209.65 0 24 0.4311 0.8793 0.000800
380.00 P 20270917 18.65 19.80 24 150 0.4341 -0.1286 0.000900
390.00 C 20270917 195.20 202.85 0 8 0.4291 0.8676 0.000900
390.00 P 20270917 20.85 21.55 4 116 0.4303 -0.1408 0.000900
400.00 C 20270917 188.00 195.70 1 106 0.4278 0.8553 0.001000
400.00 P 20270917 23.45 24.35 4 916 0.4310 -0.1536 0.001000
410.00 C 20270917 181.75 188.70 0 62 0.4294 0.8426 0.001000
410.00 P 20270917 26.00 26.80 24 145 0.4289 -0.1670 0.001000
420.00 C 20270917 174.20 181.90 2 35 0.4258 0.8293 0.001100
420.00 P 20270917 28.80 29.80 3 695 0.4285 -0.1808 0.001100
430.00 C 20270917 167.60 174.50 1 71 0.4225 0.8157 0.001100
430.00 P 20270917 31.75 32.80 0 676 0.4273 -0.1952 0.001200
440.00 C 20270917 163.60 168.55 8 51 0.4310 0.8016 0.001200
440.00 P 20270917 34.70 36.20 0 111 0.4264 -0.2099 0.001200
450.00 C 20270917 156.40 160.50 3 158 0.4219 0.7872 0.001200
450.00 P 20270917 38.20 39.35 5 713 0.4252 -0.2251 0.001300
460.00 C 20270917 148.80 156.50 3 86 0.4229 0.7725 0.001300
460.00 P 20270917 41.80 42.45 24 1208 0.4232 -0.2407 0.001300
470.00 C 20270917 145.30 149.75 2 70 0.4266 0.7575 0.001300
470.00 P 20270917 45.50 46.70 34 472 0.4238 -0.2565 0.001400
480.00 C 20270917 137.15 143.95 0 143 0.4192 0.7423 0.001400
480.00 P 20270917 49.20 50.95 4 400 0.4233 -0.2727 0.001400
490.00 C 20270917 131.65 138.35 1 24 0.4187 0.7269 0.001400
490.00 P 20270917 53.30 54.75 0 228 0.4217 -0.2891 0.001500
500.00 C 20270917 126.90 133.10 6 279 0.4202 0.7113 0.001400
500.00 P 20270917 57.95 58.70 161 1256 0.4210 -0.3058 0.001500
510.00 C 20270917 121.15 128.80 2 40 0.4205 0.6957 0.001500
510.00 P 20270917 62.25 64.05 3 381 0.4220 -0.3225 0.001600
520.00 C 20270917 116.30 124.05 0 73 0.4212 0.6799 0.001500
520.00 P 20270917 67.10 68.55 8 409 0.4214 -0.3395 0.001600
530.00 C 20270917 111.90 118.10 6 144 0.4192 0.6641 0.001500
530.00 P 20270917 71.70 73.80 2 228 0.4211 -0.3565 0.001600
540.00 C 20270917 107.70 113.45 10 213 0.4200 0.6484 0.001600
540.00 P 20270917 77.05 78.60 1 655 0.4207 -0.3736 0.001700
550.00 C 20270917 104.90 108.85 30 387 0.4235 0.6326 0.001600
550.00 P 20270917 82.30 83.95 33 1034 0.4206 -0.3906 0.001700
560.00 C 20270917 99.80 103.70 5 146 0.4196 0.6169 0.001600
560.00 P 20270917 87.45 89.75 0 159 0.4205 -0.4078 0.001800
570.00 C 20270917 96.10 99.60 5 129 0.4206 0.6013 0.001600
570.00 P 20270917 93.10 95.45 1 355 0.4205 -0.4248 0.001800
580.00 C 20270917 92.55 95.15 12 215 0.4205 0.5859 0.001600
580.00 P 20270917 99.00 101.30 0 164 0.4207 -0.4418 0.001800
590.00 C 20270917 89.25 91.00 4 171 0.4210 0.5706 0.001600
590.00 P 20270917 104.80 107.35 0 222 0.4204 -0.4587 0.001800
600.00 C 20270917 85.75 87.00 26 1709 0.4207 0.5554 0.001700
600.00 P 20270917 111.30 113.15 0 1100 0.4204 -0.4755 0.001800
610.00 C 20270917 82.15 83.70 0 321 0.4211 0.5404 0.001700
610.00 P 20270917 117.20 119.90 1 272 0.4205 -0.4923 0.001800
620.00 C 20270917 78.90 80.30 2 396 0.4215 0.5257 0.001700
620.00 P 20270917 123.75 126.20 2 252 0.4203 -0.5088 0.001900
630.00 C 20270917 75.50 77.05 0 216 0.4214 0.5111 0.001700
630.00 P 20270917 130.25 133.05 0 144 0.4206 -0.5251 0.001900
640.00 C 20270917 72.45 73.95 7 300 0.4217 0.4969 0.001700
640.00 P 20270917 136.75 140.00 2 378 0.4205 -0.5413 0.001900
650.00 C 20270917 69.40 70.95 13 414 0.4218 0.4828 0.001700
650.00 P 20270917 143.25 147.35 0 197 0.4207 -0.5572 0.001900
660.00 C 20270917 66.55 68.10 1 208 0.4220 0.4691 0.001700
660.00 P 20270917 149.85 154.90 0 114 0.4209 -0.5730 0.001900
670.00 C 20270917 63.85 65.30 1 148 0.4223 0.4556 0.001600
670.00 P 20270917 156.60 162.50 0 68 0.4210 -0.5886 0.001900
680.00 C 20270917 61.20 62.70 2 330 0.4226 0.4424 0.001600
680.00 P 20270917 163.80 170.25 0 261 0.4218 -0.6038 0.001900
690.00 C 20270917 58.70 60.20 1 344 0.4230 0.4295 0.001600
690.00 P 20270917 170.55 178.15 0 154 0.4215 -0.6189 0.001900
700.00 C 20270917 56.55 57.55 6 1189 0.4233 0.4169 0.001600
700.00 P 20270917 177.70 184.80 0 268 0.4185 -0.6337 0.001900
710.00 C 20270917 54.25 55.25 3 673 0.4237 0.4046 0.001600
710.00 P 20270917 185.90 192.25 0 62 0.4192 -0.6483 0.001900
720.00 C 20270917 52.05 53.05 115 990 0.4241 0.3926 0.001600
720.00 P 20270917 193.75 201.00 0 99 0.4218 -0.6626 0.001900
730.00 C 20270917 49.70 51.10 92 128 0.4243 0.3808 0.001600
730.00 P 20270917 201.65 209.40 0 118 0.4233 -0.6766 0.001900
740.00 C 20270917 47.65 48.85 1 347 0.4241 0.3694 0.001600
740.00 P 20270917 209.70 216.85 0 30 0.4220 -0.6904 0.001900
750.00 C 20270917 45.90 47.10 122 399 0.4254 0.3584 0.001500
750.00 P 20270917 217.85 225.00 0 23 0.4224 -0.7039 0.001900
760.00 C 20270917 44.15 45.10 3 558 0.4257 0.3476 0.001500
760.00 P 20270917 226.10 232.00 0 33 0.4193 -0.7170 0.001900
770.00 C 20270917 42.40 43.35 1 635 0.4263 0.3371 0.001500
770.00 P 20270917 234.45 241.55 0 34 0.4230 -0.7300 0.001900
780.00 C 20270917 40.70 41.65 2 2660 0.4267 0.3269 0.001500
780.00 P 20270917 242.90 249.95 0 18 0.4232 -0.7427 0.001800
790.00 C 20270917 38.85 40.15 0 117 0.4269 0.3170 0.001500
790.00 P 20270917 251.40 259.10 0 6 0.4253 -0.7551 0.001800
800.00 C 20270917 37.55 38.45 30 1124 0.4276 0.3073 0.001400
800.00 P 20270917 259.75 267.30 0 433 0.4235 -0.7673 0.001800
810.00 C 20270917 36.10 37.00 174 361 0.4283 0.2980 0.001400
810.00 P 20270917 268.70 275.80 0 2 0.4241 -0.7792 0.001800
820.00 C 20270917 34.40 35.80 0 86 0.4286 0.2890 0.001400
820.00 P 20270917 277.50 285.20 0 7 0.4267 -0.7907 0.001800
830.00 C 20270917 33.05 34.35 20 113 0.4289 0.2802 0.001400
830.00 P 20270917 286.35 293.40 0 3 0.4247 -0.8019 0.001800
840.00 C 20270917 31.80 33.05 0 94 0.4296 0.2716 0.001400
840.00 P 20270917 295.30 302.35 0 9 0.4250 -0.8131 0.001800
850.00 C 20270917 30.80 31.70 0 549 0.4305 0.2634 0.001300
850.00 P 20270917 304.35 312.00 0 4 0.4280 -0.8239 0.001800
860.00 C 20270917 29.35 30.70 0 93 0.4308 0.2554 0.001300
860.00 P 20270917 313.40 321.10 0 7 0.4284 -0.8349 0.001800
870.00 C 20270917 28.25 29.45 0 353 0.4312 0.2476 0.001300
870.00 P 20270917 322.55 330.25 0 5 0.4259 -0.8455 0.001800
880.00 C 20270917 27.40 28.25 3 1644 0.4321 0.2402 0.001300
880.00 P 20270917 331.75 339.45 0 9 0.4263 -0.8557 0.001700
890.00 C 20270917 26.15 27.35 0 125 0.4324 0.2329 0.001200
890.00 P 20270917 341.05 348.00 0 1 0.4268 -0.8655 0.001700
900.00 C 20270917 25.35 26.20 7 1612 0.4331 0.2259 0.001200
900.00 P 20270917 350.35 358.05 0 8 0.4306 -0.8756 0.001700
910.00 C 20270917 24.20 25.45 0 89 0.4337 0.2191 0.001200
910.00 P 20270917 359.75 367.45 0 1 0.4310 -0.8854 0.001700
920.00 C 20270917 23.65 24.35 0 1363 0.4349 0.2125 0.001200
920.00 P 20270917 369.25 376.90 0 1 0.4318 -0.8946 0.001700
930.00 C 20270917 22.45 23.60 0 166 0.4348 0.2061 0.001200
930.00 P 20270917 378.75 386.40 0 0 0.4320 -0.9036 0.001700
940.00 C 20270917 21.80 22.65 0 1178 0.4357 0.1999 0.001100
940.00 P 20270917 388.30 395.95 0 1 0.4321 -0.9124 0.001600
950.00 C 20270917 21.15 22.00 0 132 0.4373 0.1940 0.001100
950.00 P 20270917 397.90 405.60 0 1 0.4328 -0.9205 0.001600
960.00 C 20270917 20.05 21.25 0 84 0.4380 0.1882 0.001100
960.00 P 20270917 407.60 415.25 0 2 0.4340 -0.9284 0.001500
970.00 C 20270917 19.65 20.45 0 72 0.4384 0.1826 0.001100
970.00 P 20270917 417.30 424.95 0 0 0.4351 -0.9367 0.001500
980.00 C 20270917 18.65 19.80 0 153 0.4382 0.1772 0.001000
980.00 P 20270917 427.05 434.70 0 1 0.4241 -0.9444 0.001500
990.00 C 20270917 18.25 19.00 0 75 0.4394 0.1720 0.001000
990.00 P 20270917 436.85 444.50 0 1 0.4352 -0.9513 0.001400
1000.00 C 20270917 17.65 18.00 26 508 0.4389 0.1670 0.001000
1000.00 P 20270917 446.65 454.35 0 0 0.4356 -0.9575 0.001300
1010.00 C 20270917 16.90 17.70 0 881 0.4402 0.1621 0.001000
1010.00 P 20270917 456.55 464.20 0 0 0.4369 -0.9633 0.001200
1020.00 C 20270917 16.15 17.20 1 43 0.4407 0.1574 0.001000
1020.00 P 20270917 466.50 474.15 0 0 0.4401 -0.9684 0.001100
1030.00 C 20270917 15.60 16.65 0 115 0.4415 0.1528 0.000900
1030.00 P 20270917 476.50 484.15 0 0 0.4456 -0.9729 0.001000
1040.00 C 20270917 15.05 16.10 0 19 0.4421 0.1484 0.000900
1040.00 P 20270917 486.50 494.15 0 0 0.4510 -0.9771 0.000900
1050.00 C 20270917 14.55 15.50 0 87 0.4426 0.1441 0.000900
1050.00 P 20270917 496.50 504.15 0 0 0.4563 -0.9810 0.000800
1060.00 C 20270917 14.05 15.00 0 83 0.4432 0.1400 0.000900
1060.00 P 20270917 506.50 514.15 0 0 0.4616 -0.9848 0.000600
1070.00 C 20270917 13.70 14.40 3 793 0.4440 0.1360 0.000900
1070.00 P 20270917 516.50 524.15 0 0 0.4669 -0.9879 0.000500
1080.00 C 20270917 13.15 13.95 0 72 0.4443 0.1322 0.000800
1080.00 P 20270917 526.50 534.15 0 0 0.4721 -0.9902 0.000400
1090.00 C 20270917 12.65 13.60 0 58 0.4451 0.1285 0.000800
1090.00 P 20270917 536.50 544.15 0 0 0.4772 -0.9921 0.000300
1100.00 C 20270917 12.40 13.20 2 56 0.4467 0.1248 0.000800
1100.00 P 20270917 546.50 554.15 0 0 0.4823 -0.9939 0.000300
1110.00 C 20270917 11.85 12.80 0 18 0.4468 0.1214 0.000800
1110.00 P 20270917 556.50 564.15 0 0 0.4873 -0.9956 0.000200
1120.00 C 20270917 11.45 12.40 0 51 0.4474 0.1180 0.000800
1120.00 P 20270917 566.50 574.15 0 0 0.4923 -0.9968 0.000100
1130.00 C 20270917 11.05 12.00 0 45 0.4479 0.1147 0.000800
1130.00 P 20270917 576.50 584.15 0 0 0.4972 -0.9978 0.000100
1140.00 C 20270917 10.70 11.65 0 6 0.4487 0.1116 0.000700
1140.00 P 20270917 586.50 594.15 0 0 0.5021 -0.9988 0.000000
1150.00 C 20270917 10.35 11.25 0 23 0.4492 0.1086 0.000700
1150.00 P 20270917 596.50 604.15 0 0 0.5070 -0.9997 0.000000
1160.00 C 20270917 10.05 10.95 0 11 0.4502 0.1056 0.000700
1160.00 P 20270917 606.50 614.15 0 0 0.5118 -1.0000 0.000000
1170.00 C 20270917 9.85 10.50 0 13 0.4508 0.1028 0.000700
1170.00 P 20270917 616.50 624.15 0 0 0.5165 -1.0000 0.000000
1180.00 C 20270917 9.40 10.30 0 108 0.4514 0.1000 0.000700
1180.00 P 20270917 626.50 634.15 0 0 0.5212 -1.0000 0.000000
1190.00 C 20270917 9.15 9.95 0 26 0.4521 0.0973 0.000700
1190.00 P 20270917 636.50 644.15 0 0 0.5259 -1.0000 0.000000
1200.00 C 20270917 8.90 9.70 0 78 0.4532 0.0948 0.000600
1200.00 P 20270917 646.50 654.15 0 0 0.5305 -1.0000 0.000000
1210.00 C 20270917 8.55 9.40 0 189 0.4533 0.0922 0.000600
1210.00 P 20270917 656.50 664.15 0 0 0.5351 -1.0000 0.000000
1220.00 C 20270917 8.35 9.15 0 25 0.4545 0.0898 0.000600
1220.00 P 20270917 666.50 674.15 0 0 0.5396 -1.0000 0.000000
1230.00 C 20270917 8.10 8.85 0 8 0.4550 0.0875 0.000600
1230.00 P 20270917 676.50 684.15 0 0 0.5442 -1.0000 0.000000
1240.00 C 20270917 7.85 8.60 0 210 0.4556 0.0852 0.000600
1240.00 P 20270917 686.50 694.15 0 0 0.5486 -1.0000 0.000000
1250.00 C 20270917 7.60 8.30 0 300 0.4559 0.0830 0.000600
1250.00 P 20270917 696.50 704.15 0 0 0.5530 -1.0000 0.000000
1260.00 C 20270917 7.50 8.15 0 9 0.4578 0.0809 0.000600
1260.00 P 20270917 706.50 714.15 0 0 0.5574 -1.0000 0.000000
1270.00 C 20270917 7.20 7.90 0 25 0.4579 0.0789 0.000600
1270.00 P 20270917 716.50 724.15 0 0 0.5618 -1.0000 0.000000
1280.00 C 20270917 7.05 7.70 0 104 0.4590 0.0769 0.000600
1280.00 P 20270917 726.50 734.15 0 0 0.5661 -1.0000 0.000000
1290.00 C 20270917 6.70 7.50 0 138 0.4588 0.0750 0.000500
1290.00 P 20270917 736.50 744.15 0 0 0.5704 -1.0000 0.000000
1300.00 C 20270917 6.50 7.30 0 226 0.4595 0.0731 0.000500
1300.00 P 20270917 746.50 754.15 0 0 0.5746 -1.0000 0.000000
1310.00 C 20270917 6.40 7.10 0 67 0.4607 0.0713 0.000500
1310.00 P 20270917 756.50 764.15 0 0 0.5788 -1.0000 0.000000
1320.00 C 20270917 6.15 6.90 0 17 0.4609 0.0696 0.000500
1320.00 P 20270917 766.50 774.15 0 0 0.5830 -1.0000 0.000000
1330.00 C 20270917 6.05 6.70 0 30 0.4620 0.0679 0.000500
1330.00 P 20270917 776.50 784.15 0 0 0.5871 -1.0000 0.000000
1340.00 C 20270917 5.85 6.55 0 52 0.4626 0.0662 0.000500
1340.00 P 20270917 786.50 794.15 0 0 0.5913 -1.0000 0.000000
1350.00 C 20270917 5.65 6.35 0 25 0.4628 0.0646 0.000500
1350.00 P 20270917 796.50 804.15 0 0 0.5953 -1.0000 0.000000
1360.00 C 20270917 5.45 6.05 0 15 0.4622 0.0631 0.000500
1360.00 P 20270917 806.50 814.15 0 0 0.5994 -1.0000 0.000000
1370.00 C 20270917 5.30 6.05 0 33 0.4641 0.0616 0.000500
1370.00 P 20270917 816.50 824.15 0 0 0.6034 -1.0000 0.000000
1380.00 C 20270917 5.30 5.90 0 210 0.4659 0.0601 0.000400
1380.00 P 20270917 826.50 834.15 0 0 0.6074 -1.0000 0.000000
1390.00 C 20270917 5.05 5.70 0 42 0.4653 0.0587 0.000400
1390.00 P 20270917 836.50 844.15 0 0 0.6113 -1.0000 0.000000
1400.00 C 20270917 4.90 5.60 0 67 0.4662 0.0574 0.000400
1400.00 P 20270917 846.50 854.15 0 0 0.6153 -1.0000 0.000000
1410.00 C 20270917 4.75 5.40 0 13 0.4663 0.0560 0.000400
1410.00 P 20270917 856.50 864.15 0 0 0.6192 -1.0000 0.000000
1420.00 C 20270917 4.65 5.35 0 36 0.4678 0.0548 0.000400
1420.00 P 20270917 866.50 874.15 0 0 0.6231 -1.0000 0.000000
1430.00 C 20270917 4.50 5.20 0 55 0.4681 0.0535 0.000400
1430.00 P 20270917 876.50 884.15 0 0 0.6269 -1.0000 0.000000
1440.00 C 20270917 4.40 5.10 0 31 0.4692 0.0523 0.000400
1440.00 P 20270917 886.50 894.15 0 0 0.6307 -1.0000 0.000000
1450.00 C 20270917 4.25 4.95 0 190 0.4693 0.0512 0.000400
1450.00 P 20270917 896.50 904.10 0 0 0.6333 -1.0000 0.000000
1460.00 C 20270917 4.15 4.85 0 107 0.4702 0.0500 0.000400
1460.00 P 20270917 906.50 914.10 0 0 0.6370 -1.0000 0.000000
1470.00 C 20270917 4.05 4.75 0 61 0.4711 0.0489 0.000400
1470.00 P 20270917 916.50 924.10 0 0 0.6408 -1.0000 0.000000
1480.00 C 20270917 4.00 4.55 20 314 0.4714 0.0478 0.000400
1480.00 P 20270917 926.50 934.10 0 0 0.6445 -1.0000 0.000000
5.00 C 20271217 541.55 549.20 12 7595 -1.0000 1.0000 0.000000
5.00 P 20271217 0.00 0.10 0 795 1.4904 -0.0001 0.000000
10.00 C 20271217 536.60 544.20 17 380 -1.0000 1.0000 0.000000
10.00 P 20271217 0.00 0.25 0 53 1.3626 -0.0001 0.000000
15.00 C 20271217 531.70 539.30 0 13 -1.0000 1.0000 0.000000
15.00 P 20271217 0.00 0.10 0 41 1.1019 -0.0002 0.000000
20.00 C 20271217 526.90 534.50 0 15 -1.0000 1.0000 0.000000
20.00 P 20271217 0.00 0.19 0 77 1.0708 -0.0003 0.000000
25.00 C 20271217 522.10 529.70 0 1 -1.0000 1.0000 0.000000
25.00 P 20271217 0.00 0.51 0 4 1.1058 -0.0004 0.000000
30.00 C 20271217 517.40 525.00 0 93 -1.0000 1.0000 0.000000
30.00 P 20271217 0.00 0.38 0 3 1.0015 -0.0004 0.000000
35.00 C 20271217 512.70 520.30 0 45 -1.0000 1.0000 0.000000
35.00 P 20271217 0.00 0.25 0 14 0.9047 -0.0005 0.000000
40.00 C 20271217 508.00 515.60 0 64 -1.0000 1.0000 0.000000
40.00 P 20271217 0.00 0.26 0 4 0.8627 -0.0006 0.000000
45.00 C 20271217 503.30 510.90 0 4 -1.0000 1.0000 0.000000
45.00 P 20271217 0.00 0.28 0 4 0.8291 -0.0007 0.000000
50.00 C 20271217 498.60 506.20 0 11 -1.0000 1.0000 0.000000
50.00 P 20271217 0.00 0.26 0 572 0.7876 -0.0008 0.000000
55.00 C 20271217 493.90 501.50 0 2 -1.0000 1.0000 0.000000
55.00 P 20271217 0.00 0.31 0 6 0.7693 -0.0009 0.000000
60.00 C 20271217 489.20 496.80 0 24 -1.0000 1.0000 0.000000
60.00 P 20271217 0.01 0.33 0 8 0.7474 -0.0011 0.000000
65.00 C 20271217 484.55 492.15 0 22 -1.0000 1.0000 0.000000
65.00 P 20271217 0.03 0.35 0 12 0.7289 -0.0012 0.000000
70.00 C 20271217 479.85 487.45 0 1 -1.0000 1.0000 0.000000
70.00 P 20271217 0.05 0.37 0 61 0.7113 -0.0014 0.000000
75.00 C 20271217 475.15 482.75 0 0 -1.0000 1.0000 0.000000
75.00 P 20271217 0.06 0.40 0 7 0.6945 -0.0015 0.000000
80.00 C 20271217 470.50 478.10 0 1 -1.0000 1.0000 0.000000
80.00 P 20271217 0.07 0.44 0 324 0.6801 -0.0017 0.000000
85.00 C 20271217 465.80 473.40 0 62 -1.0000 1.0000 0.000000
85.00 P 20271217 0.09 0.47 0 18 0.6660 -0.0019 0.000000
90.00 C 20271217 461.10 468.70 0 52 -1.0000 1.0000 0.000000
90.00 P 20271217 0.11 0.50 0 11 0.6524 -0.0021 0.000000
95.00 C 20271217 456.45 464.05 0 244 -1.0000 1.0000 0.000000
95.00 P 20271217 0.13 0.54 0 19 0.6403 -0.0024 0.000000
100.00 C 20271217 451.75 459.45 0 839 -1.0000 1.0000 0.000000
100.00 P 20271217 0.24 0.53 0 1132 0.6325 -0.0026 0.000000
110.00 C 20271217 442.40 450.00 0 278 -1.0000 1.0000 0.000000
110.00 P 20271217 0.21 0.66 0 129 0.6074 -0.0032 0.000000
120.00 C 20271217 433.10 440.70 0 122 -1.0000 1.0000 0.000000
120.00 P 20271217 0.28 0.76 0 184 0.5890 -0.0039 0.000000
130.00 C 20271217 423.75 431.35 0 97 -1.0000 1.0000 0.000000
130.00 P 20271217 0.39 0.87 0 85 0.5731 -0.0048 0.000000
140.00 C 20271217 414.45 422.05 0 93 0.4426 0.9997 0.000000
140.00 P 20271217 0.47 1.00 0 23 0.5572 -0.0057 0.000000
150.00 C 20271217 405.20 412.80 0 55 0.4720 0.9986 0.000000
150.00 P 20271217 0.80 1.06 0 2473 0.5484 -0.0068 0.000100
160.00 C 20271217 395.90 403.55 0 263 0.4750 0.9973 0.000100
160.00 P 20271217 0.80 1.35 0 186 0.5346 -0.0082 0.000100
170.00 C 20271217 386.70 394.35 0 258 0.4792 0.9958 0.000100
170.00 P 20271217 1.00 1.57 0 114 0.5244 -0.0097 0.000100
180.00 C 20271217 377.55 385.15 0 15 0.4790 0.9940 0.000100
180.00 P 20271217 1.16 1.84 0 79 0.5133 -0.0115 0.000100
190.00 C 20271217 368.40 376.05 0 95 0.4780 0.9919 0.000100
190.00 P 20271217 1.60 2.14 0 298 0.5085 -0.0137 0.000100
200.00 C 20271217 359.30 366.95 0 155 0.4748 0.9896 0.000100
200.00 P 20271217 2.04 2.32 2 898 0.4999 -0.0160 0.000100
210.00 C 20271217 350.30 357.90 0 21 0.4724 0.9869 0.000100
210.00 P 20271217 2.21 2.80 0 81 0.4905 -0.0188 0.000100
220.00 C 20271217 341.30 348.95 0 124 0.4692 0.9838 0.000200
220.00 P 20271217 2.66 3.25 0 95 0.4842 -0.0220 0.000200
230.00 C 20271217 332.40 340.05 0 83 0.4664 0.9804 0.000200
230.00 P 20271217 3.30 3.70 0 54 0.4793 -0.0255 0.000200
240.00 C 20271217 324.35 331.20 0 65 0.4729 0.9765 0.000200
240.00 P 20271217 3.70 4.40 0 53 0.4732 -0.0295 0.000200
250.00 C 20271217 315.60 322.45 0 160 0.4689 0.9722 0.000200
250.00 P 20271217 4.50 4.90 0 830 0.4680 -0.0339 0.000300
260.00 C 20271217 306.15 313.80 0 38 0.4575 0.9674 0.000300
260.00 P 20271217 5.15 5.85 0 78 0.4647 -0.0388 0.000300
270.00 C 20271217 297.60 305.25 0 27 0.4551 0.9621 0.000300
270.00 P 20271217 5.95 6.75 0 254 0.4608 -0.0441 0.000300
280.00 C 20271217 289.90 296.75 0 37 0.4583 0.9563 0.000400
280.00 P 20271217 7.15 7.55 0 237 0.4576 -0.0501 0.000400
290.00 C 20271217 280.75 288.40 0 48 0.4497 0.9500 0.000400
290.00 P 20271217 8.10 8.55 0 1152 0.4531 -0.0565 0.000400
300.00 C 20271217 274.00 280.15 0 109 0.4570 0.9432 0.000400
300.00 P 20271217 9.40 9.85 100 392 0.4515 -0.0636 0.000400
310.00 C 20271217 265.15 272.05 0 57 0.4500 0.9359 0.000500
310.00 P 20271217 10.65 11.10 4 392 0.4479 -0.0712 0.000500
320.00 C 20271217 256.40 264.05 65 410 0.4434 0.9280 0.000500
320.00 P 20271217 11.90 12.85 0 149 0.4459 -0.0794 0.000500
330.00 C 20271217 248.50 256.20 1 40 0.4414 0.9196 0.000600
330.00 P 20271217 13.60 14.40 0 80 0.4442 -0.0879 0.000600
340.00 C 20271217 241.55 248.45 0 56 0.4432 0.9108 0.000600
340.00 P 20271217 15.15 16.25 1 194 0.4417 -0.0972 0.000600
350.00 C 20271217 233.30 240.90 2 141 0.4384 0.9014 0.000600
350.00 P 20271217 17.05 18.15 1 252 0.4399 -0.1069 0.000700
360.00 C 20271217 225.80 233.45 0 115 0.4365 0.8915 0.000700
360.00 P 20271217 19.10 20.25 0 134 0.4384 -0.1172 0.000700
370.00 C 20271217 218.50 226.20 0 111 0.4352 0.8812 0.000800
370.00 P 20271217 21.20 22.45 0 299 0.4364 -0.1280 0.000800
380.00 C 20271217 212.15 219.10 0 81 0.4368 0.8704 0.000800
380.00 P 20271217 23.75 24.65 0 720 0.4350 -0.1393 0.000800
390.00 C 20271217 205.15 212.15 0 49 0.4353 0.8592 0.000800
390.00 P 20271217 26.05 27.45 0 229 0.4337 -0.1510 0.000900
400.00 C 20271217 198.10 205.20 3 257 0.4327 0.8476 0.000900
400.00 P 20271217 28.95 29.95 4 1188 0.4325 -0.1632 0.000900
410.00 C 20271217 191.00 198.70 0 33 0.4306 0.8357 0.000900
410.00 P 20271217 31.60 33.10 14 336 0.4315 -0.1758 0.001000
420.00 C 20271217 185.80 191.00 13 134 0.4298 0.8234 0.001000
420.00 P 20271217 35.00 35.90 29 774 0.4307 -0.1888 0.001000
430.00 C 20271217 178.95 185.95 0 74 0.4309 0.8108 0.001000
430.00 P 20271217 37.80 39.45 1 403 0.4295 -0.2022 0.001100
440.00 C 20271217 172.80 178.80 0 48 0.4272 0.7980 0.001100
440.00 P 20271217 41.40 42.65 0 760 0.4286 -0.2158 0.001100
450.00 C 20271217 166.85 173.55 3 117 0.4285 0.7849 0.001100
450.00 P 20271217 45.00 46.25 4 1220 0.4279 -0.2298 0.001200
460.00 C 20271217 160.60 168.10 0 57 0.4275 0.7716 0.001100
460.00 P 20271217 48.75 50.05 0 776 0.4272 -0.2440 0.001200
470.00 C 20271217 155.40 162.50 1 56 0.4281 0.7580 0.001200
470.00 P 20271217 52.40 54.30 0 220 0.4266 -0.2585 0.001300
480.00 C 20271217 149.95 155.95 1 127 0.4249 0.7444 0.001200
480.00 P 20271217 56.75 58.20 0 880 0.4261 -0.2732 0.001300
490.00 C 20271217 145.90 151.75 0 111 0.4301 0.7306 0.001200
490.00 P 20271217 61.05 62.55 4 738 0.4257 -0.2880 0.001300
500.00 C 20271217 139.45 145.50 7 1632 0.4240 0.7168 0.001300
500.00 P 20271217 65.55 67.00 8 2366 0.4252 -0.3031 0.001400
510.00 C 20271217 133.90 141.65 0 184 0.4249 0.7029 0.001300
510.00 P 20271217 69.80 72.05 1 358 0.4248 -0.3182 0.001400
520.00 C 20271217 129.00 137.25 3 284 0.4253 0.6889 0.001300
520.00 P 20271217 74.90 76.55 4 534 0.4244 -0.3335 0.001400
530.00 C 20271217 125.00 132.25 6 186 0.4258 0.6749 0.001400
530.00 P 20271217 79.85 81.60 0 653 0.4241 -0.3488 0.001500
540.00 C 20271217 121.55 125.30 27 170 0.4226 0.6610 0.001400
540.00 P 20271217 85.05 86.80 3 478 0.4240 -0.3641 0.001500
550.00 C 20271217 117.25 122.00 27 856 0.4248 0.6471 0.001400
550.00 P 20271217 90.30 92.30 3 1468 0.4240 -0.3795 0.001500
560.00 C 20271217 113.05 118.05 24 144 0.4252 0.6332 0.001400
560.00 P 20271217 95.40 98.05 1 328 0.4236 -0.3949 0.001600
570.00 C 20271217 109.05 113.65 9 308 0.4246 0.6194 0.001400
570.00 P 20271217 101.35 103.40 0 737 0.4234 -0.4103 0.001600
580.00 C 20271217 105.45 109.35 2 344 0.4244 0.6057 0.001400
580.00 P 20271217 106.80 109.60 0 459 0.4252 -0.4256 0.001600
590.00 C 20271217 102.05 105.20 1 309 0.4245 0.5921 0.001500
590.00 P 20271217 112.70 115.60 0 242 0.4233 -0.4409 0.001600
600.00 C 20271217 98.95 100.85 6 1811 0.4246 0.5787 0.001500
600.00 P 20271217 119.10 121.40 0 2409 0.4233 -0.4560 0.001700
610.00 C 20271217 95.60 97.30 2 337 0.4245 0.5654 0.001500
610.00 P 20271217 125.35 127.70 0 486 0.4233 -0.4712 0.001700
620.00 C 20271217 92.25 93.90 1 432 0.4247 0.5522 0.001500
620.00 P 20271217 131.30 134.50 0 235 0.4233 -0.4862 0.001700
630.00 C 20271217 88.95 90.65 2 190 0.4248 0.5393 0.001500
630.00 P 20271217 137.80 141.05 0 198 0.4233 -0.5011 0.001700
640.00 C 20271217 85.80 87.45 0 376 0.4248 0.5265 0.001500
640.00 P 20271217 144.40 147.75 50 456 0.4232 -0.5158 0.001700
650.00 C 20271217 83.05 84.20 1134 2893 0.4251 0.5139 0.001500
650.00 P 20271217 151.55 154.15 0 691 0.4232 -0.5304 0.001700
660.00 C 20271217 80.10 81.20 0 640 0.4251 0.5015 0.001500
660.00 P 20271217 157.80 161.80 0 243 0.4234 -0.5449 0.001800
670.00 C 20271217 77.30 78.40 2 1226 0.4254 0.4893 0.001500
670.00 P 20271217 164.45 169.30 0 302 0.4236 -0.5592 0.001800
680.00 C 20271217 74.55 75.65 2 1319 0.4255 0.4774 0.001500
680.00 P 20271217 171.85 176.25 0 525 0.4237 -0.5734 0.001800
690.00 C 20271217 71.65 73.25 2 417 0.4256 0.4656 0.001500
690.00 P 20271217 178.10 184.35 0 153 0.4233 -0.5874 0.001800
700.00 C 20271217 69.45 70.55 19 4619 0.4261 0.4541 0.001500
700.00 P 20271217 185.95 191.60 0 490 0.4240 -0.6012 0.001800
710.00 C 20271217 66.70 68.30 2 401 0.4260 0.4428 0.001500
710.00 P 20271217 192.25 200.30 0 244 0.4241 -0.6148 0.001800
720.00 C 20271217 64.65 65.75 1 1238 0.4264 0.4318 0.001500
720.00 P 20271217 200.15 207.95 0 148 0.4249 -0.6283 0.001800
730.00 C 20271217 62.40 63.50 0 515 0.4267 0.4209 0.001500
730.00 P 20271217 207.90 215.65 0 139 0.4250 -0.6416 0.001800
740.00 C 20271217 60.25 61.35 1 813 0.4271 0.4103 0.001400
740.00 P 20271217 215.75 223.50 0 215 0.4252 -0.6546 0.001800
750.00 C 20271217 58.10 59.00 1 805 0.4270 0.4000 0.001400
750.00 P 20271217 223.70 230.90 0 415 0.4242 -0.6676 0.001800
760.00 C 20271217 55.85 57.40 2 174 0.4274 0.3898 0.001400
760.00 P 20271217 231.75 239.50 0 206 0.4258 -0.6802 0.001800
770.00 C 20271217 53.95 55.50 0 254 0.4278 0.3800 0.001400
770.00 P 20271217 239.90 247.60 0 140 0.4260 -0.6926 0.001800
780.00 C 20271217 52.10 53.65 1 344 0.4282 0.3703 0.001400
780.00 P 20271217 248.10 255.25 0 200 0.4248 -0.7049 0.001800
790.00 C 20271217 50.30 51.85 0 317 0.4284 0.3609 0.001400
790.00 P 20271217 256.45 263.55 0 33 0.4250 -0.7171 0.001800
800.00 C 20271217 48.85 49.90 166 1624 0.4289 0.3517 0.001400
800.00 P 20271217 264.85 272.55 0 131 0.4267 -0.7291 0.001800
810.00 C 20271217 46.95 48.45 0 389 0.4292 0.3427 0.001400
810.00 P 20271217 273.30 281.05 0 95 0.4270 -0.7407 0.001800
820.00 C 20271217 45.35 46.85 0 280 0.4295 0.3339 0.001300
820.00 P 20271217 281.90 289.60 0 37 0.4273 -0.7521 0.001800
830.00 C 20271217 43.80 45.30 0 257 0.4298 0.3254 0.001300
830.00 P 20271217 290.55 298.25 0 29 0.4276 -0.7633 0.001800
840.00 C 20271217 42.35 43.90 1 248 0.4304 0.3171 0.001300
840.00 P 20271217 299.25 306.30 0 94 0.4260 -0.7744 0.001800
850.00 C 20271217 40.95 42.50 1 290 0.4309 0.3090 0.001300
850.00 P 20271217 308.05 315.75 0 76 0.4283 -0.7854 0.001800
860.00 C 20271217 39.70 41.00 138 134 0.4313 0.3011 0.001300
860.00 P 20271217 316.90 324.65 0 34 0.4285 -0.7963 0.001700
870.00 C 20271217 38.60 39.70 62 149 0.4322 0.2934 0.001300
870.00 P 20271217 325.85 333.55 0 53 0.4287 -0.8068 0.001700
880.00 C 20271217 37.00 38.55 0 107 0.4321 0.2859 0.001200
880.00 P 20271217 334.85 342.55 0 8 0.4290 -0.8169 0.001700
890.00 C 20271217 35.80 37.30 0 80 0.4325 0.2786 0.001200
890.00 P 20271217 343.95 351.65 0 39 0.4296 -0.8271 0.001700
900.00 C 20271217 34.90 35.90 0 1823 0.4331 0.2715 0.001200
900.00 P 20271217 353.05 360.75 0 46 0.4298 -0.8370 0.001700
910.00 C 20271217 33.75 34.80 0 512 0.4335 0.2646 0.001200
910.00 P 20271217 362.25 369.95 0 6 0.4303 -0.8466 0.001700
920.00 C 20271217 32.45 33.90 0 137 0.4339 0.2579 0.001200
920.00 P 20271217 371.50 379.20 0 23 0.4306 -0.8570 0.001700
930.00 C 20271217 31.40 32.85 0 416 0.4343 0.2514 0.001200
930.00 P 20271217 380.85 388.50 0 37 0.4312 -0.8670 0.001700
940.00 C 20271217 30.40 31.85 0 230 0.4348 0.2450 0.001100
940.00 P 20271217 390.20 397.90 0 2 0.4315 -0.8765 0.001700
950.00 C 20271217 29.70 30.65 0 643 0.4354 0.2388 0.001100
950.00 P 20271217 399.60 407.30 0 74 0.4316 -0.8854 0.001700
960.00 C 20271217 28.50 29.95 0 226 0.4358 0.2328 0.001100
960.00 P 20271217 409.10 416.75 0 38 0.4323 -0.8939 0.001700
970.00 C 20271217 27.60 28.95 0 124 0.4360 0.2270 0.001100
970.00 P 20271217 418.65 426.30 0 38 0.4330 -0.9021 0.001700
980.00 C 20271217 26.75 28.15 0 234 0.4367 0.2213 0.001100
980.00 P 20271217 428.20 435.85 0 2 0.4332 -0.9108 0.001600
990.00 C 20271217 25.90 27.30 2 253 0.4371 0.2158 0.001100
990.00 P 20271217 437.85 445.50 0 38 0.4343 -0.9195 0.001600
1000.00 C 20271217 25.40 26.20 14 1663 0.4376 0.2104 0.001000
1000.00 P 20271217 447.50 455.20 0 106 0.4349 -0.9277 0.001600
1010.00 C 20271217 24.55 25.50 0 739 0.4381 0.2051 0.001000
1010.00 P 20271217 457.25 464.90 0 1 0.4346 -0.9353 0.001600
1020.00 C 20271217 23.60 24.95 0 62 0.4386 0.2001 0.001000
1020.00 P 20271217 467.00 474.65 0 2 0.4345 -0.9424 0.001500
1030.00 C 20271217 23.10 24.00 0 1362 0.4391 0.1951 0.001000
1030.00 P 20271217 476.80 484.45 0 0 0.4347 -0.9491 0.001400
1040.00 C 20271217 22.20 23.50 0 200 0.4396 0.1903 0.001000
1040.00 P 20271217 486.65 494.30 0 0 0.4359 -0.9550 0.001300
1050.00 C 20271217 21.55 22.85 0 403 0.4402 0.1857 0.001000
1050.00 P 20271217 496.55 504.20 0 0 0.4383 -0.9606 0.001200
1060.00 C 20271217 20.90 22.10 0 257 0.4404 0.1811 0.001000
1060.00 P 20271217 506.50 514.15 0 0 0.4420 -0.9659 0.001200
1070.00 C 20271217 20.25 21.55 0 298 0.4410 0.1767 0.000900
1070.00 P 20271217 516.50 524.15 0 0 0.4470 -0.9708 0.001100
1080.00 C 20271217 19.65 20.95 0 206 0.4416 0.1724 0.000900
1080.00 P 20271217 526.50 534.15 0 0 0.4519 -0.9752 0.001000
1090.00 C 20271217 19.10 20.35 0 301 0.4421 0.1682 0.000900
1090.00 P 20271217 536.50 544.15 0 0 0.4568 -0.9792 0.000800
1100.00 C 20271217 18.70 19.55 0 1658 0.4424 0.1642 0.000900
1100.00 P 20271217 546.50 554.15 0 0 0.4617 -0.9830 0.000600
1110.00 C 20271217 18.00 19.25 0 49 0.4432 0.1603 0.000900
1110.00 P 20271217 556.50 564.15 0 0 0.4665 -0.9860 0.000500
1120.00 C 20271217 17.65 18.50 0 1497 0.4435 0.1564 0.000800
1120.00 P 20271217 566.50 574.15 0 0 0.4713 -0.9882 0.000400
1130.00 C 20271217 17.00 18.10 0 136 0.4439 0.1527 0.000800
1130.00 P 20271217 576.50 584.15 0 0 0.4760 -0.9904 0.000400
1140.00 C 20271217 16.50 17.70 0 39 0.4447 0.1491 0.000800
1140.00 P 20271217 586.50 594.15 0 0 0.4806 -0.9924 0.000300
1150.00 C 20271217 16.05 17.20 0 115 0.4452 0.1456 0.000800
1150.00 P 20271217 596.50 604.15 0 0 0.4853 -0.9942 0.000200
1160.00 C 20271217 15.60 16.75 0 82 0.4457 0.1422 0.000800
1160.00 P 20271217 606.50 614.15 0 0 0.4899 -0.9958 0.000200
1170.00 C 20271217 15.15 16.30 0 40 0.4462 0.1388 0.000800
1170.00 P 20271217 616.50 624.15 0 0 0.4944 -0.9974 0.000100
1180.00 C 20271217 14.75 15.80 0 38 0.4465 0.1356 0.000800
1180.00 P 20271217 626.50 634.15 0 0 0.4989 -0.9989 0.000000
1190.00 C 20271217 14.35 15.45 0 66 0.4473 0.1325 0.000800
1190.00 P 20271217 636.50 644.15 0 0 0.5034 -1.0000 0.000000
1200.00 C 20271217 14.10 14.90 0 708 0.4478 0.1294 0.000700
1200.00 P 20271217 646.50 654.15 0 0 0.5078 -1.0000 0.000000
1210.00 C 20271217 13.55 14.65 0 71 0.4482 0.1264 0.000700
1210.00 P 20271217 656.50 664.15 0 0 0.5122 -1.0000 0.000000
1220.00 C 20271217 13.20 14.25 0 177 0.4487 0.1236 0.000700
1220.00 P 20271217 666.50 674.15 0 0 0.5165 -1.0000 0.000000
1230.00 C 20271217 12.90 13.90 0 261 0.4495 0.1208 0.000700
1230.00 P 20271217 676.50 684.15 0 0 0.5208 -1.0000 0.000000
1240.00 C 20271217 12.50 13.55 0 118 0.4498 0.1180 0.000700
1240.00 P 20271217 686.50 694.15 0 0 0.5251 -1.0000 0.000000
1250.00 C 20271217 12.25 13.10 1 429 0.4502 0.1154 0.000700
1250.00 P 20271217 696.50 704.15 0 0 0.5293 -1.0000 0.000000
1260.00 C 20271217 11.85 12.85 0 98 0.4508 0.1128 0.000700
1260.00 P 20271217 706.50 714.15 0 0 0.5335 -1.0000 0.000000
1270.00 C 20271217 11.55 12.55 0 122 0.4514 0.1103 0.000700
1270.00 P 20271217 716.50 724.15 0 0 0.5377 -1.0000 0.000000
1280.00 C 20271217 11.25 12.25 0 288 0.4520 0.1078 0.000600
1280.00 P 20271217 726.50 734.15 0 0 0.5418 -1.0000 0.000000
1290.00 C 20271217 10.95 11.95 0 278 0.4525 0.1055 0.000600
1290.00 P 20271217 736.50 744.15 0 0 0.5459 -1.0000 0.000000
1300.00 C 20271217 10.80 11.55 1 5869 0.4531 0.1032 0.000600
1300.00 P 20271217 746.50 754.15 0 0 0.5500 -1.0000 0.000000
1310.00 C 20271217 10.40 11.15 0 19 0.4525 0.1009 0.000600
1310.00 P 20271217 756.50 764.15 0 0 0.5540 -1.0000 0.000000
1320.00 C 20271217 10.15 11.00 0 65 0.4537 0.0987 0.000600
1320.00 P 20271217 766.50 774.15 0 0 0.5580 -1.0000 0.000000
1330.00 C 20271217 9.90 10.65 0 7 0.4538 0.0966 0.000600
1330.00 P 20271217 776.50 784.15 0 0 0.5620 -1.0000 0.000000
1340.00 C 20271217 9.65 10.40 0 26 0.4544 0.0945 0.000600
1340.00 P 20271217 786.50 794.15 0 0 0.5659 -1.0000 0.000000
1350.00 C 20271217 9.40 10.25 0 60 0.4553 0.0925 0.000600
1350.00 P 20271217 796.50 804.15 0 0 0.5698 -1.0000 0.000000
1360.00 C 20271217 9.40 10.00 0 33 0.4569 0.0905 0.000600
1360.00 P 20271217 806.50 814.15 0 0 0.5737 -1.0000 0.000000
1370.00 C 20271217 8.95 9.85 0 4 0.4568 0.0886 0.000600
1370.00 P 20271217 816.50 824.15 0 0 0.5776 -1.0000 0.000000
1380.00 C 20271217 8.95 9.45 0 30 0.4575 0.0868 0.000600
1380.00 P 20271217 826.50 834.15 0 0 0.5814 -1.0000 0.000000
1390.00 C 20271217 8.50 9.40 0 20 0.4577 0.0850 0.000500
1390.00 P 20271217 836.50 844.15 0 0 0.5852 -1.0000 0.000000
1400.00 C 20271217 8.30 9.15 0 176 0.4581 0.0832 0.000500
1400.00 P 20271217 846.50 854.10 0 0 0.5882 -1.0000 0.000000
1410.00 C 20271217 8.10 9.00 0 10 0.4589 0.0815 0.000500
1410.00 P 20271217 856.50 864.10 0 0 0.5920 -1.0000 0.000000
1420.00 C 20271217 7.95 8.80 0 20 0.4596 0.0798 0.000500
1420.00 P 20271217 866.50 874.10 0 0 0.5957 -1.0000 0.000000
1430.00 C 20271217 8.00 8.60 0 60 0.4615 0.0782 0.000500
1430.00 P 20271217 876.50 884.10 0 0 0.5994 -1.0000 0.000000
1440.00 C 20271217 7.60 8.40 2 79 0.4607 0.0766 0.000500
1440.00 P 20271217 886.50 894.10 0 0 0.6030 -1.0000 0.000000
1450.00 C 20271217 7.45 8.10 0 633 0.4608 0.0750 0.000500
1450.00 P 20271217 896.50 904.10 0 0 0.6067 -1.0000 0.000000
1460.00 C 20271217 7.40 7.95 28 78 0.4621 0.0735 0.000500
1460.00 P 20271217 906.50 914.10 0 0 0.6103 -1.0000 0.000000
1470.00 C 20271217 7.15 7.75 0 476 0.4620 0.0721 0.000500
1470.00 P 20271217 916.50 924.10 0 0 0.6139 -1.0000 0.000000
1480.00 C 20271217 6.95 7.70 48 431 0.4630 0.0706 0.000500
1480.00 P 20271217 926.50 934.10 0 1 0.6175 -1.0000 0.000000
5.00 C 20280121 541.60 549.00 0 1623 -1.0000 1.0000 0.000000
5.00 P 20280121 0.00 0.04 0 126 1.3222 -0.0001 0.000000
10.00 C 20280121 536.65 544.25 0 5 -1.0000 1.0000 0.000000
10.00 P 20280121 0.00 0.87 0 1 1.5447 -0.0001 0.000000
15.00 C 20280121 531.75 539.35 0 2 -1.0000 1.0000 0.000000
15.00 P 20280121 0.00 0.76 0 1 1.3343 -0.0002 0.000000
20.00 C 20280121 526.95 534.55 0 24 -1.0000 1.0000 0.000000
20.00 P 20280121 0.00 0.10 0 46 0.9737 -0.0003 0.000000
25.00 C 20280121 522.15 529.75 0 0 -1.0000 1.0000 0.000000
25.00 P 20280121 0.00 0.51 0 2 1.0690 -0.0004 0.000000
30.00 C 20280121 517.45 525.05 0 1 -1.0000 1.0000 0.000000
30.00 P 20280121 0.00 0.38 0 1 0.9684 -0.0004 0.000000
35.00 C 20280121 512.75 520.35 0 20 -1.0000 1.0000 0.000000
35.00 P 20280121 0.00 0.24 0 102 0.8712 -0.0005 0.000000
40.00 C 20280121 508.05 515.65 0 151 -1.0000 1.0000 0.000000
40.00 P 20280121 0.00 0.24 0 6 0.8275 -0.0006 0.000000
45.00 C 20280121 503.35 510.95 0 140 -1.0000 1.0000 0.000000
45.00 P 20280121 0.00 0.26 0 2 0.7958 -0.0007 0.000000
50.00 C 20280121 498.65 506.25 0 187 -1.0000 1.0000 0.000000
50.00 P 20280121 0.00 0.10 0 209 0.6965 -0.0009 0.000000
100.00 C 20280121 452.00 459.60 0 157 -1.0000 1.0000 0.000000
100.00 P 20280121 0.32 0.58 0 231 0.6237 -0.0028 0.000000
110.00 C 20280121 442.70 450.30 0 62 -1.0000 1.0000 0.000000
110.00 P 20280121 0.28 0.67 0 191 0.5942 -0.0034 0.000000
120.00 C 20280121 433.45 441.05 0 157 -1.0000 1.0000 0.000000
120.00 P 20280121 0.42 0.78 0 199 0.5806 -0.0042 0.000000
130.00 C 20280121 424.20 431.80 0 121 -1.0000 1.0000 0.000000
130.00 P 20280121 0.46 0.91 0 95 0.5614 -0.0050 0.000000
140.00 C 20280121 414.95 422.55 0 83 0.4317 0.9997 0.000000
140.00 P 20280121 0.59 0.97 0 14 0.5438 -0.0061 0.000000
150.00 C 20280121 405.75 413.35 0 3 0.4574 0.9985 0.000100
150.00 P 20280121 0.89 1.15 1 2428 0.5382 -0.0073 0.000100
160.00 C 20280121 396.55 404.20 0 142 0.4657 0.9971 0.000100
160.00 P 20280121 0.92 1.47 0 64 0.5254 -0.0088 0.000100
170.00 C 20280121 387.40 395.05 0 67 0.4678 0.9955 0.000100
170.00 P 20280121 1.14 1.72 0 84 0.5158 -0.0104 0.000100
180.00 C 20280121 378.30 385.95 0 50 0.4683 0.9936 0.000100
180.00 P 20280121 1.42 2.00 0 197 0.5078 -0.0123 0.000100
190.00 C 20280121 369.25 376.90 0 18 0.4676 0.9914 0.000100
190.00 P 20280121 1.89 2.17 0 521 0.4995 -0.0146 0.000100
200.00 C 20280121 360.25 367.90 1 111 0.4659 0.9889 0.000100
200.00 P 20280121 2.20 2.60 2 751 0.4923 -0.0172 0.000100
210.00 C 20280121 351.30 358.95 0 160 0.4635 0.9860 0.000100
210.00 P 20280121 2.70 3.15 0 127 0.4890 -0.0200 0.000100
220.00 C 20280121 342.45 350.10 0 98 0.4620 0.9828 0.000200
220.00 P 20280121 3.05 3.65 1 69 0.4805 -0.0234 0.000200
230.00 C 20280121 333.65 341.30 0 166 0.4596 0.9792 0.000200
230.00 P 20280121 3.65 4.05 0 28 0.4734 -0.0271 0.000200
240.00 C 20280121 325.75 332.55 0 6 0.4664 0.9752 0.000200
240.00 P 20280121 4.25 4.85 1 79 0.4699 -0.0312 0.000200
250.00 C 20280121 317.10 323.90 0 135 0.4626 0.9707 0.000300
250.00 P 20280121 5.05 5.50 0 193 0.4654 -0.0358 0.000300
260.00 C 20280121 308.50 315.35 0 83 0.4588 0.9658 0.000300
260.00 P 20280121 5.80 6.45 0 107 0.4617 -0.0409 0.000300
270.00 C 20280121 299.25 306.90 0 95 0.4492 0.9604 0.000300
270.00 P 20280121 6.70 7.40 3 117 0.4580 -0.0465 0.000300
280.00 C 20280121 291.70 298.55 0 38 0.4529 0.9545 0.000400
280.00 P 20280121 7.75 8.25 0 72 0.4534 -0.0526 0.000400
290.00 C 20280121 282.65 290.30 0 20 0.4447 0.9481 0.000400
290.00 P 20280121 8.90 9.65 0 83 0.4520 -0.0592 0.000400
300.00 C 20280121 274.50 282.15 0 127 0.4424 0.9412 0.000400
300.00 P 20280121 10.25 10.70 5 1040 0.4483 -0.0663 0.000400
310.00 C 20280121 267.30 274.15 1 75 0.4450 0.9338 0.000500
310.00 P 20280121 11.50 12.35 0 53 0.4464 -0.0739 0.000500
320.00 C 20280121 258.65 266.30 0 81 0.4390 0.9259 0.000500
320.00 P 20280121 13.10 13.90 0 171 0.4443 -0.0822 0.000500
330.00 C 20280121 251.70 258.55 0 41 0.4411 0.9176 0.000600
330.00 P 20280121 14.70 15.60 0 118 0.4420 -0.0908 0.000600
340.00 C 20280121 243.30 250.95 0 41 0.4357 0.9087 0.000600
340.00 P 20280121 16.60 17.35 5 546 0.4400 -0.1001 0.000600
350.00 C 20280121 236.60 243.50 0 141 0.4375 0.8994 0.000600
350.00 P 20280121 18.60 19.30 0 1759 0.4383 -0.1098 0.000700
360.00 C 20280121 229.30 236.20 0 84 0.4360 0.8896 0.000700
360.00 P 20280121 20.70 21.45 0 485 0.4366 -0.1200 0.000700
370.00 C 20280121 221.40 229.05 0 20 0.4319 0.8794 0.000700
370.00 P 20280121 22.95 23.80 0 2458 0.4351 -0.1307 0.000800
380.00 C 20280121 214.40 222.10 0 95 0.4309 0.8688 0.000800
380.00 P 20280121 25.40 26.25 1 768 0.4337 -0.1419 0.000800
390.00 C 20280121 207.60 214.00 0 98 0.4258 0.8579 0.000800
390.00 P 20280121 27.80 28.75 0 409 0.4314 -0.1534 0.000900
400.00 C 20280121 201.60 207.65 4 390 0.4283 0.8465 0.000900
400.00 P 20280121 30.75 31.70 28 2127 0.4313 -0.1655 0.000900
410.00 C 20280121 195.05 202.05 2 84 0.4302 0.8349 0.000900
410.00 P 20280121 33.55 34.45 0 419 0.4291 -0.1778 0.001000
420.00 C 20280121 188.70 194.60 3 63 0.4262 0.8229 0.001000
420.00 P 20280121 36.55 38.05 0 390 0.4292 -0.1905 0.001000
430.00 C 20280121 181.80 189.50 3 61 0.4266 0.8106 0.001000
430.00 P 20280121 39.85 41.40 0 293 0.4285 -0.2036 0.001000
440.00 C 20280121 175.80 183.50 0 64 0.4261 0.7982 0.001000
440.00 P 20280121 43.55 44.70 2 1280 0.4278 -0.2169 0.001100
450.00 C 20280121 169.90 177.45 3 209 0.4250 0.7855 0.001100
450.00 P 20280121 47.15 48.05 4 1384 0.4261 -0.2306 0.001100
460.00 C 20280121 165.35 171.95 2 76 0.4279 0.7726 0.001100
460.00 P 20280121 50.70 52.45 10 323 0.4263 -0.2444 0.001200
470.00 C 20280121 158.65 166.40 1 51 0.4245 0.7595 0.001100
470.00 P 20280121 54.90 56.25 5 645 0.4257 -0.2585 0.001200
480.00 C 20280121 153.95 161.25 2 302 0.4263 0.7463 0.001200
480.00 P 20280121 59.05 60.10 1 681 0.4244 -0.2728 0.001300
490.00 C 20280121 150.00 154.10 1 77 0.4244 0.7330 0.001200
490.00 P 20280121 63.35 64.85 0 713 0.4247 -0.2872 0.001300
500.00 C 20280121 146.00 149.55 19 1581 0.4276 0.7197 0.001200
500.00 P 20280121 67.95 69.35 4 4652 0.4245 -0.3018 0.001300
510.00 C 20280121 139.95 145.85 1 196 0.4274 0.7062 0.001300
510.00 P 20280121 72.55 74.25 0 542 0.4244 -0.3165 0.001400
520.00 C 20280121 134.40 141.50 1 152 0.4263 0.6928 0.001300
520.00 P 20280121 77.35 78.95 360 687 0.4236 -0.3313 0.001400
530.00 C 20280121 130.80 136.55 3 199 0.4275 0.6793 0.001300
530.00 P 20280121 82.35 84.00 0 688 0.4234 -0.3461 0.001400
540.00 C 20280121 125.60 131.00 9 1805 0.4234 0.6659 0.001300
540.00 P 20280121 87.35 89.45 12 427 0.4233 -0.3611 0.001500
550.00 C 20280121 122.55 126.40 105 866 0.4253 0.6525 0.001400
550.00 P 20280121 92.75 94.60 17 2604 0.4229 -0.3760 0.001500
560.00 C 20280121 117.05 122.45 4 252 0.4230 0.6391 0.001400
560.00 P 20280121 98.25 100.15 1 656 0.4229 -0.3909 0.001500
570.00 C 20280121 113.40 118.15 1 297 0.4232 0.6258 0.001400
570.00 P 20280121 103.90 105.85 0 614 0.4228 -0.4058 0.001600
580.00 C 20280121 110.25 113.40 4 513 0.4230 0.6126 0.001400
580.00 P 20280121 109.65 111.70 2 809 0.4227 -0.4206 0.001600
590.00 C 20280121 107.00 109.45 2 432 0.4237 0.5996 0.001400
590.00 P 20280121 115.20 117.85 8 393 0.4222 -0.4355 0.001600
600.00 C 20280121 103.60 105.45 86 3381 0.4235 0.5866 0.001400
600.00 P 20280121 121.65 123.80 119 2553 0.4226 -0.4502 0.001600
610.00 C 20280121 100.25 101.75 6 675 0.4235 0.5738 0.001400
610.00 P 20280121 127.45 130.45 2 321 0.4226 -0.4649 0.001600
620.00 C 20280121 97.00 98.15 3 562 0.4235 0.5611 0.001400
620.00 P 20280121 133.80 136.05 7 452 0.4210 -0.4795 0.001600
630.00 C 20280121 93.75 94.85 2 556 0.4236 0.5486 0.001400
630.00 P 20280121 140.25 143.45 6 392 0.4227 -0.4940 0.001700
640.00 C 20280121 90.65 91.70 3 636 0.4239 0.5362 0.001400
640.00 P 20280121 147.25 149.70 0 513 0.4226 -0.5083 0.001700
650.00 C 20280121 87.45 88.65 18 1897 0.4237 0.5241 0.001400
650.00 P 20280121 154.45 156.55 0 665 0.4237 -0.5226 0.001700
660.00 C 20280121 84.65 85.65 21 771 0.4241 0.5121 0.001400
660.00 P 20280121 160.75 163.45 1 744 0.4227 -0.5366 0.001700
670.00 C 20280121 81.65 82.80 11 743 0.4239 0.5003 0.001400
670.00 P 20280121 167.70 171.35 0 409 0.4244 -0.5506 0.001700
680.00 C 20280121 79.10 80.10 92 1190 0.4246 0.4887 0.001400
680.00 P 20280121 174.75 177.10 0 513 0.4215 -0.5644 0.001700
690.00 C 20280121 76.20 77.60 2 323 0.4246 0.4773 0.001400
690.00 P 20280121 181.80 186.20 0 368 0.4250 -0.5781 0.001700
700.00 C 20280121 74.00 74.90 33 3654 0.4252 0.4662 0.001400
700.00 P 20280121 188.25 193.55 1 2223 0.4232 -0.5916 0.001700
710.00 C 20280121 71.20 72.60 0 283 0.4251 0.4552 0.001400
710.00 P 20280121 194.65 202.15 0 70 0.4234 -0.6050 0.001700
720.00 C 20280121 69.10 70.05 0 610 0.4255 0.4444 0.001400
720.00 P 20280121 201.85 210.10 0 478 0.4236 -0.6181 0.001800
730.00 C 20280121 66.80 67.95 0 378 0.4261 0.4339 0.001400
730.00 P 20280121 209.95 217.75 0 121 0.4246 -0.6312 0.001800
740.00 C 20280121 64.60 65.55 5 497 0.4260 0.4236 0.001400
740.00 P 20280121 218.25 224.45 0 165 0.4235 -0.6440 0.001800
750.00 C 20280121 62.55 63.35 19 2382 0.4263 0.4135 0.001400
750.00 P 20280121 225.65 232.35 0 425 0.4226 -0.6567 0.001800
760.00 C 20280121 60.45 61.40 1 1367 0.4267 0.4036 0.001400
760.00 P 20280121 233.65 240.85 0 114 0.4240 -0.6693 0.001800
770.00 C 20280121 58.20 59.55 0 364 0.4267 0.3939 0.001400
770.00 P 20280121 241.75 248.45 0 97 0.4232 -0.6815 0.001800
780.00 C 20280121 56.45 57.65 0 250 0.4273 0.3845 0.001400
780.00 P 20280121 249.90 257.65 0 82 0.4257 -0.6935 0.001800
790.00 C 20280121 54.50 55.75 0 308 0.4272 0.3752 0.001400
790.00 P 20280121 258.15 265.90 0 76 0.4260 -0.7055 0.001800
800.00 C 20280121 53.00 53.90 121 3355 0.4280 0.3662 0.001400
800.00 P 20280121 266.25 273.65 0 869 0.4242 -0.7173 0.001800
810.00 C 20280121 51.05 52.30 6 425 0.4280 0.3574 0.001300
810.00 P 20280121 274.90 282.05 0 52 0.4250 -0.7288 0.001800
820.00 C 20280121 49.60 50.55 4 817 0.4285 0.3487 0.001300
820.00 P 20280121 283.45 290.15 0 28 0.4242 -0.7403 0.001800
830.00 C 20280121 48.05 48.95 0 572 0.4289 0.3403 0.001300
830.00 P 20280121 292.00 299.75 0 10 0.4270 -0.7516 0.001800
840.00 C 20280121 46.30 47.55 0 294 0.4291 0.3321 0.001300
840.00 P 20280121 300.65 308.40 0 25 0.4273 -0.7626 0.001700
850.00 C 20280121 45.10 45.95 8 1733 0.4298 0.3241 0.001300
850.00 P 20280121 309.40 316.50 0 153 0.4258 -0.7734 0.001700
860.00 C 20280121 43.65 44.55 0 715 0.4301 0.3163 0.001300
860.00 P 20280121 318.20 325.90 0 9 0.4279 -0.7839 0.001700
870.00 C 20280121 42.30 43.15 27 1274 0.4305 0.3087 0.001200
870.00 P 20280121 327.10 333.75 0 17 0.4252 -0.7944 0.001700
880.00 C 20280121 40.75 41.95 1 170 0.4306 0.3012 0.001200
880.00 P 20280121 336.05 343.75 0 9 0.4287 -0.8048 0.001700
890.00 C 20280121 39.75 40.60 2 1998 0.4314 0.2940 0.001200
890.00 P 20280121 345.05 352.75 0 13 0.4291 -0.8152 0.001700
900.00 C 20280121 38.50 39.35 3 2844 0.4317 0.2869 0.001200
900.00 P 20280121 354.10 361.80 0 184 0.4292 -0.8254 0.001700
910.00 C 20280121 37.10 38.30 0 462 0.4319 0.2800 0.001200
910.00 P 20280121 363.25 370.95 0 1 0.4296 -0.8352 0.001700
920.00 C 20280121 36.20 37.05 0 657 0.4327 0.2733 0.001200
920.00 P 20280121 372.45 380.10 0 213 0.4299 -0.8450 0.001700
930.00 C 20280121 35.10 35.95 0 1354 0.4331 0.2668 0.001200
930.00 P 20280121 381.70 389.35 0 7 0.4303 -0.8550 0.001700
940.00 C 20280121 34.05 34.85 0 510 0.4334 0.2604 0.001100
940.00 P 20280121 391.00 398.65 0 10 0.4308 -0.8647 0.001700
950.00 C 20280121 33.05 33.85 1 1862 0.4340 0.2542 0.001100
950.00 P 20280121 400.35 408.00 0 107 0.4313 -0.8740 0.001700
960.00 C 20280121 32.05 32.85 0 1002 0.4344 0.2482 0.001100
960.00 P 20280121 409.75 417.45 0 18 0.4318 -0.8829 0.001700
970.00 C 20280121 30.90 32.10 0 222 0.4348 0.2423 0.001100
970.00 P 20280121 419.25 426.90 1 11 0.4321 -0.8915 0.001700
980.00 C 20280121 30.20 31.00 0 605 0.4354 0.2365 0.001100
980.00 P 20280121 428.75 436.40 1 9 0.4322 -0.8999 0.001700
990.00 C 20280121 29.30 30.10 0 2259 0.4358 0.2309 0.001100
990.00 P 20280121 438.30 446.00 0 26 0.4326 -0.9085 0.001600
1000.00 C 20280121 28.50 29.20 87 15656 0.4362 0.2255 0.001000
1000.00 P 20280121 447.95 455.60 1 196 0.4333 -0.9169 0.001600
1010.00 C 20280121 27.40 28.60 0 303 0.4366 0.2202 0.001000
1010.00 P 20280121 457.60 465.25 0 5 0.4336 -0.9250 0.001600
1020.00 C 20280121 26.85 27.60 1 4391 0.4372 0.2150 0.001000
1020.00 P 20280121 467.30 474.45 0 10522 0.4281 -0.9326 0.001600
1030.00 C 20280121 25.85 27.00 0 135 0.4375 0.2100 0.001000
1030.00 P 20280121 477.05 484.70 0 0 0.4333 -0.9398 0.001500
1040.00 C 20280121 25.10 26.20 0 396 0.4378 0.2051 0.001000
1040.00 P 20280121 486.85 494.50 0 1 0.4341 -0.9466 0.001400
1050.00 C 20280121 24.60 25.35 1 3427 0.4385 0.2004 0.001000
1050.00 P 20280121 496.70 504.35 0 1 0.4356 -0.9530 0.001300
1060.00 C 20280121 23.90 24.65 1 1026 0.4389 0.1958 0.001000
1060.00 P 20280121 506.60 514.25 0 0 0.4382 -0.9588 0.001200
1070.00 C 20280121 23.25 23.95 0 4240 0.4394 0.1912 0.001000
1070.00 P 20280121 516.50 524.15 0 0 0.4403 -0.9640 0.001200
1080.00 C 20280121 22.40 23.25 0 175 0.4391 0.1868 0.000900
1080.00 P 20280121 526.50 534.15 0 0 0.4451 -0.9685 0.001100
1090.00 C 20280121 21.95 22.70 0 1641 0.4403 0.1826 0.000900
1090.00 P 20280121 536.50 544.15 0 0 0.4499 -0.9729 0.001000
1100.00 C 20280121 21.35 22.10 6 4327 0.4408 0.1784 0.000900
1100.00 P 20280121 546.50 554.15 0 0 0.4547 -0.9769 0.000900
1110.00 C 20280121 20.60 21.65 0 179 0.4412 0.1744 0.000900
1110.00 P 20280121 556.50 564.15 0 0 0.4594 -0.9806 0.000700
1120.00 C 20280121 20.25 21.10 0 126 0.4424 0.1704 0.000900
1120.00 P 20280121 566.50 574.15 0 0 0.4640 -0.9841 0.000600
1130.00 C 20280121 19.65 20.35 0 496 0.4422 0.1666 0.000900
1130.00 P 20280121 576.50 584.15 0 0 0.4687 -0.9867 0.000500
1140.00 C 20280121 18.95 20.00 0 156 0.4427 0.1628 0.000800
1140.00 P 20280121 586.50 594.15 0 0 0.4732 -0.9889 0.000400
1150.00 C 20280121 18.45 19.45 0 188 0.4431 0.1592 0.000800
1150.00 P 20280121 596.50 604.15 0 0 0.4778 -0.9911 0.000300
1160.00 C 20280121 18.10 18.95 0 186 0.4440 0.1556 0.000800
1160.00 P 20280121 606.50 614.15 0 0 0.4822 -0.9931 0.000200
1170.00 C 20280121 17.50 18.50 0 200 0.4442 0.1522 0.000800
1170.00 P 20280121 616.50 624.15 0 0 0.4867 -0.9950 0.000200
1180.00 C 20280121 17.00 18.05 0 89 0.4446 0.1488 0.000800
1180.00 P 20280121 626.50 634.15 0 0 0.4911 -0.9966 0.000100
1190.00 C 20280121 16.60 17.55 0 273 0.4451 0.1456 0.000800
1190.00 P 20280121 636.50 644.15 0 0 0.4955 -0.9980 0.000100
1200.00 C 20280121 16.30 17.00 4 6363 0.4457 0.1424 0.000800
1200.00 P 20280121 646.50 654.15 0 0 0.4998 -0.9990 0.000000
1210.00 C 20280121 15.75 16.70 0 336 0.4462 0.1393 0.000800
1210.00 P 20280121 656.50 664.15 0 0 0.5041 -1.0000 0.000000
1220.00 C 20280121 15.35 16.30 0 154 0.4467 0.1362 0.000800
1220.00 P 20280121 666.50 674.15 0 0 0.5083 -1.0000 0.000000
1230.00 C 20280121 14.95 15.85 0 245 0.4470 0.1333 0.000700
1230.00 P 20280121 676.50 684.15 0 0 0.5125 -1.0000 0.000000
1240.00 C 20280121 14.55 15.50 0 97 0.4476 0.1304 0.000700
1240.00 P 20280121 686.50 694.15 0 0 0.5167 -1.0000 0.000000
1250.00 C 20280121 14.25 15.05 0 361 0.4480 0.1276 0.000700
1250.00 P 20280121 696.50 704.15 0 0 0.5208 -1.0000 0.000000
1260.00 C 20280121 13.85 14.75 2 118 0.4486 0.1249 0.000700
1260.00 P 20280121 706.50 714.15 0 0 0.5249 -1.0000 0.000000
1270.00 C 20280121 13.65 14.30 0 8281 0.4493 0.1223 0.000700
1270.00 P 20280121 716.50 724.15 0 0 0.5289 -1.0000 0.000000
1280.00 C 20280121 13.15 14.05 0 315 0.4495 0.1197 0.000700
1280.00 P 20280121 726.50 734.15 0 0 0.5330 -1.0000 0.000000
1300.00 C 20280121 12.65 13.30 0 2586 0.4506 0.1147 0.000700
1300.00 P 20280121 746.50 754.15 0 0 0.5409 -1.0000 0.000000
1320.00 C 20280121 11.95 12.80 0 283 0.4517 0.1100 0.000600
1320.00 P 20280121 766.50 774.15 0 0 0.5487 -1.0000 0.000000
1340.00 C 20280121 11.35 12.20 0 154 0.4524 0.1056 0.000600
1340.00 P 20280121 786.50 794.15 0 0 0.5564 -1.0000 0.000000
1350.00 C 20280121 11.10 11.90 0 130 0.4529 0.1034 0.000600
1350.00 P 20280121 796.50 804.15 0 0 0.5602 -1.0000 0.000000
1360.00 C 20280121 10.95 11.65 0 174 0.4540 0.1013 0.000600
1360.00 P 20280121 806.50 814.15 0 0 0.5640 -1.0000 0.000000
1380.00 C 20280121 10.35 11.15 0 259 0.4546 0.0973 0.000600
1380.00 P 20280121 826.50 834.15 0 0 0.5715 -1.0000 0.000000
1400.00 C 20280121 9.85 10.60 1 411 0.4551 0.0934 0.000600
1400.00 P 20280121 846.50 854.15 0 0 0.5789 -1.0000 0.000000
1420.00 C 20280121 9.50 10.15 0 142 0.4566 0.0898 0.000500
1420.00 P 20280121 866.50 874.10 0 0 0.5852 -1.0000 0.000000
1430.00 C 20280121 9.25 10.00 0 285 0.4575 0.0880 0.000500
1430.00 P 20280121 876.50 884.10 0 0 0.5888 -1.0000 0.000000
1440.00 C 20280121 9.00 9.80 0 84 0.4576 0.0863 0.000500
1440.00 P 20280121 886.50 894.10 0 0 0.5924 -1.0000 0.000000
1450.00 C 20280121 8.90 9.55 0 228 0.4584 0.0846 0.000500
1450.00 P 20280121 896.50 904.10 0 0 0.5959 -1.0000 0.000000
1460.00 C 20280121 8.70 9.35 0 248 0.4588 0.0830 0.000500
1460.00 P 20280121 906.50 914.10 0 0 0.5994 -1.0000 0.000000
1470.00 C 20280121 8.40 9.15 0 314 0.4595 0.0814 0.000500
1470.00 P 20280121 916.50 924.10 0 0 0.6029 -1.0000 0.000000
1480.00 C 20280121 8.20 8.80 0 396 0.4583 0.0799 0.000500
1480.00 P 20280121 926.50 934.10 0 0 0.6064 -1.0000 0.000000
1490.00 C 20280121 8.10 8.80 0 285 0.4602 0.0784 0.000500
1490.00 P 20280121 936.50 944.10 0 0 0.6098 -1.0000 0.000000
1500.00 C 20280121 8.00 8.45 63 10394 0.4602 0.0769 0.000500
1500.00 P 20280121 946.50 954.10 0 0 0.6133 -1.0000 0.000000
5.00 C 20280616 541.00 549.00 1 486 -1.0000 1.0000 0.000000
5.00 P 20280616 0.00 2.84 0 54 2.1587 -0.0001 0.000000
10.00 C 20280616 535.00 545.00 0 1 -1.0000 1.0000 0.000000
10.00 P 20280616 0.00 0.10 0 0 1.0636 -0.0002 0.000000
15.00 C 20280616 530.00 540.00 0 0 -1.0000 1.0000 0.000000
15.00 P 20280616 0.00 1.49 0 0 1.3082 -0.0003 0.000000
20.00 C 20280616 526.00 536.00 0 1 -1.0000 1.0000 0.000000
20.00 P 20280616 0.00 0.82 0 0 1.0890 -0.0004 0.000000
25.00 C 20280616 521.00 531.00 0 0 -1.0000 1.0000 0.000000
25.00 P 20280616 0.00 0.95 0 0 1.0277 -0.0004 0.000000
30.00 C 20280616 516.00 526.00 0 0 -1.0000 1.0000 0.000000
30.00 P 20280616 0.00 1.00 0 0 0.9683 -0.0006 0.000000
35.00 C 20280616 512.00 522.00 0 0 -1.0000 1.0000 0.000000
35.00 P 20280616 0.00 1.01 0 0 0.9146 -0.0007 0.000000
40.00 C 20280616 507.00 517.00 0 1 -1.0000 1.0000 0.000000
40.00 P 20280616 0.00 0.83 0 0 0.8462 -0.0008 0.000000
45.00 C 20280616 502.00 512.00 0 0 -1.0000 1.0000 0.000000
45.00 P 20280616 0.00 1.25 0 0 0.8511 -0.0010 0.000000
50.00 C 20280616 498.00 508.00 0 0 -1.0000 1.0000 0.000000
50.00 P 20280616 0.00 1.28 0 100 0.8163 -0.0011 0.000000
55.00 C 20280616 493.00 503.00 0 0 -1.0000 1.0000 0.000000
55.00 P 20280616 0.01 0.69 0 3 0.7254 -0.0013 0.000000
60.00 C 20280616 489.00 499.00 0 1 -1.0000 1.0000 0.000000
60.00 P 20280616 0.01 1.89 0 101 0.7958 -0.0015 0.000000
65.00 C 20280616 484.00 494.00 0 1 -1.0000 1.0000 0.000000
65.00 P 20280616 0.01 3.10 0 60 0.8270 -0.0017 0.000000
70.00 C 20280616 480.00 490.00 0 4 -1.0000 1.0000 0.000000
70.00 P 20280616 0.01 1.49 0 55 0.7156 -0.0019 0.000000
75.00 C 20280616 475.00 485.00 0 0 -1.0000 1.0000 0.000000
75.00 P 20280616 0.01 1.11 0 58 0.6655 -0.0022 0.000000
80.00 C 20280616 471.00 481.00 0 0 -1.0000 1.0000 0.000000
80.00 P 20280616 0.01 1.31 0 0 0.6585 -0.0025 0.000000
85.00 C 20280616 466.00 476.00 0 0 -1.0000 1.0000 0.000000
85.00 P 20280616 0.01 1.36 3 0 0.6412 -0.0028 0.000000
90.00 C 20280616 461.00 471.00 0 0 -1.0000 1.0000 0.000000
90.00 P 20280616 0.01 1.31 3 2 0.6190 -0.0031 0.000000
95.00 C 20280616 457.00 467.00 0 0 -1.0000 1.0000 0.000000
95.00 P 20280616 0.01 1.31 3 3 0.6012 -0.0035 0.000000
100.00 C 20280616 452.00 462.00 0 2 -1.0000 1.0000 0.000000
100.00 P 20280616 0.01 1.36 3 74 0.5872 -0.0039 0.000000
105.00 C 20280616 448.00 458.00 0 0 -1.0000 1.0000 0.000000
105.00 P 20280616 0.01 1.64 0 81 0.5859 -0.0043 0.000000
110.00 C 20280616 443.00 453.00 0 0 -1.0000 1.0000 0.000000
110.00 P 20280616 0.01 1.72 0 16 0.5740 -0.0048 0.000000
115.00 C 20280616 439.00 449.00 0 0 -1.0000 1.0000 0.000000
115.00 P 20280616 0.15 1.61 0 0 0.5602 -0.0053 0.000000
120.00 C 20280616 434.00 444.00 2 0 -1.0000 1.0000 0.000000
120.00 P 20280616 0.48 1.16 0 5 0.5407 -0.0058 0.000000
125.00 C 20280616 430.00 440.00 0 1 -1.0000 1.0000 0.000000
125.00 P 20280616 0.01 1.28 0 1 0.5101 -0.0064 0.000000
130.00 C 20280616 425.00 435.00 0 0 -1.0000 1.0000 0.000000
130.00 P 20280616 0.01 1.43 0 1 0.5048 -0.0071 0.000000
135.00 C 20280616 421.00 431.00 0 0 0.4252 0.9995 0.000000
135.00 P 20280616 0.81 1.44 0 0 0.5246 -0.0078 0.000000
140.00 C 20280616 416.00 426.00 0 0 -1.0000 0.9987 0.000100
140.00 P 20280616 1.08 1.67 0 6 0.5279 -0.0085 0.000100
145.00 C 20280616 412.00 422.00 0 0 0.4398 0.9979 0.000100
145.00 P 20280616 1.12 1.81 1 1195 0.5203 -0.0094 0.000100
150.00 C 20280616 407.00 417.00 0 0 0.3308 0.9971 0.000100
150.00 P 20280616 1.12 1.94 0 338 0.5116 -0.0103 0.000100
155.00 C 20280616 403.00 413.00 0 0 0.4424 0.9961 0.000100
155.00 P 20280616 1.41 2.14 0 972 0.5119 -0.0112 0.000100
160.00 C 20280616 399.00 409.00 0 5 0.4751 0.9952 0.000100
160.00 P 20280616 1.58 2.28 0 542 0.5071 -0.0123 0.000100
165.00 C 20280616 394.00 404.00 0 2 0.4395 0.9941 0.000100
165.00 P 20280616 1.77 2.47 0 46 0.5038 -0.0133 0.000100
170.00 C 20280616 390.00 400.00 0 1 0.4654 0.9930 0.000100
170.00 P 20280616 1.57 2.82 0 2 0.4955 -0.0145 0.000100
175.00 C 20280616 385.00 395.00 0 1 0.4342 0.9917 0.000100
175.00 P 20280616 2.19 3.10 0 309 0.5009 -0.0157 0.000100
180.00 C 20280616 381.00 391.00 0 0 0.4551 0.9904 0.000100
180.00 P 20280616 2.55 3.30 0 51 0.4990 -0.0170 0.000100
185.00 C 20280616 377.00 387.00 0 0 0.4691 0.9891 0.000100
185.00 P 20280616 2.45 3.55 0 2 0.4903 -0.0185 0.000100
190.00 C 20280616 372.00 382.00 0 12 0.4446 0.9876 0.000100
190.00 P 20280616 3.05 3.85 1 1154 0.4929 -0.0200 0.000100
195.00 C 20280616 368.00 378.00 0 1 0.4565 0.9861 0.000100
195.00 P 20280616 3.30 4.10 0 323 0.4902 -0.0216 0.000100
200.00 C 20280616 364.00 374.00 0 4 0.4652 0.9845 0.000100
200.00 P 20280616 3.45 5.75 0 1111 0.5003 -0.0232 0.000200
205.00 C 20280616 359.00 369.00 0 0 0.4441 0.9827 0.000200
205.00 P 20280616 3.80 5.10 0 619 0.4863 -0.0250 0.000200
210.00 C 20280616 355.00 365.00 0 0 0.4517 0.9809 0.000200
210.00 P 20280616 2.37 6.35 0 267 0.4742 -0.0269 0.000200
215.00 C 20280616 351.00 361.00 0 5 0.4571 0.9790 0.000200
215.00 P 20280616 4.40 5.40 1 1159 0.4759 -0.0288 0.000200
220.00 C 20280616 347.00 356.00 0 13 0.4502 0.9770 0.000200
220.00 P 20280616 3.00 6.25 0 12 0.4604 -0.0309 0.000200
225.00 C 20280616 344.00 352.00 0 12 0.4641 0.9749 0.000200
225.00 P 20280616 5.30 6.15 0 350 0.4733 -0.0330 0.000200
230.00 C 20280616 339.80 348.00 0 1 0.4641 0.9728 0.000200
230.00 P 20280616 4.35 7.95 0 1018 0.4703 -0.0353 0.000200
235.00 C 20280616 335.00 344.00 0 13 0.4584 0.9704 0.000200
235.00 P 20280616 5.40 8.45 0 701 0.4735 -0.0377 0.000200
240.00 C 20280616 330.95 340.00 0 12 0.4590 0.9681 0.000200
240.00 P 20280616 3.55 8.20 0 295 0.4467 -0.0402 0.000200
245.00 C 20280616 327.00 336.00 0 2 0.4599 0.9656 0.000300
245.00 P 20280616 5.05 10.00 0 34 0.4637 -0.0428 0.000300
250.00 C 20280616 322.00 332.00 2 18 0.4523 0.9630 0.000300
250.00 P 20280616 3.30 11.25 3 185 0.4508 -0.0454 0.000300
255.00 C 20280616 319.00 328.00 0 11 0.4593 0.9603 0.000300
255.00 P 20280616 7.90 9.25 20 3 0.4599 -0.0483 0.000300
260.00 C 20280616 314.00 324.00 0 22 0.4516 0.9575 0.000300
260.00 P 20280616 8.45 10.00 0 33 0.4593 -0.0512 0.000300
270.00 C 20280616 307.00 316.00 0 17 0.4555 0.9516 0.000300
270.00 P 20280616 9.55 10.75 20 7 0.4524 -0.0574 0.000400
280.00 C 20280616 299.00 308.00 0 13 0.4516 0.9452 0.000400
280.00 P 20280616 9.00 12.65 0 31 0.4423 -0.0640 0.000400
290.00 C 20280616 291.65 300.00 0 14 0.4502 0.9385 0.000400
290.00 P 20280616 11.60 15.30 0 106 0.4523 -0.0709 0.000400
300.00 C 20280616 283.00 292.00 0 32 0.4415 0.9314 0.000400
300.00 P 20280616 13.10 15.95 12 1907 0.4447 -0.0785 0.000400
310.00 C 20280616 276.00 285.00 0 36 0.4445 0.9239 0.000500
310.00 P 20280616 15.55 17.90 0 205 0.4468 -0.0862 0.000500
320.00 C 20280616 268.00 278.00 0 52 0.4418 0.9160 0.000500
320.00 P 20280616 17.60 24.00 0 77 0.4425 -0.0945 0.000500
330.00 C 20280616 261.00 271.00 0 27 0.4383 0.9078 0.000500
330.00 P 20280616 17.70 22.30 0 30 0.4381 -0.1032 0.000600
340.00 C 20280616 254.00 263.00 0 53 0.4378 0.8992 0.000600
340.00 P 20280616 19.45 26.50 0 189 0.4424 -0.1123 0.000600
350.00 C 20280616 247.00 256.00 0 28 0.4363 0.8903 0.000600
350.00 P 20280616 23.65 26.95 0 165 0.4408 -0.1218 0.000600
360.00 C 20280616 241.00 250.00 0 30 0.4406 0.8811 0.000600
360.00 P 20280616 27.05 31.65 1 70 0.4494 -0.1316 0.000700
370.00 C 20280616 234.00 242.95 0 21 0.4371 0.8715 0.000700
370.00 P 20280616 26.55 32.25 0 205 0.4319 -0.1417 0.000700
380.00 C 20280616 227.00 236.00 0 35 0.4334 0.8618 0.000700
380.00 P 20280616 29.25 35.55 0 67 0.4322 -0.1522 0.000800
390.00 C 20280616 223.10 230.00 0 25 0.4407 0.8517 0.000700
390.00 P 20280616 34.00 38.40 0 32 0.4361 -0.1629 0.000800
400.00 C 20280616 215.00 224.00 0 255 0.4352 0.8414 0.000800
400.00 P 20280616 35.05 40.35 4 483 0.4265 -0.1740 0.000800
410.00 C 20280616 209.00 218.00 0 13 0.4348 0.8310 0.000800
410.00 P 20280616 38.20 45.50 0 255 0.4304 -0.1853 0.000900
420.00 C 20280616 203.00 212.00 2 32 0.4337 0.8203 0.000800
420.00 P 20280616 41.50 49.45 0 232 0.4307 -0.1968 0.000900
430.00 C 20280616 199.05 205.80 0 25 0.4365 0.8094 0.000900
430.00 P 20280616 45.00 52.75 0 536 0.4292 -0.2086 0.000900
440.00 C 20280616 191.00 201.00 0 12 0.4321 0.7985 0.000900
440.00 P 20280616 50.65 56.25 3 58 0.4325 -0.2206 0.001000
450.00 C 20280616 186.00 193.80 0 61 0.4288 0.7873 0.000900
450.00 P 20280616 56.20 58.35 0 721 0.4315 -0.2328 0.001000
460.00 C 20280616 182.80 188.95 0 23 0.4343 0.7761 0.001000
460.00 P 20280616 59.05 63.40 3 121 0.4305 -0.2451 0.001000
470.00 C 20280616 175.00 185.00 0 25 0.4309 0.7648 0.001000
470.00 P 20280616 62.10 68.75 42 290 0.4299 -0.2576 0.001100
480.00 C 20280616 171.25 178.80 1 51 0.4310 0.7534 0.001000
480.00 P 20280616 65.00 72.20 41 452 0.4242 -0.2706 0.001100
490.00 C 20280616 167.25 174.60 0 30 0.4340 0.7419 0.001000
490.00 P 20280616 70.00 75.65 0 212 0.4230 -0.2830 0.001200
500.00 C 20280616 162.50 168.85 3 174 0.4318 0.7304 0.001100
500.00 P 20280616 75.00 81.80 5 1214 0.4264 -0.2958 0.001200
510.00 C 20280616 156.00 165.00 1 37 0.4295 0.7189 0.001100
510.00 P 20280616 79.00 89.00 0 71 0.4288 -0.3091 0.001200
520.00 C 20280616 152.00 161.00 0 51 0.4314 0.7074 0.001100
520.00 P 20280616 84.00 94.00 0 175 0.4290 -0.3217 0.001200
530.00 C 20280616 148.00 155.15 1 102 0.4291 0.6959 0.001100
530.00 P 20280616 92.80 97.15 0 343 0.4320 -0.3347 0.001300
540.00 C 20280616 144.25 152.00 4 139 0.4321 0.6844 0.001100
540.00 P 20280616 95.00 104.00 1 163 0.4290 -0.3478 0.001300
550.00 C 20280616 141.20 146.10 5 545 0.4307 0.6730 0.001200
550.00 P 20280616 100.00 110.00 0 1074 0.4292 -0.3609 0.001300
560.00 C 20280616 135.00 144.00 0 77 0.4302 0.6616 0.001200
560.00 P 20280616 106.00 115.00 0 216 0.4289 -0.3739 0.001300
570.00 C 20280616 131.00 140.00 1 191 0.4298 0.6503 0.001200
570.00 P 20280616 111.00 117.70 0 328 0.4222 -0.3870 0.001400
580.00 C 20280616 128.55 133.45 2 96 0.4272 0.6390 0.001200
580.00 P 20280616 118.95 123.00 0 310 0.4250 -0.4001 0.001400
590.00 C 20280616 126.00 129.55 12 112 0.4288 0.6278 0.001200
590.00 P 20280616 123.00 130.60 0 45 0.4246 -0.4131 0.001400
600.00 C 20280616 121.45 127.60 10 697 0.4300 0.6167 0.001200
600.00 P 20280616 129.00 135.85 2 537 0.4230 -0.4261 0.001400
610.00 C 20280616 116.45 123.70 0 84 0.4266 0.6058 0.001200
610.00 P 20280616 135.00 145.00 0 46 0.4279 -0.4390 0.001400
620.00 C 20280616 113.15 122.00 15 146 0.4296 0.5949 0.001200
620.00 P 20280616 142.00 149.20 0 58 0.4254 -0.4519 0.001500
630.00 C 20280616 109.95 119.00 1 90 0.4302 0.5841 0.001200
630.00 P 20280616 148.00 155.65 0 129 0.4246 -0.4647 0.001500
640.00 C 20280616 106.85 114.00 1 112 0.4273 0.5735 0.001200
640.00 P 20280616 156.95 164.00 10 91 0.4320 -0.4775 0.001500
650.00 C 20280616 103.80 110.95 3 247 0.4274 0.5630 0.001200
650.00 P 20280616 161.00 168.05 16 116 0.4228 -0.4902 0.001500
660.00 C 20280616 100.90 107.95 1 119 0.4277 0.5526 0.001300
660.00 P 20280616 168.00 177.00 6 109 0.4271 -0.5028 0.001500
670.00 C 20280616 99.35 106.75 4 779 0.4329 0.5424 0.001300
670.00 P 20280616 175.00 182.60 6 47 0.4251 -0.5153 0.001500
680.00 C 20280616 97.00 102.25 135 116 0.4309 0.5323 0.001300
680.00 P 20280616 182.25 188.40 16 38 0.4235 -0.5276 0.001500
690.00 C 20280616 92.55 99.50 2 120 0.4280 0.5223 0.001300
690.00 P 20280616 189.00 196.25 0 93 0.4243 -0.5400 0.001600
700.00 C 20280616 90.80 96.90 4 1154 0.4297 0.5125 0.001300
700.00 P 20280616 196.00 206.00 0 161 0.4286 -0.5522 0.001600
710.00 C 20280616 88.35 95.95 0 214 0.4328 0.5028 0.001300
710.00 P 20280616 204.00 213.00 0 56 0.4294 -0.5643 0.001600
720.00 C 20280616 86.00 91.90 8 151 0.4305 0.4933 0.001300
720.00 P 20280616 211.00 218.70 0 150 0.4257 -0.5763 0.001600
730.00 C 20280616 82.55 91.00 0 87 0.4314 0.4840 0.001300
730.00 P 20280616 218.00 228.00 0 125 0.4282 -0.5883 0.001600
740.00 C 20280616 80.20 87.15 0 98 0.4290 0.4748 0.001300
740.00 P 20280616 227.65 236.00 0 10 0.4330 -0.6001 0.001600
750.00 C 20280616 79.25 84.90 0 178 0.4314 0.4658 0.001200
750.00 P 20280616 236.25 241.45 0 32 0.4307 -0.6117 0.001600
760.00 C 20280616 78.65 84.30 0 88 0.4370 0.4569 0.001200
760.00 P 20280616 242.00 251.00 0 5 0.4305 -0.6234 0.001600
770.00 C 20280616 75.25 80.60 0 115 0.4324 0.4482 0.001200
770.00 P 20280616 250.20 257.20 0 2 0.4281 -0.6349 0.001600
780.00 C 20280616 71.65 78.55 0 90 0.4299 0.4396 0.001200
780.00 P 20280616 257.00 267.00 0 47 0.4297 -0.6462 0.001600
790.00 C 20280616 69.70 75.35 0 161 0.4282 0.4312 0.001200
790.00 P 20280616 267.50 275.00 0 22 0.4347 -0.6573 0.001600
800.00 C 20280616 70.20 73.35 157 1034 0.4325 0.4229 0.001200
800.00 P 20280616 273.00 283.00 0 117 0.4295 -0.6684 0.001600
810.00 C 20280616 66.00 72.80 0 64 0.4310 0.4148 0.001200
810.00 P 20280616 282.00 291.00 0 9 0.4310 -0.6795 0.001700
820.00 C 20280616 66.70 69.85 0 106 0.4336 0.4068 0.001200
820.00 P 20280616 291.50 297.80 0 3 0.4308 -0.6904 0.001700
830.00 C 20280616 62.40 68.25 0 23 0.4297 0.3990 0.001200
830.00 P 20280616 298.00 307.00 0 11 0.4289 -0.7010 0.001700
840.00 C 20280616 60.70 67.55 0 778 0.4317 0.3914 0.001200
840.00 P 20280616 307.00 316.60 0 7 0.4330 -0.7117 0.001700
850.00 C 20280616 59.05 65.05 0 126 0.4305 0.3839 0.001200
850.00 P 20280616 315.00 325.00 0 0 0.4320 -0.7224 0.001700
860.00 C 20280616 57.50 64.30 0 106 0.4324 0.3765 0.001200
860.00 P 20280616 324.00 333.00 0 4 0.4320 -0.7327 0.001700
870.00 C 20280616 56.00 62.70 0 426 0.4327 0.3693 0.001200
870.00 P 20280616 333.00 342.00 0 3 0.4341 -0.7430 0.001700
880.00 C 20280616 54.45 61.20 0 76 0.4329 0.3622 0.001200
880.00 P 20280616 341.00 350.00 0 1 0.4311 -0.7530 0.001700
890.00 C 20280616 53.00 59.75 1 55 0.4332 0.3553 0.001200
890.00 P 20280616 350.00 359.00 0 12 0.4326 -0.7628 0.001700
900.00 C 20280616 52.70 59.70 0 245 0.4381 0.3485 0.001200
900.00 P 20280616 359.00 368.00 0 6 0.4338 -0.7728 0.001700
910.00 C 20280616 50.25 56.95 0 65 0.4339 0.3418 0.001100
910.00 P 20280616 368.00 377.00 0 1 0.4347 -0.7828 0.001700
920.00 C 20280616 50.00 55.60 0 31 0.4362 0.3353 0.001100
920.00 P 20280616 376.95 386.00 0 2 0.4354 -0.7926 0.001700
930.00 C 20280616 47.65 53.90 0 27 0.4337 0.3289 0.001100
930.00 P 20280616 385.00 395.00 0 0 0.4331 -0.8022 0.001700
940.00 C 20280616 49.05 53.05 0 234 0.4398 0.3226 0.001100
940.00 P 20280616 395.00 404.00 0 52 0.4360 -0.8116 0.001700
950.00 C 20280616 45.20 53.15 0 143 0.4377 0.3165 0.001100
950.00 P 20280616 404.00 413.00 0 13 0.4357 -0.8210 0.001700
960.00 C 20280616 44.05 51.95 1 34 0.4380 0.3105 0.001100
960.00 P 20280616 413.00 422.00 0 32 0.4350 -0.8308 0.001700
970.00 C 20280616 43.00 49.45 0 163 0.4360 0.3046 0.001100
970.00 P 20280616 422.00 431.00 0 1 0.4340 -0.8403 0.001700
980.00 C 20280616 41.80 49.60 0 72 0.4386 0.2989 0.001100
980.00 P 20280616 431.00 441.00 0 32 0.4361 -0.8494 0.001700
990.00 C 20280616 44.00 47.15 1 62 0.4427 0.2932 0.001100
990.00 P 20280616 440.00 450.00 0 1 0.4342 -0.8583 0.001700
1000.00 C 20280616 40.40 46.20 5 800 0.4382 0.2877 0.001000
1000.00 P 20280616 450.00 459.00 0 5 0.4354 -0.8667 0.001700
1010.00 C 20280616 39.45 45.15 1094 120 0.4386 0.2823 0.001000
1010.00 P 20280616 459.00 469.00 0 3 0.4363 -0.8751 0.001700
1020.00 C 20280616 38.50 44.15 0 750 0.4390 0.2770 0.001000
1020.00 P 20280616 469.00 478.00 1 19 0.4370 -0.8833 0.001700
1030.00 C 20280616 36.75 43.20 0 236 0.4378 0.2718 0.001000
1030.00 P 20280616 478.00 487.00 2 1 0.4325 -0.8921 0.001700
1040.00 C 20280616 36.70 41.10 1 117 0.4376 0.2668 0.001000
1040.00 P 20280616 488.00 497.00 2 4 0.4374 -0.9008 0.001700
1050.00 C 20280616 34.00 41.35 1 106 0.4439 0.2618 0.001000
1050.00 P 20280616 497.00 506.00 1 7 0.4296 -0.9088 0.001700
1060.00 C 20280616 34.05 40.45 0 260 0.4388 0.2570 0.001000
1060.00 P 20280616 507.00 516.00 0 1 0.4343 -0.9164 0.001600
1070.00 C 20280616 34.15 39.60 0 84 0.4412 0.2522 0.001000
1070.00 P 20280616 517.00 526.00 0 0 0.4390 -0.9237 0.001600
1080.00 C 20280616 33.35 38.75 1 126 0.4416 0.2475 0.001000
1080.00 P 20280616 526.00 535.00 0 0 0.4261 -0.9307 0.001500
1090.00 C 20280616 31.55 37.90 0 46 0.4397 0.2430 0.001000
1090.00 P 20280616 536.00 545.00 0 0 0.4306 -0.9373 0.001400
1100.00 C 20280616 31.85 35.85 0 121 0.4397 0.2385 0.001000
1100.00 P 20280616 546.00 555.00 0 0 0.4351 -0.9436 0.001400
1110.00 C 20280616 31.10 36.25 0 165 0.4426 0.2341 0.000900
1110.00 P 20280616 555.00 565.00 0 0 -1.0000 -0.9495 0.001300
1120.00 C 20280616 29.85 35.60 0 17 0.4421 0.2298 0.000900
1120.00 P 20280616 565.00 575.00 0 0 -1.0000 -0.9549 0.001300
1130.00 C 20280616 29.70 34.65 0 120 0.4432 0.2257 0.000900
1130.00 P 20280616 575.00 585.00 0 0 -1.0000 -0.9597 0.001200
1140.00 C 20280616 27.85 33.90 0 42 0.4408 0.2216 0.000900
1140.00 P 20280616 585.00 595.00 0 0 -1.0000 -0.9643 0.001100
1150.00 C 20280616 27.20 33.45 0 94 0.4418 0.2176 0.000900
1150.00 P 20280616 595.00 605.00 0 0 -1.0000 -0.9688 0.001000
1160.00 C 20280616 28.70 32.75 0 1607 0.4471 0.2136 0.000900
1160.00 P 20280616 605.00 615.00 0 0 -1.0000 -0.9729 0.000900
1170.00 C 20280616 25.90 32.10 0 93 0.4424 0.2098 0.000900
1170.00 P 20280616 615.00 625.00 0 0 -1.0000 -0.9768 0.000800
1180.00 C 20280616 26.50 32.45 0 61 0.4480 0.2060 0.000900
1180.00 P 20280616 625.00 635.00 0 0 -1.0000 -0.9803 0.000600
1190.00 C 20280616 25.95 30.80 0 42 0.4461 0.2024 0.000900
1190.00 P 20280616 635.00 645.00 0 0 -1.0000 -0.9832 0.000500
1200.00 C 20280616 26.55 27.95 29 4673 0.4439 0.1987 0.000800
1200.00 P 20280616 645.00 655.00 0 0 -1.0000 -0.9856 0.000500
1210.00 C 20280616 24.80 29.10 0 86 0.4456 0.1952 0.000800
1210.00 P 20280616 655.00 665.00 0 0 -1.0000 -0.9878 0.000400
1220.00 C 20280616 24.25 28.45 0 68 0.4458 0.1918 0.000800
1220.00 P 20280616 665.00 675.00 0 0 -1.0000 -0.9900 0.000300
1230.00 C 20280616 23.70 27.85 0 33 0.4461 0.1884 0.000800
1230.00 P 20280616 675.00 685.00 0 0 -1.0000 -0.9920 0.000300
1240.00 C 20280616 23.20 27.90 0 49 0.4480 0.1851 0.000800
1240.00 P 20280616 685.00 695.00 0 0 -1.0000 -0.9938 0.000200
1250.00 C 20280616 22.70 28.30 0 63 0.4508 0.1818 0.000800
1250.00 P 20280616 695.00 705.00 0 0 -1.0000 -0.9956 0.000100
1260.00 C 20280616 20.80 26.80 0 50 0.4450 0.1786 0.000800
1260.00 P 20280616 705.00 715.00 0 0 -1.0000 -0.9971 0.000100
1270.00 C 20280616 20.35 26.30 0 33 0.4455 0.1755 0.000800
1270.00 P 20280616 715.00 725.00 0 0 -1.0000 -0.9983 0.000100
1280.00 C 20280616 21.25 23.80 0 23 0.4441 0.1725 0.000800
1280.00 P 20280616 725.00 735.00 0 0 -1.0000 -0.9994 0.000000
1290.00 C 20280616 19.40 25.40 0 21 0.4463 0.1695 0.000800
1290.00 P 20280616 735.00 745.00 0 0 -1.0000 -1.0000 0.000000
1300.00 C 20280616 18.90 24.20 0 153 0.4444 0.1666 0.000800
1300.00 P 20280616 745.00 755.00 0 0 -1.0000 -1.0000 0.000000
1310.00 C 20280616 19.80 23.70 0 31 0.4484 0.1637 0.000700
1310.00 P 20280616 755.00 765.00 0 0 -1.0000 -1.0000 0.000000
1320.00 C 20280616 18.05 23.20 0 36 0.4448 0.1609 0.000700
1320.00 P 20280616 765.00 775.00 0 0 -1.0000 -1.0000 0.000000
1330.00 C 20280616 18.70 22.70 0 29 0.4480 0.1582 0.000700
1330.00 P 20280616 775.00 785.00 0 0 -1.0000 -1.0000 0.000000
1340.00 C 20280616 17.15 22.50 0 51 0.4457 0.1555 0.000700
1340.00 P 20280616 785.00 795.00 0 0 -1.0000 -1.0000 0.000000
1350.00 C 20280616 18.20 21.80 0 134 0.4494 0.1529 0.000700
1350.00 P 20280616 795.00 805.00 0 0 -1.0000 -1.0000 0.000000
1360.00 C 20280616 17.55 22.30 0 30 0.4516 0.1503 0.000700
1360.00 P 20280616 805.00 815.00 0 0 -1.0000 -1.0000 0.000000
1370.00 C 20280616 16.00 22.65 0 65 0.4506 0.1478 0.000700
1370.00 P 20280616 815.00 825.00 0 0 -1.0000 -1.0000 0.000000
1380.00 C 20280616 17.10 22.10 0 12 0.4549 0.1453 0.000700
1380.00 P 20280616 825.00 835.00 0 0 -1.0000 -1.0000 0.000000
1390.00 C 20280616 15.30 21.10 0 50 0.4490 0.1429 0.000700
1390.00 P 20280616 835.00 845.00 0 0 -1.0000 -1.0000 0.000000
1400.00 C 20280616 16.40 20.95 0 1537 0.4544 0.1405 0.000700
1400.00 P 20280616 845.00 855.00 0 0 -1.0000 -1.0000 0.000000
1410.00 C 20280616 13.10 22.45 0 1507 0.4514 0.1382 0.000700
1410.00 P 20280616 855.00 865.00 0 0 -1.0000 -1.0000 0.000000
1420.00 C 20280616 15.55 19.15 0 114 0.4512 0.1359 0.000600
1420.00 P 20280616 865.00 875.00 0 0 -1.0000 -1.0000 0.000000
1430.00 C 20280616 15.45 18.55 0 78 0.4514 0.1337 0.000600
1430.00 P 20280616 875.00 885.00 0 0 -1.0000 -1.0000 0.000000
1440.00 C 20280616 15.10 18.20 0 12 0.4516 0.1315 0.000600
1440.00 P 20280616 885.00 895.00 0 0 -1.0000 -1.0000 0.000000
1450.00 C 20280616 14.80 18.50 0 39 0.4539 0.1294 0.000600
1450.00 P 20280616 895.00 905.00 0 0 -1.0000 -1.0000 0.000000
1460.00 C 20280616 14.40 18.70 0 77 0.4557 0.1273 0.000600
1460.00 P 20280616 905.00 915.00 0 0 -1.0000 -1.0000 0.000000
1470.00 C 20280616 12.70 18.40 0 137 0.4514 0.1252 0.000600
1470.00 P 20280616 915.00 925.00 0 0 -1.0000 -1.0000 0.000000
1480.00 C 20280616 12.50 16.00 1 445 0.4447 0.1232 0.000600
1480.00 P 20280616 925.00 935.00 0 0 -1.0000 -1.0000 0.000000
5.00 C 20281215 541.00 549.00 1 2844 -1.0000 1.0000 0.000000
5.00 P 20281215 0.00 0.25 0 46 1.2606 -0.0001 0.000000
10.00 C 20281215 535.00 545.00 17 904 -1.0000 1.0000 0.000000
10.00 P 20281215 0.00 10.00 0 2 1.5529 -0.0002 0.000000
15.00 C 20281215 531.00 541.00 1 4 -1.0000 1.0000 0.000000
15.00 P 20281215 0.00 3.25 0 0 1.3436 -0.0003 0.000000
20.00 C 20281215 526.00 536.00 0 16 -1.0000 1.0000 0.000000
20.00 P 20281215 0.00 3.30 0 0 1.2103 -0.0004 0.000000
25.00 C 20281215 521.00 531.00 0 1 -1.0000 1.0000 0.000000
25.00 P 20281215 0.00 3.30 0 0 1.1167 -0.0006 0.000000
30.00 C 20281215 516.00 526.00 0 1 -1.0000 1.0000 0.000000
30.00 P 20281215 0.00 3.35 0 0 1.0410 -0.0007 0.000000
35.00 C 20281215 512.00 522.00 0 0 -1.0000 1.0000 0.000000
35.00 P 20281215 0.00 4.85 0 0 0.9818 -0.0009 0.000000
40.00 C 20281215 507.00 517.00 0 3 -1.0000 1.0000 0.000000
40.00 P 20281215 0.00 0.51 0 26 0.7135 -0.0010 0.000000
45.00 C 20281215 503.00 513.00 0 4 -1.0000 1.0000 0.000000
45.00 P 20281215 0.00 0.56 0 52 0.6895 -0.0012 0.000000
50.00 C 20281215 498.00 508.00 0 2 -1.0000 1.0000 0.000000
50.00 P 20281215 0.01 0.61 0 136 0.6666 -0.0015 0.000000
55.00 C 20281215 494.00 504.00 0 1 -1.0000 1.0000 0.000000
55.00 P 20281215 0.00 0.71 0 35 0.6514 -0.0017 0.000000
60.00 C 20281215 489.00 499.00 0 1 -1.0000 1.0000 0.000000
60.00 P 20281215 0.00 0.81 0 108 0.6367 -0.0020 0.000000
65.00 C 20281215 485.00 495.00 0 0 -1.0000 1.0000 0.000000
65.00 P 20281215 0.01 0.91 0 74 0.6227 -0.0022 0.000000
70.00 C 20281215 481.00 491.00 0 0 -1.0000 1.0000 0.000000
70.00 P 20281215 0.01 1.01 0 63 0.6092 -0.0026 0.000000
75.00 C 20281215 476.00 486.00 0 2 -1.0000 1.0000 0.000000
75.00 P 20281215 0.01 1.11 0 76 0.5963 -0.0029 0.000000
80.00 C 20281215 472.00 482.00 0 0 -1.0000 1.0000 0.000000
80.00 P 20281215 0.43 1.21 0 105 0.6077 -0.0033 0.000000
85.00 C 20281215 467.00 477.00 0 0 -1.0000 1.0000 0.000000
85.00 P 20281215 0.01 1.31 3 5 0.5720 -0.0037 0.000000
90.00 C 20281215 463.00 473.00 0 8 -1.0000 1.0000 0.000000
90.00 P 20281215 0.12 1.31 3 9 0.5611 -0.0042 0.000000
95.00 C 20281215 459.00 469.00 0 0 -1.0000 1.0000 0.000000
95.00 P 20281215 0.50 10.00 0 9 0.5622 -0.0047 0.000000
100.00 C 20281215 454.00 464.00 0 4 -1.0000 1.0000 0.000000
100.00 P 20281215 0.90 1.07 0 553 0.5540 -0.0052 0.000000
105.00 C 20281215 450.00 460.00 0 0 -1.0000 1.0000 0.000000
105.00 P 20281215 0.35 2.50 0 9 0.5696 -0.0058 0.000000
110.00 C 20281215 446.00 456.00 0 0 -1.0000 1.0000 0.000000
110.00 P 20281215 0.57 3.55 0 6 0.5886 -0.0064 0.000000
115.00 C 20281215 441.00 451.00 0 1 -1.0000 1.0000 0.000000
115.00 P 20281215 0.75 1.98 0 4 0.5364 -0.0072 0.000000
120.00 C 20281215 437.00 447.00 0 1 -1.0000 1.0000 0.000000
120.00 P 20281215 0.97 1.91 0 8 0.5272 -0.0079 0.000000
125.00 C 20281215 433.00 443.00 1 11 0.4415 1.0000 0.000000
125.00 P 20281215 1.16 2.22 0 0 0.5273 -0.0087 0.000000
130.00 C 20281215 428.00 438.00 0 2 -1.0000 0.9993 0.000100
130.00 P 20281215 1.48 2.21 0 56 0.5218 -0.0096 0.000100
135.00 C 20281215 424.00 434.00 0 0 0.4207 0.9984 0.000100
135.00 P 20281215 1.65 2.57 0 21 0.5208 -0.0105 0.000100
140.00 C 20281215 420.00 430.00 0 16 0.4525 0.9975 0.000100
140.00 P 20281215 0.01 2.61 0 59 0.4709 -0.0115 0.000100
145.00 C 20281215 415.00 425.00 0 0 0.4015 0.9964 0.000100
145.00 P 20281215 0.16 2.79 0 9 0.4685 -0.0126 0.000100
150.00 C 20281215 411.00 421.00 0 3 0.4320 0.9953 0.000100
150.00 P 20281215 0.38 3.35 0 131 0.4753 -0.0137 0.000100
155.00 C 20281215 407.00 417.00 0 2 0.4494 0.9941 0.000100
155.00 P 20281215 2.42 3.15 1 401 0.4979 -0.0150 0.000100
160.00 C 20281215 403.00 413.00 0 12 0.4608 0.9928 0.000100
160.00 P 20281215 2.30 3.45 0 63 0.4896 -0.0162 0.000100
165.00 C 20281215 398.00 408.00 0 12 0.4297 0.9915 0.000100
165.00 P 20281215 2.74 6.00 0 14 0.5246 -0.0176 0.000100
170.00 C 20281215 394.00 404.00 0 14 0.4409 0.9901 0.000100
170.00 P 20281215 3.45 4.35 0 26 0.4963 -0.0191 0.000100
175.00 C 20281215 390.00 400.00 0 25 0.4484 0.9886 0.000100
175.00 P 20281215 1.73 4.55 0 53 0.4657 -0.0206 0.000100
180.00 C 20281215 386.00 396.00 0 11 0.4537 0.9871 0.000100
180.00 P 20281215 2.03 5.00 0 59 0.4656 -0.0222 0.000100
185.00 C 20281215 382.00 392.00 0 10 0.4575 0.9854 0.000100
185.00 P 20281215 4.30 8.20 0 7 0.5138 -0.0240 0.000100
190.00 C 20281215 378.00 388.00 2 8 0.4598 0.9837 0.000100
190.00 P 20281215 2.69 6.00 0 69 0.4653 -0.0258 0.000100
195.00 C 20281215 374.00 384.00 0 16 0.4612 0.9819 0.000200
195.00 P 20281215 3.05 8.05 0 771 0.4798 -0.0276 0.000200
200.00 C 20281215 369.90 379.00 0 168 0.4507 0.9800 0.000200
200.00 P 20281215 5.60 6.15 14 207 0.4758 -0.0296 0.000200
210.00 C 20281215 361.50 371.00 0 18 0.4481 0.9759 0.000200
210.00 P 20281215 4.25 8.35 0 58 0.4637 -0.0339 0.000200
220.00 C 20281215 353.00 363.00 0 49 0.4432 0.9715 0.000200
220.00 P 20281215 5.20 11.90 0 43 0.4787 -0.0385 0.000200
230.00 C 20281215 346.00 355.00 0 36 0.4485 0.9668 0.000200
230.00 P 20281215 8.60 13.20 0 63 0.4677 -0.0434 0.000200
240.00 C 20281215 339.00 347.00 1 108 0.4511 0.9617 0.000300
240.00 P 20281215 9.75 10.90 0 53 0.4638 -0.0488 0.000300
250.00 C 20281215 331.00 340.00 0 67 0.4516 0.9562 0.000300
250.00 P 20281215 10.75 12.20 2 156 0.4587 -0.0545 0.000300
260.00 C 20281215 324.00 332.00 0 53 0.4507 0.9505 0.000300
260.00 P 20281215 12.80 15.25 0 31 0.4670 -0.0605 0.000300
270.00 C 20281215 316.00 325.00 2 53 0.4486 0.9444 0.000300
270.00 P 20281215 14.20 15.15 0 26 0.4553 -0.0670 0.000400
280.00 C 20281215 308.00 317.00 0 23 0.4410 0.9380 0.000400
280.00 P 20281215 13.10 17.50 0 66 0.4435 -0.0738 0.000400
290.00 C 20281215 301.00 310.00 0 41 0.4418 0.9313 0.000400
290.00 P 20281215 16.25 18.75 3 83 0.4451 -0.0809 0.000400
300.00 C 20281215 294.00 303.00 2 844 0.4454 0.9243 0.000400
300.00 P 20281215 17.75 21.00 2 1425 0.4428 -0.0883 0.000400
310.00 C 20281215 287.00 296.00 0 247 0.4401 0.9170 0.000400
310.00 P 20281215 20.00 25.10 0 98 0.4491 -0.0961 0.000500
320.00 C 20281215 281.00 290.00 15 40 0.4449 0.9095 0.000500
320.00 P 20281215 23.35 25.45 0 152 0.4447 -0.1042 0.000500
330.00 C 20281215 274.00 283.00 0 18 0.4417 0.9017 0.000500
330.00 P 20281215 23.65 30.70 0 196 0.4458 -0.1126 0.000500
340.00 C 20281215 268.00 276.00 2 37 0.4411 0.8936 0.000500
340.00 P 20281215 25.85 33.65 1 82 0.4446 -0.1212 0.000600
350.00 C 20281215 262.25 270.00 10 102 0.4434 0.8854 0.000600
350.00 P 20281215 28.25 36.05 3 429 0.4417 -0.1302 0.000600
360.00 C 20281215 255.00 264.00 0 356 0.4406 0.8769 0.000600
360.00 P 20281215 33.90 36.60 0 380 0.4422 -0.1394 0.000600
370.00 C 20281215 249.00 257.20 0 46 0.4385 0.8683 0.000600
370.00 P 20281215 37.55 41.50 3 233 0.4479 -0.1488 0.000700
380.00 C 20281215 242.00 252.00 1 85 0.4374 0.8594 0.000600
380.00 P 20281215 40.50 44.10 1 447 0.4450 -0.1585 0.000700
390.00 C 20281215 237.00 246.00 0 43 0.4387 0.8504 0.000700
390.00 P 20281215 40.00 46.25 0 56 0.4321 -0.1684 0.000700
400.00 C 20281215 231.00 240.00 12 380 0.4369 0.8412 0.000700
400.00 P 20281215 45.90 50.50 2 1456 0.4393 -0.1785 0.000800
410.00 C 20281215 226.00 234.00 1 99 0.4370 0.8320 0.000700
410.00 P 20281215 49.15 53.35 0 349 0.4363 -0.1888 0.000800
420.00 C 20281215 220.00 227.75 0 76 0.4336 0.8225 0.000700
420.00 P 20281215 51.00 56.05 0 83 0.4294 -0.1992 0.000800
430.00 C 20281215 214.00 224.00 0 57 0.4354 0.8130 0.000800
430.00 P 20281215 54.00 64.00 0 364 0.4360 -0.2099 0.000800
440.00 C 20281215 210.70 218.00 0 61 0.4375 0.8034 0.000800
440.00 P 20281215 58.00 68.00 9 379 0.4354 -0.2207 0.000900
450.00 C 20281215 208.20 212.05 5 164 0.4407 0.7937 0.000800
450.00 P 20281215 63.00 68.00 73 1653 0.4284 -0.2316 0.000900
460.00 C 20281215 199.00 208.00 0 39 0.4337 0.7839 0.000800
460.00 P 20281215 67.00 74.50 0 172 0.4320 -0.2426 0.000900
470.00 C 20281215 194.00 203.00 0 33 0.4329 0.7741 0.000800
470.00 P 20281215 74.70 78.20 5 325 0.4366 -0.2538 0.001000
480.00 C 20281215 189.00 199.00 1 66 0.4336 0.7642 0.000900
480.00 P 20281215 76.00 83.60 14 542 0.4317 -0.2650 0.001000
490.00 C 20281215 185.00 194.00 1 87 0.4339 0.7543 0.000900
490.00 P 20281215 81.65 87.20 3 446 0.4312 -0.2764 0.001000
500.00 C 20281215 180.00 188.95 46 1506 0.4318 0.7444 0.000900
500.00 P 20281215 86.85 91.50 22 3578 0.4307 -0.2878 0.001000
510.00 C 20281215 176.00 185.00 0 108 0.4332 0.7345 0.000900
510.00 P 20281215 91.00 99.00 1 491 0.4336 -0.2993 0.001100
520.00 C 20281215 171.10 177.50 0 111 0.4263 0.7246 0.001000
520.00 P 20281215 95.00 105.00 7 590 0.4330 -0.3108 0.001100
530.00 C 20281215 168.00 177.00 0 389 0.4345 0.7147 0.001000
530.00 P 20281215 103.55 108.30 1 454 0.4353 -0.3224 0.001100
540.00 C 20281215 163.00 172.95 79 3018 0.4328 0.7048 0.001000
540.00 P 20281215 108.00 113.35 1 696 0.4331 -0.3340 0.001100
550.00 C 20281215 162.25 167.00 114 960 0.4348 0.6949 0.001000
550.00 P 20281215 114.45 120.05 14 1134 0.4366 -0.3456 0.001200
560.00 C 20281215 155.80 165.00 10 311 0.4335 0.6851 0.001000
560.00 P 20281215 117.00 124.75 1 382 0.4300 -0.3573 0.001200
570.00 C 20281215 154.65 160.75 3 524 0.4370 0.6754 0.001000
570.00 P 20281215 123.55 130.35 1 408 0.4312 -0.3689 0.001200
580.00 C 20281215 149.25 157.00 2 652 0.4339 0.6657 0.001000
580.00 P 20281215 128.90 138.00 2 233 0.4333 -0.3806 0.001200
590.00 C 20281215 146.15 152.75 1 578 0.4335 0.6561 0.001000
590.00 P 20281215 134.00 142.15 0 483 0.4290 -0.3922 0.001200
600.00 C 20281215 141.00 149.35 121 3198 0.4310 0.6465 0.001000
600.00 P 20281215 140.05 147.65 4 1202 0.4281 -0.4039 0.001300
610.00 C 20281215 140.10 147.00 0 484 0.4366 0.6370 0.001100
610.00 P 20281215 147.25 153.80 0 281 0.4297 -0.4155 0.001300
620.00 C 20281215 135.25 144.00 20 353 0.4346 0.6276 0.001100
620.00 P 20281215 153.00 162.00 1 378 0.4319 -0.4271 0.001300
630.00 C 20281215 131.00 138.50 3 267 0.4294 0.6183 0.001100
630.00 P 20281215 159.00 168.00 0 242 0.4307 -0.4386 0.001300
640.00 C 20281215 132.60 136.75 89 3062 0.4389 0.6091 0.001100
640.00 P 20281215 165.25 172.70 0 366 0.4276 -0.4501 0.001300
650.00 C 20281215 126.90 132.40 6 2892 0.4328 0.6000 0.001100
650.00 P 20281215 172.00 181.00 0 771 0.4306 -0.4616 0.001400
660.00 C 20281215 122.00 129.70 49 2368 0.4303 0.5909 0.001100
660.00 P 20281215 179.00 188.00 0 184 0.4316 -0.4729 0.001400
670.00 C 20281215 122.00 128.00 6 526 0.4366 0.5820 0.001100
670.00 P 20281215 185.00 195.00 0 714 0.4307 -0.4843 0.001400
680.00 C 20281215 119.90 123.60 10 212 0.4354 0.5731 0.001100
680.00 P 20281215 192.00 202.00 0 173 0.4312 -0.4957 0.001400
690.00 C 20281215 113.05 120.80 4 395 0.4291 0.5644 0.001100
690.00 P 20281215 199.00 206.85 0 118 0.4279 -0.5070 0.001400
700.00 C 20281215 110.40 120.00 28 2346 0.4321 0.5558 0.001100
700.00 P 20281215 206.05 214.80 0 524 0.4293 -0.5181 0.001400
710.00 C 20281215 108.00 115.50 2 746 0.4296 0.5473 0.001100
710.00 P 20281215 213.00 223.00 18 116 0.4307 -0.5292 0.001400
720.00 C 20281215 105.30 115.00 1 184 0.4325 0.5389 0.001100
720.00 P 20281215 222.50 227.55 2 61 0.4301 -0.5403 0.001500
730.00 C 20281215 103.00 110.55 1 1553 0.4299 0.5306 0.001100
730.00 P 20281215 228.00 237.00 0 61 0.4306 -0.5514 0.001500
740.00 C 20281215 100.45 110.00 0 1618 0.4325 0.5224 0.001100
740.00 P 20281215 235.00 242.45 0 24 0.4268 -0.5623 0.001500
750.00 C 20281215 100.00 105.45 0 623 0.4322 0.5144 0.001100
750.00 P 20281215 243.00 252.00 1 175 0.4310 -0.5731 0.001500
760.00 C 20281215 96.80 103.50 0 224 0.4314 0.5064 0.001100
760.00 P 20281215 250.00 260.00 2 97 0.4308 -0.5839 0.001500
770.00 C 20281215 94.00 103.00 1 134 0.4332 0.4986 0.001100
770.00 P 20281215 258.00 267.00 0 73 0.4303 -0.5948 0.001500
780.00 C 20281215 92.40 99.65 1 329 0.4324 0.4908 0.001100
780.00 P 20281215 266.00 275.00 0 50 0.4313 -0.6055 0.001500
790.00 C 20281215 92.60 98.40 40 626 0.4373 0.4832 0.001100
790.00 P 20281215 274.00 283.00 0 35 0.4321 -0.6160 0.001600
800.00 C 20281215 90.00 94.40 49 1649 0.4337 0.4757 0.001100
800.00 P 20281215 281.15 288.00 1 126 0.4259 -0.6264 0.001600
810.00 C 20281215 87.10 93.00 1 509 0.4334 0.4684 0.001100
810.00 P 20281215 289.00 299.00 0 23 0.4310 -0.6370 0.001600
820.00 C 20281215 85.95 93.00 0 133 0.4377 0.4611 0.001100
820.00 P 20281215 297.00 307.00 0 43 0.4309 -0.6474 0.001600
830.00 C 20281215 82.00 89.20 0 300 0.4318 0.4539 0.001100
830.00 P 20281215 306.00 315.00 0 25 0.4324 -0.6577 0.001600
840.00 C 20281215 81.25 89.35 0 144 0.4367 0.4469 0.001100
840.00 P 20281215 314.00 321.35 0 5 0.4289 -0.6678 0.001600
850.00 C 20281215 80.95 85.55 1 475 0.4361 0.4400 0.001100
850.00 P 20281215 322.00 329.55 0 27 0.4284 -0.6778 0.001600
860.00 C 20281215 78.80 83.80 0 277 0.4357 0.4331 0.001100
860.00 P 20281215 330.00 340.00 0 24 0.4318 -0.6880 0.001600
870.00 C 20281215 75.00 84.00 0 426 0.4356 0.4264 0.001100
870.00 P 20281215 339.00 348.00 0 47 0.4323 -0.6982 0.001600
880.00 C 20281215 73.00 81.30 1 173 0.4337 0.4198 0.001100
880.00 P 20281215 347.00 357.00 0 201 0.4326 -0.7082 0.001600
890.00 C 20281215 72.00 80.75 0 68 0.4364 0.4133 0.001100
890.00 P 20281215 356.00 363.60 0 122 0.4300 -0.7180 0.001600
900.00 C 20281215 71.00 79.20 52 749 0.4376 0.4069 0.001100
900.00 P 20281215 364.00 374.00 0 210 0.4327 -0.7276 0.001600
910.00 C 20281215 70.00 74.30 0 341 0.4334 0.4006 0.001100
910.00 P 20281215 373.00 383.00 0 46 0.4343 -0.7373 0.001600
920.00 C 20281215 67.00 76.10 0 307 0.4364 0.3945 0.001100
920.00 P 20281215 382.00 391.00 0 70 0.4335 -0.7468 0.001600
930.00 C 20281215 66.00 72.70 0 514 0.4343 0.3884 0.001100
930.00 P 20281215 390.75 400.00 0 1 0.4342 -0.7561 0.001600
940.00 C 20281215 65.15 73.20 0 784 0.4384 0.3824 0.001000
940.00 P 20281215 399.00 409.00 0 41 0.4336 -0.7653 0.001600
950.00 C 20281215 63.00 69.90 1 240 0.4344 0.3765 0.001000
950.00 P 20281215 408.00 418.00 3 80 0.4345 -0.7745 0.001600
960.00 C 20281215 62.00 68.50 0 59 0.4351 0.3707 0.001000
960.00 P 20281215 417.00 426.00 0 5 0.4326 -0.7836 0.001600
970.00 C 20281215 60.00 68.00 0 152 0.4355 0.3650 0.001000
970.00 P 20281215 426.00 436.00 0 28 0.4352 -0.7927 0.001600
980.00 C 20281215 59.00 67.85 0 76 0.4380 0.3594 0.001000
980.00 P 20281215 435.00 444.00 0 22 0.4324 -0.8019 0.001600
990.00 C 20281215 58.00 64.65 1 184 0.4355 0.3539 0.001000
990.00 P 20281215 444.00 454.00 0 23 0.4347 -0.8114 0.001700
1000.00 C 20281215 58.60 65.30 69 1698 0.4417 0.3485 0.001000
1000.00 P 20281215 453.00 463.00 15 114 0.4342 -0.8207 0.001700
1010.00 C 20281215 56.00 64.10 2 95 0.4397 0.3432 0.001000
1010.00 P 20281215 463.00 472.00 0 145 0.4364 -0.8298 0.001700
1020.00 C 20281215 54.00 62.95 0 74 0.4386 0.3380 0.001000
1020.00 P 20281215 471.00 481.00 0 5 0.4320 -0.8384 0.001700
1030.00 C 20281215 54.15 61.45 2 79 0.4403 0.3329 0.001000
1030.00 P 20281215 481.00 490.00 0 130 0.4335 -0.8467 0.001700
1040.00 C 20281215 52.00 58.85 0 54 0.4363 0.3278 0.001000
1040.00 P 20281215 490.00 500.00 0 19 0.4349 -0.8549 0.001700
1050.00 C 20281215 53.10 57.75 0 182 0.4402 0.3229 0.001000
1050.00 P 20281215 500.00 509.00 0 210 0.4363 -0.8643 0.001700
1060.00 C 20281215 50.85 56.70 0 70 0.4384 0.3180 0.001000
1060.00 P 20281215 509.00 519.00 0 13 0.4373 -0.8734 0.001800
1070.00 C 20281215 51.15 55.25 0 6 0.4402 0.3132 0.001000
1070.00 P 20281215 519.00 528.00 0 4 0.4381 -0.8823 0.001800
1080.00 C 20281215 48.00 53.15 0 348 0.4349 0.3085 0.001000
1080.00 P 20281215 528.00 537.40 0 44 0.4361 -0.8907 0.001800
1090.00 C 20281215 47.95 53.70 0 591 0.4393 0.3039 0.001000
1090.00 P 20281215 538.00 547.00 0 10 0.4387 -0.8986 0.001800
1100.00 C 20281215 46.00 54.50 16 2256 0.4409 0.2993 0.001000
1100.00 P 20281215 547.00 556.00 0 113 0.4316 -0.9060 0.001800
1110.00 C 20281215 46.15 51.75 0 342 0.4399 0.2949 0.000900
1110.00 P 20281215 557.00 566.00 0 6 0.4358 -0.9129 0.001700
1120.00 C 20281215 44.00 50.85 0 27 0.4380 0.2905 0.000900
1120.00 P 20281215 566.00 576.00 0 79 0.4331 -0.9197 0.001700
1130.00 C 20281215 45.55 51.70 0 71 0.4456 0.2862 0.000900
1130.00 P 20281215 576.00 586.00 0 4 0.4372 -0.9264 0.001600
1140.00 C 20281215 44.05 47.55 0 1217 0.4389 0.2819 0.000900
1140.00 P 20281215 586.00 596.00 0 0 0.4413 -0.9329 0.001500
1150.00 C 20281215 41.20 47.00 0 155 0.4360 0.2778 0.000900
1150.00 P 20281215 596.00 605.00 0 0 0.4381 -0.9391 0.001500
1160.00 C 20281215 41.15 48.95 0 344 0.4427 0.2737 0.000900
1160.00 P 20281215 605.00 615.00 0 0 -1.0000 -0.9447 0.001400
1170.00 C 20281215 40.00 47.75 0 199 0.4416 0.2696 0.000900
1170.00 P 20281215 615.00 625.00 0 0 -1.0000 -0.9500 0.001400
1180.00 C 20281215 39.00 45.80 0 517 0.4394 0.2657 0.000900
1180.00 P 20281215 625.00 635.00 0 0 -1.0000 -0.9551 0.001300
1190.00 C 20281215 39.25 46.70 0 24 0.4446 0.2618 0.000900
1190.00 P 20281215 635.00 645.00 0 0 -1.0000 -0.9601 0.001200
1200.00 C 20281215 37.80 44.30 25 741 0.4405 0.2580 0.000900
1200.00 P 20281215 645.00 655.00 0 0 -1.0000 -0.9647 0.001000
1210.00 C 20281215 37.95 44.00 0 34 0.4432 0.2542 0.000900
1210.00 P 20281215 655.00 665.00 0 0 -1.0000 -0.9691 0.000900
1220.00 C 20281215 36.80 42.80 0 84 0.4418 0.2505 0.000900
1220.00 P 20281215 665.00 675.00 0 0 -1.0000 -0.9732 0.000800
1230.00 C 20281215 36.30 42.10 0 8 0.4424 0.2469 0.000900
1230.00 P 20281215 675.00 685.00 0 0 -1.0000 -0.9771 0.000700
1240.00 C 20281215 37.70 41.30 0 17 0.4465 0.2433 0.000800
1240.00 P 20281215 685.00 695.00 0 0 -1.0000 -0.9805 0.000600
1250.00 C 20281215 34.85 39.20 0 1024 0.4398 0.2398 0.000800
1250.00 P 20281215 695.00 705.00 0 0 -1.0000 -0.9836 0.000500
1260.00 C 20281215 34.95 40.05 0 72 0.4444 0.2364 0.000800
1260.00 P 20281215 705.00 715.00 0 0 -1.0000 -0.9858 0.000400
1270.00 C 20281215 34.40 40.95 0 34 0.4479 0.2330 0.000800
1270.00 P 20281215 715.00 725.00 0 0 -1.0000 -0.9880 0.000400
1280.00 C 20281215 33.00 37.50 0 133 0.4411 0.2297 0.000800
1280.00 P 20281215 725.00 735.00 0 0 -1.0000 -0.9901 0.000300
1290.00 C 20281215 32.55 38.15 0 128 0.4442 0.2264 0.000800
1290.00 P 20281215 735.00 745.00 0 0 -1.0000 -0.9922 0.000200
1300.00 C 20281215 32.55 37.20 2 185 0.4450 0.2232 0.000800
1300.00 P 20281215 745.00 755.00 0 0 -1.0000 -0.9942 0.000200
1310.00 C 20281215 33.10 36.80 0 2285 0.4479 0.2200 0.000800
1310.00 P 20281215 755.00 765.00 0 0 -1.0000 -0.9961 0.000100
1320.00 C 20281215 29.55 37.85 0 24 0.4454 0.2169 0.000800
1320.00 P 20281215 765.00 775.00 0 0 -1.0000 -0.9978 0.000100
1330.00 C 20281215 30.95 35.35 0 876 0.4457 0.2139 0.000800
1330.00 P 20281215 775.00 785.00 0 0 -1.0000 -0.9993 0.000000
1340.00 C 20281215 28.00 35.45 0 34 0.4423 0.2109 0.000800
1340.00 P 20281215 785.00 795.00 0 0 -1.0000 -1.0000 0.000000
1350.00 C 20281215 29.20 32.90 0 203 0.4420 0.2079 0.000800
1350.00 P 20281215 795.00 805.00 0 0 -1.0000 -1.0000 0.000000
1360.00 C 20281215 27.40 37.00 0 223 0.4493 0.2050 0.000800
1360.00 P 20281215 805.00 815.00 0 0 -1.0000 -1.0000 0.000000
1370.00 C 20281215 28.20 33.90 0 156 0.4469 0.2022 0.000800
1370.00 P 20281215 815.00 825.00 0 0 -1.0000 -1.0000 0.000000
1380.00 C 20281215 28.40 32.50 0 145 0.4468 0.1993 0.000800
1380.00 P 20281215 825.00 835.00 0 0 -1.0000 -1.0000 0.000000
1390.00 C 20281215 27.85 32.60 0 44 0.4482 0.1966 0.000700
1390.00 P 20281215 835.00 845.00 0 0 -1.0000 -1.0000 0.000000
1400.00 C 20281215 25.40 32.10 190 2284 0.4441 0.1939 0.000700
1400.00 P 20281215 845.00 855.00 0 0 -1.0000 -1.0000 0.000000
1410.00 C 20281215 26.95 31.60 0 169 0.4488 0.1912 0.000700
1410.00 P 20281215 855.00 865.00 0 0 -1.0000 -1.0000 0.000000
1420.00 C 20281215 26.75 32.50 0 62 0.4527 0.1886 0.000700
1420.00 P 20281215 865.00 875.00 0 0 -1.0000 -1.0000 0.000000
1430.00 C 20281215 25.70 30.15 0 44 0.4474 0.1860 0.000700
1430.00 P 20281215 875.00 885.00 0 0 -1.0000 -1.0000 0.000000
1440.00 C 20281215 25.70 28.65 0 81 0.4462 0.1835 0.000700
1440.00 P 20281215 885.00 895.00 0 0 -1.0000 -1.0000 0.000000
1450.00 C 20281215 23.15 29.75 0 1645 0.4452 0.1810 0.000700
1450.00 P 20281215 895.00 905.00 0 0 -1.0000 -1.0000 0.000000
1460.00 C 20281215 25.55 27.75 1 1095 0.4483 0.1785 0.000700
1460.00 P 20281215 905.00 915.00 0 0 -1.0000 -1.0000 0.000000
1470.00 C 20281215 24.25 28.20 0 239 0.4485 0.1761 0.000700
1470.00 P 20281215 915.00 925.00 0 0 -1.0000 -1.0000 0.000000
1480.00 C 20281215 23.35 26.25 57 4678 0.4439 0.1737 0.000700
1480.00 P 20281215 925.00 935.00 0 0 -1.0000 -1.0000 0.000000
