# opt_chain QQQ | epoch 1787500043 | 2026-08-23 11:47:23 | spot 714.2500 | exps 20260824 20260825 20260826 20260827 20260828 20260831 20260901 20260902 20260903 20260904 20260911 20260918
# fuente cboe | spot_src cboe | spot_age 157644 | band 0.6372 | greeks_ok_pct 1.0000 | bidask_ok_pct 1.0000
# delayed y DESIGUAL entre simbolos (fuente_ts 2026-08-21T15:59:59): NO dispara ninguna orden
# strike right exp bid ask vol oi iv delta gamma
495.00 C 20260824 216.29 219.98 2 0 -1.0000 0.9998 0.000000
495.00 P 20260824 0.00 0.01 6 30 1.1835 -0.0001 0.000000
500.00 C 20260824 211.29 214.98 0 0 -1.0000 0.9998 0.000000
500.00 P 20260824 0.00 0.01 616 27 1.1527 -0.0001 0.000000
505.00 C 20260824 206.29 209.98 0 0 -1.0000 0.9998 0.000000
505.00 P 20260824 0.00 0.01 117 15 1.1222 -0.0002 0.000000
510.00 C 20260824 201.29 204.98 0 0 -1.0000 0.9998 0.000000
510.00 P 20260824 0.00 0.01 175 0 1.0920 -0.0002 0.000000
515.00 C 20260824 196.29 199.98 0 0 -1.0000 0.9998 0.000000
515.00 P 20260824 0.00 0.01 737 0 1.0620 -0.0002 0.000000
520.00 C 20260824 191.29 194.98 0 0 -1.0000 0.9998 0.000000
520.00 P 20260824 0.00 0.01 1075 4 1.0323 -0.0002 0.000000
525.00 C 20260824 186.27 189.98 28 28 -1.0000 0.9998 0.000000
525.00 P 20260824 0.00 0.02 965 15 1.0546 -0.0002 0.000000
530.00 C 20260824 181.29 184.95 0 0 -1.0000 0.9998 0.000000
530.00 P 20260824 0.00 0.01 45370 229 0.9736 -0.0002 0.000000
535.00 C 20260824 176.29 179.95 0 0 -1.0000 0.9998 0.000000
535.00 P 20260824 0.00 0.01 39373 137 0.9446 -0.0002 0.000000
540.00 C 20260824 171.29 174.94 0 0 -1.0000 0.9998 0.000000
540.00 P 20260824 0.00 0.01 11980 3 0.9159 -0.0002 0.000000
545.00 C 20260824 166.30 169.99 0 0 -1.0000 0.9998 0.000000
545.00 P 20260824 0.00 0.02 1631 6 0.9338 -0.0002 0.000000
550.00 C 20260824 161.30 164.99 0 0 -1.0000 0.9997 0.000000
550.00 P 20260824 0.00 0.02 0 1 0.9042 -0.0002 0.000000
555.00 C 20260824 156.30 159.99 0 0 -1.0000 0.9997 0.000000
555.00 P 20260824 0.00 0.02 1 0 0.8748 -0.0003 0.000000
560.00 C 20260824 151.30 154.99 0 0 -1.0000 0.9997 0.000000
560.00 P 20260824 0.00 0.02 1 8 0.8456 -0.0003 0.000000
565.00 C 20260824 146.30 149.99 0 0 -1.0000 0.9997 0.000000
565.00 P 20260824 0.00 0.02 0 0 0.8166 -0.0003 0.000000
570.00 C 20260824 141.30 144.99 0 0 -1.0000 0.9997 0.000000
570.00 P 20260824 0.00 0.02 2 1 0.7879 -0.0003 0.000000
575.00 C 20260824 136.30 139.99 0 0 -1.0000 0.9996 0.000000
575.00 P 20260824 0.00 0.02 0 4916 0.7593 -0.0004 0.000000
580.00 C 20260824 131.30 134.99 6 6 -1.0000 0.9996 0.000000
580.00 P 20260824 0.00 0.02 0 1 0.7309 -0.0004 0.000000
585.00 C 20260824 126.30 129.99 0 2 -1.0000 0.9996 0.000000
585.00 P 20260824 0.00 0.02 0 845 0.7027 -0.0004 0.000000
590.00 C 20260824 121.30 124.99 0 0 -1.0000 0.9996 0.000000
590.00 P 20260824 0.00 0.01 14 2040 0.6398 -0.0004 0.000000
595.00 C 20260824 116.30 119.99 0 0 -1.0000 0.9995 0.000000
595.00 P 20260824 0.00 0.02 2 25 0.6468 -0.0005 0.000000
600.00 C 20260824 111.30 114.99 11 10 -1.0000 0.9995 0.000000
600.00 P 20260824 0.00 0.02 132 3387 0.6190 -0.0005 0.000000
605.00 C 20260824 106.30 109.99 0 0 -1.0000 0.9994 0.000100
605.00 P 20260824 0.00 0.02 0 825 0.5913 -0.0006 0.000100
610.00 C 20260824 101.30 104.99 0 2 -1.0000 0.9994 0.000100
610.00 P 20260824 0.00 0.01 7 112 0.5342 -0.0006 0.000100
615.00 C 20260824 96.30 99.99 1 1 -1.0000 0.9993 0.000100
615.00 P 20260824 0.00 0.02 0 1790 0.5368 -0.0007 0.000100
620.00 C 20260824 91.30 94.99 1 11 -1.0000 0.9992 0.000100
620.00 P 20260824 0.00 0.02 129 3121 0.5097 -0.0008 0.000100
625.00 C 20260824 86.30 89.96 0 30 -1.0000 0.9991 0.000100
625.00 P 20260824 0.00 0.02 132 1549 0.4826 -0.0009 0.000100
630.00 C 20260824 81.30 84.96 2 2 -1.0000 0.9990 0.000100
630.00 P 20260824 0.01 0.02 418 57 0.4719 -0.0010 0.000100
635.00 C 20260824 76.31 80.00 0 0 -1.0000 0.9988 0.000100
635.00 P 20260824 0.01 0.02 129 70 0.4443 -0.0012 0.000100
640.00 C 20260824 71.31 75.00 1 31 -1.0000 0.9987 0.000200
640.00 P 20260824 0.01 0.02 12 127 0.4168 -0.0013 0.000200
645.00 C 20260824 66.31 70.00 0 30 -1.0000 0.9985 0.000200
645.00 P 20260824 0.01 0.02 748 237 0.3895 -0.0015 0.000200
650.00 C 20260824 61.31 65.00 5 3 -1.0000 0.9982 0.000200
650.00 P 20260824 0.01 0.02 498 278 0.3622 -0.0018 0.000200
655.00 C 20260824 56.31 60.00 0 0 -1.0000 0.9979 0.000300
655.00 P 20260824 0.01 0.02 596 234 0.3348 -0.0021 0.000300
660.00 C 20260824 51.31 55.00 30 0 -1.0000 0.9974 0.000400
660.00 P 20260824 0.01 0.02 174 433 0.3074 -0.0026 0.000400
665.00 C 20260824 46.31 50.00 4 3 -1.0000 0.9969 0.000500
665.00 P 20260824 0.01 0.02 583 280 0.2801 -0.0031 0.000500
670.00 C 20260824 41.40 45.01 35 8 0.2818 0.9961 0.000700
670.00 P 20260824 0.01 0.02 541 317 0.2527 -0.0039 0.000700
671.00 C 20260824 40.31 44.01 2 0 -1.0000 0.9959 0.000700
671.00 P 20260824 0.01 0.03 310 202 0.2546 -0.0041 0.000700
672.00 C 20260824 39.32 43.01 0 30 0.1956 0.9957 0.000800
672.00 P 20260824 0.02 0.03 70 47 0.2550 -0.0043 0.000800
673.00 C 20260824 38.37 42.01 0 0 0.2504 0.9955 0.000800
673.00 P 20260824 0.02 0.03 255 134 0.2492 -0.0045 0.000800
674.00 C 20260824 37.32 41.01 0 0 0.1836 0.9953 0.000900
674.00 P 20260824 0.02 0.03 256 394 0.2435 -0.0047 0.000900
675.00 C 20260824 36.32 40.01 0 20 0.1774 0.9951 0.000900
675.00 P 20260824 0.02 0.03 395 383 0.2378 -0.0049 0.000900
676.00 C 20260824 35.32 39.01 10 10 0.1711 0.9948 0.001000
676.00 P 20260824 0.02 0.03 122 67 0.2321 -0.0052 0.001000
677.00 C 20260824 34.32 38.01 0 0 0.1646 0.9945 0.001100
677.00 P 20260824 0.02 0.03 525 83 0.2264 -0.0055 0.001100
678.00 C 20260824 34.30 35.75 16 0 -1.0000 0.9942 0.001100
678.00 P 20260824 0.02 0.03 319 306 0.2207 -0.0058 0.001200
679.00 C 20260824 33.28 34.65 0 0 -1.0000 0.9939 0.001200
679.00 P 20260824 0.02 0.03 627 360 0.2150 -0.0062 0.001200
680.00 C 20260824 32.70 33.76 19 24 0.2352 0.9936 0.001300
680.00 P 20260824 0.02 0.03 613 833 0.2092 -0.0065 0.001300
681.00 C 20260824 31.46 32.60 3 0 -1.0000 0.9932 0.001400
681.00 P 20260824 0.02 0.03 98 202 0.2034 -0.0069 0.001400
682.00 C 20260824 30.31 31.75 0 38 -1.0000 0.9928 0.001500
682.00 P 20260824 0.02 0.03 909 754 0.1977 -0.0073 0.001500
683.00 C 20260824 29.28 30.75 3 1 -1.0000 0.9923 0.001600
683.00 P 20260824 0.02 0.04 876 656 0.1960 -0.0078 0.001700
684.00 C 20260824 28.35 29.75 0 15 -1.0000 0.9918 0.001800
684.00 P 20260824 0.02 0.04 266 584 0.1901 -0.0083 0.001800
685.00 C 20260824 27.35 28.60 0 41 -1.0000 0.9912 0.002000
685.00 P 20260824 0.02 0.04 1335 1183 0.1843 -0.0089 0.002000
686.00 C 20260824 26.37 27.66 0 7 -1.0000 0.9905 0.002100
686.00 P 20260824 0.02 0.04 420 824 0.1784 -0.0096 0.002200
687.00 C 20260824 25.45 26.61 10 10 -1.0000 0.9898 0.002400
687.00 P 20260824 0.03 0.04 1697 597 0.1757 -0.0102 0.002300
688.00 C 20260824 24.07 25.76 0 2 -1.0000 0.9889 0.002600
688.00 P 20260824 0.03 0.04 549 648 0.1696 -0.0111 0.002600
689.00 C 20260824 23.35 24.76 10 10 -1.0000 0.9878 0.002900
689.00 P 20260824 0.03 0.05 1111 835 0.1664 -0.0121 0.002900
690.00 C 20260824 22.70 23.76 75 37 0.1709 0.9866 0.003200
690.00 P 20260824 0.04 0.05 3376 1115 0.1628 -0.0134 0.003200
691.00 C 20260824 21.42 22.68 0 1 -1.0000 0.9851 0.003600
691.00 P 20260824 0.04 0.06 1210 468 0.1589 -0.0149 0.003600
692.00 C 20260824 20.72 21.80 22 100 0.1674 0.9832 0.004100
692.00 P 20260824 0.05 0.06 1967 486 0.1546 -0.0168 0.004100
693.00 C 20260824 19.50 20.64 2 2 -1.0000 0.9809 0.004700
693.00 P 20260824 0.05 0.07 1558 555 0.1502 -0.0192 0.004700
694.00 C 20260824 18.45 21.06 0 2 0.2232 0.9780 0.005400
694.00 P 20260824 0.06 0.08 1547 2610 0.1486 -0.0221 0.005400
695.00 C 20260824 17.41 18.67 28 31 -1.0000 0.9744 0.006300
695.00 P 20260824 0.08 0.09 4141 999 0.1446 -0.0256 0.006300
696.00 C 20260824 16.50 17.66 0 2 -1.0000 0.9698 0.007400
696.00 P 20260824 0.09 0.10 2775 642 0.1407 -0.0300 0.007300
697.00 C 20260824 15.45 18.12 5 15 0.1990 0.9642 0.008600
697.00 P 20260824 0.11 0.13 1496 758 0.1389 -0.0358 0.008600
698.00 C 20260824 14.62 15.71 34 18 -1.0000 0.9573 0.010100
698.00 P 20260824 0.14 0.15 1824 556 0.1367 -0.0425 0.010100
699.00 C 20260824 13.53 16.18 200 3 0.1863 0.9488 0.011900
699.00 P 20260824 0.17 0.19 1725 438 0.1346 -0.0512 0.012000
700.00 C 20260824 13.11 13.76 597 97 0.1382 0.9386 0.014000
700.00 P 20260824 0.22 0.23 11179 3691 0.1330 -0.0616 0.014100
701.00 C 20260824 11.94 12.80 81 70 0.1221 0.9262 0.016400
701.00 P 20260824 0.26 0.28 3482 767 0.1308 -0.0740 0.016500
702.00 C 20260824 11.06 11.83 24 96 0.1227 0.9116 0.019200
702.00 P 20260824 0.33 0.34 5861 612 0.1290 -0.0887 0.019200
703.00 C 20260824 10.22 10.71 300 225 0.1162 0.8943 0.022200
703.00 P 20260824 0.40 0.42 7082 508 0.1264 -0.1060 0.022300
704.00 C 20260824 9.31 9.93 129 97 0.1207 0.8740 0.025600
704.00 P 20260824 0.49 0.52 4277 715 0.1243 -0.1263 0.025700
705.00 C 20260824 8.40 9.03 519 176 0.1180 0.8505 0.029300
705.00 P 20260824 0.60 0.62 13842 3566 0.1222 -0.1500 0.029400
706.00 C 20260824 7.81 7.97 402 96 0.1193 0.8233 0.033300
706.00 P 20260824 0.73 0.75 4865 543 0.1203 -0.1773 0.033400
707.00 C 20260824 6.97 7.12 575 117 0.1169 0.7922 0.037400
707.00 P 20260824 0.88 0.91 6657 728 0.1177 -0.2086 0.037700
708.00 C 20260824 6.16 6.31 1537 241 0.1150 0.7568 0.041800
708.00 P 20260824 1.06 1.08 6560 981 0.1153 -0.2443 0.042000
709.00 C 20260824 5.38 5.52 2252 440 0.1126 0.7168 0.046100
709.00 P 20260824 1.27 1.30 6145 547 0.1128 -0.2846 0.046400
710.00 C 20260824 4.66 4.71 13456 1538 0.1103 0.6722 0.050300
710.00 P 20260824 1.53 1.56 54795 1760 0.1104 -0.3296 0.050700
711.00 C 20260824 3.97 4.04 14972 1178 0.1076 0.6229 0.054000
711.00 P 20260824 1.83 1.87 20545 1691 0.1083 -0.3793 0.054500
712.00 C 20260824 3.34 3.36 28357 1243 0.1056 0.5692 0.057100
712.00 P 20260824 2.19 2.22 27632 1281 0.1061 -0.4335 0.057600
713.00 C 20260824 2.76 2.78 48853 1218 0.1037 0.5119 0.059200
713.00 P 20260824 2.60 2.64 42608 792 0.1039 -0.4915 0.059700
714.00 C 20260824 2.24 2.27 35280 820 0.1019 0.4520 0.059900
714.00 P 20260824 3.07 3.10 36988 971 0.1018 -0.5520 0.060400
715.00 C 20260824 1.76 1.81 40823 1705 0.1004 0.3915 0.059000
715.00 P 20260824 3.60 3.66 14631 1994 0.1001 -0.6131 0.059500
716.00 C 20260824 1.37 1.40 15211 821 0.0987 0.3322 0.056500
716.00 P 20260824 4.18 4.27 5562 1999 0.0979 -0.6730 0.056900
717.00 C 20260824 1.05 1.07 11285 1017 0.0971 0.2757 0.052600
717.00 P 20260824 4.84 4.97 2892 1410 0.0967 -0.7299 0.052900
718.00 C 20260824 0.79 0.80 12320 1152 0.0960 0.2231 0.047600
718.00 P 20260824 5.56 5.70 1224 1084 0.0947 -0.7828 0.047700
719.00 C 20260824 0.57 0.58 8855 685 0.0949 0.1755 0.041700
719.00 P 20260824 6.34 6.49 497 871 0.0926 -0.8305 0.041600
720.00 C 20260824 0.40 0.42 25813 2464 0.0943 0.1340 0.035400
720.00 P 20260824 7.06 7.25 1452 2546 0.0832 -0.8718 0.035100
721.00 C 20260824 0.28 0.29 4991 705 0.0935 0.0996 0.029000
721.00 P 20260824 7.67 8.25 171 552 0.0656 -0.9060 0.028500
722.00 C 20260824 0.19 0.20 4938 1146 0.0930 0.0723 0.023000
722.00 P 20260824 8.61 9.41 522 486 0.0823 -0.9326 0.022300
723.00 C 20260824 0.12 0.13 3310 393 0.0918 0.0521 0.017800
723.00 P 20260824 9.21 10.39 171 216 -1.0000 -0.9522 0.017100
724.00 C 20260824 0.08 0.09 3424 439 0.0922 0.0377 0.013600
724.00 P 20260824 10.22 11.30 133 285 -1.0000 -0.9660 0.012900
725.00 C 20260824 0.06 0.07 13770 2511 0.0946 0.0278 0.010400
725.00 P 20260824 11.14 12.48 152 194 -1.0000 -0.9753 0.009800
726.00 C 20260824 0.04 0.05 2406 989 0.0956 0.0212 0.008100
726.00 P 20260824 11.68 14.76 23 26 0.1398 -0.9814 0.007500
727.00 C 20260824 0.02 0.04 1390 411 0.0961 0.0165 0.006400
727.00 P 20260824 13.02 15.76 95 11 0.1647 -0.9857 0.005900
728.00 C 20260824 0.02 0.03 2726 5402 0.0996 0.0131 0.005100
728.00 P 20260824 14.05 16.76 40 11 0.1746 -0.9886 0.004700
729.00 C 20260824 0.01 0.03 1636 291 0.1024 0.0108 0.004200
729.00 P 20260824 15.02 17.78 96 39 0.1825 -0.9908 0.003800
730.00 C 20260824 0.01 0.02 5605 2207 0.1044 0.0090 0.003400
730.00 P 20260824 16.08 18.78 51 26 0.1937 -0.9924 0.003100
731.00 C 20260824 0.01 0.02 2308 521 0.1098 0.0076 0.002900
731.00 P 20260824 17.01 19.76 1 7 0.1976 -0.9936 0.002600
732.00 C 20260824 0.00 0.02 983 773 0.1102 0.0063 0.002400
732.00 P 20260824 18.02 20.76 4 7 0.2062 -0.9946 0.002100
733.00 C 20260824 0.00 0.02 269 471 0.1154 0.0054 0.002000
733.00 P 20260824 18.73 21.76 0 0 0.1975 -0.9954 0.001800
734.00 C 20260824 0.00 0.02 566 2218 0.1205 0.0047 0.001700
734.00 P 20260824 20.07 22.76 5 6 0.2249 -0.9960 0.001500
735.00 C 20260824 0.01 0.02 824 3900 0.1311 0.0041 0.001500
735.00 P 20260824 20.70 23.76 2 1 0.2105 -0.9965 0.001300
736.00 C 20260824 0.01 0.02 585 901 0.1363 0.0036 0.001300
736.00 P 20260824 21.71 24.76 4 0 0.2186 -0.9970 0.001100
737.00 C 20260824 0.00 0.01 34 535 0.1268 0.0032 0.001100
737.00 P 20260824 22.70 25.76 0 1 0.2252 -0.9974 0.001000
738.00 C 20260824 0.00 0.01 80 300 0.1316 0.0028 0.001000
738.00 P 20260824 24.01 26.69 0 0 0.2485 -0.9976 0.000900
739.00 C 20260824 0.00 0.01 71 218 0.1363 0.0026 0.000900
739.00 P 20260824 25.08 27.69 0 0 0.2604 -0.9979 0.000800
740.00 C 20260824 0.00 0.01 925 6032 0.1410 0.0023 0.000800
740.00 P 20260824 25.70 28.76 1 3 0.2469 -0.9981 0.000700
741.00 C 20260824 0.00 0.01 13 283 0.1457 0.0021 0.000700
741.00 P 20260824 26.70 29.76 2 2 0.2540 -0.9983 0.000600
742.00 C 20260824 0.00 0.01 71 6025 0.1503 0.0019 0.000600
742.00 P 20260824 27.70 30.76 0 0 0.2611 -0.9985 0.000500
743.00 C 20260824 0.00 0.01 0 479 0.1550 0.0017 0.000600
743.00 P 20260824 28.70 31.76 0 0 0.2681 -0.9986 0.000500
744.00 C 20260824 0.00 0.01 13 196 0.1596 0.0016 0.000500
744.00 P 20260824 29.70 32.76 0 0 0.2751 -0.9987 0.000400
745.00 C 20260824 0.00 0.01 66 474 0.1642 0.0014 0.000400
745.00 P 20260824 30.70 33.76 0 0 0.2820 -0.9988 0.000400
746.00 C 20260824 0.00 0.01 1 214 0.1688 0.0013 0.000400
746.00 P 20260824 31.70 34.76 0 0 0.2890 -0.9989 0.000300
747.00 C 20260824 0.00 0.01 0 30 0.1733 0.0012 0.000400
747.00 P 20260824 32.70 35.76 0 0 0.2958 -0.9990 0.000300
748.00 C 20260824 0.00 0.01 109 178 0.1779 0.0011 0.000300
748.00 P 20260824 33.69 36.76 0 0 0.3018 -0.9991 0.000300
749.00 C 20260824 0.00 0.01 0 57 0.1824 0.0010 0.000300
749.00 P 20260824 34.07 37.76 0 0 -1.0000 -0.9992 0.000300
750.00 C 20260824 0.00 0.01 52 425 0.1869 0.0010 0.000300
750.00 P 20260824 35.07 38.76 0 0 -1.0000 -0.9992 0.000200
751.00 C 20260824 0.00 0.01 0 266 0.1914 0.0009 0.000200
751.00 P 20260824 36.07 39.76 0 0 -1.0000 -0.9993 0.000200
752.00 C 20260824 0.00 0.01 0 101 0.1959 0.0008 0.000200
752.00 P 20260824 37.07 40.76 0 1 -1.0000 -0.9994 0.000200
753.00 C 20260824 0.00 0.01 3 73 0.2003 0.0008 0.000200
753.00 P 20260824 38.07 41.76 0 0 -1.0000 -0.9994 0.000200
754.00 C 20260824 0.00 0.01 0 143 0.2048 0.0007 0.000200
754.00 P 20260824 39.07 42.76 0 0 -1.0000 -0.9994 0.000200
755.00 C 20260824 0.00 0.01 0 371 0.2092 0.0007 0.000200
755.00 P 20260824 40.07 43.76 0 0 -1.0000 -0.9995 0.000100
756.00 C 20260824 0.00 0.01 0 145 0.2137 0.0006 0.000200
756.00 P 20260824 41.07 44.76 0 0 -1.0000 -0.9995 0.000100
757.00 C 20260824 0.00 0.01 0 220 0.2181 0.0006 0.000200
757.00 P 20260824 42.07 45.76 0 0 -1.0000 -0.9995 0.000100
758.00 C 20260824 0.00 0.01 0 63 0.2225 0.0006 0.000100
758.00 P 20260824 43.07 46.76 0 0 -1.0000 -0.9996 0.000100
759.00 C 20260824 0.00 0.01 0 79 0.2269 0.0005 0.000100
759.00 P 20260824 44.07 47.76 0 0 -1.0000 -0.9996 0.000100
760.00 C 20260824 0.00 0.01 2 427 0.2313 0.0005 0.000100
760.00 P 20260824 45.07 48.76 0 0 -1.0000 -0.9996 0.000100
765.00 C 20260824 0.00 0.01 0 773 0.2530 0.0004 0.000100
765.00 P 20260824 50.07 53.76 0 0 -1.0000 -0.9997 0.000100
770.00 C 20260824 0.00 0.01 0 234 0.2744 0.0003 0.000100
770.00 P 20260824 55.07 58.76 0 0 -1.0000 -0.9998 0.000000
775.00 C 20260824 0.00 0.01 0 113 0.2956 0.0002 0.000000
775.00 P 20260824 60.07 63.76 2 0 -1.0000 -0.9998 0.000000
780.00 C 20260824 0.00 0.01 0 639 0.3165 0.0002 0.000000
780.00 P 20260824 65.07 68.76 0 0 -1.0000 -0.9999 0.000000
785.00 C 20260824 0.00 0.01 0 7 0.3371 0.0001 0.000000
785.00 P 20260824 70.07 73.76 0 0 -1.0000 -0.9999 0.000000
790.00 C 20260824 0.00 0.01 0 4 0.3575 0.0001 0.000000
790.00 P 20260824 75.07 78.76 0 0 -1.0000 -0.9999 0.000000
795.00 C 20260824 0.00 0.01 0 1 0.3777 0.0001 0.000000
795.00 P 20260824 80.07 83.76 0 0 -1.0000 -0.9999 0.000000
800.00 C 20260824 0.00 0.01 0 70 0.3978 0.0001 0.000000
800.00 P 20260824 85.07 88.76 0 0 -1.0000 -1.0000 0.000000
805.00 C 20260824 0.00 0.01 0 0 0.4176 0.0000 0.000000
805.00 P 20260824 90.07 93.76 0 0 -1.0000 -1.0000 0.000000
810.00 C 20260824 0.00 0.01 0 3 0.4371 0.0000 0.000000
810.00 P 20260824 95.07 98.76 0 0 -1.0000 -1.0000 0.000000
815.00 C 20260824 0.00 0.01 0 2 0.4565 0.0000 0.000000
815.00 P 20260824 100.07 103.76 0 0 -1.0000 -1.0000 0.000000
820.00 C 20260824 0.00 0.01 0 0 0.4758 0.0000 0.000000
820.00 P 20260824 105.07 108.76 0 0 -1.0000 -1.0000 0.000000
825.00 C 20260824 0.00 0.01 0 2 0.4948 0.0000 0.000000
825.00 P 20260824 110.07 113.76 0 0 -1.0000 -1.0000 0.000000
830.00 C 20260824 0.00 0.01 0 0 0.5137 0.0000 0.000000
830.00 P 20260824 115.07 118.76 0 0 -1.0000 -1.0000 0.000000
835.00 C 20260824 0.00 0.01 0 2 0.5324 0.0000 0.000000
835.00 P 20260824 120.07 123.76 0 0 -1.0000 -1.0000 0.000000
840.00 C 20260824 0.00 0.01 0 1 0.5509 0.0000 0.000000
840.00 P 20260824 125.07 128.76 0 0 -1.0000 -1.0000 0.000000
845.00 C 20260824 0.00 0.01 0 0 0.5693 0.0000 0.000000
845.00 P 20260824 130.07 133.76 0 0 -1.0000 -1.0000 0.000000
850.00 C 20260824 0.00 0.01 0 0 0.5873 0.0000 0.000000
850.00 P 20260824 135.07 138.76 0 0 -1.0000 -1.0000 0.000000
855.00 C 20260824 0.00 0.01 0 0 0.6056 0.0000 0.000000
855.00 P 20260824 140.07 143.76 0 0 -1.0000 -1.0000 0.000000
860.00 C 20260824 0.00 0.01 0 0 0.6235 0.0000 0.000000
860.00 P 20260824 145.07 148.76 0 0 -1.0000 -1.0000 0.000000
865.00 C 20260824 0.00 0.01 0 0 0.6413 0.0000 0.000000
865.00 P 20260824 150.07 153.76 0 0 -1.0000 -1.0000 0.000000
870.00 C 20260824 0.00 0.01 0 0 0.6589 0.0000 0.000000
870.00 P 20260824 155.07 158.76 0 0 -1.0000 -1.0000 0.000000
875.00 C 20260824 0.00 0.01 0 0 0.6764 0.0000 0.000000
875.00 P 20260824 160.07 163.76 0 0 -1.0000 -1.0000 0.000000
880.00 C 20260824 0.00 0.01 0 1 0.6937 0.0000 0.000000
880.00 P 20260824 165.07 168.76 0 0 -1.0000 -1.0000 0.000000
885.00 C 20260824 0.00 0.01 0 0 0.7110 0.0000 0.000000
885.00 P 20260824 170.07 173.76 0 0 -1.0000 -1.0000 0.000000
890.00 C 20260824 0.00 0.01 0 0 0.7281 0.0000 0.000000
890.00 P 20260824 175.07 178.76 0 0 -1.0000 -1.0000 0.000000
895.00 C 20260824 0.00 0.01 0 0 0.7450 0.0000 0.000000
895.00 P 20260824 180.07 183.76 0 0 -1.0000 -1.0000 0.000000
900.00 C 20260824 0.00 0.01 0 0 0.7619 0.0000 0.000000
900.00 P 20260824 185.07 188.76 0 0 -1.0000 -1.0000 0.000000
905.00 C 20260824 0.00 0.01 0 0 0.7786 0.0000 0.000000
905.00 P 20260824 190.07 193.76 0 0 -1.0000 -1.0000 0.000000
910.00 C 20260824 0.00 0.01 0 0 0.7952 0.0000 0.000000
910.00 P 20260824 195.07 198.76 0 0 -1.0000 -1.0000 0.000000
915.00 C 20260824 0.00 0.01 0 0 0.8117 0.0000 0.000000
915.00 P 20260824 200.07 203.76 0 0 -1.0000 -1.0000 0.000000
920.00 C 20260824 0.00 0.01 0 0 0.8280 0.0000 0.000000
920.00 P 20260824 205.07 208.76 0 0 -1.0000 -1.0000 0.000000
925.00 C 20260824 0.00 0.01 0 0 0.8443 0.0000 0.000000
925.00 P 20260824 210.07 213.76 0 0 -1.0000 -1.0000 0.000000
930.00 C 20260824 0.00 0.01 0 0 0.8604 0.0000 0.000000
930.00 P 20260824 215.07 218.76 0 0 -1.0000 -1.0000 0.000000
935.00 C 20260824 0.00 0.01 0 0 0.8764 0.0000 0.000000
935.00 P 20260824 220.07 223.76 0 0 -1.0000 -1.0000 0.000000
940.00 C 20260824 0.00 0.01 0 0 0.8923 0.0000 0.000000
940.00 P 20260824 225.07 228.76 0 0 -1.0000 -1.0000 0.000000
945.00 C 20260824 0.00 0.01 0 0 0.9081 0.0000 0.000000
945.00 P 20260824 230.07 233.76 0 0 -1.0000 -1.0000 0.000000
950.00 C 20260824 0.00 0.01 0 0 0.9238 0.0000 0.000000
950.00 P 20260824 235.07 238.76 0 0 -1.0000 -1.0000 0.000000
495.00 C 20260825 216.35 220.04 0 0 -1.0000 0.9995 0.000000
495.00 P 20260825 0.00 0.02 90 500 1.0253 -0.0005 0.000000
500.00 C 20260825 211.35 215.01 0 0 -1.0000 0.9995 0.000000
500.00 P 20260825 0.00 0.01 0 1665 0.9987 -0.0005 0.000000
505.00 C 20260825 206.35 210.04 8 0 -1.0000 0.9994 0.000000
505.00 P 20260825 0.00 0.02 2 0 1.0218 -0.0005 0.000000
510.00 C 20260825 201.35 205.04 0 0 -1.0000 0.9994 0.000000
510.00 P 20260825 0.00 0.02 2 0 0.9945 -0.0006 0.000000
515.00 C 20260825 196.35 200.04 0 0 -1.0000 0.9994 0.000000
515.00 P 20260825 0.00 0.02 0 0 0.9673 -0.0006 0.000000
520.00 C 20260825 191.35 195.01 0 0 -1.0000 0.9994 0.000000
520.00 P 20260825 0.00 0.02 336 0 0.9405 -0.0006 0.000000
525.00 C 20260825 186.35 190.01 28 0 -1.0000 0.9994 0.000000
525.00 P 20260825 0.00 0.02 0 0 0.9139 -0.0006 0.000000
530.00 C 20260825 181.36 185.05 0 0 -1.0000 0.9993 0.000000
530.00 P 20260825 0.00 0.02 0 2133 0.8874 -0.0007 0.000000
535.00 C 20260825 176.36 180.01 0 0 -1.0000 0.9993 0.000000
535.00 P 20260825 0.00 0.02 0 0 0.8612 -0.0007 0.000000
540.00 C 20260825 171.36 175.05 0 0 -1.0000 0.9992 0.000000
540.00 P 20260825 0.00 0.03 1 0 0.8621 -0.0007 0.000000
545.00 C 20260825 166.36 170.05 0 0 -1.0000 0.9992 0.000000
545.00 P 20260825 0.01 0.02 8 10 0.8354 -0.0008 0.000000
550.00 C 20260825 161.36 165.05 0 0 -1.0000 0.9992 0.000000
550.00 P 20260825 0.01 0.03 10 0 0.8286 -0.0008 0.000000
555.00 C 20260825 156.36 160.05 0 0 -1.0000 0.9991 0.000000
555.00 P 20260825 0.01 0.03 5 21 0.8018 -0.0009 0.000000
560.00 C 20260825 151.36 155.05 0 0 -1.0000 0.9991 0.000000
560.00 P 20260825 0.01 0.03 1 16 0.7753 -0.0009 0.000000
565.00 C 20260825 146.36 150.05 0 0 -1.0000 0.9990 0.000100
565.00 P 20260825 0.01 0.03 0 0 0.7489 -0.0010 0.000100
570.00 C 20260825 141.36 145.02 0 0 -1.0000 0.9990 0.000100
570.00 P 20260825 0.01 0.03 0 0 0.7227 -0.0010 0.000100
575.00 C 20260825 136.37 140.06 0 0 -1.0000 0.9989 0.000100
575.00 P 20260825 0.01 0.03 0 0 0.6967 -0.0011 0.000100
580.00 C 20260825 131.37 135.06 6 0 -1.0000 0.9988 0.000100
580.00 P 20260825 0.01 0.03 0 1767 0.6708 -0.0012 0.000100
585.00 C 20260825 126.37 130.06 0 0 -1.0000 0.9987 0.000100
585.00 P 20260825 0.01 0.03 0 405 0.6451 -0.0012 0.000100
590.00 C 20260825 121.37 125.06 0 0 -1.0000 0.9986 0.000100
590.00 P 20260825 0.01 0.02 0 0 0.6043 -0.0013 0.000100
595.00 C 20260825 116.37 120.06 0 0 -1.0000 0.9986 0.000100
595.00 P 20260825 0.01 0.03 2 45 0.5942 -0.0014 0.000100
600.00 C 20260825 111.37 115.06 0 0 -1.0000 0.9984 0.000100
600.00 P 20260825 0.01 0.03 3 1196 0.5689 -0.0016 0.000100
605.00 C 20260825 106.37 110.06 0 0 -1.0000 0.9983 0.000100
605.00 P 20260825 0.01 0.03 12 0 0.5438 -0.0017 0.000100
610.00 C 20260825 101.38 105.07 0 0 -1.0000 0.9982 0.000100
610.00 P 20260825 0.01 0.03 44 937 0.5188 -0.0018 0.000100
615.00 C 20260825 96.38 100.08 0 0 -1.0000 0.9980 0.000200
615.00 P 20260825 0.01 0.03 10 17 0.4939 -0.0020 0.000200
620.00 C 20260825 91.38 95.07 0 0 -1.0000 0.9978 0.000200
620.00 P 20260825 0.01 0.03 2 0 0.4692 -0.0022 0.000200
625.00 C 20260825 86.38 90.07 0 0 -1.0000 0.9975 0.000200
625.00 P 20260825 0.01 0.03 4 4 0.4445 -0.0024 0.000200
630.00 C 20260825 81.38 85.07 0 0 -1.0000 0.9973 0.000300
630.00 P 20260825 0.02 0.04 5 94 0.4367 -0.0027 0.000300
635.00 C 20260825 76.39 80.08 0 0 -1.0000 0.9970 0.000300
635.00 P 20260825 0.02 0.04 11 12 0.4114 -0.0030 0.000300
640.00 C 20260825 71.39 75.08 0 0 -1.0000 0.9966 0.000400
640.00 P 20260825 0.02 0.04 1 42 0.3862 -0.0034 0.000400
645.00 C 20260825 66.39 70.08 1 0 -1.0000 0.9961 0.000400
645.00 P 20260825 0.02 0.04 3 80 0.3610 -0.0039 0.000400
650.00 C 20260825 61.40 65.09 0 4 0.2663 0.9955 0.000500
650.00 P 20260825 0.02 0.04 110 2454 0.3359 -0.0045 0.000500
655.00 C 20260825 56.40 60.10 0 0 0.2669 0.9948 0.000600
655.00 P 20260825 0.03 0.04 34 578 0.3160 -0.0052 0.000600
660.00 C 20260825 51.41 55.10 0 40 0.2558 0.9939 0.000800
660.00 P 20260825 0.03 0.05 27 356 0.2952 -0.0061 0.000800
665.00 C 20260825 46.42 50.11 0 1 0.2479 0.9926 0.001000
665.00 P 20260825 0.03 0.05 65 291 0.2695 -0.0074 0.001000
670.00 C 20260825 41.43 45.09 0 2 0.2150 0.9909 0.001300
670.00 P 20260825 0.04 0.06 132 2345 0.2503 -0.0090 0.001300
671.00 C 20260825 40.44 44.13 0 0 0.2363 0.9905 0.001400
671.00 P 20260825 0.04 0.06 36 108 0.2450 -0.0094 0.001400
672.00 C 20260825 39.44 43.13 0 0 0.2310 0.9901 0.001400
672.00 P 20260825 0.04 0.06 78 743 0.2395 -0.0099 0.001400
673.00 C 20260825 38.44 42.12 0 66 0.2219 0.9896 0.001500
673.00 P 20260825 0.05 0.06 360 199 0.2370 -0.0104 0.001500
674.00 C 20260825 37.45 41.14 0 0 0.2269 0.9891 0.001600
674.00 P 20260825 0.05 0.07 14 35 0.2342 -0.0109 0.001600
675.00 C 20260825 36.45 40.15 15 0 0.2243 0.9886 0.001700
675.00 P 20260825 0.05 0.07 128 386 0.2288 -0.0114 0.001700
676.00 C 20260825 35.46 39.15 0 0 0.2215 0.9880 0.001800
676.00 P 20260825 0.05 0.07 41 369 0.2234 -0.0120 0.001800
677.00 C 20260825 34.44 38.12 15 0 0.2010 0.9873 0.002000
677.00 P 20260825 0.06 0.08 169 1019 0.2226 -0.0127 0.002000
678.00 C 20260825 33.47 35.68 0 0 -1.0000 0.9866 0.002100
678.00 P 20260825 0.06 0.08 35 293 0.2171 -0.0134 0.002100
679.00 C 20260825 32.47 34.85 0 1 -1.0000 0.9857 0.002200
679.00 P 20260825 0.07 0.09 39 120 0.2154 -0.0143 0.002200
680.00 C 20260825 31.55 33.85 1 34 -1.0000 0.9848 0.002400
680.00 P 20260825 0.07 0.09 1131 550 0.2098 -0.0152 0.002400
681.00 C 20260825 30.49 32.86 0 0 -1.0000 0.9837 0.002600
681.00 P 20260825 0.08 0.10 39 55 0.2077 -0.0163 0.002600
682.00 C 20260825 29.49 31.86 0 38 -1.0000 0.9824 0.002800
682.00 P 20260825 0.08 0.10 185 109 0.2020 -0.0176 0.002800
683.00 C 20260825 28.50 30.87 1 0 -1.0000 0.9809 0.003100
683.00 P 20260825 0.09 0.11 130 391 0.1994 -0.0191 0.003100
684.00 C 20260825 27.51 29.88 0 1 -1.0000 0.9792 0.003400
684.00 P 20260825 0.10 0.12 71 321 0.1964 -0.0208 0.003400
685.00 C 20260825 26.52 28.89 0 3 -1.0000 0.9772 0.003700
685.00 P 20260825 0.10 0.13 260 1551 0.1918 -0.0228 0.003700
686.00 C 20260825 25.53 27.90 1 0 -1.0000 0.9750 0.004100
686.00 P 20260825 0.11 0.14 132 114 0.1884 -0.0251 0.004100
687.00 C 20260825 24.54 28.21 0 1 0.1822 0.9723 0.004500
687.00 P 20260825 0.13 0.14 261 162 0.1849 -0.0277 0.004500
688.00 C 20260825 23.56 27.22 0 0 0.1795 0.9693 0.005000
688.00 P 20260825 0.15 0.16 303 183 0.1830 -0.0307 0.005000
689.00 C 20260825 22.57 26.24 5 0 0.1764 0.9659 0.005600
689.00 P 20260825 0.16 0.17 204 356 0.1788 -0.0341 0.005600
690.00 C 20260825 21.94 25.26 67 80 0.1991 0.9621 0.006200
690.00 P 20260825 0.18 0.20 568 3564 0.1768 -0.0380 0.006200
691.00 C 20260825 20.64 24.28 0 1 0.1734 0.9577 0.006800
691.00 P 20260825 0.21 0.23 316 199 0.1751 -0.0424 0.006800
692.00 C 20260825 21.17 21.91 2 5 0.1779 0.9527 0.007600
692.00 P 20260825 0.23 0.25 669 345 0.1716 -0.0474 0.007600
693.00 C 20260825 20.21 20.92 6 7 0.1741 0.9471 0.008400
693.00 P 20260825 0.26 0.29 274 272 0.1695 -0.0530 0.008500
694.00 C 20260825 17.89 21.37 0 0 0.1743 0.9408 0.009400
694.00 P 20260825 0.30 0.32 498 680 0.1669 -0.0594 0.009400
695.00 C 20260825 18.28 18.92 0 37 0.1640 0.9336 0.010400
695.00 P 20260825 0.34 0.36 742 368 0.1643 -0.0666 0.010500
696.00 C 20260825 17.37 19.45 0 4 0.2174 0.9254 0.011600
696.00 P 20260825 0.38 0.41 304 343 0.1619 -0.0745 0.011600
697.00 C 20260825 16.39 16.99 0 27 0.1582 0.9162 0.012800
697.00 P 20260825 0.43 0.46 325 283 0.1591 -0.0838 0.012900
698.00 C 20260825 15.48 16.05 2 0 0.1569 0.9057 0.014200
698.00 P 20260825 0.50 0.52 1143 854 0.1570 -0.0942 0.014300
699.00 C 20260825 14.56 15.12 20 15 0.1548 0.8939 0.015800
699.00 P 20260825 0.57 0.59 453 286 0.1544 -0.1064 0.015800
700.00 C 20260825 13.64 14.11 110 101 0.1493 0.8805 0.017400
700.00 P 20260825 0.66 0.68 3456 2007 0.1523 -0.1198 0.017500
701.00 C 20260825 12.71 13.18 2 0 0.1457 0.8654 0.019200
701.00 P 20260825 0.73 0.78 641 644 0.1499 -0.1346 0.019300
702.00 C 20260825 11.83 12.42 37 47 0.1480 0.8484 0.021200
702.00 P 20260825 0.86 0.88 485 254 0.1479 -0.1520 0.021300
703.00 C 20260825 10.97 11.47 242 9 0.1442 0.8295 0.023200
703.00 P 20260825 0.96 1.01 641 268 0.1454 -0.1707 0.023300
704.00 C 20260825 10.13 10.60 20 28 0.1423 0.8084 0.025400
704.00 P 20260825 1.10 1.16 742 627 0.1434 -0.1919 0.025400
705.00 C 20260825 9.26 9.75 86 382 0.1393 0.7851 0.027600
705.00 P 20260825 1.27 1.32 5626 2522 0.1412 -0.2153 0.027700
706.00 C 20260825 8.48 8.90 35 17 0.1373 0.7594 0.029800
706.00 P 20260825 1.44 1.50 1098 392 0.1387 -0.2416 0.030000
707.00 C 20260825 7.67 8.05 62 144 0.1338 0.7314 0.032100
707.00 P 20260825 1.65 1.71 775 693 0.1367 -0.2698 0.032300
708.00 C 20260825 6.97 7.44 173 62 0.1361 0.7010 0.034300
708.00 P 20260825 1.89 1.94 1183 508 0.1346 -0.3005 0.034600
709.00 C 20260825 6.34 6.48 376 313 0.1318 0.6681 0.036500
709.00 P 20260825 2.15 2.20 1975 477 0.1323 -0.3336 0.036800
710.00 C 20260825 5.65 5.77 2399 766 0.1299 0.6329 0.038500
710.00 P 20260825 2.43 2.50 7455 1569 0.1300 -0.3693 0.038800
711.00 C 20260825 4.98 5.11 2773 503 0.1285 0.5953 0.040300
711.00 P 20260825 2.77 2.85 3332 277 0.1283 -0.4072 0.040700
712.00 C 20260825 4.37 4.49 4067 784 0.1264 0.5555 0.041800
712.00 P 20260825 3.14 3.23 3902 598 0.1263 -0.4476 0.042200
713.00 C 20260825 3.80 3.89 2773 518 0.1246 0.5137 0.042900
713.00 P 20260825 3.57 3.64 4188 320 0.1245 -0.4900 0.043400
714.00 C 20260825 3.27 3.34 3687 560 0.1228 0.4704 0.043500
714.00 P 20260825 4.06 4.11 2132 435 0.1226 -0.5338 0.044000
715.00 C 20260825 2.78 2.82 5349 416 0.1210 0.4264 0.043400
715.00 P 20260825 4.52 4.66 1972 426 0.1212 -0.5786 0.044000
716.00 C 20260825 2.34 2.40 6397 2452 0.1196 0.3825 0.042700
716.00 P 20260825 5.10 5.22 965 299 0.1202 -0.6231 0.043300
717.00 C 20260825 1.95 2.00 2127 605 0.1182 0.3396 0.041300
717.00 P 20260825 5.69 5.81 244 474 0.1176 -0.6667 0.041900
718.00 C 20260825 1.60 1.65 1947 472 0.1168 0.2982 0.039400
718.00 P 20260825 6.23 6.77 313 326 0.1203 -0.7088 0.040000
719.00 C 20260825 1.29 1.35 1178 478 0.1155 0.2587 0.037100
719.00 P 20260825 6.93 7.41 735 192 0.1179 -0.7488 0.037600
720.00 C 20260825 1.04 1.08 4581 1120 0.1150 0.2214 0.034300
720.00 P 20260825 7.67 8.05 140 362 0.1142 -0.7866 0.034700
721.00 C 20260825 0.81 0.87 1494 363 0.1133 0.1866 0.031300
721.00 P 20260825 8.45 8.87 86 124 0.1137 -0.8219 0.031600
722.00 C 20260825 0.66 0.68 1214 399 0.1130 0.1545 0.028000
722.00 P 20260825 9.27 9.86 43 471 0.1174 -0.8542 0.028100
723.00 C 20260825 0.50 0.53 940 506 0.1119 0.1256 0.024600
723.00 P 20260825 10.12 10.52 28 242 0.1102 -0.8833 0.024600
724.00 C 20260825 0.37 0.40 1134 208 0.1105 0.1001 0.021200
724.00 P 20260825 11.00 11.52 24 360 0.1132 -0.9087 0.020900
725.00 C 20260825 0.27 0.30 4771 1472 0.1103 0.0781 0.017800
725.00 P 20260825 11.94 12.52 58 664 0.1182 -0.9303 0.017400
726.00 C 20260825 0.20 0.22 976 1176 0.1086 0.0598 0.014700
726.00 P 20260825 12.86 13.42 31 261 0.1167 -0.9481 0.014000
727.00 C 20260825 0.14 0.17 972 694 0.1083 0.0450 0.011800
727.00 P 20260825 12.12 14.33 12 151 -1.0000 -0.9623 0.011100
728.00 C 20260825 0.10 0.12 1330 1114 0.1073 0.0337 0.009400
728.00 P 20260825 13.12 15.35 4 29 -1.0000 -0.9729 0.008500
729.00 C 20260825 0.07 0.09 696 740 0.1075 0.0247 0.007300
729.00 P 20260825 14.07 16.45 22 27 0.0880 -0.9807 0.006500
730.00 C 20260825 0.05 0.06 1847 1497 0.1067 0.0185 0.005700
730.00 P 20260825 15.07 17.46 13 10 -1.0000 -0.9861 0.004900
731.00 C 20260825 0.03 0.05 331 537 0.1070 0.0143 0.004500
731.00 P 20260825 16.07 19.76 43 0 0.0974 -0.9898 0.003700
732.00 C 20260825 0.02 0.04 316 570 0.1081 0.0112 0.003600
732.00 P 20260825 17.07 20.76 15 7 0.1020 -0.9922 0.002900
733.00 C 20260825 0.02 0.03 310 1251 0.1105 0.0090 0.003000
733.00 P 20260825 18.07 20.45 0 0 -1.0000 -0.9938 0.002400
734.00 C 20260825 0.01 0.03 633 380 0.1122 0.0078 0.002500
734.00 P 20260825 19.07 21.46 0 2 -1.0000 -0.9949 0.001900
735.00 C 20260825 0.01 0.02 1495 644 0.1132 0.0067 0.002200
735.00 P 20260825 20.07 23.76 0 1 0.1157 -0.9956 0.001600
736.00 C 20260825 0.00 0.02 38 440 0.1128 0.0059 0.001900
736.00 P 20260825 21.07 24.76 0 0 0.1202 -0.9961 0.001400
737.00 C 20260825 0.00 0.02 41 352 0.1172 0.0053 0.001700
737.00 P 20260825 22.07 25.76 0 0 0.1247 -0.9966 0.001200
738.00 C 20260825 0.00 0.02 8 148 0.1215 0.0048 0.001500
738.00 P 20260825 23.07 26.76 0 0 0.1292 -0.9969 0.001100
739.00 C 20260825 0.00 0.02 21 789 0.1261 0.0044 0.001300
739.00 P 20260825 24.07 27.76 0 1 0.1336 -0.9972 0.001000
740.00 C 20260825 0.00 0.02 970 1662 0.1304 0.0040 0.001200
740.00 P 20260825 25.07 28.76 0 1 0.1381 -0.9975 0.000900
741.00 C 20260825 0.00 0.02 16 104 0.1346 0.0037 0.001100
741.00 P 20260825 26.07 29.76 0 0 0.1425 -0.9977 0.000800
742.00 C 20260825 0.00 0.02 8 80 0.1389 0.0034 0.001000
742.00 P 20260825 27.07 30.76 0 0 0.1469 -0.9979 0.000700
743.00 C 20260825 0.01 0.02 23 455 0.1491 0.0032 0.000900
743.00 P 20260825 28.07 31.76 0 0 0.1512 -0.9980 0.000600
744.00 C 20260825 0.00 0.02 29 177 0.1472 0.0029 0.000800
744.00 P 20260825 29.07 32.76 0 0 0.1556 -0.9982 0.000600
745.00 C 20260825 0.00 0.02 26 2416 0.1513 0.0027 0.000700
745.00 P 20260825 30.07 33.75 0 0 0.1508 -0.9983 0.000500
746.00 C 20260825 0.00 0.02 15 267 0.1558 0.0025 0.000700
746.00 P 20260825 31.07 34.75 0 0 0.1549 -0.9985 0.000500
747.00 C 20260825 0.00 0.01 25 139 0.1501 0.0023 0.000600
747.00 P 20260825 32.07 35.76 0 0 0.1686 -0.9986 0.000400
748.00 C 20260825 0.00 0.01 34 227 0.1540 0.0022 0.000600
748.00 P 20260825 33.07 36.76 0 0 0.1728 -0.9987 0.000400
749.00 C 20260825 0.00 0.01 3 145 0.1580 0.0020 0.000500
749.00 P 20260825 34.07 37.76 0 0 0.1771 -0.9988 0.000400
750.00 C 20260825 0.00 0.01 6 742 0.1619 0.0019 0.000500
750.00 P 20260825 35.07 38.76 0 0 0.1814 -0.9989 0.000300
751.00 C 20260825 0.00 0.01 0 44 0.1658 0.0018 0.000400
751.00 P 20260825 36.07 39.76 0 0 0.1856 -0.9990 0.000300
752.00 C 20260825 0.00 0.01 0 14 0.1697 0.0017 0.000400
752.00 P 20260825 37.07 40.76 0 1 0.1898 -0.9990 0.000300
753.00 C 20260825 0.00 0.01 0 78 0.1736 0.0016 0.000400
753.00 P 20260825 38.07 41.76 0 0 0.1940 -0.9991 0.000300
754.00 C 20260825 0.00 0.01 0 2310 0.1774 0.0015 0.000400
754.00 P 20260825 39.07 42.76 0 0 0.1982 -0.9992 0.000200
755.00 C 20260825 0.00 0.01 0 318 0.1813 0.0014 0.000300
755.00 P 20260825 40.07 43.76 0 0 0.2024 -0.9992 0.000200
756.00 C 20260825 0.00 0.01 1 86 0.1851 0.0013 0.000300
756.00 P 20260825 41.07 44.76 0 0 0.2066 -0.9993 0.000200
757.00 C 20260825 0.00 0.01 0 219 0.1889 0.0012 0.000300
757.00 P 20260825 42.07 45.76 0 0 0.2107 -0.9993 0.000200
758.00 C 20260825 0.00 0.01 0 109 0.1928 0.0012 0.000300
758.00 P 20260825 43.07 46.76 0 0 0.2148 -0.9994 0.000200
759.00 C 20260825 0.00 0.01 0 231 0.1966 0.0011 0.000200
759.00 P 20260825 44.07 47.76 0 0 0.2190 -0.9994 0.000200
760.00 C 20260825 0.00 0.01 2 214 0.2004 0.0010 0.000200
760.00 P 20260825 45.07 48.76 0 0 0.2231 -0.9994 0.000100
765.00 C 20260825 0.00 0.01 0 169 0.2192 0.0008 0.000200
765.00 P 20260825 50.07 53.76 0 0 0.2434 -0.9996 0.000100
770.00 C 20260825 0.00 0.01 0 54 0.2377 0.0006 0.000100
770.00 P 20260825 55.07 58.76 0 0 0.2634 -0.9997 0.000100
775.00 C 20260825 0.00 0.01 0 26 0.2561 0.0005 0.000100
775.00 P 20260825 60.07 63.76 0 0 0.2832 -0.9998 0.000100
780.00 C 20260825 0.00 0.01 0 16 0.2742 0.0004 0.000100
780.00 P 20260825 65.07 68.76 0 0 0.3026 -0.9998 0.000000
785.00 C 20260825 0.00 0.01 0 49 0.2921 0.0003 0.000100
785.00 P 20260825 70.07 73.76 0 0 0.3219 -0.9998 0.000000
790.00 C 20260825 0.00 0.01 0 0 0.3098 0.0002 0.000000
790.00 P 20260825 75.07 78.76 0 0 0.3409 -0.9999 0.000000
795.00 C 20260825 0.00 0.01 0 0 0.3273 0.0002 0.000000
795.00 P 20260825 80.07 83.76 0 0 0.3598 -0.9999 0.000000
800.00 C 20260825 0.00 0.01 0 0 0.3446 0.0002 0.000000
800.00 P 20260825 85.07 88.76 0 0 0.3784 -0.9999 0.000000
805.00 C 20260825 0.00 0.01 0 0 0.3617 0.0001 0.000000
805.00 P 20260825 90.07 93.76 0 0 0.3968 -0.9999 0.000000
810.00 C 20260825 0.00 0.01 0 0 0.3787 0.0001 0.000000
810.00 P 20260825 95.07 98.76 0 0 0.4150 -1.0000 0.000000
815.00 C 20260825 0.00 0.01 0 3 0.3955 0.0001 0.000000
815.00 P 20260825 100.07 103.76 0 0 0.4329 -1.0000 0.000000
820.00 C 20260825 0.00 0.01 0 0 0.4122 0.0001 0.000000
820.00 P 20260825 105.07 108.76 0 0 0.4507 -1.0000 0.000000
825.00 C 20260825 0.00 0.01 0 0 0.4286 0.0001 0.000000
825.00 P 20260825 110.07 113.76 0 0 0.4683 -1.0000 0.000000
830.00 C 20260825 0.00 0.01 0 0 0.4450 0.0001 0.000000
830.00 P 20260825 115.07 118.76 0 0 0.4858 -1.0000 0.000000
835.00 C 20260825 0.00 0.01 6 0 0.4612 0.0000 0.000000
835.00 P 20260825 120.07 123.76 0 0 0.5030 -1.0000 0.000000
840.00 C 20260825 0.00 0.01 0 0 0.4772 0.0000 0.000000
840.00 P 20260825 125.07 128.76 0 0 0.5202 -1.0000 0.000000
845.00 C 20260825 0.00 0.01 0 0 0.4932 0.0000 0.000000
845.00 P 20260825 130.07 133.76 0 0 0.5372 -1.0000 0.000000
850.00 C 20260825 0.00 0.01 0 0 0.5089 0.0000 0.000000
850.00 P 20260825 135.07 138.76 0 0 0.5540 -1.0000 0.000000
855.00 C 20260825 0.00 0.01 0 0 0.5243 0.0000 0.000000
855.00 P 20260825 140.07 143.76 0 0 0.5707 -1.0000 0.000000
860.00 C 20260825 0.00 0.01 0 0 0.5398 0.0000 0.000000
860.00 P 20260825 145.07 148.76 0 0 0.5872 -1.0000 0.000000
865.00 C 20260825 0.00 0.01 0 0 0.5552 0.0000 0.000000
865.00 P 20260825 150.07 153.76 0 0 0.6036 -1.0000 0.000000
870.00 C 20260825 0.00 0.01 0 0 0.5705 0.0000 0.000000
870.00 P 20260825 155.07 158.76 0 0 0.6198 -1.0000 0.000000
875.00 C 20260825 0.00 0.01 0 0 0.5857 0.0000 0.000000
875.00 P 20260825 160.07 163.76 0 0 0.6359 -1.0000 0.000000
880.00 C 20260825 0.00 0.01 0 0 0.6007 0.0000 0.000000
880.00 P 20260825 165.07 168.76 0 0 0.6519 -1.0000 0.000000
885.00 C 20260825 0.00 0.01 0 0 0.6156 0.0000 0.000000
885.00 P 20260825 170.07 173.76 0 0 0.6677 -1.0000 0.000000
890.00 C 20260825 0.00 0.01 0 0 0.6304 0.0000 0.000000
890.00 P 20260825 175.07 178.76 0 0 0.6835 -1.0000 0.000000
895.00 C 20260825 0.00 0.01 0 0 0.6451 0.0000 0.000000
895.00 P 20260825 180.07 183.76 0 0 0.6991 -1.0000 0.000000
900.00 C 20260825 0.00 0.01 0 0 0.6597 0.0000 0.000000
900.00 P 20260825 185.07 188.76 0 0 0.7146 -1.0000 0.000000
905.00 C 20260825 0.00 0.01 0 0 0.6741 0.0000 0.000000
905.00 P 20260825 190.07 193.76 0 0 0.7299 -1.0000 0.000000
910.00 C 20260825 0.00 0.01 0 0 0.6885 0.0000 0.000000
910.00 P 20260825 195.07 198.76 0 0 0.7452 -1.0000 0.000000
915.00 C 20260825 0.00 0.01 0 0 0.7028 0.0000 0.000000
915.00 P 20260825 200.07 203.76 0 0 0.7604 -1.0000 0.000000
920.00 C 20260825 0.00 0.01 0 0 0.7170 0.0000 0.000000
920.00 P 20260825 205.07 208.76 0 0 0.7754 -1.0000 0.000000
925.00 C 20260825 0.00 0.01 0 0 0.7310 0.0000 0.000000
925.00 P 20260825 210.07 213.76 0 0 0.7903 -1.0000 0.000000
930.00 C 20260825 0.00 0.01 0 0 0.7450 0.0000 0.000000
930.00 P 20260825 215.07 218.76 0 0 0.8052 -1.0000 0.000000
935.00 C 20260825 0.00 0.01 0 0 0.7589 0.0000 0.000000
935.00 P 20260825 220.07 223.76 0 0 0.8199 -1.0000 0.000000
940.00 C 20260825 0.00 0.01 0 0 0.7727 0.0000 0.000000
940.00 P 20260825 225.07 228.76 0 0 0.8345 -1.0000 0.000000
945.00 C 20260825 0.00 0.01 0 0 0.7864 0.0000 0.000000
945.00 P 20260825 230.07 233.76 0 0 0.8490 -1.0000 0.000000
950.00 C 20260825 0.00 0.01 0 0 0.8000 0.0000 0.000000
950.00 P 20260825 235.07 238.76 0 0 0.8635 -1.0000 0.000000
495.00 C 20260826 216.40 220.06 0 0 -1.0000 0.9995 0.000000
495.00 P 20260826 0.00 0.03 0 0 0.9945 -0.0005 0.000000
500.00 C 20260826 211.41 215.10 0 0 0.8682 0.9995 0.000000
500.00 P 20260826 0.00 0.03 0 0 0.9688 -0.0005 0.000000
505.00 C 20260826 206.41 210.10 0 0 0.8036 0.9994 0.000000
505.00 P 20260826 0.00 0.03 0 0 0.9434 -0.0006 0.000000
510.00 C 20260826 201.41 205.10 0 0 -1.0000 0.9994 0.000000
510.00 P 20260826 0.00 0.03 0 0 0.9183 -0.0006 0.000000
515.00 C 20260826 196.41 200.10 0 0 -1.0000 0.9994 0.000000
515.00 P 20260826 0.01 0.03 0 0 0.9144 -0.0006 0.000000
520.00 C 20260826 191.41 195.10 0 0 -1.0000 0.9993 0.000000
520.00 P 20260826 0.01 0.03 5 5 0.8891 -0.0006 0.000000
525.00 C 20260826 186.41 190.10 0 0 -1.0000 0.9993 0.000000
525.00 P 20260826 0.01 0.03 0 0 0.8640 -0.0007 0.000000
530.00 C 20260826 181.41 185.07 0 0 -1.0000 0.9993 0.000000
530.00 P 20260826 0.01 0.03 0 0 0.8392 -0.0007 0.000000
535.00 C 20260826 176.42 180.11 0 0 0.6470 0.9992 0.000000
535.00 P 20260826 0.01 0.03 0 40 0.8145 -0.0008 0.000000
540.00 C 20260826 171.40 175.11 59 0 -1.0000 0.9992 0.000000
540.00 P 20260826 0.01 0.03 0 40 0.7900 -0.0008 0.000000
545.00 C 20260826 166.42 170.11 0 0 -1.0000 0.9991 0.000000
545.00 P 20260826 0.01 0.03 0 0 0.7657 -0.0008 0.000000
550.00 C 20260826 161.42 165.11 0 0 -1.0000 0.9991 0.000000
550.00 P 20260826 0.01 0.03 0 2 0.7416 -0.0009 0.000000
555.00 C 20260826 156.42 160.11 0 0 -1.0000 0.9990 0.000100
555.00 P 20260826 0.01 0.03 0 0 0.7177 -0.0010 0.000100
560.00 C 20260826 151.42 155.08 0 0 -1.0000 0.9990 0.000100
560.00 P 20260826 0.01 0.03 1 5 0.6939 -0.0010 0.000100
565.00 C 20260826 146.50 150.12 2 2 0.7047 0.9989 0.000100
565.00 P 20260826 0.01 0.02 1 11 0.6543 -0.0011 0.000100
570.00 C 20260826 141.43 145.12 0 0 -1.0000 0.9988 0.000100
570.00 P 20260826 0.01 0.03 1 0 0.6469 -0.0012 0.000100
575.00 C 20260826 136.43 140.12 0 0 -1.0000 0.9987 0.000100
575.00 P 20260826 0.01 0.03 0 0 0.6236 -0.0013 0.000100
580.00 C 20260826 131.43 135.12 0 0 -1.0000 0.9986 0.000100
580.00 P 20260826 0.01 0.04 0 0 0.6125 -0.0014 0.000100
585.00 C 20260826 126.44 130.13 0 0 0.4960 0.9985 0.000100
585.00 P 20260826 0.01 0.04 0 2 0.5890 -0.0015 0.000100
590.00 C 20260826 121.44 125.13 0 1 0.4452 0.9984 0.000100
590.00 P 20260826 0.01 0.04 0 0 0.5658 -0.0016 0.000100
595.00 C 20260826 116.44 120.13 0 0 -1.0000 0.9982 0.000100
595.00 P 20260826 0.01 0.04 10 2 0.5427 -0.0018 0.000100
600.00 C 20260826 111.44 115.10 0 0 -1.0000 0.9980 0.000100
600.00 P 20260826 0.02 0.04 0 7 0.5286 -0.0020 0.000100
605.00 C 20260826 106.45 110.14 0 0 0.4385 0.9978 0.000200
605.00 P 20260826 0.02 0.04 0 12 0.5054 -0.0022 0.000200
610.00 C 20260826 101.45 105.14 0 0 0.4063 0.9976 0.000200
610.00 P 20260826 0.02 0.04 0 5 0.4823 -0.0024 0.000200
615.00 C 20260826 96.45 100.11 0 0 -1.0000 0.9974 0.000200
615.00 P 20260826 0.02 0.04 0 6 0.4594 -0.0026 0.000200
620.00 C 20260826 91.46 95.15 0 0 0.3962 0.9971 0.000200
620.00 P 20260826 0.02 0.04 1 4 0.4365 -0.0029 0.000200
625.00 C 20260826 86.46 90.15 0 0 0.3693 0.9967 0.000300
625.00 P 20260826 0.02 0.04 5 6002 0.4137 -0.0033 0.000300
630.00 C 20260826 81.47 85.16 2 0 0.3698 0.9963 0.000300
630.00 P 20260826 0.02 0.04 16 38 0.3910 -0.0037 0.000300
635.00 C 20260826 76.48 80.17 0 0 0.3617 0.9958 0.000400
635.00 P 20260826 0.02 0.05 11 15 0.3742 -0.0042 0.000400
640.00 C 20260826 71.48 75.17 0 0 0.3370 0.9952 0.000500
640.00 P 20260826 0.03 0.05 60 43 0.3563 -0.0048 0.000500
645.00 C 20260826 66.49 70.18 0 0 0.3248 0.9944 0.000600
645.00 P 20260826 0.03 0.05 5033 5636 0.3332 -0.0056 0.000600
650.00 C 20260826 61.50 65.20 1 2 0.3140 0.9934 0.000700
650.00 P 20260826 0.04 0.06 3289 339 0.3180 -0.0066 0.000700
655.00 C 20260826 56.52 60.21 0 0 0.2996 0.9922 0.000800
655.00 P 20260826 0.05 0.06 121 98 0.2978 -0.0078 0.000800
660.00 C 20260826 51.53 55.19 0 1 0.2717 0.9904 0.001100
660.00 P 20260826 0.06 0.08 36 187 0.2822 -0.0096 0.001100
665.00 C 20260826 46.56 50.25 0 9 0.2682 0.9880 0.001400
665.00 P 20260826 0.08 0.09 64 212 0.2645 -0.0120 0.001400
670.00 C 20260826 41.59 44.06 0 7 -1.0000 0.9843 0.001900
670.00 P 20260826 0.10 0.12 151 625 0.2483 -0.0157 0.001900
671.00 C 20260826 40.59 44.29 0 0 0.2483 0.9834 0.002000
671.00 P 20260826 0.11 0.13 273 173 0.2462 -0.0166 0.002000
672.00 C 20260826 39.60 43.26 0 10 0.2402 0.9823 0.002100
672.00 P 20260826 0.11 0.13 11 421 0.2410 -0.0177 0.002100
673.00 C 20260826 38.61 42.31 0 1 0.2430 0.9812 0.002300
673.00 P 20260826 0.12 0.14 14 240 0.2386 -0.0188 0.002300
674.00 C 20260826 37.62 41.28 0 0 0.2351 0.9800 0.002400
674.00 P 20260826 0.13 0.15 29 120 0.2360 -0.0201 0.002400
675.00 C 20260826 36.63 40.29 0 15 0.2322 0.9786 0.002600
675.00 P 20260826 0.14 0.16 321 2362 0.2332 -0.0214 0.002600
676.00 C 20260826 35.64 39.30 0 0 0.2292 0.9771 0.002800
676.00 P 20260826 0.14 0.17 57 11 0.2290 -0.0230 0.002800
677.00 C 20260826 34.65 38.32 0 0 0.2270 0.9754 0.003000
677.00 P 20260826 0.15 0.18 44 31 0.2259 -0.0246 0.003000
678.00 C 20260826 33.70 36.03 0 0 -1.0000 0.9736 0.003200
678.00 P 20260826 0.17 0.20 21 932 0.2248 -0.0264 0.003200
679.00 C 20260826 32.72 35.04 0 1 -1.0000 0.9716 0.003500
679.00 P 20260826 0.18 0.21 135 207 0.2210 -0.0285 0.003500
680.00 C 20260826 31.73 34.06 2 55 -1.0000 0.9693 0.003800
680.00 P 20260826 0.20 0.22 2070 1513 0.2184 -0.0306 0.003800
681.00 C 20260826 32.21 34.38 0 0 0.2934 0.9669 0.004100
681.00 P 20260826 0.21 0.24 215 244 0.2152 -0.0332 0.004100
682.00 C 20260826 29.76 32.08 9 1 -1.0000 0.9642 0.004400
682.00 P 20260826 0.23 0.26 223 109 0.2131 -0.0357 0.004400
683.00 C 20260826 28.95 31.10 0 0 -1.0000 0.9611 0.004800
683.00 P 20260826 0.26 0.28 73 1904 0.2111 -0.0387 0.004700
684.00 C 20260826 27.80 30.12 0 1 -1.0000 0.9578 0.005100
684.00 P 20260826 0.28 0.31 73 205 0.2084 -0.0422 0.005200
685.00 C 20260826 26.99 29.04 0 3 -1.0000 0.9542 0.005600
685.00 P 20260826 0.31 0.33 449 404 0.2060 -0.0457 0.005600
686.00 C 20260826 26.00 29.49 0 1 0.2119 0.9501 0.006000
686.00 P 20260826 0.34 0.36 53 82 0.2033 -0.0500 0.006000
687.00 C 20260826 24.87 27.14 0 1 -1.0000 0.9456 0.006500
687.00 P 20260826 0.37 0.40 145 457 0.2012 -0.0544 0.006600
688.00 C 20260826 23.93 27.56 0 4 0.1992 0.9407 0.007100
688.00 P 20260826 0.41 0.43 91 311 0.1986 -0.0593 0.007100
689.00 C 20260826 24.46 26.60 0 4 0.2515 0.9353 0.007700
689.00 P 20260826 0.45 0.47 27 112 0.1962 -0.0648 0.007700
690.00 C 20260826 23.53 24.11 9 43 0.1935 0.9293 0.008300
690.00 P 20260826 0.49 0.52 420 1068 0.1939 -0.0708 0.008300
691.00 C 20260826 22.56 24.69 0 8 0.2419 0.9228 0.009000
691.00 P 20260826 0.54 0.57 185 265 0.1917 -0.0773 0.009000
692.00 C 20260826 21.63 22.23 4 0 0.1893 0.9155 0.009800
692.00 P 20260826 0.59 0.62 37 241 0.1893 -0.0846 0.009800
693.00 C 20260826 20.69 21.22 0 0 0.1843 0.9076 0.010600
693.00 P 20260826 0.65 0.68 249 296 0.1869 -0.0925 0.010600
694.00 C 20260826 19.77 20.28 5 6 0.1824 0.8989 0.011400
694.00 P 20260826 0.72 0.75 93 449 0.1848 -0.1013 0.011500
695.00 C 20260826 18.85 19.42 6 16 0.1825 0.8894 0.012300
695.00 P 20260826 0.80 0.83 246 525 0.1823 -0.1108 0.012400
696.00 C 20260826 17.93 18.49 0 0 0.1798 0.8790 0.013300
696.00 P 20260826 0.88 0.91 97 324 0.1804 -0.1213 0.013400
697.00 C 20260826 17.02 17.45 1 2 0.1738 0.8676 0.014400
697.00 P 20260826 0.97 1.01 132 278 0.1784 -0.1328 0.014400
698.00 C 20260826 14.73 18.19 0 0 0.1784 0.8552 0.015400
698.00 P 20260826 1.08 1.11 541 1337 0.1760 -0.1452 0.015500
699.00 C 20260826 15.32 17.34 1 12 0.2104 0.8416 0.016600
699.00 P 20260826 1.19 1.23 130 188 0.1737 -0.1588 0.016600
700.00 C 20260826 14.46 14.97 2 87 0.1746 0.8270 0.017800
700.00 P 20260826 1.31 1.36 3687 943 0.1716 -0.1735 0.017800
701.00 C 20260826 13.61 15.59 10 18 0.2032 0.8110 0.019000
701.00 P 20260826 1.45 1.50 178 136 0.1697 -0.1895 0.019100
702.00 C 20260826 12.71 13.10 17 54 0.1657 0.7938 0.020300
702.00 P 20260826 1.61 1.66 236 199 0.1679 -0.2068 0.020400
703.00 C 20260826 11.88 12.37 11 23 0.1658 0.7753 0.021600
703.00 P 20260826 1.78 1.84 130 202 0.1660 -0.2255 0.021700
704.00 C 20260826 11.08 11.47 23 16 0.1623 0.7554 0.022900
704.00 P 20260826 1.97 2.03 215 159 0.1642 -0.2455 0.023000
705.00 C 20260826 10.29 10.75 102 83 0.1618 0.7340 0.024200
705.00 P 20260826 2.19 2.23 2662 554 0.1623 -0.2670 0.024300
706.00 C 20260826 9.53 10.05 73 45 0.1613 0.7112 0.025500
706.00 P 20260826 2.41 2.47 227 216 0.1604 -0.2900 0.025600
707.00 C 20260826 8.87 9.15 75 124 0.1582 0.6870 0.026700
707.00 P 20260826 2.66 2.73 498 203 0.1585 -0.3144 0.026900
708.00 C 20260826 8.22 8.36 135 42 0.1565 0.6614 0.027900
708.00 P 20260826 2.94 3.02 1389 330 0.1569 -0.3402 0.028100
709.00 C 20260826 7.52 7.66 202 282 0.1547 0.6345 0.029000
709.00 P 20260826 3.25 3.35 296 183 0.1545 -0.3675 0.029300
710.00 C 20260826 6.85 6.97 2772 204 0.1526 0.6062 0.030100
710.00 P 20260826 3.58 3.64 1735 1743 0.1528 -0.3961 0.030400
711.00 C 20260826 6.27 6.31 13368 248 0.1512 0.5765 0.031000
711.00 P 20260826 3.94 4.01 1330 289 0.1514 -0.4260 0.031300
712.00 C 20260826 5.62 5.75 839 327 0.1491 0.5459 0.031700
712.00 P 20260826 4.34 4.40 1391 536 0.1494 -0.4571 0.032100
713.00 C 20260826 5.06 5.14 1193 357 0.1476 0.5141 0.032300
713.00 P 20260826 4.74 4.83 1019 342 0.1481 -0.4892 0.032700
714.00 C 20260826 4.50 4.59 884 253 0.1463 0.4818 0.032600
714.00 P 20260826 5.21 5.29 593 184 0.1462 -0.5221 0.033100
715.00 C 20260826 4.01 4.08 2706 309 0.1448 0.4487 0.032800
715.00 P 20260826 5.72 5.78 942 421 0.1448 -0.5557 0.033200
716.00 C 20260826 3.54 3.63 861 388 0.1437 0.4155 0.032600
716.00 P 20260826 6.21 6.30 344 163 0.1427 -0.5895 0.033100
717.00 C 20260826 3.12 3.18 453 174 0.1422 0.3824 0.032200
717.00 P 20260826 6.77 6.90 123 180 0.1417 -0.6231 0.032700
718.00 C 20260826 2.70 2.76 672 527 0.1405 0.3495 0.031500
718.00 P 20260826 7.37 7.49 65 248 0.1399 -0.6563 0.032000
719.00 C 20260826 2.33 2.43 267 106 0.1391 0.3176 0.030500
719.00 P 20260826 8.00 8.14 90 114 0.1388 -0.6892 0.031100
720.00 C 20260826 2.02 2.06 4200 1894 0.1381 0.2865 0.029400
720.00 P 20260826 8.57 8.99 84 1155 0.1386 -0.7207 0.029900
721.00 C 20260826 1.71 1.77 274 285 0.1368 0.2568 0.028000
721.00 P 20260826 9.27 9.71 13 201 0.1374 -0.7513 0.028500
722.00 C 20260826 1.45 1.50 357 178 0.1356 0.2282 0.026500
722.00 P 20260826 10.01 10.46 20 31 0.1364 -0.7804 0.027000
723.00 C 20260826 1.21 1.26 202 339 0.1343 0.2010 0.024800
723.00 P 20260826 10.77 11.31 9 346 0.1366 -0.8082 0.025200
724.00 C 20260826 1.00 1.06 405 468 0.1335 0.1754 0.023000
724.00 P 20260826 11.57 12.11 5 137 0.1356 -0.8343 0.023300
725.00 C 20260826 0.83 0.87 785 678 0.1322 0.1514 0.021100
725.00 P 20260826 12.39 12.94 102 597 0.1344 -0.8586 0.021300
726.00 C 20260826 0.67 0.72 259 284 0.1311 0.1293 0.019100
726.00 P 20260826 11.56 13.72 6 240 -1.0000 -0.8811 0.019200
727.00 C 20260826 0.54 0.58 770 266 0.1301 0.1091 0.017100
727.00 P 20260826 14.09 14.61 17 762 0.1294 -0.9015 0.017100
728.00 C 20260826 0.43 0.47 1322 893 0.1288 0.0909 0.015100
728.00 P 20260826 14.95 15.51 0 58 0.1265 -0.9196 0.015000
729.00 C 20260826 0.34 0.37 3236 91 0.1281 0.0748 0.013200
729.00 P 20260826 14.28 16.32 3 118 -1.0000 -0.9356 0.012900
730.00 C 20260826 0.27 0.29 3249 1459 0.1268 0.0609 0.011400
730.00 P 20260826 15.19 17.40 40 244 -1.0000 -0.9491 0.010900
731.00 C 20260826 0.21 0.23 116 243 0.1260 0.0491 0.009700
731.00 P 20260826 16.17 18.35 17 61 -1.0000 -0.9604 0.009100
732.00 C 20260826 0.16 0.17 288 1364 0.1252 0.0393 0.008100
732.00 P 20260826 17.14 19.31 1 11 -1.0000 -0.9696 0.007400
733.00 C 20260826 0.12 0.14 447 163 0.1251 0.0313 0.006800
733.00 P 20260826 18.08 21.77 1 4 0.0991 -0.9768 0.006000
734.00 C 20260826 0.09 0.11 320 221 0.1247 0.0249 0.005600
734.00 P 20260826 19.07 22.76 5 1 -1.0000 -0.9824 0.004800
735.00 C 20260826 0.07 0.08 293 951 0.1238 0.0201 0.004700
735.00 P 20260826 20.07 23.76 0 0 -1.0000 -0.9866 0.003800
736.00 C 20260826 0.05 0.06 219 266 0.1234 0.0159 0.003800
736.00 P 20260826 21.07 24.76 0 0 -1.0000 -0.9898 0.003000
737.00 C 20260826 0.04 0.05 79 177 0.1244 0.0129 0.003200
737.00 P 20260826 22.07 25.76 0 0 -1.0000 -0.9921 0.002400
738.00 C 20260826 0.03 0.04 38 99 0.1248 0.0108 0.002700
738.00 P 20260826 23.07 26.76 0 0 -1.0000 -0.9938 0.002000
739.00 C 20260826 0.02 0.04 210 102 0.1264 0.0090 0.002300
739.00 P 20260826 24.07 27.76 0 0 -1.0000 -0.9950 0.001600
740.00 C 20260826 0.02 0.03 72 680 0.1281 0.0076 0.001900
740.00 P 20260826 25.07 28.76 0 0 -1.0000 -0.9959 0.001300
741.00 C 20260826 0.01 0.03 19 128 0.1287 0.0066 0.001700
741.00 P 20260826 26.07 29.76 0 0 -1.0000 -0.9966 0.001100
742.00 C 20260826 0.01 0.03 31 381 0.1331 0.0057 0.001500
742.00 P 20260826 27.07 30.76 0 0 -1.0000 -0.9972 0.000900
743.00 C 20260826 0.01 0.02 4 899 0.1276 0.0050 0.001300
743.00 P 20260826 28.07 31.76 0 0 -1.0000 -0.9976 0.000800
744.00 C 20260826 0.00 0.02 49 33 0.1313 0.0044 0.001100
744.00 P 20260826 29.07 32.76 0 0 -1.0000 -0.9979 0.000700
745.00 C 20260826 0.01 0.02 93 400 0.1407 0.0040 0.001000
745.00 P 20260826 30.07 33.76 0 0 -1.0000 -0.9982 0.000600
746.00 C 20260826 0.00 0.02 2 79 0.1388 0.0036 0.000900
746.00 P 20260826 31.07 34.76 0 0 -1.0000 -0.9984 0.000500
747.00 C 20260826 0.00 0.02 0 180 0.1426 0.0032 0.000800
747.00 P 20260826 32.07 35.76 0 0 -1.0000 -0.9986 0.000400
748.00 C 20260826 0.00 0.02 0 76 0.1463 0.0029 0.000700
748.00 P 20260826 33.07 36.76 2 0 -1.0000 -0.9988 0.000400
749.00 C 20260826 0.00 0.02 1 34 0.1500 0.0026 0.000600
749.00 P 20260826 34.07 37.76 0 0 -1.0000 -0.9989 0.000400
750.00 C 20260826 0.00 0.02 31 200 0.1537 0.0024 0.000600
750.00 P 20260826 35.07 38.76 0 0 -1.0000 -0.9990 0.000300
751.00 C 20260826 0.01 0.02 2 34 0.1638 0.0022 0.000500
751.00 P 20260826 36.07 39.76 0 0 -1.0000 -0.9991 0.000300
752.00 C 20260826 0.00 0.02 0 47 0.1610 0.0020 0.000500
752.00 P 20260826 37.07 40.76 0 0 -1.0000 -0.9992 0.000200
753.00 C 20260826 0.00 0.02 4 6 0.1647 0.0018 0.000400
753.00 P 20260826 38.07 41.76 0 0 -1.0000 -0.9993 0.000200
754.00 C 20260826 0.00 0.02 0 254 0.1683 0.0017 0.000400
754.00 P 20260826 39.07 42.76 0 0 -1.0000 -0.9994 0.000200
755.00 C 20260826 0.00 0.02 11 228 0.1720 0.0016 0.000400
755.00 P 20260826 40.07 43.76 0 0 -1.0000 -0.9994 0.000200
756.00 C 20260826 0.00 0.02 0 56 0.1756 0.0015 0.000300
756.00 P 20260826 41.07 44.76 0 0 -1.0000 -0.9995 0.000200
757.00 C 20260826 0.00 0.02 0 213 0.1792 0.0014 0.000300
757.00 P 20260826 42.07 45.76 0 0 -1.0000 -0.9995 0.000100
758.00 C 20260826 0.00 0.02 6 51 0.1828 0.0013 0.000300
758.00 P 20260826 43.07 46.76 0 0 -1.0000 -0.9995 0.000100
759.00 C 20260826 0.00 0.02 0 34 0.1864 0.0012 0.000300
759.00 P 20260826 44.07 47.76 0 0 -1.0000 -0.9996 0.000100
760.00 C 20260826 0.00 0.02 10 180 0.1900 0.0011 0.000200
760.00 P 20260826 45.07 48.76 0 0 -1.0000 -0.9996 0.000100
765.00 C 20260826 0.00 0.02 0 65 0.2077 0.0008 0.000200
765.00 P 20260826 50.07 53.76 0 0 -1.0000 -0.9998 0.000100
770.00 C 20260826 0.00 0.02 9 153 0.2251 0.0006 0.000100
770.00 P 20260826 55.07 58.76 0 0 -1.0000 -0.9998 0.000000
775.00 C 20260826 0.00 0.02 4 85 0.2424 0.0004 0.000100
775.00 P 20260826 60.07 63.76 0 0 -1.0000 -0.9999 0.000000
780.00 C 20260826 0.00 0.02 1 45 0.2594 0.0003 0.000100
780.00 P 20260826 65.07 68.76 0 0 -1.0000 -0.9999 0.000000
785.00 C 20260826 0.00 0.02 0 10 0.2762 0.0003 0.000000
785.00 P 20260826 70.07 73.76 0 0 -1.0000 -0.9999 0.000000
790.00 C 20260826 0.00 0.02 0 0 0.2928 0.0002 0.000000
790.00 P 20260826 75.07 78.76 0 0 -1.0000 -1.0000 0.000000
795.00 C 20260826 0.00 0.01 0 2 0.2924 0.0002 0.000000
795.00 P 20260826 80.07 83.76 0 0 -1.0000 -1.0000 0.000000
800.00 C 20260826 0.00 0.01 0 2 0.3078 0.0001 0.000000
800.00 P 20260826 85.07 88.76 0 0 -1.0000 -1.0000 0.000000
805.00 C 20260826 0.00 0.01 0 1 0.3232 0.0001 0.000000
805.00 P 20260826 90.07 93.76 0 0 -1.0000 -1.0000 0.000000
810.00 C 20260826 0.00 0.01 0 4 0.3384 0.0001 0.000000
810.00 P 20260826 95.07 98.76 0 0 -1.0000 -1.0000 0.000000
815.00 C 20260826 0.00 0.01 0 0 0.3534 0.0001 0.000000
815.00 P 20260826 100.07 103.76 0 0 -1.0000 -1.0000 0.000000
820.00 C 20260826 0.00 0.01 0 0 0.3683 0.0001 0.000000
820.00 P 20260826 105.07 108.76 0 0 -1.0000 -1.0000 0.000000
825.00 C 20260826 0.00 0.01 0 1 0.3831 0.0000 0.000000
825.00 P 20260826 110.07 113.76 0 0 -1.0000 -1.0000 0.000000
830.00 C 20260826 0.00 0.01 0 0 0.3977 0.0000 0.000000
830.00 P 20260826 115.07 118.76 0 0 -1.0000 -1.0000 0.000000
835.00 C 20260826 0.00 0.01 0 0 0.4122 0.0000 0.000000
835.00 P 20260826 120.07 123.76 0 0 -1.0000 -1.0000 0.000000
840.00 C 20260826 0.00 0.01 0 0 0.4266 0.0000 0.000000
840.00 P 20260826 125.07 128.76 0 0 -1.0000 -1.0000 0.000000
845.00 C 20260826 0.00 0.01 0 0 0.4408 0.0000 0.000000
845.00 P 20260826 130.07 133.76 0 0 -1.0000 -1.0000 0.000000
850.00 C 20260826 0.00 0.01 0 0 0.4549 0.0000 0.000000
850.00 P 20260826 135.07 138.76 0 0 -1.0000 -1.0000 0.000000
855.00 C 20260826 0.00 0.01 0 0 0.4689 0.0000 0.000000
855.00 P 20260826 140.07 143.76 0 0 -1.0000 -1.0000 0.000000
860.00 C 20260826 0.00 0.01 0 0 0.4828 0.0000 0.000000
860.00 P 20260826 145.07 148.76 0 0 -1.0000 -1.0000 0.000000
865.00 C 20260826 0.00 0.01 0 0 0.4966 0.0000 0.000000
865.00 P 20260826 150.07 153.76 0 0 -1.0000 -1.0000 0.000000
870.00 C 20260826 0.00 0.01 0 0 0.5102 0.0000 0.000000
870.00 P 20260826 155.07 158.76 0 0 -1.0000 -1.0000 0.000000
875.00 C 20260826 0.00 0.01 0 0 0.5238 0.0000 0.000000
875.00 P 20260826 160.07 163.76 0 0 -1.0000 -1.0000 0.000000
880.00 C 20260826 0.00 0.01 0 0 0.5372 0.0000 0.000000
880.00 P 20260826 165.07 168.76 0 0 -1.0000 -1.0000 0.000000
885.00 C 20260826 0.00 0.01 0 0 0.5506 0.0000 0.000000
885.00 P 20260826 170.07 173.76 0 0 -1.0000 -1.0000 0.000000
890.00 C 20260826 0.00 0.01 0 0 0.5638 0.0000 0.000000
890.00 P 20260826 175.07 178.76 0 0 -1.0000 -1.0000 0.000000
895.00 C 20260826 0.00 0.01 0 2 0.5770 0.0000 0.000000
895.00 P 20260826 180.07 183.76 0 0 -1.0000 -1.0000 0.000000
900.00 C 20260826 0.00 0.01 0 3 0.5900 0.0000 0.000000
900.00 P 20260826 185.07 188.76 0 0 -1.0000 -1.0000 0.000000
905.00 C 20260826 0.00 0.01 0 0 0.6030 0.0000 0.000000
905.00 P 20260826 190.07 193.76 0 0 -1.0000 -1.0000 0.000000
910.00 C 20260826 0.00 0.01 0 0 0.6159 0.0000 0.000000
910.00 P 20260826 195.07 198.76 0 0 -1.0000 -1.0000 0.000000
915.00 C 20260826 0.00 0.01 0 0 0.6286 0.0000 0.000000
915.00 P 20260826 200.07 203.76 0 0 -1.0000 -1.0000 0.000000
920.00 C 20260826 0.00 0.01 0 0 0.6413 0.0000 0.000000
920.00 P 20260826 205.07 208.76 0 0 -1.0000 -1.0000 0.000000
925.00 C 20260826 0.00 0.01 0 0 0.6539 0.0000 0.000000
925.00 P 20260826 210.07 213.76 0 0 -1.0000 -1.0000 0.000000
930.00 C 20260826 0.00 0.01 0 0 0.6664 0.0000 0.000000
930.00 P 20260826 215.07 218.76 0 0 -1.0000 -1.0000 0.000000
935.00 C 20260826 0.00 0.01 0 0 0.6788 0.0000 0.000000
935.00 P 20260826 220.07 223.76 0 0 -1.0000 -1.0000 0.000000
940.00 C 20260826 0.00 0.01 0 0 0.6912 0.0000 0.000000
940.00 P 20260826 225.07 228.76 0 0 -1.0000 -1.0000 0.000000
945.00 C 20260826 0.00 0.01 0 0 0.7034 0.0000 0.000000
945.00 P 20260826 230.07 233.76 0 0 -1.0000 -1.0000 0.000000
950.00 C 20260826 0.00 0.01 0 25 0.7156 0.0000 0.000000
950.00 P 20260826 235.07 238.76 0 0 -1.0000 -1.0000 0.000000
495.00 C 20260827 216.46 220.15 0 0 -1.0000 0.9993 0.000000
495.00 P 20260827 0.01 0.03 0 50 0.9292 -0.0007 0.000000
500.00 C 20260827 211.46 215.15 0 0 -1.0000 0.9993 0.000000
500.00 P 20260827 0.01 0.03 0 3 0.9054 -0.0007 0.000000
505.00 C 20260827 206.46 210.15 0 0 -1.0000 0.9992 0.000000
505.00 P 20260827 0.01 0.03 0 10 0.8817 -0.0008 0.000000
510.00 C 20260827 201.46 205.15 0 0 -1.0000 0.9992 0.000000
510.00 P 20260827 0.01 0.03 0 0 0.8582 -0.0008 0.000000
515.00 C 20260827 196.47 200.16 0 0 -1.0000 0.9992 0.000000
515.00 P 20260827 0.01 0.03 0 0 0.8350 -0.0008 0.000000
520.00 C 20260827 191.47 195.16 0 0 -1.0000 0.9991 0.000000
520.00 P 20260827 0.01 0.03 0 0 0.8119 -0.0009 0.000000
525.00 C 20260827 186.47 190.16 0 0 -1.0000 0.9990 0.000000
525.00 P 20260827 0.01 0.03 0 46 0.7890 -0.0009 0.000000
530.00 C 20260827 181.47 185.16 0 0 -1.0000 0.9990 0.000000
530.00 P 20260827 0.01 0.04 1 10 0.7809 -0.0010 0.000000
535.00 C 20260827 176.47 180.13 0 0 -1.0000 0.9989 0.000000
535.00 P 20260827 0.01 0.04 1 0 0.7580 -0.0010 0.000000
540.00 C 20260827 171.48 175.17 0 0 -1.0000 0.9989 0.000100
540.00 P 20260827 0.01 0.04 2 0 0.7353 -0.0011 0.000100
545.00 C 20260827 166.48 170.17 0 0 -1.0000 0.9988 0.000100
545.00 P 20260827 0.01 0.04 2 0 0.7128 -0.0012 0.000100
550.00 C 20260827 161.48 165.17 0 0 -1.0000 0.9987 0.000100
550.00 P 20260827 0.01 0.03 2 0 0.6772 -0.0013 0.000100
555.00 C 20260827 156.48 160.14 0 0 -1.0000 0.9986 0.000100
555.00 P 20260827 0.02 0.04 0 0 0.6791 -0.0014 0.000100
560.00 C 20260827 151.49 155.18 0 0 -1.0000 0.9985 0.000100
560.00 P 20260827 0.02 0.04 0 10 0.6567 -0.0014 0.000100
565.00 C 20260827 146.49 150.18 0 0 -1.0000 0.9984 0.000100
565.00 P 20260827 0.02 0.04 0 0 0.6345 -0.0016 0.000100
570.00 C 20260827 141.49 145.18 0 1 -1.0000 0.9983 0.000100
570.00 P 20260827 0.02 0.04 0 0 0.6124 -0.0017 0.000100
575.00 C 20260827 136.50 140.19 0 0 -1.0000 0.9982 0.000100
575.00 P 20260827 0.02 0.04 0 1 0.5905 -0.0018 0.000100
580.00 C 20260827 131.50 135.19 0 0 -1.0000 0.9980 0.000100
580.00 P 20260827 0.02 0.04 0 10 0.5687 -0.0020 0.000100
585.00 C 20260827 126.50 130.16 0 0 -1.0000 0.9979 0.000100
585.00 P 20260827 0.02 0.05 0 4 0.5550 -0.0021 0.000100
590.00 C 20260827 121.51 125.20 0 0 0.4287 0.9977 0.000100
590.00 P 20260827 0.02 0.05 0 259 0.5332 -0.0023 0.000100
595.00 C 20260827 116.51 120.20 0 0 -1.0000 0.9975 0.000200
595.00 P 20260827 0.03 0.05 1 1 0.5182 -0.0025 0.000200
600.00 C 20260827 111.52 115.21 0 36 0.4287 0.9972 0.000200
600.00 P 20260827 0.03 0.05 2 60 0.4964 -0.0028 0.000200
605.00 C 20260827 106.52 110.18 0 0 -1.0000 0.9969 0.000200
605.00 P 20260827 0.03 0.05 0 86 0.4747 -0.0031 0.000200
610.00 C 20260827 101.53 105.22 0 0 0.4079 0.9966 0.000200
610.00 P 20260827 0.03 0.05 0 500 0.4531 -0.0034 0.000200
615.00 C 20260827 96.54 100.23 0 0 0.4047 0.9962 0.000300
615.00 P 20260827 0.03 0.05 0 122 0.4316 -0.0038 0.000300
620.00 C 20260827 91.54 95.23 0 0 0.3801 0.9958 0.000300
620.00 P 20260827 0.04 0.06 0 566 0.4204 -0.0042 0.000300
625.00 C 20260827 86.55 90.24 0 0 0.3722 0.9953 0.000400
625.00 P 20260827 0.04 0.06 2 162 0.3986 -0.0047 0.000400
630.00 C 20260827 81.56 85.25 0 0 0.3610 0.9946 0.000400
630.00 P 20260827 0.04 0.06 0 180 0.3770 -0.0053 0.000400
635.00 C 20260827 76.57 80.26 0 0 0.3475 0.9939 0.000500
635.00 P 20260827 0.05 0.07 3494 626 0.3627 -0.0061 0.000500
640.00 C 20260827 71.58 75.28 0 0 0.3361 0.9929 0.000600
640.00 P 20260827 0.06 0.08 103 8223 0.3467 -0.0070 0.000600
645.00 C 20260827 66.60 70.29 0 1 0.3223 0.9917 0.000700
645.00 P 20260827 0.06 0.08 9 581 0.3247 -0.0082 0.000700
650.00 C 20260827 61.62 65.31 0 0 0.3090 0.9902 0.000900
650.00 P 20260827 0.07 0.10 84 7648 0.3096 -0.0098 0.000900
655.00 C 20260827 56.64 60.30 0 3 0.2876 0.9881 0.001100
655.00 P 20260827 0.09 0.12 9 684 0.2950 -0.0119 0.001100
660.00 C 20260827 51.67 55.33 0 0 0.2749 0.9852 0.001400
660.00 P 20260827 0.11 0.14 34 587 0.2785 -0.0148 0.001400
665.00 C 20260827 46.71 50.37 0 51 0.2621 0.9810 0.001900
665.00 P 20260827 0.15 0.17 19 784 0.2641 -0.0190 0.001900
670.00 C 20260827 41.76 45.43 0 11 0.2492 0.9749 0.002500
670.00 P 20260827 0.20 0.22 97 621 0.2503 -0.0251 0.002500
671.00 C 20260827 40.77 44.44 0 0 0.2460 0.9734 0.002700
671.00 P 20260827 0.21 0.24 161 167 0.2481 -0.0266 0.002700
672.00 C 20260827 39.79 43.46 0 1 0.2444 0.9717 0.002900
672.00 P 20260827 0.22 0.25 13 286 0.2450 -0.0282 0.002900
673.00 C 20260827 38.80 42.47 0 0 0.2410 0.9699 0.003100
673.00 P 20260827 0.24 0.27 107 106 0.2430 -0.0301 0.003100
674.00 C 20260827 37.82 41.49 0 0 0.2390 0.9679 0.003200
674.00 P 20260827 0.25 0.28 34 58 0.2396 -0.0320 0.003200
675.00 C 20260827 36.84 40.51 4 0 0.2367 0.9658 0.003500
675.00 P 20260827 0.27 0.30 160 288 0.2375 -0.0341 0.003500
676.00 C 20260827 35.85 39.53 0 0 0.2336 0.9635 0.003700
676.00 P 20260827 0.29 0.32 118 203 0.2347 -0.0366 0.003700
677.00 C 20260827 34.87 38.55 0 61 0.2310 0.9610 0.003900
677.00 P 20260827 0.31 0.34 61 89 0.2322 -0.0390 0.004000
678.00 C 20260827 35.29 37.57 0 0 0.2915 0.9582 0.004200
678.00 P 20260827 0.34 0.37 109 67 0.2308 -0.0417 0.004200
679.00 C 20260827 32.94 35.10 0 0 -1.0000 0.9553 0.004500
679.00 P 20260827 0.37 0.39 412 384 0.2282 -0.0447 0.004500
680.00 C 20260827 31.97 34.30 3 20 -1.0000 0.9520 0.004800
680.00 P 20260827 0.40 0.42 3973 269 0.2263 -0.0478 0.004800
681.00 C 20260827 31.00 33.23 1 0 -1.0000 0.9486 0.005100
681.00 P 20260827 0.43 0.45 151 147 0.2237 -0.0514 0.005100
682.00 C 20260827 30.09 33.69 0 1 0.2233 0.9448 0.005500
682.00 P 20260827 0.46 0.49 193 117 0.2215 -0.0552 0.005500
683.00 C 20260827 29.06 32.72 0 0 0.2175 0.9406 0.005900
683.00 P 20260827 0.50 0.52 221 148 0.2191 -0.0594 0.005900
684.00 C 20260827 28.09 31.76 0 0 0.2148 0.9362 0.006300
684.00 P 20260827 0.54 0.56 121 503 0.2169 -0.0638 0.006300
685.00 C 20260827 27.30 30.81 6 0 0.2198 0.9313 0.006700
685.00 P 20260827 0.58 0.61 2854 240 0.2148 -0.0687 0.006700
686.00 C 20260827 26.34 29.85 0 7 0.2167 0.9261 0.007200
686.00 P 20260827 0.63 0.65 304 139 0.2124 -0.0739 0.007200
687.00 C 20260827 26.79 28.90 0 0 0.2569 0.9204 0.007700
687.00 P 20260827 0.68 0.71 216 80 0.2105 -0.0796 0.007700
688.00 C 20260827 25.85 26.36 0 0 0.2050 0.9142 0.008200
688.00 P 20260827 0.74 0.77 34 275 0.2085 -0.0859 0.008200
689.00 C 20260827 24.92 25.42 0 2 0.2033 0.9076 0.008800
689.00 P 20260827 0.80 0.83 354 229 0.2062 -0.0926 0.008800
690.00 C 20260827 23.98 24.49 8 13 0.2012 0.9004 0.009400
690.00 P 20260827 0.87 0.90 291 1662 0.2043 -0.0998 0.009400
691.00 C 20260827 23.07 25.13 1 0 0.2410 0.8926 0.010000
691.00 P 20260827 0.94 0.97 122 246 0.2020 -0.1076 0.010000
692.00 C 20260827 22.13 22.70 0 0 0.1988 0.8842 0.010600
692.00 P 20260827 1.02 1.06 149 252 0.2002 -0.1159 0.010700
693.00 C 20260827 21.24 21.77 0 0 0.1969 0.8751 0.011300
693.00 P 20260827 1.10 1.15 217 82 0.1981 -0.1250 0.011400
694.00 C 20260827 20.32 20.92 10 0 0.1959 0.8654 0.012000
694.00 P 20260827 1.20 1.25 138 122 0.1963 -0.1348 0.012100
695.00 C 20260827 19.43 20.05 3 42 0.1946 0.8549 0.012800
695.00 P 20260827 1.31 1.36 1092 394 0.1944 -0.1455 0.012800
696.00 C 20260827 17.21 19.12 0 1 0.1576 0.8437 0.013600
696.00 P 20260827 1.42 1.47 142 360 0.1923 -0.1568 0.013600
697.00 C 20260827 16.23 19.76 0 10 0.1914 0.8316 0.014400
697.00 P 20260827 1.55 1.60 74 181 0.1906 -0.1689 0.014500
698.00 C 20260827 15.41 18.89 1 1 0.1902 0.8187 0.015200
698.00 P 20260827 1.69 1.74 89 91 0.1888 -0.1818 0.015300
699.00 C 20260827 14.59 18.03 10 6 0.1888 0.8049 0.016100
699.00 P 20260827 1.84 1.90 84 192 0.1872 -0.1957 0.016200
700.00 C 20260827 15.14 15.69 187 53 0.1847 0.7903 0.017000
700.00 P 20260827 2.00 2.06 2896 561 0.1853 -0.2104 0.017000
701.00 C 20260827 14.33 14.81 0 26 0.1822 0.7747 0.017800
701.00 P 20260827 2.18 2.26 141 140 0.1840 -0.2261 0.017900
702.00 C 20260827 13.59 14.05 80 10 0.1825 0.7581 0.018700
702.00 P 20260827 2.37 2.45 92 177 0.1822 -0.2428 0.018800
703.00 C 20260827 12.76 13.27 288 12 0.1803 0.7406 0.019600
703.00 P 20260827 2.58 2.66 105 164 0.1805 -0.2604 0.019700
704.00 C 20260827 11.97 12.49 556 17 0.1783 0.7221 0.020500
704.00 P 20260827 2.80 2.89 802 402 0.1788 -0.2790 0.020600
705.00 C 20260827 11.22 11.57 46 102 0.1741 0.7028 0.021400
705.00 P 20260827 3.05 3.13 433 366 0.1771 -0.2986 0.021500
706.00 C 20260827 10.62 10.81 146 119 0.1743 0.6824 0.022200
706.00 P 20260827 3.31 3.40 483 719 0.1755 -0.3192 0.022400
707.00 C 20260827 9.94 10.09 17 199 0.1731 0.6610 0.023000
707.00 P 20260827 3.59 3.68 216 165 0.1738 -0.3407 0.023200
708.00 C 20260827 9.24 9.39 36 252 0.1716 0.6387 0.023800
708.00 P 20260827 3.89 3.98 216 170 0.1720 -0.3632 0.024000
709.00 C 20260827 8.57 8.71 62 101 0.1698 0.6156 0.024500
709.00 P 20260827 4.22 4.31 204 229 0.1705 -0.3865 0.024700
710.00 C 20260827 7.93 8.06 585 542 0.1686 0.5916 0.025100
710.00 P 20260827 4.57 4.65 1067 828 0.1688 -0.4108 0.025400
711.00 C 20260827 7.31 7.43 1160 244 0.1670 0.5668 0.025700
711.00 P 20260827 4.94 5.03 1586 338 0.1672 -0.4359 0.026000
712.00 C 20260827 6.71 6.83 1183 360 0.1654 0.5414 0.026200
712.00 P 20260827 5.34 5.43 499 227 0.1655 -0.4617 0.026500
713.00 C 20260827 6.14 6.25 566 459 0.1641 0.5153 0.026600
713.00 P 20260827 5.76 5.86 499 316 0.1640 -0.4882 0.026900
714.00 C 20260827 5.60 5.70 680 256 0.1626 0.4886 0.026800
714.00 P 20260827 6.22 6.31 244 221 0.1624 -0.5152 0.027200
715.00 C 20260827 5.08 5.17 1330 930 0.1609 0.4615 0.027000
715.00 P 20260827 6.70 6.79 232 797 0.1608 -0.5427 0.027300
716.00 C 20260827 4.59 4.69 312 373 0.1597 0.4342 0.027000
716.00 P 20260827 7.20 7.30 411 188 0.1590 -0.5706 0.027400
717.00 C 20260827 4.12 4.22 209 786 0.1583 0.4067 0.026800
717.00 P 20260827 7.73 7.87 135 271 0.1580 -0.5986 0.027200
718.00 C 20260827 3.69 3.79 667 670 0.1569 0.3793 0.026500
718.00 P 20260827 8.30 8.42 429 758 0.1562 -0.6264 0.027000
719.00 C 20260827 3.29 3.38 128 253 0.1554 0.3520 0.026100
719.00 P 20260827 8.90 9.02 345 88 0.1548 -0.6540 0.026600
720.00 C 20260827 2.92 3.00 682 732 0.1541 0.3254 0.025500
720.00 P 20260827 9.52 9.66 65 313 0.1535 -0.6816 0.026000
721.00 C 20260827 2.57 2.66 492 251 0.1528 0.2992 0.024800
721.00 P 20260827 10.17 10.33 22 131 0.1521 -0.7082 0.025300
722.00 C 20260827 2.25 2.31 500 180 0.1510 0.2738 0.023900
722.00 P 20260827 10.75 11.18 6 104 0.1517 -0.7344 0.024400
723.00 C 20260827 1.96 2.05 165 208 0.1503 0.2490 0.023000
723.00 P 20260827 11.46 11.90 25 69 0.1503 -0.7598 0.023500
724.00 C 20260827 1.70 1.76 170 175 0.1487 0.2252 0.021900
724.00 P 20260827 12.20 12.61 2 147 0.1483 -0.7842 0.022400
725.00 C 20260827 1.46 1.52 552 1854 0.1474 0.2023 0.020700
725.00 P 20260827 12.96 13.39 20 90 0.1470 -0.8077 0.021200
726.00 C 20260827 1.25 1.30 58 194 0.1461 0.1805 0.019500
726.00 P 20260827 12.08 14.21 2 32 0.0994 -0.8300 0.019900
727.00 C 20260827 1.06 1.11 162 175 0.1450 0.1598 0.018200
727.00 P 20260827 12.90 15.02 1 37 0.0816 -0.8512 0.018500
728.00 C 20260827 0.89 0.94 474 1265 0.1437 0.1404 0.016800
728.00 P 20260827 13.74 15.87 1 40 -1.0000 -0.8711 0.017100
729.00 C 20260827 0.74 0.79 648 81 0.1424 0.1222 0.015400
729.00 P 20260827 16.24 16.74 5 41 0.1413 -0.8897 0.015600
730.00 C 20260827 0.62 0.65 1654 582 0.1412 0.1055 0.014000
730.00 P 20260827 15.46 17.63 54 223 -1.0000 -0.9067 0.014100
731.00 C 20260827 0.51 0.54 122 389 0.1402 0.0901 0.012600
731.00 P 20260827 16.37 18.54 5 84 -1.0000 -0.9221 0.012600
732.00 C 20260827 0.41 0.44 477 2180 0.1387 0.0763 0.011300
732.00 P 20260827 17.29 19.49 0 25 -1.0000 -0.9359 0.011100
733.00 C 20260827 0.33 0.36 896 1398 0.1381 0.0640 0.009900
733.00 P 20260827 18.22 20.43 11 139 -1.0000 -0.9479 0.009600
734.00 C 20260827 0.27 0.29 115 84 0.1369 0.0533 0.008700
734.00 P 20260827 19.17 21.35 3 212 -1.0000 -0.9583 0.008200
735.00 C 20260827 0.21 0.24 510 436 0.1360 0.0440 0.007500
735.00 P 20260827 20.13 22.33 8 105 -1.0000 -0.9670 0.006900
736.00 C 20260827 0.17 0.19 182 80 0.1353 0.0361 0.006400
736.00 P 20260827 21.10 23.31 0 3 -1.0000 -0.9743 0.005700
737.00 C 20260827 0.13 0.15 81 44 0.1341 0.0295 0.005500
737.00 P 20260827 22.07 25.76 0 4 -1.0000 -0.9801 0.004700
738.00 C 20260827 0.10 0.12 239 129 0.1334 0.0241 0.004600
738.00 P 20260827 23.07 25.46 0 0 -1.0000 -0.9847 0.003800
739.00 C 20260827 0.07 0.10 41 76 0.1326 0.0196 0.003900
739.00 P 20260827 24.07 27.76 0 0 -1.0000 -0.9882 0.003100
740.00 C 20260827 0.06 0.08 2160 714 0.1331 0.0161 0.003300
740.00 P 20260827 25.07 28.76 5 0 -1.0000 -0.9910 0.002400
741.00 C 20260827 0.04 0.06 51 56 0.1311 0.0133 0.002800
741.00 P 20260827 26.07 29.76 0 0 -1.0000 -0.9930 0.002000
742.00 C 20260827 0.03 0.05 17 80 0.1312 0.0112 0.002400
742.00 P 20260827 27.07 30.76 0 0 -1.0000 -0.9946 0.001600
743.00 C 20260827 0.02 0.05 84 63 0.1330 0.0093 0.002000
743.00 P 20260827 28.07 31.76 0 0 -1.0000 -0.9957 0.001300
744.00 C 20260827 0.02 0.04 14 27 0.1342 0.0080 0.001800
744.00 P 20260827 29.07 32.76 0 0 -1.0000 -0.9965 0.001100
745.00 C 20260827 0.02 0.03 137 139 0.1356 0.0067 0.001500
745.00 P 20260827 30.07 33.76 0 0 -1.0000 -0.9972 0.000900
746.00 C 20260827 0.01 0.03 10 40 0.1360 0.0058 0.001300
746.00 P 20260827 31.07 34.76 0 0 -1.0000 -0.9977 0.000700
747.00 C 20260827 0.01 0.03 11 32 0.1396 0.0051 0.001100
747.00 P 20260827 32.07 35.76 0 0 -1.0000 -0.9981 0.000600
748.00 C 20260827 0.01 0.03 1 125 0.1430 0.0045 0.001000
748.00 P 20260827 33.07 36.76 0 0 -1.0000 -0.9984 0.000500
749.00 C 20260827 0.00 0.02 94 101 0.1368 0.0040 0.000900
749.00 P 20260827 34.07 37.76 1 0 -1.0000 -0.9986 0.000400
750.00 C 20260827 0.00 0.02 40 465 0.1402 0.0036 0.000800
750.00 P 20260827 35.07 38.76 0 0 -1.0000 -0.9988 0.000400
751.00 C 20260827 0.00 0.02 76 102 0.1436 0.0032 0.000700
751.00 P 20260827 36.07 39.76 0 0 -1.0000 -0.9990 0.000300
752.00 C 20260827 0.00 0.02 0 122 0.1469 0.0029 0.000600
752.00 P 20260827 37.07 40.76 0 0 -1.0000 -0.9991 0.000300
753.00 C 20260827 0.00 0.02 0 47 0.1499 0.0026 0.000600
753.00 P 20260827 38.07 41.76 0 0 -1.0000 -0.9992 0.000200
754.00 C 20260827 0.00 0.02 6 54 0.1533 0.0024 0.000500
754.00 P 20260827 39.07 42.76 0 0 -1.0000 -0.9993 0.000200
755.00 C 20260827 0.00 0.02 24 201 0.1566 0.0022 0.000500
755.00 P 20260827 40.07 43.76 0 0 -1.0000 -0.9994 0.000200
756.00 C 20260827 0.00 0.02 10 44 0.1599 0.0020 0.000400
756.00 P 20260827 41.07 44.76 0 0 -1.0000 -0.9995 0.000200
757.00 C 20260827 0.00 0.02 45 23 0.1632 0.0018 0.000400
757.00 P 20260827 42.07 45.76 0 0 -1.0000 -0.9995 0.000100
758.00 C 20260827 0.00 0.02 0 21 0.1666 0.0016 0.000400
758.00 P 20260827 43.07 46.76 0 0 -1.0000 -0.9996 0.000100
759.00 C 20260827 0.00 0.02 0 34 0.1697 0.0016 0.000300
759.00 P 20260827 44.07 47.76 0 0 -1.0000 -0.9996 0.000100
760.00 C 20260827 0.01 0.02 0 73 0.1799 0.0014 0.000300
760.00 P 20260827 45.07 48.76 0 0 -1.0000 -0.9997 0.000100
765.00 C 20260827 0.00 0.02 12 706 0.1893 0.0010 0.000200
765.00 P 20260827 50.07 53.76 0 0 -1.0000 -0.9998 0.000100
770.00 C 20260827 0.00 0.02 0 100 0.2053 0.0007 0.000100
770.00 P 20260827 55.07 58.76 0 0 -1.0000 -0.9999 0.000000
775.00 C 20260827 0.00 0.02 0 420 0.2208 0.0005 0.000100
775.00 P 20260827 60.07 63.76 0 0 -1.0000 -0.9999 0.000000
780.00 C 20260827 0.00 0.02 0 46 0.2364 0.0004 0.000100
780.00 P 20260827 65.07 68.76 0 0 -1.0000 -0.9999 0.000000
785.00 C 20260827 0.00 0.02 0 12 0.2517 0.0003 0.000100
785.00 P 20260827 70.07 73.76 0 0 -1.0000 -1.0000 0.000000
790.00 C 20260827 0.00 0.01 1 1 0.2521 0.0002 0.000000
790.00 P 20260827 75.07 78.76 0 0 -1.0000 -1.0000 0.000000
795.00 C 20260827 0.00 0.01 0 0 0.2664 0.0002 0.000000
795.00 P 20260827 80.07 83.76 0 0 -1.0000 -1.0000 0.000000
800.00 C 20260827 0.00 0.01 0 108 0.2806 0.0001 0.000000
800.00 P 20260827 85.07 88.76 0 0 -1.0000 -1.0000 0.000000
805.00 C 20260827 0.00 0.01 0 0 0.2946 0.0001 0.000000
805.00 P 20260827 90.07 93.76 0 0 -1.0000 -1.0000 0.000000
810.00 C 20260827 0.00 0.01 0 2 0.3087 0.0001 0.000000
810.00 P 20260827 95.07 98.76 0 0 -1.0000 -1.0000 0.000000
815.00 C 20260827 0.00 0.01 0 0 0.3224 0.0001 0.000000
815.00 P 20260827 100.07 103.76 0 0 -1.0000 -1.0000 0.000000
820.00 C 20260827 0.00 0.01 0 0 0.3360 0.0001 0.000000
820.00 P 20260827 105.07 108.76 0 0 -1.0000 -1.0000 0.000000
825.00 C 20260827 0.00 0.01 0 0 0.3495 0.0000 0.000000
825.00 P 20260827 110.07 113.76 0 0 -1.0000 -1.0000 0.000000
830.00 C 20260827 0.00 0.01 0 0 0.3626 0.0000 0.000000
830.00 P 20260827 115.07 118.76 0 0 -1.0000 -1.0000 0.000000
835.00 C 20260827 0.00 0.01 0 0 0.3759 0.0000 0.000000
835.00 P 20260827 120.07 123.76 0 0 -1.0000 -1.0000 0.000000
840.00 C 20260827 0.00 0.01 0 0 0.3892 0.0000 0.000000
840.00 P 20260827 125.07 128.76 0 0 -1.0000 -1.0000 0.000000
845.00 C 20260827 0.00 0.01 0 0 0.4022 0.0000 0.000000
845.00 P 20260827 130.07 133.76 0 0 -1.0000 -1.0000 0.000000
850.00 C 20260827 0.00 0.01 0 0 0.4151 0.0000 0.000000
850.00 P 20260827 135.07 138.76 0 0 -1.0000 -1.0000 0.000000
855.00 C 20260827 0.00 0.01 0 0 0.4279 0.0000 0.000000
855.00 P 20260827 140.07 143.76 0 0 -1.0000 -1.0000 0.000000
860.00 C 20260827 0.00 0.01 0 0 0.4406 0.0000 0.000000
860.00 P 20260827 145.07 148.76 0 0 -1.0000 -1.0000 0.000000
865.00 C 20260827 0.00 0.01 0 0 0.4531 0.0000 0.000000
865.00 P 20260827 150.07 153.76 0 0 -1.0000 -1.0000 0.000000
870.00 C 20260827 0.00 0.01 0 0 0.4656 0.0000 0.000000
870.00 P 20260827 155.07 158.76 0 0 -1.0000 -1.0000 0.000000
875.00 C 20260827 0.00 0.01 0 0 0.4780 0.0000 0.000000
875.00 P 20260827 160.07 163.76 0 0 -1.0000 -1.0000 0.000000
880.00 C 20260827 0.00 0.01 0 0 0.4901 0.0000 0.000000
880.00 P 20260827 165.07 168.76 0 0 -1.0000 -1.0000 0.000000
885.00 C 20260827 0.00 0.01 0 0 0.5023 0.0000 0.000000
885.00 P 20260827 170.07 173.76 0 0 -1.0000 -1.0000 0.000000
890.00 C 20260827 0.00 0.01 0 0 0.5144 0.0000 0.000000
890.00 P 20260827 175.07 178.76 0 0 -1.0000 -1.0000 0.000000
895.00 C 20260827 0.00 0.01 0 0 0.5264 0.0000 0.000000
895.00 P 20260827 180.07 183.76 0 0 -1.0000 -1.0000 0.000000
900.00 C 20260827 0.00 0.01 0 0 0.5383 0.0000 0.000000
900.00 P 20260827 185.07 188.76 0 0 -1.0000 -1.0000 0.000000
905.00 C 20260827 0.00 0.01 0 0 0.5501 0.0000 0.000000
905.00 P 20260827 190.07 193.76 0 0 -1.0000 -1.0000 0.000000
910.00 C 20260827 0.00 0.01 0 0 0.5619 0.0000 0.000000
910.00 P 20260827 195.07 198.76 0 0 -1.0000 -1.0000 0.000000
915.00 C 20260827 0.00 0.01 0 0 0.5735 0.0000 0.000000
915.00 P 20260827 200.07 203.76 0 0 -1.0000 -1.0000 0.000000
920.00 C 20260827 0.00 0.01 0 0 0.5851 0.0000 0.000000
920.00 P 20260827 205.07 208.76 0 0 -1.0000 -1.0000 0.000000
925.00 C 20260827 0.00 0.01 0 0 0.5966 0.0000 0.000000
925.00 P 20260827 210.07 213.76 0 0 -1.0000 -1.0000 0.000000
930.00 C 20260827 0.00 0.01 0 0 0.6080 0.0000 0.000000
930.00 P 20260827 215.07 218.76 0 0 -1.0000 -1.0000 0.000000
935.00 C 20260827 0.00 0.01 0 0 0.6197 0.0000 0.000000
935.00 P 20260827 220.07 223.76 0 0 -1.0000 -1.0000 0.000000
940.00 C 20260827 0.00 0.01 0 0 0.6310 0.0000 0.000000
940.00 P 20260827 225.07 228.76 0 0 -1.0000 -1.0000 0.000000
945.00 C 20260827 0.00 0.01 0 10 0.6422 0.0000 0.000000
945.00 P 20260827 230.07 233.76 0 0 -1.0000 -1.0000 0.000000
950.00 C 20260827 0.00 0.01 0 0 0.6533 0.0000 0.000000
950.00 P 20260827 235.07 238.76 0 0 -1.0000 -1.0000 0.000000
360.00 C 20260828 351.50 355.19 0 11 -1.0000 0.9996 0.000000
360.00 P 20260828 0.00 0.01 157 37 1.4088 -0.0004 0.000000
365.00 C 20260828 346.51 350.20 0 0 -1.0000 0.9996 0.000000
365.00 P 20260828 0.00 0.02 0 5 1.4479 -0.0004 0.000000
370.00 C 20260828 341.51 345.20 0 0 -1.0000 0.9996 0.000000
370.00 P 20260828 0.00 0.02 0 53 1.4199 -0.0004 0.000000
375.00 C 20260828 336.51 340.20 0 0 -1.0000 0.9995 0.000000
375.00 P 20260828 0.00 0.02 0 20 1.3922 -0.0004 0.000000
380.00 C 20260828 331.52 335.21 0 10 -1.0000 0.9995 0.000000
380.00 P 20260828 0.00 0.02 0 26 1.3649 -0.0004 0.000000
385.00 C 20260828 326.52 330.18 0 0 -1.0000 0.9995 0.000000
385.00 P 20260828 0.00 0.03 0 80 1.3780 -0.0004 0.000000
390.00 C 20260828 321.52 325.18 0 2 -1.0000 0.9995 0.000000
390.00 P 20260828 0.00 0.03 0 75 1.3507 -0.0004 0.000000
395.00 C 20260828 316.53 320.18 0 0 -1.0000 0.9995 0.000000
395.00 P 20260828 0.00 0.03 0 91 1.3237 -0.0005 0.000000
400.00 C 20260828 311.53 315.22 2 5 -1.0000 0.9995 0.000000
400.00 P 20260828 0.00 0.03 0 194 1.2970 -0.0005 0.000000
405.00 C 20260828 306.53 310.22 0 0 -1.0000 0.9995 0.000000
405.00 P 20260828 0.00 0.03 0 26 1.2706 -0.0005 0.000000
410.00 C 20260828 301.54 305.23 0 0 -1.0000 0.9994 0.000000
410.00 P 20260828 0.00 0.03 0 21 1.2446 -0.0005 0.000000
415.00 C 20260828 296.54 300.23 0 0 -1.0000 0.9994 0.000000
415.00 P 20260828 0.00 0.03 0 31 1.2188 -0.0005 0.000000
420.00 C 20260828 291.54 295.20 0 1 -1.0000 0.9994 0.000000
420.00 P 20260828 0.00 0.01 0 14 1.1042 -0.0005 0.000000
425.00 C 20260828 286.55 290.24 0 0 -1.0000 0.9994 0.000000
425.00 P 20260828 0.00 0.01 4 1 1.0807 -0.0006 0.000000
430.00 C 20260828 281.55 285.21 0 0 -1.0000 0.9994 0.000000
430.00 P 20260828 0.00 0.02 0 18 1.1095 -0.0006 0.000000
435.00 C 20260828 276.56 280.25 0 0 -1.0000 0.9994 0.000000
435.00 P 20260828 0.00 0.02 0 12 1.0855 -0.0006 0.000000
440.00 C 20260828 271.56 275.25 0 13 -1.0000 0.9993 0.000000
440.00 P 20260828 0.00 0.01 3 312 1.0119 -0.0006 0.000000
445.00 C 20260828 266.56 270.25 0 0 -1.0000 0.9993 0.000000
445.00 P 20260828 0.00 0.03 0 6 1.0702 -0.0006 0.000000
450.00 C 20260828 261.57 265.26 1 0 -1.0000 0.9993 0.000000
450.00 P 20260828 0.01 0.03 0 231 1.0701 -0.0007 0.000000
455.00 C 20260828 256.57 260.26 0 10 -1.0000 0.9993 0.000000
455.00 P 20260828 0.01 0.03 0 13 1.0460 -0.0007 0.000000
460.00 C 20260828 251.57 255.26 0 1 -1.0000 0.9992 0.000000
460.00 P 20260828 0.01 0.02 0 419 0.9993 -0.0007 0.000000
465.00 C 20260828 246.58 250.27 0 0 -1.0000 0.9992 0.000000
465.00 P 20260828 0.01 0.02 0 78 0.9759 -0.0007 0.000000
470.00 C 20260828 241.58 245.27 0 0 -1.0000 0.9992 0.000000
470.00 P 20260828 0.01 0.03 11000 325 0.9752 -0.0008 0.000000
475.00 C 20260828 236.58 240.25 0 1 -1.0000 0.9992 0.000000
475.00 P 20260828 0.01 0.04 0 107 0.9695 -0.0008 0.000000
480.00 C 20260828 231.59 235.28 0 1 -1.0000 0.9991 0.000000
480.00 P 20260828 0.01 0.04 0 161 0.9462 -0.0008 0.000000
485.00 C 20260828 226.59 230.28 0 1 -1.0000 0.9991 0.000000
485.00 P 20260828 0.01 0.04 20 375 0.9231 -0.0009 0.000000
490.00 C 20260828 221.60 225.29 0 11 -1.0000 0.9990 0.000000
490.00 P 20260828 0.01 0.04 0 97 0.9003 -0.0009 0.000000
495.00 C 20260828 216.60 220.29 0 0 -1.0000 0.9990 0.000000
495.00 P 20260828 0.01 0.04 0 63 0.8776 -0.0010 0.000000
500.00 C 20260828 211.60 215.29 4 16 -1.0000 0.9990 0.000000
500.00 P 20260828 0.01 0.04 4143 159 0.8551 -0.0010 0.000000
505.00 C 20260828 206.61 210.30 0 0 -1.0000 0.9989 0.000000
505.00 P 20260828 0.02 0.04 29 155 0.8460 -0.0011 0.000000
510.00 C 20260828 201.59 205.30 40 0 -1.0000 0.9988 0.000000
510.00 P 20260828 0.02 0.04 0 547 0.8236 -0.0011 0.000000
515.00 C 20260828 196.61 200.27 0 0 -1.0000 0.9988 0.000000
515.00 P 20260828 0.02 0.04 1 357 0.8014 -0.0012 0.000000
520.00 C 20260828 191.62 195.31 0 0 -1.0000 0.9987 0.000000
520.00 P 20260828 0.02 0.04 2 501 0.7794 -0.0012 0.000000
525.00 C 20260828 186.62 190.31 0 1 -1.0000 0.9986 0.000100
525.00 P 20260828 0.02 0.05 100 88 0.7678 -0.0013 0.000100
530.00 C 20260828 181.63 185.32 0 11 -1.0000 0.9986 0.000100
530.00 P 20260828 0.02 0.05 10 2364 0.7459 -0.0014 0.000100
535.00 C 20260828 176.63 180.32 0 10 -1.0000 0.9985 0.000100
535.00 P 20260828 0.02 0.05 404 721 0.7242 -0.0015 0.000100
540.00 C 20260828 171.63 175.29 1 14 -1.0000 0.9984 0.000100
540.00 P 20260828 0.02 0.04 5742 364 0.6930 -0.0016 0.000100
545.00 C 20260828 166.64 170.33 0 20 -1.0000 0.9983 0.000100
545.00 P 20260828 0.02 0.05 0 765 0.6812 -0.0016 0.000100
550.00 C 20260828 161.64 165.33 0 2 -1.0000 0.9982 0.000100
550.00 P 20260828 0.02 0.05 111 424 0.6599 -0.0018 0.000100
555.00 C 20260828 156.65 160.35 0 252 -1.0000 0.9981 0.000100
555.00 P 20260828 0.03 0.04 37 251 0.6388 -0.0019 0.000100
560.00 C 20260828 151.65 155.34 0 20 -1.0000 0.9980 0.000100
560.00 P 20260828 0.03 0.05 105 347 0.6256 -0.0020 0.000100
565.00 C 20260828 146.66 150.35 0 2 -1.0000 0.9978 0.000100
565.00 P 20260828 0.03 0.05 6 456 0.6045 -0.0021 0.000100
570.00 C 20260828 141.66 145.35 166 30 -1.0000 0.9977 0.000100
570.00 P 20260828 0.03 0.05 7 793 0.5836 -0.0023 0.000100
575.00 C 20260828 136.67 140.36 0 2 -1.0000 0.9975 0.000100
575.00 P 20260828 0.03 0.06 10 481 0.5693 -0.0025 0.000100
580.00 C 20260828 131.65 135.33 75 19 -1.0000 0.9973 0.000100
580.00 P 20260828 0.03 0.05 12 1119 0.5422 -0.0027 0.000100
585.00 C 20260828 126.68 130.37 0 12 -1.0000 0.9971 0.000200
585.00 P 20260828 0.03 0.06 7 397 0.5277 -0.0029 0.000200
590.00 C 20260828 121.69 125.38 0 13 -1.0000 0.9968 0.000200
590.00 P 20260828 0.03 0.06 5 1037 0.5071 -0.0032 0.000200
595.00 C 20260828 116.70 120.39 2 5 -1.0000 0.9965 0.000200
595.00 P 20260828 0.04 0.05 21 974 0.4866 -0.0034 0.000200
600.00 C 20260828 111.68 115.36 126 9 -1.0000 0.9962 0.000200
600.00 P 20260828 0.04 0.06 167 1601 0.4712 -0.0038 0.000200
605.00 C 20260828 106.71 110.37 0 30 -1.0000 0.9958 0.000300
605.00 P 20260828 0.05 0.06 95 1513 0.4552 -0.0041 0.000300
610.00 C 20260828 101.72 105.41 0 26 0.2808 0.9954 0.000300
610.00 P 20260828 0.05 0.07 38 911 0.4388 -0.0046 0.000300
615.00 C 20260828 96.73 100.42 0 29 0.3388 0.9949 0.000400
615.00 P 20260828 0.05 0.07 47 630 0.4181 -0.0050 0.000400
620.00 C 20260828 91.74 95.40 11 15 -1.0000 0.9943 0.000400
620.00 P 20260828 0.05 0.08 92 5455 0.4011 -0.0056 0.000400
625.00 C 20260828 86.75 90.45 0 8 0.3414 0.9936 0.000500
625.00 P 20260828 0.06 0.08 244 469 0.3837 -0.0063 0.000500
630.00 C 20260828 81.77 85.46 0 245 0.3353 0.9928 0.000500
630.00 P 20260828 0.06 0.09 1155 8444 0.3659 -0.0072 0.000500
635.00 C 20260828 76.78 80.48 8 46 0.3254 0.9918 0.000600
635.00 P 20260828 0.08 0.10 106 606 0.3526 -0.0082 0.000600
640.00 C 20260828 71.80 75.46 7 34 0.3025 0.9905 0.000800
640.00 P 20260828 0.09 0.11 173 1882 0.3362 -0.0095 0.000800
645.00 C 20260828 66.82 70.49 3 47 0.2965 0.9889 0.000900
645.00 P 20260828 0.11 0.13 212 2060 0.3224 -0.0111 0.000900
650.00 C 20260828 61.85 65.52 55 150 0.2883 0.9867 0.001100
650.00 P 20260828 0.12 0.15 712 2095 0.3054 -0.0133 0.001100
651.00 C 20260828 60.86 64.52 0 8 0.2858 0.9862 0.001200
651.00 P 20260828 0.12 0.15 3 166 0.3010 -0.0138 0.001200
652.00 C 20260828 59.86 63.56 0 27 0.2886 0.9856 0.001200
652.00 P 20260828 0.13 0.16 11 132 0.2995 -0.0144 0.001200
653.00 C 20260828 58.87 62.54 0 13 0.2823 0.9850 0.001300
653.00 P 20260828 0.14 0.16 36 153 0.2965 -0.0150 0.001300
654.00 C 20260828 57.88 61.54 0 11 0.2795 0.9844 0.001300
654.00 P 20260828 0.14 0.17 16 227 0.2934 -0.0156 0.001300
655.00 C 20260828 56.87 60.58 11 54 0.2798 0.9838 0.001400
655.00 P 20260828 0.15 0.18 101 1331 0.2916 -0.0162 0.001400
656.00 C 20260828 55.89 59.59 0 59 0.2796 0.9830 0.001500
656.00 P 20260828 0.15 0.18 19 101 0.2871 -0.0170 0.001500
657.00 C 20260828 54.90 58.57 0 9 0.2736 0.9823 0.001500
657.00 P 20260828 0.16 0.19 167 254 0.2849 -0.0178 0.001500
658.00 C 20260828 53.91 57.58 0 10 0.2718 0.9815 0.001600
658.00 P 20260828 0.17 0.20 28 167 0.2827 -0.0186 0.001600
659.00 C 20260828 52.92 56.58 0 7 0.2685 0.9806 0.001700
659.00 P 20260828 0.18 0.21 107 101 0.2803 -0.0195 0.001700
660.00 C 20260828 51.93 55.60 8 21 0.2676 0.9797 0.001800
660.00 P 20260828 0.19 0.20 685 3488 0.2758 -0.0204 0.001800
661.00 C 20260828 50.94 54.61 0 16 0.2653 0.9787 0.001900
661.00 P 20260828 0.20 0.22 163 217 0.2743 -0.0214 0.001900
662.00 C 20260828 49.95 53.62 0 53 0.2629 0.9776 0.002000
662.00 P 20260828 0.21 0.23 532 152 0.2717 -0.0225 0.002000
663.00 C 20260828 48.96 52.63 2 16 0.2604 0.9765 0.002100
663.00 P 20260828 0.22 0.25 39 534 0.2698 -0.0236 0.002100
664.00 C 20260828 47.97 51.64 0 11 0.2577 0.9752 0.002200
664.00 P 20260828 0.23 0.26 208 3344 0.2669 -0.0248 0.002200
665.00 C 20260828 46.99 50.66 1 126 0.2568 0.9739 0.002300
665.00 P 20260828 0.24 0.27 329 1093 0.2639 -0.0262 0.002300
666.00 C 20260828 46.00 49.67 1 22 0.2539 0.9725 0.002400
666.00 P 20260828 0.25 0.29 127 115 0.2618 -0.0276 0.002400
667.00 C 20260828 45.02 48.69 0 80 0.2526 0.9710 0.002600
667.00 P 20260828 0.28 0.30 1008 462 0.2600 -0.0292 0.002600
668.00 C 20260828 44.03 47.70 0 126 0.2494 0.9693 0.002700
668.00 P 20260828 0.29 0.32 814 212 0.2574 -0.0308 0.002700
669.00 C 20260828 43.05 46.72 0 81 0.2476 0.9676 0.002900
669.00 P 20260828 0.30 0.34 3195 1751 0.2546 -0.0326 0.002900
670.00 C 20260828 42.37 45.74 39 285 0.2650 0.9656 0.003000
670.00 P 20260828 0.32 0.35 880 7006 0.2517 -0.0346 0.003100
671.00 C 20260828 41.08 44.76 0 46 0.2429 0.9636 0.003200
671.00 P 20260828 0.35 0.37 1683 133 0.2501 -0.0366 0.003200
672.00 C 20260828 40.10 43.78 0 65 0.2406 0.9614 0.003400
672.00 P 20260828 0.36 0.39 526 3488 0.2469 -0.0389 0.003400
673.00 C 20260828 39.16 42.80 0 53 0.2407 0.9590 0.003600
673.00 P 20260828 0.39 0.42 573 326 0.2457 -0.0411 0.003600
674.00 C 20260828 38.17 41.83 0 314 0.2380 0.9564 0.003800
674.00 P 20260828 0.42 0.45 422 615 0.2440 -0.0437 0.003800
675.00 C 20260828 37.21 40.85 14 483 -1.0000 0.9537 0.004100
675.00 P 20260828 0.44 0.47 2800 4627 0.2410 -0.0464 0.004100
676.00 C 20260828 36.23 39.89 7 188 0.2342 0.9507 0.004300
676.00 P 20260828 0.47 0.50 85 278 0.2389 -0.0494 0.004300
677.00 C 20260828 36.26 38.92 0 119 0.2727 0.9476 0.004600
677.00 P 20260828 0.50 0.53 179 280 0.2365 -0.0526 0.004600
678.00 C 20260828 35.27 37.95 9 121 0.2682 0.9441 0.004800
678.00 P 20260828 0.54 0.57 933 301 0.2349 -0.0560 0.004900
679.00 C 20260828 34.27 36.99 8 92 0.2636 0.9404 0.005100
679.00 P 20260828 0.57 0.61 57 274 0.2324 -0.0599 0.005200
680.00 C 20260828 33.40 36.03 20 271 0.2630 0.9365 0.005500
680.00 P 20260828 0.61 0.63 4747 10985 0.2294 -0.0639 0.005500
681.00 C 20260828 32.43 35.07 2 59 0.2592 0.9322 0.005800
681.00 P 20260828 0.66 0.69 470 327 0.2283 -0.0682 0.005800
682.00 C 20260828 31.57 34.12 0 69 0.2586 0.9277 0.006100
682.00 P 20260828 0.70 0.74 710 167 0.2261 -0.0727 0.006200
683.00 C 20260828 30.43 33.17 0 69 0.2527 0.9228 0.006500
683.00 P 20260828 0.76 0.79 815 539 0.2244 -0.0777 0.006600
684.00 C 20260828 29.60 32.22 1 64 0.2498 0.9175 0.006900
684.00 P 20260828 0.81 0.85 317 374 0.2223 -0.0830 0.007000
685.00 C 20260828 28.93 29.77 29 260 0.2095 0.9119 0.007300
685.00 P 20260828 0.87 0.91 1213 3854 0.2204 -0.0887 0.007400
686.00 C 20260828 27.81 30.34 1 83 0.2458 0.9058 0.007800
686.00 P 20260828 0.94 0.97 557 443 0.2184 -0.0948 0.007800
687.00 C 20260828 26.91 29.57 0 104 0.2474 0.8994 0.008200
687.00 P 20260828 1.01 1.05 1475 396 0.2169 -0.1013 0.008300
688.00 C 20260828 26.09 28.47 2 242 0.2426 0.8925 0.008700
688.00 P 20260828 1.08 1.12 735 412 0.2145 -0.1084 0.008800
689.00 C 20260828 25.22 27.54 1 100 0.2405 0.8851 0.009200
689.00 P 20260828 1.16 1.21 577 489 0.2129 -0.1157 0.009300
690.00 C 20260828 24.35 26.62 56 735 0.2383 0.8773 0.009700
690.00 P 20260828 1.27 1.28 5753 4813 0.2111 -0.1238 0.009800
691.00 C 20260828 23.49 25.71 0 161 0.2363 0.8689 0.010200
691.00 P 20260828 1.34 1.40 956 381 0.2093 -0.1321 0.010400
692.00 C 20260828 22.66 23.27 2 136 0.2014 0.8600 0.010800
692.00 P 20260828 1.47 1.50 1141 838 0.2075 -0.1413 0.010900
693.00 C 20260828 21.78 23.89 1 134 0.2315 0.8504 0.011400
693.00 P 20260828 1.56 1.62 1260 769 0.2060 -0.1508 0.011500
694.00 C 20260828 20.93 23.01 2 259 0.2294 0.8404 0.012000
694.00 P 20260828 1.68 1.75 1545 1861 0.2044 -0.1610 0.012100
695.00 C 20260828 20.06 20.63 43 494 0.1977 0.8296 0.012600
695.00 P 20260828 1.82 1.88 2565 2937 0.2029 -0.1718 0.012700
696.00 C 20260828 19.24 21.34 4 235 0.2260 0.8183 0.013200
696.00 P 20260828 1.96 2.03 683 284 0.2013 -0.1833 0.013400
697.00 C 20260828 18.39 20.49 8 233 0.2235 0.8063 0.013900
697.00 P 20260828 2.12 2.18 817 942 0.1998 -0.1955 0.014000
698.00 C 20260828 17.55 18.08 79 201 0.1939 0.7936 0.014600
698.00 P 20260828 2.28 2.35 1396 597 0.1982 -0.2083 0.014700
699.00 C 20260828 16.73 17.35 82 223 0.1941 0.7802 0.015200
699.00 P 20260828 2.45 2.54 1699 972 0.1967 -0.2218 0.015400
700.00 C 20260828 15.89 16.44 684 1154 0.1905 0.7662 0.015900
700.00 P 20260828 2.65 2.72 12796 13898 0.1950 -0.2363 0.016100
701.00 C 20260828 15.15 15.64 239 329 0.1899 0.7515 0.016600
701.00 P 20260828 2.83 2.93 363 3590 0.1932 -0.2514 0.016800
702.00 C 20260828 14.43 14.88 126 210 0.1898 0.7360 0.017200
702.00 P 20260828 3.06 3.14 1515 290 0.1917 -0.2671 0.017500
703.00 C 20260828 13.58 14.08 39 205 0.1867 0.7198 0.017900
703.00 P 20260828 3.28 3.38 556 2244 0.1901 -0.2835 0.018200
704.00 C 20260828 12.83 13.32 712 203 0.1852 0.7028 0.018600
704.00 P 20260828 3.52 3.62 1930 1486 0.1883 -0.3008 0.018800
705.00 C 20260828 12.33 12.51 1095 3053 0.1861 0.6852 0.019200
705.00 P 20260828 3.80 3.86 6438 8217 0.1864 -0.3188 0.019500
706.00 C 20260828 11.63 11.78 1437 258 0.1849 0.6667 0.019800
706.00 P 20260828 4.07 4.17 1009 621 0.1853 -0.3374 0.020100
707.00 C 20260828 10.93 11.08 1674 361 0.1835 0.6477 0.020400
707.00 P 20260828 4.37 4.47 1580 1235 0.1837 -0.3569 0.020700
708.00 C 20260828 10.25 10.40 1900 756 0.1821 0.6280 0.021000
708.00 P 20260828 4.69 4.79 1198 1018 0.1823 -0.3770 0.021300
709.00 C 20260828 9.59 9.70 1418 308 0.1800 0.6075 0.021500
709.00 P 20260828 5.01 5.12 1036 2731 0.1804 -0.3977 0.021800
710.00 C 20260828 8.94 9.08 6896 2213 0.1789 0.5865 0.022000
710.00 P 20260828 5.38 5.45 5206 3211 0.1786 -0.4191 0.022300
711.00 C 20260828 8.31 8.46 4299 875 0.1775 0.5648 0.022400
711.00 P 20260828 5.75 5.86 1987 671 0.1773 -0.4412 0.022800
712.00 C 20260828 7.71 7.85 5602 1831 0.1760 0.5427 0.022800
712.00 P 20260828 6.17 6.26 2528 970 0.1760 -0.4639 0.023100
712.50 C 20260828 7.43 7.57 1145 213 0.1753 0.5314 0.022900
712.50 P 20260828 6.36 6.47 1291 200 0.1750 -0.4754 0.023300
713.00 C 20260828 7.15 7.26 3211 530 0.1743 0.5200 0.023000
713.00 P 20260828 6.58 6.70 2615 418 0.1745 -0.4870 0.023500
714.00 C 20260828 6.60 6.72 3981 759 0.1732 0.4969 0.023300
714.00 P 20260828 7.07 7.14 4028 460 0.1733 -0.5106 0.023700
715.00 C 20260828 6.10 6.18 18400 2181 0.1720 0.4734 0.023400
715.00 P 20260828 7.50 7.61 7119 2232 0.1712 -0.5346 0.023900
716.00 C 20260828 5.56 5.66 1291 376 0.1700 0.4497 0.023500
716.00 P 20260828 7.99 8.12 1028 525 0.1695 -0.5588 0.023900
717.00 C 20260828 5.08 5.19 1233 1233 0.1688 0.4258 0.023400
717.00 P 20260828 8.51 8.65 767 989 0.1683 -0.5832 0.023900
717.50 C 20260828 4.85 4.98 441 334 0.1684 0.4138 0.023400
717.50 P 20260828 8.78 8.93 606 105 0.1677 -0.5954 0.023800
718.00 C 20260828 4.62 4.74 1433 1013 0.1675 0.4019 0.023300
718.00 P 20260828 9.06 9.21 1192 1471 0.1672 -0.6077 0.023800
719.00 C 20260828 4.19 4.29 1451 1340 0.1659 0.3780 0.023100
719.00 P 20260828 9.63 9.78 928 696 0.1652 -0.6321 0.023600
720.00 C 20260828 3.80 3.88 12932 6440 0.1648 0.3542 0.022800
720.00 P 20260828 10.23 10.37 1616 3509 0.1637 -0.6564 0.023200
721.00 C 20260828 3.40 3.51 1236 704 0.1633 0.3309 0.022300
721.00 P 20260828 10.85 11.00 1190 4271 0.1624 -0.6804 0.022800
722.00 C 20260828 3.06 3.15 2507 729 0.1622 0.3078 0.021800
722.00 P 20260828 11.50 11.65 704 336 0.1610 -0.7040 0.022300
722.50 C 20260828 2.88 2.98 563 201 0.1614 0.2965 0.021500
722.50 P 20260828 11.83 12.01 464 74 0.1605 -0.7156 0.022000
723.00 C 20260828 2.72 2.81 888 570 0.1606 0.2853 0.021200
723.00 P 20260828 12.08 12.50 168 302 0.1607 -0.7271 0.021700
724.00 C 20260828 2.42 2.50 782 963 0.1594 0.2633 0.020500
724.00 P 20260828 12.69 13.20 126 476 0.1577 -0.7498 0.021000
725.00 C 20260828 2.15 2.21 7346 2878 0.1583 0.2418 0.019800
725.00 P 20260828 13.42 13.88 168 1628 0.1553 -0.7717 0.020200
726.00 C 20260828 1.88 1.95 706 693 0.1568 0.2213 0.019000
726.00 P 20260828 12.59 16.07 68 754 0.1512 -0.7930 0.019400
727.00 C 20260828 1.64 1.72 718 534 0.1557 0.2014 0.018100
727.00 P 20260828 14.86 15.42 15 264 0.1507 -0.8134 0.018400
727.50 C 20260828 1.54 1.61 394 122 0.1552 0.1918 0.017600
727.50 P 20260828 13.74 17.37 0 61 0.1506 -0.8232 0.017900
728.00 C 20260828 1.43 1.51 692 376 0.1546 0.1824 0.017100
728.00 P 20260828 15.70 17.64 4 434 0.1777 -0.8329 0.017400
729.00 C 20260828 1.24 1.30 629 1069 0.1532 0.1642 0.016100
729.00 P 20260828 14.96 18.56 41 194 0.1473 -0.8516 0.016400
730.00 C 20260828 1.09 1.11 7536 17219 0.1525 0.1470 0.015100
730.00 P 20260828 17.39 19.31 325 7054 0.1792 -0.8690 0.015300
731.00 C 20260828 0.93 0.97 2871 854 0.1514 0.1308 0.014100
731.00 P 20260828 18.25 20.12 9 173 0.1789 -0.8856 0.014200
732.00 C 20260828 0.78 0.83 747 2183 0.1500 0.1156 0.013000
732.00 P 20260828 17.54 20.96 27 323 0.1346 -0.9008 0.013000
732.50 C 20260828 0.71 0.77 280 261 0.1493 0.1085 0.012500
732.50 P 20260828 17.99 21.43 0 58 0.1339 -0.9080 0.012400
733.00 C 20260828 0.66 0.71 875 2576 0.1490 0.1016 0.012000
733.00 P 20260828 18.44 21.83 8 1175 0.1297 -0.9149 0.011800
734.00 C 20260828 0.56 0.60 1458 1355 0.1481 0.0887 0.010900
734.00 P 20260828 19.35 22.86 5 66 0.1314 -0.9278 0.010600
735.00 C 20260828 0.47 0.51 2219 19967 0.1473 0.0769 0.009900
735.00 P 20260828 20.28 23.97 137 376 0.1384 -0.9393 0.009500
736.00 C 20260828 0.39 0.43 501 693 0.1464 0.0663 0.008900
736.00 P 20260828 21.22 24.91 0 26 0.1359 -0.9496 0.008400
737.00 C 20260828 0.33 0.36 522 586 0.1459 0.0568 0.007900
737.00 P 20260828 22.17 25.86 2 48 0.1329 -0.9585 0.007300
737.50 C 20260828 0.30 0.33 278 141 0.1456 0.0524 0.007400
737.50 P 20260828 22.65 26.34 0 8 0.1312 -0.9625 0.006800
738.00 C 20260828 0.27 0.30 283 931 0.1450 0.0484 0.007000
738.00 P 20260828 23.13 26.82 78 36 0.1291 -0.9663 0.006300
739.00 C 20260828 0.22 0.25 870 347 0.1442 0.0412 0.006200
739.00 P 20260828 24.10 27.79 0 18 0.1237 -0.9728 0.005400
740.00 C 20260828 0.18 0.21 2064 8119 0.1437 0.0348 0.005400
740.00 P 20260828 25.08 27.23 47 8 -1.0000 -0.9782 0.004500
741.00 C 20260828 0.14 0.17 330 349 0.1424 0.0293 0.004700
741.00 P 20260828 26.07 29.76 0 1 -1.0000 -0.9828 0.003800
742.00 C 20260828 0.12 0.14 2762 5027 0.1425 0.0247 0.004100
742.00 P 20260828 27.07 30.76 0 6 -1.0000 -0.9864 0.003100
742.50 C 20260828 0.10 0.13 101 158 0.1418 0.0227 0.003800
742.50 P 20260828 27.57 31.26 2 0 -1.0000 -0.9879 0.002800
743.00 C 20260828 0.09 0.12 243 3477 0.1419 0.0208 0.003600
743.00 P 20260828 28.07 31.76 0 0 -1.0000 -0.9893 0.002600
744.00 C 20260828 0.08 0.09 443 445 0.1415 0.0176 0.003100
744.00 P 20260828 29.07 32.76 0 0 -1.0000 -0.9915 0.002100
745.00 C 20260828 0.06 0.09 1324 2778 0.1416 0.0149 0.002700
745.00 P 20260828 30.07 33.76 8 14 -1.0000 -0.9932 0.001700
746.00 C 20260828 0.05 0.07 2597 842 0.1424 0.0128 0.002300
746.00 P 20260828 31.07 34.76 0 0 -1.0000 -0.9946 0.001400
747.00 C 20260828 0.04 0.05 148 3925 0.1407 0.0111 0.002000
747.00 P 20260828 32.07 35.76 0 0 -1.0000 -0.9956 0.001200
748.00 C 20260828 0.03 0.06 94 1995 0.1422 0.0097 0.001800
748.00 P 20260828 33.07 36.76 0 0 -1.0000 -0.9964 0.001000
749.00 C 20260828 0.03 0.04 320 459 0.1433 0.0086 0.001600
749.00 P 20260828 34.07 37.76 0 0 -1.0000 -0.9970 0.000800
750.00 C 20260828 0.03 0.04 1536 13897 0.1469 0.0076 0.001400
750.00 P 20260828 35.07 38.76 2 5 -1.0000 -0.9975 0.000700
751.00 C 20260828 0.02 0.04 137 815 0.1478 0.0068 0.001300
751.00 P 20260828 36.07 39.76 0 0 -1.0000 -0.9979 0.000600
752.00 C 20260828 0.01 0.03 101 440 0.1446 0.0062 0.001200
752.00 P 20260828 37.07 40.76 0 0 -1.0000 -0.9981 0.000500
753.00 C 20260828 0.01 0.03 380 665 0.1479 0.0056 0.001100
753.00 P 20260828 38.07 41.76 0 0 -1.0000 -0.9984 0.000500
754.00 C 20260828 0.01 0.03 104 404 0.1512 0.0052 0.001000
754.00 P 20260828 39.07 42.76 0 0 -1.0000 -0.9986 0.000400
755.00 C 20260828 0.01 0.03 288 4308 0.1544 0.0048 0.000900
755.00 P 20260828 40.07 43.76 1 7 -1.0000 -0.9987 0.000400
756.00 C 20260828 0.01 0.03 2 286 0.1576 0.0044 0.000800
756.00 P 20260828 41.07 44.78 27 14 0.1709 -0.9989 0.000300
757.00 C 20260828 0.01 0.03 440 367 0.1609 0.0041 0.000800
757.00 P 20260828 42.07 45.76 0 0 -1.0000 -0.9990 0.000300
758.00 C 20260828 0.01 0.02 477 483 0.1594 0.0038 0.000700
758.00 P 20260828 43.07 46.76 0 0 -1.0000 -0.9991 0.000300
759.00 C 20260828 0.01 0.02 21 364 0.1625 0.0036 0.000600
759.00 P 20260828 44.07 47.76 0 0 -1.0000 -0.9992 0.000200
760.00 C 20260828 0.01 0.02 637 20120 0.1657 0.0033 0.000600
760.00 P 20260828 45.07 48.76 0 1 -1.0000 -0.9992 0.000200
765.00 C 20260828 0.01 0.02 468 62519 0.1811 0.0024 0.000400
765.00 P 20260828 50.07 53.76 0 0 -1.0000 -0.9995 0.000100
770.00 C 20260828 0.01 0.02 229 8126 0.1962 0.0018 0.000300
770.00 P 20260828 55.07 58.76 10 2 -1.0000 -0.9997 0.000100
775.00 C 20260828 0.00 0.02 134 1425 0.2036 0.0014 0.000200
775.00 P 20260828 60.07 63.76 0 0 -1.0000 -0.9998 0.000100
780.00 C 20260828 0.00 0.02 117 1646 0.2180 0.0011 0.000200
780.00 P 20260828 65.07 68.76 5 0 -1.0000 -0.9998 0.000000
785.00 C 20260828 0.00 0.02 100 793 0.2322 0.0008 0.000100
785.00 P 20260828 70.07 73.76 0 0 -1.0000 -0.9999 0.000000
790.00 C 20260828 0.00 0.02 0 478 0.2463 0.0007 0.000100
790.00 P 20260828 75.07 78.76 0 0 -1.0000 -0.9999 0.000000
795.00 C 20260828 0.00 0.02 10 668 0.2602 0.0005 0.000100
795.00 P 20260828 80.07 83.76 0 0 -1.0000 -0.9999 0.000000
800.00 C 20260828 0.00 0.02 4 720 0.2739 0.0004 0.000100
800.00 P 20260828 85.07 88.76 0 0 -1.0000 -1.0000 0.000000
805.00 C 20260828 0.00 0.01 13 550 0.2721 0.0004 0.000000
805.00 P 20260828 90.07 93.76 0 0 -1.0000 -1.0000 0.000000
810.00 C 20260828 0.00 0.01 0 831 0.2849 0.0003 0.000000
810.00 P 20260828 95.07 98.76 0 0 -1.0000 -1.0000 0.000000
815.00 C 20260828 0.00 0.02 0 413 0.3143 0.0002 0.000000
815.00 P 20260828 100.07 103.76 0 0 -1.0000 -1.0000 0.000000
820.00 C 20260828 0.00 0.02 0 207 0.3275 0.0002 0.000000
820.00 P 20260828 105.07 108.76 0 0 -1.0000 -1.0000 0.000000
825.00 C 20260828 0.00 0.02 0 67 0.3406 0.0002 0.000000
825.00 P 20260828 110.07 113.76 0 0 -1.0000 -1.0000 0.000000
830.00 C 20260828 0.00 0.02 1 150 0.3535 0.0001 0.000000
830.00 P 20260828 115.07 118.76 0 0 -1.0000 -1.0000 0.000000
835.00 C 20260828 0.00 0.02 0 129 0.3663 0.0001 0.000000
835.00 P 20260828 120.07 123.76 0 0 -1.0000 -1.0000 0.000000
840.00 C 20260828 0.00 0.02 0 41 0.3790 0.0001 0.000000
840.00 P 20260828 125.07 128.76 0 0 -1.0000 -1.0000 0.000000
845.00 C 20260828 0.00 0.02 0 32 0.3916 0.0001 0.000000
845.00 P 20260828 130.07 133.76 0 0 -1.0000 -1.0000 0.000000
850.00 C 20260828 0.00 0.02 0 359 0.4041 0.0001 0.000000
850.00 P 20260828 135.07 138.76 0 0 -1.0000 -1.0000 0.000000
860.00 C 20260828 0.00 0.02 0 265 0.4288 0.0000 0.000000
860.00 P 20260828 145.07 148.76 0 0 -1.0000 -1.0000 0.000000
870.00 C 20260828 0.00 0.02 1 521 0.4530 0.0000 0.000000
870.00 P 20260828 155.07 158.76 0 0 -1.0000 -1.0000 0.000000
880.00 C 20260828 0.00 0.02 0 19 0.4769 0.0000 0.000000
880.00 P 20260828 165.07 168.76 0 0 -1.0000 -1.0000 0.000000
885.00 C 20260828 0.00 0.02 0 0 0.4887 0.0000 0.000000
885.00 P 20260828 170.07 173.76 0 0 -1.0000 -1.0000 0.000000
890.00 C 20260828 0.00 0.02 0 93 0.5004 0.0000 0.000000
890.00 P 20260828 175.07 178.76 0 0 -1.0000 -1.0000 0.000000
895.00 C 20260828 0.00 0.02 0 424 0.5120 0.0000 0.000000
895.00 P 20260828 180.07 183.76 0 0 -1.0000 -1.0000 0.000000
900.00 C 20260828 0.00 0.02 0 131 0.5235 0.0000 0.000000
900.00 P 20260828 185.07 188.76 0 0 -1.0000 -1.0000 0.000000
905.00 C 20260828 0.00 0.02 0 0 0.5349 0.0000 0.000000
905.00 P 20260828 190.07 193.76 0 0 -1.0000 -1.0000 0.000000
910.00 C 20260828 0.00 0.02 0 0 0.5463 0.0000 0.000000
910.00 P 20260828 195.07 198.76 0 0 -1.0000 -1.0000 0.000000
915.00 C 20260828 0.00 0.02 0 0 0.5576 0.0000 0.000000
915.00 P 20260828 200.07 203.76 0 0 -1.0000 -1.0000 0.000000
920.00 C 20260828 0.00 0.02 0 1 0.5687 0.0000 0.000000
920.00 P 20260828 205.07 208.76 0 0 -1.0000 -1.0000 0.000000
925.00 C 20260828 0.00 0.02 0 1 0.5798 0.0000 0.000000
925.00 P 20260828 210.07 213.76 0 0 -1.0000 -1.0000 0.000000
930.00 C 20260828 0.00 0.02 0 0 0.5909 0.0000 0.000000
930.00 P 20260828 215.07 218.76 0 0 -1.0000 -1.0000 0.000000
935.00 C 20260828 0.00 0.02 0 0 0.6018 0.0000 0.000000
935.00 P 20260828 220.07 223.76 0 0 -1.0000 -1.0000 0.000000
940.00 C 20260828 0.00 0.02 0 1 0.6127 0.0000 0.000000
940.00 P 20260828 225.07 228.76 0 0 -1.0000 -1.0000 0.000000
945.00 C 20260828 0.00 0.02 0 2 0.6235 0.0000 0.000000
945.00 P 20260828 230.07 233.76 0 0 -1.0000 -1.0000 0.000000
950.00 C 20260828 0.00 0.02 0 2466 0.6342 0.0000 0.000000
950.00 P 20260828 235.07 238.76 0 0 -1.0000 -1.0000 0.000000
490.00 C 20260831 221.67 225.35 0 0 0.6157 0.9989 0.000000
490.00 P 20260831 0.02 0.04 25 404 0.7650 -0.0010 0.000000
495.00 C 20260831 216.67 220.36 0 0 0.6052 0.9988 0.000000
495.00 P 20260831 0.02 0.05 0 343 0.7558 -0.0011 0.000000
500.00 C 20260831 211.68 215.36 0 14 0.5940 0.9988 0.000000
500.00 P 20260831 0.02 0.05 0 185 0.7366 -0.0012 0.000000
505.00 C 20260831 206.68 210.36 0 1 -1.0000 0.9987 0.000000
505.00 P 20260831 0.02 0.05 0 18 0.7174 -0.0012 0.000000
510.00 C 20260831 201.69 205.37 0 3 0.5701 0.9986 0.000000
510.00 P 20260831 0.03 0.05 0 331 0.7069 -0.0013 0.000000
515.00 C 20260831 196.69 200.37 0 0 -1.0000 0.9985 0.000100
515.00 P 20260831 0.02 0.05 0 76 0.6797 -0.0014 0.000100
520.00 C 20260831 191.70 195.38 0 2 0.5450 0.9984 0.000100
520.00 P 20260831 0.03 0.05 0 246 0.6691 -0.0015 0.000100
525.00 C 20260831 186.70 190.38 0 0 -1.0000 0.9984 0.000100
525.00 P 20260831 0.03 0.05 6 134 0.6504 -0.0016 0.000100
530.00 C 20260831 181.70 185.36 0 0 -1.0000 0.9982 0.000100
530.00 P 20260831 0.04 0.06 0 3225 0.6452 -0.0017 0.000100
535.00 C 20260831 176.71 180.39 0 37 -1.0000 0.9981 0.000100
535.00 P 20260831 0.03 0.06 0 300 0.6202 -0.0018 0.000100
540.00 C 20260831 171.72 175.40 0 0 0.4926 0.9980 0.000100
540.00 P 20260831 0.03 0.06 0 399 0.6021 -0.0019 0.000100
545.00 C 20260831 166.72 170.41 0 1 0.4792 0.9979 0.000100
545.00 P 20260831 0.03 0.06 0 284 0.5838 -0.0021 0.000100
550.00 C 20260831 161.73 165.41 0 30 0.4657 0.9977 0.000100
550.00 P 20260831 0.04 0.06 0 349 0.5714 -0.0022 0.000100
555.00 C 20260831 156.73 160.39 0 7 -1.0000 0.9975 0.000100
555.00 P 20260831 0.04 0.06 0 456 0.5533 -0.0024 0.000100
560.00 C 20260831 151.74 155.42 0 15 0.4385 0.9974 0.000100
560.00 P 20260831 0.04 0.06 0 259 0.5352 -0.0026 0.000100
565.00 C 20260831 146.75 150.43 0 20 0.4482 0.9971 0.000100
565.00 P 20260831 0.05 0.07 15 415 0.5268 -0.0028 0.000100
570.00 C 20260831 141.76 145.44 0 4 0.4477 0.9969 0.000100
570.00 P 20260831 0.04 0.06 0 767 0.4991 -0.0030 0.000100
575.00 C 20260831 136.76 140.42 0 17 0.3256 0.9966 0.000200
575.00 P 20260831 0.05 0.07 4 441 0.4906 -0.0033 0.000200
580.00 C 20260831 131.77 135.46 0 3 0.4267 0.9964 0.000200
580.00 P 20260831 0.05 0.07 6 1265 0.4728 -0.0036 0.000200
585.00 C 20260831 126.78 130.47 4 13 0.4188 0.9960 0.000200
585.00 P 20260831 0.05 0.07 1 395 0.4550 -0.0039 0.000200
590.00 C 20260831 121.79 125.47 0 11 0.4027 0.9957 0.000200
590.00 P 20260831 0.05 0.08 2 1086 0.4410 -0.0043 0.000200
595.00 C 20260831 116.80 120.49 0 5 0.3986 0.9952 0.000300
595.00 P 20260831 0.06 0.08 1 1651 0.4267 -0.0047 0.000300
600.00 C 20260831 111.81 115.50 1 30 0.3870 0.9948 0.000300
600.00 P 20260831 0.06 0.08 46 10356 0.4089 -0.0052 0.000300
605.00 C 20260831 106.82 110.51 0 45 0.3746 0.9942 0.000300
605.00 P 20260831 0.07 0.09 168 976 0.3971 -0.0057 0.000300
610.00 C 20260831 101.84 105.52 0 47 0.3652 0.9935 0.000400
610.00 P 20260831 0.07 0.10 12 1155 0.3816 -0.0064 0.000400
615.00 C 20260831 96.85 100.51 0 19 0.3448 0.9928 0.000400
615.00 P 20260831 0.08 0.10 13 11629 0.3661 -0.0072 0.000400
620.00 C 20260831 91.87 95.56 2 30 0.3449 0.9919 0.000500
620.00 P 20260831 0.09 0.11 61 1253 0.3527 -0.0081 0.000500
625.00 C 20260831 86.89 90.58 0 37 0.3340 0.9908 0.000600
625.00 P 20260831 0.11 0.12 192 1914 0.3405 -0.0092 0.000600
630.00 C 20260831 81.89 85.60 34 81 0.3181 0.9895 0.000700
630.00 P 20260831 0.11 0.14 157 1826 0.3262 -0.0104 0.000700
635.00 C 20260831 76.93 80.60 0 24 0.3055 0.9879 0.000800
635.00 P 20260831 0.13 0.16 13 3100 0.3135 -0.0121 0.000800
640.00 C 20260831 71.94 75.63 70 46 0.2919 0.9858 0.001000
640.00 P 20260831 0.15 0.18 29 3734 0.3002 -0.0142 0.001000
645.00 C 20260831 67.00 70.66 0 8 0.2837 0.9832 0.001200
645.00 P 20260831 0.18 0.21 39 1193 0.2882 -0.0168 0.001200
650.00 C 20260831 62.04 65.71 11 282 0.2730 0.9799 0.001500
650.00 P 20260831 0.22 0.25 314 6535 0.2767 -0.0202 0.001500
651.00 C 20260831 61.05 64.71 0 2 0.2700 0.9791 0.001500
651.00 P 20260831 0.23 0.26 0 89 0.2746 -0.0210 0.001500
652.00 C 20260831 60.06 63.72 3 8 0.2677 0.9782 0.001600
652.00 P 20260831 0.24 0.27 1008 72 0.2726 -0.0217 0.001600
653.00 C 20260831 59.07 62.73 0 3 0.2654 0.9774 0.001700
653.00 P 20260831 0.25 0.28 3 120 0.2700 -0.0227 0.001700
654.00 C 20260831 58.08 61.75 0 0 0.2639 0.9764 0.001800
654.00 P 20260831 0.26 0.29 8 75 0.2676 -0.0236 0.001800
655.00 C 20260831 57.60 60.76 0 21 0.2938 0.9754 0.001800
655.00 P 20260831 0.27 0.30 118 1057 0.2651 -0.0246 0.001800
656.00 C 20260831 56.11 59.77 0 13 0.2596 0.9744 0.001900
656.00 P 20260831 0.28 0.31 1 762 0.2626 -0.0257 0.001900
657.00 C 20260831 55.11 58.78 0 6 0.2563 0.9733 0.002000
657.00 P 20260831 0.30 0.32 2 104 0.2607 -0.0268 0.002000
658.00 C 20260831 54.13 57.80 0 50 0.2550 0.9721 0.002100
658.00 P 20260831 0.31 0.34 0 123 0.2591 -0.0279 0.002100
659.00 C 20260831 53.14 56.81 0 82 0.2523 0.9708 0.002200
659.00 P 20260831 0.32 0.35 4 280 0.2560 -0.0292 0.002200
660.00 C 20260831 52.16 55.82 0 147 0.2501 0.9695 0.002300
660.00 P 20260831 0.33 0.37 684 21028 0.2540 -0.0305 0.002300
661.00 C 20260831 51.17 54.84 0 31 0.2479 0.9681 0.002400
661.00 P 20260831 0.35 0.38 158 593 0.2515 -0.0320 0.002400
662.00 C 20260831 50.19 53.86 0 62 0.2461 0.9666 0.002500
662.00 P 20260831 0.37 0.40 118 186 0.2500 -0.0333 0.002500
663.00 C 20260831 49.20 52.87 0 190 0.2431 0.9651 0.002600
663.00 P 20260831 0.38 0.42 12 171 0.2475 -0.0349 0.002600
664.00 C 20260831 48.22 51.89 0 17 0.2412 0.9634 0.002800
664.00 P 20260831 0.40 0.44 64 308 0.2455 -0.0366 0.002800
665.00 C 20260831 47.24 50.91 0 126 0.2391 0.9616 0.002900
665.00 P 20260831 0.42 0.46 64 1879 0.2434 -0.0384 0.002900
666.00 C 20260831 46.27 49.94 1 47 0.2379 0.9597 0.003000
666.00 P 20260831 0.44 0.48 170 223 0.2412 -0.0403 0.003000
667.00 C 20260831 45.28 48.96 0 43 0.2351 0.9577 0.003200
667.00 P 20260831 0.47 0.50 139 304 0.2393 -0.0423 0.003200
668.00 C 20260831 44.31 47.98 0 112 0.2332 0.9555 0.003300
668.00 P 20260831 0.50 0.52 73 227 0.2371 -0.0445 0.003400
669.00 C 20260831 43.33 47.01 0 461 0.2311 0.9533 0.003500
669.00 P 20260831 0.52 0.55 84 119 0.2353 -0.0466 0.003500
670.00 C 20260831 42.34 46.03 22 14230 0.2280 0.9508 0.003700
670.00 P 20260831 0.55 0.58 386 5653 0.2334 -0.0491 0.003700
671.00 C 20260831 41.39 45.06 0 41 0.2270 0.9483 0.003900
671.00 P 20260831 0.58 0.61 15 329 0.2311 -0.0518 0.003900
672.00 C 20260831 40.47 44.10 0 47 0.2274 0.9455 0.004100
672.00 P 20260831 0.61 0.64 69 650 0.2293 -0.0544 0.004100
673.00 C 20260831 39.49 43.13 0 135 0.2248 0.9426 0.004300
673.00 P 20260831 0.64 0.67 70 491 0.2271 -0.0573 0.004300
674.00 C 20260831 38.53 42.17 0 46 0.2231 0.9395 0.004500
674.00 P 20260831 0.68 0.71 90 329 0.2251 -0.0606 0.004500
675.00 C 20260831 37.58 41.20 1 330 0.2213 0.9362 0.004700
675.00 P 20260831 0.72 0.75 350 11742 0.2232 -0.0640 0.004700
676.00 C 20260831 36.66 40.24 0 25 0.2207 0.9327 0.005000
676.00 P 20260831 0.76 0.79 49 253 0.2216 -0.0672 0.005000
677.00 C 20260831 35.75 39.29 0 143 0.2204 0.9289 0.005200
677.00 P 20260831 0.80 0.83 83 448 0.2193 -0.0711 0.005200
678.00 C 20260831 34.75 38.34 0 116 0.2171 0.9250 0.005500
678.00 P 20260831 0.85 0.88 45 218 0.2177 -0.0750 0.005500
679.00 C 20260831 33.83 37.39 0 74 0.2160 0.9207 0.005800
679.00 P 20260831 0.90 0.93 69 266 0.2158 -0.0792 0.005800
680.00 C 20260831 32.84 36.44 22 477 0.2128 0.9162 0.006100
680.00 P 20260831 0.95 0.98 205 13962 0.2136 -0.0838 0.006100
681.00 C 20260831 31.95 35.49 0 92 0.2122 0.9114 0.006400
681.00 P 20260831 1.01 1.05 246 174 0.2124 -0.0885 0.006400
682.00 C 20260831 31.04 34.73 0 67 0.2155 0.9063 0.006700
682.00 P 20260831 1.07 1.11 152 1021 0.2103 -0.0937 0.006700
683.00 C 20260831 30.11 33.62 1 119 0.2094 0.9009 0.007100
683.00 P 20260831 1.14 1.18 23 898 0.2087 -0.0992 0.007100
684.00 C 20260831 29.22 31.30 2 255 0.1705 0.8952 0.007400
684.00 P 20260831 1.21 1.25 11 663 0.2069 -0.1049 0.007400
685.00 C 20260831 28.29 30.37 0 595 0.1704 0.8891 0.007800
685.00 P 20260831 1.28 1.33 173 2654 0.2052 -0.1111 0.007800
686.00 C 20260831 27.38 29.45 2 250 0.1707 0.8826 0.008200
686.00 P 20260831 1.36 1.41 50 448 0.2034 -0.1176 0.008200
687.00 C 20260831 26.46 28.60 0 202 0.1721 0.8757 0.008600
687.00 P 20260831 1.44 1.50 67 239 0.2016 -0.1244 0.008600
688.00 C 20260831 25.55 27.63 1 244 0.1702 0.8685 0.009000
688.00 P 20260831 1.54 1.60 70 586 0.2002 -0.1317 0.009000
689.00 C 20260831 24.68 26.68 7 247 0.1696 0.8608 0.009400
689.00 P 20260831 1.64 1.70 36 271 0.1986 -0.1394 0.009500
690.00 C 20260831 23.77 27.40 42 521 0.2010 0.8526 0.009900
690.00 P 20260831 1.75 1.81 364 17189 0.1971 -0.1476 0.009900
691.00 C 20260831 22.91 26.51 0 99 0.1994 0.8441 0.010300
691.00 P 20260831 1.87 1.93 111 189 0.1957 -0.1563 0.010400
692.00 C 20260831 22.01 25.63 0 118 0.1973 0.8350 0.010800
692.00 P 20260831 1.99 2.06 54 125 0.1942 -0.1654 0.010800
693.00 C 20260831 21.18 24.76 0 152 0.1962 0.8254 0.011300
693.00 P 20260831 2.13 2.20 102 462 0.1929 -0.1750 0.011300
694.00 C 20260831 20.32 23.90 0 201 0.1945 0.8154 0.011800
694.00 P 20260831 2.28 2.33 1193 2156 0.1914 -0.1851 0.011800
695.00 C 20260831 20.88 22.98 2 12571 0.2126 0.8048 0.012300
695.00 P 20260831 2.42 2.49 5386 3949 0.1898 -0.1958 0.012400
696.00 C 20260831 20.04 20.72 0 85 0.1896 0.7936 0.012800
696.00 P 20260831 2.59 2.66 429 243 0.1887 -0.2070 0.012900
697.00 C 20260831 18.02 19.90 0 145 0.1710 0.7820 0.013300
697.00 P 20260831 2.76 2.84 96 288 0.1873 -0.2187 0.013400
698.00 C 20260831 18.41 19.07 0 176 0.1873 0.7697 0.013800
698.00 P 20260831 2.94 3.03 160 340 0.1859 -0.2310 0.013900
699.00 C 20260831 17.61 18.27 0 287 0.1853 0.7569 0.014400
699.00 P 20260831 3.14 3.23 107 319 0.1846 -0.2439 0.014500
700.00 C 20260831 16.82 17.27 42 32912 0.1818 0.7436 0.014900
700.00 P 20260831 3.35 3.41 4571 20020 0.1828 -0.2576 0.015000
701.00 C 20260831 16.09 16.59 16 242 0.1824 0.7296 0.015400
701.00 P 20260831 3.56 3.66 199 339 0.1816 -0.2717 0.015500
702.00 C 20260831 15.34 15.80 1 209 0.1809 0.7151 0.015900
702.00 P 20260831 3.80 3.89 133 211 0.1803 -0.2862 0.016100
703.00 C 20260831 14.53 15.08 27 193 0.1792 0.7001 0.016400
703.00 P 20260831 4.04 4.14 71 326 0.1789 -0.3015 0.016600
704.00 C 20260831 13.81 14.20 14 119 0.1763 0.6844 0.016900
704.00 P 20260831 4.31 4.40 573 204 0.1776 -0.3173 0.017100
705.00 C 20260831 13.22 13.38 170 14014 0.1756 0.6682 0.017400
705.00 P 20260831 4.59 4.68 1409 9272 0.1762 -0.3336 0.017600
706.00 C 20260831 12.51 12.68 131 223 0.1742 0.6514 0.017900
706.00 P 20260831 4.87 4.98 130 293 0.1748 -0.3506 0.018100
707.00 C 20260831 11.82 11.99 149 553 0.1729 0.6341 0.018300
707.00 P 20260831 5.17 5.28 123 343 0.1732 -0.3681 0.018500
708.00 C 20260831 11.15 11.33 96 467 0.1715 0.6163 0.018800
708.00 P 20260831 5.50 5.61 261 558 0.1720 -0.3861 0.019000
709.00 C 20260831 10.50 10.66 174 445 0.1702 0.5979 0.019200
709.00 P 20260831 5.84 5.95 207 640 0.1705 -0.4047 0.019400
710.00 C 20260831 9.87 10.02 2163 5475 0.1692 0.5792 0.019500
710.00 P 20260831 6.23 6.32 1672 9469 0.1695 -0.4238 0.019800
711.00 C 20260831 9.25 9.40 449 727 0.1678 0.5599 0.019800
711.00 P 20260831 6.59 6.70 147 319 0.1679 -0.4433 0.020100
712.00 C 20260831 8.66 8.81 239 556 0.1666 0.5403 0.020100
712.00 P 20260831 6.99 7.11 441 1189 0.1667 -0.4633 0.020400
713.00 C 20260831 8.09 8.23 873 382 0.1654 0.5203 0.020400
713.00 P 20260831 7.42 7.55 308 493 0.1656 -0.4837 0.020700
714.00 C 20260831 7.54 7.66 302 285 0.1641 0.4999 0.020500
714.00 P 20260831 7.86 7.99 190 2078 0.1643 -0.5045 0.020900
715.00 C 20260831 7.00 7.11 1394 1818 0.1627 0.4792 0.020700
715.00 P 20260831 8.34 8.44 492 1499 0.1630 -0.5256 0.021100
716.00 C 20260831 6.48 6.62 235 291 0.1617 0.4583 0.020700
716.00 P 20260831 8.82 8.95 118 286 0.1616 -0.5470 0.021200
717.00 C 20260831 5.99 6.13 483 1065 0.1606 0.4373 0.020700
717.00 P 20260831 9.33 9.47 76 486 0.1606 -0.5685 0.021200
718.00 C 20260831 5.52 5.65 87 295 0.1594 0.4161 0.020700
718.00 P 20260831 9.86 10.02 210 594 0.1595 -0.5903 0.021200
719.00 C 20260831 5.07 5.21 101 666 0.1582 0.3949 0.020600
719.00 P 20260831 10.41 10.58 30 596 0.1583 -0.6120 0.021100
720.00 C 20260831 4.65 4.75 2235 5785 0.1567 0.3738 0.020400
720.00 P 20260831 10.99 11.15 108 3456 0.1569 -0.6338 0.020900
721.00 C 20260831 4.25 4.36 60 397 0.1557 0.3528 0.020100
721.00 P 20260831 11.59 11.77 245 504 0.1559 -0.6555 0.020700
722.00 C 20260831 3.87 3.98 58 334 0.1546 0.3321 0.019800
722.00 P 20260831 12.21 12.39 75 439 0.1547 -0.6770 0.020400
723.00 C 20260831 3.51 3.62 232 698 0.1535 0.3116 0.019400
723.00 P 20260831 12.86 13.04 44 264 0.1535 -0.6981 0.020100
724.00 C 20260831 3.18 3.27 84 2680 0.1523 0.2915 0.019000
724.00 P 20260831 13.46 13.83 26 601 0.1531 -0.7191 0.019700
725.00 C 20260831 2.87 2.95 1151 5924 0.1512 0.2718 0.018400
725.00 P 20260831 14.16 14.56 25 4376 0.1526 -0.7396 0.019200
726.00 C 20260831 2.58 2.67 88 360 0.1503 0.2526 0.017900
726.00 P 20260831 13.17 16.80 9 409 0.1490 -0.7596 0.018600
727.00 C 20260831 2.31 2.40 216 381 0.1494 0.2340 0.017300
727.00 P 20260831 13.92 16.15 11 386 0.1262 -0.7793 0.018000
728.00 C 20260831 2.06 2.15 251 460 0.1484 0.2160 0.016600
728.00 P 20260831 16.35 18.30 4 349 0.1710 -0.7981 0.017400
729.00 C 20260831 1.83 1.92 671 427 0.1474 0.1987 0.015900
729.00 P 20260831 15.60 19.08 24 425 0.1479 -0.8163 0.016600
730.00 C 20260831 1.62 1.70 2309 27723 0.1464 0.1820 0.015100
730.00 P 20260831 16.28 18.44 76 1890 0.1145 -0.8340 0.015900
731.00 C 20260831 1.43 1.52 111 842 0.1457 0.1662 0.014400
731.00 P 20260831 17.09 20.68 12 51 0.1427 -0.8507 0.015100
732.00 C 20260831 1.26 1.33 1204 571 0.1447 0.1511 0.013600
732.00 P 20260831 17.94 20.30 5 1120 0.1083 -0.8666 0.014200
733.00 C 20260831 1.13 1.18 217 201 0.1446 0.1369 0.012800
733.00 P 20260831 18.78 21.14 2 230 0.0932 -0.8816 0.013300
734.00 C 20260831 0.97 1.04 348 356 0.1435 0.1235 0.012000
734.00 P 20260831 19.65 22.03 1 266 -1.0000 -0.8956 0.012400
735.00 C 20260831 0.85 0.90 810 9094 0.1427 0.1110 0.011200
735.00 P 20260831 20.54 22.92 50 304 -1.0000 -0.9087 0.011500
736.00 C 20260831 0.75 0.79 461 418 0.1424 0.0994 0.010300
736.00 P 20260831 21.45 23.83 11 112 -1.0000 -0.9207 0.010600
737.00 C 20260831 0.65 0.69 644 559 0.1418 0.0887 0.009600
737.00 P 20260831 22.40 26.05 1 58 0.1378 -0.9316 0.009700
738.00 C 20260831 0.57 0.60 115 295 0.1416 0.0790 0.008800
738.00 P 20260831 23.30 26.99 3 13 0.1356 -0.9414 0.008700
739.00 C 20260831 0.49 0.52 53 301 0.1410 0.0701 0.008000
739.00 P 20260831 24.25 27.93 0 40 0.1344 -0.9503 0.007800
740.00 C 20260831 0.42 0.45 1071 9835 0.1405 0.0620 0.007300
740.00 P 20260831 25.20 28.90 11 43 0.1336 -0.9581 0.007000
741.00 C 20260831 0.37 0.39 103 457 0.1405 0.0548 0.006700
741.00 P 20260831 26.16 29.84 0 11 0.1301 -0.9648 0.006100
742.00 C 20260831 0.31 0.34 32 1913 0.1400 0.0485 0.006100
742.00 P 20260831 27.13 30.81 5 3 0.1278 -0.9707 0.005400
743.00 C 20260831 0.27 0.29 81 1267 0.1398 0.0428 0.005500
743.00 P 20260831 28.10 31.78 22 0 0.1220 -0.9757 0.004700
744.00 C 20260831 0.23 0.25 54 427 0.1396 0.0377 0.005000
744.00 P 20260831 29.08 32.79 66 1 0.1233 -0.9798 0.004000
745.00 C 20260831 0.20 0.22 579 21407 0.1399 0.0333 0.004500
745.00 P 20260831 30.08 32.45 90 10 -1.0000 -0.9834 0.003500
746.00 C 20260831 0.17 0.19 20 225 0.1398 0.0294 0.004000
746.00 P 20260831 31.08 34.76 0 0 0.1174 -0.9865 0.003000
747.00 C 20260831 0.14 0.17 39 2000 0.1399 0.0259 0.003600
747.00 P 20260831 32.08 35.76 0 0 0.1203 -0.9888 0.002500
748.00 C 20260831 0.13 0.14 45 555 0.1403 0.0229 0.003200
748.00 P 20260831 33.08 35.48 0 0 -1.0000 -0.9908 0.002100
749.00 C 20260831 0.10 0.13 54 571 0.1402 0.0204 0.002900
749.00 P 20260831 34.08 37.76 0 0 0.1262 -0.9926 0.001800
750.00 C 20260831 0.09 0.11 353 16500 0.1406 0.0181 0.002600
750.00 P 20260831 35.08 38.76 0 3 0.1291 -0.9939 0.001500
751.00 C 20260831 0.07 0.10 3 331 0.1405 0.0162 0.002400
751.00 P 20260831 36.08 39.76 0 0 0.1320 -0.9949 0.001300
752.00 C 20260831 0.06 0.09 57 634 0.1412 0.0144 0.002200
752.00 P 20260831 37.08 40.76 0 0 0.1349 -0.9958 0.001100
753.00 C 20260831 0.06 0.08 4 296 0.1430 0.0129 0.002000
753.00 P 20260831 38.08 41.76 0 0 0.1377 -0.9966 0.000900
754.00 C 20260831 0.06 0.07 1 1285 0.1449 0.0115 0.001800
754.00 P 20260831 39.08 42.76 0 0 0.1406 -0.9972 0.000800
755.00 C 20260831 0.05 0.07 13 1275 0.1464 0.0104 0.001600
755.00 P 20260831 40.07 43.76 0 0 -1.0000 -0.9976 0.000600
756.00 C 20260831 0.03 0.06 17 288 0.1444 0.0093 0.001400
756.00 P 20260831 41.07 44.76 0 0 -1.0000 -0.9980 0.000600
757.00 C 20260831 0.03 0.06 63 537 0.1471 0.0085 0.001300
757.00 P 20260831 42.07 45.76 0 0 -1.0000 -0.9984 0.000500
758.00 C 20260831 0.02 0.05 13 185 0.1459 0.0076 0.001200
758.00 P 20260831 43.07 46.76 0 0 -1.0000 -0.9986 0.000400
759.00 C 20260831 0.02 0.05 6 196 0.1488 0.0069 0.001100
759.00 P 20260831 44.07 47.76 0 0 -1.0000 -0.9989 0.000300
760.00 C 20260831 0.02 0.04 214 9577 0.1490 0.0063 0.001000
760.00 P 20260831 45.07 48.76 0 2 -1.0000 -0.9990 0.000300
761.00 C 20260831 0.01 0.04 1 243 0.1488 0.0058 0.000900
761.00 P 20260831 46.07 49.76 0 0 -1.0000 -0.9992 0.000200
762.00 C 20260831 0.01 0.04 3 407 0.1515 0.0053 0.000800
762.00 P 20260831 47.07 50.76 0 0 -1.0000 -0.9993 0.000200
763.00 C 20260831 0.01 0.04 1 115 0.1542 0.0049 0.000800
763.00 P 20260831 48.07 51.76 0 0 -1.0000 -0.9994 0.000200
764.00 C 20260831 0.01 0.03 3 160 0.1533 0.0045 0.000700
764.00 P 20260831 49.07 52.76 0 0 -1.0000 -0.9995 0.000200
765.00 C 20260831 0.01 0.03 48 13234 0.1560 0.0041 0.000600
765.00 P 20260831 50.07 53.76 0 0 -1.0000 -0.9996 0.000100
766.00 C 20260831 0.01 0.03 10 540 0.1586 0.0038 0.000600
766.00 P 20260831 51.07 54.76 0 0 -1.0000 -0.9996 0.000100
767.00 C 20260831 0.01 0.03 1 570 0.1612 0.0036 0.000600
767.00 P 20260831 52.07 55.76 0 0 -1.0000 -0.9997 0.000100
768.00 C 20260831 0.01 0.03 50 240 0.1638 0.0033 0.000500
768.00 P 20260831 53.07 56.76 0 0 -1.0000 -0.9997 0.000100
769.00 C 20260831 0.01 0.03 0 136 0.1664 0.0031 0.000500
769.00 P 20260831 54.07 57.76 0 0 -1.0000 -0.9997 0.000100
770.00 C 20260831 0.01 0.03 13 20062 0.1690 0.0029 0.000400
770.00 P 20260831 55.07 58.76 0 0 -1.0000 -0.9998 0.000100
771.00 C 20260831 0.00 0.03 1 258 0.1669 0.0027 0.000400
771.00 P 20260831 56.07 59.76 0 0 -1.0000 -0.9998 0.000100
772.00 C 20260831 0.00 0.03 4 348 0.1694 0.0025 0.000400
772.00 P 20260831 57.07 60.76 0 0 -1.0000 -0.9998 0.000000
773.00 C 20260831 0.00 0.03 1 226 0.1720 0.0024 0.000400
773.00 P 20260831 58.07 61.76 0 1 -1.0000 -0.9998 0.000000
774.00 C 20260831 0.00 0.03 3 378 0.1745 0.0022 0.000300
774.00 P 20260831 59.07 62.76 0 0 -1.0000 -0.9999 0.000000
775.00 C 20260831 0.00 0.03 6 1206 0.1770 0.0021 0.000300
775.00 P 20260831 60.07 63.76 0 0 -1.0000 -0.9999 0.000000
780.00 C 20260831 0.01 0.03 21 17240 0.1946 0.0016 0.000200
780.00 P 20260831 65.07 68.76 0 0 -1.0000 -0.9999 0.000000
785.00 C 20260831 0.00 0.01 55 10687 0.1839 0.0012 0.000200
785.00 P 20260831 70.07 73.76 0 0 -1.0000 -1.0000 0.000000
790.00 C 20260831 0.00 0.02 1 1608 0.2059 0.0010 0.000100
790.00 P 20260831 75.07 78.76 0 0 -1.0000 -1.0000 0.000000
795.00 C 20260831 0.00 0.02 100 544 0.2176 0.0008 0.000100
795.00 P 20260831 80.07 83.76 0 0 -1.0000 -1.0000 0.000000
800.00 C 20260831 0.00 0.02 26 8869 0.2295 0.0006 0.000100
800.00 P 20260831 85.07 88.76 0 0 -1.0000 -1.0000 0.000000
805.00 C 20260831 0.00 0.02 0 436 0.2409 0.0005 0.000100
805.00 P 20260831 90.07 93.76 0 0 -1.0000 -1.0000 0.000000
810.00 C 20260831 0.00 0.02 100 734 0.2522 0.0004 0.000100
810.00 P 20260831 95.07 98.76 0 0 -1.0000 -1.0000 0.000000
815.00 C 20260831 0.00 0.02 0 849 0.2633 0.0004 0.000000
815.00 P 20260831 100.07 103.76 0 0 -1.0000 -1.0000 0.000000
820.00 C 20260831 0.00 0.02 0 315 0.2743 0.0003 0.000000
820.00 P 20260831 105.07 108.76 0 0 -1.0000 -1.0000 0.000000
825.00 C 20260831 0.00 0.02 0 2898 0.2851 0.0002 0.000000
825.00 P 20260831 110.07 113.76 0 0 -1.0000 -1.0000 0.000000
830.00 C 20260831 0.00 0.02 0 437 0.2960 0.0002 0.000000
830.00 P 20260831 115.07 118.76 0 0 -1.0000 -1.0000 0.000000
835.00 C 20260831 0.00 0.02 0 375 0.3067 0.0002 0.000000
835.00 P 20260831 120.07 123.76 0 0 -1.0000 -1.0000 0.000000
840.00 C 20260831 0.00 0.02 0 391 0.3173 0.0001 0.000000
840.00 P 20260831 125.07 128.76 0 0 -1.0000 -1.0000 0.000000
845.00 C 20260831 0.00 0.02 0 602 0.3279 0.0001 0.000000
845.00 P 20260831 130.07 133.76 0 0 -1.0000 -1.0000 0.000000
850.00 C 20260831 0.00 0.02 0 2032 0.3383 0.0001 0.000000
850.00 P 20260831 135.07 138.76 0 0 -1.0000 -1.0000 0.000000
855.00 C 20260831 0.00 0.02 0 794 0.3487 0.0001 0.000000
855.00 P 20260831 140.07 143.76 0 0 -1.0000 -1.0000 0.000000
860.00 C 20260831 0.00 0.02 0 642 0.3589 0.0001 0.000000
860.00 P 20260831 145.07 148.76 0 0 -1.0000 -1.0000 0.000000
865.00 C 20260831 0.00 0.02 0 303 0.3691 0.0001 0.000000
865.00 P 20260831 150.07 153.76 0 0 -1.0000 -1.0000 0.000000
870.00 C 20260831 0.00 0.02 0 690 0.3792 0.0001 0.000000
870.00 P 20260831 155.07 158.76 0 0 -1.0000 -1.0000 0.000000
875.00 C 20260831 0.00 0.02 0 381 0.3892 0.0001 0.000000
875.00 P 20260831 160.07 163.76 0 0 -1.0000 -1.0000 0.000000
880.00 C 20260831 0.00 0.02 0 514 0.3992 0.0000 0.000000
880.00 P 20260831 165.07 168.76 0 0 -1.0000 -1.0000 0.000000
885.00 C 20260831 0.00 0.02 0 151 0.4091 0.0000 0.000000
885.00 P 20260831 170.07 173.76 0 0 -1.0000 -1.0000 0.000000
890.00 C 20260831 0.00 0.02 0 133 0.4188 0.0000 0.000000
890.00 P 20260831 175.07 178.76 0 0 -1.0000 -1.0000 0.000000
895.00 C 20260831 0.00 0.02 0 525 0.4286 0.0000 0.000000
895.00 P 20260831 180.07 183.76 0 0 -1.0000 -1.0000 0.000000
900.00 C 20260831 0.00 0.02 0 162 0.4382 0.0000 0.000000
900.00 P 20260831 185.07 188.76 0 0 -1.0000 -1.0000 0.000000
905.00 C 20260831 0.00 0.02 0 168 0.4478 0.0000 0.000000
905.00 P 20260831 190.07 193.76 0 0 -1.0000 -1.0000 0.000000
910.00 C 20260831 0.00 0.02 0 353 0.4573 0.0000 0.000000
910.00 P 20260831 195.07 198.76 0 0 -1.0000 -1.0000 0.000000
915.00 C 20260831 0.00 0.02 0 136 0.4667 0.0000 0.000000
915.00 P 20260831 200.07 203.76 0 0 -1.0000 -1.0000 0.000000
920.00 C 20260831 0.00 0.02 0 1146 0.4761 0.0000 0.000000
920.00 P 20260831 205.07 208.76 0 0 -1.0000 -1.0000 0.000000
925.00 C 20260831 0.00 0.02 0 520 0.4854 0.0000 0.000000
925.00 P 20260831 210.07 213.76 0 0 -1.0000 -1.0000 0.000000
930.00 C 20260831 0.00 0.02 0 1955 0.4946 0.0000 0.000000
930.00 P 20260831 215.07 218.76 0 0 -1.0000 -1.0000 0.000000
935.00 C 20260831 0.00 0.02 0 407 0.5038 0.0000 0.000000
935.00 P 20260831 220.07 223.76 0 0 -1.0000 -1.0000 0.000000
940.00 C 20260831 0.00 0.02 0 442 0.5129 0.0000 0.000000
940.00 P 20260831 225.07 228.76 0 0 -1.0000 -1.0000 0.000000
945.00 C 20260831 0.00 0.02 0 272 0.5219 0.0000 0.000000
945.00 P 20260831 230.07 233.76 0 0 -1.0000 -1.0000 0.000000
950.00 C 20260831 0.00 0.02 0 36783 0.5309 0.0000 0.000000
950.00 P 20260831 235.07 238.76 0 0 -1.0000 -1.0000 0.000000
490.00 C 20260901 221.66 225.97 0 0 0.8188 0.9988 0.000000
490.00 P 20260901 0.02 0.05 0 16 0.7393 -0.0012 0.000000
495.00 C 20260901 216.67 220.98 0 0 0.8022 0.9987 0.000000
495.00 P 20260901 0.02 0.05 0 0 0.7208 -0.0013 0.000000
500.00 C 20260901 211.67 215.90 0 0 0.7778 0.9986 0.000000
500.00 P 20260901 0.02 0.05 0 0 0.7024 -0.0013 0.000000
505.00 C 20260901 206.68 210.99 0 0 0.7615 0.9985 0.000000
505.00 P 20260901 0.03 0.05 0 0 0.6924 -0.0014 0.000000
510.00 C 20260901 201.67 206.00 0 0 0.7376 0.9984 0.000100
510.00 P 20260901 0.03 0.06 0 0 0.6814 -0.0015 0.000100
515.00 C 20260901 196.69 201.00 0 0 0.7215 0.9983 0.000100
515.00 P 20260901 0.03 0.06 0 0 0.6635 -0.0016 0.000100
520.00 C 20260901 191.70 196.00 0 0 0.7052 0.9982 0.000100
520.00 P 20260901 0.03 0.06 0 0 0.6454 -0.0017 0.000100
525.00 C 20260901 186.69 191.00 0 0 0.6786 0.9981 0.000100
525.00 P 20260901 0.03 0.06 0 0 0.6274 -0.0018 0.000100
530.00 C 20260901 181.72 185.99 0 0 0.6693 0.9980 0.000100
530.00 P 20260901 0.03 0.06 0 0 0.6096 -0.0020 0.000100
535.00 C 20260901 176.72 181.00 0 0 0.6499 0.9978 0.000100
535.00 P 20260901 0.04 0.06 0 0 0.5978 -0.0021 0.000100
540.00 C 20260901 171.72 175.95 0 0 0.6276 0.9977 0.000100
540.00 P 20260901 0.04 0.07 0 0 0.5855 -0.0023 0.000100
545.00 C 20260901 166.75 171.00 0 0 0.6173 0.9975 0.000100
545.00 P 20260901 0.04 0.07 0 0 0.5677 -0.0024 0.000100
550.00 C 20260901 161.72 166.00 0 0 0.5896 0.9973 0.000100
550.00 P 20260901 0.04 0.07 0 0 0.5501 -0.0026 0.000100
555.00 C 20260901 156.74 160.97 0 0 0.5737 0.9971 0.000100
555.00 P 20260901 0.04 0.07 0 0 0.5325 -0.0028 0.000100
560.00 C 20260901 151.76 156.00 0 0 0.5604 0.9969 0.000100
560.00 P 20260901 0.05 0.07 0 1 0.5196 -0.0030 0.000100
565.00 C 20260901 146.77 151.00 0 0 0.5442 0.9966 0.000200
565.00 P 20260901 0.05 0.08 0 1 0.5064 -0.0033 0.000200
570.00 C 20260901 141.77 146.00 0 0 0.5256 0.9964 0.000200
570.00 P 20260901 0.05 0.08 0 0 0.4890 -0.0036 0.000200
575.00 C 20260901 136.78 141.00 0 0 0.5070 0.9961 0.000200
575.00 P 20260901 0.06 0.08 0 0 0.4754 -0.0039 0.000200
580.00 C 20260901 131.80 136.00 0 0 0.4931 0.9957 0.000200
580.00 P 20260901 0.06 0.09 0 1 0.4614 -0.0042 0.000200
585.00 C 20260901 126.80 131.00 0 0 0.4747 0.9953 0.000200
585.00 P 20260901 0.06 0.09 0 0 0.4442 -0.0046 0.000200
590.00 C 20260901 121.80 126.00 0 0 0.4564 0.9949 0.000300
590.00 P 20260901 0.07 0.09 0 0 0.4299 -0.0051 0.000300
595.00 C 20260901 116.82 121.00 0 0 0.4420 0.9944 0.000300
595.00 P 20260901 0.07 0.10 1 37 0.4154 -0.0056 0.000300
600.00 C 20260901 111.84 116.00 1 0 0.4273 0.9938 0.000400
600.00 P 20260901 0.08 0.11 0 78 0.4033 -0.0062 0.000400
605.00 C 20260901 106.85 111.00 0 0 0.4123 0.9931 0.000400
605.00 P 20260901 0.09 0.11 0 32 0.3883 -0.0069 0.000400
610.00 C 20260901 101.87 106.00 0 0 0.3971 0.9923 0.000400
610.00 P 20260901 0.10 0.12 11 19 0.3755 -0.0076 0.000400
615.00 C 20260901 96.89 101.00 0 0 0.3830 0.9914 0.000500
615.00 P 20260901 0.11 0.13 0 39 0.3616 -0.0086 0.000500
620.00 C 20260901 91.89 96.00 0 0 0.3646 0.9902 0.000600
620.00 P 20260901 0.12 0.15 1 64 0.3495 -0.0097 0.000600
625.00 C 20260901 86.93 91.21 0 0 0.3522 0.9889 0.000700
625.00 P 20260901 0.13 0.16 6 322 0.3346 -0.0111 0.000700
630.00 C 20260901 81.96 86.23 0 0 0.3391 0.9873 0.000800
630.00 P 20260901 0.15 0.19 10 140 0.3239 -0.0127 0.000800
635.00 C 20260901 77.00 81.26 0 0 0.3261 0.9852 0.001000
635.00 P 20260901 0.18 0.21 1 106 0.3115 -0.0148 0.001000
640.00 C 20260901 72.04 76.32 0 0 0.3122 0.9827 0.001100
640.00 P 20260901 0.21 0.24 11 116 0.2997 -0.0173 0.001100
645.00 C 20260901 67.09 71.30 0 0 0.2998 0.9795 0.001400
645.00 P 20260901 0.25 0.28 12 79 0.2882 -0.0205 0.001400
650.00 C 20260901 62.14 66.39 1 0 0.2868 0.9754 0.001700
650.00 P 20260901 0.30 0.33 5 112 0.2768 -0.0246 0.001700
655.00 C 20260901 57.22 61.45 0 0 0.2749 0.9700 0.002000
655.00 P 20260901 0.36 0.39 3 97 0.2649 -0.0301 0.002100
660.00 C 20260901 52.30 56.50 0 0 0.2624 0.9630 0.002600
660.00 P 20260901 0.44 0.48 20 581 0.2543 -0.0371 0.002600
665.00 C 20260901 47.46 51.65 0 0 0.2526 0.9538 0.003200
665.00 P 20260901 0.56 0.59 27 205 0.2444 -0.0463 0.003200
668.00 C 20260901 44.59 48.51 0 0 0.2470 0.9469 0.003600
668.00 P 20260901 0.65 0.68 6 32 0.2389 -0.0533 0.003700
669.00 C 20260901 43.63 47.54 0 0 0.2452 0.9443 0.003800
669.00 P 20260901 0.68 0.71 1 20 0.2370 -0.0557 0.003800
670.00 C 20260901 42.65 46.80 0 1 0.2424 0.9416 0.004000
670.00 P 20260901 0.71 0.75 210 150 0.2349 -0.0586 0.004000
671.00 C 20260901 41.74 45.93 0 0 0.2419 0.9387 0.004200
671.00 P 20260901 0.75 0.79 6 16 0.2332 -0.0615 0.004200
672.00 C 20260901 40.78 44.91 0 0 0.2397 0.9356 0.004400
672.00 P 20260901 0.79 0.83 6 22 0.2317 -0.0644 0.004400
673.00 C 20260901 39.82 44.00 0 0 0.2374 0.9324 0.004600
673.00 P 20260901 0.83 0.87 1 30 0.2294 -0.0679 0.004600
674.00 C 20260901 38.83 42.89 0 0 0.2342 0.9289 0.004800
674.00 P 20260901 0.87 0.91 13 50 0.2275 -0.0712 0.004800
675.00 C 20260901 37.91 42.00 0 1 0.2331 0.9253 0.005000
675.00 P 20260901 0.92 0.96 85 89 0.2258 -0.0748 0.005000
676.00 C 20260901 36.99 41.00 0 0 0.2315 0.9214 0.005300
676.00 P 20260901 0.97 1.01 11 15 0.2240 -0.0787 0.005300
677.00 C 20260901 36.05 40.17 0 0 0.2297 0.9174 0.005500
677.00 P 20260901 1.02 1.06 117 24 0.2221 -0.0828 0.005500
678.00 C 20260901 35.15 39.16 0 0 0.2285 0.9130 0.005800
678.00 P 20260901 1.08 1.12 14 36 0.2205 -0.0871 0.005800
679.00 C 20260901 34.24 38.15 0 2 0.2271 0.9085 0.006000
679.00 P 20260901 1.14 1.18 506 96 0.2187 -0.0917 0.006100
680.00 C 20260901 33.27 37.05 19 26 0.2242 0.9037 0.006300
680.00 P 20260901 1.21 1.25 16 350 0.2173 -0.0965 0.006400
681.00 C 20260901 32.34 36.02 0 0 0.2201 0.8986 0.006600
681.00 P 20260901 1.27 1.32 2 40 0.2154 -0.1016 0.006700
682.00 C 20260901 32.83 35.10 0 1 0.2471 0.8932 0.006900
682.00 P 20260901 1.35 1.39 60 32 0.2138 -0.1071 0.007000
683.00 C 20260901 30.53 34.18 0 1 0.2173 0.8875 0.007300
683.00 P 20260901 1.42 1.47 458 9 0.2122 -0.1126 0.007300
684.00 C 20260901 29.62 33.26 0 0 0.2155 0.8815 0.007600
684.00 P 20260901 1.50 1.57 57 121 0.2106 -0.1188 0.007600
685.00 C 20260901 28.70 32.35 0 1 0.2136 0.8751 0.007900
685.00 P 20260901 1.59 1.65 84 169 0.2089 -0.1252 0.008000
686.00 C 20260901 27.83 31.45 0 2 0.2126 0.8684 0.008300
686.00 P 20260901 1.68 1.75 24 19 0.2073 -0.1320 0.008300
687.00 C 20260901 26.93 30.55 0 6 0.2108 0.8614 0.008700
687.00 P 20260901 1.78 1.86 2 43 0.2059 -0.1390 0.008700
688.00 C 20260901 26.01 29.82 0 12 0.2098 0.8539 0.009000
688.00 P 20260901 1.89 1.97 7 8 0.2045 -0.1465 0.009100
689.00 C 20260901 25.15 28.94 0 11 0.2086 0.8461 0.009400
689.00 P 20260901 2.01 2.08 88 6 0.2029 -0.1544 0.009500
690.00 C 20260901 24.26 27.96 19 38 0.2065 0.8378 0.009800
690.00 P 20260901 2.13 2.20 86 175 0.2014 -0.1627 0.009900
691.00 C 20260901 23.39 27.19 0 12 0.2049 0.8292 0.010200
691.00 P 20260901 2.26 2.34 12 14 0.2001 -0.1714 0.010300
692.00 C 20260901 22.56 26.33 0 0 0.2037 0.8201 0.010700
692.00 P 20260901 2.40 2.48 3 71 0.1987 -0.1805 0.010700
693.00 C 20260901 21.74 25.33 1 0 0.2019 0.8106 0.011100
693.00 P 20260901 2.55 2.63 3 20 0.1973 -0.1901 0.011200
694.00 C 20260901 20.86 24.53 0 0 0.2005 0.8006 0.011500
694.00 P 20260901 2.70 2.79 23 18 0.1959 -0.2002 0.011600
695.00 C 20260901 20.07 23.52 0 12 0.1971 0.7902 0.012000
695.00 P 20260901 2.87 2.95 22 241 0.1945 -0.2107 0.012000
696.00 C 20260901 19.24 22.83 2 0 0.1974 0.7793 0.012400
696.00 P 20260901 3.04 3.13 2 15 0.1931 -0.2216 0.012500
697.00 C 20260901 18.39 22.01 57 0 0.1953 0.7679 0.012900
697.00 P 20260901 3.23 3.32 4 50 0.1918 -0.2331 0.013000
698.00 C 20260901 17.57 21.21 2 0 0.1937 0.7560 0.013300
698.00 P 20260901 3.42 3.51 15 119 0.1902 -0.2450 0.013400
699.00 C 20260901 16.76 20.42 2 18 0.1921 0.7437 0.013800
699.00 P 20260901 3.63 3.72 59 49 0.1889 -0.2575 0.013900
700.00 C 20260901 17.42 17.78 2 138 0.1855 0.7308 0.014200
700.00 P 20260901 3.85 3.94 148 2154 0.1876 -0.2705 0.014300
701.00 C 20260901 15.17 18.89 0 57 0.1890 0.7175 0.014700
701.00 P 20260901 4.08 4.17 16 51 0.1863 -0.2839 0.014800
702.00 C 20260901 14.45 18.15 0 152 0.1881 0.7037 0.015100
702.00 P 20260901 4.31 4.42 13 139 0.1847 -0.2980 0.015200
703.00 C 20260901 14.04 17.25 50 266 0.1887 0.6894 0.015500
703.00 P 20260901 4.58 4.67 4 27 0.1834 -0.3125 0.015700
704.00 C 20260901 14.56 14.75 0 478 0.1816 0.6745 0.016000
704.00 P 20260901 4.84 4.95 2 123 0.1820 -0.3275 0.016100
705.00 C 20260901 13.85 14.02 157 859 0.1801 0.6593 0.016400
705.00 P 20260901 5.12 5.23 185 300 0.1805 -0.3429 0.016500
706.00 C 20260901 13.16 13.33 133 315 0.1790 0.6435 0.016800
706.00 P 20260901 5.43 5.54 29 91 0.1793 -0.3588 0.016900
707.00 C 20260901 12.48 12.64 154 359 0.1776 0.6273 0.017100
707.00 P 20260901 5.74 5.85 27 48 0.1779 -0.3753 0.017300
708.00 C 20260901 11.81 11.97 322 648 0.1766 0.6106 0.017500
708.00 P 20260901 6.08 6.19 88 82 0.1767 -0.3922 0.017700
709.00 C 20260901 11.16 11.32 506 506 0.1753 0.5935 0.017800
709.00 P 20260901 6.42 6.54 16 169 0.1753 -0.4095 0.018000
710.00 C 20260901 10.54 10.69 522 1079 0.1740 0.5760 0.018100
710.00 P 20260901 6.79 6.92 343 697 0.1741 -0.4272 0.018400
711.00 C 20260901 9.92 10.08 534 264 0.1730 0.5582 0.018400
711.00 P 20260901 7.18 7.31 41 92 0.1727 -0.4455 0.018700
712.00 C 20260901 9.33 9.48 468 73 0.1716 0.5399 0.018600
712.00 P 20260901 7.59 7.72 260 262 0.1716 -0.4640 0.018900
713.00 C 20260901 8.77 8.89 91 103 0.1704 0.5213 0.018800
713.00 P 20260901 8.01 8.14 25 228 0.1705 -0.4829 0.019200
714.00 C 20260901 8.22 8.35 158 242 0.1695 0.5025 0.019000
714.00 P 20260901 8.46 8.59 175 422 0.1692 -0.5021 0.019300
715.00 C 20260901 7.68 7.79 409 337 0.1680 0.4834 0.019100
715.00 P 20260901 8.93 9.04 942 888 0.1681 -0.5217 0.019500
716.00 C 20260901 7.16 7.30 47 525 0.1672 0.4641 0.019200
716.00 P 20260901 9.41 9.54 51 234 0.1668 -0.5414 0.019600
717.00 C 20260901 6.66 6.78 41 147 0.1658 0.4446 0.019200
717.00 P 20260901 9.92 10.07 39 409 0.1659 -0.5613 0.019600
718.00 C 20260901 6.18 6.32 41 197 0.1649 0.4250 0.019200
718.00 P 20260901 10.44 10.61 52 840 0.1651 -0.5815 0.019600
719.00 C 20260901 5.73 5.85 67 112 0.1636 0.4054 0.019100
719.00 P 20260901 10.98 11.16 9 241 0.1638 -0.6017 0.019600
720.00 C 20260901 5.29 5.40 308 403 0.1624 0.3858 0.019000
720.00 P 20260901 11.55 11.72 120 370 0.1628 -0.6217 0.019500
721.00 C 20260901 4.88 4.98 18 297 0.1613 0.3663 0.018800
721.00 P 20260901 12.14 12.31 4 230 0.1618 -0.6418 0.019300
722.00 C 20260901 4.49 4.59 53 294 0.1603 0.3469 0.018600
722.00 P 20260901 12.75 12.92 26 1146 0.1606 -0.6619 0.019100
723.00 C 20260901 4.12 4.21 56 10 0.1593 0.3278 0.018300
723.00 P 20260901 13.38 13.56 14 136 0.1593 -0.6817 0.018900
724.00 C 20260901 3.76 3.88 55 10 0.1584 0.3089 0.017900
724.00 P 20260901 14.03 14.21 192 95 0.1582 -0.7012 0.018600
725.00 C 20260901 3.45 3.51 317 815 0.1574 0.2904 0.017500
725.00 P 20260901 14.63 15.16 21 580 0.1597 -0.7206 0.018200
726.00 C 20260901 3.12 3.21 48 19 0.1562 0.2722 0.017100
726.00 P 20260901 13.48 17.46 1 95 0.1557 -0.7395 0.017800
727.00 C 20260901 2.83 2.92 15 43 0.1553 0.2544 0.016600
727.00 P 20260901 14.08 18.16 4 130 0.1529 -0.7581 0.017300
728.00 C 20260901 2.56 2.64 16 48 0.1543 0.2372 0.016100
728.00 P 20260901 14.82 18.95 2 9 0.1525 -0.7762 0.016800
729.00 C 20260901 2.30 2.39 18 272 0.1533 0.2205 0.015500
729.00 P 20260901 15.59 19.57 0 9 0.1495 -0.7937 0.016200
730.00 C 20260901 2.07 2.15 308 363 0.1524 0.2042 0.014900
730.00 P 20260901 16.77 18.78 51 118 0.1286 -0.8108 0.015700
731.00 C 20260901 1.86 1.93 27 60 0.1516 0.1888 0.014300
731.00 P 20260901 17.17 19.76 1 285 0.1208 -0.8273 0.015000
732.00 C 20260901 1.66 1.73 14 28 0.1507 0.1739 0.013600
732.00 P 20260901 18.05 20.60 0 11 0.1184 -0.8430 0.014400
733.00 C 20260901 1.48 1.55 11 19 0.1500 0.1596 0.013000
733.00 P 20260901 18.82 21.43 2 3 0.1102 -0.8582 0.013700
734.00 C 20260901 1.32 1.38 66 67 0.1493 0.1461 0.012300
734.00 P 20260901 19.63 22.28 0 1 0.0962 -0.8725 0.013000
735.00 C 20260901 1.17 1.23 61 258 0.1487 0.1333 0.011600
735.00 P 20260901 20.64 23.00 184 13 -1.0000 -0.8859 0.012200
736.00 C 20260901 1.03 1.09 6 32 0.1479 0.1212 0.010900
736.00 P 20260901 21.35 24.04 0 1 -1.0000 -0.8988 0.011400
737.00 C 20260901 0.91 0.97 32 17 0.1474 0.1099 0.010200
737.00 P 20260901 22.25 24.93 0 0 -1.0000 -0.9107 0.010600
738.00 C 20260901 0.82 0.86 5 6 0.1474 0.0994 0.009600
738.00 P 20260901 23.15 25.84 0 1 -1.0000 -0.9215 0.009800
739.00 C 20260901 0.72 0.76 8 9 0.1469 0.0896 0.008900
739.00 P 20260901 24.09 28.28 0 1 0.1399 -0.9318 0.009000
740.00 C 20260901 0.63 0.66 130 1034 0.1461 0.0806 0.008200
740.00 P 20260901 25.02 29.19 1 1 0.1372 -0.9410 0.008200
741.00 C 20260901 0.55 0.59 32 8 0.1460 0.0723 0.007600
741.00 P 20260901 25.96 30.12 1 0 0.1343 -0.9491 0.007500
742.00 C 20260901 0.48 0.51 2 3 0.1453 0.0648 0.007000
742.00 P 20260901 26.91 31.04 0 2 0.1289 -0.9566 0.006700
743.00 C 20260901 0.42 0.45 6 1 0.1452 0.0580 0.006400
743.00 P 20260901 27.87 31.99 0 0 0.1206 -0.9632 0.006000
744.00 C 20260901 0.37 0.39 3 6 0.1449 0.0518 0.005900
744.00 P 20260901 28.83 32.96 0 0 -1.0000 -0.9688 0.005300
745.00 C 20260901 0.32 0.35 13 118 0.1450 0.0462 0.005400
745.00 P 20260901 29.82 33.99 0 2 -1.0000 -0.9738 0.004700
746.00 C 20260901 0.28 0.30 1 0 0.1446 0.0412 0.004900
746.00 P 20260901 30.81 34.91 0 0 -1.0000 -0.9782 0.004100
747.00 C 20260901 0.24 0.27 2 7 0.1448 0.0367 0.004500
747.00 P 20260901 31.80 35.96 0 0 -1.0000 -0.9817 0.003600
748.00 C 20260901 0.21 0.23 29 18 0.1445 0.0327 0.004100
748.00 P 20260901 32.77 36.96 0 0 -1.0000 -0.9848 0.003100
749.00 C 20260901 0.18 0.21 47 4 0.1449 0.0292 0.003700
749.00 P 20260901 33.79 37.95 0 0 -1.0000 -0.9875 0.002600
750.00 C 20260901 0.16 0.18 44 438 0.1450 0.0261 0.003400
750.00 P 20260901 34.62 38.96 0 0 -1.0000 -0.9896 0.002300
751.00 C 20260901 0.13 0.16 0 52 0.1446 0.0234 0.003000
751.00 P 20260901 35.62 39.96 0 0 -1.0000 -0.9914 0.001900
752.00 C 20260901 0.12 0.14 0 40 0.1454 0.0209 0.002800
752.00 P 20260901 36.57 40.91 0 0 -1.0000 -0.9929 0.001600
753.00 C 20260901 0.10 0.13 0 39 0.1458 0.0187 0.002500
753.00 P 20260901 37.51 41.90 0 0 -1.0000 -0.9942 0.001400
754.00 C 20260901 0.09 0.12 0 15 0.1471 0.0168 0.002300
754.00 P 20260901 38.51 42.91 0 0 -1.0000 -0.9952 0.001200
755.00 C 20260901 0.08 0.11 10 554 0.1480 0.0152 0.002100
755.00 P 20260901 39.62 43.87 0 0 -1.0000 -0.9960 0.001000
756.00 C 20260901 0.07 0.10 0 3 0.1487 0.0137 0.001900
756.00 P 20260901 40.51 44.85 0 0 -1.0000 -0.9967 0.000800
757.00 C 20260901 0.06 0.09 1 40 0.1492 0.0124 0.001700
757.00 P 20260901 41.57 45.90 0 0 -1.0000 -0.9972 0.000700
758.00 C 20260901 0.05 0.08 1 0 0.1493 0.0113 0.001600
758.00 P 20260901 42.51 46.85 0 0 -1.0000 -0.9977 0.000600
759.00 C 20260901 0.05 0.08 0 8 0.1522 0.0102 0.001400
759.00 P 20260901 43.51 47.85 0 0 -1.0000 -0.9981 0.000500
760.00 C 20260901 0.04 0.07 37 213 0.1517 0.0094 0.001300
760.00 P 20260901 44.62 48.85 0 0 -1.0000 -0.9984 0.000400
761.00 C 20260901 0.04 0.07 0 0 0.1546 0.0086 0.001200
761.00 P 20260901 45.55 49.87 0 0 -1.0000 -0.9987 0.000400
762.00 C 20260901 0.03 0.06 0 10 0.1539 0.0078 0.001100
762.00 P 20260901 46.51 50.87 0 0 -1.0000 -0.9988 0.000300
763.00 C 20260901 0.03 0.06 0 10 0.1563 0.0072 0.001000
763.00 P 20260901 47.57 51.86 0 0 -1.0000 -0.9990 0.000300
764.00 C 20260901 0.03 0.05 0 0 0.1572 0.0066 0.001000
764.00 P 20260901 48.51 52.86 0 0 -1.0000 -0.9992 0.000200
765.00 C 20260901 0.02 0.05 15 12 0.1575 0.0061 0.000900
765.00 P 20260901 49.62 53.84 0 0 -1.0000 -0.9993 0.000200
766.00 C 20260901 0.02 0.05 0 0 0.1601 0.0057 0.000800
766.00 P 20260901 50.51 54.86 0 0 -1.0000 -0.9994 0.000200
767.00 C 20260901 0.02 0.04 0 0 0.1597 0.0053 0.000800
767.00 P 20260901 51.53 55.86 0 0 -1.0000 -0.9995 0.000200
768.00 C 20260901 0.02 0.04 0 0 0.1623 0.0049 0.000700
768.00 P 20260901 52.51 56.86 0 0 -1.0000 -0.9996 0.000100
769.00 C 20260901 0.01 0.04 0 0 0.1618 0.0046 0.000700
769.00 P 20260901 53.51 57.85 0 0 -1.0000 -0.9996 0.000100
770.00 C 20260901 0.01 0.04 2 111 0.1643 0.0043 0.000600
770.00 P 20260901 54.57 58.84 0 0 -1.0000 -0.9996 0.000100
775.00 C 20260901 0.01 0.03 2 11 0.1729 0.0032 0.000400
775.00 P 20260901 59.53 63.84 0 0 -1.0000 -0.9998 0.000100
780.00 C 20260901 0.01 0.03 0 30 0.1850 0.0024 0.000300
780.00 P 20260901 64.53 68.84 0 0 -1.0000 -0.9999 0.000000
785.00 C 20260901 0.00 0.03 0 21 0.1922 0.0019 0.000200
785.00 P 20260901 69.51 73.84 0 0 -1.0000 -0.9999 0.000000
790.00 C 20260901 0.00 0.03 0 1 0.2037 0.0015 0.000200
790.00 P 20260901 74.51 78.84 0 0 -1.0000 -1.0000 0.000000
795.00 C 20260901 0.00 0.03 0 0 0.2152 0.0012 0.000200
795.00 P 20260901 79.51 83.82 0 0 -1.0000 -1.0000 0.000000
800.00 C 20260901 0.00 0.03 0 0 0.2264 0.0010 0.000100
800.00 P 20260901 84.56 88.85 0 0 -1.0000 -1.0000 0.000000
805.00 C 20260901 0.00 0.03 0 51 0.2376 0.0008 0.000100
805.00 P 20260901 89.51 93.89 0 0 -1.0000 -1.0000 0.000000
810.00 C 20260901 0.00 0.02 0 0 0.2402 0.0007 0.000100
810.00 P 20260901 94.53 98.89 0 0 -1.0000 -1.0000 0.000000
815.00 C 20260901 0.00 0.02 0 0 0.2509 0.0006 0.000100
815.00 P 20260901 99.53 103.89 0 0 -1.0000 -1.0000 0.000000
820.00 C 20260901 0.00 0.02 0 0 0.2614 0.0005 0.000100
820.00 P 20260901 104.53 108.89 0 0 -1.0000 -1.0000 0.000000
825.00 C 20260901 0.00 0.02 0 0 0.2718 0.0004 0.000000
825.00 P 20260901 109.51 113.86 0 0 -1.0000 -1.0000 0.000000
830.00 C 20260901 0.00 0.02 0 0 0.2821 0.0004 0.000000
830.00 P 20260901 114.55 118.86 0 0 -1.0000 -1.0000 0.000000
835.00 C 20260901 0.00 0.02 0 0 0.2924 0.0003 0.000000
835.00 P 20260901 119.53 123.87 0 0 -1.0000 -1.0000 0.000000
840.00 C 20260901 0.00 0.02 0 0 0.3025 0.0003 0.000000
840.00 P 20260901 124.53 128.90 0 0 -1.0000 -1.0000 0.000000
845.00 C 20260901 0.00 0.02 0 0 0.3126 0.0002 0.000000
845.00 P 20260901 129.53 133.87 0 0 -1.0000 -1.0000 0.000000
850.00 C 20260901 0.00 0.02 0 0 0.3225 0.0002 0.000000
850.00 P 20260901 134.51 138.86 0 0 -1.0000 -1.0000 0.000000
855.00 C 20260901 0.00 0.02 0 0 0.3324 0.0002 0.000000
855.00 P 20260901 139.53 143.86 0 0 -1.0000 -1.0000 0.000000
860.00 C 20260901 0.00 0.02 0 0 0.3422 0.0002 0.000000
860.00 P 20260901 144.62 148.86 0 0 -1.0000 -1.0000 0.000000
865.00 C 20260901 0.00 0.02 0 0 0.3519 0.0001 0.000000
865.00 P 20260901 149.62 153.85 0 0 -1.0000 -1.0000 0.000000
870.00 C 20260901 0.00 0.02 0 0 0.3615 0.0001 0.000000
870.00 P 20260901 154.62 158.86 0 0 -1.0000 -1.0000 0.000000
875.00 C 20260901 0.00 0.02 0 0 0.3711 0.0001 0.000000
875.00 P 20260901 159.51 163.87 0 0 -1.0000 -1.0000 0.000000
880.00 C 20260901 0.00 0.02 0 0 0.3806 0.0001 0.000000
880.00 P 20260901 164.62 168.89 0 0 -1.0000 -1.0000 0.000000
885.00 C 20260901 0.00 0.02 0 0 0.3900 0.0001 0.000000
885.00 P 20260901 169.53 173.87 0 0 -1.0000 -1.0000 0.000000
890.00 C 20260901 0.00 0.02 0 0 0.3993 0.0001 0.000000
890.00 P 20260901 174.62 178.89 0 0 -1.0000 -1.0000 0.000000
895.00 C 20260901 0.00 0.02 0 0 0.4086 0.0001 0.000000
895.00 P 20260901 179.62 183.86 0 0 -1.0000 -1.0000 0.000000
900.00 C 20260901 0.00 0.02 0 0 0.4178 0.0001 0.000000
900.00 P 20260901 184.62 188.89 0 0 -1.0000 -1.0000 0.000000
905.00 C 20260901 0.00 0.02 0 0 0.4269 0.0001 0.000000
905.00 P 20260901 189.62 193.86 0 0 -1.0000 -1.0000 0.000000
910.00 C 20260901 0.00 0.02 0 0 0.4360 0.0000 0.000000
910.00 P 20260901 194.62 198.89 0 0 -1.0000 -1.0000 0.000000
915.00 C 20260901 0.00 0.02 0 0 0.4450 0.0000 0.000000
915.00 P 20260901 199.62 203.84 0 0 -1.0000 -1.0000 0.000000
920.00 C 20260901 0.00 0.02 0 0 0.4539 0.0000 0.000000
920.00 P 20260901 204.51 208.89 0 0 -1.0000 -1.0000 0.000000
925.00 C 20260901 0.00 0.02 0 0 0.4628 0.0000 0.000000
925.00 P 20260901 209.55 213.86 0 0 -1.0000 -1.0000 0.000000
930.00 C 20260901 0.00 0.02 0 0 0.4716 0.0000 0.000000
930.00 P 20260901 214.51 218.86 0 0 -1.0000 -1.0000 0.000000
935.00 C 20260901 0.00 0.02 0 0 0.4803 0.0000 0.000000
935.00 P 20260901 219.62 223.85 0 0 -1.0000 -1.0000 0.000000
940.00 C 20260901 0.00 0.02 0 0 0.4890 0.0000 0.000000
940.00 P 20260901 224.62 228.89 0 0 -1.0000 -1.0000 0.000000
945.00 C 20260901 0.00 0.02 0 0 0.4976 0.0000 0.000000
945.00 P 20260901 229.54 233.86 0 0 -1.0000 -1.0000 0.000000
950.00 C 20260901 0.00 0.02 0 0 0.5061 0.0000 0.000000
950.00 P 20260901 234.56 238.89 0 0 -1.0000 -1.0000 0.000000
490.00 C 20260902 221.74 226.00 0 0 0.7937 0.9986 0.000000
490.00 P 20260902 0.03 0.06 15 0 0.7243 -0.0014 0.000000
495.00 C 20260902 216.73 221.00 0 0 0.7660 0.9985 0.000000
495.00 P 20260902 0.03 0.06 0 0 0.7062 -0.0015 0.000000
500.00 C 20260902 211.73 215.96 0 0 0.7460 0.9984 0.000100
500.00 P 20260902 0.03 0.06 0 0 0.6881 -0.0016 0.000100
505.00 C 20260902 206.70 210.97 0 0 0.7143 0.9983 0.000100
505.00 P 20260902 0.03 0.06 0 0 0.6703 -0.0017 0.000100
510.00 C 20260902 201.77 206.00 0 0 0.7203 0.9982 0.000100
510.00 P 20260902 0.03 0.06 0 0 0.6526 -0.0018 0.000100
515.00 C 20260902 196.75 201.00 0 0 0.6907 0.9980 0.000100
515.00 P 20260902 0.04 0.07 0 0 0.6472 -0.0019 0.000100
520.00 C 20260902 191.78 196.00 0 0 0.6812 0.9979 0.000100
520.00 P 20260902 0.04 0.07 0 0 0.6296 -0.0020 0.000100
525.00 C 20260902 186.79 191.00 0 0 0.6649 0.9978 0.000100
525.00 P 20260902 0.04 0.07 0 0 0.6121 -0.0022 0.000100
530.00 C 20260902 181.78 186.00 0 0 0.6427 0.9976 0.000100
530.00 P 20260902 0.04 0.07 0 0 0.5947 -0.0024 0.000100
535.00 C 20260902 176.81 181.00 0 0 0.6295 0.9974 0.000100
535.00 P 20260902 0.04 0.07 0 0 0.5775 -0.0025 0.000100
540.00 C 20260902 171.79 176.00 0 0 0.6049 0.9972 0.000100
540.00 P 20260902 0.05 0.08 0 0 0.5697 -0.0027 0.000100
545.00 C 20260902 166.83 171.00 0 0 0.5970 0.9970 0.000100
545.00 P 20260902 0.05 0.08 0 1 0.5525 -0.0029 0.000100
550.00 C 20260902 161.81 166.00 0 0 0.5732 0.9968 0.000100
550.00 P 20260902 0.05 0.08 0 1 0.5354 -0.0032 0.000100
555.00 C 20260902 156.81 161.00 0 0 0.5521 0.9966 0.000100
555.00 P 20260902 0.06 0.08 0 0 0.5223 -0.0034 0.000100
560.00 C 20260902 151.83 156.00 0 0 0.5389 0.9963 0.000200
560.00 P 20260902 0.06 0.08 0 0 0.5054 -0.0037 0.000200
565.00 C 20260902 146.84 151.00 0 0 0.5230 0.9960 0.000200
565.00 P 20260902 0.06 0.09 0 0 0.4925 -0.0040 0.000200
570.00 C 20260902 141.85 146.00 0 0 0.5070 0.9956 0.000200
570.00 P 20260902 0.07 0.09 0 0 0.4790 -0.0043 0.000200
575.00 C 20260902 136.84 141.00 0 0 0.4868 0.9952 0.000200
575.00 P 20260902 0.07 0.10 0 1 0.4651 -0.0047 0.000200
580.00 C 20260902 131.90 136.00 0 0 0.4809 0.9948 0.000200
580.00 P 20260902 0.08 0.10 0 0 0.4511 -0.0052 0.000200
585.00 C 20260902 126.92 131.00 0 0 0.4663 0.9943 0.000300
585.00 P 20260902 0.08 0.11 0 0 0.4369 -0.0056 0.000300
590.00 C 20260902 121.91 126.00 0 0 0.4483 0.9937 0.000300
590.00 P 20260902 0.09 0.12 0 1 0.4249 -0.0062 0.000300
595.00 C 20260902 116.92 121.00 0 0 0.4319 0.9931 0.000400
595.00 P 20260902 0.10 0.12 0 0 0.4102 -0.0069 0.000400
600.00 C 20260902 111.96 116.15 0 0 0.4214 0.9923 0.000400
600.00 P 20260902 0.10 0.13 0 1 0.3954 -0.0076 0.000400
605.00 C 20260902 106.96 111.25 0 0 0.4034 0.9915 0.000500
605.00 P 20260902 0.12 0.14 0 0 0.3842 -0.0085 0.000500
610.00 C 20260902 101.98 106.24 0 0 0.3893 0.9905 0.000500
610.00 P 20260902 0.13 0.16 2 0 0.3722 -0.0095 0.000500
615.00 C 20260902 97.02 101.28 0 0 0.3772 0.9893 0.000600
615.00 P 20260902 0.14 0.17 11 0 0.3581 -0.0107 0.000600
620.00 C 20260902 92.05 96.31 0 0 0.3634 0.9879 0.000700
620.00 P 20260902 0.16 0.19 0 44 0.3463 -0.0121 0.000700
625.00 C 20260902 87.05 91.36 0 0 0.3471 0.9862 0.000800
625.00 P 20260902 0.18 0.22 0 48 0.3349 -0.0138 0.000800
630.00 C 20260902 82.09 86.37 0 0 0.3343 0.9842 0.000900
630.00 P 20260902 0.21 0.24 1 7 0.3227 -0.0158 0.000900
635.00 C 20260902 77.14 81.40 0 0 0.3223 0.9816 0.001100
635.00 P 20260902 0.24 0.27 1 6 0.3104 -0.0183 0.001100
640.00 C 20260902 72.20 76.42 0 0 0.3108 0.9786 0.001300
640.00 P 20260902 0.28 0.32 2 3 0.2999 -0.0214 0.001300
645.00 C 20260902 67.27 71.50 0 0 0.2992 0.9747 0.001600
645.00 P 20260902 0.33 0.37 0 48 0.2886 -0.0253 0.001600
650.00 C 20260902 62.33 66.50 0 0 0.2864 0.9698 0.001900
650.00 P 20260902 0.40 0.43 8 22 0.2779 -0.0302 0.001900
655.00 C 20260902 57.40 61.50 0 0 0.2735 0.9636 0.002300
655.00 P 20260902 0.48 0.51 29 124 0.2672 -0.0364 0.002300
660.00 C 20260902 52.56 56.82 0 0 0.2641 0.9555 0.002800
660.00 P 20260902 0.59 0.62 68 236 0.2573 -0.0445 0.002800
665.00 C 20260902 47.73 51.66 0 0 0.2542 0.9451 0.003500
665.00 P 20260902 0.73 0.76 68 228 0.2473 -0.0550 0.003500
668.00 C 20260902 46.17 48.74 0 0 0.2819 0.9374 0.003900
668.00 P 20260902 0.83 0.86 1 6 0.2414 -0.0627 0.003900
669.00 C 20260902 45.26 47.77 0 0 0.2799 0.9345 0.004100
669.00 P 20260902 0.87 0.90 39 5 0.2396 -0.0655 0.004100
670.00 C 20260902 42.94 46.84 0 1 0.2440 0.9315 0.004300
670.00 P 20260902 0.91 0.94 11 13 0.2377 -0.0686 0.004300
671.00 C 20260902 43.50 45.88 0 0 0.2778 0.9283 0.004500
671.00 P 20260902 0.95 0.99 23 10 0.2360 -0.0717 0.004500
672.00 C 20260902 42.40 44.93 0 0 0.2719 0.9250 0.004600
672.00 P 20260902 1.00 1.04 3 10 0.2344 -0.0751 0.004700
673.00 C 20260902 40.09 43.97 0 0 0.2378 0.9214 0.004900
673.00 P 20260902 1.05 1.09 1 2 0.2326 -0.0786 0.004900
674.00 C 20260902 40.51 43.05 0 0 0.2669 0.9177 0.005100
674.00 P 20260902 1.10 1.14 15 0 0.2307 -0.0824 0.005100
675.00 C 20260902 39.71 42.08 0 0 0.2663 0.9138 0.005300
675.00 P 20260902 1.15 1.19 8 53 0.2287 -0.0863 0.005300
676.00 C 20260902 38.63 41.14 0 0 0.2608 0.9096 0.005500
676.00 P 20260902 1.21 1.25 8 5 0.2271 -0.0905 0.005500
677.00 C 20260902 37.65 40.20 0 0 0.2573 0.9052 0.005800
677.00 P 20260902 1.27 1.32 2 1 0.2255 -0.0948 0.005800
678.00 C 20260902 36.72 39.26 0 0 0.2546 0.9007 0.006000
678.00 P 20260902 1.34 1.38 10 0 0.2238 -0.0995 0.006000
679.00 C 20260902 35.91 38.23 0 0 0.2524 0.8958 0.006300
679.00 P 20260902 1.41 1.45 16 2 0.2221 -0.1043 0.006300
680.00 C 20260902 34.94 37.31 22 0 0.2492 0.8907 0.006500
680.00 P 20260902 1.48 1.53 24 45 0.2205 -0.1094 0.006600
681.00 C 20260902 34.02 36.27 0 0 0.2447 0.8854 0.006800
681.00 P 20260902 1.56 1.61 45 20 0.2189 -0.1148 0.006800
682.00 C 20260902 33.10 35.48 0 0 0.2444 0.8797 0.007100
682.00 P 20260902 1.63 1.70 5 2 0.2172 -0.1204 0.007100
683.00 C 20260902 32.20 34.45 0 0 0.2402 0.8738 0.007400
683.00 P 20260902 1.72 1.79 25 23 0.2156 -0.1264 0.007400
684.00 C 20260902 31.34 33.54 0 0 0.2386 0.8676 0.007700
684.00 P 20260902 1.81 1.89 15 0 0.2141 -0.1326 0.007700
685.00 C 20260902 30.40 32.76 0 4 0.2376 0.8611 0.008000
685.00 P 20260902 1.92 1.98 90 84 0.2126 -0.1392 0.008000
686.00 C 20260902 29.41 32.03 0 0 0.2351 0.8542 0.008300
686.00 P 20260902 2.02 2.10 7 102 0.2112 -0.1461 0.008400
687.00 C 20260902 28.51 31.15 0 0 0.2327 0.8470 0.008700
687.00 P 20260902 2.14 2.22 52 8 0.2099 -0.1533 0.008700
688.00 C 20260902 27.64 30.27 0 0 0.2307 0.8395 0.009000
688.00 P 20260902 2.26 2.34 9 115 0.2084 -0.1608 0.009100
689.00 C 20260902 26.76 29.39 0 0 0.2286 0.8316 0.009400
689.00 P 20260902 2.38 2.46 12 13 0.2068 -0.1688 0.009400
690.00 C 20260902 25.90 28.53 22 0 0.2271 0.8234 0.009700
690.00 P 20260902 2.52 2.59 29 226 0.2054 -0.1771 0.009800
691.00 C 20260902 25.05 27.67 0 0 0.2256 0.8148 0.010100
691.00 P 20260902 2.66 2.74 19 12 0.2040 -0.1857 0.010100
692.00 C 20260902 24.20 26.82 0 0 0.2232 0.8058 0.010500
692.00 P 20260902 2.81 2.90 3 6 0.2028 -0.1947 0.010500
693.00 C 20260902 23.45 25.87 0 0 0.2217 0.7964 0.010800
693.00 P 20260902 2.97 3.05 2 13 0.2013 -0.2042 0.010900
694.00 C 20260902 22.62 25.04 0 0 0.2199 0.7866 0.011200
694.00 P 20260902 3.13 3.22 16 14 0.1998 -0.2140 0.011300
695.00 C 20260902 21.71 24.04 0 16 0.2148 0.7764 0.011600
695.00 P 20260902 3.31 3.40 30 94 0.1983 -0.2248 0.011700
696.00 C 20260902 21.01 23.40 0 0 0.2165 0.7658 0.012000
696.00 P 20260902 3.50 3.59 19 2 0.1970 -0.2355 0.012100
697.00 C 20260902 20.21 22.60 0 0 0.2148 0.7548 0.012400
697.00 P 20260902 3.69 3.79 2 3 0.1956 -0.2466 0.012500
698.00 C 20260902 19.41 21.80 0 0 0.2128 0.7434 0.012800
698.00 P 20260902 3.90 3.99 2 9 0.1942 -0.2581 0.012900
699.00 C 20260902 18.63 21.02 0 36 0.2112 0.7315 0.013200
699.00 P 20260902 4.11 4.21 20 0 0.1928 -0.2701 0.013300
700.00 C 20260902 17.85 19.74 0 61 0.2037 0.7192 0.013600
700.00 P 20260902 4.34 4.44 191 360 0.1915 -0.2825 0.013700
701.00 C 20260902 17.11 19.48 0 81 0.2078 0.7065 0.013900
701.00 P 20260902 4.58 4.68 17 1 0.1901 -0.2954 0.014100
702.00 C 20260902 16.36 18.72 2 0 0.2060 0.6933 0.014300
702.00 P 20260902 4.84 4.94 116 146 0.1890 -0.3086 0.014500
703.00 C 20260902 15.64 17.55 60 5 0.1999 0.6798 0.014700
703.00 P 20260902 5.10 5.20 40 6 0.1875 -0.3223 0.014800
704.00 C 20260902 15.16 15.36 24 52 0.1856 0.6657 0.015000
704.00 P 20260902 5.37 5.48 48 516 0.1861 -0.3366 0.015200
705.00 C 20260902 14.46 14.63 11 192 0.1844 0.6513 0.015400
705.00 P 20260902 5.68 5.77 171 251 0.1849 -0.3512 0.015600
706.00 C 20260902 13.77 13.94 204 171 0.1830 0.6365 0.015700
706.00 P 20260902 5.96 6.08 59 12 0.1834 -0.3661 0.015900
707.00 C 20260902 13.09 13.26 32 316 0.1818 0.6213 0.016100
707.00 P 20260902 6.29 6.40 12 12 0.1822 -0.3815 0.016300
708.00 C 20260902 12.43 12.61 270 156 0.1806 0.6057 0.016400
708.00 P 20260902 6.63 6.74 14 21 0.1809 -0.3974 0.016600
709.00 C 20260902 11.79 11.95 118 144 0.1793 0.5897 0.016700
709.00 P 20260902 6.97 7.09 64 35 0.1795 -0.4137 0.016900
710.00 C 20260902 11.16 11.32 97 178 0.1784 0.5733 0.016900
710.00 P 20260902 7.37 7.46 235 383 0.1785 -0.4303 0.017200
711.00 C 20260902 10.55 10.71 82 26 0.1769 0.5566 0.017200
711.00 P 20260902 7.73 7.86 23 30 0.1770 -0.4472 0.017400
712.00 C 20260902 9.96 10.11 74 3 0.1758 0.5396 0.017400
712.00 P 20260902 8.14 8.26 127 68 0.1758 -0.4646 0.017600
713.00 C 20260902 9.40 9.52 90 65 0.1745 0.5223 0.017600
713.00 P 20260902 8.56 8.69 110 11 0.1746 -0.4822 0.017800
714.00 C 20260902 8.84 8.96 226 107 0.1733 0.5047 0.017700
714.00 P 20260902 9.00 9.13 40 92 0.1733 -0.5001 0.018000
715.00 C 20260902 8.30 8.42 310 162 0.1722 0.4869 0.017800
715.00 P 20260902 9.47 9.59 386 355 0.1723 -0.5182 0.018200
716.00 C 20260902 7.78 7.90 143 2 0.1711 0.4689 0.017900
716.00 P 20260902 9.94 10.09 100 86 0.1711 -0.5367 0.018300
717.00 C 20260902 7.28 7.39 80 4 0.1700 0.4508 0.017900
717.00 P 20260902 10.44 10.60 11 181 0.1702 -0.5553 0.018300
718.00 C 20260902 6.79 6.91 98 0 0.1689 0.4325 0.017900
718.00 P 20260902 10.96 11.13 46 83 0.1692 -0.5741 0.018400
719.00 C 20260902 6.33 6.44 3 188 0.1678 0.4142 0.017900
719.00 P 20260902 11.50 11.67 251 140 0.1682 -0.5928 0.018300
720.00 C 20260902 5.89 6.00 535 444 0.1668 0.3959 0.017800
720.00 P 20260902 12.06 12.22 32 87 0.1668 -0.6117 0.018300
721.00 C 20260902 5.46 5.57 13 14 0.1657 0.3776 0.017700
721.00 P 20260902 12.64 12.82 31 81 0.1660 -0.6306 0.018200
722.00 C 20260902 5.06 5.17 89 21 0.1648 0.3594 0.017500
722.00 P 20260902 13.23 13.42 15 39 0.1649 -0.6494 0.018000
723.00 C 20260902 4.68 4.78 18 19 0.1639 0.3413 0.017300
723.00 P 20260902 13.85 14.04 91 1 0.1639 -0.6680 0.017800
724.00 C 20260902 4.31 4.43 17 6 0.1630 0.3235 0.017000
724.00 P 20260902 14.49 14.69 8 0 0.1627 -0.6866 0.017600
725.00 C 20260902 3.97 4.04 93 77 0.1617 0.3059 0.016700
725.00 P 20260902 15.16 15.35 4 17 0.1617 -0.7049 0.017300
726.00 C 20260902 3.64 3.75 44 30 0.1611 0.2886 0.016400
726.00 P 20260902 13.80 17.81 0 0 0.1581 -0.7229 0.017000
727.00 C 20260902 3.33 3.44 14 6 0.1602 0.2716 0.016000
727.00 P 20260902 14.52 18.72 0 1 0.1598 -0.7406 0.016600
728.00 C 20260902 3.04 3.13 23 2 0.1591 0.2551 0.015500
728.00 P 20260902 15.34 19.37 2 2 0.1592 -0.7580 0.016200
729.00 C 20260902 2.77 2.86 7 7 0.1583 0.2390 0.015100
729.00 P 20260902 16.00 20.04 0 0 0.1564 -0.7749 0.015800
730.00 C 20260902 2.55 2.59 952 101 0.1577 0.2234 0.014600
730.00 P 20260902 16.85 20.71 25 91 0.1554 -0.7913 0.015300
731.00 C 20260902 2.29 2.37 16 5 0.1568 0.2082 0.014100
731.00 P 20260902 19.22 21.47 0 0 0.1761 -0.8073 0.014800
732.00 C 20260902 2.07 2.15 21 9 0.1560 0.1937 0.013500
732.00 P 20260902 18.33 22.14 0 0 0.1498 -0.8228 0.014300
733.00 C 20260902 1.87 1.94 10 109 0.1552 0.1797 0.013000
733.00 P 20260902 19.11 22.94 0 0 0.1477 -0.8377 0.013700
734.00 C 20260902 1.68 1.75 47 10 0.1544 0.1663 0.012400
734.00 P 20260902 19.97 23.69 0 0 0.1455 -0.8518 0.013100
735.00 C 20260902 1.51 1.58 268 500 0.1538 0.1535 0.011800
735.00 P 20260902 20.91 24.46 8 3 0.1445 -0.8656 0.012500
736.00 C 20260902 1.36 1.42 17 86 0.1533 0.1413 0.011200
736.00 P 20260902 21.61 25.31 0 0 0.1397 -0.8786 0.011900
737.00 C 20260902 1.22 1.28 4 28 0.1529 0.1298 0.010600
737.00 P 20260902 22.51 26.14 0 0 0.1363 -0.8906 0.011200
738.00 C 20260902 1.09 1.15 63 3 0.1524 0.1189 0.010000
738.00 P 20260902 23.37 27.03 0 1 0.1335 -0.9022 0.010500
739.00 C 20260902 0.97 1.03 15 2 0.1519 0.1086 0.009400
739.00 P 20260902 24.30 26.70 53 0 -1.0000 -0.9131 0.009800
740.00 C 20260902 0.88 0.91 141 199 0.1516 0.0991 0.008900
740.00 P 20260902 25.18 28.84 1 0 0.1248 -0.9230 0.009200
741.00 C 20260902 0.78 0.82 20 11 0.1513 0.0901 0.008300
741.00 P 20260902 26.10 30.29 0 0 0.1449 -0.9322 0.008500
742.00 C 20260902 0.69 0.73 7 10 0.1509 0.0819 0.007700
742.00 P 20260902 27.06 31.19 0 0 0.1420 -0.9408 0.007800
743.00 C 20260902 0.61 0.64 19 12 0.1502 0.0742 0.007200
743.00 P 20260902 28.00 32.12 0 0 0.1394 -0.9486 0.007100
744.00 C 20260902 0.54 0.57 16 29 0.1500 0.0671 0.006700
744.00 P 20260902 28.94 33.06 10 0 0.1360 -0.9554 0.006500
745.00 C 20260902 0.48 0.51 76 68 0.1500 0.0606 0.006200
745.00 P 20260902 29.91 34.02 0 0 0.1319 -0.9616 0.005800
746.00 C 20260902 0.43 0.45 0 1 0.1499 0.0547 0.005700
746.00 P 20260902 30.84 34.96 0 0 0.1202 -0.9673 0.005200
747.00 C 20260902 0.38 0.40 5 1 0.1499 0.0494 0.005200
747.00 P 20260902 31.83 36.00 0 0 0.1261 -0.9721 0.004600
748.00 C 20260902 0.33 0.36 0 2 0.1497 0.0445 0.004800
748.00 P 20260902 32.79 36.91 0 0 -1.0000 -0.9762 0.004100
749.00 C 20260902 0.29 0.32 27 0 0.1497 0.0401 0.004400
749.00 P 20260902 33.62 37.97 0 0 -1.0000 -0.9800 0.003600
750.00 C 20260902 0.26 0.28 58 25 0.1498 0.0361 0.004100
750.00 P 20260902 34.80 38.96 0 0 -1.0000 -0.9832 0.003200
751.00 C 20260902 0.22 0.25 1 2 0.1494 0.0326 0.003700
751.00 P 20260902 35.56 39.96 0 0 -1.0000 -0.9859 0.002800
752.00 C 20260902 0.20 0.23 0 38 0.1504 0.0294 0.003400
752.00 P 20260902 36.53 40.94 0 0 -1.0000 -0.9881 0.002400
753.00 C 20260902 0.17 0.20 0 5 0.1498 0.0265 0.003100
753.00 P 20260902 37.62 41.90 0 0 -1.0000 -0.9901 0.002100
754.00 C 20260902 0.15 0.18 0 11 0.1502 0.0240 0.002900
754.00 P 20260902 38.53 42.94 0 0 -1.0000 -0.9918 0.001800
755.00 C 20260902 0.13 0.16 175 38 0.1503 0.0218 0.002600
755.00 P 20260902 39.79 43.86 0 0 -1.0000 -0.9931 0.001500
756.00 C 20260902 0.12 0.15 0 4 0.1517 0.0198 0.002400
756.00 P 20260902 40.79 44.90 0 0 -1.0000 -0.9942 0.001300
757.00 C 20260902 0.10 0.13 0 0 0.1511 0.0180 0.002200
757.00 P 20260902 41.62 45.89 0 0 -1.0000 -0.9951 0.001100
758.00 C 20260902 0.09 0.12 0 0 0.1523 0.0162 0.002000
758.00 P 20260902 42.51 46.90 0 0 -1.0000 -0.9959 0.001000
759.00 C 20260902 0.08 0.11 0 0 0.1531 0.0148 0.001900
759.00 P 20260902 43.79 47.91 0 0 -1.0000 -0.9966 0.000800
760.00 C 20260902 0.07 0.10 54 36 0.1536 0.0136 0.001700
760.00 P 20260902 44.51 48.85 0 0 -1.0000 -0.9972 0.000700
761.00 C 20260902 0.07 0.09 0 0 0.1552 0.0125 0.001600
761.00 P 20260902 45.51 49.86 0 0 -1.0000 -0.9975 0.000600
762.00 C 20260902 0.06 0.09 0 0 0.1566 0.0115 0.001500
762.00 P 20260902 46.57 50.86 0 0 -1.0000 -0.9979 0.000500
763.00 C 20260902 0.05 0.08 0 0 0.1565 0.0106 0.001400
763.00 P 20260902 47.51 51.87 0 0 -1.0000 -0.9982 0.000500
764.00 C 20260902 0.05 0.08 0 0 0.1592 0.0098 0.001300
764.00 P 20260902 48.51 52.85 0 0 -1.0000 -0.9985 0.000400
765.00 C 20260902 0.04 0.07 2 24 0.1586 0.0091 0.001200
765.00 P 20260902 49.62 53.84 0 0 -1.0000 -0.9987 0.000400
766.00 C 20260902 0.04 0.07 0 0 0.1610 0.0084 0.001100
766.00 P 20260902 50.62 54.85 0 0 -1.0000 -0.9989 0.000300
767.00 C 20260902 0.04 0.06 0 0 0.1616 0.0079 0.001000
767.00 P 20260902 51.53 55.87 0 0 -1.0000 -0.9990 0.000300
768.00 C 20260902 0.03 0.06 0 0 0.1622 0.0074 0.001000
768.00 P 20260902 52.51 56.87 0 0 -1.0000 -0.9991 0.000200
769.00 C 20260902 0.03 0.06 0 0 0.1648 0.0069 0.000900
769.00 P 20260902 53.62 57.87 0 0 -1.0000 -0.9992 0.000200
770.00 C 20260902 0.03 0.05 0 19 0.1652 0.0065 0.000800
770.00 P 20260902 54.51 58.84 0 0 -1.0000 -0.9993 0.000200
775.00 C 20260902 0.02 0.04 0 0 0.1722 0.0048 0.000600
775.00 P 20260902 59.62 63.87 0 0 -1.0000 -0.9996 0.000100
780.00 C 20260902 0.01 0.04 0 0 0.1808 0.0037 0.000500
780.00 P 20260902 64.51 68.84 0 0 -1.0000 -0.9998 0.000100
785.00 C 20260902 0.01 0.03 0 0 0.1884 0.0030 0.000400
785.00 P 20260902 69.79 73.84 0 0 -1.0000 -0.9999 0.000000
790.00 C 20260902 0.01 0.03 0 0 0.1997 0.0024 0.000300
790.00 P 20260902 74.53 78.84 0 0 -1.0000 -0.9999 0.000000
795.00 C 20260902 0.00 0.03 0 0 0.2053 0.0020 0.000200
795.00 P 20260902 79.62 83.89 0 0 -1.0000 -0.9999 0.000000
800.00 C 20260902 0.00 0.03 0 0 0.2162 0.0016 0.000200
800.00 P 20260902 84.53 88.87 0 0 -1.0000 -1.0000 0.000000
805.00 C 20260902 0.00 0.03 0 0 0.2268 0.0014 0.000200
805.00 P 20260902 89.56 93.90 0 0 -1.0000 -1.0000 0.000000
810.00 C 20260902 0.00 0.03 0 0 0.2374 0.0012 0.000100
810.00 P 20260902 94.62 98.87 0 0 -1.0000 -1.0000 0.000000
815.00 C 20260902 0.00 0.03 0 0 0.2479 0.0010 0.000100
815.00 P 20260902 99.62 103.86 0 0 -1.0000 -1.0000 0.000000
820.00 C 20260902 0.00 0.03 0 0 0.2583 0.0008 0.000100
820.00 P 20260902 104.53 108.89 0 0 -1.0000 -1.0000 0.000000
825.00 C 20260902 0.00 0.03 0 0 0.2686 0.0007 0.000100
825.00 P 20260902 109.62 113.87 0 0 -1.0000 -1.0000 0.000000
830.00 C 20260902 0.00 0.03 1 0 0.2787 0.0006 0.000100
830.00 P 20260902 114.51 118.86 0 0 -1.0000 -1.0000 0.000000
835.00 C 20260902 0.00 0.03 0 0 0.2888 0.0006 0.000100
835.00 P 20260902 119.53 123.86 0 0 -1.0000 -1.0000 0.000000
840.00 C 20260902 0.00 0.03 0 0 0.2988 0.0005 0.000000
840.00 P 20260902 124.62 128.87 0 0 -1.0000 -1.0000 0.000000
845.00 C 20260902 0.00 0.03 0 0 0.3087 0.0004 0.000000
845.00 P 20260902 129.51 133.89 0 0 -1.0000 -1.0000 0.000000
850.00 C 20260902 0.00 0.03 0 0 0.3185 0.0004 0.000000
850.00 P 20260902 134.51 138.89 0 0 -1.0000 -1.0000 0.000000
855.00 C 20260902 0.00 0.03 0 0 0.3282 0.0003 0.000000
855.00 P 20260902 139.62 143.86 0 0 -1.0000 -1.0000 0.000000
860.00 C 20260902 0.00 0.03 0 0 0.3379 0.0003 0.000000
860.00 P 20260902 144.62 148.86 0 0 -1.0000 -1.0000 0.000000
865.00 C 20260902 0.00 0.02 0 0 0.3363 0.0003 0.000000
865.00 P 20260902 149.56 153.89 0 0 -1.0000 -1.0000 0.000000
870.00 C 20260902 0.00 0.02 0 0 0.3456 0.0002 0.000000
870.00 P 20260902 154.51 158.87 0 0 -1.0000 -1.0000 0.000000
875.00 C 20260902 0.00 0.02 0 0 0.3547 0.0002 0.000000
875.00 P 20260902 159.56 163.89 0 0 -1.0000 -1.0000 0.000000
880.00 C 20260902 0.00 0.02 0 0 0.3638 0.0002 0.000000
880.00 P 20260902 164.62 168.86 0 0 -1.0000 -1.0000 0.000000
885.00 C 20260902 0.00 0.02 0 0 0.3728 0.0002 0.000000
885.00 P 20260902 169.62 173.87 0 0 -1.0000 -1.0000 0.000000
890.00 C 20260902 0.00 0.02 0 0 0.3817 0.0001 0.000000
890.00 P 20260902 174.62 178.89 0 0 -1.0000 -1.0000 0.000000
895.00 C 20260902 0.00 0.02 0 0 0.3906 0.0001 0.000000
895.00 P 20260902 179.62 183.91 0 0 -1.0000 -1.0000 0.000000
900.00 C 20260902 0.00 0.02 0 0 0.3994 0.0001 0.000000
900.00 P 20260902 184.62 188.87 0 0 -1.0000 -1.0000 0.000000
905.00 C 20260902 0.00 0.02 0 0 0.4081 0.0001 0.000000
905.00 P 20260902 189.62 193.87 0 0 -1.0000 -1.0000 0.000000
910.00 C 20260902 0.00 0.02 0 0 0.4168 0.0001 0.000000
910.00 P 20260902 194.51 198.87 0 0 -1.0000 -1.0000 0.000000
915.00 C 20260902 0.00 0.02 0 0 0.4254 0.0001 0.000000
915.00 P 20260902 199.62 203.89 0 0 -1.0000 -1.0000 0.000000
920.00 C 20260902 0.00 0.02 0 0 0.4340 0.0001 0.000000
920.00 P 20260902 204.56 208.87 0 0 -1.0000 -1.0000 0.000000
925.00 C 20260902 0.00 0.02 0 0 0.4425 0.0001 0.000000
925.00 P 20260902 209.62 213.87 0 0 -1.0000 -1.0000 0.000000
930.00 C 20260902 0.00 0.02 0 0 0.4509 0.0001 0.000000
930.00 P 20260902 214.62 218.89 0 0 -1.0000 -1.0000 0.000000
935.00 C 20260902 0.00 0.02 0 0 0.4593 0.0001 0.000000
935.00 P 20260902 219.56 223.90 0 0 -1.0000 -1.0000 0.000000
940.00 C 20260902 0.00 0.02 0 0 0.4676 0.0001 0.000000
940.00 P 20260902 224.83 228.87 0 0 -1.0000 -1.0000 0.000000
945.00 C 20260902 0.00 0.02 0 0 0.4758 0.0000 0.000000
945.00 P 20260902 229.57 233.89 0 0 -1.0000 -1.0000 0.000000
950.00 C 20260902 0.00 0.02 0 0 0.4840 0.0000 0.000000
950.00 P 20260902 234.51 238.89 0 0 -1.0000 -1.0000 0.000000
490.00 C 20260903 221.78 226.00 0 0 0.7516 0.9984 0.000100
490.00 P 20260903 0.03 0.06 208 0 0.6964 -0.0016 0.000100
495.00 C 20260903 216.77 221.00 0 0 0.7279 0.9982 0.000100
495.00 P 20260903 0.04 0.07 100 0 0.6917 -0.0017 0.000100
500.00 C 20260903 211.82 216.00 0 0 0.7264 0.9981 0.000100
500.00 P 20260903 0.04 0.07 50 0 0.6742 -0.0018 0.000100
505.00 C 20260903 206.80 211.00 0 0 0.6965 0.9980 0.000100
505.00 P 20260903 0.04 0.07 0 0 0.6568 -0.0019 0.000100
510.00 C 20260903 201.78 206.00 0 0 0.6697 0.9979 0.000100
510.00 P 20260903 0.04 0.07 0 0 0.6396 -0.0021 0.000100
515.00 C 20260903 196.83 201.00 0 0 0.6683 0.9977 0.000100
515.00 P 20260903 0.04 0.07 0 0 0.6225 -0.0022 0.000100
520.00 C 20260903 191.86 196.00 0 0 0.6584 0.9976 0.000100
520.00 P 20260903 0.05 0.08 0 0 0.6154 -0.0024 0.000100
525.00 C 20260903 186.82 191.00 0 0 0.6273 0.9974 0.000100
525.00 P 20260903 0.05 0.08 0 0 0.5984 -0.0026 0.000100
530.00 C 20260903 181.83 186.00 0 0 0.6118 0.9972 0.000100
530.00 P 20260903 0.05 0.08 0 0 0.5815 -0.0027 0.000100
535.00 C 20260903 176.82 181.00 0 0 0.5870 0.9970 0.000100
535.00 P 20260903 0.05 0.08 0 0 0.5648 -0.0029 0.000100
540.00 C 20260903 171.85 176.00 0 0 0.5780 0.9968 0.000100
540.00 P 20260903 0.06 0.09 0 0 0.5556 -0.0032 0.000100
545.00 C 20260903 166.89 171.00 0 0 0.5705 0.9965 0.000100
545.00 P 20260903 0.06 0.09 0 0 0.5388 -0.0034 0.000100
550.00 C 20260903 161.88 166.00 0 0 0.5498 0.9963 0.000100
550.00 P 20260903 0.06 0.09 0 0 0.5222 -0.0037 0.000200
555.00 C 20260903 156.93 161.00 0 0 0.5434 0.9960 0.000200
555.00 P 20260903 0.07 0.10 1 0 0.5124 -0.0040 0.000200
560.00 C 20260903 151.91 156.00 0 0 0.5210 0.9956 0.000200
560.00 P 20260903 0.07 0.10 0 0 0.4958 -0.0043 0.000200
565.00 C 20260903 146.91 151.00 0 0 0.5031 0.9952 0.000200
565.00 P 20260903 0.08 0.11 0 0 0.4851 -0.0047 0.000200
570.00 C 20260903 141.93 146.00 0 0 0.4917 0.9948 0.000200
570.00 P 20260903 0.08 0.11 0 0 0.4686 -0.0051 0.000200
575.00 C 20260903 136.96 141.20 0 0 0.4797 0.9944 0.000300
575.00 P 20260903 0.09 0.12 0 0 0.4572 -0.0056 0.000300
580.00 C 20260903 132.00 136.29 0 0 0.4688 0.9938 0.000300
580.00 P 20260903 0.10 0.13 0 0 0.4458 -0.0061 0.000300
585.00 C 20260903 126.97 131.25 0 0 0.4478 0.9932 0.000300
585.00 P 20260903 0.10 0.13 0 0 0.4292 -0.0067 0.000300
590.00 C 20260903 121.97 126.32 0 0 0.4303 0.9926 0.000400
590.00 P 20260903 0.11 0.14 0 0 0.4168 -0.0074 0.000400
595.00 C 20260903 117.01 121.34 0 0 0.4204 0.9918 0.000400
595.00 P 20260903 0.12 0.15 220 0 0.4040 -0.0081 0.000400
600.00 C 20260903 112.07 116.33 0 0 0.4122 0.9909 0.000500
600.00 P 20260903 0.14 0.17 6 0 0.3942 -0.0090 0.000500
605.00 C 20260903 107.06 111.38 0 0 0.3945 0.9899 0.000500
605.00 P 20260903 0.15 0.18 0 0 0.3805 -0.0101 0.000500
610.00 C 20260903 102.10 106.34 0 0 0.3826 0.9887 0.000600
610.00 P 20260903 0.17 0.20 0 0 0.3692 -0.0113 0.000600
615.00 C 20260903 97.11 101.42 0 0 0.3680 0.9873 0.000700
615.00 P 20260903 0.19 0.22 0 0 0.3572 -0.0127 0.000700
620.00 C 20260903 92.13 96.45 0 0 0.3541 0.9856 0.000800
620.00 P 20260903 0.21 0.25 16 0 0.3455 -0.0143 0.000800
625.00 C 20260903 87.19 91.49 0 0 0.3441 0.9836 0.000900
625.00 P 20260903 0.24 0.28 16 0 0.3341 -0.0163 0.000900
630.00 C 20260903 82.26 86.42 0 0 0.3336 0.9813 0.001000
630.00 P 20260903 0.27 0.31 28 0 0.3220 -0.0187 0.001000
635.00 C 20260903 77.26 81.50 0 0 0.3181 0.9784 0.001200
635.00 P 20260903 0.31 0.35 29 0 0.3105 -0.0216 0.001200
640.00 C 20260903 72.36 76.50 0 0 0.3088 0.9748 0.001400
640.00 P 20260903 0.36 0.40 11 182 0.2994 -0.0252 0.001400
645.00 C 20260903 67.41 71.50 0 0 0.2960 0.9703 0.001700
645.00 P 20260903 0.42 0.46 2 76 0.2884 -0.0297 0.001700
650.00 C 20260903 62.54 66.75 0 0 0.2864 0.9647 0.002100
650.00 P 20260903 0.50 0.54 11 340 0.2781 -0.0353 0.002100
655.00 C 20260903 57.68 61.85 0 0 0.2766 0.9576 0.002500
655.00 P 20260903 0.60 0.64 2 91 0.2679 -0.0424 0.002500
660.00 C 20260903 52.84 56.95 0 0 0.2656 0.9486 0.003000
660.00 P 20260903 0.73 0.76 24 27 0.2580 -0.0514 0.003000
665.00 C 20260903 48.05 52.20 0 0 0.2565 0.9371 0.003700
665.00 P 20260903 0.89 0.93 29 11 0.2485 -0.0630 0.003700
668.00 C 20260903 45.17 49.03 0 0 0.2500 0.9286 0.004100
668.00 P 20260903 1.02 1.06 1 0 0.2435 -0.0715 0.004200
669.00 C 20260903 44.24 48.08 0 0 0.2487 0.9255 0.004300
669.00 P 20260903 1.06 1.10 0 0 0.2414 -0.0746 0.004300
670.00 C 20260903 43.23 47.13 0 1 0.2452 0.9223 0.004500
670.00 P 20260903 1.11 1.15 9 34 0.2397 -0.0779 0.004500
671.00 C 20260903 42.31 46.17 0 0 0.2437 0.9189 0.004700
671.00 P 20260903 1.16 1.20 1 0 0.2380 -0.0813 0.004700
672.00 C 20260903 41.38 45.23 0 0 0.2423 0.9153 0.004800
672.00 P 20260903 1.21 1.26 14 0 0.2363 -0.0849 0.004900
673.00 C 20260903 40.43 44.28 0 0 0.2400 0.9115 0.005000
673.00 P 20260903 1.27 1.31 12 0 0.2345 -0.0887 0.005100
674.00 C 20260903 39.52 43.34 0 0 0.2388 0.9075 0.005200
674.00 P 20260903 1.33 1.38 57 0 0.2330 -0.0927 0.005300
675.00 C 20260903 38.65 42.40 0 0 0.2382 0.9034 0.005500
675.00 P 20260903 1.40 1.44 32 13 0.2314 -0.0969 0.005500
676.00 C 20260903 37.71 41.47 0 0 0.2362 0.8990 0.005700
676.00 P 20260903 1.46 1.51 0 0 0.2297 -0.1013 0.005700
677.00 C 20260903 36.77 40.45 0 0 0.2323 0.8944 0.005900
677.00 P 20260903 1.53 1.58 2 0 0.2280 -0.1058 0.005900
678.00 C 20260903 35.86 39.39 0 0 0.2282 0.8896 0.006200
678.00 P 20260903 1.61 1.66 6 0 0.2266 -0.1106 0.006200
679.00 C 20260903 34.94 38.61 0 0 0.2291 0.8846 0.006400
679.00 P 20260903 1.69 1.74 0 0 0.2248 -0.1157 0.006400
680.00 C 20260903 34.05 37.69 0 0 0.2278 0.8793 0.006600
680.00 P 20260903 1.76 1.82 142 38 0.2231 -0.1210 0.006700
681.00 C 20260903 34.55 36.64 0 0 0.2473 0.8738 0.006900
681.00 P 20260903 1.85 1.92 10 0 0.2218 -0.1266 0.006900
682.00 C 20260903 32.28 35.88 0 0 0.2253 0.8680 0.007200
682.00 P 20260903 1.94 2.02 0 0 0.2203 -0.1324 0.007200
683.00 C 20260903 31.37 34.98 0 0 0.2235 0.8620 0.007400
683.00 P 20260903 2.04 2.12 20 0 0.2188 -0.1385 0.007500
684.00 C 20260903 30.53 34.08 0 0 0.2226 0.8557 0.007700
684.00 P 20260903 2.14 2.22 78 0 0.2171 -0.1448 0.007800
685.00 C 20260903 29.60 33.05 0 0 0.2181 0.8490 0.008000
685.00 P 20260903 2.26 2.33 302 45 0.2158 -0.1514 0.008100
686.00 C 20260903 28.70 32.47 0 0 0.2194 0.8422 0.008300
686.00 P 20260903 2.37 2.46 1 0 0.2144 -0.1584 0.008400
687.00 C 20260903 27.81 31.59 0 0 0.2176 0.8349 0.008600
687.00 P 20260903 2.50 2.58 19 0 0.2130 -0.1657 0.008700
688.00 C 20260903 26.93 30.72 0 0 0.2158 0.8274 0.008900
688.00 P 20260903 2.63 2.71 16 0 0.2116 -0.1733 0.009000
689.00 C 20260903 26.06 29.85 0 0 0.2142 0.8196 0.009300
689.00 P 20260903 2.76 2.85 5 0 0.2101 -0.1812 0.009300
690.00 C 20260903 25.29 29.00 0 1 0.2138 0.8114 0.009600
690.00 P 20260903 2.91 2.99 155 172 0.2087 -0.1894 0.009600
691.00 C 20260903 24.36 28.15 0 0 0.2111 0.8029 0.009900
691.00 P 20260903 3.06 3.15 2 0 0.2074 -0.1979 0.010000
692.00 C 20260903 23.53 27.31 0 0 0.2098 0.7940 0.010200
692.00 P 20260903 3.22 3.31 9 0 0.2060 -0.2069 0.010300
693.00 C 20260903 22.71 26.38 0 0 0.2084 0.7848 0.010600
693.00 P 20260903 3.39 3.48 17 0 0.2047 -0.2162 0.010700
694.00 C 20260903 21.93 25.55 0 0 0.2074 0.7752 0.010900
694.00 P 20260903 3.56 3.66 18 0 0.2033 -0.2258 0.011000
695.00 C 20260903 21.10 24.55 0 0 0.2035 0.7653 0.011300
695.00 P 20260903 3.75 3.84 164 167 0.2019 -0.2358 0.011400
696.00 C 20260903 20.26 23.94 0 0 0.2040 0.7550 0.011600
696.00 P 20260903 3.94 4.04 20 0 0.2005 -0.2462 0.011700
697.00 C 20260903 19.43 23.14 0 0 0.2021 0.7443 0.012000
697.00 P 20260903 4.15 4.24 42 0 0.1992 -0.2570 0.012100
698.00 C 20260903 18.60 22.36 0 0 0.2003 0.7333 0.012300
698.00 P 20260903 4.36 4.46 42 0 0.1978 -0.2682 0.012400
699.00 C 20260903 17.88 21.56 0 0 0.1992 0.7219 0.012600
699.00 P 20260903 4.59 4.69 9 0 0.1966 -0.2797 0.012800
700.00 C 20260903 18.54 19.08 23 44 0.1946 0.7100 0.013000
700.00 P 20260903 4.83 4.92 467 96 0.1952 -0.2916 0.013100
701.00 C 20260903 16.36 20.04 0 0 0.1964 0.6979 0.013300
701.00 P 20260903 5.08 5.17 69 0 0.1940 -0.3039 0.013500
702.00 C 20260903 15.62 19.30 52 0 0.1950 0.6853 0.013700
702.00 P 20260903 5.32 5.43 108 0 0.1923 -0.3169 0.013800
703.00 C 20260903 16.46 16.67 0 0 0.1904 0.6723 0.014000
703.00 P 20260903 5.60 5.71 26 0 0.1912 -0.3298 0.014100
704.00 C 20260903 15.75 15.93 86 0 0.1891 0.6590 0.014300
704.00 P 20260903 5.88 5.99 51 0 0.1898 -0.3433 0.014500
705.00 C 20260903 15.05 15.23 11 108 0.1877 0.6453 0.014600
705.00 P 20260903 6.19 6.29 202 86 0.1887 -0.3571 0.014800
706.00 C 20260903 14.36 14.55 6 0 0.1862 0.6312 0.014900
706.00 P 20260903 6.47 6.61 24 0 0.1870 -0.3717 0.015100
707.00 C 20260903 13.69 13.88 1 0 0.1853 0.6168 0.015200
707.00 P 20260903 6.80 6.93 22 0 0.1856 -0.3864 0.015400
708.00 C 20260903 13.03 13.20 62 0 0.1839 0.6020 0.015500
708.00 P 20260903 7.14 7.27 25 0 0.1846 -0.4011 0.015700
709.00 C 20260903 12.38 12.55 18 0 0.1828 0.5869 0.015700
709.00 P 20260903 7.50 7.62 33 0 0.1831 -0.4168 0.016000
710.00 C 20260903 11.76 11.92 69 41 0.1815 0.5714 0.016000
710.00 P 20260903 7.87 7.99 81 44 0.1819 -0.4325 0.016200
711.00 C 20260903 11.15 11.31 211 0 0.1803 0.5557 0.016200
711.00 P 20260903 8.25 8.38 129 0 0.1805 -0.4484 0.016400
712.00 C 20260903 10.55 10.71 13 0 0.1793 0.5396 0.016400
712.00 P 20260903 8.66 8.80 247 0 0.1794 -0.4648 0.016700
713.00 C 20260903 9.99 10.12 36 0 0.1778 0.5233 0.016600
713.00 P 20260903 9.08 9.21 180 0 0.1782 -0.4815 0.016800
714.00 C 20260903 9.43 9.57 19 0 0.1768 0.5067 0.016700
714.00 P 20260903 9.51 9.65 99 0 0.1769 -0.4983 0.017000
715.00 C 20260903 8.90 9.00 75 79 0.1756 0.4900 0.016800
715.00 P 20260903 9.99 10.10 36 31 0.1760 -0.5155 0.017100
716.00 C 20260903 8.36 8.48 54 0 0.1744 0.4730 0.016900
716.00 P 20260903 10.44 10.59 7 0 0.1744 -0.5329 0.017200
717.00 C 20260903 7.85 7.98 55 0 0.1734 0.4559 0.016900
717.00 P 20260903 10.94 11.08 7 0 0.1734 -0.5504 0.017300
718.00 C 20260903 7.36 7.48 5 0 0.1723 0.4386 0.017000
718.00 P 20260903 11.45 11.61 2 0 0.1726 -0.5680 0.017300
719.00 C 20260903 6.89 7.03 6 0 0.1714 0.4214 0.016900
719.00 P 20260903 11.98 12.16 2 0 0.1716 -0.5858 0.017400
720.00 C 20260903 6.43 6.55 1812 760 0.1701 0.4040 0.016900
720.00 P 20260903 12.53 12.71 5 30 0.1705 -0.6037 0.017300
721.00 C 20260903 6.00 6.11 4 0 0.1691 0.3866 0.016800
721.00 P 20260903 13.09 13.28 6 0 0.1693 -0.6216 0.017200
722.00 C 20260903 5.58 5.69 56 0 0.1680 0.3694 0.016600
722.00 P 20260903 13.68 13.87 6 0 0.1684 -0.6393 0.017100
723.00 C 20260903 5.19 5.29 25 0 0.1671 0.3523 0.016500
723.00 P 20260903 14.29 14.48 0 0 0.1671 -0.6572 0.017000
724.00 C 20260903 4.81 4.91 16 0 0.1661 0.3353 0.016200
724.00 P 20260903 14.92 15.10 14 0 0.1660 -0.6748 0.016800
725.00 C 20260903 4.45 4.55 96 106 0.1652 0.3185 0.016000
725.00 P 20260903 15.56 15.75 8 26 0.1650 -0.6923 0.016600
726.00 C 20260903 4.11 4.21 9 0 0.1643 0.3019 0.015700
726.00 P 20260903 16.22 16.42 0 0 0.1642 -0.7091 0.016300
727.00 C 20260903 3.79 3.88 8 0 0.1633 0.2856 0.015400
727.00 P 20260903 14.90 18.89 0 0 0.1609 -0.7265 0.016000
728.00 C 20260903 3.48 3.59 4 0 0.1624 0.2700 0.015000
728.00 P 20260903 15.69 19.69 0 0 0.1620 -0.7432 0.015700
729.00 C 20260903 3.20 3.30 2 0 0.1614 0.2545 0.014700
729.00 P 20260903 16.33 20.42 0 0 0.1602 -0.7596 0.015400
730.00 C 20260903 2.93 3.01 228 665 0.1608 0.2390 0.014200
730.00 P 20260903 17.58 19.58 5 0 0.1451 -0.7755 0.015000
731.00 C 20260903 2.67 2.76 0 0 0.1599 0.2243 0.013800
731.00 P 20260903 17.81 21.74 0 0 0.1555 -0.7911 0.014500
732.00 C 20260903 2.44 2.54 3 0 0.1595 0.2100 0.013400
732.00 P 20260903 18.71 22.58 3 0 0.1571 -0.8062 0.014100
733.00 C 20260903 2.22 2.31 0 0 0.1585 0.1963 0.012900
733.00 P 20260903 19.38 22.02 0 0 0.1322 -0.8209 0.013600
734.00 C 20260903 2.02 2.10 3 0 0.1579 0.1830 0.012400
734.00 P 20260903 20.23 22.82 0 0 0.1294 -0.8349 0.013100
735.00 C 20260903 1.83 1.91 35 198 0.1572 0.1703 0.011900
735.00 P 20260903 21.19 23.46 0 5 0.1242 -0.8484 0.012600
736.00 C 20260903 1.66 1.74 0 0 0.1568 0.1582 0.011400
736.00 P 20260903 21.83 24.50 0 0 0.1201 -0.8615 0.012100
737.00 C 20260903 1.50 1.57 0 0 0.1561 0.1466 0.010800
737.00 P 20260903 22.72 25.36 0 0 0.1128 -0.8739 0.011500
738.00 C 20260903 1.36 1.44 0 0 0.1560 0.1355 0.010300
738.00 P 20260903 23.56 26.24 0 0 0.0943 -0.8856 0.010900
739.00 C 20260903 1.22 1.29 32 0 0.1552 0.1251 0.009800
739.00 P 20260903 24.44 28.64 0 0 0.1520 -0.8968 0.010400
740.00 C 20260903 1.10 1.17 7 235 0.1550 0.1152 0.009300
740.00 P 20260903 25.34 28.02 0 5 -1.0000 -0.9074 0.009800
741.00 C 20260903 1.01 1.05 4 0 0.1549 0.1059 0.008700
741.00 P 20260903 26.24 30.44 0 0 0.1500 -0.9172 0.009200
742.00 C 20260903 0.90 0.95 1 0 0.1544 0.0974 0.008200
742.00 P 20260903 27.15 31.35 0 0 0.1484 -0.9262 0.008500
743.00 C 20260903 0.81 0.85 0 0 0.1542 0.0891 0.007700
743.00 P 20260903 28.08 32.28 0 0 0.1474 -0.9347 0.007900
744.00 C 20260903 0.73 0.77 4 0 0.1541 0.0816 0.007200
744.00 P 20260903 29.04 33.21 0 0 0.1455 -0.9426 0.007300
745.00 C 20260903 0.65 0.69 24 43 0.1538 0.0744 0.006800
745.00 P 20260903 29.96 34.10 0 0 0.1412 -0.9496 0.006700
746.00 C 20260903 0.58 0.62 0 0 0.1536 0.0679 0.006300
746.00 P 20260903 30.91 35.06 0 0 0.1387 -0.9560 0.006100
747.00 C 20260903 0.52 0.55 4 0 0.1533 0.0619 0.005900
747.00 P 20260903 31.90 36.01 0 0 0.1330 -0.9618 0.005600
748.00 C 20260903 0.47 0.50 0 0 0.1537 0.0563 0.005500
748.00 P 20260903 32.86 36.96 0 0 0.1205 -0.9671 0.005000
749.00 C 20260903 0.42 0.45 0 0 0.1537 0.0512 0.005100
749.00 P 20260903 33.56 37.94 0 0 -1.0000 -0.9716 0.004500
750.00 C 20260903 0.37 0.40 46 68 0.1534 0.0466 0.004700
750.00 P 20260903 34.50 38.90 0 0 -1.0000 -0.9756 0.004000
751.00 C 20260903 0.33 0.36 0 0 0.1535 0.0424 0.004400
751.00 P 20260903 35.62 39.97 0 0 -1.0000 -0.9792 0.003600
752.00 C 20260903 0.30 0.32 0 0 0.1535 0.0387 0.004000
752.00 P 20260903 36.80 40.96 0 0 -1.0000 -0.9823 0.003200
753.00 C 20260903 0.26 0.29 0 0 0.1535 0.0350 0.003700
753.00 P 20260903 37.55 41.95 0 0 -1.0000 -0.9850 0.002800
754.00 C 20260903 0.23 0.26 3 0 0.1536 0.0319 0.003400
754.00 P 20260903 38.62 42.91 0 0 -1.0000 -0.9872 0.002400
755.00 C 20260903 0.21 0.24 17 8 0.1544 0.0292 0.003200
755.00 P 20260903 39.79 43.88 0 0 -1.0000 -0.9892 0.002100
756.00 C 20260903 0.18 0.21 0 0 0.1539 0.0266 0.002900
756.00 P 20260903 40.53 44.89 0 0 -1.0000 -0.9909 0.001800
757.00 C 20260903 0.16 0.19 10 0 0.1542 0.0243 0.002700
757.00 P 20260903 41.62 45.94 0 0 -1.0000 -0.9923 0.001600
758.00 C 20260903 0.15 0.18 100 0 0.1557 0.0222 0.002500
758.00 P 20260903 42.62 46.88 0 0 -1.0000 -0.9935 0.001400
759.00 C 20260903 0.13 0.16 10 0 0.1555 0.0204 0.002300
759.00 P 20260903 43.51 47.85 0 0 -1.0000 -0.9945 0.001200
760.00 C 20260903 0.12 0.15 68 18 0.1569 0.0186 0.002100
760.00 P 20260903 44.79 48.84 0 0 -1.0000 -0.9953 0.001000
761.00 C 20260903 0.11 0.14 10 0 0.1580 0.0170 0.002000
761.00 P 20260903 45.51 49.89 0 0 -1.0000 -0.9960 0.000900
762.00 C 20260903 0.10 0.12 17 0 0.1579 0.0157 0.001800
762.00 P 20260903 46.79 50.83 0 0 -1.0000 -0.9966 0.000800
763.00 C 20260903 0.09 0.12 19 0 0.1595 0.0146 0.001700
763.00 P 20260903 47.79 51.86 0 0 -1.0000 -0.9971 0.000700
764.00 C 20260903 0.08 0.11 26 0 0.1601 0.0134 0.001600
764.00 P 20260903 48.51 52.90 0 0 -1.0000 -0.9976 0.000600
765.00 C 20260903 0.07 0.10 130 169 0.1603 0.0125 0.001500
765.00 P 20260903 49.62 53.84 0 0 -1.0000 -0.9979 0.000500
766.00 C 20260903 0.07 0.10 0 0 0.1631 0.0116 0.001400
766.00 P 20260903 50.79 54.90 0 0 -1.0000 -0.9982 0.000400
767.00 C 20260903 0.06 0.09 60 0 0.1631 0.0107 0.001300
767.00 P 20260903 51.79 55.84 0 0 -1.0000 -0.9984 0.000400
768.00 C 20260903 0.06 0.08 11 0 0.1642 0.0100 0.001200
768.00 P 20260903 52.51 56.89 0 0 -1.0000 -0.9986 0.000300
769.00 C 20260903 0.05 0.08 24 0 0.1653 0.0094 0.001100
769.00 P 20260903 53.51 57.90 0 0 -1.0000 -0.9988 0.000300
770.00 C 20260903 0.05 0.08 0 4 0.1678 0.0088 0.001000
770.00 P 20260903 54.79 58.84 0 0 -1.0000 -0.9990 0.000300
775.00 C 20260903 0.03 0.06 0 0 0.1728 0.0065 0.000800
775.00 P 20260903 59.51 63.84 0 0 -1.0000 -0.9995 0.000100
780.00 C 20260903 0.02 0.05 0 0 0.1800 0.0050 0.000600
780.00 P 20260903 64.51 68.84 0 0 -1.0000 -0.9997 0.000100
785.00 C 20260903 0.01 0.05 0 11 0.1882 0.0039 0.000400
785.00 P 20260903 69.53 73.84 0 0 -1.0000 -0.9998 0.000000
790.00 C 20260903 0.01 0.04 0 0 0.1958 0.0032 0.000400
790.00 P 20260903 74.51 78.86 0 0 -1.0000 -0.9999 0.000000
795.00 C 20260903 0.01 0.04 0 0 0.2067 0.0026 0.000300
795.00 P 20260903 79.81 83.84 0 0 -1.0000 -0.9999 0.000000
800.00 C 20260903 0.00 0.04 0 0 0.2130 0.0022 0.000200
800.00 P 20260903 84.51 88.89 0 0 -1.0000 -1.0000 0.000000
805.00 C 20260903 0.00 0.03 0 0 0.2178 0.0019 0.000200
805.00 P 20260903 89.62 93.87 0 0 -1.0000 -1.0000 0.000000
810.00 C 20260903 0.00 0.03 0 0 0.2280 0.0016 0.000200
810.00 P 20260903 94.51 98.84 0 0 -1.0000 -1.0000 0.000000
815.00 C 20260903 0.00 0.03 0 0 0.2380 0.0014 0.000100
815.00 P 20260903 99.62 103.84 0 0 -1.0000 -1.0000 0.000000
820.00 C 20260903 0.00 0.03 0 0 0.2480 0.0012 0.000100
820.00 P 20260903 104.56 108.86 0 0 -1.0000 -1.0000 0.000000
825.00 C 20260903 0.00 0.03 0 0 0.2578 0.0010 0.000100
825.00 P 20260903 109.51 113.85 0 0 -1.0000 -1.0000 0.000000
830.00 C 20260903 0.00 0.03 0 0 0.2676 0.0009 0.000100
830.00 P 20260903 114.53 118.85 0 0 -1.0000 -1.0000 0.000000
835.00 C 20260903 0.00 0.03 0 0 0.2773 0.0008 0.000100
835.00 P 20260903 119.56 123.85 0 0 -1.0000 -1.0000 0.000000
840.00 C 20260903 0.00 0.03 0 0 0.2869 0.0007 0.000100
840.00 P 20260903 124.53 128.84 0 0 -1.0000 -1.0000 0.000000
845.00 C 20260903 0.00 0.03 0 0 0.2964 0.0006 0.000100
845.00 P 20260903 129.79 133.85 0 0 -1.0000 -1.0000 0.000000
850.00 C 20260903 0.00 0.03 0 0 0.3058 0.0005 0.000000
850.00 P 20260903 134.62 138.85 0 0 -1.0000 -1.0000 0.000000
855.00 C 20260903 0.00 0.03 0 0 0.3152 0.0005 0.000000
855.00 P 20260903 139.53 143.86 0 0 -1.0000 -1.0000 0.000000
860.00 C 20260903 0.00 0.03 0 0 0.3245 0.0004 0.000000
860.00 P 20260903 144.51 148.84 0 0 -1.0000 -1.0000 0.000000
865.00 C 20260903 0.00 0.03 0 0 0.3337 0.0004 0.000000
865.00 P 20260903 149.62 153.86 0 0 -1.0000 -1.0000 0.000000
870.00 C 20260903 0.00 0.03 0 0 0.3428 0.0003 0.000000
870.00 P 20260903 154.51 158.86 0 0 -1.0000 -1.0000 0.000000
875.00 C 20260903 0.00 0.03 0 0 0.3518 0.0003 0.000000
875.00 P 20260903 159.51 163.86 0 0 -1.0000 -1.0000 0.000000
880.00 C 20260903 0.00 0.03 0 0 0.3608 0.0003 0.000000
880.00 P 20260903 164.51 168.84 0 0 -1.0000 -1.0000 0.000000
885.00 C 20260903 0.00 0.03 0 0 0.3697 0.0002 0.000000
885.00 P 20260903 169.51 173.90 0 0 -1.0000 -1.0000 0.000000
890.00 C 20260903 0.00 0.03 0 0 0.3785 0.0002 0.000000
890.00 P 20260903 174.51 178.89 0 0 -1.0000 -1.0000 0.000000
895.00 C 20260903 0.00 0.03 0 0 0.3872 0.0002 0.000000
895.00 P 20260903 179.56 183.92 0 0 -1.0000 -1.0000 0.000000
900.00 C 20260903 0.00 0.02 0 0 0.3836 0.0002 0.000000
900.00 P 20260903 184.51 188.87 0 0 -1.0000 -1.0000 0.000000
905.00 C 20260903 0.00 0.02 0 0 0.3920 0.0002 0.000000
905.00 P 20260903 189.53 193.82 0 0 -1.0000 -1.0000 0.000000
910.00 C 20260903 0.00 0.02 0 0 0.4003 0.0002 0.000000
910.00 P 20260903 194.51 198.82 0 0 -1.0000 -1.0000 0.000000
915.00 C 20260903 0.00 0.02 0 0 0.4086 0.0001 0.000000
915.00 P 20260903 199.56 203.86 0 0 -1.0000 -1.0000 0.000000
920.00 C 20260903 0.00 0.02 0 0 0.4168 0.0001 0.000000
920.00 P 20260903 204.56 208.89 0 0 -1.0000 -1.0000 0.000000
925.00 C 20260903 0.00 0.02 0 0 0.4250 0.0001 0.000000
925.00 P 20260903 209.51 213.82 0 0 -1.0000 -1.0000 0.000000
930.00 C 20260903 0.00 0.02 0 0 0.4331 0.0001 0.000000
930.00 P 20260903 214.53 218.90 0 0 -1.0000 -1.0000 0.000000
935.00 C 20260903 0.00 0.02 0 0 0.4411 0.0001 0.000000
935.00 P 20260903 219.51 223.87 0 0 -1.0000 -1.0000 0.000000
940.00 C 20260903 0.00 0.02 0 0 0.4491 0.0001 0.000000
940.00 P 20260903 224.51 228.84 0 0 -1.0000 -1.0000 0.000000
945.00 C 20260903 0.00 0.02 0 0 0.4570 0.0001 0.000000
945.00 P 20260903 229.56 233.89 0 0 -1.0000 -1.0000 0.000000
950.00 C 20260903 0.00 0.02 0 0 0.4649 0.0001 0.000000
950.00 P 20260903 234.51 238.82 0 0 -1.0000 -1.0000 0.000000
400.00 C 20260904 311.92 315.60 6 5 -1.0000 0.9993 0.000000
400.00 P 20260904 0.01 0.02 10 1264 0.9184 -0.0007 0.000000
405.00 C 20260904 306.93 310.61 0 0 -1.0000 0.9993 0.000000
405.00 P 20260904 0.01 0.04 16 706 0.9362 -0.0007 0.000000
410.00 C 20260904 301.93 305.59 0 0 -1.0000 0.9992 0.000000
410.00 P 20260904 0.01 0.03 100 3 0.9013 -0.0007 0.000000
415.00 C 20260904 296.94 300.63 0 0 -1.0000 0.9992 0.000000
415.00 P 20260904 0.01 0.03 100 10 0.8824 -0.0008 0.000000
420.00 C 20260904 291.95 295.64 0 1 -1.0000 0.9992 0.000000
420.00 P 20260904 0.02 0.03 327 16 0.8798 -0.0008 0.000000
425.00 C 20260904 286.96 290.64 0 0 -1.0000 0.9991 0.000000
425.00 P 20260904 0.02 0.05 2 37 0.8858 -0.0009 0.000000
430.00 C 20260904 281.97 285.65 0 0 -1.0000 0.9990 0.000000
430.00 P 20260904 0.02 0.05 2 1 0.8670 -0.0009 0.000000
435.00 C 20260904 276.98 280.66 0 0 -1.0000 0.9990 0.000000
435.00 P 20260904 0.02 0.05 0 1 0.8485 -0.0010 0.000000
440.00 C 20260904 271.99 275.67 0 0 -1.0000 0.9989 0.000000
440.00 P 20260904 0.02 0.05 0 2 0.8302 -0.0010 0.000000
445.00 C 20260904 267.00 270.68 0 0 -1.0000 0.9989 0.000000
445.00 P 20260904 0.02 0.05 0 0 0.8121 -0.0011 0.000000
450.00 C 20260904 262.00 265.66 0 0 -1.0000 0.9988 0.000000
450.00 P 20260904 0.02 0.06 0 21 0.8034 -0.0012 0.000000
455.00 C 20260904 257.01 260.70 0 0 -1.0000 0.9987 0.000000
455.00 P 20260904 0.03 0.06 0 12 0.7937 -0.0012 0.000000
460.00 C 20260904 252.02 255.71 0 0 -1.0000 0.9987 0.000000
460.00 P 20260904 0.03 0.06 0 265 0.7758 -0.0013 0.000000
465.00 C 20260904 247.03 250.72 0 0 -1.0000 0.9986 0.000000
465.00 P 20260904 0.03 0.06 1 23 0.7580 -0.0014 0.000000
470.00 C 20260904 242.04 245.73 0 0 -1.0000 0.9985 0.000000
470.00 P 20260904 0.03 0.06 6 370 0.7405 -0.0015 0.000000
475.00 C 20260904 237.05 240.74 0 0 -1.0000 0.9984 0.000000
475.00 P 20260904 0.04 0.07 102 78 0.7364 -0.0016 0.000000
480.00 C 20260904 232.06 235.74 0 1 -1.0000 0.9983 0.000000
480.00 P 20260904 0.04 0.07 2 43 0.7189 -0.0017 0.000000
485.00 C 20260904 227.06 230.75 0 0 -1.0000 0.9982 0.000100
485.00 P 20260904 0.04 0.07 0 72 0.7016 -0.0018 0.000100
490.00 C 20260904 222.08 225.76 44 0 -1.0000 0.9981 0.000100
490.00 P 20260904 0.04 0.07 0 68 0.6844 -0.0019 0.000100
495.00 C 20260904 217.09 220.78 1 1 -1.0000 0.9980 0.000100
495.00 P 20260904 0.04 0.07 0 78 0.6673 -0.0020 0.000100
500.00 C 20260904 212.10 215.79 0 2 -1.0000 0.9978 0.000100
500.00 P 20260904 0.05 0.08 1750 253 0.6609 -0.0022 0.000100
505.00 C 20260904 207.11 210.80 0 0 -1.0000 0.9977 0.000100
505.00 P 20260904 0.05 0.08 0 344 0.6439 -0.0023 0.000100
510.00 C 20260904 202.12 205.81 0 20 -1.0000 0.9975 0.000100
510.00 P 20260904 0.05 0.08 0 61 0.6271 -0.0025 0.000100
515.00 C 20260904 197.13 200.79 0 1 -1.0000 0.9973 0.000100
515.00 P 20260904 0.05 0.08 0 60 0.6104 -0.0027 0.000100
520.00 C 20260904 192.15 195.83 0 1 -1.0000 0.9971 0.000100
520.00 P 20260904 0.06 0.09 225 268 0.6023 -0.0028 0.000100
525.00 C 20260904 187.16 190.84 0 60 -1.0000 0.9969 0.000100
525.00 P 20260904 0.06 0.09 0 150 0.5857 -0.0031 0.000100
530.00 C 20260904 182.17 185.85 0 2 -1.0000 0.9967 0.000100
530.00 P 20260904 0.06 0.09 0 224 0.5692 -0.0033 0.000100
535.00 C 20260904 177.18 180.87 0 1 0.4237 0.9964 0.000100
535.00 P 20260904 0.07 0.10 0 29 0.5599 -0.0036 0.000100
540.00 C 20260904 172.20 175.88 0 10 0.4451 0.9961 0.000100
540.00 P 20260904 0.07 0.10 111 207 0.5435 -0.0038 0.000100
545.00 C 20260904 167.21 170.89 1 4 0.4350 0.9958 0.000200
545.00 P 20260904 0.08 0.11 117 146 0.5334 -0.0041 0.000200
550.00 C 20260904 162.22 165.88 0 0 0.3606 0.9955 0.000200
550.00 P 20260904 0.08 0.11 176 161 0.5171 -0.0045 0.000200
555.00 C 20260904 157.24 160.92 0 10 0.4351 0.9951 0.000200
555.00 P 20260904 0.09 0.12 68 187 0.5063 -0.0049 0.000200
560.00 C 20260904 152.26 155.94 0 0 0.4363 0.9947 0.000200
560.00 P 20260904 0.09 0.12 0 105 0.4900 -0.0053 0.000200
565.00 C 20260904 147.27 150.96 0 13 0.4283 0.9942 0.000200
565.00 P 20260904 0.10 0.13 4 178 0.4786 -0.0058 0.000200
570.00 C 20260904 142.29 145.95 0 36 0.4094 0.9937 0.000300
570.00 P 20260904 0.11 0.14 12 114 0.4668 -0.0063 0.000300
575.00 C 20260904 137.31 141.00 0 5 0.4170 0.9931 0.000300
575.00 P 20260904 0.12 0.15 4 228 0.4542 -0.0069 0.000300
576.00 C 20260904 136.32 140.00 1 0 0.4161 0.9930 0.000300
576.00 P 20260904 0.12 0.15 0 42 0.4510 -0.0070 0.000300
577.00 C 20260904 135.32 139.01 0 0 0.4152 0.9929 0.000300
577.00 P 20260904 0.12 0.15 0 35 0.4477 -0.0072 0.000300
578.00 C 20260904 134.32 138.01 0 0 0.4110 0.9927 0.000300
578.00 P 20260904 0.12 0.16 0 71 0.4464 -0.0073 0.000300
579.00 C 20260904 133.33 137.01 0 0 0.4100 0.9926 0.000300
579.00 P 20260904 0.13 0.16 0 6 0.4449 -0.0074 0.000300
580.00 C 20260904 132.33 136.02 0 11 0.4089 0.9924 0.000300
580.00 P 20260904 0.13 0.16 5 152 0.4417 -0.0076 0.000300
581.00 C 20260904 131.34 135.02 0 1 0.4077 0.9923 0.000300
581.00 P 20260904 0.13 0.16 0 23 0.4384 -0.0077 0.000300
582.00 C 20260904 130.34 134.03 0 0 0.4064 0.9922 0.000400
582.00 P 20260904 0.13 0.16 0 184 0.4351 -0.0079 0.000400
583.00 C 20260904 129.34 133.03 0 0 0.4024 0.9920 0.000400
583.00 P 20260904 0.14 0.17 0 42 0.4354 -0.0080 0.000400
584.00 C 20260904 128.35 132.03 0 0 0.4011 0.9919 0.000400
584.00 P 20260904 0.14 0.17 10 22 0.4321 -0.0082 0.000400
585.00 C 20260904 127.35 131.04 4 0 0.3997 0.9917 0.000400
585.00 P 20260904 0.14 0.17 0 148 0.4288 -0.0083 0.000400
586.00 C 20260904 126.36 130.04 0 0 0.3983 0.9915 0.000400
586.00 P 20260904 0.14 0.17 0 38 0.4255 -0.0085 0.000400
587.00 C 20260904 125.36 129.05 0 0 0.3968 0.9914 0.000400
587.00 P 20260904 0.15 0.18 0 98 0.4259 -0.0086 0.000400
588.00 C 20260904 124.37 128.05 0 0 0.3952 0.9912 0.000400
588.00 P 20260904 0.15 0.18 67 193 0.4226 -0.0088 0.000400
589.00 C 20260904 123.37 127.06 0 0 0.3936 0.9910 0.000400
589.00 P 20260904 0.15 0.18 0 35 0.4193 -0.0090 0.000400
590.00 C 20260904 122.36 126.06 6 1 0.3873 0.9908 0.000400
590.00 P 20260904 0.16 0.19 115 238 0.4191 -0.0092 0.000400
591.00 C 20260904 121.38 125.07 0 0 0.3903 0.9907 0.000400
591.00 P 20260904 0.16 0.19 0 81 0.4158 -0.0094 0.000400
592.00 C 20260904 120.39 124.07 0 0 0.3885 0.9905 0.000400
592.00 P 20260904 0.16 0.19 0 58 0.4125 -0.0095 0.000400
593.00 C 20260904 119.39 123.08 0 0 0.3867 0.9903 0.000400
593.00 P 20260904 0.17 0.20 0 48 0.4121 -0.0097 0.000400
594.00 C 20260904 118.39 122.06 0 0 0.3786 0.9901 0.000500
594.00 P 20260904 0.17 0.20 0 105 0.4088 -0.0099 0.000500
595.00 C 20260904 117.40 121.09 0 6 0.3830 0.9899 0.000500
595.00 P 20260904 0.17 0.20 0 249 0.4055 -0.0101 0.000500
596.00 C 20260904 116.41 120.09 0 1 0.3811 0.9897 0.000500
596.00 P 20260904 0.18 0.21 2 109 0.4050 -0.0104 0.000500
597.00 C 20260904 115.41 119.10 0 1 0.3791 0.9894 0.000500
597.00 P 20260904 0.18 0.21 0 168 0.4017 -0.0106 0.000500
598.00 C 20260904 114.42 118.10 0 0 0.3771 0.9892 0.000500
598.00 P 20260904 0.18 0.21 0 46 0.3984 -0.0108 0.000500
599.00 C 20260904 113.42 117.08 0 0 0.3696 0.9890 0.000500
599.00 P 20260904 0.19 0.22 0 52 0.3976 -0.0110 0.000500
600.00 C 20260904 112.43 116.11 0 7 0.3731 0.9888 0.000500
600.00 P 20260904 0.20 0.22 18 734 0.3956 -0.0113 0.000500
601.00 C 20260904 111.43 115.09 0 2 0.3657 0.9885 0.000500
601.00 P 20260904 0.20 0.22 5 79 0.3922 -0.0115 0.000600
602.00 C 20260904 110.44 114.13 0 0 0.3705 0.9883 0.000600
602.00 P 20260904 0.20 0.23 5 115 0.3901 -0.0118 0.000600
603.00 C 20260904 109.44 113.11 0 0 0.3634 0.9880 0.000600
603.00 P 20260904 0.20 0.23 103 44 0.3868 -0.0120 0.000600
604.00 C 20260904 108.45 112.14 0 0 0.3661 0.9878 0.000600
604.00 P 20260904 0.21 0.24 0 50 0.3858 -0.0123 0.000600
605.00 C 20260904 107.46 111.14 0 3 0.3639 0.9875 0.000600
605.00 P 20260904 0.21 0.24 2 134 0.3825 -0.0126 0.000600
606.00 C 20260904 106.46 110.12 0 0 0.3571 0.9872 0.000600
606.00 P 20260904 0.22 0.25 0 46 0.3814 -0.0128 0.000600
607.00 C 20260904 105.47 109.16 0 0 0.3607 0.9869 0.000600
607.00 P 20260904 0.22 0.25 0 48 0.3780 -0.0131 0.000600
608.00 C 20260904 104.47 108.14 0 1 0.3542 0.9866 0.000600
608.00 P 20260904 0.23 0.26 0 67 0.3768 -0.0134 0.000600
609.00 C 20260904 103.47 107.14 0 1 0.3504 0.9863 0.000700
609.00 P 20260904 0.23 0.26 0 78 0.3736 -0.0137 0.000700
610.00 C 20260904 102.49 106.18 2 2 0.3550 0.9860 0.000700
610.00 P 20260904 0.24 0.27 54 284 0.3723 -0.0140 0.000700
611.00 C 20260904 101.50 105.18 0 2 0.3525 0.9857 0.000700
611.00 P 20260904 0.24 0.27 0 42 0.3686 -0.0144 0.000700
612.00 C 20260904 100.50 104.16 0 17 0.3463 0.9853 0.000700
612.00 P 20260904 0.25 0.28 5 40 0.3672 -0.0148 0.000700
613.00 C 20260904 99.51 103.20 0 0 0.3488 0.9850 0.000700
613.00 P 20260904 0.25 0.28 0 32 0.3638 -0.0151 0.000700
614.00 C 20260904 98.52 102.21 0 1 0.3475 0.9846 0.000800
614.00 P 20260904 0.26 0.29 5 60 0.3624 -0.0155 0.000800
615.00 C 20260904 97.52 101.19 1 2 0.3415 0.9843 0.000800
615.00 P 20260904 0.27 0.29 5 435 0.3599 -0.0158 0.000800
616.00 C 20260904 96.53 100.20 0 8 0.3402 0.9839 0.000800
616.00 P 20260904 0.27 0.30 1 95 0.3574 -0.0162 0.000800
617.00 C 20260904 95.54 99.20 0 9 0.3376 0.9835 0.000800
617.00 P 20260904 0.28 0.30 0 99 0.3549 -0.0166 0.000800
618.00 C 20260904 94.55 98.24 0 3 0.3394 0.9831 0.000800
618.00 P 20260904 0.28 0.31 3 38 0.3524 -0.0170 0.000800
619.00 C 20260904 93.56 97.25 0 10 0.3378 0.9827 0.000900
619.00 P 20260904 0.29 0.32 22 26 0.3507 -0.0174 0.000900
620.00 C 20260904 92.57 96.25 0 61 0.3351 0.9822 0.000900
620.00 P 20260904 0.30 0.32 108 797 0.3481 -0.0179 0.000900
621.00 C 20260904 91.57 95.26 0 1 0.3324 0.9818 0.000900
621.00 P 20260904 0.30 0.33 0 53 0.3455 -0.0184 0.000900
622.00 C 20260904 90.58 94.27 0 16 0.3307 0.9813 0.000900
622.00 P 20260904 0.31 0.34 11 16 0.3436 -0.0188 0.001000
623.00 C 20260904 89.59 93.28 0 0 0.3289 0.9808 0.001000
623.00 P 20260904 0.32 0.35 29 106 0.3418 -0.0193 0.001000
624.00 C 20260904 88.60 92.26 0 3 0.3243 0.9803 0.001000
624.00 P 20260904 0.33 0.35 0 17 0.3391 -0.0198 0.001000
625.00 C 20260904 87.59 91.27 9 8 0.3206 0.9798 0.001000
625.00 P 20260904 0.33 0.36 36 1365 0.3364 -0.0203 0.001000
626.00 C 20260904 86.62 90.28 0 1 0.3206 0.9793 0.001100
626.00 P 20260904 0.34 0.37 35 317 0.3344 -0.0209 0.001100
627.00 C 20260904 85.63 89.30 0 10 0.3195 0.9787 0.001100
627.00 P 20260904 0.35 0.38 0 82 0.3324 -0.0214 0.001100
628.00 C 20260904 84.64 88.30 0 0 0.3166 0.9782 0.001100
628.00 P 20260904 0.36 0.39 29 183 0.3303 -0.0220 0.001100
629.00 C 20260904 83.65 87.34 0 0 0.3170 0.9776 0.001200
629.00 P 20260904 0.37 0.40 6 46 0.3282 -0.0226 0.001200
630.00 C 20260904 82.66 86.35 20 38 0.3149 0.9770 0.001200
630.00 P 20260904 0.38 0.40 43 1383 0.3253 -0.0232 0.001200
631.00 C 20260904 81.67 85.37 0 2 0.3134 0.9763 0.001200
631.00 P 20260904 0.39 0.42 12 119 0.3242 -0.0238 0.001200
632.00 C 20260904 80.69 84.38 0 28 0.3119 0.9757 0.001300
632.00 P 20260904 0.40 0.43 6 97 0.3218 -0.0245 0.001300
633.00 C 20260904 79.70 83.36 0 12 0.3075 0.9750 0.001300
633.00 P 20260904 0.41 0.43 3 39 0.3186 -0.0252 0.001300
634.00 C 20260904 78.71 82.38 0 1 0.3060 0.9743 0.001400
634.00 P 20260904 0.42 0.44 36 2043 0.3163 -0.0260 0.001400
635.00 C 20260904 77.73 81.42 0 13 0.3063 0.9735 0.001400
635.00 P 20260904 0.43 0.46 25 584 0.3145 -0.0267 0.001400
636.00 C 20260904 76.74 80.40 0 16 0.3019 0.9728 0.001400
636.00 P 20260904 0.44 0.47 34 36 0.3121 -0.0275 0.001400
637.00 C 20260904 75.75 79.42 0 8 0.3002 0.9720 0.001500
637.00 P 20260904 0.45 0.48 3 96 0.3097 -0.0283 0.001500
638.00 C 20260904 74.77 78.46 0 0 0.3002 0.9711 0.001500
638.00 P 20260904 0.46 0.50 68 101 0.3080 -0.0291 0.001500
639.00 C 20260904 73.78 77.45 0 16 0.2964 0.9702 0.001600
639.00 P 20260904 0.48 0.51 46 254 0.3062 -0.0299 0.001600
640.00 C 20260904 72.80 76.49 0 47 0.2962 0.9694 0.001600
640.00 P 20260904 0.49 0.52 33 619 0.3032 -0.0310 0.001600
641.00 C 20260904 71.81 75.48 0 5 0.2925 0.9684 0.001700
641.00 P 20260904 0.50 0.53 108 185 0.3006 -0.0319 0.001700
642.00 C 20260904 70.83 74.49 0 0 0.2904 0.9674 0.001700
642.00 P 20260904 0.52 0.55 289 94 0.2990 -0.0329 0.001800
643.00 C 20260904 69.84 73.51 0 0 0.2883 0.9664 0.001800
643.00 P 20260904 0.53 0.56 9 200 0.2964 -0.0339 0.001800
644.00 C 20260904 68.86 72.53 0 0 0.2866 0.9654 0.001800
644.00 P 20260904 0.55 0.58 20 54 0.2946 -0.0350 0.001900
645.00 C 20260904 67.91 71.55 4 3 0.2864 0.9643 0.001900
645.00 P 20260904 0.56 0.60 23 535 0.2928 -0.0360 0.001900
646.00 C 20260904 66.90 70.56 0 0 0.2826 0.9631 0.002000
646.00 P 20260904 0.58 0.61 76 63 0.2900 -0.0372 0.002000
647.00 C 20260904 65.93 69.59 0 4 0.2817 0.9619 0.002000
647.00 P 20260904 0.60 0.63 63 72 0.2881 -0.0385 0.002100
648.00 C 20260904 64.95 68.61 0 4 0.2798 0.9607 0.002100
648.00 P 20260904 0.62 0.65 5 119 0.2861 -0.0398 0.002100
649.00 C 20260904 64.01 67.63 0 6 0.2795 0.9594 0.002200
649.00 P 20260904 0.64 0.67 20 114 0.2840 -0.0411 0.002200
650.00 C 20260904 63.02 66.65 9 45 0.2769 0.9580 0.002300
650.00 P 20260904 0.66 0.69 131 1918 0.2819 -0.0425 0.002300
651.00 C 20260904 62.03 65.67 0 4 0.2744 0.9566 0.002300
651.00 P 20260904 0.69 0.71 46 117 0.2802 -0.0438 0.002400
652.00 C 20260904 61.03 64.70 0 20 0.2717 0.9551 0.002400
652.00 P 20260904 0.71 0.74 59 105 0.2782 -0.0454 0.002400
653.00 C 20260904 60.06 63.73 0 6 0.2702 0.9535 0.002500
653.00 P 20260904 0.73 0.76 10 108 0.2759 -0.0470 0.002500
654.00 C 20260904 59.13 62.75 0 13 0.2698 0.9519 0.002600
654.00 P 20260904 0.76 0.79 0 53 0.2746 -0.0485 0.002600
655.00 C 20260904 58.16 61.78 10 22 0.2681 0.9502 0.002700
655.00 P 20260904 0.78 0.81 61 576 0.2723 -0.0502 0.002700
656.00 C 20260904 57.19 60.81 0 6 0.2663 0.9484 0.002800
656.00 P 20260904 0.81 0.84 114 188 0.2705 -0.0520 0.002800
657.00 C 20260904 57.57 59.84 9 13 0.3037 0.9466 0.002900
657.00 P 20260904 0.84 0.87 174 76 0.2684 -0.0539 0.002900
658.00 C 20260904 56.81 58.87 0 6 0.3059 0.9446 0.003000
658.00 P 20260904 0.87 0.90 65 63 0.2665 -0.0558 0.003000
659.00 C 20260904 55.64 57.90 0 9 0.2982 0.9426 0.003100
659.00 P 20260904 0.90 0.93 11 151 0.2644 -0.0579 0.003100
660.00 C 20260904 54.68 56.94 2 68 0.2957 0.9405 0.003200
660.00 P 20260904 0.93 0.97 216 2134 0.2626 -0.0601 0.003200
661.00 C 20260904 53.72 55.97 0 30 0.2930 0.9383 0.003300
661.00 P 20260904 0.96 1.00 1 161 0.2605 -0.0623 0.003400
662.00 C 20260904 52.76 55.01 0 25 0.2902 0.9360 0.003400
662.00 P 20260904 1.00 1.04 4 227 0.2588 -0.0646 0.003500
663.00 C 20260904 51.80 54.05 0 31 0.2876 0.9335 0.003600
663.00 P 20260904 1.04 1.08 19 111 0.2568 -0.0673 0.003600
664.00 C 20260904 49.52 53.09 0 16 0.2529 0.9310 0.003700
664.00 P 20260904 1.08 1.12 31 117 0.2552 -0.0697 0.003800
665.00 C 20260904 49.89 52.14 1 34 0.2826 0.9283 0.003800
665.00 P 20260904 1.12 1.16 431 1640 0.2530 -0.0724 0.003900
666.00 C 20260904 49.07 51.18 0 29 0.2829 0.9255 0.004000
666.00 P 20260904 1.16 1.21 3 176 0.2511 -0.0754 0.004000
667.00 C 20260904 47.99 50.23 0 28 0.2776 0.9226 0.004200
667.00 P 20260904 1.21 1.25 34 210 0.2495 -0.0782 0.004200
668.00 C 20260904 47.04 49.28 0 21 0.2750 0.9195 0.004300
668.00 P 20260904 1.26 1.30 42 131 0.2477 -0.0813 0.004400
669.00 C 20260904 46.10 48.33 0 45 0.2726 0.9163 0.004500
669.00 P 20260904 1.31 1.35 11 377 0.2456 -0.0847 0.004500
670.00 C 20260904 45.16 47.39 1 104 0.2704 0.9129 0.004600
670.00 P 20260904 1.37 1.41 201 3620 0.2440 -0.0882 0.004700
671.00 C 20260904 44.22 46.45 2 69 0.2680 0.9094 0.004800
671.00 P 20260904 1.42 1.47 47 98 0.2421 -0.0918 0.004900
672.00 C 20260904 43.24 45.51 0 43 0.2648 0.9057 0.005000
672.00 P 20260904 1.49 1.53 27 233 0.2406 -0.0956 0.005000
673.00 C 20260904 42.35 44.58 0 54 0.2634 0.9018 0.005200
673.00 P 20260904 1.55 1.60 77 107 0.2392 -0.0992 0.005200
674.00 C 20260904 41.36 43.64 0 28 0.2600 0.8978 0.005400
674.00 P 20260904 1.62 1.66 63 138 0.2375 -0.1033 0.005400
675.00 C 20260904 40.56 42.70 0 864 0.2597 0.8935 0.005600
675.00 P 20260904 1.69 1.74 227 3006 0.2356 -0.1079 0.005600
676.00 C 20260904 39.61 41.79 0 38 0.2573 0.8891 0.005800
676.00 P 20260904 1.76 1.81 177 173 0.2339 -0.1122 0.005800
677.00 C 20260904 38.69 40.86 2 31 0.2549 0.8844 0.006000
677.00 P 20260904 1.84 1.90 118 117 0.2325 -0.1168 0.006000
678.00 C 20260904 37.68 39.95 12 131 0.2513 0.8796 0.006200
678.00 P 20260904 1.91 1.99 24 117 0.2310 -0.1217 0.006300
679.00 C 20260904 36.86 39.04 0 63 0.2507 0.8745 0.006400
679.00 P 20260904 2.00 2.08 31 196 0.2294 -0.1269 0.006500
680.00 C 20260904 35.87 38.12 13 890 0.2471 0.8692 0.006700
680.00 P 20260904 2.12 2.14 1545 12374 0.2276 -0.1325 0.006800
681.00 C 20260904 35.06 37.23 3 52 0.2466 0.8637 0.006900
681.00 P 20260904 2.19 2.27 59 294 0.2261 -0.1381 0.007000
682.00 C 20260904 34.16 36.33 0 83 0.2445 0.8579 0.007100
682.00 P 20260904 2.29 2.38 17 105 0.2249 -0.1437 0.007200
683.00 C 20260904 33.22 35.60 0 90 0.2441 0.8519 0.007400
683.00 P 20260904 2.40 2.49 17 93 0.2233 -0.1500 0.007500
684.00 C 20260904 32.28 34.72 0 25 0.2414 0.8456 0.007700
684.00 P 20260904 2.52 2.61 39 990 0.2221 -0.1562 0.007800
685.00 C 20260904 31.43 33.65 0 107 0.2373 0.8390 0.007900
685.00 P 20260904 2.64 2.72 196 1053 0.2205 -0.1629 0.008000
686.00 C 20260904 30.54 32.96 1 34 0.2378 0.8322 0.008200
686.00 P 20260904 2.77 2.86 75 132 0.2193 -0.1698 0.008300
687.00 C 20260904 29.84 32.09 1 55 0.2380 0.8251 0.008500
687.00 P 20260904 2.90 2.99 102 288 0.2176 -0.1774 0.008600
688.00 C 20260904 28.85 31.23 0 102 0.2344 0.8177 0.008800
688.00 P 20260904 3.04 3.13 30 485 0.2164 -0.1845 0.008900
689.00 C 20260904 27.97 30.38 0 28 0.2323 0.8099 0.009000
689.00 P 20260904 3.19 3.28 492 1493 0.2151 -0.1924 0.009200
690.00 C 20260904 27.05 29.53 28 238 0.2296 0.8019 0.009300
690.00 P 20260904 3.34 3.43 1364 1745 0.2136 -0.2006 0.009500
691.00 C 20260904 26.52 27.10 0 95 0.2121 0.7936 0.009600
691.00 P 20260904 3.51 3.60 22 257 0.2124 -0.2090 0.009800
692.00 C 20260904 25.51 26.18 2 95 0.2074 0.7850 0.009900
692.00 P 20260904 3.68 3.77 28 98 0.2110 -0.2178 0.010100
693.00 C 20260904 24.73 25.36 1 100 0.2067 0.7760 0.010200
693.00 P 20260904 3.85 3.95 15 165 0.2094 -0.2274 0.010400
694.00 C 20260904 23.92 24.55 0 70 0.2055 0.7667 0.010500
694.00 P 20260904 4.04 4.14 29 233 0.2081 -0.2368 0.010700
695.00 C 20260904 23.16 23.67 25 500 0.2039 0.7571 0.010800
695.00 P 20260904 4.24 4.33 320 1170 0.2067 -0.2467 0.011000
696.00 C 20260904 22.33 22.94 1 240 0.2030 0.7471 0.011100
696.00 P 20260904 4.44 4.54 25 202 0.2054 -0.2568 0.011300
697.00 C 20260904 21.54 22.13 0 101 0.2014 0.7368 0.011400
697.00 P 20260904 4.66 4.75 150 229 0.2040 -0.2673 0.011600
698.00 C 20260904 20.80 21.33 44 53 0.2004 0.7262 0.011800
698.00 P 20260904 4.88 4.98 28 300 0.2028 -0.2781 0.012000
699.00 C 20260904 20.03 20.56 113 125 0.1993 0.7152 0.012000
699.00 P 20260904 5.11 5.21 28 134 0.2015 -0.2891 0.012200
700.00 C 20260904 19.16 19.72 155 706 0.1958 0.7039 0.012400
700.00 P 20260904 5.36 5.46 1333 5920 0.2001 -0.3008 0.012600
701.00 C 20260904 18.48 19.06 148 231 0.1960 0.6923 0.012600
701.00 P 20260904 5.61 5.71 83 172 0.1987 -0.3127 0.012900
702.00 C 20260904 17.78 19.73 59 128 0.2092 0.6803 0.012900
702.00 P 20260904 5.88 5.98 39 264 0.1974 -0.3250 0.013200
703.00 C 20260904 17.31 17.51 124 120 0.1956 0.6680 0.013200
703.00 P 20260904 6.15 6.26 91 2617 0.1961 -0.3376 0.013500
704.00 C 20260904 16.60 16.79 37 581 0.1944 0.6554 0.013500
704.00 P 20260904 6.43 6.56 124 220 0.1949 -0.3502 0.013700
705.00 C 20260904 15.90 16.09 107 383 0.1931 0.6424 0.013800
705.00 P 20260904 6.76 6.86 573 1338 0.1938 -0.3635 0.014000
706.00 C 20260904 15.22 15.42 52 307 0.1920 0.6291 0.014000
706.00 P 20260904 7.06 7.18 83 301 0.1924 -0.3771 0.014300
707.00 C 20260904 14.55 14.73 22 398 0.1908 0.6155 0.014300
707.00 P 20260904 7.39 7.51 135 660 0.1911 -0.3910 0.014500
708.00 C 20260904 13.89 14.07 134 490 0.1895 0.6016 0.014500
708.00 P 20260904 7.73 7.86 148 178 0.1900 -0.4052 0.014800
709.00 C 20260904 13.25 13.43 54 463 0.1884 0.5874 0.014700
709.00 P 20260904 8.08 8.22 179 207 0.1885 -0.4199 0.015000
710.00 C 20260904 12.64 12.80 1023 437 0.1874 0.5730 0.014900
710.00 P 20260904 8.48 8.60 962 3989 0.1876 -0.4347 0.015200
711.00 C 20260904 12.01 12.18 241 1160 0.1860 0.5582 0.015100
711.00 P 20260904 8.85 8.99 205 296 0.1862 -0.4498 0.015400
712.00 C 20260904 11.43 11.58 289 544 0.1849 0.5433 0.015300
712.00 P 20260904 9.25 9.42 139 395 0.1848 -0.4652 0.015600
712.50 C 20260904 11.12 11.28 57 1112 0.1843 0.5357 0.015400
712.50 P 20260904 9.46 9.60 121 130 0.1843 -0.4729 0.015700
713.00 C 20260904 10.83 11.00 382 703 0.1839 0.5281 0.015400
713.00 P 20260904 9.67 9.82 193 260 0.1837 -0.4807 0.015800
714.00 C 20260904 10.33 10.42 245 192 0.1827 0.5126 0.015600
714.00 P 20260904 10.11 10.25 289 241 0.1825 -0.4965 0.015900
715.00 C 20260904 9.73 9.86 4895 612 0.1814 0.4970 0.015700
715.00 P 20260904 10.58 10.71 971 2924 0.1816 -0.5126 0.016000
716.00 C 20260904 9.20 9.33 55 407 0.1804 0.4812 0.015800
716.00 P 20260904 11.03 11.18 137 635 0.1802 -0.5288 0.016100
717.00 C 20260904 8.68 8.81 246 531 0.1793 0.4653 0.015800
717.00 P 20260904 11.52 11.67 47 699 0.1791 -0.5452 0.016200
717.50 C 20260904 8.43 8.57 30 72 0.1789 0.4573 0.015800
717.50 P 20260904 11.77 11.94 39 60 0.1786 -0.5534 0.016200
718.00 C 20260904 8.18 8.31 40 253 0.1782 0.4493 0.015800
718.00 P 20260904 12.03 12.22 192 1586 0.1782 -0.5617 0.016200
719.00 C 20260904 7.70 7.82 74 390 0.1772 0.4332 0.015800
719.00 P 20260904 12.55 12.74 53 175 0.1772 -0.5783 0.016200
720.00 C 20260904 7.23 7.36 751 1415 0.1762 0.4170 0.015800
720.00 P 20260904 13.09 13.28 481 4270 0.1761 -0.5950 0.016200
721.00 C 20260904 6.78 6.91 60 1077 0.1751 0.4009 0.015700
721.00 P 20260904 13.65 13.84 51 277 0.1750 -0.6117 0.016200
722.00 C 20260904 6.36 6.48 88 528 0.1743 0.3847 0.015600
722.00 P 20260904 14.22 14.42 28 496 0.1740 -0.6283 0.016100
722.50 C 20260904 6.14 6.27 22 49 0.1737 0.3767 0.015600
722.50 P 20260904 14.51 14.72 2 409 0.1736 -0.6367 0.016100
723.00 C 20260904 5.94 6.06 89 772 0.1732 0.3687 0.015500
723.00 P 20260904 14.82 15.02 14 349 0.1729 -0.6450 0.016000
724.00 C 20260904 5.55 5.67 38 211 0.1724 0.3527 0.015400
724.00 P 20260904 15.43 15.63 13 213 0.1719 -0.6616 0.015900
725.00 C 20260904 5.17 5.28 822 1204 0.1713 0.3369 0.015200
725.00 P 20260904 16.07 16.26 27 1140 0.1708 -0.6780 0.015700
726.00 C 20260904 4.81 4.92 141 716 0.1704 0.3212 0.015000
726.00 P 20260904 16.72 16.92 53 138 0.1700 -0.6943 0.015500
727.00 C 20260904 4.47 4.57 23 327 0.1695 0.3058 0.014700
727.00 P 20260904 17.37 17.58 82 223 0.1689 -0.7104 0.015300
727.50 C 20260904 4.30 4.42 2 46 0.1692 0.2982 0.014600
727.50 P 20260904 15.97 19.66 0 117 0.1685 -0.7183 0.015200
728.00 C 20260904 4.14 4.25 109 835 0.1687 0.2906 0.014500
728.00 P 20260904 16.32 19.94 62 118 0.1673 -0.7262 0.015000
729.00 C 20260904 3.84 3.95 57 794 0.1681 0.2757 0.014200
729.00 P 20260904 17.02 20.64 0 718 0.1663 -0.7418 0.014800
730.00 C 20260904 3.55 3.64 857 2999 0.1671 0.2611 0.013800
730.00 P 20260904 19.38 19.89 58 6744 0.1673 -0.7571 0.014400
731.00 C 20260904 3.27 3.37 3479 1086 0.1664 0.2469 0.013500
731.00 P 20260904 18.49 22.17 2 632 0.1654 -0.7721 0.014100
732.00 C 20260904 3.02 3.12 63 409 0.1659 0.2330 0.013100
732.00 P 20260904 19.23 22.92 5 179 0.1642 -0.7867 0.013800
732.50 C 20260904 2.89 2.99 22 552 0.1654 0.2263 0.012900
732.50 P 20260904 19.62 23.22 0 521 0.1627 -0.7938 0.013600
733.00 C 20260904 2.78 2.87 2165 655 0.1651 0.2196 0.012700
733.00 P 20260904 20.01 23.70 0 163 0.1635 -0.8009 0.013400
734.00 C 20260904 2.55 2.64 460 477 0.1644 0.2065 0.012300
734.00 P 20260904 20.79 24.28 1 95 0.1596 -0.8147 0.013000
735.00 C 20260904 2.36 2.42 948 27372 0.1640 0.1939 0.011900
735.00 P 20260904 23.07 23.76 99 268 0.1608 -0.8281 0.012600
736.00 C 20260904 2.14 2.22 69 478 0.1632 0.1818 0.011500
736.00 P 20260904 22.42 24.60 0 372 0.1338 -0.8410 0.012100
737.00 C 20260904 1.96 2.04 105 449 0.1627 0.1701 0.011000
737.00 P 20260904 23.26 26.71 0 287 0.1562 -0.8534 0.011700
737.50 C 20260904 1.87 1.95 73 107 0.1624 0.1644 0.010800
737.50 P 20260904 23.68 27.12 0 289 0.1553 -0.8594 0.011400
738.00 C 20260904 1.79 1.87 93 279 0.1623 0.1589 0.010600
738.00 P 20260904 24.11 27.54 2 116 0.1546 -0.8653 0.011200
739.00 C 20260904 1.63 1.71 113 204 0.1618 0.1482 0.010200
739.00 P 20260904 24.98 28.40 0 261 0.1535 -0.8767 0.010700
740.00 C 20260904 1.49 1.56 461 1956 0.1614 0.1379 0.009700
740.00 P 20260904 25.85 29.29 32 173 0.1526 -0.8875 0.010200
741.00 C 20260904 1.35 1.42 49 581 0.1609 0.1282 0.009200
741.00 P 20260904 26.74 30.15 0 142 0.1505 -0.8978 0.009700
742.00 C 20260904 1.23 1.30 146 347 0.1607 0.1190 0.008800
742.00 P 20260904 27.64 31.06 0 140 0.1493 -0.9075 0.009200
742.50 C 20260904 1.17 1.24 37 70 0.1605 0.1145 0.008600
742.50 P 20260904 28.10 31.77 0 314 0.1557 -0.9122 0.008900
743.00 C 20260904 1.12 1.18 119 312 0.1604 0.1102 0.008300
743.00 P 20260904 28.56 32.23 0 205 0.1555 -0.9166 0.008600
744.00 C 20260904 1.03 1.08 65 189 0.1606 0.1020 0.007900
744.00 P 20260904 29.48 33.15 0 9 0.1548 -0.9251 0.008100
745.00 C 20260904 0.93 0.97 405 1079 0.1600 0.0942 0.007500
745.00 P 20260904 30.41 34.08 0 41 0.1539 -0.9331 0.007600
746.00 C 20260904 0.84 0.88 84 349 0.1597 0.0870 0.007000
746.00 P 20260904 31.35 35.02 0 69 0.1529 -0.9406 0.007000
747.00 C 20260904 0.76 0.80 99 220 0.1596 0.0801 0.006600
747.00 P 20260904 32.30 35.97 0 29 0.1523 -0.9473 0.006500
748.00 C 20260904 0.69 0.72 305 1094 0.1593 0.0738 0.006200
748.00 P 20260904 33.25 36.92 0 20 0.1510 -0.9534 0.006000
749.00 C 20260904 0.62 0.66 119 337 0.1594 0.0678 0.005800
749.00 P 20260904 34.21 37.88 0 2 0.1494 -0.9592 0.005500
750.00 C 20260904 0.56 0.60 342 4452 0.1594 0.0623 0.005500
750.00 P 20260904 35.17 38.87 106 5 0.1493 -0.9644 0.005000
751.00 C 20260904 0.51 0.54 3450 171 0.1594 0.0572 0.005100
751.00 P 20260904 36.15 39.82 0 0 0.1467 -0.9689 0.004500
752.00 C 20260904 0.46 0.49 112 410 0.1595 0.0525 0.004800
752.00 P 20260904 37.11 40.79 0 1 0.1413 -0.9729 0.004100
753.00 C 20260904 0.41 0.44 53 328 0.1592 0.0481 0.004500
753.00 P 20260904 38.11 41.78 0 0 0.1424 -0.9766 0.003700
754.00 C 20260904 0.37 0.40 45 237 0.1594 0.0441 0.004200
754.00 P 20260904 39.07 42.76 0 0 -1.0000 -0.9800 0.003300
755.00 C 20260904 0.34 0.36 398 1348 0.1597 0.0404 0.003900
755.00 P 20260904 40.07 43.76 0 0 -1.0000 -0.9828 0.002900
756.00 C 20260904 0.30 0.33 187 352 0.1595 0.0373 0.003600
756.00 P 20260904 41.07 44.76 0 0 -1.0000 -0.9852 0.002600
757.00 C 20260904 0.27 0.30 14 331 0.1597 0.0342 0.003400
757.00 P 20260904 42.07 45.76 0 0 -1.0000 -0.9873 0.002300
758.00 C 20260904 0.24 0.28 8 147 0.1604 0.0312 0.003100
758.00 P 20260904 43.07 46.76 0 0 -1.0000 -0.9892 0.002000
759.00 C 20260904 0.22 0.25 18 128 0.1605 0.0287 0.002900
759.00 P 20260904 44.07 47.76 0 0 -1.0000 -0.9909 0.001800
760.00 C 20260904 0.20 0.23 458 708 0.1611 0.0264 0.002700
760.00 P 20260904 45.07 48.76 0 0 -1.0000 -0.9922 0.001500
761.00 C 20260904 0.18 0.21 74 534 0.1614 0.0243 0.002500
761.00 P 20260904 46.07 49.76 0 0 -1.0000 -0.9933 0.001400
762.00 C 20260904 0.16 0.19 20 257 0.1615 0.0224 0.002300
762.00 P 20260904 47.07 50.76 0 0 -1.0000 -0.9943 0.001200
763.00 C 20260904 0.15 0.17 113 191 0.1620 0.0207 0.002200
763.00 P 20260904 48.07 51.76 0 0 -1.0000 -0.9952 0.001000
764.00 C 20260904 0.13 0.16 102 268 0.1624 0.0191 0.002000
764.00 P 20260904 49.07 52.76 0 0 -1.0000 -0.9960 0.000900
765.00 C 20260904 0.12 0.15 146 1589 0.1636 0.0176 0.001900
765.00 P 20260904 50.07 53.76 0 0 -1.0000 -0.9966 0.000800
766.00 C 20260904 0.11 0.14 16 245 0.1645 0.0163 0.001800
766.00 P 20260904 51.07 54.76 0 0 -1.0000 -0.9970 0.000700
767.00 C 20260904 0.10 0.13 1 267 0.1651 0.0152 0.001600
767.00 P 20260904 52.07 55.76 0 0 -1.0000 -0.9974 0.000600
768.00 C 20260904 0.09 0.12 0 219 0.1656 0.0141 0.001500
768.00 P 20260904 53.07 56.76 0 0 -1.0000 -0.9978 0.000500
769.00 C 20260904 0.09 0.12 104 194 0.1682 0.0132 0.001400
769.00 P 20260904 54.07 57.76 0 0 -1.0000 -0.9981 0.000400
770.00 C 20260904 0.08 0.11 285 3061 0.1684 0.0123 0.001400
770.00 P 20260904 55.07 58.76 0 0 -1.0000 -0.9984 0.000400
771.00 C 20260904 0.07 0.10 0 118 0.1689 0.0114 0.001200
771.00 P 20260904 56.07 59.76 0 0 -1.0000 -0.9986 0.000300
772.00 C 20260904 0.07 0.09 4 104 0.1697 0.0108 0.001200
772.00 P 20260904 57.07 60.76 0 0 -1.0000 -0.9988 0.000300
773.00 C 20260904 0.06 0.09 0 133 0.1708 0.0101 0.001100
773.00 P 20260904 58.07 61.76 0 0 -1.0000 -0.9989 0.000300
774.00 C 20260904 0.06 0.09 1 137 0.1737 0.0094 0.001000
774.00 P 20260904 59.07 62.76 0 0 -1.0000 -0.9990 0.000200
775.00 C 20260904 0.05 0.08 76 408 0.1730 0.0089 0.001000
775.00 P 20260904 60.07 63.76 0 0 -1.0000 -0.9992 0.000200
776.00 C 20260904 0.05 0.08 0 131 0.1754 0.0084 0.000900
776.00 P 20260904 61.07 64.76 0 0 -1.0000 -0.9992 0.000200
777.00 C 20260904 0.05 0.07 41 271 0.1762 0.0079 0.000900
777.00 P 20260904 62.07 65.76 0 0 -1.0000 -0.9993 0.000200
778.00 C 20260904 0.04 0.07 0 212 0.1768 0.0075 0.000800
778.00 P 20260904 63.07 66.76 0 0 -1.0000 -0.9994 0.000100
779.00 C 20260904 0.04 0.07 1 53 0.1792 0.0071 0.000800
779.00 P 20260904 64.07 67.76 0 0 -1.0000 -0.9995 0.000100
780.00 C 20260904 0.04 0.07 14 3261 0.1815 0.0068 0.000700
780.00 P 20260904 65.07 68.76 0 0 -1.0000 -0.9996 0.000100
781.00 C 20260904 0.04 0.06 2 131 0.1819 0.0064 0.000700
781.00 P 20260904 66.07 69.76 0 0 -1.0000 -0.9996 0.000100
782.00 C 20260904 0.03 0.06 0 97 0.1820 0.0061 0.000700
782.00 P 20260904 67.07 70.76 0 0 -1.0000 -0.9996 0.000100
783.00 C 20260904 0.03 0.06 0 73 0.1843 0.0058 0.000600
783.00 P 20260904 68.07 71.76 0 0 -1.0000 -0.9997 0.000100
784.00 C 20260904 0.03 0.06 0 88 0.1865 0.0056 0.000600
784.00 P 20260904 69.07 72.76 0 0 -1.0000 -0.9997 0.000100
785.00 C 20260904 0.03 0.06 132 267 0.1888 0.0053 0.000600
785.00 P 20260904 70.07 73.76 0 0 -1.0000 -0.9997 0.000100
786.00 C 20260904 0.03 0.05 0 50 0.1886 0.0051 0.000600
786.00 P 20260904 71.07 74.76 0 0 -1.0000 -0.9998 0.000100
787.00 C 20260904 0.02 0.05 0 95 0.1882 0.0049 0.000500
787.00 P 20260904 72.07 75.76 0 0 -1.0000 -0.9998 0.000100
788.00 C 20260904 0.02 0.05 0 24 0.1904 0.0047 0.000500
788.00 P 20260904 73.07 76.76 0 0 -1.0000 -0.9998 0.000000
789.00 C 20260904 0.02 0.05 0 98 0.1926 0.0045 0.000500
789.00 P 20260904 74.07 77.76 0 0 -1.0000 -0.9998 0.000000
790.00 C 20260904 0.02 0.05 3 225 0.1948 0.0043 0.000500
790.00 P 20260904 75.07 78.76 0 0 -1.0000 -0.9998 0.000000
791.00 C 20260904 0.02 0.05 0 87 0.1969 0.0042 0.000400
791.00 P 20260904 76.07 79.76 0 0 -1.0000 -0.9998 0.000000
792.00 C 20260904 0.02 0.05 0 176 0.1991 0.0040 0.000400
792.00 P 20260904 77.07 80.76 0 0 -1.0000 -0.9998 0.000000
793.00 C 20260904 0.02 0.05 0 7 0.2013 0.0038 0.000400
793.00 P 20260904 78.07 81.76 0 0 -1.0000 -0.9999 0.000000
794.00 C 20260904 0.02 0.04 0 730 0.2003 0.0037 0.000400
794.00 P 20260904 79.07 82.76 0 0 -1.0000 -0.9999 0.000000
795.00 C 20260904 0.01 0.04 30 174 0.1988 0.0036 0.000400
795.00 P 20260904 80.07 83.76 0 0 -1.0000 -0.9999 0.000000
796.00 C 20260904 0.01 0.04 0 131 0.2009 0.0034 0.000400
796.00 P 20260904 81.07 84.76 0 0 -1.0000 -0.9999 0.000000
797.00 C 20260904 0.01 0.04 0 88 0.2030 0.0033 0.000400
797.00 P 20260904 82.07 85.76 0 0 -1.0000 -0.9999 0.000000
798.00 C 20260904 0.01 0.04 0 320 0.2051 0.0032 0.000300
798.00 P 20260904 83.07 86.76 0 0 -1.0000 -0.9999 0.000000
799.00 C 20260904 0.01 0.04 0 188 0.2072 0.0031 0.000300
799.00 P 20260904 84.07 87.76 0 0 -1.0000 -0.9999 0.000000
800.00 C 20260904 0.01 0.04 9 356 0.2092 0.0030 0.000300
800.00 P 20260904 85.07 88.76 0 0 -1.0000 -0.9999 0.000000
801.00 C 20260904 0.02 0.04 100 108 0.2151 0.0029 0.000300
801.00 P 20260904 86.07 89.76 0 0 -1.0000 -0.9999 0.000000
802.00 C 20260904 0.01 0.04 1 140 0.2134 0.0028 0.000300
802.00 P 20260904 87.07 90.76 0 0 -1.0000 -0.9999 0.000000
803.00 C 20260904 0.01 0.04 0 53 0.2154 0.0027 0.000300
803.00 P 20260904 88.07 91.76 0 0 -1.0000 -0.9999 0.000000
804.00 C 20260904 0.01 0.04 0 298 0.2175 0.0026 0.000300
804.00 P 20260904 89.07 92.76 0 0 -1.0000 -0.9999 0.000000
805.00 C 20260904 0.01 0.04 5 189 0.2195 0.0026 0.000300
805.00 P 20260904 90.07 93.76 0 0 -1.0000 -1.0000 0.000000
806.00 C 20260904 0.01 0.03 0 176 0.2166 0.0025 0.000300
806.00 P 20260904 91.07 94.76 0 0 -1.0000 -1.0000 0.000000
807.00 C 20260904 0.01 0.04 0 20 0.2236 0.0024 0.000200
807.00 P 20260904 92.07 95.76 0 0 -1.0000 -1.0000 0.000000
808.00 C 20260904 0.01 0.04 0 389 0.2256 0.0023 0.000200
808.00 P 20260904 93.07 96.76 0 0 -1.0000 -1.0000 0.000000
809.00 C 20260904 0.00 0.04 0 150 0.2230 0.0023 0.000200
809.00 P 20260904 94.07 97.76 0 0 -1.0000 -1.0000 0.000000
810.00 C 20260904 0.00 0.04 0 467 0.2250 0.0022 0.000200
810.00 P 20260904 95.07 98.76 0 0 -1.0000 -1.0000 0.000000
811.00 C 20260904 0.00 0.04 0 22 0.2270 0.0021 0.000200
811.00 P 20260904 96.07 99.76 0 0 -1.0000 -1.0000 0.000000
812.00 C 20260904 0.00 0.03 0 11 0.2232 0.0021 0.000200
812.00 P 20260904 97.07 100.76 0 0 -1.0000 -1.0000 0.000000
813.00 C 20260904 0.00 0.03 0 21 0.2251 0.0020 0.000200
813.00 P 20260904 98.07 101.76 0 0 -1.0000 -1.0000 0.000000
814.00 C 20260904 0.00 0.03 0 1 0.2270 0.0020 0.000200
814.00 P 20260904 99.07 102.76 0 0 -1.0000 -1.0000 0.000000
815.00 C 20260904 0.00 0.03 1 12 0.2290 0.0019 0.000200
815.00 P 20260904 100.07 103.76 0 0 -1.0000 -1.0000 0.000000
816.00 C 20260904 0.00 0.03 0 13 0.2309 0.0018 0.000200
816.00 P 20260904 101.07 104.76 0 0 -1.0000 -1.0000 0.000000
817.00 C 20260904 0.00 0.03 0 6 0.2328 0.0018 0.000200
817.00 P 20260904 102.07 105.76 0 0 -1.0000 -1.0000 0.000000
818.00 C 20260904 0.00 0.03 0 7 0.2347 0.0018 0.000200
818.00 P 20260904 103.07 106.76 0 0 -1.0000 -1.0000 0.000000
819.00 C 20260904 0.00 0.03 0 1 0.2367 0.0017 0.000200
819.00 P 20260904 104.07 107.76 0 0 -1.0000 -1.0000 0.000000
820.00 C 20260904 0.00 0.03 1 63 0.2386 0.0017 0.000200
820.00 P 20260904 105.07 108.76 0 0 -1.0000 -1.0000 0.000000
825.00 C 20260904 0.00 0.03 0 72 0.2481 0.0014 0.000100
825.00 P 20260904 110.07 113.76 0 0 -1.0000 -1.0000 0.000000
830.00 C 20260904 0.00 0.03 0 176 0.2575 0.0013 0.000100
830.00 P 20260904 115.07 118.76 0 0 -1.0000 -1.0000 0.000000
835.00 C 20260904 0.00 0.03 0 25 0.2668 0.0011 0.000100
835.00 P 20260904 120.07 123.76 0 0 -1.0000 -1.0000 0.000000
840.00 C 20260904 0.00 0.03 0 4 0.2761 0.0010 0.000100
840.00 P 20260904 125.07 128.76 0 0 -1.0000 -1.0000 0.000000
845.00 C 20260904 0.00 0.03 0 21 0.2852 0.0009 0.000100
845.00 P 20260904 130.07 133.76 0 0 -1.0000 -1.0000 0.000000
850.00 C 20260904 0.00 0.03 0 26 0.2943 0.0008 0.000100
850.00 P 20260904 135.07 138.76 0 0 -1.0000 -1.0000 0.000000
860.00 C 20260904 0.00 0.03 0 17 0.3123 0.0006 0.000000
860.00 P 20260904 145.07 148.76 0 0 -1.0000 -1.0000 0.000000
870.00 C 20260904 0.00 0.01 0 57 0.3031 0.0005 0.000000
870.00 P 20260904 155.07 158.76 0 0 -1.0000 -1.0000 0.000000
880.00 C 20260904 0.00 0.03 0 6 0.3472 0.0004 0.000000
880.00 P 20260904 165.07 168.76 0 0 -1.0000 -1.0000 0.000000
885.00 C 20260904 0.00 0.03 0 74 0.3558 0.0004 0.000000
885.00 P 20260904 170.07 173.76 0 0 -1.0000 -1.0000 0.000000
890.00 C 20260904 0.00 0.03 0 303 0.3643 0.0004 0.000000
890.00 P 20260904 175.07 178.76 0 0 -1.0000 -1.0000 0.000000
895.00 C 20260904 0.00 0.03 0 904 0.3728 0.0003 0.000000
895.00 P 20260904 180.07 183.76 0 0 -1.0000 -1.0000 0.000000
900.00 C 20260904 0.00 0.03 0 4 0.3811 0.0003 0.000000
900.00 P 20260904 185.07 188.76 0 0 -1.0000 -1.0000 0.000000
905.00 C 20260904 0.00 0.02 0 0 0.3770 0.0003 0.000000
905.00 P 20260904 190.07 193.76 0 0 -1.0000 -1.0000 0.000000
910.00 C 20260904 0.00 0.02 0 0 0.3851 0.0003 0.000000
910.00 P 20260904 195.07 198.76 0 0 -1.0000 -1.0000 0.000000
915.00 C 20260904 0.00 0.02 0 0 0.3931 0.0002 0.000000
915.00 P 20260904 200.07 203.76 0 0 -1.0000 -1.0000 0.000000
920.00 C 20260904 0.00 0.02 0 4 0.4010 0.0002 0.000000
920.00 P 20260904 205.07 208.76 0 0 -1.0000 -1.0000 0.000000
925.00 C 20260904 0.00 0.02 0 0 0.4089 0.0002 0.000000
925.00 P 20260904 210.07 213.76 0 0 -1.0000 -1.0000 0.000000
930.00 C 20260904 0.00 0.02 0 3 0.4167 0.0002 0.000000
930.00 P 20260904 215.07 218.76 0 0 -1.0000 -1.0000 0.000000
935.00 C 20260904 0.00 0.02 0 0 0.4245 0.0002 0.000000
935.00 P 20260904 220.07 223.76 0 0 -1.0000 -1.0000 0.000000
940.00 C 20260904 0.00 0.02 0 1 0.4322 0.0002 0.000000
940.00 P 20260904 225.07 228.76 0 0 -1.0000 -1.0000 0.000000
945.00 C 20260904 0.00 0.02 0 281 0.4398 0.0002 0.000000
945.00 P 20260904 230.07 233.76 0 0 -1.0000 -1.0000 0.000000
950.00 C 20260904 0.00 0.02 0 21 0.4475 0.0001 0.000000
950.00 P 20260904 235.07 238.76 0 0 -1.0000 -1.0000 0.000000
400.00 C 20260911 312.23 315.92 0 6 0.7804 0.9990 0.000000
400.00 P 20260911 0.02 0.05 0 1118 0.8031 -0.0010 0.000000
405.00 C 20260911 307.24 310.90 0 1 0.6971 0.9989 0.000000
405.00 P 20260911 0.03 0.06 0 203 0.8040 -0.0011 0.000000
410.00 C 20260911 302.26 305.94 0 0 0.7489 0.9988 0.000000
410.00 P 20260911 0.03 0.06 1 200 0.7877 -0.0011 0.000000
415.00 C 20260911 297.27 300.95 0 0 0.7271 0.9988 0.000000
415.00 P 20260911 0.03 0.07 101 12 0.7790 -0.0012 0.000000
420.00 C 20260911 292.28 295.97 0 0 0.7181 0.9987 0.000000
420.00 P 20260911 0.03 0.07 0 12 0.7627 -0.0013 0.000000
425.00 C 20260911 287.30 290.98 0 0 0.7086 0.9986 0.000000
425.00 P 20260911 0.03 0.07 0 14 0.7468 -0.0013 0.000000
430.00 C 20260911 282.31 285.99 0 0 0.6880 0.9985 0.000000
430.00 P 20260911 0.04 0.07 0 15 0.7374 -0.0014 0.000000
435.00 C 20260911 277.32 281.01 0 0 0.6786 0.9984 0.000000
435.00 P 20260911 0.04 0.08 0 0 0.7275 -0.0015 0.000000
440.00 C 20260911 272.34 276.02 0 0 0.6688 0.9984 0.000000
440.00 P 20260911 0.04 0.08 0 5 0.7119 -0.0016 0.000000
445.00 C 20260911 267.35 271.03 0 0 0.6493 0.9982 0.000000
445.00 P 20260911 0.05 0.08 0 24 0.7017 -0.0017 0.000000
450.00 C 20260911 262.36 266.02 0 0 0.6038 0.9981 0.000000
450.00 P 20260911 0.05 0.08 0 1 0.6863 -0.0018 0.000000
455.00 C 20260911 257.38 261.06 0 0 0.6296 0.9980 0.000000
455.00 P 20260911 0.05 0.09 0 1 0.6758 -0.0019 0.000000
460.00 C 20260911 252.39 256.05 0 0 0.5903 0.9979 0.000100
460.00 P 20260911 0.05 0.09 0 1 0.6606 -0.0021 0.000100
465.00 C 20260911 247.41 251.09 0 0 0.6088 0.9978 0.000100
465.00 P 20260911 0.06 0.09 0 1 0.6499 -0.0022 0.000100
470.00 C 20260911 242.42 246.08 0 0 0.5738 0.9976 0.000100
470.00 P 20260911 0.06 0.10 0 3 0.6390 -0.0023 0.000100
475.00 C 20260911 237.44 241.13 0 0 0.5932 0.9975 0.000100
475.00 P 20260911 0.06 0.10 2 12 0.6241 -0.0025 0.000100
480.00 C 20260911 232.46 236.15 0 0 0.5871 0.9973 0.000100
480.00 P 20260911 0.07 0.10 1 5 0.6130 -0.0027 0.000100
485.00 C 20260911 227.47 231.13 0 0 0.5529 0.9971 0.000100
485.00 P 20260911 0.07 0.11 0 6 0.6018 -0.0028 0.000100
490.00 C 20260911 222.49 226.17 0 0 0.5588 0.9969 0.000100
490.00 P 20260911 0.07 0.11 0 17 0.5872 -0.0031 0.000100
495.00 C 20260911 217.51 221.19 1 0 0.5516 0.9967 0.000100
495.00 P 20260911 0.08 0.11 0 5 0.5758 -0.0033 0.000100
500.00 C 20260911 212.52 216.18 0 0 0.5262 0.9965 0.000100
500.00 P 20260911 0.08 0.12 0 47 0.5643 -0.0035 0.000100
505.00 C 20260911 207.54 211.23 0 0 0.5316 0.9962 0.000100
505.00 P 20260911 0.09 0.12 0 2 0.5528 -0.0038 0.000100
510.00 C 20260911 202.56 206.25 0 0 0.5230 0.9959 0.000100
510.00 P 20260911 0.09 0.13 7 263 0.5411 -0.0040 0.000100
515.00 C 20260911 197.58 201.26 0 0 0.5107 0.9956 0.000100
515.00 P 20260911 0.10 0.13 0 21 0.5293 -0.0044 0.000100
520.00 C 20260911 192.60 196.28 0 10 0.5014 0.9953 0.000100
520.00 P 20260911 0.11 0.14 0 117 0.5198 -0.0047 0.000100
525.00 C 20260911 187.62 191.30 0 0 0.4917 0.9949 0.000200
525.00 P 20260911 0.12 0.15 6 56 0.5099 -0.0050 0.000200
530.00 C 20260911 182.64 186.33 0 13 0.4842 0.9945 0.000200
530.00 P 20260911 0.12 0.16 11 88 0.4978 -0.0054 0.000200
535.00 C 20260911 177.66 181.35 0 11 0.4738 0.9941 0.000200
535.00 P 20260911 0.13 0.17 1 266 0.4874 -0.0059 0.000200
540.00 C 20260911 172.69 176.37 0 0 0.4652 0.9936 0.000200
540.00 P 20260911 0.14 0.18 0 84 0.4768 -0.0064 0.000200
545.00 C 20260911 167.71 171.40 0 0 0.4562 0.9930 0.000200
545.00 P 20260911 0.16 0.19 344 281 0.4676 -0.0069 0.000200
550.00 C 20260911 162.74 166.42 0 0 0.4466 0.9924 0.000300
550.00 P 20260911 0.17 0.20 30 263 0.4565 -0.0075 0.000300
555.00 C 20260911 157.76 161.45 0 0 0.4368 0.9918 0.000300
555.00 P 20260911 0.18 0.22 6 112 0.4466 -0.0082 0.000300
560.00 C 20260911 152.79 156.48 0 10 0.4280 0.9910 0.000300
560.00 P 20260911 0.20 0.23 4 118 0.4364 -0.0089 0.000300
565.00 C 20260911 147.82 151.49 0 8 0.4161 0.9902 0.000400
565.00 P 20260911 0.22 0.25 4 56 0.4270 -0.0098 0.000400
570.00 C 20260911 142.85 146.51 0 5 0.4054 0.9893 0.000400
570.00 P 20260911 0.24 0.27 5 136 0.4171 -0.0107 0.000400
575.00 C 20260911 137.89 141.55 0 0 0.3979 0.9883 0.000400
575.00 P 20260911 0.26 0.29 1 137 0.4067 -0.0117 0.000400
580.00 C 20260911 132.92 136.58 0 10 0.3875 0.9871 0.000500
580.00 P 20260911 0.28 0.32 6 157 0.3973 -0.0129 0.000500
585.00 C 20260911 127.96 131.62 0 8 0.3788 0.9858 0.000500
585.00 P 20260911 0.31 0.35 0 133 0.3881 -0.0142 0.000500
590.00 C 20260911 123.00 126.67 0 20 0.3703 0.9843 0.000600
590.00 P 20260911 0.35 0.37 425 746 0.3781 -0.0157 0.000600
595.00 C 20260911 118.05 121.71 0 0 0.3612 0.9827 0.000700
595.00 P 20260911 0.37 0.41 155 1168 0.3679 -0.0174 0.000700
600.00 C 20260911 113.10 116.76 0 10 0.3522 0.9808 0.000800
600.00 P 20260911 0.42 0.45 16 524 0.3593 -0.0193 0.000800
605.00 C 20260911 108.15 111.84 0 1 0.3444 0.9786 0.000800
605.00 P 20260911 0.46 0.49 3 239 0.3491 -0.0216 0.000900
610.00 C 20260911 103.21 106.90 1 1 0.3353 0.9761 0.001000
610.00 P 20260911 0.50 0.54 2 442 0.3393 -0.0240 0.001000
615.00 C 20260911 98.28 101.94 1 1 0.3249 0.9732 0.001100
615.00 P 20260911 0.56 0.60 73 989 0.3303 -0.0270 0.001100
620.00 C 20260911 93.36 97.05 0 3 0.3178 0.9699 0.001200
620.00 P 20260911 0.62 0.66 19 720 0.3206 -0.0303 0.001200
625.00 C 20260911 88.44 92.11 0 32 0.3076 0.9660 0.001400
625.00 P 20260911 0.70 0.74 18 530 0.3117 -0.0342 0.001400
630.00 C 20260911 83.54 87.20 0 8 0.2986 0.9615 0.001600
630.00 P 20260911 0.78 0.82 114 5618 0.3022 -0.0388 0.001600
631.00 C 20260911 82.56 86.22 0 0 0.2968 0.9605 0.001600
631.00 P 20260911 0.80 0.85 0 115 0.3010 -0.0397 0.001700
632.00 C 20260911 81.58 85.25 0 0 0.2953 0.9595 0.001700
632.00 P 20260911 0.82 0.87 1 162 0.2992 -0.0408 0.001700
633.00 C 20260911 80.60 84.27 0 1 0.2934 0.9584 0.001700
633.00 P 20260911 0.85 0.89 3 33 0.2978 -0.0418 0.001800
634.00 C 20260911 79.64 83.29 0 1 0.2921 0.9573 0.001800
634.00 P 20260911 0.87 0.91 7 98 0.2960 -0.0429 0.001800
635.00 C 20260911 78.65 82.32 0 1 0.2901 0.9562 0.001800
635.00 P 20260911 0.89 0.93 10 322 0.2941 -0.0440 0.001800
636.00 C 20260911 77.67 81.34 0 0 0.2881 0.9550 0.001900
636.00 P 20260911 0.91 0.96 0 164 0.2923 -0.0452 0.001900
637.00 C 20260911 76.70 80.38 0 3 0.2867 0.9538 0.001900
637.00 P 20260911 0.94 0.98 2 76 0.2907 -0.0465 0.002000
638.00 C 20260911 75.72 79.39 0 2 0.2843 0.9526 0.002000
638.00 P 20260911 0.96 1.00 9 170 0.2884 -0.0478 0.002000
639.00 C 20260911 74.75 78.42 0 0 0.2828 0.9513 0.002000
639.00 P 20260911 0.98 1.03 399 5630 0.2869 -0.0490 0.002100
640.00 C 20260911 73.80 77.45 5 1 0.2819 0.9500 0.002100
640.00 P 20260911 1.01 1.05 563 2383 0.2849 -0.0505 0.002100
641.00 C 20260911 72.81 76.48 0 0 0.2797 0.9486 0.002200
641.00 P 20260911 1.04 1.08 0 73 0.2834 -0.0518 0.002200
642.00 C 20260911 71.84 75.51 0 2 0.2780 0.9471 0.002200
642.00 P 20260911 1.06 1.11 10 66 0.2814 -0.0533 0.002200
643.00 C 20260911 70.87 74.54 0 0 0.2763 0.9456 0.002300
643.00 P 20260911 1.09 1.14 15 78 0.2797 -0.0548 0.002300
644.00 C 20260911 69.90 73.57 0 1 0.2746 0.9441 0.002400
644.00 P 20260911 1.12 1.17 17 187 0.2780 -0.0564 0.002400
645.00 C 20260911 68.94 72.60 0 0 0.2730 0.9425 0.002400
645.00 P 20260911 1.16 1.19 37 481 0.2764 -0.0579 0.002400
646.00 C 20260911 68.03 71.64 0 7 0.2730 0.9409 0.002500
646.00 P 20260911 1.19 1.23 9 106 0.2749 -0.0595 0.002500
647.00 C 20260911 67.05 70.67 0 11 0.2708 0.9392 0.002600
647.00 P 20260911 1.22 1.27 39 39 0.2731 -0.0612 0.002600
648.00 C 20260911 66.04 69.71 0 3 0.2681 0.9374 0.002600
648.00 P 20260911 1.25 1.30 6 78 0.2715 -0.0630 0.002700
649.00 C 20260911 65.11 68.75 0 0 0.2673 0.9356 0.002700
649.00 P 20260911 1.29 1.34 2 62 0.2697 -0.0650 0.002700
650.00 C 20260911 65.52 67.79 0 15 0.2944 0.9337 0.002800
650.00 P 20260911 1.33 1.37 200 1486 0.2680 -0.0669 0.002800
651.00 C 20260911 64.57 66.83 0 9 0.2924 0.9318 0.002900
651.00 P 20260911 1.37 1.41 1 32 0.2664 -0.0688 0.002900
652.00 C 20260911 62.22 65.87 0 12 0.2621 0.9297 0.003000
652.00 P 20260911 1.40 1.45 5 196 0.2646 -0.0709 0.003000
653.00 C 20260911 62.66 64.92 0 11 0.2882 0.9276 0.003100
653.00 P 20260911 1.44 1.50 13 38 0.2633 -0.0730 0.003100
654.00 C 20260911 60.31 63.96 3 6 0.2590 0.9254 0.003100
654.00 P 20260911 1.49 1.54 78 495 0.2617 -0.0751 0.003200
655.00 C 20260911 60.75 63.01 0 11 0.2839 0.9232 0.003200
655.00 P 20260911 1.54 1.58 192 734 0.2598 -0.0775 0.003300
656.00 C 20260911 59.81 62.06 3 7 0.2820 0.9208 0.003300
656.00 P 20260911 1.58 1.63 120 93 0.2583 -0.0799 0.003400
657.00 C 20260911 58.86 61.11 0 2 0.2799 0.9184 0.003400
657.00 P 20260911 1.63 1.68 269 928 0.2568 -0.0822 0.003400
658.00 C 20260911 57.91 60.16 0 1 0.2778 0.9159 0.003500
658.00 P 20260911 1.68 1.73 76 75 0.2551 -0.0849 0.003600
659.00 C 20260911 56.97 59.22 0 15 0.2759 0.9132 0.003600
659.00 P 20260911 1.74 1.79 23 137 0.2536 -0.0876 0.003700
660.00 C 20260911 56.03 58.28 0 4 0.2740 0.9105 0.003700
660.00 P 20260911 1.80 1.84 376 1856 0.2521 -0.0903 0.003800
661.00 C 20260911 55.09 57.34 0 0 0.2720 0.9077 0.003800
661.00 P 20260911 1.85 1.90 81 84 0.2506 -0.0930 0.003900
662.00 C 20260911 54.16 56.40 0 8 0.2702 0.9048 0.004000
662.00 P 20260911 1.91 1.96 506 616 0.2490 -0.0960 0.004000
663.00 C 20260911 53.22 55.46 0 0 0.2681 0.9018 0.004100
663.00 P 20260911 1.97 2.03 196 110 0.2477 -0.0989 0.004100
664.00 C 20260911 52.29 54.53 0 6 0.2662 0.8987 0.004200
664.00 P 20260911 2.04 2.09 46 139 0.2461 -0.1022 0.004200
665.00 C 20260911 51.39 53.58 6 41 0.2645 0.8954 0.004300
665.00 P 20260911 2.11 2.16 2627 8200 0.2446 -0.1055 0.004400
666.00 C 20260911 50.44 52.66 3 23 0.2624 0.8921 0.004400
666.00 P 20260911 2.18 2.23 573 630 0.2431 -0.1089 0.004500
667.00 C 20260911 49.52 51.75 0 7 0.2608 0.8886 0.004600
667.00 P 20260911 2.25 2.31 149 55 0.2417 -0.1125 0.004600
668.00 C 20260911 48.60 50.83 0 11 0.2590 0.8850 0.004700
668.00 P 20260911 2.33 2.38 19 94 0.2400 -0.1161 0.004800
669.00 C 20260911 47.68 49.91 0 0 0.2571 0.8812 0.004800
669.00 P 20260911 2.40 2.47 120 132 0.2387 -0.1199 0.004900
670.00 C 20260911 46.72 48.97 0 20 0.2544 0.8773 0.005000
670.00 P 20260911 2.48 2.55 671 829 0.2373 -0.1237 0.005000
671.00 C 20260911 45.86 48.08 0 20 0.2536 0.8733 0.005100
671.00 P 20260911 2.56 2.64 37 199 0.2359 -0.1278 0.005200
672.00 C 20260911 44.96 47.17 0 4 0.2519 0.8692 0.005300
672.00 P 20260911 2.65 2.73 3 280 0.2345 -0.1320 0.005300
673.00 C 20260911 44.09 46.43 0 17 0.2527 0.8648 0.005400
673.00 P 20260911 2.75 2.83 3 84 0.2332 -0.1363 0.005500
674.00 C 20260911 43.16 45.53 0 28 0.2505 0.8604 0.005600
674.00 P 20260911 2.84 2.93 45 84 0.2316 -0.1410 0.005600
675.00 C 20260911 42.19 44.16 9 110 0.2421 0.8558 0.005800
675.00 P 20260911 2.95 3.03 179 1131 0.2304 -0.1456 0.005800
676.00 C 20260911 41.38 43.74 0 5 0.2471 0.8510 0.005900
676.00 P 20260911 3.05 3.14 88 207 0.2289 -0.1506 0.006000
677.00 C 20260911 40.45 42.85 0 2 0.2449 0.8460 0.006100
677.00 P 20260911 3.16 3.25 5 243 0.2275 -0.1556 0.006200
678.00 C 20260911 39.61 41.97 0 6 0.2437 0.8409 0.006200
678.00 P 20260911 3.28 3.37 6 146 0.2264 -0.1606 0.006300
679.00 C 20260911 38.74 41.09 2 3 0.2421 0.8356 0.006400
679.00 P 20260911 3.40 3.49 16 478 0.2250 -0.1661 0.006500
680.00 C 20260911 37.87 40.22 1 60 0.2406 0.8301 0.006600
680.00 P 20260911 3.53 3.61 1791 34088 0.2236 -0.1717 0.006700
681.00 C 20260911 37.04 39.35 0 27 0.2394 0.8245 0.006800
681.00 P 20260911 3.65 3.75 6 112 0.2225 -0.1772 0.006800
682.00 C 20260911 36.18 38.48 0 87 0.2377 0.8186 0.007000
682.00 P 20260911 3.78 3.88 5 250 0.2211 -0.1831 0.007000
683.00 C 20260911 35.24 37.62 0 13 0.2352 0.8126 0.007100
683.00 P 20260911 3.92 4.02 8 158 0.2196 -0.1895 0.007200
684.00 C 20260911 34.39 36.70 1 15 0.2330 0.8064 0.007300
684.00 P 20260911 4.07 4.17 19 122 0.2184 -0.1958 0.007400
685.00 C 20260911 33.57 35.75 32 387 0.2307 0.8000 0.007500
685.00 P 20260911 4.23 4.32 87 627 0.2173 -0.2021 0.007600
686.00 C 20260911 32.71 35.08 1 100 0.2307 0.7933 0.007700
686.00 P 20260911 4.38 4.48 5 90 0.2159 -0.2091 0.007800
687.00 C 20260911 31.84 32.56 0 7 0.2122 0.7865 0.007900
687.00 P 20260911 4.54 4.65 10 311 0.2146 -0.2160 0.008000
688.00 C 20260911 31.01 31.74 0 28 0.2110 0.7795 0.008100
688.00 P 20260911 4.72 4.82 37 117 0.2135 -0.2231 0.008200
689.00 C 20260911 30.20 30.91 2 131 0.2099 0.7722 0.008300
689.00 P 20260911 4.89 5.00 10 77 0.2123 -0.2302 0.008400
690.00 C 20260911 29.48 29.97 8 69 0.2084 0.7647 0.008500
690.00 P 20260911 5.08 5.18 335 1513 0.2109 -0.2381 0.008600
691.00 C 20260911 28.63 29.28 0 3 0.2080 0.7570 0.008700
691.00 P 20260911 5.27 5.38 44 130 0.2099 -0.2457 0.008800
692.00 C 20260911 27.78 28.48 0 5 0.2064 0.7491 0.008900
692.00 P 20260911 5.47 5.58 7 152 0.2087 -0.2537 0.009000
693.00 C 20260911 27.00 27.69 6 25 0.2053 0.7410 0.009100
693.00 P 20260911 5.68 5.78 9 115 0.2073 -0.2623 0.009200
694.00 C 20260911 26.20 26.90 0 15 0.2041 0.7326 0.009300
694.00 P 20260911 5.90 6.00 172 276 0.2062 -0.2708 0.009500
695.00 C 20260911 25.50 26.00 23 66 0.2025 0.7241 0.009500
695.00 P 20260911 6.12 6.23 1906 9301 0.2051 -0.2795 0.009700
696.00 C 20260911 24.73 25.31 12 24 0.2020 0.7153 0.009700
696.00 P 20260911 6.35 6.46 16 136 0.2039 -0.2884 0.009900
697.00 C 20260911 23.97 24.52 12 14 0.2006 0.7063 0.009900
697.00 P 20260911 6.59 6.70 203 816 0.2027 -0.2977 0.010100
698.00 C 20260911 23.22 23.78 12 29 0.1996 0.6970 0.010100
698.00 P 20260911 6.84 6.94 697 83 0.2014 -0.3072 0.010300
699.00 C 20260911 22.51 23.03 14 21 0.1987 0.6875 0.010300
699.00 P 20260911 7.09 7.20 53 91 0.2002 -0.3168 0.010500
700.00 C 20260911 21.77 22.23 178 865 0.1970 0.6778 0.010500
700.00 P 20260911 7.36 7.47 639 2439 0.1991 -0.3267 0.010700
701.00 C 20260911 21.27 21.48 20 92 0.1973 0.6679 0.010700
701.00 P 20260911 7.63 7.70 113 417 0.1975 -0.3370 0.010900
702.00 C 20260911 20.55 20.77 31 50 0.1964 0.6577 0.010900
702.00 P 20260911 7.89 8.03 148 74 0.1965 -0.3472 0.011100
703.00 C 20260911 19.85 20.06 20 51 0.1952 0.6473 0.011100
703.00 P 20260911 8.20 8.33 23 290 0.1956 -0.3578 0.011300
704.00 C 20260911 19.15 19.36 18 35 0.1941 0.6367 0.011300
704.00 P 20260911 8.50 8.64 46 173 0.1944 -0.3687 0.011500
705.00 C 20260911 18.47 18.67 11 1143 0.1931 0.6259 0.011400
705.00 P 20260911 8.83 8.95 390 33997 0.1933 -0.3798 0.011700
706.00 C 20260911 17.79 17.99 178 50 0.1918 0.6148 0.011600
706.00 P 20260911 9.14 9.28 23 281 0.1921 -0.3911 0.011800
707.00 C 20260911 17.13 17.34 5 64 0.1907 0.6036 0.011800
707.00 P 20260911 9.47 9.61 30 225 0.1907 -0.4026 0.012000
708.00 C 20260911 16.48 16.68 19 140 0.1897 0.5921 0.011900
708.00 P 20260911 9.82 9.97 67 181 0.1897 -0.4143 0.012200
709.00 C 20260911 15.84 16.03 276 88 0.1882 0.5807 0.012100
709.00 P 20260911 10.18 10.33 28 247 0.1884 -0.4265 0.012300
710.00 C 20260911 15.22 15.40 209 658 0.1874 0.5687 0.012200
710.00 P 20260911 10.58 10.71 784 3103 0.1877 -0.4385 0.012500
711.00 C 20260911 14.60 14.79 194 114 0.1861 0.5568 0.012300
711.00 P 20260911 10.94 11.10 68 221 0.1862 -0.4510 0.012600
712.00 C 20260911 14.00 14.18 151 328 0.1853 0.5444 0.012400
712.00 P 20260911 11.35 11.50 155 155 0.1854 -0.4634 0.012700
713.00 C 20260911 13.42 13.58 513 438 0.1842 0.5320 0.012600
713.00 P 20260911 11.76 11.92 69 265 0.1844 -0.4761 0.012900
714.00 C 20260911 12.85 13.00 206 466 0.1832 0.5195 0.012700
714.00 P 20260911 12.18 12.34 281 422 0.1830 -0.4892 0.013000
715.00 C 20260911 12.28 12.43 385 2008 0.1821 0.5069 0.012700
715.00 P 20260911 12.62 12.79 284 1883 0.1822 -0.5021 0.013100
716.00 C 20260911 11.73 11.89 325 256 0.1812 0.4941 0.012800
716.00 P 20260911 13.09 13.24 179 231 0.1811 -0.5155 0.013200
717.00 C 20260911 11.19 11.35 111 119 0.1801 0.4812 0.012900
717.00 P 20260911 13.55 13.71 77 390 0.1799 -0.5289 0.013200
718.00 C 20260911 10.67 10.83 54 161 0.1792 0.4681 0.012900
718.00 P 20260911 14.03 14.22 246 420 0.1791 -0.5423 0.013300
719.00 C 20260911 10.17 10.32 152 1553 0.1783 0.4550 0.012900
719.00 P 20260911 14.53 14.70 140 315 0.1781 -0.5559 0.013400
720.00 C 20260911 9.70 9.83 1446 1356 0.1773 0.4421 0.013000
720.00 P 20260911 15.05 15.23 438 821 0.1772 -0.5696 0.013400
721.00 C 20260911 9.20 9.34 337 1686 0.1761 0.4289 0.013000
721.00 P 20260911 15.58 15.78 30 137 0.1763 -0.5833 0.013400
722.00 C 20260911 8.74 8.89 81 246 0.1756 0.4154 0.012900
722.00 P 20260911 16.12 16.33 52 219 0.1754 -0.5971 0.013400
723.00 C 20260911 8.29 8.44 85 489 0.1747 0.4022 0.012900
723.00 P 20260911 16.68 16.89 42 86 0.1745 -0.6109 0.013400
724.00 C 20260911 7.86 8.01 354 540 0.1739 0.3889 0.012800
724.00 P 20260911 17.25 17.46 12 254 0.1737 -0.6247 0.013300
725.00 C 20260911 7.48 7.57 782 819 0.1733 0.3757 0.012800
725.00 P 20260911 17.85 18.05 9 525 0.1727 -0.6385 0.013300
726.00 C 20260911 7.03 7.19 221 213 0.1723 0.3626 0.012700
726.00 P 20260911 18.45 18.66 0 86 0.1718 -0.6520 0.013200
727.00 C 20260911 6.70 6.78 459 946 0.1718 0.3495 0.012600
727.00 P 20260911 19.07 19.28 0 55 0.1711 -0.6657 0.013100
728.00 C 20260911 6.27 6.40 43 144 0.1704 0.3368 0.012400
728.00 P 20260911 19.70 19.92 1 212 0.1702 -0.6793 0.013000
729.00 C 20260911 5.91 6.06 43 82 0.1700 0.3238 0.012300
729.00 P 20260911 20.35 20.57 0 125 0.1695 -0.6929 0.012900
730.00 C 20260911 5.57 5.69 969 1238 0.1689 0.3113 0.012200
730.00 P 20260911 21.03 21.24 45 549 0.1686 -0.7065 0.012800
731.00 C 20260911 5.24 5.37 292 225 0.1682 0.2988 0.012000
731.00 P 20260911 20.02 23.69 1 394 0.1686 -0.7197 0.012600
732.00 C 20260911 4.92 5.05 37 217 0.1677 0.2865 0.011800
732.00 P 20260911 20.71 24.38 0 109 0.1677 -0.7328 0.012400
733.00 C 20260911 4.62 4.74 72 559 0.1668 0.2743 0.011600
733.00 P 20260911 22.91 25.05 9 118 0.1801 -0.7458 0.012300
734.00 C 20260911 4.33 4.47 97 507 0.1666 0.2622 0.011400
734.00 P 20260911 22.14 25.83 0 627 0.1663 -0.7586 0.012100
735.00 C 20260911 4.06 4.17 718 939 0.1657 0.2507 0.011100
735.00 P 20260911 24.47 26.34 10 108 0.1786 -0.7710 0.011900
736.00 C 20260911 3.80 3.92 26 317 0.1653 0.2392 0.010900
736.00 P 20260911 23.64 27.25 0 8 0.1641 -0.7832 0.011600
737.00 C 20260911 3.55 3.66 22 1470 0.1646 0.2280 0.010600
737.00 P 20260911 24.41 28.01 0 11 0.1633 -0.7953 0.011400
738.00 C 20260911 3.32 3.43 45 452 0.1642 0.2171 0.010400
738.00 P 20260911 25.19 28.67 0 18 0.1612 -0.8072 0.011200
739.00 C 20260911 3.10 3.20 91 292 0.1637 0.2065 0.010100
739.00 P 20260911 25.99 29.51 0 39 0.1610 -0.8188 0.010900
740.00 C 20260911 2.92 2.98 171 4917 0.1634 0.1962 0.009800
740.00 P 20260911 26.80 30.31 2 766 0.1602 -0.8299 0.010700
741.00 C 20260911 2.69 2.79 22 176 0.1627 0.1863 0.009600
741.00 P 20260911 27.63 31.03 0 41 0.1581 -0.8408 0.010400
742.00 C 20260911 2.51 2.60 49 366 0.1624 0.1766 0.009300
742.00 P 20260911 28.46 31.91 0 85 0.1580 -0.8514 0.010100
743.00 C 20260911 2.33 2.42 47 107 0.1619 0.1672 0.009000
743.00 P 20260911 29.31 32.69 1 15 0.1561 -0.8619 0.009800
744.00 C 20260911 2.16 2.26 81 215 0.1616 0.1582 0.008700
744.00 P 20260911 30.17 33.59 0 0 0.1559 -0.8718 0.009500
745.00 C 20260911 2.01 2.09 354 670 0.1611 0.1495 0.008400
745.00 P 20260911 31.04 33.23 4 10 0.1278 -0.8812 0.009200
746.00 C 20260911 1.87 1.95 18 59 0.1610 0.1412 0.008100
746.00 P 20260911 31.93 35.36 0 1 0.1546 -0.8904 0.008800
747.00 C 20260911 1.73 1.81 40 362 0.1606 0.1331 0.007800
747.00 P 20260911 32.82 36.22 0 31 0.1531 -0.8993 0.008500
748.00 C 20260911 1.61 1.68 192 2626 0.1604 0.1254 0.007500
748.00 P 20260911 33.72 37.40 0 6 0.1579 -0.9079 0.008100
749.00 C 20260911 1.49 1.56 64 100 0.1602 0.1181 0.007200
749.00 P 20260911 34.63 38.31 0 0 0.1573 -0.9159 0.007700
750.00 C 20260911 1.38 1.44 168 5180 0.1599 0.1110 0.006900
750.00 P 20260911 35.55 39.23 1 19 0.1568 -0.9233 0.007400
751.00 C 20260911 1.28 1.34 86 43 0.1599 0.1044 0.006600
751.00 P 20260911 36.48 40.15 0 21 0.1560 -0.9304 0.007000
752.00 C 20260911 1.19 1.24 17 545 0.1598 0.0980 0.006300
752.00 P 20260911 37.42 41.09 0 5 0.1556 -0.9373 0.006600
753.00 C 20260911 1.10 1.15 13 264 0.1597 0.0919 0.006000
753.00 P 20260911 38.36 42.03 0 1 0.1548 -0.9437 0.006200
754.00 C 20260911 1.01 1.07 34 139 0.1596 0.0862 0.005700
754.00 P 20260911 39.31 42.98 0 1 0.1543 -0.9496 0.005800
755.00 C 20260911 0.94 0.98 648 1148 0.1594 0.0808 0.005500
755.00 P 20260911 40.27 43.94 0 0 0.1537 -0.9549 0.005400
756.00 C 20260911 0.87 0.91 16 155 0.1595 0.0756 0.005200
756.00 P 20260911 41.23 44.90 0 1 0.1527 -0.9599 0.005000
757.00 C 20260911 0.80 0.85 3 943 0.1595 0.0709 0.004900
757.00 P 20260911 42.17 45.86 0 0 0.1499 -0.9645 0.004600
758.00 C 20260911 0.74 0.78 50 1369 0.1594 0.0663 0.004700
758.00 P 20260911 43.14 46.83 0 1 0.1478 -0.9688 0.004200
759.00 C 20260911 0.68 0.73 5 275 0.1596 0.0619 0.004400
759.00 P 20260911 44.15 47.81 0 0 0.1494 -0.9726 0.003800
760.00 C 20260911 0.63 0.66 2153 1379 0.1593 0.0580 0.004200
760.00 P 20260911 45.13 48.79 0 1 0.1479 -0.9760 0.003500
765.00 C 20260911 0.42 0.45 335 707 0.1599 0.0414 0.003200
765.00 P 20260911 50.07 53.76 0 0 -1.0000 -0.9883 0.002000
770.00 C 20260911 0.28 0.32 273 1116 0.1615 0.0299 0.002400
770.00 P 20260911 55.07 58.76 0 0 -1.0000 -0.9946 0.001100
775.00 C 20260911 0.21 0.22 51 1161 0.1645 0.0218 0.001800
775.00 P 20260911 60.07 63.76 0 0 -1.0000 -0.9976 0.000500
780.00 C 20260911 0.15 0.17 113 1596 0.1681 0.0164 0.001400
780.00 P 20260911 65.07 68.76 0 0 -1.0000 -0.9989 0.000300
785.00 C 20260911 0.10 0.13 5 323 0.1709 0.0127 0.001100
785.00 P 20260911 70.07 73.76 0 0 -1.0000 -0.9995 0.000100
790.00 C 20260911 0.08 0.12 39 517 0.1776 0.0100 0.000900
790.00 P 20260911 75.07 78.76 0 0 -1.0000 -0.9997 0.000100
795.00 C 20260911 0.07 0.10 44 245 0.1837 0.0082 0.000700
795.00 P 20260911 80.07 83.76 0 0 -1.0000 -0.9999 0.000000
800.00 C 20260911 0.06 0.08 115 1277 0.1888 0.0068 0.000600
800.00 P 20260911 85.07 88.76 0 0 -1.0000 -0.9999 0.000000
805.00 C 20260911 0.04 0.08 0 138 0.1946 0.0057 0.000500
805.00 P 20260911 90.07 93.76 0 0 -1.0000 -1.0000 0.000000
810.00 C 20260911 0.03 0.07 0 424 0.1996 0.0049 0.000400
810.00 P 20260911 95.07 98.76 0 0 -1.0000 -1.0000 0.000000
815.00 C 20260911 0.03 0.06 14 321 0.2061 0.0042 0.000400
815.00 P 20260911 100.07 103.76 0 0 -1.0000 -1.0000 0.000000
820.00 C 20260911 0.02 0.06 0 324 0.2121 0.0037 0.000300
820.00 P 20260911 105.07 108.76 0 0 -1.0000 -1.0000 0.000000
825.00 C 20260911 0.02 0.05 0 57 0.2176 0.0033 0.000300
825.00 P 20260911 110.07 113.76 0 0 -1.0000 -1.0000 0.000000
830.00 C 20260911 0.01 0.05 0 98 0.2225 0.0029 0.000200
830.00 P 20260911 115.07 118.76 0 0 -1.0000 -1.0000 0.000000
835.00 C 20260911 0.01 0.05 0 152 0.2305 0.0026 0.000200
835.00 P 20260911 120.07 123.76 0 0 -1.0000 -1.0000 0.000000
840.00 C 20260911 0.01 0.05 0 297 0.2384 0.0023 0.000200
840.00 P 20260911 125.07 128.76 0 0 -1.0000 -1.0000 0.000000
845.00 C 20260911 0.01 0.04 0 40 0.2422 0.0021 0.000200
845.00 P 20260911 130.07 133.76 0 0 -1.0000 -1.0000 0.000000
850.00 C 20260911 0.01 0.04 0 157 0.2500 0.0019 0.000100
850.00 P 20260911 135.07 138.76 0 0 -1.0000 -1.0000 0.000000
860.00 C 20260911 0.00 0.04 0 14 0.2600 0.0015 0.000100
860.00 P 20260911 145.07 148.76 0 0 -1.0000 -1.0000 0.000000
870.00 C 20260911 0.00 0.04 0 79 0.2751 0.0013 0.000100
870.00 P 20260911 155.07 158.76 0 0 -1.0000 -1.0000 0.000000
880.00 C 20260911 0.00 0.04 0 18 0.2895 0.0011 0.000100
880.00 P 20260911 165.07 168.76 0 0 -1.0000 -1.0000 0.000000
885.00 C 20260911 0.00 0.04 0 34 0.2967 0.0010 0.000100
885.00 P 20260911 170.07 173.76 0 0 -1.0000 -1.0000 0.000000
890.00 C 20260911 0.00 0.04 0 1 0.3038 0.0009 0.000100
890.00 P 20260911 175.07 178.76 0 0 -1.0000 -1.0000 0.000000
895.00 C 20260911 0.00 0.04 0 1 0.3108 0.0008 0.000100
895.00 P 20260911 180.07 183.76 0 0 -1.0000 -1.0000 0.000000
900.00 C 20260911 0.00 0.03 0 12 0.3104 0.0008 0.000000
900.00 P 20260911 185.07 188.76 0 0 -1.0000 -1.0000 0.000000
905.00 C 20260911 0.00 0.03 0 0 0.3172 0.0007 0.000000
905.00 P 20260911 190.07 193.76 0 0 -1.0000 -1.0000 0.000000
910.00 C 20260911 0.00 0.03 0 100 0.3239 0.0007 0.000000
910.00 P 20260911 195.07 198.76 0 0 -1.0000 -1.0000 0.000000
915.00 C 20260911 0.00 0.03 0 59 0.3306 0.0006 0.000000
915.00 P 20260911 200.08 203.76 0 0 0.4124 -1.0000 0.000000
920.00 C 20260911 0.00 0.03 0 0 0.3372 0.0006 0.000000
920.00 P 20260911 205.07 208.76 0 0 -1.0000 -1.0000 0.000000
925.00 C 20260911 0.00 0.03 0 0 0.3438 0.0006 0.000000
925.00 P 20260911 210.07 213.76 0 0 -1.0000 -1.0000 0.000000
930.00 C 20260911 0.00 0.03 0 270 0.3504 0.0005 0.000000
930.00 P 20260911 215.07 218.76 0 0 -1.0000 -1.0000 0.000000
935.00 C 20260911 0.00 0.03 0 12 0.3568 0.0005 0.000000
935.00 P 20260911 220.07 223.76 0 0 -1.0000 -1.0000 0.000000
940.00 C 20260911 0.00 0.03 0 310 0.3633 0.0004 0.000000
940.00 P 20260911 225.07 228.76 0 0 -1.0000 -1.0000 0.000000
945.00 C 20260911 0.00 0.03 0 50 0.3696 0.0004 0.000000
945.00 P 20260911 230.07 233.76 0 0 -1.0000 -1.0000 0.000000
950.00 C 20260911 0.00 0.03 0 6 0.3760 0.0004 0.000000
950.00 P 20260911 235.07 238.76 0 0 -1.0000 -1.0000 0.000000
205.00 C 20260918 506.91 510.58 5 104 1.5004 0.9998 0.000000
205.00 P 20260918 0.00 0.02 0 4748 1.3204 -0.0001 0.000000
210.00 C 20260918 501.93 505.62 0 12 1.5002 0.9997 0.000000
210.00 P 20260918 0.00 0.02 0 1598 1.2956 -0.0001 0.000000
215.00 C 20260918 496.94 500.63 0 0 1.4590 0.9997 0.000000
215.00 P 20260918 0.00 0.03 50 1197 1.3077 -0.0001 0.000000
220.00 C 20260918 491.96 495.65 0 11 1.4385 0.9997 0.000000
220.00 P 20260918 0.00 0.03 0 1952 1.2834 -0.0002 0.000000
225.00 C 20260918 486.97 490.63 0 70 1.3637 0.9997 0.000000
225.00 P 20260918 0.00 0.03 0 566 1.2596 -0.0002 0.000000
230.00 C 20260918 481.99 485.68 0 1 1.3795 0.9997 0.000000
230.00 P 20260918 0.00 0.03 0 635 1.2363 -0.0002 0.000000
235.00 C 20260918 477.00 480.66 0 2 1.3051 0.9997 0.000000
235.00 P 20260918 0.00 0.03 0 136 1.2136 -0.0002 0.000000
240.00 C 20260918 472.02 475.68 0 52 1.2897 0.9997 0.000000
240.00 P 20260918 0.00 0.03 0 1361 1.1913 -0.0002 0.000000
245.00 C 20260918 467.03 470.70 0 13 1.2619 0.9997 0.000000
245.00 P 20260918 0.00 0.03 0 746 1.1695 -0.0002 0.000000
250.00 C 20260918 462.05 465.71 0 51 1.2346 0.9996 0.000000
250.00 P 20260918 0.00 0.03 0 2807 1.1482 -0.0002 0.000000
255.00 C 20260918 457.06 460.72 0 11 1.1939 0.9996 0.000000
255.00 P 20260918 0.00 0.03 0 1014 1.1273 -0.0002 0.000000
260.00 C 20260918 452.08 455.74 0 2 1.1814 0.9996 0.000000
260.00 P 20260918 0.00 0.02 0 456 1.0757 -0.0003 0.000000
265.00 C 20260918 447.10 450.79 0 12 1.2007 0.9996 0.000000
265.00 P 20260918 0.00 0.03 0 596 1.0866 -0.0003 0.000000
270.00 C 20260918 442.11 445.80 0 1 1.1658 0.9996 0.000000
270.00 P 20260918 0.00 0.03 0 982 1.0669 -0.0003 0.000000
275.00 C 20260918 437.13 440.81 0 49 1.1412 0.9996 0.000000
275.00 P 20260918 0.00 0.03 0 640 1.0475 -0.0003 0.000000
280.00 C 20260918 432.14 435.83 0 13 1.1170 0.9996 0.000000
280.00 P 20260918 0.00 0.02 0 1391 0.9995 -0.0003 0.000000
285.00 C 20260918 427.16 430.84 0 15 1.0931 0.9995 0.000000
285.00 P 20260918 0.00 0.04 0 806 1.0314 -0.0004 0.000000
290.00 C 20260918 422.18 425.86 0 16 1.0801 0.9995 0.000000
290.00 P 20260918 0.00 0.04 0 1502 1.0127 -0.0004 0.000000
295.00 C 20260918 417.19 420.88 0 37 1.0572 0.9995 0.000000
295.00 P 20260918 0.00 0.04 0 1204 0.9943 -0.0004 0.000000
300.00 C 20260918 412.21 415.90 0 28 1.0444 0.9995 0.000000
300.00 P 20260918 0.02 0.03 311 3366 0.9930 -0.0004 0.000000
305.00 C 20260918 407.23 410.91 0 4 1.0222 0.9994 0.000000
305.00 P 20260918 0.00 0.04 0 1272 0.9584 -0.0005 0.000000
310.00 C 20260918 402.24 405.93 0 4 1.0004 0.9994 0.000000
310.00 P 20260918 0.00 0.04 0 1360 0.9409 -0.0005 0.000000
315.00 C 20260918 397.26 400.94 0 29 0.9788 0.9994 0.000000
315.00 P 20260918 0.00 0.04 0 1532 0.9237 -0.0005 0.000000
320.00 C 20260918 392.27 395.96 0 29 0.9576 0.9993 0.000000
320.00 P 20260918 0.00 0.04 0 1834 0.9067 -0.0006 0.000000
325.00 C 20260918 387.29 390.97 0 21 0.9366 0.9993 0.000000
325.00 P 20260918 0.01 0.05 2 1115 0.9186 -0.0006 0.000000
330.00 C 20260918 382.30 385.96 0 32 0.8780 0.9993 0.000000
330.00 P 20260918 0.01 0.05 0 1635 0.9016 -0.0006 0.000000
335.00 C 20260918 377.32 381.00 0 81 0.8954 0.9992 0.000000
335.00 P 20260918 0.01 0.05 20 1440 0.8849 -0.0007 0.000000
340.00 C 20260918 372.33 375.99 0 28 0.8345 0.9992 0.000000
340.00 P 20260918 0.01 0.03 10 1910 0.8414 -0.0007 0.000000
345.00 C 20260918 367.35 371.03 0 9 0.8551 0.9991 0.000000
345.00 P 20260918 0.01 0.03 5 636 0.8256 -0.0007 0.000000
350.00 C 20260918 362.37 366.05 0 79 0.8459 0.9991 0.000000
350.00 P 20260918 0.01 0.05 100 699 0.8363 -0.0008 0.000000
355.00 C 20260918 357.38 361.07 0 8 0.8266 0.9990 0.000000
355.00 P 20260918 0.03 0.06 0 510 0.8486 -0.0008 0.000000
360.00 C 20260918 352.40 356.08 0 10 0.8074 0.9990 0.000000
360.00 P 20260918 0.03 0.06 0 1172 0.8326 -0.0009 0.000000
365.00 C 20260918 347.42 351.10 0 37 0.7986 0.9989 0.000000
365.00 P 20260918 0.02 0.06 20 1992 0.8087 -0.0010 0.000000
370.00 C 20260918 342.43 346.09 5 52 0.7431 0.9989 0.000000
370.00 P 20260918 0.03 0.06 0 880 0.8012 -0.0010 0.000000
375.00 C 20260918 337.45 341.14 0 21 0.7710 0.9988 0.000000
375.00 P 20260918 0.03 0.07 0 2086 0.7930 -0.0011 0.000000
380.00 C 20260918 332.47 336.15 0 14 0.7530 0.9988 0.000000
380.00 P 20260918 0.03 0.07 0 797 0.7777 -0.0011 0.000000
385.00 C 20260918 327.49 331.17 0 22 0.7440 0.9987 0.000000
385.00 P 20260918 0.03 0.07 0 234 0.7625 -0.0012 0.000000
390.00 C 20260918 322.50 326.19 4 32 0.7266 0.9986 0.000000
390.00 P 20260918 0.05 0.06 0 8374 0.7539 -0.0013 0.000000
395.00 C 20260918 317.52 321.20 0 27 0.7093 0.9985 0.000000
395.00 P 20260918 0.05 0.06 0 1845 0.7390 -0.0014 0.000000
400.00 C 20260918 312.54 316.22 3 619 0.7005 0.9984 0.000000
400.00 P 20260918 0.05 0.08 1 27592 0.7354 -0.0015 0.000000
405.00 C 20260918 307.56 311.24 0 20 0.6914 0.9983 0.000000
405.00 P 20260918 0.05 0.08 0 374 0.7207 -0.0016 0.000000
410.00 C 20260918 302.57 306.26 7 27 0.6749 0.9982 0.000000
410.00 P 20260918 0.05 0.09 0 9634 0.7110 -0.0017 0.000000
415.00 C 20260918 297.59 301.27 0 39 0.6585 0.9981 0.000000
415.00 P 20260918 0.05 0.09 0 942 0.6965 -0.0018 0.000000
420.00 C 20260918 292.61 296.29 2 59 0.6496 0.9980 0.000000
420.00 P 20260918 0.06 0.10 1 8303 0.6909 -0.0019 0.000000
425.00 C 20260918 287.63 291.31 0 49 0.6404 0.9979 0.000000
425.00 P 20260918 0.06 0.10 0 1797 0.6766 -0.0020 0.000000
430.00 C 20260918 282.65 286.33 1 67 0.6310 0.9977 0.000000
430.00 P 20260918 0.06 0.10 0 5972 0.6625 -0.0022 0.000000
435.00 C 20260918 277.67 281.35 0 43 0.6213 0.9976 0.000100
435.00 P 20260918 0.07 0.11 5 1060 0.6559 -0.0023 0.000100
440.00 C 20260918 272.69 276.37 0 235 0.6115 0.9974 0.000100
440.00 P 20260918 0.07 0.11 0 5930 0.6419 -0.0024 0.000100
445.00 C 20260918 267.71 271.39 0 33 0.6015 0.9973 0.000100
445.00 P 20260918 0.08 0.12 1 641 0.6347 -0.0026 0.000100
450.00 C 20260918 262.73 266.41 0 213 0.5913 0.9971 0.000100
450.00 P 20260918 0.08 0.12 419 16235 0.6209 -0.0028 0.000100
455.00 C 20260918 257.75 261.43 0 116 0.5811 0.9969 0.000100
455.00 P 20260918 0.09 0.12 54 1580 0.6072 -0.0030 0.000100
460.00 C 20260918 252.77 256.46 0 90 0.5747 0.9967 0.000100
460.00 P 20260918 0.10 0.12 10 10534 0.5995 -0.0032 0.000100
465.00 C 20260918 247.79 251.45 25 71 0.5523 0.9965 0.000100
465.00 P 20260918 0.10 0.14 0 1001 0.5912 -0.0034 0.000100
470.00 C 20260918 242.82 246.50 2 158 0.5569 0.9962 0.000100
470.00 P 20260918 0.11 0.15 0 2191 0.5826 -0.0037 0.000100
475.00 C 20260918 237.84 241.53 0 278 0.5491 0.9960 0.000100
475.00 P 20260918 0.11 0.15 6 8417 0.5692 -0.0039 0.000100
480.00 C 20260918 232.87 236.55 0 164 0.5409 0.9957 0.000100
480.00 P 20260918 0.12 0.16 25 6435 0.5603 -0.0042 0.000100
485.00 C 20260918 227.89 231.57 0 191 0.5297 0.9954 0.000100
485.00 P 20260918 0.13 0.17 0 3302 0.5512 -0.0045 0.000100
490.00 C 20260918 222.92 226.60 0 441 0.5235 0.9950 0.000100
490.00 P 20260918 0.14 0.18 4 6175 0.5417 -0.0049 0.000100
495.00 C 20260918 217.94 221.63 0 128 0.5144 0.9947 0.000100
495.00 P 20260918 0.15 0.19 10 1589 0.5321 -0.0052 0.000100
500.00 C 20260918 212.97 216.65 6 392 0.5050 0.9943 0.000100
500.00 P 20260918 0.18 0.19 46 17774 0.5239 -0.0056 0.000100
505.00 C 20260918 207.99 211.68 2 175 0.4955 0.9938 0.000200
505.00 P 20260918 0.17 0.21 149 2571 0.5123 -0.0060 0.000200
510.00 C 20260918 203.02 206.71 0 290 0.4876 0.9934 0.000200
510.00 P 20260918 0.19 0.22 1 6797 0.5037 -0.0065 0.000200
515.00 C 20260918 198.05 201.74 0 237 0.4793 0.9929 0.000200
515.00 P 20260918 0.20 0.24 0 3510 0.4947 -0.0070 0.000200
520.00 C 20260918 193.08 196.77 0 136 0.4707 0.9923 0.000200
520.00 P 20260918 0.22 0.25 14 7965 0.4854 -0.0076 0.000200
525.00 C 20260918 188.11 191.80 0 834 0.4618 0.9917 0.000200
525.00 P 20260918 0.24 0.26 2 4722 0.4758 -0.0082 0.000200
530.00 C 20260918 183.15 186.83 0 362 0.4539 0.9910 0.000300
530.00 P 20260918 0.25 0.29 13 13502 0.4674 -0.0089 0.000300
535.00 C 20260918 178.18 181.84 0 129 0.4420 0.9903 0.000300
535.00 P 20260918 0.28 0.31 1004 11142 0.4595 -0.0096 0.000300
540.00 C 20260918 173.22 176.90 0 602 0.4370 0.9895 0.000300
540.00 P 20260918 0.30 0.33 23 12127 0.4501 -0.0104 0.000300
545.00 C 20260918 168.26 171.94 0 265 0.4291 0.9886 0.000300
545.00 P 20260918 0.32 0.35 7 6359 0.4396 -0.0113 0.000300
550.00 C 20260918 163.30 166.98 2 692 0.4207 0.9877 0.000400
550.00 P 20260918 0.35 0.37 198 32289 0.4318 -0.0122 0.000400
555.00 C 20260918 158.34 162.03 0 290 0.4129 0.9866 0.000400
555.00 P 20260918 0.37 0.41 0 9092 0.4233 -0.0133 0.000400
560.00 C 20260918 153.36 157.04 3 4465 0.3997 0.9854 0.000400
560.00 P 20260918 0.41 0.44 11 19936 0.4150 -0.0145 0.000400
565.00 C 20260918 148.43 152.09 2 650 0.3936 0.9841 0.000500
565.00 P 20260918 0.44 0.47 17 12385 0.4060 -0.0158 0.000500
570.00 C 20260918 143.46 147.14 1 2837 0.3841 0.9827 0.000500
570.00 P 20260918 0.49 0.51 64 73533 0.3979 -0.0173 0.000500
575.00 C 20260918 138.54 142.20 1 1619 0.3781 0.9811 0.000600
575.00 P 20260918 0.52 0.55 14 19204 0.3885 -0.0189 0.000600
580.00 C 20260918 133.60 137.29 6 1252 0.3719 0.9794 0.000700
580.00 P 20260918 0.56 0.59 21 18090 0.3798 -0.0206 0.000700
585.00 C 20260918 128.64 132.32 5 2978 0.3607 0.9774 0.000700
585.00 P 20260918 0.61 0.64 34 9867 0.3712 -0.0226 0.000700
590.00 C 20260918 123.71 127.39 5 4838 0.3530 0.9752 0.000800
590.00 P 20260918 0.66 0.69 32 25891 0.3619 -0.0249 0.000800
595.00 C 20260918 118.79 122.47 0 4064 0.3455 0.9727 0.000900
595.00 P 20260918 0.72 0.75 15 12936 0.3534 -0.0274 0.000900
600.00 C 20260918 113.87 117.55 43 5986 0.3375 0.9699 0.001000
600.00 P 20260918 0.80 0.82 1666 57948 0.3457 -0.0302 0.001000
605.00 C 20260918 108.98 112.64 0 1414 0.3304 0.9667 0.001100
605.00 P 20260918 0.86 0.89 74 23055 0.3365 -0.0334 0.001100
610.00 C 20260918 104.06 107.74 14 12993 0.3219 0.9632 0.001200
610.00 P 20260918 0.94 0.99 472 19407 0.3286 -0.0370 0.001200
615.00 C 20260918 99.17 102.85 2 6729 0.3137 0.9591 0.001400
615.00 P 20260918 1.05 1.08 41 22069 0.3203 -0.0412 0.001400
620.00 C 20260918 94.29 97.98 26 3671 0.3062 0.9545 0.001500
620.00 P 20260918 1.16 1.19 863 40978 0.3122 -0.0459 0.001600
625.00 C 20260918 89.43 93.13 32 4609 0.2989 0.9492 0.001700
625.00 P 20260918 1.28 1.31 687 13601 0.3042 -0.0511 0.001700
630.00 C 20260918 84.59 88.29 106 10166 0.2914 0.9431 0.001900
630.00 P 20260918 1.43 1.46 1628 35451 0.2966 -0.0572 0.002000
635.00 C 20260918 81.18 83.47 7 3222 0.3111 0.9361 0.002200
635.00 P 20260918 1.59 1.63 185 9791 0.2884 -0.0644 0.002200
640.00 C 20260918 75.00 78.68 5 5092 0.2772 0.9280 0.002400
640.00 P 20260918 1.79 1.83 357 12392 0.2814 -0.0724 0.002500
645.00 C 20260918 71.65 73.92 17 9134 0.2929 0.9187 0.002800
645.00 P 20260918 2.02 2.06 723 9976 0.2738 -0.0820 0.002800
650.00 C 20260918 66.94 69.21 50 7187 0.2844 0.9079 0.003100
650.00 P 20260918 2.29 2.34 4479 47425 0.2668 -0.0930 0.003200
651.00 C 20260918 66.00 68.27 0 113 0.2826 0.9055 0.003200
651.00 P 20260918 2.34 2.40 230 869 0.2654 -0.0953 0.003200
652.00 C 20260918 65.07 67.33 0 70 0.2809 0.9031 0.003300
652.00 P 20260918 2.41 2.46 93 755 0.2640 -0.0978 0.003300
653.00 C 20260918 64.14 66.40 0 56 0.2793 0.9006 0.003400
653.00 P 20260918 2.47 2.52 163 441 0.2626 -0.1002 0.003400
654.00 C 20260918 63.14 65.47 0 80 0.2768 0.8980 0.003400
654.00 P 20260918 2.53 2.59 56 1357 0.2614 -0.1027 0.003500
655.00 C 20260918 62.26 64.45 2 4895 0.2746 0.8954 0.003500
655.00 P 20260918 2.61 2.66 1223 6981 0.2601 -0.1054 0.003600
656.00 C 20260918 61.28 63.61 0 77 0.2735 0.8926 0.003600
656.00 P 20260918 2.67 2.73 117 856 0.2585 -0.1083 0.003600
657.00 C 20260918 60.36 62.68 0 21 0.2718 0.8898 0.003700
657.00 P 20260918 2.74 2.80 89 703 0.2571 -0.1112 0.003700
658.00 C 20260918 59.44 61.76 0 54 0.2703 0.8869 0.003800
658.00 P 20260918 2.81 2.87 77 582 0.2557 -0.1140 0.003800
659.00 C 20260918 58.57 60.79 9 95 0.2687 0.8839 0.003900
659.00 P 20260918 2.89 2.95 184 371 0.2543 -0.1171 0.003900
660.00 C 20260918 57.60 59.88 197 23889 0.2666 0.8809 0.004000
660.00 P 20260918 2.97 3.03 672 89955 0.2528 -0.1202 0.004000
661.00 C 20260918 56.69 59.00 0 47 0.2655 0.8777 0.004100
661.00 P 20260918 3.04 3.12 96 431 0.2516 -0.1234 0.004100
662.00 C 20260918 55.78 58.09 0 204 0.2640 0.8745 0.004200
662.00 P 20260918 3.13 3.22 133 575 0.2506 -0.1266 0.004200
663.00 C 20260918 54.96 57.18 0 37 0.2635 0.8711 0.004300
663.00 P 20260918 3.22 3.30 44 489 0.2492 -0.1300 0.004300
664.00 C 20260918 54.03 56.27 0 57 0.2616 0.8677 0.004400
664.00 P 20260918 3.31 3.40 437 1420 0.2480 -0.1335 0.004400
665.00 C 20260918 53.16 55.33 11 2743 0.2601 0.8641 0.004500
665.00 P 20260918 3.40 3.48 216 4552 0.2465 -0.1370 0.004500
666.00 C 20260918 52.24 54.46 0 158 0.2587 0.8605 0.004600
666.00 P 20260918 3.50 3.55 151 2359 0.2450 -0.1407 0.004600
667.00 C 20260918 51.33 53.56 1 86 0.2570 0.8567 0.004700
667.00 P 20260918 3.60 3.67 47 511 0.2438 -0.1446 0.004700
668.00 C 20260918 50.42 52.63 0 46 0.2550 0.8529 0.004800
668.00 P 20260918 3.70 3.79 44 534 0.2428 -0.1484 0.004800
669.00 C 20260918 49.57 51.88 5 65 0.2554 0.8489 0.004900
669.00 P 20260918 3.81 3.90 116 583 0.2415 -0.1525 0.005000
670.00 C 20260918 48.67 51.00 19 10824 0.2538 0.8448 0.005000
670.00 P 20260918 3.92 4.00 1452 32854 0.2400 -0.1568 0.005100
671.00 C 20260918 47.81 50.19 0 180 0.2533 0.8406 0.005100
671.00 P 20260918 4.04 4.12 275 1913 0.2389 -0.1610 0.005200
672.00 C 20260918 46.93 49.31 0 24 0.2518 0.8363 0.005200
672.00 P 20260918 4.16 4.24 74 522 0.2378 -0.1653 0.005300
673.00 C 20260918 46.06 48.43 0 82 0.2504 0.8319 0.005400
673.00 P 20260918 4.28 4.37 253 838 0.2366 -0.1698 0.005400
674.00 C 20260918 45.19 47.56 0 71 0.2490 0.8274 0.005500
674.00 P 20260918 4.40 4.50 43 565 0.2354 -0.1744 0.005600
675.00 C 20260918 44.28 46.47 451 11095 0.2450 0.8227 0.005600
675.00 P 20260918 4.54 4.62 567 18727 0.2340 -0.1792 0.005700
676.00 C 20260918 43.47 45.83 0 72 0.2462 0.8179 0.005700
676.00 P 20260918 4.67 4.76 139 2098 0.2328 -0.1841 0.005800
677.00 C 20260918 42.61 44.97 0 143 0.2448 0.8129 0.005900
677.00 P 20260918 4.81 4.90 85 598 0.2317 -0.1891 0.005900
678.00 C 20260918 41.76 44.12 1 179 0.2435 0.8079 0.006000
678.00 P 20260918 4.95 5.05 100 812 0.2304 -0.1943 0.006100
679.00 C 20260918 40.88 43.20 1 111 0.2412 0.8026 0.006100
679.00 P 20260918 5.10 5.20 667 4192 0.2292 -0.1996 0.006200
680.00 C 20260918 40.04 42.35 3295 12783 0.2398 0.7973 0.006200
680.00 P 20260918 5.27 5.33 5939 32108 0.2280 -0.2052 0.006300
681.00 C 20260918 39.24 41.58 0 183 0.2394 0.7918 0.006400
681.00 P 20260918 5.41 5.51 25 631 0.2270 -0.2104 0.006500
682.00 C 20260918 38.37 39.04 5 153 0.2231 0.7862 0.006500
682.00 P 20260918 5.58 5.68 54 19924 0.2259 -0.2162 0.006600
683.00 C 20260918 37.55 38.25 3 352 0.2224 0.7804 0.006700
683.00 P 20260918 5.75 5.84 282 1289 0.2247 -0.2220 0.006800
684.00 C 20260918 36.67 38.56 103 245 0.2304 0.7745 0.006800
684.00 P 20260918 5.92 6.02 44 3946 0.2234 -0.2282 0.006900
685.00 C 20260918 35.95 36.54 2 12580 0.2200 0.7685 0.006900
685.00 P 20260918 6.10 6.20 1156 61267 0.2223 -0.2344 0.007000
686.00 C 20260918 35.04 35.78 0 169 0.2185 0.7623 0.007100
686.00 P 20260918 6.29 6.39 43 15513 0.2212 -0.2407 0.007200
687.00 C 20260918 34.24 34.98 5 312 0.2175 0.7559 0.007200
687.00 P 20260918 6.48 6.58 1046 2071 0.2201 -0.2470 0.007300
688.00 C 20260918 33.49 34.13 14 370 0.2165 0.7494 0.007400
688.00 P 20260918 6.67 6.77 50 1720 0.2187 -0.2538 0.007500
689.00 C 20260918 32.65 33.37 5 224 0.2153 0.7427 0.007500
689.00 P 20260918 6.88 6.98 188 583 0.2177 -0.2606 0.007600
690.00 C 20260918 31.92 32.47 47 14706 0.2138 0.7359 0.007600
690.00 P 20260918 7.09 7.19 1396 34434 0.2167 -0.2674 0.007800
691.00 C 20260918 31.14 31.77 8 312 0.2134 0.7290 0.007800
691.00 P 20260918 7.30 7.40 223 893 0.2153 -0.2747 0.007900
692.00 C 20260918 30.32 31.02 1 210 0.2122 0.7218 0.007900
692.00 P 20260918 7.50 7.63 100 998 0.2142 -0.2817 0.008000
693.00 C 20260918 29.60 30.29 11 1021 0.2118 0.7145 0.008100
693.00 P 20260918 7.75 7.86 88 3647 0.2132 -0.2894 0.008200
694.00 C 20260918 28.81 29.41 46 2200 0.2096 0.7071 0.008200
694.00 P 20260918 7.96 8.09 46 758 0.2117 -0.2971 0.008400
695.00 C 20260918 28.10 28.58 35 3455 0.2083 0.6994 0.008300
695.00 P 20260918 8.23 8.34 890 18513 0.2109 -0.3048 0.008500
696.00 C 20260918 27.35 27.93 0 187 0.2080 0.6917 0.008500
696.00 P 20260918 8.45 8.59 89 598 0.2096 -0.3125 0.008600
697.00 C 20260918 26.62 27.22 27 292 0.2072 0.6837 0.008600
697.00 P 20260918 8.74 8.85 266 750 0.2086 -0.3209 0.008800
698.00 C 20260918 25.87 26.49 18 399 0.2060 0.6756 0.008800
698.00 P 20260918 9.00 9.11 640 838 0.2074 -0.3292 0.008900
699.00 C 20260918 25.15 25.72 13 302 0.2047 0.6674 0.008900
699.00 P 20260918 9.25 9.39 66 540 0.2064 -0.3373 0.009100
700.00 C 20260918 24.70 24.90 2193 27155 0.2050 0.6590 0.009000
700.00 P 20260918 9.56 9.67 7855 103841 0.2055 -0.3459 0.009200
701.00 C 20260918 23.99 24.19 5 498 0.2038 0.6504 0.009200
701.00 P 20260918 9.81 9.96 50 353 0.2041 -0.3547 0.009300
702.00 C 20260918 23.29 23.49 12 602 0.2027 0.6417 0.009300
702.00 P 20260918 10.11 10.26 42 583 0.2030 -0.3636 0.009500
703.00 C 20260918 22.59 22.80 0 253 0.2017 0.6328 0.009400
703.00 P 20260918 10.42 10.58 249 549 0.2017 -0.3733 0.009600
704.00 C 20260918 21.90 22.12 0 287 0.2006 0.6237 0.009500
704.00 P 20260918 10.76 10.88 17 689 0.2008 -0.3824 0.009800
705.00 C 20260918 21.24 21.43 160 7278 0.1995 0.6145 0.009700
705.00 P 20260918 11.09 11.21 3010 11334 0.1999 -0.3919 0.009900
706.00 C 20260918 20.57 20.76 40 476 0.1985 0.6052 0.009800
706.00 P 20260918 11.42 11.54 56 851 0.1987 -0.4015 0.010000
707.00 C 20260918 19.91 20.10 37 283 0.1972 0.5958 0.009900
707.00 P 20260918 11.76 11.89 41 401 0.1975 -0.4114 0.010100
708.00 C 20260918 19.26 19.46 25 227 0.1964 0.5860 0.010000
708.00 P 20260918 12.10 12.25 40 398 0.1964 -0.4213 0.010200
709.00 C 20260918 18.63 18.83 16 401 0.1951 0.5764 0.010100
709.00 P 20260918 12.47 12.61 265 330 0.1954 -0.4314 0.010400
710.00 C 20260918 18.01 18.19 2318 40857 0.1941 0.5665 0.010200
710.00 P 20260918 12.87 12.99 2104 27590 0.1946 -0.4414 0.010500
711.00 C 20260918 17.39 17.58 371 1011 0.1934 0.5562 0.010300
711.00 P 20260918 13.25 13.38 152 727 0.1935 -0.4518 0.010600
712.00 C 20260918 16.79 16.97 341 923 0.1922 0.5462 0.010400
712.00 P 20260918 13.63 13.78 671 1184 0.1925 -0.4623 0.010700
713.00 C 20260918 16.21 16.34 502 1105 0.1920 0.5358 0.010500
713.00 P 20260918 14.04 14.19 524 1502 0.1916 -0.4730 0.010700
714.00 C 20260918 15.63 15.80 466 773 0.1906 0.5254 0.010500
714.00 P 20260918 14.46 14.61 260 934 0.1906 -0.4837 0.010800
715.00 C 20260918 15.05 15.19 2576 12581 0.1891 0.5150 0.010600
715.00 P 20260918 14.88 15.04 1499 11821 0.1892 -0.4948 0.010900
716.00 C 20260918 14.50 14.64 130 612 0.1883 0.5044 0.010700
716.00 P 20260918 15.35 15.50 98 595 0.1886 -0.5058 0.011000
717.00 C 20260918 14.00 14.09 182 3219 0.1880 0.4934 0.010700
717.00 P 20260918 15.79 15.96 107 1094 0.1878 -0.5168 0.011100
718.00 C 20260918 13.41 13.56 260 527 0.1866 0.4828 0.010800
718.00 P 20260918 16.25 16.42 113 1007 0.1865 -0.5281 0.011100
719.00 C 20260918 12.90 13.03 95 4308 0.1857 0.4720 0.010800
719.00 P 20260918 16.75 16.92 25 1770 0.1860 -0.5393 0.011200
720.00 C 20260918 12.39 12.51 1659 21178 0.1847 0.4610 0.010800
720.00 P 20260918 17.27 17.43 740 11009 0.1851 -0.5509 0.011200
721.00 C 20260918 11.88 12.01 187 1146 0.1839 0.4500 0.010800
721.00 P 20260918 17.75 17.93 54 460 0.1842 -0.5621 0.011200
722.00 C 20260918 11.40 11.57 132 906 0.1834 0.4390 0.010800
722.00 P 20260918 18.27 18.46 10 813 0.1834 -0.5736 0.011200
723.00 C 20260918 10.93 11.07 70 681 0.1824 0.4279 0.010800
723.00 P 20260918 18.80 19.01 11 887 0.1824 -0.5852 0.011300
724.00 C 20260918 10.47 10.60 149 828 0.1817 0.4168 0.010800
724.00 P 20260918 19.35 19.56 1 1143 0.1816 -0.5968 0.011300
725.00 C 20260918 10.02 10.19 867 13521 0.1814 0.4056 0.010800
725.00 P 20260918 19.91 20.11 189 7961 0.1808 -0.6086 0.011200
726.00 C 20260918 9.58 9.72 59 1516 0.1802 0.3947 0.010800
726.00 P 20260918 20.48 20.69 0 727 0.1800 -0.6200 0.011200
727.00 C 20260918 9.16 9.29 49 600 0.1794 0.3836 0.010700
727.00 P 20260918 21.06 21.28 8 824 0.1792 -0.6319 0.011200
728.00 C 20260918 8.75 8.88 55 479 0.1788 0.3726 0.010700
728.00 P 20260918 21.67 21.88 11 292 0.1786 -0.6433 0.011200
729.00 C 20260918 8.35 8.50 284 607 0.1781 0.3616 0.010600
729.00 P 20260918 22.28 22.49 62 266 0.1778 -0.6551 0.011100
730.00 C 20260918 7.97 8.09 10542 22580 0.1773 0.3507 0.010500
730.00 P 20260918 22.90 23.12 802 9682 0.1770 -0.6666 0.011100
731.00 C 20260918 7.60 7.74 244 718 0.1767 0.3398 0.010500
731.00 P 20260918 23.54 23.76 2 475 0.1764 -0.6778 0.011000
732.00 C 20260918 7.24 7.36 156 542 0.1761 0.3291 0.010400
732.00 P 20260918 24.19 24.41 12 576 0.1757 -0.6893 0.010900
733.00 C 20260918 6.89 7.04 5222 790 0.1758 0.3182 0.010300
733.00 P 20260918 24.86 25.08 8 667 0.1749 -0.7009 0.010800
734.00 C 20260918 6.55 6.71 1365 811 0.1753 0.3076 0.010100
734.00 P 20260918 25.53 25.76 7 424 0.1742 -0.7122 0.010800
735.00 C 20260918 6.23 6.33 2057 13633 0.1742 0.2974 0.010000
735.00 P 20260918 26.10 26.65 29 5596 0.1743 -0.7233 0.010600
736.00 C 20260918 5.92 6.05 75 1293 0.1737 0.2872 0.009900
736.00 P 20260918 25.24 27.34 7 154 0.1606 -0.7342 0.010500
737.00 C 20260918 5.62 5.76 367 621 0.1735 0.2769 0.009800
737.00 P 20260918 25.95 29.56 0 111 0.1724 -0.7451 0.010400
738.00 C 20260918 5.33 5.44 162 600 0.1726 0.2670 0.009600
738.00 P 20260918 26.68 30.27 2 42 0.1717 -0.7560 0.010300
739.00 C 20260918 5.05 5.16 55 587 0.1720 0.2572 0.009400
739.00 P 20260918 27.43 30.93 0 58 0.1705 -0.7667 0.010200
740.00 C 20260918 4.79 4.89 8421 33855 0.1717 0.2476 0.009300
740.00 P 20260918 29.65 31.63 167 4777 0.1819 -0.7772 0.010000
741.00 C 20260918 4.53 4.64 67 1680 0.1711 0.2381 0.009100
741.00 P 20260918 28.93 32.31 0 81 0.1679 -0.7874 0.009900
742.00 C 20260918 4.29 4.40 184 727 0.1709 0.2287 0.008900
742.00 P 20260918 29.71 33.07 1 227 0.1671 -0.7974 0.009700
743.00 C 20260918 4.05 4.16 63 956 0.1704 0.2196 0.008800
743.00 P 20260918 30.51 33.86 0 48 0.1666 -0.8074 0.009500
744.00 C 20260918 3.83 3.94 72 1012 0.1699 0.2107 0.008600
744.00 P 20260918 31.29 34.70 0 1017 0.1662 -0.8173 0.009400
745.00 C 20260918 3.63 3.71 1400 18722 0.1696 0.2021 0.008400
745.00 P 20260918 33.52 34.27 31 3942 0.1675 -0.8270 0.009200
746.00 C 20260918 3.42 3.52 210 858 0.1693 0.1936 0.008200
746.00 P 20260918 32.93 36.42 0 28 0.1660 -0.8364 0.009000
747.00 C 20260918 3.22 3.32 115 904 0.1688 0.1854 0.008000
747.00 P 20260918 33.76 37.45 1 5 0.1677 -0.8453 0.008800
748.00 C 20260918 3.04 3.16 60 607 0.1688 0.1774 0.007800
748.00 P 20260918 34.60 38.05 0 5 0.1642 -0.8542 0.008600
749.00 C 20260918 2.87 2.96 327 2624 0.1683 0.1696 0.007600
749.00 P 20260918 35.45 39.14 0 8 0.1665 -0.8630 0.008400
750.00 C 20260918 2.72 2.75 6250 51188 0.1677 0.1621 0.007400
750.00 P 20260918 36.34 39.74 1 2807 0.1630 -0.8717 0.008200
751.00 C 20260918 2.55 2.63 81 535 0.1677 0.1548 0.007200
751.00 P 20260918 37.19 40.87 0 1 0.1657 -0.8799 0.008000
752.00 C 20260918 2.40 2.48 63 162 0.1675 0.1477 0.006900
752.00 P 20260918 38.07 40.26 0 10 0.1368 -0.8878 0.007800
753.00 C 20260918 2.25 2.33 155 815 0.1671 0.1408 0.006700
753.00 P 20260918 38.96 42.64 0 102 0.1649 -0.8953 0.007500
754.00 C 20260918 2.12 2.20 1000 9110 0.1670 0.1342 0.006500
754.00 P 20260918 39.87 43.54 0 23 0.1646 -0.9028 0.007300
755.00 C 20260918 2.01 2.05 970 23447 0.1668 0.1279 0.006300
755.00 P 20260918 40.77 44.44 0 35 0.1639 -0.9100 0.007000
756.00 C 20260918 1.87 1.95 173 460 0.1666 0.1217 0.006100
756.00 P 20260918 41.68 45.36 0 33 0.1636 -0.9170 0.006800
757.00 C 20260918 1.76 1.83 147 401 0.1664 0.1158 0.005900
757.00 P 20260918 42.60 46.28 0 13 0.1632 -0.9235 0.006500
758.00 C 20260918 1.65 1.72 248 627 0.1663 0.1101 0.005700
758.00 P 20260918 43.53 47.20 0 1 0.1626 -0.9298 0.006200
759.00 C 20260918 1.56 1.61 59 750 0.1662 0.1047 0.005500
759.00 P 20260918 44.47 48.14 0 2 0.1622 -0.9356 0.006000
760.00 C 20260918 1.47 1.51 4826 38128 0.1659 0.0996 0.005300
760.00 P 20260918 45.41 49.10 41 113 0.1621 -0.9412 0.005700
765.00 C 20260918 1.06 1.10 3539 15509 0.1657 0.0766 0.004400
765.00 P 20260918 50.20 53.87 0 1 0.1580 -0.9647 0.004200
770.00 C 20260918 0.77 0.80 744 15332 0.1659 0.0587 0.003500
770.00 P 20260918 55.07 58.76 2 2 -1.0000 -0.9804 0.002800
775.00 C 20260918 0.56 0.59 1185 27947 0.1668 0.0449 0.002800
775.00 P 20260918 60.07 63.76 3 0 -1.0000 -0.9898 0.001700
780.00 C 20260918 0.43 0.45 686 12371 0.1691 0.0346 0.002300
780.00 P 20260918 65.07 68.78 26 11 0.1654 -0.9953 0.000900
785.00 C 20260918 0.32 0.34 145 2946 0.1711 0.0268 0.001800
785.00 P 20260918 70.07 73.76 0 0 -1.0000 -0.9977 0.000500
790.00 C 20260918 0.24 0.27 145 32748 0.1737 0.0211 0.001500
790.00 P 20260918 75.07 78.76 1 1 -1.0000 -0.9990 0.000200
795.00 C 20260918 0.18 0.21 59 5781 0.1760 0.0169 0.001200
795.00 P 20260918 80.07 83.76 0 0 -1.0000 -0.9995 0.000100
800.00 C 20260918 0.16 0.18 618 58119 0.1817 0.0137 0.001000
800.00 P 20260918 85.07 88.78 50 33 0.2028 -0.9998 0.000000
805.00 C 20260918 0.12 0.15 8 31437 0.1848 0.0112 0.000800
805.00 P 20260918 90.07 93.76 0 0 -1.0000 -0.9999 0.000000
810.00 C 20260918 0.09 0.13 42 7750 0.1884 0.0094 0.000700
810.00 P 20260918 95.07 98.76 3 0 -1.0000 -1.0000 0.000000
815.00 C 20260918 0.07 0.11 4 3100 0.1919 0.0080 0.000600
815.00 P 20260918 100.07 103.76 0 0 -1.0000 -1.0000 0.000000
820.00 C 20260918 0.06 0.09 13 16242 0.1954 0.0069 0.000500
820.00 P 20260918 105.07 108.76 0 0 -1.0000 -1.0000 0.000000
825.00 C 20260918 0.05 0.08 13 1806 0.1999 0.0060 0.000400
825.00 P 20260918 110.07 113.76 0 0 -1.0000 -1.0000 0.000000
830.00 C 20260918 0.04 0.08 3 10218 0.2056 0.0052 0.000400
830.00 P 20260918 115.07 118.76 0 0 -1.0000 -1.0000 0.000000
835.00 C 20260918 0.03 0.07 0 4192 0.2090 0.0046 0.000300
835.00 P 20260918 120.07 123.76 0 0 -1.0000 -1.0000 0.000000
840.00 C 20260918 0.03 0.06 2 17844 0.2138 0.0042 0.000300
840.00 P 20260918 125.07 128.76 0 0 -1.0000 -1.0000 0.000000
845.00 C 20260918 0.02 0.06 0 1512 0.2183 0.0037 0.000200
845.00 P 20260918 130.07 133.76 0 0 -1.0000 -1.0000 0.000000
850.00 C 20260918 0.02 0.06 2 20070 0.2252 0.0034 0.000200
850.00 P 20260918 135.07 138.76 0 0 -1.0000 -1.0000 0.000000
855.00 C 20260918 0.02 0.06 0 2121 0.2322 0.0030 0.000200
855.00 P 20260918 140.07 143.76 0 0 -1.0000 -1.0000 0.000000
860.00 C 20260918 0.01 0.05 2 2068 0.2326 0.0027 0.000200
860.00 P 20260918 145.07 148.76 0 0 -1.0000 -1.0000 0.000000
865.00 C 20260918 0.01 0.04 0 708 0.2354 0.0025 0.000200
865.00 P 20260918 150.07 153.76 0 0 -1.0000 -1.0000 0.000000
870.00 C 20260918 0.01 0.05 44 20536 0.2458 0.0022 0.000100
870.00 P 20260918 155.07 158.76 0 0 -1.0000 -1.0000 0.000000
875.00 C 20260918 0.02 0.05 0 2291 0.2558 0.0021 0.000100
875.00 P 20260918 160.07 163.76 0 0 -1.0000 -1.0000 0.000000
880.00 C 20260918 0.01 0.05 32 1438 0.2587 0.0019 0.000100
880.00 P 20260918 165.07 168.76 0 0 -1.0000 -1.0000 0.000000
885.00 C 20260918 0.00 0.05 0 1064 0.2609 0.0017 0.000100
885.00 P 20260918 170.07 173.76 0 0 -1.0000 -1.0000 0.000000
890.00 C 20260918 0.00 0.04 0 1160 0.2620 0.0016 0.000100
890.00 P 20260918 175.07 178.76 0 0 -1.0000 -1.0000 0.000000
895.00 C 20260918 0.00 0.04 0 537 0.2681 0.0015 0.000100
895.00 P 20260918 180.07 183.76 0 0 -1.0000 -1.0000 0.000000
900.00 C 20260918 0.00 0.04 1 29047 0.2740 0.0014 0.000100
900.00 P 20260918 185.07 188.76 0 0 -1.0000 -1.0000 0.000000
905.00 C 20260918 0.00 0.04 0 822 0.2800 0.0013 0.000100
905.00 P 20260918 190.08 193.76 0 0 0.3656 -1.0000 0.000000
910.00 C 20260918 0.00 0.04 0 2075 0.2860 0.0012 0.000100
910.00 P 20260918 195.08 198.76 0 0 0.3729 -1.0000 0.000000
915.00 C 20260918 0.00 0.04 0 15375 0.2919 0.0011 0.000100
915.00 P 20260918 200.08 203.76 0 0 0.3801 -1.0000 0.000000
920.00 C 20260918 0.00 0.04 0 1193 0.2977 0.0010 0.000100
920.00 P 20260918 205.08 208.76 0 0 0.3873 -1.0000 0.000000
925.00 C 20260918 0.00 0.04 0 10742 0.3036 0.0010 0.000000
925.00 P 20260918 210.08 213.76 0 0 0.3944 -1.0000 0.000000
930.00 C 20260918 0.00 0.04 0 566 0.3094 0.0009 0.000000
930.00 P 20260918 215.08 218.76 0 0 0.4014 -1.0000 0.000000
935.00 C 20260918 0.00 0.04 0 274 0.3151 0.0008 0.000000
935.00 P 20260918 220.07 223.76 0 0 -1.0000 -1.0000 0.000000
940.00 C 20260918 0.01 0.04 0 756 0.3267 0.0008 0.000000
940.00 P 20260918 225.07 228.76 0 0 -1.0000 -1.0000 0.000000
945.00 C 20260918 0.01 0.04 0 411 0.3325 0.0007 0.000000
945.00 P 20260918 230.07 233.76 0 0 -1.0000 -1.0000 0.000000
950.00 C 20260918 0.00 0.03 0 1301 0.3246 0.0007 0.000000
950.00 P 20260918 235.07 238.76 0 0 -1.0000 -1.0000 0.000000
955.00 C 20260918 0.01 0.03 0 679 0.3376 0.0006 0.000000
955.00 P 20260918 240.07 243.76 0 0 -1.0000 -1.0000 0.000000
960.00 C 20260918 0.01 0.03 0 1760 0.3432 0.0006 0.000000
960.00 P 20260918 245.07 248.76 0 0 -1.0000 -1.0000 0.000000
965.00 C 20260918 0.00 0.03 0 193 0.3409 0.0006 0.000000
965.00 P 20260918 250.07 253.76 0 0 -1.0000 -1.0000 0.000000
970.00 C 20260918 0.00 0.03 0 252 0.3462 0.0005 0.000000
970.00 P 20260918 255.07 258.76 0 0 -1.0000 -1.0000 0.000000
975.00 C 20260918 0.00 0.03 0 270 0.3516 0.0005 0.000000
975.00 P 20260918 260.07 263.76 0 0 -1.0000 -1.0000 0.000000
980.00 C 20260918 0.00 0.03 0 1043 0.3569 0.0005 0.000000
980.00 P 20260918 265.07 268.76 0 0 -1.0000 -1.0000 0.000000
985.00 C 20260918 0.00 0.03 0 220 0.3621 0.0005 0.000000
985.00 P 20260918 270.07 273.76 0 0 -1.0000 -1.0000 0.000000
990.00 C 20260918 0.00 0.03 0 2082 0.3673 0.0004 0.000000
990.00 P 20260918 275.07 278.76 0 0 -1.0000 -1.0000 0.000000
995.00 C 20260918 0.00 0.03 0 163 0.3725 0.0004 0.000000
995.00 P 20260918 280.07 283.76 0 0 -1.0000 -1.0000 0.000000
1000.00 C 20260918 0.01 0.03 10 19831 0.3862 0.0004 0.000000
1000.00 P 20260918 285.07 288.76 0 0 -1.0000 -1.0000 0.000000
1005.00 C 20260918 0.00 0.03 0 2 0.3828 0.0004 0.000000
1005.00 P 20260918 290.07 293.76 0 0 -1.0000 -1.0000 0.000000
1010.00 C 20260918 0.00 0.03 0 118 0.3879 0.0004 0.000000
1010.00 P 20260918 295.07 298.76 0 0 -1.0000 -1.0000 0.000000
1015.00 C 20260918 0.00 0.03 0 0 0.3930 0.0003 0.000000
1015.00 P 20260918 300.07 303.76 0 0 -1.0000 -1.0000 0.000000
1020.00 C 20260918 0.00 0.03 0 46 0.3980 0.0003 0.000000
1020.00 P 20260918 305.07 308.76 0 0 -1.0000 -1.0000 0.000000
1025.00 C 20260918 0.00 0.03 0 0 0.4030 0.0003 0.000000
1025.00 P 20260918 310.07 313.76 0 0 -1.0000 -1.0000 0.000000
1030.00 C 20260918 0.00 0.03 0 82 0.4080 0.0003 0.000000
1030.00 P 20260918 315.07 318.76 0 0 -1.0000 -1.0000 0.000000
1035.00 C 20260918 0.00 0.03 0 0 0.4129 0.0003 0.000000
1035.00 P 20260918 320.07 323.76 0 0 -1.0000 -1.0000 0.000000
1040.00 C 20260918 0.00 0.03 0 59 0.4178 0.0003 0.000000
1040.00 P 20260918 325.07 328.76 0 0 -1.0000 -1.0000 0.000000
1045.00 C 20260918 0.00 0.03 0 0 0.4227 0.0002 0.000000
1045.00 P 20260918 330.07 333.76 0 0 -1.0000 -1.0000 0.000000
1050.00 C 20260918 0.00 0.03 0 1301 0.4276 0.0002 0.000000
1050.00 P 20260918 335.07 338.76 0 0 -1.0000 -1.0000 0.000000
1055.00 C 20260918 0.00 0.03 0 0 0.4324 0.0002 0.000000
1055.00 P 20260918 340.07 343.76 0 0 -1.0000 -1.0000 0.000000
1060.00 C 20260918 0.00 0.03 0 236 0.4372 0.0002 0.000000
1060.00 P 20260918 345.07 348.76 0 0 -1.0000 -1.0000 0.000000
1065.00 C 20260918 0.00 0.03 0 1001 0.4420 0.0002 0.000000
1065.00 P 20260918 350.07 353.76 0 0 -1.0000 -1.0000 0.000000
1070.00 C 20260918 0.00 0.03 0 318 0.4467 0.0002 0.000000
1070.00 P 20260918 355.07 358.76 0 0 -1.0000 -1.0000 0.000000
1075.00 C 20260918 0.00 0.03 0 0 0.4514 0.0002 0.000000
1075.00 P 20260918 360.07 363.76 0 0 -1.0000 -1.0000 0.000000
1080.00 C 20260918 0.00 0.03 0 68 0.4561 0.0002 0.000000
1080.00 P 20260918 365.07 368.76 0 0 -1.0000 -1.0000 0.000000
1085.00 C 20260918 0.00 0.03 0 242 0.4608 0.0002 0.000000
1085.00 P 20260918 370.07 373.76 0 0 -1.0000 -1.0000 0.000000
1090.00 C 20260918 0.00 0.03 50 699 0.4654 0.0002 0.000000
1090.00 P 20260918 375.07 378.76 0 0 -1.0000 -1.0000 0.000000
1100.00 C 20260918 0.00 0.02 1 7833 0.4611 0.0002 0.000000
1100.00 P 20260918 385.07 388.76 0 0 -1.0000 -1.0000 0.000000
450.00 C 20260925 262.76 266.45 0 0 0.5934 0.9959 0.000100
450.00 P 20260925 0.15 0.17 135 645 0.5831 -0.0041 0.000100
455.00 C 20260925 257.79 261.47 0 0 0.5834 0.9956 0.000100
455.00 P 20260925 0.16 0.20 1 5 0.5777 -0.0044 0.000100
460.00 C 20260925 252.81 256.50 0 0 0.5732 0.9954 0.000100
460.00 P 20260925 0.17 0.21 1 13 0.5684 -0.0047 0.000100
465.00 C 20260925 247.84 251.52 0 0 0.5630 0.9950 0.000100
465.00 P 20260925 0.18 0.22 1 23 0.5589 -0.0050 0.000100
470.00 C 20260925 242.86 246.55 0 0 0.5527 0.9947 0.000100
470.00 P 20260925 0.19 0.23 2 49 0.5493 -0.0053 0.000100
475.00 C 20260925 237.89 241.57 0 0 0.5424 0.9944 0.000100
475.00 P 20260925 0.20 0.25 0 4 0.5410 -0.0057 0.000100
480.00 C 20260925 232.92 236.60 0 0 0.5335 0.9940 0.000100
480.00 P 20260925 0.21 0.26 0 78 0.5312 -0.0061 0.000100
485.00 C 20260925 227.94 231.63 0 0 0.5231 0.9936 0.000100
485.00 P 20260925 0.22 0.27 1 4 0.5212 -0.0065 0.000200
490.00 C 20260925 222.97 226.66 0 0 0.5139 0.9931 0.000200
490.00 P 20260925 0.24 0.28 1 128 0.5124 -0.0070 0.000200
495.00 C 20260925 218.00 221.69 0 0 0.5047 0.9927 0.000200
495.00 P 20260925 0.25 0.30 1 266 0.5033 -0.0074 0.000200
500.00 C 20260925 213.03 216.69 0 5 0.4919 0.9922 0.000200
500.00 P 20260925 0.27 0.31 0 90 0.4942 -0.0080 0.000200
505.00 C 20260925 208.06 211.75 0 0 0.4856 0.9916 0.000200
505.00 P 20260925 0.28 0.33 1 3 0.4850 -0.0086 0.000200
510.00 C 20260925 203.10 206.78 0 0 0.4768 0.9910 0.000200
510.00 P 20260925 0.30 0.35 1 10 0.4764 -0.0092 0.000200
515.00 C 20260925 198.13 201.82 0 0 0.4679 0.9903 0.000200
515.00 P 20260925 0.32 0.37 1 25 0.4679 -0.0098 0.000200
520.00 C 20260925 193.17 196.83 0 0 0.4570 0.9896 0.000300
520.00 P 20260925 0.34 0.39 2 207 0.4590 -0.0106 0.000300
525.00 C 20260925 188.21 191.90 0 0 0.4512 0.9888 0.000300
525.00 P 20260925 0.37 0.41 1 15 0.4508 -0.0114 0.000300
530.00 C 20260925 183.25 186.94 0 0 0.4425 0.9880 0.000300
530.00 P 20260925 0.39 0.44 1 17 0.4422 -0.0122 0.000300
535.00 C 20260925 178.29 181.95 0 0 0.4315 0.9870 0.000300
535.00 P 20260925 0.42 0.46 1 2 0.4335 -0.0132 0.000400
540.00 C 20260925 173.34 177.03 0 0 0.4258 0.9860 0.000400
540.00 P 20260925 0.45 0.49 2 8 0.4251 -0.0142 0.000400
545.00 C 20260925 168.38 172.05 0 0 0.4152 0.9849 0.000400
545.00 P 20260925 0.48 0.53 11 6 0.4171 -0.0154 0.000400
550.00 C 20260925 163.44 167.12 0 0 0.4087 0.9837 0.000400
550.00 P 20260925 0.52 0.56 12 15 0.4090 -0.0166 0.000500
555.00 C 20260925 158.49 162.18 0 0 0.4006 0.9823 0.000500
555.00 P 20260925 0.56 0.59 0 85 0.4002 -0.0180 0.000500
560.00 C 20260925 153.54 157.23 0 0 0.3918 0.9809 0.000500
560.00 P 20260925 0.60 0.64 6 82 0.3924 -0.0195 0.000500
565.00 C 20260925 148.60 152.30 0 0 0.3841 0.9792 0.000600
565.00 P 20260925 0.64 0.68 21 253 0.3840 -0.0212 0.000600
570.00 C 20260925 143.67 147.33 0 0 0.3747 0.9774 0.000600
570.00 P 20260925 0.70 0.73 2 84 0.3760 -0.0230 0.000600
575.00 C 20260925 138.74 142.43 0 2 0.3679 0.9754 0.000700
575.00 P 20260925 0.75 0.79 4 271 0.3684 -0.0250 0.000700
580.00 C 20260925 133.82 137.48 0 3 0.3592 0.9732 0.000800
580.00 P 20260925 0.81 0.85 4 110 0.3605 -0.0273 0.000800
585.00 C 20260925 128.90 132.57 0 0 0.3517 0.9707 0.000800
585.00 P 20260925 0.88 0.94 5 383 0.3533 -0.0298 0.000900
590.00 C 20260925 123.99 127.66 0 3 0.3440 0.9679 0.000900
590.00 P 20260925 0.96 1.00 8 281 0.3454 -0.0326 0.001000
595.00 C 20260925 119.09 122.76 0 0 0.3364 0.9648 0.001000
595.00 P 20260925 1.05 1.09 13 64 0.3376 -0.0358 0.001000
600.00 C 20260925 114.20 117.87 0 0 0.3290 0.9613 0.001200
600.00 P 20260925 1.14 1.19 11 353 0.3304 -0.0393 0.001200
605.00 C 20260925 109.32 112.99 0 5 0.3216 0.9574 0.001300
605.00 P 20260925 1.26 1.30 26 50 0.3232 -0.0434 0.001300
610.00 C 20260925 104.46 108.13 0 2 0.3146 0.9529 0.001400
610.00 P 20260925 1.38 1.42 57 297 0.3157 -0.0479 0.001400
615.00 C 20260925 99.61 102.15 0 5 0.2793 0.9479 0.001600
615.00 P 20260925 1.52 1.57 38 38 0.3088 -0.0529 0.001600
620.00 C 20260925 94.77 97.32 0 5 0.2748 0.9422 0.001700
620.00 P 20260925 1.68 1.72 35 340 0.3017 -0.0588 0.001800
625.00 C 20260925 89.98 92.49 1 2 0.2703 0.9358 0.001900
625.00 P 20260925 1.86 1.91 14 131 0.2949 -0.0653 0.002000
630.00 C 20260925 85.17 87.70 0 4 0.2650 0.9285 0.002100
630.00 P 20260925 2.07 2.11 83 460 0.2881 -0.0727 0.002200
635.00 C 20260925 80.48 82.93 0 0 0.2613 0.9202 0.002400
635.00 P 20260925 2.30 2.35 9 134 0.2815 -0.0811 0.002400
640.00 C 20260925 75.79 78.20 0 12 0.2569 0.9107 0.002600
640.00 P 20260925 2.57 2.62 100 449 0.2749 -0.0906 0.002700
645.00 C 20260925 71.07 73.51 0 1 0.2513 0.9000 0.003000
645.00 P 20260925 2.88 2.93 560 1187 0.2688 -0.1013 0.003000
650.00 C 20260925 66.52 68.86 10 135 0.2475 0.8878 0.003300
650.00 P 20260925 3.23 3.29 150 849 0.2625 -0.1135 0.003300
655.00 C 20260925 61.96 64.27 2 10 0.2427 0.8741 0.003600
655.00 P 20260925 3.62 3.70 14 472 0.2562 -0.1274 0.003700
660.00 C 20260925 57.50 59.73 25 126 0.2383 0.8584 0.004000
660.00 P 20260925 4.09 4.18 89 1338 0.2503 -0.1432 0.004100
665.00 C 20260925 53.03 56.65 0 1 0.2461 0.8408 0.004500
665.00 P 20260925 4.63 4.73 77 461 0.2445 -0.1610 0.004500
667.00 C 20260925 51.26 54.89 0 0 0.2436 0.8332 0.004700
667.00 P 20260925 4.86 4.98 11 126 0.2420 -0.1689 0.004700
668.00 C 20260925 50.36 54.02 0 1 0.2422 0.8292 0.004800
668.00 P 20260925 4.99 5.09 13 111 0.2410 -0.1727 0.004800
669.00 C 20260925 49.51 53.15 0 0 0.2413 0.8251 0.004900
669.00 P 20260925 5.12 5.23 22 30 0.2398 -0.1770 0.004900
670.00 C 20260925 48.67 52.28 0 7 0.2403 0.8210 0.005000
670.00 P 20260925 5.25 5.35 1887 619 0.2387 -0.1810 0.005000
671.00 C 20260925 47.78 51.42 0 0 0.2389 0.8167 0.005000
671.00 P 20260925 5.38 5.49 85 70 0.2375 -0.1854 0.005100
672.00 C 20260925 46.91 50.56 0 1 0.2376 0.8123 0.005200
672.00 P 20260925 5.52 5.63 104 43 0.2364 -0.1898 0.005200
673.00 C 20260925 46.05 49.71 1 2 0.2365 0.8078 0.005200
673.00 P 20260925 5.66 5.78 37 37 0.2353 -0.1942 0.005300
674.00 C 20260925 45.22 48.86 0 1 0.2356 0.8033 0.005400
674.00 P 20260925 5.80 5.93 8 20 0.2340 -0.1991 0.005400
675.00 C 20260925 44.35 48.01 0 1 0.2342 0.7986 0.005500
675.00 P 20260925 5.96 6.08 863 577 0.2331 -0.2036 0.005500
676.00 C 20260925 43.54 47.17 0 0 0.2334 0.7938 0.005600
676.00 P 20260925 6.11 6.23 52 59 0.2319 -0.2084 0.005600
677.00 C 20260925 42.66 46.33 0 0 0.2319 0.7889 0.005700
677.00 P 20260925 6.27 6.40 101 57 0.2307 -0.2136 0.005700
678.00 C 20260925 43.29 44.07 0 0 0.2314 0.7839 0.005800
678.00 P 20260925 6.43 6.56 62 74 0.2298 -0.2184 0.005800
679.00 C 20260925 42.46 43.23 0 0 0.2299 0.7788 0.005900
679.00 P 20260925 6.59 6.73 122 81 0.2284 -0.2238 0.005900
680.00 C 20260925 41.64 42.41 0 19 0.2289 0.7736 0.006000
680.00 P 20260925 6.79 6.91 72 1204 0.2277 -0.2288 0.006000
681.00 C 20260925 40.82 41.58 0 0 0.2277 0.7682 0.006100
681.00 P 20260925 6.94 7.09 33 84 0.2263 -0.2343 0.006100
682.00 C 20260925 40.01 40.77 0 3 0.2267 0.7628 0.006200
682.00 P 20260925 7.12 7.27 1 57 0.2252 -0.2398 0.006200
683.00 C 20260925 39.20 39.96 0 5 0.2256 0.7572 0.006300
683.00 P 20260925 7.34 7.46 6 97 0.2245 -0.2453 0.006400
684.00 C 20260925 38.41 39.15 1 1 0.2244 0.7515 0.006400
684.00 P 20260925 7.53 7.66 2 55 0.2234 -0.2510 0.006500
685.00 C 20260925 37.60 38.35 2 44 0.2234 0.7457 0.006500
685.00 P 20260925 7.73 7.86 22 386 0.2223 -0.2569 0.006600
686.00 C 20260925 36.82 37.55 0 6 0.2226 0.7398 0.006600
686.00 P 20260925 7.94 8.06 3 48 0.2212 -0.2629 0.006700
687.00 C 20260925 36.01 36.70 5 0 0.2207 0.7337 0.006800
687.00 P 20260925 8.15 8.29 14 83 0.2203 -0.2690 0.006800
688.00 C 20260925 35.24 35.97 0 0 0.2201 0.7275 0.006900
688.00 P 20260925 8.36 8.50 30 63 0.2190 -0.2754 0.006900
689.00 C 20260925 34.48 35.19 0 1 0.2193 0.7213 0.007000
689.00 P 20260925 8.57 8.73 5 28 0.2178 -0.2818 0.007000
690.00 C 20260925 33.71 34.42 6 13 0.2183 0.7149 0.007100
690.00 P 20260925 8.82 8.94 130 972 0.2171 -0.2880 0.007100
691.00 C 20260925 32.94 33.65 0 2 0.2171 0.7083 0.007200
691.00 P 20260925 9.03 9.18 2 28 0.2157 -0.2950 0.007200
692.00 C 20260925 32.18 32.88 1 4 0.2159 0.7016 0.007300
692.00 P 20260925 9.28 9.42 7 18 0.2150 -0.3014 0.007400
693.00 C 20260925 31.43 32.12 0 1 0.2147 0.6951 0.007400
693.00 P 20260925 9.51 9.67 9 50 0.2136 -0.3085 0.007500
694.00 C 20260925 30.69 31.37 0 0 0.2137 0.6882 0.007500
694.00 P 20260925 9.79 9.92 8 49 0.2129 -0.3153 0.007600
695.00 C 20260925 29.99 30.60 53 14 0.2127 0.6809 0.007600
695.00 P 20260925 10.06 10.19 125 331 0.2120 -0.3224 0.007700
696.00 C 20260925 29.25 29.87 1 1 0.2115 0.6737 0.007700
696.00 P 20260925 10.31 10.45 20 84 0.2107 -0.3299 0.007800
697.00 C 20260925 28.49 29.16 0 0 0.2105 0.6667 0.007800
697.00 P 20260925 10.59 10.75 5 43 0.2099 -0.3370 0.007900
698.00 C 20260925 27.85 28.10 0 1 0.2079 0.6593 0.007900
698.00 P 20260925 10.84 11.01 18 107 0.2086 -0.3448 0.008000
699.00 C 20260925 27.14 27.39 0 0 0.2070 0.6513 0.008000
699.00 P 20260925 11.16 11.30 18 50 0.2078 -0.3524 0.008100
700.00 C 20260925 26.44 26.69 5 23 0.2058 0.6438 0.008100
700.00 P 20260925 11.47 11.60 189 702 0.2069 -0.3602 0.008200
701.00 C 20260925 25.75 25.99 2 0 0.2048 0.6360 0.008200
701.00 P 20260925 11.75 11.91 25 43 0.2058 -0.3681 0.008300
702.00 C 20260925 25.06 25.31 17 46 0.2038 0.6281 0.008400
702.00 P 20260925 12.04 12.22 15 37 0.2048 -0.3762 0.008400
703.00 C 20260925 24.37 24.63 2 8 0.2031 0.6199 0.008400
703.00 P 20260925 12.38 12.54 12 50 0.2039 -0.3840 0.008500
704.00 C 20260925 23.71 23.95 5 16 0.2019 0.6118 0.008500
704.00 P 20260925 12.71 12.90 80 60 0.2028 -0.3926 0.008600
705.00 C 20260925 23.04 23.29 2 49 0.2011 0.6034 0.008600
705.00 P 20260925 13.04 13.21 109 206 0.2020 -0.4010 0.008700
706.00 C 20260925 22.39 22.64 14 3 0.2000 0.5952 0.008700
706.00 P 20260925 13.37 13.56 16 135 0.2008 -0.4095 0.008800
707.00 C 20260925 21.75 21.99 23 107 0.1993 0.5865 0.008800
707.00 P 20260925 13.73 13.92 50 127 0.1998 -0.4181 0.008900
708.00 C 20260925 21.11 21.35 66 65 0.1981 0.5780 0.008900
708.00 P 20260925 14.09 14.29 74 108 0.1988 -0.4269 0.009000
709.00 C 20260925 20.49 20.72 86 236 0.1972 0.5693 0.009000
709.00 P 20260925 14.48 14.66 25 143 0.1982 -0.4357 0.009100
710.00 C 20260925 19.88 20.10 151 266 0.1963 0.5605 0.009000
710.00 P 20260925 14.88 15.04 252 217 0.1973 -0.4447 0.009200
711.00 C 20260925 19.26 19.49 306 105 0.1955 0.5515 0.009100
711.00 P 20260925 15.26 15.44 334 218 0.1963 -0.4538 0.009200
712.00 C 20260925 18.66 18.90 96 80 0.1946 0.5425 0.009200
712.00 P 20260925 15.65 15.84 251 127 0.1952 -0.4630 0.009300
713.00 C 20260925 18.09 18.31 322 379 0.1937 0.5334 0.009200
713.00 P 20260925 16.09 16.26 154 149 0.1946 -0.4723 0.009400
714.00 C 20260925 17.51 17.73 509 111 0.1929 0.5242 0.009300
714.00 P 20260925 16.49 16.68 105 80 0.1937 -0.4816 0.009400
715.00 C 20260925 16.94 17.15 601 353 0.1918 0.5149 0.009400
715.00 P 20260925 16.94 17.11 144 302 0.1928 -0.4911 0.009500
716.00 C 20260925 16.38 16.60 26 62 0.1914 0.5053 0.009400
716.00 P 20260925 17.36 17.56 35 123 0.1919 -0.5007 0.009600
717.00 C 20260925 15.84 16.04 4 95 0.1904 0.4961 0.009400
717.00 P 20260925 17.81 18.02 38 100 0.1909 -0.5105 0.009600
718.00 C 20260925 15.30 15.51 20 168 0.1897 0.4864 0.009500
718.00 P 20260925 18.30 18.48 188 116 0.1904 -0.5201 0.009600
719.00 C 20260925 14.78 14.99 7 95 0.1888 0.4770 0.009500
719.00 P 20260925 18.76 18.96 22 111 0.1896 -0.5298 0.009700
720.00 C 20260925 14.26 14.48 70 209 0.1882 0.4672 0.009500
720.00 P 20260925 19.24 19.45 160 396 0.1886 -0.5397 0.009700
721.00 C 20260925 13.76 13.97 3 73 0.1874 0.4575 0.009600
721.00 P 20260925 19.73 19.95 0 583 0.1879 -0.5496 0.009800
722.00 C 20260925 13.27 13.45 15 77 0.1863 0.4480 0.009600
722.00 P 20260925 20.25 20.48 3 79 0.1872 -0.5596 0.009800
723.00 C 20260925 12.79 13.00 12 78 0.1860 0.4381 0.009600
723.00 P 20260925 20.77 20.98 1 512 0.1865 -0.5696 0.009800
724.00 C 20260925 12.32 12.52 10 95 0.1849 0.4285 0.009600
724.00 P 20260925 21.29 21.54 0 52 0.1857 -0.5796 0.009800
725.00 C 20260925 11.86 12.04 31 616 0.1841 0.4187 0.009600
725.00 P 20260925 21.84 22.08 4 155 0.1850 -0.5897 0.009800
726.00 C 20260925 11.41 11.62 1 68 0.1838 0.4088 0.009500
726.00 P 20260925 22.39 22.64 0 31 0.1842 -0.5997 0.009800
727.00 C 20260925 10.98 11.17 43 72 0.1829 0.3992 0.009500
727.00 P 20260925 22.96 23.21 0 46 0.1836 -0.6098 0.009800
728.00 C 20260925 10.55 10.75 6 58 0.1824 0.3893 0.009500
728.00 P 20260925 23.54 23.79 2 27 0.1829 -0.6199 0.009800
729.00 C 20260925 10.14 10.33 4 68 0.1816 0.3797 0.009400
729.00 P 20260925 24.13 24.38 10 43 0.1822 -0.6300 0.009800
730.00 C 20260925 9.74 9.89 124 652 0.1809 0.3700 0.009400
730.00 P 20260925 24.72 24.98 6 219 0.1816 -0.6402 0.009700
731.00 C 20260925 9.35 9.54 38 263 0.1807 0.3602 0.009400
731.00 P 20260925 25.34 25.59 0 26 0.1810 -0.6502 0.009700
732.00 C 20260925 8.97 9.15 19 86 0.1798 0.3507 0.009300
732.00 P 20260925 25.96 26.22 1 24 0.1803 -0.6602 0.009600
733.00 C 20260925 8.60 8.78 3334 214 0.1792 0.3412 0.009200
733.00 P 20260925 26.60 26.85 1 55 0.1797 -0.6701 0.009600
734.00 C 20260925 8.24 8.39 72 708 0.1786 0.3317 0.009200
734.00 P 20260925 27.24 27.50 0 73 0.1791 -0.6800 0.009600
735.00 C 20260925 7.89 8.03 36 334 0.1780 0.3223 0.009100
735.00 P 20260925 27.89 28.16 0 59 0.1784 -0.6901 0.009500
736.00 C 20260925 7.56 7.73 129 91 0.1776 0.3130 0.009000
736.00 P 20260925 28.57 28.83 0 23 0.1781 -0.6998 0.009400
737.00 C 20260925 7.23 7.41 113 42 0.1774 0.3037 0.008900
737.00 P 20260925 29.25 29.52 0 9 0.1775 -0.7096 0.009400
738.00 C 20260925 6.91 7.07 54 45 0.1767 0.2946 0.008800
738.00 P 20260925 28.27 31.96 0 16 0.1776 -0.7193 0.009300
739.00 C 20260925 6.61 6.76 125 522 0.1761 0.2857 0.008700
739.00 P 20260925 28.97 32.57 0 17 0.1764 -0.7288 0.009200
740.00 C 20260925 6.33 6.45 36 284 0.1757 0.2768 0.008600
740.00 P 20260925 29.68 32.04 0 47 0.1668 -0.7383 0.009100
741.00 C 20260925 6.03 6.20 8 50 0.1754 0.2680 0.008500
741.00 P 20260925 30.40 32.76 0 2 0.1661 -0.7477 0.009000
742.00 C 20260925 5.76 5.90 46 33 0.1747 0.2594 0.008400
742.00 P 20260925 31.14 34.67 0 0 0.1743 -0.7570 0.008900
743.00 C 20260925 5.49 5.66 10 39 0.1746 0.2508 0.008200
743.00 P 20260925 31.88 34.26 0 30 0.1648 -0.7663 0.008800
744.00 C 20260925 5.24 5.37 67 29 0.1739 0.2426 0.008100
744.00 P 20260925 32.64 35.02 0 0 0.1642 -0.7753 0.008700
745.00 C 20260925 5.00 5.11 55 111 0.1735 0.2343 0.008000
745.00 P 20260925 33.41 35.79 0 1 0.1635 -0.7842 0.008600
746.00 C 20260925 4.75 4.91 19 67 0.1734 0.2262 0.007800
746.00 P 20260925 34.17 36.58 0 2 0.1628 -0.7930 0.008500
747.00 C 20260925 4.53 4.65 5 67 0.1728 0.2184 0.007700
747.00 P 20260925 34.97 37.37 0 0 0.1622 -0.8016 0.008400
748.00 C 20260925 4.31 4.43 47 58 0.1725 0.2106 0.007500
748.00 P 20260925 35.75 38.09 1 21 0.1605 -0.8103 0.008300
749.00 C 20260925 4.10 4.22 123 37 0.1721 0.2030 0.007400
749.00 P 20260925 36.55 38.98 0 1 0.1605 -0.8188 0.008200
750.00 C 20260925 3.91 4.01 270 439 0.1718 0.1956 0.007200
750.00 P 20260925 37.36 39.80 0 10 0.1596 -0.8271 0.008000
751.00 C 20260925 3.70 3.82 59 199 0.1714 0.1883 0.007100
751.00 P 20260925 38.19 40.63 0 0 0.1588 -0.8352 0.007900
752.00 C 20260925 3.52 3.63 1 23 0.1712 0.1812 0.006900
752.00 P 20260925 39.02 41.47 0 5 0.1579 -0.8431 0.007800
753.00 C 20260925 3.35 3.45 2 92 0.1709 0.1743 0.006800
753.00 P 20260925 39.86 42.31 0 0 0.1569 -0.8509 0.007600
754.00 C 20260925 3.18 3.28 4 31 0.1707 0.1676 0.006600
754.00 P 20260925 40.71 43.17 0 0 0.1561 -0.8586 0.007500
755.00 C 20260925 3.02 3.12 167 91 0.1705 0.1611 0.006500
755.00 P 20260925 41.57 44.03 0 1 0.1549 -0.8662 0.007400
756.00 C 20260925 2.86 2.96 124 288 0.1702 0.1547 0.006300
756.00 P 20260925 42.44 44.90 0 0 0.1536 -0.8736 0.007200
757.00 C 20260925 2.70 2.81 1 41 0.1698 0.1485 0.006100
757.00 P 20260925 43.31 45.78 0 1 0.1522 -0.8807 0.007100
758.00 C 20260925 2.57 2.67 29 47 0.1698 0.1425 0.006000
758.00 P 20260925 44.20 46.67 0 0 0.1510 -0.8876 0.006900
759.00 C 20260925 2.44 2.53 16 305 0.1696 0.1367 0.005800
759.00 P 20260925 45.09 47.56 0 3 0.1491 -0.8943 0.006800
760.00 C 20260925 2.31 2.40 78 653 0.1694 0.1311 0.005600
760.00 P 20260925 45.98 48.46 0 35 0.1464 -0.9009 0.006600
765.00 C 20260925 1.76 1.83 146 277 0.1686 0.1056 0.004900
765.00 P 20260925 50.57 54.25 0 0 0.1665 -0.9307 0.005600
770.00 C 20260925 1.35 1.40 1751 493 0.1687 0.0845 0.004100
770.00 P 20260925 55.31 58.99 0 2 0.1648 -0.9545 0.004500
775.00 C 20260925 1.03 1.07 24 349 0.1690 0.0673 0.003500
775.00 P 20260925 60.13 63.82 0 0 0.1588 -0.9722 0.003300
780.00 C 20260925 0.79 0.83 202 391 0.1700 0.0536 0.002900
780.00 P 20260925 65.07 68.76 2 0 -1.0000 -0.9843 0.002200
785.00 C 20260925 0.61 0.65 138 256 0.1714 0.0428 0.002400
785.00 P 20260925 70.07 73.76 0 0 -1.0000 -0.9914 0.001400
790.00 C 20260925 0.47 0.51 145 212 0.1728 0.0344 0.002000
790.00 P 20260925 75.07 78.76 0 0 -1.0000 -0.9958 0.000800
795.00 C 20260925 0.37 0.41 7 149 0.1750 0.0279 0.001600
795.00 P 20260925 80.08 83.76 0 0 0.1748 -0.9978 0.000400
800.00 C 20260925 0.29 0.34 184 363 0.1778 0.0227 0.001400
800.00 P 20260925 85.08 88.76 0 2 0.1831 -0.9991 0.000200
805.00 C 20260925 0.24 0.28 9 229 0.1807 0.0188 0.001100
805.00 P 20260925 90.07 93.76 0 0 -1.0000 -0.9995 0.000100
810.00 C 20260925 0.19 0.24 5 217 0.1839 0.0156 0.001000
810.00 P 20260925 95.07 98.76 0 0 -1.0000 -0.9998 0.000000
815.00 C 20260925 0.16 0.20 0 276 0.1870 0.0132 0.000800
815.00 P 20260925 100.07 103.76 0 0 -1.0000 -0.9999 0.000000
820.00 C 20260925 0.13 0.18 1 293 0.1907 0.0112 0.000700
820.00 P 20260925 105.07 108.76 0 0 -1.0000 -1.0000 0.000000
825.00 C 20260925 0.11 0.15 46 90 0.1937 0.0097 0.000600
825.00 P 20260925 110.07 113.76 0 0 -1.0000 -1.0000 0.000000
830.00 C 20260925 0.09 0.14 6 68 0.1980 0.0084 0.000500
830.00 P 20260925 115.07 118.76 0 0 -1.0000 -1.0000 0.000000
835.00 C 20260925 0.08 0.12 3 10 0.2016 0.0074 0.000500
835.00 P 20260925 120.07 123.76 0 0 -1.0000 -1.0000 0.000000
840.00 C 20260925 0.07 0.11 1 16 0.2060 0.0066 0.000400
840.00 P 20260925 125.07 128.76 0 0 -1.0000 -1.0000 0.000000
845.00 C 20260925 0.06 0.10 2 22 0.2100 0.0058 0.000400
845.00 P 20260925 130.07 133.76 0 0 -1.0000 -1.0000 0.000000
850.00 C 20260925 0.05 0.10 1 57 0.2151 0.0052 0.000300
850.00 P 20260925 135.07 138.76 0 0 -1.0000 -1.0000 0.000000
860.00 C 20260925 0.04 0.08 4 19 0.2228 0.0043 0.000200
860.00 P 20260925 145.07 148.76 0 0 -1.0000 -1.0000 0.000000
870.00 C 20260925 0.03 0.07 1 27 0.2308 0.0036 0.000200
870.00 P 20260925 155.07 158.76 0 0 -1.0000 -1.0000 0.000000
880.00 C 20260925 0.02 0.07 7 46 0.2405 0.0030 0.000200
880.00 P 20260925 165.07 168.76 0 0 -1.0000 -1.0000 0.000000
885.00 C 20260925 0.02 0.06 0 1 0.2436 0.0028 0.000200
885.00 P 20260925 170.07 173.76 0 0 -1.0000 -1.0000 0.000000
890.00 C 20260925 0.01 0.06 1 3 0.2463 0.0026 0.000100
890.00 P 20260925 175.07 178.76 0 0 -1.0000 -1.0000 0.000000
895.00 C 20260925 0.01 0.06 0 1 0.2520 0.0024 0.000100
895.00 P 20260925 180.07 183.76 0 0 -1.0000 -1.0000 0.000000
900.00 C 20260925 0.01 0.06 0 3 0.2576 0.0022 0.000100
900.00 P 20260925 185.07 188.76 0 0 -1.0000 -1.0000 0.000000
905.00 C 20260925 0.01 0.06 0 1 0.2632 0.0021 0.000100
905.00 P 20260925 190.07 193.76 0 0 -1.0000 -1.0000 0.000000
910.00 C 20260925 0.01 0.05 0 0 0.2651 0.0020 0.000100
910.00 P 20260925 195.07 198.76 0 0 -1.0000 -1.0000 0.000000
915.00 C 20260925 0.00 0.05 0 1 0.2663 0.0018 0.000100
915.00 P 20260925 200.07 203.76 0 0 -1.0000 -1.0000 0.000000
920.00 C 20260925 0.00 0.05 0 1 0.2716 0.0017 0.000100
920.00 P 20260925 205.07 208.76 0 0 -1.0000 -1.0000 0.000000
925.00 C 20260925 0.00 0.05 0 0 0.2769 0.0016 0.000100
925.00 P 20260925 210.07 213.76 0 0 -1.0000 -1.0000 0.000000
930.00 C 20260925 0.00 0.05 0 0 0.2822 0.0015 0.000100
930.00 P 20260925 215.07 218.76 0 0 -1.0000 -1.0000 0.000000
935.00 C 20260925 0.00 0.05 0 0 0.2874 0.0014 0.000100
935.00 P 20260925 220.07 223.76 0 0 -1.0000 -1.0000 0.000000
940.00 C 20260925 0.00 0.05 0 0 0.2925 0.0014 0.000100
940.00 P 20260925 225.07 228.76 0 0 -1.0000 -1.0000 0.000000
945.00 C 20260925 0.00 0.05 0 0 0.2977 0.0013 0.000100
945.00 P 20260925 230.07 233.76 0 0 -1.0000 -1.0000 0.000000
950.00 C 20260925 0.00 0.05 0 0 0.3028 0.0012 0.000100
950.00 P 20260925 235.07 238.76 0 0 -1.0000 -1.0000 0.000000
405.00 C 20260930 307.60 311.28 0 6 0.6844 0.9969 0.000100
405.00 P 20260930 0.12 0.15 116 4452 0.6476 -0.0030 0.000100
410.00 C 20260930 302.62 306.30 0 1 0.6718 0.9968 0.000100
410.00 P 20260930 0.13 0.15 10 1464 0.6370 -0.0032 0.000100
415.00 C 20260930 297.64 301.32 0 4 0.6593 0.9966 0.000100
415.00 P 20260930 0.14 0.17 0 494 0.6309 -0.0033 0.000100
420.00 C 20260930 292.66 296.35 0 6 0.6485 0.9964 0.000100
420.00 P 20260930 0.14 0.19 3 1958 0.6222 -0.0035 0.000100
425.00 C 20260930 287.68 291.34 0 21 0.6314 0.9962 0.000100
425.00 P 20260930 0.15 0.20 0 3970 0.6133 -0.0038 0.000100
430.00 C 20260930 282.71 286.39 0 14 0.6256 0.9959 0.000100
430.00 P 20260930 0.16 0.21 1 770 0.6043 -0.0040 0.000100
435.00 C 20260930 277.73 281.41 0 13 0.6134 0.9957 0.000100
435.00 P 20260930 0.17 0.22 1 134 0.5951 -0.0042 0.000100
440.00 C 20260930 272.75 276.44 0 16 0.6028 0.9954 0.000100
440.00 P 20260930 0.18 0.23 1 569 0.5858 -0.0045 0.000100
445.00 C 20260930 267.78 271.46 0 6 0.5922 0.9952 0.000100
445.00 P 20260930 0.19 0.24 1 353 0.5765 -0.0048 0.000100
450.00 C 20260930 262.80 266.49 0 47 0.5817 0.9949 0.000100
450.00 P 20260930 0.20 0.25 3 900 0.5670 -0.0051 0.000100
455.00 C 20260930 257.83 261.51 0 4 0.5710 0.9946 0.000100
455.00 P 20260930 0.21 0.25 1 362 0.5561 -0.0054 0.000100
460.00 C 20260930 252.85 256.54 0 7 0.5603 0.9942 0.000100
460.00 P 20260930 0.22 0.27 1 579 0.5478 -0.0057 0.000100
465.00 C 20260930 247.88 251.57 0 4 0.5508 0.9938 0.000100
465.00 P 20260930 0.23 0.28 2 235 0.5382 -0.0061 0.000100
470.00 C 20260930 242.91 246.59 0 22 0.5401 0.9935 0.000100
470.00 P 20260930 0.25 0.29 6 663 0.5297 -0.0065 0.000100
475.00 C 20260930 237.94 241.62 0 41 0.5305 0.9930 0.000100
475.00 P 20260930 0.26 0.31 1 210 0.5210 -0.0069 0.000200
480.00 C 20260930 232.97 236.65 0 36 0.5208 0.9926 0.000200
480.00 P 20260930 0.27 0.32 2 1446 0.5111 -0.0074 0.000200
485.00 C 20260930 228.00 231.68 0 10 0.5111 0.9921 0.000200
485.00 P 20260930 0.29 0.34 1 354 0.5032 -0.0078 0.000200
490.00 C 20260930 223.03 226.72 0 33 0.5023 0.9916 0.000200
490.00 P 20260930 0.31 0.35 2 502 0.4941 -0.0084 0.000200
495.00 C 20260930 218.07 221.75 0 16 0.4932 0.9910 0.000200
495.00 P 20260930 0.32 0.37 6 662 0.4849 -0.0090 0.000200
500.00 C 20260930 213.10 216.79 0 228 0.4840 0.9904 0.000200
500.00 P 20260930 0.34 0.39 15 3203 0.4764 -0.0096 0.000200
505.00 C 20260930 208.14 211.82 0 154 0.4747 0.9897 0.000200
505.00 P 20260930 0.36 0.41 0 327 0.4679 -0.0102 0.000200
510.00 C 20260930 203.18 206.86 0 106 0.4661 0.9890 0.000300
510.00 P 20260930 0.39 0.43 1 448 0.4600 -0.0109 0.000300
515.00 C 20260930 198.22 201.91 0 24 0.4580 0.9882 0.000300
515.00 P 20260930 0.41 0.46 1 213 0.4518 -0.0117 0.000300
520.00 C 20260930 193.26 196.92 0 140 0.4471 0.9874 0.000300
520.00 P 20260930 0.43 0.48 5 14745 0.4426 -0.0126 0.000300
525.00 C 20260930 188.31 192.00 0 13 0.4411 0.9865 0.000300
525.00 P 20260930 0.46 0.51 1 532 0.4348 -0.0135 0.000300
530.00 C 20260930 183.35 187.02 1 52 0.4306 0.9855 0.000400
530.00 P 20260930 0.49 0.54 5 2519 0.4266 -0.0145 0.000400
535.00 C 20260930 178.40 182.07 0 15 0.4224 0.9844 0.000400
535.00 P 20260930 0.52 0.57 51 759 0.4183 -0.0156 0.000400
540.00 C 20260930 173.46 177.15 0 35 0.4160 0.9832 0.000400
540.00 P 20260930 0.56 0.60 2020 2558 0.4105 -0.0167 0.000400
545.00 C 20260930 168.51 172.20 0 24 0.4072 0.9819 0.000500
545.00 P 20260930 0.60 0.64 0 1029 0.4027 -0.0180 0.000500
550.00 C 20260930 163.57 167.23 0 109 0.3978 0.9804 0.000500
550.00 P 20260930 0.65 0.68 131 1639 0.3952 -0.0194 0.000500
555.00 C 20260930 158.63 162.32 0 228 0.3908 0.9789 0.000600
555.00 P 20260930 0.69 0.73 0 5661 0.3872 -0.0210 0.000600
560.00 C 20260930 153.70 157.37 0 89 0.3823 0.9772 0.000600
560.00 P 20260930 0.74 0.78 11 832 0.3796 -0.0227 0.000600
565.00 C 20260930 148.77 152.47 0 45 0.3754 0.9753 0.000600
565.00 P 20260930 0.79 0.83 1024 2703 0.3717 -0.0246 0.000600
570.00 C 20260930 143.86 147.55 1 102 0.3681 0.9732 0.000700
570.00 P 20260930 0.86 0.90 2 1330 0.3646 -0.0267 0.000700
575.00 C 20260930 138.94 142.61 0 253 0.3594 0.9708 0.000800
575.00 P 20260930 0.93 0.97 301 6693 0.3572 -0.0290 0.000800
580.00 C 20260930 134.03 137.70 0 185 0.3518 0.9683 0.000800
580.00 P 20260930 1.00 1.03 3 1392 0.3497 -0.0315 0.000800
585.00 C 20260930 129.14 132.83 0 116 0.3454 0.9654 0.000900
585.00 P 20260930 1.09 1.14 1 594 0.3431 -0.0344 0.000900
590.00 C 20260930 124.23 127.92 21 118 0.3370 0.9622 0.001000
590.00 P 20260930 1.18 1.23 7 1325 0.3357 -0.0376 0.001000
595.00 C 20260930 119.37 123.04 0 283 0.3301 0.9587 0.001100
595.00 P 20260930 1.30 1.34 2 462 0.3292 -0.0412 0.001100
600.00 C 20260930 114.48 118.17 28 376 0.3223 0.9548 0.001200
600.00 P 20260930 1.42 1.45 7953 3337 0.3223 -0.0450 0.001200
605.00 C 20260930 109.65 113.34 0 788 0.3162 0.9504 0.001400
605.00 P 20260930 1.55 1.59 3 1370 0.3157 -0.0494 0.001400
610.00 C 20260930 104.81 108.67 4 893 0.3123 0.9454 0.001500
610.00 P 20260930 1.70 1.74 7 4637 0.3092 -0.0543 0.001500
615.00 C 20260930 99.99 102.54 1 227 0.2796 0.9399 0.001700
615.00 P 20260930 1.86 1.91 2 694 0.3024 -0.0599 0.001700
620.00 C 20260930 95.19 97.75 1 513 0.2748 0.9337 0.001800
620.00 P 20260930 2.05 2.10 13 2181 0.2959 -0.0662 0.001800
625.00 C 20260930 90.42 92.97 2 261 0.2699 0.9267 0.002000
625.00 P 20260930 2.26 2.31 39 1974 0.2894 -0.0732 0.002000
630.00 C 20260930 85.67 89.35 1 592 0.2819 0.9189 0.002200
630.00 P 20260930 2.49 2.55 15 949 0.2829 -0.0812 0.002200
635.00 C 20260930 80.96 83.50 0 377 0.2598 0.9100 0.002500
635.00 P 20260930 2.76 2.82 37 1084 0.2768 -0.0900 0.002500
640.00 C 20260930 76.29 78.82 1 799 0.2550 0.9000 0.002700
640.00 P 20260930 3.07 3.13 56 7700 0.2706 -0.1002 0.002800
645.00 C 20260930 71.66 74.18 0 102 0.2501 0.8888 0.003000
645.00 P 20260930 3.42 3.48 236 1063 0.2646 -0.1115 0.003000
650.00 C 20260930 67.21 69.58 10 857 0.2467 0.8762 0.003300
650.00 P 20260930 3.80 3.89 462 6051 0.2588 -0.1240 0.003400
651.00 C 20260930 66.34 68.67 0 4 0.2462 0.8735 0.003400
651.00 P 20260930 3.88 3.98 4 219 0.2575 -0.1268 0.003400
652.00 C 20260930 65.39 67.75 0 2 0.2446 0.8708 0.003500
652.00 P 20260930 3.97 4.08 0 131 0.2566 -0.1295 0.003500
653.00 C 20260930 64.50 68.19 0 13 0.2573 0.8680 0.003500
653.00 P 20260930 4.06 4.16 10 52 0.2552 -0.1325 0.003600
654.00 C 20260930 63.64 65.95 0 10 0.2434 0.8650 0.003600
654.00 P 20260930 4.15 4.26 0 45 0.2542 -0.1353 0.003600
655.00 C 20260930 64.14 65.04 0 230 0.2561 0.8621 0.003700
655.00 P 20260930 4.25 4.36 34 562 0.2530 -0.1384 0.003700
656.00 C 20260930 61.69 65.49 0 12 0.2528 0.8591 0.003700
656.00 P 20260930 4.35 4.46 7 34 0.2520 -0.1413 0.003800
657.00 C 20260930 60.77 64.59 0 5 0.2514 0.8559 0.003800
657.00 P 20260930 4.45 4.56 5 106 0.2508 -0.1444 0.003800
658.00 C 20260930 61.47 63.70 0 4 0.2646 0.8528 0.003900
658.00 P 20260930 4.55 4.66 2 104 0.2496 -0.1476 0.003900
659.00 C 20260930 59.05 62.81 0 42 0.2497 0.8495 0.004000
659.00 P 20260930 4.65 4.77 0 115 0.2483 -0.1511 0.004000
660.00 C 20260930 59.69 61.92 16 1366 0.2619 0.8462 0.004000
660.00 P 20260930 4.77 4.88 124 1636 0.2474 -0.1544 0.004100
661.00 C 20260930 57.24 61.04 0 1 0.2472 0.8428 0.004100
661.00 P 20260930 4.88 4.99 16 60 0.2462 -0.1578 0.004200
662.00 C 20260930 56.39 60.16 0 2 0.2463 0.8393 0.004200
662.00 P 20260930 4.99 5.11 5 81 0.2452 -0.1612 0.004200
663.00 C 20260930 55.54 57.91 6 3 0.2332 0.8358 0.004300
663.00 P 20260930 5.11 5.23 0 75 0.2440 -0.1649 0.004300
664.00 C 20260930 54.69 58.40 0 56 0.2444 0.8322 0.004400
664.00 P 20260930 5.22 5.35 0 86 0.2428 -0.1686 0.004400
665.00 C 20260930 54.04 57.53 0 723 0.2451 0.8284 0.004400
665.00 P 20260930 5.36 5.47 250 1023 0.2419 -0.1722 0.004500
666.00 C 20260930 52.94 56.66 0 4 0.2421 0.8246 0.004500
666.00 P 20260930 5.49 5.60 14 99 0.2408 -0.1762 0.004600
667.00 C 20260930 52.02 55.80 0 16 0.2406 0.8208 0.004600
667.00 P 20260930 5.62 5.74 4 69 0.2398 -0.1800 0.004600
668.00 C 20260930 51.16 54.94 0 23 0.2396 0.8168 0.004700
668.00 P 20260930 5.76 5.87 3 37 0.2386 -0.1841 0.004700
669.00 C 20260930 50.38 54.08 0 12 0.2392 0.8128 0.004800
669.00 P 20260930 5.89 6.01 5 311 0.2375 -0.1882 0.004800
670.00 C 20260930 49.55 53.22 0 325 0.2381 0.8086 0.004900
670.00 P 20260930 6.04 6.15 345 1614 0.2365 -0.1924 0.004900
671.00 C 20260930 50.17 52.38 0 11 0.2484 0.8044 0.005000
671.00 P 20260930 6.18 6.30 3 78 0.2354 -0.1966 0.005000
672.00 C 20260930 47.74 51.53 0 83 0.2352 0.8000 0.005000
672.00 P 20260930 6.32 6.45 41 103 0.2343 -0.2010 0.005100
673.00 C 20260930 46.89 50.69 0 52 0.2341 0.7956 0.005100
673.00 P 20260930 6.47 6.60 126 86 0.2331 -0.2055 0.005200
674.00 C 20260930 46.15 49.85 0 28 0.2336 0.7911 0.005200
674.00 P 20260930 6.62 6.76 0 147 0.2322 -0.2100 0.005300
675.00 C 20260930 46.80 47.60 15 417 0.2332 0.7865 0.005300
675.00 P 20260930 6.80 6.93 572 3006 0.2312 -0.2147 0.005400
676.00 C 20260930 45.97 46.77 0 22 0.2321 0.7818 0.005400
676.00 P 20260930 6.95 7.09 141 6665 0.2300 -0.2193 0.005500
677.00 C 20260930 45.16 45.94 0 51 0.2313 0.7770 0.005500
677.00 P 20260930 7.13 7.26 1 1004 0.2291 -0.2243 0.005600
678.00 C 20260930 44.34 44.98 0 89 0.2292 0.7721 0.005600
678.00 P 20260930 7.31 7.44 40 390 0.2281 -0.2291 0.005600
679.00 C 20260930 43.51 44.20 0 57 0.2282 0.7671 0.005700
679.00 P 20260930 7.49 7.62 118 87 0.2271 -0.2341 0.005700
680.00 C 20260930 42.70 43.48 0 781 0.2278 0.7620 0.005800
680.00 P 20260930 7.68 7.80 253 10165 0.2260 -0.2395 0.005800
681.00 C 20260930 41.91 42.67 0 144 0.2270 0.7568 0.005900
681.00 P 20260930 7.84 8.01 0 100 0.2250 -0.2446 0.005900
682.00 C 20260930 41.09 41.86 1 102 0.2259 0.7515 0.006000
682.00 P 20260930 8.05 8.19 7 179 0.2240 -0.2501 0.006000
683.00 C 20260930 40.31 40.94 0 45 0.2241 0.7461 0.006100
683.00 P 20260930 8.25 8.38 6 222 0.2229 -0.2556 0.006100
684.00 C 20260930 39.50 40.26 0 105 0.2238 0.7406 0.006200
684.00 P 20260930 8.45 8.59 2 85 0.2219 -0.2612 0.006200
685.00 C 20260930 38.72 39.47 0 463 0.2227 0.7350 0.006300
685.00 P 20260930 8.64 8.80 102 1206 0.2209 -0.2668 0.006300
686.00 C 20260930 37.94 38.69 0 135 0.2218 0.7292 0.006400
686.00 P 20260930 8.87 9.01 0 85 0.2198 -0.2726 0.006400
687.00 C 20260930 37.17 37.90 0 38 0.2207 0.7234 0.006500
687.00 P 20260930 9.08 9.23 4 193 0.2188 -0.2786 0.006500
688.00 C 20260930 36.40 37.13 0 35 0.2196 0.7174 0.006600
688.00 P 20260930 9.32 9.46 85 128 0.2180 -0.2844 0.006600
689.00 C 20260930 35.62 36.36 0 145 0.2184 0.7114 0.006700
689.00 P 20260930 9.54 9.69 1 88 0.2168 -0.2907 0.006700
690.00 C 20260930 34.85 35.53 15 2909 0.2169 0.7052 0.006800
690.00 P 20260930 9.86 9.93 124 2235 0.2162 -0.2970 0.006800
691.00 C 20260930 34.11 34.83 0 78 0.2165 0.6990 0.006800
691.00 P 20260930 10.03 10.17 12 114 0.2148 -0.3033 0.006900
692.00 C 20260930 33.37 34.08 0 39 0.2155 0.6925 0.007000
692.00 P 20260930 10.28 10.42 15 128 0.2140 -0.3096 0.007000
693.00 C 20260930 32.60 33.33 4 47 0.2142 0.6861 0.007000
693.00 P 20260930 10.52 10.68 6 77 0.2128 -0.3164 0.007100
694.00 C 20260930 31.89 32.77 0 44 0.2144 0.6798 0.007100
694.00 P 20260930 10.79 10.94 1 75 0.2120 -0.3229 0.007200
695.00 C 20260930 31.16 31.85 6 239 0.2123 0.6731 0.007200
695.00 P 20260930 11.05 11.21 62 543 0.2111 -0.3297 0.007300
696.00 C 20260930 30.44 31.13 0 19 0.2114 0.6662 0.007300
696.00 P 20260930 11.31 11.48 14 256 0.2097 -0.3369 0.007400
697.00 C 20260930 29.78 30.06 0 174 0.2087 0.6593 0.007400
697.00 P 20260930 11.59 11.76 0 99 0.2088 -0.3439 0.007500
698.00 C 20260930 29.07 29.34 0 61 0.2078 0.6519 0.007500
698.00 P 20260930 11.88 12.05 0 422 0.2079 -0.3510 0.007600
699.00 C 20260930 28.37 28.63 0 42 0.2068 0.6451 0.007600
699.00 P 20260930 12.17 12.35 26 313 0.2070 -0.3583 0.007700
700.00 C 20260930 27.68 27.94 39 2596 0.2057 0.6376 0.007700
700.00 P 20260930 12.51 12.65 494 7302 0.2062 -0.3657 0.007800
701.00 C 20260930 26.99 27.25 0 51 0.2049 0.6305 0.007800
701.00 P 20260930 12.78 12.96 7 98 0.2051 -0.3732 0.007900
702.00 C 20260930 26.31 26.57 0 151 0.2039 0.6230 0.007900
702.00 P 20260930 13.10 13.28 4 78 0.2042 -0.3808 0.008000
703.00 C 20260930 25.63 25.89 0 193 0.2029 0.6151 0.007900
703.00 P 20260930 13.42 13.61 13 89 0.2031 -0.3885 0.008000
704.00 C 20260930 24.97 25.22 0 61 0.2020 0.6077 0.008000
704.00 P 20260930 13.75 13.94 14 126 0.2024 -0.3963 0.008100
705.00 C 20260930 24.32 24.56 12 1228 0.2013 0.5995 0.008100
705.00 P 20260930 14.11 14.28 80 632 0.2014 -0.4042 0.008200
706.00 C 20260930 23.66 23.91 0 111 0.2002 0.5920 0.008200
706.00 P 20260930 14.44 14.63 5 150 0.2005 -0.4123 0.008300
707.00 C 20260930 23.03 23.27 8 204 0.1993 0.5838 0.008300
707.00 P 20260930 14.80 14.99 122 235 0.1995 -0.4204 0.008400
708.00 C 20260930 22.39 22.64 5 63 0.1984 0.5757 0.008300
708.00 P 20260930 15.16 15.36 30 94 0.1988 -0.4287 0.008400
709.00 C 20260930 21.76 22.01 0 76 0.1976 0.5675 0.008400
709.00 P 20260930 15.56 15.73 52 95 0.1979 -0.4370 0.008500
710.00 C 20260930 21.16 21.39 105 1899 0.1967 0.5592 0.008500
710.00 P 20260930 15.95 16.12 207 4379 0.1972 -0.4455 0.008600
711.00 C 20260930 20.56 20.79 48 181 0.1958 0.5508 0.008500
711.00 P 20260930 16.36 16.51 234 1550 0.1963 -0.4540 0.008700
712.00 C 20260930 19.97 20.19 45 103 0.1949 0.5424 0.008600
712.00 P 20260930 16.74 16.92 279 124 0.1953 -0.4626 0.008700
713.00 C 20260930 19.37 19.60 54 327 0.1941 0.5338 0.008600
713.00 P 20260930 17.17 17.34 281 101 0.1946 -0.4713 0.008800
714.00 C 20260930 18.80 19.02 707 68 0.1934 0.5252 0.008700
714.00 P 20260930 17.59 17.75 130 275 0.1938 -0.4801 0.008800
715.00 C 20260930 18.23 18.45 61 450 0.1928 0.5164 0.008700
715.00 P 20260930 18.02 18.19 1180 776 0.1929 -0.4890 0.008900
716.00 C 20260930 17.67 17.88 13 138 0.1915 0.5078 0.008800
716.00 P 20260930 18.43 18.63 1 95 0.1920 -0.4979 0.009000
717.00 C 20260930 17.13 17.34 8 98 0.1912 0.4989 0.008800
717.00 P 20260930 18.87 19.09 0 138 0.1913 -0.5070 0.009000
718.00 C 20260930 16.58 16.80 16 166 0.1904 0.4900 0.008800
718.00 P 20260930 19.35 19.55 7 117 0.1906 -0.5161 0.009000
719.00 C 20260930 16.05 16.25 20 240 0.1894 0.4812 0.008900
719.00 P 20260930 19.82 20.02 74 122 0.1896 -0.5254 0.009100
720.00 C 20260930 15.53 15.76 108 1786 0.1889 0.4720 0.008900
720.00 P 20260930 20.31 20.51 63 2642 0.1889 -0.5346 0.009100
721.00 C 20260930 15.03 15.24 15 164 0.1882 0.4630 0.008900
721.00 P 20260930 20.78 21.00 0 104 0.1881 -0.5437 0.009100
722.00 C 20260930 14.53 14.74 14 210 0.1874 0.4540 0.008900
722.00 P 20260930 21.29 21.51 3 139 0.1875 -0.5530 0.009200
723.00 C 20260930 14.04 14.25 4 126 0.1864 0.4450 0.009000
723.00 P 20260930 21.81 22.04 0 129 0.1866 -0.5624 0.009200
724.00 C 20260930 13.57 13.77 10 200 0.1857 0.4359 0.009000
724.00 P 20260930 22.33 22.55 0 139 0.1860 -0.5717 0.009200
725.00 C 20260930 13.10 13.30 139 2096 0.1851 0.4268 0.009000
725.00 P 20260930 22.86 23.09 11 670 0.1854 -0.5812 0.009200
726.00 C 20260930 12.64 12.85 1 152 0.1847 0.4175 0.008900
726.00 P 20260930 23.41 23.65 0 87 0.1846 -0.5906 0.009200
727.00 C 20260930 12.20 12.40 11 93 0.1838 0.4085 0.008900
727.00 P 20260930 23.96 24.21 1 113 0.1840 -0.6000 0.009200
728.00 C 20260930 11.76 11.94 3 131 0.1831 0.3994 0.008900
728.00 P 20260930 24.53 24.78 0 80 0.1834 -0.6095 0.009200
729.00 C 20260930 11.34 11.53 1 412 0.1825 0.3903 0.008900
729.00 P 20260930 25.11 25.36 1 230 0.1827 -0.6189 0.009200
730.00 C 20260930 10.92 11.12 485 4380 0.1822 0.3810 0.008800
730.00 P 20260930 25.70 25.95 753 2931 0.1821 -0.6283 0.009100
731.00 C 20260930 10.52 10.71 1 257 0.1813 0.3722 0.008800
731.00 P 20260930 26.30 26.55 0 67 0.1815 -0.6378 0.009100
732.00 C 20260930 10.13 10.32 32 734 0.1807 0.3631 0.008800
732.00 P 20260930 26.90 27.16 1 101 0.1809 -0.6472 0.009100
733.00 C 20260930 9.74 9.94 58 347 0.1805 0.3540 0.008700
733.00 P 20260930 27.52 27.79 3 145 0.1802 -0.6565 0.009100
734.00 C 20260930 9.37 9.54 4 239 0.1797 0.3452 0.008700
734.00 P 20260930 28.16 28.42 0 129 0.1796 -0.6658 0.009000
735.00 C 20260930 9.01 9.19 156 1097 0.1791 0.3364 0.008600
735.00 P 20260930 28.80 29.06 3 594 0.1792 -0.6751 0.009000
736.00 C 20260930 8.66 8.84 1 107 0.1786 0.3276 0.008500
736.00 P 20260930 29.45 29.72 0 129 0.1787 -0.6843 0.008900
737.00 C 20260930 8.32 8.49 5 120 0.1781 0.3189 0.008500
737.00 P 20260930 30.12 30.38 1 206 0.1781 -0.6935 0.008900
738.00 C 20260930 7.98 8.16 11 200 0.1776 0.3102 0.008400
738.00 P 20260930 30.79 31.06 0 9 0.1775 -0.7028 0.008800
739.00 C 20260930 7.66 7.83 2 73 0.1774 0.3016 0.008300
739.00 P 20260930 31.47 31.74 0 14 0.1771 -0.7117 0.008700
740.00 C 20260930 7.35 7.49 153 1397 0.1766 0.2932 0.008200
740.00 P 20260930 30.51 34.14 1 471 0.1769 -0.7208 0.008700
741.00 C 20260930 7.05 7.22 0 124 0.1766 0.2848 0.008100
741.00 P 20260930 31.21 33.67 0 4 0.1687 -0.7296 0.008600
742.00 C 20260930 6.75 6.90 5 57 0.1758 0.2766 0.008000
742.00 P 20260930 31.93 34.30 0 25 0.1675 -0.7385 0.008500
743.00 C 20260930 6.47 6.62 1 152 0.1755 0.2685 0.007900
743.00 P 20260930 32.66 35.04 0 40 0.1667 -0.7473 0.008400
744.00 C 20260930 6.20 6.36 10 329 0.1752 0.2603 0.007800
744.00 P 20260930 33.39 35.78 0 12 0.1663 -0.7559 0.008400
745.00 C 20260930 5.94 6.07 42 724 0.1746 0.2525 0.007700
745.00 P 20260930 34.13 36.53 5 149 0.1655 -0.7645 0.008300
746.00 C 20260930 5.68 5.84 8 60 0.1745 0.2446 0.007600
746.00 P 20260930 34.89 37.30 0 6 0.1652 -0.7729 0.008200
747.00 C 20260930 5.43 5.60 0 191 0.1740 0.2370 0.007500
747.00 P 20260930 35.65 38.07 0 270 0.1646 -0.7812 0.008100
748.00 C 20260930 5.20 5.35 23 108 0.1738 0.2294 0.007400
748.00 P 20260930 36.43 38.85 0 11 0.1640 -0.7894 0.008000
749.00 C 20260930 4.97 5.12 6 80 0.1735 0.2220 0.007200
749.00 P 20260930 37.21 39.64 0 1 0.1634 -0.7976 0.007900
750.00 C 20260930 4.76 4.87 845 5281 0.1731 0.2148 0.007100
750.00 P 20260930 37.99 40.35 2 182 0.1618 -0.8057 0.007800
751.00 C 20260930 4.54 4.66 77 192 0.1727 0.2076 0.007000
751.00 P 20260930 38.79 41.15 0 6 0.1611 -0.8136 0.007700
752.00 C 20260930 4.33 4.48 11 145 0.1726 0.2007 0.006900
752.00 P 20260930 39.60 42.06 0 0 0.1613 -0.8214 0.007600
753.00 C 20260930 4.14 4.28 24 139 0.1724 0.1938 0.006700
753.00 P 20260930 40.42 42.89 0 3 0.1606 -0.8291 0.007500
754.00 C 20260930 3.95 4.09 5 149 0.1721 0.1872 0.006600
754.00 P 20260930 41.08 43.72 0 0 0.1582 -0.8366 0.007400
755.00 C 20260930 3.78 3.88 114 505 0.1718 0.1806 0.006500
755.00 P 20260930 41.91 44.56 0 697 0.1573 -0.8440 0.007300
756.00 C 20260930 3.59 3.71 14 149 0.1715 0.1742 0.006300
756.00 P 20260930 42.93 45.41 1 9 0.1584 -0.8514 0.007200
757.00 C 20260930 3.43 3.55 5 142 0.1713 0.1680 0.006200
757.00 P 20260930 43.78 46.10 0 0 0.1555 -0.8586 0.007100
758.00 C 20260930 3.27 3.39 7 118 0.1712 0.1619 0.006000
758.00 P 20260930 44.64 47.13 0 0 0.1566 -0.8656 0.007000
759.00 C 20260930 3.11 3.23 10 187 0.1709 0.1560 0.005900
759.00 P 20260930 45.51 48.00 0 0 0.1556 -0.8724 0.006800
760.00 C 20260930 2.97 3.07 45 1013 0.1707 0.1502 0.005800
760.00 P 20260930 46.21 48.88 0 9 0.1518 -0.8792 0.006700
761.00 C 20260930 2.83 2.93 3 96 0.1706 0.1446 0.005600
761.00 P 20260930 47.26 49.77 0 1 0.1532 -0.8858 0.006600
762.00 C 20260930 2.69 2.79 4 58 0.1704 0.1391 0.005500
762.00 P 20260930 48.15 50.66 0 1 0.1517 -0.8923 0.006500
763.00 C 20260930 2.56 2.66 0 75 0.1702 0.1338 0.005400
763.00 P 20260930 49.05 51.56 0 0 0.1500 -0.8986 0.006300
764.00 C 20260930 2.44 2.53 18 101 0.1701 0.1287 0.005200
764.00 P 20260930 49.96 52.46 0 0 0.1481 -0.9047 0.006200
765.00 C 20260930 2.32 2.40 46 3690 0.1698 0.1237 0.005100
765.00 P 20260930 50.87 54.54 0 4 0.1681 -0.9106 0.006000
766.00 C 20260930 2.21 2.30 2 130 0.1699 0.1188 0.004900
766.00 P 20260930 51.60 55.46 0 0 0.1648 -0.9162 0.005900
767.00 C 20260930 2.10 2.19 53 108 0.1698 0.1142 0.004800
767.00 P 20260930 52.71 56.38 0 0 0.1675 -0.9219 0.005700
768.00 C 20260930 1.99 2.08 25 85 0.1696 0.1096 0.004700
768.00 P 20260930 53.63 57.31 0 0 0.1672 -0.9273 0.005500
769.00 C 20260930 1.90 1.98 64 64 0.1696 0.1053 0.004500
769.00 P 20260930 54.57 57.07 0 1 -1.0000 -0.9326 0.005400
770.00 C 20260930 1.82 1.87 88 1257 0.1695 0.1011 0.004400
770.00 P 20260930 55.32 59.18 0 20 0.1626 -0.9376 0.005200
771.00 C 20260930 1.72 1.79 1 66 0.1695 0.0970 0.004300
771.00 P 20260930 56.26 60.12 0 0 0.1615 -0.9423 0.005000
772.00 C 20260930 1.64 1.70 2 47 0.1695 0.0930 0.004200
772.00 P 20260930 57.40 61.07 0 0 0.1660 -0.9468 0.004800
773.00 C 20260930 1.56 1.62 10 43 0.1695 0.0892 0.004000
773.00 P 20260930 58.35 62.02 0 5 0.1653 -0.9510 0.004600
774.00 C 20260930 1.48 1.54 3 38 0.1695 0.0856 0.003900
774.00 P 20260930 59.31 62.98 0 1 0.1650 -0.9550 0.004400
775.00 C 20260930 1.41 1.46 68 1008 0.1694 0.0821 0.003800
775.00 P 20260930 60.27 63.94 0 0 0.1644 -0.9589 0.004100
776.00 C 20260930 1.34 1.40 10 102 0.1696 0.0786 0.003600
776.00 P 20260930 61.24 64.91 0 0 0.1640 -0.9626 0.003900
777.00 C 20260930 1.27 1.33 5 123 0.1696 0.0754 0.003500
777.00 P 20260930 62.21 65.88 0 0 0.1635 -0.9661 0.003700
778.00 C 20260930 1.21 1.26 8 174 0.1696 0.0723 0.003400
778.00 P 20260930 63.19 66.85 0 0 0.1632 -0.9693 0.003400
779.00 C 20260930 1.15 1.20 0 99 0.1697 0.0693 0.003300
779.00 P 20260930 64.16 67.83 0 0 0.1620 -0.9722 0.003200
780.00 C 20260930 1.09 1.14 53 1591 0.1696 0.0664 0.003200
780.00 P 20260930 65.14 68.81 0 0 0.1610 -0.9749 0.003000
781.00 C 20260930 1.04 1.09 1 22 0.1699 0.0637 0.003100
781.00 P 20260930 66.13 69.79 0 0 0.1601 -0.9775 0.002800
782.00 C 20260930 0.98 1.04 1 133 0.1699 0.0610 0.003000
782.00 P 20260930 67.11 70.78 0 0 0.1588 -0.9798 0.002600
783.00 C 20260930 0.94 0.99 0 120 0.1702 0.0585 0.002900
783.00 P 20260930 68.10 71.77 0 0 0.1581 -0.9819 0.002400
784.00 C 20260930 0.89 0.94 0 43 0.1702 0.0561 0.002800
784.00 P 20260930 69.07 72.76 0 0 -1.0000 -0.9839 0.002200
785.00 C 20260930 0.85 0.89 129 1080 0.1703 0.0538 0.002700
785.00 P 20260930 70.07 73.76 0 0 -1.0000 -0.9857 0.002000
786.00 C 20260930 0.81 0.86 3 118 0.1707 0.0515 0.002600
786.00 P 20260930 71.07 74.76 0 0 -1.0000 -0.9874 0.001800
787.00 C 20260930 0.77 0.82 7 103 0.1709 0.0494 0.002500
787.00 P 20260930 72.07 75.76 0 0 -1.0000 -0.9888 0.001700
788.00 C 20260930 0.74 0.78 1 63 0.1712 0.0474 0.002400
788.00 P 20260930 73.07 76.76 0 0 -1.0000 -0.9901 0.001500
789.00 C 20260930 0.70 0.74 3 29 0.1712 0.0455 0.002400
789.00 P 20260930 74.07 77.76 0 0 -1.0000 -0.9914 0.001400
790.00 C 20260930 0.67 0.71 131 1544 0.1716 0.0436 0.002300
790.00 P 20260930 75.07 78.76 0 0 -1.0000 -0.9925 0.001200
791.00 C 20260930 0.64 0.68 1 64 0.1719 0.0418 0.002200
791.00 P 20260930 76.07 79.76 0 0 -1.0000 -0.9935 0.001100
792.00 C 20260930 0.61 0.65 5 128 0.1722 0.0402 0.002100
792.00 P 20260930 77.07 80.76 0 0 -1.0000 -0.9942 0.001000
793.00 C 20260930 0.58 0.62 1 20 0.1724 0.0386 0.002000
793.00 P 20260930 78.08 81.76 0 0 0.1653 -0.9949 0.000900
794.00 C 20260930 0.55 0.59 1 48 0.1725 0.0371 0.002000
794.00 P 20260930 79.08 82.76 0 0 0.1669 -0.9956 0.000800
795.00 C 20260930 0.53 0.57 3 617 0.1731 0.0356 0.001900
795.00 P 20260930 80.08 83.76 0 0 0.1685 -0.9962 0.000700
796.00 C 20260930 0.50 0.54 20 79 0.1731 0.0342 0.001800
796.00 P 20260930 81.08 84.76 0 0 0.1701 -0.9966 0.000600
797.00 C 20260930 0.48 0.52 2 30 0.1736 0.0328 0.001800
797.00 P 20260930 82.07 85.76 0 0 -1.0000 -0.9971 0.000600
798.00 C 20260930 0.46 0.50 0 110 0.1740 0.0316 0.001700
798.00 P 20260930 83.08 86.76 0 0 0.1733 -0.9975 0.000500
799.00 C 20260930 0.44 0.48 1 72 0.1744 0.0304 0.001700
799.00 P 20260930 84.08 87.76 0 0 0.1749 -0.9979 0.000400
800.00 C 20260930 0.42 0.46 191 6532 0.1748 0.0292 0.001600
800.00 P 20260930 85.08 88.76 0 3 0.1765 -0.9982 0.000400
801.00 C 20260930 0.40 0.44 1 51 0.1752 0.0280 0.001500
801.00 P 20260930 86.08 89.76 0 0 0.1781 -0.9986 0.000300
802.00 C 20260930 0.38 0.41 2 89 0.1751 0.0270 0.001500
802.00 P 20260930 87.08 90.76 0 0 0.1796 -0.9987 0.000300
803.00 C 20260930 0.37 0.41 0 94 0.1762 0.0260 0.001400
803.00 P 20260930 88.07 91.76 0 0 -1.0000 -0.9989 0.000200
804.00 C 20260930 0.35 0.39 1 80 0.1764 0.0250 0.001400
804.00 P 20260930 89.08 92.76 0 0 0.1828 -0.9990 0.000200
805.00 C 20260930 0.34 0.38 3 499 0.1772 0.0241 0.001400
805.00 P 20260930 90.08 93.76 0 0 0.1844 -0.9992 0.000200
806.00 C 20260930 0.32 0.37 1 30 0.1776 0.0232 0.001300
806.00 P 20260930 91.07 94.76 0 0 -1.0000 -0.9993 0.000200
807.00 C 20260930 0.31 0.35 1 62 0.1780 0.0224 0.001300
807.00 P 20260930 92.08 95.76 0 0 0.1875 -0.9994 0.000100
808.00 C 20260930 0.30 0.34 1 31 0.1787 0.0216 0.001200
808.00 P 20260930 93.07 96.76 0 0 -1.0000 -0.9995 0.000100
809.00 C 20260930 0.28 0.33 1 26 0.1789 0.0208 0.001200
809.00 P 20260930 94.07 97.76 0 0 -1.0000 -0.9996 0.000100
810.00 C 20260930 0.27 0.32 2 425 0.1796 0.0201 0.001100
810.00 P 20260930 95.07 98.76 0 0 -1.0000 -0.9996 0.000100
811.00 C 20260930 0.26 0.31 1 19 0.1802 0.0194 0.001100
811.00 P 20260930 96.07 99.76 0 0 -1.0000 -0.9997 0.000100
812.00 C 20260930 0.25 0.30 1 18 0.1807 0.0187 0.001100
812.00 P 20260930 97.07 100.76 0 0 -1.0000 -0.9998 0.000100
813.00 C 20260930 0.24 0.29 1 39 0.1812 0.0181 0.001000
813.00 P 20260930 98.07 101.76 0 0 -1.0000 -0.9998 0.000000
814.00 C 20260930 0.24 0.28 0 47 0.1822 0.0175 0.001000
814.00 P 20260930 99.07 102.76 0 0 -1.0000 -0.9999 0.000000
815.00 C 20260930 0.23 0.27 0 726 0.1827 0.0169 0.001000
815.00 P 20260930 100.07 103.76 0 0 -1.0000 -0.9999 0.000000
816.00 C 20260930 0.22 0.26 0 1400 0.1831 0.0164 0.000900
816.00 P 20260930 101.07 104.76 0 0 -1.0000 -0.9999 0.000000
817.00 C 20260930 0.21 0.25 0 14 0.1835 0.0158 0.000900
817.00 P 20260930 102.07 105.76 0 0 -1.0000 -0.9999 0.000000
818.00 C 20260930 0.20 0.25 0 20 0.1844 0.0154 0.000900
818.00 P 20260930 103.07 106.76 0 0 -1.0000 -0.9999 0.000000
819.00 C 20260930 0.20 0.24 0 36 0.1852 0.0149 0.000900
819.00 P 20260930 104.07 107.76 0 0 -1.0000 -0.9999 0.000000
820.00 C 20260930 0.19 0.23 1 6224 0.1855 0.0144 0.000800
820.00 P 20260930 105.07 108.76 2 6 -1.0000 -0.9999 0.000000
821.00 C 20260930 0.18 0.23 0 5 0.1863 0.0140 0.000800
821.00 P 20260930 106.07 109.76 0 0 -1.0000 -1.0000 0.000000
822.00 C 20260930 0.18 0.22 0 40 0.1871 0.0135 0.000800
822.00 P 20260930 107.07 110.76 0 0 -1.0000 -1.0000 0.000000
823.00 C 20260930 0.17 0.22 0 115 0.1879 0.0131 0.000800
823.00 P 20260930 108.07 111.76 0 0 -1.0000 -1.0000 0.000000
824.00 C 20260930 0.16 0.21 0 52 0.1880 0.0127 0.000700
824.00 P 20260930 109.07 112.76 0 0 -1.0000 -1.0000 0.000000
825.00 C 20260930 0.16 0.20 0 1174 0.1888 0.0124 0.000700
825.00 P 20260930 110.07 113.76 0 0 -1.0000 -1.0000 0.000000
826.00 C 20260930 0.15 0.20 0 58 0.1896 0.0120 0.000700
826.00 P 20260930 111.07 114.76 0 0 -1.0000 -1.0000 0.000000
827.00 C 20260930 0.15 0.19 0 63 0.1902 0.0116 0.000700
827.00 P 20260930 112.07 115.76 0 0 -1.0000 -1.0000 0.000000
828.00 C 20260930 0.14 0.19 0 26 0.1909 0.0113 0.000600
828.00 P 20260930 113.07 116.76 0 0 -1.0000 -1.0000 0.000000
829.00 C 20260930 0.14 0.19 0 68 0.1921 0.0110 0.000600
829.00 P 20260930 114.07 117.76 0 0 -1.0000 -1.0000 0.000000
830.00 C 20260930 0.13 0.18 0 806 0.1921 0.0107 0.000600
830.00 P 20260930 115.07 118.76 0 0 -1.0000 -1.0000 0.000000
831.00 C 20260930 0.13 0.18 0 57 0.1934 0.0104 0.000600
831.00 P 20260930 116.07 119.76 0 0 -1.0000 -1.0000 0.000000
832.00 C 20260930 0.13 0.17 0 3 0.1940 0.0101 0.000600
832.00 P 20260930 117.07 120.76 0 0 -1.0000 -1.0000 0.000000
833.00 C 20260930 0.12 0.17 0 40 0.1945 0.0099 0.000600
833.00 P 20260930 118.07 121.76 0 0 -1.0000 -1.0000 0.000000
834.00 C 20260930 0.12 0.17 1 227 0.1958 0.0096 0.000600
834.00 P 20260930 119.07 122.76 0 0 -1.0000 -1.0000 0.000000
835.00 C 20260930 0.11 0.16 0 188 0.1954 0.0094 0.000500
835.00 P 20260930 120.07 123.76 0 0 -1.0000 -1.0000 0.000000
836.00 C 20260930 0.11 0.16 0 94 0.1968 0.0091 0.000500
836.00 P 20260930 121.07 124.76 0 0 -1.0000 -1.0000 0.000000
837.00 C 20260930 0.11 0.16 0 96 0.1981 0.0089 0.000500
837.00 P 20260930 122.07 125.76 0 0 -1.0000 -1.0000 0.000000
838.00 C 20260930 0.10 0.15 0 146 0.1972 0.0088 0.000500
838.00 P 20260930 123.07 126.76 0 0 -1.0000 -1.0000 0.000000
839.00 C 20260930 0.10 0.15 0 500 0.1985 0.0086 0.000500
839.00 P 20260930 124.07 127.76 0 0 -1.0000 -1.0000 0.000000
840.00 C 20260930 0.10 0.15 0 334 0.1998 0.0084 0.000500
840.00 P 20260930 125.07 128.76 1 0 -1.0000 -1.0000 0.000000
841.00 C 20260930 0.10 0.14 0 174 0.2003 0.0081 0.000500
841.00 P 20260930 126.07 129.76 0 0 -1.0000 -1.0000 0.000000
842.00 C 20260930 0.09 0.14 0 57 0.2004 0.0080 0.000500
842.00 P 20260930 127.07 130.76 0 0 -1.0000 -1.0000 0.000000
843.00 C 20260930 0.09 0.14 1 667 0.2017 0.0078 0.000400
843.00 P 20260930 128.07 131.76 0 0 -1.0000 -1.0000 0.000000
844.00 C 20260930 0.09 0.14 0 77 0.2030 0.0076 0.000400
844.00 P 20260930 129.07 132.76 0 0 -1.0000 -1.0000 0.000000
845.00 C 20260930 0.08 0.13 0 571 0.2022 0.0074 0.000400
845.00 P 20260930 130.07 133.76 0 0 -1.0000 -1.0000 0.000000
846.00 C 20260930 0.08 0.13 0 3 0.2034 0.0073 0.000400
846.00 P 20260930 131.07 134.76 0 0 -1.0000 -1.0000 0.000000
847.00 C 20260930 0.08 0.13 0 1 0.2047 0.0071 0.000400
847.00 P 20260930 132.07 135.76 0 0 -1.0000 -1.0000 0.000000
848.00 C 20260930 0.08 0.13 1 17 0.2059 0.0070 0.000400
848.00 P 20260930 133.07 136.76 0 0 -1.0000 -1.0000 0.000000
849.00 C 20260930 0.08 0.13 0 37 0.2072 0.0068 0.000400
849.00 P 20260930 134.07 137.76 0 0 -1.0000 -1.0000 0.000000
850.00 C 20260930 0.07 0.12 0 1290 0.2061 0.0067 0.000400
850.00 P 20260930 135.07 138.76 0 0 -1.0000 -1.0000 0.000000
851.00 C 20260930 0.07 0.12 0 10 0.2074 0.0065 0.000400
851.00 P 20260930 136.07 139.76 0 0 -1.0000 -1.0000 0.000000
852.00 C 20260930 0.07 0.12 0 4 0.2086 0.0064 0.000400
852.00 P 20260930 137.07 140.76 0 0 -1.0000 -1.0000 0.000000
853.00 C 20260930 0.07 0.12 0 4 0.2098 0.0063 0.000400
853.00 P 20260930 138.07 141.76 0 0 -1.0000 -1.0000 0.000000
854.00 C 20260930 0.07 0.12 0 2 0.2110 0.0062 0.000400
854.00 P 20260930 139.07 142.76 0 0 -1.0000 -1.0000 0.000000
855.00 C 20260930 0.06 0.11 0 179 0.2098 0.0060 0.000300
855.00 P 20260930 140.07 143.76 0 0 -1.0000 -1.0000 0.000000
856.00 C 20260930 0.06 0.11 0 29 0.2109 0.0059 0.000300
856.00 P 20260930 141.07 144.76 0 0 -1.0000 -1.0000 0.000000
857.00 C 20260930 0.06 0.11 0 65 0.2147 0.0058 0.000300
857.00 P 20260930 142.07 145.76 0 0 -1.0000 -1.0000 0.000000
858.00 C 20260930 0.06 0.11 0 35 0.2133 0.0057 0.000300
858.00 P 20260930 143.07 146.76 0 0 -1.0000 -1.0000 0.000000
859.00 C 20260930 0.06 0.11 0 11 0.2146 0.0056 0.000300
859.00 P 20260930 144.07 147.76 0 0 -1.0000 -1.0000 0.000000
860.00 C 20260930 0.06 0.11 0 399 0.2158 0.0055 0.000300
860.00 P 20260930 145.07 148.76 0 0 -1.0000 -1.0000 0.000000
861.00 C 20260930 0.06 0.11 0 8 0.2170 0.0054 0.000300
861.00 P 20260930 146.07 149.76 0 0 -1.0000 -1.0000 0.000000
862.00 C 20260930 0.05 0.10 0 18 0.2153 0.0053 0.000300
862.00 P 20260930 147.07 150.76 0 0 -1.0000 -1.0000 0.000000
863.00 C 20260930 0.05 0.10 0 39 0.2164 0.0052 0.000300
863.00 P 20260930 148.07 151.76 0 0 -1.0000 -1.0000 0.000000
864.00 C 20260930 0.05 0.10 0 11 0.2176 0.0051 0.000300
864.00 P 20260930 149.07 152.76 0 0 -1.0000 -1.0000 0.000000
865.00 C 20260930 0.05 0.10 0 40 0.2188 0.0050 0.000300
865.00 P 20260930 150.07 153.76 0 0 -1.0000 -1.0000 0.000000
870.00 C 20260930 0.04 0.09 0 203 0.2215 0.0046 0.000200
870.00 P 20260930 155.07 158.76 0 0 -1.0000 -1.0000 0.000000
875.00 C 20260930 0.04 0.09 0 127 0.2272 0.0042 0.000200
875.00 P 20260930 160.07 163.76 0 0 -1.0000 -1.0000 0.000000
880.00 C 20260930 0.03 0.08 0 218 0.2291 0.0039 0.000200
880.00 P 20260930 165.07 168.76 0 0 -1.0000 -1.0000 0.000000
885.00 C 20260930 0.03 0.08 3 514 0.2346 0.0036 0.000200
885.00 P 20260930 170.07 173.76 0 0 -1.0000 -1.0000 0.000000
890.00 C 20260930 0.03 0.08 1 216 0.2401 0.0034 0.000200
890.00 P 20260930 175.07 178.76 0 0 -1.0000 -1.0000 0.000000
895.00 C 20260930 0.02 0.07 0 129 0.2410 0.0032 0.000200
895.00 P 20260930 180.07 183.76 0 0 -1.0000 -1.0000 0.000000
900.00 C 20260930 0.02 0.07 3 675 0.2463 0.0030 0.000100
900.00 P 20260930 185.07 188.76 0 0 -1.0000 -1.0000 0.000000
905.00 C 20260930 0.02 0.07 0 26 0.2516 0.0028 0.000100
905.00 P 20260930 190.07 193.76 0 0 -1.0000 -1.0000 0.000000
910.00 C 20260930 0.01 0.07 0 71 0.2542 0.0026 0.000100
910.00 P 20260930 195.07 198.76 0 0 -1.0000 -1.0000 0.000000
915.00 C 20260930 0.01 0.06 0 43 0.2562 0.0024 0.000100
915.00 P 20260930 200.07 203.76 0 0 -1.0000 -1.0000 0.000000
920.00 C 20260930 0.01 0.06 0 227 0.2614 0.0023 0.000100
920.00 P 20260930 205.07 208.76 0 0 -1.0000 -1.0000 0.000000
925.00 C 20260930 0.01 0.06 0 69 0.2664 0.0022 0.000100
925.00 P 20260930 210.07 213.76 0 0 -1.0000 -1.0000 0.000000
930.00 C 20260930 0.01 0.06 0 78 0.2715 0.0020 0.000100
930.00 P 20260930 215.07 218.76 0 0 -1.0000 -1.0000 0.000000
935.00 C 20260930 0.01 0.06 0 25 0.2764 0.0019 0.000100
935.00 P 20260930 220.07 223.76 0 0 -1.0000 -1.0000 0.000000
940.00 C 20260930 0.00 0.05 0 128 0.2734 0.0018 0.000100
940.00 P 20260930 225.07 228.76 0 0 -1.0000 -1.0000 0.000000
945.00 C 20260930 0.00 0.05 0 136 0.2782 0.0018 0.000100
945.00 P 20260930 230.07 233.76 0 0 -1.0000 -1.0000 0.000000
950.00 C 20260930 0.00 0.05 0 8102 0.2830 0.0017 0.000100
950.00 P 20260930 235.07 238.76 0 0 -1.0000 -1.0000 0.000000
450.00 C 20261002 262.84 266.53 0 0 0.5696 0.9948 0.000100
450.00 P 20261002 0.12 0.24 0 15 0.5399 -0.0048 0.000100
455.00 C 20261002 257.88 261.56 0 0 0.5599 0.9944 0.000100
455.00 P 20261002 0.14 0.33 0 1 0.5443 -0.0052 0.000100
460.00 C 20261002 252.91 256.59 0 0 0.5489 0.9940 0.000100
460.00 P 20261002 0.15 0.34 0 0 0.5349 -0.0056 0.000100
465.00 C 20261002 247.95 251.63 0 0 0.5400 0.9936 0.000100
465.00 P 20261002 0.16 0.32 3 1 0.5217 -0.0060 0.000100
470.00 C 20261002 242.98 246.65 0 0 0.5279 0.9932 0.000100
470.00 P 20261002 0.17 0.36 1 6 0.5160 -0.0064 0.000100
475.00 C 20261002 238.02 241.68 0 0 0.5179 0.9927 0.000100
475.00 P 20261002 0.19 0.38 0 5 0.5087 -0.0069 0.000200
480.00 C 20261002 233.06 236.74 0 0 0.5106 0.9922 0.000200
480.00 P 20261002 0.20 0.40 0 0 0.5002 -0.0074 0.000200
485.00 C 20261002 228.10 231.79 0 0 0.5022 0.9917 0.000200
485.00 P 20261002 0.22 0.42 0 0 0.4923 -0.0079 0.000200
490.00 C 20261002 223.15 226.84 0 0 0.4945 0.9911 0.000200
490.00 P 20261002 0.24 0.44 0 20 0.4843 -0.0085 0.000200
495.00 C 20261002 218.19 221.86 0 0 0.4834 0.9905 0.000200
495.00 P 20261002 0.26 0.46 0 0 0.4762 -0.0091 0.000200
500.00 C 20261002 213.24 216.90 0 0 0.4747 0.9898 0.000200
500.00 P 20261002 0.28 0.50 0 35 0.4694 -0.0098 0.000200
505.00 C 20261002 208.29 211.98 0 0 0.4686 0.9891 0.000200
505.00 P 20261002 0.31 0.51 0 0 0.4609 -0.0105 0.000200
510.00 C 20261002 203.34 207.00 0 0 0.4582 0.9883 0.000300
510.00 P 20261002 0.33 0.53 0 0 0.4522 -0.0113 0.000300
515.00 C 20261002 198.39 202.06 0 0 0.4504 0.9874 0.000300
515.00 P 20261002 0.36 0.57 0 2 0.4454 -0.0122 0.000300
520.00 C 20261002 193.45 197.14 0 0 0.4440 0.9865 0.000300
520.00 P 20261002 0.39 0.59 0 0 0.4368 -0.0131 0.000300
525.00 C 20261002 188.50 192.19 0 0 0.4351 0.9855 0.000300
525.00 P 20261002 0.42 0.63 1 4 0.4294 -0.0141 0.000400
530.00 C 20261002 183.57 187.25 0 0 0.4276 0.9844 0.000400
530.00 P 20261002 0.45 0.67 1 3 0.4218 -0.0152 0.000400
535.00 C 20261002 178.62 182.32 0 0 0.4194 0.9832 0.000400
535.00 P 20261002 0.53 0.69 0 2 0.4154 -0.0164 0.000400
540.00 C 20261002 173.69 177.36 0 0 0.4106 0.9819 0.000400
540.00 P 20261002 0.56 0.74 2 0 0.4079 -0.0177 0.000400
545.00 C 20261002 168.76 172.43 0 0 0.4029 0.9805 0.000500
545.00 P 20261002 0.61 0.78 2 2 0.4004 -0.0191 0.000500
550.00 C 20261002 163.83 167.52 0 0 0.3958 0.9789 0.000500
550.00 P 20261002 0.65 0.82 0 5 0.3922 -0.0207 0.000500
555.00 C 20261002 158.91 162.59 0 0 0.3879 0.9772 0.000600
555.00 P 20261002 0.68 0.87 0 11 0.3838 -0.0224 0.000600
560.00 C 20261002 153.99 157.66 0 0 0.3799 0.9754 0.000600
560.00 P 20261002 0.80 0.92 0 14 0.3785 -0.0243 0.000600
565.00 C 20261002 149.08 152.75 0 11 0.3726 0.9733 0.000700
565.00 P 20261002 0.80 1.00 0 24 0.3696 -0.0263 0.000700
570.00 C 20261002 144.17 147.84 0 0 0.3649 0.9711 0.000700
570.00 P 20261002 0.89 1.07 1 6 0.3631 -0.0286 0.000700
575.00 C 20261002 139.27 142.94 0 0 0.3576 0.9686 0.000800
575.00 P 20261002 0.95 1.15 0 12 0.3556 -0.0311 0.000800
580.00 C 20261002 134.38 138.07 0 0 0.3510 0.9658 0.000900
580.00 P 20261002 1.01 1.24 8 138 0.3480 -0.0339 0.000900
585.00 C 20261002 129.50 133.17 0 0 0.3435 0.9628 0.001000
585.00 P 20261002 1.12 1.37 1 12 0.3425 -0.0369 0.001000
590.00 C 20261002 124.63 128.30 0 0 0.3366 0.9594 0.001100
590.00 P 20261002 1.22 1.44 2 64 0.3342 -0.0404 0.001100
595.00 C 20261002 119.77 123.44 0 2 0.3297 0.9557 0.001200
595.00 P 20261002 1.33 1.51 12 6 0.3267 -0.0441 0.001200
600.00 C 20261002 114.92 118.60 0 0 0.3229 0.9516 0.001300
600.00 P 20261002 1.45 1.69 43 77 0.3209 -0.0483 0.001300
605.00 C 20261002 110.97 113.77 0 0 0.3321 0.9469 0.001400
605.00 P 20261002 1.56 1.87 11 13 0.3144 -0.0530 0.001400
610.00 C 20261002 106.32 108.95 0 0 0.3272 0.9418 0.001500
610.00 P 20261002 1.75 1.99 10 19 0.3074 -0.0583 0.001600
615.00 C 20261002 101.21 104.16 0 0 0.3148 0.9360 0.001700
615.00 P 20261002 1.92 2.17 3 14 0.3011 -0.0640 0.001700
620.00 C 20261002 96.79 99.38 0 0 0.3125 0.9295 0.001900
620.00 P 20261002 2.11 2.55 20 76 0.2971 -0.0707 0.001900
625.00 C 20261002 92.06 94.63 1 1 0.3053 0.9223 0.002100
625.00 P 20261002 2.33 2.60 19 42 0.2883 -0.0778 0.002100
630.00 C 20261002 87.00 89.92 0 174 0.2940 0.9142 0.002300
630.00 P 20261002 2.61 2.92 15 118 0.2833 -0.0860 0.002300
635.00 C 20261002 82.68 85.23 1 0 0.2914 0.9052 0.002500
635.00 P 20261002 2.86 3.21 42 125 0.2765 -0.0953 0.002500
640.00 C 20261002 78.03 79.28 0 8 0.2700 0.8950 0.002800
640.00 P 20261002 3.19 3.50 15 207 0.2702 -0.1056 0.002800
645.00 C 20261002 73.45 75.98 0 6 0.2778 0.8837 0.003000
645.00 P 20261002 3.59 3.92 18 137 0.2652 -0.1171 0.003100
650.00 C 20261002 68.90 71.34 1 2 0.2706 0.8710 0.003300
650.00 P 20261002 4.00 4.34 43 278 0.2593 -0.1300 0.003400
655.00 C 20261002 64.42 67.09 0 22 0.2666 0.8567 0.003700
655.00 P 20261002 4.46 4.83 93 209 0.2538 -0.1442 0.003700
660.00 C 20261002 59.97 62.59 4 1 0.2596 0.8409 0.004000
660.00 P 20261002 5.00 5.45 93 279 0.2487 -0.1605 0.004100
665.00 C 20261002 55.61 58.23 7 3 0.2536 0.8232 0.004400
665.00 P 20261002 5.62 5.95 61 126 0.2424 -0.1783 0.004400
670.00 C 20261002 51.38 53.73 6 44 0.2465 0.8035 0.004800
670.00 P 20261002 6.42 6.70 90 159 0.2383 -0.1983 0.004900
675.00 C 20261002 47.22 48.32 2 1 0.2324 0.7817 0.005200
675.00 P 20261002 7.17 7.50 266 206 0.2328 -0.2203 0.005300
676.00 C 20261002 46.40 47.49 0 0 0.2314 0.7770 0.005300
676.00 P 20261002 7.29 7.70 1 17 0.2315 -0.2252 0.005400
677.00 C 20261002 45.58 46.67 0 1 0.2304 0.7723 0.005400
677.00 P 20261002 7.47 7.91 4 64 0.2308 -0.2300 0.005500
678.00 C 20261002 44.44 46.01 0 0 0.2282 0.7675 0.005500
678.00 P 20261002 7.61 8.09 2 10 0.2296 -0.2347 0.005600
679.00 C 20261002 43.96 45.04 0 0 0.2284 0.7626 0.005600
679.00 P 20261002 7.81 8.39 4 14 0.2295 -0.2397 0.005600
680.00 C 20261002 43.41 44.39 0 0 0.2302 0.7575 0.005700
680.00 P 20261002 8.02 8.41 97 178 0.2275 -0.2448 0.005700
681.00 C 20261002 42.35 43.42 0 0 0.2264 0.7524 0.005800
681.00 P 20261002 8.19 8.69 1 8 0.2268 -0.2502 0.005800
682.00 C 20261002 41.23 42.79 0 0 0.2244 0.7472 0.005800
682.00 P 20261002 8.41 9.02 12 13 0.2267 -0.2555 0.005900
683.00 C 20261002 40.77 41.83 0 0 0.2245 0.7419 0.005900
683.00 P 20261002 8.59 9.16 3 12 0.2251 -0.2609 0.006000
684.00 C 20261002 39.66 41.20 0 0 0.2224 0.7365 0.006000
684.00 P 20261002 8.80 9.30 6 104 0.2238 -0.2662 0.006100
685.00 C 20261002 39.20 40.25 4 0 0.2225 0.7310 0.006100
685.00 P 20261002 9.03 9.49 34 75 0.2228 -0.2718 0.006200
686.00 C 20261002 38.30 39.47 0 3 0.2208 0.7254 0.006200
686.00 P 20261002 9.23 9.74 1 5 0.2219 -0.2775 0.006300
687.00 C 20261002 37.66 38.70 1 0 0.2206 0.7197 0.006300
687.00 P 20261002 9.48 10.00 7 10 0.2211 -0.2835 0.006400
688.00 C 20261002 36.56 38.09 0 1 0.2186 0.7139 0.006400
688.00 P 20261002 9.71 10.29 3 12 0.2206 -0.2892 0.006500
689.00 C 20261002 35.81 37.33 0 0 0.2177 0.7080 0.006500
689.00 P 20261002 9.94 10.41 2 19 0.2188 -0.2954 0.006600
690.00 C 20261002 35.38 36.42 4 1 0.2178 0.7019 0.006600
690.00 P 20261002 10.19 10.59 164 217 0.2176 -0.3013 0.006700
691.00 C 20261002 34.64 35.66 0 1 0.2169 0.6958 0.006700
691.00 P 20261002 10.41 11.03 6 8 0.2176 -0.3076 0.006800
692.00 C 20261002 33.76 34.90 0 0 0.2150 0.6896 0.006700
692.00 P 20261002 10.68 11.19 29 8 0.2161 -0.3141 0.006800
693.00 C 20261002 33.40 34.33 0 0 0.2173 0.6832 0.006800
693.00 P 20261002 10.97 11.44 2 23 0.2154 -0.3204 0.006900
694.00 C 20261002 32.67 33.59 0 0 0.2163 0.6768 0.006900
694.00 P 20261002 11.31 11.71 3 15 0.2147 -0.3271 0.007000
695.00 C 20261002 31.37 32.81 2 1 0.2114 0.6704 0.007000
695.00 P 20261002 11.46 11.91 66 99 0.2128 -0.3336 0.007100
696.00 C 20261002 30.86 31.97 0 0 0.2113 0.6636 0.007100
696.00 P 20261002 11.75 12.32 0 12 0.2125 -0.3405 0.007200
697.00 C 20261002 30.15 31.26 0 0 0.2104 0.6569 0.007200
697.00 P 20261002 12.01 12.54 29 11 0.2112 -0.3472 0.007300
698.00 C 20261002 29.49 30.71 0 0 0.2107 0.6500 0.007300
698.00 P 20261002 12.37 12.84 25 34 0.2107 -0.3541 0.007400
699.00 C 20261002 28.85 29.81 0 0 0.2089 0.6434 0.007300
699.00 P 20261002 12.69 13.14 0 3 0.2099 -0.3612 0.007500
700.00 C 20261002 28.16 29.12 2 5 0.2080 0.6361 0.007400
700.00 P 20261002 13.10 13.39 27 424 0.2092 -0.3684 0.007500
701.00 C 20261002 27.44 28.46 3 0 0.2071 0.6292 0.007500
701.00 P 20261002 13.25 13.79 3 10 0.2078 -0.3759 0.007600
702.00 C 20261002 26.70 27.78 0 0 0.2059 0.6216 0.007600
702.00 P 20261002 13.62 14.09 6 20 0.2072 -0.3831 0.007700
703.00 C 20261002 26.13 27.07 3 0 0.2053 0.6143 0.007700
703.00 P 20261002 13.88 14.42 6 11 0.2059 -0.3906 0.007800
704.00 C 20261002 25.45 26.40 1 50 0.2043 0.6070 0.007700
704.00 P 20261002 14.20 14.88 4 3 0.2055 -0.3982 0.007900
705.00 C 20261002 24.52 25.94 0 6 0.2030 0.5994 0.007800
705.00 P 20261002 14.56 15.10 27 128 0.2041 -0.4058 0.007900
706.00 C 20261002 24.11 25.11 0 0 0.2025 0.5917 0.007900
706.00 P 20261002 14.86 15.52 3 5 0.2030 -0.4139 0.008000
707.00 C 20261002 23.42 24.47 0 0 0.2018 0.5844 0.008000
707.00 P 20261002 15.29 15.80 103 120 0.2022 -0.4217 0.008100
708.00 C 20261002 22.88 23.83 12 53 0.2009 0.5762 0.008000
708.00 P 20261002 15.72 16.33 20 14 0.2026 -0.4297 0.008200
709.00 C 20261002 22.34 23.20 3 20 0.2003 0.5684 0.008100
709.00 P 20261002 16.08 16.55 5 10 0.2007 -0.4378 0.008200
710.00 C 20261002 21.50 22.46 30 75 0.1977 0.5605 0.008100
710.00 P 20261002 16.56 16.95 209 349 0.2004 -0.4459 0.008300
711.00 C 20261002 21.16 21.96 53 56 0.1987 0.5524 0.008200
711.00 P 20261002 16.78 17.35 50 41 0.1987 -0.4542 0.008400
712.00 C 20261002 20.80 21.31 71 25 0.1990 0.5443 0.008200
712.00 P 20261002 17.22 17.75 138 20 0.1980 -0.4625 0.008400
713.00 C 20261002 20.15 20.73 11 140 0.1977 0.5364 0.008300
713.00 P 20261002 17.65 18.17 165 11 0.1973 -0.4708 0.008400
714.00 C 20261002 19.62 20.16 15 6 0.1974 0.5278 0.008300
714.00 P 20261002 18.04 18.58 97 46 0.1963 -0.4793 0.008500
715.00 C 20261002 19.05 19.60 74 29 0.1967 0.5195 0.008400
715.00 P 20261002 18.46 19.02 95 140 0.1955 -0.4878 0.008600
716.00 C 20261002 18.45 19.05 3 10 0.1957 0.5111 0.008400
716.00 P 20261002 18.85 19.56 13 22 0.1949 -0.4965 0.008600
717.00 C 20261002 17.94 18.50 2 20 0.1952 0.5026 0.008500
717.00 P 20261002 19.37 20.02 4 17 0.1946 -0.5052 0.008600
718.00 C 20261002 17.39 17.91 1 267 0.1942 0.4942 0.008500
718.00 P 20261002 19.76 20.47 0 8 0.1932 -0.5140 0.008700
719.00 C 20261002 16.86 17.40 42 293 0.1936 0.4856 0.008500
719.00 P 20261002 20.23 20.95 1 15 0.1926 -0.5226 0.008700
720.00 C 20261002 16.34 16.90 48 142 0.1930 0.4770 0.008500
720.00 P 20261002 20.82 21.34 0 50 0.1921 -0.5314 0.008700
721.00 C 20261002 15.77 16.39 1 3 0.1918 0.4684 0.008600
721.00 P 20261002 21.19 21.93 0 4 0.1911 -0.5404 0.008800
722.00 C 20261002 15.26 15.87 0 9 0.1910 0.4597 0.008600
722.00 P 20261002 21.70 22.43 0 6 0.1904 -0.5493 0.008800
723.00 C 20261002 14.76 15.39 1 4 0.1904 0.4510 0.008600
723.00 P 20261002 22.20 22.95 1 5 0.1898 -0.5583 0.008800
724.00 C 20261002 14.30 14.89 0 8 0.1899 0.4423 0.008600
724.00 P 20261002 22.53 23.54 0 27 0.1882 -0.5672 0.008800
725.00 C 20261002 13.87 14.39 102 25 0.1893 0.4336 0.008600
725.00 P 20261002 23.31 23.94 4 73 0.1885 -0.5761 0.008800
726.00 C 20261002 13.41 13.94 8 56 0.1887 0.4249 0.008600
726.00 P 20261002 23.69 24.62 0 1 0.1876 -0.5853 0.008800
727.00 C 20261002 12.89 13.50 0 12 0.1877 0.4161 0.008600
727.00 P 20261002 23.90 25.11 2 3 0.1848 -0.5943 0.008800
728.00 C 20261002 12.51 13.05 2 21 0.1875 0.4074 0.008600
728.00 P 20261002 24.77 25.83 0 3 0.1867 -0.6033 0.008800
729.00 C 20261002 12.01 12.62 0 13 0.1866 0.3987 0.008500
729.00 P 20261002 25.61 26.28 100 1 0.1869 -0.6122 0.008800
730.00 C 20261002 11.66 12.09 43 280 0.1858 0.3900 0.008500
730.00 P 20261002 25.95 28.29 10 47 0.1928 -0.6212 0.008800
731.00 C 20261002 11.24 11.75 2 28 0.1856 0.3813 0.008500
731.00 P 20261002 26.54 28.95 51 52 0.1924 -0.6304 0.008800
732.00 C 20261002 10.84 11.36 1 28 0.1851 0.3726 0.008400
732.00 P 20261002 27.04 29.55 0 63 0.1913 -0.6394 0.008700
733.00 C 20261002 10.57 10.96 7 49 0.1852 0.3640 0.008400
733.00 P 20261002 27.70 30.10 0 71 0.1907 -0.6483 0.008700
734.00 C 20261002 10.07 10.60 6 44 0.1840 0.3558 0.008400
734.00 P 20261002 28.36 30.78 0 24 0.1910 -0.6572 0.008700
735.00 C 20261002 9.70 10.19 63 216 0.1834 0.3470 0.008300
735.00 P 20261002 28.97 31.42 1 0 0.1903 -0.6661 0.008600
736.00 C 20261002 9.36 9.84 3 78 0.1831 0.3385 0.008200
736.00 P 20261002 29.29 31.99 0 0 0.1874 -0.6750 0.008600
737.00 C 20261002 9.01 9.49 0 76 0.1826 0.3301 0.008200
737.00 P 20261002 30.29 32.64 700 813 0.1889 -0.6838 0.008500
738.00 C 20261002 8.64 9.11 8 79 0.1818 0.3217 0.008100
738.00 P 20261002 30.90 33.37 0 0 0.1885 -0.6926 0.008500
739.00 C 20261002 8.31 8.82 4 75 0.1816 0.3134 0.008100
739.00 P 20261002 31.57 33.98 0 1 0.1877 -0.7013 0.008400
740.00 C 20261002 7.99 8.35 47 333 0.1803 0.3052 0.008000
740.00 P 20261002 31.96 34.66 1 3 0.1856 -0.7099 0.008400
741.00 C 20261002 7.67 8.16 18 9 0.1806 0.2971 0.007900
741.00 P 20261002 32.65 35.30 0 0 0.1848 -0.7185 0.008300
742.00 C 20261002 7.38 7.86 2 145 0.1803 0.2891 0.007800
742.00 P 20261002 33.63 34.74 0 1 0.1782 -0.7271 0.008300
743.00 C 20261002 7.07 7.54 3 6 0.1797 0.2812 0.007700
743.00 P 20261002 34.33 35.47 0 0 0.1777 -0.7355 0.008200
744.00 C 20261002 6.78 7.25 1 5 0.1792 0.2734 0.007600
744.00 P 20261002 35.42 36.39 0 0 0.1808 -0.7438 0.008100
745.00 C 20261002 6.54 6.91 14 34 0.1787 0.2656 0.007600
745.00 P 20261002 35.84 36.93 0 0 0.1771 -0.7521 0.008000
746.00 C 20261002 6.27 6.72 1 29 0.1789 0.2580 0.007500
746.00 P 20261002 36.52 37.68 0 0 0.1763 -0.7603 0.008000
747.00 C 20261002 5.92 6.46 0 8 0.1780 0.2504 0.007400
747.00 P 20261002 37.27 38.44 0 0 0.1759 -0.7685 0.007900
748.00 C 20261002 5.67 6.21 1 11 0.1776 0.2430 0.007300
748.00 P 20261002 38.09 39.20 0 0 0.1759 -0.7765 0.007800
749.00 C 20261002 5.48 5.92 5 4 0.1773 0.2358 0.007200
749.00 P 20261002 38.80 39.98 0 0 0.1751 -0.7845 0.007700
750.00 C 20261002 5.29 5.55 81 306 0.1764 0.2286 0.007000
750.00 P 20261002 39.58 40.76 0 2 0.1747 -0.7923 0.007600
751.00 C 20261002 5.08 5.47 0 38 0.1772 0.2215 0.006900
751.00 P 20261002 40.10 41.67 0 0 0.1732 -0.8000 0.007600
752.00 C 20261002 4.75 5.28 1 9 0.1764 0.2145 0.006800
752.00 P 20261002 41.18 42.43 0 0 0.1746 -0.8077 0.007500
753.00 C 20261002 4.59 5.04 10 22 0.1763 0.2078 0.006700
753.00 P 20261002 41.70 43.24 0 0 0.1720 -0.8152 0.007400
754.00 C 20261002 4.38 4.86 12 11 0.1762 0.2010 0.006600
754.00 P 20261002 42.83 43.99 0 0 0.1737 -0.8226 0.007300
755.00 C 20261002 4.19 4.58 135 101 0.1753 0.1945 0.006500
755.00 P 20261002 43.59 44.81 0 21 0.1728 -0.8300 0.007200
756.00 C 20261002 3.95 4.39 2 1 0.1747 0.1881 0.006300
756.00 P 20261002 44.42 45.65 0 0 0.1725 -0.8372 0.007100
757.00 C 20261002 3.82 4.20 0 5 0.1748 0.1818 0.006200
757.00 P 20261002 45.31 46.49 0 0 0.1726 -0.8444 0.007000
758.00 C 20261002 3.71 4.03 0 6 0.1752 0.1757 0.006100
758.00 P 20261002 46.15 47.34 0 0 0.1723 -0.8514 0.006900
759.00 C 20261002 3.47 3.89 2 203 0.1746 0.1697 0.006000
759.00 P 20261002 47.00 48.19 0 0 0.1718 -0.8583 0.006800
760.00 C 20261002 3.34 3.69 87 119 0.1744 0.1638 0.005800
760.00 P 20261002 47.85 49.06 0 0 0.1715 -0.8650 0.006700
765.00 C 20261002 2.68 2.99 33 129 0.1743 0.1367 0.005200
765.00 P 20261002 52.19 54.75 0 0 0.1838 -0.8970 0.006100
770.00 C 20261002 2.09 2.37 30 225 0.1734 0.1131 0.004600
770.00 P 20261002 56.77 59.33 0 21 0.1856 -0.9250 0.005400
775.00 C 20261002 1.59 1.92 39 268 0.1730 0.0929 0.004000
775.00 P 20261002 61.39 64.04 0 1 0.1875 -0.9486 0.004500
780.00 C 20261002 1.26 1.53 27 122 0.1735 0.0759 0.003400
780.00 P 20261002 65.20 68.86 0 0 0.1654 -0.9670 0.003500
785.00 C 20261002 0.96 1.22 4 136 0.1735 0.0619 0.002900
785.00 P 20261002 70.11 73.77 0 0 0.1604 -0.9803 0.002500
790.00 C 20261002 0.75 0.98 16 34 0.1743 0.0504 0.002500
790.00 P 20261002 75.07 78.76 0 0 -1.0000 -0.9889 0.001600
795.00 C 20261002 0.55 0.80 9 17 0.1747 0.0412 0.002100
795.00 P 20261002 80.08 83.76 0 0 0.1660 -0.9943 0.001000
800.00 C 20261002 0.49 0.61 21 57 0.1765 0.0339 0.001800
800.00 P 20261002 85.07 88.76 0 0 -1.0000 -0.9971 0.000500
805.00 C 20261002 0.36 0.46 5 5 0.1760 0.0279 0.001500
805.00 P 20261002 90.07 93.76 0 0 -1.0000 -0.9988 0.000300
810.00 C 20261002 0.26 0.47 1 32 0.1804 0.0233 0.001300
810.00 P 20261002 95.07 98.76 0 0 -1.0000 -0.9994 0.000100
815.00 C 20261002 0.21 0.41 2 6 0.1832 0.0196 0.001100
815.00 P 20261002 100.07 103.76 0 0 -1.0000 -0.9998 0.000100
820.00 C 20261002 0.15 0.36 0 6 0.1855 0.0166 0.000900
820.00 P 20261002 105.07 108.76 0 0 -1.0000 -0.9999 0.000000
825.00 C 20261002 0.12 0.32 0 4 0.1884 0.0142 0.000800
825.00 P 20261002 110.07 113.76 0 0 -1.0000 -1.0000 0.000000
830.00 C 20261002 0.09 0.28 0 33 0.1912 0.0122 0.000700
830.00 P 20261002 115.07 118.76 0 0 -1.0000 -1.0000 0.000000
835.00 C 20261002 0.06 0.28 0 2 0.1955 0.0107 0.000600
835.00 P 20261002 120.07 123.76 0 0 -1.0000 -1.0000 0.000000
840.00 C 20261002 0.05 0.26 1 3 0.1997 0.0094 0.000500
840.00 P 20261002 125.07 128.76 0 0 -1.0000 -1.0000 0.000000
845.00 C 20261002 0.05 0.24 0 3 0.2044 0.0084 0.000500
845.00 P 20261002 130.07 133.76 0 0 -1.0000 -1.0000 0.000000
850.00 C 20261002 0.03 0.23 2 3 0.2080 0.0074 0.000400
850.00 P 20261002 135.07 138.76 0 0 -1.0000 -1.0000 0.000000
860.00 C 20261002 0.01 0.21 0 2 0.2162 0.0060 0.000300
860.00 P 20261002 145.07 148.76 0 0 -1.0000 -1.0000 0.000000
870.00 C 20261002 0.00 0.21 0 0 0.2269 0.0050 0.000300
870.00 P 20261002 155.07 158.76 0 0 -1.0000 -1.0000 0.000000
880.00 C 20261002 0.00 0.20 0 1 0.2373 0.0042 0.000200
880.00 P 20261002 165.07 168.76 0 0 -1.0000 -1.0000 0.000000
885.00 C 20261002 0.00 0.20 0 0 0.2430 0.0038 0.000200
885.00 P 20261002 170.07 173.76 0 0 -1.0000 -1.0000 0.000000
890.00 C 20261002 0.00 0.18 0 2 0.2459 0.0035 0.000200
890.00 P 20261002 175.07 178.76 0 0 -1.0000 -1.0000 0.000000
895.00 C 20261002 0.00 0.19 0 0 0.2530 0.0032 0.000200
895.00 P 20261002 180.07 183.76 0 0 -1.0000 -1.0000 0.000000
900.00 C 20261002 0.00 0.19 0 0 0.2585 0.0030 0.000200
900.00 P 20261002 185.07 188.76 0 0 -1.0000 -1.0000 0.000000
905.00 C 20261002 0.00 0.19 0 0 0.2640 0.0028 0.000100
905.00 P 20261002 190.07 193.76 0 0 -1.0000 -1.0000 0.000000
910.00 C 20261002 0.00 0.18 0 0 0.2680 0.0026 0.000100
910.00 P 20261002 195.07 198.76 0 0 -1.0000 -1.0000 0.000000
915.00 C 20261002 0.00 0.18 0 0 0.2734 0.0024 0.000100
915.00 P 20261002 200.07 203.76 0 0 -1.0000 -1.0000 0.000000
920.00 C 20261002 0.00 0.18 0 0 0.2788 0.0022 0.000100
920.00 P 20261002 205.07 208.76 0 0 -1.0000 -1.0000 0.000000
925.00 C 20261002 0.00 0.18 0 0 0.2841 0.0021 0.000100
925.00 P 20261002 210.07 213.76 0 0 -1.0000 -1.0000 0.000000
930.00 C 20261002 0.00 0.18 0 0 0.2893 0.0020 0.000100
930.00 P 20261002 215.07 218.76 0 0 -1.0000 -1.0000 0.000000
935.00 C 20261002 0.00 0.17 0 0 0.2929 0.0018 0.000100
935.00 P 20261002 220.07 223.76 0 0 -1.0000 -1.0000 0.000000
940.00 C 20261002 0.00 0.17 0 0 0.2981 0.0017 0.000100
940.00 P 20261002 225.07 228.76 0 0 -1.0000 -1.0000 0.000000
945.00 C 20261002 0.00 0.17 0 0 0.3032 0.0016 0.000100
945.00 P 20261002 230.07 233.76 0 0 -1.0000 -1.0000 0.000000
950.00 C 20261002 0.00 0.15 0 1 0.3045 0.0015 0.000100
950.00 P 20261002 235.07 238.76 0 0 -1.0000 -1.0000 0.000000
300.00 C 20261016 412.52 416.18 0 16 0.8256 0.9984 0.000000
300.00 P 20261016 0.07 0.08 182 1401 0.7716 -0.0012 0.000000
305.00 C 20261016 407.56 411.25 0 1 0.8217 0.9984 0.000000
305.00 P 20261016 0.05 0.08 0 373 0.7481 -0.0012 0.000000
310.00 C 20261016 402.59 406.26 0 11 0.8002 0.9983 0.000000
310.00 P 20261016 0.06 0.09 0 218 0.7440 -0.0013 0.000000
315.00 C 20261016 397.63 401.32 0 10 0.7937 0.9982 0.000000
315.00 P 20261016 0.06 0.10 0 169 0.7348 -0.0014 0.000000
320.00 C 20261016 392.66 396.33 0 11 0.7729 0.9981 0.000000
320.00 P 20261016 0.07 0.10 0 177 0.7255 -0.0015 0.000000
325.00 C 20261016 387.70 391.39 0 3 0.7665 0.9980 0.000000
325.00 P 20261016 0.07 0.11 0 125 0.7162 -0.0016 0.000000
330.00 C 20261016 382.74 386.42 0 11 0.7532 0.9979 0.000000
330.00 P 20261016 0.08 0.12 0 312 0.7101 -0.0017 0.000000
335.00 C 20261016 377.77 381.44 0 17 0.7357 0.9978 0.000000
335.00 P 20261016 0.09 0.13 0 218 0.7036 -0.0018 0.000000
340.00 C 20261016 372.81 376.50 0 2 0.7292 0.9976 0.000000
340.00 P 20261016 0.09 0.14 0 199 0.6937 -0.0020 0.000000
345.00 C 20261016 367.85 371.53 0 0 0.7164 0.9975 0.000000
345.00 P 20261016 0.10 0.15 300 356 0.6865 -0.0021 0.000000
350.00 C 20261016 362.88 366.55 0 12 0.6997 0.9974 0.000000
350.00 P 20261016 0.11 0.16 0 269 0.6790 -0.0022 0.000000
355.00 C 20261016 357.92 361.59 0 251 0.6893 0.9972 0.000000
355.00 P 20261016 0.11 0.14 0 111 0.6613 -0.0024 0.000000
360.00 C 20261016 352.96 356.65 0 400 0.6826 0.9971 0.000000
360.00 P 20261016 0.12 0.17 10 202 0.6587 -0.0025 0.000000
365.00 C 20261016 348.00 351.69 0 4 0.6721 0.9969 0.000000
365.00 P 20261016 0.13 0.18 10 76 0.6509 -0.0027 0.000000
370.00 C 20261016 343.04 346.73 0 10 0.6617 0.9967 0.000000
370.00 P 20261016 0.14 0.16 0 77 0.6365 -0.0029 0.000000
375.00 C 20261016 338.08 341.77 0 1 0.6513 0.9966 0.000000
375.00 P 20261016 0.15 0.20 0 75 0.6346 -0.0031 0.000000
380.00 C 20261016 333.12 336.81 0 53 0.6409 0.9964 0.000100
380.00 P 20261016 0.16 0.21 0 86 0.6262 -0.0033 0.000100
385.00 C 20261016 328.16 331.85 0 33 0.6306 0.9962 0.000100
385.00 P 20261016 0.17 0.22 0 137 0.6177 -0.0035 0.000100
390.00 C 20261016 323.20 326.89 0 4 0.6204 0.9959 0.000100
390.00 P 20261016 0.18 0.23 0 205 0.6092 -0.0037 0.000100
395.00 C 20261016 318.24 321.90 0 6 0.6059 0.9957 0.000100
395.00 P 20261016 0.19 0.24 50 101 0.6005 -0.0039 0.000100
400.00 C 20261016 313.28 316.95 0 33 0.5973 0.9954 0.000100
400.00 P 20261016 0.20 0.25 36 2099 0.5917 -0.0042 0.000100
405.00 C 20261016 308.33 312.02 0 3 0.5925 0.9952 0.000100
405.00 P 20261016 0.21 0.26 0 134 0.5830 -0.0045 0.000100
410.00 C 20261016 303.37 307.03 0 3 0.5786 0.9949 0.000100
410.00 P 20261016 0.23 0.28 0 330 0.5768 -0.0048 0.000100
415.00 C 20261016 298.42 302.10 0 0 0.5734 0.9946 0.000100
415.00 P 20261016 0.24 0.29 0 172 0.5678 -0.0051 0.000100
420.00 C 20261016 293.46 297.12 0 2 0.5611 0.9942 0.000100
420.00 P 20261016 0.25 0.30 0 94 0.5588 -0.0054 0.000100
425.00 C 20261016 288.51 292.20 0 16 0.5566 0.9939 0.000100
425.00 P 20261016 0.27 0.32 0 103 0.5520 -0.0057 0.000100
430.00 C 20261016 283.55 287.24 0 6 0.5466 0.9935 0.000100
430.00 P 20261016 0.28 0.33 0 350 0.5429 -0.0061 0.000100
435.00 C 20261016 278.60 282.26 0 66 0.5356 0.9931 0.000100
435.00 P 20261016 0.30 0.35 3 132 0.5358 -0.0065 0.000100
440.00 C 20261016 273.65 277.31 0 58 0.5276 0.9927 0.000100
440.00 P 20261016 0.32 0.37 0 184 0.5284 -0.0069 0.000100
445.00 C 20261016 268.70 272.36 0 1 0.5195 0.9923 0.000100
445.00 P 20261016 0.34 0.39 0 40 0.5210 -0.0074 0.000100
450.00 C 20261016 263.75 267.44 0 25 0.5139 0.9918 0.000100
450.00 P 20261016 0.36 0.41 2 11127 0.5133 -0.0079 0.000100
455.00 C 20261016 258.81 262.50 0 3 0.5071 0.9913 0.000200
455.00 P 20261016 0.38 0.43 0 74 0.5056 -0.0084 0.000200
460.00 C 20261016 253.86 257.54 0 89 0.4979 0.9907 0.000200
460.00 P 20261016 0.40 0.45 0 1208 0.4977 -0.0089 0.000200
465.00 C 20261016 248.92 252.61 0 36 0.4915 0.9902 0.000200
465.00 P 20261016 0.43 0.47 0 107 0.4904 -0.0095 0.000200
470.00 C 20261016 243.97 247.64 0 51 0.4815 0.9895 0.000200
470.00 P 20261016 0.45 0.50 9 1987 0.4830 -0.0101 0.000200
475.00 C 20261016 239.03 242.70 0 13 0.4742 0.9889 0.000200
475.00 P 20261016 0.48 0.52 3 692 0.4754 -0.0108 0.000200
480.00 C 20261016 234.09 237.76 0 32 0.4667 0.9881 0.000200
480.00 P 20261016 0.51 0.55 54 469 0.4683 -0.0115 0.000200
485.00 C 20261016 229.16 232.82 0 53 0.4597 0.9874 0.000200
485.00 P 20261016 0.54 0.58 0 307 0.4610 -0.0123 0.000200
490.00 C 20261016 224.22 227.89 0 24 0.4525 0.9866 0.000300
490.00 P 20261016 0.57 0.62 5 2366 0.4540 -0.0131 0.000300
495.00 C 20261016 219.29 222.96 1 55 0.4456 0.9857 0.000300
495.00 P 20261016 0.60 0.65 0 139 0.4466 -0.0140 0.000300
500.00 C 20261016 214.36 218.03 0 39 0.4386 0.9847 0.000300
500.00 P 20261016 0.64 0.69 63 5873 0.4398 -0.0150 0.000300
505.00 C 20261016 209.43 213.13 0 4 0.4327 0.9837 0.000300
505.00 P 20261016 0.68 0.73 64 228 0.4327 -0.0160 0.000300
510.00 C 20261016 204.51 208.18 0 11 0.4248 0.9826 0.000400
510.00 P 20261016 0.72 0.77 104 723 0.4256 -0.0171 0.000400
515.00 C 20261016 199.59 203.25 0 23 0.4177 0.9814 0.000400
515.00 P 20261016 0.77 0.81 10 12393 0.4187 -0.0183 0.000400
520.00 C 20261016 194.67 198.34 0 48 0.4111 0.9801 0.000400
520.00 P 20261016 0.82 0.86 17 4703 0.4119 -0.0196 0.000400
525.00 C 20261016 189.76 193.42 0 39 0.4039 0.9787 0.000400
525.00 P 20261016 0.87 0.92 19 4746 0.4052 -0.0210 0.000400
530.00 C 20261016 184.85 188.51 1 41 0.3972 0.9772 0.000500
530.00 P 20261016 0.93 0.98 0 1324 0.3987 -0.0226 0.000500
535.00 C 20261016 179.94 183.61 0 77 0.3907 0.9756 0.000500
535.00 P 20261016 0.99 1.04 2 726 0.3917 -0.0242 0.000500
540.00 C 20261016 175.04 178.71 0 183 0.3842 0.9738 0.000600
540.00 P 20261016 1.06 1.11 2001 9348 0.3853 -0.0260 0.000600
545.00 C 20261016 170.14 173.81 0 25 0.3774 0.9719 0.000600
545.00 P 20261016 1.13 1.18 2 975 0.3786 -0.0279 0.000600
550.00 C 20261016 165.25 168.92 0 145 0.3709 0.9698 0.000600
550.00 P 20261016 1.21 1.27 80 8577 0.3717 -0.0300 0.000600
555.00 C 20261016 160.37 164.04 0 69 0.3647 0.9675 0.000700
555.00 P 20261016 1.30 1.34 2 619 0.3659 -0.0323 0.000700
560.00 C 20261016 155.49 159.18 1 187 0.3586 0.9650 0.000800
560.00 P 20261016 1.39 1.44 19 2807 0.3597 -0.0348 0.000800
565.00 C 20261016 150.63 154.30 0 130 0.3522 0.9623 0.000800
565.00 P 20261016 1.49 1.55 1 780 0.3536 -0.0376 0.000800
570.00 C 20261016 145.77 149.44 0 71 0.3460 0.9593 0.000900
570.00 P 20261016 1.61 1.65 8 1382 0.3474 -0.0406 0.000900
575.00 C 20261016 140.92 144.59 0 39 0.3398 0.9561 0.001000
575.00 P 20261016 1.74 1.78 8 5358 0.3416 -0.0439 0.001000
580.00 C 20261016 136.06 139.76 11 382 0.3334 0.9525 0.001000
580.00 P 20261016 1.87 1.91 55 3971 0.3352 -0.0474 0.001100
585.00 C 20261016 131.26 134.93 0 94 0.3279 0.9486 0.001100
585.00 P 20261016 2.02 2.06 29 3850 0.3295 -0.0514 0.001200
590.00 C 20261016 127.68 130.13 1 287 0.3409 0.9443 0.001200
590.00 P 20261016 2.18 2.23 19 3876 0.3237 -0.0558 0.001200
595.00 C 20261016 122.90 125.33 0 150 0.3341 0.9396 0.001300
595.00 P 20261016 2.36 2.41 17 8575 0.3179 -0.0605 0.001400
600.00 C 20261016 118.15 120.31 7 507 0.3244 0.9345 0.001400
600.00 P 20261016 2.55 2.60 81 13515 0.3120 -0.0658 0.001500
605.00 C 20261016 113.40 115.79 0 365 0.3209 0.9288 0.001600
605.00 P 20261016 2.77 2.82 19 2954 0.3064 -0.0715 0.001600
610.00 C 20261016 108.68 111.06 1 277 0.3146 0.9225 0.001700
610.00 P 20261016 3.00 3.06 91 5906 0.3007 -0.0778 0.001700
615.00 C 20261016 103.97 106.35 5 518 0.3082 0.9157 0.001900
615.00 P 20261016 3.27 3.32 301 1689 0.2952 -0.0848 0.001900
620.00 C 20261016 99.31 101.67 63 247 0.3021 0.9081 0.002000
620.00 P 20261016 3.56 3.61 118 17809 0.2897 -0.0925 0.002000
625.00 C 20261016 94.66 95.66 17 1999 0.2823 0.8998 0.002200
625.00 P 20261016 3.88 3.94 259 15575 0.2844 -0.1009 0.002200
630.00 C 20261016 90.06 92.39 9 633 0.2900 0.8907 0.002400
630.00 P 20261016 4.23 4.30 212 5134 0.2790 -0.1101 0.002400
635.00 C 20261016 85.49 87.81 2 233 0.2841 0.8807 0.002600
635.00 P 20261016 4.62 4.69 140 2082 0.2737 -0.1203 0.002600
640.00 C 20261016 80.80 82.01 0 275 0.2664 0.8697 0.002800
640.00 P 20261016 5.04 5.10 173 10819 0.2681 -0.1315 0.002800
645.00 C 20261016 76.40 78.95 1 317 0.2734 0.8577 0.003000
645.00 P 20261016 5.53 5.62 188 875 0.2633 -0.1438 0.003100
650.00 C 20261016 71.95 74.35 19 1333 0.2665 0.8445 0.003300
650.00 P 20261016 6.07 6.17 8651 20116 0.2583 -0.1572 0.003300
651.00 C 20261016 71.10 73.63 0 1 0.2667 0.8417 0.003300
651.00 P 20261016 6.18 6.29 68 193 0.2573 -0.1601 0.003400
652.00 C 20261016 70.22 72.75 0 3 0.2656 0.8388 0.003400
652.00 P 20261016 6.30 6.41 8 119 0.2564 -0.1630 0.003400
653.00 C 20261016 69.35 71.88 0 12 0.2646 0.8360 0.003400
653.00 P 20261016 6.42 6.52 13 113 0.2553 -0.1659 0.003500
654.00 C 20261016 68.48 71.01 0 6 0.2635 0.8330 0.003500
654.00 P 20261016 6.54 6.66 14 204 0.2544 -0.1689 0.003600
655.00 C 20261016 67.71 68.58 27 861 0.2522 0.8300 0.003600
655.00 P 20261016 6.67 6.77 75 1944 0.2534 -0.1720 0.003600
656.00 C 20261016 66.75 69.27 0 32 0.2614 0.8270 0.003600
656.00 P 20261016 6.80 6.90 21 187 0.2524 -0.1751 0.003700
657.00 C 20261016 65.91 68.41 0 1 0.2605 0.8239 0.003700
657.00 P 20261016 6.93 7.03 246 86 0.2514 -0.1782 0.003700
658.00 C 20261016 65.06 67.54 0 14 0.2595 0.8207 0.003700
658.00 P 20261016 7.06 7.17 271 106 0.2507 -0.1813 0.003800
659.00 C 20261016 64.20 66.69 0 27 0.2585 0.8175 0.003800
659.00 P 20261016 7.20 7.31 121 105 0.2498 -0.1846 0.003800
660.00 C 20261016 63.39 65.77 26 974 0.2573 0.8142 0.003800
660.00 P 20261016 7.33 7.44 546 13619 0.2485 -0.1881 0.003900
661.00 C 20261016 62.49 64.97 0 12 0.2563 0.8109 0.003900
661.00 P 20261016 7.48 7.59 46 105 0.2476 -0.1915 0.004000
662.00 C 20261016 61.62 64.12 0 8 0.2553 0.8075 0.004000
662.00 P 20261016 7.62 7.74 47 1465 0.2468 -0.1948 0.004000
663.00 C 20261016 60.78 63.29 0 2 0.2543 0.8040 0.004000
663.00 P 20261016 7.77 7.90 2 410 0.2460 -0.1983 0.004100
664.00 C 20261016 59.94 62.43 0 5 0.2531 0.8005 0.004100
664.00 P 20261016 7.92 8.04 3 78 0.2447 -0.2021 0.004100
665.00 C 20261016 59.10 61.59 6 489 0.2521 0.7969 0.004100
665.00 P 20261016 8.07 8.18 68 4257 0.2438 -0.2055 0.004200
666.00 C 20261016 58.27 60.76 0 3 0.2512 0.7933 0.004200
666.00 P 20261016 8.23 8.36 225 288 0.2428 -0.2095 0.004300
667.00 C 20261016 57.44 59.92 0 32 0.2501 0.7896 0.004200
667.00 P 20261016 8.39 8.51 273 203 0.2418 -0.2133 0.004300
668.00 C 20261016 56.61 59.09 0 6 0.2491 0.7858 0.004300
668.00 P 20261016 8.56 8.69 45 146 0.2410 -0.2171 0.004400
669.00 C 20261016 55.79 56.71 10 14 0.2387 0.7820 0.004400
669.00 P 20261016 8.73 8.87 1 85 0.2402 -0.2210 0.004500
670.00 C 20261016 54.97 55.89 6 673 0.2379 0.7781 0.004400
670.00 P 20261016 8.90 9.02 395 25017 0.2391 -0.2250 0.004500
671.00 C 20261016 54.15 55.06 10 15 0.2369 0.7742 0.004500
671.00 P 20261016 9.07 9.22 8 81 0.2382 -0.2290 0.004600
672.00 C 20261016 53.34 54.24 0 114 0.2360 0.7702 0.004600
672.00 P 20261016 9.25 9.39 112 96 0.2373 -0.2332 0.004600
673.00 C 20261016 52.53 53.43 0 10 0.2351 0.7661 0.004600
673.00 P 20261016 9.43 9.58 2 692 0.2366 -0.2371 0.004700
674.00 C 20261016 51.73 52.62 1 46 0.2343 0.7619 0.004700
674.00 P 20261016 9.62 9.76 0 190 0.2354 -0.2416 0.004800
675.00 C 20261016 50.92 51.81 4 428 0.2333 0.7577 0.004800
675.00 P 20261016 9.81 9.95 314 6569 0.2345 -0.2460 0.004800
676.00 C 20261016 50.13 51.01 1 62 0.2325 0.7534 0.004800
676.00 P 20261016 10.01 10.16 5 180 0.2339 -0.2501 0.004900
677.00 C 20261016 49.33 50.21 0 164 0.2316 0.7490 0.004900
677.00 P 20261016 10.21 10.35 73 232 0.2329 -0.2546 0.005000
678.00 C 20261016 48.54 49.42 0 63 0.2307 0.7446 0.004900
678.00 P 20261016 10.41 10.56 54 105 0.2318 -0.2594 0.005000
679.00 C 20261016 47.75 48.63 0 65 0.2298 0.7401 0.005000
679.00 P 20261016 10.62 10.76 1 72 0.2309 -0.2640 0.005100
680.00 C 20261016 47.03 47.75 14 1418 0.2288 0.7355 0.005100
680.00 P 20261016 10.83 10.96 1158 25502 0.2299 -0.2687 0.005200
681.00 C 20261016 46.20 47.06 0 43 0.2281 0.7308 0.005100
681.00 P 20261016 11.05 11.18 2 293 0.2291 -0.2735 0.005200
682.00 C 20261016 45.43 46.28 0 42 0.2273 0.7261 0.005200
682.00 P 20261016 11.27 11.41 3 304 0.2282 -0.2783 0.005300
683.00 C 20261016 44.66 45.51 0 63 0.2264 0.7213 0.005300
683.00 P 20261016 11.49 11.63 4 633 0.2273 -0.2832 0.005400
684.00 C 20261016 43.99 44.83 0 55 0.2266 0.7164 0.005300
684.00 P 20261016 11.72 11.86 1 127 0.2264 -0.2882 0.005400
685.00 C 20261016 43.13 43.97 13 1138 0.2246 0.7115 0.005400
685.00 P 20261016 11.95 12.10 195 7073 0.2256 -0.2932 0.005500
686.00 C 20261016 42.44 43.18 1 117 0.2240 0.7066 0.005500
686.00 P 20261016 12.20 12.34 1 179 0.2247 -0.2985 0.005600
687.00 C 20261016 41.63 42.46 1 90 0.2229 0.7014 0.005500
687.00 P 20261016 12.44 12.59 17 362 0.2240 -0.3034 0.005600
688.00 C 20261016 40.87 41.68 4 97 0.2219 0.6962 0.005600
688.00 P 20261016 12.70 12.84 2 441 0.2232 -0.3087 0.005700
689.00 C 20261016 40.15 40.97 1 222 0.2213 0.6910 0.005700
689.00 P 20261016 12.95 13.10 6 338 0.2222 -0.3143 0.005800
690.00 C 20261016 39.49 40.19 5 1515 0.2206 0.6857 0.005700
690.00 P 20261016 13.21 13.36 7305 4527 0.2213 -0.3197 0.005900
691.00 C 20261016 38.77 39.48 0 63 0.2199 0.6803 0.005800
691.00 P 20261016 13.48 13.62 0 408 0.2203 -0.3252 0.005900
692.00 C 20261016 37.96 38.76 0 116 0.2187 0.6748 0.005800
692.00 P 20261016 13.72 13.90 0 314 0.2195 -0.3308 0.006000
693.00 C 20261016 37.24 38.04 0 91 0.2179 0.6693 0.005900
693.00 P 20261016 14.03 14.18 1 306 0.2187 -0.3365 0.006100
694.00 C 20261016 36.52 37.32 0 70 0.2170 0.6637 0.006000
694.00 P 20261016 14.28 14.47 0 258 0.2179 -0.3423 0.006100
695.00 C 20261016 36.13 36.41 5 985 0.2167 0.6581 0.006000
695.00 P 20261016 14.59 14.75 223 2995 0.2170 -0.3482 0.006200
696.00 C 20261016 35.43 35.72 0 95 0.2158 0.6523 0.006100
696.00 P 20261016 14.95 15.05 9 414 0.2165 -0.3542 0.006200
697.00 C 20261016 34.73 35.02 0 63 0.2151 0.6465 0.006200
697.00 P 20261016 15.16 15.36 1 195 0.2155 -0.3600 0.006300
698.00 C 20261016 34.04 34.32 8 102 0.2143 0.6406 0.006200
698.00 P 20261016 15.47 15.66 2 242 0.2146 -0.3660 0.006400
699.00 C 20261016 33.35 33.64 1 49 0.2135 0.6346 0.006300
699.00 P 20261016 15.78 15.97 34 990 0.2138 -0.3722 0.006400
700.00 C 20261016 32.67 32.94 77 18884 0.2125 0.6285 0.006400
700.00 P 20261016 16.13 16.29 12027 15794 0.2131 -0.3785 0.006500
701.00 C 20261016 32.00 32.27 1 68 0.2118 0.6224 0.006400
701.00 P 20261016 16.46 16.62 26 132 0.2122 -0.3851 0.006600
702.00 C 20261016 31.33 31.60 6 110 0.2111 0.6162 0.006400
702.00 P 20261016 16.77 16.96 19 985 0.2114 -0.3914 0.006600
703.00 C 20261016 30.67 30.95 0 93 0.2103 0.6100 0.006500
703.00 P 20261016 17.11 17.30 2 200 0.2106 -0.3978 0.006700
704.00 C 20261016 30.02 30.28 2 124 0.2096 0.6039 0.006600
704.00 P 20261016 17.45 17.64 7 109 0.2099 -0.4041 0.006700
705.00 C 20261016 29.37 29.65 104 945 0.2088 0.5973 0.006600
705.00 P 20261016 17.81 18.00 6760 2864 0.2092 -0.4107 0.006800
706.00 C 20261016 28.73 28.99 6 196 0.2079 0.5908 0.006700
706.00 P 20261016 18.17 18.36 15 287 0.2084 -0.4174 0.006800
707.00 C 20261016 28.10 28.36 3 206 0.2072 0.5843 0.006700
707.00 P 20261016 18.56 18.73 7 250 0.2077 -0.4242 0.006900
708.00 C 20261016 27.47 27.73 0 129 0.2064 0.5777 0.006800
708.00 P 20261016 18.89 19.10 76 290 0.2067 -0.4310 0.007000
709.00 C 20261016 26.85 27.11 2 147 0.2057 0.5710 0.006800
709.00 P 20261016 19.31 19.48 20 82 0.2061 -0.4381 0.007000
710.00 C 20261016 26.26 26.49 251 1703 0.2050 0.5646 0.006800
710.00 P 20261016 19.70 19.87 641 2074 0.2054 -0.4448 0.007000
711.00 C 20261016 25.65 25.89 16 77 0.2043 0.5578 0.006900
711.00 P 20261016 20.06 20.27 26 198 0.2046 -0.4518 0.007100
712.00 C 20261016 25.06 25.29 82 187 0.2035 0.5507 0.006900
712.00 P 20261016 20.46 20.68 267 325 0.2038 -0.4589 0.007100
713.00 C 20261016 24.47 24.70 264 181 0.2028 0.5439 0.007000
713.00 P 20261016 20.88 21.09 209 208 0.2031 -0.4660 0.007200
714.00 C 20261016 23.88 24.12 109 126 0.2021 0.5372 0.007000
714.00 P 20261016 21.29 21.51 44 249 0.2023 -0.4732 0.007200
715.00 C 20261016 23.31 23.54 139 4278 0.2014 0.5302 0.007000
715.00 P 20261016 21.74 21.94 716 3276 0.2017 -0.4807 0.007300
716.00 C 20261016 22.74 22.98 53 243 0.2008 0.5229 0.007100
716.00 P 20261016 22.18 22.38 371 11471 0.2010 -0.4880 0.007300
717.00 C 20261016 22.19 22.40 15 187 0.2000 0.5161 0.007100
717.00 P 20261016 22.60 22.83 21 1508 0.2004 -0.4954 0.007300
718.00 C 20261016 21.64 21.85 26 619 0.1994 0.5088 0.007100
718.00 P 20261016 23.06 23.28 79 419 0.1997 -0.5028 0.007400
719.00 C 20261016 21.09 21.30 14 1236 0.1987 0.5016 0.007200
719.00 P 20261016 23.53 23.75 29 1418 0.1990 -0.5102 0.007400
720.00 C 20261016 20.56 20.76 696 6616 0.1982 0.4943 0.007200
720.00 P 20261016 24.01 24.22 226 7023 0.1984 -0.5177 0.007400
721.00 C 20261016 20.03 20.25 46 445 0.1975 0.4872 0.007200
721.00 P 20261016 24.46 24.70 7 166 0.1978 -0.5252 0.007400
722.00 C 20261016 19.51 19.72 9 315 0.1969 0.4800 0.007200
722.00 P 20261016 24.95 25.19 3 222 0.1972 -0.5324 0.007500
723.00 C 20261016 19.00 19.20 53 454 0.1962 0.4727 0.007200
723.00 P 20261016 25.45 25.69 2 125 0.1963 -0.5404 0.007500
724.00 C 20261016 18.50 18.73 46 361 0.1958 0.4654 0.007200
724.00 P 20261016 25.96 26.20 0 355 0.1956 -0.5480 0.007500
725.00 C 20261016 18.01 18.24 333 4351 0.1952 0.4583 0.007200
725.00 P 20261016 26.47 26.71 69 1618 0.1950 -0.5557 0.007500
726.00 C 20261016 17.53 17.70 17 638 0.1943 0.4510 0.007300
726.00 P 20261016 26.99 27.23 1 292 0.1946 -0.5632 0.007500
727.00 C 20261016 17.05 17.24 5 358 0.1939 0.4434 0.007300
727.00 P 20261016 27.52 27.76 22 190 0.1939 -0.5710 0.007500
728.00 C 20261016 16.58 16.76 8 742 0.1933 0.4360 0.007300
728.00 P 20261016 28.06 28.32 11 888 0.1934 -0.5783 0.007500
729.00 C 20261016 16.13 16.30 5 251 0.1928 0.4287 0.007300
729.00 P 20261016 28.60 28.87 91 142 0.1929 -0.5861 0.007600
730.00 C 20261016 15.67 15.89 1519 9639 0.1924 0.4216 0.007200
730.00 P 20261016 29.17 29.43 196 2058 0.1922 -0.5942 0.007600
731.00 C 20261016 15.23 15.45 6 604 0.1920 0.4140 0.007200
731.00 P 20261016 29.73 30.00 0 281 0.1918 -0.6018 0.007600
732.00 C 20261016 14.80 15.00 8 573 0.1912 0.4066 0.007200
732.00 P 20261016 30.30 30.57 13 400 0.1912 -0.6096 0.007500
733.00 C 20261016 14.37 14.56 1 611 0.1908 0.3992 0.007200
733.00 P 20261016 30.88 31.16 2 166 0.1907 -0.6172 0.007500
734.00 C 20261016 13.96 14.17 10 282 0.1904 0.3919 0.007200
734.00 P 20261016 31.48 31.75 3 72 0.1902 -0.6249 0.007500
735.00 C 20261016 13.55 13.76 311 2000 0.1897 0.3846 0.007200
735.00 P 20261016 32.08 32.36 3 724 0.1898 -0.6326 0.007500
736.00 C 20261016 13.15 13.35 74 255 0.1893 0.3773 0.007200
736.00 P 20261016 32.69 32.97 1 43 0.1893 -0.6403 0.007500
737.00 C 20261016 12.76 12.93 55 305 0.1888 0.3700 0.007100
737.00 P 20261016 33.31 33.59 3 105 0.1887 -0.6480 0.007500
738.00 C 20261016 12.38 12.58 70 217 0.1884 0.3628 0.007100
738.00 P 20261016 33.94 34.22 0 16 0.1882 -0.6558 0.007400
739.00 C 20261016 12.01 12.20 65 176 0.1881 0.3556 0.007100
739.00 P 20261016 34.57 34.86 6 35 0.1878 -0.6633 0.007400
740.00 C 20261016 11.65 11.79 5594 8579 0.1875 0.3484 0.007000
740.00 P 20261016 35.22 35.50 13 6361 0.1874 -0.6709 0.007400
741.00 C 20261016 11.28 11.48 69 464 0.1873 0.3413 0.007000
741.00 P 20261016 35.87 36.16 0 1 0.1868 -0.6786 0.007400
742.00 C 20261016 10.94 11.10 70 305 0.1867 0.3342 0.007000
742.00 P 20261016 36.53 36.82 0 5 0.1865 -0.6861 0.007300
743.00 C 20261016 10.59 10.76 119 565 0.1864 0.3272 0.006900
743.00 P 20261016 37.21 37.49 0 4 0.1860 -0.6936 0.007300
744.00 C 20261016 10.26 10.43 31 323 0.1860 0.3202 0.006900
744.00 P 20261016 37.89 38.18 0 0 0.1856 -0.7010 0.007300
745.00 C 20261016 9.94 10.10 293 3173 0.1856 0.3133 0.006800
745.00 P 20261016 38.57 38.87 1 883 0.1852 -0.7084 0.007200
746.00 C 20261016 9.62 9.81 127 951 0.1855 0.3063 0.006800
746.00 P 20261016 37.59 41.25 0 9 0.1848 -0.7158 0.007200
747.00 C 20261016 9.31 9.48 27 269 0.1848 0.2996 0.006700
747.00 P 20261016 38.29 41.95 0 205 0.1844 -0.7232 0.007200
748.00 C 20261016 9.01 9.19 24 161 0.1846 0.2928 0.006600
748.00 P 20261016 39.01 42.64 0 1 0.1839 -0.7305 0.007100
749.00 C 20261016 8.72 8.87 109 166 0.1842 0.2862 0.006600
749.00 P 20261016 39.73 43.36 0 2 0.1836 -0.7377 0.007100
750.00 C 20261016 8.43 8.56 666 23688 0.1838 0.2796 0.006500
750.00 P 20261016 40.46 43.96 59 980 0.1824 -0.7448 0.007000
755.00 C 20261016 7.11 7.25 595 4795 0.1824 0.2476 0.006200
755.00 P 20261016 44.24 47.71 0 68 0.1806 -0.7797 0.006800
760.00 C 20261016 5.97 6.08 478 4347 0.1811 0.2178 0.005800
760.00 P 20261016 48.22 51.63 6 207 0.1788 -0.8129 0.006500
765.00 C 20261016 5.01 5.09 352 7430 0.1803 0.1902 0.005400
765.00 P 20261016 53.68 55.83 2 44 0.1878 -0.8443 0.006200
770.00 C 20261016 4.14 4.23 220 22099 0.1792 0.1651 0.004900
770.00 P 20261016 57.95 60.34 2 517 0.1894 -0.8739 0.005800
775.00 C 20261016 3.42 3.52 861 5116 0.1786 0.1425 0.004500
775.00 P 20261016 62.38 64.80 0 107 0.1902 -0.9008 0.005400
780.00 C 20261016 2.83 2.90 1620 2374 0.1782 0.1223 0.004000
780.00 P 20261016 65.98 69.39 0 103 0.1800 -0.9257 0.004900
785.00 C 20261016 2.35 2.39 49 2301 0.1782 0.1044 0.003600
785.00 P 20261016 71.60 74.09 0 104 0.1937 -0.9466 0.004300
790.00 C 20261016 1.91 1.97 21 1450 0.1779 0.0889 0.003200
790.00 P 20261016 75.23 78.90 0 3 0.1725 -0.9641 0.003400
795.00 C 20261016 1.57 1.62 31 3778 0.1781 0.0754 0.002800
795.00 P 20261016 80.13 83.79 0 1 0.1688 -0.9775 0.002600
800.00 C 20261016 1.29 1.33 362 34912 0.1784 0.0639 0.002500
800.00 P 20261016 85.11 88.77 0 8 0.1724 -0.9866 0.001800
805.00 C 20261016 1.06 1.10 54 2512 0.1789 0.0541 0.002200
805.00 P 20261016 90.10 93.79 15 10 0.1809 -0.9929 0.001100
810.00 C 20261016 0.87 0.91 85 1282 0.1796 0.0458 0.001900
810.00 P 20261016 95.11 98.77 0 0 0.1872 -0.9964 0.000600
815.00 C 20261016 0.72 0.76 139 1052 0.1806 0.0388 0.001600
815.00 P 20261016 100.10 103.77 0 0 0.1933 -0.9983 0.000300
820.00 C 20261016 0.59 0.64 61 3879 0.1817 0.0329 0.001400
820.00 P 20261016 105.08 108.77 0 0 0.1965 -0.9994 0.000100
825.00 C 20261016 0.49 0.54 102 7444 0.1830 0.0280 0.001200
825.00 P 20261016 110.08 113.76 0 0 0.1973 -0.9997 0.000100
830.00 C 20261016 0.41 0.46 2 2447 0.1847 0.0239 0.001100
830.00 P 20261016 115.07 118.76 0 0 -1.0000 -0.9999 0.000000
835.00 C 20261016 0.35 0.39 0 1896 0.1864 0.0205 0.000900
835.00 P 20261016 120.07 123.76 0 0 -1.0000 -1.0000 0.000000
840.00 C 20261016 0.29 0.34 2 1410 0.1881 0.0176 0.000800
840.00 P 20261016 125.07 128.76 0 0 -1.0000 -1.0000 0.000000
845.00 C 20261016 0.25 0.29 2 1607 0.1902 0.0152 0.000700
845.00 P 20261016 130.07 133.76 0 0 -1.0000 -1.0000 0.000000
850.00 C 20261016 0.21 0.26 31 6898 0.1924 0.0132 0.000600
850.00 P 20261016 135.07 138.76 0 0 -1.0000 -1.0000 0.000000
855.00 C 20261016 0.18 0.23 1 601 0.1946 0.0115 0.000600
855.00 P 20261016 140.07 143.76 0 0 -1.0000 -1.0000 0.000000
860.00 C 20261016 0.15 0.20 0 889 0.1963 0.0101 0.000500
860.00 P 20261016 145.07 148.76 1 1 -1.0000 -1.0000 0.000000
865.00 C 20261016 0.13 0.18 0 1143 0.1986 0.0089 0.000400
865.00 P 20261016 150.07 153.76 0 0 -1.0000 -1.0000 0.000000
870.00 C 20261016 0.12 0.16 3 325 0.2015 0.0079 0.000400
870.00 P 20261016 155.07 158.76 0 0 -1.0000 -1.0000 0.000000
875.00 C 20261016 0.10 0.15 1 269 0.2040 0.0071 0.000300
875.00 P 20261016 160.07 163.76 0 0 -1.0000 -1.0000 0.000000
880.00 C 20261016 0.08 0.14 0 1378 0.2060 0.0064 0.000300
880.00 P 20261016 165.07 168.76 0 0 -1.0000 -1.0000 0.000000
885.00 C 20261016 0.07 0.13 1 3338 0.2089 0.0058 0.000300
885.00 P 20261016 170.07 173.76 0 0 -1.0000 -1.0000 0.000000
890.00 C 20261016 0.06 0.12 0 330 0.2114 0.0052 0.000200
890.00 P 20261016 175.07 178.76 0 0 -1.0000 -1.0000 0.000000
895.00 C 20261016 0.06 0.11 0 461 0.2149 0.0048 0.000200
895.00 P 20261016 180.07 183.76 0 0 -1.0000 -1.0000 0.000000
900.00 C 20261016 0.05 0.10 3 17457 0.2169 0.0044 0.000200
900.00 P 20261016 185.07 188.76 0 0 -1.0000 -1.0000 0.000000
905.00 C 20261016 0.04 0.10 0 174 0.2201 0.0040 0.000200
905.00 P 20261016 190.07 193.76 0 0 -1.0000 -1.0000 0.000000
910.00 C 20261016 0.04 0.09 0 511 0.2230 0.0037 0.000200
910.00 P 20261016 195.07 198.76 0 0 -1.0000 -1.0000 0.000000
915.00 C 20261016 0.03 0.09 0 144 0.2258 0.0034 0.000200
915.00 P 20261016 200.07 203.76 0 0 -1.0000 -1.0000 0.000000
920.00 C 20261016 0.04 0.08 0 4231 0.2303 0.0032 0.000100
920.00 P 20261016 205.07 208.76 0 0 -1.0000 -1.0000 0.000000
925.00 C 20261016 0.03 0.08 207 679 0.2328 0.0030 0.000100
925.00 P 20261016 210.07 213.76 0 0 -1.0000 -1.0000 0.000000
930.00 C 20261016 0.02 0.08 0 151 0.2351 0.0028 0.000100
930.00 P 20261016 215.07 218.76 0 0 -1.0000 -1.0000 0.000000
935.00 C 20261016 0.02 0.07 0 91 0.2372 0.0026 0.000100
935.00 P 20261016 220.07 223.76 0 0 -1.0000 -1.0000 0.000000
940.00 C 20261016 0.02 0.07 0 657 0.2414 0.0024 0.000100
940.00 P 20261016 225.07 228.76 0 0 -1.0000 -1.0000 0.000000
945.00 C 20261016 0.02 0.07 0 196 0.2457 0.0023 0.000100
945.00 P 20261016 230.07 233.76 0 0 -1.0000 -1.0000 0.000000
950.00 C 20261016 0.01 0.07 2 903 0.2473 0.0021 0.000100
950.00 P 20261016 235.07 238.76 0 0 -1.0000 -1.0000 0.000000
955.00 C 20261016 0.01 0.06 0 1184 0.2485 0.0020 0.000100
955.00 P 20261016 240.07 243.76 0 0 -1.0000 -1.0000 0.000000
960.00 C 20261016 0.01 0.06 0 180 0.2525 0.0019 0.000100
960.00 P 20261016 245.07 248.76 0 0 -1.0000 -1.0000 0.000000
965.00 C 20261016 0.01 0.06 0 113 0.2566 0.0018 0.000100
965.00 P 20261016 250.07 253.76 0 0 -1.0000 -1.0000 0.000000
970.00 C 20261016 0.01 0.05 154 15824 0.2572 0.0017 0.000100
970.00 P 20261016 255.07 258.76 0 0 -1.0000 -1.0000 0.000000
975.00 C 20261016 0.00 0.06 0 98 0.2611 0.0016 0.000100
975.00 P 20261016 260.07 263.76 0 0 -1.0000 -1.0000 0.000000
980.00 C 20261016 0.00 0.06 0 164 0.2651 0.0015 0.000100
980.00 P 20261016 265.07 268.76 0 0 -1.0000 -1.0000 0.000000
985.00 C 20261016 0.00 0.06 0 30 0.2690 0.0014 0.000100
985.00 P 20261016 270.07 273.76 0 0 -1.0000 -1.0000 0.000000
990.00 C 20261016 0.00 0.03 0 1011 0.2582 0.0014 0.000100
990.00 P 20261016 275.07 278.76 0 0 -1.0000 -1.0000 0.000000
995.00 C 20261016 0.00 0.05 0 0 0.2726 0.0013 0.000100
995.00 P 20261016 280.07 283.76 0 0 -1.0000 -1.0000 0.000000
1000.00 C 20261016 0.00 0.05 0 40 0.2763 0.0012 0.000000
1000.00 P 20261016 285.07 288.76 0 0 -1.0000 -1.0000 0.000000
1005.00 C 20261016 0.00 0.05 0 0 0.2801 0.0012 0.000000
1005.00 P 20261016 290.07 293.76 0 0 -1.0000 -1.0000 0.000000
1010.00 C 20261016 0.00 0.05 0 182 0.2838 0.0011 0.000000
1010.00 P 20261016 295.07 298.76 0 0 -1.0000 -1.0000 0.000000
1015.00 C 20261016 0.00 0.05 0 2 0.2875 0.0010 0.000000
1015.00 P 20261016 300.07 303.76 0 0 -1.0000 -1.0000 0.000000
1020.00 C 20261016 0.00 0.05 0 11 0.2912 0.0010 0.000000
1020.00 P 20261016 305.07 308.76 0 0 -1.0000 -1.0000 0.000000
1025.00 C 20261016 0.00 0.05 0 50 0.2949 0.0010 0.000000
1025.00 P 20261016 310.07 313.76 0 0 -1.0000 -1.0000 0.000000
1030.00 C 20261016 0.00 0.05 0 3 0.2985 0.0009 0.000000
1030.00 P 20261016 315.07 318.76 0 0 -1.0000 -1.0000 0.000000
1035.00 C 20261016 0.00 0.05 0 50 0.3021 0.0009 0.000000
1035.00 P 20261016 320.07 323.76 0 0 -1.0000 -1.0000 0.000000
1040.00 C 20261016 0.00 0.05 0 30 0.3057 0.0008 0.000000
1040.00 P 20261016 325.07 328.76 0 0 -1.0000 -1.0000 0.000000
1045.00 C 20261016 0.00 0.04 0 1 0.3039 0.0008 0.000000
1045.00 P 20261016 330.07 333.76 0 0 -1.0000 -1.0000 0.000000
1050.00 C 20261016 0.00 0.04 0 191 0.3074 0.0008 0.000000
1050.00 P 20261016 335.07 338.76 0 0 -1.0000 -1.0000 0.000000
1055.00 C 20261016 0.00 0.04 0 5 0.3109 0.0007 0.000000
1055.00 P 20261016 340.07 343.76 0 0 -1.0000 -1.0000 0.000000
1060.00 C 20261016 0.00 0.04 0 16 0.3143 0.0007 0.000000
1060.00 P 20261016 345.07 348.76 0 0 -1.0000 -1.0000 0.000000
1065.00 C 20261016 0.00 0.04 0 6 0.3178 0.0007 0.000000
1065.00 P 20261016 350.07 353.76 0 0 -1.0000 -1.0000 0.000000
1070.00 C 20261016 0.00 0.04 0 3 0.3212 0.0006 0.000000
1070.00 P 20261016 355.07 358.76 0 0 -1.0000 -1.0000 0.000000
1075.00 C 20261016 0.00 0.04 0 687 0.3246 0.0006 0.000000
1075.00 P 20261016 360.07 363.76 0 0 -1.0000 -1.0000 0.000000
1080.00 C 20261016 0.00 0.04 0 2068 0.3280 0.0006 0.000000
1080.00 P 20261016 365.07 368.76 1 0 -1.0000 -1.0000 0.000000
1085.00 C 20261016 0.00 0.02 0 8710 0.3150 0.0006 0.000000
1085.00 P 20261016 370.07 373.76 1 1 -1.0000 -1.0000 0.000000
470.00 C 20261030 245.01 248.67 0 1 0.4591 0.9859 0.000200
470.00 P 20261030 0.70 0.74 0 117 0.4591 -0.0137 0.000200
475.00 C 20261030 240.09 243.75 0 0 0.4523 0.9850 0.000300
475.00 P 20261030 0.72 0.78 0 1 0.4518 -0.0146 0.000300
480.00 C 20261030 235.17 238.84 0 0 0.4457 0.9841 0.000300
480.00 P 20261030 0.76 0.82 1 72 0.4450 -0.0155 0.000300
485.00 C 20261030 230.26 233.92 0 2 0.4390 0.9831 0.000300
485.00 P 20261030 0.81 0.87 0 102 0.4390 -0.0165 0.000300
490.00 C 20261030 225.35 229.01 0 0 0.4326 0.9820 0.000300
490.00 P 20261030 0.86 0.92 0 19 0.4327 -0.0176 0.000300
495.00 C 20261030 220.44 224.10 0 0 0.4259 0.9808 0.000300
495.00 P 20261030 0.91 0.96 1 14 0.4259 -0.0188 0.000300
500.00 C 20261030 215.53 219.20 1 1 0.4195 0.9796 0.000400
500.00 P 20261030 0.96 1.02 36 209 0.4195 -0.0200 0.000400
505.00 C 20261030 210.63 214.30 0 0 0.4132 0.9783 0.000400
505.00 P 20261030 1.02 1.07 1 28 0.4132 -0.0214 0.000400
510.00 C 20261030 205.74 209.40 0 0 0.4070 0.9769 0.000400
510.00 P 20261030 1.08 1.15 1 99 0.4073 -0.0228 0.000400
515.00 C 20261030 200.84 204.51 0 0 0.4006 0.9753 0.000400
515.00 P 20261030 1.15 1.22 1 34 0.4014 -0.0244 0.000500
520.00 C 20261030 195.96 199.63 0 0 0.3949 0.9737 0.000500
520.00 P 20261030 1.22 1.28 1 70 0.3950 -0.0260 0.000500
525.00 C 20261030 191.08 194.74 0 0 0.3886 0.9719 0.000500
525.00 P 20261030 1.30 1.38 2 69 0.3895 -0.0278 0.000500
530.00 C 20261030 186.20 189.87 0 1 0.3827 0.9700 0.000600
530.00 P 20261030 1.38 1.44 0 48 0.3829 -0.0297 0.000600
535.00 C 20261030 181.33 185.00 0 0 0.3767 0.9680 0.000600
535.00 P 20261030 1.47 1.53 0 16 0.3770 -0.0318 0.000600
540.00 C 20261030 176.46 180.13 0 1 0.3705 0.9657 0.000600
540.00 P 20261030 1.57 1.63 1 20 0.3713 -0.0340 0.000600
545.00 C 20261030 171.60 175.27 0 0 0.3645 0.9633 0.000700
545.00 P 20261030 1.67 1.76 0 11 0.3659 -0.0365 0.000700
550.00 C 20261030 166.75 170.42 0 3 0.3586 0.9607 0.000700
550.00 P 20261030 1.79 1.85 11 276 0.3596 -0.0391 0.000800
555.00 C 20261030 161.91 165.58 0 0 0.3529 0.9579 0.000800
555.00 P 20261030 1.92 1.97 3 44 0.3540 -0.0419 0.000800
560.00 C 20261030 157.08 160.75 0 14 0.3472 0.9549 0.000900
560.00 P 20261030 2.05 2.10 3 143 0.3485 -0.0451 0.000900
565.00 C 20261030 152.26 155.94 0 1 0.3418 0.9516 0.000900
565.00 P 20261030 2.19 2.25 0 190 0.3430 -0.0484 0.000900
570.00 C 20261030 147.45 151.13 0 7 0.3362 0.9480 0.001000
570.00 P 20261030 2.35 2.40 4 152 0.3375 -0.0520 0.001000
575.00 C 20261030 143.76 146.33 1 0 0.3460 0.9442 0.001100
575.00 P 20261030 2.51 2.58 9 141 0.3319 -0.0559 0.001100
580.00 C 20261030 138.98 141.55 0 2 0.3398 0.9400 0.001200
580.00 P 20261030 2.70 2.76 39 285 0.3267 -0.0602 0.001200
585.00 C 20261030 134.23 136.79 0 2 0.3339 0.9355 0.001200
585.00 P 20261030 2.89 2.96 56 321 0.3212 -0.0648 0.001300
590.00 C 20261030 129.36 132.04 0 10 0.3263 0.9306 0.001300
590.00 P 20261030 3.11 3.18 1 155 0.3161 -0.0698 0.001400
595.00 C 20261030 124.65 127.31 0 1 0.3206 0.9252 0.001400
595.00 P 20261030 3.34 3.42 14 56 0.3110 -0.0752 0.001500
600.00 C 20261030 120.02 122.61 0 10 0.3158 0.9194 0.001600
600.00 P 20261030 3.60 3.68 53 410 0.3058 -0.0811 0.001600
601.00 C 20261030 119.02 121.67 0 0 0.3141 0.9182 0.001600
601.00 P 20261030 3.65 3.73 2 43 0.3047 -0.0824 0.001600
602.00 C 20261030 118.08 120.73 0 0 0.3129 0.9169 0.001600
602.00 P 20261030 3.71 3.79 23 5 0.3037 -0.0836 0.001600
603.00 C 20261030 117.15 119.80 0 0 0.3118 0.9157 0.001600
603.00 P 20261030 3.77 3.85 1 31 0.3028 -0.0849 0.001600
604.00 C 20261030 116.21 118.86 0 0 0.3106 0.9144 0.001600
604.00 P 20261030 3.82 3.91 0 16 0.3016 -0.0862 0.001700
605.00 C 20261030 115.28 117.93 0 1 0.3096 0.9131 0.001700
605.00 P 20261030 3.88 3.96 0 114 0.3006 -0.0876 0.001700
606.00 C 20261030 114.35 116.99 0 0 0.3084 0.9118 0.001700
606.00 P 20261030 3.94 4.02 5 36 0.2996 -0.0889 0.001700
607.00 C 20261030 113.42 116.06 0 0 0.3074 0.9104 0.001700
607.00 P 20261030 4.00 4.08 0 47 0.2986 -0.0903 0.001800
608.00 C 20261030 112.49 115.13 0 6 0.3063 0.9090 0.001800
608.00 P 20261030 4.06 4.14 0 1 0.2976 -0.0917 0.001800
609.00 C 20261030 111.56 114.20 0 0 0.3052 0.9076 0.001800
609.00 P 20261030 4.12 4.21 10 20 0.2966 -0.0931 0.001800
610.00 C 20261030 110.64 113.27 0 1 0.3041 0.9062 0.001800
610.00 P 20261030 4.18 4.27 5 202 0.2956 -0.0946 0.001800
611.00 C 20261030 109.71 112.31 0 0 0.3027 0.9048 0.001800
611.00 P 20261030 4.25 4.34 0 2 0.2946 -0.0960 0.001900
612.00 C 20261030 108.79 111.38 0 0 0.3017 0.9033 0.001800
612.00 P 20261030 4.31 4.40 0 56 0.2936 -0.0975 0.001900
613.00 C 20261030 107.87 110.49 0 1 0.3010 0.9018 0.001900
613.00 P 20261030 4.38 4.47 1 101 0.2927 -0.0990 0.001900
614.00 C 20261030 106.83 109.57 0 1 0.2988 0.9003 0.001900
614.00 P 20261030 4.45 4.54 1 7 0.2916 -0.1006 0.001900
615.00 C 20261030 106.01 108.64 0 7 0.2987 0.8987 0.001900
615.00 P 20261030 4.52 4.61 0 124 0.2907 -0.1022 0.002000
616.00 C 20261030 105.10 106.38 0 0 0.2857 0.8972 0.002000
616.00 P 20261030 4.59 4.68 3 23 0.2898 -0.1036 0.002000
617.00 C 20261030 104.19 106.80 0 2 0.2967 0.8956 0.002000
617.00 P 20261030 4.66 4.75 1 20 0.2888 -0.1052 0.002000
618.00 C 20261030 103.27 105.82 0 0 0.2951 0.8939 0.002000
618.00 P 20261030 4.73 4.83 0 159 0.2879 -0.1069 0.002000
619.00 C 20261030 102.35 104.89 0 0 0.2940 0.8923 0.002000
619.00 P 20261030 4.81 4.90 1 32 0.2869 -0.1086 0.002100
620.00 C 20261030 101.43 104.03 0 19 0.2934 0.8906 0.002100
620.00 P 20261030 4.88 4.98 6 189 0.2859 -0.1103 0.002100
621.00 C 20261030 100.52 103.13 0 0 0.2925 0.8889 0.002100
621.00 P 20261030 4.96 5.06 0 90 0.2850 -0.1120 0.002200
622.00 C 20261030 99.61 102.22 0 1 0.2915 0.8872 0.002200
622.00 P 20261030 5.04 5.14 0 6 0.2839 -0.1140 0.002200
623.00 C 20261030 98.59 101.31 0 1 0.2895 0.8854 0.002200
623.00 P 20261030 5.12 5.22 5 5 0.2829 -0.1158 0.002200
624.00 C 20261030 97.79 100.36 0 2 0.2891 0.8836 0.002200
624.00 P 20261030 5.20 5.30 0 22 0.2819 -0.1176 0.002200
625.00 C 20261030 96.88 99.49 0 4 0.2884 0.8818 0.002200
625.00 P 20261030 5.28 5.38 13 381 0.2809 -0.1195 0.002300
626.00 C 20261030 95.98 97.24 0 0 0.2766 0.8799 0.002300
626.00 P 20261030 5.37 5.47 0 1 0.2801 -0.1212 0.002300
627.00 C 20261030 95.08 97.67 0 0 0.2864 0.8780 0.002300
627.00 P 20261030 5.46 5.55 0 4 0.2791 -0.1231 0.002300
628.00 C 20261030 94.17 95.42 0 0 0.2748 0.8761 0.002300
628.00 P 20261030 5.53 5.65 0 11 0.2781 -0.1251 0.002400
629.00 C 20261030 93.27 94.52 0 1 0.2739 0.8742 0.002400
629.00 P 20261030 5.61 5.76 0 5 0.2773 -0.1271 0.002400
630.00 C 20261030 92.38 94.96 1 9 0.2834 0.8722 0.002400
630.00 P 20261030 5.71 5.82 8 268 0.2762 -0.1291 0.002400
631.00 C 20261030 91.48 94.06 2 0 0.2823 0.8702 0.002400
631.00 P 20261030 5.80 5.93 0 52 0.2753 -0.1312 0.002500
632.00 C 20261030 90.58 93.33 0 0 0.2825 0.8681 0.002500
632.00 P 20261030 5.89 6.04 0 15 0.2745 -0.1332 0.002500
633.00 C 20261030 89.69 92.27 0 76 0.2804 0.8660 0.002500
633.00 P 20261030 5.99 6.13 0 76 0.2735 -0.1354 0.002600
634.00 C 20261030 88.94 90.03 0 0 0.2706 0.8639 0.002600
634.00 P 20261030 6.09 6.23 4 14 0.2726 -0.1375 0.002600
635.00 C 20261030 87.91 90.48 0 0 0.2784 0.8617 0.002600
635.00 P 20261030 6.19 6.33 25 82 0.2716 -0.1397 0.002600
636.00 C 20261030 87.02 89.59 0 0 0.2774 0.8596 0.002600
636.00 P 20261030 6.29 6.42 0 15 0.2706 -0.1420 0.002700
637.00 C 20261030 86.14 87.35 0 1 0.2669 0.8573 0.002700
637.00 P 20261030 6.39 6.54 2 2 0.2698 -0.1442 0.002700
638.00 C 20261030 85.26 87.98 0 0 0.2767 0.8551 0.002700
638.00 P 20261030 6.50 6.65 0 16 0.2689 -0.1465 0.002800
639.00 C 20261030 84.38 86.93 0 0 0.2746 0.8528 0.002700
639.00 P 20261030 6.61 6.75 11 37 0.2679 -0.1489 0.002800
640.00 C 20261030 83.50 86.21 0 32 0.2747 0.8504 0.002800
640.00 P 20261030 6.72 6.85 40 7922 0.2669 -0.1513 0.002800
641.00 C 20261030 82.62 85.33 0 0 0.2737 0.8480 0.002800
641.00 P 20261030 6.83 6.99 0 123 0.2660 -0.1537 0.002900
642.00 C 20261030 81.74 84.29 2 0 0.2717 0.8456 0.002800
642.00 P 20261030 6.93 7.10 1 14 0.2651 -0.1562 0.002900
643.00 C 20261030 80.87 83.57 0 2 0.2718 0.8432 0.002900
643.00 P 20261030 7.06 7.22 0 9 0.2643 -0.1587 0.003000
644.00 C 20261030 80.00 82.70 0 0 0.2708 0.8407 0.002900
644.00 P 20261030 7.18 7.34 0 3 0.2634 -0.1613 0.003000
645.00 C 20261030 79.13 81.83 0 1 0.2699 0.8382 0.003000
645.00 P 20261030 7.30 7.44 0 234 0.2624 -0.1639 0.003000
646.00 C 20261030 77.95 80.96 0 0 0.2670 0.8356 0.003000
646.00 P 20261030 7.42 7.58 0 1 0.2616 -0.1665 0.003100
647.00 C 20261030 77.08 80.09 0 1 0.2660 0.8330 0.003100
647.00 P 20261030 7.55 7.71 0 13 0.2607 -0.1692 0.003100
648.00 C 20261030 76.54 79.23 0 0 0.2671 0.8303 0.003100
648.00 P 20261030 7.68 7.84 6 98 0.2599 -0.1719 0.003200
649.00 C 20261030 75.68 78.36 0 0 0.2661 0.8276 0.003100
649.00 P 20261030 7.81 7.97 6 65 0.2590 -0.1746 0.003200
650.00 C 20261030 74.82 75.98 2 21 0.2558 0.8249 0.003200
650.00 P 20261030 7.94 8.09 214 3134 0.2580 -0.1774 0.003200
651.00 C 20261030 73.97 76.65 0 2 0.2643 0.8221 0.003200
651.00 P 20261030 8.08 8.24 0 83 0.2572 -0.1803 0.003300
652.00 C 20261030 73.11 75.79 0 0 0.2633 0.8192 0.003300
652.00 P 20261030 8.22 8.38 2 95 0.2564 -0.1832 0.003300
653.00 C 20261030 72.26 73.42 0 0 0.2533 0.8164 0.003300
653.00 P 20261030 8.34 8.52 0 7 0.2555 -0.1861 0.003400
654.00 C 20261030 71.42 74.09 0 0 0.2616 0.8134 0.003400
654.00 P 20261030 8.50 8.65 5 149 0.2545 -0.1891 0.003400
655.00 C 20261030 70.57 71.72 4 6 0.2516 0.8105 0.003400
655.00 P 20261030 8.65 8.80 146 2912 0.2537 -0.1921 0.003500
656.00 C 20261030 69.73 72.40 0 0 0.2597 0.8075 0.003400
656.00 P 20261030 8.78 8.96 0 20 0.2527 -0.1954 0.003500
657.00 C 20261030 68.89 71.55 0 1 0.2588 0.8044 0.003500
657.00 P 20261030 8.95 9.11 0 41 0.2520 -0.1984 0.003600
658.00 C 20261030 68.05 70.72 0 0 0.2579 0.8013 0.003500
658.00 P 20261030 9.10 9.27 0 23 0.2511 -0.2016 0.003600
659.00 C 20261030 67.22 69.88 0 0 0.2570 0.7982 0.003600
659.00 P 20261030 9.24 9.43 0 921 0.2502 -0.2048 0.003700
660.00 C 20261030 66.52 68.98 17 55 0.2564 0.7950 0.003600
660.00 P 20261030 9.42 9.57 61 427 0.2493 -0.2081 0.003700
661.00 C 20261030 65.69 68.15 4 7 0.2555 0.7917 0.003700
661.00 P 20261030 9.57 9.76 0 29 0.2485 -0.2114 0.003800
662.00 C 20261030 64.72 67.39 0 1 0.2543 0.7884 0.003700
662.00 P 20261030 9.74 9.92 0 20 0.2476 -0.2148 0.003800
663.00 C 20261030 63.92 66.57 0 0 0.2535 0.7851 0.003800
663.00 P 20261030 9.91 10.10 0 37 0.2467 -0.2184 0.003900
664.00 C 20261030 63.10 64.21 0 7 0.2443 0.7817 0.003800
664.00 P 20261030 10.09 10.28 0 24 0.2462 -0.2217 0.003900
665.00 C 20261030 62.29 63.40 0 7 0.2435 0.7782 0.003900
665.00 P 20261030 10.28 10.45 13 239 0.2453 -0.2253 0.004000
666.00 C 20261030 61.47 62.58 0 10 0.2427 0.7748 0.003900
666.00 P 20261030 10.45 10.64 1 21 0.2445 -0.2288 0.004000
667.00 C 20261030 60.66 61.77 0 2 0.2419 0.7712 0.004000
667.00 P 20261030 10.62 10.82 0 31 0.2435 -0.2326 0.004100
668.00 C 20261030 59.86 60.96 0 19 0.2411 0.7676 0.004000
668.00 P 20261030 10.82 11.01 0 16 0.2428 -0.2362 0.004100
669.00 C 20261030 59.06 60.15 0 1 0.2403 0.7640 0.004100
669.00 P 20261030 11.01 11.20 1 55 0.2421 -0.2399 0.004200
670.00 C 20261030 58.39 59.32 6 24 0.2400 0.7603 0.004100
670.00 P 20261030 11.21 11.39 314 408 0.2412 -0.2437 0.004200
671.00 C 20261030 57.36 58.55 0 5 0.2382 0.7565 0.004200
671.00 P 20261030 11.39 11.60 0 58 0.2403 -0.2478 0.004300
672.00 C 20261030 56.68 57.76 3 10 0.2380 0.7527 0.004200
672.00 P 20261030 11.61 11.80 1 35 0.2396 -0.2516 0.004300
673.00 C 20261030 55.89 56.96 1 67 0.2372 0.7488 0.004300
673.00 P 20261030 11.79 12.00 0 43 0.2387 -0.2555 0.004400
674.00 C 20261030 55.29 56.17 0 11 0.2373 0.7449 0.004300
674.00 P 20261030 12.03 12.21 4 37 0.2380 -0.2596 0.004400
675.00 C 20261030 54.32 55.39 3 20 0.2356 0.7410 0.004400
675.00 P 20261030 12.24 12.42 264 616 0.2371 -0.2638 0.004500
676.00 C 20261030 53.55 54.61 0 4 0.2349 0.7370 0.004400
676.00 P 20261030 12.46 12.64 2 18 0.2364 -0.2678 0.004500
677.00 C 20261030 52.78 53.83 0 51 0.2341 0.7329 0.004500
677.00 P 20261030 12.68 12.86 1 101 0.2354 -0.2723 0.004600
678.00 C 20261030 52.01 53.06 0 5 0.2333 0.7288 0.004500
678.00 P 20261030 12.87 13.09 0 28 0.2347 -0.2765 0.004600
679.00 C 20261030 51.24 52.29 0 87 0.2325 0.7246 0.004600
679.00 P 20261030 13.12 13.32 0 20 0.2339 -0.2809 0.004700
680.00 C 20261030 50.59 51.50 5 54 0.2322 0.7204 0.004600
680.00 P 20261030 13.36 13.55 16 5321 0.2333 -0.2849 0.004700
681.00 C 20261030 49.72 50.76 0 1 0.2310 0.7160 0.004700
681.00 P 20261030 13.59 13.79 0 15 0.2323 -0.2896 0.004800
682.00 C 20261030 48.97 50.01 0 104 0.2303 0.7117 0.004700
682.00 P 20261030 13.83 14.03 1 37 0.2316 -0.2941 0.004800
683.00 C 20261030 48.35 49.22 4 43 0.2299 0.7073 0.004800
683.00 P 20261030 14.05 14.28 0 9 0.2308 -0.2985 0.004900
684.00 C 20261030 47.48 48.50 0 39 0.2287 0.7028 0.004800
684.00 P 20261030 14.32 14.53 18 13 0.2301 -0.3030 0.004900
685.00 C 20261030 46.65 47.82 1 19 0.2278 0.6984 0.004800
685.00 P 20261030 14.56 14.78 6 246 0.2293 -0.3077 0.005000
686.00 C 20261030 46.00 47.02 0 12 0.2272 0.6937 0.004900
686.00 P 20261030 14.81 15.04 0 10 0.2285 -0.3124 0.005000
687.00 C 20261030 45.27 46.28 1 15 0.2265 0.6891 0.005000
687.00 P 20261030 15.11 15.31 4 19 0.2279 -0.3172 0.005100
688.00 C 20261030 44.54 45.55 0 9 0.2257 0.6844 0.005000
688.00 P 20261030 15.38 15.57 2 147 0.2271 -0.3221 0.005200
689.00 C 20261030 43.82 44.82 0 8 0.2250 0.6797 0.005000
689.00 P 20261030 15.61 15.85 0 113 0.2263 -0.3270 0.005200
690.00 C 20261030 43.21 44.07 3 37 0.2246 0.6750 0.005100
690.00 P 20261030 15.92 16.12 134 310 0.2254 -0.3324 0.005300
691.00 C 20261030 42.39 43.38 0 9 0.2235 0.6700 0.005200
691.00 P 20261030 16.20 16.41 6 11 0.2244 -0.3374 0.005300
692.00 C 20261030 41.68 42.67 0 35 0.2228 0.6651 0.005200
692.00 P 20261030 16.49 16.70 3 14 0.2239 -0.3422 0.005400
693.00 C 20261030 41.39 41.71 0 99 0.2226 0.6601 0.005200
693.00 P 20261030 16.78 16.99 15 59 0.2228 -0.3476 0.005400
694.00 C 20261030 40.69 41.00 1 67 0.2220 0.6554 0.005300
694.00 P 20261030 17.07 17.29 12 34 0.2225 -0.3524 0.005500
695.00 C 20261030 40.00 40.32 0 65 0.2212 0.6502 0.005300
695.00 P 20261030 17.34 17.59 12 112 0.2216 -0.3580 0.005500
696.00 C 20261030 39.31 39.62 0 69 0.2205 0.6452 0.005400
696.00 P 20261030 17.67 17.90 17 217 0.2208 -0.3634 0.005600
697.00 C 20261030 38.62 38.93 0 23 0.2197 0.6398 0.005400
697.00 P 20261030 17.99 18.21 0 28 0.2201 -0.3688 0.005600
698.00 C 20261030 37.94 38.26 7 5 0.2189 0.6344 0.005500
698.00 P 20261030 18.28 18.53 0 16 0.2194 -0.3738 0.005600
699.00 C 20261030 37.26 37.58 0 11 0.2182 0.6293 0.005500
699.00 P 20261030 18.63 18.86 86 123 0.2187 -0.3798 0.005700
700.00 C 20261030 36.59 36.91 7 236 0.2176 0.6242 0.005600
700.00 P 20261030 18.96 19.19 166 910 0.2179 -0.3853 0.005800
701.00 C 20261030 35.93 36.24 0 20 0.2168 0.6186 0.005600
701.00 P 20261030 19.30 19.52 8 21 0.2172 -0.3910 0.005800
702.00 C 20261030 35.27 35.59 0 4 0.2162 0.6133 0.005600
702.00 P 20261030 19.61 19.87 0 67 0.2165 -0.3966 0.005800
703.00 C 20261030 34.62 34.92 0 110 0.2154 0.6076 0.005700
703.00 P 20261030 19.98 20.21 2 10 0.2156 -0.4024 0.005900
704.00 C 20261030 33.97 34.28 0 0 0.2148 0.6023 0.005700
704.00 P 20261030 20.32 20.57 41 23 0.2151 -0.4077 0.005900
705.00 C 20261030 33.33 33.63 16 30 0.2141 0.5967 0.005800
705.00 P 20261030 20.68 20.93 124 254 0.2144 -0.4136 0.006000
706.00 C 20261030 32.70 33.01 0 5 0.2134 0.5908 0.005800
706.00 P 20261030 21.04 21.30 0 2 0.2136 -0.4196 0.006000
707.00 C 20261030 32.07 32.38 3 34 0.2127 0.5851 0.005800
707.00 P 20261030 21.41 21.67 4 21 0.2129 -0.4256 0.006100
708.00 C 20261030 31.45 31.75 0 14 0.2122 0.5793 0.005900
708.00 P 20261030 21.81 22.05 5 22 0.2123 -0.4318 0.006100
709.00 C 20261030 30.84 31.14 51 32 0.2114 0.5738 0.005900
709.00 P 20261030 22.16 22.43 2 28 0.2115 -0.4377 0.006100
710.00 C 20261030 30.23 30.52 44 134 0.2108 0.5677 0.005900
710.00 P 20261030 22.56 22.83 145 380 0.2110 -0.4436 0.006200
711.00 C 20261030 29.63 29.92 2 49 0.2102 0.5618 0.006000
711.00 P 20261030 22.95 23.23 1 15 0.2103 -0.4497 0.006200
712.00 C 20261030 29.02 29.32 1 64 0.2094 0.5560 0.006000
712.00 P 20261030 23.37 23.63 45 15 0.2097 -0.4559 0.006200
713.00 C 20261030 28.43 28.72 2 81 0.2088 0.5502 0.006000
713.00 P 20261030 23.78 24.05 25 18 0.2090 -0.4622 0.006300
714.00 C 20261030 27.86 28.15 242 37 0.2081 0.5440 0.006100
714.00 P 20261030 24.20 24.47 17 82 0.2084 -0.4684 0.006300
715.00 C 20261030 27.27 27.56 110 210 0.2074 0.5380 0.006100
715.00 P 20261030 24.62 24.89 57 359 0.2077 -0.4748 0.006400
716.00 C 20261030 26.70 27.00 1 115 0.2069 0.5319 0.006100
716.00 P 20261030 25.05 25.33 0 61 0.2070 -0.4814 0.006400
717.00 C 20261030 26.15 26.43 3 127 0.2063 0.5258 0.006200
717.00 P 20261030 25.52 25.77 1 44 0.2065 -0.4878 0.006400
718.00 C 20261030 25.58 25.88 0 83 0.2057 0.5197 0.006200
718.00 P 20261030 25.95 26.22 11 23 0.2059 -0.4940 0.006400
719.00 C 20261030 25.05 25.31 33 106 0.2050 0.5135 0.006200
719.00 P 20261030 26.40 26.67 0 89 0.2053 -0.5005 0.006500
720.00 C 20261030 24.50 24.77 15 440 0.2046 0.5075 0.006200
720.00 P 20261030 26.87 27.14 42 188 0.2047 -0.5070 0.006500
721.00 C 20261030 23.97 24.23 2 90 0.2040 0.5011 0.006200
721.00 P 20261030 27.32 27.61 3 96 0.2041 -0.5136 0.006500
722.00 C 20261030 23.44 23.71 2 45 0.2033 0.4948 0.006200
722.00 P 20261030 27.81 28.09 66 85 0.2034 -0.5204 0.006500
723.00 C 20261030 22.92 23.19 0 54 0.2027 0.4885 0.006300
723.00 P 20261030 28.30 28.57 20 40 0.2028 -0.5271 0.006600
724.00 C 20261030 22.40 22.66 2 91 0.2023 0.4822 0.006300
724.00 P 20261030 28.79 29.06 1 71 0.2022 -0.5338 0.006600
725.00 C 20261030 21.90 22.17 15 287 0.2016 0.4759 0.006300
725.00 P 20261030 29.29 29.57 23 283 0.2018 -0.5401 0.006600
726.00 C 20261030 21.40 21.64 0 153 0.2011 0.4696 0.006300
726.00 P 20261030 29.79 30.07 20 12 0.2012 -0.5468 0.006600
727.00 C 20261030 20.90 21.18 0 201 0.2006 0.4632 0.006300
727.00 P 20261030 30.31 30.59 2 12 0.2007 -0.5535 0.006600
728.00 C 20261030 20.42 20.66 0 145 0.2000 0.4568 0.006300
728.00 P 20261030 30.83 31.11 0 51 0.1999 -0.5606 0.006600
729.00 C 20261030 19.94 20.21 2 422 0.1995 0.4505 0.006300
729.00 P 20261030 31.36 31.64 2 17 0.1994 -0.5673 0.006600
730.00 C 20261030 19.47 19.74 136 407 0.1993 0.4440 0.006300
730.00 P 20261030 31.89 32.18 12 413 0.1990 -0.5740 0.006600
735.00 C 20261030 17.22 17.47 49 509 0.1967 0.4121 0.006300
735.00 P 20261030 34.68 35.01 8 91 0.1965 -0.6077 0.006600
740.00 C 20261030 15.16 15.37 32 420 0.1942 0.3802 0.006200
740.00 P 20261030 37.67 38.00 151 308 0.1940 -0.6420 0.006600
745.00 C 20261030 13.28 13.52 45 281 0.1926 0.3487 0.006100
745.00 P 20261030 40.85 41.20 2 22 0.1918 -0.6757 0.006500
750.00 C 20261030 11.58 11.81 42 951 0.1908 0.3181 0.006000
750.00 P 20261030 44.23 44.59 0 140 0.1898 -0.7087 0.006400
755.00 C 20261030 10.05 10.27 47 189 0.1892 0.2886 0.005800
755.00 P 20261030 46.08 48.46 1 6 0.1808 -0.7411 0.006200
760.00 C 20261030 8.69 8.87 78 136 0.1875 0.2603 0.005500
760.00 P 20261030 51.18 52.22 0 270 0.1862 -0.7722 0.006100
765.00 C 20261030 7.49 7.68 26 103 0.1866 0.2335 0.005200
765.00 P 20261030 55.14 56.16 0 7 0.1851 -0.8023 0.005900
770.00 C 20261030 6.43 6.58 27 238 0.1854 0.2085 0.004900
770.00 P 20261030 59.20 61.59 0 291 0.1924 -0.8309 0.005600
775.00 C 20261030 5.51 5.65 7 191 0.1848 0.1853 0.004600
775.00 P 20261030 63.41 64.49 0 141 0.1824 -0.8582 0.005400
780.00 C 20261030 4.69 4.83 56 334 0.1840 0.1640 0.004300
780.00 P 20261030 67.75 70.20 1 326 0.1923 -0.8837 0.005200
785.00 C 20261030 3.99 4.11 24 103 0.1835 0.1445 0.004000
785.00 P 20261030 72.22 74.70 0 412 0.1928 -0.9078 0.004900
790.00 C 20261030 3.38 3.50 18 272 0.1831 0.1270 0.003600
790.00 P 20261030 76.80 79.33 0 725 0.1938 -0.9290 0.004500
795.00 C 20261030 2.86 2.97 29 108 0.1828 0.1112 0.003300
795.00 P 20261030 81.50 84.06 0 144 0.1957 -0.9482 0.003900
800.00 C 20261030 2.43 2.51 157 473 0.1828 0.0972 0.003000
800.00 P 20261030 85.22 88.89 3 6 0.1766 -0.9639 0.003200
805.00 C 20261030 2.06 2.13 30 58 0.1829 0.0847 0.002700
805.00 P 20261030 90.12 93.79 0 0 0.1734 -0.9761 0.002500
810.00 C 20261030 1.74 1.80 6 146 0.1830 0.0738 0.002400
810.00 P 20261030 95.10 98.77 0 0 0.1758 -0.9853 0.001800
815.00 C 20261030 1.47 1.53 1 106 0.1834 0.0642 0.002200
815.00 P 20261030 100.11 103.77 0 0 0.1846 -0.9917 0.001200
820.00 C 20261030 1.25 1.31 8 200 0.1842 0.0558 0.001900
820.00 P 20261030 105.08 108.77 0 0 0.1840 -0.9953 0.000700
825.00 C 20261030 1.06 1.12 18 135 0.1849 0.0485 0.001700
825.00 P 20261030 110.08 113.76 0 0 0.1870 -0.9979 0.000400
830.00 C 20261030 0.90 0.95 14 174 0.1855 0.0421 0.001500
830.00 P 20261030 115.08 118.76 0 0 0.1932 -0.9991 0.000200
835.00 C 20261030 0.77 0.82 1 59 0.1866 0.0367 0.001400
835.00 P 20261030 120.07 123.76 0 0 -1.0000 -0.9996 0.000100
840.00 C 20261030 0.65 0.71 2 407 0.1875 0.0319 0.001200
840.00 P 20261030 125.07 128.76 0 1 -1.0000 -0.9999 0.000000
845.00 C 20261030 0.56 0.61 0 10 0.1887 0.0278 0.001100
845.00 P 20261030 130.07 133.76 0 0 -1.0000 -1.0000 0.000000
850.00 C 20261030 0.50 0.53 0 390 0.1905 0.0242 0.001000
850.00 P 20261030 135.07 138.76 0 0 -1.0000 -1.0000 0.000000
855.00 C 20261030 0.41 0.46 2 40 0.1912 0.0210 0.000800
855.00 P 20261030 140.07 143.76 0 0 -1.0000 -1.0000 0.000000
860.00 C 20261030 0.36 0.40 2 119 0.1928 0.0184 0.000700
860.00 P 20261030 145.07 148.76 0 0 -1.0000 -1.0000 0.000000
865.00 C 20261030 0.30 0.36 4 60 0.1941 0.0161 0.000700
865.00 P 20261030 150.07 153.76 0 0 -1.0000 -1.0000 0.000000
870.00 C 20261030 0.26 0.31 2 177 0.1953 0.0141 0.000600
870.00 P 20261030 155.07 158.76 0 0 -1.0000 -1.0000 0.000000
875.00 C 20261030 0.23 0.28 3 6 0.1974 0.0124 0.000500
875.00 P 20261030 160.07 163.76 0 0 -1.0000 -1.0000 0.000000
350.00 C 20261120 364.58 368.24 0 0 0.6066 0.9948 0.000100
350.00 P 20261120 0.30 0.35 51 287 0.5887 -0.0047 0.000100
355.00 C 20261120 359.65 363.31 0 0 0.5980 0.9945 0.000100
355.00 P 20261120 0.31 0.37 0 47 0.5810 -0.0050 0.000100
360.00 C 20261120 354.72 358.41 0 1 0.5919 0.9942 0.000100
360.00 P 20261120 0.33 0.39 0 116 0.5743 -0.0053 0.000100
365.00 C 20261120 349.79 353.45 0 0 0.5810 0.9939 0.000100
365.00 P 20261120 0.35 0.41 1 63 0.5674 -0.0056 0.000100
370.00 C 20261120 344.86 348.53 0 1 0.5732 0.9936 0.000100
370.00 P 20261120 0.37 0.43 0 105 0.5604 -0.0060 0.000100
375.00 C 20261120 339.93 343.59 0 0 0.5640 0.9932 0.000100
375.00 P 20261120 0.39 0.45 0 13 0.5532 -0.0063 0.000100
380.00 C 20261120 335.01 338.69 0 6 0.5584 0.9928 0.000100
380.00 P 20261120 0.41 0.47 2 55 0.5461 -0.0067 0.000100
385.00 C 20261120 330.08 333.77 0 0 0.5505 0.9924 0.000100
385.00 P 20261120 0.44 0.49 0 38 0.5395 -0.0072 0.000100
390.00 C 20261120 325.15 328.84 0 28 0.5420 0.9920 0.000100
390.00 P 20261120 0.46 0.52 4 144 0.5328 -0.0076 0.000100
395.00 C 20261120 320.23 323.89 0 0 0.5329 0.9915 0.000100
395.00 P 20261120 0.49 0.54 1 28 0.5261 -0.0080 0.000100
400.00 C 20261120 315.31 319.00 0 4 0.5274 0.9910 0.000100
400.00 P 20261120 0.52 0.57 10 173 0.5199 -0.0085 0.000100
405.00 C 20261120 310.39 314.08 0 0 0.5201 0.9905 0.000100
405.00 P 20261120 0.54 0.60 1 8 0.5129 -0.0090 0.000100
410.00 C 20261120 305.47 309.13 0 1 0.5110 0.9900 0.000100
410.00 P 20261120 0.57 0.63 1 165 0.5064 -0.0096 0.000100
415.00 C 20261120 300.61 304.21 0 0 0.5068 0.9894 0.000100
415.00 P 20261120 0.61 0.66 1 24 0.5004 -0.0102 0.000100
420.00 C 20261120 295.64 299.33 0 2 0.4983 0.9888 0.000200
420.00 P 20261120 0.64 0.70 2 21 0.4941 -0.0108 0.000200
425.00 C 20261120 290.72 294.39 0 0 0.4898 0.9882 0.000200
425.00 P 20261120 0.71 0.73 1 182 0.4893 -0.0114 0.000200
430.00 C 20261120 285.81 289.48 0 3 0.4832 0.9875 0.000200
430.00 P 20261120 0.71 0.77 1 197 0.4813 -0.0121 0.000200
435.00 C 20261120 280.90 284.57 0 7 0.4765 0.9868 0.000200
435.00 P 20261120 0.75 0.81 0 87 0.4752 -0.0128 0.000200
440.00 C 20261120 275.98 279.67 0 0 0.4698 0.9860 0.000200
440.00 P 20261120 0.79 0.85 1 454 0.4689 -0.0136 0.000200
445.00 C 20261120 271.09 274.75 0 0 0.4633 0.9852 0.000200
445.00 P 20261120 0.84 0.89 1 561 0.4630 -0.0144 0.000200
450.00 C 20261120 266.19 269.85 1 0 0.4571 0.9844 0.000200
450.00 P 20261120 0.88 0.94 2 158 0.4568 -0.0152 0.000200
455.00 C 20261120 261.29 264.95 0 3 0.4508 0.9835 0.000200
455.00 P 20261120 0.93 0.99 1 192 0.4509 -0.0161 0.000200
460.00 C 20261120 256.39 260.06 0 0 0.4448 0.9825 0.000300
460.00 P 20261120 0.98 1.04 3 987 0.4449 -0.0171 0.000300
465.00 C 20261120 251.49 255.19 0 2 0.4392 0.9815 0.000300
465.00 P 20261120 1.04 1.09 1 32 0.4390 -0.0181 0.000300
470.00 C 20261120 246.61 250.27 0 0 0.4326 0.9804 0.000300
470.00 P 20261120 1.09 1.14 152 1317 0.4327 -0.0192 0.000300
475.00 C 20261120 241.72 245.39 0 0 0.4267 0.9793 0.000300
475.00 P 20261120 1.15 1.20 0 198 0.4268 -0.0203 0.000300
480.00 C 20261120 236.84 240.50 0 81 0.4207 0.9781 0.000300
480.00 P 20261120 1.22 1.27 1 122 0.4214 -0.0216 0.000300
485.00 C 20261120 231.96 235.63 2 28 0.4151 0.9768 0.000400
485.00 P 20261120 1.29 1.34 1 74 0.4157 -0.0229 0.000400
490.00 C 20261120 227.08 230.75 5 2 0.4091 0.9754 0.000400
490.00 P 20261120 1.36 1.41 30 21 0.4100 -0.0243 0.000400
495.00 C 20261120 222.22 225.88 2 25 0.4037 0.9739 0.000400
495.00 P 20261120 1.44 1.49 2 115 0.4045 -0.0258 0.000400
500.00 C 20261120 217.35 221.01 0 10 0.3978 0.9724 0.000400
500.00 P 20261120 1.52 1.57 66 820 0.3988 -0.0274 0.000400
505.00 C 20261120 212.49 216.16 0 0 0.3925 0.9707 0.000500
505.00 P 20261120 1.61 1.68 0 80 0.3938 -0.0291 0.000500
510.00 C 20261120 207.64 211.31 0 3 0.3871 0.9689 0.000500
510.00 P 20261120 1.70 1.75 1 276 0.3878 -0.0309 0.000500
515.00 C 20261120 202.79 206.46 0 1 0.3816 0.9670 0.000500
515.00 P 20261120 1.79 1.86 0 181 0.3824 -0.0328 0.000500
520.00 C 20261120 197.95 201.62 0 7 0.3764 0.9649 0.000600
520.00 P 20261120 1.90 1.97 9 69 0.3771 -0.0349 0.000600
525.00 C 20261120 193.11 196.78 0 1 0.3708 0.9627 0.000600
525.00 P 20261120 2.01 2.08 2 113 0.3716 -0.0371 0.000600
530.00 C 20261120 188.28 191.95 0 2 0.3654 0.9603 0.000600
530.00 P 20261120 2.13 2.19 0 244 0.3662 -0.0395 0.000600
535.00 C 20261120 183.46 187.14 0 1 0.3602 0.9578 0.000700
535.00 P 20261120 2.26 2.34 3027 124 0.3613 -0.0421 0.000700
540.00 C 20261120 178.65 182.33 0 26 0.3550 0.9551 0.000700
540.00 P 20261120 2.39 2.46 2 723 0.3558 -0.0448 0.000700
545.00 C 20261120 173.84 177.53 0 1 0.3497 0.9522 0.000800
545.00 P 20261120 2.54 2.61 4 139 0.3507 -0.0478 0.000800
550.00 C 20261120 169.06 172.74 0 32 0.3447 0.9491 0.000800
550.00 P 20261120 2.70 2.77 16 551 0.3456 -0.0509 0.000800
555.00 C 20261120 164.28 167.04 0 0 0.3270 0.9457 0.000900
555.00 P 20261120 2.87 2.94 7 293 0.3404 -0.0544 0.000900
560.00 C 20261120 159.53 162.28 0 2 0.3230 0.9421 0.001000
560.00 P 20261120 3.05 3.13 0 411 0.3355 -0.0580 0.001000
565.00 C 20261120 154.80 157.52 0 2 0.3189 0.9383 0.001000
565.00 P 20261120 3.25 3.33 28 304 0.3307 -0.0619 0.001000
570.00 C 20261120 150.03 152.79 3 11 0.3143 0.9341 0.001100
570.00 P 20261120 3.47 3.54 64 889 0.3258 -0.0662 0.001100
575.00 C 20261120 145.38 148.03 0 5 0.3104 0.9296 0.001200
575.00 P 20261120 3.70 3.77 239 1053 0.3210 -0.0707 0.001200
580.00 C 20261120 140.65 143.33 0 11 0.3059 0.9248 0.001200
580.00 P 20261120 3.94 4.04 129 4954 0.3164 -0.0756 0.001300
585.00 C 20261120 135.98 138.64 3 3 0.3018 0.9197 0.001300
585.00 P 20261120 4.21 4.29 17 489 0.3116 -0.0809 0.001400
590.00 C 20261120 131.34 133.97 6 15 0.2978 0.9141 0.001400
590.00 P 20261120 4.50 4.58 438 1155 0.3071 -0.0865 0.001400
595.00 C 20261120 126.67 129.33 0 1 0.2934 0.9081 0.001500
595.00 P 20261120 4.81 4.90 5 759 0.3026 -0.0926 0.001500
600.00 C 20261120 122.05 124.71 3 29 0.2893 0.9017 0.001600
600.00 P 20261120 5.15 5.24 339 5886 0.2981 -0.0991 0.001600
605.00 C 20261120 117.46 120.12 0 6 0.2852 0.8947 0.001700
605.00 P 20261120 5.52 5.62 8 481 0.2938 -0.1062 0.001800
610.00 C 20261120 113.00 115.56 1 48 0.2819 0.8873 0.001800
610.00 P 20261120 5.91 6.01 58 997 0.2894 -0.1138 0.001900
615.00 C 20261120 108.49 111.03 0 3 0.2780 0.8793 0.002000
615.00 P 20261120 6.34 6.45 10 1377 0.2851 -0.1220 0.002000
620.00 C 20261120 104.00 106.53 1 20 0.2740 0.8706 0.002100
620.00 P 20261120 6.80 6.92 47 5205 0.2809 -0.1308 0.002100
625.00 C 20261120 99.53 102.09 0 8 0.2701 0.8614 0.002200
625.00 P 20261120 7.30 7.43 2268 4317 0.2767 -0.1403 0.002300
630.00 C 20261120 95.21 97.67 9 31 0.2668 0.8514 0.002400
630.00 P 20261120 7.85 8.02 125 4812 0.2728 -0.1505 0.002400
635.00 C 20261120 90.85 93.31 0 28 0.2630 0.8408 0.002500
635.00 P 20261120 8.44 8.58 146 2421 0.2685 -0.1614 0.002600
640.00 C 20261120 86.52 89.04 2 43 0.2595 0.8294 0.002700
640.00 P 20261120 9.09 9.24 566 3683 0.2646 -0.1733 0.002700
645.00 C 20261120 82.19 84.72 4 21 0.2550 0.8172 0.002800
645.00 P 20261120 9.78 9.97 33 2530 0.2607 -0.1858 0.002900
650.00 C 20261120 79.47 80.57 5 86 0.2593 0.8041 0.003000
650.00 P 20261120 10.54 10.74 751 7987 0.2570 -0.1993 0.003100
655.00 C 20261120 73.85 76.43 18 24 0.2482 0.7902 0.003200
655.00 P 20261120 11.37 11.57 67 2551 0.2532 -0.2137 0.003300
660.00 C 20261120 71.28 72.30 0 210 0.2515 0.7754 0.003400
660.00 P 20261120 12.26 12.46 850 5444 0.2494 -0.2290 0.003400
665.00 C 20261120 67.29 68.30 0 79 0.2478 0.7596 0.003500
665.00 P 20261120 13.27 13.44 54 1840 0.2461 -0.2452 0.003600
670.00 C 20261120 63.38 64.45 3 198 0.2446 0.7428 0.003700
670.00 P 20261120 14.28 14.50 713 4883 0.2426 -0.2624 0.003800
675.00 C 20261120 59.61 60.59 9 462 0.2412 0.7251 0.003900
675.00 P 20261120 15.42 15.64 126 3405 0.2390 -0.2810 0.004000
680.00 C 20261120 55.82 56.84 0 510 0.2376 0.7063 0.004100
680.00 P 20261120 16.66 16.87 1199 11087 0.2357 -0.3006 0.004200
685.00 C 20261120 52.17 53.17 0 303 0.2341 0.6866 0.004300
685.00 P 20261120 17.98 18.21 183 3426 0.2323 -0.3212 0.004400
690.00 C 20261120 48.68 49.50 11 642 0.2306 0.6658 0.004400
690.00 P 20261120 19.41 19.63 3505 8084 0.2287 -0.3432 0.004600
695.00 C 20261120 45.21 45.88 1 654 0.2267 0.6440 0.004600
695.00 P 20261120 20.95 21.19 27 1870 0.2260 -0.3656 0.004800
700.00 C 20261120 41.89 42.43 165 1186 0.2231 0.6213 0.004800
700.00 P 20261120 22.59 22.86 405 4821 0.2228 -0.3896 0.005000
705.00 C 20261120 38.61 39.31 13 558 0.2202 0.5976 0.004900
705.00 P 20261120 24.39 24.65 97 1657 0.2196 -0.4149 0.005200
710.00 C 20261120 35.51 35.97 94 1625 0.2162 0.5730 0.005100
710.00 P 20261120 26.29 26.57 5367 1812 0.2166 -0.4409 0.005300
715.00 C 20261120 32.63 32.93 67 800 0.2134 0.5478 0.005200
715.00 P 20261120 28.37 28.63 139 1292 0.2139 -0.4678 0.005500
720.00 C 20261120 29.82 30.12 31 5736 0.2106 0.5218 0.005300
720.00 P 20261120 30.59 30.85 136 3672 0.2112 -0.4951 0.005600
725.00 C 20261120 27.15 27.43 259 3944 0.2081 0.4952 0.005400
725.00 P 20261120 32.96 33.23 1196 12331 0.2087 -0.5236 0.005700
730.00 C 20261120 24.64 24.93 5059 3706 0.2056 0.4682 0.005400
730.00 P 20261120 35.43 35.76 52 1305 0.2058 -0.5528 0.005800
735.00 C 20261120 22.28 22.55 95 1428 0.2035 0.4410 0.005400
735.00 P 20261120 38.11 38.48 9 448 0.2035 -0.5819 0.005800
740.00 C 20261120 20.10 20.29 133 2465 0.2014 0.4138 0.005400
740.00 P 20261120 40.95 41.34 19 229 0.2015 -0.6117 0.005800
745.00 C 20261120 18.02 18.25 42 12088 0.1994 0.3866 0.005400
745.00 P 20261120 42.24 44.62 1 29 0.1935 -0.6413 0.005800
750.00 C 20261120 16.15 16.33 231 2398 0.1976 0.3598 0.005300
750.00 P 20261120 45.42 47.84 97 602 0.1915 -0.6708 0.005700
755.00 C 20261120 14.37 14.63 53 660 0.1959 0.3334 0.005200
755.00 P 20261120 48.77 51.26 2 28 0.1896 -0.6998 0.005700
760.00 C 20261120 12.80 12.98 332 3454 0.1945 0.3078 0.005100
760.00 P 20261120 52.20 55.00 2 45 0.1882 -0.7282 0.005600
765.00 C 20261120 11.32 11.52 40 623 0.1931 0.2829 0.004900
765.00 P 20261120 56.05 58.70 0 13 0.1873 -0.7560 0.005400
770.00 C 20261120 10.03 10.20 90 3346 0.1921 0.2592 0.004700
770.00 P 20261120 59.89 62.55 0 45 0.1856 -0.7828 0.005300
775.00 C 20261120 8.82 9.00 298 2093 0.1909 0.2365 0.004500
775.00 P 20261120 63.87 66.44 5 7 0.1833 -0.8090 0.005200
780.00 C 20261120 7.76 7.93 126 1845 0.1900 0.2151 0.004300
780.00 P 20261120 68.01 70.69 2 260 0.1824 -0.8342 0.005000
785.00 C 20261120 6.81 6.96 91 949 0.1892 0.1950 0.004100
785.00 P 20261120 72.25 74.95 0 277 0.1804 -0.8584 0.004900
790.00 C 20261120 5.96 6.09 29 3595 0.1885 0.1763 0.003800
790.00 P 20261120 76.64 79.34 0 558 0.1782 -0.8817 0.004800
795.00 C 20261120 5.20 5.33 29 694 0.1879 0.1589 0.003600
795.00 P 20261120 81.15 83.84 0 620 0.1749 -0.9033 0.004600
800.00 C 20261120 4.55 4.67 126 7560 0.1877 0.1428 0.003400
800.00 P 20261120 85.76 88.46 37 1078 0.1686 -0.9241 0.004300
805.00 C 20261120 3.96 4.07 5 1753 0.1873 0.1280 0.003100
805.00 P 20261120 90.47 93.17 0 894 -1.0000 -0.9424 0.003900
810.00 C 20261120 3.45 3.55 16 396 0.1872 0.1146 0.002900
810.00 P 20261120 95.27 98.94 0 364 0.1818 -0.9582 0.003300
815.00 C 20261120 2.99 3.10 504 481 0.1870 0.1023 0.002700
815.00 P 20261120 100.15 103.82 0 62 0.1806 -0.9714 0.002600
820.00 C 20261120 2.61 2.70 5 2332 0.1872 0.0912 0.002400
820.00 P 20261120 105.11 108.77 0 0 0.1787 -0.9818 0.002000
825.00 C 20261120 2.26 2.36 4 3066 0.1873 0.0811 0.002200
825.00 P 20261120 110.11 113.77 0 0 0.1847 -0.9887 0.001400
830.00 C 20261120 1.97 2.05 504 215 0.1875 0.0721 0.002000
830.00 P 20261120 115.11 118.77 0 0 0.1907 -0.9937 0.000800
835.00 C 20261120 1.71 1.79 1 3294 0.1878 0.0641 0.001900
835.00 P 20261120 120.10 123.77 0 0 0.1953 -0.9972 0.000400
840.00 C 20261120 1.48 1.56 5 450 0.1881 0.0568 0.001700
840.00 P 20261120 125.10 128.77 0 0 0.2011 -0.9985 0.000200
845.00 C 20261120 1.28 1.36 4 1652 0.1885 0.0504 0.001500
845.00 P 20261120 130.08 133.76 0 0 0.2013 -0.9994 0.000100
850.00 C 20261120 1.12 1.19 22 406 0.1891 0.0447 0.001400
850.00 P 20261120 135.07 138.76 0 0 -1.0000 -1.0000 0.000000
855.00 C 20261120 0.98 1.04 0 273 0.1898 0.0397 0.001300
855.00 P 20261120 140.07 143.76 0 0 -1.0000 -1.0000 0.000000
860.00 C 20261120 0.86 0.91 2 338 0.1906 0.0352 0.001100
860.00 P 20261120 145.07 148.76 0 0 -1.0000 -1.0000 0.000000
865.00 C 20261120 0.75 0.80 2 308 0.1912 0.0312 0.001000
865.00 P 20261120 150.07 153.76 0 0 -1.0000 -1.0000 0.000000
870.00 C 20261120 0.65 0.70 62 359 0.1918 0.0277 0.000900
870.00 P 20261120 155.07 158.76 0 0 -1.0000 -1.0000 0.000000
875.00 C 20261120 0.56 0.62 1 204 0.1926 0.0247 0.000800
875.00 P 20261120 160.07 163.76 0 0 -1.0000 -1.0000 0.000000
880.00 C 20261120 0.50 0.55 19 692 0.1939 0.0219 0.000800
880.00 P 20261120 165.07 168.76 0 0 -1.0000 -1.0000 0.000000
885.00 C 20261120 0.43 0.49 0 271 0.1947 0.0195 0.000700
885.00 P 20261120 170.07 173.76 0 0 -1.0000 -1.0000 0.000000
890.00 C 20261120 0.38 0.43 3 1079 0.1956 0.0174 0.000600
890.00 P 20261120 175.07 178.76 0 0 -1.0000 -1.0000 0.000000
895.00 C 20261120 0.33 0.39 0 148 0.1968 0.0156 0.000600
895.00 P 20261120 180.07 183.76 0 0 -1.0000 -1.0000 0.000000
900.00 C 20261120 0.30 0.35 3 1305 0.1984 0.0139 0.000500
900.00 P 20261120 185.07 188.76 0 0 -1.0000 -1.0000 0.000000
905.00 C 20261120 0.26 0.31 0 437 0.1991 0.0125 0.000400
905.00 P 20261120 190.07 193.76 0 0 -1.0000 -1.0000 0.000000
910.00 C 20261120 0.23 0.28 1 988 0.2004 0.0112 0.000400
910.00 P 20261120 195.07 198.76 0 0 -1.0000 -1.0000 0.000000
915.00 C 20261120 0.20 0.26 1 78 0.2018 0.0101 0.000400
915.00 P 20261120 200.07 203.76 0 0 -1.0000 -1.0000 0.000000
920.00 C 20261120 0.18 0.23 119 1008 0.2029 0.0091 0.000300
920.00 P 20261120 205.07 208.76 0 0 -1.0000 -1.0000 0.000000
925.00 C 20261120 0.16 0.21 1 55 0.2043 0.0082 0.000300
925.00 P 20261120 210.07 213.76 0 0 -1.0000 -1.0000 0.000000
930.00 C 20261120 0.14 0.19 4 150 0.2054 0.0075 0.000300
930.00 P 20261120 215.07 218.76 0 0 -1.0000 -1.0000 0.000000
935.00 C 20261120 0.12 0.17 9 113 0.2062 0.0068 0.000300
935.00 P 20261120 220.07 223.76 0 0 -1.0000 -1.0000 0.000000
940.00 C 20261120 0.11 0.16 1062 399 0.2082 0.0062 0.000200
940.00 P 20261120 225.07 228.76 0 0 -1.0000 -1.0000 0.000000
945.00 C 20261120 0.10 0.15 5 65 0.2101 0.0057 0.000200
945.00 P 20261120 230.07 233.76 0 0 -1.0000 -1.0000 0.000000
950.00 C 20261120 0.08 0.14 286 2577 0.2108 0.0052 0.000200
950.00 P 20261120 235.07 238.76 0 0 -1.0000 -1.0000 0.000000
955.00 C 20261120 0.08 0.13 0 203 0.2133 0.0048 0.000200
955.00 P 20261120 240.07 243.76 0 0 -1.0000 -1.0000 0.000000
960.00 C 20261120 0.07 0.12 1 667 0.2146 0.0044 0.000200
960.00 P 20261120 245.07 248.76 0 0 -1.0000 -1.0000 0.000000
965.00 C 20261120 0.06 0.11 0 422 0.2156 0.0041 0.000100
965.00 P 20261120 250.07 253.76 0 0 -1.0000 -1.0000 0.000000
970.00 C 20261120 0.05 0.11 1 1075 0.2177 0.0038 0.000100
970.00 P 20261120 255.07 258.76 0 0 -1.0000 -1.0000 0.000000
975.00 C 20261120 0.05 0.10 0 559 0.2197 0.0035 0.000100
975.00 P 20261120 260.07 263.76 0 0 -1.0000 -1.0000 0.000000
980.00 C 20261120 0.04 0.10 0 597 0.2215 0.0032 0.000100
980.00 P 20261120 265.07 268.76 0 0 -1.0000 -1.0000 0.000000
985.00 C 20261120 0.03 0.09 0 717 0.2215 0.0030 0.000100
985.00 P 20261120 270.07 273.76 0 0 -1.0000 -1.0000 0.000000
990.00 C 20261120 0.03 0.09 0 364 0.2247 0.0028 0.000100
990.00 P 20261120 275.07 278.76 0 0 -1.0000 -1.0000 0.000000
995.00 C 20261120 0.03 0.08 0 653 0.2261 0.0026 0.000100
995.00 P 20261120 280.07 283.76 0 0 -1.0000 -1.0000 0.000000
1000.00 C 20261120 0.03 0.07 44 16637 0.2273 0.0025 0.000100
1000.00 P 20261120 285.07 288.76 0 0 -1.0000 -1.0000 0.000000
1005.00 C 20261120 0.02 0.08 0 5 0.2303 0.0023 0.000100
1005.00 P 20261120 290.07 293.76 0 0 -1.0000 -1.0000 0.000000
1010.00 C 20261120 0.02 0.07 0 2 0.2312 0.0022 0.000100
1010.00 P 20261120 295.07 298.76 0 0 -1.0000 -1.0000 0.000000
1015.00 C 20261120 0.01 0.07 0 1 0.2319 0.0021 0.000100
1015.00 P 20261120 300.07 303.76 0 0 -1.0000 -1.0000 0.000000
1020.00 C 20261120 0.01 0.07 0 12 0.2349 0.0020 0.000100
1020.00 P 20261120 305.07 308.76 0 0 -1.0000 -1.0000 0.000000
1025.00 C 20261120 0.01 0.07 0 1 0.2378 0.0019 0.000100
1025.00 P 20261120 310.08 313.76 0 0 0.3755 -1.0000 0.000000
1030.00 C 20261120 0.01 0.07 0 4 0.2408 0.0018 0.000100
1030.00 P 20261120 315.08 318.76 0 0 0.3798 -1.0000 0.000000
1035.00 C 20261120 0.01 0.06 0 1 0.2410 0.0017 0.000100
1035.00 P 20261120 320.08 323.76 0 0 0.3840 -1.0000 0.000000
1040.00 C 20261120 0.01 0.06 0 1 0.2439 0.0016 0.000100
1040.00 P 20261120 325.08 328.76 0 0 0.3882 -1.0000 0.000000
1045.00 C 20261120 0.00 0.06 0 5 0.2436 0.0015 0.000100
1045.00 P 20261120 330.08 333.76 0 0 0.3923 -1.0000 0.000000
1050.00 C 20261120 0.00 0.06 0 5 0.2464 0.0014 0.000000
1050.00 P 20261120 335.08 338.76 0 0 0.3965 -1.0000 0.000000
1055.00 C 20261120 0.00 0.06 0 6 0.2492 0.0014 0.000000
1055.00 P 20261120 340.08 343.76 0 0 0.4006 -1.0000 0.000000
1060.00 C 20261120 0.00 0.06 0 9 0.2520 0.0013 0.000000
1060.00 P 20261120 345.08 348.76 0 0 0.4047 -1.0000 0.000000
1065.00 C 20261120 0.00 0.06 0 2 0.2548 0.0013 0.000000
1065.00 P 20261120 350.08 353.76 0 0 0.4088 -1.0000 0.000000
1070.00 C 20261120 0.00 0.05 0 285 0.2538 0.0012 0.000000
1070.00 P 20261120 355.07 358.76 0 0 -1.0000 -1.0000 0.000000
1075.00 C 20261120 0.00 0.05 0 13 0.2565 0.0012 0.000000
1075.00 P 20261120 360.07 363.76 0 0 -1.0000 -1.0000 0.000000
1080.00 C 20261120 0.00 0.05 0 2024 0.2592 0.0011 0.000000
1080.00 P 20261120 365.07 368.76 0 0 -1.0000 -1.0000 0.000000
1085.00 C 20261120 0.00 0.05 0 27835 0.2619 0.0011 0.000000
1085.00 P 20261120 370.07 373.76 0 0 -1.0000 -1.0000 0.000000
204.78 C 20261218 508.84 512.50 0 264 0.8972 0.9985 0.000000
204.78 P 20261218 0.08 0.09 1213 9512 0.7632 -0.0009 0.000000
209.78 C 20261218 503.91 507.58 0 231 0.8699 0.9984 0.000000
209.78 P 20261218 0.07 0.10 0 515 0.7489 -0.0010 0.000000
214.78 C 20261218 498.99 502.65 0 27 0.8547 0.9984 0.000000
214.78 P 20261218 0.08 0.12 0 212 0.7461 -0.0011 0.000000
219.78 C 20261218 494.07 497.76 0 51 0.8411 0.9983 0.000000
219.78 P 20261218 0.08 0.13 10 152 0.7358 -0.0012 0.000000
224.78 C 20261218 489.15 492.83 0 6 0.8278 0.9982 0.000000
224.78 P 20261218 0.09 0.14 10 272 0.7285 -0.0013 0.000000
229.78 C 20261218 484.22 487.77 0 9 0.8099 0.9981 0.000000
229.78 P 20261218 0.10 0.16 10 428 0.7237 -0.0014 0.000000
234.78 C 20261218 479.30 482.97 0 0 0.8007 0.9980 0.000000
234.78 P 20261218 0.11 0.17 0 2234 0.7157 -0.0015 0.000000
239.78 C 20261218 474.38 478.04 0 9 0.7969 0.9978 0.000000
239.78 P 20261218 0.12 0.18 0 379 0.7076 -0.0016 0.000000
244.78 C 20261218 469.46 473.12 0 40 0.7843 0.9977 0.000000
244.78 P 20261218 0.13 0.19 0 632 0.6994 -0.0018 0.000000
249.78 C 20261218 464.54 468.22 0 99 0.7637 0.9976 0.000000
249.78 P 20261218 0.14 0.20 0 655 0.6911 -0.0019 0.000000
250.00 C 20261218 464.32 468.01 0 104 0.7635 0.9976 0.000000
250.00 P 20261218 0.14 0.20 0 557 0.6905 -0.0019 0.000000
254.78 C 20261218 459.61 463.28 0 132 0.7518 0.9974 0.000000
254.78 P 20261218 0.15 0.21 0 666 0.6827 -0.0021 0.000000
255.00 C 20261218 459.40 463.09 0 1 0.7516 0.9974 0.000000
255.00 P 20261218 0.15 0.21 0 348 0.6821 -0.0021 0.000000
259.78 C 20261218 454.69 458.36 0 51 0.7401 0.9973 0.000000
259.78 P 20261218 0.16 0.20 0 1423 0.6705 -0.0022 0.000000
260.00 C 20261218 454.48 458.17 0 2 0.7399 0.9973 0.000000
260.00 P 20261218 0.16 0.22 0 346 0.6737 -0.0022 0.000000
264.78 C 20261218 449.77 453.43 0 41 0.7343 0.9971 0.000000
264.78 P 20261218 0.17 0.24 0 840 0.6675 -0.0024 0.000000
265.00 C 20261218 449.56 453.25 0 0 0.7284 0.9971 0.000000
265.00 P 20261218 0.17 0.24 0 700 0.6670 -0.0024 0.000000
269.78 C 20261218 444.86 448.54 0 124 0.7182 0.9969 0.000000
269.78 P 20261218 0.19 0.25 0 3606 0.6605 -0.0025 0.000000
270.00 C 20261218 444.64 448.33 0 0 0.7180 0.9969 0.000000
270.00 P 20261218 0.19 0.25 0 759 0.6600 -0.0026 0.000000
274.78 C 20261218 439.94 443.60 0 52 0.7132 0.9968 0.000000
274.78 P 20261218 0.20 0.26 0 559 0.6519 -0.0027 0.000000
275.00 C 20261218 439.72 443.38 0 102 0.7068 0.9968 0.000000
275.00 P 20261218 0.20 0.26 0 3038 0.6514 -0.0027 0.000000
279.78 C 20261218 435.02 438.68 0 44 0.7020 0.9966 0.000000
279.78 P 20261218 0.21 0.28 0 415 0.6448 -0.0029 0.000000
280.00 C 20261218 434.80 438.46 0 0 0.6967 0.9966 0.000000
280.00 P 20261218 0.21 0.28 0 105 0.6442 -0.0029 0.000000
284.78 C 20261218 430.10 433.76 0 23 0.6789 0.9964 0.000000
284.78 P 20261218 0.23 0.29 0 3826 0.6374 -0.0031 0.000000
285.00 C 20261218 429.88 433.55 0 7 0.6778 0.9964 0.000000
285.00 P 20261218 0.23 0.29 0 694 0.6369 -0.0031 0.000000
289.78 C 20261218 425.18 428.84 0 19 0.6693 0.9962 0.000000
289.78 P 20261218 0.24 0.31 0 518 0.6301 -0.0033 0.000000
290.00 C 20261218 424.97 428.65 0 0 0.6750 0.9962 0.000000
290.00 P 20261218 0.24 0.31 0 259 0.6296 -0.0033 0.000000
294.78 C 20261218 420.27 423.95 0 57 0.6597 0.9959 0.000000
294.78 P 20261218 0.26 0.32 0 2858 0.6226 -0.0036 0.000000
295.00 C 20261218 420.05 423.74 0 9 0.6595 0.9959 0.000000
295.00 P 20261218 0.26 0.31 0 245 0.6209 -0.0036 0.000000
299.78 C 20261218 415.35 419.04 0 122 0.6503 0.9957 0.000000
299.78 P 20261218 0.28 0.34 0 2433 0.6162 -0.0038 0.000000
300.00 C 20261218 415.13 418.79 1 7 0.6594 0.9957 0.000000
300.00 P 20261218 0.28 0.34 0 3507 0.6157 -0.0038 0.000000
304.78 C 20261218 410.43 414.09 0 123 0.6463 0.9955 0.000000
304.78 P 20261218 0.29 0.36 0 402 0.6086 -0.0040 0.000000
305.00 C 20261218 410.22 413.90 0 0 0.6475 0.9954 0.000000
305.00 P 20261218 0.30 0.36 0 292 0.6091 -0.0040 0.000000
309.78 C 20261218 405.52 409.21 0 68 0.6382 0.9952 0.000000
309.78 P 20261218 0.31 0.38 0 503 0.6019 -0.0043 0.000000
310.00 C 20261218 405.30 408.96 0 4 0.6366 0.9952 0.000000
310.00 P 20261218 0.32 0.38 0 336 0.6024 -0.0043 0.000000
314.78 C 20261218 400.60 404.27 0 47 0.6288 0.9949 0.000000
314.78 P 20261218 0.33 0.40 0 489 0.5951 -0.0046 0.000000
315.00 C 20261218 400.39 404.08 0 0 0.6293 0.9949 0.000000
315.00 P 20261218 0.33 0.40 0 2773 0.5946 -0.0046 0.000000
319.78 C 20261218 395.69 399.35 0 20 0.6195 0.9946 0.000100
319.78 P 20261218 0.35 0.42 0 2241 0.5882 -0.0048 0.000100
320.00 C 20261218 395.47 399.14 0 13 0.6199 0.9946 0.000100
320.00 P 20261218 0.36 0.42 2 645 0.5887 -0.0049 0.000100
324.78 C 20261218 390.78 394.47 0 37 0.6154 0.9943 0.000100
324.78 P 20261218 0.38 0.44 0 626 0.5822 -0.0052 0.000100
325.00 C 20261218 390.56 394.23 0 10 0.6100 0.9943 0.000100
325.00 P 20261218 0.38 0.44 0 479 0.5817 -0.0052 0.000100
329.78 C 20261218 385.87 389.55 0 27 0.6030 0.9940 0.000100
329.78 P 20261218 0.40 0.46 0 6014 0.5751 -0.0055 0.000100
330.00 C 20261218 385.65 389.34 0 5 0.6015 0.9940 0.000100
330.00 P 20261218 0.41 0.46 0 1520 0.5755 -0.0055 0.000100
334.78 C 20261218 380.96 384.62 0 108 0.5963 0.9937 0.000100
334.78 P 20261218 0.42 0.49 0 1128 0.5688 -0.0058 0.000100
335.00 C 20261218 380.74 384.40 0 3 0.5942 0.9937 0.000100
335.00 P 20261218 0.42 0.49 0 234 0.5683 -0.0058 0.000100
339.78 C 20261218 376.05 379.74 0 22 0.5860 0.9934 0.000100
339.78 P 20261218 0.45 0.51 0 723 0.5623 -0.0062 0.000100
340.00 C 20261218 375.83 379.49 0 5 0.5863 0.9933 0.000100
340.00 P 20261218 0.45 0.51 0 316 0.5618 -0.0062 0.000100
344.78 C 20261218 371.14 374.80 0 197 0.5782 0.9930 0.000100
344.78 P 20261218 0.48 0.54 1 7897 0.5564 -0.0065 0.000100
345.00 C 20261218 370.92 374.62 0 13 0.5807 0.9930 0.000100
345.00 P 20261218 0.48 0.54 2 588 0.5560 -0.0065 0.000100
349.78 C 20261218 366.23 369.93 0 423 0.5730 0.9926 0.000100
349.78 P 20261218 0.50 0.56 0 2521 0.5491 -0.0069 0.000100
350.00 C 20261218 366.02 369.68 0 15 0.5711 0.9926 0.000100
350.00 P 20261218 0.50 0.56 0 2808 0.5486 -0.0069 0.000100
354.78 C 20261218 361.33 365.02 0 21 0.5620 0.9922 0.000100
354.78 P 20261218 0.53 0.59 0 785 0.5429 -0.0073 0.000100
355.00 C 20261218 361.11 364.77 0 3 0.5628 0.9922 0.000100
355.00 P 20261218 0.53 0.59 0 495 0.5425 -0.0073 0.000100
359.78 C 20261218 356.43 360.11 0 105 0.5511 0.9918 0.000100
359.78 P 20261218 0.56 0.62 0 2473 0.5367 -0.0077 0.000100
360.00 C 20261218 356.21 359.87 0 14 0.5539 0.9918 0.000100
360.00 P 20261218 0.56 0.62 0 1173 0.5363 -0.0078 0.000100
364.78 C 20261218 351.52 355.22 0 27 0.5493 0.9913 0.000100
364.78 P 20261218 0.59 0.65 0 671 0.5304 -0.0082 0.000100
365.00 C 20261218 351.31 355.00 0 6 0.5490 0.9913 0.000100
365.00 P 20261218 0.59 0.65 0 229 0.5300 -0.0082 0.000100
369.78 C 20261218 346.62 350.32 0 52 0.5396 0.9909 0.000100
369.78 P 20261218 0.62 0.68 0 4016 0.5239 -0.0087 0.000100
370.00 C 20261218 346.41 350.10 0 310 0.5416 0.9908 0.000100
370.00 P 20261218 0.62 0.68 0 747 0.5235 -0.0087 0.000100
374.78 C 20261218 341.72 345.42 0 68 0.5323 0.9904 0.000100
374.78 P 20261218 0.66 0.72 1 2053 0.5186 -0.0092 0.000100
375.00 C 20261218 341.51 345.20 0 7 0.5342 0.9904 0.000100
375.00 P 20261218 0.66 0.72 200 1322 0.5181 -0.0092 0.000100
379.78 C 20261218 336.82 340.49 0 105 0.5219 0.9898 0.000100
379.78 P 20261218 0.69 0.75 0 5090 0.5119 -0.0097 0.000100
380.00 C 20261218 336.61 340.27 0 5 0.5255 0.9898 0.000100
380.00 P 20261218 0.69 0.75 0 3842 0.5116 -0.0097 0.000100
384.78 C 20261218 331.93 335.62 0 31 0.5184 0.9893 0.000100
384.78 P 20261218 0.73 0.79 0 560 0.5063 -0.0102 0.000100
385.00 C 20261218 331.71 335.38 0 52 0.5186 0.9893 0.000100
385.00 P 20261218 0.73 0.79 0 392 0.5058 -0.0102 0.000100
389.78 C 20261218 327.03 330.69 0 46 0.5115 0.9887 0.000100
389.78 P 20261218 0.76 0.83 0 1203 0.4999 -0.0108 0.000100
390.00 C 20261218 326.82 330.48 0 106 0.5116 0.9887 0.000100
390.00 P 20261218 0.77 0.83 0 1953 0.5000 -0.0108 0.000100
394.78 C 20261218 322.14 325.80 0 60 0.5018 0.9881 0.000100
394.78 P 20261218 0.80 0.87 0 817 0.4939 -0.0114 0.000100
395.00 C 20261218 321.92 325.59 0 29 0.5046 0.9881 0.000100
395.00 P 20261218 0.81 0.87 1 181 0.4940 -0.0114 0.000100
399.78 C 20261218 317.25 320.91 0 247 0.4982 0.9875 0.000200
399.78 P 20261218 0.85 0.90 0 3691 0.4879 -0.0120 0.000200
400.00 C 20261218 317.03 320.70 0 362 0.4979 0.9875 0.000200
400.00 P 20261218 0.85 0.91 30 29948 0.4879 -0.0121 0.000200
404.78 C 20261218 312.36 316.02 0 83 0.4915 0.9868 0.000200
404.78 P 20261218 0.89 0.95 1 1426 0.4822 -0.0127 0.000200
405.00 C 20261218 312.14 315.81 0 32 0.4884 0.9868 0.000200
405.00 P 20261218 0.89 0.95 0 241 0.4817 -0.0128 0.000200
409.78 C 20261218 307.47 311.14 0 66 0.4851 0.9861 0.000200
409.78 P 20261218 0.93 1.00 1 603 0.4762 -0.0134 0.000200
410.00 C 20261218 307.26 310.92 0 127 0.4848 0.9861 0.000200
410.00 P 20261218 0.94 0.99 1 5661 0.4759 -0.0135 0.000200
414.78 C 20261218 302.59 306.28 0 85 0.4796 0.9854 0.000200
414.78 P 20261218 0.98 1.04 0 2290 0.4704 -0.0142 0.000200
415.00 C 20261218 302.37 306.05 0 21 0.4787 0.9853 0.000200
415.00 P 20261218 0.98 1.05 1 767 0.4702 -0.0142 0.000200
419.78 C 20261218 297.70 301.37 0 40 0.4721 0.9846 0.000200
419.78 P 20261218 1.03 1.10 1 515 0.4649 -0.0150 0.000200
420.00 C 20261218 297.49 301.16 0 166 0.4722 0.9845 0.000200
420.00 P 20261218 1.03 1.10 5 7763 0.4645 -0.0150 0.000200
424.78 C 20261218 292.83 296.49 0 184 0.4662 0.9837 0.000200
424.78 P 20261218 1.08 1.16 1 1604 0.4594 -0.0158 0.000200
425.00 C 20261218 292.61 296.28 0 96 0.4659 0.9837 0.000200
425.00 P 20261218 1.09 1.16 1 455 0.4593 -0.0159 0.000200
429.78 C 20261218 287.95 291.62 0 117 0.4601 0.9829 0.000200
429.78 P 20261218 1.14 1.20 0 297 0.4534 -0.0167 0.000200
430.00 C 20261218 287.74 291.40 0 1484 0.4598 0.9828 0.000200
430.00 P 20261218 1.14 1.21 0 8566 0.4533 -0.0168 0.000200
434.78 C 20261218 283.07 286.77 0 137 0.4545 0.9819 0.000200
434.78 P 20261218 1.20 1.27 1 144 0.4482 -0.0177 0.000200
435.00 C 20261218 282.86 286.53 0 44 0.4537 0.9819 0.000200
435.00 P 20261218 1.20 1.26 0 344 0.4475 -0.0177 0.000200
439.78 C 20261218 278.20 281.90 0 899 0.4486 0.9810 0.000200
439.78 P 20261218 1.26 1.32 0 2192 0.4424 -0.0187 0.000200
440.00 C 20261218 277.99 281.66 0 817 0.4477 0.9809 0.000200
440.00 P 20261218 1.26 1.31 2 11601 0.4417 -0.0187 0.000200
444.78 C 20261218 273.34 277.00 0 1386 0.4420 0.9799 0.000300
444.78 P 20261218 1.32 1.40 0 1758 0.4372 -0.0197 0.000300
445.00 C 20261218 273.12 276.81 0 22 0.4422 0.9799 0.000300
445.00 P 20261218 1.33 1.39 0 239 0.4366 -0.0198 0.000300
449.78 C 20261218 268.47 272.17 0 32 0.4369 0.9788 0.000300
449.78 P 20261218 1.39 1.47 0 452 0.4318 -0.0208 0.000300
450.00 C 20261218 268.26 271.93 0 1265 0.4344 0.9788 0.000300
450.00 P 20261218 1.39 1.42 28 15613 0.4302 -0.0209 0.000300
454.78 C 20261218 263.61 267.28 0 203 0.4290 0.9776 0.000300
454.78 P 20261218 1.46 1.53 0 1867 0.4262 -0.0220 0.000300
455.00 C 20261218 263.40 267.06 0 28 0.4287 0.9776 0.000300
455.00 P 20261218 1.47 1.54 0 2499 0.4262 -0.0221 0.000300
459.78 C 20261218 258.75 262.45 0 216 0.4253 0.9764 0.000300
459.78 P 20261218 1.54 1.61 0 293 0.4210 -0.0232 0.000300
460.00 C 20261218 258.54 262.21 1 438 0.4245 0.9764 0.000300
460.00 P 20261218 1.54 1.59 1 4194 0.4202 -0.0233 0.000300
464.78 C 20261218 253.90 257.57 0 138 0.4191 0.9751 0.000300
464.78 P 20261218 1.62 1.69 0 493 0.4158 -0.0246 0.000300
465.00 C 20261218 253.69 257.36 0 19 0.4190 0.9750 0.000300
465.00 P 20261218 1.62 1.69 0 2342 0.4155 -0.0246 0.000300
469.78 C 20261218 249.06 252.72 0 630 0.4137 0.9737 0.000400
469.78 P 20261218 1.70 1.78 0 456 0.4106 -0.0260 0.000400
470.00 C 20261218 248.84 252.51 6 1903 0.4134 0.9737 0.000400
470.00 P 20261218 1.71 1.76 0 4328 0.4101 -0.0260 0.000400
474.78 C 20261218 244.22 247.88 0 146 0.4086 0.9722 0.000400
474.78 P 20261218 1.79 1.87 0 1156 0.4054 -0.0275 0.000400
475.00 C 20261218 244.00 247.67 0 100 0.4083 0.9722 0.000400
475.00 P 20261218 1.80 1.87 0 1464 0.4053 -0.0275 0.000400
479.78 C 20261218 239.38 243.05 0 148 0.4033 0.9707 0.000400
479.78 P 20261218 1.89 1.96 0 332 0.4004 -0.0290 0.000400
480.00 C 20261218 239.14 242.83 0 3122 0.4024 0.9706 0.000400
480.00 P 20261218 1.89 1.95 5 18361 0.3998 -0.0291 0.000400
484.78 C 20261218 234.55 238.21 0 420 0.3979 0.9690 0.000400
484.78 P 20261218 1.99 2.06 63 1754 0.3953 -0.0307 0.000400
485.00 C 20261218 234.33 238.00 0 29 0.3976 0.9690 0.000400
485.00 P 20261218 1.99 2.07 0 1452 0.3950 -0.0308 0.000400
489.78 C 20261218 229.72 233.39 0 854 0.3927 0.9673 0.000400
489.78 P 20261218 2.10 2.18 0 641 0.3905 -0.0325 0.000500
490.00 C 20261218 229.51 233.18 0 467 0.3925 0.9672 0.000400
490.00 P 20261218 2.10 2.17 1 7251 0.3900 -0.0326 0.000500
494.78 C 20261218 224.90 228.57 0 565 0.3874 0.9654 0.000500
494.78 P 20261218 2.21 2.28 0 749 0.3854 -0.0343 0.000500
495.00 C 20261218 224.69 228.36 0 56 0.3872 0.9654 0.000500
495.00 P 20261218 2.21 2.29 0 1295 0.3851 -0.0344 0.000500
499.78 C 20261218 220.09 223.76 0 322 0.3824 0.9635 0.000500
499.78 P 20261218 2.33 2.40 0 770 0.3805 -0.0363 0.000500
500.00 C 20261218 219.88 223.55 0 6154 0.3822 0.9634 0.000500
500.00 P 20261218 2.33 2.40 54 19562 0.3799 -0.0365 0.000500
504.78 C 20261218 215.29 218.96 0 1899 0.3775 0.9614 0.000500
504.78 P 20261218 2.45 2.53 0 2715 0.3756 -0.0384 0.000600
505.00 C 20261218 215.07 218.75 0 90 0.3763 0.9613 0.000500
505.00 P 20261218 2.46 2.54 0 3444 0.3754 -0.0386 0.000600
509.78 C 20261218 210.49 214.16 0 541 0.3725 0.9592 0.000600
509.78 P 20261218 2.58 2.67 0 318 0.3707 -0.0407 0.000600
510.00 C 20261218 210.25 213.94 0 4030 0.3717 0.9591 0.000600
510.00 P 20261218 2.59 2.66 1 6455 0.3702 -0.0409 0.000600
514.78 C 20261218 205.70 209.37 0 96 0.3675 0.9568 0.000600
514.78 P 20261218 2.72 2.81 0 348 0.3660 -0.0431 0.000600
515.00 C 20261218 205.48 209.16 0 1452 0.3672 0.9567 0.000600
515.00 P 20261218 2.73 2.82 1 2713 0.3658 -0.0432 0.000600
519.78 C 20261218 200.91 204.59 0 694 0.3626 0.9543 0.000600
519.78 P 20261218 2.88 2.96 5 796 0.3614 -0.0456 0.000600
520.00 C 20261218 200.70 204.38 0 721 0.3624 0.9542 0.000600
520.00 P 20261218 2.87 2.96 5 9566 0.3606 -0.0458 0.000600
524.78 C 20261218 196.14 199.81 0 251 0.3577 0.9516 0.000700
524.78 P 20261218 3.04 3.12 19 472 0.3564 -0.0484 0.000700
525.00 C 20261218 195.93 199.60 0 408 0.3575 0.9515 0.000700
525.00 P 20261218 3.04 3.13 11 4288 0.3563 -0.0485 0.000700
529.78 C 20261218 191.38 195.05 0 279 0.3530 0.9488 0.000700
529.78 P 20261218 3.21 3.31 6 439 0.3522 -0.0513 0.000700
530.00 C 20261218 191.14 194.84 0 2512 0.3524 0.9487 0.000700
530.00 P 20261218 3.21 3.29 22 23040 0.3514 -0.0514 0.000700
534.78 C 20261218 186.62 190.30 0 694 0.3482 0.9458 0.000800
534.78 P 20261218 3.39 3.47 9 445 0.3473 -0.0543 0.000800
535.00 C 20261218 186.41 190.09 0 241 0.3480 0.9456 0.000800
535.00 P 20261218 3.39 3.50 41 7863 0.3472 -0.0545 0.000800
539.78 C 20261218 181.88 184.42 0 1145 0.3307 0.9426 0.000800
539.78 P 20261218 3.58 3.69 49 554 0.3430 -0.0576 0.000800
540.00 C 20261218 182.53 185.34 0 4231 0.3523 0.9424 0.000800
540.00 P 20261218 3.59 3.67 20 16787 0.3424 -0.0578 0.000800
544.78 C 20261218 177.15 179.69 0 238 0.3267 0.9392 0.000900
544.78 P 20261218 3.78 3.89 0 632 0.3382 -0.0611 0.000900
545.00 C 20261218 177.82 180.62 0 1191 0.3475 0.9390 0.000900
545.00 P 20261218 3.79 3.89 0 1261 0.3379 -0.0613 0.000900
549.78 C 20261218 172.84 174.97 0 3010 0.3269 0.9355 0.000900
549.78 P 20261218 4.00 4.12 1 437 0.3340 -0.0648 0.000900
550.00 C 20261218 173.10 175.89 0 3636 0.3424 0.9354 0.000900
550.00 P 20261218 4.01 4.12 12 22151 0.3338 -0.0649 0.000900
554.78 C 20261218 167.73 170.27 0 151 0.3187 0.9316 0.001000
554.78 P 20261218 4.23 4.34 0 3917 0.3293 -0.0688 0.001000
555.00 C 20261218 168.41 171.20 0 288 0.3378 0.9315 0.001000
555.00 P 20261218 4.24 4.37 18 7857 0.3292 -0.0690 0.001000
559.78 C 20261218 163.47 165.58 0 119 0.3188 0.9275 0.001000
559.78 P 20261218 4.48 4.59 41 314 0.3250 -0.0730 0.001000
560.00 C 20261218 163.73 166.51 0 861 0.3330 0.9273 0.001000
560.00 P 20261218 4.49 4.59 53 14564 0.3246 -0.0732 0.001000
564.78 C 20261218 158.86 160.90 0 516 0.3151 0.9231 0.001100
564.78 P 20261218 4.75 4.86 6 847 0.3208 -0.0774 0.001100
565.00 C 20261218 159.11 161.85 0 567 0.3287 0.9229 0.001100
565.00 P 20261218 4.76 4.88 5 4614 0.3208 -0.0776 0.001100
569.78 C 20261218 154.24 156.24 10 870 0.3113 0.9184 0.001200
569.78 P 20261218 5.03 5.15 1 843 0.3166 -0.0822 0.001200
570.00 C 20261218 154.47 157.20 0 3460 0.3242 0.9182 0.001200
570.00 P 20261218 5.04 5.14 19 14249 0.3162 -0.0824 0.001200
574.78 C 20261218 149.62 151.60 0 263 0.3073 0.9135 0.001200
574.78 P 20261218 5.34 5.46 137 1707 0.3124 -0.0873 0.001200
575.00 C 20261218 149.84 152.56 10 338 0.3195 0.9132 0.001200
575.00 P 20261218 5.35 5.47 10 13890 0.3121 -0.0875 0.001300
579.78 C 20261218 145.02 146.99 0 338 0.3034 0.9081 0.001300
579.78 P 20261218 5.66 5.79 1 1297 0.3082 -0.0927 0.001300
580.00 C 20261218 145.25 147.96 0 1254 0.3152 0.9079 0.001300
580.00 P 20261218 5.67 5.79 53 24224 0.3079 -0.0929 0.001300
584.78 C 20261218 139.94 142.40 0 2896 0.2958 0.9025 0.001400
584.78 P 20261218 6.01 6.14 10 915 0.3042 -0.0985 0.001400
585.00 C 20261218 140.68 143.37 0 852 0.3109 0.9022 0.001400
585.00 P 20261218 6.02 6.15 12 8090 0.3039 -0.0987 0.001400
589.78 C 20261218 135.43 137.83 0 1381 0.2924 0.8964 0.001500
589.78 P 20261218 6.38 6.51 1 852 0.3001 -0.1046 0.001500
590.00 C 20261218 136.13 138.81 0 1935 0.3066 0.8962 0.001500
590.00 P 20261218 6.40 6.52 7 14189 0.2998 -0.1049 0.001500
594.78 C 20261218 131.37 133.29 0 150 0.2920 0.8900 0.001600
594.78 P 20261218 6.78 6.94 0 883 0.2963 -0.1112 0.001600
595.00 C 20261218 131.60 134.28 1 359 0.3034 0.8897 0.001600
595.00 P 20261218 6.80 6.93 255 2368 0.2959 -0.1115 0.001600
599.78 C 20261218 127.11 128.78 0 1429 0.2898 0.8832 0.001600
599.78 P 20261218 7.21 7.35 150 1276 0.2922 -0.1182 0.001700
600.00 C 20261218 127.10 129.77 1 5713 0.2982 0.8828 0.001600
600.00 P 20261218 7.23 7.35 111 35365 0.2918 -0.1186 0.001700
604.78 C 20261218 122.41 124.30 0 702 0.2858 0.8759 0.001700
604.78 P 20261218 7.66 7.82 17 918 0.2883 -0.1257 0.001800
605.00 C 20261218 122.64 125.29 3 3444 0.2941 0.8756 0.001700
605.00 P 20261218 7.71 7.85 142 8235 0.2885 -0.1260 0.001800
609.78 C 20261218 117.98 119.85 1 914 0.2810 0.8681 0.001800
609.78 P 20261218 8.16 8.32 1 1473 0.2845 -0.1337 0.001900
610.00 C 20261218 118.20 120.85 4 4985 0.2901 0.8678 0.001800
610.00 P 20261218 8.18 8.34 154 12538 0.2843 -0.1341 0.001900
615.00 C 20261218 113.81 116.44 0 6848 0.2862 0.8595 0.001900
615.00 P 20261218 8.71 8.87 81 11328 0.2806 -0.1426 0.002000
620.00 C 20261218 109.45 112.24 0 7036 0.2832 0.8507 0.002000
620.00 P 20261218 9.28 9.43 46 21040 0.2768 -0.1516 0.002100
625.00 C 20261218 105.13 107.91 1 2381 0.2793 0.8414 0.002200
625.00 P 20261218 9.90 10.10 31 7433 0.2735 -0.1612 0.002200
630.00 C 20261218 100.86 103.63 26 2842 0.2756 0.8314 0.002300
630.00 P 20261218 10.55 10.74 49 9626 0.2697 -0.1715 0.002300
635.00 C 20261218 96.62 99.23 2 1744 0.2711 0.8209 0.002400
635.00 P 20261218 11.26 11.45 159 4450 0.2662 -0.1824 0.002500
640.00 C 20261218 92.43 94.86 3 3161 0.2667 0.8098 0.002500
640.00 P 20261218 12.02 12.20 672 18886 0.2627 -0.1939 0.002600
645.00 C 20261218 88.33 91.07 1 3377 0.2646 0.7980 0.002600
645.00 P 20261218 12.84 13.06 102 15754 0.2595 -0.2061 0.002700
650.00 C 20261218 84.26 87.00 10 7031 0.2611 0.7855 0.002800
650.00 P 20261218 13.78 13.92 12786 32252 0.2565 -0.2189 0.002900
655.00 C 20261218 80.40 81.45 2 1258 0.2523 0.7724 0.002900
655.00 P 20261218 14.66 14.87 37 9889 0.2528 -0.2328 0.003000
660.00 C 20261218 76.39 77.47 1 14324 0.2487 0.7585 0.003100
660.00 P 20261218 15.67 15.87 209 196952 0.2497 -0.2472 0.003200
665.00 C 20261218 72.62 73.60 0 2093 0.2460 0.7439 0.003200
665.00 P 20261218 16.75 16.95 48 3603 0.2465 -0.2624 0.003300
670.00 C 20261218 68.84 69.63 1 4170 0.2424 0.7286 0.003300
670.00 P 20261218 17.91 18.12 172 13999 0.2435 -0.2785 0.003500
675.00 C 20261218 64.94 66.07 0 1444 0.2395 0.7125 0.003500
675.00 P 20261218 19.15 19.36 48 12742 0.2405 -0.2953 0.003600
680.00 C 20261218 61.50 62.26 11 14797 0.2367 0.6957 0.003600
680.00 P 20261218 20.46 20.67 2184 55047 0.2374 -0.3131 0.003800
685.00 C 20261218 57.89 58.69 11 2925 0.2336 0.6781 0.003700
685.00 P 20261218 21.88 22.12 294 3777 0.2346 -0.3318 0.003900
690.00 C 20261218 54.40 55.26 10 12910 0.2309 0.6598 0.003900
690.00 P 20261218 23.37 23.63 213 8208 0.2319 -0.3507 0.004100
695.00 C 20261218 51.06 51.89 4 1273 0.2283 0.6408 0.004000
695.00 P 20261218 24.99 25.25 69 3259 0.2290 -0.3712 0.004200
700.00 C 20261218 47.64 48.57 70 31500 0.2250 0.6210 0.004100
700.00 P 20261218 26.70 26.97 435 48942 0.2264 -0.3922 0.004400
705.00 C 20261218 44.73 45.42 10 2766 0.2233 0.6007 0.004200
705.00 P 20261218 28.53 28.81 143 4074 0.2239 -0.4138 0.004500
710.00 C 20261218 41.70 42.49 168 4351 0.2213 0.5796 0.004300
710.00 P 20261218 30.46 30.76 652 8743 0.2210 -0.4367 0.004600
715.00 C 20261218 38.91 39.29 164 5441 0.2186 0.5581 0.004400
715.00 P 20261218 32.51 32.82 60 2801 0.2187 -0.4600 0.004700
720.00 C 20261218 36.08 36.46 886 11884 0.2163 0.5359 0.004500
720.00 P 20261218 34.68 35.03 251 8761 0.2163 -0.4839 0.004800
725.00 C 20261218 33.41 33.68 523 4524 0.2138 0.5134 0.004600
725.00 P 20261218 37.01 37.35 12760 15659 0.2141 -0.5080 0.004900
730.00 C 20261218 30.83 31.09 248 14895 0.2118 0.4905 0.004600
730.00 P 20261218 39.46 39.76 16 5178 0.2117 -0.5330 0.005000
735.00 C 20261218 28.38 28.64 165 9883 0.2096 0.4674 0.004600
735.00 P 20261218 42.06 42.42 151 4273 0.2097 -0.5583 0.005000
740.00 C 20261218 26.05 26.30 84 13625 0.2076 0.4442 0.004600
740.00 P 20261218 44.75 45.20 913 8264 0.2075 -0.5842 0.005100
745.00 C 20261218 23.85 24.11 287 8088 0.2058 0.4209 0.004600
745.00 P 20261218 47.63 48.11 0 2949 0.2056 -0.6101 0.005100
750.00 C 20261218 21.78 22.04 967 14356 0.2041 0.3977 0.004600
750.00 P 20261218 50.40 52.62 34 6225 0.2079 -0.6359 0.005100
755.00 C 20261218 19.84 20.09 53 4539 0.2024 0.3747 0.004600
755.00 P 20261218 53.64 54.50 6 182 0.2021 -0.6616 0.005100
760.00 C 20261218 18.04 18.29 465 16627 0.2010 0.3521 0.004500
760.00 P 20261218 56.94 57.83 4 3692 0.2004 -0.6872 0.005000
765.00 C 20261218 16.36 16.59 609 5223 0.1995 0.3299 0.004400
765.00 P 20261218 60.37 61.31 10 346 0.1989 -0.7124 0.005000
770.00 C 20261218 14.83 15.04 304 10170 0.1984 0.3082 0.004300
770.00 P 20261218 62.35 66.13 0 408 0.1959 -0.7372 0.004900
775.00 C 20261218 13.36 13.57 28 12498 0.1970 0.2872 0.004200
775.00 P 20261218 66.27 68.66 0 206 0.1902 -0.7615 0.004800
780.00 C 20261218 12.09 12.24 368 17712 0.1961 0.2669 0.004100
780.00 P 20261218 71.44 72.55 0 163 0.1945 -0.7851 0.004700
785.00 C 20261218 10.86 11.06 25 1654 0.1952 0.2474 0.004000
785.00 P 20261218 75.44 76.56 2 217 0.1934 -0.8084 0.004600
790.00 C 20261218 9.75 9.93 211 7988 0.1943 0.2288 0.003800
790.00 P 20261218 79.54 80.69 0 66 0.1923 -0.8307 0.004600
795.00 C 20261218 8.75 8.93 22 5105 0.1937 0.2110 0.003600
795.00 P 20261218 83.76 84.93 0 213 0.1916 -0.8526 0.004500
800.00 C 20261218 7.85 8.00 672 38446 0.1930 0.1943 0.003500
800.00 P 20261218 88.10 90.59 12 31 0.1989 -0.8739 0.004400
805.00 C 20261218 7.01 7.18 35 3208 0.1925 0.1785 0.003300
805.00 P 20261218 92.62 95.07 0 0 0.1991 -0.8944 0.004300
810.00 C 20261218 6.27 6.41 51 16441 0.1920 0.1636 0.003100
810.00 P 20261218 97.15 99.64 0 1 0.1997 -0.9137 0.004100
815.00 C 20261218 5.59 5.75 5 6144 0.1918 0.1497 0.003000
815.00 P 20261218 101.78 104.31 0 0 0.2005 -0.9316 0.003800
820.00 C 20261218 5.00 5.13 9 18802 0.1915 0.1368 0.002800
820.00 P 20261218 106.51 109.07 0 26 0.2022 -0.9484 0.003500
825.00 C 20261218 4.45 4.60 316 4490 0.1914 0.1248 0.002600
825.00 P 20261218 110.23 113.90 0 221 0.1869 -0.9622 0.003000
830.00 C 20261218 3.96 4.11 182 4461 0.1913 0.1136 0.002500
830.00 P 20261218 115.14 118.80 0 6 0.1844 -0.9735 0.002400
835.00 C 20261218 3.55 3.66 179 852 0.1914 0.1034 0.002300
835.00 P 20261218 120.11 123.78 0 0 0.1863 -0.9829 0.001800
840.00 C 20261218 3.14 3.25 121 5504 0.1911 0.0940 0.002100
840.00 P 20261218 125.11 128.78 0 0 0.1918 -0.9896 0.001200
845.00 C 20261218 2.79 2.90 131 1342 0.1912 0.0853 0.002000
845.00 P 20261218 130.08 133.77 0 1 0.1934 -0.9945 0.000800
850.00 C 20261218 2.50 2.59 88 8042 0.1915 0.0774 0.001800
850.00 P 20261218 135.11 138.77 0 0 0.2015 -0.9968 0.000400
855.00 C 20261218 2.21 2.33 1 1611 0.1918 0.0702 0.001700
855.00 P 20261218 140.10 143.77 0 0 0.2058 -0.9986 0.000200
860.00 C 20261218 1.99 2.06 1 20474 0.1921 0.0636 0.001600
860.00 P 20261218 145.08 148.76 0 0 0.2078 -0.9996 0.000100
865.00 C 20261218 1.75 1.86 1 734 0.1924 0.0576 0.001500
865.00 P 20261218 150.07 153.76 0 0 -1.0000 -1.0000 0.000000
870.00 C 20261218 1.56 1.64 0 5020 0.1926 0.0523 0.001400
870.00 P 20261218 155.07 158.76 0 0 -1.0000 -1.0000 0.000000
875.00 C 20261218 1.39 1.49 2 2616 0.1933 0.0474 0.001200
875.00 P 20261218 160.07 163.76 0 0 -1.0000 -1.0000 0.000000
880.00 C 20261218 1.25 1.32 20 24565 0.1937 0.0430 0.001200
880.00 P 20261218 165.07 168.76 0 0 -1.0000 -1.0000 0.000000
885.00 C 20261218 1.10 1.18 19 773 0.1940 0.0390 0.001100
885.00 P 20261218 170.07 173.76 0 0 -1.0000 -1.0000 0.000000
890.00 C 20261218 1.00 1.06 30 1036 0.1949 0.0354 0.001000
890.00 P 20261218 175.07 178.76 0 0 -1.0000 -1.0000 0.000000
895.00 C 20261218 0.88 0.96 70 802 0.1954 0.0321 0.000900
895.00 P 20261218 180.07 183.76 0 0 -1.0000 -1.0000 0.000000
900.00 C 20261218 0.79 0.86 53 14180 0.1961 0.0292 0.000800
900.00 P 20261218 185.07 188.76 0 1 -1.0000 -1.0000 0.000000
905.00 C 20261218 0.70 0.78 2 5187 0.1967 0.0266 0.000800
905.00 P 20261218 190.07 193.76 0 0 -1.0000 -1.0000 0.000000
910.00 C 20261218 0.63 0.72 3 2385 0.1979 0.0242 0.000700
910.00 P 20261218 195.07 198.76 0 0 -1.0000 -1.0000 0.000000
915.00 C 20261218 0.57 0.64 22 525 0.1985 0.0221 0.000600
915.00 P 20261218 200.07 203.76 0 0 -1.0000 -1.0000 0.000000
920.00 C 20261218 0.53 0.59 2 5638 0.2001 0.0202 0.000600
920.00 P 20261218 205.07 208.76 0 0 -1.0000 -1.0000 0.000000
925.00 C 20261218 0.48 0.54 1 868 0.2011 0.0185 0.000600
925.00 P 20261218 210.07 213.76 0 0 -1.0000 -1.0000 0.000000
930.00 C 20261218 0.43 0.49 52 10632 0.2020 0.0169 0.000500
930.00 P 20261218 215.07 218.76 0 0 -1.0000 -1.0000 0.000000
935.00 C 20261218 0.40 0.45 1 366 0.2034 0.0155 0.000500
935.00 P 20261218 220.07 223.76 0 0 -1.0000 -1.0000 0.000000
940.00 C 20261218 0.36 0.42 4 1106 0.2046 0.0142 0.000400
940.00 P 20261218 225.07 228.76 0 0 -1.0000 -1.0000 0.000000
945.00 C 20261218 0.33 0.39 1 873 0.2059 0.0131 0.000400
945.00 P 20261218 230.07 233.76 0 0 -1.0000 -1.0000 0.000000
950.00 C 20261218 0.30 0.36 1 22228 0.2071 0.0121 0.000400
950.00 P 20261218 235.07 238.76 0 0 -1.0000 -1.0000 0.000000
955.00 C 20261218 0.28 0.33 1 754 0.2084 0.0112 0.000300
955.00 P 20261218 240.07 243.76 0 0 -1.0000 -1.0000 0.000000
960.00 C 20261218 0.25 0.31 1 5526 0.2095 0.0103 0.000300
960.00 P 20261218 245.07 248.76 0 0 -1.0000 -1.0000 0.000000
965.00 C 20261218 0.23 0.29 64 477 0.2110 0.0096 0.000300
965.00 P 20261218 250.07 253.76 0 0 -1.0000 -1.0000 0.000000
970.00 C 20261218 0.21 0.27 143 5772 0.2121 0.0089 0.000300
970.00 P 20261218 255.07 258.76 0 0 -1.0000 -1.0000 0.000000
975.00 C 20261218 0.20 0.23 160 6125 0.2126 0.0082 0.000300
975.00 P 20261218 260.07 263.76 0 0 -1.0000 -1.0000 0.000000
980.00 C 20261218 0.18 0.23 92 731 0.2146 0.0077 0.000200
980.00 P 20261218 265.07 268.76 0 0 -1.0000 -1.0000 0.000000
985.00 C 20261218 0.16 0.22 19 262 0.2158 0.0072 0.000200
985.00 P 20261218 270.07 273.76 0 0 -1.0000 -1.0000 0.000000
990.00 C 20261218 0.15 0.20 14 6089 0.2169 0.0067 0.000200
990.00 P 20261218 275.07 278.76 0 0 -1.0000 -1.0000 0.000000
995.00 C 20261218 0.14 0.19 6 121 0.2186 0.0063 0.000200
995.00 P 20261218 280.07 283.76 0 0 -1.0000 -1.0000 0.000000
1000.00 C 20261218 0.13 0.18 52 19369 0.2200 0.0059 0.000200
1000.00 P 20261218 285.07 288.76 0 0 -1.0000 -1.0000 0.000000
1005.00 C 20261218 0.11 0.17 0 159 0.2206 0.0055 0.000200
1005.00 P 20261218 290.07 293.76 0 0 -1.0000 -1.0000 0.000000
1010.00 C 20261218 0.11 0.16 0 395 0.2227 0.0052 0.000200
1010.00 P 20261218 295.07 298.76 0 0 -1.0000 -1.0000 0.000000
1015.00 C 20261218 0.10 0.13 0 147 0.2219 0.0049 0.000100
1015.00 P 20261218 300.07 303.76 0 0 -1.0000 -1.0000 0.000000
1020.00 C 20261218 0.09 0.15 0 126 0.2257 0.0046 0.000100
1020.00 P 20261218 305.08 308.76 0 0 0.3508 -1.0000 0.000000
1025.00 C 20261218 0.08 0.14 0 201 0.2265 0.0043 0.000100
1025.00 P 20261218 310.08 313.76 0 0 0.3547 -1.0000 0.000000
1030.00 C 20261218 0.07 0.13 0 91 0.2272 0.0041 0.000100
1030.00 P 20261218 315.08 318.77 0 0 0.3601 -1.0000 0.000000
1035.00 C 20261218 0.07 0.13 0 5050 0.2299 0.0039 0.000100
1035.00 P 20261218 320.09 323.77 0 0 0.3655 -1.0000 0.000000
1040.00 C 20261218 0.06 0.12 0 109 0.2302 0.0037 0.000100
1040.00 P 20261218 325.09 328.77 0 0 0.3694 -1.0000 0.000000
1045.00 C 20261218 0.06 0.12 0 18 0.2329 0.0035 0.000100
1045.00 P 20261218 330.12 333.78 0 0 0.3784 -1.0000 0.000000
1050.00 C 20261218 0.05 0.11 0 11985 0.2330 0.0033 0.000100
1050.00 P 20261218 335.09 338.77 0 0 0.3771 -1.0000 0.000000
1055.00 C 20261218 0.05 0.11 0 0 0.2356 0.0032 0.000100
1055.00 P 20261218 340.09 343.77 0 0 0.3810 -1.0000 0.000000
1060.00 C 20261218 0.05 0.11 0 744 0.2382 0.0030 0.000100
1060.00 P 20261218 345.08 348.77 0 0 0.3833 -1.0000 0.000000
1065.00 C 20261218 0.04 0.10 0 1 0.2379 0.0029 0.000100
1065.00 P 20261218 350.11 353.77 0 0 0.3914 -1.0000 0.000000
1070.00 C 20261218 0.04 0.10 0 70 0.2404 0.0027 0.000100
1070.00 P 20261218 355.08 358.76 0 0 0.3894 -1.0000 0.000000
1075.00 C 20261218 0.04 0.10 0 1 0.2430 0.0026 0.000100
1075.00 P 20261218 360.08 363.76 0 0 0.3931 -1.0000 0.000000
1080.00 C 20261218 0.03 0.09 0 14894 0.2421 0.0025 0.000100
1080.00 P 20261218 365.07 368.76 0 0 -1.0000 -1.0000 0.000000
1085.00 C 20261218 0.03 0.09 0 927 0.2446 0.0024 0.000100
1085.00 P 20261218 370.07 373.76 0 0 -1.0000 -1.0000 0.000000
1090.00 C 20261218 0.03 0.09 0 4269 0.2471 0.0023 0.000100
1090.00 P 20261218 375.07 378.76 0 0 -1.0000 -1.0000 0.000000
1100.00 C 20261218 0.05 0.07 3190 12359 0.2520 0.0021 0.000100
1100.00 P 20261218 385.07 388.76 0 0 -1.0000 -1.0000 0.000000
405.00 C 20261231 312.29 315.98 0 47 0.4724 0.9851 0.000200
405.00 P 20261231 0.97 1.28 0 926 0.4719 -0.0147 0.000200
410.00 C 20261231 307.41 311.27 0 8 0.4685 0.9843 0.000200
410.00 P 20261231 0.97 1.29 0 574 0.4633 -0.0154 0.000200
415.00 C 20261231 302.53 306.39 0 1 0.4626 0.9835 0.000200
415.00 P 20261231 1.02 1.39 0 50 0.4589 -0.0163 0.000200
420.00 C 20261231 297.66 301.34 0 14 0.4544 0.9826 0.000200
420.00 P 20261231 1.07 1.47 0 361 0.4538 -0.0172 0.000200
425.00 C 20261231 292.79 296.45 0 7 0.4482 0.9817 0.000200
425.00 P 20261231 1.15 1.52 1 549 0.4485 -0.0181 0.000200
430.00 C 20261231 287.92 291.58 0 38 0.4425 0.9807 0.000200
430.00 P 20261231 1.21 1.59 3 860 0.4432 -0.0191 0.000200
435.00 C 20261231 283.06 286.91 0 2 0.4401 0.9797 0.000300
435.00 P 20261231 1.28 1.66 0 235 0.4379 -0.0201 0.000300
440.00 C 20261231 278.20 281.86 0 1 0.4317 0.9786 0.000300
440.00 P 20261231 1.34 1.74 0 232 0.4326 -0.0212 0.000300
445.00 C 20261231 273.34 277.01 0 3 0.4264 0.9774 0.000300
445.00 P 20261231 1.36 1.82 0 113 0.4262 -0.0224 0.000300
450.00 C 20261231 268.49 272.15 0 5 0.4210 0.9762 0.000300
450.00 P 20261231 1.49 1.87 0 784 0.4215 -0.0236 0.000300
455.00 C 20261231 263.64 267.31 0 2 0.4159 0.9750 0.000300
455.00 P 20261231 1.60 1.99 6 333 0.4177 -0.0249 0.000300
460.00 C 20261231 258.79 262.46 0 13 0.4104 0.9736 0.000300
460.00 P 20261231 1.69 2.07 6 597 0.4126 -0.0262 0.000300
465.00 C 20261231 253.96 257.62 0 3 0.4056 0.9722 0.000400
465.00 P 20261231 1.71 2.18 17 49 0.4064 -0.0277 0.000400
470.00 C 20261231 249.13 252.79 0 6 0.4007 0.9706 0.000400
470.00 P 20261231 1.84 2.24 17 112 0.4012 -0.0292 0.000400
475.00 C 20261231 244.30 247.97 0 27 0.3958 0.9690 0.000400
475.00 P 20261231 1.90 2.38 0 167 0.3962 -0.0308 0.000400
480.00 C 20261231 239.48 243.15 0 16 0.3908 0.9673 0.000400
480.00 P 20261231 2.04 2.46 5 430 0.3914 -0.0325 0.000400
485.00 C 20261231 234.68 238.34 0 29 0.3858 0.9655 0.000400
485.00 P 20261231 2.14 2.58 0 307 0.3865 -0.0343 0.000500
490.00 C 20261231 229.91 233.54 0 6 0.3816 0.9636 0.000500
490.00 P 20261231 2.33 2.67 2 657 0.3823 -0.0362 0.000500
495.00 C 20261231 225.10 228.75 0 1 0.3766 0.9616 0.000500
495.00 P 20261231 2.39 2.88 0 549 0.3778 -0.0382 0.000500
500.00 C 20261231 220.33 223.96 0 54 0.3721 0.9595 0.000500
500.00 P 20261231 2.58 3.03 6 5858 0.3741 -0.0404 0.000500
505.00 C 20261231 215.55 219.18 0 16 0.3674 0.9573 0.000600
505.00 P 20261231 2.68 3.17 0 891 0.3686 -0.0427 0.000600
510.00 C 20261231 210.76 214.41 0 16 0.3626 0.9549 0.000600
510.00 P 20261231 2.84 3.27 0 853 0.3636 -0.0451 0.000600
515.00 C 20261231 205.98 209.65 0 7 0.3578 0.9524 0.000600
515.00 P 20261231 3.08 3.49 0 287 0.3605 -0.0476 0.000600
520.00 C 20261231 201.27 205.08 0 29 0.3559 0.9497 0.000700
520.00 P 20261231 3.18 3.65 0 1282 0.3549 -0.0504 0.000700
525.00 C 20261231 196.52 200.15 0 69 0.3492 0.9468 0.000700
525.00 P 20261231 3.35 3.86 1 1952 0.3506 -0.0533 0.000700
530.00 C 20261231 191.75 195.44 0 25 0.3446 0.9438 0.000800
530.00 P 20261231 3.55 4.06 3 894 0.3466 -0.0563 0.000800
535.00 C 20261231 187.06 190.10 0 23 0.3342 0.9406 0.000800
535.00 P 20261231 3.75 4.27 162 2424 0.3421 -0.0596 0.000800
540.00 C 20261231 182.38 185.38 0 66 0.3304 0.9372 0.000800
540.00 P 20261231 4.00 4.33 2 4325 0.3366 -0.0630 0.000900
545.00 C 20261231 177.70 180.68 0 56 0.3263 0.9336 0.000900
545.00 P 20261231 4.28 4.68 1 1359 0.3339 -0.0667 0.000900
550.00 C 20261231 173.02 176.01 0 324 0.3224 0.9298 0.001000
550.00 P 20261231 4.50 4.83 1 5715 0.3285 -0.0705 0.001000
555.00 C 20261231 168.37 171.31 0 184 0.3183 0.9257 0.001000
555.00 P 20261231 4.77 5.07 16 2158 0.3243 -0.0747 0.001000
560.00 C 20261231 163.72 166.65 0 119 0.3142 0.9214 0.001100
560.00 P 20261231 5.03 5.37 7 2667 0.3200 -0.0791 0.001100
565.00 C 20261231 159.09 162.01 0 86 0.3104 0.9168 0.001100
565.00 P 20261231 5.37 5.78 1 1403 0.3172 -0.0838 0.001100
570.00 C 20261231 154.51 157.39 0 70 0.3066 0.9119 0.001200
570.00 P 20261231 5.62 5.91 4 3033 0.3113 -0.0887 0.001200
575.00 C 20261231 150.05 152.80 0 136 0.3038 0.9067 0.001200
575.00 P 20261231 6.00 6.35 0 2918 0.3084 -0.0940 0.001300
580.00 C 20261231 145.43 148.23 0 290 0.2996 0.9012 0.001300
580.00 P 20261231 6.31 6.86 3 686 0.3051 -0.0996 0.001400
585.00 C 20261231 140.81 143.68 0 79 0.2954 0.8953 0.001400
585.00 P 20261231 6.70 7.06 0 2945 0.3001 -0.1055 0.001400
590.00 C 20261231 137.60 139.16 2 404 0.2999 0.8891 0.001500
590.00 P 20261231 7.10 7.54 21 690 0.2966 -0.1119 0.001500
595.00 C 20261231 131.82 134.66 0 171 0.2881 0.8825 0.001600
595.00 P 20261231 7.57 8.06 0 628 0.2934 -0.1187 0.001600
600.00 C 20261231 127.43 130.20 1 293 0.2850 0.8755 0.001600
600.00 P 20261231 8.01 8.33 38 2885 0.2884 -0.1258 0.001700
605.00 C 20261231 122.95 125.77 0 108 0.2812 0.8681 0.001700
605.00 P 20261231 8.54 9.04 0 1252 0.2860 -0.1335 0.001800
610.00 C 20261231 118.63 121.37 0 372 0.2781 0.8602 0.001800
610.00 P 20261231 9.10 9.42 81 3441 0.2818 -0.1414 0.001900
615.00 C 20261231 114.21 117.44 0 610 0.2765 0.8518 0.001900
615.00 P 20261231 9.64 10.03 1 2481 0.2782 -0.1500 0.002000
620.00 C 20261231 109.89 112.68 0 528 0.2709 0.8430 0.002000
620.00 P 20261231 10.28 10.62 13 2203 0.2748 -0.1591 0.002100
625.00 C 20261231 105.70 108.40 0 814 0.2680 0.8336 0.002100
625.00 P 20261231 10.90 11.32 3 2246 0.2712 -0.1688 0.002200
630.00 C 20261231 101.34 104.16 0 2580 0.2641 0.8237 0.002200
630.00 P 20261231 11.57 11.96 56 4553 0.2675 -0.1789 0.002300
635.00 C 20261231 97.19 100.41 1 2012 0.2630 0.8132 0.002400
635.00 P 20261231 12.35 13.06 0 1231 0.2656 -0.1897 0.002400
640.00 C 20261231 93.00 95.83 0 3385 0.2577 0.8022 0.002500
640.00 P 20261231 13.12 13.69 1 1924 0.2617 -0.2010 0.002500
645.00 C 20261231 88.96 91.76 0 2438 0.2548 0.7906 0.002600
645.00 P 20261231 14.00 14.73 1 515 0.2594 -0.2130 0.002700
650.00 C 20261231 84.97 87.72 4 3998 0.2518 0.7783 0.002700
650.00 P 20261231 14.92 15.32 44 2985 0.2548 -0.2257 0.002800
655.00 C 20261231 82.30 83.63 0 5056 0.2533 0.7654 0.002800
655.00 P 20261231 15.93 16.52 3 1061 0.2528 -0.2392 0.002900
660.00 C 20261231 78.40 79.63 0 2311 0.2498 0.7519 0.003000
660.00 P 20261231 16.90 17.50 125 3136 0.2490 -0.2532 0.003100
665.00 C 20261231 74.57 75.84 0 4499 0.2470 0.7377 0.003100
665.00 P 20261231 18.08 18.46 1 6251 0.2456 -0.2681 0.003200
670.00 C 20261231 70.83 72.10 0 2543 0.2442 0.7228 0.003200
670.00 P 20261231 19.19 19.89 10 1795 0.2434 -0.2834 0.003300
675.00 C 20261231 67.14 68.42 0 3729 0.2413 0.7073 0.003300
675.00 P 20261231 20.52 20.96 15 2305 0.2400 -0.2996 0.003500
680.00 C 20261231 63.54 65.16 0 4523 0.2396 0.6910 0.003400
680.00 P 20261231 21.81 22.51 2 3106 0.2377 -0.3166 0.003600
685.00 C 20261231 60.01 61.26 0 2234 0.2356 0.6742 0.003600
685.00 P 20261231 23.26 24.21 0 420 0.2356 -0.3346 0.003700
690.00 C 20261231 55.32 58.43 0 467 0.2308 0.6566 0.003700
690.00 P 20261231 24.72 25.45 7 1158 0.2319 -0.3529 0.003900
695.00 C 20261231 51.97 54.59 0 976 0.2266 0.6384 0.003800
695.00 P 20261231 26.39 27.37 0 565 0.2302 -0.3724 0.004000
700.00 C 20261231 50.00 50.88 12 2187 0.2266 0.6196 0.003900
700.00 P 20261231 28.10 28.60 131 1338 0.2261 -0.3922 0.004100
705.00 C 20261231 46.81 47.72 145 2072 0.2240 0.6002 0.004000
705.00 P 20261231 29.94 30.94 3 139 0.2251 -0.4131 0.004200
710.00 C 20261231 43.77 44.85 13 1781 0.2221 0.5802 0.004100
710.00 P 20261231 31.76 32.73 3 1750 0.2218 -0.4343 0.004400
715.00 C 20261231 40.82 41.70 10 1106 0.2191 0.5598 0.004200
715.00 P 20261231 33.91 34.94 17 992 0.2200 -0.4566 0.004500
720.00 C 20261231 37.81 38.91 17 2089 0.2165 0.5388 0.004300
720.00 P 20261231 36.14 36.63 13 2462 0.2166 -0.4790 0.004600
725.00 C 20261231 35.28 36.36 4 637 0.2153 0.5175 0.004300
725.00 P 20261231 38.37 39.47 0 1001 0.2155 -0.5024 0.004600
730.00 C 20261231 32.73 33.50 13 1713 0.2125 0.4960 0.004400
730.00 P 20261231 40.83 41.63 0 4541 0.2129 -0.5258 0.004700
735.00 C 20261231 30.30 30.99 5 7924 0.2106 0.4741 0.004400
735.00 P 20261231 43.38 44.00 1 6352 0.2102 -0.5499 0.004800
740.00 C 20261231 27.91 28.71 19 3771 0.2088 0.4522 0.004400
740.00 P 20261231 46.07 46.90 0 3294 0.2087 -0.5744 0.004800
745.00 C 20261231 25.63 26.59 13 4300 0.2072 0.4301 0.004400
745.00 P 20261231 48.88 49.98 0 1077 0.2074 -0.5991 0.004900
750.00 C 20261231 23.59 24.35 505 1555 0.2053 0.4081 0.004400
750.00 P 20261231 51.73 52.62 414 14151 0.2043 -0.6237 0.004900
755.00 C 20261231 21.56 22.67 2 1168 0.2045 0.3862 0.004400
755.00 P 20261231 53.28 56.23 0 897 0.1991 -0.6483 0.004900
760.00 C 20261231 19.72 20.60 135 1025 0.2024 0.3647 0.004300
760.00 P 20261231 56.53 59.46 0 235 0.1974 -0.6729 0.004800
765.00 C 20261231 18.02 18.87 4 2153 0.2012 0.3435 0.004300
765.00 P 20261231 59.92 62.89 1 1727 0.1959 -0.6972 0.004800
770.00 C 20261231 16.39 17.03 316 760 0.1992 0.3227 0.004200
770.00 P 20261231 63.45 66.43 0 1671 0.1943 -0.7212 0.004800
775.00 C 20261231 14.90 15.74 3 602 0.1988 0.3024 0.004100
775.00 P 20261231 67.29 70.10 0 641 0.1936 -0.7449 0.004700
780.00 C 20261231 13.56 14.37 8 1660 0.1980 0.2828 0.004000
780.00 P 20261231 71.08 73.90 0 593 0.1923 -0.7680 0.004600
785.00 C 20261231 12.19 13.13 16 807 0.1970 0.2639 0.003900
785.00 P 20261231 75.00 77.83 0 7 0.1910 -0.7907 0.004600
790.00 C 20261231 11.09 11.85 8 1371 0.1961 0.2457 0.003700
790.00 P 20261231 79.05 81.87 0 12 0.1897 -0.8131 0.004500
795.00 C 20261231 9.93 10.72 3 848 0.1949 0.2282 0.003600
795.00 P 20261231 83.21 86.03 1 13 0.1884 -0.8346 0.004400
800.00 C 20261231 9.05 9.56 1302 8800 0.1940 0.2116 0.003500
800.00 P 20261231 87.48 90.30 0 21 0.1868 -0.8557 0.004400
805.00 C 20261231 8.12 8.77 1 547 0.1939 0.1958 0.003300
805.00 P 20261231 91.87 94.68 0 5 0.1853 -0.8766 0.004300
810.00 C 20261231 7.40 8.01 0 1582 0.1942 0.1809 0.003200
810.00 P 20261231 96.36 99.18 0 1 0.1834 -0.8962 0.004200
815.00 C 20261231 6.53 7.29 1 300 0.1934 0.1668 0.003000
815.00 P 20261231 100.95 103.76 0 4 0.1803 -0.9148 0.004000
820.00 C 20261231 5.96 6.45 10 271 0.1929 0.1536 0.002900
820.00 P 20261231 105.63 108.42 0 7 0.1728 -0.9322 0.003700
825.00 C 20261231 5.25 5.92 12 373 0.1927 0.1412 0.002700
825.00 P 20261231 110.39 113.17 0 203 -1.0000 -0.9482 0.003400
830.00 C 20261231 4.80 5.36 0 577 0.1931 0.1296 0.002600
830.00 P 20261231 115.22 118.89 0 536 0.1863 -0.9617 0.002900
835.00 C 20261231 4.30 4.85 4 517 0.1932 0.1189 0.002400
835.00 P 20261231 120.13 123.80 0 0 0.1838 -0.9726 0.002400
840.00 C 20261231 3.86 4.31 6 564 0.1927 0.1089 0.002300
840.00 P 20261231 125.11 128.78 0 0 0.1862 -0.9816 0.001800
845.00 C 20261231 3.38 3.87 1 215 0.1921 0.0996 0.002100
845.00 P 20261231 130.08 133.77 0 0 0.1878 -0.9884 0.001200
850.00 C 20261231 3.09 3.41 1232 4342 0.1921 0.0911 0.002000
850.00 P 20261231 135.11 138.77 0 0 0.1957 -0.9934 0.000800
855.00 C 20261231 2.73 3.13 0 538 0.1924 0.0832 0.001800
855.00 P 20261231 140.08 143.77 0 0 0.1978 -0.9962 0.000500
860.00 C 20261231 2.43 2.78 2 287 0.1921 0.0760 0.001700
860.00 P 20261231 145.08 148.76 0 0 0.2017 -0.9981 0.000300
865.00 C 20261231 2.18 2.55 0 326 0.1928 0.0694 0.001600
865.00 P 20261231 150.07 153.76 0 0 -1.0000 -0.9992 0.000100
870.00 C 20261231 1.98 2.28 1 142 0.1932 0.0633 0.001500
870.00 P 20261231 155.07 158.76 0 0 -1.0000 -1.0000 0.000000
875.00 C 20261231 1.74 2.10 0 200 0.1937 0.0578 0.001400
875.00 P 20261231 160.07 163.76 0 0 -1.0000 -1.0000 0.000000
880.00 C 20261231 1.55 1.86 0 429 0.1935 0.0528 0.001300
880.00 P 20261231 165.07 168.76 0 0 -1.0000 -1.0000 0.000000
885.00 C 20261231 1.36 1.75 0 65 0.1944 0.0482 0.001200
885.00 P 20261231 170.07 173.76 0 0 -1.0000 -1.0000 0.000000
890.00 C 20261231 1.28 1.61 0 42 0.1960 0.0440 0.001100
890.00 P 20261231 175.07 178.76 0 1 -1.0000 -1.0000 0.000000
895.00 C 20261231 1.10 1.45 0 88 0.1957 0.0403 0.001000
895.00 P 20261231 180.07 183.76 0 0 -1.0000 -1.0000 0.000000
900.00 C 20261231 0.99 1.24 3 502 0.1952 0.0368 0.001000
900.00 P 20261231 185.07 188.76 0 0 -1.0000 -1.0000 0.000000
905.00 C 20261231 0.86 1.22 0 177 0.1969 0.0337 0.000900
905.00 P 20261231 190.07 193.76 0 0 -1.0000 -1.0000 0.000000
910.00 C 20261231 0.83 1.08 0 392 0.1980 0.0309 0.000800
910.00 P 20261231 195.07 198.76 0 0 -1.0000 -1.0000 0.000000
915.00 C 20261231 0.68 1.04 0 42 0.1985 0.0283 0.000800
915.00 P 20261231 200.07 203.76 0 0 -1.0000 -1.0000 0.000000
920.00 C 20261231 0.67 0.99 0 122 0.2012 0.0260 0.000700
920.00 P 20261231 205.07 208.76 0 0 -1.0000 -1.0000 0.000000
925.00 C 20261231 0.54 0.89 0 36 0.2002 0.0240 0.000600
925.00 P 20261231 210.07 213.76 0 0 -1.0000 -1.0000 0.000000
930.00 C 20261231 0.48 0.83 0 41 0.2012 0.0221 0.000600
930.00 P 20261231 215.07 218.76 0 0 -1.0000 -1.0000 0.000000
935.00 C 20261231 0.43 0.78 0 881 0.2024 0.0203 0.000600
935.00 P 20261231 220.07 223.76 0 0 -1.0000 -1.0000 0.000000
940.00 C 20261231 0.39 0.70 0 205 0.2029 0.0188 0.000500
940.00 P 20261231 225.07 228.76 0 0 -1.0000 -1.0000 0.000000
945.00 C 20261231 0.35 0.67 70 66 0.2044 0.0174 0.000500
945.00 P 20261231 230.07 233.76 0 0 -1.0000 -1.0000 0.000000
950.00 C 20261231 0.32 0.63 54 55 0.2058 0.0161 0.000400
950.00 P 20261231 235.07 238.76 0 0 -1.0000 -1.0000 0.000000
955.00 C 20261231 0.27 0.59 104 991 0.2064 0.0149 0.000400
955.00 P 20261231 240.07 243.76 0 0 -1.0000 -1.0000 0.000000
205.00 C 20270115 508.76 512.42 0 240 0.7919 0.9981 0.000000
205.00 P 20270115 0.10 0.21 0 2877 0.7274 -0.0017 0.000000
210.00 C 20270115 503.85 507.51 0 105 0.7815 0.9980 0.000000
210.00 P 20270115 0.08 0.35 1 2682 0.7380 -0.0018 0.000000
215.00 C 20270115 498.95 502.61 0 32 0.7734 0.9978 0.000000
215.00 P 20270115 0.07 0.37 0 523 0.7261 -0.0020 0.000000
220.00 C 20270115 494.05 497.71 0 80 0.7650 0.9977 0.000000
220.00 P 20270115 0.09 0.41 0 638 0.7226 -0.0021 0.000000
225.00 C 20270115 489.15 492.81 0 16 0.7564 0.9976 0.000000
225.00 P 20270115 0.10 0.42 0 70 0.7125 -0.0022 0.000000
230.00 C 20270115 484.25 487.91 0 11 0.7456 0.9974 0.000000
230.00 P 20270115 0.11 0.43 0 394 0.7025 -0.0024 0.000000
235.00 C 20270115 479.35 483.01 0 7 0.7343 0.9972 0.000000
235.00 P 20270115 0.12 0.45 0 168 0.6940 -0.0025 0.000000
240.00 C 20270115 474.45 478.11 0 174 0.7232 0.9971 0.000000
240.00 P 20270115 0.14 0.46 0 174 0.6854 -0.0027 0.000000
245.00 C 20270115 469.55 473.21 0 21 0.7123 0.9969 0.000000
245.00 P 20270115 0.15 0.48 0 185 0.6769 -0.0029 0.000000
250.00 C 20270115 464.65 468.31 0 102 0.7015 0.9967 0.000000
250.00 P 20270115 0.23 0.49 0 3173 0.6749 -0.0030 0.000000
255.00 C 20270115 459.75 463.42 0 3 0.6918 0.9966 0.000000
255.00 P 20270115 0.18 0.51 0 926 0.6598 -0.0032 0.000000
260.00 C 20270115 454.86 458.52 0 14 0.6821 0.9964 0.000000
260.00 P 20270115 0.26 0.53 0 2437 0.6583 -0.0034 0.000000
265.00 C 20270115 449.96 453.62 0 37 0.6718 0.9961 0.000000
265.00 P 20270115 0.21 0.55 0 98 0.6438 -0.0036 0.000000
270.00 C 20270115 445.07 448.73 0 24 0.6632 0.9959 0.000000
270.00 P 20270115 0.22 0.56 0 227 0.6343 -0.0039 0.000000
275.00 C 20270115 440.17 443.83 0 5 0.6531 0.9957 0.000000
275.00 P 20270115 0.24 0.58 0 177 0.6269 -0.0041 0.000000
280.00 C 20270115 435.28 438.94 0 14 0.6446 0.9954 0.000000
280.00 P 20270115 0.26 0.58 0 842 0.6177 -0.0043 0.000000
285.00 C 20270115 430.39 434.05 0 15 0.6361 0.9952 0.000000
285.00 P 20270115 0.39 0.63 0 317 0.6212 -0.0046 0.000000
290.00 C 20270115 425.50 429.16 0 29 0.6277 0.9949 0.000000
290.00 P 20270115 0.29 0.60 0 342 0.6004 -0.0049 0.000000
295.00 C 20270115 420.60 424.27 0 126 0.6187 0.9946 0.000000
295.00 P 20270115 0.33 0.57 0 130 0.5906 -0.0052 0.000100
300.00 C 20270115 415.71 419.37 0 224 0.6098 0.9943 0.000100
300.00 P 20270115 0.45 0.53 103 3474 0.5862 -0.0054 0.000100
305.00 C 20270115 410.82 414.48 0 16 0.6015 0.9940 0.000100
305.00 P 20270115 0.39 0.65 0 118 0.5803 -0.0058 0.000100
310.00 C 20270115 405.93 409.60 0 60 0.5939 0.9937 0.000100
310.00 P 20270115 0.41 0.67 1 385 0.5728 -0.0061 0.000100
315.00 C 20270115 401.05 404.71 0 103 0.5863 0.9934 0.000100
315.00 P 20270115 0.43 0.69 0 202 0.5653 -0.0064 0.000100
320.00 C 20270115 396.16 399.82 0 300 0.5782 0.9930 0.000100
320.00 P 20270115 0.45 0.78 0 62 0.5619 -0.0068 0.000100
325.00 C 20270115 391.27 394.94 0 181 0.5701 0.9926 0.000100
325.00 P 20270115 0.48 0.81 0 255 0.5555 -0.0072 0.000100
330.00 C 20270115 386.39 390.05 0 78 0.5626 0.9922 0.000100
330.00 P 20270115 0.51 0.79 0 441 0.5462 -0.0076 0.000100
335.00 C 20270115 381.51 385.17 0 64 0.5556 0.9918 0.000100
335.00 P 20270115 0.51 0.90 0 76 0.5424 -0.0080 0.000100
340.00 C 20270115 376.63 380.29 0 23 0.5485 0.9914 0.000100
340.00 P 20270115 0.56 0.80 0 2629 0.5303 -0.0084 0.000100
345.00 C 20270115 371.75 375.41 0 5 0.5414 0.9909 0.000100
345.00 P 20270115 0.70 0.94 0 508 0.5342 -0.0089 0.000100
350.00 C 20270115 366.87 370.53 0 129 0.5344 0.9905 0.000100
350.00 P 20270115 0.74 0.83 1 1857 0.5216 -0.0093 0.000100
355.00 C 20270115 361.99 365.68 0 5 0.5285 0.9900 0.000100
355.00 P 20270115 0.67 1.02 0 1073 0.5175 -0.0098 0.000100
360.00 C 20270115 357.12 360.78 0 64 0.5210 0.9894 0.000100
360.00 P 20270115 0.70 0.99 0 959 0.5082 -0.0104 0.000100
365.00 C 20270115 352.25 355.91 0 121 0.5146 0.9889 0.000100
365.00 P 20270115 0.73 1.13 0 915 0.5058 -0.0109 0.000100
370.00 C 20270115 347.38 351.04 0 46 0.5082 0.9883 0.000100
370.00 P 20270115 0.76 1.15 0 698 0.4986 -0.0115 0.000100
375.00 C 20270115 342.51 346.17 1 53 0.5018 0.9877 0.000100
375.00 P 20270115 0.81 1.15 1 501 0.4914 -0.0121 0.000100
380.00 C 20270115 337.64 341.31 0 71 0.4956 0.9871 0.000100
380.00 P 20270115 0.84 1.23 0 1115 0.4863 -0.0127 0.000100
385.00 C 20270115 332.78 336.44 0 36 0.4894 0.9864 0.000200
385.00 P 20270115 0.91 1.21 0 386 0.4791 -0.0134 0.000200
390.00 C 20270115 327.91 331.58 0 116 0.4832 0.9857 0.000200
390.00 P 20270115 0.95 1.26 0 348 0.4732 -0.0141 0.000200
395.00 C 20270115 323.06 326.75 0 57 0.4784 0.9850 0.000200
395.00 P 20270115 1.00 1.37 0 991 0.4694 -0.0148 0.000200
400.00 C 20270115 318.20 321.86 0 462 0.4714 0.9842 0.000200
400.00 P 20270115 1.06 1.37 4 3769 0.4624 -0.0156 0.000200
405.00 C 20270115 313.34 317.01 0 38 0.4656 0.9834 0.000200
405.00 P 20270115 1.11 1.44 0 1388 0.4572 -0.0164 0.000200
410.00 C 20270115 308.49 312.16 0 72 0.4600 0.9826 0.000200
410.00 P 20270115 1.17 1.56 0 1721 0.4533 -0.0173 0.000200
415.00 C 20270115 303.64 307.31 0 14 0.4542 0.9817 0.000200
415.00 P 20270115 1.23 1.62 0 1457 0.4478 -0.0182 0.000200
420.00 C 20270115 298.80 302.46 0 166 0.4487 0.9807 0.000200
420.00 P 20270115 1.31 1.65 1 2136 0.4420 -0.0192 0.000200
425.00 C 20270115 293.95 297.65 2 86 0.4437 0.9798 0.000200
425.00 P 20270115 1.38 1.72 10 1514 0.4368 -0.0202 0.000200
430.00 C 20270115 289.11 292.81 0 102 0.4382 0.9787 0.000300
430.00 P 20270115 1.43 1.80 13 640 0.4312 -0.0213 0.000300
435.00 C 20270115 284.28 287.94 0 76 0.4322 0.9776 0.000300
435.00 P 20270115 1.53 1.88 0 1018 0.4268 -0.0223 0.000300
440.00 C 20270115 279.45 283.11 0 82 0.4271 0.9764 0.000300
440.00 P 20270115 1.61 1.92 2 1827 0.4208 -0.0235 0.000300
445.00 C 20270115 274.62 278.29 0 78 0.4219 0.9752 0.000300
445.00 P 20270115 1.69 2.05 0 4938 0.4166 -0.0248 0.000300
450.00 C 20270115 269.80 273.46 1 712 0.4167 0.9739 0.000300
450.00 P 20270115 1.90 2.09 1 5955 0.4130 -0.0261 0.000300
455.00 C 20270115 264.98 268.64 0 137 0.4115 0.9726 0.000300
455.00 P 20270115 1.87 2.24 1 539 0.4068 -0.0275 0.000300
460.00 C 20270115 260.16 263.83 0 138 0.4062 0.9711 0.000400
460.00 P 20270115 1.97 2.27 0 2624 0.4008 -0.0289 0.000400
465.00 C 20270115 255.35 259.02 0 50 0.4011 0.9696 0.000400
465.00 P 20270115 2.07 2.45 0 1175 0.3972 -0.0304 0.000400
470.00 C 20270115 250.55 254.22 0 300 0.3963 0.9680 0.000400
470.00 P 20270115 2.20 2.52 4 3288 0.3921 -0.0321 0.000400
475.00 C 20270115 245.75 249.42 0 306 0.3913 0.9663 0.000400
475.00 P 20270115 2.32 2.69 0 2259 0.3883 -0.0338 0.000400
480.00 C 20270115 240.96 244.64 0 782 0.3866 0.9645 0.000400
480.00 P 20270115 2.45 2.74 1 6116 0.3827 -0.0356 0.000400
485.00 C 20270115 236.18 239.85 0 418 0.3818 0.9626 0.000500
485.00 P 20270115 2.54 2.95 0 1453 0.3786 -0.0376 0.000500
490.00 C 20270115 231.40 235.07 0 323 0.3770 0.9606 0.000500
490.00 P 20270115 2.69 3.00 0 1743 0.3732 -0.0396 0.000500
495.00 C 20270115 226.63 230.30 0 403 0.3724 0.9585 0.000500
495.00 P 20270115 2.79 3.22 0 1817 0.3690 -0.0418 0.000500
500.00 C 20270115 221.85 225.54 1 2875 0.3675 0.9562 0.000600
500.00 P 20270115 3.05 3.27 27 19561 0.3647 -0.0440 0.000600
505.00 C 20270115 217.12 220.79 0 676 0.3633 0.9538 0.000600
505.00 P 20270115 3.11 3.55 0 933 0.3604 -0.0465 0.000600
510.00 C 20270115 212.38 216.05 0 621 0.3588 0.9513 0.000600
510.00 P 20270115 3.29 3.70 6 1828 0.3560 -0.0490 0.000600
515.00 C 20270115 207.64 211.32 0 288 0.3544 0.9487 0.000700
515.00 P 20270115 3.52 3.87 0 825 0.3520 -0.0517 0.000700
520.00 C 20270115 202.92 206.59 0 527 0.3499 0.9459 0.000700
520.00 P 20270115 3.66 4.02 9 4063 0.3466 -0.0546 0.000700
525.00 C 20270115 199.06 201.88 2 850 0.3537 0.9429 0.000700
525.00 P 20270115 3.83 4.30 0 4817 0.3429 -0.0577 0.000800
530.00 C 20270115 194.37 196.00 0 1400 0.3384 0.9397 0.000800
530.00 P 20270115 4.18 4.44 4 3071 0.3392 -0.0609 0.000800
535.00 C 20270115 189.69 191.31 0 605 0.3343 0.9364 0.000800
535.00 P 20270115 4.27 4.67 2 2609 0.3339 -0.0643 0.000800
540.00 C 20270115 185.03 186.64 0 856 0.3304 0.9328 0.000900
540.00 P 20270115 4.61 4.90 1 7874 0.3306 -0.0679 0.000900
545.00 C 20270115 180.39 181.98 0 161 0.3265 0.9291 0.000900
545.00 P 20270115 4.86 5.25 1 1459 0.3273 -0.0717 0.000900
550.00 C 20270115 175.75 177.34 9 3449 0.3226 0.9251 0.001000
550.00 P 20270115 5.05 5.46 31 16618 0.3222 -0.0758 0.001000
555.00 C 20270115 171.17 172.69 0 607 0.3188 0.9209 0.001000
555.00 P 20270115 5.42 5.83 0 736 0.3196 -0.0801 0.001000
560.00 C 20270115 166.56 168.09 0 1859 0.3150 0.9164 0.001100
560.00 P 20270115 5.74 6.10 74 4446 0.3154 -0.0846 0.001100
565.00 C 20270115 161.98 163.50 0 973 0.3112 0.9117 0.001100
565.00 P 20270115 5.93 6.53 0 961 0.3114 -0.0894 0.001200
570.00 C 20270115 157.42 160.12 5 3134 0.3154 0.9066 0.001200
570.00 P 20270115 6.28 6.75 2 2612 0.3066 -0.0946 0.001200
575.00 C 20270115 152.90 154.38 50 2017 0.3039 0.9013 0.001300
575.00 P 20270115 6.71 7.09 52 3603 0.3032 -0.1000 0.001300
580.00 C 20270115 148.38 151.05 0 3568 0.3074 0.8957 0.001300
580.00 P 20270115 7.04 7.49 16 10153 0.2992 -0.1058 0.001400
585.00 C 20270115 143.89 146.55 1 2806 0.3036 0.8897 0.001400
585.00 P 20270115 7.51 8.02 10 1735 0.2965 -0.1119 0.001400
590.00 C 20270115 139.43 140.85 0 1421 0.2929 0.8834 0.001500
590.00 P 20270115 8.04 8.34 93 3140 0.2925 -0.1185 0.001500
595.00 C 20270115 134.99 136.40 0 1135 0.2893 0.8767 0.001600
595.00 P 20270115 8.43 8.85 13 2194 0.2888 -0.1253 0.001600
600.00 C 20270115 130.58 131.99 9 9249 0.2859 0.8696 0.001600
600.00 P 20270115 9.03 9.38 453 17963 0.2859 -0.1326 0.001700
605.00 C 20270115 126.21 127.61 0 1593 0.2825 0.8621 0.001700
605.00 P 20270115 9.48 10.02 26 2073 0.2825 -0.1403 0.001800
610.00 C 20270115 121.87 123.26 0 2258 0.2791 0.8542 0.001800
610.00 P 20270115 10.01 10.45 57 5186 0.2781 -0.1484 0.001800
615.00 C 20270115 117.57 118.94 0 1035 0.2758 0.8459 0.001900
615.00 P 20270115 10.68 11.13 4 9074 0.2754 -0.1570 0.002000
620.00 C 20270115 113.30 116.08 2 2576 0.2788 0.8370 0.002000
620.00 P 20270115 11.42 11.75 7 8306 0.2723 -0.1661 0.002000
625.00 C 20270115 109.08 111.85 5 1396 0.2754 0.8278 0.002100
625.00 P 20270115 12.01 12.46 69 5081 0.2687 -0.1756 0.002200
630.00 C 20270115 104.90 106.29 15 4772 0.2663 0.8179 0.002200
630.00 P 20270115 12.68 13.23 59 5504 0.2653 -0.1858 0.002200
635.00 C 20270115 100.77 103.53 0 2014 0.2687 0.8076 0.002300
635.00 P 20270115 13.47 14.02 843 5548 0.2623 -0.1964 0.002400
640.00 C 20270115 96.68 99.43 36 4431 0.2654 0.7968 0.002400
640.00 P 20270115 14.31 14.85 89 5620 0.2590 -0.2078 0.002500
645.00 C 20270115 92.65 95.40 4 2763 0.2623 0.7854 0.002500
645.00 P 20270115 15.20 15.79 58 2891 0.2562 -0.2196 0.002600
650.00 C 20270115 88.94 89.71 7 8546 0.2538 0.7734 0.002600
650.00 P 20270115 16.15 16.72 379 11026 0.2531 -0.2320 0.002700
655.00 C 20270115 84.98 86.05 2 3063 0.2517 0.7609 0.002700
655.00 P 20270115 17.16 17.79 775 2712 0.2503 -0.2450 0.002800
660.00 C 20270115 81.11 82.22 85 6663 0.2488 0.7478 0.002800
660.00 P 20270115 18.24 18.92 481 13435 0.2477 -0.2586 0.002900
665.00 C 20270115 77.32 78.31 0 4014 0.2456 0.7340 0.003000
665.00 P 20270115 19.52 20.01 175 4368 0.2450 -0.2731 0.003100
670.00 C 20270115 73.61 74.59 1 7670 0.2429 0.7198 0.003100
670.00 P 20270115 20.61 21.27 164 6376 0.2420 -0.2880 0.003200
675.00 C 20270115 69.95 70.76 4 4813 0.2396 0.7048 0.003200
675.00 P 20270115 22.11 22.56 200 4763 0.2398 -0.3038 0.003300
680.00 C 20270115 66.38 67.18 14 6856 0.2369 0.6893 0.003300
680.00 P 20270115 23.28 23.90 191 13241 0.2364 -0.3200 0.003400
685.00 C 20270115 62.89 63.84 1 2468 0.2348 0.6732 0.003400
685.00 P 20270115 24.96 25.49 147 2240 0.2347 -0.3373 0.003600
690.00 C 20270115 59.49 60.35 14 10189 0.2321 0.6566 0.003500
690.00 P 20270115 26.52 26.93 1747 2415 0.2319 -0.3548 0.003700
695.00 C 20270115 56.17 57.01 3 2571 0.2296 0.6393 0.003600
695.00 P 20270115 27.99 28.73 273 1950 0.2294 -0.3731 0.003800
700.00 C 20270115 52.94 53.81 315 14217 0.2273 0.6215 0.003700
700.00 P 20270115 29.87 30.38 539 24805 0.2269 -0.3924 0.003900
705.00 C 20270115 49.85 50.67 62 3985 0.2251 0.6032 0.003800
705.00 P 20270115 31.55 32.19 14 3512 0.2241 -0.4119 0.004000
710.00 C 20270115 46.83 47.51 174 1466 0.2225 0.5844 0.003900
710.00 P 20270115 33.70 34.21 52 2405 0.2226 -0.4321 0.004100
715.00 C 20270115 43.86 44.58 241 1461 0.2202 0.5652 0.003900
715.00 P 20270115 35.55 36.32 10 2245 0.2196 -0.4534 0.004200
720.00 C 20270115 41.06 41.76 90 3743 0.2182 0.5455 0.004000
720.00 P 20270115 37.77 38.44 165 6510 0.2174 -0.4748 0.004300
725.00 C 20270115 38.32 39.04 61 6771 0.2161 0.5255 0.004100
725.00 P 20270115 40.03 40.77 16 3120 0.2153 -0.4967 0.004400
730.00 C 20270115 35.79 36.44 49 5287 0.2145 0.5052 0.004100
730.00 P 20270115 42.62 43.18 9 4769 0.2139 -0.5190 0.004500
735.00 C 20270115 33.22 33.94 17 2432 0.2124 0.4847 0.004100
735.00 P 20270115 45.07 45.89 16 1936 0.2124 -0.5415 0.004500
740.00 C 20270115 30.90 31.49 82 6634 0.2106 0.4640 0.004200
740.00 P 20270115 47.63 48.41 4 3636 0.2096 -0.5648 0.004600
745.00 C 20270115 28.75 29.21 79 1406 0.2093 0.4433 0.004200
745.00 P 20270115 50.43 51.43 0 771 0.2085 -0.5881 0.004600
750.00 C 20270115 26.42 27.10 172 6044 0.2073 0.4225 0.004200
750.00 P 20270115 53.47 54.26 28 1995 0.2069 -0.6115 0.004600
755.00 C 20270115 24.37 25.05 4 2331 0.2057 0.4019 0.004200
755.00 P 20270115 56.26 58.72 0 746 0.2087 -0.6351 0.004700
760.00 C 20270115 22.45 23.11 13 6036 0.2043 0.3814 0.004100
760.00 P 20270115 59.44 61.91 0 1878 0.2073 -0.6585 0.004700
765.00 C 20270115 20.64 21.32 5 4477 0.2030 0.3612 0.004100
765.00 P 20270115 62.76 65.22 0 993 0.2060 -0.6818 0.004600
770.00 C 20270115 19.00 19.51 39 6114 0.2016 0.3414 0.004000
770.00 P 20270115 66.20 68.67 0 379 0.2051 -0.7050 0.004600
775.00 C 20270115 17.36 17.93 2502 3197 0.2004 0.3219 0.003900
775.00 P 20270115 69.78 72.25 50 889 0.2038 -0.7276 0.004600
780.00 C 20270115 15.97 16.49 95 6845 0.1998 0.3030 0.003900
780.00 P 20270115 73.47 74.68 0 786 0.1982 -0.7502 0.004500
785.00 C 20270115 14.55 15.05 1 2569 0.1985 0.2846 0.003800
785.00 P 20270115 77.29 78.51 0 34 0.1971 -0.7723 0.004500
790.00 C 20270115 13.30 13.77 78 3320 0.1977 0.2668 0.003700
790.00 P 20270115 81.22 83.71 1 105 0.2012 -0.7937 0.004400
795.00 C 20270115 12.02 12.63 2 1808 0.1968 0.2496 0.003600
795.00 P 20270115 85.26 87.77 1 157 0.2006 -0.8150 0.004300
800.00 C 20270115 10.94 11.43 460 12695 0.1958 0.2332 0.003400
800.00 P 20270115 89.42 91.96 15 509 0.2003 -0.8358 0.004300
805.00 C 20270115 9.93 10.41 0 3714 0.1951 0.2174 0.003300
805.00 P 20270115 93.68 96.22 5 6 0.1998 -0.8562 0.004300
810.00 C 20270115 9.01 9.54 2 5207 0.1947 0.2024 0.003200
810.00 P 20270115 98.05 100.60 0 44 0.1998 -0.8763 0.004300
815.00 C 20270115 8.24 8.74 0 895 0.1948 0.1881 0.003100
815.00 P 20270115 102.48 105.08 0 7 0.1998 -0.8952 0.004100
820.00 C 20270115 7.37 7.82 1104 3414 0.1934 0.1746 0.002900
820.00 P 20270115 107.04 109.66 0 5 0.2001 -0.9134 0.004000
825.00 C 20270115 6.72 7.24 11 1126 0.1939 0.1618 0.002800
825.00 P 20270115 111.52 114.33 0 93 0.1994 -0.9313 0.003700
830.00 C 20270115 6.10 6.45 1 5735 0.1932 0.1498 0.002600
830.00 P 20270115 116.50 119.08 0 1 0.2028 -0.9468 0.003400
835.00 C 20270115 5.47 5.97 1 918 0.1933 0.1385 0.002500
835.00 P 20270115 120.24 123.91 0 117 0.1884 -0.9599 0.003000
840.00 C 20270115 5.02 5.37 3 1697 0.1933 0.1278 0.002400
840.00 P 20270115 125.14 128.81 0 2 0.1861 -0.9714 0.002400
845.00 C 20270115 4.38 4.93 7 699 0.1927 0.1179 0.002200
845.00 P 20270115 130.11 133.78 0 0 0.1881 -0.9807 0.001800
850.00 C 20270115 4.04 4.38 110 14981 0.1926 0.1087 0.002100
850.00 P 20270115 135.10 138.77 0 2 0.1916 -0.9878 0.001300
855.00 C 20270115 3.71 3.97 152 1411 0.1931 0.1001 0.002000
855.00 P 20270115 140.11 143.77 0 2 0.1973 -0.9930 0.000900
860.00 C 20270115 3.35 3.61 63 512 0.1932 0.0921 0.001900
860.00 P 20270115 145.10 148.79 18 12 0.2028 -0.9957 0.000600
865.00 C 20270115 2.98 3.28 1000 3610 0.1931 0.0847 0.001800
865.00 P 20270115 150.10 153.77 0 0 0.2062 -0.9977 0.000300
870.00 C 20270115 2.74 2.98 14 4528 0.1937 0.0778 0.001600
870.00 P 20270115 155.10 158.77 0 0 0.2110 -0.9992 0.000100
875.00 C 20270115 2.46 2.78 0 1484 0.1944 0.0716 0.001600
875.00 P 20270115 160.07 163.76 0 0 -1.0000 -1.0000 0.000000
880.00 C 20270115 2.13 2.51 11 4041 0.1937 0.0658 0.001400
880.00 P 20270115 165.07 168.76 0 0 -1.0000 -1.0000 0.000000
885.00 C 20270115 1.96 2.23 1 4370 0.1939 0.0604 0.001400
885.00 P 20270115 170.07 173.76 0 0 -1.0000 -1.0000 0.000000
890.00 C 20270115 1.75 2.05 0 611 0.1943 0.0555 0.001300
890.00 P 20270115 175.07 178.76 0 0 -1.0000 -1.0000 0.000000
895.00 C 20270115 1.63 1.94 0 427 0.1960 0.0511 0.001200
895.00 P 20270115 180.07 183.76 0 0 -1.0000 -1.0000 0.000000
900.00 C 20270115 1.52 1.67 153 16693 0.1958 0.0470 0.001100
900.00 P 20270115 185.07 188.76 0 0 -1.0000 -1.0000 0.000000
905.00 C 20270115 1.30 1.62 3 935 0.1965 0.0433 0.001000
905.00 P 20270115 190.07 193.76 0 0 -1.0000 -1.0000 0.000000
910.00 C 20270115 1.24 1.47 0 696 0.1977 0.0398 0.001000
910.00 P 20270115 195.07 198.76 0 0 -1.0000 -1.0000 0.000000
915.00 C 20270115 1.09 1.34 0 421 0.1978 0.0367 0.000900
915.00 P 20270115 200.07 203.76 0 0 -1.0000 -1.0000 0.000000
920.00 C 20270115 0.99 1.20 0 938 0.1980 0.0338 0.000800
920.00 P 20270115 205.07 208.76 0 0 -1.0000 -1.0000 0.000000
925.00 C 20270115 0.90 1.17 3 314 0.1998 0.0312 0.000800
925.00 P 20270115 210.07 213.76 0 0 -1.0000 -1.0000 0.000000
930.00 C 20270115 0.78 1.09 0 4391 0.2001 0.0289 0.000700
930.00 P 20270115 215.07 218.76 0 0 -1.0000 -1.0000 0.000000
935.00 C 20270115 0.73 1.02 0 6048 0.2015 0.0267 0.000700
935.00 P 20270115 220.07 223.76 0 0 -1.0000 -1.0000 0.000000
940.00 C 20270115 0.65 0.95 1 234 0.2021 0.0248 0.000600
940.00 P 20270115 225.07 228.76 1 0 -1.0000 -1.0000 0.000000
945.00 C 20270115 0.57 0.88 60 250 0.2025 0.0230 0.000600
945.00 P 20270115 230.07 233.76 1 1 -1.0000 -1.0000 0.000000
950.00 C 20270115 0.59 0.83 125 22844 0.2052 0.0214 0.000600
950.00 P 20270115 235.07 238.76 0 0 -1.0000 -1.0000 0.000000
955.00 C 20270115 0.49 0.78 0 61 0.2052 0.0199 0.000500
955.00 P 20270115 240.07 243.76 0 0 -1.0000 -1.0000 0.000000
960.00 C 20270115 0.45 0.71 4 5274 0.2058 0.0186 0.000500
960.00 P 20270115 245.07 248.76 0 0 -1.0000 -1.0000 0.000000
965.00 C 20270115 0.37 0.67 0 9230 0.2058 0.0173 0.000500
965.00 P 20270115 250.07 253.76 0 0 -1.0000 -1.0000 0.000000
970.00 C 20270115 0.34 0.62 0 167 0.2067 0.0162 0.000400
970.00 P 20270115 255.07 258.76 0 0 -1.0000 -1.0000 0.000000
975.00 C 20270115 0.33 0.62 0 577 0.2095 0.0152 0.000400
975.00 P 20270115 260.07 263.76 0 0 -1.0000 -1.0000 0.000000
980.00 C 20270115 0.29 0.59 0 114 0.2104 0.0143 0.000400
980.00 P 20270115 265.07 268.76 0 0 -1.0000 -1.0000 0.000000
985.00 C 20270115 0.26 0.51 0 35 0.2098 0.0134 0.000400
985.00 P 20270115 270.07 273.76 0 0 -1.0000 -1.0000 0.000000
990.00 C 20270115 0.22 0.48 0 9 0.2102 0.0126 0.000300
990.00 P 20270115 275.07 278.76 0 0 -1.0000 -1.0000 0.000000
995.00 C 20270115 0.21 0.53 0 146 0.2146 0.0119 0.000300
995.00 P 20270115 280.07 283.76 0 0 -1.0000 -1.0000 0.000000
1000.00 C 20270115 0.20 0.48 24 5082 0.2152 0.0112 0.000300
1000.00 P 20270115 285.07 288.76 0 0 -1.0000 -1.0000 0.000000
1005.00 C 20270115 0.18 0.48 2 6272 0.2172 0.0106 0.000300
1005.00 P 20270115 290.07 293.76 0 0 -1.0000 -1.0000 0.000000
1010.00 C 20270115 0.16 0.46 0 26 0.2183 0.0101 0.000300
1010.00 P 20270115 295.07 298.76 0 0 -1.0000 -1.0000 0.000000
1015.00 C 20270115 0.16 0.47 0 53 0.2216 0.0096 0.000300
1015.00 P 20270115 300.07 303.76 0 0 -1.0000 -1.0000 0.000000
1020.00 C 20270115 0.15 0.45 0 54 0.2231 0.0091 0.000200
1020.00 P 20270115 305.08 308.76 0 0 0.3340 -1.0000 0.000000
1025.00 C 20270115 0.14 0.43 0 10 0.2244 0.0086 0.000200
1025.00 P 20270115 310.11 313.77 0 0 0.3414 -1.0000 0.000000
1030.00 C 20270115 0.11 0.40 0 17 0.2242 0.0082 0.000200
1030.00 P 20270115 315.09 318.77 0 0 0.3433 -1.0000 0.000000
1035.00 C 20270115 0.18 0.30 1 1701 0.2253 0.0078 0.000200
1035.00 P 20270115 320.12 323.78 0 0 0.3506 -1.0000 0.000000
1040.00 C 20270115 0.10 0.37 0 12 0.2275 0.0075 0.000200
1040.00 P 20270115 325.09 328.78 0 0 0.3516 -1.0000 0.000000
1045.00 C 20270115 0.09 0.36 0 17 0.2289 0.0072 0.000200
1045.00 P 20270115 330.10 333.78 0 0 0.3562 -1.0000 0.000000
1050.00 C 20270115 0.05 0.36 8 37 0.2292 0.0069 0.000200
1050.00 P 20270115 335.09 338.78 0 0 0.3589 -1.0000 0.000000
1055.00 C 20270115 0.07 0.35 20 208 0.2323 0.0066 0.000200
1055.00 P 20270115 340.12 343.78 0 0 0.3653 -1.0000 0.000000
1060.00 C 20270115 0.06 0.34 1 7 0.2336 0.0063 0.000200
1060.00 P 20270115 345.09 348.77 0 0 0.3652 -1.0000 0.000000
1065.00 C 20270115 0.07 0.33 1 5283 0.2362 0.0061 0.000200
1065.00 P 20270115 350.08 353.77 0 0 0.3678 -1.0000 0.000000
1070.00 C 20270115 0.06 0.33 0 206 0.2380 0.0058 0.000100
1070.00 P 20270115 355.11 358.77 0 0 0.3742 -1.0000 0.000000
1075.00 C 20270115 0.05 0.21 28 481 0.2306 0.0056 0.000100
1075.00 P 20270115 360.08 363.76 0 0 0.3739 -1.0000 0.000000
1080.00 C 20270115 0.04 0.33 20 118 0.2416 0.0054 0.000100
1080.00 P 20270115 365.07 368.76 0 0 -1.0000 -1.0000 0.000000
1085.00 C 20270115 0.10 0.20 66 10916 0.2388 0.0052 0.000100
1085.00 P 20270115 370.07 373.76 0 0 -1.0000 -1.0000 0.000000
350.00 C 20270219 368.76 372.62 0 0 0.4996 0.9887 0.000100
350.00 P 20270219 0.91 1.26 6 17 0.4932 -0.0116 0.000100
355.00 C 20270219 363.92 367.78 0 0 0.4939 0.9881 0.000100
355.00 P 20270219 0.95 1.39 0 2 0.4899 -0.0122 0.000100
360.00 C 20270219 359.08 362.94 0 2 0.4884 0.9874 0.000100
360.00 P 20270219 1.02 1.37 1 0 0.4828 -0.0128 0.000100
365.00 C 20270219 354.25 357.90 0 0 0.4827 0.9867 0.000100
365.00 P 20270219 1.06 1.35 0 2 0.4748 -0.0135 0.000100
370.00 C 20270219 349.41 353.08 0 0 0.4774 0.9860 0.000100
370.00 P 20270219 1.11 1.50 0 0 0.4720 -0.0142 0.000100
375.00 C 20270219 344.58 348.25 0 0 0.4720 0.9853 0.000200
375.00 P 20270219 1.19 1.56 0 0 0.4673 -0.0150 0.000200
380.00 C 20270219 339.75 343.42 0 0 0.4666 0.9845 0.000200
380.00 P 20270219 1.23 1.63 0 10 0.4617 -0.0158 0.000200
385.00 C 20270219 334.93 338.78 0 0 0.4620 0.9837 0.000200
385.00 P 20270219 1.31 1.75 0 1 0.4582 -0.0166 0.000200
390.00 C 20270219 330.10 333.77 0 1 0.4560 0.9828 0.000200
390.00 P 20270219 1.36 1.77 0 0 0.4516 -0.0175 0.000200
395.00 C 20270219 325.28 328.95 0 0 0.4508 0.9819 0.000200
395.00 P 20270219 1.42 1.84 0 64 0.4462 -0.0184 0.000200
400.00 C 20270219 320.46 324.32 0 6 0.4480 0.9810 0.000200
400.00 P 20270219 1.50 1.91 0 265 0.4413 -0.0194 0.000200
405.00 C 20270219 315.65 319.32 0 0 0.4406 0.9800 0.000200
405.00 P 20270219 1.58 1.99 0 207 0.4365 -0.0204 0.000200
410.00 C 20270219 310.84 314.50 0 1 0.4354 0.9789 0.000200
410.00 P 20270219 1.64 2.07 2 1 0.4312 -0.0214 0.000200
415.00 C 20270219 306.03 309.69 0 0 0.4304 0.9778 0.000200
415.00 P 20270219 1.72 2.16 0 0 0.4264 -0.0225 0.000200
420.00 C 20270219 301.23 304.90 0 0 0.4258 0.9767 0.000300
420.00 P 20270219 1.83 2.25 0 7 0.4221 -0.0237 0.000300
425.00 C 20270219 296.43 300.10 0 1 0.4209 0.9755 0.000300
425.00 P 20270219 1.90 2.35 0 1 0.4171 -0.0249 0.000300
430.00 C 20270219 291.64 295.31 2 0 0.4162 0.9742 0.000300
430.00 P 20270219 2.02 2.44 0 23 0.4127 -0.0262 0.000300
435.00 C 20270219 286.86 290.53 0 0 0.4116 0.9729 0.000300
435.00 P 20270219 2.09 2.55 0 3 0.4076 -0.0276 0.000300
440.00 C 20270219 282.07 285.73 0 2 0.4066 0.9715 0.000300
440.00 P 20270219 2.23 2.65 0 3 0.4035 -0.0290 0.000300
445.00 C 20270219 277.30 280.95 0 1 0.4021 0.9700 0.000300
445.00 P 20270219 2.33 2.78 0 94 0.3990 -0.0305 0.000300
450.00 C 20270219 272.51 276.18 0 0 0.3975 0.9685 0.000400
450.00 P 20270219 2.46 2.84 5 85 0.3940 -0.0320 0.000400
455.00 C 20270219 267.77 271.41 0 0 0.3932 0.9668 0.000400
455.00 P 20270219 2.58 3.03 0 5 0.3904 -0.0337 0.000400
460.00 C 20270219 263.00 266.65 0 0 0.3887 0.9651 0.000400
460.00 P 20270219 2.73 3.09 0 9 0.3854 -0.0354 0.000400
465.00 C 20270219 258.29 261.89 0 0 0.3848 0.9634 0.000400
465.00 P 20270219 2.86 3.31 0 29 0.3820 -0.0373 0.000400
470.00 C 20270219 253.54 257.14 0 1 0.3803 0.9615 0.000400
470.00 P 20270219 2.98 3.36 0 27 0.3763 -0.0392 0.000400
475.00 C 20270219 248.81 252.40 0 1 0.3762 0.9595 0.000500
475.00 P 20270219 3.11 3.64 0 26 0.3734 -0.0412 0.000500
480.00 C 20270219 244.08 247.66 0 2 0.3718 0.9574 0.000500
480.00 P 20270219 3.29 3.76 0 7 0.3689 -0.0434 0.000500
485.00 C 20270219 239.40 242.93 0 0 0.3680 0.9552 0.000500
485.00 P 20270219 3.45 3.98 0 1 0.3653 -0.0456 0.000500
490.00 C 20270219 234.70 238.22 0 1 0.3641 0.9529 0.000500
490.00 P 20270219 3.70 4.05 2 17 0.3608 -0.0480 0.000600
495.00 C 20270219 230.00 233.51 0 0 0.3599 0.9504 0.000600
495.00 P 20270219 3.82 4.35 0 2 0.3572 -0.0504 0.000600
500.00 C 20270219 225.32 228.81 0 6 0.3560 0.9479 0.000600
500.00 P 20270219 4.03 4.44 1 74 0.3524 -0.0530 0.000600
505.00 C 20270219 220.67 224.12 0 0 0.3523 0.9452 0.000600
505.00 P 20270219 4.23 4.67 0 144 0.3486 -0.0558 0.000600
510.00 C 20270219 216.00 219.45 0 0 0.3484 0.9423 0.000700
510.00 P 20270219 4.52 4.95 0 425 0.3458 -0.0587 0.000700
515.00 C 20270219 211.79 213.58 0 1 0.3380 0.9393 0.000700
515.00 P 20270219 4.68 5.23 0 37 0.3417 -0.0618 0.000700
520.00 C 20270219 206.71 208.93 0 0 0.3308 0.9362 0.000700
520.00 P 20270219 4.93 5.41 0 711 0.3374 -0.0650 0.000800
525.00 C 20270219 202.53 204.29 0 0 0.3309 0.9329 0.000800
525.00 P 20270219 5.19 5.74 1 28 0.3343 -0.0684 0.000800
530.00 C 20270219 197.91 199.67 0 1 0.3274 0.9294 0.000800
530.00 P 20270219 5.45 5.95 0 557 0.3300 -0.0720 0.000800
535.00 C 20270219 193.31 195.06 0 0 0.3239 0.9257 0.000800
535.00 P 20270219 5.80 6.22 1 70 0.3267 -0.0757 0.000900
540.00 C 20270219 188.73 190.47 0 4 0.3205 0.9218 0.000900
540.00 P 20270219 6.11 6.49 0 1807 0.3227 -0.0797 0.000900
545.00 C 20270219 183.76 185.90 0 0 0.3144 0.9177 0.000900
545.00 P 20270219 6.43 6.85 0 459 0.3195 -0.0839 0.001000
550.00 C 20270219 179.66 181.31 0 494 0.3138 0.9134 0.001000
550.00 P 20270219 6.70 7.10 5 2311 0.3148 -0.0884 0.001000
555.00 C 20270219 175.12 176.78 0 0 0.3104 0.9089 0.001000
555.00 P 20270219 7.04 7.66 0 53 0.3125 -0.0930 0.001100
560.00 C 20270219 170.62 172.26 0 1 0.3072 0.9041 0.001100
560.00 P 20270219 7.43 7.95 1 1398 0.3086 -0.0979 0.001100
565.00 C 20270219 166.12 168.97 0 16 0.3106 0.8991 0.001200
565.00 P 20270219 7.83 8.45 0 472 0.3057 -0.1031 0.001200
570.00 C 20270219 161.65 164.49 0 7 0.3071 0.8938 0.001200
570.00 P 20270219 8.24 8.77 0 491 0.3018 -0.1084 0.001200
575.00 C 20270219 157.21 160.04 0 44 0.3036 0.8883 0.001300
575.00 P 20270219 8.68 9.17 432 147 0.2981 -0.1143 0.001300
580.00 C 20270219 152.80 154.36 0 25 0.2940 0.8824 0.001300
580.00 P 20270219 9.26 9.72 12 129 0.2956 -0.1203 0.001400
585.00 C 20270219 148.41 149.96 0 1 0.2908 0.8763 0.001400
585.00 P 20270219 9.65 10.16 288 85 0.2916 -0.1267 0.001400
590.00 C 20270219 144.03 145.59 0 3 0.2877 0.8698 0.001400
590.00 P 20270219 10.17 10.76 203 451 0.2887 -0.1333 0.001500
595.00 C 20270219 139.71 141.30 0 15 0.2850 0.8630 0.001500
595.00 P 20270219 10.85 11.43 22 44 0.2866 -0.1404 0.001600
600.00 C 20270219 135.40 136.98 1 263 0.2818 0.8559 0.001600
600.00 P 20270219 11.44 11.96 17 680 0.2832 -0.1478 0.001600
605.00 C 20270219 131.13 132.71 0 9 0.2789 0.8484 0.001700
605.00 P 20270219 12.05 12.64 0 427 0.2802 -0.1555 0.001700
610.00 C 20270219 126.89 128.46 0 54 0.2759 0.8405 0.001700
610.00 P 20270219 12.66 13.37 26 149 0.2772 -0.1637 0.001800
615.00 C 20270219 122.69 124.26 0 39 0.2730 0.8323 0.001800
615.00 P 20270219 13.41 14.03 0 259 0.2742 -0.1723 0.001900
620.00 C 20270219 118.53 121.49 0 23 0.2754 0.8236 0.001900
620.00 P 20270219 13.98 14.71 20 6797 0.2703 -0.1813 0.002000
625.00 C 20270219 114.41 115.97 0 155 0.2672 0.8146 0.002000
625.00 P 20270219 14.92 15.59 2 96 0.2684 -0.1907 0.002000
630.00 C 20270219 110.34 113.28 3 79 0.2695 0.8051 0.002100
630.00 P 20270219 15.69 16.49 11 1467 0.2655 -0.2005 0.002100
635.00 C 20270219 106.31 109.26 0 19 0.2666 0.7952 0.002200
635.00 P 20270219 16.55 17.33 0 80 0.2622 -0.2110 0.002200
640.00 C 20270219 102.33 105.27 1 64 0.2638 0.7849 0.002200
640.00 P 20270219 17.64 18.34 1 413 0.2604 -0.2216 0.002300
645.00 C 20270219 98.40 101.34 0 23 0.2610 0.7741 0.002300
645.00 P 20270219 18.40 19.13 1 2522 0.2562 -0.2331 0.002400
650.00 C 20270219 94.52 96.07 6 153 0.2538 0.7629 0.002400
650.00 P 20270219 19.41 20.35 1 1323 0.2543 -0.2448 0.002500
655.00 C 20270219 90.71 92.26 0 46 0.2513 0.7512 0.002500
655.00 P 20270219 20.62 21.47 0 128 0.2516 -0.2572 0.002600
660.00 C 20270219 86.95 88.49 5 84 0.2487 0.7391 0.002600
660.00 P 20270219 21.90 22.48 4 3741 0.2491 -0.2700 0.002700
665.00 C 20270219 83.10 84.78 2 45 0.2458 0.7265 0.002700
665.00 P 20270219 22.91 23.72 3 2368 0.2459 -0.2834 0.002800
670.00 C 20270219 79.10 81.41 0 74 0.2431 0.7134 0.002800
670.00 P 20270219 24.48 25.28 8 230 0.2453 -0.2971 0.002900
675.00 C 20270219 76.05 77.59 0 77 0.2415 0.6998 0.002800
675.00 P 20270219 25.66 26.60 0 174 0.2419 -0.3117 0.003000
680.00 C 20270219 72.33 74.34 9 251 0.2393 0.6858 0.002900
680.00 P 20270219 27.19 28.07 7 561 0.2400 -0.3266 0.003100
685.00 C 20270219 69.14 70.65 10 112 0.2369 0.6713 0.003000
685.00 P 20270219 28.65 29.65 1 252 0.2375 -0.3420 0.003200
690.00 C 20270219 65.79 67.31 0 51 0.2347 0.6564 0.003100
690.00 P 20270219 30.23 31.23 0 673 0.2349 -0.3582 0.003300
695.00 C 20270219 62.57 64.04 0 63 0.2326 0.6410 0.003200
695.00 P 20270219 31.91 32.94 1 102 0.2326 -0.3748 0.003400
700.00 C 20270219 59.33 60.85 0 548 0.2304 0.6252 0.003300
700.00 P 20270219 33.63 34.58 120 4110 0.2302 -0.3918 0.003500
705.00 C 20270219 56.30 57.73 0 248 0.2285 0.6091 0.003300
705.00 P 20270219 35.60 36.56 17 235 0.2284 -0.4096 0.003600
710.00 C 20270219 53.53 54.63 161 331 0.2269 0.5925 0.003400
710.00 P 20270219 37.71 38.45 180 145 0.2266 -0.4276 0.003700
715.00 C 20270219 50.61 51.56 11 186 0.2246 0.5756 0.003500
715.00 P 20270219 39.78 40.53 100 178 0.2246 -0.4463 0.003800
720.00 C 20270219 47.73 48.85 108 298 0.2229 0.5584 0.003500
720.00 P 20270219 41.74 42.85 0 382 0.2224 -0.4651 0.003800
725.00 C 20270219 44.95 46.16 1 209 0.2210 0.5409 0.003600
725.00 P 20270219 43.94 45.13 0 155 0.2205 -0.4847 0.003900
730.00 C 20270219 42.34 43.44 19 503 0.2193 0.5232 0.003600
730.00 P 20270219 46.46 47.52 0 128 0.2189 -0.5046 0.004000
735.00 C 20270219 39.83 40.78 1 158 0.2174 0.5053 0.003600
735.00 P 20270219 48.71 50.02 0 169 0.2168 -0.5247 0.004000
740.00 C 20270219 37.37 38.52 3 343 0.2163 0.4872 0.003700
740.00 P 20270219 51.38 52.62 0 170 0.2153 -0.5452 0.004100
745.00 C 20270219 34.86 36.25 0 198 0.2146 0.4690 0.003700
745.00 P 20270219 54.02 55.41 0 313 0.2139 -0.5660 0.004100
750.00 C 20270219 32.76 33.78 16 560 0.2129 0.4508 0.003700
750.00 P 20270219 56.99 58.17 0 188 0.2123 -0.5868 0.004200
755.00 C 20270219 30.59 31.58 8 337 0.2113 0.4326 0.003700
755.00 P 20270219 59.78 61.12 0 200 0.2105 -0.6079 0.004200
760.00 C 20270219 28.53 29.62 0 1751 0.2100 0.4144 0.003700
760.00 P 20270219 62.84 64.19 0 3262 0.2091 -0.6290 0.004200
765.00 C 20270219 26.64 27.65 0 215 0.2089 0.3964 0.003700
765.00 P 20270219 66.07 67.37 0 641 0.2079 -0.6501 0.004200
770.00 C 20270219 24.80 25.71 0 232 0.2077 0.3785 0.003600
770.00 P 20270219 68.79 71.87 0 708 0.2084 -0.6712 0.004200
775.00 C 20270219 23.03 23.93 4 665 0.2064 0.3610 0.003600
775.00 P 20270219 72.21 75.27 0 58 0.2073 -0.6922 0.004200
780.00 C 20270219 21.34 22.25 1 412 0.2052 0.3437 0.003600
780.00 P 20270219 76.27 77.61 0 114 0.2042 -0.7129 0.004200
785.00 C 20270219 19.98 20.75 0 94 0.2050 0.3266 0.003500
785.00 P 20270219 79.87 81.24 0 25 0.2030 -0.7335 0.004200
790.00 C 20270219 18.38 19.20 0 1096 0.2036 0.3101 0.003400
790.00 P 20270219 83.63 85.22 0 81 0.2029 -0.7540 0.004200
795.00 C 20270219 16.97 17.80 0 98 0.2026 0.2939 0.003400
795.00 P 20270219 87.47 88.85 0 14 0.2011 -0.7739 0.004100
800.00 C 20270219 15.81 16.54 4 192 0.2023 0.2782 0.003300
800.00 P 20270219 91.42 93.97 0 415 0.2045 -0.7936 0.004100
805.00 C 20270219 14.57 15.26 24 173 0.2013 0.2630 0.003200
805.00 P 20270219 95.48 98.05 0 326 0.2039 -0.8131 0.004000
810.00 C 20270219 13.36 14.18 2 85 0.2006 0.2482 0.003100
810.00 P 20270219 99.66 102.24 1 3161 0.2036 -0.8321 0.004000
815.00 C 20270219 12.46 13.12 0 146 0.2005 0.2340 0.003000
815.00 P 20270219 103.90 106.48 0 436 0.2032 -0.8512 0.004000
820.00 C 20270219 11.28 12.12 2 151 0.1993 0.2204 0.002900
820.00 P 20270219 108.23 110.87 0 2810 0.2030 -0.8697 0.004000
825.00 C 20270219 10.44 11.24 1 188 0.1992 0.2073 0.002800
825.00 P 20270219 112.27 115.30 0 6 0.2005 -0.8871 0.003900
830.00 C 20270219 9.72 10.26 0 5318 0.1988 0.1948 0.002700
830.00 P 20270219 117.21 119.85 0 1 0.2030 -0.9050 0.003900
835.00 C 20270219 8.87 9.55 2 92 0.1986 0.1829 0.002600
835.00 P 20270219 121.82 124.49 0 0 0.2037 -0.9219 0.003700
840.00 C 20270219 8.20 8.73 1 272 0.1982 0.1715 0.002500
840.00 P 20270219 126.51 129.20 0 4 0.2042 -0.9370 0.003400
845.00 C 20270219 7.47 8.12 0 116 0.1980 0.1607 0.002400
845.00 P 20270219 131.37 133.99 0 1 0.2063 -0.9503 0.003100
850.00 C 20270219 6.93 7.42 9 72 0.1978 0.1504 0.002300
850.00 P 20270219 135.18 138.85 0 0 0.1911 -0.9633 0.002700
855.00 C 20270219 6.30 6.91 12 219 0.1977 0.1407 0.002200
855.00 P 20270219 140.12 143.78 0 0 0.1913 -0.9733 0.002200
860.00 C 20270219 5.93 6.24 205 4662 0.1978 0.1315 0.002100
860.00 P 20270219 145.11 148.77 0 0 0.1951 -0.9816 0.001700
865.00 C 20270219 5.31 5.88 0 99 0.1977 0.1229 0.002000
865.00 P 20270219 150.08 153.78 0 0 0.1988 -0.9884 0.001300
870.00 C 20270219 4.94 5.31 110 30 0.1975 0.1147 0.001900
870.00 P 20270219 155.11 158.78 0 0 0.2046 -0.9927 0.000800
875.00 C 20270219 4.52 4.93 20 14 0.1977 0.1070 0.001800
875.00 P 20270219 160.08 163.77 0 0 0.2074 -0.9956 0.000500
880.00 C 20270219 4.13 4.51 2 285 0.1975 0.0998 0.001800
880.00 P 20270219 165.08 168.77 0 0 0.2118 -0.9977 0.000300
885.00 C 20270219 3.81 4.19 0 65 0.1979 0.0931 0.001700
885.00 P 20270219 170.11 173.77 0 0 0.2175 -0.9994 0.000100
890.00 C 20270219 3.34 3.83 0 161 0.1969 0.0868 0.001600
890.00 P 20270219 175.11 178.77 0 0 0.2218 -1.0000 0.000000
895.00 C 20270219 3.16 3.65 0 104 0.1986 0.0809 0.001500
895.00 P 20270219 180.11 183.77 0 0 0.2261 -1.0000 0.000000
900.00 C 20270219 2.90 3.25 0 135 0.1980 0.0754 0.001400
900.00 P 20270219 185.08 188.77 0 0 0.2291 -1.0000 0.000000
905.00 C 20270219 2.66 3.05 0 60 0.1986 0.0703 0.001300
905.00 P 20270219 190.08 193.77 0 0 0.2333 -1.0000 0.000000
910.00 C 20270219 2.52 2.85 2 50 0.1998 0.0655 0.001300
910.00 P 20270219 195.08 198.77 0 0 0.2375 -1.0000 0.000000
915.00 C 20270219 2.25 2.61 2 13 0.1994 0.0610 0.001200
915.00 P 20270219 200.07 203.76 0 0 -1.0000 -1.0000 0.000000
920.00 C 20270219 2.07 2.39 1 67 0.1996 0.0570 0.001100
920.00 P 20270219 205.07 208.76 0 0 -1.0000 -1.0000 0.000000
925.00 C 20270219 1.90 2.24 0 38 0.2002 0.0531 0.001100
925.00 P 20270219 210.07 213.76 0 0 -1.0000 -1.0000 0.000000
930.00 C 20270219 1.68 2.05 0 17 0.1997 0.0496 0.001000
930.00 P 20270219 215.07 218.76 0 0 -1.0000 -1.0000 0.000000
935.00 C 20270219 1.63 2.00 0 76 0.2021 0.0463 0.001000
935.00 P 20270219 220.07 223.76 0 0 -1.0000 -1.0000 0.000000
940.00 C 20270219 1.41 1.77 0 8 0.2006 0.0432 0.000900
940.00 P 20270219 225.07 228.76 0 0 -1.0000 -1.0000 0.000000
945.00 C 20270219 1.36 1.68 0 8 0.2023 0.0404 0.000800
945.00 P 20270219 230.07 233.76 0 0 -1.0000 -1.0000 0.000000
950.00 C 20270219 1.27 1.54 0 6 0.2028 0.0378 0.000800
950.00 P 20270219 235.07 238.76 0 0 -1.0000 -1.0000 0.000000
955.00 C 20270219 1.17 1.46 0 1 0.2037 0.0354 0.000800
955.00 P 20270219 240.07 243.76 0 0 -1.0000 -1.0000 0.000000
960.00 C 20270219 1.03 1.34 0 49 0.2033 0.0331 0.000700
960.00 P 20270219 245.07 248.76 0 0 -1.0000 -1.0000 0.000000
965.00 C 20270219 0.98 1.28 0 2 0.2049 0.0310 0.000700
965.00 P 20270219 250.07 253.76 0 0 -1.0000 -1.0000 0.000000
970.00 C 20270219 0.94 1.18 0 24 0.2059 0.0290 0.000600
970.00 P 20270219 255.07 258.76 0 0 -1.0000 -1.0000 0.000000
975.00 C 20270219 0.83 1.18 0 0 0.2071 0.0273 0.000600
975.00 P 20270219 260.07 263.76 0 0 -1.0000 -1.0000 0.000000
980.00 C 20270219 0.78 1.11 0 220 0.2081 0.0257 0.000600
980.00 P 20270219 265.07 268.76 0 0 -1.0000 -1.0000 0.000000
985.00 C 20270219 0.75 1.05 0 1 0.2095 0.0241 0.000500
985.00 P 20270219 270.07 273.76 0 0 -1.0000 -1.0000 0.000000
990.00 C 20270219 0.65 0.99 0 4 0.2094 0.0227 0.000500
990.00 P 20270219 275.07 278.76 0 0 -1.0000 -1.0000 0.000000
995.00 C 20270219 0.63 0.94 0 11 0.2109 0.0214 0.000500
995.00 P 20270219 280.07 283.76 0 0 -1.0000 -1.0000 0.000000
1000.00 C 20270219 0.56 0.88 3 35 0.2112 0.0202 0.000500
1000.00 P 20270219 285.07 288.76 0 0 -1.0000 -1.0000 0.000000
1005.00 C 20270219 0.54 0.85 0 2 0.2128 0.0190 0.000400
1005.00 P 20270219 290.07 293.76 0 0 -1.0000 -1.0000 0.000000
1010.00 C 20270219 0.43 0.80 1 3 0.2120 0.0180 0.000400
1010.00 P 20270219 295.07 298.76 0 0 -1.0000 -1.0000 0.000000
1015.00 C 20270219 0.45 0.77 0 2 0.2143 0.0170 0.000400
1015.00 P 20270219 300.07 303.76 0 0 -1.0000 -1.0000 0.000000
1020.00 C 20270219 0.42 0.74 0 3 0.2156 0.0161 0.000400
1020.00 P 20270219 305.07 308.76 0 0 -1.0000 -1.0000 0.000000
1025.00 C 20270219 0.35 0.68 0 3129 0.2147 0.0153 0.000400
1025.00 P 20270219 310.07 313.76 0 0 -1.0000 -1.0000 0.000000
1030.00 C 20270219 0.32 0.65 0 1 0.2156 0.0145 0.000300
1030.00 P 20270219 315.08 318.76 0 0 0.3285 -1.0000 0.000000
1035.00 C 20270219 0.31 0.62 0 1 0.2170 0.0138 0.000300
1035.00 P 20270219 320.08 323.77 0 0 0.3325 -1.0000 0.000000
1040.00 C 20270219 0.27 0.62 0 3 0.2183 0.0131 0.000300
1040.00 P 20270219 325.08 328.77 0 0 0.3360 -1.0000 0.000000
1045.00 C 20270219 0.26 0.68 0 22 0.2223 0.0125 0.000300
1045.00 P 20270219 330.08 333.77 0 0 0.3395 -1.0000 0.000000
1050.00 C 20270219 0.25 0.65 0 1 0.2235 0.0119 0.000300
1050.00 P 20270219 335.08 338.77 0 0 0.3429 -1.0000 0.000000
1055.00 C 20270219 0.23 0.63 0 2 0.2247 0.0114 0.000300
1055.00 P 20270219 340.08 343.77 0 0 0.3463 -1.0000 0.000000
1060.00 C 20270219 0.21 0.61 0 38 0.2258 0.0109 0.000200
1060.00 P 20270219 345.08 348.77 0 0 0.3497 -1.0000 0.000000
1065.00 C 20270219 0.20 0.58 0 64 0.2268 0.0104 0.000200
1065.00 P 20270219 350.08 353.77 0 0 0.3531 -1.0000 0.000000
1070.00 C 20270219 0.19 0.56 0 4 0.2281 0.0099 0.000200
1070.00 P 20270219 355.08 358.76 0 0 0.3559 -1.0000 0.000000
1075.00 C 20270219 0.17 0.55 0 7 0.2294 0.0095 0.000200
1075.00 P 20270219 360.08 363.76 0 0 0.3593 -1.0000 0.000000
1080.00 C 20270219 0.16 0.51 0 4 0.2298 0.0091 0.000200
1080.00 P 20270219 365.07 368.76 0 0 -1.0000 -1.0000 0.000000
1085.00 C 20270219 0.13 0.49 0 201 0.2300 0.0088 0.000200
1085.00 P 20270219 370.07 373.76 0 0 -1.0000 -1.0000 0.000000
285.00 C 20270319 433.17 436.81 0 8 0.5532 0.9936 0.000100
285.00 P 20270319 0.73 0.88 4 813 0.5555 -0.0070 0.000100
290.00 C 20270319 428.32 431.99 0 0 0.5473 0.9932 0.000100
290.00 P 20270319 0.60 0.96 0 49 0.5436 -0.0074 0.000100
295.00 C 20270319 423.46 427.12 0 8 0.5387 0.9928 0.000100
295.00 P 20270319 0.65 1.05 0 378 0.5404 -0.0078 0.000100
300.00 C 20270319 418.67 422.32 0 10 0.5362 0.9923 0.000100
300.00 P 20270319 0.75 0.87 100 900 0.5276 -0.0083 0.000100
305.00 C 20270319 413.80 417.48 0 1 0.5285 0.9919 0.000100
305.00 P 20270319 0.73 1.14 2 55 0.5288 -0.0087 0.000100
310.00 C 20270319 408.96 412.65 0 1 0.5225 0.9914 0.000100
310.00 P 20270319 0.76 1.17 0 215 0.5220 -0.0092 0.000100
315.00 C 20270319 404.19 407.82 0 2 0.5189 0.9909 0.000100
315.00 P 20270319 0.80 1.23 0 64 0.5166 -0.0097 0.000100
320.00 C 20270319 399.32 403.00 0 2 0.5120 0.9903 0.000100
320.00 P 20270319 0.89 1.21 9 304 0.5102 -0.0103 0.000100
325.00 C 20270319 394.51 398.14 0 1 0.5058 0.9898 0.000100
325.00 P 20270319 1.00 1.32 0 55 0.5086 -0.0108 0.000100
330.00 C 20270319 389.67 393.35 0 4 0.5009 0.9892 0.000100
330.00 P 20270319 0.96 1.40 0 64 0.5010 -0.0114 0.000100
335.00 C 20270319 384.84 388.53 0 1 0.4953 0.9886 0.000100
335.00 P 20270319 1.01 1.46 1 30 0.4957 -0.0120 0.000100
340.00 C 20270319 380.12 383.71 0 2 0.4928 0.9879 0.000100
340.00 P 20270319 1.07 1.52 0 226 0.4906 -0.0127 0.000100
345.00 C 20270319 375.28 378.86 0 2 0.4858 0.9873 0.000100
345.00 P 20270319 1.15 1.55 1 217 0.4851 -0.0134 0.000100
350.00 C 20270319 370.42 374.08 0 8 0.4803 0.9866 0.000100
350.00 P 20270319 1.22 1.61 1 956 0.4801 -0.0141 0.000100
355.00 C 20270319 365.61 369.24 0 2 0.4745 0.9858 0.000100
355.00 P 20270319 1.26 1.72 0 144 0.4755 -0.0148 0.000100
360.00 C 20270319 360.89 364.43 0 2 0.4715 0.9851 0.000100
360.00 P 20270319 1.35 1.79 0 240 0.4710 -0.0156 0.000100
365.00 C 20270319 356.00 359.63 0 2 0.4646 0.9842 0.000200
365.00 P 20270319 1.41 1.87 0 156 0.4659 -0.0164 0.000200
370.00 C 20270319 351.29 354.82 0 5 0.4616 0.9834 0.000200
370.00 P 20270319 1.48 1.94 0 157 0.4608 -0.0173 0.000200
375.00 C 20270319 346.41 350.02 0 0 0.4549 0.9825 0.000200
375.00 P 20270319 1.56 2.03 0 223 0.4562 -0.0182 0.000200
380.00 C 20270319 341.70 345.26 0 6 0.4527 0.9816 0.000200
380.00 P 20270319 1.64 2.11 0 307 0.4514 -0.0191 0.000200
385.00 C 20270319 336.91 340.44 0 3 0.4474 0.9807 0.000200
385.00 P 20270319 1.74 2.20 0 165 0.4470 -0.0201 0.000200
390.00 C 20270319 332.10 335.65 0 3 0.4422 0.9796 0.000200
390.00 P 20270319 1.81 2.23 0 831 0.4409 -0.0211 0.000200
395.00 C 20270319 327.34 330.89 0 0 0.4384 0.9786 0.000200
395.00 P 20270319 1.90 2.38 0 681 0.4373 -0.0221 0.000200
400.00 C 20270319 322.56 326.08 3 33 0.4330 0.9775 0.000200
400.00 P 20270319 2.02 2.42 5 2045 0.4321 -0.0232 0.000200
405.00 C 20270319 317.78 321.33 0 1 0.4288 0.9764 0.000200
405.00 P 20270319 2.10 2.58 0 142 0.4282 -0.0244 0.000200
410.00 C 20270319 313.01 316.52 0 0 0.4237 0.9752 0.000300
410.00 P 20270319 2.13 2.68 0 356 0.4224 -0.0256 0.000300
415.00 C 20270319 308.25 311.76 0 1 0.4194 0.9739 0.000300
415.00 P 20270319 2.31 2.72 0 160 0.4180 -0.0269 0.000300
420.00 C 20270319 303.49 307.02 0 5 0.4154 0.9726 0.000300
420.00 P 20270319 2.35 2.82 0 644 0.4123 -0.0283 0.000300
425.00 C 20270319 298.74 302.23 0 2 0.4106 0.9712 0.000300
425.00 P 20270319 2.54 3.03 0 1290 0.4103 -0.0297 0.000300
430.00 C 20270319 293.98 297.48 0 28 0.4062 0.9698 0.000300
430.00 P 20270319 2.60 3.12 0 5345 0.4046 -0.0312 0.000300
435.00 C 20270319 289.24 292.73 0 13 0.4019 0.9683 0.000300
435.00 P 20270319 2.79 3.29 0 304 0.4017 -0.0327 0.000300
440.00 C 20270319 284.51 287.98 0 22 0.3977 0.9667 0.000400
440.00 P 20270319 2.85 3.42 0 470 0.3964 -0.0343 0.000400
445.00 C 20270319 279.76 283.25 0 4 0.3934 0.9650 0.000400
445.00 P 20270319 3.07 3.56 0 249 0.3932 -0.0360 0.000400
450.00 C 20270319 275.04 278.52 0 60 0.3893 0.9633 0.000400
450.00 P 20270319 3.23 3.71 3 3592 0.3892 -0.0378 0.000400
455.00 C 20270319 270.32 273.79 0 3 0.3851 0.9615 0.000400
455.00 P 20270319 3.38 3.89 0 1378 0.3852 -0.0396 0.000400
460.00 C 20270319 265.60 269.07 0 15 0.3809 0.9596 0.000400
460.00 P 20270319 3.45 4.03 0 1075 0.3799 -0.0416 0.000400
465.00 C 20270319 260.90 264.36 0 7 0.3769 0.9576 0.000400
465.00 P 20270319 3.72 4.12 0 2367 0.3761 -0.0436 0.000500
470.00 C 20270319 256.20 259.66 0 31 0.3729 0.9555 0.000500
470.00 P 20270319 3.89 4.32 700 3304 0.3722 -0.0457 0.000500
475.00 C 20270319 251.52 254.96 0 15 0.3689 0.9533 0.000500
475.00 P 20270319 4.08 4.55 0 3744 0.3687 -0.0480 0.000500
480.00 C 20270319 246.84 250.28 0 7 0.3650 0.9510 0.000500
480.00 P 20270319 4.29 4.70 4 1611 0.3646 -0.0503 0.000500
485.00 C 20270319 242.19 245.60 0 32 0.3613 0.9486 0.000500
485.00 P 20270319 4.49 4.95 0 1921 0.3609 -0.0527 0.000600
490.00 C 20270319 237.51 240.93 0 22 0.3573 0.9461 0.000600
490.00 P 20270319 4.70 5.09 213 2018 0.3565 -0.0553 0.000600
495.00 C 20270319 232.87 236.28 0 15 0.3536 0.9435 0.000600
495.00 P 20270319 4.93 5.40 0 103 0.3534 -0.0580 0.000600
500.00 C 20270319 228.26 231.63 0 89 0.3501 0.9407 0.000600
500.00 P 20270319 5.16 5.55 7 6189 0.3488 -0.0609 0.000600
505.00 C 20270319 224.58 227.00 0 16 0.3534 0.9378 0.000700
505.00 P 20270319 5.42 5.89 0 1645 0.3459 -0.0639 0.000700
510.00 C 20270319 219.97 222.39 0 62 0.3496 0.9347 0.000700
510.00 P 20270319 5.70 6.09 0 3773 0.3419 -0.0670 0.000700
515.00 C 20270319 215.37 217.78 0 51 0.3457 0.9315 0.000700
515.00 P 20270319 5.96 6.49 0 508 0.3391 -0.0703 0.000700
520.00 C 20270319 210.79 213.19 0 35 0.3420 0.9282 0.000800
520.00 P 20270319 6.15 6.72 1 2037 0.3346 -0.0737 0.000800
525.00 C 20270319 206.22 208.61 0 51 0.3382 0.9247 0.000800
525.00 P 20270319 6.54 6.86 4 4392 0.3304 -0.0774 0.000800
530.00 C 20270319 201.67 204.05 0 35 0.3346 0.9210 0.000800
530.00 P 20270319 6.78 7.37 0 953 0.3278 -0.0811 0.000800
535.00 C 20270319 197.13 199.51 0 642 0.3310 0.9171 0.000900
535.00 P 20270319 7.12 7.76 0 218 0.3247 -0.0851 0.000900
540.00 C 20270319 192.61 194.98 0 321 0.3274 0.9130 0.000900
540.00 P 20270319 7.57 8.01 10 2139 0.3211 -0.0893 0.000900
545.00 C 20270319 188.11 190.46 0 204 0.3239 0.9088 0.001000
545.00 P 20270319 7.84 8.46 0 267 0.3177 -0.0937 0.001000
550.00 C 20270319 183.65 185.98 0 485 0.3206 0.9043 0.001000
550.00 P 20270319 8.32 8.73 19 12931 0.3140 -0.0984 0.001000
555.00 C 20270319 179.19 181.51 0 50 0.3172 0.8996 0.001000
555.00 P 20270319 8.75 9.26 2 1805 0.3115 -0.1032 0.001100
560.00 C 20270319 174.74 177.07 1 836 0.3138 0.8947 0.001100
560.00 P 20270319 9.17 9.56 10 6833 0.3075 -0.1082 0.001100
565.00 C 20270319 170.33 172.11 0 394 0.3079 0.8895 0.001200
565.00 P 20270319 9.62 10.02 4 2632 0.3042 -0.1137 0.001200
570.00 C 20270319 165.93 168.24 0 361 0.3072 0.8841 0.001200
570.00 P 20270319 10.08 10.51 8 7378 0.3010 -0.1193 0.001200
575.00 C 20270319 161.56 163.34 0 147 0.3016 0.8784 0.001200
575.00 P 20270319 10.63 11.22 6 2047 0.2991 -0.1251 0.001300
580.00 C 20270319 157.21 158.92 0 609 0.2981 0.8725 0.001300
580.00 P 20270319 11.15 11.53 1 4305 0.2949 -0.1313 0.001400
585.00 C 20270319 152.90 154.67 0 701 0.2954 0.8663 0.001400
585.00 P 20270319 11.73 12.42 1 842 0.2933 -0.1377 0.001400
590.00 C 20270319 148.61 150.90 0 1333 0.2946 0.8598 0.001400
590.00 P 20270319 12.28 12.70 11 2384 0.2889 -0.1444 0.001500
595.00 C 20270319 144.35 146.64 0 2135 0.2915 0.8530 0.001500
595.00 P 20270319 12.95 13.66 2 610 0.2874 -0.1515 0.001500
600.00 C 20270319 140.11 141.86 4 2093 0.2865 0.8459 0.001600
600.00 P 20270319 13.53 13.98 59 15995 0.2828 -0.1590 0.001600
605.00 C 20270319 135.93 137.37 1 3130 0.2824 0.8385 0.001600
605.00 P 20270319 14.21 14.79 1 4348 0.2804 -0.1667 0.001700
610.00 C 20270319 131.77 133.52 0 1615 0.2807 0.8307 0.001700
610.00 P 20270319 15.01 15.50 1 4655 0.2777 -0.1748 0.001700
615.00 C 20270319 127.65 129.40 0 212 0.2779 0.8226 0.001800
615.00 P 20270319 15.78 16.38 1 2929 0.2752 -0.1834 0.001800
620.00 C 20270319 123.57 125.88 1 303 0.2771 0.8142 0.001800
620.00 P 20270319 16.59 17.22 92 7819 0.2726 -0.1921 0.001900
625.00 C 20270319 119.53 121.28 0 856 0.2724 0.8054 0.001900
625.00 P 20270319 17.45 18.02 5008 3784 0.2697 -0.2014 0.002000
630.00 C 20270319 115.54 117.28 2 1723 0.2698 0.7963 0.002000
630.00 P 20270319 18.38 18.93 4 2853 0.2671 -0.2111 0.002000
635.00 C 20270319 111.59 113.13 0 2449 0.2665 0.7868 0.002000
635.00 P 20270319 19.19 20.08 3 959 0.2649 -0.2210 0.002100
640.00 C 20270319 107.68 109.43 0 883 0.2646 0.7769 0.002100
640.00 P 20270319 20.31 20.90 5501 3443 0.2622 -0.2314 0.002200
645.00 C 20270319 103.83 105.58 0 1066 0.2621 0.7666 0.002200
645.00 P 20270319 21.36 21.99 488 1555 0.2596 -0.2424 0.002300
650.00 C 20270319 98.79 101.78 0 2010 0.2560 0.7560 0.002200
650.00 P 20270319 22.55 23.02 424 10112 0.2573 -0.2536 0.002400
655.00 C 20270319 95.02 98.03 0 1450 0.2535 0.7449 0.002300
655.00 P 20270319 23.61 24.22 297 5139 0.2544 -0.2655 0.002400
660.00 C 20270319 91.35 94.34 0 1985 0.2513 0.7335 0.002400
660.00 P 20270319 24.85 25.34 7 3459 0.2520 -0.2775 0.002500
665.00 C 20270319 87.71 90.71 0 1826 0.2490 0.7217 0.002500
665.00 P 20270319 26.18 26.89 1 3852 0.2503 -0.2902 0.002600
670.00 C 20270319 85.45 86.74 7 5183 0.2493 0.7095 0.002600
670.00 P 20270319 27.67 28.39 14 4187 0.2488 -0.3033 0.002700
675.00 C 20270319 80.61 83.64 5 1562 0.2446 0.6969 0.002600
675.00 P 20270319 28.94 29.53 0 2242 0.2453 -0.3168 0.002800
680.00 C 20270319 77.12 80.20 0 1513 0.2424 0.6839 0.002700
680.00 P 20270319 30.51 31.34 13 10834 0.2443 -0.3306 0.002900
685.00 C 20270319 73.72 76.81 4 1176 0.2402 0.6706 0.002800
685.00 P 20270319 31.99 32.68 2 4390 0.2412 -0.3452 0.003000
690.00 C 20270319 70.37 73.52 5 820 0.2381 0.6569 0.002800
690.00 P 20270319 33.63 34.34 3 5272 0.2391 -0.3602 0.003000
695.00 C 20270319 67.14 70.27 2 962 0.2360 0.6428 0.002900
695.00 P 20270319 35.42 36.34 3 944 0.2380 -0.3755 0.003100
700.00 C 20270319 64.04 66.68 2 3254 0.2332 0.6284 0.003000
700.00 P 20270319 37.23 37.74 14 11056 0.2350 -0.3910 0.003200
705.00 C 20270319 60.90 64.03 6 1291 0.2322 0.6137 0.003000
705.00 P 20270319 39.11 39.81 2 2344 0.2333 -0.4074 0.003300
710.00 C 20270319 59.44 60.51 6 2817 0.2328 0.5987 0.003100
710.00 P 20270319 40.93 42.08 4 1435 0.2317 -0.4240 0.003400
715.00 C 20270319 56.50 57.20 11 17096 0.2300 0.5834 0.003100
715.00 P 20270319 43.11 43.55 147 2123 0.2288 -0.4410 0.003400
720.00 C 20270319 53.65 54.41 3 5375 0.2284 0.5678 0.003200
720.00 P 20270319 45.28 46.11 2 6673 0.2279 -0.4585 0.003500
725.00 C 20270319 50.93 51.80 13 1872 0.2271 0.5520 0.003200
725.00 P 20270319 47.53 48.38 0 3604 0.2261 -0.4762 0.003600
730.00 C 20270319 48.23 48.98 19 11545 0.2250 0.5360 0.003300
730.00 P 20270319 49.88 50.96 0 2254 0.2251 -0.4940 0.003600
735.00 C 20270319 45.67 46.67 10 3780 0.2241 0.5198 0.003300
735.00 P 20270319 52.32 53.19 0 4155 0.2228 -0.5126 0.003700
740.00 C 20270319 43.14 44.18 0 2314 0.2225 0.5034 0.003300
740.00 P 20270319 54.82 56.03 5080 3910 0.2218 -0.5311 0.003700
745.00 C 20270319 40.76 41.62 6 2014 0.2207 0.4870 0.003300
745.00 P 20270319 57.52 58.41 0 3540 0.2197 -0.5501 0.003800
750.00 C 20270319 38.46 39.22 242 5560 0.2191 0.4705 0.003400
750.00 P 20270319 60.20 61.19 2 2877 0.2182 -0.5690 0.003800
755.00 C 20270319 36.24 37.00 7 2837 0.2178 0.4540 0.003400
755.00 P 20270319 63.10 64.31 0 1031 0.2175 -0.5885 0.003900
760.00 C 20270319 34.10 34.87 22 5930 0.2164 0.4375 0.003400
760.00 P 20270319 66.07 67.27 0 630 0.2160 -0.6079 0.003900
765.00 C 20270319 32.03 32.82 26 2651 0.2151 0.4211 0.003400
765.00 P 20270319 69.15 70.34 0 342 0.2146 -0.6274 0.003900
770.00 C 20270319 30.06 30.87 5 4493 0.2139 0.4047 0.003400
770.00 P 20270319 72.34 73.50 0 1171 0.2133 -0.6468 0.003900
775.00 C 20270319 28.23 29.00 15 3620 0.2129 0.3885 0.003300
775.00 P 20270319 74.02 77.16 0 391 0.2089 -0.6664 0.003900
780.00 C 20270319 26.47 27.22 10 2658 0.2118 0.3725 0.003300
780.00 P 20270319 77.42 81.22 0 252 0.2095 -0.6857 0.003900
785.00 C 20270319 24.80 25.60 1 1577 0.2111 0.3567 0.003300
785.00 P 20270319 80.92 84.14 0 168 0.2068 -0.7051 0.003900
790.00 C 20270319 23.23 23.91 12 5776 0.2100 0.3412 0.003200
790.00 P 20270319 84.52 87.75 1 53 0.2056 -0.7242 0.003900
795.00 C 20270319 21.73 22.38 10 4728 0.2092 0.3259 0.003200
795.00 P 20270319 89.88 91.46 0 2 0.2095 -0.7432 0.003900
800.00 C 20270319 20.26 20.93 46 7438 0.2082 0.3110 0.003100
800.00 P 20270319 92.30 95.28 1 118 0.2043 -0.7619 0.003900
805.00 C 20270319 18.87 19.57 22 17620 0.2074 0.2965 0.003100
805.00 P 20270319 96.25 99.18 0 2 0.2034 -0.7805 0.003800
810.00 C 20270319 17.61 18.28 10 6346 0.2068 0.2823 0.003000
810.00 P 20270319 100.27 103.19 0 2 0.2024 -0.7991 0.003800
815.00 C 20270319 16.38 17.07 16 22370 0.2060 0.2685 0.003000
815.00 P 20270319 104.26 107.29 0 24 0.2010 -0.8172 0.003800
820.00 C 20270319 15.32 15.82 24 3018 0.2054 0.2551 0.002900
820.00 P 20270319 108.46 111.49 1 41 0.2001 -0.8351 0.003800
825.00 C 20270319 14.25 14.87 0 2777 0.2052 0.2422 0.002800
825.00 P 20270319 112.76 115.81 0 91 0.1992 -0.8530 0.003800
830.00 C 20270319 13.21 13.86 2 20715 0.2045 0.2297 0.002700
830.00 P 20270319 117.15 120.18 1 3 0.1980 -0.8704 0.003800
835.00 C 20270319 12.32 13.01 2 1453 0.2046 0.2177 0.002700
835.00 P 20270319 121.62 124.63 0 1 0.1966 -0.8875 0.003800
840.00 C 20270319 11.39 12.04 97 2529 0.2037 0.2061 0.002600
840.00 P 20270319 126.18 129.60 0 0 0.1983 -0.9041 0.003700
845.00 C 20270319 10.63 11.20 0 2253 0.2035 0.1950 0.002500
845.00 P 20270319 130.82 133.79 0 2 0.1920 -0.9200 0.003600
850.00 C 20270319 9.83 10.40 245 10562 0.2030 0.1844 0.002400
850.00 P 20270319 135.54 138.48 0 0 0.1853 -0.9343 0.003300
855.00 C 20270319 9.16 9.68 0 3939 0.2030 0.1742 0.002300
855.00 P 20270319 140.34 144.01 0 0 0.1975 -0.9470 0.003000
860.00 C 20270319 8.56 8.95 3 6937 0.2028 0.1645 0.002200
860.00 P 20270319 145.20 148.87 0 2 0.1957 -0.9592 0.002600
865.00 C 20270319 7.93 8.49 1 727 0.2032 0.1552 0.002200
865.00 P 20270319 150.13 153.77 0 0 0.1947 -0.9694 0.002200
870.00 C 20270319 7.36 7.79 2 6842 0.2027 0.1464 0.002100
870.00 P 20270319 155.11 158.71 0 0 -1.0000 -0.9780 0.001800
875.00 C 20270319 6.84 7.22 6 12451 0.2026 0.1381 0.002000
875.00 P 20270319 160.12 163.63 0 0 -1.0000 -0.9846 0.001400
880.00 C 20270319 6.34 6.72 4 9440 0.2025 0.1301 0.001900
880.00 P 20270319 165.12 168.67 0 0 -1.0000 -0.9897 0.001000
885.00 C 20270319 5.83 6.45 1 844 0.2032 0.1226 0.001800
885.00 P 20270319 170.12 173.65 0 0 -1.0000 -0.9935 0.000700
890.00 C 20270319 5.42 6.02 1 573 0.2034 0.1155 0.001800
890.00 P 20270319 175.11 178.65 0 0 -1.0000 -0.9959 0.000400
895.00 C 20270319 5.10 5.50 2 626 0.2033 0.1088 0.001700
895.00 P 20270319 180.11 183.65 0 0 -1.0000 -0.9980 0.000200
900.00 C 20270319 4.74 5.13 2 1748 0.2035 0.1024 0.001600
900.00 P 20270319 185.11 188.65 0 0 -1.0000 -0.9993 0.000100
905.00 C 20270319 4.33 4.81 1 452 0.2035 0.0964 0.001500
905.00 P 20270319 190.08 193.65 0 0 -1.0000 -1.0000 0.000000
910.00 C 20270319 4.02 4.49 2 539 0.2037 0.0907 0.001500
910.00 P 20270319 195.08 198.65 0 0 -1.0000 -1.0000 0.000000
915.00 C 20270319 3.74 4.19 1 466 0.2040 0.0854 0.001400
915.00 P 20270319 200.10 203.68 0 0 -1.0000 -1.0000 0.000000
920.00 C 20270319 3.48 3.86 2 394 0.2040 0.0804 0.001300
920.00 P 20270319 205.10 208.65 0 0 -1.0000 -1.0000 0.000000
925.00 C 20270319 3.20 3.68 2 678 0.2046 0.0757 0.001300
925.00 P 20270319 210.08 213.65 0 0 -1.0000 -1.0000 0.000000
930.00 C 20270319 3.05 3.25 0 6285 0.2042 0.0713 0.001200
930.00 P 20270319 215.08 218.65 0 0 -1.0000 -1.0000 0.000000
935.00 C 20270319 2.76 3.21 0 97 0.2052 0.0671 0.001200
935.00 P 20270319 220.08 223.65 0 0 -1.0000 -1.0000 0.000000
940.00 C 20270319 2.63 2.97 1 610 0.2059 0.0632 0.001100
940.00 P 20270319 225.08 228.68 0 0 -1.0000 -1.0000 0.000000
945.00 C 20270319 2.46 2.78 0 104 0.2064 0.0596 0.001100
945.00 P 20270319 230.07 233.67 0 0 -1.0000 -1.0000 0.000000
950.00 C 20270319 2.24 2.67 6 9111 0.2069 0.0562 0.001000
950.00 P 20270319 235.07 238.65 0 0 -1.0000 -1.0000 0.000000
955.00 C 20270319 2.09 2.52 0 134 0.2076 0.0530 0.001000
955.00 P 20270319 240.07 243.65 0 0 -1.0000 -1.0000 0.000000
960.00 C 20270319 1.94 2.34 0 4097 0.2079 0.0499 0.000900
960.00 P 20270319 245.07 248.65 6 0 -1.0000 -1.0000 0.000000
965.00 C 20270319 1.86 2.17 152 425 0.2086 0.0471 0.000900
965.00 P 20270319 250.07 253.65 0 0 -1.0000 -1.0000 0.000000
970.00 C 20270319 1.68 2.05 300 505 0.2087 0.0445 0.000800
970.00 P 20270319 255.07 258.65 0 0 -1.0000 -1.0000 0.000000
975.00 C 20270319 1.57 1.92 198 140 0.2092 0.0420 0.000800
975.00 P 20270319 260.07 263.65 0 0 -1.0000 -1.0000 0.000000
980.00 C 20270319 1.46 1.80 0 296 0.2097 0.0397 0.000800
980.00 P 20270319 265.07 268.65 0 0 -1.0000 -1.0000 0.000000
985.00 C 20270319 1.41 1.70 0 494 0.2109 0.0375 0.000700
985.00 P 20270319 270.07 273.65 0 0 -1.0000 -1.0000 0.000000
990.00 C 20270319 1.27 1.62 0 1396 0.2111 0.0355 0.000700
990.00 P 20270319 275.07 278.65 0 0 -1.0000 -1.0000 0.000000
995.00 C 20270319 1.23 1.56 0 219 0.2126 0.0336 0.000600
995.00 P 20270319 280.07 283.68 0 0 -1.0000 -1.0000 0.000000
1000.00 C 20270319 1.15 1.43 1 674 0.2127 0.0318 0.000600
1000.00 P 20270319 285.07 288.65 0 0 -1.0000 -1.0000 0.000000
1005.00 C 20270319 1.04 1.41 0 69 0.2137 0.0302 0.000600
1005.00 P 20270319 290.07 293.76 0 0 -1.0000 -1.0000 0.000000
1010.00 C 20270319 0.97 1.33 0 24 0.2143 0.0286 0.000600
1010.00 P 20270319 295.07 298.76 0 0 -1.0000 -1.0000 0.000000
1015.00 C 20270319 0.95 1.27 0 8 0.2158 0.0271 0.000500
1015.00 P 20270319 300.07 303.76 0 0 -1.0000 -1.0000 0.000000
1020.00 C 20270319 0.89 1.18 0 176 0.2159 0.0258 0.000500
1020.00 P 20270319 305.07 308.76 0 0 -1.0000 -1.0000 0.000000
1025.00 C 20270319 0.83 1.16 0 179 0.2173 0.0245 0.000500
1025.00 P 20270319 310.07 313.76 0 0 -1.0000 -1.0000 0.000000
1030.00 C 20270319 0.78 1.17 0 29 0.2192 0.0233 0.000500
1030.00 P 20270319 315.07 318.76 0 0 -1.0000 -1.0000 0.000000
1035.00 C 20270319 0.69 1.12 0 15 0.2194 0.0221 0.000400
1035.00 P 20270319 320.07 323.76 0 0 -1.0000 -1.0000 0.000000
1040.00 C 20270319 0.63 1.04 0 4 0.2193 0.0211 0.000400
1040.00 P 20270319 325.08 328.76 0 0 0.3234 -1.0000 0.000000
1045.00 C 20270319 0.65 0.92 0 209 0.2199 0.0201 0.000400
1045.00 P 20270319 330.08 333.76 0 0 0.3267 -1.0000 0.000000
1050.00 C 20270319 0.54 0.94 0 221 0.2204 0.0192 0.000400
1050.00 P 20270319 335.08 338.76 0 0 0.3300 -1.0000 0.000000
1055.00 C 20270319 0.57 0.90 0 22 0.2228 0.0183 0.000400
1055.00 P 20270319 340.08 343.76 0 0 0.3332 -1.0000 0.000000
1060.00 C 20270319 0.49 0.90 0 9 0.2234 0.0174 0.000400
1060.00 P 20270319 345.08 348.76 0 0 0.3364 -1.0000 0.000000
1065.00 C 20270319 0.45 0.78 0 3 0.2221 0.0167 0.000300
1065.00 P 20270319 350.08 353.76 0 0 0.3396 -1.0000 0.000000
1070.00 C 20270319 0.47 0.80 0 472 0.2254 0.0159 0.000300
1070.00 P 20270319 355.08 358.76 0 0 0.3428 -1.0000 0.000000
1075.00 C 20270319 0.45 0.72 0 305 0.2251 0.0153 0.000300
1075.00 P 20270319 360.08 363.76 0 0 0.3460 -1.0000 0.000000
1080.00 C 20270319 0.49 0.73 0 64 0.2286 0.0146 0.000300
1080.00 P 20270319 365.08 368.76 0 0 0.3492 -1.0000 0.000000
1085.00 C 20270319 0.33 0.74 0 47 0.2270 0.0140 0.000300
1085.00 P 20270319 370.08 373.76 0 0 0.3523 -1.0000 0.000000
1090.00 C 20270319 0.44 0.70 0 309 0.2311 0.0134 0.000300
1090.00 P 20270319 375.08 378.76 0 0 0.3554 -1.0000 0.000000
1095.00 C 20270319 0.30 0.69 0 70 0.2292 0.0129 0.000300
1095.00 P 20270319 380.08 383.76 0 0 0.3585 -1.0000 0.000000
1100.00 C 20270319 0.28 0.65 1 128 0.2296 0.0124 0.000300
1100.00 P 20270319 385.07 388.76 0 0 -1.0000 -1.0000 0.000000
1105.00 C 20270319 0.26 0.63 0 346 0.2305 0.0119 0.000200
1105.00 P 20270319 390.07 393.76 0 0 -1.0000 -1.0000 0.000000
1110.00 C 20270319 0.24 0.61 0 507 0.2314 0.0114 0.000200
1110.00 P 20270319 395.07 398.76 0 0 -1.0000 -1.0000 0.000000
1115.00 C 20270319 0.32 0.58 150 4061 0.2351 0.0110 0.000200
1115.00 P 20270319 400.07 403.76 0 0 -1.0000 -1.0000 0.000000
405.00 C 20270331 317.97 321.49 0 1 0.4218 0.9750 0.000200
405.00 P 20270331 2.25 2.80 0 1634 0.4228 -0.0259 0.000300
410.00 C 20270331 313.21 316.69 0 0 0.4170 0.9738 0.000300
410.00 P 20270331 2.38 3.09 5 36 0.4212 -0.0272 0.000300
415.00 C 20270331 308.43 311.93 0 0 0.4123 0.9724 0.000300
415.00 P 20270331 2.48 3.07 0 45 0.4146 -0.0285 0.000300
420.00 C 20270331 303.70 307.18 0 1 0.4084 0.9710 0.000300
420.00 P 20270331 2.51 3.04 2 14 0.4070 -0.0300 0.000300
425.00 C 20270331 298.95 302.43 0 8 0.4042 0.9696 0.000300
425.00 P 20270331 2.73 3.32 0 29 0.4060 -0.0314 0.000300
430.00 C 20270331 294.20 297.68 0 0 0.3998 0.9681 0.000300
430.00 P 20270331 2.77 3.45 0 5 0.4006 -0.0330 0.000300
435.00 C 20270331 289.48 292.94 0 0 0.3959 0.9665 0.000300
435.00 P 20270331 3.00 3.78 0 10 0.3998 -0.0346 0.000400
440.00 C 20270331 284.73 288.21 0 24 0.3916 0.9648 0.000400
440.00 P 20270331 3.05 3.67 0 22 0.3914 -0.0363 0.000400
445.00 C 20270331 280.03 283.49 0 1 0.3879 0.9631 0.000400
445.00 P 20270331 3.23 3.87 0 19 0.3884 -0.0380 0.000400
450.00 C 20270331 275.31 278.77 0 7 0.3839 0.9612 0.000400
450.00 P 20270331 3.36 3.89 0 78 0.3826 -0.0398 0.000400
455.00 C 20270331 270.60 274.05 0 1 0.3798 0.9593 0.000400
455.00 P 20270331 3.49 4.20 0 7 0.3798 -0.0418 0.000400
460.00 C 20270331 265.89 269.35 0 22 0.3758 0.9573 0.000400
460.00 P 20270331 3.72 4.30 0 20 0.3756 -0.0438 0.000400
465.00 C 20270331 261.21 264.65 0 3 0.3720 0.9552 0.000500
465.00 P 20270331 3.99 4.79 0 35 0.3756 -0.0459 0.000500
470.00 C 20270331 256.53 259.96 0 2 0.3682 0.9530 0.000500
470.00 P 20270331 4.09 4.76 0 17 0.3687 -0.0482 0.000500
475.00 C 20270331 251.86 255.28 0 0 0.3644 0.9508 0.000500
475.00 P 20270331 4.39 5.19 0 58 0.3678 -0.0505 0.000500
480.00 C 20270331 247.17 250.61 0 3 0.3605 0.9484 0.000500
480.00 P 20270331 4.50 5.18 0 53 0.3613 -0.0529 0.000500
485.00 C 20270331 242.52 245.95 0 18 0.3568 0.9458 0.000600
485.00 P 20270331 4.82 5.60 0 113 0.3600 -0.0555 0.000600
490.00 C 20270331 237.90 241.30 0 19 0.3533 0.9432 0.000600
490.00 P 20270331 4.95 5.80 3 214 0.3552 -0.0582 0.000600
495.00 C 20270331 233.29 236.66 0 1 0.3499 0.9404 0.000600
495.00 P 20270331 5.29 6.10 0 72 0.3526 -0.0610 0.000600
500.00 C 20270331 229.50 232.03 0 101 0.3523 0.9376 0.000600
500.00 P 20270331 5.45 6.12 13 568 0.3464 -0.0640 0.000600
505.00 C 20270331 224.90 227.42 0 43 0.3486 0.9345 0.000700
505.00 P 20270331 5.69 6.47 0 107 0.3433 -0.0670 0.000700
510.00 C 20270331 220.31 222.82 0 32 0.3450 0.9314 0.000700
510.00 P 20270331 5.99 6.69 0 70 0.3395 -0.0703 0.000700
515.00 C 20270331 215.73 218.22 0 10 0.3412 0.9280 0.000700
515.00 P 20270331 6.38 7.22 0 255 0.3383 -0.0736 0.000800
520.00 C 20270331 211.17 213.66 0 8 0.3377 0.9246 0.000800
520.00 P 20270331 6.58 7.42 17 2197 0.3335 -0.0771 0.000800
525.00 C 20270331 206.62 209.11 0 2 0.3342 0.9209 0.000800
525.00 P 20270331 7.02 7.67 0 1050 0.3302 -0.0809 0.000800
530.00 C 20270331 202.09 204.57 0 6 0.3307 0.9171 0.000800
530.00 P 20270331 7.24 7.92 0 92 0.3256 -0.0848 0.000900
535.00 C 20270331 197.58 200.04 0 1 0.3272 0.9131 0.000900
535.00 P 20270331 7.71 8.57 0 127 0.3246 -0.0888 0.000900
540.00 C 20270331 193.09 195.54 0 14 0.3239 0.9089 0.000900
540.00 P 20270331 8.08 8.96 0 144 0.3213 -0.0931 0.000900
543.00 C 20270331 190.40 192.83 0 1 0.3217 0.9063 0.001000
543.00 P 20270331 8.32 9.04 0 19 0.3186 -0.0958 0.001000
544.00 C 20270331 189.51 191.95 0 3 0.3212 0.9054 0.001000
544.00 P 20270331 8.40 9.12 0 17 0.3179 -0.0967 0.001000
545.00 C 20270331 188.64 191.05 0 51 0.3206 0.9046 0.001000
545.00 P 20270331 8.48 9.36 0 113 0.3180 -0.0976 0.001000
546.00 C 20270331 187.75 189.92 0 2 0.3187 0.9036 0.001000
546.00 P 20270331 8.56 9.21 0 18 0.3162 -0.0985 0.001000
547.00 C 20270331 186.86 189.25 0 3 0.3192 0.9027 0.001000
547.00 P 20270331 8.64 9.42 0 38 0.3162 -0.0995 0.001000
548.00 C 20270331 185.97 188.36 0 0 0.3186 0.9018 0.001000
548.00 P 20270331 8.72 9.46 0 358 0.3153 -0.1004 0.001000
549.00 C 20270331 185.08 187.47 0 2 0.3179 0.9009 0.001000
549.00 P 20270331 8.81 9.71 0 284 0.3155 -0.1014 0.001000
550.00 C 20270331 184.19 186.59 0 21 0.3173 0.9000 0.001000
550.00 P 20270331 8.88 9.49 90 794 0.3132 -0.1023 0.001000
551.00 C 20270331 183.30 185.70 0 1 0.3167 0.8990 0.001000
551.00 P 20270331 8.90 9.87 33 43 0.3137 -0.1033 0.001000
552.00 C 20270331 182.41 184.81 0 1 0.3160 0.8981 0.001000
552.00 P 20270331 9.06 9.86 0 12 0.3130 -0.1043 0.001000
553.00 C 20270331 181.53 183.92 0 1 0.3154 0.8971 0.001000
553.00 P 20270331 9.15 10.21 0 119 0.3137 -0.1052 0.001100
554.00 C 20270331 180.64 182.79 0 2 0.3135 0.8962 0.001000
554.00 P 20270331 9.24 10.30 0 15 0.3131 -0.1062 0.001100
555.00 C 20270331 179.75 182.14 0 55 0.3140 0.8952 0.001100
555.00 P 20270331 9.32 10.39 0 220 0.3124 -0.1072 0.001100
556.00 C 20270331 178.87 181.02 0 180 0.3122 0.8942 0.001100
556.00 P 20270331 9.41 10.48 0 11 0.3118 -0.1082 0.001100
557.00 C 20270331 177.99 180.37 0 2 0.3127 0.8932 0.001100
557.00 P 20270331 9.50 10.17 0 239 0.3092 -0.1093 0.001100
558.00 C 20270331 177.11 179.49 0 17 0.3121 0.8922 0.001100
558.00 P 20270331 9.52 10.37 0 45 0.3087 -0.1103 0.001100
559.00 C 20270331 176.23 178.60 0 3 0.3114 0.8912 0.001100
559.00 P 20270331 9.69 10.36 0 37 0.3080 -0.1113 0.001100
560.00 C 20270331 175.34 177.71 0 6 0.3107 0.8902 0.001100
560.00 P 20270331 9.78 10.87 0 434 0.3093 -0.1124 0.001100
561.00 C 20270331 174.46 176.84 0 6 0.3101 0.8891 0.001100
561.00 P 20270331 9.87 10.55 0 66 0.3067 -0.1134 0.001100
562.00 C 20270331 173.58 175.95 0 0 0.3094 0.8881 0.001100
562.00 P 20270331 9.97 11.07 0 18 0.3081 -0.1145 0.001200
563.00 C 20270331 172.37 175.25 0 0 0.3081 0.8870 0.001100
563.00 P 20270331 10.06 11.17 0 15 0.3075 -0.1156 0.001200
564.00 C 20270331 171.83 174.20 0 0 0.3082 0.8860 0.001100
564.00 P 20270331 10.08 11.00 0 343 0.3052 -0.1167 0.001200
565.00 C 20270331 170.95 173.32 0 3 0.3076 0.8849 0.001200
565.00 P 20270331 10.10 11.05 0 150 0.3040 -0.1178 0.001200
566.00 C 20270331 170.08 172.45 0 4 0.3070 0.8838 0.001200
566.00 P 20270331 10.36 11.16 16 160 0.3042 -0.1189 0.001200
567.00 C 20270331 169.20 171.56 0 2 0.3063 0.8827 0.001200
567.00 P 20270331 10.38 11.40 16 180 0.3038 -0.1201 0.001200
568.00 C 20270331 168.33 170.70 0 8 0.3057 0.8816 0.001200
568.00 P 20270331 10.48 11.41 0 1 0.3027 -0.1212 0.001200
569.00 C 20270331 167.45 169.82 0 2 0.3050 0.8805 0.001200
569.00 P 20270331 10.66 11.61 0 8 0.3029 -0.1224 0.001200
570.00 C 20270331 166.58 168.95 0 48 0.3044 0.8794 0.001200
570.00 P 20270331 10.73 11.61 2 38 0.3019 -0.1235 0.001200
571.00 C 20270331 165.71 168.08 0 0 0.3038 0.8783 0.001200
571.00 P 20270331 10.79 12.00 0 12 0.3021 -0.1247 0.001200
572.00 C 20270331 164.84 167.20 0 2 0.3031 0.8772 0.001200
572.00 P 20270331 10.89 12.11 0 19 0.3015 -0.1258 0.001200
573.00 C 20270331 163.98 166.34 0 1 0.3026 0.8760 0.001200
573.00 P 20270331 11.00 12.22 17 19 0.3009 -0.1270 0.001300
574.00 C 20270331 163.11 165.47 0 0 0.3020 0.8748 0.001200
574.00 P 20270331 11.10 12.34 17 26 0.3003 -0.1282 0.001300
575.00 C 20270331 162.24 164.77 0 15 0.3020 0.8737 0.001200
575.00 P 20270331 11.12 12.45 0 1084 0.2994 -0.1294 0.001300
576.00 C 20270331 161.38 163.74 0 2 0.3008 0.8725 0.001300
576.00 P 20270331 11.40 12.56 0 32 0.2995 -0.1306 0.001300
577.00 C 20270331 160.51 162.87 0 3 0.3001 0.8713 0.001300
577.00 P 20270331 11.51 12.51 0 18 0.2981 -0.1319 0.001300
578.00 C 20270331 159.65 162.17 0 3 0.3002 0.8701 0.001300
578.00 P 20270331 11.45 12.63 0 16 0.2968 -0.1331 0.001300
579.00 C 20270331 158.79 160.89 0 2 0.2978 0.8689 0.001300
579.00 P 20270331 11.56 12.62 0 8 0.2957 -0.1344 0.001300
580.00 C 20270331 157.93 160.03 0 5 0.2972 0.8677 0.001300
580.00 P 20270331 11.67 12.86 0 206 0.2956 -0.1357 0.001300
581.00 C 20270331 157.07 159.17 0 9 0.2966 0.8664 0.001300
581.00 P 20270331 11.88 12.85 0 13 0.2949 -0.1369 0.001400
582.00 C 20270331 156.21 158.31 0 3 0.2960 0.8652 0.001300
582.00 P 20270331 11.99 12.98 0 127 0.2943 -0.1382 0.001400
583.00 C 20270331 155.35 157.45 0 1 0.2954 0.8639 0.001300
583.00 P 20270331 12.02 13.22 0 25 0.2939 -0.1395 0.001400
584.00 C 20270331 154.49 156.60 0 1 0.2948 0.8627 0.001400
584.00 P 20270331 12.23 13.22 0 5 0.2932 -0.1408 0.001400
585.00 C 20270331 153.64 155.74 0 128 0.2942 0.8614 0.001400
585.00 P 20270331 12.43 13.47 0 268 0.2934 -0.1421 0.001400
586.00 C 20270331 152.78 154.89 0 1 0.2937 0.8601 0.001400
586.00 P 20270331 12.37 13.77 0 149 0.2929 -0.1434 0.001400
587.00 C 20270331 151.93 154.03 0 3 0.2930 0.8588 0.001400
587.00 P 20270331 12.67 13.72 0 14 0.2923 -0.1448 0.001400
588.00 C 20270331 151.08 153.18 0 4 0.2925 0.8575 0.001400
588.00 P 20270331 12.80 13.85 0 13 0.2917 -0.1462 0.001400
589.00 C 20270331 150.23 152.33 0 2 0.2919 0.8562 0.001400
589.00 P 20270331 12.84 14.15 0 902 0.2915 -0.1475 0.001400
590.00 C 20270331 149.38 151.47 0 40 0.2913 0.8549 0.001400
590.00 P 20270331 12.97 13.92 1 532 0.2895 -0.1489 0.001500
591.00 C 20270331 148.53 150.62 0 0 0.2907 0.8535 0.001400
591.00 P 20270331 13.09 14.24 0 612 0.2897 -0.1503 0.001500
592.00 C 20270331 147.34 150.03 0 0 0.2898 0.8522 0.001400
592.00 P 20270331 13.30 14.37 0 37 0.2894 -0.1517 0.001500
593.00 C 20270331 146.84 148.93 0 1 0.2895 0.8508 0.001400
593.00 P 20270331 13.43 14.51 0 162 0.2888 -0.1531 0.001500
594.00 C 20270331 146.00 148.09 0 3 0.2890 0.8494 0.001500
594.00 P 20270331 13.56 14.64 0 57 0.2883 -0.1545 0.001500
595.00 C 20270331 145.15 147.24 0 42 0.2884 0.8480 0.001500
595.00 P 20270331 13.61 14.65 0 713 0.2869 -0.1560 0.001500
596.00 C 20270331 144.31 146.40 0 1 0.2878 0.8466 0.001500
596.00 P 20270331 13.74 14.92 0 25 0.2868 -0.1574 0.001500
597.00 C 20270331 143.47 145.56 0 3 0.2872 0.8452 0.001500
597.00 P 20270331 13.77 15.06 0 16 0.2859 -0.1589 0.001600
598.00 C 20270331 142.63 144.72 0 1 0.2867 0.8438 0.001500
598.00 P 20270331 14.01 15.20 0 49 0.2857 -0.1604 0.001600
599.00 C 20270331 141.80 143.88 0 4 0.2861 0.8424 0.001500
599.00 P 20270331 14.15 15.34 0 138 0.2851 -0.1619 0.001600
600.00 C 20270331 140.95 143.30 25 110 0.2865 0.8409 0.001500
600.00 P 20270331 14.60 15.18 84 1419 0.2846 -0.1634 0.001600
601.00 C 20270331 140.12 142.22 0 90 0.2850 0.8394 0.001600
601.00 P 20270331 14.42 15.63 0 429 0.2840 -0.1649 0.001600
602.00 C 20270331 139.28 141.63 1 138 0.2854 0.8380 0.001600
602.00 P 20270331 14.51 15.94 10 39 0.2836 -0.1665 0.001600
603.00 C 20270331 138.46 140.55 0 281 0.2839 0.8365 0.001600
603.00 P 20270331 14.71 15.93 0 34 0.2829 -0.1680 0.001600
604.00 C 20270331 137.63 139.71 0 48 0.2833 0.8350 0.001600
604.00 P 20270331 14.75 16.24 0 22 0.2826 -0.1696 0.001600
605.00 C 20270331 136.80 138.89 0 152 0.2828 0.8335 0.001600
605.00 P 20270331 15.00 16.23 0 428 0.2818 -0.1711 0.001600
610.00 C 20270331 132.67 134.76 4 341 0.2800 0.8257 0.001700
610.00 P 20270331 15.48 17.17 0 179 0.2786 -0.1792 0.001700
615.00 C 20270331 128.58 130.68 0 298 0.2773 0.8177 0.001700
615.00 P 20270331 16.54 17.83 0 586 0.2764 -0.1876 0.001800
620.00 C 20270331 124.53 127.03 0 119 0.2759 0.8093 0.001800
620.00 P 20270331 17.45 18.39 205 248 0.2731 -0.1963 0.001900
625.00 C 20270331 120.52 122.86 25 163 0.2727 0.8006 0.001900
625.00 P 20270331 18.33 19.11 26 245 0.2699 -0.2054 0.001900
630.00 C 20270331 116.55 118.66 0 72 0.2694 0.7915 0.001900
630.00 P 20270331 19.25 20.19 66 908 0.2678 -0.2149 0.002000
635.00 C 20270331 112.63 115.15 0 255 0.2681 0.7821 0.002000
635.00 P 20270331 20.13 21.55 0 80 0.2660 -0.2249 0.002100
640.00 C 20270331 108.38 111.29 12 758 0.2645 0.7724 0.002100
640.00 P 20270331 21.25 22.72 2 777 0.2642 -0.2352 0.002200
645.00 C 20270331 104.93 107.47 0 1101 0.2631 0.7622 0.002100
645.00 P 20270331 21.91 23.82 0 280 0.2606 -0.2458 0.002200
650.00 C 20270331 101.16 103.61 0 3641 0.2604 0.7518 0.002200
650.00 P 20270331 23.28 24.86 13 1447 0.2589 -0.2568 0.002300
655.00 C 20270331 97.44 99.99 0 798 0.2583 0.7410 0.002300
655.00 P 20270331 24.44 26.17 2 1249 0.2565 -0.2683 0.002400
660.00 C 20270331 93.78 96.33 0 412 0.2560 0.7298 0.002300
660.00 P 20270331 25.86 26.76 181 281 0.2528 -0.2802 0.002500
665.00 C 20270331 90.17 92.73 0 1985 0.2536 0.7182 0.002400
665.00 P 20270331 26.99 28.69 7 981 0.2516 -0.2927 0.002600
670.00 C 20270331 86.62 89.19 0 1204 0.2514 0.7063 0.002500
670.00 P 20270331 28.45 30.09 1 232 0.2497 -0.3054 0.002600
675.00 C 20270331 83.14 85.71 0 346 0.2492 0.6940 0.002600
675.00 P 20270331 29.87 31.37 0 286 0.2470 -0.3185 0.002700
680.00 C 20270331 78.50 82.21 0 2375 0.2438 0.6814 0.002600
680.00 P 20270331 31.01 33.13 20 682 0.2446 -0.3321 0.002800
685.00 C 20270331 76.36 78.94 0 296 0.2450 0.6684 0.002700
685.00 P 20270331 32.94 34.70 0 182 0.2433 -0.3462 0.002900
690.00 C 20270331 71.85 75.66 0 436 0.2399 0.6551 0.002800
690.00 P 20270331 34.59 36.37 0 84 0.2412 -0.3606 0.003000
695.00 C 20270331 68.58 72.44 0 370 0.2378 0.6415 0.002800
695.00 P 20270331 36.32 38.13 1 163 0.2392 -0.3755 0.003000
700.00 C 20270331 66.71 69.30 13 596 0.2389 0.6275 0.002900
700.00 P 20270331 38.15 39.28 63 713 0.2359 -0.3906 0.003100
705.00 C 20270331 62.37 66.23 2 386 0.2340 0.6132 0.002900
705.00 P 20270331 40.01 41.87 0 1764 0.2354 -0.4064 0.003200
710.00 C 20270331 59.38 61.76 9 301 0.2287 0.5987 0.003000
710.00 P 20270331 41.99 43.65 1 478 0.2330 -0.4225 0.003200
715.00 C 20270331 56.47 60.33 1 787 0.2304 0.5839 0.003000
715.00 P 20270331 44.05 45.73 4 165 0.2312 -0.4389 0.003300
720.00 C 20270331 55.02 56.50 14 539 0.2296 0.5688 0.003100
720.00 P 20270331 46.20 48.13 4 537 0.2300 -0.4557 0.003400
725.00 C 20270331 52.15 54.75 2 870 0.2299 0.5536 0.003100
725.00 P 20270331 48.44 50.19 3 500 0.2279 -0.4729 0.003400
730.00 C 20270331 48.22 52.08 9 545 0.2254 0.5381 0.003200
730.00 P 20270331 50.79 52.54 1 399 0.2262 -0.4903 0.003500
735.00 C 20270331 45.63 49.49 0 785 0.2238 0.5225 0.003200
735.00 P 20270331 53.22 55.19 0 314 0.2251 -0.5081 0.003600
740.00 C 20270331 44.34 46.42 0 2009 0.2237 0.5068 0.003200
740.00 P 20270331 55.76 57.75 2 1372 0.2236 -0.5262 0.003600
745.00 C 20270331 42.00 44.08 0 1921 0.2226 0.4909 0.003200
745.00 P 20270331 58.39 60.13 0 22 0.2215 -0.5445 0.003700
750.00 C 20270331 39.55 41.68 8 794 0.2207 0.4749 0.003200
750.00 P 20270331 61.13 63.12 0 114 0.2207 -0.5629 0.003700
755.00 C 20270331 37.45 39.49 0 1572 0.2198 0.4590 0.003200
755.00 P 20270331 63.97 65.96 0 11 0.2192 -0.5816 0.003800
760.00 C 20270331 35.31 37.32 0 725 0.2185 0.4430 0.003300
760.00 P 20270331 65.67 68.91 0 25 0.2150 -0.6004 0.003800
765.00 C 20270331 33.26 35.24 0 70 0.2172 0.4271 0.003200
765.00 P 20270331 69.96 72.40 0 32 0.2178 -0.6194 0.003800
770.00 C 20270331 31.30 33.24 0 378 0.2161 0.4113 0.003200
770.00 P 20270331 73.12 75.10 0 24 0.2155 -0.6383 0.003800
775.00 C 20270331 29.42 31.09 1 110 0.2144 0.3956 0.003200
775.00 P 20270331 76.38 78.36 0 341 0.2144 -0.6573 0.003800
780.00 C 20270331 27.63 29.33 0 847 0.2134 0.3800 0.003200
780.00 P 20270331 79.75 82.15 0 13 0.2145 -0.6762 0.003800
785.00 C 20270331 25.93 27.76 0 271 0.2128 0.3646 0.003200
785.00 P 20270331 83.22 85.18 0 142 0.2124 -0.6952 0.003800
790.00 C 20270331 24.47 25.82 26 1447 0.2116 0.3496 0.003200
790.00 P 20270331 86.79 88.74 0 88 0.2115 -0.7139 0.003800
795.00 C 20270331 22.93 24.26 51 215 0.2107 0.3347 0.003100
795.00 P 20270331 90.47 92.29 0 9 0.2103 -0.7326 0.003800
800.00 C 20270331 21.46 22.33 236 1659 0.2088 0.3201 0.003100
800.00 P 20270331 94.24 96.17 0 126 0.2098 -0.7511 0.003800
805.00 C 20270331 20.09 21.35 50 587 0.2092 0.3057 0.003000
805.00 P 20270331 98.12 100.03 0 86 0.2091 -0.7694 0.003800
810.00 C 20270331 18.66 19.78 0 2221 0.2075 0.2918 0.003000
810.00 P 20270331 102.08 103.91 0 70 0.2082 -0.7875 0.003800
815.00 C 20270331 17.52 18.71 1 44 0.2076 0.2783 0.002900
815.00 P 20270331 106.15 108.03 0 541 0.2079 -0.8058 0.003800
820.00 C 20270331 16.25 17.77 0 415 0.2074 0.2650 0.002800
820.00 P 20270331 110.30 112.18 0 9 0.2074 -0.8234 0.003800
825.00 C 20270331 15.16 16.48 0 229 0.2064 0.2522 0.002800
825.00 P 20270331 114.52 116.46 53 52 0.2071 -0.8405 0.003700
830.00 C 20270331 14.22 15.05 53 218 0.2051 0.2399 0.002700
830.00 P 20270331 118.86 120.77 0 10 0.2067 -0.8577 0.003700
835.00 C 20270331 13.19 14.42 0 74 0.2056 0.2279 0.002600
835.00 P 20270331 123.28 125.16 0 1 0.2064 -0.8755 0.003700
840.00 C 20270331 12.29 13.62 0 1560 0.2056 0.2163 0.002600
840.00 P 20270331 127.77 129.65 0 2 0.2061 -0.8925 0.003700
845.00 C 20270331 11.45 12.73 2 386 0.2053 0.2052 0.002500
845.00 P 20270331 132.35 134.20 0 1 0.2061 -0.9082 0.003700
850.00 C 20270331 10.61 11.71 6 523 0.2042 0.1946 0.002400
850.00 P 20270331 135.72 138.85 0 0 0.1948 -0.9230 0.003500
855.00 C 20270331 9.93 11.00 0 65 0.2044 0.1844 0.002300
855.00 P 20270331 140.47 144.10 0 0 0.1989 -0.9367 0.003300
860.00 C 20270331 9.35 10.42 1 200 0.2051 0.1746 0.002300
860.00 P 20270331 145.29 148.96 0 0 0.1978 -0.9497 0.002900
865.00 C 20270331 8.62 9.73 0 176 0.2046 0.1652 0.002200
865.00 P 20270331 150.17 153.84 0 0 0.1973 -0.9612 0.002500
870.00 C 20270331 8.02 9.09 0 61 0.2044 0.1563 0.002100
870.00 P 20270331 155.12 158.79 0 0 0.1989 -0.9714 0.002100
875.00 C 20270331 7.47 8.50 0 84 0.2044 0.1478 0.002000
875.00 P 20270331 160.12 163.71 0 0 -1.0000 -0.9797 0.001700
880.00 C 20270331 6.96 7.95 0 603 0.2045 0.1397 0.002000
880.00 P 20270331 165.12 168.67 0 0 -1.0000 -0.9858 0.001400
885.00 C 20270331 6.48 7.59 0 237 0.2052 0.1320 0.001900
885.00 P 20270331 170.09 173.67 0 0 -1.0000 -0.9899 0.001000
890.00 C 20270331 6.04 7.11 0 196 0.2053 0.1246 0.001800
890.00 P 20270331 175.09 178.65 0 0 -1.0000 -0.9935 0.000600
895.00 C 20270331 5.62 6.66 0 102 0.2054 0.1177 0.001700
895.00 P 20270331 180.09 183.68 0 0 -1.0000 -0.9966 0.000300
900.00 C 20270331 5.24 6.10 0 51 0.2050 0.1111 0.001700
900.00 P 20270331 185.12 188.65 0 0 -1.0000 -0.9986 0.000100
905.00 C 20270331 4.94 5.46 30 107 0.2042 0.1049 0.001600
905.00 P 20270331 190.09 193.65 0 0 -1.0000 -0.9999 0.000000
910.00 C 20270331 4.54 5.35 0 21 0.2054 0.0990 0.001500
910.00 P 20270331 195.08 198.67 0 0 -1.0000 -1.0000 0.000000
915.00 C 20270331 4.30 4.90 0 182 0.2054 0.0935 0.001500
915.00 P 20270331 200.11 203.65 0 0 -1.0000 -1.0000 0.000000
920.00 C 20270331 4.01 4.68 20 106 0.2061 0.0882 0.001400
920.00 P 20270331 205.11 208.65 0 0 -1.0000 -1.0000 0.000000
925.00 C 20270331 3.74 4.31 0 13 0.2060 0.0833 0.001300
925.00 P 20270331 210.10 213.65 0 0 -1.0000 -1.0000 0.000000
930.00 C 20270331 3.43 3.98 0 197 0.2056 0.0786 0.001300
930.00 P 20270331 215.08 218.65 0 0 -1.0000 -1.0000 0.000000
935.00 C 20270331 3.15 3.79 0 233 0.2060 0.0742 0.001200
935.00 P 20270331 220.08 223.65 0 0 -1.0000 -1.0000 0.000000
940.00 C 20270331 2.93 3.50 0 116 0.2059 0.0701 0.001200
940.00 P 20270331 225.08 228.65 0 0 -1.0000 -1.0000 0.000000
945.00 C 20270331 2.73 3.29 0 163 0.2063 0.0662 0.001100
945.00 P 20270331 230.08 233.65 0 0 -1.0000 -1.0000 0.000000
950.00 C 20270331 2.65 3.10 0 458 0.2076 0.0625 0.001100
950.00 P 20270331 235.08 238.65 0 1 -1.0000 -1.0000 0.000000
955.00 C 20270331 2.47 3.06 4 178 0.2091 0.0591 0.001000
955.00 P 20270331 240.07 243.65 0 0 -1.0000 -1.0000 0.000000
205.00 C 20270617 512.72 516.38 0 59 0.5810 0.9965 0.000000
205.00 P 20270617 0.34 0.80 70 1617 0.5958 -0.0045 0.000000
210.00 C 20270617 507.94 511.50 0 12 0.5690 0.9962 0.000000
210.00 P 20270617 0.37 1.25 0 647 0.6117 -0.0048 0.000000
215.00 C 20270617 503.15 506.50 0 0 0.5470 0.9959 0.000000
215.00 P 20270617 0.40 0.80 0 671 0.5782 -0.0051 0.000000
220.00 C 20270617 498.37 502.00 0 1 0.5628 0.9956 0.000000
220.00 P 20270617 0.44 0.85 0 717 0.5730 -0.0054 0.000000
225.00 C 20270617 493.59 497.00 0 2 0.5438 0.9953 0.000000
225.00 P 20270617 0.48 2.21 0 52 0.6218 -0.0057 0.000000
230.00 C 20270617 488.81 492.50 0 0 0.5555 0.9949 0.000000
230.00 P 20270617 0.56 1.00 0 538 0.5665 -0.0061 0.000000
235.00 C 20270617 484.03 487.50 0 1 0.5381 0.9946 0.000000
235.00 P 20270617 0.59 2.30 0 125 0.6066 -0.0064 0.000000
240.00 C 20270617 479.26 483.00 0 2 0.5469 0.9942 0.000000
240.00 P 20270617 0.62 2.07 0 313 0.5897 -0.0068 0.000000
245.00 C 20270617 474.48 478.00 0 644 0.5308 0.9938 0.000100
245.00 P 20270617 0.67 1.57 0 112 0.5645 -0.0072 0.000100
250.00 C 20270617 469.71 473.40 0 39 0.5338 0.9934 0.000100
250.00 P 20270617 0.75 1.15 8 5663 0.5421 -0.0076 0.000100
255.00 C 20270617 464.94 468.50 0 16 0.5233 0.9930 0.000100
255.00 P 20270617 0.77 1.20 0 182 0.5354 -0.0080 0.000100
260.00 C 20270617 460.17 464.00 0 4 0.5287 0.9925 0.000100
260.00 P 20270617 0.78 1.45 0 222 0.5354 -0.0085 0.000100
265.00 C 20270617 455.40 459.00 0 2 0.5149 0.9920 0.000100
265.00 P 20270617 0.88 1.57 0 520 0.5333 -0.0090 0.000100
270.00 C 20270617 450.63 454.49 0 0 0.5186 0.9916 0.000100
270.00 P 20270617 0.88 1.58 0 253 0.5245 -0.0095 0.000100
275.00 C 20270617 445.87 449.50 0 3 0.5061 0.9910 0.000100
275.00 P 20270617 1.00 1.62 2 562 0.5204 -0.0100 0.000100
280.00 C 20270617 441.11 444.97 0 1 0.5084 0.9905 0.000100
280.00 P 20270617 0.99 1.76 0 1033 0.5152 -0.0106 0.000100
285.00 C 20270617 436.35 440.00 0 1 0.4971 0.9900 0.000100
285.00 P 20270617 1.13 1.83 0 505 0.5121 -0.0111 0.000100
290.00 C 20270617 431.60 435.45 0 7 0.4983 0.9894 0.000100
290.00 P 20270617 1.20 1.91 0 807 0.5072 -0.0117 0.000100
295.00 C 20270617 426.84 430.50 0 46 0.4880 0.9888 0.000100
295.00 P 20270617 1.16 1.91 0 161 0.4976 -0.0123 0.000100
300.00 C 20270617 422.09 425.75 0 45 0.4834 0.9881 0.000100
300.00 P 20270617 1.30 2.05 6 838 0.4957 -0.0130 0.000100
305.00 C 20270617 417.34 421.00 0 7 0.4788 0.9875 0.000100
305.00 P 20270617 1.50 2.07 0 620 0.4924 -0.0136 0.000100
310.00 C 20270617 412.60 416.26 0 24 0.4745 0.9868 0.000100
310.00 P 20270617 1.47 2.22 0 762 0.4866 -0.0144 0.000100
315.00 C 20270617 407.86 411.50 0 34 0.4697 0.9860 0.000100
315.00 P 20270617 1.55 2.31 0 437 0.4819 -0.0151 0.000100
320.00 C 20270617 403.12 406.81 0 20 0.4664 0.9853 0.000100
320.00 P 20270617 1.64 2.40 0 621 0.4773 -0.0158 0.000100
325.00 C 20270617 398.38 402.00 0 7 0.4604 0.9845 0.000100
325.00 P 20270617 1.57 2.49 0 2147 0.4696 -0.0167 0.000100
330.00 C 20270617 393.65 397.50 0 6 0.4608 0.9837 0.000100
330.00 P 20270617 2.00 2.59 0 1061 0.4712 -0.0175 0.000100
335.00 C 20270617 388.92 392.50 0 37 0.4513 0.9828 0.000100
335.00 P 20270617 1.91 2.69 0 574 0.4634 -0.0183 0.000100
340.00 C 20270617 384.19 388.00 0 4 0.4512 0.9820 0.000200
340.00 P 20270617 1.90 2.78 0 1565 0.4569 -0.0192 0.000200
345.00 C 20270617 379.47 383.13 0 11 0.4444 0.9810 0.000200
345.00 P 20270617 1.96 2.89 2 677 0.4518 -0.0202 0.000200
350.00 C 20270617 374.75 378.42 0 79 0.4402 0.9801 0.000200
350.00 P 20270617 2.10 2.93 9 1389 0.4470 -0.0212 0.000200
355.00 C 20270617 370.04 373.90 0 3 0.4392 0.9791 0.000200
355.00 P 20270617 2.21 3.03 0 440 0.4426 -0.0222 0.000200
360.00 C 20270617 365.33 368.99 0 20 0.4320 0.9781 0.000200
360.00 P 20270617 2.44 3.18 0 1984 0.4405 -0.0232 0.000200
365.00 C 20270617 360.62 364.29 0 19 0.4280 0.9770 0.000200
365.00 P 20270617 2.40 3.30 0 549 0.4341 -0.0243 0.000200
370.00 C 20270617 355.92 359.59 0 51 0.4241 0.9759 0.000200
370.00 P 20270617 2.57 3.48 0 407 0.4313 -0.0255 0.000200
375.00 C 20270617 351.22 355.00 0 7 0.4216 0.9747 0.000200
375.00 P 20270617 2.70 3.51 1 1329 0.4259 -0.0267 0.000200
380.00 C 20270617 346.53 350.23 0 31 0.4166 0.9735 0.000200
380.00 P 20270617 2.83 3.59 0 486 0.4212 -0.0279 0.000200
385.00 C 20270617 341.85 345.71 0 6 0.4149 0.9722 0.000200
385.00 P 20270617 2.96 3.77 0 659 0.4176 -0.0292 0.000200
390.00 C 20270617 337.16 340.83 0 7 0.4086 0.9709 0.000200
390.00 P 20270617 3.11 4.04 1 360 0.4152 -0.0306 0.000300
395.00 C 20270617 332.49 336.35 0 3 0.4071 0.9695 0.000300
395.00 P 20270617 3.25 4.02 0 855 0.4092 -0.0320 0.000300
400.00 C 20270617 327.82 331.49 0 66 0.4012 0.9681 0.000300
400.00 P 20270617 3.54 4.20 0 7528 0.4071 -0.0334 0.000300
405.00 C 20270617 323.16 326.82 0 14 0.3975 0.9666 0.000300
405.00 P 20270617 3.56 4.38 0 211 0.4020 -0.0349 0.000300
410.00 C 20270617 318.50 322.17 0 10 0.3939 0.9651 0.000300
410.00 P 20270617 3.73 4.44 1 570 0.3971 -0.0365 0.000300
415.00 C 20270617 313.85 317.70 0 5 0.3921 0.9635 0.000300
415.00 P 20270617 3.90 4.72 1 367 0.3944 -0.0382 0.000300
420.00 C 20270617 309.20 312.87 0 24 0.3866 0.9618 0.000300
420.00 P 20270617 4.08 4.89 3 1392 0.3906 -0.0399 0.000300
425.00 C 20270617 304.56 308.25 0 21 0.3832 0.9600 0.000400
425.00 P 20270617 4.27 4.99 8 1796 0.3862 -0.0417 0.000400
430.00 C 20270617 299.94 303.62 0 30 0.3798 0.9582 0.000400
430.00 P 20270617 4.48 5.18 0 668 0.3826 -0.0436 0.000400
435.00 C 20270617 295.31 298.98 0 32 0.3761 0.9564 0.000400
435.00 P 20270617 4.66 5.69 0 370 0.3814 -0.0455 0.000400
440.00 C 20270617 290.70 294.37 1 52 0.3728 0.9544 0.000400
440.00 P 20270617 4.89 5.67 0 1208 0.3761 -0.0475 0.000400
445.00 C 20270617 286.10 289.77 0 545 0.3695 0.9523 0.000400
445.00 P 20270617 5.11 5.82 0 3004 0.3721 -0.0496 0.000400
450.00 C 20270617 281.50 285.18 0 143 0.3661 0.9502 0.000400
450.00 P 20270617 5.34 6.06 10 9492 0.3687 -0.0518 0.000400
455.00 C 20270617 276.92 280.59 0 25 0.3628 0.9480 0.000500
455.00 P 20270617 5.54 6.63 2 602 0.3674 -0.0541 0.000500
460.00 C 20270617 272.34 276.02 0 71 0.3596 0.9457 0.000500
460.00 P 20270617 5.83 6.63 0 1430 0.3625 -0.0565 0.000500
465.00 C 20270617 267.78 271.45 0 95 0.3564 0.9432 0.000500
465.00 P 20270617 6.13 6.97 4 1772 0.3599 -0.0590 0.000500
470.00 C 20270617 263.22 266.90 0 89 0.3532 0.9407 0.000500
470.00 P 20270617 6.36 7.17 30 462 0.3558 -0.0616 0.000500
475.00 C 20270617 258.68 262.36 0 63 0.3500 0.9381 0.000500
475.00 P 20270617 6.60 7.74 0 1189 0.3542 -0.0643 0.000600
480.00 C 20270617 254.15 257.82 1 83 0.3469 0.9354 0.000600
480.00 P 20270617 6.90 7.77 0 1317 0.3493 -0.0671 0.000600
485.00 C 20270617 250.68 253.30 0 2706 0.3500 0.9325 0.000600
485.00 P 20270617 7.20 8.36 0 1716 0.3477 -0.0700 0.000600
490.00 C 20270617 246.19 248.80 0 65 0.3469 0.9296 0.000600
490.00 P 20270617 7.56 8.42 0 758 0.3432 -0.0732 0.000600
495.00 C 20270617 241.70 244.31 0 61 0.3437 0.9265 0.000600
495.00 P 20270617 7.85 9.04 30 276 0.3415 -0.0763 0.000700
500.00 C 20270617 237.23 239.83 0 1128 0.3406 0.9233 0.000700
500.00 P 20270617 8.43 9.00 32 13435 0.3374 -0.0797 0.000700
505.00 C 20270617 232.78 235.37 0 131 0.3375 0.9200 0.000700
505.00 P 20270617 8.56 9.78 0 427 0.3354 -0.0831 0.000700
510.00 C 20270617 228.34 230.92 0 115 0.3345 0.9165 0.000700
510.00 P 20270617 8.99 9.88 1 902 0.3311 -0.0867 0.000800
515.00 C 20270617 223.91 226.49 0 74 0.3314 0.9129 0.000800
515.00 P 20270617 9.33 10.59 0 723 0.3294 -0.0905 0.000800
520.00 C 20270617 219.51 222.08 0 138 0.3285 0.9091 0.000800
520.00 P 20270617 9.97 10.60 0 4004 0.3255 -0.0944 0.000800
525.00 C 20270617 215.12 217.69 0 200 0.3256 0.9052 0.000800
525.00 P 20270617 10.41 11.04 5 5393 0.3227 -0.0985 0.000800
530.00 C 20270617 210.74 213.32 0 183 0.3227 0.9011 0.000800
530.00 P 20270617 10.81 11.93 1 1046 0.3215 -0.1028 0.000900
535.00 C 20270617 206.39 208.96 0 116 0.3199 0.8969 0.000900
535.00 P 20270617 11.08 12.44 0 398 0.3180 -0.1071 0.000900
540.00 C 20270617 202.06 204.63 0 199 0.3171 0.8924 0.000900
540.00 P 20270617 11.81 12.53 0 3064 0.3144 -0.1118 0.001000
545.00 C 20270617 197.74 200.30 2 1284 0.3142 0.8879 0.001000
545.00 P 20270617 12.29 13.46 1 490 0.3131 -0.1166 0.001000
550.00 C 20270617 193.45 196.01 0 651 0.3115 0.8831 0.001000
550.00 P 20270617 12.86 13.41 21 16495 0.3082 -0.1216 0.001000
555.00 C 20270617 188.34 191.74 0 1002 0.3056 0.8782 0.001000
555.00 P 20270617 13.16 14.81 0 527 0.3077 -0.1267 0.001100
560.00 C 20270617 184.97 187.50 0 625 0.3063 0.8730 0.001100
560.00 P 20270617 13.85 15.42 0 2130 0.3054 -0.1321 0.001100
565.00 C 20270617 180.75 183.28 0 317 0.3037 0.8677 0.001100
565.00 P 20270617 14.34 16.05 0 454 0.3024 -0.1377 0.001200
570.00 C 20270617 176.55 179.08 0 1292 0.3010 0.8622 0.001100
570.00 P 20270617 15.21 16.47 2 2181 0.2998 -0.1435 0.001200
575.00 C 20270617 172.38 174.91 0 900 0.2985 0.8565 0.001200
575.00 P 20270617 15.87 17.28 2 4713 0.2976 -0.1495 0.001200
580.00 C 20270617 168.24 170.77 3 595 0.2960 0.8506 0.001200
580.00 P 20270617 16.54 17.43 4 3138 0.2932 -0.1558 0.001300
585.00 C 20270617 164.13 166.66 0 622 0.2935 0.8444 0.001300
585.00 P 20270617 17.03 18.88 2 984 0.2923 -0.1623 0.001300
590.00 C 20270617 160.04 162.58 12 407 0.2910 0.8381 0.001300
590.00 P 20270617 18.03 18.92 1 5953 0.2882 -0.1691 0.001400
595.00 C 20270617 155.98 158.53 0 363 0.2885 0.8315 0.001400
595.00 P 20270617 18.83 20.48 0 1016 0.2881 -0.1761 0.001400
600.00 C 20270617 151.96 154.51 2 1918 0.2862 0.8247 0.001400
600.00 P 20270617 19.69 20.33 24 18534 0.2829 -0.1833 0.001500
605.00 C 20270617 147.97 150.69 4 1415 0.2843 0.8176 0.001400
605.00 P 20270617 20.52 21.82 5 2615 0.2823 -0.1908 0.001500
610.00 C 20270617 144.02 146.74 0 857 0.2820 0.8104 0.001500
610.00 P 20270617 21.42 22.23 38 8584 0.2786 -0.1985 0.001600
615.00 C 20270617 140.11 142.67 0 1012 0.2792 0.8029 0.001600
615.00 P 20270617 22.19 24.10 10 2329 0.2784 -0.2065 0.001600
620.00 C 20270617 136.23 138.96 2 434 0.2774 0.7951 0.001600
620.00 P 20270617 23.28 24.42 2 6489 0.2746 -0.2148 0.001700
625.00 C 20270617 132.39 135.13 0 586 0.2752 0.7871 0.001600
625.00 P 20270617 24.33 25.62 0 4154 0.2730 -0.2233 0.001800
630.00 C 20270617 128.57 131.34 6 4204 0.2730 0.7789 0.001700
630.00 P 20270617 25.39 26.65 2 7405 0.2706 -0.2323 0.001800
635.00 C 20270617 124.83 127.59 0 1034 0.2709 0.7704 0.001800
635.00 P 20270617 26.17 28.38 0 2282 0.2693 -0.2414 0.001900
640.00 C 20270617 121.10 123.89 2 2867 0.2688 0.7617 0.001800
640.00 P 20270617 27.64 29.01 1 3157 0.2666 -0.2507 0.001900
645.00 C 20270617 117.45 120.20 0 769 0.2667 0.7527 0.001800
645.00 P 20270617 28.56 30.80 32 1278 0.2652 -0.2605 0.002000
650.00 C 20270617 113.89 116.45 4 2619 0.2645 0.7435 0.001900
650.00 P 20270617 30.00 31.70 113 15571 0.2628 -0.2704 0.002000
655.00 C 20270617 110.47 112.91 0 2838 0.2630 0.7340 0.002000
655.00 P 20270617 31.23 33.37 0 1693 0.2613 -0.2808 0.002100
660.00 C 20270617 106.91 108.98 1 2753 0.2600 0.7243 0.002000
660.00 P 20270617 32.69 34.18 410 18716 0.2584 -0.2913 0.002200
665.00 C 20270617 103.43 105.92 0 2932 0.2590 0.7143 0.002000
665.00 P 20270617 34.00 36.23 5 815 0.2575 -0.3024 0.002200
670.00 C 20270617 99.81 102.63 0 855 0.2569 0.7041 0.002100
670.00 P 20270617 35.53 37.09 18 5961 0.2544 -0.3134 0.002300
675.00 C 20270617 96.42 99.27 1 2087 0.2551 0.6936 0.002100
675.00 P 20270617 37.16 38.51 12 7685 0.2525 -0.3250 0.002300
680.00 C 20270617 93.36 95.83 0 2868 0.2535 0.6829 0.002200
680.00 P 20270617 38.52 40.23 614 1638 0.2504 -0.3368 0.002400
685.00 C 20270617 89.85 92.70 0 1983 0.2515 0.6720 0.002200
685.00 P 20270617 40.40 42.04 0 3122 0.2494 -0.3490 0.002400
690.00 C 20270617 86.62 89.49 1 1638 0.2497 0.6608 0.002300
690.00 P 20270617 42.11 43.62 16 3316 0.2473 -0.3614 0.002500
695.00 C 20270617 83.49 86.36 0 1107 0.2480 0.6494 0.002300
695.00 P 20270617 43.91 45.87 101 1340 0.2465 -0.3742 0.002600
700.00 C 20270617 80.67 82.16 45 5686 0.2446 0.6379 0.002400
700.00 P 20270617 45.73 47.27 123 11400 0.2439 -0.3870 0.002600
705.00 C 20270617 77.37 80.26 0 1906 0.2447 0.6261 0.002400
705.00 P 20270617 47.45 49.10 10 5881 0.2414 -0.4006 0.002700
710.00 C 20270617 74.63 76.44 5 3251 0.2418 0.6141 0.002400
710.00 P 20270617 49.41 51.19 27 3608 0.2399 -0.4142 0.002700
715.00 C 20270617 71.80 74.23 6 3819 0.2417 0.6019 0.002500
715.00 P 20270617 51.51 54.02 0 2126 0.2400 -0.4279 0.002800
720.00 C 20270617 68.99 70.71 7 4708 0.2389 0.5896 0.002500
720.00 P 20270617 53.70 55.32 14 4522 0.2369 -0.4419 0.002800
725.00 C 20270617 66.13 68.79 8 2095 0.2389 0.5771 0.002600
725.00 P 20270617 56.05 57.25 1 11396 0.2351 -0.4562 0.002900
730.00 C 20270617 63.41 65.86 70 3255 0.2370 0.5644 0.002600
730.00 P 20270617 58.34 59.84 30 4615 0.2342 -0.4709 0.002900
735.00 C 20270617 60.82 63.31 51 1810 0.2358 0.5517 0.002600
735.00 P 20270617 60.52 63.12 1 1319 0.2341 -0.4859 0.003000
740.00 C 20270617 58.26 60.72 118 8685 0.2344 0.5388 0.002600
740.00 P 20270617 63.02 64.70 7 2473 0.2309 -0.5011 0.003000
745.00 C 20270617 55.75 57.50 0 3625 0.2316 0.5258 0.002700
745.00 P 20270617 65.51 68.15 0 537 0.2314 -0.5164 0.003100
750.00 C 20270617 53.04 55.82 436 9503 0.2312 0.5128 0.002700
750.00 P 20270617 68.32 70.52 400 22248 0.2299 -0.5318 0.003100
755.00 C 20270617 50.98 52.69 0 4838 0.2291 0.4997 0.002700
755.00 P 20270617 70.84 73.49 0 1744 0.2288 -0.5476 0.003200
760.00 C 20270617 48.91 50.65 5 5873 0.2288 0.4866 0.002700
760.00 P 20270617 73.64 76.04 3 2158 0.2271 -0.5634 0.003200
765.00 C 20270617 46.51 48.15 29 6801 0.2267 0.4734 0.002700
765.00 P 20270617 76.53 79.17 2 551 0.2264 -0.5794 0.003200
770.00 C 20270617 44.56 46.00 11 6368 0.2260 0.4603 0.002700
770.00 P 20270617 79.50 82.13 0 1740 0.2252 -0.5956 0.003300
775.00 C 20270617 42.28 43.90 10 4609 0.2244 0.4471 0.002700
775.00 P 20270617 82.70 84.29 0 2470 0.2226 -0.6118 0.003300
780.00 C 20270617 40.50 41.91 11 12613 0.2238 0.4341 0.002700
780.00 P 20270617 85.86 88.27 0 3762 0.2233 -0.6281 0.003300
785.00 C 20270617 38.16 40.72 0 1590 0.2235 0.4210 0.002700
785.00 P 20270617 88.44 92.50 0 31 0.2231 -0.6444 0.003400
790.00 C 20270617 36.72 38.40 14 4015 0.2225 0.4081 0.002700
790.00 P 20270617 90.50 95.50 0 1010 0.2186 -0.6608 0.003400
795.00 C 20270617 34.54 37.05 0 1791 0.2217 0.3953 0.002700
795.00 P 20270617 94.00 99.00 1 14 0.2180 -0.6773 0.003400
800.00 C 20270617 33.22 34.80 24 19362 0.2206 0.3826 0.002700
800.00 P 20270617 97.50 102.50 1 2218 0.2171 -0.6937 0.003400
805.00 C 20270617 31.41 32.89 35 3455 0.2190 0.3701 0.002700
805.00 P 20270617 102.35 105.03 0 7 0.2167 -0.7100 0.003400
810.00 C 20270617 30.00 31.60 384 2752 0.2192 0.3577 0.002600
810.00 P 20270617 104.50 109.50 0 30 0.2140 -0.7262 0.003400
815.00 C 20270617 28.33 29.66 0 4829 0.2173 0.3455 0.002600
815.00 P 20270617 108.50 112.73 2 822 0.2123 -0.7423 0.003400
820.00 C 20270617 26.98 27.98 10 12998 0.2164 0.3335 0.002600
820.00 P 20270617 112.00 116.57 0 412 0.2105 -0.7585 0.003400
825.00 C 20270617 25.62 26.87 10 3763 0.2164 0.3217 0.002600
825.00 P 20270617 116.00 120.48 0 159 0.2098 -0.7745 0.003400
830.00 C 20270617 24.27 25.51 204 3033 0.2157 0.3101 0.002500
830.00 P 20270617 120.00 124.55 0 9 0.2090 -0.7903 0.003400
835.00 C 20270617 22.95 24.26 1314 3703 0.2151 0.2988 0.002500
835.00 P 20270617 124.02 129.00 0 8 0.2091 -0.8059 0.003400
840.00 C 20270617 21.84 23.24 4 23660 0.2153 0.2878 0.002500
840.00 P 20270617 128.50 132.77 0 13 0.2078 -0.8219 0.003400
845.00 C 20270617 20.42 22.29 0 1510 0.2147 0.2770 0.002400
845.00 P 20270617 132.50 137.01 0 5 0.2059 -0.8373 0.003400
850.00 C 20270617 19.56 20.68 509 11230 0.2137 0.2664 0.002400
850.00 P 20270617 137.00 142.00 0 26 0.2085 -0.8523 0.003400
855.00 C 20270617 18.43 19.85 0 3540 0.2136 0.2562 0.002300
855.00 P 20270617 141.50 145.69 0 0 0.2047 -0.8678 0.003400
860.00 C 20270617 17.56 18.96 8 2555 0.2138 0.2463 0.002300
860.00 P 20270617 145.50 150.50 0 0 0.2022 -0.8825 0.003400
865.00 C 20270617 16.58 17.85 0 27881 0.2131 0.2366 0.002200
865.00 P 20270617 150.50 154.68 0 0 0.2010 -0.8971 0.003400
870.00 C 20270617 15.40 17.46 1 1681 0.2134 0.2272 0.002200
870.00 P 20270617 155.00 159.31 0 1 0.1963 -0.9107 0.003200
875.00 C 20270617 14.88 15.92 1 11362 0.2122 0.2181 0.002100
875.00 P 20270617 159.50 163.98 0 0 -1.0000 -0.9241 0.003200
880.00 C 20270617 14.12 15.02 5 40556 0.2119 0.2093 0.002100
880.00 P 20270617 164.50 169.50 0 3 0.1990 -0.9369 0.003100
885.00 C 20270617 13.17 14.97 0 1648 0.2133 0.2008 0.002000
885.00 P 20270617 169.50 174.50 0 0 0.2028 -0.9487 0.002800
890.00 C 20270617 12.58 13.59 1 11424 0.2117 0.1926 0.002000
890.00 P 20270617 174.50 179.50 0 0 0.2067 -0.9590 0.002500
895.00 C 20270617 11.95 12.90 2 4544 0.2118 0.1847 0.001900
895.00 P 20270617 179.50 184.50 0 0 0.2105 -0.9676 0.002200
900.00 C 20270617 11.31 11.89 10 29640 0.2106 0.1771 0.001900
900.00 P 20270617 184.50 189.50 0 3 0.2143 -0.9750 0.001900
905.00 C 20270617 10.70 12.21 0 1738 0.2135 0.1697 0.001800
905.00 P 20270617 189.50 194.50 0 0 0.2180 -0.9817 0.001500
910.00 C 20270617 10.14 11.61 0 1099 0.2136 0.1626 0.001800
910.00 P 20270617 194.50 199.50 0 0 0.2218 -0.9872 0.001000
915.00 C 20270617 9.63 10.55 0 3732 0.2121 0.1559 0.001700
915.00 P 20270617 199.50 204.50 0 0 0.2254 -0.9912 0.000700
920.00 C 20270617 8.99 10.49 0 1275 0.2134 0.1493 0.001700
920.00 P 20270617 204.50 209.50 0 0 0.2291 -0.9945 0.000400
925.00 C 20270617 8.52 9.98 0 1132 0.2135 0.1431 0.001600
925.00 P 20270617 209.50 214.50 0 0 0.2327 -0.9969 0.000200
930.00 C 20270617 8.18 9.50 0 1153 0.2141 0.1370 0.001600
930.00 P 20270617 214.50 219.50 0 0 0.2363 -0.9988 0.000100
935.00 C 20270617 7.76 8.58 0 2469 0.2126 0.1313 0.001600
935.00 P 20270617 219.50 224.50 0 0 0.2398 -1.0000 0.000000
940.00 C 20270617 7.35 8.43 0 777 0.2138 0.1257 0.001500
940.00 P 20270617 224.50 229.50 0 0 0.2434 -1.0000 0.000000
945.00 C 20270617 6.98 8.20 64 3754 0.2147 0.1204 0.001400
945.00 P 20270617 229.50 234.50 0 0 0.2468 -1.0000 0.000000
950.00 C 20270617 6.63 7.38 0 4733 0.2133 0.1154 0.001400
950.00 P 20270617 234.50 239.50 0 0 0.2503 -1.0000 0.000000
955.00 C 20270617 6.11 7.43 20 144 0.2145 0.1105 0.001400
955.00 P 20270617 239.50 244.50 0 0 0.2538 -1.0000 0.000000
960.00 C 20270617 5.87 7.08 0 1201 0.2151 0.1059 0.001300
960.00 P 20270617 244.50 249.50 0 0 0.2572 -1.0000 0.000000
965.00 C 20270617 5.50 6.75 0 207 0.2151 0.1014 0.001300
965.00 P 20270617 249.50 254.50 0 0 0.2606 -1.0000 0.000000
970.00 C 20270617 5.37 6.43 0 277 0.2161 0.0972 0.001200
970.00 P 20270617 254.50 259.50 0 0 0.2639 -1.0000 0.000000
975.00 C 20270617 4.95 5.83 0 237 0.2143 0.0931 0.001200
975.00 P 20270617 259.50 264.50 0 0 0.2673 -1.0000 0.000000
980.00 C 20270617 4.70 5.85 0 163 0.2160 0.0892 0.001200
980.00 P 20270617 264.50 269.50 0 0 0.2706 -1.0000 0.000000
985.00 C 20270617 4.61 5.58 0 308 0.2171 0.0855 0.001100
985.00 P 20270617 269.50 274.50 0 0 0.2739 -1.0000 0.000000
990.00 C 20270617 4.24 5.05 0 391 0.2153 0.0819 0.001100
990.00 P 20270617 274.50 279.50 0 0 0.2772 -1.0000 0.000000
995.00 C 20270617 4.09 5.09 0 352 0.2175 0.0785 0.001000
995.00 P 20270617 279.50 284.50 0 0 0.2804 -1.0000 0.000000
1000.00 C 20270617 3.87 4.65 305 8153 0.2166 0.0753 0.001000
1000.00 P 20270617 284.50 289.50 0 0 0.2836 -1.0000 0.000000
1005.00 C 20270617 3.67 4.31 89 914 0.2162 0.0722 0.001000
1005.00 P 20270617 289.50 294.50 0 0 0.2868 -1.0000 0.000000
1010.00 C 20270617 3.51 4.14 0 503 0.2169 0.0692 0.000900
1010.00 P 20270617 294.50 299.50 0 0 0.2900 -1.0000 0.000000
1015.00 C 20270617 3.29 4.15 1 408 0.2182 0.0664 0.000900
1015.00 P 20270617 299.50 304.50 0 0 0.2932 -1.0000 0.000000
1020.00 C 20270617 3.12 3.78 0 95 0.2174 0.0637 0.000900
1020.00 P 20270617 304.50 309.50 0 0 0.2963 -1.0000 0.000000
1025.00 C 20270617 2.97 3.67 0 179 0.2182 0.0611 0.000800
1025.00 P 20270617 309.50 314.50 0 0 0.2994 -1.0000 0.000000
1030.00 C 20270617 2.94 3.46 0 498 0.2191 0.0586 0.000800
1030.00 P 20270617 314.50 319.50 0 0 0.3025 -1.0000 0.000000
1035.00 C 20270617 2.69 3.37 0 77 0.2192 0.0563 0.000800
1035.00 P 20270617 319.50 324.50 0 0 0.3056 -1.0000 0.000000
1040.00 C 20270617 2.56 3.18 0 390 0.2193 0.0540 0.000800
1040.00 P 20270617 324.50 329.50 0 0 0.3086 -1.0000 0.000000
1045.00 C 20270617 2.54 3.10 2 370 0.2210 0.0518 0.000700
1045.00 P 20270617 329.50 334.50 0 0 0.3117 -1.0000 0.000000
1050.00 C 20270617 2.32 2.93 0 5420 0.2204 0.0498 0.000700
1050.00 P 20270617 334.50 339.50 0 0 0.3147 -1.0000 0.000000
1055.00 C 20270617 2.21 2.80 0 402 0.2208 0.0478 0.000700
1055.00 P 20270617 339.50 344.50 0 0 0.3177 -1.0000 0.000000
1060.00 C 20270617 2.15 2.70 1 45 0.2218 0.0459 0.000700
1060.00 P 20270617 344.50 349.50 0 0 0.3207 -1.0000 0.000000
1065.00 C 20270617 2.05 2.57 0 221 0.2222 0.0441 0.000600
1065.00 P 20270617 349.50 354.50 0 0 0.3236 -1.0000 0.000000
1070.00 C 20270617 1.91 2.53 0 62 0.2228 0.0424 0.000600
1070.00 P 20270617 354.50 359.50 0 0 0.3266 -1.0000 0.000000
1075.00 C 20270617 1.82 2.39 0 127 0.2230 0.0407 0.000600
1075.00 P 20270617 359.50 364.50 0 0 0.3295 -1.0000 0.000000
1080.00 C 20270617 1.78 2.34 0 211 0.2244 0.0391 0.000600
1080.00 P 20270617 364.50 369.50 0 0 0.3324 -1.0000 0.000000
1085.00 C 20270617 1.75 2.21 1 96 0.2250 0.0376 0.000600
1085.00 P 20270617 369.50 374.50 0 0 0.3353 -1.0000 0.000000
1090.00 C 20270617 1.58 2.13 0 325 0.2247 0.0362 0.000500
1090.00 P 20270617 374.50 379.50 0 0 0.3382 -1.0000 0.000000
1095.00 C 20270617 1.60 2.09 2 337 0.2266 0.0348 0.000500
1095.00 P 20270617 379.50 384.50 0 0 0.3411 -1.0000 0.000000
1100.00 C 20270617 1.53 1.93 2 172 0.2263 0.0335 0.000500
1100.00 P 20270617 384.50 389.50 0 0 0.3439 -1.0000 0.000000
1105.00 C 20270617 1.37 1.90 0 365 0.2263 0.0322 0.000500
1105.00 P 20270617 389.50 394.50 0 0 0.3467 -1.0000 0.000000
1110.00 C 20270617 1.35 1.84 0 366 0.2275 0.0310 0.000500
1110.00 P 20270617 394.50 399.50 0 0 0.3495 -1.0000 0.000000
1115.00 C 20270617 1.38 1.69 110 1920 0.2281 0.0299 0.000500
1115.00 P 20270617 399.50 404.50 0 0 0.3523 -1.0000 0.000000
475.00 C 20270630 259.09 262.95 0 2 0.3496 0.9357 0.000600
475.00 P 20270630 7.02 8.12 0 87 0.3523 -0.0665 0.000600
480.00 C 20270630 255.41 258.43 0 0 0.3514 0.9330 0.000600
480.00 P 20270630 7.28 8.25 0 282 0.3478 -0.0694 0.000600
485.00 C 20270630 250.92 253.93 0 0 0.3482 0.9300 0.000600
485.00 P 20270630 7.54 9.22 0 0 0.3480 -0.0724 0.000600
490.00 C 20270630 246.44 249.25 0 52 0.3441 0.9270 0.000600
490.00 P 20270630 8.11 9.03 0 729 0.3432 -0.0755 0.000600
495.00 C 20270630 241.98 244.78 0 102 0.3411 0.9239 0.000600
495.00 P 20270630 8.44 9.38 0 526 0.3400 -0.0787 0.000700
500.00 C 20270630 237.53 240.32 0 48 0.3381 0.9206 0.000700
500.00 P 20270630 8.84 9.78 0 358 0.3373 -0.0821 0.000700
505.00 C 20270630 233.09 236.06 0 3 0.3360 0.9172 0.000700
505.00 P 20270630 8.96 10.35 0 623 0.3339 -0.0856 0.000700
510.00 C 20270630 228.67 231.45 0 52 0.3322 0.9137 0.000700
510.00 P 20270630 9.58 11.17 1 381 0.3340 -0.0892 0.000800
515.00 C 20270630 224.26 227.22 0 3 0.3301 0.9100 0.000800
515.00 P 20270630 9.75 11.29 0 880 0.3285 -0.0930 0.000800
520.00 C 20270630 219.88 222.83 0 2 0.3273 0.9062 0.000800
520.00 P 20270630 10.18 11.45 0 502 0.3244 -0.0970 0.000800
525.00 C 20270630 215.51 218.45 0 2 0.3244 0.9022 0.000800
525.00 P 20270630 10.92 11.78 64 3484 0.3223 -0.1011 0.000800
530.00 C 20270630 211.15 214.10 0 3 0.3216 0.8981 0.000800
530.00 P 20270630 11.34 12.40 0 739 0.3199 -0.1054 0.000900
535.00 C 20270630 206.82 209.76 0 6 0.3188 0.8938 0.000900
535.00 P 20270630 11.58 13.22 0 717 0.3174 -0.1098 0.000900
540.00 C 20270630 202.51 205.45 0 1 0.3161 0.8893 0.000900
540.00 P 20270630 12.08 13.68 10 285 0.3144 -0.1144 0.001000
545.00 C 20270630 198.22 201.15 0 0 0.3133 0.8847 0.001000
545.00 P 20270630 12.68 14.01 10 300 0.3111 -0.1192 0.001000
550.00 C 20270630 193.95 196.87 0 13 0.3106 0.8799 0.001000
550.00 P 20270630 13.48 14.41 25 628 0.3088 -0.1242 0.001000
555.00 C 20270630 189.74 192.62 0 1 0.3081 0.8749 0.001000
555.00 P 20270630 13.71 15.51 10 426 0.3068 -0.1294 0.001100
560.00 C 20270630 185.52 188.23 1 10 0.3049 0.8698 0.001100
560.00 P 20270630 14.31 16.22 10 493 0.3044 -0.1348 0.001100
565.00 C 20270630 181.32 184.20 0 15 0.3030 0.8644 0.001100
565.00 P 20270630 15.07 17.11 0 16 0.3031 -0.1404 0.001200
570.00 C 20270630 177.16 180.02 0 3 0.3004 0.8589 0.001100
570.00 P 20270630 15.72 17.32 0 643 0.2990 -0.1462 0.001200
575.00 C 20270630 173.01 175.88 0 15 0.2979 0.8532 0.001200
575.00 P 20270630 16.25 18.05 1 593 0.2961 -0.1522 0.001200
580.00 C 20270630 168.56 171.77 0 17 0.2944 0.8472 0.001200
580.00 P 20270630 17.11 19.24 0 39 0.2956 -0.1584 0.001300
585.00 C 20270630 164.80 167.68 0 11 0.2930 0.8411 0.001300
585.00 P 20270630 17.67 20.02 0 41 0.2926 -0.1649 0.001300
590.00 C 20270630 160.16 163.45 0 79 0.2883 0.8347 0.001300
590.00 P 20270630 18.61 20.82 0 76 0.2907 -0.1716 0.001400
595.00 C 20270630 156.71 159.59 0 12 0.2882 0.8281 0.001400
595.00 P 20270630 19.42 21.65 0 49 0.2883 -0.1785 0.001400
600.00 C 20270630 152.12 155.43 0 214 0.2837 0.8213 0.001400
600.00 P 20270630 20.25 22.52 0 1170 0.2859 -0.1857 0.001500
605.00 C 20270630 148.75 151.64 0 1 0.2836 0.8143 0.001400
605.00 P 20270630 21.12 23.37 0 59 0.2834 -0.1932 0.001500
610.00 C 20270630 144.49 147.72 0 10 0.2804 0.8071 0.001500
610.00 P 20270630 22.03 24.33 0 628 0.2812 -0.2008 0.001600
615.00 C 20270630 140.94 143.83 0 4 0.2791 0.7996 0.001500
615.00 P 20270630 23.01 24.78 1 447 0.2777 -0.2087 0.001600
620.00 C 20270630 137.08 139.98 0 3 0.2769 0.7919 0.001600
620.00 P 20270630 23.90 26.05 0 128 0.2758 -0.2170 0.001700
625.00 C 20270630 133.27 136.18 0 10 0.2748 0.7840 0.001600
625.00 P 20270630 24.80 27.44 0 240 0.2742 -0.2254 0.001700
630.00 C 20270630 129.48 132.41 1 16 0.2726 0.7758 0.001700
630.00 P 20270630 25.87 28.55 0 189 0.2721 -0.2341 0.001800
635.00 C 20270630 125.76 128.69 0 23 0.2706 0.7674 0.001700
635.00 P 20270630 27.09 29.15 2 227 0.2688 -0.2432 0.001800
640.00 C 20270630 122.07 125.00 0 50 0.2685 0.7588 0.001800
640.00 P 20270630 28.35 29.38 0 132 0.2647 -0.2525 0.001900
645.00 C 20270630 118.43 121.37 0 12 0.2665 0.7500 0.001800
645.00 P 20270630 29.46 31.61 1 326 0.2649 -0.2620 0.001900
650.00 C 20270630 114.83 117.77 0 32 0.2645 0.7408 0.001900
650.00 P 20270630 31.10 32.91 5 1541 0.2638 -0.2718 0.002000
655.00 C 20270630 111.28 114.23 0 25 0.2625 0.7315 0.001900
655.00 P 20270630 32.14 34.78 0 303 0.2623 -0.2821 0.002100
660.00 C 20270630 107.78 110.73 0 17 0.2606 0.7219 0.002000
660.00 P 20270630 33.43 35.53 0 3136 0.2588 -0.2925 0.002100
665.00 C 20270630 104.31 107.28 5 17 0.2587 0.7121 0.002000
665.00 P 20270630 34.92 37.62 0 126 0.2584 -0.3032 0.002200
670.00 C 20270630 100.92 103.88 0 93 0.2569 0.7021 0.002100
670.00 P 20270630 36.61 38.65 3 238 0.2560 -0.3142 0.002200
675.00 C 20270630 97.56 100.54 0 57 0.2550 0.6918 0.002100
675.00 P 20270630 37.92 40.69 0 492 0.2547 -0.3255 0.002300
680.00 C 20270630 94.26 97.25 0 56 0.2532 0.6813 0.002200
680.00 P 20270630 39.82 41.78 3 42 0.2524 -0.3371 0.002300
685.00 C 20270630 91.01 93.96 12 77 0.2514 0.6706 0.002200
685.00 P 20270630 40.90 43.99 0 56 0.2505 -0.3490 0.002400
690.00 C 20270630 87.81 90.83 3 96 0.2498 0.6596 0.002200
690.00 P 20270630 42.81 45.27 2 38 0.2483 -0.3611 0.002500
695.00 C 20270630 84.70 87.71 0 53 0.2481 0.6485 0.002300
695.00 P 20270630 44.66 47.54 0 102 0.2476 -0.3736 0.002500
700.00 C 20270630 81.62 84.64 0 1264 0.2464 0.6371 0.002300
700.00 P 20270630 46.44 48.93 0 293 0.2448 -0.3864 0.002600
705.00 C 20270630 78.60 81.63 1 990 0.2448 0.6256 0.002400
705.00 P 20270630 48.23 51.12 7 259 0.2434 -0.3994 0.002600
710.00 C 20270630 75.65 78.68 2 134 0.2432 0.6138 0.002400
710.00 P 20270630 50.34 52.85 2 173 0.2416 -0.4126 0.002700
715.00 C 20270630 72.77 75.80 0 106 0.2417 0.6019 0.002400
715.00 P 20270630 52.46 55.43 0 1044 0.2410 -0.4263 0.002700
720.00 C 20270630 69.94 72.90 8 123 0.2400 0.5899 0.002500
720.00 P 20270630 54.53 57.07 1 1299 0.2385 -0.4400 0.002800
725.00 C 20270630 67.17 70.22 2 158 0.2387 0.5777 0.002500
725.00 P 20270630 56.79 59.78 0 105 0.2380 -0.4542 0.002800
730.00 C 20270630 64.49 67.53 0 47 0.2373 0.5653 0.002500
730.00 P 20270630 59.02 62.03 0 40 0.2364 -0.4684 0.002900
735.00 C 20270630 61.85 64.91 4 793 0.2359 0.5528 0.002600
735.00 P 20270630 61.44 64.42 0 109 0.2350 -0.4831 0.002900
740.00 C 20270630 59.30 62.36 0 812 0.2346 0.5403 0.002600
740.00 P 20270630 63.83 66.86 0 46 0.2335 -0.4978 0.003000
745.00 C 20270630 56.81 59.87 0 55 0.2333 0.5276 0.002600
745.00 P 20270630 66.41 69.38 0 50 0.2322 -0.5128 0.003000
750.00 C 20270630 54.31 57.24 1 201 0.2315 0.5149 0.002600
750.00 P 20270630 68.90 71.92 4 57 0.2306 -0.5279 0.003100
755.00 C 20270630 51.96 54.85 1 73 0.2302 0.5021 0.002600
755.00 P 20270630 71.71 74.64 0 40 0.2296 -0.5434 0.003100
760.00 C 20270630 49.53 52.80 0 281 0.2292 0.4893 0.002600
760.00 P 20270630 74.49 77.40 0 31 0.2284 -0.5589 0.003100
765.00 C 20270630 47.55 50.60 0 59 0.2286 0.4764 0.002700
765.00 P 20270630 77.35 80.26 0 11 0.2272 -0.5744 0.003200
770.00 C 20270630 45.18 48.44 1 64 0.2270 0.4636 0.002700
770.00 P 20270630 80.30 83.19 0 1 0.2260 -0.5903 0.003200
775.00 C 20270630 43.35 46.37 0 52 0.2265 0.4508 0.002700
775.00 P 20270630 83.33 86.21 0 4 0.2249 -0.6061 0.003200
780.00 C 20270630 41.27 43.98 0 82 0.2246 0.4380 0.002700
780.00 P 20270630 86.46 89.31 0 0 0.2238 -0.6222 0.003300
785.00 C 20270630 39.42 42.41 0 4 0.2245 0.4253 0.002700
785.00 P 20270630 89.01 92.98 0 1 0.2224 -0.6382 0.003300
790.00 C 20270630 37.34 40.41 0 53 0.2230 0.4126 0.002700
790.00 P 20270630 92.32 96.26 0 24 0.2215 -0.6541 0.003300
795.00 C 20270630 35.77 38.73 0 43 0.2228 0.4001 0.002600
795.00 P 20270630 95.72 99.50 0 0 0.2203 -0.6703 0.003300
800.00 C 20270630 33.97 36.54 1 263 0.2209 0.3877 0.002600
800.00 P 20270630 98.00 103.00 0 1 0.2168 -0.6864 0.003300
805.00 C 20270630 32.17 35.12 4 41 0.2204 0.3754 0.002600
805.00 P 20270630 101.50 106.50 0 1 0.2156 -0.7026 0.003400
810.00 C 20270630 30.74 33.27 0 127 0.2195 0.3632 0.002600
810.00 P 20270630 106.47 110.20 0 3 0.2181 -0.7186 0.003400
815.00 C 20270630 29.28 32.16 0 331 0.2198 0.3513 0.002600
815.00 P 20270630 109.00 113.91 0 1 0.2144 -0.7344 0.003400
820.00 C 20270630 27.76 30.54 0 97 0.2188 0.3395 0.002600
820.00 P 20270630 114.06 117.70 4 4 0.2168 -0.7503 0.003400
825.00 C 20270630 26.44 28.40 0 5 0.2168 0.3279 0.002500
825.00 P 20270630 116.50 121.50 0 3 0.2119 -0.7661 0.003400
830.00 C 20270630 25.03 27.37 1 33 0.2168 0.3166 0.002500
830.00 P 20270630 120.50 125.49 0 1 0.2111 -0.7818 0.003400
835.00 C 20270630 23.83 26.40 0 159 0.2172 0.3054 0.002500
835.00 P 20270630 124.50 129.50 0 5 0.2101 -0.7972 0.003300
840.00 C 20270630 22.54 24.77 0 152 0.2157 0.2945 0.002400
840.00 P 20270630 129.00 133.71 0 1 0.2108 -0.8132 0.003400
845.00 C 20270630 21.45 24.13 0 14 0.2166 0.2839 0.002400
845.00 P 20270630 133.00 137.87 0 0 0.2091 -0.8288 0.003400
850.00 C 20270630 20.28 22.43 2 218 0.2148 0.2735 0.002400
850.00 P 20270630 137.50 142.00 0 2 0.2085 -0.8437 0.003400
855.00 C 20270630 19.30 21.89 0 28 0.2159 0.2633 0.002300
855.00 P 20270630 141.50 146.46 0 1 0.2065 -0.8588 0.003400
860.00 C 20270630 18.23 20.32 0 37 0.2142 0.2535 0.002300
860.00 P 20270630 146.05 150.51 0 0 0.2036 -0.8737 0.003400
865.00 C 20270630 17.35 19.54 0 667 0.2146 0.2439 0.002200
865.00 P 20270630 150.50 155.33 0 1 0.2036 -0.8882 0.003400
870.00 C 20270630 16.26 18.84 0 205 0.2145 0.2346 0.002200
870.00 P 20270630 155.00 159.87 0 0 0.2007 -0.9025 0.003300
875.00 C 20270630 15.41 17.92 0 615 0.2142 0.2256 0.002100
875.00 P 20270630 160.00 165.00 0 3 0.2060 -0.9154 0.003200
880.00 C 20270630 14.77 17.04 0 413 0.2144 0.2168 0.002100
880.00 P 20270630 164.50 169.20 0 0 -1.0000 -0.9289 0.003100
885.00 C 20270630 14.00 16.20 0 87 0.2143 0.2083 0.002000
885.00 P 20270630 169.50 174.50 0 1 0.2009 -0.9412 0.003000
890.00 C 20270630 13.47 14.88 0 212 0.2132 0.2002 0.002000
890.00 P 20270630 174.50 179.50 0 0 0.2047 -0.9520 0.002700
895.00 C 20270630 12.43 14.66 0 107 0.2136 0.1922 0.001900
895.00 P 20270630 179.50 184.50 0 0 0.2085 -0.9615 0.002400
900.00 C 20270630 11.78 13.94 8 469 0.2135 0.1846 0.001900
900.00 P 20270630 184.50 189.50 0 0 0.2122 -0.9695 0.002100
905.00 C 20270630 11.57 12.82 28 421 0.2134 0.1773 0.001800
905.00 P 20270630 189.50 194.50 0 0 0.2159 -0.9767 0.001800
910.00 C 20270630 10.59 12.77 4 37 0.2139 0.1702 0.001800
910.00 P 20270630 194.50 199.50 0 0 0.2196 -0.9831 0.001300
915.00 C 20270630 10.18 12.17 0 740 0.2145 0.1633 0.001800
915.00 P 20270630 199.50 204.50 0 0 0.2232 -0.9881 0.000900
920.00 C 20270630 9.82 10.85 40 107 0.2127 0.1568 0.001700
920.00 P 20270630 204.50 209.50 0 0 0.2268 -0.9918 0.000600
925.00 C 20270630 9.16 10.88 0 219 0.2141 0.1504 0.001700
925.00 P 20270630 209.50 214.50 0 0 0.2304 -0.9948 0.000400
930.00 C 20270630 8.70 10.36 0 578 0.2142 0.1443 0.001600
930.00 P 20270630 214.50 219.50 0 0 0.2340 -0.9970 0.000200
935.00 C 20270630 8.25 10.06 0 918 0.2150 0.1385 0.001600
935.00 P 20270630 219.50 224.50 0 0 0.2375 -0.9988 0.000100
940.00 C 20270630 7.84 9.60 0 1116 0.2152 0.1329 0.001500
940.00 P 20270630 224.50 229.50 0 0 0.2409 -1.0000 0.000000
945.00 C 20270630 7.35 9.15 4 1766 0.2151 0.1275 0.001500
945.00 P 20270630 229.50 234.50 0 0 0.2444 -1.0000 0.000000
950.00 C 20270630 7.19 8.62 2 2160 0.2157 0.1223 0.001400
950.00 P 20270630 234.50 239.50 0 0 0.2478 -1.0000 0.000000
955.00 C 20270630 6.85 7.81 68 1769 0.2144 0.1174 0.001400
955.00 P 20270630 239.50 244.50 0 0 0.2512 -1.0000 0.000000
285.00 C 20270917 439.44 443.00 0 0 0.4703 0.9864 0.000100
285.00 P 20270917 1.55 2.98 0 121 0.4839 -0.0148 0.000100
290.00 C 20270917 434.77 438.50 0 0 0.4694 0.9857 0.000100
290.00 P 20270917 1.65 3.09 0 14 0.4794 -0.0155 0.000100
295.00 C 20270917 430.10 433.50 0 2 0.4590 0.9849 0.000100
295.00 P 20270917 1.70 2.99 0 128 0.4706 -0.0163 0.000100
300.00 C 20270917 425.41 429.00 29 12 0.4575 0.9842 0.000100
300.00 P 20270917 1.81 3.11 0 125 0.4666 -0.0171 0.000100
305.00 C 20270917 420.77 424.50 0 0 0.4563 0.9833 0.000100
305.00 P 20270917 1.91 3.14 28 56 0.4608 -0.0179 0.000100
310.00 C 20270917 416.11 419.97 0 0 0.4541 0.9825 0.000100
310.00 P 20270917 1.96 3.46 0 21 0.4588 -0.0188 0.000100
315.00 C 20270917 411.46 415.00 0 2 0.4452 0.9816 0.000100
315.00 P 20270917 2.14 3.27 20 114 0.4510 -0.0197 0.000100
320.00 C 20270917 406.80 410.50 0 0 0.4434 0.9807 0.000100
320.00 P 20270917 2.25 3.40 3 92 0.4469 -0.0206 0.000100
325.00 C 20270917 402.16 406.00 0 0 0.4415 0.9798 0.000200
325.00 P 20270917 2.42 3.84 0 28 0.4476 -0.0216 0.000200
330.00 C 20270917 397.52 401.00 0 0 0.4327 0.9788 0.000200
330.00 P 20270917 2.55 4.08 0 75 0.4449 -0.0226 0.000200
335.00 C 20270917 392.88 396.50 0 0 0.4307 0.9778 0.000200
335.00 P 20270917 2.57 4.23 0 129 0.4396 -0.0236 0.000200
340.00 C 20270917 388.25 392.00 0 2 0.4286 0.9767 0.000200
340.00 P 20270917 2.93 3.40 0 324 0.4266 -0.0247 0.000200
345.00 C 20270917 383.62 387.48 0 0 0.4261 0.9756 0.000200
345.00 P 20270917 2.85 4.14 0 112 0.4272 -0.0259 0.000200
350.00 C 20270917 379.00 382.85 0 7 0.4222 0.9744 0.000200
350.00 P 20270917 2.99 4.29 0 150 0.4234 -0.0270 0.000200
355.00 C 20270917 374.38 378.00 0 8 0.4159 0.9733 0.000200
355.00 P 20270917 3.39 4.45 0 51 0.4224 -0.0282 0.000200
360.00 C 20270917 369.77 373.50 0 0 0.4135 0.9720 0.000200
360.00 P 20270917 3.30 4.61 0 112 0.4160 -0.0295 0.000200
365.00 C 20270917 365.16 369.00 0 0 0.4109 0.9708 0.000200
365.00 P 20270917 3.52 4.70 0 6255 0.4122 -0.0308 0.000200
370.00 C 20270917 360.56 364.42 0 9 0.4076 0.9694 0.000200
370.00 P 20270917 3.74 4.95 0 44 0.4098 -0.0322 0.000200
375.00 C 20270917 355.97 359.83 0 1 0.4041 0.9681 0.000200
375.00 P 20270917 4.02 5.45 0 23 0.4102 -0.0336 0.000200
380.00 C 20270917 351.38 355.24 0 3 0.4005 0.9667 0.000300
380.00 P 20270917 4.31 5.76 0 65 0.4083 -0.0350 0.000300
385.00 C 20270917 346.80 350.50 0 0 0.3957 0.9652 0.000300
385.00 P 20270917 4.39 5.83 0 93 0.4027 -0.0365 0.000300
390.00 C 20270917 342.23 346.00 0 4 0.3930 0.9637 0.000300
390.00 P 20270917 4.59 6.17 0 47 0.4004 -0.0381 0.000300
395.00 C 20270917 337.66 341.50 0 2 0.3901 0.9621 0.000300
395.00 P 20270917 4.78 6.23 0 32 0.3956 -0.0397 0.000300
400.00 C 20270917 333.11 336.96 0 22 0.3870 0.9604 0.000300
400.00 P 20270917 5.00 5.78 2 336 0.3870 -0.0414 0.000300
405.00 C 20270917 328.56 332.41 0 3 0.3838 0.9587 0.000300
405.00 P 20270917 5.22 6.66 0 102 0.3885 -0.0432 0.000300
410.00 C 20270917 324.01 327.87 0 6 0.3805 0.9570 0.000300
410.00 P 20270917 5.20 7.07 0 107 0.3847 -0.0450 0.000300
415.00 C 20270917 319.48 323.33 0 2 0.3773 0.9551 0.000300
415.00 P 20270917 5.68 7.15 0 22 0.3819 -0.0469 0.000400
420.00 C 20270917 314.95 318.81 0 3 0.3741 0.9532 0.000400
420.00 P 20270917 5.67 7.34 1 54 0.3765 -0.0489 0.000400
425.00 C 20270917 310.44 314.11 1 2 0.3698 0.9512 0.000400
425.00 P 20270917 6.04 7.85 0 71 0.3756 -0.0510 0.000400
430.00 C 20270917 305.93 309.79 0 0 0.3679 0.9492 0.000400
430.00 P 20270917 6.33 8.05 0 83 0.3721 -0.0531 0.000400
435.00 C 20270917 301.44 305.29 0 3 0.3649 0.9471 0.000400
435.00 P 20270917 6.47 8.36 0 130 0.3683 -0.0553 0.000400
440.00 C 20270917 296.95 300.81 0 2 0.3619 0.9449 0.000400
440.00 P 20270917 6.88 8.25 0 1158 0.3636 -0.0576 0.000400
445.00 C 20270917 292.48 296.33 0 13 0.3590 0.9426 0.000400
445.00 P 20270917 7.50 8.47 0 3737 0.3620 -0.0599 0.000400
450.00 C 20270917 288.01 291.87 0 3 0.3560 0.9402 0.000500
450.00 P 20270917 7.34 9.00 0 560 0.3576 -0.0624 0.000500
455.00 C 20270917 283.56 287.41 0 10 0.3531 0.9378 0.000500
455.00 P 20270917 7.66 9.34 1 1234 0.3547 -0.0649 0.000500
460.00 C 20270917 279.12 282.97 0 6 0.3503 0.9352 0.000500
460.00 P 20270917 8.24 9.68 2 76 0.3531 -0.0676 0.000500
465.00 C 20270917 274.69 278.50 0 4 0.3472 0.9326 0.000500
465.00 P 20270917 8.45 10.11 0 45 0.3499 -0.0704 0.000500
470.00 C 20270917 270.27 274.00 0 5 0.3440 0.9298 0.000500
470.00 P 20270917 8.80 10.64 0 76 0.3478 -0.0732 0.000600
475.00 C 20270917 265.87 269.73 0 4 0.3419 0.9270 0.000600
475.00 P 20270917 9.25 10.60 1 108 0.3433 -0.0762 0.000600
480.00 C 20270917 261.48 265.34 0 12 0.3392 0.9240 0.000600
480.00 P 20270917 9.40 11.18 5 247 0.3403 -0.0792 0.000600
485.00 C 20270917 257.69 260.97 0 5 0.3392 0.9210 0.000600
485.00 P 20270917 9.79 11.73 0 108 0.3382 -0.0824 0.000600
490.00 C 20270917 252.75 256.50 0 4 0.3334 0.9178 0.000600
490.00 P 20270917 10.34 12.07 0 1421 0.3357 -0.0858 0.000600
495.00 C 20270917 249.00 252.27 0 39 0.3338 0.9145 0.000600
495.00 P 20270917 10.62 12.62 0 91 0.3329 -0.0892 0.000700
500.00 C 20270917 244.68 247.94 0 38 0.3312 0.9111 0.000700
500.00 P 20270917 11.36 12.96 7 1735 0.3309 -0.0928 0.000700
505.00 C 20270917 240.37 243.63 0 23 0.3286 0.9076 0.000700
505.00 P 20270917 11.51 13.57 0 174 0.3276 -0.0964 0.000700
510.00 C 20270917 236.09 239.35 0 9 0.3261 0.9040 0.000700
510.00 P 20270917 11.98 13.97 0 306 0.3246 -0.1003 0.000800
515.00 C 20270917 231.82 235.00 0 55 0.3233 0.9002 0.000800
515.00 P 20270917 12.47 14.14 0 344 0.3207 -0.1042 0.000800
520.00 C 20270917 227.56 230.82 0 21 0.3211 0.8963 0.000800
520.00 P 20270917 13.42 14.26 1 2673 0.3182 -0.1084 0.000800
525.00 C 20270917 223.33 226.58 0 10 0.3186 0.8923 0.000800
525.00 P 20270917 13.51 15.42 0 798 0.3164 -0.1126 0.000800
530.00 C 20270917 219.11 222.37 0 21 0.3162 0.8881 0.000800
530.00 P 20270917 14.06 15.84 0 510 0.3134 -0.1170 0.000900
535.00 C 20270917 214.92 218.18 0 35 0.3138 0.8838 0.000900
535.00 P 20270917 15.06 15.63 2004 685 0.3097 -0.1215 0.000900
540.00 C 20270917 210.75 214.00 0 14 0.3114 0.8793 0.000900
540.00 P 20270917 15.23 16.40 9 1056 0.3064 -0.1262 0.000900
545.00 C 20270917 206.59 209.69 0 199 0.3085 0.8747 0.000900
545.00 P 20270917 16.32 17.23 168 1486 0.3063 -0.1312 0.001000
550.00 C 20270917 202.46 205.56 1 151 0.3062 0.8700 0.001000
550.00 P 20270917 16.90 18.24 89 4993 0.3048 -0.1362 0.001000
555.00 C 20270917 198.36 201.62 0 93 0.3044 0.8651 0.001000
555.00 P 20270917 17.27 19.57 110 756 0.3035 -0.1415 0.001000
560.00 C 20270917 194.27 197.55 0 72 0.3022 0.8600 0.001000
560.00 P 20270917 18.34 19.48 42 241 0.3000 -0.1468 0.001100
565.00 C 20270917 190.22 193.49 0 34 0.3000 0.8548 0.001000
565.00 P 20270917 18.76 21.27 0 932 0.2998 -0.1524 0.001100
570.00 C 20270917 186.19 189.30 1 1542 0.2973 0.8494 0.001100
570.00 P 20270917 19.74 21.13 93 1890 0.2957 -0.1581 0.001100
575.00 C 20270917 182.24 185.30 5 326 0.2953 0.8438 0.001100
575.00 P 20270917 20.59 22.08 294 3292 0.2941 -0.1641 0.001200
580.00 C 20270917 178.27 181.49 0 154 0.2936 0.8381 0.001200
580.00 P 20270917 21.35 23.14 634 3428 0.2924 -0.1703 0.001200
585.00 C 20270917 174.32 177.38 0 546 0.2911 0.8322 0.001200
585.00 P 20270917 21.70 23.99 12 632 0.2890 -0.1765 0.001300
590.00 C 20270917 170.41 173.47 0 255 0.2890 0.8262 0.001200
590.00 P 20270917 22.72 25.34 1 3370 0.2884 -0.1831 0.001300
595.00 C 20270917 166.52 169.75 0 77 0.2874 0.8199 0.001200
595.00 P 20270917 23.47 26.46 0 281 0.2864 -0.1897 0.001300
600.00 C 20270917 162.66 165.90 0 1391 0.2854 0.8135 0.001300
600.00 P 20270917 24.53 26.91 3 1783 0.2834 -0.1967 0.001400
605.00 C 20270917 158.84 161.92 3 109 0.2830 0.8069 0.001300
605.00 P 20270917 25.37 27.93 0 2327 0.2811 -0.2038 0.001400
610.00 C 20270917 154.98 158.13 2 1079 0.2809 0.8002 0.001400
610.00 P 20270917 26.54 28.92 2 1945 0.2794 -0.2112 0.001500
615.00 C 20270917 151.28 154.38 0 186 0.2791 0.7932 0.001400
615.00 P 20270917 27.67 30.08 0 242 0.2778 -0.2188 0.001500
620.00 C 20270917 147.56 150.67 0 390 0.2772 0.7861 0.001400
620.00 P 20270917 28.75 31.22 0 1252 0.2759 -0.2266 0.001600
625.00 C 20270917 143.87 147.15 0 130 0.2757 0.7787 0.001500
625.00 P 20270917 29.62 32.40 1 327 0.2735 -0.2345 0.001600
630.00 C 20270917 140.16 143.50 0 281 0.2737 0.7712 0.001500
630.00 P 20270917 30.78 34.08 0 685 0.2727 -0.2427 0.001600
635.00 C 20270917 136.55 139.91 0 277 0.2719 0.7635 0.001600
635.00 P 20270917 32.25 35.33 0 191 0.2714 -0.2512 0.001700
640.00 C 20270917 132.98 136.35 0 252 0.2701 0.7557 0.001600
640.00 P 20270917 33.44 35.84 12 862 0.2678 -0.2599 0.001700
645.00 C 20270917 129.44 132.82 0 759 0.2683 0.7476 0.001600
645.00 P 20270917 34.67 37.52 15 419 0.2667 -0.2688 0.001800
650.00 C 20270917 125.93 129.20 1 1794 0.2663 0.7394 0.001700
650.00 P 20270917 36.24 37.89 34 7927 0.2633 -0.2779 0.001800
655.00 C 20270917 122.49 125.89 0 1969 0.2648 0.7310 0.001700
655.00 P 20270917 37.39 40.40 5 415 0.2633 -0.2872 0.001900
660.00 C 20270917 119.55 122.34 120 2178 0.2638 0.7223 0.001800
660.00 P 20270917 39.29 41.23 32 1482 0.2611 -0.2970 0.001900
665.00 C 20270917 115.78 119.14 0 260 0.2616 0.7136 0.001800
665.00 P 20270917 40.34 42.74 25 645 0.2587 -0.3066 0.002000
670.00 C 20270917 112.36 115.69 23 1099 0.2595 0.7046 0.001800
670.00 P 20270917 41.87 44.21 54 1305 0.2568 -0.3168 0.002000
675.00 C 20270917 109.17 112.58 2 247 0.2584 0.6954 0.001900
675.00 P 20270917 43.46 45.79 32 204 0.2552 -0.3270 0.002100
680.00 C 20270917 105.95 109.36 0 189 0.2568 0.6862 0.001900
680.00 P 20270917 45.10 47.97 0 3043 0.2544 -0.3377 0.002100
685.00 C 20270917 102.43 106.20 2 192 0.2546 0.6767 0.001900
685.00 P 20270917 46.55 50.29 0 273 0.2535 -0.3484 0.002200
690.00 C 20270917 100.09 102.95 15 817 0.2543 0.6670 0.002000
690.00 P 20270917 48.54 51.48 2 4780 0.2513 -0.3593 0.002200
695.00 C 20270917 96.54 100.01 1 238 0.2522 0.6572 0.002000
695.00 P 20270917 50.09 53.87 0 202 0.2504 -0.3707 0.002200
700.00 C 20270917 93.81 96.98 5 1265 0.2514 0.6473 0.002000
700.00 P 20270917 52.21 54.96 2 4860 0.2478 -0.3821 0.002300
705.00 C 20270917 90.15 94.01 0 321 0.2486 0.6372 0.002100
705.00 P 20270917 53.86 57.68 0 426 0.2472 -0.3938 0.002300
710.00 C 20270917 87.26 91.09 3 652 0.2472 0.6270 0.002100
710.00 P 20270917 56.13 59.15 39 858 0.2453 -0.4056 0.002400
715.00 C 20270917 85.15 87.89 17 443 0.2466 0.6166 0.002100
715.00 P 20270917 58.11 61.51 10 320 0.2441 -0.4178 0.002400
720.00 C 20270917 82.36 85.27 33 4040 0.2456 0.6061 0.002200
720.00 P 20270917 60.29 63.29 10 899 0.2423 -0.4301 0.002500
725.00 C 20270917 79.11 82.64 2 604 0.2436 0.5955 0.002200
725.00 P 20270917 62.43 65.15 0 4210 0.2402 -0.4426 0.002500
730.00 C 20270917 76.07 79.94 0 368 0.2418 0.5848 0.002200
730.00 P 20270917 64.72 67.81 0 3970 0.2397 -0.4553 0.002600
735.00 C 20270917 73.43 77.29 0 170 0.2405 0.5739 0.002200
735.00 P 20270917 66.75 70.62 0 1389 0.2386 -0.4683 0.002600
740.00 C 20270917 70.84 74.71 1 547 0.2393 0.5630 0.002200
740.00 P 20270917 69.43 72.51 4 867 0.2370 -0.4814 0.002600
745.00 C 20270917 68.31 72.17 1 1623 0.2381 0.5520 0.002300
745.00 P 20270917 71.60 75.47 0 71 0.2361 -0.4947 0.002700
750.00 C 20270917 66.13 69.55 1 836 0.2372 0.5410 0.002300
750.00 P 20270917 74.42 77.16 1 3381 0.2339 -0.5081 0.002700
755.00 C 20270917 63.42 67.29 0 322 0.2358 0.5298 0.002300
755.00 P 20270917 76.73 80.60 0 67 0.2335 -0.5220 0.002800
760.00 C 20270917 61.23 64.76 0 719 0.2347 0.5187 0.002300
760.00 P 20270917 79.72 83.24 1 320 0.2329 -0.5357 0.002800
765.00 C 20270917 59.50 62.42 0 2713 0.2345 0.5074 0.002300
765.00 P 20270917 82.15 86.02 0 59 0.2311 -0.5498 0.002800
770.00 C 20270917 56.50 59.85 2 1585 0.2316 0.4962 0.002300
770.00 P 20270917 84.97 88.83 1 337 0.2300 -0.5640 0.002900
775.00 C 20270917 54.31 58.18 3 1171 0.2315 0.4850 0.002400
775.00 P 20270917 87.88 91.72 0 8 0.2290 -0.5782 0.002900
780.00 C 20270917 52.52 55.65 2 1579 0.2304 0.4737 0.002400
780.00 P 20270917 90.83 94.69 0 66 0.2277 -0.5926 0.003000
785.00 C 20270917 50.13 54.00 0 1169 0.2296 0.4625 0.002400
785.00 P 20270917 93.88 97.74 0 20 0.2266 -0.6072 0.003000
790.00 C 20270917 48.31 51.95 2 353 0.2289 0.4513 0.002400
790.00 P 20270917 97.00 100.86 0 550 0.2256 -0.6218 0.003000
795.00 C 20270917 46.17 48.81 2 1104 0.2256 0.4402 0.002400
795.00 P 20270917 100.19 104.06 0 941 0.2245 -0.6365 0.003000
800.00 C 20270917 44.95 47.40 8 1491 0.2267 0.4290 0.002400
800.00 P 20270917 103.61 108.00 0 3776 0.2251 -0.6513 0.003100
805.00 C 20270917 42.46 46.26 4 380 0.2260 0.4180 0.002400
805.00 P 20270917 106.56 111.00 0 1263 0.2227 -0.6659 0.003100
810.00 C 20270917 40.96 44.47 5 871 0.2256 0.4071 0.002400
810.00 P 20270917 110.04 114.50 0 77 0.2220 -0.6807 0.003100
815.00 C 20270917 39.00 42.74 5 543 0.2244 0.3962 0.002300
815.00 P 20270917 114.42 117.87 3 39 0.2225 -0.6957 0.003100
820.00 C 20270917 37.99 40.28 24 360 0.2234 0.3854 0.002300
820.00 P 20270917 117.25 121.50 0 304 0.2201 -0.7105 0.003100
825.00 C 20270917 36.40 39.32 40 366 0.2239 0.3748 0.002300
825.00 P 20270917 121.35 125.50 0 4 0.2210 -0.7254 0.003200
830.00 C 20270917 34.63 37.40 4 530 0.2222 0.3642 0.002300
830.00 P 20270917 124.80 129.00 0 22 0.2190 -0.7402 0.003200
835.00 C 20270917 32.98 36.02 3 260 0.2214 0.3539 0.002300
835.00 P 20270917 128.68 133.00 0 7 0.2188 -0.7547 0.003200
840.00 C 20270917 31.75 34.51 4 685 0.2211 0.3436 0.002300
840.00 P 20270917 133.30 137.00 0 6 0.2201 -0.7694 0.003200
845.00 C 20270917 30.19 33.56 3 434 0.2210 0.3335 0.002200
845.00 P 20270917 137.32 141.00 0 1 0.2196 -0.7841 0.003200
850.00 C 20270917 29.05 32.06 4 794 0.2206 0.3236 0.002200
850.00 P 20270917 141.42 145.00 4 15 0.2190 -0.7991 0.003200
855.00 C 20270917 27.62 30.93 2 1285 0.2201 0.3139 0.002200
855.00 P 20270917 144.98 149.00 0 17 0.2165 -0.8140 0.003200
860.00 C 20270917 26.43 29.51 1 565 0.2194 0.3043 0.002200
860.00 P 20270917 148.00 153.00 0 0 0.2115 -0.8282 0.003200
865.00 C 20270917 25.35 28.52 0 565 0.2195 0.2950 0.002200
865.00 P 20270917 152.50 157.50 0 0 0.2123 -0.8428 0.003300
870.00 C 20270917 24.15 26.99 0 220 0.2183 0.2858 0.002100
870.00 P 20270917 157.96 161.50 0 0 0.2144 -0.8576 0.003300
875.00 C 20270917 23.07 26.27 2 463 0.2187 0.2768 0.002100
875.00 P 20270917 161.00 166.00 0 13 0.2076 -0.8716 0.003300
880.00 C 20270917 22.62 24.45 74 20054 0.2180 0.2680 0.002100
880.00 P 20270917 165.50 170.50 0 0 0.2063 -0.8852 0.003200
885.00 C 20270917 20.90 24.24 0 268 0.2179 0.2595 0.002000
885.00 P 20270917 170.00 175.00 0 1 0.2032 -0.8982 0.003200
890.00 C 20270917 19.99 23.26 0 634 0.2177 0.2511 0.002000
890.00 P 20270917 175.00 180.00 0 0 0.2069 -0.9109 0.003100
895.00 C 20270917 19.33 22.35 0 436 0.2180 0.2430 0.002000
895.00 P 20270917 179.50 184.50 0 1 0.1986 -0.9239 0.003100
900.00 C 20270917 18.23 21.47 0 1190 0.2174 0.2351 0.001900
900.00 P 20270917 184.50 189.50 0 0 0.2021 -0.9359 0.002800
905.00 C 20270917 17.65 20.62 0 690 0.2178 0.2274 0.001900
905.00 P 20270917 189.50 194.50 0 1 0.2056 -0.9465 0.002600
910.00 C 20270917 16.65 19.81 0 635 0.2172 0.2199 0.001900
910.00 P 20270917 194.50 199.50 0 0 0.2090 -0.9559 0.002400
915.00 C 20270917 16.27 18.88 24 440 0.2176 0.2126 0.001800
915.00 P 20270917 199.50 204.50 0 0 0.2124 -0.9638 0.002100
920.00 C 20270917 15.34 17.58 0 1189 0.2158 0.2055 0.001800
920.00 P 20270917 204.50 209.50 0 0 0.2158 -0.9710 0.001900
925.00 C 20270917 14.53 17.51 0 472 0.2170 0.1987 0.001800
925.00 P 20270917 209.50 214.50 0 0 0.2191 -0.9775 0.001600
930.00 C 20270917 13.89 16.69 2 309 0.2166 0.1920 0.001700
930.00 P 20270917 214.50 219.50 0 0 0.2224 -0.9835 0.001100
935.00 C 20270917 13.28 16.14 0 1058 0.2170 0.1856 0.001700
935.00 P 20270917 219.50 224.50 0 0 0.2257 -0.9876 0.000900
940.00 C 20270917 12.69 15.51 0 971 0.2170 0.1793 0.001600
940.00 P 20270917 224.50 229.50 0 0 0.2290 -0.9911 0.000600
945.00 C 20270917 12.33 14.90 0 2093 0.2176 0.1733 0.001600
945.00 P 20270917 229.50 234.50 0 0 0.2322 -0.9941 0.000400
950.00 C 20270917 12.06 13.96 0 5079 0.2174 0.1675 0.001600
950.00 P 20270917 234.50 239.50 0 0 0.2354 -0.9963 0.000300
955.00 C 20270917 11.11 13.64 0 498 0.2170 0.1618 0.001500
955.00 P 20270917 239.50 244.50 0 0 0.2386 -0.9980 0.000100
960.00 C 20270917 10.63 13.22 0 341 0.2174 0.1563 0.001500
960.00 P 20270917 244.50 249.50 0 0 0.2418 -0.9997 0.000000
965.00 C 20270917 10.17 12.70 0 373 0.2175 0.1510 0.001500
965.00 P 20270917 249.50 254.50 0 0 0.2449 -1.0000 0.000000
970.00 C 20270917 9.74 12.21 2 582 0.2177 0.1459 0.001400
970.00 P 20270917 254.50 259.50 0 0 0.2480 -1.0000 0.000000
975.00 C 20270917 9.33 11.65 0 250 0.2176 0.1410 0.001400
975.00 P 20270917 259.50 264.50 0 0 0.2511 -1.0000 0.000000
980.00 C 20270917 8.93 11.30 0 560 0.2181 0.1362 0.001400
980.00 P 20270917 264.50 269.50 0 0 0.2542 -1.0000 0.000000
985.00 C 20270917 8.55 10.87 0 152 0.2183 0.1316 0.001300
985.00 P 20270917 269.50 274.50 0 0 0.2572 -1.0000 0.000000
990.00 C 20270917 8.50 10.47 4 479 0.2196 0.1272 0.001300
990.00 P 20270917 274.50 279.50 0 0 0.2602 -1.0000 0.000000
995.00 C 20270917 8.00 10.08 0 260 0.2193 0.1229 0.001300
995.00 P 20270917 279.50 284.50 0 0 0.2632 -1.0000 0.000000
1000.00 C 20270917 7.66 9.70 0 404 0.2196 0.1188 0.001200
1000.00 P 20270917 284.50 289.50 0 0 0.2662 -1.0000 0.000000
1005.00 C 20270917 7.35 8.92 0 101 0.2184 0.1148 0.001200
1005.00 P 20270917 289.50 294.50 0 0 0.2692 -1.0000 0.000000
1010.00 C 20270917 7.05 9.01 0 260 0.2202 0.1109 0.001200
1010.00 P 20270917 294.50 299.50 0 0 0.2721 -1.0000 0.000000
1015.00 C 20270917 6.63 8.68 0 329 0.2200 0.1072 0.001100
1015.00 P 20270917 299.50 304.50 0 0 0.2750 -1.0000 0.000000
1020.00 C 20270917 6.49 8.37 0 534 0.2208 0.1036 0.001100
1020.00 P 20270917 304.50 309.50 0 0 0.2779 -1.0000 0.000000
1025.00 C 20270917 6.22 7.80 0 423 0.2206 0.1002 0.001100
1025.00 P 20270917 309.50 314.50 0 0 0.2808 -1.0000 0.000000
1030.00 C 20270917 6.11 7.79 0 47 0.2220 0.0968 0.001100
1030.00 P 20270917 314.50 319.50 0 0 0.2837 -1.0000 0.000000
1035.00 C 20270917 5.86 7.24 0 258 0.2212 0.0936 0.001000
1035.00 P 20270917 319.50 324.50 0 0 0.2865 -1.0000 0.000000
1040.00 C 20270917 5.63 7.24 0 320 0.2226 0.0905 0.001000
1040.00 P 20270917 324.50 329.50 0 0 0.2893 -1.0000 0.000000
1045.00 C 20270917 5.41 6.98 0 195 0.2230 0.0875 0.001000
1045.00 P 20270917 329.50 334.50 0 0 0.2921 -1.0000 0.000000
1050.00 C 20270917 5.08 6.73 0 165 0.2228 0.0846 0.001000
1050.00 P 20270917 334.50 339.50 0 0 0.2949 -1.0000 0.000000
1055.00 C 20270917 4.88 6.30 0 199 0.2223 0.0818 0.000900
1055.00 P 20270917 339.50 344.50 0 0 0.2977 -1.0000 0.000000
1060.00 C 20270917 4.80 6.14 4 273 0.2234 0.0791 0.000900
1060.00 P 20270917 344.50 349.50 0 0 0.3004 -1.0000 0.000000
1065.00 C 20270917 4.62 5.85 0 404 0.2235 0.0765 0.000900
1065.00 P 20270917 349.50 354.50 0 0 0.3032 -1.0000 0.000000
1070.00 C 20270917 4.33 5.85 0 134 0.2243 0.0740 0.000800
1070.00 P 20270917 354.50 359.50 0 0 0.3059 -1.0000 0.000000
1075.00 C 20270917 4.07 5.66 0 574 0.2243 0.0716 0.000800
1075.00 P 20270917 359.50 364.50 0 0 0.3086 -1.0000 0.000000
1080.00 C 20270917 3.91 5.47 0 132 0.2246 0.0692 0.000800
1080.00 P 20270917 364.50 369.50 0 0 0.3113 -1.0000 0.000000
1085.00 C 20270917 3.85 5.29 0 158 0.2255 0.0670 0.000800
1085.00 P 20270917 369.50 374.50 0 0 0.3139 -1.0000 0.000000
1090.00 C 20270917 3.62 4.98 1 407 0.2247 0.0648 0.000800
1090.00 P 20270917 374.50 379.50 0 0 0.3166 -1.0000 0.000000
1095.00 C 20270917 3.48 4.63 0 418 0.2242 0.0627 0.000700
1095.00 P 20270917 379.50 384.50 0 0 0.3192 -1.0000 0.000000
1100.00 C 20270917 3.43 4.48 0 326 0.2251 0.0607 0.000700
1100.00 P 20270917 384.50 389.50 0 0 0.3218 -1.0000 0.000000
1105.00 C 20270917 3.22 4.43 0 453 0.2255 0.0587 0.000700
1105.00 P 20270917 389.50 394.50 0 0 0.3244 -1.0000 0.000000
1110.00 C 20270917 3.30 4.13 1 570 0.2263 0.0568 0.000700
1110.00 P 20270917 394.50 399.50 0 0 0.3270 -1.0000 0.000000
1115.00 C 20270917 2.98 4.00 2 1368 0.2255 0.0550 0.000700
1115.00 P 20270917 399.50 404.50 0 0 0.3296 -1.0000 0.000000
205.00 C 20271217 516.49 520.00 0 439 0.5199 0.9935 0.000000
205.00 P 20271217 1.12 1.30 0 2152 0.5266 -0.0076 0.000000
210.00 C 20271217 511.84 515.00 1 15 0.5030 0.9930 0.000000
210.00 P 20271217 0.83 2.46 0 255 0.5412 -0.0080 0.000000
215.00 C 20271217 507.20 510.50 0 109 0.5034 0.9926 0.000000
215.00 P 20271217 0.76 2.53 2 274 0.5316 -0.0085 0.000000
220.00 C 20271217 502.55 506.00 0 20 0.5027 0.9921 0.000100
220.00 P 20271217 0.98 2.76 0 258 0.5327 -0.0090 0.000100
225.00 C 20271217 497.91 501.50 0 29 0.5017 0.9916 0.000100
225.00 P 20271217 1.38 1.85 15 1003 0.5118 -0.0095 0.000100
230.00 C 20271217 493.28 496.50 0 31 0.4875 0.9911 0.000100
230.00 P 20271217 1.14 2.92 0 160 0.5211 -0.0101 0.000100
235.00 C 20271217 488.64 492.00 0 47 0.4864 0.9905 0.000100
235.00 P 20271217 1.17 3.17 0 145 0.5177 -0.0106 0.000100
240.00 C 20271217 484.02 487.50 0 57 0.4854 0.9900 0.000100
240.00 P 20271217 1.31 3.08 0 359 0.5098 -0.0112 0.000100
245.00 C 20271217 479.39 483.00 0 20 0.4836 0.9894 0.000100
245.00 P 20271217 1.35 3.34 0 124 0.5066 -0.0118 0.000100
250.00 C 20271217 474.76 478.50 0 85 0.4817 0.9888 0.000100
250.00 P 20271217 1.50 2.83 0 4623 0.4916 -0.0124 0.000100
255.00 C 20271217 470.14 473.50 0 24 0.4696 0.9881 0.000100
255.00 P 20271217 1.54 2.93 0 325 0.4858 -0.0131 0.000100
260.00 C 20271217 465.53 469.00 0 13 0.4679 0.9874 0.000100
260.00 P 20271217 1.64 3.03 0 145 0.4811 -0.0138 0.000100
265.00 C 20271217 460.91 464.50 0 33 0.4656 0.9868 0.000100
265.00 P 20271217 1.74 3.13 0 12 0.4764 -0.0145 0.000100
270.00 C 20271217 456.30 460.00 0 16 0.4633 0.9860 0.000100
270.00 P 20271217 1.84 3.24 0 67 0.4718 -0.0152 0.000100
275.00 C 20271217 451.69 455.50 0 12 0.4606 0.9853 0.000100
275.00 P 20271217 1.95 3.00 0 177 0.4621 -0.0160 0.000100
280.00 C 20271217 447.09 450.50 0 16 0.4501 0.9845 0.000100
280.00 P 20271217 2.07 3.34 0 614 0.4612 -0.0168 0.000100
285.00 C 20271217 442.50 446.00 0 16 0.4479 0.9837 0.000100
285.00 P 20271217 2.18 3.48 0 350 0.4572 -0.0176 0.000100
290.00 C 20271217 437.90 441.50 0 7 0.4453 0.9829 0.000100
290.00 P 20271217 2.11 3.61 0 1059 0.4505 -0.0184 0.000100
295.00 C 20271217 433.31 437.00 0 8 0.4427 0.9820 0.000100
295.00 P 20271217 2.43 3.67 0 56 0.4482 -0.0193 0.000100
300.00 C 20271217 428.73 432.50 0 169 0.4401 0.9811 0.000100
300.00 P 20271217 2.56 3.87 0 5602 0.4450 -0.0202 0.000100
305.00 C 20271217 424.15 428.00 0 37 0.4372 0.9802 0.000100
305.00 P 20271217 2.39 4.12 0 137 0.4387 -0.0212 0.000100
310.00 C 20271217 419.58 423.43 0 28 0.4336 0.9792 0.000100
310.00 P 20271217 2.52 4.15 1 475 0.4334 -0.0222 0.000100
315.00 C 20271217 415.01 418.50 0 21 0.4255 0.9782 0.000100
315.00 P 20271217 2.81 4.40 0 150 0.4325 -0.0232 0.000200
320.00 C 20271217 410.44 414.00 0 17 0.4227 0.9772 0.000200
320.00 P 20271217 2.96 4.55 0 211 0.4287 -0.0243 0.000200
325.00 C 20271217 405.88 409.50 0 17 0.4198 0.9762 0.000200
325.00 P 20271217 3.27 4.61 1 371 0.4256 -0.0254 0.000200
330.00 C 20271217 401.33 405.00 0 30 0.4170 0.9750 0.000200
330.00 P 20271217 3.43 4.98 0 244 0.4240 -0.0265 0.000200
335.00 C 20271217 396.78 400.50 0 27 0.4140 0.9739 0.000200
335.00 P 20271217 3.43 4.94 0 461 0.4167 -0.0277 0.000200
340.00 C 20271217 392.24 396.00 0 29 0.4110 0.9727 0.000200
340.00 P 20271217 3.45 5.11 0 1067 0.4117 -0.0289 0.000200
345.00 C 20271217 387.71 391.50 0 17 0.4080 0.9715 0.000200
345.00 P 20271217 3.77 5.29 1 529 0.4095 -0.0302 0.000200
350.00 C 20271217 383.18 387.00 0 77 0.4049 0.9702 0.000200
350.00 P 20271217 3.80 5.48 0 512 0.4048 -0.0315 0.000200
355.00 C 20271217 378.66 382.50 0 8 0.4018 0.9689 0.000200
355.00 P 20271217 3.98 6.08 0 211 0.4049 -0.0329 0.000200
360.00 C 20271217 374.14 378.00 0 108 0.3987 0.9675 0.000200
360.00 P 20271217 4.18 5.88 4 92 0.3982 -0.0343 0.000200
365.00 C 20271217 369.64 373.49 0 20 0.3955 0.9661 0.000200
365.00 P 20271217 4.70 6.09 5 1350 0.3974 -0.0357 0.000200
370.00 C 20271217 365.13 368.99 0 32 0.3923 0.9646 0.000200
370.00 P 20271217 4.58 6.42 0 280 0.3925 -0.0373 0.000300
375.00 C 20271217 360.64 364.50 0 36 0.3892 0.9631 0.000300
375.00 P 20271217 4.79 7.14 0 294 0.3929 -0.0388 0.000300
380.00 C 20271217 356.16 360.00 0 36 0.3860 0.9615 0.000300
380.00 P 20271217 5.01 6.89 0 766 0.3862 -0.0405 0.000300
385.00 C 20271217 351.68 355.50 0 3 0.3828 0.9599 0.000300
385.00 P 20271217 5.24 6.96 0 973 0.3819 -0.0422 0.000300
390.00 C 20271217 347.21 351.00 0 76 0.3796 0.9582 0.000300
390.00 P 20271217 6.00 7.43 0 13070 0.3838 -0.0439 0.000300
395.00 C 20271217 342.75 346.50 0 60 0.3764 0.9565 0.000300
395.00 P 20271217 5.71 7.66 0 695 0.3770 -0.0457 0.000300
400.00 C 20271217 338.30 341.97 0 835 0.3730 0.9546 0.000300
400.00 P 20271217 6.45 7.76 0 3544 0.3760 -0.0476 0.000300
405.00 C 20271217 333.86 337.72 0 18 0.3714 0.9528 0.000300
405.00 P 20271217 6.63 8.35 0 315 0.3743 -0.0496 0.000300
410.00 C 20271217 329.42 333.28 0 47 0.3684 0.9508 0.000300
410.00 P 20271217 6.49 8.53 0 367 0.3683 -0.0516 0.000400
415.00 C 20271217 325.00 328.86 0 82 0.3657 0.9488 0.000400
415.00 P 20271217 6.77 9.41 0 199 0.3686 -0.0537 0.000400
420.00 C 20271217 320.59 324.45 0 132 0.3629 0.9468 0.000400
420.00 P 20271217 7.06 9.25 0 1493 0.3631 -0.0558 0.000400
425.00 C 20271217 316.19 320.00 0 162 0.3599 0.9446 0.000400
425.00 P 20271217 7.35 9.58 0 2363 0.3603 -0.0581 0.000400
430.00 C 20271217 311.80 315.50 0 68 0.3567 0.9424 0.000400
430.00 P 20271217 7.71 9.78 0 3833 0.3570 -0.0604 0.000400
435.00 C 20271217 307.42 311.28 0 125 0.3548 0.9401 0.000400
435.00 P 20271217 8.03 10.29 0 946 0.3551 -0.0628 0.000400
440.00 C 20271217 303.05 306.91 0 83 0.3522 0.9377 0.000400
440.00 P 20271217 8.37 10.64 0 516 0.3524 -0.0653 0.000400
445.00 C 20271217 298.70 302.50 1 94 0.3494 0.9353 0.000400
445.00 P 20271217 8.71 11.02 0 1890 0.3497 -0.0679 0.000500
450.00 C 20271217 294.36 298.00 0 523 0.3461 0.9327 0.000500
450.00 P 20271217 9.07 11.15 0 9089 0.3458 -0.0705 0.000500
455.00 C 20271217 290.02 293.70 0 519 0.3437 0.9301 0.000500
455.00 P 20271217 9.44 11.85 0 621 0.3446 -0.0733 0.000500
460.00 C 20271217 285.71 289.50 0 79 0.3418 0.9274 0.000500
460.00 P 20271217 9.83 12.25 0 502 0.3419 -0.0761 0.000500
465.00 C 20271217 281.40 285.26 0 284 0.3395 0.9246 0.000500
465.00 P 20271217 10.22 12.42 1 1315 0.3383 -0.0791 0.000500
470.00 C 20271217 277.11 280.79 1 304 0.3363 0.9217 0.000500
470.00 P 20271217 10.64 12.82 10 1144 0.3356 -0.0822 0.000600
475.00 C 20271217 272.84 276.50 0 175 0.3339 0.9187 0.000600
475.00 P 20271217 11.06 13.37 21 2173 0.3335 -0.0853 0.000600
480.00 C 20271217 268.58 272.26 0 1061 0.3316 0.9156 0.000600
480.00 P 20271217 12.00 13.29 35 1525 0.3308 -0.0886 0.000600
485.00 C 20271217 264.34 268.00 0 1102 0.3292 0.9124 0.000600
485.00 P 20271217 12.59 13.92 42 1004 0.3293 -0.0920 0.000600
490.00 C 20271217 260.11 263.97 0 338 0.3277 0.9091 0.000600
490.00 P 20271217 12.45 14.80 16 1289 0.3261 -0.0955 0.000600
495.00 C 20271217 255.90 259.50 3 386 0.3244 0.9057 0.000600
495.00 P 20271217 12.93 15.43 12 1777 0.3241 -0.0990 0.000700
500.00 C 20271217 251.71 255.39 1 864 0.3225 0.9022 0.000700
500.00 P 20271217 14.01 15.31 7 10269 0.3214 -0.1028 0.000700
505.00 C 20271217 247.54 251.40 0 160 0.3210 0.8986 0.000700
505.00 P 20271217 14.22 16.57 4 683 0.3204 -0.1066 0.000700
510.00 C 20271217 243.39 247.00 0 229 0.3180 0.8948 0.000700
510.00 P 20271217 15.10 16.72 1 8907 0.3178 -0.1106 0.000700
515.00 C 20271217 239.25 243.00 0 265 0.3163 0.8910 0.000700
515.00 P 20271217 15.24 17.79 1 961 0.3156 -0.1147 0.000800
520.00 C 20271217 235.14 238.99 0 223 0.3145 0.8870 0.000800
520.00 P 20271217 15.67 17.25 0 1114 0.3094 -0.1189 0.000800
525.00 C 20271217 231.04 234.90 1 174 0.3124 0.8830 0.000800
525.00 P 20271217 17.20 18.88 0 2247 0.3130 -0.1233 0.000800
530.00 C 20271217 226.97 230.65 0 503 0.3098 0.8788 0.000800
530.00 P 20271217 17.19 19.82 0 924 0.3097 -0.1278 0.000800
535.00 C 20271217 222.91 226.60 0 387 0.3078 0.8744 0.000800
535.00 P 20271217 17.60 20.55 0 386 0.3095 -0.1324 0.000900
540.00 C 20271217 218.88 222.50 2 1174 0.3056 0.8700 0.000800
540.00 P 20271217 18.55 21.81 5 5080 0.3071 -0.1372 0.000900
545.00 C 20271217 214.87 218.50 0 281 0.3036 0.8654 0.000900
545.00 P 20271217 18.94 22.03 0 1146 0.3028 -0.1420 0.000900
550.00 C 20271217 210.86 214.57 0 3210 0.3017 0.8608 0.000900
550.00 P 20271217 19.98 22.55 6 9197 0.3009 -0.1471 0.001000
555.00 C 20271217 206.92 210.61 0 497 0.2999 0.8559 0.000900
555.00 P 20271217 20.42 23.65 0 706 0.2989 -0.1523 0.001000
560.00 C 20271217 202.98 206.67 0 728 0.2979 0.8510 0.001000
560.00 P 20271217 21.19 24.96 0 1926 0.2981 -0.1577 0.001000
565.00 C 20271217 199.07 202.76 0 410 0.2961 0.8459 0.001000
565.00 P 20271217 21.99 25.80 0 688 0.2961 -0.1632 0.001100
570.00 C 20271217 195.18 198.87 0 747 0.2942 0.8407 0.001000
570.00 P 20271217 22.82 26.57 0 2426 0.2939 -0.1688 0.001100
575.00 C 20271217 191.32 195.01 0 701 0.2923 0.8353 0.001000
575.00 P 20271217 23.68 27.56 0 1242 0.2921 -0.1747 0.001100
580.00 C 20271217 187.48 191.17 0 438 0.2905 0.8298 0.001100
580.00 P 20271217 24.92 27.76 0 4088 0.2893 -0.1806 0.001200
585.00 C 20271217 183.67 187.36 2 305 0.2887 0.8242 0.001100
585.00 P 20271217 25.71 29.44 0 1469 0.2888 -0.1868 0.001200
590.00 C 20271217 179.89 183.58 5 353 0.2869 0.8184 0.001100
590.00 P 20271217 26.65 30.40 0 2048 0.2868 -0.1932 0.001200
595.00 C 20271217 176.14 180.00 0 228 0.2855 0.8125 0.001200
595.00 P 20271217 27.63 31.29 0 1454 0.2847 -0.1996 0.001200
600.00 C 20271217 172.41 176.12 3 5080 0.2834 0.8065 0.001200
600.00 P 20271217 29.15 31.66 14 11894 0.2824 -0.2062 0.001300
605.00 C 20271217 168.74 172.43 12 492 0.2817 0.8003 0.001200
605.00 P 20271217 29.71 33.52 1 253 0.2812 -0.2130 0.001300
610.00 C 20271217 165.08 168.78 5 623 0.2800 0.7939 0.001200
610.00 P 20271217 30.94 34.28 1 363 0.2790 -0.2200 0.001400
615.00 C 20271217 161.46 165.15 0 729 0.2784 0.7875 0.001300
615.00 P 20271217 32.00 35.86 2 715 0.2780 -0.2272 0.001400
620.00 C 20271217 157.87 161.56 3 824 0.2768 0.7808 0.001300
620.00 P 20271217 33.23 36.35 1 2720 0.2750 -0.2345 0.001400
625.00 C 20271217 154.31 158.17 0 1530 0.2754 0.7741 0.001300
625.00 P 20271217 35.26 37.63 2 3122 0.2750 -0.2420 0.001500
630.00 C 20271217 150.79 154.48 0 1150 0.2735 0.7672 0.001400
630.00 P 20271217 35.72 38.82 36 3055 0.2716 -0.2497 0.001500
635.00 C 20271217 147.30 151.15 1 503 0.2723 0.7602 0.001400
635.00 P 20271217 37.00 40.86 1 255 0.2714 -0.2576 0.001600
640.00 C 20271217 143.84 147.70 2 262 0.2707 0.7530 0.001400
640.00 P 20271217 38.35 41.96 4 2000 0.2693 -0.2657 0.001600
645.00 C 20271217 140.43 144.28 0 1365 0.2692 0.7457 0.001500
645.00 P 20271217 39.73 43.60 34 204 0.2682 -0.2739 0.001600
650.00 C 20271217 137.05 140.90 2 1299 0.2676 0.7382 0.001500
650.00 P 20271217 41.34 44.60 142 5666 0.2662 -0.2824 0.001700
655.00 C 20271217 133.71 137.56 0 213 0.2661 0.7306 0.001500
655.00 P 20271217 42.64 46.51 13 1186 0.2651 -0.2910 0.001700
660.00 C 20271217 130.40 134.26 0 980 0.2647 0.7229 0.001600
660.00 P 20271217 44.15 47.20 26 2038 0.2621 -0.2998 0.001700
665.00 C 20271217 127.14 131.00 0 142 0.2632 0.7151 0.001600
665.00 P 20271217 46.50 49.59 3 1984 0.2635 -0.3088 0.001800
670.00 C 20271217 124.19 127.63 37 617 0.2620 0.7071 0.001600
670.00 P 20271217 47.59 50.90 30 663 0.2605 -0.3180 0.001800
675.00 C 20271217 121.01 124.47 4 605 0.2606 0.6990 0.001600
675.00 P 20271217 49.25 52.02 48 2761 0.2582 -0.3273 0.001900
680.00 C 20271217 117.60 121.46 6 1130 0.2590 0.6907 0.001700
680.00 P 20271217 50.69 54.20 0 4606 0.2570 -0.3370 0.001900
685.00 C 20271217 114.51 118.37 0 271 0.2577 0.6823 0.001700
685.00 P 20271217 52.45 56.32 0 636 0.2563 -0.3466 0.001900
690.00 C 20271217 111.45 115.31 0 1006 0.2563 0.6738 0.001700
690.00 P 20271217 54.23 57.74 40 4297 0.2542 -0.3565 0.002000
695.00 C 20271217 108.43 112.29 1 703 0.2550 0.6652 0.001800
695.00 P 20271217 56.10 59.98 0 642 0.2535 -0.3667 0.002000
700.00 C 20271217 105.67 109.18 3 3476 0.2538 0.6565 0.001800
700.00 P 20271217 58.24 61.47 23 5848 0.2519 -0.3770 0.002000
705.00 C 20271217 102.53 106.39 0 234 0.2524 0.6476 0.001800
705.00 P 20271217 60.12 63.28 55 182 0.2502 -0.3874 0.002100
710.00 C 20271217 99.64 103.50 0 925 0.2511 0.6387 0.001800
710.00 P 20271217 61.97 65.40 0 2262 0.2488 -0.3980 0.002100
715.00 C 20271217 96.80 100.66 8 677 0.2498 0.6296 0.001900
715.00 P 20271217 64.02 67.89 0 941 0.2479 -0.4093 0.002200
720.00 C 20271217 94.01 97.87 2 1083 0.2486 0.6204 0.001900
720.00 P 20271217 66.14 69.59 249 1382 0.2461 -0.4200 0.002200
725.00 C 20271217 91.26 95.12 0 925 0.2474 0.6112 0.001900
725.00 P 20271217 68.30 72.17 0 1338 0.2455 -0.4311 0.002200
730.00 C 20271217 88.56 92.42 0 1725 0.2462 0.6018 0.001900
730.00 P 20271217 70.54 73.93 0 2901 0.2435 -0.4425 0.002300
735.00 C 20271217 85.91 89.78 0 934 0.2450 0.5924 0.002000
735.00 P 20271217 72.83 76.70 0 402 0.2430 -0.4541 0.002300
740.00 C 20271217 83.31 87.17 0 1414 0.2439 0.5829 0.002000
740.00 P 20271217 75.19 79.00 0 1136 0.2416 -0.4660 0.002400
745.00 C 20271217 80.76 84.63 0 828 0.2428 0.5733 0.002000
745.00 P 20271217 77.59 81.46 3 810 0.2406 -0.4777 0.002400
750.00 C 20271217 78.55 80.88 6 2510 0.2402 0.5637 0.002000
750.00 P 20271217 80.08 83.44 0 2743 0.2386 -0.4897 0.002400
755.00 C 20271217 75.81 79.67 0 1544 0.2406 0.5540 0.002000
755.00 P 20271217 82.61 86.47 0 350 0.2382 -0.5020 0.002500
760.00 C 20271217 73.41 77.27 1 805 0.2396 0.5442 0.002000
760.00 P 20271217 85.22 89.00 0 246 0.2370 -0.5144 0.002500
765.00 C 20271217 71.32 74.76 500 858 0.2387 0.5344 0.002000
765.00 P 20271217 87.88 91.50 500 544 0.2356 -0.5270 0.002600
770.00 C 20271217 68.94 72.44 1 2727 0.2376 0.5246 0.002100
770.00 P 20271217 90.61 94.44 0 44 0.2349 -0.5396 0.002600
775.00 C 20271217 66.72 70.19 0 2782 0.2366 0.5147 0.002100
775.00 P 20271217 93.38 97.25 0 524 0.2338 -0.5526 0.002600
780.00 C 20271217 64.27 68.10 0 1334 0.2355 0.5048 0.002100
780.00 P 20271217 96.24 100.00 1 36 0.2325 -0.5655 0.002600
785.00 C 20271217 62.11 65.98 1 538 0.2346 0.4950 0.002100
785.00 P 20271217 99.16 103.03 0 214 0.2316 -0.5786 0.002700
790.00 C 20271217 60.01 63.87 1 2231 0.2337 0.4851 0.002100
790.00 P 20271217 102.15 106.00 0 181 0.2305 -0.5919 0.002700
795.00 C 20271217 57.96 61.83 9 442 0.2328 0.4752 0.002100
795.00 P 20271217 105.22 109.09 0 110 0.2295 -0.6052 0.002800
800.00 C 20271217 56.50 59.50 25 10341 0.2323 0.4653 0.002100
800.00 P 20271217 108.36 112.22 0 2453 0.2286 -0.6186 0.002800
805.00 C 20271217 54.00 57.87 5 239 0.2311 0.4555 0.002100
805.00 P 20271217 111.56 115.43 0 13 0.2276 -0.6322 0.002800
810.00 C 20271217 52.11 55.92 4 706 0.2302 0.4456 0.002100
810.00 P 20271217 114.83 118.70 0 992 0.2267 -0.6458 0.002800
815.00 C 20271217 50.24 54.10 5 279 0.2294 0.4359 0.002100
815.00 P 20271217 117.77 122.00 0 39 0.2249 -0.6595 0.002900
820.00 C 20271217 48.44 51.87 6 2421 0.2280 0.4262 0.002100
820.00 P 20271217 120.50 125.50 0 43 0.2228 -0.6734 0.002900
825.00 C 20271217 46.67 50.50 8 745 0.2279 0.4165 0.002100
825.00 P 20271217 124.00 129.00 0 8 0.2219 -0.6873 0.002900
830.00 C 20271217 45.26 48.39 7 857 0.2270 0.4069 0.002100
830.00 P 20271217 127.50 132.50 1 2 0.2207 -0.7010 0.002900
835.00 C 20271217 43.36 47.00 8 130 0.2263 0.3974 0.002100
835.00 P 20271217 131.50 136.00 0 3 0.2203 -0.7147 0.003000
840.00 C 20271217 41.82 45.50 6 1157 0.2259 0.3880 0.002100
840.00 P 20271217 135.00 140.00 0 15 0.2196 -0.7286 0.003000
845.00 C 20271217 40.38 43.83 8 159 0.2253 0.3786 0.002100
845.00 P 20271217 139.00 143.50 0 1 0.2187 -0.7427 0.003000
850.00 C 20271217 38.61 42.00 5 1452 0.2237 0.3694 0.002100
850.00 P 20271217 142.54 147.50 0 37 0.2173 -0.7568 0.003000
855.00 C 20271217 37.14 41.00 6 200 0.2239 0.3603 0.002000
855.00 P 20271217 146.55 151.50 0 0 0.2168 -0.7706 0.003000
860.00 C 20271217 35.92 39.43 5 258 0.2234 0.3512 0.002000
860.00 P 20271217 150.76 155.50 0 4 0.2165 -0.7842 0.003000
865.00 C 20271217 34.34 38.21 5 899 0.2228 0.3424 0.002000
865.00 P 20271217 154.92 159.50 0 7 0.2158 -0.7978 0.003000
870.00 C 20271217 33.46 36.45 8 255 0.2223 0.3336 0.002000
870.00 P 20271217 159.14 163.50 0 16 0.2147 -0.8114 0.003100
875.00 C 20271217 32.86 35.44 8 108 0.2235 0.3250 0.002000
875.00 P 20271217 163.41 167.50 0 0 0.2134 -0.8260 0.003100
880.00 C 20271217 30.48 33.93 4 1972 0.2206 0.3165 0.002000
880.00 P 20271217 167.79 172.00 0 1 0.2135 -0.8405 0.003200
885.00 C 20271217 29.28 33.00 4 1230 0.2206 0.3082 0.002000
885.00 P 20271217 172.26 176.50 0 9 0.2136 -0.8543 0.003200
890.00 C 20271217 28.50 31.85 4 1724 0.2209 0.3000 0.001900
890.00 P 20271217 176.77 181.00 0 2 0.2135 -0.8672 0.003200
895.00 C 20271217 27.01 30.86 3 1888 0.2201 0.2920 0.001900
895.00 P 20271217 181.35 185.50 0 0 0.2132 -0.8795 0.003100
900.00 C 20271217 26.16 29.50 0 8129 0.2196 0.2841 0.001900
900.00 P 20271217 186.00 190.00 0 0 0.2127 -0.8929 0.003100
905.00 C 20271217 24.90 28.77 0 1636 0.2194 0.2764 0.001900
905.00 P 20271217 190.69 194.50 0 0 0.2104 -0.9062 0.003200
910.00 C 20271217 23.90 27.76 0 1799 0.2191 0.2689 0.001800
910.00 P 20271217 195.44 199.50 0 0 0.2118 -0.9185 0.003100
915.00 C 20271217 22.94 26.82 2 533 0.2189 0.2615 0.001800
915.00 P 20271217 199.50 204.50 0 0 0.2066 -0.9296 0.002800
920.00 C 20271217 22.02 25.90 0 2672 0.2187 0.2543 0.001800
920.00 P 20271217 204.50 209.50 0 0 0.2098 -0.9402 0.002600
925.00 C 20271217 21.14 25.00 0 803 0.2184 0.2473 0.001800
925.00 P 20271217 209.50 214.50 0 0 0.2130 -0.9495 0.002400
930.00 C 20271217 20.28 24.00 47 1826 0.2180 0.2405 0.001700
930.00 P 20271217 214.50 219.50 0 0 0.2162 -0.9580 0.002300
935.00 C 20271217 19.46 23.34 0 1495 0.2181 0.2338 0.001700
935.00 P 20271217 219.50 224.50 0 0 0.2193 -0.9658 0.002100
940.00 C 20271217 18.68 22.42 18 2700 0.2177 0.2272 0.001700
940.00 P 20271217 224.50 229.50 0 0 0.2224 -0.9728 0.001700
945.00 C 20271217 18.30 21.41 0 3112 0.2179 0.2208 0.001700
945.00 P 20271217 229.50 234.50 0 0 0.2255 -0.9790 0.001300
950.00 C 20271217 17.88 20.64 238 7131 0.2183 0.2146 0.001600
950.00 P 20271217 234.50 239.50 0 0 0.2286 -0.9837 0.001000
955.00 C 20271217 16.94 20.00 228 667 0.2179 0.2086 0.001600
955.00 P 20271217 239.50 244.50 0 0 0.2316 -0.9873 0.000800
960.00 C 20271217 15.99 19.57 4 2067 0.2178 0.2027 0.001600
960.00 P 20271217 244.50 249.50 0 0 0.2347 -0.9907 0.000600
965.00 C 20271217 15.18 19.03 0 769 0.2176 0.1970 0.001600
965.00 P 20271217 249.50 254.50 0 0 0.2376 -0.9937 0.000400
970.00 C 20271217 14.61 18.41 0 1458 0.2177 0.1914 0.001500
970.00 P 20271217 254.50 259.50 0 0 0.2406 -0.9963 0.000200
975.00 C 20271217 14.54 17.29 115 182 0.2177 0.1860 0.001500
975.00 P 20271217 259.50 264.50 0 0 0.2436 -0.9988 0.000100
980.00 C 20271217 13.77 17.13 107 904 0.2183 0.1808 0.001500
980.00 P 20271217 264.50 269.50 0 0 0.2465 -1.0000 0.000000
985.00 C 20271217 13.74 15.38 98 381 0.2167 0.1757 0.001400
985.00 P 20271217 269.50 274.50 0 0 0.2494 -1.0000 0.000000
990.00 C 20271217 12.73 15.93 0 2148 0.2182 0.1707 0.001400
990.00 P 20271217 274.50 279.50 0 0 0.2523 -1.0000 0.000000
995.00 C 20271217 12.82 15.47 26 346 0.2199 0.1659 0.001400
995.00 P 20271217 279.50 284.50 0 0 0.2552 -1.0000 0.000000
1000.00 C 20271217 11.81 13.70 42 1283 0.2154 0.1612 0.001400
1000.00 P 20271217 284.50 289.50 0 0 0.2580 -1.0000 0.000000
1005.00 C 20271217 11.38 14.68 0 164 0.2193 0.1567 0.001300
1005.00 P 20271217 289.50 294.50 0 0 0.2609 -1.0000 0.000000
1010.00 C 20271217 10.82 14.04 2 380 0.2187 0.1522 0.001300
1010.00 P 20271217 294.50 299.50 0 0 0.2637 -1.0000 0.000000
1015.00 C 20271217 11.07 13.50 254 1186 0.2203 0.1480 0.001300
1015.00 P 20271217 299.50 304.50 0 0 0.2664 -1.0000 0.000000
1020.00 C 20271217 10.19 13.36 0 1050 0.2200 0.1438 0.001300
1020.00 P 20271217 304.50 309.50 0 0 0.2692 -1.0000 0.000000
1025.00 C 20271217 10.31 12.69 79 252 0.2209 0.1398 0.001200
1025.00 P 20271217 309.50 314.50 0 0 0.2720 -1.0000 0.000000
1030.00 C 20271217 9.95 12.29 84 562 0.2211 0.1358 0.001200
1030.00 P 20271217 314.50 319.50 0 0 0.2747 -1.0000 0.000000
1035.00 C 20271217 9.01 12.20 0 24 0.2205 0.1320 0.001200
1035.00 P 20271217 319.50 324.50 0 0 0.2774 -1.0000 0.000000
1040.00 C 20271217 9.27 10.86 124 245 0.2196 0.1284 0.001200
1040.00 P 20271217 324.50 329.50 0 0 0.2801 -1.0000 0.000000
1045.00 C 20271217 8.99 11.17 89 574 0.2220 0.1248 0.001100
1045.00 P 20271217 329.50 334.50 0 0 0.2828 -1.0000 0.000000
1050.00 C 20271217 8.09 11.10 0 144 0.2212 0.1213 0.001100
1050.00 P 20271217 334.50 339.50 0 0 0.2855 -1.0000 0.000000
1055.00 C 20271217 8.30 10.49 241 773 0.2222 0.1179 0.001100
1055.00 P 20271217 339.50 344.50 0 0 0.2881 -1.0000 0.000000
1060.00 C 20271217 7.96 10.17 116 842 0.2223 0.1146 0.001100
1060.00 P 20271217 344.50 349.50 0 0 0.2908 -1.0000 0.000000
1065.00 C 20271217 7.28 10.08 2 376 0.2220 0.1115 0.001000
1065.00 P 20271217 349.50 354.50 0 0 0.2934 -1.0000 0.000000
1070.00 C 20271217 7.03 9.82 20 751 0.2224 0.1084 0.001000
1070.00 P 20271217 354.50 359.50 0 0 0.2960 -1.0000 0.000000
1075.00 C 20271217 6.79 9.53 0 158 0.2227 0.1054 0.001000
1075.00 P 20271217 359.50 364.50 0 0 0.2986 -1.0000 0.000000
1080.00 C 20271217 6.56 9.20 0 814 0.2229 0.1025 0.001000
1080.00 P 20271217 364.50 369.50 0 0 0.3011 -1.0000 0.000000
1085.00 C 20271217 6.33 8.97 0 207 0.2233 0.0996 0.001000
1085.00 P 20271217 369.50 374.50 0 0 0.3037 -1.0000 0.000000
1090.00 C 20271217 6.12 8.22 0 518 0.2219 0.0969 0.000900
1090.00 P 20271217 374.50 379.50 0 0 0.3062 -1.0000 0.000000
1095.00 C 20271217 5.92 8.15 0 922 0.2229 0.0942 0.000900
1095.00 P 20271217 379.50 384.50 0 0 0.3087 -1.0000 0.000000
1100.00 C 20271217 6.52 7.38 78 1243 0.2242 0.0916 0.000900
1100.00 P 20271217 384.50 389.50 0 0 0.3113 -1.0000 0.000000
1105.00 C 20271217 5.87 7.50 2 791 0.2242 0.0891 0.000900
1105.00 P 20271217 389.50 394.50 0 0 0.3137 -1.0000 0.000000
1110.00 C 20271217 5.34 7.09 0 954 0.2224 0.0867 0.000900
1110.00 P 20271217 394.50 399.50 0 0 0.3162 -1.0000 0.000000
1115.00 C 20271217 5.17 7.23 0 2436 0.2242 0.0843 0.000800
1115.00 P 20271217 399.50 404.50 0 0 0.3187 -1.0000 0.000000
285.00 C 20280121 441.50 446.50 0 3 0.4152 0.9832 0.000100
285.00 P 20280121 2.45 3.35 0 398 0.4450 -0.0180 0.000100
290.00 C 20280121 437.00 442.00 0 16 0.4147 0.9824 0.000100
290.00 P 20280121 2.50 3.48 0 255 0.4401 -0.0189 0.000100
295.00 C 20280121 432.50 437.50 0 5 0.4138 0.9815 0.000100
295.00 P 20280121 0.50 3.70 0 287 0.4394 -0.0198 0.000100
300.00 C 20280121 428.00 433.00 1 164 0.4126 0.9806 0.000100
300.00 P 20280121 3.15 4.09 0 1417 0.4409 -0.0207 0.000100
305.00 C 20280121 423.50 428.50 0 8 0.4111 0.9796 0.000100
305.00 P 20280121 2.49 4.24 0 42 0.4099 -0.0217 0.000100
310.00 C 20280121 419.00 424.00 0 1 0.4094 0.9786 0.000100
310.00 P 20280121 3.00 4.39 1 386 0.4282 -0.0227 0.000100
315.00 C 20280121 414.50 419.50 0 11 0.4074 0.9776 0.000100
315.00 P 20280121 1.91 6.00 0 111 0.4268 -0.0238 0.000200
320.00 C 20280121 410.00 415.00 0 2 0.4052 0.9766 0.000200
320.00 P 20280121 3.05 6.50 0 59 0.4357 -0.0248 0.000200
325.00 C 20280121 405.50 410.50 0 75 0.4028 0.9754 0.000200
325.00 P 20280121 2.22 6.50 1 312 0.4209 -0.0260 0.000200
330.00 C 20280121 401.00 406.00 0 15 0.4003 0.9743 0.000200
330.00 P 20280121 2.57 6.50 0 221 0.4173 -0.0271 0.000200
335.00 C 20280121 396.50 401.50 0 2 0.3977 0.9731 0.000200
335.00 P 20280121 2.74 7.00 0 190 0.4165 -0.0283 0.000200
340.00 C 20280121 392.00 397.00 0 5 0.3950 0.9719 0.000200
340.00 P 20280121 2.71 7.00 0 993 0.4095 -0.0296 0.000200
345.00 C 20280121 387.50 392.50 0 0 0.3921 0.9707 0.000200
345.00 P 20280121 3.79 5.61 1 478 0.4002 -0.0309 0.000200
350.00 C 20280121 383.00 388.00 0 22 0.3892 0.9694 0.000200
350.00 P 20280121 4.50 7.35 5 30931 0.4132 -0.0322 0.000200
355.00 C 20280121 378.50 383.50 0 5 0.3861 0.9680 0.000200
355.00 P 20280121 3.25 7.50 0 295 0.3981 -0.0336 0.000200
360.00 C 20280121 374.00 379.00 0 76 0.3830 0.9666 0.000200
360.00 P 20280121 3.44 7.80 4 1129 0.3954 -0.0351 0.000200
365.00 C 20280121 369.50 374.50 0 11 0.3799 0.9652 0.000200
365.00 P 20280121 3.63 6.47 5 216 0.3802 -0.0366 0.000200
370.00 C 20280121 365.00 370.00 0 57 0.3766 0.9636 0.000200
370.00 P 20280121 3.84 8.50 0 3711 0.3904 -0.0381 0.000300
375.00 C 20280121 360.50 365.50 0 6 0.3733 0.9621 0.000300
375.00 P 20280121 5.01 6.77 0 1530 0.3801 -0.0398 0.000300
380.00 C 20280121 356.00 361.00 0 28 0.3700 0.9605 0.000300
380.00 P 20280121 4.27 9.00 0 414 0.3839 -0.0414 0.000300
385.00 C 20280121 351.50 356.50 0 25 0.3666 0.9588 0.000300
385.00 P 20280121 4.49 9.00 0 2504 0.3790 -0.0432 0.000300
390.00 C 20280121 347.00 352.00 0 14 0.3632 0.9571 0.000300
390.00 P 20280121 4.72 8.08 0 219 0.3773 -0.0449 0.000300
395.00 C 20280121 342.50 347.50 0 35 0.3597 0.9553 0.000300
395.00 P 20280121 4.96 9.50 0 151 0.3726 -0.0468 0.000300
400.00 C 20280121 338.50 343.00 0 206 0.3594 0.9534 0.000300
400.00 P 20280121 7.00 7.50 0 34003 0.3666 -0.0487 0.000300
405.00 C 20280121 334.00 338.50 0 9 0.3558 0.9515 0.000300
405.00 P 20280121 5.47 10.00 0 403 0.3661 -0.0507 0.000300
410.00 C 20280121 329.50 334.50 0 23 0.3551 0.9496 0.000300
410.00 P 20280121 5.50 9.30 0 133 0.3629 -0.0528 0.000400
415.00 C 20280121 325.00 330.00 0 41 0.3514 0.9475 0.000400
415.00 P 20280121 6.00 9.63 0 58 0.3548 -0.0549 0.000400
420.00 C 20280121 320.50 325.50 0 176 0.3476 0.9454 0.000400
420.00 P 20280121 6.28 11.00 0 1672 0.3576 -0.0571 0.000400
425.00 C 20280121 316.50 321.00 0 31 0.3465 0.9432 0.000400
425.00 P 20280121 6.58 10.34 0 200 0.3497 -0.0594 0.000400
430.00 C 20280121 312.00 316.50 1 9 0.3427 0.9409 0.000400
430.00 P 20280121 6.99 10.63 0 277 0.3473 -0.0618 0.000400
435.00 C 20280121 307.50 312.50 0 5 0.3414 0.9386 0.000400
435.00 P 20280121 7.55 10.65 0 247 0.3442 -0.0642 0.000400
440.00 C 20280121 303.00 308.00 0 20 0.3374 0.9362 0.000400
440.00 P 20280121 7.64 11.04 0 6943 0.3406 -0.0667 0.000400
445.00 C 20280121 299.00 303.50 0 9 0.3359 0.9337 0.000400
445.00 P 20280121 7.98 11.83 0 256 0.3399 -0.0694 0.000500
450.00 C 20280121 294.50 299.50 0 95 0.3342 0.9311 0.000500
450.00 P 20280121 10.00 12.25 30 2038 0.3447 -0.0721 0.000500
455.00 C 20280121 290.50 295.00 0 12 0.3324 0.9284 0.000500
455.00 P 20280121 9.65 12.30 0 381 0.3375 -0.0749 0.000500
460.00 C 20280121 286.00 290.50 0 24 0.3283 0.9257 0.000500
460.00 P 20280121 9.07 12.75 0 246 0.3311 -0.0778 0.000500
465.00 C 20280121 281.50 286.50 0 16 0.3263 0.9228 0.000500
465.00 P 20280121 9.50 13.21 0 1111 0.3289 -0.0808 0.000500
470.00 C 20280121 277.50 282.00 2 56 0.3242 0.9199 0.000500
470.00 P 20280121 9.50 13.70 1 1347 0.3250 -0.0839 0.000600
475.00 C 20280121 273.50 278.00 0 19 0.3240 0.9169 0.000600
475.00 P 20280121 10.29 14.20 0 401 0.3243 -0.0870 0.000600
480.00 C 20280121 269.00 273.50 0 58 0.3197 0.9137 0.000600
480.00 P 20280121 10.72 14.72 0 954 0.3220 -0.0904 0.000600
485.00 C 20280121 265.00 269.50 0 19 0.3192 0.9105 0.000600
485.00 P 20280121 11.17 15.25 0 135 0.3198 -0.0938 0.000600
490.00 C 20280121 260.50 265.50 0 17 0.3167 0.9072 0.000600
490.00 P 20280121 11.50 15.81 0 2143 0.3172 -0.0973 0.000600
495.00 C 20280121 256.50 261.00 0 81 0.3142 0.9038 0.000600
495.00 P 20280121 12.68 16.38 0 612 0.3174 -0.1009 0.000700
500.00 C 20280121 252.50 257.00 5 785 0.3132 0.9002 0.000600
500.00 P 20280121 14.00 16.98 1 8179 0.3180 -0.1047 0.000700
505.00 C 20280121 248.50 253.00 0 37 0.3122 0.8966 0.000700
505.00 P 20280121 13.73 17.60 5 125 0.3133 -0.1085 0.000700
510.00 C 20280121 244.00 249.00 0 74 0.3093 0.8928 0.000700
510.00 P 20280121 15.15 18.23 33 3074 0.3139 -0.1125 0.000700
515.00 C 20280121 240.00 245.00 0 92 0.3080 0.8890 0.000700
515.00 P 20280121 14.50 18.89 40 194 0.3081 -0.1166 0.000800
520.00 C 20280121 236.00 240.50 0 100 0.3050 0.8850 0.000700
520.00 P 20280121 15.50 19.57 18 1553 0.3073 -0.1209 0.000800
525.00 C 20280121 232.00 236.50 0 30 0.3034 0.8809 0.000800
525.00 P 20280121 16.00 20.27 6 372 0.3050 -0.1252 0.000800
530.00 C 20280121 228.00 232.50 0 408 0.3018 0.8768 0.000800
530.00 P 20280121 17.00 21.00 6 1085 0.3041 -0.1297 0.000800
535.00 C 20280121 224.00 228.50 0 69 0.3000 0.8724 0.000800
535.00 P 20280121 17.50 21.75 4 167 0.3017 -0.1344 0.000900
540.00 C 20280121 220.00 225.00 0 187 0.2995 0.8680 0.000800
540.00 P 20280121 18.01 22.53 0 6142 0.2994 -0.1391 0.000900
545.00 C 20280121 216.00 221.00 0 23 0.2975 0.8635 0.000900
545.00 P 20280121 19.00 23.33 0 1170 0.2982 -0.1440 0.000900
550.00 C 20280121 212.00 217.00 0 629 0.2954 0.8588 0.000900
550.00 P 20280121 21.60 23.44 0 6608 0.2993 -0.1491 0.001000
555.00 C 20280121 208.50 213.00 0 185 0.2945 0.8540 0.000900
555.00 P 20280121 20.50 25.02 0 472 0.2946 -0.1543 0.001000
560.00 C 20280121 204.50 209.00 0 260 0.2922 0.8491 0.000900
560.00 P 20280121 21.50 25.90 198 1310 0.2984 -0.1596 0.001000
565.00 C 20280121 200.50 205.50 0 302 0.2911 0.8440 0.001000
565.00 P 20280121 22.50 26.81 2 1214 0.2965 -0.1651 0.001000
570.00 C 20280121 196.50 201.50 0 491 0.2886 0.8389 0.001000
570.00 P 20280121 23.00 27.75 8 733 0.2947 -0.1707 0.001100
575.00 C 20280121 193.00 198.00 0 571 0.2884 0.8336 0.001000
575.00 P 20280121 24.00 28.72 0 579 0.2930 -0.1765 0.001100
580.00 C 20280121 189.00 194.00 0 433 0.2857 0.8281 0.001000
580.00 P 20280121 25.00 29.72 60 1134 0.2911 -0.1824 0.001100
585.00 C 20280121 185.50 190.50 0 299 0.2853 0.8226 0.001100
585.00 P 20280121 26.00 30.75 0 139 0.2892 -0.1885 0.001200
590.00 C 20280121 181.50 186.50 0 414 0.2824 0.8169 0.001100
590.00 P 20280121 27.00 31.81 1 402 0.2875 -0.1948 0.001200
595.00 C 20280121 178.00 183.00 0 695 0.2817 0.8111 0.001100
595.00 P 20280121 28.50 32.91 0 469 0.2858 -0.2012 0.001200
600.00 C 20280121 175.50 179.00 7 2448 0.2819 0.8052 0.001200
600.00 P 20280121 29.50 32.12 2 5588 0.2802 -0.2077 0.001300
605.00 C 20280121 171.00 175.50 0 608 0.2788 0.7991 0.001200
605.00 P 20280121 30.50 35.19 22 220 0.2824 -0.2144 0.001300
610.00 C 20280121 167.00 172.00 0 451 0.2766 0.7929 0.001200
610.00 P 20280121 31.50 36.39 0 1168 0.2807 -0.2213 0.001300
615.00 C 20280121 163.50 168.50 0 808 0.2754 0.7865 0.001200
615.00 P 20280121 33.00 37.50 17 408 0.2789 -0.2284 0.001400
620.00 C 20280121 160.00 165.00 0 749 0.2741 0.7800 0.001300
620.00 P 20280121 34.00 38.90 1 422 0.2776 -0.2356 0.001400
625.00 C 20280121 156.50 161.50 0 433 0.2726 0.7734 0.001300
625.00 P 20280121 35.50 40.00 0 318 0.2756 -0.2430 0.001400
630.00 C 20280121 153.00 158.00 0 367 0.2711 0.7667 0.001300
630.00 P 20280121 36.50 41.50 0 263 0.2742 -0.2506 0.001500
635.00 C 20280121 149.50 154.50 0 347 0.2694 0.7598 0.001400
635.00 P 20280121 38.00 42.92 0 145 0.2728 -0.2583 0.001500
640.00 C 20280121 146.50 151.00 0 329 0.2685 0.7529 0.001400
640.00 P 20280121 40.70 44.00 1 254 0.2708 -0.2662 0.001600
645.00 C 20280121 143.00 148.00 0 166 0.2676 0.7457 0.001400
645.00 P 20280121 41.00 45.28 0 184 0.2688 -0.2743 0.001600
650.00 C 20280121 139.50 144.50 6 3396 0.2656 0.7385 0.001400
650.00 P 20280121 43.50 46.95 604 5884 0.2678 -0.2826 0.001600
655.00 C 20280121 136.50 141.00 0 224 0.2643 0.7311 0.001500
655.00 P 20280121 43.50 48.50 0 121 0.2637 -0.2910 0.001700
660.00 C 20280121 133.00 138.00 0 283 0.2630 0.7236 0.001500
660.00 P 20280121 45.50 50.00 17 456 0.2630 -0.2996 0.001700
665.00 C 20280121 130.19 134.50 0 185 0.2619 0.7160 0.001500
665.00 P 20280121 47.00 51.50 16 206 0.2613 -0.3084 0.001700
670.00 C 20280121 126.50 131.50 4 930 0.2600 0.7082 0.001600
670.00 P 20280121 48.50 53.19 30 161 0.2598 -0.3174 0.001800
675.00 C 20280121 123.50 128.50 0 255 0.2592 0.7003 0.001600
675.00 P 20280121 50.00 55.00 32 101 0.2584 -0.3265 0.001800
680.00 C 20280121 120.50 125.00 20 2929 0.2574 0.6923 0.001600
680.00 P 20280121 52.00 56.50 0 776 0.2571 -0.3358 0.001800
685.00 C 20280121 117.50 122.00 0 148 0.2564 0.6842 0.001600
685.00 P 20280121 53.50 58.50 0 193 0.2557 -0.3453 0.001900
690.00 C 20280121 114.50 119.00 0 348 0.2552 0.6760 0.001700
690.00 P 20280121 55.50 60.00 1 108 0.2542 -0.3550 0.001900
695.00 C 20280121 111.50 116.00 44 92 0.2539 0.6677 0.001700
695.00 P 20280121 57.50 62.00 0 36 0.2533 -0.3649 0.002000
700.00 C 20280121 108.51 113.00 8 4283 0.2525 0.6592 0.001700
700.00 P 20280121 59.00 64.00 1 3015 0.2515 -0.3749 0.002000
705.00 C 20280121 105.50 110.00 0 99 0.2510 0.6507 0.001800
705.00 P 20280121 61.00 66.00 1 640 0.2503 -0.3851 0.002000
710.00 C 20280121 102.50 107.50 4 237 0.2501 0.6420 0.001800
710.00 P 20280121 63.00 68.00 8 403 0.2490 -0.3955 0.002100
715.00 C 20280121 99.50 104.50 30 179 0.2484 0.6333 0.001800
715.00 P 20280121 65.00 70.00 7 819 0.2475 -0.4061 0.002100
720.00 C 20280121 97.00 101.50 32 421 0.2473 0.6244 0.001800
720.00 P 20280121 67.50 72.00 2 6769 0.2467 -0.4168 0.002200
725.00 C 20280121 94.00 99.00 0 208 0.2460 0.6155 0.001800
725.00 P 20280121 69.50 74.45 1 1301 0.2457 -0.4277 0.002200
730.00 C 20280121 93.75 96.50 36 8192 0.2490 0.6065 0.001900
730.00 P 20280121 71.50 76.50 0 1215 0.2438 -0.4389 0.002200
735.00 C 20280121 89.00 93.50 0 147 0.2440 0.5974 0.001900
735.00 P 20280121 74.00 78.96 0 426 0.2432 -0.4502 0.002300
740.00 C 20280121 86.00 91.00 0 180 0.2425 0.5882 0.001900
740.00 P 20280121 76.50 81.00 0 1594 0.2418 -0.4616 0.002300
745.00 C 20280121 83.65 88.50 5 184 0.2418 0.5790 0.001900
745.00 P 20280121 78.50 83.50 0 102 0.2402 -0.4732 0.002400
750.00 C 20280121 82.00 86.00 16 1906 0.2420 0.5697 0.001900
750.00 P 20280121 81.00 86.00 1 490 0.2391 -0.4850 0.002400
755.00 C 20280121 78.50 83.50 3 230 0.2393 0.5603 0.002000
755.00 P 20280121 83.50 88.50 0 82 0.2379 -0.4969 0.002400
760.00 C 20280121 76.19 81.00 1 858 0.2383 0.5509 0.002000
760.00 P 20280121 86.00 91.00 0 176 0.2366 -0.5090 0.002500
765.00 C 20280121 74.00 78.50 2 278 0.2374 0.5414 0.002000
765.00 P 20280121 89.00 93.50 0 343 0.2358 -0.5214 0.002500
770.00 C 20280121 71.50 76.50 0 2879 0.2366 0.5319 0.002000
770.00 P 20280121 91.50 95.92 0 120 0.2340 -0.5338 0.002500
775.00 C 20280121 69.00 74.00 0 461 0.2350 0.5224 0.002000
775.00 P 20280121 94.00 99.00 0 19 0.2330 -0.5464 0.002600
780.00 C 20280121 67.00 71.50 1 516 0.2339 0.5128 0.002000
780.00 P 20280121 97.00 101.64 0 155 0.2319 -0.5590 0.002600
785.00 C 20280121 65.00 69.50 0 319 0.2335 0.5032 0.002000
785.00 P 20280121 100.00 104.50 0 694 0.2310 -0.5720 0.002600
790.00 C 20280121 62.50 67.00 29 1180 0.2315 0.4937 0.002000
790.00 P 20280121 103.00 107.50 0 99 0.2300 -0.5850 0.002700
795.00 C 20280121 60.50 65.50 15 435 0.2316 0.4841 0.002000
795.00 P 20280121 106.00 110.50 0 1431 0.2289 -0.5980 0.002700
800.00 C 20280121 60.00 63.00 26 5539 0.2323 0.4745 0.002000
800.00 P 20280121 109.00 113.50 0 1803 0.2276 -0.6114 0.002700
805.00 C 20280121 56.50 61.00 12 278 0.2292 0.4649 0.002000
805.00 P 20280121 112.00 117.00 0 228 0.2269 -0.6249 0.002800
810.00 C 20280121 54.50 59.00 24 824 0.2281 0.4554 0.002000
810.00 P 20280121 115.50 120.00 0 494 0.2260 -0.6383 0.002800
815.00 C 20280121 52.50 55.52 13 147 0.2248 0.4458 0.002000
815.00 P 20280121 118.50 123.50 0 684 0.2249 -0.6516 0.002800
820.00 C 20280121 51.00 55.50 11 404 0.2272 0.4364 0.002000
820.00 P 20280121 122.00 126.50 0 5 0.2235 -0.6653 0.002800
825.00 C 20280121 49.00 53.50 18 279 0.2258 0.4269 0.002000
825.00 P 20280121 125.50 130.00 0 9 0.2228 -0.6792 0.002900
830.00 C 20280121 47.50 51.50 11 1027 0.2251 0.4176 0.002000
830.00 P 20280121 129.00 133.50 2 41 0.2218 -0.6929 0.002900
835.00 C 20280121 45.50 50.00 13 2047 0.2242 0.4082 0.002000
835.00 P 20280121 132.50 137.00 0 1 0.2206 -0.7068 0.002900
840.00 C 20280121 44.00 48.00 8 389 0.2232 0.3990 0.002000
840.00 P 20280121 136.00 141.00 0 51 0.2201 -0.7208 0.002900
845.00 C 20280121 42.50 47.00 4 925 0.2236 0.3898 0.002000
845.00 P 20280121 140.00 144.50 0 3 0.2194 -0.7346 0.003000
850.00 C 20280121 41.00 45.16 4 1718 0.2226 0.3807 0.002000
850.00 P 20280121 143.50 148.50 0 65 0.2183 -0.7482 0.003000
855.00 C 20280121 39.00 44.00 0 353 0.2218 0.3717 0.002000
855.00 P 20280121 147.50 152.00 2 22 0.2169 -0.7621 0.003000
860.00 C 20280121 38.00 42.00 10 798 0.2211 0.3628 0.002000
860.00 P 20280121 151.50 156.00 0 2 0.2163 -0.7765 0.003000
865.00 C 20280121 36.57 41.00 4 600 0.2212 0.3541 0.002000
865.00 P 20280121 155.50 160.00 0 0 0.2153 -0.7906 0.003100
870.00 C 20280121 35.00 39.24 3 1139 0.2197 0.3454 0.002000
870.00 P 20280121 159.50 164.00 0 4 0.2139 -0.8044 0.003100
875.00 C 20280121 33.50 38.00 3 445 0.2190 0.3369 0.002000
875.00 P 20280121 163.50 168.50 0 0 0.2136 -0.8187 0.003100
880.00 C 20280121 32.50 36.60 0 846 0.2188 0.3284 0.002000
880.00 P 20280121 168.00 172.50 0 4 0.2130 -0.8334 0.003200
885.00 C 20280121 31.00 35.50 1 140 0.2182 0.3202 0.001900
885.00 P 20280121 172.00 177.00 0 0 0.2117 -0.8474 0.003200
890.00 C 20280121 30.05 34.06 1 770 0.2178 0.3120 0.001900
890.00 P 20280121 176.68 181.42 0 3 0.2118 -0.8607 0.003200
895.00 C 20280121 29.00 33.50 2 468 0.2186 0.3040 0.001900
895.00 P 20280121 181.00 185.85 0 0 0.2103 -0.8738 0.003200
900.00 C 20280121 28.00 31.71 0 1567 0.2172 0.2961 0.001900
900.00 P 20280121 185.50 190.33 0 6 0.2084 -0.8872 0.003100
905.00 C 20280121 26.50 31.00 0 987 0.2168 0.2884 0.001800
905.00 P 20280121 190.00 195.00 0 0 0.2062 -0.9008 0.003200
910.00 C 20280121 25.50 30.00 0 1650 0.2166 0.2808 0.001800
910.00 P 20280121 195.00 199.50 0 1 0.2057 -0.9132 0.003100
915.00 C 20280121 24.50 29.00 4 691 0.2164 0.2734 0.001800
915.00 P 20280121 199.50 204.23 0 0 -1.0000 -0.9250 0.002900
920.00 C 20280121 23.50 28.00 2 657 0.2159 0.2662 0.001800
920.00 P 20280121 204.50 209.50 0 0 0.2072 -0.9361 0.002700
925.00 C 20280121 22.50 27.00 0 792 0.2154 0.2591 0.001800
925.00 P 20280121 209.50 214.50 0 0 0.2103 -0.9464 0.002500
930.00 C 20280121 22.09 26.00 5 1460 0.2159 0.2521 0.001700
930.00 P 20280121 214.50 219.50 0 0 0.2134 -0.9555 0.002300
935.00 C 20280121 21.00 25.38 0 1256 0.2158 0.2453 0.001700
935.00 P 20280121 219.50 224.50 0 0 0.2165 -0.9630 0.002100
940.00 C 20280121 20.00 24.50 0 1512 0.2152 0.2387 0.001700
940.00 P 20280121 224.50 229.50 0 0 0.2196 -0.9702 0.001800
945.00 C 20280121 19.50 24.00 2 696 0.2162 0.2322 0.001700
945.00 P 20280121 229.50 234.50 0 0 0.2226 -0.9766 0.001400
950.00 C 20280121 18.50 23.00 0 4854 0.2152 0.2259 0.001600
950.00 P 20280121 234.50 239.50 0 0 0.2256 -0.9819 0.001100
955.00 C 20280121 18.00 22.50 0 856 0.2160 0.2198 0.001600
955.00 P 20280121 239.50 244.50 0 0 0.2286 -0.9859 0.000800
960.00 C 20280121 17.25 21.50 0 614 0.2153 0.2138 0.001600
960.00 P 20280121 244.50 249.50 0 0 0.2315 -0.9896 0.000600
965.00 C 20280121 16.72 21.00 0 494 0.2159 0.2080 0.001600
965.00 P 20280121 249.50 254.50 0 0 0.2344 -0.9930 0.000400
970.00 C 20280121 16.00 20.25 0 926 0.2156 0.2023 0.001500
970.00 P 20280121 254.50 259.50 0 0 0.2373 -0.9959 0.000200
975.00 C 20280121 15.00 19.23 0 782 0.2139 0.1968 0.001500
975.00 P 20280121 259.50 264.50 0 0 0.2402 -0.9982 0.000100
980.00 C 20280121 14.50 18.99 0 938 0.2150 0.1914 0.001500
980.00 P 20280121 264.50 269.50 0 0 0.2431 -1.0000 0.000000
985.00 C 20280121 14.00 18.36 0 139 0.2151 0.1862 0.001500
985.00 P 20280121 269.50 274.50 0 0 0.2459 -1.0000 0.000000
990.00 C 20280121 13.50 17.75 0 1131 0.2151 0.1811 0.001400
990.00 P 20280121 274.50 279.50 0 0 0.2488 -1.0000 0.000000
995.00 C 20280121 13.05 17.16 0 387 0.2153 0.1761 0.001400
995.00 P 20280121 279.50 284.50 0 0 0.2516 -1.0000 0.000000
1000.00 C 20280121 13.30 15.75 2 6280 0.2151 0.1712 0.001400
1000.00 P 20280121 284.50 289.50 0 0 0.2544 -1.0000 0.000000
1005.00 C 20280121 12.15 15.86 0 535 0.2150 0.1666 0.001400
1005.00 P 20280121 289.50 294.50 0 0 0.2571 -1.0000 0.000000
1010.00 C 20280121 11.70 15.54 0 244 0.2156 0.1620 0.001300
1010.00 P 20280121 294.50 299.50 0 0 0.2599 -1.0000 0.000000
1015.00 C 20280121 11.28 15.04 0 425 0.2157 0.1576 0.001300
1015.00 P 20280121 299.50 304.50 0 0 0.2626 -1.0000 0.000000
1020.00 C 20280121 10.50 14.55 2 487 0.2149 0.1533 0.001300
1020.00 P 20280121 304.50 309.50 0 0 0.2653 -1.0000 0.000000
1025.00 C 20280121 10.00 14.09 0 373 0.2147 0.1491 0.001300
1025.00 P 20280121 309.50 314.50 0 0 0.2680 -1.0000 0.000000
1030.00 C 20280121 9.51 13.65 0 421 0.2146 0.1451 0.001200
1030.00 P 20280121 314.50 319.50 0 0 0.2706 -1.0000 0.000000
1035.00 C 20280121 9.80 13.22 0 594 0.2164 0.1411 0.001200
1035.00 P 20280121 319.50 324.50 0 0 0.2733 -1.0000 0.000000
1040.00 C 20280121 9.00 12.80 0 296 0.2154 0.1373 0.001200
1040.00 P 20280121 324.50 329.50 0 0 0.2759 -1.0000 0.000000
1045.00 C 20280121 8.55 12.88 198 366 0.2165 0.1336 0.001200
1045.00 P 20280121 329.50 334.50 0 0 0.2786 -1.0000 0.000000
1050.00 C 20280121 9.67 12.01 4 756 0.2194 0.1300 0.001100
1050.00 P 20280121 334.50 339.50 0 0 0.2812 -1.0000 0.000000
1055.00 C 20280121 8.00 11.64 4 577 0.2157 0.1264 0.001100
1055.00 P 20280121 339.50 344.50 0 0 0.2838 -1.0000 0.000000
1060.00 C 20280121 7.70 11.73 0 608 0.2172 0.1230 0.001100
1060.00 P 20280121 344.50 349.50 0 0 0.2863 -1.0000 0.000000
1065.00 C 20280121 7.50 12.00 7 1847 0.2195 0.1197 0.001100
1065.00 P 20280121 349.50 354.50 0 0 0.2889 -1.0000 0.000000
1070.00 C 20280121 7.18 11.04 4 1142 0.2177 0.1165 0.001000
1070.00 P 20280121 354.50 359.50 0 0 0.2914 -1.0000 0.000000
1075.00 C 20280121 6.50 10.71 0 1153 0.2166 0.1134 0.001000
1075.00 P 20280121 359.50 364.50 0 0 0.2939 -1.0000 0.000000
1080.00 C 20280121 6.70 10.39 0 333 0.2182 0.1104 0.001000
1080.00 P 20280121 364.50 369.50 0 0 0.2964 -1.0000 0.000000
1085.00 C 20280121 6.00 10.08 66 1120 0.2170 0.1074 0.001000
1085.00 P 20280121 369.50 374.50 0 0 0.2989 -1.0000 0.000000
1090.00 C 20280121 6.26 9.79 266 578 0.2228 0.1046 0.001000
1090.00 P 20280121 374.50 379.50 0 0 0.3014 -1.0000 0.000000
1095.00 C 20280121 5.60 9.50 251 851 0.2176 0.1018 0.001000
1095.00 P 20280121 379.50 384.50 0 0 0.3039 -1.0000 0.000000
1100.00 C 20280121 7.20 10.50 529 2160 0.2198 0.0991 0.000900
1100.00 P 20280121 384.50 389.50 0 0 0.3063 -1.0000 0.000000
1105.00 C 20280121 5.66 8.96 145 1739 0.2197 0.0964 0.000900
1105.00 P 20280121 389.50 394.50 0 0 0.3088 -1.0000 0.000000
1110.00 C 20280121 5.05 10.00 326 1260 0.2231 0.0939 0.000900
1110.00 P 20280121 394.50 399.50 0 0 0.3112 -1.0000 0.000000
1115.00 C 20280121 5.00 8.11 162 1694 0.2179 0.0914 0.000900
1115.00 P 20280121 399.50 404.50 0 0 0.3136 -1.0000 0.000000
285.00 C 20280616 446.50 451.50 0 5 0.3912 0.9810 0.000100
285.00 P 20280616 1.00 6.00 2 297 0.4125 -0.0206 0.000100
290.00 C 20280616 442.00 447.00 0 0 0.3875 0.9801 0.000100
290.00 P 20280616 1.00 6.00 2 46 0.4058 -0.0216 0.000100
295.00 C 20280616 438.00 443.00 0 6 0.3954 0.9791 0.000100
295.00 P 20280616 1.71 6.00 0 65 0.4066 -0.0226 0.000100
300.00 C 20280616 433.50 438.50 0 121 0.3913 0.9781 0.000100
300.00 P 20280616 2.70 6.50 0 659 0.4139 -0.0236 0.000100
305.00 C 20280616 429.00 434.00 0 22 0.3872 0.9771 0.000100
305.00 P 20280616 1.50 6.50 0 165 0.3964 -0.0247 0.000100
310.00 C 20280616 424.50 429.50 0 6 0.3832 0.9760 0.000100
310.00 P 20280616 3.30 6.29 0 553 0.4041 -0.0258 0.000200
315.00 C 20280616 420.00 425.00 0 1 0.3791 0.9749 0.000200
315.00 P 20280616 3.00 7.00 32 37 0.4010 -0.0270 0.000200
320.00 C 20280616 416.00 420.50 0 125 0.3797 0.9738 0.000200
320.00 P 20280616 3.90 7.00 34 455 0.4017 -0.0282 0.000200
325.00 C 20280616 411.50 416.50 0 1 0.3798 0.9726 0.000200
325.00 P 20280616 2.50 7.50 2 115 0.3883 -0.0294 0.000200
330.00 C 20280616 407.00 412.00 0 23 0.3756 0.9713 0.000200
330.00 P 20280616 3.15 7.50 20 14 0.3871 -0.0307 0.000200
335.00 C 20280616 402.50 407.50 0 1 0.3713 0.9700 0.000200
335.00 P 20280616 3.00 8.00 0 58 0.3835 -0.0320 0.000200
340.00 C 20280616 398.00 403.00 0 13 0.3670 0.9687 0.000200
340.00 P 20280616 3.00 8.00 0 138 0.3774 -0.0334 0.000200
345.00 C 20280616 394.00 399.00 0 5 0.3704 0.9673 0.000200
345.00 P 20280616 3.74 8.50 0 3 0.3800 -0.0349 0.000200
350.00 C 20280616 389.50 394.50 0 17 0.3660 0.9659 0.000200
350.00 P 20280616 4.00 8.32 4 3392 0.3745 -0.0363 0.000200
355.00 C 20280616 385.00 390.00 0 3 0.3616 0.9644 0.000200
355.00 P 20280616 4.16 8.50 0 86 0.3707 -0.0379 0.000200
360.00 C 20280616 380.50 385.50 0 47 0.3573 0.9629 0.000200
360.00 P 20280616 4.00 8.98 0 135 0.3804 -0.0395 0.000200
365.00 C 20280616 376.50 381.50 1 8 0.3596 0.9614 0.000200
365.00 P 20280616 4.50 9.00 0 39 0.3758 -0.0411 0.000200
370.00 C 20280616 372.00 377.00 0 0 0.3552 0.9597 0.000200
370.00 P 20280616 4.50 9.50 0 118 0.3739 -0.0428 0.000300
375.00 C 20280616 367.50 372.50 0 6 0.3508 0.9580 0.000300
375.00 P 20280616 5.00 9.50 0 117 0.3692 -0.0446 0.000300
380.00 C 20280616 363.50 368.00 0 5 0.3494 0.9563 0.000300
380.00 P 20280616 5.32 10.00 300 10079 0.3673 -0.0464 0.000300
385.00 C 20280616 359.00 364.00 0 8 0.3479 0.9545 0.000300
385.00 P 20280616 5.50 9.98 0 181 0.3626 -0.0483 0.000300
390.00 C 20280616 355.00 359.50 0 6 0.3462 0.9527 0.000300
390.00 P 20280616 5.55 10.49 0 72 0.3607 -0.0503 0.000300
395.00 C 20280616 350.50 355.00 0 5 0.3418 0.9508 0.000300
395.00 P 20280616 6.00 10.49 2 1024 0.3562 -0.0523 0.000300
400.00 C 20280616 346.00 351.00 0 181 0.3426 0.9488 0.000300
400.00 P 20280616 6.50 10.04 38 3867 0.3496 -0.0544 0.000300
405.00 C 20280616 342.00 346.50 0 16 0.3381 0.9467 0.000300
405.00 P 20280616 6.50 11.50 0 439 0.3424 -0.0566 0.000400
410.00 C 20280616 337.50 342.00 0 29 0.3385 0.9446 0.000300
410.00 P 20280616 7.00 11.50 0 244 0.3392 -0.0588 0.000400
415.00 C 20280616 333.50 338.00 0 3 0.3340 0.9425 0.000400
415.00 P 20280616 7.50 12.00 0 103 0.3381 -0.0611 0.000400
420.00 C 20280616 329.50 333.50 0 9 0.3341 0.9402 0.000400
420.00 P 20280616 8.00 12.50 0 245 0.3370 -0.0634 0.000400
425.00 C 20280616 325.00 329.50 0 25 0.3296 0.9379 0.000400
425.00 P 20280616 8.41 13.00 0 616 0.3356 -0.0659 0.000400
430.00 C 20280616 321.00 325.50 0 49 0.3294 0.9356 0.000400
430.00 P 20280616 8.50 13.00 0 563 0.3302 -0.0684 0.000400
435.00 C 20280616 316.50 321.00 0 6 0.3250 0.9331 0.000400
435.00 P 20280616 9.00 13.50 0 215 0.3286 -0.0711 0.000400
440.00 C 20280616 312.50 317.00 0 10 0.3245 0.9306 0.000400
440.00 P 20280616 9.50 14.00 0 143 0.3271 -0.0738 0.000400
445.00 C 20280616 308.50 312.50 0 3 0.3239 0.9280 0.000400
445.00 P 20280616 10.00 14.50 0 31 0.3254 -0.0765 0.000500
450.00 C 20280616 304.00 308.50 1 105 0.3194 0.9253 0.000500
450.00 P 20280616 10.50 15.00 0 994 0.3236 -0.0794 0.000500
455.00 C 20280616 300.00 304.50 0 10 0.3186 0.9226 0.000500
455.00 P 20280616 11.00 15.50 0 58 0.3218 -0.0823 0.000500
460.00 C 20280616 296.00 300.50 0 6 0.3176 0.9197 0.000500
460.00 P 20280616 11.50 16.00 0 66 0.3198 -0.0854 0.000500
465.00 C 20280616 292.00 296.00 0 40 0.3166 0.9168 0.000500
465.00 P 20280616 12.00 16.50 0 561 0.3178 -0.0885 0.000500
470.00 C 20280616 288.00 292.00 0 29 0.3137 0.9138 0.000500
470.00 P 20280616 12.50 17.00 0 42 0.3157 -0.0917 0.000600
475.00 C 20280616 283.50 288.00 0 32 0.3107 0.9107 0.000500
475.00 P 20280616 13.00 17.50 0 215 0.3134 -0.0951 0.000600
480.00 C 20280616 279.50 284.00 0 301 0.3094 0.9076 0.000600
480.00 P 20280616 13.50 18.00 0 197 0.3112 -0.0984 0.000600
485.00 C 20280616 275.50 280.00 0 269 0.3080 0.9043 0.000600
485.00 P 20280616 14.50 18.50 0 105 0.3104 -0.1020 0.000600
490.00 C 20280616 271.50 276.00 0 15 0.3064 0.9010 0.000600
490.00 P 20280616 15.00 19.50 0 307 0.3093 -0.1056 0.000600
495.00 C 20280616 267.50 272.00 0 16 0.3048 0.8976 0.000600
495.00 P 20280616 15.50 20.00 0 263 0.3068 -0.1093 0.000600
500.00 C 20280616 263.50 268.00 0 189 0.3030 0.8940 0.000600
500.00 P 20280616 16.00 20.50 0 1557 0.3043 -0.1131 0.000700
505.00 C 20280616 259.50 264.00 2 11 0.3012 0.8904 0.000600
505.00 P 20280616 17.00 21.00 0 14 0.3044 -0.1170 0.000700
510.00 C 20280616 255.50 260.00 0 49 0.3007 0.8868 0.000700
510.00 P 20280616 17.50 22.00 0 87 0.3016 -0.1211 0.000700
515.00 C 20280616 252.00 256.00 0 108 0.2987 0.8830 0.000700
515.00 P 20280616 18.50 22.50 0 379 0.3001 -0.1252 0.000700
520.00 C 20280616 248.00 252.00 0 159 0.2979 0.8791 0.000700
520.00 P 20280616 19.00 23.50 0 185 0.2985 -0.1295 0.000800
525.00 C 20280616 244.00 248.50 0 69 0.2958 0.8751 0.000700
525.00 P 20280616 20.80 24.00 0 1734 0.3001 -0.1338 0.000800
530.00 C 20280616 240.00 244.50 0 36 0.2948 0.8710 0.000700
530.00 P 20280616 20.50 25.00 0 898 0.2951 -0.1383 0.000800
535.00 C 20280616 236.50 240.50 3 25 0.2937 0.8669 0.000800
535.00 P 20280616 21.50 26.00 1 1057 0.2944 -0.1429 0.000800
540.00 C 20280616 232.50 237.00 0 108 0.2913 0.8626 0.000800
540.00 P 20280616 22.50 26.50 0 1238 0.2924 -0.1476 0.000800
545.00 C 20280616 229.00 233.00 0 57 0.2901 0.8583 0.000800
545.00 P 20280616 23.00 27.50 0 500 0.2904 -0.1524 0.000900
550.00 C 20280616 225.00 229.50 0 258 0.2887 0.8538 0.000800
550.00 P 20280616 24.00 28.50 2 1305 0.2894 -0.1573 0.000900
555.00 C 20280616 221.50 225.50 0 30 0.2872 0.8492 0.000800
555.00 P 20280616 25.00 29.50 0 281 0.2883 -0.1624 0.000900
560.00 C 20280616 217.50 222.00 0 75 0.2857 0.8446 0.000900
560.00 P 20280616 26.00 30.50 0 395 0.2871 -0.1676 0.001000
565.00 C 20280616 214.00 218.00 0 186 0.2852 0.8398 0.000900
565.00 P 20280616 27.00 31.00 0 531 0.2857 -0.1729 0.001000
570.00 C 20280616 210.50 214.50 0 229 0.2834 0.8350 0.000900
570.00 P 20280616 28.00 32.50 0 467 0.2843 -0.1783 0.001000
575.00 C 20280616 206.50 211.00 4 757 0.2827 0.8300 0.000900
575.00 P 20280616 29.00 33.50 0 312 0.2827 -0.1839 0.001000
580.00 C 20280616 203.00 207.50 1 271 0.2808 0.8250 0.001000
580.00 P 20280616 30.00 34.50 0 352 0.2810 -0.1896 0.001100
585.00 C 20280616 199.50 203.50 0 104 0.2798 0.8198 0.001000
585.00 P 20280616 32.30 35.50 0 299 0.2818 -0.1954 0.001100
590.00 C 20280616 196.00 200.00 0 456 0.2787 0.8146 0.001000
590.00 P 20280616 32.50 36.50 0 352 0.2794 -0.2013 0.001100
595.00 C 20280616 192.50 196.50 0 249 0.2776 0.8092 0.001000
595.00 P 20280616 33.50 38.00 0 146 0.2775 -0.2074 0.001100
600.00 C 20280616 189.00 193.00 10 831 0.2763 0.8038 0.001000
600.00 P 20280616 36.50 39.00 0 2161 0.2791 -0.2136 0.001200
601.00 C 20280616 188.50 192.50 0 39 0.2758 0.8027 0.001000
601.00 P 20280616 35.00 39.00 0 714 0.2761 -0.2150 0.001200
602.00 C 20280616 187.50 192.00 0 15 0.2754 0.8016 0.001000
602.00 P 20280616 35.00 39.50 0 116 0.2750 -0.2161 0.001200
603.00 C 20280616 187.00 191.00 0 29 0.2749 0.8005 0.001100
603.00 P 20280616 35.50 39.50 0 38 0.2757 -0.2174 0.001200
604.00 C 20280616 186.00 190.50 0 407 0.2754 0.7994 0.001100
604.00 P 20280616 35.50 40.00 0 572 0.2745 -0.2187 0.001200
605.00 C 20280616 185.50 189.50 5 607 0.2749 0.7982 0.001100
605.00 P 20280616 36.00 40.00 0 147 0.2752 -0.2200 0.001200
606.00 C 20280616 185.00 189.00 0 9 0.2745 0.7971 0.001100
606.00 P 20280616 36.00 40.50 0 14 0.2740 -0.2213 0.001200
607.00 C 20280616 184.00 188.50 0 4 0.2740 0.7960 0.001100
607.00 P 20280616 36.50 40.50 0 12 0.2747 -0.2226 0.001200
608.00 C 20280616 183.50 187.50 0 33 0.2744 0.7949 0.001100
608.00 P 20280616 36.50 41.00 0 2 0.2735 -0.2239 0.001200
609.00 C 20280616 183.00 187.00 0 50 0.2740 0.7937 0.001100
609.00 P 20280616 37.00 41.00 0 58 0.2741 -0.2251 0.001200
610.00 C 20280616 182.00 186.50 0 256 0.2735 0.7926 0.001100
610.00 P 20280616 37.00 41.50 0 635 0.2730 -0.2264 0.001200
611.00 C 20280616 181.50 185.50 0 50 0.2730 0.7915 0.001100
611.00 P 20280616 37.50 41.50 0 4 0.2735 -0.2278 0.001200
612.00 C 20280616 180.50 185.00 0 6 0.2734 0.7903 0.001100
612.00 P 20280616 38.00 42.00 0 15 0.2733 -0.2291 0.001200
613.00 C 20280616 180.00 184.00 0 10 0.2729 0.7892 0.001100
613.00 P 20280616 38.00 42.50 0 8 0.2730 -0.2304 0.001200
614.00 C 20280616 179.50 183.50 0 16 0.2725 0.7880 0.001100
614.00 P 20280616 38.50 42.50 0 4 0.2727 -0.2318 0.001200
615.00 C 20280616 178.50 183.00 0 160 0.2720 0.7869 0.001100
615.00 P 20280616 38.50 43.00 0 27 0.2724 -0.2331 0.001300
616.00 C 20280616 178.00 182.00 0 16 0.2724 0.7857 0.001100
616.00 P 20280616 39.00 43.00 0 1 0.2721 -0.2344 0.001300
617.00 C 20280616 177.50 181.50 0 37 0.2719 0.7845 0.001100
617.00 P 20280616 39.00 43.50 0 16 0.2718 -0.2358 0.001300
618.00 C 20280616 176.50 181.00 0 6 0.2714 0.7834 0.001100
618.00 P 20280616 39.50 43.50 0 22 0.2715 -0.2371 0.001300
619.00 C 20280616 176.00 180.00 0 11 0.2717 0.7822 0.001100
619.00 P 20280616 39.50 44.00 0 3 0.2712 -0.2384 0.001300
620.00 C 20280616 175.50 179.50 1 106 0.2712 0.7810 0.001100
620.00 P 20280616 40.00 44.00 1 347 0.2709 -0.2398 0.001300
621.00 C 20280616 174.50 179.00 0 111 0.2707 0.7798 0.001100
621.00 P 20280616 40.00 44.50 0 4 0.2706 -0.2412 0.001300
622.00 C 20280616 174.00 178.00 0 5 0.2711 0.7786 0.001200
622.00 P 20280616 40.50 44.50 0 9 0.2712 -0.2425 0.001300
623.00 C 20280616 173.50 177.50 0 10 0.2706 0.7774 0.001200
623.00 P 20280616 40.50 45.00 0 8 0.2700 -0.2440 0.001300
624.00 C 20280616 172.50 177.00 0 209 0.2701 0.7763 0.001200
624.00 P 20280616 41.00 45.00 0 16 0.2705 -0.2453 0.001300
625.00 C 20280616 172.00 176.00 1 169 0.2704 0.7751 0.001200
625.00 P 20280616 41.00 45.50 0 398 0.2693 -0.2467 0.001300
626.00 C 20280616 171.50 175.50 0 21 0.2699 0.7739 0.001200
626.00 P 20280616 41.50 46.00 0 11 0.2698 -0.2481 0.001300
627.00 C 20280616 170.50 175.00 0 64 0.2694 0.7726 0.001200
627.00 P 20280616 42.00 46.00 0 4 0.2694 -0.2495 0.001300
628.00 C 20280616 170.00 174.00 0 42 0.2697 0.7714 0.001200
628.00 P 20280616 42.00 46.50 0 25 0.2690 -0.2510 0.001300
629.00 C 20280616 169.50 173.50 0 6 0.2692 0.7702 0.001200
629.00 P 20280616 42.50 46.50 0 5 0.2687 -0.2524 0.001300
630.00 C 20280616 169.80 173.00 0 305 0.2708 0.7690 0.001200
630.00 P 20280616 42.50 47.00 0 55 0.2684 -0.2537 0.001400
631.00 C 20280616 168.00 172.00 0 7 0.2689 0.7678 0.001200
631.00 P 20280616 43.00 47.00 0 3 0.2689 -0.2551 0.001400
632.00 C 20280616 167.50 171.50 0 2 0.2684 0.7666 0.001200
632.00 P 20280616 43.00 47.50 0 9 0.2677 -0.2566 0.001400
633.00 C 20280616 166.50 171.00 0 8 0.2679 0.7653 0.001200
633.00 P 20280616 43.50 48.00 0 11 0.2681 -0.2581 0.001400
634.00 C 20280616 166.00 170.00 0 4 0.2682 0.7641 0.001200
634.00 P 20280616 44.00 48.00 0 2 0.2678 -0.2595 0.001400
635.00 C 20280616 165.50 169.50 0 82 0.2676 0.7629 0.001200
635.00 P 20280616 44.00 48.50 0 12 0.2674 -0.2610 0.001400
636.00 C 20280616 164.50 169.00 0 29 0.2671 0.7616 0.001200
636.00 P 20280616 44.50 48.50 0 11 0.2670 -0.2624 0.001400
637.00 C 20280616 164.00 168.00 0 14 0.2673 0.7604 0.001200
637.00 P 20280616 44.50 49.00 0 231 0.2666 -0.2639 0.001400
638.00 C 20280616 163.50 167.50 0 11 0.2668 0.7592 0.001200
638.00 P 20280616 45.00 49.00 0 2 0.2671 -0.2653 0.001400
639.00 C 20280616 163.00 167.00 0 3 0.2671 0.7579 0.001200
639.00 P 20280616 45.00 49.50 0 289 0.2659 -0.2668 0.001400
640.00 C 20280616 162.00 166.50 5 223 0.2665 0.7566 0.001200
640.00 P 20280616 45.50 50.00 0 558 0.2663 -0.2682 0.001400
641.00 C 20280616 161.50 165.50 0 2 0.2659 0.7554 0.001200
641.00 P 20280616 46.00 50.00 0 145 0.2659 -0.2698 0.001400
642.00 C 20280616 161.00 165.00 0 4 0.2662 0.7541 0.001200
642.00 P 20280616 46.00 50.50 0 7 0.2655 -0.2712 0.001400
643.00 C 20280616 160.00 164.50 0 5 0.2656 0.7528 0.001200
643.00 P 20280616 46.50 50.50 0 5 0.2660 -0.2727 0.001400
644.00 C 20280616 159.50 163.50 0 2 0.2659 0.7516 0.001200
644.00 P 20280616 46.50 51.00 0 23 0.2647 -0.2742 0.001400
645.00 C 20280616 159.00 163.00 5 224 0.2653 0.7503 0.001200
645.00 P 20280616 47.00 51.50 0 44 0.2651 -0.2757 0.001400
646.00 C 20280616 158.00 162.50 0 10 0.2647 0.7490 0.001300
646.00 P 20280616 47.50 51.50 0 12 0.2647 -0.2772 0.001400
647.00 C 20280616 157.50 162.00 0 2 0.2650 0.7477 0.001300
647.00 P 20280616 47.50 52.00 0 104 0.2643 -0.2787 0.001400
648.00 C 20280616 157.00 161.00 0 15 0.2644 0.7465 0.001300
648.00 P 20280616 48.00 52.00 0 121 0.2647 -0.2802 0.001500
649.00 C 20280616 156.50 160.50 0 12 0.2646 0.7452 0.001300
649.00 P 20280616 48.00 52.50 0 21 0.2642 -0.2817 0.001500
650.00 C 20280616 155.50 160.00 0 353 0.2640 0.7439 0.001300
650.00 P 20280616 48.50 53.00 0 3439 0.2638 -0.2832 0.001500
655.00 C 20280616 152.50 156.50 0 81 0.2634 0.7373 0.001300
655.00 P 20280616 50.00 54.50 0 314 0.2624 -0.2910 0.001500
660.00 C 20280616 149.50 153.50 0 329 0.2620 0.7307 0.001300
660.00 P 20280616 52.00 56.00 0 216 0.2616 -0.2990 0.001500
665.00 C 20280616 146.00 150.50 0 235 0.2604 0.7240 0.001300
665.00 P 20280616 53.50 57.50 0 431 0.2608 -0.3069 0.001600
670.00 C 20280616 143.00 147.50 0 155 0.2595 0.7172 0.001400
670.00 P 20280616 55.00 59.50 1 2359 0.2590 -0.3151 0.001600
675.00 C 20280616 140.00 144.50 0 254 0.2586 0.7103 0.001400
675.00 P 20280616 57.00 61.00 0 894 0.2578 -0.3235 0.001600
680.00 C 20280616 137.00 141.50 0 87 0.2575 0.7034 0.001400
680.00 P 20280616 58.50 63.00 0 5508 0.2566 -0.3320 0.001700
685.00 C 20280616 134.00 138.50 0 331 0.2564 0.6963 0.001400
685.00 P 20280616 60.50 64.50 0 209 0.2561 -0.3405 0.001700
690.00 C 20280616 131.00 135.50 0 591 0.2551 0.6892 0.001400
690.00 P 20280616 62.50 66.50 0 921 0.2546 -0.3493 0.001700
695.00 C 20280616 128.00 132.50 0 895 0.2538 0.6819 0.001500
695.00 P 20280616 64.00 68.50 0 232 0.2531 -0.3581 0.001800
700.00 C 20280616 125.50 129.50 3 900 0.2531 0.6746 0.001500
700.00 P 20280616 66.00 70.50 0 715 0.2522 -0.3672 0.001800
705.00 C 20280616 122.50 127.00 0 216 0.2524 0.6672 0.001500
705.00 P 20280616 68.00 72.50 0 164 0.2511 -0.3764 0.001800
710.00 C 20280616 119.50 124.00 1 179 0.2508 0.6598 0.001500
710.00 P 20280616 70.00 74.50 0 173 0.2499 -0.3859 0.001900
715.00 C 20280616 117.00 121.00 0 260 0.2498 0.6522 0.001600
715.00 P 20280616 72.00 76.50 0 21 0.2486 -0.3953 0.001900
720.00 C 20280616 117.00 118.50 2 439 0.2530 0.6446 0.001600
720.00 P 20280616 74.50 78.50 0 21 0.2478 -0.4050 0.001900
725.00 C 20280616 111.50 115.50 0 166 0.2483 0.6369 0.001600
725.00 P 20280616 76.50 81.00 0 370 0.2470 -0.4149 0.002000
730.00 C 20280616 108.50 113.00 0 408 0.2464 0.6292 0.001600
730.00 P 20280616 78.50 83.00 0 618 0.2454 -0.4248 0.002000
735.00 C 20280616 106.00 110.50 0 213 0.2458 0.6214 0.001600
735.00 P 20280616 81.00 85.50 0 157 0.2450 -0.4348 0.002000
740.00 C 20280616 103.50 108.00 0 487 0.2451 0.6135 0.001600
740.00 P 20280616 83.00 87.50 0 280 0.2431 -0.4451 0.002100
745.00 C 20280616 101.00 105.50 1 251 0.2442 0.6056 0.001700
745.00 P 20280616 85.50 90.00 0 11 0.2424 -0.4556 0.002100
750.00 C 20280616 98.50 102.50 23 809 0.2433 0.5976 0.001700
750.00 P 20280616 88.00 92.50 0 979 0.2415 -0.4664 0.002100
755.00 C 20280616 96.00 100.50 0 226 0.2423 0.5896 0.001700
755.00 P 20280616 90.50 95.00 0 114 0.2407 -0.4768 0.002200
760.00 C 20280616 93.50 98.00 0 562 0.2412 0.5815 0.001700
760.00 P 20280616 93.00 97.50 0 313 0.2396 -0.4878 0.002200
765.00 C 20280616 91.00 95.50 1 981 0.2401 0.5734 0.001700
765.00 P 20280616 95.50 100.00 0 22 0.2384 -0.4988 0.002200
770.00 C 20280616 88.50 93.00 1 318 0.2388 0.5652 0.001700
770.00 P 20280616 98.00 102.50 0 519 0.2370 -0.5101 0.002300
775.00 C 20280616 86.50 90.50 0 838 0.2381 0.5570 0.001700
775.00 P 20280616 100.50 105.00 0 357 0.2356 -0.5213 0.002300
780.00 C 20280616 84.00 88.50 0 347 0.2373 0.5488 0.001800
780.00 P 20280616 103.50 108.00 0 106 0.2354 -0.5327 0.002400
785.00 C 20280616 81.50 86.00 0 406 0.2358 0.5405 0.001800
785.00 P 20280616 106.00 110.50 0 504 0.2336 -0.5444 0.002400
790.00 C 20280616 79.50 84.00 0 767 0.2355 0.5322 0.001800
790.00 P 20280616 109.00 113.50 0 100 0.2331 -0.5561 0.002400
795.00 C 20280616 77.50 81.50 0 2340 0.2344 0.5240 0.001800
795.00 P 20280616 112.00 116.50 0 2 0.2324 -0.5680 0.002500
800.00 C 20280616 75.00 79.50 1 2477 0.2333 0.5156 0.001800
800.00 P 20280616 115.00 119.50 0 342 0.2315 -0.5801 0.002500
805.00 C 20280616 73.00 77.50 0 730 0.2327 0.5073 0.001800
805.00 P 20280616 118.00 122.50 0 3 0.2305 -0.5924 0.002500
810.00 C 20280616 71.00 75.00 0 1138 0.2320 0.4990 0.001800
810.00 P 20280616 121.00 125.50 12 4 0.2294 -0.6046 0.002600
815.00 C 20280616 69.00 73.00 0 172 0.2306 0.4907 0.001800
815.00 P 20280616 124.00 128.50 0 1 0.2280 -0.6170 0.002600
820.00 C 20280616 67.00 71.00 0 55 0.2298 0.4824 0.001800
820.00 P 20280616 127.50 131.50 0 7 0.2273 -0.6295 0.002600
825.00 C 20280616 65.00 69.00 0 2803 0.2295 0.4741 0.001800
825.00 P 20280616 130.50 135.00 0 2710 0.2263 -0.6423 0.002700
830.00 C 20280616 63.00 67.50 0 106 0.2284 0.4658 0.001800
830.00 P 20280616 134.00 138.50 0 12 0.2259 -0.6551 0.002700
835.00 C 20280616 61.50 65.50 0 133 0.2280 0.4575 0.001800
835.00 P 20280616 137.50 141.50 0 1 0.2246 -0.6678 0.002700
840.00 C 20280616 59.50 63.50 0 175 0.2268 0.4493 0.001800
840.00 P 20280616 140.50 145.00 0 31 0.2229 -0.6809 0.002800
845.00 C 20280616 57.50 62.00 0 33 0.2261 0.4411 0.001800
845.00 P 20280616 144.00 148.50 0 1 0.2219 -0.6940 0.002800
850.00 C 20280616 56.00 60.00 0 373 0.2254 0.4329 0.001800
850.00 P 20280616 148.00 152.50 0 261 0.2225 -0.7072 0.002800
855.00 C 20280616 54.00 58.50 0 518 0.2246 0.4248 0.001800
855.00 P 20280616 151.50 156.00 0 1 0.2212 -0.7203 0.002800
860.00 C 20280616 52.50 56.50 0 1095 0.2243 0.4167 0.001800
860.00 P 20280616 155.00 159.50 0 30 0.2194 -0.7334 0.002900
865.00 C 20280616 51.00 55.00 0 474 0.2233 0.4087 0.001800
865.00 P 20280616 159.00 163.50 0 7 0.2193 -0.7471 0.002900
870.00 C 20280616 49.50 53.50 0 2437 0.2229 0.4008 0.001800
870.00 P 20280616 163.00 167.50 0 260 0.2191 -0.7607 0.002900
875.00 C 20280616 48.00 52.00 0 248 0.2224 0.3928 0.001800
875.00 P 20280616 167.00 171.50 0 1 0.2186 -0.7740 0.003000
880.00 C 20280616 46.50 50.50 0 236 0.2218 0.3850 0.001800
880.00 P 20280616 171.00 175.50 12 0 0.2176 -0.7874 0.003000
885.00 C 20280616 45.00 49.00 0 554 0.2212 0.3772 0.001800
885.00 P 20280616 175.00 179.50 0 0 0.2165 -0.8016 0.003000
890.00 C 20280616 43.50 47.50 0 350 0.2204 0.3696 0.001800
890.00 P 20280616 179.00 183.50 0 0 0.2151 -0.8158 0.003100
895.00 C 20280616 42.00 46.00 0 543 0.2195 0.3620 0.001800
895.00 P 20280616 183.00 187.50 0 1 0.2131 -0.8296 0.003100
900.00 C 20280616 41.00 45.00 0 547 0.2200 0.3544 0.001800
900.00 P 20280616 187.50 192.00 0 2 0.2132 -0.8428 0.003100
905.00 C 20280616 39.50 43.50 0 821 0.2190 0.3470 0.001800
905.00 P 20280616 192.00 196.50 0 12 0.2133 -0.8557 0.003100
910.00 C 20280616 38.00 42.00 0 367 0.2186 0.3397 0.001800
910.00 P 20280616 196.50 201.00 0 2 0.2131 -0.8691 0.003100
915.00 C 20280616 37.00 41.00 0 1839 0.2181 0.3325 0.001700
915.00 P 20280616 201.00 205.50 0 1 0.2122 -0.8833 0.003100
920.00 C 20280616 36.00 40.00 0 148 0.2182 0.3253 0.001700
920.00 P 20280616 205.50 210.00 0 3 0.2096 -0.8964 0.003200
925.00 C 20280616 34.50 38.50 0 1324 0.2169 0.3183 0.001700
925.00 P 20280616 210.00 215.00 0 0 0.2096 -0.9083 0.003000
930.00 C 20280616 33.50 37.50 0 720 0.2169 0.3114 0.001700
930.00 P 20280616 214.50 219.50 0 0 0.2053 -0.9196 0.002900
935.00 C 20280616 32.50 36.50 0 1317 0.2168 0.3045 0.001700
935.00 P 20280616 219.50 224.50 0 0 0.2082 -0.9304 0.002700
940.00 C 20280616 34.00 35.50 0 415 0.2204 0.2978 0.001700
940.00 P 20280616 224.50 229.50 0 1 0.2111 -0.9408 0.002500
945.00 C 20280616 30.50 34.50 1 595 0.2164 0.2912 0.001600
945.00 P 20280616 229.50 234.50 0 0 0.2140 -0.9500 0.002400
950.00 C 20280616 30.00 33.50 0 116 0.2169 0.2848 0.001600
950.00 P 20280616 234.50 239.50 0 4 0.2168 -0.9577 0.002200
955.00 C 20280616 28.50 32.50 0 533 0.2158 0.2784 0.001600
955.00 P 20280616 239.50 244.50 0 0 0.2196 -0.9650 0.001800
960.00 C 20280616 27.50 31.50 0 67 0.2153 0.2722 0.001600
960.00 P 20280616 244.50 249.50 0 0 0.2224 -0.9720 0.001500
965.00 C 20280616 26.50 30.50 0 104 0.2148 0.2660 0.001600
965.00 P 20280616 249.50 254.50 0 0 0.2251 -0.9782 0.001200
970.00 C 20280616 26.00 29.50 0 387 0.2149 0.2600 0.001600
970.00 P 20280616 254.50 259.50 0 0 0.2278 -0.9826 0.000900
975.00 C 20280616 25.00 29.00 0 842 0.2151 0.2541 0.001600
975.00 P 20280616 259.50 264.50 0 0 0.2306 -0.9864 0.000700
980.00 C 20280616 24.00 28.00 0 43 0.2143 0.2484 0.001500
980.00 P 20280616 264.50 269.50 0 0 0.2333 -0.9899 0.000500
985.00 C 20280616 23.00 27.00 0 25 0.2143 0.2427 0.001500
985.00 P 20280616 269.50 274.50 0 0 0.2359 -0.9934 0.000400
990.00 C 20280616 22.50 26.50 0 300 0.2142 0.2372 0.001500
990.00 P 20280616 274.50 279.50 0 0 0.2386 -0.9964 0.000200
995.00 C 20280616 21.50 25.50 0 1227 0.2140 0.2318 0.001500
995.00 P 20280616 279.50 284.50 0 0 0.2412 -0.9986 0.000100
1000.00 C 20280616 21.00 25.00 0 1459 0.2138 0.2264 0.001500
1000.00 P 20280616 284.50 289.50 0 0 0.2438 -1.0000 0.000000
1005.00 C 20280616 20.50 24.50 0 848 0.2144 0.2213 0.001400
1005.00 P 20280616 289.50 294.50 0 0 0.2464 -1.0000 0.000000
1010.00 C 20280616 19.50 23.50 2 256 0.2132 0.2162 0.001400
1010.00 P 20280616 294.50 299.50 0 0 0.2490 -1.0000 0.000000
1015.00 C 20280616 19.00 23.00 0 175 0.2136 0.2113 0.001400
1015.00 P 20280616 299.50 304.50 0 0 0.2516 -1.0000 0.000000
1020.00 C 20280616 18.50 22.50 0 71 0.2141 0.2064 0.001400
1020.00 P 20280616 304.50 309.50 0 0 0.2541 -1.0000 0.000000
1025.00 C 20280616 18.00 22.00 0 378 0.2144 0.2017 0.001400
1025.00 P 20280616 309.50 314.50 0 0 0.2566 -1.0000 0.000000
1030.00 C 20280616 17.00 21.00 0 466 0.2138 0.1971 0.001400
1030.00 P 20280616 314.50 319.50 0 0 0.2591 -1.0000 0.000000
1035.00 C 20280616 16.50 20.50 0 102 0.2131 0.1926 0.001300
1035.00 P 20280616 319.50 324.50 0 0 0.2616 -1.0000 0.000000
1040.00 C 20280616 16.00 20.00 0 210 0.2133 0.1881 0.001300
1040.00 P 20280616 324.50 329.50 0 0 0.2641 -1.0000 0.000000
1045.00 C 20280616 15.50 19.50 0 273 0.2134 0.1838 0.001300
1045.00 P 20280616 329.50 334.50 0 0 0.2666 -1.0000 0.000000
1050.00 C 20280616 15.00 19.00 2 274 0.2135 0.1796 0.001300
1050.00 P 20280616 334.50 339.50 0 0 0.2690 -1.0000 0.000000
1055.00 C 20280616 14.50 18.50 0 443 0.2135 0.1755 0.001200
1055.00 P 20280616 339.50 344.50 0 0 0.2714 -1.0000 0.000000
1060.00 C 20280616 14.00 18.00 0 326 0.2145 0.1716 0.001200
1060.00 P 20280616 344.50 349.50 0 0 0.2738 -1.0000 0.000000
1065.00 C 20280616 13.50 17.50 0 211 0.2144 0.1676 0.001200
1065.00 P 20280616 349.50 354.50 0 0 0.2762 -1.0000 0.000000
1070.00 C 20280616 13.00 17.50 0 144 0.2143 0.1638 0.001200
1070.00 P 20280616 354.50 359.50 0 0 0.2786 -1.0000 0.000000
1075.00 C 20280616 12.50 17.00 0 227 0.2141 0.1601 0.001200
1075.00 P 20280616 359.50 364.50 0 0 0.2810 -1.0000 0.000000
1080.00 C 20280616 12.00 16.50 0 138 0.2150 0.1565 0.001200
1080.00 P 20280616 364.50 369.50 0 0 0.2833 -1.0000 0.000000
1085.00 C 20280616 12.00 16.00 0 309 0.2146 0.1530 0.001100
1085.00 P 20280616 369.50 374.50 0 0 0.2857 -1.0000 0.000000
1090.00 C 20280616 11.50 15.50 0 142 0.2154 0.1495 0.001100
1090.00 P 20280616 374.50 379.50 0 0 0.2880 -1.0000 0.000000
1095.00 C 20280616 11.00 15.50 0 318 0.2150 0.1461 0.001100
1095.00 P 20280616 379.50 384.50 0 0 0.2903 -1.0000 0.000000
1100.00 C 20280616 10.50 15.00 0 633 0.2145 0.1428 0.001100
1100.00 P 20280616 384.50 389.50 0 0 0.2926 -1.0000 0.000000
1105.00 C 20280616 10.50 14.50 2 225 0.2163 0.1396 0.001100
1105.00 P 20280616 389.50 394.50 0 0 0.2949 -1.0000 0.000000
1110.00 C 20280616 10.00 14.50 0 590 0.2157 0.1365 0.001000
1110.00 P 20280616 394.50 399.50 0 0 0.2972 -1.0000 0.000000
1115.00 C 20280616 11.00 14.00 12 1052 0.2187 0.1335 0.001000
1115.00 P 20280616 399.50 404.50 0 0 0.2994 -1.0000 0.000000
285.00 C 20281215 452.50 457.50 0 30 0.3808 0.9779 0.000100
285.00 P 20281215 4.00 7.00 1 526 0.4066 -0.0242 0.000100
290.00 C 20281215 448.50 453.00 0 11 0.3793 0.9768 0.000100
290.00 P 20281215 2.82 7.50 0 181 0.3950 -0.0253 0.000100
295.00 C 20281215 444.00 449.00 0 14 0.3776 0.9758 0.000100
295.00 P 20281215 3.03 7.50 0 256 0.3904 -0.0265 0.000100
300.00 C 20281215 440.00 444.50 0 250 0.3758 0.9746 0.000100
300.00 P 20281215 5.00 7.50 16 634 0.3982 -0.0277 0.000200
305.00 C 20281215 435.50 440.50 0 13 0.3738 0.9735 0.000200
305.00 P 20281215 3.00 8.00 0 878 0.3816 -0.0289 0.000200
310.00 C 20281215 431.00 436.00 0 24 0.3680 0.9723 0.000200
310.00 P 20281215 3.50 8.50 0 123 0.3825 -0.0302 0.000200
315.00 C 20281215 427.00 432.00 0 2 0.3696 0.9710 0.000200
315.00 P 20281215 3.50 8.50 0 54 0.3766 -0.0314 0.000200
320.00 C 20281215 422.50 427.50 0 8 0.3638 0.9698 0.000200
320.00 P 20281215 4.00 9.00 0 59 0.3771 -0.0328 0.000200
325.00 C 20281215 418.50 423.50 0 2 0.3650 0.9684 0.000200
325.00 P 20281215 4.00 9.00 0 12 0.3713 -0.0342 0.000200
330.00 C 20281215 414.00 419.00 0 3 0.3593 0.9670 0.000200
330.00 P 20281215 4.50 9.50 0 42 0.3715 -0.0357 0.000200
335.00 C 20281215 410.00 415.00 0 2 0.3601 0.9656 0.000200
335.00 P 20281215 4.50 9.50 0 103 0.3658 -0.0372 0.000200
340.00 C 20281215 406.00 410.50 0 4 0.3575 0.9642 0.000200
340.00 P 20281215 5.00 10.00 0 5 0.3657 -0.0387 0.000200
345.00 C 20281215 401.50 406.50 0 5 0.3550 0.9626 0.000200
345.00 P 20281215 5.00 10.00 0 11 0.3601 -0.0403 0.000200
350.00 C 20281215 397.50 402.00 0 62 0.3523 0.9611 0.000200
350.00 P 20281215 6.00 10.50 0 14662 0.3624 -0.0420 0.000200
355.00 C 20281215 393.00 398.00 0 11 0.3496 0.9595 0.000200
355.00 P 20281215 6.00 10.50 0 152 0.3568 -0.0437 0.000200
360.00 C 20281215 389.00 394.00 0 29 0.3496 0.9578 0.000200
360.00 P 20281215 6.00 11.00 0 260 0.3538 -0.0455 0.000200
365.00 C 20281215 385.00 389.50 0 12 0.3467 0.9561 0.000200
365.00 P 20281215 6.50 11.00 0 27 0.3507 -0.0473 0.000300
370.00 C 20281215 380.50 385.50 0 13 0.3439 0.9544 0.000300
370.00 P 20281215 7.00 11.50 0 46 0.3499 -0.0492 0.000300
375.00 C 20281215 376.50 381.00 0 3 0.3410 0.9525 0.000300
375.00 P 20281215 7.00 11.70 0 42 0.3454 -0.0511 0.000300
380.00 C 20281215 372.50 377.00 0 2 0.3404 0.9507 0.000300
380.00 P 20281215 7.50 12.00 0 62 0.3436 -0.0531 0.000300
385.00 C 20281215 368.50 373.00 0 4 0.3397 0.9487 0.000300
385.00 P 20281215 8.00 12.50 0 411 0.3426 -0.0552 0.000300
390.00 C 20281215 364.00 368.50 0 2 0.3344 0.9468 0.000300
390.00 P 20281215 8.50 13.00 0 129 0.3414 -0.0573 0.000300
395.00 C 20281215 360.00 364.50 0 16 0.3336 0.9447 0.000300
395.00 P 20281215 8.50 13.50 0 210 0.3381 -0.0595 0.000300
400.00 C 20281215 356.00 360.50 31 106 0.3325 0.9426 0.000300
400.00 P 20281215 9.24 13.49 23 11850 0.3357 -0.0617 0.000300
405.00 C 20281215 352.00 356.50 0 1 0.3314 0.9405 0.000300
405.00 P 20281215 9.50 14.00 104 277 0.3334 -0.0641 0.000400
410.00 C 20281215 348.00 352.50 0 5 0.3302 0.9382 0.000300
410.00 P 20281215 10.00 14.50 0 36 0.3319 -0.0664 0.000400
415.00 C 20281215 343.50 348.00 0 0 0.3269 0.9360 0.000400
415.00 P 20281215 10.50 15.00 0 81 0.3303 -0.0689 0.000400
420.00 C 20281215 339.50 344.00 0 30 0.3237 0.9336 0.000400
420.00 P 20281215 11.00 15.50 2 179 0.3286 -0.0714 0.000400
425.00 C 20281215 335.50 340.00 0 2 0.3222 0.9312 0.000400
425.00 P 20281215 11.50 16.00 0 45 0.3268 -0.0741 0.000400
430.00 C 20281215 331.50 336.00 0 4 0.3207 0.9288 0.000400
430.00 P 20281215 12.00 16.50 2 226 0.3249 -0.0768 0.000400
435.00 C 20281215 327.50 332.00 0 4 0.3191 0.9262 0.000400
435.00 P 20281215 12.50 17.00 30 106 0.3230 -0.0795 0.000400
440.00 C 20281215 323.50 328.00 0 4 0.3174 0.9236 0.000400
440.00 P 20281215 13.00 17.50 0 170 0.3210 -0.0823 0.000400
445.00 C 20281215 319.50 324.00 0 16 0.3156 0.9210 0.000400
445.00 P 20281215 13.50 18.00 0 133 0.3190 -0.0852 0.000500
450.00 C 20281215 318.00 320.00 1 33 0.3231 0.9183 0.000400
450.00 P 20281215 14.14 18.50 22 2303 0.3173 -0.0882 0.000500
455.00 C 20281215 312.00 316.50 0 2 0.3150 0.9155 0.000500
455.00 P 20281215 14.50 19.00 0 92 0.3162 -0.0912 0.000500
460.00 C 20281215 308.00 312.50 1 10 0.3130 0.9126 0.000500
460.00 P 20281215 15.50 20.00 0 263 0.3154 -0.0944 0.000500
465.00 C 20281215 304.00 308.50 0 4 0.3109 0.9097 0.000500
465.00 P 20281215 16.00 20.50 6 161 0.3130 -0.0976 0.000500
470.00 C 20281215 300.00 304.50 0 13 0.3088 0.9067 0.000500
470.00 P 20281215 16.50 21.00 0 721 0.3107 -0.1009 0.000500
475.00 C 20281215 296.00 300.50 1 134 0.3066 0.9036 0.000500
475.00 P 20281215 17.00 22.00 0 158 0.3096 -0.1043 0.000600
480.00 C 20281215 292.50 297.00 0 22 0.3071 0.9005 0.000500
480.00 P 20281215 18.00 22.50 0 296 0.3084 -0.1078 0.000600
485.00 C 20281215 288.50 293.00 0 8 0.3048 0.8973 0.000500
485.00 P 20281215 18.50 23.00 0 143 0.3058 -0.1113 0.000600
490.00 C 20281215 284.50 289.00 0 21 0.3024 0.8940 0.000600
490.00 P 20281215 19.50 24.00 0 94 0.3057 -0.1150 0.000600
495.00 C 20281215 281.00 285.50 0 21 0.3026 0.8906 0.000600
495.00 P 20281215 20.00 24.50 0 244 0.3030 -0.1187 0.000600
500.00 C 20281215 277.00 281.50 0 231 0.3001 0.8872 0.000600
500.00 P 20281215 21.00 25.50 2 9590 0.3027 -0.1225 0.000600
505.00 C 20281215 273.50 278.00 0 20 0.3000 0.8837 0.000600
505.00 P 20281215 21.50 26.00 0 53 0.3000 -0.1264 0.000700
510.00 C 20281215 269.50 274.00 0 55 0.2974 0.8802 0.000600
510.00 P 20281215 22.50 27.00 0 129 0.2994 -0.1304 0.000700
515.00 C 20281215 266.00 270.50 0 55 0.2971 0.8765 0.000600
515.00 P 20281215 23.50 28.00 0 164 0.2987 -0.1345 0.000700
520.00 C 20281215 262.00 266.50 0 43 0.2945 0.8728 0.000600
520.00 P 20281215 24.00 28.50 1 371 0.2958 -0.1387 0.000700
525.00 C 20281215 258.50 263.00 0 28 0.2940 0.8690 0.000700
525.00 P 20281215 25.00 29.50 0 831 0.2949 -0.1430 0.000700
530.00 C 20281215 255.00 259.50 0 371 0.2934 0.8651 0.000700
530.00 P 20281215 26.00 30.50 0 459 0.2940 -0.1473 0.000800
535.00 C 20281215 251.00 255.50 0 31 0.2906 0.8612 0.000700
535.00 P 20281215 29.15 31.50 0 45 0.2972 -0.1518 0.000800
540.00 C 20281215 247.50 252.00 0 37 0.2899 0.8572 0.000700
540.00 P 20281215 28.00 32.50 0 126 0.2918 -0.1564 0.000800
545.00 C 20281215 244.00 248.50 0 38 0.2890 0.8531 0.000700
545.00 P 20281215 30.25 33.50 0 34 0.2930 -0.1610 0.000800
550.00 C 20281215 240.50 245.00 0 116 0.2881 0.8489 0.000800
550.00 P 20281215 30.00 34.50 1 3908 0.2893 -0.1658 0.000800
555.00 C 20281215 237.00 241.50 0 12 0.2871 0.8447 0.000800
555.00 P 20281215 31.00 35.50 0 66 0.2880 -0.1706 0.000900
560.00 C 20281215 233.50 238.00 0 64 0.2860 0.8404 0.000800
560.00 P 20281215 32.00 36.50 0 773 0.2865 -0.1756 0.000900
565.00 C 20281215 230.00 234.50 0 141 0.2848 0.8360 0.000800
565.00 P 20281215 33.00 37.50 0 373 0.2850 -0.1806 0.000900
570.00 C 20281215 226.50 231.00 0 200 0.2836 0.8316 0.000800
570.00 P 20281215 34.00 38.50 0 217 0.2833 -0.1858 0.000900
575.00 C 20281215 223.00 227.50 0 431 0.2823 0.8270 0.000800
575.00 P 20281215 35.00 40.00 0 264 0.2825 -0.1911 0.001000
580.00 C 20281215 219.50 224.00 0 144 0.2809 0.8224 0.000800
580.00 P 20281215 37.00 41.00 0 1304 0.2825 -0.1965 0.001000
585.00 C 20281215 216.00 220.50 0 216 0.2795 0.8177 0.000900
585.00 P 20281215 37.50 42.00 0 295 0.2798 -0.2019 0.001000
590.00 C 20281215 212.50 217.00 0 187 0.2788 0.8130 0.000900
590.00 P 20281215 39.00 43.50 0 210 0.2796 -0.2075 0.001000
595.00 C 20281215 209.50 214.00 0 126 0.2781 0.8081 0.000900
595.00 P 20281215 40.00 44.50 0 448 0.2776 -0.2132 0.001000
600.00 C 20281215 206.00 210.50 0 795 0.2765 0.8032 0.000900
600.00 P 20281215 41.50 46.00 1 12759 0.2771 -0.2189 0.001100
605.00 C 20281215 202.50 207.00 0 82 0.2756 0.7983 0.000900
605.00 P 20281215 42.50 47.00 0 434 0.2750 -0.2248 0.001100
610.00 C 20281215 199.50 204.00 0 513 0.2746 0.7932 0.001000
610.00 P 20281215 44.00 48.50 0 715 0.2744 -0.2308 0.001100
615.00 C 20281215 196.00 200.50 5 326 0.2728 0.7881 0.001000
615.00 P 20281215 45.50 50.00 0 154 0.2737 -0.2370 0.001100
620.00 C 20281215 193.00 197.50 6 280 0.2725 0.7829 0.001000
620.00 P 20281215 47.00 51.50 0 1026 0.2728 -0.2432 0.001200
625.00 C 20281215 190.00 194.00 0 533 0.2713 0.7776 0.001000
625.00 P 20281215 50.75 53.00 2 227 0.2753 -0.2496 0.001200
630.00 C 20281215 186.50 191.00 0 166 0.2701 0.7723 0.001000
630.00 P 20281215 50.00 54.50 2 329 0.2709 -0.2560 0.001200
635.00 C 20281215 183.50 188.00 0 29 0.2695 0.7669 0.001000
635.00 P 20281215 51.00 56.00 0 35 0.2692 -0.2625 0.001200
640.00 C 20281215 180.00 184.50 0 30 0.2682 0.7614 0.001100
640.00 P 20281215 53.00 57.50 0 388 0.2687 -0.2692 0.001300
645.00 C 20281215 177.00 181.50 0 33 0.2667 0.7559 0.001100
645.00 P 20281215 54.50 59.00 0 108 0.2675 -0.2760 0.001300
650.00 C 20281215 175.00 178.50 3 368 0.2674 0.7503 0.001100
650.00 P 20281215 58.00 60.50 0 6852 0.2690 -0.2829 0.001300
655.00 C 20281215 171.00 175.50 0 54 0.2651 0.7446 0.001100
655.00 P 20281215 57.50 62.00 0 222 0.2647 -0.2899 0.001400
660.00 C 20281215 168.00 172.50 4 224 0.2642 0.7388 0.001100
660.00 P 20281215 59.00 63.50 0 303 0.2639 -0.2971 0.001400
665.00 C 20281215 165.00 169.50 0 45 0.2632 0.7330 0.001200
665.00 P 20281215 61.00 65.50 0 121 0.2630 -0.3043 0.001400
670.00 C 20281215 162.00 166.50 0 133 0.2621 0.7272 0.001200
670.00 P 20281215 62.50 67.00 0 440 0.2613 -0.3118 0.001400
675.00 C 20281215 159.00 163.50 1 287 0.2610 0.7212 0.001200
675.00 P 20281215 64.50 69.00 0 114 0.2609 -0.3192 0.001500
680.00 C 20281215 156.00 160.50 1 152 0.2598 0.7152 0.001200
680.00 P 20281215 66.00 71.00 0 294 0.2597 -0.3268 0.001500
685.00 C 20281215 153.00 157.50 0 72 0.2586 0.7091 0.001200
685.00 P 20281215 68.00 72.50 0 167 0.2584 -0.3345 0.001500
690.00 C 20281215 150.50 155.00 6 253 0.2586 0.7030 0.001200
690.00 P 20281215 70.00 74.50 0 691 0.2578 -0.3424 0.001500
695.00 C 20281215 147.50 152.00 0 97 0.2572 0.6968 0.001300
695.00 P 20281215 72.00 76.50 0 261 0.2570 -0.3504 0.001600
700.00 C 20281215 145.80 149.00 37 3412 0.2574 0.6906 0.001300
700.00 P 20281215 74.50 78.50 556 2171 0.2567 -0.3585 0.001600
705.00 C 20281215 142.50 146.50 0 127 0.2562 0.6843 0.001300
705.00 P 20281215 75.50 80.50 0 457 0.2544 -0.3667 0.001600
710.00 C 20281215 141.01 143.50 4 241 0.2565 0.6779 0.001300
710.00 P 20281215 78.00 82.50 11 862 0.2540 -0.3751 0.001700
715.00 C 20281215 136.50 141.00 3 181 0.2536 0.6715 0.001300
715.00 P 20281215 80.00 84.50 214 555 0.2528 -0.3836 0.001700
720.00 C 20281215 133.50 138.00 2 361 0.2519 0.6650 0.001300
720.00 P 20281215 82.00 86.50 1 763 0.2515 -0.3922 0.001700
725.00 C 20281215 131.00 135.50 5 248 0.2514 0.6585 0.001400
725.00 P 20281215 84.00 88.50 2 283 0.2502 -0.4009 0.001800
730.00 C 20281215 128.50 133.00 8 2055 0.2508 0.6520 0.001400
730.00 P 20281215 86.00 91.00 0 518 0.2494 -0.4097 0.001800
735.00 C 20281215 125.50 130.00 2 62 0.2489 0.6453 0.001400
735.00 P 20281215 88.50 93.00 0 480 0.2484 -0.4187 0.001800
740.00 C 20281215 123.00 127.50 1 191 0.2482 0.6387 0.001400
740.00 P 20281215 90.50 95.50 0 460 0.2474 -0.4279 0.001800
745.00 C 20281215 120.50 125.00 1 84 0.2474 0.6320 0.001400
745.00 P 20281215 93.00 97.50 0 327 0.2462 -0.4372 0.001900
750.00 C 20281215 118.00 122.50 3 436 0.2466 0.6252 0.001400
750.00 P 20281215 97.00 100.00 0 1188 0.2476 -0.4465 0.001900
755.00 C 20281215 115.50 120.00 0 49 0.2456 0.6184 0.001400
755.00 P 20281215 98.00 102.50 0 5 0.2450 -0.4559 0.001900
760.00 C 20281215 113.00 117.50 2 347 0.2447 0.6116 0.001400
760.00 P 20281215 100.50 105.00 0 413 0.2441 -0.4657 0.002000
765.00 C 20281215 110.50 115.00 0 97 0.2436 0.6047 0.001500
765.00 P 20281215 103.00 107.50 0 4 0.2431 -0.4755 0.002000
770.00 C 20281215 108.00 112.50 0 2089 0.2425 0.5978 0.001500
770.00 P 20281215 105.50 110.00 0 13 0.2421 -0.4854 0.002000
775.00 C 20281215 108.00 110.50 0 33 0.2449 0.5909 0.001500
775.00 P 20281215 108.00 112.50 0 158 0.2410 -0.4953 0.002100
780.00 C 20281215 103.50 108.00 1 351 0.2413 0.5839 0.001500
780.00 P 20281215 110.50 115.00 1 238 0.2396 -0.5055 0.002100
785.00 C 20281215 101.00 105.50 0 22 0.2400 0.5769 0.001500
785.00 P 20281215 113.00 118.00 0 720 0.2388 -0.5160 0.002100
790.00 C 20281215 99.00 103.50 1 300 0.2398 0.5699 0.001500
790.00 P 20281215 116.00 120.50 0 106 0.2380 -0.5264 0.002200
795.00 C 20281215 96.50 101.00 0 534 0.2383 0.5629 0.001500
795.00 P 20281215 118.50 123.50 0 2 0.2370 -0.5370 0.002200
800.00 C 20281215 94.50 99.00 13 3276 0.2380 0.5558 0.001500
800.00 P 20281215 122.00 126.00 3 2191 0.2365 -0.5476 0.002200
805.00 C 20281215 92.50 96.50 0 231 0.2370 0.5487 0.001500
805.00 P 20281215 124.50 129.00 0 233 0.2352 -0.5587 0.002300
810.00 C 20281215 90.00 94.50 1 198 0.2359 0.5416 0.001600
810.00 P 20281215 127.50 132.00 12 37 0.2344 -0.5697 0.002300
815.00 C 20281215 88.00 92.50 0 15 0.2354 0.5345 0.001600
815.00 P 20281215 130.50 135.00 0 17 0.2336 -0.5808 0.002300
820.00 C 20281215 86.00 90.50 0 227 0.2348 0.5274 0.001600
820.00 P 20281215 133.50 138.00 0 3 0.2326 -0.5918 0.002400
825.00 C 20281215 84.00 88.00 0 288 0.2336 0.5203 0.001600
825.00 P 20281215 136.50 141.00 0 12 0.2313 -0.6034 0.002400
830.00 C 20281215 82.00 86.00 0 165 0.2328 0.5132 0.001600
830.00 P 20281215 139.50 144.00 3 1335 0.2300 -0.6151 0.002400
835.00 C 20281215 80.00 84.00 14 38 0.2320 0.5060 0.001600
835.00 P 20281215 143.00 147.50 0 8 0.2299 -0.6267 0.002500
840.00 C 20281215 78.00 82.00 1 282 0.2312 0.4989 0.001600
840.00 P 20281215 146.00 150.50 0 540 0.2283 -0.6383 0.002500
845.00 C 20281215 76.00 80.50 0 136 0.2308 0.4918 0.001600
845.00 P 20281215 149.50 154.00 0 2 0.2278 -0.6501 0.002500
850.00 C 20281215 74.50 78.50 1 3475 0.2304 0.4847 0.001600
850.00 P 20281215 153.00 157.50 0 1340 0.2272 -0.6623 0.002600
855.00 C 20281215 72.50 76.50 0 35 0.2293 0.4776 0.001600
855.00 P 20281215 156.50 161.00 2 39 0.2265 -0.6747 0.002600
860.00 C 20281215 70.50 74.50 1 720 0.2288 0.4705 0.001600
860.00 P 20281215 160.00 164.50 0 566 0.2257 -0.6869 0.002600
865.00 C 20281215 69.00 73.00 0 26 0.2281 0.4635 0.001600
865.00 P 20281215 163.50 168.00 0 17 0.2246 -0.6990 0.002700
870.00 C 20281215 67.00 71.00 0 1377 0.2269 0.4564 0.001600
870.00 P 20281215 167.00 171.50 0 17 0.2231 -0.7115 0.002700
875.00 C 20281215 65.50 69.50 0 56 0.2267 0.4494 0.001600
875.00 P 20281215 171.00 175.50 0 22 0.2233 -0.7237 0.002700
880.00 C 20281215 64.00 68.00 0 576 0.2265 0.4424 0.001600
880.00 P 20281215 174.50 179.00 12 231 0.2216 -0.7358 0.002700
885.00 C 20281215 62.00 66.00 0 53 0.2250 0.4355 0.001600
885.00 P 20281215 178.50 183.00 0 14 0.2214 -0.7482 0.002700
890.00 C 20281215 60.50 64.50 0 58 0.2247 0.4286 0.001600
890.00 P 20281215 182.50 187.00 0 14 0.2208 -0.7608 0.002800
895.00 C 20281215 59.00 63.00 0 70 0.2243 0.4217 0.001600
895.00 P 20281215 186.50 191.00 0 2 0.2200 -0.7737 0.002800
900.00 C 20281215 57.50 61.50 3 3702 0.2238 0.4149 0.001600
900.00 P 20281215 190.50 195.00 0 86 0.2191 -0.7872 0.002800
905.00 C 20281215 56.00 60.00 0 958 0.2232 0.4081 0.001600
905.00 P 20281215 194.50 199.00 0 2 0.2180 -0.8005 0.002900
910.00 C 20281215 54.50 58.50 0 118 0.2226 0.4014 0.001600
910.00 P 20281215 198.50 203.50 0 11 0.2175 -0.8135 0.002900
915.00 C 20281215 53.00 57.00 0 522 0.2220 0.3947 0.001600
915.00 P 20281215 203.00 207.50 0 18 0.2168 -0.8262 0.002900
920.00 C 20281215 51.50 55.50 0 226 0.2212 0.3880 0.001600
920.00 P 20281215 207.50 212.00 0 67 0.2172 -0.8395 0.003000
925.00 C 20281215 50.50 54.00 0 323 0.2217 0.3815 0.001600
925.00 P 20281215 211.50 216.50 0 62 0.2159 -0.8534 0.003100
930.00 C 20281215 49.00 53.00 0 1332 0.2208 0.3749 0.001600
930.00 P 20281215 216.00 221.00 2 4 0.2158 -0.8671 0.003200
935.00 C 20281215 47.50 51.50 0 56 0.2199 0.3685 0.001600
935.00 P 20281215 220.50 225.50 0 18 0.2141 -0.8803 0.003200
940.00 C 20281215 46.50 50.50 0 296 0.2201 0.3621 0.001600
940.00 P 20281215 225.50 230.00 0 4 0.2143 -0.8927 0.003200
945.00 C 20281215 45.00 49.00 0 368 0.2191 0.3558 0.001600
945.00 P 20281215 230.00 235.00 0 1 0.2145 -0.9038 0.003100
950.00 C 20281215 46.50 48.00 11 2278 0.2224 0.3495 0.001600
950.00 P 20281215 234.50 239.50 0 0 0.2118 -0.9142 0.002900
955.00 C 20281215 43.00 46.50 0 244 0.2187 0.3433 0.001600
955.00 P 20281215 239.50 244.50 0 10 0.2144 -0.9245 0.002800
960.00 C 20281215 41.50 45.50 0 589 0.2181 0.3372 0.001500
960.00 P 20281215 244.50 249.50 0 10 0.2171 -0.9345 0.002700
965.00 C 20281215 40.50 44.50 0 290 0.2180 0.3312 0.001500
965.00 P 20281215 249.50 254.50 0 0 0.2197 -0.9437 0.002500
970.00 C 20281215 39.50 43.50 0 73 0.2180 0.3253 0.001500
970.00 P 20281215 254.50 259.50 0 0 0.2224 -0.9518 0.002200
975.00 C 20281215 38.50 42.50 0 395 0.2178 0.3194 0.001500
975.00 P 20281215 259.50 264.50 0 0 0.2249 -0.9596 0.001900
980.00 C 20281215 37.50 41.50 1 5312 0.2176 0.3136 0.001500
980.00 P 20281215 264.50 269.50 0 0 0.2275 -0.9670 0.001500
985.00 C 20281215 36.50 40.50 5 285 0.2174 0.3079 0.001500
985.00 P 20281215 269.50 274.50 0 0 0.2301 -0.9736 0.001200
990.00 C 20281215 35.50 39.50 0 1061 0.2171 0.3022 0.001500
990.00 P 20281215 274.50 279.50 0 0 0.2326 -0.9798 0.000900
995.00 C 20281215 34.50 38.50 0 362 0.2167 0.2967 0.001500
995.00 P 20281215 279.50 284.50 0 0 0.2351 -0.9842 0.000700
1000.00 C 20281215 33.50 37.50 14 1119 0.2163 0.2912 0.001500
1000.00 P 20281215 284.50 289.50 0 0 0.2376 -0.9877 0.000600
1005.00 C 20281215 32.50 36.50 0 204 0.2158 0.2858 0.001400
1005.00 P 20281215 289.50 294.50 0 0 0.2401 -0.9911 0.000400
1010.00 C 20281215 32.00 36.00 1 563 0.2167 0.2806 0.001400
1010.00 P 20281215 294.50 299.50 0 0 0.2425 -0.9944 0.000300
1015.00 C 20281215 31.00 35.00 0 143 0.2161 0.2754 0.001400
1015.00 P 20281215 299.50 304.50 0 0 0.2450 -0.9976 0.000100
1020.00 C 20281215 30.00 34.00 0 240 0.2155 0.2702 0.001400
1020.00 P 20281215 304.50 309.50 0 0 0.2474 -1.0000 0.000000
1025.00 C 20281215 29.50 33.50 0 53 0.2162 0.2652 0.001400
1025.00 P 20281215 309.50 314.50 0 0 0.2498 -1.0000 0.000000
1030.00 C 20281215 28.50 32.50 0 40 0.2155 0.2603 0.001400
1030.00 P 20281215 314.50 319.50 0 0 0.2522 -1.0000 0.000000
1035.00 C 20281215 28.00 32.00 0 737 0.2161 0.2554 0.001400
1035.00 P 20281215 319.50 324.50 0 0 0.2546 -1.0000 0.000000
1040.00 C 20281215 27.00 31.00 0 63 0.2152 0.2506 0.001400
1040.00 P 20281215 324.50 329.50 0 0 0.2569 -1.0000 0.000000
1045.00 C 20281215 26.50 30.50 0 11 0.2158 0.2459 0.001300
1045.00 P 20281215 329.50 334.50 0 0 0.2593 -1.0000 0.000000
1050.00 C 20281215 28.00 30.00 18 6358 0.2193 0.2413 0.001300
1050.00 P 20281215 334.50 339.50 0 0 0.2616 -1.0000 0.000000
1055.00 C 20281215 25.00 29.00 0 90 0.2153 0.2368 0.001300
1055.00 P 20281215 339.50 344.50 0 0 0.2639 -1.0000 0.000000
1060.00 C 20281215 24.50 28.50 0 119 0.2158 0.2324 0.001300
1060.00 P 20281215 344.50 349.50 0 0 0.2662 -1.0000 0.000000
1065.00 C 20281215 24.00 28.00 0 264 0.2162 0.2280 0.001300
1065.00 P 20281215 349.50 354.50 0 0 0.2685 -1.0000 0.000000
1070.00 C 20281215 23.00 27.50 0 224 0.2158 0.2238 0.001300
1070.00 P 20281215 354.50 359.50 0 0 0.2708 -1.0000 0.000000
1075.00 C 20281215 22.50 27.00 0 371 0.2161 0.2196 0.001300
1075.00 P 20281215 359.50 364.50 0 0 0.2730 -1.0000 0.000000
1080.00 C 20281215 22.00 26.00 0 890 0.2156 0.2155 0.001200
1080.00 P 20281215 364.50 369.50 0 0 0.2753 -1.0000 0.000000
1085.00 C 20281215 21.50 25.50 5 771 0.2158 0.2114 0.001200
1085.00 P 20281215 369.50 374.50 0 0 0.2775 -1.0000 0.000000
1090.00 C 20281215 21.00 25.00 0 290 0.2160 0.2075 0.001200
1090.00 P 20281215 374.50 379.50 0 0 0.2797 -1.0000 0.000000
1095.00 C 20281215 20.50 24.50 0 402 0.2162 0.2036 0.001200
1095.00 P 20281215 379.50 384.50 0 0 0.2819 -1.0000 0.000000
1100.00 C 20281215 21.00 24.00 9 5415 0.2180 0.1998 0.001200
1100.00 P 20281215 384.50 389.50 0 0 0.2841 -1.0000 0.000000
1105.00 C 20281215 19.50 23.50 0 185 0.2164 0.1961 0.001200
1105.00 P 20281215 389.50 394.50 0 0 0.2863 -1.0000 0.000000
1110.00 C 20281215 19.00 23.50 0 255 0.2173 0.1925 0.001200
1110.00 P 20281215 394.50 399.50 0 0 0.2884 -1.0000 0.000000
1115.00 C 20281215 20.18 21.50 20 2185 0.2177 0.1889 0.001200
1115.00 P 20281215 399.50 404.50 0 0 0.2906 -1.0000 0.000000
