# opt_chain SKHY | epoch 1787499738 | 2026-08-23 11:42:18 | spot 163.7700 | exps 20260828 20260904 20260911 20260918 20260925 20261002 20261016 20261120 20261218 20270115 20270319 20270617
# fuente cboe | spot_src cboe | spot_age 157339 | band 1.1831 | greeks_ok_pct 1.0000 | bidask_ok_pct 1.0000
# delayed y DESIGUAL entre simbolos (fuente_ts 2026-08-21T15:59:59): NO dispara ninguna orden
# strike right exp bid ask vol oi iv delta gamma
25.00 C 20260828 130.10 146.00 0 0 -1.0000 1.0000 0.000000
25.00 P 20260828 0.00 0.05 0 54 4.7603 -0.0001 0.000000
30.00 C 20260828 125.10 141.00 0 0 -1.0000 0.9999 0.000000
30.00 P 20260828 0.00 0.05 0 22 4.2990 -0.0001 0.000000
35.00 C 20260828 124.00 133.20 0 0 5.0940 0.9999 0.000000
35.00 P 20260828 0.00 0.05 0 62 3.9123 -0.0001 0.000000
40.00 C 20260828 118.50 128.30 0 0 3.8472 0.9999 0.000000
40.00 P 20260828 0.00 0.40 50 53 3.5794 -0.0001 0.000000
45.00 C 20260828 113.50 123.40 0 2 3.7894 0.9999 0.000000
45.00 P 20260828 0.00 0.25 0 1 3.9016 -0.0002 0.000000
50.00 C 20260828 111.80 118.20 0 0 5.4697 0.9999 0.000000
50.00 P 20260828 0.00 0.10 0 17 3.2415 -0.0002 0.000000
55.00 C 20260828 106.80 113.40 0 2 5.1246 0.9999 0.000000
55.00 P 20260828 0.00 0.45 0 15 3.5829 -0.0002 0.000000
60.00 C 20260828 101.90 107.80 0 0 4.5876 0.9998 0.000000
60.00 P 20260828 0.00 0.40 0 566 3.2600 -0.0002 0.000000
65.00 C 20260828 94.00 102.80 0 25 2.4324 0.9998 0.000000
65.00 P 20260828 0.00 1.30 0 880 3.6202 -0.0003 0.000000
70.00 C 20260828 89.00 97.80 0 1 2.2153 0.9997 0.000000
70.00 P 20260828 0.00 2.60 4 139 2.1994 -0.0003 0.000000
75.00 C 20260828 87.10 92.80 0 10 3.7121 0.9997 0.000000
75.00 P 20260828 0.00 0.05 3 188 3.5598 -0.0004 0.000000
80.00 C 20260828 81.90 87.80 0 24 3.3907 0.9996 0.000000
80.00 P 20260828 0.00 0.05 0 131 1.8713 -0.0005 0.000000
85.00 C 20260828 77.10 82.80 0 1 3.1875 0.9994 0.000100
85.00 P 20260828 0.00 0.05 1207 425 1.7221 -0.0006 0.000100
90.00 C 20260828 72.10 77.80 0 4 2.9478 0.9992 0.000100
90.00 P 20260828 0.00 1.20 1 415 2.4186 -0.0008 0.000100
95.00 C 20260828 67.20 72.80 0 0 2.7412 0.9990 0.000100
95.00 P 20260828 0.00 0.25 12 692 1.7413 -0.0011 0.000100
100.00 C 20260828 62.10 67.80 0 12 2.5043 0.9986 0.000200
100.00 P 20260828 0.00 0.05 39 1466 1.3203 -0.0015 0.000200
105.00 C 20260828 54.00 62.80 0 4 -1.0000 0.9980 0.000200
105.00 P 20260828 0.00 0.10 0 1129 1.2924 -0.0021 0.000200
110.00 C 20260828 52.20 57.80 0 7 2.1164 0.9971 0.000400
110.00 P 20260828 0.00 0.05 212 13853 1.0824 -0.0030 0.000400
115.00 C 20260828 44.00 52.00 0 2 -1.0000 0.9956 0.000600
115.00 P 20260828 0.00 0.10 1103 1094 1.0489 -0.0045 0.000600
117.00 C 20260828 45.20 50.80 0 0 1.8494 0.9947 0.000700
117.00 P 20260828 0.00 0.10 43 235 1.0024 -0.0053 0.000700
118.00 C 20260828 41.00 49.90 0 0 0.9451 0.9942 0.000800
118.00 P 20260828 0.05 0.10 141 185 1.0301 -0.0058 0.000800
119.00 C 20260828 43.20 49.00 0 0 1.8050 0.9937 0.000800
119.00 P 20260828 0.05 0.10 21 84 1.0063 -0.0064 0.000800
120.00 C 20260828 42.40 48.00 0 52 1.7963 0.9931 0.000900
120.00 P 20260828 0.05 0.10 132 1767 0.9826 -0.0070 0.000900
121.00 C 20260828 41.10 47.00 0 0 1.7167 0.9924 0.001000
121.00 P 20260828 0.00 0.20 8 103 1.0291 -0.0077 0.001000
122.00 C 20260828 37.40 42.80 0 0 -1.0000 0.9917 0.001100
122.00 P 20260828 0.05 0.20 15 62 1.0044 -0.0084 0.001100
123.00 C 20260828 39.20 44.80 0 0 1.6299 0.9908 0.001200
123.00 P 20260828 0.05 0.20 1 25 0.9798 -0.0093 0.001200
124.00 C 20260828 35.30 43.90 0 0 1.0121 0.9899 0.001400
124.00 P 20260828 0.00 0.20 8 139 0.9553 -0.0102 0.001400
125.00 C 20260828 34.00 42.90 0 23 0.7772 0.9888 0.001500
125.00 P 20260828 0.05 0.10 105 1857 0.8665 -0.0113 0.001500
126.00 C 20260828 33.00 41.90 0 0 0.7540 0.9876 0.001600
126.00 P 20260828 0.05 0.15 10 173 0.8779 -0.0124 0.001600
127.00 C 20260828 35.20 37.80 1 1 0.8275 0.9863 0.001800
127.00 P 20260828 0.05 0.25 5 79 0.9078 -0.0138 0.001800
128.00 C 20260828 34.20 39.90 0 33 1.4653 0.9848 0.002000
128.00 P 20260828 0.05 0.15 27 308 0.8312 -0.0153 0.002000
129.00 C 20260828 33.30 38.90 0 1 1.4428 0.9832 0.002200
129.00 P 20260828 0.05 0.25 1 205 0.8590 -0.0169 0.002200
130.00 C 20260828 29.00 38.00 18 105 0.7564 0.9813 0.002500
130.00 P 20260828 0.10 0.15 180 1214 0.8115 -0.0188 0.002500
131.00 C 20260828 28.00 35.60 0 1 -1.0000 0.9792 0.002800
131.00 P 20260828 0.05 0.20 5 94 0.7880 -0.0209 0.002800
132.00 C 20260828 30.40 36.00 0 3 1.3611 0.9768 0.003100
132.00 P 20260828 0.10 0.30 35 179 0.8252 -0.0233 0.003100
133.00 C 20260828 29.40 34.20 0 2 1.2288 0.9741 0.003400
133.00 P 20260828 0.10 0.15 19 208 0.7412 -0.0260 0.003400
134.00 C 20260828 28.50 33.30 0 4 1.2200 0.9711 0.003800
134.00 P 20260828 0.15 0.25 20 66 0.7583 -0.0290 0.003800
135.00 C 20260828 24.80 32.40 1 341 0.7328 0.9677 0.004200
135.00 P 20260828 0.15 0.25 395 1545 0.7513 -0.0324 0.004200
136.00 C 20260828 26.40 30.80 0 64 1.0784 0.9639 0.004600
136.00 P 20260828 0.15 0.25 208 362 0.7268 -0.0362 0.004600
137.00 C 20260828 25.50 30.40 0 20 1.1302 0.9596 0.005100
137.00 P 20260828 0.20 0.30 22 577 0.7316 -0.0406 0.005100
138.00 C 20260828 24.50 26.80 0 70 0.6904 0.9548 0.005600
138.00 P 20260828 0.20 0.30 32 380 0.7066 -0.0454 0.005700
139.00 C 20260828 23.80 25.90 1 16 0.7580 0.9494 0.006200
139.00 P 20260828 0.25 0.40 342 377 0.7179 -0.0508 0.006300
140.00 C 20260828 23.30 25.60 12 191 0.9126 0.9433 0.006900
140.00 P 20260828 0.30 0.40 910 2336 0.7028 -0.0569 0.006900
141.00 C 20260828 19.00 26.70 6 52 0.7036 0.9365 0.007600
141.00 P 20260828 0.35 0.50 607 149 0.7060 -0.0638 0.007600
142.00 C 20260828 20.70 25.70 0 39 1.0118 0.9289 0.008400
142.00 P 20260828 0.45 0.55 610 1174 0.7051 -0.0714 0.008400
143.00 C 20260828 17.10 24.80 4 21 0.6832 0.9204 0.009200
143.00 P 20260828 0.50 0.60 421 88 0.6934 -0.0799 0.009300
144.00 C 20260828 16.20 23.90 2 18 0.6852 0.9110 0.010100
144.00 P 20260828 0.55 0.80 216 79 0.7014 -0.0893 0.010200
145.00 C 20260828 15.30 23.00 11 199 0.6834 0.9006 0.011100
145.00 P 20260828 0.65 0.75 620 991 0.6856 -0.0998 0.011100
146.00 C 20260828 14.40 22.10 1 17 0.6786 0.8891 0.012000
146.00 P 20260828 0.75 0.90 194 101 0.6808 -0.1113 0.012100
147.00 C 20260828 13.50 21.20 1 52 0.6713 0.8765 0.013100
147.00 P 20260828 0.85 1.05 227 59 0.6789 -0.1240 0.013200
148.00 C 20260828 12.60 20.30 1 118 0.6617 0.8627 0.014200
148.00 P 20260828 1.05 1.15 215 300 0.6791 -0.1379 0.014200
149.00 C 20260828 13.50 18.90 0 31 0.7677 0.8477 0.015300
149.00 P 20260828 1.20 1.30 84 108 0.6760 -0.1530 0.015300
150.00 C 20260828 13.90 16.60 59 1038 0.6639 0.8314 0.016400
150.00 P 20260828 1.35 1.50 1046 1479 0.6789 -0.1693 0.016500
152.50 C 20260828 12.40 13.80 6 60 0.7035 0.7852 0.019200
152.50 P 20260828 1.80 2.10 416 281 0.6714 -0.2157 0.019300
155.00 C 20260828 10.60 11.70 53 411 0.6828 0.7318 0.021800
155.00 P 20260828 2.55 2.70 949 1619 0.6707 -0.2694 0.021900
157.50 C 20260828 9.10 10.00 37 360 0.7025 0.6723 0.023900
157.50 P 20260828 3.20 3.60 258 456 0.6639 -0.3291 0.024000
160.00 C 20260828 7.80 8.50 469 1737 0.7020 0.6088 0.025300
160.00 P 20260828 4.30 4.60 1868 946 0.6712 -0.3928 0.025400
162.50 C 20260828 6.50 7.00 351 377 0.6952 0.5437 0.026000
162.50 P 20260828 5.40 5.90 373 167 0.6767 -0.4580 0.026100
165.00 C 20260828 5.40 5.60 3550 1056 0.6988 0.4791 0.025900
165.00 P 20260828 6.60 7.40 535 3722 0.6801 -0.5229 0.026100
167.50 C 20260828 4.40 4.70 486 327 0.6964 0.4172 0.025200
167.50 P 20260828 8.20 8.90 93 62 0.6882 -0.5851 0.025300
170.00 C 20260828 3.50 3.80 3572 1505 0.7005 0.3593 0.023800
170.00 P 20260828 9.80 10.60 252 385 0.6851 -0.6430 0.024000
172.50 C 20260828 2.75 3.20 388 274 0.7032 0.3068 0.022100
172.50 P 20260828 11.20 12.50 15 123 0.6766 -0.6958 0.022300
175.00 C 20260828 2.30 2.45 687 1828 0.7031 0.2600 0.020200
175.00 P 20260828 13.10 14.50 48 140 0.6838 -0.7429 0.020300
177.50 C 20260828 1.85 2.00 148 220 0.7166 0.2189 0.018100
177.50 P 20260828 15.20 16.50 15 9 0.6908 -0.7842 0.018200
180.00 C 20260828 1.25 1.60 3564 1096 0.6997 0.1834 0.016100
180.00 P 20260828 14.40 19.60 4 25 0.4790 -0.8200 0.016200
182.50 C 20260828 1.10 1.40 79 124 0.7354 0.1528 0.014100
182.50 P 20260828 16.60 24.00 9 10 0.7250 -0.8506 0.014200
185.00 C 20260828 0.90 1.05 405 823 0.7384 0.1269 0.012300
185.00 P 20260828 18.70 26.50 20 16 0.7418 -0.8766 0.012400
187.50 C 20260828 0.60 0.85 69 124 0.7336 0.1051 0.010600
187.50 P 20260828 23.50 26.50 0 0 0.7734 -0.8985 0.010700
190.00 C 20260828 0.55 0.65 384 1668 0.7497 0.0869 0.009100
190.00 P 20260828 23.70 28.20 0 5 -1.0000 -0.9168 0.009100
192.50 C 20260828 0.35 0.60 17 86 0.7576 0.0716 0.007800
192.50 P 20260828 25.80 30.60 0 0 -1.0000 -0.9321 0.007800
195.00 C 20260828 0.30 0.45 155 253 0.7652 0.0590 0.006600
195.00 P 20260828 27.20 36.60 1 7 0.7122 -0.9447 0.006600
197.50 C 20260828 0.20 0.45 7 102 0.7864 0.0485 0.005600
197.50 P 20260828 29.60 35.60 0 1 -1.0000 -0.9551 0.005600
200.00 C 20260828 0.25 0.30 722 3298 0.8030 0.0399 0.004700
200.00 P 20260828 32.10 41.00 4 4 -1.0000 -0.9637 0.004700
202.50 C 20260828 0.10 0.30 18 68 0.7984 0.0328 0.004000
202.50 P 20260828 35.10 40.50 0 0 -1.0000 -0.9707 0.003900
205.00 C 20260828 0.10 0.25 5 244 0.8182 0.0269 0.003300
205.00 P 20260828 37.50 42.90 0 2 -1.0000 -0.9764 0.003200
207.50 C 20260828 0.10 0.20 3 168 0.8344 0.0221 0.002800
207.50 P 20260828 39.50 45.50 0 0 -1.0000 -0.9811 0.002700
210.00 C 20260828 0.05 0.25 2 239 0.8692 0.0181 0.002300
210.00 P 20260828 42.40 48.10 0 1 -1.0000 -0.9848 0.002200
212.50 C 20260828 0.05 0.25 5 66 0.9033 0.0149 0.002000
212.50 P 20260828 45.00 50.60 0 1 -1.0000 -0.9879 0.001800
215.00 C 20260828 0.05 0.15 36 121 0.8855 0.0122 0.001600
215.00 P 20260828 47.40 55.70 0 0 -1.0000 -0.9904 0.001500
220.00 C 20260828 0.05 0.10 69 599 0.9140 0.0082 0.001100
220.00 P 20260828 52.90 57.90 0 0 -1.0000 -0.9940 0.001000
225.00 C 20260828 0.00 0.15 18 100 0.9730 0.0055 0.000800
225.00 P 20260828 57.40 66.00 0 0 0.8081 -0.9963 0.000600
230.00 C 20260828 0.00 0.10 35 100 0.9827 0.0037 0.000500
230.00 P 20260828 62.50 71.00 0 0 1.0426 -0.9977 0.000400
235.00 C 20260828 0.00 0.15 0 34 1.0856 0.0025 0.000400
235.00 P 20260828 67.50 76.00 0 0 1.0983 -0.9986 0.000300
240.00 C 20260828 0.00 0.05 2 105 1.0128 0.0017 0.000300
240.00 P 20260828 72.00 81.00 0 0 -1.0000 -0.9992 0.000200
245.00 C 20260828 0.00 0.05 0 259 1.0607 0.0012 0.000200
245.00 P 20260828 77.00 83.00 0 0 -1.0000 -0.9995 0.000100
250.00 C 20260828 0.00 0.10 10 108 1.1882 0.0008 0.000100
250.00 P 20260828 82.40 87.90 0 0 -1.0000 -0.9997 0.000100
255.00 C 20260828 0.00 0.15 0 20 1.2928 0.0005 0.000100
255.00 P 20260828 87.40 92.90 0 0 -1.0000 -0.9998 0.000000
260.00 C 20260828 0.00 0.10 0 87 1.2831 0.0004 0.000100
260.00 P 20260828 92.50 98.10 0 0 -1.0000 -0.9999 0.000000
265.00 C 20260828 0.00 0.20 0 185 1.4352 0.0002 0.000000
265.00 P 20260828 97.50 103.20 0 0 -1.0000 -0.9999 0.000000
270.00 C 20260828 0.00 2.60 0 10 2.1946 0.0002 0.000000
270.00 P 20260828 101.80 108.00 0 0 -1.0000 -1.0000 0.000000
275.00 C 20260828 0.00 2.35 0 11 2.1728 0.0001 0.000000
275.00 P 20260828 106.80 117.00 0 0 1.7214 -1.0000 0.000000
280.00 C 20260828 0.00 5.00 0 8 2.6366 0.0001 0.000000
280.00 P 20260828 111.80 119.40 0 0 -1.0000 -1.0000 0.000000
285.00 C 20260828 0.00 5.00 0 4 2.7236 0.0001 0.000000
285.00 P 20260828 114.00 124.40 0 0 -1.0000 -1.0000 0.000000
290.00 C 20260828 0.00 5.00 0 0 2.7838 0.0000 0.000000
290.00 P 20260828 119.00 133.30 0 0 -1.0000 -1.0000 0.000000
295.00 C 20260828 0.00 5.00 0 48 2.8426 0.0000 0.000000
295.00 P 20260828 126.80 139.00 0 0 2.4810 -1.0000 0.000000
300.00 C 20260828 0.00 0.10 0 74 1.6213 0.0000 0.000000
300.00 P 20260828 131.80 143.60 0 0 2.4548 -1.0000 0.000000
305.00 C 20260828 0.00 0.10 0 150 1.6597 0.0000 0.000000
305.00 P 20260828 136.80 143.10 0 0 -1.0000 -1.0000 0.000000
310.00 C 20260828 0.00 0.60 0 5 2.0880 0.0000 0.000000
310.00 P 20260828 141.80 149.40 0 0 -1.0000 -1.0000 0.000000
315.00 C 20260828 0.00 5.00 0 15 3.0648 0.0000 0.000000
315.00 P 20260828 146.80 153.30 0 0 -1.0000 -1.0000 0.000000
320.00 C 20260828 0.00 0.10 1 62 1.7703 0.0000 0.000000
320.00 P 20260828 151.80 159.40 0 0 -1.0000 -1.0000 0.000000
25.00 C 20260904 130.10 146.00 0 0 -1.0000 0.9998 0.000000
25.00 P 20260904 0.00 0.25 0 435 3.9981 -0.0003 0.000000
30.00 C 20260904 125.10 141.00 0 0 -1.0000 0.9997 0.000000
30.00 P 20260904 0.00 8.60 0 369 6.0516 -0.0003 0.000000
35.00 C 20260904 120.80 136.00 0 0 2.7562 0.9997 0.000000
35.00 P 20260904 0.00 8.60 0 448 5.4969 -0.0004 0.000000
40.00 C 20260904 116.00 131.00 0 0 2.9758 0.9996 0.000000
40.00 P 20260904 0.00 5.00 0 93 5.0292 -0.0004 0.000000
45.00 C 20260904 111.00 126.00 0 0 2.7080 0.9996 0.000000
45.00 P 20260904 0.00 8.60 0 18 4.9064 -0.0005 0.000000
50.00 C 20260904 106.00 121.00 0 0 2.4694 0.9995 0.000000
50.00 P 20260904 0.00 1.80 0 29 3.4288 -0.0005 0.000000
55.00 C 20260904 101.00 116.30 0 0 2.5573 0.9994 0.000000
55.00 P 20260904 0.00 1.00 0 6 2.8602 -0.0006 0.000000
60.00 C 20260904 99.00 108.00 0 1 2.0571 0.9993 0.000000
60.00 P 20260904 0.00 8.50 0 43 3.5327 -0.0007 0.000000
65.00 C 20260904 94.00 103.00 0 0 1.8760 0.9992 0.000100
65.00 P 20260904 0.00 0.25 0 21 2.0091 -0.0009 0.000100
70.00 C 20260904 89.00 98.00 0 10 1.7076 0.9990 0.000100
70.00 P 20260904 0.00 1.95 0 73 2.5630 -0.0010 0.000100
75.00 C 20260904 84.00 93.00 0 0 1.5500 0.9988 0.000100
75.00 P 20260904 0.00 0.20 0 83 1.6705 -0.0013 0.000100
80.00 C 20260904 79.00 88.00 0 0 1.4011 0.9985 0.000100
80.00 P 20260904 0.00 0.10 2 335 1.4235 -0.0016 0.000100
85.00 C 20260904 74.00 83.00 0 0 1.2590 0.9980 0.000200
85.00 P 20260904 0.00 0.20 0 150 1.4213 -0.0020 0.000200
90.00 C 20260904 69.00 78.00 0 14 1.1212 0.9974 0.000200
90.00 P 20260904 0.00 0.10 1 1508 1.2047 -0.0026 0.000200
95.00 C 20260904 64.00 73.00 0 0 0.9838 0.9966 0.000300
95.00 P 20260904 0.05 0.10 13 847 1.1570 -0.0035 0.000300
100.00 C 20260904 59.00 68.00 0 9 0.8349 0.9954 0.000400
100.00 P 20260904 0.05 0.15 6 641 1.0958 -0.0047 0.000400
105.00 C 20260904 54.50 63.30 0 2 1.2288 0.9936 0.000600
105.00 P 20260904 0.05 0.15 20 102 0.9973 -0.0065 0.000600
110.00 C 20260904 49.10 58.50 0 18 1.0572 0.9908 0.000900
110.00 P 20260904 0.10 0.15 15 1404 0.9306 -0.0093 0.000900
115.00 C 20260904 44.10 53.30 0 15 0.8842 0.9866 0.001300
115.00 P 20260904 0.10 0.20 59 1079 0.8798 -0.0135 0.001300
116.00 C 20260904 43.10 52.00 0 0 0.6829 0.9855 0.001400
116.00 P 20260904 0.05 0.25 0 0 0.8412 -0.0146 0.001400
117.00 C 20260904 42.10 51.50 0 0 0.9068 0.9843 0.001500
117.00 P 20260904 0.10 0.20 3 844 0.8227 -0.0158 0.001500
118.00 C 20260904 41.10 50.50 0 0 0.8860 0.9829 0.001600
118.00 P 20260904 0.10 0.30 1 22 0.8406 -0.0172 0.001600
119.00 C 20260904 40.10 49.40 0 0 0.8368 0.9815 0.001800
119.00 P 20260904 0.10 0.20 3 23 0.7861 -0.0186 0.001800
120.00 C 20260904 39.20 48.60 0 213 0.8931 0.9799 0.001900
120.00 P 20260904 0.15 0.20 83 578 0.7863 -0.0202 0.001900
121.00 C 20260904 38.20 47.50 0 0 0.8494 0.9782 0.002000
121.00 P 20260904 0.15 0.35 0 31 0.8136 -0.0220 0.002100
122.00 C 20260904 37.20 46.40 0 0 0.8044 0.9763 0.002200
122.00 P 20260904 0.10 0.35 0 31 0.7806 -0.0239 0.002200
123.00 C 20260904 36.20 45.50 0 0 0.8085 0.9742 0.002400
123.00 P 20260904 0.15 0.30 7 127 0.7619 -0.0260 0.002400
124.00 C 20260904 35.20 44.00 0 0 0.6188 0.9719 0.002600
124.00 P 20260904 0.10 0.35 20 17 0.7433 -0.0282 0.002600
125.00 C 20260904 34.20 43.00 0 7 0.6007 0.9694 0.002800
125.00 P 20260904 0.20 0.40 197 800 0.7619 -0.0308 0.002800
126.00 C 20260904 33.30 42.00 0 3 0.6326 0.9667 0.003100
126.00 P 20260904 0.20 0.35 12 117 0.7313 -0.0335 0.003100
127.00 C 20260904 35.70 41.60 1 3 1.1497 0.9636 0.003300
127.00 P 20260904 0.30 0.40 13 817 0.7448 -0.0366 0.003300
128.00 C 20260904 31.30 40.40 0 3 0.7085 0.9604 0.003600
128.00 P 20260904 0.25 0.45 116 600 0.7254 -0.0399 0.003600
129.00 C 20260904 32.80 37.90 0 3 0.8440 0.9568 0.003900
129.00 P 20260904 0.35 0.50 105 162 0.7336 -0.0435 0.003900
130.00 C 20260904 29.40 37.50 2 28 -1.0000 0.9528 0.004200
130.00 P 20260904 0.35 0.50 247 570 0.7139 -0.0474 0.004200
131.00 C 20260904 28.50 37.90 0 0 0.7618 0.9485 0.004500
131.00 P 20260904 0.35 0.65 1 19 0.7181 -0.0518 0.004600
132.00 C 20260904 27.50 36.80 0 1 0.7272 0.9438 0.004900
132.00 P 20260904 0.45 0.60 203 19 0.7054 -0.0565 0.004900
133.00 C 20260904 27.00 36.00 0 3 0.7891 0.9387 0.005300
133.00 P 20260904 0.50 0.70 409 105 0.7060 -0.0616 0.005300
134.00 C 20260904 26.00 35.00 0 4 0.7667 0.9331 0.005700
134.00 P 20260904 0.55 0.75 419 50 0.6983 -0.0672 0.005700
135.00 C 20260904 25.40 33.30 0 28 0.7122 0.9271 0.006100
135.00 P 20260904 0.65 0.80 342 819 0.6956 -0.0733 0.006200
136.00 C 20260904 24.50 32.50 0 13 0.7220 0.9205 0.006600
136.00 P 20260904 0.70 0.90 36 92 0.6914 -0.0799 0.006600
137.00 C 20260904 23.60 31.50 0 43 0.7096 0.9134 0.007000
137.00 P 20260904 0.70 1.00 2 79 0.6806 -0.0870 0.007100
138.00 C 20260904 22.70 30.30 0 27 0.6777 0.9058 0.007500
138.00 P 20260904 0.90 1.05 1195 1177 0.6837 -0.0947 0.007600
139.00 C 20260904 21.80 29.80 0 21 0.7093 0.8975 0.008100
139.00 P 20260904 1.05 1.20 53 23 0.6892 -0.1029 0.008100
140.00 C 20260904 20.90 26.20 3 507 -1.0000 0.8887 0.008600
140.00 P 20260904 0.95 1.35 271 564 0.6708 -0.1119 0.008600
141.00 C 20260904 19.90 27.70 0 23 0.6630 0.8792 0.009100
141.00 P 20260904 1.20 1.60 23 47 0.6884 -0.1214 0.009200
142.00 C 20260904 19.10 26.90 0 9 0.6709 0.8691 0.009700
142.00 P 20260904 1.30 1.70 5 37 0.6800 -0.1316 0.009800
143.00 C 20260904 18.20 26.30 0 33 0.6829 0.8583 0.010300
143.00 P 20260904 1.45 1.90 14 20 0.6812 -0.1424 0.010300
144.00 C 20260904 17.30 25.20 0 2 0.6585 0.8469 0.010900
144.00 P 20260904 1.65 2.15 5 18 0.6869 -0.1539 0.010900
145.00 C 20260904 16.60 21.60 3 121 0.4493 0.8348 0.011400
145.00 P 20260904 1.75 2.20 82 614 0.6716 -0.1660 0.011500
146.00 C 20260904 15.90 23.60 0 15 0.6722 0.8221 0.012000
146.00 P 20260904 2.05 2.45 20 18 0.6800 -0.1788 0.012100
147.00 C 20260904 14.90 23.10 0 36 0.6754 0.8088 0.012600
147.00 P 20260904 2.25 2.70 4 117 0.6801 -0.1922 0.012700
148.00 C 20260904 17.70 19.20 1 3 0.6985 0.7948 0.013200
148.00 P 20260904 2.50 3.10 16 46 0.6893 -0.2063 0.013200
149.00 C 20260904 16.90 18.40 0 4 0.6919 0.7802 0.013700
149.00 P 20260904 2.75 3.30 5 553 0.6858 -0.2210 0.013800
150.00 C 20260904 16.20 17.50 19 571 0.6842 0.7651 0.014200
150.00 P 20260904 2.90 3.30 200 860 0.6656 -0.2362 0.014300
152.50 C 20260904 14.50 15.70 5 71 0.6833 0.7250 0.015500
152.50 P 20260904 3.70 4.40 57 51 0.6849 -0.2764 0.015600
155.00 C 20260904 12.90 14.10 24 156 0.6861 0.6824 0.016500
155.00 P 20260904 4.60 5.10 191 301 0.6790 -0.3193 0.016600
157.50 C 20260904 11.50 12.50 37 147 0.6876 0.6380 0.017300
157.50 P 20260904 5.50 6.30 153 573 0.6849 -0.3639 0.017400
160.00 C 20260904 10.30 11.10 170 155 0.6963 0.5924 0.017800
160.00 P 20260904 6.70 7.40 86 244 0.6891 -0.4095 0.017900
162.50 C 20260904 9.00 9.80 29 66 0.6951 0.5470 0.018100
162.50 P 20260904 7.90 8.70 20 84 0.6919 -0.4552 0.018200
165.00 C 20260904 7.80 8.70 76 738 0.6969 0.5021 0.018100
165.00 P 20260904 9.30 9.90 143 303 0.6898 -0.5002 0.018200
167.50 C 20260904 6.80 7.60 109 79 0.6980 0.4586 0.017800
167.50 P 20260904 10.70 11.60 8 21 0.6985 -0.5439 0.018000
170.00 C 20260904 6.10 6.50 89 723 0.6987 0.4170 0.017400
170.00 P 20260904 12.20 13.20 12 69 0.6991 -0.5858 0.017500
172.50 C 20260904 5.30 5.70 26 50 0.7076 0.3775 0.016800
172.50 P 20260904 13.80 15.00 2 14 0.7041 -0.6253 0.016900
175.00 C 20260904 4.40 5.10 64 245 0.7091 0.3405 0.016100
175.00 P 20260904 15.60 16.80 2 44 0.7095 -0.6625 0.016200
177.50 C 20260904 3.80 4.40 0 100 0.7119 0.3062 0.015200
177.50 P 20260904 17.40 18.70 0 2 0.7119 -0.6971 0.015400
180.00 C 20260904 3.20 3.90 89 732 0.7167 0.2745 0.014400
180.00 P 20260904 19.30 20.70 0 40 0.7164 -0.7290 0.014500
182.50 C 20260904 2.75 3.40 9 84 0.7222 0.2455 0.013400
182.50 P 20260904 21.30 22.70 0 0 0.7189 -0.7583 0.013600
185.00 C 20260904 2.40 2.90 62 368 0.7266 0.2190 0.012500
185.00 P 20260904 23.30 24.80 0 6 0.7198 -0.7849 0.012600
187.50 C 20260904 2.05 2.50 0 22 0.7304 0.1950 0.011600
187.50 P 20260904 22.00 30.00 0 0 0.7014 -0.8091 0.011700
190.00 C 20260904 1.75 2.20 51 492 0.7374 0.1734 0.010600
190.00 P 20260904 24.10 32.20 0 10 0.6982 -0.8310 0.010800
192.50 C 20260904 1.50 1.90 1 167 0.7423 0.1539 0.009800
192.50 P 20260904 26.00 35.00 0 0 0.7168 -0.8507 0.009900
195.00 C 20260904 1.30 1.60 85 74 0.7454 0.1365 0.008900
195.00 P 20260904 28.10 37.60 0 0 0.7320 -0.8684 0.009100
197.50 C 20260904 1.10 1.40 1 94 0.7510 0.1209 0.008100
197.50 P 20260904 30.40 39.90 0 10 0.7349 -0.8841 0.008300
200.00 C 20260904 0.90 1.20 1692 485 0.7516 0.1070 0.007400
200.00 P 20260904 33.00 42.00 0 1 0.7417 -0.8983 0.007600
202.50 C 20260904 0.70 1.15 1 0 0.7613 0.0946 0.006700
202.50 P 20260904 35.10 44.60 0 0 0.7435 -0.9109 0.006900
205.00 C 20260904 0.70 1.05 11 90 0.7832 0.0835 0.006100
205.00 P 20260904 37.50 46.90 0 0 0.7392 -0.9221 0.006200
207.50 C 20260904 0.60 0.90 0 0 0.7869 0.0738 0.005500
207.50 P 20260904 40.00 49.00 0 0 0.7096 -0.9321 0.005600
210.00 C 20260904 0.50 0.80 2 81 0.7924 0.0651 0.005000
210.00 P 20260904 42.30 51.70 0 2 0.7376 -0.9409 0.005100
212.50 C 20260904 0.45 0.70 2 0 0.8011 0.0574 0.004400
212.50 P 20260904 44.80 54.00 0 0 0.7244 -0.9487 0.004600
215.00 C 20260904 0.35 0.65 0 10 0.8068 0.0506 0.004000
215.00 P 20260904 47.20 56.00 0 0 -1.0000 -0.9556 0.004100
220.00 C 20260904 0.25 0.55 3 128 0.8258 0.0394 0.003200
220.00 P 20260904 52.10 58.70 0 0 -1.0000 -0.9670 0.003300
225.00 C 20260904 0.20 0.45 2 61 0.8454 0.0306 0.002600
225.00 P 20260904 57.00 66.00 0 0 -1.0000 -0.9758 0.002600
230.00 C 20260904 0.15 0.40 0 174 0.8690 0.0237 0.002100
230.00 P 20260904 62.00 71.00 0 0 -1.0000 -0.9825 0.002000
235.00 C 20260904 0.10 0.35 1 47 0.8865 0.0184 0.001600
235.00 P 20260904 67.00 76.00 0 0 -1.0000 -0.9875 0.001500
240.00 C 20260904 0.10 0.20 4 59 0.8779 0.0143 0.001300
240.00 P 20260904 72.00 81.00 0 0 -1.0000 -0.9912 0.001200
245.00 C 20260904 0.05 0.20 1 13 0.8960 0.0111 0.001000
245.00 P 20260904 77.00 86.00 0 0 -1.0000 -0.9939 0.000800
250.00 C 20260904 0.05 0.25 0 28 0.9559 0.0086 0.000800
250.00 P 20260904 82.00 91.00 0 0 -1.0000 -0.9958 0.000600
255.00 C 20260904 0.05 0.25 0 13 0.9934 0.0067 0.000700
255.00 P 20260904 87.00 96.00 0 0 -1.0000 -0.9972 0.000400
260.00 C 20260904 0.00 0.25 0 23 1.0065 0.0052 0.000500
260.00 P 20260904 92.00 101.00 0 0 -1.0000 -0.9982 0.000300
265.00 C 20260904 0.00 0.15 0 9 0.9809 0.0040 0.000400
265.00 P 20260904 97.00 106.00 0 0 -1.0000 -0.9988 0.000200
270.00 C 20260904 0.00 0.25 0 2 1.0757 0.0032 0.000300
270.00 P 20260904 101.00 114.60 0 0 1.5577 -0.9992 0.000100
275.00 C 20260904 0.00 0.15 1 15 1.0455 0.0024 0.000300
275.00 P 20260904 104.70 118.70 0 0 0.9661 -0.9996 0.000100
280.00 C 20260904 0.00 0.20 0 17 1.1120 0.0019 0.000200
280.00 P 20260904 110.70 122.10 0 0 -1.0000 -0.9997 0.000100
285.00 C 20260904 0.00 0.20 0 3 1.1433 0.0015 0.000200
285.00 P 20260904 114.10 129.00 0 0 -1.0000 -0.9998 0.000000
290.00 C 20260904 0.00 0.20 0 22 1.1739 0.0012 0.000100
290.00 P 20260904 119.00 133.60 0 0 -1.0000 -0.9999 0.000000
295.00 C 20260904 0.00 0.20 0 2 1.2038 0.0009 0.000100
295.00 P 20260904 124.10 139.00 0 0 -1.0000 -0.9999 0.000000
300.00 C 20260904 0.00 0.20 0 18 1.2331 0.0007 0.000100
300.00 P 20260904 129.00 144.00 0 0 -1.0000 -1.0000 0.000000
305.00 C 20260904 0.00 0.20 0 0 1.2618 0.0006 0.000100
305.00 P 20260904 134.10 147.10 0 0 -1.0000 -1.0000 0.000000
310.00 C 20260904 0.00 1.15 0 0 1.6220 0.0004 0.000000
310.00 P 20260904 139.00 154.00 0 0 -1.0000 -1.0000 0.000000
315.00 C 20260904 0.00 1.00 0 1 1.6195 0.0003 0.000000
315.00 P 20260904 144.00 157.60 0 0 -1.0000 -1.0000 0.000000
320.00 C 20260904 0.00 0.10 3 30 1.2512 0.0003 0.000000
320.00 P 20260904 149.00 163.30 0 0 -1.0000 -1.0000 0.000000
25.00 C 20260911 130.30 146.00 0 0 -1.0000 0.9997 0.000000
25.00 P 20260911 0.00 5.00 0 198 5.5002 -0.0005 0.000000
30.00 C 20260911 125.20 141.00 0 0 -1.0000 0.9997 0.000000
30.00 P 20260911 0.00 8.60 0 91 5.5345 -0.0005 0.000000
35.00 C 20260911 120.30 136.00 0 0 -1.0000 0.9996 0.000000
35.00 P 20260911 0.00 8.60 0 183 5.2045 -0.0006 0.000000
40.00 C 20260911 115.20 131.00 0 0 -1.0000 0.9995 0.000000
40.00 P 20260911 0.00 5.00 0 205 4.1095 -0.0007 0.000000
45.00 C 20260911 110.20 126.00 0 0 -1.0000 0.9994 0.000000
45.00 P 20260911 0.00 8.60 0 54 4.3729 -0.0008 0.000000
50.00 C 20260911 105.20 121.00 0 0 -1.0000 0.9992 0.000000
50.00 P 20260911 0.00 5.00 0 14 3.4892 -0.0010 0.000000
55.00 C 20260911 101.00 116.80 0 0 2.1343 0.9990 0.000100
55.00 P 20260911 0.00 4.80 0 3 3.1138 -0.0012 0.000100
60.00 C 20260911 98.30 108.00 0 0 -1.0000 0.9988 0.000100
60.00 P 20260911 0.00 4.30 0 10 2.8873 -0.0014 0.000100
65.00 C 20260911 94.00 103.40 0 0 1.7472 0.9985 0.000100
65.00 P 20260911 0.00 4.30 0 20 2.6803 -0.0017 0.000100
70.00 C 20260911 89.00 98.90 0 0 1.7024 0.9982 0.000100
70.00 P 20260911 0.00 0.25 0 13 1.5190 -0.0020 0.000100
75.00 C 20260911 84.00 93.90 0 0 1.5649 0.9976 0.000200
75.00 P 20260911 0.00 0.30 0 9 1.1760 -0.0026 0.000200
80.00 C 20260911 79.00 88.70 0 0 1.4367 0.9970 0.000200
80.00 P 20260911 0.00 0.15 2 26 1.2186 -0.0032 0.000200
85.00 C 20260911 74.00 83.80 0 0 1.3533 0.9961 0.000300
85.00 P 20260911 0.05 0.30 2 46 1.2504 -0.0041 0.000300
90.00 C 20260911 69.00 78.50 0 0 1.1630 0.9948 0.000400
90.00 P 20260911 0.05 0.15 3 35 1.0690 -0.0054 0.000400
95.00 C 20260911 64.00 73.50 0 0 1.0575 0.9930 0.000500
95.00 P 20260911 0.05 0.20 19 218 1.0094 -0.0072 0.000500
100.00 C 20260911 59.00 68.60 0 2 0.9956 0.9905 0.000700
100.00 P 20260911 0.10 0.15 13 527 0.9231 -0.0097 0.000700
105.00 C 20260911 54.00 63.60 0 1 0.8995 0.9870 0.001000
105.00 P 20260911 0.05 0.25 1 1658 0.8622 -0.0133 0.001000
110.00 C 20260911 49.00 58.90 0 1 0.8643 0.9818 0.001400
110.00 P 20260911 0.15 0.25 1 1072 0.8155 -0.0185 0.001400
115.00 C 20260911 44.30 53.00 0 2 0.5645 0.9742 0.001900
115.00 P 20260911 0.20 0.35 8 838 0.7738 -0.0261 0.001900
117.00 C 20260911 42.40 51.50 0 0 0.7611 0.9702 0.002200
117.00 P 20260911 0.10 0.45 5 205 0.7411 -0.0301 0.002200
118.00 C 20260911 41.40 50.00 0 0 0.5908 0.9680 0.002400
118.00 P 20260911 0.10 0.55 0 6 0.7466 -0.0322 0.002400
119.00 C 20260911 40.40 49.00 0 0 0.5744 0.9656 0.002500
119.00 P 20260911 0.20 0.55 0 1008 0.7487 -0.0347 0.002500
120.00 C 20260911 39.50 48.70 0 3 0.7621 0.9630 0.002700
120.00 P 20260911 0.40 0.50 44 211 0.7580 -0.0372 0.002700
121.00 C 20260911 38.50 47.70 0 0 0.7442 0.9602 0.002900
121.00 P 20260911 0.20 0.65 0 3 0.7325 -0.0401 0.002900
122.00 C 20260911 37.50 46.70 0 0 0.7265 0.9572 0.003100
122.00 P 20260911 0.30 0.65 1 23 0.7313 -0.0431 0.003100
123.00 C 20260911 36.60 45.80 0 1 0.7378 0.9540 0.003300
123.00 P 20260911 0.25 0.70 0 833 0.7144 -0.0463 0.003300
124.00 C 20260911 36.00 45.00 0 0 0.7916 0.9506 0.003500
124.00 P 20260911 0.30 0.75 3 24 0.7118 -0.0498 0.003500
125.00 C 20260911 35.00 44.00 0 2 0.7728 0.9468 0.003800
125.00 P 20260911 0.50 0.70 44 213 0.7145 -0.0535 0.003800
126.00 C 20260911 34.00 43.00 0 0 0.7540 0.9428 0.004000
126.00 P 20260911 0.50 0.75 4 41 0.7034 -0.0576 0.004000
127.00 C 20260911 33.00 42.00 0 33 0.7353 0.9385 0.004300
127.00 P 20260911 0.45 0.95 0 23 0.7035 -0.0619 0.004300
128.00 C 20260911 32.00 41.00 0 0 0.7167 0.9339 0.004500
128.00 P 20260911 0.55 1.00 0 45 0.7022 -0.0665 0.004600
129.00 C 20260911 31.00 40.00 0 1 0.6982 0.9290 0.004800
129.00 P 20260911 0.70 1.05 0 48 0.7046 -0.0714 0.004800
130.00 C 20260911 30.00 39.00 5 10 0.6799 0.9237 0.005100
130.00 P 20260911 0.90 1.05 182 555 0.7052 -0.0768 0.005100
131.00 C 20260911 29.10 38.30 0 0 0.6981 0.9181 0.005400
131.00 P 20260911 0.75 1.20 0 16 0.6869 -0.0824 0.005500
132.00 C 20260911 28.20 37.70 1 5 0.7200 0.9120 0.005800
132.00 P 20260911 0.85 1.40 2 11 0.6943 -0.0884 0.005800
133.00 C 20260911 27.30 36.50 0 1 0.6929 0.9056 0.006100
133.00 P 20260911 0.95 1.40 4 375 0.6837 -0.0948 0.006100
134.00 C 20260911 26.40 35.90 0 2 0.7104 0.8988 0.006400
134.00 P 20260911 1.05 1.50 4 517 0.6803 -0.1016 0.006500
135.00 C 20260911 27.40 34.00 1 63 0.7624 0.8916 0.006800
135.00 P 20260911 1.30 1.60 47 184 0.6865 -0.1089 0.006800
136.00 C 20260911 25.40 33.40 0 6 0.7040 0.8840 0.007200
136.00 P 20260911 1.35 1.90 5 63 0.6907 -0.1166 0.007200
137.00 C 20260911 24.60 32.60 0 34 0.7086 0.8759 0.007600
137.00 P 20260911 1.40 1.95 0 8 0.6774 -0.1246 0.007600
138.00 C 20260911 23.70 31.90 0 23 0.7114 0.8674 0.007900
138.00 P 20260911 1.60 2.05 3 75 0.6762 -0.1332 0.008000
139.00 C 20260911 22.90 30.90 0 32 0.7017 0.8585 0.008300
139.00 P 20260911 1.85 2.25 5 11 0.6823 -0.1422 0.008300
140.00 C 20260911 22.00 30.00 0 95 0.6914 0.8491 0.008700
140.00 P 20260911 1.95 2.40 38 109 0.6757 -0.1516 0.008700
141.00 C 20260911 21.20 29.00 1 10 0.6807 0.8392 0.009100
141.00 P 20260911 2.10 2.60 3 15 0.6736 -0.1615 0.009100
142.00 C 20260911 20.40 28.40 0 7 0.6897 0.8290 0.009500
142.00 P 20260911 2.30 2.95 11 491 0.6806 -0.1718 0.009500
143.00 C 20260911 19.60 27.60 0 5 0.6871 0.8183 0.009900
143.00 P 20260911 2.55 3.10 0 214 0.6785 -0.1825 0.009900
144.00 C 20260911 18.80 26.50 0 3 0.6695 0.8072 0.010300
144.00 P 20260911 2.80 3.30 11 14 0.6777 -0.1937 0.010300
145.00 C 20260911 21.20 22.90 0 44 0.6835 0.7956 0.010600
145.00 P 20260911 2.95 3.50 75 1327 0.6713 -0.2053 0.010700
146.00 C 20260911 20.50 21.90 0 1 0.6736 0.7837 0.011000
146.00 P 20260911 3.20 3.80 2 20 0.6729 -0.2172 0.011100
147.00 C 20260911 19.80 21.40 0 4 0.6842 0.7714 0.011400
147.00 P 20260911 3.50 4.10 3 28 0.6752 -0.2296 0.011400
148.00 C 20260911 19.10 20.70 0 4 0.6844 0.7588 0.011700
148.00 P 20260911 3.80 4.50 1 739 0.6803 -0.2424 0.011800
149.00 C 20260911 18.40 19.70 4 5 0.6720 0.7458 0.012100
149.00 P 20260911 4.10 4.80 1 34 0.6801 -0.2554 0.012100
150.00 C 20260911 17.70 19.30 42 102 0.6824 0.7325 0.012400
150.00 P 20260911 4.50 5.00 97 176 0.6749 -0.2688 0.012400
152.50 C 20260911 16.10 17.40 0 17 0.6741 0.6980 0.013100
152.50 P 20260911 5.20 6.00 0 533 0.6781 -0.3034 0.013200
155.00 C 20260911 14.60 15.80 7 45 0.6740 0.6623 0.013700
155.00 P 20260911 6.20 6.90 45 772 0.6781 -0.3393 0.013800
157.50 C 20260911 13.30 14.40 1 13 0.6809 0.6257 0.014200
157.50 P 20260911 7.30 8.10 4 13 0.6849 -0.3761 0.014300
160.00 C 20260911 12.00 13.00 28 245 0.6812 0.5887 0.014500
160.00 P 20260911 8.40 9.30 21 115 0.6853 -0.4133 0.014600
162.50 C 20260911 10.80 11.80 43 37 0.6850 0.5518 0.014700
162.50 P 20260911 9.70 10.70 12 14 0.6922 -0.4504 0.014800
165.00 C 20260911 9.90 10.60 228 157 0.6924 0.5154 0.014700
165.00 P 20260911 11.10 12.10 9 176 0.6964 -0.4870 0.014800
167.50 C 20260911 8.60 9.70 24 28 0.6908 0.4798 0.014600
167.50 P 20260911 12.50 13.60 0 332 0.6980 -0.5228 0.014700
170.00 C 20260911 7.90 8.60 42 692 0.6964 0.4454 0.014400
170.00 P 20260911 14.00 15.10 6 28 0.6972 -0.5574 0.014500
172.50 C 20260911 6.80 7.80 62 52 0.6935 0.4123 0.014100
172.50 P 20260911 15.70 16.80 0 8 0.7040 -0.5908 0.014200
175.00 C 20260911 6.10 6.90 8 169 0.6951 0.3808 0.013700
175.00 P 20260911 17.20 18.50 0 21 0.6991 -0.6225 0.013800
177.50 C 20260911 5.40 6.20 0 65 0.6985 0.3509 0.013200
177.50 P 20260911 19.00 20.30 0 3 0.7024 -0.6526 0.013400
180.00 C 20260911 4.80 5.60 9 408 0.7042 0.3228 0.012700
180.00 P 20260911 20.90 22.30 0 13 0.7117 -0.6810 0.012900
182.50 C 20260911 4.30 5.00 2 0 0.7090 0.2964 0.012200
182.50 P 20260911 22.70 24.20 0 0 0.7091 -0.7077 0.012300
185.00 C 20260911 3.80 4.40 7 110 0.7096 0.2717 0.011600
185.00 P 20260911 24.30 26.20 0 2 0.6975 -0.7326 0.011800
190.00 C 20260911 2.95 3.60 30 156 0.7202 0.2275 0.010400
190.00 P 20260911 28.40 30.40 0 0 0.7031 -0.7773 0.010600
195.00 C 20260911 2.35 2.95 1 116 0.7340 0.1898 0.009200
195.00 P 20260911 29.10 38.60 0 0 0.7213 -0.8156 0.009400
200.00 C 20260911 1.75 2.35 783 372 0.7367 0.1578 0.008100
200.00 P 20260911 33.60 43.00 0 0 0.7260 -0.8482 0.008300
205.00 C 20260911 1.35 1.85 1 35 0.7422 0.1309 0.007000
205.00 P 20260911 38.20 47.60 0 0 0.7343 -0.8756 0.007200
210.00 C 20260911 1.10 1.55 6 87 0.7592 0.1084 0.006100
210.00 P 20260911 43.00 52.00 0 0 0.7275 -0.8987 0.006300
215.00 C 20260911 0.85 1.25 1 13 0.7670 0.0896 0.005200
215.00 P 20260911 47.60 57.00 0 0 0.7400 -0.9180 0.005400
220.00 C 20260911 0.65 1.05 0 75 0.7781 0.0741 0.004500
220.00 P 20260911 52.40 61.80 0 0 0.7405 -0.9340 0.004700
225.00 C 20260911 0.45 0.90 0 5 0.7854 0.0612 0.003800
225.00 P 20260911 57.20 66.70 0 0 0.7386 -0.9474 0.004000
230.00 C 20260911 0.35 0.75 6 5 0.7961 0.0506 0.003200
230.00 P 20260911 62.10 71.00 0 0 -1.0000 -0.9584 0.003400
235.00 C 20260911 0.25 0.65 0 1 0.8066 0.0418 0.002800
235.00 P 20260911 67.10 76.00 0 0 -1.0000 -0.9674 0.002800
240.00 C 20260911 0.15 0.55 0 15 0.8099 0.0345 0.002300
240.00 P 20260911 72.00 81.00 0 0 -1.0000 -0.9748 0.002400
245.00 C 20260911 0.10 0.50 0 1 0.8252 0.0286 0.002000
245.00 P 20260911 77.00 86.90 0 0 0.8475 -0.9807 0.002000
250.00 C 20260911 0.10 0.35 0 292 0.8235 0.0236 0.001700
250.00 P 20260911 82.00 91.90 0 0 0.8822 -0.9854 0.001600
255.00 C 20260911 0.05 0.40 0 1 0.8553 0.0196 0.001400
255.00 P 20260911 87.00 96.90 0 0 0.9159 -0.9892 0.001300
260.00 C 20260911 0.05 0.25 11 15 0.8396 0.0162 0.001200
260.00 P 20260911 92.00 101.80 0 0 0.9488 -0.9921 0.001000
265.00 C 20260911 0.05 0.35 0 3 0.9020 0.0134 0.001000
265.00 P 20260911 97.00 106.90 0 0 0.9809 -0.9943 0.000800
270.00 C 20260911 0.05 0.20 3 17 0.8771 0.0111 0.000800
270.00 P 20260911 101.00 114.90 0 0 1.3248 -0.9960 0.000600
275.00 C 20260911 0.05 0.30 0 0 0.9430 0.0092 0.000700
275.00 P 20260911 104.00 119.80 0 0 1.0429 -0.9972 0.000400
280.00 C 20260911 0.05 0.30 3 3 0.9705 0.0077 0.000600
280.00 P 20260911 109.00 124.80 0 0 1.0729 -0.9980 0.000300
285.00 C 20260911 0.05 0.30 0 0 0.9973 0.0064 0.000500
285.00 P 20260911 114.00 129.90 0 0 1.1022 -0.9987 0.000200
290.00 C 20260911 0.05 0.30 0 0 1.0235 0.0053 0.000400
290.00 P 20260911 119.00 134.90 0 0 1.1309 -0.9991 0.000200
295.00 C 20260911 0.00 0.10 7 25 0.9118 0.0044 0.000400
295.00 P 20260911 124.00 139.90 0 0 1.1590 -0.9994 0.000100
25.00 C 20260918 130.20 146.00 0 20 -1.0000 0.9997 0.000000
25.00 P 20260918 0.00 0.50 0 38 3.0977 -0.0004 0.000000
30.00 C 20260918 125.20 141.00 0 0 -1.0000 0.9996 0.000000
30.00 P 20260918 0.00 0.05 0 32 2.1549 -0.0005 0.000000
35.00 C 20260918 120.20 136.00 0 0 -1.0000 0.9995 0.000000
35.00 P 20260918 0.00 0.30 0 48 1.9613 -0.0006 0.000000
40.00 C 20260918 115.30 131.00 0 0 -1.0000 0.9994 0.000000
40.00 P 20260918 0.00 0.05 0 16 1.7947 -0.0007 0.000000
45.00 C 20260918 111.00 126.80 0 1 2.1816 0.9992 0.000000
45.00 P 20260918 0.00 0.05 0 27 1.6485 -0.0008 0.000000
50.00 C 20260918 106.00 121.40 0 17 1.9375 0.9990 0.000000
50.00 P 20260918 0.00 0.10 0 184 1.6257 -0.0010 0.000000
55.00 C 20260918 101.00 116.70 0 0 1.7703 0.9988 0.000100
55.00 P 20260918 0.00 0.30 0 508 1.7032 -0.0013 0.000100
60.00 C 20260918 99.00 108.70 0 0 1.7188 0.9985 0.000100
60.00 P 20260918 0.00 0.30 0 263 1.5746 -0.0016 0.000100
65.00 C 20260918 94.00 103.80 0 17 1.5770 0.9981 0.000100
65.00 P 20260918 0.00 0.15 0 3918 1.3394 -0.0020 0.000100
70.00 C 20260918 89.00 98.50 0 1 1.4018 0.9975 0.000100
70.00 P 20260918 0.00 0.10 1 800 1.1840 -0.0026 0.000100
75.00 C 20260918 84.00 93.80 0 1 1.3629 0.9968 0.000200
75.00 P 20260918 0.05 0.10 3 3777 1.1441 -0.0033 0.000200
80.00 C 20260918 79.00 88.50 0 1 1.1685 0.9958 0.000300
80.00 P 20260918 0.05 0.30 7 1291 1.1750 -0.0043 0.000300
85.00 C 20260918 74.00 83.90 0 55 1.1735 0.9944 0.000400
85.00 P 20260918 0.05 0.30 16 1954 1.0843 -0.0057 0.000400
90.00 C 20260918 69.20 78.60 0 150 1.0719 0.9924 0.000500
90.00 P 20260918 0.05 0.20 7 2167 0.9540 -0.0076 0.000500
95.00 C 20260918 64.00 73.70 0 8 0.9460 0.9897 0.000700
95.00 P 20260918 0.05 0.35 93 791 0.9340 -0.0104 0.000700
100.00 C 20260918 59.30 68.70 1 247 0.9342 0.9859 0.000900
100.00 P 20260918 0.15 0.25 194 6155 0.8555 -0.0142 0.000900
105.00 C 20260918 54.00 63.80 0 10 0.7989 0.9805 0.001300
105.00 P 20260918 0.10 0.45 229 4753 0.8195 -0.0196 0.001300
110.00 C 20260918 50.30 58.90 7 1006 0.9346 0.9728 0.001800
110.00 P 20260918 0.35 0.45 182 1858 0.7933 -0.0273 0.001800
115.00 C 20260918 45.00 52.00 0 46 -1.0000 0.9620 0.002400
115.00 P 20260918 0.45 0.65 61 1445 0.7615 -0.0381 0.002400
120.00 C 20260918 40.00 49.00 2 375 0.7375 0.9469 0.003200
120.00 P 20260918 0.70 0.80 123 2668 0.7298 -0.0533 0.003200
125.00 C 20260918 36.20 44.70 0 276 0.8041 0.9263 0.004300
125.00 P 20260918 1.05 1.20 136 1422 0.7172 -0.0740 0.004300
130.00 C 20260918 32.50 40.00 4 630 0.8050 0.8988 0.005500
130.00 P 20260918 1.55 1.70 467 3633 0.7032 -0.1015 0.005500
135.00 C 20260918 28.50 36.00 8 822 0.8035 0.8636 0.006900
135.00 P 20260918 2.25 2.35 142 1769 0.6899 -0.1370 0.007000
140.00 C 20260918 24.80 29.30 71 1773 0.6856 0.8202 0.008400
140.00 P 20260918 3.10 3.50 321 7740 0.6873 -0.1807 0.008400
145.00 C 20260918 22.70 25.50 2 454 0.7375 0.7692 0.009800
145.00 P 20260918 4.30 4.80 127 1995 0.6828 -0.2320 0.009800
150.00 C 20260918 19.50 21.00 28 4463 0.7014 0.7120 0.011000
150.00 P 20260918 6.10 6.50 404 3645 0.6915 -0.2895 0.011000
155.00 C 20260918 16.80 17.70 185 1365 0.7030 0.6506 0.011800
155.00 P 20260918 8.30 8.80 128 3412 0.7094 -0.3511 0.011900
160.00 C 20260918 14.30 14.90 144 7166 0.7060 0.5876 0.012400
160.00 P 20260918 10.30 10.90 243 1753 0.6951 -0.4146 0.012500
165.00 C 20260918 11.80 12.50 232 1069 0.7078 0.5251 0.012600
165.00 P 20260918 12.90 13.60 112 1620 0.6946 -0.4775 0.012700
170.00 C 20260918 10.00 10.60 990 4321 0.7149 0.4649 0.012400
170.00 P 20260918 15.90 16.90 21 276 0.7106 -0.5379 0.012500
175.00 C 20260918 8.00 8.70 335 971 0.7066 0.4083 0.012000
175.00 P 20260918 18.80 20.20 1 686 0.7046 -0.5948 0.012100
180.00 C 20260918 6.60 7.30 475 1827 0.7142 0.3565 0.011400
180.00 P 20260918 22.60 23.90 31 1495 0.7211 -0.6471 0.011500
185.00 C 20260918 5.40 6.10 275 793 0.7204 0.3096 0.010700
185.00 P 20260918 25.90 27.70 1 255 0.7117 -0.6944 0.010800
190.00 C 20260918 4.40 5.00 346 4237 0.7234 0.2678 0.009900
190.00 P 20260918 29.80 31.70 1 390 0.7136 -0.7368 0.010000
195.00 C 20260918 3.50 4.30 17 619 0.7318 0.2309 0.009000
195.00 P 20260918 30.30 39.80 1 46 0.7281 -0.7742 0.009200
200.00 C 20260918 3.00 3.30 355 45515 0.7331 0.1986 0.008200
200.00 P 20260918 34.60 44.00 0 135 0.7277 -0.8071 0.008300
205.00 C 20260918 2.30 3.00 4 337 0.7450 0.1705 0.007300
205.00 P 20260918 39.10 48.50 0 2 0.7381 -0.8358 0.007500
210.00 C 20260918 1.85 2.50 482 685 0.7506 0.1462 0.006600
210.00 P 20260918 43.80 53.00 0 1 0.7492 -0.8607 0.006800
215.00 C 20260918 1.50 2.10 2 846 0.7579 0.1252 0.005800
215.00 P 20260918 48.20 57.70 0 37 0.7456 -0.8823 0.006000
220.00 C 20260918 1.30 1.80 39 5656 0.7724 0.1072 0.005200
220.00 P 20260918 53.00 62.00 0 19 0.7273 -0.9008 0.005400
225.00 C 20260918 1.10 1.50 8 252 0.7809 0.0917 0.004600
225.00 P 20260918 58.00 67.00 0 6 0.7683 -0.9170 0.004800
230.00 C 20260918 0.85 1.30 2 285 0.7865 0.0785 0.004000
230.00 P 20260918 62.50 71.90 0 0 0.7525 -0.9307 0.004200
235.00 C 20260918 0.60 1.15 1 77 0.7894 0.0672 0.003600
235.00 P 20260918 67.30 76.80 0 1 0.7540 -0.9427 0.003800
240.00 C 20260918 0.45 0.95 27 1262 0.7897 0.0575 0.003100
240.00 P 20260918 72.20 81.70 0 1 0.7594 -0.9528 0.003300
245.00 C 20260918 0.45 0.85 1 237 0.8117 0.0492 0.002700
245.00 P 20260918 77.10 86.00 0 0 -1.0000 -0.9615 0.002900
250.00 C 20260918 0.30 0.75 24 1628 0.8127 0.0422 0.002400
250.00 P 20260918 82.10 91.00 0 1 -1.0000 -0.9689 0.002500
255.00 C 20260918 0.30 0.65 4 424 0.8285 0.0362 0.002100
255.00 P 20260918 87.00 96.00 0 0 -1.0000 -0.9751 0.002200
260.00 C 20260918 0.20 0.60 3 100 0.8348 0.0310 0.001800
260.00 P 20260918 92.00 101.90 0 0 0.8668 -0.9803 0.001800
265.00 C 20260918 0.15 0.55 0 319 0.8451 0.0266 0.001600
265.00 P 20260918 97.00 106.90 0 0 0.8723 -0.9847 0.001600
270.00 C 20260918 0.10 0.50 0 119 0.8523 0.0228 0.001400
270.00 P 20260918 101.00 115.00 0 0 1.1708 -0.9882 0.001300
275.00 C 20260918 0.10 0.45 4 441 0.8672 0.0196 0.001200
275.00 P 20260918 104.00 119.90 0 0 0.9274 -0.9910 0.001000
280.00 C 20260918 0.10 0.40 3 37 0.8803 0.0169 0.001100
280.00 P 20260918 109.00 124.90 0 0 0.9539 -0.9933 0.000800
285.00 C 20260918 0.10 0.40 0 10 0.9044 0.0146 0.000900
285.00 P 20260918 114.00 129.70 0 0 0.9799 -0.9950 0.000700
290.00 C 20260918 0.10 0.40 0 205 0.9278 0.0125 0.000800
290.00 P 20260918 119.00 134.90 0 0 1.0054 -0.9964 0.000500
295.00 C 20260918 0.05 0.20 22 12 0.8717 0.0108 0.000700
295.00 P 20260918 124.00 139.80 0 0 1.0303 -0.9975 0.000400
300.00 C 20260918 0.05 0.35 11 1856 0.9455 0.0093 0.000600
300.00 P 20260918 129.00 144.80 0 3 1.0548 -0.9982 0.000300
305.00 C 20260918 0.05 0.30 0 53 0.9510 0.0081 0.000600
305.00 P 20260918 134.00 149.60 0 0 1.0787 -0.9987 0.000200
310.00 C 20260918 0.05 0.30 0 8 0.9719 0.0070 0.000500
310.00 P 20260918 139.00 154.70 0 0 1.1022 -0.9992 0.000100
315.00 C 20260918 0.05 0.30 0 29 0.9924 0.0060 0.000400
315.00 P 20260918 144.00 159.70 0 0 1.1252 -0.9995 0.000100
320.00 C 20260918 0.05 0.30 0 87 1.0124 0.0052 0.000400
320.00 P 20260918 149.00 164.90 0 0 1.1478 -0.9996 0.000100
325.00 C 20260918 0.05 0.30 0 7 1.0321 0.0045 0.000300
325.00 P 20260918 154.00 169.70 0 0 1.1700 -0.9998 0.000000
330.00 C 20260918 0.00 0.25 0 24 1.0110 0.0039 0.000300
330.00 P 20260918 159.00 174.70 0 0 1.1919 -0.9999 0.000000
335.00 C 20260918 0.00 0.25 0 5 1.0294 0.0034 0.000200
335.00 P 20260918 164.00 179.80 0 0 1.2133 -0.9999 0.000000
340.00 C 20260918 0.00 0.25 0 6 1.0475 0.0030 0.000200
340.00 P 20260918 169.00 184.80 0 0 1.2344 -1.0000 0.000000
345.00 C 20260918 0.00 0.25 0 0 1.0653 0.0026 0.000200
345.00 P 20260918 174.00 189.90 0 0 1.2552 -1.0000 0.000000
350.00 C 20260918 0.00 0.10 1 674 0.9853 0.0022 0.000200
350.00 P 20260918 179.00 194.80 0 0 1.2756 -1.0000 0.000000
355.00 C 20260918 0.00 0.25 0 2 1.0999 0.0020 0.000100
355.00 P 20260918 184.00 199.90 0 0 1.2957 -1.0000 0.000000
360.00 C 20260918 0.00 0.10 0 16 1.0170 0.0017 0.000100
360.00 P 20260918 189.00 204.80 0 0 1.3155 -1.0000 0.000000
365.00 C 20260918 0.00 0.25 0 0 1.1334 0.0015 0.000100
365.00 P 20260918 194.00 209.80 0 0 1.3350 -1.0000 0.000000
370.00 C 20260918 0.00 0.25 0 11 1.1497 0.0013 0.000100
370.00 P 20260918 199.00 214.80 0 0 1.3541 -1.0000 0.000000
375.00 C 20260918 0.00 0.25 0 64 1.1657 0.0011 0.000100
375.00 P 20260918 203.60 219.90 0 0 1.2812 -1.0000 0.000000
380.00 C 20260918 0.00 0.25 3 4 1.1815 0.0010 0.000100
380.00 P 20260918 208.40 224.90 0 0 -1.0000 -1.0000 0.000000
385.00 C 20260918 0.00 0.25 0 60 1.1971 0.0009 0.000100
385.00 P 20260918 213.60 229.90 0 0 1.3164 -1.0000 0.000000
390.00 C 20260918 0.00 0.15 0 594 1.1502 0.0008 0.000100
390.00 P 20260918 218.20 234.90 0 0 -1.0000 -1.0000 0.000000
25.00 C 20260925 130.30 146.00 0 0 -1.0000 0.9991 0.000000
25.00 P 20260925 0.00 8.60 0 0 4.9679 -0.0005 0.000000
30.00 C 20260925 125.30 141.00 0 0 -1.0000 0.9990 0.000000
30.00 P 20260925 0.00 8.60 0 0 4.4513 -0.0006 0.000000
35.00 C 20260925 121.00 136.50 0 15 2.4062 0.9988 0.000000
35.00 P 20260925 0.00 4.30 0 0 3.3579 -0.0008 0.000000
40.00 C 20260925 116.00 131.60 0 0 2.2296 0.9986 0.000000
40.00 P 20260925 0.00 4.30 0 0 3.0730 -0.0010 0.000000
45.00 C 20260925 111.00 126.60 0 0 2.0335 0.9984 0.000000
45.00 P 20260925 0.00 4.30 0 0 2.8265 -0.0012 0.000000
50.00 C 20260925 106.00 121.60 0 0 1.8592 0.9981 0.000100
50.00 P 20260925 0.00 4.30 0 0 2.6094 -0.0015 0.000100
55.00 C 20260925 101.00 116.60 0 0 1.7025 0.9977 0.000100
55.00 P 20260925 0.00 4.30 0 0 2.4150 -0.0019 0.000100
60.00 C 20260925 99.00 108.70 10 0 1.5953 0.9972 0.000100
60.00 P 20260925 0.05 4.30 0 3 2.2456 -0.0023 0.000100
65.00 C 20260925 94.00 103.90 10 0 1.4637 0.9966 0.000100
65.00 P 20260925 0.00 0.15 0 6 1.1989 -0.0030 0.000100
70.00 C 20260925 89.00 98.60 0 0 1.3090 0.9958 0.000200
70.00 P 20260925 0.00 0.15 1 8 1.1085 -0.0038 0.000200
75.00 C 20260925 84.00 93.90 0 0 1.2593 0.9946 0.000300
75.00 P 20260925 0.05 0.15 18 60 1.0598 -0.0049 0.000300
80.00 C 20260925 79.00 88.70 0 1 1.1248 0.9931 0.000400
80.00 P 20260925 0.05 0.40 1 214 1.0896 -0.0064 0.000400
85.00 C 20260925 74.00 83.70 0 0 1.0264 0.9911 0.000500
85.00 P 20260925 0.05 0.35 5 32 0.9888 -0.0085 0.000500
90.00 C 20260925 69.00 78.90 0 0 0.9858 0.9882 0.000600
90.00 P 20260925 0.10 0.25 101 128 0.8936 -0.0113 0.000600
95.00 C 20260925 64.00 73.80 0 0 0.8733 0.9844 0.000900
95.00 P 20260925 0.05 0.30 1 115 0.8206 -0.0152 0.000900
100.00 C 20260925 59.00 69.00 0 0 0.8535 0.9790 0.001200
100.00 P 20260925 0.10 0.60 0 86 0.8360 -0.0206 0.001200
105.00 C 20260925 55.00 61.00 0 5 -1.0000 0.9717 0.001600
105.00 P 20260925 0.25 0.50 55 23360 0.7725 -0.0279 0.001600
110.00 C 20260925 50.00 59.00 1 1 0.8133 0.9616 0.002100
110.00 P 20260925 0.50 0.65 24 240 0.7598 -0.0380 0.002100
115.00 C 20260925 45.00 54.50 0 0 0.7801 0.9480 0.002800
115.00 P 20260925 0.65 0.95 17 436 0.7363 -0.0517 0.002800
120.00 C 20260925 40.40 49.40 0 13 0.7240 0.9299 0.003600
120.00 P 20260925 1.00 1.35 29 377 0.7255 -0.0698 0.003600
125.00 C 20260925 36.00 45.00 0 11 0.7229 0.9064 0.004600
125.00 P 20260925 1.45 1.85 109 678 0.7115 -0.0934 0.004600
130.00 C 20260925 32.00 40.80 0 4 0.7323 0.8767 0.005600
130.00 P 20260925 2.10 2.50 78 230 0.7007 -0.1233 0.005700
132.00 C 20260925 30.00 39.00 1 2 0.7066 0.8630 0.006100
132.00 P 20260925 2.15 2.85 0 116 0.6864 -0.1371 0.006100
133.00 C 20260925 29.10 38.40 0 125 0.7112 0.8557 0.006300
133.00 P 20260925 2.35 3.10 0 187 0.6899 -0.1444 0.006400
134.00 C 20260925 28.30 37.50 0 9 0.7062 0.8482 0.006600
134.00 P 20260925 2.95 3.40 0 78 0.7114 -0.1519 0.006600
135.00 C 20260925 27.50 36.80 0 57 0.7089 0.8404 0.006800
135.00 P 20260925 2.80 3.50 72 1134 0.6917 -0.1597 0.006800
136.00 C 20260925 27.00 36.00 0 29 0.7179 0.8325 0.007000
136.00 P 20260925 2.95 3.80 0 71 0.6923 -0.1678 0.007100
137.00 C 20260925 26.00 35.00 0 10 0.6995 0.8242 0.007300
137.00 P 20260925 3.20 4.00 2 61 0.6921 -0.1761 0.007300
138.00 C 20260925 25.80 33.60 0 48 0.6962 0.8157 0.007500
138.00 P 20260925 3.40 4.20 3 90 0.6892 -0.1846 0.007500
139.00 C 20260925 25.30 33.30 1 14 0.7215 0.8069 0.007700
139.00 P 20260925 3.50 4.40 0 42 0.6821 -0.1934 0.007800
140.00 C 20260925 24.50 32.70 0 62 0.7233 0.7979 0.007900
140.00 P 20260925 4.10 4.70 27 220 0.6958 -0.2024 0.008000
141.00 C 20260925 23.80 31.80 0 2 0.7175 0.7887 0.008200
141.00 P 20260925 4.20 5.00 0 43 0.6910 -0.2116 0.008200
142.00 C 20260925 23.10 30.80 0 54 0.7080 0.7793 0.008400
142.00 P 20260925 4.40 5.30 2 13 0.6890 -0.2211 0.008400
143.00 C 20260925 22.40 30.40 0 4 0.7175 0.7696 0.008600
143.00 P 20260925 4.70 5.60 0 14 0.6895 -0.2308 0.008600
144.00 C 20260925 21.70 29.50 0 22 0.7102 0.7598 0.008800
144.00 P 20260925 5.00 6.00 1 45 0.6925 -0.2406 0.008800
145.00 C 20260925 23.20 29.00 0 1078 0.7817 0.7499 0.009000
145.00 P 20260925 5.30 6.30 35 217 0.6915 -0.2507 0.009000
146.00 C 20260925 20.30 28.60 0 3 0.7214 0.7398 0.009200
146.00 P 20260925 5.70 6.60 3 7 0.6930 -0.2609 0.009200
147.00 C 20260925 19.70 27.60 0 19 0.7124 0.7294 0.009400
147.00 P 20260925 6.00 7.00 1 729 0.6936 -0.2712 0.009400
148.00 C 20260925 19.00 27.10 0 172 0.7148 0.7190 0.009500
148.00 P 20260925 6.40 7.60 9 33 0.7024 -0.2817 0.009600
149.00 C 20260925 18.80 26.60 0 181 0.7307 0.7084 0.009700
149.00 P 20260925 6.80 7.70 1 20 0.6958 -0.2924 0.009800
150.00 C 20260925 20.80 22.60 0 3677 0.7089 0.6977 0.009900
150.00 P 20260925 7.20 8.10 184 363 0.6972 -0.3031 0.009900
152.50 C 20260925 19.30 20.90 4 166 0.7032 0.6705 0.010200
152.50 P 20260925 8.20 9.20 6 13 0.7005 -0.3304 0.010300
155.00 C 20260925 18.00 19.50 0 240 0.7073 0.6430 0.010500
155.00 P 20260925 9.30 10.50 75 201 0.7076 -0.3582 0.010600
157.50 C 20260925 16.70 18.20 0 17 0.7101 0.6151 0.010700
157.50 P 20260925 10.40 11.60 1 7 0.7055 -0.3862 0.010800
160.00 C 20260925 16.00 16.80 51 128 0.7217 0.5873 0.010900
160.00 P 20260925 11.80 13.00 9 449 0.7150 -0.4142 0.011000
162.50 C 20260925 14.30 15.70 2 13 0.7121 0.5597 0.011000
162.50 P 20260925 12.80 13.90 3 27 0.6981 -0.4420 0.011100
165.00 C 20260925 13.20 14.50 31 161 0.7116 0.5323 0.011100
165.00 P 20260925 14.40 15.80 36 179 0.7178 -0.4695 0.011200
167.50 C 20260925 12.30 13.40 5 90 0.7152 0.5055 0.011100
167.50 P 20260925 15.90 17.20 2 3 0.7192 -0.4966 0.011200
170.00 C 20260925 11.30 12.60 31 128 0.7205 0.4792 0.011000
170.00 P 20260925 17.40 18.90 5 26 0.7246 -0.5230 0.011100
172.50 C 20260925 10.50 11.70 2 22 0.7252 0.4537 0.010900
172.50 P 20260925 19.00 20.50 1 14 0.7270 -0.5488 0.011000
175.00 C 20260925 10.10 10.60 22 105 0.7320 0.4290 0.010700
175.00 P 20260925 20.60 22.10 1 16 0.7264 -0.5737 0.010800
177.50 C 20260925 8.90 10.00 2 6 0.7284 0.4052 0.010600
177.50 P 20260925 22.30 23.90 0 27 0.7304 -0.5978 0.010700
180.00 C 20260925 8.30 9.30 18 208 0.7347 0.3822 0.010300
180.00 P 20260925 24.10 25.60 0 6 0.7317 -0.6209 0.010400
182.50 C 20260925 7.60 8.60 0 1 0.7358 0.3602 0.010100
182.50 P 20260925 25.70 27.50 0 0 0.7301 -0.6431 0.010200
185.00 C 20260925 7.00 8.00 7 72 0.7397 0.3392 0.009800
185.00 P 20260925 27.60 29.40 0 301 0.7338 -0.6644 0.010000
190.00 C 20260925 5.90 6.80 55 111 0.7428 0.3000 0.009200
190.00 P 20260925 27.50 36.80 1 2 0.7248 -0.7041 0.009400
195.00 C 20260925 5.00 5.90 6 46 0.7512 0.2648 0.008600
195.00 P 20260925 32.00 40.90 1 2 0.7442 -0.7399 0.008800
200.00 C 20260925 4.20 5.00 104 354 0.7542 0.2332 0.008000
200.00 P 20260925 36.00 41.50 0 4 0.6120 -0.7719 0.008100
205.00 C 20260925 3.50 4.40 2 32 0.7623 0.2050 0.007300
205.00 P 20260925 40.20 49.60 0 8 0.7502 -0.8006 0.007500
210.00 C 20260925 3.00 3.70 29 31 0.7670 0.1800 0.006700
210.00 P 20260925 44.50 54.00 0 7 0.7485 -0.8260 0.006900
215.00 C 20260925 2.55 3.30 1 11 0.7785 0.1580 0.006100
215.00 P 20260925 49.00 58.50 0 2 0.7510 -0.8486 0.006300
220.00 C 20260925 2.15 2.80 4 74 0.7820 0.1386 0.005600
220.00 P 20260925 54.00 63.00 0 4 0.7699 -0.8686 0.005800
225.00 C 20260925 1.80 2.30 1 26 0.7811 0.1215 0.005000
225.00 P 20260925 58.30 67.70 0 0 0.7572 -0.8862 0.005200
230.00 C 20260925 1.55 2.15 0 56 0.7976 0.1066 0.004500
230.00 P 20260925 63.20 72.50 0 0 0.7767 -0.9018 0.004800
235.00 C 20260925 1.25 1.90 0 0 0.8016 0.0935 0.004100
235.00 P 20260925 68.00 77.00 0 0 0.7646 -0.9155 0.004300
240.00 C 20260925 1.00 1.65 0 5 0.8035 0.0820 0.003700
240.00 P 20260925 72.60 82.00 0 0 0.7652 -0.9276 0.003900
245.00 C 20260925 0.80 1.50 0 0 0.8107 0.0719 0.003300
245.00 P 20260925 78.00 86.90 0 0 0.8228 -0.9383 0.003500
250.00 C 20260925 0.65 1.25 2 8 0.8095 0.0631 0.003000
250.00 P 20260925 82.30 91.70 0 0 0.7621 -0.9476 0.003200
255.00 C 20260925 0.50 1.20 0 2 0.8208 0.0554 0.002700
255.00 P 20260925 87.20 96.60 0 0 0.7607 -0.9558 0.002900
260.00 C 20260925 0.40 1.10 0 18 0.8293 0.0487 0.002400
260.00 P 20260925 92.30 101.00 0 0 -1.0000 -0.9630 0.002600
265.00 C 20260925 0.35 1.00 6 0 0.8402 0.0428 0.002100
265.00 P 20260925 97.00 106.00 0 0 -1.0000 -0.9693 0.002300
270.00 C 20260925 0.20 0.90 0 0 0.8364 0.0376 0.001900
270.00 P 20260925 101.00 114.80 0 0 1.0426 -0.9747 0.002000
275.00 C 20260925 0.15 0.85 0 7 0.8478 0.0331 0.001700
275.00 P 20260925 104.00 119.90 0 0 0.8654 -0.9794 0.001800
280.00 C 20260925 0.10 0.75 0 3 0.8496 0.0291 0.001500
280.00 P 20260925 109.00 124.90 0 0 0.8684 -0.9834 0.001500
285.00 C 20260925 0.10 0.70 0 6 0.8640 0.0257 0.001400
285.00 P 20260925 114.00 129.90 0 0 0.8920 -0.9868 0.001300
290.00 C 20260925 0.15 0.70 0 4 0.8941 0.0227 0.001200
290.00 P 20260925 119.00 134.90 0 0 0.9152 -0.9896 0.001100
25.00 C 20261002 130.30 146.00 0 0 -1.0000 1.0000 0.000000
25.00 P 20261002 0.00 8.60 0 0 4.5385 -0.0006 0.000000
30.00 C 20261002 125.40 141.00 0 0 -1.0000 0.9998 0.000000
30.00 P 20261002 0.00 8.60 0 0 4.0668 -0.0007 0.000000
35.00 C 20261002 121.00 136.70 0 0 2.0519 0.9996 0.000000
35.00 P 20261002 0.00 8.60 0 0 3.1663 -0.0009 0.000000
40.00 C 20261002 116.00 131.70 0 0 1.8489 0.9994 0.000000
40.00 P 20261002 0.00 4.30 0 0 2.8081 -0.0012 0.000000
45.00 C 20261002 111.00 126.90 0 0 1.7267 0.9991 0.000100
45.00 P 20261002 0.00 4.30 0 0 2.5831 -0.0015 0.000100
50.00 C 20261002 106.00 121.90 0 0 1.5666 0.9987 0.000100
50.00 P 20261002 0.00 4.30 0 0 2.3848 -0.0018 0.000100
55.00 C 20261002 101.00 116.70 0 0 1.4216 0.9982 0.000100
55.00 P 20261002 0.00 0.45 0 0 1.4705 -0.0023 0.000100
60.00 C 20261002 99.00 108.60 0 0 1.2254 0.9976 0.000100
60.00 P 20261002 0.00 0.15 0 2 1.1856 -0.0030 0.000100
65.00 C 20261002 94.00 103.90 0 0 1.2162 0.9968 0.000200
65.00 P 20261002 0.05 0.40 14 5 1.2590 -0.0038 0.000200
70.00 C 20261002 89.00 98.70 0 0 1.0479 0.9957 0.000200
70.00 P 20261002 0.05 0.55 4 0 1.2150 -0.0049 0.000200
75.00 C 20261002 84.00 93.90 0 0 1.0408 0.9942 0.000300
75.00 P 20261002 0.05 0.55 0 0 1.1246 -0.0064 0.000300
80.00 C 20261002 79.00 88.80 0 0 0.8942 0.9922 0.000400
80.00 P 20261002 0.05 0.55 0 0 1.0401 -0.0084 0.000400
85.00 C 20261002 74.00 84.00 0 0 0.8873 0.9894 0.000600
85.00 P 20261002 0.05 0.60 0 2 0.9726 -0.0112 0.000600
90.00 C 20261002 69.00 79.00 0 0 0.8327 0.9858 0.000800
90.00 P 20261002 0.05 0.65 4 6 0.9074 -0.0148 0.000800
95.00 C 20261002 64.10 74.00 0 0 0.7784 0.9808 0.001000
95.00 P 20261002 0.15 0.70 0 39 0.8622 -0.0198 0.001000
100.00 C 20261002 60.00 69.00 0 0 0.8418 0.9740 0.001400
100.00 P 20261002 0.25 0.80 0 392 0.8214 -0.0266 0.001400
105.00 C 20261002 55.00 64.00 0 0 0.7640 0.9650 0.001800
105.00 P 20261002 0.50 0.90 2 64 0.7942 -0.0356 0.001800
110.00 C 20261002 50.10 59.20 0 1 0.7236 0.9530 0.002300
110.00 P 20261002 0.55 1.05 1 57 0.7441 -0.0477 0.002300
115.00 C 20261002 45.50 54.90 0 0 0.7441 0.9372 0.003000
115.00 P 20261002 0.95 1.40 19 63 0.7367 -0.0635 0.003000
120.00 C 20261002 41.00 50.00 0 4 0.7082 0.9170 0.003800
120.00 P 20261002 1.25 1.90 7 104 0.7169 -0.0840 0.003800
125.00 C 20261002 36.60 46.00 0 0 0.7179 0.8917 0.004600
125.00 P 20261002 1.90 2.50 11 145 0.7098 -0.1094 0.004700
130.00 C 20261002 32.40 41.90 0 2 0.7121 0.8610 0.005600
130.00 P 20261002 2.70 3.40 10 76 0.7071 -0.1402 0.005600
135.00 C 20261002 28.50 37.90 0 2 0.7066 0.8250 0.006600
135.00 P 20261002 3.80 4.50 11 68 0.7072 -0.1765 0.006600
140.00 C 20261002 25.70 33.40 0 0 0.7062 0.7840 0.007500
140.00 P 20261002 5.00 5.90 7 73 0.7047 -0.2178 0.007500
141.00 C 20261002 24.90 32.80 0 0 0.7061 0.7753 0.007700
141.00 P 20261002 5.10 6.20 0 15 0.6989 -0.2265 0.007700
142.00 C 20261002 24.30 32.30 0 0 0.7142 0.7664 0.007800
142.00 P 20261002 5.50 6.60 0 6 0.7045 -0.2354 0.007900
143.00 C 20261002 23.60 31.60 0 0 0.7128 0.7574 0.008000
143.00 P 20261002 5.80 6.90 10 18 0.7034 -0.2445 0.008000
144.00 C 20261002 23.70 30.70 0 0 0.7277 0.7482 0.008100
144.00 P 20261002 6.10 7.20 0 1 0.7018 -0.2537 0.008200
145.00 C 20261002 23.30 30.30 0 14 0.7418 0.7389 0.008300
145.00 P 20261002 6.30 7.40 161 38 0.6941 -0.2631 0.008400
146.00 C 20261002 22.90 29.60 0 0 0.7464 0.7295 0.008500
146.00 P 20261002 6.80 8.00 11 3 0.7052 -0.2726 0.008500
147.00 C 20261002 22.20 29.00 0 1 0.7450 0.7200 0.008600
147.00 P 20261002 7.20 8.30 2 6 0.7046 -0.2821 0.008700
148.00 C 20261002 22.00 28.40 1 21 0.7562 0.7104 0.008700
148.00 P 20261002 7.60 8.70 0 4 0.7062 -0.2918 0.008800
149.00 C 20261002 21.00 27.50 0 0 0.7382 0.7007 0.008900
149.00 P 20261002 7.90 9.30 1 6 0.7097 -0.3016 0.008900
150.00 C 20261002 22.10 23.80 2 26 0.7022 0.6909 0.009000
150.00 P 20261002 8.50 9.50 10 43 0.7099 -0.3114 0.009100
152.50 C 20261002 20.70 22.50 0 1 0.7080 0.6662 0.009300
152.50 P 20261002 9.40 10.60 0 4 0.7083 -0.3363 0.009300
155.00 C 20261002 19.30 21.00 2 9 0.7053 0.6412 0.009500
155.00 P 20261002 10.50 11.80 3 53 0.7109 -0.3614 0.009600
157.50 C 20261002 18.10 19.70 0 11 0.7091 0.6162 0.009700
157.50 P 20261002 11.70 13.00 0 159 0.7124 -0.3867 0.009800
160.00 C 20261002 16.90 18.50 2 83 0.7121 0.5911 0.009800
160.00 P 20261002 13.00 14.40 5 74 0.7179 -0.4119 0.009900
162.50 C 20261002 15.80 17.30 1 20 0.7143 0.5663 0.009900
162.50 P 20261002 14.30 15.70 0 3 0.7180 -0.4370 0.010000
165.00 C 20261002 14.80 16.10 71 169 0.7159 0.5417 0.010000
165.00 P 20261002 15.80 17.10 15 17 0.7220 -0.4618 0.010100
167.50 C 20261002 13.90 15.20 3 8 0.7238 0.5175 0.010000
167.50 P 20261002 17.20 18.80 2 5 0.7278 -0.4862 0.010100
170.00 C 20261002 12.90 14.20 4 28 0.7244 0.4938 0.009900
170.00 P 20261002 18.70 20.30 1 6 0.7286 -0.5102 0.010000
172.50 C 20261002 12.10 13.30 0 9 0.7293 0.4707 0.009900
172.50 P 20261002 20.30 21.80 0 1 0.7290 -0.5336 0.010000
175.00 C 20261002 11.40 12.40 24 175 0.7339 0.4482 0.009800
175.00 P 20261002 21.90 23.60 0 0 0.7338 -0.5563 0.009900
177.50 C 20261002 10.30 11.70 1 4 0.7316 0.4263 0.009700
177.50 P 20261002 23.60 25.20 0 1 0.7338 -0.5784 0.009800
180.00 C 20261002 9.90 10.90 0 24 0.7432 0.4052 0.009500
180.00 P 20261002 25.30 27.00 0 12 0.7361 -0.5998 0.009600
182.50 C 20261002 9.00 10.20 0 0 0.7386 0.3849 0.009300
182.50 P 20261002 27.00 28.90 0 0 0.7386 -0.6204 0.009500
185.00 C 20261002 8.40 9.50 1 52 0.7412 0.3653 0.009100
185.00 P 20261002 28.90 30.80 0 1 0.7437 -0.6403 0.009300
190.00 C 20261002 7.20 8.30 0 11 0.7452 0.3284 0.008700
190.00 P 20261002 32.60 34.60 0 2 0.7451 -0.6777 0.008900
195.00 C 20261002 6.20 7.20 3 25 0.7490 0.2947 0.008200
195.00 P 20261002 35.80 39.90 0 0 0.7646 -0.7120 0.008400
200.00 C 20261002 5.30 6.50 2 44 0.7590 0.2640 0.007800
200.00 P 20261002 37.00 45.30 0 0 0.7246 -0.7432 0.007900
205.00 C 20261002 4.60 5.60 30 49 0.7627 0.2362 0.007200
205.00 P 20261002 41.00 50.50 0 0 0.7494 -0.7716 0.007400
210.00 C 20261002 4.00 4.80 2 4 0.7659 0.2111 0.006700
210.00 P 20261002 45.30 54.90 0 0 0.7547 -0.7972 0.006900
215.00 C 20261002 3.40 4.20 5 1 0.7695 0.1886 0.006200
215.00 P 20261002 50.00 59.00 0 0 0.7564 -0.8204 0.006400
220.00 C 20261002 3.00 3.80 1 2 0.7818 0.1684 0.005800
220.00 P 20261002 54.30 63.80 0 0 0.7630 -0.8412 0.006000
225.00 C 20261002 2.55 3.40 0 6 0.7878 0.1503 0.005300
225.00 P 20261002 59.00 68.00 0 0 0.7550 -0.8600 0.005500
230.00 C 20261002 2.20 3.00 0 2 0.7932 0.1341 0.004900
230.00 P 20261002 63.70 73.00 0 0 0.7770 -0.8768 0.005100
235.00 C 20261002 1.60 2.70 0 3 0.7870 0.1197 0.004500
235.00 P 20261002 68.30 77.70 0 0 0.7761 -0.8919 0.004700
240.00 C 20261002 1.65 2.15 1 14 0.7945 0.1068 0.004100
240.00 P 20261002 73.00 82.50 0 0 0.7800 -0.9055 0.004400
245.00 C 20261002 1.40 2.15 0 0 0.8120 0.0954 0.003800
245.00 P 20261002 78.00 87.00 0 0 0.7785 -0.9177 0.004000
250.00 C 20261002 1.20 1.95 2 20 0.8188 0.0852 0.003400
250.00 P 20261002 83.00 92.00 0 0 0.8079 -0.9286 0.003700
255.00 C 20261002 1.00 1.75 0 0 0.8224 0.0761 0.003100
255.00 P 20261002 88.00 96.90 0 0 0.8291 -0.9384 0.003400
260.00 C 20261002 0.80 1.60 0 19 0.8258 0.0680 0.002800
260.00 P 20261002 92.40 101.80 0 0 0.7949 -0.9471 0.003100
265.00 C 20261002 0.65 1.50 0 0 0.8332 0.0608 0.002600
265.00 P 20261002 97.30 106.70 0 0 0.7974 -0.9549 0.002800
270.00 C 20261002 0.55 1.35 0 1 0.8380 0.0544 0.002400
270.00 P 20261002 101.00 115.00 0 0 0.9852 -0.9618 0.002600
275.00 C 20261002 0.45 1.25 0 0 0.8439 0.0488 0.002200
275.00 P 20261002 106.50 119.00 0 0 0.9797 -0.9680 0.002300
280.00 C 20261002 0.35 1.15 0 0 0.8479 0.0437 0.002000
280.00 P 20261002 109.30 124.00 0 0 -1.0000 -0.9734 0.002100
285.00 C 20261002 0.30 1.05 0 6 0.8544 0.0392 0.001800
285.00 P 20261002 114.00 129.90 0 0 0.8625 -0.9780 0.001800
290.00 C 20261002 0.20 0.75 1 113 0.8279 0.0351 0.001600
290.00 P 20261002 119.00 134.90 0 0 0.8845 -0.9820 0.001600
2.50 C 20261016 153.00 168.90 0 0 4.9294 0.9999 0.000000
2.50 P 20261016 0.00 8.60 0 0 -1.0000 0.0000 0.000000
5.00 C 20261016 150.30 166.00 0 0 -1.0000 0.9998 0.000000
5.00 P 20261016 0.00 5.00 0 0 7.3265 -0.0001 0.000000
7.50 C 20261016 148.00 163.80 0 0 3.1228 0.9998 0.000000
7.50 P 20261016 0.00 8.60 0 0 6.2083 -0.0001 0.000000
10.00 C 20261016 145.10 161.00 0 0 -1.0000 0.9997 0.000000
10.00 P 20261016 0.00 5.40 0 0 5.3955 -0.0001 0.000000
12.50 C 20261016 143.00 159.00 0 0 2.8009 0.9997 0.000000
12.50 P 20261016 0.00 8.60 0 0 4.8404 -0.0002 0.000000
15.00 C 20261016 140.20 156.00 0 0 -1.0000 0.9996 0.000000
15.00 P 20261016 0.00 5.00 0 0 4.3233 -0.0002 0.000000
17.50 C 20261016 138.00 153.90 0 0 2.3391 0.9996 0.000000
17.50 P 20261016 0.00 5.00 0 0 3.9780 -0.0002 0.000000
20.00 C 20261016 135.30 151.00 0 0 -1.0000 0.9996 0.000000
20.00 P 20261016 0.00 5.00 0 0 3.6489 -0.0003 0.000000
22.50 C 20261016 133.00 149.00 0 0 2.1084 0.9995 0.000000
22.50 P 20261016 0.00 4.70 0 0 3.4271 -0.0003 0.000000
25.00 C 20261016 130.30 146.00 0 0 -1.0000 0.9994 0.000000
25.00 P 20261016 0.00 5.00 0 1 3.3765 -0.0004 0.000000
30.00 C 20261016 125.30 141.00 0 0 -1.0000 0.9993 0.000000
30.00 P 20261016 0.00 2.65 0 6 2.6274 -0.0006 0.000000
35.00 C 20261016 121.00 136.80 0 0 1.8820 0.9991 0.000000
35.00 P 20261016 0.00 0.30 0 0 1.6860 -0.0007 0.000000
40.00 C 20261016 116.00 131.50 0 0 1.6048 0.9988 0.000000
40.00 P 20261016 0.00 4.30 0 10 2.4340 -0.0010 0.000000
45.00 C 20261016 111.00 126.80 0 0 1.5722 0.9985 0.000100
45.00 P 20261016 0.00 2.40 0 11 1.9725 -0.0013 0.000100
50.00 C 20261016 106.00 121.90 0 0 1.4266 0.9980 0.000100
50.00 P 20261016 0.00 0.10 0 80 1.1529 -0.0018 0.000100
55.00 C 20261016 101.00 116.70 0 0 1.2558 0.9974 0.000100
55.00 P 20261016 0.05 0.15 0 12 1.1119 -0.0024 0.000100
60.00 C 20261016 99.00 108.90 0 0 1.2086 0.9966 0.000100
60.00 P 20261016 0.05 0.20 14 151 1.0918 -0.0033 0.000100
65.00 C 20261016 94.00 103.90 0 0 1.0978 0.9954 0.000200
65.00 P 20261016 0.05 0.20 3 299 1.0101 -0.0044 0.000200
70.00 C 20261016 89.00 98.90 0 1 1.0261 0.9938 0.000300
70.00 P 20261016 0.05 0.35 0 566 0.9940 -0.0060 0.000300
75.00 C 20261016 84.00 94.00 0 1 0.9584 0.9916 0.000400
75.00 P 20261016 0.05 0.40 0 123 0.9350 -0.0082 0.000400
80.00 C 20261016 79.10 89.00 0 2 0.8942 0.9886 0.000500
80.00 P 20261016 0.20 0.70 2 650 0.8644 -0.0112 0.000500
85.00 C 20261016 74.20 84.00 0 0 0.8330 0.9846 0.000700
85.00 P 20261016 0.05 0.40 0 263 0.7980 -0.0153 0.000700
90.00 C 20261016 69.30 79.00 0 2 0.7744 0.9791 0.001000
90.00 P 20261016 0.35 0.50 17 523 0.8127 -0.0208 0.001000
95.00 C 20261016 66.50 74.00 0 0 0.9372 0.9718 0.001300
95.00 P 20261016 0.35 0.70 6 328 0.7762 -0.0280 0.001300
100.00 C 20261016 60.30 67.20 0 11 -1.0000 0.9623 0.001600
100.00 P 20261016 0.65 0.85 38 3679 0.7628 -0.0377 0.001600
105.00 C 20261016 55.60 64.70 0 10 0.7684 0.9499 0.002100
105.00 P 20261016 1.00 1.15 7 518 0.7544 -0.0501 0.002100
110.00 C 20261016 53.00 60.00 0 29 0.8547 0.9342 0.002600
110.00 P 20261016 1.35 1.60 37 915 0.7430 -0.0658 0.002700
115.00 C 20261016 46.60 56.00 0 4 0.7588 0.9148 0.003300
115.00 P 20261016 1.90 2.30 189 580 0.7438 -0.0852 0.003300
120.00 C 20261016 42.30 47.80 0 117 0.5512 0.8915 0.004000
120.00 P 20261016 2.60 3.00 66 2446 0.7368 -0.1087 0.004000
125.00 C 20261016 38.20 47.70 0 23 0.7425 0.8641 0.004700
125.00 P 20261016 3.40 3.90 141 1442 0.7290 -0.1364 0.004700
130.00 C 20261016 34.40 41.30 5 143 0.6600 0.8327 0.005400
130.00 P 20261016 4.40 5.00 132 3048 0.7240 -0.1677 0.005400
135.00 C 20261016 31.80 37.10 9 306 0.6810 0.7980 0.006100
135.00 P 20261016 5.80 6.20 30 1404 0.7214 -0.2030 0.006100
140.00 C 20261016 27.30 33.60 5 1638 0.6549 0.7602 0.006700
140.00 P 20261016 7.40 7.80 18 1011 0.7234 -0.2410 0.006700
145.00 C 20261016 27.90 29.50 2 240 0.7278 0.7202 0.007200
145.00 P 20261016 9.10 9.80 85 593 0.7262 -0.2813 0.007300
150.00 C 20261016 25.10 26.50 17 802 0.7299 0.6788 0.007700
150.00 P 20261016 11.30 11.80 138 659 0.7293 -0.3230 0.007800
155.00 C 20261016 22.50 23.70 9 157 0.7312 0.6365 0.008000
155.00 P 20261016 13.50 14.30 70 911 0.7330 -0.3655 0.008100
160.00 C 20261016 20.10 21.20 62 929 0.7330 0.5944 0.008300
160.00 P 20261016 15.80 16.50 65 275 0.7236 -0.4080 0.008300
165.00 C 20261016 18.00 19.00 385 3643 0.7380 0.5528 0.008400
165.00 P 20261016 18.70 19.50 547 2993 0.7333 -0.4500 0.008500
170.00 C 20261016 15.90 17.00 111 752 0.7388 0.5125 0.008400
170.00 P 20261016 21.60 22.80 0 258 0.7407 -0.4908 0.008500
175.00 C 20261016 14.10 15.20 245 379 0.7419 0.4736 0.008300
175.00 P 20261016 24.70 26.00 19 151 0.7422 -0.5302 0.008400
180.00 C 20261016 12.60 13.50 14 781 0.7456 0.4366 0.008200
180.00 P 20261016 28.10 29.40 0 124 0.7464 -0.5677 0.008300
185.00 C 20261016 11.10 12.10 6 1738 0.7488 0.4015 0.008000
185.00 P 20261016 31.60 33.00 0 244 0.7499 -0.6033 0.008100
190.00 C 20261016 9.90 10.80 77 805 0.7538 0.3686 0.007800
190.00 P 20261016 35.20 36.80 0 68 0.7532 -0.6367 0.007900
195.00 C 20261016 8.80 9.60 4 447 0.7572 0.3379 0.007500
195.00 P 20261016 38.90 40.70 0 149 0.7551 -0.6679 0.007600
200.00 C 20261016 7.80 8.50 70 1289 0.7595 0.3093 0.007200
200.00 P 20261016 42.80 44.80 0 77 0.7597 -0.6970 0.007300
205.00 C 20261016 6.90 7.70 28 122 0.7658 0.2828 0.006800
205.00 P 20261016 46.80 48.90 0 2 0.7612 -0.7241 0.007000
210.00 C 20261016 6.10 6.80 2 101 0.7673 0.2584 0.006500
210.00 P 20261016 51.10 53.10 2 11 0.7674 -0.7490 0.006700
215.00 C 20261016 5.30 6.10 1 41 0.7691 0.2360 0.006100
215.00 P 20261016 51.50 61.00 0 1 0.7635 -0.7721 0.006300
220.00 C 20261016 4.70 5.60 4 106 0.7771 0.2154 0.005800
220.00 P 20261016 56.00 64.60 2 9 0.7478 -0.7934 0.006000
225.00 C 20261016 4.30 4.80 2 124 0.7786 0.1965 0.005500
225.00 P 20261016 61.00 69.80 0 1 0.7894 -0.8128 0.005700
230.00 C 20261016 3.80 4.30 6 166 0.7820 0.1792 0.005100
230.00 P 20261016 65.00 74.00 2 22 0.7670 -0.8308 0.005300
235.00 C 20261016 3.40 4.00 0 149 0.7909 0.1637 0.004800
235.00 P 20261016 69.40 78.90 0 0 0.7750 -0.8471 0.005000
240.00 C 20261016 3.00 3.70 3 259 0.7980 0.1491 0.004500
240.00 P 20261016 74.00 83.50 0 0 0.7751 -0.8623 0.004700
245.00 C 20261016 2.70 3.40 0 69 0.8054 0.1360 0.004200
245.00 P 20261016 79.00 88.00 0 9 0.7841 -0.8761 0.004400
250.00 C 20261016 2.40 2.95 4 128 0.8045 0.1240 0.003900
250.00 P 20261016 83.40 92.90 1 53 0.7812 -0.8886 0.004200
255.00 C 20261016 2.15 2.65 1 13 0.8082 0.1132 0.003700
255.00 P 20261016 88.20 97.70 0 0 0.7881 -0.9003 0.003900
260.00 C 20261016 1.90 2.30 0 484 0.8066 0.1034 0.003400
260.00 P 20261016 93.10 102.00 0 1 0.7696 -0.9109 0.003700
265.00 C 20261016 1.70 2.25 0 38 0.8188 0.0944 0.003200
265.00 P 20261016 98.00 107.00 0 0 0.7874 -0.9205 0.003500
270.00 C 20261016 1.55 2.10 0 260 0.8271 0.0862 0.003000
270.00 P 20261016 101.00 112.40 0 0 0.5946 -0.9294 0.003200
275.00 C 20261016 1.40 1.90 0 110 0.8311 0.0787 0.002800
275.00 P 20261016 104.50 118.90 0 0 0.6132 -0.9378 0.003100
280.00 C 20261016 1.25 1.75 2 88 0.8358 0.0719 0.002600
280.00 P 20261016 109.40 124.80 0 0 0.7935 -0.9452 0.002800
285.00 C 20261016 1.10 1.60 0 2 0.8385 0.0658 0.002400
285.00 P 20261016 114.50 129.60 0 0 0.8039 -0.9519 0.002700
290.00 C 20261016 1.00 1.50 0 46 0.8456 0.0601 0.002200
290.00 P 20261016 119.20 133.80 0 0 -1.0000 -0.9582 0.002500
295.00 C 20261016 0.90 1.35 0 53 0.8479 0.0550 0.002000
295.00 P 20261016 124.10 139.00 0 0 -1.0000 -0.9640 0.002300
300.00 C 20261016 0.80 1.20 11 390 0.8482 0.0504 0.001900
300.00 P 20261016 131.50 142.90 0 59 0.8935 -0.9691 0.002100
305.00 C 20261016 0.70 1.20 0 11 0.8583 0.0461 0.001800
305.00 P 20261016 134.00 149.00 0 0 -1.0000 -0.9737 0.001900
310.00 C 20261016 0.65 1.10 0 24 0.8634 0.0422 0.001600
310.00 P 20261016 139.00 152.20 0 0 -1.0000 -0.9778 0.001800
315.00 C 20261016 0.70 0.85 24 3854 0.8672 0.0387 0.001500
315.00 P 20261016 144.00 159.70 0 85 0.8816 -0.9814 0.001600
320.00 C 20261016 0.50 0.95 0 0 0.8695 0.0355 0.001400
320.00 P 20261016 149.00 164.20 0 0 0.8809 -0.9845 0.001400
325.00 C 20261016 0.55 0.80 4 11 0.8755 0.0326 0.001300
325.00 P 20261016 154.00 169.70 0 0 0.8977 -0.9874 0.001200
25.00 C 20261120 131.40 146.70 0 0 1.7822 0.9991 0.000000
25.00 P 20261120 0.00 2.75 0 0 1.6442 -0.0006 0.000000
30.00 C 20261120 126.00 141.70 0 0 1.5652 0.9989 0.000000
30.00 P 20261120 0.00 0.20 0 1 1.3863 -0.0008 0.000000
35.00 C 20261120 121.00 136.80 0 0 1.4209 0.9985 0.000000
35.00 P 20261120 0.00 2.75 0 19 1.3759 -0.0012 0.000000
40.00 C 20261120 116.00 131.90 0 2 1.3621 0.9979 0.000100
40.00 P 20261120 0.00 0.60 0 4 1.2600 -0.0018 0.000100
45.00 C 20261120 111.00 127.00 0 0 1.2212 0.9972 0.000100
45.00 P 20261120 0.00 0.10 0 20 0.9844 -0.0026 0.000100
50.00 C 20261120 106.30 122.00 0 2 1.1969 0.9961 0.000100
50.00 P 20261120 0.05 0.30 0 5 1.0497 -0.0036 0.000100
55.00 C 20261120 101.30 117.00 0 1 1.0352 0.9947 0.000200
55.00 P 20261120 0.05 0.35 0 35 0.9872 -0.0051 0.000200
60.00 C 20261120 99.20 109.00 0 0 0.9553 0.9927 0.000300
60.00 P 20261120 0.05 0.40 0 22 0.9283 -0.0070 0.000300
65.00 C 20261120 94.50 104.00 0 0 0.8821 0.9900 0.000400
65.00 P 20261120 0.15 0.35 2 2565 0.8723 -0.0097 0.000400
70.00 C 20261120 89.50 99.00 0 1 0.8358 0.9865 0.000500
70.00 P 20261120 0.25 0.45 0 241 0.8494 -0.0133 0.000500
75.00 C 20261120 84.30 94.00 0 2 0.7900 0.9818 0.000600
75.00 P 20261120 0.40 0.55 7 704 0.8264 -0.0180 0.000600
80.00 C 20261120 80.50 89.90 1 0 0.8875 0.9757 0.000800
80.00 P 20261120 0.50 0.75 0 3571 0.8029 -0.0241 0.000800
85.00 C 20261120 75.80 85.00 1 0 0.8449 0.9680 0.001100
85.00 P 20261120 0.65 1.00 0 173 0.7828 -0.0318 0.001100
90.00 C 20261120 71.10 80.00 0 14 0.7952 0.9583 0.001400
90.00 P 20261120 1.05 1.30 112 2356 0.7785 -0.0416 0.001400
95.00 C 20261120 66.60 75.00 0 1 0.7588 0.9464 0.001700
95.00 P 20261120 1.50 1.80 1 670 0.7774 -0.0535 0.001700
100.00 C 20261120 62.10 71.00 0 41 0.7706 0.9320 0.002100
100.00 P 20261120 1.90 2.40 10 1967 0.7672 -0.0679 0.002100
105.00 C 20261120 58.00 67.00 0 4 0.7832 0.9152 0.002500
105.00 P 20261120 2.60 3.00 303 1338 0.7610 -0.0849 0.002500
110.00 C 20261120 53.60 63.00 1 22 0.7718 0.8958 0.002900
110.00 P 20261120 3.30 3.80 548 1831 0.7532 -0.1044 0.002900
115.00 C 20261120 49.70 59.00 0 6 0.7692 0.8738 0.003400
115.00 P 20261120 4.20 4.80 9 2414 0.7497 -0.1265 0.003400
120.00 C 20261120 46.00 55.00 0 156 0.7632 0.8495 0.003800
120.00 P 20261120 5.40 6.00 21 2071 0.7512 -0.1510 0.003800
125.00 C 20261120 42.20 51.70 50 21 0.7641 0.8231 0.004200
125.00 P 20261120 6.60 7.40 21 5049 0.7488 -0.1776 0.004200
130.00 C 20261120 39.00 48.00 0 53 0.7616 0.7949 0.004600
130.00 P 20261120 8.00 8.80 42 2746 0.7432 -0.2060 0.004700
135.00 C 20261120 35.50 44.80 1 362 0.7564 0.7653 0.005000
135.00 P 20261120 9.80 10.80 4 1519 0.7506 -0.2362 0.005000
140.00 C 20261120 36.00 38.20 0 274 0.7566 0.7345 0.005300
140.00 P 20261120 11.80 12.70 43 1019 0.7523 -0.2672 0.005400
145.00 C 20261120 33.20 35.20 9 1305 0.7554 0.7030 0.005600
145.00 P 20261120 14.00 14.70 141 60 0.7527 -0.2990 0.005700
150.00 C 20261120 30.70 32.60 1 720 0.7600 0.6713 0.005800
150.00 P 20261120 16.30 17.10 18 323 0.7554 -0.3311 0.005900
155.00 C 20261120 28.30 30.00 3 2071 0.7603 0.6395 0.006000
155.00 P 20261120 18.90 19.40 12 106 0.7554 -0.3633 0.006100
160.00 C 20261120 26.10 27.50 57 4722 0.7600 0.6080 0.006200
160.00 P 20261120 21.40 22.60 8 203 0.7627 -0.3953 0.006300
165.00 C 20261120 24.10 25.50 14 204 0.7657 0.5770 0.006300
165.00 P 20261120 24.30 25.50 4 34 0.7662 -0.4268 0.006400
170.00 C 20261120 22.50 23.40 70 261 0.7711 0.5466 0.006300
170.00 P 20261120 27.10 28.50 0 121 0.7648 -0.4576 0.006400
175.00 C 20261120 20.80 21.50 23 1070 0.7735 0.5172 0.006300
175.00 P 20261120 30.30 31.70 0 190 0.7680 -0.4875 0.006500
180.00 C 20261120 18.70 19.90 134 5253 0.7701 0.4887 0.006300
180.00 P 20261120 33.60 35.00 0 5 0.7700 -0.5165 0.006400
185.00 C 20261120 17.80 18.20 1 178 0.7796 0.4613 0.006300
185.00 P 20261120 36.90 38.50 0 0 0.7710 -0.5445 0.006400
190.00 C 20261120 15.80 17.10 6 200 0.7777 0.4351 0.006200
190.00 P 20261120 40.50 42.10 0 3 0.7743 -0.5713 0.006300
195.00 C 20261120 14.60 15.70 6 106 0.7801 0.4100 0.006100
195.00 P 20261120 44.00 45.80 0 0 0.7740 -0.5969 0.006200
200.00 C 20261120 13.60 14.30 79 3205 0.7823 0.3862 0.006000
200.00 P 20261120 47.80 49.70 0 56 0.7782 -0.6214 0.006100
205.00 C 20261120 12.20 13.50 3 145 0.7846 0.3635 0.005800
205.00 P 20261120 51.50 53.70 0 1 0.7792 -0.6447 0.006000
210.00 C 20261120 11.40 12.40 4 85 0.7889 0.3420 0.005700
210.00 P 20261120 55.50 57.70 0 3 0.7820 -0.6668 0.005800
215.00 C 20261120 10.50 11.40 0 641 0.7904 0.3217 0.005500
215.00 P 20261120 59.50 61.90 0 0 0.7854 -0.6878 0.005700
220.00 C 20261120 9.70 10.60 25 151 0.7946 0.3026 0.005400
220.00 P 20261120 63.60 66.10 0 0 0.7879 -0.7076 0.005600
225.00 C 20261120 8.90 9.80 152 43 0.7962 0.2845 0.005200
225.00 P 20261120 67.70 70.40 0 0 0.7899 -0.7263 0.005400
230.00 C 20261120 8.30 9.10 0 55 0.8011 0.2674 0.005000
230.00 P 20261120 72.00 74.80 0 0 0.7947 -0.7440 0.005200
235.00 C 20261120 7.50 8.50 0 51 0.8019 0.2514 0.004800
235.00 P 20261120 75.70 79.20 0 0 0.7851 -0.7608 0.005000
240.00 C 20261120 7.10 7.90 0 128 0.8085 0.2363 0.004600
240.00 P 20261120 77.60 86.70 0 0 0.7992 -0.7765 0.004900
245.00 C 20261120 6.50 7.30 0 30 0.8086 0.2224 0.004500
245.00 P 20261120 82.00 91.00 0 0 0.7969 -0.7914 0.004700
250.00 C 20261120 6.00 6.80 2 4134 0.8115 0.2091 0.004300
250.00 P 20261120 86.20 95.70 0 0 0.7969 -0.8054 0.004600
255.00 C 20261120 5.60 6.30 0 2 0.8148 0.1966 0.004100
255.00 P 20261120 91.00 100.00 0 0 0.7992 -0.8186 0.004400
260.00 C 20261120 5.30 6.00 0 23 0.8233 0.1849 0.004000
260.00 P 20261120 95.40 104.80 0 0 0.8018 -0.8310 0.004200
265.00 C 20261120 4.80 5.50 0 56 0.8210 0.1739 0.003800
265.00 P 20261120 100.10 109.40 0 0 0.8052 -0.8428 0.004100
270.00 C 20261120 4.40 5.30 0 189 0.8267 0.1636 0.003600
270.00 P 20261120 103.50 115.00 0 0 0.7981 -0.8538 0.003900
275.00 C 20261120 4.10 4.90 0 5 0.8286 0.1540 0.003500
275.00 P 20261120 106.30 121.80 0 0 0.8062 -0.8643 0.003800
280.00 C 20261120 4.00 4.60 11 4006 0.8370 0.1449 0.003300
280.00 P 20261120 112.90 124.40 0 0 0.8005 -0.8741 0.003600
285.00 C 20261120 3.50 4.30 0 24 0.8334 0.1364 0.003200
285.00 P 20261120 118.10 129.60 0 0 0.8328 -0.8833 0.003500
290.00 C 20261120 3.30 4.00 0 30 0.8367 0.1285 0.003100
290.00 P 20261120 123.50 135.30 0 0 0.8859 -0.8921 0.003400
295.00 C 20261120 3.10 3.80 0 43 0.8418 0.1210 0.002900
295.00 P 20261120 126.30 140.80 0 0 0.8493 -0.9004 0.003300
300.00 C 20261120 2.85 3.60 4 746 0.8444 0.1140 0.002800
300.00 P 20261120 130.10 144.90 0 1 0.7784 -0.9082 0.003200
305.00 C 20261120 2.70 3.40 0 710 0.8492 0.1075 0.002700
305.00 P 20261120 135.00 150.40 0 0 0.8147 -0.9156 0.003000
310.00 C 20261120 2.50 3.20 0 60 0.8514 0.1013 0.002600
310.00 P 20261120 141.30 153.20 0 0 0.7822 -0.9226 0.002900
315.00 C 20261120 2.35 3.00 0 346 0.8542 0.0956 0.002400
315.00 P 20261120 146.00 160.00 0 0 0.8744 -0.9293 0.002800
25.00 C 20261218 131.00 146.90 0 0 1.5826 0.9988 0.000000
25.00 P 20261218 0.00 0.10 0 83 1.2458 -0.0008 0.000000
30.00 C 20261218 126.00 141.90 0 0 1.4151 0.9984 0.000000
30.00 P 20261218 0.00 2.90 0 8 1.3649 -0.0012 0.000000
35.00 C 20261218 121.00 137.00 0 0 1.2752 0.9978 0.000100
35.00 P 20261218 0.00 3.20 0 23 1.2429 -0.0018 0.000100
40.00 C 20261218 116.10 132.00 0 1 1.1553 0.9969 0.000100
40.00 P 20261218 0.05 0.15 0 1003 1.0130 -0.0027 0.000100
45.00 C 20261218 111.10 127.00 0 0 1.0501 0.9957 0.000100
45.00 P 20261218 0.05 0.30 0 89 0.9979 -0.0039 0.000100
50.00 C 20261218 106.10 122.00 0 3 0.9831 0.9941 0.000200
50.00 P 20261218 0.05 0.25 2 1958 0.9024 -0.0056 0.000200
55.00 C 20261218 101.20 117.00 0 11 -1.0000 0.9918 0.000300
55.00 P 20261218 0.10 0.30 4 102 0.8658 -0.0078 0.000300
60.00 C 20261218 99.40 109.00 0 42 0.8437 0.9889 0.000400
60.00 P 20261218 0.20 0.40 2 1324 0.8483 -0.0108 0.000400
65.00 C 20261218 94.50 104.00 0 0 0.7725 0.9850 0.000500
65.00 P 20261218 0.25 0.55 1 134 0.8212 -0.0147 0.000500
70.00 C 20261218 90.00 100.00 0 13 0.8667 0.9800 0.000600
70.00 P 20261218 0.55 0.70 25 382 0.8200 -0.0198 0.000600
75.00 C 20261218 85.90 95.00 0 23 0.8509 0.9736 0.000800
75.00 P 20261218 0.75 0.95 6 591 0.8047 -0.0262 0.000800
80.00 C 20261218 81.20 90.00 0 46 0.8007 0.9657 0.001000
80.00 P 20261218 1.10 1.20 7 846 0.7930 -0.0342 0.001000
85.00 C 20261218 76.60 86.00 0 0 0.8168 0.9560 0.001300
85.00 P 20261218 1.40 1.70 28 1078 0.7853 -0.0438 0.001300
90.00 C 20261218 72.20 81.00 0 6 0.7796 0.9444 0.001500
90.00 P 20261218 1.70 2.20 17 1392 0.7688 -0.0555 0.001600
95.00 C 20261218 68.00 76.00 1 9 0.7505 0.9308 0.001800
95.00 P 20261218 2.40 2.70 20 1701 0.7636 -0.0692 0.001900
100.00 C 20261218 63.50 73.00 1 238 0.7795 0.9151 0.002200
100.00 P 20261218 3.00 3.40 22 2264 0.7538 -0.0850 0.002200
105.00 C 20261218 59.50 68.80 0 19 0.7717 0.8973 0.002500
105.00 P 20261218 3.70 4.30 10 451 0.7470 -0.1028 0.002500
110.00 C 20261218 55.50 65.00 0 50 0.7674 0.8776 0.002900
110.00 P 20261218 5.00 5.30 40 6175 0.7496 -0.1227 0.002900
115.00 C 20261218 51.80 61.00 0 17 0.7593 0.8560 0.003200
115.00 P 20261218 5.80 6.50 125 3712 0.7416 -0.1445 0.003200
120.00 C 20261218 48.20 57.30 0 451 0.7546 0.8327 0.003600
120.00 P 20261218 7.40 7.80 32 2664 0.7454 -0.1680 0.003600
125.00 C 20261218 44.70 51.80 0 52 0.7102 0.8081 0.003900
125.00 P 20261218 8.90 9.50 21 872 0.7477 -0.1929 0.003900
130.00 C 20261218 41.50 51.00 0 261 0.7580 0.7822 0.004200
130.00 P 20261218 10.60 11.20 142 1884 0.7469 -0.2192 0.004200
135.00 C 20261218 38.40 47.60 0 156 0.7508 0.7555 0.004500
135.00 P 20261218 12.40 13.40 44 1512 0.7513 -0.2461 0.004500
140.00 C 20261218 39.00 41.60 1 12520 0.7570 0.7281 0.004700
140.00 P 20261218 14.50 15.30 15 804 0.7497 -0.2738 0.004800
145.00 C 20261218 36.40 38.70 24 130 0.7561 0.7004 0.005000
145.00 P 20261218 16.70 17.60 136 297 0.7508 -0.3019 0.005000
150.00 C 20261218 33.80 36.10 28 17022 0.7551 0.6725 0.005100
150.00 P 20261218 19.10 20.10 83 4238 0.7530 -0.3302 0.005200
155.00 C 20261218 31.40 33.80 13 4306 0.7570 0.6447 0.005300
155.00 P 20261218 21.60 22.80 35 1160 0.7544 -0.3587 0.005400
160.00 C 20261218 29.30 31.50 115 1693 0.7589 0.6172 0.005400
160.00 P 20261218 24.20 25.50 4417 710 0.7535 -0.3867 0.005500
165.00 C 20261218 27.40 28.90 60 210 0.7555 0.5900 0.005500
165.00 P 20261218 26.80 28.40 67 969 0.7514 -0.4143 0.005600
170.00 C 20261218 25.30 27.40 43 3320 0.7608 0.5635 0.005500
170.00 P 20261218 29.80 31.50 20 140 0.7537 -0.4414 0.005700
175.00 C 20261218 23.70 25.50 98 711 0.7638 0.5376 0.005600
175.00 P 20261218 32.90 34.70 0 94 0.7552 -0.4678 0.005700
180.00 C 20261218 22.10 23.70 109 1418 0.7649 0.5125 0.005600
180.00 P 20261218 36.20 38.00 0 679 0.7573 -0.4935 0.005700
185.00 C 20261218 20.50 22.20 6 118 0.7670 0.4882 0.005600
185.00 P 20261218 39.40 41.40 0 401 0.7562 -0.5184 0.005700
190.00 C 20261218 19.20 20.80 17 244 0.7715 0.4648 0.005500
190.00 P 20261218 42.90 45.00 0 20 0.7588 -0.5424 0.005700
195.00 C 20261218 17.80 19.40 0 1495 0.7719 0.4423 0.005500
195.00 P 20261218 46.60 48.80 0 66 0.7640 -0.5656 0.005600
200.00 C 20261218 16.50 17.70 83 2706 0.7670 0.4207 0.005400
200.00 P 20261218 50.20 52.60 1 58 0.7651 -0.5879 0.005600
205.00 C 20261218 15.60 17.00 8 491 0.7789 0.4000 0.005300
205.00 P 20261218 54.00 56.50 0 69 0.7680 -0.6093 0.005500
210.00 C 20261218 14.30 15.90 6 38372 0.7775 0.3802 0.005200
210.00 P 20261218 57.80 60.50 0 169 0.7697 -0.6298 0.005400
215.00 C 20261218 13.50 14.90 0 319 0.7823 0.3613 0.005100
215.00 P 20261218 61.70 64.60 0 8 0.7720 -0.6493 0.005300
220.00 C 20261218 12.50 14.00 1 6256 0.7833 0.3436 0.005000
220.00 P 20261218 65.70 68.80 0 20 0.7752 -0.6680 0.005200
225.00 C 20261218 11.70 13.10 2 12644 0.7857 0.3264 0.004900
225.00 P 20261218 70.10 72.80 0 0 0.7794 -0.6859 0.005100
230.00 C 20261218 11.00 12.30 0 5077 0.7893 0.3102 0.004800
230.00 P 20261218 74.00 77.00 0 17 0.7768 -0.7030 0.005000
235.00 C 20261218 10.40 11.60 6 82 0.7943 0.2947 0.004600
235.00 P 20261218 78.20 81.30 0 0 0.7786 -0.7192 0.004900
240.00 C 20261218 9.50 10.90 0 8188 0.7930 0.2800 0.004500
240.00 P 20261218 82.50 85.70 0 39 0.7818 -0.7346 0.004800
245.00 C 20261218 8.90 10.20 0 1049 0.7948 0.2661 0.004400
245.00 P 20261218 86.80 90.40 0 0 0.7886 -0.7494 0.004700
250.00 C 20261218 8.30 9.50 10 1298 0.7951 0.2529 0.004300
250.00 P 20261218 91.20 94.80 0 17 0.7902 -0.7634 0.004500
255.00 C 20261218 7.70 9.10 0 78 0.7990 0.2403 0.004100
255.00 P 20261218 93.00 102.00 0 0 0.7942 -0.7767 0.004400
260.00 C 20261218 7.20 8.60 0 122 0.8016 0.2285 0.004000
260.00 P 20261218 98.20 106.50 0 0 0.8096 -0.7894 0.004300
265.00 C 20261218 6.70 8.10 2 12 0.8030 0.2172 0.003900
265.00 P 20261218 101.00 114.60 0 3 0.8472 -0.8015 0.004200
270.00 C 20261218 6.00 7.60 4 130 0.7992 0.2065 0.003800
270.00 P 20261218 103.10 116.50 0 0 0.7437 -0.8129 0.004100
275.00 C 20261218 5.80 7.20 0 245 0.8056 0.1965 0.003600
275.00 P 20261218 108.00 122.60 0 8 0.7849 -0.8239 0.004000
280.00 C 20261218 5.30 6.80 0 31 0.8050 0.1869 0.003500
280.00 P 20261218 114.10 125.80 0 0 0.7871 -0.8343 0.003800
285.00 C 20261218 4.90 6.50 0 17 0.8074 0.1778 0.003400
285.00 P 20261218 117.00 130.40 0 0 0.7399 -0.8442 0.003700
290.00 C 20261218 4.70 6.10 1 73 0.8108 0.1693 0.003300
290.00 P 20261218 122.00 135.10 0 0 0.7484 -0.8536 0.003600
295.00 C 20261218 4.40 5.90 0 8 0.8156 0.1611 0.003200
295.00 P 20261218 127.10 140.90 0 0 0.7900 -0.8627 0.003500
300.00 C 20261218 4.20 5.50 6 390 0.8173 0.1534 0.003100
300.00 P 20261218 131.10 144.60 0 11 0.7337 -0.8712 0.003400
305.00 C 20261218 3.80 5.30 0 15 0.8181 0.1461 0.003000
305.00 P 20261218 136.00 150.40 0 0 0.7737 -0.8794 0.003300
310.00 C 20261218 3.60 5.10 0 12 0.8227 0.1392 0.002900
310.00 P 20261218 141.40 155.30 0 0 0.7987 -0.8871 0.003200
315.00 C 20261218 3.30 4.80 1 22 0.8216 0.1327 0.002800
315.00 P 20261218 145.60 160.90 0 0 0.8070 -0.8945 0.003200
320.00 C 20261218 3.10 4.60 0 2 0.8248 0.1265 0.002700
320.00 P 20261218 150.30 165.70 0 0 0.8038 -0.9017 0.003100
325.00 C 20261218 2.95 4.40 0 7 0.8286 0.1206 0.002600
325.00 P 20261218 155.10 170.60 0 0 0.8064 -0.9085 0.003000
330.00 C 20261218 2.80 4.20 1 75 0.8317 0.1150 0.002500
330.00 P 20261218 160.00 175.40 0 0 0.8080 -0.9150 0.002900
335.00 C 20261218 2.60 4.00 0 2 0.8328 0.1097 0.002400
335.00 P 20261218 165.00 179.40 0 0 0.7723 -0.9212 0.002800
340.00 C 20261218 2.45 3.80 0 35 0.8346 0.1047 0.002300
340.00 P 20261218 171.10 185.00 0 0 0.8624 -0.9272 0.002800
345.00 C 20261218 2.30 3.70 0 2 0.8388 0.1000 0.002200
345.00 P 20261218 174.60 190.00 0 0 0.8092 -0.9330 0.002700
350.00 C 20261218 2.80 3.50 0 16 0.8596 0.0955 0.002100
350.00 P 20261218 179.50 194.90 0 0 0.8099 -0.9384 0.002600
355.00 C 20261218 2.05 3.40 0 4 0.8441 0.0912 0.002100
355.00 P 20261218 184.40 197.70 0 0 -1.0000 -0.9436 0.002600
360.00 C 20261218 2.35 3.20 20 170 0.8584 0.0871 0.002000
360.00 P 20261218 189.30 204.70 0 0 0.8056 -0.9485 0.002500
365.00 C 20261218 2.10 3.10 1 22 0.8575 0.0832 0.001900
365.00 P 20261218 194.20 209.60 0 0 0.7989 -0.9530 0.002400
370.00 C 20261218 1.70 2.95 0 8 0.8485 0.0796 0.001900
370.00 P 20261218 199.10 212.00 0 0 -1.0000 -0.9573 0.002300
375.00 C 20261218 1.60 2.85 0 36 0.8513 0.0761 0.001800
375.00 P 20261218 204.00 219.80 0 0 0.8210 -0.9617 0.002200
380.00 C 20261218 1.50 2.70 0 389 0.8517 0.0728 0.001700
380.00 P 20261218 209.10 224.80 0 0 0.8423 -0.9658 0.002100
385.00 C 20261218 1.85 2.25 12 3808 0.8576 0.0696 0.001700
385.00 P 20261218 213.90 227.30 0 0 -1.0000 -0.9696 0.002000
390.00 C 20261218 1.20 2.20 4 593 0.8375 0.0666 0.001600
390.00 P 20261218 218.30 235.10 0 0 -1.0000 -0.9729 0.001800
25.00 C 20270115 131.00 146.90 0 0 1.4688 0.9982 0.000000
25.00 P 20270115 0.00 0.60 0 24 1.3977 -0.0007 0.000000
30.00 C 20270115 126.00 142.00 0 0 1.3329 0.9977 0.000000
30.00 P 20270115 0.00 0.90 0 8 1.2912 -0.0012 0.000000
35.00 C 20270115 121.00 137.00 0 0 1.1966 0.9970 0.000100
35.00 P 20270115 0.00 0.50 0 20 1.1203 -0.0020 0.000100
40.00 C 20270115 116.10 132.00 0 0 1.1010 0.9959 0.000100
40.00 P 20270115 0.05 0.25 0 14 0.9593 -0.0031 0.000100
45.00 C 20270115 111.30 127.00 0 0 0.9972 0.9944 0.000100
45.00 P 20270115 0.05 0.35 0 35 0.9157 -0.0046 0.000100
50.00 C 20270115 106.40 122.00 0 15 0.9244 0.9922 0.000200
50.00 P 20270115 0.10 0.30 14 1551 0.8448 -0.0067 0.000200
55.00 C 20270115 101.60 117.00 0 8 0.8406 0.9894 0.000300
55.00 P 20270115 0.10 0.50 0 47 0.8265 -0.0096 0.000300
60.00 C 20270115 100.00 110.00 0 8 0.9088 0.9856 0.000400
60.00 P 20270115 0.25 0.65 0 165 0.8144 -0.0134 0.000400
65.00 C 20270115 95.20 105.00 0 1 0.8543 0.9806 0.000500
65.00 P 20270115 0.45 0.75 1 532 0.7921 -0.0184 0.000500
70.00 C 20270115 91.20 100.00 0 160 0.8412 0.9744 0.000700
70.00 P 20270115 0.80 0.90 4 577 0.7827 -0.0246 0.000700
75.00 C 20270115 86.60 95.10 0 169 0.8022 0.9667 0.000900
75.00 P 20270115 1.05 1.25 1 148 0.7713 -0.0324 0.000900
80.00 C 20270115 82.00 91.00 10 97 0.8057 0.9574 0.001100
80.00 P 20270115 1.55 1.70 6 1116 0.7721 -0.0417 0.001100
85.00 C 20270115 77.60 86.90 0 7 0.8063 0.9464 0.001400
85.00 P 20270115 1.95 2.30 4 585 0.7644 -0.0529 0.001400
90.00 C 20270115 73.30 82.00 0 83 0.7723 0.9336 0.001600
90.00 P 20270115 2.55 2.75 13 1643 0.7516 -0.0658 0.001600
95.00 C 20270115 69.10 78.00 0 5 0.7703 0.9189 0.001900
95.00 P 20270115 3.20 3.60 16 490 0.7486 -0.0805 0.001900
100.00 C 20270115 65.10 74.00 0 232 0.7666 0.9025 0.002200
100.00 P 20270115 4.20 4.60 136 2413 0.7524 -0.0970 0.002200
105.00 C 20270115 61.20 70.00 0 4 0.7589 0.8844 0.002500
105.00 P 20270115 5.00 5.80 3 255 0.7480 -0.1153 0.002500
110.00 C 20270115 57.40 66.90 1 63 0.7683 0.8648 0.002800
110.00 P 20270115 6.30 6.90 62 1342 0.7466 -0.1351 0.002800
115.00 C 20270115 54.00 63.00 0 18 0.7615 0.8438 0.003100
115.00 P 20270115 7.50 8.30 3 759 0.7433 -0.1564 0.003100
120.00 C 20270115 50.40 59.30 0 102 0.7504 0.8216 0.003400
120.00 P 20270115 8.90 9.80 151 4670 0.7455 -0.1790 0.003400
125.00 C 20270115 47.20 56.00 0 86 0.7494 0.7984 0.003600
125.00 P 20270115 11.00 11.30 16 1548 0.7443 -0.2023 0.003700
130.00 C 20270115 44.10 52.10 0 334 0.7354 0.7744 0.003900
130.00 P 20270115 12.70 13.20 177 2336 0.7424 -0.2268 0.003900
135.00 C 20270115 41.10 50.00 3 464 0.7473 0.7498 0.004100
135.00 P 20270115 14.50 15.60 29 825 0.7457 -0.2516 0.004200
140.00 C 20270115 41.60 43.70 4 419 0.7435 0.7248 0.004300
140.00 P 20270115 16.60 17.80 17 614 0.7469 -0.2769 0.004400
145.00 C 20270115 39.30 41.60 2 115 0.7554 0.6997 0.004500
145.00 P 20270115 18.80 20.00 4 203 0.7425 -0.3024 0.004600
150.00 C 20270115 37.00 38.90 23 813 0.7546 0.6746 0.004600
150.00 P 20270115 21.50 22.30 45 661 0.7439 -0.3280 0.004700
155.00 C 20270115 34.50 36.50 12 154 0.7516 0.6496 0.004800
155.00 P 20270115 24.10 25.50 5 251 0.7518 -0.3535 0.004800
160.00 C 20270115 32.50 34.50 52 6618 0.7569 0.6248 0.004800
160.00 P 20270115 26.60 28.10 5 522 0.7468 -0.3790 0.005000
165.00 C 20270115 30.60 32.30 102 308 0.7576 0.6005 0.004900
165.00 P 20270115 29.50 31.10 20 185 0.7491 -0.4038 0.005000
170.00 C 20270115 29.30 29.90 224 590 0.7602 0.5766 0.005000
170.00 P 20270115 32.70 34.10 58 71 0.7518 -0.4283 0.005100
175.00 C 20270115 26.90 28.30 16 1054 0.7562 0.5533 0.005000
175.00 P 20270115 35.70 37.30 0 422 0.7517 -0.4522 0.005200
180.00 C 20270115 25.50 26.50 56 2597 0.7596 0.5305 0.005000
180.00 P 20270115 38.90 40.60 1 427 0.7523 -0.4756 0.005200
185.00 C 20270115 23.70 25.20 1 212 0.7615 0.5085 0.005000
185.00 P 20270115 42.30 44.00 0 44 0.7540 -0.4982 0.005200
190.00 C 20270115 22.30 23.90 6 115 0.7658 0.4872 0.005000
190.00 P 20270115 45.70 47.50 77 1 0.7547 -0.5202 0.005200
195.00 C 20270115 20.80 22.40 1 56 0.7643 0.4666 0.005000
195.00 P 20270115 49.30 51.30 0 13 0.7590 -0.5415 0.005200
200.00 C 20270115 19.60 20.90 26 1734 0.7641 0.4468 0.005000
200.00 P 20270115 53.30 54.80 1 277 0.7622 -0.5620 0.005100
205.00 C 20270115 18.60 19.80 7 170 0.7694 0.4276 0.004900
205.00 P 20270115 56.70 58.80 0 76 0.7622 -0.5819 0.005100
210.00 C 20270115 17.60 18.80 2 301 0.7742 0.4092 0.004800
210.00 P 20270115 60.50 62.80 0 73 0.7651 -0.6010 0.005000
215.00 C 20270115 16.50 17.70 0 224 0.7746 0.3916 0.004800
215.00 P 20270115 64.30 66.80 0 10 0.7661 -0.6194 0.005000
220.00 C 20270115 15.40 16.70 6 5164 0.7746 0.3747 0.004700
220.00 P 20270115 68.30 70.90 0 107 0.7692 -0.6371 0.004900
225.00 C 20270115 14.70 15.80 0 97 0.7794 0.3585 0.004600
225.00 P 20270115 72.40 75.00 0 41 0.7720 -0.6541 0.004800
230.00 C 20270115 13.80 15.00 1 215 0.7811 0.3432 0.004500
230.00 P 20270115 76.40 78.80 0 6 0.7676 -0.6704 0.004800
235.00 C 20270115 13.10 14.20 0 10 0.7844 0.3283 0.004400
235.00 P 20270115 80.60 83.30 0 0 0.7739 -0.6861 0.004700
240.00 C 20270115 12.40 13.50 3 188 0.7877 0.3142 0.004300
240.00 P 20270115 84.60 87.40 0 13 0.7703 -0.7010 0.004600
245.00 C 20270115 11.70 12.70 0 27 0.7883 0.3006 0.004200
245.00 P 20270115 89.00 91.70 0 1 0.7737 -0.7154 0.004500
250.00 C 20270115 11.00 12.10 89 10985 0.7905 0.2877 0.004200
250.00 P 20270115 93.30 96.30 0 2 0.7788 -0.7292 0.004400
255.00 C 20270115 10.50 11.40 0 18 0.7929 0.2754 0.004000
255.00 P 20270115 97.60 100.40 0 0 0.7750 -0.7424 0.004400
260.00 C 20270115 9.80 10.80 70 95 0.7927 0.2636 0.004000
260.00 P 20270115 102.00 105.00 0 0 0.7790 -0.7550 0.004300
265.00 C 20270115 9.30 10.30 0 7 0.7959 0.2524 0.003800
265.00 P 20270115 106.40 109.30 0 1 0.7771 -0.7672 0.004200
270.00 C 20270115 8.80 9.80 0 61 0.7981 0.2416 0.003800
270.00 P 20270115 109.60 120.00 0 1 0.8580 -0.7787 0.004100
275.00 C 20270115 8.30 9.30 0 9 0.7993 0.2314 0.003700
275.00 P 20270115 110.90 122.00 0 0 0.7647 -0.7898 0.004000
280.00 C 20270115 7.90 8.80 1 157 0.8012 0.2217 0.003600
280.00 P 20270115 114.00 127.60 0 0 0.7574 -0.8005 0.003900
285.00 C 20270115 7.30 8.40 0 5 0.8004 0.2124 0.003500
285.00 P 20270115 118.40 132.30 0 0 0.7562 -0.8107 0.003800
290.00 C 20270115 7.00 8.00 0 55 0.8038 0.2036 0.003400
290.00 P 20270115 123.60 138.20 0 0 0.7941 -0.8205 0.003700
295.00 C 20270115 6.60 7.70 0 2 0.8064 0.1951 0.003300
295.00 P 20270115 128.00 143.00 0 15 0.7941 -0.8298 0.003700
300.00 C 20270115 6.30 7.30 6 1236 0.8083 0.1871 0.003200
300.00 P 20270115 132.30 146.70 0 2 0.7664 -0.8389 0.003600
305.00 C 20270115 5.90 7.00 2 46 0.8094 0.1794 0.003100
305.00 P 20270115 137.00 152.30 0 0 0.7880 -0.8474 0.003500
310.00 C 20270115 5.50 6.70 0 38 0.8098 0.1721 0.003000
310.00 P 20270115 142.00 156.30 0 0 0.7788 -0.8557 0.003400
315.00 C 20270115 5.30 6.40 0 2 0.8132 0.1651 0.002900
315.00 P 20270115 147.00 161.90 0 0 0.8073 -0.8636 0.003300
320.00 C 20270115 5.10 6.10 0 24 0.8161 0.1584 0.002800
320.00 P 20270115 151.40 165.80 0 0 0.7780 -0.8713 0.003300
325.00 C 20270115 4.80 5.90 0 14 0.8183 0.1521 0.002800
325.00 P 20270115 156.00 171.30 0 0 0.7940 -0.8786 0.003200
330.00 C 20270115 4.50 5.80 0 593 0.8220 0.1460 0.002700
330.00 P 20270115 161.00 175.30 0 0 0.7774 -0.8857 0.003100
335.00 C 20270115 4.30 5.50 0 2 0.8231 0.1402 0.002600
335.00 P 20270115 166.40 179.50 0 0 0.7769 -0.8925 0.003100
340.00 C 20270115 4.10 5.40 0 9 0.8280 0.1347 0.002500
340.00 P 20270115 170.30 185.80 0 0 0.7959 -0.8990 0.003000
345.00 C 20270115 3.80 5.00 0 66 0.8234 0.1294 0.002400
345.00 P 20270115 175.20 190.60 0 0 0.7978 -0.9052 0.003000
350.00 C 20270115 3.70 4.70 1 34 0.8249 0.1244 0.002400
350.00 P 20270115 180.00 195.50 0 0 0.7988 -0.9114 0.002900
355.00 C 20270115 3.40 4.70 0 19 0.8283 0.1196 0.002300
355.00 P 20270115 185.00 200.00 0 0 0.7905 -0.9173 0.002900
360.00 C 20270115 3.30 4.50 0 15 0.8313 0.1150 0.002200
360.00 P 20270115 190.00 205.00 0 0 0.8018 -0.9230 0.002800
365.00 C 20270115 3.10 4.40 0 2 0.8339 0.1106 0.002200
365.00 P 20270115 195.00 210.00 0 0 0.8129 -0.9284 0.002700
370.00 C 20270115 3.00 4.20 0 2 0.8360 0.1064 0.002100
370.00 P 20270115 199.50 215.00 0 0 0.8002 -0.9336 0.002700
375.00 C 20270115 2.65 4.10 0 1 0.8337 0.1024 0.002000
375.00 P 20270115 204.10 220.50 0 0 0.8161 -0.9385 0.002600
380.00 C 20270115 2.60 3.80 0 6 0.8334 0.0985 0.002000
380.00 P 20270115 211.60 225.40 0 0 0.9167 -0.9432 0.002500
385.00 C 20270115 2.50 3.80 0 164 0.8399 0.0949 0.001900
385.00 P 20270115 214.10 227.10 0 0 -1.0000 -0.9478 0.002500
390.00 C 20270115 0.15 8.00 2 357 0.8402 0.0913 0.001900
390.00 P 20270115 218.60 235.40 0 0 0.8013 -0.9524 0.002400
2.50 C 20270319 153.70 169.00 0 0 3.3741 1.0000 0.000000
2.50 P 20270319 0.00 0.05 0 124 2.0584 0.0000 0.000000
5.00 C 20270319 151.20 166.00 0 0 2.2985 0.9997 0.000000
5.00 P 20270319 0.00 0.10 0 0 1.8043 -0.0001 0.000000
7.50 C 20270319 148.80 164.00 0 0 2.2148 0.9994 0.000000
7.50 P 20270319 0.00 0.15 0 0 1.6485 -0.0002 0.000000
10.00 C 20270319 146.30 161.00 0 0 1.7475 0.9990 0.000000
10.00 P 20270319 0.00 0.20 0 1 1.5341 -0.0003 0.000000
12.50 C 20270319 143.90 159.00 0 0 1.7738 0.9987 0.000000
12.50 P 20270319 0.00 3.30 0 40 1.6068 -0.0004 0.000000
15.00 C 20270319 141.40 157.00 0 0 1.7342 0.9984 0.000000
15.00 P 20270319 0.00 2.75 0 1 1.5564 -0.0006 0.000000
17.50 C 20270319 139.00 154.00 0 0 1.4970 0.9980 0.000000
17.50 P 20270319 0.00 5.00 0 1 1.4932 -0.0008 0.000000
20.00 C 20270319 136.60 152.00 0 0 1.5087 0.9977 0.000000
20.00 P 20270319 0.00 1.35 0 2 1.4126 -0.0011 0.000000
22.50 C 20270319 134.10 149.00 0 0 1.2918 0.9973 0.000000
22.50 P 20270319 0.00 1.15 0 8 1.3312 -0.0014 0.000000
25.00 C 20270319 131.70 147.00 0 3 1.3208 0.9969 0.000000
25.00 P 20270319 0.00 0.60 0 11 1.1740 -0.0019 0.000000
30.00 C 20270319 126.80 142.00 0 1 1.1688 0.9957 0.000100
30.00 P 20270319 0.00 3.20 0 0 1.1276 -0.0030 0.000100
35.00 C 20270319 122.00 137.00 0 0 1.0572 0.9941 0.000100
35.00 P 20270319 0.05 0.40 0 2 0.9285 -0.0046 0.000100
40.00 C 20270319 117.20 132.00 0 0 0.9615 0.9919 0.000200
40.00 P 20270319 0.10 0.35 0 74 0.8509 -0.0068 0.000200
45.00 C 20270319 112.40 127.00 0 0 0.8780 0.9890 0.000200
45.00 P 20270319 0.15 0.60 0 12 0.8422 -0.0098 0.000200
50.00 C 20270319 107.60 123.00 0 110 0.9132 0.9852 0.000300
50.00 P 20270319 0.35 0.70 0 5597 0.8200 -0.0136 0.000300
55.00 C 20270319 108.00 118.00 0 0 1.1394 0.9804 0.000400
55.00 P 20270319 0.50 1.10 0 65 0.8163 -0.0184 0.000400
60.00 C 20270319 101.00 110.00 0 3 0.7762 0.9745 0.000600
60.00 P 20270319 0.80 1.30 0 56 0.7969 -0.0243 0.000600
65.00 C 20270319 96.80 106.00 0 10 0.8183 0.9674 0.000700
65.00 P 20270319 1.15 1.75 0 139 0.7908 -0.0315 0.000700
70.00 C 20270319 92.40 101.00 0 39 0.7788 0.9589 0.000900
70.00 P 20270319 1.60 2.20 0 164 0.7811 -0.0400 0.000900
75.00 C 20270319 88.00 97.00 0 10 0.7814 0.9491 0.001100
75.00 P 20270319 2.20 2.85 1 537 0.7791 -0.0499 0.001100
80.00 C 20270319 83.70 93.00 7 73 0.7783 0.9379 0.001200
80.00 P 20270319 2.75 3.60 0 739 0.7709 -0.0612 0.001300
85.00 C 20270319 80.00 89.00 0 8 0.7856 0.9254 0.001500
85.00 P 20270319 3.60 4.60 2 230 0.7733 -0.0739 0.001500
90.00 C 20270319 75.60 85.00 0 27 0.7666 0.9115 0.001700
90.00 P 20270319 4.50 5.60 2 532 0.7695 -0.0880 0.001700
95.00 C 20270319 72.00 81.00 0 3 0.7639 0.8963 0.001900
95.00 P 20270319 5.40 6.30 20 502 0.7535 -0.1033 0.001900
100.00 C 20270319 71.70 77.00 5 297 0.8214 0.8801 0.002100
100.00 P 20270319 6.60 7.80 3 1534 0.7576 -0.1196 0.002100
105.00 C 20270319 64.40 73.90 0 14 0.7534 0.8628 0.002300
105.00 P 20270319 8.00 8.90 18 515 0.7518 -0.1372 0.002400
110.00 C 20270319 61.00 70.10 0 29 0.7448 0.8446 0.002500
110.00 P 20270319 9.60 10.40 715 322 0.7523 -0.1556 0.002600
115.00 C 20270319 58.00 67.00 0 44 0.7504 0.8257 0.002700
115.00 P 20270319 11.10 12.20 10 790 0.7513 -0.1748 0.002800
120.00 C 20270319 55.40 64.00 1 172 0.7586 0.8062 0.002900
120.00 P 20270319 12.80 14.10 0 1558 0.7508 -0.1946 0.003000
125.00 C 20270319 52.00 61.00 0 63 0.7509 0.7862 0.003100
125.00 P 20270319 14.80 16.10 0 952 0.7520 -0.2150 0.003200
130.00 C 20270319 49.00 58.10 0 37 0.7472 0.7658 0.003300
130.00 P 20270319 16.80 18.20 1 1019 0.7509 -0.2357 0.003300
135.00 C 20270319 49.80 52.30 18 106 0.7518 0.7453 0.003400
135.00 P 20270319 19.20 20.50 0 1666 0.7542 -0.2567 0.003500
140.00 C 20270319 47.40 49.90 2 167 0.7554 0.7247 0.003600
140.00 P 20270319 21.50 22.90 130 1627 0.7540 -0.2777 0.003600
145.00 C 20270319 45.00 47.50 0 143 0.7560 0.7041 0.003700
145.00 P 20270319 24.30 25.40 24 416 0.7580 -0.2988 0.003800
150.00 C 20270319 43.00 45.20 7 992 0.7595 0.6836 0.003800
150.00 P 20270319 26.90 28.00 632 1211 0.7579 -0.3199 0.003900
155.00 C 20270319 40.80 42.90 6 88 0.7582 0.6632 0.003900
155.00 P 20270319 29.50 30.80 33 154 0.7574 -0.3407 0.004000
160.00 C 20270319 38.80 40.80 4 153 0.7589 0.6431 0.003900
160.00 P 20270319 32.30 33.80 0 132 0.7589 -0.3614 0.004100
165.00 C 20270319 37.30 38.80 4 299 0.7638 0.6234 0.004000
165.00 P 20270319 35.40 36.80 0 25 0.7613 -0.3818 0.004100
170.00 C 20270319 35.30 36.90 3 978 0.7623 0.6039 0.004100
170.00 P 20270319 38.40 40.10 35 859 0.7631 -0.4020 0.004200
175.00 C 20270319 33.50 35.20 16 268 0.7630 0.5849 0.004100
175.00 P 20270319 41.60 43.20 0 18 0.7633 -0.4216 0.004200
180.00 C 20270319 31.90 33.50 3 412 0.7639 0.5663 0.004100
180.00 P 20270319 44.90 46.50 0 79 0.7647 -0.4409 0.004300
185.00 C 20270319 30.40 32.10 1 256 0.7671 0.5482 0.004200
185.00 P 20270319 48.30 49.90 0 67 0.7663 -0.4598 0.004300
190.00 C 20270319 29.00 30.60 25 363 0.7687 0.5305 0.004200
190.00 P 20270319 51.80 53.40 0 8 0.7682 -0.4781 0.004300
195.00 C 20270319 27.30 29.20 0 61 0.7667 0.5134 0.004200
195.00 P 20270319 55.40 57.00 0 1 0.7705 -0.4960 0.004300
200.00 C 20270319 26.40 28.00 58 926 0.7733 0.4967 0.004200
200.00 P 20270319 58.90 60.70 0 379 0.7713 -0.5135 0.004400
205.00 C 20270319 25.00 26.70 3 57 0.7724 0.4805 0.004100
205.00 P 20270319 62.60 64.40 0 1 0.7726 -0.5304 0.004300
210.00 C 20270319 23.70 25.60 0 38 0.7732 0.4648 0.004100
210.00 P 20270319 66.40 68.20 0 4 0.7745 -0.5469 0.004300
215.00 C 20270319 22.70 24.50 0 22 0.7754 0.4499 0.004100
215.00 P 20270319 70.20 72.30 0 0 0.7782 -0.5628 0.004300
220.00 C 20270319 21.80 23.40 12 207 0.7778 0.4352 0.004100
220.00 P 20270319 73.90 76.10 0 3 0.7765 -0.5784 0.004300
225.00 C 20270319 20.60 22.50 0 89 0.7782 0.4210 0.004000
225.00 P 20270319 77.80 80.00 0 1 0.7767 -0.5935 0.004300
230.00 C 20270319 19.80 21.60 0 307 0.7815 0.4073 0.004000
230.00 P 20270319 81.00 84.10 0 9 0.7693 -0.6081 0.004200
235.00 C 20270319 18.30 21.20 0 25 0.7818 0.3940 0.003900
235.00 P 20270319 85.90 88.10 0 6 0.7799 -0.6221 0.004200
240.00 C 20270319 18.10 19.90 2 89 0.7853 0.3813 0.003900
240.00 P 20270319 90.00 92.20 11 0 0.7810 -0.6358 0.004200
245.00 C 20270319 17.40 19.00 0 30 0.7869 0.3689 0.003800
245.00 P 20270319 94.10 96.50 0 1 0.7832 -0.6491 0.004100
250.00 C 20270319 16.70 18.20 0 175 0.7886 0.3570 0.003800
250.00 P 20270319 98.20 100.70 0 6 0.7834 -0.6620 0.004100
255.00 C 20270319 16.00 18.10 0 84 0.7972 0.3456 0.003700
255.00 P 20270319 102.30 105.00 0 0 0.7836 -0.6744 0.004100
260.00 C 20270319 15.30 17.30 0 73 0.7973 0.3345 0.003700
260.00 P 20270319 106.50 109.30 0 3 0.7841 -0.6864 0.004000
265.00 C 20270319 14.60 16.70 0 22 0.7989 0.3238 0.003600
265.00 P 20270319 110.90 113.70 0 6 0.7872 -0.6979 0.004000
270.00 C 20270319 13.90 15.60 0 65 0.7940 0.3136 0.003600
270.00 P 20270319 115.10 118.10 0 4 0.7871 -0.7091 0.003900
275.00 C 20270319 12.80 15.40 0 70 0.7940 0.3036 0.003500
275.00 P 20270319 119.50 123.70 0 68 0.8033 -0.7201 0.003900
280.00 C 20270319 12.70 14.80 0 27 0.8004 0.2941 0.003500
280.00 P 20270319 123.80 127.00 0 0 0.7892 -0.7306 0.003800
285.00 C 20270319 11.70 14.40 0 42 0.7979 0.2849 0.003400
285.00 P 20270319 128.30 132.70 0 0 0.8070 -0.7408 0.003800
290.00 C 20270319 11.70 13.30 1 17 0.7982 0.2760 0.003400
290.00 P 20270319 132.60 136.00 0 0 0.7907 -0.7508 0.003700
295.00 C 20270319 10.70 13.30 0 8 0.7992 0.2674 0.003300
295.00 P 20270319 137.20 140.50 0 0 0.7930 -0.7603 0.003700
300.00 C 20270319 10.80 12.90 3 607 0.8083 0.2592 0.003200
300.00 P 20270319 141.70 145.10 0 0 0.7946 -0.7696 0.003600
305.00 C 20270319 9.80 12.40 0 6 0.8018 0.2513 0.003200
305.00 P 20270319 146.20 149.60 0 0 0.7940 -0.7786 0.003600
310.00 C 20270319 9.40 11.90 0 11 0.8023 0.2436 0.003100
310.00 P 20270319 145.00 160.00 0 0 0.7957 -0.7873 0.003600
315.00 C 20270319 9.00 11.50 0 7 0.8036 0.2362 0.003100
315.00 P 20270319 149.50 165.00 0 0 0.8012 -0.7957 0.003500
320.00 C 20270319 8.70 11.10 0 18 0.8057 0.2291 0.003000
320.00 P 20270319 154.10 169.70 0 0 0.8031 -0.8039 0.003500
325.00 C 20270319 8.30 10.80 0 3 0.8074 0.2222 0.002900
325.00 P 20270319 161.10 172.30 0 0 0.8092 -0.8118 0.003400
330.00 C 20270319 8.00 10.40 0 0 0.8086 0.2156 0.002900
330.00 P 20270319 163.40 178.90 0 0 0.8036 -0.8195 0.003400
335.00 C 20270319 7.70 10.10 0 0 0.8107 0.2092 0.002800
335.00 P 20270319 169.10 181.10 0 1 0.7790 -0.8270 0.003300
340.00 C 20270319 7.40 9.80 0 0 0.8124 0.2031 0.002800
340.00 P 20270319 173.70 188.00 0 0 0.8169 -0.8342 0.003300
345.00 C 20270319 7.40 9.50 0 1 0.8182 0.1972 0.002700
345.00 P 20270319 179.30 191.00 0 0 0.8034 -0.8412 0.003200
350.00 C 20270319 6.80 9.10 0 40 0.8132 0.1914 0.002700
350.00 P 20270319 184.70 195.70 0 0 0.8162 -0.8480 0.003200
355.00 C 20270319 6.50 8.90 0 3 0.8152 0.1859 0.002600
355.00 P 20270319 188.80 200.50 0 0 0.8060 -0.8549 0.003200
360.00 C 20270319 6.30 8.60 0 28 0.8169 0.1805 0.002600
360.00 P 20270319 194.10 205.20 0 0 0.8167 -0.8613 0.003100
365.00 C 20270319 6.00 8.40 0 42 0.8182 0.1754 0.002500
365.00 P 20270319 197.40 210.00 0 0 0.7864 -0.8677 0.003100
370.00 C 20270319 5.80 8.10 0 6 0.8192 0.1704 0.002500
370.00 P 20270319 201.20 216.80 0 0 0.8101 -0.8737 0.003100
375.00 C 20270319 5.60 7.80 0 7 0.8198 0.1656 0.002400
375.00 P 20270319 205.70 221.60 0 0 0.8041 -0.8796 0.003000
380.00 C 20270319 5.40 7.60 0 5 0.8217 0.1610 0.002400
380.00 P 20270319 210.50 226.40 0 0 0.8043 -0.8855 0.003000
385.00 C 20270319 5.90 6.70 11 25 0.8233 0.1565 0.002300
385.00 P 20270319 215.40 231.20 0 0 0.8061 -0.8912 0.003000
390.00 C 20270319 5.70 6.70 4 160 0.8281 0.1522 0.002300
390.00 P 20270319 219.40 236.50 0 0 0.7959 -0.8966 0.002900
25.00 C 20270617 131.00 147.00 0 0 -1.0000 0.9955 0.000100
25.00 P 20270617 0.00 0.60 0 27 0.9997 -0.0037 0.000100
30.00 C 20270617 126.00 142.00 0 0 -1.0000 0.9934 0.000100
30.00 P 20270617 0.05 0.45 0 1 0.8704 -0.0058 0.000100
35.00 C 20270617 121.00 137.00 0 0 -1.0000 0.9906 0.000200
35.00 P 20270617 0.10 0.60 0 3 0.8327 -0.0086 0.000200
40.00 C 20270617 117.00 133.00 0 17 0.7743 0.9871 0.000200
40.00 P 20270617 0.30 0.80 0 16 0.8196 -0.0122 0.000200
45.00 C 20270617 112.00 128.00 0 0 0.6510 0.9826 0.000300
45.00 P 20270617 0.55 1.05 0 7 0.8054 -0.0167 0.000300
50.00 C 20270617 108.90 123.00 0 12 0.7725 0.9772 0.000400
50.00 P 20270617 0.90 1.35 0 113 0.7938 -0.0222 0.000400
55.00 C 20270617 103.00 117.10 0 0 -1.0000 0.9707 0.000600
55.00 P 20270617 1.35 1.90 5 29 0.7993 -0.0287 0.000600
60.00 C 20270617 101.00 115.70 0 9 0.8566 0.9631 0.000700
60.00 P 20270617 1.85 2.45 0 54 0.7860 -0.0364 0.000700
65.00 C 20270617 98.00 107.00 0 1 0.7184 0.9544 0.000800
65.00 P 20270617 2.50 3.00 0 6 0.7774 -0.0452 0.000800
70.00 C 20270617 94.00 103.00 0 13 0.7287 0.9445 0.001000
70.00 P 20270617 3.30 3.80 1 163 0.7752 -0.0552 0.001000
75.00 C 20270617 90.00 99.40 20 23 0.7400 0.9336 0.001100
75.00 P 20270617 4.20 4.60 3 654 0.7695 -0.0663 0.001100
80.00 C 20270617 90.00 95.00 2 77 0.8156 0.9218 0.001300
80.00 P 20270617 5.10 5.90 1 243 0.7706 -0.0784 0.001300
85.00 C 20270617 82.00 92.00 0 79 0.7333 0.9089 0.001400
85.00 P 20270617 6.20 7.10 71 617 0.7681 -0.0915 0.001500
90.00 C 20270617 79.00 88.50 0 17 0.7464 0.8952 0.001600
90.00 P 20270617 7.30 8.40 126 1239 0.7633 -0.1053 0.001600
95.00 C 20270617 76.00 85.00 0 24 0.7523 0.8808 0.001800
95.00 P 20270617 8.70 10.00 2 1174 0.7646 -0.1200 0.001800
100.00 C 20270617 72.70 82.00 1 375 0.7563 0.8657 0.001900
100.00 P 20270617 10.20 11.30 214 3699 0.7586 -0.1354 0.002000
105.00 C 20270617 69.00 79.00 0 9 0.7501 0.8500 0.002100
105.00 P 20270617 11.80 12.90 3 556 0.7553 -0.1514 0.002100
110.00 C 20270617 66.20 76.00 0 45 0.7535 0.8339 0.002200
110.00 P 20270617 13.60 15.10 0 1185 0.7595 -0.1680 0.002300
115.00 C 20270617 63.00 73.00 0 24 0.7484 0.8175 0.002400
115.00 P 20270617 15.60 17.10 0 615 0.7603 -0.1849 0.002400
120.00 C 20270617 63.30 67.60 4 94 0.7541 0.8008 0.002500
120.00 P 20270617 17.80 19.20 0 529 0.7617 -0.2021 0.002500
125.00 C 20270617 58.00 66.80 0 193 0.7451 0.7839 0.002600
125.00 P 20270617 19.80 21.50 0 1088 0.7606 -0.2193 0.002700
130.00 C 20270617 55.00 65.00 7 283 0.7488 0.7669 0.002700
130.00 P 20270617 22.10 23.70 3 3428 0.7590 -0.2368 0.002800
135.00 C 20270617 53.20 62.10 0 218 0.7509 0.7499 0.002800
135.00 P 20270617 24.20 26.40 0 706 0.7584 -0.2543 0.002900
140.00 C 20270617 54.40 56.90 51 365 0.7579 0.7330 0.002900
140.00 P 20270617 27.00 28.60 109 2582 0.7577 -0.2718 0.003000
145.00 C 20270617 52.10 54.90 0 90 0.7595 0.7161 0.003000
145.00 P 20270617 29.50 31.60 0 37 0.7599 -0.2893 0.003100
150.00 C 20270617 49.80 52.70 0 837 0.7573 0.6994 0.003100
150.00 P 20270617 32.50 34.40 1002 1255 0.7630 -0.3066 0.003200
155.00 C 20270617 48.10 50.60 1 192 0.7600 0.6828 0.003100
155.00 P 20270617 35.10 37.30 0 24 0.7613 -0.3238 0.003300
160.00 C 20270617 45.80 49.50 22 407 0.7647 0.6665 0.003200
160.00 P 20270617 38.50 40.10 1 129 0.7645 -0.3408 0.003300
165.00 C 20270617 44.60 47.00 77 97 0.7649 0.6505 0.003300
165.00 P 20270617 41.10 43.20 18 289 0.7615 -0.3575 0.003400
170.00 C 20270617 42.70 45.20 7 163 0.7633 0.6349 0.003300
170.00 P 20270617 44.30 46.40 0 1961 0.7633 -0.3740 0.003500
175.00 C 20270617 40.90 43.50 6 105 0.7630 0.6192 0.003300
175.00 P 20270617 47.40 49.70 2 119 0.7636 -0.3902 0.003500
180.00 C 20270617 40.00 41.90 9 1416 0.7698 0.6041 0.003400
180.00 P 20270617 50.80 53.00 0 325 0.7652 -0.4062 0.003600
185.00 C 20270617 37.90 40.40 1 56 0.7656 0.5892 0.003400
185.00 P 20270617 54.10 56.40 2 45 0.7656 -0.4218 0.003600
190.00 C 20270617 36.60 38.90 0 64 0.7673 0.5747 0.003400
190.00 P 20270617 57.60 59.90 0 29 0.7672 -0.4372 0.003600
195.00 C 20270617 35.30 37.70 0 7 0.7704 0.5605 0.003400
195.00 P 20270617 61.10 63.70 0 5 0.7703 -0.4522 0.003600
200.00 C 20270617 33.80 36.40 5 812 0.7699 0.5467 0.003400
200.00 P 20270617 64.70 67.20 0 18 0.7705 -0.4668 0.003700
205.00 C 20270617 32.80 35.00 0 97 0.7715 0.5334 0.003400
205.00 P 20270617 68.30 70.80 0 1 0.7706 -0.4812 0.003700
210.00 C 20270617 31.70 33.80 0 19 0.7733 0.5202 0.003400
210.00 P 20270617 72.00 74.50 0 42 0.7714 -0.4952 0.003700
215.00 C 20270617 30.50 32.70 0 115 0.7743 0.5074 0.003400
215.00 P 20270617 75.80 78.40 0 0 0.7737 -0.5090 0.003700
220.00 C 20270617 29.60 31.70 15 112 0.7777 0.4950 0.003400
220.00 P 20270617 79.60 82.10 0 3 0.7729 -0.5224 0.003700
225.00 C 20270617 28.40 30.70 1 16 0.7779 0.4829 0.003400
225.00 P 20270617 83.40 86.00 0 0 0.7734 -0.5355 0.003700
230.00 C 20270617 27.40 29.60 0 231 0.7781 0.4711 0.003400
230.00 P 20270617 87.40 90.00 0 18 0.7757 -0.5483 0.003700
235.00 C 20270617 26.60 28.80 0 3 0.7818 0.4596 0.003400
235.00 P 20270617 91.30 94.10 0 0 0.7773 -0.5607 0.003700
240.00 C 20270617 25.70 27.80 0 20 0.7823 0.4485 0.003400
240.00 P 20270617 95.20 98.10 0 0 0.7771 -0.5728 0.003700
245.00 C 20270617 24.70 27.00 0 2 0.7830 0.4376 0.003400
245.00 P 20270617 99.20 102.20 0 40 0.7779 -0.5847 0.003700
250.00 C 20270617 24.00 26.30 1 550 0.7864 0.4271 0.003400
250.00 P 20270617 103.30 106.40 0 4 0.7798 -0.5962 0.003700
255.00 C 20270617 23.20 25.40 0 5 0.7867 0.4169 0.003300
255.00 P 20270617 107.40 110.50 0 0 0.7800 -0.6075 0.003700
260.00 C 20270617 22.40 24.50 0 42 0.7864 0.4070 0.003300
260.00 P 20270617 111.50 114.70 0 0 0.7806 -0.6185 0.003700
265.00 C 20270617 21.90 23.90 0 13 0.7908 0.3973 0.003300
265.00 P 20270617 115.60 118.90 0 45 0.7805 -0.6292 0.003600
270.00 C 20270617 21.30 23.10 0 11 0.7920 0.3880 0.003200
270.00 P 20270617 119.80 125.10 0 1 0.7992 -0.6397 0.003600
275.00 C 20270617 20.50 22.60 0 9 0.7936 0.3789 0.003200
275.00 P 20270617 124.10 127.50 0 0 0.7830 -0.6498 0.003600
280.00 C 20270617 19.90 22.00 100 10 0.7957 0.3700 0.003200
280.00 P 20270617 128.30 133.70 0 5 0.8009 -0.6598 0.003600
285.00 C 20270617 19.30 21.30 0 3 0.7963 0.3614 0.003200
285.00 P 20270617 132.70 136.30 2 0 0.7860 -0.6695 0.003600
290.00 C 20270617 19.20 21.20 0 1021 0.8068 0.3530 0.003100
290.00 P 20270617 137.00 140.60 0 1 0.7856 -0.6789 0.003600
295.00 C 20270617 18.00 20.00 0 1 0.7963 0.3450 0.003100
295.00 P 20270617 141.30 145.00 0 0 0.7858 -0.6881 0.003600
300.00 C 20270617 17.70 20.10 1002 200 0.8058 0.3372 0.003100
300.00 P 20270617 145.70 151.40 0 1 0.8064 -0.6972 0.003500
305.00 C 20270617 17.00 19.50 0 0 0.8047 0.3295 0.003000
305.00 P 20270617 150.00 153.90 0 0 0.7865 -0.7060 0.003500
310.00 C 20270617 16.60 19.00 0 1 0.8070 0.3221 0.003000
310.00 P 20270617 154.50 160.40 0 0 0.8088 -0.7146 0.003500
315.00 C 20270617 16.00 17.90 0 0 0.8013 0.3149 0.003000
315.00 P 20270617 158.80 164.90 0 0 0.8082 -0.7230 0.003500
320.00 C 20270617 15.40 17.50 0 1 0.8019 0.3079 0.002900
320.00 P 20270617 163.40 167.50 0 0 0.7899 -0.7312 0.003400
325.00 C 20270617 15.00 17.60 0 11 0.8089 0.3011 0.002900
325.00 P 20270617 167.80 172.10 0 0 0.7901 -0.7392 0.003400
330.00 C 20270617 14.50 16.60 0 37 0.8039 0.2945 0.002900
330.00 P 20270617 172.40 176.60 0 0 0.7909 -0.7470 0.003400
335.00 C 20270617 14.00 16.10 0 5 0.8034 0.2880 0.002800
335.00 P 20270617 176.90 183.10 0 0 0.8129 -0.7546 0.003400
340.00 C 20270617 13.70 16.30 0 2 0.8116 0.2818 0.002800
340.00 P 20270617 181.40 187.70 0 0 0.8133 -0.7620 0.003400
345.00 C 20270617 12.70 15.90 0 22 0.8065 0.2757 0.002800
345.00 P 20270617 186.00 192.30 0 0 0.8144 -0.7694 0.003300
350.00 C 20270617 12.10 15.50 1 1485 0.8050 0.2698 0.002700
350.00 P 20270617 190.60 195.00 0 0 0.7922 -0.7766 0.003300
355.00 C 20270617 11.70 14.80 0 1 0.8022 0.2641 0.002700
355.00 P 20270617 195.20 201.60 0 0 0.8167 -0.7836 0.003300
360.00 C 20270617 12.20 14.80 0 6 0.8158 0.2585 0.002700
360.00 P 20270617 199.90 204.40 0 0 0.7952 -0.7904 0.003300
365.00 C 20270617 11.80 13.70 0 1 0.8081 0.2530 0.002600
365.00 P 20270617 204.40 209.00 0 0 0.7927 -0.7971 0.003300
370.00 C 20270617 10.70 14.10 0 3 0.8086 0.2478 0.002600
370.00 P 20270617 203.70 220.30 0 0 0.8100 -0.8036 0.003200
375.00 C 20270617 10.40 13.80 0 9 0.8100 0.2426 0.002600
375.00 P 20270617 208.40 225.00 0 0 0.8111 -0.8100 0.003200
380.00 C 20270617 10.90 13.50 50 25 0.8199 0.2376 0.002500
380.00 P 20270617 212.90 229.70 0 0 0.8091 -0.8163 0.003200
385.00 C 20270617 9.90 13.20 0 6 0.8130 0.2328 0.002500
385.00 P 20270617 217.70 234.40 0 0 0.8108 -0.8224 0.003200
390.00 C 20270617 9.90 22.00 2 31 0.8271 0.2280 0.002500
390.00 P 20270617 222.00 242.00 0 8 0.8456 -0.8284 0.003200
25.00 C 20271217 131.00 147.00 0 18 -1.0000 0.9917 0.000100
25.00 P 20271217 0.25 0.65 0 5 0.8375 -0.0066 0.000100
30.00 C 20271217 127.00 143.00 0 1 0.7040 0.9881 0.000200
30.00 P 20271217 0.50 0.95 0 12 0.8206 -0.0103 0.000200
35.00 C 20271217 122.00 138.00 0 0 -1.0000 0.9835 0.000200
35.00 P 20271217 0.45 1.30 0 3 0.7742 -0.0148 0.000200
40.00 C 20271217 121.00 134.00 0 108 0.8626 0.9780 0.000300
40.00 P 20271217 1.35 1.80 0 3 0.7987 -0.0204 0.000300
45.00 C 20271217 114.00 129.00 0 0 0.6609 0.9715 0.000400
45.00 P 20271217 1.90 2.45 2 8 0.7920 -0.0269 0.000400
50.00 C 20271217 113.00 125.30 0 3 0.8145 0.9642 0.000500
50.00 P 20271217 2.55 3.20 0 42 0.7850 -0.0344 0.000500
55.00 C 20271217 109.50 121.40 0 0 0.8156 0.9559 0.000600
55.00 P 20271217 3.30 4.00 1 14 0.7766 -0.0428 0.000600
60.00 C 20271217 103.00 118.00 0 12 0.7465 0.9469 0.000700
60.00 P 20271217 4.00 4.90 2 243 0.7649 -0.0520 0.000700
65.00 C 20271217 102.50 116.00 0 2 0.8492 0.9372 0.000800
65.00 P 20271217 5.40 6.00 1 12 0.7701 -0.0619 0.000800
70.00 C 20271217 99.00 108.00 1 63 0.7534 0.9268 0.000900
70.00 P 20271217 6.60 7.20 0 370 0.7668 -0.0726 0.001000
75.00 C 20271217 95.00 104.00 0 4 0.7307 0.9158 0.001000
75.00 P 20271217 7.80 8.90 0 752 0.7679 -0.0840 0.001100
80.00 C 20271217 92.00 101.30 0 3 0.7458 0.9044 0.001200
80.00 P 20271217 9.30 10.30 3 2049 0.7652 -0.0958 0.001200
85.00 C 20271217 89.00 98.00 0 1 0.7456 0.8925 0.001300
85.00 P 20271217 10.80 12.10 0 127 0.7650 -0.1080 0.001300
90.00 C 20271217 86.00 95.00 0 7 0.7464 0.8804 0.001400
90.00 P 20271217 12.70 13.60 14 187 0.7630 -0.1206 0.001400
95.00 C 20271217 83.00 93.00 0 4 0.7567 0.8679 0.001500
95.00 P 20271217 14.40 15.70 0 28 0.7633 -0.1335 0.001500
100.00 C 20271217 80.00 90.00 4 227 0.7512 0.8552 0.001600
100.00 P 20271217 16.00 17.40 1 104 0.7551 -0.1467 0.001600
105.00 C 20271217 78.00 87.00 0 3 0.7552 0.8424 0.001700
105.00 P 20271217 18.40 19.90 3 40 0.7630 -0.1600 0.001700
110.00 C 20271217 75.00 84.00 0 7 0.7461 0.8295 0.001800
110.00 P 20271217 20.50 22.20 0 128 0.7627 -0.1735 0.001800
115.00 C 20271217 73.00 82.00 0 11 0.7559 0.8165 0.001800
115.00 P 20271217 22.70 24.50 0 8 0.7613 -0.1871 0.001900
120.00 C 20271217 70.00 80.00 0 17 0.7535 0.8035 0.001900
120.00 P 20271217 25.10 27.00 1 477 0.7621 -0.2007 0.002000
125.00 C 20271217 68.00 78.00 0 28 0.7588 0.7905 0.002000
125.00 P 20271217 27.70 29.50 0 68 0.7629 -0.2143 0.002100
130.00 C 20271217 66.00 75.00 0 42 0.7533 0.7776 0.002100
130.00 P 20271217 30.10 31.90 200 618 0.7594 -0.2279 0.002200
135.00 C 20271217 64.00 73.00 35 459 0.7553 0.7647 0.002100
135.00 P 20271217 32.90 34.70 1 774 0.7615 -0.2415 0.002200
140.00 C 20271217 65.10 71.00 1 405 0.7821 0.7520 0.002200
140.00 P 20271217 35.70 37.70 0 527 0.7638 -0.2550 0.002300
145.00 C 20271217 63.20 67.40 1 37 0.7684 0.7393 0.002200
145.00 P 20271217 38.30 40.30 3 29 0.7598 -0.2684 0.002400
150.00 C 20271217 60.70 65.30 0 104 0.7615 0.7268 0.002300
150.00 P 20271217 41.60 43.80 101 146 0.7674 -0.2817 0.002400
155.00 C 20271217 60.00 62.00 62 69 0.7585 0.7145 0.002300
155.00 P 20271217 44.20 46.50 0 15 0.7620 -0.2948 0.002500
160.00 C 20271217 58.10 61.80 2 251 0.7692 0.7024 0.002400
160.00 P 20271217 47.40 52.10 0 192 0.7824 -0.3079 0.002600
165.00 C 20271217 56.40 59.00 7 38 0.7605 0.6904 0.002400
165.00 P 20271217 50.00 53.10 1 22 0.7624 -0.3206 0.002600
170.00 C 20271217 54.30 58.50 2 234 0.7653 0.6786 0.002500
170.00 P 20271217 51.50 56.20 0 35 0.7492 -0.3333 0.002700
175.00 C 20271217 53.40 57.10 0 50 0.7713 0.6669 0.002500
175.00 P 20271217 56.50 59.50 0 2 0.7620 -0.3460 0.002700
180.00 C 20271217 52.30 55.60 75 183 0.7742 0.6555 0.002500
180.00 P 20271217 60.30 62.90 0 3 0.7660 -0.3584 0.002800
185.00 C 20271217 48.60 54.20 0 6 0.7579 0.6444 0.002600
185.00 P 20271217 63.20 67.50 0 2 0.7713 -0.3706 0.002800
190.00 C 20271217 49.30 52.70 0 4 0.7722 0.6334 0.002600
190.00 P 20271217 66.70 69.90 0 5 0.7649 -0.3824 0.002800
195.00 C 20271217 48.10 51.50 0 3 0.7742 0.6226 0.002600
195.00 P 20271217 70.20 76.10 0 1 0.7836 -0.3944 0.002900
200.00 C 20271217 46.90 50.10 30 1837 0.7743 0.6120 0.002600
200.00 P 20271217 74.00 77.00 0 5 0.7670 -0.4060 0.002900
205.00 C 20271217 45.60 49.00 0 12 0.7751 0.6016 0.002600
205.00 P 20271217 77.30 80.70 0 1 0.7658 -0.4175 0.002900
210.00 C 20271217 42.50 47.90 24 9 0.7630 0.5914 0.002700
210.00 P 20271217 80.90 84.40 0 1 0.7664 -0.4287 0.002900
215.00 C 20271217 43.40 46.50 0 5 0.7756 0.5814 0.002700
215.00 P 20271217 84.60 88.40 0 10 0.7683 -0.4398 0.003000
220.00 C 20271217 40.30 45.50 0 71 0.7633 0.5716 0.002700
220.00 P 20271217 86.60 94.80 0 0 0.7749 -0.4508 0.003000
225.00 C 20271217 39.50 44.50 0 7 0.7660 0.5620 0.002700
225.00 P 20271217 92.70 98.60 0 0 0.7911 -0.4615 0.003000
230.00 C 20271217 40.30 43.40 0 30 0.7784 0.5526 0.002700
230.00 P 20271217 95.90 99.70 0 5 0.7686 -0.4720 0.003000
235.00 C 20271217 37.30 42.50 0 6 0.7660 0.5434 0.002700
235.00 P 20271217 99.70 103.70 0 0 0.7694 -0.4824 0.003100
240.00 C 20271217 38.40 42.50 0 10 0.7868 0.5344 0.002700
240.00 P 20271217 104.70 107.70 0 13 0.7778 -0.4926 0.003100
245.00 C 20271217 35.50 41.60 0 0 0.7742 0.5256 0.002700
245.00 P 20271217 107.60 112.00 0 0 0.7735 -0.5027 0.003100
250.00 C 20271217 34.60 40.70 0 42 0.7747 0.5170 0.002700
250.00 P 20271217 111.60 115.80 0 0 0.7728 -0.5125 0.003100
255.00 C 20271217 33.80 39.80 0 1 0.7755 0.5085 0.002700
255.00 P 20271217 116.80 119.40 0 0 0.7785 -0.5221 0.003100
260.00 C 20271217 33.80 38.20 0 73 0.7765 0.5002 0.002700
260.00 P 20271217 119.50 123.90 0 0 0.7728 -0.5317 0.003100
265.00 C 20271217 32.20 38.20 0 1 0.7772 0.4922 0.002700
265.00 P 20271217 124.30 127.60 0 0 0.7757 -0.5411 0.003100
270.00 C 20271217 31.40 37.40 0 7 0.7776 0.4842 0.002700
270.00 P 20271217 127.70 132.90 0 0 0.7795 -0.5503 0.003100
275.00 C 20271217 30.70 36.70 0 1 0.7789 0.4765 0.002700
275.00 P 20271217 131.80 136.60 0 0 0.7767 -0.5594 0.003200
280.00 C 20271217 30.70 35.20 0 1 0.7793 0.4689 0.002700
280.00 P 20271217 136.10 141.30 0 0 0.7818 -0.5683 0.003200
285.00 C 20271217 29.30 35.30 0 2 0.7807 0.4614 0.002700
285.00 P 20271217 140.20 144.90 0 0 0.7774 -0.5770 0.003200
290.00 C 20271217 28.60 34.60 0 114 0.7811 0.4542 0.002700
290.00 P 20271217 144.40 149.00 0 0 0.7770 -0.5857 0.003200
295.00 C 20271217 28.00 33.90 0 1 0.7822 0.4469 0.002700
295.00 P 20271217 148.60 153.30 0 0 0.7775 -0.5940 0.003200
300.00 C 20271217 27.40 33.30 0 75 0.7831 0.4401 0.002600
300.00 P 20271217 152.80 157.60 0 0 0.7777 -0.6023 0.003200
305.00 C 20271217 26.80 32.70 0 0 0.7841 0.4333 0.002600
305.00 P 20271217 156.90 161.90 0 0 0.7768 -0.6105 0.003200
310.00 C 20271217 26.50 31.20 0 0 0.7807 0.4266 0.002600
310.00 P 20271217 161.30 166.40 0 0 0.7793 -0.6187 0.003200
315.00 C 20271217 25.60 31.50 2 1 0.7853 0.4201 0.002600
315.00 P 20271217 165.60 170.50 0 0 0.7778 -0.6266 0.003200
320.00 C 20271217 25.10 30.90 0 87 0.7862 0.4137 0.002600
320.00 P 20271217 170.30 175.10 0 1 0.7826 -0.6345 0.003200
325.00 C 20271217 24.60 30.40 0 8 0.7875 0.4074 0.002600
325.00 P 20271217 174.20 179.80 0 0 0.7819 -0.6422 0.003200
330.00 C 20271217 24.00 29.90 0 7 0.7880 0.4013 0.002600
330.00 P 20271217 178.50 185.80 0 1 0.7937 -0.6498 0.003200
335.00 C 20271217 24.10 28.50 0 0 0.7869 0.3953 0.002600
335.00 P 20271217 182.80 188.50 0 0 0.7803 -0.6572 0.003200
340.00 C 20271217 23.00 28.80 0 0 0.7890 0.3894 0.002600
340.00 P 20271217 187.30 193.10 0 0 0.7825 -0.6645 0.003200
345.00 C 20271217 22.90 27.60 0 1 0.7874 0.3836 0.002600
345.00 P 20271217 191.60 200.20 0 0 0.8024 -0.6717 0.003200
350.00 C 20271217 22.10 27.90 0 7 0.7912 0.3780 0.002500
350.00 P 20271217 196.30 202.30 0 0 0.7863 -0.6788 0.003200
355.00 C 20271217 21.70 27.40 1 3 0.7921 0.3724 0.002500
355.00 P 20271217 200.60 206.50 0 0 0.7831 -0.6858 0.003200
360.00 C 20271217 21.20 27.00 0 1 0.7927 0.3670 0.002500
360.00 P 20271217 205.00 211.40 0 0 0.7859 -0.6927 0.003200
365.00 C 20271217 20.80 26.50 0 0 0.7932 0.3617 0.002500
365.00 P 20271217 209.50 215.90 0 0 0.7860 -0.6996 0.003200
370.00 C 20271217 20.40 26.10 0 2 0.7942 0.3565 0.002500
370.00 P 20271217 213.90 222.90 0 2 0.8057 -0.7064 0.003200
375.00 C 20271217 20.00 25.70 0 1 0.7951 0.3514 0.002500
375.00 P 20271217 218.50 224.80 0 0 0.7847 -0.7131 0.003200
380.00 C 20271217 19.60 25.30 0 5 0.7958 0.3464 0.002400
380.00 P 20271217 223.10 229.40 0 0 0.7858 -0.7196 0.003200
385.00 C 20271217 19.20 24.90 0 31 0.7964 0.3416 0.002400
385.00 P 20271217 227.90 234.00 0 0 0.7883 -0.7260 0.003200
390.00 C 20271217 12.00 30.00 0 142 0.7970 0.3366 0.002400
390.00 P 20271217 226.00 246.00 0 0 0.7968 -0.7323 0.003200
25.00 C 20280121 131.00 147.00 0 1 -1.0000 0.9921 0.000100
25.00 P 20280121 0.25 0.75 0 17 0.8250 -0.0071 0.000100
30.00 C 20280121 127.00 143.00 0 6 -1.0000 0.9883 0.000200
30.00 P 20280121 0.55 1.05 0 1 0.8087 -0.0110 0.000200
35.00 C 20280121 122.00 138.00 0 0 -1.0000 0.9835 0.000200
35.00 P 20280121 1.00 1.45 0 51 0.8001 -0.0158 0.000200
40.00 C 20280121 123.00 133.00 0 1 0.8508 0.9778 0.000300
40.00 P 20280121 1.45 2.00 0 2 0.7892 -0.0216 0.000300
45.00 C 20280121 115.00 130.00 0 9 0.7130 0.9712 0.000400
45.00 P 20280121 2.15 2.70 1 16 0.7876 -0.0284 0.000400
50.00 C 20280121 113.50 125.90 0 19 0.8003 0.9636 0.000500
50.00 P 20280121 2.90 3.30 10 8 0.7758 -0.0360 0.000500
55.00 C 20280121 110.00 122.00 0 0 0.7981 0.9553 0.000600
55.00 P 20280121 3.60 4.50 0 2 0.7751 -0.0445 0.000600
60.00 C 20280121 106.00 118.30 0 4 0.7837 0.9463 0.000700
60.00 P 20280121 4.70 5.40 0 11 0.7704 -0.0538 0.000700
65.00 C 20280121 101.00 117.00 0 1 0.7958 0.9365 0.000800
65.00 P 20280121 5.90 6.50 1 29 0.7675 -0.0638 0.000800
70.00 C 20280121 99.00 109.00 0 17 0.7323 0.9262 0.000900
70.00 P 20280121 7.10 8.00 2 36 0.7677 -0.0744 0.001000
75.00 C 20280121 96.00 105.00 5 31 0.7268 0.9154 0.001000
75.00 P 20280121 8.50 9.30 0 56 0.7636 -0.0855 0.001100
80.00 C 20280121 93.00 102.00 0 61 0.7344 0.9042 0.001100
80.00 P 20280121 10.00 11.10 0 23 0.7650 -0.0972 0.001200
85.00 C 20280121 90.00 99.00 0 2 0.7372 0.8926 0.001200
85.00 P 20280121 11.60 12.80 0 6 0.7632 -0.1092 0.001300
90.00 C 20280121 87.00 97.00 1 6 0.7496 0.8807 0.001300
90.00 P 20280121 13.30 14.60 0 15 0.7611 -0.1215 0.001400
95.00 C 20280121 84.00 93.50 0 13 0.7392 0.8686 0.001400
95.00 P 20280121 15.20 16.60 0 3 0.7615 -0.1341 0.001500
100.00 C 20280121 81.00 91.00 2 119 0.7392 0.8563 0.001500
100.00 P 20280121 17.00 18.70 0 101 0.7589 -0.1470 0.001600
105.00 C 20280121 79.00 88.10 2 4 0.7433 0.8439 0.001600
105.00 P 20280121 19.40 20.90 0 2 0.7620 -0.1600 0.001700
110.00 C 20280121 76.00 86.00 1 24 0.7429 0.8314 0.001700
110.00 P 20280121 21.10 23.10 0 40 0.7557 -0.1730 0.001800
115.00 C 20280121 74.00 84.00 0 3 0.7515 0.8189 0.001800
115.00 P 20280121 23.90 25.60 0 2 0.7619 -0.1860 0.001900
120.00 C 20280121 72.00 81.00 18 290 0.7482 0.8064 0.001800
120.00 P 20280121 26.10 28.00 0 32 0.7592 -0.1992 0.001900
125.00 C 20280121 70.00 79.00 0 56 0.7527 0.7939 0.001900
125.00 P 20280121 29.50 30.60 0 31 0.7670 -0.2125 0.002000
130.00 C 20280121 67.00 77.00 0 71 0.7466 0.7815 0.002000
130.00 P 20280121 31.20 33.10 4 1044 0.7576 -0.2257 0.002100
135.00 C 20280121 65.00 75.00 0 15 0.7481 0.7692 0.002000
135.00 P 20280121 33.70 36.00 0 1338 0.7575 -0.2387 0.002200
140.00 C 20280121 63.00 73.00 0 67 0.7482 0.7570 0.002100
140.00 P 20280121 36.30 38.90 14 94 0.7569 -0.2517 0.002200
145.00 C 20280121 65.10 69.20 0 15 0.7656 0.7448 0.002200
145.00 P 20280121 39.70 41.90 0 861 0.7622 -0.2647 0.002300
150.00 C 20280121 64.00 66.10 17 1776 0.7615 0.7329 0.002200
150.00 P 20280121 42.40 44.80 2 27 0.7600 -0.2775 0.002400
155.00 C 20280121 61.70 65.60 0 18 0.7672 0.7210 0.002200
155.00 P 20280121 45.60 47.90 0 19 0.7621 -0.2901 0.002400
160.00 C 20280121 59.90 62.50 28 610 0.7560 0.7094 0.002300
160.00 P 20280121 48.10 51.00 0 3 0.7580 -0.3027 0.002500
165.00 C 20280121 58.70 62.10 9 81 0.7687 0.6979 0.002300
165.00 P 20280121 51.70 54.30 0 2 0.7625 -0.3151 0.002500
170.00 C 20280121 56.70 60.70 0 516 0.7670 0.6866 0.002400
170.00 P 20280121 55.00 57.60 0 0 0.7638 -0.3273 0.002600
175.00 C 20280121 55.40 59.10 0 77 0.7682 0.6755 0.002400
175.00 P 20280121 58.10 60.90 0 1 0.7630 -0.3393 0.002600
180.00 C 20280121 54.30 57.80 1 155 0.7721 0.6646 0.002400
180.00 P 20280121 61.30 64.40 0 2 0.7633 -0.3512 0.002600
185.00 C 20280121 52.60 56.30 0 53 0.7697 0.6538 0.002400
185.00 P 20280121 64.80 67.90 0 2 0.7645 -0.3631 0.002700
190.00 C 20280121 51.30 54.90 1 73 0.7701 0.6432 0.002500
190.00 P 20280121 68.30 71.40 0 6 0.7658 -0.3746 0.002700
195.00 C 20280121 50.30 53.60 0 17 0.7723 0.6330 0.002500
195.00 P 20280121 70.80 74.90 0 13 0.7588 -0.3862 0.002800
200.00 C 20280121 47.80 52.50 87 348 0.7654 0.6228 0.002500
200.00 P 20280121 75.40 78.30 50 70 0.7655 -0.3973 0.002800
205.00 C 20280121 47.90 51.10 0 32 0.7735 0.6128 0.002500
205.00 P 20280121 78.90 82.20 0 1 0.7667 -0.4085 0.002800
210.00 C 20280121 46.60 50.10 0 205 0.7742 0.6030 0.002600
210.00 P 20280121 82.50 86.30 0 0 0.7696 -0.4194 0.002800
215.00 C 20280121 45.20 48.80 0 3 0.7718 0.5934 0.002600
215.00 P 20280121 86.20 89.70 0 0 0.7680 -0.4302 0.002900
220.00 C 20280121 44.50 47.70 15 23 0.7749 0.5840 0.002600
220.00 P 20280121 88.10 93.50 0 0 0.7564 -0.4408 0.002900
225.00 C 20280121 43.50 46.60 0 4 0.7755 0.5747 0.002600
225.00 P 20280121 93.70 97.30 0 0 0.7689 -0.4512 0.002900
230.00 C 20280121 42.40 45.80 0 15 0.7769 0.5657 0.002600
230.00 P 20280121 97.40 101.20 0 0 0.7694 -0.4614 0.002900
235.00 C 20280121 41.60 44.60 0 4 0.7773 0.5568 0.002600
235.00 P 20280121 101.30 105.10 0 1 0.7698 -0.4716 0.003000
240.00 C 20280121 40.50 43.70 0 207 0.7772 0.5481 0.002600
240.00 P 20280121 105.10 108.90 0 51 0.7689 -0.4815 0.003000
245.00 C 20280121 39.50 42.70 0 1 0.7768 0.5396 0.002600
245.00 P 20280121 108.80 113.10 0 1 0.7694 -0.4912 0.003000
250.00 C 20280121 38.60 40.90 5 136 0.7714 0.5312 0.002600
250.00 P 20280121 112.90 117.20 0 76 0.7717 -0.5008 0.003000
255.00 C 20280121 36.80 41.10 0 2 0.7728 0.5231 0.002600
255.00 P 20280121 116.80 121.20 0 1 0.7713 -0.5103 0.003000
260.00 C 20280121 36.30 40.30 0 8 0.7758 0.5151 0.002600
260.00 P 20280121 120.80 125.30 0 0 0.7719 -0.5196 0.003000
265.00 C 20280121 35.60 39.50 0 0 0.7772 0.5072 0.002600
265.00 P 20280121 125.00 130.30 0 1 0.7794 -0.5288 0.003100
270.00 C 20280121 34.30 38.60 1 1 0.7737 0.4995 0.002600
270.00 P 20280121 128.80 133.40 0 2 0.7713 -0.5377 0.003100
275.00 C 20280121 33.50 38.00 0 2 0.7750 0.4920 0.002600
275.00 P 20280121 133.10 138.00 0 0 0.7761 -0.5466 0.003100
280.00 C 20280121 34.10 37.20 0 2 0.7839 0.4846 0.002600
280.00 P 20280121 137.20 141.50 0 0 0.7719 -0.5554 0.003100
285.00 C 20280121 32.80 39.00 0 1 0.7872 0.4774 0.002600
285.00 P 20280121 141.40 146.30 0 0 0.7766 -0.5640 0.003100
290.00 C 20280121 31.60 35.80 0 15 0.7780 0.4703 0.002600
290.00 P 20280121 145.40 150.60 0 0 0.7764 -0.5724 0.003100
295.00 C 20280121 30.90 36.20 0 6 0.7854 0.4634 0.002600
295.00 P 20280121 149.60 155.30 0 1 0.7799 -0.5807 0.003100
300.00 C 20280121 29.90 35.50 0 324 0.7834 0.4566 0.002600
300.00 P 20280121 153.80 159.60 0 67 0.7804 -0.5889 0.003100
305.00 C 20280121 29.90 34.90 0 1 0.7884 0.4500 0.002600
305.00 P 20280121 158.10 163.10 0 0 0.7756 -0.5970 0.003100
310.00 C 20280121 28.10 33.80 0 0 0.7905 0.4434 0.002600
310.00 P 20280121 162.30 167.90 0 3 0.7788 -0.6049 0.003100
315.00 C 20280121 26.30 33.70 0 0 0.7917 0.4370 0.002600
315.00 P 20280121 166.90 172.60 0 24 0.7841 -0.6128 0.003200
320.00 C 20280121 27.40 35.00 0 79 0.7956 0.4307 0.002600
320.00 P 20280121 170.90 176.30 0 4 0.7776 -0.6205 0.003200
325.00 C 20280121 26.70 31.50 0 5 0.7784 0.4246 0.002500
325.00 P 20280121 175.20 180.70 0 0 0.7779 -0.6281 0.003200
330.00 C 20280121 26.20 32.00 0 17 0.7862 0.4186 0.002500
330.00 P 20280121 179.60 185.10 0 0 0.7786 -0.6356 0.003200
335.00 C 20280121 25.60 31.50 0 0 0.7972 0.4128 0.002500
335.00 P 20280121 183.90 189.10 0 0 0.7754 -0.6430 0.003200
340.00 C 20280121 24.90 31.00 0 2 0.7861 0.4070 0.002500
340.00 P 20280121 188.30 194.10 0 1 0.7800 -0.6503 0.003200
345.00 C 20280121 24.30 30.50 0 0 0.7861 0.4013 0.002500
345.00 P 20280121 192.70 201.10 0 1 0.7993 -0.6575 0.003200
350.00 C 20280121 24.30 30.00 30 887 0.7899 0.3958 0.002500
350.00 P 20280121 197.10 205.50 0 2 0.7990 -0.6645 0.003200
355.00 C 20280121 23.40 29.60 0 15 0.7882 0.3903 0.002500
355.00 P 20280121 201.90 207.70 0 0 0.7850 -0.6714 0.003200
360.00 C 20280121 23.00 29.10 0 0 0.7890 0.3850 0.002500
360.00 P 20280121 206.30 212.20 0 0 0.7850 -0.6783 0.003200
365.00 C 20280121 23.30 28.70 0 0 0.7950 0.3798 0.002400
365.00 P 20280121 210.70 216.80 0 0 0.7855 -0.6850 0.003200
370.00 C 20280121 22.10 28.20 0 7 0.7900 0.3746 0.002400
370.00 P 20280121 215.20 221.60 0 0 0.7880 -0.6917 0.003200
375.00 C 20280121 20.60 26.90 0 0 0.7938 0.3696 0.002400
375.00 P 20280121 219.70 225.80 0 0 0.7859 -0.6984 0.003200
380.00 C 20280121 21.30 27.20 0 8 0.7905 0.3647 0.002400
380.00 P 20280121 224.20 230.60 0 0 0.7879 -0.7050 0.003200
385.00 C 20280121 20.90 26.00 1 6 0.7856 0.3598 0.002400
385.00 P 20280121 228.70 235.20 0 0 0.7884 -0.7115 0.003200
390.00 C 20280121 17.00 34.00 2 92 0.7931 0.3551 0.002400
390.00 P 20280121 228.00 248.00 0 0 0.7925 -0.7178 0.003200
25.00 C 20280616 131.00 147.00 0 0 -1.0000 0.9860 0.000200
25.00 P 20280616 0.15 1.15 0 3 0.7665 -0.0098 0.000100
30.00 C 20280616 127.00 143.00 0 0 0.6095 0.9809 0.000200
30.00 P 20280616 0.65 1.65 0 1 0.7708 -0.0146 0.000200
35.00 C 20280616 126.50 137.70 0 1 0.7905 0.9750 0.000300
35.00 P 20280616 1.50 2.00 1 3 0.7681 -0.0204 0.000300
40.00 C 20280616 120.00 133.90 0 6 0.6794 0.9683 0.000400
40.00 P 20280616 2.25 3.10 0 0 0.7796 -0.0270 0.000400
45.00 C 20280616 116.00 131.00 0 3 0.7173 0.9608 0.000400
45.00 P 20280616 3.20 3.90 0 2 0.7746 -0.0344 0.000400
50.00 C 20280616 112.00 126.70 0 0 0.6931 0.9528 0.000500
50.00 P 20280616 4.20 5.10 0 94 0.7751 -0.0426 0.000500
55.00 C 20280616 111.90 123.70 0 10 0.7895 0.9442 0.000600
55.00 P 20280616 5.40 6.30 0 13 0.7736 -0.0513 0.000600
60.00 C 20280616 108.00 120.10 0 6 0.7693 0.9351 0.000700
60.00 P 20280616 6.60 7.60 3 17 0.7691 -0.0606 0.000700
65.00 C 20280616 102.00 118.00 0 20 0.7383 0.9256 0.000800
65.00 P 20280616 8.10 8.90 11 12 0.7662 -0.0704 0.000800
70.00 C 20280616 101.00 115.70 0 1 0.7840 0.9157 0.000900
70.00 P 20280616 9.50 10.70 0 11 0.7659 -0.0806 0.000900
75.00 C 20280616 99.00 109.00 0 6 0.7422 0.9056 0.001000
75.00 P 20280616 11.10 12.40 2 1 0.7637 -0.0911 0.001000
80.00 C 20280616 96.00 106.00 0 11 0.7390 0.8952 0.001000
80.00 P 20280616 12.60 14.40 0 20 0.7614 -0.1019 0.001100
85.00 C 20280616 94.00 103.00 0 5 0.7458 0.8847 0.001100
85.00 P 20280616 14.80 16.30 0 3 0.7639 -0.1129 0.001200
90.00 C 20280616 91.00 100.50 0 1 0.7436 0.8740 0.001200
90.00 P 20280616 16.70 18.50 0 25 0.7636 -0.1241 0.001200
95.00 C 20280616 89.00 98.00 0 2 0.7502 0.8633 0.001300
95.00 P 20280616 18.90 20.80 0 2 0.7654 -0.1354 0.001300
100.00 C 20280616 86.00 96.00 0 64 0.7491 0.8525 0.001300
100.00 P 20280616 20.90 22.90 0 6 0.7611 -0.1468 0.001400
105.00 C 20280616 84.00 93.00 0 3 0.7464 0.8416 0.001400
105.00 P 20280616 23.50 25.40 0 11 0.7649 -0.1583 0.001500
110.00 C 20280616 82.00 91.00 10 31 0.7514 0.8308 0.001500
110.00 P 20280616 25.40 27.80 0 2 0.7590 -0.1700 0.001600
115.00 C 20280616 80.60 89.00 0 2 0.7600 0.8200 0.001500
115.00 P 20280616 27.90 30.40 0 14 0.7594 -0.1815 0.001600
120.00 C 20280616 77.00 87.00 0 11 0.7479 0.8093 0.001600
120.00 P 20280616 30.90 33.00 0 74 0.7626 -0.1930 0.001700
125.00 C 20280616 75.00 85.00 0 10 0.7485 0.7986 0.001600
125.00 P 20280616 33.00 35.70 0 6 0.7579 -0.2045 0.001800
130.00 C 20280616 74.00 83.00 0 44 0.7558 0.7880 0.001700
130.00 P 20280616 36.50 38.10 1 10 0.7608 -0.2159 0.001800
135.00 C 20280616 72.00 81.00 0 7 0.7540 0.7775 0.001700
135.00 P 20280616 38.90 41.30 0 201 0.7602 -0.2272 0.001900
140.00 C 20280616 70.00 80.00 0 28 0.7588 0.7671 0.001800
140.00 P 20280616 41.40 44.20 0 10 0.7572 -0.2385 0.001900
145.00 C 20280616 68.00 78.00 0 3 0.7552 0.7569 0.001800
145.00 P 20280616 44.80 47.30 0 3 0.7612 -0.2497 0.002000
150.00 C 20280616 69.60 74.40 2 46 0.7652 0.7467 0.001900
150.00 P 20280616 47.90 50.00 0 956 0.7592 -0.2608 0.002000
155.00 C 20280616 68.60 72.90 1 17 0.7705 0.7367 0.001900
155.00 P 20280616 50.90 53.40 34 2 0.7607 -0.2717 0.002100
160.00 C 20280616 66.90 70.80 3 18 0.7658 0.7268 0.001900
160.00 P 20280616 53.60 56.60 0 1 0.7581 -0.2825 0.002100
165.00 C 20280616 65.60 68.60 203 32 0.7628 0.7171 0.002000
165.00 P 20280616 57.20 59.90 0 2 0.7610 -0.2934 0.002200
170.00 C 20280616 64.40 67.30 715 352 0.7658 0.7075 0.002000
170.00 P 20280616 59.50 63.70 200 2851 0.7582 -0.3040 0.002200
175.00 C 20280616 62.80 67.00 0 16 0.7721 0.6981 0.002000
175.00 P 20280616 63.70 66.80 0 2 0.7624 -0.3146 0.002300
180.00 C 20280616 61.80 65.60 0 11 0.7744 0.6888 0.002100
180.00 P 20280616 67.10 70.40 0 0 0.7641 -0.3250 0.002300
185.00 C 20280616 57.30 64.20 0 6 0.7533 0.6797 0.002100
185.00 P 20280616 70.20 74.90 0 0 0.7688 -0.3352 0.002300
190.00 C 20280616 58.90 63.00 0 38 0.7724 0.6707 0.002100
190.00 P 20280616 73.80 77.20 0 0 0.7623 -0.3454 0.002400
195.00 C 20280616 55.20 61.70 0 28 0.7568 0.6618 0.002100
195.00 P 20280616 77.50 80.70 0 1 0.7634 -0.3554 0.002400
200.00 C 20280616 54.00 60.60 5 7557 0.7581 0.6530 0.002200
200.00 P 20280616 79.60 87.00 500 2900 0.7713 -0.3653 0.002400
205.00 C 20280616 52.90 59.30 0 32 0.7580 0.6445 0.002200
205.00 P 20280616 84.60 88.20 0 5 0.7652 -0.3751 0.002500
210.00 C 20280616 54.20 58.20 0 22 0.7733 0.6360 0.002200
210.00 P 20280616 88.20 91.90 0 0 0.7654 -0.3848 0.002500
215.00 C 20280616 50.30 57.30 0 79 0.7578 0.6278 0.002200
215.00 P 20280616 91.90 95.70 0 0 0.7665 -0.3942 0.002500
220.00 C 20280616 51.80 56.20 0 27 0.7732 0.6196 0.002200
220.00 P 20280616 95.60 99.70 0 0 0.7682 -0.4036 0.002600
225.00 C 20280616 48.30 55.00 0 33 0.7578 0.6117 0.002200
225.00 P 20280616 99.00 103.30 0 0 0.7649 -0.4130 0.002600
230.00 C 20280616 47.30 54.20 0 134 0.7593 0.6038 0.002200
230.00 P 20280616 103.00 107.30 0 0 0.7678 -0.4220 0.002600
235.00 C 20280616 49.30 53.10 0 14 0.7760 0.5962 0.002200
235.00 P 20280616 106.80 111.10 0 0 0.7676 -0.4311 0.002600
240.00 C 20280616 48.40 52.30 0 17 0.7774 0.5886 0.002200
240.00 P 20280616 110.60 115.00 0 1 0.7673 -0.4401 0.002700
245.00 C 20280616 47.70 52.40 0 16 0.7849 0.5812 0.002300
245.00 P 20280616 114.50 119.00 0 0 0.7681 -0.4489 0.002700
250.00 C 20280616 46.60 50.40 0 23 0.7774 0.5739 0.002300
250.00 P 20280616 118.40 123.00 0 0 0.7685 -0.4576 0.002700
255.00 C 20280616 43.00 49.60 0 9 0.7622 0.5667 0.002300
255.00 P 20280616 122.30 126.90 0 98 0.7684 -0.4661 0.002700
260.00 C 20280616 45.00 49.90 0 22 0.7856 0.5596 0.002300
260.00 P 20280616 126.10 131.00 0 0 0.7682 -0.4746 0.002800
265.00 C 20280616 44.10 49.10 0 0 0.7855 0.5527 0.002300
265.00 P 20280616 130.20 135.10 0 0 0.7691 -0.4830 0.002800
270.00 C 20280616 41.20 48.30 0 3 0.7736 0.5459 0.002300
270.00 P 20280616 131.80 139.10 0 0 0.7546 -0.4912 0.002800
275.00 C 20280616 42.40 47.50 0 1 0.7851 0.5392 0.002300
275.00 P 20280616 138.10 143.10 0 0 0.7677 -0.4994 0.002800
280.00 C 20280616 39.20 46.80 0 4 0.7717 0.5327 0.002300
280.00 P 20280616 142.20 147.30 0 0 0.7686 -0.5074 0.002800
285.00 C 20280616 38.50 46.10 0 1 0.7724 0.5262 0.002300
285.00 P 20280616 146.20 151.10 0 0 0.7666 -0.5154 0.002800
290.00 C 20280616 37.80 45.40 0 0 0.7729 0.5199 0.002300
290.00 P 20280616 150.40 155.30 0 0 0.7671 -0.5233 0.002800
295.00 C 20280616 37.20 44.70 0 1 0.7737 0.5137 0.002300
295.00 P 20280616 154.40 159.80 0 0 0.7684 -0.5310 0.002900
300.00 C 20280616 36.50 44.10 0 13 0.7743 0.5076 0.002300
300.00 P 20280616 158.70 163.60 0 0 0.7669 -0.5386 0.002900
305.00 C 20280616 35.90 43.50 0 0 0.7754 0.5016 0.002300
305.00 P 20280616 162.70 168.30 0 0 0.7689 -0.5462 0.002900
310.00 C 20280616 35.50 42.80 0 0 0.7768 0.4956 0.002300
310.00 P 20280616 167.00 172.70 0 0 0.7705 -0.5537 0.002900
315.00 C 20280616 34.70 42.30 0 0 0.7768 0.4899 0.002300
315.00 P 20280616 171.10 177.10 0 0 0.7712 -0.5610 0.002900
320.00 C 20280616 34.20 41.60 2 8 0.7773 0.4842 0.002300
320.00 P 20280616 175.40 181.10 0 0 0.7696 -0.5684 0.002900
325.00 C 20280616 33.60 41.10 1 0 0.7781 0.4786 0.002300
325.00 P 20280616 179.70 185.40 0 0 0.7700 -0.5755 0.003000
330.00 C 20280616 33.00 40.50 0 0 0.7782 0.4731 0.002300
330.00 P 20280616 183.90 189.80 0 0 0.7702 -0.5826 0.003000
335.00 C 20280616 32.50 40.00 0 0 0.7794 0.4677 0.002300
335.00 P 20280616 188.30 194.10 0 0 0.7707 -0.5897 0.003000
340.00 C 20280616 31.90 39.40 0 10 0.7792 0.4623 0.002300
340.00 P 20280616 192.60 198.70 0 0 0.7723 -0.5967 0.003000
345.00 C 20280616 31.50 37.90 0 0 0.7748 0.4571 0.002300
345.00 P 20280616 196.90 203.00 0 0 0.7717 -0.6036 0.003000
350.00 C 20280616 31.00 38.40 0 32 0.7812 0.4520 0.002300
350.00 P 20280616 201.30 207.50 0 5 0.7729 -0.6105 0.003000
355.00 C 20280616 30.50 37.90 0 1 0.7817 0.4469 0.002300
355.00 P 20280616 205.60 211.90 0 0 0.7725 -0.6172 0.003000
360.00 C 20280616 30.50 36.50 0 4 0.7798 0.4420 0.002300
360.00 P 20280616 210.00 216.20 0 0 0.7720 -0.6238 0.003000
365.00 C 20280616 30.60 35.90 0 3 0.7829 0.4371 0.002300
365.00 P 20280616 214.40 220.80 0 0 0.7732 -0.6304 0.003100
370.00 C 20280616 29.10 36.50 0 0 0.7836 0.4323 0.002200
370.00 P 20280616 218.80 226.60 0 0 0.7821 -0.6368 0.003100
375.00 C 20280616 28.70 35.00 0 52 0.7784 0.4275 0.002200
375.00 P 20280616 223.20 229.80 0 0 0.7737 -0.6432 0.003100
380.00 C 20280616 28.20 35.60 0 0 0.7846 0.4229 0.002200
380.00 P 20280616 227.60 234.50 0 0 0.7750 -0.6496 0.003100
385.00 C 20280616 27.80 35.20 0 6 0.7856 0.4183 0.002200
385.00 P 20280616 232.10 240.10 0 0 0.7829 -0.6560 0.003100
390.00 C 20280616 22.00 42.00 0 3 0.7770 0.4138 0.002200
390.00 P 20280616 230.00 250.00 0 0 0.7853 -0.6622 0.003100
25.00 C 20281215 135.00 144.00 1 6 -1.0000 0.9828 0.000200
25.00 P 20281215 1.00 1.50 33 389 0.7739 -0.0122 0.000200
30.00 C 20281215 128.00 144.00 0 4 0.6556 0.9769 0.000200
30.00 P 20281215 0.70 2.15 5 83 0.7194 -0.0177 0.000200
35.00 C 20281215 125.00 139.30 0 5 0.6718 0.9704 0.000300
35.00 P 20281215 2.40 3.00 0 9 0.7640 -0.0241 0.000300
40.00 C 20281215 121.40 136.00 0 45 0.6977 0.9633 0.000400
40.00 P 20281215 1.00 8.60 0 27 0.6881 -0.0311 0.000400
45.00 C 20281215 118.50 133.00 0 2 0.7314 0.9556 0.000400
45.00 P 20281215 4.40 5.20 24 38 0.7618 -0.0388 0.000400
50.00 C 20281215 120.00 125.90 40 108 0.7541 0.9476 0.000500
50.00 P 20281215 5.70 6.50 0 249 0.7591 -0.0470 0.000500
55.00 C 20281215 112.00 127.00 0 17 0.7419 0.9392 0.000600
55.00 P 20281215 7.20 7.90 11 120 0.7591 -0.0556 0.000600
60.00 C 20281215 109.50 123.90 0 87 0.7494 0.9304 0.000600
60.00 P 20281215 8.70 9.80 0 561 0.7629 -0.0646 0.000700
65.00 C 20281215 106.00 121.00 0 47 0.7401 0.9215 0.000700
65.00 P 20281215 10.40 11.00 0 54 0.7550 -0.0740 0.000800
70.00 C 20281215 108.20 115.70 37 187 0.7734 0.9124 0.000800
70.00 P 20281215 12.20 13.30 13 731 0.7611 -0.0835 0.000800
75.00 C 20281215 101.00 117.00 0 41 0.7643 0.9031 0.000900
75.00 P 20281215 14.10 15.30 3 124 0.7611 -0.0932 0.000900
80.00 C 20281215 101.00 110.00 0 30 0.7415 0.8938 0.000900
80.00 P 20281215 16.00 17.60 0 67 0.7620 -0.1031 0.001000
85.00 C 20281215 98.00 108.00 0 20 0.7410 0.8844 0.001000
85.00 P 20281215 18.10 19.50 0 22 0.7583 -0.1132 0.001000
90.00 C 20281215 96.00 106.00 0 10 0.7488 0.8749 0.001000
90.00 P 20281215 20.40 21.80 0 17 0.7595 -0.1232 0.001100
95.00 C 20281215 94.00 103.60 1 3 0.7503 0.8655 0.001100
95.00 P 20281215 22.70 24.20 0 10 0.7594 -0.1334 0.001200
100.00 C 20281215 93.00 101.00 1 142 0.7574 0.8561 0.001200
100.00 P 20281215 25.40 26.40 15 106 0.7599 -0.1434 0.001200
105.00 C 20281215 90.00 99.00 0 17 0.7502 0.8467 0.001200
105.00 P 20281215 27.50 29.30 0 5 0.7594 -0.1536 0.001300
110.00 C 20281215 88.00 97.00 0 64 0.7508 0.8374 0.001200
110.00 P 20281215 30.10 32.10 0 34 0.7610 -0.1637 0.001400
115.00 C 20281215 86.00 95.10 0 5 0.7510 0.8282 0.001300
115.00 P 20281215 32.90 34.60 0 2 0.7608 -0.1737 0.001400
120.00 C 20281215 84.00 94.00 0 142 0.7564 0.8190 0.001400
120.00 P 20281215 35.60 37.50 12 58 0.7615 -0.1838 0.001500
125.00 C 20281215 82.00 92.00 0 95 0.7537 0.8099 0.001400
125.00 P 20281215 38.50 40.10 0 185 0.7604 -0.1938 0.001500
130.00 C 20281215 82.90 90.00 2 342 0.7715 0.8010 0.001400
130.00 P 20281215 41.20 43.20 6 45 0.7605 -0.2038 0.001600
135.00 C 20281215 79.00 88.50 0 130 0.7568 0.7921 0.001500
135.00 P 20281215 44.10 46.10 0 214 0.7600 -0.2136 0.001600
140.00 C 20281215 80.00 87.00 2 145 0.7764 0.7833 0.001500
140.00 P 20281215 46.40 49.00 8 102 0.7542 -0.2235 0.001700
145.00 C 20281215 76.00 85.00 0 199 0.7567 0.7747 0.001500
145.00 P 20281215 50.20 52.30 0 199 0.7610 -0.2331 0.001700
150.00 C 20281215 75.50 82.60 15 787 0.7580 0.7661 0.001600
150.00 P 20281215 53.20 55.50 11 967 0.7607 -0.2427 0.001800
155.00 C 20281215 74.90 82.50 0 87 0.7901 0.7577 0.001600
155.00 P 20281215 56.00 58.80 0 66 0.7591 -0.2522 0.001800
160.00 C 20281215 71.00 80.70 6 88 0.7547 0.7494 0.001600
160.00 P 20281215 60.00 62.10 22 918 0.7644 -0.2616 0.001900
165.00 C 20281215 72.80 76.50 30 56 0.7574 0.7412 0.001700
165.00 P 20281215 62.90 65.40 11 54 0.7622 -0.2710 0.001900
170.00 C 20281215 71.90 75.50 0 70 0.7625 0.7332 0.001700
170.00 P 20281215 65.60 68.80 2 76 0.7587 -0.2804 0.001900
175.00 C 20281215 70.60 75.40 0 28 0.7701 0.7252 0.001700
175.00 P 20281215 69.40 72.20 4 288 0.7613 -0.2896 0.002000
180.00 C 20281215 66.10 74.30 25 78 0.7518 0.7174 0.001700
180.00 P 20281215 72.70 75.80 0 20 0.7619 -0.2986 0.002000
185.00 C 20281215 68.20 73.50 5 127 0.7744 0.7097 0.001800
185.00 P 20281215 76.10 79.70 0 2 0.7642 -0.3075 0.002000
190.00 C 20281215 67.30 71.90 1 20 0.7738 0.7021 0.001800
190.00 P 20281215 79.30 82.90 0 3 0.7607 -0.3164 0.002100
195.00 C 20281215 63.90 70.80 0 7 0.7612 0.6947 0.001800
195.00 P 20281215 83.00 86.50 0 3 0.7620 -0.3252 0.002100
200.00 C 20281215 65.20 67.00 3 478 0.7600 0.6873 0.001800
200.00 P 20281215 86.80 90.10 0 31 0.7634 -0.3338 0.002200
205.00 C 20281215 63.90 68.60 0 8 0.7744 0.6801 0.001800
205.00 P 20281215 90.00 94.20 0 0 0.7639 -0.3424 0.002200
210.00 C 20281215 63.00 67.50 0 9 0.7752 0.6730 0.001800
210.00 P 20281215 93.70 97.70 0 0 0.7632 -0.3510 0.002200
215.00 C 20281215 61.80 66.40 0 2 0.7741 0.6660 0.001900
215.00 P 20281215 97.40 101.50 0 22 0.7641 -0.3593 0.002200
220.00 C 20281215 60.80 65.40 0 16 0.7743 0.6591 0.001900
220.00 P 20281215 101.50 105.00 1 22 0.7648 -0.3677 0.002300
225.00 C 20281215 60.00 64.40 0 3 0.7754 0.6523 0.001900
225.00 P 20281215 104.70 109.00 0 1 0.7632 -0.3759 0.002300
230.00 C 20281215 56.90 63.50 0 48 0.7641 0.6457 0.001900
230.00 P 20281215 108.50 112.90 0 0 0.7640 -0.3840 0.002300
235.00 C 20281215 58.00 62.50 0 6 0.7750 0.6391 0.001900
235.00 P 20281215 112.20 116.60 0 0 0.7629 -0.3920 0.002400
240.00 C 20281215 56.40 61.60 5 234 0.7714 0.6327 0.001900
240.00 P 20281215 116.00 120.60 0 0 0.7636 -0.3999 0.002400
245.00 C 20281215 56.40 62.10 0 4 0.7838 0.6263 0.001900
245.00 P 20281215 119.80 124.70 0 0 0.7645 -0.4078 0.002400
250.00 C 20281215 55.60 59.90 28 173 0.7771 0.6201 0.002000
250.00 P 20281215 124.40 128.50 0 0 0.7678 -0.4156 0.002400
255.00 C 20281215 52.00 59.10 0 38 0.7625 0.6140 0.002000
255.00 P 20281215 127.50 132.50 0 36 0.7639 -0.4233 0.002400
260.00 C 20281215 53.70 58.40 0 5 0.7767 0.6080 0.002000
260.00 P 20281215 131.20 136.60 0 1 0.7637 -0.4307 0.002500
265.00 C 20281215 50.00 58.90 0 4 0.7685 0.6020 0.002000
265.00 P 20281215 135.30 140.70 0 24 0.7650 -0.4382 0.002500
270.00 C 20281215 52.20 56.80 0 2 0.7774 0.5962 0.002000
270.00 P 20281215 139.60 144.70 0 1 0.7665 -0.4458 0.002500
275.00 C 20281215 49.00 57.40 0 0 0.7720 0.5904 0.002000
275.00 P 20281215 143.30 148.80 0 0 0.7652 -0.4532 0.002500
280.00 C 20281215 48.70 55.80 1 7 0.7700 0.5848 0.002000
280.00 P 20281215 147.30 153.00 0 1 0.7659 -0.4605 0.002600
285.00 C 20281215 48.50 54.60 0 6 0.7705 0.5792 0.002000
285.00 P 20281215 151.30 157.20 0 1 0.7663 -0.4677 0.002600
290.00 C 20281215 46.50 55.30 5 248 0.7714 0.5737 0.002000
290.00 P 20281215 155.30 161.40 0 22 0.7665 -0.4748 0.002600
295.00 C 20281215 48.60 54.60 0 0 0.7859 0.5683 0.002000
295.00 P 20281215 159.40 165.70 0 0 0.7678 -0.4817 0.002600
300.00 C 20281215 47.90 53.10 28 270 0.7818 0.5630 0.002000
300.00 P 20281215 164.00 169.20 0 1 0.7667 -0.4888 0.002600
305.00 C 20281215 45.00 53.30 0 1 0.7751 0.5576 0.002000
305.00 P 20281215 167.50 174.20 0 0 0.7678 -0.4958 0.002700
310.00 C 20281215 44.00 52.70 0 0 0.7738 0.5525 0.002000
310.00 P 20281215 171.50 178.50 0 0 0.7677 -0.5027 0.002700
315.00 C 20281215 45.60 51.30 2 2 0.7815 0.5474 0.002000
315.00 P 20281215 175.70 182.80 0 1 0.7684 -0.5095 0.002700
320.00 C 20281215 44.90 50.10 0 59 0.7783 0.5424 0.002000
320.00 P 20281215 179.80 187.00 0 0 0.7679 -0.5162 0.002700
325.00 C 20281215 42.30 50.00 0 6 0.7710 0.5375 0.002000
325.00 P 20281215 184.10 191.40 0 0 0.7693 -0.5229 0.002700
330.00 C 20281215 42.00 50.30 0 12 0.7772 0.5326 0.002000
330.00 P 20281215 188.30 195.70 0 0 0.7694 -0.5294 0.002800
335.00 C 20281215 42.20 48.60 0 0 0.7757 0.5278 0.002000
335.00 P 20281215 192.50 200.30 0 0 0.7710 -0.5359 0.002800
340.00 C 20281215 41.60 48.00 0 12 0.7756 0.5231 0.002000
340.00 P 20281215 196.70 203.90 0 0 0.7669 -0.5424 0.002800
345.00 C 20281215 40.20 48.70 0 328 0.7779 0.5185 0.002000
345.00 P 20281215 200.90 208.10 0 0 0.7662 -0.5488 0.002800
350.00 C 20281215 42.70 47.80 23 146 0.7918 0.5139 0.002000
350.00 P 20281215 205.30 214.70 0 3 0.7794 -0.5552 0.002800
355.00 C 20281215 39.10 47.70 0 1 0.7786 0.5094 0.002000
355.00 P 20281215 209.60 217.90 0 0 0.7729 -0.5617 0.002800
360.00 C 20281215 38.50 47.20 0 14 0.7786 0.5050 0.002000
360.00 P 20281215 214.00 224.10 0 0 0.7836 -0.5679 0.002900
365.00 C 20281215 38.10 46.70 0 0 0.7794 0.5006 0.002000
365.00 P 20281215 218.40 226.70 0 0 0.7743 -0.5740 0.002900
370.00 C 20281215 39.10 44.90 0 1 0.7806 0.4963 0.002000
370.00 P 20281215 222.80 231.20 0 0 0.7753 -0.5801 0.002900
375.00 C 20281215 37.20 45.70 0 1 0.7803 0.4921 0.002000
375.00 P 20281215 227.20 235.50 0 1 0.7750 -0.5862 0.002900
380.00 C 20281215 38.20 43.80 6 102 0.7808 0.4879 0.002000
380.00 P 20281215 231.60 239.90 0 0 0.7751 -0.5923 0.002900
385.00 C 20281215 39.70 42.90 6 108 0.7889 0.4838 0.002000
385.00 P 20281215 236.00 243.20 0 15 0.7687 -0.5984 0.002900
390.00 C 20281215 39.60 43.00 37 467 0.7938 0.4797 0.002000
390.00 P 20281215 236.00 256.00 0 146 0.7897 -0.6044 0.003000
